Workbook

Sheet TOTAL
A1: Site Name | B1: Day | C1: Month | D1: Year | E1: Total Electricity Kwh | F1: Electricity Tariff ($/Kwh) | G1: Natual Gas (m3) | H1: Natural Gas $/m3 | I1: Water Utility Supply (m3) m3 | J1: Water Utility Supply (m3) $/m3 | K1: Room Nights | L1: Total Guests
A2: Hampshire | B2: 1 | C2: 9 | D2: 2019 | E2: =(Submetering!E2+Submetering!F2) -> 10920 | F2: 0.142 | G2: =Submetering!M2 -> 1164 | H2: 0.21 | I2: =Submetering!N2 -> 229 | J2: 2.06 | K2: ='Hampshire Daily'!B5 -> 66 | L2: =Submetering!Y2 -> 170
A3: Hampshire | B3: =B2+1 -> 2 | C3: 9 | D3: 2019 | E3: =Submetering!E3+Submetering!F3 -> 10840 | F3: 0.142 | G3: =Submetering!M3 -> 1188 | H3: 0.21 | I3: =Submetering!N3 -> 216 | J3: 2.06 | K3: ='Hampshire Daily'!B6 -> 51 | L3: =Submetering!Y3 -> 124
A4: Hampshire | B4: =B3+1 -> 3 | C4: 9 | D4: 2019 | E4: =Submetering!E4+Submetering!F4 -> 10560 | F4: 0.142 | G4: =Submetering!M4 -> 1006 | H4: 0.21 | I4: =Submetering!N4 -> 201 | J4: 2.06 | K4: ='Hampshire Daily'!B7 -> 88 | L4: =Submetering!Y4 -> 125
A5: Hampshire | B5: =B4+1 -> 4 | C5: 9 | D5: 2019 | E5: =Submetering!E5+Submetering!F5 -> 11360 | F5: 0.142 | G5: =Submetering!M5 -> 1084 | H5: 0.21 | I5: =Submetering!N5 -> 147 | J5: 2.06 | K5: ='Hampshire Daily'!B8 -> 86 | L5: =Submetering!Y5 -> 117
A6: Hampshire | B6: =B5+1 -> 5 | C6: 9 | D6: 2019 | E6: =Submetering!E6+Submetering!F6 -> 11110 | F6: 0.142 | G6: =Submetering!M6 -> 1198 | H6: 0.21 | I6: =Submetering!N6 -> 195 | J6: 2.06 | K6: ='Hampshire Daily'!B9 -> 50 | L6: =Submetering!Y6 -> 95
A7: Hampshire | B7: =B6+1 -> 6 | C7: 9 | D7: 2019 | E7: =Submetering!E7+Submetering!F7 -> 10550 | F7: 0.142 | G7: =Submetering!M7 -> 1229 | H7: 0.21 | I7: =Submetering!N7 -> 184 | J7: 2.06 | K7: ='Hampshire Daily'!B10 -> 103 | L7: =Submetering!Y7 -> 212
A8: Hampshire | B8: =B7+1 -> 7 | C8: 9 | D8: 2019 | E8: =Submetering!E8+Submetering!F8 -> 10530 | F8: 0.142 | G8: =Submetering!M8 -> 1413 | H8: 0.21 | I8: =Submetering!N8 -> 196 | J8: 2.06 | K8: ='Hampshire Daily'!B11 -> 114 | L8: =Submetering!Y8 -> 233
A9: Hampshire | B9: =B8+1 -> 8 | C9: 9 | D9: 2019 | E9: =Submetering!E9+Submetering!F9 -> 11200 | F9: 0.142 | G9: =Submetering!M9 -> 1448 | H9: 0.21 | I9: =Submetering!N9 -> 190 | J9: 2.06 | K9: ='Hampshire Daily'!B12 -> 55 | L9: =Submetering!Y9 -> 99
A10: Hampshire | B10: =B9+1 -> 9 | C10: 9 | D10: 2019 | E10: =Submetering!E10+Submetering!F10 -> 10180 | F10: 0.142 | G10: =Submetering!M10 -> 1238 | H10: 0.21 | I10: =Submetering!N10 -> 190 | J10: 2.06 | K10: ='Hampshire Daily'!B13 -> 70 | L10: =Submetering!Y10 -> 104
A11: Hampshire | B11: =B10+1 -> 10 | C11: 9 | D11: 2019 | E11: =Submetering!E11+Submetering!F11 -> 10450 | F11: 0.142 | G11: =Submetering!M11 -> 1415 | H11: 0.21 | I11: =Submetering!N11 -> 190 | J11: 2.06 | K11: ='Hampshire Daily'!B14 -> 60 | L11: =Submetering!Y11 -> 96
A12: Hampshire | B12: =B11+1 -> 11 | C12: 9 | D12: 2019 | E12: =Submetering!E12+Submetering!F12 -> 10550 | F12: 0.142 | G12: =Submetering!M12 -> 1198 | H12: 0.21 | I12: =Submetering!N12 -> 193 | J12: 2.06 | K12: ='Hampshire Daily'!B15 -> 126 | L12: =Submetering!Y12 -> 143
A13: Hampshire | B13: =B12+1 -> 12 | C13: 9 | D13: 2019 | E13: =Submetering!E13+Submetering!F13 -> 11370 | F13: 0.142 | G13: =Submetering!M13 -> 1151 | H13: 0.21 | I13: =Submetering!N13 -> 190 | J13: 2.06 | K13: ='Hampshire Daily'!B16 -> 127 | L13: =Submetering!Y13 -> 148
A14: Hampshire | B14: =B13+1 -> 13 | C14: 9 | D14: 2019 | E14: =Submetering!E14+Submetering!F14 -> 11190 | F14: 0.142 | G14: =Submetering!M14 -> 1101 | H14: 0.21 | I14: =Submetering!N14 -> 190 | J14: 2.06 | K14: ='Hampshire Daily'!B17 -> 89 | L14: =Submetering!Y14 -> 162
... A31: Hampshire | B31: =B30+1 -> 30 | C31: 9 | D31: 2019 | E31: =Submetering!E31+Submetering!F31 -> 11450 | F31: 0.142 | G31: =Submetering!M31 -> 1382 | H31: 0.21 | I31: =Submetering!N31 -> 185 | J31: 2.06 | K31: ='Hampshire Daily'!B34 -> 68 | L31: =Submetering!Y31 -> 91

Sheet Submetering
A1: Site Name | B1: Day | C1: Month | D1: Year | E1: Meter 1- KWh | F1: Meter 2- KWh | G1: East MCC- KWh | H1: South MCC 1- KWh | I1: South MCC 2- KWh | J1: West MCC- KWh | K1: Kitchen - KWh | L1: SPA - KWh | M1: Gas- KWh | N1: Main Site Water Meter - m3 | O1: Chiller 2- m3 | P1: Chiller 3- m3 | Q1: Chiller 4- m3 | R1: Hard Water Supply- m3 | S1: Pool Supply- m3 | T1: CL02- m3 | U1: LTHW SPA- m3 | V1: LTHW East- m3 | W1: Chilled make-up- m3 | X1: Room Nights | Y1: Total Guests
A2: Hampshire | B2: 1 | C2: 9 | D2: 2019 | E2: =IF(('Hampshire Daily'!D5-'Hampshire Daily'!D4<0), "0",('Hampshire Daily'!D5-'Hampshire Daily'!D4)*10) -> 4270 | F2: =IF(('Hampshire Daily'!F5-'Hampshire Daily'!F4<0), "0",('Hampshire Daily'!F5-'Hampshire Daily'!F4)*10) -> 6650 | G2: =IF(('Hampshire Daily'!H5-'Hampshire Daily'!H4<0), "0",'Hampshire Daily'!H5-'Hampshire Daily'!H4) -> 627 | H2: =IF(('Hampshire Daily'!I5-'Hampshire Daily'!I4<0), "0",'Hampshire Daily'!I5-'Hampshire Daily'!I4) -> 0 | I2: =IF(('Hampshire Daily'!J5-'Hampshire Daily'!J4<0), "0",'Hampshire Daily'!J5-'Hampshire Daily'!J4) -> 0 | J2: =IF(('Hampshire Daily'!K5-'Hampshire Daily'!K4<0), "0",'Hampshire Daily'!K5-'Hampshire Daily'!K4) -> 0 | K2: =IF(('Hampshire Daily'!L5-'Hampshire Daily'!L4<0), "0",'Hampshire Daily'!L5-'Hampshire Daily'!L4) -> 1124 | L2: =IF(('Hampshire Daily'!M5-'Hampshire Daily'!M4<0), "0",'Hampshire Daily'!M5-'Hampshire Daily'!M4) -> 724 | M2: =IF(('Hampshire Daily'!N5-'Hampshire Daily'!N4<0), "0",'Hampshire Daily'!N5-'Hampshire Daily'!N4) -> 1164 | N2: =IF(('Hampshire Daily'!O5-'Hampshire Daily'!O4<0), "0",'Hampshire Daily'!O5-'Hampshire Daily'!O4) -> 229 | ... Q2: =IF(('Hampshire Daily'!R5-'Hampshire Daily'!R4<0), "0",'Hampshire Daily'!R5-'Hampshire Daily'!R4) -> 2 | R2: =IF(('Hampshire Daily'!U5-'Hampshire Daily'!U4<0), "0",'Hampshire Daily'!U5-'Hampshire Daily'!U4) -> 13 | S2: =IF(('Hampshire Daily'!V5-'Hampshire Daily'!V4<0), "0",'Hampshire Daily'!V5-'Hampshire Daily'!V4) -> 0 | T2: =IF(('Hampshire Daily'!X5-'Hampshire Daily'!W4<0), "0",'Hampshire Daily'!X5-'Hampshire Daily'!W4) -> 326.654 | U2: =IF(('Hampshire Daily'!Y5-'Hampshire Daily'!X4<0), "0",'Hampshire Daily'!Y5-'Hampshire Daily'!X4) -> 454.524 | V2: =IF(('Hampshire Daily'!Z5-'Hampshire Daily'!Y4<0), "0",'Hampshire Daily'!Z5-'Hampshire Daily'!Y4) -> 3019.891 | W2: =IF(('Hampshire Daily'!#REF!-'Hampshire Daily'!Z4<0), "0",'Hampshire Daily'!#REF!-'Hampshire Daily'!Z4) -> #REF! | X2: ='Hampshire Daily'!B5 -> 66 | Y2: ='Hampshire Daily'!C5 -> 170
A3: Hampshire | B3: =B2+1 -> 2 | C3: 9 | D3: 2019 | E3: =IF(('Hampshire Daily'!D6-'Hampshire Daily'!D5<0), "0",('Hampshire Daily'!D6-'Hampshire Daily'!D5)*10) -> 4170 | F3: =IF(('Hampshire Daily'!F6-'Hampshire Daily'!F5<0), "0",('Hampshire Daily'!F6-'Hampshire Daily'!F5)*10) -> 6670 | G3: =IF(('Hampshire Daily'!H6-'Hampshire Daily'!H5<0), "0",'Hampshire Daily'!H6-'Hampshire Daily'!H5) -> 645 | H3: =IF(('Hampshire Daily'!I6-'Hampshire Daily'!I5<0), "0",'Hampshire Daily'!I6-'Hampshire Daily'!I5) -> 0 | I3: =IF(('Hampshire Daily'!J6-'Hampshire Daily'!J5<0), "0",'Hampshire Daily'!J6-'Hampshire Daily'!J5) -> 0 | J3: =IF(('Hampshire Daily'!K6-'Hampshire Daily'!K5<0), "0",'Hampshire Daily'!K6-'Hampshire Daily'!K5) -> 0 | K3: =IF(('Hampshire Daily'!L6-'Hampshire Daily'!L5<0), "0",'Hampshire Daily'!L6-'Hampshire Daily'!L5) -> 1124 | L3: =IF(('Hampshire Daily'!M6-'Hampshire Daily'!M5<0), "0",'Hampshire Daily'!M6-'Hampshire Daily'!M5) -> 738 | M3: =IF(('Hampshire Daily'!N6-'Hampshire Daily'!N5<0), "0",'Hampshire Daily'!N6-'Hampshire Daily'!N5) -> 1188 | N3: =IF(('Hampshire Daily'!O6-'Hampshire Daily'!O5<0), "0",'Hampshire Daily'!O6-'Hampshire Daily'!O5) -> 216 | ... Q3: =IF(('Hampshire Daily'!R6-'Hampshire Daily'!R5<0), "0",'Hampshire Daily'!R6-'Hampshire Daily'!R5) -> 1 | R3: =IF(('Hampshire Daily'!U6-'Hampshire Daily'!U5<0), "0",'Hampshire Daily'!U6-'Hampshire Daily'!U5) -> 12 | S3: =IF(('Hampshire Daily'!V6-'Hampshire Daily'!V5<0), "0",'Hampshire Daily'!V6-'Hampshire Daily'!V5) -> 1 | T3: =IF(('Hampshire Daily'!X6-'Hampshire Daily'!X5<0), "0",'Hampshire Daily'!X6-'Hampshire Daily'!X5) -> 0.057 | U3: =IF(('Hampshire Daily'!Y6-'Hampshire Daily'!Y5<0), "0",'Hampshire Daily'!Y6-'Hampshire Daily'!Y5) -> 0.02 | V3: =IF(('Hampshire Daily'!Z6-'Hampshire Daily'!Z5<0), "0",'Hampshire Daily'!Z6-'Hampshire Daily'!Z5) -> 2.597 | W3: =IF(('Hampshire Daily'!#REF!-'Hampshire Daily'!#REF!<0), "0",'Hampshire Daily'!#REF!-'Hampshire Daily'!#REF!) -> #REF! | X3: ='Hampshire Daily'!B6 -> 51 | Y3: ='Hampshire Daily'!C6 -> 124
A4: Hampshire | B4: =B3+1 -> 3 | C4: 9 | D4: 2019 | E4: =IF(('Hampshire Daily'!D7-'Hampshire Daily'!D6<0), "0",('Hampshire Daily'!D7-'Hampshire Daily'!D6)*10) -> 4280 | F4: =IF(('Hampshire Daily'!F7-'Hampshire Daily'!F6<0), "0",('Hampshire Daily'!F7-'Hampshire Daily'!F6)*10) -> 6280 | G4: =IF(('Hampshire Daily'!H7-'Hampshire Daily'!H6<0), "0",'Hampshire Daily'!H7-'Hampshire Daily'!H6) -> 562 | H4: =IF(('Hampshire Daily'!I7-'Hampshire Daily'!I6<0), "0",'Hampshire Daily'!I7-'Hampshire Daily'!I6) -> 0 | I4: =IF(('Hampshire Daily'!J7-'Hampshire Daily'!J6<0), "0",'Hampshire Daily'!J7-'Hampshire Daily'!J6) -> 0 | J4: =IF(('Hampshire Daily'!K7-'Hampshire Daily'!K6<0), "0",'Hampshire Daily'!K7-'Hampshire Daily'!K6) -> 0 | K4: =IF(('Hampshire Daily'!L7-'Hampshire Daily'!L6<0), "0",'Hampshire Daily'!L7-'Hampshire Daily'!L6) -> 1124 | L4: =IF(('Hampshire Daily'!M7-'Hampshire Daily'!M6<0), "0",'Hampshire Daily'!M7-'Hampshire Daily'!M6) -> 711 | M4: =IF(('Hampshire Daily'!N7-'Hampshire Daily'!N6<0), "0",'Hampshire Daily'!N7-'Hampshire Daily'!N6) -> 1006 | N4: =IF(('Hampshire Daily'!O7-'Hampshire Daily'!O6<0), "0",'Hampshire Daily'!O7-'Hampshire Daily'!O6) -> 201 | ... Q4: =IF(('Hampshire Daily'!R7-'Hampshire Daily'!R6<0), "0",'Hampshire Daily'!R7-'Hampshire Daily'!R6) -> 1 | R4: =IF(('Hampshire Daily'!U7-'Hampshire Daily'!U6<0), "0",'Hampshire Daily'!U7-'Hampshire Daily'!U6) -> 10 | S4: =IF(('Hampshire Daily'!V7-'Hampshire Daily'!V6<0), "0",'Hampshire Daily'!V7-'Hampshire Daily'!V6) -> 8 | T4: =IF(('Hampshire Daily'!X7-'Hampshire Daily'!X6<0), "0",'Hampshire Daily'!X7-'Hampshire Daily'!X6) -> 0.055 | U4: =IF(('Hampshire Daily'!Y7-'Hampshire Daily'!Y6<0), "0",'Hampshire Daily'!Y7-'Hampshire Daily'!Y6) -> 0.022 | V4: =IF(('Hampshire Daily'!Z7-'Hampshire Daily'!Z6<0), "0",'Hampshire Daily'!Z7-'Hampshire Daily'!Z6) -> 0.543 | W4: =IF(('Hampshire Daily'!#REF!-'Hampshire Daily'!#REF!<0), "0",'Hampshire Daily'!#REF!-'Hampshire Daily'!#REF!) -> #REF! | X4: ='Hampshire Daily'!B7 -> 88 | Y4: ='Hampshire Daily'!C7 -> 125
A5: Hampshire | B5: =B4+1 -> 4 | C5: 9 | D5: 2019 | E5: =IF(('Hampshire Daily'!D8-'Hampshire Daily'!D7<0), "0",('Hampshire Daily'!D8-'Hampshire Daily'!D7)*10) -> 4670 | F5: =IF(('Hampshire Daily'!F8-'Hampshire Daily'!F7<0), "0",('Hampshire Daily'!F8-'Hampshire Daily'!F7)*10) -> 6690 | G5: =IF(('Hampshire Daily'!H8-'Hampshire Daily'!H7<0), "0",'Hampshire Daily'!H8-'Hampshire Daily'!H7) -> 585 | H5: =IF(('Hampshire Daily'!I8-'Hampshire Daily'!I7<0), "0",'Hampshire Daily'!I8-'Hampshire Daily'!I7) -> 0 | I5: =IF(('Hampshire Daily'!J8-'Hampshire Daily'!J7<0), "0",'Hampshire Daily'!J8-'Hampshire Daily'!J7) -> 0 | J5: =IF(('Hampshire Daily'!K8-'Hampshire Daily'!K7<0), "0",'Hampshire Daily'!K8-'Hampshire Daily'!K7) -> 0 | K5: =IF(('Hampshire Daily'!L8-'Hampshire Daily'!L7<0), "0",'Hampshire Daily'!L8-'Hampshire Daily'!L7) -> 1127 | L5: =IF(('Hampshire Daily'!M8-'Hampshire Daily'!M7<0), "0",'Hampshire Daily'!M8-'Hampshire Daily'!M7) -> 738 | M5: =IF(('Hampshire Daily'!N8-'Hampshire Daily'!N7<0), "0",'Hampshire Daily'!N8-'Hampshire Daily'!N7) -> 1084 | N5: =IF(('Hampshire Daily'!O8-'Hampshire Daily'!O7<0), "0",'Hampshire Daily'!O8-'Hampshire Daily'!O7) -> 147 | ... Q5: =IF(('Hampshire Daily'!R8-'Hampshire Daily'!R7<0), "0",'Hampshire Daily'!R8-'Hampshire Daily'!R7) -> 1 | R5: =IF(('Hampshire Daily'!U8-'Hampshire Daily'!U7<0), "0",'Hampshire Daily'!U8-'Hampshire Daily'!U7) -> 11 | S5: =IF(('Hampshire Daily'!V8-'Hampshire Daily'!V7<0), "0",'Hampshire Daily'!V8-'Hampshire Daily'!V7) -> 0 | T5: =IF(('Hampshire Daily'!X8-'Hampshire Daily'!X7<0), "0",'Hampshire Daily'!X8-'Hampshire Daily'!X7) -> 0.05 | U5: =IF(('Hampshire Daily'!Y8-'Hampshire Daily'!Y7<0), "0",'Hampshire Daily'!Y8-'Hampshire Daily'!Y7) -> 0.034 | V5: =IF(('Hampshire Daily'!Z8-'Hampshire Daily'!Z7<0), "0",'Hampshire Daily'!Z8-'Hampshire Daily'!Z7) -> 0.356 | W5: =IF(('Hampshire Daily'!#REF!-'Hampshire Daily'!#REF!<0), "0",'Hampshire Daily'!#REF!-'Hampshire Daily'!#REF!) -> #REF! | X5: ='Hampshire Daily'!B8 -> 86 | Y5: ='Hampshire Daily'!C8 -> 117
A6: Hampshire | B6: =B5+1 -> 5 | C6: 9 | D6: 2019 | E6: =IF(('Hampshire Daily'!D9-'Hampshire Daily'!D8<0), "0",('Hampshire Daily'!D9-'Hampshire Daily'!D8)*10) -> 4480 | F6: =IF(('Hampshire Daily'!F9-'Hampshire Daily'!F8<0), "0",('Hampshire Daily'!F9-'Hampshire Daily'!F8)*10) -> 6630 | G6: =IF(('Hampshire Daily'!H9-'Hampshire Daily'!H8<0), "0",'Hampshire Daily'!H9-'Hampshire Daily'!H8) -> 643 | H6: =IF(('Hampshire Daily'!I9-'Hampshire Daily'!I8<0), "0",'Hampshire Daily'!I9-'Hampshire Daily'!I8) -> 0 | I6: =IF(('Hampshire Daily'!J9-'Hampshire Daily'!J8<0), "0",'Hampshire Daily'!J9-'Hampshire Daily'!J8) -> 0 | J6: =IF(('Hampshire Daily'!K9-'Hampshire Daily'!K8<0), "0",'Hampshire Daily'!K9-'Hampshire Daily'!K8) -> 0 | K6: =IF(('Hampshire Daily'!L9-'Hampshire Daily'!L8<0), "0",'Hampshire Daily'!L9-'Hampshire Daily'!L8) -> 1003 | L6: =IF(('Hampshire Daily'!M9-'Hampshire Daily'!M8<0), "0",'Hampshire Daily'!M9-'Hampshire Daily'!M8) -> 733 | M6: =IF(('Hampshire Daily'!N9-'Hampshire Daily'!N8<0), "0",'Hampshire Daily'!N9-'Hampshire Daily'!N8) -> 1198 | N6: =IF(('Hampshire Daily'!O9-'Hampshire Daily'!O8<0), "0",'Hampshire Daily'!O9-'Hampshire Daily'!O8) -> 195 | ... Q6: =IF(('Hampshire Daily'!R9-'Hampshire Daily'!R8<0), "0",'Hampshire Daily'!R9-'Hampshire Daily'!R8) -> 2 | R6: =IF(('Hampshire Daily'!U9-'Hampshire Daily'!U8<0), "0",'Hampshire Daily'!U9-'Hampshire Daily'!U8) -> 8 | S6: =IF(('Hampshire Daily'!V9-'Hampshire Daily'!V8<0), "0",'Hampshire Daily'!V9-'Hampshire Daily'!V8) -> 0 | T6: =IF(('Hampshire Daily'!X9-'Hampshire Daily'!X8<0), "0",'Hampshire Daily'!X9-'Hampshire Daily'!X8) -> 0.053 | U6: =IF(('Hampshire Daily'!Y9-'Hampshire Daily'!Y8<0), "0",'Hampshire Daily'!Y9-'Hampshire Daily'!Y8) -> 0.004 | V6: =IF(('Hampshire Daily'!Z9-'Hampshire Daily'!Z8<0), "0",'Hampshire Daily'!Z9-'Hampshire Daily'!Z8) -> 0 | W6: =IF(('Hampshire Daily'!#REF!-'Hampshire Daily'!#REF!<0), "0",'Hampshire Daily'!#REF!-'Hampshire Daily'!#REF!) -> #REF! | X6: ='Hampshire Daily'!B9 -> 50 | Y6: ='Hampshire Daily'!C9 -> 95
A7: Hampshire | B7: =B6+1 -> 6 | C7: 9 | D7: 2019 | E7: =IF(('Hampshire Daily'!D10-'Hampshire Daily'!D9<0), "0",('Hampshire Daily'!D10-'Hampshire Daily'!D9)*10) -> 4070 | F7: =IF(('Hampshire Daily'!F10-'Hampshire Daily'!F9<0), "0",('Hampshire Daily'!F10-'Hampshire Daily'!F9)*10) -> 6480 | G7: =IF(('Hampshire Daily'!H10-'Hampshire Daily'!H9<0), "0",'Hampshire Daily'!H10-'Hampshire Daily'!H9) -> 651 | H7: =IF(('Hampshire Daily'!I10-'Hampshire Daily'!I9<0), "0",'Hampshire Daily'!I10-'Hampshire Daily'!I9) -> 0 | I7: =IF(('Hampshire Daily'!J10-'Hampshire Daily'!J9<0), "0",'Hampshire Daily'!J10-'Hampshire Daily'!J9) -> 0 | J7: =IF(('Hampshire Daily'!K10-'Hampshire Daily'!K9<0), "0",'Hampshire Daily'!K10-'Hampshire Daily'!K9) -> 0 | K7: =IF(('Hampshire Daily'!L10-'Hampshire Daily'!L9<0), "0",'Hampshire Daily'!L10-'Hampshire Daily'!L9) -> 1015 | L7: =IF(('Hampshire Daily'!M10-'Hampshire Daily'!M9<0), "0",'Hampshire Daily'!M10-'Hampshire Daily'!M9) -> 740 | M7: =IF(('Hampshire Daily'!N10-'Hampshire Daily'!N9<0), "0",'Hampshire Daily'!N10-'Hampshire Daily'!N9) -> 1229 | N7: =IF(('Hampshire Daily'!O10-'Hampshire Daily'!O9<0), "0",'Hampshire Daily'!O10-'Hampshire Daily'!O9) -> 184 | ... Q7: =IF(('Hampshire Daily'!R10-'Hampshire Daily'!R9<0), "0",'Hampshire Daily'!R10-'Hampshire Daily'!R9) -> 0 | R7: =IF(('Hampshire Daily'!U10-'Hampshire Daily'!U9<0), "0",'Hampshire Daily'!U10-'Hampshire Daily'!U9) -> 9 | S7: =IF(('Hampshire Daily'!V10-'Hampshire Daily'!V9<0), "0",'Hampshire Daily'!V10-'Hampshire Daily'!V9) -> 1 | T7: =IF(('Hampshire Daily'!X10-'Hampshire Daily'!X9<0), "0",'Hampshire Daily'!X10-'Hampshire Daily'!X9) -> 0.055 | U7: =IF(('Hampshire Daily'!Y10-'Hampshire Daily'!Y9<0), "0",'Hampshire Daily'!Y10-'Hampshire Daily'!Y9) -> 0.008 | V7: =IF(('Hampshire Daily'!Z10-'Hampshire Daily'!Z9<0), "0",'Hampshire Daily'!Z10-'Hampshire Daily'!Z9) -> 0 | W7: =IF(('Hampshire Daily'!#REF!-'Hampshire Daily'!#REF!<0), "0",'Hampshire Daily'!#REF!-'Hampshire Daily'!#REF!) -> #REF! | X7: ='Hampshire Daily'!B10 -> 103 | Y7: ='Hampshire Daily'!C10 -> 212
A8: Hampshire | B8: =B7+1 -> 7 | C8: 9 | D8: 2019 | E8: =IF(('Hampshire Daily'!D11-'Hampshire Daily'!D10<0), "0",('Hampshire Daily'!D11-'Hampshire Daily'!D10)*10) -> 4010 | F8: =IF(('Hampshire Daily'!F11-'Hampshire Daily'!F10<0), "0",('Hampshire Daily'!F11-'Hampshire Daily'!F10)*10) -> 6520 | G8: =IF(('Hampshire Daily'!H11-'Hampshire Daily'!H10<0), "0",'Hampshire Daily'!H11-'Hampshire Daily'!H10) -> 704 | H8: =IF(('Hampshire Daily'!I11-'Hampshire Daily'!I10<0), "0",'Hampshire Daily'!I11-'Hampshire Daily'!I10) -> 0 | I8: =IF(('Hampshire Daily'!J11-'Hampshire Daily'!J10<0), "0",'Hampshire Daily'!J11-'Hampshire Daily'!J10) -> 0 | J8: =IF(('Hampshire Daily'!K11-'Hampshire Daily'!K10<0), "0",'Hampshire Daily'!K11-'Hampshire Daily'!K10) -> 0 | K8: =IF(('Hampshire Daily'!L11-'Hampshire Daily'!L10<0), "0",'Hampshire Daily'!L11-'Hampshire Daily'!L10) -> 1073 | L8: =IF(('Hampshire Daily'!M11-'Hampshire Daily'!M10<0), "0",'Hampshire Daily'!M11-'Hampshire Daily'!M10) -> 778 | M8: =IF(('Hampshire Daily'!N11-'Hampshire Daily'!N10<0), "0",'Hampshire Daily'!N11-'Hampshire Daily'!N10) -> 1413 | N8: =IF(('Hampshire Daily'!O11-'Hampshire Daily'!O10<0), "0",'Hampshire Daily'!O11-'Hampshire Daily'!O10) -> 196 | ... Q8: =IF(('Hampshire Daily'!R11-'Hampshire Daily'!R10<0), "0",'Hampshire Daily'!R11-'Hampshire Daily'!R10) -> 0 | R8: =IF(('Hampshire Daily'!U11-'Hampshire Daily'!U10<0), "0",'Hampshire Daily'!U11-'Hampshire Daily'!U10) -> 9 | S8: =IF(('Hampshire Daily'!V11-'Hampshire Daily'!V10<0), "0",'Hampshire Daily'!V11-'Hampshire Daily'!V10) -> 1 | T8: =IF(('Hampshire Daily'!X11-'Hampshire Daily'!X10<0), "0",'Hampshire Daily'!X11-'Hampshire Daily'!X10) -> 0.059 | U8: =IF(('Hampshire Daily'!Y11-'Hampshire Daily'!Y10<0), "0",'Hampshire Daily'!Y11-'Hampshire Daily'!Y10) -> 0.025 | V8: =IF(('Hampshire Daily'!Z11-'Hampshire Daily'!Z10<0), "0",'Hampshire Daily'!Z11-'Hampshire Daily'!Z10) -> 0.002 | W8: =IF(('Hampshire Daily'!#REF!-'Hampshire Daily'!#REF!<0), "0",'Hampshire Daily'!#REF!-'Hampshire Daily'!#REF!) -> #REF! | X8: ='Hampshire Daily'!B11 -> 114 | Y8: ='Hampshire Daily'!C11 -> 233
A9: Hampshire | B9: =B8+1 -> 8 | C9: 9 | D9: 2019 | E9: =IF(('Hampshire Daily'!D12-'Hampshire Daily'!D11<0), "0",('Hampshire Daily'!D12-'Hampshire Daily'!D11)*10) -> 4170 | F9: =IF(('Hampshire Daily'!F12-'Hampshire Daily'!F11<0), "0",('Hampshire Daily'!F12-'Hampshire Daily'!F11)*10) -> 7030 | G9: =IF(('Hampshire Daily'!H12-'Hampshire Daily'!H11<0), "0",'Hampshire Daily'!H12-'Hampshire Daily'!H11) -> 633 | H9: =IF(('Hampshire Daily'!I12-'Hampshire Daily'!I11<0), "0",'Hampshire Daily'!I12-'Hampshire Daily'!I11) -> 0 | I9: =IF(('Hampshire Daily'!J12-'Hampshire Daily'!J11<0), "0",'Hampshire Daily'!J12-'Hampshire Daily'!J11) -> 0 | J9: =IF(('Hampshire Daily'!K12-'Hampshire Daily'!K11<0), "0",'Hampshire Daily'!K12-'Hampshire Daily'!K11) -> 0 | K9: =IF(('Hampshire Daily'!L12-'Hampshire Daily'!L11<0), "0",'Hampshire Daily'!L12-'Hampshire Daily'!L11) -> 1124 | L9: =IF(('Hampshire Daily'!M12-'Hampshire Daily'!M11<0), "0",'Hampshire Daily'!M12-'Hampshire Daily'!M11) -> 778 | M9: =IF(('Hampshire Daily'!N12-'Hampshire Daily'!N11<0), "0",'Hampshire Daily'!N12-'Hampshire Daily'!N11) -> 1448 | N9: =IF(('Hampshire Daily'!O12-'Hampshire Daily'!O11<0), "0",'Hampshire Daily'!O12-'Hampshire Daily'!O11) -> 190 | ... Q9: =IF(('Hampshire Daily'!R12-'Hampshire Daily'!R11<0), "0",'Hampshire Daily'!R12-'Hampshire Daily'!R11) -> 0 | R9: =IF(('Hampshire Daily'!U12-'Hampshire Daily'!U11<0), "0",'Hampshire Daily'!U12-'Hampshire Daily'!U11) -> 9 | S9: =IF(('Hampshire Daily'!V12-'Hampshire Daily'!V11<0), "0",'Hampshire Daily'!V12-'Hampshire Daily'!V11) -> 0 | T9: =IF(('Hampshire Daily'!X12-'Hampshire Daily'!X11<0), "0",'Hampshire Daily'!X12-'Hampshire Daily'!X11) -> 0.06 | U9: =IF(('Hampshire Daily'!Y12-'Hampshire Daily'!Y11<0), "0",'Hampshire Daily'!Y12-'Hampshire Daily'!Y11) -> 0.017 | V9: =IF(('Hampshire Daily'!Z12-'Hampshire Daily'!Z11<0), "0",'Hampshire Daily'!Z12-'Hampshire Daily'!Z11) -> 0 | W9: =IF(('Hampshire Daily'!#REF!-'Hampshire Daily'!#REF!<0), "0",'Hampshire Daily'!#REF!-'Hampshire Daily'!#REF!) -> #REF! | X9: ='Hampshire Daily'!B12 -> 55 | Y9: ='Hampshire Daily'!C12 -> 99
A10: Hampshire | B10: =B9+1 -> 9 | C10: 9 | D10: 2019 | E10: =IF(('Hampshire Daily'!D13-'Hampshire Daily'!D12<0), "0",('Hampshire Daily'!D13-'Hampshire Daily'!D12)*10) -> 3720 | F10: =IF(('Hampshire Daily'!F13-'Hampshire Daily'!F12<0), "0",('Hampshire Daily'!F13-'Hampshire Daily'!F12)*10) -> 6460 | G10: =IF(('Hampshire Daily'!H13-'Hampshire Daily'!H12<0), "0",'Hampshire Daily'!H13-'Hampshire Daily'!H12) -> 646 | H10: =IF(('Hampshire Daily'!I13-'Hampshire Daily'!I12<0), "0",'Hampshire Daily'!I13-'Hampshire Daily'!I12) -> 0 | I10: =IF(('Hampshire Daily'!J13-'Hampshire Daily'!J12<0), "0",'Hampshire Daily'!J13-'Hampshire Daily'!J12) -> 0 | J10: =IF(('Hampshire Daily'!K13-'Hampshire Daily'!K12<0), "0",'Hampshire Daily'!K13-'Hampshire Daily'!K12) -> 0 | K10: =IF(('Hampshire Daily'!L13-'Hampshire Daily'!L12<0), "0",'Hampshire Daily'!L13-'Hampshire Daily'!L12) -> 860 | L10: =IF(('Hampshire Daily'!M13-'Hampshire Daily'!M12<0), "0",'Hampshire Daily'!M13-'Hampshire Daily'!M12) -> 705 | M10: =IF(('Hampshire Daily'!N13-'Hampshire Daily'!N12<0), "0",'Hampshire Daily'!N13-'Hampshire Daily'!N12) -> 1238 | N10: =IF(('Hampshire Daily'!O13-'Hampshire Daily'!O12<0), "0",'Hampshire Daily'!O13-'Hampshire Daily'!O12) -> 190 | ... Q10: =IF(('Hampshire Daily'!R13-'Hampshire Daily'!R12<0), "0",'Hampshire Daily'!R13-'Hampshire Daily'!R12) -> 0 | R10: =IF(('Hampshire Daily'!U13-'Hampshire Daily'!U12<0), "0",'Hampshire Daily'!U13-'Hampshire Daily'!U12) -> 7 | S10: =IF(('Hampshire Daily'!V13-'Hampshire Daily'!V12<0), "0",'Hampshire Daily'!V13-'Hampshire Daily'!V12) -> 5 | T10: =IF(('Hampshire Daily'!X13-'Hampshire Daily'!X12<0), "0",'Hampshire Daily'!X13-'Hampshire Daily'!X12) -> 0.046 | U10: =IF(('Hampshire Daily'!Y13-'Hampshire Daily'!Y12<0), "0",'Hampshire Daily'!Y13-'Hampshire Daily'!Y12) -> 0.017 | V10: =IF(('Hampshire Daily'!Z13-'Hampshire Daily'!Z12<0), "0",'Hampshire Daily'!Z13-'Hampshire Daily'!Z12) -> 0 | W10: =IF(('Hampshire Daily'!#REF!-'Hampshire Daily'!#REF!<0), "0",'Hampshire Daily'!#REF!-'Hampshire Daily'!#REF!) -> #REF! | X10: ='Hampshire Daily'!B13 -> 70 | Y10: ='Hampshire Daily'!C13 -> 104
A11: Hampshire | B11: =B10+1 -> 10 | C11: 9 | D11: 2019 | E11: =IF(('Hampshire Daily'!D14-'Hampshire Daily'!D13<0), "0",('Hampshire Daily'!D14-'Hampshire Daily'!D13)*10) -> 4010 | F11: =IF(('Hampshire Daily'!F14-'Hampshire Daily'!F13<0), "0",('Hampshire Daily'!F14-'Hampshire Daily'!F13)*10) -> 6440 | G11: =IF(('Hampshire Daily'!H14-'Hampshire Daily'!H13<0), "0",'Hampshire Daily'!H14-'Hampshire Daily'!H13) -> 679 | H11: =IF(('Hampshire Daily'!I14-'Hampshire Daily'!I13<0), "0",'Hampshire Daily'!I14-'Hampshire Daily'!I13) -> 0 | I11: =IF(('Hampshire Daily'!J14-'Hampshire Daily'!J13<0), "0",'Hampshire Daily'!J14-'Hampshire Daily'!J13) -> 0 | J11: =IF(('Hampshire Daily'!K14-'Hampshire Daily'!K13<0), "0",'Hampshire Daily'!K14-'Hampshire Daily'!K13) -> 0 | K11: =IF(('Hampshire Daily'!L14-'Hampshire Daily'!L13<0), "0",'Hampshire Daily'!L14-'Hampshire Daily'!L13) -> 1124 | L11: =IF(('Hampshire Daily'!M14-'Hampshire Daily'!M13<0), "0",'Hampshire Daily'!M14-'Hampshire Daily'!M13) -> 809 | M11: =IF(('Hampshire Daily'!N14-'Hampshire Daily'!N13<0), "0",'Hampshire Daily'!N14-'Hampshire Daily'!N13) -> 1415 | N11: =IF(('Hampshire Daily'!O14-'Hampshire Daily'!O13<0), "0",'Hampshire Daily'!O14-'Hampshire Daily'!O13) -> 190 | ... Q11: =IF(('Hampshire Daily'!R14-'Hampshire Daily'!R13<0), "0",'Hampshire Daily'!R14-'Hampshire Daily'!R13) -> 0 | R11: =IF(('Hampshire Daily'!U14-'Hampshire Daily'!U13<0), "0",'Hampshire Daily'!U14-'Hampshire Daily'!U13) -> 10 | S11: =IF(('Hampshire Daily'!V14-'Hampshire Daily'!V13<0), "0",'Hampshire Daily'!V14-'Hampshire Daily'!V13) -> 0 | T11: =IF(('Hampshire Daily'!X14-'Hampshire Daily'!X13<0), "0",'Hampshire Daily'!X14-'Hampshire Daily'!X13) -> 0.071 | U11: =IF(('Hampshire Daily'!Y14-'Hampshire Daily'!Y13<0), "0",'Hampshire Daily'!Y14-'Hampshire Daily'!Y13) -> 0.061 | V11: =IF(('Hampshire Daily'!Z14-'Hampshire Daily'!Z13<0), "0",'Hampshire Daily'!Z14-'Hampshire Daily'!Z13) -> 0 | W11: =IF(('Hampshire Daily'!#REF!-'Hampshire Daily'!#REF!<0), "0",'Hampshire Daily'!#REF!-'Hampshire Daily'!#REF!) -> #REF! | X11: ='Hampshire Daily'!B14 -> 60 | Y11: ='Hampshire Daily'!C14 -> 96
A12: Hampshire | B12: =B11+1 -> 11 | C12: 9 | D12: 2019 | E12: =IF(('Hampshire Daily'!D15-'Hampshire Daily'!D14<0), "0",('Hampshire Daily'!D15-'Hampshire Daily'!D14)*10) -> 4190 | F12: =IF(('Hampshire Daily'!F15-'Hampshire Daily'!F14<0), "0",('Hampshire Daily'!F15-'Hampshire Daily'!F14)*10) -> 6360 | G12: =IF(('Hampshire Daily'!H15-'Hampshire Daily'!H14<0), "0",'Hampshire Daily'!H15-'Hampshire Daily'!H14) -> 631 | H12: =IF(('Hampshire Daily'!I15-'Hampshire Daily'!I14<0), "0",'Hampshire Daily'!I15-'Hampshire Daily'!I14) -> 0 | I12: =IF(('Hampshire Daily'!J15-'Hampshire Daily'!J14<0), "0",'Hampshire Daily'!J15-'Hampshire Daily'!J14) -> 0 | J12: =IF(('Hampshire Daily'!K15-'Hampshire Daily'!K14<0), "0",'Hampshire Daily'!K15-'Hampshire Daily'!K14) -> 0 | K12: =IF(('Hampshire Daily'!L15-'Hampshire Daily'!L14<0), "0",'Hampshire Daily'!L15-'Hampshire Daily'!L14) -> 1124 | L12: =IF(('Hampshire Daily'!M15-'Hampshire Daily'!M14<0), "0",'Hampshire Daily'!M15-'Hampshire Daily'!M14) -> 769 | M12: =IF(('Hampshire Daily'!N15-'Hampshire Daily'!N14<0), "0",'Hampshire Daily'!N15-'Hampshire Daily'!N14) -> 1198 | N12: =IF(('Hampshire Daily'!O15-'Hampshire Daily'!O14<0), "0",'Hampshire Daily'!O15-'Hampshire Daily'!O14) -> 193 | ... Q12: =IF(('Hampshire Daily'!R15-'Hampshire Daily'!R14<0), "0",'Hampshire Daily'!R15-'Hampshire Daily'!R14) -> 1 | R12: =IF(('Hampshire Daily'!U15-'Hampshire Daily'!U14<0), "0",'Hampshire Daily'!U15-'Hampshire Daily'!U14) -> 9 | S12: =IF(('Hampshire Daily'!V15-'Hampshire Daily'!V14<0), "0",'Hampshire Daily'!V15-'Hampshire Daily'!V14) -> 1 | T12: =IF(('Hampshire Daily'!X15-'Hampshire Daily'!X14<0), "0",'Hampshire Daily'!X15-'Hampshire Daily'!X14) -> 0.046 | U12: =IF(('Hampshire Daily'!Y15-'Hampshire Daily'!Y14<0), "0",'Hampshire Daily'!Y15-'Hampshire Daily'!Y14) -> 0.097 | V12: =IF(('Hampshire Daily'!Z15-'Hampshire Daily'!Z14<0), "0",'Hampshire Daily'!Z15-'Hampshire Daily'!Z14) -> 0 | W12: =IF(('Hampshire Daily'!#REF!-'Hampshire Daily'!#REF!<0), "0",'Hampshire Daily'!#REF!-'Hampshire Daily'!#REF!) -> #REF! | X12: ='Hampshire Daily'!B15 -> 126 | Y12: ='Hampshire Daily'!C15 -> 143
A13: Hampshire | B13: =B12+1 -> 12 | C13: 9 | D13: 2019 | E13: =IF(('Hampshire Daily'!D16-'Hampshire Daily'!D15<0), "0",('Hampshire Daily'!D16-'Hampshire Daily'!D15)*10) -> 4650 | F13: =IF(('Hampshire Daily'!F16-'Hampshire Daily'!F15<0), "0",('Hampshire Daily'!F16-'Hampshire Daily'!F15)*10) -> 6720 | G13: =IF(('Hampshire Daily'!H16-'Hampshire Daily'!H15<0), "0",'Hampshire Daily'!H16-'Hampshire Daily'!H15) -> 668 | H13: =IF(('Hampshire Daily'!I16-'Hampshire Daily'!I15<0), "0",'Hampshire Daily'!I16-'Hampshire Daily'!I15) -> 0 | I13: =IF(('Hampshire Daily'!J16-'Hampshire Daily'!J15<0), "0",'Hampshire Daily'!J16-'Hampshire Daily'!J15) -> 0 | J13: =IF(('Hampshire Daily'!K16-'Hampshire Daily'!K15<0), "0",'Hampshire Daily'!K16-'Hampshire Daily'!K15) -> 0 | K13: =IF(('Hampshire Daily'!L16-'Hampshire Daily'!L15<0), "0",'Hampshire Daily'!L16-'Hampshire Daily'!L15) -> 1124 | L13: =IF(('Hampshire Daily'!M16-'Hampshire Daily'!M15<0), "0",'Hampshire Daily'!M16-'Hampshire Daily'!M15) -> 796 | M13: =IF(('Hampshire Daily'!N16-'Hampshire Daily'!N15<0), "0",'Hampshire Daily'!N16-'Hampshire Daily'!N15) -> 1151 | N13: =IF(('Hampshire Daily'!O16-'Hampshire Daily'!O15<0), "0",'Hampshire Daily'!O16-'Hampshire Daily'!O15) -> 190 | ... Q13: =IF(('Hampshire Daily'!R16-'Hampshire Daily'!R15<0), "0",'Hampshire Daily'!R16-'Hampshire Daily'!R15) -> 1 | R13: =IF(('Hampshire Daily'!U16-'Hampshire Daily'!U15<0), "0",'Hampshire Daily'!U16-'Hampshire Daily'!U15) -> 10 | S13: =IF(('Hampshire Daily'!V16-'Hampshire Daily'!V15<0), "0",'Hampshire Daily'!V16-'Hampshire Daily'!V15) -> 0 | T13: =IF(('Hampshire Daily'!X16-'Hampshire Daily'!X15<0), "0",'Hampshire Daily'!X16-'Hampshire Daily'!X15) -> 0.044 | U13: =IF(('Hampshire Daily'!Y16-'Hampshire Daily'!Y15<0), "0",'Hampshire Daily'!Y16-'Hampshire Daily'!Y15) -> 0.027 | V13: =IF(('Hampshire Daily'!Z16-'Hampshire Daily'!Z15<0), "0",'Hampshire Daily'!Z16-'Hampshire Daily'!Z15) -> 0 | W13: =IF(('Hampshire Daily'!#REF!-'Hampshire Daily'!#REF!<0), "0",'Hampshire Daily'!#REF!-'Hampshire Daily'!#REF!) -> #REF! | X13: ='Hampshire Daily'!B16 -> 127 | Y13: ='Hampshire Daily'!C16 -> 148
A14: Hampshire | B14: =B13+1 -> 13 | C14: 9 | D14: 2019 | E14: =IF(('Hampshire Daily'!D17-'Hampshire Daily'!D16<0), "0",('Hampshire Daily'!D17-'Hampshire Daily'!D16)*10) -> 4720 | F14: =IF(('Hampshire Daily'!F17-'Hampshire Daily'!F16<0), "0",('Hampshire Daily'!F17-'Hampshire Daily'!F16)*10) -> 6470 | G14: =IF(('Hampshire Daily'!H17-'Hampshire Daily'!H16<0), "0",'Hampshire Daily'!H17-'Hampshire Daily'!H16) -> 610 | H14: =IF(('Hampshire Daily'!I17-'Hampshire Daily'!I16<0), "0",'Hampshire Daily'!I17-'Hampshire Daily'!I16) -> 0 | I14: =IF(('Hampshire Daily'!J17-'Hampshire Daily'!J16<0), "0",'Hampshire Daily'!J17-'Hampshire Daily'!J16) -> 0 | J14: =IF(('Hampshire Daily'!K17-'Hampshire Daily'!K16<0), "0",'Hampshire Daily'!K17-'Hampshire Daily'!K16) -> 0 | K14: =IF(('Hampshire Daily'!L17-'Hampshire Daily'!L16<0), "0",'Hampshire Daily'!L17-'Hampshire Daily'!L16) -> 1124 | L14: =IF(('Hampshire Daily'!M17-'Hampshire Daily'!M16<0), "0",'Hampshire Daily'!M17-'Hampshire Daily'!M16) -> 757 | M14: =IF(('Hampshire Daily'!N17-'Hampshire Daily'!N16<0), "0",'Hampshire Daily'!N17-'Hampshire Daily'!N16) -> 1101 | N14: =IF(('Hampshire Daily'!O17-'Hampshire Daily'!O16<0), "0",'Hampshire Daily'!O17-'Hampshire Daily'!O16) -> 190 | ... Q14: =IF(('Hampshire Daily'!R17-'Hampshire Daily'!R16<0), "0",'Hampshire Daily'!R17-'Hampshire Daily'!R16) -> 2 | R14: =IF(('Hampshire Daily'!U17-'Hampshire Daily'!U16<0), "0",'Hampshire Daily'!U17-'Hampshire Daily'!U16) -> 8 | S14: =IF(('Hampshire Daily'!V17-'Hampshire Daily'!V16<0), "0",'Hampshire Daily'!V17-'Hampshire Daily'!V16) -> 0 | T14: =IF(('Hampshire Daily'!X17-'Hampshire Daily'!X16<0), "0",'Hampshire Daily'!X17-'Hampshire Daily'!X16) -> 0.066 | U14: =IF(('Hampshire Daily'!Y17-'Hampshire Daily'!Y16<0), "0",'Hampshire Daily'!Y17-'Hampshire Daily'!Y16) -> 0.029 | V14: =IF(('Hampshire Daily'!Z17-'Hampshire Daily'!Z16<0), "0",'Hampshire Daily'!Z17-'Hampshire Daily'!Z16) -> 0 | W14: =IF(('Hampshire Daily'!#REF!-'Hampshire Daily'!#REF!<0), "0",'Hampshire Daily'!#REF!-'Hampshire Daily'!#REF!) -> #REF! | X14: ='Hampshire Daily'!B17 -> 89 | Y14: ='Hampshire Daily'!C17 -> 162
... A17: Hampshire | B17: =B16+1 -> 16 | C17: 9 | D17: 2019 | E17: =IF(('Hampshire Daily'!D20-'Hampshire Daily'!D19<0), "0",('Hampshire Daily'!D20-'Hampshire Daily'!D19)*10) -> 5010 | F17: =IF(('Hampshire Daily'!F20-'Hampshire Daily'!F19<0), "0",('Hampshire Daily'!F20-'Hampshire Daily'!F19)*10) -> 6830 | G17: =IF(('Hampshire Daily'!H20-'Hampshire Daily'!H19<0), "0",'Hampshire Daily'!H20-'Hampshire Daily'!H19) -> 640 | H17: =IF(('Hampshire Daily'!I20-'Hampshire Daily'!I19<0), "0",'Hampshire Daily'!I20-'Hampshire Daily'!I19) -> 0 | I17: =IF(('Hampshire Daily'!J20-'Hampshire Daily'!J19<0), "0",'Hampshire Daily'!J20-'Hampshire Daily'!J19) -> 0 | J17: =IF(('Hampshire Daily'!K20-'Hampshire Daily'!K19<0), "0",'Hampshire Daily'!K20-'Hampshire Daily'!K19) -> 0 | K17: =IF(('Hampshire Daily'!L20-'Hampshire Daily'!L19<0), "0",'Hampshire Daily'!L20-'Hampshire Daily'!L19) -> 289 | L17: =IF(('Hampshire Daily'!M20-'Hampshire Daily'!M19<0), "0",'Hampshire Daily'!M20-'Hampshire Daily'!M19) -> 757 | M17: =IF(('Hampshire Daily'!N20-'Hampshire Daily'!N19<0), "0",'Hampshire Daily'!N20-'Hampshire Daily'!N19) -> 1088 | N17: =IF(('Hampshire Daily'!O20-'Hampshire Daily'!O19<0), "0",'Hampshire Daily'!O20-'Hampshire Daily'!O19) -> 203 | ... Q17: =IF(('Hampshire Daily'!R20-'Hampshire Daily'!R19<0), "0",'Hampshire Daily'!R20-'Hampshire Daily'!R19) -> 3 | R17: =IF(('Hampshire Daily'!U20-'Hampshire Daily'!U19<0), "0",'Hampshire Daily'!U20-'Hampshire Daily'!U19) -> 9 | S17: =IF(('Hampshire Daily'!V20-'Hampshire Daily'!V19<0), "0",'Hampshire Daily'!V20-'Hampshire Daily'!V19) -> 25 | T17: =IF(('Hampshire Daily'!X20-'Hampshire Daily'!X19<0), "0",'Hampshire Daily'!X20-'Hampshire Daily'!X19) -> 0.075 | U17: =IF(('Hampshire Daily'!Y20-'Hampshire Daily'!Y19<0), "0",'Hampshire Daily'!Y20-'Hampshire Daily'!Y19) -> 0.013 | V17: =IF(('Hampshire Daily'!Z20-'Hampshire Daily'!Z19<0), "0",'Hampshire Daily'!Z20-'Hampshire Daily'!Z19) -> 0 | W17: =IF(('Hampshire Daily'!#REF!-'Hampshire Daily'!#REF!<0), "0",'Hampshire Daily'!#REF!-'Hampshire Daily'!#REF!) -> #REF! | X17: ='Hampshire Daily'!B20 -> 66 | Y17: ='Hampshire Daily'!C20 -> 108
A18: Hampshire | B18: =B17+1 -> 17 | C18: 9 | D18: 2019 | E18: =IF(('Hampshire Daily'!D21-'Hampshire Daily'!D20<0), "0",('Hampshire Daily'!D21-'Hampshire Daily'!D20)*10) -> 4700 | F18: =IF(('Hampshire Daily'!F21-'Hampshire Daily'!F20<0), "0",('Hampshire Daily'!F21-'Hampshire Daily'!F20)*10) -> 6620 | G18: =IF(('Hampshire Daily'!H21-'Hampshire Daily'!H20<0), "0",'Hampshire Daily'!H21-'Hampshire Daily'!H20) -> 637 | H18: =IF(('Hampshire Daily'!I21-'Hampshire Daily'!I20<0), "0",'Hampshire Daily'!I21-'Hampshire Daily'!I20) -> 0 | I18: =IF(('Hampshire Daily'!J21-'Hampshire Daily'!J20<0), "0",'Hampshire Daily'!J21-'Hampshire Daily'!J20) -> 0 | J18: =IF(('Hampshire Daily'!K21-'Hampshire Daily'!K20<0), "0",'Hampshire Daily'!K21-'Hampshire Daily'!K20) -> 0 | K18: =IF(('Hampshire Daily'!L21-'Hampshire Daily'!L20<0), "0",'Hampshire Daily'!L21-'Hampshire Daily'!L20) -> 942 | L18: =IF(('Hampshire Daily'!M21-'Hampshire Daily'!M20<0), "0",'Hampshire Daily'!M21-'Hampshire Daily'!M20) -> 795 | M18: =IF(('Hampshire Daily'!N21-'Hampshire Daily'!N20<0), "0",'Hampshire Daily'!N21-'Hampshire Daily'!N20) -> 1224 | N18: =IF(('Hampshire Daily'!O21-'Hampshire Daily'!O20<0), "0",'Hampshire Daily'!O21-'Hampshire Daily'!O20) -> 183 | ... Q18: =IF(('Hampshire Daily'!R21-'Hampshire Daily'!R20<0), "0",'Hampshire Daily'!R21-'Hampshire Daily'!R20) -> 2 | R18: =IF(('Hampshire Daily'!U21-'Hampshire Daily'!U20<0), "0",'Hampshire Daily'!U21-'Hampshire Daily'!U20) -> 8 | S18: =IF(('Hampshire Daily'!V21-'Hampshire Daily'!V20<0), "0",'Hampshire Daily'!V21-'Hampshire Daily'!V20) -> 0 | T18: =IF(('Hampshire Daily'!Y21-'Hampshire Daily'!X20<0), "0",'Hampshire Daily'!Y21-'Hampshire Daily'!X20) -> 454.029 | U18: =IF(('Hampshire Daily'!Z21-'Hampshire Daily'!Y20<0), "0",'Hampshire Daily'!Z21-'Hampshire Daily'!Y20) -> 3022.91 | V18: =IF(('Hampshire Daily'!#REF!-'Hampshire Daily'!Z20<0), "0",'Hampshire Daily'!#REF!-'Hampshire Daily'!Z20) -> #REF! | W18: =IF(('Hampshire Daily'!#REF!-'Hampshire Daily'!#REF!<0), "0",'Hampshire Daily'!#REF!-'Hampshire Daily'!#REF!) -> #REF! | X18: ='Hampshire Daily'!B21 -> 107 | Y18: ='Hampshire Daily'!C21 -> 164
A19: Hampshire | B19: =B18+1 -> 18 | C19: 9 | D19: 2019 | E19: =IF(('Hampshire Daily'!D22-'Hampshire Daily'!D21<0), "0",('Hampshire Daily'!D22-'Hampshire Daily'!D21)*10) -> 4870 | F19: =IF(('Hampshire Daily'!F22-'Hampshire Daily'!F21<0), "0",('Hampshire Daily'!F22-'Hampshire Daily'!F21)*10) -> 5730 | G19: =IF(('Hampshire Daily'!H22-'Hampshire Daily'!H21<0), "0",'Hampshire Daily'!H22-'Hampshire Daily'!H21) -> 701 | H19: =IF(('Hampshire Daily'!I22-'Hampshire Daily'!I21<0), "0",'Hampshire Daily'!I22-'Hampshire Daily'!I21) -> 0 | I19: =IF(('Hampshire Daily'!J22-'Hampshire Daily'!J21<0), "0",'Hampshire Daily'!J22-'Hampshire Daily'!J21) -> 0 | J19: =IF(('Hampshire Daily'!K22-'Hampshire Daily'!K21<0), "0",'Hampshire Daily'!K22-'Hampshire Daily'!K21) -> 0 | K19: =IF(('Hampshire Daily'!L22-'Hampshire Daily'!L21<0), "0",'Hampshire Daily'!L22-'Hampshire Daily'!L21) -> 1035 | L19: =IF(('Hampshire Daily'!M22-'Hampshire Daily'!M21<0), "0",'Hampshire Daily'!M22-'Hampshire Daily'!M21) -> 779 | M19: =IF(('Hampshire Daily'!N22-'Hampshire Daily'!N21<0), "0",'Hampshire Daily'!N22-'Hampshire Daily'!N21) -> 1381 | N19: =IF(('Hampshire Daily'!O22-'Hampshire Daily'!O21<0), "0",'Hampshire Daily'!O22-'Hampshire Daily'!O21) -> 185 | ... Q19: =IF(('Hampshire Daily'!R22-'Hampshire Daily'!R21<0), "0",'Hampshire Daily'!R22-'Hampshire Daily'!R21) -> 0 | R19: =IF(('Hampshire Daily'!U22-'Hampshire Daily'!U21<0), "0",'Hampshire Daily'!U22-'Hampshire Daily'!U21) -> 8 | S19: =IF(('Hampshire Daily'!V22-'Hampshire Daily'!V21<0), "0",'Hampshire Daily'!V22-'Hampshire Daily'!V21) -> 2 | T19: =IF(('Hampshire Daily'!Y22-'Hampshire Daily'!Y21<0), "0",'Hampshire Daily'!Y22-'Hampshire Daily'!Y21) -> 0.034 | U19: =IF(('Hampshire Daily'!Z22-'Hampshire Daily'!Z21<0), "0",'Hampshire Daily'!Z22-'Hampshire Daily'!Z21) -> 0 | V19: =IF(('Hampshire Daily'!#REF!-'Hampshire Daily'!#REF!<0), "0",'Hampshire Daily'!#REF!-'Hampshire Daily'!#REF!) -> #REF! | W19: =IF(('Hampshire Daily'!#REF!-'Hampshire Daily'!#REF!<0), "0",'Hampshire Daily'!#REF!-'Hampshire Daily'!#REF!) -> #REF! | X19: ='Hampshire Daily'!B22 -> 128 | Y19: ='Hampshire Daily'!C22 -> 177
A20: Hampshire | B20: =B19+1 -> 19 | C20: 9 | D20: 2019 | E20: =IF(('Hampshire Daily'!D23-'Hampshire Daily'!D22<0), "0",('Hampshire Daily'!D23-'Hampshire Daily'!D22)*10) -> 5420 | F20: =IF(('Hampshire Daily'!F23-'Hampshire Daily'!F22<0), "0",('Hampshire Daily'!F23-'Hampshire Daily'!F22)*10) -> 5860 | G20: =IF(('Hampshire Daily'!H23-'Hampshire Daily'!H22<0), "0",'Hampshire Daily'!H23-'Hampshire Daily'!H22) -> 769 | H20: =IF(('Hampshire Daily'!I23-'Hampshire Daily'!I22<0), "0",'Hampshire Daily'!I23-'Hampshire Daily'!I22) -> 0 | I20: =IF(('Hampshire Daily'!J23-'Hampshire Daily'!J22<0), "0",'Hampshire Daily'!J23-'Hampshire Daily'!J22) -> 0 | J20: =IF(('Hampshire Daily'!K23-'Hampshire Daily'!K22<0), "0",'Hampshire Daily'!K23-'Hampshire Daily'!K22) -> 0 | K20: =IF(('Hampshire Daily'!L23-'Hampshire Daily'!L22<0), "0",'Hampshire Daily'!L23-'Hampshire Daily'!L22) -> 1035 | L20: =IF(('Hampshire Daily'!M23-'Hampshire Daily'!M22<0), "0",'Hampshire Daily'!M23-'Hampshire Daily'!M22) -> 799 | M20: =IF(('Hampshire Daily'!N23-'Hampshire Daily'!N22<0), "0",'Hampshire Daily'!N23-'Hampshire Daily'!N22) -> 1477 | N20: =IF(('Hampshire Daily'!O23-'Hampshire Daily'!O22<0), "0",'Hampshire Daily'!O23-'Hampshire Daily'!O22) -> 200 | ... Q20: =IF(('Hampshire Daily'!R23-'Hampshire Daily'!R22<0), "0",'Hampshire Daily'!R23-'Hampshire Daily'!R22) -> 0 | R20: =IF(('Hampshire Daily'!U23-'Hampshire Daily'!U22<0), "0",'Hampshire Daily'!U23-'Hampshire Daily'!U22) -> 11 | S20: =IF(('Hampshire Daily'!V23-'Hampshire Daily'!V22<0), "0",'Hampshire Daily'!V23-'Hampshire Daily'!V22) -> 1 | T20: =IF(('Hampshire Daily'!Y23-'Hampshire Daily'!Y22<0), "0",'Hampshire Daily'!Y23-'Hampshire Daily'!Y22) -> 0.024 | U20: =IF(('Hampshire Daily'!Z23-'Hampshire Daily'!Z22<0), "0",'Hampshire Daily'!Z23-'Hampshire Daily'!Z22) -> 0 | V20: =IF(('Hampshire Daily'!#REF!-'Hampshire Daily'!#REF!<0), "0",'Hampshire Daily'!#REF!-'Hampshire Daily'!#REF!) -> #REF! | W20: =IF(('Hampshire Daily'!#REF!-'Hampshire Daily'!#REF!<0), "0",'Hampshire Daily'!#REF!-'Hampshire Daily'!#REF!) -> #REF! | X20: ='Hampshire Daily'!B23 -> 75 | Y20: ='Hampshire Daily'!C23 -> 136
A21: Hampshire | B21: =B20+1 -> 20 | C21: 9 | D21: 2019 | E21: =IF(('Hampshire Daily'!D24-'Hampshire Daily'!D23<0), "0",('Hampshire Daily'!D24-'Hampshire Daily'!D23)*10) -> 5600 | F21: =IF(('Hampshire Daily'!F24-'Hampshire Daily'!F23<0), "0",('Hampshire Daily'!F24-'Hampshire Daily'!F23)*10) -> 5910 | G21: =IF(('Hampshire Daily'!H24-'Hampshire Daily'!H23<0), "0",'Hampshire Daily'!H24-'Hampshire Daily'!H23) -> 778 | H21: =IF(('Hampshire Daily'!I24-'Hampshire Daily'!I23<0), "0",'Hampshire Daily'!I24-'Hampshire Daily'!I23) -> 0 | I21: =IF(('Hampshire Daily'!J24-'Hampshire Daily'!J23<0), "0",'Hampshire Daily'!J24-'Hampshire Daily'!J23) -> 0 | J21: =IF(('Hampshire Daily'!K24-'Hampshire Daily'!K23<0), "0",'Hampshire Daily'!K24-'Hampshire Daily'!K23) -> 0 | K21: =IF(('Hampshire Daily'!L24-'Hampshire Daily'!L23<0), "0",'Hampshire Daily'!L24-'Hampshire Daily'!L23) -> 1035 | L21: =IF(('Hampshire Daily'!M24-'Hampshire Daily'!M23<0), "0",'Hampshire Daily'!M24-'Hampshire Daily'!M23) -> 795 | M21: =IF(('Hampshire Daily'!N24-'Hampshire Daily'!N23<0), "0",'Hampshire Daily'!N24-'Hampshire Daily'!N23) -> 1409 | N21: =IF(('Hampshire Daily'!O24-'Hampshire Daily'!O23<0), "0",'Hampshire Daily'!O24-'Hampshire Daily'!O23) -> 187 | ... Q21: =IF(('Hampshire Daily'!R24-'Hampshire Daily'!R23<0), "0",'Hampshire Daily'!R24-'Hampshire Daily'!R23) -> 0 | R21: =IF(('Hampshire Daily'!U24-'Hampshire Daily'!U23<0), "0",'Hampshire Daily'!U24-'Hampshire Daily'!U23) -> 15 | S21: =IF(('Hampshire Daily'!V24-'Hampshire Daily'!V23<0), "0",'Hampshire Daily'!V24-'Hampshire Daily'!V23) -> 1 | T21: =IF(('Hampshire Daily'!Y24-'Hampshire Daily'!Y23<0), "0",'Hampshire Daily'!Y24-'Hampshire Daily'!Y23) -> 0.028 | U21: =IF(('Hampshire Daily'!Z24-'Hampshire Daily'!Z23<0), "0",'Hampshire Daily'!Z24-'Hampshire Daily'!Z23) -> 0 | V21: =IF(('Hampshire Daily'!#REF!-'Hampshire Daily'!#REF!<0), "0",'Hampshire Daily'!#REF!-'Hampshire Daily'!#REF!) -> #REF! | W21: =IF(('Hampshire Daily'!#REF!-'Hampshire Daily'!#REF!<0), "0",'Hampshire Daily'!#REF!-'Hampshire Daily'!#REF!) -> #REF! | X21: ='Hampshire Daily'!B24 -> 66 | Y21: ='Hampshire Daily'!C24 -> 177
A22: Hampshire | B22: =B21+1 -> 21 | C22: 9 | D22: 2019 | E22: =IF(('Hampshire Daily'!D25-'Hampshire Daily'!D24<0), "0",('Hampshire Daily'!D25-'Hampshire Daily'!D24)*10) -> 4820 | F22: =IF(('Hampshire Daily'!F25-'Hampshire Daily'!F24<0), "0",('Hampshire Daily'!F25-'Hampshire Daily'!F24)*10) -> 6680 | G22: =IF(('Hampshire Daily'!H25-'Hampshire Daily'!H24<0), "0",'Hampshire Daily'!H25-'Hampshire Daily'!H24) -> 778 | H22: =IF(('Hampshire Daily'!I25-'Hampshire Daily'!I24<0), "0",'Hampshire Daily'!I25-'Hampshire Daily'!I24) -> 0 | I22: =IF(('Hampshire Daily'!J25-'Hampshire Daily'!J24<0), "0",'Hampshire Daily'!J25-'Hampshire Daily'!J24) -> 0 | J22: =IF(('Hampshire Daily'!K25-'Hampshire Daily'!K24<0), "0",'Hampshire Daily'!K25-'Hampshire Daily'!K24) -> 0 | K22: =IF(('Hampshire Daily'!L25-'Hampshire Daily'!L24<0), "0",'Hampshire Daily'!L25-'Hampshire Daily'!L24) -> 1035 | L22: =IF(('Hampshire Daily'!M25-'Hampshire Daily'!M24<0), "0",'Hampshire Daily'!M25-'Hampshire Daily'!M24) -> 795 | M22: =IF(('Hampshire Daily'!N25-'Hampshire Daily'!N24<0), "0",'Hampshire Daily'!N25-'Hampshire Daily'!N24) -> 1282 | N22: =IF(('Hampshire Daily'!O25-'Hampshire Daily'!O24<0), "0",'Hampshire Daily'!O25-'Hampshire Daily'!O24) -> 187 | ... Q22: =IF(('Hampshire Daily'!R25-'Hampshire Daily'!R24<0), "0",'Hampshire Daily'!R25-'Hampshire Daily'!R24) -> 1.5 | R22: =IF(('Hampshire Daily'!U25-'Hampshire Daily'!U24<0), "0",'Hampshire Daily'!U25-'Hampshire Daily'!U24) -> 7.5 | S22: =IF(('Hampshire Daily'!V25-'Hampshire Daily'!V24<0), "0",'Hampshire Daily'!V25-'Hampshire Daily'!V24) -> 0 | T22: =IF(('Hampshire Daily'!Y25-'Hampshire Daily'!Y24<0), "0",'Hampshire Daily'!Y25-'Hampshire Daily'!Y24) -> 0.014 | U22: =IF(('Hampshire Daily'!Z25-'Hampshire Daily'!Z24<0), "0",'Hampshire Daily'!Z25-'Hampshire Daily'!Z24) -> 0 | V22: =IF(('Hampshire Daily'!#REF!-'Hampshire Daily'!#REF!<0), "0",'Hampshire Daily'!#REF!-'Hampshire Daily'!#REF!) -> #REF! | W22: =IF(('Hampshire Daily'!#REF!-'Hampshire Daily'!#REF!<0), "0",'Hampshire Daily'!#REF!-'Hampshire Daily'!#REF!) -> #REF! | X22: ='Hampshire Daily'!B25 -> 121 | Y22: ='Hampshire Daily'!C25 -> 304
A23: Hampshire | B23: =B22+1 -> 22 | C23: 9 | D23: 2019 | E23: =IF(('Hampshire Daily'!D26-'Hampshire Daily'!D25<0), "0",('Hampshire Daily'!D26-'Hampshire Daily'!D25)*10) -> 4820 | F23: =IF(('Hampshire Daily'!F26-'Hampshire Daily'!F25<0), "0",('Hampshire Daily'!F26-'Hampshire Daily'!F25)*10) -> 6680 | G23: =IF(('Hampshire Daily'!H26-'Hampshire Daily'!H25<0), "0",'Hampshire Daily'!H26-'Hampshire Daily'!H25) -> 778 | H23: =IF(('Hampshire Daily'!I26-'Hampshire Daily'!I25<0), "0",'Hampshire Daily'!I26-'Hampshire Daily'!I25) -> 0 | I23: =IF(('Hampshire Daily'!J26-'Hampshire Daily'!J25<0), "0",'Hampshire Daily'!J26-'Hampshire Daily'!J25) -> 0 | J23: =IF(('Hampshire Daily'!K26-'Hampshire Daily'!K25<0), "0",'Hampshire Daily'!K26-'Hampshire Daily'!K25) -> 0 | K23: =IF(('Hampshire Daily'!L26-'Hampshire Daily'!L25<0), "0",'Hampshire Daily'!L26-'Hampshire Daily'!L25) -> 1035 | L23: =IF(('Hampshire Daily'!M26-'Hampshire Daily'!M25<0), "0",'Hampshire Daily'!M26-'Hampshire Daily'!M25) -> 795 | M23: =IF(('Hampshire Daily'!N26-'Hampshire Daily'!N25<0), "0",'Hampshire Daily'!N26-'Hampshire Daily'!N25) -> 1283 | N23: =IF(('Hampshire Daily'!O26-'Hampshire Daily'!O25<0), "0",'Hampshire Daily'!O26-'Hampshire Daily'!O25) -> 187 | ... Q23: =IF(('Hampshire Daily'!R26-'Hampshire Daily'!R25<0), "0",'Hampshire Daily'!R26-'Hampshire Daily'!R25) -> 1.5 | R23: =IF(('Hampshire Daily'!U26-'Hampshire Daily'!U25<0), "0",'Hampshire Daily'!U26-'Hampshire Daily'!U25) -> 7.5 | S23: =IF(('Hampshire Daily'!V26-'Hampshire Daily'!V25<0), "0",'Hampshire Daily'!V26-'Hampshire Daily'!V25) -> 1 | T23: =IF(('Hampshire Daily'!Y26-'Hampshire Daily'!Y25<0), "0",'Hampshire Daily'!Y26-'Hampshire Daily'!Y25) -> 0.042 | U23: =IF(('Hampshire Daily'!Z26-'Hampshire Daily'!Z25<0), "0",'Hampshire Daily'!Z26-'Hampshire Daily'!Z25) -> 0.045 | V23: =IF(('Hampshire Daily'!#REF!-'Hampshire Daily'!#REF!<0), "0",'Hampshire Daily'!#REF!-'Hampshire Daily'!#REF!) -> #REF! | W23: =IF(('Hampshire Daily'!#REF!-'Hampshire Daily'!#REF!<0), "0",'Hampshire Daily'!#REF!-'Hampshire Daily'!#REF!) -> #REF! | X23: ='Hampshire Daily'!B26 -> 120 | Y23: ='Hampshire Daily'!C26 -> 189
A24: Hampshire | B24: =B23+1 -> 23 | C24: 9 | D24: 2019 | E24: =IF(('Hampshire Daily'!D27-'Hampshire Daily'!D26<0), "0",('Hampshire Daily'!D27-'Hampshire Daily'!D26)*10) -> 5510 | F24: =IF(('Hampshire Daily'!F27-'Hampshire Daily'!F26<0), "0",('Hampshire Daily'!F27-'Hampshire Daily'!F26)*10) -> 7600 | G24: =IF(('Hampshire Daily'!H27-'Hampshire Daily'!H26<0), "0",'Hampshire Daily'!H27-'Hampshire Daily'!H26) -> 780 | H24: =IF(('Hampshire Daily'!I27-'Hampshire Daily'!I26<0), "0",'Hampshire Daily'!I27-'Hampshire Daily'!I26) -> 0 | I24: =IF(('Hampshire Daily'!J27-'Hampshire Daily'!J26<0), "0",'Hampshire Daily'!J27-'Hampshire Daily'!J26) -> 0 | J24: =IF(('Hampshire Daily'!K27-'Hampshire Daily'!K26<0), "0",'Hampshire Daily'!K27-'Hampshire Daily'!K26) -> 0 | K24: =IF(('Hampshire Daily'!L27-'Hampshire Daily'!L26<0), "0",'Hampshire Daily'!L27-'Hampshire Daily'!L26) -> 1035 | L24: =IF(('Hampshire Daily'!M27-'Hampshire Daily'!M26<0), "0",'Hampshire Daily'!M27-'Hampshire Daily'!M26) -> 795 | M24: =IF(('Hampshire Daily'!N27-'Hampshire Daily'!N26<0), "0",'Hampshire Daily'!N27-'Hampshire Daily'!N26) -> 1454 | N24: =IF(('Hampshire Daily'!O27-'Hampshire Daily'!O26<0), "0",'Hampshire Daily'!O27-'Hampshire Daily'!O26) -> 189.7 | ... Q24: =IF(('Hampshire Daily'!R27-'Hampshire Daily'!R26<0), "0",'Hampshire Daily'!R27-'Hampshire Daily'!R26) -> 3 | R24: =IF(('Hampshire Daily'!U27-'Hampshire Daily'!U26<0), "0",'Hampshire Daily'!U27-'Hampshire Daily'!U26) -> 8 | S24: =IF(('Hampshire Daily'!V27-'Hampshire Daily'!V26<0), "0",'Hampshire Daily'!V27-'Hampshire Daily'!V26) -> 0 | T24: =IF(('Hampshire Daily'!Y27-'Hampshire Daily'!Y26<0), "0",'Hampshire Daily'!Y27-'Hampshire Daily'!Y26) -> 0.011 | U24: =IF(('Hampshire Daily'!Z27-'Hampshire Daily'!Z26<0), "0",'Hampshire Daily'!Z27-'Hampshire Daily'!Z26) -> 0 | V24: =IF(('Hampshire Daily'!#REF!-'Hampshire Daily'!#REF!<0), "0",'Hampshire Daily'!#REF!-'Hampshire Daily'!#REF!) -> #REF! | W24: =IF(('Hampshire Daily'!#REF!-'Hampshire Daily'!#REF!<0), "0",'Hampshire Daily'!#REF!-'Hampshire Daily'!#REF!) -> #REF! | X24: ='Hampshire Daily'!B27 -> 106 | Y24: ='Hampshire Daily'!C27 -> 119
A25: Hampshire | B25: =B24+1 -> 24 | C25: 9 | D25: 2019 | E25: =IF(('Hampshire Daily'!D28-'Hampshire Daily'!D27<0), "0",('Hampshire Daily'!D28-'Hampshire Daily'!D27)*10) -> 5310 | F25: =IF(('Hampshire Daily'!F28-'Hampshire Daily'!F27<0), "0",('Hampshire Daily'!F28-'Hampshire Daily'!F27)*10) -> 0 | G25: =IF(('Hampshire Daily'!H28-'Hampshire Daily'!H27<0), "0",'Hampshire Daily'!H28-'Hampshire Daily'!H27) -> 769 | H25: =IF(('Hampshire Daily'!I28-'Hampshire Daily'!I27<0), "0",'Hampshire Daily'!I28-'Hampshire Daily'!I27) -> 0 | I25: =IF(('Hampshire Daily'!J28-'Hampshire Daily'!J27<0), "0",'Hampshire Daily'!J28-'Hampshire Daily'!J27) -> 0 | J25: =IF(('Hampshire Daily'!K28-'Hampshire Daily'!K27<0), "0",'Hampshire Daily'!K28-'Hampshire Daily'!K27) -> 0 | K25: =IF(('Hampshire Daily'!L28-'Hampshire Daily'!L27<0), "0",'Hampshire Daily'!L28-'Hampshire Daily'!L27) -> 1035 | L25: =IF(('Hampshire Daily'!M28-'Hampshire Daily'!M27<0), "0",'Hampshire Daily'!M28-'Hampshire Daily'!M27) -> 777 | M25: =IF(('Hampshire Daily'!N28-'Hampshire Daily'!N27<0), "0",'Hampshire Daily'!N28-'Hampshire Daily'!N27) -> 1393 | N25: =IF(('Hampshire Daily'!O28-'Hampshire Daily'!O27<0), "0",'Hampshire Daily'!O28-'Hampshire Daily'!O27) -> 203.3 | ... Q25: =IF(('Hampshire Daily'!R28-'Hampshire Daily'!R27<0), "0",'Hampshire Daily'!R28-'Hampshire Daily'!R27) -> 2 | R25: =IF(('Hampshire Daily'!U28-'Hampshire Daily'!U27<0), "0",'Hampshire Daily'!U28-'Hampshire Daily'!U27) -> 8 | S25: =IF(('Hampshire Daily'!V28-'Hampshire Daily'!V27<0), "0",'Hampshire Daily'!V28-'Hampshire Daily'!V27) -> 0 | T25: =IF(('Hampshire Daily'!Y28-'Hampshire Daily'!Y27<0), "0",'Hampshire Daily'!Y28-'Hampshire Daily'!Y27) -> 0.024 | U25: =IF(('Hampshire Daily'!Z28-'Hampshire Daily'!Z27<0), "0",'Hampshire Daily'!Z28-'Hampshire Daily'!Z27) -> 0.117 | V25: =IF(('Hampshire Daily'!#REF!-'Hampshire Daily'!#REF!<0), "0",'Hampshire Daily'!#REF!-'Hampshire Daily'!#REF!) -> #REF! | W25: =IF(('Hampshire Daily'!#REF!-'Hampshire Daily'!#REF!<0), "0",'Hampshire Daily'!#REF!-'Hampshire Daily'!#REF!) -> #REF! | X25: ='Hampshire Daily'!B28 -> 81 | Y25: ='Hampshire Daily'!C28 -> 100
A26: Hampshire | B26: =B25+1 -> 25 | C26: 9 | D26: 2019 | E26: =IF(('Hampshire Daily'!D29-'Hampshire Daily'!D28<0), "0",('Hampshire Daily'!D29-'Hampshire Daily'!D28)*10) -> 3800 | F26: =IF(('Hampshire Daily'!F29-'Hampshire Daily'!F28<0), "0",('Hampshire Daily'!F29-'Hampshire Daily'!F28)*10) -> 5450 | G26: =IF(('Hampshire Daily'!H29-'Hampshire Daily'!H28<0), "0",'Hampshire Daily'!H29-'Hampshire Daily'!H28) -> 755 | H26: =IF(('Hampshire Daily'!I29-'Hampshire Daily'!I28<0), "0",'Hampshire Daily'!I29-'Hampshire Daily'!I28) -> 0 | I26: =IF(('Hampshire Daily'!J29-'Hampshire Daily'!J28<0), "0",'Hampshire Daily'!J29-'Hampshire Daily'!J28) -> 0 | J26: =IF(('Hampshire Daily'!K29-'Hampshire Daily'!K28<0), "0",'Hampshire Daily'!K29-'Hampshire Daily'!K28) -> 0 | K26: =IF(('Hampshire Daily'!L29-'Hampshire Daily'!L28<0), "0",'Hampshire Daily'!L29-'Hampshire Daily'!L28) -> 1035 | L26: =IF(('Hampshire Daily'!M29-'Hampshire Daily'!M28<0), "0",'Hampshire Daily'!M29-'Hampshire Daily'!M28) -> 788 | M26: =IF(('Hampshire Daily'!N29-'Hampshire Daily'!N28<0), "0",'Hampshire Daily'!N29-'Hampshire Daily'!N28) -> 1049 | N26: =IF(('Hampshire Daily'!O29-'Hampshire Daily'!O28<0), "0",'Hampshire Daily'!O29-'Hampshire Daily'!O28) -> 149 | ... Q26: =IF(('Hampshire Daily'!R29-'Hampshire Daily'!R28<0), "0",'Hampshire Daily'!R29-'Hampshire Daily'!R28) -> 1 | R26: =IF(('Hampshire Daily'!U29-'Hampshire Daily'!U28<0), "0",'Hampshire Daily'!U29-'Hampshire Daily'!U28) -> 7 | S26: =IF(('Hampshire Daily'!V29-'Hampshire Daily'!V28<0), "0",'Hampshire Daily'!V29-'Hampshire Daily'!V28) -> 1 | T26: =IF(('Hampshire Daily'!Y29-'Hampshire Daily'!Y28<0), "0",'Hampshire Daily'!Y29-'Hampshire Daily'!Y28) -> 781040.27 | U26: =IF(('Hampshire Daily'!Z29-'Hampshire Daily'!Z28<0), "0",'Hampshire Daily'!Z29-'Hampshire Daily'!Z28) -> 0.429 | V26: =IF(('Hampshire Daily'!#REF!-'Hampshire Daily'!#REF!<0), "0",'Hampshire Daily'!#REF!-'Hampshire Daily'!#REF!) -> #REF! | W26: =IF(('Hampshire Daily'!#REF!-'Hampshire Daily'!#REF!<0), "0",'Hampshire Daily'!#REF!-'Hampshire Daily'!#REF!) -> #REF! | X26: ='Hampshire Daily'!B29 -> 129 | Y26: ='Hampshire Daily'!C29 -> 146
A27: Hampshire | B27: =B26+1 -> 26 | C27: 9 | D27: 2019 | E27: =IF(('Hampshire Daily'!D30-'Hampshire Daily'!D29<0), "0",('Hampshire Daily'!D30-'Hampshire Daily'!D29)*10) -> 5350 | F27: =IF(('Hampshire Daily'!F30-'Hampshire Daily'!F29<0), "0",('Hampshire Daily'!F30-'Hampshire Daily'!F29)*10) -> 5920 | G27: =IF(('Hampshire Daily'!H30-'Hampshire Daily'!H29<0), "0",'Hampshire Daily'!H30-'Hampshire Daily'!H29) -> 777 | H27: =IF(('Hampshire Daily'!I30-'Hampshire Daily'!I29<0), "0",'Hampshire Daily'!I30-'Hampshire Daily'!I29) -> 0 | I27: =IF(('Hampshire Daily'!J30-'Hampshire Daily'!J29<0), "0",'Hampshire Daily'!J30-'Hampshire Daily'!J29) -> 0 | J27: =IF(('Hampshire Daily'!K30-'Hampshire Daily'!K29<0), "0",'Hampshire Daily'!K30-'Hampshire Daily'!K29) -> 0 | K27: =IF(('Hampshire Daily'!L30-'Hampshire Daily'!L29<0), "0",'Hampshire Daily'!L30-'Hampshire Daily'!L29) -> 1001 | L27: =IF(('Hampshire Daily'!M30-'Hampshire Daily'!M29<0), "0",'Hampshire Daily'!M30-'Hampshire Daily'!M29) -> 789 | M27: =IF(('Hampshire Daily'!N30-'Hampshire Daily'!N29<0), "0",'Hampshire Daily'!N30-'Hampshire Daily'!N29) -> 1214 | N27: =IF(('Hampshire Daily'!O30-'Hampshire Daily'!O29<0), "0",'Hampshire Daily'!O30-'Hampshire Daily'!O29) -> 170 | ... Q27: =IF(('Hampshire Daily'!R30-'Hampshire Daily'!R29<0), "0",'Hampshire Daily'!R30-'Hampshire Daily'!R29) -> 1 | R27: =IF(('Hampshire Daily'!U30-'Hampshire Daily'!U29<0), "0",'Hampshire Daily'!U30-'Hampshire Daily'!U29) -> 7 | S27: =IF(('Hampshire Daily'!V30-'Hampshire Daily'!V29<0), "0",'Hampshire Daily'!V30-'Hampshire Daily'!V29) -> 0 | T27: =IF(('Hampshire Daily'!Y30-'Hampshire Daily'!Y29<0), "0",'Hampshire Daily'!Y30-'Hampshire Daily'!Y29) -> 26 | U27: =IF(('Hampshire Daily'!Z30-'Hampshire Daily'!Z29<0), "0",'Hampshire Daily'!Z30-'Hampshire Daily'!Z29) -> 0 | V27: =IF(('Hampshire Daily'!#REF!-'Hampshire Daily'!#REF!<0), "0",'Hampshire Daily'!#REF!-'Hampshire Daily'!#REF!) -> #REF! | W27: =IF(('Hampshire Daily'!#REF!-'Hampshire Daily'!#REF!<0), "0",'Hampshire Daily'!#REF!-'Hampshire Daily'!#REF!) -> #REF! | X27: ='Hampshire Daily'!B30 -> 59 | Y27: ='Hampshire Daily'!C30 -> 93
A28: Hampshire | B28: =B27+1 -> 27 | C28: 9 | D28: 2019 | E28: =IF(('Hampshire Daily'!D31-'Hampshire Daily'!D30<0), "0",('Hampshire Daily'!D31-'Hampshire Daily'!D30)*10) -> 4710 | F28: =IF(('Hampshire Daily'!F31-'Hampshire Daily'!F30<0), "0",('Hampshire Daily'!F31-'Hampshire Daily'!F30)*10) -> 6570 | G28: =IF(('Hampshire Daily'!H31-'Hampshire Daily'!H30<0), "0",'Hampshire Daily'!H31-'Hampshire Daily'!H30) -> 800 | H28: =IF(('Hampshire Daily'!I31-'Hampshire Daily'!I30<0), "0",'Hampshire Daily'!I31-'Hampshire Daily'!I30) -> 0 | I28: =IF(('Hampshire Daily'!J31-'Hampshire Daily'!J30<0), "0",'Hampshire Daily'!J31-'Hampshire Daily'!J30) -> 0 | J28: =IF(('Hampshire Daily'!K31-'Hampshire Daily'!K30<0), "0",'Hampshire Daily'!K31-'Hampshire Daily'!K30) -> 0 | K28: =IF(('Hampshire Daily'!L31-'Hampshire Daily'!L30<0), "0",'Hampshire Daily'!L31-'Hampshire Daily'!L30) -> 1035 | L28: =IF(('Hampshire Daily'!M31-'Hampshire Daily'!M30<0), "0",'Hampshire Daily'!M31-'Hampshire Daily'!M30) -> 791 | M28: =IF(('Hampshire Daily'!N31-'Hampshire Daily'!N30<0), "0",'Hampshire Daily'!N31-'Hampshire Daily'!N30) -> 1260 | N28: =IF(('Hampshire Daily'!O31-'Hampshire Daily'!O30<0), "0",'Hampshire Daily'!O31-'Hampshire Daily'!O30) -> 176 | ... Q28: =IF(('Hampshire Daily'!R31-'Hampshire Daily'!R30<0), "0",'Hampshire Daily'!R31-'Hampshire Daily'!R30) -> 2 | R28: =IF(('Hampshire Daily'!U31-'Hampshire Daily'!U30<0), "0",'Hampshire Daily'!U31-'Hampshire Daily'!U30) -> 8 | S28: =IF(('Hampshire Daily'!V31-'Hampshire Daily'!V30<0), "0",'Hampshire Daily'!V31-'Hampshire Daily'!V30) -> 1 | T28: =IF(('Hampshire Daily'!Y31-'Hampshire Daily'!Y30<0), "0",'Hampshire Daily'!Y31-'Hampshire Daily'!Y30) -> 0 | U28: =IF(('Hampshire Daily'!Z31-'Hampshire Daily'!Z30<0), "0",'Hampshire Daily'!Z31-'Hampshire Daily'!Z30) -> 0 | V28: =IF(('Hampshire Daily'!#REF!-'Hampshire Daily'!#REF!<0), "0",'Hampshire Daily'!#REF!-'Hampshire Daily'!#REF!) -> #REF! | W28: =IF(('Hampshire Daily'!#REF!-'Hampshire Daily'!#REF!<0), "0",'Hampshire Daily'!#REF!-'Hampshire Daily'!#REF!) -> #REF! | X28: ='Hampshire Daily'!B31 -> 66 | Y28: ='Hampshire Daily'!C31 -> 168
A29: Hampshire | B29: =B28+1 -> 28 | C29: 9 | D29: 2019 | E29: =IF(('Hampshire Daily'!D32-'Hampshire Daily'!D31<0), "0",('Hampshire Daily'!D32-'Hampshire Daily'!D31)*10) -> 4750 | F29: =IF(('Hampshire Daily'!F32-'Hampshire Daily'!F31<0), "0",('Hampshire Daily'!F32-'Hampshire Daily'!F31)*10) -> 6940 | G29: =IF(('Hampshire Daily'!H32-'Hampshire Daily'!H31<0), "0",'Hampshire Daily'!H32-'Hampshire Daily'!H31) -> 788 | H29: =IF(('Hampshire Daily'!I32-'Hampshire Daily'!I31<0), "0",'Hampshire Daily'!I32-'Hampshire Daily'!I31) -> 0 | I29: =IF(('Hampshire Daily'!J32-'Hampshire Daily'!J31<0), "0",'Hampshire Daily'!J32-'Hampshire Daily'!J31) -> 0 | J29: =IF(('Hampshire Daily'!K32-'Hampshire Daily'!K31<0), "0",'Hampshire Daily'!K32-'Hampshire Daily'!K31) -> 0 | K29: =IF(('Hampshire Daily'!L32-'Hampshire Daily'!L31<0), "0",'Hampshire Daily'!L32-'Hampshire Daily'!L31) -> 1035 | L29: =IF(('Hampshire Daily'!M32-'Hampshire Daily'!M31<0), "0",'Hampshire Daily'!M32-'Hampshire Daily'!M31) -> 846 | M29: =IF(('Hampshire Daily'!N32-'Hampshire Daily'!N31<0), "0",'Hampshire Daily'!N32-'Hampshire Daily'!N31) -> 1428 | N29: =IF(('Hampshire Daily'!O32-'Hampshire Daily'!O31<0), "0",'Hampshire Daily'!O32-'Hampshire Daily'!O31) -> 192 | ... Q29: =IF(('Hampshire Daily'!R32-'Hampshire Daily'!R31<0), "0",'Hampshire Daily'!R32-'Hampshire Daily'!R31) -> 2 | R29: =IF(('Hampshire Daily'!U32-'Hampshire Daily'!U31<0), "0",'Hampshire Daily'!U32-'Hampshire Daily'!U31) -> 8 | S29: =IF(('Hampshire Daily'!V32-'Hampshire Daily'!V31<0), "0",'Hampshire Daily'!V32-'Hampshire Daily'!V31) -> 1 | T29: =IF(('Hampshire Daily'!Y32-'Hampshire Daily'!Y31<0), "0",'Hampshire Daily'!Y32-'Hampshire Daily'!Y31) -> 0.036 | U29: =IF(('Hampshire Daily'!Z32-'Hampshire Daily'!Z31<0), "0",'Hampshire Daily'!Z32-'Hampshire Daily'!Z31) -> 0 | V29: =IF(('Hampshire Daily'!#REF!-'Hampshire Daily'!#REF!<0), "0",'Hampshire Daily'!#REF!-'Hampshire Daily'!#REF!) -> #REF! | W29: =IF(('Hampshire Daily'!#REF!-'Hampshire Daily'!#REF!<0), "0",'Hampshire Daily'!#REF!-'Hampshire Daily'!#REF!) -> #REF! | X29: ='Hampshire Daily'!B32 -> 119 | Y29: ='Hampshire Daily'!C32 -> 283
A30: Hampshire | B30: =B29+1 -> 29 | C30: 9 | D30: 2019 | E30: =IF(('Hampshire Daily'!D33-'Hampshire Daily'!D32<0), "0",('Hampshire Daily'!D33-'Hampshire Daily'!D32)*10) -> 4690 | F30: =IF(('Hampshire Daily'!F33-'Hampshire Daily'!F32<0), "0",('Hampshire Daily'!F33-'Hampshire Daily'!F32)*10) -> 7000 | G30: =IF(('Hampshire Daily'!H33-'Hampshire Daily'!H32<0), "0",'Hampshire Daily'!H33-'Hampshire Daily'!H32) -> 779 | H30: =IF(('Hampshire Daily'!I33-'Hampshire Daily'!I32<0), "0",'Hampshire Daily'!I33-'Hampshire Daily'!I32) -> 0 | I30: =IF(('Hampshire Daily'!J33-'Hampshire Daily'!J32<0), "0",'Hampshire Daily'!J33-'Hampshire Daily'!J32) -> 0 | J30: =IF(('Hampshire Daily'!K33-'Hampshire Daily'!K32<0), "0",'Hampshire Daily'!K33-'Hampshire Daily'!K32) -> 0 | K30: =IF(('Hampshire Daily'!L33-'Hampshire Daily'!L32<0), "0",'Hampshire Daily'!L33-'Hampshire Daily'!L32) -> 1035 | L30: =IF(('Hampshire Daily'!M33-'Hampshire Daily'!M32<0), "0",'Hampshire Daily'!M33-'Hampshire Daily'!M32) -> 790 | M30: =IF(('Hampshire Daily'!N33-'Hampshire Daily'!N32<0), "0",'Hampshire Daily'!N33-'Hampshire Daily'!N32) -> 1343 | N30: =IF(('Hampshire Daily'!O33-'Hampshire Daily'!O32<0), "0",'Hampshire Daily'!O33-'Hampshire Daily'!O32) -> 186 | ... Q30: =IF(('Hampshire Daily'!R33-'Hampshire Daily'!R32<0), "0",'Hampshire Daily'!R33-'Hampshire Daily'!R32) -> 1 | R30: =IF(('Hampshire Daily'!U33-'Hampshire Daily'!U32<0), "0",'Hampshire Daily'!U33-'Hampshire Daily'!U32) -> 9 | S30: =IF(('Hampshire Daily'!V33-'Hampshire Daily'!V32<0), "0",'Hampshire Daily'!V33-'Hampshire Daily'!V32) -> 0 | T30: =IF(('Hampshire Daily'!Y33-'Hampshire Daily'!Y32<0), "0",'Hampshire Daily'!Y33-'Hampshire Daily'!Y32) -> 0.023 | U30: =IF(('Hampshire Daily'!Z33-'Hampshire Daily'!Z32<0), "0",'Hampshire Daily'!Z33-'Hampshire Daily'!Z32) -> 0 | V30: =IF(('Hampshire Daily'!#REF!-'Hampshire Daily'!#REF!<0), "0",'Hampshire Daily'!#REF!-'Hampshire Daily'!#REF!) -> #REF! | W30: =IF(('Hampshire Daily'!#REF!-'Hampshire Daily'!#REF!<0), "0",'Hampshire Daily'!#REF!-'Hampshire Daily'!#REF!) -> #REF! | X30: ='Hampshire Daily'!B33 -> 43 | Y30: ='Hampshire Daily'!C33 -> 82
A31: Hampshire | B31: =B30+1 -> 30 | C31: 9 | D31: 2019 | E31: =IF(('Hampshire Daily'!D34-'Hampshire Daily'!D33<0), "0",('Hampshire Daily'!D34-'Hampshire Daily'!D33)*10) -> 4530 | F31: =IF(('Hampshire Daily'!F34-'Hampshire Daily'!F33<0), "0",('Hampshire Daily'!F34-'Hampshire Daily'!F33)*10) -> 6920 | G31: =IF(('Hampshire Daily'!H34-'Hampshire Daily'!H33<0), "0",'Hampshire Daily'!H34-'Hampshire Daily'!H33) -> 784 | H31: =IF(('Hampshire Daily'!I34-'Hampshire Daily'!I33<0), "0",'Hampshire Daily'!I34-'Hampshire Daily'!I33) -> 6146888 | I31: =IF(('Hampshire Daily'!J34-'Hampshire Daily'!J33<0), "0",'Hampshire Daily'!J34-'Hampshire Daily'!J33) -> 30888 | J31: =IF(('Hampshire Daily'!K34-'Hampshire Daily'!K33<0), "0",'Hampshire Daily'!K34-'Hampshire Daily'!K33) -> 3969196 | K31: =IF(('Hampshire Daily'!L34-'Hampshire Daily'!L33<0), "0",'Hampshire Daily'!L34-'Hampshire Daily'!L33) -> 1189 | L31: =IF(('Hampshire Daily'!M34-'Hampshire Daily'!M33<0), "0",'Hampshire Daily'!M34-'Hampshire Daily'!M33) -> 788 | M31: =IF(('Hampshire Daily'!N34-'Hampshire Daily'!N33<0), "0",'Hampshire Daily'!N34-'Hampshire Daily'!N33) -> 1382 | N31: =IF(('Hampshire Daily'!O34-'Hampshire Daily'!O33<0), "0",'Hampshire Daily'!O34-'Hampshire Daily'!O33) -> 185 | ... Q31: =IF(('Hampshire Daily'!R34-'Hampshire Daily'!R33<0), "0",'Hampshire Daily'!R34-'Hampshire Daily'!R33) -> 1 | R31: =IF(('Hampshire Daily'!U34-'Hampshire Daily'!U33<0), "0",'Hampshire Daily'!U34-'Hampshire Daily'!U33) -> 11 | S31: =IF(('Hampshire Daily'!V34-'Hampshire Daily'!V33<0), "0",'Hampshire Daily'!V34-'Hampshire Daily'!V33) -> 1 | T31: =IF(('Hampshire Daily'!Y34-'Hampshire Daily'!Y33<0), "0",'Hampshire Daily'!Y34-'Hampshire Daily'!Y33) -> 781186.06 | U31: =IF(('Hampshire Daily'!Z34-'Hampshire Daily'!Z33<0), "0",'Hampshire Daily'!Z34-'Hampshire Daily'!Z33) -> 0 | V31: =IF(('Hampshire Daily'!#REF!-'Hampshire Daily'!#REF!<0), "0",'Hampshire Daily'!#REF!-'Hampshire Daily'!#REF!) -> #REF! | W31: =IF(('Hampshire Daily'!#REF!-'[1]Hampshire Submetering!Daily'!#REF!<0), "0",'Hampshire Daily'!#REF!-'Hampshire Daily'!#REF!) -> #REF! | X31: ='Hampshire Daily'!B34 -> 68 | Y31: ='Hampshire Daily'!C34 -> 91

Sheet Hampshire Daily
D1: Electrical | N1: Gas | O1: Main Site Water Meter | S1: Water Softener Meter | U1: Hard Water Supply | V1: Pool Supply | X1: LTHW Spa | Y1: LTHW East | Z1: Chilled make-up | AA1: Engineer
B2: Room Night | C2: Guest | D2: Meter 1 | E2: Check 1 | F2: Meter 2 | G2: Check 2 | H2: East MCC | I2: South MCC 1 | J2: South MCC 2 | K2: West MCC | L2: Kitchen sub meter | M2: Spa electric | P2: Chiller | Q2: Chiller | R2: Chiller | W2: CL02
P3: 2 | Q3: 3 | R3: 4
A4: 43708 | B4: 120 | C4: 319 | D4: 779457 | E4: 781836 | F4: 984481 | G4: 983788 | H4: 9902787 | I4: 6087461 | J4: 30857 | K4: 3897669 | L4: 215484 | M4: 2380720 | N4: 9848404 | O4: 287977 | P4: 1381013 | Q4: 401026 | R4: 211 | S4: 300705 | T4: 94417 | U4: 46944 | V4: 29440 | X4: 326.583 | Y4: 781.05 | Z4: 3799.739
A5: 43709 | B5: 66 | C5: 170 | D5: 779884 | E5: 782263 | F5: 985146 | G5: 984453 | H5: 9903414 | L5: =L4+1124 -> 216608 | M5: 2381444 | N5: 9849568 | O5: 288206 | P5: 1381840 | Q5: 401026 | R5: 213 | S5: 94505 | T5: 300789 | U5: 46957 | V5: 29440 | X5: 326.654 | Y5: 781.107 | Z5: 3800.941
A6: 43710 | B6: 51 | C6: 124 | D6: 780301 | E6: 782780 | F6: 985813 | G6: 985119 | H6: 9904059 | L6: =L5+1124 -> 217732 | M6: 2382182 | N6: 9850756 | O6: 288422 | P6: 1382670 | Q6: 401026 | R6: 214 | S6: 94590 | T6: 300866 | U6: 46969 | V6: 29441 | X6: 326.711 | Y6: 781.127 | Z6: 3803.538
A7: 43711 | B7: 88 | C7: 125 | D7: 780729 | E7: 783109 | F7: 986441 | G7: 985747 | H7: 9904621 | L7: =L6+1124 -> 218856 | M7: 2382893 | N7: 9851762 | O7: 288623 | P7: 1383490 | Q7: 401026 | R7: 215 | S7: 94654 | T7: 300915 | U7: 46979 | V7: 29449 | X7: 326.766 | Y7: 781.149 | Z7: 3804.081
A8: 43712 | B8: 86 | C8: 117 | D8: 781196 | E8: 783575 | F8: 987110 | G8: 986416 | H8: 9905206 | L8: 219983 | M8: 2383631 | N8: 9852846 | O8: 288770 | P8: 1384320 | Q8: 401026 | R8: 216 | S8: 94714 | T8: 300941 | U8: 46990 | V8: 29449 | X8: 326.816 | Y8: 781.183 | Z8: 3804.437
A9: 43713 | B9: 50 | C9: 95 | D9: 781644 | E9: 784025 | F9: 987773 | G9: 987078 | H9: 9905849 | L9: 220986 | M9: 2384364 | N9: 9854044 | O9: 288965 | P9: 1385100 | Q9: 401026 | R9: 218 | S9: 94784 | T9: 301003 | U9: 46998 | V9: 29449 | X9: 326.869 | Y9: 781.187 | Z9: 3804.437
A10: 43714 | B10: 103 | C10: 212 | D10: 782051 | E10: 784432 | F10: 988421 | G10: 987725 | H10: 9906500 | L10: 222001 | M10: 2385104 | N10: 9855273 | O10: 289149 | P10: 1385870 | Q10: 401026 | R10: 218 | S10: 94848 | T10: 301055 | U10: 47007 | V10: 29450 | X10: 326.924 | Y10: 781.195 | Z10: 3804.437
A11: 43715 | B11: 114 | C11: 233 | D11: 782452 | E11: 784833 | F11: 989073 | G11: 988377 | H11: 9907204 | L11: 223074 | M11: 2385882 | N11: 9856686 | O11: 289345 | P11: 1386660 | Q11: 401026 | R11: 218 | S11: 94917 | T11: 301117 | U11: 47016 | V11: 29451 | X11: 326.983 | Y11: 781.22 | Z11: 3804.439
A12: 43716 | B12: 55 | C12: 99 | D12: 782869 | E12: 785250 | F12: 989776 | G12: 989280 | H12: 9907837 | L12: =L11+1124 -> 224198 | M12: 2386660 | N12: 9858134 | O12: =O11+190 -> 289535 | P12: 1387420 | Q12: 401026 | R12: 218 | S12: 95007 | T12: 301194 | U12: 47025 | V12: 29451 | X12: 327.043 | Y12: 781.237 | Z12: 3804.439
A13: 43717 | B13: 70 | C13: 104 | D13: 783241 | E13: 785622 | F13: 990422 | G13: 989725 | H13: 9908483 | L13: 225058 | M13: 2387365 | N13: 9859372 | O13: =O12+190 -> 289725 | P13: 1388230 | Q13: 401026 | R13: 218 | S13: 95081 | T13: 301256 | U13: 47032 | V13: 29456 | X13: 327.089 | Y13: 781.254 | Z13: 3804.439
A14: 43718 | B14: 60 | C14: 96 | D14: 783642 | E14: 786024 | F14: 991066 | G14: 990369 | H14: 9909162 | L14: =L13+1124 -> 226182 | M14: 2388174 | N14: 9860787 | O14: =O13+190 -> 289915 | P14: 1388950 | Q14: 401026 | R14: 218 | S14: 95148 | T14: 301301 | U14: 47042 | V14: 29456 | X14: 327.16 | Y14: 781.315 | Z14: 3804.439
A15: 43719 | B15: 126 | C15: 143 | D15: 784061 | E15: 786443 | F15: 991702 | G15: 991005 | H15: 9909793 | L15: =L14+1124 -> 227306 | M15: 2388943 | N15: 9861985 | O15: 290108 | P15: 1389710 | Q15: 401026 | R15: 219 | S15: 95205 | T15: 301347 | U15: 47051 | V15: 29457 | X15: 327.206 | Y15: 781.412 | Z15: 3804.439
A16: 43720 | B16: 127 | C16: 148 | D16: 784526 | E16: 786909 | F16: 992374 | G16: 991676 | H16: 9910461 | L16: =L15+1124 -> 228430 | M16: 2389739 | N16: 9863136 | O16: =O15+190 -> 290298 | P16: 1390530 | Q16: 401026 | R16: 220 | S16: 95273 | T16: 301406 | U16: 47061 | V16: 29457 | X16: 327.25 | Y16: 781.439 | Z16: 3804.439
A17: 43721 | B17: 89 | C17: 162 | D17: 784998 | E17: 787381 | F17: 993021 | G17: 992323 | H17: 9911071 | L17: =L16+1124 -> 229554 | M17: 2390496 | N17: 9864237 | O17: =O16+190 -> 290488 | P17: 1391370 | Q17: 401026 | R17: 222 | S17: 95344 | T17: 301461 | U17: 47069 | V17: 29457 | X17: 327.316 | Y17: 781.468 | Z17: 3804.439
A18: 43722 | B18: 114 | C18: 223 | D18: 785453 | E18: 787836 | F18: 993701 | G18: 993002 | H18: 9911855 | L18: =L17+1124 -> 230678 | M18: 2391282 | N18: 9865470 | O18: 290675 | P18: 1392180 | Q18: 401043 | R18: 224 | S18: 95417 | T18: 301523 | U18: 47079 | V18: 29459 | X18: 327.383 | Y18: 781.497 | Z18: 3804.44
A19: 43723 | B19: 71 | C19: 137 | D19: 785907 | E19: 788290 | F19: 994378 | G19: 993679 | H19: 9912490 | L19: =L18+1124 -> 231802 | M19: 2392016 | N19: 9866655 | O19: =O18+190 -> 290865 | P19: 1393000 | Q19: 401067 | R19: 225 | S19: 95489 | T19: 301587 | U19: 47089 | V19: 29459 | X19: 327.454 | Y19: 781.517 | Z19: 3804.44
A20: 43724 | B20: 66 | C20: 108 | D20: 786408 | E20: 788791 | F20: 995061 | G20: 994361 | H20: 9913130 | L20: 232091 | M20: 2392773 | N20: 9867743 | O20: 291068 | P20: 1393860 | Q20: 401279 | R20: 228 | S20: 95562 | T20: 301651 | U20: 47098 | V20: 29484 | X20: 327.529 | Y20: 781.53 | Z20: 3804.44
A21: 43725 | B21: 107 | C21: 164 | D21: 786878 | E21: 789261 | F21: 995723 | G21: 995023 | H21: 9913767 | L21: 233033 | M21: 2393568 | N21: 9868967 | O21: 291251 | P21: 1394701 | Q21: 401279 | R21: 230 | S21: 95628 | T21: 301708 | U21: 47106 | V21: 29464 | X21: 327.626 | Y21: 781.558 | Z21: 3804.44
A22: 43726 | B22: 128 | C22: 177 | D22: 787365 | E22: 789749 | F22: 996296 | G22: 995596 | H22: 9914468 | L22: =L21+1035 -> 234068 | M22: 2394347 | N22: 9870348 | O22: 291436 | P22: 1394904 | Q22: 402108 | R22: 230 | S22: 95694 | T22: 301765 | U22: 47114 | V22: 29466 | X22: 327.711 | Y22: 781.592 | Z22: 3804.44
A23: 43727 | B23: 75 | C23: 136 | D23: 787907 | E23: 790291 | F23: 996882 | G23: 996181 | H23: 9915237 | L23: =L22+1035 -> 235103 | M23: 2395146 | N23: 9871825 | O23: 291636 | P23: 1394902 | Q23: 403352 | R23: 230 | S23: 95770 | T23: 301830 | U23: 47125 | V23: 29467 | X23: 327.798 | Y23: 781.616 | Z23: 3804.44
A24: 43728 | B24: 66 | C24: 177 | D24: 788467 | E24: 790852 | F24: 997473 | G24: 996772 | H24: =H23+778 -> 9916015 | L24: =L23+1035 -> 236138 | M24: =M23+795 -> 2395941 | N24: 9873234 | O24: =O23+187 -> 291823 | P24: 1394904 | Q24: 404708 | R24: 230 | S24: =S23+77 -> 95847 | T24: =T23+66 -> 301896 | U24: 47140 | V24: 29468 | X24: 327.874 | Y24: 781.644 | Z24: 3804.44
A25: 43729 | B25: 121 | C25: 304 | D25: =D24+482 -> 788949 | E25: =E24+482 -> 791334 | F25: =F24+668 -> 998141 | G25: =G24+668 -> 997440 | H25: =H24+778 -> 9916793 | L25: =L24+1035 -> 237173 | M25: =M24+795 -> 2396736 | N25: =N24+1282 -> 9874516 | O25: =O24+187 -> 292010 | P25: =P24+723 -> 1395627 | Q25: =Q24 -> 404708 | R25: =R24+1.5 -> 231.5 | S25: =S24+77 -> 95924 | T25: =T24+66 -> 301962 | U25: =U24+7.5 -> 47147.5 | V25: 29468 | X25: 327.874 | Y25: 781.658 | Z25: 3804.44
A26: 43730 | B26: 120 | C26: 189 | D26: 789431 | E26: 791817 | F26: 998809 | G26: 998108 | H26: =H25+778 -> 9917571 | L26: =L25+1035 -> 238208 | M26: =M25+795 -> 2397531 | N26: 9875799 | O26: =O25+187 -> 292197 | P26: 1396350 | Q26: =Q25+157 -> 404865 | R26: 233 | S26: 96002 | T26: 302029 | U26: 47155 | V26: 29469 | X26: 327.956 | Y26: 781.7 | Z26: 3804.485
A27: 43731 | B27: 106 | C27: 119 | D27: 789982 | E27: 792368 | F27: 999569 | G27: 998867 | H27: 9918351 | L27: =L26+1035 -> 239243 | M27: 2398326 | N27: 9877253 | O27: 292386.7 | P27: 1397176 | Q27: 405023 | R27: 236 | S27: 96091 | T27: 302105 | U27: 47163 | V27: 29469 | X27: 328.019 | Y27: 781.711 | Z27: 3804.485
A28: 43732 | B28: 81 | C28: 100 | D28: 790513 | E28: 792899 | F28: 285 | G28: 999583 | H28: 9919120 | L28: =L27+1035 -> 240278 | M28: 2399103 | N28: 9878646 | O28: 292590 | P28: 1397963 | Q28: 405076 | R28: 238 | S28: 96163 | T28: 302163 | U28: 47171 | V28: 29469 | X28: 328.062 | Y28: 781.735 | Z28: 3804.602
A29: 43733 | B29: 129 | C29: 146 | D29: 790893 | E29: 793280 | F29: 830 | G29: 127 | H29: 9919875 | L29: 241313 | M29: 2399891 | N29: 9879695 | O29: 292739 | P29: 1398610 | Q29: 405076 | R29: 239 | S29: 96227 | T29: 302203 | U29: 47178 | V29: 29470 | X29: 328.117 | Y29: 781822 | Z29: 3805.031
A30: 43734 | B30: 59 | C30: 93 | D30: 791428 | E30: 793815 | F30: 1422 | G30: 719 | H30: 9920652 | L30: 242314 | M30: 2400680 | N30: 9880909 | O30: 292909 | P30: 1398858 | Q30: 405998 | R30: 240 | S30: 96297 | T30: 302255 | U30: 47185 | V30: 29470 | X30: 328.196 | Y30: 781848 | Z30: 3805.031
A31: 43735 | B31: 66 | C31: 168 | D31: 791899 | E31: 794286 | F31: 2079 | G31: 1375 | H31: 9921452 | L31: =L30+1035 -> 243349 | M31: 2401471 | N31: 9882169 | O31: 293085 | P31: 1399611 | Q31: 406013 | R31: 242 | S31: 96359 | T31: 302304 | U31: 47193 | V31: 29471 | X31: 328.259 | Y31: 781.882 | Z31: 3805.031
A32: 43736 | B32: 119 | C32: 283 | D32: 792374 | E32: 794762 | F32: 2773 | G32: 2069 | H32: 9922240 | L32: =L31+1035 -> 244384 | M32: 2402317 | N32: 9883597 | O32: 293277 | P32: 1400347 | Q32: 406013 | R32: 244 | S32: 96430 | T32: 302361 | U32: 47201 | V32: 29472 | X32: 328.309 | Y32: 781.918 | Z32: 3805.031
A33: 43737 | B33: 43 | C33: 82 | D33: 792843 | E33: 795231 | F33: 3473 | G33: 2768 | H33: 9923019 | L33: =L32+1035 -> 245419 | M33: 2403107 | N33: 9884940 | O33: 293463 | P33: 1401116 | Q33: 406013 | R33: 245 | S33: 96518 | T33: 302433 | U33: 47210 | V33: 29472 | X33: 328.339 | Y33: 781.941 | Z33: 3805.031
A34: 43738 | B34: 68 | C34: 91 | D34: 793296 | E34: 795684 | F34: 4165 | G34: 3460 | H34: 9923803 | I34: 6146888 | J34: 30888 | K34: 3969196 | L34: 246608 | M34: 2403895 | N34: 9886322 | O34: 293648 | P34: 1401905 | Q34: 406013 | R34: 246 | S34: 96600 | T34: 302501 | U34: 47221 | V34: 29473 | X34: 328.362 | Y34: 781968 | Z34: 3805.031
