Workbook

Sheet TOTAL
A1: Site Name | B1: Day | C1: Month | D1: Year | E1: Total Electricity Kwh | F1: Electricity Tariff ($/Kwh) | G1: LPG (Kg) | H1: LPG $/Kg | I1: Water Utility Supply (m3) m3 | J1: Water Utility Supply (m3) $/m3 | K1: Irrigation Water (m3) m3 | L1: Irrigation water $/m3 | M1: Room Nights
A2: Seychelles | B2: 1 | C2: 10 | D2: 2018 | E2: =834930/31 -> 26933.226 | F2: 6.06 | G2: =15124/31 -> 487.87097 | H2: 18.9 | I2: =27338/31 -> 881.87097 | J2: 5.0059259 | K2: 0 | L2: 5.47 | M2: 0
A3: Seychelles | B3: =B2+1 -> 2 | C3: 10 | D3: 2018 | E3: =834930/31 -> 26933.226 | F3: =F2 -> 6.06 | G3: =15124/31 -> 487.87097 | H3: =H2 -> 18.9 | I3: =27338/31 -> 881.87097 | J3: =J2 -> 5.0059259 | K3: 0 | L3: 5.47 | M3: 0
A4: Seychelles | B4: =B3+1 -> 3 | C4: 10 | D4: 2018 | E4: =834930/31 -> 26933.226 | F4: =F3 -> 6.06 | G4: =15124/31 -> 487.87097 | H4: =H3 -> 18.9 | I4: =27338/31 -> 881.87097 | J4: =J3 -> 5.0059259 | K4: 0 | L4: 5.47 | M4: 0
A5: Seychelles | B5: =B4+1 -> 4 | C5: 10 | D5: 2018 | E5: =834930/31 -> 26933.226 | F5: =F4 -> 6.06 | G5: =15124/31 -> 487.87097 | H5: =H4 -> 18.9 | I5: =27338/31 -> 881.87097 | J5: =J4 -> 5.0059259 | K5: 0 | L5: 5.47 | M5: 0
A6: Seychelles | B6: =B5+1 -> 5 | C6: 10 | D6: 2018 | E6: =834930/31 -> 26933.226 | F6: =F5 -> 6.06 | G6: =15124/31 -> 487.87097 | H6: =H5 -> 18.9 | I6: =27338/31 -> 881.87097 | J6: =J5 -> 5.0059259 | K6: 0 | L6: 5.47 | M6: 0
A7: Seychelles | B7: =B6+1 -> 6 | C7: 10 | D7: 2018 | E7: =834930/31 -> 26933.226 | F7: =F6 -> 6.06 | G7: =15124/31 -> 487.87097 | H7: =H6 -> 18.9 | I7: =27338/31 -> 881.87097 | J7: =J6 -> 5.0059259 | K7: 0 | L7: 5.47 | M7: 0
A8: Seychelles | B8: =B7+1 -> 7 | C8: 10 | D8: 2018 | E8: =834930/31 -> 26933.226 | F8: =F7 -> 6.06 | G8: =15124/31 -> 487.87097 | H8: =H7 -> 18.9 | I8: =27338/31 -> 881.87097 | J8: =J7 -> 5.0059259 | K8: 0 | L8: 5.47 | M8: 0
A9: Seychelles | B9: =B8+1 -> 8 | C9: 10 | D9: 2018 | E9: =834930/31 -> 26933.226 | F9: =F8 -> 6.06 | G9: =15124/31 -> 487.87097 | H9: =H8 -> 18.9 | I9: =27338/31 -> 881.87097 | J9: =J8 -> 5.0059259 | K9: 0 | L9: 5.47 | M9: 0
A10: Seychelles | B10: =B9+1 -> 9 | C10: 10 | D10: 2018 | E10: =834930/31 -> 26933.226 | F10: =F9 -> 6.06 | G10: =15124/31 -> 487.87097 | H10: =H9 -> 18.9 | I10: =27338/31 -> 881.87097 | J10: =J9 -> 5.0059259 | K10: 0 | L10: 5.47 | M10: 0
A11: Seychelles | B11: =B10+1 -> 10 | C11: 10 | D11: 2018 | E11: =834930/31 -> 26933.226 | F11: =F10 -> 6.06 | G11: =15124/31 -> 487.87097 | H11: =H10 -> 18.9 | I11: =27338/31 -> 881.87097 | J11: =J10 -> 5.0059259 | K11: 0 | L11: 5.47 | M11: 0
A12: Seychelles | B12: =B11+1 -> 11 | C12: 10 | D12: 2018 | E12: =834930/31 -> 26933.226 | F12: =F11 -> 6.06 | G12: =15124/31 -> 487.87097 | H12: =H11 -> 18.9 | I12: =27338/31 -> 881.87097 | J12: =J11 -> 5.0059259 | K12: 0 | L12: 5.47 | M12: 0
A13: Seychelles | B13: =B12+1 -> 12 | C13: 10 | D13: 2018 | E13: =834930/31 -> 26933.226 | F13: =F12 -> 6.06 | G13: =15124/31 -> 487.87097 | H13: =H12 -> 18.9 | I13: =27338/31 -> 881.87097 | J13: =J12 -> 5.0059259 | K13: 0 | L13: 5.47 | M13: 0
A14: Seychelles | B14: =B13+1 -> 13 | C14: 10 | D14: 2018 | E14: =834930/31 -> 26933.226 | F14: =F13 -> 6.06 | G14: =15124/31 -> 487.87097 | H14: =H13 -> 18.9 | I14: =27338/31 -> 881.87097 | J14: =J13 -> 5.0059259 | K14: 0 | L14: 5.47 | M14: 0
... A32: Seychelles | B32: =B31+1 -> 31 | C32: 10 | D32: 2018 | E32: =834930/31 -> 26933.226 | F32: =F31 -> 6.06 | G32: =15124/31 -> 487.87097 | H32: =H31 -> 18.9 | I32: =27338/31 -> 881.87097 | J32: =J31 -> 5.0059259 | K32: 0 | L32: 5.47 | M32: 0

Sheet Submetering 
A1: Site Name | B1: Day | C1: Month | D1: Year | E1: Room Night | F1: SS-A - KWh | G1: SS-B- KWh | H1: SS-C- KWh | I1: SS-D1- KWh | J1: SS-D2- KWh | K1: SS-E- KWh | L1: FIRE PUMP- KWh | M1: CASINO- KWh | N1: BOH- KWh | O1: Generator#1 - KWh | P1: Generator#2- KWh | Q1: Generator#3- KWh | R1: Generator#4- KWh | S1: Generator#5- KWh | T1: DIESEL - Liter | U1: BOH Water- m3 | V1: E-Resort- m3 | W1: North RVs- m3 | X1: WT59- m3 | Y1: WT08- m3 | Z1: PUC (HOH)- m3 | AA1: PUC (Resort) - m3 | AB1: LPG (Kg)
A2: Seychelles | B2: 1 | C2: 8 | D2: 2019 | E2: ='FS Seychelles'!B3 -> 0.6632 | F2: ='FS Seychelles'!C3*1000 -> 3226.112 | G2: ='FS Seychelles'!D3*1000 -> 5306.112 | H2: ='FS Seychelles'!E3*1000 -> 5720.064 | I2: ='FS Seychelles'!F3*1000 -> 1701.632 | J2: ='FS Seychelles'!G3*1000 -> 0 | K2: ='FS Seychelles'!H3*1000 -> 2138.624 | L2: ='FS Seychelles'!I3*1000 -> 1496.768 | M2: ='FS Seychelles'!J3*1000 -> 1588.608 | N2: ='FS Seychelles'!K3*1000 -> 3618.304 | O2: ='FS Seychelles'!L3 -> 4827 | P2: ='FS Seychelles'!M3 -> 6861 | Q2: ='FS Seychelles'!N3 -> 9846 | R2: ='FS Seychelles'!O3 -> 4810 | S2: ='FS Seychelles'!P3 -> 1023 | T2: ='FS Seychelles'!Q3 -> 8160 | U2: ='FS Seychelles'!R3 -> 70 | V2: ='FS Seychelles'!S3 -> 41 | ... AB2: ='FS Seychelles'!Y3 -> 0
A3: Seychelles | B3: =B2+1 -> 2 | C3: 8 | D3: 2019 | E3: ='FS Seychelles'!B4 -> 0.6947 | F3: ='FS Seychelles'!C4*1000 -> 3164.672 | G3: ='FS Seychelles'!D4*1000 -> 5510.912 | H3: ='FS Seychelles'!E4*1000 -> 5560.064 | I3: ='FS Seychelles'!F4*1000 -> 1620.992 | J3: ='FS Seychelles'!G4*1000 -> 0 | K3: ='FS Seychelles'!H4*1000 -> 2084.096 | L3: ='FS Seychelles'!I4*1000 -> 1495.808 | M3: ='FS Seychelles'!J4*1000 -> 1644.672 | N3: ='FS Seychelles'!K4*1000 -> 3652.352 | O3: ='FS Seychelles'!L4 -> 0 | P3: ='FS Seychelles'!M4 -> 8839 | Q3: ='FS Seychelles'!N4 -> 13268 | R3: ='FS Seychelles'!O4 -> 4419 | S3: ='FS Seychelles'!P4 -> 0 | T3: ='FS Seychelles'!Q4 -> 7077 | U3: ='FS Seychelles'!R4 -> 74 | V3: ='FS Seychelles'!S4 -> 63 | ... AB3: ='FS Seychelles'!Y4 -> 0
A4: Seychelles | B4: =B3+1 -> 3 | C4: 8 | D4: 2019 | E4: ='FS Seychelles'!B5 -> 0.7368 | F4: ='FS Seychelles'!C5*1000 -> 3276.8 | G4: ='FS Seychelles'!D5*1000 -> 5741.056 | H4: ='FS Seychelles'!E5*1000 -> 5597.696 | I4: ='FS Seychelles'!F5*1000 -> 1799.936 | J4: ='FS Seychelles'!G5*1000 -> 0 | K4: ='FS Seychelles'!H5*1000 -> 2343.808 | L4: ='FS Seychelles'!I5*1000 -> 1308.928 | M4: ='FS Seychelles'!J5*1000 -> 1748.608 | N4: ='FS Seychelles'!K5*1000 -> 3441.664 | O4: ='FS Seychelles'!L5 -> 0 | P4: ='FS Seychelles'!M5 -> 1550 | Q4: ='FS Seychelles'!N5 -> 13394 | R4: ='FS Seychelles'!O5 -> 11884 | S4: ='FS Seychelles'!P5 -> 0 | T4: ='FS Seychelles'!Q5 -> 7140 | U4: ='FS Seychelles'!R5 -> 69 | V4: ='FS Seychelles'!S5 -> 0 | ... AB4: ='FS Seychelles'!Y5 -> 0
A5: Seychelles | B5: =B4+1 -> 4 | C5: 8 | D5: 2019 | E5: ='FS Seychelles'!B6 -> 0.6211 | F5: ='FS Seychelles'!C6*1000 -> 3428.48 | G5: ='FS Seychelles'!D6*1000 -> 6025.984 | H5: ='FS Seychelles'!E6*1000 -> 5704.96 | I5: ='FS Seychelles'!F6*1000 -> 1637.888 | J5: ='FS Seychelles'!G6*1000 -> 0 | K5: ='FS Seychelles'!H6*1000 -> 2365.568 | L5: ='FS Seychelles'!I6*1000 -> 1428.8 | M5: ='FS Seychelles'!J6*1000 -> 1620.48 | N5: ='FS Seychelles'!K6*1000 -> 3549.184 | O5: ='FS Seychelles'!L6 -> 0 | P5: ='FS Seychelles'!M6 -> 11860 | Q5: ='FS Seychelles'!N6 -> 11791 | R5: ='FS Seychelles'!O6 -> 0 | S5: ='FS Seychelles'!P6 -> 3191 | T5: ='FS Seychelles'!Q6 -> 7546 | U5: ='FS Seychelles'!R6 -> 61 | V5: ='FS Seychelles'!S6 -> 41 | ... AB5: ='FS Seychelles'!Y6 -> 0
A6: Seychelles | B6: =B5+1 -> 5 | C6: 8 | D6: 2019 | E6: ='FS Seychelles'!B7 -> 0.6842 | F6: ='FS Seychelles'!C7*1000 -> 3198.976 | G6: ='FS Seychelles'!D7*1000 -> 5812.224 | H6: ='FS Seychelles'!E7*1000 -> 5644.8 | I6: ='FS Seychelles'!F7*1000 -> 1523.84 | J6: ='FS Seychelles'!G7*1000 -> 0 | K6: ='FS Seychelles'!H7*1000 -> 2476.8 | L6: ='FS Seychelles'!I7*1000 -> 1191.36 | M6: ='FS Seychelles'!J7*1000 -> 1681.024 | N6: ='FS Seychelles'!K7*1000 -> 3370.752 | O6: ='FS Seychelles'!L7 -> 4530 | P6: ='FS Seychelles'!M7 -> 13259 | Q6: ='FS Seychelles'!N7 -> 1106 | R6: ='FS Seychelles'!O7 -> 9566 | S6: ='FS Seychelles'!P7 -> 0 | T6: ='FS Seychelles'!Q7 -> 7665 | U6: ='FS Seychelles'!R7 -> 70 | V6: ='FS Seychelles'!S7 -> 36 | ... AB6: ='FS Seychelles'!Y7 -> 0
A7: Seychelles | B7: =B6+1 -> 6 | C7: 8 | D7: 2019 | E7: ='FS Seychelles'!B8 -> 0.6737 | F7: ='FS Seychelles'!C8*1000 -> 3273.216 | G7: ='FS Seychelles'!D8*1000 -> 5646.08 | H7: ='FS Seychelles'!E8*1000 -> 5537.024 | I7: ='FS Seychelles'!F8*1000 -> 1627.264 | J7: ='FS Seychelles'!G8*1000 -> 0 | K7: ='FS Seychelles'!H8*1000 -> 2541.696 | L7: ='FS Seychelles'!I8*1000 -> 1355.904 | M7: ='FS Seychelles'!J8*1000 -> 1696.896 | N7: ='FS Seychelles'!K8*1000 -> 3563.52 | O7: ='FS Seychelles'!L8 -> 14528 | P7: ='FS Seychelles'!M8 -> 0 | Q7: ='FS Seychelles'!N8 -> 14479 | R7: ='FS Seychelles'!O8 -> 7057 | S7: ='FS Seychelles'!P8 -> 0 | T7: ='FS Seychelles'!Q8 -> 9917 | U7: ='FS Seychelles'!R8 -> 76 | V7: ='FS Seychelles'!S8 -> 52 | ... AB7: ='FS Seychelles'!Y8 -> 0
A8: Seychelles | B8: =B7+1 -> 7 | C8: 8 | D8: 2019 | E8: ='FS Seychelles'!B9 -> 0.7263 | F8: ='FS Seychelles'!C9*1000 -> 3827.2 | G8: ='FS Seychelles'!D9*1000 -> 5986.56 | H8: ='FS Seychelles'!E9*1000 -> 5649.92 | I8: ='FS Seychelles'!F9*1000 -> 2021.248 | J8: ='FS Seychelles'!G9*1000 -> 0 | K8: ='FS Seychelles'!H9*1000 -> 2742.144 | L8: ='FS Seychelles'!I9*1000 -> 1374.208 | M8: ='FS Seychelles'!J9*1000 -> 1971.456 | N8: ='FS Seychelles'!K9*1000 -> 3565.312 | O8: ='FS Seychelles'!L9 -> 4161 | P8: ='FS Seychelles'!M9 -> 5742 | Q8: ='FS Seychelles'!N9 -> 12661 | R8: ='FS Seychelles'!O9 -> 0 | S8: ='FS Seychelles'!P9 -> 0 | T8: ='FS Seychelles'!Q9 -> 5946 | U8: ='FS Seychelles'!R9 -> 69 | V8: ='FS Seychelles'!S9 -> 43 | ... AB8: ='FS Seychelles'!Y9 -> 0
A9: Seychelles | B9: =B8+1 -> 8 | C9: 8 | D9: 2019 | E9: ='FS Seychelles'!B10 -> 0.6737 | F9: ='FS Seychelles'!C10*1000 -> 3702.528 | G9: ='FS Seychelles'!D10*1000 -> 5917.44 | H9: ='FS Seychelles'!E10*1000 -> 5620.992 | I9: ='FS Seychelles'!F10*1000 -> 1953.92 | J9: ='FS Seychelles'!G10*1000 -> 0 | K9: ='FS Seychelles'!H10*1000 -> 2717.184 | L9: ='FS Seychelles'!I10*1000 -> 1364.16 | M9: ='FS Seychelles'!J10*1000 -> 1563.904 | N9: ='FS Seychelles'!K10*1000 -> 3809.024 | O9: ='FS Seychelles'!L10 -> 9825 | P9: ='FS Seychelles'!M10 -> 3870 | Q9: ='FS Seychelles'!N10 -> 4876 | R9: ='FS Seychelles'!O10 -> 7972 | S9: ='FS Seychelles'!P10 -> 0 | T9: ='FS Seychelles'!Q10 -> 7335 | U9: ='FS Seychelles'!R10 -> 81 | V9: ='FS Seychelles'!S10 -> 14 | ... AB9: ='FS Seychelles'!Y10 -> 0
A10: Seychelles | B10: =B9+1 -> 9 | C10: 8 | D10: 2019 | E10: ='FS Seychelles'!B11 -> 0.6842 | F10: ='FS Seychelles'!C11*1000 -> 3524.096 | G10: ='FS Seychelles'!D11*1000 -> 5646.336 | H10: ='FS Seychelles'!E11*1000 -> 5667.584 | I10: ='FS Seychelles'!F11*1000 -> 2065.664 | J10: ='FS Seychelles'!G11*1000 -> 0 | K10: ='FS Seychelles'!H11*1000 -> 2616.704 | L10: ='FS Seychelles'!I11*1000 -> 1405.44 | M10: ='FS Seychelles'!J11*1000 -> 1653.12 | N10: ='FS Seychelles'!K11*1000 -> 3708.672 | O10: ='FS Seychelles'!L11 -> 4319 | P10: ='FS Seychelles'!M11 -> 11017 | Q10: ='FS Seychelles'!N11 -> 10538 | R10: ='FS Seychelles'!O11 -> 0 | S10: ='FS Seychelles'!P11 -> 1659 | T10: ='FS Seychelles'!Q11 -> 7242 | U10: ='FS Seychelles'!R11 -> 73 | V10: ='FS Seychelles'!S11 -> 21 | ... AB10: ='FS Seychelles'!Y11 -> 0
A11: Seychelles | B11: =B10+1 -> 10 | C11: 8 | D11: 2019 | E11: ='FS Seychelles'!B12 -> 0.7053 | F11: ='FS Seychelles'!C12*1000 -> 3563.392 | G11: ='FS Seychelles'!D12*1000 -> 5761.536 | H11: ='FS Seychelles'!E12*1000 -> 5981.44 | I11: ='FS Seychelles'!F12*1000 -> 2195.456 | J11: ='FS Seychelles'!G12*1000 -> 0 | K11: ='FS Seychelles'!H12*1000 -> 2662.144 | L11: ='FS Seychelles'!I12*1000 -> 1352.384 | M11: ='FS Seychelles'!J12*1000 -> 2018.048 | N11: ='FS Seychelles'!K12*1000 -> 3632.128 | O11: ='FS Seychelles'!L12 -> 8666 | P11: ='FS Seychelles'!M12 -> 2623 | Q11: ='FS Seychelles'!N12 -> 8640 | R11: ='FS Seychelles'!O12 -> 4894 | S11: ='FS Seychelles'!P12 -> 2712 | T11: ='FS Seychelles'!Q12 -> 7483 | U11: ='FS Seychelles'!R12 -> 71 | V11: ='FS Seychelles'!S12 -> 23 | ... AB11: ='FS Seychelles'!Y12 -> 0
A12: Seychelles | B12: =B11+1 -> 11 | C12: 8 | D12: 2019 | E12: ='FS Seychelles'!B13 -> 0.6632 | F12: ='FS Seychelles'!C13*1000 -> 3647.616 | G12: ='FS Seychelles'!D13*1000 -> 5915.392 | H12: ='FS Seychelles'!E13*1000 -> 5901.824 | I12: ='FS Seychelles'!F13*1000 -> 2044.288 | J12: ='FS Seychelles'!G13*1000 -> 0 | K12: ='FS Seychelles'!H13*1000 -> 2644.224 | L12: ='FS Seychelles'!I13*1000 -> 1386.112 | M12: ='FS Seychelles'!J13*1000 -> 1788.8 | N12: ='FS Seychelles'!K13*1000 -> 3590.144 | O12: ='FS Seychelles'!L13 -> 4395 | P12: ='FS Seychelles'!M13 -> 9881 | Q12: ='FS Seychelles'!N13 -> 7965 | R12: ='FS Seychelles'!O13 -> 5852 | S12: ='FS Seychelles'!P13 -> 0 | T12: ='FS Seychelles'!Q13 -> 7868 | U12: ='FS Seychelles'!R13 -> 63 | V12: ='FS Seychelles'!S13 -> 22 | ... AB12: ='FS Seychelles'!Y13 -> 0
A13: Seychelles | B13: =B12+1 -> 12 | C13: 8 | D13: 2019 | E13: ='FS Seychelles'!B14 -> 0.7053 | F13: ='FS Seychelles'!C14*1000 -> 3319.936 | G13: ='FS Seychelles'!D14*1000 -> 5533.184 | H13: ='FS Seychelles'!E14*1000 -> 5800.96 | I13: ='FS Seychelles'!F14*1000 -> 1838.592 | J13: ='FS Seychelles'!G14*1000 -> 0 | K13: ='FS Seychelles'!H14*1000 -> 2843.776 | L13: ='FS Seychelles'!I14*1000 -> 1383.168 | M13: ='FS Seychelles'!J14*1000 -> 1661.056 | N13: ='FS Seychelles'!K14*1000 -> 3749.632 | O13: ='FS Seychelles'!L14 -> 7614 | P13: ='FS Seychelles'!M14 -> 4982 | Q13: ='FS Seychelles'!N14 -> 1140 | R13: ='FS Seychelles'!O14 -> 12614 | S13: ='FS Seychelles'!P14 -> 2593 | T13: ='FS Seychelles'!Q14 -> 7749 | U13: ='FS Seychelles'!R14 -> 81 | V13: ='FS Seychelles'!S14 -> 19 | ... AB13: ='FS Seychelles'!Y14 -> 0
A14: Seychelles | B14: =B13+1 -> 13 | C14: 8 | D14: 2019 | E14: ='FS Seychelles'!B15 -> 0.6211 | F14: ='FS Seychelles'!C15*1000 -> 3351.68 | G14: ='FS Seychelles'!D15*1000 -> 5596.928 | H14: ='FS Seychelles'!E15*1000 -> 5710.848 | I14: ='FS Seychelles'!F15*1000 -> 1785.984 | J14: ='FS Seychelles'!G15*1000 -> 0 | K14: ='FS Seychelles'!H15*1000 -> 3250.432 | L14: ='FS Seychelles'!I15*1000 -> 1394.048 | M14: ='FS Seychelles'!J15*1000 -> 1665.28 | N14: ='FS Seychelles'!K15*1000 -> 3734.016 | O14: ='FS Seychelles'!L15 -> 0 | P14: ='FS Seychelles'!M15 -> 8261 | Q14: ='FS Seychelles'!N15 -> 13150 | R14: ='FS Seychelles'!O15 -> 6279 | S14: ='FS Seychelles'!P15 -> 2966 | T14: ='FS Seychelles'!Q15 -> 8441 | U14: ='FS Seychelles'!R15 -> 80 | V14: ='FS Seychelles'!S15 -> 24 | ... AB14: ='FS Seychelles'!Y15 -> 0
A15: Seychelles | B15: =B14+1 -> 14 | C15: 8 | D15: 2019 | E15: ='FS Seychelles'!B16 -> 0.7368 | F15: ='FS Seychelles'!C16*1000 -> 3551.36 | G15: ='FS Seychelles'!D16*1000 -> 5685.76 | H15: ='FS Seychelles'!E16*1000 -> 5911.296 | I15: ='FS Seychelles'!F16*1000 -> 1678.464 | J15: ='FS Seychelles'!G16*1000 -> 0 | K15: ='FS Seychelles'!H16*1000 -> 3483.648 | L15: ='FS Seychelles'!I16*1000 -> 1312.512 | M15: ='FS Seychelles'!J16*1000 -> 1660.928 | N15: ='FS Seychelles'!K16*1000 -> 3831.808 | O15: ='FS Seychelles'!L16 -> 13601 | P15: ='FS Seychelles'!M16 -> 0 | Q15: ='FS Seychelles'!N16 -> 9808 | R15: ='FS Seychelles'!O16 -> 4469 | S15: ='FS Seychelles'!P16 -> 1470 | T15: ='FS Seychelles'!Q17 -> 8790 | U15: ='FS Seychelles'!R16 -> 81 | V15: ='FS Seychelles'!S16 -> 43 | W15: ='FS Seychelles'!T16 -> 86 | X15: ='FS Seychelles'!U16 -> 273 | Y15: ='FS Seychelles'!V16 -> 91 | Z15: ='FS Seychelles'!W16 -> 121 | AA15: ='FS Seychelles'!X16 -> 0 | AB15: ='FS Seychelles'!Y16 -> 0
A16: Seychelles | B16: =B15+1 -> 15 | C16: 8 | D16: 2019 | E16: ='FS Seychelles'!B17 -> 0.6947 | F16: ='FS Seychelles'!C17*1000 -> 3893.504 | G16: ='FS Seychelles'!D17*1000 -> 5539.072 | H16: ='FS Seychelles'!E17*1000 -> 6073.856 | I16: ='FS Seychelles'!F17*1000 -> 1760.896 | J16: ='FS Seychelles'!G17*1000 -> 0 | K16: ='FS Seychelles'!H17*1000 -> 3583.232 | L16: ='FS Seychelles'!I17*1000 -> 1303.168 | M16: ='FS Seychelles'!J17*1000 -> 1729.28 | N16: ='FS Seychelles'!K17*1000 -> 3787.776 | O16: ='FS Seychelles'!L17 -> 7319 | P16: ='FS Seychelles'!M17 -> 0 | Q16: ='FS Seychelles'!N17 -> 12790 | R16: ='FS Seychelles'!O17 -> 11133 | S16: ='FS Seychelles'!P17 -> 479 | T16: ='FS Seychelles'!#REF! -> #REF! | U16: ='FS Seychelles'!R17 -> 77 | V16: ='FS Seychelles'!S17 -> 25 | W16: ='FS Seychelles'!T17 -> 93 | X16: ='FS Seychelles'!U17 -> 269 | Y16: ='FS Seychelles'!V17 -> 84 | Z16: ='FS Seychelles'!W17 -> 83 | AA16: ='FS Seychelles'!X17 -> 0 | AB16: ='FS Seychelles'!Y17 -> 0
A17: Seychelles | B17: =B16+1 -> 16 | C17: 8 | D17: 2019 | E17: ='FS Seychelles'!B18 -> 0.5684 | F17: ='FS Seychelles'!C18*1000 -> 3784.32 | G17: ='FS Seychelles'!D18*1000 -> 5801.472 | H17: ='FS Seychelles'!E18*1000 -> 6076.16 | I17: ='FS Seychelles'!F18*1000 -> 2318.592 | J17: ='FS Seychelles'!G18*1000 -> 0 | K17: ='FS Seychelles'!H18*1000 -> 3950.592 | L17: ='FS Seychelles'!I18*1000 -> 1369.536 | M17: ='FS Seychelles'!J18*1000 -> 1756.288 | N17: ='FS Seychelles'!K18*1000 -> 4004.608 | O17: ='FS Seychelles'!L18 -> 11409 | P17: ='FS Seychelles'!M18 -> 0 | Q17: ='FS Seychelles'!N18 -> 7667 | R17: ='FS Seychelles'!O18 -> 12374 | S17: ='FS Seychelles'!P18 -> 0 | T17: ='FS Seychelles'!Q18 -> 8452 | U17: ='FS Seychelles'!R18 -> 91 | V17: ='FS Seychelles'!S18 -> 1 | ... AB17: ='FS Seychelles'!Y18 -> 0
A18: Seychelles | B18: =B17+1 -> 17 | C18: 8 | D18: 2019 | E18: ='FS Seychelles'!B19 -> 0.6316 | F18: ='FS Seychelles'!C19*1000 -> 3441.408 | G18: ='FS Seychelles'!D19*1000 -> 5898.24 | H18: ='FS Seychelles'!E19*1000 -> 5930.496 | I18: ='FS Seychelles'!F19*1000 -> 2520.064 | J18: ='FS Seychelles'!G19*1000 -> 0 | K18: ='FS Seychelles'!H19*1000 -> 3616.256 | L18: ='FS Seychelles'!I19*1000 -> 1248.832 | M18: ='FS Seychelles'!J19*1000 -> 1709.568 | N18: ='FS Seychelles'!K19*1000 -> 3851.008 | O18: ='FS Seychelles'!L19 -> 7431 | P18: ='FS Seychelles'!M19 -> 0 | Q18: ='FS Seychelles'!N19 -> 11890 | R18: ='FS Seychelles'!O19 -> 9705 | S18: ='FS Seychelles'!P19 -> 0 | T18: ='FS Seychelles'!Q19 -> 7726 | U18: ='FS Seychelles'!R19 -> 83 | V18: ='FS Seychelles'!S19 -> 22 | ... AB18: ='FS Seychelles'!Y19 -> 0
A19: Seychelles | B19: =B18+1 -> 18 | C19: 8 | D19: 2019 | E19: ='FS Seychelles'!B20 -> 0.6316 | F19: ='FS Seychelles'!C20*1000 -> 3455.872 | G19: ='FS Seychelles'!D20*1000 -> 5466.368 | H19: ='FS Seychelles'!E20*1000 -> 5820.16 | I19: ='FS Seychelles'!F20*1000 -> 2594.944 | J19: ='FS Seychelles'!G20*1000 -> 0 | K19: ='FS Seychelles'!H20*1000 -> 2996.48 | L19: ='FS Seychelles'!I20*1000 -> 1327.296 | M19: ='FS Seychelles'!J20*1000 -> 1584.256 | N19: ='FS Seychelles'!K20*1000 -> 3905.28 | O19: ='FS Seychelles'!L20 -> 9909 | P19: ='FS Seychelles'!M20 -> 0 | Q19: ='FS Seychelles'!N20 -> 5590 | R19: ='FS Seychelles'!O20 -> 13019 | S19: ='FS Seychelles'!P20 -> 1571 | T19: ='FS Seychelles'!Q20 -> 8117 | U19: ='FS Seychelles'!R20 -> 68 | V19: ='FS Seychelles'!S20 -> 125 | ... AB19: ='FS Seychelles'!Y20 -> 0
A20: Seychelles | B20: =B19+1 -> 19 | C20: 8 | D20: 2019 | E20: ='FS Seychelles'!B21 -> 0.4737 | F20: ='FS Seychelles'!C21*1000 -> 3557.12 | G20: ='FS Seychelles'!D21*1000 -> 5447.168 | H20: ='FS Seychelles'!E21*1000 -> 5893.632 | I20: ='FS Seychelles'!F21*1000 -> 2624.384 | J20: ='FS Seychelles'!G21*1000 -> 0 | K20: ='FS Seychelles'!H21*1000 -> 3191.168 | L20: ='FS Seychelles'!I21*1000 -> 1234.816 | M20: ='FS Seychelles'!J21*1000 -> 1495.552 | N20: ='FS Seychelles'!K21*1000 -> 3706.88 | O20: ='FS Seychelles'!L21 -> 9511 | P20: ='FS Seychelles'!M21 -> 0 | Q20: ='FS Seychelles'!N21 -> 7826 | R20: ='FS Seychelles'!O21 -> 12212 | S20: ='FS Seychelles'!P21 -> 1212 | T20: ='FS Seychelles'!Q21 -> 8699 | U20: ='FS Seychelles'!R21 -> 81 | V20: ='FS Seychelles'!S21 -> 28 | ... AB20: ='FS Seychelles'!Y21 -> 0
A21: Seychelles | B21: =B20+1 -> 20 | C21: 8 | D21: 2019 | E21: ='FS Seychelles'!B22 -> 0.8842 | F21: ='FS Seychelles'!C22*1000 -> 4059.776 | G21: ='FS Seychelles'!D22*1000 -> 5646.336 | H21: ='FS Seychelles'!E22*1000 -> 5792.256 | I21: ='FS Seychelles'!F22*1000 -> 2635.904 | J21: ='FS Seychelles'!G22*1000 -> 0 | K21: ='FS Seychelles'!H22*1000 -> 2848.384 | L21: ='FS Seychelles'!I22*1000 -> 1219.904 | M21: ='FS Seychelles'!J22*1000 -> 1559.808 | N21: ='FS Seychelles'!K22*1000 -> 3904.256 | O21: ='FS Seychelles'!L22 -> 12902 | P21: ='FS Seychelles'!M22 -> 0 | Q21: ='FS Seychelles'!N22 -> 12038 | R21: ='FS Seychelles'!O22 -> 7806 | S21: ='FS Seychelles'!P22 -> 0 | T21: ='FS Seychelles'!Q22 -> 8461 | U21: ='FS Seychelles'!R22 -> 91 | V21: ='FS Seychelles'!S22 -> 21 | ... AB21: ='FS Seychelles'!Y22 -> 0
A22: Seychelles | B22: =B21+1 -> 21 | C22: 8 | D22: 2019 | E22: ='FS Seychelles'!B23 -> 0.8632 | F22: ='FS Seychelles'!C23*1000 -> 4379.904 | G22: ='FS Seychelles'!D23*1000 -> 5521.664 | H22: ='FS Seychelles'!E23*1000 -> 5852.16 | I22: ='FS Seychelles'!F23*1000 -> 2933.376 | J22: ='FS Seychelles'!G23*1000 -> 0 | K22: ='FS Seychelles'!H23*1000 -> 3261.568 | L22: ='FS Seychelles'!I23*1000 -> 1275.136 | M22: ='FS Seychelles'!J23*1000 -> 1753.472 | N22: ='FS Seychelles'!K23*1000 -> 4003.328 | O22: ='FS Seychelles'!L23 -> 4615 | P22: ='FS Seychelles'!M23 -> 5619 | Q22: ='FS Seychelles'!N23 -> 6008 | R22: ='FS Seychelles'!O23 -> 11604 | S22: ='FS Seychelles'!P23 -> 1244 | T22: ='FS Seychelles'!Q23 -> 8331 | U22: ='FS Seychelles'!R23 -> 81 | V22: ='FS Seychelles'!S23 -> 30 | ... AB22: ='FS Seychelles'!Y23 -> 0
A23: Seychelles | B23: =B22+1 -> 22 | C23: 8 | D23: 2019 | E23: ='FS Seychelles'!B24 -> 0.8105 | F23: ='FS Seychelles'!C24*1000 -> 3679.488 | G23: ='FS Seychelles'!D24*1000 -> 5073.664 | H23: ='FS Seychelles'!E24*1000 -> 5693.952 | I23: ='FS Seychelles'!F24*1000 -> 2592.64 | J23: ='FS Seychelles'!G24*1000 -> 0 | K23: ='FS Seychelles'!H24*1000 -> 3185.024 | L23: ='FS Seychelles'!I24*1000 -> 1358.272 | M23: ='FS Seychelles'!J24*1000 -> 1904.128 | N23: ='FS Seychelles'!K24*1000 -> 3985.408 | O23: ='FS Seychelles'!L24 -> 9172 | P23: ='FS Seychelles'!M24 -> 8519 | Q23: ='FS Seychelles'!N24 -> 8665 | R23: ='FS Seychelles'!O24 -> 2788 | S23: ='FS Seychelles'!P24 -> 0 | T23: ='FS Seychelles'!Q24 -> 8140 | U23: ='FS Seychelles'!R24 -> 76 | V23: ='FS Seychelles'!S24 -> 51 | ... AB23: ='FS Seychelles'!Y24 -> 0
A24: Seychelles | B24: =B23+1 -> 23 | C24: 8 | D24: 2019 | E24: ='FS Seychelles'!B25 -> 0.8737 | F24: ='FS Seychelles'!C25*1000 -> 4569.856 | G24: ='FS Seychelles'!D25*1000 -> 5413.888 | H24: ='FS Seychelles'!E25*1000 -> 6083.584 | I24: ='FS Seychelles'!F25*1000 -> 2699.904 | J24: ='FS Seychelles'!G25*1000 -> 0 | K24: ='FS Seychelles'!H25*1000 -> 3102.72 | L24: ='FS Seychelles'!I25*1000 -> 1175.168 | M24: ='FS Seychelles'!J25*1000 -> 2002.944 | N24: ='FS Seychelles'!K25*1000 -> 3936.768 | O24: ='FS Seychelles'!L25 -> 6252 | P24: ='FS Seychelles'!M25 -> 9888 | Q24: ='FS Seychelles'!N25 -> 8103 | R24: ='FS Seychelles'!O25 -> 7886 | S24: ='FS Seychelles'!P25 -> 0 | T24: ='FS Seychelles'!Q25 -> 8906 | U24: ='FS Seychelles'!R25 -> 81 | V24: ='FS Seychelles'!S25 -> 26 | ... AB24: ='FS Seychelles'!Y25 -> 0
A25: Seychelles | B25: =B24+1 -> 24 | C25: 8 | D25: 2019 | E25: ='FS Seychelles'!B26 -> 0.9053 | F25: ='FS Seychelles'!C26*1000 -> 4805.888 | G25: ='FS Seychelles'!D26*1000 -> 5406.72 | H25: ='FS Seychelles'!E26*1000 -> 6096.896 | I25: ='FS Seychelles'!F26*1000 -> 2969.344 | J25: ='FS Seychelles'!G26*1000 -> 0 | K25: ='FS Seychelles'!H26*1000 -> 2505.728 | L25: ='FS Seychelles'!I26*1000 -> 1254.72 | M25: ='FS Seychelles'!J26*1000 -> 2107.648 | N25: ='FS Seychelles'!K26*1000 -> 4035.072 | O25: ='FS Seychelles'!L26 -> 7565 | P25: ='FS Seychelles'!M26 -> 10527 | Q25: ='FS Seychelles'!N26 -> 7000 | R25: ='FS Seychelles'!O26 -> 7852 | S25: ='FS Seychelles'!P26 -> 0 | T25: ='FS Seychelles'!Q26 -> 9073 | U25: ='FS Seychelles'!R26 -> 88 | V25: ='FS Seychelles'!S26 -> 111 | ... AB25: ='FS Seychelles'!Y26 -> 0
A26: Seychelles | B26: =B25+1 -> 25 | C26: 8 | D26: 2019 | E26: ='FS Seychelles'!B27 -> 0.8842 | F26: ='FS Seychelles'!C27*1000 -> 5068.032 | G26: ='FS Seychelles'!D27*1000 -> 5317.12 | H26: ='FS Seychelles'!E27*1000 -> 6332.416 | I26: ='FS Seychelles'!F27*1000 -> 3199.616 | J26: ='FS Seychelles'!G27*1000 -> 0 | K26: ='FS Seychelles'!H27*1000 -> 2538.368 | L26: ='FS Seychelles'!I27*1000 -> 1362.24 | M26: ='FS Seychelles'!J27*1000 -> 2088.32 | N26: ='FS Seychelles'!K27*1000 -> 4154.112 | O26: ='FS Seychelles'!L27 -> 9169 | P26: ='FS Seychelles'!M27 -> 6154 | Q26: ='FS Seychelles'!N27 -> 9991 | R26: ='FS Seychelles'!O27 -> 7153 | S26: ='FS Seychelles'!P27 -> 0 | T26: ='FS Seychelles'!Q27 -> 8896 | U26: ='FS Seychelles'!R27 -> 82 | V26: ='FS Seychelles'!S27 -> 42 | ... AB26: ='FS Seychelles'!Y27 -> 0
A27: Seychelles | B27: =B26+1 -> 26 | C27: 8 | D27: 2019 | E27: ='FS Seychelles'!B28 -> 0.8421 | F27: ='FS Seychelles'!C28*1000 -> 5030.656 | G27: ='FS Seychelles'!D28*1000 -> 5142.272 | H27: ='FS Seychelles'!E28*1000 -> 6287.616 | I27: ='FS Seychelles'!F28*1000 -> 3015.808 | J27: ='FS Seychelles'!G28*1000 -> 0 | K27: ='FS Seychelles'!H28*1000 -> 3333.76 | L27: ='FS Seychelles'!I28*1000 -> 1323.2 | M27: ='FS Seychelles'!J28*1000 -> 1945.472 | N27: ='FS Seychelles'!K28*1000 -> 4142.08 | O27: ='FS Seychelles'!L28 -> 11283 | P27: ='FS Seychelles'!M28 -> 0 | Q27: ='FS Seychelles'!N28 -> 9007 | R27: ='FS Seychelles'!O28 -> 11170 | S27: ='FS Seychelles'!P28 -> 0 | T27: ='FS Seychelles'!Q28 -> 8576 | U27: ='FS Seychelles'!R28 -> 101 | V27: ='FS Seychelles'!S28 -> 117 | ... AB27: ='FS Seychelles'!Y28 -> 0
A28: Seychelles | B28: =B27+1 -> 27 | C28: 8 | D28: 2019 | E28: ='FS Seychelles'!B29 -> 0.9263 | F28: ='FS Seychelles'!C29*1000 -> 5416.704 | G28: ='FS Seychelles'!D29*1000 -> 5555.2 | H28: ='FS Seychelles'!E29*1000 -> 6268.416 | I28: ='FS Seychelles'!F29*1000 -> 2966.016 | J28: ='FS Seychelles'!G29*1000 -> 0 | K28: ='FS Seychelles'!H29*1000 -> 2544.512 | L28: ='FS Seychelles'!I29*1000 -> 1321.216 | M28: ='FS Seychelles'!J29*1000 -> 2020.096 | N28: ='FS Seychelles'!K29*1000 -> 4250.624 | O28: ='FS Seychelles'!L29 -> 12022 | P28: ='FS Seychelles'!M29 -> 0 | Q28: ='FS Seychelles'!N29 -> 12092 | R28: ='FS Seychelles'!O29 -> 12104 | S28: ='FS Seychelles'!P29 -> 0 | T28: ='FS Seychelles'!Q29 -> 9579 | U28: ='FS Seychelles'!R29 -> 100 | V28: ='FS Seychelles'!S29 -> 136 | ... AB28: ='FS Seychelles'!Y29 -> 0
... A32: Seychelles | B32: =B31+1 -> 31 | C32: 8 | D32: 2019 | E32: ='FS Seychelles'!B33 -> 0.7895 | F32: ='FS Seychelles'!C33*1000 -> 5752.32 | G32: ='FS Seychelles'!D33*1000 -> 5573.632 | H32: ='FS Seychelles'!E33*1000 -> 6442.496 | I32: ='FS Seychelles'!F33*1000 -> 3180.032 | J32: ='FS Seychelles'!G33*1000 -> 0 | K32: ='FS Seychelles'!H33*1000 -> 1411.2 | L32: ='FS Seychelles'!I33*1000 -> 1329.344 | M32: ='FS Seychelles'!J33*1000 -> 2000.512 | N32: ='FS Seychelles'!K33*1000 -> 4167.168 | O32: ='FS Seychelles'!L33 -> 12034 | P32: ='FS Seychelles'!M33 -> 0 | Q32: ='FS Seychelles'!N33 -> 11909 | R32: ='FS Seychelles'!O33 -> 12017 | S32: ='FS Seychelles'!P33 -> 0 | T32: ='FS Seychelles'!Q33 -> 9569 | U32: ='FS Seychelles'!R33 -> 96 | V32: ='FS Seychelles'!S33 -> 36 | ... AB32: ='FS Seychelles'!Y33 -> 0

Sheet FS Seychelles
A2: DATE | B2: Room Night | C2: SS-A | D2: SS-B | E2: SS-C | F2: SS-D1 | G2: SS-D2 | H2: SS-E | I2: FIRE PUMP | J2: CASINO | K2: BOH | L2: Generator#1 | M2: Generator#2 | N2: Generator#3 | O2: Generator#4 | P2: Generator#5 | Q2: DIESEL (Liter) | R2: BOH Water | S2: E-Resort | T2: North RVs | U2: WT59 | V2: WT08 | W2: PUC (HOH) | X2: PUC (Eresort) | Y2: LPG (Kg)
A3: 43678 | B3: 0.6632 | C3: 3.226112 | D3: 5.306112 | E3: 5.720064 | F3: 1.701632 | G3: 0 | H3: 2.138624 | I3: 1.496768 | J3: 1.588608 | K3: 3.618304 | L3: 4827 | M3: 6861 | N3: 9846 | O3: 4810 | P3: 1023 | Q3: =1434+3048+1425+291+1962 -> 8160 | R3: 70 | S3: 41 | T3: 53 | U3: 215 | V3: 84 | W3: 120 | X3: 0 | Y3: 0
A4: 43679 | B4: 0.6947 | C4: 3.164672 | D4: 5.510912 | E4: 5.560064 | F4: 1.620992 | G4: 0 | H4: 2.084096 | I4: 1.495808 | J4: 1.644672 | K4: 3.652352 | L4: 0 | M4: 8839 | N4: 13268 | O4: 4419 | P4: 0 | Q4: =2432+3483+1162 -> 7077 | R4: 74 | S4: 63 | T4: 64 | U4: 217 | V4: 61 | W4: 125 | X4: 0
A5: 43680 | B5: 0.7368 | C5: 3.2768 | D5: 5.741056 | E5: 5.597696 | F5: 1.799936 | G5: 0 | H5: 2.343808 | I5: 1.308928 | J5: 1.748608 | K5: 3.441664 | L5: 0 | M5: 1550 | N5: 13394 | O5: 11884 | P5: 0 | Q5: =434+3579+3127 -> 7140 | R5: 69 | S5: 0 | T5: 75 | U5: 214 | V5: 86 | W5: 132 | X5: 0
A6: 43681 | B6: 0.6211 | C6: 3.42848 | D6: 6.025984 | E6: 5.70496 | F6: 1.637888 | G6: 0 | H6: 2.365568 | I6: 1.4288 | J6: 1.62048 | K6: 3.549184 | L6: 0 | M6: 11860 | N6: 11791 | O6: 0 | P6: 3191 | Q6: =3391+915+3240 -> 7546 | R6: 61 | S6: 41 | T6: 65 | U6: 220 | V6: 73 | W6: 126 | X6: 0
A7: 43682 | B7: 0.6842 | C7: 3.198976 | D7: 5.812224 | E7: 5.6448 | F7: 1.52384 | G7: 0 | H7: 2.4768 | I7: 1.19136 | J7: 1.681024 | K7: 3.370752 | L7: 4530 | M7: 13259 | N7: 1106 | O7: 9566 | P7: 0 | Q7: =1126+318+3704+2517 -> 7665 | R7: 70 | S7: 36 | T7: 79 | U7: 219 | V7: 145 | W7: 122 | X7: 0
A8: 43683 | B8: 0.6737 | C8: 3.273216 | D8: 5.64608 | E8: 5.537024 | F8: 1.627264 | G8: 0 | H8: 2.541696 | I8: 1.355904 | J8: 1.696896 | K8: 3.56352 | L8: 14528 | M8: 0 | N8: 14479 | O8: 7057 | P8: 0 | Q8: =1857+3930+4130 -> 9917 | R8: 76 | S8: 52 | T8: 67 | U8: 226 | V8: 86 | W8: 135 | X8: 0
A9: 43684 | B9: 0.7263 | C9: 3.8272 | D9: 5.98656 | E9: 5.64992 | F9: 2.021248 | G9: 0 | H9: 2.742144 | I9: 1.374208 | J9: 1.971456 | K9: 3.565312 | L9: 4161 | M9: 5742 | N9: 12661 | O9: 0 | P9: 0 | Q9: =3406+1612+928 -> 5946 | R9: 69 | S9: 43 | T9: 94 | U9: 300 | V9: 74 | W9: 121 | X9: 0
A10: 43685 | B10: 0.6737 | C10: 3.702528 | D10: 5.91744 | E10: 5.620992 | F10: 1.95392 | G10: 0 | H10: 2.717184 | I10: 1.36416 | J10: 1.563904 | K10: 3.809024 | L10: 9825 | M10: 3870 | N10: 4876 | O10: 7972 | P10: 0 | Q10: =2746+1134+1358+2097 -> 7335 | R10: 81 | S10: 14 | T10: 76 | U10: 281 | V10: 83 | W10: 126 | X10: 0
A11: 43686 | B11: 0.6842 | C11: 3.524096 | D11: 5.646336 | E11: 5.667584 | F11: 2.065664 | G11: 0 | H11: 2.616704 | I11: 1.40544 | J11: 1.65312 | K11: 3.708672 | L11: 4319 | M11: 11017 | N11: 10538 | O11: 0 | P11: 1659 | Q11: =3078+2675+476+1013 -> 7242 | R11: 73 | S11: 21 | T11: 76 | U11: 275 | V11: 75 | W11: 129 | X11: 0
A12: 43687 | B12: 0.7053 | C12: 3.563392 | D12: 5.761536 | E12: 5.98144 | F12: 2.195456 | G12: 0 | H12: 2.662144 | I12: 1.352384 | J12: 2.018048 | K12: 3.632128 | L12: 8666 | M12: 2623 | N12: 8640 | O12: 4894 | P12: 2712 | Q12: =707+1287+2291+2414+784 -> 7483 | R12: 71 | S12: 23 | T12: 84 | U12: 317 | V12: 72 | W12: 127 | X12: 0
A13: 43688 | B13: 0.6632 | C13: 3.647616 | D13: 5.915392 | E13: 5.901824 | F13: 2.044288 | G13: 0 | H13: 2.644224 | I13: 1.386112 | J13: 1.7888 | K13: 3.590144 | L13: 4395 | M13: 9881 | N13: 7965 | O13: 5852 | P13: 0 | Q13: =2129+2796+1540+1403 -> 7868 | R13: 63 | S13: 22 | T13: 75 | U13: 250 | V13: 81 | W13: 122 | X13: 0
A14: 43689 | B14: 0.7053 | C14: 3.319936 | D14: 5.533184 | E14: 5.80096 | F14: 1.838592 | G14: 0 | H14: 2.843776 | I14: 1.383168 | J14: 1.661056 | K14: 3.749632 | L14: 7614 | M14: 4982 | N14: 1140 | O14: 12614 | P14: 2593 | Q14: =1433+3319+288+719+1990 -> 7749 | R14: 81 | S14: 19 | T14: 111 | U14: 290 | V14: 80 | W14: 125 | X14: 0
A15: 43690 | B15: 0.6211 | C15: 3.35168 | D15: 5.596928 | E15: 5.710848 | F15: 1.785984 | G15: 0 | H15: 3.250432 | I15: 1.394048 | J15: 1.66528 | K15: 3.734016 | L15: 0 | M15: 8261 | N15: 13150 | O15: 6279 | P15: 2966 | Q15: =1652+3690+790+2309 -> 8441 | R15: 80 | S15: 24 | T15: 123 | U15: 267 | V15: 72 | W15: 126 | X15: 0
A16: 43691 | B16: 0.7368 | C16: 3.55136 | D16: 5.68576 | E16: 5.911296 | F16: 1.678464 | G16: 0 | H16: 3.483648 | I16: 1.312512 | J16: 1.660928 | K16: 3.831808 | L16: 13601 | M16: 0 | N16: 9808 | O16: 4469 | P16: 1470 | Q16: =1176+350+3613+2542 -> 7681 | R16: 81 | S16: 43 | T16: 86 | U16: 273 | V16: 91 | W16: 121 | X16: 0
A17: 43692 | B17: 0.6947 | C17: 3.893504 | D17: 5.539072 | E17: 6.073856 | F17: 1.760896 | G17: 0 | H17: 3.583232 | I17: 1.303168 | J17: 1.72928 | K17: 3.787776 | L17: 7319 | M17: 0 | N17: 12790 | O17: 11133 | P17: 479 | Q17: =2929+3554+86+2221 -> 8790 | R17: 77 | S17: 25 | T17: 93 | U17: 269 | V17: 84 | W17: 83 | X17: 0
A18: 43693 | B18: 0.5684 | C18: 3.78432 | D18: 5.801472 | E18: 6.07616 | F18: 2.318592 | G18: 0 | H18: 3.950592 | I18: 1.369536 | J18: 1.756288 | K18: 4.004608 | L18: 11409 | M18: 0 | N18: 7667 | O18: 12374 | P18: 0 | Q18: =3120+3256+2076 -> 8452 | R18: 91 | S18: 1 | T18: 73 | U18: 267 | V18: 85 | W18: 133 | X18: 0
A19: 43694 | B19: 0.6316 | C19: 3.441408 | D19: 5.89824 | E19: 5.930496 | F19: 2.520064 | G19: 0 | H19: 3.616256 | I19: 1.248832 | J19: 1.709568 | K19: 3.851008 | L19: 7431 | M19: 0 | N19: 11890 | O19: 9705 | P19: 0 | Q19: 7726 | R19: 83 | S19: 22 | T19: 84 | U19: 321 | V19: 75 | W19: 132 | X19: 0
A20: 43695 | B20: 0.6316 | C20: 3.455872 | D20: 5.466368 | E20: 5.82016 | F20: 2.594944 | G20: 0 | H20: 2.99648 | I20: 1.327296 | J20: 1.584256 | K20: 3.90528 | L20: 9909 | M20: 0 | N20: 5590 | O20: 13019 | P20: 1571 | Q20: =360+1534+2797+3426 -> 8117 | R20: 68 | S20: 125 | T20: 69 | U20: 256 | V20: 92 | W20: 105 | X20: 0
A21: 43696 | B21: 0.4737 | C21: 3.55712 | D21: 5.447168 | E21: 5.893632 | F21: 2.624384 | G21: 0 | H21: 3.191168 | I21: 1.234816 | J21: 1.495552 | K21: 3.70688 | L21: 9511 | M21: 0 | N21: 7826 | O21: 12212 | P21: 1212 | Q21: =414+2801+2271+3213 -> 8699 | R21: 81 | S21: 28 | T21: 87 | U21: 258 | V21: 81 | W21: 115 | X21: 0
A22: 43697 | B22: 0.8842 | C22: 4.059776 | D22: 5.646336 | E22: 5.792256 | F22: 2.635904 | G22: 0 | H22: 2.848384 | I22: 1.219904 | J22: 1.559808 | K22: 3.904256 | L22: 12902 | M22: 0 | N22: 12038 | O22: 7806 | P22: 0 | Q22: =2054+3302+3105 -> 8461 | R22: 91 | S22: 21 | T22: 87 | U22: 242 | V22: 80 | W22: 110 | X22: 0
A23: 43698 | B23: 0.8632 | C23: 4.379904 | D23: 5.521664 | E23: 5.85216 | F23: 2.933376 | G23: 0 | H23: 3.261568 | I23: 1.275136 | J23: 1.753472 | K23: 4.003328 | L23: 4615 | M23: 5619 | N23: 6008 | O23: 11604 | P23: 1244 | Q23: =1667+1622+327+1662+3053 -> 8331 | R23: 81 | S23: 30 | T23: 65 | U23: 352 | V23: 89 | W23: 135 | X23: 0
A24: 43699 | B24: 0.8105 | C24: 3.679488 | D24: 5.073664 | E24: 5.693952 | F24: 2.59264 | G24: 0 | H24: 3.185024 | I24: 1.358272 | J24: 1.904128 | K24: 3.985408 | L24: 9172 | M24: 8519 | N24: 8665 | O24: 2788 | P24: 0 | Q24: =2592+2420+2395+733 -> 8140 | R24: 76 | S24: 51 | T24: 105 | U24: 218 | V24: 97 | W24: 135 | X24: 0
A25: 43700 | B25: 0.8737 | C25: 4.569856 | D25: 5.413888 | E25: 6.083584 | F25: 2.699904 | G25: 0 | H25: 3.10272 | I25: 1.175168 | J25: 2.002944 | K25: 3.936768 | L25: 6252 | M25: 9888 | N25: 8103 | O25: 7886 | P25: 0 | Q25: =1751+2847+2233+2075 -> 8906 | R25: 81 | S25: 26 | T25: 108 | U25: 258 | V25: 93 | W25: 128 | X25: 0
A26: 43701 | B26: 0.9053 | C26: 4.805888 | D26: 5.40672 | E26: 6.096896 | F26: 2.969344 | G26: 0 | H26: 2.505728 | I26: 1.25472 | J26: 2.107648 | K26: 4.035072 | L26: 7565 | M26: 10527 | N26: 7000 | O26: 7852 | P26: 0 | Q26: =1974+2927+2106+2066 -> 9073 | R26: 88 | S26: 111 | T26: 100 | U26: 242 | V26: 109 | W26: 102 | X26: 0
A27: 43702 | B27: 0.8842 | C27: 5.068032 | D27: 5.31712 | E27: 6.332416 | F27: 3.199616 | G27: 0 | H27: 2.538368 | I27: 1.36224 | J27: 2.08832 | K27: 4.154112 | L27: 9169 | M27: 6154 | N27: 9991 | O27: 7153 | P27: 0 | Q27: =2518+1715+2781+1882 -> 8896 | R27: 82 | S27: 42 | T27: 106 | U27: 240 | V27: 122 | W27: 120 | X27: 0
A28: 43703 | B28: 0.8421 | C28: 5.030656 | D28: 5.142272 | E28: 6.287616 | F28: 3.015808 | G28: 0 | H28: 3.33376 | I28: 1.3232 | J28: 1.945472 | K28: 4.14208 | L28: 11283 | M28: 0 | N28: 9007 | O28: 11170 | P28: 0 | Q28: =3132+2939+2505 -> 8576 | R28: 101 | S28: 117 | T28: 102 | U28: 271 | V28: 118 | W28: 10 | X28: 0
A29: 43704 | B29: 0.9263 | C29: 5.416704 | D29: 5.5552 | E29: 6.268416 | F29: 2.966016 | G29: 0 | H29: 2.544512 | I29: 1.321216 | J29: 2.020096 | K29: 4.250624 | L29: 12022 | M29: 0 | N29: 12092 | O29: 12104 | P29: 0 | Q29: =3249+3145+3185 -> 9579 | R29: 100 | S29: 136 | T29: 125 | U29: 280 | V29: 131 | W29: 184 | X29: 0
A30: 43705 | B30: 0.9158 | C30: 5.268992 | D30: 5.621504 | E30: 6.40384 | F30: 3.049472 | G30: 0 | H30: 2.038528 | I30: 1.346368 | J30: 1.920768 | K30: 4.127232 | L30: 11582 | M30: 0 | N30: 11533 | O30: 11537 | P30: 0 | Q30: =3036+3197+3112 -> 9345 | R30: 98 | S30: 15 | T30: 100 | U30: 254 | V30: 128 | W30: 95 | X30: 0
A31: 43706 | B31: 0.9158 | C31: 5.476864 | D31: 5.399552 | E31: 6.348032 | F31: 3.03168 | G31: 0 | H31: 1.670656 | I31: 1.334208 | J31: 1.84256 | K31: 4.231424 | L31: 11258 | M31: 0 | N31: 11190 | O31: 8239 | P31: 3986 | Q31: =3120+2168+1908+3046 -> 10242 | R31: 88 | S31: 33 | T31: 107 | U31: 288 | V31: 128 | W31: 114 | X31: 0
A32: 43707 | B32: 0.7789 | C32: 5.415168 | D32: 5.336832 | E32: 6.335488 | F32: 3.089152 | G32: 0 | H32: 1.576704 | I32: 1.346304 | J32: 1.885056 | K32: 4.172544 | L32: 17339 | M32: 0 | N32: 11167 | O32: 11183 | P32: 0 | Q32: =2997+3131+2942 -> 9070 | R32: 100 | S32: 41 | T32: 103 | U32: 268 | V32: 131 | W32: 137 | X32: 0
A33: 43708 | B33: 0.7895 | C33: 5.75232 | D33: 5.573632 | E33: 6.442496 | F33: 3.180032 | G33: 0 | H33: 1.4112 | I33: 1.329344 | J33: 2.000512 | K33: 4.167168 | L33: 12034 | M33: 0 | N33: 11909 | O33: 12017 | P33: 0 | Q33: =3162+3224+3183 -> 9569 | R33: 96 | S33: 36 | T33: 103 | U33: 267 | V33: 137 | W33: 136 | X33: 0
