Workbook

Sheet Total Daily 
A1: Site Name | B1: Day | C1: Month | D1: Year | E1: Total Electricity Kwh | F1: Electricity Tariff ($/Kwh) | G1: LPG (Kg) | H1: LPG $/Kg | I1: District Energy Cooling Kwh | J1: District Energy Cooling $/Kwh | K1: Water Utility Supply (m3) m3 | L1: Water Utility Supply (m3) m3 | M1: Water Utility Supply (m3) $/m3 | N1: Room Nights
A2: Dubai DIFC | B2: 1 | C2: 10 | D2: 2019 | E2: ='10 - 2019'!B7-'10 - 2019'!B6+'10 - 2019'!C7-'10 - 2019'!C6 -> 9861.6 | F2: 0.118 | G2: =(('10 - 2019'!E7-'10 - 2019'!E6)+('10 - 2019'!F7-'10 - 2019'!F6)+('10 - 2019'!G7-'10 - 2019'!G6))*1.81 -> 115.2427 | H2: 0.99 | I2: ='10 - 2019'!J7-'10 - 2019'!J6 -> 39310 | J2: 0.081 | K2: ='10 - 2019'!H7-'10 - 2019'!H6 -> 0 | L2: ='10 - 2019'!I7-'10 - 2019'!I6 -> 105 | M2: 4.3936294 | N2: 81
A3: Dubai DIFC | B3: =B2+1 -> 2 | C3: 10 | D3: 2019 | E3: ='10 - 2019'!B8-'10 - 2019'!B7+'10 - 2019'!C8-'10 - 2019'!C7 -> 9741.8 | F3: 0.118 | G3: =(('10 - 2019'!E8-'10 - 2019'!E7)+('10 - 2019'!F8-'10 - 2019'!F7)+('10 - 2019'!G8-'10 - 2019'!G7))*1.81 -> 109.6679 | H3: 0.99 | I3: ='10 - 2019'!J8-'10 - 2019'!J7 -> 38949 | J3: 0.081 | K3: ='10 - 2019'!H8-'10 - 2019'!H7 -> 0 | L3: ='10 - 2019'!I8-'10 - 2019'!I7 -> 108 | M3: 4.3936294 | N3: 83
A4: Dubai DIFC | B4: =B3+1 -> 3 | C4: 10 | D4: 2019 | E4: ='10 - 2019'!B9-'10 - 2019'!B8+'10 - 2019'!C9-'10 - 2019'!C8 -> 9908.7 | F4: 0.118 | G4: =(('10 - 2019'!E9-'10 - 2019'!E8)+('10 - 2019'!F9-'10 - 2019'!F8)+('10 - 2019'!G9-'10 - 2019'!G8))*1.81 -> 119.2971 | H4: 0.99 | I4: ='10 - 2019'!J9-'10 - 2019'!J8 -> 33895 | J4: 0.081 | K4: ='10 - 2019'!H9-'10 - 2019'!H8 -> 0 | L4: ='10 - 2019'!I9-'10 - 2019'!I8 -> 117 | M4: 4.3936294 | N4: 78
A5: Dubai DIFC | B5: =B4+1 -> 4 | C5: 10 | D5: 2019 | E5: ='10 - 2019'!B10-'10 - 2019'!B9+'10 - 2019'!C10-'10 - 2019'!C9 -> 10486 | F5: 0.118 | G5: =(('10 - 2019'!E10-'10 - 2019'!E9)+('10 - 2019'!F10-'10 - 2019'!F9)+('10 - 2019'!G10-'10 - 2019'!G9))*1.81 -> 138.8451 | H5: 0.99 | I5: ='10 - 2019'!J10-'10 - 2019'!J9 -> 34157 | J5: 0.081 | K5: ='10 - 2019'!H10-'10 - 2019'!H9 -> 0 | L5: ='10 - 2019'!I10-'10 - 2019'!I9 -> 140 | M5: 4.3936294 | N5: 63
A6: Dubai DIFC | B6: =B5+1 -> 5 | C6: 10 | D6: 2019 | E6: ='10 - 2019'!B11-'10 - 2019'!B10+'10 - 2019'!C11-'10 - 2019'!C10 -> 9718.1 | F6: 0.118 | G6: =(('10 - 2019'!E11-'10 - 2019'!E10)+('10 - 2019'!F11-'10 - 2019'!F10)+('10 - 2019'!G11-'10 - 2019'!G10))*1.81 -> 116.3106 | H6: 0.99 | I6: ='10 - 2019'!J11-'10 - 2019'!J10 -> 34177 | J6: 0.081 | K6: ='10 - 2019'!H11-'10 - 2019'!H10 -> 0 | L6: ='10 - 2019'!I11-'10 - 2019'!I10 -> 95 | M6: 4.3936294 | N6: 63
A7: Dubai DIFC | B7: =B6+1 -> 6 | C7: 10 | D7: 2019 | E7: ='10 - 2019'!B12-'10 - 2019'!B11+'10 - 2019'!C12-'10 - 2019'!C11 -> 9872.6 | F7: 0.118 | G7: =(('10 - 2019'!E12-'10 - 2019'!E11)+('10 - 2019'!F12-'10 - 2019'!F11)+('10 - 2019'!G12-'10 - 2019'!G11))*1.81 -> 118.6817 | H7: 0.99 | I7: ='10 - 2019'!J12-'10 - 2019'!J11 -> 32458 | J7: 0.081 | K7: ='10 - 2019'!H12-'10 - 2019'!H11 -> 0 | L7: ='10 - 2019'!I12-'10 - 2019'!I11 -> 121 | M7: 4.3936294 | N7: 76
A8: Dubai DIFC | B8: =B7+1 -> 7 | C8: 10 | D8: 2019 | E8: ='10 - 2019'!B13-'10 - 2019'!B12+'10 - 2019'!C13-'10 - 2019'!C12 -> 9855.9 | F8: 0.118 | G8: =(('10 - 2019'!E13-'10 - 2019'!E12)+('10 - 2019'!F13-'10 - 2019'!F12)+('10 - 2019'!G13-'10 - 2019'!G12))*1.81 -> 127.1344 | H8: 0.99 | I8: ='10 - 2019'!J13-'10 - 2019'!J12 -> 28270 | J8: 0.081 | K8: ='10 - 2019'!H13-'10 - 2019'!H12 -> 0 | L8: ='10 - 2019'!I13-'10 - 2019'!I12 -> 112 | M8: 4.3936294 | N8: 96
A9: Dubai DIFC | B9: =B8+1 -> 8 | C9: 10 | D9: 2019 | E9: ='10 - 2019'!B14-'10 - 2019'!B13+'10 - 2019'!C14-'10 - 2019'!C13 -> 9552.6 | F9: 0.118 | G9: =(('10 - 2019'!E14-'10 - 2019'!E13)+('10 - 2019'!F14-'10 - 2019'!F13)+('10 - 2019'!G14-'10 - 2019'!G13))*1.81 -> 119.279 | H9: 0.99 | I9: ='10 - 2019'!J14-'10 - 2019'!J13 -> 32440 | J9: 0.081 | K9: ='10 - 2019'!H14-'10 - 2019'!H13 -> 0 | L9: ='10 - 2019'!I14-'10 - 2019'!I13 -> 119 | M9: 4.3936294 | N9: 101
A10: Dubai DIFC | B10: =B9+1 -> 9 | C10: 10 | D10: 2019 | E10: ='10 - 2019'!B15-'10 - 2019'!B14+'10 - 2019'!C15-'10 - 2019'!C14 -> 8874.1 | F10: 0.118 | G10: =(('10 - 2019'!E15-'10 - 2019'!E14)+('10 - 2019'!F15-'10 - 2019'!F14)+('10 - 2019'!G15-'10 - 2019'!G14))*1.81 -> 113.9576 | H10: 0.99 | I10: ='10 - 2019'!J15-'10 - 2019'!J14 -> 30916 | J10: 0.081 | K10: ='10 - 2019'!H15-'10 - 2019'!H14 -> 0 | L10: ='10 - 2019'!I15-'10 - 2019'!I14 -> 142 | M10: 4.3936294 | N10: 100
A11: Dubai DIFC | B11: =B10+1 -> 10 | C11: 10 | D11: 2019 | E11: ='10 - 2019'!B16-'10 - 2019'!B15+'10 - 2019'!C16-'10 - 2019'!C15 -> 10031 | F11: 0.118 | G11: =(('10 - 2019'!E16-'10 - 2019'!E15)+('10 - 2019'!F16-'10 - 2019'!F15)+('10 - 2019'!G16-'10 - 2019'!G15))*1.81 -> 135.5147 | H11: 0.99 | I11: ='10 - 2019'!J16-'10 - 2019'!J15 -> 42281 | J11: 0.081 | K11: ='10 - 2019'!H16-'10 - 2019'!H15 -> 0 | L11: ='10 - 2019'!I16-'10 - 2019'!I15 -> 112 | M11: 4.3936294 | N11: 98
A12: Dubai DIFC | B12: =B11+1 -> 11 | C12: 10 | D12: 2019 | E12: 0 | F12: 0.118 | G12: 0 | H12: 0.99 | I12: 0 | J12: 0.081 | K12: 0 | L12: 0 | M12: 4.3936294
A13: Dubai DIFC | B13: =B12+1 -> 12 | C13: 10 | D13: 2019 | E13: ='10 - 2019'!B18-'10 - 2019'!B17+'10 - 2019'!C18-'10 - 2019'!C17 -> 0 | F13: 0.118 | G13: =(('10 - 2019'!E18-'10 - 2019'!E17)+('10 - 2019'!F18-'10 - 2019'!F17)+('10 - 2019'!G18-'10 - 2019'!G17))*1.81 -> 0 | H13: 0.99 | I13: ='10 - 2019'!J18-'10 - 2019'!J17 -> 0 | J13: 0.081 | K13: ='10 - 2019'!H18-'10 - 2019'!H17 -> 0 | L13: ='10 - 2019'!I18-'10 - 2019'!I17 -> 0 | M13: 4.3936294
A14: Dubai DIFC | B14: =B13+1 -> 13 | C14: 10 | D14: 2019 | E14: ='10 - 2019'!B19-'10 - 2019'!B18+'10 - 2019'!C19-'10 - 2019'!C18 -> 0 | F14: 0.118 | G14: =(('10 - 2019'!E19-'10 - 2019'!E18)+('10 - 2019'!F19-'10 - 2019'!F18)+('10 - 2019'!G19-'10 - 2019'!G18))*1.81 -> 0 | H14: 0.99 | I14: ='10 - 2019'!J19-'10 - 2019'!J18 -> 0 | J14: 0.081 | K14: ='10 - 2019'!H19-'10 - 2019'!H18 -> 0 | L14: ='10 - 2019'!I19-'10 - 2019'!I18 -> 0 | M14: 4.3936294
A15: Dubai DIFC | B15: =B14+1 -> 14 | C15: 10 | D15: 2019 | E15: ='10 - 2019'!B20-'10 - 2019'!B19+'10 - 2019'!C20-'10 - 2019'!C19 -> 0 | F15: 0.118 | G15: =(('10 - 2019'!E20-'10 - 2019'!E19)+('10 - 2019'!F20-'10 - 2019'!F19)+('10 - 2019'!G20-'10 - 2019'!G19))*1.81 -> 0 | H15: 0.99 | I15: ='10 - 2019'!J20-'10 - 2019'!J19 -> 0 | J15: 0.081 | K15: ='10 - 2019'!H20-'10 - 2019'!H19 -> 0 | L15: ='10 - 2019'!I20-'10 - 2019'!I19 -> 0 | M15: 4.3936294
A16: Dubai DIFC | B16: =B15+1 -> 15 | C16: 10 | D16: 2019 | E16: ='10 - 2019'!B21-'10 - 2019'!B20+'10 - 2019'!C21-'10 - 2019'!C20 -> 0 | F16: 0.118 | G16: =(('10 - 2019'!E21-'10 - 2019'!E20)+('10 - 2019'!F21-'10 - 2019'!F20)+('10 - 2019'!G21-'10 - 2019'!G20))*1.81 -> 0 | H16: 0.99 | I16: ='10 - 2019'!J21-'10 - 2019'!J20 -> 0 | J16: 0.081 | K16: ='10 - 2019'!H21-'10 - 2019'!H20 -> 0 | L16: ='10 - 2019'!I21-'10 - 2019'!I20 -> 0 | M16: 4.3936294
A17: Dubai DIFC | B17: =B16+1 -> 16 | C17: 10 | D17: 2019 | E17: ='10 - 2019'!B22-'10 - 2019'!B21+'10 - 2019'!C22-'10 - 2019'!C21 -> 0 | F17: 0.118 | G17: =(('10 - 2019'!E22-'10 - 2019'!E21)+('10 - 2019'!F22-'10 - 2019'!F21)+('10 - 2019'!G22-'10 - 2019'!G21))*1.81 -> 0 | H17: 0.99 | I17: ='10 - 2019'!J22-'10 - 2019'!J21 -> 0 | J17: 0.081 | K17: ='10 - 2019'!H22-'10 - 2019'!H21 -> 0 | L17: ='10 - 2019'!I22-'10 - 2019'!I21 -> 0 | M17: 4.3936294
A18: Dubai DIFC | B18: =B17+1 -> 17 | C18: 10 | D18: 2019 | E18: ='10 - 2019'!B23-'10 - 2019'!B22+'10 - 2019'!C23-'10 - 2019'!C22 -> 0 | F18: 0.118 | G18: =(('10 - 2019'!E23-'10 - 2019'!E22)+('10 - 2019'!F23-'10 - 2019'!F22)+('10 - 2019'!G23-'10 - 2019'!G22))*1.81 -> 0 | H18: 0.99 | I18: ='10 - 2019'!J23-'10 - 2019'!J22 -> 0 | J18: 0.081 | K18: ='10 - 2019'!H23-'10 - 2019'!H22 -> 0 | L18: ='10 - 2019'!I23-'10 - 2019'!I22 -> 0 | M18: 4.3936294
A19: Dubai DIFC | B19: =B18+1 -> 18 | C19: 10 | D19: 2019 | E19: ='10 - 2019'!B24-'10 - 2019'!B23+'10 - 2019'!C24-'10 - 2019'!C23 -> 0 | F19: 0.118 | G19: =(('10 - 2019'!E24-'10 - 2019'!E23)+('10 - 2019'!F24-'10 - 2019'!F23)+('10 - 2019'!G24-'10 - 2019'!G23))*1.81 -> 0 | H19: 0.99 | I19: ='10 - 2019'!J24-'10 - 2019'!J23 -> 0 | J19: 0.081 | K19: ='10 - 2019'!H24-'10 - 2019'!H23 -> 0 | L19: ='10 - 2019'!I24-'10 - 2019'!I23 -> 0 | M19: 4.3936294
A20: Dubai DIFC | B20: =B19+1 -> 19 | C20: 10 | D20: 2019 | E20: ='10 - 2019'!B25-'10 - 2019'!B24+'10 - 2019'!C25-'10 - 2019'!C24 -> 0 | F20: 0.118 | G20: =(('10 - 2019'!E25-'10 - 2019'!E24)+('10 - 2019'!F25-'10 - 2019'!F24)+('10 - 2019'!G25-'10 - 2019'!G24))*1.81 -> 0 | H20: 0.99 | I20: ='10 - 2019'!J25-'10 - 2019'!J24 -> 0 | J20: 0.081 | K20: ='10 - 2019'!H25-'10 - 2019'!H24 -> 0 | L20: ='10 - 2019'!I25-'10 - 2019'!I24 -> 0 | M20: 4.3936294
A21: Dubai DIFC | B21: =B20+1 -> 20 | C21: 10 | D21: 2019 | E21: ='10 - 2019'!B26-'10 - 2019'!B25+'10 - 2019'!C26-'10 - 2019'!C25 -> 0 | F21: 0.118 | G21: =(('10 - 2019'!E26-'10 - 2019'!E25)+('10 - 2019'!F26-'10 - 2019'!F25)+('10 - 2019'!G26-'10 - 2019'!G25))*1.81 -> 0 | H21: 0.99 | I21: ='10 - 2019'!J26-'10 - 2019'!J25 -> 0 | J21: 0.081 | K21: ='10 - 2019'!H26-'10 - 2019'!H25 -> 0 | L21: ='10 - 2019'!I26-'10 - 2019'!I25 -> 0 | M21: 4.3936294
A22: Dubai DIFC | B22: =B21+1 -> 21 | C22: 10 | D22: 2019 | E22: ='10 - 2019'!B27-'10 - 2019'!B26+'10 - 2019'!C27-'10 - 2019'!C26 -> 0 | F22: 0.118 | G22: =(('10 - 2019'!E27-'10 - 2019'!E26)+('10 - 2019'!F27-'10 - 2019'!F26)+('10 - 2019'!G27-'10 - 2019'!G26))*1.81 -> 0 | H22: 0.99 | I22: ='10 - 2019'!J27-'10 - 2019'!J26 -> 0 | J22: 0.081 | K22: ='10 - 2019'!H27-'10 - 2019'!H26 -> 0 | L22: ='10 - 2019'!I27-'10 - 2019'!I26 -> 0 | M22: 4.3936294
A23: Dubai DIFC | B23: =B22+1 -> 22 | C23: 10 | D23: 2019 | E23: ='10 - 2019'!B28-'10 - 2019'!B27+'10 - 2019'!C28-'10 - 2019'!C27 -> 0 | F23: 0.118 | G23: =(('10 - 2019'!E28-'10 - 2019'!E27)+('10 - 2019'!F28-'10 - 2019'!F27)+('10 - 2019'!G28-'10 - 2019'!G27))*1.81 -> 0 | H23: 0.99 | I23: ='10 - 2019'!J28-'10 - 2019'!J27 -> 0 | J23: 0.081 | K23: ='10 - 2019'!H28-'10 - 2019'!H27 -> 0 | L23: ='10 - 2019'!I28-'10 - 2019'!I27 -> 0 | M23: 4.3936294
A24: Dubai DIFC | B24: =B23+1 -> 23 | C24: 10 | D24: 2019 | E24: ='10 - 2019'!B29-'10 - 2019'!B28+'10 - 2019'!C29-'10 - 2019'!C28 -> 0 | F24: 0.118 | G24: =(('10 - 2019'!E29-'10 - 2019'!E28)+('10 - 2019'!F29-'10 - 2019'!F28)+('10 - 2019'!G29-'10 - 2019'!G28))*1.81 -> 0 | H24: 0.99 | I24: ='10 - 2019'!J29-'10 - 2019'!J28 -> 0 | J24: 0.081 | K24: ='10 - 2019'!H29-'10 - 2019'!H28 -> 0 | L24: ='10 - 2019'!I29-'10 - 2019'!I28 -> 0 | M24: 4.3936294
A25: Dubai DIFC | B25: =B24+1 -> 24 | C25: 10 | D25: 2019 | E25: ='10 - 2019'!B30-'10 - 2019'!B29+'10 - 2019'!C30-'10 - 2019'!C29 -> 0 | F25: 0.118 | G25: =(('10 - 2019'!E30-'10 - 2019'!E29)+('10 - 2019'!F30-'10 - 2019'!F29)+('10 - 2019'!G30-'10 - 2019'!G29))*1.81 -> 0 | H25: 0.99 | I25: ='10 - 2019'!J30-'10 - 2019'!J29 -> 0 | J25: 0.081 | K25: ='10 - 2019'!H30-'10 - 2019'!H29 -> 0 | L25: ='10 - 2019'!I30-'10 - 2019'!I29 -> 0 | M25: 4.3936294
A26: Dubai DIFC | B26: =B25+1 -> 25 | C26: 10 | D26: 2019 | E26: ='10 - 2019'!B31-'10 - 2019'!B30+'10 - 2019'!C31-'10 - 2019'!C30 -> 0 | F26: 0.118 | G26: =(('10 - 2019'!E31-'10 - 2019'!E30)+('10 - 2019'!F31-'10 - 2019'!F30)+('10 - 2019'!G31-'10 - 2019'!G30))*1.81 -> 0 | H26: 0.99 | I26: ='10 - 2019'!J31-'10 - 2019'!J30 -> 0 | J26: 0.081 | K26: 0 | L26: ='10 - 2019'!I31-'10 - 2019'!I30 -> 0 | M26: 4.3936294
A27: Dubai DIFC | B27: =B26+1 -> 26 | C27: 10 | D27: 2019 | E27: ='10 - 2019'!B32-'10 - 2019'!B31+'10 - 2019'!C32-'10 - 2019'!C31 -> 0 | F27: 0.118 | G27: =(('10 - 2019'!E32-'10 - 2019'!E31)+('10 - 2019'!F32-'10 - 2019'!F31)+('10 - 2019'!G32-'10 - 2019'!G31))*1.81 -> 0 | H27: 0.99 | I27: ='10 - 2019'!J32-'10 - 2019'!J31 -> 0 | J27: 0.081 | K27: 0 | L27: ='10 - 2019'!I32-'10 - 2019'!I31 -> 0 | M27: 4.3936294
A28: Dubai DIFC | B28: =B27+1 -> 27 | C28: 10 | D28: 2019 | E28: ='10 - 2019'!B33-'10 - 2019'!B32+'10 - 2019'!C33-'10 - 2019'!C32 -> 0 | F28: 0.118 | G28: =(('10 - 2019'!E33-'10 - 2019'!E32)+('10 - 2019'!F33-'10 - 2019'!F32)+('10 - 2019'!G33-'10 - 2019'!G32))*1.81 -> 0 | H28: 0.99 | I28: ='10 - 2019'!J33-'10 - 2019'!J32 -> 0 | J28: 0.081 | K28: 0 | L28: ='10 - 2019'!I33-'10 - 2019'!I32 -> 0 | M28: 4.3936294
A29: Dubai DIFC | B29: =B28+1 -> 28 | C29: 10 | D29: 2019 | E29: ='10 - 2019'!B34-'10 - 2019'!B33+'10 - 2019'!C34-'10 - 2019'!C33 -> 0 | F29: 0.118 | G29: =(('10 - 2019'!E34-'10 - 2019'!E33)+('10 - 2019'!F34-'10 - 2019'!F33)+('10 - 2019'!G34-'10 - 2019'!G33))*1.81 -> 0 | H29: 0.99 | I29: ='10 - 2019'!J34-'10 - 2019'!J33 -> 0 | J29: 0.081 | K29: 0 | L29: ='10 - 2019'!I34-'10 - 2019'!I33 -> 0 | M29: 4.3936294
A30: Dubai DIFC | B30: =B29+1 -> 29 | C30: 10 | D30: 2019 | E30: ='10 - 2019'!B35-'10 - 2019'!B34+'10 - 2019'!C35-'10 - 2019'!C34 -> 0 | F30: 0.118 | G30: =(('10 - 2019'!E35-'10 - 2019'!E34)+('10 - 2019'!F35-'10 - 2019'!F34)+('10 - 2019'!G35-'10 - 2019'!G34))*1.81 -> 0 | H30: 0.99 | I30: ='10 - 2019'!J35-'10 - 2019'!J34 -> 0 | J30: 0.081 | K30: 0 | L30: ='10 - 2019'!I35-'10 - 2019'!I34 -> 0 | M30: 4.3936294
A31: Dubai DIFC | B31: =B30+1 -> 30 | C31: 10 | D31: 2019 | E31: ='10 - 2019'!B36-'10 - 2019'!B35+'10 - 2019'!C36-'10 - 2019'!C35 -> 0 | F31: 0.118 | G31: =(('10 - 2019'!E36-'10 - 2019'!E35)+('10 - 2019'!F36-'10 - 2019'!F35)+('10 - 2019'!G36-'10 - 2019'!G35))*1.81 -> 0 | H31: 0.99 | I31: ='10 - 2019'!J36-'10 - 2019'!J35 -> 0 | J31: 0.081 | K31: 0 | L31: ='10 - 2019'!I36-'10 - 2019'!I35 -> 0 | M31: 4.3936294
A32: Dubai DIFC | B32: =B31+1 -> 31 | C32: 10 | D32: 2019 | E32: ='10 - 2019'!B37-'10 - 2019'!B36+'10 - 2019'!C37-'10 - 2019'!C36 -> 0 | F32: 0.118 | G32: =(('10 - 2019'!E37-'10 - 2019'!E36)+('10 - 2019'!F37-'10 - 2019'!F36)+('10 - 2019'!G37-'10 - 2019'!G36))*1.81 -> 0 | H32: 0.99 | I32: ='10 - 2019'!J37-'10 - 2019'!J36 -> 0 | J32: 0.081 | K32: 0 | L32: ='10 - 2019'!I37-'10 - 2019'!I36 -> 0 | M32: 4.3936294

Sheet Submetering Daily 
A1: Site Name | B1: Day | C1: Month | D1: Year | E1: Panel LV1 Kwh | F1: Panel LV2 Kwh | G1: Electricity Tariff ($/Kwh) | H1: Main Kitchen LPG (Kg) | I1: Podium Kitchen LPG (Kg) | J1: Boiler LPG (Kg) | K1: LPG $/Kg | L1: Room Nights
A2: Dubai DIFC | B2: 1 | C2: 10 | D2: 2019 | E2: ='10 - 2019'!B7-'10 - 2019'!B6 -> 3433.6 | F2: ='10 - 2019'!C7-'10 - 2019'!C6 -> 6428 | G2: 0.118 | H2: ='10 - 2019'!E7-'10 - 2019'!E6 -> 27 | I2: ='10 - 2019'!F7-'10 - 2019'!F6 -> 4.77 | J2: ='10 - 2019'!G7-'10 - 2019'!G6 -> 31.9 | K2: 0.74 | L2: 81
A3: Dubai DIFC | B3: =B2+1 -> 2 | C3: 10 | D3: 2019 | E3: ='10 - 2019'!B8-'10 - 2019'!B7 -> 3399.8 | F3: ='10 - 2019'!C8-'10 - 2019'!C7 -> 6342 | G3: 0.118 | H3: ='10 - 2019'!E8-'10 - 2019'!E7 -> 23.95 | I3: ='10 - 2019'!F8-'10 - 2019'!F7 -> 4.55 | J3: ='10 - 2019'!G8-'10 - 2019'!G7 -> 32.09 | K3: 0.74 | L3: 83
A4: Dubai DIFC | B4: =B3+1 -> 3 | C4: 10 | D4: 2019 | E4: ='10 - 2019'!B9-'10 - 2019'!B8 -> 3478.7 | F4: ='10 - 2019'!C9-'10 - 2019'!C8 -> 6430 | G4: 0.118 | H4: ='10 - 2019'!E9-'10 - 2019'!E8 -> 23.82 | I4: ='10 - 2019'!F9-'10 - 2019'!F8 -> 4.81 | J4: ='10 - 2019'!G9-'10 - 2019'!G8 -> 37.28 | K4: 0.74 | L4: 78
A5: Dubai DIFC | B5: =B4+1 -> 4 | C5: 10 | D5: 2019 | E5: ='10 - 2019'!B10-'10 - 2019'!B9 -> 3722 | F5: ='10 - 2019'!C10-'10 - 2019'!C9 -> 6764 | G5: 0.118 | H5: ='10 - 2019'!E10-'10 - 2019'!E9 -> 33.69 | I5: ='10 - 2019'!F10-'10 - 2019'!F9 -> 5 | J5: ='10 - 2019'!G10-'10 - 2019'!G9 -> 38.02 | K5: 0.74 | L5: 63
A6: Dubai DIFC | B6: =B5+1 -> 5 | C6: 10 | D6: 2019 | E6: ='10 - 2019'!B11-'10 - 2019'!B10 -> 3480.1 | F6: ='10 - 2019'!C11-'10 - 2019'!C10 -> 6238 | G6: 0.118 | H6: ='10 - 2019'!E11-'10 - 2019'!E10 -> 24.34 | I6: ='10 - 2019'!F11-'10 - 2019'!F10 -> 5.12 | J6: ='10 - 2019'!G11-'10 - 2019'!G10 -> 34.8 | K6: 0.74 | L6: 63
A7: Dubai DIFC | B7: =B6+1 -> 6 | C7: 10 | D7: 2019 | E7: ='10 - 2019'!B12-'10 - 2019'!B11 -> 3620.6 | F7: ='10 - 2019'!C12-'10 - 2019'!C11 -> 6252 | G7: 0.118 | H7: ='10 - 2019'!E12-'10 - 2019'!E11 -> 26.64 | I7: ='10 - 2019'!F12-'10 - 2019'!F11 -> 5.52 | J7: ='10 - 2019'!G12-'10 - 2019'!G11 -> 33.41 | K7: 0.74 | L7: 76
A8: Dubai DIFC | B8: =B7+1 -> 7 | C8: 10 | D8: 2019 | E8: ='10 - 2019'!B13-'10 - 2019'!B12 -> 3572.9 | F8: ='10 - 2019'!C13-'10 - 2019'!C12 -> 6283 | G8: 0.118 | H8: ='10 - 2019'!E13-'10 - 2019'!E12 -> 29.8 | I8: ='10 - 2019'!F13-'10 - 2019'!F12 -> 7.07 | J8: ='10 - 2019'!G13-'10 - 2019'!G12 -> 33.37 | K8: 0.74 | L8: 96
A9: Dubai DIFC | B9: =B8+1 -> 8 | C9: 10 | D9: 2019 | E9: ='10 - 2019'!B14-'10 - 2019'!B13 -> 3430.6 | F9: ='10 - 2019'!C14-'10 - 2019'!C13 -> 6122 | G9: 0.118 | H9: ='10 - 2019'!E14-'10 - 2019'!E13 -> 25.14 | I9: ='10 - 2019'!F14-'10 - 2019'!F13 -> 7.23 | J9: ='10 - 2019'!G14-'10 - 2019'!G13 -> 33.53 | K9: 0.74 | L9: 101
A10: Dubai DIFC | B10: =B9+1 -> 9 | C10: 10 | D10: 2019 | E10: ='10 - 2019'!B15-'10 - 2019'!B14 -> 3185.1 | F10: ='10 - 2019'!C15-'10 - 2019'!C14 -> 5689 | G10: 0.118 | H10: ='10 - 2019'!E15-'10 - 2019'!E14 -> 22.39 | I10: ='10 - 2019'!F15-'10 - 2019'!F14 -> 4.56 | J10: ='10 - 2019'!G15-'10 - 2019'!G14 -> 36.01 | K10: 0.74 | L10: 100
A11: Dubai DIFC | B11: =B10+1 -> 10 | C11: 10 | D11: 2019 | E11: ='10 - 2019'!B16-'10 - 2019'!B15 -> 3557 | F11: ='10 - 2019'!C16-'10 - 2019'!C15 -> 6474 | G11: 0.118 | H11: ='10 - 2019'!E16-'10 - 2019'!E15 -> 28.85 | I11: ='10 - 2019'!F16-'10 - 2019'!F15 -> 7.63 | J11: ='10 - 2019'!G16-'10 - 2019'!G15 -> 38.39 | K11: 0.74 | L11: 98
A12: Dubai DIFC | B12: =B11+1 -> 11 | C12: 10 | D12: 2019 | E12: 0 | F12: 0 | G12: 0.118 | H12: 0 | I12: 0 | J12: 0 | K12: 0.74
A13: Dubai DIFC | B13: =B12+1 -> 12 | C13: 10 | D13: 2019 | E13: ='10 - 2019'!B18-'10 - 2019'!B17 -> 0 | F13: ='10 - 2019'!C18-'10 - 2019'!C17 -> 0 | G13: 0.118 | H13: ='10 - 2019'!E18-'10 - 2019'!E17 -> 0 | I13: ='10 - 2019'!F18-'10 - 2019'!F17 -> 0 | J13: ='10 - 2019'!G18-'10 - 2019'!G17 -> 0 | K13: 0.74
A14: Dubai DIFC | B14: =B13+1 -> 13 | C14: 10 | D14: 2019 | E14: ='10 - 2019'!B19-'10 - 2019'!B18 -> 0 | F14: ='10 - 2019'!C19-'10 - 2019'!C18 -> 0 | G14: 0.118 | H14: ='10 - 2019'!E19-'10 - 2019'!E18 -> 0 | I14: ='10 - 2019'!F19-'10 - 2019'!F18 -> 0 | J14: ='10 - 2019'!G19-'10 - 2019'!G18 -> 0 | K14: 0.74
A15: Dubai DIFC | B15: =B14+1 -> 14 | C15: 10 | D15: 2019 | E15: ='10 - 2019'!B20-'10 - 2019'!B19 -> 0 | F15: ='10 - 2019'!C20-'10 - 2019'!C19 -> 0 | G15: 0.118 | H15: ='10 - 2019'!E20-'10 - 2019'!E19 -> 0 | I15: ='10 - 2019'!F20-'10 - 2019'!F19 -> 0 | J15: ='10 - 2019'!G20-'10 - 2019'!G19 -> 0 | K15: 0.74
A16: Dubai DIFC | B16: =B15+1 -> 15 | C16: 10 | D16: 2019 | E16: ='10 - 2019'!B21-'10 - 2019'!B20 -> 0 | F16: ='10 - 2019'!C21-'10 - 2019'!C20 -> 0 | G16: 0.118 | H16: ='10 - 2019'!E21-'10 - 2019'!E20 -> 0 | I16: ='10 - 2019'!F21-'10 - 2019'!F20 -> 0 | J16: ='10 - 2019'!G21-'10 - 2019'!G20 -> 0 | K16: 0.74
A17: Dubai DIFC | B17: =B16+1 -> 16 | C17: 10 | D17: 2019 | E17: ='10 - 2019'!B22-'10 - 2019'!B21 -> 0 | F17: ='10 - 2019'!C22-'10 - 2019'!C21 -> 0 | G17: 0.118 | H17: ='10 - 2019'!E22-'10 - 2019'!E21 -> 0 | I17: ='10 - 2019'!F22-'10 - 2019'!F21 -> 0 | J17: ='10 - 2019'!G22-'10 - 2019'!G21 -> 0 | K17: 0.74
A18: Dubai DIFC | B18: =B17+1 -> 17 | C18: 10 | D18: 2019 | E18: ='10 - 2019'!B23-'10 - 2019'!B22 -> 0 | F18: ='10 - 2019'!C23-'10 - 2019'!C22 -> 0 | G18: 0.118 | H18: ='10 - 2019'!E23-'10 - 2019'!E22 -> 0 | I18: ='10 - 2019'!F23-'10 - 2019'!F22 -> 0 | J18: ='10 - 2019'!G23-'10 - 2019'!G22 -> 0 | K18: 0.74
A19: Dubai DIFC | B19: =B18+1 -> 18 | C19: 10 | D19: 2019 | E19: ='10 - 2019'!B24-'10 - 2019'!B23 -> 0 | F19: ='10 - 2019'!C24-'10 - 2019'!C23 -> 0 | G19: 0.118 | H19: ='10 - 2019'!E24-'10 - 2019'!E23 -> 0 | I19: ='10 - 2019'!F24-'10 - 2019'!F23 -> 0 | J19: ='10 - 2019'!G24-'10 - 2019'!G23 -> 0 | K19: 0.74
A20: Dubai DIFC | B20: =B19+1 -> 19 | C20: 10 | D20: 2019 | E20: ='10 - 2019'!B25-'10 - 2019'!B24 -> 0 | F20: ='10 - 2019'!C25-'10 - 2019'!C24 -> 0 | G20: 0.118 | H20: ='10 - 2019'!E25-'10 - 2019'!E24 -> 0 | I20: ='10 - 2019'!F25-'10 - 2019'!F24 -> 0 | J20: ='10 - 2019'!G25-'10 - 2019'!G24 -> 0 | K20: 0.74
A21: Dubai DIFC | B21: =B20+1 -> 20 | C21: 10 | D21: 2019 | E21: ='10 - 2019'!B26-'10 - 2019'!B25 -> 0 | F21: ='10 - 2019'!C26-'10 - 2019'!C25 -> 0 | G21: 0.118 | H21: ='10 - 2019'!E26-'10 - 2019'!E25 -> 0 | I21: ='10 - 2019'!F26-'10 - 2019'!F25 -> 0 | J21: ='10 - 2019'!G26-'10 - 2019'!G25 -> 0 | K21: 0.74
A22: Dubai DIFC | B22: =B21+1 -> 21 | C22: 10 | D22: 2019 | E22: ='10 - 2019'!B27-'10 - 2019'!B26 -> 0 | F22: ='10 - 2019'!C27-'10 - 2019'!C26 -> 0 | G22: 0.118 | H22: ='10 - 2019'!E27-'10 - 2019'!E26 -> 0 | I22: ='10 - 2019'!F27-'10 - 2019'!F26 -> 0 | J22: ='10 - 2019'!G27-'10 - 2019'!G26 -> 0 | K22: 0.74
A23: Dubai DIFC | B23: =B22+1 -> 22 | C23: 10 | D23: 2019 | E23: ='10 - 2019'!B28-'10 - 2019'!B27 -> 0 | F23: ='10 - 2019'!C28-'10 - 2019'!C27 -> 0 | G23: 0.118 | H23: ='10 - 2019'!E28-'10 - 2019'!E27 -> 0 | I23: ='10 - 2019'!F28-'10 - 2019'!F27 -> 0 | J23: ='10 - 2019'!G28-'10 - 2019'!G27 -> 0 | K23: 0.74
A24: Dubai DIFC | B24: =B23+1 -> 23 | C24: 10 | D24: 2019 | E24: ='10 - 2019'!B29-'10 - 2019'!B28 -> 0 | F24: ='10 - 2019'!C29-'10 - 2019'!C28 -> 0 | G24: 0.118 | H24: ='10 - 2019'!E29-'10 - 2019'!E28 -> 0 | I24: ='10 - 2019'!F29-'10 - 2019'!F28 -> 0 | J24: ='10 - 2019'!G29-'10 - 2019'!G28 -> 0 | K24: 0.74
... A31: Dubai DIFC | B31: =B30+1 -> 30 | C31: 10 | D31: 2019 | E31: ='10 - 2019'!B36-'10 - 2019'!B35 -> 0 | F31: ='10 - 2019'!C36-'10 - 2019'!C35 -> 0 | G31: 0.118 | H31: ='10 - 2019'!E36-'10 - 2019'!E35 -> 0 | I31: ='10 - 2019'!F36-'10 - 2019'!F35 -> 0 | J31: ='10 - 2019'!G36-'10 - 2019'!G35 -> 0 | K31: 0.74
A32: Dubai DIFC | B32: 31 | C32: 10 | D32: 2019 | E32: ='10 - 2019'!B37-'10 - 2019'!B36 -> 0 | F32: ='10 - 2019'!C37-'10 - 2019'!C36 -> 0 | G32: 0.118 | H32: ='10 - 2019'!E37-'10 - 2019'!E36 -> 0 | I32: ='10 - 2019'!F37-'10 - 2019'!F36 -> 0 | J32: ='10 - 2019'!G37-'10 - 2019'!G36 -> 0 | K32: 0.74

Sheet 10 - 2019
A2: FOUR SEASONS HOTEL - DIFC
A3: HLP READING MONTH OF OCTOBER' 2019
B4: DEWA Electricity (KWH) | D4: LPG (cu.m) | H4: Water (cu.m) | J4: BTU
A5: Date | B5: LV-01, 2025952759 | C5: LV-2, 2030235407 | D5: Main Meter % | E5: Main Kitchen | F5: Podium Kitchen | G5: Boiler | H5: B-3 Water Meter (DIFC) | I5: MainWater Meter (DEWA) | J5: Chilled Water (KWH) | K5: Gas Received (Litres) | L5: Remark
A6: 43738 | B6: 34670.6 | C6: 691610 | D6: 0.42 | E6: 6379.05 | F6: 1129.11 | G6: 11667.01 | H6: 14528 | I6: 73229 | J6: 35251065
A7: 43739 | B7: 38104.2 | C7: 698038 | D7: 0.37 | E7: 6406.05 | F7: 1133.88 | G7: 11698.91 | H7: 14528 | I7: 73334 | J7: 35290375
A8: 43740 | B8: 41504 | C8: 704380 | D8: 0.85 | E8: 6430 | F8: 1138.43 | G8: 11731 | H8: 14528 | I8: 73442 | J8: 35329324 | K8: 3900
A9: 43741 | B9: 44982.7 | C9: 710810 | D9: 0.8 | E9: 6453.82 | F9: 1143.24 | G9: 11768.28 | H9: 14528 | I9: 73559 | J9: 35363219
A10: 43742 | B10: 48704.7 | C10: 717574 | D10: 0.73 | E10: 6487.51 | F10: 1148.24 | G10: 11806.3 | H10: 14528 | I10: 73699 | J10: 35397376
A11: 43743 | B11: 52184.8 | C11: 723812 | D11: 0.67 | E11: 6511.85 | F11: 1153.36 | G11: 11841.1 | H11: 14528 | I11: 73794 | J11: 35431553
A12: 43744 | B12: 55805.4 | C12: 730064 | D12: 0.6 | E12: 6538.49 | F12: 1158.88 | G12: 11874.51 | H12: 14528 | I12: 73915 | J12: 35464011
A13: 43745 | B13: 59378.3 | C13: 736347 | D13: 0.54 | E13: 6568.29 | F13: 1165.95 | G13: 11907.88 | H13: 14528 | I13: 74027 | J13: 35492281
A14: 43746 | B14: 62808.9 | C14: 742469 | D14: 0.49 | E14: 6593.43 | F14: 1173.18 | G14: 11941.41 | H14: 14528 | I14: 74146 | J14: 35524721
A15: 43747 | B15: 65994 | C15: 748158 | D15: 0.85 | E15: 6615.82 | F15: 1177.74 | G15: 11977.42 | H15: 14528 | I15: 74288 | J15: 35555637 | K15: 3500
A16: 43748 | B16: 69551 | C16: 754632 | D16: 0.78 | E16: 6644.67 | F16: 1185.37 | G16: 12015.81 | H16: 14528 | I16: 74400 | J16: 35597918
A17: 43749
A18: 43750
A19: 43751
A20: 43752
A21: 43753
A22: 43754
A23: 43755
A24: 43756
A25: 43757
A26: 43758
A27: 43759
A28: 43760
... A37: 43769
