Workbook

Sheet TOTAL
A1: Site Name | B1: Day | C1: Month | D1: Year | E1: Total Electricity Kwh | F1: Electricity Tariff ($/Kwh) | G1: Water Utility Supply (m3) m3 | H1: Water Utility Supply (m3) $/m3 | I1: Natual Gas (m3) | J1: Natural Gas $/m3 | K1: Room Nights | L1: Total Guests
A2: Johannesburg | B2: 1 | C2: 11 | D2: 2018 | E2: =364410/30 -> 12147 | F2: 1.32 | G2: =3976/30 -> 132.53333 | H2: 69.10 | I2: =11811/30 -> 393.7 | J2: 11.09 | K2: =2510/30 -> 83.666667 | L2: ='FSWJ Daily '!J5 -> 0
A3: Johannesburg | B3: =B2+1 -> 2 | C3: 11 | D3: 2018 | E3: =364410/30 -> 12147 | F3: =F2 -> 1.32 | G3: =3976/30 -> 132.53333 | H3: =H2 -> 69.10 | I3: =11811/30 -> 393.7 | J3: 11.09 | K3: =2510/30 -> 83.666667 | L3: ='FSWJ Daily '!J6 -> 0
A4: Johannesburg | B4: =B3+1 -> 3 | C4: 11 | D4: 2018 | E4: =364410/30 -> 12147 | F4: =F3 -> 1.32 | G4: =3976/30 -> 132.53333 | H4: =H3 -> 69.10 | I4: =11811/30 -> 393.7 | J4: 11.09 | K4: =2510/30 -> 83.666667 | L4: ='FSWJ Daily '!J7 -> 0
A5: Johannesburg | B5: =B4+1 -> 4 | C5: 11 | D5: 2018 | E5: =364410/30 -> 12147 | F5: =F4 -> 1.32 | G5: =3976/30 -> 132.53333 | H5: =H4 -> 69.10 | I5: =11811/30 -> 393.7 | J5: 11.09 | K5: =2510/30 -> 83.666667 | L5: ='FSWJ Daily '!J8 -> 0
A6: Johannesburg | B6: =B5+1 -> 5 | C6: 11 | D6: 2018 | E6: =364410/30 -> 12147 | F6: =F5 -> 1.32 | G6: =3976/30 -> 132.53333 | H6: =H5 -> 69.10 | I6: =11811/30 -> 393.7 | J6: 11.09 | K6: =2510/30 -> 83.666667 | L6: ='FSWJ Daily '!J9 -> 0
A7: Johannesburg | B7: =B6+1 -> 6 | C7: 11 | D7: 2018 | E7: =364410/30 -> 12147 | F7: =F6 -> 1.32 | G7: =3976/30 -> 132.53333 | H7: =H6 -> 69.10 | I7: =11811/30 -> 393.7 | J7: 11.09 | K7: =2510/30 -> 83.666667 | L7: ='FSWJ Daily '!J10 -> 0
A8: Johannesburg | B8: =B7+1 -> 7 | C8: 11 | D8: 2018 | E8: =364410/30 -> 12147 | F8: =F7 -> 1.32 | G8: =3976/30 -> 132.53333 | H8: =H7 -> 69.10 | I8: =11811/30 -> 393.7 | J8: 11.09 | K8: =2510/30 -> 83.666667 | L8: ='FSWJ Daily '!J11 -> 0
A9: Johannesburg | B9: =B8+1 -> 8 | C9: 11 | D9: 2018 | E9: =364410/30 -> 12147 | F9: =F8 -> 1.32 | G9: =3976/30 -> 132.53333 | H9: =H8 -> 69.10 | I9: =11811/30 -> 393.7 | J9: 11.09 | K9: =2510/30 -> 83.666667 | L9: ='FSWJ Daily '!J12 -> 0
A10: Johannesburg | B10: =B9+1 -> 9 | C10: 11 | D10: 2018 | E10: =364410/30 -> 12147 | F10: =F9 -> 1.32 | G10: =3976/30 -> 132.53333 | H10: =H9 -> 69.10 | I10: =11811/30 -> 393.7 | J10: 11.09 | K10: =2510/30 -> 83.666667 | L10: ='FSWJ Daily '!J13 -> 0
A11: Johannesburg | B11: =B10+1 -> 10 | C11: 11 | D11: 2018 | E11: =364410/30 -> 12147 | F11: =F10 -> 1.32 | G11: =3976/30 -> 132.53333 | H11: =H10 -> 69.10 | I11: =11811/30 -> 393.7 | J11: 11.09 | K11: =2510/30 -> 83.666667 | L11: ='FSWJ Daily '!J14 -> 0
A12: Johannesburg | B12: =B11+1 -> 11 | C12: 11 | D12: 2018 | E12: =364410/30 -> 12147 | F12: =F11 -> 1.32 | G12: =3976/30 -> 132.53333 | H12: =H11 -> 69.10 | I12: =11811/30 -> 393.7 | J12: 11.09 | K12: =2510/30 -> 83.666667 | L12: ='FSWJ Daily '!J15 -> 0
A13: Johannesburg | B13: =B12+1 -> 12 | C13: 11 | D13: 2018 | E13: =364410/30 -> 12147 | F13: =F12 -> 1.32 | G13: =3976/30 -> 132.53333 | H13: =H12 -> 69.10 | I13: =11811/30 -> 393.7 | J13: 11.09 | K13: =2510/30 -> 83.666667 | L13: ='FSWJ Daily '!J16 -> 0
A14: Johannesburg | B14: =B13+1 -> 13 | C14: 11 | D14: 2018 | E14: =364410/30 -> 12147 | F14: =F13 -> 1.32 | G14: =3976/30 -> 132.53333 | H14: =H13 -> 69.10 | I14: =11811/30 -> 393.7 | J14: 11.09 | K14: =2510/30 -> 83.666667 | L14: ='FSWJ Daily '!J17 -> 0
... A31: Johannesburg | B31: =B30+1 -> 30 | C31: 11 | D31: 2018 | E31: =364410/30 -> 12147 | F31: =F30 -> 1.32 | G31: =3976/30 -> 132.53333 | H31: =H30 -> 69.10 | I31: =11811/30 -> 393.7 | J31: 11.09 | K31: =2510/30 -> 83.666667 | L31: ='FSWJ Daily '!J34 -> 0

Sheet FSWJ Daily 
A2: Days | C2: Electricity - KWh | E2: Water -m3 | G2: Natural Gas-m3
A3: Date | C3: Reading KWH | D3: Difference KWH | E3: Reading KWH | F3: Difference KWH | G3: Reading KWH | H3: Difference KWH | I3: ROOM NIGHTS | J3: TOTAL GUESTS
A4: 43585 | C4: 22342913 | D4: =IF((C5-C4<0), "",C5-C4) -> 7975 | E4: 23837512 | F4: =IF((E5-E4<0), "",E5-E4) -> 5799 | G4: 9975816 | H4: =IF((G5-G4<0), "",G5-G4) -> 3477
A5: 43586 | C5: 22350888 | E5: 23843311 | G5: 9979293
A6: 43587 | C6: 0 | D6: =IF((C6-C5<0), "",C6-C5) | F6: =IF((E6-E5<0), "",E6-E5) | H6: =IF((G6-G5<0), "",G6-G5)
A7: 43588 | C7: 0 | D7: =IF((C7-C6<0), "",C7-C6) -> 0 | F7: =IF((E7-E6<0), "",E7-E6) -> 0 | H7: =IF((G7-G6<0), "",G7-G6) -> 0
A8: 43589 | D8: =IF((C8-C7<0), "",C8-C7) -> 0 | F8: =IF((E8-E7<0), "",E8-E7) -> 0 | H8: =IF((G8-G7<0), "",G8-G7) -> 0
A9: 43590 | C9: 0 | D9: =IF((C9-C8<0), "",C9-C8) -> 0 | E9: 0 | F9: =IF((E9-E8<0), "",E9-E8) -> 0 | G9: 0 | H9: =IF((G9-G8<0), "",G9-G8) -> 0
A10: 43591 | C10: 0 | D10: =IF((C10-C9<0), "",C10-C9) -> 0 | E10: 0 | F10: =IF((E10-E9<0), "",E10-E9) -> 0 | G10: 0 | H10: =IF((G10-G9<0), "",G10-G9) -> 0
A11: 43592 | C11: 0 | D11: =IF((C11-C10<0), "",C11-C10) -> 0 | E11: 0 | F11: =IF((E11-E10<0), "",E11-E10) -> 0 | G11: 0 | H11: =IF((G11-G10<0), "",G11-G10) -> 0
A12: 43593 | C12: 0 | D12: =IF((C12-C11<0), "",C12-C11) -> 0 | E12: 0 | F12: =IF((E12-E11<0), "",E12-E11) -> 0 | G12: 0 | H12: =IF((G12-G11<0), "",G12-G11) -> 0
A13: 43594 | C13: 0 | D13: =IF((C13-C12<0), "",C13-C12) -> 0 | E13: 0 | F13: =IF((E13-E12<0), "",E13-E12) -> 0 | G13: 0 | H13: =IF((G13-G12<0), "",G13-G12) -> 0
A14: 43595 | C14: 0 | D14: =IF((C14-C13<0), "",C14-C13) -> 0 | E14: 0 | F14: =IF((E14-E13<0), "",E14-E13) -> 0 | G14: 0 | H14: =IF((G14-G13<0), "",G14-G13) -> 0
A15: 43596 | C15: 0 | D15: =IF((C15-C14<0), "",C15-C14) -> 0 | E15: 0 | F15: =IF((E15-E14<0), "",E15-E14) -> 0 | G15: 0
A16: 43597 | C16: 0 | D16: =IF((C16-C15<0), "",C16-C15) -> 0 | E16: 0 | F16: =IF((E16-E15<0), "",E16-E15) -> 0 | G16: 0 | H16: =IF((G16-G15<0), "",G16-G15) -> 0
A17: 43598 | C17: 0 | D17: =IF((C17-C16<0), "",C17-C16) -> 0 | E17: 0 | F17: =IF((E17-E16<0), "",E17-E16) -> 0 | G17: 0 | H17: =IF((G17-G16<0), "",G17-G16) -> 0
A18: 43599 | C18: 0 | D18: =IF((C18-C17<0), "",C18-C17) -> 0 | E18: 0 | F18: =IF((E18-E17<0), "",E18-E17) -> 0 | G18: 0 | H18: =IF((G18-G17<0), "",G18-G17) -> 0
A19: 43600 | C19: 0 | D19: =IF((C19-C18<0), "",C19-C18) -> 0 | E19: 0 | F19: =IF((E19-E18<0), "",E19-E18) -> 0 | G19: 0 | H19: =IF((G19-G18<0), "",G19-G18) -> 0
A20: 43601 | C20: 0 | D20: =IF((C20-C19<0), "",C20-C19) -> 0 | E20: 0 | F20: =IF((E20-E19<0), "",E20-E19) -> 0 | G20: 0 | H20: =IF((G20-G19<0), "",G20-G19) -> 0
A21: 43602 | C21: 0 | D21: =IF((C21-C20<0), "",C21-C20) -> 0 | E21: 0 | F21: =IF((E21-E20<0), "",E21-E20) -> 0 | G21: 0 | H21: =IF((G21-G20<0), "",G21-G20) -> 0
A22: 43603 | C22: 0 | D22: =IF((C22-C21<0), "",C22-C21) -> 0 | E22: 0 | F22: =IF((E22-E21<0), "",E22-E21) -> 0 | G22: 0 | H22: =IF((G22-G21<0), "",G22-G21) -> 0
A23: 43604 | C23: 0 | D23: =IF((C23-C22<0), "",C23-C22) -> 0 | E23: 0 | F23: =IF((E23-E22<0), "",E23-E22) -> 0 | G23: 0 | H23: =IF((G23-G22<0), "",G23-G22) -> 0
A24: 43605 | C24: 0 | D24: =IF((C24-C23<0), "",C24-C23) -> 0 | E24: 0 | F24: =IF((E24-E23<0), "",E24-E23) -> 0 | G24: 0 | H24: =IF((G24-G23<0), "",G24-G23) -> 0
A25: 43606 | C25: 0 | D25: =IF((C25-C24<0), "",C25-C24) -> 0 | E25: 0 | F25: =IF((E25-E24<0), "",E25-E24) -> 0 | G25: 0 | H25: =IF((G25-G24<0), "",G25-G24) -> 0
A26: 43607 | C26: 0 | D26: =IF((C26-C25<0), "",C26-C25) -> 0 | E26: 0 | F26: =IF((E26-E25<0), "",E26-E25) -> 0 | G26: 0 | H26: =IF((G26-G25<0), "",G26-G25) -> 0
A27: 43608 | C27: 0 | D27: =IF((C27-C26<0), "",C27-C26) -> 0 | E27: 0 | F27: =IF((E27-E26<0), "",E27-E26) -> 0 | G27: 0 | H27: =IF((G27-G26<0), "",G27-G26) -> 0
... A35: 43616 | C35: 0 | D35: =IF((C35-C34<0), "",C35-C34) -> 0 | E35: 0 | F35: =IF((E35-E34<0), "",E35-E34) -> 0 | G35: 0 | H35: =IF((G35-G34<0), "",G35-G34) -> 0
