Workbook

Sheet Total Daily 
A1: Site Name | B1: Day | C1: Month | D1: Year | E1: Total Electricity Kwh | F1: Electricity Tariff ($/Kwh) | G1: LPG (Kg) | H1: LPG $/Kg | I1: District Energy Cooling Kwh | J1: District Energy Cooling $/Kwh | K1: Water Utility Supply (m3) m3 | L1: Water Utility Supply (m3) m3 | M1: Water Utility Supply (m3) $/m3 | N1: Room Nights
A2: Dubai DIFC | B2: 1 | C2: 11 | D2: 2019 | E2: ='11 - 2019'!B7-'11 - 2019'!B6+'11 - 2019'!C7-'11 - 2019'!C6 -> 10023 | F2: 0.118 | G2: =(('11 - 2019'!E7-'11 - 2019'!E6)+('11 - 2019'!F7-'11 - 2019'!F6)+('11 - 2019'!G7-'11 - 2019'!G6))*1.81 -> 131.0621 | H2: 0.99 | I2: ='11 - 2019'!J7-'11 - 2019'!J6 -> 26120 | J2: 0.081 | K2: ='11 - 2019'!H7-'11 - 2019'!H6 -> 0 | L2: ='11 - 2019'!I7-'11 - 2019'!I6 -> 126 | M2: 4.3936294 | N2: 96
A3: Dubai DIFC | B3: =B2+1 -> 2 | C3: 11 | D3: 2019 | E3: ='11 - 2019'!B8-'11 - 2019'!B7+'11 - 2019'!C8-'11 - 2019'!C7 -> 9510 | F3: 0.118 | G3: =(('11 - 2019'!E8-'11 - 2019'!E7)+('11 - 2019'!F8-'11 - 2019'!F7)+('11 - 2019'!G8-'11 - 2019'!G7))*1.81 -> 125.0891 | H3: 0.99 | I3: ='11 - 2019'!J8-'11 - 2019'!J7 -> 26339 | J3: 0.081 | K3: ='11 - 2019'!H8-'11 - 2019'!H7 -> 0 | L3: ='11 - 2019'!I8-'11 - 2019'!I7 -> 111 | M3: 4.3936294 | N3: 89
A4: Dubai DIFC | B4: =B3+1 -> 3 | C4: 11 | D4: 2019 | E4: ='11 - 2019'!B9-'11 - 2019'!B8+'11 - 2019'!C9-'11 - 2019'!C8 -> 9961 | F4: 0.118 | G4: =(('11 - 2019'!E9-'11 - 2019'!E8)+('11 - 2019'!F9-'11 - 2019'!F8)+('11 - 2019'!G9-'11 - 2019'!G8))*1.81 -> 118.193 | H4: 0.99 | I4: ='11 - 2019'!J9-'11 - 2019'!J8 -> 24691 | J4: 0.081 | K4: ='11 - 2019'!H9-'11 - 2019'!H8 -> 0 | L4: ='11 - 2019'!I9-'11 - 2019'!I8 -> 111 | M4: 4.3936294 | N4: 86
A5: Dubai DIFC | B5: =B4+1 -> 4 | C5: 11 | D5: 2019 | E5: ='11 - 2019'!B10-'11 - 2019'!B9+'11 - 2019'!C10-'11 - 2019'!C9 -> 10063 | F5: 0.118 | G5: =(('11 - 2019'!E10-'11 - 2019'!E9)+('11 - 2019'!F10-'11 - 2019'!F9)+('11 - 2019'!G10-'11 - 2019'!G9))*1.81 -> 118.5188 | H5: 0.99 | I5: ='11 - 2019'!J10-'11 - 2019'!J9 -> 18977 | J5: 0.081 | K5: ='11 - 2019'!H10-'11 - 2019'!H9 -> 0 | L5: ='11 - 2019'!I10-'11 - 2019'!I9 -> 118 | M5: 4.3936294 | N5: 84
A6: Dubai DIFC | B6: =B5+1 -> 5 | C6: 11 | D6: 2019 | E6: ='11 - 2019'!B11-'11 - 2019'!B10+'11 - 2019'!C11-'11 - 2019'!C10 -> 9476 | F6: 0.118 | G6: =(('11 - 2019'!E11-'11 - 2019'!E10)+('11 - 2019'!F11-'11 - 2019'!F10)+('11 - 2019'!G11-'11 - 2019'!G10))*1.81 -> 116.4735 | H6: 0.99 | I6: ='11 - 2019'!J11-'11 - 2019'!J10 -> 25893 | J6: 0.081 | K6: ='11 - 2019'!H11-'11 - 2019'!H10 -> 0 | L6: ='11 - 2019'!I11-'11 - 2019'!I10 -> 66 | M6: 4.3936294 | N6: 87
A7: Dubai DIFC | B7: =B6+1 -> 6 | C7: 11 | D7: 2019 | E7: ='11 - 2019'!B12-'11 - 2019'!B11+'11 - 2019'!C12-'11 - 2019'!C11 -> 9967 | F7: 0.118 | G7: =(('11 - 2019'!E12-'11 - 2019'!E11)+('11 - 2019'!F12-'11 - 2019'!F11)+('11 - 2019'!G12-'11 - 2019'!G11))*1.81 -> 114.9169 | H7: 0.99 | I7: ='11 - 2019'!J12-'11 - 2019'!J11 -> 23543 | J7: 0.081 | K7: ='11 - 2019'!H12-'11 - 2019'!H11 -> 0 | L7: ='11 - 2019'!I12-'11 - 2019'!I11 -> 167 | M7: 4.3936294 | N7: 88
A8: Dubai DIFC | B8: =B7+1 -> 7 | C8: 11 | D8: 2019 | E8: ='11 - 2019'!B13-'11 - 2019'!B12+'11 - 2019'!C13-'11 - 2019'!C12 -> 9691 | F8: 0.118 | G8: =(('11 - 2019'!E13-'11 - 2019'!E12)+('11 - 2019'!F13-'11 - 2019'!F12)+('11 - 2019'!G13-'11 - 2019'!G12))*1.81 -> 112.1295 | H8: 0.99 | I8: ='11 - 2019'!J13-'11 - 2019'!J12 -> 24427 | J8: 0.081 | K8: ='11 - 2019'!H13-'11 - 2019'!H12 -> 0 | L8: ='11 - 2019'!I13-'11 - 2019'!I12 -> 109 | M8: 4.3936294 | N8: 84
A9: Dubai DIFC | B9: =B8+1 -> 8 | C9: 11 | D9: 2019 | E9: ='11 - 2019'!B14-'11 - 2019'!B13+'11 - 2019'!C14-'11 - 2019'!C13 -> 10083 | F9: 0.118 | G9: =(('11 - 2019'!E14-'11 - 2019'!E13)+('11 - 2019'!F14-'11 - 2019'!F13)+('11 - 2019'!G14-'11 - 2019'!G13))*1.81 -> 128.6367 | H9: 0.99 | I9: ='11 - 2019'!J14-'11 - 2019'!J13 -> 23525 | J9: 0.081 | K9: ='11 - 2019'!H14-'11 - 2019'!H13 -> 0 | L9: ='11 - 2019'!I14-'11 - 2019'!I13 -> 137 | M9: 4.3936294 | N9: 79
A10: Dubai DIFC | B10: =B9+1 -> 9 | C10: 11 | D10: 2019 | E10: ='11 - 2019'!B15-'11 - 2019'!B14+'11 - 2019'!C15-'11 - 2019'!C14 -> 9948 | F10: 0.118 | G10: =(('11 - 2019'!E15-'11 - 2019'!E14)+('11 - 2019'!F15-'11 - 2019'!F14)+('11 - 2019'!G15-'11 - 2019'!G14))*1.81 -> 127.2611 | H10: 0.99 | I10: ='11 - 2019'!J15-'11 - 2019'!J14 -> 26196 | J10: 0.081 | K10: ='11 - 2019'!H15-'11 - 2019'!H14 -> 0 | L10: ='11 - 2019'!I15-'11 - 2019'!I14 -> 100 | M10: 4.3936294 | N10: 73
A11: Dubai DIFC | B11: =B10+1 -> 10 | C11: 11 | D11: 2019 | E11: ='11 - 2019'!B16-'11 - 2019'!B15+'11 - 2019'!C16-'11 - 2019'!C15 -> 9616 | F11: 0.118 | G11: =(('11 - 2019'!E16-'11 - 2019'!E15)+('11 - 2019'!F16-'11 - 2019'!F15)+('11 - 2019'!G16-'11 - 2019'!G15))*1.81 -> 125.0348 | H11: 0.99 | I11: ='11 - 2019'!J16-'11 - 2019'!J15 -> 20273 | J11: 0.081 | K11: ='11 - 2019'!H16-'11 - 2019'!H15 -> 0 | L11: ='11 - 2019'!I16-'11 - 2019'!I15 -> 79.18 | M11: 4.3936294 | N11: 78
A12: Dubai DIFC | B12: =B11+1 -> 11 | C12: 11 | D12: 2019 | E12: ='11 - 2019'!B17-'11 - 2019'!B16+'11 - 2019'!C17-'11 - 2019'!C16 -> 9162 | F12: 0.118 | G12: =(('11 - 2019'!E17-'11 - 2019'!E16)+('11 - 2019'!F17-'11 - 2019'!F16)+('11 - 2019'!G17-'11 - 2019'!G16))*1.81 -> 120.0754 | H12: 0.99 | I12: ='11 - 2019'!J17-'11 - 2019'!J16 -> 14944 | J12: 0.081 | K12: ='11 - 2019'!H17-'11 - 2019'!H16 -> 0 | L12: ='11 - 2019'!I17-'11 - 2019'!I16 -> 119.82 | M12: 4.3936294 | N12: 73
A13: Dubai DIFC | B13: =B12+1 -> 12 | C13: 11 | D13: 2019 | E13: ='11 - 2019'!B18-'11 - 2019'!B17+'11 - 2019'!C18-'11 - 2019'!C17 -> 10654 | F13: 0.118 | G13: =(('11 - 2019'!E18-'11 - 2019'!E17)+('11 - 2019'!F18-'11 - 2019'!F17)+('11 - 2019'!G18-'11 - 2019'!G17))*1.81 -> 123.3334 | H13: 0.99 | I13: ='11 - 2019'!J18-'11 - 2019'!J17 -> 16092 | J13: 0.081 | K13: ='11 - 2019'!H18-'11 - 2019'!H17 -> 0 | L13: ='11 - 2019'!I18-'11 - 2019'!I17 -> 150 | M13: 4.3936294 | N13: 60
A14: Dubai DIFC | B14: =B13+1 -> 13 | C14: 11 | D14: 2019 | E14: ='11 - 2019'!B19-'11 - 2019'!B18+'11 - 2019'!C19-'11 - 2019'!C18 -> 9796 | F14: 0.118 | G14: =(('11 - 2019'!E19-'11 - 2019'!E18)+('11 - 2019'!F19-'11 - 2019'!F18)+('11 - 2019'!G19-'11 - 2019'!G18))*1.81 -> 126.7362 | H14: 0.99 | I14: ='11 - 2019'!J19-'11 - 2019'!J18 -> 18578 | J14: 0.081 | K14: ='11 - 2019'!H19-'11 - 2019'!H18 -> 0 | L14: ='11 - 2019'!I19-'11 - 2019'!I18 -> 112 | M14: 4.3936294 | N14: 77
... A27: Dubai DIFC | B27: =B26+1 -> 26 | C27: 11 | D27: 2019 | E27: ='11 - 2019'!B32-'11 - 2019'!B31+'11 - 2019'!C32-'11 - 2019'!C31 -> 9584.4 | F27: 0.118 | G27: =(('11 - 2019'!E32-'11 - 2019'!E31)+('11 - 2019'!F32-'11 - 2019'!F31)+('11 - 2019'!G32-'11 - 2019'!G31))*1.81 -> 123.8402 | H27: 0.99 | I27: ='11 - 2019'!J32-'11 - 2019'!J31 -> 13873 | J27: 0.081 | K27: ='11 - 2019'!H32-'11 - 2019'!H31 -> 0 | L27: ='11 - 2019'!I32-'11 - 2019'!I31 -> 93 | M27: 4.3936294 | N27: 92
A28: Dubai DIFC | B28: =B27+1 -> 27 | C28: 11 | D28: 2019 | E28: 0 | F28: 0.118 | G28: 0 | H28: 0.99 | I28: 0 | J28: 0.081 | K28: 0 | L28: 0 | M28: 4.3936294
A29: Dubai DIFC | B29: =B28+1 -> 28 | C29: 11 | D29: 2019 | E29: ='11 - 2019'!B34-'11 - 2019'!B33+'11 - 2019'!C34-'11 - 2019'!C33 -> 0 | F29: 0.118 | G29: =(('11 - 2019'!E34-'11 - 2019'!E33)+('11 - 2019'!F34-'11 - 2019'!F33)+('11 - 2019'!G34-'11 - 2019'!G33))*1.81 -> 0 | H29: 0.99 | I29: ='11 - 2019'!J34-'11 - 2019'!J33 -> 0 | J29: 0.081 | K29: ='11 - 2019'!H34-'11 - 2019'!H33 -> 0 | L29: ='11 - 2019'!I34-'11 - 2019'!I33 -> 0 | M29: 4.3936294
A30: Dubai DIFC | B30: =B29+1 -> 29 | C30: 11 | D30: 2019 | E30: ='11 - 2019'!B35-'11 - 2019'!B34+'11 - 2019'!C35-'11 - 2019'!C34 -> 0 | F30: 0.118 | G30: =(('11 - 2019'!E35-'11 - 2019'!E34)+('11 - 2019'!F35-'11 - 2019'!F34)+('11 - 2019'!G35-'11 - 2019'!G34))*1.81 -> 0 | H30: 0.99 | I30: ='11 - 2019'!J35-'11 - 2019'!J34 -> 0 | J30: 0.081 | K30: ='11 - 2019'!H35-'11 - 2019'!H34 -> 0 | L30: ='11 - 2019'!I35-'11 - 2019'!I34 -> 0 | M30: 4.3936294
A31: Dubai DIFC | B31: =B30+1 -> 30 | C31: 11 | D31: 2019 | E31: ='11 - 2019'!B36-'11 - 2019'!B35+'11 - 2019'!C36-'11 - 2019'!C35 -> 0 | F31: 0.118 | G31: =(('11 - 2019'!E36-'11 - 2019'!E35)+('11 - 2019'!F36-'11 - 2019'!F35)+('11 - 2019'!G36-'11 - 2019'!G35))*1.81 -> 0 | H31: 0.99 | I31: ='11 - 2019'!J36-'11 - 2019'!J35 -> 0 | J31: 0.081 | K31: ='11 - 2019'!H36-'11 - 2019'!H35 -> 0 | L31: ='11 - 2019'!I36-'11 - 2019'!I35 -> 0 | M31: 4.3936294

Sheet Submetering Daily 
A1: Site Name | B1: Day | C1: Month | D1: Year | E1: Panel LV1 Kwh | F1: Panel LV2 Kwh | G1: Electricity Tariff ($/Kwh) | H1: Main Kitchen LPG (Kg) | I1: Podium Kitchen LPG (Kg) | J1: Boiler LPG (Kg) | K1: LPG $/Kg | L1: Room Nights
A2: Dubai DIFC | B2: 1 | C2: 11 | D2: 2019 | E2: ='11 - 2019'!B7-'11 - 2019'!B6 -> 3616 | F2: ='11 - 2019'!C7-'11 - 2019'!C6 -> 6407 | G2: 0.118 | H2: ='11 - 2019'!E7-'11 - 2019'!E6 -> 23.52 | I2: ='11 - 2019'!F7-'11 - 2019'!F6 -> 5.11 | J2: ='11 - 2019'!G7-'11 - 2019'!G6 -> 43.78 | K2: 0.74 | L2: 96
A3: Dubai DIFC | B3: =B2+1 -> 2 | C3: 11 | D3: 2019 | E3: ='11 - 2019'!B8-'11 - 2019'!B7 -> 3351 | F3: ='11 - 2019'!C8-'11 - 2019'!C7 -> 6159 | G3: 0.118 | H3: ='11 - 2019'!E8-'11 - 2019'!E7 -> 29.13 | I3: ='11 - 2019'!F8-'11 - 2019'!F7 -> 6 | J3: ='11 - 2019'!G8-'11 - 2019'!G7 -> 33.98 | K3: 0.74 | L3: 89
A4: Dubai DIFC | B4: =B3+1 -> 3 | C4: 11 | D4: 2019 | E4: ='11 - 2019'!B9-'11 - 2019'!B8 -> 3684 | F4: ='11 - 2019'!C9-'11 - 2019'!C8 -> 6277 | G4: 0.118 | H4: ='11 - 2019'!E9-'11 - 2019'!E8 -> 21.35 | I4: ='11 - 2019'!F9-'11 - 2019'!F8 -> 6 | J4: ='11 - 2019'!G9-'11 - 2019'!G8 -> 37.95 | K4: 0.74 | L4: 86
A5: Dubai DIFC | B5: =B4+1 -> 4 | C5: 11 | D5: 2019 | E5: ='11 - 2019'!B10-'11 - 2019'!B9 -> 3667 | F5: ='11 - 2019'!C10-'11 - 2019'!C9 -> 6396 | G5: 0.118 | H5: ='11 - 2019'!E10-'11 - 2019'!E9 -> 25.31 | I5: ='11 - 2019'!F10-'11 - 2019'!F9 -> 4.49 | J5: ='11 - 2019'!G10-'11 - 2019'!G9 -> 35.68 | K5: 0.74 | L5: 84
A6: Dubai DIFC | B6: =B5+1 -> 5 | C6: 11 | D6: 2019 | E6: ='11 - 2019'!B11-'11 - 2019'!B10 -> 3470 | F6: ='11 - 2019'!C11-'11 - 2019'!C10 -> 6006 | G6: 0.118 | H6: ='11 - 2019'!E11-'11 - 2019'!E10 -> 23.75 | I6: ='11 - 2019'!F11-'11 - 2019'!F10 -> 5.3 | J6: ='11 - 2019'!G11-'11 - 2019'!G10 -> 35.3 | K6: 0.74 | L6: 87
A7: Dubai DIFC | B7: =B6+1 -> 6 | C7: 11 | D7: 2019 | E7: ='11 - 2019'!B12-'11 - 2019'!B11 -> 3587 | F7: ='11 - 2019'!C12-'11 - 2019'!C11 -> 6380 | G7: 0.118 | H7: ='11 - 2019'!E12-'11 - 2019'!E11 -> 22.37 | I7: ='11 - 2019'!F12-'11 - 2019'!F11 -> 4.39 | J7: ='11 - 2019'!G12-'11 - 2019'!G11 -> 36.73 | K7: 0.74 | L7: 88
A8: Dubai DIFC | B8: =B7+1 -> 7 | C8: 11 | D8: 2019 | E8: ='11 - 2019'!B13-'11 - 2019'!B12 -> 3508 | F8: ='11 - 2019'!C13-'11 - 2019'!C12 -> 6183 | G8: 0.118 | H8: ='11 - 2019'!E13-'11 - 2019'!E12 -> 20.08 | I8: ='11 - 2019'!F13-'11 - 2019'!F12 -> 6.22 | J8: ='11 - 2019'!G13-'11 - 2019'!G12 -> 35.65 | K8: 0.74 | L8: 84
A9: Dubai DIFC | B9: =B8+1 -> 8 | C9: 11 | D9: 2019 | E9: ='11 - 2019'!B14-'11 - 2019'!B13 -> 3659 | F9: ='11 - 2019'!C14-'11 - 2019'!C13 -> 6424 | G9: 0.118 | H9: ='11 - 2019'!E14-'11 - 2019'!E13 -> 24.48 | I9: ='11 - 2019'!F14-'11 - 2019'!F13 -> 5.82 | J9: ='11 - 2019'!G14-'11 - 2019'!G13 -> 40.77 | K9: 0.74 | L9: 79
A10: Dubai DIFC | B10: =B9+1 -> 9 | C10: 11 | D10: 2019 | E10: ='11 - 2019'!B15-'11 - 2019'!B14 -> 3587 | F10: ='11 - 2019'!C15-'11 - 2019'!C14 -> 6361 | G10: 0.118 | H10: ='11 - 2019'!E15-'11 - 2019'!E14 -> 25.5 | I10: ='11 - 2019'!F15-'11 - 2019'!F14 -> 5.6 | J10: ='11 - 2019'!G15-'11 - 2019'!G14 -> 39.21 | K10: 0.74 | L10: 73
A11: Dubai DIFC | B11: =B10+1 -> 10 | C11: 11 | D11: 2019 | E11: ='11 - 2019'!B16-'11 - 2019'!B15 -> 3607 | F11: ='11 - 2019'!C16-'11 - 2019'!C15 -> 6009 | G11: 0.118 | H11: ='11 - 2019'!E16-'11 - 2019'!E15 -> 26.22 | I11: ='11 - 2019'!F16-'11 - 2019'!F15 -> 4.36 | J11: ='11 - 2019'!G16-'11 - 2019'!G15 -> 38.5 | K11: 0.74 | L11: 78
A12: Dubai DIFC | B12: =B11+1 -> 11 | C12: 11 | D12: 2019 | E12: ='11 - 2019'!B17-'11 - 2019'!B16 -> 3487 | F12: ='11 - 2019'!C17-'11 - 2019'!C16 -> 5675 | G12: 0.118 | H12: ='11 - 2019'!E17-'11 - 2019'!E16 -> 27.2 | I12: ='11 - 2019'!F17-'11 - 2019'!F16 -> 6.65 | J12: ='11 - 2019'!G17-'11 - 2019'!G16 -> 32.49 | K12: 0.74 | L12: 73
A13: Dubai DIFC | B13: =B12+1 -> 12 | C13: 11 | D13: 2019 | E13: ='11 - 2019'!B18-'11 - 2019'!B17 -> 3974 | F13: ='11 - 2019'!C18-'11 - 2019'!C17 -> 6680 | G13: 0.118 | H13: ='11 - 2019'!E18-'11 - 2019'!E17 -> 27.21 | I13: ='11 - 2019'!F18-'11 - 2019'!F17 -> 5.27 | J13: ='11 - 2019'!G18-'11 - 2019'!G17 -> 35.66 | K13: 0.74 | L13: 60
A14: Dubai DIFC | B14: =B13+1 -> 13 | C14: 11 | D14: 2019 | E14: ='11 - 2019'!B19-'11 - 2019'!B18 -> 3740 | F14: ='11 - 2019'!C19-'11 - 2019'!C18 -> 6056 | G14: 0.118 | H14: ='11 - 2019'!E19-'11 - 2019'!E18 -> 25.92 | I14: ='11 - 2019'!F19-'11 - 2019'!F18 -> 4.9 | J14: ='11 - 2019'!G19-'11 - 2019'!G18 -> 39.2 | K14: 0.74 | L14: 77
... A27: Dubai DIFC | B27: =B26+1 -> 26 | C27: 11 | D27: 2019 | E27: ='11 - 2019'!B32-'11 - 2019'!B31 -> 3595 | F27: ='11 - 2019'!C32-'11 - 2019'!C31 -> 5989.4 | G27: 0.118 | H27: ='11 - 2019'!E32-'11 - 2019'!E31 -> 25.64 | I27: ='11 - 2019'!F32-'11 - 2019'!F31 -> 5.15 | J27: ='11 - 2019'!G32-'11 - 2019'!G31 -> 37.63 | K27: 0.74 | L27: 92
A28: Dubai DIFC | B28: =B27+1 -> 27 | C28: 11 | D28: 2019 | E28: 0 | F28: 0 | G28: 0.118 | H28: 0 | I28: 0 | J28: 0 | K28: 0.74
A29: Dubai DIFC | B29: =B28+1 -> 28 | C29: 11 | D29: 2019 | E29: ='11 - 2019'!B34-'11 - 2019'!B33 -> 0 | F29: ='11 - 2019'!C34-'11 - 2019'!C33 -> 0 | G29: 0.118 | H29: ='11 - 2019'!E34-'11 - 2019'!E33 -> 0 | I29: ='11 - 2019'!F34-'11 - 2019'!F33 -> 0 | J29: ='11 - 2019'!G34-'11 - 2019'!G33 -> 0 | K29: 0.74
A30: Dubai DIFC | B30: =B29+1 -> 29 | C30: 11 | D30: 2019 | E30: ='11 - 2019'!B35-'11 - 2019'!B34 -> 0 | F30: ='11 - 2019'!C35-'11 - 2019'!C34 -> 0 | G30: 0.118 | H30: ='11 - 2019'!E35-'11 - 2019'!E34 -> 0 | I30: ='11 - 2019'!F35-'11 - 2019'!F34 -> 0 | J30: ='11 - 2019'!G35-'11 - 2019'!G34 -> 0 | K30: 0.74
A31: Dubai DIFC | B31: =B30+1 -> 30 | C31: 11 | D31: 2019 | E31: ='11 - 2019'!B36-'11 - 2019'!B35 -> 0 | F31: ='11 - 2019'!C36-'11 - 2019'!C35 -> 0 | G31: 0.118 | H31: ='11 - 2019'!E36-'11 - 2019'!E35 -> 0 | I31: ='11 - 2019'!F36-'11 - 2019'!F35 -> 0 | J31: ='11 - 2019'!G36-'11 - 2019'!G35 -> 0 | K31: 0.74

Sheet 11 - 2019
A2: FOUR SEASONS HOTEL - DIFC
A3: HLP READING MONTH OF NOVEMBER' 2019
B4: DEWA Electricity (KWH) | D4: LPG (cu.m) | H4: Water (cu.m) | J4: BTU
A5: Date | B5: LV-01, 2025952759 | C5: LV-2, 2030235407 | D5: Main Meter % | E5: Main Kitchen | F5: Podium Kitchen | G5: Boiler | H5: B-3 Water Meter (DIFC) | I5: MainWater Meter (DEWA) | J5: Chilled Water (KWH) | K5: Gas Received (Litres) | L5: Remark
A6: 43769 | B6: 142140 | C6: 885738 | D6: 0.8 | E6: 7187.29 | F6: 1311.89 | G6: 12766.1 | H6: 14528 | I6: 76693 | J6: 36204001
A7: 43770 | B7: 145756 | C7: 892145 | D7: 0.75 | E7: 7210.81 | F7: 1317 | G7: 12809.88 | H7: 14528 | I7: 76819 | J7: 36230121
A8: 43771 | B8: 149107 | C8: 898304 | D8: 0.7 | E8: 7239.94 | F8: 1323 | G8: 12843.86 | H8: 14528 | I8: 76930 | J8: 36256460
A9: 43772 | B9: 152791 | C9: 904581 | D9: 0.65 | E9: 7261.29 | F9: 1329 | G9: 12881.81 | H9: 14528 | I9: 77041 | J9: 36281151
A10: 43773 | B10: 156458 | C10: 910977 | D10: 0.54 | E10: 7286.6 | F10: 1333.49 | G10: 12917.49 | H10: 14528 | I10: 77159 | J10: 36300128
A11: 43774 | B11: 159928 | C11: 916983 | D11: 0.45 | E11: 7310.35 | F11: 1338.79 | G11: 12952.79 | H11: 14528 | I11: 77225 | J11: 36326021
A12: 43775 | B12: 163515 | C12: 923363 | D12: 0.36 | E12: 7332.72 | F12: 1343.18 | G12: 12989.52 | H12: 14528 | I12: 77392 | J12: 36349564
A13: 43776 | B13: 167023 | C13: 929546 | D13: 0.85 | E13: 7352.8 | F13: 1349.4 | G13: 13025.17 | H13: 14528 | I13: 77501 | J13: 36373991
A14: 43777 | B14: 170682 | C14: 935970 | D14: 0.77 | E14: 7377.28 | F14: 1355.22 | G14: 13065.94 | H14: 14528 | I14: 77638 | J14: 36397516
A15: 43778 | B15: 174269 | C15: 942331 | D15: 0.7 | E15: 7402.78 | F15: 1360.82 | G15: 13105.15 | H15: 14528 | I15: 77738 | J15: 36423712
A16: 43779 | B16: 177876 | C16: 948340 | D16: 0.63 | E16: 7429 | F16: 1365.18 | G16: 13143.65 | H16: 14528 | I16: 77817.18 | J16: 36443985
A17: 43780 | B17: 181363 | C17: 954015 | D17: 0.55 | E17: 7456.2 | F17: 1371.83 | G17: 13176.14 | H17: 14528 | I17: 77937 | J17: 36458929
... A32: 43795 | B32: 237899 | C32: 1048093.9 | D32: 0.36 | E32: 7842.45 | F32: 1454.07 | G32: 13752.72 | H32: 14528 | I32: 79678 | J32: 36699620
A33: 43796
A34: 43797
A35: 43798
A36: 43799
A37: Readings | B37: =B36-B6 -> -142140 | C37: =C36-C6 -> -885738 | D37: =D36-D6 -> -0.8 | E37: =E36-E6 -> -7187.29 | F37: =F36-F6 -> -1311.89 | G37: =G36-G6 -> -12766.1 | H37: =H36-H6 -> -14528 | I37: =I36-I6 -> -76693 | J37: =J36-J6 -> -36204001 | K37: =SUM(K6:K36) -> 0
H38: =H37*219.969 -> -3195709.6 | I38: =I37*219.969 -> -16870083
