Workbook

Sheet TOTAL
A1: Site Name | B1: Day | C1: Month | D1: Year | E1: Total Electricity Kwh | F1: Electricity Tariff ($/Kwh) | G1: LPG (Kg) | H1: LPG $/Kg | I1: Water Utility Supply (m3) m3 | J1: Water Utility Supply (m3) $/m3 | K1: Irrigation Water (m3) m3 | L1: Irrigation water $/m3
A2: Seychelles | B2: 1 | C2: 11 | D2: 2019 | E2: ='Submetering '!O2+'Submetering '!P2+'Submetering '!Q2+'Submetering '!R2+'Submetering '!S2 -> 28053 | F2: 5.79 | G2: =('FS Seychelles'!$AB$15+'FS Seychelles'!$AB$9)/30 -> 375.23333 | H2: 18.9 | I2: ='FS Seychelles'!R3+'FS Seychelles'!T3+'FS Seychelles'!U3+'FS Seychelles'!V3 -> 549 | J2: 0 | K2: ='Submetering '!Z2 -> 180
A3: Seychelles | B3: =B2+1 -> 2 | C3: 11 | D3: 2019 | E3: ='Submetering '!O3+'Submetering '!P3+'Submetering '!Q3+'Submetering '!R3+'Submetering '!S3 -> 42750 | F3: =F2 -> 5.79 | G3: =('FS Seychelles'!$AB$15+'FS Seychelles'!$AB$9)/30 -> 375.23333 | H3: =H2 -> 18.9 | I3: ='FS Seychelles'!R4+'FS Seychelles'!T4+'FS Seychelles'!U4+'FS Seychelles'!V4 -> 489 | J3: =J2 -> 0 | K3: ='Submetering '!Z3 -> 191
A4: Seychelles | B4: =B3+1 -> 3 | C4: 11 | D4: 2019 | E4: ='Submetering '!O4+'Submetering '!P4+'Submetering '!Q4+'Submetering '!R4+'Submetering '!S4 -> 30165 | F4: =F3 -> 5.79 | G4: =('FS Seychelles'!$AB$15+'FS Seychelles'!$AB$9)/30 -> 375.23333 | H4: =H3 -> 18.9 | I4: ='FS Seychelles'!R5+'FS Seychelles'!T5+'FS Seychelles'!U5+'FS Seychelles'!V5 -> 504 | J4: =J3 -> 0 | K4: ='Submetering '!Z4 -> 182
A5: Seychelles | B5: =B4+1 -> 4 | C5: 11 | D5: 2019 | E5: ='Submetering '!O5+'Submetering '!P5+'Submetering '!Q5+'Submetering '!R5+'Submetering '!S5 -> 29606 | F5: =F4 -> 5.79 | G5: =('FS Seychelles'!$AB$15+'FS Seychelles'!$AB$9)/30 -> 375.23333 | H5: =H4 -> 18.9 | I5: ='FS Seychelles'!R6+'FS Seychelles'!T6+'FS Seychelles'!U6+'FS Seychelles'!V6 -> 563 | J5: =J4 -> 0 | K5: ='Submetering '!Z5 -> 150
A6: Seychelles | B6: =B5+1 -> 5 | C6: 11 | D6: 2019 | E6: ='Submetering '!O6+'Submetering '!P6+'Submetering '!Q6+'Submetering '!R6+'Submetering '!S6 -> 28567 | F6: =F5 -> 5.79 | G6: =('FS Seychelles'!$AB$15+'FS Seychelles'!$AB$9)/30 -> 375.23333 | H6: =H5 -> 18.9 | I6: ='FS Seychelles'!R7+'FS Seychelles'!T7+'FS Seychelles'!U7+'FS Seychelles'!V7 -> 581 | J6: =J5 -> 0 | K6: ='Submetering '!Z6 -> 150
A7: Seychelles | B7: =B6+1 -> 6 | C7: 11 | D7: 2019 | E7: ='Submetering '!O7+'Submetering '!P7+'Submetering '!Q7+'Submetering '!R7+'Submetering '!S7 -> 31279 | F7: =F6 -> 5.79 | G7: =('FS Seychelles'!$AB$15+'FS Seychelles'!$AB$9)/30 -> 375.23333 | H7: =H6 -> 18.9 | I7: ='FS Seychelles'!R8+'FS Seychelles'!T8+'FS Seychelles'!U8+'FS Seychelles'!V8 -> 604 | J7: =J6 -> 0 | K7: ='Submetering '!Z7 -> 144
A8: Seychelles | B8: =B7+1 -> 7 | C8: 11 | D8: 2019 | E8: ='Submetering '!O8+'Submetering '!P8+'Submetering '!Q8+'Submetering '!R8+'Submetering '!S8 -> 31074 | F8: =F7 -> 5.79 | G8: =('FS Seychelles'!$AB$15+'FS Seychelles'!$AB$9)/30 -> 375.23333 | H8: =H7 -> 18.9 | I8: ='FS Seychelles'!R9+'FS Seychelles'!T9+'FS Seychelles'!U9+'FS Seychelles'!V9 -> 548 | J8: =J7 -> 0 | K8: ='Submetering '!Z8 -> 158
A9: Seychelles | B9: =B8+1 -> 8 | C9: 11 | D9: 2019 | E9: ='Submetering '!O9+'Submetering '!P9+'Submetering '!Q9+'Submetering '!R9+'Submetering '!S9 -> 30302 | F9: =F8 -> 5.79 | G9: =('FS Seychelles'!$AB$15+'FS Seychelles'!$AB$9)/30 -> 375.23333 | H9: =H8 -> 18.9 | I9: ='FS Seychelles'!R10+'FS Seychelles'!T10+'FS Seychelles'!U10+'FS Seychelles'!V10 -> 541 | J9: =J8 -> 0 | K9: ='Submetering '!Z9 -> 140
A10: Seychelles | B10: =B9+1 -> 9 | C10: 11 | D10: 2019 | E10: ='Submetering '!O10+'Submetering '!P10+'Submetering '!Q10+'Submetering '!R10+'Submetering '!S10 -> 27520 | F10: =F9 -> 5.79 | G10: =('FS Seychelles'!$AB$15+'FS Seychelles'!$AB$9)/30 -> 375.23333 | H10: =H9 -> 18.9 | I10: ='FS Seychelles'!R11+'FS Seychelles'!T11+'FS Seychelles'!U11+'FS Seychelles'!V11 -> 514 | J10: =J9 -> 0 | K10: ='Submetering '!Z10 -> 151
A11: Seychelles | B11: =B10+1 -> 10 | C11: 11 | D11: 2019 | E11: ='Submetering '!O11+'Submetering '!P11+'Submetering '!Q11+'Submetering '!R11+'Submetering '!S11 -> 29768 | F11: =F10 -> 5.79 | G11: =('FS Seychelles'!$AB$15+'FS Seychelles'!$AB$9)/30 -> 375.23333 | H11: =H10 -> 18.9 | I11: ='FS Seychelles'!R12+'FS Seychelles'!T12+'FS Seychelles'!U12+'FS Seychelles'!V12 -> 531 | J11: =J10 -> 0 | K11: ='Submetering '!Z11 -> 136
A12: Seychelles | B12: =B11+1 -> 11 | C12: 11 | D12: 2019 | E12: ='Submetering '!O12+'Submetering '!P12+'Submetering '!Q12+'Submetering '!R12+'Submetering '!S12 -> 27858 | F12: =F11 -> 5.79 | G12: =('FS Seychelles'!$AB$15+'FS Seychelles'!$AB$9)/30 -> 375.23333 | H12: =H11 -> 18.9 | I12: ='FS Seychelles'!R13+'FS Seychelles'!T13+'FS Seychelles'!U13+'FS Seychelles'!V13 -> 525 | J12: =J11 -> 0 | K12: ='Submetering '!Z12 -> 149
A13: Seychelles | B13: =B12+1 -> 12 | C13: 11 | D13: 2019 | E13: ='Submetering '!O13+'Submetering '!P13+'Submetering '!Q13+'Submetering '!R13+'Submetering '!S13 -> 30600 | F13: =F12 -> 5.79 | G13: =('FS Seychelles'!$AB$15+'FS Seychelles'!$AB$9)/30 -> 375.23333 | H13: =H12 -> 18.9 | I13: ='FS Seychelles'!R14+'FS Seychelles'!T14+'FS Seychelles'!U14+'FS Seychelles'!V14 -> 525 | J13: =J12 -> 0 | K13: ='Submetering '!Z13 -> 143
A14: Seychelles | B14: =B13+1 -> 13 | C14: 11 | D14: 2019 | E14: ='Submetering '!O14+'Submetering '!P14+'Submetering '!Q14+'Submetering '!R14+'Submetering '!S14 -> 31997 | F14: =F13 -> 5.79 | G14: =('FS Seychelles'!$AB$15+'FS Seychelles'!$AB$9)/30 -> 375.23333 | H14: =H13 -> 18.9 | I14: ='FS Seychelles'!R15+'FS Seychelles'!T15+'FS Seychelles'!U15+'FS Seychelles'!V15 -> 541 | J14: =J13 -> 0 | K14: ='Submetering '!Z14 -> 141
... A31: Seychelles | B31: =B30+1 -> 30 | C31: 11 | D31: 2019 | E31: ='Submetering '!O31+'Submetering '!P31+'Submetering '!Q31+'Submetering '!R31+'Submetering '!S31 -> 26074 | F31: =F30 -> 5.79 | G31: =('FS Seychelles'!$AB$15+'FS Seychelles'!$AB$9)/30 -> 375.23333 | H31: =H30 -> 18.9 | I31: ='FS Seychelles'!R32+'FS Seychelles'!T32+'FS Seychelles'!U32+'FS Seychelles'!V32 -> 232 | J31: =J30 -> 0 | K31: ='Submetering '!Z31 -> 112

Sheet Submetering 
A1: Site Name | B1: Day | C1: Month | D1: Year | E1: Room Night | F1: SS-A - KWh | G1: SS-B- KWh | H1: SS-C- KWh | I1: SS-D1- KWh | J1: SS-D2- KWh | K1: SS-E- KWh | L1: FIRE PUMP- KWh | M1: CASINO- KWh | N1: BOH- KWh | O1: Generator#1 - KWh | P1: Generator#2- KWh | Q1: Generator#3- KWh | R1: Generator#4- KWh | S1: Generator#5- KWh | T1: DIESEL - Liter | U1: BOH Water- m3 | V1: E-Resort- m3 | W1: North RVs- m3 | X1: WT59- m3 | Y1: WT08- m3 | Z1: PUC (HOH)- m3 | AA1: PUC (Resort) - m3 | AB1: LPG (Kg)
A2: Seychelles | B2: 1 | C2: 9 | D2: 2019 | E2: ='FS Seychelles'!B3 -> 66.32 | F2: ='FS Seychelles'!C3*1000 -> 3230 | G2: ='FS Seychelles'!D3*1000 -> 5400 | H2: ='FS Seychelles'!E3*1000 -> 5340 | I2: ='FS Seychelles'!F3*1000 -> 1380 | J2: ='FS Seychelles'!G3*1000 -> 3050 | K2: ='FS Seychelles'!H3*1000 -> 1950 | L2: ='FS Seychelles'!I3*1000 -> 1360 | M2: ='FS Seychelles'!J3*1000 -> 1640 | N2: ='FS Seychelles'!K3*1000 -> 3700 | O2: ='FS Seychelles'!L3 -> 7316 | P2: ='FS Seychelles'!M3 -> 7897 | Q2: ='FS Seychelles'!N3 -> 8324 | R2: ='FS Seychelles'!O3 -> 4516 | S2: ='FS Seychelles'!P3 -> 0 | T2: ='FS Seychelles'!Q3 -> 8273 | U2: ='FS Seychelles'!R3 -> 91 | V2: ='FS Seychelles'!S3 -> 27 | ... AA2: ='FS Seychelles'!X3 -> 0 | AB2: =('FS Seychelles'!$AB$15+'FS Seychelles'!$AB$9)/30 -> 375.23333
A3: Seychelles | B3: =B2+1 -> 2 | C3: 9 | D3: 2019 | E3: ='FS Seychelles'!B4 -> 64.21 | F3: ='FS Seychelles'!C4*1000 -> 3120 | G3: ='FS Seychelles'!D4*1000 -> 5670 | H3: ='FS Seychelles'!E4*1000 -> 5280 | I3: ='FS Seychelles'!F4*1000 -> 1500 | J3: ='FS Seychelles'!G4*1000 -> 2940 | K3: ='FS Seychelles'!H4*1000 -> 2000 | L3: ='FS Seychelles'!I4*1000 -> 1440 | M3: ='FS Seychelles'!J4*1000 -> 1630 | N3: ='FS Seychelles'!K4*1000 -> 3530 | O3: 12417 | P3: ='FS Seychelles'!M4 -> 9603 | Q3: 12079 | R3: 8651 | S3: ='FS Seychelles'!P4 -> 0 | T3: 9881 | U3: ='FS Seychelles'!R4 -> 95 | V3: ='FS Seychelles'!S4 -> 52 | W3: ='FS Seychelles'!T4 -> 55 | X3: ='FS Seychelles'!U4 -> 272 | Y3: ='FS Seychelles'!V4 -> 67 | Z3: ='FS Seychelles'!W4 -> 191 | AA3: ='FS Seychelles'!X4 -> 0 | AB3: =('FS Seychelles'!$AB$15+'FS Seychelles'!$AB$9)/30 -> 375.23333
A4: Seychelles | B4: =B3+1 -> 3 | C4: 9 | D4: 2019 | E4: ='FS Seychelles'!B5 -> 20 | F4: ='FS Seychelles'!C5*1000 -> 3660 | G4: ='FS Seychelles'!D5*1000 -> 6030 | H4: ='FS Seychelles'!E5*1000 -> 5660 | I4: ='FS Seychelles'!F5*1000 -> 1730 | J4: ='FS Seychelles'!G5*1000 -> 2870 | K4: ='FS Seychelles'!H5*1000 -> 2120 | L4: ='FS Seychelles'!I5*1000 -> 1380 | M4: ='FS Seychelles'!J5*1000 -> 1600 | N4: ='FS Seychelles'!K5*1000 -> 3610 | O4: ='FS Seychelles'!L5 -> 11703 | P4: ='FS Seychelles'!M5 -> 11305 | Q4: ='FS Seychelles'!N5 -> 0 | R4: ='FS Seychelles'!O5 -> 7157 | S4: ='FS Seychelles'!P5 -> 0 | T4: ='FS Seychelles'!Q5 -> 8636 | U4: ='FS Seychelles'!R5 -> 94 | V4: ='FS Seychelles'!S5 -> 40 | ... AA4: ='FS Seychelles'!X5 -> 0 | AB4: =('FS Seychelles'!$AB$15+'FS Seychelles'!$AB$9)/30 -> 375.23333
A5: Seychelles | B5: =B4+1 -> 4 | C5: 9 | D5: 2019 | E5: ='FS Seychelles'!B6 -> 80 | F5: ='FS Seychelles'!C6*1000 -> 3580 | G5: ='FS Seychelles'!D6*1000 -> 5560 | H5: ='FS Seychelles'!E6*1000 -> 5570 | I5: ='FS Seychelles'!F6*1000 -> 1440 | J5: ='FS Seychelles'!G6*1000 -> 2810 | K5: ='FS Seychelles'!H6*1000 -> 2150 | L5: ='FS Seychelles'!I6*1000 -> 1390 | M5: ='FS Seychelles'!J6*1000 -> 1730 | N5: ='FS Seychelles'!K6*1000 -> 3680 | O5: ='FS Seychelles'!L6 -> 10352 | P5: ='FS Seychelles'!M6 -> 4493 | Q5: ='FS Seychelles'!N6 -> 4509 | R5: ='FS Seychelles'!O6 -> 10252 | S5: ='FS Seychelles'!P6 -> 0 | T5: ='FS Seychelles'!Q6 -> 8569 | U5: ='FS Seychelles'!R6 -> 97 | V5: ='FS Seychelles'!S6 -> 53 | ... AA5: ='FS Seychelles'!X6 -> 0 | AB5: =('FS Seychelles'!$AB$15+'FS Seychelles'!$AB$9)/30 -> 375.23333
A6: Seychelles | B6: =B5+1 -> 5 | C6: 9 | D6: 2019 | E6: ='FS Seychelles'!B7 -> 76.06 | F6: ='FS Seychelles'!C7*1000 -> 3620 | G6: ='FS Seychelles'!D7*1000 -> 5630 | H6: ='FS Seychelles'!E7*1000 -> 5730 | I6: ='FS Seychelles'!F7*1000 -> 1470 | J6: ='FS Seychelles'!G7*1000 -> 3390 | K6: ='FS Seychelles'!H7*1000 -> 2070 | L6: ='FS Seychelles'!I7*1000 -> 1390 | M6: ='FS Seychelles'!J7*1000 -> 1760 | N6: ='FS Seychelles'!K7*1000 -> 3920 | O6: ='FS Seychelles'!L7 -> 10794 | P6: ='FS Seychelles'!M7 -> 8802 | Q6: ='FS Seychelles'!N7 -> 4445 | R6: ='FS Seychelles'!O7 -> 4526 | S6: ='FS Seychelles'!P7 -> 0 | T6: ='FS Seychelles'!Q7 -> 8027 | U6: ='FS Seychelles'!R7 -> 105 | V6: ='FS Seychelles'!S7 -> 34 | ... AA6: ='FS Seychelles'!X7 -> 0 | AB6: =('FS Seychelles'!$AB$15+'FS Seychelles'!$AB$9)/30 -> 375.23333
A7: Seychelles | B7: =B6+1 -> 6 | C7: 9 | D7: 2019 | E7: ='FS Seychelles'!B8 -> 80.28 | F7: ='FS Seychelles'!C8*1000 -> 3670 | G7: ='FS Seychelles'!D8*1000 -> 5670 | H7: ='FS Seychelles'!E8*1000 -> 5590 | I7: ='FS Seychelles'!F8*1000 -> 1520 | J7: ='FS Seychelles'!G8*1000 -> 2900 | K7: ='FS Seychelles'!H8*1000 -> 2170 | L7: ='FS Seychelles'!I8*1000 -> 1380 | M7: ='FS Seychelles'!J8*1000 -> 1860 | N7: ='FS Seychelles'!K8*1000 -> 3870 | O7: ='FS Seychelles'!L8 -> 4783 | P7: ='FS Seychelles'!M8 -> 8378 | Q7: ='FS Seychelles'!N8 -> 8121 | R7: ='FS Seychelles'!O8 -> 9997 | S7: ='FS Seychelles'!P8 -> 0 | T7: ='FS Seychelles'!Q8 -> 9307 | U7: ='FS Seychelles'!R8 -> 109 | V7: ='FS Seychelles'!S8 -> 40 | ... AA7: ='FS Seychelles'!X8 -> 0 | AB7: =('FS Seychelles'!$AB$15+'FS Seychelles'!$AB$9)/30 -> 375.23333
A8: Seychelles | B8: =B7+1 -> 7 | C8: 9 | D8: 2019 | E8: ='FS Seychelles'!B9 -> 70.42 | F8: ='FS Seychelles'!C9*1000 -> 3830 | G8: ='FS Seychelles'!D9*1000 -> 5800 | H8: ='FS Seychelles'!E9*1000 -> 5830 | I8: ='FS Seychelles'!F9*1000 -> 1520 | J8: ='FS Seychelles'!G9*1000 -> 3170 | K8: ='FS Seychelles'!H9*1000 -> 2310 | L8: ='FS Seychelles'!I9*1000 -> 1410 | M8: ='FS Seychelles'!J9*1000 -> 1970 | N8: ='FS Seychelles'!K9*1000 -> 3860 | O8: ='FS Seychelles'!L9 -> 9731 | P8: ='FS Seychelles'!M9 -> 10311 | Q8: ='FS Seychelles'!N9 -> 4653 | R8: ='FS Seychelles'!O9 -> 6379 | S8: ='FS Seychelles'!P9 -> 0 | T8: ='FS Seychelles'!Q9 -> 8543 | U8: ='FS Seychelles'!R9 -> 109 | V8: ='FS Seychelles'!S9 -> 56 | ... AA8: ='FS Seychelles'!X9 -> 0 | AB8: =('FS Seychelles'!$AB$15+'FS Seychelles'!$AB$9)/30 -> 375.23333
A9: Seychelles | B9: =B8+1 -> 8 | C9: 9 | D9: 2019 | E9: ='FS Seychelles'!B10 -> 63.77 | F9: ='FS Seychelles'!C10*1000 -> 3610 | G9: ='FS Seychelles'!D10*1000 -> 5790 | H9: ='FS Seychelles'!E10*1000 -> 5740 | I9: ='FS Seychelles'!F10*1000 -> 1400 | J9: ='FS Seychelles'!G10*1000 -> 3150 | K9: ='FS Seychelles'!H10*1000 -> 2230 | L9: ='FS Seychelles'!I10*1000 -> 1450 | M9: ='FS Seychelles'!J10*1000 -> 1720 | N9: ='FS Seychelles'!K10*1000 -> 3870 | O9: ='FS Seychelles'!L10 -> 9014 | P9: ='FS Seychelles'!M10 -> 14912 | Q9: ='FS Seychelles'!N10 -> 6376 | R9: ='FS Seychelles'!O10 -> 0 | S9: ='FS Seychelles'!P10 -> 0 | T9: ='FS Seychelles'!Q10 -> 8431 | U9: ='FS Seychelles'!R10 -> 105 | V9: ='FS Seychelles'!S10 -> 32 | ... AA9: ='FS Seychelles'!X10 -> 0 | AB9: =('FS Seychelles'!$AB$15+'FS Seychelles'!$AB$9)/30 -> 375.23333
A10: Seychelles | B10: =B9+1 -> 9 | C10: 9 | D10: 2019 | E10: ='FS Seychelles'!B11 -> 84.93 | F10: ='FS Seychelles'!C11*1000 -> 3580 | G10: ='FS Seychelles'!D11*1000 -> 5220 | H10: ='FS Seychelles'!E11*1000 -> 5550 | I10: ='FS Seychelles'!F11*1000 -> 1310 | J10: ='FS Seychelles'!G11*1000 -> 2520 | K10: ='FS Seychelles'!H11*1000 -> 2030 | L10: ='FS Seychelles'!I11*1000 -> 1400 | M10: ='FS Seychelles'!J11*1000 -> 1670 | N10: ='FS Seychelles'!K11*1000 -> 3710 | O10: ='FS Seychelles'!L11 -> 831 | P10: ='FS Seychelles'!M11 -> 4411 | Q10: ='FS Seychelles'!N11 -> 12516 | R10: ='FS Seychelles'!O11 -> 9762 | S10: ='FS Seychelles'!P11 -> 0 | T10: ='FS Seychelles'!Q11 -> 7944 | U10: ='FS Seychelles'!R11 -> 113 | V10: ='FS Seychelles'!S11 -> 58 | ... AA10: ='FS Seychelles'!X11 -> 0 | AB10: =('FS Seychelles'!$AB$15+'FS Seychelles'!$AB$9)/30 -> 375.23333
A11: Seychelles | B11: =B10+1 -> 10 | C11: 9 | D11: 2019 | E11: ='FS Seychelles'!B12 -> 81.94 | F11: ='FS Seychelles'!C12*1000 -> 3130 | G11: ='FS Seychelles'!D12*1000 -> 5180 | H11: ='FS Seychelles'!E12*1000 -> 5450 | I11: ='FS Seychelles'!F12*1000 -> 1380 | J11: ='FS Seychelles'!G12*1000 -> 1870 | K11: ='FS Seychelles'!H12*1000 -> 2220 | L11: ='FS Seychelles'!I12*1000 -> 1310 | M11: ='FS Seychelles'!J12*1000 -> 1790 | N11: ='FS Seychelles'!K12*1000 -> 3530 | O11: ='FS Seychelles'!L12 -> 9605 | P11: ='FS Seychelles'!M12 -> 3850 | Q11: ='FS Seychelles'!N12 -> 7756 | R11: ='FS Seychelles'!O12 -> 8557 | S11: ='FS Seychelles'!P12 -> 0 | T11: ='FS Seychelles'!Q12 -> 7607 | U11: ='FS Seychelles'!R12 -> 105 | V11: ='FS Seychelles'!S12 -> 17 | ... AA11: ='FS Seychelles'!X12 -> 0 | AB11: =('FS Seychelles'!$AB$15+'FS Seychelles'!$AB$9)/30 -> 375.23333
A12: Seychelles | B12: =B11+1 -> 11 | C12: 9 | D12: 2019 | E12: ='FS Seychelles'!B13 -> 66.32 | F12: ='FS Seychelles'!C13*1000 -> 3540 | G12: ='FS Seychelles'!D13*1000 -> 5710 | H12: ='FS Seychelles'!E13*1000 -> 5930 | I12: ='FS Seychelles'!F13*1000 -> 1820 | J12: ='FS Seychelles'!G13*1000 -> 2040 | K12: ='FS Seychelles'!H13*1000 -> 2700 | L12: ='FS Seychelles'!I13*1000 -> 1260 | M12: ='FS Seychelles'!J13*1000 -> 1710 | N12: ='FS Seychelles'!K13*1000 -> 3710 | O12: ='FS Seychelles'!L13 -> 9463 | P12: ='FS Seychelles'!M13 -> 8071 | Q12: ='FS Seychelles'!N13 -> 5209 | R12: ='FS Seychelles'!O13 -> 5115 | S12: ='FS Seychelles'!P13 -> 0 | T12: ='FS Seychelles'!Q13 -> 8633 | U12: ='FS Seychelles'!R13 -> 113 | V12: ='FS Seychelles'!S13 -> 19 | ... AA12: ='FS Seychelles'!X13 -> 0 | AB12: =('FS Seychelles'!$AB$15+'FS Seychelles'!$AB$9)/30 -> 375.23333
A13: Seychelles | B13: =B12+1 -> 12 | C13: 9 | D13: 2019 | E13: ='FS Seychelles'!B14 -> 63.16 | F13: ='FS Seychelles'!C14*1000 -> 3770 | G13: ='FS Seychelles'!D14*1000 -> 5790 | H13: ='FS Seychelles'!E14*1000 -> 6000 | I13: ='FS Seychelles'!F14*1000 -> 2240 | J13: ='FS Seychelles'!G14*1000 -> 2750 | K13: ='FS Seychelles'!H14*1000 -> 2400 | L13: ='FS Seychelles'!I14*1000 -> 1400 | M13: ='FS Seychelles'!J14*1000 -> 1890 | N13: ='FS Seychelles'!K14*1000 -> 3920 | O13: ='FS Seychelles'!L14 -> 0 | P13: ='FS Seychelles'!M14 -> 12368 | Q13: ='FS Seychelles'!N14 -> 11147 | R13: ='FS Seychelles'!O14 -> 7085 | S13: ='FS Seychelles'!P14 -> 0 | T13: ='FS Seychelles'!Q14 -> 8916 | U13: ='FS Seychelles'!R14 -> 105 | V13: ='FS Seychelles'!S14 -> 39 | ... AA13: ='FS Seychelles'!X14 -> 0 | AB13: =('FS Seychelles'!$AB$15+'FS Seychelles'!$AB$9)/30 -> 375.23333
A14: Seychelles | B14: =B13+1 -> 13 | C14: 9 | D14: 2019 | E14: ='FS Seychelles'!B15 -> 68.43 | F14: ='FS Seychelles'!C15*1000 -> 3810 | G14: ='FS Seychelles'!D15*1000 -> 5850 | H14: ='FS Seychelles'!E15*1000 -> 5990 | I14: ='FS Seychelles'!F15*1000 -> 2190 | J14: ='FS Seychelles'!G15*1000 -> 2240 | K14: ='FS Seychelles'!H15*1000 -> 2080 | L14: ='FS Seychelles'!I15*1000 -> 1370 | M14: ='FS Seychelles'!J15*1000 -> 1790 | N14: ='FS Seychelles'!K15*1000 -> 3840 | O14: ='FS Seychelles'!L15 -> 13031 | P14: ='FS Seychelles'!M15 -> 5493 | Q14: ='FS Seychelles'!N15 -> 0 | R14: ='FS Seychelles'!O15 -> 13473 | S14: ='FS Seychelles'!P15 -> 0 | T14: ='FS Seychelles'!Q15 -> 9214 | U14: ='FS Seychelles'!R15 -> 106 | V14: ='FS Seychelles'!S15 -> 53 | ... AA14: ='FS Seychelles'!X15 -> 0 | AB14: =('FS Seychelles'!$AB$15+'FS Seychelles'!$AB$9)/30 -> 375.23333
A15: Seychelles | B15: =B14+1 -> 14 | C15: 9 | D15: 2019 | E15: ='FS Seychelles'!B16 -> 87.67 | F15: ='FS Seychelles'!C16*1000 -> 3730 | G15: ='FS Seychelles'!D16*1000 -> 5970 | H15: ='FS Seychelles'!E16*1000 -> 5820 | I15: ='FS Seychelles'!F16*1000 -> 2000 | J15: ='FS Seychelles'!G16*1000 -> 2530 | K15: ='FS Seychelles'!H16*1000 -> 2570 | L15: ='FS Seychelles'!I16*1000 -> 1420 | M15: ='FS Seychelles'!J16*1000 -> 1950 | N15: ='FS Seychelles'!K16*1000 -> 3880 | O15: ='FS Seychelles'!L16 -> 0 | P15: ='FS Seychelles'!M16 -> 13883 | Q15: ='FS Seychelles'!N16 -> 8501 | R15: ='FS Seychelles'!O16 -> 9133 | S15: ='FS Seychelles'!P16 -> 0 | T15: ='FS Seychelles'!Q17 -> 8930 | U15: ='FS Seychelles'!R16 -> 122 | V15: ='FS Seychelles'!S16 -> 38 | W15: ='FS Seychelles'!T16 -> 102 | X15: ='FS Seychelles'!U16 -> 303 | Y15: ='FS Seychelles'!V16 -> 72 | Z15: ='FS Seychelles'!W16 -> 155 | AA15: ='FS Seychelles'!X16 -> 0 | AB15: =('FS Seychelles'!$AB$15+'FS Seychelles'!$AB$9)/30 -> 375.23333
A16: Seychelles | B16: =B15+1 -> 15 | C16: 9 | D16: 2019 | E16: ='FS Seychelles'!B17 -> 87.67 | F16: ='FS Seychelles'!C17*1000 -> 4030 | G16: ='FS Seychelles'!D17*1000 -> 5850 | H16: ='FS Seychelles'!E17*1000 -> 5930 | I16: ='FS Seychelles'!F17*1000 -> 1970 | J16: ='FS Seychelles'!G17*1000 -> 2690 | K16: ='FS Seychelles'!H17*1000 -> 2710 | L16: ='FS Seychelles'!I17*1000 -> 1420 | M16: ='FS Seychelles'!J17*1000 -> 1780 | N16: ='FS Seychelles'!K17*1000 -> 3960 | O16: ='FS Seychelles'!L17 -> 8598 | P16: ='FS Seychelles'!M17 -> 9281 | Q16: ='FS Seychelles'!N17 -> 3849 | R16: ='FS Seychelles'!O17 -> 8212 | S16: ='FS Seychelles'!P17 -> 0 | T16: ='FS Seychelles'!Q18 -> 9041 | U16: ='FS Seychelles'!R17 -> 108 | V16: ='FS Seychelles'!S17 -> 39 | W16: ='FS Seychelles'!T17 -> 79 | X16: ='FS Seychelles'!U17 -> 340 | Y16: ='FS Seychelles'!V17 -> 79 | Z16: ='FS Seychelles'!W17 -> 128 | AA16: ='FS Seychelles'!X17 -> 0 | AB16: =('FS Seychelles'!$AB$15+'FS Seychelles'!$AB$9)/30 -> 375.23333
A17: Seychelles | B17: =B16+1 -> 16 | C17: 9 | D17: 2019 | E17: ='FS Seychelles'!B18 -> 87.67 | F17: ='FS Seychelles'!C18*1000 -> 3790 | G17: ='FS Seychelles'!D18*1000 -> 5720 | H17: ='FS Seychelles'!E18*1000 -> 6080 | I17: ='FS Seychelles'!F18*1000 -> 1830 | J17: ='FS Seychelles'!G18*1000 -> 2430 | K17: ='FS Seychelles'!H18*1000 -> 2790 | L17: ='FS Seychelles'!I18*1000 -> 1170 | M17: ='FS Seychelles'!J18*1000 -> 1750 | N17: ='FS Seychelles'!K18*1000 -> 3610 | O17: ='FS Seychelles'!L18 -> 10937 | P17: ='FS Seychelles'!M18 -> 7713 | Q17: ='FS Seychelles'!N18 -> 8607 | R17: ='FS Seychelles'!O18 -> 5092 | S17: ='FS Seychelles'!P18 -> 0 | T17: ='FS Seychelles'!Q18 -> 9041 | U17: ='FS Seychelles'!R18 -> 119 | V17: ='FS Seychelles'!S18 -> 27 | ... AA17: ='FS Seychelles'!X18 -> 0 | AB17: =('FS Seychelles'!$AB$15+'FS Seychelles'!$AB$9)/30 -> 375.23333
A18: Seychelles | B18: =B17+1 -> 17 | C18: 9 | D18: 2019 | E18: ='FS Seychelles'!B19 -> 80.82 | F18: ='FS Seychelles'!C19*1000 -> 3520 | G18: ='FS Seychelles'!D19*1000 -> 5370 | H18: ='FS Seychelles'!E19*1000 -> 5720 | I18: ='FS Seychelles'!F19*1000 -> 1640 | J18: ='FS Seychelles'!G19*1000 -> 2460 | K18: ='FS Seychelles'!H19*1000 -> 2580 | L18: ='FS Seychelles'!I19*1000 -> 1400 | M18: ='FS Seychelles'!J19*1000 -> 1800 | N18: ='FS Seychelles'!K19*1000 -> 3700 | O18: ='FS Seychelles'!L19 -> 0 | P18: ='FS Seychelles'!M19 -> 14649 | Q18: ='FS Seychelles'!N19 -> 4007 | R18: ='FS Seychelles'!O19 -> 10602 | S18: ='FS Seychelles'!P19 -> 0 | T18: ='FS Seychelles'!Q19 -> 8783 | U18: ='FS Seychelles'!R19 -> 109 | V18: ='FS Seychelles'!S19 -> 39 | ... AA18: ='FS Seychelles'!X19 -> 0 | AB18: =('FS Seychelles'!$AB$15+'FS Seychelles'!$AB$9)/30 -> 375.23333
A19: Seychelles | B19: =B18+1 -> 18 | C19: 9 | D19: 2019 | E19: ='FS Seychelles'!B20 -> 83.82 | F19: ='FS Seychelles'!C20*1000 -> 3520 | G19: ='FS Seychelles'!D20*1000 -> 5140 | H19: ='FS Seychelles'!E20*1000 -> 5920 | I19: ='FS Seychelles'!F20*1000 -> 1740 | J19: ='FS Seychelles'!G20*1000 -> 2410 | K19: ='FS Seychelles'!H20*1000 -> 2640 | L19: ='FS Seychelles'!I20*1000 -> 1400 | M19: ='FS Seychelles'!J20*1000 -> 1960 | N19: ='FS Seychelles'!K20*1000 -> 3860 | O19: ='FS Seychelles'!L20 -> 12964 | P19: ='FS Seychelles'!M20 -> 4365 | Q19: ='FS Seychelles'!N20 -> 8505 | R19: ='FS Seychelles'!O20 -> 4705 | S19: ='FS Seychelles'!P20 -> 0 | T19: ='FS Seychelles'!Q20 -> 8695 | U19: ='FS Seychelles'!R20 -> 138 | V19: ='FS Seychelles'!S20 -> 34 | ... AA19: ='FS Seychelles'!X20 -> 0 | AB19: =('FS Seychelles'!$AB$15+'FS Seychelles'!$AB$9)/30 -> 375.23333
A20: Seychelles | B20: =B19+1 -> 19 | C20: 9 | D20: 2019 | E20: ='FS Seychelles'!B21 -> 80.26 | F20: ='FS Seychelles'!C21*1000 -> 3600 | G20: ='FS Seychelles'!D21*1000 -> 5500 | H20: ='FS Seychelles'!E21*1000 -> 5910 | I20: ='FS Seychelles'!F21*1000 -> 1860 | J20: ='FS Seychelles'!G21*1000 -> 2820 | K20: ='FS Seychelles'!H21*1000 -> 2380 | L20: ='FS Seychelles'!I21*1000 -> 1380 | M20: ='FS Seychelles'!J21*1000 -> 1830 | N20: ='FS Seychelles'!K21*1000 -> 4010 | O20: ='FS Seychelles'!L21 -> 6076 | P20: ='FS Seychelles'!M21 -> 8737 | Q20: ='FS Seychelles'!N21 -> 5446 | R20: ='FS Seychelles'!O21 -> 10124 | S20: ='FS Seychelles'!P21 -> 0 | T20: ='FS Seychelles'!Q21 -> 9143 | U20: ='FS Seychelles'!R21 -> 102 | V20: ='FS Seychelles'!S21 -> 37 | ... AA20: ='FS Seychelles'!X21 -> 0 | AB20: =('FS Seychelles'!$AB$15+'FS Seychelles'!$AB$9)/30 -> 375.23333
A21: Seychelles | B21: =B20+1 -> 20 | C21: 9 | D21: 2019 | E21: ='FS Seychelles'!B22 -> 66.32 | F21: ='FS Seychelles'!C22*1000 -> 3770 | G21: ='FS Seychelles'!D22*1000 -> 5350 | H21: ='FS Seychelles'!E22*1000 -> 5850 | I21: ='FS Seychelles'!F22*1000 -> 1710 | J21: ='FS Seychelles'!G22*1000 -> 2460 | K21: ='FS Seychelles'!H22*1000 -> 2580 | L21: ='FS Seychelles'!I22*1000 -> 1340 | M21: ='FS Seychelles'!J22*1000 -> 1820 | N21: ='FS Seychelles'!K22*1000 -> 3750 | O21: ='FS Seychelles'!L22 -> 9292 | P21: ='FS Seychelles'!M22 -> 0 | Q21: ='FS Seychelles'!N22 -> 10761 | R21: ='FS Seychelles'!O22 -> 9326 | S21: ='FS Seychelles'!P23 -> 0 | T21: ='FS Seychelles'!Q22 -> 8841 | U21: ='FS Seychelles'!R22 -> 80 | V21: ='FS Seychelles'!S22 -> 33 | W21: ='FS Seychelles'!T22 -> 70 | X21: ='FS Seychelles'!U22 -> 261 | Y21: ='FS Seychelles'!V22 -> 66 | Z21: ='FS Seychelles'!W22 -> 90 | AA21: ='FS Seychelles'!X22 -> 0 | AB21: =('FS Seychelles'!$AB$15+'FS Seychelles'!$AB$9)/30 -> 375.23333
A22: Seychelles | B22: =B21+1 -> 21 | C22: 9 | D22: 2019 | E22: ='FS Seychelles'!B23 -> 67.37 | F22: ='FS Seychelles'!C23*1000 -> 3950 | G22: ='FS Seychelles'!D23*1000 -> 5360 | H22: ='FS Seychelles'!E23*1000 -> 5910 | I22: ='FS Seychelles'!F23*1000 -> 1770 | J22: ='FS Seychelles'!G23*1000 -> 2560 | K22: ='FS Seychelles'!H23*1000 -> 2310 | L22: ='FS Seychelles'!I23*1000 -> 1310 | M22: ='FS Seychelles'!J23*1000 -> 1940 | N22: ='FS Seychelles'!K23*1000 -> 3840 | O22: ='FS Seychelles'!L23 -> 4903 | P22: ='FS Seychelles'!M23 -> 8674 | Q22: ='FS Seychelles'!N23 -> 8892 | R22: ='FS Seychelles'!O23 -> 7314 | S22: ='FS Seychelles'!P24 -> 0 | T22: ='FS Seychelles'!Q23 -> 9070 | U22: ='FS Seychelles'!R23 -> 83 | V22: ='FS Seychelles'!S23 -> 43 | W22: ='FS Seychelles'!T23 -> 75 | X22: ='FS Seychelles'!U23 -> 260 | Y22: ='FS Seychelles'!V23 -> 71 | Z22: ='FS Seychelles'!W23 -> 116 | AA22: ='FS Seychelles'!X23 -> 0 | AB22: =('FS Seychelles'!$AB$15+'FS Seychelles'!$AB$9)/30 -> 375.23333
A23: Seychelles | B23: =B22+1 -> 22 | C23: 9 | D23: 2019 | E23: ='FS Seychelles'!B24 -> 65.26 | F23: ='FS Seychelles'!C24*1000 -> 4190 | G23: ='FS Seychelles'!D24*1000 -> 5820 | H23: ='FS Seychelles'!E24*1000 -> 5760 | I23: ='FS Seychelles'!F24*1000 -> 1640 | J23: ='FS Seychelles'!G24*1000 -> 2700 | K23: ='FS Seychelles'!H24*1000 -> 2480 | L23: ='FS Seychelles'!I24*1000 -> 1390 | M23: ='FS Seychelles'!J24*1000 -> 1760 | N23: ='FS Seychelles'!K24*1000 -> 3970 | O23: ='FS Seychelles'!L24 -> 6826 | P23: ='FS Seychelles'!M24 -> 13927 | Q23: ='FS Seychelles'!N24 -> 9225 | R23: ='FS Seychelles'!O24 -> 1175 | S23: ='FS Seychelles'!P25 -> 604 | T23: ='FS Seychelles'!Q24 -> 8776 | U23: ='FS Seychelles'!R24 -> 82 | V23: ='FS Seychelles'!S24 -> 36 | W23: ='FS Seychelles'!T24 -> 73 | X23: ='FS Seychelles'!U24 -> 254 | Y23: ='FS Seychelles'!V24 -> 86 | Z23: ='FS Seychelles'!W24 -> 181 | AA23: ='FS Seychelles'!X24 -> 0 | AB23: =('FS Seychelles'!$AB$15+'FS Seychelles'!$AB$9)/30 -> 375.23333
A24: Seychelles | B24: =B23+1 -> 23 | C24: 9 | D24: 2019 | E24: ='FS Seychelles'!B25 -> 71.58 | F24: ='FS Seychelles'!C25*1000 -> 4070 | G24: ='FS Seychelles'!D25*1000 -> 6050 | H24: ='FS Seychelles'!E25*1000 -> 6050 | I24: ='FS Seychelles'!F25*1000 -> 1580 | J24: ='FS Seychelles'!G25*1000 -> 2610 | K24: ='FS Seychelles'!H25*1000 -> 2400 | L24: ='FS Seychelles'!I25*1000 -> 1250 | M24: ='FS Seychelles'!J25*1000 -> 2000 | N24: ='FS Seychelles'!K25*1000 -> 3800 | O24: ='FS Seychelles'!L25 -> 8227 | P24: ='FS Seychelles'!M25 -> 8159 | Q24: ='FS Seychelles'!N25 -> 8649 | R24: ='FS Seychelles'!O25 -> 6414 | S24: ='FS Seychelles'!P25 -> 604 | T24: ='FS Seychelles'!Q25 -> 9277 | U24: ='FS Seychelles'!R25 -> 82 | V24: ='FS Seychelles'!S25 -> 30 | ... AA24: ='FS Seychelles'!X25 -> 0 | AB24: =('FS Seychelles'!$AB$15+'FS Seychelles'!$AB$9)/30 -> 375.23333
A25: Seychelles | B25: =B24+1 -> 24 | C25: 9 | D25: 2019 | E25: ='FS Seychelles'!B26 -> 67.37 | F25: ='FS Seychelles'!C26*1000 -> 4050 | G25: ='FS Seychelles'!D26*1000 -> 5880 | H25: ='FS Seychelles'!E26*1000 -> 6080 | I25: ='FS Seychelles'!F26*1000 -> 1760 | J25: ='FS Seychelles'!G26*1000 -> 2100 | K25: ='FS Seychelles'!H26*1000 -> 2440 | L25: ='FS Seychelles'!I26*1000 -> 1420 | M25: ='FS Seychelles'!J26*1000 -> 1980 | N25: ='FS Seychelles'!K26*1000 -> 3870 | O25: ='FS Seychelles'!L26 -> 7959 | P25: ='FS Seychelles'!M26 -> 4979 | Q25: ='FS Seychelles'!N26 -> 9599 | R25: ='FS Seychelles'!O26 -> 8216 | S25: ='FS Seychelles'!P26 -> 0 | T25: ='FS Seychelles'!Q26 -> 9066 | U25: ='FS Seychelles'!R26 -> 69 | V25: ='FS Seychelles'!S26 -> 53 | ... AA25: ='FS Seychelles'!X26 -> 0 | AB25: =('FS Seychelles'!$AB$15+'FS Seychelles'!$AB$9)/30 -> 375.23333
A26: Seychelles | B26: =B25+1 -> 25 | C26: 9 | D26: 2019 | E26: ='FS Seychelles'!B27 -> 68.42 | F26: ='FS Seychelles'!C27*1000 -> 3380 | G26: ='FS Seychelles'!D27*1000 -> 5280 | H26: ='FS Seychelles'!E27*1000 -> 5730 | I26: ='FS Seychelles'!F27*1000 -> 1540 | J26: ='FS Seychelles'!G27*1000 -> 2140 | K26: ='FS Seychelles'!H27*1000 -> 2450 | L26: ='FS Seychelles'!I27*1000 -> 1430 | M26: ='FS Seychelles'!J27*1000 -> 1750 | N26: ='FS Seychelles'!K27*1000 -> 4000 | O26: ='FS Seychelles'!L27 -> 8012 | P26: ='FS Seychelles'!M27 -> 5363 | Q26: ='FS Seychelles'!N27 -> 5209 | R26: ='FS Seychelles'!O27 -> 9327 | S26: ='FS Seychelles'!P27 -> 1560 | T26: ='FS Seychelles'!Q27 -> 8759 | U26: ='FS Seychelles'!R27 -> 87 | V26: ='FS Seychelles'!S27 -> 22 | ... AA26: ='FS Seychelles'!X27 -> 0 | AB26: =('FS Seychelles'!$AB$15+'FS Seychelles'!$AB$9)/30 -> 375.23333
A27: Seychelles | B27: =B26+1 -> 26 | C27: 9 | D27: 2019 | E27: ='FS Seychelles'!B28 -> 85.53 | F27: ='FS Seychelles'!C28*1000 -> 3270 | G27: ='FS Seychelles'!D28*1000 -> 5160 | H27: ='FS Seychelles'!E28*1000 -> 5430 | I27: ='FS Seychelles'!F28*1000 -> 1660 | J27: ='FS Seychelles'!G28*1000 -> 2500 | K27: ='FS Seychelles'!H28*1000 -> 2340 | L27: ='FS Seychelles'!I28*1000 -> 1430 | M27: ='FS Seychelles'!J28*1000 -> 1640 | N27: ='FS Seychelles'!K28*1000 -> 3990 | O27: ='FS Seychelles'!L28 -> 4357 | P27: ='FS Seychelles'!M28 -> 8753 | Q27: ='FS Seychelles'!N28 -> 5871 | R27: ='FS Seychelles'!O28 -> 5578 | S27: ='FS Seychelles'!P28 -> 0 | T27: ='FS Seychelles'!Q28 -> 7641 | U27: ='FS Seychelles'!R28 -> 80 | V27: ='FS Seychelles'!S28 -> 66 | ... AA27: ='FS Seychelles'!X28 -> 0 | AB27: =('FS Seychelles'!$AB$15+'FS Seychelles'!$AB$9)/30 -> 375.23333
A28: Seychelles | B28: =B27+1 -> 27 | C28: 9 | D28: 2019 | E28: ='FS Seychelles'!B29 -> 78.95 | F28: ='FS Seychelles'!C29*1000 -> 3400 | G28: ='FS Seychelles'!D29*1000 -> 5470 | H28: ='FS Seychelles'!E29*1000 -> 5590 | I28: ='FS Seychelles'!F29*1000 -> 1790 | J28: ='FS Seychelles'!G29*1000 -> 2400 | K28: ='FS Seychelles'!H29*1000 -> 2510 | L28: ='FS Seychelles'!I29*1000 -> 1460 | M28: ='FS Seychelles'!J29*1000 -> 1760 | N28: ='FS Seychelles'!K29*1000 -> 3980 | O28: ='FS Seychelles'!L29 -> 10601 | P28: ='FS Seychelles'!M29 -> 4412 | Q28: ='FS Seychelles'!N29 -> 4383 | R28: ='FS Seychelles'!O29 -> 10543 | S28: ='FS Seychelles'!P29 -> 0 | T28: ='FS Seychelles'!Q29 -> 8705 | U28: ='FS Seychelles'!R29 -> 85 | V28: ='FS Seychelles'!S29 -> 20 | ... AA28: ='FS Seychelles'!X29 -> 0 | AB28: =('FS Seychelles'!$AB$15+'FS Seychelles'!$AB$9)/30 -> 375.23333
A29: Seychelles | B29: =B28+1 -> 28 | C29: 9 | D29: 2019 | E29: ='FS Seychelles'!B30 -> 68.42 | F29: ='FS Seychelles'!C30*1000 -> 3290 | G29: ='FS Seychelles'!D30*1000 -> 5280 | H29: ='FS Seychelles'!E30*1000 -> 5530 | I29: ='FS Seychelles'!F30*1000 -> 1620 | J29: ='FS Seychelles'!G30*1000 -> 2400 | K29: ='FS Seychelles'!H30*1000 -> 2470 | L29: ='FS Seychelles'!I30*1000 -> 1420 | M29: ='FS Seychelles'!J30*1000 -> 1810 | N29: ='FS Seychelles'!K30*1000 -> 4000 | O29: ='FS Seychelles'!L30 -> 0 | P29: ='FS Seychelles'!M30 -> 14425 | Q29: ='FS Seychelles'!N30 -> 14372 | R29: ='FS Seychelles'!O30 -> 0 | S29: ='FS Seychelles'!P30 -> 0 | T29: ='FS Seychelles'!Q30 -> 8049 | U29: ='FS Seychelles'!R30 -> 90 | V29: ='FS Seychelles'!S30 -> 73 | ... AA29: ='FS Seychelles'!X30 -> 0 | AB29: =('FS Seychelles'!$AB$15+'FS Seychelles'!$AB$9)/30 -> 375.23333
A30: Seychelles | B30: =B29+1 -> 29 | C30: 9 | D30: 2019 | E30: ='FS Seychelles'!B31 -> 89.47 | F30: ='FS Seychelles'!C31*1000 -> 2940 | G30: ='FS Seychelles'!D31*1000 -> 5070 | H30: ='FS Seychelles'!E31*1000 -> 5370 | I30: ='FS Seychelles'!F31*1000 -> 1830 | J30: ='FS Seychelles'!G31*1000 -> 2060 | K30: ='FS Seychelles'!H31*1000 -> 2340 | L30: ='FS Seychelles'!I31*1000 -> 1430 | M30: ='FS Seychelles'!J31*1000 -> 1830 | N30: ='FS Seychelles'!K31*1000 -> 3920 | O30: ='FS Seychelles'!L31 -> 9809 | P30: ='FS Seychelles'!M31 -> 4376 | Q30: ='FS Seychelles'!N31 -> 0 | R30: ='FS Seychelles'!O31 -> 13958 | S30: ='FS Seychelles'!P31 -> 0 | T30: ='FS Seychelles'!Q31 -> 8455 | U30: ='FS Seychelles'!R31 -> 86 | V30: ='FS Seychelles'!S31 -> 16 | ... AA30: ='FS Seychelles'!X31 -> 0 | AB30: =('FS Seychelles'!$AB$15+'FS Seychelles'!$AB$9)/30 -> 375.23333
A31: Seychelles | B31: =B30+1 -> 30 | C31: 9 | D31: 2019 | E31: ='FS Seychelles'!B32 -> 85.53 | F31: ='FS Seychelles'!C32*1000 -> 2850 | G31: ='FS Seychelles'!D32*1000 -> 5160 | H31: ='FS Seychelles'!E32*1000 -> 5420 | I31: ='FS Seychelles'!F32*1000 -> 1930 | J31: ='FS Seychelles'!G32*1000 -> 2190 | K31: ='FS Seychelles'!H32*1000 -> 2140 | L31: ='FS Seychelles'!I32*1000 -> 1470 | M31: ='FS Seychelles'!J32*1000 -> 1720 | N31: ='FS Seychelles'!K32*1000 -> 3790 | O31: ='FS Seychelles'!L32 -> 2726 | P31: ='FS Seychelles'!M32 -> 10400 | Q31: ='FS Seychelles'!N32 -> 12948 | R31: ='FS Seychelles'!O32 -> 0 | S31: ='FS Seychelles'!P32 -> 0 | T31: ='FS Seychelles'!Q32 -> 7075 | U31: ='FS Seychelles'!R32 -> 85 | V31: ='FS Seychelles'!S32 -> 84 | ... AA31: ='FS Seychelles'!X32 -> 0 | AB31: =('FS Seychelles'!$AB$15+'FS Seychelles'!$AB$9)/30 -> 375.23333
A32: Seychelles

Sheet FS Seychelles
A2: DATE | B2: Room Night | C2: SS-A | D2: SS-B | E2: SS-C | F2: SS-D1 | G2: SS-D2 | H2: SS-E | I2: FIRE PUMP | J2: CASINO | K2: BOH | L2: Generator#1 | M2: Generator#2 | N2: Generator#3 | O2: Generator#4 | P2: Generator#5 | Q2: DIESEL (Liter) | R2: BOH Water | S2: E-Resort | T2: North RVs | U2: WT59 | V2: WT08 | W2: PUC (HOH) | X2: PUC (Eresort) | Z2: LPG (Kg)
A3: 43770 | B3: 66.32 | C3: 3.23 | D3: 5.4 | E3: 5.34 | F3: 1.38 | G3: 3.05 | H3: 1.95 | I3: 1.36 | J3: 1.64 | K3: 3.7 | L3: 7316 | M3: 7897 | N3: 8324 | O3: 4516 | P3: 0 | Q3: =2059+2387+2422+1405 -> 8273 | R3: 91 | S3: 27 | T3: 58 | U3: 319 | V3: 81 | W3: 180 | X3: 0 | Z3: CYLINDER DELIVERY (KG)
A4: 43771 | B4: 64.21 | C4: 3.12 | D4: 5.67 | E4: 5.28 | F4: 1.5 | G4: 2.94 | H4: 2 | I4: 1.44 | J4: 1.63 | K4: 3.53 | L4: 2578 | M4: 9603 | N4: 9546 | O4: 6817 | P4: 0 | Q4: =755+2864+2723+2151 -> 8493 | R4: 95 | S4: 52 | T4: 55 | U4: 272 | V4: 67 | W4: 191 | X4: 0 | Z4: Unit | AA4: Quantity | AB4: Sub total
A5: 43772 | B5: 20 | C5: 3.66 | D5: 6.03 | E5: 5.66 | F5: 1.73 | G5: 2.87 | H5: 2.12 | I5: 1.38 | J5: 1.6 | K5: 3.61 | L5: 11703 | M5: 11305 | N5: 0 | O5: 7157 | P5: 0 | Q5: =3195+3235+2206 -> 8636 | R5: 94 | S5: 40 | T5: 71 | U5: 267 | V5: 72 | W5: 182 | X5: 0 | Z5: 5kg | AA5: 2 | AB5: 10
A6: 43773 | B6: 80 | C6: 3.58 | D6: 5.56 | E6: 5.57 | F6: 1.44 | G6: 2.81 | H6: 2.15 | I6: 1.39 | J6: 1.73 | K6: 3.68 | L6: 10352 | M6: 4493 | N6: 4509 | O6: 10252 | P6: 0 | Q6: =2715+1297+1254+3303 -> 8569 | R6: 97 | S6: 53 | T6: 112 | U6: 273 | V6: 81 | W6: 150 | X6: 0 | Z6: 9kg | AA6: 3 | AB6: 27
A7: 43774 | B7: 76.06 | C7: 3.62 | D7: 5.63 | E7: 5.73 | F7: 1.47 | G7: 3.39 | H7: 2.07 | I7: 1.39 | J7: 1.76 | K7: 3.92 | L7: 10794 | M7: 8802 | N7: 4445 | O7: 4526 | P7: 0 | Q7: =2925+2531+1244+1327 -> 8027 | R7: 105 | S7: 34 | T7: 93 | U7: 317 | V7: 66 | W7: 150 | X7: 0 | Z7: 10kg | AA7: 12 | AB7: 120
A8: 43775 | B8: 80.28 | C8: 3.67 | D8: 5.67 | E8: 5.59 | F8: 1.52 | G8: 2.9 | H8: 2.17 | I8: 1.38 | J8: 1.86 | K8: 3.87 | L8: 4783 | M8: 8378 | N8: 8121 | O8: 9997 | P8: 0 | Q8: =1832+2361+2247+2867 -> 9307 | R8: 109 | S8: 40 | T8: 115 | U8: 294 | V8: 86 | W8: 144 | X8: 0 | Z8: 20kg | AA8: 40 | AB8: 800
A9: 43776 | B9: 70.42 | C9: 3.83 | D9: 5.8 | E9: 5.83 | F9: 1.52 | G9: 3.17 | H9: 2.31 | I9: 1.41 | J9: 1.97 | K9: 3.86 | L9: 9731 | M9: 10311 | N9: 4653 | O9: 6379 | P9: 0 | Q9: =2538+2883+1291+1831 -> 8543 | R9: 109 | S9: 56 | T9: 74 | U9: 287 | V9: 78 | W9: 158 | X9: 0 | AA9: Total | AB9: 957
A10: 43777 | B10: 63.77 | C10: 3.61 | D10: 5.79 | E10: 5.74 | F10: 1.4 | G10: 3.15 | H10: 2.23 | I10: 1.45 | J10: 1.72 | K10: 3.87 | L10: 9014 | M10: 14912 | N10: 6376 | O10: 0 | P10: 0 | Q10: =2408+4239+1784 -> 8431 | R10: 105 | S10: 32 | T10: 70 | U10: 285 | V10: 81 | W10: 140 | X10: 0
A11: 43778 | B11: 84.93 | C11: 3.58 | D11: 5.22 | E11: 5.55 | F11: 1.31 | G11: 2.52 | H11: 2.03 | I11: 1.4 | J11: 1.67 | K11: 3.71 | L11: 831 | M11: 4411 | N11: 12516 | O11: 9762 | P11: 0 | Q11: =257+1246+3702+2739 -> 7944 | R11: 113 | S11: 58 | T11: 70 | U11: 266 | V11: 65 | W11: 151 | X11: 0 | Z11: TRUCK DELIVERY (KG)
A12: 43779 | B12: 81.94 | C12: 3.13 | D12: 5.18 | E12: 5.45 | F12: 1.38 | G12: 1.87 | H12: 2.22 | I12: 1.31 | J12: 1.79 | K12: 3.53 | L12: 9605 | M12: 3850 | N12: 7756 | O12: 8557 | P12: 0 | Q12: =2559+1188+1273+2587 -> 7607 | R12: 105 | S12: 17 | T12: 77 | U12: 275 | V12: 74 | W12: 136 | X12: 0 | AA12: Sub Total
A13: 43780 | B13: 66.32 | C13: 3.54 | D13: 5.71 | E13: 5.93 | F13: 1.82 | G13: 2.04 | H13: 2.7 | I13: 1.26 | J13: 1.71 | K13: 3.71 | L13: 9463 | M13: 8071 | N13: 5209 | O13: 5115 | P13: 0 | Q13: =2581+2228+2331+1493 -> 8633 | R13: 113 | S13: 19 | T13: 83 | U13: 264 | V13: 65 | W13: 149 | X13: 0 | Z13: Sitronel | AA13: 7000
A14: 43781 | B14: 63.16 | C14: 3.77 | D14: 5.79 | E14: 6 | F14: 2.24 | G14: 2.75 | H14: 2.4 | I14: 1.4 | J14: 1.89 | K14: 3.92 | L14: 0 | M14: 12368 | N14: 11147 | O14: 7085 | P14: 0 | Q14: =3523+3100+2293 -> 8916 | R14: 105 | S14: 39 | T14: 80 | U14: 270 | V14: 70 | W14: 143 | X14: 0 | Z14: Zez | AA14: 3300
A15: 43782 | B15: 68.43 | C15: 3.81 | D15: 5.85 | E15: 5.99 | F15: 2.19 | G15: 2.24 | H15: 2.08 | I15: 1.37 | J15: 1.79 | K15: 3.84 | L15: 13031 | M15: 5493 | N15: 0 | O15: 13473 | P15: 0 | Q15: =3511+1503+4200 -> 9214 | R15: 106 | S15: 53 | T15: 84 | U15: 274 | V15: 77 | W15: 141 | X15: 0 | AA15: Total | AB15: 10300
A16: 43783 | B16: 87.67 | C16: 3.73 | D16: 5.97 | E16: 5.82 | F16: 2 | G16: 2.53 | H16: 2.57 | I16: 1.42 | J16: 1.95 | K16: 3.88 | L16: 0 | M16: 13883 | N16: 8501 | O16: 9133 | P16: 0 | Q16: =3943+2253+3058 -> 9254 | R16: 122 | S16: 38 | T16: 102 | U16: 303 | V16: 72 | W16: 155 | X16: 0
A17: 43784 | B17: 87.67 | C17: 4.03 | D17: 5.85 | E17: 5.93 | F17: 1.97 | G17: 2.69 | H17: 2.71 | I17: 1.42 | J17: 1.78 | K17: 3.96 | L17: 8598 | M17: 9281 | N17: 3849 | O17: 8212 | P17: 0 | Q17: =2968+2527+1169+2266 -> 8930 | R17: 108 | S17: 39 | T17: 79 | U17: 340 | V17: 79 | W17: 128 | X17: 0
A18: 43785 | B18: 87.67 | C18: 3.79 | D18: 5.72 | E18: 6.08 | F18: 1.83 | G18: 2.43 | H18: 2.79 | I18: 1.17 | J18: 1.75 | K18: 3.61 | L18: 10937 | M18: 7713 | N18: 8607 | O18: 5092 | P18: 0 | Q18: =2960+2136+2359+1586 -> 9041 | R18: 119 | S18: 27 | T18: 83 | U18: 281 | V18: 67 | W18: 142 | X18: 0
A19: 43786 | B19: 80.82 | C19: 3.52 | D19: 5.37 | E19: 5.72 | F19: 1.64 | G19: 2.46 | H19: 2.58 | I19: 1.4 | J19: 1.8 | K19: 3.7 | L19: 0 | M19: 14649 | N19: 4007 | O19: 10602 | P19: 0 | Q19: =4135+1095+3553 -> 8783 | R19: 109 | S19: 39 | T19: 71 | U19: 248 | V19: 80 | W19: 140 | X19: 0
A20: 43787 | B20: 83.82 | C20: 3.52 | D20: 5.14 | E20: 5.92 | F20: 1.74 | G20: 2.41 | H20: 2.64 | I20: 1.4 | J20: 1.96 | K20: 3.86 | L20: 12964 | M20: 4365 | N20: 8505 | O20: 4705 | P20: 0 | Q20: =3494+1253+2365+1583 -> 8695 | R20: 138 | S20: 34 | T20: 71 | U20: 250 | V20: 82 | W20: 139 | X20: 0
A21: 43788 | B21: 80.26 | C21: 3.6 | D21: 5.5 | E21: 5.91 | F21: 1.86 | G21: 2.82 | H21: 2.38 | I21: 1.38 | J21: 1.83 | K21: 4.01 | L21: 6076 | M21: 8737 | N21: 5446 | O21: 10124 | P21: 0 | Q21: =1686+2498+1563+3396 -> 9143 | R21: 102 | S21: 37 | T21: 82 | U21: 279 | V21: 77 | W21: 137 | X21: 0
A22: 43789 | B22: 66.32 | C22: 3.77 | D22: 5.35 | E22: 5.85 | F22: 1.71 | G22: 2.46 | H22: 2.58 | I22: 1.34 | J22: 1.82 | K22: 3.75 | L22: 9292 | M22: 0 | N22: 10761 | O22: 9326 | P22: 0 | Q22: =2728+3174+2939 -> 8841 | R22: 80 | S22: 33 | T22: 70 | U22: 261 | V22: 66 | W22: 90 | X22: 0
A23: 43790 | B23: 67.37 | C23: 3.95 | D23: 5.36 | E23: 5.91 | F23: 1.77 | G23: 2.56 | H23: 2.31 | I23: 1.31 | J23: 1.94 | K23: 3.84 | L23: 4903 | M23: 8674 | N23: 8892 | O23: 7314 | P23: 0 | Q23: =1362+2466+2786+2456 -> 9070 | R23: 83 | S23: 43 | T23: 75 | U23: 260 | V23: 71 | W23: 116 | X23: 0
A24: 43791 | B24: 65.26 | C24: 4.19 | D24: 5.82 | E24: 5.76 | F24: 1.64 | G24: 2.7 | H24: 2.48 | I24: 1.39 | J24: 1.76 | K24: 3.97 | L24: 6826 | M24: 13927 | N24: 9225 | O24: 1175 | P24: 0 | Q24: =1838+3983+2516+439 -> 8776 | R24: 82 | S24: 36 | T24: 73 | U24: 254 | V24: 86 | W24: 181 | X24: 0
A25: 43792 | B25: 71.58 | C25: 4.07 | D25: 6.05 | E25: 6.05 | F25: 1.58 | G25: 2.61 | H25: 2.4 | I25: 1.25 | J25: 2 | K25: 3.8 | L25: 8227 | M25: 8159 | N25: 8649 | O25: 6414 | P25: 604 | Q25: =2210+2306+2388+2139+234 -> 9277 | R25: 82 | S25: 30 | T25: 82 | U25: 168 | V25: 72 | W25: 153 | X25: 0
A26: 43793 | B26: 67.37 | C26: 4.05 | D26: 5.88 | E26: 6.08 | F26: 1.76 | G26: 2.1 | H26: 2.44 | I26: 1.42 | J26: 1.98 | K26: 3.87 | L26: 7959 | M26: 4979 | N26: 9599 | O26: 8216 | P26: 0 | Q26: =2210+1430+2698+2728 -> 9066 | R26: 69 | S26: 53 | T26: 59 | U26: 254 | V26: 76 | W26: 155 | X26: 0
A27: 43794 | B27: 68.42 | C27: 3.38 | D27: 5.28 | E27: 5.73 | F27: 1.54 | G27: 2.14 | H27: 2.45 | I27: 1.43 | J27: 1.75 | K27: 4 | L27: 8012 | M27: 5363 | N27: 5209 | O27: 9327 | P27: 1560 | Q27: =2188+1576+1463+3100+432 -> 8759 | R27: 87 | S27: 22 | T27: 73 | U27: 106 | V27: 84 | W27: 62 | X27: 0
A28: 43795 | B28: 85.53 | C28: 3.27 | D28: 5.16 | E28: 5.43 | F28: 1.66 | G28: 2.5 | H28: 2.34 | I28: 1.43 | J28: 1.64 | K28: 3.99 | L28: 4357 | M28: 8753 | N28: 5871 | O28: 5578 | P28: 0 | Q28: =1156+2487+2123+1875 -> 7641 | R28: 80 | S28: 66 | T28: 59 | U28: 2 | V28: 66 | W28: 82 | X28: 0
A29: 43796 | B29: 78.95 | C29: 3.4 | D29: 5.47 | E29: 5.59 | F29: 1.79 | G29: 2.4 | H29: 2.51 | I29: 1.46 | J29: 1.76 | K29: 3.98 | L29: 10601 | M29: 4412 | N29: 4383 | O29: 10543 | P29: 0 | Q29: =2812+1270+1208+3415 -> 8705 | R29: 85 | S29: 20 | T29: 58 | U29: 0 | V29: 68 | W29: 167 | X29: 0
A30: 43797 | B30: 68.42 | C30: 3.29 | D30: 5.28 | E30: 5.53 | F30: 1.62 | G30: 2.4 | H30: 2.47 | I30: 1.42 | J30: 1.81 | K30: 4 | L30: 0 | M30: 14425 | N30: 14372 | O30: 0 | P30: 0 | Q30: =4090+3959 -> 8049 | R30: 90 | S30: 73 | T30: 61 | U30: 0 | V30: 69 | W30: 92 | X30: 0
A31: 43798 | B31: 89.47 | C31: 2.94 | D31: 5.07 | E31: 5.37 | F31: 1.83 | G31: 2.06 | H31: 2.34 | I31: 1.43 | J31: 1.83 | K31: 3.92 | L31: 9809 | M31: 4376 | N31: 0 | O31: 13958 | P31: 0 | Q31: =2626+1263+4566 -> 8455 | R31: 86 | S31: 16 | T31: 73 | U31: 0 | V31: 85 | W31: 156 | X31: 0
A32: 43799 | B32: 85.53 | C32: 2.85 | D32: 5.16 | E32: 5.42 | F32: 1.93 | G32: 2.19 | H32: 2.14 | I32: 1.47 | J32: 1.72 | K32: 3.79 | L32: 2726 | M32: 10400 | N32: 12948 | O32: 0 | P32: 0 | Q32: =647+2909+3519 -> 7075 | R32: 85 | S32: 84 | T32: 82 | U32: 1 | V32: 64 | W32: 112 | X32: 0
