Workbook

Sheet Total Daily 
A1: Site Name | B1: Day | C1: Month | D1: Year | E1: Total Electricity Kwh | F1: Electricity Tariff ($/Kwh) | G1: LPG (Kg) | H1: LPG $/Kg | I1: District Energy Cooling Kwh | J1: District Energy Cooling $/Kwh | K1: Water Utility Supply (m3) m3 | L1: Water Utility Supply (m3) m3 | M1: Water Utility Supply (m3) $/m3 | N1: Room Nights
A2: Dubai DIFC | B2: 1 | C2: 12 | D2: 2019 | E2: ='12 - 2019'!B7-'12 - 2019'!B6+'12 - 2019'!C7-'12 - 2019'!C6 -> 8411.7 | F2: 0.118 | G2: =(('12 - 2019'!E7-'12 - 2019'!E6)+('12 - 2019'!F7-'12 - 2019'!F6)+('12 - 2019'!G7-'12 - 2019'!G6))*1.81 -> 107.8036 | H2: 0.99 | I2: ='12 - 2019'!J7-'12 - 2019'!J6 -> 16415 | J2: 0.081 | K2: ='12 - 2019'!H7-'12 - 2019'!H6 -> 0 | L2: ='12 - 2019'!I7-'12 - 2019'!I6 -> 91 | M2: 4.3936294 | N2: 54
A3: Dubai DIFC | B3: =B2+1 -> 2 | C3: 12 | D3: 2019 | E3: ='12 - 2019'!B8-'12 - 2019'!B7+'12 - 2019'!C8-'12 - 2019'!C7 -> 8636.4 | F3: 0.118 | G3: =(('12 - 2019'!E8-'12 - 2019'!E7)+('12 - 2019'!F8-'12 - 2019'!F7)+('12 - 2019'!G8-'12 - 2019'!G7))*1.81 -> 102.1745 | H3: 0.99 | I3: ='12 - 2019'!J8-'12 - 2019'!J7 -> 12112 | J3: 0.081 | K3: ='12 - 2019'!H8-'12 - 2019'!H7 -> 0 | L3: ='12 - 2019'!I8-'12 - 2019'!I7 -> 73 | M3: 4.3936294 | N3: 34
A4: Dubai DIFC | B4: =B3+1 -> 3 | C4: 12 | D4: 2019 | E4: ='12 - 2019'!B9-'12 - 2019'!B8+'12 - 2019'!C9-'12 - 2019'!C8 -> 9552 | F4: 0.118 | G4: =(('12 - 2019'!E9-'12 - 2019'!E8)+('12 - 2019'!F9-'12 - 2019'!F8)+('12 - 2019'!G9-'12 - 2019'!G8))*1.81 -> 117.65 | H4: 0.99 | I4: ='12 - 2019'!J9-'12 - 2019'!J8 -> 14442 | J4: 0.081 | K4: ='12 - 2019'!H9-'12 - 2019'!H8 -> 0 | L4: ='12 - 2019'!I9-'12 - 2019'!I8 -> 90 | M4: 4.3936294 | N4: 49
A5: Dubai DIFC | B5: =B4+1 -> 4 | C5: 12 | D5: 2019 | E5: ='12 - 2019'!B10-'12 - 2019'!B9+'12 - 2019'!C10-'12 - 2019'!C9 -> 9682 | F5: 0.118 | G5: =(('12 - 2019'!E10-'12 - 2019'!E9)+('12 - 2019'!F10-'12 - 2019'!F9)+('12 - 2019'!G10-'12 - 2019'!G9))*1.81 -> 128.51 | H5: 0.99 | I5: ='12 - 2019'!J10-'12 - 2019'!J9 -> 14694 | J5: 0.081 | K5: ='12 - 2019'!H10-'12 - 2019'!H9 -> 0 | L5: ='12 - 2019'!I10-'12 - 2019'!I9 -> 113 | M5: 4.3936294 | N5: 66
A6: Dubai DIFC | B6: =B5+1 -> 5 | C6: 12 | D6: 2019 | E6: ='12 - 2019'!B11-'12 - 2019'!B10+'12 - 2019'!C11-'12 - 2019'!C10 -> 10085 | F6: 0.118 | G6: =(('12 - 2019'!E11-'12 - 2019'!E10)+('12 - 2019'!F11-'12 - 2019'!F10)+('12 - 2019'!G11-'12 - 2019'!G10))*1.81 -> 120.6003 | H6: 0.99 | I6: ='12 - 2019'!J11-'12 - 2019'!J10 -> 16488 | J6: 0.081 | K6: ='12 - 2019'!H11-'12 - 2019'!H10 -> 0 | L6: ='12 - 2019'!I11-'12 - 2019'!I10 -> 106 | M6: 4.3936294 | N6: 83
A7: Dubai DIFC | B7: =B6+1 -> 6 | C7: 12 | D7: 2019 | E7: ='12 - 2019'!B12-'12 - 2019'!B11+'12 - 2019'!C12-'12 - 2019'!C11 -> 9966 | F7: 0.118 | G7: =(('12 - 2019'!E12-'12 - 2019'!E11)+('12 - 2019'!F12-'12 - 2019'!F11)+('12 - 2019'!G12-'12 - 2019'!G11))*1.81 -> 139.8225 | H7: 0.99 | I7: ='12 - 2019'!J12-'12 - 2019'!J11 -> 16337 | J7: 0.081 | K7: ='12 - 2019'!H12-'12 - 2019'!H11 -> 0 | L7: ='12 - 2019'!I12-'12 - 2019'!I11 -> 114 | M7: 4.3936294 | N7: 102
A8: Dubai DIFC | B8: =B7+1 -> 7 | C8: 12 | D8: 2019 | E8: ='12 - 2019'!B13-'12 - 2019'!B12+'12 - 2019'!C13-'12 - 2019'!C12 -> 10310 | F8: 0.118 | G8: =(('12 - 2019'!E13-'12 - 2019'!E12)+('12 - 2019'!F13-'12 - 2019'!F12)+('12 - 2019'!G13-'12 - 2019'!G12))*1.81 -> 130.7544 | H8: 0.99 | I8: ='12 - 2019'!J13-'12 - 2019'!J12 -> 16351 | J8: 0.081 | K8: ='12 - 2019'!H13-'12 - 2019'!H12 -> 0 | L8: ='12 - 2019'!I13-'12 - 2019'!I12 -> 105 | M8: 4.3936294 | N8: 83
A9: Dubai DIFC | B9: =B8+1 -> 8 | C9: 12 | D9: 2019 | E9: ='12 - 2019'!B14-'12 - 2019'!B13+'12 - 2019'!C14-'12 - 2019'!C13 -> 9389 | F9: 0.118 | G9: =(('12 - 2019'!E14-'12 - 2019'!E13)+('12 - 2019'!F14-'12 - 2019'!F13)+('12 - 2019'!G14-'12 - 2019'!G13))*1.81 -> 122.0121 | H9: 0.99 | I9: ='12 - 2019'!J14-'12 - 2019'!J13 -> 15517 | J9: 0.081 | K9: ='12 - 2019'!H14-'12 - 2019'!H13 -> 0 | L9: ='12 - 2019'!I14-'12 - 2019'!I13 -> 107 | M9: 4.3936294 | N9: 88
A10: Dubai DIFC | B10: =B9+1 -> 9 | C10: 12 | D10: 2019 | E10: ='12 - 2019'!B15-'12 - 2019'!B14+'12 - 2019'!C15-'12 - 2019'!C14 -> 9733 | F10: 0.118 | G10: =(('12 - 2019'!E15-'12 - 2019'!E14)+('12 - 2019'!F15-'12 - 2019'!F14)+('12 - 2019'!G15-'12 - 2019'!G14))*1.81 -> 142.4108 | H10: 0.99 | I10: ='12 - 2019'!J15-'12 - 2019'!J14 -> 15484 | J10: 0.081 | K10: ='12 - 2019'!H15-'12 - 2019'!H14 -> 0 | L10: ='12 - 2019'!I15-'12 - 2019'!I14 -> 123 | M10: 4.3936294 | N10: 78
A11: Dubai DIFC | B11: =B10+1 -> 10 | C11: 12 | D11: 2019 | E11: ='12 - 2019'!B16-'12 - 2019'!B15+'12 - 2019'!C16-'12 - 2019'!C15 -> 9656 | F11: 0.118 | G11: =(('12 - 2019'!E16-'12 - 2019'!E15)+('12 - 2019'!F16-'12 - 2019'!F15)+('12 - 2019'!G16-'12 - 2019'!G15))*1.81 -> 121.5958 | H11: 0.99 | I11: ='12 - 2019'!J16-'12 - 2019'!J15 -> 16051 | J11: 0.081 | K11: ='12 - 2019'!H16-'12 - 2019'!H15 -> 0 | L11: ='12 - 2019'!I16-'12 - 2019'!I15 -> 128 | M11: 4.3936294 | N11: 95
A12: Dubai DIFC | B12: =B11+1 -> 11 | C12: 12 | D12: 2019 | E12: ='12 - 2019'!B17-'12 - 2019'!B16+'12 - 2019'!C17-'12 - 2019'!C16 -> 10753 | F12: 0.118 | G12: =(('12 - 2019'!E17-'12 - 2019'!E16)+('12 - 2019'!F17-'12 - 2019'!F16)+('12 - 2019'!G17-'12 - 2019'!G16))*1.81 -> 141.3429 | H12: 0.99 | I12: ='12 - 2019'!J17-'12 - 2019'!J16 -> 17440 | J12: 0.081 | K12: ='12 - 2019'!H17-'12 - 2019'!H16 -> 0 | L12: ='12 - 2019'!I17-'12 - 2019'!I16 -> 109 | M12: 4.3936294 | N12: 93
A13: Dubai DIFC | B13: =B12+1 -> 12 | C13: 12 | D13: 2019 | E13: ='12 - 2019'!B18-'12 - 2019'!B17+'12 - 2019'!C18-'12 - 2019'!C17 -> 10608 | F13: 0.118 | G13: =(('12 - 2019'!E18-'12 - 2019'!E17)+('12 - 2019'!F18-'12 - 2019'!F17)+('12 - 2019'!G18-'12 - 2019'!G17))*1.81 -> 139.1528 | H13: 0.99 | I13: ='12 - 2019'!J18-'12 - 2019'!J17 -> 17771 | J13: 0.081 | K13: ='12 - 2019'!H18-'12 - 2019'!H17 -> 0 | L13: ='12 - 2019'!I18-'12 - 2019'!I17 -> 112 | M13: 4.3936294 | N13: 104
A14: Dubai DIFC | B14: =B13+1 -> 13 | C14: 12 | D14: 2019 | E14: ='12 - 2019'!B19-'12 - 2019'!B18+'12 - 2019'!C19-'12 - 2019'!C18 -> 10418 | F14: 0.118 | G14: =(('12 - 2019'!E19-'12 - 2019'!E18)+('12 - 2019'!F19-'12 - 2019'!F18)+('12 - 2019'!G19-'12 - 2019'!G18))*1.81 -> 141.0895 | H14: 0.99 | I14: ='12 - 2019'!J19-'12 - 2019'!J18 -> 15426 | J14: 0.081 | K14: ='12 - 2019'!H19-'12 - 2019'!H18 -> 0 | L14: ='12 - 2019'!I19-'12 - 2019'!I18 -> 109 | M14: 4.3936294 | N14: 97
... A17: Dubai DIFC | B17: =B16+1 -> 16 | C17: 12 | D17: 2019 | E17: ='12 - 2019'!B22-'12 - 2019'!B21+'12 - 2019'!C22-'12 - 2019'!C21 -> 9283 | F17: 0.118 | G17: =(('12 - 2019'!E22-'12 - 2019'!E21)+('12 - 2019'!F22-'12 - 2019'!F21)+('12 - 2019'!G22-'12 - 2019'!G21))*1.81 -> 96.3644 | H17: 0.99 | I17: ='12 - 2019'!J22-'12 - 2019'!J21 -> 11486 | J17: 0.081 | K17: ='12 - 2019'!H22-'12 - 2019'!H21 -> 0 | L17: ='12 - 2019'!I22-'12 - 2019'!I21 -> 77 | M17: 4.3936294 | N17: 66
A18: Dubai DIFC | B18: =B17+1 -> 17 | C18: 12 | D18: 2019 | E18: 0 | F18: 0.118 | G18: 0 | H18: 0.99 | I18: 0 | J18: 0.081 | K18: 0 | L18: 0 | M18: 4.3936294
A19: Dubai DIFC | B19: =B18+1 -> 18 | C19: 12 | D19: 2019 | E19: ='12 - 2019'!B24-'12 - 2019'!B23+'12 - 2019'!C24-'12 - 2019'!C23 -> 0 | F19: 0.118 | G19: =(('12 - 2019'!E24-'12 - 2019'!E23)+('12 - 2019'!F24-'12 - 2019'!F23)+('12 - 2019'!G24-'12 - 2019'!G23))*1.81 -> 0 | H19: 0.99 | I19: ='12 - 2019'!J24-'12 - 2019'!J23 -> 0 | J19: 0.081 | K19: ='12 - 2019'!H24-'12 - 2019'!H23 -> 0 | L19: ='12 - 2019'!I24-'12 - 2019'!I23 -> 0 | M19: 4.3936294
A20: Dubai DIFC | B20: =B19+1 -> 19 | C20: 12 | D20: 2019 | E20: ='12 - 2019'!B25-'12 - 2019'!B24+'12 - 2019'!C25-'12 - 2019'!C24 -> 0 | F20: 0.118 | G20: =(('12 - 2019'!E25-'12 - 2019'!E24)+('12 - 2019'!F25-'12 - 2019'!F24)+('12 - 2019'!G25-'12 - 2019'!G24))*1.81 -> 0 | H20: 0.99 | I20: ='12 - 2019'!J25-'12 - 2019'!J24 -> 0 | J20: 0.081 | K20: ='12 - 2019'!H25-'12 - 2019'!H24 -> 0 | L20: ='12 - 2019'!I25-'12 - 2019'!I24 -> 0 | M20: 4.3936294
A21: Dubai DIFC | B21: =B20+1 -> 20 | C21: 12 | D21: 2019 | E21: ='12 - 2019'!B26-'12 - 2019'!B25+'12 - 2019'!C26-'12 - 2019'!C25 -> 0 | F21: 0.118 | G21: =(('12 - 2019'!E26-'12 - 2019'!E25)+('12 - 2019'!F26-'12 - 2019'!F25)+('12 - 2019'!G26-'12 - 2019'!G25))*1.81 -> 0 | H21: 0.99 | I21: ='12 - 2019'!J26-'12 - 2019'!J25 -> 0 | J21: 0.081 | K21: ='12 - 2019'!H26-'12 - 2019'!H25 -> 0 | L21: ='12 - 2019'!I26-'12 - 2019'!I25 -> 0 | M21: 4.3936294
A22: Dubai DIFC | B22: =B21+1 -> 21 | C22: 12 | D22: 2019 | E22: ='12 - 2019'!B27-'12 - 2019'!B26+'12 - 2019'!C27-'12 - 2019'!C26 -> 0 | F22: 0.118 | G22: =(('12 - 2019'!E27-'12 - 2019'!E26)+('12 - 2019'!F27-'12 - 2019'!F26)+('12 - 2019'!G27-'12 - 2019'!G26))*1.81 -> 0 | H22: 0.99 | I22: ='12 - 2019'!J27-'12 - 2019'!J26 -> 0 | J22: 0.081 | K22: ='12 - 2019'!H27-'12 - 2019'!H26 -> 0 | L22: ='12 - 2019'!I27-'12 - 2019'!I26 -> 0 | M22: 4.3936294
A23: Dubai DIFC | B23: =B22+1 -> 22 | C23: 12 | D23: 2019 | E23: ='12 - 2019'!B28-'12 - 2019'!B27+'12 - 2019'!C28-'12 - 2019'!C27 -> 0 | F23: 0.118 | G23: =(('12 - 2019'!E28-'12 - 2019'!E27)+('12 - 2019'!F28-'12 - 2019'!F27)+('12 - 2019'!G28-'12 - 2019'!G27))*1.81 -> 0 | H23: 0.99 | I23: ='12 - 2019'!J28-'12 - 2019'!J27 -> 0 | J23: 0.081 | K23: ='12 - 2019'!H28-'12 - 2019'!H27 -> 0 | L23: ='12 - 2019'!I28-'12 - 2019'!I27 -> 0 | M23: 4.3936294
A24: Dubai DIFC | B24: =B23+1 -> 23 | C24: 12 | D24: 2019 | E24: ='12 - 2019'!B29-'12 - 2019'!B28+'12 - 2019'!C29-'12 - 2019'!C28 -> 0 | F24: 0.118 | G24: =(('12 - 2019'!E29-'12 - 2019'!E28)+('12 - 2019'!F29-'12 - 2019'!F28)+('12 - 2019'!G29-'12 - 2019'!G28))*1.81 -> 0 | H24: 0.99 | I24: ='12 - 2019'!J29-'12 - 2019'!J28 -> 0 | J24: 0.081 | K24: ='12 - 2019'!H29-'12 - 2019'!H28 -> 0 | L24: ='12 - 2019'!I29-'12 - 2019'!I28 -> 0 | M24: 4.3936294
A25: Dubai DIFC | B25: =B24+1 -> 24 | C25: 12 | D25: 2019 | E25: ='12 - 2019'!B30-'12 - 2019'!B29+'12 - 2019'!C30-'12 - 2019'!C29 -> 0 | F25: 0.118 | G25: =(('12 - 2019'!E30-'12 - 2019'!E29)+('12 - 2019'!F30-'12 - 2019'!F29)+('12 - 2019'!G30-'12 - 2019'!G29))*1.81 -> 0 | H25: 0.99 | I25: ='12 - 2019'!J30-'12 - 2019'!J29 -> 0 | J25: 0.081 | K25: ='12 - 2019'!H30-'12 - 2019'!H29 -> 0 | L25: ='12 - 2019'!I30-'12 - 2019'!I29 -> 0 | M25: 4.3936294
A26: Dubai DIFC | B26: =B25+1 -> 25 | C26: 12 | D26: 2019 | E26: ='12 - 2019'!B31-'12 - 2019'!B30+'12 - 2019'!C31-'12 - 2019'!C30 -> 0 | F26: 0.118 | G26: =(('12 - 2019'!E31-'12 - 2019'!E30)+('12 - 2019'!F31-'12 - 2019'!F30)+('12 - 2019'!G31-'12 - 2019'!G30))*1.81 -> 0 | H26: 0.99 | I26: ='12 - 2019'!J31-'12 - 2019'!J30 -> 0 | J26: 0.081 | K26: ='12 - 2019'!H31-'12 - 2019'!H30 -> 0 | L26: ='12 - 2019'!I31-'12 - 2019'!I30 -> 0 | M26: 4.3936294
A27: Dubai DIFC | B27: =B26+1 -> 26 | C27: 12 | D27: 2019 | E27: ='12 - 2019'!B32-'12 - 2019'!B31+'12 - 2019'!C32-'12 - 2019'!C31 -> 0 | F27: 0.118 | G27: =(('12 - 2019'!E32-'12 - 2019'!E31)+('12 - 2019'!F32-'12 - 2019'!F31)+('12 - 2019'!G32-'12 - 2019'!G31))*1.81 -> 0 | H27: 0.99 | I27: ='12 - 2019'!J32-'12 - 2019'!J31 -> 0 | J27: 0.081 | K27: ='12 - 2019'!H32-'12 - 2019'!H31 -> 0 | L27: ='12 - 2019'!I32-'12 - 2019'!I31 -> 0 | M27: 4.3936294
A28: Dubai DIFC | B28: =B27+1 -> 27 | C28: 12 | D28: 2019 | E28: ='12 - 2019'!B33-'12 - 2019'!B32+'12 - 2019'!C33-'12 - 2019'!C32 -> 0 | F28: 0.118 | G28: =(('12 - 2019'!E33-'12 - 2019'!E32)+('12 - 2019'!F33-'12 - 2019'!F32)+('12 - 2019'!G33-'12 - 2019'!G32))*1.81 -> 0 | H28: 0.99 | I28: ='12 - 2019'!J33-'12 - 2019'!J32 -> 0 | J28: 0.081 | K28: ='12 - 2019'!H33-'12 - 2019'!H32 -> 0 | L28: ='12 - 2019'!I33-'12 - 2019'!I32 -> 0 | M28: 4.3936294
A29: Dubai DIFC | B29: =B28+1 -> 28 | C29: 12 | D29: 2019 | E29: ='12 - 2019'!B34-'12 - 2019'!B33+'12 - 2019'!C34-'12 - 2019'!C33 -> 0 | F29: 0.118 | G29: =(('12 - 2019'!E34-'12 - 2019'!E33)+('12 - 2019'!F34-'12 - 2019'!F33)+('12 - 2019'!G34-'12 - 2019'!G33))*1.81 -> 0 | H29: 0.99 | I29: ='12 - 2019'!J34-'12 - 2019'!J33 -> 0 | J29: 0.081 | K29: ='12 - 2019'!H34-'12 - 2019'!H33 -> 0 | L29: ='12 - 2019'!I34-'12 - 2019'!I33 -> 0 | M29: 4.3936294
A30: Dubai DIFC | B30: =B29+1 -> 29 | C30: 12 | D30: 2019 | E30: 0 | F30: 0.118 | G30: 0 | H30: 0.99 | I30: 0 | J30: 0.081 | K30: 0 | L30: 0 | M30: 4.3936294
A31: Dubai DIFC | B31: =B30+1 -> 30 | C31: 12 | D31: 2019 | E31: ='12 - 2019'!B36-'12 - 2019'!B35+'12 - 2019'!C36-'12 - 2019'!C35 -> 0 | F31: 0.118 | G31: =(('12 - 2019'!E36-'12 - 2019'!E35)+('12 - 2019'!F36-'12 - 2019'!F35)+('12 - 2019'!G36-'12 - 2019'!G35))*1.81 -> 0 | H31: 0.99 | I31: ='12 - 2019'!J36-'12 - 2019'!J35 -> 0 | J31: 0.081 | K31: ='12 - 2019'!H36-'12 - 2019'!H35 -> 0 | L31: ='12 - 2019'!I36-'12 - 2019'!I35 -> 0 | M31: 4.3936294
A32: Dubai DIFC | B32: 31 | C32: 12 | D32: 2019 | E32: 0 | F32: 0.118 | G32: 0 | H32: 0.99 | I32: 0 | J32: 0.081 | K32: 0 | L32: 0 | M32: 4.3936294

Sheet Submetering Daily 
A1: Site Name | B1: Day | C1: Month | D1: Year | E1: Panel LV1 Kwh | F1: Panel LV2 Kwh | G1: Electricity Tariff ($/Kwh) | H1: Main Kitchen LPG (Kg) | I1: Podium Kitchen LPG (Kg) | J1: Boiler LPG (Kg) | K1: LPG $/Kg | L1: Room Nights
A2: Dubai DIFC | B2: 1 | C2: 12 | D2: 2019 | E2: ='12 - 2019'!B7-'12 - 2019'!B6 -> 3251 | F2: ='12 - 2019'!C7-'12 - 2019'!C6 -> 5160.7 | G2: 0.118 | H2: ='12 - 2019'!E7-'12 - 2019'!E6 -> 23.7 | I2: ='12 - 2019'!F7-'12 - 2019'!F6 -> 4.94 | J2: ='12 - 2019'!G7-'12 - 2019'!G6 -> 30.92 | K2: 0.74 | L2: 54
A3: Dubai DIFC | B3: =B2+1 -> 2 | C3: 12 | D3: 2019 | E3: ='12 - 2019'!B8-'12 - 2019'!B7 -> 3308 | F3: ='12 - 2019'!C8-'12 - 2019'!C7 -> 5328.4 | G3: 0.118 | H3: ='12 - 2019'!E8-'12 - 2019'!E7 -> 21.3 | I3: ='12 - 2019'!F8-'12 - 2019'!F7 -> 4.88 | J3: ='12 - 2019'!G8-'12 - 2019'!G7 -> 30.27 | K3: 0.74 | L3: 34
A4: Dubai DIFC | B4: =B3+1 -> 3 | C4: 12 | D4: 2019 | E4: ='12 - 2019'!B9-'12 - 2019'!B8 -> 3661 | F4: ='12 - 2019'!C9-'12 - 2019'!C8 -> 5891 | G4: 0.118 | H4: ='12 - 2019'!E9-'12 - 2019'!E8 -> 27 | I4: ='12 - 2019'!F9-'12 - 2019'!F8 -> 4 | J4: ='12 - 2019'!G9-'12 - 2019'!G8 -> 34 | K4: 0.74 | L4: 49
A5: Dubai DIFC | B5: =B4+1 -> 4 | C5: 12 | D5: 2019 | E5: ='12 - 2019'!B10-'12 - 2019'!B9 -> 3709 | F5: ='12 - 2019'!C10-'12 - 2019'!C9 -> 5973 | G5: 0.118 | H5: ='12 - 2019'!E10-'12 - 2019'!E9 -> 28 | I5: ='12 - 2019'!F10-'12 - 2019'!F9 -> 6 | J5: ='12 - 2019'!G10-'12 - 2019'!G9 -> 37 | K5: 0.74 | L5: 66
A6: Dubai DIFC | B6: =B5+1 -> 5 | C6: 12 | D6: 2019 | E6: ='12 - 2019'!B11-'12 - 2019'!B10 -> 3793 | F6: ='12 - 2019'!C11-'12 - 2019'!C10 -> 6292 | G6: 0.118 | H6: ='12 - 2019'!E11-'12 - 2019'!E10 -> 26.63 | I6: ='12 - 2019'!F11-'12 - 2019'!F10 -> 4 | J6: ='12 - 2019'!G11-'12 - 2019'!G10 -> 36 | K6: 0.74 | L6: 83
A7: Dubai DIFC | B7: =B6+1 -> 6 | C7: 12 | D7: 2019 | E7: ='12 - 2019'!B12-'12 - 2019'!B11 -> 3844 | F7: ='12 - 2019'!C12-'12 - 2019'!C11 -> 6122 | G7: 0.118 | H7: ='12 - 2019'!E12-'12 - 2019'!E11 -> 27.16 | I7: ='12 - 2019'!F12-'12 - 2019'!F11 -> 6.09 | J7: ='12 - 2019'!G12-'12 - 2019'!G11 -> 44 | K7: 0.74 | L7: 102
A8: Dubai DIFC | B8: =B7+1 -> 7 | C8: 12 | D8: 2019 | E8: ='12 - 2019'!B13-'12 - 2019'!B12 -> 3713 | F8: ='12 - 2019'!C13-'12 - 2019'!C12 -> 6597 | G8: 0.118 | H8: ='12 - 2019'!E13-'12 - 2019'!E12 -> 25.87 | I8: ='12 - 2019'!F13-'12 - 2019'!F12 -> 5.37 | J8: ='12 - 2019'!G13-'12 - 2019'!G12 -> 41 | K8: 0.74 | L8: 83
A9: Dubai DIFC | B9: =B8+1 -> 8 | C9: 12 | D9: 2019 | E9: ='12 - 2019'!B14-'12 - 2019'!B13 -> 3721 | F9: ='12 - 2019'!C14-'12 - 2019'!C13 -> 5668 | G9: 0.118 | H9: ='12 - 2019'!E14-'12 - 2019'!E13 -> 26.08 | I9: ='12 - 2019'!F14-'12 - 2019'!F13 -> 4.33 | J9: ='12 - 2019'!G14-'12 - 2019'!G13 -> 37 | K9: 0.74 | L9: 88
A10: Dubai DIFC | B10: =B9+1 -> 9 | C10: 12 | D10: 2019 | E10: ='12 - 2019'!B15-'12 - 2019'!B14 -> 3658 | F10: ='12 - 2019'!C15-'12 - 2019'!C14 -> 6075 | G10: 0.118 | H10: ='12 - 2019'!E15-'12 - 2019'!E14 -> 31.32 | I10: ='12 - 2019'!F15-'12 - 2019'!F14 -> 6.82 | J10: ='12 - 2019'!G15-'12 - 2019'!G14 -> 40.54 | K10: 0.74 | L10: 78
A11: Dubai DIFC | B11: =B10+1 -> 10 | C11: 12 | D11: 2019 | E11: ='12 - 2019'!B16-'12 - 2019'!B15 -> 3654 | F11: ='12 - 2019'!C16-'12 - 2019'!C15 -> 6002 | G11: 0.118 | H11: ='12 - 2019'!E16-'12 - 2019'!E15 -> 22.26 | I11: ='12 - 2019'!F16-'12 - 2019'!F15 -> 5.46 | J11: ='12 - 2019'!G16-'12 - 2019'!G15 -> 39.46 | K11: 0.74 | L11: 95
A12: Dubai DIFC | B12: =B11+1 -> 11 | C12: 12 | D12: 2019 | E12: ='12 - 2019'!B17-'12 - 2019'!B16 -> 4016 | F12: ='12 - 2019'!C17-'12 - 2019'!C16 -> 6737 | G12: 0.118 | H12: ='12 - 2019'!E17-'12 - 2019'!E16 -> 28.68 | I12: ='12 - 2019'!F17-'12 - 2019'!F16 -> 6.41 | J12: ='12 - 2019'!G17-'12 - 2019'!G16 -> 43 | K12: 0.74 | L12: 93
A13: Dubai DIFC | B13: =B12+1 -> 12 | C13: 12 | D13: 2019 | E13: ='12 - 2019'!B18-'12 - 2019'!B17 -> 4013 | F13: ='12 - 2019'!C18-'12 - 2019'!C17 -> 6595 | G13: 0.118 | H13: ='12 - 2019'!E18-'12 - 2019'!E17 -> 27.1 | I13: ='12 - 2019'!F18-'12 - 2019'!F17 -> 5.78 | J13: ='12 - 2019'!G18-'12 - 2019'!G17 -> 44 | K13: 0.74 | L13: 104
A14: Dubai DIFC | B14: =B13+1 -> 13 | C14: 12 | D14: 2019 | E14: ='12 - 2019'!B19-'12 - 2019'!B18 -> 4018 | F14: ='12 - 2019'!C19-'12 - 2019'!C18 -> 6400 | G14: 0.118 | H14: ='12 - 2019'!E19-'12 - 2019'!E18 -> 29.08 | I14: ='12 - 2019'!F19-'12 - 2019'!F18 -> 6.26 | J14: ='12 - 2019'!G19-'12 - 2019'!G18 -> 42.61 | K14: 0.74 | L14: 93
... A17: Dubai DIFC | B17: =B16+1 -> 16 | C17: 12 | D17: 2019 | E17: ='12 - 2019'!B22-'12 - 2019'!B21 -> 3469 | F17: ='12 - 2019'!C22-'12 - 2019'!C21 -> 5814 | G17: 0.118 | H17: ='12 - 2019'!E22-'12 - 2019'!E21 -> 23.8 | I17: ='12 - 2019'!F22-'12 - 2019'!F21 -> 3.71 | J17: ='12 - 2019'!G22-'12 - 2019'!G21 -> 25.73 | K17: 0.74 | L17: 66
A18: Dubai DIFC | B18: =B17+1 -> 17 | C18: 12 | D18: 2019 | E18: 0 | F18: 0 | G18: 0.118 | H18: 0 | I18: 0 | J18: 0 | K18: 0.74
A19: Dubai DIFC | B19: =B18+1 -> 18 | C19: 12 | D19: 2019 | E19: ='12 - 2019'!B24-'12 - 2019'!B23 -> 0 | F19: ='12 - 2019'!C24-'12 - 2019'!C23 -> 0 | G19: 0.118 | H19: ='12 - 2019'!E24-'12 - 2019'!E23 -> 0 | I19: ='12 - 2019'!F24-'12 - 2019'!F23 -> 0 | J19: ='12 - 2019'!G24-'12 - 2019'!G23 -> 0 | K19: 0.74
A20: Dubai DIFC | B20: =B19+1 -> 19 | C20: 12 | D20: 2019 | E20: ='12 - 2019'!B25-'12 - 2019'!B24 -> 0 | F20: ='12 - 2019'!C25-'12 - 2019'!C24 -> 0 | G20: 0.118 | H20: ='12 - 2019'!E25-'12 - 2019'!E24 -> 0 | I20: ='12 - 2019'!F25-'12 - 2019'!F24 -> 0 | J20: ='12 - 2019'!G25-'12 - 2019'!G24 -> 0 | K20: 0.74
A21: Dubai DIFC | B21: =B20+1 -> 20 | C21: 12 | D21: 2019 | E21: ='12 - 2019'!B26-'12 - 2019'!B25 -> 0 | F21: ='12 - 2019'!C26-'12 - 2019'!C25 -> 0 | G21: 0.118 | H21: ='12 - 2019'!E26-'12 - 2019'!E25 -> 0 | I21: ='12 - 2019'!F26-'12 - 2019'!F25 -> 0 | J21: ='12 - 2019'!G26-'12 - 2019'!G25 -> 0 | K21: 0.74
A22: Dubai DIFC | B22: =B21+1 -> 21 | C22: 12 | D22: 2019 | E22: ='12 - 2019'!B27-'12 - 2019'!B26 -> 0 | F22: ='12 - 2019'!C27-'12 - 2019'!C26 -> 0 | G22: 0.118 | H22: ='12 - 2019'!E27-'12 - 2019'!E26 -> 0 | I22: ='12 - 2019'!F27-'12 - 2019'!F26 -> 0 | J22: ='12 - 2019'!G27-'12 - 2019'!G26 -> 0 | K22: 0.74
A23: Dubai DIFC | B23: =B22+1 -> 22 | C23: 12 | D23: 2019 | E23: ='12 - 2019'!B28-'12 - 2019'!B27 -> 0 | F23: ='12 - 2019'!C28-'12 - 2019'!C27 -> 0 | G23: 0.118 | H23: ='12 - 2019'!E28-'12 - 2019'!E27 -> 0 | I23: ='12 - 2019'!F28-'12 - 2019'!F27 -> 0 | J23: ='12 - 2019'!G28-'12 - 2019'!G27 -> 0 | K23: 0.74
A24: Dubai DIFC | B24: =B23+1 -> 23 | C24: 12 | D24: 2019 | E24: ='12 - 2019'!B29-'12 - 2019'!B28 -> 0 | F24: ='12 - 2019'!C29-'12 - 2019'!C28 -> 0 | G24: 0.118 | H24: ='12 - 2019'!E29-'12 - 2019'!E28 -> 0 | I24: ='12 - 2019'!F29-'12 - 2019'!F28 -> 0 | J24: ='12 - 2019'!G29-'12 - 2019'!G28 -> 0 | K24: 0.74
A25: Dubai DIFC | B25: =B24+1 -> 24 | C25: 12 | D25: 2019 | E25: ='12 - 2019'!B30-'12 - 2019'!B29 -> 0 | F25: ='12 - 2019'!C30-'12 - 2019'!C29 -> 0 | G25: 0.118 | H25: ='12 - 2019'!E30-'12 - 2019'!E29 -> 0 | I25: ='12 - 2019'!F30-'12 - 2019'!F29 -> 0 | J25: ='12 - 2019'!G30-'12 - 2019'!G29 -> 0 | K25: 0.74
A26: Dubai DIFC | B26: =B25+1 -> 25 | C26: 12 | D26: 2019 | E26: ='12 - 2019'!B31-'12 - 2019'!B30 -> 0 | F26: ='12 - 2019'!C31-'12 - 2019'!C30 -> 0 | G26: 0.118 | H26: ='12 - 2019'!E31-'12 - 2019'!E30 -> 0 | I26: ='12 - 2019'!F31-'12 - 2019'!F30 -> 0 | J26: ='12 - 2019'!G31-'12 - 2019'!G30 -> 0 | K26: 0.74
A27: Dubai DIFC | B27: =B26+1 -> 26 | C27: 12 | D27: 2019 | E27: ='12 - 2019'!B32-'12 - 2019'!B31 -> 0 | F27: ='12 - 2019'!C32-'12 - 2019'!C31 -> 0 | G27: 0.118 | H27: ='12 - 2019'!E32-'12 - 2019'!E31 -> 0 | I27: ='12 - 2019'!F32-'12 - 2019'!F31 -> 0 | J27: ='12 - 2019'!G32-'12 - 2019'!G31 -> 0 | K27: 0.74
A28: Dubai DIFC | B28: =B27+1 -> 27 | C28: 12 | D28: 2019 | E28: ='12 - 2019'!B33-'12 - 2019'!B32 -> 0 | F28: ='12 - 2019'!C33-'12 - 2019'!C32 -> 0 | G28: 0.118 | H28: ='12 - 2019'!E33-'12 - 2019'!E32 -> 0 | I28: ='12 - 2019'!F33-'12 - 2019'!F32 -> 0 | J28: ='12 - 2019'!G33-'12 - 2019'!G32 -> 0 | K28: 0.74
A29: Dubai DIFC | B29: =B28+1 -> 28 | C29: 12 | D29: 2019 | E29: ='12 - 2019'!B34-'12 - 2019'!B33 -> 0 | F29: ='12 - 2019'!C34-'12 - 2019'!C33 -> 0 | G29: 0.118 | H29: ='12 - 2019'!E34-'12 - 2019'!E33 -> 0 | I29: ='12 - 2019'!F34-'12 - 2019'!F33 -> 0 | J29: ='12 - 2019'!G34-'12 - 2019'!G33 -> 0 | K29: 0.74
A30: Dubai DIFC | B30: =B29+1 -> 29 | C30: 12 | D30: 2019 | E30: 0 | F30: 0 | G30: 0.118 | H30: 0 | I30: 0 | J30: 0 | K30: 0.74
A31: Dubai DIFC | B31: =B30+1 -> 30 | C31: 12 | D31: 2019 | E31: ='12 - 2019'!B36-'12 - 2019'!B35 -> 0 | F31: ='12 - 2019'!C36-'12 - 2019'!C35 -> 0 | G31: 0.118 | H31: ='12 - 2019'!E36-'12 - 2019'!E35 -> 0 | I31: ='12 - 2019'!F36-'12 - 2019'!F35 -> 0 | J31: ='12 - 2019'!G36-'12 - 2019'!G35 -> 0 | K31: 0.74
A32: Dubai DIFC | B32: 31 | C32: 12 | D32: 2019 | E32: ='12 - 2019'!B37-'12 - 2019'!B36 -> 0 | F32: ='12 - 2019'!C37-'12 - 2019'!C36 -> 0 | G32: 0.118 | H32: ='12 - 2019'!E37-'12 - 2019'!E36 -> 0 | I32: ='12 - 2019'!F37-'12 - 2019'!F36 -> 0 | J32: ='12 - 2019'!G37-'12 - 2019'!G36 -> 0 | K32: 0.74

Sheet 12 - 2019
A2: FOUR SEASONS HOTEL - DIFC
A3: HLP READING MONTH OF DECEMBER' 2019
B4: 19 | D4: LPG (cu.m) | H4: Water (cu.m) | J4: BTU
A5: Date | B5: LV-01, 2025952759 | C5: LV-2, 2030235407 | D5: Main Meter % | E5: Main Kitchen | F5: Podium Kitchen | G5: Boiler | H5: B-3 Water Meter (DIFC) | I5: MainWater Meter (DEWA) | J5: Chilled Water (KWH) | K5: Gas Received (Litres) | L5: Remark
A6: 43799 | B6: 253727 | C6: 74657.9 | D6: 0.58 | E6: 7954 | F6: 1477.18 | G6: 13927.81 | H6: 14528 | I6: 80180 | J6: 36766524
A7: 43800 | B7: 256978 | C7: 79818.6 | D7: 0.5 | E7: 7977.7 | F7: 1482.12 | G7: 13958.73 | H7: 14528 | I7: 80271 | J7: 36782939
A8: 43801 | B8: 260286 | C8: 85147 | D8: 0.45 | E8: 7999 | F8: 1487 | G8: 13989 | H8: 14528 | I8: 80344 | J8: 36795051
A9: 43802 | B9: 263947 | C9: 91038 | D9: 0.4 | E9: 8026 | F9: 1491 | G9: 14023 | H9: 14528 | I9: 80434 | J9: 36809493
A10: 43803 | B10: 267656 | C10: 97011 | D10: 0.34 | E10: 8054 | F10: 1497 | G10: 14060 | H10: 14528 | I10: 80547 | J10: 36824187
A11: 43804 | B11: 271449 | C11: 103303 | D11: 0.85 | E11: 8080.63 | F11: 1501 | G11: 14096 | H11: 14528 | I11: 80653 | J11: 36840675 | K11: 4200
A12: 43805 | B12: 275293 | C12: 109425 | D12: 0.76 | E12: 8107.79 | F12: 1507.09 | G12: 14140 | H12: 14528 | I12: 80767 | J12: 36857012
A13: 43806 | B13: 279006 | C13: 116022 | D13: 0.66 | E13: 8133.66 | F13: 1512.46 | G13: 14181 | H13: 14528 | I13: 80872 | J13: 36873363
A14: 43807 | B14: 282727 | C14: 121690 | D14: 0.57 | E14: 8159.74 | F14: 1516.79 | G14: 14218 | H14: 14528 | I14: 80979 | J14: 36888880
A15: 43808 | B15: 286385 | C15: 127765 | D15: 0.5 | E15: 8191.06 | F15: 1523.61 | G15: 14258.54 | H15: 14528 | I15: 81102 | J15: 36904364
A16: 43809 | B16: 290039 | C16: 133767 | D16: 0.85 | E16: 8213.32 | F16: 1529.07 | G16: 14298 | H16: 14528 | I16: 81230 | J16: 36920415
A17: 43810 | B17: 294055 | C17: 140504 | D17: 0.78 | E17: 8242 | F17: 1535.48 | G17: 14341 | H17: 14528 | I17: 81339 | J17: 36937855
A18: 43811 | B18: 298068 | C18: 147099 | D18: 0.68 | E18: 8269.1 | F18: 1541.26 | G18: 14385 | H18: 14528 | I18: 81451 | J18: 36955626
A19: 43812 | B19: 302086 | C19: 153499 | D19: 0.6 | E19: 8298.18 | F19: 1547.52 | G19: 14427.61 | H19: 14528 | I19: 81560 | J19: 36971052
A20: 43813 | B20: 305266 | C20: 158667 | D20: 0.54 | E20: 8317.18 | F20: 1553.28 | G20: 14460.8 | H20: 14528 | I20: 81689 | J20: 36986067
A21: 43814 | B21: 308956 | C21: 164703 | D21: 0.47 | E21: 8344.2 | F21: 1559.29 | G21: 14505.27 | H21: 14528 | I21: 81791 | J21: 37002056
A22: 43815 | B22: 312425 | C22: 170517 | D22: 0.42 | E22: 8368 | F22: 1563 | G22: 14531 | H22: 14528 | I22: 81868 | J22: 37013542
A23: 43816
A24: 43817
A25: 43818
A26: 43819
A27: 43820
A28: 43821
A29: 43822
A30: 43823
A31: 43824
A32: 43825
A33: 43826
A34: 43827
... A37: 43830
A38: Readings | B38: =B37-B6 -> -253727 | C38: =C37-C6 -> -74657.9 | D38: =D37-D6 -> -0.58 | E38: =E37-E6 -> -7954 | F38: =F37-F6 -> -1477.18 | G38: =G37-G6 -> -13927.81 | H38: =H37-H6 -> -14528 | I38: =I37-I6 -> -80180 | J38: =J37-J6 -> -36766524 | K38: =SUM(K6:K37) -> 4200
H39: =H38*219.969 -> -3195709.6 | I39: =I38*219.969 -> -17637114
