Workbook

Sheet Total Daily 
A1: Site Name | B1: Day | C1: Month | D1: Year | E1: Total Electricity Kwh | F1: Electricity Tariff ($/Kwh) | G1: LPG (Kg) | H1: LPG $/Kg | I1: District Energy Cooling Kwh | J1: District Energy Cooling $/Kwh | K1: Water Utility Supply (m3) m3 | L1: Water Utility Supply (m3) m3 | M1: Water Utility Supply (m3) $/m3 | N1: Room Nights
A2: Dubai DIFC | B2: 1 | C2: 1 | D2: 2020 | E2: ='01 - 2020'!B7-'01 - 2020'!B6+'01 - 2020'!C7-'01 - 2020'!C6 -> 10889 | F2: 0.118 | G2: =(('01 - 2020'!E7-'01 - 2020'!E6)+('01 - 2020'!F7-'01 - 2020'!F6)+('01 - 2020'!G7-'01 - 2020'!G6))*1.81 -> 134.8993 | H2: 0.99 | I2: ='01 - 2020'!J7-'01 - 2020'!J6 -> 15860 | J2: 0.081 | K2: ='01 - 2020'!H7-'01 - 2020'!H6 -> 0 | L2: ='01 - 2020'!I7-'01 - 2020'!I6 -> 134 | M2: 4.3936294 | N2: 102
A3: Dubai DIFC | B3: =B2+1 -> 2 | C3: 1 | D3: 2020 | E3: ='01 - 2020'!B8-'01 - 2020'!B7+'01 - 2020'!C8-'01 - 2020'!C7 -> 9755 | F3: 0.118 | G3: =(('01 - 2020'!E8-'01 - 2020'!E7)+('01 - 2020'!F8-'01 - 2020'!F7)+('01 - 2020'!G8-'01 - 2020'!G7))*1.81 -> 118.1206 | H3: 0.99 | I3: ='01 - 2020'!J8-'01 - 2020'!J7 -> 13014 | J3: 0.081 | K3: ='01 - 2020'!H8-'01 - 2020'!H7 -> 0 | L3: ='01 - 2020'!I8-'01 - 2020'!I7 -> 102 | M3: 4.3936294 | N3: 95
A4: Dubai DIFC | B4: =B3+1 -> 3 | C4: 1 | D4: 2020 | E4: ='01 - 2020'!B9-'01 - 2020'!B8+'01 - 2020'!C9-'01 - 2020'!C8 -> 10558 | F4: 0.118 | G4: =(('01 - 2020'!E9-'01 - 2020'!E8)+('01 - 2020'!F9-'01 - 2020'!F8)+('01 - 2020'!G9-'01 - 2020'!G8))*1.81 -> 127.6774 | H4: 0.99 | I4: ='01 - 2020'!J9-'01 - 2020'!J8 -> 15817 | J4: 0.081 | K4: ='01 - 2020'!H9-'01 - 2020'!H8 -> 0 | L4: ='01 - 2020'!I9-'01 - 2020'!I8 -> 121 | M4: 4.3936294 | N4: 98
A5: Dubai DIFC | B5: =B4+1 -> 4 | C5: 1 | D5: 2020 | E5: ='01 - 2020'!B10-'01 - 2020'!B9+'01 - 2020'!C10-'01 - 2020'!C9 -> 9133 | F5: 0.118 | G5: =(('01 - 2020'!E10-'01 - 2020'!E9)+('01 - 2020'!F10-'01 - 2020'!F9)+('01 - 2020'!G10-'01 - 2020'!G9))*1.81 -> 120.6365 | H5: 0.99 | I5: ='01 - 2020'!J10-'01 - 2020'!J9 -> 13828 | J5: 0.081 | K5: ='01 - 2020'!H10-'01 - 2020'!H9 -> 0 | L5: ='01 - 2020'!I10-'01 - 2020'!I9 -> 131 | M5: 4.3936294 | N5: 98
A6: Dubai DIFC | B6: =B5+1 -> 5 | C6: 1 | D6: 2020 | E6: ='01 - 2020'!B11-'01 - 2020'!B10+'01 - 2020'!C11-'01 - 2020'!C10 -> 11038 | F6: 0.118 | G6: =(('01 - 2020'!E11-'01 - 2020'!E10)+('01 - 2020'!F11-'01 - 2020'!F10)+('01 - 2020'!G11-'01 - 2020'!G10))*1.81 -> 135.207 | H6: 0.99 | I6: ='01 - 2020'!J11-'01 - 2020'!J10 -> 15830 | J6: 0.081 | K6: ='01 - 2020'!H11-'01 - 2020'!H10 -> 0 | L6: ='01 - 2020'!I11-'01 - 2020'!I10 -> 114 | M6: 4.3936294 | N6: 93
A7: Dubai DIFC | B7: =B6+1 -> 6 | C7: 1 | D7: 2020 | E7: ='01 - 2020'!B12-'01 - 2020'!B11+'01 - 2020'!C12-'01 - 2020'!C11 -> 8005 | F7: 0.118 | G7: =(('01 - 2020'!E12-'01 - 2020'!E11)+('01 - 2020'!F12-'01 - 2020'!F11)+('01 - 2020'!G12-'01 - 2020'!G11))*1.81 -> 108.4733 | H7: 0.99 | I7: ='01 - 2020'!J12-'01 - 2020'!J11 -> 12533 | J7: 0.081 | K7: ='01 - 2020'!H12-'01 - 2020'!H11 -> 0 | L7: ='01 - 2020'!I12-'01 - 2020'!I11 -> 86 | M7: 4.3936294 | N7: 92
A8: Dubai DIFC | B8: =B7+1 -> 7 | C8: 1 | D8: 2020 | E8: ='01 - 2020'!B13-'01 - 2020'!B12+'01 - 2020'!C13-'01 - 2020'!C12 -> 10338 | F8: 0.118 | G8: =(('01 - 2020'!E13-'01 - 2020'!E12)+('01 - 2020'!F13-'01 - 2020'!F12)+('01 - 2020'!G13-'01 - 2020'!G12))*1.81 -> 126.5371 | H8: 0.99 | I8: ='01 - 2020'!J13-'01 - 2020'!J12 -> 13748 | J8: 0.081 | K8: ='01 - 2020'!H13-'01 - 2020'!H12 -> 0 | L8: ='01 - 2020'!I13-'01 - 2020'!I12 -> 104 | M8: 4.3936294 | N8: 82
A9: Dubai DIFC | B9: =B8+1 -> 8 | C9: 1 | D9: 2020 | E9: ='01 - 2020'!B14-'01 - 2020'!B13+'01 - 2020'!C14-'01 - 2020'!C13 -> 10955 | F9: 0.118 | G9: =(('01 - 2020'!E14-'01 - 2020'!E13)+('01 - 2020'!F14-'01 - 2020'!F13)+('01 - 2020'!G14-'01 - 2020'!G13))*1.81 -> 140.5465 | H9: 0.99 | I9: ='01 - 2020'!J14-'01 - 2020'!J13 -> 13550 | J9: 0.081 | K9: ='01 - 2020'!H14-'01 - 2020'!H13 -> 0 | L9: ='01 - 2020'!I14-'01 - 2020'!I13 -> 143 | M9: 4.3936294 | N9: 90
A10: Dubai DIFC | B10: =B9+1 -> 9 | C10: 1 | D10: 2020 | E10: ='01 - 2020'!B15-'01 - 2020'!B14+'01 - 2020'!C15-'01 - 2020'!C14 -> 9277 | F10: 0.118 | G10: =(('01 - 2020'!E15-'01 - 2020'!E14)+('01 - 2020'!F15-'01 - 2020'!F14)+('01 - 2020'!G15-'01 - 2020'!G14))*1.81 -> 109.2335 | H10: 0.99 | I10: ='01 - 2020'!J15-'01 - 2020'!J14 -> 12626 | J10: 0.081 | K10: ='01 - 2020'!H15-'01 - 2020'!H14 -> 0 | L10: ='01 - 2020'!I15-'01 - 2020'!I14 -> 129 | M10: 4.3936294 | N10: 97
A11: Dubai DIFC | B11: =B10+1 -> 10 | C11: 1 | D11: 2020 | E11: ='01 - 2020'!B16-'01 - 2020'!B15+'01 - 2020'!C16-'01 - 2020'!C15 -> 10340 | F11: 0.118 | G11: =(('01 - 2020'!E16-'01 - 2020'!E15)+('01 - 2020'!F16-'01 - 2020'!F15)+('01 - 2020'!G16-'01 - 2020'!G15))*1.81 -> 126.1751 | H11: 0.99 | I11: ='01 - 2020'!J16-'01 - 2020'!J15 -> 13336 | J11: 0.081 | K11: ='01 - 2020'!H16-'01 - 2020'!H15 -> 0 | L11: ='01 - 2020'!I16-'01 - 2020'!I15 -> 108 | M11: 4.3936294 | N11: 103
A12: Dubai DIFC | B12: =B11+1 -> 11 | C12: 1 | D12: 2020 | E12: ='01 - 2020'!B17-'01 - 2020'!B16+'01 - 2020'!C17-'01 - 2020'!C16 -> 10158 | F12: 0.118 | G12: =(('01 - 2020'!E17-'01 - 2020'!E16)+('01 - 2020'!F17-'01 - 2020'!F16)+('01 - 2020'!G17-'01 - 2020'!G16))*1.81 -> 132.6549 | H12: 0.99 | I12: ='01 - 2020'!J17-'01 - 2020'!J16 -> 11452 | J12: 0.081 | K12: ='01 - 2020'!H17-'01 - 2020'!H16 -> 0 | L12: ='01 - 2020'!I17-'01 - 2020'!I16 -> 104 | M12: 4.3936294 | N12: 92
A13: Dubai DIFC | B13: =B12+1 -> 12 | C13: 1 | D13: 2020 | E13: ='01 - 2020'!B18-'01 - 2020'!B17+'01 - 2020'!C18-'01 - 2020'!C17 -> 9054 | F13: 0.118 | G13: =(('01 - 2020'!E18-'01 - 2020'!E17)+('01 - 2020'!F18-'01 - 2020'!F17)+('01 - 2020'!G18-'01 - 2020'!G17))*1.81 -> 136.3654 | H13: 0.99 | I13: ='01 - 2020'!J18-'01 - 2020'!J17 -> 12944 | J13: 0.081 | K13: ='01 - 2020'!H18-'01 - 2020'!H17 -> 0 | L13: ='01 - 2020'!I18-'01 - 2020'!I17 -> 145 | M13: 4.3936294 | N13: 93
A14: Dubai DIFC | B14: =B13+1 -> 13 | C14: 1 | D14: 2020 | E14: ='01 - 2020'!B19-'01 - 2020'!B18+'01 - 2020'!C19-'01 - 2020'!C18 -> 11278 | F14: 0.118 | G14: =(('01 - 2020'!E19-'01 - 2020'!E18)+('01 - 2020'!F19-'01 - 2020'!F18)+('01 - 2020'!G19-'01 - 2020'!G18))*1.81 -> 127.5507 | H14: 0.99 | I14: ='01 - 2020'!J19-'01 - 2020'!J18 -> 10250 | J14: 0.081 | K14: ='01 - 2020'!H19-'01 - 2020'!H18 -> 0 | L14: ='01 - 2020'!I19-'01 - 2020'!I18 -> 119 | M14: 4.3936294 | N14: 87
... A29: Dubai DIFC | B29: =B28+1 -> 28 | C29: 1 | D29: 2020 | E29: ='01 - 2020'!B34-'01 - 2020'!B33+'01 - 2020'!C34-'01 - 2020'!C33 -> 10134 | F29: 0.118 | G29: =(('01 - 2020'!E34-'01 - 2020'!E33)+('01 - 2020'!F34-'01 - 2020'!F33)+('01 - 2020'!G34-'01 - 2020'!G33))*1.81 -> 165.6512 | H29: 0.99 | I29: ='01 - 2020'!J34-'01 - 2020'!J33 -> 9780 | J29: 0.081 | K29: ='01 - 2020'!H34-'01 - 2020'!H33 -> 0 | L29: ='01 - 2020'!I34-'01 - 2020'!I33 -> 144 | M29: 4.3936294 | N29: 98
A30: Dubai DIFC | B30: =B29+1 -> 29 | C30: 1 | D30: 2020 | E30: 0 | F30: 0.118 | G30: 0 | H30: 0.99 | I30: 0 | J30: 0.081 | K30: 0 | L30: 0 | M30: 4.3936294
A31: Dubai DIFC | B31: =B30+1 -> 30 | C31: 1 | D31: 2020 | E31: ='01 - 2020'!B36-'01 - 2020'!B35+'01 - 2020'!C36-'01 - 2020'!C35 -> 0 | F31: 0.118 | G31: =(('01 - 2020'!E36-'01 - 2020'!E35)+('01 - 2020'!F36-'01 - 2020'!F35)+('01 - 2020'!G36-'01 - 2020'!G35))*1.81 -> 0 | H31: 0.99 | I31: ='01 - 2020'!J36-'01 - 2020'!J35 -> 0 | J31: 0.081 | K31: ='01 - 2020'!H36-'01 - 2020'!H35 -> 0 | L31: ='01 - 2020'!I36-'01 - 2020'!I35 -> 0 | M31: 4.3936294
A32: Dubai DIFC | B32: 31 | C32: 1 | D32: 2020 | E32: 0 | F32: 0.118 | G32: 0 | H32: 0.99 | I32: 0 | J32: 0.081 | K32: 0 | L32: 0 | M32: 4.3936294

Sheet Submetering Daily 
A1: Site Name | B1: Day | C1: Month | D1: Year | E1: Panel LV1 Kwh | F1: Panel LV2 Kwh | G1: Electricity Tariff ($/Kwh) | H1: Main Kitchen LPG (Kg) | I1: Podium Kitchen LPG (Kg) | J1: Boiler LPG (Kg) | K1: LPG $/Kg | L1: Room Nights
A2: Dubai DIFC | B2: 1 | C2: 1 | D2: 2020 | E2: ='01 - 2020'!B7-'01 - 2020'!B6 -> 4305 | F2: ='01 - 2020'!C7-'01 - 2020'!C6 -> 6584 | G2: 0.118 | H2: ='01 - 2020'!E7-'01 - 2020'!E6 -> 25.07 | I2: ='01 - 2020'!F7-'01 - 2020'!F6 -> 6.51 | J2: ='01 - 2020'!G7-'01 - 2020'!G6 -> 42.95 | K2: 0.74 | L2: 102
A3: Dubai DIFC | B3: =B2+1 -> 2 | C3: 1 | D3: 2020 | E3: ='01 - 2020'!B8-'01 - 2020'!B7 -> 3775 | F3: ='01 - 2020'!C8-'01 - 2020'!C7 -> 5980 | G3: 0.118 | H3: ='01 - 2020'!E8-'01 - 2020'!E7 -> 23.59 | I3: ='01 - 2020'!F8-'01 - 2020'!F7 -> 5.41 | J3: ='01 - 2020'!G8-'01 - 2020'!G7 -> 36.26 | K3: 0.74 | L3: 95
A4: Dubai DIFC | B4: =B3+1 -> 3 | C4: 1 | D4: 2020 | E4: ='01 - 2020'!B9-'01 - 2020'!B8 -> 4072 | F4: ='01 - 2020'!C9-'01 - 2020'!C8 -> 6486 | G4: 0.118 | H4: ='01 - 2020'!E9-'01 - 2020'!E8 -> 23.72 | I4: ='01 - 2020'!F9-'01 - 2020'!F8 -> 6.29 | J4: ='01 - 2020'!G9-'01 - 2020'!G8 -> 40.53 | K4: 0.74 | L4: 98
A5: Dubai DIFC | B5: =B4+1 -> 4 | C5: 1 | D5: 2020 | E5: ='01 - 2020'!B10-'01 - 2020'!B9 -> 3505 | F5: ='01 - 2020'!C10-'01 - 2020'!C9 -> 5628 | G5: 0.118 | H5: ='01 - 2020'!E10-'01 - 2020'!E9 -> 23.18 | I5: ='01 - 2020'!F10-'01 - 2020'!F9 -> 6 | J5: ='01 - 2020'!G10-'01 - 2020'!G9 -> 37.47 | K5: 0.74 | L5: 98
A6: Dubai DIFC | B6: =B5+1 -> 5 | C6: 1 | D6: 2020 | E6: ='01 - 2020'!B11-'01 - 2020'!B10 -> 4240 | F6: ='01 - 2020'!C11-'01 - 2020'!C10 -> 6798 | G6: 0.118 | H6: ='01 - 2020'!E11-'01 - 2020'!E10 -> 23 | I6: ='01 - 2020'!F11-'01 - 2020'!F10 -> 6.08 | J6: ='01 - 2020'!G11-'01 - 2020'!G10 -> 45.62 | K6: 0.74 | L6: 93
A7: Dubai DIFC | B7: =B6+1 -> 6 | C7: 1 | D7: 2020 | E7: ='01 - 2020'!B12-'01 - 2020'!B11 -> 3140 | F7: ='01 - 2020'!C12-'01 - 2020'!C11 -> 4865 | G7: 0.118 | H7: ='01 - 2020'!E12-'01 - 2020'!E11 -> 22.33 | I7: ='01 - 2020'!F12-'01 - 2020'!F11 -> 5.88 | J7: ='01 - 2020'!G12-'01 - 2020'!G11 -> 31.72 | K7: 0.74 | L7: 92
A8: Dubai DIFC | B8: =B7+1 -> 7 | C8: 1 | D8: 2020 | E8: ='01 - 2020'!B13-'01 - 2020'!B12 -> 4206 | F8: ='01 - 2020'!C13-'01 - 2020'!C12 -> 6132 | G8: 0.118 | H8: ='01 - 2020'!E13-'01 - 2020'!E12 -> 26.26 | I8: ='01 - 2020'!F13-'01 - 2020'!F12 -> 6.2 | J8: ='01 - 2020'!G13-'01 - 2020'!G12 -> 37.45 | K8: 0.74 | L8: 82
A9: Dubai DIFC | B9: =B8+1 -> 8 | C9: 1 | D9: 2020 | E9: ='01 - 2020'!B14-'01 - 2020'!B13 -> 4348 | F9: ='01 - 2020'!C14-'01 - 2020'!C13 -> 6607 | G9: 0.118 | H9: ='01 - 2020'!E14-'01 - 2020'!E13 -> 27.41 | I9: ='01 - 2020'!F14-'01 - 2020'!F13 -> 6.03 | J9: ='01 - 2020'!G14-'01 - 2020'!G13 -> 44.21 | K9: 0.74 | L9: 90
A10: Dubai DIFC | B10: =B9+1 -> 9 | C10: 1 | D10: 2020 | E10: ='01 - 2020'!B15-'01 - 2020'!B14 -> 3681 | F10: ='01 - 2020'!C15-'01 - 2020'!C14 -> 5596 | G10: 0.118 | H10: ='01 - 2020'!E15-'01 - 2020'!E14 -> 22.89 | I10: ='01 - 2020'!F15-'01 - 2020'!F14 -> 5.73 | J10: ='01 - 2020'!G15-'01 - 2020'!G14 -> 31.73 | K10: 0.74 | L10: 97
A11: Dubai DIFC | B11: =B10+1 -> 10 | C11: 1 | D11: 2020 | E11: ='01 - 2020'!B16-'01 - 2020'!B15 -> 4020 | F11: ='01 - 2020'!C16-'01 - 2020'!C15 -> 6320 | G11: 0.118 | H11: ='01 - 2020'!E16-'01 - 2020'!E15 -> 24.81 | I11: ='01 - 2020'!F16-'01 - 2020'!F15 -> 6.64 | J11: ='01 - 2020'!G16-'01 - 2020'!G15 -> 38.26 | K11: 0.74 | L11: 103
A12: Dubai DIFC | B12: =B11+1 -> 11 | C12: 1 | D12: 2020 | E12: ='01 - 2020'!B17-'01 - 2020'!B16 -> 4038 | F12: ='01 - 2020'!C17-'01 - 2020'!C16 -> 6120 | G12: 0.118 | H12: ='01 - 2020'!E17-'01 - 2020'!E16 -> 39.12 | I12: ='01 - 2020'!F17-'01 - 2020'!F16 -> 5.34 | J12: ='01 - 2020'!G17-'01 - 2020'!G16 -> 28.83 | K12: 0.74 | L12: 92
A13: Dubai DIFC | B13: =B12+1 -> 12 | C13: 1 | D13: 2020 | E13: ='01 - 2020'!B18-'01 - 2020'!B17 -> 3676 | F13: ='01 - 2020'!C18-'01 - 2020'!C17 -> 5378 | G13: 0.118 | H13: ='01 - 2020'!E18-'01 - 2020'!E17 -> 15.67 | I13: ='01 - 2020'!F18-'01 - 2020'!F17 -> 4.46 | J13: ='01 - 2020'!G18-'01 - 2020'!G17 -> 55.21 | K13: 0.74 | L13: 93
A14: Dubai DIFC | B14: =B13+1 -> 13 | C14: 1 | D14: 2020 | E14: ='01 - 2020'!B19-'01 - 2020'!B18 -> 4655 | F14: ='01 - 2020'!C19-'01 - 2020'!C18 -> 6623 | G14: 0.118 | H14: ='01 - 2020'!E19-'01 - 2020'!E18 -> 22.84 | I14: ='01 - 2020'!F19-'01 - 2020'!F18 -> 5.32 | J14: ='01 - 2020'!G19-'01 - 2020'!G18 -> 42.31 | K14: 0.74 | L14: 87
... A29: Dubai DIFC | B29: =B28+1 -> 28 | C29: 1 | D29: 2020 | E29: ='01 - 2020'!B34-'01 - 2020'!B33 -> 4232 | F29: ='01 - 2020'!C34-'01 - 2020'!C33 -> 5902 | G29: 0.118 | H29: ='01 - 2020'!E34-'01 - 2020'!E33 -> 22.39 | I29: ='01 - 2020'!F34-'01 - 2020'!F33 -> 4.93 | J29: ='01 - 2020'!G34-'01 - 2020'!G33 -> 64.2 | K29: 0.74 | L29: 98
A30: Dubai DIFC | B30: =B29+1 -> 29 | C30: 1 | D30: 2020 | E30: 0 | F30: 0 | G30: 0.118 | H30: 0 | I30: 0 | J30: 0 | K30: 0.74
A31: Dubai DIFC | B31: =B30+1 -> 30 | C31: 1 | D31: 2020 | E31: ='01 - 2020'!B36-'01 - 2020'!B35 -> 0 | F31: ='01 - 2020'!C36-'01 - 2020'!C35 -> 0 | G31: 0.118 | H31: ='01 - 2020'!E36-'01 - 2020'!E35 -> 0 | I31: ='01 - 2020'!F36-'01 - 2020'!F35 -> 0 | J31: ='01 - 2020'!G36-'01 - 2020'!G35 -> 0 | K31: 0.74
A32: Dubai DIFC | B32: 31 | C32: 1 | D32: 2020 | E32: ='01 - 2020'!B37-'01 - 2020'!B36 -> 0 | F32: ='01 - 2020'!C37-'01 - 2020'!C36 -> 0 | G32: 0.118 | H32: ='01 - 2020'!E37-'01 - 2020'!E36 -> 0 | I32: ='01 - 2020'!F37-'01 - 2020'!F36 -> 0 | J32: ='01 - 2020'!G37-'01 - 2020'!G36 -> 0 | K32: 0.74

Sheet 01 - 2020
A2: FOUR SEASONS HOTEL - DIFC
A3: HLP READING MONTH OF JANUARY' 2019
B4: 19 | D4: LPG (cu.m) | H4: Water (cu.m) | J4: BTU
A5: Date | B5: LV-01, 2025952759 | C5: LV-2, 2030235407 | D5: Main Meter % | E5: Main Kitchen | F5: Podium Kitchen | G5: Boiler | H5: B-3 Water Meter (DIFC) | I5: MainWater Meter (DEWA) | J5: Chilled Water (KWH) | K5: Gas Received (Litres) | L5: Remark
A6: 43830 | B6: 371020 | C6: 262903 | D6: 0.5 | E6: 8752.62 | F6: 1649.89 | G6: 15141.97 | H6: 14528 | I6: 83575 | J6: 37225210
A7: 43831 | B7: 375325 | C7: 269487 | D7: 0.43 | E7: 8777.69 | F7: 1656.4 | G7: 15184.92 | H7: 14528 | I7: 83709 | J7: 37241070
A8: 43832 | B8: 379100 | C8: 275467 | D8: 0.36 | E8: 8801.28 | F8: 1661.81 | G8: 15221.18 | H8: 14528 | I8: 83811 | J8: 37254084
A9: 43833 | B9: 383172 | C9: 281953 | D9: 0.85 | E9: 8825 | F9: 1668.1 | G9: 15261.71 | H9: 14528 | I9: 83932 | J9: 37269901
A10: 43834 | B10: 386677 | C10: 287581 | D10: 0.78 | E10: 8848.18 | F10: 1674.1 | G10: 15299.18 | H10: 14528 | I10: 84063 | J10: 37283729
A11: 43835 | B11: 390917 | C11: 294379 | D11: 0.7 | E11: 8871.18 | F11: 1680.18 | G11: 15344.8 | H11: 14528 | I11: 84177 | J11: 37299559
A12: 43836 | B12: 394057 | C12: 299244 | D12: 0.63 | E12: 8893.51 | F12: 1686.06 | G12: 15376.52 | H12: 14528 | I12: 84263 | J12: 37312092
A13: 43837 | B13: 398263 | C13: 305376 | D13: 0.55 | E13: 8919.77 | F13: 1692.26 | G13: 15413.97 | H13: 14528 | I13: 84367 | J13: 37325840
A14: 43838 | B14: 402611 | C14: 311983 | D14: 0.47 | E14: 8947.18 | F14: 1698.29 | G14: 15458.18 | H14: 14528 | I14: 84510 | J14: 37339390
A15: 43839 | B15: 406292 | C15: 317579 | D15: 0.4 | E15: 8970.07 | F15: 1704.02 | G15: 15489.91 | H15: 14528 | I15: 84639 | J15: 37352016
A16: 43840 | B16: 410312 | C16: 323899 | D16: 0.85 | E16: 8994.88 | F16: 1710.66 | G16: 15528.17 | H16: 14528 | I16: 84747 | J16: 37365352 | K16: 3400
A17: 43841 | B17: 414350 | C17: 330019 | D17: 0.79 | E17: 9034 | F17: 1716 | G17: 15557 | H17: 14528 | I17: 84851 | J17: 37376804
A18: 43842 | B18: 418026 | C18: 335397 | D18: 0.72 | E18: 9049.67 | F18: 1720.46 | G18: 15612.21 | H18: 14528 | I18: 84996 | J18: 37389748
A19: 43843 | B19: 422681 | C19: 342020 | D19: 0.65 | E19: 9072.51 | F19: 1725.78 | G19: 15654.52 | H19: 14528 | I19: 85115 | J19: 37399998
A20: 43844 | B20: 426322 | C20: 347374 | D20: 0.57 | E20: 9105.21 | F20: 1731.09 | G20: 15694.27 | H20: 14528 | I20: 85201 | J20: 37410296
A21: 43845 | B21: 430747 | C21: 353665 | D21: 0.49 | E21: 9126.31 | F21: 1736.86 | G21: 15740.12 | H21: 14528 | I21: 85310 | J21: 37422114
A22: 43846 | B22: 434391 | C22: 359378 | D22: 0.42 | E22: 9148.18 | F22: 1742 | G22: 15784.12 | H22: 14528 | I22: 85425 | J22: 37431815
A23: 43847 | B23: 438261 | C23: 365341 | D23: 0.78 | E23: 9173.05 | F23: 1748.18 | G23: 15829.18 | H23: 14528 | I23: 85563 | J23: 37441217 | K23: 3100
A24: 43848 | B24: 442632 | C24: 371882 | D24: 0.71 | E24: 9199 | F24: 1753.18 | G24: 15878.18 | H24: 14528 | I24: 85687 | J24: 37453345
A25: 43849 | B25: 446751 | C25: 377987 | D25: 0.64 | E25: 9227.18 | F25: 1758.2 | G25: 15921.18 | H25: 14528 | I25: 85797 | J25: 37465934
A26: 43850 | B26: 449818 | C26: 382615 | D26: 0.58 | E26: 9246.1 | F26: 1763.46 | G26: 15951.05 | H26: 14528 | I26: 85883 | J26: 37475287
A27: 43851 | B27: 453565 | C27: 388465 | D27: 0.51 | E27: 9271.58 | F27: 1768.45 | G27: 15990.43 | H27: 14528 | I27: 85989 | J27: 37487327
A28: 43852 | B28: 457347 | C28: 394304 | D28: 0.45 | E28: 9295.47 | F28: 1772.35 | G28: 16028.82 | H28: 14528 | I28: 86111 | J28: 37499358
A29: 43853 | B29: 461315 | C29: 400460 | D29: 0.38 | E29: 9320.68 | F29: 1777.72 | G29: 16067.12 | H29: 14528 | I29: 86235 | J29: 37513805
A30: 43854 | B30: 465805 | C30: 407201 | D30: 0.3 | E30: 9347.47 | F30: 1783.1 | G30: 16094.3 | H30: 14528 | I30: 86376 | J30: 37527347
A31: 43855 | B31: 469496 | C31: 412860 | D31: 0.2 | E31: 9371.06 | F31: 1787.83 | G31: 16146.78 | H31: 14528 | I31: 86502 | J31: 37539772
A32: 43856 | B32: 473534 | C32: 419151 | D32: 0.79 | E32: 9400.27 | F32: 1792.05 | G32: 16197.1 | H32: 14528 | I32: 86621 | J32: 37552604
A33: 43857 | B33: 477318 | C33: 424347 | D33: 0.72 | E33: 9424.9 | F33: 1797.81 | G33: 16245.1 | H33: 14528 | I33: 86735 | J33: 37562633
A34: 43858 | B34: 481550 | C34: 430249 | D34: 0.6 | E34: 9447.29 | F34: 1802.74 | G34: 16309.3 | H34: 14528 | I34: 86879 | J34: 37572413
A35: 43859
A36: 43860
A37: 43861
A38: Readings | B38: =B37-B6 -> -371020 | C38: =C37-C6 -> -262903 | D38: =D37-D6 -> -0.5 | E38: =E37-E6 -> -8752.62 | F38: =F37-F6 -> -1649.89 | G38: =G37-G6 -> -15141.97 | H38: =H37-H6 -> -14528 | I38: =I37-I6 -> -83575 | J38: =J37-J6 -> -37225210 | K38: =SUM(K6:K37) -> 6500
H39: =H38*219.969 -> -3195709.6 | I39: =I38*219.969 -> -18383909
