Workbook

Sheet TOTAL
A1: Site Name | B1: Day | C1: Month | D1: Year | E1: Total Electricity Kwh | F1: Electricity Tariff ($/Kwh) | G1: Natual Gas (m3) | H1: Natural Gas $/m3 | I1: District Energy Cooling Kwh | J1: District Energy Cooling $/Kwh | K1: Water Utility Supply (m3) m3 | L1: Water Utility Supply (m3) $/m3 | M1: Room Nights | N1: Total Guests
A2: Abu Dhabi | B2: 1 | C2: 1 | D2: 2020 | E2: =Submetering!E2+Submetering!F2+Submetering!G2+Submetering!H2+Submetering!I2+Submetering!J2+Submetering!K2 -> 32578 | F2: 0.2 | G2: =Submetering!P2 -> 473.8 | H2: 10.02 | I2: =Submetering!T2-Submetering!T2*15%-Submetering!X2 -> 33317.251 | J2: 0.21 | K2: =Submetering!N2-Submetering!O2 -> 158.916 | L2: 7.84 | M2: 125 | N2: 255
A3: Abu Dhabi | B3: =B2+1 -> 2 | C3: 1 | D3: 2020 | E3: =Submetering!E3+Submetering!F3+Submetering!G3+Submetering!H3+Submetering!I3+Submetering!J3+Submetering!K3 -> 33342 | F3: 0.2 | G3: =Submetering!P3 -> 445 | H3: 10.02 | I3: =Submetering!T3-Submetering!T3*15%-Submetering!X3 -> 33367.821 | J3: 0.21 | K3: =Submetering!N3-Submetering!O3 -> 151.736 | L3: 7.84 | M3: 147 | N3: 295
A4: Abu Dhabi | B4: =B3+1 -> 3 | C4: 1 | D4: 2020 | E4: =Submetering!E4+Submetering!F4+Submetering!G4+Submetering!H4+Submetering!I4+Submetering!J4+Submetering!K4 -> 32269 | F4: 0.2 | G4: =Submetering!P4 -> 462.5 | H4: 10.02 | I4: =Submetering!T4-Submetering!T4*15%-Submetering!X4 -> 33831.249 | J4: 0.21 | K4: =Submetering!N4-Submetering!O4 -> 123.648 | L4: 7.84 | M4: 180 | N4: 367
A5: Abu Dhabi | B5: =B4+1 -> 4 | C5: 1 | D5: 2020 | E5: =Submetering!E5+Submetering!F5+Submetering!G5+Submetering!H5+Submetering!I5+Submetering!J5+Submetering!K5 -> 33989 | F5: 0.2 | G5: =Submetering!P5 -> 418.9 | H5: 10.02 | I5: =Submetering!T5-Submetering!T5*15%-Submetering!X5 -> 33519.962 | J5: 0.21 | K5: =Submetering!N5-Submetering!O5 -> 133.232 | L5: 7.84 | M5: 154 | N5: 299
A6: Abu Dhabi | B6: =B5+1 -> 5 | C6: 1 | D6: 2020 | E6: =Submetering!E6+Submetering!F6+Submetering!G6+Submetering!H6+Submetering!I6+Submetering!J6+Submetering!K6 -> 34123 | F6: 0.2 | G6: =Submetering!P6 -> 393.6 | H6: 10.02 | I6: =Submetering!T6-Submetering!T6*15%-Submetering!X6 -> 32643.398 | J6: 0.21 | K6: =Submetering!N6-Submetering!O6 -> 139.301 | L6: 7.84 | M6: 145 | N6: 255
A7: Abu Dhabi | B7: =B6+1 -> 6 | C7: 1 | D7: 2020 | E7: =Submetering!E7+Submetering!F7+Submetering!G7+Submetering!H7+Submetering!I7+Submetering!J7+Submetering!K7 -> 33299 | F7: 0.2 | G7: =Submetering!P7 -> 381.7 | H7: 10.02 | I7: =Submetering!T7-Submetering!T7*15%-Submetering!X7 -> 28892.901 | J7: 0.21 | K7: =Submetering!N7-Submetering!O7 -> 133.854 | L7: 7.84 | M7: 159 | N7: 258
A8: Abu Dhabi | B8: =B7+1 -> 7 | C8: 1 | D8: 2020 | E8: =Submetering!E8+Submetering!F8+Submetering!G8+Submetering!H8+Submetering!I8+Submetering!J8+Submetering!K8 -> 33913 | F8: 0.2 | G8: =Submetering!P8 -> 365.6 | H8: 10.02 | I8: =Submetering!T8-Submetering!T8*15%-Submetering!X8 -> 29748.503 | J8: 0.21 | K8: =Submetering!N8-Submetering!O8 -> 134.31 | L8: 7.84 | M8: 167 | N8: 266
A9: Abu Dhabi | B9: =B8+1 -> 8 | C9: 1 | D9: 2020 | E9: =Submetering!E9+Submetering!F9+Submetering!G9+Submetering!H9+Submetering!I9+Submetering!J9+Submetering!K9 -> 31277 | F9: 0.2 | G9: =Submetering!P9 -> 389.8 | H9: 10.02 | I9: =Submetering!T9-Submetering!T9*15%-Submetering!X9 -> 28465.449 | J9: 0.21 | K9: =Submetering!N9-Submetering!O9 -> 211.835 | L9: 7.84 | M9: 143 | N9: 246
A10: Abu Dhabi | B10: =B9+1 -> 9 | C10: 1 | D10: 2020 | E10: =Submetering!E10+Submetering!F10+Submetering!G10+Submetering!H10+Submetering!I10+Submetering!J10+Submetering!K10 -> 32715 | F10: 0.2 | G10: =Submetering!P10 -> 402 | H10: 10.02 | I10: =Submetering!T10-Submetering!T10*15%-Submetering!X10 -> 28791.72 | J10: 0.21 | K10: =Submetering!N10-Submetering!O10 -> 138.762 | L10: 7.84 | M10: 145 | N10: 254
A11: Abu Dhabi | B11: =B10+1 -> 10 | C11: 1 | D11: 2020 | E11: =Submetering!E11+Submetering!F11+Submetering!G11+Submetering!H11+Submetering!I11+Submetering!J11+Submetering!K11 -> 34630 | F11: 0.2 | G11: =Submetering!P11 -> 424.3 | H11: 10.02 | I11: =Submetering!T11-Submetering!T11*15%-Submetering!X11 -> 30263.056 | J11: 0.21 | K11: =Submetering!N11-Submetering!O11 -> 119.008 | L11: 7.84 | M11: 173 | N11: 299
A12: Abu Dhabi | B12: =B11+1 -> 11 | C12: 1 | D12: 2020 | E12: =Submetering!E12+Submetering!F12+Submetering!G12+Submetering!H12+Submetering!I12+Submetering!J12+Submetering!K12 -> 35228 | F12: 0.2 | G12: =Submetering!P12 -> 387.7 | H12: 10.02 | I12: =Submetering!T12-Submetering!T12*15%-Submetering!X12 -> 24881.214 | J12: 0.21 | K12: =Submetering!N12-Submetering!O12 -> 120.036 | L12: 7.84 | M12: 168 | N12: 273
A13: Abu Dhabi | B13: =B12+1 -> 12 | C13: 1 | D13: 2020 | E13: =Submetering!E13+Submetering!F13+Submetering!G13+Submetering!H13+Submetering!I13+Submetering!J13+Submetering!K13 -> 34916 | F13: 0.2 | G13: =Submetering!P13 -> 409.6 | H13: 10.02 | I13: =Submetering!T13-Submetering!T13*15%-Submetering!X13 -> 21444.714 | J13: 0.21 | K13: =Submetering!N13-Submetering!O13 -> 159.243 | L13: 7.84 | M13: 183 | N13: 261
A14: Abu Dhabi | B14: =B13+1 -> 13 | C14: 1 | D14: 2020 | E14: =Submetering!E14+Submetering!F14+Submetering!G14+Submetering!H14+Submetering!I14+Submetering!J14+Submetering!K14 -> 35815 | F14: 0.2 | G14: =Submetering!P14 -> 390.2 | H14: 10.02 | I14: =Submetering!T14-Submetering!T14*15%-Submetering!X14 -> 22245.227 | J14: 0.21 | K14: =Submetering!N14-Submetering!O14 -> 137.884 | L14: 7.84 | M14: 186 | N14: 250
... A32: Abu Dhabi | B32: =B31+1 -> 31 | C32: 1 | D32: 2020 | E32: =Submetering!E32+Submetering!F32+Submetering!G32+Submetering!H32+Submetering!I32+Submetering!J32+Submetering!K32 -> 35179 | F32: 0.2 | G32: =Submetering!P32 -> 476.4 | H32: 10.02 | I32: =Submetering!T32-Submetering!T32*15%-Submetering!X32 -> 26334.454 | J32: 0.21 | K32: =Submetering!N32-Submetering!O32 -> 137.231 | L32: 7.84 | M32: 178 | N32: 291
M33: =SUM(M2:M32) -> 4829 | N33: =SUM(N2:N32) -> 7807

Sheet Submetering
A1: Site Name | B1: Day | C1: Month | D1: Year | E1: LVS-1 SECTION A - KWh | F1: LVS-1 SECTION B - KWh | G1: LVS-2 (CAFE MILANO)- KWh | H1: LVS-3 SECTION A- KWh | I1: LVS-3 SECTION B- KWh | J1: LVS-4 SECTION A- KWh | K1: LVS-4 SECTION B- KWh | L1: LVS-5 (FLOOR 15-32) KWh | M1: LVS-LRLV (RETAIL)KWh | N1: Total Water- m3 | O1: Galleria Water m3 | P1: Main Gas m3 | Q1: HW Boiler Gas - m3 | R1: Steam Boiler Gas- m3 | S1: Total Kitchen- m3 | T1: Main District Cooling- KWh | U1: Podium District Cooling- KWh | V1: Guest Rooms District Cooling- KWh | W1: Residence District Cooling- KWh | X1: Galleria District Cooling KWh | Y1: Room Nights | Z1: Total Guests
A2: Abu Dhabi | B2: 1 | C2: 1 | D2: 2020 | E2: ='FS-AD Daily '!B6 -> 6990 | F2: ='FS-AD Daily '!C6 -> 4191 | G2: ='FS-AD Daily '!D6 -> 851 | H2: ='FS-AD Daily '!E6 -> 7228 | I2: ='FS-AD Daily '!F6 -> 6141 | J2: ='FS-AD Daily '!G6 -> 3214 | K2: ='FS-AD Daily '!H6 -> 3963 | L2: ='FS-AD Daily '!I6 -> 2153 | M2: ='FS-AD Daily '!J6 -> 7208 | N2: ='FS-AD Daily '!T6 -> 242.014 | O2: ='FS-AD Daily '!R6 -> 83.098 | P2: ='FS-AD Daily '!Z6 -> 473.8 | Q2: ='FS-AD Daily '!V6 -> 186.3 | R2: ='FS-AD Daily '!W6 -> 105.02 | S2: =P2-Q2-R2 -> 182.48 | T2: ='FS-AD Daily '!AD6*3.516 -> 60373.236 | U2: =('FS-AD Daily '!AF6)*1000 -> 23300 | V2: =('FS-AD Daily '!AG6)*1000 -> 9100 | W2: ='FS-AD Daily '!AH6*1000 -> 7100 | X2: =('FS-AD Daily '!AK6)*1000 -> 18000 | Y2: 125 | Z2: 255
A3: Abu Dhabi | B3: =B2+1 -> 2 | C3: 1 | D3: 2020 | E3: ='FS-AD Daily '!B7 -> 6543 | F3: ='FS-AD Daily '!C7 -> 4104 | G3: ='FS-AD Daily '!D7 -> 868 | H3: ='FS-AD Daily '!E7 -> 7819 | I3: ='FS-AD Daily '!F7 -> 6202 | J3: ='FS-AD Daily '!G7 -> 3262 | K3: ='FS-AD Daily '!H7 -> 4544 | L3: ='FS-AD Daily '!I7 -> 2292 | M3: ='FS-AD Daily '!J7 -> 7333 | N3: ='FS-AD Daily '!T7 -> 225.244 | O3: ='FS-AD Daily '!R7 -> 73.508 | P3: ='FS-AD Daily '!Z7 -> 445 | Q3: ='FS-AD Daily '!V7 -> 150.1 | R3: ='FS-AD Daily '!W7 -> 121.25 | S3: =P3-Q3-R3 -> 173.65 | T3: ='FS-AD Daily '!AD7*3.516 -> 60197.436 | U3: =('FS-AD Daily '!AF7)*1000 -> 27100 | V3: =('FS-AD Daily '!AG7)*1000 -> 9700 | W3: ='FS-AD Daily '!AH7*1000 -> 7400 | X3: =('FS-AD Daily '!AK7)*1000 -> 17800 | Y3: 147 | Z3: 295
A4: Abu Dhabi | B4: =B3+1 -> 3 | C4: 1 | D4: 2020 | E4: ='FS-AD Daily '!B8 -> 6167 | F4: ='FS-AD Daily '!C8 -> 4299 | G4: ='FS-AD Daily '!D8 -> 820 | H4: ='FS-AD Daily '!E8 -> 7687 | I4: ='FS-AD Daily '!F8 -> 6160 | J4: ='FS-AD Daily '!G8 -> 3234 | K4: ='FS-AD Daily '!H8 -> 3902 | L4: ='FS-AD Daily '!I8 -> 2188 | M4: ='FS-AD Daily '!J8 -> 7009 | N4: ='FS-AD Daily '!T8 -> 202.303 | O4: ='FS-AD Daily '!R8 -> 78.655 | P4: ='FS-AD Daily '!Z8 -> 462.5 | Q4: ='FS-AD Daily '!V8 -> 125 | R4: ='FS-AD Daily '!W8 -> 116.58 | S4: =P4-Q4-R4 -> 220.92 | T4: ='FS-AD Daily '!AD8*3.516 -> 59448.528 | U4: =('FS-AD Daily '!AF8)*1000 -> 27600 | V4: =('FS-AD Daily '!AG8)*1000 -> 10000 | W4: ='FS-AD Daily '!AH8*1000 -> 8100 | X4: =('FS-AD Daily '!AK8)*1000 -> 16700 | Y4: 180 | Z4: 367
A5: Abu Dhabi | B5: =B4+1 -> 4 | C5: 1 | D5: 2020 | E5: ='FS-AD Daily '!B9 -> 7024 | F5: ='FS-AD Daily '!C9 -> 4353 | G5: ='FS-AD Daily '!D9 -> 830 | H5: ='FS-AD Daily '!E9 -> 8174 | I5: ='FS-AD Daily '!F9 -> 6387 | J5: ='FS-AD Daily '!G9 -> 3442 | K5: ='FS-AD Daily '!H9 -> 3779 | L5: ='FS-AD Daily '!I9 -> 2457 | M5: ='FS-AD Daily '!J9 -> 7431 | N5: ='FS-AD Daily '!T9 -> 212.251 | O5: ='FS-AD Daily '!R9 -> 79.019 | P5: ='FS-AD Daily '!Z9 -> 418.9 | Q5: ='FS-AD Daily '!V9 -> 119.9 | R5: ='FS-AD Daily '!W9 -> 116.46 | S5: =P5-Q5-R5 -> 182.54 | T5: ='FS-AD Daily '!AD9*3.516 -> 58611.72 | U5: =('FS-AD Daily '!AF9)*1000 -> 26100 | V5: =('FS-AD Daily '!AG9)*1000 -> 11500 | W5: ='FS-AD Daily '!AH9*1000 -> 8100 | X5: =('FS-AD Daily '!AK9)*1000 -> 16300 | Y5: 154 | Z5: 299
A6: Abu Dhabi | B6: =B5+1 -> 5 | C6: 1 | D6: 2020 | E6: ='FS-AD Daily '!B10 -> 7522 | F6: ='FS-AD Daily '!C10 -> 4563 | G6: ='FS-AD Daily '!D10 -> 809 | H6: ='FS-AD Daily '!E10 -> 8081 | I6: ='FS-AD Daily '!F10 -> 6109 | J6: ='FS-AD Daily '!G10 -> 3223 | K6: ='FS-AD Daily '!H10 -> 3816 | L6: ='FS-AD Daily '!I10 -> 2345 | M6: ='FS-AD Daily '!J10 -> 6995 | N6: ='FS-AD Daily '!T10 -> 206.199 | O6: ='FS-AD Daily '!R10 -> 66.898 | P6: ='FS-AD Daily '!Z10 -> 393.6 | Q6: ='FS-AD Daily '!V10 -> 103.4 | R6: ='FS-AD Daily '!W10 -> 106.9 | S6: =P6-Q6-R6 -> 183.3 | T6: ='FS-AD Daily '!AD10*3.516 -> 58168.704 | U6: =('FS-AD Daily '!AF10)*1000 -> 28600 | V6: =('FS-AD Daily '!AG10)*1000 -> 10300 | W6: ='FS-AD Daily '!AH10*1000 -> 7300 | X6: =('FS-AD Daily '!AK10)*1000 -> 16800 | Y6: 145 | Z6: 255
A7: Abu Dhabi | B7: =B6+1 -> 6 | C7: 1 | D7: 2020 | E7: ='FS-AD Daily '!B11 -> 6398 | F7: ='FS-AD Daily '!C11 -> 4196 | G7: ='FS-AD Daily '!D11 -> 849 | H7: ='FS-AD Daily '!E11 -> 8287 | I7: ='FS-AD Daily '!F11 -> 6225 | J7: ='FS-AD Daily '!G11 -> 3336 | K7: ='FS-AD Daily '!H11 -> 4008 | L7: ='FS-AD Daily '!I11 -> 2295 | M7: ='FS-AD Daily '!J11 -> 7060 | N7: ='FS-AD Daily '!T11 -> 202.852 | O7: ='FS-AD Daily '!R11 -> 68.998 | P7: ='FS-AD Daily '!Z11 -> 381.7 | Q7: ='FS-AD Daily '!V11 -> 107.6 | R7: ='FS-AD Daily '!W11 -> 105.22 | S7: =P7-Q7-R7 -> 168.88 | T7: ='FS-AD Daily '!AD11*3.516 -> 52462.236 | U7: =('FS-AD Daily '!AF11)*1000 -> 22000 | V7: =('FS-AD Daily '!AG11)*1000 -> 13600 | W7: ='FS-AD Daily '!AH11*1000 -> 6200 | X7: =('FS-AD Daily '!AK11)*1000 -> 15700 | Y7: 159 | Z7: 258
A8: Abu Dhabi | B8: =B7+1 -> 7 | C8: 1 | D8: 2020 | E8: ='FS-AD Daily '!B12 -> 7654 | F8: ='FS-AD Daily '!C12 -> 4326 | G8: ='FS-AD Daily '!D12 -> 828 | H8: ='FS-AD Daily '!E12 -> 8063 | I8: ='FS-AD Daily '!F12 -> 5996 | J8: ='FS-AD Daily '!G12 -> 3345 | K8: ='FS-AD Daily '!H12 -> 3701 | L8: ='FS-AD Daily '!I12 -> 2271 | M8: ='FS-AD Daily '!J12 -> 7162 | N8: ='FS-AD Daily '!T12 -> 200.123 | O8: ='FS-AD Daily '!R12 -> 65.813 | P8: ='FS-AD Daily '!Z12 -> 365.6 | Q8: ='FS-AD Daily '!V12 -> 95.6 | R8: ='FS-AD Daily '!W12 -> 100.35 | S8: =P8-Q8-R8 -> 169.65 | T8: ='FS-AD Daily '!AD12*3.516 -> 51351.18 | U8: =('FS-AD Daily '!AF12)*1000 -> 22000 | V8: =('FS-AD Daily '!AG12)*1000 -> 11900 | W8: ='FS-AD Daily '!AH12*1000 -> 6600 | X8: =('FS-AD Daily '!AK12)*1000 -> 13900 | Y8: 167 | Z8: 266
A9: Abu Dhabi | B9: =B8+1 -> 8 | C9: 1 | D9: 2020 | E9: ='FS-AD Daily '!B13 -> 5671 | F9: ='FS-AD Daily '!C13 -> 4276 | G9: ='FS-AD Daily '!D13 -> 835 | H9: ='FS-AD Daily '!E13 -> 7805 | I9: ='FS-AD Daily '!F13 -> 5850 | J9: ='FS-AD Daily '!G13 -> 3180 | K9: ='FS-AD Daily '!H13 -> 3660 | L9: ='FS-AD Daily '!I13 -> 2203 | M9: ='FS-AD Daily '!J13 -> 7012 | N9: ='FS-AD Daily '!T13 -> 216.735 | O9: ='FS-AD Daily '!R13 -> 4.9 | P9: ='FS-AD Daily '!Z13 -> 389.8 | Q9: ='FS-AD Daily '!V13 -> 96.2 | R9: ='FS-AD Daily '!W13 -> 101.28 | S9: =P9-Q9-R9 -> 192.32 | T9: ='FS-AD Daily '!AD13*3.516 -> 48900.528 | U9: =('FS-AD Daily '!AF13)*1000 -> 21500 | V9: =('FS-AD Daily '!AG13)*1000 -> 10300 | W9: ='FS-AD Daily '!AH13*1000 -> 6400 | X9: =('FS-AD Daily '!AK13)*1000 -> 13100 | Y9: 143 | Z9: 246
A10: Abu Dhabi | B10: =B9+1 -> 9 | C10: 1 | D10: 2020 | E10: ='FS-AD Daily '!B14 -> 6610 | F10: ='FS-AD Daily '!C14 -> 4654 | G10: ='FS-AD Daily '!D14 -> 839 | H10: ='FS-AD Daily '!E14 -> 7833 | I10: ='FS-AD Daily '!F14 -> 5894 | J10: ='FS-AD Daily '!G14 -> 3211 | K10: ='FS-AD Daily '!H14 -> 3674 | L10: ='FS-AD Daily '!I14 -> 2250 | M10: ='FS-AD Daily '!J14 -> 7145 | N10: ='FS-AD Daily '!T14 -> 216.495 | O10: ='FS-AD Daily '!R14 -> 77.733 | P10: ='FS-AD Daily '!Z14 -> 402 | Q10: ='FS-AD Daily '!V14 -> 110.8 | R10: ='FS-AD Daily '!W14 -> 94.08 | S10: =P10-Q10-R10 -> 197.12 | T10: ='FS-AD Daily '!AD14*3.516 -> 51284.376 | U10: =('FS-AD Daily '!AF14)*1000 -> 23000 | V10: =('FS-AD Daily '!AG14)*1000 -> 9900 | W10: ='FS-AD Daily '!AH14*1000 -> 6100 | X10: =('FS-AD Daily '!AK14)*1000 -> 14800 | Y10: 145 | Z10: 254
A11: Abu Dhabi | B11: =B10+1 -> 10 | C11: 1 | D11: 2020 | E11: ='FS-AD Daily '!B15 -> 7502 | F11: ='FS-AD Daily '!C15 -> 4466 | G11: ='FS-AD Daily '!D15 -> 855 | H11: ='FS-AD Daily '!E15 -> 8075 | I11: ='FS-AD Daily '!F15 -> 6015 | J11: ='FS-AD Daily '!G15 -> 3315 | K11: ='FS-AD Daily '!H15 -> 4402 | L11: ='FS-AD Daily '!I15 -> 2235 | M11: ='FS-AD Daily '!J15 -> 7232 | N11: ='FS-AD Daily '!T15 -> 191.132 | O11: ='FS-AD Daily '!R15 -> 72.124 | P11: ='FS-AD Daily '!Z15 -> 424.3 | Q11: ='FS-AD Daily '!V15 -> 121.8 | R11: ='FS-AD Daily '!W15 -> 102.05 | S11: =P11-Q11-R11 -> 200.45 | T11: ='FS-AD Daily '!AD15*3.516 -> 53956.536 | U11: =('FS-AD Daily '!AF15)*1000 -> 27200 | V11: =('FS-AD Daily '!AG15)*1000 -> 8300 | W11: ='FS-AD Daily '!AH15*1000 -> 6100 | X11: =('FS-AD Daily '!AK15)*1000 -> 15600 | Y11: 173 | Z11: 299
A12: Abu Dhabi | B12: =B11+1 -> 11 | C12: 1 | D12: 2020 | E12: ='FS-AD Daily '!B16 -> 8244 | F12: ='FS-AD Daily '!C16 -> 4597 | G12: ='FS-AD Daily '!D16 -> 855 | H12: ='FS-AD Daily '!E16 -> 8239 | I12: ='FS-AD Daily '!F16 -> 5991 | J12: ='FS-AD Daily '!G16 -> 3284 | K12: ='FS-AD Daily '!H16 -> 4018 | L12: ='FS-AD Daily '!I16 -> 2367 | M12: ='FS-AD Daily '!J16 -> 7106 | N12: ='FS-AD Daily '!T16 -> 195.279 | O12: ='FS-AD Daily '!R16 -> 75.243 | P12: ='FS-AD Daily '!Z16 -> 387.7 | Q12: ='FS-AD Daily '!V16 -> 104.6 | R12: ='FS-AD Daily '!W16 -> 93.63 | S12: =P12-Q12-R12 -> 189.47 | T12: ='FS-AD Daily '!AD16*3.516 -> 45272.016 | U12: =('FS-AD Daily '!AF16)*1000 -> 21800 | V12: =('FS-AD Daily '!AG16)*1000 -> 7100 | W12: ='FS-AD Daily '!AH16*1000 -> 5000 | X12: =('FS-AD Daily '!AK16)*1000 -> 13600 | Y12: 168 | Z12: 273
A13: Abu Dhabi | B13: =B12+1 -> 12 | C13: 1 | D13: 2020 | E13: ='FS-AD Daily '!B17 -> 8547 | F13: ='FS-AD Daily '!C17 -> 4959 | G13: ='FS-AD Daily '!D17 -> 834 | H13: ='FS-AD Daily '!E17 -> 7952 | I13: ='FS-AD Daily '!F17 -> 5908 | J13: ='FS-AD Daily '!G17 -> 3209 | K13: ='FS-AD Daily '!H17 -> 3507 | L13: ='FS-AD Daily '!I17 -> 2254 | M13: ='FS-AD Daily '!J17 -> 6784 | N13: ='FS-AD Daily '!T17 -> 235.082 | O13: ='FS-AD Daily '!R17 -> 75.839 | P13: ='FS-AD Daily '!Z17 -> 409.6 | Q13: ='FS-AD Daily '!V17 -> 115.8 | R13: ='FS-AD Daily '!W17 -> 103.19 | S13: =P13-Q13-R13 -> 190.61 | T13: ='FS-AD Daily '!AD17*3.516 -> 38640.84 | U13: =('FS-AD Daily '!AF17)*1000 -> 16700 | V13: =('FS-AD Daily '!AG17)*1000 -> 5200 | W13: ='FS-AD Daily '!AH17*1000 -> 5300 | X13: =('FS-AD Daily '!AK17)*1000 -> 11400 | Y13: 183 | Z13: 261
A14: Abu Dhabi | B14: =B13+1 -> 13 | C14: 1 | D14: 2020 | E14: ='FS-AD Daily '!B18 -> 8888 | F14: ='FS-AD Daily '!C18 -> 5015 | G14: ='FS-AD Daily '!D18 -> 809 | H14: ='FS-AD Daily '!E18 -> 7967 | I14: ='FS-AD Daily '!F18 -> 6043 | J14: ='FS-AD Daily '!G18 -> 3369 | K14: ='FS-AD Daily '!H18 -> 3724 | L14: ='FS-AD Daily '!I18 -> 2227 | M14: ='FS-AD Daily '!J18 -> 6853 | N14: ='FS-AD Daily '!T18 -> 200.364 | O14: ='FS-AD Daily '!R18 -> 62.48 | P14: ='FS-AD Daily '!Z18 -> 390.2 | Q14: ='FS-AD Daily '!V18 -> 109.2 | R14: ='FS-AD Daily '!W18 -> 97.61 | S14: =P14-Q14-R14 -> 183.39 | T14: ='FS-AD Daily '!AD18*3.516 -> 40641.444 | U14: =('FS-AD Daily '!AF18)*1000 -> 18300 | V14: =('FS-AD Daily '!AG18)*1000 -> 5600 | W14: ='FS-AD Daily '!AH18*1000 -> 5400 | X14: =('FS-AD Daily '!AK18)*1000 -> 12300 | Y14: 186 | Z14: 250
... A32: Abu Dhabi | B32: =B31+1 -> 31 | C32: 1 | D32: 2020 | E32: ='FS-AD Daily '!B36 -> 8023 | F32: ='FS-AD Daily '!C36 -> 5767 | G32: ='FS-AD Daily '!D36 -> 922 | H32: ='FS-AD Daily '!E36 -> 7062 | I32: ='FS-AD Daily '!F36 -> 6156 | J32: ='FS-AD Daily '!G36 -> 3238 | K32: ='FS-AD Daily '!H36 -> 4011 | L32: ='FS-AD Daily '!I36 -> 2269 | M32: ='FS-AD Daily '!J36 -> 7073 | N32: ='FS-AD Daily '!T36 -> 214.602 | O32: ='FS-AD Daily '!R36 -> 77.371 | P32: ='FS-AD Daily '!Z36 -> 476.4 | Q32: ='FS-AD Daily '!V36 -> 166 | R32: ='FS-AD Daily '!W36 -> 94.82 | S32: =P32-Q32-R32 -> 215.58 | T32: ='FS-AD Daily '!AD36*3.516 -> 41805.24 | U32: =('FS-AD Daily '!AF36)*1000 -> 18900 | V32: =('FS-AD Daily '!AG36)*1000 -> 5600 | W32: ='FS-AD Daily '!AH36*1000 -> 5900 | X32: =('FS-AD Daily '!AK36)*1000 -> 9200 | Y32: 178 | Z32: 291
Y33: =SUM(Y2:Y32) -> 4829 | Z33: =SUM(Z2:Z32) -> 7807
Q947: =IF(('FS-AD Daily '!AX1139-'FS-AD Daily '!AX1138<0), "",'FS-AD Daily '!AX1139-'FS-AD Daily '!AX1138) -> 0
Q948: =IF(('FS-AD Daily '!AX1140-'FS-AD Daily '!AX1139<0), "",'FS-AD Daily '!AX1140-'FS-AD Daily '!AX1139) -> 0
Q949: =IF(('FS-AD Daily '!AX1141-'FS-AD Daily '!AX1140<0), "",'FS-AD Daily '!AX1141-'FS-AD Daily '!AX1140) -> 0
Q950: =IF(('FS-AD Daily '!AX1142-'FS-AD Daily '!AX1141<0), "",'FS-AD Daily '!AX1142-'FS-AD Daily '!AX1141) -> 0
Q951: =IF(('FS-AD Daily '!AX1143-'FS-AD Daily '!AX1142<0), "",'FS-AD Daily '!AX1143-'FS-AD Daily '!AX1142) -> 0
Q952: =IF(('FS-AD Daily '!AX1144-'FS-AD Daily '!AX1143<0), "",'FS-AD Daily '!AX1144-'FS-AD Daily '!AX1143) -> 0
Q953: =IF(('FS-AD Daily '!AX1145-'FS-AD Daily '!AX1144<0), "",'FS-AD Daily '!AX1145-'FS-AD Daily '!AX1144) -> 0
Q954: =IF(('FS-AD Daily '!AX1146-'FS-AD Daily '!AX1145<0), "",'FS-AD Daily '!AX1146-'FS-AD Daily '!AX1145) -> 0
Q955: =IF(('FS-AD Daily '!AX1147-'FS-AD Daily '!AX1146<0), "",'FS-AD Daily '!AX1147-'FS-AD Daily '!AX1146) -> 0
Q956: =IF(('FS-AD Daily '!AX1148-'FS-AD Daily '!AX1147<0), "",'FS-AD Daily '!AX1148-'FS-AD Daily '!AX1147) -> 0
Q957: =IF(('FS-AD Daily '!AX1149-'FS-AD Daily '!AX1148<0), "",'FS-AD Daily '!AX1149-'FS-AD Daily '!AX1148) -> 0
Q958: =IF(('FS-AD Daily '!AX1150-'FS-AD Daily '!AX1149<0), "",'FS-AD Daily '!AX1150-'FS-AD Daily '!AX1149) -> 0
... Q65340: =IF(('FS-AD Daily '!AX65532-'FS-AD Daily '!AX65531<0), "",'FS-AD Daily '!AX65532-'FS-AD Daily '!AX65531) -> 0
Q65341: =IF(('FS-AD Daily '!#REF!-'FS-AD Daily '!AX65532<0), "",'FS-AD Daily '!#REF!-'FS-AD Daily '!AX65532) -> #REF!
Q65342: =IF(('FS-AD Daily '!#REF!-'FS-AD Daily '!#REF!<0), "",'FS-AD Daily '!#REF!-'FS-AD Daily '!#REF!) -> #REF!

Sheet FS-AD Daily 
A1: DATE | B1: ELECTRICAL METERS | K1: TOTAL CONSUMPTION (kWh) | L1: ELECTRICITY - TOTAL (AED) | M1: Concrete Tank Meter (Daily Consumption) | N1: Fiber tank Meter Cold Water Podium & Galleria Staff Toilet Section 2 | O1: Galleria Hot water Public Area | P1: Water Bulk 3 Meter Galleria (Daily Consumption) section 1 | Q1: Irrigation Tank Meter (Daily Consumption) | R1: Galleria Consumption m3 | S1: GALLERIA WATER TOTAL COST (AED) | T1: WATER METER (Daily Consumption) m3 | U1: FSH WATER (AED) | V1: Hot Water Boiler (Daily Gas Consumption m 3) | W1: Steam Boiler (Daily Gas Consumption m 3) | X1: GAS METERS (Daily Reading) | Z1: GAS (Daily Consumption m 3) | AA1: GAS (AED) | AB1: CHILLED WATER (Daily Reading) Present HT | AC1: CHILLED WATER (Daily Reading) Previous HT | AD1: CHILLED WATER (Daily Consumption) HT | AE1: CHILLED WATER (AED) | AF1: Podium Chilled Water - MWh | AG1: Guest Room Chilled Water MWh | AH1: Residence Chilled Water MWh | AI1: Galleria chilled water MWH Previous | AJ1: Galleria chilled water MWH Present | AK1: Galleria Chilled Water Total MWH | AL1: Galleria Chilled Water Total HT | AM1: CHILLED WATER (AED) | AN1: OCCUPANCY (Room Night) | AO1: TOTAL (AED) | AQ1: THR AED (0.334529) | AR1: MWH = H.TON (1 = 284.34)
A2: 2020 | B2: 1 | C2: 2 | D2: 3 | E2: 4 | F2: 5 | G2: 6 | H2: 7 | I2: 8 | J2: 9 | K2: TOTAL CONSUMPTION (KWH) | L2: TOTAL AMOUNT (AED) | X2: 1 | Y2: 2 | AA2: (AED. 10.02/m3 + AED. 0.50 Service) | AC2: (K21B2419000) | AE2: AED. 0.334569/Ton | AM2: AED. 0.334569/Ton
B3: 4626096222-E | C3: 6572482789-E | D3: 3190048503-E | E3: 3732963488-E | F3: 4626096253-E | G3: 7651356710-E | H3: 5076351256-E | I3: 8990986529-E | J3: 6057081392-E
B4: LVS-1 SECTION A | C4: LVS-1 SECTION B | D4: LVS-2 (CAFÉ MILANO) | E4: LVS-3 SECTION A | F4: LVS-3 SECTION B | G4: LVS-4 SECTION A | H4: LVS-4 SECTION B | I4: LVS-5 (FLOOR 15-32) | J4: LVS-LRLV (RETAIL) | Y4: 614889.2 | AB4: 36663228 | AJ4: 33048.2
A5: TOTAL | E5: Hot water calorifiers L 14 feed 15 - 19 floor | G5: Residence Apartment chilled water pump share feeder | H5: Residence Public Area Electric DB share feeder | I5: Residence apartments Electric DB (individual apartment feeder) | X5: Galleria independent supply | AA5: =SUM(#REF!) -> #REF! | AE5: =SUM(#REF!) -> #REF! | AK5: =SUM(#REF!) -> #REF! | AO5: =SUM(#REF!) -> #REF!
A6: 43831 | B6: 6990 | C6: 4191 | D6: 851 | E6: 7228 | F6: 6141 | G6: 3214 | H6: 3963 | I6: 2153 | J6: 7208 | K6: =SUM(B6:H6) -> 32578 | L6: =K6*0.21 -> 6841.38 | M6: 237.219 | N6: 6.978 | O6: 7.104 | P6: 69.016 | Q6: 4.795 | R6: =N6+O6+P6 -> 83.098 | S6: =(N6+O6+P6)*7.84 -> 651.48832 | T6: =M6+Q6 -> 242.014 | U6: =T6*7.84 -> 1897.3898 | V6: 186.3 | W6: 105.02 | X6: 0001523.20 | Y6: 615363 | Z6: =IF((Y6-Y5<0), "0",Y6-Y4) -> 473.8 | AA6: =Z6*10.07 -> 4771.166 | AB6: 36680399 | AC6: 36663228 | AD6: =IF((AB6-AC6<0), "0",AB6-AC6) -> 17171 | AE6: =AD6*0.334569 -> 5744.8843 | AF6: 23.3 | AG6: 9.1 | AH6: 7.1 | AI6: 33048.2 | AJ6: 33066.2 | AK6: =IF((AJ6-AI6)<0, "0",AJ6-AI6) -> 18 | AL6: =AK6*(284.34513609) -> 5118.2124 | AM6: =AL6*0.334569 -> 1712.3952 | AN6: 125 | AO6: =L6+U6+AA6+AE6 -> 19254.82
A7: 43832 | B7: 6543 | C7: 4104 | D7: 868 | E7: 7819 | F7: 6202 | G7: 3262 | H7: 4544 | I7: 2292 | J7: 7333 | K7: =SUM(B7:H7) -> 33342 | L7: =K7*0.21 -> 7001.82 | M7: 218.06 | N7: 3.164 | O7: 6.564 | P7: 63.78 | Q7: 7.184 | R7: =N7+O7+P7 -> 73.508 | S7: =(N7+O7+P7)*7.84 -> 576.30272 | T7: =M7+Q7 -> 225.244 | U7: =T7*7.84 -> 1765.913 | V7: 150.1 | W7: 121.25 | X7: 0001523.20 | Y7: 615808 | Z7: =IF((Y7-Y6<0), "0",Y7-Y6) -> 445 | AA7: =Z7*10.07 -> 4481.15 | AB7: 36697520 | AC7: =AB6 -> 36680399 | AD7: =IF((AB7-AC7<0), "0",AB7-AC7) -> 17121 | AE7: =AD7*0.334569 -> 5728.1558 | AF7: 27.1 | AG7: 9.7 | AH7: 7.4 | AI7: =AJ6 -> 33066.2 | AJ7: 33084 | AK7: =IF((AJ7-AI7)<0, "0",AJ7-AI7) -> 17.8 | AL7: =AK7*(284.34513609) -> 5061.3434 | AM7: =AL7*0.334569 -> 1693.3686 | AN7: 147 | AO7: =L7+U7+AA7+AE7 -> 18977.039
A8: 43833 | B8: 6167 | C8: 4299 | D8: 820 | E8: 7687 | F8: 6160 | G8: 3234 | H8: 3902 | I8: 2188 | J8: 7009 | K8: =SUM(B8:H8) -> 32269 | L8: =K8*0.21 -> 6776.49 | M8: 197.999 | N8: 3.065 | O8: 6.876 | P8: 68.714 | Q8: 4.304 | R8: =N8+O8+P8 -> 78.655 | S8: =(N8+O8+P8)*7.84 -> 616.6552 | T8: =M8+Q8 -> 202.303 | U8: =T8*7.84 -> 1586.0555 | V8: 125 | W8: 116.58 | X8: 0001523.20 | Y8: 616270.5 | Z8: =IF((Y8-Y7<0), "0",Y8-Y7) -> 462.5 | AA8: =Z8*10.07 -> 4657.375 | AB8: 36714428 | AC8: =AB7 -> 36697520 | AD8: =IF((AB8-AC8<0), "0",AB8-AC8) -> 16908 | AE8: =AD8*0.334569 -> 5656.8927 | AF8: 27.6 | AG8: 10 | AH8: 8.1 | AI8: =AJ7 -> 33084 | AJ8: 33100.7 | AK8: =IF((AJ8-AI8)<0, "0",AJ8-AI8) -> 16.7 | AL8: =AK8*(284.34513609) -> 4748.5638 | AM8: =AL8*0.334569 -> 1588.7222 | AN8: 180 | AO8: =L8+U8+AA8+AE8 -> 18676.813
A9: 43834 | B9: 7024 | C9: 4353 | D9: 830 | E9: 8174 | F9: 6387 | G9: 3442 | H9: 3779 | I9: 2457 | J9: 7431 | K9: =SUM(B9:H9) -> 33989 | L9: =K9*0.21 -> 7137.69 | M9: 204.221 | N9: 5.707 | O9: 6.357 | P9: 66.955 | Q9: 8.03 | R9: =N9+O9+P9 -> 79.019 | S9: =(N9+O9+P9)*7.84 -> 619.50896 | T9: =M9+Q9 -> 212.251 | U9: =T9*7.84 -> 1664.0478 | V9: 119.9 | W9: 116.46 | X9: 0001523.20 | Y9: 616689.4 | Z9: =IF((Y9-Y8<0), "0",Y9-Y8) -> 418.9 | AA9: =Z9*10.07 -> 4218.323 | AB9: 36731098 | AC9: =AB8 -> 36714428 | AD9: =IF((AB9-AC9<0), "0",AB9-AC9) -> 16670 | AE9: =AD9*0.334569 -> 5577.2652 | AF9: 26.1 | AG9: 11.5 | AH9: 8.1 | AI9: =AJ8 -> 33100.7 | AJ9: 33117 | AK9: =IF((AJ9-AI9)<0, "0",AJ9-AI9) -> 16.3 | AL9: =AK9*(284.34513609) -> 4634.8257 | AM9: =AL9*0.334569 -> 1550.669 | AN9: 154 | AO9: =L9+U9+AA9+AE9 -> 18597.326
A10: 43835 | B10: 7522 | C10: 4563 | D10: 809 | E10: 8081 | F10: 6109 | G10: 3223 | H10: 3816 | I10: 2345 | J10: 6995 | K10: =SUM(B10:H10) -> 34123 | L10: =K10*0.21 -> 7165.83 | M10: 201.345 | N10: 2.774 | O10: 5.614 | P10: 58.51 | Q10: 4.854 | R10: =N10+O10+P10 -> 66.898 | S10: =(N10+O10+P10)*7.84 -> 524.48032 | T10: =M10+Q10 -> 206.199 | U10: =T10*7.84 -> 1616.6002 | V10: 103.4 | W10: 106.9 | X10: 0001523.20 | Y10: 617083 | Z10: =IF((Y10-Y9<0), "0",Y10-Y9) -> 393.6 | AA10: =Z10*10.07 -> 3963.552 | AB10: 36747642 | AC10: =AB9 -> 36731098 | AD10: =IF((AB10-AC10<0), "0",AB10-AC10) -> 16544 | AE10: =AD10*0.334569 -> 5535.1095 | AF10: 28.6 | AG10: 10.3 | AH10: 7.3 | AI10: =AJ9 -> 33117 | AJ10: 33133.8 | AK10: =IF((AJ10-AI10)<0, "0",AJ10-AI10) -> 16.8 | AL10: =AK10*(284.34513609) -> 4776.9983 | AM10: =AL10*0.334569 -> 1598.2355 | AN10: 145 | AO10: =L10+U10+AA10+AE10 -> 18281.092
A11: 43836 | B11: 6398 | C11: 4196 | D11: 849 | E11: 8287 | F11: 6225 | G11: 3336 | H11: 4008 | I11: 2295 | J11: 7060 | K11: =SUM(B11:H11) -> 33299 | L11: =K11*0.21 -> 6992.79 | M11: 196.214 | N11: 2.779 | O11: 5.963 | P11: 60.256 | Q11: 6.638 | R11: =N11+O11+P11 -> 68.998 | S11: =(N11+O11+P11)*7.84 -> 540.94432 | T11: =M11+Q11 -> 202.852 | U11: =T11*7.84 -> 1590.3597 | V11: 107.6 | W11: 105.22 | X11: 0001523.20 | Y11: 617464.7 | Z11: =IF((Y11-Y10<0), "0",Y11-Y10) -> 381.7 | AA11: =Z11*10.07 -> 3843.719 | AB11: 36762563 | AC11: =AB10 -> 36747642 | AD11: =IF((AB11-AC11<0), "0",AB11-AC11) -> 14921 | AE11: =AD11*0.334569 -> 4992.104 | AF11: 22 | AG11: 13.6 | AH11: 6.2 | AI11: =AJ10 -> 33133.8 | AJ11: 33149.5 | AK11: =IF((AJ11-AI11)<0, "0",AJ11-AI11) -> 15.7 | AL11: =AK11*(284.34513609) -> 4464.2186 | AM11: =AL11*0.334569 -> 1493.5892 | AN11: 159 | AO11: =L11+U11+AA11+AE11 -> 17418.973
A12: 43837 | B12: 7654 | C12: 4326 | D12: 828 | E12: 8063 | F12: 5996 | G12: 3345 | H12: 3701 | I12: 2271 | J12: 7162 | K12: =SUM(B12:H12) -> 33913 | L12: =K12*0.21 -> 7121.73 | M12: 194.142 | N12: 2.766 | O12: 5.095 | P12: 57.952 | Q12: 5.981 | R12: =N12+O12+P12 -> 65.813 | S12: =(N12+O12+P12)*7.84 -> 515.97392 | T12: =M12+Q12 -> 200.123 | U12: =T12*7.84 -> 1568.9643 | V12: 95.6 | W12: 100.35 | X12: 0001523.20 | Y12: 617830.3 | Z12: =IF((Y12-Y11<0), "0",Y12-Y11) -> 365.6 | AA12: =Z12*10.07 -> 3681.592 | AB12: 36777168 | AC12: =AB11 -> 36762563 | AD12: =IF((AB12-AC12<0), "0",AB12-AC12) -> 14605 | AE12: =AD12*0.334569 -> 4886.3802 | AF12: 22 | AG12: 11.9 | AH12: 6.6 | AI12: =AJ11 -> 33149.5 | AJ12: 33163.4 | AK12: =IF((AJ12-AI12)<0, "0",AJ12-AI12) -> 13.9 | AL12: =AK12*(284.34513609) -> 3952.3974 | AM12: =AL12*0.334569 -> 1322.3496 | AN12: 167 | AO12: =L12+U12+AA12+AE12 -> 17258.667
A13: 43838 | B13: 5671 | C13: 4276 | D13: 835 | E13: 7805 | F13: 5850 | G13: 3180 | H13: 3660 | I13: 2203 | J13: 7012 | K13: =SUM(B13:H13) -> 31277 | L13: =K13*0.21 -> 6568.17 | M13: 211.479 | N13: 3.213 | O13: 4.838 | P13: 60.173 | Q13: 5.256 | R13: 4.9 | S13: =(N13+O13+P13)*7.84 -> 534.87616 | T13: =M13+Q13 -> 216.735 | U13: =T13*7.84 -> 1699.2024 | V13: 96.2 | W13: 101.28 | X13: 0001523.20 | Y13: 618220.1 | Z13: =IF((Y13-Y12<0), "0",Y13-Y12) -> 389.8 | AA13: =Z13*10.07 -> 3925.286 | AB13: 36791076 | AC13: =AB12 -> 36777168 | AD13: =IF((AB13-AC13<0), "0",AB13-AC13) -> 13908 | AE13: =AD13*0.334569 -> 4653.1857 | AF13: 21.5 | AG13: 10.3 | AH13: 6.4 | AI13: =AJ12 -> 33163.4 | AJ13: 33176.5 | AK13: =IF((AJ13-AI13)<0, "0",AJ13-AI13) -> 13.1 | AL13: =AK13*(284.34513609) -> 3724.9213 | AM13: =AL13*0.334569 -> 1246.2432 | AN13: 143 | AO13: =L13+U13+AA13+AE13 -> 16845.844
A14: 43839 | B14: 6610 | C14: 4654 | D14: 839 | E14: 7833 | F14: 5894 | G14: 3211 | H14: 3674 | I14: 2250 | J14: 7145 | K14: =SUM(B14:H14) -> 32715 | L14: =K14*0.21 -> 6870.15 | M14: 208.108 | N14: 3.241 | O14: 5.807 | P14: 68.685 | Q14: 8.387 | R14: =N14+O14+P14 -> 77.733 | S14: =(N14+O14+P14)*7.84 -> 609.42672 | T14: =M14+Q14 -> 216.495 | U14: =T14*7.84 -> 1697.3208 | V14: 110.8 | W14: 94.08 | X14: 0001523.20 | Y14: 618622.1 | Z14: =IF((Y14-Y13<0), "0",Y14-Y13) -> 402 | AA14: =Z14*10.07 -> 4048.14 | AB14: 36805662 | AC14: =AB13 -> 36791076 | AD14: =IF((AB14-AC14<0), "0",AB14-AC14) -> 14586 | AE14: =AD14*0.334569 -> 4880.0234 | AF14: 23 | AG14: 9.9 | AH14: 6.1 | AI14: =AJ13 -> 33176.5 | AJ14: 33191.3 | AK14: =IF((AJ14-AI14)<0, "0",AJ14-AI14) -> 14.8 | AL14: =AK14*(284.34513609) -> 4208.308 | AM14: =AL14*0.334569 -> 1407.9694 | AN14: 145 | AO14: =L14+U14+AA14+AE14 -> 17495.634
A15: 43840 | B15: 7502 | C15: 4466 | D15: 855 | E15: 8075 | F15: 6015 | G15: 3315 | H15: 4402 | I15: 2235 | J15: 7232 | K15: =SUM(B15:H15) -> 34630 | L15: =K15*0.21 -> 7272.3 | M15: 186.717 | N15: 3.158 | O15: 4.676 | P15: 64.29 | Q15: 4.415 | R15: =N15+O15+P15 -> 72.124 | S15: =(N15+O15+P15)*7.84 -> 565.45216 | T15: =M15+Q15 -> 191.132 | U15: =T15*7.84 -> 1498.4749 | V15: 121.8 | W15: 102.05 | X15: 0001523.20 | Y15: 619046.4 | Z15: =IF((Y15-Y14<0), "0",Y15-Y14) -> 424.3 | AA15: =Z15*10.07 -> 4272.701 | AB15: 36821008 | AC15: =AB14 -> 36805662 | AD15: =IF((AB15-AC15<0), "0",AB15-AC15) -> 15346 | AE15: =AD15*0.334569 -> 5134.2959 | AF15: 27.2 | AG15: 8.3 | AH15: 6.1 | AI15: =AJ14 -> 33191.3 | AJ15: 33206.9 | AK15: =IF((AJ15-AI15)<0, "0",AJ15-AI15) -> 15.6 | AL15: =AK15*(284.34513609) -> 4435.7841 | AM15: =AL15*0.334569 -> 1484.0759 | AN15: 173 | AO15: =L15+U15+AA15+AE15 -> 18177.772
A16: 43841 | B16: 8244 | C16: 4597 | D16: 855 | E16: 8239 | F16: 5991 | G16: 3284 | H16: 4018 | I16: 2367 | J16: 7106 | K16: =SUM(B16:H16) -> 35228 | L16: =K16*0.21 -> 7397.88 | M16: 190.231 | N16: 2.463 | O16: 4.835 | P16: 67.945 | Q16: 5.048 | R16: =N16+O16+P16 -> 75.243 | S16: =(N16+O16+P16)*7.84 -> 589.90512 | T16: =M16+Q16 -> 195.279 | U16: =T16*7.84 -> 1530.9874 | V16: 104.6 | W16: 93.63 | X16: 0001523.20 | Y16: 619434.1 | Z16: =IF((Y16-Y15<0), "0",Y16-Y15) -> 387.7 | AA16: =Z16*10.07 -> 3904.139 | AB16: 36833884 | AC16: =AB15 -> 36821008 | AD16: =IF((AB16-AC16<0), "0",AB16-AC16) -> 12876 | AE16: =AD16*0.334569 -> 4307.9104 | AF16: 21.8 | AG16: 7.1 | AH16: 5 | AI16: =AJ15 -> 33206.9 | AJ16: 33220.5 | AK16: =IF((AJ16-AI16)<0, "0",AJ16-AI16) -> 13.6 | AL16: =AK16*(284.34513609) -> 3867.0939 | AM16: =AL16*0.334569 -> 1293.8097 | AN16: 168 | AO16: =L16+U16+AA16+AE16 -> 17140.917
A17: 43842 | B17: 8547 | C17: 4959 | D17: 834 | E17: 7952 | F17: 5908 | G17: 3209 | H17: 3507 | I17: 2254 | J17: 6784 | K17: =SUM(B17:H17) -> 34916 | L17: =K17*0.21 -> 7332.36 | M17: 230.267 | N17: 4.131 | O17: 5.405 | P17: 66.303 | Q17: 4.815 | R17: =N17+O17+P17 -> 75.839 | S17: =(N17+O17+P17)*7.84 -> 594.57776 | T17: =M17+Q17 -> 235.082 | U17: =T17*7.84 -> 1843.0429 | V17: 115.8 | W17: 103.19 | X17: 0001523.20 | Y17: 619843.7 | Z17: =IF((Y17-Y16<0), "0",Y17-Y16) -> 409.6 | AA17: =Z17*10.07 -> 4124.672 | AB17: 36844874 | AC17: =AB16 -> 36833884 | AD17: =IF((AB17-AC17<0), "0",AB17-AC17) -> 10990 | AE17: =AD17*0.334569 -> 3676.9133 | AF17: 16.7 | AG17: 5.2 | AH17: 5.3 | AI17: =AJ16 -> 33220.5 | AJ17: 33231.9 | AK17: =IF((AJ17-AI17)<0, "0",AJ17-AI17) -> 11.4 | AL17: =AK17*(284.34513609) -> 3241.5346 | AM17: =AL17*0.334569 -> 1084.517 | AN17: 183 | AO17: =L17+U17+AA17+AE17 -> 16976.988
A18: 43843 | B18: 8888 | C18: 5015 | D18: 809 | E18: 7967 | F18: 6043 | G18: 3369 | H18: 3724 | I18: 2227 | J18: 6853 | K18: =SUM(B18:H18) -> 35815 | L18: =K18*0.21 -> 7521.15 | M18: =11686.584-11492.323 -> 194.261 | N18: 5.258 | O18: 5.277 | P18: 51.945 | Q18: 6.103 | R18: =N18+O18+P18 -> 62.48 | S18: =(N18+O18+P18)*7.84 -> 489.8432 | T18: =M18+Q18 -> 200.364 | U18: =T18*7.84 -> 1570.8538 | V18: 109.2 | W18: 97.61 | X18: 0001523.20 | Y18: 620233.9 | Z18: =IF((Y18-Y17<0), "0",Y18-Y17) -> 390.2 | AA18: =Z18*10.07 -> 3929.314 | AB18: 36856433 | AC18: =AB17 -> 36844874 | AD18: =IF((AB18-AC18<0), "0",AB18-AC18) -> 11559 | AE18: =AD18*0.334569 -> 3867.2831 | AF18: 18.3 | AG18: 5.6 | AH18: 5.4 | AI18: =AJ17 -> 33231.9 | AJ18: 33244.2 | AK18: =IF((AJ18-AI18)<0, "0",AJ18-AI18) -> 12.3 | AL18: =AK18*(284.34513609) -> 3497.4452 | AM18: =AL18*0.334569 -> 1170.1367 | AN18: 186 | AO18: =L18+U18+AA18+AE18 -> 16888.601
A19: 43844 | B19: 8748 | C19: 4635 | D19: 789 | E19: 7889 | F19: 5850 | G19: 3279 | H19: 3861 | I19: 2169 | J19: 6688 | K19: =SUM(B19:H19) -> 35051 | L19: =K19*0.21 -> 7360.71 | M19: 193.681 | N19: 5.279 | O19: 5.891 | P19: 55.434 | Q19: 5.027 | R19: =N19+O19+P19 -> 66.604 | S19: =(N19+O19+P19)*7.84 -> 522.17536 | T19: =M19+Q19 -> 198.708 | U19: =T19*7.84 -> 1557.8707 | V19: 115.7 | W19: 95.72 | X19: 0001523.20 | Y19: 620633.3 | Z19: =IF((Y19-Y18<0), "0",Y19-Y18) -> 399.4 | AA19: =Z19*10.07 -> 4021.958 | AB19: 36866910 | AC19: =AB18 -> 36856433 | AD19: =IF((AB19-AC19<0), "0",AB19-AC19) -> 10477 | AE19: =AD19*0.334569 -> 3505.2794 | AF19: 16.6 | AG19: 5.1 | AH19: 4.6 | AI19: =AJ18 -> 33244.2 | AJ19: 33254.7 | AK19: =IF((AJ19-AI19)<0, "0",AJ19-AI19) -> 10.5 | AL19: =AK19*(284.34513609) -> 2985.6239 | AM19: =AL19*0.334569 -> 998.89721 | AN19: 181 | AO19: =L19+U19+AA19+AE19 -> 16445.818
A20: 43845 | B20: 8844 | C20: 5187 | D20: 840 | E20: 8081 | F20: 5988 | G20: 3246 | H20: 4132 | I20: 2242 | J20: 6949 | K20: =SUM(B20:H20) -> 36318 | L20: =K20*0.21 -> 7626.78 | M20: =12099.262-11880.265 -> 218.997 | N20: 5.5 | O20: 6.561 | P20: 62.278 | Q20: 4.809 | R20: =N20+O20+P20 -> 74.339 | S20: =(N20+O20+P20)*7.84 -> 582.81776 | T20: =M20+Q20 -> 223.806 | U20: =T20*7.84 -> 1754.639 | V20: 128.5 | W20: 98.19 | X20: 0001523.20 | Y20: 621053.1 | Z20: =IF((Y20-Y19<0), "0",Y20-Y19) -> 419.8 | AA20: =Z20*10.07 -> 4227.386 | AB20: 36877806 | AC20: =AB19 -> 36866910 | AD20: =IF((AB20-AC20<0), "0",AB20-AC20) -> 10896 | AE20: =AD20*0.334569 -> 3645.4638 | AF20: 17.8 | AG20: 5.1 | AH20: 4.1 | AI20: =AJ19 -> 33254.7 | AJ20: 33265.6 | AK20: =IF((AJ20-AI20)<0, "0",AJ20-AI20) -> 10.9 | AL20: =AK20*(284.34513609) -> 3099.362 | AM20: =AL20*0.334569 -> 1036.9504 | AN20: 171 | AO20: =L20+U20+AA20+AE20 -> 17254.269
A21: 43846 | B21: 7943 | C21: 4413 | D21: 799 | E21: 7904 | F21: 5892 | G21: 3152 | H21: 4070 | I21: 2147 | J21: 7046 | K21: =SUM(B21:H21) -> 34173 | L21: =K21*0.21 -> 7176.33 | M21: 214.571 | N21: 5.586 | O21: 6.44 | P21: 68.641 | Q21: 6.478 | R21: =N21+O21+P21 -> 80.667 | S21: =(N21+O21+P21)*7.84 -> 632.42928 | T21: =M21+Q21 -> 221.049 | U21: =T21*7.84 -> 1733.0242 | V21: 116.5 | W21: 94.68 | X21: 0001523.20 | Y21: 621465.2 | Z21: =IF((Y21-Y20<0), "0",Y21-Y20) -> 412.1 | AA21: =Z21*10.07 -> 4149.847 | AB21: 36888991 | AC21: =AB20 -> 36877806 | AD21: =IF((AB21-AC21<0), "0",AB21-AC21) -> 11185 | AE21: =AD21*0.334569 -> 3742.1543 | AF21: 16.9 | AG21: 5.5 | AH21: 5.1 | AI21: =AJ20 -> 33265.6 | AJ21: 33276.3 | AK21: =IF((AJ21-AI21)<0, "0",AJ21-AI21) -> 10.7 | AL21: =AK21*(284.34513609) -> 3042.493 | AM21: =AL21*0.334569 -> 1017.9238 | AN21: 148 | AO21: =L21+U21+AA21+AE21 -> 16801.355
A22: 43847 | B22: 7806 | C22: 3928 | D22: 831 | E22: 7885 | F22: 6066 | G22: 2972 | H22: 3921 | I22: 2113 | J22: 7132 | K22: =SUM(B22:H22) -> 33409 | L22: =K22*0.21 -> 7015.89 | M22: 180.941 | N22: 5.971 | O22: 6.288 | P22: 70.452 | Q22: 3.535 | R22: =N22+O22+P22 -> 82.711 | S22: =(N22+O22+P22)*7.84 -> 648.45424 | T22: =M22+Q22 -> 184.476 | U22: =T22*7.84 -> 1446.2918 | V22: 111.8 | W22: 97.99 | X22: 0001523.20 | Y22: 621869.8 | Z22: =IF((Y22-Y21<0), "0",Y22-Y21) -> 404.6 | AA22: =Z22*10.07 -> 4074.322 | AB22: 36900360 | AC22: =AB21 -> 36888991 | AD22: =IF((AB22-AC22<0), "0",AB22-AC22) -> 11369 | AE22: =AD22*0.334569 -> 3803.715 | AF22: 17.3 | AG22: 5.1 | AH22: 5.4 | AI22: =AJ21 -> 33276.3 | AJ22: 33287.9 | AK22: =IF((AJ22-AI22)<0, "0",AJ22-AI22) -> 11.6 | AL22: =AK22*(284.34513609) -> 3298.4036 | AM22: =AL22*0.334569 -> 1103.5436 | AN22: 156 | AO22: =L22+U22+AA22+AE22 -> 16340.219
A23: 43848 | B23: 7561 | C23: 3401 | D23: 854 | E23: 7906 | F23: 6015 | G23: 2999 | H23: 4013 | I23: 2278 | J23: 7064 | K23: =SUM(B23:H23) -> 32749 | L23: =K23*0.21 -> 6877.29 | M23: 170.626 | N23: 5.042 | O23: 6.301 | P23: 69.783 | Q23: 4.563 | R23: =N23+O23+P23 -> 81.126 | S23: =(N23+O23+P23)*7.84 -> 636.02784 | T23: =M23+Q23 -> 175.189 | U23: =T23*7.84 -> 1373.4818 | V23: 107 | W23: 102.31 | X23: 0001523.20 | Y23: 622265.3 | Z23: =IF((Y23-Y22<0), "0",Y23-Y22) -> 395.5 | AA23: =Z23*10.07 -> 3982.685 | AB23: 36912574 | AC23: =AB22 -> 36900360 | AD23: =IF((AB23-AC23<0), "0",AB23-AC23) -> 12214 | AE23: =AD23*0.334569 -> 4086.4258 | AF23: 18.6 | AG23: 5.4 | AH23: 5.7 | AI23: =AJ22 -> 33287.9 | AJ23: 33300.8 | AK23: =IF((AJ23-AI23)<0, "0",AJ23-AI23) -> 12.9 | AL23: =AK23*(284.34513609) -> 3668.0523 | AM23: =AL23*0.334569 -> 1227.2166 | AN23: 137 | AO23: =L23+U23+AA23+AE23 -> 16319.883
A24: 43849 | B24: 7903 | C24: 4603 | D24: 835 | E24: 8216 | F24: 6147 | G24: 3239 | H24: 3760 | I24: 2234 | J24: 7102 | K24: =SUM(B24:H24) -> 34703 | L24: =K24*0.21 -> 7287.63 | M24: 228.647 | N24: 5.423 | O24: 6.359 | P24: 66.778 | Q24: 5.098 | R24: =N24+O24+P24 -> 78.56 | S24: =(N24+O24+P24)*7.84 -> 615.9104 | T24: =M24+Q24 -> 233.745 | U24: =T24*7.84 -> 1832.5608 | V24: 117.1 | W24: 104.48 | X24: 0001523.20 | Y24: 622677.7 | Z24: =IF((Y24-Y23<0), "0",Y24-Y23) -> 412.4 | AA24: =Z24*10.07 -> 4152.868 | AB24: 36926104 | AC24: =AB23 -> 36912574 | AD24: =IF((AB24-AC24<0), "0",AB24-AC24) -> 13530 | AE24: =AD24*0.334569 -> 4526.7186 | AF24: 23.1 | AG24: 6.2 | AH24: 5.8 | AI24: =AJ23 -> 33300.8 | AJ24: 33312.8 | AK24: =IF((AJ24-AI24)<0, "0",AJ24-AI24) -> 12 | AL24: =AK24*(284.34513609) -> 3412.1416 | AM24: =AL24*0.334569 -> 1141.5968 | AN24: 115 | AO24: =L24+U24+AA24+AE24 -> 17799.777
A25: 43850 | B25: 6401 | C25: 3849 | D25: 830 | E25: 7667 | F25: 5664 | G25: 3219 | H25: 3553 | I25: 2192 | J25: 6562 | K25: =SUM(B25:H25) -> 31183 | L25: =K25*0.21 -> 6548.43 | M25: 174.035 | N25: 6.171 | O25: 6.065 | P25: 53.576 | Q25: 4.811 | R25: =N25+O25+P25 -> 65.812 | S25: =(N25+O25+P25)*7.84 -> 515.96608 | T25: =M25+Q25 -> 178.846 | U25: =T25*7.84 -> 1402.1526 | V25: 113.3 | W25: 99.25 | X25: 0001523.20 | Y25: 623049.3 | Z25: =IF((Y25-Y24<0), "0",Y25-Y24) -> 371.6 | AA25: =Z25*10.07 -> 3742.012 | AB25: 36938662 | AC25: =AB24 -> 36926104 | AD25: =IF((AB25-AC25<0), "0",AB25-AC25) -> 12558 | AE25: =AD25*0.334569 -> 4201.5175 | AF25: 21.7 | AG25: 6 | AH25: 5.7 | AI25: =AJ24 -> 33312.8 | AJ25: 33323.6 | AK25: =IF((AJ25-AI25)<0, "0",AJ25-AI25) -> 10.8 | AL25: =AK25*(284.34513609) -> 3070.9275 | AM25: =AL25*0.334569 -> 1027.4371 | AN25: 137 | AO25: =L25+U25+AA25+AE25 -> 15894.112
A26: 43851 | B26: 7631 | C26: 4101 | D26: 826 | E26: 8062 | F26: 6032 | G26: 3117 | H26: 3698 | I26: 2178 | J26: 6757 | K26: =SUM(B26:H26) -> 33467 | L26: =K26*0.21 -> 7028.07 | M26: 201.738 | N26: 3.423 | O26: 5.63 | P26: 53.722 | Q26: 6.016 | R26: =N26+O26+P26 -> 62.775 | S26: =(N26+O26+P26)*7.84 -> 492.156 | T26: =M26+Q26 -> 207.754 | U26: =T26*7.84 -> 1628.7914 | V26: 113.5 | W26: 98.7 | X26: 0001523.20 | Y26: 623439.9 | Z26: =IF((Y26-Y25<0), "0",Y26-Y25) -> 390.6 | AA26: =Z26*10.07 -> 3933.342 | AB26: 36951096 | AC26: =AB25 -> 36938662 | AD26: =IF((AB26-AC26<0), "0",AB26-AC26) -> 12434 | AE26: =AD26*0.334569 -> 4160.0309 | AF26: 20.3 | AG26: 5.9 | AH26: 5.9 | AI26: =AJ25 -> 33323.6 | AJ26: 33332.9 | AK26: =IF((AJ26-AI26)<0, "0",AJ26-AI26) -> 9.3 | AL26: =AK26*(284.34513609) -> 2644.4098 | AM26: =AL26*0.334569 -> 884.73753 | AN26: 141 | AO26: =L26+U26+AA26+AE26 -> 16750.234
A27: 43852 | B27: 6753 | C27: 4259 | D27: 874 | E27: 7699 | F27: 6034 | G27: 3285 | H27: 3859 | I27: 2179 | J27: 6791 | K27: =SUM(B27:H27) -> 32763 | L27: =K27*0.21 -> 6880.23 | M27: 189.551 | N27: 2.927 | O27: 5.702 | P27: 60.509 | Q27: 4.903 | R27: =N27+O27+P27 -> 69.138 | S27: =(N27+O27+P27)*7.84 -> 542.04192 | T27: =M27+Q27 -> 194.454 | U27: =T27*7.84 -> 1524.5194 | V27: 128.6 | W27: 98.51 | X27: 0001523.20 | Y27: 623860.3 | Z27: =IF((Y27-Y26<0), "0",Y27-Y26) -> 420.4 | AA27: =Z27*10.07 -> 4233.428 | AB27: 36964011 | AC27: =AB26 -> 36951096 | AD27: =IF((AB27-AC27<0), "0",AB27-AC27) -> 12915 | AE27: =AD27*0.334569 -> 4320.9586 | AF27: 25.4 | AG27: 5.9 | AH27: 5.3 | AI27: =AJ26 -> 33332.9 | AJ27: 33342.7 | AK27: =IF((AJ27-AI27)<0, "0",AJ27-AI27) -> 9.8 | AL27: =AK27*(284.34513609) -> 2786.5823 | AM27: =AL27*0.334569 -> 932.30406 | AN27: 152 | AO27: =L27+U27+AA27+AE27 -> 16959.136
A28: 43853 | B28: 7439 | C28: 3914 | D28: 863 | E28: 7444 | F28: 5985 | G28: 3407 | H28: 3715 | I28: 2198 | J28: 6964 | K28: =SUM(B28:H28) -> 32767 | L28: =K28*0.21 -> 6881.07 | M28: 228.617 | N28: 3.146 | O28: 5.566 | P28: 65.082 | Q28: 7.402 | R28: =N28+O28+P28 -> 73.794 | S28: =(N28+O28+P28)*7.84 -> 578.54496 | T28: =M28+Q28 -> 236.019 | U28: =T28*7.84 -> 1850.389 | V28: 142.1 | W28: 99.39 | X28: 0001523.20 | Y28: 624286.6 | Z28: =IF((Y28-Y27<0), "0",Y28-Y27) -> 426.3 | AA28: =Z28*10.07 -> 4292.841 | AB28: 36978588 | AC28: =AB27 -> 36964011 | AD28: =IF((AB28-AC28<0), "0",AB28-AC28) -> 14577 | AE28: =AD28*0.334569 -> 4877.0123 | AF28: 26.5 | AG28: 7.3 | AH28: 6.1 | AI28: =AJ27 -> 33342.7 | AJ28: 33355 | AK28: =IF((AJ28-AI28)<0, "0",AJ28-AI28) -> 12.3 | AL28: =AK28*(284.34513609) -> 3497.4452 | AM28: =AL28*0.334569 -> 1170.1367 | AN28: 126 | AO28: =L28+U28+AA28+AE28 -> 17901.312
A29: 43854 | B29: 7487 | C29: 3900 | D29: 888 | E29: 7428 | F29: 6073 | G29: 3326 | H29: 3903 | I29: 2233 | J29: 6926 | K29: =SUM(B29:H29) -> 33005 | L29: =K29*0.21 -> 6931.05 | M29: 205.801 | N29: 3.635 | O29: 5.345 | P29: 67.978 | Q29: 4.439 | R29: =N29+O29+P29 -> 76.958 | S29: =(N29+O29+P29)*7.84 -> 603.35072 | T29: =M29+Q29 -> 210.24 | U29: =T29*7.84 -> 1648.2816 | V29: 137.4 | W29: 96.58 | X29: 0001523.20 | Y29: 624724.4 | Z29: =IF((Y29-Y28<0), "0",Y29-Y28) -> 437.8 | AA29: =Z29*10.07 -> 4408.646 | AB29: 36991235 | AC29: =AB28 -> 36978588 | AD29: =IF((AB29-AC29<0), "0",AB29-AC29) -> 12647 | AE29: =AD29*0.334569 -> 4231.2941 | AF29: 21.4 | AG29: 7.4 | AH29: 5.5 | AI29: =AJ28 -> 33355 | AJ29: 33365.7 | AK29: =IF((AJ29-AI29)<0, "0",AJ29-AI29) -> 10.7 | AL29: =AK29*(284.34513609) -> 3042.493 | AM29: =AL29*0.334569 -> 1017.9238 | AN29: 141 | AO29: =L29+U29+AA29+AE29 -> 17219.272
A30: 43855 | B30: 6462 | C30: 3669 | D30: 898 | E30: 7018 | F30: 5847 | G30: 3505 | H30: 3882 | I30: 2363 | J30: 6933 | K30: =SUM(B30:H30) -> 31281 | L30: =K30*0.21 -> 6569.01 | M30: 224 | N30: 5.9 | O30: 5.4 | P30: 69.3 | Q30: 7.8 | R30: =N30+O30+P30 -> 80.6 | S30: =(N30+O30+P30)*7.84 -> 631.904 | T30: =M30+Q30 -> 231.8 | U30: =T30*7.84 -> 1817.312 | V30: 173.4 | W30: 90.2 | X30: 0001523.20 | Y30: 625167.4 | Z30: =IF((Y30-Y29<0), "0",Y30-Y29) -> 443 | AA30: =Z30*10.07 -> 4461.01 | AB30: 37003686 | AC30: =AB29 -> 36991235 | AD30: =IF((AB30-AC30<0), "0",AB30-AC30) -> 12451 | AE30: =AD30*0.334569 -> 4165.7186 | AF30: 20.9 | AG30: 7.2 | AH30: 6 | AI30: =AJ29 -> 33365.7 | AJ30: 33375.5 | AK30: =IF((AJ30-AI30)<0, "0",AJ30-AI30) -> 9.8 | AL30: =AK30*(284.34513609) -> 2786.5823 | AM30: =AL30*0.334569 -> 932.30406 | AN30: 130 | AO30: =L30+U30+AA30+AE30 -> 17013.051
A31: 43856 | B31: 8490 | C31: 4904 | D31: 892 | E31: 7089 | F31: 5891 | G31: 3386 | H31: 4094 | I31: 2299 | J31: 6711 | K31: =SUM(B31:H31) -> 34746 | L31: =K31*0.21 -> 7296.66 | M31: 235.3 | N31: 3.5 | O31: 5.4 | P31: 58.7 | Q31: 2.3 | R31: =N31+O31+P31 -> 67.6 | S31: =(N31+O31+P31)*7.84 -> 529.984 | T31: =M31+Q31 -> 237.6 | U31: =T31*7.84 -> 1862.784 | V31: 152.4 | W31: 92.4 | X31: 0001523.20 | Y31: 625589.4 | Z31: =IF((Y31-Y30<0), "0",Y31-Y30) -> 422 | AA31: =Z31*10.07 -> 4249.54 | AB31: 37013921 | AC31: =AB30 -> 37003686 | AD31: =IF((AB31-AC31<0), "0",AB31-AC31) -> 10235 | AE31: =AD31*0.334569 -> 3424.3137 | AF31: 17.3 | AG31: 5.2 | AH31: 5.4 | AI31: =AJ30 -> 33375.5 | AJ31: 33383.2 | AK31: =IF((AJ31-AI31)<0, "0",AJ31-AI31) -> 7.7 | AL31: =AK31*(284.34513609) -> 2189.4575 | AM31: =AL31*0.334569 -> 732.52462 | AN31: 151 | AO31: =L31+U31+AA31+AE31 -> 16833.298
A32: 43857 | B32: 8319 | C32: 4868 | D32: 886 | E32: 6980 | F32: 5826 | G32: 3313 | H32: 3922 | I32: 2200 | J32: 6556 | K32: =SUM(B32:H32) -> 34114 | L32: =K32*0.21 -> 7163.94 | M32: 190.6 | N32: 4 | O32: 5.4 | P32: 52.9 | Q32: 7 | R32: =N32+O32+P32 -> 62.3 | S32: =(N32+O32+P32)*7.84 -> 488.432 | T32: =M32+Q32 -> 197.6 | U32: =T32*7.84 -> 1549.184 | V32: 153.4 | W32: 96.7 | X32: 0001523.20 | Y32: 626001.2 | Z32: =IF((Y32-Y31<0), "0",Y32-Y31) -> 411.8 | AA32: =Z32*10.07 -> 4146.826 | AB32: 37024602 | AC32: =AB31 -> 37013921 | AD32: =IF((AB32-AC32<0), "0",AB32-AC32) -> 10681 | AE32: =AD32*0.334569 -> 3573.5315 | AF32: 17.2 | AG32: 5.3 | AH32: 5.2 | AI32: =AJ31 -> 33383.2 | AJ32: 33391.4 | AK32: =IF((AJ32-AI32)<0, "0",AJ32-AI32) -> 8.2 | AL32: =AK32*(284.34513609) -> 2331.6301 | AM32: =AL32*0.334569 -> 780.09116 | AN32: 172 | AO32: =L32+U32+AA32+AE32 -> 16433.481
... A36: 43861 | B36: 8023 | C36: 5767 | D36: 922 | E36: 7062 | F36: 6156 | G36: 3238 | H36: 4011 | I36: 2269 | J36: 7073 | K36: =SUM(B36:H36) -> 35179 | L36: =K36*0.21 -> 7387.59 | M36: 212.429 | N36: 1.751 | O36: 5.859 | P36: 69.761 | Q36: 2.173 | R36: =N36+O36+P36 -> 77.371 | S36: =(N36+O36+P36)*7.84 -> 606.58864 | T36: =M36+Q36 -> 214.602 | U36: =T36*7.84 -> 1682.4797 | V36: 166 | W36: 94.82 | X36: 0001523.21 | Y36: 627742.2 | Z36: =IF((Y36-Y35<0), "0",Y36-Y35) -> 476.4 | AA36: =Z36*10.07 -> 4797.348 | AB36: 37070630 | AC36: =AB35 -> 37058740 | AD36: =IF((AB36-AC36<0), "0",AB36-AC36) -> 11890 | AE36: =AD36*0.334569 -> 3978.0254 | AF36: 18.9 | AG36: 5.6 | AH36: 5.9 | AI36: =AJ35 -> 33417.9 | AJ36: 33427.1 | AK36: =IF((AJ36-AI36)<0, "0",AJ36-AI36) -> 9.2 | AL36: =AK36*(284.34513609) -> 2615.9753 | AM36: =AL36*0.334569 -> 875.22422 | AN36: 178 | AO36: =L36+U36+AA36+AE36 -> 17845.443
D37: =SUM(D6:D36) -> 26404 | E37: KW/H | G37: =SUM(G6:G36) -> 100956 | H37: =SUM(H6:H36) -> 121140 | I37: =SUM(I6:I36) -> 69545 | J37: =SUM(J6:J36) -> 216189 | K37: =SUM(K6:K36) -> 1047196 | L37: =SUM(L6:L36) -> 219911.16 | R37: =SUM(R6:R36) -> 2200.68 | T37: =SUM(T6:T36) -> 6590.979 | U37: =T37*7.84 -> 51673.275 | Z37: =SUM(Z6:Z36) -> 12853 | AA37: =SUM(AA6:AA36) -> 129429.71 | AD37: =SUM(AD6:AD36) -> 407402 | AE37: =AD37*0.334569 -> 136304.08 | AF37: =SUM(AF6:AF36) -> 654.9 | AG37: =SUM(AG6:AG36) -> 226.4 | AH37: =SUM(AH6:AH36) -> 184.4 | AK37: =SUM(AK6:AK36) -> 378.9 | AL37: =SUM(AL6:AL36) -> 107738.37 | AM37: =SUM(AM6:AM36) -> 36045.919 | AN37: =SUM(AN6:AN36) -> 4829 | AO37: =SUM(AO6:AO36) -> 537318.23
D38: =#REF!*24 -> #REF! | E38: Day | R38: 7.84 | T38: Total / budget | U38: =U37-R39 -> 34419.944
D39: =D38*31 -> #REF! | E39: Month | F39: AED | G39: =D39*0.2 -> #REF! | R39: =R37*R38 -> 17253.331 | U39: =U38/R38 -> 4390.299
D40: =D39*0.2 -> #REF!
E41: 20KWH
AD42: =G42*0.2 -> 0
