Workbook

Sheet TOTAL
A1: Site Name | B1: Day | C1: Month | D1: Year | E1: Total Electricity Kwh | F1: Electricity Tariff ($/Kwh) | G1: Natual Gas (m3) | H1: Natural Gas $/m3 | I1: Water Utility Supply (m3) m3 | J1: Water Utility Supply (m3) $/m3 | K1: Room Nights | L1: Total Guests
A2: Hampshire | B2: 1 | C2: 1 | D2: 2020 | E2: =(Submetering!E2+Submetering!F2) -> 13770 | F2: 0.142 | G2: =Submetering!M2 -> 3730 | H2: 0.21 | I2: =Submetering!N2 -> 0 | J2: 2.06 | K2: ='Hampshire Daily'!B5 -> 112 | L2: =Submetering!Y2 -> 285
A3: Hampshire | B3: =B2+1 -> 2 | C3: 1 | D3: 2020 | E3: =Submetering!E3+Submetering!F3 -> 10700 | F3: 0.142 | G3: =Submetering!M3 -> 2484 | H3: 0.21 | I3: =Submetering!N3 -> 178 | J3: 2.06 | K3: ='Hampshire Daily'!B6 -> 109 | L3: =Submetering!Y3 -> 285
A4: Hampshire | B4: =B3+1 -> 3 | C4: 1 | D4: 2020 | E4: =Submetering!E4+Submetering!F4 -> 11360 | F4: 0.142 | G4: =Submetering!M4 -> 2425 | H4: 0.21 | I4: =Submetering!N4 -> 209 | J4: 2.06 | K4: ='Hampshire Daily'!B7 -> 115 | L4: =Submetering!Y4 -> 306
A5: Hampshire | B5: =B4+1 -> 4 | C5: 1 | D5: 2020 | E5: =Submetering!E5+Submetering!F5 -> 12170 | F5: 0.142 | G5: =Submetering!M5 -> 2783 | H5: 0.21 | I5: =Submetering!N5 -> 0 | J5: 2.06 | K5: ='Hampshire Daily'!B8 -> 120 | L5: =Submetering!Y5 -> 326
A6: Hampshire | B6: =B5+1 -> 5 | C6: 1 | D6: 2020 | E6: =Submetering!E6+Submetering!F6 -> 10370 | F6: 0.142 | G6: =Submetering!M6 -> 2348 | H6: 0.21 | I6: =Submetering!N6 -> 239 | J6: 2.06 | K6: ='Hampshire Daily'!B9 -> 50 | L6: =Submetering!Y6 -> 133
A7: Hampshire | B7: =B6+1 -> 6 | C7: 1 | D7: 2020 | E7: =Submetering!E7+Submetering!F7 -> 10810 | F7: 0.142 | G7: =Submetering!M7 -> 2419 | H7: 0.21 | I7: =Submetering!N7 -> 239 | J7: 2.06 | K7: ='Hampshire Daily'!B10 -> 33 | L7: =Submetering!Y7 -> 74
A8: Hampshire | B8: =B7+1 -> 7 | C8: 1 | D8: 2020 | E8: =Submetering!E8+Submetering!F8 -> 10140 | F8: 0.142 | G8: =Submetering!M8 -> 2355 | H8: 0.21 | I8: =Submetering!N8 -> 239 | J8: 2.06 | K8: ='Hampshire Daily'!B11 -> 39 | L8: =Submetering!Y8 -> 58
A9: Hampshire | B9: =B8+1 -> 8 | C9: 1 | D9: 2020 | E9: =Submetering!E9+Submetering!F9 -> 10250 | F9: 0.142 | G9: =Submetering!M9 -> 2040 | H9: 0.21 | I9: =Submetering!N9 -> 239 | J9: 2.06 | K9: ='Hampshire Daily'!B12 -> 13 | L9: =Submetering!Y9 -> 24
A10: Hampshire | B10: =B9+1 -> 9 | C10: 1 | D10: 2020 | E10: =Submetering!E10+Submetering!F10 -> 10080 | F10: 0.142 | G10: =Submetering!M10 -> 2046 | H10: 0.21 | I10: =Submetering!N10 -> 481 | J10: 2.06 | K10: ='Hampshire Daily'!B13 -> 29 | L10: =Submetering!Y10 -> 44
A11: Hampshire | B11: =B10+1 -> 10 | C11: 1 | D11: 2020 | E11: =Submetering!E11+Submetering!F11 -> 9690 | F11: 0.142 | G11: =Submetering!M11 -> 2122 | H11: 0.21 | I11: =Submetering!N11 -> 132 | J11: 2.06 | K11: ='Hampshire Daily'!B14 -> 56 | L11: =Submetering!Y11 -> 133
A12: Hampshire | B12: =B11+1 -> 11 | C12: 1 | D12: 2020 | E12: =Submetering!E12+Submetering!F12 -> 10140 | F12: 0.142 | G12: =Submetering!M12 -> 2366 | H12: 0.21 | I12: =Submetering!N12 -> 239 | J12: 2.06 | K12: ='Hampshire Daily'!B15 -> 93 | L12: =Submetering!Y12 -> 231
A13: Hampshire | B13: =B12+1 -> 12 | C13: 1 | D13: 2020 | E13: =Submetering!E13+Submetering!F13 -> 10470 | F13: 0.142 | G13: =Submetering!M13 -> 2375 | H13: 0.21 | I13: =Submetering!N13 -> 67 | J13: 2.06 | K13: ='Hampshire Daily'!B16 -> 33 | L13: =Submetering!Y13 -> 74
A14: Hampshire | B14: =B13+1 -> 13 | C14: 1 | D14: 2020 | E14: =Submetering!E14+Submetering!F14 -> 10030 | F14: 0.142 | G14: =Submetering!M14 -> 2350 | H14: 0.21 | I14: =Submetering!N14 -> 159 | J14: 2.06 | K14: ='Hampshire Daily'!B17 -> 40 | L14: =Submetering!Y14 -> 63
... A31: Hampshire | B31: =B30+1 -> 30 | C31: 1 | D31: 2020 | E31: =Submetering!E31+Submetering!F31 -> 9980 | F31: 0.142 | G31: =Submetering!M31 -> 2317 | H31: 0.21 | I31: =Submetering!N31 -> 136 | J31: 2.06 | K31: ='Hampshire Daily'!B34 -> 27 | L31: =Submetering!Y31 -> 49
A32: Hampshire | B32: =B31+1 -> 31 | C32: 1 | D32: 2020 | E32: =Submetering!E32+Submetering!F32 -> 9360 | F32: 1.142 | G32: =Submetering!M32 -> 1905 | H32: 1.21 | I32: =Submetering!N32 -> 212 | J32: 3.06 | K32: 27 | L32: 49

Sheet Submetering
A1: Site Name | B1: Day | C1: Month | D1: Year | E1: Meter 1- KWh | F1: Meter 2- KWh | G1: East MCC- KWh | H1: South MCC 1- KWh | I1: South MCC 2- KWh | J1: West MCC- KWh | K1: Kitchen - KWh | L1: SPA - KWh | M1: Gas- KWh | N1: Main Site Water Meter - m3 | O1: Chiller 2- m3 | P1: Chiller 3- m3 | Q1: Chiller 4- m3 | R1: Hard Water Supply- m3 | S1: Pool Supply- m3 | T1: CL02- m3 | U1: LTHW SPA- m3 | V1: LTHW East- m3 | W1: Chilled make-up- m3 | X1: Room Nights | Y1: Total Guests
A2: Hampshire | B2: 1 | C2: 1 | D2: 2020 | E2: =IF(('Hampshire Daily'!D5-'Hampshire Daily'!D4<0), "0",('Hampshire Daily'!D5-'Hampshire Daily'!D4)*10) -> 6530 | F2: =IF(('Hampshire Daily'!F5-'Hampshire Daily'!F4<0), "0",('Hampshire Daily'!F5-'Hampshire Daily'!F4)*10) -> 7240 | G2: =IF(('Hampshire Daily'!H5-'Hampshire Daily'!H4<0), "0",'Hampshire Daily'!H5-'Hampshire Daily'!H4) -> 936 | H2: =IF(('Hampshire Daily'!I5-'Hampshire Daily'!I4<0), "0",'Hampshire Daily'!I5-'Hampshire Daily'!I4) -> 0 | I2: =IF(('Hampshire Daily'!J5-'Hampshire Daily'!J4<0), "0",'Hampshire Daily'!J5-'Hampshire Daily'!J4) -> 0 | J2: =IF(('Hampshire Daily'!K5-'Hampshire Daily'!K4<0), "0",'Hampshire Daily'!K5-'Hampshire Daily'!K4) -> 0 | K2: =IF(('Hampshire Daily'!L5-'Hampshire Daily'!L4<0), "0",'Hampshire Daily'!L5-'Hampshire Daily'!L4) -> 1000 | L2: =IF(('Hampshire Daily'!M5-'Hampshire Daily'!M4<0), "0",'Hampshire Daily'!M5-'Hampshire Daily'!M4) -> 976 | M2: =IF(('Hampshire Daily'!N5-'Hampshire Daily'!N4<0), "0",'Hampshire Daily'!N5-'Hampshire Daily'!N4) -> 3730 | N2: =IF(('Hampshire Daily'!O5-'Hampshire Daily'!O4<0), "0",'Hampshire Daily'!O5-'Hampshire Daily'!O4) -> 0 | ... Q2: =IF(('Hampshire Daily'!R5-'Hampshire Daily'!R4<0), "0",'Hampshire Daily'!R5-'Hampshire Daily'!R4) -> 5 | R2: =IF(('Hampshire Daily'!U5-'Hampshire Daily'!U4<0), "0",'Hampshire Daily'!U5-'Hampshire Daily'!U4) -> 11.5 | S2: =IF(('Hampshire Daily'!V5-'Hampshire Daily'!V4<0), "0",'Hampshire Daily'!V5-'Hampshire Daily'!V4) -> 0 | T2: =IF(('Hampshire Daily'!X5-'Hampshire Daily'!X4<0), "0",'Hampshire Daily'!X5-'Hampshire Daily'!X4) -> 0 | U2: =IF(('Hampshire Daily'!Y5-'Hampshire Daily'!Y4<0), "0",'Hampshire Daily'!Y5-'Hampshire Daily'!Y4) -> 0.098 | V2: =IF(('Hampshire Daily'!Z5-'Hampshire Daily'!Z4<0), "0",'Hampshire Daily'!Z5-'Hampshire Daily'!Z4) -> 0.101 | W2: =IF(('Hampshire Daily'!Z5-'Hampshire Daily'!Z4<0), "0",'Hampshire Daily'!Z5-'Hampshire Daily'!Z4) -> 0.101 | X2: ='Hampshire Daily'!B5 -> 112 | Y2: ='Hampshire Daily'!C5 -> 285
A3: Hampshire | B3: =B2+1 -> 2 | C3: 1 | D3: 2020 | E3: =IF(('Hampshire Daily'!D6-'Hampshire Daily'!D5<0), "0",('Hampshire Daily'!D6-'Hampshire Daily'!D5)*10) -> 5190 | F3: =IF(('Hampshire Daily'!F6-'Hampshire Daily'!F5<0), "0",('Hampshire Daily'!F6-'Hampshire Daily'!F5)*10) -> 5510 | G3: =IF(('Hampshire Daily'!H6-'Hampshire Daily'!H5<0), "0",'Hampshire Daily'!H6-'Hampshire Daily'!H5) -> 768 | H3: =IF(('Hampshire Daily'!I6-'Hampshire Daily'!I5<0), "0",'Hampshire Daily'!I6-'Hampshire Daily'!I5) -> 0 | I3: =IF(('Hampshire Daily'!J6-'Hampshire Daily'!J5<0), "0",'Hampshire Daily'!J6-'Hampshire Daily'!J5) -> 0 | J3: =IF(('Hampshire Daily'!K6-'Hampshire Daily'!K5<0), "0",'Hampshire Daily'!K6-'Hampshire Daily'!K5) -> 0 | K3: =IF(('Hampshire Daily'!L6-'Hampshire Daily'!L5<0), "0",'Hampshire Daily'!L6-'Hampshire Daily'!L5) -> 1000 | L3: =IF(('Hampshire Daily'!M6-'Hampshire Daily'!M5<0), "0",'Hampshire Daily'!M6-'Hampshire Daily'!M5) -> 898 | M3: =IF(('Hampshire Daily'!N6-'Hampshire Daily'!N5<0), "0",'Hampshire Daily'!N6-'Hampshire Daily'!N5) -> 2484 | N3: =IF(('Hampshire Daily'!O6-'Hampshire Daily'!O5<0), "0",'Hampshire Daily'!O6-'Hampshire Daily'!O5) -> 178 | ... Q3: =IF(('Hampshire Daily'!R6-'Hampshire Daily'!R5<0), "0",'Hampshire Daily'!R6-'Hampshire Daily'!R5) -> 2 | R3: =IF(('Hampshire Daily'!U6-'Hampshire Daily'!U5<0), "0",'Hampshire Daily'!U6-'Hampshire Daily'!U5) -> 10 | S3: =IF(('Hampshire Daily'!V6-'Hampshire Daily'!V5<0), "0",'Hampshire Daily'!V6-'Hampshire Daily'!V5) -> 0 | T3: =IF(('Hampshire Daily'!X6-'Hampshire Daily'!X5<0), "0",'Hampshire Daily'!X6-'Hampshire Daily'!X5) -> 0.027 | U3: =IF(('Hampshire Daily'!Y6-'Hampshire Daily'!Y5<0), "0",'Hampshire Daily'!Y6-'Hampshire Daily'!Y5) -> 0.035 | V3: =IF(('Hampshire Daily'!Z6-'Hampshire Daily'!Z5<0), "0",'Hampshire Daily'!Z6-'Hampshire Daily'!Z5) -> 0.11 | W3: =IF(('Hampshire Daily'!Z6-'Hampshire Daily'!Z5<0), "0",'Hampshire Daily'!Z6-'Hampshire Daily'!Z5) -> 0.11 | X3: ='Hampshire Daily'!B6 -> 109 | Y3: ='Hampshire Daily'!C6 -> 285
A4: Hampshire | B4: =B3+1 -> 3 | C4: 1 | D4: 2020 | E4: =IF(('Hampshire Daily'!D7-'Hampshire Daily'!D6<0), "0",('Hampshire Daily'!D7-'Hampshire Daily'!D6)*10) -> 4570 | F4: =IF(('Hampshire Daily'!F7-'Hampshire Daily'!F6<0), "0",('Hampshire Daily'!F7-'Hampshire Daily'!F6)*10) -> 6790 | G4: =IF(('Hampshire Daily'!H7-'Hampshire Daily'!H6<0), "0",'Hampshire Daily'!H7-'Hampshire Daily'!H6) -> 0 | H4: =IF(('Hampshire Daily'!I7-'Hampshire Daily'!I6<0), "0",'Hampshire Daily'!I7-'Hampshire Daily'!I6) -> 0 | I4: =IF(('Hampshire Daily'!J7-'Hampshire Daily'!J6<0), "0",'Hampshire Daily'!J7-'Hampshire Daily'!J6) -> 0 | J4: =IF(('Hampshire Daily'!K7-'Hampshire Daily'!K6<0), "0",'Hampshire Daily'!K7-'Hampshire Daily'!K6) -> 0 | K4: =IF(('Hampshire Daily'!L7-'Hampshire Daily'!L6<0), "0",'Hampshire Daily'!L7-'Hampshire Daily'!L6) -> 1000 | L4: =IF(('Hampshire Daily'!M7-'Hampshire Daily'!M6<0), "0",'Hampshire Daily'!M7-'Hampshire Daily'!M6) -> 925 | M4: =IF(('Hampshire Daily'!N7-'Hampshire Daily'!N6<0), "0",'Hampshire Daily'!N7-'Hampshire Daily'!N6) -> 2425 | N4: =IF(('Hampshire Daily'!O7-'Hampshire Daily'!O6<0), "0",'Hampshire Daily'!O7-'Hampshire Daily'!O6) -> 209 | ... Q4: =IF(('Hampshire Daily'!R7-'Hampshire Daily'!R6<0), "0",'Hampshire Daily'!R7-'Hampshire Daily'!R6) -> 1 | R4: =IF(('Hampshire Daily'!U7-'Hampshire Daily'!U6<0), "0",'Hampshire Daily'!U7-'Hampshire Daily'!U6) -> 10 | S4: =IF(('Hampshire Daily'!V7-'Hampshire Daily'!V6<0), "0",'Hampshire Daily'!V7-'Hampshire Daily'!V6) -> 1 | T4: =IF(('Hampshire Daily'!X7-'Hampshire Daily'!X6<0), "0",'Hampshire Daily'!X7-'Hampshire Daily'!X6) -> 0 | U4: =IF(('Hampshire Daily'!Y7-'Hampshire Daily'!Y6<0), "0",'Hampshire Daily'!Y7-'Hampshire Daily'!Y6) -> 0.041 | V4: =IF(('Hampshire Daily'!Z7-'Hampshire Daily'!Z6<0), "0",'Hampshire Daily'!Z7-'Hampshire Daily'!Z6) -> 0.064 | W4: =IF(('Hampshire Daily'!Z7-'Hampshire Daily'!Z6<0), "0",'Hampshire Daily'!Z7-'Hampshire Daily'!Z6) -> 0.064 | X4: ='Hampshire Daily'!B7 -> 115 | Y4: ='Hampshire Daily'!C7 -> 306
A5: Hampshire | B5: =B4+1 -> 4 | C5: 1 | D5: 2020 | E5: =IF(('Hampshire Daily'!D8-'Hampshire Daily'!D7<0), "0",('Hampshire Daily'!D8-'Hampshire Daily'!D7)*10) -> 4630 | F5: =IF(('Hampshire Daily'!F8-'Hampshire Daily'!F7<0), "0",('Hampshire Daily'!F8-'Hampshire Daily'!F7)*10) -> 7540 | G5: =IF(('Hampshire Daily'!H8-'Hampshire Daily'!H7<0), "0",'Hampshire Daily'!H8-'Hampshire Daily'!H7) -> 784 | H5: =IF(('Hampshire Daily'!I8-'Hampshire Daily'!I7<0), "0",'Hampshire Daily'!I8-'Hampshire Daily'!I7) -> 0 | I5: =IF(('Hampshire Daily'!J8-'Hampshire Daily'!J7<0), "0",'Hampshire Daily'!J8-'Hampshire Daily'!J7) -> 0 | J5: =IF(('Hampshire Daily'!K8-'Hampshire Daily'!K7<0), "0",'Hampshire Daily'!K8-'Hampshire Daily'!K7) -> 0 | K5: =IF(('Hampshire Daily'!L8-'Hampshire Daily'!L7<0), "0",'Hampshire Daily'!L8-'Hampshire Daily'!L7) -> 1000 | L5: =IF(('Hampshire Daily'!M8-'Hampshire Daily'!M7<0), "0",'Hampshire Daily'!M8-'Hampshire Daily'!M7) -> 957 | M5: =IF(('Hampshire Daily'!N8-'Hampshire Daily'!N7<0), "0",'Hampshire Daily'!N8-'Hampshire Daily'!N7) -> 2783 | N5: =IF(('Hampshire Daily'!O8-'Hampshire Daily'!O7<0), "0",'Hampshire Daily'!O8-'Hampshire Daily'!O7) -> 0 | ... Q5: =IF(('Hampshire Daily'!R8-'Hampshire Daily'!R7<0), "0",'Hampshire Daily'!R8-'Hampshire Daily'!R7) -> 0 | R5: =IF(('Hampshire Daily'!U8-'Hampshire Daily'!U7<0), "0",'Hampshire Daily'!U8-'Hampshire Daily'!U7) -> 9 | S5: =IF(('Hampshire Daily'!V8-'Hampshire Daily'!V7<0), "0",'Hampshire Daily'!V8-'Hampshire Daily'!V7) -> 1 | T5: =IF(('Hampshire Daily'!X8-'Hampshire Daily'!X7<0), "0",'Hampshire Daily'!X8-'Hampshire Daily'!X7) -> 0 | U5: =IF(('Hampshire Daily'!Y8-'Hampshire Daily'!Y7<0), "0",'Hampshire Daily'!Y8-'Hampshire Daily'!Y7) -> 0.049 | V5: =IF(('Hampshire Daily'!Z8-'Hampshire Daily'!Z7<0), "0",'Hampshire Daily'!Z8-'Hampshire Daily'!Z7) -> 0.043 | W5: =IF(('Hampshire Daily'!Z8-'Hampshire Daily'!Z7<0), "0",'Hampshire Daily'!Z8-'Hampshire Daily'!Z7) -> 0.043 | X5: ='Hampshire Daily'!B8 -> 120 | Y5: ='Hampshire Daily'!C8 -> 326
A6: Hampshire | B6: =B5+1 -> 5 | C6: 1 | D6: 2020 | E6: =IF(('Hampshire Daily'!D9-'Hampshire Daily'!D8<0), "0",('Hampshire Daily'!D9-'Hampshire Daily'!D8)*10) -> 4100 | F6: =IF(('Hampshire Daily'!F9-'Hampshire Daily'!F8<0), "0",('Hampshire Daily'!F9-'Hampshire Daily'!F8)*10) -> 6270 | G6: =IF(('Hampshire Daily'!H9-'Hampshire Daily'!H8<0), "0",'Hampshire Daily'!H9-'Hampshire Daily'!H8) -> 853 | H6: =IF(('Hampshire Daily'!I9-'Hampshire Daily'!I8<0), "0",'Hampshire Daily'!I9-'Hampshire Daily'!I8) -> 0 | I6: =IF(('Hampshire Daily'!J9-'Hampshire Daily'!J8<0), "0",'Hampshire Daily'!J9-'Hampshire Daily'!J8) -> 0 | J6: =IF(('Hampshire Daily'!K9-'Hampshire Daily'!K8<0), "0",'Hampshire Daily'!K9-'Hampshire Daily'!K8) -> 0 | K6: =IF(('Hampshire Daily'!L9-'Hampshire Daily'!L8<0), "0",'Hampshire Daily'!L9-'Hampshire Daily'!L8) -> 1000 | L6: =IF(('Hampshire Daily'!M9-'Hampshire Daily'!M8<0), "0",'Hampshire Daily'!M9-'Hampshire Daily'!M8) -> 915 | M6: =IF(('Hampshire Daily'!N9-'Hampshire Daily'!N8<0), "0",'Hampshire Daily'!N9-'Hampshire Daily'!N8) -> 2348 | N6: =IF(('Hampshire Daily'!O9-'Hampshire Daily'!O8<0), "0",'Hampshire Daily'!O9-'Hampshire Daily'!O8) -> 239 | ... Q6: =IF(('Hampshire Daily'!R9-'Hampshire Daily'!R8<0), "0",'Hampshire Daily'!R9-'Hampshire Daily'!R8) -> 0 | R6: =IF(('Hampshire Daily'!U9-'Hampshire Daily'!U8<0), "0",'Hampshire Daily'!U9-'Hampshire Daily'!U8) -> 9 | S6: =IF(('Hampshire Daily'!V9-'Hampshire Daily'!V8<0), "0",'Hampshire Daily'!V9-'Hampshire Daily'!V8) -> 1 | T6: =IF(('Hampshire Daily'!X9-'Hampshire Daily'!X8<0), "0",'Hampshire Daily'!X9-'Hampshire Daily'!X8) -> 0 | U6: =IF(('Hampshire Daily'!Y9-'Hampshire Daily'!Y8<0), "0",'Hampshire Daily'!Y9-'Hampshire Daily'!Y8) -> 0.044 | V6: =IF(('Hampshire Daily'!Z9-'Hampshire Daily'!Z8<0), "0",'Hampshire Daily'!Z9-'Hampshire Daily'!Z8) -> 0.132 | W6: =IF(('Hampshire Daily'!Z9-'Hampshire Daily'!Z8<0), "0",'Hampshire Daily'!Z9-'Hampshire Daily'!Z8) -> 0.132 | X6: ='Hampshire Daily'!B9 -> 50 | Y6: ='Hampshire Daily'!C9 -> 133
A7: Hampshire | B7: =B6+1 -> 6 | C7: 1 | D7: 2020 | E7: =IF(('Hampshire Daily'!D10-'Hampshire Daily'!D9<0), "0",('Hampshire Daily'!D10-'Hampshire Daily'!D9)*10) -> 5210 | F7: =IF(('Hampshire Daily'!F10-'Hampshire Daily'!F9<0), "0",('Hampshire Daily'!F10-'Hampshire Daily'!F9)*10) -> 5600 | G7: =IF(('Hampshire Daily'!H10-'Hampshire Daily'!H9<0), "0",'Hampshire Daily'!H10-'Hampshire Daily'!H9) -> 748 | H7: =IF(('Hampshire Daily'!I10-'Hampshire Daily'!I9<0), "0",'Hampshire Daily'!I10-'Hampshire Daily'!I9) -> 0 | I7: =IF(('Hampshire Daily'!J10-'Hampshire Daily'!J9<0), "0",'Hampshire Daily'!J10-'Hampshire Daily'!J9) -> 0 | J7: =IF(('Hampshire Daily'!K10-'Hampshire Daily'!K9<0), "0",'Hampshire Daily'!K10-'Hampshire Daily'!K9) -> 0 | K7: =IF(('Hampshire Daily'!L10-'Hampshire Daily'!L9<0), "0",'Hampshire Daily'!L10-'Hampshire Daily'!L9) -> 1000 | L7: =IF(('Hampshire Daily'!M10-'Hampshire Daily'!M9<0), "0",'Hampshire Daily'!M10-'Hampshire Daily'!M9) -> 874 | M7: =IF(('Hampshire Daily'!N10-'Hampshire Daily'!N9<0), "0",'Hampshire Daily'!N10-'Hampshire Daily'!N9) -> 2419 | N7: =IF(('Hampshire Daily'!O10-'Hampshire Daily'!O9<0), "0",'Hampshire Daily'!O10-'Hampshire Daily'!O9) -> 239 | ... Q7: =IF(('Hampshire Daily'!R10-'Hampshire Daily'!R9<0), "0",'Hampshire Daily'!R10-'Hampshire Daily'!R9) -> 3 | R7: =IF(('Hampshire Daily'!U10-'Hampshire Daily'!U9<0), "0",'Hampshire Daily'!U10-'Hampshire Daily'!U9) -> 7 | S7: =IF(('Hampshire Daily'!V10-'Hampshire Daily'!V9<0), "0",'Hampshire Daily'!V10-'Hampshire Daily'!V9) -> 9 | T7: =IF(('Hampshire Daily'!X10-'Hampshire Daily'!X9<0), "0",'Hampshire Daily'!X10-'Hampshire Daily'!X9) -> 0.005 | U7: =IF(('Hampshire Daily'!Y10-'Hampshire Daily'!Y9<0), "0",'Hampshire Daily'!Y10-'Hampshire Daily'!Y9) -> 0.026 | V7: =IF(('Hampshire Daily'!Z10-'Hampshire Daily'!Z9<0), "0",'Hampshire Daily'!Z10-'Hampshire Daily'!Z9) -> 0.183 | W7: =IF(('Hampshire Daily'!Z10-'Hampshire Daily'!Z9<0), "0",'Hampshire Daily'!Z10-'Hampshire Daily'!Z9) -> 0.183 | X7: ='Hampshire Daily'!B10 -> 33 | Y7: ='Hampshire Daily'!C10 -> 74
A8: Hampshire | B8: =B7+1 -> 7 | C8: 1 | D8: 2020 | E8: =IF(('Hampshire Daily'!D11-'Hampshire Daily'!D10<0), "0",('Hampshire Daily'!D11-'Hampshire Daily'!D10)*10) -> 4950 | F8: =IF(('Hampshire Daily'!F11-'Hampshire Daily'!F10<0), "0",('Hampshire Daily'!F11-'Hampshire Daily'!F10)*10) -> 5190 | G8: =IF(('Hampshire Daily'!H11-'Hampshire Daily'!H10<0), "0",'Hampshire Daily'!H11-'Hampshire Daily'!H10) -> 806 | H8: =IF(('Hampshire Daily'!I11-'Hampshire Daily'!I10<0), "0",'Hampshire Daily'!I11-'Hampshire Daily'!I10) -> 0 | I8: =IF(('Hampshire Daily'!J11-'Hampshire Daily'!J10<0), "0",'Hampshire Daily'!J11-'Hampshire Daily'!J10) -> 0 | J8: =IF(('Hampshire Daily'!K11-'Hampshire Daily'!K10<0), "0",'Hampshire Daily'!K11-'Hampshire Daily'!K10) -> 0 | K8: =IF(('Hampshire Daily'!L11-'Hampshire Daily'!L10<0), "0",'Hampshire Daily'!L11-'Hampshire Daily'!L10) -> 1616 | L8: =IF(('Hampshire Daily'!M11-'Hampshire Daily'!M10<0), "0",'Hampshire Daily'!M11-'Hampshire Daily'!M10) -> 845 | M8: =IF(('Hampshire Daily'!N11-'Hampshire Daily'!N10<0), "0",'Hampshire Daily'!N11-'Hampshire Daily'!N10) -> 2355 | N8: =IF(('Hampshire Daily'!O11-'Hampshire Daily'!O10<0), "0",'Hampshire Daily'!O11-'Hampshire Daily'!O10) -> 239 | ... Q8: =IF(('Hampshire Daily'!R11-'Hampshire Daily'!R10<0), "0",'Hampshire Daily'!R11-'Hampshire Daily'!R10) -> 3 | R8: =IF(('Hampshire Daily'!U11-'Hampshire Daily'!U10<0), "0",'Hampshire Daily'!U11-'Hampshire Daily'!U10) -> 8 | S8: =IF(('Hampshire Daily'!V11-'Hampshire Daily'!V10<0), "0",'Hampshire Daily'!V11-'Hampshire Daily'!V10) -> 0 | T8: =IF(('Hampshire Daily'!X11-'Hampshire Daily'!X10<0), "0",'Hampshire Daily'!X11-'Hampshire Daily'!X10) -> 0 | U8: =IF(('Hampshire Daily'!Y11-'Hampshire Daily'!Y10<0), "0",'Hampshire Daily'!Y11-'Hampshire Daily'!Y10) -> 0.047 | V8: =IF(('Hampshire Daily'!Z11-'Hampshire Daily'!Z10<0), "0",'Hampshire Daily'!Z11-'Hampshire Daily'!Z10) -> 0.317 | W8: =IF(('Hampshire Daily'!Z11-'Hampshire Daily'!Z10<0), "0",'Hampshire Daily'!Z11-'Hampshire Daily'!Z10) -> 0.317 | X8: ='Hampshire Daily'!B11 -> 39 | Y8: ='Hampshire Daily'!C11 -> 58
A9: Hampshire | B9: =B8+1 -> 8 | C9: 1 | D9: 2020 | E9: =IF(('Hampshire Daily'!D12-'Hampshire Daily'!D11<0), "0",('Hampshire Daily'!D12-'Hampshire Daily'!D11)*10) -> 4950 | F9: =IF(('Hampshire Daily'!F12-'Hampshire Daily'!F11<0), "0",('Hampshire Daily'!F12-'Hampshire Daily'!F11)*10) -> 5300 | G9: =IF(('Hampshire Daily'!H12-'Hampshire Daily'!H11<0), "0",'Hampshire Daily'!H12-'Hampshire Daily'!H11) -> 795 | H9: =IF(('Hampshire Daily'!I12-'Hampshire Daily'!I11<0), "0",'Hampshire Daily'!I12-'Hampshire Daily'!I11) -> 0 | I9: =IF(('Hampshire Daily'!J12-'Hampshire Daily'!J11<0), "0",'Hampshire Daily'!J12-'Hampshire Daily'!J11) -> 0 | J9: =IF(('Hampshire Daily'!K12-'Hampshire Daily'!K11<0), "0",'Hampshire Daily'!K12-'Hampshire Daily'!K11) -> 0 | K9: =IF(('Hampshire Daily'!L12-'Hampshire Daily'!L11<0), "0",'Hampshire Daily'!L12-'Hampshire Daily'!L11) -> 950 | L9: =IF(('Hampshire Daily'!M12-'Hampshire Daily'!M11<0), "0",'Hampshire Daily'!M12-'Hampshire Daily'!M11) -> 845 | M9: =IF(('Hampshire Daily'!N12-'Hampshire Daily'!N11<0), "0",'Hampshire Daily'!N12-'Hampshire Daily'!N11) -> 2040 | N9: =IF(('Hampshire Daily'!O12-'Hampshire Daily'!O11<0), "0",'Hampshire Daily'!O12-'Hampshire Daily'!O11) -> 239 | ... Q9: =IF(('Hampshire Daily'!R12-'Hampshire Daily'!R11<0), "0",'Hampshire Daily'!R12-'Hampshire Daily'!R11) -> 3 | R9: =IF(('Hampshire Daily'!U12-'Hampshire Daily'!U11<0), "0",'Hampshire Daily'!U12-'Hampshire Daily'!U11) -> 9 | S9: =IF(('Hampshire Daily'!V12-'Hampshire Daily'!V11<0), "0",'Hampshire Daily'!V12-'Hampshire Daily'!V11) -> 1 | T9: =IF(('Hampshire Daily'!X12-'Hampshire Daily'!X11<0), "0",'Hampshire Daily'!X12-'Hampshire Daily'!X11) -> 0.009 | U9: =IF(('Hampshire Daily'!Y12-'Hampshire Daily'!Y11<0), "0",'Hampshire Daily'!Y12-'Hampshire Daily'!Y11) -> 786464.81 | V9: =IF(('Hampshire Daily'!Z12-'Hampshire Daily'!Z11<0), "0",'Hampshire Daily'!Z12-'Hampshire Daily'!Z11) -> 0.344 | W9: =IF(('Hampshire Daily'!Z12-'Hampshire Daily'!Z11<0), "0",'Hampshire Daily'!Z12-'Hampshire Daily'!Z11) -> 0.344 | X9: ='Hampshire Daily'!B12 -> 13 | Y9: ='Hampshire Daily'!C12 -> 24
A10: Hampshire | B10: =B9+1 -> 9 | C10: 1 | D10: 2020 | E10: =IF(('Hampshire Daily'!D13-'Hampshire Daily'!D12<0), "0",('Hampshire Daily'!D13-'Hampshire Daily'!D12)*10) -> 5040 | F10: =IF(('Hampshire Daily'!F13-'Hampshire Daily'!F12<0), "0",('Hampshire Daily'!F13-'Hampshire Daily'!F12)*10) -> 5040 | G10: =IF(('Hampshire Daily'!H13-'Hampshire Daily'!H12<0), "0",'Hampshire Daily'!H13-'Hampshire Daily'!H12) -> 789 | H10: =IF(('Hampshire Daily'!I13-'Hampshire Daily'!I12<0), "0",'Hampshire Daily'!I13-'Hampshire Daily'!I12) -> 0 | I10: =IF(('Hampshire Daily'!J13-'Hampshire Daily'!J12<0), "0",'Hampshire Daily'!J13-'Hampshire Daily'!J12) -> 0 | J10: =IF(('Hampshire Daily'!K13-'Hampshire Daily'!K12<0), "0",'Hampshire Daily'!K13-'Hampshire Daily'!K12) -> 0 | K10: =IF(('Hampshire Daily'!L13-'Hampshire Daily'!L12<0), "0",'Hampshire Daily'!L13-'Hampshire Daily'!L12) -> 936 | L10: =IF(('Hampshire Daily'!M13-'Hampshire Daily'!M12<0), "0",'Hampshire Daily'!M13-'Hampshire Daily'!M12) -> 847 | M10: =IF(('Hampshire Daily'!N13-'Hampshire Daily'!N12<0), "0",'Hampshire Daily'!N13-'Hampshire Daily'!N12) -> 2046 | N10: =IF(('Hampshire Daily'!O13-'Hampshire Daily'!O12<0), "0",'Hampshire Daily'!O13-'Hampshire Daily'!O12) -> 481 | ... Q10: =IF(('Hampshire Daily'!R13-'Hampshire Daily'!R12<0), "0",'Hampshire Daily'!R13-'Hampshire Daily'!R12) -> 3 | R10: =IF(('Hampshire Daily'!U13-'Hampshire Daily'!U12<0), "0",'Hampshire Daily'!U13-'Hampshire Daily'!U12) -> 6 | S10: =IF(('Hampshire Daily'!V13-'Hampshire Daily'!V12<0), "0",'Hampshire Daily'!V13-'Hampshire Daily'!V12) -> 0 | T10: =IF(('Hampshire Daily'!X13-'Hampshire Daily'!X12<0), "0",'Hampshire Daily'!X13-'Hampshire Daily'!X12) -> 0 | U10: =IF(('Hampshire Daily'!Y13-'Hampshire Daily'!Y12<0), "0",'Hampshire Daily'!Y13-'Hampshire Daily'!Y12) -> 57 | V10: =IF(('Hampshire Daily'!Z13-'Hampshire Daily'!Z12<0), "0",'Hampshire Daily'!Z13-'Hampshire Daily'!Z12) -> 0.357 | W10: =IF(('Hampshire Daily'!Z13-'Hampshire Daily'!Z12<0), "0",'Hampshire Daily'!Z13-'Hampshire Daily'!Z12) -> 0.357 | X10: ='Hampshire Daily'!B13 -> 29 | Y10: ='Hampshire Daily'!C13 -> 44
A11: Hampshire | B11: =B10+1 -> 10 | C11: 1 | D11: 2020 | E11: =IF(('Hampshire Daily'!D14-'Hampshire Daily'!D13<0), "0",('Hampshire Daily'!D14-'Hampshire Daily'!D13)*10) -> 4640 | F11: =IF(('Hampshire Daily'!F14-'Hampshire Daily'!F13<0), "0",('Hampshire Daily'!F14-'Hampshire Daily'!F13)*10) -> 5050 | G11: =IF(('Hampshire Daily'!H14-'Hampshire Daily'!H13<0), "0",'Hampshire Daily'!H14-'Hampshire Daily'!H13) -> 786 | H11: =IF(('Hampshire Daily'!I14-'Hampshire Daily'!I13<0), "0",'Hampshire Daily'!I14-'Hampshire Daily'!I13) -> 0 | I11: =IF(('Hampshire Daily'!J14-'Hampshire Daily'!J13<0), "0",'Hampshire Daily'!J14-'Hampshire Daily'!J13) -> 0 | J11: =IF(('Hampshire Daily'!K14-'Hampshire Daily'!K13<0), "0",'Hampshire Daily'!K14-'Hampshire Daily'!K13) -> 0 | K11: =IF(('Hampshire Daily'!L14-'Hampshire Daily'!L13<0), "0",'Hampshire Daily'!L14-'Hampshire Daily'!L13) -> 878 | L11: =IF(('Hampshire Daily'!M14-'Hampshire Daily'!M13<0), "0",'Hampshire Daily'!M14-'Hampshire Daily'!M13) -> 830 | M11: =IF(('Hampshire Daily'!N14-'Hampshire Daily'!N13<0), "0",'Hampshire Daily'!N14-'Hampshire Daily'!N13) -> 2122 | N11: =IF(('Hampshire Daily'!O14-'Hampshire Daily'!O13<0), "0",'Hampshire Daily'!O14-'Hampshire Daily'!O13) -> 132 | ... Q11: =IF(('Hampshire Daily'!R14-'Hampshire Daily'!R13<0), "0",'Hampshire Daily'!R14-'Hampshire Daily'!R13) -> 3 | R11: =IF(('Hampshire Daily'!U14-'Hampshire Daily'!U13<0), "0",'Hampshire Daily'!U14-'Hampshire Daily'!U13) -> 7 | S11: =IF(('Hampshire Daily'!V14-'Hampshire Daily'!V13<0), "0",'Hampshire Daily'!V14-'Hampshire Daily'!V13) -> 1 | T11: =IF(('Hampshire Daily'!X14-'Hampshire Daily'!X13<0), "0",'Hampshire Daily'!X14-'Hampshire Daily'!X13) -> 0 | U11: =IF(('Hampshire Daily'!Y14-'Hampshire Daily'!Y13<0), "0",'Hampshire Daily'!Y14-'Hampshire Daily'!Y13) -> 1826 | V11: =IF(('Hampshire Daily'!Z14-'Hampshire Daily'!Z13<0), "0",'Hampshire Daily'!Z14-'Hampshire Daily'!Z13) -> 0.368 | W11: =IF(('Hampshire Daily'!Z14-'Hampshire Daily'!Z13<0), "0",'Hampshire Daily'!Z14-'Hampshire Daily'!Z13) -> 0.368 | X11: ='Hampshire Daily'!B14 -> 56 | Y11: ='Hampshire Daily'!C14 -> 133
A12: Hampshire | B12: =B11+1 -> 11 | C12: 1 | D12: 2020 | E12: =IF(('Hampshire Daily'!D15-'Hampshire Daily'!D14<0), "0",('Hampshire Daily'!D15-'Hampshire Daily'!D14)*10) -> 4920 | F12: =IF(('Hampshire Daily'!F15-'Hampshire Daily'!F14<0), "0",('Hampshire Daily'!F15-'Hampshire Daily'!F14)*10) -> 5220 | G12: =IF(('Hampshire Daily'!H15-'Hampshire Daily'!H14<0), "0",'Hampshire Daily'!H15-'Hampshire Daily'!H14) -> 830 | H12: =IF(('Hampshire Daily'!I15-'Hampshire Daily'!I14<0), "0",'Hampshire Daily'!I15-'Hampshire Daily'!I14) -> 0 | I12: =IF(('Hampshire Daily'!J15-'Hampshire Daily'!J14<0), "0",'Hampshire Daily'!J15-'Hampshire Daily'!J14) -> 0 | J12: =IF(('Hampshire Daily'!K15-'Hampshire Daily'!K14<0), "0",'Hampshire Daily'!K15-'Hampshire Daily'!K14) -> 0 | K12: =IF(('Hampshire Daily'!L15-'Hampshire Daily'!L14<0), "0",'Hampshire Daily'!L15-'Hampshire Daily'!L14) -> 1000 | L12: =IF(('Hampshire Daily'!M15-'Hampshire Daily'!M14<0), "0",'Hampshire Daily'!M15-'Hampshire Daily'!M14) -> 866 | M12: =IF(('Hampshire Daily'!N15-'Hampshire Daily'!N14<0), "0",'Hampshire Daily'!N15-'Hampshire Daily'!N14) -> 2366 | N12: =IF(('Hampshire Daily'!O15-'Hampshire Daily'!O14<0), "0",'Hampshire Daily'!O15-'Hampshire Daily'!O14) -> 239 | ... Q12: =IF(('Hampshire Daily'!R15-'Hampshire Daily'!R14<0), "0",'Hampshire Daily'!R15-'Hampshire Daily'!R14) -> 3 | R12: =IF(('Hampshire Daily'!U15-'Hampshire Daily'!U14<0), "0",'Hampshire Daily'!U15-'Hampshire Daily'!U14) -> 7 | S12: =IF(('Hampshire Daily'!V15-'Hampshire Daily'!V14<0), "0",'Hampshire Daily'!V15-'Hampshire Daily'!V14) -> 1 | T12: =IF(('Hampshire Daily'!X15-'Hampshire Daily'!X14<0), "0",'Hampshire Daily'!X15-'Hampshire Daily'!X14) -> 0 | U12: =IF(('Hampshire Daily'!Y15-'Hampshire Daily'!Y14<0), "0",'Hampshire Daily'!Y15-'Hampshire Daily'!Y14) -> 0 | V12: =IF(('Hampshire Daily'!Z15-'Hampshire Daily'!Z14<0), "0",'Hampshire Daily'!Z15-'Hampshire Daily'!Z14) -> 0.406 | W12: =IF(('Hampshire Daily'!Z15-'Hampshire Daily'!Z14<0), "0",'Hampshire Daily'!Z15-'Hampshire Daily'!Z14) -> 0.406 | X12: ='Hampshire Daily'!B15 -> 93 | Y12: ='Hampshire Daily'!C15 -> 231
A13: Hampshire | B13: =B12+1 -> 12 | C13: 1 | D13: 2020 | E13: =IF(('Hampshire Daily'!D16-'Hampshire Daily'!D15<0), "0",('Hampshire Daily'!D16-'Hampshire Daily'!D15)*10) -> 5080 | F13: =IF(('Hampshire Daily'!F16-'Hampshire Daily'!F15<0), "0",('Hampshire Daily'!F16-'Hampshire Daily'!F15)*10) -> 5390 | G13: =IF(('Hampshire Daily'!H16-'Hampshire Daily'!H15<0), "0",'Hampshire Daily'!H16-'Hampshire Daily'!H15) -> 818 | H13: =IF(('Hampshire Daily'!I16-'Hampshire Daily'!I15<0), "0",'Hampshire Daily'!I16-'Hampshire Daily'!I15) -> 0 | I13: =IF(('Hampshire Daily'!J16-'Hampshire Daily'!J15<0), "0",'Hampshire Daily'!J16-'Hampshire Daily'!J15) -> 0 | J13: =IF(('Hampshire Daily'!K16-'Hampshire Daily'!K15<0), "0",'Hampshire Daily'!K16-'Hampshire Daily'!K15) -> 0 | K13: =IF(('Hampshire Daily'!L16-'Hampshire Daily'!L15<0), "0",'Hampshire Daily'!L16-'Hampshire Daily'!L15) -> 1000 | L13: =IF(('Hampshire Daily'!M16-'Hampshire Daily'!M15<0), "0",'Hampshire Daily'!M16-'Hampshire Daily'!M15) -> 886 | M13: =IF(('Hampshire Daily'!N16-'Hampshire Daily'!N15<0), "0",'Hampshire Daily'!N16-'Hampshire Daily'!N15) -> 2375 | N13: =IF(('Hampshire Daily'!O16-'Hampshire Daily'!O15<0), "0",'Hampshire Daily'!O16-'Hampshire Daily'!O15) -> 67 | ... Q13: =IF(('Hampshire Daily'!R16-'Hampshire Daily'!R15<0), "0",'Hampshire Daily'!R16-'Hampshire Daily'!R15) -> 3 | R13: =IF(('Hampshire Daily'!U16-'Hampshire Daily'!U15<0), "0",'Hampshire Daily'!U16-'Hampshire Daily'!U15) -> 10 | S13: =IF(('Hampshire Daily'!V16-'Hampshire Daily'!V15<0), "0",'Hampshire Daily'!V16-'Hampshire Daily'!V15) -> 1 | T13: =IF(('Hampshire Daily'!X16-'Hampshire Daily'!X15<0), "0",'Hampshire Daily'!X16-'Hampshire Daily'!X15) -> 0 | U13: =IF(('Hampshire Daily'!Y16-'Hampshire Daily'!Y15<0), "0",'Hampshire Daily'!Y16-'Hampshire Daily'!Y15) -> 0.225 | V13: =IF(('Hampshire Daily'!Z16-'Hampshire Daily'!Z15<0), "0",'Hampshire Daily'!Z16-'Hampshire Daily'!Z15) -> 0.52 | W13: =IF(('Hampshire Daily'!Z16-'Hampshire Daily'!Z15<0), "0",'Hampshire Daily'!Z16-'Hampshire Daily'!Z15) -> 0.52 | X13: ='Hampshire Daily'!B16 -> 33 | Y13: ='Hampshire Daily'!C16 -> 74
A14: Hampshire | B14: =B13+1 -> 13 | C14: 1 | D14: 2020 | E14: =IF(('Hampshire Daily'!D17-'Hampshire Daily'!D16<0), "0",('Hampshire Daily'!D17-'Hampshire Daily'!D16)*10) -> 4820 | F14: =IF(('Hampshire Daily'!F17-'Hampshire Daily'!F16<0), "0",('Hampshire Daily'!F17-'Hampshire Daily'!F16)*10) -> 5210 | G14: =IF(('Hampshire Daily'!H17-'Hampshire Daily'!H16<0), "0",'Hampshire Daily'!H17-'Hampshire Daily'!H16) -> 790 | H14: =IF(('Hampshire Daily'!I17-'Hampshire Daily'!I16<0), "0",'Hampshire Daily'!I17-'Hampshire Daily'!I16) -> 0 | I14: =IF(('Hampshire Daily'!J17-'Hampshire Daily'!J16<0), "0",'Hampshire Daily'!J17-'Hampshire Daily'!J16) -> 0 | J14: =IF(('Hampshire Daily'!K17-'Hampshire Daily'!K16<0), "0",'Hampshire Daily'!K17-'Hampshire Daily'!K16) -> 0 | K14: =IF(('Hampshire Daily'!L17-'Hampshire Daily'!L16<0), "0",'Hampshire Daily'!L17-'Hampshire Daily'!L16) -> 1000 | L14: =IF(('Hampshire Daily'!M17-'Hampshire Daily'!M16<0), "0",'Hampshire Daily'!M17-'Hampshire Daily'!M16) -> 854 | M14: =IF(('Hampshire Daily'!N17-'Hampshire Daily'!N16<0), "0",'Hampshire Daily'!N17-'Hampshire Daily'!N16) -> 2350 | N14: =IF(('Hampshire Daily'!O17-'Hampshire Daily'!O16<0), "0",'Hampshire Daily'!O17-'Hampshire Daily'!O16) -> 159 | ... Q14: =IF(('Hampshire Daily'!R17-'Hampshire Daily'!R16<0), "0",'Hampshire Daily'!R17-'Hampshire Daily'!R16) -> 3 | R14: =IF(('Hampshire Daily'!U17-'Hampshire Daily'!U16<0), "0",'Hampshire Daily'!U17-'Hampshire Daily'!U16) -> 10 | S14: =IF(('Hampshire Daily'!V17-'Hampshire Daily'!V16<0), "0",'Hampshire Daily'!V17-'Hampshire Daily'!V16) -> 6 | T14: =IF(('Hampshire Daily'!X17-'Hampshire Daily'!X16<0), "0",'Hampshire Daily'!X17-'Hampshire Daily'!X16) -> 0 | U14: =IF(('Hampshire Daily'!Y17-'Hampshire Daily'!Y16<0), "0",'Hampshire Daily'!Y17-'Hampshire Daily'!Y16) -> 0.212 | V14: =IF(('Hampshire Daily'!Z17-'Hampshire Daily'!Z16<0), "0",'Hampshire Daily'!Z17-'Hampshire Daily'!Z16) -> 0.657 | W14: =IF(('Hampshire Daily'!Z17-'Hampshire Daily'!Z16<0), "0",'Hampshire Daily'!Z17-'Hampshire Daily'!Z16) -> 0.657 | X14: ='Hampshire Daily'!B17 -> 40 | Y14: ='Hampshire Daily'!C17 -> 63
... A32: Hampshire | B32: =B31+1 -> 31 | C32: 1 | D32: 2020 | E32: =IF(('Hampshire Daily'!D35-'Hampshire Daily'!D34<0), "0",('Hampshire Daily'!D35-'Hampshire Daily'!D34)*10) -> 4800 | F32: =IF(('Hampshire Daily'!F35-'Hampshire Daily'!F34<0), "0",('Hampshire Daily'!F35-'Hampshire Daily'!F34)*10) -> 4560 | G32: =IF(('Hampshire Daily'!H35-'Hampshire Daily'!H34<0), "0",'Hampshire Daily'!H35-'Hampshire Daily'!H34) -> 601 | H32: =IF(('Hampshire Daily'!I35-'Hampshire Daily'!I34<0), "0",'Hampshire Daily'!I35-'Hampshire Daily'!I34) -> 6381524 | I32: =IF(('Hampshire Daily'!J35-'Hampshire Daily'!J34<0), "0",'Hampshire Daily'!J35-'Hampshire Daily'!J34) -> 31748 | J32: =IF(('Hampshire Daily'!K35-'Hampshire Daily'!K34<0), "0",'Hampshire Daily'!K35-'Hampshire Daily'!K34) -> 4256235 | K32: =IF(('Hampshire Daily'!L35-'Hampshire Daily'!L34<0), "0",'Hampshire Daily'!L35-'Hampshire Daily'!L34) -> 1556 | L32: =IF(('Hampshire Daily'!M35-'Hampshire Daily'!M34<0), "0",'Hampshire Daily'!M35-'Hampshire Daily'!M34) -> 643 | M32: =IF(('Hampshire Daily'!N35-'Hampshire Daily'!N34<0), "0",'Hampshire Daily'!N35-'Hampshire Daily'!N34) -> 1905 | N32: =IF(('Hampshire Daily'!O35-'Hampshire Daily'!O34<0), "0",'Hampshire Daily'!O35-'Hampshire Daily'!O34) -> 212 | ... Q32: =IF(('Hampshire Daily'!R35-'Hampshire Daily'!R34<0), "0",'Hampshire Daily'!R35-'Hampshire Daily'!R34) -> 4 | R32: =IF(('Hampshire Daily'!U35-'Hampshire Daily'!U34<0), "0",'Hampshire Daily'!U35-'Hampshire Daily'!U34) -> 4 | S32: =IF(('Hampshire Daily'!V35-'Hampshire Daily'!V34<0), "0",'Hampshire Daily'!V35-'Hampshire Daily'!V34) -> 1 | T32: =IF(('Hampshire Daily'!X35-'Hampshire Daily'!X34<0), "0",'Hampshire Daily'!X35-'Hampshire Daily'!X34) -> 0 | U32: =IF(('Hampshire Daily'!Y35-'Hampshire Daily'!Y34<0), "0",'Hampshire Daily'!Y35-'Hampshire Daily'!Y34) -> 0.079 | V32: =IF(('Hampshire Daily'!Z35-'Hampshire Daily'!Z34<0), "0",'Hampshire Daily'!Z35-'Hampshire Daily'!Z34) -> 0.074 | W32: =IF(('Hampshire Daily'!Z35-'Hampshire Daily'!Z34<0), "0",'Hampshire Daily'!Z35-'Hampshire Daily'!Z34) -> 0.074 | X32: ='Hampshire Daily'!B35 -> 68 | Y32: ='Hampshire Daily'!C35 -> 178

Sheet Hampshire Daily
D1: Electrical | N1: Gas | O1: Main Site Water Meter | S1: Water Softener Meter | U1: Hard Water Supply | V1: Pool Supply | X1: LTHW Spa | Y1: LTHW East | Z1: Chilled make-up | AA1: Engineer
B2: Room Night | C2: Guest | D2: Meter 1 | E2: Check 1 | F2: Meter 2 | G2: Check 2 | H2: East MCC | I2: South MCC 1 | J2: South MCC 2 | K2: West MCC | L2: Kitchen sub meter | M2: Spa electric | P2: Chiller | Q2: Chiller | R2: Chiller | W2: CL02
P3: 2 | Q3: 3 | R3: 4
A4: 43830 | B4: 109 | C4: 218 | D4: 837365 | E4: 839485 | F4: 61391 | G4: 60668 | H4: 9997619 | I4: 6329297 | J4: 31748 | K4: 4186118 | L4: 345095 | M4: 2484770 | N4: 91203 | O4: 310348 | P4: 1435.366 | Q4: 428673 | R4: 306 | S4: 4038 | T4: 308582 | U4: 48032.5 | V4: 29790.25 | X4: 333.901 | Y4: 786.853 | Z4: 3839.851
A5: 43831 | B5: 112 | C5: 285 | D5: 838018 | E5: 840447 | F5: 62115 | G5: 61392 | H5: 9998555 | I5: 0 | J5: 0 | K5: 0 | L5: =L4+1000 -> 346095 | M5: 2485746 | N5: 94933 | O5: 310085 | P5: 1435.366 | Q5: 428673 | R5: 311 | S5: 4226 | T5: 308751 | U5: 48044 | V5: 29790 | X5: 333.891 | Y5: 786.951 | Z5: 3839.952
A6: 43832 | B6: 109 | C6: 285 | D6: 838537 | E6: 840968 | F6: 62666 | G6: 61942 | H6: 9999323 | I6: 0 | J6: 0 | K6: 0 | L6: =L5+1000 -> 347095 | M6: 2486644 | N6: 97417 | O6: 310263 | P6: 1435.366 | Q6: 428673 | R6: 313 | S6: 4334 | T6: 308839 | U6: 48054 | V6: 29790 | X6: 333.918 | Y6: 786.986 | Z6: 3840.062
A7: 43833 | B7: 115 | C7: 306 | D7: 838994 | E7: 841425 | F7: 63345 | G7: 62621 | H7: 110 | I7: 0 | J7: 0 | K7: 0 | L7: =L6+1000 -> 348095 | M7: 2487569 | N7: 99842 | O7: 310472 | P7: 1436.043 | Q7: 428680 | R7: 314 | S7: 4442 | T7: 308927 | U7: 48064 | V7: 29791 | X7: 333.918 | Y7: 787.027 | Z7: 3840.126
A8: 43834 | B8: 120 | C8: 326 | D8: 839457 | E8: 841889 | F8: 64099 | G8: 63375 | H8: 894 | I8: 0 | J8: 0 | K8: 0 | L8: =L7+1000 -> 349095 | M8: 2488526 | N8: 102625 | O8: =O7 -> 310472 | P8: 143687 | Q8: 428680 | R8: 314 | S8: 309026 | T8: 4558 | U8: 48073 | V8: 29792 | X8: 333.918 | Y8: 787.076 | Z8: 3840.169
A9: 43835 | B9: 50 | C9: 133 | D9: 839867 | E9: 842299 | F9: 64726 | G9: 64001 | H9: 1747 | I9: 0 | J9: 0 | K9: 0 | L9: =L8+1000 -> 350095 | M9: 2489441 | N9: 104973 | O9: =O8+239 -> 310711 | P9: 143739 | Q9: 428680 | R9: 314 | S9: 309122 | T9: 4673 | U9: 48082 | V9: 29793 | X9: 333.918 | Y9: 787.12 | Z9: 3840.301
A10: 43836 | B10: 33 | C10: 74 | D10: 840388 | E10: 842820 | F10: 65286 | G10: 64561 | H10: 2495 | I10: 0 | J10: 0 | K10: 0 | L10: =L9+1000 -> 351095 | M10: 2490315 | N10: 107392 | O10: =O9+239 -> 310950 | P10: 1437391 | Q10: 428680 | R10: 317 | S10: 309201 | T10: 4752 | U10: 48089 | V10: 29802 | X10: 333.923 | Y10: 787.146 | Z10: 3840.484
A11: 43837 | B11: 39 | C11: 58 | D11: 840883 | E11: 843316 | F11: 65805 | G11: 65081 | H11: 3301 | I11: 0 | J11: 0 | K11: 0 | L11: 352711 | M11: =M10+845 -> 2491160 | N11: 109747 | O11: =O10+239 -> 311189 | P11: 143739 | Q11: 428680 | R11: 320 | S11: 309283 | T11: 4851 | U11: 48097 | V11: 29802 | X11: 333.923 | Y11: 787.193 | Z11: 3840.801
A12: 43838 | B12: 13 | C12: 24 | D12: 841378 | E12: 843811 | F12: 66335 | G12: 65611 | H12: 4096 | I12: 0 | J12: 0 | K12: 0 | L12: =L11+950 -> 353661 | M12: =M11+845 -> 2492005 | N12: 111787 | O12: =O11+239 -> 311428 | P12: 143739 | Q12: 428680 | R12: 323 | S12: 309351 | T12: 4930 | U12: 48106 | V12: 29803 | X12: 333.932 | Y12: 787252 | Z12: 3841.145
A13: 43839 | B13: 29 | C13: 44 | D13: 841882 | E13: 844315 | F13: 66839 | G13: 66114 | H13: 4885 | I13: 0 | J13: 0 | K13: 0 | L13: 354597 | M13: 2492852 | N13: 113833 | O13: 311909 | P13: 1437391 | Q13: 428680 | R13: 326 | S13: 309403 | T13: 4996 | U13: 48112 | V13: 29803 | X13: 333.932 | Y13: 787309 | Z13: 3841.502
A14: 43840 | B14: 56 | C14: 133 | D14: 842346 | E14: 844780 | F14: 67344 | G14: 66620 | H14: 5671 | I14: 0 | J14: 0 | K14: 0 | L14: 355475 | M14: 2493682 | N14: 115955 | O14: 312041 | P14: 1437391 | Q14: 428680 | R14: 329 | S14: 309454 | T14: 5066 | U14: 48119 | V14: 29804 | X14: 333.932 | Y14: 789135 | Z14: 3841.87
A15: 43841 | B15: 93 | C15: 231 | D15: 842838 | E15: 845273 | F15: 67866 | G15: 67141 | H15: 6501 | I15: 0 | J15: 0 | K15: 0 | L15: =L14+1000 -> 356475 | M15: 2494548 | N15: 118321 | O15: =O14+239 -> 312280 | P15: 1437.391 | Q15: 428680 | R15: 332 | S15: 309515 | T15: 5143 | U15: 48126 | V15: 29805 | X15: 333.932 | Y15: 789.351 | Z15: 3842.276
A16: 43842 | B16: 33 | C16: 74 | D16: 843346 | E16: 845781 | F16: 68405 | G16: 67680 | H16: 7319 | I16: 0 | J16: 0 | K16: 0 | L16: =L15+1000 -> 357475 | M16: 2495434 | N16: 120696 | O16: 312347 | P16: 1437.391 | Q16: 428680 | R16: 335 | S16: 309605 | T16: 5245 | U16: 48136 | V16: 29806 | X16: 333.932 | Y16: 789.576 | Z16: 3842.796
A17: 43843 | B17: 40 | C17: 63 | D17: 843828 | E17: 846263 | F17: 68926 | G17: 68201 | H17: 8109 | I17: 0 | J17: 0 | K17: 0 | L17: =L16+1000 -> 358475 | M17: 2496288 | N17: 123046 | O17: 312506 | P17: 1437.391 | Q17: 428680 | R17: 338 | S17: 309666 | T17: 5330 | U17: 48146 | V17: 29812 | X17: 333.932 | Y17: 789.788 | Z17: 3843.453
A18: 43844 | B18: 45 | C18: 59 | D18: 844324 | E18: 846759 | F18: 69420 | G18: 68695 | H18: 8884 | I18: 0 | J18: 0 | K18: 0 | L18: 359326 | M18: 2497141 | N18: 125307 | O18: 312644 | P18: 1437391 | Q18: 428680 | R18: 341 | S18: 309730 | T18: 5407 | U18: 48152 | V18: 29812 | X18: 333.969 | Y18: 790.005 | Z18: 3844.146
A19: 43845 | B19: 46 | C19: 63 | D19: 844801 | E19: 847237 | F19: 69897 | G19: 69172 | H19: 9654 | I19: 0 | J19: 0 | K19: 0 | L19: 360088 | M19: 2497961 | N19: 127243 | O19: =O18 -> 312644 | P19: 1437391 | Q19: 428680 | R19: 344 | S19: 309778 | T19: 5475 | U19: 48158 | V19: 29812 | X19: 333.97 | Y19: 790.359 | Z19: 3844.812
A20: 43846 | B20: 21 | C20: 44 | D20: 845288 | E20: 847725 | F20: 70405 | G20: 69680 | H20: 10495 | I20: 0 | J20: 0 | K20: 0 | L20: =L19+1000 -> 361088 | M20: 2498769 | N20: 129567 | O20: =O19+141 -> 312785 | P20: 1437391 | Q20: 428680 | R20: 347 | S20: 309835 | T20: 5544 | U20: 48165 | V20: 29812 | X20: 333.969 | Y20: 790.592 | Z20: 3845.466
A21: 43847 | B21: 46 | C21: 121 | D21: 845789 | E21: 848226 | F21: 70909 | G21: 70184 | H21: 11344 | I21: 0 | J21: 0 | K21: 0 | L21: 361923 | M21: =M20+1713 -> 2500482 | N21: 131796 | O21: =O20+141 -> 312926 | P21: 1437391 | Q21: 428680 | R21: 350 | S21: 309892 | T21: 5616 | U21: 48172 | V21: 29813 | X21: 333.969 | Y21: 790.825 | Z21: 3846.145
A22: 43848 | B22: 96 | C22: 241 | D22: 846295 | E22: 848732 | F22: 71429 | G22: 70703 | H22: 12198 | I22: 0 | J22: 0 | K22: 0 | L22: =L21+1000 -> 362923 | M22: 2500482 | N22: 134332 | O22: =O21+141 -> 313067 | P22: 1437391 | Q22: 428680 | R22: 353 | S22: 309970 | T22: 5700 | U22: 48180 | V22: 29814 | X22: 333.969 | Y22: 791.062 | Z22: 3846.834
A23: 43849 | B23: 20 | C23: 53 | D23: 846775 | E23: 849213 | F23: 71972 | G23: 71246 | H23: 12456 | I23: 0 | J23: 0 | K23: 0 | L23: =L22+1000 -> 363923 | M23: 2501396 | N23: 136956 | O23: =O22+141 -> 313208 | P23: 1437391 | Q23: 428680 | R23: 355 | S23: 310062 | T23: 5798 | U23: 48188 | V23: 29815 | X23: 333.969 | Y23: 791.251 | Z23: 3847.523
A24: 43850 | B24: 27 | C24: 55 | D24: 847250 | E24: 849689 | F24: 72500 | G24: 71774 | H24: 13756 | I24: 0 | J24: 0 | K24: 0 | L24: =L23+1000 -> 364923 | M24: 2502290 | N24: 139604 | O24: =O23+141 -> 313349 | P24: 1437.391 | Q24: 428680 | R24: 357 | S24: 310144 | T24: 5886 | U24: 48195 | V24: 29822 | X24: 333.974 | Y24: 791.497 | Z24: 3848.241
A25: 43851 | B25: 32 | C25: 53 | D25: 847725 | E25: 850165 | F25: 73014 | G25: 72288 | H25: 14559 | I25: 0 | J25: 0 | K25: 0 | L25: =L24+1000 -> 365923 | M25: 2503167 | N25: 142222 | O25: =O24+141 -> 313490 | P25: 1437.391 | Q25: 428680 | R25: 359 | S25: 310210 | T25: 5961 | U25: 48202 | V25: 29822 | X25: 333.974 | Y25: 791.711 | Z25: 3848.991
A26: 43852 | B26: 23 | C26: 46 | D26: 848214 | E26: 850654 | F26: 73513 | G26: 72787 | H26: 15325 | I26: 0 | J26: 0 | K26: 0 | L26: 366932 | M26: 2504059 | N26: 144679 | O26: 313778 | P26: 1437391 | Q26: 428680 | R26: 362 | S26: 310261 | T26: 6034 | U26: 48208 | V26: 29823 | X26: 333.979 | Y26: 791.922 | Z26: 3849.752
A27: 43853 | B27: 17 | C27: 53 | D27: 848726 | E27: 851166 | F27: 74029 | G27: 73303 | H27: 16160 | I27: 0 | J27: 0 | K27: 0 | L27: 367818 | M27: 2504920 | N27: 147092 | O27: 313917 | P27: 1437391 | Q27: 428680 | R27: 365 | S27: 310333 | T27: 6110 | U27: 48215 | V27: 29823 | X27: 333.979 | Y27: 792.133 | Z27: 3850.811
A28: 43854 | B28: 76 | C28: 202 | D28: 849216 | E28: 851657 | F28: 74547 | G28: 73821 | H28: 16981 | I28: 0 | J28: 0 | K28: 0 | L28: 368780 | M28: 2505723 | N28: 149451 | O28: 314053 | P28: 1437391 | Q28: 428680 | R28: 367 | S28: 310388 | T28: 6181 | U28: 48223 | V28: 29824 | X28: 333.983 | Y28: 792.342 | Z28: 3852.093
A29: 43855 | B29: 109 | C29: 276 | D29: 849736 | E29: 852178 | F29: 75088 | G29: 74425 | H29: 17804 | I29: 0 | J29: 0 | K29: 0 | L29: =L28+1000 -> 369780 | M29: 2506602 | N29: 151870 | O29: =O28+141 -> 314194 | P29: 1497391 | Q29: 428680 | R29: 370 | S29: 310458 | T29: 6267 | U29: 48233 | V29: 29825 | X29: 333.983 | Y29: 792.564 | Z29: 3853.403
A30: 43856 | B30: 23 | C30: 46 | D30: 850249 | E30: 852691 | F30: 75634 | G30: 74908 | H30: 18657 | I30: 0 | J30: 0 | K30: 0 | L30: =L29+1000 -> 370780 | M30: 2507478 | N30: 154282 | O30: =O29+141 -> 314335 | P30: 1437391 | Q30: 428680 | R30: 373 | S30: 310554 | T30: 6375 | U30: 48243 | V30: 29826 | X30: 333.987 | Y30: 792.78 | Z30: 3854.77
A31: 43857 | B31: 28 | C31: 44 | D31: 850707 | E31: 853149 | F31: 76144 | G31: 75417 | H31: 19331 | I31: 0 | J31: 0 | K31: 0 | L31: =L30+1000 -> 371780 | M31: 2508352 | N31: 156513 | O31: =O30+141 -> 314476 | P31: 1437391 | Q31: 428680 | R31: 375 | S31: 310635 | T31: 6469 | U31: 48250 | V31: 29831 | X31: 333.992 | Y31: 792.979 | Z31: 3855.435
A32: 43858 | B32: 28 | C32: 44 | D32: 851137 | E32: 853580 | F32: 76602 | G32: 75875 | H32: 19998 | L32: =L31+100 -> 371880 | M32: 2509188 | N32: 158413 | O32: 314597 | P32: 1437391 | Q32: 428680 | R32: 376 | S32: 310693 | T32: 6541 | U32: 48256 | V32: 29831 | X32: 334.022 | Y32: 793.163 | Z32: 3855.435
A33: 43859 | B33: 24 | C33: 46 | D33: 851548 | E33: 853991 | F33: 77095 | G33: 76368 | H33: 20711 | L33: =L32+1000 -> 372880 | M33: 2510062 | N33: 160880 | O33: 314733 | P33: 1437.429 | Q33: 428689 | R33: 376 | S33: 310756 | T33: 6610 | U33: 48263 | V33: 29831 | X33: 334.022 | Y33: 793.362 | Z33: 3855.435
A34: 43860 | B34: 27 | C34: 49 | D34: 852034 | E34: 854468 | F34: 77607 | G34: 76880 | H34: 21535 | L34: =L33+1000 -> 373880 | M34: 2511087 | N34: 163197 | O34: 314869 | P34: 1437.429 | Q34: 428689 | R34: 378 | S34: 310834 | T34: 6692 | U34: 48273 | V34: 29832 | X34: 334.022 | Y34: 793.573 | Z34: 3855.435
A35: 43861 | B35: 68 | C35: 178 | D35: 852514 | E35: 854958 | F35: 78063 | G35: 77336 | H35: 22136 | I35: 6381524 | J35: 31748 | K35: 4256235 | L35: 375436 | M35: 2511730 | N35: 165102 | O35: 315081 | P35: 1437429 | Q35: 428689 | R35: 382 | S35: 310877 | T35: 6748 | U35: 48277 | V35: 29833 | X35: 334.022 | Y35: 793.652 | Z35: 3855.509
