Workbook

Sheet Total Daily 
A1: Site Name | B1: Day | C1: Month | D1: Year | E1: Total Electricity Kwh | F1: Electricity Tariff ($/Kwh) | G1: LPG (Kg) | H1: LPG $/Kg | I1: District Energy Cooling Kwh | J1: District Energy Cooling $/Kwh | K1: Water Utility Supply (m3) m3 | L1: Water Utility Supply (m3) m3 | M1: Water Utility Supply (m3) $/m3 | N1: Room Nights
A2: Dubai DIFC | B2: 1 | C2: 2 | D2: 2020 | E2: ='02 - 2020'!B7-'02 - 2020'!B6+'02 - 2020'!C7-'02 - 2020'!C6 -> 9865 | F2: 0.118 | G2: =(('02 - 2020'!E7-'02 - 2020'!E6)+('02 - 2020'!F7-'02 - 2020'!F6)+('02 - 2020'!G7-'02 - 2020'!G6))*1.81 -> 147.3521 | H2: 0.99 | I2: ='02 - 2020'!J7-'02 - 2020'!J6 -> 11154 | J2: 0.081 | K2: ='02 - 2020'!H7-'02 - 2020'!H6 -> 0 | L2: ='02 - 2020'!I7-'02 - 2020'!I6 -> 109 | M2: 4.3936294 | N2: 74
A3: Dubai DIFC | B3: =B2+1 -> 2 | C3: 2 | D3: 2020 | E3: ='02 - 2020'!B8-'02 - 2020'!B7+'02 - 2020'!C8-'02 - 2020'!C7 -> 8431 | F3: 0.118 | G3: =(('02 - 2020'!E8-'02 - 2020'!E7)+('02 - 2020'!F8-'02 - 2020'!F7)+('02 - 2020'!G8-'02 - 2020'!G7))*1.81 -> 114.0119 | H3: 0.99 | I3: ='02 - 2020'!J8-'02 - 2020'!J7 -> 9392 | J3: 0.081 | K3: ='02 - 2020'!H8-'02 - 2020'!H7 -> 0 | L3: ='02 - 2020'!I8-'02 - 2020'!I7 -> 108 | M3: 4.3936294 | N3: 44
A4: Dubai DIFC | B4: =B3+1 -> 3 | C4: 2 | D4: 2020 | E4: ='02 - 2020'!B9-'02 - 2020'!B8+'02 - 2020'!C9-'02 - 2020'!C8 -> 8983 | F4: 0.118 | G4: =(('02 - 2020'!E9-'02 - 2020'!E8)+('02 - 2020'!F9-'02 - 2020'!F8)+('02 - 2020'!G9-'02 - 2020'!G8))*1.81 -> 125.4692 | H4: 0.99 | I4: ='02 - 2020'!J9-'02 - 2020'!J8 -> 10330 | J4: 0.081 | K4: ='02 - 2020'!H9-'02 - 2020'!H8 -> 0 | L4: ='02 - 2020'!I9-'02 - 2020'!I8 -> 81 | M4: 4.3936294 | N4: 61
A5: Dubai DIFC | B5: =B4+1 -> 4 | C5: 2 | D5: 2020 | E5: ='02 - 2020'!B10-'02 - 2020'!B9+'02 - 2020'!C10-'02 - 2020'!C9 -> 9756 | F5: 0.118 | G5: =(('02 - 2020'!E10-'02 - 2020'!E9)+('02 - 2020'!F10-'02 - 2020'!F9)+('02 - 2020'!G10-'02 - 2020'!G9))*1.81 -> 131.406 | H5: 0.99 | I5: ='02 - 2020'!J10-'02 - 2020'!J9 -> 10612 | J5: 0.081 | K5: ='02 - 2020'!H10-'02 - 2020'!H9 -> 0 | L5: ='02 - 2020'!I10-'02 - 2020'!I9 -> 114 | M5: 4.3936294 | N5: 61
A6: Dubai DIFC | B6: =B5+1 -> 5 | C6: 2 | D6: 2020 | E6: ='02 - 2020'!B11-'02 - 2020'!B10+'02 - 2020'!C11-'02 - 2020'!C10 -> 9511 | F6: 0.118 | G6: =(('02 - 2020'!E11-'02 - 2020'!E10)+('02 - 2020'!F11-'02 - 2020'!F10)+('02 - 2020'!G11-'02 - 2020'!G10))*1.81 -> 140.1483 | H6: 0.99 | I6: ='02 - 2020'!J11-'02 - 2020'!J10 -> 10107 | J6: 0.081 | K6: ='02 - 2020'!H11-'02 - 2020'!H10 -> 0 | L6: ='02 - 2020'!I11-'02 - 2020'!I10 -> 102 | M6: 4.3936294 | N6: 68
A7: Dubai DIFC | B7: =B6+1 -> 6 | C7: 2 | D7: 2020 | E7: 0 | F7: 0.118 | G7: 0 | H7: 0.99 | I7: 0 | J7: 0.081 | K7: 0 | L7: 0 | M7: 4.3936294
A8: Dubai DIFC | B8: =B7+1 -> 7 | C8: 2 | D8: 2020 | E8: ='02 - 2020'!B13-'02 - 2020'!B12+'02 - 2020'!C13-'02 - 2020'!C12 -> 0 | F8: 0.118 | G8: =(('02 - 2020'!E13-'02 - 2020'!E12)+('02 - 2020'!F13-'02 - 2020'!F12)+('02 - 2020'!G13-'02 - 2020'!G12))*1.81 -> 0 | H8: 0.99 | I8: ='02 - 2020'!J13-'02 - 2020'!J12 -> 0 | J8: 0.081 | K8: ='02 - 2020'!H13-'02 - 2020'!H12 -> 0 | L8: ='02 - 2020'!I13-'02 - 2020'!I12 -> 0 | M8: 4.3936294
A9: Dubai DIFC | B9: =B8+1 -> 8 | C9: 2 | D9: 2020 | E9: ='02 - 2020'!B14-'02 - 2020'!B13+'02 - 2020'!C14-'02 - 2020'!C13 -> 0 | F9: 0.118 | G9: =(('02 - 2020'!E14-'02 - 2020'!E13)+('02 - 2020'!F14-'02 - 2020'!F13)+('02 - 2020'!G14-'02 - 2020'!G13))*1.81 -> 0 | H9: 0.99 | I9: ='02 - 2020'!J14-'02 - 2020'!J13 -> 0 | J9: 0.081 | K9: ='02 - 2020'!H14-'02 - 2020'!H13 -> 0 | L9: ='02 - 2020'!I14-'02 - 2020'!I13 -> 0 | M9: 4.3936294
A10: Dubai DIFC | B10: =B9+1 -> 9 | C10: 2 | D10: 2020 | E10: ='02 - 2020'!B15-'02 - 2020'!B14+'02 - 2020'!C15-'02 - 2020'!C14 -> 0 | F10: 0.118 | G10: =(('02 - 2020'!E15-'02 - 2020'!E14)+('02 - 2020'!F15-'02 - 2020'!F14)+('02 - 2020'!G15-'02 - 2020'!G14))*1.81 -> 0 | H10: 0.99 | I10: ='02 - 2020'!J15-'02 - 2020'!J14 -> 0 | J10: 0.081 | K10: ='02 - 2020'!H15-'02 - 2020'!H14 -> 0 | L10: ='02 - 2020'!I15-'02 - 2020'!I14 -> 0 | M10: 4.3936294
A11: Dubai DIFC | B11: =B10+1 -> 10 | C11: 2 | D11: 2020 | E11: ='02 - 2020'!B16-'02 - 2020'!B15+'02 - 2020'!C16-'02 - 2020'!C15 -> 0 | F11: 0.118 | G11: =(('02 - 2020'!E16-'02 - 2020'!E15)+('02 - 2020'!F16-'02 - 2020'!F15)+('02 - 2020'!G16-'02 - 2020'!G15))*1.81 -> 0 | H11: 0.99 | I11: ='02 - 2020'!J16-'02 - 2020'!J15 -> 0 | J11: 0.081 | K11: ='02 - 2020'!H16-'02 - 2020'!H15 -> 0 | L11: ='02 - 2020'!I16-'02 - 2020'!I15 -> 0 | M11: 4.3936294
A12: Dubai DIFC | B12: =B11+1 -> 11 | C12: 2 | D12: 2020 | E12: ='02 - 2020'!B17-'02 - 2020'!B16+'02 - 2020'!C17-'02 - 2020'!C16 -> 0 | F12: 0.118 | G12: =(('02 - 2020'!E17-'02 - 2020'!E16)+('02 - 2020'!F17-'02 - 2020'!F16)+('02 - 2020'!G17-'02 - 2020'!G16))*1.81 -> 0 | H12: 0.99 | I12: ='02 - 2020'!J17-'02 - 2020'!J16 -> 0 | J12: 0.081 | K12: ='02 - 2020'!H17-'02 - 2020'!H16 -> 0 | L12: ='02 - 2020'!I17-'02 - 2020'!I16 -> 0 | M12: 4.3936294
A13: Dubai DIFC | B13: =B12+1 -> 12 | C13: 2 | D13: 2020 | E13: ='02 - 2020'!B18-'02 - 2020'!B17+'02 - 2020'!C18-'02 - 2020'!C17 -> 0 | F13: 0.118 | G13: =(('02 - 2020'!E18-'02 - 2020'!E17)+('02 - 2020'!F18-'02 - 2020'!F17)+('02 - 2020'!G18-'02 - 2020'!G17))*1.81 -> 0 | H13: 0.99 | I13: ='02 - 2020'!J18-'02 - 2020'!J17 -> 0 | J13: 0.081 | K13: ='02 - 2020'!H18-'02 - 2020'!H17 -> 0 | L13: ='02 - 2020'!I18-'02 - 2020'!I17 -> 0 | M13: 4.3936294
A14: Dubai DIFC | B14: =B13+1 -> 13 | C14: 2 | D14: 2020 | E14: ='02 - 2020'!B19-'02 - 2020'!B18+'02 - 2020'!C19-'02 - 2020'!C18 -> 0 | F14: 0.118 | G14: =(('02 - 2020'!E19-'02 - 2020'!E18)+('02 - 2020'!F19-'02 - 2020'!F18)+('02 - 2020'!G19-'02 - 2020'!G18))*1.81 -> 0 | H14: 0.99 | I14: ='02 - 2020'!J19-'02 - 2020'!J18 -> 0 | J14: 0.081 | K14: ='02 - 2020'!H19-'02 - 2020'!H18 -> 0 | L14: ='02 - 2020'!I19-'02 - 2020'!I18 -> 0 | M14: 4.3936294
A15: Dubai DIFC | B15: =B14+1 -> 14 | C15: 2 | D15: 2020 | E15: ='02 - 2020'!B20-'02 - 2020'!B19+'02 - 2020'!C20-'02 - 2020'!C19 -> 0 | F15: 0.118 | G15: =(('02 - 2020'!E20-'02 - 2020'!E19)+('02 - 2020'!F20-'02 - 2020'!F19)+('02 - 2020'!G20-'02 - 2020'!G19))*1.81 -> 0 | H15: 0.99 | I15: ='02 - 2020'!J20-'02 - 2020'!J19 -> 0 | J15: 0.081 | K15: ='02 - 2020'!H20-'02 - 2020'!H19 -> 0 | L15: ='02 - 2020'!I20-'02 - 2020'!I19 -> 0 | M15: 4.3936294
A16: Dubai DIFC | B16: =B15+1 -> 15 | C16: 2 | D16: 2020 | E16: ='02 - 2020'!B21-'02 - 2020'!B20+'02 - 2020'!C21-'02 - 2020'!C20 -> 0 | F16: 0.118 | G16: =(('02 - 2020'!E21-'02 - 2020'!E20)+('02 - 2020'!F21-'02 - 2020'!F20)+('02 - 2020'!G21-'02 - 2020'!G20))*1.81 -> 0 | H16: 0.99 | I16: ='02 - 2020'!J21-'02 - 2020'!J20 -> 0 | J16: 0.081 | K16: ='02 - 2020'!H21-'02 - 2020'!H20 -> 0 | L16: ='02 - 2020'!I21-'02 - 2020'!I20 -> 0 | M16: 4.3936294
A17: Dubai DIFC | B17: =B16+1 -> 16 | C17: 2 | D17: 2020 | E17: ='02 - 2020'!B22-'02 - 2020'!B21+'02 - 2020'!C22-'02 - 2020'!C21 -> 0 | F17: 0.118 | G17: =(('02 - 2020'!E22-'02 - 2020'!E21)+('02 - 2020'!F22-'02 - 2020'!F21)+('02 - 2020'!G22-'02 - 2020'!G21))*1.81 -> 0 | H17: 0.99 | I17: ='02 - 2020'!J22-'02 - 2020'!J21 -> 0 | J17: 0.081 | K17: ='02 - 2020'!H22-'02 - 2020'!H21 -> 0 | L17: ='02 - 2020'!I22-'02 - 2020'!I21 -> 0 | M17: 4.3936294
A18: Dubai DIFC | B18: =B17+1 -> 17 | C18: 2 | D18: 2020 | E18: ='02 - 2020'!B23-'02 - 2020'!B22+'02 - 2020'!C23-'02 - 2020'!C22 -> 0 | F18: 0.118 | G18: =(('02 - 2020'!E23-'02 - 2020'!E22)+('02 - 2020'!F23-'02 - 2020'!F22)+('02 - 2020'!G23-'02 - 2020'!G22))*1.81 -> 0 | H18: 0.99 | I18: ='02 - 2020'!J23-'02 - 2020'!J22 -> 0 | J18: 0.081 | K18: ='02 - 2020'!H23-'02 - 2020'!H22 -> 0 | L18: ='02 - 2020'!I23-'02 - 2020'!I22 -> 0 | M18: 4.3936294
A19: Dubai DIFC | B19: =B18+1 -> 18 | C19: 2 | D19: 2020 | E19: ='02 - 2020'!B24-'02 - 2020'!B23+'02 - 2020'!C24-'02 - 2020'!C23 -> 0 | F19: 0.118 | G19: =(('02 - 2020'!E24-'02 - 2020'!E23)+('02 - 2020'!F24-'02 - 2020'!F23)+('02 - 2020'!G24-'02 - 2020'!G23))*1.81 -> 0 | H19: 0.99 | I19: ='02 - 2020'!J24-'02 - 2020'!J23 -> 0 | J19: 0.081 | K19: ='02 - 2020'!H24-'02 - 2020'!H23 -> 0 | L19: ='02 - 2020'!I24-'02 - 2020'!I23 -> 0 | M19: 4.3936294
... A30: Dubai DIFC | B30: =B29+1 -> 29 | C30: 2 | D30: 2020 | E30: ='02 - 2020'!B35-'02 - 2020'!B34+'02 - 2020'!C35-'02 - 2020'!C34 -> 0 | F30: 0.118 | G30: =(('02 - 2020'!E35-'02 - 2020'!E34)+('02 - 2020'!F35-'02 - 2020'!F34)+('02 - 2020'!G35-'02 - 2020'!G34))*1.81 -> 0 | H30: 0.99 | I30: ='02 - 2020'!J35-'02 - 2020'!J34 -> 0 | J30: 0.081 | K30: ='02 - 2020'!H35-'02 - 2020'!H34 -> 0 | L30: ='02 - 2020'!I35-'02 - 2020'!I34 -> 0 | M30: 4.3936294

Sheet Submetering Daily 
A1: Site Name | B1: Day | C1: Month | D1: Year | E1: Panel LV1 Kwh | F1: Panel LV2 Kwh | G1: Electricity Tariff ($/Kwh) | H1: Main Kitchen LPG (Kg) | I1: Podium Kitchen LPG (Kg) | J1: Boiler LPG (Kg) | K1: LPG $/Kg | L1: Room Nights
A2: Dubai DIFC | B2: 1 | C2: 2 | D2: 2020 | E2: ='02 - 2020'!B7-'02 - 2020'!B6 -> 3957 | F2: ='02 - 2020'!C7-'02 - 2020'!C6 -> 5908 | G2: 0.118 | H2: ='02 - 2020'!E7-'02 - 2020'!E6 -> 26.6 | I2: ='02 - 2020'!F7-'02 - 2020'!F6 -> 4.98 | J2: ='02 - 2020'!G7-'02 - 2020'!G6 -> 49.83 | K2: 0.74 | L2: 74
A3: Dubai DIFC | B3: =B2+1 -> 2 | C3: 2 | D3: 2020 | E3: ='02 - 2020'!B8-'02 - 2020'!B7 -> 3429 | F3: ='02 - 2020'!C8-'02 - 2020'!C7 -> 5002 | G3: 0.118 | H3: ='02 - 2020'!E8-'02 - 2020'!E7 -> 21.55 | I3: ='02 - 2020'!F8-'02 - 2020'!F7 -> 4.67 | J3: ='02 - 2020'!G8-'02 - 2020'!G7 -> 36.77 | K3: 0.74 | L3: 44
A4: Dubai DIFC | B4: =B3+1 -> 3 | C4: 2 | D4: 2020 | E4: ='02 - 2020'!B9-'02 - 2020'!B8 -> 3612 | F4: ='02 - 2020'!C9-'02 - 2020'!C8 -> 5371 | G4: 0.118 | H4: ='02 - 2020'!E9-'02 - 2020'!E8 -> 24.82 | I4: ='02 - 2020'!F9-'02 - 2020'!F8 -> 6.19 | J4: ='02 - 2020'!G9-'02 - 2020'!G8 -> 38.31 | K4: 0.74 | L4: 61
A5: Dubai DIFC | B5: =B4+1 -> 4 | C5: 2 | D5: 2020 | E5: ='02 - 2020'!B10-'02 - 2020'!B9 -> 4149 | F5: ='02 - 2020'!C10-'02 - 2020'!C9 -> 5607 | G5: 0.118 | H5: ='02 - 2020'!E10-'02 - 2020'!E9 -> 24.12 | I5: ='02 - 2020'!F10-'02 - 2020'!F9 -> 6 | J5: ='02 - 2020'!G10-'02 - 2020'!G9 -> 42.48 | K5: 0.74 | L5: 61
A6: Dubai DIFC | B6: =B5+1 -> 5 | C6: 2 | D6: 2020 | E6: ='02 - 2020'!B11-'02 - 2020'!B10 -> 3878 | F6: ='02 - 2020'!C11-'02 - 2020'!C10 -> 5633 | G6: 0.118 | H6: ='02 - 2020'!E11-'02 - 2020'!E10 -> 23.88 | I6: ='02 - 2020'!F11-'02 - 2020'!F10 -> 6.65 | J6: ='02 - 2020'!G11-'02 - 2020'!G10 -> 46.9 | K6: 0.74 | L6: 68
A7: Dubai DIFC | B7: =B6+1 -> 6 | C7: 2 | D7: 2020 | E7: 0 | F7: 0 | G7: 0.118 | H7: 0 | I7: 0 | J7: 0 | K7: 0.74
A8: Dubai DIFC | B8: =B7+1 -> 7 | C8: 2 | D8: 2020 | E8: ='02 - 2020'!B13-'02 - 2020'!B12 -> 0 | F8: ='02 - 2020'!C13-'02 - 2020'!C12 -> 0 | G8: 0.118 | H8: ='02 - 2020'!E13-'02 - 2020'!E12 -> 0 | I8: ='02 - 2020'!F13-'02 - 2020'!F12 -> 0 | J8: ='02 - 2020'!G13-'02 - 2020'!G12 -> 0 | K8: 0.74
A9: Dubai DIFC | B9: =B8+1 -> 8 | C9: 2 | D9: 2020 | E9: ='02 - 2020'!B14-'02 - 2020'!B13 -> 0 | F9: ='02 - 2020'!C14-'02 - 2020'!C13 -> 0 | G9: 0.118 | H9: ='02 - 2020'!E14-'02 - 2020'!E13 -> 0 | I9: ='02 - 2020'!F14-'02 - 2020'!F13 -> 0 | J9: ='02 - 2020'!G14-'02 - 2020'!G13 -> 0 | K9: 0.74
A10: Dubai DIFC | B10: =B9+1 -> 9 | C10: 2 | D10: 2020 | E10: ='02 - 2020'!B15-'02 - 2020'!B14 -> 0 | F10: ='02 - 2020'!C15-'02 - 2020'!C14 -> 0 | G10: 0.118 | H10: ='02 - 2020'!E15-'02 - 2020'!E14 -> 0 | I10: ='02 - 2020'!F15-'02 - 2020'!F14 -> 0 | J10: ='02 - 2020'!G15-'02 - 2020'!G14 -> 0 | K10: 0.74
A11: Dubai DIFC | B11: =B10+1 -> 10 | C11: 2 | D11: 2020 | E11: ='02 - 2020'!B16-'02 - 2020'!B15 -> 0 | F11: ='02 - 2020'!C16-'02 - 2020'!C15 -> 0 | G11: 0.118 | H11: ='02 - 2020'!E16-'02 - 2020'!E15 -> 0 | I11: ='02 - 2020'!F16-'02 - 2020'!F15 -> 0 | J11: ='02 - 2020'!G16-'02 - 2020'!G15 -> 0 | K11: 0.74
A12: Dubai DIFC | B12: =B11+1 -> 11 | C12: 2 | D12: 2020 | E12: ='02 - 2020'!B17-'02 - 2020'!B16 -> 0 | F12: ='02 - 2020'!C17-'02 - 2020'!C16 -> 0 | G12: 0.118 | H12: ='02 - 2020'!E17-'02 - 2020'!E16 -> 0 | I12: ='02 - 2020'!F17-'02 - 2020'!F16 -> 0 | J12: ='02 - 2020'!G17-'02 - 2020'!G16 -> 0 | K12: 0.74
A13: Dubai DIFC | B13: =B12+1 -> 12 | C13: 2 | D13: 2020 | E13: ='02 - 2020'!B18-'02 - 2020'!B17 -> 0 | F13: ='02 - 2020'!C18-'02 - 2020'!C17 -> 0 | G13: 0.118 | H13: ='02 - 2020'!E18-'02 - 2020'!E17 -> 0 | I13: ='02 - 2020'!F18-'02 - 2020'!F17 -> 0 | J13: ='02 - 2020'!G18-'02 - 2020'!G17 -> 0 | K13: 0.74
A14: Dubai DIFC | B14: =B13+1 -> 13 | C14: 2 | D14: 2020 | E14: ='02 - 2020'!B19-'02 - 2020'!B18 -> 0 | F14: ='02 - 2020'!C19-'02 - 2020'!C18 -> 0 | G14: 0.118 | H14: ='02 - 2020'!E19-'02 - 2020'!E18 -> 0 | I14: ='02 - 2020'!F19-'02 - 2020'!F18 -> 0 | J14: ='02 - 2020'!G19-'02 - 2020'!G18 -> 0 | K14: 0.74
A15: Dubai DIFC | B15: =B14+1 -> 14 | C15: 2 | D15: 2020 | E15: ='02 - 2020'!B20-'02 - 2020'!B19 -> 0 | F15: ='02 - 2020'!C20-'02 - 2020'!C19 -> 0 | G15: 0.118 | H15: ='02 - 2020'!E20-'02 - 2020'!E19 -> 0 | I15: ='02 - 2020'!F20-'02 - 2020'!F19 -> 0 | J15: ='02 - 2020'!G20-'02 - 2020'!G19 -> 0 | K15: 0.74
A16: Dubai DIFC | B16: =B15+1 -> 15 | C16: 2 | D16: 2020 | E16: ='02 - 2020'!B21-'02 - 2020'!B20 -> 0 | F16: ='02 - 2020'!C21-'02 - 2020'!C20 -> 0 | G16: 0.118 | H16: ='02 - 2020'!E21-'02 - 2020'!E20 -> 0 | I16: ='02 - 2020'!F21-'02 - 2020'!F20 -> 0 | J16: ='02 - 2020'!G21-'02 - 2020'!G20 -> 0 | K16: 0.74
A17: Dubai DIFC | B17: =B16+1 -> 16 | C17: 2 | D17: 2020 | E17: ='02 - 2020'!B22-'02 - 2020'!B21 -> 0 | F17: ='02 - 2020'!C22-'02 - 2020'!C21 -> 0 | G17: 0.118 | H17: ='02 - 2020'!E22-'02 - 2020'!E21 -> 0 | I17: ='02 - 2020'!F22-'02 - 2020'!F21 -> 0 | J17: ='02 - 2020'!G22-'02 - 2020'!G21 -> 0 | K17: 0.74
A18: Dubai DIFC | B18: =B17+1 -> 17 | C18: 2 | D18: 2020 | E18: ='02 - 2020'!B23-'02 - 2020'!B22 -> 0 | F18: ='02 - 2020'!C23-'02 - 2020'!C22 -> 0 | G18: 0.118 | H18: ='02 - 2020'!E23-'02 - 2020'!E22 -> 0 | I18: ='02 - 2020'!F23-'02 - 2020'!F22 -> 0 | J18: ='02 - 2020'!G23-'02 - 2020'!G22 -> 0 | K18: 0.74
A19: Dubai DIFC | B19: =B18+1 -> 18 | C19: 2 | D19: 2020 | E19: ='02 - 2020'!B24-'02 - 2020'!B23 -> 0 | F19: ='02 - 2020'!C24-'02 - 2020'!C23 -> 0 | G19: 0.118 | H19: ='02 - 2020'!E24-'02 - 2020'!E23 -> 0 | I19: ='02 - 2020'!F24-'02 - 2020'!F23 -> 0 | J19: ='02 - 2020'!G24-'02 - 2020'!G23 -> 0 | K19: 0.74
... A30: Dubai DIFC | B30: =B29+1 -> 29 | C30: 2 | D30: 2020 | E30: ='02 - 2020'!B35-'02 - 2020'!B34 -> 0 | F30: ='02 - 2020'!C35-'02 - 2020'!C34 -> 0 | G30: 0.118 | H30: ='02 - 2020'!E35-'02 - 2020'!E34 -> 0 | I30: ='02 - 2020'!F35-'02 - 2020'!F34 -> 0 | J30: ='02 - 2020'!G35-'02 - 2020'!G34 -> 0 | K30: 0.74

Sheet 02 - 2020
A2: FOUR SEASONS HOTEL - DIFC
A3: HLP READING MONTH OF FEBRUARY' 2020
B4: 19 | D4: LPG (cu.m) | H4: Water (cu.m) | J4: BTU
A5: Date | B5: LV-01, 2025952759 | C5: LV-2, 2030235407 | D5: Main Meter % | E5: Main Kitchen | F5: Podium Kitchen | G5: Boiler | H5: B-3 Water Meter (DIFC) | I5: MainWater Meter (DEWA) | J5: Chilled Water (KWH) | K5: Gas Received (Litres) | L5: Remark
A6: 43861 | B6: 494110 | C6: 449121 | D6: 0.85 | E6: 9527.18 | F6: 1819.16 | G6: 16452.61 | H6: 14528 | I6: 87332 | J6: 37607686
A7: 43862 | B7: 498067 | C7: 455029 | D7: 0.78 | E7: 9553.78 | F7: 1824.14 | G7: 16502.44 | H7: 14528 | I7: 87441 | J7: 37618840
A8: 43863 | B8: 501496 | C8: 460031 | D8: 0.7 | E8: 9575.33 | F8: 1828.81 | G8: 16539.21 | H8: 14528 | I8: 87549 | J8: 37628232
A9: 43864 | B9: 505108 | C9: 465402 | D9: 0.62 | E9: 9600.15 | F9: 1835 | G9: 16577.52 | H9: 14528 | I9: 87630 | J9: 37638562
A10: 43865 | B10: 509257 | C10: 471009 | D10: 0.54 | E10: 9624.27 | F10: 1841 | G10: 16620 | H10: 14528 | I10: 87744 | J10: 37649174
A11: 43866 | B11: 513135 | C11: 476642 | D11: 0.46 | E11: 9648.15 | F11: 1847.65 | G11: 16666.9 | H11: 14528 | I11: 87846 | J11: 37659281
A12: 43867
A13: 43868
A14: 43869
A15: 43870
A16: 43871
A17: 43872
A18: 43873
A19: 43843
A20: 43875
A21: 43876
A22: 43877
A23: 43878
... A35: 43890
A38: Readings | B38: =B37-B6 -> -494110 | C38: =C37-C6 -> -449121 | D38: =D37-D6 -> -0.85 | E38: =E37-E6 -> -9527.18 | F38: =F37-F6 -> -1819.16 | G38: =G37-G6 -> -16452.61 | H38: =H37-H6 -> -14528 | I38: =I37-I6 -> -87332 | J38: =J37-J6 -> -37607686 | K38: =SUM(K6:K37) -> 0
H39: =H38*219.969 -> -3195709.6 | I39: =I38*219.969 -> -19210333
