Workbook

Sheet TOTAL
A1: Site Name | B1: Day | C1: Month | D1: Year | E1: Total Electricity Kwh | F1: Electricity Tariff ($/Kwh) | G1: Natual Gas (m3) | H1: Natural Gas $/m3 | I1: Water Utility Supply (m3) m3 | J1: Water Utility Supply (m3) $/m3 | K1: Room Nights | L1: Total Guests
A2: London at Ten Trinity Square | B2: 1 | C2: 1 | D2: 2020 | E2: =Submetering!E2+Submetering!F2+Submetering!G2+Submetering!H2+Submetering!K2 -> 10170 | F2: =((TOTAL!E2-Submetering!K2)*0.162+Submetering!K2*TOTAL!H2)/TOTAL!E2 -> 0.17546112 | G2: =Submetering!L2 -> 1350.4 | H2: 0.255129 | I2: =Submetering!N2 -> 140 | J2: 2.3196173 | K2: =Submetering!O2 -> 89 | L2: =Submetering!P2 -> 0
A3: London at Ten Trinity Square | B3: =B2+1 -> 2 | C3: 1 | D3: 2020 | E3: =Submetering!E3+Submetering!F3+Submetering!G3+Submetering!H3+Submetering!K3 -> 10668 | F3: =((TOTAL!E3-Submetering!K3)*0.162+Submetering!K3*TOTAL!H3)/TOTAL!E3 -> 0.17481528 | G3: =Submetering!L3 -> 1447.96 | H3: 0.255129 | I3: =Submetering!N3 -> 180 | J3: 2.3196173 | K3: =Submetering!O3 -> 83 | L3: =Submetering!P3 -> 0
A4: London at Ten Trinity Square | B4: =B3+1 -> 3 | C4: 1 | D4: 2020 | E4: =Submetering!E4+Submetering!F4+Submetering!G4+Submetering!H4+Submetering!K4 -> 10970 | F4: =((TOTAL!E4-Submetering!K4)*0.162+Submetering!K4*TOTAL!H4)/TOTAL!E4 -> 0.17447946 | G4: =Submetering!L4 -> 1462.4 | H4: 0.255129 | I4: =Submetering!N4 -> 210 | J4: 2.3196173 | K4: =Submetering!O4 -> 79 | L4: =Submetering!P4 -> 0
A5: London at Ten Trinity Square | B5: =B4+1 -> 4 | C5: 1 | D5: 2020 | E5: =Submetering!E5+Submetering!F5+Submetering!G5+Submetering!H5+Submetering!K5 -> 11468 | F5: =((TOTAL!E5-Submetering!K5)*0.162+Submetering!K5*TOTAL!H5)/TOTAL!E5 -> 0.17392129 | G5: =Submetering!L5 -> 1654.96 | H5: 0.255129 | I5: =Submetering!N5 -> 200 | J5: 2.3196173 | K5: =Submetering!O5 -> 60 | L5: =Submetering!P5 -> 0
A6: London at Ten Trinity Square | B6: =B5+1 -> 5 | C6: 1 | D6: 2020 | E6: =Submetering!E6+Submetering!F6+Submetering!G6+Submetering!H6+Submetering!K6 -> 9869 | F6: =((TOTAL!E6-Submetering!K6)*0.162+Submetering!K6*TOTAL!H6)/TOTAL!E6 -> 0.17114399 | G6: =Submetering!L6 -> 1303.68 | H6: 0.255129 | I6: =Submetering!N6 -> 170 | J6: 2.3196173 | K6: =Submetering!O6 -> 66 | L6: =Submetering!P6 -> 0
A7: London at Ten Trinity Square | B7: =B6+1 -> 6 | C7: 1 | D7: 2020 | E7: =Submetering!E7+Submetering!F7+Submetering!G7+Submetering!H7+Submetering!K7 -> 9615 | F7: =((TOTAL!E7-Submetering!K7)*0.162+Submetering!K7*TOTAL!H7)/TOTAL!E7 -> 0.17376825 | G7: =Submetering!L7 -> 1398.8 | H7: 0.255129 | I7: =Submetering!N7 -> 160 | J7: 2.3196173 | K7: =Submetering!O7 -> 70 | L7: =Submetering!P7 -> 0
A8: London at Ten Trinity Square | B8: =B7+1 -> 7 | C8: 1 | D8: 2020 | E8: =Submetering!E8+Submetering!F8+Submetering!G8+Submetering!H8+Submetering!K8 -> 11967 | F8: =((TOTAL!E8-Submetering!K8)*0.162+Submetering!K8*TOTAL!H8)/TOTAL!E8 -> 0.17341642 | G8: =Submetering!L8 -> 1381.24 | H8: 0.255129 | I8: =Submetering!N8 -> 170 | J8: 2.3196173 | K8: =Submetering!O8 -> 77 | L8: =Submetering!P8 -> 0
A9: London at Ten Trinity Square | B9: =B8+1 -> 8 | C9: 1 | D9: 2020 | E9: =Submetering!E9+Submetering!F9+Submetering!G9+Submetering!H9+Submetering!K9 -> 11168 | F9: =((TOTAL!E9-Submetering!K9)*0.162+Submetering!K9*TOTAL!H9)/TOTAL!E9 -> 0.17424153 | G9: =Submetering!L9 -> 1398.96 | H9: 0.255129 | I9: =Submetering!N9 -> 190 | J9: 2.3196173 | K9: =Submetering!O9 -> 74 | L9: =Submetering!P9 -> 0
A10: London at Ten Trinity Square | B10: =B9+1 -> 9 | C10: 1 | D10: 2020 | E10: =Submetering!E10+Submetering!F10+Submetering!G10+Submetering!H10+Submetering!K10 -> 10561 | F10: =((TOTAL!E10-Submetering!K10)*0.162+Submetering!K10*TOTAL!H10)/TOTAL!E10 -> 0.17488339 | G10: =Submetering!L10 -> 1280.92 | H10: 0.255129 | I10: =Submetering!N10 -> 160 | J10: 2.3196173 | K10: =Submetering!O10 -> 67 | L10: =Submetering!P10 -> 0
A11: London at Ten Trinity Square | B11: =B10+1 -> 10 | C11: 1 | D11: 2020 | E11: =Submetering!E11+Submetering!F11+Submetering!G11+Submetering!H11+Submetering!K11 -> 10766 | F11: =((TOTAL!E11-Submetering!K11)*0.162+Submetering!K11*TOTAL!H11)/TOTAL!E11 -> 0.17468132 | G11: =Submetering!L11 -> 1512.52 | H11: 0.255129 | I11: =Submetering!N11 -> 180 | J11: 2.3196173 | K11: =Submetering!O11 -> 51 | L11: =Submetering!P11 -> 0
A12: London at Ten Trinity Square | B12: =B11+1 -> 11 | C12: 1 | D12: 2020 | E12: =Submetering!E12+Submetering!F12+Submetering!G12+Submetering!H12+Submetering!K12 -> 10464 | F12: =((TOTAL!E12-Submetering!K12)*0.162+Submetering!K12*TOTAL!H12)/TOTAL!E12 -> 0.17502952 | G12: =Submetering!L12 -> 1300.08 | H12: 0.255129 | I12: =Submetering!N12 -> 150 | J12: 2.3196173 | K12: =Submetering!O12 -> 48 | L12: =Submetering!P12 -> 0
A13: London at Ten Trinity Square | B13: =B12+1 -> 12 | C13: 1 | D13: 2020 | E13: =Submetering!E13+Submetering!F13+Submetering!G13+Submetering!H13+Submetering!K13 -> 10166 | F13: =((TOTAL!E13-Submetering!K13)*0.162+Submetering!K13*TOTAL!H13)/TOTAL!E13 -> 0.17542978 | G13: =Submetering!L13 -> 1166.52 | H13: 0.255129 | I13: =Submetering!N13 -> 130 | J13: 2.3196173 | K13: =Submetering!O13 -> 59 | L13: =Submetering!P13 -> 0
A14: London at Ten Trinity Square | B14: =B13+1 -> 13 | C14: 1 | D14: 2020 | E14: =Submetering!E14+Submetering!F14+Submetering!G14+Submetering!H14+Submetering!K14 -> 10520 | F14: =((TOTAL!E14-Submetering!K14)*0.162+Submetering!K14*TOTAL!H14)/TOTAL!E14 -> 0.1692591 | G14: =Submetering!L14 -> 1494.4 | H14: 0.255129 | I14: =Submetering!N14 -> 150 | J14: 2.3196173 | K14: =Submetering!O14 -> 84 | L14: =Submetering!P14 -> 0
... A32: London at Ten Trinity Square | B32: =B31+1 -> 31 | C32: 1 | D32: 2020 | E32: =Submetering!E32+Submetering!F32+Submetering!G32+Submetering!H32+Submetering!K32 -> 10527 | F32: =((TOTAL!E32-Submetering!K32)*0.162+Submetering!K32*TOTAL!H32)/TOTAL!E32 -> 0.17462421 | G32: =Submetering!L32 -> 1381.44 | H32: 0.255129 | I32: =Submetering!N32 -> 170 | J32: 2.3196173 | K32: =Submetering!O32 -> 67 | L32: =Submetering!P32 -> 0

Sheet Submetering
A1: Site Name | B1: Day | C1: Month | D1: Year | E1: LV Panel 2 Daily KWh | F1: LV Panel 2 Night KWh | G1: LV Panel 1 Daily KWh | H1: LV Panel 1 Night KWh | I1: Asian Kitchen m3 | J1: Main Kitchen m3 | K1: CHP KWh | L1: Natural Gas m3 | M1: CHP Natural Gas m3 | N1: Water m3 | O1: Room Nights | P1: Total Guests
A2: London at Ten Trinity Square | B2: 1 | C2: 1 | D2: ` | E2: ='FSLTTS Daily '!I4*100 -> 4500 | F2: ='FSLTTS Daily '!K4*100 -> 1600 | G2: ='FSLTTS Daily '!O4*100 -> 1700 | H2: ='FSLTTS Daily '!Q4*100 -> 900 | I2: ='FSLTTS Daily '!E4 -> 34 | J2: ='FSLTTS Daily '!G4 -> 70 | K2: ='FSLTTS Daily '!Y4 -> 1470 | L2: ='FSLTTS Daily '!C4-'FSLTTS Daily '!Y4*0.28 -> 1350.4 | M2: ='FSLTTS Daily '!Y4*0.28 -> 411.6 | N2: ='FSLTTS Daily '!V4 -> 140 | O2: ='FSLTTS Daily '!Z4 -> 89 | P2: ='FSLTTS Daily '!BF4 -> 0
A3: London at Ten Trinity Square | B3: =B2+1 -> 2 | C3: 1 | D3: 2020 | E3: ='FSLTTS Daily '!I5*100 -> 4700 | F3: ='FSLTTS Daily '!K5*100 -> 1800 | G3: ='FSLTTS Daily '!O5*100 -> 1900 | H3: ='FSLTTS Daily '!Q5*100 -> 800 | I3: ='FSLTTS Daily '!E5 -> 31 | J3: ='FSLTTS Daily '!G5 -> 73 | K3: ='FSLTTS Daily '!Y5 -> 1468 | L3: ='FSLTTS Daily '!C5-'FSLTTS Daily '!Y5*0.28 -> 1447.96 | M3: ='FSLTTS Daily '!Y5*0.28 -> 411.04 | N3: ='FSLTTS Daily '!V5 -> 180 | O3: ='FSLTTS Daily '!Z5 -> 83 | P3: ='FSLTTS Daily '!BF5 -> 0
A4: London at Ten Trinity Square | B4: =B3+1 -> 3 | C4: 1 | D4: 2020 | E4: ='FSLTTS Daily '!I6*100 -> 5000 | F4: ='FSLTTS Daily '!K6*100 -> 1800 | G4: ='FSLTTS Daily '!O6*100 -> 1800 | H4: ='FSLTTS Daily '!Q6*100 -> 900 | I4: ='FSLTTS Daily '!E6 -> 36 | J4: ='FSLTTS Daily '!G6 -> 70 | K4: ='FSLTTS Daily '!Y6 -> 1470 | L4: ='FSLTTS Daily '!C6-'FSLTTS Daily '!Y6*0.28 -> 1462.4 | M4: ='FSLTTS Daily '!Y6*0.28 -> 411.6 | N4: ='FSLTTS Daily '!V6 -> 210 | O4: ='FSLTTS Daily '!Z6 -> 79 | P4: ='FSLTTS Daily '!BF6 -> 0
A5: London at Ten Trinity Square | B5: =B4+1 -> 4 | C5: 1 | D5: 2020 | E5: ='FSLTTS Daily '!I7*100 -> 5200 | F5: ='FSLTTS Daily '!K7*100 -> 1800 | G5: ='FSLTTS Daily '!O7*100 -> 2200 | H5: ='FSLTTS Daily '!Q7*100 -> 800 | I5: ='FSLTTS Daily '!E7 -> 35 | J5: ='FSLTTS Daily '!G7 -> 85 | K5: ='FSLTTS Daily '!Y7 -> 1468 | L5: ='FSLTTS Daily '!C7-'FSLTTS Daily '!Y7*0.28 -> 1654.96 | M5: ='FSLTTS Daily '!Y7*0.28 -> 411.04 | N5: ='FSLTTS Daily '!V7 -> 200 | O5: ='FSLTTS Daily '!Z7 -> 60 | P5: ='FSLTTS Daily '!BF7 -> 0
A6: London at Ten Trinity Square | B6: =B5+1 -> 5 | C6: 1 | D6: 2020 | E6: ='FSLTTS Daily '!I8*100 -> 4500 | F6: ='FSLTTS Daily '!K8*100 -> 1700 | G6: ='FSLTTS Daily '!O8*100 -> 1800 | H6: ='FSLTTS Daily '!Q8*100 -> 900 | I6: ='FSLTTS Daily '!E8 -> 0 | J6: ='FSLTTS Daily '!G8 -> 71 | K6: ='FSLTTS Daily '!Y8 -> 969 | L6: ='FSLTTS Daily '!C8-'FSLTTS Daily '!Y8*0.28 -> 1303.68 | M6: ='FSLTTS Daily '!Y8*0.28 -> 271.32 | N6: ='FSLTTS Daily '!V8 -> 170 | O6: ='FSLTTS Daily '!Z8 -> 66 | P6: ='FSLTTS Daily '!BF8 -> 0
A7: London at Ten Trinity Square | B7: =B6+1 -> 6 | C7: 1 | D7: 2020 | E7: ='FSLTTS Daily '!I9*100 -> 4200 | F7: ='FSLTTS Daily '!K9*100 -> 1700 | G7: ='FSLTTS Daily '!O9*100 -> 1700 | H7: ='FSLTTS Daily '!Q9*100 -> 800 | I7: ='FSLTTS Daily '!E9 -> 28 | J7: ='FSLTTS Daily '!G9 -> 72 | K7: ='FSLTTS Daily '!Y9 -> 1215 | L7: ='FSLTTS Daily '!C9-'FSLTTS Daily '!Y9*0.28 -> 1398.8 | M7: ='FSLTTS Daily '!Y9*0.28 -> 340.2 | N7: ='FSLTTS Daily '!V9 -> 160 | O7: ='FSLTTS Daily '!Z9 -> 70 | P7: ='FSLTTS Daily '!BF9 -> 0
A8: London at Ten Trinity Square | B8: =B7+1 -> 7 | C8: 1 | D8: 2020 | E8: ='FSLTTS Daily '!I10*100 -> 5700 | F8: ='FSLTTS Daily '!K10*100 -> 1800 | G8: ='FSLTTS Daily '!O10*100 -> 2100 | H8: ='FSLTTS Daily '!Q10*100 -> 900 | I8: ='FSLTTS Daily '!E10 -> 28 | J8: ='FSLTTS Daily '!G10 -> 66 | K8: ='FSLTTS Daily '!Y10 -> 1467 | L8: ='FSLTTS Daily '!C10-'FSLTTS Daily '!Y10*0.28 -> 1381.24 | M8: ='FSLTTS Daily '!Y10*0.28 -> 410.76 | N8: ='FSLTTS Daily '!V10 -> 170 | O8: ='FSLTTS Daily '!Z10 -> 77 | P8: ='FSLTTS Daily '!BF10 -> 0
A9: London at Ten Trinity Square | B9: =B8+1 -> 8 | C9: 1 | D9: 2020 | E9: ='FSLTTS Daily '!I11*100 -> 4800 | F9: ='FSLTTS Daily '!K11*100 -> 1900 | G9: ='FSLTTS Daily '!O11*100 -> 2100 | H9: ='FSLTTS Daily '!Q11*100 -> 900 | I9: ='FSLTTS Daily '!E11 -> 31 | J9: ='FSLTTS Daily '!G11 -> 70 | K9: ='FSLTTS Daily '!Y11 -> 1468 | L9: ='FSLTTS Daily '!C11-'FSLTTS Daily '!Y11*0.28 -> 1398.96 | M9: ='FSLTTS Daily '!Y11*0.28 -> 411.04 | N9: ='FSLTTS Daily '!V11 -> 190 | O9: ='FSLTTS Daily '!Z11 -> 74 | P9: ='FSLTTS Daily '!BF11 -> 0
A10: London at Ten Trinity Square | B10: =B9+1 -> 9 | C10: 1 | D10: 2020 | E10: ='FSLTTS Daily '!I12*100 -> 5000 | F10: ='FSLTTS Daily '!K12*100 -> 1600 | G10: ='FSLTTS Daily '!O12*100 -> 1700 | H10: ='FSLTTS Daily '!Q12*100 -> 800 | I10: ='FSLTTS Daily '!E12 -> 32 | J10: ='FSLTTS Daily '!G12 -> 70 | K10: ='FSLTTS Daily '!Y12 -> 1461 | L10: ='FSLTTS Daily '!C12-'FSLTTS Daily '!Y12*0.28 -> 1280.92 | M10: ='FSLTTS Daily '!Y12*0.28 -> 409.08 | N10: ='FSLTTS Daily '!V12 -> 160 | O10: ='FSLTTS Daily '!Z12 -> 67 | P10: ='FSLTTS Daily '!BF12 -> 0
A11: London at Ten Trinity Square | B11: =B10+1 -> 10 | C11: 1 | D11: 2020 | E11: ='FSLTTS Daily '!I13*100 -> 4800 | F11: ='FSLTTS Daily '!K13*100 -> 1700 | G11: ='FSLTTS Daily '!O13*100 -> 2000 | H11: ='FSLTTS Daily '!Q13*100 -> 800 | I11: ='FSLTTS Daily '!E13 -> 31 | J11: ='FSLTTS Daily '!G13 -> 78 | K11: ='FSLTTS Daily '!Y13 -> 1466 | L11: ='FSLTTS Daily '!C13-'FSLTTS Daily '!Y13*0.28 -> 1512.52 | M11: ='FSLTTS Daily '!Y13*0.28 -> 410.48 | N11: ='FSLTTS Daily '!V13 -> 180 | O11: ='FSLTTS Daily '!Z13 -> 51 | P11: ='FSLTTS Daily '!BF13 -> 0
A12: London at Ten Trinity Square | B12: =B11+1 -> 11 | C12: 1 | D12: 2020 | E12: ='FSLTTS Daily '!I14*100 -> 4500 | F12: ='FSLTTS Daily '!K14*100 -> 1800 | G12: ='FSLTTS Daily '!O14*100 -> 1800 | H12: ='FSLTTS Daily '!Q14*100 -> 900 | I12: ='FSLTTS Daily '!E14 -> 33 | J12: ='FSLTTS Daily '!G14 -> 78 | K12: ='FSLTTS Daily '!Y14 -> 1464 | L12: ='FSLTTS Daily '!C14-'FSLTTS Daily '!Y14*0.28 -> 1300.08 | M12: ='FSLTTS Daily '!Y14*0.28 -> 409.92 | N12: ='FSLTTS Daily '!V14 -> 150 | O12: ='FSLTTS Daily '!Z14 -> 48 | P12: ='FSLTTS Daily '!BF14 -> 0
A13: London at Ten Trinity Square | B13: =B12+1 -> 12 | C13: 1 | D13: 2020 | E13: ='FSLTTS Daily '!I15*100 -> 4200 | F13: ='FSLTTS Daily '!K15*100 -> 1700 | G13: ='FSLTTS Daily '!O15*100 -> 1900 | H13: ='FSLTTS Daily '!Q15*100 -> 900 | I13: ='FSLTTS Daily '!E15 -> 0 | J13: ='FSLTTS Daily '!G15 -> 77 | K13: ='FSLTTS Daily '!Y15 -> 1466 | L13: ='FSLTTS Daily '!C15-'FSLTTS Daily '!Y15*0.28 -> 1166.52 | M13: ='FSLTTS Daily '!Y15*0.28 -> 410.48 | N13: ='FSLTTS Daily '!V15 -> 130 | O13: ='FSLTTS Daily '!Z15 -> 59 | P13: ='FSLTTS Daily '!BF15 -> 0
A14: London at Ten Trinity Square | B14: =B13+1 -> 13 | C14: 1 | D14: 2020 | E14: ='FSLTTS Daily '!I16*100 -> 5000 | F14: ='FSLTTS Daily '!K16*100 -> 1700 | G14: ='FSLTTS Daily '!O16*100 -> 2100 | H14: ='FSLTTS Daily '!Q16*100 -> 900 | I14: ='FSLTTS Daily '!E16 -> 32 | J14: ='FSLTTS Daily '!G16 -> 74 | K14: ='FSLTTS Daily '!Y16 -> 820 | L14: ='FSLTTS Daily '!C16-'FSLTTS Daily '!Y16*0.28 -> 1494.4 | M14: ='FSLTTS Daily '!Y16*0.28 -> 229.6 | N14: ='FSLTTS Daily '!V16 -> 150 | O14: ='FSLTTS Daily '!Z16 -> 84 | P14: ='FSLTTS Daily '!BF16 -> 0
... A32: London at Ten Trinity Square | B32: =B31+1 -> 31 | C32: 1 | D32: 2020 | E32: ='FSLTTS Daily '!I34*100 -> 4800 | F32: ='FSLTTS Daily '!K34*100 -> 1600 | G32: ='FSLTTS Daily '!O34*100 -> 1800 | H32: ='FSLTTS Daily '!Q34*100 -> 900 | I32: ='FSLTTS Daily '!E34 -> 35 | J32: ='FSLTTS Daily '!G34 -> 75 | K32: ='FSLTTS Daily '!Y34 -> 1427 | L32: ='FSLTTS Daily '!C34-'FSLTTS Daily '!Y34*0.28 -> 1381.44 | M32: ='FSLTTS Daily '!Y34*0.28 -> 399.56 | N32: ='FSLTTS Daily '!V34 -> 170 | O32: ='FSLTTS Daily '!Z34 -> 67 | P32: ='FSLTTS Daily '!BF34 -> 0

Sheet FSLTTS Daily 
A1: Date | B1: Gas | C1: Differ | D1: Asian kitchen | E1: Differ | F1: Main kitchen | G1: Differ | H1: Electricity 2 left side | N1: Electricity 1 right side | T1: Water | V1: 24h | W1: Engineer | X1: CHP | Z1: Room nights | AC1: water - main and bypass you add together
A2: January | H2: 3rd KWH DAY | I2: Differ | J2: 4th KWH NIGHT | K2: Differ | L2: 7th KWH OVERALL | M2: Daily usage | N2: 3rd KWH DAY | O2: Differ | P2: 4th KWH NIGHT | Q2: Differ | R2: 7th KWH OVERALL | S2: Daily usage | T2: Main | U2: By pass | V2: Daily usage | X2: KWh Reading | Y2: Daily Usage | Z2: to be filled by ENG | AC2: for 24 hours and then you subtract
A3: 31 | B3: 1521970 | D3: 28041 | F3: 73258 | H3: 65275 | J3: 23828 | L3: 89104 | N3: 27562 | P3: 9762 | R3: 37394 | T3: 58690 | U3: 0 | W3: H.M | X3: 288854 | Z3: 102 | AC3: that is your 24 hour usage
A4: 1 | B4: 1523732 | C4: =IF((B4-B3<0), "0",B4-B3) -> 1762 | D4: 28075 | E4: =IF((D4-D3<0), "0",D4-D3) -> 34 | F4: 73328 | G4: =IF((F4-F3<0), "0",F4-F3) -> 70 | H4: 65320 | I4: =IF((H4-H3<0), "0",H4-H3) -> 45 | J4: 23844 | K4: =IF((J4-J3<0), "0",J4-J3) -> 16 | L4: 89165 | M4: =IF((L4-L3<0), "0",L4-L3) -> 61 | N4: 27579 | O4: =IF((N4-N3<0), "0",N4-N3) -> 17 | P4: 9771 | Q4: =IF((P4-P3<0), "0",P4-P3) -> 9 | R4: 37420 | S4: =IF((R4-R3<0), "0",R4-R3) -> 26 | T4: 58830 | U4: 0 | V4: =IF((T4-T3+U4-U3<0), "0",T4-T3+U4-U3) -> 140 | W4: SC | X4: 290324 | Y4: =IF((X4-X3<0), "0",X4-X3) -> 1470 | Z4: 89
A5: 2 | B5: 1525591 | C5: =IF((B5-B4<0), "0",B5-B4) -> 1859 | D5: 28106 | E5: =IF((D5-D4<0), "0",D5-D4) -> 31 | F5: 73401 | G5: =IF((F5-F4<0), "0",F5-F4) -> 73 | H5: 65367 | I5: =IF((H5-H4<0), "0",H5-H4) -> 47 | J5: 23862 | K5: =IF((J5-J4<0), "0",J5-J4) -> 18 | L5: 89229 | M5: =IF((L5-L4<0), "0",L5-L4) -> 64 | N5: 27598 | O5: =IF((N5-N4<0), "0",N5-N4) -> 19 | P5: 9779 | Q5: =IF((P5-P4<0), "0",P5-P4) -> 8 | R5: 37447 | S5: =IF((R5-R4<0), "0",R5-R4) -> 27 | T5: 59010 | U5: 0 | V5: =IF((T5-T4+U5-U4<0), "0",T5-T4+U5-U4) -> 180 | W5: SC | X5: 291792 | Y5: =IF((X5-X4<0), "0",X5-X4) -> 1468 | Z5: 83
A6: 3 | B6: 1527465 | C6: =IF((B6-B5<0), "0",B6-B5) -> 1874 | D6: 28142 | E6: =IF((D6-D5<0), "0",D6-D5) -> 36 | F6: 73471 | G6: =IF((F6-F5<0), "0",F6-F5) -> 70 | H6: 65417 | I6: =IF((H6-H5<0), "0",H6-H5) -> 50 | J6: 23880 | K6: =IF((J6-J5<0), "0",J6-J5) -> 18 | L6: 89297 | M6: =IF((L6-L5<0), "0",L6-L5) -> 68 | N6: 27616 | O6: =IF((N6-N5<0), "0",N6-N5) -> 18 | P6: 9788 | Q6: =IF((P6-P5<0), "0",P6-P5) -> 9 | R6: 37474 | S6: =IF((R6-R5<0), "0",R6-R5) -> 27 | T6: 59220 | U6: 0 | V6: =IF((T6-T5+U6-U5<0), "0",T6-T5+U6-U5) -> 210 | W6: SC | X6: 293262 | Y6: =IF((X6-X5<0), "0",X6-X5) -> 1470 | Z6: 79
A7: 4 | B7: 1529531 | C7: =IF((B7-B6<0), "0",B7-B6) -> 2066 | D7: 28177 | E7: =IF((D7-D6<0), "0",D7-D6) -> 35 | F7: 73556 | G7: =IF((F7-F6<0), "0",F7-F6) -> 85 | H7: 65469 | I7: =IF((H7-H6<0), "0",H7-H6) -> 52 | J7: 23898 | K7: =IF((J7-J6<0), "0",J7-J6) -> 18 | L7: 89367 | M7: =IF((L7-L6<0), "0",L7-L6) -> 70 | N7: 27638 | O7: =IF((N7-N6<0), "0",N7-N6) -> 22 | P7: 9796 | Q7: =IF((P7-P6<0), "0",P7-P6) -> 8 | R7: 37504 | S7: =IF((R7-R6<0), "0",R7-R6) -> 30 | T7: 59420 | U7: 0 | V7: =IF((T7-T6+U7-U6<0), "0",T7-T6+U7-U6) -> 200 | W7: H.M | X7: 294730 | Y7: =IF((X7-X6<0), "0",X7-X6) -> 1468 | Z7: 60
A8: 5 | B8: 1531106 | C8: =IF((B8-B7<0), "0",B8-B7) -> 1575 | D8: 28177 | E8: =IF((D8-D7<0), "0",D8-D7) -> 0 | F8: 73627 | G8: =IF((F8-F7<0), "0",F8-F7) -> 71 | H8: 65514 | I8: =IF((H8-H7<0), "0",H8-H7) -> 45 | J8: 23915 | K8: =IF((J8-J7<0), "0",J8-J7) -> 17 | L8: 89429 | M8: =IF((L8-L7<0), "0",L8-L7) -> 62 | N8: 27656 | O8: =IF((N8-N7<0), "0",N8-N7) -> 18 | P8: 9805 | Q8: =IF((P8-P7<0), "0",P8-P7) -> 9 | R8: 37532 | S8: =IF((R8-R7<0), "0",R8-R7) -> 28 | T8: 59590 | U8: 0 | V8: =IF((T8-T7+U8-U7<0), "0",T8-T7+U8-U7) -> 170 | W8: H.M | X8: 295699 | Y8: =IF((X8-X7<0), "0",X8-X7) -> 969 | Z8: 66
A9: 6 | B9: 1532845 | C9: =IF((B9-B8<0), "0",B9-B8) -> 1739 | D9: 28205 | E9: =IF((D9-D8<0), "0",D9-D8) -> 28 | F9: 73699 | G9: =IF((F9-F8<0), "0",F9-F8) -> 72 | H9: 65556 | I9: =IF((H9-H8<0), "0",H9-H8) -> 42 | J9: 23932 | K9: =IF((J9-J8<0), "0",J9-J8) -> 17 | L9: 89489 | M9: =IF((L9-L8<0), "0",L9-L8) -> 60 | N9: 27673 | O9: =IF((N9-N8<0), "0",N9-N8) -> 17 | P9: 9813 | Q9: =IF((P9-P8<0), "0",P9-P8) -> 8 | R9: 37556 | S9: =IF((R9-R8<0), "0",R9-R8) -> 24 | T9: 59750 | U9: 0 | V9: =IF((T9-T8+U9-U8<0), "0",T9-T8+U9-U8) -> 160 | W9: AL | X9: 296914 | Y9: =IF((X9-X8<0), "0",X9-X8) -> 1215 | Z9: 70
A10: 7 | B10: 1534637 | C10: =IF((B10-B9<0), "0",B10-B9) -> 1792 | D10: 28233 | E10: =IF((D10-D9<0), "0",D10-D9) -> 28 | F10: 73765 | G10: =IF((F10-F9<0), "0",F10-F9) -> 66 | H10: 65613 | I10: =IF((H10-H9<0), "0",H10-H9) -> 57 | J10: 23950 | K10: =IF((J10-J9<0), "0",J10-J9) -> 18 | L10: 89564 | M10: =IF((L10-L9<0), "0",L10-L9) -> 75 | N10: 27694 | O10: =IF((N10-N9<0), "0",N10-N9) -> 21 | P10: 9822 | Q10: =IF((P10-P9<0), "0",P10-P9) -> 9 | R10: 37586 | S10: =IF((R10-R9<0), "0",R10-R9) -> 30 | T10: 59920 | U10: 0 | V10: =IF((T10-T9+U10-U9<0), "0",T10-T9+U10-U9) -> 170 | W10: AL | X10: 298381 | Y10: =IF((X10-X9<0), "0",X10-X9) -> 1467 | Z10: 77
A11: 8 | B11: 1536447 | C11: =IF((B11-B10<0), "0",B11-B10) -> 1810 | D11: 28264 | E11: =IF((D11-D10<0), "0",D11-D10) -> 31 | F11: 73835 | G11: =IF((F11-F10<0), "0",F11-F10) -> 70 | H11: 65661 | I11: =IF((H11-H10<0), "0",H11-H10) -> 48 | J11: 23969 | K11: =IF((J11-J10<0), "0",J11-J10) -> 19 | L11: 89631 | M11: =IF((L11-L10<0), "0",L11-L10) -> 67 | N11: 27715 | O11: =IF((N11-N10<0), "0",N11-N10) -> 21 | P11: 9831 | Q11: =IF((P11-P10<0), "0",P11-P10) -> 9 | R11: 37616 | S11: =IF((R11-R10<0), "0",R11-R10) -> 30 | T11: 60110 | U11: 0 | V11: =IF((T11-T10+U11-U10<0), "0",T11-T10+U11-U10) -> 190 | W11: H.M | X11: 299849 | Y11: =IF((X11-X10<0), "0",X11-X10) -> 1468 | Z11: 74
A12: 9 | B12: 1538137 | C12: =IF((B12-B11<0), "0",B12-B11) -> 1690 | D12: 28296 | E12: =IF((D12-D11<0), "0",D12-D11) -> 32 | F12: 73905 | G12: =IF((F12-F11<0), "0",F12-F11) -> 70 | H12: 65711 | I12: =IF((H12-H11<0), "0",H12-H11) -> 50 | J12: 23985 | K12: =IF((J12-J11<0), "0",J12-J11) -> 16 | L12: 89696 | M12: =IF((L12-L11<0), "0",L12-L11) -> 65 | N12: 27732 | O12: =IF((N12-N11<0), "0",N12-N11) -> 17 | P12: 9839 | Q12: =IF((P12-P11<0), "0",P12-P11) -> 8 | R12: 37642 | S12: =IF((R12-R11<0), "0",R12-R11) -> 26 | T12: 60270 | U12: 0 | V12: =IF((T12-T11+U12-U11<0), "0",T12-T11+U12-U11) -> 160 | W12: H.M | X12: 301310 | Y12: =IF((X12-X11<0), "0",X12-X11) -> 1461 | Z12: 67
A13: 10 | B13: 1540060 | C13: =IF((B13-B12<0), "0",B13-B12) -> 1923 | D13: 28327 | E13: =IF((D13-D12<0), "0",D13-D12) -> 31 | F13: 73983 | G13: =IF((F13-F12<0), "0",F13-F12) -> 78 | H13: 65759 | I13: =IF((H13-H12<0), "0",H13-H12) -> 48 | J13: 24002 | K13: =IF((J13-J12<0), "0",J13-J12) -> 17 | L13: 89762 | M13: =IF((L13-L12<0), "0",L13-L12) -> 66 | N13: 27752 | O13: =IF((N13-N12<0), "0",N13-N12) -> 20 | P13: 9847 | Q13: =IF((P13-P12<0), "0",P13-P12) -> 8 | R13: 37670 | S13: =IF((R13-R12<0), "0",R13-R12) -> 28 | T13: 60450 | U13: 0 | V13: =IF((T13-T12+U13-U12<0), "0",T13-T12+U13-U12) -> 180 | W13: H.M | X13: 302776 | Y13: =IF((X13-X12<0), "0",X13-X12) -> 1466 | Z13: 51
A14: 11 | B14: 1541770 | C14: =IF((B14-B13<0), "0",B14-B13) -> 1710 | D14: 28360 | E14: =IF((D14-D13<0), "0",D14-D13) -> 33 | F14: 74061 | G14: =IF((F14-F13<0), "0",F14-F13) -> 78 | H14: 65804 | I14: =IF((H14-H13<0), "0",H14-H13) -> 45 | J14: 24020 | K14: =IF((J14-J13<0), "0",J14-J13) -> 18 | L14: 89824 | M14: =IF((L14-L13<0), "0",L14-L13) -> 62 | N14: 27770 | O14: =IF((N14-N13<0), "0",N14-N13) -> 18 | P14: 9856 | Q14: =IF((P14-P13<0), "0",P14-P13) -> 9 | R14: 37697 | S14: =IF((R14-R13<0), "0",R14-R13) -> 27 | T14: 60600 | U14: 0 | V14: =IF((T14-T13+U14-U13<0), "0",T14-T13+U14-U13) -> 150 | W14: AL | X14: 304240 | Y14: =IF((X14-X13<0), "0",X14-X13) -> 1464 | Z14: 48
A15: 12 | B15: 1543347 | C15: =IF((B15-B14<0), "0",B15-B14) -> 1577 | D15: 28360 | E15: =IF((D15-D14<0), "0",D15-D14) -> 0 | F15: 74138 | G15: =IF((F15-F14<0), "0",F15-F14) -> 77 | H15: 65846 | I15: =IF((H15-H14<0), "0",H15-H14) -> 42 | J15: 24037 | K15: =IF((J15-J14<0), "0",J15-J14) -> 17 | L15: 89883 | M15: =IF((L15-L14<0), "0",L15-L14) -> 59 | N15: 27789 | O15: =IF((N15-N14<0), "0",N15-N14) -> 19 | P15: 9865 | Q15: =IF((P15-P14<0), "0",P15-P14) -> 9 | R15: 37725 | S15: =IF((R15-R14<0), "0",R15-R14) -> 28 | T15: 60730 | U15: 0 | V15: =IF((T15-T14+U15-U14<0), "0",T15-T14+U15-U14) -> 130 | W15: AL | X15: 305706 | Y15: =IF((X15-X14<0), "0",X15-X14) -> 1466 | Z15: 59
... A23: 20 | B23: 1557932 | C23: =IF((B23-B22<0), "0",B23-B22) -> 1797 | D23: 28581 | E23: =IF((D23-D22<0), "0",D23-D22) -> 28 | F23: 74724 | G23: =IF((F23-F22<0), "0",F23-F22) -> 70 | H23: 66229 | I23: =IF((H23-H22<0), "0",H23-H22) -> 42 | J23: 24176 | K23: =IF((J23-J22<0), "0",J23-J22) -> 17 | L23: 90406 | M23: =IF((L23-L22<0), "0",L23-L22) -> 47 | N23: 27938 | O23: =IF((N23-N22<0), "0",N23-N22) -> 17 | P23: 9933 | Q23: =IF((P23-P22<0), "0",P23-P22) -> 8 | R23: 37942 | S23: =IF((R23-R22<0), "0",R23-R22) -> 25 | T23: 61980 | U23: 0 | V23: =IF((T23-T22+U23-U22<0), "0",T23-T22+U23-U22) -> 150 | W23: AL | X23: 316072 | Y23: =IF((X23-X22<0), "0",X23-X22) -> 1087 | Z23: 70
A24: 21 | B24: 1560122 | C24: =IF((B24-B23<0), "0",B24-B23) -> 2190 | D24: 28617 | E24: =IF((D24-D23<0), "0",D24-D23) -> 36 | F24: 74796 | G24: =IF((F24-F23<0), "0",F24-F23) -> 72 | H24: 66285 | I24: =IF((H24-H23<0), "0",H24-H23) -> 56 | J24: 24194 | K24: =IF((J24-J23<0), "0",J24-J23) -> 18 | L24: 90480 | M24: =IF((L24-L23<0), "0",L24-L23) -> 74 | N24: 27958 | O24: 0 | P24: 9942 | Q24: =IF((P24-P23<0), "0",P24-P23) -> 9 | R24: 37970 | S24: =IF((R24-R23<0), "0",R24-R23) -> 28 | T24: 62150 | U24: 0 | V24: =IF((T24-T23+U24-U23<0), "0",T24-T23+U24-U23) -> 170 | W24: AL | X24: 317514 | Y24: =IF((X24-X23<0), "0",X24-X23) -> 1442 | Z24: 73
A25: 22 | B25: 1562006 | C25: =IF((B25-B24<0), "0",B25-B24) -> 1884 | D25: 28654 | E25: =IF((D25-D24<0), "0",D25-D24) -> 37 | F25: 74865 | G25: =IF((F25-F24<0), "0",F25-F24) -> 69 | H25: 66335 | I25: =IF((H25-H24<0), "0",H25-H24) -> 50 | J25: 24212 | K25: =IF((J25-J24<0), "0",J25-J24) -> 18 | L25: 90547 | M25: =IF((L25-L24<0), "0",L25-L24) -> 67 | N25: 27977 | O25: =IF((N25-N24<0), "0",N25-N24) -> 19 | P25: 9950 | Q25: =IF((P25-P24<0), "0",P25-P24) -> 8 | R25: 37997 | S25: =IF((R25-R24<0), "0",R25-R24) -> 27 | T25: 62320 | U25: 0 | V25: =IF((T25-T24+U25-U24<0), "0",T25-T24+U25-U24) -> 170 | W25: H.M | X25: 318867 | Y25: =IF((X25-X24<0), "0",X25-X24) -> 1353 | Z25: 73
A26: 23 | B26: 1563928 | C26: =IF((B26-B25<0), "0",B26-B25) -> 1922 | D26: 28695 | E26: =IF((D26-D25<0), "0",D26-D25) -> 41 | F26: 74932 | G26: =IF((F26-F25<0), "0",F26-F25) -> 67 | H26: 66387 | I26: =IF((H26-H25<0), "0",H26-H25) -> 52 | J26: 24229 | K26: =IF((J26-J25<0), "0",J26-J25) -> 17 | L26: 90617 | M26: =IF((L26-L25<0), "0",L26-L25) -> 70 | N26: 27994 | O26: =IF((N26-N25<0), "0",N26-N25) -> 17 | P26: 9958 | Q26: =IF((P26-P25<0), "0",P26-P25) -> 8 | R26: 38023 | S26: =IF((R26-R25<0), "0",R26-R25) -> 26 | T26: 62490 | U26: 0 | V26: =IF((T26-T25+U26-U25<0), "0",T26-T25+U26-U25) -> 170 | W26: H.M | X26: 320321 | Y26: =IF((X26-X25<0), "0",X26-X25) -> 1454 | Z26: 102
A27: 24 | B27: 1565942 | C27: =IF((B27-B26<0), "0",B27-B26) -> 2014 | D27: 28742 | E27: =IF((D27-D26<0), "0",D27-D26) -> 47 | F27: 75005 | G27: =IF((F27-F26<0), "0",F27-F26) -> 73 | H27: 66436 | I27: =IF((H27-H26<0), "0",H27-H26) -> 49 | J27: 24248 | K27: =IF((J27-J26<0), "0",J27-J26) -> 19 | L27: 90684 | M27: =IF((L27-L26<0), "0",L27-L26) -> 67 | N27: 28013 | O27: =IF((N27-N26<0), "0",N27-N26) -> 19 | P27: 9966 | Q27: =IF((P27-P26<0), "0",P27-P26) -> 8 | R27: 38050 | S27: =IF((R27-R26<0), "0",R27-R26) -> 27 | T27: 62670 | U27: 0 | V27: =IF((T27-T26+U27-U26<0), "0",T27-T26+U27-U26) -> 180 | W27: H.M | X27: 321779 | Y27: =IF((X27-X26<0), "0",X27-X26) -> 1458 | Z27: 60
A28: 25 | B28: 1567842 | C28: =IF((B28-B27<0), "0",B28-B27) -> 1900 | D28: 28784 | E28: =IF((D28-D27<0), "0",D28-D27) -> 42 | F28: 75072 | G28: =IF((F28-F27<0), "0",F28-F27) -> 67 | H28: 66481 | I28: =IF((H28-H27<0), "0",H28-H27) -> 45 | J28: 24265 | K28: =IF((J28-J27<0), "0",J28-J27) -> 17 | L28: 90747 | M28: =IF((L28-L27<0), "0",L28-L27) -> 63 | N28: 28034 | O28: =IF((N28-N27<0), "0",N28-N27) -> 21 | P28: 9975 | Q28: =IF((P28-P27<0), "0",P28-P27) -> 9 | R28: 38079 | S28: =IF((R28-R27<0), "0",R28-R27) -> 29 | T28: 62850 | U28: 0 | V28: =IF((T28-T27+U28-U27<0), "0",T28-T27+U28-U27) -> 180 | W28: AL | X28: 322070 | Y28: =IF((X28-X27<0), "0",X28-X27) -> 291 | Z28: 72
A29: 26 | B29: 1569490 | C29: =IF((B29-B28<0), "0",B29-B28) -> 1648 | D29: 28784 | E29: =IF((D29-D28<0), "0",D29-D28) -> 0 | F29: 75138 | G29: =IF((F29-F28<0), "0",F29-F28) -> 66 | H29: 66528 | I29: =IF((H29-H28<0), "0",H29-H28) -> 47 | J29: 24283 | K29: =IF((J29-J28<0), "0",J29-J28) -> 18 | L29: 90811 | M29: =IF((L29-L28<0), "0",L29-L28) -> 64 | N29: 28054 | O29: =IF((N29-N28<0), "0",N29-N28) -> 20 | P29: 9982 | Q29: =IF((P29-P28<0), "0",P29-P28) -> 7 | R29: 38106 | S29: =IF((R29-R28<0), "0",R29-R28) -> 27 | T29: 62980 | U29: 0 | V29: =IF((T29-T28+U29-U28<0), "0",T29-T28+U29-U28) -> 130 | W29: AL | X29: 323308 | Y29: =IF((X29-X28<0), "0",X29-X28) -> 1238 | Z29: 71
A30: 27 | B30: 1571335 | C30: =IF((B30-B29<0), "0",B30-B29) -> 1845 | D30: 28819 | E30: =IF((D30-D29<0), "0",D30-D29) -> 35 | F30: 75211 | G30: =IF((F30-F29<0), "0",F30-F29) -> 73 | H30: 66574 | I30: =IF((H30-H29<0), "0",H30-H29) -> 46 | J30: 24300 | K30: =IF((J30-J29<0), "0",J30-J29) -> 17 | L30: 90874 | M30: =IF((L30-L29<0), "0",L30-L29) -> 63 | N30: 28072 | O30: =IF((N30-N29<0), "0",N30-N29) -> 18 | P30: 9990 | Q30: =IF((P30-P29<0), "0",P30-P29) -> 8 | R30: 38132 | S30: =IF((R30-R29<0), "0",R30-R29) -> 26 | T30: 63130 | U30: 0 | V30: =IF((T30-T29+U30-U29<0), "0",T30-T29+U30-U29) -> 150 | W30: H.M | X30: 324506 | Y30: =IF((X30-X29<0), "0",X30-X29) -> 1198 | Z30: 93
A31: 28 | B31: 1573365 | C31: =IF((B31-B30<0), "0",B31-B30) -> 2030 | D31: 28855 | E31: =IF((D31-D30<0), "0",D31-D30) -> 36 | F31: 75277 | G31: =IF((F31-F30<0), "0",F31-F30) -> 66 | H31: 66622 | I31: =IF((H31-H30<0), "0",H31-H30) -> 48 | J31: 24316 | K31: =IF((J31-J30<0), "0",J31-J30) -> 16 | L31: 90938 | M31: =IF((L31-L30<0), "0",L31-L30) -> 64 | N31: 28088 | O31: =IF((N31-N30<0), "0",N31-N30) -> 16 | P31: 9998 | Q31: =IF((P31-P30<0), "0",P31-P30) -> 8 | R31: 38157 | S31: =IF((R31-R30<0), "0",R31-R30) -> 25 | T31: 63310 | U31: 0 | V31: =IF((T31-T30+U31-U30<0), "0",T31-T30+U31-U30) -> 180 | W31: H.M | X31: 325941 | Y31: =IF((X31-X30<0), "0",X31-X30) -> 1435 | Z31: 100
A32: 29 | B32: 1575410 | C32: =IF((B32-B31<0), "0",B32-B31) -> 2045 | D32: 28892 | E32: =IF((D32-D31<0), "0",D32-D31) -> 37 | F32: 75351 | G32: =IF((F32-F31<0), "0",F32-F31) -> 74 | H32: 66671 | I32: =IF((H32-H31<0), "0",H32-H31) -> 49 | J32: 24333 | K32: =IF((J32-J31<0), "0",J32-J31) -> 17 | L32: 91004 | M32: =IF((L32-L31<0), "0",L32-L31) -> 66 | N32: 28106 | O32: =IF((N32-N31<0), "0",N32-N31) -> 18 | P32: 10006 | Q32: =IF((P32-P31<0), "0",P32-P31) -> 8 | R32: 38182 | S32: =IF((R32-R31<0), "0",R32-R31) -> 25 | T32: 63490 | U32: 0 | V32: =IF((T32-T31+U32-U31<0), "0",T32-T31+U32-U31) -> 180 | W32: SC | X32: 327389 | Y32: =IF((X32-X31<0), "0",X32-X31) -> 1448 | Z32: 87
A33: 30 | B33: 1577048 | C33: =IF((B33-B32<0), "0",B33-B32) -> 1638 | D33: 28926 | E33: =IF((D33-D32<0), "0",D33-D32) -> 34 | F33: 75410 | G33: =IF((F33-F32<0), "0",F33-F32) -> 59 | H33: 66710 | I33: =IF((H33-H32<0), "0",H33-H32) -> 39 | J33: 24350 | K33: =IF((J33-J32<0), "0",J33-J32) -> 17 | L33: 91061 | M33: =IF((L33-L32<0), "0",L33-L32) -> 57 | N33: 28123 | O33: =IF((N33-N32<0), "0",N33-N32) -> 17 | P33: 10014 | Q33: =IF((P33-P32<0), "0",P33-P32) -> 8 | R33: 38207 | S33: =IF((R33-R32<0), "0",R33-R32) -> 25 | T33: 63650 | U33: 0 | V33: =IF((T33-T32+U33-U32<0), "0",T33-T32+U33-U32) -> 160 | W33: SC | X33: 328793 | Y33: =IF((X33-X32<0), "0",X33-X32) -> 1404 | Z33: 70
A34: 31 | B34: 1578829 | C34: =IF((B34-B33<0), "0",B34-B33) -> 1781 | D34: 28961 | E34: =IF((D34-D33<0), "0",D34-D33) -> 35 | F34: 75485 | G34: =IF((F34-F33<0), "0",F34-F33) -> 75 | H34: 66758 | I34: =IF((H34-H33<0), "0",H34-H33) -> 48 | J34: 24366 | K34: =IF((J34-J33<0), "0",J34-J33) -> 16 | L34: 91124 | M34: =IF((L34-L33<0), "0",L34-L33) -> 63 | N34: 28141 | O34: =IF((N34-N33<0), "0",N34-N33) -> 18 | P34: 10023 | Q34: =IF((P34-P33<0), "0",P34-P33) -> 9 | R34: 38234 | S34: =IF((R34-R33<0), "0",R34-R33) -> 27 | T34: 63820 | U34: 0 | V34: =IF((T34-T33+U34-U33<0), "0",T34-T33+U34-U33) -> 170 | W34: Wsj | X34: 330220 | Y34: =IF((X34-X33<0), "0",X34-X33) -> 1427 | Z34: 67
