Workbook

Sheet TOTAL
A1: Site Name | B1: Day | C1: Month | D1: Year | E1: Total Electricity Kwh | F1: Electricity Tariff ($/Kwh) | G1: LPG (Kg) | H1: LPG $/Kg | I1: Water Utility Supply (m3) m3 | J1: Water Utility Supply (m3) $/m3 | K1: Room Nights | N1: Water Tanks | O1: Cost of Water Tanks Rs | P1: Water Utility Supply (m3) Rs/m3 | Q1: Electricity Tariff (Rs/Kwh) | R1: LPG Rs/Kg | S1: Exchange Rate | T1: Total LPG Cost | U1: Total Water Cost
A2: Mauritius at Anahita | B2: 1 | C2: 1 | D2: 2020 | E2: =HOTEL!E4 -> 27980 | F2: 6.21 | G2: =HOTEL!BY4 -> 1077.5 | H2: 50.05 | I2: =HOTEL!Q4+HOTEL!U4 -> 311 | J2: =P2 -> 60.418006 | K2: =HOTEL!DS4 -> 87 | N2: =HOTEL!S4 -> 5 | O2: =N2*2500 -> 12500 | P2: =(((HOTEL!Q4*34))+(N2*2500))/I2 -> 60.418006 | Q2: 5.83 | R2: 50.05 | S2: 33.88 | T2: =G2*H2 -> 53928.875 | U2: =I2*P2 -> 18790
A3: Mauritius at Anahita | B3: =B2+1 -> 2 | C3: 1 | D3: 2020 | E3: =HOTEL!E5 -> 28575 | F3: 6.21 | G3: =HOTEL!BY5 -> 969.75 | H3: 50.05 | I3: =HOTEL!Q5+HOTEL!U5 -> 212 | J3: =P3 -> 60.716981 | K3: =HOTEL!DS5 -> 74 | N3: =HOTEL!S5 -> 3 | O3: =N3*2500 -> 7500 | P3: =(((HOTEL!Q5*34))+(N3*2500))/I3 -> 60.716981 | Q3: 5.83 | R3: 50.05 | S3: 33.88 | T3: =G3*H3 -> 48535.987 | U3: =I3*P3 -> 12872
A4: Mauritius at Anahita | B4: =B3+1 -> 3 | C4: 1 | D4: 2020 | E4: =HOTEL!E6 -> 29882 | F4: 6.21 | G4: =HOTEL!BY6 -> 538.75 | H4: 50.05 | I4: =HOTEL!Q6+HOTEL!U6 -> 134 | J4: =P4 -> 27.910448 | K4: =HOTEL!DS6 -> 79 | N4: =HOTEL!S6 -> 0 | O4: =N4*2500 -> 0 | P4: =(((HOTEL!Q6*34))+(N4*2500))/I4 -> 27.910448 | Q4: 5.83 | R4: 50.05 | S4: 33.88 | T4: =G4*H4 -> 26964.438 | U4: =I4*P4 -> 3740
A5: Mauritius at Anahita | B5: =B4+1 -> 4 | C5: 1 | D5: 2020 | E5: =HOTEL!E7 -> 28520 | F5: 6.21 | G5: =HOTEL!BY7 -> 1077.5 | H5: 50.05 | I5: =HOTEL!Q7+HOTEL!U7 -> 338 | J5: =P5 -> 70.236686 | K5: =HOTEL!DS7 -> 85 | N5: =HOTEL!S7 -> 8 | O5: =N5*2500 -> 20000 | P5: =(((HOTEL!Q7*34))+(N5*2500))/I5 -> 70.236686 | Q5: 5.83 | R5: 50.05 | S5: 33.88 | T5: =G5*H5 -> 53928.875 | U5: =I5*P5 -> 23740
A6: Mauritius at Anahita | B6: =B5+1 -> 5 | C6: 1 | D6: 2020 | E6: =HOTEL!E8 -> 27431 | F6: 6.21 | G6: =HOTEL!BY8 -> 1077.5 | H6: 50.05 | I6: =HOTEL!Q8+HOTEL!U8 -> 289 | J6: =P6 -> 66.844291 | K6: =HOTEL!DS8 -> 77 | N6: =HOTEL!S8 -> 6 | O6: =N6*2500 -> 15000 | P6: =(((HOTEL!Q8*34))+(N6*2500))/I6 -> 66.844291 | Q6: 5.83 | R6: 50.05 | S6: 33.88 | T6: =G6*H6 -> 53928.875 | U6: =I6*P6 -> 19318
A7: Mauritius at Anahita | B7: =B6+1 -> 6 | C7: 1 | D7: 2020 | E7: =HOTEL!E9 -> 27753 | F7: 6.21 | G7: =HOTEL!BY9 -> 538.75 | H7: 50.05 | I7: =HOTEL!Q9+HOTEL!U9 -> 374 | J7: =P7 -> 74.572193 | K7: =HOTEL!DS9 -> 74 | N7: =HOTEL!S9 -> 10 | O7: =N7*2500 -> 25000 | P7: =(((HOTEL!Q9*34))+(N7*2500))/I7 -> 74.572193 | Q7: 5.83 | R7: 50.05 | S7: 33.88 | T7: =G7*H7 -> 26964.438 | U7: =I7*P7 -> 27890
A8: Mauritius at Anahita | B8: =B7+1 -> 7 | C8: 1 | D8: 2020 | E8: =HOTEL!E10 -> 26949 | F8: 6.21 | G8: =HOTEL!BY10 -> 1120 | H8: 50.05 | I8: =HOTEL!Q10+HOTEL!U10 -> 106 | J8: =P8 -> 34 | K8: =HOTEL!DS10 -> 74 | N8: =HOTEL!S10 -> 0 | O8: =N8*2500 -> 0 | P8: =(((HOTEL!Q10*34))+(N8*2500))/I8 -> 34 | Q8: 5.83 | R8: 50.05 | S8: 33.88 | T8: =G8*H8 -> 56056 | U8: =I8*P8 -> 3604
A9: Mauritius at Anahita | B9: =B8+1 -> 8 | C9: 1 | D9: 2020 | E9: =HOTEL!E11 -> 27034 | F9: 6.21 | G9: =HOTEL!BY11 -> 969.75 | H9: 50.05 | I9: =HOTEL!Q11+HOTEL!U11 -> 311 | J9: =P9 -> 58.996785 | K9: =HOTEL!DS11 -> 69 | N9: =HOTEL!S11 -> 5 | O9: =N9*2500 -> 12500 | P9: =(((HOTEL!Q11*34))+(N9*2500))/I9 -> 58.996785 | Q9: 5.83 | R9: 50.05 | S9: 33.88 | T9: =G9*H9 -> 48535.987 | U9: =I9*P9 -> 18348
A10: Mauritius at Anahita | B10: =B9+1 -> 9 | C10: 1 | D10: 2020 | E10: =HOTEL!E12 -> 24570 | F10: 6.21 | G10: =HOTEL!BY12 -> 646.5 | H10: 50.05 | I10: =HOTEL!Q12+HOTEL!U12 -> 312 | J10: =P10 -> 58.589744 | K10: =HOTEL!DS12 -> 68 | N10: =HOTEL!S12 -> 5 | O10: =N10*2500 -> 12500 | P10: =(((HOTEL!Q12*34))+(N10*2500))/I10 -> 58.589744 | Q10: 5.83 | R10: 50.05 | S10: 33.93 | T10: =G10*H10 -> 32357.325 | U10: =I10*P10 -> 18280
A11: Mauritius at Anahita | B11: =B10+1 -> 10 | C11: 1 | D11: 2020 | E11: =HOTEL!E13 -> 25702 | F11: 6.21 | G11: =HOTEL!BY13 -> 538.75 | H11: 62.95 | I11: =HOTEL!Q13+HOTEL!U13 -> 399 | J11: =P11 -> 72.285714 | K11: =HOTEL!DS13 -> 62 | N11: =HOTEL!S13 -> 10 | O11: =N11*2500 -> 25000 | P11: =(((HOTEL!Q13*34))+(N11*2500))/I11 -> 72.285714 | Q11: 5.83 | R11: 62.95 | S11: 33.93 | T11: =G11*H11 -> 33914.312 | U11: =I11*P11 -> 28842
A12: Mauritius at Anahita | B12: =B11+1 -> 11 | C12: 1 | D12: 2020 | E12: =HOTEL!E14 -> 25512 | F12: 6.21 | G12: =HOTEL!BY14 -> 538.75 | H12: 62.95 | I12: =HOTEL!Q14+HOTEL!U14 -> 251 | J12: =P12 -> 65.784861 | K12: =HOTEL!DS14 -> 63 | N12: =HOTEL!S14 -> 5 | O12: =N12*2500 -> 12500 | P12: =(((HOTEL!Q14*34))+(N12*2500))/I12 -> 65.784861 | Q12: 5.83 | R12: 62.95 | S12: 33.93 | T12: =G12*H12 -> 33914.312 | U12: =I12*P12 -> 16512
A13: Mauritius at Anahita | B13: =B12+1 -> 12 | C13: 1 | D13: 2020 | E13: =HOTEL!E15 -> 0 | F13: 6.21 | G13: =HOTEL!BY15 -> 0 | H13: 62.95 | I13: =HOTEL!Q15+HOTEL!U15 -> 0 | J13: =P13 -> #DIV/0! | K13: =HOTEL!DS15 -> 66 | N13: =HOTEL!S15 -> 0 | O13: =N13*2500 -> 0 | P13: =(((HOTEL!Q15*34))+(N13*2500))/I13 -> #DIV/0! | Q13: 5.83 | R13: 62.95 | S13: 33.93 | T13: =G13*H13 -> 0 | U13: =I13*P13 -> #DIV/0!
A14: Mauritius at Anahita | B14: =B13+1 -> 13 | C14: 1 | D14: 2020 | E14: =HOTEL!E16 -> 0 | F14: 6.21 | G14: =HOTEL!BY16 -> 0 | H14: 62.95 | I14: =HOTEL!Q16+HOTEL!U16 -> 0 | J14: =P14 -> #DIV/0! | K14: =HOTEL!DS16 -> 0 | N14: =HOTEL!S16 -> 0 | O14: =N14*2500 -> 0 | P14: =(((HOTEL!Q16*34))+(N14*2500))/I14 -> #DIV/0! | Q14: 5.83 | R14: 62.95 | S14: 33.93 | T14: =G14*H14 -> 0 | U14: =I14*P14 -> #DIV/0!
... A29: Mauritius at Anahita | B29: =B28+1 -> 28 | C29: 1 | D29: 2020 | E29: =HOTEL!E31 -> 0 | F29: 6.21 | G29: =HOTEL!BY31 -> 0 | H29: 62.95 | I29: =HOTEL!Q31+HOTEL!U31 -> 0 | J29: =P29 -> #DIV/0! | K29: =HOTEL!DS31 -> 0 | N29: =HOTEL!S31 -> 0 | O29: =N29*2500 -> 0 | P29: =(((HOTEL!Q31*34))+(N29*2500))/I29 -> #DIV/0! | Q29: 5.83 | R29: 62.95 | S29: 33.93 | T29: =G29*H29 -> 0 | U29: =I29*P29 -> #DIV/0!
A30: Mauritius at Anahita | B30: =B29+1 -> 29 | C30: 1 | D30: 2020 | E30: =HOTEL!E32 -> 0 | F30: 6.21 | G30: =HOTEL!BY32 -> 0 | H30: 62.95 | I30: =HOTEL!Q32+HOTEL!U32 -> 0 | J30: =P30 -> #DIV/0! | K30: =HOTEL!DS32 -> 0 | N30: =HOTEL!S32 -> 0 | O30: =N30*2500 -> 0 | P30: =(((HOTEL!Q32*34))+(N30*2500))/I30 -> #DIV/0! | Q30: 5.83 | R30: 62.95 | T30: =G30*H30 -> 0 | U30: =I30*P30 -> #DIV/0!
A31: Mauritius at Anahita | B31: =B30+1 -> 30 | C31: 1 | D31: 2020 | E31: =HOTEL!E33 -> 0 | F31: 6.21 | G31: =HOTEL!BY33 -> 0 | H31: 62.95 | I31: =HOTEL!Q33+HOTEL!U33 -> 0 | J31: =P31 -> #DIV/0! | K31: =HOTEL!DS33 -> 0 | N31: =HOTEL!S33 -> 0 | O31: =N31*2500 -> 0 | P31: =(((HOTEL!Q33*34))+(N31*2500))/I31 -> #DIV/0! | Q31: 5.83 | R31: 62.95 | T31: =G31*H31 -> 0 | U31: =I31*P31 -> #DIV/0!
A32: Mauritius at Anahita | B32: =B31+1 -> 31 | C32: 1 | D32: 2020 | E32: =HOTEL!E34 -> 0 | F32: 7.21 | G32: =HOTEL!BY34 -> 0 | H32: 62.95 | I32: =HOTEL!Q34+HOTEL!U34 -> 0 | J32: =P32 -> #DIV/0! | K32: =HOTEL!DS34 -> 0 | N32: =HOTEL!S34 -> 8 | O32: =N32*2500 -> 20000 | P32: =(((HOTEL!Q34*34))+(N32*2500))/I32 -> #DIV/0! | Q32: 5.83 | R32: 62.95 | T32: =G32*H32 -> 0 | U32: =I32*P32 -> #DIV/0!

Sheet Submetering
A1: Site Name | B1: Day | C1: Month | D1: Year | E1: Hotel (KWh) | F1: Vacoas (KWh) | G1: Laundry (KWh) | H1: Villa 145 (KWh) | I1: Villa 146 (KWh) | J1: Villa 111 (KWh) | K1: Villa 128 (KWh) | L1: Hotel (m3) | M1: Bamboo Pool (m3) | N1: Island (m3) | O1: Main Building (m3) | P1: Pantry A (m3) | Q1: Pantry B (m3) | R1: Pantry C (m3) | S1: Pantry D (m3) | T1: Pantry E (m3) | U1: Pantry F (m3) | V1: Pantry G (m3) | W1: North Parcel (m3) | X1: South Parcel (m3) | Y1: Beau champ (Kg) | Z1: Acquapazza (Kg) | AA1: Bamboo (Kg) | AB1: Steam Boiler (Kg) | AC1: Laundry (Kg) | AD1: Pantry A (Kg) | AE1: Pantry B (Kg) | AF1: Pantry C (Kg) | AG1: Pantry D (Kg) | AH1: Pantry E (Kg) | AI1: Pantry F (Kg) | AJ1: Pantry G (Kg) | AK1: Room Nights
A2: Mauritius at Anahita | B2: 1 | C2: 1 | D2: 2020 | E2: =TOTAL!E2 -> 27980 | F2: =HOTEL!M4 -> 704 | G2: =HOTEL!O4 -> 612 | H2: =HOTEL!DL4 -> 0 | I2: =HOTEL!DN4 -> 0 | J2: =HOTEL!DP4 -> 0 | K2: =HOTEL!DR4 -> 0 | L2: =N2+W2+X2 -> 270 | M2: =HOTEL!AA4 -> 11 | N2: =HOTEL!AE4 -> 130 | O2: =HOTEL!AG4 -> 14 | P2: =HOTEL!AI4 -> 2 | Q2: =HOTEL!AK4 -> 2 | R2: =HOTEL!AM4 -> 7 | S2: =HOTEL!AO4 -> 8 | T2: =HOTEL!AQ4 -> 2 | U2: =HOTEL!AS4 -> 4 | V2: =HOTEL!AU4 -> 4 | W2: =HOTEL!BG4 -> 110 | X2: =HOTEL!BJ4 -> 30 | Y2: =HOTEL!CC4 -> 343.75 | Z2: =HOTEL!CF3 -> 0 | AA2: =HOTEL!CI4 -> 106.25 | AB2: =HOTEL!CL4 -> 31.25 | AC2: =HOTEL!CO4 -> 31.25 | AD2: =HOTEL!CR4 -> 68.75 | AE2: =HOTEL!CU4 -> 31.25 | AF2: =HOTEL!CX4 -> 6.25 | AG2: =HOTEL!DA4 -> 37.5 | AH2: =HOTEL!DD4 -> 25 | AI2: =HOTEL!DG4 -> 43.75 | AJ2: =HOTEL!DJ4 -> 43.75 | AK2: =TOTAL!K2 -> 87
A3: Mauritius at Anahita | B3: =B2+1 -> 2 | C3: 1 | D3: 2020 | E3: =TOTAL!E3 -> 28575 | F3: =HOTEL!M5 -> 816 | G3: =HOTEL!O5 -> 617 | H3: =HOTEL!DL5 -> 0 | I3: =HOTEL!DN5 -> 0 | J3: =HOTEL!DP5 -> 0 | K3: =HOTEL!DR5 -> 0 | L3: =N3+W3+X3 -> 290 | M3: =HOTEL!AA5 -> 0 | N3: =HOTEL!AE5 -> 140 | O3: =HOTEL!AG5 -> 15 | P3: =HOTEL!AI5 -> 2 | Q3: =HOTEL!AK5 -> 3 | R3: =HOTEL!AM5 -> 4 | S3: =HOTEL!AO5 -> 5 | T3: =HOTEL!AQ5 -> 2 | U3: =HOTEL!AS5 -> 3 | V3: =HOTEL!AU5 -> 3 | W3: =HOTEL!BG5 -> 120 | X3: =HOTEL!BJ5 -> 30 | Y3: =HOTEL!CC5 -> 356.25 | Z3: =HOTEL!CF4 -> 106.25 | AA3: =HOTEL!CI5 -> 62.5 | AB3: =HOTEL!CL5 -> 25 | AC3: =HOTEL!CO5 -> 31.25 | AD3: =HOTEL!CR5 -> 50 | AE3: =HOTEL!CU5 -> 31.25 | AF3: =HOTEL!CX5 -> 6.25 | AG3: =HOTEL!DA5 -> 43.75 | AH3: =HOTEL!DD5 -> 31.25 | AI3: =HOTEL!DG5 -> 43.75 | AJ3: =HOTEL!DJ5 -> 50 | AK3: =TOTAL!K3 -> 74
A4: Mauritius at Anahita | B4: =B3+1 -> 3 | C4: 1 | D4: 2020 | E4: =TOTAL!E4 -> 29882 | F4: =HOTEL!M6 -> 2059 | G4: =HOTEL!O6 -> 661 | H4: =HOTEL!DL6 -> 0 | I4: =HOTEL!DN6 -> 0 | J4: =HOTEL!DP6 -> 0 | K4: =HOTEL!DR6 -> 0 | L4: =N4+W4+X4 -> 270 | M4: =HOTEL!AA6 -> 43 | N4: =HOTEL!AE6 -> 130 | O4: =HOTEL!AG6 -> 19 | P4: =HOTEL!AI6 -> 3 | Q4: =HOTEL!AK6 -> 3 | R4: =HOTEL!AM6 -> 1 | S4: =HOTEL!AO6 -> 5 | T4: =HOTEL!AQ6 -> 2 | U4: =HOTEL!AS6 -> 3 | V4: =HOTEL!AU6 -> 2 | W4: =HOTEL!BG6 -> 110 | X4: =HOTEL!BJ6 -> 30 | Y4: =HOTEL!CC6 -> 343.75 | Z4: =HOTEL!CF5 -> 50 | AA4: =HOTEL!CI6 -> 93.75 | AB4: =HOTEL!CL6 -> 25 | AC4: =HOTEL!CO6 -> 37.5 | AD4: =HOTEL!CR6 -> 56.25 | AE4: =HOTEL!CU6 -> 31.25 | AF4: =HOTEL!CX6 -> 5 | AG4: =HOTEL!DA6 -> 43.75 | AH4: =HOTEL!DD6 -> 31.25 | AI4: =HOTEL!DG6 -> 50 | AJ4: =HOTEL!DJ6 -> 43.75 | AK4: =TOTAL!K4 -> 79
A5: Mauritius at Anahita | B5: =B4+1 -> 4 | C5: 1 | D5: 2020 | E5: =TOTAL!E5 -> 28520 | F5: =HOTEL!M7 -> 1922 | G5: =HOTEL!O7 -> 606 | H5: =HOTEL!DL7 -> 0 | I5: =HOTEL!DN7 -> 0 | J5: =HOTEL!DP7 -> 6 | K5: =HOTEL!DR7 -> 0 | L5: =N5+W5+X5 -> 300 | M5: =HOTEL!AA7 -> 0 | N5: =HOTEL!AE7 -> 160 | O5: =HOTEL!AG7 -> 16 | P5: =HOTEL!AI7 -> 2 | Q5: =HOTEL!AK7 -> 4 | R5: =HOTEL!AM7 -> 3 | S5: =HOTEL!AO7 -> 7 | T5: =HOTEL!AQ7 -> 3 | U5: =HOTEL!AS7 -> 2 | V5: =HOTEL!AU7 -> 1 | W5: =HOTEL!BG7 -> 120 | X5: =HOTEL!BJ7 -> 20 | Y5: =HOTEL!CC7 -> 256.25 | Z5: =HOTEL!CF6 -> 0 | AA5: =HOTEL!CI7 -> 75 | AB5: =HOTEL!CL7 -> 25 | AC5: =HOTEL!CO7 -> 37.5 | AD5: =HOTEL!CR7 -> 56.25 | AE5: =HOTEL!CU7 -> 37.5 | AF5: =HOTEL!CX7 -> 6.25 | AG5: =HOTEL!DA7 -> 43.75 | AH5: =HOTEL!DD7 -> 25 | AI5: =HOTEL!DG7 -> 43.75 | AJ5: =HOTEL!DJ7 -> 37.5 | AK5: =TOTAL!K5 -> 85
A6: Mauritius at Anahita | B6: =B5+1 -> 5 | C6: 1 | D6: 2020 | E6: =TOTAL!E6 -> 27431 | F6: =HOTEL!M8 -> 2009 | G6: =HOTEL!O8 -> 583 | H6: =HOTEL!DL8 -> 0 | I6: =HOTEL!DN8 -> 0 | J6: =HOTEL!DP8 -> 0 | K6: =HOTEL!DR8 -> 171.9 | L6: =N6+W6+X6 -> 350 | M6: =HOTEL!AA8 -> 0 | N6: =HOTEL!AE8 -> 180 | O6: =HOTEL!AG8 -> 19 | P6: =HOTEL!AI8 -> 2 | Q6: =HOTEL!AK8 -> 5 | R6: =HOTEL!AM8 -> 5 | S6: =HOTEL!AO8 -> 6 | T6: =HOTEL!AQ8 -> 4 | U6: =HOTEL!AS8 -> 3 | V6: =HOTEL!AU8 -> 1 | W6: =HOTEL!BG8 -> 120 | X6: =HOTEL!BJ8 -> 50 | Y6: =HOTEL!CC8 -> 356.25 | Z6: =HOTEL!CF7 -> 50 | AA6: =HOTEL!CI8 -> 62.5 | AB6: =HOTEL!CL8 -> 25 | AC6: =HOTEL!CO8 -> 37.5 | AD6: =HOTEL!CR8 -> 50 | AE6: =HOTEL!CU8 -> 31.25 | AF6: =HOTEL!CX8 -> 5.625 | AG6: =HOTEL!DA8 -> 43.75 | AH6: =HOTEL!DD8 -> 37.5 | AI6: =HOTEL!DG8 -> 43.75 | AJ6: =HOTEL!DJ8 -> 43.75 | AK6: =TOTAL!K6 -> 77
A7: Mauritius at Anahita | B7: =B6+1 -> 6 | C7: 1 | D7: 2020 | E7: =TOTAL!E7 -> 27753 | F7: =HOTEL!M9 -> 587 | G7: =HOTEL!O9 -> 758 | H7: =HOTEL!DL9 -> 0 | I7: =HOTEL!DN9 -> 0 | J7: =HOTEL!DP9 -> 0 | K7: =HOTEL!DR9 -> 0 | L7: =N7+W7+X7 -> 310 | M7: =HOTEL!AA9 -> 0 | N7: =HOTEL!AE9 -> 160 | O7: =HOTEL!AG9 -> 15 | P7: =HOTEL!AI9 -> 2 | Q7: =HOTEL!AK9 -> 3 | R7: =HOTEL!AM9 -> 5 | S7: =HOTEL!AO9 -> 8 | T7: =HOTEL!AQ9 -> 3 | U7: =HOTEL!AS9 -> 2 | V7: =HOTEL!AU9 -> 0 | W7: =HOTEL!BG9 -> 110 | X7: =HOTEL!BJ9 -> 40 | Y7: =HOTEL!CC9 -> 325 | Z7: =HOTEL!CF8 -> 50 | AA7: =HOTEL!CI9 -> 125 | AB7: =HOTEL!CL9 -> 25 | AC7: =HOTEL!CO9 -> 43.75 | AD7: =HOTEL!CR9 -> 56.25 | AE7: =HOTEL!CU9 -> 37.5 | AF7: =HOTEL!CX9 -> 6.25 | AG7: =HOTEL!DA9 -> 43.75 | AH7: =HOTEL!DD9 -> 31.25 | AI7: =HOTEL!DG9 -> 43.75 | AJ7: =HOTEL!DJ9 -> 37.5 | AK7: =TOTAL!K7 -> 74
A8: Mauritius at Anahita | B8: =B7+1 -> 7 | C8: 1 | D8: 2020 | E8: =TOTAL!E8 -> 26949 | F8: =HOTEL!M10 -> 611 | G8: =HOTEL!O10 -> 631 | H8: =HOTEL!DL10 -> 0 | I8: =HOTEL!DN10 -> 0 | J8: =HOTEL!DP10 -> 0 | K8: =HOTEL!DR10 -> 0 | L8: =N8+W8+X8 -> 290 | M8: =HOTEL!AA10 -> 0 | N8: =HOTEL!AE10 -> 140 | O8: =HOTEL!AG10 -> 15 | P8: =HOTEL!AI10 -> 3 | Q8: =HOTEL!AK10 -> 4 | R8: =HOTEL!AM10 -> 5 | S8: =HOTEL!AO10 -> 6 | T8: =HOTEL!AQ10 -> 2 | U8: =HOTEL!AS10 -> 2 | V8: =HOTEL!AU10 -> 1 | W8: =HOTEL!BG10 -> 120 | X8: =HOTEL!BJ10 -> 30 | Y8: =HOTEL!CC10 -> 325 | Z8: =HOTEL!CF9 -> 50 | AA8: =HOTEL!CI10 -> 112.5 | AB8: =HOTEL!CL10 -> 31.25 | AC8: =HOTEL!CO10 -> 31.25 | AD8: =HOTEL!CR10 -> 56.25 | AE8: =HOTEL!CU10 -> 31.25 | AF8: =HOTEL!CX10 -> 7.5 | AG8: =HOTEL!DA10 -> 43.75 | AH8: =HOTEL!DD10 -> 31.25 | AI8: =HOTEL!DG10 -> 37.5 | AJ8: =HOTEL!DJ10 -> 37.5 | AK8: =TOTAL!K8 -> 74
A9: Mauritius at Anahita | B9: =B8+1 -> 8 | C9: 1 | D9: 2020 | E9: =TOTAL!E9 -> 27034 | F9: =HOTEL!M11 -> 635 | G9: =HOTEL!O11 -> 690 | H9: =HOTEL!DL11 -> 0 | I9: =HOTEL!DN11 -> 0 | J9: =HOTEL!DP11 -> 0 | K9: =HOTEL!DR11 -> 0 | L9: =N9+W9+X9 -> 320 | M9: =HOTEL!AA11 -> 65 | N9: =HOTEL!AE11 -> 120 | O9: =HOTEL!AG11 -> 15 | P9: =HOTEL!AI11 -> 2 | Q9: =HOTEL!AK11 -> 4 | R9: =HOTEL!AM11 -> 1 | S9: =HOTEL!AO11 -> 8 | T9: =HOTEL!AQ11 -> 3 | U9: =HOTEL!AS11 -> 1 | V9: =HOTEL!AU11 -> 1 | W9: =HOTEL!BG11 -> 170 | X9: =HOTEL!BJ11 -> 30 | Y9: =HOTEL!CC11 -> 362.5 | Z9: =HOTEL!CF10 -> 43.75 | AA9: =HOTEL!CI11 -> 106.25 | AB9: =HOTEL!CL11 -> 25 | AC9: =HOTEL!CO11 -> 37.5 | AD9: =HOTEL!CR11 -> 56.25 | AE9: =HOTEL!CU11 -> 31.25 | AF9: =HOTEL!CX11 -> 5 | AG9: =HOTEL!DA11 -> 31.25 | AH9: =HOTEL!DD11 -> 31.25 | AI9: =HOTEL!DG11 -> 31.25 | AJ9: =HOTEL!DJ11 -> 37.5 | AK9: =TOTAL!K9 -> 69
A10: Mauritius at Anahita | B10: =B9+1 -> 9 | C10: 1 | D10: 2020 | E10: =TOTAL!E10 -> 24570 | F10: =HOTEL!M12 -> 611 | G10: =HOTEL!O12 -> 568 | H10: =HOTEL!DL12 -> 0 | I10: =HOTEL!DN12 -> 0 | J10: =HOTEL!DP12 -> 0 | K10: =HOTEL!DR12 -> 0 | L10: =N10+W10+X10 -> 300 | M10: =HOTEL!AA12 -> 19 | N10: =HOTEL!AE12 -> 150 | O10: =HOTEL!AG12 -> 14 | P10: =HOTEL!AI12 -> 2 | Q10: =HOTEL!AK12 -> 3 | R10: =HOTEL!AM12 -> 5 | S10: =HOTEL!AO12 -> 7 | T10: =HOTEL!AQ12 -> 3 | U10: =HOTEL!AS12 -> 1 | V10: =HOTEL!AU12 -> 1 | W10: =HOTEL!BG12 -> 120 | X10: =HOTEL!BJ12 -> 30 | Y10: =HOTEL!CC12 -> 231.25 | Z10: =HOTEL!CF11 -> 0 | AA10: =HOTEL!CI12 -> 106.25 | AB10: =HOTEL!CL12 -> 31.25 | AC10: =HOTEL!CO12 -> 31.25 | AD10: =HOTEL!CR12 -> 56.25 | AE10: =HOTEL!CU12 -> 25 | AF10: =HOTEL!CX12 -> 4.375 | AG10: =HOTEL!DA12 -> 31.25 | AH10: =HOTEL!DD12 -> 31.25 | AI10: =HOTEL!DG12 -> 31.25 | AJ10: =HOTEL!DJ12 -> 31.25 | AK10: =TOTAL!K10 -> 68
A11: Mauritius at Anahita | B11: =B10+1 -> 10 | C11: 1 | D11: 2020 | E11: =TOTAL!E11 -> 25702 | F11: =HOTEL!M13 -> 508 | G11: =HOTEL!O13 -> 712 | H11: =HOTEL!DL13 -> 80 | I11: =HOTEL!DN13 -> 2531 | J11: =HOTEL!DP13 -> 0 | K11: =HOTEL!DR13 -> 0 | L11: =N11+W11+X11 -> 270 | M11: =HOTEL!AA13 -> 11 | N11: =HOTEL!AE13 -> 150 | O11: =HOTEL!AG13 -> 15 | P11: =HOTEL!AI13 -> 2 | Q11: =HOTEL!AK13 -> 2 | R11: =HOTEL!AM13 -> 3 | S11: =HOTEL!AO13 -> 6 | T11: =HOTEL!AQ13 -> 2 | U11: =HOTEL!AS13 -> 0 | V11: =HOTEL!AU13 -> 0 | W11: =HOTEL!BG13 -> 110 | X11: =HOTEL!BJ13 -> 10 | Y11: =HOTEL!CC13 -> 350 | Z11: =HOTEL!CF12 -> 50 | AA11: =HOTEL!CI13 -> 75 | AB11: =HOTEL!CL13 -> 25 | AC11: =HOTEL!CO13 -> 31.25 | AD11: =HOTEL!CR13 -> 50 | AE11: =HOTEL!CU13 -> 31.25 | AF11: =HOTEL!CX13 -> 7.5 | AG11: =HOTEL!DA13 -> 25 | AH11: =HOTEL!DD13 -> 31.25 | AI11: =HOTEL!DG13 -> 25 | AJ11: =HOTEL!DJ13 -> 31.25 | AK11: =TOTAL!K11 -> 62
A12: Mauritius at Anahita | B12: =B11+1 -> 11 | C12: 1 | D12: 2020 | E12: =TOTAL!E12 -> 25512 | F12: =HOTEL!M14 -> 722 | G12: =HOTEL!O14 -> 597 | H12: =HOTEL!DL14 -> 0 | I12: =HOTEL!DN14 -> 0 | J12: =HOTEL!DP14 -> 0 | K12: =HOTEL!DR14 -> 0 | L12: =N12+W12+X12 -> 300 | M12: =HOTEL!AA14 -> 11 | N12: =HOTEL!AE14 -> 150 | O12: =HOTEL!AG14 -> 16 | P12: =HOTEL!AI14 -> 2 | Q12: =HOTEL!AK14 -> 5 | R12: =HOTEL!AM14 -> 2 | S12: =HOTEL!AO14 -> 7 | T12: =HOTEL!AQ14 -> 2 | U12: =HOTEL!AS14 -> 1 | V12: =HOTEL!AU14 -> 1 | W12: =HOTEL!BG14 -> 120 | X12: =HOTEL!BJ14 -> 30 | Y12: =HOTEL!CC14 -> 350 | Z12: =HOTEL!CF13 -> 43.75 | AA12: =HOTEL!CI14 -> 131.25 | AB12: =HOTEL!CL14 -> 25 | AC12: =HOTEL!CO14 -> 37.5 | AD12: =HOTEL!CR14 -> 56.25 | AE12: =HOTEL!CU14 -> 25 | AF12: =HOTEL!CX14 -> 4.375 | AG12: =HOTEL!DA14 -> 56.25 | AH12: =HOTEL!DD14 -> 25 | AI12: =HOTEL!DG14 -> 0 | AJ12: =HOTEL!DJ14 -> 37.5 | AK12: =TOTAL!K12 -> 63
A13: Mauritius at Anahita | B13: =B12+1 -> 12 | C13: 1 | D13: 2020 | E13: =TOTAL!E13 -> 0 | F13: =HOTEL!M15 -> 0 | G13: =HOTEL!O15 -> 0 | H13: =HOTEL!DL15 -> 0 | I13: =HOTEL!DN15 -> 0 | J13: =HOTEL!DP15 -> 0 | K13: =HOTEL!DR15 -> 0 | L13: =N13+W13+X13 -> 0 | M13: =HOTEL!AA15 -> 0 | N13: =HOTEL!AE15 -> 0 | O13: =HOTEL!AG15 -> 0 | P13: =HOTEL!AI15 -> 0 | Q13: =HOTEL!AK15 -> 0 | R13: =HOTEL!AM15 -> 0 | S13: =HOTEL!AO15 -> 0 | T13: =HOTEL!AQ15 -> 0 | U13: =HOTEL!AS15 -> 0 | V13: =HOTEL!AU15 -> 0 | W13: =HOTEL!BG15 -> 0 | X13: =HOTEL!BJ15 -> 0 | Y13: =HOTEL!CC15 -> 0 | Z13: =HOTEL!CF14 -> 6.25 | AA13: =HOTEL!CI15 -> 0 | AB13: =HOTEL!CL15 -> 0 | AC13: =HOTEL!CO15 -> 0 | AD13: =HOTEL!CR15 -> 0 | AE13: =HOTEL!CU15 -> 0 | AF13: =HOTEL!CX15 -> 0 | AG13: =HOTEL!DA15 -> 0 | AH13: =HOTEL!DD15 -> 0 | AI13: =HOTEL!DG15 -> 0 | AJ13: =HOTEL!DJ15 -> 0 | AK13: =TOTAL!K13 -> 66
A14: Mauritius at Anahita | B14: =B13+1 -> 13 | C14: 1 | D14: 2020 | E14: =TOTAL!E14 -> 0 | F14: =HOTEL!M16 -> 0 | G14: =HOTEL!O16 -> 0 | H14: =HOTEL!DL16 -> 0 | I14: =HOTEL!DN16 -> 0 | J14: =HOTEL!DP16 -> 0 | K14: =HOTEL!DR16 -> 0 | L14: =N14+W14+X14 -> 0 | M14: =HOTEL!AA16 -> 0 | N14: =HOTEL!AE16 -> 0 | O14: =HOTEL!AG16 -> 0 | P14: =HOTEL!AI16 -> 0 | Q14: =HOTEL!AK16 -> 0 | R14: =HOTEL!AM16 -> 0 | S14: =HOTEL!AO16 -> 0 | T14: =HOTEL!AQ16 -> 0 | U14: =HOTEL!AS16 -> 0 | V14: =HOTEL!AU16 -> 0 | W14: =HOTEL!BG16 -> 0 | X14: =HOTEL!BJ16 -> 0 | Y14: =HOTEL!CC16 -> 0 | Z14: =HOTEL!CF15 -> 0 | AA14: =HOTEL!CI16 -> 0 | AB14: =HOTEL!CL16 -> 0 | AC14: =HOTEL!CO16 -> 0 | AD14: =HOTEL!CR16 -> 0 | AE14: =HOTEL!CU16 -> 0 | AF14: =HOTEL!CX16 -> 0 | AG14: =HOTEL!DA16 -> 0 | AH14: =HOTEL!DD16 -> 0 | AI14: =HOTEL!DG16 -> 0 | AJ14: =HOTEL!DJ16 -> 0 | AK14: =TOTAL!K14 -> 0
... A32: Mauritius at Anahita | B32: =B31+1 -> 31 | C32: 1 | D32: 2020 | E32: =TOTAL!E32 -> 0 | F32: =HOTEL!M34 -> 0 | G32: =HOTEL!O34 -> 0 | H32: =HOTEL!DL34 -> 0 | I32: =HOTEL!DN34 -> 0 | J32: =HOTEL!DP34 -> 0 | K32: =HOTEL!DR34 -> 0 | L32: =N32+W32+X32 -> 0 | M32: =HOTEL!AA34 -> 0 | N32: =HOTEL!AE34 -> 0 | O32: =HOTEL!AG34 -> 0 | P32: =HOTEL!AI34 -> 0 | Q32: =HOTEL!AK34 -> 0 | R32: =HOTEL!AM34 -> 0 | S32: =HOTEL!AO34 -> 0 | T32: =HOTEL!AQ34 -> 0 | U32: =HOTEL!AS34 -> 0 | V32: =HOTEL!AU34 -> 0 | W32: =HOTEL!BG34 -> 0 | X32: =HOTEL!BJ34 -> 0 | Y32: =HOTEL!CC34 -> 0 | Z32: =HOTEL!CF33 -> 0 | AA32: =HOTEL!CI34 -> 0 | AB32: =HOTEL!CL34 -> 0 | AC32: =HOTEL!CO34 -> 0 | AD32: =HOTEL!CR34 -> 0 | AE32: =HOTEL!CU34 -> 0 | AF32: =HOTEL!CX34 -> 0 | AG32: =HOTEL!DA34 -> 0 | AH32: =HOTEL!DD34 -> 0 | AI32: =HOTEL!DG34 -> 0 | AJ32: =HOTEL!DJ34 -> 0 | AK32: =TOTAL!K32 -> 0

Sheet HOTEL
B1: Hotel Electricity | H1: Gen 01 | J1: Gen 02 | L1: Vacoas KW | M1: CONS | N1: Laundry (KWh) | O1: CONS | P1: Hotel | R1: % Water Available | S1: water truck | V1: UV meter | X1: chiller | Z1: bamboo pool | AB1: laundry | AC1: CONS | AD1: Island | AF1: Main Building | AH1: Pantry A | AJ1: Pantry B | AL1: Pantry C | AN1: Pantry D | AP1: Pantry E | AR1: Pantry F | AT1: Pantry G | BF1: North | BH1: South | BK1: Diesel | BO1: Gas | CJ1: Steam Boiler | CM1: Main Building | CP1: Pantry A | CS1: Pantry B | CV1: Pantry C | CY1: Pantry D | DB1: Pantry E | DE1: Pantry F | DH1: Pantry G
A2: Date | B2: KVAH | C2: CONS | D2: KWH | E2: CONS | F2: PF | G2: KVA | P2: CWA23 | Q2: CONS | T2: Truck Meter | U2: Cons | V2: UV meter | W2: CONS | X2: chiller | Y2: CONS | AA2: CONS | AD2: island | AE2: cons | AF2: M.Buil | AG2: Cons | AH2: Pantry A | AI2: Cons | AJ2: Pantry B | AK2: Cons | AL2: Pantry C | AM2: cons | AN2: Pantry D | AO2: cons | AP2: Pantry E | AQ2: cons | AR2: Pantry F | AS2: Cons | AT2: Pantry G | AU2: Cons | AV2: Main Kitchen | AW2: Cons | AX2: Bamboo H | AY2: Cons | AZ2: Bamboo C | BA2: Cons | BB2: cyclon bridge | BC2: cons | BD2: Island - Hot | BE2: Island Cold | BF2: north | BG2: cons | BH2: south | BI2: cons | BJ2: south | BK2: DIESEL | BL2: stock | BM2: Del | BN2: CONS | BO2: Meter | BP2: cons | BQ2: Kg | BR2: LPG 1 | BS2: stock | BT2: LPG 2 | BU2: stock | BV2: LPG 3 | BW2: stock | BX2: total stock | BY2: cons | BZ2: del | CA2: Beau champ | CB2: cons(Litres) | CC2: Cons(Kg) | CD2: Acquapazza | CE2: cons(Litres) | CF2: Cons(Kg) | CG2: Bamboo | CH2: cons(Litres) | CI2: Cons(Kg) | CK2: cons(Litres) | CL2: Cons(Kg) | CN2: cons(Litres) | CO2: Cons(Kg) | CQ2: cons(Litres) | CR2: Cons(Kg) | CT2: cons(Litres) | CU2: Cons(Kg) | CW2: cons(Litres) | CX2: Cons(Kg) | CZ2: cons(Litres) | DA2: Cons(Kg) | DC2: cons(Litres) | DD2: Cons(Kg) | DF2: cons(Litres) | DG2: Cons(Kg) | DI2: cons(Litres) | DJ2: Cons(Kg) | DK2: 145 | DL2: CONS | DM2: 146 | DN2: CONS | DO2: Villa 111 | DP2: CONS | DQ2: Villa 128 | DR2: CONS | DS2: Room Nights | DT2: Bed Nights | DU2: % OCC
A3: 44227 | B3: 3309872 | C3: 29144 | D3: 2781572 | E3: 28273 | F3: 0.97011392 | G3: 1668 | H3: 749 | I3: 0 | J3: 965 | K3: 0 | L3: 2492958 | M3: 1136 | N3: 2155954 | O3: 662 | P3: 78197 | Q3: 166 | R3: 88 | S3: 8 | T3: 146127 | U3: 145 | V3: 32402 | W3: 90 | X3: 1018 | Y3: 1 | Z3: 3134 | AA3: 11 | AD3: 560540 | AE3: 120 | AF3: 51282 | AG3: 19 | AH3: 8721 | AI3: 3 | AJ3: 10330 | AK3: 2 | AL3: 14334 | AM3: 6 | AN3: 19110 | AO3: 7 | AP3: 19441 | AQ3: 0.1 | AR3: 13754 | AS3: 3 | AT3: 6107 | AU3: 3 | AV3: 25855 | AW3: 10 | AX3: 807 | AY3: 7 | AZ3: 3964 | BA3: 1 | BB3: 3636 | BC3: 0 | BD3: 9.1 | BE3: 110.9 | BF3: 585440 | BG3: 120 | BH3: 756080 | BI3: 150 | BJ3: 30 | BK3: 144 | BL3: 18518.168 | BN3: 0 | BO3: 198791 | BP3: 139 | BQ3: 868.75 | BR3: 74 | BS3: 7973.5 | BT3: 75 | BU3: 8081.25 | BV3: 75 | BW3: 8081.25 | BX3: 24136 | BY3: -6572.75 | CA3: 31672 | CB3: 52 | CC3: 325 | CD3: 34012 | CE3: 0 | CF3: 0 | CG3: 9487 | CH3: 11 | CI3: 68.75 | CJ3: 83028 | CK3: 5 | CL3: 31.25 | CM3: 5416 | CN3: 7 | CO3: 43.75 | CP3: 6488 | CQ3: 9 | CR3: 56.25 | CS3: 3182 | CT3: 5 | CU3: 31.25 | CV3: 1811.7 | CW3: 1 | CX3: 6.25 | CY3: 4674 | CZ3: 8 | DA3: 50 | DB3: 4219 | DC3: 5 | DD3: 31.25 | DE3: 4844 | DF3: 7 | DG3: 43.75 | DH3: 4106 | DI3: 7 | DJ3: 43.75 | DK3: 12382 | DL3: 0 | DM3: 52386 | DN3: 0 | DO3: 15518 | DP3: 0 | DQ3: 23468.4 | DR3: 0 | DS3: 74 | DT3: 195 | DU3: 0.65
A4: 44228 | B4: 3338798 | C4: =IF((B4-B3)<0,"0",(B4-B3)) -> 28926 | D4: 2809552 | E4: =IF((D4-D3)<0,"0",(D4-D3)) -> 27980 | F4: =E4/C4 -> 0.96729586 | G4: 1664 | H4: 749 | I4: 0 | J4: 965 | K4: 0 | L4: 2493662 | M4: =IF((L4-L3)<0,"0",(L4-L3)) -> 704 | N4: 2156566 | O4: =IF((N4-N3)<0,"0",(N4-N3)) -> 612 | P4: 78382 | Q4: =IF((P4-P3)<0,"0",(P4-P3)) -> 185 | R4: 88 | S4: 5 | T4: 146253 | U4: =IF((T4-T3)<0,"0",(T4-T3)) -> 126 | V4: 32489 | W4: =IF((V4-V3)<0,"0",(V4-V3)) -> 87 | X4: 1018 | Y4: =IF((X4-X3)<0,"0",(X4-X3)) -> 0 | Z4: 3145 | AA4: =IF((Z4-Z3)<0,"0",(Z4-Z3)) -> 11 | AD4: 560670 | AE4: =IF((AD4-AD3)<0,"0",(AD4-AD3)) -> 130 | AF4: 51296 | AG4: =IF((AF4-AF3)<0,"0",(AF4-AF3)) -> 14 | AH4: 8723 | AI4: =IF((AH4-AH3)<0,"0",(AH4-AH3)) -> 2 | AJ4: 10332 | AK4: =IF((AJ4-AJ3)<0,"0",(AJ4-AJ3)) -> 2 | AL4: 14341 | AM4: =IF((AL4-AL3)<0,"0",(AL4-AL3)) -> 7 | AN4: 19118 | AO4: =IF((AN4-AN3)<0,"0",(AN4-AN3)) -> 8 | AP4: 19443 | AQ4: =IF((AP4-AP3)<0,"0",(AP4-AP3)) -> 2 | AR4: 13758 | AS4: =IF((AR4-AR3)<0,"0",(AR4-AR3)) -> 4 | AT4: 6111 | AU4: =IF((AT4-AT3)<0,"0",(AT4-AT3)) -> 4 | AV4: 25865 | AW4: =IF((AV4-AV3)<0,"0",(AV4-AV3)) -> 10 | AX4: 812.9 | AY4: =IF((AX4-AX3)<0,"0",(AX4-AX3)) -> 5.9 | AZ4: 3976 | BA4: =IF((AZ4-AZ3)<0,"0",(AZ4-AZ3)) -> 12 | BB4: 3636 | BC4: =IF((BB4-BB3)<0,"0",(BB4-BB3)) -> 0 | BD4: =AS4+AQ4+AM4 -> 13 | BE4: =AE4-BD4 -> 117 | BF4: 585550 | BG4: =IF((BF4-BF3)<0,"0",(BF4-BF3)) -> 110 | BH4: 756240 | BI4: =IF((BH4-BH3)<0,"0",(BH4-BH3)) -> 160 | BJ4: =IF((BI4-AE4)<0,"0",(BI4-AE4)) -> 30 | BK4: 144 | BL4: =(IF(BK4<=116.4,((116.4*116.4*ACOS((116.4-BK4)/116.4))-((116.4-BK4)*SQRT(2*116.4*BK4-BK4*BK4)))*669.8,((3.1416*116.4*116.4)-((116.4*116.4*ACOS((116.4-(2*116.4-BK4))/116.4))-((116.4-(2*116.4-BK4))*SQRT(2*116.4*(2*116.4-BK4)-((2*116.4-BK4)*(2*116.4-BK4))))))*669.8))/1000 -> 18518.168 | BN4: =IF((BL3-BL4)<0,"0",(BL3-BL4)) -> 0 | BO4: 198947 | BP4: =IF((BO4-BO3)<0,"0",(BO4-BO3)) -> 156 | BQ4: =BP4*6.25 -> 975 | BR4: 70 | BS4: =(BR4*10775)/100 -> 7542.5 | BT4: 72 | BU4: =(BT4*10775)/100 -> 7758 | BV4: 72 | BW4: =(BV4*10775)/100 -> 7758 | BX4: =BS4+BU4+BW4 -> 23058.5 | BY4: =IF((BX3-BX4+BZ3)=BX3,"0",(BX3-BX4+BZ3)) -> 1077.5 | CA4: 31727 | CB4: =IF((CA4-CA3)<0,"0",(CA4-CA3)) -> 55 | CC4: =CB4*6.25 -> 343.75 | CD4: 34029 | CE4: =IF((CD4-CD3)<0,"0",(CD4-CD3)) -> 17 | CF4: =CE4*6.25 -> 106.25 | CG4: 9504 | CH4: =IF((CG4-CG3)<0,"0",(CG4-CG3)) -> 17 | CI4: =CH4*6.25 -> 106.25 | CJ4: 83033 | CK4: =IF((CJ4-CJ3)<0,"0",(CJ4-CJ3)) -> 5 | CL4: =CK4*6.25 -> 31.25 | CM4: 5421 | CN4: =IF((CM4-CM3)<0,"0",(CM4-CM3)) -> 5 | CO4: =CN4*6.25 -> 31.25 | CP4: 6499 | CQ4: =IF((CP4-CP3)<0,"0",(CP4-CP3)) -> 11 | CR4: =CQ4*6.25 -> 68.75 | CS4: 3187 | CT4: =IF((CS4-CS3)<0,"0",(CS4-CS3)) -> 5 | CU4: =CT4*6.25 -> 31.25 | CV4: 1812.7 | CW4: =IF((CV4-CV3)<0,"0",(CV4-CV3)) -> 1 | CX4: =CW4*6.25 -> 6.25 | CY4: 4680 | CZ4: =IF((CY4-CY3)<0,"0",(CY4-CY3)) -> 6 | DA4: =CZ4*6.25 -> 37.5 | DB4: 4223 | DC4: =IF((DB4-DB3)<0,"0",(DB4-DB3)) -> 4 | DD4: =DC4*6.25 -> 25 | DE4: 4851 | DF4: =IF((DE4-DE3)<0,"0",(DE4-DE3)) -> 7 | DG4: =DF4*6.25 -> 43.75 | DH4: 4113 | DI4: =IF((DH4-DH3)<0,"0",(DH4-DH3)) -> 7 | DJ4: =DI4*6.25 -> 43.75 | DK4: 12382 | DL4: =IF((DK4-DK3)<0,"0",(DK4-DK3)) -> 0 | DM4: 52386 | DN4: =IF((DM4-DM3)<0,"0",(DM4-DM3)) -> 0 | DO4: 15518 | DP4: =IF((DO4-DO3)<0,"0",(DO4-DO3)) -> 0 | DQ4: 23468.4 | DR4: =IF((DQ4-DQ3)<0,"0",(DQ4-DQ3)) -> 0 | DS4: 87 | DT4: 209 | DU4: 0.65
A5: 44229 | B5: 3368392 | C5: =IF((B5-B4)<0,"0",(B5-B4)) -> 29594 | D5: 2838127 | E5: =IF((D5-D4)<0,"0",(D5-D4)) -> 28575 | F5: =E5/C5 -> 0.96556734 | G5: 1664 | H5: 749 | I5: 0 | J5: 965 | K5: 0 | L5: 2494478 | M5: =IF((L5-L4)<0,"0",(L5-L4)) -> 816 | N5: 2157183 | O5: =IF((N5-N4)<0,"0",(N5-N4)) -> 617 | P5: 78540 | Q5: =IF((P5-P4)<0,"0",(P5-P4)) -> 158 | R5: 83 | S5: 3 | T5: 146307 | U5: =IF((T5-T4)<0,"0",(T5-T4)) -> 54 | V5: 32579 | W5: =IF((V5-V4)<0,"0",(V5-V4)) -> 90 | X5: 1018 | Y5: =IF((X5-X4)<0,"0",(X5-X4)) -> 0 | Z5: 3145 | AA5: =IF((Z5-Z4)<0,"0",(Z5-Z4)) -> 0 | AD5: 560810 | AE5: =IF((AD5-AD4)<0,"0",(AD5-AD4)) -> 140 | AF5: 51311 | AG5: =IF((AF5-AF4)<0,"0",(AF5-AF4)) -> 15 | AH5: 8725 | AI5: =IF((AH5-AH4)<0,"0",(AH5-AH4)) -> 2 | AJ5: 10335 | AK5: =IF((AJ5-AJ4)<0,"0",(AJ5-AJ4)) -> 3 | AL5: 14345 | AM5: =IF((AL5-AL4)<0,"0",(AL5-AL4)) -> 4 | AN5: 19123 | AO5: =IF((AN5-AN4)<0,"0",(AN5-AN4)) -> 5 | AP5: 19445 | AQ5: =IF((AP5-AP4)<0,"0",(AP5-AP4)) -> 2 | AR5: 13761 | AS5: =IF((AR5-AR4)<0,"0",(AR5-AR4)) -> 3 | AT5: 6114 | AU5: =IF((AT5-AT4)<0,"0",(AT5-AT4)) -> 3 | AV5: 25875 | AW5: =IF((AV5-AV4)<0,"0",(AV5-AV4)) -> 10 | AX5: 819.2 | AY5: =IF((AX5-AX4)<0,"0",(AX5-AX4)) -> 6.3 | AZ5: 3982 | BA5: =IF((AZ5-AZ4)<0,"0",(AZ5-AZ4)) -> 6 | BB5: 3636 | BC5: =IF((BB5-BB4)<0,"0",(BB5-BB4)) -> 0 | BD5: =AS5+AQ5+AM5 -> 9 | BE5: =AE5-BD5 -> 131 | BF5: 585670 | BG5: =IF((BF5-BF4)<0,"0",(BF5-BF4)) -> 120 | BH5: 756410 | BI5: =IF((BH5-BH4)<0,"0",(BH5-BH4)) -> 170 | BJ5: =IF((BI5-AE5)<0,"0",(BI5-AE5)) -> 30 | BK5: 144 | BL5: =(IF(BK5<=116.4,((116.4*116.4*ACOS((116.4-BK5)/116.4))-((116.4-BK5)*SQRT(2*116.4*BK5-BK5*BK5)))*669.8,((3.1416*116.4*116.4)-((116.4*116.4*ACOS((116.4-(2*116.4-BK5))/116.4))-((116.4-(2*116.4-BK5))*SQRT(2*116.4*(2*116.4-BK5)-((2*116.4-BK5)*(2*116.4-BK5))))))*669.8))/1000 -> 18518.168 | BN5: =IF((BL4-BL5)<0,"0",(BL4-BL5)) -> 0 | BO5: 199079 | BP5: =IF((BO5-BO4)<0,"0",(BO5-BO4)) -> 132 | BQ5: =BP5*6.25 -> 825 | BR5: 65 | BS5: =(BR5*10775)/100 -> 7003.75 | BT5: 70 | BU5: =(BT5*10775)/100 -> 7542.5 | BV5: 70 | BW5: =(BV5*10775)/100 -> 7542.5 | BX5: =BS5+BU5+BW5 -> 22088.75 | BY5: =IF((BX4-BX5+BZ4)=BX4,"0",(BX4-BX5+BZ4)) -> 969.75 | CA5: 31784 | CB5: =IF((CA5-CA4)<0,"0",(CA5-CA4)) -> 57 | CC5: =CB5*6.25 -> 356.25 | CD5: 34037 | CE5: =IF((CD5-CD4)<0,"0",(CD5-CD4)) -> 8 | CF5: =CE5*6.25 -> 50 | CG5: 9514 | CH5: =IF((CG5-CG4)<0,"0",(CG5-CG4)) -> 10 | CI5: =CH5*6.25 -> 62.5 | CJ5: 83037 | CK5: =IF((CJ5-CJ4)<0,"0",(CJ5-CJ4)) -> 4 | CL5: =CK5*6.25 -> 25 | CM5: 5426 | CN5: =IF((CM5-CM4)<0,"0",(CM5-CM4)) -> 5 | CO5: =CN5*6.25 -> 31.25 | CP5: 6507 | CQ5: =IF((CP5-CP4)<0,"0",(CP5-CP4)) -> 8 | CR5: =CQ5*6.25 -> 50 | CS5: 3192 | CT5: =IF((CS5-CS4)<0,"0",(CS5-CS4)) -> 5 | CU5: =CT5*6.25 -> 31.25 | CV5: 1813.7 | CW5: =IF((CV5-CV4)<0,"0",(CV5-CV4)) -> 1 | CX5: =CW5*6.25 -> 6.25 | CY5: 4687 | CZ5: =IF((CY5-CY4)<0,"0",(CY5-CY4)) -> 7 | DA5: =CZ5*6.25 -> 43.75 | DB5: 4228 | DC5: =IF((DB5-DB4)<0,"0",(DB5-DB4)) -> 5 | DD5: =DC5*6.25 -> 31.25 | DE5: 4858 | DF5: =IF((DE5-DE4)<0,"0",(DE5-DE4)) -> 7 | DG5: =DF5*6.25 -> 43.75 | DH5: 4121 | DI5: =IF((DH5-DH4)<0,"0",(DH5-DH4)) -> 8 | DJ5: =DI5*6.25 -> 50 | DK5: 12382 | DL5: =IF((DK5-DK4)<0,"0",(DK5-DK4)) -> 0 | DM5: 52386 | DN5: =IF((DM5-DM4)<0,"0",(DM5-DM4)) -> 0 | DO5: 15518 | DP5: =IF((DO5-DO4)<0,"0",(DO5-DO4)) -> 0 | DQ5: 23468.4 | DR5: =IF((DQ5-DQ4)<0,"0",(DQ5-DQ4)) -> 0 | DS5: 74 | DT5: 169 | DU5: 0.56
A6: 44230 | B6: 3399343 | C6: =IF((B6-B5)<0,"0",(B6-B5)) -> 30951 | D6: 2868009 | E6: =IF((D6-D5)<0,"0",(D6-D5)) -> 29882 | F6: =E6/C6 -> 0.96546154 | G6: 1664 | H6: 749 | I6: 0 | J6: 965 | K6: 0 | L6: 2496537 | M6: =IF((L6-L5)<0,"0",(L6-L5)) -> 2059 | N6: 2157844 | O6: =IF((N6-N5)<0,"0",(N6-N5)) -> 661 | P6: 78650 | Q6: =IF((P6-P5)<0,"0",(P6-P5)) -> 110 | R6: 66 | S6: 0 | T6: 146331 | U6: =IF((T6-T5)<0,"0",(T6-T5)) -> 24 | V6: 32670 | W6: =IF((V6-V5)<0,"0",(V6-V5)) -> 91 | X6: 1018 | Y6: =IF((X6-X5)<0,"0",(X6-X5)) -> 0 | Z6: 3188 | AA6: =IF((Z6-Z5)<0,"0",(Z6-Z5)) -> 43 | AD6: 560940 | AE6: =IF((AD6-AD5)<0,"0",(AD6-AD5)) -> 130 | AF6: 51330 | AG6: =IF((AF6-AF5)<0,"0",(AF6-AF5)) -> 19 | AH6: 8728 | AI6: =IF((AH6-AH5)<0,"0",(AH6-AH5)) -> 3 | AJ6: 10338 | AK6: =IF((AJ6-AJ5)<0,"0",(AJ6-AJ5)) -> 3 | AL6: 14346 | AM6: =IF((AL6-AL5)<0,"0",(AL6-AL5)) -> 1 | AN6: 19128 | AO6: =IF((AN6-AN5)<0,"0",(AN6-AN5)) -> 5 | AP6: 19447 | AQ6: =IF((AP6-AP5)<0,"0",(AP6-AP5)) -> 2 | AR6: 13764 | AS6: =IF((AR6-AR5)<0,"0",(AR6-AR5)) -> 3 | AT6: 6116 | AU6: =IF((AT6-AT5)<0,"0",(AT6-AT5)) -> 2 | AV6: 25888 | AW6: =IF((AV6-AV5)<0,"0",(AV6-AV5)) -> 13 | AX6: 825.7 | AY6: =IF((AX6-AX5)<0,"0",(AX6-AX5)) -> 6.5 | AZ6: 3990 | BA6: =IF((AZ6-AZ5)<0,"0",(AZ6-AZ5)) -> 8 | BB6: 3636 | BC6: =IF((BB6-BB5)<0,"0",(BB6-BB5)) -> 0 | BD6: =AS6+AQ6+AM6 -> 6 | BE6: =AE6-BD6 -> 124 | BF6: 585780 | BG6: =IF((BF6-BF5)<0,"0",(BF6-BF5)) -> 110 | BH6: 756570 | BI6: =IF((BH6-BH5)<0,"0",(BH6-BH5)) -> 160 | BJ6: =IF((BI6-AE6)<0,"0",(BI6-AE6)) -> 30 | BK6: 144 | BL6: =(IF(BK6<=116.4,((116.4*116.4*ACOS((116.4-BK6)/116.4))-((116.4-BK6)*SQRT(2*116.4*BK6-BK6*BK6)))*669.8,((3.1416*116.4*116.4)-((116.4*116.4*ACOS((116.4-(2*116.4-BK6))/116.4))-((116.4-(2*116.4-BK6))*SQRT(2*116.4*(2*116.4-BK6)-((2*116.4-BK6)*(2*116.4-BK6))))))*669.8))/1000 -> 18518.168 | BN6: =IF((BL5-BL6)<0,"0",(BL5-BL6)) -> 0 | BO6: 199205 | BP6: =IF((BO6-BO5)<0,"0",(BO6-BO5)) -> 126 | BQ6: =BP6*6.25 -> 787.5 | BR6: 65 | BS6: =(BR6*10775)/100 -> 7003.75 | BT6: 70 | BU6: =(BT6*10775)/100 -> 7542.5 | BV6: 65 | BW6: =(BV6*10775)/100 -> 7003.75 | BX6: =BS6+BU6+BW6 -> 21550 | BY6: =IF((BX5-BX6+BZ5)=BX5,"0",(BX5-BX6+BZ5)) -> 538.75 | CA6: 31839 | CB6: =IF((CA6-CA5)<0,"0",(CA6-CA5)) -> 55 | CC6: =CB6*6.25 -> 343.75 | CD6: 34037 | CE6: =IF((CD6-CD5)<0,"0",(CD6-CD5)) -> 0 | CF6: =CE6*6.25 -> 0 | CG6: 9529 | CH6: =IF((CG6-CG5)<0,"0",(CG6-CG5)) -> 15 | CI6: =CH6*6.25 -> 93.75 | CJ6: 83041 | CK6: =IF((CJ6-CJ5)<0,"0",(CJ6-CJ5)) -> 4 | CL6: =CK6*6.25 -> 25 | CM6: 5432 | CN6: =IF((CM6-CM5)<0,"0",(CM6-CM5)) -> 6 | CO6: =CN6*6.25 -> 37.5 | CP6: 6516 | CQ6: =IF((CP6-CP5)<0,"0",(CP6-CP5)) -> 9 | CR6: =CQ6*6.25 -> 56.25 | CS6: 3197 | CT6: =IF((CS6-CS5)<0,"0",(CS6-CS5)) -> 5 | CU6: =CT6*6.25 -> 31.25 | CV6: 1814.5 | CW6: =IF((CV6-CV5)<0,"0",(CV6-CV5)) -> 0.8 | CX6: =CW6*6.25 -> 5 | CY6: 4694 | CZ6: =IF((CY6-CY5)<0,"0",(CY6-CY5)) -> 7 | DA6: =CZ6*6.25 -> 43.75 | DB6: 4233 | DC6: =IF((DB6-DB5)<0,"0",(DB6-DB5)) -> 5 | DD6: =DC6*6.25 -> 31.25 | DE6: 4866 | DF6: =IF((DE6-DE5)<0,"0",(DE6-DE5)) -> 8 | DG6: =DF6*6.25 -> 50 | DH6: 4128 | DI6: =IF((DH6-DH5)<0,"0",(DH6-DH5)) -> 7 | DJ6: =DI6*6.25 -> 43.75 | DK6: 12382 | DL6: =IF((DK6-DK5)<0,"0",(DK6-DK5)) -> 0 | DM6: 52386 | DN6: =IF((DM6-DM5)<0,"0",(DM6-DM5)) -> 0 | DO6: 15518 | DP6: =IF((DO6-DO5)<0,"0",(DO6-DO5)) -> 0 | DQ6: 23468.4 | DR6: =IF((DQ6-DQ5)<0,"0",(DQ6-DQ5)) -> 0 | DS6: 79 | DT6: 181 | DU6: 0.59
A7: 44231 | B7: 3428739 | C7: =IF((B7-B6)<0,"0",(B7-B6)) -> 29396 | D7: 2896529 | E7: =IF((D7-D6)<0,"0",(D7-D6)) -> 28520 | F7: =E7/C7 -> 0.97020003 | G7: 1664 | H7: 749 | I7: 0 | J7: 965 | K7: 0 | L7: 2498459 | M7: =IF((L7-L6)<0,"0",(L7-L6)) -> 1922 | N7: 2158450 | O7: =IF((N7-N6)<0,"0",(N7-N6)) -> 606 | P7: 78760 | Q7: =IF((P7-P6)<0,"0",(P7-P6)) -> 110 | R7: 83 | S7: 8 | T7: 146559 | U7: =IF((T7-T6)<0,"0",(T7-T6)) -> 228 | V7: 32760 | W7: =IF((V7-V6)<0,"0",(V7-V6)) -> 90 | X7: 1018 | Y7: =IF((X7-X6)<0,"0",(X7-X6)) -> 0 | Z7: 3188 | AA7: =IF((Z7-Z6)<0,"0",(Z7-Z6)) -> 0 | AD7: 561100 | AE7: =IF((AD7-AD6)<0,"0",(AD7-AD6)) -> 160 | AF7: 51346 | AG7: =IF((AF7-AF6)<0,"0",(AF7-AF6)) -> 16 | AH7: 8730 | AI7: =IF((AH7-AH6)<0,"0",(AH7-AH6)) -> 2 | AJ7: 10342 | AK7: =IF((AJ7-AJ6)<0,"0",(AJ7-AJ6)) -> 4 | AL7: 14349 | AM7: =IF((AL7-AL6)<0,"0",(AL7-AL6)) -> 3 | AN7: 19135 | AO7: =IF((AN7-AN6)<0,"0",(AN7-AN6)) -> 7 | AP7: 19450 | AQ7: =IF((AP7-AP6)<0,"0",(AP7-AP6)) -> 3 | AR7: 13766 | AS7: =IF((AR7-AR6)<0,"0",(AR7-AR6)) -> 2 | AT7: 6117 | AU7: =IF((AT7-AT6)<0,"0",(AT7-AT6)) -> 1 | AV7: 25899 | AW7: =IF((AV7-AV6)<0,"0",(AV7-AV6)) -> 11 | AX7: 832.7 | AY7: =IF((AX7-AX6)<0,"0",(AX7-AX6)) -> 7 | AZ7: 4000 | BA7: =IF((AZ7-AZ6)<0,"0",(AZ7-AZ6)) -> 10 | BB7: 3636 | BC7: =IF((BB7-BB6)<0,"0",(BB7-BB6)) -> 0 | BD7: =AS7+AQ7+AM7 -> 8 | BE7: =AE7-BD7 -> 152 | BF7: 585900 | BG7: =IF((BF7-BF6)<0,"0",(BF7-BF6)) -> 120 | BH7: 756750 | BI7: =IF((BH7-BH6)<0,"0",(BH7-BH6)) -> 180 | BJ7: =IF((BI7-AE7)<0,"0",(BI7-AE7)) -> 20 | BK7: 144 | BL7: =(IF(BK7<=116.4,((116.4*116.4*ACOS((116.4-BK7)/116.4))-((116.4-BK7)*SQRT(2*116.4*BK7-BK7*BK7)))*669.8,((3.1416*116.4*116.4)-((116.4*116.4*ACOS((116.4-(2*116.4-BK7))/116.4))-((116.4-(2*116.4-BK7))*SQRT(2*116.4*(2*116.4-BK7)-((2*116.4-BK7)*(2*116.4-BK7))))))*669.8))/1000 -> 18518.168 | BN7: =IF((BL6-BL7)<0,"0",(BL6-BL7)) -> 0 | BO7: 199330 | BP7: =IF((BO7-BO6)<0,"0",(BO7-BO6)) -> 125 | BQ7: =BP7*6.25 -> 781.25 | BR7: 60 | BS7: =(BR7*10775)/100 -> 6465 | BT7: 65 | BU7: =(BT7*10775)/100 -> 7003.75 | BV7: 65 | BW7: =(BV7*10775)/100 -> 7003.75 | BX7: =BS7+BU7+BW7 -> 20472.5 | BY7: =IF((BX6-BX7+BZ6)=BX6,"0",(BX6-BX7+BZ6)) -> 1077.5 | CA7: 31880 | CB7: =IF((CA7-CA6)<0,"0",(CA7-CA6)) -> 41 | CC7: =CB7*6.25 -> 256.25 | CD7: 34045 | CE7: =IF((CD7-CD6)<0,"0",(CD7-CD6)) -> 8 | CF7: =CE7*6.25 -> 50 | CG7: 9541 | CH7: =IF((CG7-CG6)<0,"0",(CG7-CG6)) -> 12 | CI7: =CH7*6.25 -> 75 | CJ7: 83045 | CK7: =IF((CJ7-CJ6)<0,"0",(CJ7-CJ6)) -> 4 | CL7: =CK7*6.25 -> 25 | CM7: 5438 | CN7: =IF((CM7-CM6)<0,"0",(CM7-CM6)) -> 6 | CO7: =CN7*6.25 -> 37.5 | CP7: 6525 | CQ7: =IF((CP7-CP6)<0,"0",(CP7-CP6)) -> 9 | CR7: =CQ7*6.25 -> 56.25 | CS7: 3203 | CT7: =IF((CS7-CS6)<0,"0",(CS7-CS6)) -> 6 | CU7: =CT7*6.25 -> 37.5 | CV7: 1815.5 | CW7: =IF((CV7-CV6)<0,"0",(CV7-CV6)) -> 1 | CX7: =CW7*6.25 -> 6.25 | CY7: 4701 | CZ7: =IF((CY7-CY6)<0,"0",(CY7-CY6)) -> 7 | DA7: =CZ7*6.25 -> 43.75 | DB7: 4237 | DC7: =IF((DB7-DB6)<0,"0",(DB7-DB6)) -> 4 | DD7: =DC7*6.25 -> 25 | DE7: 4873 | DF7: =IF((DE7-DE6)<0,"0",(DE7-DE6)) -> 7 | DG7: =DF7*6.25 -> 43.75 | DH7: 4134 | DI7: =IF((DH7-DH6)<0,"0",(DH7-DH6)) -> 6 | DJ7: =DI7*6.25 -> 37.5 | DK7: 12382 | DL7: =IF((DK7-DK6)<0,"0",(DK7-DK6)) -> 0 | DM7: 52386 | DN7: =IF((DM7-DM6)<0,"0",(DM7-DM6)) -> 0 | DO7: 15524 | DP7: =IF((DO7-DO6)<0,"0",(DO7-DO6)) -> 6 | DQ7: 23468.4 | DR7: =IF((DQ7-DQ6)<0,"0",(DQ7-DQ6)) -> 0 | DS7: 85 | DT7: 199 | DU7: 0.64
A8: 44232 | B8: 3457027 | C8: =IF((B8-B7)<0,"0",(B8-B7)) -> 28288 | D8: 2923960 | E8: =IF((D8-D7)<0,"0",(D8-D7)) -> 27431 | F8: =E8/C8 -> 0.96970447 | G8: 1664 | H8: 749 | I8: 0 | J8: 965 | K8: 0 | L8: 2500468 | M8: =IF((L8-L7)<0,"0",(L8-L7)) -> 2009 | N8: 2159033 | O8: =IF((N8-N7)<0,"0",(N8-N7)) -> 583 | P8: 78887 | Q8: =IF((P8-P7)<0,"0",(P8-P7)) -> 127 | R8: 77 | S8: 6 | T8: 146721 | U8: =IF((T8-T7)<0,"0",(T8-T7)) -> 162 | V8: 32856 | W8: =IF((V8-V7)<0,"0",(V8-V7)) -> 96 | X8: 1018 | Y8: =IF((X8-X7)<0,"0",(X8-X7)) -> 0 | Z8: 3188 | AA8: =IF((Z8-Z7)<0,"0",(Z8-Z7)) -> 0 | AD8: 561280 | AE8: =IF((AD8-AD7)<0,"0",(AD8-AD7)) -> 180 | AF8: 51365 | AG8: =IF((AF8-AF7)<0,"0",(AF8-AF7)) -> 19 | AH8: 8732 | AI8: =IF((AH8-AH7)<0,"0",(AH8-AH7)) -> 2 | AJ8: 10347 | AK8: =IF((AJ8-AJ7)<0,"0",(AJ8-AJ7)) -> 5 | AL8: 14354 | AM8: =IF((AL8-AL7)<0,"0",(AL8-AL7)) -> 5 | AN8: 19141 | AO8: =IF((AN8-AN7)<0,"0",(AN8-AN7)) -> 6 | AP8: 19454 | AQ8: =IF((AP8-AP7)<0,"0",(AP8-AP7)) -> 4 | AR8: 13769 | AS8: =IF((AR8-AR7)<0,"0",(AR8-AR7)) -> 3 | AT8: 6118 | AU8: =IF((AT8-AT7)<0,"0",(AT8-AT7)) -> 1 | AV8: 25910 | AW8: =IF((AV8-AV7)<0,"0",(AV8-AV7)) -> 11 | AX8: 838.7 | AY8: =IF((AX8-AX7)<0,"0",(AX8-AX7)) -> 6 | AZ8: 4005 | BA8: =IF((AZ8-AZ7)<0,"0",(AZ8-AZ7)) -> 5 | BB8: 3636 | BC8: =IF((BB8-BB7)<0,"0",(BB8-BB7)) -> 0 | BD8: =AS8+AQ8+AM8 -> 12 | BE8: =AE8-BD8 -> 168 | BF8: 586020 | BG8: =IF((BF8-BF7)<0,"0",(BF8-BF7)) -> 120 | BH8: 756980 | BI8: =IF((BH8-BH7)<0,"0",(BH8-BH7)) -> 230 | BJ8: =IF((BI8-AE8)<0,"0",(BI8-AE8)) -> 50 | BK8: 144 | BL8: =(IF(BK8<=116.4,((116.4*116.4*ACOS((116.4-BK8)/116.4))-((116.4-BK8)*SQRT(2*116.4*BK8-BK8*BK8)))*669.8,((3.1416*116.4*116.4)-((116.4*116.4*ACOS((116.4-(2*116.4-BK8))/116.4))-((116.4-(2*116.4-BK8))*SQRT(2*116.4*(2*116.4-BK8)-((2*116.4-BK8)*(2*116.4-BK8))))))*669.8))/1000 -> 18518.168 | BN8: =IF((BL7-BL8)<0,"0",(BL7-BL8)) -> 0 | BO8: 199461 | BP8: =IF((BO8-BO7)<0,"0",(BO8-BO7)) -> 131 | BQ8: =BP8*6.25 -> 818.75 | BR8: 60 | BS8: =(BR8*10775)/100 -> 6465 | BT8: 60 | BU8: =(BT8*10775)/100 -> 6465 | BV8: 60 | BW8: =(BV8*10775)/100 -> 6465 | BX8: =BS8+BU8+BW8 -> 19395 | BY8: =IF((BX7-BX8+BZ7)=BX7,"0",(BX7-BX8+BZ7)) -> 1077.5 | CA8: 31937 | CB8: =IF((CA8-CA7)<0,"0",(CA8-CA7)) -> 57 | CC8: =CB8*6.25 -> 356.25 | CD8: 34053 | CE8: =IF((CD8-CD7)<0,"0",(CD8-CD7)) -> 8 | CF8: =CE8*6.25 -> 50 | CG8: 9551 | CH8: =IF((CG8-CG7)<0,"0",(CG8-CG7)) -> 10 | CI8: =CH8*6.25 -> 62.5 | CJ8: 83049 | CK8: =IF((CJ8-CJ7)<0,"0",(CJ8-CJ7)) -> 4 | CL8: =CK8*6.25 -> 25 | CM8: 5444 | CN8: =IF((CM8-CM7)<0,"0",(CM8-CM7)) -> 6 | CO8: =CN8*6.25 -> 37.5 | CP8: 6533 | CQ8: =IF((CP8-CP7)<0,"0",(CP8-CP7)) -> 8 | CR8: =CQ8*6.25 -> 50 | CS8: 3208 | CT8: =IF((CS8-CS7)<0,"0",(CS8-CS7)) -> 5 | CU8: =CT8*6.25 -> 31.25 | CV8: 1816.4 | CW8: =IF((CV8-CV7)<0,"0",(CV8-CV7)) -> 0.9 | CX8: =CW8*6.25 -> 5.625 | CY8: 4708 | CZ8: =IF((CY8-CY7)<0,"0",(CY8-CY7)) -> 7 | DA8: =CZ8*6.25 -> 43.75 | DB8: 4243 | DC8: =IF((DB8-DB7)<0,"0",(DB8-DB7)) -> 6 | DD8: =DC8*6.25 -> 37.5 | DE8: 4880 | DF8: =IF((DE8-DE7)<0,"0",(DE8-DE7)) -> 7 | DG8: =DF8*6.25 -> 43.75 | DH8: 4141 | DI8: =IF((DH8-DH7)<0,"0",(DH8-DH7)) -> 7 | DJ8: =DI8*6.25 -> 43.75 | DK8: 12382 | DL8: =IF((DK8-DK7)<0,"0",(DK8-DK7)) -> 0 | DM8: 52386 | DN8: =IF((DM8-DM7)<0,"0",(DM8-DM7)) -> 0 | DO8: 15524 | DP8: =IF((DO8-DO7)<0,"0",(DO8-DO7)) -> 0 | DQ8: 23640.3 | DR8: =IF((DQ8-DQ7)<0,"0",(DQ8-DQ7)) -> 171.9 | DS8: 77 | DT8: 182 | DU8: 0.58
A9: 44233 | B9: 3485667 | C9: =IF((B9-B8)<0,"0",(B9-B8)) -> 28640 | D9: 2951713 | E9: =IF((D9-D8)<0,"0",(D9-D8)) -> 27753 | F9: =E9/C10 -> 0.96902933 | G9: 1664 | H9: 749 | I9: 0 | J9: 965 | K9: 0 | L9: 2501055 | M9: =IF((L9-L8)<0,"0",(L9-L8)) -> 587 | N9: 2159791 | O9: =IF((N9-N8)<0,"0",(N9-N8)) -> 758 | P9: 78972 | Q9: =IF((P9-P8)<0,"0",(P9-P8)) -> 85 | R9: 88 | S9: 10 | T9: 147010 | U9: =IF((T9-T8)<0,"0",(T9-T8)) -> 289 | V9: 32950 | W9: =IF((V9-V8)<0,"0",(V9-V8)) -> 94 | X9: 1019 | Y9: =IF((X9-X8)<0,"0",(X9-X8)) -> 1 | Z9: 3188 | AA9: =IF((Z9-Z8)<0,"0",(Z9-Z8)) -> 0 | AD9: 561440 | AE9: =IF((AD9-AD8)<0,"0",(AD9-AD8)) -> 160 | AF9: 51380 | AG9: =IF((AF9-AF8)<0,"0",(AF9-AF8)) -> 15 | AH9: 8734 | AI9: =IF((AH9-AH8)<0,"0",(AH9-AH8)) -> 2 | AJ9: 10350 | AK9: =IF((AJ9-AJ8)<0,"0",(AJ9-AJ8)) -> 3 | AL9: 14359 | AM9: =IF((AL9-AL8)<0,"0",(AL9-AL8)) -> 5 | AN9: 19149 | AO9: =IF((AN9-AN8)<0,"0",(AN9-AN8)) -> 8 | AP9: 19457 | AQ9: =IF((AP9-AP8)<0,"0",(AP9-AP8)) -> 3 | AR9: 13771 | AS9: =IF((AR9-AR8)<0,"0",(AR9-AR8)) -> 2 | AT9: 6118 | AU9: =IF((AT9-AT8)<0,"0",(AT9-AT8)) -> 0 | AV9: 25921 | AW9: =IF((AV9-AV8)<0,"0",(AV9-AV8)) -> 11 | AX9: 844.8 | AY9: =IF((AX9-AX8)<0,"0",(AX9-AX8)) -> 6.1 | AZ9: 4014 | BA9: =IF((AZ9-AZ8)<0,"0",(AZ9-AZ8)) -> 9 | BB9: 3636 | BC9: =IF((BB9-BB8)<0,"0",(BB9-BB8)) -> 0 | BD9: =AS9+AQ9+AM9 -> 10 | BE9: =AE9-BD9 -> 150 | BF9: 586130 | BG9: =IF((BF9-BF8)<0,"0",(BF9-BF8)) -> 110 | BH9: 757180 | BI9: =IF((BH9-BH8)<0,"0",(BH9-BH8)) -> 200 | BJ9: =IF((BI9-AE9)<0,"0",(BI9-AE9)) -> 40 | BK9: 144 | BL9: =(IF(BK9<=116.4,((116.4*116.4*ACOS((116.4-BK9)/116.4))-((116.4-BK9)*SQRT(2*116.4*BK9-BK9*BK9)))*669.8,((3.1416*116.4*116.4)-((116.4*116.4*ACOS((116.4-(2*116.4-BK9))/116.4))-((116.4-(2*116.4-BK9))*SQRT(2*116.4*(2*116.4-BK9)-((2*116.4-BK9)*(2*116.4-BK9))))))*669.8))/1000 -> 18518.168 | BN9: =IF((BL8-BL9)<0,"0",(BL8-BL9)) -> 0 | BO9: 199598 | BP9: =IF((BO9-BO8)<0,"0",(BO9-BO8)) -> 137 | BQ9: =BP9*6.25 -> 856.25 | BR9: 55 | BS9: =(BR9*10775)/100 -> 5926.25 | BT9: 60 | BU9: =(BT9*10775)/100 -> 6465 | BV9: 60 | BW9: =(BV9*10775)/100 -> 6465 | BX9: =BS9+BU9+BW9 -> 18856.25 | BY9: =IF((BX8-BX9+BZ8)=BX8,"0",(BX8-BX9+BZ8)) -> 538.75 | BZ9: 9740 | CA9: 31989 | CB9: =IF((CA9-CA8)<0,"0",(CA9-CA8)) -> 52 | CC9: =CB9*6.25 -> 325 | CD9: 34061 | CE9: =IF((CD9-CD8)<0,"0",(CD9-CD8)) -> 8 | CF9: =CE9*6.25 -> 50 | CG9: 9571 | CH9: =IF((CG9-CG8)<0,"0",(CG9-CG8)) -> 20 | CI9: =CH9*6.25 -> 125 | CJ9: 83053 | CK9: =IF((CJ9-CJ8)<0,"0",(CJ9-CJ8)) -> 4 | CL9: =CK9*6.25 -> 25 | CM9: 5451 | CN9: =IF((CM9-CM8)<0,"0",(CM9-CM8)) -> 7 | CO9: =CN9*6.25 -> 43.75 | CP9: 6542 | CQ9: =IF((CP9-CP8)<0,"0",(CP9-CP8)) -> 9 | CR9: =CQ9*6.25 -> 56.25 | CS9: 3214 | CT9: =IF((CS9-CS8)<0,"0",(CS9-CS8)) -> 6 | CU9: =CT9*6.25 -> 37.5 | CV9: 1817.4 | CW9: =IF((CV9-CV8)<0,"0",(CV9-CV8)) -> 1 | CX9: =CW9*6.25 -> 6.25 | CY9: 4715 | CZ9: =IF((CY9-CY8)<0,"0",(CY9-CY8)) -> 7 | DA9: =CZ9*6.25 -> 43.75 | DB9: 4248 | DC9: =IF((DB9-DB8)<0,"0",(DB9-DB8)) -> 5 | DD9: =DC9*6.25 -> 31.25 | DE9: 4887 | DF9: =IF((DE9-DE8)<0,"0",(DE9-DE8)) -> 7 | DG9: =DF9*6.25 -> 43.75 | DH9: 4147 | DI9: =IF((DH9-DH8)<0,"0",(DH9-DH8)) -> 6 | DJ9: =DI9*6.25 -> 37.5 | DK9: 12382 | DL9: =IF((DK9-DK8)<0,"0",(DK9-DK8)) -> 0 | DM9: 52386 | DN9: =IF((DM9-DM8)<0,"0",(DM9-DM8)) -> 0 | DO9: 15524 | DP9: =IF((DO9-DO8)<0,"0",(DO9-DO8)) -> 0 | DQ9: 23640.3 | DR9: =IF((DQ9-DQ8)<0,"0",(DQ9-DQ8)) -> 0 | DS9: 74 | DT9: 189 | DU9: 0.59
A10: 44234 | B10: 3513624 | C10: =IF((B9-B8)<0,"0",(B9-B8)) -> 28640 | D10: 2978662 | E10: =IF((D10-D9)<0,"0",(D10-D9)) -> 26949 | F10: =E10/C11 -> 0.97131015 | G10: 1664 | H10: 749 | I10: 0 | J10: 965 | K10: 0 | L10: 2501666 | M10: =IF((L10-L9)<0,"0",(L10-L9)) -> 611 | N10: 2160422 | O10: =IF((N10-N9)<0,"0",(N10-N9)) -> 631 | P10: 79078 | Q10: =IF((P10-P9)<0,"0",(P10-P9)) -> 106 | R10: 66 | S10: 0 | T10: 147010 | U10: =IF((T10-T9)<0,"0",(T10-T9)) -> 0 | V10: 33039 | W10: =IF((V10-V9)<0,"0",(V10-V9)) -> 89 | X10: 1019 | Y10: =IF((X10-X9)<0,"0",(X10-X9)) -> 0 | Z10: 3188 | AA10: =IF((Z10-Z9)<0,"0",(Z10-Z9)) -> 0 | AD10: 561580 | AE10: =IF((AD10-AD9)<0,"0",(AD10-AD9)) -> 140 | AF10: 51395 | AG10: =IF((AF10-AF9)<0,"0",(AF10-AF9)) -> 15 | AH10: 8737 | AI10: =IF((AH10-AH9)<0,"0",(AH10-AH9)) -> 3 | AJ10: 10354 | AK10: =IF((AJ10-AJ9)<0,"0",(AJ10-AJ9)) -> 4 | AL10: 14364 | AM10: =IF((AL10-AL9)<0,"0",(AL10-AL9)) -> 5 | AN10: 19155 | AO10: =IF((AN10-AN9)<0,"0",(AN10-AN9)) -> 6 | AP10: 19459 | AQ10: =IF((AP10-AP9)<0,"0",(AP10-AP9)) -> 2 | AR10: 13773 | AS10: =IF((AR10-AR9)<0,"0",(AR10-AR9)) -> 2 | AT10: 6119 | AU10: =IF((AT10-AT9)<0,"0",(AT10-AT9)) -> 1 | AV10: 25931 | AW10: =IF((AV10-AV9)<0,"0",(AV10-AV9)) -> 10 | AX10: 851 | AY10: =IF((AX10-AX9)<0,"0",(AX10-AX9)) -> 6.2 | AZ10: 4023 | BA10: =IF((AZ10-AZ9)<0,"0",(AZ10-AZ9)) -> 9 | BB10: 3636 | BC10: =IF((BB10-BB9)<0,"0",(BB10-BB9)) -> 0 | BD10: =AS10+AQ10+AM10 -> 9 | BE10: =AE10-BD10 -> 131 | BF10: 586250 | BG10: =IF((BF10-BF9)<0,"0",(BF10-BF9)) -> 120 | BH10: 757350 | BI10: =IF((BH10-BH9)<0,"0",(BH10-BH9)) -> 170 | BJ10: =IF((BI10-AE10)<0,"0",(BI10-AE10)) -> 30 | BK10: 144 | BL10: =(IF(BK10<=116.4,((116.4*116.4*ACOS((116.4-BK10)/116.4))-((116.4-BK10)*SQRT(2*116.4*BK10-BK10*BK10)))*669.8,((3.1416*116.4*116.4)-((116.4*116.4*ACOS((116.4-(2*116.4-BK10))/116.4))-((116.4-(2*116.4-BK10))*SQRT(2*116.4*(2*116.4-BK10)-((2*116.4-BK10)*(2*116.4-BK10))))))*669.8))/1000 -> 18518.168 | BN10: =IF((BL9-BL10)<0,"0",(BL9-BL10)) -> 0 | BO10: 199741 | BP10: =IF((BO10-BO9)<0,"0",(BO10-BO9)) -> 143 | BQ10: =BP10*6.25 -> 893.75 | BR10: 85 | BS10: =(BR10*10775)/100 -> 9158.75 | BT10: 85 | BU10: =(BT10*10775)/100 -> 9158.75 | BV10: 85 | BW10: =(BV10*10775)/100 -> 9158.75 | BX10: =BS10+BU10+BW10 -> 27476.25 | BY10: =IF((BX9-BX10+BZ9)=BX9,"0",(BX9-BX10+BZ9)) -> 1120 | CA10: 32041 | CB10: =IF((CA10-CA9)<0,"0",(CA10-CA9)) -> 52 | CC10: =CB10*6.25 -> 325 | CD10: 34068 | CE10: =IF((CD10-CD9)<0,"0",(CD10-CD9)) -> 7 | CF10: =CE10*6.25 -> 43.75 | CG10: 9589 | CH10: =IF((CG10-CG9)<0,"0",(CG10-CG9)) -> 18 | CI10: =CH10*6.25 -> 112.5 | CJ10: 83058 | CK10: =IF((CJ10-CJ9)<0,"0",(CJ10-CJ9)) -> 5 | CL10: =CK10*6.25 -> 31.25 | CM10: 5456 | CN10: =IF((CM10-CM9)<0,"0",(CM10-CM9)) -> 5 | CO10: =CN10*6.25 -> 31.25 | CP10: 6551 | CQ10: =IF((CP10-CP9)<0,"0",(CP10-CP9)) -> 9 | CR10: =CQ10*6.25 -> 56.25 | CS10: 3219 | CT10: =IF((CS10-CS9)<0,"0",(CS10-CS9)) -> 5 | CU10: =CT10*6.25 -> 31.25 | CV10: 1818.6 | CW10: =IF((CV10-CV9)<0,"0",(CV10-CV9)) -> 1.2 | CX10: =CW10*6.25 -> 7.5 | CY10: 4722 | CZ10: =IF((CY10-CY9)<0,"0",(CY10-CY9)) -> 7 | DA10: =CZ10*6.25 -> 43.75 | DB10: 4253 | DC10: =IF((DB10-DB9)<0,"0",(DB10-DB9)) -> 5 | DD10: =DC10*6.25 -> 31.25 | DE10: 4893 | DF10: =IF((DE10-DE9)<0,"0",(DE10-DE9)) -> 6 | DG10: =DF10*6.25 -> 37.5 | DH10: 4153 | DI10: =IF((DH10-DH9)<0,"0",(DH10-DH9)) -> 6 | DJ10: =DI10*6.25 -> 37.5 | DK10: 12382 | DL10: =IF((DK10-DK9)<0,"0",(DK10-DK9)) -> 0 | DM10: 52386 | DN10: =IF((DM10-DM9)<0,"0",(DM10-DM9)) -> 0 | DO10: 15524 | DP10: =IF((DO10-DO9)<0,"0",(DO10-DO9)) -> 0 | DQ10: 23640.3 | DR10: =IF((DQ10-DQ9)<0,"0",(DQ10-DQ9)) -> 0 | DS10: 74 | DT10: 177 | DU10: 0.56
A11: 44235 | B11: 3541369 | C11: =IF((B11-B10)<0,"0",(B11-B10)) -> 27745 | D11: 3005696 | E11: =IF((D11-D10)<0,"0",(D11-D10)) -> 27034 | F11: =E11/C11 -> 0.97437376 | G11: 1664 | H11: 749 | I11: 0 | J11: 965 | K11: 0 | L11: 2502301 | M11: =IF((L11-L10)<0,"0",(L11-L10)) -> 635 | N11: 2161112 | O11: =IF((N11-N10)<0,"0",(N11-N10)) -> 690 | P11: 79250 | Q11: =IF((P11-P10)<0,"0",(P11-P10)) -> 172 | R11: 66 | S11: 5 | T11: 147149 | U11: =IF((T11-T10)<0,"0",(T11-T10)) -> 139 | V11: 33133 | W11: =IF((V11-V10)<0,"0",(V11-V10)) -> 94 | X11: 1020 | Y11: =IF((X11-X10)<0,"0",(X11-X10)) -> 1 | Z11: 3253 | AA11: =IF((Z11-Z10)<0,"0",(Z11-Z10)) -> 65 | AD11: 561700 | AE11: =IF((AD11-AD10)<0,"0",(AD11-AD10)) -> 120 | AF11: 51410 | AG11: =IF((AF11-AF10)<0,"0",(AF11-AF10)) -> 15 | AH11: 8739 | AI11: =IF((AH11-AH10)<0,"0",(AH11-AH10)) -> 2 | AJ11: 10358 | AK11: =IF((AJ11-AJ10)<0,"0",(AJ11-AJ10)) -> 4 | AL11: 14365 | AM11: =IF((AL11-AL10)<0,"0",(AL11-AL10)) -> 1 | AN11: 19163 | AO11: =IF((AN11-AN10)<0,"0",(AN11-AN10)) -> 8 | AP11: 19462 | AQ11: =IF((AP11-AP10)<0,"0",(AP11-AP10)) -> 3 | AR11: 13774 | AS11: =IF((AR11-AR10)<0,"0",(AR11-AR10)) -> 1 | AT11: 6120 | AU11: =IF((AT11-AT10)<0,"0",(AT11-AT10)) -> 1 | AV11: 25942 | AW11: =IF((AV11-AV10)<0,"0",(AV11-AV10)) -> 11 | AX11: 857 | AY11: =IF((AX11-AX10)<0,"0",(AX11-AX10)) -> 6 | AZ11: 4031 | BA11: =IF((AZ11-AZ10)<0,"0",(AZ11-AZ10)) -> 8 | BB11: 3636 | BC11: =IF((BB11-BB10)<0,"0",(BB11-BB10)) -> 0 | BD11: =AS11+AQ11+AM11 -> 5 | BE11: =AE11-BD11 -> 115 | BF11: 586420 | BG11: =IF((BF11-BF10)<0,"0",(BF11-BF10)) -> 170 | BH11: 757500 | BI11: =IF((BH11-BH10)<0,"0",(BH11-BH10)) -> 150 | BJ11: =IF((BI11-AE11)<0,"0",(BI11-AE11)) -> 30 | BK11: 144 | BL11: =(IF(BK11<=116.4,((116.4*116.4*ACOS((116.4-BK11)/116.4))-((116.4-BK11)*SQRT(2*116.4*BK11-BK11*BK11)))*669.8,((3.1416*116.4*116.4)-((116.4*116.4*ACOS((116.4-(2*116.4-BK11))/116.4))-((116.4-(2*116.4-BK11))*SQRT(2*116.4*(2*116.4-BK11)-((2*116.4-BK11)*(2*116.4-BK11))))))*669.8))/1000 -> 18518.168 | BN11: =IF((BL10-BL11)<0,"0",(BL10-BL11)) -> 0 | BO11: 199864 | BP11: =IF((BO11-BO10)<0,"0",(BO11-BO10)) -> 123 | BQ11: =BP11*6.25 -> 768.75 | BR11: 82 | BS11: =(BR11*10775)/100 -> 8835.5 | BT11: 82 | BU11: =(BT11*10775)/100 -> 8835.5 | BV11: 82 | BW11: =(BV11*10775)/100 -> 8835.5 | BX11: =BS11+BU11+BW11 -> 26506.5 | BY11: =IF((BX10-BX11+BZ10)=BX10,"0",(BX10-BX11+BZ10)) -> 969.75 | CA11: 32099 | CB11: =IF((CA11-CA10)<0,"0",(CA11-CA10)) -> 58 | CC11: =CB11*6.25 -> 362.5 | CD11: 34068 | CE11: =IF((CD11-CD10)<0,"0",(CD11-CD10)) -> 0 | CF11: =CE11*6.25 -> 0 | CG11: 9606 | CH11: =IF((CG11-CG10)<0,"0",(CG11-CG10)) -> 17 | CI11: =CH11*6.25 -> 106.25 | CJ11: 83062 | CK11: =IF((CJ11-CJ10)<0,"0",(CJ11-CJ10)) -> 4 | CL11: =CK11*6.25 -> 25 | CM11: 5462 | CN11: =IF((CM11-CM10)<0,"0",(CM11-CM10)) -> 6 | CO11: =CN11*6.25 -> 37.5 | CP11: 6560 | CQ11: =IF((CP11-CP10)<0,"0",(CP11-CP10)) -> 9 | CR11: =CQ11*6.25 -> 56.25 | CS11: 3224 | CT11: =IF((CS11-CS10)<0,"0",(CS11-CS10)) -> 5 | CU11: =CT11*6.25 -> 31.25 | CV11: 1819.4 | CW11: =IF((CV11-CV10)<0,"0",(CV11-CV10)) -> 0.8 | CX11: =CW11*6.25 -> 5 | CY11: 4727 | CZ11: =IF((CY11-CY10)<0,"0",(CY11-CY10)) -> 5 | DA11: =CZ11*6.25 -> 31.25 | DB11: 4258 | DC11: =IF((DB11-DB10)<0,"0",(DB11-DB10)) -> 5 | DD11: =DC11*6.25 -> 31.25 | DE11: 4898 | DF11: =IF((DE11-DE10)<0,"0",(DE11-DE10)) -> 5 | DG11: =DF11*6.25 -> 31.25 | DH11: 4159 | DI11: =IF((DH11-DH10)<0,"0",(DH11-DH10)) -> 6 | DJ11: =DI11*6.25 -> 37.5 | DK11: 12382 | DL11: =IF((DK11-DK10)<0,"0",(DK11-DK10)) -> 0 | DM11: 52386 | DN11: =IF((DM11-DM10)<0,"0",(DM11-DM10)) -> 0 | DO11: 15524 | DP11: =IF((DO11-DO10)<0,"0",(DO11-DO10)) -> 0 | DQ11: 23640.3 | DR11: =IF((DQ11-DQ10)<0,"0",(DQ11-DQ10)) -> 0 | DS11: 69 | DT11: 170 | DU11: 0.52
A12: 44236 | B12: 3566595 | C12: =IF((B12-B11)<0,"0",(B12-B11)) -> 25226 | D12: 3030266 | E12: =IF((D12-D11)<0,"0",(D12-D11)) -> 24570 | F12: =E12/C12 -> 0.97399508 | G12: 1664 | H12: 749 | I12: 0 | J12: 965 | K12: 0 | L12: 2502912 | M12: =IF((L12-L11)<0,"0",(L12-L11)) -> 611 | N12: 2161680 | O12: =IF((N12-N11)<0,"0",(N12-N11)) -> 568 | P12: 79420 | Q12: =IF((P12-P11)<0,"0",(P12-P11)) -> 170 | R12: 77 | S12: 5 | T12: 147291 | U12: =IF((T12-T11)<0,"0",(T12-T11)) -> 142 | V12: 33221 | W12: =IF((V12-V11)<0,"0",(V12-V11)) -> 88 | X12: 1020 | Y12: =IF((X12-X11)<0,"0",(X12-X11)) -> 0 | Z12: 3272 | AA12: =IF((Z12-Z11)<0,"0",(Z12-Z11)) -> 19 | AD12: 561850 | AE12: =IF((AD12-AD11)<0,"0",(AD12-AD11)) -> 150 | AF12: 51424 | AG12: =IF((AF12-AF11)<0,"0",(AF12-AF11)) -> 14 | AH12: 8741 | AI12: =IF((AH12-AH11)<0,"0",(AH12-AH11)) -> 2 | AJ12: 10361 | AK12: =IF((AJ12-AJ11)<0,"0",(AJ12-AJ11)) -> 3 | AL12: 14370 | AM12: =IF((AL12-AL11)<0,"0",(AL12-AL11)) -> 5 | AN12: 19170 | AO12: =IF((AN12-AN11)<0,"0",(AN12-AN11)) -> 7 | AP12: 19465 | AQ12: =IF((AP12-AP11)<0,"0",(AP12-AP11)) -> 3 | AR12: 13775 | AS12: =IF((AR12-AR11)<0,"0",(AR12-AR11)) -> 1 | AT12: 6121 | AU12: =IF((AT12-AT11)<0,"0",(AT12-AT11)) -> 1 | AV12: 25951 | AW12: =IF((AV12-AV11)<0,"0",(AV12-AV11)) -> 9 | AX12: 863 | AY12: =IF((AX12-AX11)<0,"0",(AX12-AX11)) -> 6 | AZ12: 4042 | BA12: =IF((AZ12-AZ11)<0,"0",(AZ12-AZ11)) -> 11 | BB12: 3636 | BC12: =IF((BB12-BB11)<0,"0",(BB12-BB11)) -> 0 | BD12: =AS12+AQ12+AM12 -> 9 | BE12: =AE12-BD12 -> 141 | BF12: 586540 | BG12: =IF((BF12-BF11)<0,"0",(BF12-BF11)) -> 120 | BH12: 757680 | BI12: =IF((BH12-BH11)<0,"0",(BH12-BH11)) -> 180 | BJ12: =IF((BI12-AE12)<0,"0",(BI12-AE12)) -> 30 | BK12: 144 | BL12: =(IF(BK12<=116.4,((116.4*116.4*ACOS((116.4-BK12)/116.4))-((116.4-BK12)*SQRT(2*116.4*BK12-BK12*BK12)))*669.8,((3.1416*116.4*116.4)-((116.4*116.4*ACOS((116.4-(2*116.4-BK12))/116.4))-((116.4-(2*116.4-BK12))*SQRT(2*116.4*(2*116.4-BK12)-((2*116.4-BK12)*(2*116.4-BK12))))))*669.8))/1000 -> 18518.168 | BN12: =IF((BL11-BL12)<0,"0",(BL11-BL12)) -> 0 | BO12: 199988 | BP12: =IF((BO12-BO11)<0,"0",(BO12-BO11)) -> 124 | BQ12: =BP12*6.25 -> 775 | BR12: 80 | BS12: =(BR12*10775)/100 -> 8620 | BT12: 80 | BU12: =(BT12*10775)/100 -> 8620 | BV12: 80 | BW12: =(BV12*10775)/100 -> 8620 | BX12: =BS12+BU12+BW12 -> 25860 | BY12: =IF((BX11-BX12+BZ11)=BX11,"0",(BX11-BX12+BZ11)) -> 646.5 | CA12: 32136 | CB12: =IF((CA12-CA11)<0,"0",(CA12-CA11)) -> 37 | CC12: =CB12*6.25 -> 231.25 | CD12: 34076 | CE12: =IF((CD12-CD11)<0,"0",(CD12-CD11)) -> 8 | CF12: =CE12*6.25 -> 50 | CG12: 9623 | CH12: =IF((CG12-CG11)<0,"0",(CG12-CG11)) -> 17 | CI12: =CH12*6.25 -> 106.25 | CJ12: 83067 | CK12: =IF((CJ12-CJ11)<0,"0",(CJ12-CJ11)) -> 5 | CL12: =CK12*6.25 -> 31.25 | CM12: 5467 | CN12: =IF((CM12-CM11)<0,"0",(CM12-CM11)) -> 5 | CO12: =CN12*6.25 -> 31.25 | CP12: 6569 | CQ12: =IF((CP12-CP11)<0,"0",(CP12-CP11)) -> 9 | CR12: =CQ12*6.25 -> 56.25 | CS12: 3228 | CT12: =IF((CS12-CS11)<0,"0",(CS12-CS11)) -> 4 | CU12: =CT12*6.25 -> 25 | CV12: 1820.1 | CW12: =IF((CV12-CV11)<0,"0",(CV12-CV11)) -> 0.7 | CX12: =CW12*6.25 -> 4.375 | CY12: 4732 | CZ12: =IF((CY12-CY11)<0,"0",(CY12-CY11)) -> 5 | DA12: =CZ12*6.25 -> 31.25 | DB12: 4263 | DC12: =IF((DB12-DB11)<0,"0",(DB12-DB11)) -> 5 | DD12: =DC12*6.25 -> 31.25 | DE12: 4903 | DF12: =IF((DE12-DE11)<0,"0",(DE12-DE11)) -> 5 | DG12: =DF12*6.25 -> 31.25 | DH12: 4164 | DI12: =IF((DH12-DH11)<0,"0",(DH12-DH11)) -> 5 | DJ12: =DI12*6.25 -> 31.25 | DK12: 12382 | DL12: =IF((DK12-DK11)<0,"0",(DK12-DK11)) -> 0 | DM12: 52386 | DN12: =IF((DM12-DM11)<0,"0",(DM12-DM11)) -> 0 | DO12: 15524 | DP12: =IF((DO12-DO11)<0,"0",(DO12-DO11)) -> 0 | DQ12: 23640.3 | DR12: =IF((DQ12-DQ11)<0,"0",(DQ12-DQ11)) -> 0 | DS12: 68 | DT12: 171 | DU12: 0.51
A13: 44237 | B13: 3592922 | C13: =IF((B13-B12)<0,"0",(B13-B12)) -> 26327 | D13: 3055968 | E13: =IF((D13-D12)<0,"0",(D13-D12)) -> 25702 | F13: =E13/C13 -> 0.97626011 | G13: 1664 | H13: 749 | I13: 0 | J13: 965 | K13: 0 | L13: 2503420 | M13: =IF((L13-L12)<0,"0",(L13-L12)) -> 508 | N13: 2162392 | O13: =IF((N13-N12)<0,"0",(N13-N12)) -> 712 | P13: 79533 | Q13: =IF((P13-P12)<0,"0",(P13-P12)) -> 113 | R13: 89 | S13: 10 | T13: 147577 | U13: =IF((T13-T12)<0,"0",(T13-T12)) -> 286 | V13: 33314 | W13: =IF((V13-V12)<0,"0",(V13-V12)) -> 93 | X13: 1020 | Y13: =IF((X13-X12)<0,"0",(X13-X12)) -> 0 | Z13: 3283 | AA13: =IF((Z13-Z12)<0,"0",(Z13-Z12)) -> 11 | AD13: 562000 | AE13: =IF((AD13-AD12)<0,"0",(AD13-AD12)) -> 150 | AF13: 51439 | AG13: =IF((AF13-AF12)<0,"0",(AF13-AF12)) -> 15 | AH13: 8743 | AI13: =IF((AH13-AH12)<0,"0",(AH13-AH12)) -> 2 | AJ13: 10363 | AK13: =IF((AJ13-AJ12)<0,"0",(AJ13-AJ12)) -> 2 | AL13: 14373 | AM13: =IF((AL13-AL12)<0,"0",(AL13-AL12)) -> 3 | AN13: 19176 | AO13: =IF((AN13-AN12)<0,"0",(AN13-AN12)) -> 6 | AP13: 19467 | AQ13: =IF((AP13-AP12)<0,"0",(AP13-AP12)) -> 2 | AR13: 13775 | AS13: =IF((AR13-AR12)<0,"0",(AR13-AR12)) -> 0 | AT13: 6121 | AU13: =IF((AT13-AT12)<0,"0",(AT13-AT12)) -> 0 | AV13: 25961 | AW13: =IF((AV13-AV12)<0,"0",(AV13-AV12)) -> 10 | AX13: 869 | AY13: =IF((AX13-AX12)<0,"0",(AX13-AX12)) -> 6 | AZ13: 4049 | BA13: =IF((AZ13-AZ12)<0,"0",(AZ13-AZ12)) -> 7 | BB13: 3636 | BC13: =IF((BB13-BB12)<0,"0",(BB13-BB12)) -> 0 | BD13: =AS13+AQ13+AM13 -> 5 | BE13: =AE13-BD13 -> 145 | BF13: 586650 | BG13: =IF((BF13-BF12)<0,"0",(BF13-BF12)) -> 110 | BH13: 757840 | BI13: =IF((BH13-BH12)<0,"0",(BH13-BH12)) -> 160 | BJ13: =IF((BI13-AE13)<0,"0",(BI13-AE13)) -> 10 | BK13: 144 | BL13: =(IF(BK13<=116.4,((116.4*116.4*ACOS((116.4-BK13)/116.4))-((116.4-BK13)*SQRT(2*116.4*BK13-BK13*BK13)))*669.8,((3.1416*116.4*116.4)-((116.4*116.4*ACOS((116.4-(2*116.4-BK13))/116.4))-((116.4-(2*116.4-BK13))*SQRT(2*116.4*(2*116.4-BK13)-((2*116.4-BK13)*(2*116.4-BK13))))))*669.8))/1000 -> 18518.168 | BN13: =IF((BL12-BL13)<0,"0",(BL12-BL13)) -> 0 | BO13: 200107 | BP13: =IF((BO13-BO12)<0,"0",(BO13-BO12)) -> 119 | BQ13: =BP13*6.25 -> 743.75 | BR13: 75 | BS13: =(BR13*10775)/100 -> 8081.25 | BT13: 80 | BU13: =(BT13*10775)/100 -> 8620 | BV13: 80 | BW13: =(BV13*10775)/100 -> 8620 | BX13: =BS13+BU13+BW13 -> 25321.25 | BY13: =IF((BX12-BX13+BZ12)=BX12,"0",(BX12-BX13+BZ12)) -> 538.75 | CA13: 32192 | CB13: =IF((CA13-CA12)<0,"0",(CA13-CA12)) -> 56 | CC13: =CB13*6.25 -> 350 | CD13: 34083 | CE13: =IF((CD13-CD12)<0,"0",(CD13-CD12)) -> 7 | CF13: =CE13*6.25 -> 43.75 | CG13: 9635 | CH13: =IF((CG13-CG12)<0,"0",(CG13-CG12)) -> 12 | CI13: =CH13*6.25 -> 75 | CJ13: 83071 | CK13: =IF((CJ13-CJ12)<0,"0",(CJ13-CJ12)) -> 4 | CL13: =CK13*6.25 -> 25 | CM13: 5472 | CN13: =IF((CM13-CM12)<0,"0",(CM13-CM12)) -> 5 | CO13: =CN13*6.25 -> 31.25 | CP13: 6577 | CQ13: =IF((CP13-CP12)<0,"0",(CP13-CP12)) -> 8 | CR13: =CQ13*6.25 -> 50 | CS13: 3233 | CT13: =IF((CS13-CS12)<0,"0",(CS13-CS12)) -> 5 | CU13: =CT13*6.25 -> 31.25 | CV13: 1821.3 | CW13: =IF((CV13-CV12)<0,"0",(CV13-CV12)) -> 1.2 | CX13: =CW13*6.25 -> 7.5 | CY13: 4736 | CZ13: =IF((CY13-CY12)<0,"0",(CY13-CY12)) -> 4 | DA13: =CZ13*6.25 -> 25 | DB13: 4268 | DC13: =IF((DB13-DB12)<0,"0",(DB13-DB12)) -> 5 | DD13: =DC13*6.25 -> 31.25 | DE13: 4907 | DF13: =IF((DE13-DE12)<0,"0",(DE13-DE12)) -> 4 | DG13: =DF13*6.25 -> 25 | DH13: 4169 | DI13: =IF((DH13-DH12)<0,"0",(DH13-DH12)) -> 5 | DJ13: =DI13*6.25 -> 31.25 | DK13: 12462 | DL13: =IF((DK13-DK12)<0,"0",(DK13-DK12)) -> 80 | DM13: 54917 | DN13: =IF((DM13-DM12)<0,"0",(DM13-DM12)) -> 2531 | DO13: 15524 | DP13: =IF((DO13-DO12)<0,"0",(DO13-DO12)) -> 0 | DQ13: 23640.3 | DR13: =IF((DQ13-DQ12)<0,"0",(DQ13-DQ12)) -> 0 | DS13: 62 | DT13: 150 | DU13: 0.47
A14: 44238 | B14: 3619033 | C14: =IF((B14-B13)<0,"0",(B14-B13)) -> 26111 | D14: 3081480 | E14: =IF((D14-D13)<0,"0",(D14-D13)) -> 25512 | F14: =E14/C14 -> 0.97705948 | G14: 1664 | H14: 749 | I14: =IF((H14-H13)<0,"0",(H14-H13)) -> 0 | J14: 965 | K14: =IF((J14-J13)<0,"0",(J14-J13)) -> 0 | L14: 2504142 | M14: =IF((L14-L13)<0,"0",(L14-L13)) -> 722 | N14: 2162989 | O14: =IF((N14-N13)<0,"0",(N14-N13)) -> 597 | P14: 79651 | Q14: =IF((P14-P13)<0,"0",(P14-P13)) -> 118 | R14: 83 | S14: 5 | T14: 147710 | U14: =IF((T14-T13)<0,"0",(T14-T13)) -> 133 | V14: 33406 | W14: =IF((V14-V13)<0,"0",(V14-V13)) -> 92 | X14: 1020 | Y14: =IF((X14-X13)<0,"0",(X14-X13)) -> 0 | Z14: 3294 | AA14: =IF((Z14-Z13)<0,"0",(Z14-Z13)) -> 11 | AD14: 562150 | AE14: =IF((AD14-AD13)<0,"0",(AD14-AD13)) -> 150 | AF14: 51455 | AG14: =IF((AF14-AF13)<0,"0",(AF14-AF13)) -> 16 | AH14: 8745 | AI14: =IF((AH14-AH13)<0,"0",(AH14-AH13)) -> 2 | AJ14: 10368 | AK14: =IF((AJ14-AJ13)<0,"0",(AJ14-AJ13)) -> 5 | AL14: 14375 | AM14: =IF((AL14-AL13)<0,"0",(AL14-AL13)) -> 2 | AN14: 19183 | AO14: =IF((AN14-AN13)<0,"0",(AN14-AN13)) -> 7 | AP14: 19469 | AQ14: =IF((AP14-AP13)<0,"0",(AP14-AP13)) -> 2 | AR14: 13776 | AS14: =IF((AR14-AR13)<0,"0",(AR14-AR13)) -> 1 | AT14: 6122 | AU14: =IF((AT14-AT13)<0,"0",(AT14-AT13)) -> 1 | AV14: 25972 | AW14: =IF((AV14-AV13)<0,"0",(AV14-AV13)) -> 11 | AX14: 874 | AY14: =IF((AX14-AX13)<0,"0",(AX14-AX13)) -> 5 | AZ14: 4058 | BA14: =IF((AZ14-AZ13)<0,"0",(AZ14-AZ13)) -> 9 | BB14: 3636 | BC14: =IF((BB14-BB13)<0,"0",(BB14-BB13)) -> 0 | BD14: =AS14+AQ14+AM14 -> 5 | BE14: =AE14-BD14 -> 145 | BF14: 586770 | BG14: =IF((BF14-BF13)<0,"0",(BF14-BF13)) -> 120 | BH14: 758020 | BI14: =IF((BH14-BH13)<0,"0",(BH14-BH13)) -> 180 | BJ14: =IF((BI14-AE14)<0,"0",(BI14-AE14)) -> 30 | BK14: 144 | BL14: =(IF(BK14<=116.4,((116.4*116.4*ACOS((116.4-BK14)/116.4))-((116.4-BK14)*SQRT(2*116.4*BK14-BK14*BK14)))*669.8,((3.1416*116.4*116.4)-((116.4*116.4*ACOS((116.4-(2*116.4-BK14))/116.4))-((116.4-(2*116.4-BK14))*SQRT(2*116.4*(2*116.4-BK14)-((2*116.4-BK14)*(2*116.4-BK14))))))*669.8))/1000 -> 18518.168 | BN14: =IF((BL13-BL14)<0,"0",(BL13-BL14)) -> 0 | BO14: 200233 | BP14: =IF((BO14-BO13)<0,"0",(BO14-BO13)) -> 126 | BQ14: =BP14*6.25 -> 787.5 | BR14: 75 | BS14: =(BR14*10775)/100 -> 8081.25 | BT14: 75 | BU14: =(BT14*10775)/100 -> 8081.25 | BV14: 80 | BW14: =(BV14*10775)/100 -> 8620 | BX14: =BS14+BU14+BW14 -> 24782.5 | BY14: =IF((BX13-BX14+BZ13)=BX13,"0",(BX13-BX14+BZ13)) -> 538.75 | CA14: 32248 | CB14: =IF((CA14-CA13)<0,"0",(CA14-CA13)) -> 56 | CC14: =CB14*6.25 -> 350 | CD14: 34084 | CE14: =IF((CD14-CD13)<0,"0",(CD14-CD13)) -> 1 | CF14: =CE14*6.25 -> 6.25 | CG14: 9656 | CH14: =IF((CG14-CG13)<0,"0",(CG14-CG13)) -> 21 | CI14: =CH14*6.25 -> 131.25 | CJ14: 83075 | CK14: =IF((CJ14-CJ13)<0,"0",(CJ14-CJ13)) -> 4 | CL14: =CK14*6.25 -> 25 | CM14: 5478 | CN14: =IF((CM14-CM13)<0,"0",(CM14-CM13)) -> 6 | CO14: =CN14*6.25 -> 37.5 | CP14: 6586 | CQ14: =IF((CP14-CP13)<0,"0",(CP14-CP13)) -> 9 | CR14: =CQ14*6.25 -> 56.25 | CS14: 3237 | CT14: =IF((CS14-CS13)<0,"0",(CS14-CS13)) -> 4 | CU14: =CT14*6.25 -> 25 | CV14: 1822 | CW14: =IF((CV14-CV13)<0,"0",(CV14-CV13)) -> 0.7 | CX14: =CW14*6.25 -> 4.375 | CY14: 4745 | CZ14: =IF((CY14-CY13)<0,"0",(CY14-CY13)) -> 9 | DA14: =CZ14*6.25 -> 56.25 | DB14: 4272 | DC14: =IF((DB14-DB13)<0,"0",(DB14-DB13)) -> 4 | DD14: =DC14*6.25 -> 25 | DE14: 4907 | DF14: =IF((DE14-DE13)<0,"0",(DE14-DE13)) -> 0 | DG14: =DF14*6.25 -> 0 | DH14: 4175 | DI14: =IF((DH14-DH13)<0,"0",(DH14-DH13)) -> 6 | DJ14: =DI14*6.25 -> 37.5 | DK14: 12462 | DL14: =IF((DK14-DK13)<0,"0",(DK14-DK13)) -> 0 | DM14: 54917 | DN14: =IF((DM14-DM13)<0,"0",(DM14-DM13)) -> 0 | DO14: 15524 | DP14: =IF((DO14-DO13)<0,"0",(DO14-DO13)) -> 0 | DQ14: 23640.3 | DR14: =IF((DQ14-DQ13)<0,"0",(DQ14-DQ13)) -> 0 | DS14: 63 | DT14: 145 | DU14: 0.47
A15: 44239 | C15: =IF((B15-B14)<0,"0",(B15-B14)) -> 0 | E15: =IF((D15-D14)<0,"0",(D15-D14)) -> 0 | F15: =E15/C15 -> #DIV/0! | I15: =IF((H15-H14)<0,"0",(H15-H14)) -> 0 | K15: =IF((J15-J14)<0,"0",(J15-J14)) -> 0 | M15: =IF((L15-L14)<0,"0",(L15-L14)) -> 0 | O15: =IF((N15-N14)<0,"0",(N15-N14)) -> 0 | Q15: =IF((P15-P14)<0,"0",(P15-P14)) -> 0 | U15: =IF((T15-T14)<0,"0",(T15-T14)) -> 0 | W15: =IF((V15-V14)<0,"0",(V15-V14)) -> 0 | Y15: =IF((X15-X14)<0,"0",(X15-X14)) -> 0 | AA15: =IF((Z15-Z14)<0,"0",(Z15-Z14)) -> 0 | AE15: =IF((AD15-AD14)<0,"0",(AD15-AD14)) -> 0 | AG15: =IF((AF15-AF14)<0,"0",(AF15-AF14)) -> 0 | AI15: =IF((AH15-AH14)<0,"0",(AH15-AH14)) -> 0 | AK15: =IF((AJ15-AJ14)<0,"0",(AJ15-AJ14)) -> 0 | AM15: =IF((AL15-AL14)<0,"0",(AL15-AL14)) -> 0 | AO15: =IF((AN15-AN14)<0,"0",(AN15-AN14)) -> 0 | AQ15: =IF((AP15-AP14)<0,"0",(AP15-AP14)) -> 0 | AS15: =IF((AR15-AR14)<0,"0",(AR15-AR14)) -> 0 | AU15: =IF((AT15-AT14)<0,"0",(AT15-AT14)) -> 0 | AW15: =IF((AV15-AV14)<0,"0",(AV15-AV14)) -> 0 | AY15: =IF((AX15-AX14)<0,"0",(AX15-AX14)) -> 0 | BA15: =IF((AZ15-AZ14)<0,"0",(AZ15-AZ14)) -> 0 | BC15: =IF((BB15-BB14)<0,"0",(BB15-BB14)) -> 0 | BD15: =AS15+AQ15+AM15 -> 0 | BE15: =AE15-BD15 -> 0 | BG15: =IF((BF15-BF14)<0,"0",(BF15-BF14)) -> 0 | BI15: =IF((BH15-BH14)<0,"0",(BH15-BH14)) -> 0 | BJ15: =IF((BI15-AE15)<0,"0",(BI15-AE15)) -> 0 | BN15: =IF((BL14-BL15)<0,"0",(BL14-BL15)) -> 18518.168 | BP15: =IF((BO15-BO14)<0,"0",(BO15-BO14)) -> 0 | BQ15: =BP15*6.25 -> 0 | BS15: =(BR15*10775)/100 -> 0 | BU15: =(BT15*10775)/100 -> 0 | BW15: =(BV15*10775)/100 -> 0 | BX15: =BS15+BU15+BW15 -> 0 | BY15: =IF((BX14-BX15+BZ14)=BX14,"0",(BX14-BX15+BZ14)) -> 0 | CB15: =IF((CA15-CA14)<0,"0",(CA15-CA14)) -> 0 | CC15: =CB15*6.25 -> 0 | CE15: =IF((CD15-CD14)<0,"0",(CD15-CD14)) -> 0 | CF15: =CE15*6.25 -> 0 | CH15: =IF((CG15-CG14)<0,"0",(CG15-CG14)) -> 0 | CI15: =CH15*6.25 -> 0 | CK15: =IF((CJ15-CJ14)<0,"0",(CJ15-CJ14)) -> 0 | CL15: =CK15*6.25 -> 0 | CN15: =IF((CM15-CM14)<0,"0",(CM15-CM14)) -> 0 | CO15: =CN15*6.25 -> 0 | CQ15: =IF((CP15-CP14)<0,"0",(CP15-CP14)) -> 0 | CR15: =CQ15*6.25 -> 0 | CT15: =IF((CS15-CS14)<0,"0",(CS15-CS14)) -> 0 | CU15: =CT15*6.25 -> 0 | CW15: =IF((CV15-CV14)<0,"0",(CV15-CV14)) -> 0 | CX15: =CW15*6.25 -> 0 | CZ15: =IF((CY15-CY14)<0,"0",(CY15-CY14)) -> 0 | DA15: =CZ15*6.25 -> 0 | DC15: =IF((DB15-DB14)<0,"0",(DB15-DB14)) -> 0 | DD15: =DC15*6.25 -> 0 | DF15: =IF((DE15-DE14)<0,"0",(DE15-DE14)) -> 0 | DG15: =DF15*6.25 -> 0 | DI15: =IF((DH15-DH14)<0,"0",(DH15-DH14)) -> 0 | DJ15: =DI15*6.25 -> 0 | DL15: =IF((DK15-DK14)<0,"0",(DK15-DK14)) -> 0 | DN15: =IF((DM15-DM14)<0,"0",(DM15-DM14)) -> 0 | DP15: =IF((DO15-DO14)<0,"0",(DO15-DO14)) -> 0 | DR15: =IF((DQ15-DQ14)<0,"0",(DQ15-DQ14)) -> 0 | DS15: 66 | DT15: 160 | DU15: 0.5
A16: 44240 | C16: =IF((B16-B15)<0,"0",(B16-B15)) -> 0 | E16: =IF((D16-D15)<0,"0",(D16-D15)) -> 0 | F16: =E16/C16 -> #DIV/0! | I16: =IF((H16-H15)<0,"0",(H16-H15)) -> 0 | K16: =IF((J16-J15)<0,"0",(J16-J15)) -> 0 | M16: =IF((L16-L15)<0,"0",(L16-L15)) -> 0 | O16: =IF((N16-N15)<0,"0",(N16-N15)) -> 0 | Q16: =IF((P16-P15)<0,"0",(P16-P15)) -> 0 | U16: =IF((T16-T15)<0,"0",(T16-T15)) -> 0 | W16: =IF((V16-V15)<0,"0",(V16-V15)) -> 0 | Y16: =IF((X16-X15)<0,"0",(X16-X15)) -> 0 | AA16: =IF((Z16-Z15)<0,"0",(Z16-Z15)) -> 0 | AE16: =IF((AD16-AD15)<0,"0",(AD16-AD15)) -> 0 | AG16: =IF((AF16-AF15)<0,"0",(AF16-AF15)) -> 0 | AI16: =IF((AH16-AH15)<0,"0",(AH16-AH15)) -> 0 | AK16: =IF((AJ16-AJ15)<0,"0",(AJ16-AJ15)) -> 0 | AM16: =IF((AL16-AL15)<0,"0",(AL16-AL15)) -> 0 | AO16: =IF((AN16-AN15)<0,"0",(AN16-AN15)) -> 0 | AQ16: =IF((AP16-AP15)<0,"0",(AP16-AP15)) -> 0 | AS16: =IF((AR16-AR15)<0,"0",(AR16-AR15)) -> 0 | AU16: =IF((AT16-AT15)<0,"0",(AT16-AT15)) -> 0 | AW16: =IF((AV16-AV15)<0,"0",(AV16-AV15)) -> 0 | AY16: =IF((AX16-AX15)<0,"0",(AX16-AX15)) -> 0 | BA16: =IF((AZ16-AZ15)<0,"0",(AZ16-AZ15)) -> 0 | BC16: =IF((BB16-BB15)<0,"0",(BB16-BB15)) -> 0 | BD16: =AS16+AQ16+AM16 -> 0 | BE16: =AE16-BD16 -> 0 | BG16: =IF((BF16-BF15)<0,"0",(BF16-BF15)) -> 0 | BI16: =IF((BH16-BH15)<0,"0",(BH16-BH15)) -> 0 | BJ16: =IF((BI16-AE16)<0,"0",(BI16-AE16)) -> 0 | BN16: =IF((BL15-BL16)<0,"0",(BL15-BL16)) -> 0 | BP16: =IF((BO16-BO15)<0,"0",(BO16-BO15)) -> 0 | BQ16: =BP16*6.25 -> 0 | BS16: =(BR16*10775)/100 -> 0 | BU16: =(BT16*10775)/100 -> 0 | BW16: =(BV16*10775)/100 -> 0 | BX16: =BS16+BU16+BW16 -> 0 | BY16: =IF((BX15-BX16+BZ15)=BX15,"0",(BX15-BX16+BZ15)) -> 0 | CB16: =IF((CA16-CA15)<0,"0",(CA16-CA15)) -> 0 | CC16: =CB16*6.25 -> 0 | CE16: =IF((CD16-CD15)<0,"0",(CD16-CD15)) -> 0 | CF16: =CE16*6.25 -> 0 | CH16: =IF((CG16-CG15)<0,"0",(CG16-CG15)) -> 0 | CI16: =CH16*6.25 -> 0 | CK16: =IF((CJ16-CJ15)<0,"0",(CJ16-CJ15)) -> 0 | CL16: =CK16*6.25 -> 0 | CN16: =IF((CM16-CM15)<0,"0",(CM16-CM15)) -> 0 | CO16: =CN16*6.25 -> 0 | CQ16: =IF((CP16-CP15)<0,"0",(CP16-CP15)) -> 0 | CR16: =CQ16*6.25 -> 0 | CT16: =IF((CS16-CS15)<0,"0",(CS16-CS15)) -> 0 | CU16: =CT16*6.25 -> 0 | CW16: =IF((CV16-CV15)<0,"0",(CV16-CV15)) -> 0 | CX16: =CW16*6.25 -> 0 | CZ16: =IF((CY16-CY15)<0,"0",(CY16-CY15)) -> 0 | DA16: =CZ16*6.25 -> 0 | DC16: =IF((DB16-DB15)<0,"0",(DB16-DB15)) -> 0 | DD16: =DC16*6.25 -> 0 | DF16: =IF((DE16-DE15)<0,"0",(DE16-DE15)) -> 0 | DG16: =DF16*6.25 -> 0 | DI16: =IF((DH16-DH15)<0,"0",(DH16-DH15)) -> 0 | DJ16: =DI16*6.25 -> 0 | DL16: =IF((DK16-DK15)<0,"0",(DK16-DK15)) -> 0 | DN16: =IF((DM16-DM15)<0,"0",(DM16-DM15)) -> 0 | DP16: =IF((DO16-DO15)<0,"0",(DO16-DO15)) -> 0 | DR16: =IF((DQ16-DQ15)<0,"0",(DQ16-DQ15)) -> 0
A17: 44241 | C17: =IF((B17-B16)<0,"0",(B17-B16)) -> 0 | E17: =IF((D17-D16)<0,"0",(D17-D16)) -> 0 | F17: =E17/C17 -> #DIV/0! | I17: =IF((H17-H16)<0,"0",(H17-H16)) -> 0 | K17: =IF((J17-J16)<0,"0",(J17-J16)) -> 0 | M17: =IF((L17-L16)<0,"0",(L17-L16)) -> 0 | O17: =IF((N17-N16)<0,"0",(N17-N16)) -> 0 | Q17: =IF((P17-P16)<0,"0",(P17-P16)) -> 0 | U17: =IF((T17-T16)<0,"0",(T17-T16)) -> 0 | W17: =IF((V17-V16)<0,"0",(V17-V16)) -> 0 | Y17: =IF((X17-X16)<0,"0",(X17-X16)) -> 0 | AA17: =IF((Z17-Z16)<0,"0",(Z17-Z16)) -> 0 | AE17: =IF((AD17-AD16)<0,"0",(AD17-AD16)) -> 0 | AG17: =IF((AF17-AF16)<0,"0",(AF17-AF16)) -> 0 | AI17: =IF((AH17-AH16)<0,"0",(AH17-AH16)) -> 0 | AK17: =IF((AJ17-AJ16)<0,"0",(AJ17-AJ16)) -> 0 | AM17: =IF((AL17-AL16)<0,"0",(AL17-AL16)) -> 0 | AO17: =IF((AN17-AN16)<0,"0",(AN17-AN16)) -> 0 | AQ17: =IF((AP17-AP16)<0,"0",(AP17-AP16)) -> 0 | AS17: =IF((AR17-AR16)<0,"0",(AR17-AR16)) -> 0 | AU17: =IF((AT17-AT16)<0,"0",(AT17-AT16)) -> 0 | AW17: =IF((AV17-AV16)<0,"0",(AV17-AV16)) -> 0 | AY17: =IF((AX17-AX16)<0,"0",(AX17-AX16)) -> 0 | BA17: =IF((AZ17-AZ16)<0,"0",(AZ17-AZ16)) -> 0 | BC17: =IF((BB17-BB16)<0,"0",(BB17-BB16)) -> 0 | BD17: =AS17+AQ17+AM17 -> 0 | BE17: =AE17-BD17 -> 0 | BG17: =IF((BF17-BF16)<0,"0",(BF17-BF16)) -> 0 | BI17: =IF((BH17-BH16)<0,"0",(BH17-BH16)) -> 0 | BJ17: =IF((BI17-AE17)<0,"0",(BI17-AE17)) -> 0 | BN17: =IF((BL16-BL17)<0,"0",(BL16-BL17)) -> 0 | BP17: =IF((BO17-BO16)<0,"0",(BO17-BO16)) -> 0 | BQ17: =BP17*6.25 -> 0 | BS17: =(BR17*10775)/100 -> 0 | BU17: =(BT17*10775)/100 -> 0 | BW17: =(BV17*10775)/100 -> 0 | BX17: =BS17+BU17+BW17 -> 0 | BY17: =IF((BX16-BX17+BZ16)=BX16,"0",(BX16-BX17+BZ16)) -> 0 | CB17: =IF((CA17-CA16)<0,"0",(CA17-CA16)) -> 0 | CC17: =CB17*6.25 -> 0 | CE17: =IF((CD17-CD16)<0,"0",(CD17-CD16)) -> 0 | CF17: =CE17*6.25 -> 0 | CH17: =IF((CG17-CG16)<0,"0",(CG17-CG16)) -> 0 | CI17: =CH17*6.25 -> 0 | CK17: =IF((CJ17-CJ16)<0,"0",(CJ17-CJ16)) -> 0 | CL17: =CK17*6.25 -> 0 | CN17: =IF((CM17-CM16)<0,"0",(CM17-CM16)) -> 0 | CO17: =CN17*6.25 -> 0 | CQ17: =IF((CP17-CP16)<0,"0",(CP17-CP16)) -> 0 | CR17: =CQ17*6.25 -> 0 | CT17: =IF((CS17-CS16)<0,"0",(CS17-CS16)) -> 0 | CU17: =CT17*6.25 -> 0 | CW17: =IF((CV17-CV16)<0,"0",(CV17-CV16)) -> 0 | CX17: =CW17*6.25 -> 0 | CZ17: =IF((CY17-CY16)<0,"0",(CY17-CY16)) -> 0 | DA17: =CZ17*6.25 -> 0 | DC17: =IF((DB17-DB16)<0,"0",(DB17-DB16)) -> 0 | DD17: =DC17*6.25 -> 0 | DF17: =IF((DE17-DE16)<0,"0",(DE17-DE16)) -> 0 | DG17: =DF17*6.25 -> 0 | DI17: =IF((DH17-DH16)<0,"0",(DH17-DH16)) -> 0 | DJ17: =DI17*6.25 -> 0 | DL17: =IF((DK17-DK16)<0,"0",(DK17-DK16)) -> 0 | DN17: =IF((DM17-DM16)<0,"0",(DM17-DM16)) -> 0 | DP17: =IF((DO17-DO16)<0,"0",(DO17-DO16)) -> 0 | DR17: =IF((DQ17-DQ16)<0,"0",(DQ17-DQ16)) -> 0
A18: 44242 | C18: =IF((B18-B17)<0,"0",(B18-B17)) -> 0 | E18: =IF((D18-D17)<0,"0",(D18-D17)) -> 0 | F18: =E18/C18 -> #DIV/0! | I18: =IF((H18-H17)<0,"0",(H18-H17)) -> 0 | K18: =IF((J18-J17)<0,"0",(J18-J17)) -> 0 | M18: =IF((L18-L17)<0,"0",(L18-L17)) -> 0 | O18: =IF((N18-N17)<0,"0",(N18-N17)) -> 0 | Q18: =IF((P18-P17)<0,"0",(P18-P17)) -> 0 | U18: =IF((T18-T17)<0,"0",(T18-T17)) -> 0 | W18: =IF((V18-V17)<0,"0",(V18-V17)) -> 0 | Y18: =IF((X18-X17)<0,"0",(X18-X17)) -> 0 | AA18: =IF((Z18-Z17)<0,"0",(Z18-Z17)) -> 0 | AE18: =IF((AD18-AD17)<0,"0",(AD18-AD17)) -> 0 | AG18: =IF((AF18-AF17)<0,"0",(AF18-AF17)) -> 0 | AI18: =IF((AH18-AH17)<0,"0",(AH18-AH17)) -> 0 | AK18: =IF((AJ18-AJ17)<0,"0",(AJ18-AJ17)) -> 0 | AM18: =IF((AL18-AL17)<0,"0",(AL18-AL17)) -> 0 | AO18: =IF((AN18-AN17)<0,"0",(AN18-AN17)) -> 0 | AQ18: =IF((AP18-AP17)<0,"0",(AP18-AP17)) -> 0 | AS18: =IF((AR18-AR17)<0,"0",(AR18-AR17)) -> 0 | AU18: =IF((AT18-AT17)<0,"0",(AT18-AT17)) -> 0 | AW18: =IF((AV18-AV17)<0,"0",(AV18-AV17)) -> 0 | AY18: =IF((AX18-AX17)<0,"0",(AX18-AX17)) -> 0 | BA18: =IF((AZ18-AZ17)<0,"0",(AZ18-AZ17)) -> 0 | BC18: =IF((BB18-BB17)<0,"0",(BB18-BB17)) -> 0 | BD18: =AS18+AQ18+AM18 -> 0 | BE18: =AE18-BD18 -> 0 | BG18: =IF((BF18-BF17)<0,"0",(BF18-BF17)) -> 0 | BI18: =IF((BH18-BH17)<0,"0",(BH18-BH17)) -> 0 | BJ18: =IF((BI18-AE18)<0,"0",(BI18-AE18)) -> 0 | BN18: =IF((BL17-BL18)<0,"0",(BL17-BL18)) -> 0 | BP18: =IF((BO18-BO17)<0,"0",(BO18-BO17)) -> 0 | BQ18: =BP18*6.25 -> 0 | BS18: =(BR18*10775)/100 -> 0 | BU18: =(BT18*10775)/100 -> 0 | BW18: =(BV18*10775)/100 -> 0 | BX18: =BS18+BU18+BW18 -> 0 | BY18: =IF((BX17-BX18+BZ17)=BX17,"0",(BX17-BX18+BZ17)) -> 0 | CB18: =IF((CA18-CA17)<0,"0",(CA18-CA17)) -> 0 | CC18: =CB18*6.25 -> 0 | CE18: =IF((CD18-CD17)<0,"0",(CD18-CD17)) -> 0 | CF18: =CE18*6.25 -> 0 | CH18: =IF((CG18-CG17)<0,"0",(CG18-CG17)) -> 0 | CI18: =CH18*6.25 -> 0 | CK18: =IF((CJ18-CJ17)<0,"0",(CJ18-CJ17)) -> 0 | CL18: =CK18*6.25 -> 0 | CN18: =IF((CM18-CM17)<0,"0",(CM18-CM17)) -> 0 | CO18: =CN18*6.25 -> 0 | CQ18: =IF((CP18-CP17)<0,"0",(CP18-CP17)) -> 0 | CR18: =CQ18*6.25 -> 0 | CT18: =IF((CS18-CS17)<0,"0",(CS18-CS17)) -> 0 | CU18: =CT18*6.25 -> 0 | CW18: =IF((CV18-CV17)<0,"0",(CV18-CV17)) -> 0 | CX18: =CW18*6.25 -> 0 | CZ18: =IF((CY18-CY17)<0,"0",(CY18-CY17)) -> 0 | DA18: =CZ18*6.25 -> 0 | DC18: =IF((DB18-DB17)<0,"0",(DB18-DB17)) -> 0 | DD18: =DC18*6.25 -> 0 | DF18: =IF((DE18-DE17)<0,"0",(DE18-DE17)) -> 0 | DG18: =DF18*6.25 -> 0 | DI18: =IF((DH18-DH17)<0,"0",(DH18-DH17)) -> 0 | DJ18: =DI18*6.25 -> 0 | DL18: =IF((DK18-DK17)<0,"0",(DK18-DK17)) -> 0 | DN18: =IF((DM18-DM17)<0,"0",(DM18-DM17)) -> 0 | DP18: =IF((DO18-DO17)<0,"0",(DO18-DO17)) -> 0 | DR18: =IF((DQ18-DQ17)<0,"0",(DQ18-DQ17)) -> 0
A19: 44243 | C19: =IF((B19-B18)<0,"0",(B19-B18)) -> 0 | E19: =IF((D19-D18)<0,"0",(D19-D18)) -> 0 | F19: =E19/C19 -> #DIV/0! | I19: =IF((H19-H18)<0,"0",(H19-H18)) -> 0 | K19: =IF((J19-J18)<0,"0",(J19-J18)) -> 0 | M19: =IF((L19-L18)<0,"0",(L19-L18)) -> 0 | O19: =IF((N19-N18)<0,"0",(N19-N18)) -> 0 | Q19: =IF((P19-P18)<0,"0",(P19-P18)) -> 0 | U19: =IF((T19-T18)<0,"0",(T19-T18)) -> 0 | W19: =IF((V19-V18)<0,"0",(V19-V18)) -> 0 | Y19: =IF((X19-X18)<0,"0",(X19-X18)) -> 0 | AA19: =IF((Z19-Z18)<0,"0",(Z19-Z18)) -> 0 | AE19: =IF((AD19-AD18)<0,"0",(AD19-AD18)) -> 0 | AG19: =IF((AF19-AF18)<0,"0",(AF19-AF18)) -> 0 | AI19: =IF((AH19-AH18)<0,"0",(AH19-AH18)) -> 0 | AK19: =IF((AJ19-AJ18)<0,"0",(AJ19-AJ18)) -> 0 | AM19: =IF((AL19-AL18)<0,"0",(AL19-AL18)) -> 0 | AO19: =IF((AN19-AN18)<0,"0",(AN19-AN18)) -> 0 | AQ19: =IF((AP19-AP18)<0,"0",(AP19-AP18)) -> 0 | AS19: =IF((AR19-AR18)<0,"0",(AR19-AR18)) -> 0 | AU19: =IF((AT19-AT18)<0,"0",(AT19-AT18)) -> 0 | AW19: =IF((AV19-AV18)<0,"0",(AV19-AV18)) -> 0 | AY19: =IF((AX19-AX18)<0,"0",(AX19-AX18)) -> 0 | BA19: =IF((AZ19-AZ18)<0,"0",(AZ19-AZ18)) -> 0 | BC19: =IF((BB19-BB18)<0,"0",(BB19-BB18)) -> 0 | BD19: =AS19+AQ19+AM19 -> 0 | BE19: =AE19-BD19 -> 0 | BG19: =IF((BF19-BF18)<0,"0",(BF19-BF18)) -> 0 | BI19: =IF((BH19-BH18)<0,"0",(BH19-BH18)) -> 0 | BJ19: =IF((BI19-AE19)<0,"0",(BI19-AE19)) -> 0 | BN19: =IF((BL18-BL19)<0,"0",(BL18-BL19)) -> 0 | BP19: =IF((BO19-BO18)<0,"0",(BO19-BO18)) -> 0 | BQ19: =BP19*6.25 -> 0 | BS19: =(BR19*10775)/100 -> 0 | BU19: =(BT19*10775)/100 -> 0 | BW19: =(BV19*10775)/100 -> 0 | BX19: =BS19+BU19+BW19 -> 0 | BY19: =IF((BX18-BX19+BZ18)=BX18,"0",(BX18-BX19+BZ18)) -> 0 | CB19: =IF((CA19-CA18)<0,"0",(CA19-CA18)) -> 0 | CC19: =CB19*6.25 -> 0 | CE19: =IF((CD19-CD18)<0,"0",(CD19-CD18)) -> 0 | CF19: =CE19*6.25 -> 0 | CH19: =IF((CG19-CG18)<0,"0",(CG19-CG18)) -> 0 | CI19: =CH19*6.25 -> 0 | CK19: =IF((CJ19-CJ18)<0,"0",(CJ19-CJ18)) -> 0 | CL19: =CK19*6.25 -> 0 | CN19: =IF((CM19-CM18)<0,"0",(CM19-CM18)) -> 0 | CO19: =CN19*6.25 -> 0 | CQ19: =IF((CP19-CP18)<0,"0",(CP19-CP18)) -> 0 | CR19: =CQ19*6.25 -> 0 | CT19: =IF((CS19-CS18)<0,"0",(CS19-CS18)) -> 0 | CU19: =CT19*6.25 -> 0 | CW19: =IF((CV19-CV18)<0,"0",(CV19-CV18)) -> 0 | CX19: =CW19*6.25 -> 0 | CZ19: =IF((CY19-CY18)<0,"0",(CY19-CY18)) -> 0 | DA19: =CZ19*6.25 -> 0 | DC19: =IF((DB19-DB18)<0,"0",(DB19-DB18)) -> 0 | DD19: =DC19*6.25 -> 0 | DF19: =IF((DE19-DE18)<0,"0",(DE19-DE18)) -> 0 | DG19: =DF19*6.25 -> 0 | DI19: =IF((DH19-DH18)<0,"0",(DH19-DH18)) -> 0 | DJ19: =DI19*6.25 -> 0 | DL19: =IF((DK19-DK18)<0,"0",(DK19-DK18)) -> 0 | DN19: =IF((DM19-DM18)<0,"0",(DM19-DM18)) -> 0 | DP19: =IF((DO19-DO18)<0,"0",(DO19-DO18)) -> 0 | DR19: =IF((DQ19-DQ18)<0,"0",(DQ19-DQ18)) -> 0
A20: 44244 | C20: =IF((B20-B19)<0,"0",(B20-B19)) -> 0 | E20: =IF((D20-D19)<0,"0",(D20-D19)) -> 0 | F20: =E20/C20 -> #DIV/0! | I20: =IF((H20-H19)<0,"0",(H20-H19)) -> 0 | K20: =IF((J20-J19)<0,"0",(J20-J19)) -> 0 | M20: =IF((L20-L19)<0,"0",(L20-L19)) -> 0 | O20: =IF((N20-N19)<0,"0",(N20-N19)) -> 0 | Q20: =IF((P20-P19)<0,"0",(P20-P19)) -> 0 | U20: =IF((T20-T19)<0,"0",(T20-T19)) -> 0 | W20: =IF((V20-V19)<0,"0",(V20-V19)) -> 0 | Y20: =IF((X20-X19)<0,"0",(X20-X19)) -> 0 | AA20: =IF((Z20-Z19)<0,"0",(Z20-Z19)) -> 0 | AE20: =IF((AD20-AD19)<0,"0",(AD20-AD19)) -> 0 | AG20: =IF((AF20-AF19)<0,"0",(AF20-AF19)) -> 0 | AI20: =IF((AH20-AH19)<0,"0",(AH20-AH19)) -> 0 | AK20: =IF((AJ20-AJ19)<0,"0",(AJ20-AJ19)) -> 0 | AM20: =IF((AL20-AL19)<0,"0",(AL20-AL19)) -> 0 | AO20: =IF((AN20-AN19)<0,"0",(AN20-AN19)) -> 0 | AQ20: =IF((AP20-AP19)<0,"0",(AP20-AP19)) -> 0 | AS20: =IF((AR20-AR19)<0,"0",(AR20-AR19)) -> 0 | AU20: =IF((AT20-AT19)<0,"0",(AT20-AT19)) -> 0 | AW20: =IF((AV20-AV19)<0,"0",(AV20-AV19)) -> 0 | AY20: =IF((AX20-AX19)<0,"0",(AX20-AX19)) -> 0 | BA20: =IF((AZ20-AZ19)<0,"0",(AZ20-AZ19)) -> 0 | BC20: =IF((BB20-BB19)<0,"0",(BB20-BB19)) -> 0 | BD20: =AS20+AQ20+AM20 -> 0 | BE20: =AE20-BD20 -> 0 | BG20: =IF((BF20-BF19)<0,"0",(BF20-BF19)) -> 0 | BI20: =IF((BH20-BH19)<0,"0",(BH20-BH19)) -> 0 | BJ20: =IF((BI20-AE20)<0,"0",(BI20-AE20)) -> 0 | BN20: =IF((BL19-BL20)<0,"0",(BL19-BL20)) -> 0 | BP20: =IF((BO20-BO19)<0,"0",(BO20-BO19)) -> 0 | BQ20: =BP20*6.25 -> 0 | BS20: =(BR20*10775)/100 -> 0 | BU20: =(BT20*10775)/100 -> 0 | BW20: =(BV20*10775)/100 -> 0 | BX20: =BS20+BU20+BW20 -> 0 | BY20: =IF((BX19-BX20+BZ19)=BX19,"0",(BX19-BX20+BZ19)) -> 0 | CB20: =IF((CA20-CA19)<0,"0",(CA20-CA19)) -> 0 | CC20: =CB20*6.25 -> 0 | CE20: =IF((CD20-CD19)<0,"0",(CD20-CD19)) -> 0 | CF20: =CE20*6.25 -> 0 | CH20: =IF((CG20-CG19)<0,"0",(CG20-CG19)) -> 0 | CI20: =CH20*6.25 -> 0 | CK20: =IF((CJ20-CJ19)<0,"0",(CJ20-CJ19)) -> 0 | CL20: =CK20*6.25 -> 0 | CN20: =IF((CM20-CM19)<0,"0",(CM20-CM19)) -> 0 | CO20: =CN20*6.25 -> 0 | CQ20: =IF((CP20-CP19)<0,"0",(CP20-CP19)) -> 0 | CR20: =CQ20*6.25 -> 0 | CT20: =IF((CS20-CS19)<0,"0",(CS20-CS19)) -> 0 | CU20: =CT20*6.25 -> 0 | CW20: =IF((CV20-CV19)<0,"0",(CV20-CV19)) -> 0 | CX20: =CW20*6.25 -> 0 | CZ20: =IF((CY20-CY19)<0,"0",(CY20-CY19)) -> 0 | DA20: =CZ20*6.25 -> 0 | DC20: =IF((DB20-DB19)<0,"0",(DB20-DB19)) -> 0 | DD20: =DC20*6.25 -> 0 | DF20: =IF((DE20-DE19)<0,"0",(DE20-DE19)) -> 0 | DG20: =DF20*6.25 -> 0 | DI20: =IF((DH20-DH19)<0,"0",(DH20-DH19)) -> 0 | DJ20: =DI20*6.25 -> 0 | DL20: =IF((DK20-DK19)<0,"0",(DK20-DK19)) -> 0 | DN20: =IF((DM20-DM19)<0,"0",(DM20-DM19)) -> 0 | DP20: =IF((DO20-DO19)<0,"0",(DO20-DO19)) -> 0 | DR20: =IF((DQ20-DQ19)<0,"0",(DQ20-DQ19)) -> 0
A21: 44245 | C21: =IF((B21-B20)<0,"0",(B21-B20)) -> 0 | E21: =IF((D21-D20)<0,"0",(D21-D20)) -> 0 | F21: 0.95655829 | I21: 0 | K21: =IF((J21-J20)<0,"0",(J21-J20)) -> 0 | M21: =IF((L21-L20)<0,"0",(L21-L20)) -> 0 | O21: =IF((N21-N20)<0,"0",(N21-N20)) -> 0 | Q21: =IF((P21-P20)<0,"0",(P21-P20)) -> 0 | U21: =IF((T21-T20)<0,"0",(T21-T20)) -> 0 | W21: =IF((V21-V20)<0,"0",(V21-V20)) -> 0 | Y21: 0 | AA21: =IF((Z21-Z20)<0,"0",(Z21-Z20)) -> 0 | AE21: =IF((AD21-AD20)<0,"0",(AD21-AD20)) -> 0 | AG21: =IF((AF21-AF20)<0,"0",(AF21-AF20)) -> 0 | AI21: =IF((AH21-AH20)<0,"0",(AH21-AH20)) -> 0 | AK21: =IF((AJ21-AJ20)<0,"0",(AJ21-AJ20)) -> 0 | AM21: =IF((AL21-AL20)<0,"0",(AL21-AL20)) -> 0 | AO21: =IF((AN21-AN20)<0,"0",(AN21-AN20)) -> 0 | AQ21: =IF((AP21-AP20)<0,"0",(AP21-AP20)) -> 0 | AS21: =IF((AR21-AR20)<0,"0",(AR21-AR20)) -> 0 | AU21: =IF((AT21-AT20)<0,"0",(AT21-AT20)) -> 0 | AW21: =IF((AV21-AV20)<0,"0",(AV21-AV20)) -> 0 | AY21: =IF((AX21-AX20)<0,"0",(AX21-AX20)) -> 0 | BA21: =IF((AZ21-AZ20)<0,"0",(AZ21-AZ20)) -> 0 | BC21: =IF((BB21-BB20)<0,"0",(BB21-BB20)) -> 0 | BD21: =AS21+AQ21+AM21 -> 0 | BE21: =AE21-BD21 -> 0 | BG21: =IF((BF21-BF20)<0,"0",(BF21-BF20)) -> 0 | BI21: =IF((BH21-BH20)<0,"0",(BH21-BH20)) -> 0 | BJ21: =IF((BI21-AE21)<0,"0",(BI21-AE21)) -> 0 | BN21: =IF((BL20-BL21)<0,"0",(BL20-BL21)) -> 0 | BP21: =IF((BO21-BO20)<0,"0",(BO21-BO20)) -> 0 | BQ21: =BP21*6.25 -> 0 | BS21: =(BR21*10775)/100 -> 0 | BU21: =(BT21*10775)/100 -> 0 | BW21: =(BV21*10775)/100 -> 0 | BX21: =BS21+BU21+BW21 -> 0 | BY21: =IF((BX20-BX21+BZ20)=BX20,"0",(BX20-BX21+BZ20)) -> 0 | CB21: =IF((CA21-CA20)<0,"0",(CA21-CA20)) -> 0 | CC21: =CB21*6.25 -> 0 | CE21: =IF((CD21-CD20)<0,"0",(CD21-CD20)) -> 0 | CF21: =CE21*6.25 -> 0 | CH21: =IF((CG21-CG20)<0,"0",(CG21-CG20)) -> 0 | CI21: =CH21*6.25 -> 0 | CK21: =IF((CJ21-CJ20)<0,"0",(CJ21-CJ20)) -> 0 | CL21: =CK21*6.25 -> 0 | CN21: =IF((CM21-CM20)<0,"0",(CM21-CM20)) -> 0 | CO21: =CN21*6.25 -> 0 | CQ21: =IF((CP21-CP20)<0,"0",(CP21-CP20)) -> 0 | CR21: =CQ21*6.25 -> 0 | CT21: =IF((CS21-CS20)<0,"0",(CS21-CS20)) -> 0 | CU21: =CT21*6.25 -> 0 | CW21: =IF((CV21-CV20)<0,"0",(CV21-CV20)) -> 0 | CX21: =CW21*6.25 -> 0 | CZ21: =IF((CY21-CY20)<0,"0",(CY21-CY20)) -> 0 | DA21: =CZ21*6.25 -> 0 | DC21: =IF((DB21-DB20)<0,"0",(DB21-DB20)) -> 0 | DD21: =DC21*6.25 -> 0 | DF21: =IF((DE21-DE20)<0,"0",(DE21-DE20)) -> 0 | DG21: =DF21*6.25 -> 0 | DI21: =IF((DH21-DH20)<0,"0",(DH21-DH20)) -> 0 | DJ21: =DI21*6.25 -> 0 | DL21: =IF((DK21-DK20)<0,"0",(DK21-DK20)) -> 0 | DN21: =IF((DM21-DM20)<0,"0",(DM21-DM20)) -> 0 | DP21: =IF((DO21-DO20)<0,"0",(DO21-DO20)) -> 0 | DR21: =IF((DQ21-DQ20)<0,"0",(DQ21-DQ20)) -> 0
A22: 44246 | C22: =IF((B22-B21)<0,"0",(B22-B21)) -> 0 | E22: =IF((D22-D21)<0,"0",(D22-D21)) -> 0 | F22: 0.95897385 | I22: ='[1]Sep 2019'!I22 -> 0 | K22: =IF((J22-J21)<0,"0",(J22-J21)) -> 0 | M22: =IF((L22-L21)<0,"0",(L22-L21)) -> 0 | O22: =IF((N22-N21)<0,"0",(N22-N21)) -> 0 | Q22: =IF((P22-P21)<0,"0",(P22-P21)) -> 0 | U22: =IF((T22-T21)<0,"0",(T22-T21)) -> 0 | W22: =IF((V22-V21)<0,"0",(V22-V21)) -> 0 | Y22: 0 | AA22: =IF((Z22-Z21)<0,"0",(Z22-Z21)) -> 0 | AE22: =IF((AD22-AD21)<0,"0",(AD22-AD21)) -> 0 | AG22: =IF((AF22-AF21)<0,"0",(AF22-AF21)) -> 0 | AI22: =IF((AH22-AH21)<0,"0",(AH22-AH21)) -> 0 | AK22: =IF((AJ22-AJ21)<0,"0",(AJ22-AJ21)) -> 0 | AM22: =IF((AL22-AL21)<0,"0",(AL22-AL21)) -> 0 | AO22: =IF((AN22-AN21)<0,"0",(AN22-AN21)) -> 0 | AQ22: =IF((AP22-AP21)<0,"0",(AP22-AP21)) -> 0 | AS22: =IF((AR22-AR21)<0,"0",(AR22-AR21)) -> 0 | AU22: =IF((AT22-AT21)<0,"0",(AT22-AT21)) -> 0 | AW22: =IF((AV22-AV21)<0,"0",(AV22-AV21)) -> 0 | AY22: =IF((AX22-AX21)<0,"0",(AX22-AX21)) -> 0 | BA22: =IF((AZ22-AZ21)<0,"0",(AZ22-AZ21)) -> 0 | BC22: =IF((BB22-BB21)<0,"0",(BB22-BB21)) -> 0 | BD22: =AS22+AQ22+AM22 -> 0 | BE22: =AE22-BD22 -> 0 | BG22: =IF((BF22-BF21)<0,"0",(BF22-BF21)) -> 0 | BI22: =IF((BH22-BH21)<0,"0",(BH22-BH21)) -> 0 | BJ22: =IF((BI22-AE22)<0,"0",(BI22-AE22)) -> 0 | BN22: =IF((BL21-BL22)<0,"0",(BL21-BL22)) -> 0 | BP22: =IF((BO22-BO21)<0,"0",(BO22-BO21)) -> 0 | BQ22: =BP22*6.25 -> 0 | BS22: =(BR22*10775)/100 -> 0 | BU22: =(BT22*10775)/100 -> 0 | BW22: =(BV22*10775)/100 -> 0 | BX22: =BS22+BU22+BW22 -> 0 | BY22: =IF((BX21-BX22+BZ21)=BX21,"0",(BX21-BX22+BZ21)) -> 0 | CB22: =IF((CA22-CA21)<0,"0",(CA22-CA21)) -> 0 | CC22: =CB22*6.25 -> 0 | CE22: =IF((CD22-CD21)<0,"0",(CD22-CD21)) -> 0 | CF22: =CE22*6.25 -> 0 | CH22: =IF((CG22-CG21)<0,"0",(CG22-CG21)) -> 0 | CI22: =CH22*6.25 -> 0 | CK22: =IF((CJ22-CJ21)<0,"0",(CJ22-CJ21)) -> 0 | CL22: =CK22*6.25 -> 0 | CN22: =IF((CM22-CM21)<0,"0",(CM22-CM21)) -> 0 | CO22: =CN22*6.25 -> 0 | CQ22: =IF((CP22-CP21)<0,"0",(CP22-CP21)) -> 0 | CR22: =CQ22*6.25 -> 0 | CT22: =IF((CS22-CS21)<0,"0",(CS22-CS21)) -> 0 | CU22: =CT22*6.25 -> 0 | CW22: =IF((CV22-CV21)<0,"0",(CV22-CV21)) -> 0 | CX22: =CW22*6.25 -> 0 | CZ22: =IF((CY22-CY21)<0,"0",(CY22-CY21)) -> 0 | DA22: =CZ22*6.25 -> 0 | DC22: =IF((DB22-DB21)<0,"0",(DB22-DB21)) -> 0 | DD22: =DC22*6.25 -> 0 | DF22: =IF((DE22-DE21)<0,"0",(DE22-DE21)) -> 0 | DG22: =DF22*6.25 -> 0 | DI22: =IF((DH22-DH21)<0,"0",(DH22-DH21)) -> 0 | DJ22: =DI22*6.25 -> 0 | DL22: =IF((DK22-DK21)<0,"0",(DK22-DK21)) -> 0 | DN22: =IF((DM22-DM21)<0,"0",(DM22-DM21)) -> 0 | DP22: =IF((DO22-DO21)<0,"0",(DO22-DO21)) -> 0 | DR22: =IF((DQ22-DQ21)<0,"0",(DQ22-DQ21)) -> 0
A23: 44247 | C23: =IF((B23-B22)<0,"0",(B23-B22)) -> 0 | E23: =IF((D23-D22)<0,"0",(D23-D22)) -> 0 | F23: 0.96295345 | I23: 0 | K23: =IF((J23-J22)<0,"0",(J23-J22)) -> 0 | M23: =IF((L23-L22)<0,"0",(L23-L22)) -> 0 | O23: =IF((N23-N22)<0,"0",(N23-N22)) -> 0 | Q23: =IF((P23-P22)<0,"0",(P23-P22)) -> 0 | U23: =IF((T23-T22)<0,"0",(T23-T22)) -> 0 | W23: =IF((V23-V22)<0,"0",(V23-V22)) -> 0 | Y23: 0 | AA23: =IF((Z23-Z22)<0,"0",(Z23-Z22)) -> 0 | AE23: =IF((AD23-AD22)<0,"0",(AD23-AD22)) -> 0 | AG23: =IF((AF23-AF22)<0,"0",(AF23-AF22)) -> 0 | AI23: =IF((AH23-AH22)<0,"0",(AH23-AH22)) -> 0 | AK23: =IF((AJ23-AJ22)<0,"0",(AJ23-AJ22)) -> 0 | AM23: =IF((AL23-AL22)<0,"0",(AL23-AL22)) -> 0 | AO23: =IF((AN23-AN22)<0,"0",(AN23-AN22)) -> 0 | AQ23: =IF((AP23-AP22)<0,"0",(AP23-AP22)) -> 0 | AS23: =IF((AR23-AR22)<0,"0",(AR23-AR22)) -> 0 | AU23: =IF((AT23-AT22)<0,"0",(AT23-AT22)) -> 0 | AW23: =IF((AV23-AV22)<0,"0",(AV23-AV22)) -> 0 | AY23: =IF((AX23-AX22)<0,"0",(AX23-AX22)) -> 0 | BA23: =IF((AZ23-AZ22)<0,"0",(AZ23-AZ22)) -> 0 | BC23: =IF((BB23-BB22)<0,"0",(BB23-BB22)) -> 0 | BD23: =AS23+AQ23+AM23 -> 0 | BE23: =AE23-BD23 -> 0 | BG23: =IF((BF23-BF22)<0,"0",(BF23-BF22)) -> 0 | BI23: =IF((BH23-BH22)<0,"0",(BH23-BH22)) -> 0 | BJ23: =IF((BI23-AE23)<0,"0",(BI23-AE23)) -> 0 | BN23: =IF((BL22-BL23)<0,"0",(BL22-BL23)) -> 0 | BP23: =IF((BO23-BO22)<0,"0",(BO23-BO22)) -> 0 | BQ23: =BP23*6.25 -> 0 | BS23: =(BR23*10775)/100 -> 0 | BU23: =(BT23*10775)/100 -> 0 | BW23: =(BV23*10775)/100 -> 0 | BX23: =BS23+BU23+BW23 -> 0 | BY23: =IF((BX22-BX23+BZ22)=BX22,"0",(BX22-BX23+BZ22)) -> 0 | CB23: =IF((CA23-CA22)<0,"0",(CA23-CA22)) -> 0 | CC23: =CB23*6.25 -> 0 | CE23: =IF((CD23-CD22)<0,"0",(CD23-CD22)) -> 0 | CF23: =CE23*6.25 -> 0 | CH23: =IF((CG23-CG22)<0,"0",(CG23-CG22)) -> 0 | CI23: =CH23*6.25 -> 0 | CK23: =IF((CJ23-CJ22)<0,"0",(CJ23-CJ22)) -> 0 | CL23: =CK23*6.25 -> 0 | CN23: =IF((CM23-CM22)<0,"0",(CM23-CM22)) -> 0 | CO23: =CN23*6.25 -> 0 | CQ23: =IF((CP23-CP22)<0,"0",(CP23-CP22)) -> 0 | CR23: =CQ23*6.25 -> 0 | CT23: =IF((CS23-CS22)<0,"0",(CS23-CS22)) -> 0 | CU23: =CT23*6.25 -> 0 | CW23: =IF((CV23-CV22)<0,"0",(CV23-CV22)) -> 0 | CX23: =CW23*6.25 -> 0 | CZ23: =IF((CY23-CY22)<0,"0",(CY23-CY22)) -> 0 | DA23: =CZ23*6.25 -> 0 | DC23: =IF((DB23-DB22)<0,"0",(DB23-DB22)) -> 0 | DD23: =DC23*6.25 -> 0 | DF23: =IF((DE23-DE22)<0,"0",(DE23-DE22)) -> 0 | DG23: =DF23*6.25 -> 0 | DI23: =IF((DH23-DH22)<0,"0",(DH23-DH22)) -> 0 | DJ23: =DI23*6.25 -> 0 | DL23: =IF((DK23-DK22)<0,"0",(DK23-DK22)) -> 0 | DN23: =IF((DM23-DM22)<0,"0",(DM23-DM22)) -> 0 | DP23: =IF((DO23-DO22)<0,"0",(DO23-DO22)) -> 0 | DR23: =IF((DQ23-DQ22)<0,"0",(DQ23-DQ22)) -> 0
A24: 44248 | C24: =IF((B24-B23)<0,"0",(B24-B23)) -> 0 | E24: =IF((D24-D23)<0,"0",(D24-D23)) -> 0 | F24: =E24/C24 -> #DIV/0! | I24: =IF((H24-H23)<0,"0",(H24-H23)) -> 0 | K24: =IF((J24-J23)<0,"0",(J24-J23)) -> 0 | M24: =IF((L24-L23)<0,"0",(L24-L23)) -> 0 | O24: =IF((N24-N23)<0,"0",(N24-N23)) -> 0 | Q24: =IF((P24-P23)<0,"0",(P24-P23)) -> 0 | U24: =IF((T24-T23)<0,"0",(T24-T23)) -> 0 | W24: =IF((V24-V23)<0,"0",(V24-V23)) -> 0 | Y24: =IF((X24-X23)<0,"0",(X24-X23)) -> 0 | AA24: =IF((Z24-Z23)<0,"0",(Z24-Z23)) -> 0 | AE24: =IF((AD24-AD23)<0,"0",(AD24-AD23)) -> 0 | AG24: =IF((AF24-AF23)<0,"0",(AF24-AF23)) -> 0 | AI24: =IF((AH24-AH23)<0,"0",(AH24-AH23)) -> 0 | AK24: =IF((AJ24-AJ23)<0,"0",(AJ24-AJ23)) -> 0 | AM24: =IF((AL24-AL23)<0,"0",(AL24-AL23)) -> 0 | AO24: =IF((AN24-AN23)<0,"0",(AN24-AN23)) -> 0 | AQ24: =IF((AP24-AP23)<0,"0",(AP24-AP23)) -> 0 | AS24: =IF((AR24-AR23)<0,"0",(AR24-AR23)) -> 0 | AU24: =IF((AT24-AT23)<0,"0",(AT24-AT23)) -> 0 | AW24: =IF((AV24-AV23)<0,"0",(AV24-AV23)) -> 0 | AY24: =IF((AX24-AX23)<0,"0",(AX24-AX23)) -> 0 | BA24: =IF((AZ24-AZ23)<0,"0",(AZ24-AZ23)) -> 0 | BC24: =IF((BB24-BB23)<0,"0",(BB24-BB23)) -> 0 | BD24: =AS24+AQ24+AM24 -> 0 | BE24: =AE24-BD24 -> 0 | BG24: =IF((BF24-BF23)<0,"0",(BF24-BF23)) -> 0 | BI24: =IF((BH24-BH23)<0,"0",(BH24-BH23)) -> 0 | BJ24: =IF((BI24-AE24)<0,"0",(BI24-AE24)) -> 0 | BN24: =IF((BL23-BL24)<0,"0",(BL23-BL24)) -> 0 | BP24: =IF((BO24-BO23)<0,"0",(BO24-BO23)) -> 0 | BQ24: =BP24*6.25 -> 0 | BS24: =(BR24*10775)/100 -> 0 | BU24: =(BT24*10775)/100 -> 0 | BW24: =(BV24*10775)/100 -> 0 | BX24: =BS24+BU24+BW24 -> 0 | BY24: =IF((BX23-BX24+BZ23)=BX23,"0",(BX23-BX24+BZ23)) -> 0 | CB24: =IF((CA24-CA23)<0,"0",(CA24-CA23)) -> 0 | CC24: =CB24*6.25 -> 0 | CE24: =IF((CD24-CD23)<0,"0",(CD24-CD23)) -> 0 | CF24: =CE24*6.25 -> 0 | CH24: =IF((CG24-CG23)<0,"0",(CG24-CG23)) -> 0 | CI24: =CH24*6.25 -> 0 | CK24: =IF((CJ24-CJ23)<0,"0",(CJ24-CJ23)) -> 0 | CL24: =CK24*6.25 -> 0 | CN24: =IF((CM24-CM23)<0,"0",(CM24-CM23)) -> 0 | CO24: =CN24*6.25 -> 0 | CQ24: =IF((CP24-CP23)<0,"0",(CP24-CP23)) -> 0 | CR24: =CQ24*6.25 -> 0 | CT24: =IF((CS24-CS23)<0,"0",(CS24-CS23)) -> 0 | CU24: =CT24*6.25 -> 0 | CW24: =IF((CV24-CV23)<0,"0",(CV24-CV23)) -> 0 | CX24: =CW24*6.25 -> 0 | CZ24: =IF((CY24-CY23)<0,"0",(CY24-CY23)) -> 0 | DA24: =CZ24*6.25 -> 0 | DC24: =IF((DB24-DB23)<0,"0",(DB24-DB23)) -> 0 | DD24: =DC24*6.25 -> 0 | DF24: =IF((DE24-DE23)<0,"0",(DE24-DE23)) -> 0 | DG24: =DF24*6.25 -> 0 | DI24: =IF((DH24-DH23)<0,"0",(DH24-DH23)) -> 0 | DJ24: =DI24*6.25 -> 0 | DL24: =IF((DK24-DK23)<0,"0",(DK24-DK23)) -> 0 | DN24: =IF((DM24-DM23)<0,"0",(DM24-DM23)) -> 0 | DP24: =IF((DO24-DO23)<0,"0",(DO24-DO23)) -> 0 | DR24: =IF((DQ24-DQ23)<0,"0",(DQ24-DQ23)) -> 0
A25: 44249 | C25: =IF((B25-B24)<0,"0",(B25-B24)) -> 0 | E25: =IF((D25-D24)<0,"0",(D25-D24)) -> 0 | F25: =E25/C25 -> #DIV/0! | I25: =IF((H25-H24)<0,"0",(H25-H24)) -> 0 | K25: =IF((J25-J24)<0,"0",(J25-J24)) -> 0 | M25: =IF((L25-L24)<0,"0",(L25-L24)) -> 0 | O25: =IF((N25-N24)<0,"0",(N25-N24)) -> 0 | Q25: =IF((P25-P24)<0,"0",(P25-P24)) -> 0 | U25: =IF((T25-T24)<0,"0",(T25-T24)) -> 0 | W25: =IF((V25-V24)<0,"0",(V25-V24)) -> 0 | Y25: =IF((X25-X24)<0,"0",(X25-X24)) -> 0 | AA25: =IF((Z25-Z24)<0,"0",(Z25-Z24)) -> 0 | AE25: =IF((AD25-AD24)<0,"0",(AD25-AD24)) -> 0 | AG25: =IF((AF25-AF24)<0,"0",(AF25-AF24)) -> 0 | AI25: =IF((AH25-AH24)<0,"0",(AH25-AH24)) -> 0 | AK25: =IF((AJ25-AJ24)<0,"0",(AJ25-AJ24)) -> 0 | AM25: =IF((AL25-AL24)<0,"0",(AL25-AL24)) -> 0 | AO25: =IF((AN25-AN24)<0,"0",(AN25-AN24)) -> 0 | AQ25: =IF((AP25-AP24)<0,"0",(AP25-AP24)) -> 0 | AS25: =IF((AR25-AR24)<0,"0",(AR25-AR24)) -> 0 | AU25: =IF((AT25-AT24)<0,"0",(AT25-AT24)) -> 0 | AW25: =IF((AV25-AV24)<0,"0",(AV25-AV24)) -> 0 | AY25: =IF((AX25-AX24)<0,"0",(AX25-AX24)) -> 0 | BA25: =IF((AZ25-AZ24)<0,"0",(AZ25-AZ24)) -> 0 | BC25: =IF((BB25-BB24)<0,"0",(BB25-BB24)) -> 0 | BD25: =AS25+AQ25+AM25 -> 0 | BE25: =AE25-BD25 -> 0 | BG25: =IF((BF25-BF24)<0,"0",(BF25-BF24)) -> 0 | BI25: =IF((BH25-BH24)<0,"0",(BH25-BH24)) -> 0 | BJ25: =IF((BI25-AE25)<0,"0",(BI25-AE25)) -> 0 | BN25: =IF((BL24-BL25)<0,"0",(BL24-BL25)) -> 0 | BP25: =IF((BO25-BO24)<0,"0",(BO25-BO24)) -> 0 | BQ25: =BP25*6.25 -> 0 | BS25: =(BR25*10775)/100 -> 0 | BU25: =(BT25*10775)/100 -> 0 | BW25: =(BV25*10775)/100 -> 0 | BX25: =BS25+BU25+BW25 -> 0 | BY25: =IF((BX24-BX25+BZ24)=BX24,"0",(BX24-BX25+BZ24)) -> 0 | CB25: =IF((CA25-CA24)<0,"0",(CA25-CA24)) -> 0 | CC25: =CB25*6.25 -> 0 | CE25: =IF((CD25-CD24)<0,"0",(CD25-CD24)) -> 0 | CF25: =CE25*6.25 -> 0 | CH25: =IF((CG25-CG24)<0,"0",(CG25-CG24)) -> 0 | CI25: =CH25*6.25 -> 0 | CK25: =IF((CJ25-CJ24)<0,"0",(CJ25-CJ24)) -> 0 | CL25: =CK25*6.25 -> 0 | CN25: =IF((CM25-CM24)<0,"0",(CM25-CM24)) -> 0 | CO25: =CN25*6.25 -> 0 | CQ25: =IF((CP25-CP24)<0,"0",(CP25-CP24)) -> 0 | CR25: =CQ25*6.25 -> 0 | CT25: =IF((CS25-CS24)<0,"0",(CS25-CS24)) -> 0 | CU25: =CT25*6.25 -> 0 | CW25: =IF((CV25-CV24)<0,"0",(CV25-CV24)) -> 0 | CX25: =CW25*6.25 -> 0 | CZ25: =IF((CY25-CY24)<0,"0",(CY25-CY24)) -> 0 | DA25: =CZ25*6.25 -> 0 | DC25: =IF((DB25-DB24)<0,"0",(DB25-DB24)) -> 0 | DD25: =DC25*6.25 -> 0 | DF25: =IF((DE25-DE24)<0,"0",(DE25-DE24)) -> 0 | DG25: =DF25*6.25 -> 0 | DI25: =IF((DH25-DH24)<0,"0",(DH25-DH24)) -> 0 | DJ25: =DI25*6.25 -> 0 | DL25: =IF((DK25-DK24)<0,"0",(DK25-DK24)) -> 0 | DN25: =IF((DM25-DM24)<0,"0",(DM25-DM24)) -> 0 | DP25: =IF((DO25-DO24)<0,"0",(DO25-DO24)) -> 0 | DR25: =IF((DQ25-DQ24)<0,"0",(DQ25-DQ24)) -> 0
A26: 44250 | C26: =IF((B26-B25)<0,"0",(B26-B25)) -> 0 | E26: =IF((D26-D25)<0,"0",(D26-D25)) -> 0 | F26: =E26/C26 -> #DIV/0! | I26: =IF((H26-H25)<0,"0",(H26-H25)) -> 0 | K26: =IF((J26-J25)<0,"0",(J26-J25)) -> 0 | M26: =IF((L26-L25)<0,"0",(L26-L25)) -> 0 | O26: =IF((N26-N25)<0,"0",(N26-N25)) -> 0 | Q26: =IF((P26-P25)<0,"0",(P26-P25)) -> 0 | U26: =IF((T26-T25)<0,"0",(T26-T25)) -> 0 | W26: =IF((V26-V25)<0,"0",(V26-V25)) -> 0 | Y26: =IF((X26-X25)<0,"0",(X26-X25)) -> 0 | AA26: =IF((Z26-Z25)<0,"0",(Z26-Z25)) -> 0 | AE26: =IF((AD26-AD25)<0,"0",(AD26-AD25)) -> 0 | AG26: =IF((AF26-AF25)<0,"0",(AF26-AF25)) -> 0 | AI26: =IF((AH26-AH25)<0,"0",(AH26-AH25)) -> 0 | AK26: =IF((AJ26-AJ25)<0,"0",(AJ26-AJ25)) -> 0 | AM26: =IF((AL26-AL25)<0,"0",(AL26-AL25)) -> 0 | AO26: =IF((AN26-AN25)<0,"0",(AN26-AN25)) -> 0 | AQ26: =IF((AP26-AP25)<0,"0",(AP26-AP25)) -> 0 | AS26: =IF((AR26-AR25)<0,"0",(AR26-AR25)) -> 0 | AU26: =IF((AT26-AT25)<0,"0",(AT26-AT25)) -> 0 | AW26: =IF((AV26-AV25)<0,"0",(AV26-AV25)) -> 0 | AY26: =IF((AX26-AX25)<0,"0",(AX26-AX25)) -> 0 | BA26: =IF((AZ26-AZ25)<0,"0",(AZ26-AZ25)) -> 0 | BC26: =IF((BB26-BB25)<0,"0",(BB26-BB25)) -> 0 | BD26: =AS26+AQ26+AM26 -> 0 | BE26: =AE26-BD26 -> 0 | BG26: =IF((BF26-BF25)<0,"0",(BF26-BF25)) -> 0 | BI26: =IF((BH26-BH25)<0,"0",(BH26-BH25)) -> 0 | BJ26: =IF((BI26-AE26)<0,"0",(BI26-AE26)) -> 0 | BN26: =IF((BL25-BL26)<0,"0",(BL25-BL26)) -> 0 | BP26: =IF((BO26-BO25)<0,"0",(BO26-BO25)) -> 0 | BQ26: =BP26*6.25 -> 0 | BS26: =(BR26*10775)/100 -> 0 | BU26: =(BT26*10775)/100 -> 0 | BW26: =(BV26*10775)/100 -> 0 | BX26: =BS26+BU26+BW26 -> 0 | BY26: =IF((BX25-BX26+BZ25)=BX25,"0",(BX25-BX26+BZ25)) -> 0 | CB26: =IF((CA26-CA25)<0,"0",(CA26-CA25)) -> 0 | CC26: =CB26*6.25 -> 0 | CE26: =IF((CD26-CD25)<0,"0",(CD26-CD25)) -> 0 | CF26: =CE26*6.25 -> 0 | CH26: =IF((CG26-CG25)<0,"0",(CG26-CG25)) -> 0 | CI26: =CH26*6.25 -> 0 | CK26: =IF((CJ26-CJ25)<0,"0",(CJ26-CJ25)) -> 0 | CL26: =CK26*6.25 -> 0 | CN26: =IF((CM26-CM25)<0,"0",(CM26-CM25)) -> 0 | CO26: =CN26*6.25 -> 0 | CQ26: =IF((CP26-CP25)<0,"0",(CP26-CP25)) -> 0 | CR26: =CQ26*6.25 -> 0 | CT26: =IF((CS26-CS25)<0,"0",(CS26-CS25)) -> 0 | CU26: =CT26*6.25 -> 0 | CW26: =IF((CV26-CV25)<0,"0",(CV26-CV25)) -> 0 | CX26: =CW26*6.25 -> 0 | CZ26: =IF((CY26-CY25)<0,"0",(CY26-CY25)) -> 0 | DA26: =CZ26*6.25 -> 0 | DC26: =IF((DB26-DB25)<0,"0",(DB26-DB25)) -> 0 | DD26: =DC26*6.25 -> 0 | DF26: =IF((DE26-DE25)<0,"0",(DE26-DE25)) -> 0 | DG26: =DF26*6.25 -> 0 | DI26: =IF((DH26-DH25)<0,"0",(DH26-DH25)) -> 0 | DJ26: =DI26*6.25 -> 0 | DL26: =IF((DK26-DK25)<0,"0",(DK26-DK25)) -> 0 | DN26: =IF((DM26-DM25)<0,"0",(DM26-DM25)) -> 0 | DP26: =IF((DO26-DO25)<0,"0",(DO26-DO25)) -> 0 | DR26: =IF((DQ26-DQ25)<0,"0",(DQ26-DQ25)) -> 0
A27: 44251 | C27: =IF((B27-B26)<0,"0",(B27-B26)) -> 0 | E27: =IF((D27-D26)<0,"0",(D27-D26)) -> 0 | F27: =E27/C27 -> #DIV/0! | I27: =IF((H27-H26)<0,"0",(H27-H26)) -> 0 | K27: =IF((J27-J26)<0,"0",(J27-J26)) -> 0 | M27: =IF((L27-L26)<0,"0",(L27-L26)) -> 0 | O27: =IF((N27-N26)<0,"0",(N27-N26)) -> 0 | Q27: =IF((P27-P26)<0,"0",(P27-P26)) -> 0 | U27: =IF((T27-T26)<0,"0",(T27-T26)) -> 0 | W27: =IF((V27-V26)<0,"0",(V27-V26)) -> 0 | Y27: =IF((X27-X26)<0,"0",(X27-X26)) -> 0 | AA27: =IF((Z27-Z26)<0,"0",(Z27-Z26)) -> 0 | AE27: =IF((AD27-AD26)<0,"0",(AD27-AD26)) -> 0 | AG27: =IF((AF27-AF26)<0,"0",(AF27-AF26)) -> 0 | AI27: =IF((AH27-AH26)<0,"0",(AH27-AH26)) -> 0 | AK27: =IF((AJ27-AJ26)<0,"0",(AJ27-AJ26)) -> 0 | AM27: =IF((AL27-AL26)<0,"0",(AL27-AL26)) -> 0 | AO27: =IF((AN27-AN26)<0,"0",(AN27-AN26)) -> 0 | AQ27: =IF((AP27-AP26)<0,"0",(AP27-AP26)) -> 0 | AS27: =IF((AR27-AR26)<0,"0",(AR27-AR26)) -> 0 | AU27: =IF((AT27-AT26)<0,"0",(AT27-AT26)) -> 0 | AW27: =IF((AV27-AV26)<0,"0",(AV27-AV26)) -> 0 | AY27: =IF((AX27-AX26)<0,"0",(AX27-AX26)) -> 0 | BA27: =IF((AZ27-AZ26)<0,"0",(AZ27-AZ26)) -> 0 | BC27: =IF((BB27-BB26)<0,"0",(BB27-BB26)) -> 0 | BD27: =AS27+AQ27+AM27 -> 0 | BE27: =AE27-BD27 -> 0 | BG27: =IF((BF27-BF26)<0,"0",(BF27-BF26)) -> 0 | BI27: =IF((BH27-BH26)<0,"0",(BH27-BH26)) -> 0 | BJ27: =IF((BI27-AE27)<0,"0",(BI27-AE27)) -> 0 | BN27: =IF((BL26-BL27)<0,"0",(BL26-BL27)) -> 0 | BP27: =IF((BO27-BO26)<0,"0",(BO27-BO26)) -> 0 | BQ27: =BP27*6.25 -> 0 | BS27: =(BR27*10775)/100 -> 0 | BU27: =(BT27*10775)/100 -> 0 | BW27: =(BV27*10775)/100 -> 0 | BX27: =BS27+BU27+BW27 -> 0 | BY27: =IF((BX26-BX27+BZ26)=BX26,"0",(BX26-BX27+BZ26)) -> 0 | CB27: =IF((CA27-CA26)<0,"0",(CA27-CA26)) -> 0 | CC27: =CB27*6.25 -> 0 | CE27: =IF((CD27-CD26)<0,"0",(CD27-CD26)) -> 0 | CF27: =CE27*6.25 -> 0 | CH27: =IF((CG27-CG26)<0,"0",(CG27-CG26)) -> 0 | CI27: =CH27*6.25 -> 0 | CK27: =IF((CJ27-CJ26)<0,"0",(CJ27-CJ26)) -> 0 | CL27: =CK27*6.25 -> 0 | CN27: =IF((CM27-CM26)<0,"0",(CM27-CM26)) -> 0 | CO27: =CN27*6.25 -> 0 | CQ27: =IF((CP27-CP26)<0,"0",(CP27-CP26)) -> 0 | CR27: =CQ27*6.25 -> 0 | CT27: =IF((CS27-CS26)<0,"0",(CS27-CS26)) -> 0 | CU27: =CT27*6.25 -> 0 | CW27: =IF((CV27-CV26)<0,"0",(CV27-CV26)) -> 0 | CX27: =CW27*6.25 -> 0 | CZ27: =IF((CY27-CY26)<0,"0",(CY27-CY26)) -> 0 | DA27: =CZ27*6.25 -> 0 | DC27: =IF((DB27-DB26)<0,"0",(DB27-DB26)) -> 0 | DD27: =DC27*6.25 -> 0 | DF27: =IF((DE27-DE26)<0,"0",(DE27-DE26)) -> 0 | DG27: =DF27*6.25 -> 0 | DI27: =IF((DH27-DH26)<0,"0",(DH27-DH26)) -> 0 | DJ27: =DI27*6.25 -> 0 | DL27: =IF((DK27-DK26)<0,"0",(DK27-DK26)) -> 0 | DN27: =IF((DM27-DM26)<0,"0",(DM27-DM26)) -> 0 | DP27: =IF((DO27-DO26)<0,"0",(DO27-DO26)) -> 0 | DR27: =IF((DQ27-DQ26)<0,"0",(DQ27-DQ26)) -> 0
A28: 44252 | C28: =IF((B28-B27)<0,"0",(B28-B27)) -> 0 | E28: =IF((D28-D27)<0,"0",(D28-D27)) -> 0 | F28: =E28/C28 -> #DIV/0! | I28: =IF((H28-H27)<0,"0",(H28-H27)) -> 0 | K28: =IF((J28-J27)<0,"0",(J28-J27)) -> 0 | M28: =IF((L28-L27)<0,"0",(L28-L27)) -> 0 | O28: =IF((N28-N27)<0,"0",(N28-N27)) -> 0 | Q28: =IF((P28-P27)<0,"0",(P28-P27)) -> 0 | U28: =IF((T28-T27)<0,"0",(T28-T27)) -> 0 | W28: =IF((V28-V27)<0,"0",(V28-V27)) -> 0 | Y28: =IF((X28-X27)<0,"0",(X28-X27)) -> 0 | AA28: =IF((Z28-Z27)<0,"0",(Z28-Z27)) -> 0 | AE28: =IF((AD28-AD27)<0,"0",(AD28-AD27)) -> 0 | AG28: =IF((AF28-AF27)<0,"0",(AF28-AF27)) -> 0 | AI28: =IF((AH28-AH27)<0,"0",(AH28-AH27)) -> 0 | AK28: =IF((AJ28-AJ27)<0,"0",(AJ28-AJ27)) -> 0 | AM28: =IF((AL28-AL27)<0,"0",(AL28-AL27)) -> 0 | AO28: =IF((AN28-AN27)<0,"0",(AN28-AN27)) -> 0 | AQ28: =IF((AP28-AP27)<0,"0",(AP28-AP27)) -> 0 | AS28: =IF((AR28-AR27)<0,"0",(AR28-AR27)) -> 0 | AU28: =IF((AT28-AT27)<0,"0",(AT28-AT27)) -> 0 | AW28: =IF((AV28-AV27)<0,"0",(AV28-AV27)) -> 0 | AY28: =IF((AX28-AX27)<0,"0",(AX28-AX27)) -> 0 | BA28: =IF((AZ28-AZ27)<0,"0",(AZ28-AZ27)) -> 0 | BC28: =IF((BB28-BB27)<0,"0",(BB28-BB27)) -> 0 | BD28: =AS28+AQ28+AM28 -> 0 | BE28: =AE28-BD28 -> 0 | BG28: =IF((BF28-BF27)<0,"0",(BF28-BF27)) -> 0 | BI28: =IF((BH28-BH27)<0,"0",(BH28-BH27)) -> 0 | BJ28: =IF((BI28-AE28)<0,"0",(BI28-AE28)) -> 0 | BN28: =IF((BL27-BL28)<0,"0",(BL27-BL28)) -> 0 | BP28: =IF((BO28-BO27)<0,"0",(BO28-BO27)) -> 0 | BQ28: =BP28*6.25 -> 0 | BS28: =(BR28*10775)/100 -> 0 | BU28: =(BT28*10775)/100 -> 0 | BW28: =(BV28*10775)/100 -> 0 | BX28: =BS28+BU28+BW28 -> 0 | BY28: =IF((BX27-BX28+BZ27)=BX27,"0",(BX27-BX28+BZ27)) -> 0 | CB28: =IF((CA28-CA27)<0,"0",(CA28-CA27)) -> 0 | CC28: =CB28*6.25 -> 0 | CE28: =IF((CD28-CD27)<0,"0",(CD28-CD27)) -> 0 | CF28: =CE28*6.25 -> 0 | CH28: =IF((CG28-CG27)<0,"0",(CG28-CG27)) -> 0 | CI28: =CH28*6.25 -> 0 | CK28: =IF((CJ28-CJ27)<0,"0",(CJ28-CJ27)) -> 0 | CL28: =CK28*6.25 -> 0 | CN28: =IF((CM28-CM27)<0,"0",(CM28-CM27)) -> 0 | CO28: =CN28*6.25 -> 0 | CQ28: =IF((CP28-CP27)<0,"0",(CP28-CP27)) -> 0 | CR28: =CQ28*6.25 -> 0 | CT28: =IF((CS28-CS27)<0,"0",(CS28-CS27)) -> 0 | CU28: =CT28*6.25 -> 0 | CW28: =IF((CV28-CV27)<0,"0",(CV28-CV27)) -> 0 | CX28: =CW28*6.25 -> 0 | CZ28: =IF((CY28-CY27)<0,"0",(CY28-CY27)) -> 0 | DA28: =CZ28*6.25 -> 0 | DC28: =IF((DB28-DB27)<0,"0",(DB28-DB27)) -> 0 | DD28: =DC28*6.25 -> 0 | DF28: =IF((DE28-DE27)<0,"0",(DE28-DE27)) -> 0 | DG28: =DF28*6.25 -> 0 | DI28: =IF((DH28-DH27)<0,"0",(DH28-DH27)) -> 0 | DJ28: =DI28*6.25 -> 0 | DL28: =IF((DK28-DK27)<0,"0",(DK28-DK27)) -> 0 | DN28: =IF((DM28-DM27)<0,"0",(DM28-DM27)) -> 0 | DP28: =IF((DO28-DO27)<0,"0",(DO28-DO27)) -> 0 | DR28: =IF((DQ28-DQ27)<0,"0",(DQ28-DQ27)) -> 0
A29: 44253 | C29: =IF((B29-B28)<0,"0",(B29-B28)) -> 0 | E29: =IF((D29-D28)<0,"0",(D29-D28)) -> 0 | F29: =E29/C29 -> #DIV/0! | I29: =IF((H29-H28)<0,"0",(H29-H28)) -> 0 | K29: =IF((J29-J28)<0,"0",(J29-J28)) -> 0 | M29: =IF((L29-L28)<0,"0",(L29-L28)) -> 0 | O29: =IF((N29-N28)<0,"0",(N29-N28)) -> 0 | Q29: =IF((P29-P28)<0,"0",(P29-P28)) -> 0 | U29: =IF((T29-T28)<0,"0",(T29-T28)) -> 0 | W29: =IF((V29-V28)<0,"0",(V29-V28)) -> 0 | Y29: =IF((X29-X28)<0,"0",(X29-X28)) -> 0 | AA29: =IF((Z29-Z28)<0,"0",(Z29-Z28)) -> 0 | AE29: =IF((AD29-AD28)<0,"0",(AD29-AD28)) -> 0 | AG29: =IF((AF29-AF28)<0,"0",(AF29-AF28)) -> 0 | AI29: =IF((AH29-AH28)<0,"0",(AH29-AH28)) -> 0 | AK29: =IF((AJ29-AJ28)<0,"0",(AJ29-AJ28)) -> 0 | AM29: =IF((AL29-AL28)<0,"0",(AL29-AL28)) -> 0 | AO29: =IF((AN29-AN28)<0,"0",(AN29-AN28)) -> 0 | AQ29: =IF((AP29-AP28)<0,"0",(AP29-AP28)) -> 0 | AS29: =IF((AR29-AR28)<0,"0",(AR29-AR28)) -> 0 | AU29: =IF((AT29-AT28)<0,"0",(AT29-AT28)) -> 0 | AW29: =IF((AV29-AV28)<0,"0",(AV29-AV28)) -> 0 | AY29: =IF((AX29-AX28)<0,"0",(AX29-AX28)) -> 0 | BA29: =IF((AZ29-AZ28)<0,"0",(AZ29-AZ28)) -> 0 | BC29: =IF((BB29-BB28)<0,"0",(BB29-BB28)) -> 0 | BD29: =AS29+AQ29+AM29 -> 0 | BE29: =AE29-BD29 -> 0 | BG29: =IF((BF29-BF28)<0,"0",(BF29-BF28)) -> 0 | BI29: =IF((BH29-BH28)<0,"0",(BH29-BH28)) -> 0 | BJ29: =IF((BI29-AE29)<0,"0",(BI29-AE29)) -> 0 | BN29: =IF((BL28-BL29)<0,"0",(BL28-BL29)) -> 0 | BP29: =IF((BO29-BO28)<0,"0",(BO29-BO28)) -> 0 | BQ29: =BP29*6.25 -> 0 | BS29: =(BR29*10775)/100 -> 0 | BU29: =(BT29*10775)/100 -> 0 | BW29: =(BV29*10775)/100 -> 0 | BX29: =BS29+BU29+BW29 -> 0 | BY29: =IF((BX28-BX29+BZ28)=BX28,"0",(BX28-BX29+BZ28)) -> 0 | CB29: =IF((CA29-CA28)<0,"0",(CA29-CA28)) -> 0 | CC29: =CB29*6.25 -> 0 | CE29: =IF((CD29-CD28)<0,"0",(CD29-CD28)) -> 0 | CF29: =CE29*6.25 -> 0 | CH29: =IF((CG29-CG28)<0,"0",(CG29-CG28)) -> 0 | CI29: =CH29*6.25 -> 0 | CK29: =IF((CJ29-CJ28)<0,"0",(CJ29-CJ28)) -> 0 | CL29: =CK29*6.25 -> 0 | CN29: =IF((CM29-CM28)<0,"0",(CM29-CM28)) -> 0 | CO29: =CN29*6.25 -> 0 | CQ29: =IF((CP29-CP28)<0,"0",(CP29-CP28)) -> 0 | CR29: =CQ29*6.25 -> 0 | CT29: =IF((CS29-CS28)<0,"0",(CS29-CS28)) -> 0 | CU29: =CT29*6.25 -> 0 | CW29: =IF((CV29-CV28)<0,"0",(CV29-CV28)) -> 0 | CX29: =CW29*6.25 -> 0 | CZ29: =IF((CY29-CY28)<0,"0",(CY29-CY28)) -> 0 | DA29: =CZ29*6.25 -> 0 | DC29: =IF((DB29-DB28)<0,"0",(DB29-DB28)) -> 0 | DD29: =DC29*6.25 -> 0 | DF29: =IF((DE29-DE28)<0,"0",(DE29-DE28)) -> 0 | DG29: =DF29*6.25 -> 0 | DI29: =IF((DH29-DH28)<0,"0",(DH29-DH28)) -> 0 | DJ29: =DI29*6.25 -> 0 | DL29: =IF((DK29-DK28)<0,"0",(DK29-DK28)) -> 0 | DN29: =IF((DM29-DM28)<0,"0",(DM29-DM28)) -> 0 | DP29: =IF((DO29-DO28)<0,"0",(DO29-DO28)) -> 0 | DR29: =IF((DQ29-DQ28)<0,"0",(DQ29-DQ28)) -> 0
A30: 44254 | C30: =IF((B30-B29)<0,"0",(B30-B29)) -> 0 | E30: =IF((D30-D29)<0,"0",(D30-D29)) -> 0 | F30: =E30/C30 -> #DIV/0! | I30: =IF((H30-H29)<0,"0",(H30-H29)) -> 0 | K30: =IF((J30-J29)<0,"0",(J30-J29)) -> 0 | M30: =IF((L30-L29)<0,"0",(L30-L29)) -> 0 | O30: =IF((N30-N29)<0,"0",(N30-N29)) -> 0 | Q30: =IF((P30-P29)<0,"0",(P30-P29)) -> 0 | U30: =IF((T30-T29)<0,"0",(T30-T29)) -> 0 | W30: =IF((V30-V29)<0,"0",(V30-V29)) -> 0 | Y30: =IF((X30-X29)<0,"0",(X30-X29)) -> 0 | AA30: =IF((Z30-Z29)<0,"0",(Z30-Z29)) -> 0 | AE30: =IF((AD30-AD29)<0,"0",(AD30-AD29)) -> 0 | AG30: =IF((AF30-AF29)<0,"0",(AF30-AF29)) -> 0 | AI30: =IF((AH30-AH29)<0,"0",(AH30-AH29)) -> 0 | AK30: =IF((AJ30-AJ29)<0,"0",(AJ30-AJ29)) -> 0 | AM30: =IF((AL30-AL29)<0,"0",(AL30-AL29)) -> 0 | AO30: =IF((AN30-AN29)<0,"0",(AN30-AN29)) -> 0 | AQ30: =IF((AP30-AP29)<0,"0",(AP30-AP29)) -> 0 | AS30: =IF((AR30-AR29)<0,"0",(AR30-AR29)) -> 0 | AU30: =IF((AT30-AT29)<0,"0",(AT30-AT29)) -> 0 | AW30: =IF((AV30-AV29)<0,"0",(AV30-AV29)) -> 0 | AY30: =IF((AX30-AX29)<0,"0",(AX30-AX29)) -> 0 | BA30: =IF((AZ30-AZ29)<0,"0",(AZ30-AZ29)) -> 0 | BC30: =IF((BB30-BB29)<0,"0",(BB30-BB29)) -> 0 | BD30: =AS30+AQ30+AM30 -> 0 | BE30: =AE30-BD30 -> 0 | BG30: =IF((BF30-BF29)<0,"0",(BF30-BF29)) -> 0 | BI30: =IF((BH30-BH29)<0,"0",(BH30-BH29)) -> 0 | BJ30: =IF((BI30-AE30)<0,"0",(BI30-AE30)) -> 0 | BN30: =IF((BL29-BL30)<0,"0",(BL29-BL30)) -> 0 | BP30: =IF((BO30-BO29)<0,"0",(BO30-BO29)) -> 0 | BQ30: =BP30*6.25 -> 0 | BS30: =(BR30*10775)/100 -> 0 | BU30: =(BT30*10775)/100 -> 0 | BW30: =(BV30*10775)/100 -> 0 | BX30: =BS30+BU30+BW30 -> 0 | BY30: =IF((BX29-BX30+BZ29)=BX29,"0",(BX29-BX30+BZ29)) -> 0 | CB30: =IF((CA30-CA29)<0,"0",(CA30-CA29)) -> 0 | CC30: =CB30*6.25 -> 0 | CE30: =IF((CD30-CD29)<0,"0",(CD30-CD29)) -> 0 | CF30: =CE30*6.25 -> 0 | CH30: =IF((CG30-CG29)<0,"0",(CG30-CG29)) -> 0 | CI30: =CH30*6.25 -> 0 | CK30: =IF((CJ30-CJ29)<0,"0",(CJ30-CJ29)) -> 0 | CL30: =CK30*6.25 -> 0 | CN30: =IF((CM30-CM29)<0,"0",(CM30-CM29)) -> 0 | CO30: =CN30*6.25 -> 0 | CQ30: =IF((CP30-CP29)<0,"0",(CP30-CP29)) -> 0 | CR30: =CQ30*6.25 -> 0 | CT30: =IF((CS30-CS29)<0,"0",(CS30-CS29)) -> 0 | CU30: =CT30*6.25 -> 0 | CW30: =IF((CV30-CV29)<0,"0",(CV30-CV29)) -> 0 | CX30: =CW30*6.25 -> 0 | CZ30: =IF((CY30-CY29)<0,"0",(CY30-CY29)) -> 0 | DA30: =CZ30*6.25 -> 0 | DC30: =IF((DB30-DB29)<0,"0",(DB30-DB29)) -> 0 | DD30: =DC30*6.25 -> 0 | DF30: =IF((DE30-DE29)<0,"0",(DE30-DE29)) -> 0 | DG30: =DF30*6.25 -> 0 | DI30: =IF((DH30-DH29)<0,"0",(DH30-DH29)) -> 0 | DJ30: =DI30*6.25 -> 0 | DL30: =IF((DK30-DK29)<0,"0",(DK30-DK29)) -> 0 | DN30: =IF((DM30-DM29)<0,"0",(DM30-DM29)) -> 0 | DP30: =IF((DO30-DO29)<0,"0",(DO30-DO29)) -> 0 | DR30: =IF((DQ30-DQ29)<0,"0",(DQ30-DQ29)) -> 0
A31: 44255 | C31: =IF((B31-B30)<0,"0",(B31-B30)) -> 0 | E31: =IF((D31-D30)<0,"0",(D31-D30)) -> 0 | F31: =E31/C31 -> #DIV/0! | I31: =IF((H31-H30)<0,"0",(H31-H30)) -> 0 | K31: =IF((J31-J30)<0,"0",(J31-J30)) -> 0 | M31: =IF((L31-L30)<0,"0",(L31-L30)) -> 0 | O31: =IF((N31-N30)<0,"0",(N31-N30)) -> 0 | Q31: =IF((P31-P30)<0,"0",(P31-P30)) -> 0 | U31: =IF((T31-T30)<0,"0",(T31-T30)) -> 0 | W31: =IF((V31-V30)<0,"0",(V31-V30)) -> 0 | Y31: =IF((X31-X30)<0,"0",(X31-X30)) -> 0 | AA31: =IF((Z31-Z30)<0,"0",(Z31-Z30)) -> 0 | AE31: =IF((AD31-AD30)<0,"0",(AD31-AD30)) -> 0 | AG31: =IF((AF31-AF30)<0,"0",(AF31-AF30)) -> 0 | AI31: =IF((AH31-AH30)<0,"0",(AH31-AH30)) -> 0 | AK31: =IF((AJ31-AJ30)<0,"0",(AJ31-AJ30)) -> 0 | AM31: =IF((AL31-AL30)<0,"0",(AL31-AL30)) -> 0 | AO31: =IF((AN31-AN30)<0,"0",(AN31-AN30)) -> 0 | AQ31: =IF((AP31-AP30)<0,"0",(AP31-AP30)) -> 0 | AS31: =IF((AR31-AR30)<0,"0",(AR31-AR30)) -> 0 | AU31: =IF((AT31-AT30)<0,"0",(AT31-AT30)) -> 0 | AW31: =IF((AV31-AV30)<0,"0",(AV31-AV30)) -> 0 | AY31: =IF((AX31-AX30)<0,"0",(AX31-AX30)) -> 0 | BA31: =IF((AZ31-AZ30)<0,"0",(AZ31-AZ30)) -> 0 | BC31: =IF((BB31-BB30)<0,"0",(BB31-BB30)) -> 0 | BD31: =AS31+AQ31+AM31 -> 0 | BE31: =AE31-BD31 -> 0 | BG31: =IF((BF31-BF30)<0,"0",(BF31-BF30)) -> 0 | BI31: =IF((BH31-BH30)<0,"0",(BH31-BH30)) -> 0 | BJ31: =IF((BI31-AE31)<0,"0",(BI31-AE31)) -> 0 | BN31: =IF((BL30-BL31)<0,"0",(BL30-BL31)) -> 0 | BP31: =IF((BO31-BO30)<0,"0",(BO31-BO30)) -> 0 | BQ31: =BP31*6.25 -> 0 | BS31: =(BR31*10775)/100 -> 0 | BU31: =(BT31*10775)/100 -> 0 | BW31: =(BV31*10775)/100 -> 0 | BX31: =BS31+BU31+BW31 -> 0 | BY31: =IF((BX30-BX31+BZ30)=BX30,"0",(BX30-BX31+BZ30)) -> 0 | CB31: =IF((CA31-CA30)<0,"0",(CA31-CA30)) -> 0 | CC31: =CB31*6.25 -> 0 | CE31: =IF((CD31-CD30)<0,"0",(CD31-CD30)) -> 0 | CF31: =CE31*6.25 -> 0 | CH31: =IF((CG31-CG30)<0,"0",(CG31-CG30)) -> 0 | CI31: =CH31*6.25 -> 0 | CK31: =IF((CJ31-CJ30)<0,"0",(CJ31-CJ30)) -> 0 | CL31: =CK31*6.25 -> 0 | CN31: =IF((CM31-CM30)<0,"0",(CM31-CM30)) -> 0 | CO31: =CN31*6.25 -> 0 | CQ31: =IF((CP31-CP30)<0,"0",(CP31-CP30)) -> 0 | CR31: =CQ31*6.25 -> 0 | CT31: =IF((CS31-CS30)<0,"0",(CS31-CS30)) -> 0 | CU31: =CT31*6.25 -> 0 | CW31: =IF((CV31-CV30)<0,"0",(CV31-CV30)) -> 0 | CX31: =CW31*6.25 -> 0 | CZ31: =IF((CY31-CY30)<0,"0",(CY31-CY30)) -> 0 | DA31: =CZ31*6.25 -> 0 | DC31: =IF((DB31-DB30)<0,"0",(DB31-DB30)) -> 0 | DD31: =DC31*6.25 -> 0 | DF31: =IF((DE31-DE30)<0,"0",(DE31-DE30)) -> 0 | DG31: =DF31*6.25 -> 0 | DI31: =IF((DH31-DH30)<0,"0",(DH31-DH30)) -> 0 | DJ31: =DI31*6.25 -> 0 | DL31: =IF((DK31-DK30)<0,"0",(DK31-DK30)) -> 0 | DN31: =IF((DM31-DM30)<0,"0",(DM31-DM30)) -> 0 | DP31: =IF((DO31-DO30)<0,"0",(DO31-DO30)) -> 0 | DR31: =IF((DQ31-DQ30)<0,"0",(DQ31-DQ30)) -> 0
C32: =IF((B32-B31)<0,"0",(B32-B31)) -> 0 | E32: =IF((D32-D31)<0,"0",(D32-D31)) -> 0 | F32: =E32/C32 -> #DIV/0! | I32: =IF((H32-H31)<0,"0",(H32-H31)) -> 0 | K32: =IF((J32-J31)<0,"0",(J32-J31)) -> 0 | M32: =IF((L32-L31)<0,"0",(L32-L31)) -> 0 | O32: =IF((N32-N31)<0,"0",(N32-N31)) -> 0 | Q32: =IF((P32-P31)<0,"0",(P32-P31)) -> 0 | U32: =IF((T32-T31)<0,"0",(T32-T31)) -> 0 | W32: =IF((V32-V31)<0,"0",(V32-V31)) -> 0 | Y32: =IF((X32-X31)<0,"0",(X32-X31)) -> 0 | AA32: =IF((Z32-Z31)<0,"0",(Z32-Z31)) -> 0 | AE32: =IF((AD32-AD31)<0,"0",(AD32-AD31)) -> 0 | AG32: =IF((AF32-AF31)<0,"0",(AF32-AF31)) -> 0 | AI32: =IF((AH32-AH31)<0,"0",(AH32-AH31)) -> 0 | AK32: =IF((AJ32-AJ31)<0,"0",(AJ32-AJ31)) -> 0 | AM32: =IF((AL32-AL31)<0,"0",(AL32-AL31)) -> 0 | AO32: =IF((AN32-AN31)<0,"0",(AN32-AN31)) -> 0 | AQ32: =IF((AP32-AP31)<0,"0",(AP32-AP31)) -> 0 | AS32: =IF((AR32-AR31)<0,"0",(AR32-AR31)) -> 0 | AU32: =IF((AT32-AT31)<0,"0",(AT32-AT31)) -> 0 | AW32: =IF((AV32-AV31)<0,"0",(AV32-AV31)) -> 0 | AY32: =IF((AX32-AX31)<0,"0",(AX32-AX31)) -> 0 | BA32: =IF((AZ32-AZ31)<0,"0",(AZ32-AZ31)) -> 0 | BC32: =IF((BB32-BB31)<0,"0",(BB32-BB31)) -> 0 | BD32: =AS32+AQ32+AM32 -> 0 | BE32: =AE32-BD32 -> 0 | BG32: =IF((BF32-BF31)<0,"0",(BF32-BF31)) -> 0 | BI32: =IF((BH32-BH31)<0,"0",(BH32-BH31)) -> 0 | BJ32: =IF((BI32-AE32)<0,"0",(BI32-AE32)) -> 0 | BN32: =IF((BL31-BL32)<0,"0",(BL31-BL32)) -> 0 | BP32: =IF((BO32-BO31)<0,"0",(BO32-BO31)) -> 0 | BQ32: =BP32*6.25 -> 0 | BS32: =(BR32*10775)/100 -> 0 | BU32: =(BT32*10775)/100 -> 0 | BW32: =(BV32*10775)/100 -> 0 | BX32: =BS32+BU32+BW32 -> 0 | BY32: =IF((BX31-BX32+BZ31)=BX31,"0",(BX31-BX32+BZ31)) -> 0 | CB32: =IF((CA32-CA31)<0,"0",(CA32-CA31)) -> 0 | CC32: =CB32*6.25 -> 0 | CE32: =IF((CD32-CD31)<0,"0",(CD32-CD31)) -> 0 | CF32: =CE32*6.25 -> 0 | CH32: =IF((CG32-CG31)<0,"0",(CG32-CG31)) -> 0 | CI32: =CH32*6.25 -> 0 | CK32: =IF((CJ32-CJ31)<0,"0",(CJ32-CJ31)) -> 0 | CL32: =CK32*6.25 -> 0 | CN32: =IF((CM32-CM31)<0,"0",(CM32-CM31)) -> 0 | CO32: =CN32*6.25 -> 0 | CQ32: =IF((CP32-CP31)<0,"0",(CP32-CP31)) -> 0 | CR32: =CQ32*6.25 -> 0 | CT32: =IF((CS32-CS31)<0,"0",(CS32-CS31)) -> 0 | CU32: =CT32*6.25 -> 0 | CW32: =IF((CV32-CV31)<0,"0",(CV32-CV31)) -> 0 | CX32: =CW32*6.25 -> 0 | CZ32: =IF((CY32-CY31)<0,"0",(CY32-CY31)) -> 0 | DA32: =CZ32*6.25 -> 0 | DC32: =IF((DB32-DB31)<0,"0",(DB32-DB31)) -> 0 | DD32: =DC32*6.25 -> 0 | DF32: =IF((DE32-DE31)<0,"0",(DE32-DE31)) -> 0 | DG32: =DF32*6.25 -> 0 | DI32: =IF((DH32-DH31)<0,"0",(DH32-DH31)) -> 0 | DJ32: =DI32*6.25 -> 0 | DL32: =IF((DK32-DK31)<0,"0",(DK32-DK31)) -> 0 | DN32: =IF((DM32-DM31)<0,"0",(DM32-DM31)) -> 0 | DP32: =IF((DO32-DO31)<0,"0",(DO32-DO31)) -> 0 | DR32: =IF((DQ32-DQ31)<0,"0",(DQ32-DQ31)) -> 0
C33: =IF((B33-B32)<0,"0",(B33-B32)) -> 0 | E33: =IF((D33-D32)<0,"0",(D33-D32)) -> 0 | F33: =E33/C33 -> #DIV/0! | I33: =IF((H33-H32)<0,"0",(H33-H32)) -> 0 | K33: =IF((J33-J32)<0,"0",(J33-J32)) -> 0 | M33: =IF((L33-L32)<0,"0",(L33-L32)) -> 0 | O33: =IF((N33-N32)<0,"0",(N33-N32)) -> 0 | Q33: =IF((P33-P32)<0,"0",(P33-P32)) -> 0 | U33: =IF((T33-T32)<0,"0",(T33-T32)) -> 0 | W33: =IF((V33-V32)<0,"0",(V33-V32)) -> 0 | Y33: =IF((X33-X32)<0,"0",(X33-X32)) -> 0 | AA33: =IF((Z33-Z32)<0,"0",(Z33-Z32)) -> 0 | AE33: =IF((AD33-AD32)<0,"0",(AD33-AD32)) -> 0 | AG33: =IF((AF33-AF32)<0,"0",(AF33-AF32)) -> 0 | AI33: =IF((AH33-AH32)<0,"0",(AH33-AH32)) -> 0 | AK33: =IF((AJ33-AJ32)<0,"0",(AJ33-AJ32)) -> 0 | AM33: =IF((AL33-AL32)<0,"0",(AL33-AL32)) -> 0 | AO33: =IF((AN33-AN32)<0,"0",(AN33-AN32)) -> 0 | AQ33: =IF((AP33-AP32)<0,"0",(AP33-AP32)) -> 0 | AS33: =IF((AR33-AR32)<0,"0",(AR33-AR32)) -> 0 | AU33: =IF((AT33-AT32)<0,"0",(AT33-AT32)) -> 0 | AW33: =IF((AV33-AV32)<0,"0",(AV33-AV32)) -> 0 | AY33: =IF((AX33-AX32)<0,"0",(AX33-AX32)) -> 0 | BA33: =IF((AZ33-AZ32)<0,"0",(AZ33-AZ32)) -> 0 | BC33: =IF((BB33-BB32)<0,"0",(BB33-BB32)) -> 0 | BD33: =AS33+AQ33+AM33 -> 0 | BE33: =AE33-BD33 -> 0 | BG33: =IF((BF33-BF32)<0,"0",(BF33-BF32)) -> 0 | BI33: =IF((BH33-BH32)<0,"0",(BH33-BH32)) -> 0 | BJ33: =IF((BI33-AE33)<0,"0",(BI33-AE33)) -> 0 | BN33: =IF((BL32-BL33)<0,"0",(BL32-BL33)) -> 0 | BP33: =IF((BO33-BO32)<0,"0",(BO33-BO32)) -> 0 | BQ33: =BP33*6.25 -> 0 | BS33: =(BR33*10775)/100 -> 0 | BU33: =(BT33*10775)/100 -> 0 | BW33: =(BV33*10775)/100 -> 0 | BX33: =BS33+BU33+BW33 -> 0 | BY33: =IF((BX32-BX33+BZ32)=BX32,"0",(BX32-BX33+BZ32)) -> 0 | CB33: =IF((CA33-CA32)<0,"0",(CA33-CA32)) -> 0 | CC33: =CB33*6.25 -> 0 | CE33: =IF((CD33-CD32)<0,"0",(CD33-CD32)) -> 0 | CF33: =CE33*6.25 -> 0 | CH33: =IF((CG33-CG32)<0,"0",(CG33-CG32)) -> 0 | CI33: =CH33*6.25 -> 0 | CK33: =IF((CJ33-CJ32)<0,"0",(CJ33-CJ32)) -> 0 | CL33: =CK33*6.25 -> 0 | CN33: =IF((CM33-CM32)<0,"0",(CM33-CM32)) -> 0 | CO33: =CN33*6.25 -> 0 | CQ33: =IF((CP33-CP32)<0,"0",(CP33-CP32)) -> 0 | CR33: =CQ33*6.25 -> 0 | CT33: =IF((CS33-CS32)<0,"0",(CS33-CS32)) -> 0 | CU33: =CT33*6.25 -> 0 | CW33: =IF((CV33-CV32)<0,"0",(CV33-CV32)) -> 0 | CX33: =CW33*6.25 -> 0 | CZ33: =IF((CY33-CY32)<0,"0",(CY33-CY32)) -> 0 | DA33: =CZ33*6.25 -> 0 | DC33: =IF((DB33-DB32)<0,"0",(DB33-DB32)) -> 0 | DD33: =DC33*6.25 -> 0 | DF33: =IF((DE33-DE32)<0,"0",(DE33-DE32)) -> 0 | DG33: =DF33*6.25 -> 0 | DI33: =IF((DH33-DH32)<0,"0",(DH33-DH32)) -> 0 | DJ33: =DI33*6.25 -> 0 | DL33: =IF((DK33-DK32)<0,"0",(DK33-DK32)) -> 0 | DN33: =IF((DM33-DM32)<0,"0",(DM33-DM32)) -> 0 | DP33: =IF((DO33-DO32)<0,"0",(DO33-DO32)) -> 0 | DR33: =IF((DQ33-DQ32)<0,"0",(DQ33-DQ32)) -> 0
C34: =IF((B34-B33)<0,"0",(B34-B33)) -> 0 | E34: =IF((D34-D33)<0,"0",(D34-D33)) -> 0 | F34: =E34/C34 -> #DIV/0! | I34: =IF((H34-H33)<0,"0",(H34-H33)) -> 0 | K34: =IF((J34-J33)<0,"0",(J34-J33)) -> 0 | M34: =IF((L34-L33)<0,"0",(L34-L33)) -> 0 | O34: =IF((N34-N33)<0,"0",(N34-N33)) -> 0 | Q34: =IF((P34-P33)<0,"0",(P34-P33)) -> 0 | S34: 8 | U34: =IF((T34-T33)<0,"0",(T34-T33)) -> 0 | W34: =IF((V34-V33)<0,"0",(V34-V33)) -> 0 | Y34: =IF((X34-X33)<0,"0",(X34-X33)) -> 0 | AA34: =IF((Z34-Z33)<0,"0",(Z34-Z33)) -> 0 | AE34: =IF((AD34-AD33)<0,"0",(AD34-AD33)) -> 0 | AG34: =IF((AF34-AF33)<0,"0",(AF34-AF33)) -> 0 | AI34: =IF((AH34-AH33)<0,"0",(AH34-AH33)) -> 0 | AK34: =IF((AJ34-AJ33)<0,"0",(AJ34-AJ33)) -> 0 | AM34: =IF((AL34-AL33)<0,"0",(AL34-AL33)) -> 0 | AO34: =IF((AN34-AN33)<0,"0",(AN34-AN33)) -> 0 | AQ34: =IF((AP34-AP33)<0,"0",(AP34-AP33)) -> 0 | AS34: =IF((AR34-AR33)<0,"0",(AR34-AR33)) -> 0 | AU34: =IF((AT34-AT33)<0,"0",(AT34-AT33)) -> 0 | AW34: =IF((AV34-AV33)<0,"0",(AV34-AV33)) -> 0 | AY34: =IF((AX34-AX33)<0,"0",(AX34-AX33)) -> 0 | BA34: =IF((AZ34-AZ33)<0,"0",(AZ34-AZ33)) -> 0 | BC34: =IF((BB34-BB33)<0,"0",(BB34-BB33)) -> 0 | BD34: =AS34+AQ34+AM34 -> 0 | BE34: =AE34-BD34 -> 0 | BG34: =IF((BF34-BF33)<0,"0",(BF34-BF33)) -> 0 | BI34: =IF((BH34-BH33)<0,"0",(BH34-BH33)) -> 0 | BJ34: =IF((BI34-AE34)<0,"0",(BI34-AE34)) -> 0 | BN34: =IF((BL33-BL34)<0,"0",(BL33-BL34)) -> 0 | BP34: =IF((BO34-BO33)<0,"0",(BO34-BO33)) -> 0 | BQ34: =BP34*6.25 -> 0 | BS34: =(BR34*10775)/100 -> 0 | BU34: =(BT34*10775)/100 -> 0 | BW34: =(BV34*10775)/100 -> 0 | BX34: =BS34+BU34+BW34 -> 0 | BY34: =IF((BX33-BX34+BZ33)=BX33,"0",(BX33-BX34+BZ33)) -> 0 | CB34: =IF((CA34-CA33)<0,"0",(CA34-CA33)) -> 0 | CC34: =CB34*6.25 -> 0 | CE34: =IF((CD34-CD33)<0,"0",(CD34-CD33)) -> 0 | CF34: =CE34*6.25 -> 0 | CH34: =IF((CG34-CG33)<0,"0",(CG34-CG33)) -> 0 | CI34: =CH34*6.25 -> 0 | CK34: =IF((CJ34-CJ33)<0,"0",(CJ34-CJ33)) -> 0 | CL34: =CK34*6.25 -> 0 | CN34: =IF((CM34-CM33)<0,"0",(CM34-CM33)) -> 0 | CO34: =CN34*6.25 -> 0 | CQ34: =IF((CP34-CP33)<0,"0",(CP34-CP33)) -> 0 | CR34: =CQ34*6.25 -> 0 | CT34: =IF((CS34-CS33)<0,"0",(CS34-CS33)) -> 0 | CU34: =CT34*6.25 -> 0 | CW34: =IF((CV34-CV33)<0,"0",(CV34-CV33)) -> 0 | CX34: =CW34*6.25 -> 0 | CZ34: =IF((CY34-CY33)<0,"0",(CY34-CY33)) -> 0 | DA34: =CZ34*6.25 -> 0 | DC34: =IF((DB34-DB33)<0,"0",(DB34-DB33)) -> 0 | DD34: =DC34*6.25 -> 0 | DF34: =IF((DE34-DE33)<0,"0",(DE34-DE33)) -> 0 | DG34: =DF34*6.25 -> 0 | DI34: =IF((DH34-DH33)<0,"0",(DH34-DH33)) -> 0 | DJ34: =DI34*6.25 -> 0 | DL34: =IF((DK34-DK33)<0,"0",(DK34-DK33)) -> 0 | DN34: =IF((DM34-DM33)<0,"0",(DM34-DM33)) -> 0 | DP34: =IF((DO34-DO33)<0,"0",(DO34-DO33)) -> 0 | DR34: =IF((DQ34-DQ33)<0,"0",(DQ34-DQ33)) -> 0
C35: =SUM(C4:C34) -> 309844 | E35: =SUM(E4:E34) -> 299908 | I35: =SUM(I4:I34) -> 0 | K35: =SUM(K4:K34) -> 0 | M35: =SUM(M4:M34) -> 11184 | O35: =SUM(O4:O34) -> 7035 | Q35: =SUM(Q4:Q34) -> 1454 | R35: =SUM(R4:R34) -> 866 | S35: =SUM(S4:S34) -> 65 | U35: =SUM(U4:U34) -> 1583 | W35: =SUM(W4:W34) -> 1004 | Y35: =SUM(Y4:Y34) -> 2 | AE35: =SUM(AE4:AE34) -> 1610 | AG35: =SUM(AG4:AG34) -> 173 | AI35: =SUM(AI4:AI34) -> 24 | AK35: =SUM(AK4:AK34) -> 38 | AM35: =SUM(AM4:AM34) -> 41 | AO35: =SUM(AO4:AO34) -> 73 | AQ35: =SUM(AQ4:AQ34) -> 28 | AS35: =SUM(AS4:AS34) -> 22 | AU35: =SUM(AU4:AU34) -> 15 | AW35: =SUM(AW4:AW34) -> 117 | AY35: =SUM(AY4:AY34) -> 67 | BA35: =SUM(BA4:BA34) -> 94 | BC35: =IF((BB35-BB34)<0,"0",(BB35-BB34)) -> 0 | BG35: =SUM(BG4:BG34) -> 1330 | BI35: =SUM(BI4:BI34) -> 1940 | BJ35: =SUM(BJ4:BJ34) -> 330 | BP35: =SUM(BP4:BP34) -> 1442 | BQ35: =SUM(BQ4:BQ34) -> 9012.5 | BY35: =SUM(BY4:BY34) -> 9093.5 | BZ35: =SUM(BZ3:BZ34) -> 9740 | CC35: =SUM(CC4:CC34) -> 3600 | CF35: =SUM(CF3:CF34) -> 450 | CI35: =SUM(CI3:CI34) -> 1125 | CL35: =SUM(CL4:CL34) -> 293.75 | CO35: =SUM(CO4:CO34) -> 387.5 | CR35: =SUM(CR4:CR34) -> 612.5 | CU35: =SUM(CU4:CU34) -> 343.75 | CX35: =SUM(CX4:CX34) -> 64.375 | DA35: =SUM(DA4:DA34) -> 443.75 | DD35: =SUM(DD4:DD34) -> 331.25 | DG35: =SUM(DG4:DG34) -> 393.75 | DJ35: =SUM(DJ4:DJ34) -> 431.25 | DS35: =SUM(DS4:DS34) -> 878 | DT35: =SUM(DT4:DT34) -> 2102

Sheet Sheet1
N3: ='[1]Sep 2019'!R3 -> 2054945
N4: ='[1]Sep 2019'!R4 -> 2055440
N5: ='[1]Sep 2019'!R5 -> 2056149
N6: ='[1]Sep 2019'!R6 -> 2056651
N7: ='[1]Sep 2019'!R7 -> 2057174
N8: ='[1]Sep 2019'!R8 -> 2057715
N9: ='[1]Sep 2019'!R9 -> 2058246
N10: ='[1]Sep 2019'!R10 -> 2058780
N11: ='[1]Sep 2019'!R11 -> 2059332
N12: ='[1]Sep 2019'!R12 -> 2059908
N13: ='[1]Sep 2019'!R13 -> 2060432
N14: ='[1]Sep 2019'!R14 -> 2061086
... N17: ='[1]Sep 2019'!R17 -> 2062731
N18: ='[1]Sep 2019'!R18 -> 2063291 | S18: ='[1]Sep 2019'!W18 -> 7 | DU18: ='[1]Sep 2019'!EA18 -> 0.67
N19: ='[1]Sep 2019'!R19 -> 2063914 | S19: ='[1]Sep 2019'!W19 -> 7 | DU19: ='[1]Sep 2019'!EA19 -> 0.63
N20: ='[1]Sep 2019'!R20 -> 2064501 | S20: ='[1]Sep 2019'!W20 -> 8 | DU20: ='[1]Sep 2019'!EA20 -> 0.69
N21: ='[1]Sep 2019'!R21 -> 2065035 | P21: ='[1]Sep 2019'!T21 -> 426545 | S21: ='[1]Sep 2019'!W21 -> 8 | DU21: ='[1]Sep 2019'!EA21 -> 0.7
B22: ='[1]Sep 2019'!B22 -> 9576003 | D22: ='[1]Sep 2019'!D22 -> 9185016 | G22: ='[1]Sep 2019'!G22 -> 1264 | H22: ='[1]Sep 2019'!$J$22 -> 729 | I22: ='[1]Sep 2019'!I22 -> 0 | J22: 729 | L22: 2321595 | N22: ='[1]Sep 2019'!R22 -> 2065573 | P22: ='[1]Sep 2019'!T22 -> 426720 | R22: ='[1]Sep 2019'!V22 -> 61.7 | S22: ='[1]Sep 2019'!W22 -> 14 | T22: ='[1]Sep 2019'!X22 -> 114723.6 | V22: ='[1]Sep 2019'!BO22 -> 20498 | X22: ='[1]Sep 2019'!Z22 -> 961 | Z22: ='[1]Sep 2019'!AB22 -> 2535 | AD22: ='[1]Sep 2019'!AF22 -> 542040 | AF22: ='[1]Sep 2019'!AH22 -> 48870 | AH22: ='[1]Sep 2019'!AJ22 -> 8302 | CA22: ='[1]Sep 2019'!CG22 -> 24323 | CD22: ='[1]Sep 2019'!CJ22 -> 32962 | CG22: ='[1]Sep 2019'!CM22 -> 6797 | CJ22: ='[1]Sep 2019'!CP22 -> 82233 | CM22: ='[1]Sep 2019'!CS22 -> 4366 | CP22: ='[1]Sep 2019'!CV22 -> 5316 | CS22: ='[1]Sep 2019'!CY22 -> 2440 | CV22: ='[1]Sep 2019'!DB22 -> 1679 | CY22: ='[1]Sep 2019'!DE22 -> 3575 | DB22: ='[1]Sep 2019'!DH22 -> 3444 | DE22: ='[1]Sep 2019'!DK22 -> 3861 | DH22: ='[1]Sep 2019'!DN22 -> 3171 | DK22: ='[1]Sep 2019'!DQ22 -> 112173 | DM22: ='[1]Sep 2019'!DS22 -> 52938 | DO22: ='[1]Sep 2019'!DU22 -> 15019 | DQ22: ='[1]Sep 2019'!DW22 -> 22622 | DU22: ='[1]Sep 2019'!EA22 -> 0.79
B23: ='[1]Sep 2019'!B23 -> 9598864 | C23: =IF((B23-B22)<0,"0",(B23-B22)) -> 22861 | D23: ='[1]Sep 2019'!D23 -> 9207028 | G23: ='[1]Sep 2019'!G23 -> 1264 | J23: 729 | L23: ='[1]Sep 2019'!P23 -> 2322786 | N23: ='[1]Sep 2019'!R23 -> 2066117 | P23: ='[1]Sep 2019'!T23 -> 426872 | R23: ='[1]Sep 2019'!V23 -> 60.9 | S23: ='[1]Sep 2019'!W23 -> 8 | T23: ='[1]Sep 2019'!X23 -> 114934 | V23: ='[1]Sep 2019'!BO23 -> 20580 | X23: ='[1]Sep 2019'!Z23 -> 961 | Z23: ='[1]Sep 2019'!AB23 -> 2538 | AH23: ='[1]Sep 2019'!AJ23 -> 8308 | CA23: ='[1]Sep 2019'!CG23 -> 24343 | CD23: ='[1]Sep 2019'!CJ23 -> 32970 | CG23: ='[1]Sep 2019'!CM23 -> 6824 | CJ23: ='[1]Sep 2019'!CP23 -> 82238 | CM23: ='[1]Sep 2019'!CS23 -> 4381 | CP23: ='[1]Sep 2019'!CV23 -> 5325 | CS23: ='[1]Sep 2019'!CY23 -> 2447 | CV23: ='[1]Sep 2019'!DB23 -> 1680 | CY23: ='[1]Sep 2019'!DE23 -> 3580 | DB23: ='[1]Sep 2019'!DH23 -> 3453 | DE23: ='[1]Sep 2019'!DK23 -> 3871 | DH23: ='[1]Sep 2019'!DN23 -> 3179 | DK23: ='[1]Sep 2019'!DQ23 -> 112173 | DM23: ='[1]Sep 2019'!DS23 -> 52938 | DO23: ='[1]Sep 2019'!DU23 -> 15019 | DQ23: ='[1]Sep 2019'!DW23 -> 22622 | DU23: ='[1]Sep 2019'!EA23 -> 0.83
B24: ='[1]Sep 2019'!B24 -> 9621009 | D24: ='[1]Sep 2019'!D24 -> 9228427 | G24: ='[1]Sep 2019'!G24 -> 1264 | J24: 729 | L24: ='[1]Sep 2019'!P24 -> 2323995 | N24: ='[1]Sep 2019'!R24 -> 2066577 | P24: ='[1]Sep 2019'!T24 -> 426975 | R24: ='[1]Sep 2019'!V24 -> 58.8 | S24: ='[1]Sep 2019'!W24 -> 7 | T24: ='[1]Sep 2019'!X24 -> 115258 | V24: ='[1]Sep 2019'!BO24 -> 20661 | X24: ='[1]Sep 2019'!Z24 -> 961 | Z24: ='[1]Sep 2019'!AB24 -> 2544 | AH24: ='[1]Sep 2019'!AJ24 -> 8312 | CA24: ='[1]Sep 2019'!CG24 -> 24365 | CD24: ='[1]Sep 2019'!CJ24 -> 32980 | CG24: ='[1]Sep 2019'!CM24 -> 6859 | CJ24: ='[1]Sep 2019'!CP24 -> 82243 | CM24: ='[1]Sep 2019'!CS24 -> 4399 | CP24: ='[1]Sep 2019'!CV24 -> 5334 | CS24: ='[1]Sep 2019'!CY24 -> 2454 | CV24: ='[1]Sep 2019'!DB24 -> 1681 | CY24: ='[1]Sep 2019'!DE24 -> 3596 | DB24: ='[1]Sep 2019'!DH24 -> 3463 | DE24: ='[1]Sep 2019'!DK24 -> 3881 | DH24: ='[1]Sep 2019'!DN24 -> 3188 | DK24: ='[1]Sep 2019'!DQ24 -> 112173 | DM24: ='[1]Sep 2019'!DS24 -> 52938 | DO24: ='[1]Sep 2019'!DU24 -> 15019 | DQ24: ='[1]Sep 2019'!DW24 -> 22622 | DU24: ='[1]Sep 2019'!EA24 -> 0.85
B25: ='[1]Sep 2019'!B25 -> 9644072 | D25: ='[1]Sep 2019'!D25 -> 9250623 | G25: ='[1]Sep 2019'!G25 -> 1264 | J25: 729 | L25: ='[1]Sep 2019'!P25 -> 2325704 | N25: ='[1]Sep 2019'!R25 -> 2067069 | P25: ='[1]Sep 2019'!T25 -> 427090 | R25: ='[1]Sep 2019'!V25 -> 61 | S25: ='[1]Sep 2019'!W25 -> 0 | T25: ='[1]Sep 2019'!X25 -> 115479 | V25: ='[1]Sep 2019'!BO25 -> 20744 | X25: ='[1]Sep 2019'!Z25 -> 962 | Z25: ='[1]Sep 2019'!AB25 -> 2544 | AH25: ='[1]Sep 2019'!AJ25 -> 8316 | CA25: ='[1]Sep 2019'!CG25 -> 24389 | CD25: ='[1]Sep 2019'!CJ25 -> 32988 | CG25: ='[1]Sep 2019'!CM25 -> 6890 | CJ25: ='[1]Sep 2019'!CP25 -> 82248 | CM25: ='[1]Sep 2019'!CS25 -> 4415 | CP25: ='[1]Sep 2019'!CV25 -> 5342 | CS25: ='[1]Sep 2019'!CY25 -> 2459 | CV25: ='[1]Sep 2019'!DB25 -> 1682 | CY25: ='[1]Sep 2019'!DE25 -> 3607 | DB25: ='[1]Sep 2019'!DH25 -> 3472 | DE25: ='[1]Sep 2019'!DK25 -> 3890 | DH25: ='[1]Sep 2019'!DN25 -> 3195 | DK25: ='[1]Sep 2019'!DQ25 -> 112173 | DM25: ='[1]Sep 2019'!DS25 -> 52938 | DO25: ='[1]Sep 2019'!DU25 -> 15019 | DQ25: ='[1]Sep 2019'!DW25 -> 22622 | DU25: ='[1]Sep 2019'!EA25 -> 0.85
B26: ='[1]Sep 2019'!B26 -> 9666928 | D26: ='[1]Sep 2019'!D26 -> 9272670 | G26: ='[1]Sep 2019'!G26 -> 1264 | J26: 729 | L26: ='[1]Sep 2019'!P26 -> 2327245 | N26: ='[1]Sep 2019'!R26 -> 2067623 | P26: ='[1]Sep 2019'!T26 -> 427227 | R26: ='[1]Sep 2019'!V26 -> 58.24 | S26: ='[1]Sep 2019'!W26 -> 5 | T26: ='[1]Sep 2019'!X26 -> 115633 | V26: ='[1]Sep 2019'!BO26 -> 20819 | X26: ='[1]Sep 2019'!Z26 -> 962 | Z26: ='[1]Sep 2019'!AB26 -> 2554 | AH26: ='[1]Sep 2019'!AJ26 -> 8321 | CA26: ='[1]Sep 2019'!CG26 -> 24414 | CD26: ='[1]Sep 2019'!CJ26 -> 32998 | CG26: ='[1]Sep 2019'!CM26 -> 6918 | CJ26: ='[1]Sep 2019'!CP26 -> 82257 | CM26: ='[1]Sep 2019'!CS26 -> 4427 | CP26: ='[1]Sep 2019'!CV26 -> 5352 | CS26: ='[1]Sep 2019'!CY26 -> 2465 | CV26: ='[1]Sep 2019'!DB26 -> 1683 | CY26: ='[1]Sep 2019'!DE26 -> 3618 | DB26: ='[1]Sep 2019'!DH26 -> 3482 | DE26: ='[1]Sep 2019'!DK26 -> 3900 | DH26: ='[1]Sep 2019'!DN26 -> 3203 | DK26: ='[1]Sep 2019'!DQ26 -> 112173 | DM26: ='[1]Sep 2019'!DS26 -> 52938 | DO26: ='[1]Sep 2019'!DU26 -> 15019 | DQ26: ='[1]Sep 2019'!DW26 -> 22622 | DU26: ='[1]Sep 2019'!EA26 -> 0.82
B27: ='[1]Sep 2019'!B27 -> 9690612 | D27: ='[1]Sep 2019'!D27 -> 9295412 | G27: ='[1]Sep 2019'!G27 -> 1264 | J27: 729 | L27: ='[1]Sep 2019'!P27 -> 2327908 | N27: ='[1]Sep 2019'!R27 -> 2068165 | P27: ='[1]Sep 2019'!T27 -> 427316 | R27: ='[1]Sep 2019'!V27 -> 50.81 | S27: ='[1]Sep 2019'!W27 -> 10 | T27: ='[1]Sep 2019'!X27 -> 115855 | V27: ='[1]Sep 2019'!BO27 -> 20905 | X27: ='[1]Sep 2019'!Z27 -> 963 | Z27: ='[1]Sep 2019'!AB27 -> 2563 | AH27: ='[1]Sep 2019'!AJ27 -> 8325 | CA27: ='[1]Sep 2019'!CG27 -> 24440 | CD27: ='[1]Sep 2019'!CJ27 -> 33006 | CG27: ='[1]Sep 2019'!CM27 -> 6945 | CJ27: ='[1]Sep 2019'!CP27 -> 82264 | CM27: ='[1]Sep 2019'!CS27 -> 4439 | CP27: ='[1]Sep 2019'!CV27 -> 5361 | CS27: ='[1]Sep 2019'!CY27 -> 2472 | CV27: ='[1]Sep 2019'!DB27 -> 1684 | CY27: ='[1]Sep 2019'!DE27 -> 3629 | DB27: ='[1]Sep 2019'!DH27 -> 3492 | DE27: ='[1]Sep 2019'!DK27 -> 3911 | DH27: ='[1]Sep 2019'!DN27 -> 3212 | DK27: ='[1]Sep 2019'!DQ27 -> 112173 | DM27: ='[1]Sep 2019'!DS27 -> 52938 | DO27: ='[1]Sep 2019'!DU27 -> 15019 | DQ27: ='[1]Sep 2019'!DW27 -> 22622 | DU27: ='[1]Sep 2019'!EA27 -> 0.69
B28: ='[1]Sep 2019'!B28 -> 9714311 | D28: ='[1]Sep 2019'!D28 -> 9318320 | G28: ='[1]Sep 2019'!G28 -> 1264 | J28: 729 | L28: ='[1]Sep 2019'!P28 -> 2329030 | N28: ='[1]Sep 2019'!R28 -> 2068716 | P28: ='[1]Sep 2019'!T28 -> 427432 | R28: ='[1]Sep 2019'!V28 -> 48.5 | S28: ='[1]Sep 2019'!W28 -> 7 | T28: ='[1]Sep 2019'!X28 -> 116109 | V28: ='[1]Sep 2019'!BO28 -> 20989 | X28: ='[1]Sep 2019'!Z28 -> 964 | Z28: ='[1]Sep 2019'!AB28 -> 2563 | AH28: ='[1]Sep 2019'!AJ28 -> 8327 | CA28: ='[1]Sep 2019'!CG28 -> 24494 | CD28: ='[1]Sep 2019'!CJ28 -> 33009 | CG28: ='[1]Sep 2019'!CM28 -> 6963 | CJ28: ='[1]Sep 2019'!CP28 -> 81270 | CM28: ='[1]Sep 2019'!CS28 -> 4453 | CP28: ='[1]Sep 2019'!CV28 -> 5370 | CS28: ='[1]Sep 2019'!CY28 -> 2472.9 | CV28: ='[1]Sep 2019'!DB28 -> 1685 | CY28: ='[1]Sep 2019'!DE28 -> 3640 | DB28: ='[1]Sep 2019'!DH28 -> 3502 | DE28: ='[1]Sep 2019'!DK28 -> 3919 | DH28: ='[1]Sep 2019'!DN28 -> 3220.6 | DK28: ='[1]Sep 2019'!DQ28 -> 112173 | DM28: ='[1]Sep 2019'!DS28 -> 52938 | DO28: ='[1]Sep 2019'!DU28 -> 15019 | DQ28: ='[1]Sep 2019'!DW28 -> 22622 | DU28: ='[1]Sep 2019'!EA28 -> 0.85
B29: ='[1]Sep 2019'!B29 -> 9739019 | D29: ='[1]Sep 2019'!D29 -> 9342039 | G29: ='[1]Sep 2019'!G29 -> 1264 | J29: 729 | L29: ='[1]Sep 2019'!P29 -> 2330162 | N29: ='[1]Sep 2019'!R29 -> 2069255 | P29: ='[1]Sep 2019'!T29 -> 427491 | R29: ='[1]Sep 2019'!V29 -> 46.83 | S29: ='[1]Sep 2019'!W29 -> 9 | T29: ='[1]Sep 2019'!X29 -> 116341 | V29: ='[1]Sep 2019'!BO29 -> 21072 | X29: ='[1]Sep 2019'!Z29 -> 965 | Z29: ='[1]Sep 2019'!AB29 -> 2573 | AH29: ='[1]Sep 2019'!AJ29 -> 8331 | BZ29: 6712 | CA29: ='[1]Sep 2019'!CG29 -> 24546 | CD29: ='[1]Sep 2019'!CJ29 -> 33017 | CG29: ='[1]Sep 2019'!CM29 -> 6987 | CJ29: ='[1]Sep 2019'!CP29 -> 82276 | CM29: ='[1]Sep 2019'!CS29 -> 4464 | CP29: ='[1]Sep 2019'!CV29 -> 5379 | CS29: ='[1]Sep 2019'!CY29 -> 2484 | CV29: ='[1]Sep 2019'!DB29 -> 1686.7 | CY29: ='[1]Sep 2019'!DE29 -> 3650 | DB29: ='[1]Sep 2019'!DH29 -> 3511 | DE29: ='[1]Sep 2019'!DK29 -> 3926 | DH29: ='[1]Sep 2019'!DN29 -> 3227 | DK29: ='[1]Sep 2019'!DQ29 -> 112173 | DM29: ='[1]Sep 2019'!DS29 -> 52938 | DO29: ='[1]Sep 2019'!DU29 -> 15019 | DQ29: ='[1]Sep 2019'!DW29 -> 22622 | DU29: ='[1]Sep 2019'!EA29 -> 0.85
B30: ='[1]Sep 2019'!B30 -> 9764276 | D30: ='[1]Sep 2019'!D30 -> 9369634 | G30: ='[1]Sep 2019'!G30 -> 1264 | J30: 729 | L30: ='[1]Sep 2019'!P30 -> 2331403 | N30: ='[1]Sep 2019'!R30 -> 2069799 | P30: ='[1]Sep 2019'!T30 -> 427500 | R30: ='[1]Sep 2019'!V30 -> 68.42 | S30: ='[1]Sep 2019'!W30 -> 16 | T30: ='[1]Sep 2019'!X30 -> 116799 | V30: ='[1]Sep 2019'!BO30 -> 21156 | X30: ='[1]Sep 2019'!Z30 -> 965 | Z30: ='[1]Sep 2019'!AB30 -> 2583 | AH30: ='[1]Sep 2019'!AJ30 -> 8335 | CA30: ='[1]Sep 2019'!CG30 -> 24606 | CD30: ='[1]Sep 2019'!CJ30 -> 33026 | CG30: ='[1]Sep 2019'!CM30 -> 7009 | CJ30: ='[1]Sep 2019'!CP30 -> 82281 | CM30: ='[1]Sep 2019'!CS30 -> 4477 | CP30: ='[1]Sep 2019'!CV30 -> 5388 | CS30: ='[1]Sep 2019'!CY30 -> 2490 | CV30: ='[1]Sep 2019'!DB30 -> 1687.8 | CY30: ='[1]Sep 2019'!DE30 -> 3659 | DB30: ='[1]Sep 2019'!DH30 -> 3521 | DE30: ='[1]Sep 2019'!DK30 -> 3936 | DH30: ='[1]Sep 2019'!DN30 -> 3235 | DK30: ='[1]Sep 2019'!DQ30 -> 112173 | DM30: ='[1]Sep 2019'!DS30 -> 52938 | DO30: ='[1]Sep 2019'!DU30 -> 15111 | DQ30: ='[1]Sep 2019'!DW30 -> 22622 | DU30: ='[1]Sep 2019'!EA30 -> 0.82
B31: ='[1]Sep 2019'!B31 -> 9788235 | D31: ='[1]Sep 2019'!D31 -> 9389524 | G31: ='[1]Sep 2019'!G31 -> 1264 | J31: 729 | L31: ='[1]Sep 2019'!P31 -> 2332288 | N31: ='[1]Sep 2019'!R31 -> 2070337 | P31: ='[1]Sep 2019'!T31 -> 427708 | R31: ='[1]Sep 2019'!V31 -> 61.73 | S31: ='[1]Sep 2019'!W31 -> 5 | T31: ='[1]Sep 2019'!X31 -> 116939 | V31: ='[1]Sep 2019'!BO31 -> 21234 | X31: ='[1]Sep 2019'!Z31 -> 965 | Z31: ='[1]Sep 2019'!AB31 -> 2585 | AH31: ='[1]Sep 2019'!AJ31 -> 8338 | CA31: ='[1]Sep 2019'!CG31 -> 24663 | CD31: ='[1]Sep 2019'!CJ31 -> 33034 | CG31: ='[1]Sep 2019'!CM31 -> 7031 | CJ31: ='[1]Sep 2019'!CP31 -> 82286 | CM31: ='[1]Sep 2019'!CS31 -> 4486 | CP31: ='[1]Sep 2019'!CV31 -> 5398 | CS31: ='[1]Sep 2019'!CY31 -> 2497 | CV31: ='[1]Sep 2019'!DB31 -> 1688.9 | CY31: ='[1]Sep 2019'!DE31 -> 3669 | DB31: ='[1]Sep 2019'!DH31 -> 3531 | DE31: ='[1]Sep 2019'!DK31 -> 3945 | DH31: ='[1]Sep 2019'!DN31 -> 3242 | DK31: ='[1]Sep 2019'!DQ31 -> 112173 | DM31: ='[1]Sep 2019'!DS31 -> 52938 | DO31: ='[1]Sep 2019'!DU31 -> 15111 | DQ31: ='[1]Sep 2019'!DW31 -> 22622 | DU31: ='[1]Sep 2019'!EA31 -> 0.88
B32: ='[1]Sep 2019'!B32 -> 9813889 | D32: ='[1]Sep 2019'!D32 -> 9414268 | G32: ='[1]Sep 2019'!G32 -> 1264 | J32: 729 | L32: ='[1]Sep 2019'!P32 -> 2333027 | N32: ='[1]Sep 2019'!R32 -> 2070888 | P32: ='[1]Sep 2019'!T32 -> 427772 | R32: ='[1]Sep 2019'!V32 -> 60.13 | S32: ='[1]Sep 2019'!W32 -> 8 | T32: ='[1]Sep 2019'!X32 -> 117024 | V32: ='[1]Sep 2019'!BO32 -> 21378 | X32: ='[1]Sep 2019'!Z32 -> 965 | Z32: ='[1]Sep 2019'!AB32 -> 2606 | AH32: ='[1]Sep 2019'!AJ32 -> 8341 | CA32: ='[1]Sep 2019'!CG32 -> 24718 | CD32: ='[1]Sep 2019'!CJ32 -> 33042 | CG32: ='[1]Sep 2019'!CM32 -> 7053 | CJ32: ='[1]Sep 2019'!CP32 -> 82295 | CM32: ='[1]Sep 2019'!CS32 -> 4497 | CP32: ='[1]Sep 2019'!CV32 -> 5407 | CS32: ='[1]Sep 2019'!CY32 -> 2503 | CV32: ='[1]Sep 2019'!DB32 -> 1690 | CY32: ='[1]Sep 2019'!DE32 -> 3679 | DB32: ='[1]Sep 2019'!DH32 -> 3541 | DE32: ='[1]Sep 2019'!DK32 -> 3955 | DH32: ='[1]Sep 2019'!DN32 -> 3250 | DK32: ='[1]Sep 2019'!DQ32 -> 112173 | DM32: ='[1]Sep 2019'!DS32 -> 52938 | DO32: ='[1]Sep 2019'!DU32 -> 15111 | DQ32: ='[1]Sep 2019'!DW32 -> 22622 | DU32: ='[1]Sep 2019'!EA32 -> 0.77
B33: ='[1]Sep 2019'!B33 -> 9838014 | D33: ='[1]Sep 2019'!D33 -> 9437590 | G33: ='[1]Sep 2019'!G33 -> 1264 | J33: 729 | L33: ='[1]Sep 2019'!P33 -> 2334027 | N33: ='[1]Sep 2019'!R33 -> 2071438 | P33: ='[1]Sep 2019'!T33 -> 427875 | R33: ='[1]Sep 2019'!V33 -> 67.77 | S33: ='[1]Sep 2019'!W33 -> 8 | T33: ='[1]Sep 2019'!X33 -> 117307 | V33: ='[1]Sep 2019'!BO33 -> 21407 | X33: ='[1]Sep 2019'!Z33 -> 966 | Z33: ='[1]Sep 2019'!AB33 -> 2607 | AH33: ='[1]Sep 2019'!AJ33 -> 8343 | CA33: ='[1]Sep 2019'!CG33 -> 24757 | CD33: ='[1]Sep 2019'!CJ33 -> 33050 | CG33: ='[1]Sep 2019'!CM33 -> 7073 | CJ33: ='[1]Sep 2019'!CP33 -> 82301 | CM33: ='[1]Sep 2019'!CS33 -> 4506 | CP33: ='[1]Sep 2019'!CV33 -> 5415 | CS33: ='[1]Sep 2019'!CY33 -> 2506 | CV33: ='[1]Sep 2019'!DB33 -> 1691 | CY33: ='[1]Sep 2019'!DE33 -> 3688 | DB33: ='[1]Sep 2019'!DH33 -> 3550 | DE33: ='[1]Sep 2019'!DK33 -> 3964 | DH33: ='[1]Sep 2019'!DN33 -> 3258 | DK33: ='[1]Sep 2019'!DQ33 -> 114104 | DM33: ='[1]Sep 2019'!DS33 -> 53636 | DO33: ='[1]Sep 2019'!DU33 -> 15139 | DQ33: ='[1]Sep 2019'!DW33 -> 22854 | DU33: ='[1]Sep 2019'!EA33 -> 0.76
B34: ='[1]Sep 2019'!B34 -> 0 | D34: ='[1]Sep 2019'!D34 -> 0 | G34: ='[1]Sep 2019'!G34 -> 0 | J34: 0 | L34: ='[1]Sep 2019'!L34 -> 0 | N34: ='[1]Sep 2019'!R34 -> 0 | O34: ='[1]Sep 2019'!O34 -> 0 | V34: ='[1]Sep 2019'!BO34 -> 0 | AH34: ='[1]Sep 2019'!AJ34 -> 0 | CA34: ='[1]Sep 2019'!CG34 -> 0 | CG34: ='[1]Sep 2019'!CM34 -> 0 | CM34: ='[1]Sep 2019'!CS34 -> 0 | DK34: ='[1]Sep 2019'!DQ34 -> 0 | DU34: ='[1]Sep 2019'!EA34 -> 0
