Workbook

Sheet TOTAL
A1: Site Name | B1: Day | C1: Month | D1: Year | E1: Total Electricity Kwh | F1: Electricity Tariff ($/Kwh) | G1: Natual Gas (m3) | H1: Natural Gas $/m3 | I1: Water Utility Supply (m3) m3 | J1: Water Utility Supply (m3) $/m3 | K1: Room Nights | L1: Total Guests
A2: Milan | B2: 1 | C2: 2 | D2: 2020 | E2: ='Hotel Data'!X5 -> 11107.8 | F2: 0.1431 | G2: ='Hotel Data'!E5 -> 319 | H2: 0.4279 | I2: ='Hotel Data'!K5 -> 171 | J2: 0.98 | K2: 82 | L2: 148
A3: Milan | B3: =B2+1 -> 2 | C3: 2 | D3: 2020 | E3: ='Hotel Data'!X6 -> 11391.6 | F3: 0.1431 | G3: ='Hotel Data'!E6 -> 502 | H3: 0.4279 | I3: ='Hotel Data'!K6 -> 137 | J3: 0.98 | K3: 99 | L3: 155
A4: Milan | B4: =B3+1 -> 3 | C4: 2 | D4: 2020 | E4: ='Hotel Data'!X7 -> 11166.8 | F4: 0.1431 | G4: ='Hotel Data'!E7 -> 342 | H4: 0.4279 | I4: ='Hotel Data'!K7 -> 126 | J4: 0.98 | K4: 99 | L4: 155
A5: Milan | B5: =B4+1 -> 4 | C5: 2 | D5: 2020 | E5: ='Hotel Data'!X8 -> 10769.6 | F5: 0.1431 | G5: ='Hotel Data'!E8 -> 424 | H5: 0.4279 | I5: ='Hotel Data'!K8 -> 136 | J5: 0.98 | K5: 99 | L5: 142
A6: Milan | B6: =B5+1 -> 5 | C6: 2 | D6: 2020 | E6: ='Hotel Data'!X9 -> 10673.6 | F6: 0.1431 | G6: ='Hotel Data'!E9 -> 437 | H6: 0.4279 | I6: ='Hotel Data'!K9 -> 124 | J6: 0.98 | K6: 88 | L6: 136
A7: Milan | B7: =B6+1 -> 6 | C7: 2 | D7: 2020 | E7: ='Hotel Data'!X10 -> 10660 | F7: 0.1431 | G7: ='Hotel Data'!E10 -> 503 | H7: 0.4279 | I7: ='Hotel Data'!K10 -> 115 | J7: 0.98 | K7: 72 | L7: 127
A8: Milan | B8: =B7+1 -> 7 | C8: 2 | D8: 2020 | E8: ='Hotel Data'!X11 -> 10705 | F8: 0.1431 | G8: ='Hotel Data'!E11 -> 467 | H8: 0.4279 | I8: ='Hotel Data'!K11 -> 115 | J8: 0.98 | K8: 72 | L8: 127
A9: Milan | B9: =B8+1 -> 8 | C9: 2 | D9: 2020 | E9: ='Hotel Data'!X12 -> 10701 | F9: 0.1431 | G9: ='Hotel Data'!E12 -> 437 | H9: 0.4279 | I9: ='Hotel Data'!K12 -> 126 | J9: 0.98 | K9: 65 | L9: 114
A10: Milan | B10: =B9+1 -> 9 | C10: 2 | D10: 2020 | E10: ='Hotel Data'!X13 -> 10589 | F10: 0.1431 | G10: ='Hotel Data'!E13 -> 499 | H10: 0.4279 | I10: ='Hotel Data'!K13 -> 121 | J10: 0.98 | K10: 41 | L10: 76
A11: Milan | B11: =B10+1 -> 10 | C11: 2 | D11: 2020 | E11: ='Hotel Data'!X14 -> 10509.4 | F11: 0.1431 | G11: ='Hotel Data'!E14 -> 391 | H11: 0.4279 | I11: ='Hotel Data'!K14 -> 98 | J11: 0.98 | K11: 54 | L11: 83
A12: Milan | B12: =B11+1 -> 11 | C12: 2 | D12: 2020 | E12: ='Hotel Data'!X15 -> 10890.2 | F12: 0.1431 | G12: ='Hotel Data'!E15 -> 259 | H12: 0.4279 | I12: ='Hotel Data'!K15 -> 109 | J12: 0.98 | K12: 67 | L12: 102
A13: Milan | B13: =B12+1 -> 12 | C13: 2 | D13: 2020 | E13: ='Hotel Data'!X16 -> 11015 | F13: 0.1431 | G13: ='Hotel Data'!E16 -> 161 | H13: 0.4279 | I13: ='Hotel Data'!K16 -> 108 | J13: 0.98 | K13: 73 | L13: 103
A14: Milan | B14: =B13+1 -> 13 | C14: 2 | D14: 2020 | E14: ='Hotel Data'!X17 -> 10915.6 | F14: 0.1431 | G14: ='Hotel Data'!E17 -> 258 | H14: 0.4279 | I14: ='Hotel Data'!K17 -> 116 | J14: 0.98 | K14: 103 | L14: 163
... A21: Milan | B21: =B20+1 -> 20 | C21: 2 | D21: 2020 | E21: ='Hotel Data'!X24 -> 11512.4 | F21: 0.1431 | G21: ='Hotel Data'!E24 -> 281 | H21: 0.4279 | I21: ='Hotel Data'!K24 -> 151 | J21: 0.98 | K21: 108 | L21: 150
A22: Milan | B22: =B21+1 -> 21 | C22: 2 | D22: 2020 | E22: ='Hotel Data'!X25 -> 0 | F22: 0.1431 | G22: ='Hotel Data'!E25 -> 0 | H22: 0.4279 | I22: ='Hotel Data'!K25 -> 0 | J22: 0.98
A23: Milan | B23: =B22+1 -> 22 | C23: 2 | D23: 2020 | E23: ='Hotel Data'!X26 -> 0 | F23: 0.1431 | G23: ='Hotel Data'!E26 -> 0 | H23: 0.4279 | I23: ='Hotel Data'!K26 -> 0 | J23: 0.98
A24: Milan | B24: =B23+1 -> 23 | C24: 2 | D24: 2020 | E24: ='Hotel Data'!X27 -> 0 | F24: 0.1431 | G24: ='Hotel Data'!E27 -> 0 | H24: 0.4279 | I24: ='Hotel Data'!K27 -> 0 | J24: 0.98
A25: Milan | B25: =B24+1 -> 24 | C25: 2 | D25: 2020 | E25: ='Hotel Data'!X28 -> 0 | F25: 0.1431 | G25: ='Hotel Data'!E28 -> 0 | H25: 0.4279 | I25: ='Hotel Data'!K28 -> 0 | J25: 0.98
A26: Milan | B26: =B25+1 -> 25 | C26: 2 | D26: 2020 | E26: ='Hotel Data'!X29 -> 0 | F26: 0.1431 | G26: ='Hotel Data'!E29 -> 0 | H26: 0.4279 | I26: ='Hotel Data'!K29 -> 0 | J26: 0.98
A27: Milan | B27: =B26+1 -> 26 | C27: 2 | D27: 2020 | E27: ='Hotel Data'!X30 -> 0 | F27: 0.1431 | G27: ='Hotel Data'!E30 -> 0 | H27: 0.4279 | I27: ='Hotel Data'!K30 -> 0 | J27: 0.98
A28: Milan | B28: =B27+1 -> 27 | C28: 2 | D28: 2020 | E28: ='Hotel Data'!X31 -> 0 | F28: 0.1431 | G28: ='Hotel Data'!E31 -> 0 | H28: 0.4279 | I28: ='Hotel Data'!K31 -> 0 | J28: 0.98
A29: Milan | B29: =B28+1 -> 28 | C29: 2 | D29: 2020 | E29: ='Hotel Data'!X32 -> 0 | F29: 0.1431 | G29: ='Hotel Data'!E32 -> 0 | H29: 0.4279 | I29: ='Hotel Data'!K32 -> 0 | J29: 0.98

Sheet Submetering 
A1: Site Name | B1: Day | C1: Month | D1: Year | E1: GAS RISCALD.(m3) | F1: GAS CUCINA (m3) | G1: H2O CONDIZION.ADD (m3) | H1: REINT. H2O ADD (m3) | I1: H2O ADD F CUC P (m3) | J1: H2O SANIT. CALDA (m3) | K1: ENEL CUC.PRINC. P (KWh) | L1: ENEL CUC.PRINC. N. (KWh) | M1: ENEL CUC.PREP. (KWh) | N1: ENEL CUC.VERANDA (KWh) | O1: ENEL LAVANDERIA (KWh) | P1: Room Nights
A3: Milan | B3: 1 | C3: 2 | D3: 2020 | E3: ='Hotel Data'!E5 -> 319 | F3: ='Hotel Data'!G5 -> 12 | G3: ='Hotel Data'!O5 -> 0 | H3: ='Hotel Data'!Q5 -> 0 | I3: ='Hotel Data'!S5 -> 36 | J3: ='Hotel Data'!U5 -> 217 | K3: ='Hotel Data'!AD5 -> 311.1 | L3: ='Hotel Data'!AG5 -> 1236.3 | M3: ='Hotel Data'!AJ5 -> 312 | N3: ='Hotel Data'!AN5 -> 655.22 | O3: ='Hotel Data'!AR5 -> 248 | P3: =TOTAL!K2 -> 82
A4: Milan | B4: =B3+1 -> 2 | C4: 2 | D4: 2020 | E4: ='Hotel Data'!E6 -> 502 | F4: ='Hotel Data'!G6 -> 2 | G4: ='Hotel Data'!O6 -> 0 | H4: ='Hotel Data'!Q6 -> 0 | I4: ='Hotel Data'!S6 -> 4 | J4: ='Hotel Data'!U6 -> 28 | K4: ='Hotel Data'!AD6 -> 316.79 | L4: ='Hotel Data'!AG6 -> 1264.4 | M4: ='Hotel Data'!AJ6 -> 272 | N4: ='Hotel Data'!AN6 -> 655.33 | O4: ='Hotel Data'!AR6 -> 296 | P4: =TOTAL!K3 -> 99
A5: Milan | B5: =B4+1 -> 3 | C5: 2 | D5: 2020 | E5: ='Hotel Data'!E7 -> 342 | F5: ='Hotel Data'!G7 -> 1 | G5: ='Hotel Data'!O7 -> 0 | H5: ='Hotel Data'!Q7 -> 0 | I5: ='Hotel Data'!S7 -> 4 | J5: ='Hotel Data'!U7 -> 30 | K5: ='Hotel Data'!AD7 -> 309.11 | L5: ='Hotel Data'!AG7 -> 1367.5 | M5: ='Hotel Data'!AJ7 -> 312 | N5: ='Hotel Data'!AN7 -> 504.78 | O5: ='Hotel Data'!AR7 -> 264 | P5: =TOTAL!K4 -> 99
A6: Milan | B6: =B5+1 -> 4 | C6: 2 | D6: 2020 | E6: ='Hotel Data'!E8 -> 424 | F6: ='Hotel Data'!G8 -> 3 | G6: ='Hotel Data'!O8 -> 0 | H6: ='Hotel Data'!Q8 -> 0 | I6: ='Hotel Data'!S8 -> 4 | J6: ='Hotel Data'!U8 -> 32 | K6: ='Hotel Data'!AD8 -> 311.55 | L6: ='Hotel Data'!AG8 -> 1233 | M6: ='Hotel Data'!AJ8 -> 296 | N6: ='Hotel Data'!AN8 -> 453.58 | O6: ='Hotel Data'!AR8 -> 288 | P6: =TOTAL!K5 -> 99
A7: Milan | B7: =B6+1 -> 5 | C7: 2 | D7: 2020 | E7: ='Hotel Data'!E9 -> 437 | F7: ='Hotel Data'!G9 -> 1 | G7: ='Hotel Data'!O9 -> 1 | H7: ='Hotel Data'!Q9 -> 0 | I7: ='Hotel Data'!S9 -> 6 | J7: ='Hotel Data'!U9 -> 28 | K7: ='Hotel Data'!AD9 -> 309.12 | L7: ='Hotel Data'!AG9 -> 1258.4 | M7: ='Hotel Data'!AJ9 -> 224 | N7: ='Hotel Data'!AN9 -> 422.73 | O7: ='Hotel Data'!AR9 -> 248 | P7: =TOTAL!K6 -> 88
A8: Milan | B8: =B7+1 -> 6 | C8: 2 | D8: 2020 | E8: ='Hotel Data'!E10 -> 503 | F8: ='Hotel Data'!G10 -> 2 | G8: ='Hotel Data'!O10 -> 0 | H8: ='Hotel Data'!Q10 -> 0 | I8: ='Hotel Data'!S10 -> 2 | J8: ='Hotel Data'!U10 -> 29 | K8: ='Hotel Data'!AD10 -> 307.58 | L8: ='Hotel Data'!AG10 -> 1376.7 | M8: ='Hotel Data'!AJ10 -> 240 | N8: ='Hotel Data'!AN10 -> 377.31 | O8: ='Hotel Data'!AR10 -> 264 | P8: =TOTAL!K7 -> 72
A9: Milan | B9: =B8+1 -> 7 | C9: 2 | D9: 2020 | E9: ='Hotel Data'!E11 -> 467 | F9: ='Hotel Data'!G11 -> 1 | G9: ='Hotel Data'!O11 -> 0 | H9: ='Hotel Data'!Q11 -> 0 | I9: ='Hotel Data'!S11 -> 3 | J9: ='Hotel Data'!U11 -> 27 | K9: ='Hotel Data'!AD11 -> 301.27 | L9: ='Hotel Data'!AG11 -> 1225.7 | M9: ='Hotel Data'!AJ11 -> 224 | N9: ='Hotel Data'!AN11 -> 400.93 | O9: ='Hotel Data'!AR11 -> 216 | P9: =TOTAL!K8 -> 72
A10: Milan | B10: =B9+1 -> 8 | C10: 2 | D10: 2020 | E10: ='Hotel Data'!E12 -> 437 | F10: ='Hotel Data'!G12 -> 3 | G10: ='Hotel Data'!O12 -> 0 | H10: ='Hotel Data'!Q12 -> 0 | I10: ='Hotel Data'!S12 -> 5 | J10: ='Hotel Data'!U12 -> 25 | K10: ='Hotel Data'!AD12 -> 313.45 | L10: ='Hotel Data'!AG12 -> 1347.7 | M10: ='Hotel Data'!AJ12 -> 296 | N10: ='Hotel Data'!AN12 -> 483.01 | O10: ='Hotel Data'!AR12 -> 296 | P10: =TOTAL!K9 -> 65
A11: Milan | B11: =B10+1 -> 9 | C11: 2 | D11: 2020 | E11: ='Hotel Data'!E13 -> 499 | F11: ='Hotel Data'!G13 -> 3 | G11: ='Hotel Data'!O13 -> 0 | H11: ='Hotel Data'!Q13 -> 0 | I11: ='Hotel Data'!S13 -> 3 | J11: ='Hotel Data'!U13 -> 25 | K11: ='Hotel Data'!AD13 -> 313.18 | L11: ='Hotel Data'!AG13 -> 1373.1 | M11: ='Hotel Data'!AJ13 -> 280 | N11: ='Hotel Data'!AN13 -> 430.4 | O11: ='Hotel Data'!AR13 -> 280 | P11: =TOTAL!K10 -> 41
A12: Milan | B12: =B11+1 -> 10 | C12: 2 | D12: 2020 | E12: ='Hotel Data'!E14 -> 391 | F12: ='Hotel Data'!G14 -> 5 | G12: ='Hotel Data'!O14 -> 0 | H12: ='Hotel Data'!Q14 -> 0 | I12: ='Hotel Data'!S14 -> 3 | J12: ='Hotel Data'!U14 -> 20 | K12: ='Hotel Data'!AD14 -> 298.02 | L12: ='Hotel Data'!AG14 -> 1163.8 | M12: ='Hotel Data'!AJ14 -> 200 | N12: ='Hotel Data'!AN14 -> 655.34 | O12: ='Hotel Data'!AR14 -> 240 | P12: =TOTAL!K11 -> 54
A13: Milan | B13: =B12+1 -> 11 | C13: 2 | D13: 2020 | E13: ='Hotel Data'!E15 -> 259 | F13: ='Hotel Data'!G15 -> 2 | G13: ='Hotel Data'!O15 -> 0 | H13: ='Hotel Data'!Q15 -> 0 | I13: ='Hotel Data'!S15 -> 4 | J13: ='Hotel Data'!U15 -> 21 | K13: ='Hotel Data'!AD15 -> 300.62 | L13: ='Hotel Data'!AG15 -> 1376.8 | M13: ='Hotel Data'!AJ15 -> 296 | N13: ='Hotel Data'!AN15 -> 398.72 | O13: ='Hotel Data'!AR15 -> 200 | P13: =TOTAL!K12 -> 67
A14: Milan | B14: =B13+1 -> 12 | C14: 2 | D14: 2020 | E14: ='Hotel Data'!E16 -> 161 | F14: ='Hotel Data'!G16 -> 2 | G14: ='Hotel Data'!O16 -> 0 | H14: ='Hotel Data'!Q16 -> 0 | I14: ='Hotel Data'!S16 -> 4 | J14: ='Hotel Data'!U16 -> 24 | K14: ='Hotel Data'!AD16 -> 313.15 | L14: ='Hotel Data'!AG16 -> 1252.7 | M14: ='Hotel Data'!AJ16 -> 200 | N14: ='Hotel Data'!AN16 -> 424.51 | O14: ='Hotel Data'!AR16 -> 296 | P14: =TOTAL!K13 -> 73
A15: Milan | B15: =B14+1 -> 13 | C15: 2 | D15: 2020 | E15: ='Hotel Data'!E17 -> 258 | F15: ='Hotel Data'!G17 -> 1 | G15: ='Hotel Data'!O17 -> 0 | H15: ='Hotel Data'!Q17 -> 0 | I15: ='Hotel Data'!S17 -> 3 | J15: ='Hotel Data'!U17 -> 24 | K15: ='Hotel Data'!AD17 -> 306.6 | L15: ='Hotel Data'!AG17 -> 1295.7 | M15: ='Hotel Data'!AJ17 -> 224 | N15: ='Hotel Data'!AN17 -> 419.66 | O15: ='Hotel Data'!AR17 -> 296 | P15: =TOTAL!K14 -> 103
... A30: Milan | B30: =B29+1 -> 28 | C30: 2 | D30: 2020 | E30: ='Hotel Data'!E32 -> 0 | F30: ='Hotel Data'!G32 -> 0 | G30: ='Hotel Data'!O32 -> 0 | H30: ='Hotel Data'!Q32 -> 0 | I30: ='Hotel Data'!S32 -> 0 | J30: ='Hotel Data'!U32 -> 0 | K30: ='Hotel Data'!AD32 -> 0 | L30: ='Hotel Data'!AG32 -> 0 | M30: ='Hotel Data'!AJ32 -> 0 | N30: ='Hotel Data'!AN32 -> 0 | O30: ='Hotel Data'!AR32 -> 0 | P30: =TOTAL!K29 -> 0

Sheet Hotel Data
D1: GAS RISCALD. | F1: GAS CUCINA | H1: H2O GENERALE | N1: H2O CONDIZION.ADD | P1: REINT. H2O ADD rfrig | R1: H2O ADD F CUC P | T1: H2O SANIT. CALDA | V1: ENEL ATTIVA | Y1: ENEL REATT. | AB1: ENEL CUC.PRINC. P | AE1: ENEL CUC.PRINC. N. | AH1: ENEL CUC.PREP. | AL1: ENEL CUC.VERANDA | AP1: ENEL LAVANDERIA | AS1: TEMPER.GG. | AU1: RICAVI | AV1: REFRIGERATA | AW1: lt/ G | AZ1: GAS RISCALDAM. | BA1: GAS CUCINA | BB1: ACQUA GENER. | BC1: ACQUA CONDIZ. | BD1: ENERGIA | BE1: Proiezione BA | BF1: ENEL CUC.PRINC | BG1: ENEL CUC.PREP. | BH1: ENEL CUC.VER. | BI1: ENEL LAVAND.
A3: GG | B3: ORA | C3: NOTE | D3: LETTURA MC | E3: DIFF. G | F3: LETTURA MC | G3: DIFF. G | H3: LETTURA MC | I3: DIFF. G | J3: lett. BA | K3: DIFF. G | L3: GUESTS | M3: mcxcl | N3: LETTURA MC | O3: DIFF. G | P3: LETTURA MC | Q3: DIFF. G | R3: LETTURA MC | S3: DIFF. G | T3: LETTURA MC | U3: DIFF. G | V3: LET. KWH*2200 | W3: DIFF. G | X3: Consumo BA | Y3: LET.KWT | Z3: DIFF. G | AB3: LET. KWH | AC3: DIFF. G | AD3: Consumo BA | AE3: LET. KWH | AF3: DIFF. G | AG3: Consumo BA | AH3: LET. KWH*80 | AI3: DIFF. G | AJ3: Consumo BA | AK3: COVERS | AL3: LET. KWH | AM3: DIFF. G | AN3: Consumo BA | AO3: COVERS | AP3: LET. KWH*80 | AQ3: DIFF. G | AR3: Consumo BA | AS3: MIN | AT3: MAX | AU3: LAVANDERIA
D4: 46211 | F4: =[1]January!F33 -> 6578 | H4: =[1]January!H33 -> 523901 | J4: 495004 | N4: =[1]January!N33 -> 87312 | P4: =[1]January!P33 -> 79200 | R4: =[1]January!R33 -> 14225 | T4: =[1]January!T33 -> 168606 | V4: =[1]January!V33 -> 0 | X4: =[1]January!X33 -> 10704.8 | Y4: =[1]January!Y33 -> 0 | AA4: =[1]January!AA33 -> 2093.6 | AB4: =[1]January!AB33 -> 0 | AD4: =[1]January!AD33 -> 303.39 | AE4: =[1]January!AE33 -> 0 | AG4: =[1]January!AG33 -> 1139.1 | AH4: =[1]January!AH33 -> 0 | AJ4: =[1]January!AJ33 -> 232 | AL4: =[1]January!AL33 -> 0 | AN4: =[1]January!AN33 -> 655.01 | AP4: =[1]January!AP33 -> 0 | AR4: =[1]January!AR33 -> 288 | AZ4: 28000 | BA4: 130 | BB4: =H40 -> 0 | BC4: =N43 -> 20 | BD4: 370000 | BE4: =BD4 -> 370000 | BF4: 38650 | BG4: 6808 | BH4: 18616 | BI4: 9336
A5: 1 | B5: 00:00 | D5: 46530 | E5: =IF(ISBLANK(D5),0,D5-D4) -> 319 | F5: 6590 | G5: =IF(ISBLANK(F5),0,F5-F4) -> 12 | H5: 524918 | I5: =IF(ISBLANK(H5),0,H5-H4) -> 1017 | J5: 495175 | K5: =IF(ISBLANK(J5),0,J5-J4) -> 171 | M5: =I5/L5 -> #DIV/0! | N5: 87312 | O5: =IF(ISBLANK(N5),0,N5-N4) -> 0 | P5: 79200 | Q5: =IF(ISBLANK(P5),0,P5-P4) -> 0 | R5: 14261 | S5: =IF(ISBLANK(R5),0,R5-R4) -> 36 | T5: 168823 | U5: =IF(ISBLANK(T5),0,T5-T4) -> 217 | X5: 11107.8 | Z5: =IF(ISBLANK(Y5),0,Y5-Y4)*2200 -> 0 | AA5: 2132.2 | AC5: =IF(ISBLANK(AB5),0,SUM(AB5-AB4)) -> 0 | AD5: 311.1 | AF5: =IF(ISBLANK(AE5),0,SUM(AE5-AE4)) -> 0 | AG5: 1236.3 | AI5: =IF(ISBLANK(AH5),0,AH5-AH4)*80 -> 0 | AJ5: 312 | AM5: =IF(ISBLANK(AL5),0,AL5-AL4) -> 0 | AN5: 655.22 | AQ5: =IF(ISBLANK(AP5),0,AP5-AP4)*80 -> 0 | AR5: 248 | AS5: 7 | AT5: 10 | AY5: 1 | AZ5: =IF(D5<>0,(+D5-D$10)/A5*D$5,0) -> -102738240 | BA5: =IF(F5<>0,(+F5-F$10)/$A5*D$5,0) -> -418770 | BB5: =IF(H5<>0,(+H5-H$10)/$A5*D$5,0) -> -31082040 | BC5: =IF(N5<>0,(+N5-N$10)/$A5*D$5,0) -> -46530 | BD5: =IF(V5<>0,(+V5-V$10)*2200/$A5*D$5,0) -> 0 | BE5: =IF(X5<>0,AVERAGE(X5:X$11)*D$5,) -> 5.0833626e+08 | BF5: =IF(AD5+AG5<>0,AVERAGE(AD5:AD$11)*D$5+AVERAGE(AG5:AG$11)*D$5,) -> 73972862 | BG5: =AVERAGE(AD5:AD$11)*D$5 -> 14401168 | BH5: =AVERAGE(AN5:AN$11)*D$5 -> 23064788 | BI5: =AVERAGE(AR5:AR$11)*D$5 -> 12124389
A6: =1+A5 -> 2 | B6: 00:00 | D6: 47032 | E6: =IF(ISBLANK(D6),0,D6-D5) -> 502 | F6: 6592 | G6: =IF(ISBLANK(F6),0,F6-F5) -> 2 | H6: 525062 | I6: =IF(ISBLANK(H6),0,H6-H5) -> 144 | J6: 495312 | K6: =IF(ISBLANK(J6),0,J6-J5) -> 137 | M6: =I6/L6 -> #DIV/0! | N6: 87312 | O6: =IF(ISBLANK(N6),0,N6-N5) -> 0 | P6: 79200 | Q6: =IF(ISBLANK(P6),0,P6-P5) -> 0 | R6: 14265 | S6: =IF(ISBLANK(R6),0,R6-R5) -> 4 | T6: 168851 | U6: =IF(ISBLANK(T6),0,T6-T5) -> 28 | X6: 11391.6 | Z6: =IF(ISBLANK(Y6),0,Y6-Y5)*2200 -> 0 | AA6: 2204 | AC6: =IF(ISBLANK(AB6),0,SUM(AB6-AB5)) -> 0 | AD6: 316.79 | AF6: =IF(ISBLANK(AE6),0,SUM(AE6-AE5)) -> 0 | AG6: 1264.4 | AI6: =IF(ISBLANK(AH6),0,AH6-AH5)*80 -> 0 | AJ6: 272 | AM6: =IF(ISBLANK(AL6),0,AL6-AL5) -> 0 | AN6: 655.33 | AQ6: =IF(ISBLANK(AP6),0,AP6-AP5)*80 -> 0 | AR6: 296 | AS6: 6 | AT6: 13 | AU6: 1 | AV6: 3.319 | AY6: =1+AY5 -> 2 | AZ6: =IF(D6<>0,(+D6-D$10)/A6*D$5,0) -> -39690090 | BA6: =IF(F6<>0,(+F6-F$10)/$A6*D$5,0) -> -162855 | BB6: =IF(H6<>0,(+H6-H$10)/$A6*D$5,0) -> -12190860 | BC6: =IF(N6<>0,(+N6-N$10)/$A6*D$5,0) -> -23265 | BD6: =IF(V6<>0,(+V6-V$10)*2200/$A6*D$5,0) -> 0 | BE6: =IF(X6<>0,AVERAGE(X6:X$11)*D$5,) -> 5.0691798e+08 | BF6: =IF(AD6+AG6<>0,AVERAGE(AD6:AD$11)*D$5+AVERAGE(AG6:AG$11)*D$5,) -> 74301586 | BG6: =AVERAGE(AD6:AD$11)*D$5 -> 14388782 | BH6: =AVERAGE(AN6:AN$11)*D$5 -> 21827688 | BI6: =AVERAGE(AR6:AR$11)*D$5 -> 12221880
A7: =1+A6 -> 3 | B7: 00:00 | D7: 47374 | E7: =IF(ISBLANK(D7),0,D7-D6) -> 342 | F7: 6593 | G7: =IF(ISBLANK(F7),0,F7-F6) -> 1 | H7: 525193 | I7: =IF(ISBLANK(H7),0,H7-H6) -> 131 | J7: 495438 | K7: =IF(ISBLANK(J7),0,J7-J6) -> 126 | M7: =I7/L7 -> #DIV/0! | N7: 87312 | O7: =IF(ISBLANK(N7),0,N7-N6) -> 0 | P7: 79200 | Q7: =IF(ISBLANK(P7),0,P7-P6) -> 0 | R7: 14269 | S7: =IF(ISBLANK(R7),0,R7-R6) -> 4 | T7: 168881 | U7: =IF(ISBLANK(T7),0,T7-T6) -> 30 | X7: 11166.8 | Z7: =IF(ISBLANK(Y7),0,Y7-Y6)*2200 -> 0 | AA7: 2192.8 | AC7: =IF(ISBLANK(AB7),0,SUM(AB7-AB6)) -> 0 | AD7: 309.11 | AF7: =IF(ISBLANK(AE7),0,SUM(AE7-AE6)) -> 0 | AG7: 1367.5 | AI7: =IF(ISBLANK(AH7),0,AH7-AH6)*80 -> 0 | AJ7: 312 | AM7: =IF(ISBLANK(AL7),0,AL7-AL6) -> 0 | AN7: 504.78 | AQ7: =IF(ISBLANK(AP7),0,AP7-AP6)*80 -> 0 | AR7: 264 | AS7: 4 | AT7: 16 | AY7: =1+AY6 -> 3 | AZ7: =IF(D7<>0,(+D7-D$10)/A7*D$5,0) -> -21155640 | BA7: =IF(F7<>0,(+F7-F$10)/$A7*D$5,0) -> -93060 | BB7: =IF(H7<>0,(+H7-H$10)/$A7*D$5,0) -> -6095430 | BC7: =IF(N7<>0,(+N7-N$10)/$A7*D$5,0) -> -15510 | BD7: =IF(V7<>0,(+V7-V$10)*2200/$A7*D$5,0) -> 0 | BE7: =IF(X7<>0,AVERAGE(X7:X$11)*D$5,) -> 502291350 | BF7: =IF(AD7+AG7<>0,AVERAGE(AD7:AD$11)*D$5+AVERAGE(AG7:AG$11)*D$5,) -> 74447349 | BG7: =AVERAGE(AD7:AD$11)*D$5 -> 14318491 | BH7: =AVERAGE(AN7:AN$11)*D$5 -> 20094725 | BI7: =AVERAGE(AR7:AR$11)*D$5 -> 11911680
A8: =1+A7 -> 4 | B8: 00:00 | D8: 47798 | E8: =IF(ISBLANK(D8),0,D8-D7) -> 424 | F8: 6596 | G8: =IF(ISBLANK(F8),0,F8-F7) -> 3 | H8: 525336 | I8: =IF(ISBLANK(H8),0,H8-H7) -> 143 | J8: 495574 | K8: =IF(ISBLANK(J8),0,J8-J7) -> 136 | M8: =I8/L8 -> #DIV/0! | N8: 87312 | O8: =IF(ISBLANK(N8),0,N8-N7) -> 0 | P8: 79200 | Q8: =IF(ISBLANK(P8),0,P8-P7) -> 0 | R8: 14273 | S8: =IF(ISBLANK(R8),0,R8-R7) -> 4 | T8: 168913 | U8: =IF(ISBLANK(T8),0,T8-T7) -> 32 | X8: 10769.6 | Z8: =IF(ISBLANK(Y8),0,Y8-Y7)*2200 -> 0 | AA8: 2045.8 | AC8: =IF(ISBLANK(AB8),0,SUM(AB8-AB7)) -> 0 | AD8: 311.55 | AF8: =IF(ISBLANK(AE8),0,SUM(AE8-AE7)) -> 0 | AG8: 1233 | AI8: =IF(ISBLANK(AH8),0,AH8-AH7)*80 -> 0 | AJ8: 296 | AM8: =IF(ISBLANK(AL8),0,AL8-AL7) -> 0 | AN8: 453.58 | AQ8: =IF(ISBLANK(AP8),0,AP8-AP7)*80 -> 0 | AR8: 288 | AS8: 4 | AT8: 14 | AU8: 1 | AV8: 31.58 | AY8: =1+AY7 -> 4 | AZ8: =IF(D8<>0,(+D8-D$10)/A8*D$5,0) -> -10934550 | BA8: =IF(F8<>0,(+F8-F$10)/$A8*D$5,0) -> -34897.5 | BB8: =IF(H8<>0,(+H8-H$10)/$A8*D$5,0) -> -2908125 | BC8: =IF(N8<>0,(+N8-N$10)/$A8*D$5,0) -> -11632.5 | BD8: =IF(V8<>0,(+V8-V$10)*2200/$A8*D$5,0) -> 0 | BE8: =IF(X8<>0,AVERAGE(X8:X$11)*D$5,) -> 4.9796639e+08 | BF8: =IF(AD8+AG8<>0,AVERAGE(AD8:AD$11)*D$5+AVERAGE(AG8:AG$11)*D$5,) -> 73556020 | BG8: =AVERAGE(AD8:AD$11)*D$5 -> 14302391 | BH8: =AVERAGE(AN8:AN$11)*D$5 -> 19246553 | BI8: =AVERAGE(AR8:AR$11)*D$5 -> 11818620
A9: =1+A8 -> 5 | B9: 00:00 | D9: 48235 | E9: =IF(ISBLANK(D9),0,D9-D8) -> 437 | F9: 6597 | G9: =IF(ISBLANK(F9),0,F9-F8) -> 1 | H9: 525465 | I9: =IF(ISBLANK(H9),0,H9-H8) -> 129 | J9: 495698 | K9: =IF(ISBLANK(J9),0,J9-J8) -> 124 | M9: =I9/L9 -> #DIV/0! | N9: 87313 | O9: =IF(ISBLANK(N9),0,N9-N8) -> 1 | P9: 79200 | Q9: =IF(ISBLANK(P9),0,P9-P8) -> 0 | R9: 14279 | S9: =IF(ISBLANK(R9),0,R9-R8) -> 6 | T9: 168941 | U9: =IF(ISBLANK(T9),0,T9-T8) -> 28 | X9: 10673.6 | Z9: =IF(ISBLANK(Y9),0,Y9-Y8)*2200 -> 0 | AA9: 2068.2 | AC9: =IF(ISBLANK(AB9),0,SUM(AB9-AB8)) -> 0 | AD9: 309.12 | AF9: =IF(ISBLANK(AE9),0,SUM(AE9-AE8)) -> 0 | AG9: 1258.4 | AI9: =IF(ISBLANK(AH9),0,AH9-AH8)*80 -> 0 | AJ9: 224 | AM9: =IF(ISBLANK(AL9),0,AL9-AL8) -> 0 | AN9: 422.73 | AQ9: =IF(ISBLANK(AP9),0,AP9-AP8)*80 -> 0 | AR9: 248 | AS9: -1 | AT9: 14 | AU9: 3 | AV9: 22.635 | AY9: =1+AY8 -> 5 | AZ9: =IF(D9<>0,(+D9-D$10)/A9*D$5,0) -> -4680918 | BA9: =IF(F9<>0,(+F9-F$10)/$A9*D$5,0) -> -18612 | BB9: =IF(H9<>0,(+H9-H$10)/$A9*D$5,0) -> -1126026 | BC9: =IF(N9<>0,(+N9-N$10)/$A9*D$5,0) -> 0 | BD9: =IF(V9<>0,(+V9-V$10)*2200/$A9*D$5,0) -> 0 | BE9: =IF(X9<>0,AVERAGE(X9:X$11)*D$5,) -> 496918686 | BF9: =IF(AD9+AG9<>0,AVERAGE(AD9:AD$11)*D$5+AVERAGE(AG9:AG$11)*D$5,) -> 74118723 | BG9: =AVERAGE(AD9:AD$11)*D$5 -> 14237715 | BH9: =AVERAGE(AN9:AN$11)*D$5 -> 18627045 | BI9: =AVERAGE(AR9:AR$11)*D$5 -> 11291280
A10: =1+A9 -> 6 | B10: 00:00 | D10: 48738 | E10: =IF(ISBLANK(D10),0,D10-D9) -> 503 | F10: 6599 | G10: =IF(ISBLANK(F10),0,F10-F9) -> 2 | H10: 525586 | I10: =IF(ISBLANK(H10),0,H10-H9) -> 121 | J10: 495813 | K10: =IF(ISBLANK(J10),0,J10-J9) -> 115 | M10: =I10/L10 -> #DIV/0! | N10: 87313 | O10: =IF(ISBLANK(N10),0,N10-N9) -> 0 | P10: 79200 | Q10: =IF(ISBLANK(P10),0,P10-P9) -> 0 | R10: 14281 | S10: =IF(ISBLANK(R10),0,R10-R9) -> 2 | T10: 168970 | U10: =IF(ISBLANK(T10),0,T10-T9) -> 29 | X10: 10660 | Z10: =IF(ISBLANK(Y10),0,Y10-Y9)*2200 -> 0 | AA10: 2010.4 | AC10: =IF(ISBLANK(AB10),0,SUM(AB10-AB9)) -> 0 | AD10: 307.58 | AF10: =IF(ISBLANK(AE10),0,SUM(AE10-AE9)) -> 0 | AG10: 1376.7 | AI10: =IF(ISBLANK(AH10),0,AH10-AH9)*80 -> 0 | AJ10: 240 | AM10: =IF(ISBLANK(AL10),0,AL10-AL9) -> 0 | AN10: 377.31 | AQ10: =IF(ISBLANK(AP10),0,AP10-AP9)*80 -> 0 | AR10: 264 | AS10: -2 | AT10: 14 | AU10: 2 | AV10: 24.973 | AY10: =1+AY9 -> 6 | AZ10: =IF(D10<>0,(+D10-D$10)/A10*D$5,0) -> 0 | BA10: =IF(F10<>0,(+F10-F$10)/$A10*D$5,0) -> 0 | BB10: =IF(H10<>0,(+H10-H$10)/$A10*D$5,0) -> 0 | BC10: =IF(N10<>0,(+N10-N$10)/$A10*D$5,0) -> 0 | BD10: =IF(V10<>0,(+V10-V$10)*2200/$A10*D$5,0) -> 0 | BE10: =IF(X10<>0,AVERAGE(X10:X$11)*D$5,) -> 497056725 | BF10: =IF(AD10+AG10<>0,AVERAGE(AD10:AD$11)*D$5+AVERAGE(AG10:AG$11)*D$5,) -> 74709731 | BG10: =AVERAGE(AD10:AD$11)*D$5 -> 14164895 | BH10: =AVERAGE(AN10:AN$11)*D$5 -> 18105754 | BI10: =AVERAGE(AR10:AR$11)*D$5 -> 11167200
A11: =1+A10 -> 7 | B11: 00:00 | D11: 49205 | E11: =IF(ISBLANK(D11),0,D11-D10) -> 467 | F11: 6600 | G11: =IF(ISBLANK(F11),0,F11-F10) -> 1 | H11: 525707 | I11: =IF(ISBLANK(H11),0,H11-H10) -> 121 | J11: 495928 | K11: =IF(ISBLANK(J11),0,J11-J10) -> 115 | M11: =I11/L11 -> #DIV/0! | N11: 87313 | O11: =IF(ISBLANK(N11),0,N11-N10) -> 0 | P11: 79200 | Q11: =IF(ISBLANK(P11),0,P11-P10) -> 0 | R11: 14284 | S11: =IF(ISBLANK(R11),0,R11-R10) -> 3 | T11: 168997 | U11: =IF(ISBLANK(T11),0,T11-T10) -> 27 | X11: 10705 | Z11: =IF(ISBLANK(Y11),0,Y11-Y10)*2200 -> 0 | AA11: 2053.6 | AC11: =IF(ISBLANK(AB11),0,SUM(AB11-AB10)) -> 0 | AD11: 301.27 | AF11: =IF(ISBLANK(AE11),0,SUM(AE11-AE10)) -> 0 | AG11: 1225.7 | AI11: =IF(ISBLANK(AH11),0,AH11-AH10)*80 -> 0 | AJ11: 224 | AM11: =IF(ISBLANK(AL11),0,AL11-AL10) -> 0 | AN11: 400.93 | AQ11: =IF(ISBLANK(AP11),0,AP11-AP10)*80 -> 0 | AR11: 216 | AS11: 1 | AT11: 13 | AU11: 1 | AV11: 11.268 | AY11: =1+AY10 -> 7 | AZ11: =IF(D11<>0,(+D11-D$10)/A11*D$5,0) -> 3104215.7 | BA11: =IF(F11<>0,(+F11-F$10)/$A11*D$5,0) -> 6647.1429 | BB11: =IF(H11<>0,(+H11-H$10)/$A11*D$5,0) -> 804304.29 | BC11: =IF(N11<>0,(+N11-N$10)/$A11*D$5,0) -> 0 | BD11: =IF(V11<>0,(+V11-V$10)*2200/$A11*D$5,0) -> 0 | BE11: =IF(X11<>0,AVERAGE(X$11:X11)*D$5,) -> 498103650 | BF11: =IF(AD11+AG11<>0,AVERAGE(AD$11:AD11)*D$5+AVERAGE(AG$11:AG11)*D$5,) -> 71049914 | BG11: =AVERAGE(AD$11:AD11)*D$5 -> 14018093 | BH11: =AVERAGE(AN$11:AN11)*D$5 -> 18655273 | BI11: =AVERAGE(AR$11:AR11)*D$5 -> 10050480
A12: =1+A11 -> 8 | B12: 00:00 | D12: 49642 | E12: =IF(ISBLANK(D12),0,D12-D11) -> 437 | F12: 6603 | G12: =IF(ISBLANK(F12),0,F12-F11) -> 3 | H12: 525838 | I12: =IF(ISBLANK(H12),0,H12-H11) -> 131 | J12: 496054 | K12: =IF(ISBLANK(J12),0,J12-J11) -> 126 | M12: =I12/L12 -> #DIV/0! | N12: 87313 | O12: =IF(ISBLANK(N12),0,N12-N11) -> 0 | P12: 79200 | Q12: =IF(ISBLANK(P12),0,P12-P11) -> 0 | R12: 14289 | S12: =IF(ISBLANK(R12),0,R12-R11) -> 5 | T12: 169022 | U12: =IF(ISBLANK(T12),0,T12-T11) -> 25 | X12: 10701 | Z12: =IF(ISBLANK(Y12),0,Y12-Y11)*2200 -> 0 | AA12: 1966.6 | AC12: =IF(ISBLANK(AB12),0,SUM(AB12-AB11)) -> 0 | AD12: 313.45 | AF12: =IF(ISBLANK(AE12),0,SUM(AE12-AE11)) -> 0 | AG12: 1347.7 | AI12: =IF(ISBLANK(AH12),0,AH12-AH11)*80 -> 0 | AJ12: 296 | AM12: =IF(ISBLANK(AL12),0,AL12-AL11) -> 0 | AN12: 483.01 | AQ12: =IF(ISBLANK(AP12),0,AP12-AP11)*80 -> 0 | AR12: 296 | AS12: 1 | AT12: 10 | AY12: =1+AY11 -> 8 | AZ12: =IF(D12<>0,(+D12-D$10)/A12*D$5,0) -> 5257890 | BA12: =IF(F12<>0,(+F12-F$10)/$A12*D$5,0) -> 23265 | BB12: =IF(H12<>0,(+H12-H$10)/$A12*D$5,0) -> 1465695 | BC12: =IF(N12<>0,(+N12-N$10)/$A12*D$5,0) -> 0 | BD12: =IF(V12<>0,(+V12-V$10)*2200/$A12*D$5,0) -> 0 | BE12: =IF(X12<>0,AVERAGE(X$11:X12)*D$5,) -> 498010590 | BF12: =IF(AD12+AG12<>0,AVERAGE(AD$11:AD12)*D$5+AVERAGE(AG$11:AG12)*D$5,) -> 74171612 | BG12: =AVERAGE(AD$11:AD12)*D$5 -> 14301461 | BH12: =AVERAGE(AN$11:AN12)*D$5 -> 20564864 | BI12: =AVERAGE(AR$11:AR12)*D$5 -> 11911680
A13: 9 | B13: 00:00 | D13: 50141 | E13: =IF(ISBLANK(D13),0,D13-D12) -> 499 | F13: 6606 | G13: =IF(ISBLANK(F13),0,F13-F12) -> 3 | H13: 525965 | I13: =IF(ISBLANK(H13),0,H13-H12) -> 127 | J13: 496175 | K13: =IF(ISBLANK(J13),0,J13-J12) -> 121 | M13: =I13/L13 -> #DIV/0! | N13: 87313 | O13: =IF(ISBLANK(N13),0,N13-N12) -> 0 | P13: 79200 | Q13: =IF(ISBLANK(P13),0,P13-P12) -> 0 | R13: 14292 | S13: =IF(ISBLANK(R13),0,R13-R12) -> 3 | T13: 169047 | U13: =IF(ISBLANK(T13),0,T13-T12) -> 25 | X13: 10589 | Z13: =IF(ISBLANK(Y13),0,Y13-Y12)*2200 -> 0 | AA13: 2045.6 | AC13: =IF(ISBLANK(AB13),0,SUM(AB13-AB12)) -> 0 | AD13: 313.18 | AF13: =IF(ISBLANK(AE13),0,SUM(AE13-AE12)) -> 0 | AG13: 1373.1 | AI13: =IF(ISBLANK(AH13),0,AH13-AH12)*80 -> 0 | AJ13: 280 | AM13: =IF(ISBLANK(AL13),0,AL13-AL12) -> 0 | AN13: 430.4 | AQ13: =IF(ISBLANK(AP13),0,AP13-AP12)*80 -> 0 | AR13: 280 | AS13: 5 | AT13: 11 | AY13: =1+AY12 -> 9 | AZ13: =IF(D13<>0,(+D13-D$10)/A13*D$5,0) -> 7253510 | BA13: =IF(F13<>0,(+F13-F$10)/$A13*D$5,0) -> 36190 | BB13: =IF(H13<>0,(+H13-H$10)/$A13*D$5,0) -> 1959430 | BC13: =IF(N13<>0,(+N13-N$10)/$A13*D$5,0) -> 0 | BD13: =IF(V13<>0,(+V13-V$10)*2200/$A13*D$5,0) -> 0 | BE13: =IF(X13<>0,AVERAGE(X$11:X13)*D$5,) -> 496242450 | BF13: =IF(AD13+AG13<>0,AVERAGE(AD$11:AD13)*D$5+AVERAGE(AG$11:AG13)*D$5,) -> 75601944 | BG13: =AVERAGE(AD$11:AD13)*D$5 -> 14391729 | BH13: =AVERAGE(AN$11:AN13)*D$5 -> 20385413 | BI13: =AVERAGE(AR$11:AR13)*D$5 -> 12283920
A14: =1+A13 -> 10 | B14: 00:00 | D14: 50532 | E14: =IF(ISBLANK(D14),0,D14-D13) -> 391 | F14: 6611 | G14: =IF(ISBLANK(F14),0,F14-F13) -> 5 | H14: 526067 | I14: =IF(ISBLANK(H14),0,H14-H13) -> 102 | J14: 496273 | K14: =IF(ISBLANK(J14),0,J14-J13) -> 98 | M14: =I14/L14 -> #DIV/0! | N14: 87313 | O14: =IF(ISBLANK(N14),0,N14-N13) -> 0 | P14: 79200 | Q14: =IF(ISBLANK(P14),0,P14-P13) -> 0 | R14: 14295 | S14: =IF(ISBLANK(R14),0,R14-R13) -> 3 | T14: 169067 | U14: =IF(ISBLANK(T14),0,T14-T13) -> 20 | V14: 1096.58 | W14: =IF(ISBLANK(V14),0,V14-V13)*2200 -> 2412476 | X14: 10509.4 | Y14: 202.47 | Z14: =IF(ISBLANK(Y14),0,Y14-Y13)*2200 -> 445434 | AA14: 2050.2 | AB14: 1564159.3 | AC14: =IF(ISBLANK(AB14),0,SUM(AB14-AB13)) -> 1564159.3 | AD14: 298.02 | AE14: 4544167 | AF14: =IF(ISBLANK(AE14),0,SUM(AE14-AE13)) -> 4544167 | AG14: 1163.8 | AH14: 32300 | AI14: =IF(ISBLANK(AH14),0,AH14-AH13)*80 -> 2584000 | AJ14: 200 | AL14: 2037924 | AM14: =IF(ISBLANK(AL14),0,AL14-AL13) -> 2037924 | AN14: 655.34 | AP14: 45104 | AQ14: =IF(ISBLANK(AP14),0,AP14-AP13)*80 -> 3608320 | AR14: 240 | AS14: 2 | AT14: 14 | AY14: =1+AY13 -> 10 | AZ14: =IF(D14<>0,(+D14-D$10)/A14*D$5,0) -> 8347482 | BA14: =IF(F14<>0,(+F14-F$10)/$A14*D$5,0) -> 55836 | BB14: =IF(H14<>0,(+H14-H$10)/$A14*D$5,0) -> 2238093 | BC14: =IF(N14<>0,(+N14-N$10)/$A14*D$5,0) -> 0 | BD14: =IF(V14<>0,(+V14-V$10)*2200/$A14*D$5,0) -> 11225250828 | BE14: =IF(X14<>0,AVERAGE(X$11:X14)*D$5,) -> 494432433 | BF14: =IF(AD14+AG14<>0,AVERAGE(AD$11:AD14)*D$5+AVERAGE(AG$11:AG14)*D$5,) -> 73706079 | BG14: =AVERAGE(AD$11:AD14)*D$5 -> 14260514 | BH14: =AVERAGE(AN$11:AN14)*D$5 -> 22912303 | BI14: =AVERAGE(AR$11:AR14)*D$5 -> 12004740
A15: =1+A14 -> 11 | B15: 00:00 | D15: 50791 | E15: =IF(ISBLANK(D15),0,D15-D14) -> 259 | F15: 6613 | G15: =IF(ISBLANK(F15),0,F15-F14) -> 2 | H15: 526181 | I15: =IF(ISBLANK(H15),0,H15-H14) -> 114 | J15: 496382 | K15: =IF(ISBLANK(J15),0,J15-J14) -> 109 | M15: =I15/L15 -> #DIV/0! | N15: 87313 | O15: =IF(ISBLANK(N15),0,N15-N14) -> 0 | P15: 79200 | Q15: =IF(ISBLANK(P15),0,P15-P14) -> 0 | R15: 14299 | S15: =IF(ISBLANK(R15),0,R15-R14) -> 4 | T15: 169088 | U15: =IF(ISBLANK(T15),0,T15-T14) -> 21 | X15: 10890.2 | Z15: =IF(ISBLANK(Y15),0,Y15-Y14)*2200 -> 0 | AA15: 2400.8 | AC15: =IF(ISBLANK(AB15),0,SUM(AB15-AB14)) -> 0 | AD15: 300.62 | AF15: =IF(ISBLANK(AE15),0,SUM(AE15-AE14)) -> 0 | AG15: 1376.8 | AI15: =IF(ISBLANK(AH15),0,AH15-AH14)*80 -> 0 | AJ15: 296 | AM15: =IF(ISBLANK(AL15),0,AL15-AL14) -> 0 | AN15: 398.72 | AQ15: =IF(ISBLANK(AP15),0,AP15-AP14)*80 -> 0 | AR15: 200 | AS15: 3 | AT15: 18 | AY15: 11 | AZ15: =IF(D15<>0,(+D15-D$10)/A15*D$5,0) -> 8684190 | BA15: =IF(F15<>0,(+F15-F$10)/$A15*D$5,0) -> 59220 | BB15: =IF(H15<>0,(+H15-H$10)/$A15*D$5,0) -> 2516850 | BC15: =IF(N15<>0,(+N15-N$10)/$A15*D$5,0) -> 0 | BD15: =IF(V15<>0,(+V15-V$10)*2200/$A15*D$5,0) -> 0 | BE15: =IF(X15<>0,AVERAGE(X$11:X15)*D$5,) -> 4.9689015e+08 | BF15: =IF(AD15+AG15<>0,AVERAGE(AD$11:AD15)*D$5+AVERAGE(AG$11:AG15)*D$5,) -> 74574934 | BG15: =AVERAGE(AD$11:AD15)*D$5 -> 14205981 | BH15: =AVERAGE(AN$11:AN15)*D$5 -> 22040330 | BI15: =AVERAGE(AR$11:AR15)*D$5 -> 11464992
A16: =1+A15 -> 12 | B16: 00:00 | D16: 50952 | E16: =IF(ISBLANK(D16),0,D16-D15) -> 161 | F16: 6615 | G16: =IF(ISBLANK(F16),0,F16-F15) -> 2 | H16: 526295 | I16: =IF(ISBLANK(H16),0,H16-H15) -> 114 | J16: 496490 | K16: =IF(ISBLANK(J16),0,J16-J15) -> 108 | M16: =I16/L16 -> #DIV/0! | N16: 87313 | O16: =IF(ISBLANK(N16),0,N16-N15) -> 0 | P16: 79200 | Q16: =IF(ISBLANK(P16),0,P16-P15) -> 0 | R16: 14303 | S16: =IF(ISBLANK(R16),0,R16-R15) -> 4 | T16: 169112 | U16: =IF(ISBLANK(T16),0,T16-T15) -> 24 | X16: 11015 | Z16: =IF(ISBLANK(Y16),0,Y16-Y15)*2200 -> 0 | AA16: 2449.8 | AC16: =IF(ISBLANK(AB16),0,SUM(AB16-AB15)) -> 0 | AD16: 313.15 | AF16: =IF(ISBLANK(AE16),0,SUM(AE16-AE15)) -> 0 | AG16: 1252.7 | AI16: =IF(ISBLANK(AH16),0,AH16-AH15)*80 -> 0 | AJ16: 200 | AM16: =IF(ISBLANK(AL16),0,AL16-AL15) -> 0 | AN16: 424.51 | AQ16: =IF(ISBLANK(AP16),0,AP16-AP15)*80 -> 0 | AR16: 296 | AS16: 2 | AT16: 16 | AY16: =1+AY15 -> 12 | AZ16: =IF(D16<>0,(+D16-D$10)/A16*D$5,0) -> 8584785 | BA16: =IF(F16<>0,(+F16-F$10)/$A16*D$5,0) -> 62040 | BB16: =IF(H16<>0,(+H16-H$10)/$A16*D$5,0) -> 2749147.5 | BC16: =IF(N16<>0,(+N16-N$10)/$A16*D$5,0) -> 0 | BD16: =IF(V16<>0,(+V16-V$10)*2200/$A16*D$5,0) -> 0 | BE16: =IF(X16<>0,AVERAGE(X$11:X16)*D$5,) -> 4.9949645e+08 | BF16: =IF(AD16+AG16<>0,AVERAGE(AD$11:AD16)*D$5+AVERAGE(AG$11:AG16)*D$5,) -> 74288945 | BG16: =AVERAGE(AD$11:AD16)*D$5 -> 14266796 | BH16: =AVERAGE(AN$11:AN16)*D$5 -> 21659017 | BI16: =AVERAGE(AR$11:AR16)*D$5 -> 11849640
A17: 13 | B17: 00:00 | D17: 51210 | E17: =IF(ISBLANK(D17),0,D17-D16) -> 258 | F17: 6616 | G17: =IF(ISBLANK(F17),0,F17-F16) -> 1 | H17: 526416 | I17: =IF(ISBLANK(H17),0,H17-H16) -> 121 | J17: 496606 | K17: =IF(ISBLANK(J17),0,J17-J16) -> 116 | M17: =I17/L17 -> #DIV/0! | N17: 87313 | O17: =IF(ISBLANK(N17),0,N17-N16) -> 0 | P17: 79200 | Q17: =IF(ISBLANK(P17),0,P17-P16) -> 0 | R17: 14306 | S17: =IF(ISBLANK(R17),0,R17-R16) -> 3 | T17: 169136 | U17: =IF(ISBLANK(T17),0,T17-T16) -> 24 | X17: 10915.6 | Z17: =IF(ISBLANK(Y17),0,Y17-Y16)*2200 -> 0 | AA17: 2369.6 | AC17: =IF(ISBLANK(AB17),0,SUM(AB17-AB16)) -> 0 | AD17: 306.6 | AF17: =IF(ISBLANK(AE17),0,SUM(AE17-AE16)) -> 0 | AG17: 1295.7 | AI17: =IF(ISBLANK(AH17),0,AH17-AH16)*80 -> 0 | AJ17: 224 | AM17: =IF(ISBLANK(AL17),0,AL17-AL16) -> 0 | AN17: 419.66 | AQ17: =IF(ISBLANK(AP17),0,AP17-AP16)*80 -> 0 | AR17: 296 | AS17: 3 | AT17: 14 | AU17: 1 | AV17: 0.1 | AY17: =1+AY16 -> 13 | AZ17: =IF(D17<>0,(+D17-D$10)/A17*D$5,0) -> 8847858.5 | BA17: =IF(F17<>0,(+F17-F$10)/$A17*D$5,0) -> 60846.923 | BB17: =IF(H17<>0,(+H17-H$10)/$A17*D$5,0) -> 2970761.5 | BC17: =IF(N17<>0,(+N17-N$10)/$A17*D$5,0) -> 0 | BD17: =IF(V17<>0,(+V17-V$10)*2200/$A17*D$5,0) -> 0 | BE17: =IF(X17<>0,AVERAGE(X$11:X17)*D$5,) -> 5.0069737e+08 | BF17: =IF(AD17+AG17<>0,AVERAGE(AD$11:AD17)*D$5+AVERAGE(AG$11:AG17)*D$5,) -> 74326956 | BG17: =AVERAGE(AD$11:AD17)*D$5 -> 14266696 | BH17: =AVERAGE(AN$11:AN17)*D$5 -> 21354412 | BI17: =AVERAGE(AR$11:AR17)*D$5 -> 12124389
A18: =1+A17 -> 14 | B18: 00:00 | D18: 51560 | E18: =IF(ISBLANK(D18),0,D18-D17) -> 350 | F18: 6617 | G18: =IF(ISBLANK(F18),0,F18-F17) -> 1 | H18: 526558 | I18: =IF(ISBLANK(H18),0,H18-H17) -> 142 | J18: 496741 | K18: =IF(ISBLANK(J18),0,J18-J17) -> 135 | M18: =I18/L18 -> #DIV/0! | N18: 87313 | O18: =IF(ISBLANK(N18),0,N18-N17) -> 0 | P18: 79200 | Q18: =IF(ISBLANK(P18),0,P18-P17) -> 0 | R18: 14310 | S18: =IF(ISBLANK(R18),0,R18-R17) -> 4 | T18: 169172 | U18: =IF(ISBLANK(T18),0,T18-T17) -> 36 | X18: 10814.4 | Z18: =IF(ISBLANK(Y18),0,Y18-Y17)*2200 -> 0 | AA18: 2442.6 | AC18: =IF(ISBLANK(AB18),0,SUM(AB18-AB17)) -> 0 | AD18: 295.19 | AF18: =IF(ISBLANK(AE18),0,SUM(AE18-AE17)) -> 0 | AG18: 1195.4 | AI18: =IF(ISBLANK(AH18),0,AH18-AH17)*80 -> 0 | AJ18: 256 | AM18: =IF(ISBLANK(AL18),0,AL18-AL17) -> 0 | AN18: 428.59 | AQ18: =IF(ISBLANK(AP18),0,AP18-AP17)*80 -> 0 | AR18: 336 | AS18: 3 | AT18: 15 | AY18: =1+AY17 -> 14 | AZ18: =IF(D18<>0,(+D18-D$10)/A18*D$5,0) -> 9379118.6 | BA18: =IF(F18<>0,(+F18-F$10)/$A18*D$5,0) -> 59824.286 | BB18: =IF(H18<>0,(+H18-H$10)/$A18*D$5,0) -> 3230511.4 | BC18: =IF(N18<>0,(+N18-N$10)/$A18*D$5,0) -> 0 | BD18: =IF(V18<>0,(+V18-V$10)*2200/$A18*D$5,0) -> 0 | BE18: =IF(X18<>0,AVERAGE(X$11:X18)*D$5,) -> 5.0100945e+08 | BF18: =IF(AD18+AG18<>0,AVERAGE(AD$11:AD18)*D$5+AVERAGE(AG$11:AG18)*D$5,) -> 73705730 | BG18: =AVERAGE(AD$11:AD18)*D$5 -> 14200258 | BH18: =AVERAGE(AN$11:AN18)*D$5 -> 21177897 | BI18: =AVERAGE(AR$11:AR18)*D$5 -> 12563100
A19: =1+A18 -> 15 | B19: 00:00 | D19: 51831 | E19: =IF(ISBLANK(D19),0,D19-D18) -> 271 | F19: 6617 | G19: =IF(ISBLANK(F19),0,F19-F18) -> 0 | H19: 526692 | I19: =IF(ISBLANK(H19),0,H19-H18) -> 134 | J19: 496869 | K19: =IF(ISBLANK(J19),0,J19-J18) -> 128 | M19: =I19/L19 -> #DIV/0! | N19: 87313 | O19: =IF(ISBLANK(N19),0,N19-N18) -> 0 | P19: 79200 | Q19: =IF(ISBLANK(P19),0,P19-P18) -> 0 | R19: 14312 | S19: =IF(ISBLANK(R19),0,R19-R18) -> 2 | T19: 169203 | U19: =IF(ISBLANK(T19),0,T19-T18) -> 31 | X19: 10962.4 | Z19: =IF(ISBLANK(Y19),0,Y19-Y18)*2200 -> 0 | AA19: 2411.6 | AC19: =IF(ISBLANK(AB19),0,SUM(AB19-AB18)) -> 0 | AD19: 318.59 | AF19: =IF(ISBLANK(AE19),0,SUM(AE19-AE18)) -> 0 | AG19: 1522.6 | AI19: =IF(ISBLANK(AH19),0,AH19-AH18)*80 -> 0 | AJ19: 264 | AM19: =IF(ISBLANK(AL19),0,AL19-AL18) -> 0 | AN19: 287.12 | AQ19: =IF(ISBLANK(AP19),0,AP19-AP18)*80 -> 0 | AR19: 264 | AS19: 2 | AT19: 13 | AY19: =1+AY18 -> 15 | AZ19: =IF(D19<>0,(+D19-D$10)/A19*D$5,0) -> 9594486 | BA19: =IF(F19<>0,(+F19-F$10)/$A19*D$5,0) -> 55836 | BB19: =IF(H19<>0,(+H19-H$10)/$A19*D$5,0) -> 3430812 | BC19: =IF(N19<>0,(+N19-N$10)/$A19*D$5,0) -> 0 | BD19: =IF(V19<>0,(+V19-V$10)*2200/$A19*D$5,0) -> 0 | BE19: =IF(X19<>0,AVERAGE(X$11:X19)*D$5,) -> 502017340 | BF19: =IF(AD19+AG19<>0,AVERAGE(AD$11:AD19)*D$5+AVERAGE(AG$11:AG19)*D$5,) -> 75035157 | BG19: =AVERAGE(AD$11:AD19)*D$5 -> 14269562 | BH19: =AVERAGE(AN$11:AN19)*D$5 -> 20309208 | BI19: =AVERAGE(AR$11:AR19)*D$5 -> 12532080
A20: =1+A19 -> 16 | B20: 00:00 | D20: 52144 | E20: =IF(ISBLANK(D20),0,D20-D19) -> 313 | F20: 6619 | G20: =IF(ISBLANK(F20),0,F20-F19) -> 2 | H20: 526820 | I20: =IF(ISBLANK(H20),0,H20-H19) -> 128 | J20: 496991 | K20: =IF(ISBLANK(J20),0,J20-J19) -> 122 | M20: =I20/L20 -> #DIV/0! | N20: 87313 | O20: =IF(ISBLANK(N20),0,N20-N19) -> 0 | P20: 79200 | Q20: =IF(ISBLANK(P20),0,P20-P19) -> 0 | R20: 14316 | S20: =IF(ISBLANK(R20),0,R20-R19) -> 4 | T20: 169232 | U20: =IF(ISBLANK(T20),0,T20-T19) -> 29 | X20: 10801.2 | Z20: =IF(ISBLANK(Y20),0,Y20-Y19)*2200 -> 0 | AA20: 2341.6 | AC20: =IF(ISBLANK(AB20),0,SUM(AB20-AB19)) -> 0 | AD20: 307.13 | AF20: =IF(ISBLANK(AE20),0,SUM(AE20-AE19)) -> 0 | AG20: 1330.3 | AI20: =IF(ISBLANK(AH20),0,AH20-AH19)*80 -> 0 | AJ20: 280 | AM20: =IF(ISBLANK(AL20),0,AL20-AL19) -> 0 | AN20: 329.01 | AQ20: =IF(ISBLANK(AP20),0,AP20-AP19)*80 -> 0 | AR20: 288 | AS20: 6 | AT20: 15 | AY20: =1+AY19 -> 16 | AZ20: =IF(D20<>0,(+D20-D$10)/A20*D$5,0) -> 9905073.8 | BA20: =IF(F20<>0,(+F20-F$10)/$A20*D$5,0) -> 58162.5 | BB20: =IF(H20<>0,(+H20-H$10)/$A20*D$5,0) -> 3588626.2 | BC20: =IF(N20<>0,(+N20-N$10)/$A20*D$5,0) -> 0 | BD20: =IF(V20<>0,(+V20-V$10)*2200/$A20*D$5,0) -> 0 | BE20: =IF(X20<>0,AVERAGE(X$11:X20)*D$5,) -> 5.0207359e+08 | BF20: =IF(AD20+AG20<>0,AVERAGE(AD$11:AD20)*D$5+AVERAGE(AG$11:AG20)*D$5,) -> 75150603 | BG20: =AVERAGE(AD$11:AD20)*D$5 -> 14271682 | BH20: =AVERAGE(AN$11:AN20)*D$5 -> 19809170 | BI20: =AVERAGE(AR$11:AR20)*D$5 -> 12618936
A21: =1+A20 -> 17 | B21: 00:30 | D21: 52290 | E21: =IF(ISBLANK(D21),0,D21-D20) -> 146 | F21: 6619 | G21: =IF(ISBLANK(F21),0,F21-F20) -> 0 | H21: 526949 | I21: =IF(ISBLANK(H21),0,H21-H20) -> 129 | J21: 497114 | K21: =IF(ISBLANK(J21),0,J21-J20) -> 123 | M21: =I21/L21 -> #DIV/0! | N21: 87313 | O21: =IF(ISBLANK(N21),0,N21-N20) -> 0 | P21: 79200 | Q21: =IF(ISBLANK(P21),0,P21-P20) -> 0 | R21: 14318 | S21: =IF(ISBLANK(R21),0,R21-R20) -> 2 | T21: 169254 | U21: =IF(ISBLANK(T21),0,T21-T20) -> 22 | X21: 11309.8 | Z21: =IF(ISBLANK(Y21),0,Y21-Y20)*2200 -> 0 | AA21: 2550.6 | AC21: =IF(ISBLANK(AB21),0,SUM(AB21-AB20)) -> 0 | AD21: 314.03 | AF21: =IF(ISBLANK(AE21),0,SUM(AE21-AE20)) -> 0 | AG21: 1247.8 | AI21: =IF(ISBLANK(AH21),0,AH21-AH20)*80 -> 0 | AJ21: 304 | AM21: =IF(ISBLANK(AL21),0,AL21-AL20) -> 0 | AN21: 413.41 | AQ21: =IF(ISBLANK(AP21),0,AP21-AP20)*80 -> 0 | AR21: 352 | AS21: 7 | AT21: 14 | AY21: =1+AY20 -> 17 | AZ21: =IF(D21<>0,(+D21-D$10)/A21*D$5,0) -> 9722032.9 | BA21: =IF(F21<>0,(+F21-F$10)/$A21*D$5,0) -> 54741.176 | BB21: =IF(H21<>0,(+H21-H$10)/$A21*D$5,0) -> 3730611.2 | BC21: =IF(N21<>0,(+N21-N$10)/$A21*D$5,0) -> 0 | BD21: =IF(V21<>0,(+V21-V$10)*2200/$A21*D$5,0) -> 0 | BE21: =IF(X21<>0,AVERAGE(X$11:X21)*D$5,) -> 504270990 | BF21: =IF(AD21+AG21<>0,AVERAGE(AD$11:AD21)*D$5+AVERAGE(AG$11:AG21)*D$5,) -> 74925271 | BG21: =AVERAGE(AD$11:AD21)*D$5 -> 14302603 | BH21: =AVERAGE(AN$11:AN21)*D$5 -> 19757061 | BI21: =AVERAGE(AR$11:AR21)*D$5 -> 12960720
A22: =1+A21 -> 18 | B22: 00:00 | D22: 52452 | E22: =IF(ISBLANK(D22),0,D22-D21) -> 162 | F22: 6620 | G22: =IF(ISBLANK(F22),0,F22-F21) -> 1 | H22: 527061 | I22: =IF(ISBLANK(H22),0,H22-H21) -> 112 | J22: 497222 | K22: =IF(ISBLANK(J22),0,J22-J21) -> 108 | M22: =I22/L22 -> #DIV/0! | N22: 87313 | O22: =IF(ISBLANK(N22),0,N22-N21) -> 0 | P22: 79200 | Q22: =IF(ISBLANK(P22),0,P22-P21) -> 0 | R22: 14321 | S22: =IF(ISBLANK(R22),0,R22-R21) -> 3 | T22: 169279 | U22: =IF(ISBLANK(T22),0,T22-T21) -> 25 | X22: 10996.8 | Z22: =IF(ISBLANK(Y22),0,Y22-Y21)*2200 -> 0 | AA22: 2491.8 | AC22: =IF(ISBLANK(AB22),0,SUM(AB22-AB21)) -> 0 | AD22: 296.69 | AF22: =IF(ISBLANK(AE22),0,SUM(AE22-AE21)) -> 0 | AG22: 1149.7 | AI22: =IF(ISBLANK(AH22),0,AH22-AH21)*80 -> 0 | AJ22: 208 | AM22: =IF(ISBLANK(AL22),0,AL22-AL21) -> 0 | AN22: 440.66 | AQ22: =IF(ISBLANK(AP22),0,AP22-AP21)*80 -> 0 | AR22: 320 | AS22: 4 | AT22: 12 | AY22: =1+AY21 -> 18 | AZ22: =IF(D22<>0,(+D22-D$10)/A22*D$5,0) -> 9600690 | BA22: =IF(F22<>0,(+F22-F$10)/$A22*D$5,0) -> 54285 | BB22: =IF(H22<>0,(+H22-H$10)/$A22*D$5,0) -> 3812875 | BC22: =IF(N22<>0,(+N22-N$10)/$A22*D$5,0) -> 0 | BD22: =IF(V22<>0,(+V22-V$10)*2200/$A22*D$5,0) -> 0 | BE22: =IF(X22<>0,AVERAGE(X$11:X22)*D$5,) -> 5.048885e+08 | BF22: =IF(AD22+AG22<>0,AVERAGE(AD$11:AD22)*D$5+AVERAGE(AG$11:AG22)*D$5,) -> 74289876 | BG22: =AVERAGE(AD$11:AD22)*D$5 -> 14261135 | BH22: =AVERAGE(AN$11:AN22)*D$5 -> 19819298 | BI22: =AVERAGE(AR$11:AR22)*D$5 -> 13121460
A23: =1+A22 -> 19 | B23: 00:00 | D23: 52657 | E23: =IF(ISBLANK(D23),0,D23-D22) -> 205 | F23: 6623 | G23: =IF(ISBLANK(F23),0,F23-F22) -> 3 | H23: 527199 | I23: =IF(ISBLANK(H23),0,H23-H22) -> 138 | J23: 497353 | K23: =IF(ISBLANK(J23),0,J23-J22) -> 131 | M23: =I23/L23 -> #DIV/0! | N23: 87313 | O23: =IF(ISBLANK(N23),0,N23-N22) -> 0 | P23: 79200 | Q23: =IF(ISBLANK(P23),0,P23-P22) -> 0 | R23: 14323 | S23: =IF(ISBLANK(R23),0,R23-R22) -> 2 | T23: 169307 | U23: =IF(ISBLANK(T23),0,T23-T22) -> 28 | X23: 11513.8 | Z23: =IF(ISBLANK(Y23),0,Y23-Y22)*2200 -> 0 | AA23: 2563.8 | AC23: =IF(ISBLANK(AB23),0,SUM(AB23-AB22)) -> 0 | AD23: 303.88 | AF23: =IF(ISBLANK(AE23),0,SUM(AE23-AE22)) -> 0 | AG23: 1342.8 | AI23: =IF(ISBLANK(AH23),0,AH23-AH22)*80 -> 0 | AJ23: 280 | AM23: =IF(ISBLANK(AL23),0,AL23-AL22) -> 0 | AN23: 510.7 | AQ23: =IF(ISBLANK(AP23),0,AP23-AP22)*80 -> 0 | AR23: 448 | AS23: 5 | AT23: 15 | AY23: =1+AY22 -> 19 | AZ23: =IF(D23<>0,(+D23-D$10)/A23*D$5,0) -> 9597424.7 | BA23: =IF(F23<>0,(+F23-F$10)/$A23*D$5,0) -> 58774.737 | BB23: =IF(H23<>0,(+H23-H$10)/$A23*D$5,0) -> 3950152.1 | BC23: =IF(N23<>0,(+N23-N$10)/$A23*D$5,0) -> 0 | BD23: =IF(V23<>0,(+V23-V$10)*2200/$A23*D$5,0) -> 0 | BE23: =IF(X23<>0,AVERAGE(X$11:X23)*D$5,) -> 5.0726147e+08 | BF23: =IF(AD23+AG23<>0,AVERAGE(AD$11:AD23)*D$5+AVERAGE(AG$11:AG23)*D$5,) -> 74469117 | BG23: =AVERAGE(AD$11:AD23)*D$5 -> 14251781 | BH23: =AVERAGE(AN$11:AN23)*D$5 -> 20122650 | BI23: =AVERAGE(AR$11:AR23)*D$5 -> 13715612
A24: =1+A23 -> 20 | B24: 00:00 | D24: 52938 | E24: =IF(ISBLANK(D24),0,D24-D23) -> 281 | F24: 6624 | G24: =IF(ISBLANK(F24),0,F24-F23) -> 1 | H24: 527357 | I24: =IF(ISBLANK(H24),0,H24-H23) -> 158 | J24: 497504 | K24: =IF(ISBLANK(J24),0,J24-J23) -> 151 | M24: =I24/L24 -> #DIV/0! | N24: 87313 | O24: =IF(ISBLANK(N24),0,N24-N23) -> 0 | P24: 79200 | Q24: =IF(ISBLANK(P24),0,P24-P23) -> 0 | R24: 14326 | S24: =IF(ISBLANK(R24),0,R24-R23) -> 3 | T24: 169340 | U24: =IF(ISBLANK(T24),0,T24-T23) -> 33 | V24: 1152.02 | X24: 11512.4 | Y24: 214.76 | Z24: =IF(ISBLANK(Y24),0,Y24-Y23)*2200 -> 472472 | AA24: 2524 | AB24: 1567242 | AC24: =IF(ISBLANK(AB24),0,SUM(AB24-AB23)) -> 1567242 | AD24: 316.31 | AE24: 4557399 | AF24: =IF(ISBLANK(AE24),0,SUM(AE24-AE23)) -> 4557399 | AG24: 1483.7 | AH24: 32299 | AI24: =IF(ISBLANK(AH24),0,AH24-AH23)*80 -> 2583920 | AJ24: 304 | AL24: 2042106 | AM24: =IF(ISBLANK(AL24),0,AL24-AL23) -> 2042106 | AN24: 527.7 | AP24: 45145 | AQ24: =IF(ISBLANK(AP24),0,AP24-AP23)*80 -> 3611600 | AR24: 424 | AS24: 5 | AT24: 13 | AY24: =1+AY23 -> 20 | AZ24: =IF(D24<>0,(+D24-D$10)/A24*D$5,0) -> 9771300 | BA24: =IF(F24<>0,(+F24-F$10)/$A24*D$5,0) -> 58162.5 | BB24: =IF(H24<>0,(+H24-H$10)/$A24*D$5,0) -> 4120231.5 | BC24: =IF(N24<>0,(+N24-N$10)/$A24*D$5,0) -> 0 | BD24: =IF(V24<>0,(+V24-V$10)*2200/$A24*D$5,0) -> 5896383966 | BE24: =IF(X24<>0,AVERAGE(X$11:X24)*D$5,) -> 5.0929079e+08 | BF24: =IF(AD24+AG24<>0,AVERAGE(AD$11:AD24)*D$5+AVERAGE(AG$11:AG24)*D$5,) -> 75132357 | BG24: =AVERAGE(AD$11:AD24)*D$5 -> 14285076 | BH24: =AVERAGE(AN$11:AN24)*D$5 -> 20439167 | BI24: =AVERAGE(AR$11:AR24)*D$5 -> 14145120
A33: 29 | B33: 00:00 | E33: 0 | G33: 0 | I33: 0 | K33: #REF! | M33: #DIV/0! | O33: 0 | Q33: 0 | S33: 0 | U33: 0 | W33: 0 | Z33: 0 | AC33: 0 | AF33: 0 | AI33: 0 | AM33: 0 | AQ33: 0 | AV33: 58.806 | AW33: #REF! | AY33: #REF! | AZ33: 0 | BA33: 0 | BB33: 0 | BC33: 0 | BD33: 0 | BE33: 0 | BF33: 0 | BG33: 8562.8093 | BH33: 18990.018 | BI33: 8998.2857
A34: #REF! | B34: 00:00 | E34: 0 | G34: 0 | I34: 0 | K34: 0 | M34: #DIV/0! | O34: 0 | Q34: 0 | S34: 0 | U34: 0 | W34: 0 | Z34: 0 | AC34: 0 | AF34: 0 | AI34: 0 | AM34: 0 | AQ34: 0 | AV34: 58.806 | AY34: #REF!
A35: #REF! | B35: 00:00 | E35: 0 | G35: 0 | I35: 0 | K35: 0 | M35: #DIV/0! | O35: 0 | Q35: 0 | S35: 0 | U35: 0 | W35: 0 | Z35: 0 | AC35: 0 | AF35: 0 | AI35: 0 | AM35: 0 | AQ35: 0 | AV35: 58.806 | AY35: #REF!
A36: TOTALE | D36: 16950.9 | F36: 126.571 | H36: 4134 | N36: 7 | P36: 87 | R36: 60 | T36: 853 | V36: 346962 | X36: 358873.24 | Y36: 27.89 | AA36: 61470.92 | AB36: 8267.69 | AD36: 8545.54 | AE36: 28418.7 | AG36: 31861.2 | AH36: 6224 | AJ36: 5720 | AL36: 21764 | AN36: 18989.19 | AP36: 107.8 | AR36: 8920
A37: CONSUMI | D37: x | F37: x | H37: x | X37: x | AB37: 40406.74 | AG37: 40406.74 | AI37: 46630.74 | AJ37: 46126.74 | AS37: MEDIA
A38: CONSUMI | AB38: =AD36+AG36 -> 40406.74 | AJ38: =AB38+AJ36 -> 46126.74
A41: BUDGET | D41: 28000 | F41: 130 | H41: 4780 | N41: 30 | V41: 370000
A42: RIMECO 15 | D42: 28146 | F42: 84 | H42: 4423 | N42: 37 | V42: 363254
A43: RIMECO 16 | D43: 22839 | F43: 107 | H43: 3715 | N43: 20 | V43: 384875
A44: RIMECO 17 | D44: 26416 | F44: 128 | H44: 4161 | N44: 38 | V44: 374460
A45: RIMECO 18 | D45: 24149 | F45: 84 | H45: 4743 | N45: 8 | V45: 355500
A46: RIMECO 19 | D46: 16951 | F46: 127 | H46: 4130 | N46: 7 | V46: 358873
