Workbook

Sheet TOTAL
A1: Site Name | B1: Day | C1: Month | D1: Year | E1: Total Electricity Kwh | F1: Electricity Tariff ($/Kwh) | G1: Water Utility Supply (m3) m3 | H1: Water Utility Supply (m3) $/m3 | I1: Room Nights
A2: Kuwait | B2: 1 | C2: 2 | D2: 2020 | E2: =Submetering!E2+Submetering!F2+Submetering!G2+Submetering!H2+Submetering!I2+Submetering!J2+Submetering!K2+Submetering!L2+Submetering!M2+Submetering!N2+Submetering!O2+Submetering!P2+Submetering!Q2 -> 66820 | F2: 0.005 | G2: =Submetering!R2 -> 497.78141 | H2: 0.528 | I2: =Hotel!B7 -> 124
A3: Kuwait | B3: =B2+1 -> 2 | C3: 2 | D3: 2020 | E3: =Submetering!E3+Submetering!F3+Submetering!G3+Submetering!H3+Submetering!I3+Submetering!J3+Submetering!K3+Submetering!L3+Submetering!M3+Submetering!N3+Submetering!O3+Submetering!P3+Submetering!Q3 -> 66130 | F3: 0.005 | G3: =Submetering!R3 -> 631.40639 | H3: 0.528 | I3: =Hotel!B8 -> 133
A4: Kuwait | B4: =B3+1 -> 3 | C4: 2 | D4: 2020 | E4: =Submetering!E4+Submetering!F4+Submetering!G4+Submetering!H4+Submetering!I4+Submetering!J4+Submetering!K4+Submetering!L4+Submetering!M4+Submetering!N4+Submetering!O4+Submetering!P4+Submetering!Q4 -> 64440 | F4: 0.005 | G4: =Submetering!R4 -> 619.67162 | H4: 0.528 | I4: =Hotel!B9 -> 152
A5: Kuwait | B5: =B4+1 -> 4 | C5: 2 | D5: 2020 | E5: =Submetering!E5+Submetering!F5+Submetering!G5+Submetering!H5+Submetering!I5+Submetering!J5+Submetering!K5+Submetering!L5+Submetering!M5+Submetering!N5+Submetering!O5+Submetering!P5+Submetering!Q5 -> 64770 | F5: 0.005 | G5: =Submetering!R5 -> 562.89047 | H5: 0.528 | I5: =Hotel!B10 -> 250
A6: Kuwait | B6: =B5+1 -> 5 | C6: 2 | D6: 2020 | E6: =Submetering!E6+Submetering!F6+Submetering!G6+Submetering!H6+Submetering!I6+Submetering!J6+Submetering!K6+Submetering!L6+Submetering!M6+Submetering!N6+Submetering!O6+Submetering!P6+Submetering!Q6 -> 66920 | F6: 0.005 | G6: =Submetering!R6 -> 761.62449 | H6: 0.528 | I6: =Hotel!B11 -> 228
A7: Kuwait | B7: =B6+1 -> 6 | C7: 2 | D7: 2020 | E7: =Submetering!E7+Submetering!F7+Submetering!G7+Submetering!H7+Submetering!I7+Submetering!J7+Submetering!K7+Submetering!L7+Submetering!M7+Submetering!N7+Submetering!O7+Submetering!P7+Submetering!Q7 -> 69030 | F7: 0.005 | G7: =Submetering!R7 -> 950.13791 | H7: 0.528 | I7: =Hotel!B12 -> 289
A8: Kuwait | B8: =B7+1 -> 7 | C8: 2 | D8: 2020 | E8: =Submetering!E8+Submetering!F8+Submetering!G8+Submetering!H8+Submetering!I8+Submetering!J8+Submetering!K8+Submetering!L8+Submetering!M8+Submetering!N8+Submetering!O8+Submetering!P8+Submetering!Q8 -> 69650 | F8: 0.005 | G8: =Submetering!R8 -> 645.79095 | H8: 0.528 | I8: =Hotel!B13 -> 145
A9: Kuwait | B9: =B8+1 -> 8 | C9: 2 | D9: 2020 | E9: =Submetering!E9+Submetering!F9+Submetering!G9+Submetering!H9+Submetering!I9+Submetering!J9+Submetering!K9+Submetering!L9+Submetering!M9+Submetering!N9+Submetering!O9+Submetering!P9+Submetering!Q9 -> 67080 | F9: 0.005 | G9: =Submetering!R9 -> 684.40213 | H9: 0.528 | I9: =Hotel!B14 -> 165
A10: Kuwait | B10: =B9+1 -> 9 | C10: 2 | D10: 2020 | E10: =Submetering!E10+Submetering!F10+Submetering!G10+Submetering!H10+Submetering!I10+Submetering!J10+Submetering!K10+Submetering!L10+Submetering!M10+Submetering!N10+Submetering!O10+Submetering!P10+Submetering!Q10 -> 64290 | F10: 0.005 | G10: =Submetering!R10 -> 686.67337 | H10: 0.528 | I10: =Hotel!B15 -> 184
A11: Kuwait | B11: =B10+1 -> 10 | C11: 2 | D11: 2020 | E11: =Submetering!E11+Submetering!F11+Submetering!G11+Submetering!H11+Submetering!I11+Submetering!J11+Submetering!K11+Submetering!L11+Submetering!M11+Submetering!N11+Submetering!O11+Submetering!P11+Submetering!Q11 -> 64930 | F11: 0.005 | G11: =Submetering!R11 -> 721.1206 | H11: 0.528 | I11: =Hotel!B16 -> 201
A12: Kuwait | B12: =B11+1 -> 11 | C12: 2 | D12: 2020 | E12: =Submetering!E12+Submetering!F12+Submetering!G12+Submetering!H12+Submetering!I12+Submetering!J12+Submetering!K12+Submetering!L12+Submetering!M12+Submetering!N12+Submetering!O12+Submetering!P12+Submetering!Q12 -> 63730 | F12: 0.005 | G12: =Submetering!R12 -> 760.86741 | H12: 0.528 | I12: =Hotel!B17 -> 232
A13: Kuwait | B13: =B12+1 -> 12 | C13: 2 | D13: 2020 | E13: =Submetering!E13+Submetering!F13+Submetering!G13+Submetering!H13+Submetering!I13+Submetering!J13+Submetering!K13+Submetering!L13+Submetering!M13+Submetering!N13+Submetering!O13+Submetering!P13+Submetering!Q13 -> 65180 | F13: 0.005 | G13: =Submetering!R13 -> 755.1893 | H13: 0.528 | I13: =Hotel!B18 -> 244
A14: Kuwait | B14: =B13+1 -> 13 | C14: 2 | D14: 2020 | E14: =Submetering!E14+Submetering!F14+Submetering!G14+Submetering!H14+Submetering!I14+Submetering!J14+Submetering!K14+Submetering!L14+Submetering!M14+Submetering!N14+Submetering!O14+Submetering!P14+Submetering!Q14 -> 67400 | F14: 0.005 | G14: =Submetering!R14 -> 756.32492 | H14: 0.528 | I14: =Hotel!B19 -> 284
... A28: Kuwait | B28: =B27+1 -> 27 | C28: 2 | D28: 2020 | E28: =Submetering!E28+Submetering!F28+Submetering!G28+Submetering!H28+Submetering!I28+Submetering!J28+Submetering!K28+Submetering!L28+Submetering!M28+Submetering!N28+Submetering!O28+Submetering!P28+Submetering!Q28 -> 0 | F28: 0.005 | G28: =Submetering!R28 -> 0 | H28: 0.528 | I28: =Hotel!B33 -> 0
A29: Kuwait | B29: =B28+1 -> 28 | C29: 2 | D29: 2020 | E29: =Submetering!E29+Submetering!F29+Submetering!G29+Submetering!H29+Submetering!I29+Submetering!J29+Submetering!K29+Submetering!L29+Submetering!M29+Submetering!N29+Submetering!O29+Submetering!P29+Submetering!Q29 -> 0 | F29: 0.005 | G29: =Submetering!R29 -> 0 | H29: 0.528 | I29: =Hotel!C34 -> 0
A30: Kuwait | B30: =B29+1 -> 29 | C30: 2 | D30: 2020 | E30: =Submetering!E30+Submetering!F30+Submetering!G30+Submetering!H30+Submetering!I30+Submetering!J30+Submetering!K30+Submetering!L30+Submetering!M30+Submetering!N30+Submetering!O30+Submetering!P30+Submetering!Q30 -> 0 | F30: 0.005 | G30: =Submetering!R30 -> 0 | H30: 0.528 | I30: =Hotel!B35 -> 0

Sheet Submetering
A1: Site Name | B1: Day | C1: Month | D1: Year | E1: HT.02.02 - KWh | F1: HT.02.04 - KWh | G1: HT.02.07 - KWh | H1: HT.02.03 - KWh | I1: HT.02.06 - KWh | J1: HT.03.03 - KWh | K1: HT.03.07 - KWh | L1: HT.03.05 - KWh | M1: HT.03.08 - KWh | N1: HT.03.04 - KWh | O1: HT.03.06 - KWh | P1: HT.03.01 - KWh | Q1: HT.03.02 - KWh | R1: Water - m3 | S1: Room Nights
A2: Kuwait | B2: 1 | C2: 2 | D2: 2020 | E2: =Hotel!Q7 -> 530 | F2: =Hotel!R7 -> 9920 | G2: =Hotel!S7 -> 0 | H2: =Hotel!T7 -> 1450 | I2: =Hotel!U7 -> 7220 | J2: =Hotel!V7 -> 4510 | K2: =Hotel!W7 -> 3050 | L2: =Hotel!X7 -> 4650 | ... Q2: =Hotel!AC7 -> 16170 | R2: =Hotel!AV7*0.00378541*100 -> 497.78141 | S2: =Hotel!B7 -> 124
A3: Kuwait | B3: =B2+1 -> 2 | C3: 2 | D3: 2020 | E3: =Hotel!Q8 -> 530 | F3: =Hotel!R8 -> 9420 | G3: =Hotel!S8 -> 0 | H3: =Hotel!T8 -> 1410 | I3: =Hotel!U8 -> 6770 | J3: =Hotel!V8 -> 4710 | K3: =Hotel!W8 -> 4090 | L3: =Hotel!X8 -> 4610 | ... Q3: =Hotel!AC8 -> 16160 | R3: =Hotel!AV8*0.00378541*100 -> 631.40639 | S3: =Hotel!B8 -> 133
A4: Kuwait | B4: =B3+1 -> 3 | C4: 2 | D4: 2020 | E4: =Hotel!Q9 -> 540 | F4: =Hotel!R9 -> 9630 | G4: =Hotel!S9 -> 0 | H4: =Hotel!T9 -> 1450 | I4: =Hotel!U9 -> 6480 | J4: =Hotel!V9 -> 4430 | K4: =Hotel!W9 -> 2370 | L4: =Hotel!X9 -> 4750 | ... Q4: =Hotel!AC9 -> 16370 | R4: =Hotel!AV9*0.00378541*100 -> 619.67162 | S4: =Hotel!B9 -> 152
A5: Kuwait | B5: =B4+1 -> 4 | C5: 2 | D5: 2020 | E5: =Hotel!Q10 -> 520 | F5: =Hotel!R10 -> 9300 | G5: =Hotel!S10 -> 0 | H5: =Hotel!T10 -> 1420 | I5: =Hotel!U10 -> 6420 | J5: =Hotel!V10 -> 4520 | K5: =Hotel!W10 -> 3080 | L5: =Hotel!X10 -> 4630 | ... Q5: =Hotel!AC10 -> 16140 | R5: =Hotel!AV10*0.00378541*100 -> 562.89047 | S5: =Hotel!B10 -> 250
A6: Kuwait | B6: =B5+1 -> 5 | C6: 2 | D6: 2020 | E6: =Hotel!Q11 -> 540 | F6: =Hotel!R11 -> 9990 | G6: =Hotel!S11 -> 0 | H6: =Hotel!T11 -> 1400 | I6: =Hotel!U11 -> 6880 | J6: =Hotel!V11 -> 4700 | K6: =Hotel!W11 -> 3180 | L6: =Hotel!X11 -> 4760 | ... Q6: =Hotel!AC11 -> 16270 | R6: =Hotel!AV11*0.00378541*100 -> 761.62449 | S6: =Hotel!B11 -> 228
A7: Kuwait | B7: =B6+1 -> 6 | C7: 2 | D7: 2020 | E7: =Hotel!Q12 -> 520 | F7: =Hotel!R12 -> 11050 | G7: =Hotel!S12 -> 0 | H7: =Hotel!T12 -> 1400 | I7: =Hotel!U12 -> 7330 | J7: =Hotel!V12 -> 4770 | K7: =Hotel!W12 -> 3570 | L7: =Hotel!X12 -> 4720 | ... Q7: =Hotel!AC12 -> 16000 | R7: =Hotel!AV12*0.00378541*100 -> 950.13791 | S7: =Hotel!B12 -> 289
A8: Kuwait | B8: =B7+1 -> 7 | C8: 2 | D8: 2020 | E8: =Hotel!Q13 -> 530 | F8: =Hotel!R13 -> 11730 | G8: =Hotel!S13 -> 0 | H8: =Hotel!T13 -> 1420 | I8: =Hotel!U13 -> 7160 | J8: =Hotel!V13 -> 4820 | K8: =Hotel!W13 -> 3620 | L8: =Hotel!X13 -> 4670 | ... Q8: =Hotel!AC13 -> 15700 | R8: =Hotel!AV13*0.00378541*100 -> 645.79095 | S8: =Hotel!B13 -> 145
A9: Kuwait | B9: =B8+1 -> 8 | C9: 2 | D9: 2020 | E9: =Hotel!Q14 -> 510 | F9: =Hotel!R14 -> 11130 | G9: =Hotel!S14 -> 0 | H9: =Hotel!T14 -> 1410 | I9: =Hotel!U14 -> 6860 | J9: =Hotel!V14 -> 4710 | K9: =Hotel!W14 -> 3350 | L9: =Hotel!X14 -> 4550 | ... Q9: =Hotel!AC14 -> 15010 | R9: =Hotel!AV14*0.00378541*100 -> 684.40213 | S9: =Hotel!B14 -> 165
A10: Kuwait | B10: =B9+1 -> 9 | C10: 2 | D10: 2020 | E10: =Hotel!Q15 -> 530 | F10: =Hotel!R15 -> 10070 | G10: =Hotel!S15 -> 0 | H10: =Hotel!T15 -> 1360 | I10: =Hotel!U15 -> 6790 | J10: =Hotel!V15 -> 4050 | K10: =Hotel!W15 -> 3490 | L10: =Hotel!X15 -> 4460 | ... Q10: =Hotel!AC15 -> 15240 | R10: =Hotel!AV15*0.00378541*100 -> 686.67337 | S10: =Hotel!B15 -> 184
A11: Kuwait | B11: =B10+1 -> 10 | C11: 2 | D11: 2020 | E11: =Hotel!Q16 -> 540 | F11: =Hotel!R16 -> 9040 | G11: =Hotel!S16 -> 0 | H11: =Hotel!T16 -> 1380 | I11: =Hotel!U16 -> 6380 | J11: =Hotel!V16 -> 5740 | K11: =Hotel!W16 -> 2800 | L11: =Hotel!X16 -> 4820 | ... Q11: =Hotel!AC16 -> 15820 | R11: =Hotel!AV16*0.00378541*100 -> 721.1206 | S11: =Hotel!B16 -> 201
A12: Kuwait | B12: =B11+1 -> 11 | C12: 2 | D12: 2020 | E12: =Hotel!Q17 -> 520 | F12: =Hotel!R17 -> 7680 | G12: =Hotel!S17 -> 0 | H12: =Hotel!T17 -> 1350 | I12: =Hotel!U17 -> 6510 | J12: =Hotel!V17 -> 4860 | K12: =Hotel!W17 -> 3000 | L12: =Hotel!X17 -> 4880 | ... Q12: =Hotel!AC17 -> 15890 | R12: =Hotel!AV17*0.00378541*100 -> 760.86741 | S12: =Hotel!B17 -> 232
A13: Kuwait | B13: =B12+1 -> 12 | C13: 2 | D13: 2020 | E13: =Hotel!Q18 -> 560 | F13: =Hotel!R18 -> 3800 | G13: =Hotel!S18 -> 1220 | H13: =Hotel!T18 -> 1410 | I13: =Hotel!U18 -> 6980 | J13: =Hotel!V18 -> 5120 | K13: =Hotel!W18 -> 3220 | L13: =Hotel!X18 -> 5010 | ... Q13: =Hotel!AC18 -> 17160 | R13: =Hotel!AV18*0.00378541*100 -> 755.1893 | S13: =Hotel!B18 -> 244
A14: Kuwait | B14: =B13+1 -> 13 | C14: 2 | D14: 2020 | E14: =Hotel!Q19 -> 590 | F14: =Hotel!R19 -> 1980 | G14: =Hotel!S19 -> 2240 | H14: =Hotel!T19 -> 1450 | I14: =Hotel!U19 -> 7700 | J14: =Hotel!V19 -> 5300 | K14: =Hotel!W19 -> 3730 | L14: =Hotel!X19 -> 4970 | ... Q14: =Hotel!AC19 -> 17660 | R14: =Hotel!AV19*0.00378541*100 -> 756.32492 | S14: =Hotel!B19 -> 284
... A28: Kuwait | B28: =B27+1 -> 27 | C28: 2 | D28: 2020 | E28: =Hotel!Q33 -> 0 | F28: =Hotel!R33 -> 0 | G28: =Hotel!S33 -> 0 | H28: =Hotel!T33 -> 0 | I28: =Hotel!U33 -> 0 | J28: =Hotel!V33 -> 0 | K28: =Hotel!W33 -> 0 | L28: =Hotel!X33 -> 0 | ... Q28: =Hotel!AC33 -> 0 | R28: =Hotel!AV33*0.00378541*100 -> 0 | S28: =Hotel!B33 -> 0
A29: Kuwait | B29: =B28+1 -> 28 | C29: 2 | D29: 2020 | E29: =Hotel!Q34 -> 0 | F29: =Hotel!R34 -> 0 | G29: =Hotel!S34 -> 0 | H29: =Hotel!T34 -> 0 | I29: =Hotel!U34 -> 0 | J29: =Hotel!V34 -> 0 | K29: =Hotel!W34 -> 0 | L29: =Hotel!X34 -> 0 | ... Q29: =Hotel!AC34 -> 0 | R29: =Hotel!AV34*0.00378541*100 -> 0 | S29: =Hotel!C34 -> 0
A30: Kuwait | B30: =B29+1 -> 29 | C30: 2 | D30: 2020 | E30: =Hotel!Q35 -> 0 | F30: =Hotel!R35 -> 0 | G30: =Hotel!S35 -> 0 | H30: =Hotel!T35 -> 0 | I30: =Hotel!U35 -> 0 | J30: =Hotel!V35 -> 0 | K30: =Hotel!W35 -> 0 | L30: =Hotel!X35 -> 0 | ... Q30: =Hotel!AC35 -> 0 | R30: =Hotel!AV35*0.00378541*100 -> 0 | S30: =Hotel!B35 -> 0

Sheet Hotel
C1: 1 | D1: 2 | E1: 3 | F1: 4 | G1: 5 | H1: 6 | I1: 7 | J1: 8 | K1: 9 | L1: 10 | M1: 11 | N1: 12 | O1: 13 | Q1: 1 | R1: 2 | S1: 3 | T1: 4 | U1: 5 | V1: 6 | W1: 7 | X1: 8 | Y1: 9 | Z1: 10 | AA1: 11 | AB1: 12 | AC1: 13
A2: 43861 | B2: 194 | C2: 5938950 | D2: 12715040 | E2: 1470310 | F2: 2690220 | G2: 8311430 | H2: 4030860 | I2: 3934670 | J2: 4500570 | K2: 7157780 | L2: 2607590 | M2: 6537970 | N2: 9074790 | O2: 12186070 | Q2: HT.02.02 | R2: HT.02.04 | S2: HT.02.07 | T2: HT.02.03 | U2: HT.02.06 | V2: HT.03.03 | W2: HT.03.07 | X2: HT.03.05 | Y2: HT.03.08 | Z2: HT.03.04 | AA2: HT.03.06 | AB2: HT.03.01 | AC2: HT.03.02 | AU2: 768552
A4: Date | B4: Room Night | C4: February | D4: Electricity - Meter No | Q4: Electricity Consumption -KWh | AD4: Total KWh | AF4: Electricity Consumption - Amount | AS4: Total Kd | AU4: Water Meter Reading | AV4: Consumption Gallons | AW4: Total KD
A5: 2020 | C5: HT.02.02 | D5: HT.02.04 | E5: HT.02.07 | F5: HT.02.03 | G5: HT.02.06 | H5: HT.03.03 | I5: HT.03.07 | J5: HT.03.05 | K5: HT.03.08 | L5: HT.03.04 | M5: HT.03.06 | N5: HT.03.01 | O5: HT.03.02 | Q5: 8483196 | R5: 8483193 | S5: 8483178 | T5: 8483176 | U5: 8483206 | V5: 8483170 | W5: 8483168 | X5: 8483169 | Y5: 8483194 | Z5: 8483199 | AA5: 8483187 | AB5: 8483188 | AC5: 8483174 | AF5: 1 | AG5: 2 | AH5: 3 | AI5: 4 | AJ5: 5 | AK5: 6 | AL5: 7 | AM5: 8 | AN5: 9 | AO5: 10 | AP5: 11 | AQ5: 12 | AR5: 13
C6: 8483196 | D6: 8483193 | E6: 8483178 | F6: 8483176 | G6: 8483206 | H6: 8483170 | I6: 8483168 | J6: 8483169 | K6: 8483194 | L6: 8483199 | M6: 8483187 | N6: 8483188 | O6: 8483174 | AU6: =AU2 -> 768552
A7: 43862 | B7: 124 | C7: 5939480 | D7: 12724960 | E7: 1470310 | F7: 2691670 | G7: 8318650 | H7: 4035370 | I7: 3937720 | J7: 4505220 | K7: 7163390 | L7: 2610470 | M7: 6541630 | N7: 9081960 | O7: 12202240 | Q7: =IF((C7-C2<0), "0",C7-C2) -> 530 | R7: =IF((D7-D2<0), "0",D7-D2) -> 9920 | S7: =IF((E7-E2<0), "0",E7-E2) -> 0 | T7: =IF((F7-F2<0), "0",F7-F2) -> 1450 | U7: =IF((G7-G2<0), "0",G7-G2) -> 7220 | V7: =IF((H7-H2<0), "0",H7-H2) -> 4510 | W7: =IF((I7-I2<0), "0",I7-I2) -> 3050 | X7: =IF((J7-J2<0), "0",J7-J2) -> 4650 | ... AC7: =IF((O7-O2<0), "0",O7-O2) -> 16170 | AD7: =SUM(Q7:AC7) -> 66820 | AF7: =Q7*$D$37 -> 2.65 | AG7: =R7*$D$37 -> 49.6 | AH7: =S7*$D$37 -> 0 | AI7: =T7*$D$37 -> 7.25 | AJ7: =U7*$D$37 -> 36.1 | AK7: =V7*$D$37 -> 22.55 | AL7: =W7*$D$37 -> 15.25 | AM7: =X7*$D$37 -> 23.25 | ... AR7: =AC7*$D$37 -> 80.85 | AS7: =SUM(AF7:AR7) -> 334.1 | AU7: 769867 | AV7: =IF((AU7-AU6<0),"0",AU7-AU6) -> 1315 | AW7: 0
A8: 43863 | B8: 133 | C8: 5940010 | D8: 12734380 | E8: 1470310 | F8: 2693080 | G8: 8325420 | H8: 4040080 | I8: 3941810 | J8: 4509830 | K8: 7168690 | L8: 2613190 | M8: 6545130 | N8: 9088870 | O8: 12218400 | Q8: =IF((C8-C7<0), "0",C8-C7) -> 530 | R8: =IF((D8-D7<0), "0",D8-D7) -> 9420 | S8: =IF((E8-E7<0), "0",E8-E7) -> 0 | T8: =IF((F8-F7<0), "0",F8-F7) -> 1410 | U8: =IF((G8-G7<0), "0",G8-G7) -> 6770 | V8: =IF((H8-H7<0), "0",H8-H7) -> 4710 | W8: =IF((I8-I7<0), "0",I8-I7) -> 4090 | X8: =IF((J8-J7<0), "0",J8-J7) -> 4610 | ... AC8: =IF((O8-O7<0), "0",O8-O7) -> 16160 | AD8: =SUM(Q8:AC8) -> 66130 | AF8: =Q8*$D$37 -> 2.65 | AG8: =R8*$D$37 -> 47.1 | AH8: =S8*$D$37 -> 0 | AI8: =T8*$D$37 -> 7.05 | AJ8: =U8*$D$37 -> 33.85 | AK8: =V8*$D$37 -> 23.55 | AL8: =W8*$D$37 -> 20.45 | AM8: =X8*$D$37 -> 23.05 | ... AR8: =AC8*$D$37 -> 80.8 | AS8: =SUM(AF8:AR8) -> 330.65 | AU8: 771535 | AV8: =IF((AU8-AU7<0),"0",AU8-AU7) -> 1668 | AW8: 0
A9: 43864 | B9: 152 | C9: 5940550 | D9: 12744010 | E9: 1470310 | F9: 2694530 | G9: 8331900 | H9: 4044510 | I9: 3944180 | J9: 4514580 | K9: 7174100 | L9: 2615970 | M9: 6548470 | N9: 9095760 | O9: 12234770 | Q9: =IF((C9-C8<0), "0",C9-C8) -> 540 | R9: =IF((D9-D8<0), "0",D9-D8) -> 9630 | S9: =IF((E9-E8<0), "0",E9-E8) -> 0 | T9: =IF((F9-F8<0), "0",F9-F8) -> 1450 | U9: =IF((G9-G8<0), "0",G9-G8) -> 6480 | V9: =IF((H9-H8<0), "0",H9-H8) -> 4430 | W9: =IF((I9-I8<0), "0",I9-I8) -> 2370 | X9: =IF((J9-J8<0), "0",J9-J8) -> 4750 | ... AC9: =IF((O9-O8<0), "0",O9-O8) -> 16370 | AD9: =SUM(Q9:AC9) -> 64440 | AF9: =Q9*$D$37 -> 2.7 | AG9: =R9*$D$37 -> 48.15 | AH9: =S9*$D$37 -> 0 | AI9: =T9*$D$37 -> 7.25 | AJ9: =U9*$D$37 -> 32.4 | AK9: =V9*$D$37 -> 22.15 | AL9: =W9*$D$37 -> 11.85 | AM9: =X9*$D$37 -> 23.75 | ... AR9: =AC9*$D$37 -> 81.85 | AS9: =SUM(AF9:AR9) -> 322.2 | AU9: 773172 | AV9: =IF((AU9-AU8<0),"0",AU9-AU8) -> 1637 | AW9: =AV9*$D$38 -> 3.274
A10: 43865 | B10: 250 | C10: 5941070 | D10: 12753310 | E10: 1470310 | F10: 2695950 | G10: 8338320 | H10: 4049030 | I10: 3947260 | J10: 4519210 | K10: 7179720 | L10: 2618690 | M10: 6551990 | N10: 9102640 | O10: 12250910 | Q10: =IF((C10-C9<0), "0",C10-C9) -> 520 | R10: =IF((D10-D9<0), "0",D10-D9) -> 9300 | S10: =IF((E10-E9<0), "0",E10-E9) -> 0 | T10: =IF((F10-F9<0), "0",F10-F9) -> 1420 | U10: =IF((G10-G9<0), "0",G10-G9) -> 6420 | V10: =IF((H10-H9<0), "0",H10-H9) -> 4520 | W10: =IF((I10-I9<0), "0",I10-I9) -> 3080 | X10: =IF((J10-J9<0), "0",J10-J9) -> 4630 | ... AC10: =IF((O10-O9<0), "0",O10-O9) -> 16140 | AD10: =SUM(Q10:AC10) -> 64770 | AF10: =Q10*$D$37 -> 2.6 | AG10: =R10*$D$37 -> 46.5 | AH10: =S10*$D$37 -> 0 | AI10: =T10*$D$37 -> 7.1 | AJ10: =U10*$D$37 -> 32.1 | AK10: =V10*$D$37 -> 22.6 | AL10: =W10*$D$37 -> 15.4 | AM10: =X10*$D$37 -> 23.15 | ... AR10: =AC10*$D$37 -> 80.7 | AS10: =SUM(AF10:AR10) -> 323.85 | AU10: 774659 | AV10: =IF((AU10-AU9<0),"0",AU10-AU9) -> 1487 | AW10: =AV10*$D$38 -> 2.974
A11: 43866 | B11: 228 | C11: 5941610 | D11: 12763300 | E11: 1470310 | F11: 2697350 | G11: 8345200 | H11: 4053730 | I11: 3950440 | J11: 4523970 | K11: 7185470 | L11: 2621630 | M11: 6555630 | N11: 9109510 | O11: 12267180 | Q11: =IF((C11-C10<0), "0",C11-C10) -> 540 | R11: =IF((D11-D10<0), "0",D11-D10) -> 9990 | S11: =IF((E11-E10<0), "0",E11-E10) -> 0 | T11: =IF((F11-F10<0), "0",F11-F10) -> 1400 | U11: =IF((G11-G10<0), "0",G11-G10) -> 6880 | V11: =IF((H11-H10<0), "0",H11-H10) -> 4700 | W11: =IF((I11-I10<0), "0",I11-I10) -> 3180 | X11: =IF((J11-J10<0), "0",J11-J10) -> 4760 | ... AC11: =IF((O11-O10<0), "0",O11-O10) -> 16270 | AD11: =SUM(Q11:AC11) -> 66920 | AF11: =Q11*$D$37 -> 2.7 | AG11: =R11*$D$37 -> 49.95 | AH11: =S11*$D$37 -> 0 | AI11: =T11*$D$37 -> 7 | AJ11: =U11*$D$37 -> 34.4 | AK11: =V11*$D$37 -> 23.5 | AL11: =W11*$D$37 -> 15.9 | AM11: =X11*$D$37 -> 23.8 | ... AR11: =AC11*$D$37 -> 81.35 | AS11: =SUM(AF11:AR11) -> 334.6 | AU11: 776671 | AV11: =IF((AU11-AU10<0),"0",AU11-AU10) -> 2012 | AW11: =AV11*$D$38 -> 4.024
A12: 43867 | B12: 289 | C12: 5942130 | D12: 12774350 | E12: 1470310 | F12: 2698750 | G12: 8352530 | H12: 4058500 | I12: 3954010 | J12: 4528690 | K12: 7191350 | L12: 2624650 | M12: 6559600 | N12: 9116310 | O12: 12283180 | Q12: =IF((C12-C11<0), "0",C12-C11) -> 520 | R12: =IF((D12-D11<0), "0",D12-D11) -> 11050 | S12: =IF((E12-E11<0), "0",E12-E11) -> 0 | T12: =IF((F12-F11<0), "0",F12-F11) -> 1400 | U12: =IF((G12-G11<0), "0",G12-G11) -> 7330 | V12: =IF((H12-H11<0), "0",H12-H11) -> 4770 | W12: =IF((I12-I11<0), "0",I12-I11) -> 3570 | X12: =IF((J12-J11<0), "0",J12-J11) -> 4720 | ... AC12: =IF((O12-O11<0), "0",O12-O11) -> 16000 | AD12: =SUM(Q12:AC12) -> 69030 | AF12: =Q12*$D$37 -> 2.6 | AG12: =R12*$D$37 -> 55.25 | AH12: =S12*$D$37 -> 0 | AI12: =T12*$D$37 -> 7 | AJ12: =U12*$D$37 -> 36.65 | AK12: =V12*$D$37 -> 23.85 | AL12: =W12*$D$37 -> 17.85 | AM12: =X12*$D$37 -> 23.6 | ... AR12: =AC12*$D$37 -> 80 | AS12: =SUM(AF12:AR12) -> 345.15 | AU12: 779181 | AV12: =IF((AU12-AU11<0),"0",AU12-AU11) -> 2510 | AW12: =AV12*$D$38 -> 5.02
A13: 43868 | B13: 145 | C13: 5942660 | D13: 12786080 | E13: 1470310 | F13: 2700170 | G13: 8359690 | H13: 4063320 | I13: 3957630 | J13: 4533360 | K13: 7197370 | L13: 2627790 | M13: 6563520 | N13: 9123230 | O13: 12298880 | Q13: =IF((C13-C12<0), "0",C13-C12) -> 530 | R13: =IF((D13-D12<0), "0",D13-D12) -> 11730 | S13: =IF((E13-E12<0), "0",E13-E12) -> 0 | T13: =IF((F13-F12<0), "0",F13-F12) -> 1420 | U13: =IF((G13-G12<0), "0",G13-G12) -> 7160 | V13: =IF((H13-H12<0), "0",H13-H12) -> 4820 | W13: =IF((I13-I12<0), "0",I13-I12) -> 3620 | X13: =IF((J13-J12<0), "0",J13-J12) -> 4670 | ... AC13: =IF((O13-O12<0), "0",O13-O12) -> 15700 | AD13: =SUM(Q13:AC13) -> 69650 | AF13: =Q13*$D$37 -> 2.65 | AG13: =R13*$D$37 -> 58.65 | AH13: =S13*$D$37 -> 0 | AI13: =T13*$D$37 -> 7.1 | AJ13: =U13*$D$37 -> 35.8 | AK13: =V13*$D$37 -> 24.1 | AL13: =W13*$D$37 -> 18.1 | AM13: =X13*$D$37 -> 23.35 | ... AR13: =AC13*$D$37 -> 78.5 | AS13: =SUM(AF13:AR13) -> 348.25 | AU13: 780887 | AV13: =IF((AU13-AU12<0),"0",AU13-AU12) -> 1706 | AW13: =AV13*$D$38 -> 3.412
A14: 43869 | B14: 165 | C14: 5943170 | D14: 12797210 | E14: 1470310 | F14: 2701580 | G14: 8366550 | H14: 4068030 | I14: 3960980 | J14: 4537910 | K14: 7203130 | L14: 2630750 | M14: 6567800 | N14: 9129780 | O14: 12313890 | Q14: =IF((C14-C13<0), "0",C14-C13) -> 510 | R14: =IF((D14-D13<0), "0",D14-D13) -> 11130 | S14: =IF((E14-E13<0), "0",E14-E13) -> 0 | T14: =IF((F14-F13<0), "0",F14-F13) -> 1410 | U14: =IF((G14-G13<0), "0",G14-G13) -> 6860 | V14: =IF((H14-H13<0), "0",H14-H13) -> 4710 | W14: =IF((I14-I13<0), "0",I14-I13) -> 3350 | X14: =IF((J14-J13<0), "0",J14-J13) -> 4550 | ... AC14: =IF((O14-O13<0), "0",O14-O13) -> 15010 | AD14: =SUM(Q14:AC14) -> 67080 | AF14: =Q14*$D$37 -> 2.55 | AG14: =R14*$D$37 -> 55.65 | AH14: =S14*$D$37 -> 0 | AI14: =T14*$D$37 -> 7.05 | AJ14: =U14*$D$37 -> 34.3 | AK14: =V14*$D$37 -> 23.55 | AL14: =W14*$D$37 -> 16.75 | AM14: =X14*$D$37 -> 22.75 | ... AR14: =AC14*$D$37 -> 75.05 | AS14: =SUM(AF14:AR14) -> 335.4 | AU14: 782695 | AV14: =IF((AU14-AU13<0),"0",AU14-AU13) -> 1808 | AW14: =AV14*$D$38 -> 3.616
A15: 43870 | B15: 184 | C15: 5943700 | D15: 12807280 | E15: 1470310 | F15: 2702940 | G15: 8373340 | H15: 4072080 | I15: 3964470 | J15: 4542370 | K15: 7208550 | L15: 2633730 | M15: 6570880 | N15: 9136600 | O15: 12329130 | Q15: =IF((C15-C14<0), "0",C15-C14) -> 530 | R15: =IF((D15-D14<0), "0",D15-D14) -> 10070 | S15: =IF((E15-E14<0), "0",E15-E14) -> 0 | T15: =IF((F15-F14<0), "0",F15-F14) -> 1360 | U15: =IF((G15-G14<0), "0",G15-G14) -> 6790 | V15: =IF((H15-H14<0), "0",H15-H14) -> 4050 | W15: =IF((I15-I14<0), "0",I15-I14) -> 3490 | X15: =IF((J15-J14<0), "0",J15-J14) -> 4460 | ... AC15: =IF((O15-O14<0), "0",O15-O14) -> 15240 | AD15: =SUM(Q15:AC15) -> 64290 | AF15: =Q15*$D$37 -> 2.65 | AG15: =R15*$D$37 -> 50.35 | AH15: =S15*$D$37 -> 0 | AI15: =T15*$D$37 -> 6.8 | AJ15: =U15*$D$37 -> 33.95 | AK15: =V15*$D$37 -> 20.25 | AL15: =W15*$D$37 -> 17.45 | AM15: =X15*$D$37 -> 22.3 | ... AR15: =AC15*$D$37 -> 76.2 | AS15: =SUM(AF15:AR15) -> 321.45 | AU15: 784509 | AV15: =IF((AU15-AU14<0),"0",AU15-AU14) -> 1814 | AW15: =AV15*$D$38 -> 3.628
A16: 43871 | B16: 201 | C16: 5944240 | D16: 12816320 | E16: 1470310 | F16: 2704320 | G16: 8379720 | H16: 4077820 | I16: 3967270 | J16: 4547190 | K16: 7213950 | L16: 2636630 | M16: 6574340 | N16: 9143250 | O16: 12344950 | Q16: =IF((C16-C15<0), "0",C16-C15) -> 540 | R16: =IF((D16-D15<0), "0",D16-D15) -> 9040 | S16: =IF((E16-E15<0), "0",E16-E15) -> 0 | T16: =IF((F16-F15<0), "0",F16-F15) -> 1380 | U16: =IF((G16-G15<0), "0",G16-G15) -> 6380 | V16: =IF((H16-H15<0), "0",H16-H15) -> 5740 | W16: =IF((I16-I15<0), "0",I16-I15) -> 2800 | X16: =IF((J16-J15<0), "0",J16-J15) -> 4820 | ... AC16: =IF((O16-O15<0), "0",O16-O15) -> 15820 | AD16: =SUM(Q16:AC16) -> 64930 | AF16: =Q16*$D$37 -> 2.7 | AG16: =R16*$D$37 -> 45.2 | AH16: =S16*$D$37 -> 0 | AI16: =T16*$D$37 -> 6.9 | AJ16: =U16*$D$37 -> 31.9 | AK16: =V16*$D$37 -> 28.7 | AL16: =W16*$D$37 -> 14 | AM16: =X16*$D$37 -> 24.1 | ... AR16: =AC16*$D$37 -> 79.1 | AS16: =SUM(AF16:AR16) -> 324.65 | AU16: 786414 | AV16: =IF((AU16-AU15<0),"0",AU16-AU15) -> 1905 | AW16: =AV16*$D$38 -> 3.81
A17: 43872 | B17: 232 | C17: 5944760 | D17: 12824000 | E17: 1470310 | F17: 2705670 | G17: 8386230 | H17: 4082680 | I17: 3970270 | J17: 4552070 | K17: 7219320 | L17: 2639630 | M17: 6578060 | N17: 9150200 | O17: 12360840 | Q17: =IF((C17-C16<0), "0",C17-C16) -> 520 | R17: =IF((D17-D16<0), "0",D17-D16) -> 7680 | S17: =IF((E17-E16<0), "0",E17-E16) -> 0 | T17: =IF((F17-F16<0), "0",F17-F16) -> 1350 | U17: =IF((G17-G16<0), "0",G17-G16) -> 6510 | V17: =IF((H17-H16<0), "0",H17-H16) -> 4860 | W17: =IF((I17-I16<0), "0",I17-I16) -> 3000 | X17: =IF((J17-J16<0), "0",J17-J16) -> 4880 | ... AC17: =IF((O17-O16<0), "0",O17-O16) -> 15890 | AD17: =SUM(Q17:AC17) -> 63730 | AF17: =Q17*$D$37 -> 2.6 | AG17: =R17*$D$37 -> 38.4 | AH17: =S17*$D$37 -> 0 | AI17: =T17*$D$37 -> 6.75 | AJ17: =U17*$D$37 -> 32.55 | AK17: =V17*$D$37 -> 24.3 | AL17: =W17*$D$37 -> 15 | AM17: =X17*$D$37 -> 24.4 | ... AR17: =AC17*$D$37 -> 79.45 | AS17: =SUM(AF17:AR17) -> 318.65 | AU17: 788424 | AV17: =IF((AU17-AU16<0),"0",AU17-AU16) -> 2010 | AW17: =AV17*$D$38 -> 4.02
A18: 43873 | B18: 244 | C18: 5945320 | D18: 12827800 | E18: 1471530 | F18: 2707080 | G18: 8393210 | H18: 4087800 | I18: 3973490 | J18: 4557080 | K18: 7225170 | L18: 2642930 | M18: 6581990 | N18: 9157820 | O18: 12378000 | Q18: =IF((C18-C17<0), "0",C18-C17) -> 560 | R18: =IF((D18-D17<0), "0",D18-D17) -> 3800 | S18: =IF((E18-E17<0), "0",E18-E17) -> 1220 | T18: =IF((F18-F17<0), "0",F18-F17) -> 1410 | U18: =IF((G18-G17<0), "0",G18-G17) -> 6980 | V18: =IF((H18-H17<0), "0",H18-H17) -> 5120 | W18: =IF((I18-I17<0), "0",I18-I17) -> 3220 | X18: =IF((J18-J17<0), "0",J18-J17) -> 5010 | ... AC18: =IF((O18-O17<0), "0",O18-O17) -> 17160 | AD18: =SUM(Q18:AC18) -> 65180 | AF18: =Q18*$D$37 -> 2.8 | AG18: =R18*$D$37 -> 19 | AH18: =S18*$D$37 -> 6.1 | AI18: =T18*$D$37 -> 7.05 | AJ18: =U18*$D$37 -> 34.9 | AK18: =V18*$D$37 -> 25.6 | AL18: =W18*$D$37 -> 16.1 | AM18: =X18*$D$37 -> 25.05 | ... AR18: =AC18*$D$37 -> 85.8 | AS18: =SUM(AF18:AR18) -> 325.9 | AU18: 790419 | AV18: =IF((AU18-AU17<0),"0",AU18-AU17) -> 1995 | AW18: =AV18*$D$38 -> 3.99
A19: 43874 | B19: 284 | C19: 5945910 | D19: 12829780 | E19: 1473770 | F19: 2708530 | G19: 8400910 | H19: 4093100 | I19: 3977220 | J19: 4562050 | K19: 7231550 | L19: 2646230 | M19: 6586150 | N19: 9165760 | O19: 12395660 | Q19: =IF((C19-C18<0), "0",C19-C18) -> 590 | R19: =IF((D19-D18<0), "0",D19-D18) -> 1980 | S19: =IF((E19-E18<0), "0",E19-E18) -> 2240 | T19: =IF((F19-F18<0), "0",F19-F18) -> 1450 | U19: =IF((G19-G18<0), "0",G19-G18) -> 7700 | V19: =IF((H19-H18<0), "0",H19-H18) -> 5300 | W19: =IF((I19-I18<0), "0",I19-I18) -> 3730 | X19: =IF((J19-J18<0), "0",J19-J18) -> 4970 | ... AC19: =IF((O19-O18<0), "0",O19-O18) -> 17660 | AD19: =SUM(Q19:AC19) -> 67400 | AF19: =Q19*$D$37 -> 2.95 | AG19: =R19*$D$37 -> 9.9 | AH19: =S19*$D$37 -> 11.2 | AI19: =T19*$D$37 -> 7.25 | AJ19: =U19*$D$37 -> 38.5 | AK19: =V19*$D$37 -> 26.5 | AL19: =W19*$D$37 -> 18.65 | AM19: =X19*$D$37 -> 24.85 | ... AR19: =AC19*$D$37 -> 88.3 | AS19: =SUM(AF19:AR19) -> 337 | AU19: 792417 | AV19: =IF((AU19-AU18<0),"0",AU19-AU18) -> 1998 | AW19: =AV19*$D$38 -> 3.996
A20: 43875 | B20: 280 | C20: 5946430 | D20: 12831550 | E20: 1476250 | F20: 2709840 | G20: 8407970 | H20: 4097850 | I20: 3980630 | J20: 4566456 | K20: 7237400 | L20: 2649140 | M20: 6590010 | N20: 9172750 | O20: 12410760 | Q20: =IF((C20-C19<0), "0",C20-C19) -> 520 | R20: =IF((D20-D19<0), "0",D20-D19) -> 1770 | S20: =IF((E20-E19<0), "0",E20-E19) -> 2480 | T20: =IF((F20-F19<0), "0",F20-F19) -> 1310 | U20: =IF((G20-G19<0), "0",G20-G19) -> 7060 | V20: =IF((H20-H19<0), "0",H20-H19) -> 4750 | W20: =IF((I20-I19<0), "0",I20-I19) -> 3410 | X20: =IF((J20-J19<0), "0",J20-J19) -> 4406 | ... AC20: =IF((O20-O19<0), "0",O20-O19) -> 15100 | AD20: =SUM(Q20:AC20) -> 60416 | AF20: =Q20*$D$37 -> 2.6 | AG20: =R20*$D$37 -> 8.85 | AH20: =S20*$D$37 -> 12.4 | AI20: =T20*$D$37 -> 6.55 | AJ20: =U20*$D$37 -> 35.3 | AK20: =V20*$D$37 -> 23.75 | AL20: =W20*$D$37 -> 17.05 | AM20: =X20*$D$37 -> 22.03 | ... AR20: =AC20*$D$37 -> 75.5 | AS20: =SUM(AF20:AR20) -> 302.08 | AU20: 794317 | AV20: =IF((AU20-AU19<0),"0",AU20-AU19) -> 1900 | AW20: =AV20*$D$38 -> 3.8
... A32: 43887 | B32: 84 | C32: 5953100 | D32: 12854050 | E32: 1512610 | F32: 2727200 | G32: 8490510 | H32: 4156150 | I32: 4019160 | J32: 4622280 | K32: 7303950 | L32: 2683150 | M32: 6632790 | N32: 9259870 | O32: 12588050 | Q32: =IF((C32-C31<0), "0",C32-C31) -> 520 | R32: =IF((D32-D31<0), "0",D32-D31) -> 1740 | S32: =IF((E32-E31<0), "0",E32-E31) -> 2540 | T32: =IF((F32-F31<0), "0",F32-F31) -> 1310 | U32: =IF((G32-G31<0), "0",G32-G31) -> 6050 | V32: =IF((H32-H31<0), "0",H32-H31) -> 4440 | W32: =IF((I32-I31<0), "0",I32-I31) -> 2550 | X32: =IF((J32-J31<0), "0",J32-J31) -> 4410 | ... AC32: =IF((O32-O31<0), "0",O32-O31) -> 13690 | AD32: =SUM(Q32:AC32) -> 54860 | AF32: =Q32*$D$37 -> 2.6 | AG32: =R32*$D$37 -> 8.7 | AH32: =S32*$D$37 -> 12.7 | AI32: =T32*$D$37 -> 6.55 | AJ32: =U32*$D$37 -> 30.25 | AK32: =V32*$D$37 -> 22.2 | AL32: =W32*$D$37 -> 12.75 | AM32: =X32*$D$37 -> 22.05 | ... AR32: =AC32*$D$37 -> 68.45 | AS32: =SUM(AF32:AR32) -> 274.3 | AU32: 818881 | AV32: =IF((AU32-AU31<0),"0",AU32-AU31) -> 1640 | AW32: =AV32*$D$38 -> 3.28
A33: 43888 | Q33: =IF((C33-C32<0), "0",C33-C32) -> 0 | R33: =IF((D33-D32<0), "0",D33-D32) -> 0 | S33: =IF((E33-E32<0), "0",E33-E32) -> 0 | T33: =IF((F33-F32<0), "0",F33-F32) -> 0 | U33: =IF((G33-G32<0), "0",G33-G32) -> 0 | V33: =IF((H33-H32<0), "0",H33-H32) -> 0 | W33: =IF((I33-I32<0), "0",I33-I32) -> 0 | X33: =IF((J33-J32<0), "0",J33-J32) -> 0 | ... AC33: =IF((O33-O32<0), "0",O33-O32) -> 0 | AD33: =SUM(Q33:AC33) -> 0 | AF33: =Q33*$D$37 -> 0 | AG33: =R33*$D$37 -> 0 | AH33: =S33*$D$37 -> 0 | AI33: =T33*$D$37 -> 0 | AJ33: =U33*$D$37 -> 0 | AK33: =V33*$D$37 -> 0 | AL33: =W33*$D$37 -> 0 | AM33: =X33*$D$37 -> 0 | ... AR33: =AC33*$D$37 -> 0 | AS33: =SUM(AF33:AR33) -> 0 | AV33: =IF((AU33-AU32<0),"0",AU33-AU32) -> 0 | AW33: =AV33*$D$38 -> 0
A34: 43889 | Q34: =IF((C34-C33<0), "0",C34-C33) -> 0 | R34: =IF((D34-D33<0), "0",D34-D33) -> 0 | S34: =IF((E34-E33<0), "0",E34-E33) -> 0 | T34: =IF((F34-F33<0), "0",F34-F33) -> 0 | U34: =IF((G34-G33<0), "0",G34-G33) -> 0 | V34: =IF((H34-H33<0), "0",H34-H33) -> 0 | W34: =IF((I34-I33<0), "0",I34-I33) -> 0 | X34: =IF((J34-J33<0), "0",J34-J33) -> 0 | ... AC34: =IF((O34-O33<0), "0",O34-O33) -> 0 | AD34: =SUM(Q34:AC34) -> 0 | AF34: =Q34*$D$37 -> 0 | AG34: =R34*$D$37 -> 0 | AH34: =S34*$D$37 -> 0 | AI34: =T34*$D$37 -> 0 | AJ34: =U34*$D$37 -> 0 | AK34: =V34*$D$37 -> 0 | AL34: =W34*$D$37 -> 0 | AM34: =X34*$D$37 -> 0 | ... AR34: =AC34*$D$37 -> 0 | AS34: =SUM(AF34:AR34) -> 0 | AV34: =IF((AU34-AU33<0),"0",AU34-AU33) -> 0 | AW34: =AV34*$D$38 -> 0
A35: 43890 | Q35: =IF((C35-C34<0), "0",C35-C34) -> 0 | R35: =IF((D35-D34<0), "0",D35-D34) -> 0 | S35: =IF((E35-E34<0), "0",E35-E34) -> 0 | T35: =IF((F35-F34<0), "0",F35-F34) -> 0 | U35: =IF((G35-G34<0), "0",G35-G34) -> 0 | V35: =IF((H35-H34<0), "0",H35-H34) -> 0 | W35: =IF((I35-I34<0), "0",I35-I34) -> 0 | X35: =IF((J35-J34<0), "0",J35-J34) -> 0 | ... AC35: =IF((O35-O34<0), "0",O35-O34) -> 0 | AD35: =SUM(Q35:AC35) -> 0 | AF35: =Q35*$D$37 -> 0 | AG35: =R35*$D$37 -> 0 | AH35: =S35*$D$37 -> 0 | AI35: =T35*$D$37 -> 0 | AJ35: =U35*$D$37 -> 0 | AK35: =V35*$D$37 -> 0 | AL35: =W35*$D$37 -> 0 | AM35: =X35*$D$37 -> 0 | ... AR35: =AC35*$D$37 -> 0 | AS35: =SUM(AF35:AR35) -> 0 | AV35: =IF((AU35-AU34<0),"0",AU35-AU34) -> 0 | AW35: =AV35*$D$38 -> 0
Q36: =SUM(Q7:Q35) -> 14150 | R36: =SUM(R7:R35) -> 139010 | S36: =SUM(S7:S35) -> 42300 | T36: =SUM(T7:T35) -> 36980 | U36: =SUM(U7:U35) -> 179080 | V36: =SUM(V3:V7) -> 8487680 | W36: =SUM(W7:W35) -> 84490 | X36: =SUM(X7:X35) -> 121710 | Y36: =SUM(Y7:Y35) -> 146170 | Z36: =SUM(Z7:Z35) -> 75560 | AA36: =SUM(AA7:AA35) -> 94820 | AB36: =SUM(AB7:AB35) -> 185080 | AC36: =SUM(AC7:AC35) -> 401980 | AD36: =SUM(AD7:AD35) -> 1646620 | AF36: =SUM(AF7:AF35) -> 70.75 | AG36: =SUM(AG7:AG35) -> 695.05 | AH36: =SUM(AH7:AH35) -> 211.5 | AI36: =SUM(AI7:AI35) -> 184.9 | AJ36: =SUM(AJ7:AJ35) -> 895.4 | AK36: =SUM(AK7:AK35) -> 626.45 | AL36: =SUM(AL7:AL35) -> 422.45 | AM36: =SUM(AM7:AM35) -> 608.55 | ... AS36: =SUM(AS7:AS35) -> 8233.1 | AV36: =SUM(AV7:AV35) -> 50329 | AW36: =SUM(AW7:AW35) -> 94.692
D37: 0.005 | AV37: =AV36*0.00378541*1000 -> 190515.9
D38: 0.002 | AV38: =AV37/31 -> 6145.6742
AV39: =AV36*0.00378541 -> 190.5159
AU42: =0.002 -> 0.002 | AV42: 0.00378541
AV43: =AU42/AV42 -> 0.52834435
