Workbook

Sheet TOTAL
A1: Site Name | B1: Day | C1: Month | D1: Year | E1: Total Electricity Kwh | F1: Electricity Tariff ($/Kwh) | G1: Natual Gas (m3) | H1: Natural Gas $/m3 | I1: Water Utility Supply (m3) m3 | J1: Water Utility Supply (m3) $/m3 | K1: Room Nights | L1: Total Guests
A2: London at Park Lane | B2: 1 | C2: 2 | D2: 2020 | E2: =Submetering!E2+Submetering!F2+Submetering!G2 -> 18074 | F2: 0.10888583 | G2: =Submetering!AC2-Submetering!AD2 -> 2132 | H2: 0.255129 | I2: =Submetering!Y2+Submetering!Z2 -> 0 | J2: 2.3196173 | K2: =Submetering!AE2 -> 123 | L2: =Submetering!AF2 -> 193
A3: London at Park Lane | B3: =B2+1 -> 2 | C3: 2 | D3: 2020 | E3: =Submetering!E3+Submetering!F3+Submetering!G3 -> 17948 | F3: 0.10888583 | G3: =Submetering!AC3 -> 3132 | H3: 0.255129 | I3: =Submetering!F3+Submetering!G3 -> 10003 | J3: 2.3196173 | K3: =Submetering!AE3 -> 133 | L3: =Submetering!AF3 -> 173
A4: London at Park Lane | B4: =B3+1 -> 3 | C4: 2 | D4: 2020 | E4: =Submetering!E4+Submetering!F4+Submetering!G4 -> 17768 | F4: 0.10888583 | G4: =Submetering!AC4 -> 3107 | H4: 0.255129 | I4: =Submetering!F4+Submetering!G4 -> 9850 | J4: 2.3196173 | K4: =Submetering!AE4 -> 138 | L4: =Submetering!AF4 -> 200
A5: London at Park Lane | B5: =B4+1 -> 4 | C5: 2 | D5: 2020 | E5: =Submetering!E5+Submetering!F5+Submetering!G5 -> 18009 | F5: 0.10888583 | G5: =Submetering!AC5 -> 2908 | H5: 0.255129 | I5: =Submetering!F5+Submetering!G5 -> 10088 | J5: 2.3196173 | K5: =Submetering!AE5 -> 130 | L5: =Submetering!AF5 -> 151
A6: London at Park Lane | B6: =B5+1 -> 5 | C6: 2 | D6: 2020 | E6: =Submetering!E6+Submetering!F6+Submetering!G6 -> 18103 | F6: 0.10888583 | G6: =Submetering!AC6 -> 2465 | H6: 0.255129 | I6: =Submetering!F6+Submetering!G6 -> 9885 | J6: 2.3196173 | K6: =Submetering!AE6 -> 138 | L6: =Submetering!AF6 -> 200
A7: London at Park Lane | B7: =B6+1 -> 6 | C7: 2 | D7: 2020 | E7: =Submetering!E7+Submetering!F7+Submetering!G7 -> 18155 | F7: 0.10888583 | G7: =Submetering!AC7 -> 2491 | H7: 0.255129 | I7: =Submetering!F7+Submetering!G7 -> 9824 | J7: 2.3196173 | K7: =Submetering!AE7 -> 134 | L7: =Submetering!AF7 -> 180
A8: London at Park Lane | B8: =B7+1 -> 7 | C8: 2 | D8: 2020 | E8: =Submetering!E8+Submetering!F8+Submetering!G8 -> 19086 | F8: 0.10888583 | G8: =Submetering!AC8 -> 2627 | H8: 0.255129 | I8: =Submetering!F8+Submetering!G8 -> 10349 | J8: 2.3196173 | K8: =Submetering!AE8 -> 158 | L8: =Submetering!AF8 -> 224
A9: London at Park Lane | B9: =B8+1 -> 8 | C9: 2 | D9: 2020 | E9: =Submetering!E9+Submetering!F9+Submetering!G9 -> 17928 | F9: 0.10888583 | G9: =Submetering!AC9 -> 2282 | H9: 0.255129 | I9: =Submetering!F9+Submetering!G9 -> 9505 | J9: 2.3196173 | K9: =Submetering!AE9 -> 151 | L9: =Submetering!AF9 -> 238
A10: London at Park Lane | B10: =B9+1 -> 9 | C10: 2 | D10: 2020 | E10: =Submetering!E10+Submetering!F10+Submetering!G10 -> 18061 | F10: 0.10888583 | G10: =Submetering!AC10 -> 2501 | H10: 0.255129 | I10: =Submetering!F10+Submetering!G10 -> 10048 | J10: 2.3196173 | K10: =Submetering!AE10 -> 151 | L10: =Submetering!AF10 -> 248
A11: London at Park Lane | B11: =B10+1 -> 10 | C11: 2 | D11: 2020 | E11: =Submetering!E11+Submetering!F11+Submetering!G11 -> 17780 | F11: 0.10888583 | G11: =Submetering!AC11 -> 2549 | H11: 0.255129 | I11: =Submetering!F11+Submetering!G11 -> 9932 | J11: 2.3196173 | K11: =Submetering!AE11 -> 142 | L11: =Submetering!AF11 -> 228
A12: London at Park Lane | B12: =B11+1 -> 11 | C12: 2 | D12: 2020 | E12: =Submetering!E12+Submetering!F12+Submetering!G12 -> 17721 | F12: 0.10888583 | G12: =Submetering!AC12 -> 2722 | H12: 0.255129 | I12: =Submetering!F12+Submetering!G12 -> 9919 | J12: 2.3196173 | K12: =Submetering!AE12 -> 141 | L12: =Submetering!AF12 -> 209
A13: London at Park Lane | B13: =B12+1 -> 12 | C13: 2 | D13: 2020 | E13: =Submetering!E13+Submetering!F13+Submetering!G13 -> 18267 | F13: 0.10888583 | G13: =Submetering!AC13 -> 2400 | H13: 0.255129 | I13: =Submetering!F13+Submetering!G13 -> 9938 | J13: 2.3196173 | K13: =Submetering!AE13 -> 142 | L13: =Submetering!AF13 -> 202
A14: London at Park Lane | B14: =B13+1 -> 13 | C14: 2 | D14: 2020 | E14: =Submetering!E14+Submetering!F14+Submetering!G14 -> 19408 | F14: 0.10888583 | G14: =Submetering!AC14 -> 2332 | H14: 0.255129 | I14: =Submetering!F14+Submetering!G14 -> 10462 | J14: 2.3196173 | K14: =Submetering!AE14 -> 130 | L14: =Submetering!AF14 -> 169
... A29: London at Park Lane | B29: =B28+1 -> 28 | C29: 2 | D29: 2020 | E29: =Submetering!E29+Submetering!F29+Submetering!G29 -> 27106 | F29: 0.10888583 | G29: =Submetering!AC29 -> 2053 | H29: 0.255129 | I29: =Submetering!F29+Submetering!G29 -> 9758 | J29: 2.3196173 | K29: =Submetering!AE29 -> 134 | L29: =Submetering!AF29 -> 193

Sheet Submetering
A1: Site Name | B1: Day | C1: Month | D1: Year | E1: LV Panel 1 KWh | F1: LV Panel 2 KWh | G1: CHP KWh | H1: MCC9 KWh | I1: GF Panel KWh | J1: Kitchen Switch. KWh | K1: Kitchen Panel KWh | L1: MCC3 (AHU) KWh | M1: MCC8 KWh | N1: 1st Floor Plan (KWh) | O1: MCC6(1st floor AHU) KWh | P1: Chiller 1 KWh | Q1: Chiller 2 KWh | R1: MCC 10 (Mechanical Services) KWh | S1: MCC2 CHW KWh | T1: MCC7 (Kitchen) KWh | U1: MCC 5 (Mechanical services) KWh | V1: MCC 4 (Water Services) KWh | W1: MCC1 (KWh) | X1: Laundry db KWh | Y1: City Water 1 m3 | Z1: City Water 2 m3 | AA1: Laundry CW m3 | AB1: Laundry HW m3 | AC1: Natural Gas m3 | AD1: CHP Natural Gas m3 | AE1: Room Nights | AF1: Total Guests
A2: London at Park Lane | B2: 1 | C2: 2 | D2: 2020 | E2: =IF(('FSLPL Daily '!C4-'FSLPL Daily '!C3<0), "0",'FSLPL Daily '!C4-'FSLPL Daily '!C3) -> 8036 | F2: =IF(('FSLPL Daily '!E4-'FSLPL Daily '!E3<0), "0",'FSLPL Daily '!E4-'FSLPL Daily '!E3) -> 6127 | G2: =IF(('FSLPL Daily '!G4-'FSLPL Daily '!G3<0), "0",'FSLPL Daily '!G4-'FSLPL Daily '!G3) -> 3911 | H2: =IF(('FSLPL Daily '!I4-'FSLPL Daily '!I3<0), "",'FSLPL Daily '!I4-'FSLPL Daily '!I3) -> 423 | I2: =IF(('FSLPL Daily '!K4-'FSLPL Daily '!K3<0), "",'FSLPL Daily '!K4-'FSLPL Daily '!K3) -> 862 | J2: =IF(('FSLPL Daily '!M4-'FSLPL Daily '!M3<0), "",'FSLPL Daily '!M4-'FSLPL Daily '!M3) -> 1524 | K2: =IF(('FSLPL Daily '!O4-'FSLPL Daily '!O3<0), "",'FSLPL Daily '!O4-'FSLPL Daily '!O3) -> 671 | L2: =IF(('FSLPL Daily '!Q4-'FSLPL Daily '!Q3<0), "",'FSLPL Daily '!Q4-'FSLPL Daily '!Q3) -> 351 | M2: =IF(('FSLPL Daily '!S4-'FSLPL Daily '!S3<0), "",'FSLPL Daily '!S4-'FSLPL Daily '!S3) -> 10 | N2: =IF(('FSLPL Daily '!U4-'FSLPL Daily '!U3<0), "",'FSLPL Daily '!U4-'FSLPL Daily '!U3) -> 1120 | O2: =IF(('FSLPL Daily '!W4-'FSLPL Daily '!W3<0), "",'FSLPL Daily '!W4-'FSLPL Daily '!W3) -> 152 | P2: =IF(('FSLPL Daily '!Y4-'FSLPL Daily '!Y3<0), "",'FSLPL Daily '!Y4-'FSLPL Daily '!Y3) -> 1102 | Q2: =IF(('FSLPL Daily '!AA4-'FSLPL Daily '!AA3<0), "",'FSLPL Daily '!AA4-'FSLPL Daily '!AA3) -> 3 | R2: =IF(('FSLPL Daily '!AC4-'FSLPL Daily '!AC3<0), "",'FSLPL Daily '!AC4-'FSLPL Daily '!AC3) -> 1443 | S2: =IF(('FSLPL Daily '!AE4-'FSLPL Daily '!AE3<0), "",'FSLPL Daily '!AE4-'FSLPL Daily '!AE3) -> 2076 | T2: =IF(('FSLPL Daily '!AG4-'FSLPL Daily '!AG3<0), "",'FSLPL Daily '!AG4-'FSLPL Daily '!AG3) -> 374 | U2: =IF(('FSLPL Daily '!AI4-'FSLPL Daily '!AI3<0), "",'FSLPL Daily '!AI4-'FSLPL Daily '!AI3) -> 20 | V2: =IF(('FSLPL Daily '!AK4-'FSLPL Daily '!AK3<0), "",'FSLPL Daily '!AK4-'FSLPL Daily '!AK3) -> 400 | W2: =IF(('FSLPL Daily '!AM4-'FSLPL Daily '!AM3<0), "",'FSLPL Daily '!AM4-'FSLPL Daily '!AM3) -> 669 | X2: =IF(('FSLPL Daily '!AO4-'FSLPL Daily '!AO3<0), "",'FSLPL Daily '!AO4-'FSLPL Daily '!AO3) -> 720 | Y2: =IF(('FSLPL Daily '!AR4-'FSLPL Daily '!AR3<0), "0",'FSLPL Daily '!AR4-'FSLPL Daily '!AR3) -> 0 | Z2: =IF(('FSLPL Daily '!AT4-'FSLPL Daily '!AT3<0), "0",'FSLPL Daily '!AT4-'FSLPL Daily '!AT3) -> 0 | AA2: =IF(('FSLPL Daily '!AV4-'FSLPL Daily '!AV3<0), "0",'FSLPL Daily '!AV4-'FSLPL Daily '!AV3) -> 28 | AB2: =IF(('FSLPL Daily '!AX4-'FSLPL Daily '!AX3<0), "",'FSLPL Daily '!AX4-'FSLPL Daily '!AX3) -> 13 | AC2: =IF(('FSLPL Daily '!AZ4-'FSLPL Daily '!AZ3<0), "0",'FSLPL Daily '!AZ4-'FSLPL Daily '!AZ3) -> 3258 | AD2: =IF(('FSLPL Daily '!BB4-'FSLPL Daily '!BB3<0), "0",'FSLPL Daily '!BB4-'FSLPL Daily '!BB3) -> 1126 | AE2: ='FSLPL Daily '!BD4 -> 123 | AF2: ='FSLPL Daily '!BE4 -> 193
A3: London at Park Lane | B3: =B2+1 -> 2 | C3: 2 | D3: 2020 | E3: =IF(('FSLPL Daily '!C5-'FSLPL Daily '!C4<0), "0",'FSLPL Daily '!C5-'FSLPL Daily '!C4) -> 7945 | F3: =IF(('FSLPL Daily '!E5-'FSLPL Daily '!E4<0), "0",'FSLPL Daily '!E5-'FSLPL Daily '!E4) -> 6167 | G3: =IF(('FSLPL Daily '!G5-'FSLPL Daily '!G4<0), "0",'FSLPL Daily '!G5-'FSLPL Daily '!G4) -> 3836 | H3: =IF(('FSLPL Daily '!I5-'FSLPL Daily '!I4<0), "",'FSLPL Daily '!I5-'FSLPL Daily '!I4) -> 424 | I3: =IF(('FSLPL Daily '!K5-'FSLPL Daily '!K4<0), "",'FSLPL Daily '!K5-'FSLPL Daily '!K4) -> 845 | J3: =IF(('FSLPL Daily '!M5-'FSLPL Daily '!M4<0), "",'FSLPL Daily '!M5-'FSLPL Daily '!M4) -> 1534 | K3: =IF(('FSLPL Daily '!O5-'FSLPL Daily '!O4<0), "",'FSLPL Daily '!O5-'FSLPL Daily '!O4) -> 703 | L3: =IF(('FSLPL Daily '!Q5-'FSLPL Daily '!Q4<0), "",'FSLPL Daily '!Q5-'FSLPL Daily '!Q4) -> 347 | M3: =IF(('FSLPL Daily '!S5-'FSLPL Daily '!S4<0), "",'FSLPL Daily '!S5-'FSLPL Daily '!S4) -> 15 | N3: =IF(('FSLPL Daily '!U5-'FSLPL Daily '!U4<0), "",'FSLPL Daily '!U5-'FSLPL Daily '!U4) -> 1017 | O3: =IF(('FSLPL Daily '!W5-'FSLPL Daily '!W4<0), "",'FSLPL Daily '!W5-'FSLPL Daily '!W4) -> 56 | P3: =IF(('FSLPL Daily '!Y5-'FSLPL Daily '!Y4<0), "",'FSLPL Daily '!Y5-'FSLPL Daily '!Y4) -> 1167 | Q3: =IF(('FSLPL Daily '!AA5-'FSLPL Daily '!AA4<0), "",'FSLPL Daily '!AA5-'FSLPL Daily '!AA4) -> 2 | R3: =IF(('FSLPL Daily '!AC5-'FSLPL Daily '!AC4<0), "",'FSLPL Daily '!AC5-'FSLPL Daily '!AC4) -> 1439 | S3: =IF(('FSLPL Daily '!AE5-'FSLPL Daily '!AE4<0), "",'FSLPL Daily '!AE5-'FSLPL Daily '!AE4) -> 2069 | T3: =IF(('FSLPL Daily '!AG5-'FSLPL Daily '!AG4<0), "",'FSLPL Daily '!AG5-'FSLPL Daily '!AG4) -> 375 | U3: =IF(('FSLPL Daily '!AI5-'FSLPL Daily '!AI4<0), "",'FSLPL Daily '!AI5-'FSLPL Daily '!AI4) -> 20 | V3: =IF(('FSLPL Daily '!AK5-'FSLPL Daily '!AK4<0), "",'FSLPL Daily '!AK5-'FSLPL Daily '!AK4) -> 389 | W3: =IF(('FSLPL Daily '!AM5-'FSLPL Daily '!AM4<0), "",'FSLPL Daily '!AM5-'FSLPL Daily '!AM4) -> 664 | X3: =IF(('FSLPL Daily '!AO5-'FSLPL Daily '!AO4<0), "",'FSLPL Daily '!AO5-'FSLPL Daily '!AO4) -> 706 | Y3: =IF(('FSLPL Daily '!AR5-'FSLPL Daily '!AR4<0), "",'FSLPL Daily '!AR5-'FSLPL Daily '!AR4) -> 0 | Z3: =IF(('FSLPL Daily '!AT5-'FSLPL Daily '!AT4<0), "",'FSLPL Daily '!AT5-'FSLPL Daily '!AT4) -> 0 | AA3: =IF(('FSLPL Daily '!AV5-'FSLPL Daily '!AV4<0), "",'FSLPL Daily '!AV5-'FSLPL Daily '!AV4) -> 39 | AB3: =IF(('FSLPL Daily '!AX5-'FSLPL Daily '!AX4<0), "",'FSLPL Daily '!AX5-'FSLPL Daily '!AX4) -> 8 | AC3: =IF(('FSLPL Daily '!AZ5-'FSLPL Daily '!AZ4<0), "",'FSLPL Daily '!AZ5-'FSLPL Daily '!AZ4) -> 3132 | AD3: =IF(('FSLPL Daily '!BB5-'FSLPL Daily '!BB4<0), "",'FSLPL Daily '!BB5-'FSLPL Daily '!BB4) -> 1099 | AE3: ='FSLPL Daily '!BD5 -> 133 | AF3: ='FSLPL Daily '!BE5 -> 173
A4: London at Park Lane | B4: =B3+1 -> 3 | C4: 2 | D4: 2020 | E4: =IF(('FSLPL Daily '!C6-'FSLPL Daily '!C5<0), "0",'FSLPL Daily '!C6-'FSLPL Daily '!C5) -> 7918 | F4: =IF(('FSLPL Daily '!E6-'FSLPL Daily '!E5<0), "0",'FSLPL Daily '!E6-'FSLPL Daily '!E5) -> 6047 | G4: =IF(('FSLPL Daily '!G6-'FSLPL Daily '!G5<0), "0",'FSLPL Daily '!G6-'FSLPL Daily '!G5) -> 3803 | H4: =IF(('FSLPL Daily '!I6-'FSLPL Daily '!I5<0), "",'FSLPL Daily '!I6-'FSLPL Daily '!I5) -> 446 | I4: =IF(('FSLPL Daily '!K6-'FSLPL Daily '!K5<0), "",'FSLPL Daily '!K6-'FSLPL Daily '!K5) -> 835 | J4: =IF(('FSLPL Daily '!M6-'FSLPL Daily '!M5<0), "",'FSLPL Daily '!M6-'FSLPL Daily '!M5) -> 1408 | K4: =IF(('FSLPL Daily '!O6-'FSLPL Daily '!O5<0), "",'FSLPL Daily '!O6-'FSLPL Daily '!O5) -> 699 | L4: =IF(('FSLPL Daily '!Q6-'FSLPL Daily '!Q5<0), "",'FSLPL Daily '!Q6-'FSLPL Daily '!Q5) -> 350 | M4: =IF(('FSLPL Daily '!S6-'FSLPL Daily '!S5<0), "",'FSLPL Daily '!S6-'FSLPL Daily '!S5) -> 19 | N4: =IF(('FSLPL Daily '!U6-'FSLPL Daily '!U5<0), "",'FSLPL Daily '!U6-'FSLPL Daily '!U5) -> 1074 | O4: =IF(('FSLPL Daily '!W6-'FSLPL Daily '!W5<0), "",'FSLPL Daily '!W6-'FSLPL Daily '!W5) -> 194 | P4: =IF(('FSLPL Daily '!Y6-'FSLPL Daily '!Y5<0), "",'FSLPL Daily '!Y6-'FSLPL Daily '!Y5) -> 1202 | Q4: =IF(('FSLPL Daily '!AA6-'FSLPL Daily '!AA5<0), "",'FSLPL Daily '!AA6-'FSLPL Daily '!AA5) -> 2 | R4: =IF(('FSLPL Daily '!AC6-'FSLPL Daily '!AC5<0), "",'FSLPL Daily '!AC6-'FSLPL Daily '!AC5) -> 1457 | S4: =IF(('FSLPL Daily '!AE6-'FSLPL Daily '!AE5<0), "",'FSLPL Daily '!AE6-'FSLPL Daily '!AE5) -> 2058 | T4: =IF(('FSLPL Daily '!AG6-'FSLPL Daily '!AG5<0), "",'FSLPL Daily '!AG6-'FSLPL Daily '!AG5) -> 373 | U4: =IF(('FSLPL Daily '!AI6-'FSLPL Daily '!AI5<0), "",'FSLPL Daily '!AI6-'FSLPL Daily '!AI5) -> 20 | V4: =IF(('FSLPL Daily '!AK6-'FSLPL Daily '!AK5<0), "",'FSLPL Daily '!AK6-'FSLPL Daily '!AK5) -> 392 | W4: =IF(('FSLPL Daily '!AM6-'FSLPL Daily '!AM5<0), "",'FSLPL Daily '!AM6-'FSLPL Daily '!AM5) -> 662 | X4: =IF(('FSLPL Daily '!AO6-'FSLPL Daily '!AO5<0), "",'FSLPL Daily '!AO6-'FSLPL Daily '!AO5) -> 720 | Y4: =IF(('FSLPL Daily '!AR6-'FSLPL Daily '!AR5<0), "",'FSLPL Daily '!AR6-'FSLPL Daily '!AR5) -> 0 | Z4: =IF(('FSLPL Daily '!AT6-'FSLPL Daily '!AT5<0), "",'FSLPL Daily '!AT6-'FSLPL Daily '!AT5) -> 0 | AA4: =IF(('FSLPL Daily '!AV6-'FSLPL Daily '!AV5<0), "",'FSLPL Daily '!AV6-'FSLPL Daily '!AV5) -> 40 | AB4: =IF(('FSLPL Daily '!AX6-'FSLPL Daily '!AX5<0), "",'FSLPL Daily '!AX6-'FSLPL Daily '!AX5) -> 11 | AC4: =IF(('FSLPL Daily '!AZ6-'FSLPL Daily '!AZ5<0), "",'FSLPL Daily '!AZ6-'FSLPL Daily '!AZ5) -> 3107 | AD4: =IF(('FSLPL Daily '!BB6-'FSLPL Daily '!BB5<0), "",'FSLPL Daily '!BB6-'FSLPL Daily '!BB5) -> 1073 | AE4: ='FSLPL Daily '!BD6 -> 138 | AF4: ='FSLPL Daily '!BE6 -> 200
A5: London at Park Lane | B5: =B4+1 -> 4 | C5: 2 | D5: 2020 | E5: =IF(('FSLPL Daily '!C7-'FSLPL Daily '!C6<0), "0",'FSLPL Daily '!C7-'FSLPL Daily '!C6) -> 7921 | F5: =IF(('FSLPL Daily '!E7-'FSLPL Daily '!E6<0), "0",'FSLPL Daily '!E7-'FSLPL Daily '!E6) -> 6128 | G5: =IF(('FSLPL Daily '!G7-'FSLPL Daily '!G6<0), "0",'FSLPL Daily '!G7-'FSLPL Daily '!G6) -> 3960 | H5: =IF(('FSLPL Daily '!I7-'FSLPL Daily '!I6<0), "",'FSLPL Daily '!I7-'FSLPL Daily '!I6) -> 467 | I5: =IF(('FSLPL Daily '!K7-'FSLPL Daily '!K6<0), "",'FSLPL Daily '!K7-'FSLPL Daily '!K6) -> 840 | J5: =IF(('FSLPL Daily '!M7-'FSLPL Daily '!M6<0), "",'FSLPL Daily '!M7-'FSLPL Daily '!M6) -> 1375 | K5: =IF(('FSLPL Daily '!O7-'FSLPL Daily '!O6<0), "",'FSLPL Daily '!O7-'FSLPL Daily '!O6) -> 728 | L5: =IF(('FSLPL Daily '!Q7-'FSLPL Daily '!Q6<0), "",'FSLPL Daily '!Q7-'FSLPL Daily '!Q6) -> 354 | M5: =IF(('FSLPL Daily '!S7-'FSLPL Daily '!S6<0), "",'FSLPL Daily '!S7-'FSLPL Daily '!S6) -> 20 | N5: =IF(('FSLPL Daily '!U7-'FSLPL Daily '!U6<0), "",'FSLPL Daily '!U7-'FSLPL Daily '!U6) -> 1025 | O5: =IF(('FSLPL Daily '!W7-'FSLPL Daily '!W6<0), "",'FSLPL Daily '!W7-'FSLPL Daily '!W6) -> 119 | P5: =IF(('FSLPL Daily '!Y7-'FSLPL Daily '!Y6<0), "",'FSLPL Daily '!Y7-'FSLPL Daily '!Y6) -> 1250 | Q5: =IF(('FSLPL Daily '!AA7-'FSLPL Daily '!AA6<0), "",'FSLPL Daily '!AA7-'FSLPL Daily '!AA6) -> 2 | R5: =IF(('FSLPL Daily '!AC7-'FSLPL Daily '!AC6<0), "",'FSLPL Daily '!AC7-'FSLPL Daily '!AC6) -> 1480 | S5: =IF(('FSLPL Daily '!AE7-'FSLPL Daily '!AE6<0), "",'FSLPL Daily '!AE7-'FSLPL Daily '!AE6) -> 2084 | T5: =IF(('FSLPL Daily '!AG7-'FSLPL Daily '!AG6<0), "",'FSLPL Daily '!AG7-'FSLPL Daily '!AG6) -> 381 | U5: =IF(('FSLPL Daily '!AI7-'FSLPL Daily '!AI6<0), "",'FSLPL Daily '!AI7-'FSLPL Daily '!AI6) -> 21 | V5: =IF(('FSLPL Daily '!AK7-'FSLPL Daily '!AK6<0), "",'FSLPL Daily '!AK7-'FSLPL Daily '!AK6) -> 378 | W5: =IF(('FSLPL Daily '!AM7-'FSLPL Daily '!AM6<0), "",'FSLPL Daily '!AM7-'FSLPL Daily '!AM6) -> 656 | X5: =IF(('FSLPL Daily '!AO7-'FSLPL Daily '!AO6<0), "",'FSLPL Daily '!AO7-'FSLPL Daily '!AO6) -> 698 | Y5: =IF(('FSLPL Daily '!AR7-'FSLPL Daily '!AR6<0), "",'FSLPL Daily '!AR7-'FSLPL Daily '!AR6) -> 0 | Z5: =IF(('FSLPL Daily '!AT7-'FSLPL Daily '!AT6<0), "",'FSLPL Daily '!AT7-'FSLPL Daily '!AT6) -> 0 | AA5: =IF(('FSLPL Daily '!AV7-'FSLPL Daily '!AV6<0), "",'FSLPL Daily '!AV7-'FSLPL Daily '!AV6) -> 30 | AB5: =IF(('FSLPL Daily '!AX7-'FSLPL Daily '!AX6<0), "",'FSLPL Daily '!AX7-'FSLPL Daily '!AX6) -> 7 | AC5: =IF(('FSLPL Daily '!AZ7-'FSLPL Daily '!AZ6<0), "",'FSLPL Daily '!AZ7-'FSLPL Daily '!AZ6) -> 2908 | AD5: =IF(('FSLPL Daily '!BB7-'FSLPL Daily '!BB6<0), "",'FSLPL Daily '!BB7-'FSLPL Daily '!BB6) -> 1109 | AE5: ='FSLPL Daily '!BD7 -> 130 | AF5: ='FSLPL Daily '!BE7 -> 151
A6: London at Park Lane | B6: =B5+1 -> 5 | C6: 2 | D6: 2020 | E6: =IF(('FSLPL Daily '!C8-'FSLPL Daily '!C7<0), "0",'FSLPL Daily '!C8-'FSLPL Daily '!C7) -> 8218 | F6: =IF(('FSLPL Daily '!E8-'FSLPL Daily '!E7<0), "0",'FSLPL Daily '!E8-'FSLPL Daily '!E7) -> 6058 | G6: =IF(('FSLPL Daily '!G8-'FSLPL Daily '!G7<0), "0",'FSLPL Daily '!G8-'FSLPL Daily '!G7) -> 3827 | H6: =IF(('FSLPL Daily '!I8-'FSLPL Daily '!I7<0), "",'FSLPL Daily '!I8-'FSLPL Daily '!I7) -> 411 | I6: =IF(('FSLPL Daily '!K8-'FSLPL Daily '!K7<0), "",'FSLPL Daily '!K8-'FSLPL Daily '!K7) -> 859 | J6: =IF(('FSLPL Daily '!M8-'FSLPL Daily '!M7<0), "",'FSLPL Daily '!M8-'FSLPL Daily '!M7) -> 1424 | K6: =IF(('FSLPL Daily '!O8-'FSLPL Daily '!O7<0), "",'FSLPL Daily '!O8-'FSLPL Daily '!O7) -> 703 | L6: =IF(('FSLPL Daily '!Q8-'FSLPL Daily '!Q7<0), "",'FSLPL Daily '!Q8-'FSLPL Daily '!Q7) -> 344 | M6: =IF(('FSLPL Daily '!S8-'FSLPL Daily '!S7<0), "",'FSLPL Daily '!S8-'FSLPL Daily '!S7) -> 23 | N6: =IF(('FSLPL Daily '!U8-'FSLPL Daily '!U7<0), "",'FSLPL Daily '!U8-'FSLPL Daily '!U7) -> 1170 | O6: =IF(('FSLPL Daily '!W8-'FSLPL Daily '!W7<0), "",'FSLPL Daily '!W8-'FSLPL Daily '!W7) -> 165 | P6: =IF(('FSLPL Daily '!Y8-'FSLPL Daily '!Y7<0), "",'FSLPL Daily '!Y8-'FSLPL Daily '!Y7) -> 1286 | Q6: =IF(('FSLPL Daily '!AA8-'FSLPL Daily '!AA7<0), "",'FSLPL Daily '!AA8-'FSLPL Daily '!AA7) -> 3 | R6: =IF(('FSLPL Daily '!AC8-'FSLPL Daily '!AC7<0), "",'FSLPL Daily '!AC8-'FSLPL Daily '!AC7) -> 1444 | S6: =IF(('FSLPL Daily '!AE8-'FSLPL Daily '!AE7<0), "",'FSLPL Daily '!AE8-'FSLPL Daily '!AE7) -> 2045 | T6: =IF(('FSLPL Daily '!AG8-'FSLPL Daily '!AG7<0), "",'FSLPL Daily '!AG8-'FSLPL Daily '!AG7) -> 374 | U6: =IF(('FSLPL Daily '!AI8-'FSLPL Daily '!AI7<0), "",'FSLPL Daily '!AI8-'FSLPL Daily '!AI7) -> 20 | V6: =IF(('FSLPL Daily '!AK8-'FSLPL Daily '!AK7<0), "",'FSLPL Daily '!AK8-'FSLPL Daily '!AK7) -> 375 | W6: =IF(('FSLPL Daily '!AM8-'FSLPL Daily '!AM7<0), "",'FSLPL Daily '!AM8-'FSLPL Daily '!AM7) -> 616 | X6: =IF(('FSLPL Daily '!AO8-'FSLPL Daily '!AO7<0), "",'FSLPL Daily '!AO8-'FSLPL Daily '!AO7) -> 614 | Y6: =IF(('FSLPL Daily '!AR8-'FSLPL Daily '!AR7<0), "",'FSLPL Daily '!AR8-'FSLPL Daily '!AR7) -> 0 | Z6: =IF(('FSLPL Daily '!AT8-'FSLPL Daily '!AT7<0), "",'FSLPL Daily '!AT8-'FSLPL Daily '!AT7) -> 0 | AA6: =IF(('FSLPL Daily '!AV8-'FSLPL Daily '!AV7<0), "",'FSLPL Daily '!AV8-'FSLPL Daily '!AV7) -> 30 | AB6: =IF(('FSLPL Daily '!AX8-'FSLPL Daily '!AX7<0), "",'FSLPL Daily '!AX8-'FSLPL Daily '!AX7) -> 7 | AC6: =IF(('FSLPL Daily '!AZ8-'FSLPL Daily '!AZ7<0), "",'FSLPL Daily '!AZ8-'FSLPL Daily '!AZ7) -> 2465 | AD6: =IF(('FSLPL Daily '!BB8-'FSLPL Daily '!BB7<0), "",'FSLPL Daily '!BB8-'FSLPL Daily '!BB7) -> 1081 | AE6: ='FSLPL Daily '!BD8 -> 138 | AF6: ='FSLPL Daily '!BE8 -> 200
A7: London at Park Lane | B7: =B6+1 -> 6 | C7: 2 | D7: 2020 | E7: =IF(('FSLPL Daily '!C9-'FSLPL Daily '!C8<0), "0",'FSLPL Daily '!C9-'FSLPL Daily '!C8) -> 8331 | F7: =IF(('FSLPL Daily '!E9-'FSLPL Daily '!E8<0), "0",'FSLPL Daily '!E9-'FSLPL Daily '!E8) -> 5968 | G7: =IF(('FSLPL Daily '!G9-'FSLPL Daily '!G8<0), "0",'FSLPL Daily '!G9-'FSLPL Daily '!G8) -> 3856 | H7: =IF(('FSLPL Daily '!I9-'FSLPL Daily '!I8<0), "",'FSLPL Daily '!I9-'FSLPL Daily '!I8) -> 403 | I7: =IF(('FSLPL Daily '!K9-'FSLPL Daily '!K8<0), "",'FSLPL Daily '!K9-'FSLPL Daily '!K8) -> 857 | J7: =IF(('FSLPL Daily '!M9-'FSLPL Daily '!M8<0), "",'FSLPL Daily '!M9-'FSLPL Daily '!M8) -> 1459 | K7: =IF(('FSLPL Daily '!O9-'FSLPL Daily '!O8<0), "",'FSLPL Daily '!O9-'FSLPL Daily '!O8) -> 681 | L7: =IF(('FSLPL Daily '!Q9-'FSLPL Daily '!Q8<0), "",'FSLPL Daily '!Q9-'FSLPL Daily '!Q8) -> 349 | M7: =IF(('FSLPL Daily '!S9-'FSLPL Daily '!S8<0), "",'FSLPL Daily '!S9-'FSLPL Daily '!S8) -> 25 | N7: =IF(('FSLPL Daily '!U9-'FSLPL Daily '!U8<0), "",'FSLPL Daily '!U9-'FSLPL Daily '!U8) -> 1172 | O7: =IF(('FSLPL Daily '!W9-'FSLPL Daily '!W8<0), "",'FSLPL Daily '!W9-'FSLPL Daily '!W8) -> 177 | P7: =IF(('FSLPL Daily '!Y9-'FSLPL Daily '!Y8<0), "",'FSLPL Daily '!Y9-'FSLPL Daily '!Y8) -> 1301 | Q7: =IF(('FSLPL Daily '!AA9-'FSLPL Daily '!AA8<0), "",'FSLPL Daily '!AA9-'FSLPL Daily '!AA8) -> 2 | R7: =IF(('FSLPL Daily '!AC9-'FSLPL Daily '!AC8<0), "",'FSLPL Daily '!AC9-'FSLPL Daily '!AC8) -> 1394 | S7: =IF(('FSLPL Daily '!AE9-'FSLPL Daily '!AE8<0), "",'FSLPL Daily '!AE9-'FSLPL Daily '!AE8) -> 2056 | T7: =IF(('FSLPL Daily '!AG9-'FSLPL Daily '!AG8<0), "",'FSLPL Daily '!AG9-'FSLPL Daily '!AG8) -> 341 | U7: =IF(('FSLPL Daily '!AI9-'FSLPL Daily '!AI8<0), "",'FSLPL Daily '!AI9-'FSLPL Daily '!AI8) -> 21 | V7: =IF(('FSLPL Daily '!AK9-'FSLPL Daily '!AK8<0), "",'FSLPL Daily '!AK9-'FSLPL Daily '!AK8) -> 379 | W7: =IF(('FSLPL Daily '!AM9-'FSLPL Daily '!AM8<0), "",'FSLPL Daily '!AM9-'FSLPL Daily '!AM8) -> 621 | X7: =IF(('FSLPL Daily '!AO9-'FSLPL Daily '!AO8<0), "",'FSLPL Daily '!AO9-'FSLPL Daily '!AO8) -> 689 | Y7: =IF(('FSLPL Daily '!AR9-'FSLPL Daily '!AR8<0), "",'FSLPL Daily '!AR9-'FSLPL Daily '!AR8) -> 0 | Z7: =IF(('FSLPL Daily '!AT9-'FSLPL Daily '!AT8<0), "",'FSLPL Daily '!AT9-'FSLPL Daily '!AT8) -> 0 | AA7: =IF(('FSLPL Daily '!AV9-'FSLPL Daily '!AV8<0), "",'FSLPL Daily '!AV9-'FSLPL Daily '!AV8) -> 20 | AB7: =IF(('FSLPL Daily '!AX9-'FSLPL Daily '!AX8<0), "",'FSLPL Daily '!AX9-'FSLPL Daily '!AX8) -> 8 | AC7: =IF(('FSLPL Daily '!AZ9-'FSLPL Daily '!AZ8<0), "",'FSLPL Daily '!AZ9-'FSLPL Daily '!AZ8) -> 2491 | AD7: =IF(('FSLPL Daily '!BB9-'FSLPL Daily '!BB8<0), "",'FSLPL Daily '!BB9-'FSLPL Daily '!BB8) -> 1086 | AE7: ='FSLPL Daily '!BD9 -> 134 | AF7: ='FSLPL Daily '!BE9 -> 180
A8: London at Park Lane | B8: =B7+1 -> 7 | C8: 2 | D8: 2020 | E8: =IF(('FSLPL Daily '!C10-'FSLPL Daily '!C9<0), "0",'FSLPL Daily '!C10-'FSLPL Daily '!C9) -> 8737 | F8: =IF(('FSLPL Daily '!E10-'FSLPL Daily '!E9<0), "0",'FSLPL Daily '!E10-'FSLPL Daily '!E9) -> 6114 | G8: =IF(('FSLPL Daily '!G10-'FSLPL Daily '!G9<0), "0",'FSLPL Daily '!G10-'FSLPL Daily '!G9) -> 4235 | H8: =IF(('FSLPL Daily '!I10-'FSLPL Daily '!I9<0), "",'FSLPL Daily '!I10-'FSLPL Daily '!I9) -> 431 | I8: =IF(('FSLPL Daily '!K10-'FSLPL Daily '!K9<0), "",'FSLPL Daily '!K10-'FSLPL Daily '!K9) -> 898 | J8: =IF(('FSLPL Daily '!M10-'FSLPL Daily '!M9<0), "",'FSLPL Daily '!M10-'FSLPL Daily '!M9) -> 1578 | K8: =IF(('FSLPL Daily '!O10-'FSLPL Daily '!O9<0), "",'FSLPL Daily '!O10-'FSLPL Daily '!O9) -> 719 | L8: =IF(('FSLPL Daily '!Q10-'FSLPL Daily '!Q9<0), "",'FSLPL Daily '!Q10-'FSLPL Daily '!Q9) -> 363 | M8: =IF(('FSLPL Daily '!S10-'FSLPL Daily '!S9<0), "",'FSLPL Daily '!S10-'FSLPL Daily '!S9) -> 24 | N8: =IF(('FSLPL Daily '!U10-'FSLPL Daily '!U9<0), "",'FSLPL Daily '!U10-'FSLPL Daily '!U9) -> 1188 | O8: =IF(('FSLPL Daily '!W10-'FSLPL Daily '!W9<0), "",'FSLPL Daily '!W10-'FSLPL Daily '!W9) -> 196 | P8: =IF(('FSLPL Daily '!Y10-'FSLPL Daily '!Y9<0), "",'FSLPL Daily '!Y10-'FSLPL Daily '!Y9) -> 1320 | Q8: =IF(('FSLPL Daily '!AA10-'FSLPL Daily '!AA9<0), "",'FSLPL Daily '!AA10-'FSLPL Daily '!AA9) -> 2 | R8: =IF(('FSLPL Daily '!AC10-'FSLPL Daily '!AC9<0), "",'FSLPL Daily '!AC10-'FSLPL Daily '!AC9) -> 1406 | S8: =IF(('FSLPL Daily '!AE10-'FSLPL Daily '!AE9<0), "",'FSLPL Daily '!AE10-'FSLPL Daily '!AE9) -> 2074 | T8: =IF(('FSLPL Daily '!AG10-'FSLPL Daily '!AG9<0), "",'FSLPL Daily '!AG10-'FSLPL Daily '!AG9) -> 343 | U8: =IF(('FSLPL Daily '!AI10-'FSLPL Daily '!AI9<0), "",'FSLPL Daily '!AI10-'FSLPL Daily '!AI9) -> 21 | V8: =IF(('FSLPL Daily '!AK10-'FSLPL Daily '!AK9<0), "",'FSLPL Daily '!AK10-'FSLPL Daily '!AK9) -> 407 | W8: =IF(('FSLPL Daily '!AM10-'FSLPL Daily '!AM9<0), "",'FSLPL Daily '!AM10-'FSLPL Daily '!AM9) -> 632 | X8: =IF(('FSLPL Daily '!AO10-'FSLPL Daily '!AO9<0), "",'FSLPL Daily '!AO10-'FSLPL Daily '!AO9) -> 773 | Y8: =IF(('FSLPL Daily '!AR10-'FSLPL Daily '!AR9<0), "",'FSLPL Daily '!AR10-'FSLPL Daily '!AR9) -> 0 | Z8: =IF(('FSLPL Daily '!AT10-'FSLPL Daily '!AT9<0), "",'FSLPL Daily '!AT10-'FSLPL Daily '!AT9) -> 0 | AA8: =IF(('FSLPL Daily '!AV10-'FSLPL Daily '!AV9<0), "",'FSLPL Daily '!AV10-'FSLPL Daily '!AV9) -> 43 | AB8: =IF(('FSLPL Daily '!AX10-'FSLPL Daily '!AX9<0), "",'FSLPL Daily '!AX10-'FSLPL Daily '!AX9) -> 16 | AC8: =IF(('FSLPL Daily '!AZ10-'FSLPL Daily '!AZ9<0), "",'FSLPL Daily '!AZ10-'FSLPL Daily '!AZ9) -> 2627 | AD8: =IF(('FSLPL Daily '!BB10-'FSLPL Daily '!BB9<0), "",'FSLPL Daily '!BB10-'FSLPL Daily '!BB9) -> 1215 | AE8: ='FSLPL Daily '!BD10 -> 158 | AF8: ='FSLPL Daily '!BE10 -> 224
A9: London at Park Lane | B9: =B8+1 -> 8 | C9: 2 | D9: 2020 | E9: =IF(('FSLPL Daily '!C11-'FSLPL Daily '!C10<0), "0",'FSLPL Daily '!C11-'FSLPL Daily '!C10) -> 8423 | F9: =IF(('FSLPL Daily '!E11-'FSLPL Daily '!E10<0), "0",'FSLPL Daily '!E11-'FSLPL Daily '!E10) -> 6003 | G9: =IF(('FSLPL Daily '!G11-'FSLPL Daily '!G10<0), "0",'FSLPL Daily '!G11-'FSLPL Daily '!G10) -> 3502 | H9: =IF(('FSLPL Daily '!I11-'FSLPL Daily '!I10<0), "",'FSLPL Daily '!I11-'FSLPL Daily '!I10) -> 427 | I9: =IF(('FSLPL Daily '!K11-'FSLPL Daily '!K10<0), "",'FSLPL Daily '!K11-'FSLPL Daily '!K10) -> 856 | J9: =IF(('FSLPL Daily '!M11-'FSLPL Daily '!M10<0), "",'FSLPL Daily '!M11-'FSLPL Daily '!M10) -> 1524 | K9: =IF(('FSLPL Daily '!O11-'FSLPL Daily '!O10<0), "",'FSLPL Daily '!O11-'FSLPL Daily '!O10) -> 731 | L9: =IF(('FSLPL Daily '!Q11-'FSLPL Daily '!Q10<0), "",'FSLPL Daily '!Q11-'FSLPL Daily '!Q10) -> 335 | M9: =IF(('FSLPL Daily '!S11-'FSLPL Daily '!S10<0), "",'FSLPL Daily '!S11-'FSLPL Daily '!S10) -> 20 | N9: =IF(('FSLPL Daily '!U11-'FSLPL Daily '!U10<0), "",'FSLPL Daily '!U11-'FSLPL Daily '!U10) -> 1183 | O9: =IF(('FSLPL Daily '!W11-'FSLPL Daily '!W10<0), "",'FSLPL Daily '!W11-'FSLPL Daily '!W10) -> 242 | P9: =IF(('FSLPL Daily '!Y11-'FSLPL Daily '!Y10<0), "",'FSLPL Daily '!Y11-'FSLPL Daily '!Y10) -> 1259 | Q9: =IF(('FSLPL Daily '!AA11-'FSLPL Daily '!AA10<0), "",'FSLPL Daily '!AA11-'FSLPL Daily '!AA10) -> 2 | R9: =IF(('FSLPL Daily '!AC11-'FSLPL Daily '!AC10<0), "",'FSLPL Daily '!AC11-'FSLPL Daily '!AC10) -> 1441 | S9: =IF(('FSLPL Daily '!AE11-'FSLPL Daily '!AE10<0), "",'FSLPL Daily '!AE11-'FSLPL Daily '!AE10) -> 1962 | T9: =IF(('FSLPL Daily '!AG11-'FSLPL Daily '!AG10<0), "",'FSLPL Daily '!AG11-'FSLPL Daily '!AG10) -> 385 | U9: =IF(('FSLPL Daily '!AI11-'FSLPL Daily '!AI10<0), "",'FSLPL Daily '!AI11-'FSLPL Daily '!AI10) -> 19 | V9: =IF(('FSLPL Daily '!AK11-'FSLPL Daily '!AK10<0), "",'FSLPL Daily '!AK11-'FSLPL Daily '!AK10) -> 373 | W9: =IF(('FSLPL Daily '!AM11-'FSLPL Daily '!AM10<0), "",'FSLPL Daily '!AM11-'FSLPL Daily '!AM10) -> 603 | X9: =IF(('FSLPL Daily '!AO11-'FSLPL Daily '!AO10<0), "",'FSLPL Daily '!AO11-'FSLPL Daily '!AO10) -> 648 | Y9: =IF(('FSLPL Daily '!AR11-'FSLPL Daily '!AR10<0), "",'FSLPL Daily '!AR11-'FSLPL Daily '!AR10) -> 0 | Z9: =IF(('FSLPL Daily '!AT11-'FSLPL Daily '!AT10<0), "",'FSLPL Daily '!AT11-'FSLPL Daily '!AT10) -> 0 | AA9: =IF(('FSLPL Daily '!AV11-'FSLPL Daily '!AV10<0), "",'FSLPL Daily '!AV11-'FSLPL Daily '!AV10) -> 26 | AB9: =IF(('FSLPL Daily '!AX11-'FSLPL Daily '!AX10<0), "",'FSLPL Daily '!AX11-'FSLPL Daily '!AX10) -> 11 | AC9: =IF(('FSLPL Daily '!AZ11-'FSLPL Daily '!AZ10<0), "",'FSLPL Daily '!AZ11-'FSLPL Daily '!AZ10) -> 2282 | AD9: =IF(('FSLPL Daily '!BB11-'FSLPL Daily '!BB10<0), "",'FSLPL Daily '!BB11-'FSLPL Daily '!BB10) -> 1001 | AE9: ='FSLPL Daily '!BD11 -> 151 | AF9: ='FSLPL Daily '!BE11 -> 238
A10: London at Park Lane | B10: =B9+1 -> 9 | C10: 2 | D10: 2020 | E10: =IF(('FSLPL Daily '!C12-'FSLPL Daily '!C11<0), "0",'FSLPL Daily '!C12-'FSLPL Daily '!C11) -> 8013 | F10: =IF(('FSLPL Daily '!E12-'FSLPL Daily '!E11<0), "0",'FSLPL Daily '!E12-'FSLPL Daily '!E11) -> 6179 | G10: =IF(('FSLPL Daily '!G12-'FSLPL Daily '!G11<0), "0",'FSLPL Daily '!G12-'FSLPL Daily '!G11) -> 3869 | H10: =IF(('FSLPL Daily '!I12-'FSLPL Daily '!I11<0), "",'FSLPL Daily '!I12-'FSLPL Daily '!I11) -> 419 | I10: =IF(('FSLPL Daily '!K12-'FSLPL Daily '!K11<0), "",'FSLPL Daily '!K12-'FSLPL Daily '!K11) -> 863 | J10: =IF(('FSLPL Daily '!M12-'FSLPL Daily '!M11<0), "",'FSLPL Daily '!M12-'FSLPL Daily '!M11) -> 1381 | K10: =IF(('FSLPL Daily '!O12-'FSLPL Daily '!O11<0), "",'FSLPL Daily '!O12-'FSLPL Daily '!O11) -> 668 | L10: =IF(('FSLPL Daily '!Q12-'FSLPL Daily '!Q11<0), "",'FSLPL Daily '!Q12-'FSLPL Daily '!Q11) -> 336 | M10: =IF(('FSLPL Daily '!S12-'FSLPL Daily '!S11<0), "",'FSLPL Daily '!S12-'FSLPL Daily '!S11) -> 15 | N10: =IF(('FSLPL Daily '!U12-'FSLPL Daily '!U11<0), "",'FSLPL Daily '!U12-'FSLPL Daily '!U11) -> 998 | O10: =IF(('FSLPL Daily '!W12-'FSLPL Daily '!W11<0), "",'FSLPL Daily '!W12-'FSLPL Daily '!W11) -> 100 | P10: =IF(('FSLPL Daily '!Y12-'FSLPL Daily '!Y11<0), "",'FSLPL Daily '!Y12-'FSLPL Daily '!Y11) -> 1279 | Q10: =IF(('FSLPL Daily '!AA12-'FSLPL Daily '!AA11<0), "",'FSLPL Daily '!AA12-'FSLPL Daily '!AA11) -> 2 | R10: =IF(('FSLPL Daily '!AC12-'FSLPL Daily '!AC11<0), "",'FSLPL Daily '!AC12-'FSLPL Daily '!AC11) -> 1458 | S10: =IF(('FSLPL Daily '!AE12-'FSLPL Daily '!AE11<0), "",'FSLPL Daily '!AE12-'FSLPL Daily '!AE11) -> 2020 | T10: =IF(('FSLPL Daily '!AG12-'FSLPL Daily '!AG11<0), "",'FSLPL Daily '!AG12-'FSLPL Daily '!AG11) -> 385 | U10: =IF(('FSLPL Daily '!AI12-'FSLPL Daily '!AI11<0), "",'FSLPL Daily '!AI12-'FSLPL Daily '!AI11) -> 21 | V10: =IF(('FSLPL Daily '!AK12-'FSLPL Daily '!AK11<0), "",'FSLPL Daily '!AK12-'FSLPL Daily '!AK11) -> 401 | W10: =IF(('FSLPL Daily '!AM12-'FSLPL Daily '!AM11<0), "",'FSLPL Daily '!AM12-'FSLPL Daily '!AM11) -> 618 | X10: =IF(('FSLPL Daily '!AO12-'FSLPL Daily '!AO11<0), "",'FSLPL Daily '!AO12-'FSLPL Daily '!AO11) -> 755 | Y10: =IF(('FSLPL Daily '!AR12-'FSLPL Daily '!AR11<0), "",'FSLPL Daily '!AR12-'FSLPL Daily '!AR11) -> 0 | Z10: =IF(('FSLPL Daily '!AT12-'FSLPL Daily '!AT11<0), "",'FSLPL Daily '!AT12-'FSLPL Daily '!AT11) -> 0 | AA10: =IF(('FSLPL Daily '!AV12-'FSLPL Daily '!AV11<0), "",'FSLPL Daily '!AV12-'FSLPL Daily '!AV11) -> 47 | AB10: =IF(('FSLPL Daily '!AX12-'FSLPL Daily '!AX11<0), "",'FSLPL Daily '!AX12-'FSLPL Daily '!AX11) -> 12 | AC10: =IF(('FSLPL Daily '!AZ12-'FSLPL Daily '!AZ11<0), "",'FSLPL Daily '!AZ12-'FSLPL Daily '!AZ11) -> 2501 | AD10: =IF(('FSLPL Daily '!BB12-'FSLPL Daily '!BB11<0), "",'FSLPL Daily '!BB12-'FSLPL Daily '!BB11) -> 1123 | AE10: ='FSLPL Daily '!BD12 -> 151 | AF10: ='FSLPL Daily '!BE12 -> 248
A11: London at Park Lane | B11: =B10+1 -> 10 | C11: 2 | D11: 2020 | E11: =IF(('FSLPL Daily '!C13-'FSLPL Daily '!C12<0), "0",'FSLPL Daily '!C13-'FSLPL Daily '!C12) -> 7848 | F11: =IF(('FSLPL Daily '!E13-'FSLPL Daily '!E12<0), "0",'FSLPL Daily '!E13-'FSLPL Daily '!E12) -> 6010 | G11: =IF(('FSLPL Daily '!G13-'FSLPL Daily '!G12<0), "0",'FSLPL Daily '!G13-'FSLPL Daily '!G12) -> 3922 | H11: =IF(('FSLPL Daily '!I13-'FSLPL Daily '!I12<0), "",'FSLPL Daily '!I13-'FSLPL Daily '!I12) -> 450 | I11: =IF(('FSLPL Daily '!K13-'FSLPL Daily '!K12<0), "",'FSLPL Daily '!K13-'FSLPL Daily '!K12) -> 869 | J11: =IF(('FSLPL Daily '!M13-'FSLPL Daily '!M12<0), "",'FSLPL Daily '!M13-'FSLPL Daily '!M12) -> 1426 | K11: =IF(('FSLPL Daily '!O13-'FSLPL Daily '!O12<0), "",'FSLPL Daily '!O13-'FSLPL Daily '!O12) -> 709 | L11: =IF(('FSLPL Daily '!Q13-'FSLPL Daily '!Q12<0), "",'FSLPL Daily '!Q13-'FSLPL Daily '!Q12) -> 352 | M11: =IF(('FSLPL Daily '!S13-'FSLPL Daily '!S12<0), "",'FSLPL Daily '!S13-'FSLPL Daily '!S12) -> 20 | N11: =IF(('FSLPL Daily '!U13-'FSLPL Daily '!U12<0), "",'FSLPL Daily '!U13-'FSLPL Daily '!U12) -> 957 | O11: =IF(('FSLPL Daily '!W13-'FSLPL Daily '!W12<0), "",'FSLPL Daily '!W13-'FSLPL Daily '!W12) -> 34 | P11: =IF(('FSLPL Daily '!Y13-'FSLPL Daily '!Y12<0), "",'FSLPL Daily '!Y13-'FSLPL Daily '!Y12) -> 1221 | Q11: =IF(('FSLPL Daily '!AA13-'FSLPL Daily '!AA12<0), "",'FSLPL Daily '!AA13-'FSLPL Daily '!AA12) -> 3 | R11: =IF(('FSLPL Daily '!AC13-'FSLPL Daily '!AC12<0), "",'FSLPL Daily '!AC13-'FSLPL Daily '!AC12) -> 1448 | S11: =IF(('FSLPL Daily '!AE13-'FSLPL Daily '!AE12<0), "",'FSLPL Daily '!AE13-'FSLPL Daily '!AE12) -> 2015 | T11: =IF(('FSLPL Daily '!AG13-'FSLPL Daily '!AG12<0), "",'FSLPL Daily '!AG13-'FSLPL Daily '!AG12) -> 379 | U11: =IF(('FSLPL Daily '!AI13-'FSLPL Daily '!AI12<0), "",'FSLPL Daily '!AI13-'FSLPL Daily '!AI12) -> 20 | V11: =IF(('FSLPL Daily '!AK13-'FSLPL Daily '!AK12<0), "",'FSLPL Daily '!AK13-'FSLPL Daily '!AK12) -> 394 | W11: =IF(('FSLPL Daily '!AM13-'FSLPL Daily '!AM12<0), "",'FSLPL Daily '!AM13-'FSLPL Daily '!AM12) -> 620 | X11: =IF(('FSLPL Daily '!AO13-'FSLPL Daily '!AO12<0), "",'FSLPL Daily '!AO13-'FSLPL Daily '!AO12) -> 709 | Y11: =IF(('FSLPL Daily '!AR13-'FSLPL Daily '!AR12<0), "",'FSLPL Daily '!AR13-'FSLPL Daily '!AR12) -> 0 | Z11: =IF(('FSLPL Daily '!AT13-'FSLPL Daily '!AT12<0), "",'FSLPL Daily '!AT13-'FSLPL Daily '!AT12) -> 0 | AA11: =IF(('FSLPL Daily '!AV13-'FSLPL Daily '!AV12<0), "",'FSLPL Daily '!AV13-'FSLPL Daily '!AV12) -> 40 | AB11: =IF(('FSLPL Daily '!AX13-'FSLPL Daily '!AX12<0), "",'FSLPL Daily '!AX13-'FSLPL Daily '!AX12) -> 10 | AC11: =IF(('FSLPL Daily '!AZ13-'FSLPL Daily '!AZ12<0), "",'FSLPL Daily '!AZ13-'FSLPL Daily '!AZ12) -> 2549 | AD11: =IF(('FSLPL Daily '!BB13-'FSLPL Daily '!BB12<0), "",'FSLPL Daily '!BB13-'FSLPL Daily '!BB12) -> 1127 | AE11: ='FSLPL Daily '!BD13 -> 142 | AF11: ='FSLPL Daily '!BE13 -> 228
A12: London at Park Lane | B12: =B11+1 -> 11 | C12: 2 | D12: 2020 | E12: =IF(('FSLPL Daily '!C14-'FSLPL Daily '!C13<0), "0",'FSLPL Daily '!C14-'FSLPL Daily '!C13) -> 7802 | F12: =IF(('FSLPL Daily '!E14-'FSLPL Daily '!E13<0), "0",'FSLPL Daily '!E14-'FSLPL Daily '!E13) -> 6141 | G12: =IF(('FSLPL Daily '!G14-'FSLPL Daily '!G13<0), "0",'FSLPL Daily '!G14-'FSLPL Daily '!G13) -> 3778 | H12: =IF(('FSLPL Daily '!I14-'FSLPL Daily '!I13<0), "",'FSLPL Daily '!I14-'FSLPL Daily '!I13) -> 439 | I12: =IF(('FSLPL Daily '!K14-'FSLPL Daily '!K13<0), "",'FSLPL Daily '!K14-'FSLPL Daily '!K13) -> 845 | J12: =IF(('FSLPL Daily '!M14-'FSLPL Daily '!M13<0), "",'FSLPL Daily '!M14-'FSLPL Daily '!M13) -> 1405 | K12: =IF(('FSLPL Daily '!O14-'FSLPL Daily '!O13<0), "",'FSLPL Daily '!O14-'FSLPL Daily '!O13) -> 767 | L12: =IF(('FSLPL Daily '!Q14-'FSLPL Daily '!Q13<0), "",'FSLPL Daily '!Q14-'FSLPL Daily '!Q13) -> 347 | M12: =IF(('FSLPL Daily '!S14-'FSLPL Daily '!S13<0), "",'FSLPL Daily '!S14-'FSLPL Daily '!S13) -> 14 | N12: =IF(('FSLPL Daily '!U14-'FSLPL Daily '!U13<0), "",'FSLPL Daily '!U14-'FSLPL Daily '!U13) -> 1002 | O12: =IF(('FSLPL Daily '!W14-'FSLPL Daily '!W13<0), "",'FSLPL Daily '!W14-'FSLPL Daily '!W13) -> 41 | P12: =IF(('FSLPL Daily '!Y14-'FSLPL Daily '!Y13<0), "",'FSLPL Daily '!Y14-'FSLPL Daily '!Y13) -> 1188 | Q12: =IF(('FSLPL Daily '!AA14-'FSLPL Daily '!AA13<0), "",'FSLPL Daily '!AA14-'FSLPL Daily '!AA13) -> 2 | R12: =IF(('FSLPL Daily '!AC14-'FSLPL Daily '!AC13<0), "",'FSLPL Daily '!AC14-'FSLPL Daily '!AC13) -> 1424 | S12: =IF(('FSLPL Daily '!AE14-'FSLPL Daily '!AE13<0), "",'FSLPL Daily '!AE14-'FSLPL Daily '!AE13) -> 1984 | T12: =IF(('FSLPL Daily '!AG14-'FSLPL Daily '!AG13<0), "",'FSLPL Daily '!AG14-'FSLPL Daily '!AG13) -> 371 | U12: =IF(('FSLPL Daily '!AI14-'FSLPL Daily '!AI13<0), "",'FSLPL Daily '!AI14-'FSLPL Daily '!AI13) -> 20 | V12: =IF(('FSLPL Daily '!AK14-'FSLPL Daily '!AK13<0), "",'FSLPL Daily '!AK14-'FSLPL Daily '!AK13) -> 389 | W12: =IF(('FSLPL Daily '!AM14-'FSLPL Daily '!AM13<0), "",'FSLPL Daily '!AM14-'FSLPL Daily '!AM13) -> 626 | X12: =IF(('FSLPL Daily '!AO14-'FSLPL Daily '!AO13<0), "",'FSLPL Daily '!AO14-'FSLPL Daily '!AO13) -> 777 | Y12: =IF(('FSLPL Daily '!AR14-'FSLPL Daily '!AR13<0), "",'FSLPL Daily '!AR14-'FSLPL Daily '!AR13) -> 0 | Z12: =IF(('FSLPL Daily '!AT14-'FSLPL Daily '!AT13<0), "",'FSLPL Daily '!AT14-'FSLPL Daily '!AT13) -> 0 | AA12: =IF(('FSLPL Daily '!AV14-'FSLPL Daily '!AV13<0), "",'FSLPL Daily '!AV14-'FSLPL Daily '!AV13) -> 34 | AB12: =IF(('FSLPL Daily '!AX14-'FSLPL Daily '!AX13<0), "",'FSLPL Daily '!AX14-'FSLPL Daily '!AX13) -> 22 | AC12: =IF(('FSLPL Daily '!AZ14-'FSLPL Daily '!AZ13<0), "",'FSLPL Daily '!AZ14-'FSLPL Daily '!AZ13) -> 2722 | AD12: =IF(('FSLPL Daily '!BB14-'FSLPL Daily '!BB13<0), "",'FSLPL Daily '!BB14-'FSLPL Daily '!BB13) -> 1085 | AE12: ='FSLPL Daily '!BD14 -> 141 | AF12: ='FSLPL Daily '!BE14 -> 209
A13: London at Park Lane | B13: =B12+1 -> 12 | C13: 2 | D13: 2020 | E13: =IF(('FSLPL Daily '!C15-'FSLPL Daily '!C14<0), "0",'FSLPL Daily '!C15-'FSLPL Daily '!C14) -> 8329 | F13: =IF(('FSLPL Daily '!E15-'FSLPL Daily '!E14<0), "0",'FSLPL Daily '!E15-'FSLPL Daily '!E14) -> 7139 | G13: =IF(('FSLPL Daily '!G15-'FSLPL Daily '!G14<0), "0",'FSLPL Daily '!G15-'FSLPL Daily '!G14) -> 2799 | H13: =IF(('FSLPL Daily '!I15-'FSLPL Daily '!I14<0), "",'FSLPL Daily '!I15-'FSLPL Daily '!I14) -> 420 | I13: =IF(('FSLPL Daily '!K15-'FSLPL Daily '!K14<0), "",'FSLPL Daily '!K15-'FSLPL Daily '!K14) -> 848 | J13: =IF(('FSLPL Daily '!M15-'FSLPL Daily '!M14<0), "",'FSLPL Daily '!M15-'FSLPL Daily '!M14) -> 1457 | K13: =IF(('FSLPL Daily '!O15-'FSLPL Daily '!O14<0), "",'FSLPL Daily '!O15-'FSLPL Daily '!O14) -> 697 | L13: =IF(('FSLPL Daily '!Q15-'FSLPL Daily '!Q14<0), "",'FSLPL Daily '!Q15-'FSLPL Daily '!Q14) -> 356 | M13: =IF(('FSLPL Daily '!S15-'FSLPL Daily '!S14<0), "",'FSLPL Daily '!S15-'FSLPL Daily '!S14) -> 24 | N13: =IF(('FSLPL Daily '!U15-'FSLPL Daily '!U14<0), "",'FSLPL Daily '!U15-'FSLPL Daily '!U14) -> 1146 | O13: =IF(('FSLPL Daily '!W15-'FSLPL Daily '!W14<0), "",'FSLPL Daily '!W15-'FSLPL Daily '!W14) -> 144 | P13: =IF(('FSLPL Daily '!Y15-'FSLPL Daily '!Y14<0), "",'FSLPL Daily '!Y15-'FSLPL Daily '!Y14) -> 1336 | Q13: =IF(('FSLPL Daily '!AA15-'FSLPL Daily '!AA14<0), "",'FSLPL Daily '!AA15-'FSLPL Daily '!AA14) -> 2 | R13: =IF(('FSLPL Daily '!AC15-'FSLPL Daily '!AC14<0), "",'FSLPL Daily '!AC15-'FSLPL Daily '!AC14) -> 1481 | S13: =IF(('FSLPL Daily '!AE15-'FSLPL Daily '!AE14<0), "",'FSLPL Daily '!AE15-'FSLPL Daily '!AE14) -> 2023 | T13: =IF(('FSLPL Daily '!AG15-'FSLPL Daily '!AG14<0), "",'FSLPL Daily '!AG15-'FSLPL Daily '!AG14) -> 387 | U13: =IF(('FSLPL Daily '!AI15-'FSLPL Daily '!AI14<0), "",'FSLPL Daily '!AI15-'FSLPL Daily '!AI14) -> 30 | V13: =IF(('FSLPL Daily '!AK15-'FSLPL Daily '!AK14<0), "",'FSLPL Daily '!AK15-'FSLPL Daily '!AK14) -> 378 | W13: =IF(('FSLPL Daily '!AM15-'FSLPL Daily '!AM14<0), "",'FSLPL Daily '!AM15-'FSLPL Daily '!AM14) -> 632 | X13: =IF(('FSLPL Daily '!AO15-'FSLPL Daily '!AO14<0), "",'FSLPL Daily '!AO15-'FSLPL Daily '!AO14) -> 692 | Y13: =IF(('FSLPL Daily '!AR15-'FSLPL Daily '!AR14<0), "",'FSLPL Daily '!AR15-'FSLPL Daily '!AR14) -> 0 | Z13: =IF(('FSLPL Daily '!AT15-'FSLPL Daily '!AT14<0), "",'FSLPL Daily '!AT15-'FSLPL Daily '!AT14) -> 0 | AA13: =IF(('FSLPL Daily '!AV15-'FSLPL Daily '!AV14<0), "",'FSLPL Daily '!AV15-'FSLPL Daily '!AV14) -> 35 | AB13: =IF(('FSLPL Daily '!AX15-'FSLPL Daily '!AX14<0), "",'FSLPL Daily '!AX15-'FSLPL Daily '!AX14) -> 8 | AC13: =IF(('FSLPL Daily '!AZ15-'FSLPL Daily '!AZ14<0), "",'FSLPL Daily '!AZ15-'FSLPL Daily '!AZ14) -> 2400 | AD13: =IF(('FSLPL Daily '!BB15-'FSLPL Daily '!BB14<0), "",'FSLPL Daily '!BB15-'FSLPL Daily '!BB14) -> 861 | AE13: ='FSLPL Daily '!BD15 -> 142 | AF13: ='FSLPL Daily '!BE15 -> 202
A14: London at Park Lane | B14: =B13+1 -> 13 | C14: 2 | D14: 2020 | E14: =IF(('FSLPL Daily '!C16-'FSLPL Daily '!C15<0), "0",'FSLPL Daily '!C16-'FSLPL Daily '!C15) -> 8946 | F14: =IF(('FSLPL Daily '!E16-'FSLPL Daily '!E15<0), "0",'FSLPL Daily '!E16-'FSLPL Daily '!E15) -> 6736 | G14: =IF(('FSLPL Daily '!G16-'FSLPL Daily '!G15<0), "0",'FSLPL Daily '!G16-'FSLPL Daily '!G15) -> 3726 | H14: =IF(('FSLPL Daily '!I16-'FSLPL Daily '!I15<0), "",'FSLPL Daily '!I16-'FSLPL Daily '!I15) -> 442 | I14: =IF(('FSLPL Daily '!K16-'FSLPL Daily '!K15<0), "",'FSLPL Daily '!K16-'FSLPL Daily '!K15) -> 915 | J14: =IF(('FSLPL Daily '!M16-'FSLPL Daily '!M15<0), "",'FSLPL Daily '!M16-'FSLPL Daily '!M15) -> 1686 | K14: =IF(('FSLPL Daily '!O16-'FSLPL Daily '!O15<0), "",'FSLPL Daily '!O16-'FSLPL Daily '!O15) -> 680 | L14: =IF(('FSLPL Daily '!Q16-'FSLPL Daily '!Q15<0), "",'FSLPL Daily '!Q16-'FSLPL Daily '!Q15) -> 373 | M14: =IF(('FSLPL Daily '!S16-'FSLPL Daily '!S15<0), "",'FSLPL Daily '!S16-'FSLPL Daily '!S15) -> 29 | N14: =IF(('FSLPL Daily '!U16-'FSLPL Daily '!U15<0), "",'FSLPL Daily '!U16-'FSLPL Daily '!U15) -> 1161 | O14: =IF(('FSLPL Daily '!W16-'FSLPL Daily '!W15<0), "",'FSLPL Daily '!W16-'FSLPL Daily '!W15) -> 198 | P14: =IF(('FSLPL Daily '!Y16-'FSLPL Daily '!Y15<0), "",'FSLPL Daily '!Y16-'FSLPL Daily '!Y15) -> 1434 | Q14: =IF(('FSLPL Daily '!AA16-'FSLPL Daily '!AA15<0), "",'FSLPL Daily '!AA16-'FSLPL Daily '!AA15) -> 2 | R14: =IF(('FSLPL Daily '!AC16-'FSLPL Daily '!AC15<0), "",'FSLPL Daily '!AC16-'FSLPL Daily '!AC15) -> 1561 | S14: =IF(('FSLPL Daily '!AE16-'FSLPL Daily '!AE15<0), "",'FSLPL Daily '!AE16-'FSLPL Daily '!AE15) -> 2128 | T14: =IF(('FSLPL Daily '!AG16-'FSLPL Daily '!AG15<0), "",'FSLPL Daily '!AG16-'FSLPL Daily '!AG15) -> 410 | U14: =IF(('FSLPL Daily '!AI16-'FSLPL Daily '!AI15<0), "",'FSLPL Daily '!AI16-'FSLPL Daily '!AI15) -> 12 | V14: =IF(('FSLPL Daily '!AK16-'FSLPL Daily '!AK15<0), "",'FSLPL Daily '!AK16-'FSLPL Daily '!AK15) -> 395 | W14: =IF(('FSLPL Daily '!AM16-'FSLPL Daily '!AM15<0), "",'FSLPL Daily '!AM16-'FSLPL Daily '!AM15) -> 637 | X14: =IF(('FSLPL Daily '!AO16-'FSLPL Daily '!AO15<0), "",'FSLPL Daily '!AO16-'FSLPL Daily '!AO15) -> 735 | Y14: =IF(('FSLPL Daily '!AR16-'FSLPL Daily '!AR15<0), "",'FSLPL Daily '!AR16-'FSLPL Daily '!AR15) -> 0 | Z14: =IF(('FSLPL Daily '!AT16-'FSLPL Daily '!AT15<0), "",'FSLPL Daily '!AT16-'FSLPL Daily '!AT15) -> 0 | AA14: =IF(('FSLPL Daily '!AV16-'FSLPL Daily '!AV15<0), "",'FSLPL Daily '!AV16-'FSLPL Daily '!AV15) -> 34 | AB14: =IF(('FSLPL Daily '!AX16-'FSLPL Daily '!AX15<0), "",'FSLPL Daily '!AX16-'FSLPL Daily '!AX15) -> 8 | AC14: =IF(('FSLPL Daily '!AZ16-'FSLPL Daily '!AZ15<0), "",'FSLPL Daily '!AZ16-'FSLPL Daily '!AZ15) -> 2332 | AD14: =IF(('FSLPL Daily '!BB16-'FSLPL Daily '!BB15<0), "",'FSLPL Daily '!BB16-'FSLPL Daily '!BB15) -> 960 | AE14: ='FSLPL Daily '!BD16 -> 130 | AF14: ='FSLPL Daily '!BE16 -> 169
... A29: London at Park Lane | B29: =B28+1 -> 28 | C29: 2 | D29: 2020 | E29: =IF(('FSLPL Daily '!C31-'FSLPL Daily '!C30<0), "0",'FSLPL Daily '!C31-'FSLPL Daily '!C30) -> 17348 | F29: =IF(('FSLPL Daily '!E31-'FSLPL Daily '!E30<0), "0",'FSLPL Daily '!E31-'FSLPL Daily '!E30) -> 5799 | G29: =IF(('FSLPL Daily '!G31-'FSLPL Daily '!G30<0), "0",'FSLPL Daily '!G31-'FSLPL Daily '!G30) -> 3959 | H29: =IF(('FSLPL Daily '!I31-'FSLPL Daily '!I30<0), "",'FSLPL Daily '!I31-'FSLPL Daily '!I30) -> 440 | I29: =IF(('FSLPL Daily '!K31-'FSLPL Daily '!K30<0), "",'FSLPL Daily '!K31-'FSLPL Daily '!K30) -> 864 | J29: =IF(('FSLPL Daily '!M31-'FSLPL Daily '!M30<0), "",'FSLPL Daily '!M31-'FSLPL Daily '!M30) -> 1628 | K29: =IF(('FSLPL Daily '!O31-'FSLPL Daily '!O30<0), "",'FSLPL Daily '!O31-'FSLPL Daily '!O30) -> 719 | L29: =IF(('FSLPL Daily '!Q31-'FSLPL Daily '!Q30<0), "",'FSLPL Daily '!Q31-'FSLPL Daily '!Q30) -> 370 | M29: =IF(('FSLPL Daily '!S31-'FSLPL Daily '!S30<0), "",'FSLPL Daily '!S31-'FSLPL Daily '!S30) -> 51 | N29: =IF(('FSLPL Daily '!U31-'FSLPL Daily '!U30<0), "",'FSLPL Daily '!U31-'FSLPL Daily '!U30) -> 1387 | O29: =IF(('FSLPL Daily '!W31-'FSLPL Daily '!W30<0), "",'FSLPL Daily '!W31-'FSLPL Daily '!W30) -> 210 | P29: =IF(('FSLPL Daily '!Y31-'FSLPL Daily '!Y30<0), "",'FSLPL Daily '!Y31-'FSLPL Daily '!Y30) -> 1846 | Q29: =IF(('FSLPL Daily '!AA31-'FSLPL Daily '!AA30<0), "",'FSLPL Daily '!AA31-'FSLPL Daily '!AA30) -> 3 | R29: =IF(('FSLPL Daily '!AC31-'FSLPL Daily '!AC30<0), "",'FSLPL Daily '!AC31-'FSLPL Daily '!AC30) -> 1492 | S29: =IF(('FSLPL Daily '!AE31-'FSLPL Daily '!AE30<0), "",'FSLPL Daily '!AE31-'FSLPL Daily '!AE30) -> 2112 | T29: =IF(('FSLPL Daily '!AG31-'FSLPL Daily '!AG30<0), "",'FSLPL Daily '!AG31-'FSLPL Daily '!AG30) -> 386 | U29: =IF(('FSLPL Daily '!AI31-'FSLPL Daily '!AI30<0), "",'FSLPL Daily '!AI31-'FSLPL Daily '!AI30) -> 21 | V29: =IF(('FSLPL Daily '!AK31-'FSLPL Daily '!AK30<0), "",'FSLPL Daily '!AK31-'FSLPL Daily '!AK30) -> 398 | W29: =IF(('FSLPL Daily '!AM31-'FSLPL Daily '!AM30<0), "",'FSLPL Daily '!AM31-'FSLPL Daily '!AM30) -> 626 | X29: =IF(('FSLPL Daily '!AO31-'FSLPL Daily '!AO30<0), "",'FSLPL Daily '!AO31-'FSLPL Daily '!AO30) -> 699 | Y29: =IF(('FSLPL Daily '!AR31-'FSLPL Daily '!AR30<0), "",'FSLPL Daily '!AR31-'FSLPL Daily '!AR30) -> 0 | Z29: =IF(('FSLPL Daily '!AT31-'FSLPL Daily '!AT30<0), "",'FSLPL Daily '!AT31-'FSLPL Daily '!AT30) -> 0 | AA29: =IF(('FSLPL Daily '!AV31-'FSLPL Daily '!AV30<0), "",'FSLPL Daily '!AV31-'FSLPL Daily '!AV30) -> 39 | AB29: =IF(('FSLPL Daily '!AX31-'FSLPL Daily '!AX30<0), "",'FSLPL Daily '!AX31-'FSLPL Daily '!AX30) -> 10 | AC29: =IF(('FSLPL Daily '!AZ31-'FSLPL Daily '!AZ30<0), "",'FSLPL Daily '!AZ31-'FSLPL Daily '!AZ30) -> 2053 | AD29: =IF(('FSLPL Daily '!BB31-'FSLPL Daily '!BB30<0), "",'FSLPL Daily '!BB31-'FSLPL Daily '!BB30) -> 1136 | AE29: ='FSLPL Daily '!BD31 -> 134 | AF29: ='FSLPL Daily '!BE31 -> 193
AB30: =IF(('FSLPL Daily '!BA121-'FSLPL Daily '!BA120<0), "",'FSLPL Daily '!BA121-'FSLPL Daily '!BA120) -> 0
AB31: =IF(('FSLPL Daily '!BA122-'FSLPL Daily '!BA121<0), "",'FSLPL Daily '!BA122-'FSLPL Daily '!BA121) -> 0
AB32: =IF(('FSLPL Daily '!BA123-'FSLPL Daily '!BA122<0), "",'FSLPL Daily '!BA123-'FSLPL Daily '!BA122) -> 0
AB33: =IF(('FSLPL Daily '!BA124-'FSLPL Daily '!BA123<0), "",'FSLPL Daily '!BA124-'FSLPL Daily '!BA123) -> 0
AB34: =IF(('FSLPL Daily '!BA125-'FSLPL Daily '!BA124<0), "",'FSLPL Daily '!BA125-'FSLPL Daily '!BA124) -> 0
AB35: =IF(('FSLPL Daily '!BA126-'FSLPL Daily '!BA125<0), "",'FSLPL Daily '!BA126-'FSLPL Daily '!BA125) -> 0
AB36: =IF(('FSLPL Daily '!BA127-'FSLPL Daily '!BA126<0), "",'FSLPL Daily '!BA127-'FSLPL Daily '!BA126) -> 0
AB37: =IF(('FSLPL Daily '!BA128-'FSLPL Daily '!BA127<0), "",'FSLPL Daily '!BA128-'FSLPL Daily '!BA127) -> 0
AB38: =IF(('FSLPL Daily '!BA129-'FSLPL Daily '!BA128<0), "",'FSLPL Daily '!BA129-'FSLPL Daily '!BA128) -> 0
AB39: =IF(('FSLPL Daily '!BA130-'FSLPL Daily '!BA129<0), "",'FSLPL Daily '!BA130-'FSLPL Daily '!BA129) -> 0
AB40: =IF(('FSLPL Daily '!BA131-'FSLPL Daily '!BA130<0), "",'FSLPL Daily '!BA131-'FSLPL Daily '!BA130) -> 0
AB41: =IF(('FSLPL Daily '!BA132-'FSLPL Daily '!BA131<0), "",'FSLPL Daily '!BA132-'FSLPL Daily '!BA131) -> 0
... AB65440: =IF(('FSLPL Daily '!BA65531-'FSLPL Daily '!BA65530<0), "",'FSLPL Daily '!BA65531-'FSLPL Daily '!BA65530) -> 0

Sheet FSLPL Daily 
A1: Days | C1: LV Panel 1 KWh | E1: LV Panel 2 KWh | G1: CHP KWh | I1: MCC9 KWh | K1: GF Panel KWh | M1: Kitchen Switch. KWh | O1: Kitchen Panel | Q1: MCC3 (AHU) KWh | S1: MCC8 KWh | U1: 1st Floor Plan (KWh) | W1: MCC6(1st floor AHU) KWh | Y1: Chiller 1 KWh | AA1: Chiller 2 KWh | AC1: MCC 10 (Mechanical Services) KWh | AE1: MCC2 CHW KWh | AG1: MCC7 (Kitchen) KWh | AI1: MCC 5 (Mechanical services) KWh | AK1: MCC 4 (Water Services) KWh | AM1: MCC1 (KWh) | AO1: Laundry db KWh | AR1: Hamilton City Water 1 m3 | AT1: Old Park Lane City Water 2 m3 | AV1: Laundry CW m3 | AX1: Laundry HW m3 | AZ1: Natural Gas m3 | BB1: CHP Natural Gas m3
A2: Date | C2: Reading KWH | D2: Difference KWH | E2: Reading KWH | F2: Difference KWH | G2: Reading KWH | H2: Difference KWH | I2: Reading KWH | J2: Difference KWH | K2: Reading KWH | L2: Difference KWH | M2: Reading KWH | N2: Difference KWH | O2: Reading KWH | P2: Difference KWH | Q2: Reading KWH | R2: Difference KWH | S2: Reading KWH | T2: Difference KWH | U2: Reading KWH | V2: Difference KWH | W2: Reading KWH | X2: Difference KWH | Y2: Reading KWH | Z2: Difference KWH | AA2: Reading KWH | AB2: Difference KWH | AC2: Reading KWH | AD2: Difference KWH | AE2: Reading KWH | AF2: Difference KWH | AG2: Reading KWH | AH2: Difference KWH | AI2: Reading KWH | AJ2: Difference KWH | AK2: Reading KWH | AL2: Difference KWH | AM2: Reading KWH | AN2: Difference KWH | AO2: Reading KWH | AP2: Difference KWH | AR2: Reading m³ | AS2: Daily Consumption m³ | AT2: Reading m³ | AU2: Daily Consumption m³ | AV2: Reading m³ | AW2: Daily Consumption m³ | AX2: Reading m³ | AY2: Daily Consumption m³ | AZ2: Reading Liters | BA2: Daily Consumption L | BB2: Reading Liters | BC2: Daily Consumption L | BD2: ROOM NIGHTS | BE2: TOTAL GUESTS
A3: 31/1/2019 | C3: 22109736 | D3: =IF((C4-C3<0), "",C4-C3) -> 8036 | E3: 23667167 | F3: =IF((E4-E3<0), "",E4-E3) -> 6127 | G3: 9869983 | H3: =IF((G4-G3<0), "",G4-G3) -> 3911 | I3: 1389668 | J3: =IF((I4-I3<0), "",I4-I3) -> 423 | K3: 2818567 | L3: =IF((K4-K3<0), "",K4-K3) -> 862 | M3: 4034230 | N3: =IF((M4-M3<0), "",M4-M3) -> 1524 | O3: 1940351 | P3: =IF((O4-O3<0), "",O4-O3) -> 671 | Q3: 1093823 | R3: =IF((Q4-Q3<0), "",Q4-Q3) -> 351 | S3: 339784 | T3: =IF((S4-S3<0), "",S4-S3) -> 10 | U3: 3700553 | V3: =IF((U4-U3<0), "",U4-U3) -> 1120 | W3: 885586 | X3: =IF((W4-W3<0), "",W4-W3) -> 152 | Y3: 3072680 | Z3: =IF((Y4-Y3<0), "",Y4-Y3) -> 1102 | AA3: 1921699 | AB3: =IF((AA4-AA3<0), "",AA4-AA3) -> 3 | AC3: 4521570 | AD3: =IF((AC4-AC3<0), "",AC4-AC3) -> 1443 | AE3: 6455348 | AF3: =IF((AE4-AE3<0), "",AE4-AE3) -> 2076 | AG3: 1156656 | AH3: =IF((AG4-AG3<0), "",AG4-AG3) -> 374 | AI3: 228079 | AJ3: =IF((AI4-AI3<0), "",AI4-AI3) -> 20 | AK3: 787390 | AL3: =IF((AK4-AK3<0), "",AK4-AK3) -> 400 | AM3: 1522247 | AN3: =IF((AM4-AM3<0), "",AM4-AM3) -> 669 | AO3: 1610485 | AP3: =IF((AO4-AO3<0), "",AO4-AO3) -> 720 | AR3: 0 | AS3: 1592 | AT3: 0 | AU3: 2494 | AV3: 74853 | AW3: =IF((AV4-AV3<0), "",AV4-AV3) -> 28 | AX3: 8398 | AY3: =IF((AX4-AX3<0), "",AX4-AX3) -> 13 | AZ3: 6048629 | BA3: =IF((AZ4-AZ3<0), "",AZ4-AZ3) -> 3258 | BB3: 826800 | BC3: =IF((BB4-BB3<0), "",BB4-BB3) -> 1126 | BD3: 148 | BE3: 207
A4: 43497 | C4: 22117772 | E4: 23673294 | G4: 9873894 | I4: 1390091 | K4: 2819429 | M4: 4035754 | O4: 1941022 | Q4: 1094174 | S4: 339794 | U4: 3701673 | W4: 885738 | Y4: 3073782 | AA4: 1921702 | AC4: 4523013 | AE4: 6457424 | AG4: 1157030 | AI4: 228099 | AK4: 787790 | AM4: 1522916 | AO4: 1611205 | AR4: 0 | AT4: 0 | AV4: 74881 | AX4: 8411 | AZ4: 6051887 | BB4: 827926 | BD4: 123 | BE4: 193
A5: 43498 | C5: 22125717 | D5: =IF((C5-C4<0), "",C5-C4) -> 7945 | E5: 23679461 | F5: =IF((E5-E4<0), "",E5-E4) -> 6167 | G5: 9877730 | H5: =IF((G5-G4<0), "",G5-G4) -> 3836 | I5: 1390515 | J5: =IF((I5-I4<0), "",I5-I4) -> 424 | K5: 2820274 | L5: =IF((K5-K4<0), "",K5-K4) -> 845 | M5: 4037288 | N5: =IF((M5-M4<0), "",M5-M4) -> 1534 | O5: 1941725 | P5: =IF((O5-O4<0), "",O5-O4) -> 703 | Q5: 1094521 | R5: =IF((Q5-Q4<0), "",Q5-Q4) -> 347 | S5: 339809 | T5: =IF((S5-S4<0), "",S5-S4) -> 15 | U5: 3702690 | V5: =IF((U5-U4<0), "",U5-U4) -> 1017 | W5: 885794 | X5: =IF((W5-W4<0), "",W5-W4) -> 56 | Y5: 3074949 | Z5: =IF((Y5-Y4<0), "",Y5-Y4) -> 1167 | AA5: 1921704 | AB5: =IF((AA5-AA4<0), "",AA5-AA4) -> 2 | AC5: 4524452 | AD5: =IF((AC5-AC4<0), "",AC5-AC4) -> 1439 | AE5: 6459493 | AF5: =IF((AE5-AE4<0), "",AE5-AE4) -> 2069 | AG5: 1157405 | AH5: =IF((AG5-AG4<0), "",AG5-AG4) -> 375 | AI5: 228119 | AJ5: =IF((AI5-AI4<0), "",AI5-AI4) -> 20 | AK5: 788179 | AL5: =IF((AK5-AK4<0), "",AK5-AK4) -> 389 | AM5: 1523580 | AN5: =IF((AM5-AM4<0), "",AM5-AM4) -> 664 | AO5: 1611911 | AP5: =IF((AO5-AO4<0), "",AO5-AO4) -> 706 | AR5: 0 | AS5: =IF((AR5-AR4<0), "",AR5-AR4) -> 0 | AT5: 0 | AU5: =IF((AT5-AT4<0), "",AT5-AT4) -> 0 | AV5: 74920 | AW5: =IF((AV5-AV4<0), "",AV5-AV4) -> 39 | AX5: 8419 | AY5: =IF((AX5-AX4<0), "",AX5-AX4) -> 8 | AZ5: 6055019 | BA5: =IF((AZ5-AZ4<0), "",AZ5-AZ4) -> 3132 | BB5: 829025 | BC5: =IF((BB5-BB4<0), "9",BB5-BB4) -> 1099 | BD5: 133 | BE5: 173
A6: 43499 | C6: 22133635 | D6: =IF((C6-C5<0), "",C6-C5) -> 7918 | E6: 23685508 | F6: =IF((E6-E5<0), "",E6-E5) -> 6047 | G6: 9881533 | H6: =IF((G6-G5<0), "",G6-G5) -> 3803 | I6: 1390961 | J6: =IF((I6-I5<0), "",I6-I5) -> 446 | K6: 2821109 | L6: =IF((K6-K5<0), "",K6-K5) -> 835 | M6: 4038696 | N6: =IF((M6-M5<0), "",M6-M5) -> 1408 | O6: 1942424 | P6: =IF((O6-O5<0), "",O6-O5) -> 699 | Q6: 1094871 | R6: =IF((Q6-Q5<0), "",Q6-Q5) -> 350 | S6: 339828 | T6: =IF((S6-S5<0), "",S6-S5) -> 19 | U6: 3703764 | V6: =IF((U6-U5<0), "",U6-U5) -> 1074 | W6: 885988 | X6: =IF((W6-W5<0), "",W6-W5) -> 194 | Y6: 3076151 | Z6: =IF((Y6-Y5<0), "",Y6-Y5) -> 1202 | AA6: 1921706 | AB6: =IF((AA6-AA5<0), "",AA6-AA5) -> 2 | AC6: 4525909 | AD6: =IF((AC6-AC5<0), "",AC6-AC5) -> 1457 | AE6: 6461551 | AF6: =IF((AE6-AE5<0), "",AE6-AE5) -> 2058 | AG6: 1157778 | AH6: =IF((AG6-AG5<0), "",AG6-AG5) -> 373 | AI6: 228139 | AJ6: =IF((AI6-AI5<0), "",AI6-AI5) -> 20 | AK6: 788571 | AL6: =IF((AK6-AK5<0), "",AK6-AK5) -> 392 | AM6: 1524242 | AN6: =IF((AM6-AM5<0), "",AM6-AM5) -> 662 | AO6: 1612631 | AP6: =IF((AO6-AO5<0), "",AO6-AO5) -> 720 | AR6: 0 | AS6: =IF((AR6-AR5<0), "",AR6-AR5) -> 0 | AT6: 0 | AU6: =IF((AT6-AT5<0), "",AT6-AT5) -> 0 | AV6: 74960 | AW6: =IF((AV6-AV5<0), "",AV6-AV5) -> 40 | AX6: 8430 | AY6: =IF((AX6-AX5<0), "",AX6-AX5) -> 11 | AZ6: 6058126 | BA6: =IF((AZ6-AZ5<0), "",AZ6-AZ5) -> 3107 | BB6: 830098 | BC6: =IF((BB6-BB5<0), "9",BB6-BB5) -> 1073 | BD6: 138 | BE6: 200
A7: 43500 | C7: 22141556 | D7: =IF((C7-C6<0), "",C7-C6) -> 7921 | E7: 23691636 | F7: =IF((E7-E6<0), "",E7-E6) -> 6128 | G7: 9885493 | H7: =IF((G7-G6<0), "",G7-G6) -> 3960 | I7: 1391428 | J7: =IF((I7-I6<0), "",I7-I6) -> 467 | K7: 2821949 | L7: =IF((K7-K6<0), "",K7-K6) -> 840 | M7: 4040071 | N7: =IF((M7-M6<0), "",M7-M6) -> 1375 | O7: 1943152 | P7: =IF((O7-O6<0), "",O7-O6) -> 728 | Q7: 1095225 | R7: =IF((Q7-Q6<0), "",Q7-Q6) -> 354 | S7: 339848 | T7: =IF((S7-S6<0), "",S7-S6) -> 20 | U7: 3704789 | V7: =IF((U7-U6<0), "",U7-U6) -> 1025 | W7: 886107 | X7: =IF((W7-W6<0), "",W7-W6) -> 119 | Y7: 3077401 | Z7: =IF((Y7-Y6<0), "",Y7-Y6) -> 1250 | AA7: 1921708 | AB7: =IF((AA7-AA6<0), "",AA7-AA6) -> 2 | AC7: 4527389 | AD7: =IF((AC7-AC6<0), "",AC7-AC6) -> 1480 | AE7: 6463635 | AF7: =IF((AE7-AE6<0), "",AE7-AE6) -> 2084 | AG7: 1158159 | AH7: =IF((AG7-AG6<0), "",AG7-AG6) -> 381 | AI7: 228160 | AJ7: =IF((AI7-AI6<0), "",AI7-AI6) -> 21 | AK7: 788949 | AL7: =IF((AK7-AK6<0), "",AK7-AK6) -> 378 | AM7: 1524898 | AN7: =IF((AM7-AM6<0), "",AM7-AM6) -> 656 | AO7: 1613329 | AP7: =IF((AO7-AO6<0), "",AO7-AO6) -> 698 | AR7: 0 | AS7: =IF((AR7-AR6<0), "",AR7-AR6) -> 0 | AT7: 0 | AU7: =IF((AT7-AT6<0), "",AT7-AT6) -> 0 | AV7: 74990 | AW7: =IF((AV7-AV6<0), "",AV7-AV6) -> 30 | AX7: 8437 | AY7: =IF((AX7-AX6<0), "",AX7-AX6) -> 7 | AZ7: 6061034 | BA7: =IF((AZ7-AZ6<0), "",AZ7-AZ6) -> 2908 | BB7: 831207 | BC7: =IF((BB7-BB6<0), "9",BB7-BB6) -> 1109 | BD7: 130 | BE7: 151
A8: 43501 | C8: 22149774 | D8: =IF((C8-C7<0), "",C8-C7) -> 8218 | E8: 23697694 | F8: =IF((E8-E7<0), "",E8-E7) -> 6058 | G8: 9889320 | H8: =IF((G8-G7<0), "",G8-G7) -> 3827 | I8: 1391839 | J8: =IF((I8-I7<0), "",I8-I7) -> 411 | K8: 2822808 | L8: =IF((K8-K7<0), "",K8-K7) -> 859 | M8: 4041495 | N8: =IF((M8-M7<0), "",M8-M7) -> 1424 | O8: 1943855 | P8: =IF((O8-O7<0), "",O8-O7) -> 703 | Q8: 1095569 | R8: =IF((Q8-Q7<0), "",Q8-Q7) -> 344 | S8: 339871 | T8: =IF((S8-S7<0), "",S8-S7) -> 23 | U8: 3705959 | V8: =IF((U8-U7<0), "",U8-U7) -> 1170 | W8: 886272 | X8: =IF((W8-W7<0), "",W8-W7) -> 165 | Y8: 3078687 | Z8: =IF((Y8-Y7<0), "",Y8-Y7) -> 1286 | AA8: 1921711 | AB8: =IF((AA8-AA7<0), "",AA8-AA7) -> 3 | AC8: 4528833 | AD8: =IF((AC8-AC7<0), "",AC8-AC7) -> 1444 | AE8: 6465680 | AF8: =IF((AE8-AE7<0), "",AE8-AE7) -> 2045 | AG8: 1158533 | AH8: =IF((AG8-AG7<0), "",AG8-AG7) -> 374 | AI8: 228180 | AJ8: =IF((AI8-AI7<0), "",AI8-AI7) -> 20 | AK8: 789324 | AL8: =IF((AK8-AK7<0), "",AK8-AK7) -> 375 | AM8: 1525514 | AN8: =IF((AM8-AM7<0), "",AM8-AM7) -> 616 | AO8: 1613943 | AP8: =IF((AO8-AO7<0), "",AO8-AO7) -> 614 | AR8: 0 | AS8: =IF((AR8-AR7<0), "",AR8-AR7) -> 0 | AT8: 0 | AU8: =IF((AT8-AT7<0), "",AT8-AT7) -> 0 | AV8: 75020 | AW8: =IF((AV8-AV7<0), "",AV8-AV7) -> 30 | AX8: 8444 | AY8: =IF((AX8-AX7<0), "",AX8-AX7) -> 7 | AZ8: 6063499 | BA8: =IF((AZ8-AZ7<0), "",AZ8-AZ7) -> 2465 | BB8: 832288 | BC8: =IF((BB8-BB7<0), "9",BB8-BB7) -> 1081 | BD8: 138 | BE8: 200
A9: 43502 | C9: 22158105 | D9: =IF((C9-C8<0), "",C9-C8) -> 8331 | E9: 23703662 | F9: =IF((E9-E8<0), "",E9-E8) -> 5968 | G9: 9893176 | H9: =IF((G9-G8<0), "",G9-G8) -> 3856 | I9: 1392242 | J9: =IF((I9-I8<0), "",I9-I8) -> 403 | K9: 2823665 | L9: =IF((K9-K8<0), "",K9-K8) -> 857 | M9: 4042954 | N9: =IF((M9-M8<0), "",M9-M8) -> 1459 | O9: 1944536 | P9: =IF((O9-O8<0), "",O9-O8) -> 681 | Q9: 1095918 | R9: =IF((Q9-Q8<0), "",Q9-Q8) -> 349 | S9: 339896 | T9: =IF((S9-S8<0), "",S9-S8) -> 25 | U9: 3707131 | V9: =IF((U9-U8<0), "",U9-U8) -> 1172 | W9: 886449 | X9: =IF((W9-W8<0), "",W9-W8) -> 177 | Y9: 3079988 | Z9: =IF((Y9-Y8<0), "",Y9-Y8) -> 1301 | AA9: 1921713 | AB9: =IF((AA9-AA8<0), "",AA9-AA8) -> 2 | AC9: 4530227 | AD9: =IF((AC9-AC8<0), "",AC9-AC8) -> 1394 | AE9: 6467736 | AF9: =IF((AE9-AE8<0), "",AE9-AE8) -> 2056 | AG9: 1158874 | AH9: =IF((AG9-AG8<0), "",AG9-AG8) -> 341 | AI9: 228201 | AJ9: =IF((AI9-AI8<0), "",AI9-AI8) -> 21 | AK9: 789703 | AL9: =IF((AK9-AK8<0), "",AK9-AK8) -> 379 | AM9: 1526135 | AN9: =IF((AM9-AM8<0), "",AM9-AM8) -> 621 | AO9: 1614632 | AP9: =IF((AO9-AO8<0), "",AO9-AO8) -> 689 | AR9: 0 | AS9: =IF((AR9-AR8<0), "",AR9-AR8) -> 0 | AT9: 0 | AU9: =IF((AT9-AT8<0), "",AT9-AT8) -> 0 | AV9: 75040 | AW9: =IF((AV9-AV8<0), "",AV9-AV8) -> 20 | AX9: 8452 | AY9: =IF((AX9-AX8<0), "",AX9-AX8) -> 8 | AZ9: 6065990 | BA9: =IF((AZ9-AZ8<0), "",AZ9-AZ8) -> 2491 | BB9: 833374 | BC9: =IF((BB9-BB8<0), "9",BB9-BB8) -> 1086 | BD9: 134 | BE9: 180
A10: 43503 | C10: 22166842 | D10: =IF((C10-C9<0), "",C10-C9) -> 8737 | E10: 23709776 | F10: =IF((E10-E9<0), "",E10-E9) -> 6114 | G10: 9897411 | H10: =IF((G10-G9<0), "",G10-G9) -> 4235 | I10: 1392673 | J10: =IF((I10-I9<0), "",I10-I9) -> 431 | K10: 2824563 | L10: =IF((K10-K9<0), "",K10-K9) -> 898 | M10: 4044532 | N10: =IF((M10-M9<0), "",M10-M9) -> 1578 | O10: 1945255 | P10: =IF((O10-O9<0), "",O10-O9) -> 719 | Q10: 1096281 | R10: =IF((Q10-Q9<0), "",Q10-Q9) -> 363 | S10: 339920 | T10: =IF((S10-S9<0), "",S10-S9) -> 24 | U10: 3708319 | V10: =IF((U10-U9<0), "",U10-U9) -> 1188 | W10: 886645 | X10: =IF((W10-W9<0), "",W10-W9) -> 196 | Y10: 3081308 | Z10: =IF((Y10-Y9<0), "",Y10-Y9) -> 1320 | AA10: 1921715 | AB10: =IF((AA10-AA9<0), "",AA10-AA9) -> 2 | AC10: 4531633 | AD10: =IF((AC10-AC9<0), "",AC10-AC9) -> 1406 | AE10: 6469810 | AF10: =IF((AE10-AE9<0), "",AE10-AE9) -> 2074 | AG10: 1159217 | AH10: =IF((AG10-AG9<0), "",AG10-AG9) -> 343 | AI10: 228222 | AJ10: =IF((AI10-AI9<0), "",AI10-AI9) -> 21 | AK10: 790110 | AL10: =IF((AK10-AK9<0), "",AK10-AK9) -> 407 | AM10: 1526767 | AN10: =IF((AM10-AM9<0), "",AM10-AM9) -> 632 | AO10: 1615405 | AP10: =IF((AO10-AO9<0), "",AO10-AO9) -> 773 | AR10: 0 | AS10: =IF((AR10-AR9<0), "",AR10-AR9) -> 0 | AT10: 0 | AU10: =IF((AT10-AT9<0), "",AT10-AT9) -> 0 | AV10: 75083 | AW10: =IF((AV10-AV9<0), "",AV10-AV9) -> 43 | AX10: 8468 | AY10: =IF((AX10-AX9<0), "",AX10-AX9) -> 16 | AZ10: 6068617 | BA10: =IF((AZ10-AZ9<0), "",AZ10-AZ9) -> 2627 | BB10: 834589 | BC10: =IF((BB10-BB9<0), "9",BB10-BB9) -> 1215 | BD10: 158 | BE10: 224
A11: 43504 | C11: 22175265 | D11: =IF((C11-C10<0), "",C11-C10) -> 8423 | E11: 23715779 | F11: =IF((E11-E10<0), "",E11-E10) -> 6003 | G11: 9900913 | H11: =IF((G11-G10<0), "",G11-G10) -> 3502 | I11: 1393100 | J11: =IF((I11-I10<0), "",I11-I10) -> 427 | K11: 2825419 | L11: =IF((K11-K10<0), "",K11-K10) -> 856 | M11: 4046056 | N11: =IF((M11-M10<0), "",M11-M10) -> 1524 | O11: 1945986 | P11: =IF((O11-O10<0), "",O11-O10) -> 731 | Q11: 1096616 | R11: =IF((Q11-Q10<0), "",Q11-Q10) -> 335 | S11: 339940 | T11: =IF((S11-S10<0), "",S11-S10) -> 20 | U11: 3709502 | V11: =IF((U11-U10<0), "",U11-U10) -> 1183 | W11: 886887 | X11: =IF((W11-W10<0), "",W11-W10) -> 242 | Y11: 3082567 | Z11: =IF((Y11-Y10<0), "",Y11-Y10) -> 1259 | AA11: 1921717 | AB11: =IF((AA11-AA10<0), "",AA11-AA10) -> 2 | AC11: 4533074 | AD11: =IF((AC11-AC10<0), "",AC11-AC10) -> 1441 | AE11: 6471772 | AF11: =IF((AE11-AE10<0), "",AE11-AE10) -> 1962 | AG11: 1159602 | AH11: =IF((AG11-AG10<0), "",AG11-AG10) -> 385 | AI11: 228241 | AJ11: =IF((AI11-AI10<0), "",AI11-AI10) -> 19 | AK11: 790483 | AL11: =IF((AK11-AK10<0), "",AK11-AK10) -> 373 | AM11: 1527370 | AN11: =IF((AM11-AM10<0), "",AM11-AM10) -> 603 | AO11: 1616053 | AP11: =IF((AO11-AO10<0), "",AO11-AO10) -> 648 | AR11: 0 | AS11: =IF((AR11-AR10<0), "",AR11-AR10) -> 0 | AT11: 0 | AU11: =IF((AT11-AT10<0), "",AT11-AT10) -> 0 | AV11: 75109 | AW11: =IF((AV11-AV10<0), "",AV11-AV10) -> 26 | AX11: 8479 | AY11: =IF((AX11-AX10<0), "",AX11-AX10) -> 11 | AZ11: 6070899 | BA11: =IF((AZ11-AZ10<0), "",AZ11-AZ10) -> 2282 | BB11: 835590 | BC11: =IF((BB11-BB10<0), "9",BB11-BB10) -> 1001 | BD11: 151 | BE11: 238
A12: 43505 | C12: 22183278 | D12: =IF((C12-C11<0), "",C12-C11) -> 8013 | E12: 23721958 | F12: =IF((E12-E11<0), "",E12-E11) -> 6179 | G12: 9904782 | H12: =IF((G12-G11<0), "",G12-G11) -> 3869 | I12: 1393519 | J12: =IF((I12-I11<0), "",I12-I11) -> 419 | K12: 2826282 | L12: =IF((K12-K11<0), "",K12-K11) -> 863 | M12: 4047437 | N12: =IF((M12-M11<0), "",M12-M11) -> 1381 | O12: 1946654 | P12: =IF((O12-O11<0), "",O12-O11) -> 668 | Q12: 1096952 | R12: =IF((Q12-Q11<0), "",Q12-Q11) -> 336 | S12: 339955 | T12: =IF((S12-S11<0), "",S12-S11) -> 15 | U12: 3710500 | V12: =IF((U12-U11<0), "",U12-U11) -> 998 | W12: 886987 | X12: =IF((W12-W11<0), "",W12-W11) -> 100 | Y12: 3083846 | Z12: =IF((Y12-Y11<0), "",Y12-Y11) -> 1279 | AA12: 1921719 | AB12: =IF((AA12-AA11<0), "",AA12-AA11) -> 2 | AC12: 4534532 | AD12: =IF((AC12-AC11<0), "",AC12-AC11) -> 1458 | AE12: 6473792 | AF12: =IF((AE12-AE11<0), "",AE12-AE11) -> 2020 | AG12: 1159987 | AH12: =IF((AG12-AG11<0), "",AG12-AG11) -> 385 | AI12: 228262 | AJ12: =IF((AI12-AI11<0), "",AI12-AI11) -> 21 | AK12: 790884 | AL12: =IF((AK12-AK11<0), "",AK12-AK11) -> 401 | AM12: 1527988 | AN12: =IF((AM12-AM11<0), "",AM12-AM11) -> 618 | AO12: 1616808 | AP12: =IF((AO12-AO11<0), "",AO12-AO11) -> 755 | AR12: 0 | AS12: =IF((AR12-AR11<0), "",AR12-AR11) -> 0 | AT12: 0 | AU12: =IF((AT12-AT11<0), "",AT12-AT11) -> 0 | AV12: 75156 | AW12: =IF((AV12-AV11<0), "",AV12-AV11) -> 47 | AX12: 8491 | AY12: =IF((AX12-AX11<0), "",AX12-AX11) -> 12 | AZ12: 6073400 | BA12: =IF((AZ12-AZ11<0), "",AZ12-AZ11) -> 2501 | BB12: 836713 | BC12: =IF((BB12-BB11<0), "9",BB12-BB11) -> 1123 | BD12: 151 | BE12: 248
A13: 43506 | C13: 22191126 | D13: =IF((C13-C12<0), "",C13-C12) -> 7848 | E13: 23727968 | F13: =IF((E13-E12<0), "",E13-E12) -> 6010 | G13: 9908704 | H13: =IF((G13-G12<0), "",G13-G12) -> 3922 | I13: 1393969 | J13: =IF((I13-I12<0), "",I13-I12) -> 450 | K13: 2827151 | L13: =IF((K13-K12<0), "",K13-K12) -> 869 | M13: 4048863 | N13: =IF((M13-M12<0), "",M13-M12) -> 1426 | O13: 1947363 | P13: =IF((O13-O12<0), "",O13-O12) -> 709 | Q13: 1097304 | R13: =IF((Q13-Q12<0), "",Q13-Q12) -> 352 | S13: 339975 | T13: =IF((S13-S12<0), "",S13-S12) -> 20 | U13: 3711457 | V13: =IF((U13-U12<0), "",U13-U12) -> 957 | W13: 887021 | X13: =IF((W13-W12<0), "",W13-W12) -> 34 | Y13: 3085067 | Z13: =IF((Y13-Y12<0), "",Y13-Y12) -> 1221 | AA13: 1921722 | AB13: =IF((AA13-AA12<0), "",AA13-AA12) -> 3 | AC13: 4535980 | AD13: =IF((AC13-AC12<0), "",AC13-AC12) -> 1448 | AE13: 6475807 | AF13: =IF((AE13-AE12<0), "",AE13-AE12) -> 2015 | AG13: 1160366 | AH13: =IF((AG13-AG12<0), "",AG13-AG12) -> 379 | AI13: 228282 | AJ13: =IF((AI13-AI12<0), "",AI13-AI12) -> 20 | AK13: 791278 | AL13: =IF((AK13-AK12<0), "",AK13-AK12) -> 394 | AM13: 1528608 | AN13: =IF((AM13-AM12<0), "",AM13-AM12) -> 620 | AO13: 1617517 | AP13: =IF((AO13-AO12<0), "",AO13-AO12) -> 709 | AR13: 0 | AS13: =IF((AR13-AR12<0), "",AR13-AR12) -> 0 | AT13: 0 | AU13: =IF((AT13-AT12<0), "",AT13-AT12) -> 0 | AV13: 75196 | AW13: =IF((AV13-AV12<0), "",AV13-AV12) -> 40 | AX13: 8501 | AY13: =IF((AX13-AX12<0), "",AX13-AX12) -> 10 | AZ13: 6075949 | BA13: =IF((AZ13-AZ12<0), "",AZ13-AZ12) -> 2549 | BB13: 837840 | BC13: =IF((BB13-BB12<0), "9",BB13-BB12) -> 1127 | BD13: 142 | BE13: 228
A14: 43507 | C14: 22198928 | D14: =IF((C14-C13<0), "",C14-C13) -> 7802 | E14: 23734109 | F14: =IF((E14-E13<0), "",E14-E13) -> 6141 | G14: 9912482 | H14: =IF((G14-G13<0), "",G14-G13) -> 3778 | I14: 1394408 | J14: =IF((I14-I13<0), "",I14-I13) -> 439 | K14: 2827996 | L14: =IF((K14-K13<0), "",K14-K13) -> 845 | M14: 4050268 | N14: =IF((M14-M13<0), "",M14-M13) -> 1405 | O14: 1948130 | P14: =IF((O14-O13<0), "",O14-O13) -> 767 | Q14: 1097651 | R14: =IF((Q14-Q13<0), "",Q14-Q13) -> 347 | S14: 339989 | T14: =IF((S14-S13<0), "",S14-S13) -> 14 | U14: 3712459 | V14: =IF((U14-U13<0), "",U14-U13) -> 1002 | W14: 887062 | X14: =IF((W14-W13<0), "",W14-W13) -> 41 | Y14: 3086255 | Z14: =IF((Y14-Y13<0), "",Y14-Y13) -> 1188 | AA14: 1921724 | AB14: =IF((AA14-AA13<0), "",AA14-AA13) -> 2 | AC14: 4537404 | AD14: =IF((AC14-AC13<0), "",AC14-AC13) -> 1424 | AE14: 6477791 | AF14: =IF((AE14-AE13<0), "",AE14-AE13) -> 1984 | AG14: 1160737 | AH14: =IF((AG14-AG13<0), "",AG14-AG13) -> 371 | AI14: 228302 | AJ14: =IF((AI14-AI13<0), "",AI14-AI13) -> 20 | AK14: 791667 | AL14: =IF((AK14-AK13<0), "",AK14-AK13) -> 389 | AM14: 1529234 | AN14: =IF((AM14-AM13<0), "",AM14-AM13) -> 626 | AO14: 1618294 | AP14: =IF((AO14-AO13<0), "",AO14-AO13) -> 777 | AS14: =IF((AR14-AR13<0), "",AR14-AR13) -> 0 | AT14: 0 | AV14: 75230 | AW14: =IF((AV14-AV13<0), "",AV14-AV13) -> 34 | AX14: 8523 | AY14: =IF((AX14-AX13<0), "",AX14-AX13) -> 22 | AZ14: 6078671 | BA14: =IF((AZ14-AZ13<0), "",AZ14-AZ13) -> 2722 | BB14: 838925 | BC14: =IF((BB14-BB13<0), "9",BB14-BB13) -> 1085 | BD14: 141 | BE14: 209
A15: 43508 | C15: 22207257 | D15: =IF((C15-C14<0), "",C15-C14) -> 8329 | E15: 23741248 | F15: =IF((E15-E14<0), "",E15-E14) -> 7139 | G15: 9915281 | H15: =IF((G15-G14<0), "",G15-G14) -> 2799 | I15: 1394828 | J15: =IF((I15-I14<0), "",I15-I14) -> 420 | K15: 2828844 | L15: =IF((K15-K14<0), "",K15-K14) -> 848 | M15: 4051725 | N15: =IF((M15-M14<0), "",M15-M14) -> 1457 | O15: 1948827 | P15: =IF((O15-O14<0), "",O15-O14) -> 697 | Q15: 1098007 | R15: =IF((Q15-Q14<0), "",Q15-Q14) -> 356 | S15: 340013 | T15: =IF((S15-S14<0), "",S15-S14) -> 24 | U15: 3713605 | V15: =IF((U15-U14<0), "",U15-U14) -> 1146 | W15: 887206 | X15: =IF((W15-W14<0), "",W15-W14) -> 144 | Y15: 3087591 | Z15: =IF((Y15-Y14<0), "",Y15-Y14) -> 1336 | AA15: 1921726 | AB15: =IF((AA15-AA14<0), "",AA15-AA14) -> 2 | AC15: 4538885 | AD15: =IF((AC15-AC14<0), "",AC15-AC14) -> 1481 | AE15: 6479814 | AF15: =IF((AE15-AE14<0), "",AE15-AE14) -> 2023 | AG15: 1161124 | AH15: =IF((AG15-AG14<0), "",AG15-AG14) -> 387 | AI15: 228332 | AJ15: =IF((AI15-AI14<0), "",AI15-AI14) -> 30 | AK15: 792045 | AL15: =IF((AK15-AK14<0), "",AK15-AK14) -> 378 | AM15: 1529866 | AN15: =IF((AM15-AM14<0), "",AM15-AM14) -> 632 | AO15: 1618986 | AP15: =IF((AO15-AO14<0), "",AO15-AO14) -> 692 | AR15: 0 | AS15: 571 | AT15: 0 | AU15: 896 | AV15: 75265 | AW15: =IF((AV15-AV14<0), "",AV15-AV14) -> 35 | AX15: 8531 | AY15: =IF((AX15-AX14<0), "",AX15-AX14) -> 8 | AZ15: 6081071 | BA15: =IF((AZ15-AZ14<0), "",AZ15-AZ14) -> 2400 | BB15: 839786 | BC15: =IF((BB15-BB14<0), "9",BB15-BB14) -> 861 | BD15: 142 | BE15: 202
A16: 43509 | C16: 22216203 | D16: =IF((C16-C15<0), "",C16-C15) -> 8946 | E16: 23747984 | F16: =IF((E16-E15<0), "",E16-E15) -> 6736 | G16: 9919007 | H16: =IF((G16-G15<0), "",G16-G15) -> 3726 | I16: 1395270 | J16: =IF((I16-I15<0), "",I16-I15) -> 442 | K16: 2829759 | L16: =IF((K16-K15<0), "",K16-K15) -> 915 | M16: 4053411 | N16: =IF((M16-M15<0), "",M16-M15) -> 1686 | O16: 1949507 | P16: =IF((O16-O15<0), "",O16-O15) -> 680 | Q16: 1098380 | R16: =IF((Q16-Q15<0), "",Q16-Q15) -> 373 | S16: 340042 | T16: =IF((S16-S15<0), "",S16-S15) -> 29 | U16: 3714766 | V16: =IF((U16-U15<0), "",U16-U15) -> 1161 | W16: 887404 | X16: =IF((W16-W15<0), "",W16-W15) -> 198 | Y16: 3089025 | Z16: =IF((Y16-Y15<0), "",Y16-Y15) -> 1434 | AA16: 1921728 | AB16: =IF((AA16-AA15<0), "",AA16-AA15) -> 2 | AC16: 4540446 | AD16: =IF((AC16-AC15<0), "",AC16-AC15) -> 1561 | AE16: 6481942 | AF16: =IF((AE16-AE15<0), "",AE16-AE15) -> 2128 | AG16: 1161534 | AH16: =IF((AG16-AG15<0), "",AG16-AG15) -> 410 | AI16: 228344 | AJ16: =IF((AI16-AI15<0), "",AI16-AI15) -> 12 | AK16: 792440 | AL16: =IF((AK16-AK15<0), "",AK16-AK15) -> 395 | AM16: 1530503 | AN16: =IF((AM16-AM15<0), "",AM16-AM15) -> 637 | AO16: 1619721 | AP16: =IF((AO16-AO15<0), "",AO16-AO15) -> 735 | AR16: 0 | AS16: =IF((AR16-AR15<0), "",AR16-AR15) -> 0 | AT16: 0 | AU16: =IF((AT16-AT15<0), "",AT16-AT15) -> 0 | AV16: 75299 | AW16: =IF((AV16-AV15<0), "",AV16-AV15) -> 34 | AX16: 8539 | AY16: =IF((AX16-AX15<0), "",AX16-AX15) -> 8 | AZ16: 6083403 | BA16: =IF((AZ16-AZ15<0), "",AZ16-AZ15) -> 2332 | BB16: 840746 | BC16: =IF((BB16-BB15<0), "9",BB16-BB15) -> 960 | BD16: 130 | BE16: 169
A17: 43510 | C17: 22224062 | D17: =IF((C17-C16<0), "",C17-C16) -> 7859 | E17: 23754129 | F17: =IF((E17-E16<0), "",E17-E16) -> 6145 | G17: 9922212 | H17: =IF((G17-G16<0), "",G17-G16) -> 3205 | I17: 1395647 | J17: =IF((I17-I16<0), "",I17-I16) -> 377 | K17: 2830611 | L17: =IF((K17-K16<0), "",K17-K16) -> 852 | M17: 4054855 | N17: =IF((M17-M16<0), "",M17-M16) -> 1444 | O17: 1950101 | P17: =IF((O17-O16<0), "",O17-O16) -> 594 | Q17: 1098720 | R17: =IF((Q17-Q16<0), "",Q17-Q16) -> 340 | S17: 340066 | T17: =IF((S17-S16<0), "",S17-S16) -> 24 | U17: 3715806 | V17: =IF((U17-U16<0), "",U17-U16) -> 1040 | W17: 887580 | X17: =IF((W17-W16<0), "",W17-W16) -> 176 | Y17: 3090254 | Z17: =IF((Y17-Y16<0), "",Y17-Y16) -> 1229 | AA17: 1921731 | AB17: =IF((AA17-AA16<0), "",AA17-AA16) -> 3 | AC17: 4541864 | AD17: =IF((AC17-AC16<0), "",AC17-AC16) -> 1418 | AE17: 6483881 | AF17: =IF((AE17-AE16<0), "",AE17-AE16) -> 1939 | AG17: 1161906 | AH17: =IF((AG17-AG16<0), "",AG17-AG16) -> 372 | AI17: 228364 | AJ17: =IF((AI17-AI16<0), "",AI17-AI16) -> 20 | AK17: 792786 | AL17: =IF((AK17-AK16<0), "",AK17-AK16) -> 346 | AM17: 1531095 | AN17: =IF((AM17-AM16<0), "",AM17-AM16) -> 592 | AO17: 1620386 | AP17: =IF((AO17-AO16<0), "",AO17-AO16) -> 665 | AR17: 0 | AS17: =IF((AR17-AR16<0), "",AR17-AR16) -> 0 | AT17: 0 | AU17: =IF((AT17-AT16<0), "",AT17-AT16) -> 0 | AV17: 75334 | AW17: =IF((AV17-AV16<0), "",AV17-AV16) -> 35 | AX17: 8549 | AY17: =IF((AX17-AX16<0), "",AX17-AX16) -> 10 | AZ17: 6085639 | BA17: =IF((AZ17-AZ16<0), "",AZ17-AZ16) -> 2236 | BB17: 841642 | BC17: =IF((BB17-BB16<0), "9",BB17-BB16) -> 896 | BD17: 139 | BE17: 200
A18: 43511 | C18: 22232409 | D18: =IF((C18-C17<0), "",C18-C17) -> 8347 | E18: 23760334 | F18: =IF((E18-E17<0), "",E18-E17) -> 6205 | G18: 9925964 | H18: =IF((G18-G17<0), "",G18-G17) -> 3752 | I18: 1396100 | J18: =IF((I18-I17<0), "",I18-I17) -> 453 | K18: 2831502 | L18: =IF((K18-K17<0), "",K18-K17) -> 891 | M18: 4056291 | N18: =IF((M18-M17<0), "",M18-M17) -> 1436 | O18: 1950776 | P18: =IF((O18-O17<0), "",O18-O17) -> 675 | Q18: 1099081 | R18: =IF((Q18-Q17<0), "",Q18-Q17) -> 361 | S18: 340098 | T18: =IF((S18-S17<0), "",S18-S17) -> 32 | U18: 3716832 | V18: =IF((U18-U17<0), "",U18-U17) -> 1026 | W18: 887770 | X18: =IF((W18-W17<0), "",W18-W17) -> 190 | Y18: 3091687 | Z18: =IF((Y18-Y17<0), "",Y18-Y17) -> 1433 | AA18: 1921733 | AB18: =IF((AA18-AA17<0), "",AA18-AA17) -> 2 | AC18: 4543354 | AD18: =IF((AC18-AC17<0), "",AC18-AC17) -> 1490 | AE18: 6485917 | AF18: =IF((AE18-AE17<0), "",AE18-AE17) -> 2036 | AG18: 1162298 | AH18: =IF((AG18-AG17<0), "",AG18-AG17) -> 392 | AI18: 228386 | AJ18: =IF((AI18-AI17<0), "",AI18-AI17) -> 22 | AK18: 793163 | AL18: =IF((AK18-AK17<0), "",AK18-AK17) -> 377 | AM18: 1531714 | AN18: =IF((AM18-AM17<0), "",AM18-AM17) -> 619 | AO18: 1621110 | AP18: =IF((AO18-AO17<0), "",AO18-AO17) -> 724 | AR18: 0 | AS18: =IF((AR18-AR17<0), "",AR18-AR17) -> 0 | AT18: 0 | AU18: =IF((AT18-AT17<0), "",AT18-AT17) -> 0 | AV18: 75374 | AW18: =IF((AV18-AV17<0), "",AV18-AV17) -> 40 | AX18: 8561 | AY18: =IF((AX18-AX17<0), "",AX18-AX17) -> 12 | AZ18: 6087963 | BA18: =IF((AZ18-AZ17<0), "",AZ18-AZ17) -> 2324 | BB18: 842694 | BC18: =IF((BB18-BB17<0), "9",BB18-BB17) -> 1052 | BD18: 153 | BE18: 230
A19: 43512 | C19: 22240783 | D19: =IF((C19-C18<0), "",C19-C18) -> 8374 | E19: 23766359 | F19: =IF((E19-E18<0), "",E19-E18) -> 6025 | G19: 9929810 | H19: =IF((G19-G18<0), "",G19-G18) -> 3846 | I19: 1396542 | J19: =IF((I19-I18<0), "",I19-I18) -> 442 | K19: 2832357 | L19: =IF((K19-K18<0), "",K19-K18) -> 855 | M19: 4057755 | N19: =IF((M19-M18<0), "",M19-M18) -> 1464 | O19: 1951454 | P19: =IF((O19-O18<0), "",O19-O18) -> 678 | Q19: 1099434 | R19: =IF((Q19-Q18<0), "",Q19-Q18) -> 353 | S19: 340132 | T19: =IF((S19-S18<0), "",S19-S18) -> 34 | U19: 3717916 | V19: =IF((U19-U18<0), "",U19-U18) -> 1084 | W19: 887909 | X19: =IF((W19-W18<0), "",W19-W18) -> 139 | Y19: 3093160 | Z19: =IF((Y19-Y18<0), "",Y19-Y18) -> 1473 | AA19: 1921735 | AB19: =IF((AA19-AA18<0), "",AA19-AA18) -> 2 | AC19: 4544827 | AD19: =IF((AC19-AC18<0), "",AC19-AC18) -> 1473 | AE19: 6487941 | AF19: =IF((AE19-AE18<0), "",AE19-AE18) -> 2024 | AG19: 1162684 | AH19: =IF((AG19-AG18<0), "",AG19-AG18) -> 386 | AI19: 228405 | AJ19: =IF((AI19-AI18<0), "",AI19-AI18) -> 19 | AK19: 793627 | AL19: =IF((AK19-AK18<0), "",AK19-AK18) -> 464 | AM19: 1532324 | AN19: =IF((AM19-AM18<0), "",AM19-AM18) -> 610 | AO19: 1621784 | AP19: =IF((AO19-AO18<0), "",AO19-AO18) -> 674 | AR19: 0 | AS19: 0 | AT19: 0 | AU19: =IF((AT19-AT18<0), "",AT19-AT18) -> 0 | AV19: 75406 | AW19: =IF((AV19-AV18<0), "",AV19-AV18) -> 32 | AX19: 8569 | AY19: =IF((AX19-AX18<0), "",AX19-AX18) -> 8 | AZ19: 6090162 | BA19: =IF((AZ19-AZ18<0), "",AZ19-AZ18) -> 2199 | BB19: 843780 | BC19: =IF((BB19-BB18<0), "9",BB19-BB18) -> 1086 | BD19: 159 | BE19: 227
A20: 43513 | C20: 22248987 | D20: =IF((C20-C19<0), "",C20-C19) -> 8204 | E20: 23772346 | F20: =IF((E20-E19<0), "",E20-E19) -> 5987 | G20: 9933665 | H20: =IF((G20-G19<0), "",G20-G19) -> 3855 | I20: 1397011 | J20: =IF((I20-I19<0), "",I20-I19) -> 469 | K20: 2833201 | L20: =IF((K20-K19<0), "",K20-K19) -> 844 | M20: 4059122 | N20: =IF((M20-M19<0), "",M20-M19) -> 1367 | O20: 1952171 | P20: =IF((O20-O19<0), "",O20-O19) -> 717 | Q20: 1099790 | R20: =IF((Q20-Q19<0), "",Q20-Q19) -> 356 | S20: 340166 | T20: =IF((S20-S19<0), "",S20-S19) -> 34 | U20: 3718954 | V20: =IF((U20-U19<0), "",U20-U19) -> 1038 | W20: 888023 | X20: =IF((W20-W19<0), "",W20-W19) -> 114 | Y20: 3094631 | Z20: =IF((Y20-Y19<0), "",Y20-Y19) -> 1471 | AA20: 1921737 | AB20: =IF((AA20-AA19<0), "",AA20-AA19) -> 2 | AC20: 4546281 | AD20: =IF((AC20-AC19<0), "",AC20-AC19) -> 1454 | AE20: 6489945 | AF20: =IF((AE20-AE19<0), "",AE20-AE19) -> 2004 | AG20: 1163066 | AH20: =IF((AG20-AG19<0), "",AG20-AG19) -> 382 | AI20: 228426 | AJ20: =IF((AI20-AI19<0), "",AI20-AI19) -> 21 | AK20: 793903 | AL20: =IF((AK20-AK19<0), "",AK20-AK19) -> 276 | AM20: 1532928 | AN20: =IF((AM20-AM19<0), "",AM20-AM19) -> 604 | AO20: 1622510 | AP20: =IF((AO20-AO19<0), "",AO20-AO19) -> 726 | AR20: 0 | AS20: 0 | AT20: 0 | AU20: =IF((AT20-AT19<0), "",AT20-AT19) -> 0 | AV20: 75444 | AW20: =IF((AV20-AV19<0), "",AV20-AV19) -> 38 | AX20: 8580 | AY20: =IF((AX20-AX19<0), "",AX20-AX19) -> 11 | AZ20: 6092041 | BA20: =IF((AZ20-AZ19<0), "",AZ20-AZ19) -> 1879 | BB20: 844869 | BC20: =IF((BB20-BB19<0), "9",BB20-BB19) -> 1089 | BD20: 161 | BE20: 204
A21: 43514 | C21: 22257540 | D21: =IF((C21-C20<0), "",C21-C20) -> 8553 | E21: 23778368 | F21: =IF((E21-E20<0), "",E21-E20) -> 6022 | G21: 9937442 | H21: =IF((G21-G20<0), "",G21-G20) -> 3777 | I21: 1397486 | J21: =IF((I21-I20<0), "",I21-I20) -> 475 | K21: 2834061 | L21: =IF((K21-K20<0), "",K21-K20) -> 860 | M21: 4060577 | N21: =IF((M21-M20<0), "",M21-M20) -> 1455 | O21: 1952901 | P21: =IF((O21-O20<0), "",O21-O20) -> 730 | Q21: 1100142 | R21: =IF((Q21-Q20<0), "",Q21-Q20) -> 352 | S21: 340203 | T21: =IF((S21-S20<0), "",S21-S20) -> 37 | U21: 3720104 | V21: =IF((U21-U20<0), "",U21-U20) -> 1150 | W21: 888219 | X21: =IF((W21-W20<0), "",W21-W20) -> 196 | Y21: 3096180 | Z21: =IF((Y21-Y20<0), "",Y21-Y20) -> 1549 | AA21: 1921740 | AB21: =IF((AA21-AA20<0), "",AA21-AA20) -> 3 | AC21: 4547745 | AD21: =IF((AC21-AC20<0), "",AC21-AC20) -> 1464 | AE21: 6491963 | AF21: =IF((AE21-AE20<0), "",AE21-AE20) -> 2018 | AG21: 1163451 | AH21: =IF((AG21-AG20<0), "",AG21-AG20) -> 385 | AI21: 228446 | AJ21: =IF((AI21-AI20<0), "",AI21-AI20) -> 20 | AK21: 794285 | AL21: =IF((AK21-AK20<0), "",AK21-AK20) -> 382 | AM21: 1533525 | AN21: =IF((AM21-AM20<0), "",AM21-AM20) -> 597 | AO21: 1623145 | AP21: =IF((AO21-AO20<0), "",AO21-AO20) -> 635 | AR21: 0 | AS21: 0 | AT21: 0 | AU21: =IF((AT21-AT20<0), "",AT21-AT20) -> 0 | AV21: 75479 | AW21: =IF((AV21-AV20<0), "",AV21-AV20) -> 35 | AX21: 8587 | AY21: =IF((AX21-AX20<0), "",AX21-AX20) -> 7 | AZ21: 6094558 | BA21: =IF((AZ21-AZ20<0), "",AZ21-AZ20) -> 2517 | BB21: 845949 | BC21: =IF((BB21-BB20<0), "9",BB21-BB20) -> 1080 | BD21: 155 | BE21: 192
A22: 43515 | C22: 22265927 | D22: =IF((C22-C21<0), "",C22-C21) -> 8387 | E22: 23784550 | F22: =IF((E22-E21<0), "",E22-E21) -> 6182 | G22: 9941213 | H22: =IF((G22-G21<0), "",G22-G21) -> 3771 | I22: 1397895 | J22: =IF((I22-I21<0), "",I22-I21) -> 409 | K22: 2834921 | L22: =IF((K22-K21<0), "",K22-K21) -> 860 | M22: 4062042 | N22: =IF((M22-M21<0), "",M22-M21) -> 1465 | O22: 1953558 | P22: =IF((O22-O21<0), "",O22-O21) -> 657 | Q22: 1100496 | R22: =IF((Q22-Q21<0), "",Q22-Q21) -> 354 | S22: 340229 | T22: =IF((S22-S21<0), "",S22-S21) -> 26 | U22: 3721275 | V22: =IF((U22-U21<0), "",U22-U21) -> 1171 | W22: 888421 | X22: =IF((W22-W21<0), "",W22-W21) -> 202 | Y22: 3097586 | Z22: =IF((Y22-Y21<0), "",Y22-Y21) -> 1406 | AA22: 1921742 | AB22: =IF((AA22-AA21<0), "",AA22-AA21) -> 2 | AC22: 4549209 | AD22: =IF((AC22-AC21<0), "",AC22-AC21) -> 1464 | AE22: 6493979 | AF22: =IF((AE22-AE21<0), "",AE22-AE21) -> 2016 | AG22: 1163833 | AH22: =IF((AG22-AG21<0), "",AG22-AG21) -> 382 | AI22: 228466 | AJ22: =IF((AI22-AI21<0), "",AI22-AI21) -> 20 | AK22: 794651 | AL22: =IF((AK22-AK21<0), "",AK22-AK21) -> 366 | AM22: 1534150 | AN22: =IF((AM22-AM21<0), "",AM22-AM21) -> 625 | AO22: 1623778 | AP22: =IF((AO22-AO21<0), "",AO22-AO21) -> 633 | AR22: 0 | AS22: =IF((AR22-AR21<0), "",AR22-AR21) -> 0 | AT22: 0 | AU22: =IF((AT22-AT21<0), "",AT22-AT21) -> 0 | AV22: 75508 | AW22: =IF((AV22-AV21<0), "",AV22-AV21) -> 29 | AX22: 8594 | AY22: =IF((AX22-AX21<0), "",AX22-AX21) -> 7 | AZ22: 6096956 | BA22: =IF((AZ22-AZ21<0), "",AZ22-AZ21) -> 2398 | BB22: 847023 | BC22: =IF((BB22-BB21<0), "9",BB22-BB21) -> 1074 | BD22: 140 | BE22: 174
A23: 43516 | C23: 22274268 | D23: =IF((C23-C22<0), "",C23-C22) -> 8341 | E23: 23790523 | F23: =IF((E23-E22<0), "",E23-E22) -> 5973 | G23: 9944991 | H23: =IF((G23-G22<0), "",G23-G22) -> 3778 | I23: 1398296 | J23: =IF((I23-I22<0), "",I23-I22) -> 401 | K23: 2835755 | L23: =IF((K23-K22<0), "",K23-K22) -> 834 | M23: 4063558 | N23: =IF((M23-M22<0), "",M23-M22) -> 1516 | O23: 1954214 | P23: =IF((O23-O22<0), "",O23-O22) -> 656 | Q23: 1100847 | R23: =IF((Q23-Q22<0), "",Q23-Q22) -> 351 | S23: 340253 | T23: =IF((S23-S22<0), "",S23-S22) -> 24 | U23: 3722412 | V23: =IF((U23-U22<0), "",U23-U22) -> 1137 | W23: 888580 | X23: =IF((W23-W22<0), "",W23-W22) -> 159 | Y23: 3099042 | Z23: =IF((Y23-Y22<0), "",Y23-Y22) -> 1456 | AA23: 1921744 | AB23: =IF((AA23-AA22<0), "",AA23-AA22) -> 2 | AC23: 4550674 | AD23: =IF((AC23-AC22<0), "",AC23-AC22) -> 1465 | AE23: 6495981 | AF23: =IF((AE23-AE22<0), "",AE23-AE22) -> 2002 | AG23: 1164220 | AH23: =IF((AG23-AG22<0), "",AG23-AG22) -> 387 | AI23: 228487 | AJ23: =IF((AI23-AI22<0), "",AI23-AI22) -> 21 | AK23: 795008 | AL23: =IF((AK23-AK22<0), "",AK23-AK22) -> 357 | AM23: 1534771 | AN23: =IF((AM23-AM22<0), "",AM23-AM22) -> 621 | AO23: 1624439 | AP23: =IF((AO23-AO22<0), "",AO23-AO22) -> 661 | AR23: 0 | AS23: 388 | AT23: 0 | AU23: 1493.6 | AV23: 75538 | AW23: =IF((AV23-AV22<0), "",AV23-AV22) -> 30 | AX23: 8603 | AY23: =IF((AX23-AX22<0), "",AX23-AX22) -> 9 | AZ23: 6099269 | BA23: =IF((AZ23-AZ22<0), "",AZ23-AZ22) -> 2313 | BB23: 848097 | BC23: =IF((BB23-BB22<0), "9",BB23-BB22) -> 1074 | BD23: 141 | BE23: 178
A24: 43517 | C24: 22283138 | D24: =IF((C24-C23<0), "",C24-C23) -> 8870 | E24: 23796771 | F24: =IF((E24-E23<0), "",E24-E23) -> 6248 | G24: 9949169 | H24: =IF((G24-G23<0), "",G24-G23) -> 4178 | I24: 1398724 | J24: =IF((I24-I23<0), "",I24-I23) -> 428 | K24: 2836651 | L24: =IF((K24-K23<0), "",K24-K23) -> 896 | M24: 4065185 | N24: =IF((M24-M23<0), "",M24-M23) -> 1627 | O24: 1954929 | P24: =IF((O24-O23<0), "",O24-O23) -> 715 | Q24: 1101227 | R24: =IF((Q24-Q23<0), "",Q24-Q23) -> 380 | S24: 340283 | T24: =IF((S24-S23<0), "",S24-S23) -> 30 | U24: 3723634 | V24: =IF((U24-U23<0), "",U24-U23) -> 1222 | W24: 888784 | X24: =IF((W24-W23<0), "",W24-W23) -> 204 | Y24: 3100477 | Z24: =IF((Y24-Y23<0), "",Y24-Y23) -> 1435 | AA24: 1921851 | AB24: =IF((AA24-AA23<0), "",AA24-AA23) -> 107 | AC24: 4552238 | AD24: =IF((AC24-AC23<0), "",AC24-AC23) -> 1564 | AE24: 6498096 | AF24: =IF((AE24-AE23<0), "",AE24-AE23) -> 2115 | AG24: 1164628 | AH24: =IF((AG24-AG23<0), "",AG24-AG23) -> 408 | AI24: 228508 | AJ24: =IF((AI24-AI23<0), "",AI24-AI23) -> 21 | AK24: 795388 | AL24: =IF((AK24-AK23<0), "",AK24-AK23) -> 380 | AM24: 1535420 | AN24: =IF((AM24-AM23<0), "",AM24-AM23) -> 649 | AO24: 1625056 | AP24: =IF((AO24-AO23<0), "",AO24-AO23) -> 617 | AR24: 0 | AS24: =IF((AR24-AR23<0), "",AR24-AR23) -> 0 | AT24: 0 | AU24: =IF((AT24-AT23<0), "",AT24-AT23) -> 0 | AV24: 75574 | AW24: =IF((AV24-AV23<0), "",AV24-AV23) -> 36 | AX24: 8608 | AY24: =IF((AX24-AX23<0), "",AX24-AX23) -> 5 | AZ24: 6101594 | BA24: =IF((AZ24-AZ23<0), "",AZ24-AZ23) -> 2325 | BB24: 849282 | BC24: =IF((BB24-BB23<0), "9",BB24-BB23) -> 1185 | BD24: 104 | BE24: 147
A25: 43518 | C25: 22291010 | D25: =IF((C25-C24<0), "",C25-C24) -> 7872 | E25: 23802218 | F25: =IF((E25-E24<0), "",E25-E24) -> 5447 | G25: 9952756 | H25: =IF((G25-G24<0), "",G25-G24) -> 3587 | I25: 1399076 | J25: =IF((I25-I24<0), "",I25-I24) -> 352 | K25: 2837451 | L25: =IF((K25-K24<0), "",K25-K24) -> 800 | M25: 4066555 | N25: =IF((M25-M24<0), "",M25-M24) -> 1370 | O25: 1955564 | P25: =IF((O25-O24<0), "",O25-O24) -> 635 | Q25: 1101565 | R25: =IF((Q25-Q24<0), "",Q25-Q24) -> 338 | S25: 340311 | T25: =IF((S25-S24<0), "",S25-S24) -> 28 | U25: 3724741 | V25: =IF((U25-U24<0), "",U25-U24) -> 1107 | W25: 888956 | X25: =IF((W25-W24<0), "",W25-W24) -> 172 | Y25: 3101809 | Z25: =IF((Y25-Y24<0), "",Y25-Y24) -> 1332 | AA25: 1921853 | AB25: =IF((AA25-AA24<0), "",AA25-AA24) -> 2 | AC25: 4553646 | AD25: =IF((AC25-AC24<0), "",AC25-AC24) -> 1408 | AE25: 6500023 | AF25: =IF((AE25-AE24<0), "",AE25-AE24) -> 1927 | AG25: 1164995 | AH25: =IF((AG25-AG24<0), "",AG25-AG24) -> 367 | AI25: 228528 | AJ25: =IF((AI25-AI24<0), "",AI25-AI24) -> 20 | AK25: 795707 | AL25: =IF((AK25-AK24<0), "",AK25-AK24) -> 319 | AM25: 1535997 | AN25: =IF((AM25-AM24<0), "",AM25-AM24) -> 577 | AO25: 1625572 | AP25: =IF((AO25-AO24<0), "",AO25-AO24) -> 516 | AR25: 0 | AS25: =IF((AR25-AR24<0), "",AR25-AR24) -> 0 | AT25: 0 | AU25: =IF((AT25-AT24<0), "",AT25-AT24) -> 0 | AV25: 75594 | AW25: =IF((AV25-AV24<0), "",AV25-AV24) -> 20 | AX25: 8614 | AY25: =IF((AX25-AX24<0), "",AX25-AX24) -> 6 | AZ25: 6103537 | BA25: =IF((AZ25-AZ24<0), "",AZ25-AZ24) -> 1943 | BB25: 850289 | BC25: =IF((BB25-BB24<0), "9",BB25-BB24) -> 1007 | BD25: 104 | BE25: 162
A26: 43519 | C26: 22298860 | D26: =IF((C26-C25<0), "",C26-C25) -> 7850 | E26: 23807774 | F26: =IF((E26-E25<0), "",E26-E25) -> 5556 | G26: 9956538 | H26: =IF((G26-G25<0), "",G26-G25) -> 3782 | I26: 1399466 | J26: =IF((I26-I25<0), "",I26-I25) -> 390 | K26: 2838268 | L26: =IF((K26-K25<0), "",K26-K25) -> 817 | M26: 4068043 | N26: =IF((M26-M25<0), "",M26-M25) -> 1488 | O26: 1956274 | P26: =IF((O26-O25<0), "",O26-O25) -> 710 | Q26: 1101910 | R26: =IF((Q26-Q25<0), "",Q26-Q25) -> 345 | S26: 340342 | T26: =IF((S26-S25<0), "",S26-S25) -> 31 | U26: 3725785 | V26: =IF((U26-U25<0), "",U26-U25) -> 1044 | W26: 889010 | X26: =IF((W26-W25<0), "",W26-W25) -> 54 | Y26: 3103071 | Z26: =IF((Y26-Y25<0), "",Y26-Y25) -> 1262 | AA26: 1921855 | AB26: =IF((AA26-AA25<0), "",AA26-AA25) -> 2 | AC26: 4555099 | AD26: =IF((AC26-AC25<0), "",AC26-AC25) -> 1453 | AE26: 6502004 | AF26: =IF((AE26-AE25<0), "",AE26-AE25) -> 1981 | AG26: 1165375 | AH26: =IF((AG26-AG25<0), "",AG26-AG25) -> 380 | AI26: 228548 | AJ26: =IF((AI26-AI25<0), "",AI26-AI25) -> 20 | AK26: 796050 | AL26: =IF((AK26-AK25<0), "",AK26-AK25) -> 343 | AM26: 1536593 | AN26: =IF((AM26-AM25<0), "",AM26-AM25) -> 596 | AO26: 1626081 | AP26: =IF((AO26-AO25<0), "",AO26-AO25) -> 509 | AR26: 0 | AS26: =IF((AR26-AR25<0), "",AR26-AR25) -> 0 | AT26: 0 | AU26: =IF((AT26-AT25<0), "",AT26-AT25) -> 0 | AV26: 75625 | AW26: =IF((AV26-AV25<0), "",AV26-AV25) -> 31 | AX26: 8623 | AY26: =IF((AX26-AX25<0), "",AX26-AX25) -> 9 | AZ26: 6105553 | BA26: =IF((AZ26-AZ25<0), "",AZ26-AZ25) -> 2016 | BB26: 851345 | BC26: =IF((BB26-BB25<0), "9",BB26-BB25) -> 1056 | BD26: 108 | BE26: 165
A27: 43520 | C27: 22307392 | D27: =IF((C27-C26<0), "",C27-C26) -> 8532 | E27: 23813289 | F27: =IF((E27-E26<0), "",E27-E26) -> 5515 | G27: 9960360 | H27: =IF((G27-G26<0), "",G27-G26) -> 3822 | I27: 1399880 | J27: =IF((I27-I26<0), "",I27-I26) -> 414 | K27: 2839111 | L27: =IF((K27-K26<0), "",K27-K26) -> 843 | M27: 4069718 | N27: =IF((M27-M26<0), "",M27-M26) -> 1675 | O27: 1956952 | P27: =IF((O27-O26<0), "",O27-O26) -> 678 | Q27: 1102259 | R27: =IF((Q27-Q26<0), "",Q27-Q26) -> 349 | S27: 340382 | T27: =IF((S27-S26<0), "",S27-S26) -> 40 | U27: 3726997 | V27: =IF((U27-U26<0), "",U27-U26) -> 1212 | W27: 889234 | X27: =IF((W27-W26<0), "",W27-W26) -> 224 | Y27: 3104434 | Z27: =IF((Y27-Y26<0), "",Y27-Y26) -> 1363 | AA27: 1921858 | AB27: =IF((AA27-AA26<0), "",AA27-AA26) -> 3 | AC27: 4556573 | AD27: =IF((AC27-AC26<0), "",AC27-AC26) -> 1474 | AE27: 6504017 | AF27: =IF((AE27-AE26<0), "",AE27-AE26) -> 2013 | AG27: 1165758 | AH27: =IF((AG27-AG26<0), "",AG27-AG26) -> 383 | AI27: 228569 | AJ27: =IF((AI27-AI26<0), "",AI27-AI26) -> 21 | AK27: 796402 | AL27: =IF((AK27-AK26<0), "",AK27-AK26) -> 352 | AM27: 1537189 | AN27: =IF((AM27-AM26<0), "",AM27-AM26) -> 596 | AO27: 1626577 | AP27: =IF((AO27-AO26<0), "",AO27-AO26) -> 496 | AR27: 0 | AS27: =IF((AR27-AR26<0), "",AR27-AR26) -> 0 | AT27: 0 | AU27: =IF((AT27-AT26<0), "",AT27-AT26) -> 0 | AV27: 75653 | AW27: =IF((AV27-AV26<0), "",AV27-AV26) -> 28 | AX27: 8629 | AY27: =IF((AX27-AX26<0), "",AX27-AX26) -> 6 | AZ27: 6107424 | BA27: =IF((AZ27-AZ26<0), "",AZ27-AZ26) -> 1871 | BB27: 852418 | BC27: =IF((BB27-BB26<0), "9",BB27-BB26) -> 1073 | BD27: 122 | BE27: 160
A28: 43521 | C28: 22315642 | D28: =IF((C28-C27<0), "",C28-C27) -> 8250 | E28: 23819078 | F28: =IF((E28-E27<0), "",E28-E27) -> 5789 | G28: 9964314 | H28: =IF((G28-G27<0), "",G28-G27) -> 3954 | I28: 1400478 | J28: =IF((I28-I27<0), "",I28-I27) -> 598 | K28: 2839974 | L28: =IF((K28-K27<0), "",K28-K27) -> 863 | M28: 4071274 | N28: =IF((M28-M27<0), "",M28-M27) -> 1556 | O28: 1957666 | P28: =IF((O28-O27<0), "",O28-O27) -> 714 | Q28: 1102618 | R28: =IF((Q28-Q27<0), "",Q28-Q27) -> 359 | S28: 340416 | T28: =IF((S28-S27<0), "",S28-S27) -> 34 | U28: 3728095 | V28: =IF((U28-U27<0), "",U28-U27) -> 1098 | W28: 889364 | X28: =IF((W28-W27<0), "",W28-W27) -> 130 | Y28: 3105806 | Z28: =IF((Y28-Y27<0), "",Y28-Y27) -> 1372 | AA28: 1921860 | AB28: =IF((AA28-AA27<0), "",AA28-AA27) -> 2 | AC28: 4558072 | AD28: =IF((AC28-AC27<0), "",AC28-AC27) -> 1499 | AE28: 6506056 | AF28: =IF((AE28-AE27<0), "",AE28-AE27) -> 2039 | AG28: 1166148 | AH28: =IF((AG28-AG27<0), "",AG28-AG27) -> 390 | AI28: 228590 | AJ28: =IF((AI28-AI27<0), "",AI28-AI27) -> 21 | AK28: 796768 | AL28: =IF((AK28-AK27<0), "",AK28-AK27) -> 366 | AM28: 1537794 | AN28: =IF((AM28-AM27<0), "",AM28-AM27) -> 605 | AO28: 1627191 | AP28: =IF((AO28-AO27<0), "",AO28-AO27) -> 614 | AR28: 0 | AS28: =IF((AR28-AR27<0), "",AR28-AR27) -> 0 | AT28: 0 | AU28: =IF((AT28-AT27<0), "",AT28-AT27) -> 0 | AV28: 75682 | AW28: =IF((AV28-AV27<0), "",AV28-AV27) -> 29 | AX28: 8639 | AY28: =IF((AX28-AX27<0), "",AX28-AX27) -> 10 | AZ28: 6109511 | BA28: =IF((AZ28-AZ27<0), "",AZ28-AZ27) -> 2087 | BB28: 853524 | BC28: =IF((BB28-BB27<0), "9",BB28-BB27) -> 1106 | BD28: 163 | BE28: 207
A29: 43522 | C29: 22324606 | D29: =IF((C29-C28<0), "",C29-C28) -> 8964 | E29: 23824873 | F29: =IF((E29-E28<0), "",E29-E28) -> 5795 | G29: 9968145 | H29: =IF((G29-G28<0), "",G29-G28) -> 3831 | I29: 1400734 | J29: =IF((I29-I28<0), "",I29-I28) -> 256 | K29: 2840804 | L29: =IF((K29-K28<0), "",K29-K28) -> 830 | M29: 4072978 | N29: =IF((M29-M28<0), "",M29-M28) -> 1704 | O29: 1958393 | P29: =IF((O29-O28<0), "",O29-O28) -> 727 | Q29: 1102968 | R29: =IF((Q29-Q28<0), "",Q29-Q28) -> 350 | S29: 340462 | T29: =IF((S29-S28<0), "",S29-S28) -> 46 | U29: 3729351 | V29: =IF((U29-U28<0), "",U29-U28) -> 1256 | W29: 889642 | X29: =IF((W29-W28<0), "",W29-W28) -> 278 | Y29: 3107412 | Z29: =IF((Y29-Y28<0), "",Y29-Y28) -> 1606 | AA29: 1921862 | AB29: =IF((AA29-AA28<0), "",AA29-AA28) -> 2 | AC29: 4559558 | AD29: =IF((AC29-AC28<0), "",AC29-AC28) -> 1486 | AE29: 6507976 | AF29: =IF((AE29-AE28<0), "",AE29-AE28) -> 1920 | AG29: 1166529 | AH29: =IF((AG29-AG28<0), "",AG29-AG28) -> 381 | AI29: 228610 | AJ29: =IF((AI29-AI28<0), "",AI29-AI28) -> 20 | AK29: 797139 | AL29: =IF((AK29-AK28<0), "",AK29-AK28) -> 371 | AM29: 1538391 | AN29: =IF((AM29-AM28<0), "",AM29-AM28) -> 597 | AO29: 1627788 | AP29: =IF((AO29-AO28<0), "",AO29-AO28) -> 597 | AR29: 0 | AS29: =IF((AR29-AR28<0), "",AR29-AR28) -> 0 | AT29: 0 | AU29: =IF((AT29-AT28<0), "",AT29-AT28) -> 0 | AV29: 75702 | AW29: =IF((AV29-AV28<0), "",AV29-AV28) -> 20 | AX29: 8644 | AY29: =IF((AX29-AX28<0), "",AX29-AX28) -> 5 | AZ29: 6111493 | BA29: =IF((AZ29-AZ28<0), "",AZ29-AZ28) -> 1982 | BB29: 854598 | BC29: =IF((BB29-BB28<0), "9",BB29-BB28) -> 1074 | BD29: 165 | BE29: 218
A30: 43523 | C30: 22333540 | D30: =IF((C30-C29<0), "",C30-C29) -> 8934 | E30: 23837512 | F30: =IF((E30-E29<0), "",E30-E29) -> 12639 | G30: 9971857 | H30: =IF((G30-G29<0), "",G30-G29) -> 3712 | I30: 1401131 | J30: =IF((I30-I29<0), "",I30-I29) -> 397 | K30: 2841647 | L30: =IF((K30-K29<0), "",K30-K29) -> 843 | M30: 4074507 | N30: =IF((M30-M29<0), "",M30-M29) -> 1529 | O30: 1959101 | P30: =IF((O30-O29<0), "",O30-O29) -> 708 | Q30: 1103319 | R30: =IF((Q30-Q29<0), "",Q30-Q29) -> 351 | S30: 340516 | T30: =IF((S30-S29<0), "",S30-S29) -> 54 | U30: 3730637 | V30: =IF((U30-U29<0), "",U30-U29) -> 1286 | W30: 889841 | X30: =IF((W30-W29<0), "",W30-W29) -> 199 | Y30: 3109207 | Z30: =IF((Y30-Y29<0), "",Y30-Y29) -> 1795 | AA30: 1921864 | AB30: =IF((AA30-AA29<0), "",AA30-AA29) -> 2 | AC30: 4561038 | AD30: =IF((AC30-AC29<0), "",AC30-AC29) -> 1480 | AE30: 6510006 | AF30: =IF((AE30-AE29<0), "",AE30-AE29) -> 2030 | AG30: 1166912 | AH30: =IF((AG30-AG29<0), "",AG30-AG29) -> 383 | AI30: 228631 | AJ30: =IF((AI30-AI29<0), "",AI30-AI29) -> 21 | AK30: 797522 | AL30: =IF((AK30-AK29<0), "",AK30-AK29) -> 383 | AM30: 1538988 | AN30: =IF((AM30-AM29<0), "",AM30-AM29) -> 597 | AO30: 1628454 | AP30: =IF((AO30-AO29<0), "",AO30-AO29) -> 666 | AR30: 0 | AS30: =IF((AR30-AR29<0), "",AR30-AR29) -> 0 | AT30: 0 | AU30: =IF((AT30-AT29<0), "",AT30-AT29) -> 0 | AV30: 75737 | AW30: =IF((AV30-AV29<0), "",AV30-AV29) -> 35 | AX30: 8655 | AY30: =IF((AX30-AX29<0), "",AX30-AX29) -> 11 | AZ30: 6113433 | BA30: =IF((AZ30-AZ29<0), "",AZ30-AZ29) -> 1940 | BB30: 855655 | BC30: =IF((BB30-BB29<0), "9",BB30-BB29) -> 1057 | BD30: 156 | BE30: 214
A31: 43524 | C31: 22350888 | D31: =IF((C31-C30<0), "",C31-C30) -> 17348 | E31: 23843311 | F31: =IF((E31-E30<0), "",E31-E30) -> 5799 | G31: 9975816 | H31: =IF((G31-G30<0), "",G31-G30) -> 3959 | I31: 1401571 | J31: =IF((I31-I30<0), "",I31-I30) -> 440 | K31: 2842511 | L31: =IF((K31-K30<0), "",K31-K30) -> 864 | M31: 4076135 | N31: =IF((M31-M30<0), "",M31-M30) -> 1628 | O31: 1959820 | P31: =IF((O31-O30<0), "",O31-O30) -> 719 | Q31: 1103689 | R31: =IF((Q31-Q30<0), "",Q31-Q30) -> 370 | S31: 340567 | T31: =IF((S31-S30<0), "",S31-S30) -> 51 | U31: 3732024 | V31: =IF((U31-U30<0), "",U31-U30) -> 1387 | W31: 890051 | X31: =IF((W31-W30<0), "",W31-W30) -> 210 | Y31: 3111053 | Z31: =IF((Y31-Y30<0), "",Y31-Y30) -> 1846 | AA31: 1921867 | AB31: =IF((AA31-AA30<0), "",AA31-AA30) -> 3 | AC31: 4562530 | AD31: =IF((AC31-AC30<0), "",AC31-AC30) -> 1492 | AE31: 6512118 | AF31: =IF((AE31-AE30<0), "",AE31-AE30) -> 2112 | AG31: 1167298 | AH31: =IF((AG31-AG30<0), "",AG31-AG30) -> 386 | AI31: 228652 | AJ31: =IF((AI31-AI30<0), "",AI31-AI30) -> 21 | AK31: 797920 | AL31: =IF((AK31-AK30<0), "",AK31-AK30) -> 398 | AM31: 1539614 | AN31: =IF((AM31-AM30<0), "",AM31-AM30) -> 626 | AO31: 1629153 | AP31: =IF((AO31-AO30<0), "",AO31-AO30) -> 699 | AR31: 0 | AS31: =IF((AR31-AR30<0), "",AR31-AR30) -> 0 | AT31: 0 | AU31: =IF((AT31-AT30<0), "",AT31-AT30) -> 0 | AV31: 75776 | AW31: =IF((AV31-AV30<0), "",AV31-AV30) -> 39 | AX31: 8665 | AY31: =IF((AX31-AX30<0), "",AX31-AX30) -> 10 | AZ31: 6115486 | BA31: =IF((AZ31-AZ30<0), "",AZ31-AZ30) -> 2053 | BB31: 856791 | BC31: =IF((BB31-BB30<0), "9",BB31-BB30) -> 1136 | BD31: 134 | BE31: 193
AE32: 0 | AG32: 0 | AI32: 0 | AK32: 0

Sheet Sheet1
A1: Days | C1: LV Panel 1 KWh | D1: LV Panel 2 KWh | E1: CHP KWh | F1: MCC9 KWh | G1: GF Panel KWh | H1: Kitchen Switch. KWh | I1: Kitchen Panel | J1: MCC3 (AHU) KWh | K1: MCC8 KWh | L1: 1st Floor Plan (KWh) | M1: MCC6(1st floor AHU) KWh | N1: Chiller 1 KWh | O1: Chiller 2 KWh | P1: MCC 10 (Mechanical Services) KWh | Q1: MCC2 CHW KWh | R1: MCC7 (Kitchen) KWh | S1: MCC 5 (Mechanical services) KWh | T1: MCC 4 (Water Services) KWh | U1: MCC1 (KWh) | V1: Laundry db KWh | W1: City Water 1 m3 | X1: City Water 2 m3 | Y1: Laundry CW m3 | Z1: Laundry HW m3 | AA1: Natural Gas m3 | AB1: CHP Natural Gas m3
A2: Date | C2: Reading KWH | D2: Reading KWH | E2: Reading KWH | F2: Reading KWH | G2: Reading KWH | H2: Reading KWH | I2: Reading KWH | J2: Reading KWH | K2: Reading KWH | L2: Reading KWH | M2: Reading KWH | N2: Reading KWH | O2: Reading KWH | P2: Reading KWH | Q2: Reading KWH | R2: Reading KWH | S2: Reading KWH | T2: Reading KWH | U2: Reading KWH | V2: Reading KWH | W2: Reading m³ | X2: Reading m³ | Y2: Reading m³ | Z2: Reading m³ | AA2: Reading Liters | AB2: Reading Liters | AC2: ROOM NIGHTS | AD2: TOTAL GUESTS
A3: 31/1/2019 | C3: 21111 | D3: 21111 | E3: 21111 | F3: 21111 | G3: 21111 | H3: 21111 | I3: 21111 | J3: 21111 | K3: 176690 | L3: 176690 | M3: 176690 | N3: 176690 | O3: 176690 | P3: 176690 | Q3: 524.2 | R3: 524.2 | S3: 21111 | T3: 21111 | U3: 21111 | V3: 21111 | W3: 21111 | X3: 21111 | Y3: 21111 | Z3: 21111 | AA3: 21111 | AB3: 21111 | AC3: 136 | AD3: 162
A4: 43497 | C4: 0 | D4: 0 | E4: 0 | F4: 0 | G4: 0 | H4: 0 | I4: 0 | J4: 0 | K4: 0 | L4: 0 | M4: 0 | N4: 0 | O4: 0 | P4: 0 | Q4: 524.2 | R4: 524.2 | S4: 0 | T4: 0 | U4: 0 | V4: 0 | W4: 0 | X4: 0 | Y4: 0 | Z4: 0 | AA4: 0 | AB4: 0 | AC4: 139 | AD4: 165
A5: 43498 | C5: 0 | D5: 0 | E5: 0 | F5: 0 | G5: 0 | H5: 0 | I5: 0 | J5: 0 | K5: 0 | L5: 0 | M5: 0 | N5: 0 | O5: 0 | P5: 0 | Q5: 0 | R5: 0 | S5: 0 | T5: 0 | U5: 0 | V5: 0 | W5: 0 | X5: 0 | Y5: 0 | Z5: 0 | AA5: 0 | AB5: 0 | AC5: 133 | AD5: 173
A6: 43499 | C6: 0 | D6: 0 | E6: 0 | F6: 0 | G6: 0 | H6: 0 | I6: 0 | J6: 0 | K6: 0 | L6: 0 | M6: 0 | N6: 0 | O6: 0 | P6: 0 | Q6: 0 | R6: 0 | S6: 0 | T6: 0 | U6: 0 | V6: 0 | W6: 0 | X6: 0 | Y6: 0 | Z6: 0 | AA6: 0 | AB6: 0 | AC6: 135 | AD6: 139
A7: 43500 | C7: 0 | D7: 0 | E7: 0 | F7: 0 | G7: 0 | H7: 0 | I7: 0 | J7: 0 | K7: 0 | L7: 0 | M7: 0 | N7: 0 | O7: 0 | P7: 0 | Q7: 0 | R7: 0 | S7: 0 | T7: 0 | U7: 0 | V7: 0 | W7: 0 | X7: 0 | Y7: 0 | Z7: 0 | AA7: 0 | AB7: 0 | AC7: 130 | AD7: 151
A8: 43501 | C8: 0 | D8: 0 | E8: 0 | F8: 0 | G8: 0 | H8: 0 | I8: 0 | J8: 0 | K8: 0 | L8: 0 | M8: 0 | N8: 0 | O8: 0 | P8: 0 | Q8: 0 | R8: 0 | S8: 0 | T8: 0 | U8: 0 | V8: 0 | W8: 0 | X8: 0 | Y8: 0 | Z8: 0 | AA8: 0 | AB8: 0 | AC8: 149 | AD8: 175
A9: 43502 | C9: 0 | D9: 0 | E9: 0 | F9: 0 | G9: 0 | H9: 0 | I9: 0 | J9: 0 | K9: 0 | L9: 0 | M9: 0 | N9: 0 | O9: 0 | P9: 0 | Q9: 0 | R9: 0 | S9: 0 | T9: 0 | U9: 0 | V9: 0 | W9: 0 | X9: 0 | Y9: 0 | Z9: 0 | AA9: 0 | AB9: 0 | AC9: 124 | AD9: 180
A10: 43503 | C10: 0 | D10: 0 | E10: 0 | F10: 0 | G10: 0 | H10: 0 | I10: 0 | J10: 0 | K10: 0 | L10: 0 | M10: 0 | N10: 0 | O10: 0 | P10: 0 | Q10: 0 | R10: 0 | S10: 0 | T10: 0 | U10: 0 | V10: 0 | W10: 0 | X10: 0 | Y10: 0 | Z10: 0 | AA10: 0 | AB10: 0 | AC10: 126 | AD10: 143
A11: 43504 | C11: 0 | D11: 0 | E11: 0 | F11: 0 | G11: 0 | H11: 0 | I11: 0 | J11: 0 | K11: 0 | L11: 0 | M11: 0 | N11: 0 | O11: 0 | P11: 0 | Q11: 0 | R11: 0 | S11: 0 | T11: 0 | U11: 0 | V11: 0 | W11: 0 | X11: 0 | Y11: 0 | Z11: 0 | AA11: 0 | AB11: 0 | AC11: 112 | AD11: 178
A12: 43505 | C12: 0 | D12: 0 | E12: 0 | F12: 0 | G12: 0 | H12: 0 | I12: 0 | J12: 0 | K12: 0 | L12: 0 | M12: 0 | N12: 0 | O12: 0 | P12: 0 | Q12: 0 | R12: 0 | S12: 0 | T12: 0 | U12: 0 | V12: 0 | W12: 0 | X12: 0 | Y12: 0 | Z12: 0 | AA12: 0 | AB12: 0 | AC12: 110 | AD12: 157
A13: 43506 | C13: 0 | D13: 0 | E13: 0 | F13: 0 | G13: 0 | H13: 0 | I13: 0 | J13: 0 | K13: 0 | L13: 0 | M13: 0 | N13: 0 | O13: 0 | P13: 0 | Q13: 0 | R13: 0 | S13: 0 | T13: 0 | U13: 0 | V13: 0 | W13: 0 | X13: 0 | Y13: 0 | Z13: 0 | AA13: 0 | AB13: 0 | AC13: 121 | AD13: 192
A14: 43507 | C14: 0 | D14: 0 | E14: 0 | F14: 0 | G14: 0 | H14: 0 | I14: 0 | J14: 0 | K14: 0 | L14: 0 | M14: 0 | N14: 0 | O14: 0 | P14: 0 | Q14: 0 | R14: 0 | S14: 0 | T14: 0 | U14: 0 | V14: 0 | W14: 0 | X14: 0 | Y14: 0 | Z14: 0 | AA14: 0 | AB14: 0
A15: 43508 | C15: 0 | D15: 0 | E15: 0 | F15: 0 | G15: 0 | H15: 0 | I15: 0 | J15: 0 | K15: 0 | L15: 0 | M15: 0 | N15: 0 | O15: 0 | P15: 0 | Q15: 0 | R15: 0 | S15: 0 | T15: 0 | U15: 0 | V15: 0 | W15: 0 | X15: 0 | Y15: 0 | Z15: 0 | AA15: 0 | AB15: 0
A16: 43509 | C16: 0 | D16: 0 | E16: 0 | F16: 0 | G16: 0 | H16: 0 | I16: 0 | J16: 0 | K16: 0 | L16: 0 | M16: 0 | N16: 0 | O16: 0 | P16: 0 | Q16: 0 | R16: 0 | S16: 0 | T16: 0 | U16: 0 | V16: 0 | W16: 0 | X16: 0 | Y16: 0 | Z16: 0 | AA16: 0 | AB16: 0
A17: 43510 | C17: 0 | D17: 0 | E17: 0 | F17: 0 | G17: 0 | H17: 0 | I17: 0 | J17: 0 | K17: 0 | L17: 0 | M17: 0 | N17: 0 | O17: 0 | P17: 0 | Q17: 0 | R17: 0 | S17: 0 | T17: 0 | U17: 0 | V17: 0 | W17: 0 | X17: 0 | Y17: 0 | Z17: 0 | AA17: 0 | AB17: 0
A18: 43511 | C18: 0 | D18: 0 | E18: 0 | F18: 0 | G18: 0 | H18: 0 | I18: 0 | J18: 0 | K18: 0 | L18: 0 | M18: 0 | N18: 0 | O18: 0 | P18: 0 | Q18: 0 | R18: 0 | S18: 0 | T18: 0 | U18: 0 | V18: 0 | W18: 0 | X18: 0 | Y18: 0 | Z18: 0 | AA18: 0 | AB18: 0
A19: 43512 | C19: 0 | D19: 0 | E19: 0 | F19: 0 | G19: 0 | H19: 0 | I19: 0 | J19: 0 | K19: 0 | L19: 0 | M19: 0 | N19: 0 | O19: 0 | P19: 0 | Q19: 0 | R19: 0 | S19: 0 | T19: 0 | U19: 0 | V19: 0 | W19: 0 | X19: 0 | Y19: 0 | Z19: 0 | AA19: 0 | AB19: 0
A20: 43513 | C20: 0 | D20: 0 | E20: 0 | F20: 0 | G20: 0 | H20: 0 | I20: 0 | J20: 0 | K20: 0 | L20: 0 | M20: 0 | N20: 0 | O20: 0 | P20: 0 | Q20: 0 | R20: 0 | S20: 0 | T20: 0 | U20: 0 | V20: 0 | W20: 0 | X20: 0 | Y20: 0 | Z20: 0 | AA20: 0 | AB20: 0
A21: 43514 | C21: 0 | D21: 0 | E21: 0 | F21: 0 | G21: 0 | H21: 0 | I21: 0 | J21: 0 | K21: 0 | L21: 0 | M21: 0 | N21: 0 | O21: 0 | P21: 0 | Q21: 0 | R21: 0 | S21: 0 | T21: 0 | U21: 0 | V21: 0 | W21: 0 | X21: 0 | Y21: 0 | Z21: 0 | AA21: 0 | AB21: 0
A22: 43515 | C22: 0 | D22: 0 | E22: 0 | F22: 0 | G22: 0 | H22: 0 | I22: 0 | J22: 0 | K22: 0 | L22: 0 | M22: 0 | N22: 0 | O22: 0 | P22: 0 | Q22: 0 | R22: 0 | S22: 0 | T22: 0 | U22: 0 | V22: 0 | W22: 0 | X22: 0 | Y22: 0 | Z22: 0 | AA22: 0 | AB22: 0
A23: 43516 | C23: 0 | D23: 0 | E23: 0 | F23: 0 | G23: 0 | H23: 0 | I23: 0 | J23: 0 | K23: 0 | L23: 0 | M23: 0 | N23: 0 | O23: 0 | P23: 0 | Q23: 0 | R23: 0 | S23: 0 | T23: 0 | U23: 0 | V23: 0 | W23: 0 | X23: 0 | Y23: 0 | Z23: 0 | AA23: 0 | AB23: 0
A24: 43517 | C24: 0 | D24: 0 | E24: 0 | F24: 0 | G24: 0 | H24: 0 | I24: 0 | J24: 0 | K24: 0 | L24: 0 | M24: 0 | N24: 0 | O24: 0 | P24: 0 | Q24: 0 | R24: 0 | S24: 0 | T24: 0 | U24: 0 | V24: 0 | W24: 0 | X24: 0 | Y24: 0 | Z24: 0 | AA24: 0 | AB24: 0
A25: 43518 | C25: 0 | D25: 0 | E25: 0 | F25: 0 | G25: 0 | H25: 0 | I25: 0 | J25: 0 | K25: 0 | L25: 0 | M25: 0 | N25: 0 | O25: 0 | P25: 0 | Q25: 0 | R25: 0 | S25: 0 | T25: 0 | U25: 0 | V25: 0 | W25: 0 | X25: 0 | Y25: 0 | Z25: 0 | AA25: 0 | AB25: 0
... A31: 43524 | C31: 0 | D31: 0 | E31: 0 | F31: 0 | G31: 0 | H31: 0 | I31: 0 | J31: 0 | K31: 0 | L31: 0 | M31: 0 | N31: 0 | O31: 0 | P31: 0 | Q31: 0 | R31: 0 | S31: 0 | T31: 0 | U31: 0 | V31: 0 | W31: 0 | X31: 0 | Y31: 0 | Z31: 0 | AA31: 0 | AB31: 0
Q32: 0 | R32: 0 | S32: 0 | T32: 0
