Workbook

Sheet TOTAL
A1: Site Name | B1: Day | C1: Month | D1: Year | E1: Total Electricity Kwh | F1: Electricity Tariff ($/Kwh) | G1: Natual Gas (m3) | H1: Natural Gas $/m3 | I1: Water Utility Supply (m3) m3 | J1: Water Utility Supply (m3) $/m3 | K1: Room Nights | L1: Total Guests
A2: London at Park Lane | B2: 1 | C2: 2 | D2: 2020 | E2: =Submetering!E2+Submetering!F2+Submetering!G2 -> 17693 | F2: 0.10888583 | G2: =Submetering!AC2-Submetering!AD2 -> 968 | H2: 0.255129 | I2: =Submetering!Y2+Submetering!Z2 -> 4447 | J2: 2.3196173 | K2: =Submetering!AE2 -> 11 | L2: =Submetering!AF2 -> 152
A3: London at Park Lane | B3: =B2+1 -> 2 | C3: 2 | D3: 2020 | E3: =Submetering!E3+Submetering!F3+Submetering!G3 -> 16915 | F3: 0.10888583 | G3: =Submetering!AC3-Submetering!AD3 -> 984 | H3: 0.255129 | I3: =Submetering!Y3+Submetering!Z3 -> 0 | J3: 2.3196173 | K3: =Submetering!AE3 -> 123 | L3: =Submetering!AF3 -> 154
A4: London at Park Lane | B4: =B3+1 -> 3 | C4: 2 | D4: 2020 | E4: =Submetering!E4+Submetering!F4+Submetering!G4 -> 16211 | F4: 0.10888583 | G4: =Submetering!AC4-Submetering!AD4 -> 950 | H4: 0.255129 | I4: =Submetering!Y4+Submetering!Z4 -> 0 | J4: 2.3196173 | K4: =Submetering!AE4 -> 134 | L4: =Submetering!AF4 -> 170
A5: London at Park Lane | B5: =B4+1 -> 4 | C5: 2 | D5: 2020 | E5: =Submetering!E5+Submetering!F5+Submetering!G5 -> 17684 | F5: 0.10888583 | G5: =Submetering!AC5-Submetering!AD5 -> 1166 | H5: 0.255129 | I5: =Submetering!Y5+Submetering!Z5 -> 0 | J5: 2.3196173 | K5: =Submetering!AE5 -> 145 | L5: =Submetering!AF5 -> 192
A6: London at Park Lane | B6: =B5+1 -> 5 | C6: 2 | D6: 2020 | E6: =Submetering!E6+Submetering!F6+Submetering!G6 -> 17630 | F6: 0.10888583 | G6: =Submetering!AC6-Submetering!AD6 -> 1122 | H6: 0.255129 | I6: =Submetering!Y6+Submetering!Z6 -> 0 | J6: 2.3196173 | K6: =Submetering!AE6 -> 138 | L6: =Submetering!AF6 -> 187
A7: London at Park Lane | B7: =B6+1 -> 6 | C7: 2 | D7: 2020 | E7: =Submetering!E7+Submetering!F7+Submetering!G7 -> 17285 | F7: 0.10888583 | G7: =Submetering!AC7-Submetering!AD7 -> 1511 | H7: 0.255129 | I7: =Submetering!Y7+Submetering!Z7 -> 0 | J7: 2.3196173 | K7: =Submetering!AE7 -> 131 | L7: =Submetering!AF7 -> 175
A8: London at Park Lane | B8: =B7+1 -> 7 | C8: 2 | D8: 2020 | E8: =Submetering!E8+Submetering!F8+Submetering!G8 -> 17438 | F8: 0.10888583 | G8: =Submetering!AC8-Submetering!AD8 -> 1309 | H8: 0.255129 | I8: =Submetering!Y8+Submetering!Z8 -> 0 | J8: 2.3196173 | K8: =Submetering!AE8 -> 114 | L8: =Submetering!AF8 -> 160
A9: London at Park Lane | B9: =B8+1 -> 8 | C9: 2 | D9: 2020 | E9: =Submetering!E9+Submetering!F9+Submetering!G9 -> 16757 | F9: 0.10888583 | G9: =Submetering!AC9-Submetering!AD9 -> 1191 | H9: 0.255129 | I9: =Submetering!Y9+Submetering!Z9 -> 0 | J9: 2.3196173 | K9: =Submetering!AE9 -> 123 | L9: =Submetering!AF9 -> 173
A10: London at Park Lane | B10: =B9+1 -> 9 | C10: 2 | D10: 2020 | E10: =Submetering!E10+Submetering!F10+Submetering!G10 -> 16611 | F10: 0.10888583 | G10: =Submetering!AC10-Submetering!AD10 -> 1124 | H10: 0.255129 | I10: =Submetering!Y10+Submetering!Z10 -> 0 | J10: 2.3196173 | K10: =Submetering!AE10 -> 102 | L10: =Submetering!AF10 -> 137
A11: London at Park Lane | B11: =B10+1 -> 10 | C11: 2 | D11: 2020 | E11: =Submetering!E11+Submetering!F11+Submetering!G11 -> 16970 | F11: 0.10888583 | G11: =Submetering!AC11-Submetering!AD11 -> 1049 | H11: 0.255129 | I11: =Submetering!Y11+Submetering!Z11 -> 739 | J11: 2.3196173 | K11: =Submetering!AE11 -> 110 | L11: =Submetering!AF11 -> 139
A12: London at Park Lane | B12: =B11+1 -> 11 | C12: 2 | D12: 2020 | E12: =Submetering!E12+Submetering!F12+Submetering!G12 -> 16036 | F12: 0.10888583 | G12: =Submetering!AC12-Submetering!AD12 -> 1132 | H12: 0.255129 | I12: =Submetering!Y12+Submetering!Z12 -> 0 | J12: 2.3196173 | K12: =Submetering!AE12 -> 129 | L12: =Submetering!AF12 -> 163
A13: London at Park Lane | B13: =B12+1 -> 12 | C13: 2 | D13: 2020 | E13: =Submetering!E13+Submetering!F13+Submetering!G13 -> 16154 | F13: 0.10888583 | G13: =Submetering!AC13-Submetering!AD13 -> 1153 | H13: 0.255129 | I13: =Submetering!Y13+Submetering!Z13 -> 0 | J13: 2.3196173 | K13: =Submetering!AE13 -> 136 | L13: =Submetering!AF13 -> 174
A14: London at Park Lane | B14: =B13+1 -> 13 | C14: 2 | D14: 2020 | E14: =Submetering!E14+Submetering!F14+Submetering!G14 -> 16666 | F14: 0.10888583 | G14: =Submetering!AC14-Submetering!AD14 -> 1159 | H14: 0.255129 | I14: =Submetering!Y14+Submetering!Z14 -> 0 | J14: 2.3196173 | K14: =Submetering!AE14 -> 121 | L14: =Submetering!AF14 -> 166
... A30: London at Park Lane | B30: =B29+1 -> 29 | C30: 2 | D30: 2020 | E30: =Submetering!E30+Submetering!F30+Submetering!G30 -> 0 | F30: 0.10888583 | G30: =Submetering!AC30-Submetering!AD30 -> 0 | H30: 0.255129 | I30: =Submetering!Y30+Submetering!Z30 -> 0 | J30: 2.3196173 | K30: =Submetering!AE30 -> 0 | L30: =Submetering!AF30 -> 0
A31: London at Park Lane | D31: 2020 | E31: =Submetering!E31+Submetering!F31+Submetering!G31 -> 0 | F31: 0.10888583 | G31: =Submetering!AC31-Submetering!AD31 -> 0 | H31: 0.255129 | I31: =Submetering!Y31+Submetering!Z31 -> 0 | J31: 2.3196173 | K31: =Submetering!AE31 -> 0 | L31: =Submetering!AF31 -> 0
A32: London at Park Lane | D32: 2020 | E32: =Submetering!E32+Submetering!F32+Submetering!G32 -> 0 | F32: 0.10888583 | G32: =Submetering!AC32-Submetering!AD32 -> 0 | H32: 0.255129 | I32: =Submetering!Y32+Submetering!Z32 -> 0 | J32: 2.3196173 | K32: =Submetering!AE32 -> 0 | L32: =Submetering!AF32 -> 0

Sheet Submetering
A1: Site Name | B1: Day | C1: Month | D1: Year | E1: LV Panel 1 KWh | F1: LV Panel 2 KWh | G1: CHP KWh | H1: MCC9 KWh | I1: GF Panel KWh | J1: Kitchen Switch. KWh | K1: Kitchen Panel KWh | L1: MCC3 (AHU) KWh | M1: MCC8 KWh | N1: 1st Floor Plan (KWh) | O1: MCC6(1st floor AHU) KWh | P1: Chiller 1 KWh | Q1: Chiller 2 KWh | R1: MCC 10 (Mechanical Services) KWh | S1: MCC2 CHW KWh | T1: MCC7 (Kitchen) KWh | U1: MCC 5 (Mechanical services) KWh | V1: MCC 4 (Water Services) KWh | W1: MCC1 (KWh) | X1: Laundry db KWh | Y1: City Water 1 m3 | Z1: City Water 2 m3 | AA1: Laundry CW m3 | AB1: Laundry HW m3 | AC1: Natural Gas m3 | AD1: CHP Natural Gas m3 | AE1: Room Nights | AF1: Total Guests
A2: London at Park Lane | B2: 1 | C2: 2 | D2: 2020 | E2: =IF(('FSLPL Daily '!C4-'FSLPL Daily '!C3<0), "0",'FSLPL Daily '!C4-'FSLPL Daily '!C3) -> 7921 | F2: =IF(('FSLPL Daily '!E4-'FSLPL Daily '!E3<0), "0",'FSLPL Daily '!E4-'FSLPL Daily '!E3) -> 5781 | G2: =IF(('FSLPL Daily '!G4-'FSLPL Daily '!G3<0), "0",'FSLPL Daily '!G4-'FSLPL Daily '!G3) -> 3991 | H2: =IF(('FSLPL Daily '!I4-'FSLPL Daily '!I3<0), "0",'FSLPL Daily '!I4-'FSLPL Daily '!I3) -> 474 | I2: =IF(('FSLPL Daily '!K4-'FSLPL Daily '!K3<0), "0",'FSLPL Daily '!K4-'FSLPL Daily '!K3) -> 842 | J2: =IF(('FSLPL Daily '!M4-'FSLPL Daily '!M3<0), "0",'FSLPL Daily '!M4-'FSLPL Daily '!M3) -> 1310 | K2: =IF(('FSLPL Daily '!O4-'FSLPL Daily '!O3<0), "0",'FSLPL Daily '!O4-'FSLPL Daily '!O3) -> 586 | L2: =IF(('FSLPL Daily '!Q4-'FSLPL Daily '!Q3<0), "0",'FSLPL Daily '!Q4-'FSLPL Daily '!Q3) -> 364 | M2: =IF(('FSLPL Daily '!S4-'FSLPL Daily '!S3<0), "0",'FSLPL Daily '!S4-'FSLPL Daily '!S3) -> 87 | N2: =IF(('FSLPL Daily '!U4-'FSLPL Daily '!U3<0), "0",'FSLPL Daily '!U4-'FSLPL Daily '!U3) -> 995 | O2: =IF(('FSLPL Daily '!W4-'FSLPL Daily '!W3<0), "0",'FSLPL Daily '!W4-'FSLPL Daily '!W3) -> 153 | P2: =IF(('FSLPL Daily '!Y4-'FSLPL Daily '!Y3<0), "0",'FSLPL Daily '!Y4-'FSLPL Daily '!Y3) -> 1250 | Q2: =IF(('FSLPL Daily '!AA4-'FSLPL Daily '!AA3<0), "0",'FSLPL Daily '!AA4-'FSLPL Daily '!AA3) -> 2 | R2: =IF(('FSLPL Daily '!AC4-'FSLPL Daily '!AC3<0), "0",'FSLPL Daily '!AC4-'FSLPL Daily '!AC3) -> 1447 | S2: =IF(('FSLPL Daily '!AE4-'FSLPL Daily '!AE3<0), "0",'FSLPL Daily '!AE4-'FSLPL Daily '!AE3) -> 1954 | T2: =IF(('FSLPL Daily '!AG4-'FSLPL Daily '!AG3<0), "0",'FSLPL Daily '!AG4-'FSLPL Daily '!AG3) -> 263 | U2: =IF(('FSLPL Daily '!AI4-'FSLPL Daily '!AI3<0), "0",'FSLPL Daily '!AI4-'FSLPL Daily '!AI3) -> 76 | V2: =IF(('FSLPL Daily '!AK4-'FSLPL Daily '!AK3<0), "0",'FSLPL Daily '!AK4-'FSLPL Daily '!AK3) -> 353 | W2: =IF(('FSLPL Daily '!AM4-'FSLPL Daily '!AM3<0), "0",'FSLPL Daily '!AM4-'FSLPL Daily '!AM3) -> 576 | X2: =IF(('FSLPL Daily '!AO4-'FSLPL Daily '!AO3<0), "0",'FSLPL Daily '!AO4-'FSLPL Daily '!AO3) -> 827 | Y2: ='FSLPL Daily '!AS4 -> 3419 | Z2: ='FSLPL Daily '!AU4 -> 1028 | AA2: =IF(('FSLPL Daily '!AV4-'FSLPL Daily '!AV3<0), "0",'FSLPL Daily '!AV4-'FSLPL Daily '!AV3) -> 23 | AB2: =IF(('FSLPL Daily '!AX4-'FSLPL Daily '!AX3<0), "0",'FSLPL Daily '!AX4-'FSLPL Daily '!AX3) -> 3 | AC2: =IF(('FSLPL Daily '!AZ4-'FSLPL Daily '!AZ3<0), "0",'FSLPL Daily '!AZ4-'FSLPL Daily '!AZ3) -> 2117 | AD2: =IF(('FSLPL Daily '!BB4-'FSLPL Daily '!BB3<0), "0",'FSLPL Daily '!BB4-'FSLPL Daily '!BB3) -> 1149 | AE2: ='FSLPL Daily '!BD4 -> 11 | AF2: ='FSLPL Daily '!BE4 -> 152
A3: London at Park Lane | B3: =B2+1 -> 2 | C3: 2 | D3: 2020 | E3: =IF(('FSLPL Daily '!C5-'FSLPL Daily '!C4<0), "0",'FSLPL Daily '!C5-'FSLPL Daily '!C4) -> 7565 | F3: =IF(('FSLPL Daily '!E5-'FSLPL Daily '!E4<0), "0",'FSLPL Daily '!E5-'FSLPL Daily '!E4) -> 5486 | G3: =IF(('FSLPL Daily '!G5-'FSLPL Daily '!G4<0), "0",'FSLPL Daily '!G5-'FSLPL Daily '!G4) -> 3864 | H3: =IF(('FSLPL Daily '!I5-'FSLPL Daily '!I4<0), "0",'FSLPL Daily '!I5-'FSLPL Daily '!I4) -> 489 | I3: =IF(('FSLPL Daily '!K5-'FSLPL Daily '!K4<0), "0",'FSLPL Daily '!K5-'FSLPL Daily '!K4) -> 790 | J3: =IF(('FSLPL Daily '!M5-'FSLPL Daily '!M4<0), "0",'FSLPL Daily '!M5-'FSLPL Daily '!M4) -> 1366 | K3: =IF(('FSLPL Daily '!O5-'FSLPL Daily '!O4<0), "0",'FSLPL Daily '!O5-'FSLPL Daily '!O4) -> 606 | L3: =IF(('FSLPL Daily '!Q5-'FSLPL Daily '!Q4<0), "0",'FSLPL Daily '!Q5-'FSLPL Daily '!Q4) -> 347 | M3: =IF(('FSLPL Daily '!S5-'FSLPL Daily '!S4<0), "0",'FSLPL Daily '!S5-'FSLPL Daily '!S4) -> 84 | N3: =IF(('FSLPL Daily '!U5-'FSLPL Daily '!U4<0), "0",'FSLPL Daily '!U5-'FSLPL Daily '!U4) -> 935 | O3: =IF(('FSLPL Daily '!W5-'FSLPL Daily '!W4<0), "0",'FSLPL Daily '!W5-'FSLPL Daily '!W4) -> 195 | P3: =IF(('FSLPL Daily '!Y5-'FSLPL Daily '!Y4<0), "0",'FSLPL Daily '!Y5-'FSLPL Daily '!Y4) -> 990 | Q3: =IF(('FSLPL Daily '!AA5-'FSLPL Daily '!AA4<0), "0",'FSLPL Daily '!AA5-'FSLPL Daily '!AA4) -> 3 | R3: =IF(('FSLPL Daily '!AC5-'FSLPL Daily '!AC4<0), "0",'FSLPL Daily '!AC5-'FSLPL Daily '!AC4) -> 1410 | S3: =IF(('FSLPL Daily '!AE5-'FSLPL Daily '!AE4<0), "0",'FSLPL Daily '!AE5-'FSLPL Daily '!AE4) -> 1835 | T3: =IF(('FSLPL Daily '!AG5-'FSLPL Daily '!AG4<0), "0",'FSLPL Daily '!AG5-'FSLPL Daily '!AG4) -> 231 | U3: =IF(('FSLPL Daily '!AI5-'FSLPL Daily '!AI4<0), "0",'FSLPL Daily '!AI5-'FSLPL Daily '!AI4) -> 74 | V3: =IF(('FSLPL Daily '!AK5-'FSLPL Daily '!AK4<0), "0",'FSLPL Daily '!AK5-'FSLPL Daily '!AK4) -> 327 | W3: =IF(('FSLPL Daily '!AM5-'FSLPL Daily '!AM4<0), "0",'FSLPL Daily '!AM5-'FSLPL Daily '!AM4) -> 578 | X3: =IF(('FSLPL Daily '!AO5-'FSLPL Daily '!AO4<0), "0",'FSLPL Daily '!AO5-'FSLPL Daily '!AO4) -> 847 | Y3: ='FSLPL Daily '!AS5 -> 0 | Z3: ='FSLPL Daily '!AU5 -> 0 | AA3: =IF(('FSLPL Daily '!AV5-'FSLPL Daily '!AV4<0), "0",'FSLPL Daily '!AV5-'FSLPL Daily '!AV4) -> 23 | AB3: =IF(('FSLPL Daily '!AX5-'FSLPL Daily '!AX4<0), "0",'FSLPL Daily '!AX5-'FSLPL Daily '!AX4) -> 2 | AC3: =IF(('FSLPL Daily '!AZ5-'FSLPL Daily '!AZ4<0), "0",'FSLPL Daily '!AZ5-'FSLPL Daily '!AZ4) -> 2095 | AD3: =IF(('FSLPL Daily '!BB5-'FSLPL Daily '!BB4<0), "0",'FSLPL Daily '!BB5-'FSLPL Daily '!BB4) -> 1111 | AE3: ='FSLPL Daily '!BD5 -> 123 | AF3: ='FSLPL Daily '!BE5 -> 154
A4: London at Park Lane | B4: =B3+1 -> 3 | C4: 2 | D4: 2020 | E4: =IF(('FSLPL Daily '!C6-'FSLPL Daily '!C5<0), "0",'FSLPL Daily '!C6-'FSLPL Daily '!C5) -> 7087 | F4: =IF(('FSLPL Daily '!E6-'FSLPL Daily '!E5<0), "0",'FSLPL Daily '!E6-'FSLPL Daily '!E5) -> 5324 | G4: =IF(('FSLPL Daily '!G6-'FSLPL Daily '!G5<0), "0",'FSLPL Daily '!G6-'FSLPL Daily '!G5) -> 3800 | H4: =IF(('FSLPL Daily '!I6-'FSLPL Daily '!I5<0), "0",'FSLPL Daily '!I6-'FSLPL Daily '!I5) -> 476 | I4: =IF(('FSLPL Daily '!K6-'FSLPL Daily '!K5<0), "0",'FSLPL Daily '!K6-'FSLPL Daily '!K5) -> 777 | J4: =IF(('FSLPL Daily '!M6-'FSLPL Daily '!M5<0), "0",'FSLPL Daily '!M6-'FSLPL Daily '!M5) -> 1216 | K4: =IF(('FSLPL Daily '!O6-'FSLPL Daily '!O5<0), "0",'FSLPL Daily '!O6-'FSLPL Daily '!O5) -> 562 | L4: =IF(('FSLPL Daily '!Q6-'FSLPL Daily '!Q5<0), "0",'FSLPL Daily '!Q6-'FSLPL Daily '!Q5) -> 339 | M4: =IF(('FSLPL Daily '!S6-'FSLPL Daily '!S5<0), "0",'FSLPL Daily '!S6-'FSLPL Daily '!S5) -> 82 | N4: =IF(('FSLPL Daily '!U6-'FSLPL Daily '!U5<0), "0",'FSLPL Daily '!U6-'FSLPL Daily '!U5) -> 770 | O4: =IF(('FSLPL Daily '!W6-'FSLPL Daily '!W5<0), "0",'FSLPL Daily '!W6-'FSLPL Daily '!W5) -> 100 | P4: =IF(('FSLPL Daily '!Y6-'FSLPL Daily '!Y5<0), "0",'FSLPL Daily '!Y6-'FSLPL Daily '!Y5) -> 1067 | Q4: =IF(('FSLPL Daily '!AA6-'FSLPL Daily '!AA5<0), "0",'FSLPL Daily '!AA6-'FSLPL Daily '!AA5) -> 2 | R4: =IF(('FSLPL Daily '!AC6-'FSLPL Daily '!AC5<0), "0",'FSLPL Daily '!AC6-'FSLPL Daily '!AC5) -> 1384 | S4: =IF(('FSLPL Daily '!AE6-'FSLPL Daily '!AE5<0), "0",'FSLPL Daily '!AE6-'FSLPL Daily '!AE5) -> 1781 | T4: =IF(('FSLPL Daily '!AG6-'FSLPL Daily '!AG5<0), "0",'FSLPL Daily '!AG6-'FSLPL Daily '!AG5) -> 230 | U4: =IF(('FSLPL Daily '!AI6-'FSLPL Daily '!AI5<0), "0",'FSLPL Daily '!AI6-'FSLPL Daily '!AI5) -> 73 | V4: =IF(('FSLPL Daily '!AK6-'FSLPL Daily '!AK5<0), "0",'FSLPL Daily '!AK6-'FSLPL Daily '!AK5) -> 329 | W4: =IF(('FSLPL Daily '!AM6-'FSLPL Daily '!AM5<0), "0",'FSLPL Daily '!AM6-'FSLPL Daily '!AM5) -> 562 | X4: =IF(('FSLPL Daily '!AO6-'FSLPL Daily '!AO5<0), "0",'FSLPL Daily '!AO6-'FSLPL Daily '!AO5) -> 755 | Y4: ='FSLPL Daily '!AS6 -> 0 | Z4: ='FSLPL Daily '!AU6 -> 0 | AA4: =IF(('FSLPL Daily '!AV6-'FSLPL Daily '!AV5<0), "0",'FSLPL Daily '!AV6-'FSLPL Daily '!AV5) -> 18 | AB4: =IF(('FSLPL Daily '!AX6-'FSLPL Daily '!AX5<0), "0",'FSLPL Daily '!AX6-'FSLPL Daily '!AX5) -> 2 | AC4: =IF(('FSLPL Daily '!AZ6-'FSLPL Daily '!AZ5<0), "0",'FSLPL Daily '!AZ6-'FSLPL Daily '!AZ5) -> 2041 | AD4: =IF(('FSLPL Daily '!BB6-'FSLPL Daily '!BB5<0), "0",'FSLPL Daily '!BB6-'FSLPL Daily '!BB5) -> 1091 | AE4: ='FSLPL Daily '!BD6 -> 134 | AF4: ='FSLPL Daily '!BE6 -> 170
A5: London at Park Lane | B5: =B4+1 -> 4 | C5: 2 | D5: 2020 | E5: =IF(('FSLPL Daily '!C7-'FSLPL Daily '!C6<0), "0",'FSLPL Daily '!C7-'FSLPL Daily '!C6) -> 8056 | F5: =IF(('FSLPL Daily '!E7-'FSLPL Daily '!E6<0), "0",'FSLPL Daily '!E7-'FSLPL Daily '!E6) -> 5605 | G5: =IF(('FSLPL Daily '!G7-'FSLPL Daily '!G6<0), "0",'FSLPL Daily '!G7-'FSLPL Daily '!G6) -> 4023 | H5: =IF(('FSLPL Daily '!I7-'FSLPL Daily '!I6<0), "0",'FSLPL Daily '!I7-'FSLPL Daily '!I6) -> 606 | I5: =IF(('FSLPL Daily '!K7-'FSLPL Daily '!K6<0), "0",'FSLPL Daily '!K7-'FSLPL Daily '!K6) -> 831 | J5: =IF(('FSLPL Daily '!M7-'FSLPL Daily '!M6<0), "0",'FSLPL Daily '!M7-'FSLPL Daily '!M6) -> 1367 | K5: =IF(('FSLPL Daily '!O7-'FSLPL Daily '!O6<0), "0",'FSLPL Daily '!O7-'FSLPL Daily '!O6) -> 613 | L5: =IF(('FSLPL Daily '!Q7-'FSLPL Daily '!Q6<0), "0",'FSLPL Daily '!Q7-'FSLPL Daily '!Q6) -> 355 | M5: =IF(('FSLPL Daily '!S7-'FSLPL Daily '!S6<0), "0",'FSLPL Daily '!S7-'FSLPL Daily '!S6) -> 87 | N5: =IF(('FSLPL Daily '!U7-'FSLPL Daily '!U6<0), "0",'FSLPL Daily '!U7-'FSLPL Daily '!U6) -> 1122 | O5: =IF(('FSLPL Daily '!W7-'FSLPL Daily '!W6<0), "0",'FSLPL Daily '!W7-'FSLPL Daily '!W6) -> 254 | P5: =IF(('FSLPL Daily '!Y7-'FSLPL Daily '!Y6<0), "0",'FSLPL Daily '!Y7-'FSLPL Daily '!Y6) -> 1071 | Q5: =IF(('FSLPL Daily '!AA7-'FSLPL Daily '!AA6<0), "0",'FSLPL Daily '!AA7-'FSLPL Daily '!AA6) -> 2 | R5: =IF(('FSLPL Daily '!AC7-'FSLPL Daily '!AC6<0), "0",'FSLPL Daily '!AC7-'FSLPL Daily '!AC6) -> 1468 | S5: =IF(('FSLPL Daily '!AE7-'FSLPL Daily '!AE6<0), "0",'FSLPL Daily '!AE7-'FSLPL Daily '!AE6) -> 1878 | T5: =IF(('FSLPL Daily '!AG7-'FSLPL Daily '!AG6<0), "0",'FSLPL Daily '!AG7-'FSLPL Daily '!AG6) -> 253 | U5: =IF(('FSLPL Daily '!AI7-'FSLPL Daily '!AI6<0), "0",'FSLPL Daily '!AI7-'FSLPL Daily '!AI6) -> 76 | V5: =IF(('FSLPL Daily '!AK7-'FSLPL Daily '!AK6<0), "0",'FSLPL Daily '!AK7-'FSLPL Daily '!AK6) -> 376 | W5: =IF(('FSLPL Daily '!AM7-'FSLPL Daily '!AM6<0), "0",'FSLPL Daily '!AM7-'FSLPL Daily '!AM6) -> 592 | X5: =IF(('FSLPL Daily '!AO7-'FSLPL Daily '!AO6<0), "0",'FSLPL Daily '!AO7-'FSLPL Daily '!AO6) -> 688 | Y5: ='FSLPL Daily '!AS7 -> 0 | Z5: ='FSLPL Daily '!AU7 -> 0 | AA5: =IF(('FSLPL Daily '!AV7-'FSLPL Daily '!AV6<0), "0",'FSLPL Daily '!AV7-'FSLPL Daily '!AV6) -> 19 | AB5: =IF(('FSLPL Daily '!AX7-'FSLPL Daily '!AX6<0), "0",'FSLPL Daily '!AX7-'FSLPL Daily '!AX6) -> 5 | AC5: =IF(('FSLPL Daily '!AZ7-'FSLPL Daily '!AZ6<0), "0",'FSLPL Daily '!AZ7-'FSLPL Daily '!AZ6) -> 2310 | AD5: =IF(('FSLPL Daily '!BB7-'FSLPL Daily '!BB6<0), "0",'FSLPL Daily '!BB7-'FSLPL Daily '!BB6) -> 1144 | AE5: ='FSLPL Daily '!BD7 -> 145 | AF5: ='FSLPL Daily '!BE7 -> 192
A6: London at Park Lane | B6: =B5+1 -> 5 | C6: 2 | D6: 2020 | E6: =IF(('FSLPL Daily '!C8-'FSLPL Daily '!C7<0), "0",'FSLPL Daily '!C8-'FSLPL Daily '!C7) -> 7910 | F6: =IF(('FSLPL Daily '!E8-'FSLPL Daily '!E7<0), "0",'FSLPL Daily '!E8-'FSLPL Daily '!E7) -> 5670 | G6: =IF(('FSLPL Daily '!G8-'FSLPL Daily '!G7<0), "0",'FSLPL Daily '!G8-'FSLPL Daily '!G7) -> 4050 | H6: =IF(('FSLPL Daily '!I8-'FSLPL Daily '!I7<0), "0",'FSLPL Daily '!I8-'FSLPL Daily '!I7) -> 362 | I6: =IF(('FSLPL Daily '!K8-'FSLPL Daily '!K7<0), "0",'FSLPL Daily '!K8-'FSLPL Daily '!K7) -> 811 | J6: =IF(('FSLPL Daily '!M8-'FSLPL Daily '!M7<0), "0",'FSLPL Daily '!M8-'FSLPL Daily '!M7) -> 1408 | K6: =IF(('FSLPL Daily '!O8-'FSLPL Daily '!O7<0), "0",'FSLPL Daily '!O8-'FSLPL Daily '!O7) -> 661 | L6: =IF(('FSLPL Daily '!Q8-'FSLPL Daily '!Q7<0), "0",'FSLPL Daily '!Q8-'FSLPL Daily '!Q7) -> 381 | M6: =IF(('FSLPL Daily '!S8-'FSLPL Daily '!S7<0), "0",'FSLPL Daily '!S8-'FSLPL Daily '!S7) -> 118 | N6: =IF(('FSLPL Daily '!U8-'FSLPL Daily '!U7<0), "0",'FSLPL Daily '!U8-'FSLPL Daily '!U7) -> 1073 | O6: =IF(('FSLPL Daily '!W8-'FSLPL Daily '!W7<0), "0",'FSLPL Daily '!W8-'FSLPL Daily '!W7) -> 210 | P6: =IF(('FSLPL Daily '!Y8-'FSLPL Daily '!Y7<0), "0",'FSLPL Daily '!Y8-'FSLPL Daily '!Y7) -> 1041 | Q6: =IF(('FSLPL Daily '!AA8-'FSLPL Daily '!AA7<0), "0",'FSLPL Daily '!AA8-'FSLPL Daily '!AA7) -> 2 | R6: =IF(('FSLPL Daily '!AC8-'FSLPL Daily '!AC7<0), "0",'FSLPL Daily '!AC8-'FSLPL Daily '!AC7) -> 1453 | S6: =IF(('FSLPL Daily '!AE8-'FSLPL Daily '!AE7<0), "0",'FSLPL Daily '!AE8-'FSLPL Daily '!AE7) -> 1914 | T6: =IF(('FSLPL Daily '!AG8-'FSLPL Daily '!AG7<0), "0",'FSLPL Daily '!AG8-'FSLPL Daily '!AG7) -> 236 | U6: =IF(('FSLPL Daily '!AI8-'FSLPL Daily '!AI7<0), "0",'FSLPL Daily '!AI8-'FSLPL Daily '!AI7) -> 76 | V6: =IF(('FSLPL Daily '!AK8-'FSLPL Daily '!AK7<0), "0",'FSLPL Daily '!AK8-'FSLPL Daily '!AK7) -> 369 | W6: =IF(('FSLPL Daily '!AM8-'FSLPL Daily '!AM7<0), "0",'FSLPL Daily '!AM8-'FSLPL Daily '!AM7) -> 576 | X6: =IF(('FSLPL Daily '!AO8-'FSLPL Daily '!AO7<0), "0",'FSLPL Daily '!AO8-'FSLPL Daily '!AO7) -> 660 | Y6: ='FSLPL Daily '!AS8 -> 0 | Z6: ='FSLPL Daily '!AU8 -> 0 | AA6: =IF(('FSLPL Daily '!AV8-'FSLPL Daily '!AV7<0), "0",'FSLPL Daily '!AV8-'FSLPL Daily '!AV7) -> 20 | AB6: =IF(('FSLPL Daily '!AX8-'FSLPL Daily '!AX7<0), "0",'FSLPL Daily '!AX8-'FSLPL Daily '!AX7) -> 1 | AC6: =IF(('FSLPL Daily '!AZ8-'FSLPL Daily '!AZ7<0), "0",'FSLPL Daily '!AZ8-'FSLPL Daily '!AZ7) -> 2222 | AD6: =IF(('FSLPL Daily '!BB8-'FSLPL Daily '!BB7<0), "0",'FSLPL Daily '!BB8-'FSLPL Daily '!BB7) -> 1100 | AE6: ='FSLPL Daily '!BD8 -> 138 | AF6: ='FSLPL Daily '!BE8 -> 187
A7: London at Park Lane | B7: =B6+1 -> 6 | C7: 2 | D7: 2020 | E7: =IF(('FSLPL Daily '!C9-'FSLPL Daily '!C8<0), "0",'FSLPL Daily '!C9-'FSLPL Daily '!C8) -> 7911 | F7: =IF(('FSLPL Daily '!E9-'FSLPL Daily '!E8<0), "0",'FSLPL Daily '!E9-'FSLPL Daily '!E8) -> 5546 | G7: =IF(('FSLPL Daily '!G9-'FSLPL Daily '!G8<0), "0",'FSLPL Daily '!G9-'FSLPL Daily '!G8) -> 3828 | H7: =IF(('FSLPL Daily '!I9-'FSLPL Daily '!I8<0), "0",'FSLPL Daily '!I9-'FSLPL Daily '!I8) -> 472 | I7: =IF(('FSLPL Daily '!K9-'FSLPL Daily '!K8<0), "0",'FSLPL Daily '!K9-'FSLPL Daily '!K8) -> 832 | J7: =IF(('FSLPL Daily '!M9-'FSLPL Daily '!M8<0), "0",'FSLPL Daily '!M9-'FSLPL Daily '!M8) -> 1314 | K7: =IF(('FSLPL Daily '!O9-'FSLPL Daily '!O8<0), "0",'FSLPL Daily '!O9-'FSLPL Daily '!O8) -> 624 | L7: =IF(('FSLPL Daily '!Q9-'FSLPL Daily '!Q8<0), "0",'FSLPL Daily '!Q9-'FSLPL Daily '!Q8) -> 355 | M7: =IF(('FSLPL Daily '!S9-'FSLPL Daily '!S8<0), "0",'FSLPL Daily '!S9-'FSLPL Daily '!S8) -> 53 | N7: =IF(('FSLPL Daily '!U9-'FSLPL Daily '!U8<0), "0",'FSLPL Daily '!U9-'FSLPL Daily '!U8) -> 1128 | O7: =IF(('FSLPL Daily '!W9-'FSLPL Daily '!W8<0), "0",'FSLPL Daily '!W9-'FSLPL Daily '!W8) -> 226 | P7: =IF(('FSLPL Daily '!Y9-'FSLPL Daily '!Y8<0), "0",'FSLPL Daily '!Y9-'FSLPL Daily '!Y8) -> 1088 | Q7: =IF(('FSLPL Daily '!AA9-'FSLPL Daily '!AA8<0), "0",'FSLPL Daily '!AA9-'FSLPL Daily '!AA8) -> 3 | R7: =IF(('FSLPL Daily '!AC9-'FSLPL Daily '!AC8<0), "0",'FSLPL Daily '!AC9-'FSLPL Daily '!AC8) -> 1409 | S7: =IF(('FSLPL Daily '!AE9-'FSLPL Daily '!AE8<0), "0",'FSLPL Daily '!AE9-'FSLPL Daily '!AE8) -> 1943 | T7: =IF(('FSLPL Daily '!AG9-'FSLPL Daily '!AG8<0), "0",'FSLPL Daily '!AG9-'FSLPL Daily '!AG8) -> 236 | U7: =IF(('FSLPL Daily '!AI9-'FSLPL Daily '!AI8<0), "0",'FSLPL Daily '!AI9-'FSLPL Daily '!AI8) -> 77 | V7: =IF(('FSLPL Daily '!AK9-'FSLPL Daily '!AK8<0), "0",'FSLPL Daily '!AK9-'FSLPL Daily '!AK8) -> 359 | W7: =IF(('FSLPL Daily '!AM9-'FSLPL Daily '!AM8<0), "0",'FSLPL Daily '!AM9-'FSLPL Daily '!AM8) -> 583 | X7: =IF(('FSLPL Daily '!AO9-'FSLPL Daily '!AO8<0), "0",'FSLPL Daily '!AO9-'FSLPL Daily '!AO8) -> 672 | Y7: ='FSLPL Daily '!AS9 -> 0 | Z7: ='FSLPL Daily '!AU9 -> 0 | AA7: =IF(('FSLPL Daily '!AV9-'FSLPL Daily '!AV8<0), "0",'FSLPL Daily '!AV9-'FSLPL Daily '!AV8) -> 19 | AB7: =IF(('FSLPL Daily '!AX9-'FSLPL Daily '!AX8<0), "0",'FSLPL Daily '!AX9-'FSLPL Daily '!AX8) -> 1 | AC7: =IF(('FSLPL Daily '!AZ9-'FSLPL Daily '!AZ8<0), "0",'FSLPL Daily '!AZ9-'FSLPL Daily '!AZ8) -> 2607 | AD7: =IF(('FSLPL Daily '!BB9-'FSLPL Daily '!BB8<0), "0",'FSLPL Daily '!BB9-'FSLPL Daily '!BB8) -> 1096 | AE7: ='FSLPL Daily '!BD9 -> 131 | AF7: ='FSLPL Daily '!BE9 -> 175
A8: London at Park Lane | B8: =B7+1 -> 7 | C8: 2 | D8: 2020 | E8: =IF(('FSLPL Daily '!C10-'FSLPL Daily '!C9<0), "0",'FSLPL Daily '!C10-'FSLPL Daily '!C9) -> 8030 | F8: =IF(('FSLPL Daily '!E10-'FSLPL Daily '!E9<0), "0",'FSLPL Daily '!E10-'FSLPL Daily '!E9) -> 5479 | G8: =IF(('FSLPL Daily '!G10-'FSLPL Daily '!G9<0), "0",'FSLPL Daily '!G10-'FSLPL Daily '!G9) -> 3929 | H8: =IF(('FSLPL Daily '!I10-'FSLPL Daily '!I9<0), "0",'FSLPL Daily '!I10-'FSLPL Daily '!I9) -> 491 | I8: =IF(('FSLPL Daily '!K10-'FSLPL Daily '!K9<0), "0",'FSLPL Daily '!K10-'FSLPL Daily '!K9) -> 824 | J8: =IF(('FSLPL Daily '!M10-'FSLPL Daily '!M9<0), "0",'FSLPL Daily '!M10-'FSLPL Daily '!M9) -> 1437 | K8: =IF(('FSLPL Daily '!O10-'FSLPL Daily '!O9<0), "0",'FSLPL Daily '!O10-'FSLPL Daily '!O9) -> 666 | L8: =IF(('FSLPL Daily '!Q10-'FSLPL Daily '!Q9<0), "0",'FSLPL Daily '!Q10-'FSLPL Daily '!Q9) -> 353 | M8: =IF(('FSLPL Daily '!S10-'FSLPL Daily '!S9<0), "0",'FSLPL Daily '!S10-'FSLPL Daily '!S9) -> 85 | N8: =IF(('FSLPL Daily '!U10-'FSLPL Daily '!U9<0), "0",'FSLPL Daily '!U10-'FSLPL Daily '!U9) -> 1093 | O8: =IF(('FSLPL Daily '!W10-'FSLPL Daily '!W9<0), "0",'FSLPL Daily '!W10-'FSLPL Daily '!W9) -> 253 | P8: =IF(('FSLPL Daily '!Y10-'FSLPL Daily '!Y9<0), "0",'FSLPL Daily '!Y10-'FSLPL Daily '!Y9) -> 1058 | Q8: =IF(('FSLPL Daily '!AA10-'FSLPL Daily '!AA9<0), "0",'FSLPL Daily '!AA10-'FSLPL Daily '!AA9) -> 2 | R8: =IF(('FSLPL Daily '!AC10-'FSLPL Daily '!AC9<0), "0",'FSLPL Daily '!AC10-'FSLPL Daily '!AC9) -> 1461 | S8: =IF(('FSLPL Daily '!AE10-'FSLPL Daily '!AE9<0), "0",'FSLPL Daily '!AE10-'FSLPL Daily '!AE9) -> 1838 | T8: =IF(('FSLPL Daily '!AG10-'FSLPL Daily '!AG9<0), "0",'FSLPL Daily '!AG10-'FSLPL Daily '!AG9) -> 233 | U8: =IF(('FSLPL Daily '!AI10-'FSLPL Daily '!AI9<0), "0",'FSLPL Daily '!AI10-'FSLPL Daily '!AI9) -> 76 | V8: =IF(('FSLPL Daily '!AK10-'FSLPL Daily '!AK9<0), "0",'FSLPL Daily '!AK10-'FSLPL Daily '!AK9) -> 339 | W8: =IF(('FSLPL Daily '!AM10-'FSLPL Daily '!AM9<0), "0",'FSLPL Daily '!AM10-'FSLPL Daily '!AM9) -> 582 | X8: =IF(('FSLPL Daily '!AO10-'FSLPL Daily '!AO9<0), "0",'FSLPL Daily '!AO10-'FSLPL Daily '!AO9) -> 640 | Y8: ='FSLPL Daily '!AS10 -> 0 | Z8: ='FSLPL Daily '!AU10 -> 0 | AA8: =IF(('FSLPL Daily '!AV10-'FSLPL Daily '!AV9<0), "0",'FSLPL Daily '!AV10-'FSLPL Daily '!AV9) -> 19 | AB8: =IF(('FSLPL Daily '!AX10-'FSLPL Daily '!AX9<0), "0",'FSLPL Daily '!AX10-'FSLPL Daily '!AX9) -> 2 | AC8: =IF(('FSLPL Daily '!AZ10-'FSLPL Daily '!AZ9<0), "0",'FSLPL Daily '!AZ10-'FSLPL Daily '!AZ9) -> 2403 | AD8: =IF(('FSLPL Daily '!BB10-'FSLPL Daily '!BB9<0), "0",'FSLPL Daily '!BB10-'FSLPL Daily '!BB9) -> 1094 | AE8: ='FSLPL Daily '!BD10 -> 114 | AF8: ='FSLPL Daily '!BE10 -> 160
A9: London at Park Lane | B9: =B8+1 -> 8 | C9: 2 | D9: 2020 | E9: =IF(('FSLPL Daily '!C11-'FSLPL Daily '!C10<0), "0",'FSLPL Daily '!C11-'FSLPL Daily '!C10) -> 7545 | F9: =IF(('FSLPL Daily '!E11-'FSLPL Daily '!E10<0), "0",'FSLPL Daily '!E11-'FSLPL Daily '!E10) -> 5363 | G9: =IF(('FSLPL Daily '!G11-'FSLPL Daily '!G10<0), "0",'FSLPL Daily '!G11-'FSLPL Daily '!G10) -> 3849 | H9: =IF(('FSLPL Daily '!I11-'FSLPL Daily '!I10<0), "0",'FSLPL Daily '!I11-'FSLPL Daily '!I10) -> 483 | I9: =IF(('FSLPL Daily '!K11-'FSLPL Daily '!K10<0), "0",'FSLPL Daily '!K11-'FSLPL Daily '!K10) -> 811 | J9: =IF(('FSLPL Daily '!M11-'FSLPL Daily '!M10<0), "0",'FSLPL Daily '!M11-'FSLPL Daily '!M10) -> 1260 | K9: =IF(('FSLPL Daily '!O11-'FSLPL Daily '!O10<0), "0",'FSLPL Daily '!O11-'FSLPL Daily '!O10) -> 664 | L9: =IF(('FSLPL Daily '!Q11-'FSLPL Daily '!Q10<0), "0",'FSLPL Daily '!Q11-'FSLPL Daily '!Q10) -> 355 | M9: =IF(('FSLPL Daily '!S11-'FSLPL Daily '!S10<0), "0",'FSLPL Daily '!S11-'FSLPL Daily '!S10) -> 84 | N9: =IF(('FSLPL Daily '!U11-'FSLPL Daily '!U10<0), "0",'FSLPL Daily '!U11-'FSLPL Daily '!U10) -> 929 | O9: =IF(('FSLPL Daily '!W11-'FSLPL Daily '!W10<0), "0",'FSLPL Daily '!W11-'FSLPL Daily '!W10) -> 133 | P9: =IF(('FSLPL Daily '!Y11-'FSLPL Daily '!Y10<0), "0",'FSLPL Daily '!Y11-'FSLPL Daily '!Y10) -> 1073 | Q9: =IF(('FSLPL Daily '!AA11-'FSLPL Daily '!AA10<0), "0",'FSLPL Daily '!AA11-'FSLPL Daily '!AA10) -> 2 | R9: =IF(('FSLPL Daily '!AC11-'FSLPL Daily '!AC10<0), "0",'FSLPL Daily '!AC11-'FSLPL Daily '!AC10) -> 1422 | S9: =IF(('FSLPL Daily '!AE11-'FSLPL Daily '!AE10<0), "0",'FSLPL Daily '!AE11-'FSLPL Daily '!AE10) -> 1708 | T9: =IF(('FSLPL Daily '!AG11-'FSLPL Daily '!AG10<0), "0",'FSLPL Daily '!AG11-'FSLPL Daily '!AG10) -> 228 | U9: =IF(('FSLPL Daily '!AI11-'FSLPL Daily '!AI10<0), "0",'FSLPL Daily '!AI11-'FSLPL Daily '!AI10) -> 74 | V9: =IF(('FSLPL Daily '!AK11-'FSLPL Daily '!AK10<0), "0",'FSLPL Daily '!AK11-'FSLPL Daily '!AK10) -> 343 | W9: =IF(('FSLPL Daily '!AM11-'FSLPL Daily '!AM10<0), "0",'FSLPL Daily '!AM11-'FSLPL Daily '!AM10) -> 577 | X9: =IF(('FSLPL Daily '!AO11-'FSLPL Daily '!AO10<0), "0",'FSLPL Daily '!AO11-'FSLPL Daily '!AO10) -> 719 | Y9: ='FSLPL Daily '!AS11 -> 0 | Z9: ='FSLPL Daily '!AU11 -> 0 | AA9: =IF(('FSLPL Daily '!AV11-'FSLPL Daily '!AV10<0), "0",'FSLPL Daily '!AV11-'FSLPL Daily '!AV10) -> 26 | AB9: =IF(('FSLPL Daily '!AX11-'FSLPL Daily '!AX10<0), "0",'FSLPL Daily '!AX11-'FSLPL Daily '!AX10) -> 6 | AC9: =IF(('FSLPL Daily '!AZ11-'FSLPL Daily '!AZ10<0), "0",'FSLPL Daily '!AZ11-'FSLPL Daily '!AZ10) -> 2271 | AD9: =IF(('FSLPL Daily '!BB11-'FSLPL Daily '!BB10<0), "0",'FSLPL Daily '!BB11-'FSLPL Daily '!BB10) -> 1080 | AE9: ='FSLPL Daily '!BD11 -> 123 | AF9: ='FSLPL Daily '!BE11 -> 173
A10: London at Park Lane | B10: =B9+1 -> 9 | C10: 2 | D10: 2020 | E10: =IF(('FSLPL Daily '!C12-'FSLPL Daily '!C11<0), "0",'FSLPL Daily '!C12-'FSLPL Daily '!C11) -> 7422 | F10: =IF(('FSLPL Daily '!E12-'FSLPL Daily '!E11<0), "0",'FSLPL Daily '!E12-'FSLPL Daily '!E11) -> 5239 | G10: =IF(('FSLPL Daily '!G12-'FSLPL Daily '!G11<0), "0",'FSLPL Daily '!G12-'FSLPL Daily '!G11) -> 3950 | H10: =IF(('FSLPL Daily '!I12-'FSLPL Daily '!I11<0), "0",'FSLPL Daily '!I12-'FSLPL Daily '!I11) -> 446 | I10: =IF(('FSLPL Daily '!K12-'FSLPL Daily '!K11<0), "0",'FSLPL Daily '!K12-'FSLPL Daily '!K11) -> 812 | J10: =IF(('FSLPL Daily '!M12-'FSLPL Daily '!M11<0), "0",'FSLPL Daily '!M12-'FSLPL Daily '!M11) -> 1272 | K10: =IF(('FSLPL Daily '!O12-'FSLPL Daily '!O11<0), "0",'FSLPL Daily '!O12-'FSLPL Daily '!O11) -> 644 | L10: =IF(('FSLPL Daily '!Q12-'FSLPL Daily '!Q11<0), "0",'FSLPL Daily '!Q12-'FSLPL Daily '!Q11) -> 351 | M10: =IF(('FSLPL Daily '!S12-'FSLPL Daily '!S11<0), "0",'FSLPL Daily '!S12-'FSLPL Daily '!S11) -> 85 | N10: =IF(('FSLPL Daily '!U12-'FSLPL Daily '!U11<0), "0",'FSLPL Daily '!U12-'FSLPL Daily '!U11) -> 860 | O10: =IF(('FSLPL Daily '!W12-'FSLPL Daily '!W11<0), "0",'FSLPL Daily '!W12-'FSLPL Daily '!W11) -> 137 | P10: =IF(('FSLPL Daily '!Y12-'FSLPL Daily '!Y11<0), "0",'FSLPL Daily '!Y12-'FSLPL Daily '!Y11) -> 1074 | Q10: =IF(('FSLPL Daily '!AA12-'FSLPL Daily '!AA11<0), "0",'FSLPL Daily '!AA12-'FSLPL Daily '!AA11) -> 2 | R10: =IF(('FSLPL Daily '!AC12-'FSLPL Daily '!AC11<0), "0",'FSLPL Daily '!AC12-'FSLPL Daily '!AC11) -> 1448 | S10: =IF(('FSLPL Daily '!AE12-'FSLPL Daily '!AE11<0), "0",'FSLPL Daily '!AE12-'FSLPL Daily '!AE11) -> 1766 | T10: =IF(('FSLPL Daily '!AG12-'FSLPL Daily '!AG11<0), "0",'FSLPL Daily '!AG12-'FSLPL Daily '!AG11) -> 236 | U10: =IF(('FSLPL Daily '!AI12-'FSLPL Daily '!AI11<0), "0",'FSLPL Daily '!AI12-'FSLPL Daily '!AI11) -> 76 | V10: =IF(('FSLPL Daily '!AK12-'FSLPL Daily '!AK11<0), "0",'FSLPL Daily '!AK12-'FSLPL Daily '!AK11) -> 337 | W10: =IF(('FSLPL Daily '!AM12-'FSLPL Daily '!AM11<0), "0",'FSLPL Daily '!AM12-'FSLPL Daily '!AM11) -> 589 | X10: =IF(('FSLPL Daily '!AO12-'FSLPL Daily '!AO11<0), "0",'FSLPL Daily '!AO12-'FSLPL Daily '!AO11) -> 642 | Y10: ='FSLPL Daily '!AS12 -> 0 | Z10: ='FSLPL Daily '!AU12 -> 0 | AA10: =IF(('FSLPL Daily '!AV12-'FSLPL Daily '!AV11<0), "0",'FSLPL Daily '!AV12-'FSLPL Daily '!AV11) -> 26 | AB10: =IF(('FSLPL Daily '!AX12-'FSLPL Daily '!AX11<0), "0",'FSLPL Daily '!AX12-'FSLPL Daily '!AX11) -> 4 | AC10: =IF(('FSLPL Daily '!AZ12-'FSLPL Daily '!AZ11<0), "0",'FSLPL Daily '!AZ12-'FSLPL Daily '!AZ11) -> 2249 | AD10: =IF(('FSLPL Daily '!BB12-'FSLPL Daily '!BB11<0), "0",'FSLPL Daily '!BB12-'FSLPL Daily '!BB11) -> 1125 | AE10: ='FSLPL Daily '!BD12 -> 102 | AF10: ='FSLPL Daily '!BE12 -> 137
A11: London at Park Lane | B11: =B10+1 -> 10 | C11: 2 | D11: 2020 | E11: =IF(('FSLPL Daily '!C13-'FSLPL Daily '!C12<0), "0",'FSLPL Daily '!C13-'FSLPL Daily '!C12) -> 7664 | F11: =IF(('FSLPL Daily '!E13-'FSLPL Daily '!E12<0), "0",'FSLPL Daily '!E13-'FSLPL Daily '!E12) -> 5332 | G11: =IF(('FSLPL Daily '!G13-'FSLPL Daily '!G12<0), "0",'FSLPL Daily '!G13-'FSLPL Daily '!G12) -> 3974 | H11: =IF(('FSLPL Daily '!I13-'FSLPL Daily '!I12<0), "0",'FSLPL Daily '!I13-'FSLPL Daily '!I12) -> 483 | I11: =IF(('FSLPL Daily '!K13-'FSLPL Daily '!K12<0), "0",'FSLPL Daily '!K13-'FSLPL Daily '!K12) -> 840 | J11: =IF(('FSLPL Daily '!M13-'FSLPL Daily '!M12<0), "0",'FSLPL Daily '!M13-'FSLPL Daily '!M12) -> 1373 | K11: =IF(('FSLPL Daily '!O13-'FSLPL Daily '!O12<0), "0",'FSLPL Daily '!O13-'FSLPL Daily '!O12) -> 627 | L11: =IF(('FSLPL Daily '!Q13-'FSLPL Daily '!Q12<0), "0",'FSLPL Daily '!Q13-'FSLPL Daily '!Q12) -> 351 | M11: =IF(('FSLPL Daily '!S13-'FSLPL Daily '!S12<0), "0",'FSLPL Daily '!S13-'FSLPL Daily '!S12) -> 85 | N11: =IF(('FSLPL Daily '!U13-'FSLPL Daily '!U12<0), "0",'FSLPL Daily '!U13-'FSLPL Daily '!U12) -> 993 | O11: =IF(('FSLPL Daily '!W13-'FSLPL Daily '!W12<0), "0",'FSLPL Daily '!W13-'FSLPL Daily '!W12) -> 141 | P11: =IF(('FSLPL Daily '!Y13-'FSLPL Daily '!Y12<0), "0",'FSLPL Daily '!Y13-'FSLPL Daily '!Y12) -> 1011 | Q11: =IF(('FSLPL Daily '!AA13-'FSLPL Daily '!AA12<0), "0",'FSLPL Daily '!AA13-'FSLPL Daily '!AA12) -> 3 | R11: =IF(('FSLPL Daily '!AC13-'FSLPL Daily '!AC12<0), "0",'FSLPL Daily '!AC13-'FSLPL Daily '!AC12) -> 1431 | S11: =IF(('FSLPL Daily '!AE13-'FSLPL Daily '!AE12<0), "0",'FSLPL Daily '!AE13-'FSLPL Daily '!AE12) -> 1877 | T11: =IF(('FSLPL Daily '!AG13-'FSLPL Daily '!AG12<0), "0",'FSLPL Daily '!AG13-'FSLPL Daily '!AG12) -> 235 | U11: =IF(('FSLPL Daily '!AI13-'FSLPL Daily '!AI12<0), "0",'FSLPL Daily '!AI13-'FSLPL Daily '!AI12) -> 75 | V11: =IF(('FSLPL Daily '!AK13-'FSLPL Daily '!AK12<0), "0",'FSLPL Daily '!AK13-'FSLPL Daily '!AK12) -> 337 | W11: =IF(('FSLPL Daily '!AM13-'FSLPL Daily '!AM12<0), "0",'FSLPL Daily '!AM13-'FSLPL Daily '!AM12) -> 595 | X11: =IF(('FSLPL Daily '!AO13-'FSLPL Daily '!AO12<0), "0",'FSLPL Daily '!AO13-'FSLPL Daily '!AO12) -> 687 | Y11: ='FSLPL Daily '!AS13 -> 220 | Z11: ='FSLPL Daily '!AU13 -> 519 | AA11: =IF(('FSLPL Daily '!AV13-'FSLPL Daily '!AV12<0), "0",'FSLPL Daily '!AV13-'FSLPL Daily '!AV12) -> 21 | AB11: =IF(('FSLPL Daily '!AX13-'FSLPL Daily '!AX12<0), "0",'FSLPL Daily '!AX13-'FSLPL Daily '!AX12) -> 2 | AC11: =IF(('FSLPL Daily '!AZ13-'FSLPL Daily '!AZ12<0), "0",'FSLPL Daily '!AZ13-'FSLPL Daily '!AZ12) -> 2202 | AD11: =IF(('FSLPL Daily '!BB13-'FSLPL Daily '!BB12<0), "0",'FSLPL Daily '!BB13-'FSLPL Daily '!BB12) -> 1153 | AE11: ='FSLPL Daily '!BD13 -> 110 | AF11: ='FSLPL Daily '!BE13 -> 139
A12: London at Park Lane | B12: =B11+1 -> 11 | C12: 2 | D12: 2020 | E12: =IF(('FSLPL Daily '!C14-'FSLPL Daily '!C13<0), "0",'FSLPL Daily '!C14-'FSLPL Daily '!C13) -> 7241 | F12: =IF(('FSLPL Daily '!E14-'FSLPL Daily '!E13<0), "0",'FSLPL Daily '!E14-'FSLPL Daily '!E13) -> 4938 | G12: =IF(('FSLPL Daily '!G14-'FSLPL Daily '!G13<0), "0",'FSLPL Daily '!G14-'FSLPL Daily '!G13) -> 3857 | H12: =IF(('FSLPL Daily '!I14-'FSLPL Daily '!I13<0), "0",'FSLPL Daily '!I14-'FSLPL Daily '!I13) -> 454 | I12: =IF(('FSLPL Daily '!K14-'FSLPL Daily '!K13<0), "0",'FSLPL Daily '!K14-'FSLPL Daily '!K13) -> 825 | J12: =IF(('FSLPL Daily '!M14-'FSLPL Daily '!M13<0), "0",'FSLPL Daily '!M14-'FSLPL Daily '!M13) -> 1120 | K12: =IF(('FSLPL Daily '!O14-'FSLPL Daily '!O13<0), "0",'FSLPL Daily '!O14-'FSLPL Daily '!O13) -> 574 | L12: =IF(('FSLPL Daily '!Q14-'FSLPL Daily '!Q13<0), "0",'FSLPL Daily '!Q14-'FSLPL Daily '!Q13) -> 328 | M12: =IF(('FSLPL Daily '!S14-'FSLPL Daily '!S13<0), "0",'FSLPL Daily '!S14-'FSLPL Daily '!S13) -> 85 | N12: =IF(('FSLPL Daily '!U14-'FSLPL Daily '!U13<0), "0",'FSLPL Daily '!U14-'FSLPL Daily '!U13) -> 977 | O12: =IF(('FSLPL Daily '!W14-'FSLPL Daily '!W13<0), "0",'FSLPL Daily '!W14-'FSLPL Daily '!W13) -> 120 | P12: =IF(('FSLPL Daily '!Y14-'FSLPL Daily '!Y13<0), "0",'FSLPL Daily '!Y14-'FSLPL Daily '!Y13) -> 870 | Q12: =IF(('FSLPL Daily '!AA14-'FSLPL Daily '!AA13<0), "0",'FSLPL Daily '!AA14-'FSLPL Daily '!AA13) -> 2 | R12: =IF(('FSLPL Daily '!AC14-'FSLPL Daily '!AC13<0), "0",'FSLPL Daily '!AC14-'FSLPL Daily '!AC13) -> 1122 | S12: =IF(('FSLPL Daily '!AE14-'FSLPL Daily '!AE13<0), "0",'FSLPL Daily '!AE14-'FSLPL Daily '!AE13) -> 1895 | T12: =IF(('FSLPL Daily '!AG14-'FSLPL Daily '!AG13<0), "0",'FSLPL Daily '!AG14-'FSLPL Daily '!AG13) -> 153 | U12: =IF(('FSLPL Daily '!AI14-'FSLPL Daily '!AI13<0), "0",'FSLPL Daily '!AI14-'FSLPL Daily '!AI13) -> 67 | V12: =IF(('FSLPL Daily '!AK14-'FSLPL Daily '!AK13<0), "0",'FSLPL Daily '!AK14-'FSLPL Daily '!AK13) -> 345 | W12: =IF(('FSLPL Daily '!AM14-'FSLPL Daily '!AM13<0), "0",'FSLPL Daily '!AM14-'FSLPL Daily '!AM13) -> 599 | X12: =IF(('FSLPL Daily '!AO14-'FSLPL Daily '!AO13<0), "0",'FSLPL Daily '!AO14-'FSLPL Daily '!AO13) -> 581 | Y12: ='FSLPL Daily '!AS14 -> 0 | Z12: ='FSLPL Daily '!AU14 -> 0 | AA12: =IF(('FSLPL Daily '!AV14-'FSLPL Daily '!AV13<0), "0",'FSLPL Daily '!AV14-'FSLPL Daily '!AV13) -> 20 | AB12: =IF(('FSLPL Daily '!AX14-'FSLPL Daily '!AX13<0), "0",'FSLPL Daily '!AX14-'FSLPL Daily '!AX13) -> 4 | AC12: =IF(('FSLPL Daily '!AZ14-'FSLPL Daily '!AZ13<0), "0",'FSLPL Daily '!AZ14-'FSLPL Daily '!AZ13) -> 2233 | AD12: =IF(('FSLPL Daily '!BB14-'FSLPL Daily '!BB13<0), "0",'FSLPL Daily '!BB14-'FSLPL Daily '!BB13) -> 1101 | AE12: ='FSLPL Daily '!BD14 -> 129 | AF12: ='FSLPL Daily '!BE14 -> 163
A13: London at Park Lane | B13: =B12+1 -> 12 | C13: 2 | D13: 2020 | E13: =IF(('FSLPL Daily '!C15-'FSLPL Daily '!C14<0), "0",'FSLPL Daily '!C15-'FSLPL Daily '!C14) -> 7484 | F13: =IF(('FSLPL Daily '!E15-'FSLPL Daily '!E14<0), "0",'FSLPL Daily '!E15-'FSLPL Daily '!E14) -> 4732 | G13: =IF(('FSLPL Daily '!G15-'FSLPL Daily '!G14<0), "0",'FSLPL Daily '!G15-'FSLPL Daily '!G14) -> 3938 | H13: =IF(('FSLPL Daily '!I15-'FSLPL Daily '!I14<0), "0",'FSLPL Daily '!I15-'FSLPL Daily '!I14) -> 472 | I13: =IF(('FSLPL Daily '!K15-'FSLPL Daily '!K14<0), "0",'FSLPL Daily '!K15-'FSLPL Daily '!K14) -> 816 | J13: =IF(('FSLPL Daily '!M15-'FSLPL Daily '!M14<0), "0",'FSLPL Daily '!M15-'FSLPL Daily '!M14) -> 1147 | K13: =IF(('FSLPL Daily '!O15-'FSLPL Daily '!O14<0), "0",'FSLPL Daily '!O15-'FSLPL Daily '!O14) -> 585 | L13: =IF(('FSLPL Daily '!Q15-'FSLPL Daily '!Q14<0), "0",'FSLPL Daily '!Q15-'FSLPL Daily '!Q14) -> 377 | M13: =IF(('FSLPL Daily '!S15-'FSLPL Daily '!S14<0), "0",'FSLPL Daily '!S15-'FSLPL Daily '!S14) -> 84 | N13: =IF(('FSLPL Daily '!U15-'FSLPL Daily '!U14<0), "0",'FSLPL Daily '!U15-'FSLPL Daily '!U14) -> 1142 | O13: =IF(('FSLPL Daily '!W15-'FSLPL Daily '!W14<0), "0",'FSLPL Daily '!W15-'FSLPL Daily '!W14) -> 155 | P13: =IF(('FSLPL Daily '!Y15-'FSLPL Daily '!Y14<0), "0",'FSLPL Daily '!Y15-'FSLPL Daily '!Y14) -> 847 | Q13: =IF(('FSLPL Daily '!AA15-'FSLPL Daily '!AA14<0), "0",'FSLPL Daily '!AA15-'FSLPL Daily '!AA14) -> 2 | R13: =IF(('FSLPL Daily '!AC15-'FSLPL Daily '!AC14<0), "0",'FSLPL Daily '!AC15-'FSLPL Daily '!AC14) -> 882 | S13: =IF(('FSLPL Daily '!AE15-'FSLPL Daily '!AE14<0), "0",'FSLPL Daily '!AE15-'FSLPL Daily '!AE14) -> 1899 | T13: =IF(('FSLPL Daily '!AG15-'FSLPL Daily '!AG14<0), "0",'FSLPL Daily '!AG15-'FSLPL Daily '!AG14) -> 78 | U13: =IF(('FSLPL Daily '!AI15-'FSLPL Daily '!AI14<0), "0",'FSLPL Daily '!AI15-'FSLPL Daily '!AI14) -> 76 | V13: =IF(('FSLPL Daily '!AK15-'FSLPL Daily '!AK14<0), "0",'FSLPL Daily '!AK15-'FSLPL Daily '!AK14) -> 327 | W13: =IF(('FSLPL Daily '!AM15-'FSLPL Daily '!AM14<0), "0",'FSLPL Daily '!AM15-'FSLPL Daily '!AM14) -> 612 | X13: =IF(('FSLPL Daily '!AO15-'FSLPL Daily '!AO14<0), "0",'FSLPL Daily '!AO15-'FSLPL Daily '!AO14) -> 638 | Y13: ='FSLPL Daily '!AS15 -> 0 | Z13: ='FSLPL Daily '!AU15 -> 0 | AA13: =IF(('FSLPL Daily '!AV15-'FSLPL Daily '!AV14<0), "0",'FSLPL Daily '!AV15-'FSLPL Daily '!AV14) -> 21 | AB13: =IF(('FSLPL Daily '!AX15-'FSLPL Daily '!AX14<0), "0",'FSLPL Daily '!AX15-'FSLPL Daily '!AX14) -> 1 | AC13: =IF(('FSLPL Daily '!AZ15-'FSLPL Daily '!AZ14<0), "0",'FSLPL Daily '!AZ15-'FSLPL Daily '!AZ14) -> 2267 | AD13: =IF(('FSLPL Daily '!BB15-'FSLPL Daily '!BB14<0), "0",'FSLPL Daily '!BB15-'FSLPL Daily '!BB14) -> 1114 | AE13: ='FSLPL Daily '!BD15 -> 136 | AF13: ='FSLPL Daily '!BE15 -> 174
A14: London at Park Lane | B14: =B13+1 -> 13 | C14: 2 | D14: 2020 | E14: =IF(('FSLPL Daily '!C16-'FSLPL Daily '!C15<0), "0",'FSLPL Daily '!C16-'FSLPL Daily '!C15) -> 7484 | F14: =IF(('FSLPL Daily '!E16-'FSLPL Daily '!E15<0), "0",'FSLPL Daily '!E16-'FSLPL Daily '!E15) -> 5308 | G14: =IF(('FSLPL Daily '!G16-'FSLPL Daily '!G15<0), "0",'FSLPL Daily '!G16-'FSLPL Daily '!G15) -> 3874 | H14: =IF(('FSLPL Daily '!I16-'FSLPL Daily '!I15<0), "0",'FSLPL Daily '!I16-'FSLPL Daily '!I15) -> 441 | I14: =IF(('FSLPL Daily '!K16-'FSLPL Daily '!K15<0), "0",'FSLPL Daily '!K16-'FSLPL Daily '!K15) -> 828 | J14: =IF(('FSLPL Daily '!M16-'FSLPL Daily '!M15<0), "0",'FSLPL Daily '!M16-'FSLPL Daily '!M15) -> 1187 | K14: =IF(('FSLPL Daily '!O16-'FSLPL Daily '!O15<0), "0",'FSLPL Daily '!O16-'FSLPL Daily '!O15) -> 590 | L14: =IF(('FSLPL Daily '!Q16-'FSLPL Daily '!Q15<0), "0",'FSLPL Daily '!Q16-'FSLPL Daily '!Q15) -> 344 | M14: =IF(('FSLPL Daily '!S16-'FSLPL Daily '!S15<0), "0",'FSLPL Daily '!S16-'FSLPL Daily '!S15) -> 84 | N14: =IF(('FSLPL Daily '!U16-'FSLPL Daily '!U15<0), "0",'FSLPL Daily '!U16-'FSLPL Daily '!U15) -> 1052 | O14: =IF(('FSLPL Daily '!W16-'FSLPL Daily '!W15<0), "0",'FSLPL Daily '!W16-'FSLPL Daily '!W15) -> 195 | P14: =IF(('FSLPL Daily '!Y16-'FSLPL Daily '!Y15<0), "0",'FSLPL Daily '!Y16-'FSLPL Daily '!Y15) -> 960 | Q14: =IF(('FSLPL Daily '!AA16-'FSLPL Daily '!AA15<0), "0",'FSLPL Daily '!AA16-'FSLPL Daily '!AA15) -> 2 | R14: =IF(('FSLPL Daily '!AC16-'FSLPL Daily '!AC15<0), "0",'FSLPL Daily '!AC16-'FSLPL Daily '!AC15) -> 1248 | S14: =IF(('FSLPL Daily '!AE16-'FSLPL Daily '!AE15<0), "0",'FSLPL Daily '!AE16-'FSLPL Daily '!AE15) -> 1952 | T14: =IF(('FSLPL Daily '!AG16-'FSLPL Daily '!AG15<0), "0",'FSLPL Daily '!AG16-'FSLPL Daily '!AG15) -> 167 | U14: =IF(('FSLPL Daily '!AI16-'FSLPL Daily '!AI15<0), "0",'FSLPL Daily '!AI16-'FSLPL Daily '!AI15) -> 75 | V14: =IF(('FSLPL Daily '!AK16-'FSLPL Daily '!AK15<0), "0",'FSLPL Daily '!AK16-'FSLPL Daily '!AK15) -> 345 | W14: =IF(('FSLPL Daily '!AM16-'FSLPL Daily '!AM15<0), "0",'FSLPL Daily '!AM16-'FSLPL Daily '!AM15) -> 602 | X14: =IF(('FSLPL Daily '!AO16-'FSLPL Daily '!AO15<0), "0",'FSLPL Daily '!AO16-'FSLPL Daily '!AO15) -> 614 | Y14: ='FSLPL Daily '!AS16 -> 0 | Z14: ='FSLPL Daily '!AU16 -> 0 | AA14: =IF(('FSLPL Daily '!AV16-'FSLPL Daily '!AV15<0), "0",'FSLPL Daily '!AV16-'FSLPL Daily '!AV15) -> 20 | AB14: =IF(('FSLPL Daily '!AX16-'FSLPL Daily '!AX15<0), "0",'FSLPL Daily '!AX16-'FSLPL Daily '!AX15) -> 3 | AC14: =IF(('FSLPL Daily '!AZ16-'FSLPL Daily '!AZ15<0), "0",'FSLPL Daily '!AZ16-'FSLPL Daily '!AZ15) -> 2257 | AD14: =IF(('FSLPL Daily '!BB16-'FSLPL Daily '!BB15<0), "0",'FSLPL Daily '!BB16-'FSLPL Daily '!BB15) -> 1098 | AE14: ='FSLPL Daily '!BD16 -> 121 | AF14: ='FSLPL Daily '!BE16 -> 166
... A30: London at Park Lane | B30: =B29+1 -> 29 | C30: 2 | D30: 2020 | E30: =IF(('FSLPL Daily '!C32-'FSLPL Daily '!C31<0), "0",'FSLPL Daily '!C32-'FSLPL Daily '!C31) -> 0 | F30: =IF(('FSLPL Daily '!E32-'FSLPL Daily '!E31<0), "0",'FSLPL Daily '!E32-'FSLPL Daily '!E31) -> 0 | G30: =IF(('FSLPL Daily '!G32-'FSLPL Daily '!G31<0), "0",'FSLPL Daily '!G32-'FSLPL Daily '!G31) -> 0 | H30: =IF(('FSLPL Daily '!I32-'FSLPL Daily '!I31<0), "0",'FSLPL Daily '!I32-'FSLPL Daily '!I31) -> 0 | I30: =IF(('FSLPL Daily '!K32-'FSLPL Daily '!K31<0), "0",'FSLPL Daily '!K32-'FSLPL Daily '!K31) -> 0 | J30: =IF(('FSLPL Daily '!M32-'FSLPL Daily '!M31<0), "0",'FSLPL Daily '!M32-'FSLPL Daily '!M31) -> 0 | K30: =IF(('FSLPL Daily '!O32-'FSLPL Daily '!O31<0), "0",'FSLPL Daily '!O32-'FSLPL Daily '!O31) -> 0 | L30: =IF(('FSLPL Daily '!Q32-'FSLPL Daily '!Q31<0), "0",'FSLPL Daily '!Q32-'FSLPL Daily '!Q31) -> 0 | M30: =IF(('FSLPL Daily '!S32-'FSLPL Daily '!S31<0), "0",'FSLPL Daily '!S32-'FSLPL Daily '!S31) -> 0 | N30: =IF(('FSLPL Daily '!U32-'FSLPL Daily '!U31<0), "0",'FSLPL Daily '!U32-'FSLPL Daily '!U31) -> 0 | O30: =IF(('FSLPL Daily '!W32-'FSLPL Daily '!W31<0), "0",'FSLPL Daily '!W32-'FSLPL Daily '!W31) -> 0 | P30: =IF(('FSLPL Daily '!Y32-'FSLPL Daily '!Y31<0), "0",'FSLPL Daily '!Y32-'FSLPL Daily '!Y31) -> 0 | Q30: =IF(('FSLPL Daily '!AA32-'FSLPL Daily '!AA31<0), "0",'FSLPL Daily '!AA32-'FSLPL Daily '!AA31) -> 0 | R30: =IF(('FSLPL Daily '!AC32-'FSLPL Daily '!AC31<0), "0",'FSLPL Daily '!AC32-'FSLPL Daily '!AC31) -> 0 | S30: =IF(('FSLPL Daily '!AE32-'FSLPL Daily '!AE31<0), "0",'FSLPL Daily '!AE32-'FSLPL Daily '!AE31) -> 0 | T30: =IF(('FSLPL Daily '!AG32-'FSLPL Daily '!AG31<0), "0",'FSLPL Daily '!AG32-'FSLPL Daily '!AG31) -> 0 | U30: =IF(('FSLPL Daily '!AI32-'FSLPL Daily '!AI31<0), "0",'FSLPL Daily '!AI32-'FSLPL Daily '!AI31) -> 0 | V30: =IF(('FSLPL Daily '!AK32-'FSLPL Daily '!AK31<0), "0",'FSLPL Daily '!AK32-'FSLPL Daily '!AK31) -> 0 | W30: =IF(('FSLPL Daily '!AM32-'FSLPL Daily '!AM31<0), "0",'FSLPL Daily '!AM32-'FSLPL Daily '!AM31) -> 0 | X30: =IF(('FSLPL Daily '!AO32-'FSLPL Daily '!AO31<0), "0",'FSLPL Daily '!AO32-'FSLPL Daily '!AO31) -> 0 | Y30: ='FSLPL Daily '!AS32 -> 0 | Z30: ='FSLPL Daily '!AU32 -> 0 | AA30: =IF(('FSLPL Daily '!AV32-'FSLPL Daily '!AV31<0), "0",'FSLPL Daily '!AV32-'FSLPL Daily '!AV31) -> 0 | AB30: =IF(('FSLPL Daily '!AX32-'FSLPL Daily '!AX31<0), "0",'FSLPL Daily '!AX32-'FSLPL Daily '!AX31) -> 0 | AC30: =IF(('FSLPL Daily '!AZ32-'FSLPL Daily '!AZ31<0), "0",'FSLPL Daily '!AZ32-'FSLPL Daily '!AZ31) -> 0 | AD30: =IF(('FSLPL Daily '!BB32-'FSLPL Daily '!BB31<0), "0",'FSLPL Daily '!BB32-'FSLPL Daily '!BB31) -> 0 | AE30: ='FSLPL Daily '!BD32 -> 0 | AF30: ='FSLPL Daily '!BE32 -> 0
A31: London at Park Lane | C31: 2 | D31: 2020 | E31: =IF(('FSLPL Daily '!C33-'FSLPL Daily '!C32<0), "0",'FSLPL Daily '!C33-'FSLPL Daily '!C32) -> 0 | F31: =IF(('FSLPL Daily '!E33-'FSLPL Daily '!E32<0), "0",'FSLPL Daily '!E33-'FSLPL Daily '!E32) -> 0 | G31: =IF(('FSLPL Daily '!G33-'FSLPL Daily '!G32<0), "0",'FSLPL Daily '!G33-'FSLPL Daily '!G32) -> 0 | H31: =IF(('FSLPL Daily '!I33-'FSLPL Daily '!I32<0), "0",'FSLPL Daily '!I33-'FSLPL Daily '!I32) -> 0 | I31: =IF(('FSLPL Daily '!K33-'FSLPL Daily '!K32<0), "0",'FSLPL Daily '!K33-'FSLPL Daily '!K32) -> 0 | J31: =IF(('FSLPL Daily '!M33-'FSLPL Daily '!M32<0), "0",'FSLPL Daily '!M33-'FSLPL Daily '!M32) -> 0 | K31: =IF(('FSLPL Daily '!O33-'FSLPL Daily '!O32<0), "0",'FSLPL Daily '!O33-'FSLPL Daily '!O32) -> 0 | L31: =IF(('FSLPL Daily '!Q33-'FSLPL Daily '!Q32<0), "0",'FSLPL Daily '!Q33-'FSLPL Daily '!Q32) -> 0 | M31: =IF(('FSLPL Daily '!S33-'FSLPL Daily '!S32<0), "0",'FSLPL Daily '!S33-'FSLPL Daily '!S32) -> 0 | N31: =IF(('FSLPL Daily '!U33-'FSLPL Daily '!U32<0), "0",'FSLPL Daily '!U33-'FSLPL Daily '!U32) -> 0 | O31: =IF(('FSLPL Daily '!W33-'FSLPL Daily '!W32<0), "0",'FSLPL Daily '!W33-'FSLPL Daily '!W32) -> 0 | P31: =IF(('FSLPL Daily '!Y33-'FSLPL Daily '!Y32<0), "0",'FSLPL Daily '!Y33-'FSLPL Daily '!Y32) -> 0 | Q31: =IF(('FSLPL Daily '!AA33-'FSLPL Daily '!AA32<0), "0",'FSLPL Daily '!AA33-'FSLPL Daily '!AA32) -> 0 | R31: =IF(('FSLPL Daily '!AC33-'FSLPL Daily '!AC32<0), "0",'FSLPL Daily '!AC33-'FSLPL Daily '!AC32) -> 0 | S31: =IF(('FSLPL Daily '!AE33-'FSLPL Daily '!AE32<0), "0",'FSLPL Daily '!AE33-'FSLPL Daily '!AE32) -> 0 | T31: =IF(('FSLPL Daily '!AG33-'FSLPL Daily '!AG32<0), "0",'FSLPL Daily '!AG33-'FSLPL Daily '!AG32) -> 0 | U31: =IF(('FSLPL Daily '!AI33-'FSLPL Daily '!AI32<0), "0",'FSLPL Daily '!AI33-'FSLPL Daily '!AI32) -> 0 | V31: =IF(('FSLPL Daily '!AK33-'FSLPL Daily '!AK32<0), "0",'FSLPL Daily '!AK33-'FSLPL Daily '!AK32) -> 0 | W31: =IF(('FSLPL Daily '!AM33-'FSLPL Daily '!AM32<0), "0",'FSLPL Daily '!AM33-'FSLPL Daily '!AM32) -> 0 | X31: =IF(('FSLPL Daily '!AO33-'FSLPL Daily '!AO32<0), "0",'FSLPL Daily '!AO33-'FSLPL Daily '!AO32) -> 0 | Y31: ='FSLPL Daily '!AS33 -> 0 | Z31: ='FSLPL Daily '!AU33 -> 0 | AA31: =IF(('FSLPL Daily '!AV33-'FSLPL Daily '!AV32<0), "0",'FSLPL Daily '!AV33-'FSLPL Daily '!AV32) -> 0 | AB31: =IF(('FSLPL Daily '!AX33-'FSLPL Daily '!AX32<0), "0",'FSLPL Daily '!AX33-'FSLPL Daily '!AX32) -> 0 | AC31: =IF(('FSLPL Daily '!AZ33-'FSLPL Daily '!AZ32<0), "0",'FSLPL Daily '!AZ33-'FSLPL Daily '!AZ32) -> 0 | AD31: =IF(('FSLPL Daily '!BB33-'FSLPL Daily '!BB32<0), "0",'FSLPL Daily '!BB33-'FSLPL Daily '!BB32) -> 0 | AE31: ='FSLPL Daily '!BD33 -> 0 | AF31: ='FSLPL Daily '!BE33 -> 0
A32: London at Park Lane | C32: 2 | D32: 2020 | E32: =IF(('FSLPL Daily '!C34-'FSLPL Daily '!C33<0), "0",'FSLPL Daily '!C34-'FSLPL Daily '!C33) -> 0 | F32: =IF(('FSLPL Daily '!E34-'FSLPL Daily '!E33<0), "0",'FSLPL Daily '!E34-'FSLPL Daily '!E33) -> 0 | G32: =IF(('FSLPL Daily '!G34-'FSLPL Daily '!G33<0), "0",'FSLPL Daily '!G34-'FSLPL Daily '!G33) -> 0 | H32: =IF(('FSLPL Daily '!I34-'FSLPL Daily '!I33<0), "0",'FSLPL Daily '!I34-'FSLPL Daily '!I33) -> 0 | I32: =IF(('FSLPL Daily '!K34-'FSLPL Daily '!K33<0), "0",'FSLPL Daily '!K34-'FSLPL Daily '!K33) -> 0 | J32: =IF(('FSLPL Daily '!M34-'FSLPL Daily '!M33<0), "0",'FSLPL Daily '!M34-'FSLPL Daily '!M33) -> 0 | K32: =IF(('FSLPL Daily '!O34-'FSLPL Daily '!O33<0), "0",'FSLPL Daily '!O34-'FSLPL Daily '!O33) -> 0 | L32: =IF(('FSLPL Daily '!Q34-'FSLPL Daily '!Q33<0), "0",'FSLPL Daily '!Q34-'FSLPL Daily '!Q33) -> 0 | M32: =IF(('FSLPL Daily '!S34-'FSLPL Daily '!S33<0), "0",'FSLPL Daily '!S34-'FSLPL Daily '!S33) -> 0 | N32: =IF(('FSLPL Daily '!U34-'FSLPL Daily '!U33<0), "0",'FSLPL Daily '!U34-'FSLPL Daily '!U33) -> 0 | O32: =IF(('FSLPL Daily '!W34-'FSLPL Daily '!W33<0), "0",'FSLPL Daily '!W34-'FSLPL Daily '!W33) -> 0 | P32: =IF(('FSLPL Daily '!Y34-'FSLPL Daily '!Y33<0), "0",'FSLPL Daily '!Y34-'FSLPL Daily '!Y33) -> 0 | Q32: =IF(('FSLPL Daily '!AA34-'FSLPL Daily '!AA33<0), "0",'FSLPL Daily '!AA34-'FSLPL Daily '!AA33) -> 0 | R32: =IF(('FSLPL Daily '!AC34-'FSLPL Daily '!AC33<0), "0",'FSLPL Daily '!AC34-'FSLPL Daily '!AC33) -> 0 | S32: =IF(('FSLPL Daily '!AE34-'FSLPL Daily '!AE33<0), "0",'FSLPL Daily '!AE34-'FSLPL Daily '!AE33) -> 0 | T32: =IF(('FSLPL Daily '!AG34-'FSLPL Daily '!AG33<0), "0",'FSLPL Daily '!AG34-'FSLPL Daily '!AG33) -> 0 | U32: =IF(('FSLPL Daily '!AI34-'FSLPL Daily '!AI33<0), "0",'FSLPL Daily '!AI34-'FSLPL Daily '!AI33) -> 0 | V32: =IF(('FSLPL Daily '!AK34-'FSLPL Daily '!AK33<0), "0",'FSLPL Daily '!AK34-'FSLPL Daily '!AK33) -> 0 | W32: =IF(('FSLPL Daily '!AM34-'FSLPL Daily '!AM33<0), "0",'FSLPL Daily '!AM34-'FSLPL Daily '!AM33) -> 0 | X32: =IF(('FSLPL Daily '!AO34-'FSLPL Daily '!AO33<0), "0",'FSLPL Daily '!AO34-'FSLPL Daily '!AO33) -> 0 | Y32: ='FSLPL Daily '!AS34 -> 0 | Z32: ='FSLPL Daily '!AU34 -> 0 | AA32: =IF(('FSLPL Daily '!AV34-'FSLPL Daily '!AV33<0), "0",'FSLPL Daily '!AV34-'FSLPL Daily '!AV33) -> 0 | AB32: =IF(('FSLPL Daily '!AX34-'FSLPL Daily '!AX33<0), "0",'FSLPL Daily '!AX34-'FSLPL Daily '!AX33) -> 0 | AC32: =IF(('FSLPL Daily '!AZ34-'FSLPL Daily '!AZ33<0), "0",'FSLPL Daily '!AZ34-'FSLPL Daily '!AZ33) -> 0 | AD32: =IF(('FSLPL Daily '!BB34-'FSLPL Daily '!BB33<0), "0",'FSLPL Daily '!BB34-'FSLPL Daily '!BB33) -> 0 | AE32: ='FSLPL Daily '!BD34 -> 0 | AF32: ='FSLPL Daily '!BE34 -> 0

Sheet FSLPL Daily 
A1: Days | C1: LV Panel 1 KWh | E1: LV Panel 2 KWh | G1: CHP KWh | I1: MCC9 KWh | K1: GF Panel KWh | M1: Kitchen Switchboard | O1: Kitchen Panel | Q1: MCC3 (AHU) KWh | S1: MCC8 KWh | U1: 1st Floor Panel (KWh) | W1: MCC6(1st floor AHU) KWh | Y1: Chiller 1 KWh | AA1: Chiller 2 KWh | AC1: MCC 10 (Mechanical Services) KWh | AE1: MCC2 CHW KWh | AG1: MCC7 (Kitchen) KWh | AI1: MCC 5 (Mechanical services) KWh | AK1: MCC 4 (Water Services) KWh | AM1: MCC1 (KWh) | AO1: Laundry db KWh | AR1: Hamilton Place Water 1 m3 | AT1: Old Parklane Water 2 m3 | AV1: Laundry CW m3 | AX1: Laundry HW m3 | AZ1: Natural Gas m3 | BB1: CHP Natural Gas m3
A2: Date | C2: Reading KWH | D2: Difference KWH | E2: Reading KWH | F2: Difference KWH | G2: Reading KWH | H2: Difference KWH | I2: Reading KWH | J2: Difference KWH | K2: Reading KWH | L2: Difference KWH | M2: Reading KWH | N2: Difference KWH | O2: Reading KWH | P2: Difference KWH | Q2: Reading KWH | R2: Difference KWH | S2: Reading KWH | T2: Difference KWH | U2: Reading KWH | V2: Difference KWH | W2: Reading KWH | X2: Difference KWH | Y2: Reading KWH | Z2: Difference KWH | AA2: Reading KWH | AB2: Difference KWH | AC2: Reading KWH | AD2: Difference KWH | AE2: Reading KWH | AF2: Difference KWH | AG2: Reading KWH | AH2: Difference KWH | AI2: Reading KWH | AJ2: Difference KWH | AK2: Reading KWH | AL2: Difference KWH | AM2: Reading KWH | AN2: Difference KWH | AO2: Reading KWH | AP2: Difference KWH | AR2: Reading m³ | AS2: Daily Consumption m³ | AT2: Reading m³ | AU2: Daily Consumption m³ | AV2: Reading m³ | AW2: Daily Consumption m³ | AX2: Reading m³ | AY2: Daily Consumption m³ | AZ2: Reading Liters | BA2: Daily Consumption L | BB2: Reading Liters | BC2: Daily Consumption L | BD2: ROOM NIGHTS | BE2: TOTAL GUESTS
A3: 43861 | C3: 25301330 | D3: =IF((C4-C3<0), "0",C4-C3) -> 7921 | E3: 26078962 | F3: =IF((E4-E3<0), "",E4-E3) -> 5781 | G3: 11035314 | H3: =IF((G4-G3<0), "",G4-G3) -> 3991 | I3: 1551591 | J3: =IF((I4-I3<0), "",I4-I3) -> 474 | K3: 3131200 | L3: =IF((K4-K3<0), "",K4-K3) -> 842 | M3: 4550863 | N3: =IF((M4-M3<0), "",M4-M3) -> 1310 | O3: 2180224 | P3: =IF((O4-O3<0), "",O4-O3) -> 586 | Q3: 1220767 | R3: =IF((Q4-Q3<0), "",Q4-Q3) -> 364 | S3: 393519 | T3: =IF((S4-S3<0), "",S4-S3) -> 87 | U3: 4098110 | V3: =IF((U4-U3<0), "",U4-U3) -> 995 | W3: 944250 | X3: =IF((W4-W3<0), "",W4-W3) -> 153 | Y3: 3749104 | Z3: =IF((Y4-Y3<0), "",Y4-Y3) -> 1250 | AA3: 1966697 | AB3: =IF((AA4-AA3<0), "",AA4-AA3) -> 2 | AC3: 5042012 | AD3: =IF((AC4-AC3<0), "",AC4-AC3) -> 1447 | AE3: 7179359 | AF3: =IF((AE4-AE3<0), "",AE4-AE3) -> 1954 | AG3: 1269342 | AH3: =IF((AG4-AG3<0), "",AG4-AG3) -> 263 | AI3: 249627 | AJ3: =IF((AI4-AI3<0), "",AI4-AI3) -> 76 | AK3: 926199 | AL3: =IF((AK4-AK3<0), "",AK4-AK3) -> 353 | AM3: 1718347 | AN3: =IF((AM4-AM3<0), "",AM4-AM3) -> 576 | AO3: 1838735 | AP3: =IF((AO4-AO3<0), "",AO4-AO3) -> 827 | AV3: 86535 | AW3: =IF((AV4-AV3<0), "",AV4-AV3) -> 23 | AX3: 10961 | AY3: =IF((AX4-AX3<0), "",AX4-AX3) -> 3 | AZ3: 6754051 | BA3: =IF((AZ4-AZ3<0), "",AZ4-AZ3) -> 2117 | BB3: 1160816 | BC3: =IF((BB4-BB3<0), "",BB4-BB3) -> 1149 | BD3: 121 | BE3: 161
A4: 43862 | C4: 25309251 | E4: 26084743 | G4: 11039305 | I4: 1552065 | K4: 3132042 | M4: 4552173 | O4: 2180810 | Q4: 1221131 | S4: 393606 | U4: 4099105 | W4: 944403 | Y4: 3750354 | AA4: 1966699 | AC4: 5043459 | AE4: 7181313 | AG4: 1269605 | AI4: 249703 | AK4: 926552 | AM4: 1718923 | AO4: 1839562 | AR4: 0 | AS4: 3419 | AU4: 1028 | AV4: 86558 | AX4: 10964 | AZ4: 6756168 | BB4: 1161965 | BD4: 11 | BE4: 152
A5: 43863 | C5: 25316816 | D5: =IF((C5-C4<0), "0",C5-C4) -> 7565 | E5: 26090229 | F5: =IF((E5-E4<0), "0",E5-E4) -> 5486 | G5: 11043169 | H5: =IF((G5-G4<0), "0",G5-G4) -> 3864 | I5: 1552554 | J5: =IF((I5-I4<0), "0",I5-I4) -> 489 | K5: 3132832 | L5: =IF((K5-K4<0), "0",K5-K4) -> 790 | M5: 4553539 | N5: =IF((M5-M4<0), "0",M5-M4) -> 1366 | O5: 2181416 | P5: =IF((O5-O4<0), "0",O5-O4) -> 606 | Q5: 1221478 | R5: =IF((Q5-Q4<0), "0",Q5-Q4) -> 347 | S5: 393690 | T5: =IF((S5-S4<0), "0",S5-S4) -> 84 | U5: 4100040 | V5: =IF((U5-U4<0), "",U5-U4) -> 935 | W5: 944598 | X5: =IF((W5-W4<0), "",W5-W4) -> 195 | Y5: 3751344 | Z5: =IF((Y5-Y4<0), "",Y5-Y4) -> 990 | AA5: 1966702 | AB5: =IF((AA5-AA4<0), "",AA5-AA4) -> 3 | AC5: 5044869 | AD5: =IF((AC5-AC4<0), "",AC5-AC4) -> 1410 | AE5: 7183148 | AF5: =IF((AE5-AE4<0), "",AE5-AE4) -> 1835 | AG5: 1269836 | AH5: =IF((AG5-AG4<0), "",AG5-AG4) -> 231 | AI5: 249777 | AJ5: =IF((AI5-AI4<0), "",AI5-AI4) -> 74 | AK5: 926879 | AL5: =IF((AK5-AK4<0), "",AK5-AK4) -> 327 | AM5: 1719501 | AN5: =IF((AM5-AM4<0), "",AM5-AM4) -> 578 | AO5: 1840409 | AP5: =IF((AO5-AO4<0), "",AO5-AO4) -> 847 | AR5: 0 | AS5: 0 | AT5: 0 | AU5: 0 | AV5: 86581 | AW5: =IF((AV5-AV4<0), "",AV5-AV4) -> 23 | AX5: 10966 | AY5: =IF((AX5-AX4<0), "",AX5-AX4) -> 2 | AZ5: 6758263 | BA5: =IF((AZ5-AZ4<0), "",AZ5-AZ4) -> 2095 | BB5: 1163076 | BC5: =IF((BB5-BB4<0), "",BB5-BB4) -> 1111 | BD5: 123 | BE5: 154
A6: 43864 | C6: 25323903 | D6: =IF((C6-C5<0), "0",C6-C5) -> 7087 | E6: 26095553 | F6: =IF((E6-E5<0), "0",E6-E5) -> 5324 | G6: 11046969 | H6: =IF((G6-G5<0), "0",G6-G5) -> 3800 | I6: 1553030 | J6: =IF((I6-I5<0), "0",I6-I5) -> 476 | K6: 3133609 | L6: =IF((K6-K5<0), "0",K6-K5) -> 777 | M6: 4554755 | N6: =IF((M6-M5<0), "0",M6-M5) -> 1216 | O6: 2181978 | P6: =IF((O6-O5<0), "0",O6-O5) -> 562 | Q6: 1221817 | R6: =IF((Q6-Q5<0), "0",Q6-Q5) -> 339 | S6: 393772 | T6: =IF((S6-S5<0), "0",S6-S5) -> 82 | U6: 4100810 | V6: =IF((U6-U5<0), "",U6-U5) -> 770 | W6: 944698 | X6: =IF((W6-W5<0), "",W6-W5) -> 100 | Y6: 3752411 | Z6: =IF((Y6-Y5<0), "",Y6-Y5) -> 1067 | AA6: 1966704 | AB6: =IF((AA6-AA5<0), "",AA6-AA5) -> 2 | AC6: 5046253 | AD6: =IF((AC6-AC5<0), "",AC6-AC5) -> 1384 | AE6: 7184929 | AF6: =IF((AE6-AE5<0), "",AE6-AE5) -> 1781 | AG6: 1270066 | AH6: =IF((AG6-AG5<0), "",AG6-AG5) -> 230 | AI6: 249850 | AJ6: =IF((AI6-AI5<0), "",AI6-AI5) -> 73 | AK6: 927208 | AL6: =IF((AK6-AK5<0), "",AK6-AK5) -> 329 | AM6: 1720063 | AN6: =IF((AM6-AM5<0), "",AM6-AM5) -> 562 | AO6: 1841164 | AP6: =IF((AO6-AO5<0), "",AO6-AO5) -> 755 | AR6: 0 | AS6: 0 | AT6: 0 | AU6: 0 | AV6: 86599 | AW6: =IF((AV6-AV5<0), "",AV6-AV5) -> 18 | AX6: 10968 | AY6: =IF((AX6-AX5<0), "",AX6-AX5) -> 2 | AZ6: 6760304 | BA6: =IF((AZ6-AZ5<0), "",AZ6-AZ5) -> 2041 | BB6: 1164167 | BC6: =IF((BB6-BB5<0), "",BB6-BB5) -> 1091 | BD6: 134 | BE6: 170
A7: 43865 | C7: 25331959 | D7: =IF((C7-C6<0), "0",C7-C6) -> 8056 | E7: 26101158 | F7: =IF((E7-E6<0), "0",E7-E6) -> 5605 | G7: 11050992 | H7: =IF((G7-G6<0), "0",G7-G6) -> 4023 | I7: 1553636 | J7: =IF((I7-I6<0), "0",I7-I6) -> 606 | K7: 3134440 | L7: =IF((K7-K6<0), "0",K7-K6) -> 831 | M7: 4556122 | N7: =IF((M7-M6<0), "0",M7-M6) -> 1367 | O7: 2182591 | P7: =IF((O7-O6<0), "0",O7-O6) -> 613 | Q7: 1222172 | R7: =IF((Q7-Q6<0), "0",Q7-Q6) -> 355 | S7: 393859 | T7: =IF((S7-S6<0), "0",S7-S6) -> 87 | U7: 4101932 | V7: =IF((U7-U6<0), "",U7-U6) -> 1122 | W7: 944952 | X7: =IF((W7-W6<0), "",W7-W6) -> 254 | Y7: 3753482 | Z7: =IF((Y7-Y6<0), "",Y7-Y6) -> 1071 | AA7: 1966706 | AB7: =IF((AA7-AA6<0), "",AA7-AA6) -> 2 | AC7: 5047721 | AD7: =IF((AC7-AC6<0), "",AC7-AC6) -> 1468 | AE7: 7186807 | AF7: =IF((AE7-AE6<0), "",AE7-AE6) -> 1878 | AG7: 1270319 | AH7: =IF((AG7-AG6<0), "",AG7-AG6) -> 253 | AI7: 249926 | AJ7: =IF((AI7-AI6<0), "",AI7-AI6) -> 76 | AK7: 927584 | AL7: =IF((AK7-AK6<0), "",AK7-AK6) -> 376 | AM7: 1720655 | AN7: =IF((AM7-AM6<0), "",AM7-AM6) -> 592 | AO7: 1841852 | AP7: =IF((AO7-AO6<0), "",AO7-AO6) -> 688 | AR7: 0 | AS7: 0 | AT7: 0 | AU7: 0 | AV7: 86618 | AW7: =IF((AV7-AV6<0), "",AV7-AV6) -> 19 | AX7: 10973 | AY7: =IF((AX7-AX6<0), "",AX7-AX6) -> 5 | AZ7: 6762614 | BA7: =IF((AZ7-AZ6<0), "",AZ7-AZ6) -> 2310 | BB7: 1165311 | BC7: =IF((BB7-BB6<0), "",BB7-BB6) -> 1144 | BD7: 145 | BE7: 192
A8: 43866 | C8: 25339869 | D8: =IF((C8-C7<0), "0",C8-C7) -> 7910 | E8: 26106828 | F8: =IF((E8-E7<0), "0",E8-E7) -> 5670 | G8: 11055042 | H8: =IF((G8-G7<0), "0",G8-G7) -> 4050 | I8: 1553998 | J8: =IF((I8-I7<0), "0",I8-I7) -> 362 | K8: 3135251 | L8: =IF((K8-K7<0), "0",K8-K7) -> 811 | M8: 4557530 | N8: =IF((M8-M7<0), "0",M8-M7) -> 1408 | O8: 2183252 | P8: =IF((O8-O7<0), "0",O8-O7) -> 661 | Q8: 1222553 | R8: =IF((Q8-Q7<0), "0",Q8-Q7) -> 381 | S8: 393977 | T8: =IF((S8-S7<0), "0",S8-S7) -> 118 | U8: 4103005 | V8: =IF((U8-U7<0), "",U8-U7) -> 1073 | W8: 945162 | X8: =IF((W8-W7<0), "",W8-W7) -> 210 | Y8: 3754523 | Z8: =IF((Y8-Y7<0), "",Y8-Y7) -> 1041 | AA8: 1966708 | AB8: =IF((AA8-AA7<0), "",AA8-AA7) -> 2 | AC8: 5049174 | AD8: =IF((AC8-AC7<0), "",AC8-AC7) -> 1453 | AE8: 7188721 | AF8: =IF((AE8-AE7<0), "",AE8-AE7) -> 1914 | AG8: 1270555 | AH8: =IF((AG8-AG7<0), "",AG8-AG7) -> 236 | AI8: 250002 | AJ8: =IF((AI8-AI7<0), "",AI8-AI7) -> 76 | AK8: 927953 | AL8: =IF((AK8-AK7<0), "",AK8-AK7) -> 369 | AM8: 1721231 | AN8: =IF((AM8-AM7<0), "",AM8-AM7) -> 576 | AO8: 1842512 | AP8: =IF((AO8-AO7<0), "",AO8-AO7) -> 660 | AR8: 0 | AS8: 0 | AT8: 0 | AU8: 0 | AV8: 86638 | AW8: =IF((AV8-AV7<0), "",AV8-AV7) -> 20 | AX8: 10974 | AY8: =IF((AX8-AX7<0), "",AX8-AX7) -> 1 | AZ8: 6764836 | BA8: =IF((AZ8-AZ7<0), "",AZ8-AZ7) -> 2222 | BB8: 1166411 | BC8: =IF((BB8-BB7<0), "",BB8-BB7) -> 1100 | BD8: 138 | BE8: 187
A9: 43867 | C9: 25347780 | D9: =IF((C9-C8<0), "0",C9-C8) -> 7911 | E9: 26112374 | F9: =IF((E9-E8<0), "0",E9-E8) -> 5546 | G9: 11058870 | H9: =IF((G9-G8<0), "0",G9-G8) -> 3828 | I9: 1554470 | J9: =IF((I9-I8<0), "0",I9-I8) -> 472 | K9: 3136083 | L9: =IF((K9-K8<0), "0",K9-K8) -> 832 | M9: 4558844 | N9: =IF((M9-M8<0), "0",M9-M8) -> 1314 | O9: 2183876 | P9: =IF((O9-O8<0), "0",O9-O8) -> 624 | Q9: 1222908 | R9: =IF((Q9-Q8<0), "0",Q9-Q8) -> 355 | S9: 394030 | T9: =IF((S9-S8<0), "0",S9-S8) -> 53 | U9: 4104133 | V9: =IF((U9-U8<0), "",U9-U8) -> 1128 | W9: 945388 | X9: =IF((W9-W8<0), "",W9-W8) -> 226 | Y9: 3755611 | Z9: =IF((Y9-Y8<0), "",Y9-Y8) -> 1088 | AA9: 1966711 | AB9: =IF((AA9-AA8<0), "",AA9-AA8) -> 3 | AC9: 5050583 | AD9: =IF((AC9-AC8<0), "",AC9-AC8) -> 1409 | AE9: 7190664 | AF9: =IF((AE9-AE8<0), "",AE9-AE8) -> 1943 | AG9: 1270791 | AH9: =IF((AG9-AG8<0), "",AG9-AG8) -> 236 | AI9: 250079 | AJ9: =IF((AI9-AI8<0), "",AI9-AI8) -> 77 | AK9: 928312 | AL9: =IF((AK9-AK8<0), "",AK9-AK8) -> 359 | AM9: 1721814 | AN9: =IF((AM9-AM8<0), "",AM9-AM8) -> 583 | AO9: 1843184 | AP9: =IF((AO9-AO8<0), "",AO9-AO8) -> 672 | AR9: 0 | AS9: 0 | AT9: 0 | AU9: 0 | AV9: 86657 | AW9: =IF((AV9-AV8<0), "",AV9-AV8) -> 19 | AX9: 10975 | AY9: =IF((AX9-AX8<0), "",AX9-AX8) -> 1 | AZ9: 6767443 | BA9: =IF((AZ9-AZ8<0), "",AZ9-AZ8) -> 2607 | BB9: 1167507 | BC9: =IF((BB9-BB8<0), "",BB9-BB8) -> 1096 | BD9: 131 | BE9: 175
A10: 43868 | C10: 25355810 | D10: =IF((C10-C9<0), "0",C10-C9) -> 8030 | E10: 26117853 | F10: =IF((E10-E9<0), "0",E10-E9) -> 5479 | G10: 11062799 | H10: =IF((G10-G9<0), "0",G10-G9) -> 3929 | I10: 1554961 | J10: =IF((I10-I9<0), "0",I10-I9) -> 491 | K10: 3136907 | L10: =IF((K10-K9<0), "0",K10-K9) -> 824 | M10: 4560281 | N10: =IF((M10-M9<0), "0",M10-M9) -> 1437 | O10: 2184542 | P10: =IF((O10-O9<0), "0",O10-O9) -> 666 | Q10: 1223261 | R10: =IF((Q10-Q9<0), "0",Q10-Q9) -> 353 | S10: 394115 | T10: =IF((S10-S9<0), "0",S10-S9) -> 85 | U10: 4105226 | V10: =IF((U10-U9<0), "",U10-U9) -> 1093 | W10: 945641 | X10: =IF((W10-W9<0), "",W10-W9) -> 253 | Y10: 3756669 | Z10: =IF((Y10-Y9<0), "",Y10-Y9) -> 1058 | AA10: 1966713 | AB10: =IF((AA10-AA9<0), "",AA10-AA9) -> 2 | AC10: 5052044 | AD10: =IF((AC10-AC9<0), "",AC10-AC9) -> 1461 | AE10: 7192502 | AF10: =IF((AE10-AE9<0), "",AE10-AE9) -> 1838 | AG10: 1271024 | AH10: =IF((AG10-AG9<0), "",AG10-AG9) -> 233 | AI10: 250155 | AJ10: =IF((AI10-AI9<0), "",AI10-AI9) -> 76 | AK10: 928651 | AL10: =IF((AK10-AK9<0), "",AK10-AK9) -> 339 | AM10: 1722396 | AN10: =IF((AM10-AM9<0), "",AM10-AM9) -> 582 | AO10: 1843824 | AP10: =IF((AO10-AO9<0), "",AO10-AO9) -> 640 | AR10: 0 | AS10: 0 | AT10: 0 | AU10: 0 | AV10: 86676 | AW10: =IF((AV10-AV9<0), "",AV10-AV9) -> 19 | AX10: 10977 | AY10: =IF((AX10-AX9<0), "",AX10-AX9) -> 2 | AZ10: 6769846 | BA10: =IF((AZ10-AZ9<0), "",AZ10-AZ9) -> 2403 | BB10: 1168601 | BC10: =IF((BB10-BB9<0), "",BB10-BB9) -> 1094 | BD10: 114 | BE10: 160
A11: 43869 | C11: 25363355 | D11: =IF((C11-C10<0), "0",C11-C10) -> 7545 | E11: 26123216 | F11: =IF((E11-E10<0), "0",E11-E10) -> 5363 | G11: 11066648 | H11: =IF((G11-G10<0), "0",G11-G10) -> 3849 | I11: 1555444 | J11: =IF((I11-I10<0), "0",I11-I10) -> 483 | K11: 3137718 | L11: =IF((K11-K10<0), "0",K11-K10) -> 811 | M11: 4561541 | N11: =IF((M11-M10<0), "0",M11-M10) -> 1260 | O11: 2185206 | P11: =IF((O11-O10<0), "0",O11-O10) -> 664 | Q11: 1223616 | R11: =IF((Q11-Q10<0), "0",Q11-Q10) -> 355 | S11: 394199 | T11: =IF((S11-S10<0), "0",S11-S10) -> 84 | U11: 4106155 | V11: =IF((U11-U10<0), "",U11-U10) -> 929 | W11: 945774 | X11: =IF((W11-W10<0), "",W11-W10) -> 133 | Y11: 3757742 | Z11: =IF((Y11-Y10<0), "",Y11-Y10) -> 1073 | AA11: 1966715 | AB11: =IF((AA11-AA10<0), "",AA11-AA10) -> 2 | AC11: 5053466 | AD11: =IF((AC11-AC10<0), "",AC11-AC10) -> 1422 | AE11: 7194210 | AF11: =IF((AE11-AE10<0), "",AE11-AE10) -> 1708 | AG11: 1271252 | AH11: =IF((AG11-AG10<0), "",AG11-AG10) -> 228 | AI11: 250229 | AJ11: =IF((AI11-AI10<0), "",AI11-AI10) -> 74 | AK11: 928994 | AL11: =IF((AK11-AK10<0), "",AK11-AK10) -> 343 | AM11: 1722973 | AN11: =IF((AM11-AM10<0), "",AM11-AM10) -> 577 | AO11: 1844543 | AP11: =IF((AO11-AO10<0), "",AO11-AO10) -> 719 | AR11: 0 | AS11: 0 | AT11: 0 | AU11: 0 | AV11: 86702 | AW11: =IF((AV11-AV10<0), "",AV11-AV10) -> 26 | AX11: 10983 | AY11: =IF((AX11-AX10<0), "",AX11-AX10) -> 6 | AZ11: 6772117 | BA11: =IF((AZ11-AZ10<0), "",AZ11-AZ10) -> 2271 | BB11: 1169681 | BC11: =IF((BB11-BB10<0), "",BB11-BB10) -> 1080 | BD11: 123 | BE11: 173
A12: 43870 | C12: 25370777 | D12: =IF((C12-C11<0), "0",C12-C11) -> 7422 | E12: 26128455 | F12: =IF((E12-E11<0), "0",E12-E11) -> 5239 | G12: 11070598 | H12: =IF((G12-G11<0), "0",G12-G11) -> 3950 | I12: 1555890 | J12: =IF((I12-I11<0), "0",I12-I11) -> 446 | K12: 3138530 | L12: =IF((K12-K11<0), "0",K12-K11) -> 812 | M12: 4562813 | N12: =IF((M12-M11<0), "0",M12-M11) -> 1272 | O12: 2185850 | P12: =IF((O12-O11<0), "0",O12-O11) -> 644 | Q12: 1223967 | R12: =IF((Q12-Q11<0), "0",Q12-Q11) -> 351 | S12: 394284 | T12: =IF((S12-S11<0), "0",S12-S11) -> 85 | U12: 4107015 | V12: =IF((U12-U11<0), "",U12-U11) -> 860 | W12: 945911 | X12: =IF((W12-W11<0), "",W12-W11) -> 137 | Y12: 3758816 | Z12: =IF((Y12-Y11<0), "",Y12-Y11) -> 1074 | AA12: 1966717 | AB12: =IF((AA12-AA11<0), "",AA12-AA11) -> 2 | AC12: 5054914 | AD12: =IF((AC12-AC11<0), "",AC12-AC11) -> 1448 | AE12: 7195976 | AF12: =IF((AE12-AE11<0), "",AE12-AE11) -> 1766 | AG12: 1271488 | AH12: =IF((AG12-AG11<0), "",AG12-AG11) -> 236 | AI12: 250305 | AJ12: =IF((AI12-AI11<0), "",AI12-AI11) -> 76 | AK12: 929331 | AL12: =IF((AK12-AK11<0), "",AK12-AK11) -> 337 | AM12: 1723562 | AN12: =IF((AM12-AM11<0), "",AM12-AM11) -> 589 | AO12: 1845185 | AP12: =IF((AO12-AO11<0), "",AO12-AO11) -> 642 | AR12: 0 | AV12: 86728 | AW12: =IF((AV12-AV11<0), "",AV12-AV11) -> 26 | AX12: 10987 | AY12: =IF((AX12-AX11<0), "",AX12-AX11) -> 4 | AZ12: 6774366 | BA12: =IF((AZ12-AZ11<0), "",AZ12-AZ11) -> 2249 | BB12: 1170806 | BC12: =IF((BB12-BB11<0), "",BB12-BB11) -> 1125 | BD12: 102 | BE12: 137
A13: 43871 | C13: 25378441 | D13: =IF((C13-C12<0), "0",C13-C12) -> 7664 | E13: 26133787 | F13: =IF((E13-E12<0), "0",E13-E12) -> 5332 | G13: 11074572 | H13: =IF((G13-G12<0), "0",G13-G12) -> 3974 | I13: 1556373 | J13: =IF((I13-I12<0), "0",I13-I12) -> 483 | K13: 3139370 | L13: =IF((K13-K12<0), "0",K13-K12) -> 840 | M13: 4564186 | N13: =IF((M13-M12<0), "0",M13-M12) -> 1373 | O13: 2186477 | P13: =IF((O13-O12<0), "0",O13-O12) -> 627 | Q13: 1224318 | R13: =IF((Q13-Q12<0), "0",Q13-Q12) -> 351 | S13: 394369 | T13: =IF((S13-S12<0), "0",S13-S12) -> 85 | U13: 4108008 | V13: =IF((U13-U12<0), "",U13-U12) -> 993 | W13: 946052 | X13: =IF((W13-W12<0), "",W13-W12) -> 141 | Y13: 3759827 | Z13: =IF((Y13-Y12<0), "",Y13-Y12) -> 1011 | AA13: 1966720 | AB13: =IF((AA13-AA12<0), "",AA13-AA12) -> 3 | AC13: 5056345 | AD13: =IF((AC13-AC12<0), "",AC13-AC12) -> 1431 | AE13: 7197853 | AF13: =IF((AE13-AE12<0), "",AE13-AE12) -> 1877 | AG13: 1271723 | AH13: =IF((AG13-AG12<0), "",AG13-AG12) -> 235 | AI13: 250380 | AJ13: =IF((AI13-AI12<0), "",AI13-AI12) -> 75 | AK13: 929668 | AL13: =IF((AK13-AK12<0), "",AK13-AK12) -> 337 | AM13: 1724157 | AN13: =IF((AM13-AM12<0), "",AM13-AM12) -> 595 | AO13: 1845872 | AP13: =IF((AO13-AO12<0), "",AO13-AO12) -> 687 | AR13: 0 | AS13: 220 | AT13: 0 | AU13: 519 | AV13: 86749 | AW13: =IF((AV13-AV12<0), "",AV13-AV12) -> 21 | AX13: 10989 | AY13: =IF((AX13-AX12<0), "",AX13-AX12) -> 2 | AZ13: 6776568 | BA13: =IF((AZ13-AZ12<0), "",AZ13-AZ12) -> 2202 | BB13: 1171959 | BC13: =IF((BB13-BB12<0), "",BB13-BB12) -> 1153 | BD13: 110 | BE13: 139
A14: 43872 | C14: 25385682 | D14: =IF((C14-C13<0), "0",C14-C13) -> 7241 | E14: 26138725 | F14: =IF((E14-E13<0), "0",E14-E13) -> 4938 | G14: 11078429 | H14: =IF((G14-G13<0), "0",G14-G13) -> 3857 | I14: 1556827 | J14: =IF((I14-I13<0), "0",I14-I13) -> 454 | K14: 3140195 | L14: =IF((K14-K13<0), "0",K14-K13) -> 825 | M14: 4565306 | N14: =IF((M14-M13<0), "0",M14-M13) -> 1120 | O14: 2187051 | P14: =IF((O14-O13<0), "0",O14-O13) -> 574 | Q14: 1224646 | R14: =IF((Q14-Q13<0), "0",Q14-Q13) -> 328 | S14: 394454 | T14: =IF((S14-S13<0), "0",S14-S13) -> 85 | U14: 4108985 | V14: =IF((U14-U13<0), "",U14-U13) -> 977 | W14: 946172 | X14: =IF((W14-W13<0), "",W14-W13) -> 120 | Y14: 3760697 | Z14: =IF((Y14-Y13<0), "",Y14-Y13) -> 870 | AA14: 1966722 | AB14: =IF((AA14-AA13<0), "",AA14-AA13) -> 2 | AC14: 5057467 | AD14: =IF((AC14-AC13<0), "",AC14-AC13) -> 1122 | AE14: 7199748 | AF14: =IF((AE14-AE13<0), "",AE14-AE13) -> 1895 | AG14: 1271876 | AH14: =IF((AG14-AG13<0), "",AG14-AG13) -> 153 | AI14: 250447 | AJ14: =IF((AI14-AI13<0), "",AI14-AI13) -> 67 | AK14: 930013 | AL14: =IF((AK14-AK13<0), "",AK14-AK13) -> 345 | AM14: 1724756 | AN14: =IF((AM14-AM13<0), "",AM14-AM13) -> 599 | AO14: 1846453 | AP14: =IF((AO14-AO13<0), "",AO14-AO13) -> 581 | AR14: 0 | AT14: 0 | AV14: 86769 | AW14: =IF((AV14-AV13<0), "",AV14-AV13) -> 20 | AX14: 10993 | AY14: =IF((AX14-AX13<0), "",AX14-AX13) -> 4 | AZ14: 6778801 | BA14: =IF((AZ14-AZ13<0), "",AZ14-AZ13) -> 2233 | BB14: 1173060 | BC14: =IF((BB14-BB13<0), "",BB14-BB13) -> 1101 | BD14: 129 | BE14: 163
A15: 43873 | C15: 25393166 | D15: =IF((C15-C14<0), "0",C15-C14) -> 7484 | E15: 26143457 | F15: =IF((E15-E14<0), "0",E15-E14) -> 4732 | G15: 11082367 | H15: =IF((G15-G14<0), "0",G15-G14) -> 3938 | I15: 1557299 | J15: =IF((I15-I14<0), "0",I15-I14) -> 472 | K15: 3141011 | L15: =IF((K15-K14<0), "0",K15-K14) -> 816 | M15: 4566453 | N15: =IF((M15-M14<0), "0",M15-M14) -> 1147 | O15: 2187636 | P15: =IF((O15-O14<0), "0",O15-O14) -> 585 | Q15: 1225023 | R15: =IF((Q15-Q14<0), "0",Q15-Q14) -> 377 | S15: 394538 | T15: =IF((S15-S14<0), "0",S15-S14) -> 84 | U15: 4110127 | V15: =IF((U15-U14<0), "",U15-U14) -> 1142 | W15: 946327 | X15: =IF((W15-W14<0), "",W15-W14) -> 155 | Y15: 3761544 | Z15: =IF((Y15-Y14<0), "",Y15-Y14) -> 847 | AA15: 1966724 | AB15: =IF((AA15-AA14<0), "",AA15-AA14) -> 2 | AC15: 5058349 | AD15: =IF((AC15-AC14<0), "",AC15-AC14) -> 882 | AE15: 7201647 | AF15: =IF((AE15-AE14<0), "",AE15-AE14) -> 1899 | AG15: 1271954 | AH15: =IF((AG15-AG14<0), "",AG15-AG14) -> 78 | AI15: 250523 | AJ15: =IF((AI15-AI14<0), "",AI15-AI14) -> 76 | AK15: 930340 | AL15: =IF((AK15-AK14<0), "",AK15-AK14) -> 327 | AM15: 1725368 | AN15: =IF((AM15-AM14<0), "",AM15-AM14) -> 612 | AO15: 1847091 | AP15: =IF((AO15-AO14<0), "",AO15-AO14) -> 638 | AR15: 0 | AS15: 0 | AT15: 0 | AU15: 0 | AV15: 86790 | AW15: =IF((AV15-AV14<0), "",AV15-AV14) -> 21 | AX15: 10994 | AY15: =IF((AX15-AX14<0), "",AX15-AX14) -> 1 | AZ15: 6781068 | BA15: =IF((AZ15-AZ14<0), "",AZ15-AZ14) -> 2267 | BB15: 1174174 | BC15: =IF((BB15-BB14<0), "",BB15-BB14) -> 1114 | BD15: 136 | BE15: 174
A16: 43874 | C16: 25400650 | D16: =IF((C16-C15<0), "0",C16-C15) -> 7484 | E16: 26148765 | F16: =IF((E16-E15<0), "0",E16-E15) -> 5308 | G16: 11086241 | H16: =IF((G16-G15<0), "0",G16-G15) -> 3874 | I16: 1557740 | J16: =IF((I16-I15<0), "0",I16-I15) -> 441 | K16: 3141839 | L16: =IF((K16-K15<0), "0",K16-K15) -> 828 | M16: 4567640 | N16: =IF((M16-M15<0), "0",M16-M15) -> 1187 | O16: 2188226 | P16: =IF((O16-O15<0), "0",O16-O15) -> 590 | Q16: 1225367 | R16: =IF((Q16-Q15<0), "0",Q16-Q15) -> 344 | S16: 394622 | T16: =IF((S16-S15<0), "0",S16-S15) -> 84 | U16: 4111179 | V16: =IF((U16-U15<0), "",U16-U15) -> 1052 | W16: 946522 | X16: =IF((W16-W15<0), "",W16-W15) -> 195 | Y16: 3762504 | Z16: =IF((Y16-Y15<0), "",Y16-Y15) -> 960 | AA16: 1966726 | AB16: =IF((AA16-AA15<0), "",AA16-AA15) -> 2 | AC16: 5059597 | AD16: =IF((AC16-AC15<0), "",AC16-AC15) -> 1248 | AE16: 7203599 | AF16: =IF((AE16-AE15<0), "",AE16-AE15) -> 1952 | AG16: 1272121 | AH16: =IF((AG16-AG15<0), "",AG16-AG15) -> 167 | AI16: 250598 | AJ16: =IF((AI16-AI15<0), "",AI16-AI15) -> 75 | AK16: 930685 | AL16: =IF((AK16-AK15<0), "",AK16-AK15) -> 345 | AM16: 1725970 | AN16: =IF((AM16-AM15<0), "",AM16-AM15) -> 602 | AO16: 1847705 | AP16: =IF((AO16-AO15<0), "",AO16-AO15) -> 614 | AR16: 0 | AS16: 0 | AT16: 0 | AU16: 0 | AV16: 86810 | AW16: =IF((AV16-AV15<0), "",AV16-AV15) -> 20 | AX16: 10997 | AY16: =IF((AX16-AX15<0), "",AX16-AX15) -> 3 | AZ16: 6783325 | BA16: =IF((AZ16-AZ15<0), "",AZ16-AZ15) -> 2257 | BB16: 1175272 | BC16: =IF((BB16-BB15<0), "",BB16-BB15) -> 1098 | BD16: 121 | BE16: 166
A17: 43875 | C17: 25408468 | D17: =IF((C17-C16<0), "0",C17-C16) -> 7818 | E17: 26154351 | F17: =IF((E17-E16<0), "0",E17-E16) -> 5586 | G17: 11090194 | H17: =IF((G17-G16<0), "0",G17-G16) -> 3953 | I17: 1558185 | J17: =IF((I17-I16<0), "0",I17-I16) -> 445 | K17: 3142630 | L17: =IF((K17-K16<0), "0",K17-K16) -> 791 | M17: 4568956 | N17: =IF((M17-M16<0), "0",M17-M16) -> 1316 | O17: 2188799 | P17: =IF((O17-O16<0), "0",O17-O16) -> 573 | Q17: 1225715 | R17: =IF((Q17-Q16<0), "0",Q17-Q16) -> 348 | S17: 394706 | T17: =IF((S17-S16<0), "0",S17-S16) -> 84 | U17: 4112329 | V17: =IF((U17-U16<0), "",U17-U16) -> 1150 | W17: 946676 | X17: =IF((W17-W16<0), "",W17-W16) -> 154 | Y17: 3763586 | Z17: =IF((Y17-Y16<0), "",Y17-Y16) -> 1082 | AA17: 1966729 | AB17: =IF((AA17-AA16<0), "",AA17-AA16) -> 3 | AC17: 5061026 | AD17: =IF((AC17-AC16<0), "",AC17-AC16) -> 1429 | AE17: 7205564 | AF17: =IF((AE17-AE16<0), "",AE17-AE16) -> 1965 | AG17: 1272344 | AH17: =IF((AG17-AG16<0), "",AG17-AG16) -> 223 | AI17: 250672 | AJ17: =IF((AI17-AI16<0), "",AI17-AI16) -> 74 | AK17: 931032 | AL17: =IF((AK17-AK16<0), "",AK17-AK16) -> 347 | AM17: 1726572 | AN17: =IF((AM17-AM16<0), "",AM17-AM16) -> 602 | AO17: 1848356 | AP17: =IF((AO17-AO16<0), "",AO17-AO16) -> 651 | AR17: 0 | AS17: 0 | AT17: 0 | AU17: 0 | AV17: 86830 | AW17: =IF((AV17-AV16<0), "",AV17-AV16) -> 20 | AX17: 5 | AY17: 4 | AZ17: 6785786 | BA17: =IF((AZ17-AZ16<0), "",AZ17-AZ16) -> 2461 | BB17: 1176407 | BC17: =IF((BB17-BB16<0), "",BB17-BB16) -> 1135 | BD17: 107 | BE17: 158
A18: 43876 | C18: 25416139 | D18: =IF((C18-C17<0), "0",C18-C17) -> 7671 | E18: 26160032 | F18: =IF((E18-E17<0), "0",E18-E17) -> 5681 | G18: 11094153 | H18: =IF((G18-G17<0), "0",G18-G17) -> 3959 | I18: 1558655 | J18: =IF((I18-I17<0), "0",I18-I17) -> 470 | K18: 3143448 | L18: =IF((K18-K17<0), "0",K18-K17) -> 818 | M18: 4570123 | N18: =IF((M18-M17<0), "0",M18-M17) -> 1167 | O18: 2189425 | P18: =IF((O18-O17<0), "0",O18-O17) -> 626 | Q18: 1226080 | R18: =IF((Q18-Q17<0), "0",Q18-Q17) -> 365 | S18: 394791 | T18: =IF((S18-S17<0), "0",S18-S17) -> 85 | U18: 4113347 | V18: =IF((U18-U17<0), "",U18-U17) -> 1018 | W18: 946792 | X18: =IF((W18-W17<0), "",W18-W17) -> 116 | Y18: 3764712 | Z18: =IF((Y18-Y17<0), "",Y18-Y17) -> 1126 | AA18: 1966731 | AB18: =IF((AA18-AA17<0), "",AA18-AA17) -> 2 | AC18: 5062491 | AD18: =IF((AC18-AC17<0), "",AC18-AC17) -> 1465 | AE18: 7207582 | AF18: =IF((AE18-AE17<0), "",AE18-AE17) -> 2018 | AG18: 1272576 | AH18: =IF((AG18-AG17<0), "",AG18-AG17) -> 232 | AI18: 250749 | AJ18: =IF((AI18-AI17<0), "",AI18-AI17) -> 77 | AK18: 931391 | AL18: =IF((AK18-AK17<0), "",AK18-AK17) -> 359 | AM18: 1727176 | AN18: =IF((AM18-AM17<0), "",AM18-AM17) -> 604 | AO18: 1849031 | AP18: =IF((AO18-AO17<0), "",AO18-AO17) -> 675 | AR18: 0 | AS18: 0 | AT18: 0 | AU18: 0 | AV18: 86851 | AW18: =IF((AV18-AV17<0), "",AV18-AV17) -> 21 | AX18: 7 | AY18: =IF((AX18-AX17<0), "",AX18-AX17) -> 2 | AZ18: 6787947 | BA18: =IF((AZ18-AZ17<0), "",AZ18-AZ17) -> 2161 | BB18: 1177527 | BC18: =IF((BB18-BB17<0), "",BB18-BB17) -> 1120 | BD18: 105 | BE18: 150
A19: 43877 | C19: 25423461 | D19: =IF((C19-C18<0), "0",C19-C18) -> 7322 | E19: 26165393 | F19: =IF((E19-E18<0), "0",E19-E18) -> 5361 | G19: 11098098 | H19: =IF((G19-G18<0), "0",G19-G18) -> 3945 | I19: 1559128 | J19: =IF((I19-I18<0), "0",I19-I18) -> 473 | K19: 3144242 | L19: =IF((K19-K18<0), "0",K19-K18) -> 794 | M19: 4571319 | N19: =IF((M19-M18<0), "0",M19-M18) -> 1196 | O19: 2190009 | P19: =IF((O19-O18<0), "0",O19-O18) -> 584 | Q19: 1226419 | R19: =IF((Q19-Q18<0), "0",Q19-Q18) -> 339 | S19: 394875 | T19: =IF((S19-S18<0), "0",S19-S18) -> 84 | U19: 4114158 | V19: =IF((U19-U18<0), "",U19-U18) -> 811 | W19: 946886 | X19: =IF((W19-W18<0), "",W19-W18) -> 94 | Y19: 3765861 | Z19: =IF((Y19-Y18<0), "",Y19-Y18) -> 1149 | AA19: 1966733 | AB19: =IF((AA19-AA18<0), "",AA19-AA18) -> 2 | AC19: 5063960 | AD19: =IF((AC19-AC18<0), "",AC19-AC18) -> 1469 | AE19: 7209550 | AF19: =IF((AE19-AE18<0), "",AE19-AE18) -> 1968 | AG19: 1272794 | AH19: =IF((AG19-AG18<0), "",AG19-AG18) -> 218 | AI19: 250823 | AJ19: =IF((AI19-AI18<0), "",AI19-AI18) -> 74 | AK19: 931720 | AL19: =IF((AK19-AK18<0), "",AK19-AK18) -> 329 | AM19: 1727760 | AN19: =IF((AM19-AM18<0), "",AM19-AM18) -> 584 | AO19: 1849645 | AP19: =IF((AO19-AO18<0), "",AO19-AO18) -> 614 | AR19: 0 | AS19: 0 | AT19: 0 | AU19: 0 | AV19: 86867 | AW19: =IF((AV19-AV18<0), "",AV19-AV18) -> 16 | AX19: 10 | AY19: =IF((AX19-AX18<0), "",AX19-AX18) -> 3 | AZ19: 6788991 | BA19: =IF((AZ19-AZ18<0), "",AZ19-AZ18) -> 1044 | BB19: 1178664 | BC19: =IF((BB19-BB18<0), "",BB19-BB18) -> 1137 | BD19: 120 | BE19: 156
A20: 43878 | C20: 25430985 | D20: =IF((C20-C19<0), "0",C20-C19) -> 7524 | E20: 26170721 | F20: =IF((E20-E19<0), "0",E20-E19) -> 5328 | G20: 11102035 | H20: =IF((G20-G19<0), "0",G20-G19) -> 3937 | I20: 1559595 | J20: =IF((I20-I19<0), "0",I20-I19) -> 467 | K20: 3145058 | L20: =IF((K20-K19<0), "0",K20-K19) -> 816 | M20: 4572668 | N20: =IF((M20-M19<0), "0",M20-M19) -> 1349 | O20: 2190562 | P20: =IF((O20-O19<0), "0",O20-O19) -> 553 | Q20: 1226768 | R20: =IF((Q20-Q19<0), "0",Q20-Q19) -> 349 | S20: 394954 | T20: =IF((S20-S19<0), "0",S20-S19) -> 79 | U20: 4115061 | V20: =IF((U20-U19<0), "",U20-U19) -> 903 | W20: 947012 | X20: =IF((W20-W19<0), "",W20-W19) -> 126 | Y20: 3766884 | Z20: =IF((Y20-Y19<0), "",Y20-Y19) -> 1023 | AA20: 1966736 | AB20: =IF((AA20-AA19<0), "",AA20-AA19) -> 3 | AC20: 5065327 | AD20: =IF((AC20-AC19<0), "",AC20-AC19) -> 1367 | AE20: 7211520 | AF20: =IF((AE20-AE19<0), "",AE20-AE19) -> 1970 | AG20: 1273027 | AH20: =IF((AG20-AG19<0), "",AG20-AG19) -> 233 | AI20: 250898 | AJ20: =IF((AI20-AI19<0), "",AI20-AI19) -> 75 | AK20: 932060 | AL20: =IF((AK20-AK19<0), "",AK20-AK19) -> 340 | AM20: 1728359 | AN20: =IF((AM20-AM19<0), "",AM20-AM19) -> 599 | AO20: 1850326 | AP20: =IF((AO20-AO19<0), "",AO20-AO19) -> 681 | AR20: 0 | AS20: 0 | AT20: 0 | AU20: 0 | AV20: 86886 | AW20: =IF((AV20-AV19<0), "",AV20-AV19) -> 19 | AX20: 12 | AY20: =IF((AX20-AX19<0), "",AX20-AX19) -> 2 | AZ20: 6792213 | BA20: =IF((AZ20-AZ19<0), "",AZ20-AZ19) -> 3222 | BB20: 1179801 | BC20: =IF((BB20-BB19<0), "",BB20-BB19) -> 1137 | BD20: 123 | BE20: 150
A21: 43879 | C21: 25438590 | D21: =IF((C21-C20<0), "0",C21-C20) -> 7605 | E21: 26176087 | F21: =IF((E21-E20<0), "0",E21-E20) -> 5366 | G21: 11106005 | H21: =IF((G21-G20<0), "0",G21-G20) -> 3970 | I21: 1560015 | J21: =IF((I21-I20<0), "0",I21-I20) -> 420 | K21: 3145859 | L21: =IF((K21-K20<0), "0",K21-K20) -> 801 | M21: 4573829 | N21: =IF((M21-M20<0), "0",M21-M20) -> 1161 | O21: 2191112 | P21: =IF((O21-O20<0), "0",O21-O20) -> 550 | Q21: 1227119 | R21: =IF((Q21-Q20<0), "0",Q21-Q20) -> 351 | S21: 395045 | T21: =IF((S21-S20<0), "0",S21-S20) -> 91 | U21: 4116115 | V21: =IF((U21-U20<0), "",U21-U20) -> 1054 | W21: 947275 | X21: =IF((W21-W20<0), "",W21-W20) -> 263 | Y21: 3767884 | Z21: =IF((Y21-Y20<0), "",Y21-Y20) -> 1000 | AA21: 1966738 | AB21: =IF((AA21-AA20<0), "",AA21-AA20) -> 2 | AC21: 5066783 | AD21: =IF((AC21-AC20<0), "",AC21-AC20) -> 1456 | AE21: 7213430 | AF21: =IF((AE21-AE20<0), "",AE21-AE20) -> 1910 | AG21: 1273269 | AH21: =IF((AG21-AG20<0), "",AG21-AG20) -> 242 | AI21: 250970 | AJ21: =IF((AI21-AI20<0), "",AI21-AI20) -> 72 | AK21: 932398 | AL21: =IF((AK21-AK20<0), "",AK21-AK20) -> 338 | AM21: 1728951 | AN21: =IF((AM21-AM20<0), "",AM21-AM20) -> 592 | AO21: 1851023 | AP21: =IF((AO21-AO20<0), "",AO21-AO20) -> 697 | AR21: 0 | AS21: 0 | AT21: 0 | AU21: 0 | AV21: 86910 | AW21: =IF((AV21-AV20<0), "",AV21-AV20) -> 24 | AX21: 15 | AY21: =IF((AX21-AX20<0), "",AX21-AX20) -> 3 | AZ21: 6794539 | BA21: =IF((AZ21-AZ20<0), "",AZ21-AZ20) -> 2326 | BB21: 1180924 | BC21: =IF((BB21-BB20<0), "",BB21-BB20) -> 1123 | BD21: 110 | BE21: 133
A22: 43880 | C22: 25446303 | D22: =IF((C22-C21<0), "0",C22-C21) -> 7713 | E22: 26181600 | F22: =IF((E22-E21<0), "0",E22-E21) -> 5513 | G22: 11109645 | H22: =IF((G22-G21<0), "0",G22-G21) -> 3640 | I22: 1560447 | J22: =IF((I22-I21<0), "0",I22-I21) -> 432 | K22: 3146658 | L22: =IF((K22-K21<0), "0",K22-K21) -> 799 | M22: 4575080 | N22: =IF((M22-M21<0), "0",M22-M21) -> 1251 | O22: 2191656 | P22: =IF((O22-O21<0), "0",O22-O21) -> 544 | Q22: 1227499 | R22: =IF((Q22-Q21<0), "0",Q22-Q21) -> 380 | S22: 395130 | T22: =IF((S22-S21<0), "0",S22-S21) -> 85 | U22: 4117239 | V22: =IF((U22-U21<0), "",U22-U21) -> 1124 | W22: 947494 | X22: =IF((W22-W21<0), "",W22-W21) -> 219 | Y22: 3768845 | Z22: =IF((Y22-Y21<0), "",Y22-Y21) -> 961 | AA22: 1966740 | AB22: =IF((AA22-AA21<0), "",AA22-AA21) -> 2 | AC22: 5068225 | AD22: =IF((AC22-AC21<0), "",AC22-AC21) -> 1442 | AE22: 7215403 | AF22: =IF((AE22-AE21<0), "",AE22-AE21) -> 1973 | AG22: 1273499 | AH22: =IF((AG22-AG21<0), "",AG22-AG21) -> 230 | AI22: 251045 | AJ22: =IF((AI22-AI21<0), "",AI22-AI21) -> 75 | AK22: 932727 | AL22: =IF((AK22-AK21<0), "",AK22-AK21) -> 329 | AM22: 1729535 | AN22: =IF((AM22-AM21<0), "",AM22-AM21) -> 584 | AO22: 1851670 | AP22: =IF((AO22-AO21<0), "",AO22-AO21) -> 647 | AR22: 0 | AS22: 0 | AT22: 0 | AU22: 0 | AV22: 86929 | AW22: =IF((AV22-AV21<0), "",AV22-AV21) -> 19 | AX22: 17 | AY22: =IF((AX22-AX21<0), "",AX22-AX21) -> 2 | AZ22: 6796880 | BA22: =IF((AZ22-AZ21<0), "",AZ22-AZ21) -> 2341 | BB22: 1181950 | BC22: =IF((BB22-BB21<0), "",BB22-BB21) -> 1026 | BD22: 112 | BE22: 137
A23: 43881 | C23: 25454170 | D23: =IF((C23-C22<0), "0",C23-C22) -> 7867 | E23: 26186816 | F23: =IF((E23-E22<0), "0",E23-E22) -> 5216 | G23: 11113540 | H23: =IF((G23-G22<0), "0",G23-G22) -> 3895 | I23: 1560919 | J23: =IF((I23-I22<0), "0",I23-I22) -> 472 | K23: 3147467 | L23: =IF((K23-K22<0), "0",K23-K22) -> 809 | M23: 4576373 | N23: =IF((M23-M22<0), "0",M23-M22) -> 1293 | O23: 2192222 | P23: =IF((O23-O22<0), "0",O23-O22) -> 566 | Q23: 1227836 | R23: =IF((Q23-Q22<0), "0",Q23-Q22) -> 337 | S23: 395214 | T23: =IF((S23-S22<0), "0",S23-S22) -> 84 | U23: 4118439 | V23: =IF((U23-U22<0), "",U23-U22) -> 1200 | W23: 947696 | X23: =IF((W23-W22<0), "",W23-W22) -> 202 | Y23: 3769832 | Z23: =IF((Y23-Y22<0), "",Y23-Y22) -> 987 | AA23: 1966742 | AB23: =IF((AA23-AA22<0), "",AA23-AA22) -> 2 | AC23: 5069660 | AD23: =IF((AC23-AC22<0), "",AC23-AC22) -> 1435 | AE23: 7217365 | AF23: =IF((AE23-AE22<0), "",AE23-AE22) -> 1962 | AG23: 1273727 | AH23: =IF((AG23-AG22<0), "",AG23-AG22) -> 228 | AI23: 251120 | AJ23: =IF((AI23-AI22<0), "",AI23-AI22) -> 75 | AK23: 933056 | AL23: =IF((AK23-AK22<0), "",AK23-AK22) -> 329 | AM23: 1730127 | AN23: =IF((AM23-AM22<0), "",AM23-AM22) -> 592 | AO23: 1852243 | AP23: =IF((AO23-AO22<0), "",AO23-AO22) -> 573 | AR23: 0 | AS23: 290 | AU23: 685 | AV23: 86945 | AW23: =IF((AV23-AV22<0), "",AV23-AV22) -> 16 | AX23: 19 | AY23: =IF((AX23-AX22<0), "",AX23-AX22) -> 2 | AZ23: 6799102 | BA23: =IF((AZ23-AZ22<0), "",AZ23-AZ22) -> 2222 | BB23: 1183041 | BC23: =IF((BB23-BB22<0), "",BB23-BB22) -> 1091 | BD23: 76 | BE23: 103
A24: 43882 | C24: 25461911 | D24: =IF((C24-C23<0), "0",C24-C23) -> 7741 | E24: 26192158 | F24: =IF((E24-E23<0), "0",E24-E23) -> 5342 | G24: 11117524 | H24: =IF((G24-G23<0), "0",G24-G23) -> 3984 | I24: 1561426 | J24: =IF((I24-I23<0), "0",I24-I23) -> 507 | K24: 3148293 | L24: =IF((K24-K23<0), "0",K24-K23) -> 826 | M24: 4577592 | N24: =IF((M24-M23<0), "0",M24-M23) -> 1219 | O24: 2192807 | P24: =IF((O24-O23<0), "0",O24-O23) -> 585 | Q24: 1228186 | R24: =IF((Q24-Q23<0), "0",Q24-Q23) -> 350 | S24: 395300 | T24: =IF((S24-S23<0), "0",S24-S23) -> 86 | U24: 4119598 | V24: =IF((U24-U23<0), "",U24-U23) -> 1159 | W24: 947897 | X24: =IF((W24-W23<0), "",W24-W23) -> 201 | Y24: 3770735 | Z24: =IF((Y24-Y23<0), "",Y24-Y23) -> 903 | AA24: 1966745 | AB24: =IF((AA24-AA23<0), "",AA24-AA23) -> 3 | AC24: 5071125 | AD24: =IF((AC24-AC23<0), "",AC24-AC23) -> 1465 | AE24: 7219372 | AF24: =IF((AE24-AE23<0), "",AE24-AE23) -> 2007 | AG24: 1273959 | AH24: =IF((AG24-AG23<0), "",AG24-AG23) -> 232 | AI24: 251197 | AJ24: =IF((AI24-AI23<0), "",AI24-AI23) -> 77 | AK24: 933378 | AL24: =IF((AK24-AK23<0), "",AK24-AK23) -> 322 | AM24: 1730736 | AN24: =IF((AM24-AM23<0), "",AM24-AM23) -> 609 | AO24: 1852909 | AP24: =IF((AO24-AO23<0), "",AO24-AO23) -> 666 | AR24: 0 | AS24: 0 | AT24: 0 | AU24: 0 | AV24: 86966 | AW24: =IF((AV24-AV23<0), "",AV24-AV23) -> 21 | AX24: 22 | AY24: =IF((AX24-AX23<0), "",AX24-AX23) -> 3 | AZ24: 6801429 | BA24: =IF((AZ24-AZ23<0), "",AZ24-AZ23) -> 2327 | BB24: 1184166 | BC24: =IF((BB24-BB23<0), "",BB24-BB23) -> 1125 | BD24: 72 | BE24: 107
A25: 43883 | C25: 25469417 | D25: =IF((C25-C24<0), "0",C25-C24) -> 7506 | E25: 26197353 | F25: =IF((E25-E24<0), "0",E25-E24) -> 5195 | G25: 11121436 | H25: =IF((G25-G24<0), "0",G25-G24) -> 3912 | I25: 1561910 | J25: =IF((I25-I24<0), "0",I25-I24) -> 484 | K25: 3149108 | L25: =IF((K25-K24<0), "0",K25-K24) -> 815 | M25: 4578800 | N25: =IF((M25-M24<0), "0",M25-M24) -> 1208 | O25: 2193380 | P25: =IF((O25-O24<0), "0",O25-O24) -> 573 | Q25: 1228548 | R25: =IF((Q25-Q24<0), "0",Q25-Q24) -> 362 | S25: 395385 | T25: =IF((S25-S24<0), "0",S25-S24) -> 85 | U25: 4120685 | V25: =IF((U25-U24<0), "",U25-U24) -> 1087 | W25: 948013 | X25: =IF((W25-W24<0), "",W25-W24) -> 116 | Y25: 3771669 | Z25: =IF((Y25-Y24<0), "",Y25-Y24) -> 934 | AA25: 1966747 | AB25: =IF((AA25-AA24<0), "",AA25-AA24) -> 2 | AC25: 5072573 | AD25: =IF((AC25-AC24<0), "",AC25-AC24) -> 1448 | AE25: 7221369 | AF25: =IF((AE25-AE24<0), "",AE25-AE24) -> 1997 | AG25: 1274189 | AH25: =IF((AG25-AG24<0), "",AG25-AG24) -> 230 | AI25: 251273 | AJ25: =IF((AI25-AI24<0), "",AI25-AI24) -> 76 | AK25: 933690 | AL25: =IF((AK25-AK24<0), "",AK25-AK24) -> 312 | AM25: 1731331 | AN25: =IF((AM25-AM24<0), "",AM25-AM24) -> 595 | AO25: 1853524 | AP25: =IF((AO25-AO24<0), "",AO25-AO24) -> 615 | AR25: 0 | AS25: 0 | AT25: 0 | AU25: 0 | AV25: 86984 | AW25: =IF((AV25-AV24<0), "",AV25-AV24) -> 18 | AX25: 24 | AY25: =IF((AX25-AX24<0), "",AX25-AX24) -> 2 | AZ25: 6803520 | BA25: =IF((AZ25-AZ24<0), "",AZ25-AZ24) -> 2091 | BB25: 1185266 | BC25: =IF((BB25-BB24<0), "",BB25-BB24) -> 1100 | BD25: 76 | BE25: 110
A26: 43884 | C26: 25476630 | D26: =IF((C26-C25<0), "0",C26-C25) -> 7213 | E26: 26202433 | F26: =IF((E26-E25<0), "0",E26-E25) -> 5080 | G26: 11125440 | H26: =IF((G26-G25<0), "0",G26-G25) -> 4004 | I26: 1562421 | J26: =IF((I26-I25<0), "0",I26-I25) -> 511 | K26: 3149921 | L26: =IF((K26-K25<0), "0",K26-K25) -> 813 | M26: 4579940 | N26: =IF((M26-M25<0), "0",M26-M25) -> 1140 | O26: 2193957 | P26: =IF((O26-O25<0), "0",O26-O25) -> 577 | Q26: 1228894 | R26: =IF((Q26-Q25<0), "0",Q26-Q25) -> 346 | S26: 395471 | T26: =IF((S26-S25<0), "0",S26-S25) -> 86 | U26: 4121522 | V26: =IF((U26-U25<0), "",U26-U25) -> 837 | W26: 948093 | X26: =IF((W26-W25<0), "",W26-W25) -> 80 | Y26: 3772648 | Z26: =IF((Y26-Y25<0), "",Y26-Y25) -> 979 | AA26: 1966749 | AB26: =IF((AA26-AA25<0), "",AA26-AA25) -> 2 | AC26: 5074032 | AD26: =IF((AC26-AC25<0), "",AC26-AC25) -> 1459 | AE26: 7223385 | AF26: =IF((AE26-AE25<0), "",AE26-AE25) -> 2016 | AG26: 1274418 | AH26: =IF((AG26-AG25<0), "",AG26-AG25) -> 229 | AI26: 251349 | AJ26: =IF((AI26-AI25<0), "",AI26-AI25) -> 76 | AK26: 934003 | AL26: =IF((AK26-AK25<0), "",AK26-AK25) -> 313 | AM26: 1731927 | AN26: =IF((AM26-AM25<0), "",AM26-AM25) -> 596 | AO26: 1854152 | AP26: =IF((AO26-AO25<0), "",AO26-AO25) -> 628 | AR26: 0 | AS26: 0 | AT26: 0 | AU26: 0 | AV26: 87003 | AW26: =IF((AV26-AV25<0), "",AV26-AV25) -> 19 | AX26: 27 | AY26: =IF((AX26-AX25<0), "",AX26-AX25) -> 3 | AZ26: 6805519 | BA26: =IF((AZ26-AZ25<0), "",AZ26-AZ25) -> 1999 | BB26: 1186399 | BC26: =IF((BB26-BB25<0), "",BB26-BB25) -> 1133 | BD26: 99 | BE26: 137
A27: 43885 | C27: 25484025 | D27: =IF((C27-C26<0), "0",C27-C26) -> 7395 | E27: 26207398 | F27: =IF((E27-E26<0), "0",E27-E26) -> 4965 | G27: 11129265 | H27: =IF((G27-G26<0), "0",G27-G26) -> 3825 | I27: 1562920 | J27: =IF((I27-I26<0), "0",I27-I26) -> 499 | K27: 3150700 | L27: =IF((K27-K26<0), "0",K27-K26) -> 779 | M27: 4581224 | N27: =IF((M27-M26<0), "0",M27-M26) -> 1284 | O27: 2194561 | P27: =IF((O27-O26<0), "0",O27-O26) -> 604 | Q27: 1229223 | R27: =IF((Q27-Q26<0), "0",Q27-Q26) -> 329 | S27: 395555 | T27: =IF((S27-S26<0), "0",S27-S26) -> 84 | U27: 4122418 | V27: =IF((U27-U26<0), "",U27-U26) -> 896 | W27: 948190 | X27: =IF((W27-W26<0), "",W27-W26) -> 97 | Y27: 3773707 | Z27: =IF((Y27-Y26<0), "",Y27-Y26) -> 1059 | AA27: 1966751 | AB27: =IF((AA27-AA26<0), "",AA27-AA26) -> 2 | AC27: 5075446 | AD27: =IF((AC27-AC26<0), "",AC27-AC26) -> 1414 | AE27: 7225334 | AF27: =IF((AE27-AE26<0), "",AE27-AE26) -> 1949 | AG27: 1274641 | AH27: =IF((AG27-AG26<0), "",AG27-AG26) -> 223 | AI27: 251424 | AJ27: =IF((AI27-AI26<0), "",AI27-AI26) -> 75 | AK27: 934321 | AL27: =IF((AK27-AK26<0), "",AK27-AK26) -> 318 | AM27: 1732504 | AN27: =IF((AM27-AM26<0), "",AM27-AM26) -> 577 | AO27: 1854764 | AP27: =IF((AO27-AO26<0), "",AO27-AO26) -> 612 | AR27: 0 | AS27: 0 | AT27: 0 | AU27: 0 | AV27: 87020 | AW27: =IF((AV27-AV26<0), "",AV27-AV26) -> 17 | AX27: 29 | AY27: =IF((AX27-AX26<0), "",AX27-AX26) -> 2 | AZ27: 6807528 | BA27: =IF((AZ27-AZ26<0), "",AZ27-AZ26) -> 2009 | BB27: 1187485 | BC27: =IF((BB27-BB26<0), "",BB27-BB26) -> 1086 | BD27: 123 | BE27: 166
A28: 43886 | C28: 25491754 | D28: =IF((C28-C27<0), "0",C28-C27) -> 7729 | E28: 26212671 | F28: =IF((E28-E27<0), "0",E28-E27) -> 5273 | G28: 11133158 | H28: =IF((G28-G27<0), "0",G28-G27) -> 3893 | I28: 1563421 | J28: =IF((I28-I27<0), "0",I28-I27) -> 501 | K28: 3151492 | L28: =IF((K28-K27<0), "0",K28-K27) -> 792 | M28: 4582479 | N28: =IF((M28-M27<0), "0",M28-M27) -> 1255 | O28: 2195140 | P28: =IF((O28-O27<0), "0",O28-O27) -> 579 | Q28: 1229549 | R28: =IF((Q28-Q27<0), "0",Q28-Q27) -> 326 | S28: 395639 | T28: =IF((S28-S27<0), "0",S28-S27) -> 84 | U28: 4123511 | V28: =IF((U28-U27<0), "",U28-U27) -> 1093 | W28: 948330 | X28: =IF((W28-W27<0), "",W28-W27) -> 140 | Y28: 3774795 | Z28: =IF((Y28-Y27<0), "",Y28-Y27) -> 1088 | AA28: 1966754 | AB28: =IF((AA28-AA27<0), "",AA28-AA27) -> 3 | AC28: 5076855 | AD28: =IF((AC28-AC27<0), "",AC28-AC27) -> 1409 | AE28: 7227303 | AF28: =IF((AE28-AE27<0), "",AE28-AE27) -> 1969 | AG28: 1274888 | AH28: =IF((AG28-AG27<0), "",AG28-AG27) -> 247 | AI28: 251498 | AJ28: =IF((AI28-AI27<0), "",AI28-AI27) -> 74 | AK28: 934674 | AL28: =IF((AK28-AK27<0), "",AK28-AK27) -> 353 | AM28: 1733101 | AN28: =IF((AM28-AM27<0), "",AM28-AM27) -> 597 | AO28: 1855375 | AP28: =IF((AO28-AO27<0), "",AO28-AO27) -> 611 | AR28: 0 | AS28: 0 | AT28: 0 | AU28: 0 | AV28: 87036 | AW28: =IF((AV28-AV27<0), "",AV28-AV27) -> 16 | AX28: 31 | AY28: =IF((AX28-AX27<0), "",AX28-AX27) -> 2 | AZ28: 6809652 | BA28: =IF((AZ28-AZ27<0), "",AZ28-AZ27) -> 2124 | BB28: 1188601 | BC28: =IF((BB28-BB27<0), "",BB28-BB27) -> 1116 | BD28: 141 | BE28: 199
A29: 43887 | C29: 25498837 | D29: =IF((C29-C28<0), "0",C29-C28) -> 7083 | E29: 26219086 | F29: =IF((E29-E28<0), "0",E29-E28) -> 6415 | G29: 11137132 | H29: =IF((G29-G28<0), "0",G29-G28) -> 3974 | I29: 1563932 | J29: =IF((I29-I28<0), "0",I29-I28) -> 511 | K29: 3152297 | L29: =IF((K29-K28<0), "0",K29-K28) -> 805 | M29: 4583696 | N29: =IF((M29-M28<0), "0",M29-M28) -> 1217 | O29: 2195789 | P29: =IF((O29-O28<0), "0",O29-O28) -> 649 | Q29: 1229928 | R29: =IF((Q29-Q28<0), "0",Q29-Q28) -> 379 | S29: 395725 | T29: =IF((S29-S28<0), "0",S29-S28) -> 86 | U29: 4124642 | V29: =IF((U29-U28<0), "",U29-U28) -> 1131 | W29: 948553 | X29: =IF((W29-W28<0), "",W29-W28) -> 223 | Y29: 3774898 | Z29: =IF((Y29-Y28<0), "",Y29-Y28) -> 103 | AA29: 1967403 | AB29: =IF((AA29-AA28<0), "",AA29-AA28) -> 649 | AC29: 5078296 | AD29: =IF((AC29-AC28<0), "",AC29-AC28) -> 1441 | AE29: 7229312 | AF29: =IF((AE29-AE28<0), "",AE29-AE28) -> 2009 | AG29: 1275118 | AH29: =IF((AG29-AG28<0), "",AG29-AG28) -> 230 | AI29: 251574 | AJ29: =IF((AI29-AI28<0), "",AI29-AI28) -> 76 | AK29: 935035 | AL29: =IF((AK29-AK28<0), "",AK29-AK28) -> 361 | AM29: 1733711 | AN29: =IF((AM29-AM28<0), "",AM29-AM28) -> 610 | AO29: 1856061 | AP29: =IF((AO29-AO28<0), "",AO29-AO28) -> 686 | AR29: 0 | AS29: 0 | AT29: 0 | AU29: 0 | AV29: 87056 | AW29: =IF((AV29-AV28<0), "",AV29-AV28) -> 20 | AX29: 34 | AY29: =IF((AX29-AX28<0), "",AX29-AX28) -> 3 | AZ29: 6812176 | BA29: =IF((AZ29-AZ28<0), "",AZ29-AZ28) -> 2524 | BB29: 1189743 | BC29: =IF((BB29-BB28<0), "",BB29-BB28) -> 1142 | BD29: 133 | BE29: 189
A30: 43888 | C30: 25505473 | D30: =IF((C30-C29<0), "0",C30-C29) -> 6636 | E30: 26225698 | F30: =IF((E30-E29<0), "0",E30-E29) -> 6612 | G30: 11141014 | H30: =IF((G30-G29<0), "0",G30-G29) -> 3882 | I30: 1564423 | J30: =IF((I30-I29<0), "0",I30-I29) -> 491 | K30: 3153105 | L30: =IF((K30-K29<0), "0",K30-K29) -> 808 | M30: 4584834 | N30: =IF((M30-M29<0), "0",M30-M29) -> 1138 | O30: 2196434 | P30: =IF((O30-O29<0), "0",O30-O29) -> 645 | Q30: 1230281 | R30: =IF((Q30-Q29<0), "0",Q30-Q29) -> 353 | S30: 395810 | T30: =IF((S30-S29<0), "0",S30-S29) -> 85 | U30: 4125657 | V30: =IF((U30-U29<0), "",U30-U29) -> 1015 | W30: 948737 | X30: =IF((W30-W29<0), "",W30-W29) -> 184 | Y30: 3774901 | Z30: =IF((Y30-Y29<0), "",Y30-Y29) -> 3 | AA30: 1968133 | AB30: =IF((AA30-AA29<0), "",AA30-AA29) -> 730 | AC30: 5079730 | AD30: =IF((AC30-AC29<0), "",AC30-AC29) -> 1434 | AE30: 7231312 | AF30: =IF((AE30-AE29<0), "",AE30-AE29) -> 2000 | AG30: 1275349 | AH30: =IF((AG30-AG29<0), "",AG30-AG29) -> 231 | AI30: 251649 | AJ30: =IF((AI30-AI29<0), "",AI30-AI29) -> 75 | AK30: 935390 | AL30: =IF((AK30-AK29<0), "",AK30-AK29) -> 355 | AM30: 1734318 | AN30: =IF((AM30-AM29<0), "",AM30-AM29) -> 607 | AO30: 1856708 | AP30: =IF((AO30-AO29<0), "",AO30-AO29) -> 647 | AR30: 0 | AS30: 0 | AT30: 0 | AU30: 0 | AV30: 87074 | AW30: =IF((AV30-AV29<0), "",AV30-AV29) -> 18 | AX30: 36 | AY30: =IF((AX30-AX29<0), "",AX30-AX29) -> 2 | AZ30: 6814717 | BA30: =IF((AZ30-AZ29<0), "",AZ30-AZ29) -> 2541 | BB30: 1190849 | BC30: =IF((BB30-BB29<0), "",BB30-BB29) -> 1106 | BD30: 127 | BE30: 186
A31: 43889 | C31: 25512109 | D31: =IF((C31-C30<0), "0",C31-C30) -> 6636 | E31: 26232398 | F31: =IF((E31-E30<0), "0",E31-E30) -> 6700 | G31: 11144950 | H31: =IF((G31-G30<0), "0",G31-G30) -> 3936 | I31: 1564905 | J31: =IF((I31-I30<0), "0",I31-I30) -> 482 | K31: 3153927 | L31: =IF((K31-K30<0), "0",K31-K30) -> 822 | M31: 4586039 | N31: =IF((M31-M30<0), "0",M31-M30) -> 1205 | O31: 2197032 | P31: =IF((O31-O30<0), "0",O31-O30) -> 598 | Q31: 1230635 | R31: =IF((Q31-Q30<0), "0",Q31-Q30) -> 354 | S31: 395894 | T31: =IF((S31-S30<0), "0",S31-S30) -> 84 | U31: 4126669 | V31: =IF((U31-U30<0), "",U31-U30) -> 1012 | W31: 948885 | X31: =IF((W31-W30<0), "",W31-W30) -> 148 | Y31: 3774905 | Z31: =IF((Y31-Y30<0), "",Y31-Y30) -> 4 | AA31: 1968883 | AB31: =IF((AA31-AA30<0), "",AA31-AA30) -> 750 | AC31: 5081160 | AD31: =IF((AC31-AC30<0), "",AC31-AC30) -> 1430 | AE31: 7233300 | AF31: =IF((AE31-AE30<0), "",AE31-AE30) -> 1988 | AG31: 1275577 | AH31: =IF((AG31-AG30<0), "",AG31-AG30) -> 228 | AI31: 251724 | AJ31: =IF((AI31-AI30<0), "",AI31-AI30) -> 75 | AK31: 935740 | AL31: =IF((AK31-AK30<0), "",AK31-AK30) -> 350 | AM31: 1734921 | AN31: =IF((AM31-AM30<0), "",AM31-AM30) -> 603 | AO31: 1857373 | AP31: =IF((AO31-AO30<0), "",AO31-AO30) -> 665 | AR31: 0 | AS31: 0 | AT31: 0 | AU31: 0 | AV31: 87095 | AW31: =IF((AV31-AV30<0), "",AV31-AV30) -> 21 | AX31: 38 | AY31: =IF((AX31-AX30<0), "",AX31-AX30) -> 2 | AZ31: 6817242 | BA31: =IF((AZ31-AZ30<0), "",AZ31-AZ30) -> 2525 | BB31: 1191969 | BC31: =IF((BB31-BB30<0), "",BB31-BB30) -> 1120 | BD31: 98 | BE31: 146
A32: 43890 | D32: =IF((C32-C31<0), "0",C32-C31) -> 0 | F32: =IF((E32-E31<0), "0",E32-E31) -> 0 | H32: =IF((G32-G31<0), "0",G32-G31) -> 0 | I32: 5 | J32: =IF((I32-I31<0), "0",I32-I31) -> 0 | L32: =IF((K32-K31<0), "0",K32-K31) -> 0 | N32: =IF((M32-M31<0), "0",M32-M31) -> 0 | P32: =IF((O32-O31<0), "0",O32-O31) -> 0 | R32: =IF((Q32-Q31<0), "0",Q32-Q31) -> 0 | T32: =IF((S32-S31<0), "0",S32-S31) -> 0 | V32: =IF((U32-U31<0), "",U32-U31) | X32: =IF((W32-W31<0), "",W32-W31) | Z32: =IF((Y32-Y31<0), "",Y32-Y31) | AB32: =IF((AA32-AA31<0), "",AA32-AA31) | AD32: =IF((AC32-AC31<0), "",AC32-AC31) | AF32: =IF((AE32-AE31<0), "",AE32-AE31) | AH32: =IF((AG32-AG31<0), "",AG32-AG31) | AJ32: =IF((AI32-AI31<0), "",AI32-AI31) | AL32: =IF((AK32-AK31<0), "",AK32-AK31) | AN32: =IF((AM32-AM31<0), "",AM32-AM31) | AP32: =IF((AO32-AO31<0), "",AO32-AO31) | AW32: =IF((AV32-AV31<0), "",AV32-AV31) | AY32: =IF((AX32-AX31<0), "",AX32-AX31) | BA32: =IF((AZ32-AZ31<0), "",AZ32-AZ31) | BC32: =IF((BB32-BB31<0), "",BB32-BB31)
D33: =IF((C33-C32<0), "0",C33-C32) -> 0 | F33: =IF((E33-E32<0), "0",E33-E32) -> 0 | H33: =IF((G33-G32<0), "0",G33-G32) -> 0 | J33: =IF((I33-I32<0), "0",I33-I32) -> 0 | L33: =IF((K33-K32<0), "0",K33-K32) -> 0 | N33: =IF((M33-M32<0), "0",M33-M32) -> 0 | P33: =IF((O33-O32<0), "0",O33-O32) -> 0 | R33: =IF((Q33-Q32<0), "0",Q33-Q32) -> 0 | T33: =IF((S33-S32<0), "0",S33-S32) -> 0 | V33: =IF((U33-U32<0), "",U33-U32) -> 0 | X33: =IF((W33-W32<0), "",W33-W32) -> 0 | Z33: =IF((Y33-Y32<0), "",Y33-Y32) -> 0 | AB33: =IF((AA33-AA32<0), "",AA33-AA32) -> 0 | AD33: =IF((AC33-AC32<0), "",AC33-AC32) -> 0 | AF33: =IF((AE33-AE32<0), "",AE33-AE32) -> 0 | AH33: =IF((AG33-AG32<0), "",AG33-AG32) -> 0 | AJ33: =IF((AI33-AI32<0), "",AI33-AI32) -> 0 | AL33: =IF((AK33-AK32<0), "",AK33-AK32) -> 0 | AN33: =IF((AM33-AM32<0), "",AM33-AM32) -> 0 | AP33: =IF((AO33-AO32<0), "",AO33-AO32) -> 0 | AW33: =IF((AV33-AV32<0), "",AV33-AV32) -> 0 | AY33: =IF((AX33-AX32<0), "",AX33-AX32) -> 0 | BA33: =IF((AZ33-AZ32<0), "",AZ33-AZ32) -> 0 | BC33: =IF((BB33-BB32<0), "",BB33-BB32) -> 0
D34: =IF((C34-C33<0), "0",C34-C33) -> 0 | F34: =IF((E34-E33<0), "0",E34-E33) -> 0 | H34: =IF((G34-G33<0), "0",G34-G33) -> 0 | J34: =IF((I34-I33<0), "0",I34-I33) -> 0 | L34: =IF((K34-K33<0), "0",K34-K33) -> 0 | N34: =IF((M34-M33<0), "0",M34-M33) -> 0 | P34: =IF((O34-O33<0), "0",O34-O33) -> 0 | R34: =IF((Q34-Q33<0), "0",Q34-Q33) -> 0 | T34: =IF((S34-S33<0), "0",S34-S33) -> 0 | V34: =IF((U34-U33<0), "",U34-U33) -> 0 | X34: =IF((W34-W33<0), "",W34-W33) -> 0 | Z34: =IF((Y34-Y33<0), "",Y34-Y33) -> 0 | AB34: =IF((AA34-AA33<0), "",AA34-AA33) -> 0 | AD34: =IF((AC34-AC33<0), "",AC34-AC33) -> 0 | AF34: =IF((AE34-AE33<0), "",AE34-AE33) -> 0 | AH34: =IF((AG34-AG33<0), "",AG34-AG33) -> 0 | AJ34: =IF((AI34-AI33<0), "",AI34-AI33) -> 0 | AL34: =IF((AK34-AK33<0), "",AK34-AK33) -> 0 | AN34: =IF((AM34-AM33<0), "",AM34-AM33) -> 0 | AP34: =IF((AO34-AO33<0), "",AO34-AO33) -> 0 | AW34: =IF((AV34-AV33<0), "",AV34-AV33) -> 0 | AY34: =IF((AX34-AX33<0), "",AX34-AX33) -> 0 | BA34: =IF((AZ34-AZ33<0), "",AZ34-AZ33) -> 0 | BC34: =IF((BB34-BB33<0), "",BB34-BB33) -> 0
