Workbook

Sheet Total Daily 
A1: Site Name | B1: Day | C1: Month | D1: Year | E1: Total Electricity Kwh | F1: Electricity Tariff ($/Kwh) | G1: LPG (Kg) | H1: LPG $/Kg | I1: District Energy Cooling Kwh | J1: District Energy Cooling $/Kwh | K1: Water Utility Supply (m3) m3 | L1: Water Utility Supply (m3) m3 | M1: Water Utility Supply (m3) $/m3 | N1: Room Nights
A2: Dubai DIFC | B2: 1 | C2: 3 | D2: 2020 | E2: ='03 - 2020'!B5-'03 - 2020'!B4+'03 - 2020'!C5-'03 - 2020'!C4 -> 9690 | F2: 0.118 | G2: ='03 - 2020'!D5-'03 - 2020'!D4+'03 - 2020'!E5-'03 - 2020'!E4 -> 23.98 | H2: 0.99 | I2: ='03 - 2020'!F5-'03 - 2020'!F4+'03 - 2020'!G5-'03 - 2020'!G4 -> 18.93 | J2: 0.081 | K2: ='03 - 2020'!H5-'03 - 2020'!H4+'03 - 2020'!I5-'03 - 2020'!I4 -> 105 | L2: ='03 - 2020'!I5-'03 - 2020'!I4+'03 - 2020'!J5-'03 - 2020'!J4 -> 13985 | M2: 4.3936294 | N2: 38
A3: Dubai DIFC | B3: =B2+1 -> 2 | C3: 3 | D3: 2020 | E3: 0 | F3: 0.118 | G3: 0 | H3: 0.99 | I3: 0 | J3: 0.081 | K3: 0 | L3: 0 | M3: 4.3936294
A4: Dubai DIFC | B4: =B3+1 -> 3 | C4: 3 | D4: 2020 | E4: ='03 - 2020'!B7-'03 - 2020'!B6+'03 - 2020'!C7-'03 - 2020'!C6 -> 0 | F4: 0.118 | G4: ='03 - 2020'!D7-'03 - 2020'!D6+'03 - 2020'!E7-'03 - 2020'!E6 -> 0 | H4: 0.99 | I4: ='03 - 2020'!F7-'03 - 2020'!F6+'03 - 2020'!G7-'03 - 2020'!G6 -> 0 | J4: 0.081 | K4: ='03 - 2020'!H7-'03 - 2020'!H6+'03 - 2020'!I7-'03 - 2020'!I6 -> 0 | L4: ='03 - 2020'!I7-'03 - 2020'!I6+'03 - 2020'!J7-'03 - 2020'!J6 -> 0 | M4: 4.3936294
A5: Dubai DIFC | B5: =B4+1 -> 4 | C5: 3 | D5: 2020 | E5: ='03 - 2020'!B8-'03 - 2020'!B7+'03 - 2020'!C8-'03 - 2020'!C7 -> 0 | F5: 0.118 | G5: ='03 - 2020'!D8-'03 - 2020'!D7+'03 - 2020'!E8-'03 - 2020'!E7 -> 0 | H5: 0.99 | I5: ='03 - 2020'!F8-'03 - 2020'!F7+'03 - 2020'!G8-'03 - 2020'!G7 -> 0 | J5: 0.081 | K5: ='03 - 2020'!H8-'03 - 2020'!H7+'03 - 2020'!I8-'03 - 2020'!I7 -> 0 | L5: ='03 - 2020'!I8-'03 - 2020'!I7+'03 - 2020'!J8-'03 - 2020'!J7 -> 0 | M5: 4.3936294
A6: Dubai DIFC | B6: =B5+1 -> 5 | C6: 3 | D6: 2020 | E6: ='03 - 2020'!B9-'03 - 2020'!B8+'03 - 2020'!C9-'03 - 2020'!C8 -> 0 | F6: 0.118 | G6: ='03 - 2020'!D9-'03 - 2020'!D8+'03 - 2020'!E9-'03 - 2020'!E8 -> 0 | H6: 0.99 | I6: ='03 - 2020'!F9-'03 - 2020'!F8+'03 - 2020'!G9-'03 - 2020'!G8 -> 0 | J6: 0.081 | K6: ='03 - 2020'!H9-'03 - 2020'!H8+'03 - 2020'!I9-'03 - 2020'!I8 -> 0 | L6: ='03 - 2020'!I9-'03 - 2020'!I8+'03 - 2020'!J9-'03 - 2020'!J8 -> 0 | M6: 4.3936294
A7: Dubai DIFC | B7: =B6+1 -> 6 | C7: 3 | D7: 2020 | E7: ='03 - 2020'!B10-'03 - 2020'!B9+'03 - 2020'!C10-'03 - 2020'!C9 -> 0 | F7: 0.118 | G7: ='03 - 2020'!D10-'03 - 2020'!D9+'03 - 2020'!E10-'03 - 2020'!E9 -> 0 | H7: 0.99 | I7: ='03 - 2020'!F10-'03 - 2020'!F9+'03 - 2020'!G10-'03 - 2020'!G9 -> 0 | J7: 0.081 | K7: ='03 - 2020'!H10-'03 - 2020'!H9+'03 - 2020'!I10-'03 - 2020'!I9 -> 0 | L7: ='03 - 2020'!I10-'03 - 2020'!I9+'03 - 2020'!J10-'03 - 2020'!J9 -> 0 | M7: 4.3936294
A8: Dubai DIFC | B8: =B7+1 -> 7 | C8: 3 | D8: 2020 | E8: ='03 - 2020'!B11-'03 - 2020'!B10+'03 - 2020'!C11-'03 - 2020'!C10 -> 0 | F8: 0.118 | G8: ='03 - 2020'!D11-'03 - 2020'!D10+'03 - 2020'!E11-'03 - 2020'!E10 -> 0 | H8: 0.99 | I8: ='03 - 2020'!F11-'03 - 2020'!F10+'03 - 2020'!G11-'03 - 2020'!G10 -> 0 | J8: 0.081 | K8: ='03 - 2020'!H11-'03 - 2020'!H10+'03 - 2020'!I11-'03 - 2020'!I10 -> 0 | L8: ='03 - 2020'!I11-'03 - 2020'!I10+'03 - 2020'!J11-'03 - 2020'!J10 -> 0 | M8: 4.3936294
A9: Dubai DIFC | B9: =B8+1 -> 8 | C9: 3 | D9: 2020 | E9: ='03 - 2020'!B12-'03 - 2020'!B11+'03 - 2020'!C12-'03 - 2020'!C11 -> 0 | F9: 0.118 | G9: ='03 - 2020'!D12-'03 - 2020'!D11+'03 - 2020'!E12-'03 - 2020'!E11 -> 0 | H9: 0.99 | I9: ='03 - 2020'!F12-'03 - 2020'!F11+'03 - 2020'!G12-'03 - 2020'!G11 -> 0 | J9: 0.081 | K9: ='03 - 2020'!H12-'03 - 2020'!H11+'03 - 2020'!I12-'03 - 2020'!I11 -> 0 | L9: ='03 - 2020'!I12-'03 - 2020'!I11+'03 - 2020'!J12-'03 - 2020'!J11 -> 0 | M9: 4.3936294
A10: Dubai DIFC | B10: =B9+1 -> 9 | C10: 3 | D10: 2020 | E10: ='03 - 2020'!B13-'03 - 2020'!B12+'03 - 2020'!C13-'03 - 2020'!C12 -> 0 | F10: 0.118 | G10: ='03 - 2020'!D13-'03 - 2020'!D12+'03 - 2020'!E13-'03 - 2020'!E12 -> 0 | H10: 0.99 | I10: ='03 - 2020'!F13-'03 - 2020'!F12+'03 - 2020'!G13-'03 - 2020'!G12 -> 0 | J10: 0.081 | K10: ='03 - 2020'!H13-'03 - 2020'!H12+'03 - 2020'!I13-'03 - 2020'!I12 -> 0 | L10: ='03 - 2020'!I13-'03 - 2020'!I12+'03 - 2020'!J13-'03 - 2020'!J12 -> 0 | M10: 4.3936294
A11: Dubai DIFC | B11: =B10+1 -> 10 | C11: 3 | D11: 2020 | E11: ='03 - 2020'!B14-'03 - 2020'!B13+'03 - 2020'!C14-'03 - 2020'!C13 -> 0 | F11: 0.118 | G11: ='03 - 2020'!D14-'03 - 2020'!D13+'03 - 2020'!E14-'03 - 2020'!E13 -> 0 | H11: 0.99 | I11: ='03 - 2020'!F14-'03 - 2020'!F13+'03 - 2020'!G14-'03 - 2020'!G13 -> 0 | J11: 0.081 | K11: ='03 - 2020'!H14-'03 - 2020'!H13+'03 - 2020'!I14-'03 - 2020'!I13 -> 0 | L11: ='03 - 2020'!I14-'03 - 2020'!I13+'03 - 2020'!J14-'03 - 2020'!J13 -> 0 | M11: 4.3936294
A12: Dubai DIFC | B12: =B11+1 -> 11 | C12: 3 | D12: 2020 | E12: ='03 - 2020'!B15-'03 - 2020'!B14+'03 - 2020'!C15-'03 - 2020'!C14 -> 0 | F12: 0.118 | G12: ='03 - 2020'!D15-'03 - 2020'!D14+'03 - 2020'!E15-'03 - 2020'!E14 -> 0 | H12: 0.99 | I12: ='03 - 2020'!F15-'03 - 2020'!F14+'03 - 2020'!G15-'03 - 2020'!G14 -> 0 | J12: 0.081 | K12: ='03 - 2020'!H15-'03 - 2020'!H14+'03 - 2020'!I15-'03 - 2020'!I14 -> 0 | L12: ='03 - 2020'!I15-'03 - 2020'!I14+'03 - 2020'!J15-'03 - 2020'!J14 -> 0 | M12: 4.3936294
A13: Dubai DIFC | B13: =B12+1 -> 12 | C13: 3 | D13: 2020 | E13: ='03 - 2020'!B16-'03 - 2020'!B15+'03 - 2020'!C16-'03 - 2020'!C15 -> 0 | F13: 0.118 | G13: ='03 - 2020'!D16-'03 - 2020'!D15+'03 - 2020'!E16-'03 - 2020'!E15 -> 0 | H13: 0.99 | I13: ='03 - 2020'!F16-'03 - 2020'!F15+'03 - 2020'!G16-'03 - 2020'!G15 -> 0 | J13: 0.081 | K13: ='03 - 2020'!H16-'03 - 2020'!H15+'03 - 2020'!I16-'03 - 2020'!I15 -> 0 | L13: ='03 - 2020'!I16-'03 - 2020'!I15+'03 - 2020'!J16-'03 - 2020'!J15 -> 0 | M13: 4.3936294
A14: Dubai DIFC | B14: =B13+1 -> 13 | C14: 3 | D14: 2020 | E14: ='03 - 2020'!B17-'03 - 2020'!B16+'03 - 2020'!C17-'03 - 2020'!C16 -> 0 | F14: 0.118 | G14: ='03 - 2020'!D17-'03 - 2020'!D16+'03 - 2020'!E17-'03 - 2020'!E16 -> 0 | H14: 0.99 | I14: ='03 - 2020'!F17-'03 - 2020'!F16+'03 - 2020'!G17-'03 - 2020'!G16 -> 0 | J14: 0.081 | K14: ='03 - 2020'!H17-'03 - 2020'!H16+'03 - 2020'!I17-'03 - 2020'!I16 -> 0 | L14: ='03 - 2020'!I17-'03 - 2020'!I16+'03 - 2020'!J17-'03 - 2020'!J16 -> 0 | M14: 4.3936294
A15: Dubai DIFC | B15: =B14+1 -> 14 | C15: 3 | D15: 2020 | E15: ='03 - 2020'!B18-'03 - 2020'!B17+'03 - 2020'!C18-'03 - 2020'!C17 -> 0 | F15: 0.118 | G15: ='03 - 2020'!D18-'03 - 2020'!D17+'03 - 2020'!E18-'03 - 2020'!E17 -> 0 | H15: 0.99 | I15: ='03 - 2020'!F18-'03 - 2020'!F17+'03 - 2020'!G18-'03 - 2020'!G17 -> 0 | J15: 0.081 | K15: ='03 - 2020'!H18-'03 - 2020'!H17+'03 - 2020'!I18-'03 - 2020'!I17 -> 0 | L15: ='03 - 2020'!I18-'03 - 2020'!I17+'03 - 2020'!J18-'03 - 2020'!J17 -> 0 | M15: 4.3936294
... A32: Dubai DIFC | B32: =B31+1 -> 31 | C32: 3 | D32: 2020 | E32: ='03 - 2020'!B35-'03 - 2020'!B34+'03 - 2020'!C35-'03 - 2020'!C34 -> 0 | F32: 0.118 | G32: ='03 - 2020'!D35-'03 - 2020'!D34+'03 - 2020'!E35-'03 - 2020'!E34 -> 0 | H32: 0.99 | I32: ='03 - 2020'!F35-'03 - 2020'!F34+'03 - 2020'!G35-'03 - 2020'!G34 -> 0 | J32: 0.081 | K32: ='03 - 2020'!H35-'03 - 2020'!H34+'03 - 2020'!I35-'03 - 2020'!I34 -> 0 | L32: ='03 - 2020'!I35-'03 - 2020'!I34+'03 - 2020'!J35-'03 - 2020'!J34 -> 0 | M32: 4.3936294

Sheet Submetering Daily 
A1: Site Name | B1: Day | C1: Month | D1: Year | E1: Panel LV1 Kwh | F1: Panel LV2 Kwh | G1: Electricity Tariff ($/Kwh) | H1: Main Kitchen LPG (Kg) | I1: Podium Kitchen LPG (Kg) | J1: Boiler LPG (Kg) | K1: LPG $/Kg | L1: Room Nights
A2: Dubai DIFC | B2: 1 | C2: 3 | D2: 2020 | E2: ='03 - 2020'!B5-'03 - 2020'!B4 -> 3783 | F2: ='03 - 2020'!C5-'03 - 2020'!C4 -> 5907 | G2: 0.118 | H2: ='03 - 2020'!E5-'03 - 2020'!E4 -> 24.04 | I2: ='03 - 2020'!F5-'03 - 2020'!F4 -> 5.43 | J2: ='03 - 2020'!G5-'03 - 2020'!G4 -> 13.5 | K2: 0.74 | L2: 38
A3: Dubai DIFC | B3: =B2+1 -> 2 | C3: 3 | D3: 2020 | E3: 0 | F3: 0 | G3: 0.118 | H3: 0 | I3: 0 | J3: 0 | K3: 0.74
A4: Dubai DIFC | B4: =B3+1 -> 3 | C4: 3 | D4: 2020 | E4: ='03 - 2020'!B7-'03 - 2020'!B6 -> 0 | F4: ='03 - 2020'!C7-'03 - 2020'!C6 -> 0 | G4: 0.118 | H4: ='03 - 2020'!E7-'03 - 2020'!E6 -> 0 | I4: ='03 - 2020'!F7-'03 - 2020'!F6 -> 0 | J4: ='03 - 2020'!G7-'03 - 2020'!G6 -> 0 | K4: 0.74
A5: Dubai DIFC | B5: =B4+1 -> 4 | C5: 3 | D5: 2020 | E5: ='03 - 2020'!B8-'03 - 2020'!B7 -> 0 | F5: ='03 - 2020'!C8-'03 - 2020'!C7 -> 0 | G5: 0.118 | H5: ='03 - 2020'!E8-'03 - 2020'!E7 -> 0 | I5: ='03 - 2020'!F8-'03 - 2020'!F7 -> 0 | J5: ='03 - 2020'!G8-'03 - 2020'!G7 -> 0 | K5: 0.74
A6: Dubai DIFC | B6: =B5+1 -> 5 | C6: 3 | D6: 2020 | E6: ='03 - 2020'!B9-'03 - 2020'!B8 -> 0 | F6: ='03 - 2020'!C9-'03 - 2020'!C8 -> 0 | G6: 0.118 | H6: ='03 - 2020'!E9-'03 - 2020'!E8 -> 0 | I6: ='03 - 2020'!F9-'03 - 2020'!F8 -> 0 | J6: ='03 - 2020'!G9-'03 - 2020'!G8 -> 0 | K6: 0.74
A7: Dubai DIFC | B7: =B6+1 -> 6 | C7: 3 | D7: 2020 | E7: ='03 - 2020'!B10-'03 - 2020'!B9 -> 0 | F7: ='03 - 2020'!C10-'03 - 2020'!C9 -> 0 | G7: 0.118 | H7: ='03 - 2020'!E10-'03 - 2020'!E9 -> 0 | I7: ='03 - 2020'!F10-'03 - 2020'!F9 -> 0 | J7: ='03 - 2020'!G10-'03 - 2020'!G9 -> 0 | K7: 0.74
A8: Dubai DIFC | B8: =B7+1 -> 7 | C8: 3 | D8: 2020 | E8: ='03 - 2020'!B11-'03 - 2020'!B10 -> 0 | F8: ='03 - 2020'!C11-'03 - 2020'!C10 -> 0 | G8: 0.118 | H8: ='03 - 2020'!E11-'03 - 2020'!E10 -> 0 | I8: ='03 - 2020'!F11-'03 - 2020'!F10 -> 0 | J8: ='03 - 2020'!G11-'03 - 2020'!G10 -> 0 | K8: 0.74
A9: Dubai DIFC | B9: =B8+1 -> 8 | C9: 3 | D9: 2020 | E9: ='03 - 2020'!B12-'03 - 2020'!B11 -> 0 | F9: ='03 - 2020'!C12-'03 - 2020'!C11 -> 0 | G9: 0.118 | H9: ='03 - 2020'!E12-'03 - 2020'!E11 -> 0 | I9: ='03 - 2020'!F12-'03 - 2020'!F11 -> 0 | J9: ='03 - 2020'!G12-'03 - 2020'!G11 -> 0 | K9: 0.74
A10: Dubai DIFC | B10: =B9+1 -> 9 | C10: 3 | D10: 2020 | E10: ='03 - 2020'!B13-'03 - 2020'!B12 -> 0 | F10: ='03 - 2020'!C13-'03 - 2020'!C12 -> 0 | G10: 0.118 | H10: ='03 - 2020'!E13-'03 - 2020'!E12 -> 0 | I10: ='03 - 2020'!F13-'03 - 2020'!F12 -> 0 | J10: ='03 - 2020'!G13-'03 - 2020'!G12 -> 0 | K10: 0.74
A11: Dubai DIFC | B11: =B10+1 -> 10 | C11: 3 | D11: 2020 | E11: ='03 - 2020'!B14-'03 - 2020'!B13 -> 0 | F11: ='03 - 2020'!C14-'03 - 2020'!C13 -> 0 | G11: 0.118 | H11: ='03 - 2020'!E14-'03 - 2020'!E13 -> 0 | I11: ='03 - 2020'!F14-'03 - 2020'!F13 -> 0 | J11: ='03 - 2020'!G14-'03 - 2020'!G13 -> 0 | K11: 0.74
A12: Dubai DIFC | B12: =B11+1 -> 11 | C12: 3 | D12: 2020 | E12: ='03 - 2020'!B15-'03 - 2020'!B14 -> 0 | F12: ='03 - 2020'!C15-'03 - 2020'!C14 -> 0 | G12: 0.118 | H12: ='03 - 2020'!E15-'03 - 2020'!E14 -> 0 | I12: ='03 - 2020'!F15-'03 - 2020'!F14 -> 0 | J12: ='03 - 2020'!G15-'03 - 2020'!G14 -> 0 | K12: 0.74
A13: Dubai DIFC | B13: =B12+1 -> 12 | C13: 3 | D13: 2020 | E13: ='03 - 2020'!B16-'03 - 2020'!B15 -> 0 | F13: ='03 - 2020'!C16-'03 - 2020'!C15 -> 0 | G13: 0.118 | H13: ='03 - 2020'!E16-'03 - 2020'!E15 -> 0 | I13: ='03 - 2020'!F16-'03 - 2020'!F15 -> 0 | J13: ='03 - 2020'!G16-'03 - 2020'!G15 -> 0 | K13: 0.74
A14: Dubai DIFC | B14: =B13+1 -> 13 | C14: 3 | D14: 2020 | E14: ='03 - 2020'!B17-'03 - 2020'!B16 -> 0 | F14: ='03 - 2020'!C17-'03 - 2020'!C16 -> 0 | G14: 0.118 | H14: ='03 - 2020'!E17-'03 - 2020'!E16 -> 0 | I14: ='03 - 2020'!F17-'03 - 2020'!F16 -> 0 | J14: ='03 - 2020'!G17-'03 - 2020'!G16 -> 0 | K14: 0.74
A15: Dubai DIFC | B15: =B14+1 -> 14 | C15: 3 | D15: 2020 | E15: ='03 - 2020'!B18-'03 - 2020'!B17 -> 0 | F15: ='03 - 2020'!C18-'03 - 2020'!C17 -> 0 | G15: 0.118 | H15: ='03 - 2020'!E18-'03 - 2020'!E17 -> 0 | I15: ='03 - 2020'!F18-'03 - 2020'!F17 -> 0 | J15: ='03 - 2020'!G18-'03 - 2020'!G17 -> 0 | K15: 0.74
... A32: Dubai DIFC | B32: =B31+1 -> 31 | C32: 3 | D32: 2020 | E32: ='03 - 2020'!B35-'03 - 2020'!B34 -> 0 | F32: ='03 - 2020'!C35-'03 - 2020'!C34 -> 0 | G32: 0.118 | H32: ='03 - 2020'!E35-'03 - 2020'!E34 -> 0 | I32: ='03 - 2020'!F35-'03 - 2020'!F34 -> 0 | J32: ='03 - 2020'!G35-'03 - 2020'!G34 -> 0 | K32: 0.74

Sheet 03 - 2020
A1: HLP READING MONTH OF MARCH' 2020
B2: 19 | D2: LPG (cu.m) | H2: Water (cu.m) | J2: BTU
A3: Date | B3: LV-01, 2025952759 | C3: LV-2, 2030235407 | D3: Main Meter % | E3: Main Kitchen | F3: Podium Kitchen | G3: Boiler | H3: B-3 Water Meter (DIFC) | I3: MainWater Meter (DEWA) | J3: Chilled Water (KWH) | K3: Gas Received (Litres) | L3: Remark
A4: 43890 | B4: 604675 | C4: 621646 | D4: 0.8 | E4: 10249.07 | F4: 1977.24 | G4: 17775.02 | H4: 14528 | I4: 90695 | J4: 37991508 | K4: 3950
A5: 43891 | B5: 608458 | C5: 627553 | D5: 0.74 | E5: 10273.11 | F5: 1982.67 | G5: 17788.52 | H5: 14528 | I5: 90800 | J5: 38005388
A6: =A5+1 -> 43892
A7: =A6+1 -> 43893
A8: =A7+1 -> 43894
A9: =A8+1 -> 43895
A10: =A9+1 -> 43896
A11: =A10+1 -> 43897
A12: =A11+1 -> 43898
A13: =A12+1 -> 43899
A14: =A13+1 -> 43900
A15: =A14+1 -> 43901
A16: =A15+1 -> 43902
A17: =A16+1 -> 43903
... A35: =A34+1 -> 43921
A36: Readings | B36: =B33-B4 -> -604675 | C36: =C33-C4 -> -621646 | D36: 0 | E36: =E33-E4 -> -10249.07 | F36: =F33-F4 -> -1977.24 | G36: =G33-G4 -> -17775.02 | H36: =H33-H4 -> -14528 | I36: =I33-I4 -> -90695 | J36: =J33-J4 -> -37991508 | K36: =SUM(K4:K35) -> 3950
H37: =H36*219.969 -> -3195709.6 | I37: =I36*219.969 -> -19950088
