Workbook

Sheet Sheet1
A1: Site Name | B1: Day | C1: Month | D1: Year | E1: Total Electricity Kwh | F1: Electricity Tariff ($/Kwh) | G1: LPG (Kg) | H1: LPG $/Kg | I1: District Energy Cooling Kwh | J1: District Energy Cooling $/Kwh | K1: Water Utility Supply (m3) m3 | L1: Water Utility Supply (m3) $/m3 | M1: Irrigation Water (m3) m3 | N1: Irrigation water $/m3 | O1: Room Nights | P1: Total Guests
A2: Bahrain Bay | B2: 1 | C2: 2 | D2: 2020 | E2: ='Feb 2020 '!#REF! -> 45722 | F2: 0.029 | G2: ='Feb 2020 '!#REF! -> 2970 | H2: 0.112 | I2: ='Feb 2020 '!#REF!*1000 -> 26000 | J2: 0.022 | K2: ='Feb 2020 '!#REF! -> 675 | L2: 0.75 | M2: ='Feb 2020 '!#REF! -> 0 | N2: 0.563 | O2: ='Feb 2020 '!#REF! -> 253
A3: Bahrain Bay | B3: =B2+1 -> 2 | C3: 2 | D3: 2020 | E3: ='Feb 2020 '!E5 -> 43620 | F3: 0.029 | G3: ='Feb 2020 '!J5 -> 2970 | H3: 0.112 | I3: ='Feb 2020 '!G5*1000 -> 25000 | J3: 0.022 | K3: ='Feb 2020 '!I5 -> 480 | L3: 0.75 | M3: ='Feb 2020 '!L5 -> 0 | N3: 0.563 | O3: ='Feb 2020 '!D5 -> 83
A4: Bahrain Bay | B4: =B3+1 -> 3 | C4: 2 | D4: 2020 | E4: ='Feb 2020 '!E6 -> 40390 | F4: 0.029 | G4: ='Feb 2020 '!J6 -> 2970 | H4: 0.112 | I4: ='Feb 2020 '!G6*1000 -> 24000 | J4: 0.022 | K4: ='Feb 2020 '!I6 -> 517 | L4: 0.75 | M4: ='Feb 2020 '!L6 -> 0 | N4: 0.563 | O4: ='Feb 2020 '!D6 -> 72
A5: Bahrain Bay | B5: =B4+1 -> 4 | C5: 2 | D5: 2020 | E5: ='Feb 2020 '!E7 -> 40042 | F5: 0.029 | G5: ='Feb 2020 '!J7 -> 2970 | H5: 0.112 | I5: ='Feb 2020 '!G7*1000 -> 23000 | J5: 0.022 | K5: ='Feb 2020 '!I7 -> 431 | L5: 0.75 | M5: ='Feb 2020 '!L7 -> 0 | N5: 0.563 | O5: ='Feb 2020 '!D7 -> 66
A6: Bahrain Bay | B6: =B5+1 -> 5 | C6: 2 | D6: 2020 | E6: ='Feb 2020 '!E8 -> 40800 | F6: 0.029 | G6: ='Feb 2020 '!J8 -> 2970 | H6: 0.112 | I6: ='Feb 2020 '!G8*1000 -> 27000 | J6: 0.022 | K6: ='Feb 2020 '!I8 -> 523 | L6: 0.75 | M6: ='Feb 2020 '!L8 -> 0 | N6: 0.563 | O6: ='Feb 2020 '!D8 -> 105
A7: Bahrain Bay | B7: =B6+1 -> 6 | C7: 2 | D7: 2020 | E7: ='Feb 2020 '!E9 -> 41911 | F7: 0.029 | G7: ='Feb 2020 '!J9 -> 2970 | H7: 0.112 | I7: ='Feb 2020 '!G9*1000 -> 32000 | J7: 0.022 | K7: ='Feb 2020 '!I9 -> 538 | L7: 0.75 | M7: ='Feb 2020 '!L9 -> 0 | N7: 0.563 | O7: ='Feb 2020 '!D9 -> 170
A8: Bahrain Bay | B8: =B7+1 -> 7 | C8: 2 | D8: 2020 | E8: ='Feb 2020 '!E10 -> 44168 | F8: 0.029 | G8: ='Feb 2020 '!J10 -> 2970 | H8: 0.112 | I8: ='Feb 2020 '!G10*1000 -> 37000 | J8: 0.022 | K8: ='Feb 2020 '!I10 -> 655 | L8: 0.75 | M8: ='Feb 2020 '!L10 -> 0 | N8: 0.563 | O8: ='Feb 2020 '!D10 -> 247
A9: Bahrain Bay | B9: =B8+1 -> 8 | C9: 2 | D9: 2020 | E9: ='Feb 2020 '!E11 -> 44321 | F9: 0.029 | G9: ='Feb 2020 '!J11 -> 0 | H9: 0.112 | I9: ='Feb 2020 '!G11*1000 -> 37000 | J9: 0.022 | K9: ='Feb 2020 '!I11 -> 650 | L9: 0.75 | M9: ='Feb 2020 '!L11 -> 0 | N9: 0.563 | O9: ='Feb 2020 '!D11 -> 271
A10: Bahrain Bay | B10: =B9+1 -> 9 | C10: 2 | D10: 2020 | E10: ='Feb 2020 '!E12 -> 42827 | F10: 0.029 | G10: ='Feb 2020 '!J12 -> 2970 | H10: 0.112 | I10: ='Feb 2020 '!G12*1000 -> 31000 | J10: 0.022 | K10: ='Feb 2020 '!I12 -> 519 | L10: 0.75 | M10: ='Feb 2020 '!L12 -> 0 | N10: 0.563 | O10: ='Feb 2020 '!D12 -> 84
A11: Bahrain Bay | B11: =B10+1 -> 10 | C11: 2 | D11: 2020 | E11: ='Feb 2020 '!E13 -> 39835 | F11: 0.029 | G11: ='Feb 2020 '!J13 -> 2970 | H11: 0.112 | I11: ='Feb 2020 '!G13*1000 -> 27000 | J11: 0.022 | K11: ='Feb 2020 '!I13 -> 448 | L11: 0.75 | M11: ='Feb 2020 '!L13 -> 0 | N11: 0.563 | O11: ='Feb 2020 '!D13 -> 68
A12: Bahrain Bay | B12: =B11+1 -> 11 | C12: 2 | D12: 2020 | E12: ='Feb 2020 '!E14 -> 40510 | F12: 0.029 | G12: ='Feb 2020 '!J14 -> 2970 | H12: 0.112 | I12: ='Feb 2020 '!G14*1000 -> 23000 | J12: 0.022 | K12: ='Feb 2020 '!I14 -> 477 | L12: 0.75 | M12: ='Feb 2020 '!L14 -> 0 | N12: 0.563 | O12: ='Feb 2020 '!D14 -> 78
A13: Bahrain Bay | B13: =B12+1 -> 12 | C13: 2 | D13: 2020 | E13: ='Feb 2020 '!E15 -> 40526 | F13: 0.029 | G13: ='Feb 2020 '!J15 -> 2970 | H13: 0.112 | I13: ='Feb 2020 '!G15*1000 -> 20000 | J13: 0.022 | K13: ='Feb 2020 '!I15 -> 489 | L13: 0.75 | M13: ='Feb 2020 '!L15 -> 0 | N13: 0.563 | O13: ='Feb 2020 '!D15 -> 85
A14: Bahrain Bay | B14: =B13+1 -> 13 | C14: 2 | D14: 2020 | E14: ='Feb 2020 '!E16 -> 40814 | F14: 0.029 | G14: ='Feb 2020 '!J16 -> 2970 | H14: 0.112 | I14: ='Feb 2020 '!G16*1000 -> 22000 | J14: 0.022 | K14: ='Feb 2020 '!I16 -> 600 | L14: 0.75 | M14: ='Feb 2020 '!L16 -> 0 | N14: 0.563 | O14: ='Feb 2020 '!D16 -> 145
A15: Bahrain Bay | B15: =B14+1 -> 14 | C15: 2 | D15: 2020 | E15: ='Feb 2020 '!E17 -> 44676 | F15: 0.029 | G15: ='Feb 2020 '!J17 -> 2970 | H15: 0.112 | I15: ='Feb 2020 '!G17*1000 -> 26000 | J15: 0.022 | K15: ='Feb 2020 '!I17 -> 703 | L15: 0.75 | M15: ='Feb 2020 '!L17 -> 454 | N15: 0.563 | O15: ='Feb 2020 '!D17 -> 222
A16: Bahrain Bay | B16: =B15+1 -> 15 | C16: 2 | D16: 2020 | E16: 44521 | F16: 0.029 | G16: ='Feb 2020 '!J18 -> 2970 | H16: 0.112 | I16: ='Feb 2020 '!G18*1000 -> 28000 | J16: 0.022 | K16: ='Feb 2020 '!I18 -> 704 | L16: 0.75 | M16: ='Feb 2020 '!L18 -> 0 | N16: 0.563 | O16: ='Feb 2020 '!D18 -> 267
A17: Bahrain Bay | B17: =B16+1 -> 16 | C17: 2 | D17: 2020 | E17: ='Feb 2020 '!E19 -> 44873 | F17: 0.029 | G17: ='Feb 2020 '!J19 -> 0 | H17: 0.112 | I17: ='Feb 2020 '!G19*1000 -> 26000 | J17: 0.022 | K17: ='Feb 2020 '!I19 -> 507 | L17: 0.75 | M17: ='Feb 2020 '!L19 -> 0 | N17: 0.563 | O17: ='Feb 2020 '!D19 -> 92
A18: Bahrain Bay | B18: =B17+1 -> 17 | C18: 2 | D18: 2020 | E18: ='Feb 2020 '!E20 -> 43716 | F18: 0.029 | G18: ='Feb 2020 '!J20 -> 2970 | H18: 0.112 | I18: ='Feb 2020 '!G20*1000 -> 28000 | J18: 0.022 | K18: ='Feb 2020 '!I20 -> 442 | L18: 0.75 | M18: ='Feb 2020 '!L20 -> 0 | N18: 0.563 | O18: ='Feb 2020 '!D20 -> 81
A19: Bahrain Bay | B19: =B18+1 -> 18 | C19: 2 | D19: 2020 | E19: ='Feb 2020 '!E21 -> 39219 | F19: 0.029 | G19: ='Feb 2020 '!J21 -> 2970 | H19: 0.112 | I19: ='Feb 2020 '!G21*1000 -> 33000 | J19: 0.022 | K19: ='Feb 2020 '!I21 -> 469 | L19: 0.75 | M19: ='Feb 2020 '!L21 -> 0 | N19: 0.563 | O19: ='Feb 2020 '!D21 -> 90
A20: Bahrain Bay | B20: =B19+1 -> 19 | C20: 2 | D20: 2020 | E20: ='Feb 2020 '!E22 -> 42024 | F20: 0.029 | G20: ='Feb 2020 '!J22 -> 2970 | H20: 0.112 | I20: ='Feb 2020 '!G22*1000 -> 35000 | J20: 0.022 | K20: ='Feb 2020 '!I22 -> 738 | L20: 0.75 | M20: ='Feb 2020 '!L22 -> 0 | N20: 0.563 | O20: ='Feb 2020 '!D22 -> 96
A21: Bahrain Bay | B21: =B20+1 -> 20 | C21: 2 | D21: 2020 | E21: ='Feb 2020 '!E23 -> 41575 | F21: 0.029 | G21: ='Feb 2020 '!J23 -> 2970 | H21: 0.112 | I21: ='Feb 2020 '!G23*1000 -> 37000 | J21: 0.022 | K21: ='Feb 2020 '!I23 -> 462 | L21: 0.75 | M21: ='Feb 2020 '!L23 -> 0 | N21: 0.563 | O21: ='Feb 2020 '!D23 -> 132
A22: Bahrain Bay | B22: =B21+1 -> 21 | C22: 2 | D22: 2020 | E22: ='Feb 2020 '!E24 -> 42820 | F22: 0.029 | G22: ='Feb 2020 '!J24 -> 2970 | H22: 0.112 | I22: ='Feb 2020 '!G24*1000 -> 36000 | J22: 0.022 | K22: ='Feb 2020 '!I24 -> 664 | L22: 0.75 | M22: ='Feb 2020 '!L24 -> 0 | N22: 0.563 | O22: ='Feb 2020 '!D24 -> 259
A23: Bahrain Bay | B23: =B22+1 -> 22 | C23: 2 | D23: 2020 | E23: ='Feb 2020 '!E25 -> 47941 | F23: 0.029 | G23: ='Feb 2020 '!J25 -> 0 | H23: 0.112 | I23: ='Feb 2020 '!G25*1000 -> 36000 | J23: 0.022 | K23: ='Feb 2020 '!I25 -> 673 | L23: 0.75 | M23: ='Feb 2020 '!L25 -> 0 | N23: 0.563 | O23: ='Feb 2020 '!D25 -> 269
A24: Bahrain Bay | B24: =B23+1 -> 23 | C24: 2 | D24: 2020 | E24: ='Feb 2020 '!E26 -> 43551 | F24: 0.029 | G24: ='Feb 2020 '!J26 -> 2970 | H24: 0.112 | I24: ='Feb 2020 '!G26*1000 -> 39000 | J24: 0.022 | K24: ='Feb 2020 '!I26 -> 434 | L24: 0.75 | M24: ='Feb 2020 '!L26 -> 0 | N24: 0.563 | O24: ='Feb 2020 '!D26 -> 140
A25: Bahrain Bay | B25: =B24+1 -> 24 | C25: 2 | D25: 2020 | E25: ='Feb 2020 '!E27 -> 42192 | F25: 0.029 | G25: ='Feb 2020 '!J27 -> 2970 | H25: 0.112 | I25: ='Feb 2020 '!G27*1000 -> 40000 | J25: 0.022 | K25: ='Feb 2020 '!I27 -> 467 | L25: 0.75 | M25: ='Feb 2020 '!L27 -> 0 | N25: 0.563 | O25: ='Feb 2020 '!D27 -> 124
A26: Bahrain Bay | B26: =B25+1 -> 25 | C26: 2 | D26: 2020 | E26: ='Feb 2020 '!E28 -> 41887 | F26: 0.029 | G26: ='Feb 2020 '!J28 -> 2970 | H26: 0.112 | I26: ='Feb 2020 '!G28*1000 -> 44000 | J26: 0.022 | K26: ='Feb 2020 '!I28 -> 489 | L26: 0.75 | M26: ='Feb 2020 '!L28 -> 0 | N26: 0.563 | O26: ='Feb 2020 '!D28 -> 187
A27: Bahrain Bay | B27: =B26+1 -> 26 | C27: 2 | D27: 2020 | E27: ='Feb 2020 '!E29 -> 44619 | F27: 0.029 | G27: ='Feb 2020 '!J29 -> 2970 | H27: 0.112 | I27: 33000 | J27: 0.022 | K27: 613 | L27: 0.75 | M27: ='Feb 2020 '!L29 -> 0 | N27: 0.563 | O27: ='Feb 2020 '!D29 -> 207
A28: Bahrain Bay | B28: =B27+1 -> 27 | C28: 2 | D28: 2020 | E28: 41930 | F28: 0.029 | G28: ='Feb 2020 '!J30 -> 0 | H28: 0.112 | I28: 30000 | J28: 0.022 | K28: 708 | L28: 0.75 | M28: ='Feb 2020 '!L30 -> 0 | N28: 0.563 | O28: 164
A29: Bahrain Bay | B29: =B28+1 -> 28 | C29: 2 | D29: 2020 | E29: 40576 | F29: 0.029 | G29: ='Feb 2020 '!J31 -> 2970 | H29: 0.112 | I29: 30000 | J29: 0.022 | K29: 450 | L29: 0.75 | M29: ='Feb 2020 '!L31 -> 0 | N29: 0.563 | O29: 119
A30: Bahrain Bay | B30: 29 | C30: 2 | D30: 2020 | E30: 41580 | F30: 0.029 | G30: ='Feb 2020 '!J32 -> 2970 | H30: 0.112 | I30: 29000 | J30: 0.022 | K30: 400 | L30: 0.75 | M30: ='Feb 2020 '!L32 -> 0 | N30: 0.563 | O30: 72
A31: Bahrain Bay | D31: 2020 | E31: ='Feb 2020 '!E33 -> 0 | F31: 0.029 | G31: ='Feb 2020 '!J33 -> 0 | H31: 0.112 | I31: ='Feb 2020 '!G33*1000 -> 0 | J31: 0.022 | K31: ='Feb 2020 '!I33 -> 0 | L31: 0.75 | M31: ='Feb 2020 '!L33 -> 0 | N31: 0.563 | O31: ='Feb 2020 '!D33 -> 0
A32: Bahrain Bay | D32: 2020 | E32: ='Feb 2020 '!E34 -> 0 | F32: 0.029 | G32: ='Feb 2020 '!J34 -> 0 | H32: 0.112 | I32: ='Feb 2020 '!G34*1000 -> 0 | J32: 0.022 | K32: ='Feb 2020 '!I34 -> 0 | L32: 0.75 | M32: ='Feb 2020 '!L34 -> 0 | N32: 0.563 | O32: ='Feb 2020 '!D34 -> 0

Sheet Feb 2020 
B2: Electricity and Utilities Reading
B3: S. No. | C3: Date | E3: Electricity Consumption kWh | F3: Chilled H2O Consumption Reading | G3: Consumption MWh | H3: Potable Water Consumption Reading | I3: Consumption m3 | K3: Irrigation Water Consumption Reading | L3: Consumption m3
D4: RoomNights | J4: LPG (Kg)
B5: 1 | C5: 43862 | D5: 83 | E5: 43620 | F5: 167490 | G5: =F6-F5 -> 25 | H5: 362091 | I5: =H6-H5 -> 480 | J5: 2970 | K5: 208876 | L5: 0
B6: 2 | C6: 43863 | D6: 72 | E6: 40390 | F6: 167515 | G6: =F7-F6 -> 24 | H6: 362571 | I6: =H7-H6 -> 517 | J6: 2970 | K6: 208876 | L6: 0
B7: 3 | C7: 43864 | D7: 66 | E7: 40042 | F7: 167539 | G7: =F8-F7 -> 23 | H7: 363088 | I7: =H8-H7 -> 431 | J7: 2970 | K7: 208876 | L7: 0
B8: 4 | C8: 43865 | D8: 105 | E8: 40800 | F8: 167562 | G8: =F9-F8 -> 27 | H8: 363519 | I8: =H9-H8 -> 523 | J8: 2970 | K8: 208876 | L8: 0
B9: 5 | C9: 43866 | D9: 170 | E9: 41911 | F9: 167589 | G9: =F10-F9 -> 32 | H9: 364042 | I9: =H10-H9 -> 538 | J9: 2970 | K9: 208876 | L9: 0
B10: 6 | C10: 43867 | D10: 247 | E10: 44168 | F10: 167621 | G10: =F11-F10 -> 37 | H10: 364580 | I10: =H11-H10 -> 655 | J10: 2970 | K10: 208876 | L10: 0
B11: 7 | C11: 43868 | D11: 271 | E11: 44321 | F11: 167658 | G11: =F12-F11 -> 37 | H11: 365235 | I11: =H12-H11 -> 650 | J11: 0 | K11: 208876 | L11: 0
B12: 8 | C12: 43869 | D12: 84 | E12: 42827 | F12: 167695 | G12: =F13-F12 -> 31 | H12: 365885 | I12: =H13-H12 -> 519 | J12: 2970 | K12: 208876 | L12: 0
B13: 9 | C13: 43870 | D13: 68 | E13: 39835 | F13: 167726 | G13: =F14-F13 -> 27 | H13: 366404 | I13: =H14-H13 -> 448 | J13: 2970 | K13: 208876 | L13: 0
B14: 10 | C14: 43871 | D14: 78 | E14: 40510 | F14: 167753 | G14: =F15-F14 -> 23 | H14: 366852 | I14: =H15-H14 -> 477 | J14: 2970 | K14: 208876 | L14: 0
B15: 11 | C15: 43872 | D15: 85 | E15: 40526 | F15: 167776 | G15: =F16-F15 -> 20 | H15: 367329 | I15: =H16-H15 -> 489 | J15: 2970 | K15: 208876 | L15: 0
B16: 12 | C16: 43873 | D16: 145 | E16: 40814 | F16: 167796 | G16: =F17-F16 -> 22 | H16: 367818 | I16: =H17-H16 -> 600 | J16: 2970 | K16: 208876 | L16: 0
B17: 13 | C17: 43874 | D17: 222 | E17: 44676 | F17: 167818 | G17: =F18-F17 -> 26 | H17: 368418 | I17: =H18-H17 -> 703 | J17: 2970 | K17: 209330 | L17: =K17-K16 -> 454
B18: 14 | C18: 43875 | D18: 267 | E18: 44521 | F18: 167844 | G18: =F19-F18 -> 28 | H18: 369121 | I18: =H19-H18 -> 704 | J18: 2970 | K18: 209330 | L18: 0
B19: 15 | C19: 43876 | D19: 92 | E19: 44873 | F19: 167872 | G19: =F20-F19 -> 26 | H19: 369825 | I19: =H20-H19 -> 507 | J19: 0 | K19: 209330 | L19: 0
B20: 16 | C20: 43877 | D20: 81 | E20: 43716 | F20: 167898 | G20: =F21-F20 -> 28 | H20: 370332 | I20: =H21-H20 -> 442 | J20: 2970 | K20: 209330 | L20: 0
B21: 17 | C21: 43878 | D21: 90 | E21: 39219 | F21: 167926 | G21: =F22-F21 -> 33 | H21: 370774 | I21: =H22-H21 -> 469 | J21: 2970 | K21: 209330 | L21: 0
B22: 18 | C22: 43879 | D22: 96 | E22: 42024 | F22: 167959 | G22: =F23-F22 -> 35 | H22: 371243 | I22: =H23-H22 -> 738 | J22: 2970 | K22: 209330 | L22: 0
B23: 19 | C23: 43880 | D23: 132 | E23: 41575 | F23: 167994 | G23: =F24-F23 -> 37 | H23: 371981 | I23: =H24-H23 -> 462 | J23: 2970 | K23: 209330 | L23: 0
B24: 20 | C24: 43881 | D24: 259 | E24: 42820 | F24: 168031 | G24: =F25-F24 -> 36 | H24: 372443 | I24: =H25-H24 -> 664 | J24: 2970 | K24: 209330 | L24: 0
B25: 21 | C25: 43882 | D25: 269 | E25: 47941 | F25: 168067 | G25: =F26-F25 -> 36 | H25: 373107 | I25: =H26-H25 -> 673 | J25: 0 | K25: 209330 | L25: 0
B26: 22 | C26: 43883 | D26: 140 | E26: 43551 | F26: 168103 | G26: =F27-F26 -> 39 | H26: 373780 | I26: =H27-H26 -> 434 | J26: 2970 | K26: 209330 | L26: 0
B27: 23 | C27: 43884 | D27: 124 | E27: 42192 | F27: 168142 | G27: =F28-F27 -> 40 | H27: 374214 | I27: =H28-H27 -> 467 | J27: 2970 | K27: 209330 | L27: 0
B28: 24 | C28: 43885 | D28: 187 | E28: 41887 | F28: 168182 | G28: =F29-F28 -> 44 | H28: 374681 | I28: =H29-H28 -> 489 | J28: 2970 | K28: 209330 | L28: 0
B29: 25 | C29: 43886 | D29: 207 | E29: 44619 | F29: 168226 | G29: =F30-F29 -> 33 | H29: 375170 | I29: =H30-H29 -> 613 | J29: 2970 | K29: 209330 | L29: 0
... B33: 29 | C33: 43890 | D33: 29 | E33: 37793 | F33: 168348 | G33: =F34-F33 -> 30 | H33: 377341 | I33: =H34-H33 -> 279 | J33: 0 | K33: 209330 | L33: 0
F34: 168378 | H34: 377620 | K34: 209330
