Workbook

Sheet TOTAL
A1: Site Name | B1: Day | C1: Month | D1: Year | E1: Total Electricity Kwh | F1: Electricity Tariff ($/Kwh) | G1: LPG (Kg) | H1: LPG $/Kg | I1: District Energy Heating Kwh | J1: District Energy Heating $/Kwh | K1: Water Utility Supply (m3) m3 | L1: Water Utility Supply (m3) $/m3 | M1: Room Nights | N1: Total Guests | O1: Utilities day cost dh
A2: Marrakech | B2: 1 | C2: 3 | D2: 2020 | E2: ='Consommation du 01.03 au 31.03'!M10 -> 19052 | F2: 1.002 | G2: ='Consommation du 01.03 au 31.03'!U10 -> 927.5 | H2: 8.39 | I2: ='Consommation du 01.03 au 31.03'!Y10*1000 -> 16370 | J2: 0.53 | K2: ='Consommation du 01.03 au 31.03'!D10 -> 500 | L2: 12.67 | M2: ='Consommation du 01.03 au 31.03'!AC10 -> 103 | N2: 204 | O2: =E2*F2+G2*H2+I2*J2+K2*L2 -> 41882.929
A3: Marrakech | B3: =B2+1 -> 2 | C3: 3 | D3: 2020 | E3: ='Consommation du 01.03 au 31.03'!M11 -> 18604 | F3: 1.002 | G3: ='Consommation du 01.03 au 31.03'!U11 -> 816.2 | H3: 8.39 | I3: ='Consommation du 01.03 au 31.03'!Y11*1000 -> 14800 | J3: 0.53 | K3: ='Consommation du 01.03 au 31.03'!D11 -> 520 | L3: 12.67 | M3: ='Consommation du 01.03 au 31.03'!AC11 -> 77 | N3: 160 | O3: =E3*F3+G3*H3+I3*J3+K3*L3 -> 39921.526
A4: Marrakech | B4: =B3+1 -> 3 | C4: 3 | D4: 2020 | E4: ='Consommation du 01.03 au 31.03'!M12 -> 18458 | F4: 1.002 | G4: ='Consommation du 01.03 au 31.03'!U12 -> 593.6 | H4: 8.39 | I4: ='Consommation du 01.03 au 31.03'!Y12*1000 -> 14930 | J4: 0.53 | K4: ='Consommation du 01.03 au 31.03'!D12 -> 490 | L4: 12.67 | M4: ='Consommation du 01.03 au 31.03'!AC12 -> 87 | N4: 177 | O4: =E4*F4+G4*H4+I4*J4+K4*L4 -> 37596.42
A5: Marrakech | B5: =B4+1 -> 4 | C5: 3 | D5: 2020 | E5: ='Consommation du 01.03 au 31.03'!M13 -> 17668 | F5: 1.002 | G5: ='Consommation du 01.03 au 31.03'!U13 -> 371 | H5: 8.39 | I5: ='Consommation du 01.03 au 31.03'!Y13*1000 -> 13610 | J5: 0.53 | K5: ='Consommation du 01.03 au 31.03'!D13 -> 510 | L5: 12.67 | M5: ='Consommation du 01.03 au 31.03'!AC13 -> 100 | N5: 199 | O5: =E5*F5+G5*H5+I5*J5+K5*L5 -> 34491.026
A6: Marrakech | B6: =B5+1 -> 5 | C6: 3 | D6: 2020 | E6: ='Consommation du 01.03 au 31.03'!M14 -> 17359 | F6: 1.002 | G6: ='Consommation du 01.03 au 31.03'!U14 -> 927.5 | H6: 8.39 | I6: ='Consommation du 01.03 au 31.03'!Y14*1000 -> 13490 | J6: 0.53 | K6: ='Consommation du 01.03 au 31.03'!D14 -> 540 | L6: 12.67 | M6: ='Consommation du 01.03 au 31.03'!AC14 -> 108 | N6: 204 | O6: =E6*F6+G6*H6+I6*J6+K6*L6 -> 39166.943
A7: Marrakech | B7: =B6+1 -> 6 | C7: 3 | D7: 2020 | E7: ='Consommation du 01.03 au 31.03'!M15 -> 16372 | F7: 1.002 | G7: ='Consommation du 01.03 au 31.03'!U15 -> 296.8 | H7: 8.39 | I7: ='Consommation du 01.03 au 31.03'!Y15*1000 -> 16670 | J7: 0.53 | K7: ='Consommation du 01.03 au 31.03'!D15 -> 480 | L7: 12.67 | M7: ='Consommation du 01.03 au 31.03'!AC15 -> 131 | N7: 241 | O7: =E7*F7+G7*H7+I7*J7+K7*L7 -> 33811.596
A8: Marrakech | B8: =B7+1 -> 7 | C8: 3 | D8: 2020 | E8: ='Consommation du 01.03 au 31.03'!M16 -> 0 | F8: 1.002 | G8: ='Consommation du 01.03 au 31.03'!U16 -> 0 | H8: 8.39 | I8: ='Consommation du 01.03 au 31.03'!Y16*1000 -> 0 | J8: 0.53 | K8: ='Consommation du 01.03 au 31.03'!D16 -> 0 | L8: 12.67 | M8: ='Consommation du 01.03 au 31.03'!AC16 -> 0 | O8: =E8*F8+G8*H8+I8*J8+K8*L8 -> 0
A9: Marrakech | B9: =B8+1 -> 8 | C9: 3 | D9: 2020 | E9: ='Consommation du 01.03 au 31.03'!M17 -> 0 | F9: 1.002 | G9: ='Consommation du 01.03 au 31.03'!U17 -> 0 | H9: 8.39 | I9: ='Consommation du 01.03 au 31.03'!Y17*1000 -> 0 | J9: 0.53 | K9: ='Consommation du 01.03 au 31.03'!D17 -> 0 | L9: 12.67 | M9: ='Consommation du 01.03 au 31.03'!AC17 -> 0 | O9: =E9*F9+G9*H9+I9*J9+K9*L9 -> 0
A10: Marrakech | B10: =B9+1 -> 9 | C10: 3 | D10: 2020 | E10: ='Consommation du 01.03 au 31.03'!M18 -> 0 | F10: 1.002 | G10: ='Consommation du 01.03 au 31.03'!U18 -> 0 | H10: 8.39 | I10: ='Consommation du 01.03 au 31.03'!Y18*1000 -> 0 | J10: 0.53 | K10: ='Consommation du 01.03 au 31.03'!D18 -> 0 | L10: 12.67 | M10: ='Consommation du 01.03 au 31.03'!AC18 -> 0 | O10: =E10*F10+G10*H10+I10*J10+K10*L10 -> 0
A11: Marrakech | B11: =B10+1 -> 10 | C11: 3 | D11: 2020 | E11: ='Consommation du 01.03 au 31.03'!M19 -> 0 | F11: 1.002 | G11: ='Consommation du 01.03 au 31.03'!U19 -> 0 | H11: 8.39 | I11: ='Consommation du 01.03 au 31.03'!Y19*1000 -> 0 | J11: 0.53 | K11: ='Consommation du 01.03 au 31.03'!D19 -> 0 | L11: 12.67 | M11: ='Consommation du 01.03 au 31.03'!AC19 -> 0 | O11: =E11*F11+G11*H11+I11*J11+K11*L11 -> 0
A12: Marrakech | B12: =B11+1 -> 11 | C12: 3 | D12: 2020 | E12: ='Consommation du 01.03 au 31.03'!M20 -> 0 | F12: 1.002 | G12: ='Consommation du 01.03 au 31.03'!U20 -> 0 | H12: 8.39 | I12: ='Consommation du 01.03 au 31.03'!Y20*1000 -> 0 | J12: 0.53 | K12: ='Consommation du 01.03 au 31.03'!D20 -> 0 | L12: 12.67 | M12: ='Consommation du 01.03 au 31.03'!AC20 -> 0 | O12: =E12*F12+G12*H12+I12*J12+K12*L12 -> 0
A13: Marrakech | B13: =B12+1 -> 12 | C13: 3 | D13: 2020 | E13: ='Consommation du 01.03 au 31.03'!M21 -> 0 | F13: 1.002 | G13: ='Consommation du 01.03 au 31.03'!U21 -> 0 | H13: 8.39 | I13: ='Consommation du 01.03 au 31.03'!Y21*1000 -> 0 | J13: 0.53 | K13: ='Consommation du 01.03 au 31.03'!D21 -> 0 | L13: 12.67 | M13: ='Consommation du 01.03 au 31.03'!AC21 -> 0 | O13: =E13*F13+G13*H13+I13*J13+K13*L13 -> 0
A14: Marrakech | B14: =B13+1 -> 13 | C14: 3 | D14: 2020 | E14: ='Consommation du 01.03 au 31.03'!M22 -> 0 | F14: 1.002 | G14: ='Consommation du 01.03 au 31.03'!U22 -> 0 | H14: 8.39 | I14: ='Consommation du 01.03 au 31.03'!Y22*1000 -> 0 | J14: 0.53 | K14: ='Consommation du 01.03 au 31.03'!D22 -> 0 | L14: 12.67 | M14: ='Consommation du 01.03 au 31.03'!AC22 -> 0 | O14: =E14*F14+G14*H14+I14*J14+K14*L14 -> 0
A15: Marrakech | B15: =B14+1 -> 14 | C15: 3 | D15: 2020 | E15: ='Consommation du 01.03 au 31.03'!M23 -> 0 | F15: 1.002 | G15: ='Consommation du 01.03 au 31.03'!U23 -> 0 | H15: 8.39 | I15: ='Consommation du 01.03 au 31.03'!Y23*1000 -> 0 | J15: 0.53 | K15: ='Consommation du 01.03 au 31.03'!D23 -> 0 | L15: 12.67 | M15: ='Consommation du 01.03 au 31.03'!AC23 -> 0 | O15: =E15*F15+G15*H15+I15*J15+K15*L15 -> 0
A16: Marrakech | B16: =B15+1 -> 15 | C16: 3 | D16: 2020 | E16: ='Consommation du 01.03 au 31.03'!M24 -> 0 | F16: 1.002 | G16: ='Consommation du 01.03 au 31.03'!U24 -> 0 | H16: 8.39 | I16: ='Consommation du 01.03 au 31.03'!Y24*1000 -> 0 | J16: 0.53 | K16: ='Consommation du 01.03 au 31.03'!D24 -> 0 | L16: 12.67 | M16: ='Consommation du 01.03 au 31.03'!AC24 -> 0 | O16: =E16*F16+G16*H16+I16*J16+K16*L16 -> 0
A17: Marrakech | B17: =B16+1 -> 16 | C17: 3 | D17: 2020 | E17: ='Consommation du 01.03 au 31.03'!M25 -> 0 | F17: 1.002 | G17: ='Consommation du 01.03 au 31.03'!U25 -> 0 | H17: 8.39 | I17: ='Consommation du 01.03 au 31.03'!Y25*1000 -> 0 | J17: 0.53 | K17: ='Consommation du 01.03 au 31.03'!D25 -> 0 | L17: 12.67 | M17: ='Consommation du 01.03 au 31.03'!AC25 -> 0 | O17: =E17*F17+G17*H17+I17*J17+K17*L17 -> 0
A18: Marrakech | B18: =B17+1 -> 17 | C18: 3 | D18: 2020 | E18: ='Consommation du 01.03 au 31.03'!M26 -> 0 | F18: 1.002 | G18: ='Consommation du 01.03 au 31.03'!U26 -> 0 | H18: 8.39 | I18: ='Consommation du 01.03 au 31.03'!Y26*1000 -> 0 | J18: 0.53 | K18: ='Consommation du 01.03 au 31.03'!D26 -> 0 | L18: 12.67 | M18: ='Consommation du 01.03 au 31.03'!AC26 -> 0 | O18: =E18*F18+G18*H18+I18*J18+K18*L18 -> 0
A19: Marrakech | B19: =B18+1 -> 18 | C19: 3 | D19: 2020 | E19: ='Consommation du 01.03 au 31.03'!M27 -> 0 | F19: 1.002 | G19: ='Consommation du 01.03 au 31.03'!U27 -> 0 | H19: 8.39 | I19: ='Consommation du 01.03 au 31.03'!Y27*1000 -> 0 | J19: 0.53 | K19: ='Consommation du 01.03 au 31.03'!D27 -> 0 | L19: 12.67 | M19: ='Consommation du 01.03 au 31.03'!AC27 -> 0 | O19: =E19*F19+G19*H19+I19*J19+K19*L19 -> 0
... A29: Marrakech | B29: =B28+1 -> 28 | C29: 3 | D29: 2020 | E29: ='Consommation du 01.03 au 31.03'!M37 -> 0 | F29: 1.002 | G29: ='Consommation du 01.03 au 31.03'!U37 -> 0 | H29: 8.39 | I29: ='Consommation du 01.03 au 31.03'!Y37*1000 -> 0 | J29: 0.53 | K29: ='Consommation du 01.03 au 31.03'!D37 -> 0 | L29: 12.67 | M29: ='Consommation du 01.03 au 31.03'!AC37 -> 0 | O29: =E29*F29+G29*H29+I29*J29+K29*L29 -> 0
A30: Marrakech | B30: =B29+1 -> 29 | C30: 3 | D30: 2020 | E30: ='Consommation du 01.03 au 31.03'!M38 -> 0 | F30: 1.002 | G30: ='Consommation du 01.03 au 31.03'!U38 -> 0 | H30: 8.39 | I30: ='Consommation du 01.03 au 31.03'!Y38*1000 -> 0 | J30: 0.53 | K30: ='Consommation du 01.03 au 31.03'!D38 -> 0 | L30: 12.67 | M30: ='Consommation du 01.03 au 31.03'!AC38 -> 0
A31: Marrakech | B31: =B30+1 -> 30 | C31: 3 | D31: 2020 | E31: ='Consommation du 01.03 au 31.03'!M39 -> 0 | F31: 1.002 | G31: ='Consommation du 01.03 au 31.03'!U39 -> 0 | H31: 8.39 | I31: ='Consommation du 01.03 au 31.03'!Y39*1000 -> 0 | J31: 0.53 | K31: ='Consommation du 01.03 au 31.03'!D39 -> 0 | L31: 12.67 | M31: ='Consommation du 01.03 au 31.03'!AC39 -> 0
A32: Marrakech | B32: =B31+1 -> 31 | C32: 3 | D32: 2020 | E32: ='Consommation du 01.03 au 31.03'!M40 -> 0 | F32: 1.002 | G32: ='Consommation du 01.03 au 31.03'!U40 -> 0 | H32: 8.39 | I32: ='Consommation du 01.03 au 31.03'!Y40*1000 -> 0 | J32: 0.53 | K32: ='Consommation du 01.03 au 31.03'!D40 -> 0 | L32: 12.67 | M32: ='Consommation du 01.03 au 31.03'!AC40 -> 0

Sheet Consommation du 01.03 au 31.03
B8: Date | D8: Cons Eau/Hotel | F8: Consommation du jour en DH | J8: ELECTRICITE en KWH | M8: total | O8: Consommation du jour en DH | Q8: Cons Elec/Villa | S8: Cons Elec/RIAD | U8: GAZ en Kg | W8: Consommation du jour en DH | AB8: Temp moyenne du jour °C | AC8: Room Nights | AD8: % Occupation | AE8: Temp Piscine Adulte à 7h00 °C | AF8: Temp Piscine Adulte à 15h00 °C | AG8: Temp Piscine famille à 07h00 ° C | AH8: Temp Piscine famille à 15h00 ° C
J9: creuse 81 | K9: pleine 82 | L9: pointe 83 | X9: Compteur AVEO Mwh | Y9: consommation eau choud en Mwh | Z9: consommation du jour en DH
B10: 43891 | D10: ='Suivi EAU-ELEC'!C14 -> 500 | F10: =D10*12.67 -> 6335 | J10: ='Suivi EAU-ELEC'!E14 -> 5620 | K10: ='Suivi EAU-ELEC'!G14 -> 9036 | L10: ='Suivi EAU-ELEC'!I14 -> 4396 | M10: =L10+K10+J10 -> 19052 | O10: =M10*1.002 -> 19090.104 | U10: ='Suvi Gaz'!O9 -> 927.5 | W10: =U10*8.39 -> 7781.725 | X10: 16798.21 | Y10: =IF(X11<X10,0,X11-X10) -> 16.37 | Z10: =Y10*0.53*1000 -> 8676.1 | AB10: 21 | AC10: 103 | AD10: 0.7863 | AE10: 27.5 | AF10: 29 | AG10: 27 | AH10: 28
B11: =B10+1 -> 43892 | D11: ='Suivi EAU-ELEC'!C15 -> 520 | F11: =D11*12.67 -> 6588.4 | J11: ='Suivi EAU-ELEC'!E15 -> 5114 | K11: ='Suivi EAU-ELEC'!G15 -> 9358 | L11: ='Suivi EAU-ELEC'!I15 -> 4132 | M11: =L11+K11+J11 -> 18604 | O11: =M11*1.002 -> 18641.208 | U11: ='Suvi Gaz'!O10 -> 816.2 | W11: =U11*8.39 -> 6847.918 | X11: 16814.58 | Y11: =IF(X12<X11,0,X12-X11) -> 14.8 | Z11: =Y11*0.53*1000 -> 7844 | AB11: 21 | AC11: 77 | AD11: 0.5746 | AE11: 27.5 | AF11: 28 | AG11: 27.5 | AH11: 28
B12: =B11+1 -> 43893 | D12: ='Suivi EAU-ELEC'!C16 -> 490 | F12: =D12*12.67 -> 6208.3 | J12: ='Suivi EAU-ELEC'!E16 -> 5689 | K12: ='Suivi EAU-ELEC'!G16 -> 9177 | L12: ='Suivi EAU-ELEC'!I16 -> 3592 | M12: =L12+K12+J12 -> 18458 | O12: =M12*1.002 -> 18494.916 | U12: ='Suvi Gaz'!O11 -> 593.6 | W12: =U12*8.39 -> 4980.304 | X12: 16829.38 | Y12: =IF(X13<X12,0,X13-X12) -> 14.93 | Z12: =Y12*0.53*1000 -> 7912.9 | AB12: 24 | AC12: 87 | AD12: 0.6444 | AE12: 27.5 | AF12: 28 | AG12: 27.5 | AH12: 28
B13: =B12+1 -> 43894 | D13: ='Suivi EAU-ELEC'!C17 -> 510 | F13: =D13*12.67 -> 6461.7 | J13: ='Suivi EAU-ELEC'!E17 -> 5296 | K13: ='Suivi EAU-ELEC'!G17 -> 7819 | L13: ='Suivi EAU-ELEC'!I17 -> 4553 | M13: =L13+K13+J13 -> 17668 | O13: =M13*1.002 -> 17703.336 | U13: ='Suvi Gaz'!O12 -> 371 | W13: =U13*8.39 -> 3112.69 | X13: 16844.31 | Y13: =IF(X14<X13,0,X14-X13) -> 13.61 | Z13: =Y13*0.53*1000 -> 7213.3 | AB13: 27 | AC13: 100 | AD13: 0.7299 | AE13: 27.5 | AF13: 28 | AG13: 27.5 | AH13: 28
B14: =B13+1 -> 43895 | D14: ='Suivi EAU-ELEC'!C18 -> 540 | F14: =D14*12.67 -> 6841.8 | J14: ='Suivi EAU-ELEC'!E18 -> 4884 | K14: ='Suivi EAU-ELEC'!G18 -> 8411 | L14: ='Suivi EAU-ELEC'!I18 -> 4064 | M14: =L14+K14+J14 -> 17359 | O14: =M14*1.002 -> 17393.718 | U14: ='Suvi Gaz'!O13 -> 927.5 | W14: =U14*8.39 -> 7781.725 | X14: 16857.92 | Y14: =IF(X15<X14,0,X15-X14) -> 13.49 | Z14: =Y14*0.53*1000 -> 7149.7 | AB14: 24 | AC14: 108 | AD14: 0.8244 | AE14: 28 | AF14: 28.5 | AG14: 28 | AH14: 28.5
B15: =B14+1 -> 43896 | D15: ='Suivi EAU-ELEC'!C19 -> 480 | F15: =D15*12.67 -> 6081.6 | J15: ='Suivi EAU-ELEC'!E19 -> 4950 | K15: ='Suivi EAU-ELEC'!G19 -> 7456 | L15: ='Suivi EAU-ELEC'!I19 -> 3966 | M15: =L15+K15+J15 -> 16372 | O15: =M15*1.002 -> 16404.744 | U15: ='Suvi Gaz'!O14 -> 296.8 | W15: =U15*8.39 -> 2490.152 | X15: 16871.41 | Y15: =IF(X16<X15,0,X16-X15) -> 16.67 | Z15: =Y15*0.53*1000 -> 8835.1 | AB15: 23 | AC15: 131 | AD15: 0.9562 | AE15: 28 | AF15: 29 | AG15: 27.5 | AH15: 28
B16: =B15+1 -> 43897 | D16: ='Suivi EAU-ELEC'!C20 -> 0 | F16: =D16*12.67 -> 0 | J16: ='Suivi EAU-ELEC'!E20 -> 0 | K16: ='Suivi EAU-ELEC'!G20 -> 0 | L16: ='Suivi EAU-ELEC'!I20 -> 0 | M16: =L16+K16+J16 -> 0 | O16: =M16*1.002 -> 0 | U16: ='Suvi Gaz'!O15 -> 0 | W16: =U16*8.39 -> 0 | X16: 16888.08 | Y16: =IF(X17<X16,0,X17-X16) -> 0 | Z16: =Y16*0.53*1000 -> 0
B17: =B16+1 -> 43898 | D17: ='Suivi EAU-ELEC'!C21 -> 0 | F17: =D17*12.67 -> 0 | J17: ='Suivi EAU-ELEC'!E21 -> 0 | K17: ='Suivi EAU-ELEC'!G21 -> 0 | L17: ='Suivi EAU-ELEC'!I21 -> 0 | M17: =L17+K17+J17 -> 0 | O17: =M17*1.002 -> 0 | U17: ='Suvi Gaz'!O16 -> 0 | W17: =U17*8.39 -> 0 | Y17: =IF(X18<X17,0,X18-X17) -> 0 | Z17: =Y17*0.53*1000 -> 0
B18: =B17+1 -> 43899 | D18: ='Suivi EAU-ELEC'!C22 -> 0 | F18: =D18*12.67 -> 0 | J18: ='Suivi EAU-ELEC'!E22 -> 0 | K18: ='Suivi EAU-ELEC'!G22 -> 0 | L18: ='Suivi EAU-ELEC'!I22 -> 0 | M18: =L18+K18+J18 -> 0 | O18: =M18*1.002 -> 0 | U18: ='Suvi Gaz'!O17 -> 0 | W18: =U18*8.39 -> 0 | Y18: =IF(X19<X18,0,X19-X18) -> 0 | Z18: =Y18*0.53*1000 -> 0
B19: =B18+1 -> 43900 | D19: ='Suivi EAU-ELEC'!C23 -> 0 | F19: =D19*12.67 -> 0 | J19: ='Suivi EAU-ELEC'!E23 -> 0 | K19: ='Suivi EAU-ELEC'!G23 -> 0 | L19: ='Suivi EAU-ELEC'!I23 -> 0 | M19: =L19+K19+J19 -> 0 | O19: =M19*1.002 -> 0 | U19: ='Suvi Gaz'!O18 -> 0 | W19: =U19*8.39 -> 0 | Y19: =IF(X20<X19,0,X20-X19) -> 0 | Z19: =Y19*0.53*1000 -> 0
B20: =B19+1 -> 43901 | D20: ='Suivi EAU-ELEC'!C24 -> 0 | F20: =D20*12.67 -> 0 | J20: ='Suivi EAU-ELEC'!E24 -> 0 | K20: ='Suivi EAU-ELEC'!G24 -> 0 | L20: ='Suivi EAU-ELEC'!I24 -> 0 | M20: =L20+K20+J20 -> 0 | O20: =M20*1.002 -> 0 | U20: ='Suvi Gaz'!O19 -> 0 | W20: =U20*8.39 -> 0 | Y20: =IF(X21<X20,0,X21-X20) -> 0 | Z20: =Y20*0.53*1000 -> 0 | AA20: 14
B21: =B20+1 -> 43902 | D21: ='Suivi EAU-ELEC'!C25 -> 0 | F21: =D21*12.67 -> 0 | J21: ='Suivi EAU-ELEC'!E25 -> 0 | K21: ='Suivi EAU-ELEC'!G25 -> 0 | L21: ='Suivi EAU-ELEC'!I25 -> 0 | M21: =L21+K21+J21 -> 0 | O21: =M21*1.002 -> 0 | U21: ='Suvi Gaz'!O20 -> 0 | W21: =U21*8.39 -> 0 | Y21: =IF(X22<X21,0,X22-X21) -> 0 | Z21: =Y21*0.53*1000 -> 0 | AA21: 14
B22: =B21+1 -> 43903 | D22: ='Suivi EAU-ELEC'!C26 -> 0 | F22: =D22*12.67 -> 0 | J22: ='Suivi EAU-ELEC'!E26 -> 0 | K22: ='Suivi EAU-ELEC'!G26 -> 0 | L22: ='Suivi EAU-ELEC'!I26 -> 0 | M22: =L22+K22+J22 -> 0 | O22: =M22*1.002 -> 0 | U22: ='Suvi Gaz'!O21 -> 0 | W22: =U22*8.39 -> 0 | Y22: =IF(X23<X22,0,X23-X22) -> 0 | Z22: =Y22*0.53*1000 -> 0
B23: =B22+1 -> 43904 | D23: ='Suivi EAU-ELEC'!C27 -> 0 | F23: =D23*12.67 -> 0 | J23: ='Suivi EAU-ELEC'!E27 -> 0 | K23: ='Suivi EAU-ELEC'!G27 -> 0 | L23: ='Suivi EAU-ELEC'!I27 -> 0 | M23: =L23+K23+J23 -> 0 | O23: =M23*1.002 -> 0 | U23: ='Suvi Gaz'!O22 -> 0 | W23: =U23*8.39 -> 0 | Y23: =IF(X24<X23,0,X24-X23) -> 0 | Z23: =Y23*0.53*1000 -> 0
B24: =B23+1 -> 43905 | D24: ='Suivi EAU-ELEC'!C28 -> 0 | F24: =D24*12.67 -> 0 | J24: ='Suivi EAU-ELEC'!E28 -> 0 | K24: ='Suivi EAU-ELEC'!G28 -> 0 | L24: ='Suivi EAU-ELEC'!I28 -> 0 | M24: =L24+K24+J24 -> 0 | O24: =M24*1.002 -> 0 | U24: ='Suvi Gaz'!O23 -> 0 | W24: =U24*8.39 -> 0 | Y24: =IF(X25<X24,0,X25-X24) -> 0 | Z24: =Y24*0.53*1000 -> 0
B25: =B24+1 -> 43906 | D25: ='Suivi EAU-ELEC'!C29 -> 0 | F25: =D25*12.67 -> 0 | J25: ='Suivi EAU-ELEC'!E29 -> 0 | K25: ='Suivi EAU-ELEC'!G29 -> 0 | L25: ='Suivi EAU-ELEC'!I29 -> 0 | M25: =L25+K25+J25 -> 0 | O25: =M25*1.002 -> 0 | U25: ='Suvi Gaz'!O24 -> 0 | W25: =U25*8.39 -> 0 | Y25: =IF(X26<X25,0,X26-X25) -> 0 | Z25: =Y25*0.53*1000 -> 0
B26: =B25+1 -> 43907 | D26: ='Suivi EAU-ELEC'!C30 -> 0 | F26: =D26*12.67 -> 0 | J26: ='Suivi EAU-ELEC'!E30 -> 0 | K26: ='Suivi EAU-ELEC'!G30 -> 0 | L26: ='Suivi EAU-ELEC'!I30 -> 0 | M26: =L26+K26+J26 -> 0 | O26: =M26*1.002 -> 0 | U26: ='Suvi Gaz'!O25 -> 0 | W26: =U26*8.39 -> 0 | Y26: =IF(X27<X26,0,X27-X26) -> 0 | Z26: =Y26*0.53*1000 -> 0
B27: =B26+1 -> 43908 | D27: ='Suivi EAU-ELEC'!C31 -> 0 | F27: =D27*12.67 -> 0 | J27: ='Suivi EAU-ELEC'!E31 -> 0 | K27: ='Suivi EAU-ELEC'!G31 -> 0 | L27: ='Suivi EAU-ELEC'!I31 -> 0 | M27: =L27+K27+J27 -> 0 | O27: =M27*1.002 -> 0 | U27: ='Suvi Gaz'!O26 -> 0 | W27: =U27*8.39 -> 0 | Y27: =IF(X28<X27,0,X28-X27) -> 0 | Z27: =Y27*0.53*1000 -> 0
B28: =B27+1 -> 43909 | D28: ='Suivi EAU-ELEC'!C32 -> 0 | F28: =D28*12.67 -> 0 | J28: ='Suivi EAU-ELEC'!E32 -> 0 | K28: ='Suivi EAU-ELEC'!G32 -> 0 | L28: ='Suivi EAU-ELEC'!I32 -> 0 | M28: =L28+K28+J28 -> 0 | O28: =M28*1.002 -> 0 | U28: ='Suvi Gaz'!O27 -> 0 | W28: =U28*8.39 -> 0 | Y28: =IF(X29<X28,0,X29-X28) -> 0 | Z28: =Y28*0.53*1000 -> 0
B29: =B28+1 -> 43910 | D29: ='Suivi EAU-ELEC'!C33 -> 0 | F29: =D29*12.67 -> 0 | J29: ='Suivi EAU-ELEC'!E33 -> 0 | K29: ='Suivi EAU-ELEC'!G33 -> 0 | L29: ='Suivi EAU-ELEC'!I33 -> 0 | M29: =L29+K29+J29 -> 0 | O29: =M29*1.002 -> 0 | U29: ='Suvi Gaz'!O28 -> 0 | W29: =U29*8.39 -> 0 | Y29: =IF(X30<X29,0,X30-X29) -> 0 | Z29: =Y29*0.53*1000 -> 0
B30: =B29+1 -> 43911 | D30: ='Suivi EAU-ELEC'!C34 -> 0 | F30: =D30*12.67 -> 0 | J30: ='Suivi EAU-ELEC'!E34 -> 0 | K30: ='Suivi EAU-ELEC'!G34 -> 0 | L30: ='Suivi EAU-ELEC'!I34 -> 0 | M30: =L30+K30+J30 -> 0 | O30: =M30*1.002 -> 0 | U30: ='Suvi Gaz'!O29 -> 0 | W30: =U30*8.39 -> 0 | Y30: =IF(X31<X30,0,X31-X30) -> 0 | Z30: =Y30*0.53*1000 -> 0
B31: =B30+1 -> 43912 | D31: ='Suivi EAU-ELEC'!C35 -> 0 | F31: =D31*12.67 -> 0 | J31: ='Suivi EAU-ELEC'!E35 -> 0 | K31: ='Suivi EAU-ELEC'!G35 -> 0 | L31: ='Suivi EAU-ELEC'!I35 -> 0 | M31: =L31+K31+J31 -> 0 | O31: =M31*1.002 -> 0 | U31: ='Suvi Gaz'!O30 -> 0 | W31: =U31*8.39 -> 0 | Y31: =IF(X32<X31,0,X32-X31) -> 0 | Z31: =Y31*0.53*1000 -> 0
B32: =B31+1 -> 43913 | D32: ='Suivi EAU-ELEC'!C36 -> 0 | F32: =D32*12.67 -> 0 | J32: ='Suivi EAU-ELEC'!E36 -> 0 | K32: ='Suivi EAU-ELEC'!G36 -> 0 | L32: ='Suivi EAU-ELEC'!I36 -> 0 | M32: =L32+K32+J32 -> 0 | O32: =M32*1.002 -> 0 | U32: ='Suvi Gaz'!O31 -> 0 | W32: =U32*8.39 -> 0 | Y32: =IF(X33<X32,0,X33-X32) -> 0 | Z32: =Y32*0.53*1000 -> 0
B33: =B32+1 -> 43914 | D33: ='Suivi EAU-ELEC'!C37 -> 0 | F33: =D33*12.67 -> 0 | J33: ='Suivi EAU-ELEC'!E37 -> 0 | K33: ='Suivi EAU-ELEC'!G37 -> 0 | L33: ='Suivi EAU-ELEC'!I37 -> 0 | M33: =L33+K33+J33 -> 0 | O33: =M33*1.002 -> 0 | U33: ='Suvi Gaz'!O32 -> 0 | W33: =U33*8.39 -> 0 | Y33: =IF(X34<X33,0,X34-X33) -> 0 | Z33: =Y33*0.53*1000 -> 0
... B40: =B39+1 -> 43921 | D40: ='Suivi EAU-ELEC'!C44 -> 0 | F40: =D40*12.67 -> 0 | J40: ='Suivi EAU-ELEC'!E44 -> 0 | K40: ='Suivi EAU-ELEC'!G44 -> 0 | L40: ='Suivi EAU-ELEC'!I44 -> 0 | M40: =L40+K40+J40 -> 0 | O40: =M40*1.002 -> 0 | U40: ='Suvi Gaz'!O39 -> 0 | W40: =U40*8.39 -> 0 | Y40: =IF(X41<X40,0,X41-X40) -> 0 | Z40: =Y40*0.53*1000 -> 0
D41: =SUM(D10:D40) -> 3040 | F41: =SUM(F10:H40) -> 38516.8 | J41: =SUM(J10:J40) -> 31553 | K41: =SUM(K10:K40) -> 51257 | L41: =SUM(L10:L40) -> 24703 | M41: =SUM(M10:M40) -> 107513 | O41: =SUM(O10:O40) -> 107728.03 | S41: =SUM(S10:S40) -> 0 | U41: =SUM(U10:U40) -> 3932.6 | W41: =SUM(W10:W40) -> 32994.514 | Y41: =SUM(Y10:Y40) -> 89.87 | Z41: =SUM(Z10:Z40) -> 47631.1
A43: ELECTRICITE / Kw/h | D43: creuse 81 | F43: 1.002 | G43: =J41 -> 31553 | J43: =G43*F43 -> 31616.106 | L43: =J43+J44+J45 -> 107728.03
D44: pleine 82 | F44: 1.002 | G44: =K41 -> 51257 | J44: =G44*F44 -> 51359.514
D45: pointe 83 | F45: 1.002 | G45: =L41 -> 24703 | J45: =G45*F45 -> 24752.406
A46: EAU HOTEL M3 | F46: 12.67 | G46: =D41 -> 3040 | J46: =G46*F46 -> 38516.8 | L46: =J46 -> 38516.8
A47: GAZ Kg | F47: 8.39 | G47: =U41 -> 3932.6 | J47: =G47*F47 -> 32994.514 | L47: =J47 -> 32994.514

Sheet Suvi Gaz
D1: suivi Gaz
Q2: 803 | T2: 519 | W2: 800 | Z2: 802
B3: Relvé C1 | C3: cons C1 | D3: Relvé C2 | E3: cons C2 | F3: Relvé C3 | G3: cons C3 | H3: Relvé C4 | I3: cons C4 | J3: ∑ des relevés | K3: moyen general % | L3: con.j | M3: ∑ de volume en L | N3: cons./jen L | O3: cons./jen Kg | P3: cons./jen DH | Q3: livraison C1 | R3: %Avant | S3: % Après | T3: livraison C2 | U3: %Avant | V3: % Après | W3: livraison C3 | X3: %Avant | Y3: % Après | Z3: livraison C4 | AA3: %Avant | AB3: % Après | AC3: total livraison | AD3: moyen general % Avant L | AE3: moyen general % Aaprés L
A4: 43886 | B4: 50 | C4: =IF(AC4>0,((B4-R4)+(S4-B5)),IF(B5=0, ,(B4-B5))) -> -22 | D4: 52 | E4: =IF(AC4>0,((D4-U4)+(V4-D5)),IF(D5=0, ,(D4-D5))) -> -22 | F4: 45 | G4: =IF(AC4>0,((F4-X4)+(Y4-F5)),IF(F5=0, ,(F4-F5))) -> -25 | H4: 45 | I4: =IF(AC4>0,((H4-AA4)+(AB4-H5)),IF(H5=0, ,(H4-H5))) -> -25 | J4: =B4+D4+F4+H4 -> 192 | K4: =J4/4 -> 48 | L4: =IF(AC4>0,((K4-AD4)+(AE4-K5)),IF(K5=0, ,(K4-K5))) -> -23.5 | M4: =7000*4 -> 28000 | N4: =L4*M4/100 -> -6580 | O4: =N4*0.53 -> -3487.4 | P4: =O4*8.8038 -> -30702.372 | AC4: =Q4+T4+W4+Z4 -> 0 | AD4: =(R4+U4+X4+AA4)/4 -> 0 | AE4: =(S4+V4+Y4+AB4)/4 -> 0
A5: =(A4+1) -> 43887 | B5: 72 | C5: =IF(AC5>0,((B5-R5)+(S5-B6)),IF(B6=0, ,(B5-B6))) -> 4 | D5: 74 | E5: =IF(AC5>0,((D5-U5)+(V5-D6)),IF(D6=0, ,(D5-D6))) -> 4 | F5: 70 | G5: =IF(AC5>0,((F5-X5)+(Y5-F6)),IF(F6=0, ,(F5-F6))) -> 4 | H5: 70 | I5: =IF(AC5>0,((H5-AA5)+(AB5-H6)),IF(H6=0, ,(H5-H6))) -> 4 | J5: =B5+D5+F5+H5 -> 286 | K5: =J5/4 -> 71.5 | L5: =IF(AC5>0,((K5-AD5)+(AE5-K6)),IF(K6=0, ,(K5-K6))) -> 4 | M5: =7000*4 -> 28000 | N5: =L5*M5/100 -> 1120 | O5: =N5*0.53 -> 593.6 | P5: =O5*8.8038 -> 5225.9357 | AC5: =Q5+T5+W5+Z5 -> 0 | AD5: =(R5+U5+X5+AA5)/4 -> 0 | AE5: =(S5+V5+Y5+AB5)/4 -> 0
A6: =(A5+1) -> 43888 | B6: 68 | C6: =IF(AC6>0,((B6-R6)+(S6-B7)),IF(B7=0, ,(B6-B7))) -> 4 | D6: 70 | E6: =IF(AC6>0,((D6-U6)+(V6-D7)),IF(D7=0, ,(D6-D7))) -> 4 | F6: 66 | G6: =IF(AC6>0,((F6-X6)+(Y6-F7)),IF(F7=0, ,(F6-F7))) -> 6 | H6: 66 | I6: =IF(AC6>0,((H6-AA6)+(AB6-H7)),IF(H7=0, ,(H6-H7))) -> 4 | J6: =B6+D6+F6+H6 -> 270 | K6: =J6/4 -> 67.5 | L6: =IF(AC6>0,((K6-AD6)+(AE6-K7)),IF(K7=0, ,(K6-K7))) -> 4.5 | M6: =7000*4 -> 28000 | N6: =L6*M6/100 -> 1260 | O6: =N6*0.53 -> 667.8 | P6: =O6*8.8038 -> 5879.1776 | AC6: =Q6+T6+W6+Z6 -> 0 | AD6: =(R6+U6+X6+AA6)/4 -> 0 | AE6: =(S6+V6+Y6+AB6)/4 -> 0
A7: =(A6+1) -> 43889 | B7: 64 | C7: =IF(AC7>0,((B7-R7)+(S7-B8)),IF(B8=0, ,(B7-B8))) -> 6 | D7: 66 | E7: =IF(AC7>0,((D7-U7)+(V7-D8)),IF(D8=0, ,(D7-D8))) -> 6 | F7: 60 | G7: =IF(AC7>0,((F7-X7)+(Y7-F8)),IF(F8=0, ,(F7-F8))) -> 7 | H7: 62 | I7: =IF(AC7>0,((H7-AA7)+(AB7-H8)),IF(H8=0, ,(H7-H8))) -> 8 | J7: =B7+D7+F7+H7 -> 252 | K7: =J7/4 -> 63 | L7: =IF(AC7>0,((K7-AD7)+(AE7-K8)),IF(K8=0, ,(K7-K8))) -> 6.75 | M7: =7000*4 -> 28000 | N7: =L7*M7/100 -> 1890 | O7: =N7*0.53 -> 1001.7 | P7: =O7*8.8038 -> 8818.7665 | Q7: 2199 | R7: 60 | S7: 85 | T7: 2101 | U7: 60 | V7: 85 | W7: 2197 | X7: 55 | Y7: 85 | Z7: 1611 | AA7: 59 | AB7: 85 | AC7: =Q7+T7+W7+Z7 -> 8108 | AD7: =(R7+U7+X7+AA7)/4 -> 58.5 | AE7: =(S7+V7+Y7+AB7)/4 -> 85
A8: =(A7+1) -> 43890 | B8: 83 | C8: =IF(AC8>0,((B8-R8)+(S8-B9)),IF(B9=0, ,(B8-B9))) -> 6 | D8: 85 | E8: =IF(AC8>0,((D8-U8)+(V8-D9)),IF(D9=0, ,(D8-D9))) -> 6 | F8: 83 | G8: =IF(AC8>0,((F8-X8)+(Y8-F9)),IF(F9=0, ,(F8-F9))) -> 9 | H8: 80 | I8: =IF(AC8>0,((H8-AA8)+(AB8-H9)),IF(H9=0, ,(H8-H9))) -> 5 | J8: =B8+D8+F8+H8 -> 331 | K8: =J8/4 -> 82.75 | L8: =IF(AC8>0,((K8-AD8)+(AE8-K9)),IF(K9=0, ,(K8-K9))) -> 6.5 | M8: =7000*4 -> 28000 | N8: =L8*M8/100 -> 1820 | O8: =N8*0.53 -> 964.6 | P8: =O8*8.8038 -> 8492.1455 | AC8: =Q8+T8+W8+Z8 -> 0 | AD8: =(R8+U8+X8+AA8)/4 -> 0 | AE8: =(S8+V8+Y8+AB8)/4 -> 0
A9: =(A8+1) -> 43891 | B9: 77 | C9: =IF(AC9>0,((B9-R9)+(S9-B10)),IF(B10=0, ,(B9-B10))) -> 6 | D9: 79 | E9: =IF(AC9>0,((D9-U9)+(V9-D10)),IF(D10=0, ,(D9-D10))) -> 8 | F9: 74 | G9: =IF(AC9>0,((F9-X9)+(Y9-F10)),IF(F10=0, ,(F9-F10))) -> 6 | H9: 75 | I9: =IF(AC9>0,((H9-AA9)+(AB9-H10)),IF(H10=0, ,(H9-H10))) -> 5 | J9: =B9+D9+F9+H9 -> 305 | K9: =J9/4 -> 76.25 | L9: =IF(AC9>0,((K9-AD9)+(AE9-K10)),IF(K10=0, ,(K9-K10))) -> 6.25 | M9: =7000*4 -> 28000 | N9: =L9*M9/100 -> 1750 | O9: =N9*0.53 -> 927.5 | P9: =O9*8.8038 -> 8165.5245 | AC9: =Q9+T9+W9+Z9 -> 0 | AD9: =(R9+U9+X9+AA9)/4 -> 0 | AE9: =(S9+V9+Y9+AB9)/4 -> 0
A10: =(A9+1) -> 43892 | B10: 71 | C10: =IF(AC10>0,((B10-R10)+(S10-B11)),IF(B11=0, ,(B10-B11))) -> 6 | D10: 71 | E10: =IF(AC10>0,((D10-U10)+(V10-D11)),IF(D11=0, ,(D10-D11))) -> 3 | F10: 68 | G10: =IF(AC10>0,((F10-X10)+(Y10-F11)),IF(F11=0, ,(F10-F11))) -> 6 | H10: 70 | I10: =IF(AC10>0,((H10-AA10)+(AB10-H11)),IF(H11=0, ,(H10-H11))) -> 7 | J10: =B10+D10+F10+H10 -> 280 | K10: =J10/4 -> 70 | L10: =IF(AC10>0,((K10-AD10)+(AE10-K11)),IF(K11=0, ,(K10-K11))) -> 5.5 | M10: =7000*4 -> 28000 | N10: =L10*M10/100 -> 1540 | O10: =N10*0.53 -> 816.2 | P10: =O10*8.8038 -> 7185.6616 | AC10: =Q10+T10+W10+Z10 -> 0 | AD10: =(R10+U10+X10+AA10)/4 -> 0 | AE10: =(S10+V10+Y10+AB10)/4 -> 0
A11: =(A10+1) -> 43893 | B11: 65 | C11: =IF(AC11>0,((B11-R11)+(S11-B12)),IF(B12=0, ,(B11-B12))) -> 5 | D11: 68 | E11: =IF(AC11>0,((D11-U11)+(V11-D12)),IF(D12=0, ,(D11-D12))) -> 6 | F11: 62 | G11: =IF(AC11>0,((F11-X11)+(Y11-F12)),IF(F12=0, ,(F11-F12))) -> 2 | H11: 63 | I11: =IF(AC11>0,((H11-AA11)+(AB11-H12)),IF(H12=0, ,(H11-H12))) -> 3 | J11: =B11+D11+F11+H11 -> 258 | K11: =J11/4 -> 64.5 | L11: =IF(AC11>0,((K11-AD11)+(AE11-K12)),IF(K12=0, ,(K11-K12))) -> 4 | M11: =7000*4 -> 28000 | N11: =L11*M11/100 -> 1120 | O11: =N11*0.53 -> 593.6 | P11: =O11*8.39 -> 4980.304 | AC11: =Q11+T11+W11+Z11 -> 0 | AD11: =(R11+U11+X11+AA11)/4 -> 0 | AE11: =(S11+V11+Y11+AB11)/4 -> 0
A12: =(A11+1) -> 43894 | B12: 60 | C12: =IF(AC12>0,((B12-R12)+(S12-B13)),IF(B13=0, ,(B12-B13))) -> 1 | D12: 62 | E12: =IF(AC12>0,((D12-U12)+(V12-D13)),IF(D13=0, ,(D12-D13))) -> 2 | F12: 60 | G12: =IF(AC12>0,((F12-X12)+(Y12-F13)),IF(F13=0, ,(F12-F13))) -> 5 | H12: 60 | I12: =IF(AC12>0,((H12-AA12)+(AB12-H13)),IF(H13=0, ,(H12-H13))) -> 2 | J12: =B12+D12+F12+H12 -> 242 | K12: =J12/4 -> 60.5 | L12: =IF(AC12>0,((K12-AD12)+(AE12-K13)),IF(K13=0, ,(K12-K13))) -> 2.5 | M12: =7000*4 -> 28000 | N12: =L12*M12/100 -> 700 | O12: =N12*0.53 -> 371 | P12: =O12*8.39 -> 3112.69 | AC12: =Q12+T12+W12+Z12 -> 0 | AD12: =(R12+U12+X12+AA12)/4 -> 0 | AE12: =(S12+V12+Y12+AB12)/4 -> 0
A13: =(A12+1) -> 43895 | B13: 59 | C13: =IF(AC13>0,((B13-R13)+(S13-B14)),IF(B14=0, ,(B13-B14))) -> 8 | D13: 60 | E13: =IF(AC13>0,((D13-U13)+(V13-D14)),IF(D14=0, ,(D13-D14))) -> 4 | F13: 55 | G13: =IF(AC13>0,((F13-X13)+(Y13-F14)),IF(F14=0, ,(F13-F14))) -> 5 | H13: 58 | I13: =IF(AC13>0,((H13-AA13)+(AB13-H14)),IF(H14=0, ,(H13-H14))) -> 8 | J13: =B13+D13+F13+H13 -> 232 | K13: =J13/4 -> 58 | L13: =IF(AC13>0,((K13-AD13)+(AE13-K14)),IF(K14=0, ,(K13-K14))) -> 6.25 | M13: =7000*4 -> 28000 | N13: =L13*M13/100 -> 1750 | O13: =N13*0.53 -> 927.5 | P13: =O13*8.39 -> 7781.725 | AC13: =Q13+T13+W13+Z13 -> 0 | AD13: =(R13+U13+X13+AA13)/4 -> 0 | AE13: =(S13+V13+Y13+AB13)/4 -> 0
A14: =(A13+1) -> 43896 | B14: 51 | C14: =IF(AC14>0,((B14-R14)+(S14-B15)),IF(B15=0, ,(B14-B15))) -> 2 | D14: 56 | E14: =IF(AC14>0,((D14-U14)+(V14-D15)),IF(D15=0, ,(D14-D15))) -> 3 | F14: 50 | G14: =IF(AC14>0,((F14-X14)+(Y14-F15)),IF(F15=0, ,(F14-F15))) -> 2 | H14: 50 | I14: =IF(AC14>0,((H14-AA14)+(AB14-H15)),IF(H15=0, ,(H14-H15))) -> 1 | J14: =B14+D14+F14+H14 -> 207 | K14: =J14/4 -> 51.75 | L14: =IF(AC14>0,((K14-AD14)+(AE14-K15)),IF(K15=0, ,(K14-K15))) -> 2 | M14: =7000*4 -> 28000 | N14: =L14*M14/100 -> 560 | O14: =N14*0.53 -> 296.8 | P14: =O14*8.39 -> 2490.152 | Q14: 2400 | R14: 51 | S14: 82 | T14: 2401 | U14: 55 | V14: 83 | W14: 2399 | X14: 50 | Y14: 80 | Z14: 2400 | AA14: 50 | AB14: 80 | AC14: =Q14+T14+W14+Z14 -> 9600 | AD14: =(R14+U14+X14+AA14)/4 -> 51.5 | AE14: =(S14+V14+Y14+AB14)/4 -> 81.25
A15: =(A14+1) -> 43897 | B15: 80 | C15: =IF(AC15>0,((B15-R15)+(S15-B16)),IF(B16=0, ,(B15-B16))) -> 0 | D15: 81 | E15: =IF(AC15>0,((D15-U15)+(V15-D16)),IF(D16=0, ,(D15-D16))) -> 0 | F15: 78 | G15: =IF(AC15>0,((F15-X15)+(Y15-F16)),IF(F16=0, ,(F15-F16))) -> 0 | H15: 79 | I15: =IF(AC15>0,((H15-AA15)+(AB15-H16)),IF(H16=0, ,(H15-H16))) -> 0 | J15: =B15+D15+F15+H15 -> 318 | K15: =J15/4 -> 79.5 | L15: =IF(AC15>0,((K15-AD15)+(AE15-K16)),IF(K16=0, ,(K15-K16))) -> 0 | M15: =7000*4 -> 28000 | N15: =L15*M15/100 -> 0 | O15: =N15*0.53 -> 0 | P15: =O15*8.39 -> 0 | AC15: =Q15+T15+W15+Z15 -> 0 | AD15: =(R15+U15+X15+AA15)/4 -> 0 | AE15: =(S15+V15+Y15+AB15)/4 -> 0
A16: =(A15+1) -> 43898 | C16: =IF(AC16>0,((B16-R16)+(S16-B17)),IF(B17=0, ,(B16-B17))) -> 0 | E16: =IF(AC16>0,((D16-U16)+(V16-D17)),IF(D17=0, ,(D16-D17))) -> 0 | G16: =IF(AC16>0,((F16-X16)+(Y16-F17)),IF(F17=0, ,(F16-F17))) -> 0 | I16: =IF(AC16>0,((H16-AA16)+(AB16-H17)),IF(H17=0, ,(H16-H17))) -> 0 | J16: =B16+D16+F16+H16 -> 0 | K16: =J16/4 -> 0 | L16: =IF(AC16>0,((K16-AD16)+(AE16-K17)),IF(K17=0, ,(K16-K17))) -> 0 | M16: =7000*4 -> 28000 | N16: =L16*M16/100 -> 0 | O16: =N16*0.53 -> 0 | P16: =O16*8.39 -> 0 | AC16: =Q16+T16+W16+Z16 -> 0 | AD16: =(R16+U16+X16+AA16)/4 -> 0 | AE16: =(S16+V16+Y16+AB16)/4 -> 0
A17: =(A16+1) -> 43899 | C17: =IF(AC17>0,((B17-R17)+(S17-B18)),IF(B18=0, ,(B17-B18))) -> 0 | E17: =IF(AC17>0,((D17-U17)+(V17-D18)),IF(D18=0, ,(D17-D18))) -> 0 | G17: =IF(AC17>0,((F17-X17)+(Y17-F18)),IF(F18=0, ,(F17-F18))) -> 0 | I17: =IF(AC17>0,((H17-AA17)+(AB17-H18)),IF(H18=0, ,(H17-H18))) -> 0 | J17: =B17+D17+F17+H17 -> 0 | K17: =J17/4 -> 0 | L17: =IF(AC17>0,((K17-AD17)+(AE17-K18)),IF(K18=0, ,(K17-K18))) -> 0 | M17: =7000*4 -> 28000 | N17: =L17*M17/100 -> 0 | O17: =N17*0.53 -> 0 | P17: =O17*8.39 -> 0 | AC17: =Q17+T17+W17+Z17 -> 0 | AD17: =(R17+U17+X17+AA17)/4 -> 0 | AE17: =(S17+V17+Y17+AB17)/4 -> 0
A18: =(A17+1) -> 43900 | C18: =IF(AC18>0,((B18-R18)+(S18-B19)),IF(B19=0, ,(B18-B19))) -> 0 | E18: =IF(AC18>0,((D18-U18)+(V18-D19)),IF(D19=0, ,(D18-D19))) -> 0 | G18: =IF(AC18>0,((F18-X18)+(Y18-F19)),IF(F19=0, ,(F18-F19))) -> 0 | I18: =IF(AC18>0,((H18-AA18)+(AB18-H19)),IF(H19=0, ,(H18-H19))) -> 0 | J18: =B18+D18+F18+H18 -> 0 | K18: =J18/4 -> 0 | L18: =IF(AC18>0,((K18-AD18)+(AE18-K19)),IF(K19=0, ,(K18-K19))) -> 0 | M18: =7000*4 -> 28000 | N18: =L18*M18/100 -> 0 | O18: =N18*0.53 -> 0 | P18: =O18*8.39 -> 0 | AC18: =Q18+T18+W18+Z18 -> 0 | AD18: =(R18+U18+X18+AA18)/4 -> 0 | AE18: =(S18+V18+Y18+AB18)/4 -> 0
A19: =(A18+1) -> 43901 | C19: =IF(AC19>0,((B19-R19)+(S19-B20)),IF(B20=0, ,(B19-B20))) -> 0 | E19: =IF(AC19>0,((D19-U19)+(V19-D20)),IF(D20=0, ,(D19-D20))) -> 0 | G19: =IF(AC19>0,((F19-X19)+(Y19-F20)),IF(F20=0, ,(F19-F20))) -> 0 | I19: =IF(AC19>0,((H19-AA19)+(AB19-H20)),IF(H20=0, ,(H19-H20))) -> 0 | J19: =B19+D19+F19+H19 -> 0 | K19: =J19/4 -> 0 | L19: =IF(AC19>0,((K19-AD19)+(AE19-K20)),IF(K20=0, ,(K19-K20))) -> 0 | M19: =7000*4 -> 28000 | N19: =L19*M19/100 -> 0 | O19: =N19*0.53 -> 0 | P19: =O19*8.39 -> 0 | AC19: =Q19+T19+W19+Z19 -> 0 | AD19: =(R19+U19+X19+AA19)/4 -> 0 | AE19: =(S19+V19+Y19+AB19)/4 -> 0
A20: =(A19+1) -> 43902 | C20: =IF(AC20>0,((B20-R20)+(S20-B21)),IF(B21=0, ,(B20-B21))) -> 0 | E20: =IF(AC20>0,((D20-U20)+(V20-D21)),IF(D21=0, ,(D20-D21))) -> 0 | G20: =IF(AC20>0,((F20-X20)+(Y20-F21)),IF(F21=0, ,(F20-F21))) -> 0 | I20: =IF(AC20>0,((H20-AA20)+(AB20-H21)),IF(H21=0, ,(H20-H21))) -> 0 | J20: =B20+D20+F20+H20 -> 0 | K20: =J20/4 -> 0 | L20: =IF(AC20>0,((K20-AD20)+(AE20-K21)),IF(K21=0, ,(K20-K21))) -> 0 | M20: =7000*4 -> 28000 | N20: =L20*M20/100 -> 0 | O20: =N20*0.53 -> 0 | P20: =O20*8.39 -> 0 | AC20: =Q20+T20+W20+Z20 -> 0 | AD20: =(R20+U20+X20+AA20)/4 -> 0 | AE20: =(S20+V20+Y20+AB20)/4 -> 0
A21: =(A20+1) -> 43903 | C21: =IF(AC21>0,((B21-R21)+(S21-B22)),IF(B22=0, ,(B21-B22))) -> 0 | E21: =IF(AC21>0,((D21-U21)+(V21-D22)),IF(D22=0, ,(D21-D22))) -> 0 | G21: =IF(AC21>0,((F21-X21)+(Y21-F22)),IF(F22=0, ,(F21-F22))) -> 0 | I21: =IF(AC21>0,((H21-AA21)+(AB21-H22)),IF(H22=0, ,(H21-H22))) -> 0 | J21: =B21+D21+F21+H21 -> 0 | K21: =J21/4 -> 0 | L21: =IF(AC21>0,((K21-AD21)+(AE21-K22)),IF(K22=0, ,(K21-K22))) -> 0 | M21: =7000*4 -> 28000 | N21: =L21*M21/100 -> 0 | O21: =N21*0.53 -> 0 | P21: =O21*8.39 -> 0 | AC21: =Q21+T21+W21+Z21 -> 0 | AD21: =(R21+U21+X21+AA21)/4 -> 0 | AE21: =(S21+V21+Y21+AB21)/4 -> 0
A22: =(A21+1) -> 43904 | C22: =IF(AC22>0,((B22-R22)+(S22-B23)),IF(B23=0, ,(B22-B23))) -> 0 | E22: =IF(AC22>0,((D22-U22)+(V22-D23)),IF(D23=0, ,(D22-D23))) -> 0 | G22: =IF(AC22>0,((F22-X22)+(Y22-F23)),IF(F23=0, ,(F22-F23))) -> 0 | I22: =IF(AC22>0,((H22-AA22)+(AB22-H23)),IF(H23=0, ,(H22-H23))) -> 0 | J22: =B22+D22+F22+H22 -> 0 | K22: =J22/4 -> 0 | L22: =IF(AC22>0,((K22-AD22)+(AE22-K23)),IF(K23=0, ,(K22-K23))) -> 0 | M22: =7000*4 -> 28000 | N22: =L22*M22/100 -> 0 | O22: =N22*0.53 -> 0 | P22: =O22*8.39 -> 0 | AC22: =Q22+T22+W22+Z22 -> 0 | AD22: =(R22+U22+X22+AA22)/4 -> 0 | AE22: =(S22+V22+Y22+AB22)/4 -> 0
A23: =(A22+1) -> 43905 | C23: =IF(AC23>0,((B23-R23)+(S23-B24)),IF(B24=0, ,(B23-B24))) -> 0 | E23: =IF(AC23>0,((D23-U23)+(V23-D24)),IF(D24=0, ,(D23-D24))) -> 0 | G23: =IF(AC23>0,((F23-X23)+(Y23-F24)),IF(F24=0, ,(F23-F24))) -> 0 | I23: =IF(AC23>0,((H23-AA23)+(AB23-H24)),IF(H24=0, ,(H23-H24))) -> 0 | J23: =B23+D23+F23+H23 -> 0 | K23: =J23/4 -> 0 | L23: =IF(AC23>0,((K23-AD23)+(AE23-K24)),IF(K24=0, ,(K23-K24))) -> 0 | M23: =7000*4 -> 28000 | N23: =L23*M23/100 -> 0 | O23: =N23*0.53 -> 0 | P23: =O23*8.39 -> 0 | AC23: =Q23+T23+W23+Z23 -> 0 | AD23: =(R23+U23+X23+AA23)/4 -> 0 | AE23: =(S23+V23+Y23+AB23)/4 -> 0
A24: =(A23+1) -> 43906 | C24: =IF(AC24>0,((B24-R24)+(S24-B25)),IF(B25=0, ,(B24-B25))) -> 0 | E24: =IF(AC24>0,((D24-U24)+(V24-D25)),IF(D25=0, ,(D24-D25))) -> 0 | G24: =IF(AC24>0,((F24-X24)+(Y24-F25)),IF(F25=0, ,(F24-F25))) -> 0 | I24: =IF(AC24>0,((H24-AA24)+(AB24-H25)),IF(H25=0, ,(H24-H25))) -> 0 | J24: =B24+D24+F24+H24 -> 0 | K24: =J24/4 -> 0 | L24: =IF(AC24>0,((K24-AD24)+(AE24-K25)),IF(K25=0, ,(K24-K25))) -> 0 | M24: =7000*4 -> 28000 | N24: =L24*M24/100 -> 0 | O24: =N24*0.53 -> 0 | P24: =O24*8.39 -> 0 | AC24: =Q24+T24+W24+Z24 -> 0 | AD24: =(R24+U24+X24+AA24)/4 -> 0 | AE24: =(S24+V24+Y24+AB24)/4 -> 0
A25: =(A24+1) -> 43907 | C25: =IF(AC25>0,((B25-R25)+(S25-B26)),IF(B26=0, ,(B25-B26))) -> 0 | E25: =IF(AC25>0,((D25-U25)+(V25-D26)),IF(D26=0, ,(D25-D26))) -> 0 | G25: =IF(AC25>0,((F25-X25)+(Y25-F26)),IF(F26=0, ,(F25-F26))) -> 0 | I25: =IF(AC25>0,((H25-AA25)+(AB25-H26)),IF(H26=0, ,(H25-H26))) -> 0 | J25: =B25+D25+F25+H25 -> 0 | K25: =J25/4 -> 0 | L25: =IF(AC25>0,((K25-AD25)+(AE25-K26)),IF(K26=0, ,(K25-K26))) -> 0 | M25: =7000*4 -> 28000 | N25: =L25*M25/100 -> 0 | O25: =N25*0.53 -> 0 | P25: =O25*8.39 -> 0 | AC25: =Q25+T25+W25+Z25 -> 0 | AD25: =(R25+U25+X25+AA25)/4 -> 0 | AE25: =(S25+V25+Y25+AB25)/4 -> 0
A26: =(A25+1) -> 43908 | C26: =IF(AC26>0,((B26-R26)+(S26-B27)),IF(B27=0, ,(B26-B27))) -> 0 | E26: =IF(AC26>0,((D26-U26)+(V26-D27)),IF(D27=0, ,(D26-D27))) -> 0 | G26: =IF(AC26>0,((F26-X26)+(Y26-F27)),IF(F27=0, ,(F26-F27))) -> 0 | I26: =IF(AC26>0,((H26-AA26)+(AB26-H27)),IF(H27=0, ,(H26-H27))) -> 0 | J26: =B26+D26+F26+H26 -> 0 | K26: =J26/4 -> 0 | L26: =IF(AC26>0,((K26-AD26)+(AE26-K27)),IF(K27=0, ,(K26-K27))) -> 0 | M26: =7000*4 -> 28000 | N26: =L26*M26/100 -> 0 | O26: =N26*0.53 -> 0 | P26: =O26*8.39 -> 0 | AC26: =Q26+T26+W26+Z26 -> 0 | AD26: =(R26+U26+X26+AA26)/4 -> 0 | AE26: =(S26+V26+Y26+AB26)/4 -> 0
A27: =(A26+1) -> 43909 | C27: =IF(AC27>0,((B27-R27)+(S27-B28)),IF(B28=0, ,(B27-B28))) -> 0 | E27: =IF(AC27>0,((D27-U27)+(V27-D28)),IF(D28=0, ,(D27-D28))) -> 0 | G27: =IF(AC27>0,((F27-X27)+(Y27-F28)),IF(F28=0, ,(F27-F28))) -> 0 | I27: =IF(AC27>0,((H27-AA27)+(AB27-H28)),IF(H28=0, ,(H27-H28))) -> 0 | J27: =B27+D27+F27+H27 -> 0 | K27: =J27/4 -> 0 | L27: =IF(AC27>0,((K27-AD27)+(AE27-K28)),IF(K28=0, ,(K27-K28))) -> 0 | M27: =7000*4 -> 28000 | N27: =L27*M27/100 -> 0 | O27: =N27*0.53 -> 0 | P27: =O27*8.39 -> 0 | AC27: =Q27+T27+W27+Z27 -> 0 | AD27: =(R27+U27+X27+AA27)/4 -> 0 | AE27: =(S27+V27+Y27+AB27)/4 -> 0
... A42: =(A41+1) -> 43924 | C42: =IF(AC42>0,((B42-R42)+(S42-B43)),IF(B43=0, ,(B42-B43))) -> 0 | E42: =IF(AC42>0,((D42-U42)+(V42-D43)),IF(D43=0, ,(D42-D43))) -> 0 | G42: =IF(AC42>0,((F42-X42)+(Y42-F43)),IF(F43=0, ,(F42-F43))) -> 0 | I42: =IF(AC42>0,((H42-AA42)+(AB42-H43)),IF(H43=0, ,(H42-H43))) -> 0 | J42: =B42+D42+F42+H42 -> 0 | K42: =J42/4 -> 0 | L42: =IF(AC42>0,((K42-AD42)+(AE42-K43)),IF(K43=0, ,(K42-K43))) -> 0 | M42: =7000*4 -> 28000 | N42: =L42*M42/100 -> 0 | O42: =N42*0.53 -> 0 | P42: =O42*8.39 -> 0 | AC42: =Q42+T42+W42+Z42 -> 0 | AD42: =(R42+U42+X42+AA42)/4 -> 0 | AE42: =(S42+V42+Y42+AB42)/4 -> 0
C43: =SUM(C9:C39) -> 28 | E43: =SUM(E9:E39) -> 26 | G43: =SUM(G9:G39) -> 26 | I43: =SUM(I9:I39) -> 26 | N43: =SUM(N9:N39) -> 7420 | O43: =SUM(O9:O39) -> 3932.6 | P43: =O43*8.39 -> 32994.514 | Q43: =SUM(Q9:Q39) -> 2400 | T43: =SUM(T9:T39) -> 2401 | W43: =SUM(W9:W39) -> 2399 | Z43: =SUM(Z9:Z39) -> 2400 | AC43: =SUM(AC9:AC39) -> 9600
Q44: =Q43+T43+W43+Z43 -> 9600 | AC44: =Q43+T43+W43+Z43 -> 9600
K46: Litre | L46: Kg | M46: DH
H47: Consommation du mois | K47: =N43 -> 7420 | L47: =O43 -> 3932.6 | M47: =P43 -> 32994.514
H48: Livraison du mois | K48: =AC43 -> 9600 | L48: =K48*0.53 -> 5088 | M48: =L48*8.39 -> 42688.32

Sheet Suivi EAU-ELEC
C1: Suivi Compteur d'Eau- électricité RADEEMA -
A7: Date | B7: Eau m3 | D7: Electricité Kw/h
B8: Compteur | C8: Consommation | D8: Compteur H.Creuse | E8: Consommation H.Creuse | F8: Compteur H.Pleine | G8: Consommation H.Pleine | H8: Compteur H.Pointe | I8: Consommation H.Pointe
A9: 43886 | B9: 120911 | C9: =IF(B10<B9,0,B10-B9)*10 -> 510 | D9: 18262164 | E9: =IF(D10<D9,0,D10-D9) -> 5549 | F9: 32881134 | G9: =IF(F10<F9,0,F10-F9) -> 9056 | H9: 14552559 | I9: =IF(H10<H9,0,H10-H9) -> 4515
A10: =A9+1 -> 43887 | B10: 120962 | C10: =IF(B11<B10,0,B11-B10)*10 -> 550 | D10: 18267713 | E10: =IF(D11<D10,0,D11-D10) -> 5361 | F10: 32890190 | G10: =IF(F11<F10,0,F11-F10) -> 8949 | H10: 14557074 | I10: =IF(H11<H10,0,H11-H10) -> 4334
A11: =A10+1 -> 43888 | B11: 121017 | C11: =IF(B12<B11,0,B12-B11)*10 -> 490 | D11: 18273074 | E11: =IF(D12<D11,0,D12-D11) -> 5539 | F11: 32899139 | G11: =IF(F12<F11,0,F12-F11) -> 8881 | H11: 14561408 | I11: =IF(H12<H11,0,H12-H11) -> 4128
A12: =A11+1 -> 43889 | B12: 121066 | C12: =IF(B13<B12,0,B13-B12)*10 -> 650 | D12: 18278613 | E12: =IF(D13<D12,0,D13-D12) -> 6090 | F12: 32908020 | G12: =IF(F13<F12,0,F13-F12) -> 9562 | H12: 14565536 | I12: =IF(H13<H12,0,H13-H12) -> 4468
A13: =A12+1 -> 43890 | B13: 121131 | C13: =IF(B14<B13,0,B14-B13)*10 -> 530 | D13: 18284703 | E13: =IF(D14<D13,0,D14-D13) -> 5318 | F13: 32917582 | G13: =IF(F14<F13,0,F14-F13) -> 8741 | H13: 14570004 | I13: =IF(H14<H13,0,H14-H13) -> 3913
A14: =A13+1 -> 43891 | B14: 121184 | C14: =IF(B15<B14,0,B15-B14)*10 -> 500 | D14: 18290021 | E14: =IF(D15<D14,0,D15-D14) -> 5620 | F14: 32926323 | G14: =IF(F15<F14,0,F15-F14) -> 9036 | H14: 14573917 | I14: =IF(H15<H14,0,H15-H14) -> 4396
A15: =A14+1 -> 43892 | B15: 121234 | C15: =IF(B16<B15,0,B16-B15)*10 -> 520 | D15: 18295641 | E15: =IF(D16<D15,0,D16-D15) -> 5114 | F15: 32935359 | G15: =IF(F16<F15,0,F16-F15) -> 9358 | H15: 14578313 | I15: =IF(H16<H15,0,H16-H15) -> 4132
A16: =A15+1 -> 43893 | B16: 121286 | C16: =IF(B17<B16,0,B17-B16)*10 -> 490 | D16: 18300755 | E16: =IF(D17<D16,0,D17-D16) -> 5689 | F16: 32944717 | G16: =IF(F17<F16,0,F17-F16) -> 9177 | H16: 14582445 | I16: =IF(H17<H16,0,H17-H16) -> 3592
A17: =A16+1 -> 43894 | B17: 121335 | C17: =IF(B18<B17,0,B18-B17)*10 -> 510 | D17: 18306444 | E17: =IF(D18<D17,0,D18-D17) -> 5296 | F17: 32953894 | G17: =IF(F18<F17,0,F18-F17) -> 7819 | H17: 14586037 | I17: =IF(H18<H17,0,H18-H17) -> 4553
A18: =A17+1 -> 43895 | B18: 121386 | C18: =IF(B19<B18,0,B19-B18)*10 -> 540 | D18: 18311740 | E18: =IF(D19<D18,0,D19-D18) -> 4884 | F18: 32961713 | G18: =IF(F19<F18,0,F19-F18) -> 8411 | H18: 14590590 | I18: =IF(H19<H18,0,H19-H18) -> 4064
A19: =A18+1 -> 43896 | B19: 121440 | C19: =IF(B20<B19,0,B20-B19)*10 -> 480 | D19: 18316624 | E19: =IF(D20<D19,0,D20-D19) -> 4950 | F19: 32970124 | G19: =IF(F20<F19,0,F20-F19) -> 7456 | H19: 14594654 | I19: =IF(H20<H19,0,H20-H19) -> 3966
A20: =A19+1 -> 43897 | B20: 121488 | C20: =IF(B21<B20,0,B21-B20)*10 -> 0 | D20: 18321574 | E20: =IF(D21<D20,0,D21-D20) -> 0 | F20: 32977580 | G20: =IF(F21<F20,0,F21-F20) -> 0 | H20: 14598620 | I20: =IF(H21<H20,0,H21-H20) -> 0
A21: =A20+1 -> 43898 | C21: =IF(B22<B21,0,B22-B21)*10 -> 0 | E21: =IF(D22<D21,0,D22-D21) -> 0 | G21: =IF(F22<F21,0,F22-F21) -> 0 | I21: =IF(H22<H21,0,H22-H21) -> 0
A22: =A21+1 -> 43899 | C22: =IF(B23<B22,0,B23-B22)*10 -> 0 | E22: =IF(D23<D22,0,D23-D22) -> 0 | G22: =IF(F23<F22,0,F23-F22) -> 0 | I22: =IF(H23<H22,0,H23-H22) -> 0
A23: =A22+1 -> 43900 | C23: =IF(B24<B23,0,B24-B23)*10 -> 0 | E23: =IF(D24<D23,0,D24-D23) -> 0 | G23: =IF(F24<F23,0,F24-F23) -> 0 | I23: =IF(H24<H23,0,H24-H23) -> 0
A24: =A23+1 -> 43901 | C24: =IF(B25<B24,0,B25-B24)*10 -> 0 | E24: =IF(D25<D24,0,D25-D24) -> 0 | G24: =IF(F25<F24,0,F25-F24) -> 0 | I24: =IF(H25<H24,0,H25-H24) -> 0
A25: =A24+1 -> 43902 | C25: =IF(B26<B25,0,B26-B25)*10 -> 0 | E25: =IF(D26<D25,0,D26-D25) -> 0 | G25: =IF(F26<F25,0,F26-F25) -> 0 | I25: =IF(H26<H25,0,H26-H25) -> 0
A26: =A25+1 -> 43903 | C26: =IF(B27<B26,0,B27-B26)*10 -> 0 | E26: =IF(D27<D26,0,D27-D26) -> 0 | G26: =IF(F27<F26,0,F27-F26) -> 0 | I26: =IF(H27<H26,0,H27-H26) -> 0
A27: =A26+1 -> 43904 | C27: =IF(B28<B27,0,B28-B27)*10 -> 0 | E27: =IF(D28<D27,0,D28-D27) -> 0 | G27: =IF(F28<F27,0,F28-F27) -> 0 | I27: =IF(H28<H27,0,H28-H27) -> 0
A28: =A27+1 -> 43905 | C28: =IF(B29<B28,0,B29-B28)*10 -> 0 | E28: =IF(D29<D28,0,D29-D28) -> 0 | G28: =IF(F29<F28,0,F29-F28) -> 0 | I28: =IF(H29<H28,0,H29-H28) -> 0
A29: =A28+1 -> 43906 | C29: =IF(B30<B29,0,B30-B29)*10 -> 0 | E29: =IF(D30<D29,0,D30-D29) -> 0 | G29: =IF(F30<F29,0,F30-F29) -> 0 | I29: =IF(H30<H29,0,H30-H29) -> 0
A30: =A29+1 -> 43907 | C30: =IF(B31<B30,0,B31-B30)*10 -> 0 | E30: =IF(D31<D30,0,D31-D30) -> 0 | G30: =IF(F31<F30,0,F31-F30) -> 0 | I30: =IF(H31<H30,0,H31-H30) -> 0
A31: =A30+1 -> 43908 | C31: =IF(B32<B31,0,B32-B31)*10 -> 0 | E31: =IF(D32<D31,0,D32-D31) -> 0 | G31: =IF(F32<F31,0,F32-F31) -> 0 | I31: =IF(H32<H31,0,H32-H31) -> 0
A32: =A31+1 -> 43909 | C32: =IF(B33<B32,0,B33-B32)*10 -> 0 | E32: =IF(D33<D32,0,D33-D32) -> 0 | G32: =IF(F33<F32,0,F33-F32) -> 0 | I32: =IF(H33<H32,0,H33-H32) -> 0
... A47: =A46+1 -> 43924 | C47: =IF(B48<B47,0,B48-B47)*10 -> 0 | E47: =IF(D48<D47,0,D48-D47) -> 0 | G47: =IF(F48<F47,0,F48-F47) -> 0 | I47: =IF(H48<H47,0,H48-H47) -> 0
C48: =SUM(C14:C44) -> 3040 | E48: =SUM(E14:E44) -> 31553 | G48: =SUM(G14:G44) -> 51257 | I48: =SUM(I14:I44) -> 24703
G58: =IF(F59<F58,0,F59-F58) -> 0

Sheet Feuil1
