Workbook

Sheet TOTAL
A1: Site Name | B1: Day | C1: Month | D1: Year | E1: Total Electricity Kwh | F1: Electricity Tariff ($/Kwh) | G1: Natual Gas (m3) | H1: Natural Gas $/m3 | I1: Water Utility Supply (m3) m3 | J1: Water Utility Supply (m3) $/m3 | K1: Room Nights
A2: Istanbul at the Bosphorus | B2: 1 | C2: 3 | D2: 2019 | E2: 25742 | F2: 0.56 | G2: 7179 | H2: 1.65 | I2: 176 | J2: 12.8 | K2: 115
A3: Istanbul at the Bosphorus | B3: =B2+1 -> 2 | C3: 3 | D3: 2019 | E3: 25647 | F3: =F2 -> 0.56 | G3: 7287 | H3: =H2 -> 1.65 | I3: 164 | J3: =J2 -> 12.8 | K3: 136
A4: Istanbul at the Bosphorus | B4: =B3+1 -> 3 | C4: 3 | D4: 2019 | E4: 23855 | F4: =F3 -> 0.56 | G4: 7131 | H4: =H3 -> 1.65 | I4: 208 | J4: =J3 -> 12.8 | K4: 117
A5: Istanbul at the Bosphorus | B5: =B4+1 -> 4 | C5: 3 | D5: 2019 | E5: 22997 | F5: =F4 -> 0.56 | G5: 7085 | H5: =H4 -> 1.65 | I5: 119 | J5: =J4 -> 12.8 | K5: 128
A6: Istanbul at the Bosphorus | B6: =B5+1 -> 5 | C6: 3 | D6: 2019 | E6: 23669 | F6: =F5 -> 0.56 | G6: 6490 | H6: =H5 -> 1.65 | I6: 134 | J6: =J5 -> 12.8 | K6: 112
A7: Istanbul at the Bosphorus | B7: =B6+1 -> 6 | C7: 3 | D7: 2019 | E7: 25405 | F7: =F6 -> 0.56 | G7: 6665 | H7: =H6 -> 1.65 | I7: 135 | J7: =J6 -> 12.8 | K7: 95
A8: Istanbul at the Bosphorus | B8: =B7+1 -> 7 | C8: 3 | D8: 2019 | E8: 24694 | F8: =F7 -> 0.56 | G8: 6837 | H8: =H7 -> 1.65 | I8: 221 | J8: =J7 -> 12.8 | K8: 104
A9: Istanbul at the Bosphorus | B9: =B8+1 -> 8 | C9: 3 | D9: 2019 | E9: 25070 | F9: =F8 -> 0.56 | G9: 6369 | H9: =H8 -> 1.65 | I9: 231 | J9: =J8 -> 12.8 | K9: 126
A10: Istanbul at the Bosphorus | B10: =B9+1 -> 9 | C10: 3 | D10: 2019 | E10: 26811 | F10: =F9 -> 0.56 | G10: 6623 | H10: =H9 -> 1.65 | I10: 232 | J10: =J9 -> 12.8 | K10: 132
A11: Istanbul at the Bosphorus | B11: =B10+1 -> 10 | C11: 3 | D11: 2019 | E11: 26336 | F11: =F10 -> 0.56 | G11: 6479 | H11: =H10 -> 1.65 | I11: 260 | J11: =J10 -> 12.8 | K11: 102
A12: Istanbul at the Bosphorus | B12: =B11+1 -> 11 | C12: 3 | D12: 2019 | E12: 25773 | F12: =F11 -> 0.56 | G12: 6161 | H12: =H11 -> 1.65 | I12: 225 | J12: =J11 -> 12.8 | K12: 107
A13: Istanbul at the Bosphorus | B13: =B12+1 -> 12 | C13: 3 | D13: 2019 | E13: 26208 | F13: =F12 -> 0.56 | G13: 7003 | H13: =H12 -> 1.65 | I13: 191 | J13: =J12 -> 12.8 | K13: 100
A14: Istanbul at the Bosphorus | B14: =B13+1 -> 13 | C14: 3 | D14: 2019 | E14: 25514 | F14: =F13 -> 0.56 | G14: 7200 | H14: =H13 -> 1.65 | I14: 210 | J14: =J13 -> 12.8 | K14: 94
... A32: Istanbul at the Bosphorus | B32: =B31+1 -> 31 | C32: 3 | D32: 2019 | E32: 23861 | F32: =F31 -> 0.56 | G32: 5422 | H32: =H31 -> 1.65 | I32: 153 | J32: =J31 -> 12.8 | K32: 108

Sheet SUBMETERING
A1: Site Name | B1: Day | C1: Month | D1: Year | E1: Gas Cogen (m3) | F1: Gas Kitchen (m3) | G1: Gas Boiler (m3) | H1: Gas Laundry (m3) | I1: Room Nights
A2: Istanbul at the Bosphorus | B2: 1 | C2: 3 | D2: 2019 | E2: 4769 | F2: 249 | G2: 1968 | H2: 193 | I2: =TOTAL!K2 -> 115
A3: Istanbul at the Bosphorus | B3: =B2+1 -> 2 | C3: 3 | D3: 2019 | E3: 4784 | F3: 237 | G3: 2034 | H3: 232 | I3: =TOTAL!K3 -> 136
A4: Istanbul at the Bosphorus | B4: =B3+1 -> 3 | C4: 3 | D4: 2019 | E4: 4579 | F4: 205 | G4: 2133 | H4: 214 | I4: =TOTAL!K4 -> 117
A5: Istanbul at the Bosphorus | B5: =B4+1 -> 4 | C5: 3 | D5: 2019 | E5: 4539 | F5: 194 | G5: 2104 | H5: 248 | I5: =TOTAL!K5 -> 128
A6: Istanbul at the Bosphorus | B6: =B5+1 -> 5 | C6: 3 | D6: 2019 | E6: 4442 | F6: 204 | G6: 1675 | H6: 169 | I6: =TOTAL!K6 -> 112
A7: Istanbul at the Bosphorus | B7: =B6+1 -> 6 | C7: 3 | D7: 2019 | E7: 4688 | F7: 202 | G7: 1573 | H7: 202 | I7: =TOTAL!K7 -> 95
A8: Istanbul at the Bosphorus | B8: =B7+1 -> 7 | C8: 3 | D8: 2019 | E8: 4819 | F8: 217 | G8: 1596 | H8: 205 | I8: =TOTAL!K8 -> 104
A9: Istanbul at the Bosphorus | B9: =B8+1 -> 8 | C9: 3 | D9: 2019 | E9: 4524 | F9: 226 | G9: 1404 | H9: 215 | I9: =TOTAL!K9 -> 126
A10: Istanbul at the Bosphorus | B10: =B9+1 -> 9 | C10: 3 | D10: 2019 | E10: 4527 | F10: 232 | G10: 1641 | H10: 223 | I10: =TOTAL!K10 -> 132
A11: Istanbul at the Bosphorus | B11: =B10+1 -> 10 | C11: 3 | D11: 2019 | E11: 4555 | F11: 206 | G11: 1461 | H11: 257 | I11: =TOTAL!K11 -> 102
A12: Istanbul at the Bosphorus | B12: =B11+1 -> 11 | C12: 3 | D12: 2019 | E12: 4531 | F12: 162 | G12: 1267 | H12: 201 | I12: =TOTAL!K12 -> 107
A13: Istanbul at the Bosphorus | B13: =B12+1 -> 12 | C13: 3 | D13: 2019 | E13: 4753 | F13: 175 | G13: 1842 | H13: 233 | I13: =TOTAL!K13 -> 100
A14: Istanbul at the Bosphorus | B14: =B13+1 -> 13 | C14: 3 | D14: 2019 | E14: 4724 | F14: 200 | G14: 2077 | H14: 199 | I14: =TOTAL!K14 -> 94
... A32: Istanbul at the Bosphorus | B32: =B31+1 -> 31 | C32: 3 | D32: 2019 | E32: 3220 | F32: 143 | G32: 1858 | H32: 201 | I32: =TOTAL!K32 -> 108
