Workbook

Sheet Total Daily 
A1: Site Name | B1: Day | C1: Month | D1: Year | E1: Total Electricity Kwh | F1: Electricity Tariff ($/Kwh) | G1: LPG (Kg) | H1: LPG $/Kg | I1: District Energy Cooling Kwh | J1: District Energy Cooling $/Kwh | K1: Water Utility Supply (m3) m3 | L1: Water Utility Supply (m3) m3 | M1: Water Utility Supply (m3) $/m3 | N1: Room Nights
A2: Dubai DIFC | B2: 1 | C2: 3 | D2: 2020 | E2: ='03 - 2020'!B8-'03 - 2020'!B7+'03 - 2020'!C8-'03 - 2020'!C7 -> 9690 | F2: 0.118 | G2: =(('03 - 2020'!E8-'03 - 2020'!E7)+('03 - 2020'!F8-'03 - 2020'!F7)+('03 - 2020'!G8-'03 - 2020'!G7))*1.81 -> 114.0119 | H2: 0.99 | I2: ='03 - 2020'!J8-'03 - 2020'!J7 -> 13880 | J2: 0.081 | K2: ='03 - 2020'!H8-'03 - 2020'!H7 -> 0 | L2: ='03 - 2020'!I8-'03 - 2020'!I7 -> 105 | M2: 4.3936294 | N2: 38
A3: Dubai DIFC | B3: =B2+1 -> 2 | C3: 3 | D3: 2020 | E3: ='03 - 2020'!B9-'03 - 2020'!B8+'03 - 2020'!C9-'03 - 2020'!C8 -> 9268 | F3: 0.118 | G3: =(('03 - 2020'!E9-'03 - 2020'!E8)+('03 - 2020'!F9-'03 - 2020'!F8)+('03 - 2020'!G9-'03 - 2020'!G8))*1.81 -> 125.2701 | H3: 0.99 | I3: ='03 - 2020'!J9-'03 - 2020'!J8 -> 13272 | J3: 0.081 | K3: ='03 - 2020'!H9-'03 - 2020'!H8 -> 0 | L3: ='03 - 2020'!I9-'03 - 2020'!I8 -> 85 | M3: 4.3936294 | N3: 48
A4: Dubai DIFC | B4: =B3+1 -> 3 | C4: 3 | D4: 2020 | E4: ='03 - 2020'!B10-'03 - 2020'!B9+'03 - 2020'!C10-'03 - 2020'!C9 -> 9194 | F4: 0.118 | G4: =(('03 - 2020'!E10-'03 - 2020'!E9)+('03 - 2020'!F10-'03 - 2020'!F9)+('03 - 2020'!G10-'03 - 2020'!G9))*1.81 -> 116.0753 | H4: 0.99 | I4: ='03 - 2020'!J10-'03 - 2020'!J9 -> 14108 | J4: 0.081 | K4: ='03 - 2020'!H10-'03 - 2020'!H9 -> 0 | L4: ='03 - 2020'!I10-'03 - 2020'!I9 -> 90 | M4: 4.3936294 | N4: 50
A5: Dubai DIFC | B5: =B4+1 -> 4 | C5: 3 | D5: 2020 | E5: ='03 - 2020'!B11-'03 - 2020'!B10+'03 - 2020'!C11-'03 - 2020'!C10 -> 8853 | F5: 0.118 | G5: =(('03 - 2020'!E11-'03 - 2020'!E10)+('03 - 2020'!F11-'03 - 2020'!F10)+('03 - 2020'!G11-'03 - 2020'!G10))*1.81 -> 122.8266 | H5: 0.99 | I5: ='03 - 2020'!J11-'03 - 2020'!J10 -> 12817 | J5: 0.081 | K5: ='03 - 2020'!H11-'03 - 2020'!H10 -> 0 | L5: ='03 - 2020'!I11-'03 - 2020'!I10 -> 93 | M5: 4.3936294 | N5: 61
A6: Dubai DIFC | B6: =B5+1 -> 5 | C6: 3 | D6: 2020 | E6: ='03 - 2020'!B12-'03 - 2020'!B11+'03 - 2020'!C12-'03 - 2020'!C11 -> 9161 | F6: 0.118 | G6: =(('03 - 2020'!E12-'03 - 2020'!E11)+('03 - 2020'!F12-'03 - 2020'!F11)+('03 - 2020'!G12-'03 - 2020'!G11))*1.81 -> 112.944 | H6: 0.99 | I6: ='03 - 2020'!J12-'03 - 2020'!J11 -> 11408 | J6: 0.081 | K6: ='03 - 2020'!H12-'03 - 2020'!H11 -> 0 | L6: ='03 - 2020'!I12-'03 - 2020'!I11 -> 92 | M6: 4.3936294 | N6: 52
A7: Dubai DIFC | B7: =B6+1 -> 6 | C7: 3 | D7: 2020 | E7: ='03 - 2020'!B13-'03 - 2020'!B12+'03 - 2020'!C13-'03 - 2020'!C12 -> 9095 | F7: 0.118 | G7: =(('03 - 2020'!E13-'03 - 2020'!E12)+('03 - 2020'!F13-'03 - 2020'!F12)+('03 - 2020'!G13-'03 - 2020'!G12))*1.81 -> 115.1522 | H7: 0.99 | I7: ='03 - 2020'!J13-'03 - 2020'!J12 -> 11930 | J7: 0.081 | K7: ='03 - 2020'!H13-'03 - 2020'!H12 -> 0 | L7: ='03 - 2020'!I13-'03 - 2020'!I12 -> 91 | M7: 4.3936294 | N7: 52
A8: Dubai DIFC | B8: =B7+1 -> 7 | C8: 3 | D8: 2020 | E8: ='03 - 2020'!B14-'03 - 2020'!B13+'03 - 2020'!C14-'03 - 2020'!C13 -> 8727 | F8: 0.118 | G8: =(('03 - 2020'!E14-'03 - 2020'!E13)+('03 - 2020'!F14-'03 - 2020'!F13)+('03 - 2020'!G14-'03 - 2020'!G13))*1.81 -> 113.7223 | H8: 0.99 | I8: ='03 - 2020'!J14-'03 - 2020'!J13 -> 12276 | J8: 0.081 | K8: ='03 - 2020'!H14-'03 - 2020'!H13 -> 0 | L8: ='03 - 2020'!I14-'03 - 2020'!I13 -> 84 | M8: 4.3936294 | N8: 55
A9: Dubai DIFC | B9: =B8+1 -> 8 | C9: 3 | D9: 2020 | E9: ='03 - 2020'!B15-'03 - 2020'!B14+'03 - 2020'!C15-'03 - 2020'!C14 -> 8515 | F9: 0.118 | G9: =(('03 - 2020'!E15-'03 - 2020'!E14)+('03 - 2020'!F15-'03 - 2020'!F14)+('03 - 2020'!G15-'03 - 2020'!G14))*1.81 -> 122.2836 | H9: 0.99 | I9: ='03 - 2020'!J15-'03 - 2020'!J14 -> 13171 | J9: 0.081 | K9: ='03 - 2020'!H15-'03 - 2020'!H14 -> 0 | L9: ='03 - 2020'!I15-'03 - 2020'!I14 -> 115 | M9: 4.3936294 | N9: 39
A10: Dubai DIFC | B10: =B9+1 -> 9 | C10: 3 | D10: 2020 | E10: ='03 - 2020'!B16-'03 - 2020'!B15+'03 - 2020'!C16-'03 - 2020'!C15 -> 8129 | F10: 0.118 | G10: =(('03 - 2020'!E16-'03 - 2020'!E15)+('03 - 2020'!F16-'03 - 2020'!F15)+('03 - 2020'!G16-'03 - 2020'!G15))*1.81 -> 126.6095 | H10: 0.99 | I10: ='03 - 2020'!J16-'03 - 2020'!J15 -> 12806 | J10: 0.081 | K10: ='03 - 2020'!H16-'03 - 2020'!H15 -> 0 | L10: ='03 - 2020'!I16-'03 - 2020'!I15 -> 84 | M10: 4.3936294 | N10: 33
A11: Dubai DIFC | B11: =B10+1 -> 10 | C11: 3 | D11: 2020 | E11: ='03 - 2020'!B17-'03 - 2020'!B16+'03 - 2020'!C17-'03 - 2020'!C16 -> 7787 | F11: 0.118 | G11: =(('03 - 2020'!E17-'03 - 2020'!E16)+('03 - 2020'!F17-'03 - 2020'!F16)+('03 - 2020'!G17-'03 - 2020'!G16))*1.81 -> 114.8988 | H11: 0.99 | I11: ='03 - 2020'!J17-'03 - 2020'!J16 -> 11908 | J11: 0.081 | K11: ='03 - 2020'!H17-'03 - 2020'!H16 -> 0 | L11: ='03 - 2020'!I17-'03 - 2020'!I16 -> 78 | M11: 4.3936294 | N11: 28
A12: Dubai DIFC | B12: =B11+1 -> 11 | C12: 3 | D12: 2020 | E12: ='03 - 2020'!B18-'03 - 2020'!B17+'03 - 2020'!C18-'03 - 2020'!C17 -> 8453 | F12: 0.118 | G12: =(('03 - 2020'!E18-'03 - 2020'!E17)+('03 - 2020'!F18-'03 - 2020'!F17)+('03 - 2020'!G18-'03 - 2020'!G17))*1.81 -> 116.0934 | H12: 0.99 | I12: ='03 - 2020'!J18-'03 - 2020'!J17 -> 11514 | J12: 0.081 | K12: ='03 - 2020'!H18-'03 - 2020'!H17 -> 0 | L12: ='03 - 2020'!I18-'03 - 2020'!I17 -> 76 | M12: 4.3936294 | N12: 30
A13: Dubai DIFC | B13: =B12+1 -> 12 | C13: 3 | D13: 2020 | E13: ='03 - 2020'!B19-'03 - 2020'!B18+'03 - 2020'!C19-'03 - 2020'!C18 -> 8514 | F13: 0.118 | G13: =(('03 - 2020'!E19-'03 - 2020'!E18)+('03 - 2020'!F19-'03 - 2020'!F18)+('03 - 2020'!G19-'03 - 2020'!G18))*1.81 -> 113.8309 | H13: 0.99 | I13: ='03 - 2020'!J19-'03 - 2020'!J18 -> 11402 | J13: 0.081 | K13: ='03 - 2020'!H19-'03 - 2020'!H18 -> 0 | L13: ='03 - 2020'!I19-'03 - 2020'!I18 -> 82 | M13: 4.3936294 | N13: 32
A14: Dubai DIFC | B14: =B13+1 -> 13 | C14: 3 | D14: 2020 | E14: ='03 - 2020'!B20-'03 - 2020'!B19+'03 - 2020'!C20-'03 - 2020'!C19 -> 7988 | F14: 0.118 | G14: =(('03 - 2020'!E20-'03 - 2020'!E19)+('03 - 2020'!F20-'03 - 2020'!F19)+('03 - 2020'!G20-'03 - 2020'!G19))*1.81 -> 110.3738 | H14: 0.99 | I14: ='03 - 2020'!J20-'03 - 2020'!J19 -> 11564 | J14: 0.081 | K14: ='03 - 2020'!H20-'03 - 2020'!H19 -> 0 | L14: ='03 - 2020'!I20-'03 - 2020'!I19 -> 96 | M14: 4.3936294 | N14: 30
... A17: Dubai DIFC | B17: =B16+1 -> 16 | C17: 3 | D17: 2020 | E17: ='03 - 2020'!B23-'03 - 2020'!B22+'03 - 2020'!C23-'03 - 2020'!C22 -> 6594 | F17: 0.118 | G17: =(('03 - 2020'!E23-'03 - 2020'!E22)+('03 - 2020'!F23-'03 - 2020'!F22)+('03 - 2020'!G23-'03 - 2020'!G22))*1.81 -> 95.8938 | H17: 0.99 | I17: ='03 - 2020'!J23-'03 - 2020'!J22 -> 11096 | J17: 0.081 | K17: ='03 - 2020'!H23-'03 - 2020'!H22 -> 0 | L17: ='03 - 2020'!I23-'03 - 2020'!I22 -> 64 | M17: 4.3936294 | N17: 15
A18: Dubai DIFC | B18: =B17+1 -> 17 | C18: 3 | D18: 2020 | E18: 0 | F18: 0.118 | G18: 0 | H18: 0.99 | I18: 0 | J18: 0.081 | K18: 0 | L18: 0 | M18: 4.3936294
A19: Dubai DIFC | B19: =B18+1 -> 18 | C19: 3 | D19: 2020 | E19: ='03 - 2020'!B25-'03 - 2020'!B24+'03 - 2020'!C25-'03 - 2020'!C24 -> 0 | F19: 0.118 | G19: =(('03 - 2020'!E25-'03 - 2020'!E24)+('03 - 2020'!F25-'03 - 2020'!F24)+('03 - 2020'!G25-'03 - 2020'!G24))*1.81 -> 0 | H19: 0.99 | I19: ='03 - 2020'!J25-'03 - 2020'!J24 -> 0 | J19: 0.081 | K19: ='03 - 2020'!H25-'03 - 2020'!H24 -> 0 | L19: ='03 - 2020'!I25-'03 - 2020'!I24 -> 0 | M19: 4.3936294
A20: Dubai DIFC | B20: =B19+1 -> 19 | C20: 3 | D20: 2020 | E20: ='03 - 2020'!B26-'03 - 2020'!B25+'03 - 2020'!C26-'03 - 2020'!C25 -> 0 | F20: 0.118 | G20: =(('03 - 2020'!E26-'03 - 2020'!E25)+('03 - 2020'!F26-'03 - 2020'!F25)+('03 - 2020'!G26-'03 - 2020'!G25))*1.81 -> 0 | H20: 0.99 | I20: ='03 - 2020'!J26-'03 - 2020'!J25 -> 0 | J20: 0.081 | K20: ='03 - 2020'!H26-'03 - 2020'!H25 -> 0 | L20: ='03 - 2020'!I26-'03 - 2020'!I25 -> 0 | M20: 4.3936294
A21: Dubai DIFC | B21: =B20+1 -> 20 | C21: 3 | D21: 2020 | E21: ='03 - 2020'!B27-'03 - 2020'!B26+'03 - 2020'!C27-'03 - 2020'!C26 -> 0 | F21: 0.118 | G21: =(('03 - 2020'!E27-'03 - 2020'!E26)+('03 - 2020'!F27-'03 - 2020'!F26)+('03 - 2020'!G27-'03 - 2020'!G26))*1.81 -> 0 | H21: 0.99 | I21: ='03 - 2020'!J27-'03 - 2020'!J26 -> 0 | J21: 0.081 | K21: ='03 - 2020'!H27-'03 - 2020'!H26 -> 0 | L21: ='03 - 2020'!I27-'03 - 2020'!I26 -> 0 | M21: 4.3936294
A22: Dubai DIFC | B22: =B21+1 -> 21 | C22: 3 | D22: 2020 | E22: ='03 - 2020'!B28-'03 - 2020'!B27+'03 - 2020'!C28-'03 - 2020'!C27 -> 0 | F22: 0.118 | G22: =(('03 - 2020'!E28-'03 - 2020'!E27)+('03 - 2020'!F28-'03 - 2020'!F27)+('03 - 2020'!G28-'03 - 2020'!G27))*1.81 -> 0 | H22: 0.99 | I22: ='03 - 2020'!J28-'03 - 2020'!J27 -> 0 | J22: 0.081 | K22: ='03 - 2020'!H28-'03 - 2020'!H27 -> 0 | L22: ='03 - 2020'!I28-'03 - 2020'!I27 -> 0 | M22: 4.3936294
A23: Dubai DIFC | B23: =B22+1 -> 22 | C23: 3 | D23: 2020 | E23: ='03 - 2020'!B29-'03 - 2020'!B28+'03 - 2020'!C29-'03 - 2020'!C28 -> 0 | F23: 0.118 | G23: =(('03 - 2020'!E29-'03 - 2020'!E28)+('03 - 2020'!F29-'03 - 2020'!F28)+('03 - 2020'!G29-'03 - 2020'!G28))*1.81 -> 0 | H23: 0.99 | I23: ='03 - 2020'!J29-'03 - 2020'!J28 -> 0 | J23: 0.081 | K23: ='03 - 2020'!H29-'03 - 2020'!H28 -> 0 | L23: ='03 - 2020'!I29-'03 - 2020'!I28 -> 0 | M23: 4.3936294
A24: Dubai DIFC | B24: =B23+1 -> 23 | C24: 3 | D24: 2020 | E24: ='03 - 2020'!B30-'03 - 2020'!B29+'03 - 2020'!C30-'03 - 2020'!C29 -> 0 | F24: 0.118 | G24: =(('03 - 2020'!E30-'03 - 2020'!E29)+('03 - 2020'!F30-'03 - 2020'!F29)+('03 - 2020'!G30-'03 - 2020'!G29))*1.81 -> 0 | H24: 0.99 | I24: ='03 - 2020'!J30-'03 - 2020'!J29 -> 0 | J24: 0.081 | K24: ='03 - 2020'!H30-'03 - 2020'!H29 -> 0 | L24: ='03 - 2020'!I30-'03 - 2020'!I29 -> 0 | M24: 4.3936294
A25: Dubai DIFC | B25: =B24+1 -> 24 | C25: 3 | D25: 2020 | E25: ='03 - 2020'!B31-'03 - 2020'!B30+'03 - 2020'!C31-'03 - 2020'!C30 -> 0 | F25: 0.118 | G25: =(('03 - 2020'!E31-'03 - 2020'!E30)+('03 - 2020'!F31-'03 - 2020'!F30)+('03 - 2020'!G31-'03 - 2020'!G30))*1.81 -> 0 | H25: 0.99 | I25: ='03 - 2020'!J31-'03 - 2020'!J30 -> 0 | J25: 0.081 | K25: ='03 - 2020'!H31-'03 - 2020'!H30 -> 0 | L25: ='03 - 2020'!I31-'03 - 2020'!I30 -> 0 | M25: 4.3936294
A26: Dubai DIFC | B26: =B25+1 -> 25 | C26: 3 | D26: 2020 | E26: ='03 - 2020'!B32-'03 - 2020'!B31+'03 - 2020'!C32-'03 - 2020'!C31 -> 0 | F26: 0.118 | G26: =(('03 - 2020'!E32-'03 - 2020'!E31)+('03 - 2020'!F32-'03 - 2020'!F31)+('03 - 2020'!G32-'03 - 2020'!G31))*1.81 -> 0 | H26: 0.99 | I26: ='03 - 2020'!J32-'03 - 2020'!J31 -> 0 | J26: 0.081 | K26: ='03 - 2020'!H32-'03 - 2020'!H31 -> 0 | L26: ='03 - 2020'!I32-'03 - 2020'!I31 -> 0 | M26: 4.3936294
A27: Dubai DIFC | B27: =B26+1 -> 26 | C27: 3 | D27: 2020 | E27: ='03 - 2020'!B33-'03 - 2020'!B32+'03 - 2020'!C33-'03 - 2020'!C32 -> 0 | F27: 0.118 | G27: =(('03 - 2020'!E33-'03 - 2020'!E32)+('03 - 2020'!F33-'03 - 2020'!F32)+('03 - 2020'!G33-'03 - 2020'!G32))*1.81 -> 0 | H27: 0.99 | I27: ='03 - 2020'!J33-'03 - 2020'!J32 -> 0 | J27: 0.081 | K27: ='03 - 2020'!H33-'03 - 2020'!H32 -> 0 | L27: ='03 - 2020'!I33-'03 - 2020'!I32 -> 0 | M27: 4.3936294
A28: Dubai DIFC | B28: =B27+1 -> 27 | C28: 3 | D28: 2020 | E28: ='03 - 2020'!B34-'03 - 2020'!B33+'03 - 2020'!C34-'03 - 2020'!C33 -> 0 | F28: 0.118 | G28: =(('03 - 2020'!E34-'03 - 2020'!E33)+('03 - 2020'!F34-'03 - 2020'!F33)+('03 - 2020'!G34-'03 - 2020'!G33))*1.81 -> 0 | H28: 0.99 | I28: ='03 - 2020'!J34-'03 - 2020'!J33 -> 0 | J28: 0.081 | K28: ='03 - 2020'!H34-'03 - 2020'!H33 -> 0 | L28: ='03 - 2020'!I34-'03 - 2020'!I33 -> 0 | M28: 4.3936294
A29: Dubai DIFC | B29: =B28+1 -> 28 | C29: 3 | D29: 2020 | E29: ='03 - 2020'!B35-'03 - 2020'!B34+'03 - 2020'!C35-'03 - 2020'!C34 -> 0 | F29: 0.118 | G29: =(('03 - 2020'!E35-'03 - 2020'!E34)+('03 - 2020'!F35-'03 - 2020'!F34)+('03 - 2020'!G35-'03 - 2020'!G34))*1.81 -> 0 | H29: 0.99 | I29: ='03 - 2020'!J35-'03 - 2020'!J34 -> 0 | J29: 0.081 | K29: ='03 - 2020'!H35-'03 - 2020'!H34 -> 0 | L29: ='03 - 2020'!I35-'03 - 2020'!I34 -> 0 | M29: 4.3936294
A30: Dubai DIFC | B30: =B29+1 -> 29 | C30: 3 | D30: 2020 | E30: ='03 - 2020'!B36-'03 - 2020'!B35+'03 - 2020'!C36-'03 - 2020'!C35 -> 0 | F30: 0.118 | G30: =(('03 - 2020'!E36-'03 - 2020'!E35)+('03 - 2020'!F36-'03 - 2020'!F35)+('03 - 2020'!G36-'03 - 2020'!G35))*1.81 -> 0 | H30: 0.99 | I30: ='03 - 2020'!J36-'03 - 2020'!J35 -> 0 | J30: 0.081 | K30: ='03 - 2020'!H36-'03 - 2020'!H35 -> 0 | L30: ='03 - 2020'!I36-'03 - 2020'!I35 -> 0 | M30: 4.3936294
... A32: Dubai DIFC | B32: =B31+1 -> 31 | C32: 3 | D32: 2020 | E32: ='03 - 2020'!B38-'03 - 2020'!B37+'03 - 2020'!C38-'03 - 2020'!C37 -> 0 | F32: 0.118 | G32: =(('03 - 2020'!E38-'03 - 2020'!E37)+('03 - 2020'!F38-'03 - 2020'!F37)+('03 - 2020'!G38-'03 - 2020'!G37))*1.81 -> 0 | H32: 0.99 | I32: ='03 - 2020'!J38-'03 - 2020'!J37 -> 0 | J32: 0.081 | K32: ='03 - 2020'!H38-'03 - 2020'!H37 -> 0 | L32: ='03 - 2020'!I38-'03 - 2020'!I37 -> 0 | M32: 4.3936294

Sheet Submetering Daily 
A1: Site Name | B1: Day | C1: Month | D1: Year | E1: Panel LV1 Kwh | F1: Panel LV2 Kwh | G1: Electricity Tariff ($/Kwh) | H1: Main Kitchen LPG (Kg) | I1: Podium Kitchen LPG (Kg) | J1: Boiler LPG (Kg) | K1: LPG $/Kg | L1: Room Nights
A2: Dubai DIFC | B2: 1 | C2: 3 | D2: 2020 | E2: ='03 - 2020'!B8-'03 - 2020'!B7 -> 3783 | F2: ='03 - 2020'!C8-'03 - 2020'!C7 -> 5907 | G2: 0.118 | H2: ='03 - 2020'!E8-'03 - 2020'!E7 -> 24.04 | I2: ='03 - 2020'!F8-'03 - 2020'!F7 -> 5.43 | J2: ='03 - 2020'!G8-'03 - 2020'!G7 -> 33.52 | K2: 0.74 | L2: 38
A3: Dubai DIFC | B3: =B2+1 -> 2 | C3: 3 | D3: 2020 | E3: ='03 - 2020'!B9-'03 - 2020'!B8 -> 3561 | F3: ='03 - 2020'!C9-'03 - 2020'!C8 -> 5707 | G3: 0.118 | H3: ='03 - 2020'!E9-'03 - 2020'!E8 -> 22.44 | I3: ='03 - 2020'!F9-'03 - 2020'!F8 -> 5.42 | J3: ='03 - 2020'!G9-'03 - 2020'!G8 -> 41.35 | K3: 0.74 | L3: 48
A4: Dubai DIFC | B4: =B3+1 -> 3 | C4: 3 | D4: 2020 | E4: ='03 - 2020'!B10-'03 - 2020'!B9 -> 3507 | F4: ='03 - 2020'!C10-'03 - 2020'!C9 -> 5687 | G4: 0.118 | H4: ='03 - 2020'!E10-'03 - 2020'!E9 -> 23.5 | I4: ='03 - 2020'!F10-'03 - 2020'!F9 -> 5.84 | J4: ='03 - 2020'!G10-'03 - 2020'!G9 -> 34.79 | K4: 0.74 | L4: 50
A5: Dubai DIFC | B5: =B4+1 -> 4 | C5: 3 | D5: 2020 | E5: ='03 - 2020'!B11-'03 - 2020'!B10 -> 3236 | F5: ='03 - 2020'!C11-'03 - 2020'!C10 -> 5617 | G5: 0.118 | H5: ='03 - 2020'!E11-'03 - 2020'!E10 -> 24.66 | I5: ='03 - 2020'!F11-'03 - 2020'!F10 -> 5.32 | J5: ='03 - 2020'!G11-'03 - 2020'!G10 -> 37.88 | K5: 0.74 | L5: 61
A6: Dubai DIFC | B6: =B5+1 -> 5 | C6: 3 | D6: 2020 | E6: ='03 - 2020'!B12-'03 - 2020'!B11 -> 3641 | F6: ='03 - 2020'!C12-'03 - 2020'!C11 -> 5520 | G6: 0.118 | H6: ='03 - 2020'!E12-'03 - 2020'!E11 -> 21.47 | I6: ='03 - 2020'!F12-'03 - 2020'!F11 -> 4.83 | J6: ='03 - 2020'!G12-'03 - 2020'!G11 -> 36.1 | K6: 0.74 | L6: 52
A7: Dubai DIFC | B7: =B6+1 -> 6 | C7: 3 | D7: 2020 | E7: ='03 - 2020'!B13-'03 - 2020'!B12 -> 3610 | F7: ='03 - 2020'!C13-'03 - 2020'!C12 -> 5485 | G7: 0.118 | H7: ='03 - 2020'!E13-'03 - 2020'!E12 -> 21.38 | I7: ='03 - 2020'!F13-'03 - 2020'!F12 -> 4.74 | J7: ='03 - 2020'!G13-'03 - 2020'!G12 -> 37.5 | K7: 0.74 | L7: 52
A8: Dubai DIFC | B8: =B7+1 -> 7 | C8: 3 | D8: 2020 | E8: ='03 - 2020'!B14-'03 - 2020'!B13 -> 3305 | F8: ='03 - 2020'!C14-'03 - 2020'!C13 -> 5422 | G8: 0.118 | H8: ='03 - 2020'!E14-'03 - 2020'!E13 -> 22.38 | I8: ='03 - 2020'!F14-'03 - 2020'!F13 -> 4.36 | J8: ='03 - 2020'!G14-'03 - 2020'!G13 -> 36.09 | K8: 0.74 | L8: 55
A9: Dubai DIFC | B9: =B8+1 -> 8 | C9: 3 | D9: 2020 | E9: ='03 - 2020'!B15-'03 - 2020'!B14 -> 3266 | F9: ='03 - 2020'!C15-'03 - 2020'!C14 -> 5249 | G9: 0.118 | H9: ='03 - 2020'!E15-'03 - 2020'!E14 -> 25.58 | I9: ='03 - 2020'!F15-'03 - 2020'!F14 -> 5.8 | J9: ='03 - 2020'!G15-'03 - 2020'!G14 -> 36.18 | K9: 0.74 | L9: 39
A10: Dubai DIFC | B10: =B9+1 -> 9 | C10: 3 | D10: 2020 | E10: ='03 - 2020'!B16-'03 - 2020'!B15 -> 3114 | F10: ='03 - 2020'!C16-'03 - 2020'!C15 -> 5015 | G10: 0.118 | H10: ='03 - 2020'!E16-'03 - 2020'!E15 -> 24.42 | I10: ='03 - 2020'!F16-'03 - 2020'!F15 -> 6.01 | J10: ='03 - 2020'!G16-'03 - 2020'!G15 -> 39.52 | K10: 0.74 | L10: 33
A11: Dubai DIFC | B11: =B10+1 -> 10 | C11: 3 | D11: 2020 | E11: ='03 - 2020'!B17-'03 - 2020'!B16 -> 2773 | F11: ='03 - 2020'!C17-'03 - 2020'!C16 -> 5014 | G11: 0.118 | H11: ='03 - 2020'!E17-'03 - 2020'!E16 -> 22.48 | I11: ='03 - 2020'!F17-'03 - 2020'!F16 -> 5.62 | J11: ='03 - 2020'!G17-'03 - 2020'!G16 -> 35.38 | K11: 0.74 | L11: 28
A12: Dubai DIFC | B12: =B11+1 -> 11 | C12: 3 | D12: 2020 | E12: ='03 - 2020'!B18-'03 - 2020'!B17 -> 3328 | F12: ='03 - 2020'!C18-'03 - 2020'!C17 -> 5125 | G12: 0.118 | H12: ='03 - 2020'!E18-'03 - 2020'!E17 -> 24.5 | I12: ='03 - 2020'!F18-'03 - 2020'!F17 -> 3.98 | J12: ='03 - 2020'!G18-'03 - 2020'!G17 -> 35.66 | K12: 0.74 | L12: 30
A13: Dubai DIFC | B13: =B12+1 -> 12 | C13: 3 | D13: 2020 | E13: ='03 - 2020'!B19-'03 - 2020'!B18 -> 3301 | F13: ='03 - 2020'!C19-'03 - 2020'!C18 -> 5213 | G13: 0.118 | H13: ='03 - 2020'!E19-'03 - 2020'!E18 -> 23.26 | I13: ='03 - 2020'!F19-'03 - 2020'!F18 -> 4.13 | J13: ='03 - 2020'!G19-'03 - 2020'!G18 -> 35.5 | K13: 0.74 | L13: 32
A14: Dubai DIFC | B14: =B13+1 -> 13 | C14: 3 | D14: 2020 | E14: ='03 - 2020'!B20-'03 - 2020'!B19 -> 3117 | F14: ='03 - 2020'!C20-'03 - 2020'!C19 -> 4871 | G14: 0.118 | H14: ='03 - 2020'!E20-'03 - 2020'!E19 -> 22.01 | I14: ='03 - 2020'!F20-'03 - 2020'!F19 -> 4.16 | J14: ='03 - 2020'!G20-'03 - 2020'!G19 -> 34.81 | K14: 0.74 | L14: 30
... A17: Dubai DIFC | B17: =B16+1 -> 16 | C17: 3 | D17: 2020 | E17: ='03 - 2020'!B23-'03 - 2020'!B22 -> 2260 | F17: ='03 - 2020'!C23-'03 - 2020'!C22 -> 4334 | G17: 0.118 | H17: ='03 - 2020'!E23-'03 - 2020'!E22 -> 18.2 | I17: ='03 - 2020'!F23-'03 - 2020'!F22 -> 2.88 | J17: ='03 - 2020'!G23-'03 - 2020'!G22 -> 31.9 | K17: 0.74 | L17: 15
A18: Dubai DIFC | B18: =B17+1 -> 17 | C18: 3 | D18: 2020 | E18: 0 | F18: 0 | G18: 0.118 | H18: 0 | I18: 0 | J18: 0 | K18: 0.74
A19: Dubai DIFC | B19: =B18+1 -> 18 | C19: 3 | D19: 2020 | E19: ='03 - 2020'!B25-'03 - 2020'!B24 -> 0 | F19: ='03 - 2020'!C25-'03 - 2020'!C24 -> 0 | G19: 0.118 | H19: ='03 - 2020'!E25-'03 - 2020'!E24 -> 0 | I19: ='03 - 2020'!F25-'03 - 2020'!F24 -> 0 | J19: ='03 - 2020'!G25-'03 - 2020'!G24 -> 0 | K19: 0.74
A20: Dubai DIFC | B20: =B19+1 -> 19 | C20: 3 | D20: 2020 | E20: ='03 - 2020'!B26-'03 - 2020'!B25 -> 0 | F20: ='03 - 2020'!C26-'03 - 2020'!C25 -> 0 | G20: 0.118 | H20: ='03 - 2020'!E26-'03 - 2020'!E25 -> 0 | I20: ='03 - 2020'!F26-'03 - 2020'!F25 -> 0 | J20: ='03 - 2020'!G26-'03 - 2020'!G25 -> 0 | K20: 0.74
A21: Dubai DIFC | B21: =B20+1 -> 20 | C21: 3 | D21: 2020 | E21: ='03 - 2020'!B27-'03 - 2020'!B26 -> 0 | F21: ='03 - 2020'!C27-'03 - 2020'!C26 -> 0 | G21: 0.118 | H21: ='03 - 2020'!E27-'03 - 2020'!E26 -> 0 | I21: ='03 - 2020'!F27-'03 - 2020'!F26 -> 0 | J21: ='03 - 2020'!G27-'03 - 2020'!G26 -> 0 | K21: 0.74
A22: Dubai DIFC | B22: =B21+1 -> 21 | C22: 3 | D22: 2020 | E22: ='03 - 2020'!B28-'03 - 2020'!B27 -> 0 | F22: ='03 - 2020'!C28-'03 - 2020'!C27 -> 0 | G22: 0.118 | H22: ='03 - 2020'!E28-'03 - 2020'!E27 -> 0 | I22: ='03 - 2020'!F28-'03 - 2020'!F27 -> 0 | J22: ='03 - 2020'!G28-'03 - 2020'!G27 -> 0 | K22: 0.74
A23: Dubai DIFC | B23: =B22+1 -> 22 | C23: 3 | D23: 2020 | E23: ='03 - 2020'!B29-'03 - 2020'!B28 -> 0 | F23: ='03 - 2020'!C29-'03 - 2020'!C28 -> 0 | G23: 0.118 | H23: ='03 - 2020'!E29-'03 - 2020'!E28 -> 0 | I23: ='03 - 2020'!F29-'03 - 2020'!F28 -> 0 | J23: ='03 - 2020'!G29-'03 - 2020'!G28 -> 0 | K23: 0.74
A24: Dubai DIFC | B24: =B23+1 -> 23 | C24: 3 | D24: 2020 | E24: ='03 - 2020'!B30-'03 - 2020'!B29 -> 0 | F24: ='03 - 2020'!C30-'03 - 2020'!C29 -> 0 | G24: 0.118 | H24: ='03 - 2020'!E30-'03 - 2020'!E29 -> 0 | I24: ='03 - 2020'!F30-'03 - 2020'!F29 -> 0 | J24: ='03 - 2020'!G30-'03 - 2020'!G29 -> 0 | K24: 0.74
A25: Dubai DIFC | B25: =B24+1 -> 24 | C25: 3 | D25: 2020 | E25: ='03 - 2020'!B31-'03 - 2020'!B30 -> 0 | F25: ='03 - 2020'!C31-'03 - 2020'!C30 -> 0 | G25: 0.118 | H25: ='03 - 2020'!E31-'03 - 2020'!E30 -> 0 | I25: ='03 - 2020'!F31-'03 - 2020'!F30 -> 0 | J25: ='03 - 2020'!G31-'03 - 2020'!G30 -> 0 | K25: 0.74
A26: Dubai DIFC | B26: =B25+1 -> 25 | C26: 3 | D26: 2020 | E26: ='03 - 2020'!B32-'03 - 2020'!B31 -> 0 | F26: ='03 - 2020'!C32-'03 - 2020'!C31 -> 0 | G26: 0.118 | H26: ='03 - 2020'!E32-'03 - 2020'!E31 -> 0 | I26: ='03 - 2020'!F32-'03 - 2020'!F31 -> 0 | J26: ='03 - 2020'!G32-'03 - 2020'!G31 -> 0 | K26: 0.74
A27: Dubai DIFC | B27: =B26+1 -> 26 | C27: 3 | D27: 2020 | E27: ='03 - 2020'!B33-'03 - 2020'!B32 -> 0 | F27: ='03 - 2020'!C33-'03 - 2020'!C32 -> 0 | G27: 0.118 | H27: ='03 - 2020'!E33-'03 - 2020'!E32 -> 0 | I27: ='03 - 2020'!F33-'03 - 2020'!F32 -> 0 | J27: ='03 - 2020'!G33-'03 - 2020'!G32 -> 0 | K27: 0.74
A28: Dubai DIFC | B28: =B27+1 -> 27 | C28: 3 | D28: 2020 | E28: ='03 - 2020'!B34-'03 - 2020'!B33 -> 0 | F28: ='03 - 2020'!C34-'03 - 2020'!C33 -> 0 | G28: 0.118 | H28: ='03 - 2020'!E34-'03 - 2020'!E33 -> 0 | I28: ='03 - 2020'!F34-'03 - 2020'!F33 -> 0 | J28: ='03 - 2020'!G34-'03 - 2020'!G33 -> 0 | K28: 0.74
A29: Dubai DIFC | B29: =B28+1 -> 28 | C29: 3 | D29: 2020 | E29: ='03 - 2020'!B35-'03 - 2020'!B34 -> 0 | F29: ='03 - 2020'!C35-'03 - 2020'!C34 -> 0 | G29: 0.118 | H29: ='03 - 2020'!E35-'03 - 2020'!E34 -> 0 | I29: ='03 - 2020'!F35-'03 - 2020'!F34 -> 0 | J29: ='03 - 2020'!G35-'03 - 2020'!G34 -> 0 | K29: 0.74
A30: Dubai DIFC | B30: =B29+1 -> 29 | C30: 3 | D30: 2020 | E30: ='03 - 2020'!B36-'03 - 2020'!B35 -> 0 | F30: ='03 - 2020'!C36-'03 - 2020'!C35 -> 0 | G30: 0.118 | H30: ='03 - 2020'!E36-'03 - 2020'!E35 -> 0 | I30: ='03 - 2020'!F36-'03 - 2020'!F35 -> 0 | J30: ='03 - 2020'!G36-'03 - 2020'!G35 -> 0 | K30: 0.74
A31: Dubai DIFC | B31: 30 | C31: 3 | D31: 2020 | E31: ='03 - 2020'!B37-'03 - 2020'!B36 -> 0 | F31: ='03 - 2020'!C37-'03 - 2020'!C36 -> 0 | G31: 0.118 | H31: ='03 - 2020'!E37-'03 - 2020'!E36 -> 0 | I31: ='03 - 2020'!F37-'03 - 2020'!F36 -> 0 | J31: ='03 - 2020'!G37-'03 - 2020'!G36 -> 0 | K31: 0.74
A32: Dubai DIFC | B32: 31 | C32: 3 | D32: 2020 | E32: ='03 - 2020'!B38-'03 - 2020'!B37 -> 0 | F32: ='03 - 2020'!C38-'03 - 2020'!C37 -> 0 | G32: 0.118 | H32: ='03 - 2020'!E38-'03 - 2020'!E37 -> 0 | I32: ='03 - 2020'!F38-'03 - 2020'!F37 -> 0 | J32: ='03 - 2020'!G38-'03 - 2020'!G37 -> 0 | K32: 0.74

Sheet 03 - 2020
A3: FOUR SEASONS HOTEL - DIFC
A4: HLP READING MONTH OF MARCH' 2020
B5: 19 | D5: LPG (cu.m) | H5: Water (cu.m) | J5: BTU
A6: Date | B6: LV-01, 2025952759 | C6: LV-2, 2030235407 | D6: Main Meter % | E6: Main Kitchen | F6: Podium Kitchen | G6: Boiler | H6: B-3 Water Meter (DIFC) | I6: MainWater Meter (DEWA) | J6: Chilled Water (KWH) | K6: Gas Received (Litres) | L6: Remark
A7: 43890 | B7: 604675 | C7: 621646 | D7: 0.8 | E7: 10249.07 | F7: 1977.24 | G7: 17755 | H7: 14528 | I7: 90695 | J7: 37991508 | K7: 3950
A8: 43891 | B8: 608458 | C8: 627553 | D8: 0.74 | E8: 10273.11 | F8: 1982.67 | G8: 17788.52 | H8: 14528 | I8: 90800 | J8: 38005388 | M8: =J8-J7 -> 13880
A9: =A8+1 -> 43892 | B9: 612019 | C9: 633260 | D9: 0.66 | E9: 10295.55 | F9: 1988.09 | G9: 17829.87 | H9: 14528 | I9: 90885 | J9: 38018660 | M9: =J9-J8 -> 13272
A10: =A9+1 -> 43893 | B10: 615526 | C10: 638947 | D10: 0.6 | E10: 10319.05 | F10: 1993.93 | G10: 17864.66 | H10: 14528 | I10: 90975 | J10: 38032768 | M10: =J10-J9 -> 14108
A11: =A10+1 -> 43894 | B11: 618762 | C11: 644564 | D11: 0.54 | E11: 10343.71 | F11: 1999.25 | G11: 17902.54 | H11: 14528 | I11: 91068 | J11: 38045585 | M11: =J11-J10 -> 12817
A12: =A11+1 -> 43895 | B12: 622403 | C12: 650084 | D12: 0.48 | E12: 10365.18 | F12: 2004.08 | G12: 17938.64 | H12: 14528 | I12: 91160 | J12: 38056993 | M12: =J12-J11 -> 11408
A13: =A12+1 -> 43896 | B13: 626013 | C13: 655569 | D13: 0.4 | E13: 10386.56 | F13: 2008.82 | G13: 17976.14 | H13: 14528 | I13: 91251 | J13: 38068923 | M13: =J13-J12 -> 11930
A14: =A13+1 -> 43897 | B14: 629318 | C14: 660991 | D14: 0.85 | E14: 10408.94 | F14: 2013.18 | G14: 18012.23 | H14: 14528 | I14: 91335 | J14: 38081199 | K14: 3700 | M14: =J14-J13 -> 12276
A15: =A14+1 -> 43898 | B15: 632584 | C15: 666240 | D15: 0.78 | E15: 10434.52 | F15: 2018.98 | G15: 18048.41 | H15: 14528 | I15: 91450 | J15: 38094370 | M15: =J15-J14 -> 13171
A16: =A15+1 -> 43899 | B16: 635698 | C16: 671255 | D16: 0.7 | E16: 10458.94 | F16: 2024.99 | G16: 18087.93 | H16: 14528 | I16: 91534 | J16: 38107176 | M16: =J16-J15 -> 12806
A17: =A16+1 -> 43900 | B17: 638471 | C17: 676269 | D17: 0.62 | E17: 10481.42 | F17: 2030.61 | G17: 18123.31 | H17: 14528 | I17: 91612 | J17: 38119084 | M17: =J17-J16 -> 11908
A18: =A17+1 -> 43901 | B18: 641799 | C18: 681394 | D18: 0.57 | E18: 10505.92 | F18: 2034.59 | G18: 18158.97 | H18: 14528 | I18: 91688 | J18: 38130598 | M18: =J18-J17 -> 11514
A19: =A18+1 -> 43902 | B19: 645100 | C19: 686607 | D19: 0.49 | E19: 10529.18 | F19: 2038.72 | G19: 18194.47 | H19: 14528 | I19: 91770 | J19: 38142000 | M19: =J19-J18 -> 11402
A20: =A19+1 -> 43903 | B20: 648217 | C20: 691478 | D20: 0.41 | E20: 10551.19 | F20: 2042.88 | G20: 18229.28 | H20: 14528 | I20: 91866 | J20: 38153564 | M20: =J20-J19 -> 11564
A21: =A20+1 -> 43904 | B21: 650979 | C21: 696465 | D21: 0.85 | E21: 10571.98 | F21: 2046.39 | G21: 18262.78 | H21: 14528 | I21: 91946 | J21: 38165193 | M21: =J21-J20 -> 11629
A22: =A21+1 -> 43905 | B22: 653899 | C22: 700951 | D22: 0.77 | E22: 10590.18 | F22: 2050.12 | G22: 18299.1 | H22: 14528 | I22: 92021 | J22: 38176219 | M22: =J22-J21 -> 11026
A23: =A22+1 -> 43906 | B23: 656159 | C23: 705285 | D23: 0.72 | E23: 10608.38 | F23: 2053 | G23: 18331 | H23: 14528 | I23: 92085 | J23: 38187315 | M23: =J23-J22 -> 11096
A24: =A23+1 -> 43907 | M24: =J24-J23 -> -38187315
A25: =A24+1 -> 43908 | M25: =J25-J24 -> 0
A26: =A25+1 -> 43909 | M26: =J26-J25 -> 0
A27: =A26+1 -> 43910
A28: =A27+1 -> 43911
A29: =A28+1 -> 43912
A30: =A29+1 -> 43913
A31: =A30+1 -> 43914
A32: =A31+1 -> 43915
A33: =A32+1 -> 43916
A34: =A33+1 -> 43917
A35: =A34+1 -> 43918
A36: =A35+1 -> 43919
A37: =A36+1 -> 43920
A38: =A37+1 -> 43921
A39: Readings | B39: =B36-B7 -> -604675 | C39: =C36-C7 -> -621646 | D39: 0 | E39: =E36-E7 -> -10249.07 | F39: =F36-F7 -> -1977.24 | G39: =G36-G7 -> -17755 | H39: =H36-H7 -> -14528 | I39: =I36-I7 -> -90695 | J39: =J36-J7 -> -37991508 | K39: =SUM(K7:K38) -> 7650
H40: =H39*219.969 -> -3195709.6 | I40: =I39*219.969 -> -19950088
