Workbook

Sheet Total Daily 
A1: Site Name | B1: Day | C1: Month | D1: Year | E1: Total Electricity Kwh | F1: Electricity Tariff ($/Kwh) | G1: LPG (Kg) | H1: LPG $/Kg | I1: District Energy Cooling Kwh | J1: District Energy Cooling $/Kwh | K1: Water Utility Supply (m3) m3 | L1: Water Utility Supply (m3) m3 | M1: Water Utility Supply (m3) $/m3 | N1: Room Nights
A2: Dubai DIFC | B2: 1 | C2: 4 | D2: 2020 | E2: ='04 - 2020'!B8-'04 - 2020'!B7+'04 - 2020'!C8-'04 - 2020'!C7 -> 3463 | F2: 0.118 | G2: =(('04 - 2020'!E8-'04 - 2020'!E7)+('04 - 2020'!F8-'04 - 2020'!F7)+('04 - 2020'!G8-'04 - 2020'!G7))*1.81 -> 44.8518 | H2: 0.99 | I2: ='04 - 2020'!J8-'04 - 2020'!J7 -> 5745 | J2: 0.081 | K2: ='04 - 2020'!H8-'04 - 2020'!H7 -> 0 | L2: ='04 - 2020'!I8-'04 - 2020'!I7 -> 28 | M2: 4.3936294 | N2: 0
A3: Dubai DIFC | B3: =B2+1 -> 2 | C3: 4 | D3: 2020 | E3: ='04 - 2020'!B9-'04 - 2020'!B8+'04 - 2020'!C9-'04 - 2020'!C8 -> 2711 | F3: 0.118 | G3: =(('04 - 2020'!E9-'04 - 2020'!E8)+('04 - 2020'!F9-'04 - 2020'!F8)+('04 - 2020'!G9-'04 - 2020'!G8))*1.81 -> 26.9328 | H3: 0.99 | I3: ='04 - 2020'!J9-'04 - 2020'!J8 -> 4698 | J3: 0.081 | K3: ='04 - 2020'!H9-'04 - 2020'!H8 -> 0 | L3: ='04 - 2020'!I9-'04 - 2020'!I8 -> 23 | M3: 4.3936294 | N3: 0
A4: Dubai DIFC | B4: =B3+1 -> 3 | C4: 4 | D4: 2020 | E4: ='04 - 2020'!B10-'04 - 2020'!B9+'04 - 2020'!C10-'04 - 2020'!C9 -> 2703 | F4: 0.118 | G4: =(('04 - 2020'!E10-'04 - 2020'!E9)+('04 - 2020'!F10-'04 - 2020'!F9)+('04 - 2020'!G10-'04 - 2020'!G9))*1.81 -> 20.3987 | H4: 0.99 | I4: ='04 - 2020'!J10-'04 - 2020'!J9 -> 5439 | J4: 0.081 | K4: ='04 - 2020'!H10-'04 - 2020'!H9 -> 0 | L4: ='04 - 2020'!I10-'04 - 2020'!I9 -> 24 | M4: 4.3936294 | N4: 0
A5: Dubai DIFC | B5: =B4+1 -> 4 | C5: 4 | D5: 2020 | E5: ='04 - 2020'!B11-'04 - 2020'!B10+'04 - 2020'!C11-'04 - 2020'!C10 -> 2677 | F5: 0.118 | G5: =(('04 - 2020'!E11-'04 - 2020'!E10)+('04 - 2020'!F11-'04 - 2020'!F10)+('04 - 2020'!G11-'04 - 2020'!G10))*1.81 -> 18.6068 | H5: 0.99 | I5: ='04 - 2020'!J11-'04 - 2020'!J10 -> 5418 | J5: 0.081 | K5: ='04 - 2020'!H11-'04 - 2020'!H10 -> 0 | L5: ='04 - 2020'!I11-'04 - 2020'!I10 -> 19 | M5: 4.3936294 | N5: 0
A6: Dubai DIFC | B6: =B5+1 -> 5 | C6: 4 | D6: 2020 | E6: ='04 - 2020'!B12-'04 - 2020'!B11+'04 - 2020'!C12-'04 - 2020'!C11 -> 2572 | F6: 0.118 | G6: =(('04 - 2020'!E12-'04 - 2020'!E11)+('04 - 2020'!F12-'04 - 2020'!F11)+('04 - 2020'!G12-'04 - 2020'!G11))*1.81 -> 18.9507 | H6: 0.99 | I6: ='04 - 2020'!J12-'04 - 2020'!J11 -> 5447 | J6: 0.081 | K6: ='04 - 2020'!H12-'04 - 2020'!H11 -> 0 | L6: ='04 - 2020'!I12-'04 - 2020'!I11 -> 15 | M6: 4.3936294 | N6: 0
A7: Dubai DIFC | B7: =B6+1 -> 6 | C7: 4 | D7: 2020 | E7: ='04 - 2020'!B13-'04 - 2020'!B12+'04 - 2020'!C13-'04 - 2020'!C12 -> 2677 | F7: 0.118 | G7: =(('04 - 2020'!E13-'04 - 2020'!E12)+('04 - 2020'!F13-'04 - 2020'!F12)+('04 - 2020'!G13-'04 - 2020'!G12))*1.81 -> 20.6521 | H7: 0.99 | I7: ='04 - 2020'!J13-'04 - 2020'!J12 -> 5759 | J7: 0.081 | K7: ='04 - 2020'!H13-'04 - 2020'!H12 -> 0 | L7: ='04 - 2020'!I13-'04 - 2020'!I12 -> 11 | M7: 4.3936294 | N7: 0
A8: Dubai DIFC | B8: =B7+1 -> 7 | C8: 4 | D8: 2020 | E8: ='04 - 2020'!B14-'04 - 2020'!B13+'04 - 2020'!C14-'04 - 2020'!C13 -> 2719 | F8: 0.118 | G8: =(('04 - 2020'!E14-'04 - 2020'!E13)+('04 - 2020'!F14-'04 - 2020'!F13)+('04 - 2020'!G14-'04 - 2020'!G13))*1.81 -> 20.8512 | H8: 0.99 | I8: ='04 - 2020'!J14-'04 - 2020'!J13 -> 5158 | J8: 0.081 | K8: ='04 - 2020'!H14-'04 - 2020'!H13 -> 0 | L8: ='04 - 2020'!I14-'04 - 2020'!I13 -> 17 | M8: 4.3936294 | N8: 0
A9: Dubai DIFC | B9: =B8+1 -> 8 | C9: 4 | D9: 2020 | E9: ='04 - 2020'!B15-'04 - 2020'!B14+'04 - 2020'!C15-'04 - 2020'!C14 -> 2728 | F9: 0.118 | G9: =(('04 - 2020'!E15-'04 - 2020'!E14)+('04 - 2020'!F15-'04 - 2020'!F14)+('04 - 2020'!G15-'04 - 2020'!G14))*1.81 -> 20.634 | H9: 0.99 | I9: ='04 - 2020'!J15-'04 - 2020'!J14 -> 5019 | J9: 0.081 | K9: ='04 - 2020'!H15-'04 - 2020'!H14 -> 0 | L9: ='04 - 2020'!I15-'04 - 2020'!I14 -> 17 | M9: 4.3936294 | N9: 0
A10: Dubai DIFC | B10: =B9+1 -> 9 | C10: 4 | D10: 2020 | E10: ='04 - 2020'!B16-'04 - 2020'!B15+'04 - 2020'!C16-'04 - 2020'!C15 -> 2759 | F10: 0.118 | G10: =(('04 - 2020'!E16-'04 - 2020'!E15)+('04 - 2020'!F16-'04 - 2020'!F15)+('04 - 2020'!G16-'04 - 2020'!G15))*1.81 -> 22.4078 | H10: 0.99 | I10: ='04 - 2020'!J16-'04 - 2020'!J15 -> 5934 | J10: 0.081 | K10: ='04 - 2020'!H16-'04 - 2020'!H15 -> 0 | L10: ='04 - 2020'!I16-'04 - 2020'!I15 -> 23 | M10: 4.3936294 | N10: 0
A11: Dubai DIFC | B11: =B10+1 -> 10 | C11: 4 | D11: 2020 | E11: ='04 - 2020'!B17-'04 - 2020'!B16+'04 - 2020'!C17-'04 - 2020'!C16 -> 2708 | F11: 0.118 | G11: =(('04 - 2020'!E17-'04 - 2020'!E16)+('04 - 2020'!F17-'04 - 2020'!F16)+('04 - 2020'!G17-'04 - 2020'!G16))*1.81 -> 21.72 | H11: 0.99 | I11: ='04 - 2020'!J17-'04 - 2020'!J16 -> 5409 | J11: 0.081 | K11: ='04 - 2020'!H17-'04 - 2020'!H16 -> 0 | L11: ='04 - 2020'!I17-'04 - 2020'!I16 -> 23 | M11: 4.3936294 | N11: 0
A12: Dubai DIFC | B12: =B11+1 -> 11 | C12: 4 | D12: 2020 | E12: ='04 - 2020'!B18-'04 - 2020'!B17+'04 - 2020'!C18-'04 - 2020'!C17 -> 2524 | F12: 0.118 | G12: =(('04 - 2020'!E18-'04 - 2020'!E17)+('04 - 2020'!F18-'04 - 2020'!F17)+('04 - 2020'!G18-'04 - 2020'!G17))*1.81 -> 18.7154 | H12: 0.99 | I12: ='04 - 2020'!J18-'04 - 2020'!J17 -> 5211 | J12: 0.081 | K12: ='04 - 2020'!H18-'04 - 2020'!H17 -> 0 | L12: ='04 - 2020'!I18-'04 - 2020'!I17 -> 25 | M12: 4.3936294 | N12: 0
A13: Dubai DIFC | B13: =B12+1 -> 12 | C13: 4 | D13: 2020 | E13: 0 | F13: 0.118 | G13: 0 | H13: 0.99 | I13: 0 | J13: 0.081 | K13: 0 | L13: 0 | M13: 4.3936294
A14: Dubai DIFC | B14: =B13+1 -> 13 | C14: 4 | D14: 2020 | E14: ='04 - 2020'!B20-'04 - 2020'!B19+'04 - 2020'!C20-'04 - 2020'!C19 -> 0 | F14: 0.118 | G14: =(('04 - 2020'!E20-'04 - 2020'!E19)+('04 - 2020'!F20-'04 - 2020'!F19)+('04 - 2020'!G20-'04 - 2020'!G19))*1.81 -> 0 | H14: 0.99 | I14: ='04 - 2020'!J20-'04 - 2020'!J19 -> 0 | J14: 0.081 | K14: ='04 - 2020'!H20-'04 - 2020'!H19 -> 0 | L14: ='04 - 2020'!I20-'04 - 2020'!I19 -> 0 | M14: 4.3936294
A15: Dubai DIFC | B15: =B14+1 -> 14 | C15: 4 | D15: 2020 | E15: ='04 - 2020'!B21-'04 - 2020'!B20+'04 - 2020'!C21-'04 - 2020'!C20 -> 0 | F15: 0.118 | G15: =(('04 - 2020'!E21-'04 - 2020'!E20)+('04 - 2020'!F21-'04 - 2020'!F20)+('04 - 2020'!G21-'04 - 2020'!G20))*1.81 -> 0 | H15: 0.99 | I15: ='04 - 2020'!J21-'04 - 2020'!J20 -> 0 | J15: 0.081 | K15: ='04 - 2020'!H21-'04 - 2020'!H20 -> 0 | L15: ='04 - 2020'!I21-'04 - 2020'!I20 -> 0 | M15: 4.3936294
A16: Dubai DIFC | B16: =B15+1 -> 15 | C16: 4 | D16: 2020 | E16: ='04 - 2020'!B22-'04 - 2020'!B21+'04 - 2020'!C22-'04 - 2020'!C21 -> 0 | F16: 0.118 | G16: =(('04 - 2020'!E22-'04 - 2020'!E21)+('04 - 2020'!F22-'04 - 2020'!F21)+('04 - 2020'!G22-'04 - 2020'!G21))*1.81 -> 0 | H16: 0.99 | I16: ='04 - 2020'!J22-'04 - 2020'!J21 -> 0 | J16: 0.081 | K16: ='04 - 2020'!H22-'04 - 2020'!H21 -> 0 | L16: ='04 - 2020'!I22-'04 - 2020'!I21 -> 0 | M16: 4.3936294
A17: Dubai DIFC | B17: =B16+1 -> 16 | C17: 4 | D17: 2020 | E17: ='04 - 2020'!B23-'04 - 2020'!B22+'04 - 2020'!C23-'04 - 2020'!C22 -> 0 | F17: 0.118 | G17: =(('04 - 2020'!E23-'04 - 2020'!E22)+('04 - 2020'!F23-'04 - 2020'!F22)+('04 - 2020'!G23-'04 - 2020'!G22))*1.81 -> 0 | H17: 0.99 | I17: ='04 - 2020'!J23-'04 - 2020'!J22 -> 0 | J17: 0.081 | K17: ='04 - 2020'!H23-'04 - 2020'!H22 -> 0 | L17: ='04 - 2020'!I23-'04 - 2020'!I22 -> 0 | M17: 4.3936294
A18: Dubai DIFC | B18: =B17+1 -> 17 | C18: 4 | D18: 2020 | E18: ='04 - 2020'!B24-'04 - 2020'!B23+'04 - 2020'!C24-'04 - 2020'!C23 -> 0 | F18: 0.118 | G18: =(('04 - 2020'!E24-'04 - 2020'!E23)+('04 - 2020'!F24-'04 - 2020'!F23)+('04 - 2020'!G24-'04 - 2020'!G23))*1.81 -> 0 | H18: 0.99 | I18: ='04 - 2020'!J24-'04 - 2020'!J23 -> 0 | J18: 0.081 | K18: ='04 - 2020'!H24-'04 - 2020'!H23 -> 0 | L18: ='04 - 2020'!I24-'04 - 2020'!I23 -> 0 | M18: 4.3936294
A19: Dubai DIFC | B19: =B18+1 -> 18 | C19: 4 | D19: 2020 | E19: ='04 - 2020'!B25-'04 - 2020'!B24+'04 - 2020'!C25-'04 - 2020'!C24 -> 0 | F19: 0.118 | G19: =(('04 - 2020'!E25-'04 - 2020'!E24)+('04 - 2020'!F25-'04 - 2020'!F24)+('04 - 2020'!G25-'04 - 2020'!G24))*1.81 -> 0 | H19: 0.99 | I19: ='04 - 2020'!J25-'04 - 2020'!J24 -> 0 | J19: 0.081 | K19: ='04 - 2020'!H25-'04 - 2020'!H24 -> 0 | L19: ='04 - 2020'!I25-'04 - 2020'!I24 -> 0 | M19: 4.3936294
A20: Dubai DIFC | B20: =B19+1 -> 19 | C20: 4 | D20: 2020 | E20: ='04 - 2020'!B26-'04 - 2020'!B25+'04 - 2020'!C26-'04 - 2020'!C25 -> 0 | F20: 0.118 | G20: =(('04 - 2020'!E26-'04 - 2020'!E25)+('04 - 2020'!F26-'04 - 2020'!F25)+('04 - 2020'!G26-'04 - 2020'!G25))*1.81 -> 0 | H20: 0.99 | I20: ='04 - 2020'!J26-'04 - 2020'!J25 -> 0 | J20: 0.081 | K20: ='04 - 2020'!H26-'04 - 2020'!H25 -> 0 | L20: ='04 - 2020'!I26-'04 - 2020'!I25 -> 0 | M20: 4.3936294
A21: Dubai DIFC | B21: =B20+1 -> 20 | C21: 4 | D21: 2020 | E21: ='04 - 2020'!B27-'04 - 2020'!B26+'04 - 2020'!C27-'04 - 2020'!C26 -> 0 | F21: 0.118 | G21: =(('04 - 2020'!E27-'04 - 2020'!E26)+('04 - 2020'!F27-'04 - 2020'!F26)+('04 - 2020'!G27-'04 - 2020'!G26))*1.81 -> 0 | H21: 0.99 | I21: ='04 - 2020'!J27-'04 - 2020'!J26 -> 0 | J21: 0.081 | K21: ='04 - 2020'!H27-'04 - 2020'!H26 -> 0 | L21: ='04 - 2020'!I27-'04 - 2020'!I26 -> 0 | M21: 4.3936294
A22: Dubai DIFC | B22: =B21+1 -> 21 | C22: 4 | D22: 2020 | E22: ='04 - 2020'!B28-'04 - 2020'!B27+'04 - 2020'!C28-'04 - 2020'!C27 -> 0 | F22: 0.118 | G22: =(('04 - 2020'!E28-'04 - 2020'!E27)+('04 - 2020'!F28-'04 - 2020'!F27)+('04 - 2020'!G28-'04 - 2020'!G27))*1.81 -> 0 | H22: 0.99 | I22: ='04 - 2020'!J28-'04 - 2020'!J27 -> 0 | J22: 0.081 | K22: ='04 - 2020'!H28-'04 - 2020'!H27 -> 0 | L22: ='04 - 2020'!I28-'04 - 2020'!I27 -> 0 | M22: 4.3936294
A23: Dubai DIFC | B23: =B22+1 -> 22 | C23: 4 | D23: 2020 | E23: ='04 - 2020'!B29-'04 - 2020'!B28+'04 - 2020'!C29-'04 - 2020'!C28 -> 0 | F23: 0.118 | G23: =(('04 - 2020'!E29-'04 - 2020'!E28)+('04 - 2020'!F29-'04 - 2020'!F28)+('04 - 2020'!G29-'04 - 2020'!G28))*1.81 -> 0 | H23: 0.99 | I23: ='04 - 2020'!J29-'04 - 2020'!J28 -> 0 | J23: 0.081 | K23: ='04 - 2020'!H29-'04 - 2020'!H28 -> 0 | L23: ='04 - 2020'!I29-'04 - 2020'!I28 -> 0 | M23: 4.3936294
A24: Dubai DIFC | B24: =B23+1 -> 23 | C24: 4 | D24: 2020 | E24: ='04 - 2020'!B30-'04 - 2020'!B29+'04 - 2020'!C30-'04 - 2020'!C29 -> 0 | F24: 0.118 | G24: =(('04 - 2020'!E30-'04 - 2020'!E29)+('04 - 2020'!F30-'04 - 2020'!F29)+('04 - 2020'!G30-'04 - 2020'!G29))*1.81 -> 0 | H24: 0.99 | I24: ='04 - 2020'!J30-'04 - 2020'!J29 -> 0 | J24: 0.081 | K24: ='04 - 2020'!H30-'04 - 2020'!H29 -> 0 | L24: ='04 - 2020'!I30-'04 - 2020'!I29 -> 0 | M24: 4.3936294
A25: Dubai DIFC | B25: =B24+1 -> 24 | C25: 4 | D25: 2020 | E25: ='04 - 2020'!B31-'04 - 2020'!B30+'04 - 2020'!C31-'04 - 2020'!C30 -> 0 | F25: 0.118 | G25: =(('04 - 2020'!E31-'04 - 2020'!E30)+('04 - 2020'!F31-'04 - 2020'!F30)+('04 - 2020'!G31-'04 - 2020'!G30))*1.81 -> 0 | H25: 0.99 | I25: ='04 - 2020'!J31-'04 - 2020'!J30 -> 0 | J25: 0.081 | K25: ='04 - 2020'!H31-'04 - 2020'!H30 -> 0 | L25: ='04 - 2020'!I31-'04 - 2020'!I30 -> 0 | M25: 4.3936294
A26: Dubai DIFC | B26: =B25+1 -> 25 | C26: 4 | D26: 2020 | E26: ='04 - 2020'!B32-'04 - 2020'!B31+'04 - 2020'!C32-'04 - 2020'!C31 -> 0 | F26: 0.118 | G26: =(('04 - 2020'!E32-'04 - 2020'!E31)+('04 - 2020'!F32-'04 - 2020'!F31)+('04 - 2020'!G32-'04 - 2020'!G31))*1.81 -> 0 | H26: 0.99 | I26: ='04 - 2020'!J32-'04 - 2020'!J31 -> 0 | J26: 0.081 | K26: ='04 - 2020'!H32-'04 - 2020'!H31 -> 0 | L26: ='04 - 2020'!I32-'04 - 2020'!I31 -> 0 | M26: 4.3936294
A27: Dubai DIFC | B27: =B26+1 -> 26 | C27: 4 | D27: 2020 | E27: 0 | F27: 0.118 | G27: 0 | H27: 0.99 | I27: 0 | J27: 0.081 | K27: 0 | L27: 0 | M27: 4.3936294
A28: Dubai DIFC | B28: =B27+1 -> 27 | C28: 4 | D28: 2020 | E28: ='04 - 2020'!B34-'04 - 2020'!B33+'04 - 2020'!C34-'04 - 2020'!C33 -> 0 | F28: 0.118 | G28: =(('04 - 2020'!E34-'04 - 2020'!E33)+('04 - 2020'!F34-'04 - 2020'!F33)+('04 - 2020'!G34-'04 - 2020'!G33))*1.81 -> 0 | H28: 0.99 | I28: ='04 - 2020'!J34-'04 - 2020'!J33 -> 0 | J28: 0.081 | K28: ='04 - 2020'!H34-'04 - 2020'!H33 -> 0 | L28: ='04 - 2020'!I34-'04 - 2020'!I33 -> 0 | M28: 4.3936294
A29: Dubai DIFC | B29: =B28+1 -> 28 | C29: 4 | D29: 2020 | E29: ='04 - 2020'!B35-'04 - 2020'!B34+'04 - 2020'!C35-'04 - 2020'!C34 -> 0 | F29: 0.118 | G29: =(('04 - 2020'!E35-'04 - 2020'!E34)+('04 - 2020'!F35-'04 - 2020'!F34)+('04 - 2020'!G35-'04 - 2020'!G34))*1.81 -> 0 | H29: 0.99 | I29: ='04 - 2020'!J35-'04 - 2020'!J34 -> 0 | J29: 0.081 | K29: ='04 - 2020'!H35-'04 - 2020'!H34 -> 0 | L29: ='04 - 2020'!I35-'04 - 2020'!I34 -> 0 | M29: 4.3936294
A30: Dubai DIFC | B30: =B29+1 -> 29 | C30: 4 | D30: 2020 | E30: ='04 - 2020'!B36-'04 - 2020'!B35+'04 - 2020'!C36-'04 - 2020'!C35 -> 0 | F30: 0.118 | G30: =(('04 - 2020'!E36-'04 - 2020'!E35)+('04 - 2020'!F36-'04 - 2020'!F35)+('04 - 2020'!G36-'04 - 2020'!G35))*1.81 -> 0 | H30: 0.99 | I30: ='04 - 2020'!J36-'04 - 2020'!J35 -> 0 | J30: 0.081 | K30: ='04 - 2020'!H36-'04 - 2020'!H35 -> 0 | L30: ='04 - 2020'!I36-'04 - 2020'!I35 -> 0 | M30: 4.3936294
A31: Dubai DIFC | B31: =B30+1 -> 30 | C31: 4 | D31: 2020 | E31: ='04 - 2020'!B37-'04 - 2020'!B36+'04 - 2020'!C37-'04 - 2020'!C36 -> 0 | F31: 0.118 | G31: =(('04 - 2020'!E37-'04 - 2020'!E36)+('04 - 2020'!F37-'04 - 2020'!F36)+('04 - 2020'!G37-'04 - 2020'!G36))*1.81 -> 0 | H31: 0.99 | I31: ='04 - 2020'!J37-'04 - 2020'!J36 -> 0 | J31: 0.081 | K31: ='04 - 2020'!H37-'04 - 2020'!H36 -> 0 | L31: ='04 - 2020'!I37-'04 - 2020'!I36 -> 0 | M31: 4.3936294

Sheet Submetering Daily 
A1: Site Name | B1: Day | C1: Month | D1: Year | E1: Panel LV1 Kwh | F1: Panel LV2 Kwh | G1: Electricity Tariff ($/Kwh) | H1: Main Kitchen LPG (Kg) | I1: Podium Kitchen LPG (Kg) | J1: Boiler LPG (Kg) | K1: LPG $/Kg | L1: Room Nights
A2: Dubai DIFC | B2: 1 | C2: 4 | D2: 2020 | E2: ='04 - 2020'!B8-'04 - 2020'!B7 -> 640 | F2: ='04 - 2020'!C8-'04 - 2020'!C7 -> 2823 | G2: 0.118 | H2: ='04 - 2020'!E8-'04 - 2020'!E7 -> 6.95 | I2: ='04 - 2020'!F8-'04 - 2020'!F7 -> 0.32 | J2: ='04 - 2020'!G8-'04 - 2020'!G7 -> 17.51 | K2: 0.74 | L2: 0
A3: Dubai DIFC | B3: =B2+1 -> 2 | C3: 4 | D3: 2020 | E3: ='04 - 2020'!B9-'04 - 2020'!B8 -> 420 | F3: ='04 - 2020'!C9-'04 - 2020'!C8 -> 2291 | G3: 0.118 | H3: ='04 - 2020'!E9-'04 - 2020'!E8 -> 0 | I3: ='04 - 2020'!F9-'04 - 2020'!F8 -> -0.32 | J3: ='04 - 2020'!G9-'04 - 2020'!G8 -> 15.2 | K3: 0.74 | L3: 0
A4: Dubai DIFC | B4: =B3+1 -> 3 | C4: 4 | D4: 2020 | E4: ='04 - 2020'!B10-'04 - 2020'!B9 -> 500 | F4: ='04 - 2020'!C10-'04 - 2020'!C9 -> 2203 | G4: 0.118 | H4: ='04 - 2020'!E10-'04 - 2020'!E9 -> 0 | I4: ='04 - 2020'!F10-'04 - 2020'!F9 -> 0.32 | J4: ='04 - 2020'!G10-'04 - 2020'!G9 -> 10.95 | K4: 0.74 | L4: 0
A5: Dubai DIFC | B5: =B4+1 -> 4 | C5: 4 | D5: 2020 | E5: ='04 - 2020'!B11-'04 - 2020'!B10 -> 385 | F5: ='04 - 2020'!C11-'04 - 2020'!C10 -> 2292 | G5: 0.118 | H5: ='04 - 2020'!E11-'04 - 2020'!E10 -> 0 | I5: ='04 - 2020'!F11-'04 - 2020'!F10 -> 0 | J5: ='04 - 2020'!G11-'04 - 2020'!G10 -> 10.28 | K5: 0.74 | L5: 0
A6: Dubai DIFC | B6: =B5+1 -> 5 | C6: 4 | D6: 2020 | E6: ='04 - 2020'!B12-'04 - 2020'!B11 -> 406 | F6: ='04 - 2020'!C12-'04 - 2020'!C11 -> 2166 | G6: 0.118 | H6: ='04 - 2020'!E12-'04 - 2020'!E11 -> 0 | I6: ='04 - 2020'!F12-'04 - 2020'!F11 -> 0 | J6: ='04 - 2020'!G12-'04 - 2020'!G11 -> 10.47 | K6: 0.74 | L6: 0
A7: Dubai DIFC | B7: =B6+1 -> 6 | C7: 4 | D7: 2020 | E7: ='04 - 2020'!B13-'04 - 2020'!B12 -> 471 | F7: ='04 - 2020'!C13-'04 - 2020'!C12 -> 2206 | G7: 0.118 | H7: ='04 - 2020'!E13-'04 - 2020'!E12 -> 0 | I7: ='04 - 2020'!F13-'04 - 2020'!F12 -> 0 | J7: ='04 - 2020'!G13-'04 - 2020'!G12 -> 11.41 | K7: 0.74 | L7: 0
A8: Dubai DIFC | B8: =B7+1 -> 7 | C8: 4 | D8: 2020 | E8: ='04 - 2020'!B14-'04 - 2020'!B13 -> 458 | F8: ='04 - 2020'!C14-'04 - 2020'!C13 -> 2261 | G8: 0.118 | H8: ='04 - 2020'!E14-'04 - 2020'!E13 -> 0.4 | I8: ='04 - 2020'!F14-'04 - 2020'!F13 -> 0 | J8: ='04 - 2020'!G14-'04 - 2020'!G13 -> 11.12 | K8: 0.74 | L8: 0
A9: Dubai DIFC | B9: =B8+1 -> 8 | C9: 4 | D9: 2020 | E9: ='04 - 2020'!B15-'04 - 2020'!B14 -> 490 | F9: ='04 - 2020'!C15-'04 - 2020'!C14 -> 2238 | G9: 0.118 | H9: ='04 - 2020'!E15-'04 - 2020'!E14 -> 0.43 | I9: ='04 - 2020'!F15-'04 - 2020'!F14 -> 0 | J9: ='04 - 2020'!G15-'04 - 2020'!G14 -> 10.97 | K9: 0.74 | L9: 0
A10: Dubai DIFC | B10: =B9+1 -> 9 | C10: 4 | D10: 2020 | E10: ='04 - 2020'!B16-'04 - 2020'!B15 -> 500 | F10: ='04 - 2020'!C16-'04 - 2020'!C15 -> 2259 | G10: 0.118 | H10: ='04 - 2020'!E16-'04 - 2020'!E15 -> 0.38 | I10: ='04 - 2020'!F16-'04 - 2020'!F15 -> 0 | J10: ='04 - 2020'!G16-'04 - 2020'!G15 -> 12 | K10: 0.74 | L10: 0
A11: Dubai DIFC | B11: =B10+1 -> 10 | C11: 4 | D11: 2020 | E11: ='04 - 2020'!B17-'04 - 2020'!B16 -> 454 | F11: ='04 - 2020'!C17-'04 - 2020'!C16 -> 2254 | G11: 0.118 | H11: ='04 - 2020'!E17-'04 - 2020'!E16 -> 0.32 | I11: ='04 - 2020'!F17-'04 - 2020'!F16 -> 0 | J11: ='04 - 2020'!G17-'04 - 2020'!G16 -> 11.68 | K11: 0.74 | L11: 0
A12: Dubai DIFC | B12: =B11+1 -> 11 | C12: 4 | D12: 2020 | E12: ='04 - 2020'!B18-'04 - 2020'!B17 -> 339 | F12: ='04 - 2020'!C18-'04 - 2020'!C17 -> 2185 | G12: 0.118 | H12: ='04 - 2020'!E18-'04 - 2020'!E17 -> 0.27 | I12: ='04 - 2020'!F18-'04 - 2020'!F17 -> 0 | J12: ='04 - 2020'!G18-'04 - 2020'!G17 -> 10.07 | K12: 0.74 | L12: 0
A13: Dubai DIFC | B13: =B12+1 -> 12 | C13: 4 | D13: 2020 | E13: 0 | F13: 0 | G13: 0.118 | H13: 0 | I13: 0 | J13: 0 | K13: 0.74
A14: Dubai DIFC | B14: =B13+1 -> 13 | C14: 4 | D14: 2020 | E14: ='04 - 2020'!B20-'04 - 2020'!B19 -> 0 | F14: ='04 - 2020'!C20-'04 - 2020'!C19 -> 0 | G14: 0.118 | H14: ='04 - 2020'!E20-'04 - 2020'!E19 -> 0 | I14: ='04 - 2020'!F20-'04 - 2020'!F19 -> 0 | J14: ='04 - 2020'!G20-'04 - 2020'!G19 -> 0 | K14: 0.74
A15: Dubai DIFC | B15: =B14+1 -> 14 | C15: 4 | D15: 2020 | E15: ='04 - 2020'!B21-'04 - 2020'!B20 -> 0 | F15: ='04 - 2020'!C21-'04 - 2020'!C20 -> 0 | G15: 0.118 | H15: ='04 - 2020'!E21-'04 - 2020'!E20 -> 0 | I15: ='04 - 2020'!F21-'04 - 2020'!F20 -> 0 | J15: ='04 - 2020'!G21-'04 - 2020'!G20 -> 0 | K15: 0.74
A16: Dubai DIFC | B16: =B15+1 -> 15 | C16: 4 | D16: 2020 | E16: ='04 - 2020'!B22-'04 - 2020'!B21 -> 0 | F16: ='04 - 2020'!C22-'04 - 2020'!C21 -> 0 | G16: 0.118 | H16: ='04 - 2020'!E22-'04 - 2020'!E21 -> 0 | I16: ='04 - 2020'!F22-'04 - 2020'!F21 -> 0 | J16: ='04 - 2020'!G22-'04 - 2020'!G21 -> 0 | K16: 0.74
A17: Dubai DIFC | B17: =B16+1 -> 16 | C17: 4 | D17: 2020 | E17: ='04 - 2020'!B23-'04 - 2020'!B22 -> 0 | F17: ='04 - 2020'!C23-'04 - 2020'!C22 -> 0 | G17: 0.118 | H17: ='04 - 2020'!E23-'04 - 2020'!E22 -> 0 | I17: ='04 - 2020'!F23-'04 - 2020'!F22 -> 0 | J17: ='04 - 2020'!G23-'04 - 2020'!G22 -> 0 | K17: 0.74
A18: Dubai DIFC | B18: =B17+1 -> 17 | C18: 4 | D18: 2020 | E18: ='04 - 2020'!B24-'04 - 2020'!B23 -> 0 | F18: ='04 - 2020'!C24-'04 - 2020'!C23 -> 0 | G18: 0.118 | H18: ='04 - 2020'!E24-'04 - 2020'!E23 -> 0 | I18: ='04 - 2020'!F24-'04 - 2020'!F23 -> 0 | J18: ='04 - 2020'!G24-'04 - 2020'!G23 -> 0 | K18: 0.74
A19: Dubai DIFC | B19: =B18+1 -> 18 | C19: 4 | D19: 2020 | E19: ='04 - 2020'!B25-'04 - 2020'!B24 -> 0 | F19: ='04 - 2020'!C25-'04 - 2020'!C24 -> 0 | G19: 0.118 | H19: ='04 - 2020'!E25-'04 - 2020'!E24 -> 0 | I19: ='04 - 2020'!F25-'04 - 2020'!F24 -> 0 | J19: ='04 - 2020'!G25-'04 - 2020'!G24 -> 0 | K19: 0.74
A20: Dubai DIFC | B20: =B19+1 -> 19 | C20: 4 | D20: 2020 | E20: ='04 - 2020'!B26-'04 - 2020'!B25 -> 0 | F20: ='04 - 2020'!C26-'04 - 2020'!C25 -> 0 | G20: 0.118 | H20: ='04 - 2020'!E26-'04 - 2020'!E25 -> 0 | I20: ='04 - 2020'!F26-'04 - 2020'!F25 -> 0 | J20: ='04 - 2020'!G26-'04 - 2020'!G25 -> 0 | K20: 0.74
A21: Dubai DIFC | B21: =B20+1 -> 20 | C21: 4 | D21: 2020 | E21: ='04 - 2020'!B27-'04 - 2020'!B26 -> 0 | F21: ='04 - 2020'!C27-'04 - 2020'!C26 -> 0 | G21: 0.118 | H21: ='04 - 2020'!E27-'04 - 2020'!E26 -> 0 | I21: ='04 - 2020'!F27-'04 - 2020'!F26 -> 0 | J21: ='04 - 2020'!G27-'04 - 2020'!G26 -> 0 | K21: 0.74
A22: Dubai DIFC | B22: =B21+1 -> 21 | C22: 4 | D22: 2020 | E22: ='04 - 2020'!B28-'04 - 2020'!B27 -> 0 | F22: ='04 - 2020'!C28-'04 - 2020'!C27 -> 0 | G22: 0.118 | H22: ='04 - 2020'!E28-'04 - 2020'!E27 -> 0 | I22: ='04 - 2020'!F28-'04 - 2020'!F27 -> 0 | J22: ='04 - 2020'!G28-'04 - 2020'!G27 -> 0 | K22: 0.74
A23: Dubai DIFC | B23: =B22+1 -> 22 | C23: 4 | D23: 2020 | E23: ='04 - 2020'!B29-'04 - 2020'!B28 -> 0 | F23: ='04 - 2020'!C29-'04 - 2020'!C28 -> 0 | G23: 0.118 | H23: ='04 - 2020'!E29-'04 - 2020'!E28 -> 0 | I23: ='04 - 2020'!F29-'04 - 2020'!F28 -> 0 | J23: ='04 - 2020'!G29-'04 - 2020'!G28 -> 0 | K23: 0.74
A24: Dubai DIFC | B24: =B23+1 -> 23 | C24: 4 | D24: 2020 | E24: ='04 - 2020'!B30-'04 - 2020'!B29 -> 0 | F24: ='04 - 2020'!C30-'04 - 2020'!C29 -> 0 | G24: 0.118 | H24: ='04 - 2020'!E30-'04 - 2020'!E29 -> 0 | I24: ='04 - 2020'!F30-'04 - 2020'!F29 -> 0 | J24: ='04 - 2020'!G30-'04 - 2020'!G29 -> 0 | K24: 0.74
A25: Dubai DIFC | B25: =B24+1 -> 24 | C25: 4 | D25: 2020 | E25: ='04 - 2020'!B31-'04 - 2020'!B30 -> 0 | F25: ='04 - 2020'!C31-'04 - 2020'!C30 -> 0 | G25: 0.118 | H25: ='04 - 2020'!E31-'04 - 2020'!E30 -> 0 | I25: ='04 - 2020'!F31-'04 - 2020'!F30 -> 0 | J25: ='04 - 2020'!G31-'04 - 2020'!G30 -> 0 | K25: 0.74
A26: Dubai DIFC | B26: =B25+1 -> 25 | C26: 4 | D26: 2020 | E26: ='04 - 2020'!B32-'04 - 2020'!B31 -> 0 | F26: ='04 - 2020'!C32-'04 - 2020'!C31 -> 0 | G26: 0.118 | H26: ='04 - 2020'!E32-'04 - 2020'!E31 -> 0 | I26: ='04 - 2020'!F32-'04 - 2020'!F31 -> 0 | J26: ='04 - 2020'!G32-'04 - 2020'!G31 -> 0 | K26: 0.74
A27: Dubai DIFC | B27: =B26+1 -> 26 | C27: 4 | D27: 2020 | E27: 0 | F27: 0 | G27: 0.118 | H27: 0 | I27: 0 | J27: 0 | K27: 0.74
A28: Dubai DIFC | B28: =B27+1 -> 27 | C28: 4 | D28: 2020 | E28: ='04 - 2020'!B34-'04 - 2020'!B33 -> 0 | F28: ='04 - 2020'!C34-'04 - 2020'!C33 -> 0 | G28: 0.118 | H28: ='04 - 2020'!E34-'04 - 2020'!E33 -> 0 | I28: ='04 - 2020'!F34-'04 - 2020'!F33 -> 0 | J28: ='04 - 2020'!G34-'04 - 2020'!G33 -> 0 | K28: 0.74
A29: Dubai DIFC | B29: =B28+1 -> 28 | C29: 4 | D29: 2020 | E29: ='04 - 2020'!B35-'04 - 2020'!B34 -> 0 | F29: ='04 - 2020'!C35-'04 - 2020'!C34 -> 0 | G29: 0.118 | H29: ='04 - 2020'!E35-'04 - 2020'!E34 -> 0 | I29: ='04 - 2020'!F35-'04 - 2020'!F34 -> 0 | J29: ='04 - 2020'!G35-'04 - 2020'!G34 -> 0 | K29: 0.74
A30: Dubai DIFC | B30: =B29+1 -> 29 | C30: 4 | D30: 2020 | E30: ='04 - 2020'!B36-'04 - 2020'!B35 -> 0 | F30: ='04 - 2020'!C36-'04 - 2020'!C35 -> 0 | G30: 0.118 | H30: ='04 - 2020'!E36-'04 - 2020'!E35 -> 0 | I30: ='04 - 2020'!F36-'04 - 2020'!F35 -> 0 | J30: ='04 - 2020'!G36-'04 - 2020'!G35 -> 0 | K30: 0.74
A31: Dubai DIFC | B31: 30 | C31: 4 | D31: 2020 | E31: ='04 - 2020'!B37-'04 - 2020'!B36 -> 0 | F31: ='04 - 2020'!C37-'04 - 2020'!C36 -> 0 | G31: 0.118 | H31: ='04 - 2020'!E37-'04 - 2020'!E36 -> 0 | I31: ='04 - 2020'!F37-'04 - 2020'!F36 -> 0 | J31: ='04 - 2020'!G37-'04 - 2020'!G36 -> 0 | K31: 0.74

Sheet 04 - 2020
A3: FOUR SEASONS HOTEL - DIFC
A4: HLP READING MONTH OF MARCH' 2020
B5: 19 | D5: LPG (cu.m) | H5: Water (cu.m) | J5: BTU
A6: Date | B6: LV-01, 2025952759 | C6: LV-2, 2030235407 | D6: Main Meter % | E6: Main Kitchen | F6: Podium Kitchen | G6: Boiler | H6: B-3 Water Meter (DIFC) | I6: MainWater Meter (DEWA) | J6: Chilled Water (KWH) | K6: Gas Received (Litres) | L6: Remark
A7: 43921 | B7: 671054 | C7: 752767 | D7: 0.3 | E7: 10822.5 | F7: 2068.68 | G7: 18624.79 | H7: 14528 | I7: 92576 | J7: 38291700
A8: 43922 | B8: 671694 | C8: 755590 | D8: 0.29 | E8: 10829.45 | F8: 2069 | G8: 18642.3 | H8: 14528 | I8: 92604 | J8: 38297445
A9: 43923 | B9: 672114 | C9: 757881 | D9: 26 | E9: 10829.45 | F9: 2068.68 | G9: 18657.5 | H9: 14528 | I9: 92627 | J9: 38302143
A10: 43924 | B10: 672614 | C10: 760084 | D10: 0.23 | E10: 10829.45 | F10: 2069 | G10: 18668.45 | H10: 14528 | I10: 92651 | J10: 38307582
A11: 43925 | B11: 672999 | C11: 762376 | D11: 0.21 | E11: 10829.45 | F11: 2069 | G11: 18678.73 | H11: 14528 | I11: 92670 | J11: 38313000
A12: 43926 | B12: 673405 | C12: 764542 | D12: 0.85 | E12: 10829.45 | F12: 2069 | G12: 18689.2 | H12: 14528 | I12: 92685 | J12: 38318447
A13: 43927 | B13: 673876 | C13: 766748 | D13: 0.83 | E13: 10829.45 | F13: 2069 | G13: 18700.61 | H13: 14528 | I13: 92696 | J13: 38324206
A14: 43928 | B14: 674334 | C14: 769009 | D14: 0.82 | E14: 10829.85 | F14: 2069 | G14: 18711.73 | H14: 14528 | I14: 92713 | J14: 38329364
A15: 43929 | B15: 674824 | C15: 771247 | D15: 0.81 | E15: 10830.28 | F15: 2069 | G15: 18722.7 | H15: 14528 | I15: 92730 | J15: 38334383
A16: 43930 | B16: 675324 | C16: 773506 | D16: 0.8 | E16: 10830.66 | F16: 2069 | G16: 18734.7 | H16: 14528 | I16: 92753 | J16: 38340317
A17: 43931 | B17: 675778 | C17: 775760 | D17: 0.79 | E17: 10830.98 | F17: 2069 | G17: 18746.38 | H17: 14528 | I17: 92776 | J17: 38345726
A18: 43932 | B18: 676117 | C18: 777945 | D18: 0.79 | E18: 10831.25 | F18: 2069 | G18: 18756.45 | H18: 14528 | I18: 92801 | J18: 38350937
A19: 43933
A20: 43934
A21: 43935
A22: 43936
A23: 43937
A24: 43938
A25: 43939
A26: 43940
A27: 43941
A28: 43942
A29: 43943
A30: 43944
... A37: 43951
A38: Readings | B38: =B37-B7 -> -671054 | C38: =C37-C7 -> -752767 | D38: =D37-D7 -> -0.3 | E38: =E37-E7 -> -10822.5 | F38: =F37-F7 -> -2068.68 | G38: =G37-G7 -> -18624.79 | H38: =H37-H7 -> -14528 | I38: =I37-I7 -> -92576 | ... K38: =K37-K7 -> 0
H39: =H38*219.969 -> -3195709.6 | I39: =I38*219.969 -> -20363850
