Workbook

Sheet TOTAL
A1: Site Name | B1: Day | C1: Month | D1: Year | E1: Total Electricity Kwh | F1: Electricity Tariff ($/Kwh) | G1: LPG (Kg) | H1: LPG $/Kg | I1: District Energy Heating Kwh | J1: District Energy Heating $/Kwh | K1: Water Utility Supply (m3) m3 | L1: Water Utility Supply (m3) $/m3 | M1: Room Nights | N1: Total Guests | O1: Utilities day cost dh
A2: Marrakech | B2: 1 | C2: 4 | D2: 2020 | E2: ='Consommation du 01.04 au 30.04'!M10 -> 3787 | F2: 1.002 | G2: ='Consommation du 01.04 au 30.04'!U10 -> 111.3 | H2: 7.8338 | I2: ='Consommation du 01.04 au 30.04'!Y10*1000 -> 0 | J2: 0.53 | K2: ='Consommation du 01.04 au 30.04'!D10 -> 350 | L2: 12.67 | M2: ='Consommation du 01.04 au 30.04'!AC10 -> 0 | N2: 0 | O2: =E2*F2+G2*H2+I2*J2+K2*L2 -> 9100.9759
A3: Marrakech | B3: =B2+1 -> 2 | C3: 4 | D3: 2020 | E3: ='Consommation du 01.04 au 30.04'!M11 -> 3639 | F3: 1.002 | G3: ='Consommation du 01.04 au 30.04'!U11 -> 111.3 | H3: 7.8338 | I3: ='Consommation du 01.04 au 30.04'!Y11*1000 -> 0 | J3: 0.53 | K3: ='Consommation du 01.04 au 30.04'!D11 -> 350 | L3: 12.67 | M3: ='Consommation du 01.04 au 30.04'!AC11 -> 0 | N3: 0 | O3: =E3*F3+G3*H3+I3*J3+K3*L3 -> 8952.6799
A4: Marrakech | B4: =B3+1 -> 3 | C4: 4 | D4: 2020 | E4: ='Consommation du 01.04 au 30.04'!M12 -> 3459 | F4: 1.002 | G4: ='Consommation du 01.04 au 30.04'!U12 -> 74.2 | H4: 7.8338 | I4: ='Consommation du 01.04 au 30.04'!Y12*1000 -> 0 | J4: 0.53 | K4: ='Consommation du 01.04 au 30.04'!D12 -> 320 | L4: 12.67 | M4: ='Consommation du 01.04 au 30.04'!AC12 -> 0 | N4: 0 | O4: =E4*F4+G4*H4+I4*J4+K4*L4 -> 8101.586
A5: Marrakech | B5: =B4+1 -> 4 | C5: 4 | D5: 2020 | E5: ='Consommation du 01.04 au 30.04'!M13 -> 3532 | F5: 1.002 | G5: ='Consommation du 01.04 au 30.04'!U13 -> 74.2 | H5: 7.8338 | I5: ='Consommation du 01.04 au 30.04'!Y13*1000 -> 0 | J5: 0.53 | K5: ='Consommation du 01.04 au 30.04'!D13 -> 340 | L5: 12.67 | M5: ='Consommation du 01.04 au 30.04'!AC13 -> 0 | N5: 0 | O5: =E5*F5+G5*H5+I5*J5+K5*L5 -> 8428.132
A6: Marrakech | B6: =B5+1 -> 5 | C6: 4 | D6: 2020 | E6: ='Consommation du 01.04 au 30.04'!M14 -> 3566 | F6: 1.002 | G6: ='Consommation du 01.04 au 30.04'!U14 -> 37.1 | H6: 7.8338 | I6: ='Consommation du 01.04 au 30.04'!Y14*1000 -> 0 | J6: 0.53 | K6: ='Consommation du 01.04 au 30.04'!D14 -> 350 | L6: 12.67 | M6: ='Consommation du 01.04 au 30.04'!AC14 -> 0 | N6: 0 | O6: =E6*F6+G6*H6+I6*J6+K6*L6 -> 8298.266
A7: Marrakech | B7: =B6+1 -> 6 | C7: 4 | D7: 2020 | E7: ='Consommation du 01.04 au 30.04'!M15 -> 3821 | F7: 1.002 | G7: ='Consommation du 01.04 au 30.04'!U15 -> -37.1 | H7: 7.8338 | I7: ='Consommation du 01.04 au 30.04'!Y15*1000 -> 0 | J7: 0.53 | K7: ='Consommation du 01.04 au 30.04'!D15 -> 330 | L7: 12.67 | M7: ='Consommation du 01.04 au 30.04'!AC15 -> 0 | N7: 0 | O7: =E7*F7+G7*H7+I7*J7+K7*L7 -> 7719.108
A8: Marrakech | B8: =B7+1 -> 7 | C8: 4 | D8: 2020 | E8: ='Consommation du 01.04 au 30.04'!M16 -> 3342 | F8: 1.002 | G8: ='Consommation du 01.04 au 30.04'!U16 -> 37.1 | H8: 7.8338 | I8: ='Consommation du 01.04 au 30.04'!Y16*1000 -> 0 | J8: 0.53 | K8: ='Consommation du 01.04 au 30.04'!D16 -> 190 | L8: 12.67 | M8: ='Consommation du 01.04 au 30.04'!AC16 -> 0 | N8: 0 | O8: =E8*F8+G8*H8+I8*J8+K8*L8 -> 6046.618
A9: Marrakech | B9: =B8+1 -> 8 | C9: 4 | D9: 2020 | E9: ='Consommation du 01.04 au 30.04'!M17 -> 3653 | F9: 1.002 | G9: ='Consommation du 01.04 au 30.04'!U17 -> 37.1 | H9: 7.8338 | I9: ='Consommation du 01.04 au 30.04'!Y17*1000 -> 0 | J9: 0.53 | K9: ='Consommation du 01.04 au 30.04'!D17 -> 170 | L9: 12.67 | M9: ='Consommation du 01.04 au 30.04'!AC17 -> 0 | N9: 0 | O9: =E9*F9+G9*H9+I9*J9+K9*L9 -> 6104.84
A10: Marrakech | B10: =B9+1 -> 9 | C10: 4 | D10: 2020 | E10: ='Consommation du 01.04 au 30.04'!M18 -> 3452 | F10: 1.002 | G10: ='Consommation du 01.04 au 30.04'!U18 -> 37.1 | H10: 7.8338 | I10: ='Consommation du 01.04 au 30.04'!Y18*1000 -> 0 | J10: 0.53 | K10: ='Consommation du 01.04 au 30.04'!D18 -> 160 | L10: 12.67 | M10: ='Consommation du 01.04 au 30.04'!AC18 -> 0 | N10: 0 | O10: =E10*F10+G10*H10+I10*J10+K10*L10 -> 5776.738
A11: Marrakech | B11: =B10+1 -> 10 | C11: 4 | D11: 2020 | E11: ='Consommation du 01.04 au 30.04'!M19 -> 3625 | F11: 1.002 | G11: ='Consommation du 01.04 au 30.04'!U19 -> 0 | H11: 7.8338 | I11: ='Consommation du 01.04 au 30.04'!Y19*1000 -> 0 | J11: 0.53 | K11: ='Consommation du 01.04 au 30.04'!D19 -> 160 | L11: 12.67 | M11: ='Consommation du 01.04 au 30.04'!AC19 -> 0 | N11: 0 | O11: =E11*F11+G11*H11+I11*J11+K11*L11 -> 5659.45
A12: Marrakech | B12: =B11+1 -> 11 | C12: 4 | D12: 2020 | E12: ='Consommation du 01.04 au 30.04'!M20 -> 3329 | F12: 1.002 | G12: ='Consommation du 01.04 au 30.04'!U20 -> 0 | H12: 7.8338 | I12: ='Consommation du 01.04 au 30.04'!Y20*1000 -> 0 | J12: 0.53 | K12: ='Consommation du 01.04 au 30.04'!D20 -> 160 | L12: 12.67 | M12: ='Consommation du 01.04 au 30.04'!AC20 -> 0 | N12: 0 | O12: =E12*F12+G12*H12+I12*J12+K12*L12 -> 5362.858
A13: Marrakech | B13: =B12+1 -> 12 | C13: 4 | D13: 2020 | E13: ='Consommation du 01.04 au 30.04'!M21 -> 3430 | F13: 1.002 | G13: ='Consommation du 01.04 au 30.04'!U21 -> 0 | H13: 7.8338 | I13: ='Consommation du 01.04 au 30.04'!Y21*1000 -> 0 | J13: 0.53 | K13: ='Consommation du 01.04 au 30.04'!D21 -> 160 | L13: 12.67 | M13: ='Consommation du 01.04 au 30.04'!AC21 -> 0 | N13: 0 | O13: =E13*F13+G13*H13+I13*J13+K13*L13 -> 5464.06
A14: Marrakech | B14: =B13+1 -> 13 | C14: 4 | D14: 2020 | E14: ='Consommation du 01.04 au 30.04'!M22 -> 3397 | F14: 1.002 | G14: ='Consommation du 01.04 au 30.04'!U22 -> 0 | H14: 7.8338 | I14: ='Consommation du 01.04 au 30.04'!Y22*1000 -> 0 | J14: 0.53 | K14: ='Consommation du 01.04 au 30.04'!D22 -> 150 | L14: 12.67 | M14: ='Consommation du 01.04 au 30.04'!AC22 -> 0 | N14: 0 | O14: =E14*F14+G14*H14+I14*J14+K14*L14 -> 5304.294
... A29: Marrakech | B29: =B28+1 -> 28 | C29: 4 | D29: 2020 | E29: ='Consommation du 01.04 au 30.04'!M37 -> 2780 | F29: 1.002 | G29: ='Consommation du 01.04 au 30.04'!U37 -> 0 | H29: 7.8338 | I29: ='Consommation du 01.04 au 30.04'!Y37*1000 -> 0 | J29: 0.53 | K29: ='Consommation du 01.04 au 30.04'!D37 -> 110 | L29: 12.67 | M29: ='Consommation du 01.04 au 30.04'!AC37 -> 0 | N29: 0 | O29: =E29*F29+G29*H29+I29*J29+K29*L29 -> 4179.26
A30: Marrakech | B30: =B29+1 -> 29 | C30: 4 | D30: 2020 | E30: ='Consommation du 01.04 au 30.04'!M38 -> 3154 | F30: 1.002 | G30: ='Consommation du 01.04 au 30.04'!U38 -> 0 | H30: 7.8338 | I30: ='Consommation du 01.04 au 30.04'!Y38*1000 -> 0 | J30: 0.53 | K30: ='Consommation du 01.04 au 30.04'!D38 -> 140 | L30: 12.67 | M30: ='Consommation du 01.04 au 30.04'!AC38 -> 0 | N30: 0
A31: Marrakech | B31: =B30+1 -> 30 | C31: 4 | D31: 2020 | E31: ='Consommation du 01.04 au 30.04'!M39 -> 0 | F31: 1.002 | G31: ='Consommation du 01.04 au 30.04'!U39 -> 0 | H31: 7.8338 | I31: ='Consommation du 01.04 au 30.04'!Y39*1000 -> 0 | J31: 0.53 | K31: ='Consommation du 01.04 au 30.04'!D39 -> 0 | L31: 12.67 | M31: ='Consommation du 01.04 au 30.04'!AC39 -> 0

Sheet Consommation du 01.04 au 30.04
B8: Date | D8: Cons Eau/Hotel | F8: Consommation du jour en DH | J8: ELECTRICITE en KWH | M8: total | O8: Consommation du jour en DH | Q8: Cons Elec/Villa | S8: Cons Elec/RIAD | U8: GAZ en Kg | W8: Consommation du jour en DH | AB8: Temp moyenne du jour °C | AC8: Room Nights | AD8: % Occupation | AE8: Temp Piscine Adulte à 7h00 °C | AF8: Temp Piscine Adulte à 15h00 °C | AG8: Temp Piscine famille à 07h00 ° C | AH8: Temp Piscine famille à 15h00 ° C
J9: creuse 81 | K9: pleine 82 | L9: pointe 83 | X9: Compteur AVEO Mwh | Y9: consommation eau choud en Mwh | Z9: consommation du jour en DH
B10: 43922 | D10: ='Suivi EAU-ELEC'!C16 -> 350 | F10: =D10*12.67 -> 4434.5 | J10: ='Suivi EAU-ELEC'!E16 -> 1178 | K10: ='Suivi EAU-ELEC'!G16 -> 1872 | L10: ='Suivi EAU-ELEC'!I16 -> 737 | M10: =L10+K10+J10 -> 3787 | O10: =M10*1.002 -> 3794.574 | U10: ='Suvi Gaz'!O11 -> 111.3 | W10: =U10*7.8338 -> 871.90194 | X10: 17028.32 | Y10: =IF(X11<X10,0,X11-X10) -> 0 | Z10: =Y10*0.53*1000 -> 0 | AB10: 19 | AC10: 0 | AD10: 0 | AE10: ar | AF10: ar | AG10: ar | AH10: ar
B11: =B10+1 -> 43923 | D11: ='Suivi EAU-ELEC'!C17 -> 350 | F11: =D11*12.67 -> 4434.5 | J11: ='Suivi EAU-ELEC'!E17 -> 1176 | K11: ='Suivi EAU-ELEC'!G17 -> 1718 | L11: ='Suivi EAU-ELEC'!I17 -> 745 | M11: =L11+K11+J11 -> 3639 | O11: =M11*1.002 -> 3646.278 | U11: ='Suvi Gaz'!O12 -> 111.3 | W11: =U11*7.8338 -> 871.90194 | X11: 17028.32 | Y11: =IF(X12<X11,0,X12-X11) -> 0 | Z11: =Y11*0.53*1000 -> 0 | AB11: 16 | AC11: 0 | AD11: 0 | AE11: ar | AF11: ar | AG11: ar | AH11: ar
B12: =B11+1 -> 43924 | D12: ='Suivi EAU-ELEC'!C18 -> 320 | F12: =D12*12.67 -> 4054.4 | J12: ='Suivi EAU-ELEC'!E18 -> 1078 | K12: ='Suivi EAU-ELEC'!G18 -> 1619 | L12: ='Suivi EAU-ELEC'!I18 -> 762 | M12: =L12+K12+J12 -> 3459 | O12: =M12*1.002 -> 3465.918 | U12: ='Suvi Gaz'!O13 -> 74.2 | W12: =U12*7.8338 -> 581.26796 | X12: 17028.32 | Y12: =IF(X13<X12,0,X13-X12) -> 0 | Z12: =Y12*0.53*1000 -> 0 | AB12: 21 | AC12: 0 | AD12: 0 | AE12: ar | AF12: ar | AG12: ar | AH12: ar
B13: =B12+1 -> 43925 | D13: ='Suivi EAU-ELEC'!C19 -> 340 | F13: =D13*12.67 -> 4307.8 | J13: ='Suivi EAU-ELEC'!E19 -> 1143 | K13: ='Suivi EAU-ELEC'!G19 -> 1688 | L13: ='Suivi EAU-ELEC'!I19 -> 701 | M13: =L13+K13+J13 -> 3532 | O13: =M13*1.002 -> 3539.064 | U13: ='Suvi Gaz'!O14 -> 74.2 | W13: =U13*7.8338 -> 581.26796 | X13: 17028.32 | Y13: =IF(X14<X13,0,X14-X13) -> 0 | Z13: =Y13*0.53*1000 -> 0 | AB13: 22 | AC13: 0 | AD13: 0 | AE13: ar | AF13: ar | AG13: ar | AH13: ar
B14: =B13+1 -> 43926 | D14: ='Suivi EAU-ELEC'!C20 -> 350 | F14: =D14*12.67 -> 4434.5 | J14: ='Suivi EAU-ELEC'!E20 -> 1129 | K14: ='Suivi EAU-ELEC'!G20 -> 1682 | L14: ='Suivi EAU-ELEC'!I20 -> 755 | M14: =L14+K14+J14 -> 3566 | O14: =M14*1.002 -> 3573.132 | U14: ='Suvi Gaz'!O15 -> 37.1 | W14: =U14*7.8338 -> 290.63398 | X14: 17028.32 | Y14: =IF(X15<X14,0,X15-X14) -> 0 | Z14: =Y14*0.53*1000 -> 0 | AB14: 23 | AC14: 0 | AD14: 0 | AE14: ar | AF14: ar | AG14: ar | AH14: ar
B15: =B14+1 -> 43927 | D15: ='Suivi EAU-ELEC'!C21 -> 330 | F15: =D15*12.67 -> 4181.1 | J15: ='Suivi EAU-ELEC'!E21 -> 1243 | K15: ='Suivi EAU-ELEC'!G21 -> 1791 | L15: ='Suivi EAU-ELEC'!I21 -> 787 | M15: =L15+K15+J15 -> 3821 | O15: =M15*1.002 -> 3828.642 | U15: ='Suvi Gaz'!O16 -> -37.1 | W15: =U15*7.8338 -> -290.63398 | X15: 17028.32 | Y15: =IF(X16<X15,0,X16-X15) -> 0 | Z15: =Y15*0.53*1000 -> 0 | AB15: 24 | AC15: 0 | AD15: 0 | AE15: ar | AF15: ar | AG15: ar | AH15: ar
B16: =B15+1 -> 43928 | D16: ='Suivi EAU-ELEC'!C22 -> 190 | F16: =D16*12.67 -> 2407.3 | J16: ='Suivi EAU-ELEC'!E22 -> 1056 | K16: ='Suivi EAU-ELEC'!G22 -> 1628 | L16: ='Suivi EAU-ELEC'!I22 -> 658 | M16: =L16+K16+J16 -> 3342 | O16: =M16*1.002 -> 3348.684 | U16: ='Suvi Gaz'!O17 -> 37.1 | W16: =U16*7.8338 -> 290.63398 | X16: 17028.32 | Y16: =IF(X17<X16,0,X17-X16) -> 0 | Z16: =Y16*0.53*1000 -> 0 | AB16: 27 | AC16: 0 | AD16: 0 | AE16: ar | AF16: ar | AG16: ar | AH16: ar
B17: =B16+1 -> 43929 | D17: ='Suivi EAU-ELEC'!C23 -> 170 | F17: =D17*12.67 -> 2153.9 | J17: ='Suivi EAU-ELEC'!E23 -> 1204 | K17: ='Suivi EAU-ELEC'!G23 -> 1697 | L17: ='Suivi EAU-ELEC'!I23 -> 752 | M17: =L17+K17+J17 -> 3653 | O17: =M17*1.002 -> 3660.306 | U17: ='Suvi Gaz'!O18 -> 37.1 | W17: =U17*7.8338 -> 290.63398 | X17: 17028.32 | Y17: =IF(X18<X17,0,X18-X17) -> 0 | Z17: =Y17*0.53*1000 -> 0 | AB17: 30 | AC17: 0 | AD17: 0 | AE17: ar | AF17: ar | AG17: ar | AH17: ar
B18: =B17+1 -> 43930 | D18: ='Suivi EAU-ELEC'!C24 -> 160 | F18: =D18*12.67 -> 2027.2 | J18: ='Suivi EAU-ELEC'!E24 -> 1027 | K18: ='Suivi EAU-ELEC'!G24 -> 1663 | L18: ='Suivi EAU-ELEC'!I24 -> 762 | M18: =L18+K18+J18 -> 3452 | O18: =M18*1.002 -> 3458.904 | U18: ='Suvi Gaz'!O19 -> 37.1 | W18: =U18*7.8338 -> 290.63398 | X18: 17028.32 | Y18: =IF(X19<X18,0,X19-X18) -> 0 | Z18: =Y18*0.53*1000 -> 0 | AB18: 26 | AC18: 0 | AD18: 0 | AE18: ar | AF18: ar | AG18: ar | AH18: ar
B19: =B18+1 -> 43931 | D19: ='Suivi EAU-ELEC'!C25 -> 160 | F19: =D19*12.67 -> 2027.2 | J19: ='Suivi EAU-ELEC'!E25 -> 1162 | K19: ='Suivi EAU-ELEC'!G25 -> 1707 | L19: ='Suivi EAU-ELEC'!I25 -> 756 | M19: =L19+K19+J19 -> 3625 | O19: =M19*1.002 -> 3632.25 | U19: ='Suvi Gaz'!O20 -> 0 | W19: =U19*7.8338 -> 0 | X19: 17028.32 | Y19: =IF(X20<X19,0,X20-X19) -> 0 | Z19: =Y19*0.53*1000 -> 0 | AB19: 24 | AC19: 0 | AD19: 0 | AE19: ar | AF19: ar | AG19: ar | AH19: ar
B20: =B19+1 -> 43932 | D20: ='Suivi EAU-ELEC'!C26 -> 160 | F20: =D20*12.67 -> 2027.2 | J20: ='Suivi EAU-ELEC'!E26 -> 1093 | K20: ='Suivi EAU-ELEC'!G26 -> 1571 | L20: ='Suivi EAU-ELEC'!I26 -> 665 | M20: =L20+K20+J20 -> 3329 | O20: =M20*1.002 -> 3335.658 | U20: ='Suvi Gaz'!O21 -> 0 | W20: =U20*7.8338 -> 0 | X20: 17028.32 | Y20: =IF(X21<X20,0,X21-X20) -> 0 | Z20: =Y20*0.53*1000 -> 0 | AA20: 14 | AB20: 22 | AC20: 0 | AD20: 0 | AE20: ar | AF20: ar | AG20: ar | AH20: ar
B21: =B20+1 -> 43933 | D21: ='Suivi EAU-ELEC'!C27 -> 160 | F21: =D21*12.67 -> 2027.2 | J21: ='Suivi EAU-ELEC'!E27 -> 1078 | K21: ='Suivi EAU-ELEC'!G27 -> 1627 | L21: ='Suivi EAU-ELEC'!I27 -> 725 | M21: =L21+K21+J21 -> 3430 | O21: =M21*1.002 -> 3436.86 | U21: ='Suvi Gaz'!O22 -> 0 | W21: =U21*7.8338 -> 0 | X21: 17028.32 | Y21: =IF(X22<X21,0,X22-X21) -> 0 | Z21: =Y21*0.53*1000 -> 0 | AA21: 14 | AB21: 20 | AC21: 0 | AD21: 0 | AE21: ar | AF21: ar | AG21: ar | AH21: ar
B22: =B21+1 -> 43934 | D22: ='Suivi EAU-ELEC'!C28 -> 150 | F22: =D22*12.67 -> 1900.5 | J22: ='Suivi EAU-ELEC'!E28 -> 1070 | K22: ='Suivi EAU-ELEC'!G28 -> 1619 | L22: ='Suivi EAU-ELEC'!I28 -> 708 | M22: =L22+K22+J22 -> 3397 | O22: =M22*1.002 -> 3403.794 | U22: ='Suvi Gaz'!O23 -> 0 | W22: =U22*7.8338 -> 0 | X22: 17028.32 | Y22: =IF(X23<X22,0,X23-X22) -> 0 | Z22: =Y22*0.53*1000 -> 0 | AB22: 18 | AC22: 0 | AD22: 0 | AE22: ar | AF22: ar | AG22: ar | AH22: ar
B23: =B22+1 -> 43935 | D23: ='Suivi EAU-ELEC'!C29 -> 150 | F23: =D23*12.67 -> 1900.5 | J23: ='Suivi EAU-ELEC'!E29 -> 1061 | K23: ='Suivi EAU-ELEC'!G29 -> 1684 | L23: ='Suivi EAU-ELEC'!I29 -> 674 | M23: =L23+K23+J23 -> 3419 | O23: =M23*1.002 -> 3425.838 | U23: ='Suvi Gaz'!O24 -> 0 | W23: =U23*7.8338 -> 0 | X23: 17028.32 | Y23: =IF(X24<X23,0,X24-X23) -> 0 | Z23: =Y23*0.53*1000 -> 0 | AB23: 21 | AC23: 0 | AD23: 0 | AE23: ar | AF23: ar | AG23: ar | AH23: ar
B24: =B23+1 -> 43936 | D24: ='Suivi EAU-ELEC'!C30 -> 190 | F24: =D24*12.67 -> 2407.3 | J24: ='Suivi EAU-ELEC'!E30 -> 1081 | K24: ='Suivi EAU-ELEC'!G30 -> 1572 | L24: ='Suivi EAU-ELEC'!I30 -> 671 | M24: =L24+K24+J24 -> 3324 | O24: =M24*1.002 -> 3330.648 | U24: ='Suvi Gaz'!O25 -> 0 | W24: =U24*7.8338 -> 0 | X24: 17028.32 | Y24: =IF(X25<X24,0,X25-X24) -> 0 | Z24: =Y24*0.53*1000 -> 0 | AB24: 22 | AC24: 0 | AD24: 0 | AE24: ar | AF24: ar | AG24: ar | AH24: ar
B25: =B24+1 -> 43937 | D25: ='Suivi EAU-ELEC'!C31 -> 200 | F25: =D25*12.67 -> 2534 | J25: ='Suivi EAU-ELEC'!E31 -> 1124 | K25: ='Suivi EAU-ELEC'!G31 -> 1546 | L25: ='Suivi EAU-ELEC'!I31 -> 692 | M25: =L25+K25+J25 -> 3362 | O25: =M25*1.002 -> 3368.724 | U25: ='Suvi Gaz'!O26 -> 0 | W25: =U25*7.8338 -> 0 | X25: 17028.32 | Y25: =IF(X26<X25,0,X26-X25) -> 0 | Z25: =Y25*0.53*1000 -> 0 | AB25: 24 | AC25: 0 | AD25: 0 | AE25: ar | AF25: ar | AG25: ar | AH25: ar
B26: =B25+1 -> 43938 | D26: ='Suivi EAU-ELEC'!C32 -> 200 | F26: =D26*12.67 -> 2534 | J26: ='Suivi EAU-ELEC'!E32 -> 979 | K26: ='Suivi EAU-ELEC'!G32 -> 1620 | L26: ='Suivi EAU-ELEC'!I32 -> 689 | M26: =L26+K26+J26 -> 3288 | O26: =M26*1.002 -> 3294.576 | U26: ='Suvi Gaz'!O27 -> 0 | W26: =U26*7.8338 -> 0 | X26: 17028.32 | Y26: =IF(X27<X26,0,X27-X26) -> 0 | Z26: =Y26*0.53*1000 -> 0 | AB26: 22 | AC26: 0 | AD26: 0 | AE26: ar | AF26: ar | AG26: ar | AH26: ar
B27: =B26+1 -> 43939 | D27: ='Suivi EAU-ELEC'!C33 -> 230 | F27: =D27*12.67 -> 2914.1 | J27: ='Suivi EAU-ELEC'!E33 -> 1107 | K27: ='Suivi EAU-ELEC'!G33 -> 1526 | L27: ='Suivi EAU-ELEC'!I33 -> 673 | M27: =L27+K27+J27 -> 3306 | O27: =M27*1.002 -> 3312.612 | U27: ='Suvi Gaz'!O28 -> 37.1 | W27: =U27*7.8338 -> 290.63398 | X27: 17028.32 | Y27: =IF(X28<X27,0,X28-X27) -> 0 | Z27: =Y27*0.53*1000 -> 0 | AB27: 24 | AC27: 0 | AD27: 0 | AE27: ar | AF27: ar | AG27: ar | AH27: ar
B28: =B27+1 -> 43940 | D28: ='Suivi EAU-ELEC'!C34 -> 230 | F28: =D28*12.67 -> 2914.1 | J28: ='Suivi EAU-ELEC'!E34 -> 859 | K28: ='Suivi EAU-ELEC'!G34 -> 1431 | L28: ='Suivi EAU-ELEC'!I34 -> 590 | M28: =L28+K28+J28 -> 2880 | O28: =M28*1.002 -> 2885.76 | U28: ='Suvi Gaz'!O29 -> 0 | W28: =U28*7.8338 -> 0 | X28: 17028.32 | Y28: =IF(X29<X28,0,X29-X28) -> 0 | Z28: =Y28*0.53*1000 -> 0 | AB28: 19 | AC28: 0 | AD28: 0 | AE28: ar | AF28: ar | AG28: ar | AH28: ar
B29: =B28+1 -> 43941 | D29: ='Suivi EAU-ELEC'!C35 -> 300 | F29: =D29*12.67 -> 3801 | J29: ='Suivi EAU-ELEC'!E35 -> 962 | K29: ='Suivi EAU-ELEC'!G35 -> 1405 | L29: ='Suivi EAU-ELEC'!I35 -> 630 | M29: =L29+K29+J29 -> 2997 | O29: =M29*1.002 -> 3002.994 | U29: ='Suvi Gaz'!O30 -> 0 | W29: =U29*7.8338 -> 0 | X29: 17028.32 | Y29: =IF(X30<X29,0,X30-X29) -> 0 | Z29: =Y29*0.53*1000 -> 0 | AB29: 21 | AC29: 0 | AD29: 0 | AE29: ar | AF29: ar | AG29: ar | AH29: ar
B30: =B29+1 -> 43942 | D30: ='Suivi EAU-ELEC'!C36 -> 160 | F30: =D30*12.67 -> 2027.2 | J30: ='Suivi EAU-ELEC'!E36 -> 994 | K30: ='Suivi EAU-ELEC'!G36 -> 1457 | L30: ='Suivi EAU-ELEC'!I36 -> 616 | M30: =L30+K30+J30 -> 3067 | O30: =M30*1.002 -> 3073.134 | U30: ='Suvi Gaz'!O31 -> 0 | W30: =U30*7.8338 -> 0 | X30: 17028.32 | Y30: =IF(X31<X30,0,X31-X30) -> 0 | Z30: =Y30*0.53*1000 -> 0 | AB30: 19 | AC30: 0 | AD30: 0 | AE30: ar | AF30: ar | AG30: ar | AH30: ar
B31: =B30+1 -> 43943 | D31: ='Suivi EAU-ELEC'!C37 -> 120 | F31: =D31*12.67 -> 1520.4 | J31: ='Suivi EAU-ELEC'!E37 -> 942 | K31: ='Suivi EAU-ELEC'!G37 -> 1604 | L31: ='Suivi EAU-ELEC'!I37 -> 603 | M31: =L31+K31+J31 -> 3149 | O31: =M31*1.002 -> 3155.298 | U31: ='Suvi Gaz'!O32 -> 0 | W31: =U31*7.8338 -> 0 | X31: 17028.32 | Y31: =IF(X32<X31,0,X32-X31) -> 0 | Z31: =Y31*0.53*1000 -> 0 | AB31: 22 | AC31: 0 | AD31: 0 | AE31: ar | AF31: ar | AG31: ar | AH31: ar
B32: =B31+1 -> 43944 | D32: ='Suivi EAU-ELEC'!C38 -> 130 | F32: =D32*12.67 -> 1647.1 | J32: ='Suivi EAU-ELEC'!E38 -> 1101 | K32: ='Suivi EAU-ELEC'!G38 -> 1602 | L32: ='Suivi EAU-ELEC'!I38 -> 691 | M32: =L32+K32+J32 -> 3394 | O32: =M32*1.002 -> 3400.788 | U32: ='Suvi Gaz'!O33 -> 0 | W32: =U32*7.8338 -> 0 | X32: 17028.32 | Y32: =IF(X33<X32,0,X33-X32) -> 0 | Z32: =Y32*0.53*1000 -> 0 | AB32: 21 | AC32: 0 | AD32: 0 | AE32: ar | AF32: ar | AG32: ar | AH32: ar
B33: =B32+1 -> 43945 | D33: ='Suivi EAU-ELEC'!C39 -> 120 | F33: =D33*12.67 -> 1520.4 | J33: ='Suivi EAU-ELEC'!E39 -> 886 | K33: ='Suivi EAU-ELEC'!G39 -> 1528 | L33: ='Suivi EAU-ELEC'!I39 -> 621 | M33: =L33+K33+J33 -> 3035 | O33: =M33*1.002 -> 3041.07 | U33: ='Suvi Gaz'!O34 -> 0 | W33: =U33*7.8338 -> 0 | X33: 17028.32 | Y33: =IF(X34<X33,0,X34-X33) -> 0 | Z33: =Y33*0.53*1000 -> 0 | AB33: 17 | AC33: 0 | AD33: 0 | AE33: ar | AF33: ar | AG33: ar | AH33: ar
... B38: =B37+1 -> 43950 | D38: ='Suivi EAU-ELEC'!C44 -> 140 | F38: =D38*12.67 -> 1773.8 | J38: ='Suivi EAU-ELEC'!E44 -> 1054 | K38: ='Suivi EAU-ELEC'!G44 -> 1434 | L38: ='Suivi EAU-ELEC'!I44 -> 666 | M38: =L38+K38+J38 -> 3154 | O38: =M38*1.002 -> 3160.308 | U38: ='Suvi Gaz'!O39 -> 0 | W38: =U38*7.8338 -> 0 | X38: 17028.32 | Y38: =IF(X39<X38,0,X39-X38) -> 0 | Z38: =Y38*0.53*1000 -> 0 | AB38: 22 | AC38: 0 | AD38: 0 | AE38: ar | AF38: ar | AG38: ar | AH38: ar
B39: =B38+1 -> 43951 | D39: ='Suivi EAU-ELEC'!C45 -> 0 | F39: =D39*12.67 -> 0 | J39: ='Suivi EAU-ELEC'!E45 -> 0 | K39: ='Suivi EAU-ELEC'!G45 -> 0 | L39: ='Suivi EAU-ELEC'!I45 -> 0 | M39: =L39+K39+J39 -> 0 | O39: =M39*1.002 -> 0 | U39: ='Suvi Gaz'!O40 -> 0 | W39: =U39*7.8338 -> 0 | X39: 17028.32 | Y39: =IF(X40<X39,0,X40-X39) -> 0 | Z39: =Y39*0.53*1000 -> 0
B40: =B39+1 -> 43952 | D40: ='Suivi EAU-ELEC'!C46 -> 0 | F40: =D40*12.67 -> 0 | J40: ='Suivi EAU-ELEC'!E46 -> 0 | K40: ='Suivi EAU-ELEC'!G46 -> 0 | L40: ='Suivi EAU-ELEC'!I46 -> 0 | M40: =L40+K40+J40 -> 0 | O40: =M40*1.002 -> 0 | U40: ='Suvi Gaz'!O41 -> 0 | W40: =U40*7.8338 -> 0 | Y40: =IF(X41<X40,0,X41-X40) -> 0 | Z40: =Y40*0.53*1000 -> 0
D41: =SUM(D10:D39) -> 5830 | F41: =SUM(F10:H39) -> 73866.1 | J41: =SUM(J10:J39) -> 30465 | K41: =SUM(K10:K39) -> 45524 | L41: =SUM(L10:L39) -> 19582 | M41: =SUM(M10:M39) -> 95571 | O41: 338168 | S41: =SUM(S10:S40) -> 0 | U41: =SUM(U10:U39) -> 556.5 | W41: =SUM(W10:W39) -> 4359.5097 | Y41: =SUM(Y10:Y39) -> 0 | Z41: =SUM(Z10:Z39) -> 0
A43: ELECTRICITE / Kw/h | D43: creuse 81 | F43: 1.002 | G43: =J41 -> 30465 | J43: =G43*F43 -> 30525.93 | L43: =J43+J44+J45 -> 95762.142
D44: pleine 82 | F44: 1.002 | G44: =K41 -> 45524 | J44: =G44*F44 -> 45615.048
D45: pointe 83 | F45: 1.002 | G45: =L41 -> 19582 | J45: =G45*F45 -> 19621.164
A46: EAU HOTEL M3 | F46: 12.67 | G46: =D41 -> 5830 | J46: =G46*F46 -> 73866.1 | L46: =J46 -> 73866.1
A47: GAZ Kg | F47: 7.8338 | G47: =U41 -> 556.5 | J47: =G47*F47 -> 4359.5097 | L47: =J47 -> 4359.5097

Sheet Suvi Gaz
D1: suivi Gaz
Q2: 803 | T2: 519 | W2: 800 | Z2: 802
B3: Relvé C1 | C3: cons C1 | D3: Relvé C2 | E3: cons C2 | F3: Relvé C3 | G3: cons C3 | H3: Relvé C4 | I3: cons C4 | J3: ∑ des relevés | K3: moyen general % | L3: con.j | M3: ∑ de volume en L | N3: cons./jen L | O3: cons./jen Kg | P3: cons./jen DH | Q3: livraison C1 | R3: %Avant | S3: % Après | T3: livraison C2 | U3: %Avant | V3: % Après | W3: livraison C3 | X3: %Avant | Y3: % Après | Z3: livraison C4 | AA3: %Avant | AB3: % Après | AC3: total livraison | AD3: moyen general % Avant L | AE3: moyen general % Aaprés L
A4: 43915 | B4: 85 | C4: =IF(AC4>0,((B4-R4)+(S4-B5)),IF(B5=0, ,(B4-B5))) -> 0 | D4: 85 | E4: =IF(AC4>0,((D4-U4)+(V4-D5)),IF(D5=0, ,(D4-D5))) -> 0 | F4: 82 | G4: =IF(AC4>0,((F4-X4)+(Y4-F5)),IF(F5=0, ,(F4-F5))) -> 0 | H4: 84 | I4: =IF(AC4>0,((H4-AA4)+(AB4-H5)),IF(H5=0, ,(H4-H5))) -> 1 | J4: =B4+D4+F4+H4 -> 336 | K4: =J4/4 -> 84 | L4: =IF(AC4>0,((K4-AD4)+(AE4-K5)),IF(K5=0, ,(K4-K5))) -> 0.25 | M4: =7000*4 -> 28000 | N4: =L4*M4/100 -> 70 | O4: =N4*0.53 -> 37.1 | P4: =O4*8.39 -> 311.269 | AC4: =Q4+T4+W4+Z4 -> 0 | AD4: =(R4+U4+X4+AA4)/4 -> 0 | AE4: =(S4+V4+Y4+AB4)/4 -> 0
A5: =(A4+1) -> 43916 | B5: 85 | C5: =IF(AC5>0,((B5-R5)+(S5-B6)),IF(B6=0, ,(B5-B6))) -> 2 | D5: 85 | E5: =IF(AC5>0,((D5-U5)+(V5-D6)),IF(D6=0, ,(D5-D6))) -> 0 | F5: 82 | G5: =IF(AC5>0,((F5-X5)+(Y5-F6)),IF(F6=0, ,(F5-F6))) -> 0 | H5: 83 | I5: =IF(AC5>0,((H5-AA5)+(AB5-H6)),IF(H6=0, ,(H5-H6))) -> 0 | J5: =B5+D5+F5+H5 -> 335 | K5: =J5/4 -> 83.75 | L5: =IF(AC5>0,((K5-AD5)+(AE5-K6)),IF(K6=0, ,(K5-K6))) -> 0.5 | M5: =7000*4 -> 28000 | N5: =L5*M5/100 -> 140 | O5: =N5*0.53 -> 74.2 | P5: =O5*8.39 -> 622.538 | AC5: =Q5+T5+W5+Z5 -> 0 | AD5: =(R5+U5+X5+AA5)/4 -> 0 | AE5: =(S5+V5+Y5+AB5)/4 -> 0
A6: =(A5+1) -> 43917 | B6: 83 | C6: =IF(AC6>0,((B6-R6)+(S6-B7)),IF(B7=0, ,(B6-B7))) -> 1 | D6: 85 | E6: =IF(AC6>0,((D6-U6)+(V6-D7)),IF(D7=0, ,(D6-D7))) -> 1 | F6: 82 | G6: =IF(AC6>0,((F6-X6)+(Y6-F7)),IF(F7=0, ,(F6-F7))) -> 1 | H6: 83 | I6: =IF(AC6>0,((H6-AA6)+(AB6-H7)),IF(H7=0, ,(H6-H7))) -> 1 | J6: =B6+D6+F6+H6 -> 333 | K6: =J6/4 -> 83.25 | L6: =IF(AC6>0,((K6-AD6)+(AE6-K7)),IF(K7=0, ,(K6-K7))) -> 1 | M6: =7000*4 -> 28000 | N6: =L6*M6/100 -> 280 | O6: =N6*0.53 -> 148.4 | P6: =O6*8.39 -> 1245.076 | AC6: =Q6+T6+W6+Z6 -> 0 | AD6: =(R6+U6+X6+AA6)/4 -> 0 | AE6: =(S6+V6+Y6+AB6)/4 -> 0
A7: =(A6+1) -> 43918 | B7: 82 | C7: =IF(AC7>0,((B7-R7)+(S7-B8)),IF(B8=0, ,(B7-B8))) -> 0 | D7: 84 | E7: =IF(AC7>0,((D7-U7)+(V7-D8)),IF(D8=0, ,(D7-D8))) -> 0 | F7: 81 | G7: =IF(AC7>0,((F7-X7)+(Y7-F8)),IF(F8=0, ,(F7-F8))) -> 1 | H7: 82 | I7: =IF(AC7>0,((H7-AA7)+(AB7-H8)),IF(H8=0, ,(H7-H8))) -> 2 | J7: =B7+D7+F7+H7 -> 329 | K7: =J7/4 -> 82.25 | L7: =IF(AC7>0,((K7-AD7)+(AE7-K8)),IF(K8=0, ,(K7-K8))) -> 0.75 | M7: =7000*4 -> 28000 | N7: =L7*M7/100 -> 210 | O7: =N7*0.53 -> 111.3 | P7: =O7*8.39 -> 933.807 | AC7: =Q7+T7+W7+Z7 -> 0 | AD7: =(R7+U7+X7+AA7)/4 -> 0 | AE7: =(S7+V7+Y7+AB7)/4 -> 0
A8: =(A7+1) -> 43919 | B8: 82 | C8: =IF(AC8>0,((B8-R8)+(S8-B9)),IF(B9=0, ,(B8-B9))) -> 1 | D8: 84 | E8: =IF(AC8>0,((D8-U8)+(V8-D9)),IF(D9=0, ,(D8-D9))) -> 1 | F8: 80 | G8: =IF(AC8>0,((F8-X8)+(Y8-F9)),IF(F9=0, ,(F8-F9))) -> 0 | H8: 80 | I8: =IF(AC8>0,((H8-AA8)+(AB8-H9)),IF(H9=0, ,(H8-H9))) -> 0 | J8: =B8+D8+F8+H8 -> 326 | K8: =J8/4 -> 81.5 | L8: =IF(AC8>0,((K8-AD8)+(AE8-K9)),IF(K9=0, ,(K8-K9))) -> 0.5 | M8: =7000*4 -> 28000 | N8: =L8*M8/100 -> 140 | O8: =N8*0.53 -> 74.2 | P8: =O8*8.39 -> 622.538 | AC8: =Q8+T8+W8+Z8 -> 0 | AD8: =(R8+U8+X8+AA8)/4 -> 0 | AE8: =(S8+V8+Y8+AB8)/4 -> 0
A9: =(A8+1) -> 43920 | B9: 81 | C9: =IF(AC9>0,((B9-R9)+(S9-B10)),IF(B10=0, ,(B9-B10))) -> 1 | D9: 83 | E9: =IF(AC9>0,((D9-U9)+(V9-D10)),IF(D10=0, ,(D9-D10))) -> 1 | F9: 80 | G9: =IF(AC9>0,((F9-X9)+(Y9-F10)),IF(F10=0, ,(F9-F10))) -> 1 | H9: 80 | I9: =IF(AC9>0,((H9-AA9)+(AB9-H10)),IF(H10=0, ,(H9-H10))) -> 0 | J9: =B9+D9+F9+H9 -> 324 | K9: =J9/4 -> 81 | L9: =IF(AC9>0,((K9-AD9)+(AE9-K10)),IF(K10=0, ,(K9-K10))) -> 0.75 | M9: =7000*4 -> 28000 | N9: =L9*M9/100 -> 210 | O9: =N9*0.53 -> 111.3 | P9: =O9*7.8338 -> 871.90194 | AC9: =Q9+T9+W9+Z9 -> 0 | AD9: =(R9+U9+X9+AA9)/4 -> 0 | AE9: =(S9+V9+Y9+AB9)/4 -> 0
A10: =(A9+1) -> 43921 | B10: 80 | C10: =IF(AC10>0,((B10-R10)+(S10-B11)),IF(B11=0, ,(B10-B11))) -> 0 | D10: 82 | E10: =IF(AC10>0,((D10-U10)+(V10-D11)),IF(D11=0, ,(D10-D11))) -> 1 | F10: 79 | G10: =IF(AC10>0,((F10-X10)+(Y10-F11)),IF(F11=0, ,(F10-F11))) -> 1 | H10: 80 | I10: =IF(AC10>0,((H10-AA10)+(AB10-H11)),IF(H11=0, ,(H10-H11))) -> 0 | J10: =B10+D10+F10+H10 -> 321 | K10: =J10/4 -> 80.25 | L10: =IF(AC10>0,((K10-AD10)+(AE10-K11)),IF(K11=0, ,(K10-K11))) -> 0.5 | M10: =7000*4 -> 28000 | N10: =L10*M10/100 -> 140 | O10: =N10*0.53 -> 74.2 | P10: =O10*7.8338 -> 581.26796 | AC10: =Q10+T10+W10+Z10 -> 0 | AD10: =(R10+U10+X10+AA10)/4 -> 0 | AE10: =(S10+V10+Y10+AB10)/4 -> 0
A11: =(A10+1) -> 43922 | B11: 80 | C11: =IF(AC11>0,((B11-R11)+(S11-B12)),IF(B12=0, ,(B11-B12))) -> 0 | D11: 81 | E11: =IF(AC11>0,((D11-U11)+(V11-D12)),IF(D12=0, ,(D11-D12))) -> 1 | F11: 78 | G11: =IF(AC11>0,((F11-X11)+(Y11-F12)),IF(F12=0, ,(F11-F12))) -> 1 | H11: 80 | I11: =IF(AC11>0,((H11-AA11)+(AB11-H12)),IF(H12=0, ,(H11-H12))) -> 1 | J11: =B11+D11+F11+H11 -> 319 | K11: =J11/4 -> 79.75 | L11: =IF(AC11>0,((K11-AD11)+(AE11-K12)),IF(K12=0, ,(K11-K12))) -> 0.75 | M11: =7000*4 -> 28000 | N11: =L11*M11/100 -> 210 | O11: =N11*0.53 -> 111.3 | P11: =O11*7.8338 -> 871.90194 | AC11: =Q11+T11+W11+Z11 -> 0 | AD11: =(R11+U11+X11+AA11)/4 -> 0 | AE11: =(S11+V11+Y11+AB11)/4 -> 0
A12: =(A11+1) -> 43923 | B12: 80 | C12: =IF(AC12>0,((B12-R12)+(S12-B13)),IF(B13=0, ,(B12-B13))) -> 1 | D12: 80 | E12: =IF(AC12>0,((D12-U12)+(V12-D13)),IF(D13=0, ,(D12-D13))) -> 0 | F12: 77 | G12: =IF(AC12>0,((F12-X12)+(Y12-F13)),IF(F13=0, ,(F12-F13))) -> 1 | H12: 79 | I12: =IF(AC12>0,((H12-AA12)+(AB12-H13)),IF(H13=0, ,(H12-H13))) -> 1 | J12: =B12+D12+F12+H12 -> 316 | K12: =J12/4 -> 79 | L12: =IF(AC12>0,((K12-AD12)+(AE12-K13)),IF(K13=0, ,(K12-K13))) -> 0.75 | M12: =7000*4 -> 28000 | N12: =L12*M12/100 -> 210 | O12: =N12*0.53 -> 111.3 | P12: =O12*7.8338 -> 871.90194 | AC12: =Q12+T12+W12+Z12 -> 0 | AD12: =(R12+U12+X12+AA12)/4 -> 0 | AE12: =(S12+V12+Y12+AB12)/4 -> 0
A13: =(A12+1) -> 43924 | B13: 79 | C13: =IF(AC13>0,((B13-R13)+(S13-B14)),IF(B14=0, ,(B13-B14))) -> 1 | D13: 80 | E13: =IF(AC13>0,((D13-U13)+(V13-D14)),IF(D14=0, ,(D13-D14))) -> 0 | F13: 76 | G13: =IF(AC13>0,((F13-X13)+(Y13-F14)),IF(F14=0, ,(F13-F14))) -> 1 | H13: 78 | I13: =IF(AC13>0,((H13-AA13)+(AB13-H14)),IF(H14=0, ,(H13-H14))) -> 0 | J13: =B13+D13+F13+H13 -> 313 | K13: =J13/4 -> 78.25 | L13: =IF(AC13>0,((K13-AD13)+(AE13-K14)),IF(K14=0, ,(K13-K14))) -> 0.5 | M13: =7000*4 -> 28000 | N13: =L13*M13/100 -> 140 | O13: =N13*0.53 -> 74.2 | P13: =O13*7.8338 -> 581.26796 | AC13: =Q13+T13+W13+Z13 -> 0 | AD13: =(R13+U13+X13+AA13)/4 -> 0 | AE13: =(S13+V13+Y13+AB13)/4 -> 0
A14: =(A13+1) -> 43925 | B14: 78 | C14: =IF(AC14>0,((B14-R14)+(S14-B15)),IF(B15=0, ,(B14-B15))) -> 0 | D14: 80 | E14: =IF(AC14>0,((D14-U14)+(V14-D15)),IF(D15=0, ,(D14-D15))) -> 0 | F14: 75 | G14: =IF(AC14>0,((F14-X14)+(Y14-F15)),IF(F15=0, ,(F14-F15))) -> 0 | H14: 78 | I14: =IF(AC14>0,((H14-AA14)+(AB14-H15)),IF(H15=0, ,(H14-H15))) -> 2 | J14: =B14+D14+F14+H14 -> 311 | K14: =J14/4 -> 77.75 | L14: =IF(AC14>0,((K14-AD14)+(AE14-K15)),IF(K15=0, ,(K14-K15))) -> 0.5 | M14: =7000*4 -> 28000 | N14: =L14*M14/100 -> 140 | O14: =N14*0.53 -> 74.2 | P14: =O14*7.8338 -> 581.26796 | AC14: =Q14+T14+W14+Z14 -> 0 | AD14: =(R14+U14+X14+AA14)/4 -> 0 | AE14: =(S14+V14+Y14+AB14)/4 -> 0
A15: =(A14+1) -> 43926 | B15: 78 | C15: =IF(AC15>0,((B15-R15)+(S15-B16)),IF(B16=0, ,(B15-B16))) -> 0 | D15: 80 | E15: =IF(AC15>0,((D15-U15)+(V15-D16)),IF(D16=0, ,(D15-D16))) -> 1 | F15: 75 | G15: =IF(AC15>0,((F15-X15)+(Y15-F16)),IF(F16=0, ,(F15-F16))) -> 0 | H15: 76 | I15: =IF(AC15>0,((H15-AA15)+(AB15-H16)),IF(H16=0, ,(H15-H16))) -> 0 | J15: =B15+D15+F15+H15 -> 309 | K15: =J15/4 -> 77.25 | L15: =IF(AC15>0,((K15-AD15)+(AE15-K16)),IF(K16=0, ,(K15-K16))) -> 0.25 | M15: =7000*4 -> 28000 | N15: =L15*M15/100 -> 70 | O15: =N15*0.53 -> 37.1 | P15: =O15*7.8338 -> 290.63398 | AC15: =Q15+T15+W15+Z15 -> 0 | AD15: =(R15+U15+X15+AA15)/4 -> 0 | AE15: =(S15+V15+Y15+AB15)/4 -> 0
A16: =(A15+1) -> 43927 | B16: 78 | C16: =IF(AC16>0,((B16-R16)+(S16-B17)),IF(B17=0, ,(B16-B17))) -> 1 | D16: 79 | E16: =IF(AC16>0,((D16-U16)+(V16-D17)),IF(D17=0, ,(D16-D17))) -> 1 | F16: 75 | G16: =IF(AC16>0,((F16-X16)+(Y16-F17)),IF(F17=0, ,(F16-F17))) -> -1 | H16: 76 | I16: =IF(AC16>0,((H16-AA16)+(AB16-H17)),IF(H17=0, ,(H16-H17))) -> -2 | J16: =B16+D16+F16+H16 -> 308 | K16: =J16/4 -> 77 | L16: =IF(AC16>0,((K16-AD16)+(AE16-K17)),IF(K17=0, ,(K16-K17))) -> -0.25 | M16: =7000*4 -> 28000 | N16: =L16*M16/100 -> -70 | O16: =N16*0.53 -> -37.1 | P16: =O16*7.8338 -> -290.63398 | AC16: =Q16+T16+W16+Z16 -> 0 | AD16: =(R16+U16+X16+AA16)/4 -> 0 | AE16: =(S16+V16+Y16+AB16)/4 -> 0
A17: =(A16+1) -> 43928 | B17: 77 | C17: =IF(AC17>0,((B17-R17)+(S17-B18)),IF(B18=0, ,(B17-B18))) -> 0 | D17: 78 | E17: =IF(AC17>0,((D17-U17)+(V17-D18)),IF(D18=0, ,(D17-D18))) -> 0 | F17: 76 | G17: =IF(AC17>0,((F17-X17)+(Y17-F18)),IF(F18=0, ,(F17-F18))) -> 1 | H17: 78 | I17: =IF(AC17>0,((H17-AA17)+(AB17-H18)),IF(H18=0, ,(H17-H18))) -> 0 | J17: =B17+D17+F17+H17 -> 309 | K17: =J17/4 -> 77.25 | L17: =IF(AC17>0,((K17-AD17)+(AE17-K18)),IF(K18=0, ,(K17-K18))) -> 0.25 | M17: =7000*4 -> 28000 | N17: =L17*M17/100 -> 70 | O17: =N17*0.53 -> 37.1 | P17: =O17*7.8338 -> 290.63398 | AC17: =Q17+T17+W17+Z17 -> 0 | AD17: =(R17+U17+X17+AA17)/4 -> 0 | AE17: =(S17+V17+Y17+AB17)/4 -> 0
A18: =(A17+1) -> 43929 | B18: 77 | C18: =IF(AC18>0,((B18-R18)+(S18-B19)),IF(B19=0, ,(B18-B19))) -> 0 | D18: 78 | E18: =IF(AC18>0,((D18-U18)+(V18-D19)),IF(D19=0, ,(D18-D19))) -> 0 | F18: 75 | G18: =IF(AC18>0,((F18-X18)+(Y18-F19)),IF(F19=0, ,(F18-F19))) -> 0 | H18: 78 | I18: =IF(AC18>0,((H18-AA18)+(AB18-H19)),IF(H19=0, ,(H18-H19))) -> 1 | J18: =B18+D18+F18+H18 -> 308 | K18: =J18/4 -> 77 | L18: =IF(AC18>0,((K18-AD18)+(AE18-K19)),IF(K19=0, ,(K18-K19))) -> 0.25 | M18: =7000*4 -> 28000 | N18: =L18*M18/100 -> 70 | O18: =N18*0.53 -> 37.1 | P18: =O18*7.8338 -> 290.63398 | AC18: =Q18+T18+W18+Z18 -> 0 | AD18: =(R18+U18+X18+AA18)/4 -> 0 | AE18: =(S18+V18+Y18+AB18)/4 -> 0
A19: =(A18+1) -> 43930 | B19: 77 | C19: =IF(AC19>0,((B19-R19)+(S19-B20)),IF(B20=0, ,(B19-B20))) -> 0 | D19: 78 | E19: =IF(AC19>0,((D19-U19)+(V19-D20)),IF(D20=0, ,(D19-D20))) -> 1 | F19: 75 | G19: =IF(AC19>0,((F19-X19)+(Y19-F20)),IF(F20=0, ,(F19-F20))) -> 0 | H19: 77 | I19: =IF(AC19>0,((H19-AA19)+(AB19-H20)),IF(H20=0, ,(H19-H20))) -> 0 | J19: =B19+D19+F19+H19 -> 307 | K19: =J19/4 -> 76.75 | L19: =IF(AC19>0,((K19-AD19)+(AE19-K20)),IF(K20=0, ,(K19-K20))) -> 0.25 | M19: =7000*4 -> 28000 | N19: =L19*M19/100 -> 70 | O19: =N19*0.53 -> 37.1 | P19: =O19*7.8338 -> 290.63398 | AC19: =Q19+T19+W19+Z19 -> 0 | AD19: =(R19+U19+X19+AA19)/4 -> 0 | AE19: =(S19+V19+Y19+AB19)/4 -> 0
A20: =(A19+1) -> 43931 | B20: 77 | C20: =IF(AC20>0,((B20-R20)+(S20-B21)),IF(B21=0, ,(B20-B21))) -> 0 | D20: 77 | E20: =IF(AC20>0,((D20-U20)+(V20-D21)),IF(D21=0, ,(D20-D21))) -> 0 | F20: 75 | G20: =IF(AC20>0,((F20-X20)+(Y20-F21)),IF(F21=0, ,(F20-F21))) -> 0 | H20: 77 | I20: =IF(AC20>0,((H20-AA20)+(AB20-H21)),IF(H21=0, ,(H20-H21))) -> 0 | J20: =B20+D20+F20+H20 -> 306 | K20: =J20/4 -> 76.5 | L20: =IF(AC20>0,((K20-AD20)+(AE20-K21)),IF(K21=0, ,(K20-K21))) -> 0 | M20: =7000*4 -> 28000 | N20: =L20*M20/100 -> 0 | O20: =N20*0.53 -> 0 | P20: =O20*7.8338 -> 0 | AC20: =Q20+T20+W20+Z20 -> 0 | AD20: =(R20+U20+X20+AA20)/4 -> 0 | AE20: =(S20+V20+Y20+AB20)/4 -> 0
... A40: =(A39+1) -> 43951 | B40: 76 | C40: =IF(AC40>0,((B40-R40)+(S40-B41)),IF(B41=0, ,(B40-B41))) -> 0 | D40: 77 | E40: =IF(AC40>0,((D40-U40)+(V40-D41)),IF(D41=0, ,(D40-D41))) -> 0 | F40: 75 | G40: =IF(AC40>0,((F40-X40)+(Y40-F41)),IF(F41=0, ,(F40-F41))) -> 0 | H40: 76 | I40: =IF(AC40>0,((H40-AA40)+(AB40-H41)),IF(H41=0, ,(H40-H41))) -> 0 | J40: =B40+D40+F40+H40 -> 304 | K40: =J40/4 -> 76 | L40: =IF(AC40>0,((K40-AD40)+(AE40-K41)),IF(K41=0, ,(K40-K41))) -> 0 | M40: =7000*4 -> 28000 | N40: =L40*M40/100 -> 0 | O40: =N40*0.53 -> 0 | P40: =O40*7.8338 -> 0 | AC40: =Q40+T40+W40+Z40 -> 0 | AD40: =(R40+U40+X40+AA40)/4 -> 0 | AE40: =(S40+V40+Y40+AB40)/4 -> 0
A41: =(A40+1) -> 43952 | C41: =IF(AC41>0,((B41-R41)+(S41-B42)),IF(B42=0, ,(B41-B42))) -> 0 | E41: =IF(AC41>0,((D41-U41)+(V41-D42)),IF(D42=0, ,(D41-D42))) -> 0 | G41: =IF(AC41>0,((F41-X41)+(Y41-F42)),IF(F42=0, ,(F41-F42))) -> 0 | I41: =IF(AC41>0,((H41-AA41)+(AB41-H42)),IF(H42=0, ,(H41-H42))) -> 0 | J41: =B41+D41+F41+H41 -> 0 | K41: =J41/4 -> 0 | L41: =IF(AC41>0,((K41-AD41)+(AE41-K42)),IF(K42=0, ,(K41-K42))) -> 0 | M41: =7000*4 -> 28000 | N41: =L41*M41/100 -> 0 | O41: =N41*0.53 -> 0 | P41: =O41*7.8338 -> 0 | AC41: =Q41+T41+W41+Z41 -> 0 | AD41: =(R41+U41+X41+AA41)/4 -> 0 | AE41: =(S41+V41+Y41+AB41)/4 -> 0
A42: =(A41+1) -> 43953 | C42: =IF(AC42>0,((B42-R42)+(S42-B43)),IF(B43=0, ,(B42-B43))) -> 0 | E42: =IF(AC42>0,((D42-U42)+(V42-D43)),IF(D43=0, ,(D42-D43))) -> 0 | G42: =IF(AC42>0,((F42-X42)+(Y42-F43)),IF(F43=0, ,(F42-F43))) -> 0 | I42: =IF(AC42>0,((H42-AA42)+(AB42-H43)),IF(H43=0, ,(H42-H43))) -> 0 | J42: =B42+D42+F42+H42 -> 0 | K42: =J42/4 -> 0 | L42: =IF(AC42>0,((K42-AD42)+(AE42-K43)),IF(K43=0, ,(K42-K43))) -> 0 | M42: =7000*4 -> 28000 | N42: =L42*M42/100 -> 0 | O42: =N42*0.53 -> 0 | P42: =O42*7.8338 -> 0 | AC42: =Q42+T42+W42+Z42 -> 0 | AD42: =(R42+U42+X42+AA42)/4 -> 0 | AE42: =(S42+V42+Y42+AB42)/4 -> 0
C43: =SUM(C11:C40) -> 4 | E43: =SUM(E11:E40) -> 4 | G43: =SUM(G11:G40) -> 3 | I43: =SUM(I11:I40) -> 4 | N43: =SUM(N11:N40) -> 1050 | O43: =SUM(O11:O40) -> 556.5 | P43: =O43*8.39 -> 4669.035 | Q43: =SUM(Q11:Q40) -> 0 | T43: =SUM(T11:T40) -> 0 | W43: =SUM(W11:W40) -> 0 | Z43: =SUM(Z11:Z40) -> 0 | AC43: =SUM(AC11:AC40) -> 0
Q44: =Q43+T43+W43+Z43 -> 0 | AC44: =Q43+T43+W43+Z43 -> 0
K46: Litre | L46: Kg | M46: DH
H47: Consommation du mois | K47: =N43 -> 1050 | L47: =O43 -> 556.5 | M47: =P43 -> 4669.035
H48: Livraison du mois | K48: =AC43 -> 0 | L48: =K48*0.53 -> 0 | M48: =L48*7.8338 -> 0

Sheet Suivi EAU-ELEC
C1: Suivi Compteur d'Eau- électricité RADEEMA -
A7: Date | B7: Eau m3 | D7: Electricité Kw/h
B8: Compteur | C8: Consommation | D8: Compteur H.Creuse | E8: Consommation H.Creuse | F8: Compteur H.Pleine | G8: Consommation H.Pleine | H8: Compteur H.Pointe | I8: Consommation H.Pointe
A9: 43915 | B9: 122243 | C9: =IF(B10<B9,0,B10-B9)*10 -> 320 | D9: 18385622 | E9: =IF(D10<D9,0,D10-D9) -> 1404 | F9: 33076924 | G9: =IF(F10<F9,0,F10-F9) -> 1499 | H9: 14643728 | I9: =IF(H10<H9,0,H10-H9) -> 799
A10: =A9+1 -> 43916 | B10: 122275 | C10: =IF(B11<B10,0,B11-B10)*10 -> 390 | D10: 18387026 | E10: =IF(D11<D10,0,D11-D10) -> 1349 | F10: 33078423 | G10: =IF(F11<F10,0,F11-F10) -> 1770 | H10: 14644527 | I10: =IF(H11<H10,0,H11-H10) -> 773
A11: =A10+1 -> 43917 | B11: 122314 | C11: =IF(B12<B11,0,B12-B11)*10 -> 350 | D11: 18388375 | E11: =IF(D12<D11,0,D12-D11) -> 1331 | F11: 33080193 | G11: =IF(F12<F11,0,F12-F11) -> 1481 | H11: 14645300 | I11: =IF(H12<H11,0,H12-H11) -> 761
A12: =A11+1 -> 43918 | B12: 122349 | C12: =IF(B13<B12,0,B13-B12)*10 -> 350 | D12: 18389706 | E12: =IF(D13<D12,0,D13-D12) -> 1327 | F12: 33081674 | G12: =IF(F13<F12,0,F13-F12) -> 1581 | H12: 14646061 | I12: =IF(H13<H12,0,H13-H12) -> 744
A13: =A12+1 -> 43919 | B13: 122384 | C13: =IF(B14<B13,0,B14-B13)*10 -> 440 | D13: 18391033 | E13: =IF(D14<D13,0,D14-D13) -> 1321 | F13: 33083255 | G13: =IF(F14<F13,0,F14-F13) -> 1923 | H13: 14646805 | I13: =IF(H14<H13,0,H14-H13) -> 736
A14: =A13+1 -> 43920 | B14: 122428 | C14: =IF(B15<B14,0,B15-B14)*10 -> 320 | D14: 18392354 | E14: =IF(D15<D14,0,D15-D14) -> 1436 | F14: 33085178 | G14: =IF(F15<F14,0,F15-F14) -> 1121 | H14: 14647541 | I14: =IF(H15<H14,0,H15-H14) -> 799
A15: =A14+1 -> 43921 | B15: 122460 | C15: =IF(B16<B15,0,B16-B15)*10 -> 320 | D15: 18393790 | E15: =IF(D16<D15,0,D16-D15) -> 1371 | F15: 33086299 | G15: =IF(F16<F15,0,F16-F15) -> 1736 | H15: 14648340 | I15: =IF(H16<H15,0,H16-H15) -> 767
A16: =A15+1 -> 43922 | B16: 122492 | C16: =IF(B17<B16,0,B17-B16)*10 -> 350 | D16: 18395161 | E16: =IF(D17<D16,0,D17-D16) -> 1178 | F16: 33088035 | G16: =IF(F17<F16,0,F17-F16) -> 1872 | H16: 14649107 | I16: =IF(H17<H16,0,H17-H16) -> 737
A17: =A16+1 -> 43923 | B17: 122527 | C17: =IF(B18<B17,0,B18-B17)*10 -> 350 | D17: 18396339 | E17: =IF(D18<D17,0,D18-D17) -> 1176 | F17: 33089907 | G17: =IF(F18<F17,0,F18-F17) -> 1718 | H17: 14649844 | I17: =IF(H18<H17,0,H18-H17) -> 745
A18: =A17+1 -> 43924 | B18: 122562 | C18: =IF(B19<B18,0,B19-B18)*10 -> 320 | D18: 18397515 | E18: =IF(D19<D18,0,D19-D18) -> 1078 | F18: 33091625 | G18: =IF(F19<F18,0,F19-F18) -> 1619 | H18: 14650589 | I18: =IF(H19<H18,0,H19-H18) -> 762
A19: =A18+1 -> 43925 | B19: 122594 | C19: =IF(B20<B19,0,B20-B19)*10 -> 340 | D19: 18398593 | E19: =IF(D20<D19,0,D20-D19) -> 1143 | F19: 33093244 | G19: =IF(F20<F19,0,F20-F19) -> 1688 | H19: 14651351 | I19: =IF(H20<H19,0,H20-H19) -> 701
A20: =A19+1 -> 43926 | B20: 122628 | C20: =IF(B21<B20,0,B21-B20)*10 -> 350 | D20: 18399736 | E20: =IF(D21<D20,0,D21-D20) -> 1129 | F20: 33094932 | G20: =IF(F21<F20,0,F21-F20) -> 1682 | H20: 14652052 | I20: =IF(H21<H20,0,H21-H20) -> 755
A21: =A20+1 -> 43927 | B21: 122663 | C21: =IF(B22<B21,0,B22-B21)*10 -> 330 | D21: 18400865 | E21: =IF(D22<D21,0,D22-D21) -> 1243 | F21: 33096614 | G21: =IF(F22<F21,0,F22-F21) -> 1791 | H21: 14652807 | I21: =IF(H22<H21,0,H22-H21) -> 787
... A45: =A44+1 -> 43951 | B45: 123075 | C45: =IF(B46<B45,0,B46-B45)*10 -> 0 | D45: 18425626 | E45: =IF(D46<D45,0,D46-D45) -> 0 | F45: 33133559 | G45: =IF(F46<F45,0,F46-F45) -> 0 | H45: 14668689 | I45: =IF(H46<H45,0,H46-H45) -> 0
A46: =A45+1 -> 43952 | C46: =IF(B47<B46,0,B47-B46)*10 -> 0 | E46: =IF(D47<D46,0,D47-D46) -> 0 | G46: =IF(F47<F46,0,F47-F46) -> 0 | I46: =IF(H47<H46,0,H47-H46) -> 0
A47: =A46+1 -> 43953 | C47: =IF(B48<B47,0,B48-B47)*10 -> 0 | E47: =IF(D48<D47,0,D48-D47) -> 0 | G47: =IF(F48<F47,0,F48-F47) -> 0 | I47: =IF(H48<H47,0,H48-H47) -> 0
C48: =SUM(C16:C45) -> 5830 | E48: =SUM(E16:E45) -> 30465 | G48: =SUM(G16:G45) -> 45524 | I48: =SUM(I16:I45) -> 19582
G58: =IF(F59<F58,0,F59-F58) -> 0

Sheet Feuil1
