Workbook

Sheet Total Daily 
A1: Site Name | B1: Day | C1: Month | D1: Year | E1: Total Electricity Kwh | F1: Electricity Tariff ($/Kwh) | G1: LPG (Kg) | H1: LPG $/Kg | I1: District Energy Cooling Kwh | J1: District Energy Cooling $/Kwh | K1: Water Utility Supply (m3) m3 | L1: Water Utility Supply (m3) m3 | M1: Water Utility Supply (m3) $/m3 | N1: Room Nights
A2: Dubai DIFC | B2: 1 | C2: 5 | D2: 2020 | E2: ='05 - 2020'!B8-'05 - 2020'!B7+'05 - 2020'!C8-'05 - 2020'!C7 -> 2306 | F2: 0.118 | G2: =(('05 - 2020'!E8-'05 - 2020'!E7)+('05 - 2020'!F8-'05 - 2020'!F7)+('05 - 2020'!G8-'05 - 2020'!G7))*1.81 -> 17.7923 | H2: 0.99 | I2: ='05 - 2020'!J8-'05 - 2020'!J7 -> 5965 | J2: 0.081 | K2: ='05 - 2020'!H8-'05 - 2020'!H7 -> 0 | L2: ='05 - 2020'!I8-'05 - 2020'!I7 -> 13 | M2: 4.3936294 | N2: 0
A3: Dubai DIFC | B3: =B2+1 -> 2 | C3: 5 | D3: 2020 | E3: ='05 - 2020'!B9-'05 - 2020'!B8+'05 - 2020'!C9-'05 - 2020'!C8 -> 2232 | F3: 0.118 | G3: =(('05 - 2020'!E9-'05 - 2020'!E8)+('05 - 2020'!F9-'05 - 2020'!F8)+('05 - 2020'!G9-'05 - 2020'!G8))*1.81 -> 18.6249 | H3: 0.99 | I3: ='05 - 2020'!J9-'05 - 2020'!J8 -> 5958 | J3: 0.081 | K3: ='05 - 2020'!H9-'05 - 2020'!H8 -> 0 | L3: ='05 - 2020'!I9-'05 - 2020'!I8 -> 0 | M3: 4.3936294 | N3: 0
A4: Dubai DIFC | B4: =B3+1 -> 3 | C4: 5 | D4: 2020 | E4: ='05 - 2020'!B10-'05 - 2020'!B9+'05 - 2020'!C10-'05 - 2020'!C9 -> 2392 | F4: 0.118 | G4: =(('05 - 2020'!E10-'05 - 2020'!E9)+('05 - 2020'!F10-'05 - 2020'!F9)+('05 - 2020'!G10-'05 - 2020'!G9))*1.81 -> 20.0005 | H4: 0.99 | I4: ='05 - 2020'!J10-'05 - 2020'!J9 -> 5932 | J4: 0.081 | K4: ='05 - 2020'!H10-'05 - 2020'!H9 -> 0 | L4: ='05 - 2020'!I10-'05 - 2020'!I9 -> 22 | M4: 4.3936294 | N4: 0
A5: Dubai DIFC | B5: =B4+1 -> 4 | C5: 5 | D5: 2020 | E5: ='05 - 2020'!B11-'05 - 2020'!B10+'05 - 2020'!C11-'05 - 2020'!C10 -> 2312 | F5: 0.118 | G5: =(('05 - 2020'!E11-'05 - 2020'!E10)+('05 - 2020'!F11-'05 - 2020'!F10)+('05 - 2020'!G11-'05 - 2020'!G10))*1.81 -> 17.8104 | H5: 0.99 | I5: ='05 - 2020'!J11-'05 - 2020'!J10 -> 6070 | J5: 0.081 | K5: ='05 - 2020'!H11-'05 - 2020'!H10 -> 0 | L5: ='05 - 2020'!I11-'05 - 2020'!I10 -> 6 | M5: 4.3936294 | N5: 0
A6: Dubai DIFC | B6: =B5+1 -> 5 | C6: 5 | D6: 2020 | E6: ='05 - 2020'!B12-'05 - 2020'!B11+'05 - 2020'!C12-'05 - 2020'!C11 -> 2311 | F6: 0.118 | G6: =(('05 - 2020'!E12-'05 - 2020'!E11)+('05 - 2020'!F12-'05 - 2020'!F11)+('05 - 2020'!G12-'05 - 2020'!G11))*1.81 -> 17.919 | H6: 0.99 | I6: ='05 - 2020'!J12-'05 - 2020'!J11 -> 5468 | J6: 0.081 | K6: ='05 - 2020'!H12-'05 - 2020'!H11 -> 0 | L6: ='05 - 2020'!I12-'05 - 2020'!I11 -> 67 | M6: 4.3936294 | N6: 0
A7: Dubai DIFC | B7: =B6+1 -> 6 | C7: 5 | D7: 2020 | E7: ='05 - 2020'!B13-'05 - 2020'!B12+'05 - 2020'!C13-'05 - 2020'!C12 -> 2232 | F7: 0.118 | G7: =(('05 - 2020'!E13-'05 - 2020'!E12)+('05 - 2020'!F13-'05 - 2020'!F12)+('05 - 2020'!G13-'05 - 2020'!G12))*1.81 -> 17.8828 | H7: 0.99 | I7: ='05 - 2020'!J13-'05 - 2020'!J12 -> 4989 | J7: 0.081 | K7: ='05 - 2020'!H13-'05 - 2020'!H12 -> 0 | L7: ='05 - 2020'!I13-'05 - 2020'!I12 -> 13 | M7: 4.3936294 | N7: 0
A8: Dubai DIFC | B8: =B7+1 -> 7 | C8: 5 | D8: 2020 | E8: 0 | F8: 0.118 | G8: 0 | H8: 0.99 | I8: 0 | J8: 0.081 | K8: 0 | L8: 0 | M8: 4.3936294
A9: Dubai DIFC | B9: =B8+1 -> 8 | C9: 5 | D9: 2020 | E9: ='05 - 2020'!B15-'05 - 2020'!B14+'05 - 2020'!C15-'05 - 2020'!C14 -> 0 | F9: 0.118 | G9: =(('05 - 2020'!E15-'05 - 2020'!E14)+('05 - 2020'!F15-'05 - 2020'!F14)+('05 - 2020'!G15-'05 - 2020'!G14))*1.81 -> 0 | H9: 0.99 | I9: ='05 - 2020'!J15-'05 - 2020'!J14 -> 0 | J9: 0.081 | K9: ='05 - 2020'!H15-'05 - 2020'!H14 -> 0 | L9: ='05 - 2020'!I15-'05 - 2020'!I14 -> 0 | M9: 4.3936294
A10: Dubai DIFC | B10: =B9+1 -> 9 | C10: 5 | D10: 2020 | E10: ='05 - 2020'!B16-'05 - 2020'!B15+'05 - 2020'!C16-'05 - 2020'!C15 -> 0 | F10: 0.118 | G10: =(('05 - 2020'!E16-'05 - 2020'!E15)+('05 - 2020'!F16-'05 - 2020'!F15)+('05 - 2020'!G16-'05 - 2020'!G15))*1.81 -> 0 | H10: 0.99 | I10: ='05 - 2020'!J16-'05 - 2020'!J15 -> 0 | J10: 0.081 | K10: ='05 - 2020'!H16-'05 - 2020'!H15 -> 0 | L10: ='05 - 2020'!I16-'05 - 2020'!I15 -> 0 | M10: 4.3936294
A11: Dubai DIFC | B11: =B10+1 -> 10 | C11: 5 | D11: 2020 | E11: ='05 - 2020'!B17-'05 - 2020'!B16+'05 - 2020'!C17-'05 - 2020'!C16 -> 0 | F11: 0.118 | G11: =(('05 - 2020'!E17-'05 - 2020'!E16)+('05 - 2020'!F17-'05 - 2020'!F16)+('05 - 2020'!G17-'05 - 2020'!G16))*1.81 -> 0 | H11: 0.99 | I11: ='05 - 2020'!J17-'05 - 2020'!J16 -> 0 | J11: 0.081 | K11: ='05 - 2020'!H17-'05 - 2020'!H16 -> 0 | L11: ='05 - 2020'!I17-'05 - 2020'!I16 -> 0 | M11: 4.3936294
A12: Dubai DIFC | B12: =B11+1 -> 11 | C12: 5 | D12: 2020 | E12: ='05 - 2020'!B18-'05 - 2020'!B17+'05 - 2020'!C18-'05 - 2020'!C17 -> 0 | F12: 0.118 | G12: =(('05 - 2020'!E18-'05 - 2020'!E17)+('05 - 2020'!F18-'05 - 2020'!F17)+('05 - 2020'!G18-'05 - 2020'!G17))*1.81 -> 0 | H12: 0.99 | I12: ='05 - 2020'!J18-'05 - 2020'!J17 -> 0 | J12: 0.081 | K12: ='05 - 2020'!H18-'05 - 2020'!H17 -> 0 | L12: ='05 - 2020'!I18-'05 - 2020'!I17 -> 0 | M12: 4.3936294
A13: Dubai DIFC | B13: =B12+1 -> 12 | C13: 5 | D13: 2020 | E13: ='05 - 2020'!B19-'05 - 2020'!B18+'05 - 2020'!C19-'05 - 2020'!C18 -> 0 | F13: 0.118 | G13: =(('05 - 2020'!E19-'05 - 2020'!E18)+('05 - 2020'!F19-'05 - 2020'!F18)+('05 - 2020'!G19-'05 - 2020'!G18))*1.81 -> 0 | H13: 0.99 | I13: ='05 - 2020'!J19-'05 - 2020'!J18 -> 0 | J13: 0.081 | K13: ='05 - 2020'!H19-'05 - 2020'!H18 -> 0 | L13: ='05 - 2020'!I19-'05 - 2020'!I18 -> 0 | M13: 4.3936294
A14: Dubai DIFC | B14: =B13+1 -> 13 | C14: 5 | D14: 2020 | E14: ='05 - 2020'!B20-'05 - 2020'!B19+'05 - 2020'!C20-'05 - 2020'!C19 -> 0 | F14: 0.118 | G14: =(('05 - 2020'!E20-'05 - 2020'!E19)+('05 - 2020'!F20-'05 - 2020'!F19)+('05 - 2020'!G20-'05 - 2020'!G19))*1.81 -> 0 | H14: 0.99 | I14: ='05 - 2020'!J20-'05 - 2020'!J19 -> 0 | J14: 0.081 | K14: ='05 - 2020'!H20-'05 - 2020'!H19 -> 0 | L14: ='05 - 2020'!I20-'05 - 2020'!I19 -> 0 | M14: 4.3936294
A15: Dubai DIFC | B15: =B14+1 -> 14 | C15: 5 | D15: 2020 | E15: ='05 - 2020'!B21-'05 - 2020'!B20+'05 - 2020'!C21-'05 - 2020'!C20 -> 0 | F15: 0.118 | G15: =(('05 - 2020'!E21-'05 - 2020'!E20)+('05 - 2020'!F21-'05 - 2020'!F20)+('05 - 2020'!G21-'05 - 2020'!G20))*1.81 -> 0 | H15: 0.99 | I15: ='05 - 2020'!J21-'05 - 2020'!J20 -> 0 | J15: 0.081 | K15: ='05 - 2020'!H21-'05 - 2020'!H20 -> 0 | L15: ='05 - 2020'!I21-'05 - 2020'!I20 -> 0 | M15: 4.3936294
A16: Dubai DIFC | B16: =B15+1 -> 15 | C16: 5 | D16: 2020 | E16: ='05 - 2020'!B22-'05 - 2020'!B21+'05 - 2020'!C22-'05 - 2020'!C21 -> 0 | F16: 0.118 | G16: =(('05 - 2020'!E22-'05 - 2020'!E21)+('05 - 2020'!F22-'05 - 2020'!F21)+('05 - 2020'!G22-'05 - 2020'!G21))*1.81 -> 0 | H16: 0.99 | I16: ='05 - 2020'!J22-'05 - 2020'!J21 -> 0 | J16: 0.081 | K16: ='05 - 2020'!H22-'05 - 2020'!H21 -> 0 | L16: ='05 - 2020'!I22-'05 - 2020'!I21 -> 0 | M16: 4.3936294
A17: Dubai DIFC | B17: =B16+1 -> 16 | C17: 5 | D17: 2020 | E17: ='05 - 2020'!B23-'05 - 2020'!B22+'05 - 2020'!C23-'05 - 2020'!C22 -> 0 | F17: 0.118 | G17: =(('05 - 2020'!E23-'05 - 2020'!E22)+('05 - 2020'!F23-'05 - 2020'!F22)+('05 - 2020'!G23-'05 - 2020'!G22))*1.81 -> 0 | H17: 0.99 | I17: ='05 - 2020'!J23-'05 - 2020'!J22 -> 0 | J17: 0.081 | K17: ='05 - 2020'!H23-'05 - 2020'!H22 -> 0 | L17: ='05 - 2020'!I23-'05 - 2020'!I22 -> 0 | M17: 4.3936294
A18: Dubai DIFC | B18: =B17+1 -> 17 | C18: 5 | D18: 2020 | E18: ='05 - 2020'!B24-'05 - 2020'!B23+'05 - 2020'!C24-'05 - 2020'!C23 -> 0 | F18: 0.118 | G18: =(('05 - 2020'!E24-'05 - 2020'!E23)+('05 - 2020'!F24-'05 - 2020'!F23)+('05 - 2020'!G24-'05 - 2020'!G23))*1.81 -> 0 | H18: 0.99 | I18: ='05 - 2020'!J24-'05 - 2020'!J23 -> 0 | J18: 0.081 | K18: ='05 - 2020'!H24-'05 - 2020'!H23 -> 0 | L18: ='05 - 2020'!I24-'05 - 2020'!I23 -> 0 | M18: 4.3936294
A19: Dubai DIFC | B19: =B18+1 -> 18 | C19: 5 | D19: 2020 | E19: ='05 - 2020'!B25-'05 - 2020'!B24+'05 - 2020'!C25-'05 - 2020'!C24 -> 0 | F19: 0.118 | G19: =(('05 - 2020'!E25-'05 - 2020'!E24)+('05 - 2020'!F25-'05 - 2020'!F24)+('05 - 2020'!G25-'05 - 2020'!G24))*1.81 -> 0 | H19: 0.99 | I19: ='05 - 2020'!J25-'05 - 2020'!J24 -> 0 | J19: 0.081 | K19: ='05 - 2020'!H25-'05 - 2020'!H24 -> 0 | L19: ='05 - 2020'!I25-'05 - 2020'!I24 -> 0 | M19: 4.3936294
A20: Dubai DIFC | B20: =B19+1 -> 19 | C20: 5 | D20: 2020 | E20: ='05 - 2020'!B26-'05 - 2020'!B25+'05 - 2020'!C26-'05 - 2020'!C25 -> 0 | F20: 0.118 | G20: =(('05 - 2020'!E26-'05 - 2020'!E25)+('05 - 2020'!F26-'05 - 2020'!F25)+('05 - 2020'!G26-'05 - 2020'!G25))*1.81 -> 0 | H20: 0.99 | I20: ='05 - 2020'!J26-'05 - 2020'!J25 -> 0 | J20: 0.081 | K20: ='05 - 2020'!H26-'05 - 2020'!H25 -> 0 | L20: ='05 - 2020'!I26-'05 - 2020'!I25 -> 0 | M20: 4.3936294
... A32: Dubai DIFC | B32: =B31+1 -> 31 | C32: 5 | D32: 2020 | E32: ='05 - 2020'!B38-'05 - 2020'!B37+'05 - 2020'!C38-'05 - 2020'!C37 -> 0 | F32: 0.118 | G32: =(('05 - 2020'!E38-'05 - 2020'!E37)+('05 - 2020'!F38-'05 - 2020'!F37)+('05 - 2020'!G38-'05 - 2020'!G37))*1.81 -> 0 | H32: 0.99 | I32: ='05 - 2020'!J38-'05 - 2020'!J37 -> 0 | J32: 0.081 | K32: ='05 - 2020'!H38-'05 - 2020'!H37 -> 0 | L32: ='05 - 2020'!I38-'05 - 2020'!I37 -> 0 | M32: 4.3936294

Sheet Submetering Daily 
A1: Site Name | B1: Day | C1: Month | D1: Year | E1: Panel LV1 Kwh | F1: Panel LV2 Kwh | G1: Electricity Tariff ($/Kwh) | H1: Main Kitchen LPG (Kg) | I1: Podium Kitchen LPG (Kg) | J1: Boiler LPG (Kg) | K1: LPG $/Kg | L1: Room Nights
A2: Dubai DIFC | B2: 1 | C2: 5 | D2: 2020 | E2: ='05 - 2020'!B8-'05 - 2020'!B7 -> 217 | F2: ='05 - 2020'!C8-'05 - 2020'!C7 -> 2089 | G2: 0.118 | H2: ='05 - 2020'!E8-'05 - 2020'!E7 -> 0.14 | I2: ='05 - 2020'!F8-'05 - 2020'!F7 -> 0 | J2: ='05 - 2020'!G8-'05 - 2020'!G7 -> 9.69 | K2: 0.74 | L2: 0
A3: Dubai DIFC | B3: =B2+1 -> 2 | C3: 5 | D3: 2020 | E3: ='05 - 2020'!B9-'05 - 2020'!B8 -> 231 | F3: ='05 - 2020'!C9-'05 - 2020'!C8 -> 2001 | G3: 0.118 | H3: ='05 - 2020'!E9-'05 - 2020'!E8 -> 0.29 | I3: ='05 - 2020'!F9-'05 - 2020'!F8 -> 0 | J3: ='05 - 2020'!G9-'05 - 2020'!G8 -> 10 | K3: 0.74 | L3: 0
A4: Dubai DIFC | B4: =B3+1 -> 3 | C4: 5 | D4: 2020 | E4: ='05 - 2020'!B10-'05 - 2020'!B9 -> 297 | F4: ='05 - 2020'!C10-'05 - 2020'!C9 -> 2095 | G4: 0.118 | H4: ='05 - 2020'!E10-'05 - 2020'!E9 -> 0.45 | I4: ='05 - 2020'!F10-'05 - 2020'!F9 -> 0 | J4: ='05 - 2020'!G10-'05 - 2020'!G9 -> 10.6 | K4: 0.74 | L4: 0
A5: Dubai DIFC | B5: =B4+1 -> 4 | C5: 5 | D5: 2020 | E5: ='05 - 2020'!B11-'05 - 2020'!B10 -> 342 | F5: ='05 - 2020'!C11-'05 - 2020'!C10 -> 1970 | G5: 0.118 | H5: ='05 - 2020'!E11-'05 - 2020'!E10 -> 0.27 | I5: ='05 - 2020'!F11-'05 - 2020'!F10 -> 0 | J5: ='05 - 2020'!G11-'05 - 2020'!G10 -> 9.57 | K5: 0.74 | L5: 0
A6: Dubai DIFC | B6: =B5+1 -> 5 | C6: 5 | D6: 2020 | E6: ='05 - 2020'!B12-'05 - 2020'!B11 -> 280 | F6: ='05 - 2020'!C12-'05 - 2020'!C11 -> 2031 | G6: 0.118 | H6: ='05 - 2020'!E12-'05 - 2020'!E11 -> 0.29 | I6: ='05 - 2020'!F12-'05 - 2020'!F11 -> 0 | J6: ='05 - 2020'!G12-'05 - 2020'!G11 -> 9.61 | K6: 0.74 | L6: 0
A7: Dubai DIFC | B7: =B6+1 -> 6 | C7: 5 | D7: 2020 | E7: ='05 - 2020'!B13-'05 - 2020'!B12 -> 257 | F7: ='05 - 2020'!C13-'05 - 2020'!C12 -> 1975 | G7: 0.118 | H7: ='05 - 2020'!E13-'05 - 2020'!E12 -> 0.27 | I7: ='05 - 2020'!F13-'05 - 2020'!F12 -> 0 | J7: ='05 - 2020'!G13-'05 - 2020'!G12 -> 9.61 | K7: 0.74 | L7: 0
A8: Dubai DIFC | B8: =B7+1 -> 7 | C8: 5 | D8: 2020 | E8: 0 | F8: 0 | G8: 0.118 | H8: 0 | I8: 0 | J8: 0 | K8: 0.74
A9: Dubai DIFC | B9: =B8+1 -> 8 | C9: 5 | D9: 2020 | E9: ='05 - 2020'!B15-'05 - 2020'!B14 -> 0 | F9: ='05 - 2020'!C15-'05 - 2020'!C14 -> 0 | G9: 0.118 | H9: ='05 - 2020'!E15-'05 - 2020'!E14 -> 0 | I9: ='05 - 2020'!F15-'05 - 2020'!F14 -> 0 | J9: ='05 - 2020'!G15-'05 - 2020'!G14 -> 0 | K9: 0.74
A10: Dubai DIFC | B10: =B9+1 -> 9 | C10: 5 | D10: 2020 | E10: ='05 - 2020'!B16-'05 - 2020'!B15 -> 0 | F10: ='05 - 2020'!C16-'05 - 2020'!C15 -> 0 | G10: 0.118 | H10: ='05 - 2020'!E16-'05 - 2020'!E15 -> 0 | I10: ='05 - 2020'!F16-'05 - 2020'!F15 -> 0 | J10: ='05 - 2020'!G16-'05 - 2020'!G15 -> 0 | K10: 0.74
A11: Dubai DIFC | B11: =B10+1 -> 10 | C11: 5 | D11: 2020 | E11: ='05 - 2020'!B17-'05 - 2020'!B16 -> 0 | F11: ='05 - 2020'!C17-'05 - 2020'!C16 -> 0 | G11: 0.118 | H11: ='05 - 2020'!E17-'05 - 2020'!E16 -> 0 | I11: ='05 - 2020'!F17-'05 - 2020'!F16 -> 0 | J11: ='05 - 2020'!G17-'05 - 2020'!G16 -> 0 | K11: 0.74
A12: Dubai DIFC | B12: =B11+1 -> 11 | C12: 5 | D12: 2020 | E12: ='05 - 2020'!B18-'05 - 2020'!B17 -> 0 | F12: ='05 - 2020'!C18-'05 - 2020'!C17 -> 0 | G12: 0.118 | H12: ='05 - 2020'!E18-'05 - 2020'!E17 -> 0 | I12: ='05 - 2020'!F18-'05 - 2020'!F17 -> 0 | J12: ='05 - 2020'!G18-'05 - 2020'!G17 -> 0 | K12: 0.74
A13: Dubai DIFC | B13: =B12+1 -> 12 | C13: 5 | D13: 2020 | E13: ='05 - 2020'!B19-'05 - 2020'!B18 -> 0 | F13: ='05 - 2020'!C19-'05 - 2020'!C18 -> 0 | G13: 0.118 | H13: ='05 - 2020'!E19-'05 - 2020'!E18 -> 0 | I13: ='05 - 2020'!F19-'05 - 2020'!F18 -> 0 | J13: ='05 - 2020'!G19-'05 - 2020'!G18 -> 0 | K13: 0.74
A14: Dubai DIFC | B14: =B13+1 -> 13 | C14: 5 | D14: 2020 | E14: ='05 - 2020'!B20-'05 - 2020'!B19 -> 0 | F14: ='05 - 2020'!C20-'05 - 2020'!C19 -> 0 | G14: 0.118 | H14: ='05 - 2020'!E20-'05 - 2020'!E19 -> 0 | I14: ='05 - 2020'!F20-'05 - 2020'!F19 -> 0 | J14: ='05 - 2020'!G20-'05 - 2020'!G19 -> 0 | K14: 0.74
A15: Dubai DIFC | B15: =B14+1 -> 14 | C15: 5 | D15: 2020 | E15: ='05 - 2020'!B21-'05 - 2020'!B20 -> 0 | F15: ='05 - 2020'!C21-'05 - 2020'!C20 -> 0 | G15: 0.118 | H15: ='05 - 2020'!E21-'05 - 2020'!E20 -> 0 | I15: ='05 - 2020'!F21-'05 - 2020'!F20 -> 0 | J15: ='05 - 2020'!G21-'05 - 2020'!G20 -> 0 | K15: 0.74
A16: Dubai DIFC | B16: =B15+1 -> 15 | C16: 5 | D16: 2020 | E16: ='05 - 2020'!B22-'05 - 2020'!B21 -> 0 | F16: ='05 - 2020'!C22-'05 - 2020'!C21 -> 0 | G16: 0.118 | H16: ='05 - 2020'!E22-'05 - 2020'!E21 -> 0 | I16: ='05 - 2020'!F22-'05 - 2020'!F21 -> 0 | J16: ='05 - 2020'!G22-'05 - 2020'!G21 -> 0 | K16: 0.74
A17: Dubai DIFC | B17: =B16+1 -> 16 | C17: 5 | D17: 2020 | E17: ='05 - 2020'!B23-'05 - 2020'!B22 -> 0 | F17: ='05 - 2020'!C23-'05 - 2020'!C22 -> 0 | G17: 0.118 | H17: ='05 - 2020'!E23-'05 - 2020'!E22 -> 0 | I17: ='05 - 2020'!F23-'05 - 2020'!F22 -> 0 | J17: ='05 - 2020'!G23-'05 - 2020'!G22 -> 0 | K17: 0.74
A18: Dubai DIFC | B18: =B17+1 -> 17 | C18: 5 | D18: 2020 | E18: ='05 - 2020'!B24-'05 - 2020'!B23 -> 0 | F18: ='05 - 2020'!C24-'05 - 2020'!C23 -> 0 | G18: 0.118 | H18: ='05 - 2020'!E24-'05 - 2020'!E23 -> 0 | I18: ='05 - 2020'!F24-'05 - 2020'!F23 -> 0 | J18: ='05 - 2020'!G24-'05 - 2020'!G23 -> 0 | K18: 0.74
A19: Dubai DIFC | B19: =B18+1 -> 18 | C19: 5 | D19: 2020 | E19: ='05 - 2020'!B25-'05 - 2020'!B24 -> 0 | F19: ='05 - 2020'!C25-'05 - 2020'!C24 -> 0 | G19: 0.118 | H19: ='05 - 2020'!E25-'05 - 2020'!E24 -> 0 | I19: ='05 - 2020'!F25-'05 - 2020'!F24 -> 0 | J19: ='05 - 2020'!G25-'05 - 2020'!G24 -> 0 | K19: 0.74
A20: Dubai DIFC | B20: =B19+1 -> 19 | C20: 5 | D20: 2020 | E20: ='05 - 2020'!B26-'05 - 2020'!B25 -> 0 | F20: ='05 - 2020'!C26-'05 - 2020'!C25 -> 0 | G20: 0.118 | H20: ='05 - 2020'!E26-'05 - 2020'!E25 -> 0 | I20: ='05 - 2020'!F26-'05 - 2020'!F25 -> 0 | J20: ='05 - 2020'!G26-'05 - 2020'!G25 -> 0 | K20: 0.74
... A30: Dubai DIFC | B30: =B29+1 -> 29 | C30: 5 | D30: 2020 | E30: ='05 - 2020'!B36-'05 - 2020'!B35 -> 0 | F30: ='05 - 2020'!C36-'05 - 2020'!C35 -> 0 | G30: 0.118 | H30: ='05 - 2020'!E36-'05 - 2020'!E35 -> 0 | I30: ='05 - 2020'!F36-'05 - 2020'!F35 -> 0 | J30: ='05 - 2020'!G36-'05 - 2020'!G35 -> 0 | K30: 0.74
A31: Dubai DIFC | B31: 30 | C31: 5 | D31: 2020 | E31: ='05 - 2020'!B37-'05 - 2020'!B36 -> 0 | F31: ='05 - 2020'!C37-'05 - 2020'!C36 -> 0 | G31: 0.118 | H31: ='05 - 2020'!E37-'05 - 2020'!E36 -> 0 | I31: ='05 - 2020'!F37-'05 - 2020'!F36 -> 0 | J31: ='05 - 2020'!G37-'05 - 2020'!G36 -> 0 | K31: 0.74
A32: Dubai DIFC | B32: 31 | C32: 5 | D32: 2020 | E32: ='05 - 2020'!B38-'05 - 2020'!B37 -> 0 | F32: ='05 - 2020'!C38-'05 - 2020'!C37 -> 0 | G32: 0.118 | H32: ='05 - 2020'!E38-'05 - 2020'!E37 -> 0 | I32: ='05 - 2020'!F38-'05 - 2020'!F37 -> 0 | J32: ='05 - 2020'!G38-'05 - 2020'!G37 -> 0 | K32: 0.74

Sheet 05 - 2020
A3: FOUR SEASONS HOTEL - DIFC
A4: HLP READING MONTH OF MARCH' 2020
B5: 19 | D5: LPG (cu.m) | H5: Water (cu.m) | J5: BTU
A6: Date | B6: LV-01, 2025952759 | C6: LV-2, 2030235407 | D6: Main Meter % | E6: Main Kitchen | F6: Podium Kitchen | G6: Boiler | H6: B-3 Water Meter (DIFC) | I6: MainWater Meter (DEWA) | J6: Chilled Water (KWH) | K6: Gas Received (Litres) | L6: Remark
A7: 43951 | B7: 681928 | C7: 817458 | D7: 0.6 | E7: 10837.57 | F7: 2069 | G7: 18961.31 | H7: 14528 | I7: 93210 | J7: 38451184
A8: 43952 | B8: 682145 | C8: 819547 | D8: 0.6 | E8: 10837.71 | F8: 2069 | G8: 18971 | H8: 14528 | I8: 93223 | J8: 38457149
A9: 43953 | B9: 682376 | C9: 821548 | D9: 0.6 | E9: 10838 | F9: 2069 | G9: 18981 | H9: 14528 | I9: 93223 | J9: 38463107
A10: 43954 | B10: 682673 | C10: 823643 | D10: 0.59 | E10: 10838.45 | F10: 2069 | G10: 18991.6 | H10: 14528 | I10: 93245 | J10: 38469039
A11: 43955 | B11: 683015 | C11: 825613 | D11: 0.59 | E11: 10838.72 | F11: 2069 | G11: 19001.17 | H11: 14528 | I11: 93251 | J11: 38475109
A12: 43956 | B12: 683295 | C12: 827644 | D12: 0.58 | E12: 10839.01 | F12: 2069 | G12: 19010.78 | H12: 14528 | I12: 93318 | J12: 38480577
A13: 43957 | B13: 683552 | C13: 829619 | D13: 0.56 | E13: 10839.28 | F13: 2069 | G13: 19020.39 | H13: 14528 | I13: 93331 | J13: 38485566
A14: 43958
A15: 43959
A16: 43960
A17: 43961
A18: 43962
A19: 43963
A20: 43964
A21: 43965
A22: 43966
A23: 43967
A24: 43968
A25: 43969
... A37: 43981
A38: 43982 | K38: =K37-K7 -> 0
A39: Readings | B39: =B37-B7 -> -681928 | C39: =C37-C7 -> -817458 | D39: =D37-D7 -> -0.6 | E39: =E37-E7 -> -10837.57 | F39: =F37-F7 -> -2069 | G39: =G37-G7 -> -18961.31 | H39: =H37-H7 -> -14528 | I39: =I37-I7 -> -93210 | J39: =J37-J7 -> -38451184
H40: =H39*219.969 -> -3195709.6 | I40: =I39*219.969 -> -20503310
