Workbook

Sheet TOTAL
A1: Site Name | B1: Day | C1: Month | D1: Year | E1: Total Electricity Kwh | F1: Electricity Tariff ($/Kwh) | G1: Natual Gas (m3) | H1: Natural Gas $/m3 | I1: District Energy Cooling Kwh | J1: District Energy Cooling $/Kwh | K1: Water Utility Supply (m3) m3 | L1: Water Utility Supply (m3) $/m3 | M1: Room Nights | N1: Total Guests
A2: Abu Dhabi | B2: 1 | C2: 5 | D2: 2020 | E2: =Submetering!E2+Submetering!F2+Submetering!G2+Submetering!H2+Submetering!I2+Submetering!J2+Submetering!K2 -> 16871 | F2: 0.2 | G2: =Submetering!P2 -> 169.1 | H2: 10.02 | I2: =Submetering!T2-Submetering!T2*15%-Submetering!X2 -> 29342.608 | J2: 0.21 | K2: =Submetering!N2-Submetering!O2 -> 45.36 | L2: 7.84 | M2: 12 | N2: 21
A3: Abu Dhabi | B3: =B2+1 -> 2 | C3: 5 | D3: 2020 | E3: =Submetering!E3+Submetering!F3+Submetering!G3+Submetering!H3+Submetering!I3+Submetering!J3+Submetering!K3 -> 16623 | F3: 0.2 | G3: =Submetering!P3 -> 169.4 | H3: 10.02 | I3: =Submetering!T3-Submetering!T3*15%-Submetering!X3 -> 27481.655 | J3: 0.21 | K3: =Submetering!N3-Submetering!O3 -> 81.662 | L3: 7.84 | M3: 10 | N3: 15
A4: Abu Dhabi | B4: =B3+1 -> 3 | C4: 5 | D4: 2020 | E4: =Submetering!E4+Submetering!F4+Submetering!G4+Submetering!H4+Submetering!I4+Submetering!J4+Submetering!K4 -> 16779 | F4: 0.2 | G4: =Submetering!P4 -> 163.6 | H4: 10.02 | I4: =Submetering!T4-Submetering!T4*15%-Submetering!X4 -> 29506.94 | J4: 0.21 | K4: =Submetering!N4-Submetering!O4 -> 37.012 | L4: 7.84 | M4: 11 | N4: 18
A5: Abu Dhabi | B5: =B4+1 -> 4 | C5: 5 | D5: 2020 | E5: =Submetering!E5+Submetering!F5+Submetering!G5+Submetering!H5+Submetering!I5+Submetering!J5+Submetering!K5 -> 17111 | F5: 0.2 | G5: =Submetering!P5 -> 164.5 | H5: 10.02 | I5: =Submetering!T5-Submetering!T5*15%-Submetering!X5 -> 27482.086 | J5: 0.21 | K5: =Submetering!N5-Submetering!O5 -> 59.111 | L5: 7.84 | M5: 13 | N5: 20
A6: Abu Dhabi | B6: =B5+1 -> 5 | C6: 5 | D6: 2020 | E6: =Submetering!E6+Submetering!F6+Submetering!G6+Submetering!H6+Submetering!I6+Submetering!J6+Submetering!K6 -> 16726 | F6: 0.2 | G6: =Submetering!P6 -> 163.2 | H6: 10.02 | I6: =Submetering!T6-Submetering!T6*15%-Submetering!X6 -> 23447.24 | J6: 0.21 | K6: =Submetering!N6-Submetering!O6 -> 65.564 | L6: 7.84 | M6: 14 | N6: 22
A7: Abu Dhabi | B7: =B6+1 -> 6 | C7: 5 | D7: 2020 | E7: =Submetering!E7+Submetering!F7+Submetering!G7+Submetering!H7+Submetering!I7+Submetering!J7+Submetering!K7 -> 16752 | F7: 0.2 | G7: =Submetering!P7 -> 164.4 | H7: 10.02 | I7: =Submetering!T7-Submetering!T7*15%-Submetering!X7 -> 27801.394 | J7: 0.21 | K7: =Submetering!N7-Submetering!O7 -> 58.857 | L7: 7.84 | M7: 12 | N7: 19
A8: Abu Dhabi | B8: =B7+1 -> 7 | C8: 5 | D8: 2020 | E8: =Submetering!E8+Submetering!F8+Submetering!G8+Submetering!H8+Submetering!I8+Submetering!J8+Submetering!K8 -> 16981 | F8: 0.2 | G8: =Submetering!P8 -> 163 | H8: 10.02 | I8: =Submetering!T8-Submetering!T8*15%-Submetering!X8 -> 27358.804 | J8: 0.21 | K8: =Submetering!N8-Submetering!O8 -> 29.647 | L8: 7.84 | M8: 11 | N8: 19
A9: Abu Dhabi | B9: =B8+1 -> 8 | C9: 5 | D9: 2020 | E9: =Submetering!E9+Submetering!F9+Submetering!G9+Submetering!H9+Submetering!I9+Submetering!J9+Submetering!K9 -> 17152 | F9: 0.2 | G9: =Submetering!P9 -> 167.5 | H9: 10.02 | I9: =Submetering!T9-Submetering!T9*15%-Submetering!X9 -> 28347.599 | J9: 0.21 | K9: =Submetering!N9-Submetering!O9 -> 66.246 | L9: 7.84 | M9: 10 | N9: 17
A10: Abu Dhabi | B10: =B9+1 -> 9 | C10: 5 | D10: 2020 | E10: =Submetering!E10+Submetering!F10+Submetering!G10+Submetering!H10+Submetering!I10+Submetering!J10+Submetering!K10 -> 16799 | F10: 0.2 | G10: =Submetering!P10 -> 163.9 | H10: 10.02 | I10: =Submetering!T10-Submetering!T10*15%-Submetering!X10 -> 26992.151 | J10: 0.21 | K10: =Submetering!N10-Submetering!O10 -> 25.3 | L10: 7.84 | M10: 11 | N10: 18
A11: Abu Dhabi | B11: =B10+1 -> 10 | C11: 5 | D11: 2020 | E11: =Submetering!E11+Submetering!F11+Submetering!G11+Submetering!H11+Submetering!I11+Submetering!J11+Submetering!K11 -> 16623 | F11: 0.2 | G11: =Submetering!P11 -> 158.4 | H11: 10.02 | I11: =Submetering!T11-Submetering!T11*15%-Submetering!X11 -> 25730.921 | J11: 0.21 | K11: =Submetering!N11-Submetering!O11 -> 58.445 | L11: 7.84 | M11: 11 | N11: 17
A12: Abu Dhabi | B12: =B11+1 -> 11 | C12: 5 | D12: 2020 | E12: =Submetering!E12+Submetering!F12+Submetering!G12+Submetering!H12+Submetering!I12+Submetering!J12+Submetering!K12 -> 16772 | F12: 0.2 | G12: =Submetering!P12 -> 165.4 | H12: 10.02 | I12: =Submetering!T12-Submetering!T12*15%-Submetering!X12 -> 29629.082 | J12: 0.21 | K12: =Submetering!N12-Submetering!O12 -> 71.784 | L12: 7.84 | M12: 17 | N12: 22
A13: Abu Dhabi | B13: =B12+1 -> 12 | C13: 5 | D13: 2020 | E13: =Submetering!E13+Submetering!F13+Submetering!G13+Submetering!H13+Submetering!I13+Submetering!J13+Submetering!K13 -> 16604 | F13: 0.2 | G13: =Submetering!P13 -> 161.3 | H13: 10.02 | I13: =Submetering!T13-Submetering!T13*15%-Submetering!X13 -> 25777.68 | J13: 0.21 | K13: =Submetering!N13-Submetering!O13 -> 58.275 | L13: 7.84 | M13: 14 | N13: 21
A14: Abu Dhabi | B14: =B13+1 -> 13 | C14: 5 | D14: 2020 | E14: =Submetering!E14+Submetering!F14+Submetering!G14+Submetering!H14+Submetering!I14+Submetering!J14+Submetering!K14 -> 16772 | F14: 0.2 | G14: =Submetering!P14 -> 166.8 | H14: 10.02 | I14: =Submetering!T14-Submetering!T14*15%-Submetering!X14 -> 24325.375 | J14: 0.21 | K14: =Submetering!N14-Submetering!O14 -> 27.302 | L14: 7.84 | M14: 15 | N14: 21
... A32: Abu Dhabi | B32: =B31+1 -> 31 | C32: 5 | D32: 2020 | E32: =Submetering!E32+Submetering!F32+Submetering!G32+Submetering!H32+Submetering!I32+Submetering!J32+Submetering!K32 -> 10479 | F32: 0.2 | G32: =Submetering!P32 -> 215 | H32: 10.02 | I32: =Submetering!T32-Submetering!T32*15%-Submetering!X32 -> 44584.909 | J32: 0.21 | K32: =Submetering!N32-Submetering!O32 -> 66 | L32: 7.84 | M32: 24 | N32: 40
M33: =SUM(M2:M32) -> 424 | N33: =SUM(N2:N32) -> 645

Sheet Submetering
A1: Site Name | B1: Day | C1: Month | D1: Year | E1: LVS-1 SECTION A - KWh | F1: LVS-1 SECTION B - KWh | G1: LVS-2 (CAFE MILANO)- KWh | H1: LVS-3 SECTION A- KWh | I1: LVS-3 SECTION B- KWh | J1: LVS-4 SECTION A- KWh | K1: LVS-4 SECTION B- KWh | L1: LVS-5 (FLOOR 15-32) KWh | M1: LVS-LRLV (RETAIL)KWh | N1: Total Water- m3 | O1: Galleria Water m3 | P1: Main Gas m3 | Q1: HW Boiler Gas - m3 | R1: Steam Boiler Gas- m3 | S1: Total Kitchen- m3 | T1: Main District Cooling- KWh | U1: Podium District Cooling- KWh | V1: Guest Rooms District Cooling- KWh | W1: Residence District Cooling- KWh | X1: Galleria District Cooling KWh | Y1: Room Nights | Z1: Total Guests
A2: Abu Dhabi | B2: 1 | C2: 1 | D2: 2020 | E2: ='FS-AD Daily '!B6 -> 2261 | F2: ='FS-AD Daily '!C6 -> 1394 | G2: ='FS-AD Daily '!D6 -> 282 | H2: ='FS-AD Daily '!E6 -> 3217 | I2: ='FS-AD Daily '!F6 -> 4477 | J2: ='FS-AD Daily '!G6 -> 1969 | K2: ='FS-AD Daily '!H6 -> 3271 | L2: ='FS-AD Daily '!I6 -> 2866 | M2: ='FS-AD Daily '!J6 -> 4560 | N2: ='FS-AD Daily '!T6 -> 74.661 | O2: ='FS-AD Daily '!R6 -> 29.301 | P2: ='FS-AD Daily '!Z6 -> 169.1 | Q2: ='FS-AD Daily '!V6 -> 101.3 | R2: ='FS-AD Daily '!W6 -> 0 | S2: =P2-Q2-R2 -> 67.8 | T2: ='FS-AD Daily '!AD6*3.516 -> 54403.068 | U2: =('FS-AD Daily '!AF6)*1000 -> 22500 | V2: =('FS-AD Daily '!AG6)*1000 -> 13100 | W2: ='FS-AD Daily '!AH6*1000 -> 15700 | X2: =('FS-AD Daily '!AK6)*1000 -> 16900 | Y2: 12 | Z2: 21
A3: Abu Dhabi | B3: =B2+1 -> 2 | C3: 1 | D3: 2020 | E3: ='FS-AD Daily '!B7 -> 2244 | F3: ='FS-AD Daily '!C7 -> 1307 | G3: ='FS-AD Daily '!D7 -> 243 | H3: ='FS-AD Daily '!E7 -> 3265 | I3: ='FS-AD Daily '!F7 -> 4369 | J3: ='FS-AD Daily '!G7 -> 1967 | K3: ='FS-AD Daily '!H7 -> 3228 | L3: ='FS-AD Daily '!I7 -> 2810 | M3: ='FS-AD Daily '!J7 -> 4585 | N3: ='FS-AD Daily '!T7 -> 111.583 | O3: ='FS-AD Daily '!R7 -> 29.921 | P3: ='FS-AD Daily '!Z7 -> 169.4 | Q3: ='FS-AD Daily '!V7 -> 105.8 | R3: ='FS-AD Daily '!W7 -> 0 | S3: =P3-Q3-R3 -> 63.6 | T3: ='FS-AD Daily '!AD7*3.516 -> 53154.888 | U3: =('FS-AD Daily '!AF7)*1000 -> 21400 | V3: =('FS-AD Daily '!AG7)*1000 -> 12300 | W3: ='FS-AD Daily '!AH7*1000 -> 15700 | X3: =('FS-AD Daily '!AK7)*1000 -> 17700 | Y3: 10 | Z3: 15
A4: Abu Dhabi | B4: =B3+1 -> 3 | C4: 1 | D4: 2020 | E4: ='FS-AD Daily '!B8 -> 2160 | F4: ='FS-AD Daily '!C8 -> 1386 | G4: ='FS-AD Daily '!D8 -> 225 | H4: ='FS-AD Daily '!E8 -> 3289 | I4: ='FS-AD Daily '!F8 -> 4465 | J4: ='FS-AD Daily '!G8 -> 1981 | K4: ='FS-AD Daily '!H8 -> 3273 | L4: ='FS-AD Daily '!I8 -> 2931 | M4: ='FS-AD Daily '!J8 -> 4545 | N4: ='FS-AD Daily '!T8 -> 53.747 | O4: ='FS-AD Daily '!R8 -> 16.735 | P4: ='FS-AD Daily '!Z8 -> 163.6 | Q4: ='FS-AD Daily '!V8 -> 104.7 | R4: ='FS-AD Daily '!W8 -> 0 | S4: =P4-Q4-R4 -> 58.9 | T4: ='FS-AD Daily '!AD8*3.516 -> 53066.988 | U4: =('FS-AD Daily '!AF8)*1000 -> 21500 | V4: =('FS-AD Daily '!AG8)*1000 -> 15200 | W4: ='FS-AD Daily '!AH8*1000 -> 14900 | X4: =('FS-AD Daily '!AK8)*1000 -> 15600 | Y4: 11 | Z4: 18
A5: Abu Dhabi | B5: =B4+1 -> 4 | C5: 1 | D5: 2020 | E5: ='FS-AD Daily '!B9 -> 2219 | F5: ='FS-AD Daily '!C9 -> 1502 | G5: ='FS-AD Daily '!D9 -> 266 | H5: ='FS-AD Daily '!E9 -> 3373 | I5: ='FS-AD Daily '!F9 -> 4527 | J5: ='FS-AD Daily '!G9 -> 1909 | K5: ='FS-AD Daily '!H9 -> 3315 | L5: ='FS-AD Daily '!I9 -> 2818 | M5: ='FS-AD Daily '!J9 -> 4268 | N5: ='FS-AD Daily '!T9 -> 86.937 | O5: ='FS-AD Daily '!R9 -> 27.826 | P5: ='FS-AD Daily '!Z9 -> 164.5 | Q5: ='FS-AD Daily '!V9 -> 100.7 | R5: ='FS-AD Daily '!W9 -> 0 | S5: =P5-Q5-R5 -> 63.8 | T5: ='FS-AD Daily '!AD9*3.516 -> 52096.572 | U5: =('FS-AD Daily '!AF9)*1000 -> 23100 | V5: =('FS-AD Daily '!AG9)*1000 -> 13000 | W5: ='FS-AD Daily '!AH9*1000 -> 15000 | X5: =('FS-AD Daily '!AK9)*1000 -> 16800 | Y5: 13 | Z5: 20
A6: Abu Dhabi | B6: =B5+1 -> 5 | C6: 1 | D6: 2020 | E6: ='FS-AD Daily '!B10 -> 2163 | F6: ='FS-AD Daily '!C10 -> 1366 | G6: ='FS-AD Daily '!D10 -> 239 | H6: ='FS-AD Daily '!E10 -> 3371 | I6: ='FS-AD Daily '!F10 -> 4425 | J6: ='FS-AD Daily '!G10 -> 1897 | K6: ='FS-AD Daily '!H10 -> 3265 | L6: ='FS-AD Daily '!I10 -> 2777 | M6: ='FS-AD Daily '!J10 -> 4196 | N6: ='FS-AD Daily '!T10 -> 86.647 | O6: ='FS-AD Daily '!R10 -> 21.083 | P6: ='FS-AD Daily '!Z10 -> 163.2 | Q6: ='FS-AD Daily '!V10 -> 95.2 | R6: ='FS-AD Daily '!W10 -> 0 | S6: =P6-Q6-R6 -> 68 | T6: ='FS-AD Daily '!AD10*3.516 -> 47114.4 | U6: =('FS-AD Daily '!AF10)*1000 -> 21100 | V6: =('FS-AD Daily '!AG10)*1000 -> 10900 | W6: ='FS-AD Daily '!AH10*1000 -> 13900 | X6: =('FS-AD Daily '!AK10)*1000 -> 16600 | Y6: 14 | Z6: 22
A7: Abu Dhabi | B7: =B6+1 -> 6 | C7: 1 | D7: 2020 | E7: ='FS-AD Daily '!B11 -> 2178 | F7: ='FS-AD Daily '!C11 -> 1367 | G7: ='FS-AD Daily '!D11 -> 225 | H7: ='FS-AD Daily '!E11 -> 3388 | I7: ='FS-AD Daily '!F11 -> 4364 | J7: ='FS-AD Daily '!G11 -> 2035 | K7: ='FS-AD Daily '!H11 -> 3195 | L7: ='FS-AD Daily '!I11 -> 2772 | M7: ='FS-AD Daily '!J11 -> 4119 | N7: ='FS-AD Daily '!T11 -> 78.474 | O7: ='FS-AD Daily '!R11 -> 19.617 | P7: ='FS-AD Daily '!Z11 -> 164.4 | Q7: ='FS-AD Daily '!V11 -> 102.5 | R7: ='FS-AD Daily '!W11 -> 0 | S7: =P7-Q7-R7 -> 61.9 | T7: ='FS-AD Daily '!AD11*3.516 -> 52001.64 | U7: =('FS-AD Daily '!AF11)*1000 -> 22600 | V7: =('FS-AD Daily '!AG11)*1000 -> 15400 | W7: ='FS-AD Daily '!AH11*1000 -> 13800 | X7: =('FS-AD Daily '!AK11)*1000 -> 16400 | Y7: 12 | Z7: 19
A8: Abu Dhabi | B8: =B7+1 -> 7 | C8: 1 | D8: 2020 | E8: ='FS-AD Daily '!B12 -> 2266 | F8: ='FS-AD Daily '!C12 -> 1322 | G8: ='FS-AD Daily '!D12 -> 207 | H8: ='FS-AD Daily '!E12 -> 3373 | I8: ='FS-AD Daily '!F12 -> 4487 | J8: ='FS-AD Daily '!G12 -> 2102 | K8: ='FS-AD Daily '!H12 -> 3224 | L8: ='FS-AD Daily '!I12 -> 2748 | M8: ='FS-AD Daily '!J12 -> 4015 | N8: ='FS-AD Daily '!T12 -> 53.159 | O8: ='FS-AD Daily '!R12 -> 23.512 | P8: ='FS-AD Daily '!Z12 -> 163 | Q8: ='FS-AD Daily '!V12 -> 119.7 | R8: ='FS-AD Daily '!W12 -> 0 | S8: =P8-Q8-R8 -> 43.3 | T8: ='FS-AD Daily '!AD12*3.516 -> 49716.24 | U8: =('FS-AD Daily '!AF12)*1000 -> 21500 | V8: =('FS-AD Daily '!AG12)*1000 -> 14600 | W8: ='FS-AD Daily '!AH12*1000 -> 13800 | X8: =('FS-AD Daily '!AK12)*1000 -> 14900 | Y8: 11 | Z8: 19
A9: Abu Dhabi | B9: =B8+1 -> 8 | C9: 1 | D9: 2020 | E9: ='FS-AD Daily '!B13 -> 2294 | F9: ='FS-AD Daily '!C13 -> 1352 | G9: ='FS-AD Daily '!D13 -> 264 | H9: ='FS-AD Daily '!E13 -> 3511 | I9: ='FS-AD Daily '!F13 -> 4444 | J9: ='FS-AD Daily '!G13 -> 2013 | K9: ='FS-AD Daily '!H13 -> 3274 | L9: ='FS-AD Daily '!I13 -> 2810 | M9: ='FS-AD Daily '!J13 -> 4270 | N9: ='FS-AD Daily '!T13 -> 84.305 | O9: ='FS-AD Daily '!R13 -> 18.059 | P9: ='FS-AD Daily '!Z13 -> 167.5 | Q9: ='FS-AD Daily '!V13 -> 79.9 | R9: ='FS-AD Daily '!W13 -> 0 | S9: =P9-Q9-R9 -> 87.6 | T9: ='FS-AD Daily '!AD13*3.516 -> 51938.352 | U9: =('FS-AD Daily '!AF13)*1000 -> 23300 | V9: =('FS-AD Daily '!AG13)*1000 -> 13100 | W9: ='FS-AD Daily '!AH13*1000 -> 13900 | X9: =('FS-AD Daily '!AK13)*1000 -> 15800 | Y9: 10 | Z9: 17
A10: Abu Dhabi | B10: =B9+1 -> 9 | C10: 1 | D10: 2020 | E10: ='FS-AD Daily '!B14 -> 2291 | F10: ='FS-AD Daily '!C14 -> 1355 | G10: ='FS-AD Daily '!D14 -> 262 | H10: ='FS-AD Daily '!E14 -> 3272 | I10: ='FS-AD Daily '!F14 -> 4340 | J10: ='FS-AD Daily '!G14 -> 1962 | K10: ='FS-AD Daily '!H14 -> 3317 | L10: ='FS-AD Daily '!I14 -> 2843 | M10: ='FS-AD Daily '!J14 -> 4130 | N10: ='FS-AD Daily '!T14 -> 49.257 | O10: ='FS-AD Daily '!R14 -> 23.957 | P10: ='FS-AD Daily '!Z14 -> 163.9 | Q10: ='FS-AD Daily '!V14 -> 98.8 | R10: ='FS-AD Daily '!W14 -> 0 | S10: =P10-Q10-R10 -> 65.1 | T10: ='FS-AD Daily '!AD14*3.516 -> 50226.06 | U10: =('FS-AD Daily '!AF14)*1000 -> 22300 | V10: =('FS-AD Daily '!AG14)*1000 -> 12000 | W10: ='FS-AD Daily '!AH14*1000 -> 13800 | X10: =('FS-AD Daily '!AK14)*1000 -> 15700 | Y10: 11 | Z10: 18
A11: Abu Dhabi | B11: =B10+1 -> 10 | C11: 1 | D11: 2020 | E11: ='FS-AD Daily '!B15 -> 2145 | F11: ='FS-AD Daily '!C15 -> 1273 | G11: ='FS-AD Daily '!D15 -> 218 | H11: ='FS-AD Daily '!E15 -> 3334 | I11: ='FS-AD Daily '!F15 -> 4448 | J11: ='FS-AD Daily '!G15 -> 1984 | K11: ='FS-AD Daily '!H15 -> 3221 | L11: ='FS-AD Daily '!I15 -> 2871 | M11: ='FS-AD Daily '!J15 -> 4016 | N11: ='FS-AD Daily '!T15 -> 78.429 | O11: ='FS-AD Daily '!R15 -> 19.984 | P11: ='FS-AD Daily '!Z15 -> 158.4 | Q11: ='FS-AD Daily '!V15 -> 96.8 | R11: ='FS-AD Daily '!W15 -> 0 | S11: =P11-Q11-R11 -> 61.6 | T11: ='FS-AD Daily '!AD15*3.516 -> 47212.848 | U11: =('FS-AD Daily '!AF15)*1000 -> 20400 | V11: =('FS-AD Daily '!AG15)*1000 -> 11500 | W11: ='FS-AD Daily '!AH15*1000 -> 14100 | X11: =('FS-AD Daily '!AK15)*1000 -> 14400 | Y11: 11 | Z11: 17
A12: Abu Dhabi | B12: =B11+1 -> 11 | C12: 1 | D12: 2020 | E12: ='FS-AD Daily '!B16 -> 2099 | F12: ='FS-AD Daily '!C16 -> 1241 | G12: ='FS-AD Daily '!D16 -> 218 | H12: ='FS-AD Daily '!E16 -> 3362 | I12: ='FS-AD Daily '!F16 -> 4457 | J12: ='FS-AD Daily '!G16 -> 1942 | K12: ='FS-AD Daily '!H16 -> 3453 | L12: ='FS-AD Daily '!I16 -> 2885 | M12: ='FS-AD Daily '!J16 -> 3984 | N12: ='FS-AD Daily '!T16 -> 91.888 | O12: ='FS-AD Daily '!R16 -> 20.104 | P12: ='FS-AD Daily '!Z16 -> 165.4 | Q12: ='FS-AD Daily '!V16 -> 108.2 | R12: ='FS-AD Daily '!W16 -> 0 | S12: =P12-Q12-R12 -> 57.2 | T12: ='FS-AD Daily '!AD16*3.516 -> 55798.92 | U12: =('FS-AD Daily '!AF16)*1000 -> 24400 | V12: =('FS-AD Daily '!AG16)*1000 -> 12800 | W12: ='FS-AD Daily '!AH16*1000 -> 15400 | X12: =('FS-AD Daily '!AK16)*1000 -> 17800 | Y12: 17 | Z12: 22
A13: Abu Dhabi | B13: =B12+1 -> 12 | C13: 1 | D13: 2020 | E13: ='FS-AD Daily '!B17 -> 2029 | F13: ='FS-AD Daily '!C17 -> 1165 | G13: ='FS-AD Daily '!D17 -> 201 | H13: ='FS-AD Daily '!E17 -> 3423 | I13: ='FS-AD Daily '!F17 -> 4447 | J13: ='FS-AD Daily '!G17 -> 1987 | K13: ='FS-AD Daily '!H17 -> 3352 | L13: ='FS-AD Daily '!I17 -> 2810 | M13: ='FS-AD Daily '!J17 -> 3822 | N13: ='FS-AD Daily '!T17 -> 77.969 | O13: ='FS-AD Daily '!R17 -> 19.694 | P13: ='FS-AD Daily '!Z17 -> 161.3 | Q13: ='FS-AD Daily '!V17 -> 109 | R13: ='FS-AD Daily '!W17 -> 0 | S13: =P13-Q13-R13 -> 52.3 | T13: ='FS-AD Daily '!AD17*3.516 -> 50679.624 | U13: =('FS-AD Daily '!AF17)*1000 -> 22800 | V13: =('FS-AD Daily '!AG17)*1000 -> 11600 | W13: ='FS-AD Daily '!AH17*1000 -> 14100 | X13: =('FS-AD Daily '!AK17)*1000 -> 17300 | Y13: 14 | Z13: 21
A14: Abu Dhabi | B14: =B13+1 -> 13 | C14: 1 | D14: 2020 | E14: ='FS-AD Daily '!B18 -> 2144 | F14: ='FS-AD Daily '!C18 -> 1311 | G14: ='FS-AD Daily '!D18 -> 147 | H14: ='FS-AD Daily '!E18 -> 3464 | I14: ='FS-AD Daily '!F18 -> 4389 | J14: ='FS-AD Daily '!G18 -> 2042 | K14: ='FS-AD Daily '!H18 -> 3275 | L14: ='FS-AD Daily '!I18 -> 2752 | M14: ='FS-AD Daily '!J18 -> 3928 | N14: ='FS-AD Daily '!T18 -> 57.847 | O14: ='FS-AD Daily '!R18 -> 30.545 | P14: ='FS-AD Daily '!Z18 -> 166.8 | Q14: ='FS-AD Daily '!V18 -> 104 | R14: ='FS-AD Daily '!W18 -> 0 | S14: =P14-Q14-R14 -> 62.8 | T14: ='FS-AD Daily '!AD18*3.516 -> 46147.5 | U14: =('FS-AD Daily '!AF18)*1000 -> 20500 | V14: =('FS-AD Daily '!AG18)*1000 -> 11300 | W14: ='FS-AD Daily '!AH18*1000 -> 12900 | X14: =('FS-AD Daily '!AK18)*1000 -> 14900 | Y14: 15 | Z14: 21
... A30: Abu Dhabi | B30: =B29+1 -> 29 | C30: 1 | D30: 2020 | E30: ='FS-AD Daily '!B34 -> 2313 | F30: ='FS-AD Daily '!C34 -> 1513 | G30: ='FS-AD Daily '!D34 -> 180 | H30: ='FS-AD Daily '!E34 -> 3190 | I30: ='FS-AD Daily '!F34 -> 4499 | J30: ='FS-AD Daily '!G34 -> 2125 | K30: ='FS-AD Daily '!H34 -> 3463 | L30: ='FS-AD Daily '!I34 -> 2794 | M30: ='FS-AD Daily '!J34 -> 4832 | N30: ='FS-AD Daily '!T34 -> 86.768 | O30: ='FS-AD Daily '!R34 -> 33.093 | P30: ='FS-AD Daily '!Z34 -> 185.6 | Q30: ='FS-AD Daily '!V34 -> 121.4 | R30: ='FS-AD Daily '!W34 -> 0 | S30: =P30-Q30-R30 -> 64.2 | T30: ='FS-AD Daily '!AD34*3.516 -> 64652.208 | U30: =('FS-AD Daily '!AF34)*1000 -> 29400 | V30: =('FS-AD Daily '!AG34)*1000 -> 14100 | W30: ='FS-AD Daily '!AH34*1000 -> 16600 | X30: =('FS-AD Daily '!AK34)*1000 -> 19100 | Y30: 16 | Z30: 27
A31: Abu Dhabi | B31: =B30+1 -> 30 | C31: 1 | D31: 2020 | E31: ='FS-AD Daily '!B36 -> 2972 | F31: ='FS-AD Daily '!C36 -> 2110 | G31: ='FS-AD Daily '!D36 -> 403 | H31: ='FS-AD Daily '!E36 -> 3466 | I31: ='FS-AD Daily '!F35 -> 4681 | J31: ='FS-AD Daily '!G35 -> 2232 | K31: ='FS-AD Daily '!H35 -> 3675 | L31: ='FS-AD Daily '!I35 -> 2966 | M31: ='FS-AD Daily '!J35 -> 5146 | N31: ='FS-AD Daily '!T35 -> 85.969 | O31: ='FS-AD Daily '!R35 -> 30.566 | P31: ='FS-AD Daily '!Z35 -> 210.3 | Q31: ='FS-AD Daily '!V35 -> 127.9 | R31: ='FS-AD Daily '!W35 -> 0 | S31: =P31-Q31-R31 -> 82.4 | T31: ='FS-AD Daily '!AD35*3.516 -> 71807.268 | U31: =('FS-AD Daily '!AF35)*1000 -> 33500 | V31: =('FS-AD Daily '!AG35)*1000 -> 14800 | W31: ='FS-AD Daily '!AH35*1000 -> 18200 | X31: =('FS-AD Daily '!AK35)*1000 -> 21200 | Y31: 15 | Z31: 25
A32: Abu Dhabi | B32: =B31+1 -> 31 | I32: ='FS-AD Daily '!F36 -> 4545 | J32: ='FS-AD Daily '!G36 -> 2424 | K32: ='FS-AD Daily '!H36 -> 3510 | L32: ='FS-AD Daily '!I36 -> 2877 | M32: ='FS-AD Daily '!J36 -> 5358 | N32: ='FS-AD Daily '!T36 -> 99.8 | O32: ='FS-AD Daily '!R36 -> 33.8 | P32: ='FS-AD Daily '!Z36 -> 215 | Q32: ='FS-AD Daily '!V36 -> 144.5 | R32: ='FS-AD Daily '!W36 -> 0 | S32: =P32-Q32-R32 -> 70.5 | T32: ='FS-AD Daily '!AD36*3.516 -> 80217.54 | U32: =('FS-AD Daily '!AF36)*1000 -> 40100 | V32: =('FS-AD Daily '!AG36)*1000 -> 15500 | W32: ='FS-AD Daily '!AH36*1000 -> 18200 | X32: =('FS-AD Daily '!AK36)*1000 -> 23600 | Y32: 24 | Z32: 40
I33: =SUM(I2:I32) -> 138950 | J33: =SUM(J2:J32) -> 65507 | K33: =SUM(K2:K32) -> 104783 | L33: =SUM(L2:L32) -> 87632 | M33: =SUM(M2:M32) -> 141260 | N33: =SUM(N2:N32) -> 2478.446 | O33: =SUM(O2:O32) -> 881.97 | P33: =SUM(P2:P32) -> 5541.6 | ... W33: =SUM(W2:W32) -> 467100 | X33: ='FS-AD Daily '!U38 -> 12516.372 | Y33: ='FS-AD Daily '!V38 -> 0 | Z33: ='FS-AD Daily '!W38 -> 0
Y34: =SUM(Y2:Y32) -> 424 | Z34: =SUM(Z2:Z32) -> 645

Sheet FS-AD Daily 
A1: DATE | B1: ELECTRICAL METERS | K1: TOTAL CONSUMPTION (kWh) | L1: ELECTRICITY - TOTAL (AED) | M1: Concrete Tank Meter (Daily Consumption) | N1: Fiber tank Meter Cold Water Podium & Galleria Staff Toilet Section 2 | O1: Galleria Hot water Public Area | P1: Water Bulk 3 Meter Galleria (Daily Consumption) section 1 | Q1: Irrigation Tank Meter (Daily Consumption) | R1: Galleria Consumption m3 | S1: GALLERIA WATER TOTAL COST (AED) | T1: WATER METER (Daily Consumption) m3 | U1: FSH WATER (AED) | V1: Hot Water Boiler (Daily Gas Consumption m 3) | W1: Steam Boiler (Daily Gas Consumption m 3) | X1: GAS METERS (Daily Reading) | Z1: GAS (Daily Consumption m 3) | AA1: GAS (AED) | AB1: CHILLED WATER (Daily Reading) Present HT | AC1: CHILLED WATER (Daily Reading) Previous HT | AD1: CHILLED WATER (Daily Consumption) HT | AE1: CHILLED WATER (AED) | AF1: Podium Chilled Water - MWh | AG1: Guest Room Chilled Water MWh | AH1: Residence Chilled Water MWh | AI1: Galleria chilled water MWH Previous | AJ1: Galleria chilled water MWH Present | AK1: Galleria Chilled Water Total MWH | AL1: Galleria Chilled Water Total HT | AM1: CHILLED WATER (AED) | AN1: OCCUPANCY (Room Night) | AO1: TOTAL (AED) | AQ1: THR AED (0.334529) | AR1: MWH = H.TON (1 = 284.34)
A2: 2020 | B2: 1 | C2: 2 | D2: 3 | E2: 4 | F2: 5 | G2: 6 | H2: 7 | I2: 8 | J2: 9 | K2: TOTAL CONSUMPTION (KWH) | L2: TOTAL AMOUNT (AED) | X2: 1 | Y2: 2 | AA2: (AED. 10.02/m3 + AED. 0.50 Service) | AC2: (K21B2419000) | AE2: AED. 0.333415/Ton | AM2: AED. 0.333415/Ton
B3: 4626096222-E | C3: 6572482789-E | D3: 3190048503-E | E3: 3732963488-E | F3: 4626096253-E | G3: 7651356710-E | H3: 5076351256-E | I3: 8990986529-E | J3: 6057081392-E
B4: LVS-1 SECTION A | C4: LVS-1 SECTION B | D4: LVS-2 (CAFÉ MILANO) | E4: LVS-3 SECTION A | F4: LVS-3 SECTION B | G4: LVS-4 SECTION A | H4: LVS-4 SECTION B | I4: LVS-5 (FLOOR 15-32) | J4: LVS-LRLV (RETAIL) | Y4: 652219.8 | AB4: 38266300 | AJ4: 34557.7 | AP4: 0.333415
A5: TOTAL | E5: Hot water calorifiers L 14 feed 15 - 19 floor | G5: Residence Apartment chilled water pump share feeder | H5: Residence Public Area Electric DB share feeder | I5: Residence apartments Electric DB (individual apartment feeder) | X5: Galleria independent supply | AA5: =SUM(#REF!) -> #REF! | AE5: =SUM(#REF!) -> #REF! | AK5: =SUM(#REF!) -> #REF! | AO5: =SUM(#REF!) -> #REF!
A6: 43952 | B6: 2261 | C6: 1394 | D6: 282 | E6: 3217 | F6: 4477 | G6: 1969 | H6: 3271 | I6: 2866 | J6: 4560 | K6: =SUM(B6:H6) -> 16871 | L6: =K6*0.2 -> 3374.2 | M6: 67.641 | N6: 0.256 | O6: 4.116 | P6: 24.929 | Q6: 7.02 | R6: =N6+O6+P6 -> 29.301 | S6: =(N6+O6+P6)*7.84 -> 229.71984 | T6: =M6+Q6 -> 74.661 | U6: =T6*7.84 -> 585.34224 | V6: 101.3 | W6: 0 | X6: 0001523.20 | Y6: 652388.9 | Z6: =IF((Y6-Y5<0), "0",Y6-Y4) -> 169.1 | AA6: =Z6*10.07 -> 1702.837 | AB6: 38281773 | AC6: =AB4 -> 38266300 | AD6: =IF((AB6-AC6<0), "0",AB6-AC6) -> 15473 | AE6: =AD6*0.333415 -> 5158.9303 | AF6: 22.5 | AG6: 13.1 | AH6: 15.7 | AI6: =AJ4 -> 34557.7 | AJ6: 34574.6 | AK6: =IF((AJ6-AI6)<0, "0",AJ6-AI6) -> 16.9 | AL6: =AK6*(284.34513609) -> 4805.4328 | AM6: =AL6*0.333415 -> 1602.2034 | AN6: 12 | AO6: =L6+U6+AA6+AE6 -> 10821.31
A7: 43953 | B7: 2244 | C7: 1307 | D7: 243 | E7: 3265 | F7: 4369 | G7: 1967 | H7: 3228 | I7: 2810 | J7: 4585 | K7: =SUM(B7:H7) -> 16623 | L7: =K7*0.2 -> 3324.6 | M7: 101.232 | N7: 0.436 | O7: 4.106 | P7: 25.379 | Q7: 10.351 | R7: =N7+O7+P7 -> 29.921 | S7: =(N7+O7+P7)*7.84 -> 234.58064 | T7: =M7+Q7 -> 111.583 | U7: =T7*7.84 -> 874.81072 | V7: 105.8 | W7: 0 | X7: 0001523.20 | Y7: 652558.3 | Z7: =IF((Y7-Y6<0), "0",Y7-Y6) -> 169.4 | AA7: =Z7*10.07 -> 1705.858 | AB7: 38296891 | AC7: =AB6 -> 38281773 | AD7: =IF((AB7-AC7<0), "0",AB7-AC7) -> 15118 | AE7: =AD7*0.333415 -> 5040.568 | AF7: 21.4 | AG7: 12.3 | AH7: 15.7 | AI7: =AJ6 -> 34574.6 | AJ7: 34592.3 | AK7: =IF((AJ7-AI7)<0, "0",AJ7-AI7) -> 17.7 | AL7: =AK7*(284.34513609) -> 5032.9089 | AM7: =AL7*0.333415 -> 1678.0473 | AN7: 10 | AO7: =L7+U7+AA7+AE7 -> 10945.837
A8: 43954 | B8: 2160 | C8: 1386 | D8: 225 | E8: 3289 | F8: 4465 | G8: 1981 | H8: 3273 | I8: 2931 | J8: 4545 | K8: =SUM(B8:H8) -> 16779 | L8: =K8*0.2 -> 3355.8 | M8: 46.271 | N8: 0.663 | O8: 4.154 | P8: 11.918 | Q8: 7.476 | R8: =N8+O8+P8 -> 16.735 | S8: =(N8+O8+P8)*7.84 -> 131.2024 | T8: =M8+Q8 -> 53.747 | U8: =T8*7.84 -> 421.37648 | V8: 104.7 | W8: 0 | X8: 0001523.20 | Y8: 652721.9 | Z8: =IF((Y8-Y7<0), "0",Y8-Y7) -> 163.6 | AA8: =Z8*10.07 -> 1647.452 | AB8: 38311984 | AC8: =AB7 -> 38296891 | AD8: =IF((AB8-AC8<0), "0",AB8-AC8) -> 15093 | AE8: =AD8*0.333415 -> 5032.2326 | AF8: 21.5 | AG8: 15.2 | AH8: 14.9 | AI8: =AJ7 -> 34592.3 | AJ8: 34607.9 | AK8: =IF((AJ8-AI8)<0, "0",AJ8-AI8) -> 15.6 | AL8: =AK8*(284.34513609) -> 4435.7841 | AM8: =AL8*0.333415 -> 1478.957 | AN8: 11 | AO8: =L8+U8+AA8+AE8 -> 10456.861
A9: 43955 | B9: 2219 | C9: 1502 | D9: 266 | E9: 3373 | F9: 4527 | G9: 1909 | H9: 3315 | I9: 2818 | J9: 4268 | K9: =SUM(B9:H9) -> 17111 | L9: =K9*0.2 -> 3422.2 | M9: 77.903 | N9: 1.501 | O9: 4.067 | P9: 22.258 | Q9: 9.034 | R9: =N9+O9+P9 -> 27.826 | S9: =(N9+O9+P9)*7.84 -> 218.15584 | T9: =M9+Q9 -> 86.937 | U9: =T9*7.84 -> 681.58608 | V9: 100.7 | W9: 0 | X9: 0001523.20 | Y9: 652886.4 | Z9: =IF((Y9-Y8<0), "0",Y9-Y8) -> 164.5 | AA9: =Z9*10.07 -> 1656.515 | AB9: 38326801 | AC9: =AB8 -> 38311984 | AD9: =IF((AB9-AC9<0), "0",AB9-AC9) -> 14817 | AE9: =AD9*0.333415 -> 4940.2101 | AF9: 23.1 | AG9: 13 | AH9: 15 | AI9: =AJ8 -> 34607.9 | AJ9: 34624.7 | AK9: =IF((AJ9-AI9)<0, "0",AJ9-AI9) -> 16.8 | AL9: =AK9*(284.34513609) -> 4776.9983 | AM9: =AL9*0.333415 -> 1592.7229 | AN9: 13 | AO9: =L9+U9+AA9+AE9 -> 10700.511
A10: 43956 | B10: 2163 | C10: 1366 | D10: 239 | E10: 3371 | F10: 4425 | G10: 1897 | H10: 3265 | I10: 2777 | J10: 4196 | K10: =SUM(B10:H10) -> 16726 | L10: =K10*0.2 -> 3345.2 | M10: 80.128 | N10: 1.108 | O10: 4.148 | P10: 15.827 | Q10: 6.519 | R10: =N10+O10+P10 -> 21.083 | S10: =(N10+O10+P10)*7.84 -> 165.29072 | T10: =M10+Q10 -> 86.647 | U10: =T10*7.84 -> 679.31248 | V10: 95.2 | W10: 0 | X10: 0001523.20 | Y10: 653049.6 | Z10: =IF((Y10-Y9<0), "0",Y10-Y9) -> 163.2 | AA10: =Z10*10.07 -> 1643.424 | AB10: 38340201 | AC10: =AB9 -> 38326801 | AD10: =IF((AB10-AC10<0), "0",AB10-AC10) -> 13400 | AE10: =AD10*0.333415 -> 4467.761 | AF10: 21.1 | AG10: 10.9 | AH10: 13.9 | AI10: =AJ9 -> 34624.7 | AJ10: 34641.3 | AK10: =IF((AJ10-AI10)<0, "0",AJ10-AI10) -> 16.6 | AL10: =AK10*(284.34513609) -> 4720.1293 | AM10: =AL10*0.333415 -> 1573.7619 | AN10: 14 | AO10: =L10+U10+AA10+AE10 -> 10135.697
A11: 43957 | B11: 2178 | C11: 1367 | D11: 225 | E11: 3388 | F11: 4364 | G11: 2035 | H11: 3195 | I11: 2772 | J11: 4119 | K11: =SUM(B11:H11) -> 16752 | L11: =K11*0.2 -> 3350.4 | M11: 72.771 | N11: 0.968 | O11: 4.131 | P11: 14.518 | Q11: 5.703 | R11: =N11+O11+P11 -> 19.617 | S11: =(N11+O11+P11)*7.84 -> 153.79728 | T11: =M11+Q11 -> 78.474 | U11: =T11*7.84 -> 615.23616 | V11: 102.5 | W11: 0 | X11: 0001523.20 | Y11: 653214 | Z11: =IF((Y11-Y10<0), "0",Y11-Y10) -> 164.4 | AA11: =Z11*10.07 -> 1655.508 | AB11: 38354991 | AC11: =AB10 -> 38340201 | AD11: =IF((AB11-AC11<0), "0",AB11-AC11) -> 14790 | AE11: =AD11*0.333415 -> 4931.2079 | AF11: 22.6 | AG11: 15.4 | AH11: 13.8 | AI11: =AJ10 -> 34641.3 | AJ11: 34657.7 | AK11: =IF((AJ11-AI11)<0, "0",AJ11-AI11) -> 16.4 | AL11: =AK11*(284.34513609) -> 4663.2602 | AM11: =AL11*0.333415 -> 1554.8009 | AN11: 12 | AO11: =L11+U11+AA11+AE11 -> 10552.352
A12: 43958 | B12: 2266 | C12: 1322 | D12: 207 | E12: 3373 | F12: 4487 | G12: 2102 | H12: 3224 | I12: 2748 | J12: 4015 | K12: =SUM(B12:H12) -> 16981 | L12: =K12*0.2 -> 3396.2 | M12: 50.93 | N12: 0.687 | O12: 4.12 | P12: 18.705 | Q12: 2.229 | R12: =N12+O12+P12 -> 23.512 | S12: =(N12+O12+P12)*7.84 -> 184.33408 | T12: =M12+Q12 -> 53.159 | U12: =T12*7.84 -> 416.76656 | V12: 119.7 | W12: 0 | X12: 0001523.20 | Y12: 653377 | Z12: =IF((Y12-Y11<0), "0",Y12-Y11) -> 163 | AA12: =Z12*10.07 -> 1641.41 | AB12: 38369131 | AC12: =AB11 -> 38354991 | AD12: =IF((AB12-AC12<0), "0",AB12-AC12) -> 14140 | AE12: =AD12*0.333415 -> 4714.4881 | AF12: 21.5 | AG12: 14.6 | AH12: 13.8 | AI12: =AJ11 -> 34657.7 | AJ12: 34672.6 | AK12: =IF((AJ12-AI12)<0, "0",AJ12-AI12) -> 14.9 | AL12: =AK12*(284.34513609) -> 4236.7425 | AM12: =AL12*0.333415 -> 1412.5935 | AN12: 11 | AO12: =L12+U12+AA12+AE12 -> 10168.865
A13: 43959 | B13: 2294 | C13: 1352 | D13: 264 | E13: 3511 | F13: 4444 | G13: 2013 | H13: 3274 | I13: 2810 | J13: 4270 | K13: =SUM(B13:H13) -> 17152 | L13: =K13*0.2 -> 3430.4 | M13: 79.016 | N13: 1.231 | O13: 4.138 | P13: 12.69 | Q13: 5.289 | R13: =N13+O13+P13 -> 18.059 | S13: =(N13+O13+P13)*7.84 -> 141.58256 | T13: =M13+Q13 -> 84.305 | U13: =T13*7.84 -> 660.9512 | V13: 79.9 | W13: 0 | X13: 0001523.20 | Y13: 653544.5 | Z13: =IF((Y13-Y12<0), "0",Y13-Y12) -> 167.5 | AA13: =Z13*10.07 -> 1686.725 | AB13: 38383903 | AC13: =AB12 -> 38369131 | AD13: =IF((AB13-AC13<0), "0",AB13-AC13) -> 14772 | AE13: =AD13*0.333415 -> 4925.2064 | AF13: 23.3 | AG13: 13.1 | AH13: 13.9 | AI13: =AJ12 -> 34672.6 | AJ13: 34688.4 | AK13: =IF((AJ13-AI13)<0, "0",AJ13-AI13) -> 15.8 | AL13: =AK13*(284.34513609) -> 4492.6532 | AM13: =AL13*0.333415 -> 1497.918 | AN13: 10 | AO13: =L13+U13+AA13+AE13 -> 10703.283
A14: 43960 | B14: 2291 | C14: 1355 | D14: 262 | E14: 3272 | F14: 4340 | G14: 1962 | H14: 3317 | I14: 2843 | J14: 4130 | K14: =SUM(B14:H14) -> 16799 | L14: =K14*0.2 -> 3359.8 | M14: 40.793 | N14: 1.065 | O14: 4.12 | P14: 18.772 | Q14: 8.464 | R14: =N14+O14+P14 -> 23.957 | S14: =(N14+O14+P14)*7.84 -> 187.82288 | T14: =M14+Q14 -> 49.257 | U14: =T14*7.84 -> 386.17488 | V14: 98.8 | W14: 0 | X14: 0001523.20 | Y14: 653708.4 | Z14: =IF((Y14-Y13<0), "0",Y14-Y13) -> 163.9 | AA14: =Z14*10.07 -> 1650.473 | AB14: 38398188 | AC14: =AB13 -> 38383903 | AD14: =IF((AB14-AC14<0), "0",AB14-AC14) -> 14285 | AE14: =AD14*0.333415 -> 4762.8333 | AF14: 22.3 | AG14: 12 | AH14: 13.8 | AI14: =AJ13 -> 34688.4 | AJ14: 34704.1 | AK14: =IF((AJ14-AI14)<0, "0",AJ14-AI14) -> 15.7 | AL14: =AK14*(284.34513609) -> 4464.2186 | AM14: =AL14*0.333415 -> 1488.4375 | AN14: 11 | AO14: =L14+U14+AA14+AE14 -> 10159.281
A15: 43961 | B15: 2145 | C15: 1273 | D15: 218 | E15: 3334 | F15: 4448 | G15: 1984 | H15: 3221 | I15: 2871 | J15: 4016 | K15: =SUM(B15:H15) -> 16623 | L15: =K15*0.2 -> 3324.6 | M15: 73.112 | N15: 1.453 | O15: 4.086 | P15: 14.445 | Q15: 5.317 | R15: =N15+O15+P15 -> 19.984 | S15: =(N15+O15+P15)*7.84 -> 156.67456 | T15: =M15+Q15 -> 78.429 | U15: =T15*7.84 -> 614.88336 | V15: 96.8 | W15: 0 | X15: 0001523.20 | Y15: 653866.8 | Z15: =IF((Y15-Y14<0), "0",Y15-Y14) -> 158.4 | AA15: =Z15*10.07 -> 1595.088 | AB15: 38411616 | AC15: =AB14 -> 38398188 | AD15: =IF((AB15-AC15<0), "0",AB15-AC15) -> 13428 | AE15: =AD15*0.333415 -> 4477.0966 | AF15: 20.4 | AG15: 11.5 | AH15: 14.1 | AI15: =AJ14 -> 34704.1 | AJ15: 34718.5 | AK15: =IF((AJ15-AI15)<0, "0",AJ15-AI15) -> 14.4 | AL15: =AK15*(284.34513609) -> 4094.57 | AM15: =AL15*0.333415 -> 1365.191 | AN15: 11 | AO15: =L15+U15+AA15+AE15 -> 10011.668
A16: 43962 | B16: 2099 | C16: 1241 | D16: 218 | E16: 3362 | F16: 4457 | G16: 1942 | H16: 3453 | I16: 2885 | J16: 3984 | K16: =SUM(B16:H16) -> 16772 | L16: =K16*0.2 -> 3354.4 | M16: 82.528 | N16: 0.985 | O16: 4.158 | P16: 14.961 | Q16: 9.36 | R16: =N16+O16+P16 -> 20.104 | S16: =(N16+O16+P16)*7.84 -> 157.61536 | T16: =M16+Q16 -> 91.888 | U16: =T16*7.84 -> 720.40192 | V16: 108.2 | W16: 0 | X16: 0001523.20 | Y16: 654032.2 | Z16: =IF((Y16-Y15<0), "0",Y16-Y15) -> 165.4 | AA16: =Z16*10.07 -> 1665.578 | AB16: 38427486 | AC16: =AB15 -> 38411616 | AD16: =IF((AB16-AC16<0), "0",AB16-AC16) -> 15870 | AE16: =AD16*0.333415 -> 5291.296 | AF16: 24.4 | AG16: 12.8 | AH16: 15.4 | AI16: =AJ15 -> 34718.5 | AJ16: 34736.3 | AK16: =IF((AJ16-AI16)<0, "0",AJ16-AI16) -> 17.8 | AL16: =AK16*(284.34513609) -> 5061.3434 | AM16: =AL16*0.333415 -> 1687.5278 | AN16: 17 | AO16: =L16+U16+AA16+AE16 -> 11031.676
A17: 43963 | B17: 2029 | C17: 1165 | D17: 201 | E17: 3423 | F17: 4447 | G17: 1987 | H17: 3352 | I17: 2810 | J17: 3822 | K17: =SUM(B17:H17) -> 16604 | L17: =K17*0.2 -> 3320.8 | M17: 71.933 | N17: 1.021 | O17: 4.146 | P17: 14.527 | Q17: 6.036 | R17: =N17+O17+P17 -> 19.694 | S17: =(N17+O17+P17)*7.84 -> 154.40096 | T17: =M17+Q17 -> 77.969 | U17: =T17*7.84 -> 611.27696 | V17: 109 | W17: 0 | X17: 0001523.20 | Y17: 654193.5 | Z17: =IF((Y17-Y16<0), "0",Y17-Y16) -> 161.3 | AA17: =Z17*10.07 -> 1624.291 | AB17: 38441900 | AC17: =AB16 -> 38427486 | AD17: =IF((AB17-AC17<0), "0",AB17-AC17) -> 14414 | AE17: =AD17*0.333415 -> 4805.8438 | AF17: 22.8 | AG17: 11.6 | AH17: 14.1 | AI17: =AJ16 -> 34736.3 | AJ17: 34753.6 | AK17: =IF((AJ17-AI17)<0, "0",AJ17-AI17) -> 17.3 | AL17: =AK17*(284.34513609) -> 4919.1709 | AM17: =AL17*0.333415 -> 1640.1254 | AN17: 14 | AO17: =L17+U17+AA17+AE17 -> 10362.212
A18: 43964 | B18: 2144 | C18: 1311 | D18: 147 | E18: 3464 | F18: 4389 | G18: 2042 | H18: 3275 | I18: 2752 | J18: 3928 | K18: =SUM(B18:H18) -> 16772 | L18: =K18*0.2 -> 3354.4 | M18: 47.609 | N18: 3.096 | O18: 4.007 | P18: 23.442 | Q18: 10.238 | R18: =N18+O18+P18 -> 30.545 | S18: =(N18+O18+P18)*7.84 -> 239.4728 | T18: =M18+Q18 -> 57.847 | U18: =T18*7.84 -> 453.52048 | V18: 104 | W18: 0 | X18: 0001523.20 | Y18: 654360.3 | Z18: =IF((Y18-Y17<0), "0",Y18-Y17) -> 166.8 | AA18: =Z18*10.07 -> 1679.676 | AB18: 38455025 | AC18: =AB17 -> 38441900 | AD18: =IF((AB18-AC18<0), "0",AB18-AC18) -> 13125 | AE18: =AD18*0.333415 -> 4376.0719 | AF18: 20.5 | AG18: 11.3 | AH18: 12.9 | AI18: =AJ17 -> 34753.6 | AJ18: 34768.5 | AK18: =IF((AJ18-AI18)<0, "0",AJ18-AI18) -> 14.9 | AL18: =AK18*(284.34513609) -> 4236.7425 | AM18: =AL18*0.333415 -> 1412.5935 | AN18: 15 | AO18: =L18+U18+AA18+AE18 -> 9863.6684
... A30: 43976 | B30: 2457 | C30: 1416 | D30: 124 | E30: 3321 | F30: 4661 | G30: 2358 | H30: 3468 | I30: 2805 | J30: 4745 | K30: =SUM(B30:H30) -> 17805 | L30: =K30*0.2 -> 3561 | M30: 52.99 | N30: 0.682 | O30: 4.256 | P30: 23.957 | Q30: 12.469 | R30: =N30+O30+P30 -> 28.895 | S30: =(N30+O30+P30)*7.84 -> 226.5368 | T30: =M30+Q30 -> 65.459 | U30: =T30*7.84 -> 513.19856 | V30: 127.4 | W30: 0 | X30: 0001523.20 | Y30: 656572 | Z30: =IF((Y30-Y29<0), "0",Y30-Y29) -> 192.7 | AA30: =Z30*10.07 -> 1940.489 | AB30: 38645485 | AC30: =AB29 -> 38627139 | AD30: =IF((AB30-AC30<0), "0",AB30-AC30) -> 18346 | AE30: =AD30*0.333415 -> 6116.8316 | AF30: 29 | AG30: 14.3 | AH30: 16.8 | AI30: =AJ29 -> 34961.9 | AJ30: 34981.4 | AK30: =IF((AJ30-AI30)<0, "0",AJ30-AI30) -> 19.5 | AL30: =AK30*(284.34513609) -> 5544.7302 | AM30: =AL30*0.333415 -> 1848.6962 | AN30: 19 | AO30: =L30+U30+AA30+AE30 -> 12131.519
A31: 43977 | B31: 2292 | C31: 1569 | D31: 144 | E31: 3446 | F31: 4792 | G31: 2262 | H31: 3357 | I31: 2802 | J31: 4906 | K31: =SUM(B31:H31) -> 17862 | L31: =K31*0.2 -> 3572.4 | M31: =30316.725-30199.947 -> 116.778 | N31: 1.88 | O31: 4.25 | P31: 26.119 | Q31: 4.818 | R31: =N31+O31+P31 -> 32.249 | S31: =(N31+O31+P31)*7.84 -> 252.83216 | T31: =M31+Q31 -> 121.596 | U31: =T31*7.84 -> 953.31264 | V31: 119.9 | W31: 0 | X31: 0001523.20 | Y31: 656772.5 | Z31: =IF((Y31-Y30<0), "0",Y31-Y30) -> 200.5 | AA31: =Z31*10.07 -> 2019.035 | AB31: 38663531 | AC31: =AB30 -> 38645485 | AD31: =IF((AB31-AC31<0), "0",AB31-AC31) -> 18046 | AE31: =AD31*0.333415 -> 6016.8071 | AF31: 28.6 | AG31: 13.4 | AH31: 16.7 | AI31: =AJ30 -> 34981.4 | AJ31: 35000.6 | AK31: =IF((AJ31-AI31)<0, "0",AJ31-AI31) -> 19.2 | AL31: =AK31*(284.34513609) -> 5459.4266 | AM31: =AL31*0.333415 -> 1820.2547 | AN31: 18 | AO31: =L31+U31+AA31+AE31 -> 12561.555
A32: 43978 | B32: 2433 | C32: 1451 | D32: 209 | E32: 3408 | F32: 4671 | G32: 2214 | H32: 3655 | I32: 2783 | J32: 4978 | K32: =SUM(B32:H32) -> 18041 | L32: =K32*0.2 -> 3608.2 | M32: =30365.415-30316.725 -> 48.69 | N32: 0.846 | O32: 4.16 | P32: 21.605 | Q32: 8.304 | R32: =N32+O32+P32 -> 26.611 | S32: =(N32+O32+P32)*7.84 -> 208.63024 | T32: =M32+Q32 -> 56.994 | U32: =T32*7.84 -> 446.83296 | V32: 127.7 | W32: 0 | X32: 0001523.20 | Y32: 656949 | Z32: =IF((Y32-Y31<0), "0",Y32-Y31) -> 176.5 | AA32: =Z32*10.07 -> 1777.355 | AB32: 38682316 | AC32: =AB31 -> 38663531 | AD32: =IF((AB32-AC32<0), "0",AB32-AC32) -> 18785 | AE32: =AD32*0.333415 -> 6263.2008 | AF32: 31 | AG32: 13.5 | AH32: 16.3 | AI32: =AJ31 -> 35000.6 | AJ32: 35020.1 | AK32: =IF((AJ32-AI32)<0, "0",AJ32-AI32) -> 19.5 | AL32: =AK32*(284.34513609) -> 5544.7302 | AM32: =AL32*0.333415 -> 1848.6962 | AN32: 20 | AO32: =L32+U32+AA32+AE32 -> 12095.589
A33: 43979 | B33: 2375 | C33: 2065 | D33: 159 | E33: 3431 | F33: 4712 | G33: 2133 | H33: 3793 | I33: 2872 | J33: 4831 | K33: =SUM(B33:H33) -> 18668 | L33: =K33*0.2 -> 3733.6 | M33: 76.046 | N33: 2.848 | O33: 4.226 | P33: 24.22 | Q33: 10.11 | R33: =N33+O33+P33 -> 31.294 | S33: =(N33+O33+P33)*7.84 -> 245.34496 | T33: =M33+Q33 -> 86.156 | U33: =T33*7.84 -> 675.46304 | V33: 118.4 | W33: 0 | X33: 0001523.20 | Y33: 657150.5 | Z33: =IF((Y33-Y32<0), "0",Y33-Y32) -> 201.5 | AA33: =Z33*10.07 -> 2029.105 | AB33: 38700989 | AC33: =AB32 -> 38682316 | AD33: =IF((AB33-AC33<0), "0",AB33-AC33) -> 18673 | AE33: =AD33*0.333415 -> 6225.8583 | AF33: 29.8 | AG33: 14.1 | AH33: 16.9 | AI33: =AJ32 -> 35020.1 | AJ33: 35039.6 | AK33: =IF((AJ33-AI33)<0, "0",AJ33-AI33) -> 19.5 | AL33: =AK33*(284.34513609) -> 5544.7302 | AM33: =AL33*0.333415 -> 1848.6962 | AN33: 12 | AO33: =L33+U33+AA33+AE33 -> 12664.026
A34: 43980 | B34: 2313 | C34: 1513 | D34: 180 | E34: 3190 | F34: 4499 | G34: 2125 | H34: 3463 | I34: 2794 | J34: 4832 | K34: =SUM(B34:H34) -> 17283 | L34: =K34*0.2 -> 3456.6 | M34: 78.321 | N34: 0.616 | O34: 4.196 | P34: 28.281 | Q34: 8.447 | R34: =N34+O34+P34 -> 33.093 | S34: =(N34+O34+P34)*7.84 -> 259.44912 | T34: =M34+Q34 -> 86.768 | U34: =T34*7.84 -> 680.26112 | V34: 121.4 | W34: 0 | X34: 0001523.20 | Y34: 657336.1 | Z34: =IF((Y34-Y33<0), "0",Y34-Y33) -> 185.6 | AA34: =Z34*10.07 -> 1868.992 | AB34: 38719377 | AC34: =AB33 -> 38700989 | AD34: =IF((AB34-AC34<0), "0",AB34-AC34) -> 18388 | AE34: =AD34*0.333415 -> 6130.835 | AF34: 29.4 | AG34: 14.1 | AH34: =22331.3-22314.7 -> 16.6 | AI34: =AJ33 -> 35039.6 | AJ34: 35058.7 | AK34: =IF((AJ34-AI34)<0, "0",AJ34-AI34) -> 19.1 | AL34: =AK34*(284.34513609) -> 5430.9921 | AM34: =AL34*0.333415 -> 1810.7742 | AN34: 16 | AO34: =L34+U34+AA34+AE34 -> 12136.688
A35: 43981 | B35: 2540 | C35: 1718 | D35: 287 | E35: 3449 | F35: 4681 | G35: 2232 | H35: 3675 | I35: 2966 | J35: 5146 | K35: =SUM(B35:H35) -> 18582 | L35: =K35*0.2 -> 3716.4 | M35: 78.453 | N35: 1.054 | O35: 4.294 | P35: 25.218 | Q35: 7.516 | R35: =N35+O35+P35 -> 30.566 | S35: =(N35+O35+P35)*7.84 -> 239.63744 | T35: =M35+Q35 -> 85.969 | U35: =T35*7.84 -> 673.99696 | V35: 127.9 | W35: 0 | X35: 0001523.20 | Y35: 657546.4 | Z35: =IF((Y35-Y34<0), "0",Y35-Y34) -> 210.3 | AA35: =Z35*10.07 -> 2117.721 | AB35: 38739800 | AC35: =AB34 -> 38719377 | AD35: =IF((AB35-AC35<0), "0",AB35-AC35) -> 20423 | AE35: =AD35*0.333415 -> 6809.3345 | AF35: 33.5 | AG35: 14.8 | AH35: 18.2 | AI35: =AJ34 -> 35058.7 | AJ35: 35079.9 | AK35: =IF((AJ35-AI35)<0, "0",AJ35-AI35) -> 21.2 | AL35: =AK35*(284.34513609) -> 6028.1169 | AM35: =AL35*0.333415 -> 2009.8646 | AN35: 15 | AO35: =L35+U35+AA35+AE35 -> 13317.453
A36: 43982 | B36: 2972 | C36: 2110 | D36: 403 | E36: 3466 | F36: 4545 | G36: 2424 | H36: 3510 | I36: 2877 | J36: 5358 | K36: =SUM(B36:H36) -> 19430 | L36: =K36*0.2 -> 3886 | M36: 88.3 | N36: 1.9 | O36: 4.4 | P36: 27.5 | Q36: 11.5 | R36: =N36+O36+P36 -> 33.8 | S36: =(N36+O36+P36)*7.84 -> 264.992 | T36: =M36+Q36 -> 99.8 | U36: =T36*7.84 -> 782.432 | V36: 144.5 | W36: 0 | X36: 0001523.20 | Y36: 657761.4 | Z36: =IF((Y36-Y35<0), "0",Y36-Y35) -> 215 | AA36: =Z36*10.07 -> 2165.05 | AB36: 38762615 | AC36: =AB35 -> 38739800 | AD36: =IF((AB36-AC36<0), "0",AB36-AC36) -> 22815 | AE36: =AD36*0.333415 -> 7606.8632 | AF36: 40.1 | AG36: 15.5 | AH36: 18.2 | AI36: =AJ35 -> 35079.9 | AJ36: 35103.5 | AK36: =IF((AJ36-AI36)<0, "0",AJ36-AI36) -> 23.6 | AL36: =AK36*(284.34513609) -> 6710.5452 | AM36: =AL36*0.333415 -> 2237.3964 | AN36: 24 | AO36: =L36+U36+AA36+AE36 -> 14440.345
D37: =SUM(D6:D36) -> 6177 | E37: KW/H | G37: =SUM(G6:G36) -> 65507 | H37: =SUM(H6:H36) -> 104783 | I37: =SUM(I6:I36) -> 87632 | J37: =SUM(J6:J36) -> 141260 | K37: =SUM(K6:K36) -> 535655 | L37: =SUM(L6:L36) -> 107131 | R37: =SUM(R6:R36) -> 881.97 | T37: =SUM(T6:T36) -> 2478.446 | U37: =T37*7.84 -> 19431.017 | Z37: =SUM(Z6:Z36) -> 5541.6 | AA37: =SUM(AA6:AA36) -> 55803.912 | AD37: =SUM(AD6:AD36) -> 496315 | AE37: =AD37*0.334569 -> 166051.61 | AF37: =SUM(AF6:AF36) -> 778.9 | AG37: =SUM(AG6:AG36) -> 403.7 | AH37: =SUM(AH6:AH36) -> 467.1 | AK37: =SUM(AK6:AK36) -> 545.8 | AL37: =SUM(AL6:AL36) -> 155195.58 | AM37: =SUM(AM6:AM36) -> 51744.533 | AN37: =SUM(AN6:AN36) -> 424 | AO37: =SUM(AO6:AO36) -> 347844.79
D38: =#REF!*24 -> #REF! | E38: Day | R38: 7.84 | T38: Total / budget | U38: =U37-R39 -> 12516.372
D39: =D38*31 -> #REF! | E39: Month | F39: AED | G39: =D39*0.2 -> #REF! | R39: =R37*R38 -> 6914.6448 | U39: =U38/R38 -> 1596.476
D40: =D39*0.2 -> #REF!
E41: 20KWH
AD42: =G42*0.2 -> 0
