Workbook

Sheet TOTAL
A1: Site Name | B1: Day | C1: Month | D1: Year | E1: Total Electricity Kwh | F1: Electricity Tariff (£/Kwh) | G1: Natual Gas (m3) | H1: Natural Gas £/m3 | I1: Water Utility Supply (m3) m3 | J1: Water Utility Supply (m3) £/m3 | K1: Room Nights | L1: Total Guests
A2: Hampshire | B2: 1 | C2: 5 | D2: 2020 | E2: =(Submetering!E2+Submetering!F2) -> 3820 | F2: 0.142 | G2: =Submetering!M2 -> 1041 | H2: 0.12 | I2: =Submetering!N2+Submetering!R2+Submetering!S2+Submetering!T2 -> 44 | J2: 2.05 | K2: =Submetering!X2 -> 10 | L2: =Submetering!Y2 -> 10
A3: Hampshire | B3: =B2+1 -> 2 | C3: 5 | D3: 2020 | E3: =Submetering!E3+Submetering!F3 -> 4130 | F3: 0.142 | G3: =Submetering!M3 -> 988 | H3: 0.12 | I3: =Submetering!N3+Submetering!R3+Submetering!S3+Submetering!T3 -> 33.085 | J3: 2.05 | K3: =Submetering!X3 -> 10 | L3: =Submetering!Y3 -> 10
A4: Hampshire | B4: =B3+1 -> 3 | C4: 5 | D4: 2020 | E4: =Submetering!E4+Submetering!F4 -> 3960 | F4: 0.142 | G4: =Submetering!M4 -> 988 | H4: 0.12 | I4: =Submetering!N4+Submetering!R4+Submetering!S4+Submetering!T4 -> 67.209 | J4: 2.05 | K4: =Submetering!X4 -> 10 | L4: =Submetering!Y4 -> 10
A5: Hampshire | B5: =B4+1 -> 4 | C5: 5 | D5: 2020 | E5: =Submetering!E5+Submetering!F5 -> 3870 | F5: 0.142 | G5: =Submetering!M5 -> 923 | H5: 0.12 | I5: =Submetering!N5+Submetering!R5+Submetering!S5+Submetering!T5 -> 35.227 | J5: 2.05 | K5: =Submetering!X5 -> 10 | L5: =Submetering!Y5 -> 10
A6: Hampshire | B6: =B5+1 -> 5 | C6: 5 | D6: 2020 | E6: =Submetering!E6+Submetering!F6 -> 4000 | F6: 0.142 | G6: =Submetering!M6 -> 885 | H6: 0.12 | I6: =Submetering!N6+Submetering!R6+Submetering!S6+Submetering!T6 -> 77.236 | J6: 2.05 | K6: =Submetering!X6 -> 10 | L6: =Submetering!Y6 -> 10
A7: Hampshire | B7: =B6+1 -> 6 | C7: 5 | D7: 2020 | E7: =Submetering!E7+Submetering!F7 -> 4050 | F7: 0.142 | G7: =Submetering!M7 -> 965 | H7: 0.12 | I7: =Submetering!N7+Submetering!R7+Submetering!S7+Submetering!T7 -> 33.236 | J7: 2.05 | K7: =Submetering!X7 -> 10 | L7: =Submetering!Y7 -> 10
A8: Hampshire | B8: =B7+1 -> 7 | C8: 5 | D8: 2020 | E8: =Submetering!E8+Submetering!F8 -> 3510 | F8: 0.142 | G8: =Submetering!M8 -> 772 | H8: 0.12 | I8: =Submetering!N8+Submetering!R8+Submetering!S8+Submetering!T8 -> 20.202 | J8: 2.05 | K8: =Submetering!X8 -> 10 | L8: =Submetering!Y8 -> 10
A9: Hampshire | B9: =B8+1 -> 8 | C9: 5 | D9: 2020 | E9: =Submetering!E9+Submetering!F9 -> 3560 | F9: 0.142 | G9: =Submetering!M9 -> 672 | H9: 0.12 | I9: =Submetering!N9+Submetering!R9+Submetering!S9+Submetering!T9 -> 56.241 | J9: 2.05 | K9: =Submetering!X9 -> 10 | L9: =Submetering!Y9 -> 10
A10: Hampshire | B10: =B9+1 -> 9 | C10: 5 | D10: 2020 | E10: =Submetering!E10+Submetering!F10 -> 3650 | F10: 0.142 | G10: =Submetering!M10 -> 568 | H10: 0.12 | I10: =Submetering!N10+Submetering!R10+Submetering!S10+Submetering!T10 -> 25.277 | J10: 2.05 | K10: =Submetering!X10 -> 10 | L10: =Submetering!Y10 -> 10
A11: Hampshire | B11: =B10+1 -> 10 | C11: 5 | D11: 2020 | E11: =Submetering!E11+Submetering!F11 -> 4160 | F11: 0.142 | G11: =Submetering!M11 -> 548 | H11: 0.12 | I11: =Submetering!N11+Submetering!R11+Submetering!S11+Submetering!T11 -> 36.255 | J11: 2.05 | K11: =Submetering!X11 -> 10 | L11: =Submetering!Y11 -> 10
A12: Hampshire | B12: =B11+1 -> 11 | C12: 5 | D12: 2020 | E12: =Submetering!E12+Submetering!F12 -> 4200 | F12: 0.142 | G12: =Submetering!M12 -> 1006 | H12: 0.12 | I12: =Submetering!N12+Submetering!R12+Submetering!S12+Submetering!T12 -> 63.335 | J12: 2.05 | K12: =Submetering!X12 -> 10 | L12: =Submetering!Y12 -> 10
A13: Hampshire | B13: =B12+1 -> 12 | C13: 5 | D13: 2020 | E13: =Submetering!E13+Submetering!F13 -> 3710 | F13: 0.142 | G13: =Submetering!M13 -> 1008 | H13: 0.12 | I13: =Submetering!N13+Submetering!R13+Submetering!S13+Submetering!T13 -> 33.257 | J13: 2.05 | K13: =Submetering!X13 -> 10 | L13: =Submetering!Y13 -> 10
A14: Hampshire | B14: =B13+1 -> 13 | C14: 5 | D14: 2020 | E14: =Submetering!E14+Submetering!F14 -> 3490 | F14: 0.142 | G14: =Submetering!M14 -> 794 | H14: 0.12 | I14: =Submetering!N14+Submetering!R14+Submetering!S14+Submetering!T14 -> 33.222 | J14: 2.05 | K14: =Submetering!X14 -> 10 | L14: =Submetering!Y14 -> 10
... A32: Hampshire | B32: =B31+1 -> 31 | C32: 5 | D32: 2020 | E32: =Submetering!E32+Submetering!F32 -> 3770 | F32: 0.142 | G32: =Submetering!M32 -> 469 | H32: 0.12 | I32: =Submetering!N32+Submetering!R32+Submetering!S32+Submetering!T32 -> 28.196 | J32: 2.05 | K32: =Submetering!X32 -> 10 | L32: =Submetering!Y32 -> 10

Sheet Submetering
A1: Site Name | B1: Day | C1: Month | D1: Year | E1: Meter 1- KWh | F1: Meter 2- KWh | G1: East MCC- KWh | H1: South MCC 1- KWh | I1: South MCC 2- KWh | J1: West MCC- KWh | K1: Kitchen - KWh | L1: SPA - KWh | M1: Gas- KWh | N1: Main Site Water Meter - m3 | O1: Chiller 2- m3 | P1: Chiller 3- m3 | Q1: Chiller 4- m3 | R1: Hard Water Supply- m3 | S1: Pool Supply- m3 | T1: CL02- m3 | U1: LTHW SPA- m3 | V1: LTHW East- m3 | W1: Chilled make-up- m3 | X1: Room Nights | Y1: Total Guests
A2: Hampshire | B2: 1 | C2: 5 | D2: 2020 | E2: =IF(('Hampshire Daily'!D5-'Hampshire Daily'!D4<0), "0",('Hampshire Daily'!D5-'Hampshire Daily'!D4)*10) -> 1650 | F2: =IF(('Hampshire Daily'!F5-'Hampshire Daily'!F4<0), "0",('Hampshire Daily'!F5-'Hampshire Daily'!F4)*10) -> 2170 | G2: =IF(('Hampshire Daily'!H5-'Hampshire Daily'!H4<0), "0",'Hampshire Daily'!H5-'Hampshire Daily'!H4) -> 323 | H2: =IF(('Hampshire Daily'!I5-'Hampshire Daily'!I4<0), "0",'Hampshire Daily'!I5-'Hampshire Daily'!I4) -> 0 | I2: =IF(('Hampshire Daily'!J5-'Hampshire Daily'!J4<0), "0",'Hampshire Daily'!J5-'Hampshire Daily'!J4) -> 0 | J2: =IF(('Hampshire Daily'!K5-'Hampshire Daily'!K4<0), "0",'Hampshire Daily'!K5-'Hampshire Daily'!K4) -> 0 | K2: =IF(('Hampshire Daily'!L5-'Hampshire Daily'!L4<0), "0",'Hampshire Daily'!L5-'Hampshire Daily'!L4) -> 74 | L2: =IF(('Hampshire Daily'!M5-'Hampshire Daily'!M4<0), "0",'Hampshire Daily'!M5-'Hampshire Daily'!M4) -> 344 | M2: =IF(('Hampshire Daily'!N5-'Hampshire Daily'!N4<0), "0",'Hampshire Daily'!N5-'Hampshire Daily'!N4) -> 1041 | N2: =IF(('Hampshire Daily'!O5-'Hampshire Daily'!O4<0), "0",'Hampshire Daily'!O5-'Hampshire Daily'!O4) -> 41 | ... Q2: =IF(('Hampshire Daily'!R5-'Hampshire Daily'!R4<0), "0",'Hampshire Daily'!R5-'Hampshire Daily'!R4) -> 0 | R2: =IF(('Hampshire Daily'!U5-'Hampshire Daily'!U4<0), "0",'Hampshire Daily'!U5-'Hampshire Daily'!U4) -> 2 | S2: =IF(('Hampshire Daily'!V5-'Hampshire Daily'!V4<0), "0",'Hampshire Daily'!V5-'Hampshire Daily'!V4) -> 1 | T2: =IF(('Hampshire Daily'!X5-'Hampshire Daily'!X4<0), "0",'Hampshire Daily'!X5-'Hampshire Daily'!X4) -> 0 | U2: =IF(('Hampshire Daily'!Y5-'Hampshire Daily'!Y4<0), "0",'Hampshire Daily'!Y5-'Hampshire Daily'!Y4) -> 0.127 | V2: =IF(('Hampshire Daily'!Z5-'Hampshire Daily'!Z4<0), "0",'Hampshire Daily'!Z5-'Hampshire Daily'!Z4) -> 0 | W2: 0 | X2: ='Hampshire Daily'!B5 -> 10 | Y2: ='Hampshire Daily'!C5 -> 10
A3: Hampshire | B3: =B2+1 -> 2 | C3: 5 | D3: 2020 | E3: =IF(('Hampshire Daily'!D6-'Hampshire Daily'!D5<0), "0",('Hampshire Daily'!D6-'Hampshire Daily'!D5)*10) -> 1810 | F3: =IF(('Hampshire Daily'!F6-'Hampshire Daily'!F5<0), "0",('Hampshire Daily'!F6-'Hampshire Daily'!F5)*10) -> 2320 | G3: =IF(('Hampshire Daily'!H6-'Hampshire Daily'!H5<0), "0",'Hampshire Daily'!H6-'Hampshire Daily'!H5) -> 379 | H3: =IF(('Hampshire Daily'!I6-'Hampshire Daily'!I5<0), "0",'Hampshire Daily'!I6-'Hampshire Daily'!I5) -> 0 | I3: =IF(('Hampshire Daily'!J6-'Hampshire Daily'!J5<0), "0",'Hampshire Daily'!J6-'Hampshire Daily'!J5) -> 0 | J3: =IF(('Hampshire Daily'!K6-'Hampshire Daily'!K5<0), "0",'Hampshire Daily'!K6-'Hampshire Daily'!K5) -> 0 | K3: =IF(('Hampshire Daily'!L6-'Hampshire Daily'!L5<0), "0",'Hampshire Daily'!L6-'Hampshire Daily'!L5) -> 89 | L3: =IF(('Hampshire Daily'!M6-'Hampshire Daily'!M5<0), "0",'Hampshire Daily'!M6-'Hampshire Daily'!M5) -> 318 | M3: =IF(('Hampshire Daily'!N6-'Hampshire Daily'!N5<0), "0",'Hampshire Daily'!N6-'Hampshire Daily'!N5) -> 988 | N3: =IF(('Hampshire Daily'!O6-'Hampshire Daily'!O5<0), "0",'Hampshire Daily'!O6-'Hampshire Daily'!O5) -> 30 | ... Q3: =IF(('Hampshire Daily'!R6-'Hampshire Daily'!R5<0), "0",'Hampshire Daily'!R6-'Hampshire Daily'!R5) -> 0 | R3: =IF(('Hampshire Daily'!U6-'Hampshire Daily'!U5<0), "0",'Hampshire Daily'!U6-'Hampshire Daily'!U5) -> 1 | S3: =IF(('Hampshire Daily'!V6-'Hampshire Daily'!V5<0), "0",'Hampshire Daily'!V6-'Hampshire Daily'!V5) -> 2 | T3: =IF(('Hampshire Daily'!X6-'Hampshire Daily'!X5<0), "0",'Hampshire Daily'!X6-'Hampshire Daily'!X5) -> 0.085 | U3: =IF(('Hampshire Daily'!Y6-'Hampshire Daily'!Y5<0), "0",'Hampshire Daily'!Y6-'Hampshire Daily'!Y5) -> 0.16 | V3: =IF(('Hampshire Daily'!Z6-'Hampshire Daily'!Z5<0), "0",'Hampshire Daily'!Z6-'Hampshire Daily'!Z5) -> 0 | W3: 0 | X3: ='Hampshire Daily'!B6 -> 10 | Y3: ='Hampshire Daily'!C6 -> 10
A4: Hampshire | B4: =B3+1 -> 3 | C4: 5 | D4: 2020 | E4: =IF(('Hampshire Daily'!D7-'Hampshire Daily'!D6<0), "0",('Hampshire Daily'!D7-'Hampshire Daily'!D6)*10) -> 1680 | F4: =IF(('Hampshire Daily'!F7-'Hampshire Daily'!F6<0), "0",('Hampshire Daily'!F7-'Hampshire Daily'!F6)*10) -> 2280 | G4: =IF(('Hampshire Daily'!H7-'Hampshire Daily'!H6<0), "0",'Hampshire Daily'!H7-'Hampshire Daily'!H6) -> 369 | H4: =IF(('Hampshire Daily'!I7-'Hampshire Daily'!I6<0), "0",'Hampshire Daily'!I7-'Hampshire Daily'!I6) -> 0 | I4: =IF(('Hampshire Daily'!J7-'Hampshire Daily'!J6<0), "0",'Hampshire Daily'!J7-'Hampshire Daily'!J6) -> 0 | J4: =IF(('Hampshire Daily'!K7-'Hampshire Daily'!K6<0), "0",'Hampshire Daily'!K7-'Hampshire Daily'!K6) -> 0 | K4: =IF(('Hampshire Daily'!L7-'Hampshire Daily'!L6<0), "0",'Hampshire Daily'!L7-'Hampshire Daily'!L6) -> 89 | L4: =IF(('Hampshire Daily'!M7-'Hampshire Daily'!M6<0), "0",'Hampshire Daily'!M7-'Hampshire Daily'!M6) -> 320 | M4: =IF(('Hampshire Daily'!N7-'Hampshire Daily'!N6<0), "0",'Hampshire Daily'!N7-'Hampshire Daily'!N6) -> 988 | N4: =IF(('Hampshire Daily'!O7-'Hampshire Daily'!O6<0), "0",'Hampshire Daily'!O7-'Hampshire Daily'!O6) -> 55 | ... Q4: =IF(('Hampshire Daily'!R7-'Hampshire Daily'!R6<0), "0",'Hampshire Daily'!R7-'Hampshire Daily'!R6) -> 0 | R4: =IF(('Hampshire Daily'!U7-'Hampshire Daily'!U6<0), "0",'Hampshire Daily'!U7-'Hampshire Daily'!U6) -> 2 | S4: =IF(('Hampshire Daily'!V7-'Hampshire Daily'!V6<0), "0",'Hampshire Daily'!V7-'Hampshire Daily'!V6) -> 10 | T4: =IF(('Hampshire Daily'!X7-'Hampshire Daily'!X6<0), "0",'Hampshire Daily'!X7-'Hampshire Daily'!X6) -> 0.209 | U4: =IF(('Hampshire Daily'!Y7-'Hampshire Daily'!Y6<0), "0",'Hampshire Daily'!Y7-'Hampshire Daily'!Y6) -> 0.299 | V4: =IF(('Hampshire Daily'!Z7-'Hampshire Daily'!Z6<0), "0",'Hampshire Daily'!Z7-'Hampshire Daily'!Z6) -> 0 | W4: 0 | X4: ='Hampshire Daily'!B7 -> 10 | Y4: ='Hampshire Daily'!C7 -> 10
A5: Hampshire | B5: =B4+1 -> 4 | C5: 5 | D5: 2020 | E5: =IF(('Hampshire Daily'!D8-'Hampshire Daily'!D7<0), "0",('Hampshire Daily'!D8-'Hampshire Daily'!D7)*10) -> 1660 | F5: =IF(('Hampshire Daily'!F8-'Hampshire Daily'!F7<0), "0",('Hampshire Daily'!F8-'Hampshire Daily'!F7)*10) -> 2210 | G5: =IF(('Hampshire Daily'!H8-'Hampshire Daily'!H7<0), "0",'Hampshire Daily'!H8-'Hampshire Daily'!H7) -> 352 | H5: =IF(('Hampshire Daily'!I8-'Hampshire Daily'!I7<0), "0",'Hampshire Daily'!I8-'Hampshire Daily'!I7) -> 0 | I5: =IF(('Hampshire Daily'!J8-'Hampshire Daily'!J7<0), "0",'Hampshire Daily'!J8-'Hampshire Daily'!J7) -> 0 | J5: =IF(('Hampshire Daily'!K8-'Hampshire Daily'!K7<0), "0",'Hampshire Daily'!K8-'Hampshire Daily'!K7) -> 0 | K5: =IF(('Hampshire Daily'!L8-'Hampshire Daily'!L7<0), "0",'Hampshire Daily'!L8-'Hampshire Daily'!L7) -> 89 | L5: =IF(('Hampshire Daily'!M8-'Hampshire Daily'!M7<0), "0",'Hampshire Daily'!M8-'Hampshire Daily'!M7) -> 316 | M5: =IF(('Hampshire Daily'!N8-'Hampshire Daily'!N7<0), "0",'Hampshire Daily'!N8-'Hampshire Daily'!N7) -> 923 | N5: =IF(('Hampshire Daily'!O8-'Hampshire Daily'!O7<0), "0",'Hampshire Daily'!O8-'Hampshire Daily'!O7) -> 33 | ... Q5: =IF(('Hampshire Daily'!R8-'Hampshire Daily'!R7<0), "0",'Hampshire Daily'!R8-'Hampshire Daily'!R7) -> 0 | R5: =IF(('Hampshire Daily'!U8-'Hampshire Daily'!U7<0), "0",'Hampshire Daily'!U8-'Hampshire Daily'!U7) -> 1 | S5: =IF(('Hampshire Daily'!V8-'Hampshire Daily'!V7<0), "0",'Hampshire Daily'!V8-'Hampshire Daily'!V7) -> 1 | T5: =IF(('Hampshire Daily'!X8-'Hampshire Daily'!X7<0), "0",'Hampshire Daily'!X8-'Hampshire Daily'!X7) -> 0.227 | U5: =IF(('Hampshire Daily'!Y8-'Hampshire Daily'!Y7<0), "0",'Hampshire Daily'!Y8-'Hampshire Daily'!Y7) -> 0.453 | V5: =IF(('Hampshire Daily'!Z8-'Hampshire Daily'!Z7<0), "0",'Hampshire Daily'!Z8-'Hampshire Daily'!Z7) -> 0 | W5: 0 | X5: ='Hampshire Daily'!B8 -> 10 | Y5: ='Hampshire Daily'!C8 -> 10
A6: Hampshire | B6: =B5+1 -> 5 | C6: 5 | D6: 2020 | E6: =IF(('Hampshire Daily'!D9-'Hampshire Daily'!D8<0), "0",('Hampshire Daily'!D9-'Hampshire Daily'!D8)*10) -> 1750 | F6: =IF(('Hampshire Daily'!F9-'Hampshire Daily'!F8<0), "0",('Hampshire Daily'!F9-'Hampshire Daily'!F8)*10) -> 2250 | G6: =IF(('Hampshire Daily'!H9-'Hampshire Daily'!H8<0), "0",'Hampshire Daily'!H9-'Hampshire Daily'!H8) -> 400 | H6: =IF(('Hampshire Daily'!I9-'Hampshire Daily'!I8<0), "0",'Hampshire Daily'!I9-'Hampshire Daily'!I8) -> 0 | I6: =IF(('Hampshire Daily'!J9-'Hampshire Daily'!J8<0), "0",'Hampshire Daily'!J9-'Hampshire Daily'!J8) -> 0 | J6: =IF(('Hampshire Daily'!K9-'Hampshire Daily'!K8<0), "0",'Hampshire Daily'!K9-'Hampshire Daily'!K8) -> 0 | K6: =IF(('Hampshire Daily'!L9-'Hampshire Daily'!L8<0), "0",'Hampshire Daily'!L9-'Hampshire Daily'!L8) -> 89 | L6: =IF(('Hampshire Daily'!M9-'Hampshire Daily'!M8<0), "0",'Hampshire Daily'!M9-'Hampshire Daily'!M8) -> 321 | M6: =IF(('Hampshire Daily'!N9-'Hampshire Daily'!N8<0), "0",'Hampshire Daily'!N9-'Hampshire Daily'!N8) -> 885 | N6: =IF(('Hampshire Daily'!O9-'Hampshire Daily'!O8<0), "0",'Hampshire Daily'!O9-'Hampshire Daily'!O8) -> 73 | ... Q6: =IF(('Hampshire Daily'!R9-'Hampshire Daily'!R8<0), "0",'Hampshire Daily'!R9-'Hampshire Daily'!R8) -> 0 | R6: =IF(('Hampshire Daily'!U9-'Hampshire Daily'!U8<0), "0",'Hampshire Daily'!U9-'Hampshire Daily'!U8) -> 2 | S6: =IF(('Hampshire Daily'!V9-'Hampshire Daily'!V8<0), "0",'Hampshire Daily'!V9-'Hampshire Daily'!V8) -> 2 | T6: =IF(('Hampshire Daily'!X9-'Hampshire Daily'!X8<0), "0",'Hampshire Daily'!X9-'Hampshire Daily'!X8) -> 0.236 | U6: =IF(('Hampshire Daily'!Y9-'Hampshire Daily'!Y8<0), "0",'Hampshire Daily'!Y9-'Hampshire Daily'!Y8) -> 0.464 | V6: =IF(('Hampshire Daily'!Z9-'Hampshire Daily'!Z8<0), "0",'Hampshire Daily'!Z9-'Hampshire Daily'!Z8) -> 0 | W6: 0 | X6: ='Hampshire Daily'!B9 -> 10 | Y6: ='Hampshire Daily'!C9 -> 10
A7: Hampshire | B7: =B6+1 -> 6 | C7: 5 | D7: 2020 | E7: =IF(('Hampshire Daily'!D10-'Hampshire Daily'!D9<0), "0",('Hampshire Daily'!D10-'Hampshire Daily'!D9)*10) -> 1770 | F7: =IF(('Hampshire Daily'!F10-'Hampshire Daily'!F9<0), "0",('Hampshire Daily'!F10-'Hampshire Daily'!F9)*10) -> 2280 | G7: =IF(('Hampshire Daily'!H10-'Hampshire Daily'!H9<0), "0",'Hampshire Daily'!H10-'Hampshire Daily'!H9) -> 397 | H7: =IF(('Hampshire Daily'!I10-'Hampshire Daily'!I9<0), "0",'Hampshire Daily'!I10-'Hampshire Daily'!I9) -> 0 | I7: =IF(('Hampshire Daily'!J10-'Hampshire Daily'!J9<0), "0",'Hampshire Daily'!J10-'Hampshire Daily'!J9) -> 0 | J7: =IF(('Hampshire Daily'!K10-'Hampshire Daily'!K9<0), "0",'Hampshire Daily'!K10-'Hampshire Daily'!K9) -> 0 | K7: =IF(('Hampshire Daily'!L10-'Hampshire Daily'!L9<0), "0",'Hampshire Daily'!L10-'Hampshire Daily'!L9) -> 89 | L7: =IF(('Hampshire Daily'!M10-'Hampshire Daily'!M9<0), "0",'Hampshire Daily'!M10-'Hampshire Daily'!M9) -> 321 | M7: =IF(('Hampshire Daily'!N10-'Hampshire Daily'!N9<0), "0",'Hampshire Daily'!N10-'Hampshire Daily'!N9) -> 965 | N7: =IF(('Hampshire Daily'!O10-'Hampshire Daily'!O9<0), "0",'Hampshire Daily'!O10-'Hampshire Daily'!O9) -> 29 | ... Q7: =IF(('Hampshire Daily'!R10-'Hampshire Daily'!R9<0), "0",'Hampshire Daily'!R10-'Hampshire Daily'!R9) -> 0 | R7: =IF(('Hampshire Daily'!U10-'Hampshire Daily'!U9<0), "0",'Hampshire Daily'!U10-'Hampshire Daily'!U9) -> 3 | S7: =IF(('Hampshire Daily'!V10-'Hampshire Daily'!V9<0), "0",'Hampshire Daily'!V10-'Hampshire Daily'!V9) -> 1 | T7: =IF(('Hampshire Daily'!X10-'Hampshire Daily'!X9<0), "0",'Hampshire Daily'!X10-'Hampshire Daily'!X9) -> 0.236 | U7: =IF(('Hampshire Daily'!Y10-'Hampshire Daily'!Y9<0), "0",'Hampshire Daily'!Y10-'Hampshire Daily'!Y9) -> 0.439 | V7: =IF(('Hampshire Daily'!Z10-'Hampshire Daily'!Z9<0), "0",'Hampshire Daily'!Z10-'Hampshire Daily'!Z9) -> 0 | W7: 0 | X7: ='Hampshire Daily'!B10 -> 10 | Y7: ='Hampshire Daily'!C10 -> 10
A8: Hampshire | B8: =B7+1 -> 7 | C8: 5 | D8: 2020 | E8: =IF(('Hampshire Daily'!D11-'Hampshire Daily'!D10<0), "0",('Hampshire Daily'!D11-'Hampshire Daily'!D10)*10) -> 1630 | F8: =IF(('Hampshire Daily'!F11-'Hampshire Daily'!F10<0), "0",('Hampshire Daily'!F11-'Hampshire Daily'!F10)*10) -> 1880 | G8: =IF(('Hampshire Daily'!H11-'Hampshire Daily'!H10<0), "0",'Hampshire Daily'!H11-'Hampshire Daily'!H10) -> 377 | H8: =IF(('Hampshire Daily'!I11-'Hampshire Daily'!I10<0), "0",'Hampshire Daily'!I11-'Hampshire Daily'!I10) -> 0 | I8: =IF(('Hampshire Daily'!J11-'Hampshire Daily'!J10<0), "0",'Hampshire Daily'!J11-'Hampshire Daily'!J10) -> 0 | J8: =IF(('Hampshire Daily'!K11-'Hampshire Daily'!K10<0), "0",'Hampshire Daily'!K11-'Hampshire Daily'!K10) -> 0 | K8: =IF(('Hampshire Daily'!L11-'Hampshire Daily'!L10<0), "0",'Hampshire Daily'!L11-'Hampshire Daily'!L10) -> 163 | L8: =IF(('Hampshire Daily'!M11-'Hampshire Daily'!M10<0), "0",'Hampshire Daily'!M11-'Hampshire Daily'!M10) -> 321 | M8: =IF(('Hampshire Daily'!N11-'Hampshire Daily'!N10<0), "0",'Hampshire Daily'!N11-'Hampshire Daily'!N10) -> 772 | N8: =IF(('Hampshire Daily'!O11-'Hampshire Daily'!O10<0), "0",'Hampshire Daily'!O11-'Hampshire Daily'!O10) -> 20 | ... Q8: =IF(('Hampshire Daily'!R11-'Hampshire Daily'!R10<0), "0",'Hampshire Daily'!R11-'Hampshire Daily'!R10) -> 0 | R8: =IF(('Hampshire Daily'!U11-'Hampshire Daily'!U10<0), "0",'Hampshire Daily'!U11-'Hampshire Daily'!U10) -> 0 | S8: =IF(('Hampshire Daily'!V11-'Hampshire Daily'!V10<0), "0",'Hampshire Daily'!V11-'Hampshire Daily'!V10) -> 0 | T8: =IF(('Hampshire Daily'!X11-'Hampshire Daily'!X10<0), "0",'Hampshire Daily'!X11-'Hampshire Daily'!X10) -> 0.202 | U8: =IF(('Hampshire Daily'!Y11-'Hampshire Daily'!Y10<0), "0",'Hampshire Daily'!Y11-'Hampshire Daily'!Y10) -> 0.484 | V8: =IF(('Hampshire Daily'!Z11-'Hampshire Daily'!Z10<0), "0",'Hampshire Daily'!Z11-'Hampshire Daily'!Z10) -> 0 | W8: 0 | X8: ='Hampshire Daily'!B11 -> 10 | Y8: ='Hampshire Daily'!C11 -> 10
A9: Hampshire | B9: =B8+1 -> 8 | C9: 5 | D9: 2020 | E9: =IF(('Hampshire Daily'!D12-'Hampshire Daily'!D11<0), "0",('Hampshire Daily'!D12-'Hampshire Daily'!D11)*10) -> 1670 | F9: =IF(('Hampshire Daily'!F12-'Hampshire Daily'!F11<0), "0",('Hampshire Daily'!F12-'Hampshire Daily'!F11)*10) -> 1890 | G9: =IF(('Hampshire Daily'!H12-'Hampshire Daily'!H11<0), "0",'Hampshire Daily'!H12-'Hampshire Daily'!H11) -> 298 | H9: =IF(('Hampshire Daily'!I12-'Hampshire Daily'!I11<0), "0",'Hampshire Daily'!I12-'Hampshire Daily'!I11) -> 0 | I9: =IF(('Hampshire Daily'!J12-'Hampshire Daily'!J11<0), "0",'Hampshire Daily'!J12-'Hampshire Daily'!J11) -> 0 | J9: =IF(('Hampshire Daily'!K12-'Hampshire Daily'!K11<0), "0",'Hampshire Daily'!K12-'Hampshire Daily'!K11) -> 0 | K9: =IF(('Hampshire Daily'!L12-'Hampshire Daily'!L11<0), "0",'Hampshire Daily'!L12-'Hampshire Daily'!L11) -> 89 | L9: =IF(('Hampshire Daily'!M12-'Hampshire Daily'!M11<0), "0",'Hampshire Daily'!M12-'Hampshire Daily'!M11) -> 311 | M9: =IF(('Hampshire Daily'!N12-'Hampshire Daily'!N11<0), "0",'Hampshire Daily'!N12-'Hampshire Daily'!N11) -> 672 | N9: =IF(('Hampshire Daily'!O12-'Hampshire Daily'!O11<0), "0",'Hampshire Daily'!O12-'Hampshire Daily'!O11) -> 55 | ... Q9: =IF(('Hampshire Daily'!R12-'Hampshire Daily'!R11<0), "0",'Hampshire Daily'!R12-'Hampshire Daily'!R11) -> 0 | R9: =IF(('Hampshire Daily'!U12-'Hampshire Daily'!U11<0), "0",'Hampshire Daily'!U12-'Hampshire Daily'!U11) -> 1 | S9: =IF(('Hampshire Daily'!V12-'Hampshire Daily'!V11<0), "0",'Hampshire Daily'!V12-'Hampshire Daily'!V11) -> 0 | T9: =IF(('Hampshire Daily'!X12-'Hampshire Daily'!X11<0), "0",'Hampshire Daily'!X12-'Hampshire Daily'!X11) -> 0.241 | U9: =IF(('Hampshire Daily'!Y12-'Hampshire Daily'!Y11<0), "0",'Hampshire Daily'!Y12-'Hampshire Daily'!Y11) -> 0.344 | V9: =IF(('Hampshire Daily'!Z12-'Hampshire Daily'!Z11<0), "0",'Hampshire Daily'!Z12-'Hampshire Daily'!Z11) -> 0 | W9: 0 | X9: ='Hampshire Daily'!B12 -> 10 | Y9: ='Hampshire Daily'!C12 -> 10
A10: Hampshire | B10: =B9+1 -> 9 | C10: 5 | D10: 2020 | E10: =IF(('Hampshire Daily'!D13-'Hampshire Daily'!D12<0), "0",('Hampshire Daily'!D13-'Hampshire Daily'!D12)*10) -> 1640 | F10: =IF(('Hampshire Daily'!F13-'Hampshire Daily'!F12<0), "0",('Hampshire Daily'!F13-'Hampshire Daily'!F12)*10) -> 2010 | G10: =IF(('Hampshire Daily'!H13-'Hampshire Daily'!H12<0), "0",'Hampshire Daily'!H13-'Hampshire Daily'!H12) -> 311 | H10: =IF(('Hampshire Daily'!I13-'Hampshire Daily'!I12<0), "0",'Hampshire Daily'!I13-'Hampshire Daily'!I12) -> 0 | I10: =IF(('Hampshire Daily'!J13-'Hampshire Daily'!J12<0), "0",'Hampshire Daily'!J13-'Hampshire Daily'!J12) -> 0 | J10: =IF(('Hampshire Daily'!K13-'Hampshire Daily'!K12<0), "0",'Hampshire Daily'!K13-'Hampshire Daily'!K12) -> 0 | K10: =IF(('Hampshire Daily'!L13-'Hampshire Daily'!L12<0), "0",'Hampshire Daily'!L13-'Hampshire Daily'!L12) -> 89 | L10: =IF(('Hampshire Daily'!M13-'Hampshire Daily'!M12<0), "0",'Hampshire Daily'!M13-'Hampshire Daily'!M12) -> 313 | M10: =IF(('Hampshire Daily'!N13-'Hampshire Daily'!N12<0), "0",'Hampshire Daily'!N13-'Hampshire Daily'!N12) -> 568 | N10: =IF(('Hampshire Daily'!O13-'Hampshire Daily'!O12<0), "0",'Hampshire Daily'!O13-'Hampshire Daily'!O12) -> 25 | ... Q10: =IF(('Hampshire Daily'!R13-'Hampshire Daily'!R12<0), "0",'Hampshire Daily'!R13-'Hampshire Daily'!R12) -> 0 | R10: =IF(('Hampshire Daily'!U13-'Hampshire Daily'!U12<0), "0",'Hampshire Daily'!U13-'Hampshire Daily'!U12) -> 0 | S10: =IF(('Hampshire Daily'!V13-'Hampshire Daily'!V12<0), "0",'Hampshire Daily'!V13-'Hampshire Daily'!V12) -> 0 | T10: =IF(('Hampshire Daily'!X13-'Hampshire Daily'!X12<0), "0",'Hampshire Daily'!X13-'Hampshire Daily'!X12) -> 0.277 | U10: =IF(('Hampshire Daily'!Y13-'Hampshire Daily'!Y12<0), "0",'Hampshire Daily'!Y13-'Hampshire Daily'!Y12) -> 0.337 | V10: =IF(('Hampshire Daily'!Z13-'Hampshire Daily'!Z12<0), "0",'Hampshire Daily'!Z13-'Hampshire Daily'!Z12) -> 0 | W10: 0 | X10: ='Hampshire Daily'!B13 -> 10 | Y10: ='Hampshire Daily'!C13 -> 10
A11: Hampshire | B11: =B10+1 -> 10 | C11: 5 | D11: 2020 | E11: =IF(('Hampshire Daily'!D14-'Hampshire Daily'!D13<0), "0",('Hampshire Daily'!D14-'Hampshire Daily'!D13)*10) -> 2040 | F11: =IF(('Hampshire Daily'!F14-'Hampshire Daily'!F13<0), "0",('Hampshire Daily'!F14-'Hampshire Daily'!F13)*10) -> 2120 | G11: =IF(('Hampshire Daily'!H14-'Hampshire Daily'!H13<0), "0",'Hampshire Daily'!H14-'Hampshire Daily'!H13) -> 287 | H11: =IF(('Hampshire Daily'!I14-'Hampshire Daily'!I13<0), "0",'Hampshire Daily'!I14-'Hampshire Daily'!I13) -> 0 | I11: =IF(('Hampshire Daily'!J14-'Hampshire Daily'!J13<0), "0",'Hampshire Daily'!J14-'Hampshire Daily'!J13) -> 0 | J11: =IF(('Hampshire Daily'!K14-'Hampshire Daily'!K13<0), "0",'Hampshire Daily'!K14-'Hampshire Daily'!K13) -> 0 | K11: =IF(('Hampshire Daily'!L14-'Hampshire Daily'!L13<0), "0",'Hampshire Daily'!L14-'Hampshire Daily'!L13) -> 89 | L11: =IF(('Hampshire Daily'!M14-'Hampshire Daily'!M13<0), "0",'Hampshire Daily'!M14-'Hampshire Daily'!M13) -> 314 | M11: =IF(('Hampshire Daily'!N14-'Hampshire Daily'!N13<0), "0",'Hampshire Daily'!N14-'Hampshire Daily'!N13) -> 548 | N11: =IF(('Hampshire Daily'!O14-'Hampshire Daily'!O13<0), "0",'Hampshire Daily'!O14-'Hampshire Daily'!O13) -> 36 | ... Q11: =IF(('Hampshire Daily'!R14-'Hampshire Daily'!R13<0), "0",'Hampshire Daily'!R14-'Hampshire Daily'!R13) -> 1 | R11: =IF(('Hampshire Daily'!U14-'Hampshire Daily'!U13<0), "0",'Hampshire Daily'!U14-'Hampshire Daily'!U13) -> 0 | S11: =IF(('Hampshire Daily'!V14-'Hampshire Daily'!V13<0), "0",'Hampshire Daily'!V14-'Hampshire Daily'!V13) -> 0 | T11: =IF(('Hampshire Daily'!X14-'Hampshire Daily'!X13<0), "0",'Hampshire Daily'!X14-'Hampshire Daily'!X13) -> 0.255 | U11: =IF(('Hampshire Daily'!Y14-'Hampshire Daily'!Y13<0), "0",'Hampshire Daily'!Y14-'Hampshire Daily'!Y13) -> 0.305 | V11: =IF(('Hampshire Daily'!Z14-'Hampshire Daily'!Z13<0), "0",'Hampshire Daily'!Z14-'Hampshire Daily'!Z13) -> 0 | W11: 0 | X11: ='Hampshire Daily'!B14 -> 10 | Y11: ='Hampshire Daily'!C14 -> 10
A12: Hampshire | B12: =B11+1 -> 11 | C12: 5 | D12: 2020 | E12: =IF(('Hampshire Daily'!D15-'Hampshire Daily'!D14<0), "0",('Hampshire Daily'!D15-'Hampshire Daily'!D14)*10) -> 1870 | F12: =IF(('Hampshire Daily'!F15-'Hampshire Daily'!F14<0), "0",('Hampshire Daily'!F15-'Hampshire Daily'!F14)*10) -> 2330 | G12: =IF(('Hampshire Daily'!H15-'Hampshire Daily'!H14<0), "0",'Hampshire Daily'!H15-'Hampshire Daily'!H14) -> 428 | H12: =IF(('Hampshire Daily'!I15-'Hampshire Daily'!I14<0), "0",'Hampshire Daily'!I15-'Hampshire Daily'!I14) -> 0 | I12: =IF(('Hampshire Daily'!J15-'Hampshire Daily'!J14<0), "0",'Hampshire Daily'!J15-'Hampshire Daily'!J14) -> 0 | J12: =IF(('Hampshire Daily'!K15-'Hampshire Daily'!K14<0), "0",'Hampshire Daily'!K15-'Hampshire Daily'!K14) -> 0 | K12: =IF(('Hampshire Daily'!L15-'Hampshire Daily'!L14<0), "0",'Hampshire Daily'!L15-'Hampshire Daily'!L14) -> 89 | L12: =IF(('Hampshire Daily'!M15-'Hampshire Daily'!M14<0), "0",'Hampshire Daily'!M15-'Hampshire Daily'!M14) -> 352 | M12: =IF(('Hampshire Daily'!N15-'Hampshire Daily'!N14<0), "0",'Hampshire Daily'!N15-'Hampshire Daily'!N14) -> 1006 | N12: =IF(('Hampshire Daily'!O15-'Hampshire Daily'!O14<0), "0",'Hampshire Daily'!O15-'Hampshire Daily'!O14) -> 50 | ... Q12: =IF(('Hampshire Daily'!R15-'Hampshire Daily'!R14<0), "0",'Hampshire Daily'!R15-'Hampshire Daily'!R14) -> 0 | R12: =IF(('Hampshire Daily'!U15-'Hampshire Daily'!U14<0), "0",'Hampshire Daily'!U15-'Hampshire Daily'!U14) -> 0 | S12: =IF(('Hampshire Daily'!V15-'Hampshire Daily'!V14<0), "0",'Hampshire Daily'!V15-'Hampshire Daily'!V14) -> 13 | T12: =IF(('Hampshire Daily'!X15-'Hampshire Daily'!X14<0), "0",'Hampshire Daily'!X15-'Hampshire Daily'!X14) -> 0.335 | U12: =IF(('Hampshire Daily'!Y15-'Hampshire Daily'!Y14<0), "0",'Hampshire Daily'!Y15-'Hampshire Daily'!Y14) -> 0.019 | V12: =IF(('Hampshire Daily'!Z15-'Hampshire Daily'!Z14<0), "0",'Hampshire Daily'!Z15-'Hampshire Daily'!Z14) -> 0 | W12: 0 | X12: ='Hampshire Daily'!B15 -> 10 | Y12: ='Hampshire Daily'!C15 -> 10
A13: Hampshire | B13: =B12+1 -> 12 | C13: 5 | D13: 2020 | E13: =IF(('Hampshire Daily'!D16-'Hampshire Daily'!D15<0), "0",('Hampshire Daily'!D16-'Hampshire Daily'!D15)*10) -> 1630 | F13: =IF(('Hampshire Daily'!F16-'Hampshire Daily'!F15<0), "0",('Hampshire Daily'!F16-'Hampshire Daily'!F15)*10) -> 2080 | G13: =IF(('Hampshire Daily'!H16-'Hampshire Daily'!H15<0), "0",'Hampshire Daily'!H16-'Hampshire Daily'!H15) -> 389 | H13: =IF(('Hampshire Daily'!I16-'Hampshire Daily'!I15<0), "0",'Hampshire Daily'!I16-'Hampshire Daily'!I15) -> 0 | I13: =IF(('Hampshire Daily'!J16-'Hampshire Daily'!J15<0), "0",'Hampshire Daily'!J16-'Hampshire Daily'!J15) -> 0 | J13: =IF(('Hampshire Daily'!K16-'Hampshire Daily'!K15<0), "0",'Hampshire Daily'!K16-'Hampshire Daily'!K15) -> 0 | K13: =IF(('Hampshire Daily'!L16-'Hampshire Daily'!L15<0), "0",'Hampshire Daily'!L16-'Hampshire Daily'!L15) -> 89 | L13: =IF(('Hampshire Daily'!M16-'Hampshire Daily'!M15<0), "0",'Hampshire Daily'!M16-'Hampshire Daily'!M15) -> 315 | M13: =IF(('Hampshire Daily'!N16-'Hampshire Daily'!N15<0), "0",'Hampshire Daily'!N16-'Hampshire Daily'!N15) -> 1008 | N13: =IF(('Hampshire Daily'!O16-'Hampshire Daily'!O15<0), "0",'Hampshire Daily'!O16-'Hampshire Daily'!O15) -> 33 | ... Q13: =IF(('Hampshire Daily'!R16-'Hampshire Daily'!R15<0), "0",'Hampshire Daily'!R16-'Hampshire Daily'!R15) -> 0 | R13: =IF(('Hampshire Daily'!U16-'Hampshire Daily'!U15<0), "0",'Hampshire Daily'!U16-'Hampshire Daily'!U15) -> 0 | S13: =IF(('Hampshire Daily'!V16-'Hampshire Daily'!V15<0), "0",'Hampshire Daily'!V16-'Hampshire Daily'!V15) -> 0 | T13: =IF(('Hampshire Daily'!X16-'Hampshire Daily'!X15<0), "0",'Hampshire Daily'!X16-'Hampshire Daily'!X15) -> 0.257 | U13: =IF(('Hampshire Daily'!Y16-'Hampshire Daily'!Y15<0), "0",'Hampshire Daily'!Y16-'Hampshire Daily'!Y15) -> 0.061 | V13: =IF(('Hampshire Daily'!Z16-'Hampshire Daily'!Z15<0), "0",'Hampshire Daily'!Z16-'Hampshire Daily'!Z15) -> 0 | W13: 0 | X13: ='Hampshire Daily'!B16 -> 10 | Y13: ='Hampshire Daily'!C16 -> 10
A14: Hampshire | B14: =B13+1 -> 13 | C14: 5 | D14: 2020 | E14: =IF(('Hampshire Daily'!D17-'Hampshire Daily'!D16<0), "0",('Hampshire Daily'!D17-'Hampshire Daily'!D16)*10) -> 1640 | F14: =IF(('Hampshire Daily'!F17-'Hampshire Daily'!F16<0), "0",('Hampshire Daily'!F17-'Hampshire Daily'!F16)*10) -> 1850 | G14: =IF(('Hampshire Daily'!H17-'Hampshire Daily'!H16<0), "0",'Hampshire Daily'!H17-'Hampshire Daily'!H16) -> 341 | H14: =IF(('Hampshire Daily'!I17-'Hampshire Daily'!I16<0), "0",'Hampshire Daily'!I17-'Hampshire Daily'!I16) -> 0 | I14: =IF(('Hampshire Daily'!J17-'Hampshire Daily'!J16<0), "0",'Hampshire Daily'!J17-'Hampshire Daily'!J16) -> 0 | J14: =IF(('Hampshire Daily'!K17-'Hampshire Daily'!K16<0), "0",'Hampshire Daily'!K17-'Hampshire Daily'!K16) -> 0 | K14: =IF(('Hampshire Daily'!L17-'Hampshire Daily'!L16<0), "0",'Hampshire Daily'!L17-'Hampshire Daily'!L16) -> 89 | L14: =IF(('Hampshire Daily'!M17-'Hampshire Daily'!M16<0), "0",'Hampshire Daily'!M17-'Hampshire Daily'!M16) -> 315 | M14: =IF(('Hampshire Daily'!N17-'Hampshire Daily'!N16<0), "0",'Hampshire Daily'!N17-'Hampshire Daily'!N16) -> 794 | N14: =IF(('Hampshire Daily'!O17-'Hampshire Daily'!O16<0), "0",'Hampshire Daily'!O17-'Hampshire Daily'!O16) -> 33 | ... Q14: =IF(('Hampshire Daily'!R17-'Hampshire Daily'!R16<0), "0",'Hampshire Daily'!R17-'Hampshire Daily'!R16) -> 0 | R14: =IF(('Hampshire Daily'!U17-'Hampshire Daily'!U16<0), "0",'Hampshire Daily'!U17-'Hampshire Daily'!U16) -> 0 | S14: =IF(('Hampshire Daily'!V17-'Hampshire Daily'!V16<0), "0",'Hampshire Daily'!V17-'Hampshire Daily'!V16) -> 0 | T14: =IF(('Hampshire Daily'!X17-'Hampshire Daily'!X16<0), "0",'Hampshire Daily'!X17-'Hampshire Daily'!X16) -> 0.222 | U14: =IF(('Hampshire Daily'!Y17-'Hampshire Daily'!Y16<0), "0",'Hampshire Daily'!Y17-'Hampshire Daily'!Y16) -> 0.077 | V14: =IF(('Hampshire Daily'!Z17-'Hampshire Daily'!Z16<0), "0",'Hampshire Daily'!Z17-'Hampshire Daily'!Z16) -> 0 | W14: 0 | X14: ='Hampshire Daily'!B17 -> 10 | Y14: ='Hampshire Daily'!C17 -> 10
... A32: Hampshire | B32: =B31+1 -> 31 | C32: 5 | D32: 2020 | E32: =IF(('Hampshire Daily'!D35-'Hampshire Daily'!D34<0), "0",('Hampshire Daily'!D35-'Hampshire Daily'!D34)*10) -> 1750 | F32: =IF(('Hampshire Daily'!F35-'Hampshire Daily'!F34<0), "0",('Hampshire Daily'!F35-'Hampshire Daily'!F34)*10) -> 2020 | G32: =IF(('Hampshire Daily'!H35-'Hampshire Daily'!H34<0), "0",'Hampshire Daily'!H35-'Hampshire Daily'!H34) -> 253 | H32: =IF(('Hampshire Daily'!I35-'Hampshire Daily'!I34<0), "0",'Hampshire Daily'!I35-'Hampshire Daily'!I34) -> 6537553 | I32: =IF(('Hampshire Daily'!J35-'Hampshire Daily'!J34<0), "0",'Hampshire Daily'!J35-'Hampshire Daily'!J34) -> 31845 | J32: =IF(('Hampshire Daily'!K35-'Hampshire Daily'!K34<0), "0",'Hampshire Daily'!K35-'Hampshire Daily'!K34) -> 4436707 | K32: =IF(('Hampshire Daily'!L35-'Hampshire Daily'!L34<0), "0",'Hampshire Daily'!L35-'Hampshire Daily'!L34) -> 75 | L32: =IF(('Hampshire Daily'!M35-'Hampshire Daily'!M34<0), "0",'Hampshire Daily'!M35-'Hampshire Daily'!M34) -> 337 | M32: =IF(('Hampshire Daily'!N35-'Hampshire Daily'!N34<0), "0",'Hampshire Daily'!N35-'Hampshire Daily'!N34) -> 469 | N32: =IF(('Hampshire Daily'!O35-'Hampshire Daily'!O34<0), "0",'Hampshire Daily'!O35-'Hampshire Daily'!O34) -> 28 | ... Q32: =IF(('Hampshire Daily'!R35-'Hampshire Daily'!R34<0), "0",'Hampshire Daily'!R35-'Hampshire Daily'!R34) -> 0 | R32: =IF(('Hampshire Daily'!U35-'Hampshire Daily'!U34<0), "0",'Hampshire Daily'!U35-'Hampshire Daily'!U34) -> 0 | S32: =IF(('Hampshire Daily'!V35-'Hampshire Daily'!V34<0), "0",'Hampshire Daily'!V35-'Hampshire Daily'!V34) -> 0 | T32: =IF(('Hampshire Daily'!X35-'Hampshire Daily'!X34<0), "0",'Hampshire Daily'!X35-'Hampshire Daily'!X34) -> 0.196 | U32: =IF(('Hampshire Daily'!Y35-'Hampshire Daily'!Y34<0), "0",'Hampshire Daily'!Y35-'Hampshire Daily'!Y34) -> 0 | V32: =IF(('Hampshire Daily'!Z35-'Hampshire Daily'!Z34<0), "0",'Hampshire Daily'!Z35-'Hampshire Daily'!Z34) -> 0 | W32: 0 | X32: ='Hampshire Daily'!B35 -> 10 | Y32: ='Hampshire Daily'!C35 -> 10

Sheet Hampshire Daily
D1: Electrical | N1: Gas | O1: Main Site Water Meter | S1: Water Softener Meter | U1: Hard Water Supply | V1: Pool Supply | X1: LTHW Spa | Y1: LTHW East | Z1: Chilled make-up | AA1: Engineer
B2: Room Night | C2: Guest | D2: Meter 1 | E2: Check 1 | F2: Meter 2 | G2: Check 2 | H2: East MCC | I2: South MCC 1 | J2: South MCC 2 | K2: West MCC | L2: Kitchen sub meter | M2: Spa electric | P2: Chiller | Q2: Chiller | R2: Chiller | W2: CL02
P3: 2 | Q3: 3 | R3: 4
A4: 121 | B4: 10 | C4: 10 | D4: 886126 | E4: 888604 | F4: 115356 | G4: 114615 | H4: 78541 | I4: 6510352 | J4: 31845 | K4: 4413538 | L4: 435223 | M4: 2569532 | N4: 324178 | O4: 325815 | P4: 1438607 | Q4: 447980 | R4: 480 | S4: 316394 | T4: 12773 | U4: 48789 | V4: 29963 | X4: 335.002 | Y4: 798.405 | Z4: 3875.306
A5: 122 | B5: 10 | C5: 10 | D5: 886291 | E5: 888770 | F5: 115573 | G5: 114833 | H5: 78864 | L5: 435297 | M5: 2569876 | N5: 325219 | O5: 325856 | P5: 1438607 | Q5: 447980 | R5: 480 | S5: 316410 | T5: 12790 | U5: 48791 | V5: 29964 | X5: 335.002 | Y5: 798.532 | Z5: 3875.306
A6: 123 | B6: 10 | C6: 10 | D6: 886472 | E6: 888951 | F6: 115805 | G6: 115064 | H6: 79243 | L6: 435386 | M6: 2570194 | N6: 326207 | O6: 325886 | P6: 1438607 | Q6: 447980 | R6: 480 | S6: 316436 | T6: 12819 | U6: 48792 | V6: 29966 | X6: 335.087 | Y6: 798.692 | Z6: 3875.306
A7: 124 | B7: 10 | C7: 10 | D7: 886640 | E7: 889119 | F7: 116033 | G7: 115293 | H7: 79612 | L7: 435475 | M7: 2570514 | N7: 327195 | O7: 325941 | P7: 1438607 | Q7: 447980 | R7: 480 | S7: 316451 | T7: 12835 | U7: 48794 | V7: 29976 | X7: 335.296 | Y7: 798.991 | Z7: 3875.306
A8: 125 | B8: 10 | C8: 10 | D8: 886806 | E8: 889286 | F8: 116254 | G8: 115513 | H8: 79964 | L8: 435564 | M8: 2570830 | N8: 328118 | O8: 325974 | P8: 1438607 | Q8: 447980 | R8: 480 | S8: 316472 | T8: 12856 | U8: 48795 | V8: 29977 | X8: 335.523 | Y8: 799.444 | Z8: 3875.306
A9: 126 | B9: 10 | C9: 10 | D9: 886981 | E9: 889461 | F9: 116479 | G9: 115738 | H9: 80364 | L9: 435653 | M9: 2571151 | N9: 329003 | O9: 326047 | P9: 1438607 | Q9: 447980 | R9: 480 | S9: 316491 | T9: 12878 | U9: 48797 | V9: 29979 | X9: 335.759 | Y9: 799.908 | Z9: 3875.306
A10: 127 | B10: 10 | C10: 10 | D10: 887158 | E10: 889638 | F10: 116707 | G10: 115966 | H10: 80761 | L10: 435742 | M10: 2571472 | N10: 329968 | O10: 326076 | P10: 1438607 | Q10: 447980 | R10: 480 | S10: 316505 | T10: 12904 | U10: 48800 | V10: 29980 | X10: 335.995 | Y10: 800.347 | Z10: 3875.306
A11: 128 | B11: 10 | C11: 10 | D11: 887321 | E11: 889800 | F11: 116895 | G11: 116154 | H11: 81138 | L11: 435905 | M11: 2571793 | N11: 330740 | O11: 326096 | P11: 1438607 | Q11: 447980 | R11: 480 | S11: 316507 | T11: 12911 | U11: 48800 | V11: 29980 | X11: 336.197 | Y11: 800.831 | Z11: 3875.306
A12: 129 | B12: 10 | C12: 10 | D12: 887488 | E12: 889968 | F12: 117084 | G12: 116343 | H12: 81436 | L12: 435994 | M12: 2572104 | N12: 331412 | O12: 326151 | P12: 1438607 | Q12: 447980 | R12: 480 | S12: 316522 | T12: 12946 | U12: 48801 | V12: 29980 | X12: 336.438 | Y12: 801.175 | Z12: 3875.306
A13: 130 | B13: 10 | C13: 10 | D13: 887652 | E13: 890132 | F13: 117285 | G13: 116544 | H13: 81747 | L13: 436083 | M13: 2572417 | N13: 331980 | O13: 326176 | P13: 1438607 | Q13: 447980 | R13: 480 | S13: 316522 | T13: 12965 | U13: 48801 | V13: 29980 | X13: 336.715 | Y13: 801.512 | Z13: 3875.306
A14: 131 | B14: 10 | C14: 10 | D14: 887856 | E14: 890336 | F14: 117497 | G14: 116756 | H14: 82034 | L14: 436172 | M14: 2572731 | N14: 332528 | O14: 326212 | P14: 1438607 | Q14: 448089 | R14: 481 | S14: 316522 | T14: 12985 | U14: 48801 | V14: 29980 | X14: 336.97 | Y14: 801.817 | Z14: 3875.306
A15: 132 | B15: 10 | C15: 10 | D15: 888043 | E15: 890523 | F15: 117730 | G15: 116989 | H15: 82462 | L15: 436261 | M15: 2573083 | N15: 333534 | O15: 326262 | P15: 1438607 | Q15: 448089 | R15: 481 | S15: 316528 | T15: 13011 | U15: 48801 | V15: 29993 | X15: 337.305 | Y15: 801.836 | Z15: 3875.306
A16: 133 | B16: 10 | C16: 10 | D16: 888206 | E16: 890687 | F16: 117938 | G16: 117197 | H16: 82851 | L16: 436350 | M16: 2573398 | N16: 334542 | O16: 326295 | P16: 1438607 | Q16: 448089 | R16: 481 | S16: 316528 | T16: 13030 | U16: 48801 | V16: 29993 | X16: 337.562 | Y16: 801.897 | Z16: 3875.306
... A34: 151 | B34: 10 | C34: 10 | D34: 891352 | E34: 893836 | F34: 121422 | G34: 120680 | H34: 88386 | L34: 438035 | M34: 2579387 | N34: 344609 | O34: 326933 | P34: 1438607 | Q34: 448251 | R34: 481 | S34: 316592 | T34: 13421 | U34: 48807 | V34: 30045 | X34: 341.685 | Y34: 803.617 | Z34: 3875.306
A35: 152 | B35: 10 | C35: 10 | D35: 891527 | E35: 894011 | F35: 121624 | G35: 120882 | H35: 88639 | I35: 6537553 | J35: 31845 | K35: 4436707 | L35: 438110 | M35: 2579724 | N35: 345078 | O35: 326961 | P35: 1438607 | Q35: 448251 | R35: 481 | S35: 316592 | T35: 13441 | U35: 48807 | V35: 30045 | X35: 341.881 | Y35: 803.617 | Z35: 3875.306
