Workbook

Sheet TOTAL
A1: Site Name | B1: Day | C1: Month | D1: Year | E1: Total Electricity Kwh | F1: Electricity Tariff ($/Kwh) | G1: LPG (Kg) | H1: LPG $/Kg | I1: Water Utility Supply (m3) m3 | J1: Water Utility Supply (m3) $/m3 | K1: Room Nights
A2: Seychelles at Desroches Island | B2: 1 | C2: 12 | D2: 2019 | E2: =Submetering!E2+Submetering!F2+Submetering!G2+Submetering!H2+Submetering!J2-Submetering!AV2 -> 9940 | F2: 0.5876503 | G2: =(Submetering!AX2+Submetering!AY2+Submetering!AZ2+Submetering!BA2+Submetering!BB2) -> 21.978 | H2: 0.99 | I2: ='FS Desroches Daily'!CM4 -> 75 | J2: 10.487298 | K2: ='FS Desroches Daily'!CN4 -> 24
A3: Seychelles at Desroches Island | B3: =B2+1 -> 2 | C3: 12 | D3: 2019 | E3: =Submetering!E3+Submetering!F3+Submetering!G3+Submetering!H3+Submetering!J3-Submetering!AV3 -> 8030 | F3: =F2 -> 0.5876503 | G3: =(Submetering!AX3+Submetering!AY3+Submetering!AZ3+Submetering!BA3+Submetering!BB3) -> 27.4725 | H3: =H2 -> 0.99 | I3: ='FS Desroches Daily'!CM5 -> 67.9 | J3: =J2 -> 10.487298 | K3: ='FS Desroches Daily'!CN5 -> 22
A4: Seychelles at Desroches Island | B4: =B3+1 -> 3 | C4: 12 | D4: 2019 | E4: =Submetering!E4+Submetering!F4+Submetering!G4+Submetering!H4+Submetering!J4-Submetering!AV4 -> 8490 | F4: =F3 -> 0.5876503 | G4: =(Submetering!AX4+Submetering!AY4+Submetering!AZ4+Submetering!BA4+Submetering!BB4) -> 21.978 | H4: =H3 -> 0.99 | I4: ='FS Desroches Daily'!CM6 -> 72 | J4: =J3 -> 10.487298 | K4: ='FS Desroches Daily'!CN6 -> 20
A5: Seychelles at Desroches Island | B5: =B4+1 -> 4 | C5: 12 | D5: 2019 | E5: =Submetering!E5+Submetering!F5+Submetering!G5+Submetering!H5+Submetering!J5-Submetering!AV5 -> 8850 | F5: =F4 -> 0.5876503 | G5: =(Submetering!AX5+Submetering!AY5+Submetering!AZ5+Submetering!BA5+Submetering!BB5) -> 25.641 | H5: =H4 -> 0.99 | I5: ='FS Desroches Daily'!CM7 -> 79 | J5: =J4 -> 10.487298 | K5: ='FS Desroches Daily'!CN7 -> 17
A6: Seychelles at Desroches Island | B6: =B5+1 -> 5 | C6: 12 | D6: 2019 | E6: =Submetering!E6+Submetering!F6+Submetering!G6+Submetering!H6+Submetering!J6-Submetering!AV6 -> 8320 | F6: =F5 -> 0.5876503 | G6: =(Submetering!AX6+Submetering!AY6+Submetering!AZ6+Submetering!BA6+Submetering!BB6) -> 23.8095 | H6: =H5 -> 0.99 | I6: ='FS Desroches Daily'!CM8 -> 77 | J6: =J5 -> 10.487298 | K6: ='FS Desroches Daily'!CN8 -> 4
A7: Seychelles at Desroches Island | B7: =B6+1 -> 6 | C7: 12 | D7: 2019 | E7: =Submetering!E7+Submetering!F7+Submetering!G7+Submetering!H7+Submetering!J7-Submetering!AV7 -> 9080 | F7: =F6 -> 0.5876503 | G7: =(Submetering!AX7+Submetering!AY7+Submetering!AZ7+Submetering!BA7+Submetering!BB7) -> 20.1465 | H7: =H6 -> 0.99 | I7: ='FS Desroches Daily'!CM9 -> 78 | J7: =J6 -> 10.487298 | K7: ='FS Desroches Daily'!CN9 -> 7
A8: Seychelles at Desroches Island | B8: =B7+1 -> 7 | C8: 12 | D8: 2019 | E8: =Submetering!E8+Submetering!F8+Submetering!G8+Submetering!H8+Submetering!J8-Submetering!AV8 -> 8430 | F8: =F7 -> 0.5876503 | G8: =(Submetering!AX8+Submetering!AY8+Submetering!AZ8+Submetering!BA8+Submetering!BB8) -> 21.978 | H8: =H7 -> 0.99 | I8: ='FS Desroches Daily'!CM10 -> 73 | J8: =J7 -> 10.487298 | K8: ='FS Desroches Daily'!CN10 -> 3
A9: Seychelles at Desroches Island | B9: =B8+1 -> 8 | C9: 12 | D9: 2019 | E9: =Submetering!E9+Submetering!F9+Submetering!G9+Submetering!H9+Submetering!J9-Submetering!AV9 -> 9070 | F9: =F8 -> 0.5876503 | G9: =(Submetering!AX9+Submetering!AY9+Submetering!AZ9+Submetering!BA9+Submetering!BB9) -> 27.4725 | H9: =H8 -> 0.99 | I9: ='FS Desroches Daily'!CM11 -> 60.9 | J9: =J8 -> 10.487298 | K9: ='FS Desroches Daily'!CN11 -> 3
A10: Seychelles at Desroches Island | B10: =B9+1 -> 9 | C10: 12 | D10: 2019 | E10: =Submetering!E10+Submetering!F10+Submetering!G10+Submetering!H10+Submetering!J10-Submetering!AV10 -> 9720 | F10: =F9 -> 0.5876503 | G10: =(Submetering!AX10+Submetering!AY10+Submetering!AZ10+Submetering!BA10+Submetering!BB10) -> 23.8095 | H10: =H9 -> 0.99 | I10: ='FS Desroches Daily'!CM12 -> 79.6 | J10: =J9 -> 10.487298 | K10: ='FS Desroches Daily'!CN12 -> 15
A11: Seychelles at Desroches Island | B11: =B10+1 -> 10 | C11: 12 | D11: 2019 | E11: =Submetering!E11+Submetering!F11+Submetering!G11+Submetering!H11+Submetering!J11-Submetering!AV11 -> 8830 | F11: =F10 -> 0.5876503 | G11: =(Submetering!AX11+Submetering!AY11+Submetering!AZ11+Submetering!BA11+Submetering!BB11) -> 21.978 | H11: =H10 -> 0.99 | I11: ='FS Desroches Daily'!CM13 -> 88 | J11: =J10 -> 10.487298 | K11: ='FS Desroches Daily'!CN13 -> 17
A12: Seychelles at Desroches Island | B12: =B11+1 -> 11 | C12: 12 | D12: 2019 | E12: =Submetering!E12+Submetering!F12+Submetering!G12+Submetering!H12+Submetering!J12-Submetering!AV12 -> 10750 | F12: =F11 -> 0.5876503 | G12: =(Submetering!AX12+Submetering!AY12+Submetering!AZ12+Submetering!BA12+Submetering!BB12) -> 29.304 | H12: =H11 -> 0.99 | I12: ='FS Desroches Daily'!CM14 -> 106 | J12: =J11 -> 10.487298 | K12: ='FS Desroches Daily'!CN14 -> 21
A13: Seychelles at Desroches Island | B13: =B12+1 -> 12 | C13: 12 | D13: 2019 | E13: =Submetering!E13+Submetering!F13+Submetering!G13+Submetering!H13+Submetering!J13-Submetering!AV13 -> 11020 | F13: =F12 -> 0.5876503 | G13: =(Submetering!AX13+Submetering!AY13+Submetering!AZ13+Submetering!BA13+Submetering!BB13) -> 23.8095 | H13: =H12 -> 0.99 | I13: ='FS Desroches Daily'!CM15 -> 139.2 | J13: =J12 -> 10.487298 | K13: ='FS Desroches Daily'!CN15 -> 27
A14: Seychelles at Desroches Island | B14: =B13+1 -> 13 | C14: 12 | D14: 2019 | E14: =Submetering!E14+Submetering!F14+Submetering!G14+Submetering!H14+Submetering!J14-Submetering!AV14 -> 11720 | F14: =F13 -> 0.5876503 | G14: =(Submetering!AX14+Submetering!AY14+Submetering!AZ14+Submetering!BA14+Submetering!BB14) -> 31.1355 | H14: =H13 -> 0.99 | I14: ='FS Desroches Daily'!CM16 -> 121 | J14: =J13 -> 10.487298 | K14: ='FS Desroches Daily'!CN16 -> 30
... A32: Seychelles at Desroches Island | B32: =B31+1 -> 31 | C32: 12 | D32: 2019 | E32: =Submetering!E32+Submetering!F32+Submetering!G32+Submetering!H32+Submetering!J32-Submetering!AV32 -> 13670 | F32: =F31 -> 0.5876503 | G32: =(Submetering!AX32+Submetering!AY32+Submetering!AZ32+Submetering!BA32+Submetering!BB32) -> 27.4725 | H32: =H31 -> 0.99 | I32: ='FS Desroches Daily'!CM34 -> 104.3 | J32: =J31 -> 10.487298 | K32: ='FS Desroches Daily'!CN34 -> 38

Sheet Submetering
A1: Site Name | B1: Day | C1: Month | D1: Year | E1: TRF CQ6 -KWh | F1: TRF FQ7 -KWh | G1: MSB BOH Q8 -KWh | H1: EX MAIN Q3 -KWh | I1: TRF DQ2 -KWh | J1: TRF B Q1 -KWh | K1: CANCAN shop -KWh | L1: CANCAN store -KWh | M1: Laundry EQU P D.B -KWh | N1: Laundry lighting -KWh | O1: PANTRY 1 -KWh | P1: PANTRY 2 -KWh | Q1: SPA LIGHT HOUSE -KWh | R1: PANTRY 3 -KWh | S1: PANTRY 4 -KWh | T1: VMC -KWh | U1: VILLA 100/157 -KWh | V1: VILLA 101/158 -KWh | W1: VILLA 102/159 -KWh | X1: VILLA 103/160 -KWh | Y1: VILLA 104/161 -KWh | Z1: VILLA 105/162 -KWh | AA1: VILLA 106/163 -KWh | AB1: VILLA 107/164 -KWh | AC1: VILLA 108/165 -KWh | AD1: VILLA 109/166 -KWh | AE1: VILLA 110 -KWh | AF1: KUMAR&KUMAR -KWh | AG1: BLOCK 15 -KWh | AH1: BLOCK 16 -KWh | AI1: BLOCK 17 -KWh | AJ1: BLOCK 18 -KWh | AK1: BLOCK 19 -KWh | AL1: BLOCK 20 -KWh | AM1: BLOCK 21 -KWh | AN1: BLOCK 22 -KWh | AO1: BLOCK 23 -KWh | AP1: BLOCK 24 -KWh | AQ1: Exhaust Kitchen (Main) -KWh | AR1: Exhaust Kitchen (Breakfast) -KWh | AS1: Exhaust Lighthouse -KWh | AT1: Exhaust Canteen -KWh | AU1: Cold Store -KWh | AV1: RO Plant -KWh | AW1: Water (m3) | AX1: Main kitchen M1 (9598630) - Kg | AY1: Main kitchen M2 (9598611) -Kg | AZ1: Main kitchen M3 (9249533) -Kg | BA1: Lighthouse -Kg | BB1: Canteen -Kg | BC1: Room Nights
A2: Seychelles at Desroches Island | B2: 1 | C2: 12 | D2: 2019 | E2: ='FS Desroches Daily'!D4 -> 1400 | F2: ='FS Desroches Daily'!F4 -> 3000 | G2: ='FS Desroches Daily'!H4 -> 3100 | H2: ='FS Desroches Daily'!J4 -> 1380 | I2: ='FS Desroches Daily'!L4 -> 2600 | J2: ='FS Desroches Daily'!N4 -> 1690 | K2: ='FS Desroches Daily'!P4 -> 21 | L2: ='FS Desroches Daily'!R4 -> 9 | M2: ='FS Desroches Daily'!T4 -> 786 | N2: ='FS Desroches Daily'!V4 -> 236 | O2: ='FS Desroches Daily'!X4 -> 250 | P2: ='FS Desroches Daily'!Z4 -> 2600 | Q2: ='FS Desroches Daily'!AB4 -> 420 | R2: ='FS Desroches Daily'!AD4 -> 330 | S2: ='FS Desroches Daily'!AF4 -> 760 | T2: ='FS Desroches Daily'!AH4 -> 1.6 | U2: ='FS Desroches Daily'!AJ4 -> 370 | V2: ='FS Desroches Daily'!AL4 -> 0.05 | W2: ='FS Desroches Daily'!AN4 -> 0.17 | X2: ='FS Desroches Daily'!AP4 -> 0.09 | Y2: ='FS Desroches Daily'!AR4 -> 60 | Z2: ='FS Desroches Daily'!AT4 -> 60 | AA2: ='FS Desroches Daily'!AT4 -> 60 | AB2: ='FS Desroches Daily'!AV4 -> 90 | AC2: ='FS Desroches Daily'!AZ4 -> 40 | AD2: ='FS Desroches Daily'!BB4 -> 30 | AE2: ='FS Desroches Daily'!BD4 -> 0 | AF2: ='FS Desroches Daily'!BF4 -> 52 | AG2: ='FS Desroches Daily'!BH4 -> 20 | AH2: ='FS Desroches Daily'!BJ4 -> 30 | AI2: ='FS Desroches Daily'!BL4 -> 30 | AJ2: ='FS Desroches Daily'!BN4 -> 30 | AK2: ='FS Desroches Daily'!BP4 -> 40 | AL2: ='FS Desroches Daily'!BR4 -> 130 | AM2: ='FS Desroches Daily'!BT4 -> 30 | AN2: ='FS Desroches Daily'!BV4 -> 25 | AO2: ='FS Desroches Daily'!BX4 -> 30 | AP2: ='FS Desroches Daily'!BZ4 -> 47 | AQ2: ='FS Desroches Daily'!CB4 -> 28.5 | AR2: ='FS Desroches Daily'!CD4 -> 12.2 | AS2: ='FS Desroches Daily'!CF4 -> 15.6 | AT2: ='FS Desroches Daily'!CH4 -> 72.2 | AU2: ='FS Desroches Daily'!CJ4 -> 258 | AV2: ='FS Desroches Daily'!CL4 -> 630 | AW2: ='FS Desroches Daily'!CM4 -> 75 | AX2: =IF(LPG!F9-LPG!F8<0,"0",(LPG!F9-LPG!F8)*1.8315) -> 10.989 | AY2: =IF(LPG!H9-LPG!H8<0,"0",(LPG!H9-LPG!H8)*1.8315) -> 1.8315 | AZ2: =IF(LPG!J9-LPG!J8<0,"0",(LPG!J9-LPG!J8)*1.8315) -> 1.8315 | BA2: =IF(LPG!M9-LPG!M8<0,"0",(LPG!M9-LPG!M8)*1.8315) -> 3.663 | BB2: =IF(LPG!Q9-LPG!Q8<0,"0",(LPG!Q9-LPG!Q8)*1.8315) -> 3.663 | BC2: ='FS Desroches Daily'!CN4 -> 24
A3: Seychelles at Desroches Island | B3: =B2+1 -> 2 | C3: 12 | D3: 2019 | E3: ='FS Desroches Daily'!D5 -> 1100 | F3: ='FS Desroches Daily'!F5 -> 2600 | G3: ='FS Desroches Daily'!H5 -> 2600 | H3: ='FS Desroches Daily'!J5 -> 1040 | I3: ='FS Desroches Daily'!L5 -> 2300 | J3: ='FS Desroches Daily'!N5 -> 1290 | K3: ='FS Desroches Daily'!P5 -> 18 | L3: ='FS Desroches Daily'!R5 -> 8 | M3: ='FS Desroches Daily'!T5 -> 1107 | N3: ='FS Desroches Daily'!V5 -> 478 | O3: ='FS Desroches Daily'!X5 -> 250 | P3: ='FS Desroches Daily'!Z5 -> 2500 | Q3: ='FS Desroches Daily'!AB5 -> 380 | R3: ='FS Desroches Daily'!AD5 -> 250 | S3: ='FS Desroches Daily'!AF5 -> 620 | T3: ='FS Desroches Daily'!AH5 -> 1.1 | U3: ='FS Desroches Daily'!AJ5 -> 270 | V3: ='FS Desroches Daily'!AL5 -> 0.07 | W3: ='FS Desroches Daily'!AN5 -> 0.13 | X3: ='FS Desroches Daily'!AP5 -> 0.08 | Y3: ='FS Desroches Daily'!AR5 -> 50 | Z3: ='FS Desroches Daily'!AT5 -> 70 | AA3: ='FS Desroches Daily'!AT5 -> 70 | AB3: ='FS Desroches Daily'!AV5 -> 100 | AC3: ='FS Desroches Daily'!AZ5 -> 40 | AD3: ='FS Desroches Daily'!BB5 -> 40 | AE3: ='FS Desroches Daily'!BD5 -> 30 | AF3: ='FS Desroches Daily'!BF5 -> 60 | AG3: ='FS Desroches Daily'!BH5 -> 20 | AH3: ='FS Desroches Daily'!BJ5 -> 30 | AI3: ='FS Desroches Daily'!BL5 -> 30 | AJ3: ='FS Desroches Daily'!BN5 -> 30 | AK3: ='FS Desroches Daily'!BP5 -> 30 | AL3: ='FS Desroches Daily'!BR5 -> 25 | AM3: ='FS Desroches Daily'!BT5 -> 30 | AN3: ='FS Desroches Daily'!BV5 -> 25 | AO3: ='FS Desroches Daily'!BX5 -> 20 | AP3: ='FS Desroches Daily'!BZ5 -> 36 | AQ3: ='FS Desroches Daily'!CB5 -> 28.4 | AR3: ='FS Desroches Daily'!CD5 -> 12.6 | AS3: ='FS Desroches Daily'!CF5 -> 14.5 | AT3: ='FS Desroches Daily'!CH5 -> 40.8 | AU3: ='FS Desroches Daily'!CJ5 -> 233 | AV3: ='FS Desroches Daily'!CL5 -> 600 | AW3: ='FS Desroches Daily'!CM5 -> 67.9 | AX3: =IF(LPG!F10-LPG!F9<0,"0",(LPG!F10-LPG!F9)*1.8315) -> 14.652 | AY3: =IF(LPG!H10-LPG!H9<0,"0",(LPG!H10-LPG!H9)*1.8315) -> 3.663 | AZ3: =IF(LPG!J10-LPG!J9<0,"0",(LPG!J10-LPG!J9)*1.8315) -> 0 | BA3: =IF(LPG!M10-LPG!M9<0,"0",(LPG!M10-LPG!M9)*1.8315) -> 1.8315 | BB3: =IF(LPG!Q10-LPG!Q9<0,"0",(LPG!Q10-LPG!Q9)*1.8315) -> 7.326 | BC3: ='FS Desroches Daily'!CN5 -> 22
A4: Seychelles at Desroches Island | B4: =B3+1 -> 3 | C4: 12 | D4: 2019 | E4: ='FS Desroches Daily'!D6 -> 1200 | F4: ='FS Desroches Daily'!F6 -> 2900 | G4: ='FS Desroches Daily'!H6 -> 2700 | H4: ='FS Desroches Daily'!J6 -> 1120 | I4: ='FS Desroches Daily'!L6 -> 2200 | J4: ='FS Desroches Daily'!N6 -> 1240 | K4: ='FS Desroches Daily'!P6 -> 19 | L4: ='FS Desroches Daily'!R6 -> 0 | M4: ='FS Desroches Daily'!T6 | N4: ='FS Desroches Daily'!V6 -> 289 | O4: ='FS Desroches Daily'!X6 -> 0 | P4: ='FS Desroches Daily'!Z6 -> 2500 | Q4: ='FS Desroches Daily'!AB6 -> 200 | R4: ='FS Desroches Daily'!AD6 -> 290 | S4: ='FS Desroches Daily'!AF6 -> 610 | T4: ='FS Desroches Daily'!AH6 -> 1.2 | U4: ='FS Desroches Daily'!AJ6 -> 280 | V4: ='FS Desroches Daily'!AL6 -> 0.08 | W4: ='FS Desroches Daily'!AN6 -> 0.13 | X4: ='FS Desroches Daily'!AP6 | Y4: ='FS Desroches Daily'!AR6 -> 40 | Z4: ='FS Desroches Daily'!AT6 -> 80 | AA4: ='FS Desroches Daily'!AT6 -> 80 | AB4: ='FS Desroches Daily'!AV6 -> 110 | AC4: ='FS Desroches Daily'!AZ6 -> 30 | AD4: ='FS Desroches Daily'!BB6 -> 40 | AE4: ='FS Desroches Daily'!BD6 -> 20 | AF4: ='FS Desroches Daily'!BF6 -> 48 | AG4: ='FS Desroches Daily'!BH6 -> 20 | AH4: ='FS Desroches Daily'!BJ6 -> 20 | AI4: ='FS Desroches Daily'!BL6 -> 30 | AJ4: ='FS Desroches Daily'!BN6 -> 30 | AK4: ='FS Desroches Daily'!BP6 -> 20 | AL4: ='FS Desroches Daily'!BR6 -> 23 | AM4: ='FS Desroches Daily'!BT6 -> 30 | AN4: ='FS Desroches Daily'!BV6 -> 22 | AO4: ='FS Desroches Daily'!BX6 -> 30 | AP4: ='FS Desroches Daily'!BZ6 -> 33 | AQ4: ='FS Desroches Daily'!CB6 -> 27.6 | AR4: ='FS Desroches Daily'!CD6 -> 12.6 | AS4: ='FS Desroches Daily'!CF6 -> 0.4 | AT4: ='FS Desroches Daily'!CH6 -> 51 | AU4: ='FS Desroches Daily'!CJ6 -> 236 | AV4: ='FS Desroches Daily'!CL6 -> 670 | AW4: ='FS Desroches Daily'!CM6 -> 72 | AX4: =IF(LPG!F11-LPG!F10<0,"0",(LPG!F11-LPG!F10)*1.8315) -> 12.8205 | AY4: =IF(LPG!H11-LPG!H10<0,"0",(LPG!H11-LPG!H10)*1.8315) -> 3.663 | AZ4: =IF(LPG!J11-LPG!J10<0,"0",(LPG!J11-LPG!J10)*1.8315) -> 0 | BA4: =IF(LPG!M11-LPG!M10<0,"0",(LPG!M11-LPG!M10)*1.8315) -> 0 | BB4: =IF(LPG!Q11-LPG!Q10<0,"0",(LPG!Q11-LPG!Q10)*1.8315) -> 5.4945 | BC4: ='FS Desroches Daily'!CN6 -> 20
A5: Seychelles at Desroches Island | B5: =B4+1 -> 4 | C5: 12 | D5: 2019 | E5: ='FS Desroches Daily'!D7 -> 1300 | F5: ='FS Desroches Daily'!F7 -> 2800 | G5: ='FS Desroches Daily'!H7 -> 2900 | H5: ='FS Desroches Daily'!J7 -> 1180 | I5: ='FS Desroches Daily'!L7 -> 2300 | J5: ='FS Desroches Daily'!N7 -> 1360 | K5: ='FS Desroches Daily'!P7 -> 19 | L5: ='FS Desroches Daily'!R7 -> 6 | M5: ='FS Desroches Daily'!T7 -> 1148 | N5: ='FS Desroches Daily'!V7 -> 341 | O5: ='FS Desroches Daily'!X7 -> 320 | P5: ='FS Desroches Daily'!Z7 -> 2600 | Q5: ='FS Desroches Daily'!AB7 -> 390 | R5: ='FS Desroches Daily'!AD7 -> 250 | S5: ='FS Desroches Daily'!AF7 -> 620 | T5: ='FS Desroches Daily'!AH7 -> 1.3 | U5: ='FS Desroches Daily'!AJ7 -> 290 | V5: ='FS Desroches Daily'!AL7 -> 0.08 | W5: ='FS Desroches Daily'!AN7 -> 0.17 | X5: ='FS Desroches Daily'!AP7 -> 0.51 | Y5: ='FS Desroches Daily'!AR7 -> 50 | Z5: ='FS Desroches Daily'!AT7 -> 70 | AA5: ='FS Desroches Daily'!AT7 -> 70 | AB5: ='FS Desroches Daily'!AV7 -> 110 | AC5: ='FS Desroches Daily'!AZ7 -> 40 | AD5: ='FS Desroches Daily'!BB7 -> 30 | AE5: ='FS Desroches Daily'!BD7 -> 20 | AF5: ='FS Desroches Daily'!BF7 -> 25 | AG5: ='FS Desroches Daily'!BH7 -> 20 | AH5: ='FS Desroches Daily'!BJ7 -> 30 | AI5: ='FS Desroches Daily'!BL7 -> 40 | AJ5: ='FS Desroches Daily'!BN7 -> 30 | AK5: ='FS Desroches Daily'!BP7 -> 30 | AL5: ='FS Desroches Daily'!BR7 -> 23 | AM5: ='FS Desroches Daily'!BT7 -> 30 | AN5: ='FS Desroches Daily'!BV7 -> 26 | AO5: ='FS Desroches Daily'!BX7 -> 30 | AP5: ='FS Desroches Daily'!BZ7 -> 42 | AQ5: ='FS Desroches Daily'!CB7 -> 23.2 | AR5: ='FS Desroches Daily'!CD7 -> 5.6 | AS5: ='FS Desroches Daily'!CF7 -> 11.6 | AT5: ='FS Desroches Daily'!CH7 -> 92.3 | AU5: ='FS Desroches Daily'!CJ7 -> 258 | AV5: ='FS Desroches Daily'!CL7 -> 690 | AW5: ='FS Desroches Daily'!CM7 -> 79 | AX5: =IF(LPG!F12-LPG!F11<0,"0",(LPG!F12-LPG!F11)*1.8315) -> 14.652 | AY5: =IF(LPG!H12-LPG!H11<0,"0",(LPG!H12-LPG!H11)*1.8315) -> 3.663 | AZ5: =IF(LPG!J12-LPG!J11<0,"0",(LPG!J12-LPG!J11)*1.8315) -> 0 | BA5: =IF(LPG!M12-LPG!M11<0,"0",(LPG!M12-LPG!M11)*1.8315) -> 3.663 | BB5: =IF(LPG!Q12-LPG!Q11<0,"0",(LPG!Q12-LPG!Q11)*1.8315) -> 3.663 | BC5: ='FS Desroches Daily'!CN7 -> 17
A6: Seychelles at Desroches Island | B6: =B5+1 -> 5 | C6: 12 | D6: 2019 | E6: ='FS Desroches Daily'!D8 -> 1400 | F6: ='FS Desroches Daily'!F8 -> 2500 | G6: ='FS Desroches Daily'!H8 -> 2700 | H6: ='FS Desroches Daily'!J8 -> 1210 | I6: ='FS Desroches Daily'!L8 -> 2200 | J6: ='FS Desroches Daily'!N8 -> 1130 | K6: ='FS Desroches Daily'!P8 -> 18 | L6: ='FS Desroches Daily'!R8 -> 6 | M6: ='FS Desroches Daily'!T8 -> 1856 | N6: ='FS Desroches Daily'!V8 -> 381 | O6: ='FS Desroches Daily'!X8 -> 300 | P6: ='FS Desroches Daily'!Z8 -> 2200 | Q6: ='FS Desroches Daily'!AB8 -> 280 | R6: ='FS Desroches Daily'!AD8 -> 270 | S6: ='FS Desroches Daily'!AF8 -> 490 | T6: ='FS Desroches Daily'!AH8 -> 1.3 | U6: ='FS Desroches Daily'!AJ8 -> 310 | V6: ='FS Desroches Daily'!AL8 -> 0.08 | W6: ='FS Desroches Daily'!AN8 -> 0.14 | X6: ='FS Desroches Daily'!AP8 -> 0.09 | Y6: ='FS Desroches Daily'!AR8 -> 40 | Z6: ='FS Desroches Daily'!AT8 -> 80 | AA6: ='FS Desroches Daily'!AT8 -> 80 | AB6: ='FS Desroches Daily'!AV8 -> 110 | AC6: ='FS Desroches Daily'!AZ8 -> 50 | AD6: ='FS Desroches Daily'!BB8 -> 40 | AE6: ='FS Desroches Daily'!BD8 -> 20 | AF6: ='FS Desroches Daily'!BF8 -> 21 | AG6: ='FS Desroches Daily'!BH8 -> 20 | AH6: ='FS Desroches Daily'!BJ8 -> 30 | AI6: ='FS Desroches Daily'!BL8 -> 30 | AJ6: ='FS Desroches Daily'!BN8 -> 30 | AK6: ='FS Desroches Daily'!BP8 -> 30 | AL6: ='FS Desroches Daily'!BR8 -> 26 | AM6: ='FS Desroches Daily'!BT8 -> 20 | AN6: ='FS Desroches Daily'!BV8 -> 20 | AO6: ='FS Desroches Daily'!BX8 -> 30 | AP6: ='FS Desroches Daily'!BZ8 -> 57 | AQ6: ='FS Desroches Daily'!CB8 -> 16.8 | AR6: ='FS Desroches Daily'!CD8 -> 10.7 | AS6: ='FS Desroches Daily'!CF8 -> 0.3 | AT6: ='FS Desroches Daily'!CH8 -> 30.7 | AU6: ='FS Desroches Daily'!CJ8 -> 248 | AV6: ='FS Desroches Daily'!CL8 -> 620 | AW6: ='FS Desroches Daily'!CM8 -> 77 | AX6: =IF(LPG!F13-LPG!F12<0,"0",(LPG!F13-LPG!F12)*1.8315) -> 12.8205 | AY6: =IF(LPG!H13-LPG!H12<0,"0",(LPG!H13-LPG!H12)*1.8315) -> 3.663 | AZ6: =IF(LPG!J13-LPG!J12<0,"0",(LPG!J13-LPG!J12)*1.8315) -> 0 | BA6: =IF(LPG!M13-LPG!M12<0,"0",(LPG!M13-LPG!M12)*1.8315) -> 0 | BB6: =IF(LPG!Q13-LPG!Q12<0,"0",(LPG!Q13-LPG!Q12)*1.8315) -> 7.326 | BC6: ='FS Desroches Daily'!CN8 -> 4
A7: Seychelles at Desroches Island | B7: =B6+1 -> 6 | C7: 12 | D7: 2019 | E7: ='FS Desroches Daily'!D9 -> 1200 | F7: ='FS Desroches Daily'!F9 -> 2800 | G7: ='FS Desroches Daily'!H9 -> 3100 | H7: ='FS Desroches Daily'!J9 -> 1390 | I7: ='FS Desroches Daily'!L9 -> 2400 | J7: ='FS Desroches Daily'!N9 -> 1260 | K7: ='FS Desroches Daily'!P9 -> 17 | L7: ='FS Desroches Daily'!R9 -> 8 | M7: ='FS Desroches Daily'!T9 -> 903 | N7: ='FS Desroches Daily'!V9 -> 385 | O7: ='FS Desroches Daily'!X9 -> 290 | P7: ='FS Desroches Daily'!Z9 -> 2400 | Q7: ='FS Desroches Daily'!AB9 -> 380 | R7: ='FS Desroches Daily'!AD9 -> 260 | S7: ='FS Desroches Daily'!AF9 -> 500 | T7: ='FS Desroches Daily'!AH9 -> 1.1 | U7: ='FS Desroches Daily'!AJ9 -> 320 | V7: ='FS Desroches Daily'!AL9 -> 0.09 | W7: ='FS Desroches Daily'!AN9 -> 0.15 | X7: ='FS Desroches Daily'!AP9 -> 0.08 | Y7: ='FS Desroches Daily'!AR9 -> 30 | Z7: ='FS Desroches Daily'!AT9 -> 80 | AA7: ='FS Desroches Daily'!AT9 -> 80 | AB7: ='FS Desroches Daily'!AV9 -> 80 | AC7: ='FS Desroches Daily'!AZ9 -> 40 | AD7: ='FS Desroches Daily'!BB9 -> 40 | AE7: ='FS Desroches Daily'!BD9 -> 20 | AF7: ='FS Desroches Daily'!BF9 -> 45 | AG7: ='FS Desroches Daily'!BH9 -> 20 | AH7: ='FS Desroches Daily'!BJ9 -> 40 | AI7: ='FS Desroches Daily'!BL9 -> 20 | AJ7: ='FS Desroches Daily'!BN9 -> 30 | AK7: ='FS Desroches Daily'!BP9 -> 40 | AL7: ='FS Desroches Daily'!BR9 -> 28 | AM7: ='FS Desroches Daily'!BT9 -> 40 | AN7: ='FS Desroches Daily'!BV9 -> 20 | AO7: ='FS Desroches Daily'!BX9 -> 30 | AP7: ='FS Desroches Daily'!BZ9 -> 61 | AQ7: ='FS Desroches Daily'!CB9 -> 21.5 | AR7: ='FS Desroches Daily'!CD9 -> 11.4 | AS7: ='FS Desroches Daily'!CF9 -> 10.1 | AT7: ='FS Desroches Daily'!CH9 -> 41 | AU7: ='FS Desroches Daily'!CJ9 -> 279 | AV7: ='FS Desroches Daily'!CL9 -> 670 | AW7: ='FS Desroches Daily'!CM9 -> 78 | AX7: =IF(LPG!F14-LPG!F13<0,"0",(LPG!F14-LPG!F13)*1.8315) -> 9.1575 | AY7: =IF(LPG!H14-LPG!H13<0,"0",(LPG!H14-LPG!H13)*1.8315) -> 3.663 | AZ7: =IF(LPG!J14-LPG!J13<0,"0",(LPG!J14-LPG!J13)*1.8315) -> 0 | BA7: =IF(LPG!M14-LPG!M13<0,"0",(LPG!M14-LPG!M13)*1.8315) -> 3.663 | BB7: =IF(LPG!Q14-LPG!Q13<0,"0",(LPG!Q14-LPG!Q13)*1.8315) -> 3.663 | BC7: ='FS Desroches Daily'!CN9 -> 7
A8: Seychelles at Desroches Island | B8: =B7+1 -> 7 | C8: 12 | D8: 2019 | E8: ='FS Desroches Daily'!D10 -> 1100 | F8: ='FS Desroches Daily'!F10 -> 2700 | G8: ='FS Desroches Daily'!H10 -> 2700 | H8: ='FS Desroches Daily'!J10 -> 1440 | I8: ='FS Desroches Daily'!L10 -> 2400 | J8: ='FS Desroches Daily'!N10 -> 1100 | K8: ='FS Desroches Daily'!P10 -> 20 | L8: ='FS Desroches Daily'!R10 -> 6 | M8: ='FS Desroches Daily'!T10 -> 790 | N8: ='FS Desroches Daily'!V10 -> 409 | O8: ='FS Desroches Daily'!X10 -> 340 | P8: ='FS Desroches Daily'!Z10 -> 2300 | Q8: ='FS Desroches Daily'!AB10 -> 270 | R8: ='FS Desroches Daily'!AD10 -> 240 | S8: ='FS Desroches Daily'!AF10 -> 510 | T8: ='FS Desroches Daily'!AH10 -> 1.8 | U8: ='FS Desroches Daily'!AJ10 -> 300 | V8: ='FS Desroches Daily'!AL10 -> 0.14 | W8: ='FS Desroches Daily'!AN10 -> 0.11 | X8: ='FS Desroches Daily'!AP10 -> 0.05 | Y8: ='FS Desroches Daily'!AR10 -> 40 | Z8: ='FS Desroches Daily'!AT10 -> 70 | AA8: ='FS Desroches Daily'!AT10 -> 70 | AB8: ='FS Desroches Daily'!AV10 -> 60 | AC8: ='FS Desroches Daily'!AZ10 -> 30 | AD8: ='FS Desroches Daily'!BB10 -> 60 | AE8: ='FS Desroches Daily'!BD10 -> 20 | AF8: ='FS Desroches Daily'!BF10 -> 54 | AG8: ='FS Desroches Daily'!BH10 -> 30 | AH8: ='FS Desroches Daily'!BJ10 -> 40 | AI8: ='FS Desroches Daily'!BL10 -> 40 | AJ8: ='FS Desroches Daily'!BN10 -> 40 | AK8: ='FS Desroches Daily'!BP10 -> 50 | AL8: ='FS Desroches Daily'!BR10 -> 36 | AM8: ='FS Desroches Daily'!BT10 -> 30 | AN8: ='FS Desroches Daily'!BV10 -> 37 | AO8: ='FS Desroches Daily'!BX10 -> 40 | AP8: ='FS Desroches Daily'!BZ10 -> 87 | AQ8: ='FS Desroches Daily'!CB10 -> 26.5 | AR8: ='FS Desroches Daily'!CD10 -> 10.4 | AS8: ='FS Desroches Daily'!CF10 -> 5 | AT8: ='FS Desroches Daily'!CH10 -> 84.7 | AU8: ='FS Desroches Daily'!CJ10 -> 317 | AV8: ='FS Desroches Daily'!CL10 -> 610 | AW8: ='FS Desroches Daily'!CM10 -> 73 | AX8: =IF(LPG!F15-LPG!F14<0,"0",(LPG!F15-LPG!F14)*1.8315) -> 10.989 | AY8: =IF(LPG!H15-LPG!H14<0,"0",(LPG!H15-LPG!H14)*1.8315) -> 1.8315 | AZ8: =IF(LPG!J15-LPG!J14<0,"0",(LPG!J15-LPG!J14)*1.8315) -> 1.8315 | BA8: =IF(LPG!M15-LPG!M14<0,"0",(LPG!M15-LPG!M14)*1.8315) -> 0 | BB8: =IF(LPG!Q15-LPG!Q14<0,"0",(LPG!Q15-LPG!Q14)*1.8315) -> 7.326 | BC8: ='FS Desroches Daily'!CN10 -> 3
A9: Seychelles at Desroches Island | B9: =B8+1 -> 8 | C9: 12 | D9: 2019 | E9: ='FS Desroches Daily'!D11 -> 1200 | F9: ='FS Desroches Daily'!F11 -> 2700 | G9: ='FS Desroches Daily'!H11 -> 2700 | H9: ='FS Desroches Daily'!J11 -> 1490 | I9: ='FS Desroches Daily'!L11 -> 2400 | J9: ='FS Desroches Daily'!N11 -> 1530 | K9: ='FS Desroches Daily'!P11 -> 1 | L9: ='FS Desroches Daily'!R11 -> 9 | M9: ='FS Desroches Daily'!T11 -> 957 | N9: ='FS Desroches Daily'!V11 -> 380 | O9: ='FS Desroches Daily'!X11 -> 310 | P9: ='FS Desroches Daily'!Z11 -> 2400 | Q9: ='FS Desroches Daily'!AB11 -> 420 | R9: ='FS Desroches Daily'!AD11 -> 250 | S9: ='FS Desroches Daily'!AF11 -> 680 | T9: ='FS Desroches Daily'!AH11 -> 1.7 | U9: ='FS Desroches Daily'!AJ11 -> 320 | V9: ='FS Desroches Daily'!AL11 -> 0.15 | W9: ='FS Desroches Daily'!AN11 -> 0.09 | X9: ='FS Desroches Daily'!AP11 -> 0.04 | Y9: ='FS Desroches Daily'!AR11 -> 30 | Z9: ='FS Desroches Daily'!AT11 -> 70 | AA9: ='FS Desroches Daily'!AT11 -> 70 | AB9: ='FS Desroches Daily'!AV11 -> 70 | AC9: ='FS Desroches Daily'!AZ11 -> 40 | AD9: ='FS Desroches Daily'!BB11 -> 40 | AE9: ='FS Desroches Daily'!BD11 -> 0 | AF9: ='FS Desroches Daily'!BF11 -> 48 | AG9: ='FS Desroches Daily'!BH11 -> 30 | AH9: ='FS Desroches Daily'!BJ11 -> 50 | AI9: ='FS Desroches Daily'!BL11 -> 50 | AJ9: ='FS Desroches Daily'!BN11 -> 40 | AK9: ='FS Desroches Daily'!BP11 -> 40 | AL9: ='FS Desroches Daily'!BR11 -> 34 | AM9: ='FS Desroches Daily'!BT11 -> 30 | AN9: ='FS Desroches Daily'!BV11 -> 42 | AO9: ='FS Desroches Daily'!BX11 -> 40 | AP9: ='FS Desroches Daily'!BZ11 -> 63 | AQ9: ='FS Desroches Daily'!CB11 -> 33.3 | AR9: ='FS Desroches Daily'!CD11 -> 12.8 | AS9: ='FS Desroches Daily'!CF11 -> 4.8 | AT9: ='FS Desroches Daily'!CH11 -> 56.6 | AU9: ='FS Desroches Daily'!CJ11 -> 309 | AV9: ='FS Desroches Daily'!CL11 -> 550 | AW9: ='FS Desroches Daily'!CM11 -> 60.9 | AX9: =IF(LPG!F16-LPG!F15<0,"0",(LPG!F16-LPG!F15)*1.8315) -> 12.8205 | AY9: =IF(LPG!H16-LPG!H15<0,"0",(LPG!H16-LPG!H15)*1.8315) -> 1.8315 | AZ9: =IF(LPG!J16-LPG!J15<0,"0",(LPG!J16-LPG!J15)*1.8315) -> 0 | BA9: =IF(LPG!M16-LPG!M15<0,"0",(LPG!M16-LPG!M15)*1.8315) -> 5.4945 | BB9: =IF(LPG!Q16-LPG!Q15<0,"0",(LPG!Q16-LPG!Q15)*1.8315) -> 7.326 | BC9: ='FS Desroches Daily'!CN11 -> 3
A10: Seychelles at Desroches Island | B10: =B9+1 -> 9 | C10: 12 | D10: 2019 | E10: ='FS Desroches Daily'!D12 -> 1800 | F10: ='FS Desroches Daily'!F12 -> 2800 | G10: ='FS Desroches Daily'!H12 -> 2900 | H10: ='FS Desroches Daily'!J12 -> 1420 | I10: ='FS Desroches Daily'!L12 -> 2400 | J10: ='FS Desroches Daily'!N12 -> 1500 | K10: ='FS Desroches Daily'!P12 -> 20 | L10: ='FS Desroches Daily'!R12 -> 9 | M10: ='FS Desroches Daily'!T12 -> 854 | N10: ='FS Desroches Daily'!V12 -> 394 | O10: ='FS Desroches Daily'!X12 -> 270 | P10: ='FS Desroches Daily'!Z12 -> 2600 | Q10: ='FS Desroches Daily'!AB12 -> 470 | R10: ='FS Desroches Daily'!AD12 -> 280 | S10: ='FS Desroches Daily'!AF12 -> 670 | T10: ='FS Desroches Daily'!AH12 -> 2 | U10: ='FS Desroches Daily'!AJ12 -> 300 | V10: ='FS Desroches Daily'!AL12 -> 0.29 | W10: ='FS Desroches Daily'!AN12 -> 0.17 | X10: ='FS Desroches Daily'!AP12 -> 0.07 | Y10: ='FS Desroches Daily'!AR12 -> 70 | Z10: ='FS Desroches Daily'!AT12 -> 70 | AA10: ='FS Desroches Daily'!AT12 -> 70 | AB10: ='FS Desroches Daily'!AV12 -> 160 | AC10: ='FS Desroches Daily'!AZ12 -> 20 | AD10: ='FS Desroches Daily'!BB12 -> 120 | AE10: ='FS Desroches Daily'!BD12 -> 20 | AF10: ='FS Desroches Daily'!BF12 -> 34 | AG10: ='FS Desroches Daily'!BH12 -> 30 | AH10: ='FS Desroches Daily'!BJ12 -> 40 | AI10: ='FS Desroches Daily'!BL12 -> 30 | AJ10: ='FS Desroches Daily'!BN12 -> 30 | AK10: ='FS Desroches Daily'!BP12 -> 40 | AL10: ='FS Desroches Daily'!BR12 -> 29 | AM10: ='FS Desroches Daily'!BT12 -> 30 | AN10: ='FS Desroches Daily'!BV12 -> 29 | AO10: ='FS Desroches Daily'!BX12 -> 40 | AP10: ='FS Desroches Daily'!BZ12 -> 70 | AQ10: ='FS Desroches Daily'!CB12 -> 34.4 | AR10: ='FS Desroches Daily'!CD12 -> 11.8 | AS10: ='FS Desroches Daily'!CF12 -> 7.3 | AT10: ='FS Desroches Daily'!CH12 -> 55 | AU10: ='FS Desroches Daily'!CJ12 -> 315 | AV10: ='FS Desroches Daily'!CL12 -> 700 | AW10: ='FS Desroches Daily'!CM12 -> 79.6 | AX10: =IF(LPG!F17-LPG!F16<0,"0",(LPG!F17-LPG!F16)*1.8315) -> 9.1575 | AY10: =IF(LPG!H17-LPG!H16<0,"0",(LPG!H17-LPG!H16)*1.8315) -> 3.663 | AZ10: =IF(LPG!J17-LPG!J16<0,"0",(LPG!J17-LPG!J16)*1.8315) -> 1.8315 | BA10: =IF(LPG!M17-LPG!M16<0,"0",(LPG!M17-LPG!M16)*1.8315) -> 3.663 | BB10: =IF(LPG!Q17-LPG!Q16<0,"0",(LPG!Q17-LPG!Q16)*1.8315) -> 5.4945 | BC10: ='FS Desroches Daily'!CN12 -> 15
A11: Seychelles at Desroches Island | B11: =B10+1 -> 10 | C11: 12 | D11: 2019 | E11: ='FS Desroches Daily'!D13 -> 1800 | F11: ='FS Desroches Daily'!F13 -> 2600 | G11: ='FS Desroches Daily'!H13 -> 2500 | H11: ='FS Desroches Daily'!J13 -> 1200 | I11: ='FS Desroches Daily'!L13 -> 2000 | J11: ='FS Desroches Daily'!N13 -> 1240 | K11: ='FS Desroches Daily'!P13 -> 19 | L11: ='FS Desroches Daily'!R13 -> 6 | M11: ='FS Desroches Daily'!T13 -> 933 | N11: ='FS Desroches Daily'!V13 -> 428 | O11: ='FS Desroches Daily'!X13 -> 230 | P11: ='FS Desroches Daily'!Z13 -> 2400 | Q11: ='FS Desroches Daily'!AB13 -> 370 | R11: ='FS Desroches Daily'!AD13 -> 370 | S11: ='FS Desroches Daily'!AF13 -> 570 | T11: ='FS Desroches Daily'!AH13 -> 2.2 | U11: ='FS Desroches Daily'!AJ13 -> 390 | V11: ='FS Desroches Daily'!AL13 -> 0.25 | W11: ='FS Desroches Daily'!AN13 -> 0.23 | X11: ='FS Desroches Daily'!AP13 -> 0.19 | Y11: ='FS Desroches Daily'!AR13 -> 70 | Z11: ='FS Desroches Daily'!AT13 -> 60 | AA11: ='FS Desroches Daily'!AT13 -> 60 | AB11: ='FS Desroches Daily'!AV13 -> 130 | AC11: ='FS Desroches Daily'!AZ13 -> 40 | AD11: ='FS Desroches Daily'!BB13 -> 110 | AE11: ='FS Desroches Daily'!BD13 -> 50 | AF11: ='FS Desroches Daily'!BF13 -> 45 | AG11: ='FS Desroches Daily'!BH13 -> 20 | AH11: ='FS Desroches Daily'!BJ13 -> 40 | AI11: ='FS Desroches Daily'!BL13 -> 40 | AJ11: ='FS Desroches Daily'!BN13 -> 30 | AK11: ='FS Desroches Daily'!BP13 -> 40 | AL11: ='FS Desroches Daily'!BR13 -> 28 | AM11: ='FS Desroches Daily'!BT13 -> 40 | AN11: ='FS Desroches Daily'!BV13 -> 32 | AO11: ='FS Desroches Daily'!BX13 -> 30 | AP11: ='FS Desroches Daily'!BZ13 -> 73 | AQ11: ='FS Desroches Daily'!CB13 -> 41.5 | AR11: ='FS Desroches Daily'!CD13 -> 9.2 | AS11: ='FS Desroches Daily'!CF13 -> 0.4 | AT11: ='FS Desroches Daily'!CH13 -> 51 | AU11: ='FS Desroches Daily'!CJ13 -> 241 | AV11: ='FS Desroches Daily'!CL13 -> 510 | AW11: ='FS Desroches Daily'!CM13 -> 88 | AX11: =IF(LPG!F18-LPG!F17<0,"0",(LPG!F18-LPG!F17)*1.8315) -> 12.8205 | AY11: =IF(LPG!H18-LPG!H17<0,"0",(LPG!H18-LPG!H17)*1.8315) -> 3.663 | AZ11: =IF(LPG!J18-LPG!J17<0,"0",(LPG!J18-LPG!J17)*1.8315) -> 1.8315 | BA11: =IF(LPG!M18-LPG!M17<0,"0",(LPG!M18-LPG!M17)*1.8315) -> 0 | BB11: =IF(LPG!Q18-LPG!Q17<0,"0",(LPG!Q18-LPG!Q17)*1.8315) -> 3.663 | BC11: ='FS Desroches Daily'!CN13 -> 17
A12: Seychelles at Desroches Island | B12: =B11+1 -> 11 | C12: 12 | D12: 2019 | E12: ='FS Desroches Daily'!D14 -> 2000 | F12: ='FS Desroches Daily'!F14 -> 3000 | G12: ='FS Desroches Daily'!H14 -> 3200 | H12: ='FS Desroches Daily'!J14 -> 1490 | I12: ='FS Desroches Daily'!L14 -> 2300 | J12: ='FS Desroches Daily'!N14 -> 1690 | K12: ='FS Desroches Daily'!P14 -> 19 | L12: ='FS Desroches Daily'!R14 -> 8 | M12: ='FS Desroches Daily'!T14 -> 829 | N12: ='FS Desroches Daily'!V14 -> 386 | O12: ='FS Desroches Daily'!X14 -> 410 | P12: ='FS Desroches Daily'!Z14 -> 2500 | Q12: ='FS Desroches Daily'!AB14 -> 330 | R12: ='FS Desroches Daily'!AD14 -> 400 | S12: ='FS Desroches Daily'!AF14 -> 680 | T12: ='FS Desroches Daily'!AH14 -> 1.8 | U12: ='FS Desroches Daily'!AJ14 -> 410 | V12: ='FS Desroches Daily'!AL14 -> 0.24 | W12: ='FS Desroches Daily'!AN14 -> 0.25 | X12: ='FS Desroches Daily'!AP14 -> 0.2 | Y12: ='FS Desroches Daily'!AR14 -> 90 | Z12: ='FS Desroches Daily'!AT14 -> 70 | AA12: ='FS Desroches Daily'!AT14 -> 70 | AB12: ='FS Desroches Daily'!AV14 -> 110 | AC12: ='FS Desroches Daily'!AZ14 -> 70 | AD12: ='FS Desroches Daily'!BB14 -> 90 | AE12: ='FS Desroches Daily'!BD14 -> 20 | AF12: ='FS Desroches Daily'!BF14 -> 49 | AG12: ='FS Desroches Daily'!BH14 -> 30 | AH12: ='FS Desroches Daily'!BJ14 -> 40 | AI12: ='FS Desroches Daily'!BL14 -> 30 | AJ12: ='FS Desroches Daily'!BN14 -> 40 | AK12: ='FS Desroches Daily'!BP14 -> 40 | AL12: ='FS Desroches Daily'!BR14 -> 33 | AM12: ='FS Desroches Daily'!BT14 -> 40 | AN12: ='FS Desroches Daily'!BV14 -> 34 | AO12: ='FS Desroches Daily'!BX14 -> 40 | AP12: ='FS Desroches Daily'!BZ14 -> 66 | AQ12: ='FS Desroches Daily'!CB14 -> 36.9 | AR12: ='FS Desroches Daily'!CD14 -> 12.4 | AS12: ='FS Desroches Daily'!CF14 -> 17.2 | AT12: ='FS Desroches Daily'!CH14 -> 61.6 | AU12: ='FS Desroches Daily'!CJ14 -> 282 | AV12: ='FS Desroches Daily'!CL14 -> 630 | AW12: ='FS Desroches Daily'!CM14 -> 106 | AX12: =IF(LPG!F19-LPG!F18<0,"0",(LPG!F19-LPG!F18)*1.8315) -> 10.989 | AY12: =IF(LPG!H19-LPG!H18<0,"0",(LPG!H19-LPG!H18)*1.8315) -> 3.663 | AZ12: =IF(LPG!J19-LPG!J18<0,"0",(LPG!J19-LPG!J18)*1.8315) -> 1.8315 | BA12: =IF(LPG!M19-LPG!M18<0,"0",(LPG!M19-LPG!M18)*1.8315) -> 5.4945 | BB12: =IF(LPG!Q19-LPG!Q18<0,"0",(LPG!Q19-LPG!Q18)*1.8315) -> 7.326 | BC12: ='FS Desroches Daily'!CN14 -> 21
A13: Seychelles at Desroches Island | B13: =B12+1 -> 12 | C13: 12 | D13: 2019 | E13: ='FS Desroches Daily'!D15 -> 2200 | F13: ='FS Desroches Daily'!F15 -> 3200 | G13: ='FS Desroches Daily'!H15 -> 3100 | H13: ='FS Desroches Daily'!J15 -> 1670 | I13: ='FS Desroches Daily'!L15 -> 2200 | J13: ='FS Desroches Daily'!N15 -> 1600 | K13: ='FS Desroches Daily'!P15 -> 17 | L13: ='FS Desroches Daily'!R15 -> 10 | M13: ='FS Desroches Daily'!T15 -> 1171 | N13: ='FS Desroches Daily'!V15 -> 509 | O13: ='FS Desroches Daily'!X15 -> 480 | P13: ='FS Desroches Daily'!Z15 -> 2700 | Q13: ='FS Desroches Daily'!AB15 -> 320 | R13: ='FS Desroches Daily'!AD15 -> 510 | S13: ='FS Desroches Daily'!AF15 -> 640 | T13: ='FS Desroches Daily'!AH15 -> 1.9 | U13: ='FS Desroches Daily'!AJ15 -> 420 | V13: ='FS Desroches Daily'!AL15 -> 0.23 | W13: ='FS Desroches Daily'!AN15 -> 0.21 | X13: ='FS Desroches Daily'!AP15 -> 0.2 | Y13: ='FS Desroches Daily'!AR15 -> 80 | Z13: ='FS Desroches Daily'!AT15 -> 70 | AA13: ='FS Desroches Daily'!AT15 -> 70 | AB13: ='FS Desroches Daily'!AV15 -> 250 | AC13: ='FS Desroches Daily'!AZ15 -> 50 | AD13: ='FS Desroches Daily'!BB15 -> 70 | AE13: ='FS Desroches Daily'!BD15 -> 30 | AF13: ='FS Desroches Daily'!BF15 -> 45 | AG13: ='FS Desroches Daily'!BH15 -> 40 | AH13: ='FS Desroches Daily'!BJ15 -> 50 | AI13: ='FS Desroches Daily'!BL15 -> 40 | AJ13: ='FS Desroches Daily'!BN15 -> 40 | AK13: ='FS Desroches Daily'!BP15 -> 50 | AL13: ='FS Desroches Daily'!BR15 -> 36 | AM13: ='FS Desroches Daily'!BT15 -> 40 | AN13: ='FS Desroches Daily'!BV15 -> 36 | AO13: ='FS Desroches Daily'!BX15 -> 40 | AP13: ='FS Desroches Daily'!BZ15 -> 67 | AQ13: ='FS Desroches Daily'!CB15 -> 37.6 | AR13: ='FS Desroches Daily'!CD15 -> 14.6 | AS13: ='FS Desroches Daily'!CF15 -> 19 | AT13: ='FS Desroches Daily'!CH15 -> 62.4 | AU13: ='FS Desroches Daily'!CJ15 -> 351 | AV13: ='FS Desroches Daily'!CL15 -> 750 | AW13: ='FS Desroches Daily'!CM15 -> 139.2 | AX13: =IF(LPG!F20-LPG!F19<0,"0",(LPG!F20-LPG!F19)*1.8315) -> 12.8205 | AY13: =IF(LPG!H20-LPG!H19<0,"0",(LPG!H20-LPG!H19)*1.8315) -> 1.8315 | AZ13: =IF(LPG!J20-LPG!J19<0,"0",(LPG!J20-LPG!J19)*1.8315) -> 1.8315 | BA13: =IF(LPG!M20-LPG!M19<0,"0",(LPG!M20-LPG!M19)*1.8315) -> 0 | BB13: =IF(LPG!Q20-LPG!Q19<0,"0",(LPG!Q20-LPG!Q19)*1.8315) -> 7.326 | BC13: ='FS Desroches Daily'!CN15 -> 27
A14: Seychelles at Desroches Island | B14: =B13+1 -> 13 | C14: 12 | D14: 2019 | E14: ='FS Desroches Daily'!D16 -> 2500 | F14: ='FS Desroches Daily'!F16 -> 3100 | G14: ='FS Desroches Daily'!H16 -> 3500 | H14: ='FS Desroches Daily'!J16 -> 1650 | I14: ='FS Desroches Daily'!L16 -> 2200 | J14: ='FS Desroches Daily'!N16 -> 1870 | K14: ='FS Desroches Daily'!P16 -> 25 | L14: ='FS Desroches Daily'!R16 -> 12 | M14: ='FS Desroches Daily'!T16 -> 991 | N14: ='FS Desroches Daily'!V16 -> 508 | O14: ='FS Desroches Daily'!X16 -> 410 | P14: ='FS Desroches Daily'!Z16 -> 2600 | Q14: ='FS Desroches Daily'!AB16 -> 510 | R14: ='FS Desroches Daily'!AD16 -> 580 | S14: ='FS Desroches Daily'!AF16 -> 700 | T14: ='FS Desroches Daily'!AH16 -> 2.3 | U14: ='FS Desroches Daily'!AJ16 -> 460 | V14: ='FS Desroches Daily'!AL16 -> 0.25 | W14: ='FS Desroches Daily'!AN16 -> 0.29 | X14: ='FS Desroches Daily'!AP16 -> 0.23 | Y14: ='FS Desroches Daily'!AR16 -> 50 | Z14: ='FS Desroches Daily'!AT16 -> 90 | AA14: ='FS Desroches Daily'!AT16 -> 90 | AB14: ='FS Desroches Daily'!AV16 -> 230 | AC14: ='FS Desroches Daily'!AZ16 -> 340 | AD14: ='FS Desroches Daily'!BB16 -> 70 | AE14: ='FS Desroches Daily'!BD16 -> 20 | AF14: ='FS Desroches Daily'!BF16 -> 55 | AG14: ='FS Desroches Daily'!BH16 -> 20 | AH14: ='FS Desroches Daily'!BJ16 -> 50 | AI14: ='FS Desroches Daily'!BL16 -> 50 | AJ14: ='FS Desroches Daily'!BN16 -> 40 | AK14: ='FS Desroches Daily'!BP16 -> 50 | AL14: ='FS Desroches Daily'!BR16 -> 43 | AM14: ='FS Desroches Daily'!BT16 -> 50 | AN14: ='FS Desroches Daily'!BV16 -> 39 | AO14: ='FS Desroches Daily'!BX16 -> 50 | AP14: ='FS Desroches Daily'!BZ16 -> 64 | AQ14: ='FS Desroches Daily'!CB16 -> 33.7 | AR14: ='FS Desroches Daily'!CD16 -> 8 | AS14: ='FS Desroches Daily'!CF16 -> 3.4 | AT14: ='FS Desroches Daily'!CH16 -> 50.3 | AU14: ='FS Desroches Daily'!CJ16 -> 360 | AV14: ='FS Desroches Daily'!CL16 -> 900 | AW14: ='FS Desroches Daily'!CM16 -> 121 | AX14: =IF(LPG!F21-LPG!F20<0,"0",(LPG!F21-LPG!F20)*1.8315) -> 16.4835 | AY14: =IF(LPG!H21-LPG!H20<0,"0",(LPG!H21-LPG!H20)*1.8315) -> 3.663 | AZ14: =IF(LPG!J21-LPG!J20<0,"0",(LPG!J21-LPG!J20)*1.8315) -> 0 | BA14: =IF(LPG!M21-LPG!M20<0,"0",(LPG!M21-LPG!M20)*1.8315) -> 7.326 | BB14: =IF(LPG!Q21-LPG!Q20<0,"0",(LPG!Q21-LPG!Q20)*1.8315) -> 3.663 | BC14: ='FS Desroches Daily'!CN16 -> 30
... A32: Seychelles at Desroches Island | B32: =B31+1 -> 31 | C32: 12 | D32: 2019 | E32: ='FS Desroches Daily'!D34 -> 3500 | F32: ='FS Desroches Daily'!F34 -> 4000 | G32: ='FS Desroches Daily'!H34 -> 3700 | H32: ='FS Desroches Daily'!J34 -> 1700 | I32: ='FS Desroches Daily'!L34 -> 3200 | J32: ='FS Desroches Daily'!N34 -> 1590 | K32: ='FS Desroches Daily'!P34 -> 22 | L32: ='FS Desroches Daily'!R34 -> 9 | M32: ='FS Desroches Daily'!T34 -> 1243 | N32: ='FS Desroches Daily'!V34 -> 533 | O32: ='FS Desroches Daily'!X34 -> 510 | P32: ='FS Desroches Daily'!Z34 -> 3700 | Q32: ='FS Desroches Daily'!AB34 -> 500 | R32: ='FS Desroches Daily'!AD34 -> 310 | S32: ='FS Desroches Daily'!AF34 -> 820 | T32: ='FS Desroches Daily'!AH34 -> 2 | U32: ='FS Desroches Daily'!AJ34 -> 660 | V32: ='FS Desroches Daily'!AL34 -> 0.18 | W32: ='FS Desroches Daily'!AN34 -> 0.24 | X32: ='FS Desroches Daily'!AP34 -> 0.31 | Y32: ='FS Desroches Daily'!AR34 -> 300 | Z32: ='FS Desroches Daily'!AT34 -> 300 | AA32: ='FS Desroches Daily'!AT34 -> 300 | AB32: ='FS Desroches Daily'!AV34 -> 170 | AC32: ='FS Desroches Daily'!AZ34 -> 60 | AD32: ='FS Desroches Daily'!BB34 -> 320 | AE32: ='FS Desroches Daily'!BD34 -> 240 | AF32: ='FS Desroches Daily'!BF34 -> 69 | AG32: ='FS Desroches Daily'!BH34 -> 30 | AH32: ='FS Desroches Daily'!BJ34 -> 40 | AI32: ='FS Desroches Daily'!BL34 -> 50 | AJ32: ='FS Desroches Daily'!BN34 -> 40 | AK32: ='FS Desroches Daily'!BP34 -> 50 | AL32: ='FS Desroches Daily'!BR34 -> 30 | AM32: ='FS Desroches Daily'!BT34 -> 50 | AN32: ='FS Desroches Daily'!BV34 -> 32 | AO32: ='FS Desroches Daily'!BX34 -> 40 | AP32: ='FS Desroches Daily'!BZ34 -> 61 | AQ32: ='FS Desroches Daily'!CB34 -> 38 | AR32: ='FS Desroches Daily'!CD34 -> 45.1 | AS32: ='FS Desroches Daily'!CF34 -> 3.8 | AT32: ='FS Desroches Daily'!CH34 -> 66.4 | AU32: ='FS Desroches Daily'!CJ34 -> 373 | AV32: ='FS Desroches Daily'!CL34 -> 820 | AW32: ='FS Desroches Daily'!CM34 -> 104.3 | AX32: =IF(LPG!F39-LPG!F38<0,"0",(LPG!F39-LPG!F38)*1.8315) -> 18.315 | AY32: =IF(LPG!H39-LPG!H38<0,"0",(LPG!H39-LPG!H38)*1.8315) -> 0 | AZ32: =IF(LPG!J39-LPG!J38<0,"0",(LPG!J39-LPG!J38)*1.8315) -> 1.8315 | BA32: =IF(LPG!M39-LPG!M38<0,"0",(LPG!M39-LPG!M38)*1.8315) -> 1.8315 | BB32: =IF(LPG!Q39-LPG!Q38<0,"0",(LPG!Q39-LPG!Q38)*1.8315) -> 5.4945 | BC32: ='FS Desroches Daily'!CN34 -> 38
E33: =SUM(E2:E32) -> 75800 | F33: =SUM(F2:F32) -> 104400 | G33: =SUM(G2:G32) -> 102800 | H33: =SUM(H2:H32) -> 46560 | I33: =SUM(I2:I32) -> 82200 | J33: =SUM(J2:J32) -> 50720 | K33: =SUM(K2:K32) -> 595 | L33: =SUM(L2:L32) -> 237 | ... BC33: =SUM(BC2:BC32) -> 883
E35: =E33/E37 -> 0.20408273 | G35: =G33-M36 -> 49938 | AE35: =SUM(U33:AE33) -> 42966.82 | AG35: =SUM(AG33:AP33) -> 12635
G36: =G35-633*14 -> 41076 | M36: =M33+N33 -> 52862
E37: =E33+F33+G33+H33+J33-633*14 -> 371418 | G37: =M36/E37 -> 0.14232482 | M37: =AE35 -> 42966.82
L38: =M38/E37 -> 0.034018276 | M38: =AG35 -> 12635
E39: =19000/30 -> 633.33333

Sheet FS Desroches Daily
A1: Days | C1: TRF CQ6 (GWH) | E1: TRF FQ7 (GWH) | G1: MSB BOH Q8 (GWH) | I1: EX MAIN Q3 (MWH) | K1: TRF DQ2 (GWH) | M1: TRF B Q1 (MWH) | O1: CANCAN shop (KWH) | Q1: CANCAN store (KWH) | S1: laundry EQU P D.B (KWH) | U1: laundry lighting (KWH) | W1: PANTRY 1 MSB-F (MWH) | Y1: PANTRY 2 MSB-E M-kitchen (GWH) | AA1: SPA LIGHT HOUSE MSB-A1 (MWH) | AC1: PANTRY 3 MSB-A near v 22 (MWH) | AE1: PANTRY 4 MSB-B near v 33 (MWH) | AG1: VMC (KWH) | AI1: VILLA 100 (MWH) | AK1: VILLA 101 (KWH) | AM1: VILLA 102 (KWH) | AO1: VILLA 103 (KWH) | AQ1: VILLA 104 (MWH) | AS1: VILLA 105 (MWH) | AU1: VILLA 106 (MWH) | AW1: VILLA 107 (MWH) | AY1: VILLA 108 (MWH) | BA1: VILLA 109 (MWH) | BC1: VILLA 110 (MWH) | BE1: KUMAR& KUMAR | BG1: BLOCK 15 | BI1: BLOCK 16 | BK1: BLOCK 17 | BM1: BLOCK 18 | BO1: BLOCK 19 | BQ1: BLOCK 20 | BS1: BLOCK 21 | BU1: BLOCK 22 | BW1: BLOCK 23 | BY1: BLOCK 24 | CA1: Exhaust Kitchen (Main) | CC1: Exhaust Kitchen (Breakfast) | CE1: Exhaust Lighthouse | CG1: Exhaust Canteen | CI1: Cold Store | CK1: RO Plant | CM1: Water
A2: Date | C2: Reading GWH | D2: Difference KWH | E2: Reading GWH | F2: Difference KWH | G2: Reading GWH | H2: Difference KWH | I2: Reading MWH | J2: Difference KWH | K2: Reading GWH | L2: Difference KWH | M2: Reading MWH | N2: Difference KWH | O2: Reading KWH | P2: Difference KWH | Q2: Reading KWH | R2: Difference KWH | S2: Reading KWH | T2: Difference KWH | U2: Reading KWH | V2: Difference KWH | W2: Reading MWH | X2: Difference KWH | Y2: Reading GWH | Z2: Difference KWH | AA2: Reading MWH | AB2: Difference KWH | AC2: Reading MWH | AD2: Difference KWH | AE2: Reading MWH | AF2: Difference KWH | AG2: Reading KWH | AH2: Difference KWH | AI2: Reading MWH | AJ2: Difference KWH | AK2: Reading KWH | AL2: Difference KWH | AM2: Reading KWH | AN2: Difference KWH | AO2: Reading KWH | AP2: Difference KWH | AQ2: Reading MWH | AR2: Difference KWH | AS2: Reading MWH | AT2: Difference KWH | AU2: Reading MWH | AV2: Difference KWH | AW2: Reading MWH | AX2: Difference KWH | AY2: Reading MWH | AZ2: Difference KWH | BA2: Reading MWH | BB2: Difference KWH | BC2: Reading MWH | BD2: Difference KWH | BE2: Reading KWH | BF2: Difference KWH | BG2: Reading MWH | BH2: Difference KWH | BI2: Reading MWH | BJ2: Difference KWH | BK2: Reading MWH | BL2: Difference KWH | BM2: Reading MWH | BN2: Difference KWH | BO2: Reading MWH | BP2: Difference KWH | BQ2: Reading KWH | BR2: Difference KWH | BS2: Reading MWH | BT2: Difference KWH | BU2: Reading KWH | BV2: Difference KWH | BW2: Reading MWH | BX2: Difference KWH | BY2: Reading KWH | BZ2: Difference KWH | CA2: Reading KWH | CB2: Difference KWH | CC2: Reading KWH | CD2: Difference KWH | CE2: Reading KWH | CF2: Difference KWH | CG2: Reading KWH | CH2: Difference KWH | CI2: Reading KWH | CJ2: Difference KWH | CK2: Reading MWH | CL2: Difference KWH | CM2: m3 | CN2: ROOM NIGHTS | CO2: TOTAL GUESTS
A3: 43799 | C3: 1.3163 | E3: 2.2175 | G3: 2.0559 | I3: 959.14 | K3: 1.4674 | M3: 920.23 | O3: 10262 | Q3: 4080 | S3: 671888 | U3: 272003 | W3: 267.63 | Y3: 1.9707 | AA3: 264.18 | AC3: 241.55 | AE3: 351.74 | AG3: 929.3 | AI3: 333.79 | AK3: 114.06 | AM3: 115.96 | AO3: 115.53 | AQ3: 192.54 | AS3: 314.68 | AU3: 239.45 | AW3: 270.91 | AY3: 324.21 | BA3: 341.65 | BC3: 195.9 | BE3: 20597 | BG3: 218.35 | BI3: 274.38 | BK3: 222.26 | BM3: 205.52 | BO3: 269.02 | BQ3: 32427 | BS3: 186.58 | BU3: 23440 | BW3: 215.9 | BY3: 38567 | CA3: 22930.3 | CC3: 9814.3 | CE3: 4602.9 | CG3: 34740.3 | CI3: 805009 | CK3: 467.47 | CM3: 82 | CN3: 21 | CO3: 42
A4: 43800 | C4: 1.3177 | D4: =IF((C4-C3<0), "0",(C4-C3)*1000000) -> 1400 | E4: 2.2205 | F4: =IF((E4-E3<0), "0",(E4-E3)*1000000) -> 3000 | G4: 2.059 | H4: =IF((G4-G3<0), "0",(G4-G3)*1000000) -> 3100 | I4: 960.52 | J4: =IF((I4-I3<0), "0",(I4-I3)*1000) -> 1380 | K4: 1.47 | L4: =IF((K4-K3<0), "0",(K4-K3)*1000000) -> 2600 | M4: 921.92 | N4: =IF((M4-M3<0), "",(M4-M3)*1000) -> 1690 | O4: 10283 | P4: =IF((O4-O3<0), "",O4-O3) -> 21 | Q4: 4089 | R4: =IF((Q4-Q3<0), "",Q4-Q3) -> 9 | S4: 672674 | T4: =IF((S4-S3<0), "",S4-S3) -> 786 | U4: 272239 | V4: =IF((U4-U3<0), "",U4-U3) -> 236 | W4: 267.88 | X4: =IF((W4-W3<0), "",(W4-W3)*1000) -> 250 | Y4: 1.9733 | Z4: =IF((Y4-Y3<0), "",(Y4-Y3)*1000000) -> 2600 | AA4: 264.6 | AB4: =IF((AA4-AA3<0), "",(AA4-AA3)*1000) -> 420 | AC4: 241.88 | AD4: =IF((AC4-AC3<0), "",(AC4-AC3)*1000) -> 330 | AE4: 352.5 | AF4: =IF((AE4-AE3<0), "",(AE4-AE3)*1000) -> 760 | AG4: 930.9 | AH4: =IF((AG4-AG3<0), "",AG4-AG3) -> 1.6 | AI4: 334.16 | AJ4: =IF((AI4-AI3<0), "",(AI4-AI3)*1000) -> 370 | AK4: 114.11 | AL4: =IF((AK4-AK3<0), "",AK4-AK3) -> 0.05 | AM4: 116.13 | AN4: =IF((AM4-AM3<0), "",AM4-AM3) -> 0.17 | AO4: 115.62 | AP4: =IF((AO4-AO3<0), "",AO4-AO3) -> 0.09 | AQ4: 192.6 | AR4: =IF((AQ4-AQ3<0), "",(AQ4-AQ3)*1000) -> 60 | AS4: 314.74 | AT4: =IF((AS4-AS3<0), "",(AS4-AS3)*1000) -> 60 | AU4: 239.54 | AV4: =IF((AU4-AU3<0), "",(AU4-AU3)*1000) -> 90 | AW4: 271 | AX4: =IF((AW4-AW3<0), "",(AW4-AW3)*1000) -> 90 | AY4: 324.25 | AZ4: =IF((AY4-AY3<0), "",(AY4-AY3)*1000) -> 40 | BA4: 341.68 | BB4: =IF((BA4-BA3<0), "",(BA4-BA3)*1000) -> 30 | BC4: 195.9 | BD4: =IF((BC4-BC3<0), "",(BC4-BC3)*1000) -> 0 | BE4: 20649 | BF4: =IF((BE4-BE3<0), "",BE4-BE3) -> 52 | BG4: 218.37 | BH4: =IF((BG4-BG3<0), "",(BG4-BG3)*1000) -> 20 | BI4: 274.41 | BJ4: =IF((BI4-BI3<0), "",(BI4-BI3)*1000) -> 30 | BK4: 222.29 | BL4: =IF((BK4-BK3<0), "",(BK4-BK3)*1000) -> 30 | BM4: 205.55 | BN4: =IF((BM4-BM3<0), "",(BM4-BM3)*1000) -> 30 | BO4: 269.06 | BP4: =IF((BO4-BO3<0), "",(BO4-BO3)*1000) -> 40 | BQ4: 32557 | BR4: =IF((BQ4-BQ3<0), "",BQ4-BQ3) -> 130 | BS4: 186.61 | BT4: =IF((BS4-BS3<0), "",(BS4-BS3)*1000) -> 30 | BU4: 23465 | BV4: =IF((BU4-BU3<0), "",BU4-BU3) -> 25 | BW4: 215.93 | BX4: =IF((BW4-BW3<0), "",(BW4-BW3)*1000) -> 30 | BY4: 38614 | BZ4: =IF((BY4-BY3<0), "",BY4-BY3) -> 47 | CA4: 22958.8 | CB4: =IF((CA4-CA3<0), "",CA4-CA3) -> 28.5 | CC4: 9826.5 | CD4: =IF((CC4-CC3<0), "",CC4-CC3) -> 12.2 | CE4: 4618.5 | CF4: =IF((CE4-CE3<0), "",CE4-CE3) -> 15.6 | CG4: 34812.5 | CH4: =IF((CG4-CG3<0), "",CG4-CG3) -> 72.2 | CI4: 805267 | CJ4: =IF((CI4-CI3<0), "",CI4-CI3) -> 258 | CK4: 468.1 | CL4: =IF((CK4-CK3<0), "",(CK4-CK3)*1000) -> 630 | CM4: 75 | CN4: 24 | CO4: 46
A5: 43801 | C5: 1.3188 | D5: =IF((C5-C4<0), "0",(C5-C4)*1000000) -> 1100 | E5: 2.2231 | F5: =IF((E5-E4<0), "0",(E5-E4)*1000000) -> 2600 | G5: 2.0616 | H5: =IF((G5-G4<0), "0",(G5-G4)*1000000) -> 2600 | I5: 961.56 | J5: =IF((I5-I4<0), "0",(I5-I4)*1000) -> 1040 | K5: 1.4723 | L5: =IF((K5-K4<0), "0",(K5-K4)*1000000) -> 2300 | M5: 923.21 | N5: =IF((M5-M4<0), "",(M5-M4)*1000) -> 1290 | O5: 10301 | P5: =IF((O5-O4<0), "",O5-O4) -> 18 | Q5: 4097 | R5: =IF((Q5-Q4<0), "",Q5-Q4) -> 8 | S5: 673781 | T5: =IF((S5-S4<0), "",S5-S4) -> 1107 | U5: 272717 | V5: =IF((U5-U4<0), "",U5-U4) -> 478 | W5: 268.13 | X5: =IF((W5-W4<0), "",(W5-W4)*1000) -> 250 | Y5: 1.9758 | Z5: =IF((Y5-Y4<0), "",(Y5-Y4)*1000000) -> 2500 | AA5: 264.98 | AB5: =IF((AA5-AA4<0), "",(AA5-AA4)*1000) -> 380 | AC5: 242.13 | AD5: =IF((AC5-AC4<0), "",(AC5-AC4)*1000) -> 250 | AE5: 353.12 | AF5: =IF((AE5-AE4<0), "",(AE5-AE4)*1000) -> 620 | AG5: 932 | AH5: =IF((AG5-AG4<0), "",AG5-AG4) -> 1.1 | AI5: 334.43 | AJ5: =IF((AI5-AI4<0), "",(AI5-AI4)*1000) -> 270 | AK5: 114.18 | AL5: =IF((AK5-AK4<0), "",AK5-AK4) -> 0.07 | AM5: 116.26 | AN5: =IF((AM5-AM4<0), "",AM5-AM4) -> 0.13 | AO5: 115.7 | AP5: =IF((AO5-AO4<0), "",AO5-AO4) -> 0.08 | AQ5: 192.65 | AR5: =IF((AQ5-AQ4<0), "",(AQ5-AQ4)*1000) -> 50 | AS5: 314.81 | AT5: =IF((AS5-AS4<0), "",(AS5-AS4)*1000) -> 70 | AU5: 239.64 | AV5: =IF((AU5-AU4<0), "",(AU5-AU4)*1000) -> 100 | AW5: 271.08 | AX5: =IF((AW5-AW4<0), "",(AW5-AW4)*1000) -> 80 | AY5: 324.29 | AZ5: =IF((AY5-AY4<0), "",(AY5-AY4)*1000) -> 40 | BA5: 341.72 | BB5: =IF((BA5-BA4<0), "",(BA5-BA4)*1000) -> 40 | BC5: 195.93 | BD5: =IF((BC5-BC4<0), "",(BC5-BC4)*1000) -> 30 | BE5: 20709 | BF5: =IF((BE5-BE4<0), "",BE5-BE4) -> 60 | BG5: 218.39 | BH5: =IF((BG5-BG4<0), "",(BG5-BG4)*1000) -> 20 | BI5: 274.44 | BJ5: =IF((BI5-BI4<0), "",(BI5-BI4)*1000) -> 30 | BK5: 222.32 | BL5: =IF((BK5-BK4<0), "",(BK5-BK4)*1000) -> 30 | BM5: 205.58 | BN5: =IF((BM5-BM4<0), "",(BM5-BM4)*1000) -> 30 | BO5: 269.09 | BP5: =IF((BO5-BO4<0), "",(BO5-BO4)*1000) -> 30 | BQ5: 32582 | BR5: =IF((BQ5-BQ4<0), "",BQ5-BQ4) -> 25 | BS5: 186.64 | BT5: =IF((BS5-BS4<0), "",(BS5-BS4)*1000) -> 30 | BU5: 23490 | BV5: =IF((BU5-BU4<0), "",BU5-BU4) -> 25 | BW5: 215.95 | BX5: =IF((BW5-BW4<0), "",(BW5-BW4)*1000) -> 20 | BY5: 38650 | BZ5: =IF((BY5-BY4<0), "",BY5-BY4) -> 36 | CA5: 22987.2 | CB5: =IF((CA5-CA4<0), "",CA5-CA4) -> 28.4 | CC5: 9839.1 | CD5: =IF((CC5-CC4<0), "",CC5-CC4) -> 12.6 | CE5: 4633 | CF5: =IF((CE5-CE4<0), "",CE5-CE4) -> 14.5 | CG5: 34853.3 | CH5: =IF((CG5-CG4<0), "",CG5-CG4) -> 40.8 | CI5: 805500 | CJ5: =IF((CI5-CI4<0), "",CI5-CI4) -> 233 | CK5: 468.7 | CL5: =IF((CK5-CK4<0), "",(CK5-CK4)*1000) -> 600 | CM5: 67.9 | CN5: 22 | CO5: 42
A6: 43802 | C6: 1.32 | D6: =IF((C6-C5<0), "0",(C6-C5)*1000000) -> 1200 | E6: 2.226 | F6: =IF((E6-E5<0), "0",(E6-E5)*1000000) -> 2900 | G6: 2.0643 | H6: =IF((G6-G5<0), "0",(G6-G5)*1000000) -> 2700 | I6: 962.68 | J6: =IF((I6-I5<0), "0",(I6-I5)*1000) -> 1120 | K6: 1.4745 | L6: =IF((K6-K5<0), "0",(K6-K5)*1000000) -> 2200 | M6: 924.45 | N6: =IF((M6-M5<0), "",(M6-M5)*1000) -> 1240 | O6: 10320 | P6: =IF((O6-O5<0), "",O6-O5) -> 19 | Q6: 4097 | R6: =IF((Q6-Q5<0), "",Q6-Q5) -> 0 | S6: 673388 | T6: =IF((S6-S5<0), "",S6-S5) | U6: 273006 | V6: =IF((U6-U5<0), "",U6-U5) -> 289 | W6: 268.45 | Y6: 1.9783 | Z6: =IF((Y6-Y5<0), "",(Y6-Y5)*1000000) -> 2500 | AA6: 265.18 | AB6: =IF((AA6-AA5<0), "",(AA6-AA5)*1000) -> 200 | AC6: 242.42 | AD6: =IF((AC6-AC5<0), "",(AC6-AC5)*1000) -> 290 | AE6: 353.73 | AF6: =IF((AE6-AE5<0), "",(AE6-AE5)*1000) -> 610 | AG6: 933.2 | AH6: =IF((AG6-AG5<0), "",AG6-AG5) -> 1.2 | AI6: 334.71 | AJ6: =IF((AI6-AI5<0), "",(AI6-AI5)*1000) -> 280 | AK6: 114.26 | AL6: =IF((AK6-AK5<0), "",AK6-AK5) -> 0.08 | AM6: 116.39 | AN6: =IF((AM6-AM5<0), "",AM6-AM5) -> 0.13 | AO6: 115.39 | AP6: =IF((AO6-AO5<0), "",AO6-AO5) | AQ6: 192.69 | AR6: =IF((AQ6-AQ5<0), "",(AQ6-AQ5)*1000) -> 40 | AS6: 314.89 | AT6: =IF((AS6-AS5<0), "",(AS6-AS5)*1000) -> 80 | AU6: 239.75 | AV6: =IF((AU6-AU5<0), "",(AU6-AU5)*1000) -> 110 | AW6: 271.15 | AX6: =IF((AW6-AW5<0), "",(AW6-AW5)*1000) -> 70 | AY6: 324.32 | AZ6: =IF((AY6-AY5<0), "",(AY6-AY5)*1000) -> 30 | BA6: 341.76 | BB6: =IF((BA6-BA5<0), "",(BA6-BA5)*1000) -> 40 | BC6: 195.95 | BD6: =IF((BC6-BC5<0), "",(BC6-BC5)*1000) -> 20 | BE6: 20757 | BF6: =IF((BE6-BE5<0), "",BE6-BE5) -> 48 | BG6: 218.41 | BH6: =IF((BG6-BG5<0), "",(BG6-BG5)*1000) -> 20 | BI6: 274.46 | BJ6: =IF((BI6-BI5<0), "",(BI6-BI5)*1000) -> 20 | BK6: 222.35 | BL6: =IF((BK6-BK5<0), "",(BK6-BK5)*1000) -> 30 | BM6: 205.61 | BN6: =IF((BM6-BM5<0), "",(BM6-BM5)*1000) -> 30 | BO6: 269.11 | BP6: =IF((BO6-BO5<0), "",(BO6-BO5)*1000) -> 20 | BQ6: 32605 | BR6: =IF((BQ6-BQ5<0), "",BQ6-BQ5) -> 23 | BS6: 186.67 | BT6: =IF((BS6-BS5<0), "",(BS6-BS5)*1000) -> 30 | BU6: 23512 | BV6: =IF((BU6-BU5<0), "",BU6-BU5) -> 22 | BW6: 215.98 | BX6: =IF((BW6-BW5<0), "",(BW6-BW5)*1000) -> 30 | BY6: 38683 | BZ6: =IF((BY6-BY5<0), "",BY6-BY5) -> 33 | CA6: 23014.8 | CB6: =IF((CA6-CA5<0), "",CA6-CA5) -> 27.6 | CC6: 9851.7 | CD6: =IF((CC6-CC5<0), "",CC6-CC5) -> 12.6 | CE6: 4633.4 | CF6: =IF((CE6-CE5<0), "",CE6-CE5) -> 0.4 | CG6: 34904.3 | CH6: =IF((CG6-CG5<0), "",CG6-CG5) -> 51 | CI6: 805736 | CJ6: =IF((CI6-CI5<0), "",CI6-CI5) -> 236 | CK6: 469.37 | CL6: =IF((CK6-CK5<0), "",(CK6-CK5)*1000) -> 670 | CM6: 72 | CN6: 20 | CO6: 37
A7: 43803 | C7: 1.3213 | D7: =IF((C7-C6<0), "0",(C7-C6)*1000000) -> 1300 | E7: 2.2288 | F7: =IF((E7-E6<0), "0",(E7-E6)*1000000) -> 2800 | G7: 2.0672 | H7: =IF((G7-G6<0), "0",(G7-G6)*1000000) -> 2900 | I7: 963.86 | J7: =IF((I7-I6<0), "0",(I7-I6)*1000) -> 1180 | K7: 1.4768 | L7: =IF((K7-K6<0), "0",(K7-K6)*1000000) -> 2300 | M7: 925.81 | N7: =IF((M7-M6<0), "",(M7-M6)*1000) -> 1360 | O7: 10339 | P7: =IF((O7-O6<0), "",O7-O6) -> 19 | Q7: 4103 | R7: =IF((Q7-Q6<0), "",Q7-Q6) -> 6 | S7: 674536 | T7: =IF((S7-S6<0), "",S7-S6) -> 1148 | U7: 273347 | V7: =IF((U7-U6<0), "",U7-U6) -> 341 | W7: 268.77 | X7: =IF((W7-W6<0), "",(W7-W6)*1000) -> 320 | Y7: 1.9809 | Z7: =IF((Y7-Y6<0), "",(Y7-Y6)*1000000) -> 2600 | AA7: 265.57 | AB7: =IF((AA7-AA6<0), "",(AA7-AA6)*1000) -> 390 | AC7: 242.67 | AD7: =IF((AC7-AC6<0), "",(AC7-AC6)*1000) -> 250 | AE7: 354.35 | AF7: =IF((AE7-AE6<0), "",(AE7-AE6)*1000) -> 620 | AG7: 934.5 | AH7: =IF((AG7-AG6<0), "",AG7-AG6) -> 1.3 | AI7: 335 | AJ7: =IF((AI7-AI6<0), "",(AI7-AI6)*1000) -> 290 | AK7: 114.34 | AL7: =IF((AK7-AK6<0), "",AK7-AK6) -> 0.08 | AM7: 116.56 | AN7: =IF((AM7-AM6<0), "",AM7-AM6) -> 0.17 | AO7: 115.9 | AP7: =IF((AO7-AO6<0), "",AO7-AO6) -> 0.51 | AQ7: 192.74 | AR7: =IF((AQ7-AQ6<0), "",(AQ7-AQ6)*1000) -> 50 | AS7: 314.96 | AT7: =IF((AS7-AS6<0), "",(AS7-AS6)*1000) -> 70 | AU7: 239.86 | AV7: =IF((AU7-AU6<0), "",(AU7-AU6)*1000) -> 110 | AW7: 271.25 | AX7: =IF((AW7-AW6<0), "",(AW7-AW6)*1000) -> 100 | AY7: 324.36 | AZ7: =IF((AY7-AY6<0), "",(AY7-AY6)*1000) -> 40 | BA7: 341.79 | BB7: =IF((BA7-BA6<0), "",(BA7-BA6)*1000) -> 30 | BC7: 195.97 | BD7: =IF((BC7-BC6<0), "",(BC7-BC6)*1000) -> 20 | BE7: 20782 | BF7: =IF((BE7-BE6<0), "",BE7-BE6) -> 25 | BG7: 218.43 | BH7: =IF((BG7-BG6<0), "",(BG7-BG6)*1000) -> 20 | BI7: 274.49 | BJ7: =IF((BI7-BI6<0), "",(BI7-BI6)*1000) -> 30 | BK7: 222.39 | BL7: =IF((BK7-BK6<0), "",(BK7-BK6)*1000) -> 40 | BM7: 205.64 | BN7: =IF((BM7-BM6<0), "",(BM7-BM6)*1000) -> 30 | BO7: 269.14 | BP7: =IF((BO7-BO6<0), "",(BO7-BO6)*1000) -> 30 | BQ7: 32628 | BR7: =IF((BQ7-BQ6<0), "",BQ7-BQ6) -> 23 | BS7: 186.7 | BT7: =IF((BS7-BS6<0), "",(BS7-BS6)*1000) -> 30 | BU7: 23538 | BV7: =IF((BU7-BU6<0), "",BU7-BU6) -> 26 | BW7: 216.01 | BX7: =IF((BW7-BW6<0), "",(BW7-BW6)*1000) -> 30 | BY7: 38725 | BZ7: =IF((BY7-BY6<0), "",BY7-BY6) -> 42 | CA7: 23038 | CB7: =IF((CA7-CA6<0), "",CA7-CA6) -> 23.2 | CC7: 9857.3 | CD7: =IF((CC7-CC6<0), "",CC7-CC6) -> 5.6 | CE7: 4645 | CF7: =IF((CE7-CE6<0), "",CE7-CE6) -> 11.6 | CG7: 34996.6 | CH7: =IF((CG7-CG6<0), "",CG7-CG6) -> 92.3 | CI7: 805994 | CJ7: =IF((CI7-CI6<0), "",CI7-CI6) -> 258 | CK7: 470.06 | CL7: =IF((CK7-CK6<0), "",(CK7-CK6)*1000) -> 690 | CM7: 79 | CN7: 17 | CO7: 35
A8: 43804 | C8: 1.3227 | D8: =IF((C8-C7<0), "0",(C8-C7)*1000000) -> 1400 | E8: 2.2313 | F8: =IF((E8-E7<0), "0",(E8-E7)*1000000) -> 2500 | G8: 2.0699 | H8: =IF((G8-G7<0), "0",(G8-G7)*1000000) -> 2700 | I8: 965.07 | J8: =IF((I8-I7<0), "0",(I8-I7)*1000) -> 1210 | K8: 1.479 | L8: =IF((K8-K7<0), "0",(K8-K7)*1000000) -> 2200 | M8: 926.94 | N8: =IF((M8-M7<0), "",(M8-M7)*1000) -> 1130 | O8: 10357 | P8: =IF((O8-O7<0), "",O8-O7) -> 18 | Q8: 4109 | R8: =IF((Q8-Q7<0), "",Q8-Q7) -> 6 | S8: 676392 | T8: =IF((S8-S7<0), "",S8-S7) -> 1856 | U8: 273728 | V8: =IF((U8-U7<0), "",U8-U7) -> 381 | W8: 269.07 | X8: =IF((W8-W7<0), "",(W8-W7)*1000) -> 300 | Y8: 1.9831 | Z8: =IF((Y8-Y7<0), "",(Y8-Y7)*1000000) -> 2200 | AA8: 265.85 | AB8: =IF((AA8-AA7<0), "",(AA8-AA7)*1000) -> 280 | AC8: 242.94 | AD8: =IF((AC8-AC7<0), "",(AC8-AC7)*1000) -> 270 | AE8: 354.84 | AF8: =IF((AE8-AE7<0), "",(AE8-AE7)*1000) -> 490 | AG8: 935.8 | AH8: =IF((AG8-AG7<0), "",AG8-AG7) -> 1.3 | AI8: 335.31 | AJ8: =IF((AI8-AI7<0), "",(AI8-AI7)*1000) -> 310 | AK8: 114.42 | AL8: =IF((AK8-AK7<0), "",AK8-AK7) -> 0.08 | AM8: 116.7 | AN8: =IF((AM8-AM7<0), "",AM8-AM7) -> 0.14 | AO8: 115.99 | AP8: =IF((AO8-AO7<0), "",AO8-AO7) -> 0.09 | AQ8: 192.78 | AR8: =IF((AQ8-AQ7<0), "",(AQ8-AQ7)*1000) -> 40 | AS8: 315.04 | AT8: =IF((AS8-AS7<0), "",(AS8-AS7)*1000) -> 80 | AU8: 239.97 | AV8: =IF((AU8-AU7<0), "",(AU8-AU7)*1000) -> 110 | AW8: 271.35 | AX8: =IF((AW8-AW7<0), "",(AW8-AW7)*1000) -> 100 | AY8: 324.41 | AZ8: =IF((AY8-AY7<0), "",(AY8-AY7)*1000) -> 50 | BA8: 341.83 | BB8: =IF((BA8-BA7<0), "",(BA8-BA7)*1000) -> 40 | BC8: 195.99 | BD8: =IF((BC8-BC7<0), "",(BC8-BC7)*1000) -> 20 | BE8: 20803 | BF8: =IF((BE8-BE7<0), "",BE8-BE7) -> 21 | BG8: 218.45 | BH8: =IF((BG8-BG7<0), "",(BG8-BG7)*1000) -> 20 | BI8: 274.52 | BJ8: =IF((BI8-BI7<0), "",(BI8-BI7)*1000) -> 30 | BK8: 222.42 | BL8: =IF((BK8-BK7<0), "",(BK8-BK7)*1000) -> 30 | BM8: 205.67 | BN8: =IF((BM8-BM7<0), "",(BM8-BM7)*1000) -> 30 | BO8: 269.17 | BP8: =IF((BO8-BO7<0), "",(BO8-BO7)*1000) -> 30 | BQ8: 32654 | BR8: =IF((BQ8-BQ7<0), "",BQ8-BQ7) -> 26 | BS8: 186.72 | BT8: =IF((BS8-BS7<0), "",(BS8-BS7)*1000) -> 20 | BU8: 23558 | BV8: =IF((BU8-BU7<0), "",BU8-BU7) -> 20 | BW8: 216.04 | BX8: =IF((BW8-BW7<0), "",(BW8-BW7)*1000) -> 30 | BY8: 38782 | BZ8: =IF((BY8-BY7<0), "",BY8-BY7) -> 57 | CA8: 23054.8 | CB8: =IF((CA8-CA7<0), "",CA8-CA7) -> 16.8 | CC8: 9868 | CD8: =IF((CC8-CC7<0), "",CC8-CC7) -> 10.7 | CE8: 4645.3 | CF8: =IF((CE8-CE7<0), "",CE8-CE7) -> 0.3 | CG8: 35027.3 | CH8: =IF((CG8-CG7<0), "",CG8-CG7) -> 30.7 | CI8: 806242 | CJ8: =IF((CI8-CI7<0), "",CI8-CI7) -> 248 | CK8: 470.68 | CL8: =IF((CK8-CK7<0), "",(CK8-CK7)*1000) -> 620 | CM8: 77 | CN8: 4 | CO8: 18
A9: 43805 | C9: 1.3239 | D9: =IF((C9-C8<0), "0",(C9-C8)*1000000) -> 1200 | E9: 2.2341 | F9: =IF((E9-E8<0), "0",(E9-E8)*1000000) -> 2800 | G9: 2.073 | H9: =IF((G9-G8<0), "0",(G9-G8)*1000000) -> 3100 | I9: 966.46 | J9: =IF((I9-I8<0), "0",(I9-I8)*1000) -> 1390 | K9: 1.4814 | L9: =IF((K9-K8<0), "0",(K9-K8)*1000000) -> 2400 | M9: 928.2 | N9: =IF((M9-M8<0), "",(M9-M8)*1000) -> 1260 | O9: 10374 | P9: =IF((O9-O8<0), "",O9-O8) -> 17 | Q9: 4117 | R9: =IF((Q9-Q8<0), "",Q9-Q8) -> 8 | S9: 677295 | T9: =IF((S9-S8<0), "",S9-S8) -> 903 | U9: 274113 | V9: =IF((U9-U8<0), "",U9-U8) -> 385 | W9: 269.36 | X9: =IF((W9-W8<0), "",(W9-W8)*1000) -> 290 | Y9: 1.9855 | Z9: =IF((Y9-Y8<0), "",(Y9-Y8)*1000000) -> 2400 | AA9: 266.23 | AB9: =IF((AA9-AA8<0), "",(AA9-AA8)*1000) -> 380 | AC9: 243.2 | AD9: =IF((AC9-AC8<0), "",(AC9-AC8)*1000) -> 260 | AE9: 355.34 | AF9: =IF((AE9-AE8<0), "",(AE9-AE8)*1000) -> 500 | AG9: 936.9 | AH9: =IF((AG9-AG8<0), "",AG9-AG8) -> 1.1 | AI9: 335.63 | AJ9: =IF((AI9-AI8<0), "",(AI9-AI8)*1000) -> 320 | AK9: 114.51 | AL9: =IF((AK9-AK8<0), "",AK9-AK8) -> 0.09 | AM9: 116.85 | AN9: =IF((AM9-AM8<0), "",AM9-AM8) -> 0.15 | AO9: 116.07 | AP9: =IF((AO9-AO8<0), "",AO9-AO8) -> 0.08 | AQ9: 192.81 | AR9: =IF((AQ9-AQ8<0), "",(AQ9-AQ8)*1000) -> 30 | AS9: 315.12 | AT9: =IF((AS9-AS8<0), "",(AS9-AS8)*1000) -> 80 | AU9: 240.05 | AV9: =IF((AU9-AU8<0), "",(AU9-AU8)*1000) -> 80 | AW9: 271.43 | AX9: =IF((AW9-AW8<0), "",(AW9-AW8)*1000) -> 80 | AY9: 324.45 | AZ9: =IF((AY9-AY8<0), "",(AY9-AY8)*1000) -> 40 | BA9: 341.87 | BB9: =IF((BA9-BA8<0), "",(BA9-BA8)*1000) -> 40 | BC9: 196.01 | BD9: =IF((BC9-BC8<0), "",(BC9-BC8)*1000) -> 20 | BE9: 20848 | BF9: =IF((BE9-BE8<0), "",BE9-BE8) -> 45 | BG9: 218.47 | BH9: =IF((BG9-BG8<0), "",(BG9-BG8)*1000) -> 20 | BI9: 274.56 | BJ9: =IF((BI9-BI8<0), "",(BI9-BI8)*1000) -> 40 | BK9: 222.44 | BL9: =IF((BK9-BK8<0), "",(BK9-BK8)*1000) -> 20 | BM9: 205.7 | BN9: =IF((BM9-BM8<0), "",(BM9-BM8)*1000) -> 30 | BO9: 269.21 | BP9: =IF((BO9-BO8<0), "",(BO9-BO8)*1000) -> 40 | BQ9: 32682 | BR9: =IF((BQ9-BQ8<0), "",BQ9-BQ8) -> 28 | BS9: 186.76 | BT9: =IF((BS9-BS8<0), "",(BS9-BS8)*1000) -> 40 | BU9: 23578 | BV9: =IF((BU9-BU8<0), "",BU9-BU8) -> 20 | BW9: 216.07 | BX9: =IF((BW9-BW8<0), "",(BW9-BW8)*1000) -> 30 | BY9: 38843 | BZ9: =IF((BY9-BY8<0), "",BY9-BY8) -> 61 | CA9: 23076.3 | CB9: =IF((CA9-CA8<0), "",CA9-CA8) -> 21.5 | CC9: 9879.4 | CD9: =IF((CC9-CC8<0), "",CC9-CC8) -> 11.4 | CE9: 4655.4 | CF9: =IF((CE9-CE8<0), "",CE9-CE8) -> 10.1 | CG9: 35068.3 | CH9: =IF((CG9-CG8<0), "",CG9-CG8) -> 41 | CI9: 806521 | CJ9: =IF((CI9-CI8<0), "",CI9-CI8) -> 279 | CK9: 471.35 | CL9: =IF((CK9-CK8<0), "",(CK9-CK8)*1000) -> 670 | CM9: 78 | CN9: 7 | CO9: 20
A10: 43806 | C10: 1.325 | D10: =IF((C10-C9<0), "0",(C10-C9)*1000000) -> 1100 | E10: 2.2368 | F10: =IF((E10-E9<0), "0",(E10-E9)*1000000) -> 2700 | G10: 2.0757 | H10: =IF((G10-G9<0), "0",(G10-G9)*1000000) -> 2700 | I10: 967.9 | J10: =IF((I10-I9<0), "0",(I10-I9)*1000) -> 1440 | K10: 1.4838 | L10: =IF((K10-K9<0), "0",(K10-K9)*1000000) -> 2400 | M10: 929.3 | N10: =IF((M10-M9<0), "",(M10-M9)*1000) -> 1100 | O10: 10394 | P10: =IF((O10-O9<0), "",O10-O9) -> 20 | Q10: 4123 | R10: =IF((Q10-Q9<0), "",Q10-Q9) -> 6 | S10: 678085 | T10: =IF((S10-S9<0), "",S10-S9) -> 790 | U10: 274522 | V10: =IF((U10-U9<0), "",U10-U9) -> 409 | W10: 269.7 | X10: =IF((W10-W9<0), "",(W10-W9)*1000) -> 340 | Y10: 1.9878 | Z10: =IF((Y10-Y9<0), "",(Y10-Y9)*1000000) -> 2300 | AA10: 266.5 | AB10: =IF((AA10-AA9<0), "",(AA10-AA9)*1000) -> 270 | AC10: 243.44 | AD10: =IF((AC10-AC9<0), "",(AC10-AC9)*1000) -> 240 | AE10: 355.85 | AF10: =IF((AE10-AE9<0), "",(AE10-AE9)*1000) -> 510 | AG10: 938.7 | AH10: =IF((AG10-AG9<0), "",AG10-AG9) -> 1.8 | AI10: 335.93 | AJ10: =IF((AI10-AI9<0), "",(AI10-AI9)*1000) -> 300 | AK10: 114.65 | AL10: =IF((AK10-AK9<0), "",AK10-AK9) -> 0.14 | AM10: 116.96 | AN10: =IF((AM10-AM9<0), "",AM10-AM9) -> 0.11 | AO10: 116.12 | AP10: =IF((AO10-AO9<0), "",AO10-AO9) -> 0.05 | AQ10: 192.85 | AR10: =IF((AQ10-AQ9<0), "",(AQ10-AQ9)*1000) -> 40 | AS10: 315.19 | AT10: =IF((AS10-AS9<0), "",(AS10-AS9)*1000) -> 70 | AU10: 240.11 | AV10: =IF((AU10-AU9<0), "",(AU10-AU9)*1000) -> 60 | AW10: 271.49 | AX10: =IF((AW10-AW9<0), "",(AW10-AW9)*1000) -> 60 | AY10: 324.48 | AZ10: =IF((AY10-AY9<0), "",(AY10-AY9)*1000) -> 30 | BA10: 341.93 | BB10: =IF((BA10-BA9<0), "",(BA10-BA9)*1000) -> 60 | BC10: 196.03 | BD10: =IF((BC10-BC9<0), "",(BC10-BC9)*1000) -> 20 | BE10: 20902 | BF10: =IF((BE10-BE9<0), "",BE10-BE9) -> 54 | BG10: 218.5 | BH10: =IF((BG10-BG9<0), "",(BG10-BG9)*1000) -> 30 | BI10: 274.6 | BJ10: =IF((BI10-BI9<0), "",(BI10-BI9)*1000) -> 40 | BK10: 222.48 | BL10: =IF((BK10-BK9<0), "",(BK10-BK9)*1000) -> 40 | BM10: 205.74 | BN10: =IF((BM10-BM9<0), "",(BM10-BM9)*1000) -> 40 | BO10: 269.26 | BP10: =IF((BO10-BO9<0), "",(BO10-BO9)*1000) -> 50 | BQ10: 32718 | BR10: =IF((BQ10-BQ9<0), "",BQ10-BQ9) -> 36 | BS10: 186.79 | BT10: =IF((BS10-BS9<0), "",(BS10-BS9)*1000) -> 30 | BU10: 23615 | BV10: =IF((BU10-BU9<0), "",BU10-BU9) -> 37 | BW10: 216.11 | BX10: =IF((BW10-BW9<0), "",(BW10-BW9)*1000) -> 40 | BY10: 38930 | BZ10: =IF((BY10-BY9<0), "",BY10-BY9) -> 87 | CA10: 23102.8 | CB10: =IF((CA10-CA9<0), "",CA10-CA9) -> 26.5 | CC10: 9889.8 | CD10: =IF((CC10-CC9<0), "",CC10-CC9) -> 10.4 | CE10: 4660.4 | CF10: =IF((CE10-CE9<0), "",CE10-CE9) -> 5 | CG10: 35153 | CH10: =IF((CG10-CG9<0), "",CG10-CG9) -> 84.7 | CI10: 806838 | CJ10: =IF((CI10-CI9<0), "",CI10-CI9) -> 317 | CK10: 471.96 | CL10: =IF((CK10-CK9<0), "",(CK10-CK9)*1000) -> 610 | CM10: 73 | CN10: 3 | CO10: 13
A11: 43807 | C11: 1.3262 | D11: =IF((C11-C10<0), "0",(C11-C10)*1000000) -> 1200 | E11: 2.2395 | F11: =IF((E11-E10<0), "0",(E11-E10)*1000000) -> 2700 | G11: 2.0784 | H11: =IF((G11-G10<0), "0",(G11-G10)*1000000) -> 2700 | I11: 969.39 | J11: =IF((I11-I10<0), "0",(I11-I10)*1000) -> 1490 | K11: 1.4862 | L11: =IF((K11-K10<0), "0",(K11-K10)*1000000) -> 2400 | M11: 930.83 | N11: =IF((M11-M10<0), "",(M11-M10)*1000) -> 1530 | O11: 10395 | P11: =IF((O11-O10<0), "",O11-O10) -> 1 | Q11: 4132 | R11: =IF((Q11-Q10<0), "",Q11-Q10) -> 9 | S11: 679042 | T11: =IF((S11-S10<0), "",S11-S10) -> 957 | U11: 274902 | V11: =IF((U11-U10<0), "",U11-U10) -> 380 | W11: 270.01 | X11: =IF((W11-W10<0), "",(W11-W10)*1000) -> 310 | Y11: 1.9902 | Z11: =IF((Y11-Y10<0), "",(Y11-Y10)*1000000) -> 2400 | AA11: 266.92 | AB11: =IF((AA11-AA10<0), "",(AA11-AA10)*1000) -> 420 | AC11: 243.69 | AD11: =IF((AC11-AC10<0), "",(AC11-AC10)*1000) -> 250 | AE11: 356.53 | AF11: =IF((AE11-AE10<0), "",(AE11-AE10)*1000) -> 680 | AG11: 940.4 | AH11: =IF((AG11-AG10<0), "",AG11-AG10) -> 1.7 | AI11: 336.25 | AJ11: =IF((AI11-AI10<0), "",(AI11-AI10)*1000) -> 320 | AK11: 114.8 | AL11: =IF((AK11-AK10<0), "",AK11-AK10) -> 0.15 | AM11: 117.05 | AN11: =IF((AM11-AM10<0), "",AM11-AM10) -> 0.09 | AO11: 116.16 | AP11: =IF((AO11-AO10<0), "",AO11-AO10) -> 0.04 | AQ11: 192.88 | AR11: =IF((AQ11-AQ10<0), "",(AQ11-AQ10)*1000) -> 30 | AS11: 315.26 | AT11: =IF((AS11-AS10<0), "",(AS11-AS10)*1000) -> 70 | AU11: 240.18 | AV11: =IF((AU11-AU10<0), "",(AU11-AU10)*1000) -> 70 | AW11: 271.56 | AX11: =IF((AW11-AW10<0), "",(AW11-AW10)*1000) -> 70 | AY11: 324.52 | AZ11: =IF((AY11-AY10<0), "",(AY11-AY10)*1000) -> 40 | BA11: 341.97 | BB11: =IF((BA11-BA10<0), "",(BA11-BA10)*1000) -> 40 | BC11: 196.03 | BD11: =IF((BC11-BC10<0), "",(BC11-BC10)*1000) -> 0 | BE11: 20950 | BF11: =IF((BE11-BE10<0), "",BE11-BE10) -> 48 | BG11: 218.53 | BH11: =IF((BG11-BG10<0), "",(BG11-BG10)*1000) -> 30 | BI11: 274.65 | BJ11: =IF((BI11-BI10<0), "",(BI11-BI10)*1000) -> 50 | BK11: 222.53 | BL11: =IF((BK11-BK10<0), "",(BK11-BK10)*1000) -> 50 | BM11: 205.78 | BN11: =IF((BM11-BM10<0), "",(BM11-BM10)*1000) -> 40 | BO11: 269.3 | BP11: =IF((BO11-BO10<0), "",(BO11-BO10)*1000) -> 40 | BQ11: 32752 | BR11: =IF((BQ11-BQ10<0), "",BQ11-BQ10) -> 34 | BS11: 186.82 | BT11: =IF((BS11-BS10<0), "",(BS11-BS10)*1000) -> 30 | BU11: 23657 | BV11: =IF((BU11-BU10<0), "",BU11-BU10) -> 42 | BW11: 216.15 | BX11: =IF((BW11-BW10<0), "",(BW11-BW10)*1000) -> 40 | BY11: 38993 | BZ11: =IF((BY11-BY10<0), "",BY11-BY10) -> 63 | CA11: 23136.1 | CB11: =IF((CA11-CA10<0), "",CA11-CA10) -> 33.3 | CC11: 9902.6 | CD11: =IF((CC11-CC10<0), "",CC11-CC10) -> 12.8 | CE11: 4665.2 | CF11: =IF((CE11-CE10<0), "",CE11-CE10) -> 4.8 | CG11: 35209.6 | CH11: =IF((CG11-CG10<0), "",CG11-CG10) -> 56.6 | CI11: 807147 | CJ11: =IF((CI11-CI10<0), "",CI11-CI10) -> 309 | CK11: 472.51 | CL11: =IF((CK11-CK10<0), "",(CK11-CK10)*1000) -> 550 | CM11: 60.9 | CN11: 3 | CO11: 20
A12: 43808 | C12: 1.328 | D12: =IF((C12-C11<0), "0",(C12-C11)*1000000) -> 1800 | E12: 2.2423 | F12: =IF((E12-E11<0), "0",(E12-E11)*1000000) -> 2800 | G12: 2.0813 | H12: =IF((G12-G11<0), "0",(G12-G11)*1000000) -> 2900 | I12: 970.81 | J12: =IF((I12-I11<0), "0",(I12-I11)*1000) -> 1420 | K12: 1.4886 | L12: =IF((K12-K11<0), "0",(K12-K11)*1000000) -> 2400 | M12: 932.33 | N12: =IF((M12-M11<0), "",(M12-M11)*1000) -> 1500 | O12: 10415 | P12: =IF((O12-O11<0), "",O12-O11) -> 20 | Q12: 4141 | R12: =IF((Q12-Q11<0), "",Q12-Q11) -> 9 | S12: 679896 | T12: =IF((S12-S11<0), "",S12-S11) -> 854 | U12: 275296 | V12: =IF((U12-U11<0), "",U12-U11) -> 394 | W12: 270.28 | X12: =IF((W12-W11<0), "",(W12-W11)*1000) -> 270 | Y12: 1.9928 | Z12: =IF((Y12-Y11<0), "",(Y12-Y11)*1000000) -> 2600 | AA12: 267.39 | AB12: =IF((AA12-AA11<0), "",(AA12-AA11)*1000) -> 470 | AC12: 243.97 | AD12: =IF((AC12-AC11<0), "",(AC12-AC11)*1000) -> 280 | AE12: 357.2 | AF12: =IF((AE12-AE11<0), "",(AE12-AE11)*1000) -> 670 | AG12: 942.4 | AH12: =IF((AG12-AG11<0), "",AG12-AG11) -> 2 | AI12: 336.55 | AJ12: =IF((AI12-AI11<0), "",(AI12-AI11)*1000) -> 300 | AK12: 115.09 | AL12: =IF((AK12-AK11<0), "",AK12-AK11) -> 0.29 | AM12: 117.22 | AN12: =IF((AM12-AM11<0), "",AM12-AM11) -> 0.17 | AO12: 116.23 | AP12: =IF((AO12-AO11<0), "",AO12-AO11) -> 0.07 | AQ12: 192.95 | AR12: =IF((AQ12-AQ11<0), "",(AQ12-AQ11)*1000) -> 70 | AS12: 315.33 | AT12: =IF((AS12-AS11<0), "",(AS12-AS11)*1000) -> 70 | AU12: 240.34 | AV12: =IF((AU12-AU11<0), "",(AU12-AU11)*1000) -> 160 | AW12: 271.69 | AX12: =IF((AW12-AW11<0), "",(AW12-AW11)*1000) -> 130 | AY12: 324.54 | AZ12: =IF((AY12-AY11<0), "",(AY12-AY11)*1000) -> 20 | BA12: 342.09 | BB12: =IF((BA12-BA11<0), "",(BA12-BA11)*1000) -> 120 | BC12: 196.05 | BD12: =IF((BC12-BC11<0), "",(BC12-BC11)*1000) -> 20 | BE12: 20984 | BF12: =IF((BE12-BE11<0), "",BE12-BE11) -> 34 | BG12: 218.56 | BH12: =IF((BG12-BG11<0), "",(BG12-BG11)*1000) -> 30 | BI12: 274.69 | BJ12: =IF((BI12-BI11<0), "",(BI12-BI11)*1000) -> 40 | BK12: 222.56 | BL12: =IF((BK12-BK11<0), "",(BK12-BK11)*1000) -> 30 | BM12: 205.81 | BN12: =IF((BM12-BM11<0), "",(BM12-BM11)*1000) -> 30 | BO12: 269.34 | BP12: =IF((BO12-BO11<0), "",(BO12-BO11)*1000) -> 40 | BQ12: 32781 | BR12: =IF((BQ12-BQ11<0), "",BQ12-BQ11) -> 29 | BS12: 186.85 | BT12: =IF((BS12-BS11<0), "",(BS12-BS11)*1000) -> 30 | BU12: 23686 | BV12: =IF((BU12-BU11<0), "",BU12-BU11) -> 29 | BW12: 216.19 | BX12: =IF((BW12-BW11<0), "",(BW12-BW11)*1000) -> 40 | BY12: 39063 | BZ12: =IF((BY12-BY11<0), "",BY12-BY11) -> 70 | CA12: 23170.5 | CB12: =IF((CA12-CA11<0), "",CA12-CA11) -> 34.4 | CC12: 9914.4 | CD12: =IF((CC12-CC11<0), "",CC12-CC11) -> 11.8 | CE12: 4672.5 | CF12: =IF((CE12-CE11<0), "",CE12-CE11) -> 7.3 | CG12: 35264.6 | CH12: =IF((CG12-CG11<0), "",CG12-CG11) -> 55 | CI12: 807462 | CJ12: =IF((CI12-CI11<0), "",CI12-CI11) -> 315 | CK12: 473.21 | CL12: =IF((CK12-CK11<0), "",(CK12-CK11)*1000) -> 700 | CM12: 79.6 | CN12: 15 | CO12: 46
A13: 43809 | C13: 1.3298 | D13: =IF((C13-C12<0), "0",(C13-C12)*1000000) -> 1800 | E13: 2.2449 | F13: =IF((E13-E12<0), "0",(E13-E12)*1000000) -> 2600 | G13: 2.0838 | H13: =IF((G13-G12<0), "0",(G13-G12)*1000000) -> 2500 | I13: 972.01 | J13: =IF((I13-I12<0), "0",(I13-I12)*1000) -> 1200 | K13: 1.4906 | L13: =IF((K13-K12<0), "0",(K13-K12)*1000000) -> 2000 | M13: 933.57 | N13: =IF((M13-M12<0), "",(M13-M12)*1000) -> 1240 | O13: 10434 | P13: =IF((O13-O12<0), "",O13-O12) -> 19 | Q13: 4147 | R13: =IF((Q13-Q12<0), "",Q13-Q12) -> 6 | S13: 680829 | T13: =IF((S13-S12<0), "",S13-S12) -> 933 | U13: 275724 | V13: =IF((U13-U12<0), "",U13-U12) -> 428 | W13: 270.51 | X13: =IF((W13-W12<0), "",(W13-W12)*1000) -> 230 | Y13: 1.9952 | Z13: =IF((Y13-Y12<0), "",(Y13-Y12)*1000000) -> 2400 | AA13: 267.76 | AB13: =IF((AA13-AA12<0), "",(AA13-AA12)*1000) -> 370 | AC13: 244.34 | AD13: =IF((AC13-AC12<0), "",(AC13-AC12)*1000) -> 370 | AE13: 357.77 | AF13: =IF((AE13-AE12<0), "",(AE13-AE12)*1000) -> 570 | AG13: 944.6 | AH13: =IF((AG13-AG12<0), "",AG13-AG12) -> 2.2 | AI13: 336.94 | AJ13: =IF((AI13-AI12<0), "",(AI13-AI12)*1000) -> 390 | AK13: 115.34 | AL13: =IF((AK13-AK12<0), "",AK13-AK12) -> 0.25 | AM13: 117.45 | AN13: =IF((AM13-AM12<0), "",AM13-AM12) -> 0.23 | AO13: 116.42 | AP13: =IF((AO13-AO12<0), "",AO13-AO12) -> 0.19 | AQ13: 193.02 | AR13: =IF((AQ13-AQ12<0), "",(AQ13-AQ12)*1000) -> 70 | AS13: 315.39 | AT13: =IF((AS13-AS12<0), "",(AS13-AS12)*1000) -> 60 | AU13: 240.47 | AV13: =IF((AU13-AU12<0), "",(AU13-AU12)*1000) -> 130 | AW13: 271.84 | AX13: =IF((AW13-AW12<0), "",(AW13-AW12)*1000) -> 150 | AY13: 324.58 | AZ13: =IF((AY13-AY12<0), "",(AY13-AY12)*1000) -> 40 | BA13: 342.2 | BB13: =IF((BA13-BA12<0), "",(BA13-BA12)*1000) -> 110 | BC13: 196.1 | BD13: =IF((BC13-BC12<0), "",(BC13-BC12)*1000) -> 50 | BE13: 21029 | BF13: =IF((BE13-BE12<0), "",BE13-BE12) -> 45 | BG13: 218.58 | BH13: =IF((BG13-BG12<0), "",(BG13-BG12)*1000) -> 20 | BI13: 274.73 | BJ13: =IF((BI13-BI12<0), "",(BI13-BI12)*1000) -> 40 | BK13: 222.6 | BL13: =IF((BK13-BK12<0), "",(BK13-BK12)*1000) -> 40 | BM13: 205.84 | BN13: =IF((BM13-BM12<0), "",(BM13-BM12)*1000) -> 30 | BO13: 269.38 | BP13: =IF((BO13-BO12<0), "",(BO13-BO12)*1000) -> 40 | BQ13: 32809 | BR13: =IF((BQ13-BQ12<0), "",BQ13-BQ12) -> 28 | BS13: 186.89 | BT13: =IF((BS13-BS12<0), "",(BS13-BS12)*1000) -> 40 | BU13: 23718 | BV13: =IF((BU13-BU12<0), "",BU13-BU12) -> 32 | BW13: 216.22 | BX13: =IF((BW13-BW12<0), "",(BW13-BW12)*1000) -> 30 | BY13: 39136 | BZ13: =IF((BY13-BY12<0), "",BY13-BY12) -> 73 | CA13: 23212 | CB13: =IF((CA13-CA12<0), "",CA13-CA12) -> 41.5 | CC13: 9923.6 | CD13: =IF((CC13-CC12<0), "",CC13-CC12) -> 9.2 | CE13: 4672.9 | CF13: =IF((CE13-CE12<0), "",CE13-CE12) -> 0.4 | CG13: 35315.6 | CH13: =IF((CG13-CG12<0), "",CG13-CG12) -> 51 | CI13: 807703 | CJ13: =IF((CI13-CI12<0), "",CI13-CI12) -> 241 | CK13: 473.72 | CL13: =IF((CK13-CK12<0), "",(CK13-CK12)*1000) -> 510 | CM13: 88 | CN13: 17 | CO13: 40
A14: 43810 | C14: 1.3318 | D14: =IF((C14-C13<0), "0",(C14-C13)*1000000) -> 2000 | E14: 2.2479 | F14: =IF((E14-E13<0), "0",(E14-E13)*1000000) -> 3000 | G14: 2.087 | H14: =IF((G14-G13<0), "0",(G14-G13)*1000000) -> 3200 | I14: 973.5 | J14: =IF((I14-I13<0), "0",(I14-I13)*1000) -> 1490 | K14: 1.4929 | L14: =IF((K14-K13<0), "0",(K14-K13)*1000000) -> 2300 | M14: 935.26 | N14: =IF((M14-M13<0), "",(M14-M13)*1000) -> 1690 | O14: 10453 | P14: =IF((O14-O13<0), "",O14-O13) -> 19 | Q14: 4155 | R14: =IF((Q14-Q13<0), "",Q14-Q13) -> 8 | S14: 681658 | T14: =IF((S14-S13<0), "",S14-S13) -> 829 | U14: 276110 | V14: =IF((U14-U13<0), "",U14-U13) -> 386 | W14: 270.92 | X14: =IF((W14-W13<0), "",(W14-W13)*1000) -> 410 | Y14: 1.9977 | Z14: =IF((Y14-Y13<0), "",(Y14-Y13)*1000000) -> 2500 | AA14: 268.09 | AB14: =IF((AA14-AA13<0), "",(AA14-AA13)*1000) -> 330 | AC14: 244.74 | AD14: =IF((AC14-AC13<0), "",(AC14-AC13)*1000) -> 400 | AE14: 358.45 | AF14: =IF((AE14-AE13<0), "",(AE14-AE13)*1000) -> 680 | AG14: 946.4 | AH14: =IF((AG14-AG13<0), "",AG14-AG13) -> 1.8 | AI14: 337.35 | AJ14: =IF((AI14-AI13<0), "",(AI14-AI13)*1000) -> 410 | AK14: 115.58 | AL14: =IF((AK14-AK13<0), "",AK14-AK13) -> 0.24 | AM14: 117.7 | AN14: =IF((AM14-AM13<0), "",AM14-AM13) -> 0.25 | AO14: 116.62 | AP14: =IF((AO14-AO13<0), "",AO14-AO13) -> 0.2 | AQ14: 193.11 | AR14: =IF((AQ14-AQ13<0), "",(AQ14-AQ13)*1000) -> 90 | AS14: 315.46 | AT14: =IF((AS14-AS13<0), "",(AS14-AS13)*1000) -> 70 | AU14: 240.58 | AV14: =IF((AU14-AU13<0), "",(AU14-AU13)*1000) -> 110 | AW14: 271.97 | AX14: =IF((AW14-AW13<0), "",(AW14-AW13)*1000) -> 130 | AY14: 324.65 | AZ14: =IF((AY14-AY13<0), "",(AY14-AY13)*1000) -> 70 | BA14: 342.29 | BB14: =IF((BA14-BA13<0), "",(BA14-BA13)*1000) -> 90 | BC14: 196.12 | BD14: =IF((BC14-BC13<0), "",(BC14-BC13)*1000) -> 20 | BE14: 21078 | BF14: =IF((BE14-BE13<0), "",BE14-BE13) -> 49 | BG14: 218.61 | BH14: =IF((BG14-BG13<0), "",(BG14-BG13)*1000) -> 30 | BI14: 274.77 | BJ14: =IF((BI14-BI13<0), "",(BI14-BI13)*1000) -> 40 | BK14: 222.63 | BL14: =IF((BK14-BK13<0), "",(BK14-BK13)*1000) -> 30 | BM14: 205.88 | BN14: =IF((BM14-BM13<0), "",(BM14-BM13)*1000) -> 40 | BO14: 269.42 | BP14: =IF((BO14-BO13<0), "",(BO14-BO13)*1000) -> 40 | BQ14: 32842 | BR14: =IF((BQ14-BQ13<0), "",BQ14-BQ13) -> 33 | BS14: 186.93 | BT14: =IF((BS14-BS13<0), "",(BS14-BS13)*1000) -> 40 | BU14: 23752 | BV14: =IF((BU14-BU13<0), "",BU14-BU13) -> 34 | BW14: 216.26 | BX14: =IF((BW14-BW13<0), "",(BW14-BW13)*1000) -> 40 | BY14: 39202 | BZ14: =IF((BY14-BY13<0), "",BY14-BY13) -> 66 | CA14: 23248.9 | CB14: =IF((CA14-CA13<0), "",CA14-CA13) -> 36.9 | CC14: 9936 | CD14: =IF((CC14-CC13<0), "",CC14-CC13) -> 12.4 | CE14: 4690.1 | CF14: =IF((CE14-CE13<0), "",CE14-CE13) -> 17.2 | CG14: 35377.2 | CH14: =IF((CG14-CG13<0), "",CG14-CG13) -> 61.6 | CI14: 807985 | CJ14: =IF((CI14-CI13<0), "",CI14-CI13) -> 282 | CK14: 474.35 | CL14: =IF((CK14-CK13<0), "",(CK14-CK13)*1000) -> 630 | CM14: 106 | CN14: 21 | CO14: 51
A15: 43811 | C15: 1.334 | D15: =IF((C15-C14<0), "0",(C15-C14)*1000000) -> 2200 | E15: 2.2511 | F15: =IF((E15-E14<0), "0",(E15-E14)*1000000) -> 3200 | G15: 2.0901 | H15: =IF((G15-G14<0), "0",(G15-G14)*1000000) -> 3100 | I15: 975.17 | J15: =IF((I15-I14<0), "0",(I15-I14)*1000) -> 1670 | K15: 1.4951 | L15: =IF((K15-K14<0), "0",(K15-K14)*1000000) -> 2200 | M15: 936.86 | N15: =IF((M15-M14<0), "",(M15-M14)*1000) -> 1600 | O15: 10470 | P15: =IF((O15-O14<0), "",O15-O14) -> 17 | Q15: 4165 | R15: =IF((Q15-Q14<0), "",Q15-Q14) -> 10 | S15: 682829 | T15: =IF((S15-S14<0), "",S15-S14) -> 1171 | U15: 276619 | V15: =IF((U15-U14<0), "",U15-U14) -> 509 | W15: 271.4 | X15: =IF((W15-W14<0), "",(W15-W14)*1000) -> 480 | Y15: 2.0004 | Z15: =IF((Y15-Y14<0), "",(Y15-Y14)*1000000) -> 2700 | AA15: 268.41 | AB15: =IF((AA15-AA14<0), "",(AA15-AA14)*1000) -> 320 | AC15: 245.25 | AD15: =IF((AC15-AC14<0), "",(AC15-AC14)*1000) -> 510 | AE15: 359.09 | AF15: =IF((AE15-AE14<0), "",(AE15-AE14)*1000) -> 640 | AG15: 948.3 | AH15: =IF((AG15-AG14<0), "",AG15-AG14) -> 1.9 | AI15: 337.77 | AJ15: =IF((AI15-AI14<0), "",(AI15-AI14)*1000) -> 420 | AK15: 115.81 | AL15: =IF((AK15-AK14<0), "",AK15-AK14) -> 0.23 | AM15: 117.91 | AN15: =IF((AM15-AM14<0), "",AM15-AM14) -> 0.21 | AO15: 116.82 | AP15: =IF((AO15-AO14<0), "",AO15-AO14) -> 0.2 | AQ15: 193.19 | AR15: =IF((AQ15-AQ14<0), "",(AQ15-AQ14)*1000) -> 80 | AS15: 315.53 | AT15: =IF((AS15-AS14<0), "",(AS15-AS14)*1000) -> 70 | AU15: 240.83 | AV15: =IF((AU15-AU14<0), "",(AU15-AU14)*1000) -> 250 | AW15: 272.16 | AX15: =IF((AW15-AW14<0), "",(AW15-AW14)*1000) -> 190 | AY15: 324.7 | AZ15: =IF((AY15-AY14<0), "",(AY15-AY14)*1000) -> 50 | BA15: 342.36 | BB15: =IF((BA15-BA14<0), "",(BA15-BA14)*1000) -> 70 | BC15: 196.15 | BD15: =IF((BC15-BC14<0), "",(BC15-BC14)*1000) -> 30 | BE15: 21123 | BF15: =IF((BE15-BE14<0), "",BE15-BE14) -> 45 | BG15: 218.65 | BH15: =IF((BG15-BG14<0), "",(BG15-BG14)*1000) -> 40 | BI15: 274.82 | BJ15: =IF((BI15-BI14<0), "",(BI15-BI14)*1000) -> 50 | BK15: 222.67 | BL15: =IF((BK15-BK14<0), "",(BK15-BK14)*1000) -> 40 | BM15: 205.92 | BN15: =IF((BM15-BM14<0), "",(BM15-BM14)*1000) -> 40 | BO15: 269.47 | BP15: =IF((BO15-BO14<0), "",(BO15-BO14)*1000) -> 50 | BQ15: 32878 | BR15: =IF((BQ15-BQ14<0), "",BQ15-BQ14) -> 36 | BS15: 186.97 | BT15: =IF((BS15-BS14<0), "",(BS15-BS14)*1000) -> 40 | BU15: 23788 | BV15: =IF((BU15-BU14<0), "",BU15-BU14) -> 36 | BW15: 216.3 | BX15: =IF((BW15-BW14<0), "",(BW15-BW14)*1000) -> 40 | BY15: 39269 | BZ15: =IF((BY15-BY14<0), "",BY15-BY14) -> 67 | CA15: 23286.5 | CB15: =IF((CA15-CA14<0), "",CA15-CA14) -> 37.6 | CC15: 9950.6 | CD15: =IF((CC15-CC14<0), "",CC15-CC14) -> 14.6 | CE15: 4709.1 | CF15: =IF((CE15-CE14<0), "",CE15-CE14) -> 19 | CG15: 35439.6 | CH15: =IF((CG15-CG14<0), "",CG15-CG14) -> 62.4 | CI15: 808336 | CJ15: =IF((CI15-CI14<0), "",CI15-CI14) -> 351 | CK15: 475.1 | CL15: =IF((CK15-CK14<0), "",(CK15-CK14)*1000) -> 750 | CM15: 139.2 | CN15: 27 | CO15: 51
A16: 43812 | C16: 1.3365 | D16: =IF((C16-C15<0), "0",(C16-C15)*1000000) -> 2500 | E16: 2.2542 | F16: =IF((E16-E15<0), "0",(E16-E15)*1000000) -> 3100 | G16: 2.0936 | H16: =IF((G16-G15<0), "0",(G16-G15)*1000000) -> 3500 | I16: 976.82 | J16: =IF((I16-I15<0), "0",(I16-I15)*1000) -> 1650 | K16: 1.4973 | L16: =IF((K16-K15<0), "0",(K16-K15)*1000000) -> 2200 | M16: 938.73 | N16: =IF((M16-M15<0), "",(M16-M15)*1000) -> 1870 | O16: 10495 | P16: =IF((O16-O15<0), "",O16-O15) -> 25 | Q16: 4177 | R16: =IF((Q16-Q15<0), "",Q16-Q15) -> 12 | S16: 683820 | T16: =IF((S16-S15<0), "",S16-S15) -> 991 | U16: 277127 | V16: =IF((U16-U15<0), "",U16-U15) -> 508 | W16: 271.81 | X16: =IF((W16-W15<0), "",(W16-W15)*1000) -> 410 | Y16: 2.003 | Z16: =IF((Y16-Y15<0), "",(Y16-Y15)*1000000) -> 2600 | AA16: 268.92 | AB16: =IF((AA16-AA15<0), "",(AA16-AA15)*1000) -> 510 | AC16: 245.83 | AD16: =IF((AC16-AC15<0), "",(AC16-AC15)*1000) -> 580 | AE16: 359.79 | AF16: =IF((AE16-AE15<0), "",(AE16-AE15)*1000) -> 700 | AG16: 950.6 | AH16: =IF((AG16-AG15<0), "",AG16-AG15) -> 2.3 | AI16: 338.23 | AJ16: =IF((AI16-AI15<0), "",(AI16-AI15)*1000) -> 460 | AK16: 116.06 | AL16: =IF((AK16-AK15<0), "",AK16-AK15) -> 0.25 | AM16: 118.2 | AN16: =IF((AM16-AM15<0), "",AM16-AM15) -> 0.29 | AO16: 117.05 | AP16: =IF((AO16-AO15<0), "",AO16-AO15) -> 0.23 | AQ16: 193.24 | AR16: =IF((AQ16-AQ15<0), "",(AQ16-AQ15)*1000) -> 50 | AS16: 315.62 | AT16: =IF((AS16-AS15<0), "",(AS16-AS15)*1000) -> 90 | AU16: 241.06 | AV16: =IF((AU16-AU15<0), "",(AU16-AU15)*1000) -> 230 | AW16: 272.4 | AX16: =IF((AW16-AW15<0), "",(AW16-AW15)*1000) -> 240 | AY16: 325.04 | AZ16: =IF((AY16-AY15<0), "",(AY16-AY15)*1000) -> 340 | BA16: 342.43 | BB16: =IF((BA16-BA15<0), "",(BA16-BA15)*1000) -> 70 | BC16: 196.17 | BD16: =IF((BC16-BC15<0), "",(BC16-BC15)*1000) -> 20 | BE16: 21178 | BF16: =IF((BE16-BE15<0), "",BE16-BE15) -> 55 | BG16: 218.67 | BH16: =IF((BG16-BG15<0), "",(BG16-BG15)*1000) -> 20 | BI16: 274.87 | BJ16: =IF((BI16-BI15<0), "",(BI16-BI15)*1000) -> 50 | BK16: 222.72 | BL16: =IF((BK16-BK15<0), "",(BK16-BK15)*1000) -> 50 | BM16: 205.96 | BN16: =IF((BM16-BM15<0), "",(BM16-BM15)*1000) -> 40 | BO16: 269.52 | BP16: =IF((BO16-BO15<0), "",(BO16-BO15)*1000) -> 50 | BQ16: 32921 | BR16: =IF((BQ16-BQ15<0), "",BQ16-BQ15) -> 43 | BS16: 187.02 | BT16: =IF((BS16-BS15<0), "",(BS16-BS15)*1000) -> 50 | BU16: 23827 | BV16: =IF((BU16-BU15<0), "",BU16-BU15) -> 39 | BW16: 216.35 | BX16: =IF((BW16-BW15<0), "",(BW16-BW15)*1000) -> 50 | BY16: 39333 | BZ16: =IF((BY16-BY15<0), "",BY16-BY15) -> 64 | CA16: 23320.2 | CB16: =IF((CA16-CA15<0), "",CA16-CA15) -> 33.7 | CC16: 9958.6 | CD16: =IF((CC16-CC15<0), "",CC16-CC15) -> 8 | CE16: 4712.5 | CF16: =IF((CE16-CE15<0), "",CE16-CE15) -> 3.4 | CG16: 35489.9 | CH16: =IF((CG16-CG15<0), "",CG16-CG15) -> 50.3 | CI16: 808696 | CJ16: =IF((CI16-CI15<0), "",CI16-CI15) -> 360 | CK16: 476 | CL16: =IF((CK16-CK15<0), "",(CK16-CK15)*1000) -> 900 | CM16: 121 | CN16: 30 | CO16: 86
A17: 43813 | C17: 1.3391 | D17: =IF((C17-C16<0), "0",(C17-C16)*1000000) -> 2600 | E17: 2.2579 | F17: =IF((E17-E16<0), "0",(E17-E16)*1000000) -> 3700 | G17: 2.0972 | H17: =IF((G17-G16<0), "0",(G17-G16)*1000000) -> 3600 | I17: 978.41 | J17: =IF((I17-I16<0), "0",(I17-I16)*1000) -> 1590 | K17: 1.4996 | L17: =IF((K17-K16<0), "0",(K17-K16)*1000000) -> 2300 | M17: 940.6 | N17: =IF((M17-M16<0), "",(M17-M16)*1000) -> 1870 | O17: 10513 | P17: =IF((O17-O16<0), "",O17-O16) -> 18 | Q17: 4181 | R17: =IF((Q17-Q16<0), "",Q17-Q16) -> 4 | S17: 684989 | T17: =IF((S17-S16<0), "",S17-S16) -> 1169 | U17: 277645 | V17: =IF((U17-U16<0), "",U17-U16) -> 518 | W17: 272.19 | X17: =IF((W17-W16<0), "",(W17-W16)*1000) -> 380 | Y17: 2.0061 | Z17: =IF((Y17-Y16<0), "",(Y17-Y16)*1000000) -> 3100 | AA17: 269.46 | AB17: =IF((AA17-AA16<0), "",(AA17-AA16)*1000) -> 540 | AC17: 246.27 | AD17: =IF((AC17-AC16<0), "",(AC17-AC16)*1000) -> 440 | AE17: 360.48 | AF17: =IF((AE17-AE16<0), "",(AE17-AE16)*1000) -> 690 | AG17: 953.1 | AH17: =IF((AG17-AG16<0), "",AG17-AG16) -> 2.5 | AI17: 338.64 | AJ17: =IF((AI17-AI16<0), "",(AI17-AI16)*1000) -> 410 | AK17: 116.31 | AL17: =IF((AK17-AK16<0), "",AK17-AK16) -> 0.25 | AM17: 118.47 | AN17: =IF((AM17-AM16<0), "",AM17-AM16) -> 0.27 | AO17: 117.25 | AP17: =IF((AO17-AO16<0), "",AO17-AO16) -> 0.2 | AQ17: 193.26 | AR17: =IF((AQ17-AQ16<0), "",(AQ17-AQ16)*1000) -> 20 | AS17: 315.7 | AT17: =IF((AS17-AS16<0), "",(AS17-AS16)*1000) -> 80 | AU17: 241.24 | AV17: =IF((AU17-AU16<0), "",(AU17-AU16)*1000) -> 180 | AW17: 272.63 | AX17: =IF((AW17-AW16<0), "",(AW17-AW16)*1000) -> 230 | AY17: 325.4 | AZ17: =IF((AY17-AY16<0), "",(AY17-AY16)*1000) -> 360 | BA17: 342.57 | BB17: =IF((BA17-BA16<0), "",(BA17-BA16)*1000) -> 140 | BC17: 196.18 | BD17: =IF((BC17-BC16<0), "",(BC17-BC16)*1000) -> 10 | BE17: 21224 | BF17: =IF((BE17-BE16<0), "",BE17-BE16) -> 46 | BG17: 218.7 | BH17: =IF((BG17-BG16<0), "",(BG17-BG16)*1000) -> 30 | BI17: 274.91 | BJ17: =IF((BI17-BI16<0), "",(BI17-BI16)*1000) -> 40 | BK17: 222.76 | BL17: =IF((BK17-BK16<0), "",(BK17-BK16)*1000) -> 40 | BM17: 206 | BN17: =IF((BM17-BM16<0), "",(BM17-BM16)*1000) -> 40 | BO17: 269.57 | BP17: =IF((BO17-BO16<0), "",(BO17-BO16)*1000) -> 50 | BQ17: 32958 | BR17: =IF((BQ17-BQ16<0), "",BQ17-BQ16) -> 37 | BS17: 187.06 | BT17: =IF((BS17-BS16<0), "",(BS17-BS16)*1000) -> 40 | BU17: 23863 | BV17: =IF((BU17-BU16<0), "",BU17-BU16) -> 36 | BW17: 216.4 | BX17: =IF((BW17-BW16<0), "",(BW17-BW16)*1000) -> 50 | BY17: 39401 | BZ17: =IF((BY17-BY16<0), "",BY17-BY16) -> 68 | CA17: 23365.7 | CB17: =IF((CA17-CA16<0), "",CA17-CA16) -> 45.5 | CC17: 9968.6 | CD17: =IF((CC17-CC16<0), "",CC17-CC16) -> 10 | CE17: 4717.3 | CF17: =IF((CE17-CE16<0), "",CE17-CE16) -> 4.8 | CG17: 35573.5 | CH17: =IF((CG17-CG16<0), "",CG17-CG16) -> 83.6 | CI17: 809044 | CJ17: =IF((CI17-CI16<0), "",CI17-CI16) -> 348 | CK17: 476.9 | CL17: =IF((CK17-CK16<0), "",(CK17-CK16)*1000) -> 900 | CM17: 83.6 | CN17: 34 | CO17: 105
A18: 43814 | C18: 1.3416 | D18: =IF((C18-C17<0), "0",(C18-C17)*1000000) -> 2500 | E18: 2.2611 | F18: =IF((E18-E17<0), "0",(E18-E17)*1000000) -> 3200 | G18: 2.1006 | H18: =IF((G18-G17<0), "0",(G18-G17)*1000000) -> 3400 | I18: 979.83 | J18: =IF((I18-I17<0), "0",(I18-I17)*1000) -> 1420 | K18: 1.5018 | L18: =IF((K18-K17<0), "0",(K18-K17)*1000000) -> 2200 | M18: 942.37 | N18: =IF((M18-M17<0), "",(M18-M17)*1000) -> 1770 | O18: 10532 | P18: =IF((O18-O17<0), "",O18-O17) -> 19 | Q18: 4189 | R18: =IF((Q18-Q17<0), "",Q18-Q17) -> 8 | S18: 686109 | T18: =IF((S18-S17<0), "",S18-S17) -> 1120 | U18: 278182 | V18: =IF((U18-U17<0), "",U18-U17) -> 537 | W18: 272.57 | X18: =IF((W18-W17<0), "",(W18-W17)*1000) -> 380 | Y18: 2.0091 | Z18: =IF((Y18-Y17<0), "",(Y18-Y17)*1000000) -> 3000 | AA18: 270 | AB18: =IF((AA18-AA17<0), "",(AA18-AA17)*1000) -> 540 | AC18: 246.78 | AD18: =IF((AC18-AC17<0), "",(AC18-AC17)*1000) -> 510 | AE18: 361.14 | AF18: =IF((AE18-AE17<0), "",(AE18-AE17)*1000) -> 660 | AG18: 955.8 | AH18: =IF((AG18-AG17<0), "",AG18-AG17) -> 2.7 | AI18: 339 | AJ18: =IF((AI18-AI17<0), "",(AI18-AI17)*1000) -> 360 | AK18: 116.56 | AL18: =IF((AK18-AK17<0), "",AK18-AK17) -> 0.25 | AM18: 118.73 | AN18: =IF((AM18-AM17<0), "",AM18-AM17) -> 0.26 | AO18: 117.49 | AP18: =IF((AO18-AO17<0), "",AO18-AO17) -> 0.24 | AQ18: 193.3 | AR18: =IF((AQ18-AQ17<0), "",(AQ18-AQ17)*1000) -> 40 | AS18: 315.76 | AT18: =IF((AS18-AS17<0), "",(AS18-AS17)*1000) -> 60 | AU18: 241.45 | AV18: =IF((AU18-AU17<0), "",(AU18-AU17)*1000) -> 210 | AW18: 272.8 | AX18: =IF((AW18-AW17<0), "",(AW18-AW17)*1000) -> 170 | AY18: 325.61 | AZ18: =IF((AY18-AY17<0), "",(AY18-AY17)*1000) -> 210 | BA18: 342.9 | BB18: =IF((BA18-BA17<0), "",(BA18-BA17)*1000) -> 330 | BC18: 196.19 | BD18: =IF((BC18-BC17<0), "",(BC18-BC17)*1000) -> 10 | BE18: 21277 | BF18: =IF((BE18-BE17<0), "",BE18-BE17) -> 53 | BG18: 218.74 | BH18: =IF((BG18-BG17<0), "",(BG18-BG17)*1000) -> 40 | BI18: 274.96 | BJ18: =IF((BI18-BI17<0), "",(BI18-BI17)*1000) -> 50 | BK18: 222.82 | BL18: =IF((BK18-BK17<0), "",(BK18-BK17)*1000) -> 60 | BM18: 206.04 | BN18: =IF((BM18-BM17<0), "",(BM18-BM17)*1000) -> 40 | BO18: 269.62 | BP18: =IF((BO18-BO17<0), "",(BO18-BO17)*1000) -> 50 | BQ18: 33003 | BR18: =IF((BQ18-BQ17<0), "",BQ18-BQ17) -> 45 | BS18: 187.1 | BT18: =IF((BS18-BS17<0), "",(BS18-BS17)*1000) -> 40 | BU18: 23899 | BV18: =IF((BU18-BU17<0), "",BU18-BU17) -> 36 | BW18: 216.45 | BX18: =IF((BW18-BW17<0), "",(BW18-BW17)*1000) -> 50 | BY18: 39468 | BZ18: =IF((BY18-BY17<0), "",BY18-BY17) -> 67 | CA18: 23395.1 | CB18: =IF((CA18-CA17<0), "",CA18-CA17) -> 29.4 | CC18: 9980.1 | CD18: =IF((CC18-CC17<0), "",CC18-CC17) -> 11.5 | CE18: 4727.5 | CF18: =IF((CE18-CE17<0), "",CE18-CE17) -> 10.2 | CG18: 35647.7 | CH18: =IF((CG18-CG17<0), "",CG18-CG17) -> 74.2 | CI18: 809334 | CJ18: =IF((CI18-CI17<0), "",CI18-CI17) -> 290 | CK18: 477.76 | CL18: =IF((CK18-CK17<0), "",(CK18-CK17)*1000) -> 860 | CM18: 84.2 | CN18: 34 | CO18: 94
... A22: 43818 | C22: 1.3511 | D22: =IF((C22-C21<0), "0",(C22-C21)*1000000) -> 2200 | E22: 2.2754 | F22: =IF((E22-E21<0), "0",(E22-E21)*1000000) -> 3600 | G22: 2.1147 | H22: =IF((G22-G21<0), "0",(G22-G21)*1000000) -> 3500 | I22: 985.9 | J22: =IF((I22-I21<0), "0",(I22-I21)*1000) -> 1530 | K22: 1.5124 | L22: =IF((K22-K21<0), "0",(K22-K21)*1000000) -> 2900 | M22: 948.88 | N22: =IF((M22-M21<0), "",(M22-M21)*1000) -> 1520 | O22: 10607 | P22: =IF((O22-O21<0), "",O22-O21) -> 20 | Q22: 4218 | R22: =IF((Q22-Q21<0), "",Q22-Q21) -> 7 | S22: 691535 | T22: =IF((S22-S21<0), "",S22-S21) -> 1146 | U22: 280257 | V22: =IF((U22-U21<0), "",U22-U21) -> 353 | W22: 274.29 | X22: =IF((W22-W21<0), "",(W22-W21)*1000) -> 450 | Y22: 2.0217 | Z22: =IF((Y22-Y21<0), "",(Y22-Y21)*1000000) -> 3200 | AA22: 272.06 | AB22: =IF((AA22-AA21<0), "",(AA22-AA21)*1000) -> 560 | AC22: 248.26 | AD22: =IF((AC22-AC21<0), "",(AC22-AC21)*1000) -> 330 | AE22: 363.69 | AF22: =IF((AE22-AE21<0), "",(AE22-AE21)*1000) -> 530 | AG22: 965.3 | AH22: =IF((AG22-AG21<0), "",AG22-AG21) -> 1.6 | AI22: 340.82 | AJ22: =IF((AI22-AI21<0), "",(AI22-AI21)*1000) -> 420 | AK22: 117.55 | AL22: =IF((AK22-AK21<0), "",AK22-AK21) -> 0.22 | AM22: 119.3 | AN22: =IF((AM22-AM21<0), "",AM22-AM21) -> 0.17 | AO22: 118.09 | AP22: =IF((AO22-AO21<0), "",AO22-AO21) -> 0.17 | AQ22: 193.68 | AR22: =IF((AQ22-AQ21<0), "",(AQ22-AQ21)*1000) -> 90 | AS22: 316.03 | AT22: =IF((AS22-AS21<0), "",(AS22-AS21)*1000) -> 90 | AU22: 242.23 | AV22: =IF((AU22-AU21<0), "",(AU22-AU21)*1000) -> 160 | AW22: 273.33 | AX22: =IF((AW22-AW21<0), "",(AW22-AW21)*1000) -> 130 | AY22: 326.3 | AZ22: =IF((AY22-AY21<0), "",(AY22-AY21)*1000) -> 160 | BA22: 343.78 | BB22: =IF((BA22-BA21<0), "",(BA22-BA21)*1000) -> 210 | BC22: 196.42 | BD22: =IF((BC22-BC21<0), "",(BC22-BC21)*1000) -> 20 | BE22: 21457 | BF22: =IF((BE22-BE21<0), "",BE22-BE21) -> 46 | BG22: 218.85 | BH22: =IF((BG22-BG21<0), "",(BG22-BG21)*1000) -> 30 | BI22: 275.12 | BJ22: =IF((BI22-BI21<0), "",(BI22-BI21)*1000) -> 50 | BK22: 222.97 | BL22: =IF((BK22-BK21<0), "",(BK22-BK21)*1000) -> 40 | BM22: 206.18 | BN22: =IF((BM22-BM21<0), "",(BM22-BM21)*1000) -> 30 | BO22: 269.79 | BP22: =IF((BO22-BO21<0), "",(BO22-BO21)*1000) -> 40 | BQ22: 33146 | BR22: =IF((BQ22-BQ21<0), "",BQ22-BQ21) -> 37 | BS22: 187.25 | BT22: =IF((BS22-BS21<0), "",(BS22-BS21)*1000) -> 30 | BU22: 24015 | BV22: =IF((BU22-BU21<0), "",BU22-BU21) -> 23 | BW22: 216.59 | BX22: =IF((BW22-BW21<0), "",(BW22-BW21)*1000) -> 30 | BY22: 39692 | BZ22: =IF((BY22-BY21<0), "",BY22-BY21) -> 59 | CA22: 23574 | CB22: =IF((CA22-CA21<0), "",CA22-CA21) -> 52.4 | CC22: 10048.8 | CD22: =IF((CC22-CC21<0), "",CC22-CC21) -> 25.6 | CE22: 4767.6 | CF22: =IF((CE22-CE21<0), "",CE22-CE21) -> 0 | CG22: 35854.5 | CH22: =IF((CG22-CG21<0), "",CG22-CG21) -> 50 | CI22: 810751 | CJ22: =IF((CI22-CI21<0), "",CI22-CI21) -> 334 | CK22: 480.98 | CL22: =IF((CK22-CK21<0), "",(CK22-CK21)*1000) -> 830 | CM22: 92 | CN22: 34 | CO22: 97
A23: 43819 | C23: 1.3539 | D23: =IF((C23-C22<0), "0",(C23-C22)*1000000) -> 2800 | E23: 2.2791 | F23: =IF((E23-E22<0), "0",(E23-E22)*1000000) -> 3700 | G23: 2.1184 | H23: =IF((G23-G22<0), "0",(G23-G22)*1000000) -> 3700 | I23: 987.51 | J23: =IF((I23-I22<0), "0",(I23-I22)*1000) -> 1610 | K23: 1.5152 | L23: =IF((K23-K22<0), "0",(K23-K22)*1000000) -> 2800 | M23: 950.74 | N23: =IF((M23-M22<0), "",(M23-M22)*1000) -> 1860 | O23: 10628 | P23: =IF((O23-O22<0), "",O23-O22) -> 21 | Q23: 4226 | R23: =IF((Q23-Q22<0), "",Q23-Q22) -> 8 | S23: 692820 | T23: =IF((S23-S22<0), "",S23-S22) -> 1285 | U23: 280766 | V23: =IF((U23-U22<0), "",U23-U22) -> 509 | W23: 274.73 | X23: =IF((W23-W22<0), "",(W23-W22)*1000) -> 440 | Y23: 2.0248 | Z23: =IF((Y23-Y22<0), "",(Y23-Y22)*1000000) -> 3100 | AA23: 272.54 | AB23: =IF((AA23-AA22<0), "",(AA23-AA22)*1000) -> 480 | AC23: 248.76 | AD23: =IF((AC23-AC22<0), "",(AC23-AC22)*1000) -> 500 | AE23: 364.36 | AF23: =IF((AE23-AE22<0), "",(AE23-AE22)*1000) -> 670 | AG23: 967.1 | AH23: =IF((AG23-AG22<0), "",AG23-AG22) -> 1.8 | AI23: 341.47 | AJ23: =IF((AI23-AI22<0), "",(AI23-AI22)*1000) -> 650 | AK23: 117.79 | AM23: 119.49 | AN23: =IF((AM23-AM22<0), "",AM23-AM22) -> 0.19 | AO23: 118.26 | AP23: =IF((AO23-AO22<0), "",AO23-AO22) -> 0.17 | AQ23: 193.73 | AR23: =IF((AQ23-AQ22<0), "",(AQ23-AQ22)*1000) -> 50 | AS23: 316.09 | AT23: =IF((AS23-AS22<0), "",(AS23-AS22)*1000) -> 60 | AU23: 242.41 | AV23: =IF((AU23-AU22<0), "",(AU23-AU22)*1000) -> 180 | AW23: 273.47 | AX23: =IF((AW23-AW22<0), "",(AW23-AW22)*1000) -> 140 | AY23: 326.47 | AZ23: =IF((AY23-AY22<0), "",(AY23-AY22)*1000) -> 170 | BA23: 344.08 | BB23: =IF((BA23-BA22<0), "",(BA23-BA22)*1000) -> 300 | BC23: 196.43 | BD23: =IF((BC23-BC22<0), "",(BC23-BC22)*1000) -> 10 | BE23: 21507 | BF23: =IF((BE23-BE22<0), "",BE23-BE22) -> 50 | BG23: 218.89 | BH23: =IF((BG23-BG22<0), "",(BG23-BG22)*1000) -> 40 | BI23: 275.16 | BJ23: =IF((BI23-BI22<0), "",(BI23-BI22)*1000) -> 40 | BK23: 223.03 | BL23: =IF((BK23-BK22<0), "",(BK23-BK22)*1000) -> 60 | BM23: 206.22 | BN23: =IF((BM23-BM22<0), "",(BM23-BM22)*1000) -> 40 | BO23: 269.84 | BP23: =IF((BO23-BO22<0), "",(BO23-BO22)*1000) -> 50 | BQ23: 33184 | BR23: =IF((BQ23-BQ22<0), "",BQ23-BQ22) -> 38 | BS23: 187.29 | BT23: =IF((BS23-BS22<0), "",(BS23-BS22)*1000) -> 40 | BU23: 24051 | BV23: =IF((BU23-BU22<0), "",BU23-BU22) -> 36 | BW23: 216.64 | BX23: =IF((BW23-BW22<0), "",(BW23-BW22)*1000) -> 50 | BY23: 39755 | BZ23: =IF((BY23-BY22<0), "",BY23-BY22) -> 63 | CA23: 23623.5 | CB23: =IF((CA23-CA22<0), "",CA23-CA22) -> 49.5 | CC23: 10066.2 | CD23: =IF((CC23-CC22<0), "",CC23-CC22) -> 17.4 | CE23: 4779.7 | CF23: =IF((CE23-CE22<0), "",CE23-CE22) -> 12.1 | CG23: 35885.4 | CH23: =IF((CG23-CG22<0), "",CG23-CG22) -> 30.9 | CI23: 811090 | CJ23: =IF((CI23-CI22<0), "",CI23-CI22) -> 339 | CK23: 481.88 | CL23: =IF((CK23-CK22<0), "",(CK23-CK22)*1000) -> 900 | CM23: 86 | CN23: 42 | CO23: 119
A24: 43820 | C24: 1.3569 | D24: =IF((C24-C23<0), "0",(C24-C23)*1000000) -> 3000 | E24: 2.2832 | F24: =IF((E24-E23<0), "0",(E24-E23)*1000000) -> 4100 | G24: 2.1218 | H24: =IF((G24-G23<0), "0",(G24-G23)*1000000) -> 3400 | I24: 989.11 | J24: =IF((I24-I23<0), "0",(I24-I23)*1000) -> 1600 | K24: 1.518 | L24: =IF((K24-K23<0), "0",(K24-K23)*1000000) -> 2800 | M24: 952.66 | N24: =IF((M24-M23<0), "",(M24-M23)*1000) -> 1920 | O24: 10649 | P24: =IF((O24-O23<0), "",O24-O23) -> 21 | Q24: 4234 | R24: =IF((Q24-Q23<0), "",Q24-Q23) -> 8 | S24: 694030 | T24: =IF((S24-S23<0), "",S24-S23) -> 1210 | U24: 281232 | V24: =IF((U24-U23<0), "",U24-U23) -> 466 | W24: 275.25 | X24: =IF((W24-W23<0), "",(W24-W23)*1000) -> 520 | Y24: 2.0284 | Z24: =IF((Y24-Y23<0), "",(Y24-Y23)*1000000) -> 3600 | AA24: 273.06 | AB24: =IF((AA24-AA23<0), "",(AA24-AA23)*1000) -> 520 | AC24: 249.24 | AD24: =IF((AC24-AC23<0), "",(AC24-AC23)*1000) -> 480 | AE24: 365.18 | AF24: =IF((AE24-AE23<0), "",(AE24-AE23)*1000) -> 820 | AG24: 969 | AH24: =IF((AG24-AG23<0), "",AG24-AG23) -> 1.9 | AI24: 341.92 | AJ24: =IF((AI24-AI23<0), "",(AI24-AI23)*1000) -> 450 | AK24: 118.05 | AL24: =IF((AK24-AK23<0), "",AK24-AK23) -> 0.26 | AM24: 119.75 | AN24: =IF((AM24-AM23<0), "",AM24-AM23) -> 0.26 | AO24: 118.45 | AP24: =IF((AO24-AO23<0), "",AO24-AO23) -> 0.19 | AQ24: 193.9 | AR24: =IF((AQ24-AQ23<0), "",(AQ24-AQ23)*1000) -> 170 | AS24: 316.19 | AT24: =IF((AS24-AS23<0), "",(AS24-AS23)*1000) -> 100 | AU24: 242.62 | AV24: =IF((AU24-AU23<0), "",(AU24-AU23)*1000) -> 210 | AW24: 273.64 | AX24: =IF((AW24-AW23<0), "",(AW24-AW23)*1000) -> 170 | AY24: 326.67 | AZ24: =IF((AY24-AY23<0), "",(AY24-AY23)*1000) -> 200 | BA24: 344.4 | BB24: =IF((BA24-BA23<0), "",(BA24-BA23)*1000) -> 320 | BC24: 196.57 | BD24: =IF((BC24-BC23<0), "",(BC24-BC23)*1000) -> 140 | BE24: 21561 | BF24: =IF((BE24-BE23<0), "",BE24-BE23) -> 54 | BG24: 218.93 | BH24: =IF((BG24-BG23<0), "",(BG24-BG23)*1000) -> 40 | BI24: 275.2 | BJ24: =IF((BI24-BI23<0), "",(BI24-BI23)*1000) -> 40 | BK24: 223.08 | BL24: =IF((BK24-BK23<0), "",(BK24-BK23)*1000) -> 50 | BM24: 206.26 | BN24: =IF((BM24-BM23<0), "",(BM24-BM23)*1000) -> 40 | BO24: 269.88 | BP24: =IF((BO24-BO23<0), "",(BO24-BO23)*1000) -> 40 | BQ24: 33224 | BR24: =IF((BQ24-BQ23<0), "",BQ24-BQ23) -> 40 | BS24: 187.34 | BT24: =IF((BS24-BS23<0), "",(BS24-BS23)*1000) -> 50 | BU24: 24090 | BV24: =IF((BU24-BU23<0), "",BU24-BU23) -> 39 | BW24: 216.69 | BX24: =IF((BW24-BW23<0), "",(BW24-BW23)*1000) -> 50 | BY24: 39824 | BZ24: =IF((BY24-BY23<0), "",BY24-BY23) -> 69 | CA24: 23696.2 | CB24: =IF((CA24-CA23<0), "",CA24-CA23) -> 72.7 | CC24: 10083.5 | CD24: =IF((CC24-CC23<0), "",CC24-CC23) -> 17.3 | CE24: 4787.6 | CF24: =IF((CE24-CE23<0), "",CE24-CE23) -> 7.9 | CG24: 35947.4 | CH24: =IF((CG24-CG23<0), "",CG24-CG23) -> 62 | CI24: 811403 | CJ24: =IF((CI24-CI23<0), "",CI24-CI23) -> 313 | CK24: 482.5 | CL24: =IF((CK24-CK23<0), "",(CK24-CK23)*1000) -> 620 | CM24: 103 | CN24: 45 | CO24: 127
A25: 43821 | C25: 1.36 | D25: =IF((C25-C24<0), "0",(C25-C24)*1000000) -> 3100 | E25: 2.2872 | F25: =IF((E25-E24<0), "0",(E25-E24)*1000000) -> 4000 | G25: 2.1254 | H25: =IF((G25-G24<0), "0",(G25-G24)*1000000) -> 3600 | I25: 990.88 | J25: =IF((I25-I24<0), "0",(I25-I24)*1000) -> 1770 | K25: 1.5208 | L25: =IF((K25-K24<0), "0",(K25-K24)*1000000) -> 2800 | M25: 954.78 | N25: =IF((M25-M24<0), "",(M25-M24)*1000) -> 2120 | O25: 10671 | P25: =IF((O25-O24<0), "",O25-O24) -> 22 | Q25: 4244 | R25: =IF((Q25-Q24<0), "",Q25-Q24) -> 10 | S25: 695560 | T25: =IF((S25-S24<0), "",S25-S24) -> 1530 | U25: 281922 | V25: =IF((U25-U24<0), "",U25-U24) -> 690 | W25: 275.86 | X25: =IF((W25-W24<0), "",(W25-W24)*1000) -> 610 | Y25: 2.0319 | Z25: =IF((Y25-Y24<0), "",(Y25-Y24)*1000000) -> 3500 | AA25: 273.62 | AB25: =IF((AA25-AA24<0), "",(AA25-AA24)*1000) -> 560 | AC25: 249.66 | AD25: =IF((AC25-AC24<0), "",(AC25-AC24)*1000) -> 420 | AE25: 366.22 | AF25: =IF((AE25-AE24<0), "",(AE25-AE24)*1000) -> 1040 | AG25: 971.4 | AH25: =IF((AG25-AG24<0), "",AG25-AG24) -> 2.4 | AI25: 342.43 | AJ25: =IF((AI25-AI24<0), "",(AI25-AI24)*1000) -> 510 | AK25: 118.37 | AL25: =IF((AK25-AK24<0), "",AK25-AK24) -> 0.32 | AM25: 120.03 | AN25: =IF((AM25-AM24<0), "",AM25-AM24) -> 0.28 | AO25: 118.66 | AP25: =IF((AO25-AO24<0), "",AO25-AO24) -> 0.21 | AQ25: 194.11 | AR25: =IF((AQ25-AQ24<0), "",(AQ25-AQ24)*1000) -> 210 | AS25: 316.27 | AT25: =IF((AS25-AS24<0), "",(AS25-AS24)*1000) -> 80 | AU25: 242.79 | AV25: =IF((AU25-AU24<0), "",(AU25-AU24)*1000) -> 170 | AW25: 273.85 | AX25: =IF((AW25-AW24<0), "",(AW25-AW24)*1000) -> 210 | AY25: 326.85 | AZ25: =IF((AY25-AY24<0), "",(AY25-AY24)*1000) -> 180 | BA25: 344.77 | BB25: =IF((BA25-BA24<0), "",(BA25-BA24)*1000) -> 370 | BC25: 196.79 | BD25: =IF((BC25-BC24<0), "",(BC25-BC24)*1000) -> 220 | BE25: 21605 | BF25: =IF((BE25-BE24<0), "",BE25-BE24) -> 44 | BG25: 218.98 | BH25: =IF((BG25-BG24<0), "",(BG25-BG24)*1000) -> 50 | BI25: 275.26 | BJ25: =IF((BI25-BI24<0), "",(BI25-BI24)*1000) -> 60 | BK25: 223.14 | BL25: =IF((BK25-BK24<0), "",(BK25-BK24)*1000) -> 60 | BM25: 206.31 | BN25: =IF((BM25-BM24<0), "",(BM25-BM24)*1000) -> 50 | BO25: 269.94 | BP25: =IF((BO25-BO24<0), "",(BO25-BO24)*1000) -> 60 | BQ25: 33276 | BR25: =IF((BQ25-BQ24<0), "",BQ25-BQ24) -> 52 | BS25: 187.4 | BT25: =IF((BS25-BS24<0), "",(BS25-BS24)*1000) -> 60 | BU25: 24138 | BV25: =IF((BU25-BU24<0), "",BU25-BU24) -> 48 | BW25: 216.74 | BX25: =IF((BW25-BW24<0), "",(BW25-BW24)*1000) -> 50 | BY25: 39886 | BZ25: =IF((BY25-BY24<0), "",BY25-BY24) -> 62 | CA25: 23737 | CB25: =IF((CA25-CA24<0), "",CA25-CA24) -> 40.8 | CC25: 10103.9 | CD25: =IF((CC25-CC24<0), "",CC25-CC24) -> 20.4 | CE25: 4798.2 | CF25: =IF((CE25-CE24<0), "",CE25-CE24) -> 10.6 | CG25: 36044.1 | CH25: =IF((CG25-CG24<0), "",CG25-CG24) -> 96.7 | CI25: 811753 | CJ25: =IF((CI25-CI24<0), "",CI25-CI24) -> 350 | CK25: 483.1 | CL25: =IF((CK25-CK24<0), "",(CK25-CK24)*1000) -> 600 | CM25: 101 | CN25: 48 | CO25: 150
A26: 43822 | C26: 1.3637 | D26: =IF((C26-C25<0), "0",(C26-C25)*1000000) -> 3700 | E26: 2.2912 | F26: =IF((E26-E25<0), "0",(E26-E25)*1000000) -> 4000 | G26: 2.1288 | H26: =IF((G26-G25<0), "0",(G26-G25)*1000000) -> 3400 | I26: 992.42 | J26: =IF((I26-I25<0), "0",(I26-I25)*1000) -> 1540 | K26: 1.5235 | L26: =IF((K26-K25<0), "0",(K26-K25)*1000000) -> 2700 | M26: 956.76 | N26: =IF((M26-M25<0), "",(M26-M25)*1000) -> 1980 | O26: 10693 | P26: =IF((O26-O25<0), "",O26-O25) -> 22 | Q26: 4252 | R26: =IF((Q26-Q25<0), "",Q26-Q25) -> 8 | S26: 697282 | T26: =IF((S26-S25<0), "",S26-S25) -> 1722 | U26: 282570 | V26: =IF((U26-U25<0), "",U26-U25) -> 648 | W26: 276.34 | X26: =IF((W26-W25<0), "",(W26-W25)*1000) -> 480 | Y26: 2.0355 | Z26: =IF((Y26-Y25<0), "",(Y26-Y25)*1000000) -> 3600 | AA26: 274.19 | AB26: =IF((AA26-AA25<0), "",(AA26-AA25)*1000) -> 570 | AC26: 250.15 | AD26: =IF((AC26-AC25<0), "",(AC26-AC25)*1000) -> 490 | AE26: 367.23 | AF26: =IF((AE26-AE25<0), "",(AE26-AE25)*1000) -> 1010 | AG26: 973.5 | AH26: =IF((AG26-AG25<0), "",AG26-AG25) -> 2.1 | AI26: 343.73 | AJ26: =IF((AI26-AI25<0), "",(AI26-AI25)*1000) -> 1300 | AK26: 118.62 | AL26: =IF((AK26-AK25<0), "",AK26-AK25) -> 0.25 | AM26: 120.25 | AN26: =IF((AM26-AM25<0), "",AM26-AM25) -> 0.22 | AO26: 118.89 | AP26: =IF((AO26-AO25<0), "",AO26-AO25) -> 0.23 | AQ26: 194.26 | AR26: =IF((AQ26-AQ25<0), "",(AQ26-AQ25)*1000) -> 150 | AS26: 316.33 | AT26: =IF((AS26-AS25<0), "",(AS26-AS25)*1000) -> 60 | AU26: 242.91 | AV26: =IF((AU26-AU25<0), "",(AU26-AU25)*1000) -> 120 | AW26: 274.08 | AX26: =IF((AW26-AW25<0), "",(AW26-AW25)*1000) -> 230 | AY26: 327.04 | AZ26: =IF((AY26-AY25<0), "",(AY26-AY25)*1000) -> 190 | BA26: 345.1 | BB26: =IF((BA26-BA25<0), "",(BA26-BA25)*1000) -> 330 | BC26: 196.98 | BD26: =IF((BC26-BC25<0), "",(BC26-BC25)*1000) -> 190 | BE26: 21657 | BF26: =IF((BE26-BE25<0), "",BE26-BE25) -> 52 | BG26: 219.01 | BH26: =IF((BG26-BG25<0), "",(BG26-BG25)*1000) -> 30 | BI26: 275.31 | BJ26: =IF((BI26-BI25<0), "",(BI26-BI25)*1000) -> 50 | BK26: 223.2 | BL26: =IF((BK26-BK25<0), "",(BK26-BK25)*1000) -> 60 | BM26: 206.35 | BN26: =IF((BM26-BM25<0), "",(BM26-BM25)*1000) -> 40 | BO26: 269.99 | BP26: =IF((BO26-BO25<0), "",(BO26-BO25)*1000) -> 50 | BQ26: 33319 | BR26: =IF((BQ26-BQ25<0), "",BQ26-BQ25) -> 43 | BS26: 187.45 | BT26: =IF((BS26-BS25<0), "",(BS26-BS25)*1000) -> 50 | BU26: 24183 | BV26: =IF((BU26-BU25<0), "",BU26-BU25) -> 45 | BW26: 216.79 | BX26: =IF((BW26-BW25<0), "",(BW26-BW25)*1000) -> 50 | BY26: 39948 | BZ26: =IF((BY26-BY25<0), "",BY26-BY25) -> 62 | CA26: 23783 | CB26: =IF((CA26-CA25<0), "",CA26-CA25) -> 46 | CC26: 10127.8 | CD26: =IF((CC26-CC25<0), "",CC26-CC25) -> 23.9 | CE26: 4804.8 | CF26: =IF((CE26-CE25<0), "",CE26-CE25) -> 6.6 | CG26: 36066.7 | CH26: =IF((CG26-CG25<0), "",CG26-CG25) -> 22.6 | CI26: 812083 | CJ26: =IF((CI26-CI25<0), "",CI26-CI25) -> 330 | CK26: 483.77 | CL26: =IF((CK26-CK25<0), "",(CK26-CK25)*1000) -> 670 | CM26: 105.2 | CN26: 41 | CO26: 132
A27: 43823 | C27: 1.3671 | D27: =IF((C27-C26<0), "0",(C27-C26)*1000000) -> 3400 | E27: 2.295 | F27: =IF((E27-E26<0), "0",(E27-E26)*1000000) -> 3800 | G27: 2.1328 | H27: =IF((G27-G26<0), "0",(G27-G26)*1000000) -> 4000 | I27: 993.9 | J27: =IF((I27-I26<0), "0",(I27-I26)*1000) -> 1480 | K27: 1.5264 | L27: =IF((K27-K26<0), "0",(K27-K26)*1000000) -> 2900 | M27: 958.53 | N27: =IF((M27-M26<0), "",(M27-M26)*1000) -> 1770 | O27: 10713 | P27: =IF((O27-O26<0), "",O27-O26) -> 20 | Q27: 4259 | R27: =IF((Q27-Q26<0), "",Q27-Q26) -> 7 | S27: 698681 | T27: =IF((S27-S26<0), "",S27-S26) -> 1399 | U27: 283154 | V27: =IF((U27-U26<0), "",U27-U26) -> 584 | W27: 276.91 | X27: =IF((W27-W26<0), "",(W27-W26)*1000) -> 570 | Y27: 2.0388 | Z27: =IF((Y27-Y26<0), "",(Y27-Y26)*1000000) -> 3300 | AA27: 274.7 | AB27: =IF((AA27-AA26<0), "",(AA27-AA26)*1000) -> 510 | AC27: 250.51 | AD27: =IF((AC27-AC26<0), "",(AC27-AC26)*1000) -> 360 | AE27: 367.98 | AF27: =IF((AE27-AE26<0), "",(AE27-AE26)*1000) -> 750 | AG27: 975.7 | AH27: =IF((AG27-AG26<0), "",AG27-AG26) -> 2.2 | AI27: 344.79 | AJ27: =IF((AI27-AI26<0), "",(AI27-AI26)*1000) -> 1060 | AK27: 118.86 | AL27: =IF((AK27-AK26<0), "",AK27-AK26) -> 0.24 | AM27: 120.42 | AN27: =IF((AM27-AM26<0), "",AM27-AM26) -> 0.17 | AO27: 119.07 | AP27: =IF((AO27-AO26<0), "",AO27-AO26) -> 0.18 | AQ27: 194.4 | AR27: =IF((AQ27-AQ26<0), "",(AQ27-AQ26)*1000) -> 140 | AS27: 316.38 | AT27: =IF((AS27-AS26<0), "",(AS27-AS26)*1000) -> 50 | AU27: 243.06 | AV27: =IF((AU27-AU26<0), "",(AU27-AU26)*1000) -> 150 | AW27: 274.24 | AX27: =IF((AW27-AW26<0), "",(AW27-AW26)*1000) -> 160 | AY27: 327.2 | AZ27: =IF((AY27-AY26<0), "",(AY27-AY26)*1000) -> 160 | BA27: 345.42 | BB27: =IF((BA27-BA26<0), "",(BA27-BA26)*1000) -> 320 | BC27: 197.14 | BD27: =IF((BC27-BC26<0), "",(BC27-BC26)*1000) -> 160 | BE27: 21706 | BF27: =IF((BE27-BE26<0), "",BE27-BE26) -> 49 | BG27: 219.05 | BH27: =IF((BG27-BG26<0), "",(BG27-BG26)*1000) -> 40 | BI27: 275.35 | BJ27: =IF((BI27-BI26<0), "",(BI27-BI26)*1000) -> 40 | BK27: 223.24 | BL27: =IF((BK27-BK26<0), "",(BK27-BK26)*1000) -> 40 | BM27: 206.38 | BN27: =IF((BM27-BM26<0), "",(BM27-BM26)*1000) -> 30 | BO27: 270.03 | BP27: =IF((BO27-BO26<0), "",(BO27-BO26)*1000) -> 40 | BQ27: 33356 | BR27: =IF((BQ27-BQ26<0), "",BQ27-BQ26) -> 37 | BS27: 187.48 | BT27: =IF((BS27-BS26<0), "",(BS27-BS26)*1000) -> 30 | BU27: 24214 | BV27: =IF((BU27-BU26<0), "",BU27-BU26) -> 31 | BW27: 216.83 | BX27: =IF((BW27-BW26<0), "",(BW27-BW26)*1000) -> 40 | BY27: 40002 | BZ27: =IF((BY27-BY26<0), "",BY27-BY26) -> 54 | CA27: 23822.7 | CB27: =IF((CA27-CA26<0), "",CA27-CA26) -> 39.7 | CC27: 10146 | CD27: =IF((CC27-CC26<0), "",CC27-CC26) -> 18.2 | CE27: 4813.3 | CF27: =IF((CE27-CE26<0), "",CE27-CE26) -> 8.5 | CG27: 36097.7 | CH27: =IF((CG27-CG26<0), "",CG27-CG26) -> 31 | CI27: 812392 | CJ27: =IF((CI27-CI26<0), "",CI27-CI26) -> 309 | CK27: 484.48 | CL27: =IF((CK27-CK26<0), "",(CK27-CK26)*1000) -> 710 | CM27: 102.9 | CN27: 42 | CO27: 136
A28: 43824 | C28: 1.3709 | D28: =IF((C28-C27<0), "0",(C28-C27)*1000000) -> 3800 | E28: 2.299 | F28: =IF((E28-E27<0), "0",(E28-E27)*1000000) -> 4000 | G28: 2.1366 | H28: =IF((G28-G27<0), "0",(G28-G27)*1000000) -> 3800 | I28: 995.51 | J28: =IF((I28-I27<0), "0",(I28-I27)*1000) -> 1610 | K28: 1.5293 | L28: =IF((K28-K27<0), "0",(K28-K27)*1000000) -> 2900 | M28: 960.32 | N28: =IF((M28-M27<0), "",(M28-M27)*1000) -> 1790 | O28: 10732 | P28: =IF((O28-O27<0), "",O28-O27) -> 19 | Q28: 4266 | R28: =IF((Q28-Q27<0), "",Q28-Q27) -> 7 | S28: 700380 | T28: =IF((S28-S27<0), "",S28-S27) -> 1699 | U28: 283749 | V28: =IF((U28-U27<0), "",U28-U27) -> 595 | W28: 277.27 | X28: =IF((W28-W27<0), "",(W28-W27)*1000) -> 360 | Y28: 2.0423 | Z28: =IF((Y28-Y27<0), "",(Y28-Y27)*1000000) -> 3500 | AA28: 275.22 | AB28: =IF((AA28-AA27<0), "",(AA28-AA27)*1000) -> 520 | AC28: 250.86 | AD28: =IF((AC28-AC27<0), "",(AC28-AC27)*1000) -> 350 | AE28: 368.78 | AF28: =IF((AE28-AE27<0), "",(AE28-AE27)*1000) -> 800 | AG28: 977.9 | AH28: =IF((AG28-AG27<0), "",AG28-AG27) -> 2.2 | AI28: 345.86 | AJ28: 119.12 | AK28: 119.12 | AL28: =IF((AK28-AK27<0), "",AK28-AK27) -> 0.26 | AM28: 120.62 | AN28: =IF((AM28-AM27<0), "",AM28-AM27) -> 0.2 | AO28: 119.28 | AP28: =IF((AO28-AO27<0), "",AO28-AO27) -> 0.21 | AQ28: 194.58 | AR28: =IF((AQ28-AQ27<0), "",(AQ28-AQ27)*1000) -> 180 | AS28: 316.52 | AT28: =IF((AS28-AS27<0), "",(AS28-AS27)*1000) -> 140 | AU28: 243.19 | AV28: =IF((AU28-AU27<0), "",(AU28-AU27)*1000) -> 130 | AW28: 274.53 | AX28: =IF((AW28-AW27<0), "",(AW28-AW27)*1000) -> 290 | AY28: 327.39 | AZ28: =IF((AY28-AY27<0), "",(AY28-AY27)*1000) -> 190 | BA28: 345.76 | BB28: =IF((BA28-BA27<0), "",(BA28-BA27)*1000) -> 340 | BC28: 197.34 | BD28: =IF((BC28-BC27<0), "",(BC28-BC27)*1000) -> 200 | BE28: 21755 | BF28: =IF((BE28-BE27<0), "",BE28-BE27) -> 49 | BG28: 219.08 | BH28: =IF((BG28-BG27<0), "",(BG28-BG27)*1000) -> 30 | BI28: 275.39 | BJ28: =IF((BI28-BI27<0), "",(BI28-BI27)*1000) -> 40 | BK28: 223.28 | BL28: =IF((BK28-BK27<0), "",(BK28-BK27)*1000) -> 40 | BM28: 206.42 | BN28: =IF((BM28-BM27<0), "",(BM28-BM27)*1000) -> 40 | BO28: 270.07 | BP28: =IF((BO28-BO27<0), "",(BO28-BO27)*1000) -> 40 | BQ28: 33394 | BR28: =IF((BQ28-BQ27<0), "",BQ28-BQ27) -> 38 | BS28: 187.52 | BT28: =IF((BS28-BS27<0), "",(BS28-BS27)*1000) -> 40 | BU28: 24245 | BV28: =IF((BU28-BU27<0), "",BU28-BU27) -> 31 | BW28: 216.86 | BX28: =IF((BW28-BW27<0), "",(BW28-BW27)*1000) -> 30 | BY28: 40056 | BZ28: =IF((BY28-BY27<0), "",BY28-BY27) -> 54 | CA28: 23869.6 | CB28: =IF((CA28-CA27<0), "",CA28-CA27) -> 46.9 | CC28: 10156.2 | CD28: =IF((CC28-CC27<0), "",CC28-CC27) -> 10.2 | CE28: 4824.5 | CF28: =IF((CE28-CE27<0), "",CE28-CE27) -> 11.2 | CG28: 36123.8 | CH28: =IF((CG28-CG27<0), "",CG28-CG27) -> 26.1 | CI28: 812726 | CJ28: =IF((CI28-CI27<0), "",CI28-CI27) -> 334 | CK28: 485.27 | CL28: =IF((CK28-CK27<0), "",(CK28-CK27)*1000) -> 790 | CM28: 113.9 | CN28: 36 | CO28: 114
A29: 43825 | C29: 1.3753 | D29: =IF((C29-C28<0), "0",(C29-C28)*1000000) -> 4400 | E29: 2.3033 | F29: =IF((E29-E28<0), "0",(E29-E28)*1000000) -> 4300 | G29: 2.1406 | H29: =IF((G29-G28<0), "0",(G29-G28)*1000000) -> 4000 | I29: 997.46 | J29: =IF((I29-I28<0), "0",(I29-I28)*1000) -> 1950 | K29: 1.533 | L29: =IF((K29-K28<0), "0",(K29-K28)*1000000) -> 3700 | M29: 962.49 | N29: =IF((M29-M28<0), "",(M29-M28)*1000) -> 2170 | O29: 10753 | P29: =IF((O29-O28<0), "",O29-O28) -> 21 | Q29: 4275 | R29: =IF((Q29-Q28<0), "",Q29-Q28) -> 9 | S29: 701820 | T29: =IF((S29-S28<0), "",S29-S28) -> 1440 | U29: 284210 | V29: =IF((U29-U28<0), "",U29-U28) -> 461 | W29: 277.78 | X29: =IF((W29-W28<0), "",(W29-W28)*1000) -> 510 | Y29: 2.0457 | Z29: =IF((Y29-Y28<0), "",(Y29-Y28)*1000000) -> 3400 | AA29: 275.78 | AB29: =IF((AA29-AA28<0), "",(AA29-AA28)*1000) -> 560 | AC29: 251.25 | AD29: =IF((AC29-AC28<0), "",(AC29-AC28)*1000) -> 390 | AE29: 369.67 | AF29: =IF((AE29-AE28<0), "",(AE29-AE28)*1000) -> 890 | AG29: 980.4 | AH29: =IF((AG29-AG28<0), "",AG29-AG28) -> 2.5 | AI29: 346.81 | AJ29: =IF((AI29-AI28<0), "",(AI29-AI28)*1000) -> 950 | AK29: 119.44 | AL29: =IF((AK29-AK28<0), "",AK29-AK28) -> 0.32 | AM29: 120.88 | AN29: =IF((AM29-AM28<0), "",AM29-AM28) -> 0.26 | AO29: 119.53 | AP29: =IF((AO29-AO28<0), "",AO29-AO28) -> 0.25 | AQ29: 194.79 | AR29: =IF((AQ29-AQ28<0), "",(AQ29-AQ28)*1000) -> 210 | AS29: 316.77 | AT29: =IF((AS29-AS28<0), "",(AS29-AS28)*1000) -> 250 | AU29: 243.34 | AV29: =IF((AU29-AU28<0), "",(AU29-AU28)*1000) -> 150 | AW29: 274.8 | AX29: =IF((AW29-AW28<0), "",(AW29-AW28)*1000) -> 270 | AY29: 327.61 | AZ29: =IF((AY29-AY28<0), "",(AY29-AY28)*1000) -> 220 | BA29: 346.1 | BB29: =IF((BA29-BA28<0), "",(BA29-BA28)*1000) -> 340 | BC29: 197.6 | BD29: =IF((BC29-BC28<0), "",(BC29-BC28)*1000) -> 260 | BE29: 21802 | BF29: =IF((BE29-BE28<0), "",BE29-BE28) -> 47 | BG29: 219.11 | BH29: =IF((BG29-BG28<0), "",(BG29-BG28)*1000) -> 30 | BI29: 275.44 | BJ29: =IF((BI29-BI28<0), "",(BI29-BI28)*1000) -> 50 | BK29: 223.33 | BL29: =IF((BK29-BK28<0), "",(BK29-BK28)*1000) -> 50 | BM29: 206.45 | BN29: =IF((BM29-BM28<0), "",(BM29-BM28)*1000) -> 30 | BO29: 270.11 | BP29: =IF((BO29-BO28<0), "",(BO29-BO28)*1000) -> 40 | BQ29: 33434 | BR29: =IF((BQ29-BQ28<0), "",BQ29-BQ28) -> 40 | BS29: 187.57 | BT29: =IF((BS29-BS28<0), "",(BS29-BS28)*1000) -> 50 | BU29: 24294 | BV29: =IF((BU29-BU28<0), "",BU29-BU28) -> 49 | BW29: 216.9 | BX29: =IF((BW29-BW28<0), "",(BW29-BW28)*1000) -> 40 | BY29: 40130 | BZ29: =IF((BY29-BY28<0), "",BY29-BY28) -> 74 | CA29: 23916.9 | CB29: =IF((CA29-CA28<0), "",CA29-CA28) -> 47.3 | CC29: 10173.3 | CD29: =IF((CC29-CC28<0), "",CC29-CC28) -> 17.1 | CE29: 4832.9 | CF29: =IF((CE29-CE28<0), "",CE29-CE28) -> 8.4 | CG29: 36152 | CH29: =IF((CG29-CG28<0), "",CG29-CG28) -> 28.2 | CI29: 813079 | CJ29: =IF((CI29-CI28<0), "",CI29-CI28) -> 353 | CK29: 486.01 | CL29: =IF((CK29-CK28<0), "",(CK29-CK28)*1000) -> 740 | CM29: 136 | CN29: 36 | CO29: 114
A30: 43826 | C30: 1.3786 | D30: =IF((C30-C29<0), "0",(C30-C29)*1000000) -> 3300 | E30: 2.307 | F30: =IF((E30-E29<0), "0",(E30-E29)*1000000) -> 3700 | G30: 2.1443 | H30: =IF((G30-G29<0), "0",(G30-G29)*1000000) -> 3700 | I30: 999.05 | J30: =IF((I30-I29<0), "0",(I30-I29)*1000) -> 1590 | K30: 1.5363 | L30: =IF((K30-K29<0), "0",(K30-K29)*1000000) -> 3300 | M30: 964.34 | N30: =IF((M30-M29<0), "",(M30-M29)*1000) -> 1850 | O30: 10773 | P30: =IF((O30-O29<0), "",O30-O29) -> 20 | Q30: 4283 | R30: =IF((Q30-Q29<0), "",Q30-Q29) -> 8 | S30: 703538 | T30: =IF((S30-S29<0), "",S30-S29) -> 1718 | U30: 284902 | V30: =IF((U30-U29<0), "",U30-U29) -> 692 | W30: 278.3 | X30: =IF((W30-W29<0), "",(W30-W29)*1000) -> 520 | Y30: 2.0489 | Z30: =IF((Y30-Y29<0), "",(Y30-Y29)*1000000) -> 3200 | AA30: 276.32 | AB30: =IF((AA30-AA29<0), "",(AA30-AA29)*1000) -> 540 | AC30: 251.61 | AD30: =IF((AC30-AC29<0), "",(AC30-AC29)*1000) -> 360 | AE30: 370.6 | AF30: =IF((AE30-AE29<0), "",(AE30-AE29)*1000) -> 930 | AG30: 982.7 | AH30: =IF((AG30-AG29<0), "",AG30-AG29) -> 2.3 | AI30: 347.24 | AJ30: =IF((AI30-AI29<0), "",(AI30-AI29)*1000) -> 430 | AK30: 119.64 | AL30: =IF((AK30-AK29<0), "",AK30-AK29) -> 0.2 | AM30: 121.12 | AN30: =IF((AM30-AM29<0), "",AM30-AM29) -> 0.24 | AO30: 119.76 | AP30: =IF((AO30-AO29<0), "",AO30-AO29) -> 0.23 | AQ30: 195 | AR30: =IF((AQ30-AQ29<0), "",(AQ30-AQ29)*1000) -> 210 | AS30: 317.05 | AT30: =IF((AS30-AS29<0), "",(AS30-AS29)*1000) -> 280 | AU30: 243.52 | AV30: =IF((AU30-AU29<0), "",(AU30-AU29)*1000) -> 180 | AW30: 275.06 | AX30: =IF((AW30-AW29<0), "",(AW30-AW29)*1000) -> 260 | AY30: 327.83 | AZ30: =IF((AY30-AY29<0), "",(AY30-AY29)*1000) -> 220 | BA30: 346.42 | BB30: =IF((BA30-BA29<0), "",(BA30-BA29)*1000) -> 320 | BC30: 197.84 | BD30: =IF((BC30-BC29<0), "",(BC30-BC29)*1000) -> 240 | BE30: 21861 | BF30: =IF((BE30-BE29<0), "",BE30-BE29) -> 59 | BG30: 219.16 | BH30: =IF((BG30-BG29<0), "",(BG30-BG29)*1000) -> 50 | BI30: 275.5 | BJ30: =IF((BI30-BI29<0), "",(BI30-BI29)*1000) -> 60 | BK30: 223.39 | BL30: =IF((BK30-BK29<0), "",(BK30-BK29)*1000) -> 60 | BM30: 206.5 | BN30: =IF((BM30-BM29<0), "",(BM30-BM29)*1000) -> 50 | BO30: 270.17 | BP30: =IF((BO30-BO29<0), "",(BO30-BO29)*1000) -> 60 | BQ30: 33483 | BR30: =IF((BQ30-BQ29<0), "",BQ30-BQ29) -> 49 | BS30: 187.62 | BT30: =IF((BS30-BS29<0), "",(BS30-BS29)*1000) -> 50 | BU30: 24342 | BV30: =IF((BU30-BU29<0), "",BU30-BU29) -> 48 | BW30: 216.96 | BX30: =IF((BW30-BW29<0), "",(BW30-BW29)*1000) -> 60 | BY30: 40215 | BZ30: =IF((BY30-BY29<0), "",BY30-BY29) -> 85 | CA30: 23957.3 | CB30: =IF((CA30-CA29<0), "",CA30-CA29) -> 40.4 | CC30: 10185.9 | CD30: =IF((CC30-CC29<0), "",CC30-CC29) -> 12.6 | CE30: 4840.1 | CF30: =IF((CE30-CE29<0), "",CE30-CE29) -> 7.2 | CG30: 36232.5 | CH30: =IF((CG30-CG29<0), "",CG30-CG29) -> 80.5 | CI30: 813399 | CJ30: =IF((CI30-CI29<0), "",CI30-CI29) -> 320 | CK30: 486.77 | CL30: =IF((CK30-CK29<0), "",(CK30-CK29)*1000) -> 760 | CM30: 104.4 | CN30: 34 | CO30: 105
A31: 43827 | C31: 1.3818 | D31: =IF((C31-C30<0), "0",(C31-C30)*1000000) -> 3200 | E31: 2.3107 | F31: =IF((E31-E30<0), "0",(E31-E30)*1000000) -> 3700 | G31: 2.148 | H31: =IF((G31-G30<0), "0",(G31-G30)*1000000) -> 3700 | I31: 1000.6 | J31: =IF((I31-I30<0), "0",(I31-I30)*1000) -> 1550 | K31: 1.5397 | L31: =IF((K31-K30<0), "0",(K31-K30)*1000000) -> 3400 | M31: 966.1 | N31: =IF((M31-M30<0), "",(M31-M30)*1000) -> 1760 | O31: 10792 | P31: =IF((O31-O30<0), "",O31-O30) -> 19 | Q31: 4292 | R31: =IF((Q31-Q30<0), "",Q31-Q30) -> 9 | S31: 704732 | T31: =IF((S31-S30<0), "",S31-S30) -> 1194 | U31: 285499 | V31: =IF((U31-U30<0), "",U31-U30) -> 597 | W31: 278.79 | X31: =IF((W31-W30<0), "",(W31-W30)*1000) -> 490 | Y31: 2.0522 | Z31: =IF((Y31-Y30<0), "",(Y31-Y30)*1000000) -> 3300 | AA31: 276.76 | AB31: =IF((AA31-AA30<0), "",(AA31-AA30)*1000) -> 440 | AC31: 251.94 | AD31: =IF((AC31-AC30<0), "",(AC31-AC30)*1000) -> 330 | AE31: 371.44 | AF31: =IF((AE31-AE30<0), "",(AE31-AE30)*1000) -> 840 | AG31: 984.9 | AH31: =IF((AG31-AG30<0), "",AG31-AG30) -> 2.2 | AI31: 347.58 | AJ31: =IF((AI31-AI30<0), "",(AI31-AI30)*1000) -> 340 | AK31: 119.74 | AL31: =IF((AK31-AK30<0), "",AK31-AK30) -> 0.1 | AM31: 121.34 | AN31: =IF((AM31-AM30<0), "",AM31-AM30) -> 0.22 | AO31: 120 | AP31: =IF((AO31-AO30<0), "",AO31-AO30) -> 0.24 | AQ31: 195.25 | AR31: =IF((AQ31-AQ30<0), "",(AQ31-AQ30)*1000) -> 250 | AS31: 317.42 | AT31: =IF((AS31-AS30<0), "",(AS31-AS30)*1000) -> 370 | AU31: 243.71 | AV31: =IF((AU31-AU30<0), "",(AU31-AU30)*1000) -> 190 | AW31: 275.31 | AX31: =IF((AW31-AW30<0), "",(AW31-AW30)*1000) -> 250 | AY31: 327.95 | AZ31: =IF((AY31-AY30<0), "",(AY31-AY30)*1000) -> 120 | BA31: 346.72 | BB31: =IF((BA31-BA30<0), "",(BA31-BA30)*1000) -> 300 | BC31: 198.06 | BD31: =IF((BC31-BC30<0), "",(BC31-BC30)*1000) -> 220 | BE31: 21923 | BF31: =IF((BE31-BE30<0), "",BE31-BE30) -> 62 | BG31: 219.19 | BH31: =IF((BG31-BG30<0), "",(BG31-BG30)*1000) -> 30 | BI31: 275.54 | BJ31: =IF((BI31-BI30<0), "",(BI31-BI30)*1000) -> 40 | BK31: 223.42 | BL31: =IF((BK31-BK30<0), "",(BK31-BK30)*1000) -> 30 | BM31: 206.53 | BN31: =IF((BM31-BM30<0), "",(BM31-BM30)*1000) -> 30 | BO31: 270.2 | BP31: =IF((BO31-BO30<0), "",(BO31-BO30)*1000) -> 30 | BQ31: 33515 | BR31: =IF((BQ31-BQ30<0), "",BQ31-BQ30) -> 32 | BS31: 187.66 | BT31: =IF((BS31-BS30<0), "",(BS31-BS30)*1000) -> 40 | BU31: 24376 | BV31: =IF((BU31-BU30<0), "",BU31-BU30) -> 34 | BW31: 216.99 | BX31: =IF((BW31-BW30<0), "",(BW31-BW30)*1000) -> 30 | BY31: 40270 | BZ31: =IF((BY31-BY30<0), "",BY31-BY30) -> 55 | CA31: 24006.3 | CB31: =IF((CA31-CA30<0), "",CA31-CA30) -> 49 | CC31: 10199.1 | CD31: =IF((CC31-CC30<0), "",CC31-CC30) -> 13.2 | CE31: 4847.9 | CF31: =IF((CE31-CE30<0), "",CE31-CE30) -> 7.8 | CG31: 36310.2 | CH31: =IF((CG31-CG30<0), "",CG31-CG30) -> 77.7 | CI31: 813719 | CJ31: =IF((CI31-CI30<0), "",CI31-CI30) -> 320 | CK31: 487.56 | CL31: =IF((CK31-CK30<0), "",(CK31-CK30)*1000) -> 790 | CM31: 106 | CN31: 35 | CO31: 108
A32: 43828 | C32: 1.3852 | D32: =IF((C32-C31<0), "0",(C32-C31)*1000000) -> 3400 | E32: 2.3143 | F32: =IF((E32-E31<0), "0",(E32-E31)*1000000) -> 3600 | G32: 2.1517 | H32: =IF((G32-G31<0), "0",(G32-G31)*1000000) -> 3700 | I32: 1002.4 | J32: =IF((I32-I31<0), "0",(I32-I31)*1000) -> 1800 | K32: 1.5432 | L32: =IF((K32-K31<0), "0",(K32-K31)*1000000) -> 3500 | M32: 967.78 | N32: =IF((M32-M31<0), "",(M32-M31)*1000) -> 1680 | O32: 10813 | P32: =IF((O32-O31<0), "",O32-O31) -> 21 | Q32: 4300 | R32: =IF((Q32-Q31<0), "",Q32-Q31) -> 8 | S32: 706602 | T32: =IF((S32-S31<0), "",S32-S31) -> 1870 | U32: 286011 | V32: =IF((U32-U31<0), "",U32-U31) -> 512 | W32: 279.31 | X32: =IF((W32-W31<0), "",(W32-W31)*1000) -> 520 | Y32: 2.0552 | Z32: =IF((Y32-Y31<0), "",(Y32-Y31)*1000000) -> 3000 | AA32: 277.29 | AB32: =IF((AA32-AA31<0), "",(AA32-AA31)*1000) -> 530 | AC32: 252.16 | AD32: =IF((AC32-AC31<0), "",(AC32-AC31)*1000) -> 220 | AE32: 372.22 | AF32: =IF((AE32-AE31<0), "",(AE32-AE31)*1000) -> 780 | AG32: 987.1 | AH32: =IF((AG32-AG31<0), "",AG32-AG31) -> 2.2 | AI32: 347.98 | AJ32: =IF((AI32-AI31<0), "",(AI32-AI31)*1000) -> 400 | AK32: 119.91 | AL32: =IF((AK32-AK31<0), "",AK32-AK31) -> 0.17 | AM32: 121.58 | AN32: =IF((AM32-AM31<0), "",AM32-AM31) -> 0.24 | AO32: 120.29 | AP32: =IF((AO32-AO31<0), "",AO32-AO31) -> 0.29 | AQ32: 195.57 | AR32: =IF((AQ32-AQ31<0), "",(AQ32-AQ31)*1000) -> 320 | AS32: 317.72 | AT32: =IF((AS32-AS31<0), "",(AS32-AS31)*1000) -> 300 | AU32: 243.9 | AV32: =IF((AU32-AU31<0), "",(AU32-AU31)*1000) -> 190 | AW32: 275.57 | AX32: =IF((AW32-AW31<0), "",(AW32-AW31)*1000) -> 260 | AY32: 328 | AZ32: =IF((AY32-AY31<0), "",(AY32-AY31)*1000) -> 50 | BA32: 347 | BB32: =IF((BA32-BA31<0), "",(BA32-BA31)*1000) -> 280 | BC32: 198.27 | BD32: =IF((BC32-BC31<0), "",(BC32-BC31)*1000) -> 210 | BE32: 21985 | BF32: =IF((BE32-BE31<0), "",BE32-BE31) -> 62 | BG32: 219.24 | BH32: =IF((BG32-BG31<0), "",(BG32-BG31)*1000) -> 50 | BI32: 275.6 | BJ32: =IF((BI32-BI31<0), "",(BI32-BI31)*1000) -> 60 | BK32: 223.48 | BL32: =IF((BK32-BK31<0), "",(BK32-BK31)*1000) -> 60 | BM32: 206.58 | BN32: =IF((BM32-BM31<0), "",(BM32-BM31)*1000) -> 50 | BO32: 270.26 | BP32: =IF((BO32-BO31<0), "",(BO32-BO31)*1000) -> 60 | BQ32: 33564 | BR32: =IF((BQ32-BQ31<0), "",BQ32-BQ31) -> 49 | BS32: 187.71 | BT32: =IF((BS32-BS31<0), "",(BS32-BS31)*1000) -> 50 | BU32: 24425 | BV32: =IF((BU32-BU31<0), "",BU32-BU31) -> 49 | BW32: 217.04 | BX32: =IF((BW32-BW31<0), "",(BW32-BW31)*1000) -> 50 | BY32: 40348 | BZ32: =IF((BY32-BY31<0), "",BY32-BY31) -> 78 | CA32: 24050.2 | CB32: =IF((CA32-CA31<0), "",CA32-CA31) -> 43.9 | CC32: 10217.4 | CD32: =IF((CC32-CC31<0), "",CC32-CC31) -> 18.3 | CE32: 4856.6 | CF32: =IF((CE32-CE31<0), "",CE32-CE31) -> 8.7 | CG32: 36380.1 | CH32: =IF((CG32-CG31<0), "",CG32-CG31) -> 69.9 | CI32: 814051 | CJ32: =IF((CI32-CI31<0), "",CI32-CI31) -> 332 | CK32: 488.4 | CL32: =IF((CK32-CK31<0), "",(CK32-CK31)*1000) -> 840 | CM32: 94 | CN32: 34 | CO32: 106
A33: 43829 | C33: 1.3886 | D33: =IF((C33-C32<0), "0",(C33-C32)*1000000) -> 3400 | E33: 2.3179 | F33: =IF((E33-E32<0), "0",(E33-E32)*1000000) -> 3600 | G33: 2.155 | H33: =IF((G33-G32<0), "0",(G33-G32)*1000000) -> 3300 | I33: 1004 | J33: =IF((I33-I32<0), "0",(I33-I32)*1000) -> 1600 | K33: 1.5464 | L33: =IF((K33-K32<0), "0",(K33-K32)*1000000) -> 3200 | M33: 969.36 | N33: =IF((M33-M32<0), "",(M33-M32)*1000) -> 1580 | O33: 10835 | P33: =IF((O33-O32<0), "",O33-O32) -> 22 | Q33: 4308 | R33: =IF((Q33-Q32<0), "",Q33-Q32) -> 8 | S33: 708037 | T33: =IF((S33-S32<0), "",S33-S32) -> 1435 | U33: 286547 | V33: =IF((U33-U32<0), "",U33-U32) -> 536 | W33: 279.81 | X33: =IF((W33-W32<0), "",(W33-W32)*1000) -> 500 | Y33: 2.0584 | Z33: =IF((Y33-Y32<0), "",(Y33-Y32)*1000000) -> 3200 | AA33: 277.81 | AB33: =IF((AA33-AA32<0), "",(AA33-AA32)*1000) -> 520 | AC33: 252.42 | AD33: =IF((AC33-AC32<0), "",(AC33-AC32)*1000) -> 260 | AE33: 372.95 | AF33: =IF((AE33-AE32<0), "",(AE33-AE32)*1000) -> 730 | AG33: 989.1 | AH33: =IF((AG33-AG32<0), "",AG33-AG32) -> 2 | AI33: 348.52 | AJ33: =IF((AI33-AI32<0), "",(AI33-AI32)*1000) -> 540 | AK33: 120.08 | AL33: =IF((AK33-AK32<0), "",AK33-AK32) -> 0.17 | AM33: 121.81 | AN33: =IF((AM33-AM32<0), "",AM33-AM32) -> 0.23 | AO33: 120.56 | AP33: =IF((AO33-AO32<0), "",AO33-AO32) -> 0.27 | AQ33: 195.89 | AR33: =IF((AQ33-AQ32<0), "",(AQ33-AQ32)*1000) -> 320 | AS33: 318.04 | AT33: =IF((AS33-AS32<0), "",(AS33-AS32)*1000) -> 320 | AU33: 244.08 | AV33: =IF((AU33-AU32<0), "",(AU33-AU32)*1000) -> 180 | AW33: 275.82 | AX33: =IF((AW33-AW32<0), "",(AW33-AW32)*1000) -> 250 | AY33: 328.06 | AZ33: =IF((AY33-AY32<0), "",(AY33-AY32)*1000) -> 60 | BA33: 347.32 | BB33: =IF((BA33-BA32<0), "",(BA33-BA32)*1000) -> 320 | BC33: 198.5 | BD33: =IF((BC33-BC32<0), "",(BC33-BC32)*1000) -> 230 | BE33: 22034 | BF33: =IF((BE33-BE32<0), "",BE33-BE32) -> 49 | BG33: 219.27 | BH33: =IF((BG33-BG32<0), "",(BG33-BG32)*1000) -> 30 | BI33: 275.64 | BJ33: =IF((BI33-BI32<0), "",(BI33-BI32)*1000) -> 40 | BK33: 223.53 | BL33: =IF((BK33-BK32<0), "",(BK33-BK32)*1000) -> 50 | BM33: 206.62 | BN33: =IF((BM33-BM32<0), "",(BM33-BM32)*1000) -> 40 | BO33: 270.3 | BP33: =IF((BO33-BO32<0), "",(BO33-BO32)*1000) -> 40 | BQ33: 33594 | BR33: =IF((BQ33-BQ32<0), "",BQ33-BQ32) -> 30 | BS33: 187.75 | BT33: =IF((BS33-BS32<0), "",(BS33-BS32)*1000) -> 40 | BU33: 24458 | BV33: =IF((BU33-BU32<0), "",BU33-BU32) -> 33 | BW33: 217.09 | BX33: =IF((BW33-BW32<0), "",(BW33-BW32)*1000) -> 50 | BY33: 40404 | BZ33: =IF((BY33-BY32<0), "",BY33-BY32) -> 56 | CA33: 24074.2 | CB33: =IF((CA33-CA32<0), "",CA33-CA32) -> 24 | CC33: 10217.4 | CD33: =IF((CC33-CC32<0), "",CC33-CC32) -> 0 | CE33: 4863.4 | CF33: =IF((CE33-CE32<0), "",CE33-CE32) -> 6.8 | CG33: 36441.8 | CH33: =IF((CG33-CG32<0), "",CG33-CG32) -> 61.7 | CI33: 814390 | CJ33: =IF((CI33-CI32<0), "",CI33-CI32) -> 339 | CK33: 489.11 | CL33: =IF((CK33-CK32<0), "",(CK33-CK32)*1000) -> 710 | CM33: 110 | CN33: 38 | CO33: 119
A34: 43830 | C34: 1.3921 | D34: =IF((C34-C33<0), "0",(C34-C33)*1000000) -> 3500 | E34: 2.3219 | F34: =IF((E34-E33<0), "0",(E34-E33)*1000000) -> 4000 | G34: 2.1587 | H34: =IF((G34-G33<0), "0",(G34-G33)*1000000) -> 3700 | I34: 1005.7 | J34: =IF((I34-I33<0), "0",(I34-I33)*1000) -> 1700 | K34: 1.5496 | L34: =IF((K34-K33<0), "0",(K34-K33)*1000000) -> 3200 | M34: 970.95 | N34: =IF((M34-M33<0), "",(M34-M33)*1000) -> 1590 | O34: 10857 | P34: =IF((O34-O33<0), "",O34-O33) -> 22 | Q34: 4317 | R34: =IF((Q34-Q33<0), "",Q34-Q33) -> 9 | S34: 709280 | T34: =IF((S34-S33<0), "",S34-S33) -> 1243 | U34: 287080 | V34: =IF((U34-U33<0), "",U34-U33) -> 533 | W34: 280.32 | X34: =IF((W34-W33<0), "",(W34-W33)*1000) -> 510 | Y34: 2.0621 | Z34: =IF((Y34-Y33<0), "",(Y34-Y33)*1000000) -> 3700 | AA34: 278.31 | AB34: =IF((AA34-AA33<0), "",(AA34-AA33)*1000) -> 500 | AC34: 252.73 | AD34: =IF((AC34-AC33<0), "",(AC34-AC33)*1000) -> 310 | AE34: 373.77 | AF34: =IF((AE34-AE33<0), "",(AE34-AE33)*1000) -> 820 | AG34: 991.1 | AH34: =IF((AG34-AG33<0), "",AG34-AG33) -> 2 | AI34: 349.18 | AJ34: =IF((AI34-AI33<0), "",(AI34-AI33)*1000) -> 660 | AK34: 120.26 | AL34: =IF((AK34-AK33<0), "",AK34-AK33) -> 0.18 | AM34: 122.05 | AN34: =IF((AM34-AM33<0), "",AM34-AM33) -> 0.24 | AO34: 120.87 | AP34: =IF((AO34-AO33<0), "",AO34-AO33) -> 0.31 | AQ34: 196.19 | AR34: =IF((AQ34-AQ33<0), "",(AQ34-AQ33)*1000) -> 300 | AS34: 318.34 | AT34: =IF((AS34-AS33<0), "",(AS34-AS33)*1000) -> 300 | AU34: 244.25 | AV34: =IF((AU34-AU33<0), "",(AU34-AU33)*1000) -> 170 | AW34: 276.08 | AX34: =IF((AW34-AW33<0), "",(AW34-AW33)*1000) -> 260 | AY34: 328.12 | AZ34: =IF((AY34-AY33<0), "",(AY34-AY33)*1000) -> 60 | BA34: 347.64 | BB34: =IF((BA34-BA33<0), "",(BA34-BA33)*1000) -> 320 | BC34: 198.74 | BD34: =IF((BC34-BC33<0), "",(BC34-BC33)*1000) -> 240 | BE34: 22103 | BF34: =IF((BE34-BE33<0), "",BE34-BE33) -> 69 | BG34: 219.3 | BH34: =IF((BG34-BG33<0), "",(BG34-BG33)*1000) -> 30 | BI34: 275.68 | BJ34: =IF((BI34-BI33<0), "",(BI34-BI33)*1000) -> 40 | BK34: 223.58 | BL34: =IF((BK34-BK33<0), "",(BK34-BK33)*1000) -> 50 | BM34: 206.66 | BN34: =IF((BM34-BM33<0), "",(BM34-BM33)*1000) -> 40 | BO34: 270.35 | BP34: =IF((BO34-BO33<0), "",(BO34-BO33)*1000) -> 50 | BQ34: 33624 | BR34: =IF((BQ34-BQ33<0), "",BQ34-BQ33) -> 30 | BS34: 187.8 | BT34: =IF((BS34-BS33<0), "",(BS34-BS33)*1000) -> 50 | BU34: 24490 | BV34: =IF((BU34-BU33<0), "",BU34-BU33) -> 32 | BW34: 217.13 | BX34: =IF((BW34-BW33<0), "",(BW34-BW33)*1000) -> 40 | BY34: 40465 | BZ34: =IF((BY34-BY33<0), "",BY34-BY33) -> 61 | CA34: 24112.2 | CB34: =IF((CA34-CA33<0), "",CA34-CA33) -> 38 | CC34: 10262.5 | CD34: =IF((CC34-CC33<0), "",CC34-CC33) -> 45.1 | CE34: 4867.2 | CF34: =IF((CE34-CE33<0), "",CE34-CE33) -> 3.8 | CG34: 36508.2 | CH34: =IF((CG34-CG33<0), "",CG34-CG33) -> 66.4 | CI34: 814763 | CJ34: =IF((CI34-CI33<0), "",CI34-CI33) -> 373 | CK34: 489.93 | CL34: =IF((CK34-CK33<0), "",(CK34-CK33)*1000) -> 820 | CM34: 104.3 | CN34: 38 | CO34: 104
P35: =SUM(P4:P33) -> 573 | R35: =SUM(R4:R33) -> 228 | AX35: =IF((AW35-AW34<0), "",(AW35-AW34)*1000) | BF35: =SUM(BF4:BF33) -> 1437 | BJ35: =IF((BI35-BI34<0), "",(BI35-BI34)*1000) | BL35: =IF((BK35-BK34<0), "",(BK35-BK34)*1000) | BT35: =IF((BS35-BS34<0), "",(BS35-BS34)*1000) | BV35: =IF((BU35-BU34<0), "",BU35-BU34)
AX36: =IF((AW36-AW35<0), "",(AW36-AW35)*1000) -> 0
AX37: =IF((AW37-AW36<0), "",(AW37-AW36)*1000) -> 0

Sheet LPG
A3: LPG CONSUMPTION | K3: Tank capacity ( L): | N3: 500
A4: Date | B4: Occ % | C4: Occ villas | D4: Num of gst | E4: Main Kitchen | K4: Lighthouse | N4: Canteen
E5: Meter 1 (9598630) | G5: Meter 2 (9598611) | I5: Meter 3 (9249533) | K5: Meter 1 (9598653) | N5: Meter 1 (9249524)
E6: Tk 1% | F6: Mᶾ | G6: Tk2 % | H6: Mᶾ | I6: Tk 3% | J6: Mᶾ | K6: Tk1 % | L6: Tk2 % | M6: Mᶾ | N6: Tk 1% | O6: Tk2 % | P6: Tk 3% | Q6: Mᶾ
A8: 43799 | B8: 20 | C8: 21 | D8: 42 | E8: 10 | F8: 3878 | G8: 0 | H8: 1144 | I8: 85 | J8: 201 | K8: 25 | L8: 85 | M8: 882 | N8: 30 | O8: 85 | P8: 80 | Q8: 1919
A9: 43800 | B9: 24 | C9: 24 | D9: 46 | E9: 0 | F9: 3884 | G9: 0 | H9: 1145 | I9: 85 | J9: 202 | K9: 25 | L9: 85 | M9: 884 | N9: 25 | O9: 85 | P9: 80 | Q9: 1921
A10: 43801 | B10: 21 | C10: 22 | D10: 42 | E10: 0 | F10: 3892 | G10: 0 | H10: 1147 | I10: 75 | J10: 202 | K10: 20 | L10: 85 | M10: 885 | N10: 20 | O10: 85 | P10: 80 | Q10: 1925
A11: 43802 | B11: 20 | C11: 19 | D11: 37 | E11: 0 | F11: 3899 | G11: 0 | H11: 1149 | I11: 70 | J11: 202 | K11: 20 | L11: 85 | M11: 885 | N11: 20 | O11: 85 | P11: 80 | Q11: 1928
A12: 43803 | B12: 17 | C12: 17 | D12: 35 | E12: 0 | F12: 3907 | G12: 0 | H12: 1151 | I12: 70 | J12: 202 | K12: 19 | L12: 85 | M12: 887 | N12: 20 | O12: 85 | P12: 80 | Q12: 1930
A13: 43804 | B13: 4 | C13: 9 | D13: 18 | E13: 0 | F13: 3914 | G13: 0 | H13: 1153 | I13: 45 | J13: 202 | K13: 19 | L13: 85 | M13: 887 | N13: 19 | O13: 85 | P13: 80 | Q13: 1934
A14: 43805 | B14: 7 | C14: 10 | D14: 20 | E14: 0 | F14: 3919 | G14: 0 | H14: 1155 | I14: 35 | J14: 202 | K14: 19 | L14: 85 | M14: 889 | N14: 15 | O14: 85 | P14: 80 | Q14: 1936
A15: 43806 | B15: 3 | C15: 13 | D15: 21 | E15: 0 | F15: 3925 | G15: 0 | H15: 1156 | I15: 25 | J15: 203 | K15: 19 | L15: 85 | M15: 889 | N15: 10 | O15: 85 | P15: 80 | Q15: 1940
A16: 43807 | B16: 3 | C16: 13 | D16: 20 | E16: 0 | F16: 3932 | G16: 0 | H16: 1157 | I16: 20 | J16: 203 | K16: 15 | L16: 85 | M16: 892 | N16: 5 | O16: 85 | P16: 80 | Q16: 1944
A17: 43808 | B17: 15 | C17: 34 | D17: 46 | E17: 0 | F17: 3937 | G17: 85 | H17: 1159 | I17: 10 | J17: 204 | K17: 15 | L17: 85 | M17: 894 | N17: 0 | O17: 85 | P17: 80 | Q17: 1947
A18: 43809 | B18: 17 | C18: 20 | D18: 40 | E18: 0 | F18: 3944 | G18: 75 | H18: 1161 | I18: 10 | J18: 205 | K18: 15 | L18: 85 | M18: 894 | N18: 0 | O18: 85 | P18: 80 | Q18: 1949
A19: 43810 | B19: 21 | C19: 25 | D19: 51 | E19: 0 | F19: 3950 | G19: 62 | H19: 1163 | I19: 10 | J19: 206 | K19: 10 | L19: 85 | M19: 897 | N19: 0 | O19: 80 | P19: 80 | Q19: 1953
... A39: 43830 | B39: 58 | C39: 38 | D39: 104 | E39: 3 | F39: 4122 | G39: 0 | H39: 1205 | I39: 85 | J39: 225 | K39: 0 | L39: 40 | M39: 956 | N39: 0 | O39: 10 | P39: 80 | Q39: 2016
