Workbook

Sheet TOTAL
A1: Site Name | B1: Day | C1: Month | D1: Year | E1: Total Electricity Kwh | F1: Electricity Tariff ($/Kwh) | G1: LPG (Kg) | H1: LPG $/Kg | I1: District Energy Heating Kwh | J1: District Energy Heating $/Kwh | K1: Water Utility Supply (m3) m3 | L1: Water Utility Supply (m3) $/m3 | M1: Room Nights | N1: Total Guests | O1: Utilities day cost dh
A2: Marrakech | B2: 1 | C2: 6 | D2: 2020 | E2: ='Consommation du 01.06 au 30.06'!M10 -> 2783 | F2: 0.99 | G2: ='Consommation du 01.06 au 30.06'!U10 -> 0 | H2: 7.8338 | I2: ='Consommation du 01.06 au 30.06'!Y10*1000 -> 0 | J2: 0.53 | K2: ='Consommation du 01.06 au 30.06'!D10 -> 60 | L2: 12.67 | M2: ='Consommation du 01.06 au 30.06'!AC10 -> 0 | N2: 0 | O2: =E2*F2+G2*H2+I2*J2+K2*L2 -> 3515.37
A3: Marrakech | B3: =B2+1 -> 2 | C3: 6 | D3: 2020 | E3: ='Consommation du 01.06 au 30.06'!M11 -> 2799 | F3: 0.99 | G3: ='Consommation du 01.06 au 30.06'!U11 -> 0 | H3: 7.8338 | I3: ='Consommation du 01.06 au 30.06'!Y11*1000 -> 0 | J3: 0.53 | K3: ='Consommation du 01.06 au 30.06'!D11 -> 60 | L3: 12.67 | M3: ='Consommation du 01.06 au 30.06'!AC11 -> 0 | N3: 0 | O3: =E3*F3+G3*H3+I3*J3+K3*L3 -> 3531.21
A4: Marrakech | B4: =B3+1 -> 3 | C4: 6 | D4: 2020 | E4: ='Consommation du 01.06 au 30.06'!M12 -> 2602 | F4: 0.99 | G4: ='Consommation du 01.06 au 30.06'!U12 -> 0 | H4: 7.8338 | I4: ='Consommation du 01.06 au 30.06'!Y12*1000 -> 0 | J4: 0.53 | K4: ='Consommation du 01.06 au 30.06'!D12 -> 70 | L4: 12.67 | M4: ='Consommation du 01.06 au 30.06'!AC12 -> 0 | N4: 0 | O4: =E4*F4+G4*H4+I4*J4+K4*L4 -> 3462.88
A5: Marrakech | B5: =B4+1 -> 4 | C5: 6 | D5: 2020 | E5: ='Consommation du 01.06 au 30.06'!M13 -> 2870 | F5: 0.99 | G5: ='Consommation du 01.06 au 30.06'!U13 -> 37.1 | H5: 7.8338 | I5: ='Consommation du 01.06 au 30.06'!Y13*1000 -> 0 | J5: 0.53 | K5: ='Consommation du 01.06 au 30.06'!D13 -> 60 | L5: 12.67 | M5: ='Consommation du 01.06 au 30.06'!AC13 -> 0 | N5: 0 | O5: =E5*F5+G5*H5+I5*J5+K5*L5 -> 3892.134
A6: Marrakech | B6: =B5+1 -> 5 | C6: 6 | D6: 2020 | E6: ='Consommation du 01.06 au 30.06'!M14 -> 2906 | F6: 0.99 | G6: ='Consommation du 01.06 au 30.06'!U14 -> 0 | H6: 7.8338 | I6: ='Consommation du 01.06 au 30.06'!Y14*1000 -> 0 | J6: 0.53 | K6: ='Consommation du 01.06 au 30.06'!D14 -> 60 | L6: 12.67 | M6: ='Consommation du 01.06 au 30.06'!AC14 -> 0 | N6: 0 | O6: =E6*F6+G6*H6+I6*J6+K6*L6 -> 3637.14
A7: Marrakech | B7: =B6+1 -> 6 | C7: 6 | D7: 2020 | E7: ='Consommation du 01.06 au 30.06'!M15 -> 2866 | F7: 0.99 | G7: ='Consommation du 01.06 au 30.06'!U15 -> 0 | H7: 7.8338 | I7: ='Consommation du 01.06 au 30.06'!Y15*1000 -> 0 | J7: 0.53 | K7: ='Consommation du 01.06 au 30.06'!D15 -> 60 | L7: 12.67 | M7: ='Consommation du 01.06 au 30.06'!AC15 -> 0 | N7: 0 | O7: =E7*F7+G7*H7+I7*J7+K7*L7 -> 3597.54
A8: Marrakech | B8: =B7+1 -> 7 | C8: 6 | D8: 2020 | E8: ='Consommation du 01.06 au 30.06'!M16 -> 2820 | F8: 0.99 | G8: ='Consommation du 01.06 au 30.06'!U16 -> 0 | H8: 7.8338 | I8: ='Consommation du 01.06 au 30.06'!Y16*1000 -> 0 | J8: 0.53 | K8: ='Consommation du 01.06 au 30.06'!D16 -> 50 | L8: 12.67 | M8: ='Consommation du 01.06 au 30.06'!AC16 -> 0 | N8: 0 | O8: =E8*F8+G8*H8+I8*J8+K8*L8 -> 3425.3
A9: Marrakech | B9: =B8+1 -> 8 | C9: 6 | D9: 2020 | E9: ='Consommation du 01.06 au 30.06'!M17 -> 5924 | F9: 0.99 | G9: ='Consommation du 01.06 au 30.06'!U17 -> 0 | H9: 7.8338 | I9: ='Consommation du 01.06 au 30.06'!Y17*1000 -> 0 | J9: 0.53 | K9: ='Consommation du 01.06 au 30.06'!D17 -> 90 | L9: 12.67 | M9: ='Consommation du 01.06 au 30.06'!AC17 -> 0 | N9: 0 | O9: =E9*F9+G9*H9+I9*J9+K9*L9 -> 7005.06
A10: Marrakech | B10: =B9+1 -> 9 | C10: 6 | D10: 2020 | E10: ='Consommation du 01.06 au 30.06'!M18 -> 2942 | F10: 0.99 | G10: ='Consommation du 01.06 au 30.06'!U18 -> 0 | H10: 7.8338 | I10: ='Consommation du 01.06 au 30.06'!Y18*1000 -> 0 | J10: 0.53 | K10: ='Consommation du 01.06 au 30.06'!D18 -> 60 | L10: 12.67 | M10: ='Consommation du 01.06 au 30.06'!AC18 -> 0 | N10: 0 | O10: =E10*F10+G10*H10+I10*J10+K10*L10 -> 3672.78
A11: Marrakech | B11: =B10+1 -> 10 | C11: 6 | D11: 2020 | E11: ='Consommation du 01.06 au 30.06'!M19 -> 2782 | F11: 0.99 | G11: ='Consommation du 01.06 au 30.06'!U19 -> 0 | H11: 7.8338 | I11: ='Consommation du 01.06 au 30.06'!Y19*1000 -> 0 | J11: 0.53 | K11: ='Consommation du 01.06 au 30.06'!D19 -> 60 | L11: 12.67 | M11: ='Consommation du 01.06 au 30.06'!AC19 -> 0 | N11: 0 | O11: =E11*F11+G11*H11+I11*J11+K11*L11 -> 3514.38
A12: Marrakech | B12: =B11+1 -> 11 | C12: 6 | D12: 2020 | E12: ='Consommation du 01.06 au 30.06'!M20 -> 2911 | F12: 0.99 | G12: ='Consommation du 01.06 au 30.06'!U20 -> 0 | H12: 7.8338 | I12: ='Consommation du 01.06 au 30.06'!Y20*1000 -> 0 | J12: 0.53 | K12: ='Consommation du 01.06 au 30.06'!D20 -> 60 | L12: 12.67 | M12: ='Consommation du 01.06 au 30.06'!AC20 -> 0 | N12: 0 | O12: =E12*F12+G12*H12+I12*J12+K12*L12 -> 3642.09
A13: Marrakech | B13: =B12+1 -> 12 | C13: 6 | D13: 2020 | E13: ='Consommation du 01.06 au 30.06'!M21 -> 2824 | F13: 0.99 | G13: ='Consommation du 01.06 au 30.06'!U21 -> 0 | H13: 7.8338 | I13: ='Consommation du 01.06 au 30.06'!Y21*1000 -> 0 | J13: 0.53 | K13: ='Consommation du 01.06 au 30.06'!D21 -> 60 | L13: 12.67 | M13: ='Consommation du 01.06 au 30.06'!AC21 -> 0 | N13: 0 | O13: =E13*F13+G13*H13+I13*J13+K13*L13 -> 3555.96
A14: Marrakech | B14: =B13+1 -> 13 | C14: 6 | D14: 2020 | E14: ='Consommation du 01.06 au 30.06'!M22 -> 2818 | F14: 0.99 | G14: ='Consommation du 01.06 au 30.06'!U22 -> 0 | H14: 7.8338 | I14: ='Consommation du 01.06 au 30.06'!Y22*1000 -> 0 | J14: 0.53 | K14: ='Consommation du 01.06 au 30.06'!D22 -> 60 | L14: 12.67 | M14: ='Consommation du 01.06 au 30.06'!AC22 -> 0 | N14: 0 | O14: =E14*F14+G14*H14+I14*J14+K14*L14 -> 3550.02
... A21: Marrakech | B21: =B20+1 -> 20 | C21: 6 | D21: 2020 | E21: ='Consommation du 01.06 au 30.06'!M29 -> 2895 | F21: 0.99 | G21: ='Consommation du 01.06 au 30.06'!U29 -> 0 | H21: 7.8338 | I21: ='Consommation du 01.06 au 30.06'!Y29*1000 -> 0 | J21: 0.53 | K21: ='Consommation du 01.06 au 30.06'!D29 -> 70 | L21: 12.67 | M21: ='Consommation du 01.06 au 30.06'!AC29 -> 0 | N21: 0 | O21: =E21*F21+G21*H21+I21*J21+K21*L21 -> 3752.95
A22: Marrakech | B22: =B21+1 -> 21 | C22: 6 | D22: 2020 | E22: ='Consommation du 01.06 au 30.06'!M30 -> 2911 | F22: 0.99 | G22: ='Consommation du 01.06 au 30.06'!U30 -> 0 | H22: 7.8338 | I22: ='Consommation du 01.06 au 30.06'!Y30*1000 -> 0 | J22: 0.53 | K22: ='Consommation du 01.06 au 30.06'!D30 -> 50 | L22: 12.67 | M22: ='Consommation du 01.06 au 30.06'!AC30 -> 0 | O22: =E22*F22+G22*H22+I22*J22+K22*L22 -> 3515.39
A23: Marrakech | B23: =B22+1 -> 22 | C23: 6 | D23: 2020 | E23: ='Consommation du 01.06 au 30.06'!M31 -> 0 | F23: 0.99 | G23: ='Consommation du 01.06 au 30.06'!U31 -> 0 | H23: 7.8338 | I23: ='Consommation du 01.06 au 30.06'!Y31*1000 -> 0 | J23: 0.53 | K23: ='Consommation du 01.06 au 30.06'!D31 -> 0 | L23: 12.67 | M23: ='Consommation du 01.06 au 30.06'!AC31 -> 0 | O23: =E23*F23+G23*H23+I23*J23+K23*L23 -> 0
A24: Marrakech | B24: =B23+1 -> 23 | C24: 6 | D24: 2020 | E24: ='Consommation du 01.06 au 30.06'!M32 -> 0 | F24: 0.99 | G24: ='Consommation du 01.06 au 30.06'!U32 -> 0 | H24: 7.8338 | I24: ='Consommation du 01.06 au 30.06'!Y32*1000 -> 0 | J24: 0.53 | K24: ='Consommation du 01.06 au 30.06'!D32 -> 0 | L24: 12.67 | M24: ='Consommation du 01.06 au 30.06'!AC32 -> 0 | O24: =E24*F24+G24*H24+I24*J24+K24*L24 -> 0
A25: Marrakech | B25: =B24+1 -> 24 | C25: 6 | D25: 2020 | E25: ='Consommation du 01.06 au 30.06'!M33 -> 0 | F25: 0.99 | G25: ='Consommation du 01.06 au 30.06'!U33 -> 0 | H25: 7.8338 | I25: ='Consommation du 01.06 au 30.06'!Y33*1000 -> 0 | J25: 0.53 | K25: ='Consommation du 01.06 au 30.06'!D33 -> 0 | L25: 12.67 | M25: ='Consommation du 01.06 au 30.06'!AC33 -> 0 | O25: =E25*F25+G25*H25+I25*J25+K25*L25 -> 0
A26: Marrakech | B26: =B25+1 -> 25 | C26: 6 | D26: 2020 | E26: ='Consommation du 01.06 au 30.06'!M34 -> 0 | F26: 0.99 | G26: ='Consommation du 01.06 au 30.06'!U34 -> 0 | H26: 7.8338 | I26: ='Consommation du 01.06 au 30.06'!Y34*1000 -> 0 | J26: 0.53 | K26: ='Consommation du 01.06 au 30.06'!D34 -> 0 | L26: 12.67 | M26: ='Consommation du 01.06 au 30.06'!AC34 -> 0 | O26: =E26*F26+G26*H26+I26*J26+K26*L26 -> 0
A27: Marrakech | B27: =B26+1 -> 26 | C27: 6 | D27: 2020 | E27: ='Consommation du 01.06 au 30.06'!M35 -> 0 | F27: 0.99 | G27: ='Consommation du 01.06 au 30.06'!U35 -> 0 | H27: 7.8338 | I27: ='Consommation du 01.06 au 30.06'!Y35*1000 -> 0 | J27: 0.53 | K27: ='Consommation du 01.06 au 30.06'!D35 -> 0 | L27: 12.67 | M27: ='Consommation du 01.06 au 30.06'!AC35 -> 0 | O27: =E27*F27+G27*H27+I27*J27+K27*L27 -> 0
A28: Marrakech | B28: =B27+1 -> 27 | C28: 6 | D28: 2020 | E28: ='Consommation du 01.06 au 30.06'!M36 -> 0 | F28: 0.99 | G28: ='Consommation du 01.06 au 30.06'!U36 -> 0 | H28: 7.8338 | I28: ='Consommation du 01.06 au 30.06'!Y36*1000 -> 0 | J28: 0.53 | K28: ='Consommation du 01.06 au 30.06'!D36 -> 0 | L28: 12.67 | M28: ='Consommation du 01.06 au 30.06'!AC36 -> 0 | O28: =E28*F28+G28*H28+I28*J28+K28*L28 -> 0
A29: Marrakech | B29: =B28+1 -> 28 | C29: 6 | D29: 2020 | E29: ='Consommation du 01.06 au 30.06'!M37 -> 0 | F29: 0.99 | G29: ='Consommation du 01.06 au 30.06'!U37 -> 0 | H29: 7.8338 | I29: ='Consommation du 01.06 au 30.06'!Y37*1000 -> 0 | J29: 0.53 | K29: ='Consommation du 01.06 au 30.06'!D37 -> 0 | L29: 12.67 | M29: ='Consommation du 01.06 au 30.06'!AC37 -> 0 | O29: =E29*F29+G29*H29+I29*J29+K29*L29 -> 0
A30: Marrakech | B30: =B29+1 -> 29 | C30: 6 | D30: 2020 | E30: ='Consommation du 01.06 au 30.06'!M38 -> 0 | F30: 0.99 | G30: ='Consommation du 01.06 au 30.06'!U38 -> 0 | H30: 7.8338 | I30: ='Consommation du 01.06 au 30.06'!Y38*1000 -> 0 | J30: 0.53 | K30: ='Consommation du 01.06 au 30.06'!D38 -> 0 | L30: 12.67 | M30: ='Consommation du 01.06 au 30.06'!AC38 -> 0 | O30: =E30*F30+G30*H30+I30*J30+K30*L30 -> 0
A31: Marrakech | B31: =B30+1 -> 30 | C31: 6 | D31: 2020 | E31: ='Consommation du 01.06 au 30.06'!M39 -> 0 | F31: 0.99 | G31: ='Consommation du 01.06 au 30.06'!U39 -> 0 | H31: 7.8338 | I31: ='Consommation du 01.06 au 30.06'!Y39*1000 -> 0 | J31: 0.53 | K31: ='Consommation du 01.06 au 30.06'!D39 -> 0 | L31: 12.67 | M31: ='Consommation du 01.06 au 30.06'!AC39 -> 0 | O31: =E31*F31+G31*H31+I31*J31+K31*L31 -> 0
O32: =SUM(O2:O31) -> 79277.164

Sheet Consommation du 01.06 au 30.06
B8: Date | D8: Cons Eau/Hotel | F8: Consommation du jour en DH | M8: total | O8: Consommation du jour en DH | Q8: Cons Elec/Villa | S8: Cons Elec/RIAD | U8: GAZ en Kg | W8: Consommation du jour en DH | X8: Compteur AVEO Mwh | Y8: consommation eau choud en Mwh | Z8: consommation du jour en DH | AB8: Température moyenne du jour °C | AC8: Total Occupation | AD8: % Occupation | AE8: Température Piscine Adulte à 7h00 °C | AF8: Température Piscine Adulte à 15h00 °C | AG8: Température Piscine famille à 07h00 ° C | AH8: Température Piscine famille à 15h00 ° C
J9: creuse 81 | K9: pleine 82 | L9: pointe 83 | AJ9: Consommation totale du jour | AK9: Consommation/Chambre
B10: 43983 | D10: ='Suivi EAU-ELEC'!C16 -> 60 | F10: =D10*12.67 -> 760.2 | J10: ='Suivi EAU-ELEC'!E16 -> 896 | K10: ='Suivi EAU-ELEC'!G16 -> 1319 | L10: ='Suivi EAU-ELEC'!I16 -> 568 | M10: =L10+K10+J10 -> 2783 | O10: =J10*0.99+K10*0.99+L10*0.99 -> 2755.17 | U10: ='Suivi Gaz'!O11 -> 0 | W10: =U10*7.8338 -> 0 | X10: 17028.32 | Y10: =IF(X11<X10,0,X11-X10) -> 0 | Z10: =Y10*0.53*1000 -> 0 | AB10: 28 | AC10: 0 | AD10: 0 | AE10: ar | AF10: ar | AG10: ar | AH10: ar | AJ10: =(F10+O10+W10+Z10) -> 3515.37 | AK10: =AJ10/AC10 -> #DIV/0!
B11: =(B10+1) -> 43984 | D11: ='Suivi EAU-ELEC'!C17 -> 60 | F11: =D11*12.67 -> 760.2 | J11: ='Suivi EAU-ELEC'!E17 -> 980 | K11: ='Suivi EAU-ELEC'!G17 -> 1309 | L11: ='Suivi EAU-ELEC'!I17 -> 510 | M11: =L11+K11+J11 -> 2799 | O11: =J11*0.99+K11*0.99+L11*0.99 -> 2771.01 | U11: ='Suivi Gaz'!O12 -> 0 | W11: =U11*7.8338 -> 0 | X11: 17028.32 | Y11: =IF(X12<X11,0,X12-X11) -> 0 | Z11: =Y11*0.53*1000 -> 0 | AB11: 31 | AC11: 0 | AD11: 0 | AE11: ar | AF11: ar | AG11: ar | AH11: ar | AJ11: =(F11+O11+W11+Z11) -> 3531.21 | AK11: =AJ11/AC11 -> #DIV/0!
B12: =(B11+1) -> 43985 | D12: ='Suivi EAU-ELEC'!C18 -> 70 | F12: =D12*12.67 -> 886.9 | J12: ='Suivi EAU-ELEC'!E18 -> 681 | K12: ='Suivi EAU-ELEC'!G18 -> 1363 | L12: ='Suivi EAU-ELEC'!I18 -> 558 | M12: =L12+K12+J12 -> 2602 | O12: =J12*0.99+K12*0.99+L12*0.99 -> 2575.98 | U12: ='Suivi Gaz'!O13 -> 0 | W12: =U12*7.8338 -> 0 | X12: 17028.32 | Y12: =IF(X13<X12,0,X13-X12) -> 0 | Z12: =Y12*0.53*1000 -> 0 | AB12: 30 | AC12: 0 | AD12: 0 | AE12: ar | AF12: ar | AG12: ar | AH12: ar | AJ12: =(F12+O12+W12+Z12) -> 3462.88 | AK12: =AJ12/AC12 -> #DIV/0!
B13: =(B12+1) -> 43986 | D13: ='Suivi EAU-ELEC'!C19 -> 60 | F13: =D13*12.67 -> 760.2 | J13: ='Suivi EAU-ELEC'!E19 -> 989 | K13: ='Suivi EAU-ELEC'!G19 -> 1316 | L13: ='Suivi EAU-ELEC'!I19 -> 565 | M13: =L13+K13+J13 -> 2870 | O13: =J13*0.99+K13*0.99+L13*0.99 -> 2841.3 | U13: ='Suivi Gaz'!O14 -> 37.1 | W13: =U13*7.8338 -> 290.63398 | X13: 17028.32 | Y13: =IF(X14<X13,0,X14-X13) -> 0 | Z13: =Y13*0.53*1000 -> 0 | AB13: 28 | AC13: 0 | AD13: 0 | AE13: ar | AF13: ar | AG13: ar | AH13: ar | AJ13: =(F13+O13+W13+Z13) -> 3892.134 | AK13: =AJ13/AC13 -> #DIV/0!
B14: =(B13+1) -> 43987 | D14: ='Suivi EAU-ELEC'!C20 -> 60 | F14: =D14*12.67 -> 760.2 | J14: ='Suivi EAU-ELEC'!E20 -> 973 | K14: ='Suivi EAU-ELEC'!G20 -> 1369 | L14: ='Suivi EAU-ELEC'!I20 -> 564 | M14: =L14+K14+J14 -> 2906 | O14: =J14*0.99+K14*0.99+L14*0.99 -> 2876.94 | U14: ='Suivi Gaz'!O15 -> 0 | W14: =U14*7.8338 -> 0 | X14: 17028.32 | Y14: =IF(X15<X14,0,X15-X14) -> 0 | Z14: =Y14*0.53*1000 -> 0 | AB14: 32 | AC14: 0 | AD14: 0 | AE14: ar | AF14: ar | AG14: ar | AH14: ar | AJ14: =(F14+O14+W14+Z14) -> 3637.14 | AK14: =AJ14/AC14 -> #DIV/0!
B15: =(B14+1) -> 43988 | D15: ='Suivi EAU-ELEC'!C21 -> 60 | F15: =D15*12.67 -> 760.2 | J15: ='Suivi EAU-ELEC'!E21 -> 936 | K15: ='Suivi EAU-ELEC'!G21 -> 1331 | L15: ='Suivi EAU-ELEC'!I21 -> 599 | M15: =L15+K15+J15 -> 2866 | O15: =J15*0.99+K15*0.99+L15*0.99 -> 2837.34 | U15: ='Suivi Gaz'!O16 -> 0 | W15: =U15*7.8338 -> 0 | X15: 17028.32 | Y15: =IF(X16<X15,0,X16-X15) -> 0 | Z15: =Y15*0.53*1000 -> 0 | AB15: 28 | AC15: 0 | AD15: 0 | AE15: ar | AF15: ar | AG15: ar | AH15: ar | AJ15: =(F15+O15+W15+Z15) -> 3597.54 | AK15: =AJ15/AC15 -> #DIV/0!
B16: =(B15+1) -> 43989 | D16: ='Suivi EAU-ELEC'!C22 -> 50 | F16: =D16*12.67 -> 633.5 | J16: ='Suivi EAU-ELEC'!E22 -> 907 | K16: ='Suivi EAU-ELEC'!G22 -> 1336 | L16: ='Suivi EAU-ELEC'!I22 -> 577 | M16: =L16+K16+J16 -> 2820 | O16: =J16*0.99+K16*0.99+L16*0.99 -> 2791.8 | U16: ='Suivi Gaz'!O17 -> 0 | W16: =U16*7.8338 -> 0 | X16: 17028.32 | Y16: =IF(X17<X16,0,X17-X16) -> 0 | Z16: =Y16*0.53*1000 -> 0 | AB16: 27 | AC16: 0 | AD16: 0 | AE16: ar | AF16: ar | AG16: ar | AH16: ar | AJ16: =(F16+O16+W16+Z16) -> 3425.3 | AK16: =AJ16/AC16 -> #DIV/0!
B17: =(B16+1) -> 43990 | D17: ='Suivi EAU-ELEC'!C23 -> 90 | F17: =D17*12.67 -> 1140.3 | J17: ='Suivi EAU-ELEC'!E23 -> 1856 | K17: ='Suivi EAU-ELEC'!G23 -> 2802 | L17: ='Suivi EAU-ELEC'!I23 -> 1266 | M17: =L17+K17+J17 -> 5924 | O17: =J17*0.99+K17*0.99+L17*0.99 -> 5864.76 | U17: ='Suivi Gaz'!O18 -> 0 | W17: =U17*7.8338 -> 0 | X17: 17028.32 | Y17: =IF(X18<X17,0,X18-X17) -> 0 | Z17: =Y17*0.53*1000 -> 0 | AB17: 26 | AC17: 0 | AD17: 0 | AE17: ar | AF17: ar | AG17: ar | AH17: ar | AJ17: =(F17+O17+W17+Z17) -> 7005.06 | AK17: =AJ17/AC17 -> #DIV/0!
B18: =(B17+1) -> 43991 | D18: ='Suivi EAU-ELEC'!C24 -> 60 | F18: =D18*12.67 -> 760.2 | J18: ='Suivi EAU-ELEC'!E24 -> 843 | K18: ='Suivi EAU-ELEC'!G24 -> 1511 | L18: ='Suivi EAU-ELEC'!I24 -> 588 | M18: =L18+K18+J18 -> 2942 | O18: =J18*0.99+K18*0.99+L18*0.99 -> 2912.58 | U18: ='Suivi Gaz'!O19 -> 0 | W18: =U18*7.8338 -> 0 | X18: 17028.32 | Y18: =IF(X19<X18,0,X19-X18) -> 0 | Z18: =Y18*0.53*1000 -> 0 | AB18: 26 | AC18: 0 | AD18: 0 | AE18: ar | AF18: ar | AG18: ar | AH18: ar | AJ18: =(F18+O18+W18+Z18) -> 3672.78 | AK18: =AJ18/AC18 -> #DIV/0!
B19: =(B18+1) -> 43992 | D19: ='Suivi EAU-ELEC'!C25 -> 60 | F19: =D19*12.67 -> 760.2 | J19: ='Suivi EAU-ELEC'!E25 -> 880 | K19: ='Suivi EAU-ELEC'!G25 -> 1347 | L19: ='Suivi EAU-ELEC'!I25 -> 555 | M19: =L19+K19+J19 -> 2782 | O19: =J19*0.99+K19*0.99+L19*0.99 -> 2754.18 | U19: ='Suivi Gaz'!O20 -> 0 | W19: =U19*7.8338 -> 0 | X19: 17028.32 | Y19: =IF(X20<X19,0,X20-X19) -> 0 | Z19: =Y19*0.53*1000 -> 0 | AB19: 26 | AC19: 0 | AD19: 0 | AE19: ar | AF19: ar | AG19: ar | AH19: ar | AJ19: =(F19+O19+W19+Z19) -> 3514.38 | AK19: =AJ19/AC19 -> #DIV/0!
B20: =(B19+1) -> 43993 | D20: ='Suivi EAU-ELEC'!C26 -> 60 | F20: =D20*12.67 -> 760.2 | J20: ='Suivi EAU-ELEC'!E26 -> 935 | K20: ='Suivi EAU-ELEC'!G26 -> 1390 | L20: ='Suivi EAU-ELEC'!I26 -> 586 | M20: =L20+K20+J20 -> 2911 | O20: =J20*0.99+K20*0.99+L20*0.99 -> 2881.89 | U20: ='Suivi Gaz'!O21 -> 0 | W20: =U20*7.8338 -> 0 | X20: 17028.32 | Y20: =IF(X21<X20,0,X21-X20) -> 0 | Z20: =Y20*0.53*1000 -> 0 | AA20: 14 | AB20: 25 | AC20: 0 | AD20: 0 | AE20: ar | AF20: ar | AG20: ar | AH20: ar | AJ20: =(F20+O20+W20+Z20) -> 3642.09 | AK20: =AJ20/AC20 -> #DIV/0!
B21: =(B20+1) -> 43994 | D21: ='Suivi EAU-ELEC'!C27 -> 60 | F21: =D21*12.67 -> 760.2 | J21: ='Suivi EAU-ELEC'!E27 -> 852 | K21: ='Suivi EAU-ELEC'!G27 -> 1411 | L21: ='Suivi EAU-ELEC'!I27 -> 561 | M21: =L21+K21+J21 -> 2824 | O21: =J21*0.99+K21*0.99+L21*0.99 -> 2795.76 | U21: ='Suivi Gaz'!O22 -> 0 | W21: =U21*7.8338 -> 0 | X21: 17028.32 | Y21: =IF(X22<X21,0,X22-X21) -> 0 | Z21: =Y21*0.53*1000 -> 0 | AA21: 14 | AB21: 25 | AC21: 0 | AD21: 0 | AE21: ar | AF21: ar | AG21: ar | AH21: ar | AJ21: =(F21+O21+W21+Z21) -> 3555.96 | AK21: =AJ21/AC21 -> #DIV/0!
B22: =(B21+1) -> 43995 | D22: ='Suivi EAU-ELEC'!C28 -> 60 | F22: =D22*12.67 -> 760.2 | J22: ='Suivi EAU-ELEC'!E28 -> 886 | K22: ='Suivi EAU-ELEC'!G28 -> 1356 | L22: ='Suivi EAU-ELEC'!I28 -> 576 | M22: =L22+K22+J22 -> 2818 | O22: =J22*0.99+K22*0.99+L22*0.99 -> 2789.82 | U22: ='Suivi Gaz'!O23 -> 0 | W22: =U22*7.8338 -> 0 | X22: 17028.32 | Y22: =IF(X23<X22,0,X23-X22) -> 0 | Z22: =Y22*0.53*1000 -> 0 | AB22: 26 | AC22: 0 | AD22: 0 | AE22: ar | AF22: ar | AG22: ar | AH22: ar | AJ22: =(F22+O22+W22+Z22) -> 3550.02 | AK22: =AJ22/AC22 -> #DIV/0!
B23: =(B22+1) -> 43996 | D23: ='Suivi EAU-ELEC'!C29 -> 60 | F23: =D23*12.67 -> 760.2 | J23: ='Suivi EAU-ELEC'!E29 -> 934 | K23: ='Suivi EAU-ELEC'!G29 -> 1302 | L23: ='Suivi EAU-ELEC'!I29 -> 575 | M23: =L23+K23+J23 -> 2811 | O23: =J23*0.99+K23*0.99+L23*0.99 -> 2782.89 | U23: ='Suivi Gaz'!O24 -> 0 | W23: =U23*7.8338 -> 0 | X23: 17028.32 | Y23: =IF(X24<X23,0,X24-X23) -> 0 | Z23: =Y23*0.53*1000 -> 0 | AB23: 27 | AC23: 0 | AD23: 0 | AE23: ar | AF23: ar | AG23: ar | AH23: ar | AJ23: =(F23+O23+W23+Z23) -> 3543.09 | AK23: =AJ23/AC23 -> #DIV/0!
B24: =(B23+1) -> 43997 | D24: ='Suivi EAU-ELEC'!C30 -> 60 | F24: =D24*12.67 -> 760.2 | J24: ='Suivi EAU-ELEC'!E30 -> 926 | K24: ='Suivi EAU-ELEC'!G30 -> 1354 | L24: ='Suivi EAU-ELEC'!I30 -> 601 | M24: =L24+K24+J24 -> 2881 | O24: =J24*0.99+K24*0.99+L24*0.99 -> 2852.19 | U24: ='Suivi Gaz'!O25 -> 0 | W24: =U24*7.8338 -> 0 | X24: 17028.32 | Y24: =IF(X25<X24,0,X25-X24) -> 0 | Z24: =Y24*0.53*1000 -> 0 | AB24: 32 | AC24: 0 | AD24: 0 | AE24: ar | AF24: ar | AG24: ar | AH24: ar | AJ24: =(F24+O24+W24+Z24) -> 3612.39 | AK24: =AJ24/AC24 -> #DIV/0!
B25: =(B24+1) -> 43998 | D25: ='Suivi EAU-ELEC'!C31 -> 70 | F25: =D25*12.67 -> 886.9 | J25: ='Suivi EAU-ELEC'!E31 -> 936 | K25: ='Suivi EAU-ELEC'!G31 -> 1409 | L25: ='Suivi EAU-ELEC'!I31 -> 584 | M25: =L25+K25+J25 -> 2929 | O25: =J25*0.99+K25*0.99+L25*0.99 -> 2899.71 | U25: ='Suivi Gaz'!O26 -> 0 | W25: =U25*7.8338 -> 0 | X25: 17028.32 | Y25: =IF(X26<X25,0,X26-X25) -> 0 | Z25: =Y25*0.53*1000 -> 0 | AB25: 31 | AC25: 0 | AD25: 0 | AE25: ar | AF25: ar | AG25: ar | AH25: ar | AJ25: =(F25+O25+W25+Z25) -> 3786.61 | AK25: =AJ25/AC25 -> #DIV/0!
B26: =(B25+1) -> 43999 | D26: ='Suivi EAU-ELEC'!C32 -> 60 | F26: =D26*12.67 -> 760.2 | J26: ='Suivi EAU-ELEC'!E32 -> 919 | K26: ='Suivi EAU-ELEC'!G32 -> 1367 | L26: ='Suivi EAU-ELEC'!I32 -> 599 | M26: =L26+K26+J26 -> 2885 | O26: =J26*0.99+K26*0.99+L26*0.99 -> 2856.15 | U26: ='Suivi Gaz'!O27 -> 0 | W26: =U26*7.8338 -> 0 | X26: 17028.32 | Y26: =IF(X27<X26,0,X27-X26) -> 0 | Z26: =Y26*0.53*1000 -> 0 | AB26: 30 | AC26: 0 | AD26: 0 | AE26: ar | AF26: ar | AG26: ar | AH26: ar | AJ26: =(F26+O26+W26+Z26) -> 3616.35 | AK26: =AJ26/AC26 -> #DIV/0!
B27: =(B26+1) -> 44000 | D27: ='Suivi EAU-ELEC'!C33 -> 60 | F27: =D27*12.67 -> 760.2 | J27: ='Suivi EAU-ELEC'!E33 -> 1065 | K27: ='Suivi EAU-ELEC'!G33 -> 1301 | L27: ='Suivi EAU-ELEC'!I33 -> 599 | M27: =L27+K27+J27 -> 2965 | O27: =J27*0.99+K27*0.99+L27*0.99 -> 2935.35 | U27: ='Suivi Gaz'!O28 -> 0 | W27: =U27*7.8338 -> 0 | X27: 17028.32 | Y27: =IF(X28<X27,0,X28-X27) -> 0 | Z27: =Y27*0.53*1000 -> 0 | AB27: 27 | AC27: 0 | AD27: 0 | AE27: ar | AF27: ar | AG27: ar | AH27: ar | AJ27: =(F27+O27+W27+Z27) -> 3695.55 | AK27: =AJ27/AC27 -> #DIV/0!
B28: =(B27+1) -> 44001 | D28: ='Suivi EAU-ELEC'!C34 -> 60 | F28: =D28*12.67 -> 760.2 | J28: ='Suivi EAU-ELEC'!E34 -> 982 | K28: ='Suivi EAU-ELEC'!G34 -> 1433 | L28: ='Suivi EAU-ELEC'!I34 -> 608 | M28: =L28+K28+J28 -> 3023 | O28: =J28*0.99+K28*0.99+L28*0.99 -> 2992.77 | U28: ='Suivi Gaz'!O29 -> 0 | W28: =U28*7.8338 -> 0 | X28: 17028.32 | Y28: =IF(X29<X28,0,X29-X28) -> 0 | Z28: =Y28*0.53*1000 -> 0 | AB28: 28 | AC28: 0 | AD28: 0 | AE28: ar | AF28: ar | AG28: ar | AH28: ar | AJ28: =(F28+O28+W28+Z28) -> 3752.97 | AK28: =AJ28/AC28 -> #DIV/0!
B29: =(B28+1) -> 44002 | D29: ='Suivi EAU-ELEC'!C35 -> 70 | F29: =D29*12.67 -> 886.9 | J29: ='Suivi EAU-ELEC'!E35 -> 917 | K29: ='Suivi EAU-ELEC'!G35 -> 1402 | L29: ='Suivi EAU-ELEC'!I35 -> 576 | M29: =L29+K29+J29 -> 2895 | O29: =J29*0.99+K29*0.99+L29*0.99 -> 2866.05 | U29: ='Suivi Gaz'!O30 -> 0 | W29: =U29*7.8338 -> 0 | X29: 17028.32 | Y29: =IF(X30<X29,0,X30-X29) -> 0 | Z29: =Y29*0.53*1000 -> 0 | AB29: 31 | AC29: 0 | AD29: 0 | AE29: ar | AF29: ar | AG29: ar | AH29: ar | AJ29: =(F29+O29+W29+Z29) -> 3752.95 | AK29: =AJ29/AC29 -> #DIV/0!
B30: =(B29+1) -> 44003 | D30: ='Suivi EAU-ELEC'!C36 -> 50 | F30: =D30*12.67 -> 633.5 | J30: ='Suivi EAU-ELEC'!E36 -> 919 | K30: ='Suivi EAU-ELEC'!G36 -> 1394 | L30: ='Suivi EAU-ELEC'!I36 -> 598 | M30: =L30+K30+J30 -> 2911 | O30: =J30*0.99+K30*0.99+L30*0.99 -> 2881.89 | U30: ='Suivi Gaz'!O31 -> 0 | W30: =U30*7.8338 -> 0 | X30: 17028.32 | Y30: =IF(X31<X30,0,X31-X30) -> 0 | Z30: =Y30*0.53*1000 -> 0 | AB30: 32 | AC30: 0 | AD30: 0 | AE30: ar | AF30: ar | AG30: ar | AH30: ar | AJ30: =(F30+O30+W30+Z30) -> 3515.39 | AK30: =AJ30/AC30 -> #DIV/0!
B31: =(B30+1) -> 44004 | D31: ='Suivi EAU-ELEC'!C37 -> 0 | F31: =D31*12.67 -> 0 | J31: ='Suivi EAU-ELEC'!E37 -> 0 | K31: ='Suivi EAU-ELEC'!G37 -> 0 | L31: ='Suivi EAU-ELEC'!I37 -> 0 | M31: =L31+K31+J31 -> 0 | O31: =J31*0.99+K31*0.99+L31*0.99 -> 0 | U31: ='Suivi Gaz'!O32 -> 0 | W31: =U31*7.8338 -> 0 | X31: 17028.32 | Y31: =IF(X32<X31,0,X32-X31) -> 0 | Z31: =Y31*0.53*1000 -> 0 | AJ31: =(F31+O31+W31+Z31) -> 0 | AK31: =AJ31/AC31 -> #DIV/0!
B32: =(B31+1) -> 44005 | D32: ='Suivi EAU-ELEC'!C38 -> 0 | F32: =D32*12.67 -> 0 | J32: ='Suivi EAU-ELEC'!E38 -> 0 | K32: ='Suivi EAU-ELEC'!G38 -> 0 | L32: ='Suivi EAU-ELEC'!I38 -> 0 | M32: =L32+K32+J32 -> 0 | O32: =J32*0.99+K32*0.99+L32*0.99 -> 0 | U32: ='Suivi Gaz'!O33 -> 0 | W32: =U32*7.8338 -> 0 | Y32: =IF(X33<X32,0,X33-X32) -> 0 | Z32: =Y32*0.53*1000 -> 0 | AJ32: =(F32+O32+W32+Z32) -> 0 | AK32: =AJ32/AC32 -> #DIV/0!
B33: =(B32+1) -> 44006 | D33: ='Suivi EAU-ELEC'!C39 -> 0 | F33: =D33*12.67 -> 0 | J33: ='Suivi EAU-ELEC'!E39 -> 0 | K33: ='Suivi EAU-ELEC'!G39 -> 0 | L33: ='Suivi EAU-ELEC'!I39 -> 0 | M33: =L33+K33+J33 -> 0 | O33: =J33*0.99+K33*0.99+L33*0.99 -> 0 | U33: ='Suivi Gaz'!O34 -> 0 | W33: =U33*7.8338 -> 0 | Y33: =IF(X34<X33,0,X34-X33) -> 0 | Z33: =Y33*0.53*1000 -> 0 | AJ33: =(F33+O33+W33+Z33) -> 0 | AK33: =AJ33/AC33 -> #DIV/0!
B34: =(B33+1) -> 44007 | D34: ='Suivi EAU-ELEC'!C40 -> 0 | F34: =D34*12.67 -> 0 | J34: ='Suivi EAU-ELEC'!E40 -> 0 | K34: ='Suivi EAU-ELEC'!G40 -> 0 | L34: ='Suivi EAU-ELEC'!I40 -> 0 | M34: =L34+K34+J34 -> 0 | O34: =J34*0.99+K34*0.99+L34*0.99 -> 0 | U34: ='Suivi Gaz'!O35 -> 0 | W34: =U34*7.8338 -> 0 | Y34: =IF(X35<X34,0,X35-X34) -> 0 | Z34: =Y34*0.53*1000 -> 0 | AJ34: =(F34+O34+W34+Z34) -> 0 | AK34: =AJ34/AC34 -> #DIV/0!
B35: =(B34+1) -> 44008 | D35: ='Suivi EAU-ELEC'!C41 -> 0 | F35: =D35*12.67 -> 0 | J35: ='Suivi EAU-ELEC'!E41 -> 0 | K35: ='Suivi EAU-ELEC'!G41 -> 0 | L35: ='Suivi EAU-ELEC'!I41 -> 0 | M35: =L35+K35+J35 -> 0 | O35: =J35*0.99+K35*0.99+L35*0.99 -> 0 | U35: ='Suivi Gaz'!O36 -> 0 | W35: =U35*7.8338 -> 0 | Y35: =IF(X36<X35,0,X36-X35) -> 0 | Z35: =Y35*0.53*1000 -> 0 | AJ35: =(F35+O35+W35+Z35) -> 0 | AK35: =AJ35/AC35 -> #DIV/0!
B36: =(B35+1) -> 44009 | D36: ='Suivi EAU-ELEC'!C42 -> 0 | F36: =D36*12.67 -> 0 | J36: ='Suivi EAU-ELEC'!E42 -> 0 | K36: ='Suivi EAU-ELEC'!G42 -> 0 | L36: ='Suivi EAU-ELEC'!I42 -> 0 | M36: =L36+K36+J36 -> 0 | O36: =J36*0.99+K36*0.99+L36*0.99 -> 0 | U36: ='Suivi Gaz'!O37 -> 0 | W36: =U36*7.8338 -> 0 | Y36: =IF(X37<X36,0,X37-X36) -> 0 | Z36: =Y36*0.53*1000 -> 0 | AJ36: =(F36+O36+W36+Z36) -> 0 | AK36: =AJ36/AC36 -> #DIV/0!
B37: =(B36+1) -> 44010 | D37: ='Suivi EAU-ELEC'!C43 -> 0 | F37: =D37*12.67 -> 0 | J37: ='Suivi EAU-ELEC'!E43 -> 0 | K37: ='Suivi EAU-ELEC'!G43 -> 0 | L37: ='Suivi EAU-ELEC'!I43 -> 0 | M37: =L37+K37+J37 -> 0 | O37: =J37*0.99+K37*0.99+L37*0.99 -> 0 | U37: ='Suivi Gaz'!O38 -> 0 | W37: =U37*7.8338 -> 0 | Y37: =IF(X38<X37,0,X38-X37) -> 0 | Z37: =Y37*0.53*1000 -> 0 | AJ37: =(F37+O37+W37+Z37) -> 0 | AK37: =AJ37/AC37 -> #DIV/0!
B38: =(B37+1) -> 44011 | D38: ='Suivi EAU-ELEC'!C44 -> 0 | F38: =D38*12.67 -> 0 | J38: ='Suivi EAU-ELEC'!E44 -> 0 | K38: ='Suivi EAU-ELEC'!G44 -> 0 | L38: ='Suivi EAU-ELEC'!I44 -> 0 | M38: =L38+K38+J38 -> 0 | O38: =J38*0.99+K38*0.99+L38*0.99 -> 0 | U38: ='Suivi Gaz'!O39 -> 0 | W38: =U38*7.8338 -> 0 | Y38: =IF(X39<X38,0,X39-X38) -> 0 | Z38: =Y38*0.53*1000 -> 0 | AJ38: =(F38+O38+W38+Z38) -> 0 | AK38: =AJ38/AC38 -> #DIV/0!
B39: =(B38+1) -> 44012 | D39: ='Suivi EAU-ELEC'!C45 -> 0 | F39: =D39*12.67 -> 0 | J39: ='Suivi EAU-ELEC'!E45 -> 0 | K39: ='Suivi EAU-ELEC'!G45 -> 0 | L39: ='Suivi EAU-ELEC'!I45 -> 0 | M39: =L39+K39+J39 -> 0 | O39: =J39*0.99+K39*0.99+L39*0.99 -> 0 | U39: ='Suivi Gaz'!O40 -> 0 | W39: =U39*7.8338 -> 0 | Y39: =IF(X40<X39,0,X40-X39) -> 0 | Z39: =Y39*0.53*1000 -> 0 | AJ39: =(F39+O39+W39+Z39) -> 0 | AK39: =AJ39/AC39 -> #DIV/0!
B40: =(B39+1) -> 44013 | D40: ='Suivi EAU-ELEC'!C46 -> 0 | F40: =D40*12.67 -> 0 | J40: ='Suivi EAU-ELEC'!E46 -> 0 | K40: ='Suivi EAU-ELEC'!G46 -> 0 | L40: ='Suivi EAU-ELEC'!I46 -> 0 | M40: =L40+K40+J40 -> 0 | O40: =J40*0.99+K40*0.99+L40*0.99 -> 0 | U40: ='Suivi Gaz'!O41 -> 0 | W40: =U40*7.8338 -> 0 | Y40: =IF(X41<X40,0,X41-X40) -> 0 | Z40: =Y40*0.53*1000 -> 0 | AJ40: =(F40+O40+W40+Z40) -> 0 | AK40: =AJ40/AC40 -> #DIV/0!
D41: ='Suivi EAU-ELEC'!C46 -> 0 | F41: =SUM(F10:H39) -> 16471 | J41: =SUM(J10:J39) -> 20212 | K41: =SUM(K10:K39) -> 30122 | L41: =SUM(L10:L39) -> 12813 | M41: =SUM(M10:M39) -> 63147 | O41: =SUM(O10:O39) -> 62515.53 | Q41: =SUM(Q10:Q40) -> 0 | S41: =SUM(S10:S40) -> 0 | U41: =SUM(U10:U39) -> 37.1 | W41: =SUM(W10:W39) -> 290.63398 | Y41: =SUM(Y10:Y39) -> 0 | Z41: =SUM(Z10:Z39) -> 0 | AJ41: =SUM(AJ10:AJ38) -> 79277.164 | AK41: =SUM(AK10:AK38) -> #DIV/0!
A43: ELECTRICITE / Kw/h | D43: creuse 81 | F43: 0.64895 | G43: =J41 -> 20212 | J43: =G43*F43 -> 13116.577 | L43: =J43+J44+J45 -> 55717.871
D44: pleine 82 | F44: 0.88605 | G44: =K41 -> 30122 | J44: =G44*F44 -> 26689.598
D45: pointe 83 | F45: 1.24184 | G45: =L41 -> 12813 | J45: =G45*F45 -> 15911.696
A46: EAU HOTEL M3 | F46: 12.67 | G46: =D41 -> 0 | J46: =G46*F46 -> 0 | L46: =J46 -> 0
A47: GAZ Kg | F47: 7.8338 | G47: =U41 -> 37.1 | J47: =G47*F47 -> 290.63398 | L47: =J47 -> 290.63398

Sheet Suivi Gaz
D1: suivi Gaz
Q2: 803 | T2: 519 | W2: 800 | Z2: 802
B3: Relvé C1 | C3: cons C1 | D3: Relvé C2 | E3: cons C2 | F3: Relvé C3 | G3: cons C3 | H3: Relvé C4 | I3: cons C4 | J3: ∑ des relevés | K3: moyen general % | L3: con.j | M3: ∑ de volume en L | N3: cons./jen L | O3: cons./jen Kg | P3: cons./jen DH | Q3: livraison C1 | R3: %Avant | S3: % Après | T3: livraison C2 | U3: %Avant | V3: % Après | W3: livraison C3 | X3: %Avant | Y3: % Après | Z3: livraison C4 | AA3: %Avant | AB3: % Après | AC3: total livraison | AD3: moyen general % Avant L | AE3: moyen general % Aaprés L
A4: 43976 | B4: 76 | C4: =IF(AC4>0,((B4-R4)+(S4-B5)),IF(B5=0, ,(B4-B5))) -> 0 | D4: 77 | E4: =IF(AC4>0,((D4-U4)+(V4-D5)),IF(D5=0, ,(D4-D5))) -> 0 | F4: 73 | G4: =IF(AC4>0,((F4-X4)+(Y4-F5)),IF(F5=0, ,(F4-F5))) -> 0 | H4: 75 | I4: =IF(AC4>0,((H4-AA4)+(AB4-H5)),IF(H5=0, ,(H4-H5))) -> 0 | J4: =B4+D4+F4+H4 -> 301 | K4: =J4/4 -> 75.25 | L4: =IF(AC4>0,((K4-AD4)+(AE4-K5)),IF(K5=0, ,(K4-K5))) -> 0 | M4: =7000*4 -> 28000 | N4: =L4*M4/100 -> 0 | O4: =N4*0.53 -> 0 | P4: =O4*7.8338 -> 0 | AC4: =Q4+T4+W4+Z4 -> 0 | AD4: =(R4+U4+X4+AA4)/4 -> 0 | AE4: =(S4+V4+Y4+AB4)/4 -> 0
A5: =(A4+1) -> 43977 | B5: 76 | C5: =IF(AC5>0,((B5-R5)+(S5-B6)),IF(B6=0, ,(B5-B6))) -> 0 | D5: 77 | E5: =IF(AC5>0,((D5-U5)+(V5-D6)),IF(D6=0, ,(D5-D6))) -> 0 | F5: 73 | G5: =IF(AC5>0,((F5-X5)+(Y5-F6)),IF(F6=0, ,(F5-F6))) -> 0 | H5: 75 | I5: =IF(AC5>0,((H5-AA5)+(AB5-H6)),IF(H6=0, ,(H5-H6))) -> 0 | J5: =B5+D5+F5+H5 -> 301 | K5: =J5/4 -> 75.25 | L5: =IF(AC5>0,((K5-AD5)+(AE5-K6)),IF(K6=0, ,(K5-K6))) -> 0 | M5: =7000*4 -> 28000 | N5: =L5*M5/100 -> 0 | O5: =N5*0.53 -> 0 | P5: =O5*7.8338 -> 0 | AC5: =Q5+T5+W5+Z5 -> 0 | AD5: =(R5+U5+X5+AA5)/4 -> 0 | AE5: =(S5+V5+Y5+AB5)/4 -> 0
A6: =(A5+1) -> 43978 | B6: 76 | C6: =IF(AC6>0,((B6-R6)+(S6-B7)),IF(B7=0, ,(B6-B7))) -> 0 | D6: 77 | E6: =IF(AC6>0,((D6-U6)+(V6-D7)),IF(D7=0, ,(D6-D7))) -> 0 | F6: 73 | G6: =IF(AC6>0,((F6-X6)+(Y6-F7)),IF(F7=0, ,(F6-F7))) -> 0 | H6: 75 | I6: =IF(AC6>0,((H6-AA6)+(AB6-H7)),IF(H7=0, ,(H6-H7))) -> 0 | J6: =B6+D6+F6+H6 -> 301 | K6: =J6/4 -> 75.25 | L6: =IF(AC6>0,((K6-AD6)+(AE6-K7)),IF(K7=0, ,(K6-K7))) -> 0 | M6: =7000*4 -> 28000 | N6: =L6*M6/100 -> 0 | O6: =N6*0.53 -> 0 | P6: =O6*7.8338 -> 0 | AC6: =Q6+T6+W6+Z6 -> 0 | AD6: =(R6+U6+X6+AA6)/4 -> 0 | AE6: =(S6+V6+Y6+AB6)/4 -> 0
A7: =(A6+1) -> 43979 | B7: 76 | C7: =IF(AC7>0,((B7-R7)+(S7-B8)),IF(B8=0, ,(B7-B8))) -> 0 | D7: 77 | E7: =IF(AC7>0,((D7-U7)+(V7-D8)),IF(D8=0, ,(D7-D8))) -> 0 | F7: 73 | G7: =IF(AC7>0,((F7-X7)+(Y7-F8)),IF(F8=0, ,(F7-F8))) -> 0 | H7: 75 | I7: =IF(AC7>0,((H7-AA7)+(AB7-H8)),IF(H8=0, ,(H7-H8))) -> 0 | J7: =B7+D7+F7+H7 -> 301 | K7: =J7/4 -> 75.25 | L7: =IF(AC7>0,((K7-AD7)+(AE7-K8)),IF(K8=0, ,(K7-K8))) -> 0 | M7: =7000*4 -> 28000 | N7: =L7*M7/100 -> 0 | O7: =N7*0.53 -> 0 | P7: =O7*7.8338 -> 0 | AC7: =Q7+T7+W7+Z7 -> 0 | AD7: =(R7+U7+X7+AA7)/4 -> 0 | AE7: =(S7+V7+Y7+AB7)/4 -> 0
A8: =(A7+1) -> 43980 | B8: 76 | C8: =IF(AC8>0,((B8-R8)+(S8-B9)),IF(B9=0, ,(B8-B9))) -> 0 | D8: 77 | E8: =IF(AC8>0,((D8-U8)+(V8-D9)),IF(D9=0, ,(D8-D9))) -> 0 | F8: 73 | G8: =IF(AC8>0,((F8-X8)+(Y8-F9)),IF(F9=0, ,(F8-F9))) -> 0 | H8: 75 | I8: =IF(AC8>0,((H8-AA8)+(AB8-H9)),IF(H9=0, ,(H8-H9))) -> 0 | J8: =B8+D8+F8+H8 -> 301 | K8: =J8/4 -> 75.25 | L8: =IF(AC8>0,((K8-AD8)+(AE8-K9)),IF(K9=0, ,(K8-K9))) -> 0 | M8: =7000*4 -> 28000 | N8: =L8*M8/100 -> 0 | O8: =N8*0.53 -> 0 | P8: =O8*7.8338 -> 0 | AC8: 0 | AD8: =(R8+U8+X8+AA8)/4 -> 0 | AE8: =(S8+V8+Y8+AB8)/4 -> 0
A9: =(A8+1) -> 43981 | B9: 76 | C9: =IF(AC9>0,((B9-R9)+(S9-B10)),IF(B10=0, ,(B9-B10))) -> 0 | D9: 77 | E9: =IF(AC9>0,((D9-U9)+(V9-D10)),IF(D10=0, ,(D9-D10))) -> 0 | F9: 73 | G9: =IF(AC9>0,((F9-X9)+(Y9-F10)),IF(F10=0, ,(F9-F10))) -> 0 | H9: 75 | I9: =IF(AC9>0,((H9-AA9)+(AB9-H10)),IF(H10=0, ,(H9-H10))) -> 0 | J9: =B9+D9+F9+H9 -> 301 | K9: =J9/4 -> 75.25 | L9: =IF(AC9>0,((K9-AD9)+(AE9-K10)),IF(K10=0, ,(K9-K10))) -> 0 | M9: =7000*4 -> 28000 | N9: =L9*M9/100 -> 0 | O9: =N9*0.53 -> 0 | P9: =O9*7.8338 -> 0 | AC9: =Q9+T9+W9+Z9 -> 0 | AD9: =(R9+U9+X9+AA9)/4 -> 0 | AE9: =(S9+V9+Y9+AB9)/4 -> 0
A10: =(A9+1) -> 43982 | B10: 76 | C10: =IF(AC10>0,((B10-R10)+(S10-B11)),IF(B11=0, ,(B10-B11))) -> 0 | D10: 77 | E10: =IF(AC10>0,((D10-U10)+(V10-D11)),IF(D11=0, ,(D10-D11))) -> 0 | F10: 73 | G10: =IF(AC10>0,((F10-X10)+(Y10-F11)),IF(F11=0, ,(F10-F11))) -> 0 | H10: 75 | I10: =IF(AC10>0,((H10-AA10)+(AB10-H11)),IF(H11=0, ,(H10-H11))) -> 0 | J10: =B10+D10+F10+H10 -> 301 | K10: =J10/4 -> 75.25 | L10: =IF(AC10>0,((K10-AD10)+(AE10-K11)),IF(K11=0, ,(K10-K11))) -> 0 | M10: =7000*4 -> 28000 | N10: =L10*M10/100 -> 0 | O10: =N10*0.53 -> 0 | P10: =O10*7.8338 -> 0 | AC10: =Q10+T10+W10+Z10 -> 0 | AD10: =(R10+U10+X10+AA10)/4 -> 0 | AE10: =(S10+V10+Y10+AB10)/4 -> 0
A11: =(A10+1) -> 43983 | B11: 76 | C11: =IF(AC11>0,((B11-R11)+(S11-B12)),IF(B12=0, ,(B11-B12))) -> 0 | D11: 77 | E11: =IF(AC11>0,((D11-U11)+(V11-D12)),IF(D12=0, ,(D11-D12))) -> 0 | F11: 73 | G11: =IF(AC11>0,((F11-X11)+(Y11-F12)),IF(F12=0, ,(F11-F12))) -> 0 | H11: 75 | I11: =IF(AC11>0,((H11-AA11)+(AB11-H12)),IF(H12=0, ,(H11-H12))) -> 0 | J11: =B11+D11+F11+H11 -> 301 | K11: =J11/4 -> 75.25 | L11: =IF(AC11>0,((K11-AD11)+(AE11-K12)),IF(K12=0, ,(K11-K12))) -> 0 | M11: =7000*4 -> 28000 | N11: =L11*M11/100 -> 0 | O11: =N11*0.53 -> 0 | P11: =O11*7.8338 -> 0 | AC11: =Q11+T11+W11+Z11 -> 0 | AD11: =(R11+U11+X11+AA11)/4 -> 0 | AE11: =(S11+V11+Y11+AB11)/4 -> 0
A12: =(A11+1) -> 43984 | B12: 76 | C12: =IF(AC12>0,((B12-R12)+(S12-B13)),IF(B13=0, ,(B12-B13))) -> 0 | D12: 77 | E12: =IF(AC12>0,((D12-U12)+(V12-D13)),IF(D13=0, ,(D12-D13))) -> 0 | F12: 73 | G12: =IF(AC12>0,((F12-X12)+(Y12-F13)),IF(F13=0, ,(F12-F13))) -> 0 | H12: 75 | I12: =IF(AC12>0,((H12-AA12)+(AB12-H13)),IF(H13=0, ,(H12-H13))) -> 0 | J12: =B12+D12+F12+H12 -> 301 | K12: =J12/4 -> 75.25 | L12: =IF(AC12>0,((K12-AD12)+(AE12-K13)),IF(K13=0, ,(K12-K13))) -> 0 | M12: =7000*4 -> 28000 | N12: =L12*M12/100 -> 0 | O12: =N12*0.53 -> 0 | P12: =O12*7.8338 -> 0 | AC12: =Q12+T12+W12+Z12 -> 0 | AD12: =(R12+U12+X12+AA12)/4 -> 0 | AE12: =(S12+V12+Y12+AB12)/4 -> 0
A13: =(A12+1) -> 43985 | B13: 76 | C13: =IF(AC13>0,((B13-R13)+(S13-B14)),IF(B14=0, ,(B13-B14))) -> 0 | D13: 77 | E13: =IF(AC13>0,((D13-U13)+(V13-D14)),IF(D14=0, ,(D13-D14))) -> 0 | F13: 73 | G13: =IF(AC13>0,((F13-X13)+(Y13-F14)),IF(F14=0, ,(F13-F14))) -> 0 | H13: 75 | I13: =IF(AC13>0,((H13-AA13)+(AB13-H14)),IF(H14=0, ,(H13-H14))) -> 0 | J13: =B13+D13+F13+H13 -> 301 | K13: =J13/4 -> 75.25 | L13: =IF(AC13>0,((K13-AD13)+(AE13-K14)),IF(K14=0, ,(K13-K14))) -> 0 | M13: =7000*4 -> 28000 | N13: =L13*M13/100 -> 0 | O13: =N13*0.53 -> 0 | P13: =O13*7.8338 -> 0 | AC13: =Q13+T13+W13+Z13 -> 0 | AD13: =(R13+U13+X13+AA13)/4 -> 0 | AE13: =(S13+V13+Y13+AB13)/4 -> 0
A14: =(A13+1) -> 43986 | B14: 76 | C14: =IF(AC14>0,((B14-R14)+(S14-B15)),IF(B15=0, ,(B14-B15))) -> 0 | D14: 77 | E14: =IF(AC14>0,((D14-U14)+(V14-D15)),IF(D15=0, ,(D14-D15))) -> 0 | F14: 73 | G14: =IF(AC14>0,((F14-X14)+(Y14-F15)),IF(F15=0, ,(F14-F15))) -> 1 | H14: 75 | I14: =IF(AC14>0,((H14-AA14)+(AB14-H15)),IF(H15=0, ,(H14-H15))) -> 0 | J14: =B14+D14+F14+H14 -> 301 | K14: =J14/4 -> 75.25 | L14: =IF(AC14>0,((K14-AD14)+(AE14-K15)),IF(K15=0, ,(K14-K15))) -> 0.25 | M14: =7000*4 -> 28000 | N14: =L14*M14/100 -> 70 | O14: =N14*0.53 -> 37.1 | P14: =O14*7.8338 -> 290.63398 | AC14: =Q14+T14+W14+Z14 -> 0 | AD14: =(R14+U14+X14+AA14)/4 -> 0 | AE14: =(S14+V14+Y14+AB14)/4 -> 0
A15: =(A14+1) -> 43987 | B15: 76 | C15: =IF(AC15>0,((B15-R15)+(S15-B16)),IF(B16=0, ,(B15-B16))) -> 0 | D15: 77 | E15: =IF(AC15>0,((D15-U15)+(V15-D16)),IF(D16=0, ,(D15-D16))) -> 0 | F15: 72 | G15: =IF(AC15>0,((F15-X15)+(Y15-F16)),IF(F16=0, ,(F15-F16))) -> 0 | H15: 75 | I15: =IF(AC15>0,((H15-AA15)+(AB15-H16)),IF(H16=0, ,(H15-H16))) -> 0 | J15: =B15+D15+F15+H15 -> 300 | K15: =J15/4 -> 75 | L15: =IF(AC15>0,((K15-AD15)+(AE15-K16)),IF(K16=0, ,(K15-K16))) -> 0 | M15: =7000*4 -> 28000 | N15: =L15*M15/100 -> 0 | O15: =N15*0.53 -> 0 | P15: =O15*7.8338 -> 0 | AC15: =Q15+T15+W15+Z15 -> 0 | AD15: =(R15+U15+X15+AA15)/4 -> 0 | AE15: =(S15+V15+Y15+AB15)/4 -> 0
A16: =(A15+1) -> 43988 | B16: 76 | C16: =IF(AC16>0,((B16-R16)+(S16-B17)),IF(B17=0, ,(B16-B17))) -> 0 | D16: 77 | E16: =IF(AC16>0,((D16-U16)+(V16-D17)),IF(D17=0, ,(D16-D17))) -> 0 | F16: 72 | G16: =IF(AC16>0,((F16-X16)+(Y16-F17)),IF(F17=0, ,(F16-F17))) -> 0 | H16: 75 | I16: =IF(AC16>0,((H16-AA16)+(AB16-H17)),IF(H17=0, ,(H16-H17))) -> 0 | J16: =B16+D16+F16+H16 -> 300 | K16: =J16/4 -> 75 | L16: =IF(AC16>0,((K16-AD16)+(AE16-K17)),IF(K17=0, ,(K16-K17))) -> 0 | M16: =7000*4 -> 28000 | N16: =L16*M16/100 -> 0 | O16: =N16*0.53 -> 0 | P16: =O16*7.8338 -> 0 | AC16: =Q16+T16+W16+Z16 -> 0 | AD16: =(R16+U16+X16+AA16)/4 -> 0 | AE16: =(S16+V16+Y16+AB16)/4 -> 0
A17: =(A16+1) -> 43989 | B17: 76 | C17: =IF(AC17>0,((B17-R17)+(S17-B18)),IF(B18=0, ,(B17-B18))) -> 0 | D17: 77 | E17: =IF(AC17>0,((D17-U17)+(V17-D18)),IF(D18=0, ,(D17-D18))) -> 0 | F17: 72 | G17: =IF(AC17>0,((F17-X17)+(Y17-F18)),IF(F18=0, ,(F17-F18))) -> 0 | H17: 75 | I17: =IF(AC17>0,((H17-AA17)+(AB17-H18)),IF(H18=0, ,(H17-H18))) -> 0 | J17: =B17+D17+F17+H17 -> 300 | K17: =J17/4 -> 75 | L17: =IF(AC17>0,((K17-AD17)+(AE17-K18)),IF(K18=0, ,(K17-K18))) -> 0 | M17: =7000*4 -> 28000 | N17: =L17*M17/100 -> 0 | O17: =N17*0.53 -> 0 | P17: =O17*7.8338 -> 0 | AC17: =Q17+T17+W17+Z17 -> 0 | AD17: =(R17+U17+X17+AA17)/4 -> 0 | AE17: =(S17+V17+Y17+AB17)/4 -> 0
A18: =(A17+1) -> 43990 | B18: 76 | C18: =IF(AC18>0,((B18-R18)+(S18-B19)),IF(B19=0, ,(B18-B19))) -> 0 | D18: 77 | E18: =IF(AC18>0,((D18-U18)+(V18-D19)),IF(D19=0, ,(D18-D19))) -> 0 | F18: 72 | G18: =IF(AC18>0,((F18-X18)+(Y18-F19)),IF(F19=0, ,(F18-F19))) -> 0 | H18: 75 | I18: =IF(AC18>0,((H18-AA18)+(AB18-H19)),IF(H19=0, ,(H18-H19))) -> 0 | J18: =B18+D18+F18+H18 -> 300 | K18: =J18/4 -> 75 | L18: =IF(AC18>0,((K18-AD18)+(AE18-K19)),IF(K19=0, ,(K18-K19))) -> 0 | M18: =7000*4 -> 28000 | N18: =L18*M18/100 -> 0 | O18: =N18*0.53 -> 0 | P18: =O18*7.8338 -> 0 | AC18: =Q18+T18+W18+Z18 -> 0 | AD18: =(R18+U18+X18+AA18)/4 -> 0 | AE18: =(S18+V18+Y18+AB18)/4 -> 0
A19: =(A18+1) -> 43991 | B19: 76 | C19: =IF(AC19>0,((B19-R19)+(S19-B20)),IF(B20=0, ,(B19-B20))) -> 0 | D19: 77 | E19: =IF(AC19>0,((D19-U19)+(V19-D20)),IF(D20=0, ,(D19-D20))) -> 0 | F19: 72 | G19: =IF(AC19>0,((F19-X19)+(Y19-F20)),IF(F20=0, ,(F19-F20))) -> 0 | H19: 75 | I19: =IF(AC19>0,((H19-AA19)+(AB19-H20)),IF(H20=0, ,(H19-H20))) -> 0 | J19: =B19+D19+F19+H19 -> 300 | K19: =J19/4 -> 75 | L19: =IF(AC19>0,((K19-AD19)+(AE19-K20)),IF(K20=0, ,(K19-K20))) -> 0 | M19: =7000*4 -> 28000 | N19: =L19*M19/100 -> 0 | O19: =N19*0.53 -> 0 | P19: =O19*7.8338 -> 0 | AC19: =Q19+T19+W19+Z19 -> 0 | AD19: =(R19+U19+X19+AA19)/4 -> 0 | AE19: =(S19+V19+Y19+AB19)/4 -> 0
A20: =(A19+1) -> 43992 | B20: 76 | C20: =IF(AC20>0,((B20-R20)+(S20-B21)),IF(B21=0, ,(B20-B21))) -> 0 | D20: 77 | E20: =IF(AC20>0,((D20-U20)+(V20-D21)),IF(D21=0, ,(D20-D21))) -> 0 | F20: 72 | G20: =IF(AC20>0,((F20-X20)+(Y20-F21)),IF(F21=0, ,(F20-F21))) -> 0 | H20: 75 | I20: =IF(AC20>0,((H20-AA20)+(AB20-H21)),IF(H21=0, ,(H20-H21))) -> 0 | J20: =B20+D20+F20+H20 -> 300 | K20: =J20/4 -> 75 | L20: =IF(AC20>0,((K20-AD20)+(AE20-K21)),IF(K21=0, ,(K20-K21))) -> 0 | M20: =7000*4 -> 28000 | N20: =L20*M20/100 -> 0 | O20: =N20*0.53 -> 0 | P20: =O20*7.8338 -> 0 | AC20: =Q20+T20+W20+Z20 -> 0 | AD20: =(R20+U20+X20+AA20)/4 -> 0 | AE20: =(S20+V20+Y20+AB20)/4 -> 0
... A32: =(A31+1) -> 44004 | B32: 76 | C32: =IF(AC32>0,((B32-R32)+(S32-B33)),IF(B33=0, ,(B32-B33))) -> 0 | D32: 77 | E32: =IF(AC32>0,((D32-U32)+(V32-D33)),IF(D33=0, ,(D32-D33))) -> 0 | F32: 72 | G32: =IF(AC32>0,((F32-X32)+(Y32-F33)),IF(F33=0, ,(F32-F33))) -> 0 | H32: 75 | I32: =IF(AC32>0,((H32-AA32)+(AB32-H33)),IF(H33=0, ,(H32-H33))) -> 0 | J32: =B32+D32+F32+H32 -> 300 | K32: =J32/4 -> 75 | L32: =IF(AC32>0,((K32-AD32)+(AE32-K33)),IF(K33=0, ,(K32-K33))) -> 0 | M32: =7000*4 -> 28000 | N32: =L32*M32/100 -> 0 | O32: =N32*0.53 -> 0 | P32: =O32*7.8338 -> 0 | AC32: =Q32+T32+W32+Z32 -> 0 | AD32: =(R32+U32+X32+AA32)/4 -> 0 | AE32: =(S32+V32+Y32+AB32)/4 -> 0
A33: =(A32+1) -> 44005 | C33: =IF(AC33>0,((B33-R33)+(S33-B34)),IF(B34=0, ,(B33-B34))) -> 0 | E33: =IF(AC33>0,((D33-U33)+(V33-D34)),IF(D34=0, ,(D33-D34))) -> 0 | G33: =IF(AC33>0,((F33-X33)+(Y33-F34)),IF(F34=0, ,(F33-F34))) -> 0 | I33: =IF(AC33>0,((H33-AA33)+(AB33-H34)),IF(H34=0, ,(H33-H34))) -> 0 | J33: =B33+D33+F33+H33 -> 0 | K33: =J33/4 -> 0 | L33: =IF(AC33>0,((K33-AD33)+(AE33-K34)),IF(K34=0, ,(K33-K34))) -> 0 | M33: =7000*4 -> 28000 | N33: =L33*M33/100 -> 0 | O33: =N33*0.53 -> 0 | P33: =O33*7.8338 -> 0 | AC33: =Q33+T33+W33+Z33 -> 0 | AD33: =(R33+U33+X33+AA33)/4 -> 0 | AE33: =(S33+V33+Y33+AB33)/4 -> 0
A34: =(A33+1) -> 44006 | C34: =IF(AC34>0,((B34-R34)+(S34-B35)),IF(B35=0, ,(B34-B35))) -> 0 | E34: =IF(AC34>0,((D34-U34)+(V34-D35)),IF(D35=0, ,(D34-D35))) -> 0 | G34: =IF(AC34>0,((F34-X34)+(Y34-F35)),IF(F35=0, ,(F34-F35))) -> 0 | I34: =IF(AC34>0,((H34-AA34)+(AB34-H35)),IF(H35=0, ,(H34-H35))) -> 0 | J34: =B34+D34+F34+H34 -> 0 | K34: =J34/4 -> 0 | L34: =IF(AC34>0,((K34-AD34)+(AE34-K35)),IF(K35=0, ,(K34-K35))) -> 0 | M34: =7000*4 -> 28000 | N34: =L34*M34/100 -> 0 | O34: =N34*0.53 -> 0 | P34: =O34*7.8338 -> 0 | AC34: =Q34+T34+W34+Z34 -> 0 | AD34: =(R34+U34+X34+AA34)/4 -> 0 | AE34: =(S34+V34+Y34+AB34)/4 -> 0
A35: =(A34+1) -> 44007 | C35: =IF(AC35>0,((B35-R35)+(S35-B36)),IF(B36=0, ,(B35-B36))) -> 0 | E35: =IF(AC35>0,((D35-U35)+(V35-D36)),IF(D36=0, ,(D35-D36))) -> 0 | G35: =IF(AC35>0,((F35-X35)+(Y35-F36)),IF(F36=0, ,(F35-F36))) -> 0 | I35: =IF(AC35>0,((H35-AA35)+(AB35-H36)),IF(H36=0, ,(H35-H36))) -> 0 | J35: =B35+D35+F35+H35 -> 0 | K35: =J35/4 -> 0 | L35: =IF(AC35>0,((K35-AD35)+(AE35-K36)),IF(K36=0, ,(K35-K36))) -> 0 | M35: =7000*4 -> 28000 | N35: =L35*M35/100 -> 0 | O35: =N35*0.53 -> 0 | P35: =O35*7.8338 -> 0 | AC35: =Q35+T35+W35+Z35 -> 0 | AD35: =(R35+U35+X35+AA35)/4 -> 0 | AE35: =(S35+V35+Y35+AB35)/4 -> 0
A36: =(A35+1) -> 44008 | C36: =IF(AC36>0,((B36-R36)+(S36-B37)),IF(B37=0, ,(B36-B37))) -> 0 | E36: =IF(AC36>0,((D36-U36)+(V36-D37)),IF(D37=0, ,(D36-D37))) -> 0 | G36: =IF(AC36>0,((F36-X36)+(Y36-F37)),IF(F37=0, ,(F36-F37))) -> 0 | I36: =IF(AC36>0,((H36-AA36)+(AB36-H37)),IF(H37=0, ,(H36-H37))) -> 0 | J36: =B36+D36+F36+H36 -> 0 | K36: =J36/4 -> 0 | L36: =IF(AC36>0,((K36-AD36)+(AE36-K37)),IF(K37=0, ,(K36-K37))) -> 0 | M36: =7000*4 -> 28000 | N36: =L36*M36/100 -> 0 | O36: =N36*0.53 -> 0 | P36: =O36*7.8338 -> 0 | AC36: =Q36+T36+W36+Z36 -> 0 | AD36: =(R36+U36+X36+AA36)/4 -> 0 | AE36: =(S36+V36+Y36+AB36)/4 -> 0
A37: =(A36+1) -> 44009 | C37: =IF(AC37>0,((B37-R37)+(S37-B38)),IF(B38=0, ,(B37-B38))) -> 0 | E37: =IF(AC37>0,((D37-U37)+(V37-D38)),IF(D38=0, ,(D37-D38))) -> 0 | G37: =IF(AC37>0,((F37-X37)+(Y37-F38)),IF(F38=0, ,(F37-F38))) -> 0 | I37: =IF(AC37>0,((H37-AA37)+(AB37-H38)),IF(H38=0, ,(H37-H38))) -> 0 | J37: =B37+D37+F37+H37 -> 0 | K37: =J37/4 -> 0 | L37: =IF(AC37>0,((K37-AD37)+(AE37-K38)),IF(K38=0, ,(K37-K38))) -> 0 | M37: =7000*4 -> 28000 | N37: =L37*M37/100 -> 0 | O37: =N37*0.53 -> 0 | P37: =O37*7.8338 -> 0 | AC37: =Q37+T37+W37+Z37 -> 0 | AD37: =(R37+U37+X37+AA37)/4 -> 0 | AE37: =(S37+V37+Y37+AB37)/4 -> 0
A38: =(A37+1) -> 44010 | C38: =IF(AC38>0,((B38-R38)+(S38-B39)),IF(B39=0, ,(B38-B39))) -> 0 | E38: =IF(AC38>0,((D38-U38)+(V38-D39)),IF(D39=0, ,(D38-D39))) -> 0 | G38: =IF(AC38>0,((F38-X38)+(Y38-F39)),IF(F39=0, ,(F38-F39))) -> 0 | I38: =IF(AC38>0,((H38-AA38)+(AB38-H39)),IF(H39=0, ,(H38-H39))) -> 0 | J38: =B38+D38+F38+H38 -> 0 | K38: =J38/4 -> 0 | L38: =IF(AC38>0,((K38-AD38)+(AE38-K39)),IF(K39=0, ,(K38-K39))) -> 0 | M38: =7000*4 -> 28000 | N38: =L38*M38/100 -> 0 | O38: =N38*0.53 -> 0 | P38: =O38*7.8338 -> 0 | AC38: =Q38+T38+W38+Z38 -> 0 | AD38: =(R38+U38+X38+AA38)/4 -> 0 | AE38: =(S38+V38+Y38+AB38)/4 -> 0
A39: =(A38+1) -> 44011 | C39: =IF(AC39>0,((B39-R39)+(S39-B40)),IF(B40=0, ,(B39-B40))) -> 0 | E39: =IF(AC39>0,((D39-U39)+(V39-D40)),IF(D40=0, ,(D39-D40))) -> 0 | G39: =IF(AC39>0,((F39-X39)+(Y39-F40)),IF(F40=0, ,(F39-F40))) -> 0 | I39: =IF(AC39>0,((H39-AA39)+(AB39-H40)),IF(H40=0, ,(H39-H40))) -> 0 | J39: =B39+D39+F39+H39 -> 0 | K39: =J39/4 -> 0 | L39: =IF(AC39>0,((K39-AD39)+(AE39-K40)),IF(K40=0, ,(K39-K40))) -> 0 | M39: =7000*4 -> 28000 | N39: =L39*M39/100 -> 0 | O39: =N39*0.53 -> 0 | P39: =O39*7.8338 -> 0 | AC39: =Q39+T39+W39+Z39 -> 0 | AD39: =(R39+U39+X39+AA39)/4 -> 0 | AE39: =(S39+V39+Y39+AB39)/4 -> 0
A40: =(A39+1) -> 44012 | C40: =IF(AC40>0,((B40-R40)+(S40-B41)),IF(B41=0, ,(B40-B41))) -> 0 | E40: =IF(AC40>0,((D40-U40)+(V40-D41)),IF(D41=0, ,(D40-D41))) -> 0 | G40: =IF(AC40>0,((F40-X40)+(Y40-F41)),IF(F41=0, ,(F40-F41))) -> 0 | I40: =IF(AC40>0,((H40-AA40)+(AB40-H41)),IF(H41=0, ,(H40-H41))) -> 0 | J40: =B40+D40+F40+H40 -> 0 | K40: =J40/4 -> 0 | L40: =IF(AC40>0,((K40-AD40)+(AE40-K41)),IF(K41=0, ,(K40-K41))) -> 0 | M40: =7000*4 -> 28000 | N40: =L40*M40/100 -> 0 | O40: =N40*0.53 -> 0 | P40: =O40*7.8338 -> 0 | AC40: =Q40+T40+W40+Z40 -> 0 | AD40: =(R40+U40+X40+AA40)/4 -> 0 | AE40: =(S40+V40+Y40+AB40)/4 -> 0
A41: =(A40+1) -> 44013 | C41: =IF(AC41>0,((B41-R41)+(S41-B42)),IF(B42=0, ,(B41-B42))) -> 0 | E41: =IF(AC41>0,((D41-U41)+(V41-D42)),IF(D42=0, ,(D41-D42))) -> 0 | G41: =IF(AC41>0,((F41-X41)+(Y41-F42)),IF(F42=0, ,(F41-F42))) -> 0 | I41: =IF(AC41>0,((H41-AA41)+(AB41-H42)),IF(H42=0, ,(H41-H42))) -> 0 | J41: =B41+D41+F41+H41 -> 0 | K41: =J41/4 -> 0 | L41: =IF(AC41>0,((K41-AD41)+(AE41-K42)),IF(K42=0, ,(K41-K42))) -> 0 | M41: =7000*4 -> 28000 | N41: =L41*M41/100 -> 0 | O41: =N41*0.53 -> 0 | P41: =O41*7.8338 -> 0 | AC41: =Q41+T41+W41+Z41 -> 0 | AD41: =(R41+U41+X41+AA41)/4 -> 0 | AE41: =(S41+V41+Y41+AB41)/4 -> 0
A42: =(A41+1) -> 44014 | C42: =IF(AC42>0,((B42-R42)+(S42-B43)),IF(B43=0, ,(B42-B43))) -> 0 | E42: =IF(AC42>0,((D42-U42)+(V42-D43)),IF(D43=0, ,(D42-D43))) -> 0 | G42: =IF(AC42>0,((F42-X42)+(Y42-F43)),IF(F43=0, ,(F42-F43))) -> 0 | I42: =IF(AC42>0,((H42-AA42)+(AB42-H43)),IF(H43=0, ,(H42-H43))) -> 0 | J42: =B42+D42+F42+H42 -> 0 | K42: =J42/4 -> 0 | L42: =IF(AC42>0,((K42-AD42)+(AE42-K43)),IF(K43=0, ,(K42-K43))) -> 0 | M42: =7000*4 -> 28000 | N42: =L42*M42/100 -> 0 | O42: =N42*0.53 -> 0 | P42: =O42*7.8338 -> 0 | AC42: =Q42+T42+W42+Z42 -> 0 | AD42: =(R42+U42+X42+AA42)/4 -> 0 | AE42: =(S42+V42+Y42+AB42)/4 -> 0
C43: =SUM(C11:C40) -> 0 | E43: =SUM(E11:E40) -> 0 | G43: =SUM(G11:G40) -> 1 | I43: =SUM(I11:I40) -> 0 | N43: =SUM(N11:N40) -> 70 | O43: =N43*0.53 -> 37.1 | P43: =O43*7.8338 -> 290.63398 | Q43: =SUM(Q11:Q40) -> 0 | T43: =SUM(T11:T40) -> 0 | W43: =SUM(W11:W40) -> 0 | Z43: =SUM(Z11:Z40) -> 0 | AC43: =SUM(AC11:AC40) -> 0
Q44: =Q43+T43+W43+Z43 -> 0 | AC44: =Q43+T43+W43+Z43 -> 0
K46: Litre | L46: Kg | M46: DH
H47: Consommation du mois | K47: =N43 -> 70 | L47: =O43 -> 37.1 | M47: =P43 -> 290.63398
H48: Livraison du mois | K48: =AC43 -> 0 | L48: =K48*0.53 -> 0 | M48: =L48*7.8338 -> 0

Sheet Suivi EAU-ELEC
C1: Suivi Compteur d'Eau- électricité RADEEMA -
D5: =SUM(C16:C45) -> 1300
A7: Date | B7: Eau m3 | D7: Electricité Kw/h
B8: Compteur | C8: Consommation | D8: Compteur H.Creuse | E8: Consommation H.Creuse | F8: Compteur H.Pleine | G8: Consommation H.Pleine | H8: Compteur H.Pointe | I8: Consommation H.Pointe
A9: 43976 | B9: 123246 | C9: =IF(B10<B9,0,B10-B9)*10 -> 60 | D9: 18448508 | E9: =IF(D10<D9,0,D10-D9) -> 832 | F9: 33167404 | G9: =IF(F10<F9,0,F10-F9) -> 1259 | H9: 14683090 | I9: =IF(H10<H9,0,H10-H9) -> 557
A10: =(A9+1) -> 43977 | B10: 123252 | C10: =IF(B11<B10,0,B11-B10)*10 -> 60 | D10: 18449340 | E10: =IF(D11<D10,0,D11-D10) -> 886 | F10: 33168663 | G10: =IF(F11<F10,0,F11-F10) -> 1335 | H10: 14683647 | I10: =IF(H11<H10,0,H11-H10) -> 576
A11: =(A10+1) -> 43978 | B11: 123258 | C11: =IF(B12<B11,0,B12-B11)*10 -> 60 | D11: 18450226 | E11: =IF(D12<D11,0,D12-D11) -> 876 | F11: 33169998 | G11: =IF(F12<F11,0,F12-F11) -> 1332 | H11: 14684223 | I11: =IF(H12<H11,0,H12-H11) -> 547
A12: =(A11+1) -> 43979 | B12: 123264 | C12: =IF(B13<B12,0,B13-B12)*10 -> 90 | D12: 18451102 | E12: =IF(D13<D12,0,D13-D12) -> 826 | F12: 33171330 | G12: =IF(F13<F12,0,F13-F12) -> 1253 | H12: 14684770 | I12: =IF(H13<H12,0,H13-H12) -> 521
A13: =(A12+1) -> 43980 | B13: 123273 | C13: =IF(B14<B13,0,B14-B13)*10 -> 60 | D13: 18451928 | E13: =IF(D14<D13,0,D14-D13) -> 893 | F13: 33172583 | G13: =IF(F14<F13,0,F14-F13) -> 1304 | H13: 14685291 | I13: =IF(H14<H13,0,H14-H13) -> 566
A14: =(A13+1) -> 43981 | B14: 123279 | C14: =IF(B15<B14,0,B15-B14)*10 -> 60 | D14: 18452821 | E14: =IF(D15<D14,0,D15-D14) -> 838 | F14: 33173887 | G14: =IF(F15<F14,0,F15-F14) -> 1278 | H14: 14685857 | I14: =IF(H15<H14,0,H15-H14) -> 570
A15: =(A14+1) -> 43982 | B15: 123285 | C15: =IF(B16<B15,0,B16-B15)*10 -> 70 | D15: 18453659 | E15: =IF(D16<D15,0,D16-D15) -> 822 | F15: 33175165 | G15: =IF(F16<F15,0,F16-F15) -> 1253 | H15: 14686427 | I15: =IF(H16<H15,0,H16-H15) -> 568
A16: =(A15+1) -> 43983 | B16: 123292 | C16: =IF(B17<B16,0,B17-B16)*10 -> 60 | D16: 18454481 | E16: =IF(D17<D16,0,D17-D16) -> 896 | F16: 33176418 | G16: =IF(F17<F16,0,F17-F16) -> 1319 | H16: 14686995 | I16: =IF(H17<H16,0,H17-H16) -> 568
A17: =(A16+1) -> 43984 | B17: 123298 | C17: =IF(B18<B17,0,B18-B17)*10 -> 60 | D17: 18455377 | E17: =IF(D18<D17,0,D18-D17) -> 980 | F17: 33177737 | G17: =IF(F18<F17,0,F18-F17) -> 1309 | H17: 14687563 | I17: =IF(H18<H17,0,H18-H17) -> 510
A18: =(A17+1) -> 43985 | B18: 123304 | C18: =IF(B19<B18,0,B19-B18)*10 -> 70 | D18: 18456357 | E18: =IF(D19<D18,0,D19-D18) -> 681 | F18: 33179046 | G18: =IF(F19<F18,0,F19-F18) -> 1363 | H18: 14688073 | I18: =IF(H19<H18,0,H19-H18) -> 558
A19: =(A18+1) -> 43986 | B19: 123311 | C19: =IF(B20<B19,0,B20-B19)*10 -> 60 | D19: 18457038 | E19: =IF(D20<D19,0,D20-D19) -> 989 | F19: 33180409 | G19: =IF(F20<F19,0,F20-F19) -> 1316 | H19: 14688631 | I19: =IF(H20<H19,0,H20-H19) -> 565
A20: =(A19+1) -> 43987 | B20: 123317 | C20: =IF(B21<B20,0,B21-B20)*10 -> 60 | D20: 18458027 | E20: =IF(D21<D20,0,D21-D20) -> 973 | F20: 33181725 | G20: =IF(F21<F20,0,F21-F20) -> 1369 | H20: 14689196 | I20: =IF(H21<H20,0,H21-H20) -> 564
A21: =(A20+1) -> 43988 | B21: 123323 | C21: =IF(B22<B21,0,B22-B21)*10 -> 60 | D21: 18459000 | E21: =IF(D22<D21,0,D22-D21) -> 936 | F21: 33183094 | G21: =IF(F22<F21,0,F22-F21) -> 1331 | H21: 14689760 | I21: =IF(H22<H21,0,H22-H21) -> 599
... A37: =(A36+1) -> 44004 | B37: 123422 | C37: =IF(B38<B37,0,B38-B37)*10 -> 0 | D37: 18474693 | E37: =IF(D38<D37,0,D38-D37) -> 0 | F37: 33206540 | G37: =IF(F38<F37,0,F38-F37) -> 0 | H37: 14699808 | I37: =IF(H38<H37,0,H38-H37) -> 0
A38: =(A37+1) -> 44005 | C38: =IF(B39<B38,0,B39-B38)*10 -> 0 | E38: =IF(D39<D38,0,D39-D38) -> 0 | G38: =IF(F39<F38,0,F39-F38) -> 0 | I38: =IF(H39<H38,0,H39-H38) -> 0
A39: =(A38+1) -> 44006 | C39: =IF(B40<B39,0,B40-B39)*10 -> 0 | E39: =IF(D40<D39,0,D40-D39) -> 0 | G39: =IF(F40<F39,0,F40-F39) -> 0 | I39: =IF(H40<H39,0,H40-H39) -> 0
A40: =(A39+1) -> 44007 | C40: =IF(B41<B40,0,B41-B40)*10 -> 0 | E40: =IF(D41<D40,0,D41-D40) -> 0 | G40: =IF(F41<F40,0,F41-F40) -> 0 | I40: =IF(H41<H40,0,H41-H40) -> 0
A41: =(A40+1) -> 44008 | C41: =IF(B42<B41,0,B42-B41)*10 -> 0 | E41: =IF(D42<D41,0,D42-D41) -> 0 | G41: =IF(F42<F41,0,F42-F41) -> 0 | I41: =IF(H42<H41,0,H42-H41) -> 0
A42: =(A41+1) -> 44009 | C42: =IF(B43<B42,0,B43-B42)*10 -> 0 | E42: =IF(D43<D42,0,D43-D42) -> 0 | G42: =IF(F43<F42,0,F43-F42) -> 0 | I42: =IF(H43<H42,0,H43-H42) -> 0
A43: =(A42+1) -> 44010 | C43: =IF(B44<B43,0,B44-B43)*10 -> 0 | E43: =IF(D44<D43,0,D44-D43) -> 0 | G43: =IF(F44<F43,0,F44-F43) -> 0 | I43: =IF(H44<H43,0,H44-H43) -> 0
A44: =(A43+1) -> 44011 | C44: =IF(B45<B44,0,B45-B44)*10 -> 0 | E44: =IF(D45<D44,0,D45-D44) -> 0 | G44: =IF(F45<F44,0,F45-F44) -> 0 | I44: =IF(H45<H44,0,H45-H44) -> 0
A45: =(A44+1) -> 44012 | C45: =IF(B46<B45,0,B46-B45)*10 -> 0 | E45: =IF(D46<D45,0,D46-D45) -> 0 | G45: =IF(F46<F45,0,F46-F45) -> 0 | I45: =IF(H46<H45,0,H46-H45) -> 0
A46: =(A45+1) -> 44013 | C46: =IF(B47<B46,0,B47-B46)*10 -> 0 | E46: =IF(D47<D46,0,D47-D46) -> 0 | G46: =IF(F47<F46,0,F47-F46) -> 0 | I46: =IF(H47<H46,0,H47-H46) -> 0
A47: =(A46+1) -> 44014 | C47: =IF(B48<B47,0,B48-B47)*10 -> 0 | E47: =IF(D48<D47,0,D48-D47) -> 0 | G47: =IF(F48<F47,0,F48-F47) -> 0 | I47: =IF(H48<H47,0,H48-H47) -> 0
C48: =SUM(C16:C45) -> 1300 | E48: =SUM(E16:E45) -> 20212 | G48: =SUM(G16:G45) -> 30122 | I48: =SUM(I16:I45) -> 12813

Sheet Feuil1
