Workbook

Sheet Total Daily 
A1: Site Name | B1: Day | C1: Month | D1: Year | E1: Total Electricity Kwh | F1: Electricity Tariff ($/Kwh) | G1: LPG (Kg) | H1: LPG $/Kg | I1: District Energy Cooling Kwh | J1: District Energy Cooling $/Kwh | K1: Water Utility Supply (m3) m3 | L1: Water Utility Supply (m3) m3 | M1: Water Utility Supply (m3) $/m3 | N1: Room Nights
A2: Dubai DIFC | B2: 1 | C2: 6 | D2: 2020 | E2: ='06 - 2020'!B8-'06 - 2020'!B7+'06 - 2020'!C8-'06 - 2020'!C7 -> 2989 | F2: 0.118 | G2: =(('06 - 2020'!E8-'06 - 2020'!E7)+('06 - 2020'!F8-'06 - 2020'!F7)+('06 - 2020'!G8-'06 - 2020'!G7))*1.81 -> 18.6249 | H2: 0.99 | I2: ='06 - 2020'!J8-'06 - 2020'!J7 -> 10739 | J2: 0.081 | K2: ='06 - 2020'!H8-'06 - 2020'!H7 -> 0 | L2: ='06 - 2020'!I8-'06 - 2020'!I7 -> 21 | M2: 4.3936294 | N2: 0
A3: Dubai DIFC | B3: =B2+1 -> 2 | C3: 6 | D3: 2020 | E3: ='06 - 2020'!B9-'06 - 2020'!B8+'06 - 2020'!C9-'06 - 2020'!C8 -> 2826 | F3: 0.118 | G3: =(('06 - 2020'!E9-'06 - 2020'!E8)+('06 - 2020'!F9-'06 - 2020'!F8)+('06 - 2020'!G9-'06 - 2020'!G8))*1.81 -> 18.3534 | H3: 0.99 | I3: ='06 - 2020'!J9-'06 - 2020'!J8 -> 10321 | J3: 0.081 | K3: ='06 - 2020'!H9-'06 - 2020'!H8 -> 0 | L3: ='06 - 2020'!I9-'06 - 2020'!I8 -> 16 | M3: 4.3936294 | N3: 0
A4: Dubai DIFC | B4: =B3+1 -> 3 | C4: 6 | D4: 2020 | E4: ='06 - 2020'!B10-'06 - 2020'!B9+'06 - 2020'!C10-'06 - 2020'!C9 -> 2882 | F4: 0.118 | G4: =(('06 - 2020'!E10-'06 - 2020'!E9)+('06 - 2020'!F10-'06 - 2020'!F9)+('06 - 2020'!G10-'06 - 2020'!G9))*1.81 -> 19.2765 | H4: 0.99 | I4: ='06 - 2020'!J10-'06 - 2020'!J9 -> 9867 | J4: 0.081 | K4: ='06 - 2020'!H10-'06 - 2020'!H9 -> 0 | L4: ='06 - 2020'!I10-'06 - 2020'!I9 -> 18 | M4: 4.3936294 | N4: 0
A5: Dubai DIFC | B5: =B4+1 -> 4 | C5: 6 | D5: 2020 | E5: ='06 - 2020'!B11-'06 - 2020'!B10+'06 - 2020'!C11-'06 - 2020'!C10 -> 2862 | F5: 0.118 | G5: =(('06 - 2020'!E11-'06 - 2020'!E10)+('06 - 2020'!F11-'06 - 2020'!F10)+('06 - 2020'!G11-'06 - 2020'!G10))*1.81 -> 19.2946 | H5: 0.99 | I5: ='06 - 2020'!J11-'06 - 2020'!J10 -> 9938 | J5: 0.081 | K5: ='06 - 2020'!H11-'06 - 2020'!H10 -> 0 | L5: ='06 - 2020'!I11-'06 - 2020'!I10 -> 19 | M5: 4.3936294 | N5: 0
A6: Dubai DIFC | B6: =B5+1 -> 5 | C6: 6 | D6: 2020 | E6: ='06 - 2020'!B12-'06 - 2020'!B11+'06 - 2020'!C12-'06 - 2020'!C11 -> 3188 | F6: 0.118 | G6: =(('06 - 2020'!E12-'06 - 2020'!E11)+('06 - 2020'!F12-'06 - 2020'!F11)+('06 - 2020'!G12-'06 - 2020'!G11))*1.81 -> 20.1091 | H6: 0.99 | I6: ='06 - 2020'!J12-'06 - 2020'!J11 -> 13817 | J6: 0.081 | K6: ='06 - 2020'!H12-'06 - 2020'!H11 -> 0 | L6: ='06 - 2020'!I12-'06 - 2020'!I11 -> 20 | M6: 4.3936294 | N6: 0
A7: Dubai DIFC | B7: =B6+1 -> 6 | C7: 6 | D7: 2020 | E7: ='06 - 2020'!B13-'06 - 2020'!B12+'06 - 2020'!C13-'06 - 2020'!C12 -> 2735 | F7: 0.118 | G7: =(('06 - 2020'!E13-'06 - 2020'!E12)+('06 - 2020'!F13-'06 - 2020'!F12)+('06 - 2020'!G13-'06 - 2020'!G12))*1.81 -> 16.1633 | H7: 0.99 | I7: ='06 - 2020'!J13-'06 - 2020'!J12 -> 14643 | J7: 0.081 | K7: ='06 - 2020'!H13-'06 - 2020'!H12 -> 0 | L7: ='06 - 2020'!I13-'06 - 2020'!I12 -> 17 | M7: 4.3936294 | N7: 0
A8: Dubai DIFC | B8: =B7+1 -> 7 | C8: 6 | D8: 2020 | E8: ='06 - 2020'!B14-'06 - 2020'!B13+'06 - 2020'!C14-'06 - 2020'!C13 -> 3782 | F8: 0.118 | G8: =(('06 - 2020'!E14-'06 - 2020'!E13)+('06 - 2020'!F14-'06 - 2020'!F13)+('06 - 2020'!G14-'06 - 2020'!G13))*1.81 -> 23.5481 | H8: 0.99 | I8: ='06 - 2020'!J14-'06 - 2020'!J13 -> 14843 | J8: 0.081 | K8: ='06 - 2020'!H14-'06 - 2020'!H13 -> 0 | L8: ='06 - 2020'!I14-'06 - 2020'!I13 -> 23 | M8: 4.3936294 | N8: 0
A9: Dubai DIFC | B9: =B8+1 -> 8 | C9: 6 | D9: 2020 | E9: ='06 - 2020'!B15-'06 - 2020'!B14+'06 - 2020'!C15-'06 - 2020'!C14 -> 3362 | F9: 0.118 | G9: =(('06 - 2020'!E15-'06 - 2020'!E14)+('06 - 2020'!F15-'06 - 2020'!F14)+('06 - 2020'!G15-'06 - 2020'!G14))*1.81 -> 19.6385 | H9: 0.99 | I9: ='06 - 2020'!J15-'06 - 2020'!J14 -> 16347 | J9: 0.081 | K9: ='06 - 2020'!H15-'06 - 2020'!H14 -> 0 | L9: ='06 - 2020'!I15-'06 - 2020'!I14 -> 24 | M9: 4.3936294 | N9: 0
A10: Dubai DIFC | B10: =B9+1 -> 9 | C10: 6 | D10: 2020 | E10: ='06 - 2020'!B16-'06 - 2020'!B15+'06 - 2020'!C16-'06 - 2020'!C15 -> 3277 | F10: 0.118 | G10: =(('06 - 2020'!E16-'06 - 2020'!E15)+('06 - 2020'!F16-'06 - 2020'!F15)+('06 - 2020'!G16-'06 - 2020'!G15))*1.81 -> 20.1996 | H10: 0.99 | I10: ='06 - 2020'!J16-'06 - 2020'!J15 -> 15026 | J10: 0.081 | K10: ='06 - 2020'!H16-'06 - 2020'!H15 -> 0 | L10: ='06 - 2020'!I16-'06 - 2020'!I15 -> 19 | M10: 4.3936294 | N10: 0
A11: Dubai DIFC | B11: =B10+1 -> 10 | C11: 6 | D11: 2020 | E11: ='06 - 2020'!B17-'06 - 2020'!B16+'06 - 2020'!C17-'06 - 2020'!C16 -> 3424 | F11: 0.118 | G11: =(('06 - 2020'!E17-'06 - 2020'!E16)+('06 - 2020'!F17-'06 - 2020'!F16)+('06 - 2020'!G17-'06 - 2020'!G16))*1.81 -> 20.3625 | H11: 0.99 | I11: ='06 - 2020'!J17-'06 - 2020'!J16 -> 16605 | J11: 0.081 | K11: ='06 - 2020'!H17-'06 - 2020'!H16 -> 0 | L11: ='06 - 2020'!I17-'06 - 2020'!I16 -> 13 | M11: 4.3936294 | N11: 0
A12: Dubai DIFC | B12: =B11+1 -> 11 | C12: 6 | D12: 2020 | E12: ='06 - 2020'!B18-'06 - 2020'!B17+'06 - 2020'!C18-'06 - 2020'!C17 -> 3360 | F12: 0.118 | G12: =(('06 - 2020'!E18-'06 - 2020'!E17)+('06 - 2020'!F18-'06 - 2020'!F17)+('06 - 2020'!G18-'06 - 2020'!G17))*1.81 -> 20.815 | H12: 0.99 | I12: ='06 - 2020'!J18-'06 - 2020'!J17 -> 16003 | J12: 0.081 | K12: ='06 - 2020'!H18-'06 - 2020'!H17 -> 0 | L12: ='06 - 2020'!I18-'06 - 2020'!I17 -> 28 | M12: 4.3936294 | N12: 0
A13: Dubai DIFC | B13: =B12+1 -> 12 | C13: 6 | D13: 2020 | E13: ='06 - 2020'!B19-'06 - 2020'!B18+'06 - 2020'!C19-'06 - 2020'!C18 -> 3394 | F13: 0.118 | G13: =(('06 - 2020'!E19-'06 - 2020'!E18)+('06 - 2020'!F19-'06 - 2020'!F18)+('06 - 2020'!G19-'06 - 2020'!G18))*1.81 -> 22.3354 | H13: 0.99 | I13: ='06 - 2020'!J19-'06 - 2020'!J18 -> 15826 | J13: 0.081 | K13: ='06 - 2020'!H19-'06 - 2020'!H18 -> 0 | L13: ='06 - 2020'!I19-'06 - 2020'!I18 -> 56 | M13: 4.3936294 | N13: 0
A14: Dubai DIFC | B14: =B13+1 -> 13 | C14: 6 | D14: 2020 | E14: ='06 - 2020'!B20-'06 - 2020'!B19+'06 - 2020'!C20-'06 - 2020'!C19 -> 3300 | F14: 0.118 | G14: =(('06 - 2020'!E20-'06 - 2020'!E19)+('06 - 2020'!F20-'06 - 2020'!F19)+('06 - 2020'!G20-'06 - 2020'!G19))*1.81 -> 20.7969 | H14: 0.99 | I14: ='06 - 2020'!J20-'06 - 2020'!J19 -> 14187 | J14: 0.081 | K14: ='06 - 2020'!H20-'06 - 2020'!H19 -> 0 | L14: ='06 - 2020'!I20-'06 - 2020'!I19 -> 30 | M14: 4.3936294 | N14: 0
... A28: Dubai DIFC | B28: =B27+1 -> 27 | C28: 6 | D28: 2020 | E28: ='06 - 2020'!B34-'06 - 2020'!B33+'06 - 2020'!C34-'06 - 2020'!C33 -> 4414 | F28: 0.118 | G28: =(('06 - 2020'!E34-'06 - 2020'!E33)+('06 - 2020'!F34-'06 - 2020'!F33)+('06 - 2020'!G34-'06 - 2020'!G33))*1.81 -> 39.4399 | H28: 0.99 | I28: ='06 - 2020'!J34-'06 - 2020'!J33 -> 20674 | J28: 0.081 | K28: ='06 - 2020'!H34-'06 - 2020'!H33 -> 0 | L28: ='06 - 2020'!I34-'06 - 2020'!I33 -> 28 | M28: 4.3936294 | N28: 0
A29: Dubai DIFC | B29: =B28+1 -> 28 | C29: 6 | D29: 2020 | E29: 0 | F29: 0.118 | G29: 0 | H29: 0.99 | I29: 0 | J29: 0.081 | K29: 0 | L29: 0 | M29: 4.3936294
A30: Dubai DIFC | B30: =B29+1 -> 29 | C30: 6 | D30: 2020 | E30: ='06 - 2020'!B36-'06 - 2020'!B35+'06 - 2020'!C36-'06 - 2020'!C35 -> 0 | F30: 0.118 | G30: =(('06 - 2020'!E36-'06 - 2020'!E35)+('06 - 2020'!F36-'06 - 2020'!F35)+('06 - 2020'!G36-'06 - 2020'!G35))*1.81 -> 0 | H30: 0.99 | I30: ='06 - 2020'!J36-'06 - 2020'!J35 -> 0 | J30: 0.081 | K30: ='06 - 2020'!H36-'06 - 2020'!H35 -> 0 | L30: ='06 - 2020'!I36-'06 - 2020'!I35 -> 0 | M30: 4.3936294
A31: Dubai DIFC | B31: =B30+1 -> 30 | C31: 6 | D31: 2020 | E31: ='06 - 2020'!B37-'06 - 2020'!B36+'06 - 2020'!C37-'06 - 2020'!C36 -> 0 | F31: 0.118 | G31: =(('06 - 2020'!E37-'06 - 2020'!E36)+('06 - 2020'!F37-'06 - 2020'!F36)+('06 - 2020'!G37-'06 - 2020'!G36))*1.81 -> 0 | H31: 0.99 | I31: ='06 - 2020'!J37-'06 - 2020'!J36 -> 0 | J31: 0.081 | K31: ='06 - 2020'!H37-'06 - 2020'!H36 -> 0 | L31: ='06 - 2020'!I37-'06 - 2020'!I36 -> 0 | M31: 4.3936294

Sheet Submetering Daily 
A1: Site Name | B1: Day | C1: Month | D1: Year | E1: Panel LV1 Kwh | F1: Panel LV2 Kwh | G1: Electricity Tariff ($/Kwh) | H1: Main Kitchen LPG (Kg) | I1: Podium Kitchen LPG (Kg) | J1: Boiler LPG (Kg) | K1: LPG $/Kg | L1: Room Nights
A2: Dubai DIFC | B2: 1 | C2: 6 | D2: 2020 | E2: ='06 - 2020'!B8-'06 - 2020'!B7 -> 346 | F2: ='06 - 2020'!C8-'06 - 2020'!C7 -> 2643 | G2: 0.118 | H2: ='06 - 2020'!E8-'06 - 2020'!E7 -> 0.3 | I2: ='06 - 2020'!F8-'06 - 2020'!F7 -> 0 | J2: ='06 - 2020'!G8-'06 - 2020'!G7 -> 9.99 | K2: 0.74 | L2: 0
A3: Dubai DIFC | B3: =B2+1 -> 2 | C3: 6 | D3: 2020 | E3: ='06 - 2020'!B9-'06 - 2020'!B8 -> 281 | F3: ='06 - 2020'!C9-'06 - 2020'!C8 -> 2545 | G3: 0.118 | H3: ='06 - 2020'!E9-'06 - 2020'!E8 -> 0.44 | I3: ='06 - 2020'!F9-'06 - 2020'!F8 -> 0 | J3: ='06 - 2020'!G9-'06 - 2020'!G8 -> 9.7 | K3: 0.74 | L3: 0
A4: Dubai DIFC | B4: =B3+1 -> 3 | C4: 6 | D4: 2020 | E4: ='06 - 2020'!B10-'06 - 2020'!B9 -> 337 | F4: ='06 - 2020'!C10-'06 - 2020'!C9 -> 2545 | G4: 0.118 | H4: ='06 - 2020'!E10-'06 - 2020'!E9 -> 0.52 | I4: ='06 - 2020'!F10-'06 - 2020'!F9 -> 0 | J4: ='06 - 2020'!G10-'06 - 2020'!G9 -> 10.13 | K4: 0.74 | L4: 0
A5: Dubai DIFC | B5: =B4+1 -> 4 | C5: 6 | D5: 2020 | E5: ='06 - 2020'!B11-'06 - 2020'!B10 -> 343 | F5: ='06 - 2020'!C11-'06 - 2020'!C10 -> 2519 | G5: 0.118 | H5: ='06 - 2020'!E11-'06 - 2020'!E10 -> 0.44 | I5: ='06 - 2020'!F11-'06 - 2020'!F10 -> 0 | J5: ='06 - 2020'!G11-'06 - 2020'!G10 -> 10.22 | K5: 0.74 | L5: 0
A6: Dubai DIFC | B6: =B5+1 -> 5 | C6: 6 | D6: 2020 | E6: ='06 - 2020'!B12-'06 - 2020'!B11 -> 407 | F6: ='06 - 2020'!C12-'06 - 2020'!C11 -> 2781 | G6: 0.118 | H6: ='06 - 2020'!E12-'06 - 2020'!E11 -> 0.56 | I6: ='06 - 2020'!F12-'06 - 2020'!F11 -> 0 | J6: ='06 - 2020'!G12-'06 - 2020'!G11 -> 10.55 | K6: 0.74 | L6: 0
A7: Dubai DIFC | B7: =B6+1 -> 6 | C7: 6 | D7: 2020 | E7: ='06 - 2020'!B13-'06 - 2020'!B12 -> 399 | F7: ='06 - 2020'!C13-'06 - 2020'!C12 -> 2336 | G7: 0.118 | H7: ='06 - 2020'!E13-'06 - 2020'!E12 -> 0.44 | I7: ='06 - 2020'!F13-'06 - 2020'!F12 -> 0 | J7: ='06 - 2020'!G13-'06 - 2020'!G12 -> 8.49 | K7: 0.74 | L7: 0
A8: Dubai DIFC | B8: =B7+1 -> 7 | C8: 6 | D8: 2020 | E8: ='06 - 2020'!B14-'06 - 2020'!B13 -> 416 | F8: ='06 - 2020'!C14-'06 - 2020'!C13 -> 3366 | G8: 0.118 | H8: ='06 - 2020'!E14-'06 - 2020'!E13 -> 0.52 | I8: ='06 - 2020'!F14-'06 - 2020'!F13 -> 0 | J8: ='06 - 2020'!G14-'06 - 2020'!G13 -> 12.49 | K8: 0.74 | L8: 0
A9: Dubai DIFC | B9: =B8+1 -> 8 | C9: 6 | D9: 2020 | E9: ='06 - 2020'!B15-'06 - 2020'!B14 -> 469 | F9: ='06 - 2020'!C15-'06 - 2020'!C14 -> 2893 | G9: 0.118 | H9: ='06 - 2020'!E15-'06 - 2020'!E14 -> 0.37 | I9: ='06 - 2020'!F15-'06 - 2020'!F14 -> 0 | J9: ='06 - 2020'!G15-'06 - 2020'!G14 -> 10.48 | K9: 0.74 | L9: 0
A10: Dubai DIFC | B10: =B9+1 -> 9 | C10: 6 | D10: 2020 | E10: ='06 - 2020'!B16-'06 - 2020'!B15 -> 450 | F10: ='06 - 2020'!C16-'06 - 2020'!C15 -> 2827 | G10: 0.118 | H10: ='06 - 2020'!E16-'06 - 2020'!E15 -> 0.46 | I10: ='06 - 2020'!F16-'06 - 2020'!F15 -> 0 | J10: ='06 - 2020'!G16-'06 - 2020'!G15 -> 10.7 | K10: 0.74 | L10: 0
A11: Dubai DIFC | B11: =B10+1 -> 10 | C11: 6 | D11: 2020 | E11: ='06 - 2020'!B17-'06 - 2020'!B16 -> 432 | F11: ='06 - 2020'!C17-'06 - 2020'!C16 -> 2992 | G11: 0.118 | H11: ='06 - 2020'!E17-'06 - 2020'!E16 -> 0.48 | I11: ='06 - 2020'!F17-'06 - 2020'!F16 -> 0 | J11: ='06 - 2020'!G17-'06 - 2020'!G16 -> 10.77 | K11: 0.74 | L11: 0
A12: Dubai DIFC | B12: =B11+1 -> 11 | C12: 6 | D12: 2020 | E12: ='06 - 2020'!B18-'06 - 2020'!B17 -> 416 | F12: ='06 - 2020'!C18-'06 - 2020'!C17 -> 2944 | G12: 0.118 | H12: ='06 - 2020'!E18-'06 - 2020'!E17 -> 0.46 | I12: ='06 - 2020'!F18-'06 - 2020'!F17 -> 0 | J12: ='06 - 2020'!G18-'06 - 2020'!G17 -> 11.04 | K12: 0.74 | L12: 0
A13: Dubai DIFC | B13: =B12+1 -> 12 | C13: 6 | D13: 2020 | E13: ='06 - 2020'!B19-'06 - 2020'!B18 -> 464 | F13: ='06 - 2020'!C19-'06 - 2020'!C18 -> 2930 | G13: 0.118 | H13: ='06 - 2020'!E19-'06 - 2020'!E18 -> 0.51 | I13: ='06 - 2020'!F19-'06 - 2020'!F18 -> 0 | J13: ='06 - 2020'!G19-'06 - 2020'!G18 -> 11.83 | K13: 0.74 | L13: 0
A14: Dubai DIFC | B14: =B13+1 -> 13 | C14: 6 | D14: 2020 | E14: ='06 - 2020'!B20-'06 - 2020'!B19 -> 378 | F14: ='06 - 2020'!C20-'06 - 2020'!C19 -> 2922 | G14: 0.118 | H14: ='06 - 2020'!E20-'06 - 2020'!E19 -> 0.36 | I14: ='06 - 2020'!F20-'06 - 2020'!F19 -> 0 | J14: ='06 - 2020'!G20-'06 - 2020'!G19 -> 11.13 | K14: 0.74 | L14: 0
... A28: Dubai DIFC | B28: =B27+1 -> 27 | C28: 6 | D28: 2020 | E28: ='06 - 2020'!B34-'06 - 2020'!B33 -> 665 | F28: ='06 - 2020'!C34-'06 - 2020'!C33 -> 3749 | G28: 0.118 | H28: ='06 - 2020'!E34-'06 - 2020'!E33 -> 7.65 | I28: ='06 - 2020'!F34-'06 - 2020'!F33 -> 0 | J28: ='06 - 2020'!G34-'06 - 2020'!G33 -> 14.14 | K28: 0.74 | L28: 0
A29: Dubai DIFC | B29: =B28+1 -> 28 | C29: 6 | D29: 2020 | E29: 0 | F29: 0 | G29: 0.118 | H29: 0 | I29: 0 | J29: 0 | K29: 0.74
A30: Dubai DIFC | B30: =B29+1 -> 29 | C30: 6 | D30: 2020 | E30: ='06 - 2020'!B36-'06 - 2020'!B35 -> 0 | F30: ='06 - 2020'!C36-'06 - 2020'!C35 -> 0 | G30: 0.118 | H30: ='06 - 2020'!E36-'06 - 2020'!E35 -> 0 | I30: ='06 - 2020'!F36-'06 - 2020'!F35 -> 0 | J30: ='06 - 2020'!G36-'06 - 2020'!G35 -> 0 | K30: 0.74
A31: Dubai DIFC | B31: 30 | C31: 6 | D31: 2020 | E31: ='06 - 2020'!B37-'06 - 2020'!B36 -> 0 | F31: ='06 - 2020'!C37-'06 - 2020'!C36 -> 0 | G31: 0.118 | H31: ='06 - 2020'!E37-'06 - 2020'!E36 -> 0 | I31: ='06 - 2020'!F37-'06 - 2020'!F36 -> 0 | J31: ='06 - 2020'!G37-'06 - 2020'!G36 -> 0 | K31: 0.74

Sheet 06 - 2020
A3: FOUR SEASONS HOTEL - DIFC
A4: HLP READING MONTH OF June' 2020
B5: 19 | D5: LPG (cu.m) | H5: Water (cu.m) | J5: BTU
A6: Date | B6: LV-01, 2025952759 | C6: LV-2, 2030235407 | D6: Main Meter % | E6: Main Kitchen | F6: Podium Kitchen | G6: Boiler | H6: B-3 Water Meter (DIFC) | I6: MainWater Meter (DEWA) | J6: Chilled Water (KWH) | K6: Gas Received (Litres) | L6: Remark
A7: 43982 | B7: 691571 | C7: 883528 | D7: 0.79 | E7: 10847.76 | F7: 2069 | G7: 19260.55 | H7: 14528 | I7: 93740 | J7: 38651838
A8: 43983 | B8: 691917 | C8: 886171 | D8: 0.76 | E8: 10848.06 | F8: 2069 | G8: 19270.54 | H8: 14528 | I8: 93761 | J8: 38662577
A9: 43984 | B9: 692198 | C9: 888716 | D9: 0.74 | E9: 10848.5 | F9: 2069 | G9: 19280.24 | H9: 14528 | I9: 93777 | J9: 38672898
A10: 43985 | B10: 692535 | C10: 891261 | D10: 0.73 | E10: 10849.02 | F10: 2069 | G10: 19290.37 | H10: 14528 | I10: 93795 | J10: 38682765
A11: 43986 | B11: 692878 | C11: 893780 | D11: 0.71 | E11: 10849.46 | F11: 2069 | G11: 19300.59 | H11: 14528 | I11: 93814 | J11: 38692703
A12: 43987 | B12: 693285 | C12: 896561 | D12: 0.69 | E12: 10850.02 | F12: 2069 | G12: 19311.14 | H12: 14528 | I12: 93834 | J12: 38706520
A13: 43988 | B13: 693684 | C13: 898897 | D13: 0.67 | E13: 10850.46 | F13: 2069 | G13: 19319.63 | H13: 14528 | I13: 93851 | J13: 38721163
A14: 43989 | B14: 694100 | C14: 902263 | D14: 0.64 | E14: 10850.98 | F14: 2069 | G14: 19332.12 | H14: 14528 | I14: 93874 | J14: 38736006
A15: 43990 | B15: 694569 | C15: 905156 | D15: 0.61 | E15: 10851.35 | F15: 2069 | G15: 19342.6 | H15: 14528 | I15: 93898 | J15: 38752353
A16: 43991 | B16: 695019 | C16: 907983 | D16: 0.6 | E16: 10851.81 | F16: 2069 | G16: 19353.3 | H16: 14528 | I16: 93917 | J16: 38767379
A17: 43992 | B17: 695451 | C17: 910975 | D17: 0.59 | E17: 10852.29 | F17: 2069 | G17: 19364.07 | H17: 14528 | I17: 93930 | J17: 38783984
A18: 43993 | B18: 695867 | C18: 913919 | D18: 0.58 | E18: 10852.75 | F18: 2069 | G18: 19375.11 | H18: 14528 | I18: 93958 | J18: 38799987
... A34: 44009 | B34: 706265 | C34: 968989 | D34: 0.75 | E34: 10936.25 | F34: 2069 | G34: 19562.51 | H34: 14528 | I34: 94402 | J34: 39097453
A35: 44010
A36: 44011
A37: 44012
A38: Readings | B38: =B37-B7 -> -691571 | C38: =C37-C7 -> -883528 | D38: =D37-D7 -> -0.79 | E38: =E37-E7 -> -10847.76 | F38: =F37-F7 -> -2069 | G38: =G37-G7 -> -19260.55 | H38: =H37-H7 -> -14528 | I38: =I37-I7 -> -93740 | J38: =J37-J7 -> -38651838
H39: =H38*219.969 -> -3195709.6 | I39: =I38*219.969 -> -20619894
