Workbook

Sheet Total Daily 
A1: Site Name | B1: Day | C1: Month | D1: Year | E1: Total Electricity Kwh | F1: Electricity Tariff ($/Kwh) | G1: LPG (Kg) | H1: LPG $/Kg | I1: District Energy Cooling Kwh | J1: District Energy Cooling $/Kwh | K1: Water Utility Supply (m3) m3 | L1: Water Utility Supply (m3) m3 | M1: Water Utility Supply (m3) $/m3 | N1: Room Nights
A2: Dubai DIFC | B2: 1 | C2: 7 | D2: 2020 | E2: ='07 - 2020'!B8-'07 - 2020'!B7+'07 - 2020'!C8-'07 - 2020'!C7 -> 5021 | F2: 0.118 | G2: =(('07 - 2020'!E8-'07 - 2020'!E7)+('07 - 2020'!F8-'07 - 2020'!F7)+('07 - 2020'!G8-'07 - 2020'!G7))*1.81 -> 51.6212 | H2: 0.99 | I2: ='07 - 2020'!J8-'07 - 2020'!J7 -> 20149 | J2: 0.081 | K2: ='07 - 2020'!H8-'07 - 2020'!H7 -> 0 | L2: ='07 - 2020'!I8-'07 - 2020'!I7 -> 31 | M2: 4.3936294 | N2: 0
A3: Dubai DIFC | B3: =B2+1 -> 2 | C3: 7 | D3: 2020 | E3: ='07 - 2020'!B9-'07 - 2020'!B8+'07 - 2020'!C9-'07 - 2020'!C8 -> 5050 | F3: 0.118 | G3: =(('07 - 2020'!E9-'07 - 2020'!E8)+('07 - 2020'!F9-'07 - 2020'!F8)+('07 - 2020'!G9-'07 - 2020'!G8))*1.81 -> 45.5396 | H3: 0.99 | I3: ='07 - 2020'!J9-'07 - 2020'!J8 -> 22822 | J3: 0.081 | K3: ='07 - 2020'!H9-'07 - 2020'!H8 -> 0 | L3: ='07 - 2020'!I9-'07 - 2020'!I8 -> 29 | M3: 4.3936294 | N3: 0
A4: Dubai DIFC | B4: =B3+1 -> 3 | C4: 7 | D4: 2020 | E4: ='07 - 2020'!B10-'07 - 2020'!B9+'07 - 2020'!C10-'07 - 2020'!C9 -> 5017 | F4: 0.118 | G4: =(('07 - 2020'!E10-'07 - 2020'!E9)+('07 - 2020'!F10-'07 - 2020'!F9)+('07 - 2020'!G10-'07 - 2020'!G9))*1.81 -> 50.4085 | H4: 0.99 | I4: ='07 - 2020'!J10-'07 - 2020'!J9 -> 20085 | J4: 0.081 | K4: ='07 - 2020'!H10-'07 - 2020'!H9 -> 0 | L4: ='07 - 2020'!I10-'07 - 2020'!I9 -> 39 | M4: 4.3936294 | N4: 0
A5: Dubai DIFC | B5: =B4+1 -> 4 | C5: 7 | D5: 2020 | E5: ='07 - 2020'!B11-'07 - 2020'!B10+'07 - 2020'!C11-'07 - 2020'!C10 -> 4952 | F5: 0.118 | G5: =(('07 - 2020'!E11-'07 - 2020'!E10)+('07 - 2020'!F11-'07 - 2020'!F10)+('07 - 2020'!G11-'07 - 2020'!G10))*1.81 -> 47.3677 | H5: 0.99 | I5: ='07 - 2020'!J11-'07 - 2020'!J10 -> 20848 | J5: 0.081 | K5: ='07 - 2020'!H11-'07 - 2020'!H10 -> 0 | L5: ='07 - 2020'!I11-'07 - 2020'!I10 -> 22 | M5: 4.3936294 | N5: 0
A6: Dubai DIFC | B6: =B5+1 -> 5 | C6: 7 | D6: 2020 | E6: ='07 - 2020'!B12-'07 - 2020'!B11+'07 - 2020'!C12-'07 - 2020'!C11 -> 5276.13 | F6: 0.118 | G6: =(('07 - 2020'!E12-'07 - 2020'!E11)+('07 - 2020'!F12-'07 - 2020'!F11)+('07 - 2020'!G12-'07 - 2020'!G11))*1.81 -> 48.0917 | H6: 0.99 | I6: ='07 - 2020'!J12-'07 - 2020'!J11 -> 26147 | J6: 0.081 | K6: ='07 - 2020'!H12-'07 - 2020'!H11 -> 0 | L6: ='07 - 2020'!I12-'07 - 2020'!I11 -> 35 | M6: 4.3936294 | N6: 0
A7: Dubai DIFC | B7: =B6+1 -> 6 | C7: 7 | D7: 2020 | E7: ='07 - 2020'!B13-'07 - 2020'!B12+'07 - 2020'!C13-'07 - 2020'!C12 -> 5387.4 | F7: 0.118 | G7: =(('07 - 2020'!E13-'07 - 2020'!E12)+('07 - 2020'!F13-'07 - 2020'!F12)+('07 - 2020'!G13-'07 - 2020'!G12))*1.81 -> 72.8706 | H7: 0.99 | I7: ='07 - 2020'!J13-'07 - 2020'!J12 -> 28114 | J7: 0.081 | K7: ='07 - 2020'!H13-'07 - 2020'!H12 -> 0 | L7: ='07 - 2020'!I13-'07 - 2020'!I12 -> 37 | M7: 4.3936294 | N7: 0
A8: Dubai DIFC | B8: =B7+1 -> 7 | C8: 7 | D8: 2020 | E8: ='07 - 2020'!B14-'07 - 2020'!B13+'07 - 2020'!C14-'07 - 2020'!C13 -> 5251.77 | F8: 0.118 | G8: =(('07 - 2020'!E14-'07 - 2020'!E13)+('07 - 2020'!F14-'07 - 2020'!F13)+('07 - 2020'!G14-'07 - 2020'!G13))*1.81 -> 61.2504 | H8: 0.99 | I8: ='07 - 2020'!J14-'07 - 2020'!J13 -> 22291 | J8: 0.081 | K8: ='07 - 2020'!H14-'07 - 2020'!H13 -> 0 | L8: ='07 - 2020'!I14-'07 - 2020'!I13 -> 31 | M8: 4.3936294 | N8: 0
A9: Dubai DIFC | B9: =B8+1 -> 8 | C9: 7 | D9: 2020 | E9: ='07 - 2020'!B15-'07 - 2020'!B14+'07 - 2020'!C15-'07 - 2020'!C14 -> 5227.7 | F9: 0.118 | G9: =(('07 - 2020'!E15-'07 - 2020'!E14)+('07 - 2020'!F15-'07 - 2020'!F14)+('07 - 2020'!G15-'07 - 2020'!G14))*1.81 -> 57.7752 | H9: 0.99 | I9: ='07 - 2020'!J15-'07 - 2020'!J14 -> 23681 | J9: 0.081 | K9: ='07 - 2020'!H15-'07 - 2020'!H14 -> 0 | L9: ='07 - 2020'!I15-'07 - 2020'!I14 -> 23 | M9: 4.3936294 | N9: 0
A10: Dubai DIFC | B10: =B9+1 -> 9 | C10: 7 | D10: 2020 | E10: ='07 - 2020'!B16-'07 - 2020'!B15+'07 - 2020'!C16-'07 - 2020'!C15 -> 5366.1 | F10: 0.118 | G10: =(('07 - 2020'!E16-'07 - 2020'!E15)+('07 - 2020'!F16-'07 - 2020'!F15)+('07 - 2020'!G16-'07 - 2020'!G15))*1.81 -> 62.9156 | H10: 0.99 | I10: ='07 - 2020'!J16-'07 - 2020'!J15 -> 24411 | J10: 0.081 | K10: ='07 - 2020'!H16-'07 - 2020'!H15 -> 0 | L10: ='07 - 2020'!I16-'07 - 2020'!I15 -> 24 | M10: 4.3936294 | N10: 0
A11: Dubai DIFC | B11: =B10+1 -> 10 | C11: 7 | D11: 2020 | E11: ='07 - 2020'!B17-'07 - 2020'!B16+'07 - 2020'!C17-'07 - 2020'!C16 -> 5358.3 | F11: 0.118 | G11: =(('07 - 2020'!E17-'07 - 2020'!E16)+('07 - 2020'!F17-'07 - 2020'!F16)+('07 - 2020'!G17-'07 - 2020'!G16))*1.81 -> 62.9337 | H11: 0.99 | I11: ='07 - 2020'!J17-'07 - 2020'!J16 -> 23953 | J11: 0.081 | K11: ='07 - 2020'!H17-'07 - 2020'!H16 -> 0 | L11: ='07 - 2020'!I17-'07 - 2020'!I16 -> 65 | M11: 4.3936294 | N11: 0
A12: Dubai DIFC | B12: =B11+1 -> 11 | C12: 7 | D12: 2020 | E12: ='07 - 2020'!B18-'07 - 2020'!B17+'07 - 2020'!C18-'07 - 2020'!C17 -> 5508.2 | F12: 0.118 | G12: =(('07 - 2020'!E18-'07 - 2020'!E17)+('07 - 2020'!F18-'07 - 2020'!F17)+('07 - 2020'!G18-'07 - 2020'!G17))*1.81 -> 60.5988 | H12: 0.99 | I12: ='07 - 2020'!J18-'07 - 2020'!J17 -> 22539 | J12: 0.081 | K12: ='07 - 2020'!H18-'07 - 2020'!H17 -> 0 | L12: ='07 - 2020'!I18-'07 - 2020'!I17 -> 40 | M12: 4.3936294 | N12: 0
A13: Dubai DIFC | B13: =B12+1 -> 12 | C13: 7 | D13: 2020 | E13: ='07 - 2020'!B19-'07 - 2020'!B18+'07 - 2020'!C19-'07 - 2020'!C18 -> 4948.9 | F13: 0.118 | G13: =(('07 - 2020'!E19-'07 - 2020'!E18)+('07 - 2020'!F19-'07 - 2020'!F18)+('07 - 2020'!G19-'07 - 2020'!G18))*1.81 -> 46.2636 | H13: 0.99 | I13: ='07 - 2020'!J19-'07 - 2020'!J18 -> 22630 | J13: 0.081 | K13: ='07 - 2020'!H19-'07 - 2020'!H18 -> 0 | L13: ='07 - 2020'!I19-'07 - 2020'!I18 -> 42 | M13: 4.3936294 | N13: 0
A14: Dubai DIFC | B14: =B13+1 -> 13 | C14: 7 | D14: 2020 | E14: ='07 - 2020'!B20-'07 - 2020'!B19+'07 - 2020'!C20-'07 - 2020'!C19 -> 5366.2 | F14: 0.118 | G14: =(('07 - 2020'!E20-'07 - 2020'!E19)+('07 - 2020'!F20-'07 - 2020'!F19)+('07 - 2020'!G20-'07 - 2020'!G19))*1.81 -> 58.4087 | H14: 0.99 | I14: ='07 - 2020'!J20-'07 - 2020'!J19 -> 23434 | J14: 0.081 | K14: ='07 - 2020'!H20-'07 - 2020'!H19 -> 0 | L14: ='07 - 2020'!I20-'07 - 2020'!I19 -> 45 | M14: 4.3936294 | N14: 0
... A26: Dubai DIFC | B26: =B25+1 -> 25 | C26: 7 | D26: 2020 | E26: ='07 - 2020'!B32-'07 - 2020'!B31+'07 - 2020'!C32-'07 - 2020'!C31 -> 6311 | F26: 0.118 | G26: =(('07 - 2020'!E32-'07 - 2020'!E31)+('07 - 2020'!F32-'07 - 2020'!F31)+('07 - 2020'!G32-'07 - 2020'!G31))*1.81 -> 88.9796 | H26: 0.99 | I26: ='07 - 2020'!J32-'07 - 2020'!J31 -> 29050 | J26: 0.081 | K26: ='07 - 2020'!H32-'07 - 2020'!H31 -> 0 | L26: ='07 - 2020'!I32-'07 - 2020'!I31 -> 45 | M26: 4.3936294 | N26: 0
A27: Dubai DIFC | B27: =B26+1 -> 26 | C27: 7 | D27: 2020 | E27: 0 | F27: 0.118 | G27: 0 | H27: 0.99 | I27: 0 | J27: 0.081 | K27: 0 | L27: 0 | M27: 4.3936294
A28: Dubai DIFC | B28: =B27+1 -> 27 | C28: 7 | D28: 2020 | E28: ='07 - 2020'!B34-'07 - 2020'!B33+'07 - 2020'!C34-'07 - 2020'!C33 -> 0 | F28: 0.118 | G28: =(('07 - 2020'!E34-'07 - 2020'!E33)+('07 - 2020'!F34-'07 - 2020'!F33)+('07 - 2020'!G34-'07 - 2020'!G33))*1.81 -> 0 | H28: 0.99 | I28: ='07 - 2020'!J34-'07 - 2020'!J33 -> 0 | J28: 0.081 | K28: ='07 - 2020'!H34-'07 - 2020'!H33 -> 0 | L28: ='07 - 2020'!I34-'07 - 2020'!I33 -> 0 | M28: 4.3936294
A29: Dubai DIFC | B29: =B28+1 -> 28 | C29: 7 | D29: 2020 | E29: ='07 - 2020'!B35-'07 - 2020'!B34+'07 - 2020'!C35-'07 - 2020'!C34 -> 0 | F29: 0.118 | G29: =(('07 - 2020'!E35-'07 - 2020'!E34)+('07 - 2020'!F35-'07 - 2020'!F34)+('07 - 2020'!G35-'07 - 2020'!G34))*1.81 -> 0 | H29: 0.99 | I29: ='07 - 2020'!J35-'07 - 2020'!J34 -> 0 | J29: 0.081 | K29: ='07 - 2020'!H35-'07 - 2020'!H34 -> 0 | L29: ='07 - 2020'!I35-'07 - 2020'!I34 -> 0 | M29: 4.3936294
A30: Dubai DIFC | B30: =B29+1 -> 29 | C30: 7 | D30: 2020 | E30: ='07 - 2020'!B36-'07 - 2020'!B35+'07 - 2020'!C36-'07 - 2020'!C35 -> 0 | F30: 0.118 | G30: =(('07 - 2020'!E36-'07 - 2020'!E35)+('07 - 2020'!F36-'07 - 2020'!F35)+('07 - 2020'!G36-'07 - 2020'!G35))*1.81 -> 0 | H30: 0.99 | I30: ='07 - 2020'!J36-'07 - 2020'!J35 -> 0 | J30: 0.081 | K30: ='07 - 2020'!H36-'07 - 2020'!H35 -> 0 | L30: ='07 - 2020'!I36-'07 - 2020'!I35 -> 0 | M30: 4.3936294
A31: Dubai DIFC | B31: =B30+1 -> 30 | C31: 7 | D31: 2020 | E31: ='07 - 2020'!B37-'07 - 2020'!B36+'07 - 2020'!C37-'07 - 2020'!C36 -> 0 | F31: 0.118 | G31: =(('07 - 2020'!E37-'07 - 2020'!E36)+('07 - 2020'!F37-'07 - 2020'!F36)+('07 - 2020'!G37-'07 - 2020'!G36))*1.81 -> 0 | H31: 0.99 | I31: ='07 - 2020'!J37-'07 - 2020'!J36 -> 0 | J31: 0.081 | K31: ='07 - 2020'!H37-'07 - 2020'!H36 -> 0 | L31: ='07 - 2020'!I37-'07 - 2020'!I36 -> 0 | M31: 4.3936294
A32: Dubai DIFC | B32: =B31+1 -> 31 | C32: 7 | D32: 2020 | E32: 0 | F32: 0.118 | G32: 0 | H32: 0.99 | I32: 0 | J32: 0.081 | K32: 0 | L32: 0 | M32: 4.3936294

Sheet Submetering Daily 
A1: Site Name | B1: Day | C1: Month | D1: Year | E1: Panel LV1 Kwh | F1: Panel LV2 Kwh | G1: Electricity Tariff ($/Kwh) | H1: Main Kitchen LPG (Kg) | I1: Podium Kitchen LPG (Kg) | J1: Boiler LPG (Kg) | K1: LPG $/Kg | L1: Room Nights
A2: Dubai DIFC | B2: 1 | C2: 7 | D2: 2020 | E2: ='07 - 2020'!B8-'07 - 2020'!B7 -> 842 | F2: ='07 - 2020'!C8-'07 - 2020'!C7 -> 4179 | G2: 0.118 | H2: ='07 - 2020'!E8-'07 - 2020'!E7 -> 10.06 | I2: ='07 - 2020'!F8-'07 - 2020'!F7 -> 0 | J2: ='07 - 2020'!G8-'07 - 2020'!G7 -> 18.46 | K2: 0.74 | L2: 0
A3: Dubai DIFC | B3: =B2+1 -> 2 | C3: 7 | D3: 2020 | E3: ='07 - 2020'!B9-'07 - 2020'!B8 -> 835 | F3: ='07 - 2020'!C9-'07 - 2020'!C8 -> 4215 | G3: 0.118 | H3: ='07 - 2020'!E9-'07 - 2020'!E8 -> 9.74 | I3: ='07 - 2020'!F9-'07 - 2020'!F8 -> 0 | J3: ='07 - 2020'!G9-'07 - 2020'!G8 -> 15.42 | K3: 0.74 | L3: 0
A4: Dubai DIFC | B4: =B3+1 -> 3 | C4: 7 | D4: 2020 | E4: ='07 - 2020'!B10-'07 - 2020'!B9 -> 784 | F4: ='07 - 2020'!C10-'07 - 2020'!C9 -> 4233 | G4: 0.118 | H4: ='07 - 2020'!E10-'07 - 2020'!E9 -> 11.29 | I4: ='07 - 2020'!F10-'07 - 2020'!F9 -> 0 | J4: ='07 - 2020'!G10-'07 - 2020'!G9 -> 16.56 | K4: 0.74 | L4: 0
A5: Dubai DIFC | B5: =B4+1 -> 4 | C5: 7 | D5: 2020 | E5: ='07 - 2020'!B11-'07 - 2020'!B10 -> 720 | F5: ='07 - 2020'!C11-'07 - 2020'!C10 -> 4232 | G5: 0.118 | H5: ='07 - 2020'!E11-'07 - 2020'!E10 -> 10.54 | I5: ='07 - 2020'!F11-'07 - 2020'!F10 -> 0 | J5: ='07 - 2020'!G11-'07 - 2020'!G10 -> 15.63 | K5: 0.74 | L5: 0
A6: Dubai DIFC | B6: =B5+1 -> 5 | C6: 7 | D6: 2020 | E6: ='07 - 2020'!B12-'07 - 2020'!B11 -> 942 | F6: ='07 - 2020'!C12-'07 - 2020'!C11 -> 4334.13 | G6: 0.118 | H6: ='07 - 2020'!E12-'07 - 2020'!E11 -> 9.46 | I6: ='07 - 2020'!F12-'07 - 2020'!F11 -> 0 | J6: ='07 - 2020'!G12-'07 - 2020'!G11 -> 17.11 | K6: 0.74 | L6: 0
A7: Dubai DIFC | B7: =B6+1 -> 6 | C7: 7 | D7: 2020 | E7: ='07 - 2020'!B13-'07 - 2020'!B12 -> 1060 | F7: ='07 - 2020'!C13-'07 - 2020'!C12 -> 4327.4 | G7: 0.118 | H7: ='07 - 2020'!E13-'07 - 2020'!E12 -> 11.53 | I7: ='07 - 2020'!F13-'07 - 2020'!F12 -> 8.36 | J7: ='07 - 2020'!G13-'07 - 2020'!G12 -> 20.37 | K7: 0.74 | L7: 0
A8: Dubai DIFC | B8: =B7+1 -> 7 | C8: 7 | D8: 2020 | E8: ='07 - 2020'!B14-'07 - 2020'!B13 -> 966 | F8: ='07 - 2020'!C14-'07 - 2020'!C13 -> 4285.77 | G8: 0.118 | H8: ='07 - 2020'!E14-'07 - 2020'!E13 -> 11.5 | I8: ='07 - 2020'!F14-'07 - 2020'!F13 -> 5.52 | J8: ='07 - 2020'!G14-'07 - 2020'!G13 -> 16.82 | K8: 0.74 | L8: 0
A9: Dubai DIFC | B9: =B8+1 -> 8 | C9: 7 | D9: 2020 | E9: ='07 - 2020'!B15-'07 - 2020'!B14 -> 963 | F9: ='07 - 2020'!C15-'07 - 2020'!C14 -> 4264.7 | G9: 0.118 | H9: ='07 - 2020'!E15-'07 - 2020'!E14 -> 13.65 | I9: ='07 - 2020'!F15-'07 - 2020'!F14 -> 4.2 | J9: ='07 - 2020'!G15-'07 - 2020'!G14 -> 14.07 | K9: 0.74 | L9: 0
A10: Dubai DIFC | B10: =B9+1 -> 9 | C10: 7 | D10: 2020 | E10: ='07 - 2020'!B16-'07 - 2020'!B15 -> 974 | F10: ='07 - 2020'!C16-'07 - 2020'!C15 -> 4392.1 | G10: 0.118 | H10: ='07 - 2020'!E16-'07 - 2020'!E15 -> 12.93 | I10: ='07 - 2020'!F16-'07 - 2020'!F15 -> 5.4 | J10: ='07 - 2020'!G16-'07 - 2020'!G15 -> 16.43 | K10: 0.74 | L10: 0
A11: Dubai DIFC | B11: =B10+1 -> 10 | C11: 7 | D11: 2020 | E11: ='07 - 2020'!B17-'07 - 2020'!B16 -> 1002 | F11: ='07 - 2020'!C17-'07 - 2020'!C16 -> 4356.3 | G11: 0.118 | H11: ='07 - 2020'!E17-'07 - 2020'!E16 -> 12.48 | I11: ='07 - 2020'!F17-'07 - 2020'!F16 -> 6.08 | J11: ='07 - 2020'!G17-'07 - 2020'!G16 -> 16.21 | K11: 0.74 | L11: 0
A12: Dubai DIFC | B12: =B11+1 -> 11 | C12: 7 | D12: 2020 | E12: ='07 - 2020'!B18-'07 - 2020'!B17 -> 997 | F12: ='07 - 2020'!C18-'07 - 2020'!C17 -> 4511.2 | G12: 0.118 | H12: ='07 - 2020'!E18-'07 - 2020'!E17 -> 12.16 | I12: ='07 - 2020'!F18-'07 - 2020'!F17 -> 2.54 | J12: ='07 - 2020'!G18-'07 - 2020'!G17 -> 18.78 | K12: 0.74 | L12: 0
A13: Dubai DIFC | B13: =B12+1 -> 12 | C13: 7 | D13: 2020 | E13: ='07 - 2020'!B19-'07 - 2020'!B18 -> 921 | F13: ='07 - 2020'!C19-'07 - 2020'!C18 -> 4027.9 | G13: 0.118 | H13: ='07 - 2020'!E19-'07 - 2020'!E18 -> 10.93 | I13: ='07 - 2020'!F19-'07 - 2020'!F18 -> 0.17 | J13: ='07 - 2020'!G19-'07 - 2020'!G18 -> 14.46 | K13: 0.74 | L13: 0
A14: Dubai DIFC | B14: =B13+1 -> 13 | C14: 7 | D14: 2020 | E14: ='07 - 2020'!B20-'07 - 2020'!B19 -> 1040 | F14: ='07 - 2020'!C20-'07 - 2020'!C19 -> 4326.2 | G14: 0.118 | H14: ='07 - 2020'!E20-'07 - 2020'!E19 -> 11.36 | I14: ='07 - 2020'!F20-'07 - 2020'!F19 -> 5.04 | J14: ='07 - 2020'!G20-'07 - 2020'!G19 -> 15.87 | K14: 0.74 | L14: 0
... A26: Dubai DIFC | B26: =B25+1 -> 25 | C26: 7 | D26: 2020 | E26: ='07 - 2020'!B32-'07 - 2020'!B31 -> 1935 | F26: ='07 - 2020'!C32-'07 - 2020'!C31 -> 4376 | G26: 0.118 | H26: ='07 - 2020'!E32-'07 - 2020'!E31 -> 17.71 | I26: ='07 - 2020'!F32-'07 - 2020'!F31 -> 5.64 | J26: ='07 - 2020'!G32-'07 - 2020'!G31 -> 25.81 | K26: 0.74 | L26: 0
A27: Dubai DIFC | B27: =B26+1 -> 26 | C27: 7 | D27: 2020 | E27: 0 | F27: 0 | G27: 0.118 | H27: 0 | I27: 0 | J27: 0 | K27: 0.74
A28: Dubai DIFC | B28: =B27+1 -> 27 | C28: 7 | D28: 2020 | E28: ='07 - 2020'!B34-'07 - 2020'!B33 -> 0 | F28: ='07 - 2020'!C34-'07 - 2020'!C33 -> 0 | G28: 0.118 | H28: ='07 - 2020'!E34-'07 - 2020'!E33 -> 0 | I28: ='07 - 2020'!F34-'07 - 2020'!F33 -> 0 | J28: ='07 - 2020'!G34-'07 - 2020'!G33 -> 0 | K28: 0.74
A29: Dubai DIFC | B29: =B28+1 -> 28 | C29: 7 | D29: 2020 | E29: ='07 - 2020'!B35-'07 - 2020'!B34 -> 0 | F29: ='07 - 2020'!C35-'07 - 2020'!C34 -> 0 | G29: 0.118 | H29: ='07 - 2020'!E35-'07 - 2020'!E34 -> 0 | I29: ='07 - 2020'!F35-'07 - 2020'!F34 -> 0 | J29: ='07 - 2020'!G35-'07 - 2020'!G34 -> 0 | K29: 0.74
A30: Dubai DIFC | B30: =B29+1 -> 29 | C30: 7 | D30: 2020 | E30: ='07 - 2020'!B36-'07 - 2020'!B35 -> 0 | F30: ='07 - 2020'!C36-'07 - 2020'!C35 -> 0 | G30: 0.118 | H30: ='07 - 2020'!E36-'07 - 2020'!E35 -> 0 | I30: ='07 - 2020'!F36-'07 - 2020'!F35 -> 0 | J30: ='07 - 2020'!G36-'07 - 2020'!G35 -> 0 | K30: 0.74
A31: Dubai DIFC | B31: 30 | C31: 7 | D31: 2020 | E31: ='07 - 2020'!B37-'07 - 2020'!B36 -> 0 | F31: ='07 - 2020'!C37-'07 - 2020'!C36 -> 0 | G31: 0.118 | H31: ='07 - 2020'!E37-'07 - 2020'!E36 -> 0 | I31: ='07 - 2020'!F37-'07 - 2020'!F36 -> 0 | J31: ='07 - 2020'!G37-'07 - 2020'!G36 -> 0 | K31: 0.74
A32: Dubai DIFC | B32: 31 | C32: 7 | D32: 2020 | E32: 0 | F32: 0 | G32: 0.118 | H32: 0 | I32: 0 | J32: 0 | K32: 0.74

Sheet 07 - 2020
A3: FOUR SEASONS HOTEL - DIFC
A4: HLP READING MONTH OF July' 2020
B5: 19 | D5: LPG (cu.m) | H5: Water (cu.m) | J5: BTU
A6: Date | B6: LV-01, 2025952759 | C6: LV-2, 2030235407 | D6: Main Meter % | E6: Main Kitchen | F6: Podium Kitchen | G6: Boiler | H6: B-3 Water Meter (DIFC) | I6: MainWater Meter (DEWA) | J6: Chilled Water (KWH) | K6: Gas Received (Litres) | L6: Remark
A7: 44012 | B7: 708624 | C7: 981020 | D7: 0.61 | E7: 10963.86 | F7: 2069 | G7: 19607.02 | H7: 14528 | I7: 94480 | J7: 39160979
A8: 44013 | B8: 709466 | C8: 985199 | D8: 0.58 | E8: 10973.92 | F8: 2069 | G8: 19625.48 | H8: 14528 | I8: 94511 | J8: 39181128
A9: 44014 | B9: 710301 | C9: 989414 | D9: 0.55 | E9: 10983.66 | F9: 2069 | G9: 19640.9 | H9: 14528 | I9: 94540 | J9: 39203950
A10: 44015 | B10: 711085 | C10: 993647 | D10: 0.5 | E10: 10994.95 | F10: 2069 | G10: 19657.46 | H10: 14528 | I10: 94579 | J10: 39224035
A11: 44016 | B11: 711805 | C11: 997879 | D11: 0.46 | E11: 11005.49 | F11: 2069 | G11: 19673.09 | H11: 14528 | I11: 94601 | J11: 39244883
A12: 44017 | B12: 712747 | C12: 1002213.1 | D12: 0.43 | E12: 11014.95 | F12: 2069 | G12: 19690.2 | H12: 14528 | I12: 94636 | J12: 39271030
A13: 44018 | B13: 713807 | C13: 1006540.5 | D13: 0.39 | E13: 11026.48 | F13: 2077.36 | G13: 19710.57 | H13: 14528 | I13: 94673 | J13: 39299144
A14: 44019 | B14: 714773 | C14: 1010826.3 | D14: 0.81 | E14: 11037.98 | F14: 2082.88 | G14: 19727.39 | H14: 14528 | I14: 94704 | J14: 39321435
A15: 44020 | B15: 715736 | C15: 1015091 | D15: 0.77 | E15: 11051.63 | F15: 2087.08 | G15: 19741.46 | H15: 14528 | I15: 94727 | J15: 39345116
A16: 44021 | B16: 716710 | C16: 1019483.1 | D16: 0.73 | E16: 11064.56 | F16: 2092.48 | G16: 19757.89 | H16: 14528 | I16: 94751 | J16: 39369527
A17: 44022 | B17: 717712 | C17: 1023839.4 | D17: 0.69 | E17: 11077.04 | F17: 2098.56 | G17: 19774.1 | H17: 14528 | I17: 94816 | J17: 39393480
A18: 44023 | B18: 718709 | C18: 1028350.6 | D18: 0.65 | E18: 11089.2 | F18: 2101.1 | G18: 19792.88 | H18: 14528 | I18: 94856 | J18: 39416019
... A32: 44037 | B32: 736430 | C32: 1090462.5 | D32: 0.51 | E32: 11268.73 | F32: 2166.69 | G32: 20072.73 | H32: 14528 | I32: 95457 | J32: 39792196
A33: 44038
A34: 44039
A35: 44040
A36: 44041
A37: 44042
A38: Readings | B38: =B37-B7 -> -708624 | C38: =C37-C7 -> -981020 | D38: =D37-D7 -> -0.61 | E38: =E37-E7 -> -10963.86 | F38: =F37-F7 -> -2069 | G38: =G37-G7 -> -19607.02 | H38: =H37-H7 -> -14528 | I38: =I37-I7 -> -94480 | J38: =J37-J7 -> -39160979
H39: =H38*219.969 -> -3195709.6 | I39: =I38*219.969 -> -20782671
