Workbook

Sheet TOTAL
A1: Site Name | B1: Day | C1: Month | D1: Year | E1: Total Electricity Kwh | F1: Electricity Tariff ($/Kwh) | G1: LPG (Kg) | H1: LPG $/Kg | I1: Water Utility Supply (m3) m3 | J1: Water Utility Supply (m3) $/m3 | K1: Room Nights | N1: Water Tanks | O1: Cost of Water Tanks Rs | P1: Water Utility Supply (m3) Rs/m3 | Q1: Electricity Tariff (Rs/Kwh) | R1: LPG Rs/Kg | S1: Exchange Rate | T1: Total LPG Cost | U1: Total Water Cost
A2: Mauritius at Anahita | B2: 1 | C2: 7 | D2: 2020 | E2: =HOTEL!E4 -> 3297 | F2: 6.21 | G2: =HOTEL!CL4 -> 107.75 | H2: 57.45 | I2: =HOTEL!V4+HOTEL!Z4 -> 59 | J2: =P2 -> 34 | K2: =HOTEL!EF4 -> 3 | N2: =HOTEL!X4 -> 0 | O2: =N2*2500 -> 0 | P2: =IFERROR(((((HOTEL!V4*34))+(N2*2500))/(I2+N2*25)),0) -> 34 | Q2: 6.21 | R2: =H2 -> 57.45 | S2: 33.88 | T2: =G2*H2 -> 6190.2375 | U2: =I2*P2 -> 2006
A3: Mauritius at Anahita | B3: =B2+1 -> 2 | C3: 7 | D3: 2020 | E3: =HOTEL!E5 -> 3279 | F3: 6.21 | G3: =HOTEL!CL5 -> 0 | H3: 57.45 | I3: =HOTEL!V5+HOTEL!Z5 -> 75 | J3: =P3 -> 34 | K3: =HOTEL!EF5 -> 3 | N3: =HOTEL!X5 -> 0 | O3: =N3*2500 -> 0 | P3: =IFERROR(((((HOTEL!V5*34))+(N3*2500))/(I3+N3*25)),0) -> 34 | Q3: 6.21 | R3: =H3 -> 57.45 | S3: 33.88 | T3: =G3*H3 -> 0 | U3: =I3*P3 -> 2550
A4: Mauritius at Anahita | B4: =B3+1 -> 3 | C4: 7 | D4: 2020 | E4: =HOTEL!E6 -> 3144 | F4: 6.21 | G4: =HOTEL!CL6 -> 107.75 | H4: 57.45 | I4: =HOTEL!V6+HOTEL!Z6 -> 59 | J4: =P4 -> 34 | K4: =HOTEL!EF6 -> 3 | N4: =HOTEL!X6 -> 0 | O4: =N4*2500 -> 0 | P4: =IFERROR(((((HOTEL!V6*34))+(N4*2500))/(I4+N4*25)),0) -> 34 | Q4: 6.21 | R4: =H4 -> 57.45 | S4: 33.88 | T4: =G4*H4 -> 6190.2375 | U4: =I4*P4 -> 2006
A5: Mauritius at Anahita | B5: =B4+1 -> 4 | C5: 7 | D5: 2020 | E5: =HOTEL!E7 -> 3415 | F5: 6.21 | G5: =HOTEL!CL7 -> 0 | H5: 57.45 | I5: =HOTEL!V7+HOTEL!Z7 -> 68 | J5: =P5 -> 34 | K5: =HOTEL!EF7 -> 3 | N5: =HOTEL!X7 -> 0 | O5: =N5*2500 -> 0 | P5: =IFERROR(((((HOTEL!V7*34))+(N5*2500))/(I5+N5*25)),0) -> 34 | Q5: 6.21 | R5: =H5 -> 57.45 | S5: 33.88 | T5: =G5*H5 -> 0 | U5: =I5*P5 -> 2312
A6: Mauritius at Anahita | B6: =B5+1 -> 5 | C6: 7 | D6: 2020 | E6: =HOTEL!E8 -> 3148 | F6: 6.21 | G6: =HOTEL!CL8 -> 107.75 | H6: 57.45 | I6: =HOTEL!V8+HOTEL!Z8 -> 67 | J6: =P6 -> 34 | K6: =HOTEL!EF8 -> 2 | N6: =HOTEL!X8 -> 0 | O6: =N6*2500 -> 0 | P6: =IFERROR(((((HOTEL!V8*34))+(N6*2500))/(I6+N6*25)),0) -> 34 | Q6: 6.21 | R6: =H6 -> 57.45 | S6: 33.88 | T6: =G6*H6 -> 6190.2375 | U6: =I6*P6 -> 2278
A7: Mauritius at Anahita | B7: =B6+1 -> 6 | C7: 7 | D7: 2020 | E7: =HOTEL!E9 -> 3464 | F7: 6.21 | G7: =HOTEL!CL9 -> 0 | H7: 57.45 | I7: =HOTEL!V9+HOTEL!Z9 -> 68 | J7: =P7 -> 34 | K7: =HOTEL!EF9 -> 2 | N7: =HOTEL!X9 -> 0 | O7: =N7*2500 -> 0 | P7: =IFERROR(((((HOTEL!V9*34))+(N7*2500))/(I7+N7*25)),0) -> 34 | Q7: 6.21 | R7: =H7 -> 57.45 | S7: 33.88 | T7: =G7*H7 -> 0 | U7: =I7*P7 -> 2312
A8: Mauritius at Anahita | B8: =B7+1 -> 7 | C8: 7 | D8: 2020 | E8: =HOTEL!E10 -> 3430 | F8: 6.21 | G8: =HOTEL!CL10 -> 107.75 | H8: 57.45 | I8: =HOTEL!V10+HOTEL!Z10 -> 89 | J8: =P8 -> 34 | K8: =HOTEL!EF10 -> 2 | N8: =HOTEL!X10 -> 0 | O8: =N8*2500 -> 0 | P8: =IFERROR(((((HOTEL!V10*34))+(N8*2500))/(I8+N8*25)),0) -> 34 | Q8: 6.21 | R8: =H8 -> 57.45 | S8: 33.88 | T8: =G8*H8 -> 6190.2375 | U8: =I8*P8 -> 3026
A9: Mauritius at Anahita | B9: =B8+1 -> 8 | C9: 7 | D9: 2020 | E9: =HOTEL!E11 -> 3379 | F9: 6.21 | G9: =HOTEL!CL11 -> 0 | H9: 57.45 | I9: =HOTEL!V11+HOTEL!Z11 -> 73 | J9: =P9 -> 34 | K9: =HOTEL!EF11 -> 2 | N9: =HOTEL!X11 -> 0 | O9: =N9*2500 -> 0 | P9: =IFERROR(((((HOTEL!V11*34))+(N9*2500))/(I9+N9*25)),0) -> 34 | Q9: 6.21 | R9: =H9 -> 57.45 | S9: 33.88 | T9: =G9*H9 -> 0 | U9: =I9*P9 -> 2482
A10: Mauritius at Anahita | B10: =B9+1 -> 9 | C10: 7 | D10: 2020 | E10: =HOTEL!E12 -> 3546 | F10: 6.21 | G10: =HOTEL!CL12 -> 215.5 | H10: 57.45 | I10: =HOTEL!V12+HOTEL!Z12 -> 63 | J10: =P10 -> 34 | K10: =HOTEL!EF12 -> 2 | N10: =HOTEL!X12 -> 0 | O10: =N10*2500 -> 0 | P10: =IFERROR(((((HOTEL!V12*34))+(N10*2500))/(I10+N10*25)),0) -> 34 | Q10: 6.21 | R10: =H10 -> 57.45 | S10: 33.93 | T10: =G10*H10 -> 12380.475 | U10: =I10*P10 -> 2142
A11: Mauritius at Anahita | B11: =B10+1 -> 10 | C11: 7 | D11: 2020 | E11: =HOTEL!E13 -> 3325 | F11: 6.21 | G11: =HOTEL!CL13 -> 0 | H11: 57.45 | I11: =HOTEL!V13+HOTEL!Z13 -> 69 | J11: =P11 -> 34 | K11: =HOTEL!EF13 -> 2 | N11: =HOTEL!X13 -> 0 | O11: =N11*2500 -> 0 | P11: =IFERROR(((((HOTEL!V13*34))+(N11*2500))/(I11+N11*25)),0) -> 34 | Q11: 6.21 | R11: =H11 -> 57.45 | S11: 33.93 | T11: =G11*H11 -> 0 | U11: =I11*P11 -> 2346
A12: Mauritius at Anahita | B12: =B11+1 -> 11 | C12: 7 | D12: 2020 | E12: =HOTEL!E14 -> 3640 | F12: 6.21 | G12: =HOTEL!CL14 -> 0 | H12: 57.45 | I12: =HOTEL!V14+HOTEL!Z14 -> 68 | J12: =P12 -> 34 | K12: =HOTEL!EF14 -> 2 | N12: =HOTEL!X14 -> 0 | O12: =N12*2500 -> 0 | P12: =IFERROR(((((HOTEL!V14*34))+(N12*2500))/(I12+N12*25)),0) -> 34 | Q12: 6.21 | R12: =H12 -> 57.45 | S12: 33.93 | T12: =G12*H12 -> 0 | U12: =I12*P12 -> 2312
A13: Mauritius at Anahita | B13: =B12+1 -> 12 | C13: 7 | D13: 2020 | E13: =HOTEL!E15 -> 3338 | F13: 6.21 | G13: =HOTEL!CL15 -> 107.75 | H13: 57.45 | I13: =HOTEL!V15+HOTEL!Z15 -> 66 | J13: =P13 -> 34 | K13: =HOTEL!EF15 -> 2 | N13: =HOTEL!X15 -> 0 | O13: =N13*2500 -> 0 | P13: =IFERROR(((((HOTEL!V15*34))+(N13*2500))/(I13+N13*25)),0) -> 34 | Q13: 6.21 | R13: =H13 -> 57.45 | S13: 33.93 | T13: =G13*H13 -> 6190.2375 | U13: =I13*P13 -> 2244
A14: Mauritius at Anahita | B14: =B13+1 -> 13 | C14: 7 | D14: 2020 | E14: =HOTEL!E16 -> 3953 | F14: 6.21 | G14: =HOTEL!CL16 -> 215.5 | H14: 57.45 | I14: =HOTEL!V16+HOTEL!Z16 -> 85 | J14: =P14 -> 34 | K14: =HOTEL!EF16 -> 2 | N14: =HOTEL!X16 -> 0 | O14: =N14*2500 -> 0 | P14: =IFERROR(((((HOTEL!V16*34))+(N14*2500))/(I14+N14*25)),0) -> 34 | Q14: 6.21 | R14: =H14 -> 57.45 | S14: 33.93 | T14: =G14*H14 -> 12380.475 | U14: =I14*P14 -> 2890
... A29: Mauritius at Anahita | B29: =B28+1 -> 28 | C29: 7 | D29: 2020 | E29: =HOTEL!E31 -> 3618 | F29: 6.21 | G29: =HOTEL!CL31 -> 0 | H29: 57.45 | I29: =HOTEL!V31+HOTEL!Z31 -> 70 | J29: =P29 -> 34 | K29: =HOTEL!EF31 -> 1 | N29: =HOTEL!X31 -> 0 | O29: =N29*2500 -> 0 | P29: =IFERROR(((((HOTEL!V31*34))+(N29*2500))/(I29+N29*25)),0) -> 34 | Q29: 6.21 | R29: =H29 -> 57.45 | S29: 33.93 | T29: =G29*H29 -> 0 | U29: =I29*P29 -> 2380
A30: Mauritius at Anahita | B30: =B29+1 -> 29 | C30: 7 | D30: 2020 | E30: =HOTEL!E32 -> 3438 | F30: 6.21 | G30: =HOTEL!CL32 -> 107.75 | H30: 57.45 | I30: =HOTEL!V32+HOTEL!Z32 -> 68 | J30: =P30 -> 34 | K30: =HOTEL!EF32 -> 1 | N30: =HOTEL!X32 -> 0 | O30: =N30*2500 -> 0 | P30: =IFERROR(((((HOTEL!V32*34))+(N30*2500))/(I30+N30*25)),0) -> 34 | Q30: 6.21 | R30: =H30 -> 57.45 | T30: =G30*H30 -> 6190.2375 | U30: =I30*P30 -> 2312
A31: Mauritius at Anahita | B31: =B30+1 -> 30 | C31: 7 | D31: 2020 | E31: =HOTEL!E33 -> 3627 | F31: 6.21 | G31: =HOTEL!CL33 -> 0 | H31: 57.45 | I31: =HOTEL!V33+HOTEL!Z33 -> 71 | J31: =P31 -> 34 | K31: =HOTEL!EF33 -> 1 | N31: =HOTEL!X33 -> 0 | O31: =N31*2500 -> 0 | P31: =IFERROR(((((HOTEL!V33*34))+(N31*2500))/(I31+N31*25)),0) -> 34 | Q31: 6.21 | R31: =H31 -> 57.45 | T31: =G31*H31 -> 0 | U31: =I31*P31 -> 2414
A32: Mauritius at Anahita | B32: =B31+1 -> 31 | C32: 7 | D32: 2020 | E32: =HOTEL!E34 -> 3386 | F32: 6.21 | G32: =HOTEL!CL34 -> 107.75 | H32: 57.45 | I32: =HOTEL!V34+HOTEL!Z34 -> 63 | J32: =P32 -> 34 | K32: =HOTEL!EF34 -> 1 | N32: =HOTEL!X34 -> 0 | O32: =N32*2500 -> 0 | P32: =IFERROR(((((HOTEL!V34*34))+(N32*2500))/(I32+N32*25)),0) -> 34 | Q32: 6.21 | R32: =H32 -> 57.45 | T32: =G32*H32 -> 6190.2375 | U32: =I32*P32 -> 2142

Sheet Submetering
A1: Site Name | B1: Day | C1: Month | D1: Year | E1: Hotel (KWh) | F1: Vacoas (KWh) | G1: Laundry (KWh) | H1: Villa 145 (KWh) | I1: Villa 146 (KWh) | J1: Villa 111 (KWh) | K1: Villa 128 (KWh) | L1: Hotel (m3) | M1: Bamboo Pool (m3) | N1: Island (m3) | O1: Main Building (m3) | P1: Pantry A (m3) | Q1: Pantry B (m3) | R1: Pantry C (m3) | S1: Pantry D (m3) | T1: Pantry E (m3) | U1: Pantry F (m3) | V1: Pantry G (m3) | W1: North Parcel (m3) | X1: South Parcel (m3) | Y1: Beau champ (Kg) | Z1: Acquapazza (Kg) | AA1: Bamboo (Kg) | AB1: Steam Boiler (Kg) | AC1: Laundry (Kg) | AD1: Pantry A (Kg) | AE1: Pantry B (Kg) | AF1: Pantry C (Kg) | AG1: Pantry D (Kg) | AH1: Pantry E (Kg) | AI1: Pantry F (Kg) | AJ1: Pantry G (Kg) | AK1: Room Nights
A2: Mauritius at Anahita | B2: 1 | C2: 6 | D2: 2020 | E2: =TOTAL!E2 -> 3297 | F2: =HOTEL!R4 -> 0 | G2: =HOTEL!T4 -> 7 | H2: =HOTEL!DY4 -> 0 | I2: =HOTEL!EA4 -> 0 | J2: =HOTEL!EC4 -> 0 | K2: =HOTEL!EE4 -> 0 | L2: =N2+W2+X2 -> 50 | M2: =HOTEL!AF4 -> 0 | N2: =HOTEL!AJ4 -> 20 | O2: =HOTEL!AN4 -> 1 | P2: =HOTEL!AP4 -> 0 | Q2: =HOTEL!AR4 -> 0 | R2: =HOTEL!AT4 -> 0 | S2: =HOTEL!AV4 -> 0 | T2: =HOTEL!AX4 -> 0 | U2: =HOTEL!AZ4 -> 0 | V2: =HOTEL!BB4 -> 0 | W2: =HOTEL!BN4 -> 20 | X2: =HOTEL!BU4 -> 10 | Y2: =HOTEL!CP4 -> 4.148 | Z2: =HOTEL!CS3 -> 0 | AA2: =HOTEL!CV4 -> 0 | AB2: =HOTEL!CY4 -> 0 | AC2: =HOTEL!DB4 -> 0 | AD2: =HOTEL!DE4 -> 0 | AE2: =HOTEL!DH4 -> 3.824 | AF2: =HOTEL!DK4 -> 0.0478 | AG2: =HOTEL!DN4 -> 0 | AH2: =HOTEL!DQ4 -> 0 | AI2: =HOTEL!DT4 -> 0 | AJ2: =HOTEL!DW4 -> 0 | AK2: =TOTAL!K2 -> 3
A3: Mauritius at Anahita | B3: =B2+1 -> 2 | C3: 6 | D3: 2020 | E3: =TOTAL!E3 -> 3279 | F3: =HOTEL!R5 -> 87 | G3: =HOTEL!T5 -> 4 | H3: =HOTEL!DY5 -> 0 | I3: =HOTEL!EA5 -> 0 | J3: =HOTEL!EC5 -> 0 | K3: =HOTEL!EE5 -> 0 | L3: =N3+W3+X3 -> 70 | M3: =HOTEL!AF5 -> 0 | N3: =HOTEL!AJ5 -> 60 | O3: =HOTEL!AN5 -> 1 | P3: =HOTEL!AP5 -> 2 | Q3: =HOTEL!AR5 -> 0 | R3: =HOTEL!AT5 -> 0 | S3: =HOTEL!AV5 -> 0 | T3: =HOTEL!AX5 -> 0 | U3: =HOTEL!AZ5 -> 0 | V3: =HOTEL!BB5 -> 0 | W3: =HOTEL!BN5 -> 10 | X3: =HOTEL!BU5 -> 0 | Y3: =HOTEL!CP5 -> 3.172 | Z3: =HOTEL!CS4 -> 0 | AA3: =HOTEL!CV5 -> 0 | AB3: =HOTEL!CY5 -> 0 | AC3: =HOTEL!DB5 -> 0 | AD3: =HOTEL!DE5 -> 0 | AE3: =HOTEL!DH5 -> 13.862 | AF3: =HOTEL!DK5 -> 0 | AG3: =HOTEL!DN5 -> 0 | AH3: =HOTEL!DQ5 -> 0 | AI3: =HOTEL!DT5 -> 0 | AJ3: =HOTEL!DW5 -> 0 | AK3: =TOTAL!K3 -> 3
A4: Mauritius at Anahita | B4: =B3+1 -> 3 | C4: 6 | D4: 2020 | E4: =TOTAL!E4 -> 3144 | F4: =HOTEL!R6 -> 34 | G4: =HOTEL!T6 -> 1 | H4: =HOTEL!DY6 -> 0 | I4: =HOTEL!EA6 -> 0 | J4: =HOTEL!EC6 -> 0 | K4: =HOTEL!EE6 -> 0 | L4: =N4+W4+X4 -> 50 | M4: =HOTEL!AF6 -> 0 | N4: =HOTEL!AJ6 -> 30 | O4: =HOTEL!AN6 -> 0 | P4: =HOTEL!AP6 -> 0 | Q4: =HOTEL!AR6 -> 1 | R4: =HOTEL!AT6 -> 0 | S4: =HOTEL!AV6 -> 0 | T4: =HOTEL!AX6 -> 0 | U4: =HOTEL!AZ6 -> 0 | V4: =HOTEL!BB6 -> 1 | W4: =HOTEL!BN6 -> 20 | X4: =HOTEL!BU6 -> 0 | Y4: =HOTEL!CP6 -> 1.708 | Z4: =HOTEL!CS5 -> 0 | AA4: =HOTEL!CV6 -> 0 | AB4: =HOTEL!CY6 -> 0 | AC4: =HOTEL!DB6 -> 0 | AD4: =HOTEL!DE6 -> 0 | AE4: =HOTEL!DH6 -> 4.78 | AF4: =HOTEL!DK6 -> 0 | AG4: =HOTEL!DN6 -> 0 | AH4: =HOTEL!DQ6 -> 0 | AI4: =HOTEL!DT6 -> 0 | AJ4: =HOTEL!DW6 -> 0 | AK4: =TOTAL!K4 -> 3
A5: Mauritius at Anahita | B5: =B4+1 -> 4 | C5: 6 | D5: 2020 | E5: =TOTAL!E5 -> 3415 | F5: =HOTEL!R7 -> 47 | G5: =HOTEL!T7 -> 1 | H5: =HOTEL!DY7 -> 0 | I5: =HOTEL!EA7 -> 0 | J5: =HOTEL!EC7 -> 0 | K5: =HOTEL!EE7 -> 0 | L5: =N5+W5+X5 -> 80 | M5: =HOTEL!AF7 -> 0 | N5: =HOTEL!AJ7 -> 40 | O5: =HOTEL!AN7 -> 1 | P5: =HOTEL!AP7 -> 0 | Q5: =HOTEL!AR7 -> 0 | R5: =HOTEL!AT7 -> 0 | S5: =HOTEL!AV7 -> 0 | T5: =HOTEL!AX7 -> 0 | U5: =HOTEL!AZ7 -> 0 | V5: =HOTEL!BB7 -> 0 | W5: =HOTEL!BN7 -> 40 | X5: =HOTEL!BU7 -> 0 | Y5: =HOTEL!CP7 -> 2.44 | Z5: =HOTEL!CS6 -> 0 | AA5: =HOTEL!CV7 -> 0 | AB5: =HOTEL!CY7 -> 0 | AC5: =HOTEL!DB7 -> 0 | AD5: =HOTEL!DE7 -> 0 | AE5: =HOTEL!DH7 -> 7.648 | AF5: =HOTEL!DK7 -> 0 | AG5: =HOTEL!DN7 -> 0 | AH5: =HOTEL!DQ7 -> 0 | AI5: =HOTEL!DT7 -> 0 | AJ5: =HOTEL!DW7 -> 0 | AK5: =TOTAL!K5 -> 3
A6: Mauritius at Anahita | B6: =B5+1 -> 5 | C6: 6 | D6: 2020 | E6: =TOTAL!E6 -> 3148 | F6: =HOTEL!R8 -> 82 | G6: =HOTEL!T8 -> 0 | H6: =HOTEL!DY8 -> 0 | I6: =HOTEL!EA8 -> 0 | J6: =HOTEL!EC8 -> 0 | K6: =HOTEL!EE8 -> 0 | L6: =N6+W6+X6 -> 100 | M6: =HOTEL!AF8 -> 0 | N6: =HOTEL!AJ8 -> 70 | O6: =HOTEL!AN8 -> 0 | P6: =HOTEL!AP8 -> 0 | Q6: =HOTEL!AR8 -> 0 | R6: =HOTEL!AT8 -> 0 | S6: =HOTEL!AV8 -> 0 | T6: =HOTEL!AX8 -> 0 | U6: =HOTEL!AZ8 -> 0 | V6: =HOTEL!BB8 -> 0 | W6: =HOTEL!BN8 -> 30 | X6: =HOTEL!BU8 -> 0 | Y6: =HOTEL!CP8 -> 1.22 | Z6: =HOTEL!CS7 -> 0 | AA6: =HOTEL!CV8 -> 0 | AB6: =HOTEL!CY8 -> 0 | AC6: =HOTEL!DB8 -> 5.975 | AD6: =HOTEL!DE8 -> 0 | AE6: =HOTEL!DH8 -> 13.862 | AF6: =HOTEL!DK8 -> 0 | AG6: =HOTEL!DN8 -> 0 | AH6: =HOTEL!DQ8 -> 0 | AI6: =HOTEL!DT8 -> 0 | AJ6: =HOTEL!DW8 -> 0 | AK6: =TOTAL!K6 -> 2
A7: Mauritius at Anahita | B7: =B6+1 -> 6 | C7: 6 | D7: 2020 | E7: =TOTAL!E7 -> 3464 | F7: =HOTEL!R9 -> 40 | G7: =HOTEL!T9 -> 4 | H7: =HOTEL!DY9 -> 0 | I7: =HOTEL!EA9 -> 0 | J7: =HOTEL!EC9 -> 0 | K7: =HOTEL!EE9 -> 0 | L7: =N7+W7+X7 -> 40 | M7: =HOTEL!AF9 -> 0 | N7: =HOTEL!AJ9 -> 20 | O7: =HOTEL!AN9 -> 1 | P7: =HOTEL!AP9 -> 0 | Q7: =HOTEL!AR9 -> 0 | R7: =HOTEL!AT9 -> 0 | S7: =HOTEL!AV9 -> 0 | T7: =HOTEL!AX9 -> 0 | U7: =HOTEL!AZ9 -> 0 | V7: =HOTEL!BB9 -> 0 | W7: =HOTEL!BN9 -> 20 | X7: =HOTEL!BU9 -> 0 | Y7: =HOTEL!CP9 -> 2.44 | Z7: =HOTEL!CS8 -> 0 | AA7: =HOTEL!CV9 -> 0 | AB7: =HOTEL!CY9 -> 0 | AC7: =HOTEL!DB9 -> 1.912 | AD7: =HOTEL!DE9 -> 0 | AE7: =HOTEL!DH9 -> 3.824 | AF7: =HOTEL!DK9 -> 0 | AG7: =HOTEL!DN9 -> 0 | AH7: =HOTEL!DQ9 -> 0 | AI7: =HOTEL!DT9 -> 0 | AJ7: =HOTEL!DW9 -> 0 | AK7: =TOTAL!K7 -> 2
A8: Mauritius at Anahita | B8: =B7+1 -> 7 | C8: 6 | D8: 2020 | E8: =TOTAL!E8 -> 3430 | F8: =HOTEL!R10 -> 67 | G8: =HOTEL!T10 -> 3 | H8: =HOTEL!DY10 -> 0 | I8: =HOTEL!EA10 -> 0 | J8: =HOTEL!EC10 -> 0 | K8: =HOTEL!EE10 -> 0 | L8: =N8+W8+X8 -> 90 | M8: =HOTEL!AF10 -> 0 | N8: =HOTEL!AJ10 -> 70 | O8: =HOTEL!AN10 -> 1 | P8: =HOTEL!AP10 -> 0 | Q8: =HOTEL!AR10 -> 0 | R8: =HOTEL!AT10 -> 0 | S8: =HOTEL!AV10 -> 0 | T8: =HOTEL!AX10 -> 0 | U8: =HOTEL!AZ10 -> 0 | V8: =HOTEL!BB10 -> 0 | W8: =HOTEL!BN10 -> 20 | X8: =HOTEL!BU10 -> 0 | Y8: =HOTEL!CP10 -> 3.904 | Z8: =HOTEL!CS9 -> 0 | AA8: =HOTEL!CV10 -> 0 | AB8: =HOTEL!CY10 -> 0 | AC8: =HOTEL!DB10 -> 2.39 | AD8: =HOTEL!DE10 -> 0 | AE8: =HOTEL!DH10 -> 8.365 | AF8: =HOTEL!DK10 -> 0 | AG8: =HOTEL!DN10 -> 0 | AH8: =HOTEL!DQ10 -> 0 | AI8: =HOTEL!DT10 -> 0 | AJ8: =HOTEL!DW10 -> 0 | AK8: =TOTAL!K8 -> 2
A9: Mauritius at Anahita | B9: =B8+1 -> 8 | C9: 6 | D9: 2020 | E9: =TOTAL!E9 -> 3379 | F9: =HOTEL!R11 -> 87 | G9: =HOTEL!T11 -> 3 | H9: =HOTEL!DY11 -> 0 | I9: =HOTEL!EA11 -> 0 | J9: =HOTEL!EC11 -> 0 | K9: =HOTEL!EE11 -> 0 | L9: =N9+W9+X9 -> 40 | M9: =HOTEL!AF11 -> 0 | N9: =HOTEL!AJ11 -> 20 | O9: =HOTEL!AN11 -> 0 | P9: =HOTEL!AP11 -> 0 | Q9: =HOTEL!AR11 -> 0 | R9: =HOTEL!AT11 -> 0 | S9: =HOTEL!AV11 -> 0 | T9: =HOTEL!AX11 -> 0 | U9: =HOTEL!AZ11 -> 0 | V9: =HOTEL!BB11 -> 0 | W9: =HOTEL!BN11 -> 20 | X9: =HOTEL!BU11 -> 0 | Y9: =HOTEL!CP11 -> 1.708 | Z9: =HOTEL!CS10 -> 0 | AA9: =HOTEL!CV11 -> 0 | AB9: =HOTEL!CY11 -> 0 | AC9: =HOTEL!DB11 -> 0.478 | AD9: =HOTEL!DE11 -> 0 | AE9: =HOTEL!DH11 -> 9.321 | AF9: =HOTEL!DK11 -> 0 | AG9: =HOTEL!DN11 -> 0 | AH9: =HOTEL!DQ11 -> 0 | AI9: =HOTEL!DT11 -> 0 | AJ9: =HOTEL!DW11 -> 0 | AK9: =TOTAL!K9 -> 2
A10: Mauritius at Anahita | B10: =B9+1 -> 9 | C10: 6 | D10: 2020 | E10: =TOTAL!E10 -> 3546 | F10: =HOTEL!R12 -> 95 | G10: =HOTEL!T12 -> 0 | H10: =HOTEL!DY12 -> 0 | I10: =HOTEL!EA12 -> 0 | J10: =HOTEL!EC12 -> 0 | K10: =HOTEL!EE12 -> 0 | L10: =N10+W10+X10 -> 90 | M10: =HOTEL!AF12 -> 0 | N10: =HOTEL!AJ12 -> 70 | O10: =HOTEL!AN12 -> 0 | P10: =HOTEL!AP12 -> 3 | Q10: =HOTEL!AR12 -> 1 | R10: =HOTEL!AT12 -> 0 | S10: =HOTEL!AV12 -> 0 | T10: =HOTEL!AX12 -> 0 | U10: =HOTEL!AZ12 -> 0 | V10: =HOTEL!BB12 -> 0 | W10: =HOTEL!BN12 -> 20 | X10: =HOTEL!BU12 -> 0 | Y10: =HOTEL!CP12 -> 1.4396 | Z10: =HOTEL!CS11 -> 0 | AA10: =HOTEL!CV12 -> 0 | AB10: =HOTEL!CY12 -> 0 | AC10: =HOTEL!DB12 -> 1.434 | AD10: =HOTEL!DE12 -> 0 | AE10: =HOTEL!DH12 -> 13.384 | AF10: =HOTEL!DK12 -> 0 | AG10: =HOTEL!DN12 -> 0 | AH10: =HOTEL!DQ12 -> 0 | AI10: =HOTEL!DT12 -> 0 | AJ10: =HOTEL!DW12 -> 0 | AK10: =TOTAL!K10 -> 2
A11: Mauritius at Anahita | B11: =B10+1 -> 10 | C11: 6 | D11: 2020 | E11: =TOTAL!E11 -> 3325 | F11: =HOTEL!R13 -> 23 | G11: =HOTEL!T13 -> 44 | H11: =HOTEL!DY13 -> 0 | I11: =HOTEL!EA13 -> 0 | J11: =HOTEL!EC13 -> 0 | K11: =HOTEL!EE13 -> 0 | L11: =N11+W11+X11 -> 40 | M11: =HOTEL!AF13 -> 0 | N11: =HOTEL!AJ13 -> 10 | O11: =HOTEL!AN13 -> 1 | P11: =HOTEL!AP13 -> 0 | Q11: =HOTEL!AR13 -> 0 | R11: =HOTEL!AT13 -> 0 | S11: =HOTEL!AV13 -> 0 | T11: =HOTEL!AX13 -> 0 | U11: =HOTEL!AZ13 -> 0 | V11: =HOTEL!BB13 -> 0 | W11: =HOTEL!BN13 -> 30 | X11: =HOTEL!BU13 -> 0 | Y11: =HOTEL!CP13 -> 0 | Z11: =HOTEL!CS12 -> 0 | AA11: =HOTEL!CV13 -> 0 | AB11: =HOTEL!CY13 -> 0 | AC11: =HOTEL!DB13 -> 0 | AD11: =HOTEL!DE13 -> 0 | AE11: =HOTEL!DH13 -> 3.107 | AF11: =HOTEL!DK13 -> 0 | AG11: =HOTEL!DN13 -> 0 | AH11: =HOTEL!DQ13 -> 0 | AI11: =HOTEL!DT13 -> 0 | AJ11: =HOTEL!DW13 -> 0 | AK11: =TOTAL!K11 -> 2
A12: Mauritius at Anahita | B12: =B11+1 -> 11 | C12: 6 | D12: 2020 | E12: =TOTAL!E12 -> 3640 | F12: =HOTEL!R14 -> 48 | G12: =HOTEL!T14 -> 23 | H12: =HOTEL!DY14 -> 0 | I12: =HOTEL!EA14 -> 0 | J12: =HOTEL!EC14 -> 0 | K12: =HOTEL!EE14 -> 0 | L12: =N12+W12+X12 -> 100 | M12: =HOTEL!AF14 -> 0 | N12: =HOTEL!AJ14 -> 70 | O12: =HOTEL!AN14 -> 1 | P12: =HOTEL!AP14 -> 0 | Q12: =HOTEL!AR14 -> 0 | R12: =HOTEL!AT14 -> 0 | S12: =HOTEL!AV14 -> 1 | T12: =HOTEL!AX14 -> 0 | U12: =HOTEL!AZ14 -> 0 | V12: =HOTEL!BB14 -> 0 | W12: =HOTEL!BN14 -> 30 | X12: =HOTEL!BU14 -> 0 | Y12: =HOTEL!CP14 -> 2.9524 | Z12: =HOTEL!CS13 -> 0 | AA12: =HOTEL!CV14 -> 0 | AB12: =HOTEL!CY14 -> 0 | AC12: =HOTEL!DB14 -> 2.629 | AD12: =HOTEL!DE14 -> 0 | AE12: =HOTEL!DH14 -> 10.038 | AF12: =HOTEL!DK14 -> 0 | AG12: =HOTEL!DN14 -> 0 | AH12: =HOTEL!DQ14 -> 0 | AI12: =HOTEL!DT14 -> 0 | AJ12: =HOTEL!DW14 -> 0 | AK12: =TOTAL!K12 -> 2
A13: Mauritius at Anahita | B13: =B12+1 -> 12 | C13: 6 | D13: 2020 | E13: =TOTAL!E13 -> 3338 | F13: =HOTEL!R15 -> 51 | G13: =HOTEL!T15 -> 0 | H13: =HOTEL!DY15 -> 0 | I13: =HOTEL!EA15 -> 0 | J13: =HOTEL!EC15 -> 0 | K13: =HOTEL!EE15 -> 0 | L13: =N13+W13+X13 -> 60 | M13: =HOTEL!AF15 -> 11 | N13: =HOTEL!AJ15 -> 20 | O13: =HOTEL!AN15 -> 0 | P13: =HOTEL!AP15 -> 0 | Q13: =HOTEL!AR15 -> 0 | R13: =HOTEL!AT15 -> 0 | S13: =HOTEL!AV15 -> 0 | T13: =HOTEL!AX15 -> 0 | U13: =HOTEL!AZ15 -> 0 | V13: =HOTEL!BB15 -> 0 | W13: =HOTEL!BN15 -> 20 | X13: =HOTEL!BU15 -> 20 | Y13: =HOTEL!CP15 -> 1.464 | Z13: =HOTEL!CS14 -> 0 | AA13: =HOTEL!CV15 -> 0 | AB13: =HOTEL!CY15 -> 0 | AC13: =HOTEL!DB15 -> 0.956 | AD13: =HOTEL!DE15 -> 0 | AE13: =HOTEL!DH15 -> 11.95 | AF13: =HOTEL!DK15 -> 0 | AG13: =HOTEL!DN15 -> 0 | AH13: =HOTEL!DQ15 -> 0 | AI13: =HOTEL!DT15 -> 0 | AJ13: =HOTEL!DW15 -> 0 | AK13: =TOTAL!K13 -> 2
A14: Mauritius at Anahita | B14: =B13+1 -> 13 | C14: 6 | D14: 2020 | E14: =TOTAL!E14 -> 3953 | F14: =HOTEL!R16 -> 86 | G14: =HOTEL!T16 -> 143 | H14: =HOTEL!DY16 -> 0 | I14: =HOTEL!EA16 -> 0 | J14: =HOTEL!EC16 -> 0 | K14: =HOTEL!EE16 -> 0 | L14: =N14+W14+X14 -> 130 | M14: =HOTEL!AF16 -> 0 | N14: =HOTEL!AJ16 -> 80 | O14: =HOTEL!AN16 -> 2 | P14: =HOTEL!AP16 -> 0 | Q14: =HOTEL!AR16 -> 0 | R14: =HOTEL!AT16 -> 0 | S14: =HOTEL!AV16 -> 0 | T14: =HOTEL!AX16 -> 0 | U14: =HOTEL!AZ16 -> 0 | V14: =HOTEL!BB16 -> 0 | W14: =HOTEL!BN16 -> 50 | X14: =HOTEL!BU16 -> 0 | Y14: =HOTEL!CP16 -> 1.22 | Z14: =HOTEL!CS15 -> 0 | AA14: =HOTEL!CV16 -> 0 | AB14: =HOTEL!CY16 -> 179.8 | AC14: =HOTEL!DB16 -> 2.39 | AD14: =HOTEL!DE16 -> 0 | AE14: =HOTEL!DH16 -> 5.736 | AF14: =HOTEL!DK16 -> 0 | AG14: =HOTEL!DN16 -> 0 | AH14: =HOTEL!DQ16 -> 0 | AI14: =HOTEL!DT16 -> 0 | AJ14: =HOTEL!DW16 -> 0 | AK14: =TOTAL!K14 -> 2
... A32: Mauritius at Anahita | B32: =B31+1 -> 31 | C32: 6 | D32: 2020 | E32: =TOTAL!E32 -> 3386 | F32: =HOTEL!R34 -> 297 | G32: =HOTEL!T34 -> 74 | H32: =HOTEL!DY34 -> 0 | I32: =HOTEL!EA34 -> 0 | J32: =HOTEL!EC34 -> 0 | K32: =HOTEL!EE34 -> 0 | L32: =N32+W32+X32 -> 60 | M32: =HOTEL!AF34 -> 0 | N32: =HOTEL!AJ34 -> 40 | O32: =HOTEL!AN34 -> 2 | P32: =HOTEL!AP34 -> 0 | Q32: =HOTEL!AR34 -> 0 | R32: =HOTEL!AT34 -> 0 | S32: =HOTEL!AV34 -> 0 | T32: =HOTEL!AX34 -> 0 | U32: =HOTEL!AZ34 -> 0 | V32: =HOTEL!BB34 -> 0 | W32: =HOTEL!BN34 -> 20 | X32: =HOTEL!BU34 -> 0 | Y32: =HOTEL!CP34 -> 4.88 | Z32: =HOTEL!CS33 -> 0 | AA32: =HOTEL!CV34 -> 0 | AB32: =HOTEL!CY34 -> 0 | AC32: =HOTEL!DB34 -> 2.629 | AD32: =HOTEL!DE34 -> 0 | AE32: =HOTEL!DH34 -> 0 | AF32: =HOTEL!DK34 -> 0 | AG32: =HOTEL!DN34 -> 0 | AH32: =HOTEL!DQ34 -> 0 | AI32: =HOTEL!DT34 -> 0 | AJ32: =HOTEL!DW34 -> 0 | AK32: =TOTAL!K32 -> 1

Sheet HOTEL
B1: Hotel Electricity | I1: Gen 01 | M1: Gen 02 | Q1: Vacoas KW | R1: CONS | S1: Laundry (KWh) | T1: CONS | U1: Hotel | W1: % Water Available | X1: water truck | AC1: Water Softener | AE1: bamboo pool | AG1: laundry | AH1: CONS | AI1: Island | AK1: Island Sub | AM1: Main Building | AO1: Pantry A | AQ1: Pantry B | AS1: Pantry C | AU1: Pantry D | AW1: Pantry E | AY1: Pantry F | BA1: Pantry G | BM1: North | BO1: North Sub | BQ1: South | BS1: South Sub | BX1: Diesel | CB1: Gas | CW1: Steam Boiler | CZ1: Main Building | DC1: Pantry A | DF1: Pantry B | DI1: Pantry C | DL1: Pantry D | DO1: Pantry E | DR1: Pantry F | DU1: Pantry G | EI1: Pool Temperature
A2: Date | B2: KVAH | C2: CONS | D2: KWH | E2: CONS | F2: PF | G2: KVA | H2: KVA max | U2: CWA23 | V2: CONS | Y2: Truck Meter | Z2: Cons | AA2: UV reading | AC2: chiller | AD2: CONS | AF2: CONS | AI2: island | AJ2: cons | AM2: M.Buil | AN2: Cons | AO2: Pantry A | AP2: Cons | AQ2: Pantry B | AR2: Cons | AS2: Pantry C | AT2: cons | AU2: Pantry D | AV2: cons | AW2: Pantry E | AX2: cons | AY2: Pantry F | AZ2: Cons | BA2: Pantry G | BB2: Cons | BC2: Main Kitchen | BD2: Cons | BE2: Bamboo H | BF2: Cons | BG2: Bamboo C | BH2: Cons | BI2: cyclon bridge | BJ2: cons | BK2: Island - Hot | BL2: Island Cold | BM2: north | BN2: cons | BQ2: south | BR2: cons | BU2: south | BV2: Total water consump | BW2: Total HW consump | BX2: DIESEL | BY2: stock | BZ2: Del | CA2: CONS | CB2: Meter | CC2: cons | CD2: Kg | CE2: LPG 1 | CF2: stock | CG2: LPG 2 | CH2: stock | CI2: LPG 3 | CJ2: stock | CK2: total stock | CL2: cons | CM2: del | CN2: Beau champ | CO2: cons(Litres) | CP2: Cons(Kg) | CQ2: Acquapazza | CR2: cons(Litres) | CS2: Cons(Kg) | CT2: Bamboo | CU2: cons(Litres) | CV2: Cons(Kg) | CX2: cons(Litres) | CY2: Cons(Kg) | DA2: cons(Litres) | DB2: Cons(Kg) | DD2: cons(Litres) | DE2: Cons(Kg) | DG2: cons(Litres) | DH2: Cons(Kg) | DJ2: cons(Litres) | DK2: Cons(Kg) | DM2: cons(Litres) | DN2: Cons(Kg) | DP2: cons(Litres) | DQ2: Cons(Kg) | DS2: cons(Litres) | DT2: Cons(Kg) | DV2: cons(Litres) | DW2: Cons(Kg) | DX2: 145 | DY2: CONS | DZ2: 146 | EA2: CONS | EB2: Villa 111 | EC2: CONS | ED2: Villa 128 | EE2: CONS | EF2: Room Nights | EG2: Bed Nights | EH2: % OCC | EI2: California | EJ2: Infiniti | EK2: Fitness
A3: 44012 | B3: 5212270 | C3: 3502 | D3: 4563827 | E3: 3154 | F3: 0.90062821 | G3: 286 | H3: 430 | I3: 285707 | J3: 0 | K3: 750 | L3: 0 | M3: 629908 | N3: 0 | O3: 967 | P3: 0 | Q3: 2530500 | R3: 0 | S3: 2187519 | T3: 0 | U3: 92200 | V3: 63 | W3: 100 | X3: 0 | Y3: 152258 | Z3: 0 | AA3: 37827 | AB3: 5 | AC3: 1058 | AD3: 0 | AE3: 3689 | AF3: 0 | AI3: 570640 | AJ3: 70 | AM3: 52016 | AN3: 0 | AO3: 8864 | AP3: 0 | AQ3: 10548 | AR3: 0 | AS3: 14481 | AT3: 0 | AU3: 19349 | AV3: 0 | AW3: 20660 | AX3: 0 | AY3: 13831 | AZ3: 0 | BA3: 6152 | BB3: 0 | BC3: 26342 | BD3: 0 | BE3: 1112 | BF3: 0 | BG3: 4303 | BH3: 0 | BI3: 3636 | BJ3: 0 | BK3: 0 | BL3: 70 | BM3: 594960 | BN3: 10 | BO3: 581 | BP3: 0 | BQ3: 767670 | BR3: 70 | BS3: 5866 | BT3: 0 | BU3: 0 | BV3: 80 | BW3: 0 | BX3: 142.3 | BY3: 18260.186 | CA3: 45.592307 | CB3: 205885.9 | CC3: 1.4 | CD3: 7.994 | CE3: 40 | CF3: 4310 | CG3: 41 | CH3: 4417.75 | CI3: 44 | CJ3: 4741 | CK3: 13468.75 | CL3: 107.75 | CN3: 34091.2 | CO3: 1.8 | CP3: 4.392 | CQ3: 34300 | CR3: 0 | CS3: 0 | CT3: 10234 | CU3: 0 | CV3: 0 | CW3: 831923 | CX3: 0 | CY3: 0 | CZ3: 5719.1 | DA3: 0.6 | DB3: 1.434 | DC3: 7415 | DD3: 0 | DE3: 0 | DF3: 3777.7 | DG3: 4 | DH3: 9.56 | DI3: 1855.78 | DJ3: 0 | DK3: 0 | DL3: 5078.4 | DM3: 0 | DN3: 0 | DO3: 4451.7 | DP3: 0 | DQ3: 0 | DR3: 5086.1 | DS3: 0 | DT3: 0 | DU3: 4320.7 | DV3: 0 | DW3: 0 | DX3: 12732 | DY3: 0 | DZ3: 61889 | EA3: 0 | EB3: 15599 | EC3: 0 | ED3: 24594 | EE3: 0 | EF3: 3 | EG3: 11 | EH3: 0.015
A4: 44013 | B4: 5216107 | C4: =IF((B4-B3)<0,"0",(B4-B3)) -> 3837 | D4: 4567124 | E4: =IF((D4-D3)<0,"0",(D4-D3)) -> 3297 | F4: =E4/C4 -> 0.85926505 | G4: 286 | H4: 430 | I4: 285707 | J4: 0 | K4: 750 | L4: 0 | M4: 629908 | N4: 0 | O4: 967 | P4: 0 | Q4: 2530500 | R4: =IF((Q4-Q3)<0,"0",(Q4-Q3)) -> 0 | S4: 2187526 | T4: =IF((S4-S3)<0,"0",(S4-S3)) -> 7 | U4: 92259 | V4: =IF((U4-U3)<0,"0",(U4-U3)) -> 59 | W4: 100 | X4: 0 | Y4: 152258 | Z4: =IF((Y4-Y3)<0,"0",(Y4-Y3)) -> 0 | AA4: 37834 | AB4: =IF((AA4-AA3)<0,"0",(AA4-AA3)) -> 7 | AC4: 1058 | AD4: =IF((AC4-AC3)<0,"0",(AC4-AC3)) -> 0 | AE4: 3689 | AF4: =IF((AE4-AE3)<0,"0",(AE4-AE3)) -> 0 | AI4: 570660 | AJ4: =IF((AI4-AI3)<0,"0",(AI4-AI3)) -> 20 | AM4: 52017 | AN4: =IF((AM4-AM3)<0,"0",(AM4-AM3)) -> 1 | AO4: 8864 | AP4: =IF((AO4-AO3)<0,"0",(AO4-AO3)) -> 0 | AQ4: 10548 | AR4: =IF((AQ4-AQ3)<0,"0",(AQ4-AQ3)) -> 0 | AS4: 14481 | AT4: =IF((AS4-AS3)<0,"0",(AS4-AS3)) -> 0 | AU4: 19349 | AV4: =IF((AU4-AU3)<0,"0",(AU4-AU3)) -> 0 | AW4: 20660 | AX4: =IF((AW4-AW3)<0,"0",(AW4-AW3)) -> 0 | AY4: 13831 | AZ4: =IF((AY4-AY3)<0,"0",(AY4-AY3)) -> 0 | BA4: 6152 | BB4: =IF((BA4-BA3)<0,"0",(BA4-BA3)) -> 0 | BC4: 26342 | BD4: =IF((BC4-BC3)<0,"0",(BC4-BC3)) -> 0 | BE4: 1112 | BF4: =IF((BE4-BE3)<0,"0",(BE4-BE3)) -> 0 | BG4: 4303 | BH4: =IF((BG4-BG3)<0,"0",(BG4-BG3)) -> 0 | BI4: 3636 | BJ4: =IF((BI4-BI3)<0,"0",(BI4-BI3)) -> 0 | BK4: =AZ4+AX4+AT4 -> 0 | BL4: =AJ4-BK4 -> 20 | BM4: 594980 | BN4: =IF((BM4-BM3)<0,"0",(BM4-BM3)) -> 20 | BO4: 581 | BP4: =IF((BO4-BO3)<0,"0",(BO4-BO3)) -> 0 | BQ4: 767700 | BR4: =IF((BQ4-BQ3)<0,"0",(BQ4-BQ3)) -> 30 | BS4: 5866 | BT4: =IF((BS4-BS3)<0,"0",(BS4-BS3)) -> 0 | BU4: =(BR4-AJ4) -> 10 | BV4: =SUM(BN4, BR4) -> 50 | BW4: =SUM(AN4,AP4,AR4,AT4,AV4,AX4,AZ4,BB4,BF4) -> 1 | BX4: 142.3 | BY4: =(IF(BX4<=116.4,((116.4*116.4*ACOS((116.4-BX4)/116.4))-((116.4-BX4)*SQRT(2*116.4*BX4-BX4*BX4)))*669.8,((3.1416*116.4*116.4)-((116.4*116.4*ACOS((116.4-(2*116.4-BX4))/116.4))-((116.4-(2*116.4-BX4))*SQRT(2*116.4*(2*116.4-BX4)-((2*116.4-BX4)*(2*116.4-BX4))))))*669.8))/1000 -> 18260.186 | CA4: =IF((BY3-BY4)<0,"0",(BY3-BY4)) -> 0 | CB4: 205886 | CC4: =IF((CB4-CB3)<0,"0",(CB4-CB3)) -> 0.1 | CD4: =CC4*5.71 -> 0.571 | CE4: 40 | CF4: =(CE4*10775)/100 -> 4310 | CG4: 40 | CH4: =(CG4*10775)/100 -> 4310 | CI4: 44 | CJ4: =(CI4*10775)/100 -> 4741 | CK4: =CF4+CH4+CJ4 -> 13361 | CL4: =IF((CK3-CK4+CM3)=CK3,"0",(CK3-CK4+CM3)) -> 107.75 | CN4: 34092.9 | CO4: =IF((CN4-CN3)<0,"0",(CN4-CN3)) -> 1.7 | CP4: =CO4*2.44 -> 4.148 | CQ4: 34300 | CR4: =IF((CQ4-CQ3)<0,"0",(CQ4-CQ3)) -> 0 | CS4: =CR4*2.44 -> 0 | CT4: 10234 | CU4: =IF((CT4-CT3)<0,"0",(CT4-CT3)) -> 0 | CV4: =CU4*6.25 -> 0 | CW4: 831923 | CX4: =IF((CW4-CW3)<0,"0",(CW4-CW3)) -> 0 | CY4: =CX4*3.1 -> 0 | CZ4: 5719.1 | DA4: =IF((CZ4-CZ3)<0,"0",(CZ4-CZ3)) -> 0 | DB4: =DA4*2.39 -> 0 | DC4: 7415 | DD4: =IF((DC4-DC3)<0,"0",(DC4-DC3)) -> 0 | DE4: =DD4*2.39 -> 0 | DF4: 3779.3 | DG4: =IF((DF4-DF3)<0,"0",(DF4-DF3)) -> 1.6 | DH4: =DG4*2.39 -> 3.824 | DI4: 1855.8 | DJ4: =IF((DI4-DI3)<0,"0",(DI4-DI3)) -> 0.02 | DK4: =DJ4*2.39 -> 0.0478 | DL4: 5078.4 | DM4: =IF((DL4-DL3)<0,"0",(DL4-DL3)) -> 0 | DN4: =DM4*2.39 -> 0 | DO4: 4451.7 | DP4: =IF((DO4-DO3)<0,"0",(DO4-DO3)) -> 0 | DQ4: =DP4*2.39 -> 0 | DR4: 5086.1 | DS4: =IF((DR4-DR3)<0,"0",(DR4-DR3)) -> 0 | DT4: =DS4*2.39 -> 0 | DU4: 4320.7 | DV4: =IF((DU4-DU3)<0,"0",(DU4-DU3)) -> 0 | DW4: =DV4*2.39 -> 0 | DX4: 12732 | DY4: 0 | DZ4: 61889 | EA4: 0 | EB4: 15599 | EC4: 0 | ED4: 24594 | EE4: =IF((ED4-ED3)<0,"0",(ED4-ED3)) -> 0 | EF4: 3 | EG4: 11 | EH4: 0.015
A5: 44014 | B5: 5219716 | C5: =IF((B5-B4)<0,"0",(B5-B4)) -> 3609 | D5: 4570403 | E5: =IF((D5-D4)<0,"0",(D5-D4)) -> 3279 | F5: =E5/C5 -> 0.90856193 | G5: 286 | H5: 430 | I5: 285707 | J5: 0 | K5: 750 | L5: 0 | M5: 629908 | N5: 0 | O5: 967 | P5: 0 | Q5: 2530587 | R5: =IF((Q5-Q4)<0,"0",(Q5-Q4)) -> 87 | S5: 2187530 | T5: =IF((S5-S4)<0,"0",(S5-S4)) -> 4 | U5: 92334 | V5: =IF((U5-U4)<0,"0",(U5-U4)) -> 75 | W5: 100 | X5: 0 | Y5: 152258 | Z5: =IF((Y5-Y4)<0,"0",(Y5-Y4)) -> 0 | AA5: 37839 | AB5: =IF((AA5-AA4)<0,"0",(AA5-AA4)) -> 5 | AC5: 1058 | AD5: =IF((AC5-AC4)<0,"0",(AC5-AC4)) -> 0 | AE5: 3689 | AF5: =IF((AE5-AE4)<0,"0",(AE5-AE4)) -> 0 | AI5: 570720 | AJ5: =IF((AI5-AI4)<0,"0",(AI5-AI4)) -> 60 | AM5: 52018 | AN5: =IF((AM5-AM4)<0,"0",(AM5-AM4)) -> 1 | AO5: 8866 | AP5: =IF((AO5-AO4)<0,"0",(AO5-AO4)) -> 2 | AQ5: 10548 | AR5: =IF((AQ5-AQ4)<0,"0",(AQ5-AQ4)) -> 0 | AS5: 14481 | AT5: =IF((AS5-AS4)<0,"0",(AS5-AS4)) -> 0 | AU5: 19349 | AV5: =IF((AU5-AU4)<0,"0",(AU5-AU4)) -> 0 | AW5: 20660 | AX5: =IF((AW5-AW4)<0,"0",(AW5-AW4)) -> 0 | AY5: 13831 | AZ5: =IF((AY5-AY4)<0,"0",(AY5-AY4)) -> 0 | BA5: 6152 | BB5: =IF((BA5-BA4)<0,"0",(BA5-BA4)) -> 0 | BC5: 26342 | BD5: =IF((BC5-BC4)<0,"0",(BC5-BC4)) -> 0 | BE5: 1112 | BF5: =IF((BE5-BE4)<0,"0",(BE5-BE4)) -> 0 | BG5: 4303 | BH5: =IF((BG5-BG4)<0,"0",(BG5-BG4)) -> 0 | BI5: 3636 | BJ5: =IF((BI5-BI4)<0,"0",(BI5-BI4)) -> 0 | BK5: =AZ5+AX5+AT5 -> 0 | BL5: =AJ5-BK5 -> 60 | BM5: 594990 | BN5: =IF((BM5-BM4)<0,"0",(BM5-BM4)) -> 10 | BO5: 581 | BP5: =IF((BO5-BO4)<0,"0",(BO5-BO4)) -> 0 | BQ5: 767760 | BR5: =IF((BQ5-BQ4)<0,"0",(BQ5-BQ4)) -> 60 | BS5: 5866 | BT5: =IF((BS5-BS4)<0,"0",(BS5-BS4)) -> 0 | BU5: =(BR5-AJ5) -> 0 | BV5: =SUM(BN5, BR5) -> 70 | BW5: =SUM(AN5,AP5,AR5,AT5,AV5,AX5,AZ5,BB5,BF5) -> 3 | BX5: 142.3 | BY5: =(IF(BX5<=116.4,((116.4*116.4*ACOS((116.4-BX5)/116.4))-((116.4-BX5)*SQRT(2*116.4*BX5-BX5*BX5)))*669.8,((3.1416*116.4*116.4)-((116.4*116.4*ACOS((116.4-(2*116.4-BX5))/116.4))-((116.4-(2*116.4-BX5))*SQRT(2*116.4*(2*116.4-BX5)-((2*116.4-BX5)*(2*116.4-BX5))))))*669.8))/1000 -> 18260.186 | CA5: =IF((BY4-BY5)<0,"0",(BY4-BY5)) -> 0 | CB5: 205886 | CC5: =IF((CB5-CB4)<0,"0",(CB5-CB4)) -> 0 | CD5: =CC5*5.71 -> 0 | CE5: 40 | CF5: =(CE5*10775)/100 -> 4310 | CG5: 40 | CH5: =(CG5*10775)/100 -> 4310 | CI5: 44 | CJ5: =(CI5*10775)/100 -> 4741 | CK5: =CF5+CH5+CJ5 -> 13361 | CL5: =IF((CK4-CK5+CM4)=CK4,"0",(CK4-CK5+CM4)) -> 0 | CN5: 34094.2 | CO5: =IF((CN5-CN4)<0,"0",(CN5-CN4)) -> 1.3 | CP5: =CO5*2.44 -> 3.172 | CQ5: 34300 | CR5: =IF((CQ5-CQ4)<0,"0",(CQ5-CQ4)) -> 0 | CS5: =CR5*2.44 -> 0 | CT5: 10234 | CU5: =IF((CT5-CT4)<0,"0",(CT5-CT4)) -> 0 | CV5: =CU5*6.25 -> 0 | CW5: 831923 | CX5: =IF((CW5-CW4)<0,"0",(CW5-CW4)) -> 0 | CY5: =CX5*3.1 -> 0 | CZ5: 5719.1 | DA5: =IF((CZ5-CZ4)<0,"0",(CZ5-CZ4)) -> 0 | DB5: =DA5*2.39 -> 0 | DC5: 7415 | DD5: =IF((DC5-DC4)<0,"0",(DC5-DC4)) -> 0 | DE5: =DD5*2.39 -> 0 | DF5: 3785.1 | DG5: =IF((DF5-DF4)<0,"0",(DF5-DF4)) -> 5.8 | DH5: =DG5*2.39 -> 13.862 | DI5: 1855.8 | DJ5: =IF((DI5-DI4)<0,"0",(DI5-DI4)) -> 0 | DK5: =DJ5*2.39 -> 0 | DL5: 5078.4 | DM5: =IF((DL5-DL4)<0,"0",(DL5-DL4)) -> 0 | DN5: =DM5*2.39 -> 0 | DO5: 4451.7 | DP5: =IF((DO5-DO4)<0,"0",(DO5-DO4)) -> 0 | DQ5: =DP5*2.39 -> 0 | DR5: 5086.1 | DS5: =IF((DR5-DR4)<0,"0",(DR5-DR4)) -> 0 | DT5: =DS5*2.39 -> 0 | DU5: 4320.7 | DV5: =IF((DU5-DU4)<0,"0",(DU5-DU4)) -> 0 | DW5: =DV5*2.39 -> 0 | DX5: 12732 | DY5: 0 | DZ5: 61889 | EA5: 0 | EB5: 15599 | EC5: =IF((EB5-EB4)<0,"0",(EB5-EB4)) -> 0 | ED5: 24594 | EE5: =IF((ED5-ED4)<0,"0",(ED5-ED4)) -> 0 | EF5: 3 | EG5: 11 | EH5: 0.015
A6: 44015 | B6: 5223209 | C6: =IF((B6-B5)<0,"0",(B6-B5)) -> 3493 | D6: 4573547 | E6: =IF((D6-D5)<0,"0",(D6-D5)) -> 3144 | F6: =E6/C6 -> 0.90008589 | G6: 286 | H6: 430 | I6: 285707 | J6: 0 | K6: 750 | L6: 0 | M6: 629908 | N6: 0 | O6: 967 | P6: 0 | Q6: 2530621 | R6: =IF((Q6-Q5)<0,"0",(Q6-Q5)) -> 34 | S6: 2187531 | T6: =IF((S6-S5)<0,"0",(S6-S5)) -> 1 | U6: 92393 | V6: =IF((U6-U5)<0,"0",(U6-U5)) -> 59 | W6: 100 | X6: 0 | Y6: 152258 | Z6: =IF((Y6-Y5)<0,"0",(Y6-Y5)) -> 0 | AA6: 37848 | AB6: =IF((AA6-AA5)<0,"0",(AA6-AA5)) -> 9 | AC6: 1058 | AD6: =IF((AC6-AC5)<0,"0",(AC6-AC5)) -> 0 | AE6: 3689 | AF6: =IF((AE6-AE5)<0,"0",(AE6-AE5)) -> 0 | AI6: 570750 | AJ6: =IF((AI6-AI5)<0,"0",(AI6-AI5)) -> 30 | AM6: 52018 | AN6: =IF((AM6-AM5)<0,"0",(AM6-AM5)) -> 0 | AO6: 8866 | AP6: =IF((AO6-AO5)<0,"0",(AO6-AO5)) -> 0 | AQ6: 10549 | AR6: =IF((AQ6-AQ5)<0,"0",(AQ6-AQ5)) -> 1 | AS6: 14481 | AT6: =IF((AS6-AS5)<0,"0",(AS6-AS5)) -> 0 | AU6: 19349 | AV6: =IF((AU6-AU5)<0,"0",(AU6-AU5)) -> 0 | AW6: 20660 | AX6: =IF((AW6-AW5)<0,"0",(AW6-AW5)) -> 0 | AY6: 13831 | AZ6: =IF((AY6-AY5)<0,"0",(AY6-AY5)) -> 0 | BA6: 6153 | BB6: =IF((BA6-BA5)<0,"0",(BA6-BA5)) -> 1 | BC6: 26342 | BD6: =IF((BC6-BC5)<0,"0",(BC6-BC5)) -> 0 | BE6: 1112 | BF6: =IF((BE6-BE5)<0,"0",(BE6-BE5)) -> 0 | BG6: 4303 | BH6: =IF((BG6-BG5)<0,"0",(BG6-BG5)) -> 0 | BI6: 3636 | BJ6: =IF((BI6-BI5)<0,"0",(BI6-BI5)) -> 0 | BK6: =AZ6+AX6+AT6 -> 0 | BL6: =AJ6-BK6 -> 30 | BM6: 595010 | BN6: =IF((BM6-BM5)<0,"0",(BM6-BM5)) -> 20 | BO6: 581 | BP6: =IF((BO6-BO5)<0,"0",(BO6-BO5)) -> 0 | BQ6: 767790 | BR6: =IF((BQ6-BQ5)<0,"0",(BQ6-BQ5)) -> 30 | BS6: 5866 | BT6: =IF((BS6-BS5)<0,"0",(BS6-BS5)) -> 0 | BU6: =(BR6-AJ6) -> 0 | BV6: =SUM(BN6, BR6) -> 50 | BW6: =SUM(AN6,AP6,AR6,AT6,AV6,AX6,AZ6,BB6,BF6) -> 2 | BX6: 142.3 | BY6: =(IF(BX6<=116.4,((116.4*116.4*ACOS((116.4-BX6)/116.4))-((116.4-BX6)*SQRT(2*116.4*BX6-BX6*BX6)))*669.8,((3.1416*116.4*116.4)-((116.4*116.4*ACOS((116.4-(2*116.4-BX6))/116.4))-((116.4-(2*116.4-BX6))*SQRT(2*116.4*(2*116.4-BX6)-((2*116.4-BX6)*(2*116.4-BX6))))))*669.8))/1000 -> 18260.186 | CA6: =IF((BY5-BY6)<0,"0",(BY5-BY6)) -> 0 | CB6: 205886 | CC6: =IF((CB6-CB5)<0,"0",(CB6-CB5)) -> 0 | CD6: =CC6*5.71 -> 0 | CE6: 40 | CF6: =(CE6*10775)/100 -> 4310 | CG6: 40 | CH6: =(CG6*10775)/100 -> 4310 | CI6: 43 | CJ6: =(CI6*10775)/100 -> 4633.25 | CK6: =CF6+CH6+CJ6 -> 13253.25 | CL6: =IF((CK5-CK6+CM5)=CK5,"0",(CK5-CK6+CM5)) -> 107.75 | CN6: 34094.9 | CO6: =IF((CN6-CN5)<0,"0",(CN6-CN5)) -> 0.7 | CP6: =CO6*2.44 -> 1.708 | CQ6: 34300 | CR6: =IF((CQ6-CQ5)<0,"0",(CQ6-CQ5)) -> 0 | CS6: =CR6*2.44 -> 0 | CT6: 10234 | CU6: =IF((CT6-CT5)<0,"0",(CT6-CT5)) -> 0 | CV6: =CU6*6.25 -> 0 | CW6: 831923 | CX6: =IF((CW6-CW5)<0,"0",(CW6-CW5)) -> 0 | CY6: =CX6*3.1 -> 0 | CZ6: 5719.1 | DA6: =IF((CZ6-CZ5)<0,"0",(CZ6-CZ5)) -> 0 | DB6: =DA6*2.39 -> 0 | DC6: 7415 | DD6: =IF((DC6-DC5)<0,"0",(DC6-DC5)) -> 0 | DE6: =DD6*2.39 -> 0 | DF6: 3787.1 | DG6: =IF((DF6-DF5)<0,"0",(DF6-DF5)) -> 2 | DH6: =DG6*2.39 -> 4.78 | DI6: 1855.8 | DJ6: =IF((DI6-DI5)<0,"0",(DI6-DI5)) -> 0 | DK6: =DJ6*2.39 -> 0 | DL6: 5078.4 | DM6: =IF((DL6-DL5)<0,"0",(DL6-DL5)) -> 0 | DN6: =DM6*2.39 -> 0 | DO6: 4451.7 | DP6: =IF((DO6-DO5)<0,"0",(DO6-DO5)) -> 0 | DQ6: =DP6*2.39 -> 0 | DR6: 5086.1 | DS6: =IF((DR6-DR5)<0,"0",(DR6-DR5)) -> 0 | DT6: =DS6*2.39 -> 0 | DU6: 4320.7 | DV6: =IF((DU6-DU5)<0,"0",(DU6-DU5)) -> 0 | DW6: =DV6*2.39 -> 0 | DX6: 12732 | DY6: =IF((DX6-DX5)<0,"0",(DX6-DX5)) -> 0 | DZ6: 61889 | EA6: 0 | EB6: 15599 | EC6: =IF((EB6-EB5)<0,"0",(EB6-EB5)) -> 0 | ED6: 24594 | EE6: =IF((ED6-ED5)<0,"0",(ED6-ED5)) -> 0 | EF6: 3 | EG6: 11 | EH6: 0.015
A7: 44016 | B7: 5226972 | C7: =IF((B7-B6)<0,"0",(B7-B6)) -> 3763 | D7: 4576962 | E7: =IF((D7-D6)<0,"0",(D7-D6)) -> 3415 | F7: =E7/C7 -> 0.9075206 | G7: 286 | H7: 430 | I7: 285707 | J7: 0 | K7: 750 | L7: 0 | M7: 629908 | N7: 0 | O7: 967 | P7: 0 | Q7: 2530668 | R7: =IF((Q7-Q6)<0,"0",(Q7-Q6)) -> 47 | S7: 2187532 | T7: =IF((S7-S6)<0,"0",(S7-S6)) -> 1 | U7: 92461 | V7: =IF((U7-U6)<0,"0",(U7-U6)) -> 68 | W7: 100 | X7: 0 | Y7: 152258 | Z7: =IF((Y7-Y6)<0,"0",(Y7-Y6)) -> 0 | AA7: 37855 | AB7: =IF((AA7-AA6)<0,"0",(AA7-AA6)) -> 7 | AC7: 1058 | AD7: =IF((AC7-AC6)<0,"0",(AC7-AC6)) -> 0 | AE7: 3689 | AF7: =IF((AE7-AE6)<0,"0",(AE7-AE6)) -> 0 | AI7: 570790 | AJ7: =IF((AI7-AI6)<0,"0",(AI7-AI6)) -> 40 | AM7: 52019 | AN7: =IF((AM7-AM6)<0,"0",(AM7-AM6)) -> 1 | AO7: 8866 | AP7: =IF((AO7-AO6)<0,"0",(AO7-AO6)) -> 0 | AQ7: 10549 | AR7: =IF((AQ7-AQ6)<0,"0",(AQ7-AQ6)) -> 0 | AS7: 14481 | AT7: =IF((AS7-AS6)<0,"0",(AS7-AS6)) -> 0 | AU7: 19349 | AV7: =IF((AU7-AU6)<0,"0",(AU7-AU6)) -> 0 | AW7: 20660 | AX7: =IF((AW7-AW6)<0,"0",(AW7-AW6)) -> 0 | AY7: 13831 | AZ7: =IF((AY7-AY6)<0,"0",(AY7-AY6)) -> 0 | BA7: 6153 | BB7: =IF((BA7-BA6)<0,"0",(BA7-BA6)) -> 0 | BC7: 26343 | BD7: =IF((BC7-BC6)<0,"0",(BC7-BC6)) -> 1 | BE7: 1112 | BF7: =IF((BE7-BE6)<0,"0",(BE7-BE6)) -> 0 | BG7: 4303 | BH7: =IF((BG7-BG6)<0,"0",(BG7-BG6)) -> 0 | BI7: 3636 | BJ7: =IF((BI7-BI6)<0,"0",(BI7-BI6)) -> 0 | BK7: =AZ7+AX7+AT7 -> 0 | BL7: =AJ7-BK7 -> 40 | BM7: 595050 | BN7: =IF((BM7-BM6)<0,"0",(BM7-BM6)) -> 40 | BO7: 581 | BP7: =IF((BO7-BO6)<0,"0",(BO7-BO6)) -> 0 | BQ7: 767830 | BR7: =IF((BQ7-BQ6)<0,"0",(BQ7-BQ6)) -> 40 | BS7: 5866 | BT7: =IF((BS7-BS6)<0,"0",(BS7-BS6)) -> 0 | BU7: =(BR7-AJ7) -> 0 | BV7: =SUM(BN7, BR7) -> 80 | BW7: =SUM(AN7,AP7,AR7,AT7,AV7,AX7,AZ7,BB7,BF7) -> 1 | BX7: 142.3 | BY7: =(IF(BX7<=116.4,((116.4*116.4*ACOS((116.4-BX7)/116.4))-((116.4-BX7)*SQRT(2*116.4*BX7-BX7*BX7)))*669.8,((3.1416*116.4*116.4)-((116.4*116.4*ACOS((116.4-(2*116.4-BX7))/116.4))-((116.4-(2*116.4-BX7))*SQRT(2*116.4*(2*116.4-BX7)-((2*116.4-BX7)*(2*116.4-BX7))))))*669.8))/1000 -> 18260.186 | CA7: =IF((BY6-BY7)<0,"0",(BY6-BY7)) -> 0 | CB7: 205886 | CC7: =IF((CB7-CB6)<0,"0",(CB7-CB6)) -> 0 | CD7: =CC7*5.71 -> 0 | CE7: 40 | CF7: =(CE7*10775)/100 -> 4310 | CG7: 40 | CH7: =(CG7*10775)/100 -> 4310 | CI7: 43 | CJ7: =(CI7*10775)/100 -> 4633.25 | CK7: =CF7+CH7+CJ7 -> 13253.25 | CL7: =IF((CK6-CK7+CM6)=CK6,"0",(CK6-CK7+CM6)) -> 0 | CN7: 34095.9 | CO7: =IF((CN7-CN6)<0,"0",(CN7-CN6)) -> 1 | CP7: =CO7*2.44 -> 2.44 | CQ7: 34300 | CR7: =IF((CQ7-CQ6)<0,"0",(CQ7-CQ6)) -> 0 | CS7: =CR7*2.44 -> 0 | CT7: 10234 | CU7: =IF((CT7-CT6)<0,"0",(CT7-CT6)) -> 0 | CV7: =CU7*6.25 -> 0 | CW7: 831923 | CX7: =IF((CW7-CW6)<0,"0",(CW7-CW6)) -> 0 | CY7: =CX7*3.1 -> 0 | CZ7: 5719.1 | DA7: =IF((CZ7-CZ6)<0,"0",(CZ7-CZ6)) -> 0 | DB7: =DA7*2.39 -> 0 | DC7: 7415 | DD7: =IF((DC7-DC6)<0,"0",(DC7-DC6)) -> 0 | DE7: =DD7*2.39 -> 0 | DF7: 3790.3 | DG7: =IF((DF7-DF6)<0,"0",(DF7-DF6)) -> 3.2 | DH7: =DG7*2.39 -> 7.648 | DI7: 1855.8 | DJ7: =IF((DI7-DI6)<0,"0",(DI7-DI6)) -> 0 | DK7: =DJ7*2.39 -> 0 | DL7: 5078.4 | DM7: =IF((DL7-DL6)<0,"0",(DL7-DL6)) -> 0 | DN7: =DM7*2.39 -> 0 | DO7: 4451.7 | DP7: =IF((DO7-DO6)<0,"0",(DO7-DO6)) -> 0 | DQ7: =DP7*2.39 -> 0 | DR7: 5086.1 | DS7: =IF((DR7-DR6)<0,"0",(DR7-DR6)) -> 0 | DT7: =DS7*2.39 -> 0 | DU7: 4320.7 | DV7: =IF((DU7-DU6)<0,"0",(DU7-DU6)) -> 0 | DW7: =DV7*2.39 -> 0 | DX7: 12732 | DY7: =IF((DX7-DX6)<0,"0",(DX7-DX6)) -> 0 | DZ7: 61889 | EA7: 0 | EB7: 15599 | EC7: =IF((EB7-EB6)<0,"0",(EB7-EB6)) -> 0 | ED7: 24594 | EE7: =IF((ED7-ED6)<0,"0",(ED7-ED6)) -> 0 | EF7: 3 | EG7: 11 | EH7: 0.015
A8: 44017 | B8: 5230446 | C8: =IF((B8-B7)<0,"0",(B8-B7)) -> 3474 | D8: 4580110 | E8: =IF((D8-D7)<0,"0",(D8-D7)) -> 3148 | F8: =E8/C8 -> 0.90616005 | G8: 196 | H8: 286 | I8: 285707 | J8: =IF((I8-I7)<0,"0",(I8-I7)) -> 0 | K8: 750 | L8: =IF((K8-K7)<0,"0",(K8-K7)) -> 0 | M8: 629908 | N8: =IF((M8-M7)<0,"0",(M8-M7)) -> 0 | O8: 967 | P8: =IF((O8-O7)<0,"0",(O8-O7)) -> 0 | Q8: 2530750 | R8: =IF((Q8-Q7)<0,"0",(Q8-Q7)) -> 82 | S8: 2187532 | T8: =IF((S8-S7)<0,"0",(S8-S7)) -> 0 | U8: 92528 | V8: =IF((U8-U7)<0,"0",(U8-U7)) -> 67 | W8: 100 | X8: 0 | Y8: 152258 | Z8: =IF((Y8-Y7)<0,"0",(Y8-Y7)) -> 0 | AA8: 37865 | AB8: =IF((AA8-AA7)<0,"0",(AA8-AA7)) -> 10 | AC8: 1058 | AD8: =IF((AC8-AC7)<0,"0",(AC8-AC7)) -> 0 | AE8: 3689 | AF8: =IF((AE8-AE7)<0,"0",(AE8-AE7)) -> 0 | AI8: 570860 | AJ8: =IF((AI8-AI7)<0,"0",(AI8-AI7)) -> 70 | AM8: 52019 | AN8: =IF((AM8-AM7)<0,"0",(AM8-AM7)) -> 0 | AO8: 8866 | AP8: =IF((AO8-AO7)<0,"0",(AO8-AO7)) -> 0 | AQ8: 10549 | AR8: =IF((AQ8-AQ7)<0,"0",(AQ8-AQ7)) -> 0 | AS8: 14481 | AT8: =IF((AS8-AS7)<0,"0",(AS8-AS7)) -> 0 | AU8: 19349 | AV8: =IF((AU8-AU7)<0,"0",(AU8-AU7)) -> 0 | AW8: 20660 | AX8: =IF((AW8-AW7)<0,"0",(AW8-AW7)) -> 0 | AY8: 13831 | AZ8: =IF((AY8-AY7)<0,"0",(AY8-AY7)) -> 0 | BA8: 6153 | BB8: =IF((BA8-BA7)<0,"0",(BA8-BA7)) -> 0 | BC8: 26343 | BD8: =IF((BC8-BC7)<0,"0",(BC8-BC7)) -> 0 | BE8: 1112 | BF8: =IF((BE8-BE7)<0,"0",(BE8-BE7)) -> 0 | BG8: 4303 | BH8: =IF((BG8-BG7)<0,"0",(BG8-BG7)) -> 0 | BI8: 3636 | BJ8: =IF((BI8-BI7)<0,"0",(BI8-BI7)) -> 0 | BK8: =AZ8+AX8+AT8 -> 0 | BL8: =AJ8-BK8 -> 70 | BM8: 595080 | BN8: =IF((BM8-BM7)<0,"0",(BM8-BM7)) -> 30 | BO8: 581 | BP8: =IF((BO8-BO7)<0,"0",(BO8-BO7)) -> 0 | BQ8: 767900 | BR8: =IF((BQ8-BQ7)<0,"0",(BQ8-BQ7)) -> 70 | BS8: 5866 | BT8: =IF((BS8-BS7)<0,"0",(BS8-BS7)) -> 0 | BU8: =(BR8-AJ8) -> 0 | BV8: =SUM(BN8, BR8) -> 100 | BW8: =SUM(AN8,AP8,AR8,AT8,AV8,AX8,AZ8,BB8,BF8) -> 0 | BX8: 142.3 | BY8: =(IF(BX8<=116.4,((116.4*116.4*ACOS((116.4-BX8)/116.4))-((116.4-BX8)*SQRT(2*116.4*BX8-BX8*BX8)))*669.8,((3.1416*116.4*116.4)-((116.4*116.4*ACOS((116.4-(2*116.4-BX8))/116.4))-((116.4-(2*116.4-BX8))*SQRT(2*116.4*(2*116.4-BX8)-((2*116.4-BX8)*(2*116.4-BX8))))))*669.8))/1000 -> 18260.186 | CA8: =IF((BY7-BY8)<0,"0",(BY7-BY8)) -> 0 | CB8: 205886 | CC8: =IF((CB8-CB7)<0,"0",(CB8-CB7)) -> 0 | CD8: =CC8*5.71 -> 0 | CE8: 40 | CF8: =(CE8*10775)/100 -> 4310 | CG8: 40 | CH8: =(CG8*10775)/100 -> 4310 | CI8: 42 | CJ8: =(CI8*10775)/100 -> 4525.5 | CK8: =CF8+CH8+CJ8 -> 13145.5 | CL8: =IF((CK7-CK8+CM7)=CK7,"0",(CK7-CK8+CM7)) -> 107.75 | CN8: 34096.4 | CO8: =IF((CN8-CN7)<0,"0",(CN8-CN7)) -> 0.5 | CP8: =CO8*2.44 -> 1.22 | CQ8: 34300 | CR8: =IF((CQ8-CQ7)<0,"0",(CQ8-CQ7)) -> 0 | CS8: =CR8*2.44 -> 0 | CT8: 10234 | CU8: =IF((CT8-CT7)<0,"0",(CT8-CT7)) -> 0 | CV8: =CU8*6.25 -> 0 | CW8: 831923 | CX8: =IF((CW8-CW7)<0,"0",(CW8-CW7)) -> 0 | CY8: =CX8*3.1 -> 0 | CZ8: 5721.6 | DA8: =IF((CZ8-CZ7)<0,"0",(CZ8-CZ7)) -> 2.5 | DB8: =DA8*2.39 -> 5.975 | DC8: 7415 | DD8: =IF((DC8-DC7)<0,"0",(DC8-DC7)) -> 0 | DE8: =DD8*2.39 -> 0 | DF8: 3796.1 | DG8: =IF((DF8-DF7)<0,"0",(DF8-DF7)) -> 5.8 | DH8: =DG8*2.39 -> 13.862 | DI8: 1855.8 | DJ8: =IF((DI8-DI7)<0,"0",(DI8-DI7)) -> 0 | DK8: =DJ8*2.39 -> 0 | DL8: 5078.4 | DM8: =IF((DL8-DL7)<0,"0",(DL8-DL7)) -> 0 | DN8: =DM8*2.39 -> 0 | DO8: 4451.7 | DP8: =IF((DO8-DO7)<0,"0",(DO8-DO7)) -> 0 | DQ8: =DP8*2.39 -> 0 | DR8: 5086.1 | DS8: =IF((DR8-DR7)<0,"0",(DR8-DR7)) -> 0 | DT8: =DS8*2.39 -> 0 | DU8: 4320.7 | DV8: =IF((DU8-DU7)<0,"0",(DU8-DU7)) -> 0 | DW8: =DV8*2.39 -> 0 | DX8: 12732 | DY8: =IF((DX8-DX7)<0,"0",(DX8-DX7)) -> 0 | DZ8: 61889 | EA8: 0 | EB8: 15599 | EC8: =IF((EB8-EB7)<0,"0",(EB8-EB7)) -> 0 | ED8: 24594 | EE8: =IF((ED8-ED7)<0,"0",(ED8-ED7)) -> 0 | EF8: 2 | EG8: 11 | EH8: 0.015
A9: 44018 | B9: 5234249 | C9: =IF((B9-B8)<0,"0",(B9-B8)) -> 3803 | D9: 4583574 | E9: =IF((D9-D8)<0,"0",(D9-D8)) -> 3464 | F9: =E9/C9 -> 0.91085985 | G9: 196 | H9: 286 | I9: 285707 | J9: =IF((I9-I8)<0,"0",(I9-I8)) -> 0 | K9: 750 | L9: =IF((K9-K8)<0,"0",(K9-K8)) -> 0 | M9: 629908 | N9: =IF((M9-M8)<0,"0",(M9-M8)) -> 0 | O9: 967 | P9: =IF((O9-O8)<0,"0",(O9-O8)) -> 0 | Q9: 2530790 | R9: =IF((Q9-Q8)<0,"0",(Q9-Q8)) -> 40 | S9: 2187536 | T9: =IF((S9-S8)<0,"0",(S9-S8)) -> 4 | U9: 92596 | V9: =IF((U9-U8)<0,"0",(U9-U8)) -> 68 | W9: 100 | X9: 0 | Y9: 152258 | Z9: =IF((Y9-Y8)<0,"0",(Y9-Y8)) -> 0 | AA9: 37869 | AB9: =IF((AA9-AA8)<0,"0",(AA9-AA8)) -> 4 | AC9: 1058 | AD9: =IF((AC9-AC8)<0,"0",(AC9-AC8)) -> 0 | AE9: 3689 | AF9: =IF((AE9-AE8)<0,"0",(AE9-AE8)) -> 0 | AI9: 570880 | AJ9: =IF((AI9-AI8)<0,"0",(AI9-AI8)) -> 20 | AM9: 52020 | AN9: =IF((AM9-AM8)<0,"0",(AM9-AM8)) -> 1 | AO9: 8863 | AP9: =IF((AO9-AO8)<0,"0",(AO9-AO8)) -> 0 | AQ9: 10549 | AR9: =IF((AQ9-AQ8)<0,"0",(AQ9-AQ8)) -> 0 | AS9: 14481 | AT9: =IF((AS9-AS8)<0,"0",(AS9-AS8)) -> 0 | AU9: 19349 | AV9: =IF((AU9-AU8)<0,"0",(AU9-AU8)) -> 0 | AW9: 20660 | AX9: =IF((AW9-AW8)<0,"0",(AW9-AW8)) -> 0 | AY9: 13831 | AZ9: =IF((AY9-AY8)<0,"0",(AY9-AY8)) -> 0 | BA9: 6153 | BB9: =IF((BA9-BA8)<0,"0",(BA9-BA8)) -> 0 | BC9: 26343 | BD9: =IF((BC9-BC8)<0,"0",(BC9-BC8)) -> 0 | BE9: 1112 | BF9: =IF((BE9-BE8)<0,"0",(BE9-BE8)) -> 0 | BG9: 4303 | BH9: =IF((BG9-BG8)<0,"0",(BG9-BG8)) -> 0 | BI9: 3636 | BJ9: =IF((BI9-BI8)<0,"0",(BI9-BI8)) -> 0 | BK9: =AZ9+AX9+AT9 -> 0 | BL9: =AJ9-BK9 -> 20 | BM9: 595100 | BN9: =IF((BM9-BM8)<0,"0",(BM9-BM8)) -> 20 | BO9: 581 | BP9: =IF((BO9-BO8)<0,"0",(BO9-BO8)) -> 0 | BQ9: 767920 | BR9: =IF((BQ9-BQ8)<0,"0",(BQ9-BQ8)) -> 20 | BS9: 5866 | BT9: =IF((BS9-BS8)<0,"0",(BS9-BS8)) -> 0 | BU9: =(BR9-AJ9) -> 0 | BV9: =SUM(BN9, BR9) -> 40 | BW9: =SUM(AN9,AP9,AR9,AT9,AV9,AX9,AZ9,BB9,BF9) -> 1 | BX9: 142.3 | BY9: =(IF(BX9<=116.4,((116.4*116.4*ACOS((116.4-BX9)/116.4))-((116.4-BX9)*SQRT(2*116.4*BX9-BX9*BX9)))*669.8,((3.1416*116.4*116.4)-((116.4*116.4*ACOS((116.4-(2*116.4-BX9))/116.4))-((116.4-(2*116.4-BX9))*SQRT(2*116.4*(2*116.4-BX9)-((2*116.4-BX9)*(2*116.4-BX9))))))*669.8))/1000 -> 18260.186 | CA9: =IF((BY8-BY9)<0,"0",(BY8-BY9)) -> 0 | CB9: 205886 | CC9: =IF((CB9-CB8)<0,"0",(CB9-CB8)) -> 0 | CD9: =CC9*5.71 -> 0 | CE9: 40 | CF9: =(CE9*10775)/100 -> 4310 | CG9: 40 | CH9: =(CG9*10775)/100 -> 4310 | CI9: 42 | CJ9: =(CI9*10775)/100 -> 4525.5 | CK9: =CF9+CH9+CJ9 -> 13145.5 | CL9: =IF((CK8-CK9+CM8)=CK8,"0",(CK8-CK9+CM8)) -> 0 | CN9: 34097.4 | CO9: =IF((CN9-CN8)<0,"0",(CN9-CN8)) -> 1 | CP9: =CO9*2.44 -> 2.44 | CQ9: 34300 | CR9: =IF((CQ9-CQ8)<0,"0",(CQ9-CQ8)) -> 0 | CS9: =CR9*2.44 -> 0 | CT9: 10234 | CU9: =IF((CT9-CT8)<0,"0",(CT9-CT8)) -> 0 | CV9: =CU9*6.25 -> 0 | CW9: 831923 | CX9: =IF((CW9-CW8)<0,"0",(CW9-CW8)) -> 0 | CY9: =CX9*3.1 -> 0 | CZ9: 5722.4 | DA9: =IF((CZ9-CZ8)<0,"0",(CZ9-CZ8)) -> 0.8 | DB9: =DA9*2.39 -> 1.912 | DC9: 7415 | DD9: =IF((DC9-DC8)<0,"0",(DC9-DC8)) -> 0 | DE9: =DD9*2.39 -> 0 | DF9: 3797.7 | DG9: =IF((DF9-DF8)<0,"0",(DF9-DF8)) -> 1.6 | DH9: =DG9*2.39 -> 3.824 | DI9: 1855.8 | DK9: =DJ9*2.39 -> 0 | DL9: 5078.4 | DM9: =IF((DL9-DL8)<0,"0",(DL9-DL8)) -> 0 | DN9: =DM9*2.39 -> 0 | DO9: 4451.7 | DP9: =IF((DO9-DO8)<0,"0",(DO9-DO8)) -> 0 | DQ9: =DP9*2.39 -> 0 | DR9: 5086.1 | DS9: =IF((DR9-DR8)<0,"0",(DR9-DR8)) -> 0 | DT9: =DS9*2.39 -> 0 | DU9: 4320.7 | DV9: =IF((DU9-DU8)<0,"0",(DU9-DU8)) -> 0 | DW9: =DV9*2.39 -> 0 | DX9: 12732 | DY9: =IF((DX9-DX8)<0,"0",(DX9-DX8)) -> 0 | DZ9: 61889 | EA9: 0 | EB9: 15599 | EC9: =IF((EB9-EB8)<0,"0",(EB9-EB8)) -> 0 | ED9: 24594 | EE9: =IF((ED9-ED8)<0,"0",(ED9-ED8)) -> 0 | EF9: 2 | EG9: 11 | EH9: 0.015
A10: 44019 | B10: 5238027 | C10: =IF((B10-B9)<0,"0",(B10-B9)) -> 3778 | D10: 4587004 | E10: =IF((D10-D9)<0,"0",(D10-D9)) -> 3430 | F10: =E10/C10 -> 0.90788777 | G10: 196 | H10: 286 | I10: 285707 | J10: =IF((I10-I9)<0,"0",(I10-I9)) -> 0 | K10: 750 | L10: =IF((K10-K9)<0,"0",(K10-K9)) -> 0 | M10: 629908 | N10: =IF((M10-M9)<0,"0",(M10-M9)) -> 0 | O10: 967 | P10: =IF((O10-O9)<0,"0",(O10-O9)) -> 0 | Q10: 2530857 | R10: =IF((Q10-Q9)<0,"0",(Q10-Q9)) -> 67 | S10: 2187539 | T10: =IF((S10-S9)<0,"0",(S10-S9)) -> 3 | U10: 92664 | V10: 89 | W10: 100 | X10: 0 | Y10: 152258 | Z10: =IF((Y10-Y9)<0,"0",(Y10-Y9)) -> 0 | AA10: 37877 | AB10: =IF((AA10-AA9)<0,"0",(AA10-AA9)) -> 8 | AC10: 1060 | AD10: =IF((AC10-AC9)<0,"0",(AC10-AC9)) -> 2 | AE10: 3689 | AF10: =IF((AE10-AE9)<0,"0",(AE10-AE9)) -> 0 | AI10: 570950 | AJ10: =IF((AI10-AI9)<0,"0",(AI10-AI9)) -> 70 | AM10: 52021 | AN10: =IF((AM10-AM9)<0,"0",(AM10-AM9)) -> 1 | AO10: 8863 | AP10: =IF((AO10-AO9)<0,"0",(AO10-AO9)) -> 0 | AQ10: 10549 | AR10: =IF((AQ10-AQ9)<0,"0",(AQ10-AQ9)) -> 0 | AS10: 14481 | AT10: =IF((AS10-AS9)<0,"0",(AS10-AS9)) -> 0 | AU10: 19349 | AV10: =IF((AU10-AU9)<0,"0",(AU10-AU9)) -> 0 | AW10: 20660 | AX10: =IF((AW10-AW9)<0,"0",(AW10-AW9)) -> 0 | AY10: 13831 | AZ10: =IF((AY10-AY9)<0,"0",(AY10-AY9)) -> 0 | BA10: 6153 | BB10: =IF((BA10-BA9)<0,"0",(BA10-BA9)) -> 0 | BC10: 26343 | BD10: =IF((BC10-BC9)<0,"0",(BC10-BC9)) -> 0 | BE10: 1112 | BF10: =IF((BE10-BE9)<0,"0",(BE10-BE9)) -> 0 | BG10: 4303 | BH10: =IF((BG10-BG9)<0,"0",(BG10-BG9)) -> 0 | BI10: 3636 | BJ10: =IF((BI10-BI9)<0,"0",(BI10-BI9)) -> 0 | BK10: =AZ10+AX10+AT10 -> 0 | BL10: =AJ10-BK10 -> 70 | BM10: 595120 | BN10: =IF((BM10-BM9)<0,"0",(BM10-BM9)) -> 20 | BO10: 581 | BP10: =IF((BO10-BO9)<0,"0",(BO10-BO9)) -> 0 | BQ10: 767990 | BR10: =IF((BQ10-BQ9)<0,"0",(BQ10-BQ9)) -> 70 | BS10: 5866 | BT10: =IF((BS10-BS9)<0,"0",(BS10-BS9)) -> 0 | BU10: =(BR10-AJ10) -> 0 | BV10: =SUM(BN10, BR10) -> 90 | BW10: =SUM(AN10,AP10,AR10,AT10,AV10,AX10,AZ10,BB10,BF10) -> 1 | BX10: 142.3 | BY10: =(IF(BX10<=116.4,((116.4*116.4*ACOS((116.4-BX10)/116.4))-((116.4-BX10)*SQRT(2*116.4*BX10-BX10*BX10)))*669.8,((3.1416*116.4*116.4)-((116.4*116.4*ACOS((116.4-(2*116.4-BX10))/116.4))-((116.4-(2*116.4-BX10))*SQRT(2*116.4*(2*116.4-BX10)-((2*116.4-BX10)*(2*116.4-BX10))))))*669.8))/1000 -> 18260.186 | CA10: =IF((BY9-BY10)<0,"0",(BY9-BY10)) -> 0 | CB10: 205886 | CC10: =IF((CB10-CB9)<0,"0",(CB10-CB9)) -> 0 | CD10: =CC10*5.71 -> 0 | CE10: 40 | CF10: =(CE10*10775)/100 -> 4310 | CG10: 39 | CH10: =(CG10*10775)/100 -> 4202.25 | CI10: 42 | CJ10: =(CI10*10775)/100 -> 4525.5 | CK10: =CF10+CH10+CJ10 -> 13037.75 | CL10: =IF((CK9-CK10+CM9)=CK9,"0",(CK9-CK10+CM9)) -> 107.75 | CN10: 34099 | CO10: =IF((CN10-CN9)<0,"0",(CN10-CN9)) -> 1.6 | CP10: =CO10*2.44 -> 3.904 | CQ10: 34300 | CR10: =IF((CQ10-CQ9)<0,"0",(CQ10-CQ9)) -> 0 | CS10: =CR10*2.44 -> 0 | CT10: 10234 | CU10: =IF((CT10-CT9)<0,"0",(CT10-CT9)) -> 0 | CV10: =CU10*6.25 -> 0 | CW10: 831923 | CX10: =IF((CW10-CW9)<0,"0",(CW10-CW9)) -> 0 | CY10: =CX10*3.1 -> 0 | CZ10: 5723.4 | DA10: =IF((CZ10-CZ9)<0,"0",(CZ10-CZ9)) -> 1 | DB10: =DA10*2.39 -> 2.39 | DC10: 7415 | DD10: =IF((DC10-DC9)<0,"0",(DC10-DC9)) -> 0 | DE10: =DD10*2.39 -> 0 | DF10: 3801.2 | DG10: =IF((DF10-DF9)<0,"0",(DF10-DF9)) -> 3.5 | DH10: =DG10*2.39 -> 8.365 | DI10: 1855.8 | DJ10: =IF((DI10-DI9)<0,"0",(DI10-DI9)) -> 0 | DK10: =DJ10*2.39 -> 0 | DL10: 5078.4 | DM10: =IF((DL10-DL9)<0,"0",(DL10-DL9)) -> 0 | DN10: =DM10*2.39 -> 0 | DO10: 4451.7 | DP10: =IF((DO10-DO9)<0,"0",(DO10-DO9)) -> 0 | DQ10: =DP10*2.39 -> 0 | DR10: 5086.1 | DS10: =IF((DR10-DR9)<0,"0",(DR10-DR9)) -> 0 | DT10: =DS10*2.39 -> 0 | DU10: 4320.7 | DV10: =IF((DU10-DU9)<0,"0",(DU10-DU9)) -> 0 | DW10: =DV10*2.39 -> 0 | DX10: 12732 | DY10: =IF((DX10-DX9)<0,"0",(DX10-DX9)) -> 0 | DZ10: 61889 | EA10: 0 | EB10: 15599 | EC10: =IF((EB10-EB9)<0,"0",(EB10-EB9)) -> 0 | ED10: 24594 | EE10: =IF((ED10-ED9)<0,"0",(ED10-ED9)) -> 0 | EF10: 2 | EG10: 11 | EH10: 0.015
A11: 44020 | B11: 5241665 | C11: =IF((B11-B10)<0,"0",(B11-B10)) -> 3638 | D11: 4590383 | E11: =IF((D11-D10)<0,"0",(D11-D10)) -> 3379 | F11: =E11/C11 -> 0.92880704 | G11: 196 | H11: 286 | I11: 285707 | J11: =IF((I11-I10)<0,"0",(I11-I10)) -> 0 | K11: 750 | L11: =IF((K11-K10)<0,"0",(K11-K10)) -> 0 | M11: 629908 | N11: =IF((M11-M10)<0,"0",(M11-M10)) -> 0 | O11: 967 | P11: =IF((O11-O10)<0,"0",(O11-O10)) -> 0 | Q11: 2530944 | R11: =IF((Q11-Q10)<0,"0",(Q11-Q10)) -> 87 | S11: 2187542 | T11: =IF((S11-S10)<0,"0",(S11-S10)) -> 3 | U11: 92737 | V11: =IF((U11-U10)<0,"0",(U11-U10)) -> 73 | W11: 100 | X11: 0 | Y11: 152258 | Z11: =IF((Y11-Y10)<0,"0",(Y11-Y10)) -> 0 | AA11: 37883 | AB11: =IF((AA11-AA10)<0,"0",(AA11-AA10)) -> 6 | AC11: 1060 | AD11: =IF((AC11-AC10)<0,"0",(AC11-AC10)) -> 0 | AE11: 3689 | AF11: =IF((AE11-AE10)<0,"0",(AE11-AE10)) -> 0 | AI11: 570970 | AJ11: =IF((AI11-AI10)<0,"0",(AI11-AI10)) -> 20 | AM11: 52021 | AN11: =IF((AM11-AM10)<0,"0",(AM11-AM10)) -> 0 | AO11: 8863 | AP11: =IF((AO11-AO10)<0,"0",(AO11-AO10)) -> 0 | AQ11: 10549 | AR11: =IF((AQ11-AQ10)<0,"0",(AQ11-AQ10)) -> 0 | AS11: 14481 | AT11: =IF((AS11-AS10)<0,"0",(AS11-AS10)) -> 0 | AU11: 19349 | AV11: =IF((AU11-AU10)<0,"0",(AU11-AU10)) -> 0 | AW11: 20660 | AX11: =IF((AW11-AW10)<0,"0",(AW11-AW10)) -> 0 | AY11: 13831 | AZ11: =IF((AY11-AY10)<0,"0",(AY11-AY10)) -> 0 | BA11: 6153 | BB11: =IF((BA11-BA10)<0,"0",(BA11-BA10)) -> 0 | BC11: 26343 | BD11: =IF((BC11-BC10)<0,"0",(BC11-BC10)) -> 0 | BE11: 1112 | BF11: =IF((BE11-BE10)<0,"0",(BE11-BE10)) -> 0 | BG11: 4303 | BH11: =IF((BG11-BG10)<0,"0",(BG11-BG10)) -> 0 | BI11: 3636 | BJ11: =IF((BI11-BI10)<0,"0",(BI11-BI10)) -> 0 | BK11: =AZ11+AX11+AT11 -> 0 | BL11: =AJ11-BK11 -> 20 | BM11: 595140 | BN11: =IF((BM11-BM10)<0,"0",(BM11-BM10)) -> 20 | BO11: 581 | BP11: =IF((BO11-BO10)<0,"0",(BO11-BO10)) -> 0 | BQ11: 768010 | BR11: =IF((BQ11-BQ10)<0,"0",(BQ11-BQ10)) -> 20 | BS11: 5866 | BT11: =IF((BS11-BS10)<0,"0",(BS11-BS10)) -> 0 | BU11: =(BR11-AJ11) -> 0 | BV11: =SUM(BN11, BR11) -> 40 | BW11: =SUM(AN11,AP11,AR11,AT11,AV11,AX11,AZ11,BB11,BF11) -> 0 | BX11: 142.3 | BY11: =(IF(BX11<=116.4,((116.4*116.4*ACOS((116.4-BX11)/116.4))-((116.4-BX11)*SQRT(2*116.4*BX11-BX11*BX11)))*669.8,((3.1416*116.4*116.4)-((116.4*116.4*ACOS((116.4-(2*116.4-BX11))/116.4))-((116.4-(2*116.4-BX11))*SQRT(2*116.4*(2*116.4-BX11)-((2*116.4-BX11)*(2*116.4-BX11))))))*669.8))/1000 -> 18260.186 | CA11: =IF((BY10-BY11)<0,"0",(BY10-BY11)) -> 0 | CB11: 205886 | CC11: =IF((CB11-CB10)<0,"0",(CB11-CB10)) -> 0 | CD11: =CC11*5.71 -> 0 | CE11: 40 | CF11: =(CE11*10775)/100 -> 4310 | CG11: 39 | CH11: =(CG11*10775)/100 -> 4202.25 | CI11: 42 | CJ11: =(CI11*10775)/100 -> 4525.5 | CK11: =CF11+CH11+CJ11 -> 13037.75 | CL11: =IF((CK10-CK11+CM10)=CK10,"0",(CK10-CK11+CM10)) -> 0 | CN11: 34099.7 | CO11: =IF((CN11-CN10)<0,"0",(CN11-CN10)) -> 0.7 | CP11: =CO11*2.44 -> 1.708 | CQ11: 34300 | CR11: =IF((CQ11-CQ10)<0,"0",(CQ11-CQ10)) -> 0 | CS11: =CR11*2.44 -> 0 | CT11: 10234 | CU11: =IF((CT11-CT10)<0,"0",(CT11-CT10)) -> 0 | CV11: =CU11*6.25 -> 0 | CW11: 831923 | CX11: =IF((CW11-CW10)<0,"0",(CW11-CW10)) -> 0 | CY11: =CX11*3.1 -> 0 | CZ11: 5723.6 | DA11: =IF((CZ11-CZ10)<0,"0",(CZ11-CZ10)) -> 0.2 | DB11: =DA11*2.39 -> 0.478 | DC11: 7415 | DD11: =IF((DC11-DC10)<0,"0",(DC11-DC10)) -> 0 | DE11: =DD11*2.39 -> 0 | DF11: 3805.1 | DG11: =IF((DF11-DF10)<0,"0",(DF11-DF10)) -> 3.9 | DH11: =DG11*2.39 -> 9.321 | DI11: 1855.8 | DJ11: =IF((DI11-DI10)<0,"0",(DI11-DI10)) -> 0 | DK11: =DJ11*2.39 -> 0 | DL11: 5078.4 | DM11: =IF((DL11-DL10)<0,"0",(DL11-DL10)) -> 0 | DN11: =DM11*2.39 -> 0 | DO11: 4451.7 | DP11: =IF((DO11-DO10)<0,"0",(DO11-DO10)) -> 0 | DQ11: =DP11*2.39 -> 0 | DR11: 5086.1 | DS11: =IF((DR11-DR10)<0,"0",(DR11-DR10)) -> 0 | DT11: =DS11*2.39 -> 0 | DU11: 4320.7 | DV11: =IF((DU11-DU10)<0,"0",(DU11-DU10)) -> 0 | DW11: =DV11*2.39 -> 0 | DX11: 12732 | DY11: =IF((DX11-DX10)<0,"0",(DX11-DX10)) -> 0 | DZ11: 61889 | EA11: 0 | EB11: 15599 | EC11: =IF((EB11-EB10)<0,"0",(EB11-EB10)) -> 0 | ED11: 24594 | EE11: =IF((ED11-ED10)<0,"0",(ED11-ED10)) -> 0 | EF11: 2 | EG11: 11 | EH11: 0.015
A12: 44021 | B12: 5245556 | C12: =IF((B12-B11)<0,"0",(B12-B11)) -> 3891 | D12: 4593929 | E12: =IF((D12-D11)<0,"0",(D12-D11)) -> 3546 | F12: =E12/C12 -> 0.91133385 | G12: 200 | H12: 286 | I12: 285707 | J12: =IF((I12-I11)<0,"0",(I12-I11)) -> 0 | K12: 750 | L12: =IF((K12-K11)<0,"0",(K12-K11)) -> 0 | M12: 629908 | N12: =IF((M12-M11)<0,"0",(M12-M11)) -> 0 | O12: 967 | P12: =IF((O12-O11)<0,"0",(O12-O11)) -> 0 | Q12: 2531039 | R12: =IF((Q12-Q11)<0,"0",(Q12-Q11)) -> 95 | S12: 2187542 | T12: =IF((S12-S11)<0,"0",(S12-S11)) -> 0 | U12: 92800 | V12: =IF((U12-U11)<0,"0",(U12-U11)) -> 63 | W12: 100 | X12: 0 | Y12: 152258 | Z12: =IF((Y12-Y11)<0,"0",(Y12-Y11)) -> 0 | AA12: 37893 | AB12: =IF((AA12-AA11)<0,"0",(AA12-AA11)) -> 10 | AC12: 1060 | AD12: =IF((AC12-AC11)<0,"0",(AC12-AC11)) -> 0 | AE12: 3689 | AF12: =IF((AE12-AE11)<0,"0",(AE12-AE11)) -> 0 | AI12: 571040 | AJ12: =IF((AI12-AI11)<0,"0",(AI12-AI11)) -> 70 | AM12: 52021 | AN12: =IF((AM12-AM11)<0,"0",(AM12-AM11)) -> 0 | AO12: 8866 | AP12: =IF((AO12-AO11)<0,"0",(AO12-AO11)) -> 3 | AQ12: 10550 | AR12: =IF((AQ12-AQ11)<0,"0",(AQ12-AQ11)) -> 1 | AS12: 14481 | AT12: =IF((AS12-AS11)<0,"0",(AS12-AS11)) -> 0 | AU12: 19349 | AV12: =IF((AU12-AU11)<0,"0",(AU12-AU11)) -> 0 | AW12: 20660 | AX12: =IF((AW12-AW11)<0,"0",(AW12-AW11)) -> 0 | AY12: 13831 | AZ12: =IF((AY12-AY11)<0,"0",(AY12-AY11)) -> 0 | BA12: 6153 | BB12: =IF((BA12-BA11)<0,"0",(BA12-BA11)) -> 0 | BC12: 26343 | BD12: =IF((BC12-BC11)<0,"0",(BC12-BC11)) -> 0 | BE12: 1112 | BF12: =IF((BE12-BE11)<0,"0",(BE12-BE11)) -> 0 | BG12: 4303 | BH12: =IF((BG12-BG11)<0,"0",(BG12-BG11)) -> 0 | BI12: 3636 | BJ12: =IF((BI12-BI11)<0,"0",(BI12-BI11)) -> 0 | BK12: =AZ12+AX12+AT12 -> 0 | BL12: =AJ12-BK12 -> 70 | BM12: 595160 | BN12: =IF((BM12-BM11)<0,"0",(BM12-BM11)) -> 20 | BO12: 581 | BP12: =IF((BO12-BO11)<0,"0",(BO12-BO11)) -> 0 | BQ12: 768080 | BR12: =IF((BQ12-BQ11)<0,"0",(BQ12-BQ11)) -> 70 | BS12: 5866 | BT12: 0 | BU12: =(BR12-AJ12) -> 0 | BV12: =SUM(BN12, BR12) -> 90 | BW12: =SUM(AN12,AP12,AR12,AT12,AV12,AX12,AZ12,BB12,BF12) -> 4 | BX12: 142.3 | BY12: =(IF(BX12<=116.4,((116.4*116.4*ACOS((116.4-BX12)/116.4))-((116.4-BX12)*SQRT(2*116.4*BX12-BX12*BX12)))*669.8,((3.1416*116.4*116.4)-((116.4*116.4*ACOS((116.4-(2*116.4-BX12))/116.4))-((116.4-(2*116.4-BX12))*SQRT(2*116.4*(2*116.4-BX12)-((2*116.4-BX12)*(2*116.4-BX12))))))*669.8))/1000 -> 18260.186 | CA12: =IF((BY11-BY12)<0,"0",(BY11-BY12)) -> 0 | CB12: 205898 | CC12: =IF((CB12-CB11)<0,"0",(CB12-CB11)) -> 12 | CD12: =CC12*5.71 -> 68.52 | CE12: 40 | CF12: =(CE12*10775)/100 -> 4310 | CG12: 39 | CH12: =(CG12*10775)/100 -> 4202.25 | CI12: 40 | CJ12: =(CI12*10775)/100 -> 4310 | CK12: =CF12+CH12+CJ12 -> 12822.25 | CL12: =IF((CK11-CK12+CM11)=CK11,"0",(CK11-CK12+CM11)) -> 215.5 | CN12: 34100.29 | CO12: =IF((CN12-CN11)<0,"0",(CN12-CN11)) -> 0.59 | CP12: =CO12*2.44 -> 1.4396 | CQ12: 34300 | CR12: =IF((CQ12-CQ11)<0,"0",(CQ12-CQ11)) -> 0 | CS12: =CR12*2.44 -> 0 | CT12: 10234 | CU12: =IF((CT12-CT11)<0,"0",(CT12-CT11)) -> 0 | CV12: =CU12*6.25 -> 0 | CW12: 831935 | CX12: =IF((CW12-CW11)<0,"0",(CW12-CW11)) -> 12 | CZ12: 5724.2 | DA12: =IF((CZ12-CZ11)<0,"0",(CZ12-CZ11)) -> 0.6 | DB12: =DA12*2.39 -> 1.434 | DC12: 7415 | DD12: =IF((DC12-DC11)<0,"0",(DC12-DC11)) -> 0 | DE12: =DD12*2.39 -> 0 | DF12: 3810.7 | DG12: =IF((DF12-DF11)<0,"0",(DF12-DF11)) -> 5.6 | DH12: =DG12*2.39 -> 13.384 | DI12: 1855.7 | DJ12: =IF((DI12-DI11)<0,"0",(DI12-DI11)) -> 0 | DK12: =DJ12*2.39 -> 0 | DL12: 5078.4 | DM12: =IF((DL12-DL11)<0,"0",(DL12-DL11)) -> 0 | DN12: =DM12*2.39 -> 0 | DO12: 4451.7 | DP12: =IF((DO12-DO11)<0,"0",(DO12-DO11)) -> 0 | DQ12: =DP12*2.39 -> 0 | DR12: 5086.1 | DS12: =IF((DR12-DR11)<0,"0",(DR12-DR11)) -> 0 | DT12: =DS12*2.39 -> 0 | DU12: 4320.7 | DV12: =IF((DU12-DU11)<0,"0",(DU12-DU11)) -> 0 | DW12: =DV12*2.39 -> 0 | DX12: 12732 | DY12: =IF((DX12-DX11)<0,"0",(DX12-DX11)) -> 0 | DZ12: 61889 | EA12: 0 | EB12: 15599 | EC12: =IF((EB12-EB11)<0,"0",(EB12-EB11)) -> 0 | ED12: 24594 | EE12: =IF((ED12-ED11)<0,"0",(ED12-ED11)) -> 0 | EF12: 2 | EG12: 11 | EH12: 0.015
A13: 44022 | B13: 5249209 | C13: =IF((B13-B12)<0,"0",(B13-B12)) -> 3653 | D13: 4597254 | E13: =IF((D13-D12)<0,"0",(D13-D12)) -> 3325 | F13: =E13/C13 -> 0.91021079 | G13: 200 | H13: 286 | I13: 285707 | J13: =IF((I13-I12)<0,"0",(I13-I12)) -> 0 | K13: 750 | L13: =IF((K13-K12)<0,"0",(K13-K12)) -> 0 | M13: 629908 | N13: =IF((M13-M12)<0,"0",(M13-M12)) -> 0 | O13: 967 | P13: =IF((O13-O12)<0,"0",(O13-O12)) -> 0 | Q13: 2531062 | R13: =IF((Q13-Q12)<0,"0",(Q13-Q12)) -> 23 | S13: 2187586 | T13: =IF((S13-S12)<0,"0",(S13-S12)) -> 44 | U13: 92869 | V13: =IF((U13-U12)<0,"0",(U13-U12)) -> 69 | W13: 100 | X13: 0 | Y13: 152258 | Z13: =IF((Y13-Y12)<0,"0",(Y13-Y12)) -> 0 | AA13: 37897 | AB13: =IF((AA13-AA12)<0,"0",(AA13-AA12)) -> 4 | AC13: 1060 | AD13: =IF((AC13-AC12)<0,"0",(AC13-AC12)) -> 0 | AE13: 3689 | AF13: =IF((AE13-AE12)<0,"0",(AE13-AE12)) -> 0 | AI13: 571050 | AJ13: =IF((AI13-AI12)<0,"0",(AI13-AI12)) -> 10 | AM13: 52022 | AN13: =IF((AM13-AM12)<0,"0",(AM13-AM12)) -> 1 | AO13: 8866 | AP13: =IF((AO13-AO12)<0,"0",(AO13-AO12)) -> 0 | AQ13: 10550 | AR13: =IF((AQ13-AQ12)<0,"0",(AQ13-AQ12)) -> 0 | AS13: 14481 | AT13: =IF((AS13-AS12)<0,"0",(AS13-AS12)) -> 0 | AU13: 19349 | AV13: =IF((AU13-AU12)<0,"0",(AU13-AU12)) -> 0 | AW13: 20660 | AX13: =IF((AW13-AW12)<0,"0",(AW13-AW12)) -> 0 | AY13: 13831 | AZ13: =IF((AY13-AY12)<0,"0",(AY13-AY12)) -> 0 | BA13: 6153 | BB13: =IF((BA13-BA12)<0,"0",(BA13-BA12)) -> 0 | BC13: 26343 | BD13: =IF((BC13-BC12)<0,"0",(BC13-BC12)) -> 0 | BE13: 1112 | BF13: =IF((BE13-BE12)<0,"0",(BE13-BE12)) -> 0 | BG13: 4303 | BH13: =IF((BG13-BG12)<0,"0",(BG13-BG12)) -> 0 | BI13: 3636 | BJ13: =IF((BI13-BI12)<0,"0",(BI13-BI12)) -> 0 | BK13: =AZ13+AX13+AT13 -> 0 | BL13: =AJ13-BK13 -> 10 | BM13: 595190 | BN13: =IF((BM13-BM12)<0,"0",(BM13-BM12)) -> 30 | BO13: 581 | BP13: =IF((BO13-BO12)<0,"0",(BO13-BO12)) -> 0 | BQ13: 768090 | BR13: =IF((BQ13-BQ12)<0,"0",(BQ13-BQ12)) -> 10 | BS13: 5866 | BT13: =IF((BS13-BS12)<0,"0",(BS13-BS12)) -> 0 | BU13: =IF((BR13-AJ13)<0,"0",(BR13-AJ13)) -> 0 | BV13: =SUM(BN13, BR13) -> 40 | BW13: =SUM(AN13,AP13,AR13,AT13,AV13,AX13,AZ13,BB13,BF13) -> 1 | BX13: 142.3 | BY13: =(IF(BX13<=116.4,((116.4*116.4*ACOS((116.4-BX13)/116.4))-((116.4-BX13)*SQRT(2*116.4*BX13-BX13*BX13)))*669.8,((3.1416*116.4*116.4)-((116.4*116.4*ACOS((116.4-(2*116.4-BX13))/116.4))-((116.4-(2*116.4-BX13))*SQRT(2*116.4*(2*116.4-BX13)-((2*116.4-BX13)*(2*116.4-BX13))))))*669.8))/1000 -> 18260.186 | CA13: =IF((BY12-BY13)<0,"0",(BY12-BY13)) -> 0 | CB13: 205898 | CC13: =IF((CB13-CB12)<0,"0",(CB13-CB12)) -> 0 | CD13: =CC13*5.71 -> 0 | CE13: 40 | CF13: =(CE13*10775)/100 -> 4310 | CG13: 39 | CH13: =(CG13*10775)/100 -> 4202.25 | CI13: 40 | CJ13: =(CI13*10775)/100 -> 4310 | CK13: =CF13+CH13+CJ13 -> 12822.25 | CL13: =IF((CK12-CK13+CM12)=CK12,"0",(CK12-CK13+CM12)) -> 0 | CN13: 34100.29 | CO13: =IF((CN13-CN12)<0,"0",(CN13-CN12)) -> 0 | CP13: =CO13*2.44 -> 0 | CQ13: 34300 | CR13: =IF((CQ13-CQ12)<0,"0",(CQ13-CQ12)) -> 0 | CS13: =CR13*2.44 -> 0 | CT13: 10234 | CU13: =IF((CT13-CT12)<0,"0",(CT13-CT12)) -> 0 | CV13: =CU13*6.25 -> 0 | CW13: 831923 | CX13: =IF((CW13-CW12)<0,"0",(CW13-CW12)) -> 0 | CY13: =CX13*3.1 -> 0 | CZ13: 5724.2 | DA13: =IF((CZ13-CZ12)<0,"0",(CZ13-CZ12)) -> 0 | DB13: =DA13*2.39 -> 0 | DC13: 7415 | DD13: =IF((DC13-DC12)<0,"0",(DC13-DC12)) -> 0 | DE13: =DD13*2.39 -> 0 | DF13: 3812 | DG13: =IF((DF13-DF12)<0,"0",(DF13-DF12)) -> 1.3 | DH13: =DG13*2.39 -> 3.107 | DI13: 1855.7 | DJ13: =IF((DI13-DI12)<0,"0",(DI13-DI12)) -> 0 | DK13: =DJ13*2.39 -> 0 | DL13: 5078.4 | DM13: =IF((DL13-DL12)<0,"0",(DL13-DL12)) -> 0 | DN13: =DM13*2.39 -> 0 | DO13: 4451.7 | DP13: =IF((DO13-DO12)<0,"0",(DO13-DO12)) -> 0 | DQ13: =DP13*2.39 -> 0 | DR13: 5086.1 | DS13: =IF((DR13-DR12)<0,"0",(DR13-DR12)) -> 0 | DT13: =DS13*2.39 -> 0 | DU13: 4320.7 | DV13: =IF((DU13-DU12)<0,"0",(DU13-DU12)) -> 0 | DW13: =DV13*2.39 -> 0 | DX13: 12732 | DY13: =IF((DX13-DX12)<0,"0",(DX13-DX12)) -> 0 | DZ13: 61889 | EA13: 0 | EB13: 15599 | EC13: =IF((EB13-EB12)<0,"0",(EB13-EB12)) -> 0 | ED13: 24594 | EE13: =IF((ED13-ED12)<0,"0",(ED13-ED12)) -> 0 | EF13: 2 | EG13: 11 | EH13: 0.015
A14: 44023 | B14: 5253185 | C14: =IF((B14-B13)<0,"0",(B14-B13)) -> 3976 | D14: 4600894 | E14: =IF((D14-D13)<0,"0",(D14-D13)) -> 3640 | F14: =E14/C14 -> 0.91549296 | G14: 200 | H14: 286 | I14: 285707 | J14: =IF((I14-I13)<0,"0",(I14-I13)) -> 0 | K14: 750 | L14: =IF((K14-K13)<0,"0",(K14-K13)) -> 0 | M14: 629908 | N14: =IF((M14-M13)<0,"0",(M14-M13)) -> 0 | O14: 967 | P14: =IF((O14-O13)<0,"0",(O14-O13)) -> 0 | Q14: 2531110 | R14: =IF((Q14-Q13)<0,"0",(Q14-Q13)) -> 48 | S14: 2187609 | T14: =IF((S14-S13)<0,"0",(S14-S13)) -> 23 | U14: 92937 | V14: =IF((U14-U13)<0,"0",(U14-U13)) -> 68 | W14: 100 | X14: 0 | Y14: 152258 | Z14: =IF((Y14-Y13)<0,"0",(Y14-Y13)) -> 0 | AA14: 37903 | AB14: =IF((AA14-AA13)<0,"0",(AA14-AA13)) -> 6 | AC14: 1060 | AD14: =IF((AC14-AC13)<0,"0",(AC14-AC13)) -> 0 | AE14: 3689 | AF14: =IF((AE14-AE13)<0,"0",(AE14-AE13)) -> 0 | AI14: 571120 | AJ14: =IF((AI14-AI13)<0,"0",(AI14-AI13)) -> 70 | AM14: 52023 | AN14: =IF((AM14-AM13)<0,"0",(AM14-AM13)) -> 1 | AO14: 8866 | AP14: =IF((AO14-AO13)<0,"0",(AO14-AO13)) -> 0 | AQ14: 10550 | AR14: =IF((AQ14-AQ13)<0,"0",(AQ14-AQ13)) -> 0 | AS14: 14481 | AT14: =IF((AS14-AS13)<0,"0",(AS14-AS13)) -> 0 | AU14: 19350 | AV14: =IF((AU14-AU13)<0,"0",(AU14-AU13)) -> 1 | AW14: 20660 | AX14: =IF((AW14-AW13)<0,"0",(AW14-AW13)) -> 0 | AY14: 13831 | AZ14: =IF((AY14-AY13)<0,"0",(AY14-AY13)) -> 0 | BA14: 6153 | BB14: =IF((BA14-BA13)<0,"0",(BA14-BA13)) -> 0 | BC14: 26343 | BD14: =IF((BC14-BC13)<0,"0",(BC14-BC13)) -> 0 | BE14: 1112 | BF14: =IF((BE14-BE13)<0,"0",(BE14-BE13)) -> 0 | BG14: 4303 | BH14: =IF((BG14-BG13)<0,"0",(BG14-BG13)) -> 0 | BI14: 3636 | BJ14: =IF((BI14-BI13)<0,"0",(BI14-BI13)) -> 0 | BK14: =AZ14+AX14+AT14 -> 0 | BL14: =AJ14-BK14 -> 70 | BM14: 595220 | BN14: =IF((BM14-BM13)<0,"0",(BM14-BM13)) -> 30 | BO14: 581 | BP14: =IF((BO14-BO13)<0,"0",(BO14-BO13)) -> 0 | BQ14: 768140 | BR14: =IF((BQ14-BQ13)<0,"0",(BQ14-BQ13)) -> 50 | BS14: 5866 | BT14: =IF((BS14-BS13)<0,"0",(BS14-BS13)) -> 0 | BU14: =IF((BR14-AJ14)<0,"0",(BR14-AJ14)) -> 0 | BV14: =SUM(BN14, BR14) -> 80 | BW14: =SUM(AN14,AP14,AR14,AT14,AV14,AX14,AZ14,BB14,BF14) -> 2 | BX14: 142.3 | BY14: =(IF(BX14<=116.4,((116.4*116.4*ACOS((116.4-BX14)/116.4))-((116.4-BX14)*SQRT(2*116.4*BX14-BX14*BX14)))*669.8,((3.1416*116.4*116.4)-((116.4*116.4*ACOS((116.4-(2*116.4-BX14))/116.4))-((116.4-(2*116.4-BX14))*SQRT(2*116.4*(2*116.4-BX14)-((2*116.4-BX14)*(2*116.4-BX14))))))*669.8))/1000 -> 18260.186 | CA14: =IF((BY13-BY14)<0,"0",(BY13-BY14)) -> 0 | CB14: 205907.3 | CC14: =IF((CB14-CB13)<0,"0",(CB14-CB13)) -> 9.3 | CD14: =CC14*5.71 -> 53.103 | CE14: 40 | CF14: =(CE14*10775)/100 -> 4310 | CG14: 39 | CH14: =(CG14*10775)/100 -> 4202.25 | CI14: 40 | CJ14: =(CI14*10775)/100 -> 4310 | CK14: =CF14+CH14+CJ14 -> 12822.25 | CL14: =IF((CK13-CK14+CM13)=CK13,"0",(CK13-CK14+CM13)) -> 0 | CN14: 34101.5 | CO14: =IF((CN14-CN13)<0,"0",(CN14-CN13)) -> 1.21 | CP14: =CO14*2.44 -> 2.9524 | CQ14: 34300 | CR14: =IF((CQ14-CQ13)<0,"0",(CQ14-CQ13)) -> 0 | CS14: =CR14*2.44 -> 0 | CT14: 10234 | CU14: =IF((CT14-CT13)<0,"0",(CT14-CT13)) -> 0 | CV14: =CU14*6.25 -> 0 | CW14: 831923 | CX14: =IF((CW14-CW13)<0,"0",(CW14-CW13)) -> 0 | CY14: =CX14*3.1 -> 0 | CZ14: 5725.3 | DA14: =IF((CZ14-CZ13)<0,"0",(CZ14-CZ13)) -> 1.1 | DB14: =DA14*2.39 -> 2.629 | DC14: 7415 | DD14: =IF((DC14-DC13)<0,"0",(DC14-DC13)) -> 0 | DE14: =DD14*2.39 -> 0 | DF14: 3816.2 | DG14: =IF((DF14-DF13)<0,"0",(DF14-DF13)) -> 4.2 | DH14: =DG14*2.39 -> 10.038 | DI14: 1855.7 | DJ14: =IF((DI14-DI13)<0,"0",(DI14-DI13)) -> 0 | DK14: =DJ14*2.39 -> 0 | DL14: 5078.4 | DM14: =IF((DL14-DL13)<0,"0",(DL14-DL13)) -> 0 | DN14: =DM14*2.39 -> 0 | DO14: 4451.7 | DP14: =IF((DO14-DO13)<0,"0",(DO14-DO13)) -> 0 | DQ14: =DP14*2.39 -> 0 | DR14: 5086.1 | DS14: =IF((DR14-DR13)<0,"0",(DR14-DR13)) -> 0 | DT14: =DS14*2.39 -> 0 | DU14: 4320.7 | DV14: =IF((DU14-DU13)<0,"0",(DU14-DU13)) -> 0 | DW14: =DV14*2.39 -> 0 | DX14: 12732 | DY14: =IF((DX14-DX13)<0,"0",(DX14-DX13)) -> 0 | DZ14: 61889 | EA14: 0 | EB14: 15599 | EC14: =IF((EB14-EB13)<0,"0",(EB14-EB13)) -> 0 | ED14: 24594 | EE14: =IF((ED14-ED13)<0,"0",(ED14-ED13)) -> 0 | EF14: 2 | EG14: 11 | EH14: 0.015
A15: 44024 | B15: 5256846 | C15: =IF((B15-B14)<0,"0",(B15-B14)) -> 3661 | D15: 4604232 | E15: =IF((D15-D14)<0,"0",(D15-D14)) -> 3338 | F15: =E15/C15 -> 0.91177274 | G15: 200 | H15: 286 | I15: 285707 | J15: =IF((I15-I14)<0,"0",(I15-I14)) -> 0 | K15: 750 | L15: =IF((K15-K14)<0,"0",(K15-K14)) -> 0 | M15: 629908 | N15: =IF((M15-M14)<0,"0",(M15-M14)) -> 0 | O15: 967 | P15: =IF((O15-O14)<0,"0",(O15-O14)) -> 0 | Q15: 2531161 | R15: =IF((Q15-Q14)<0,"0",(Q15-Q14)) -> 51 | S15: 2187609 | T15: =IF((S15-S14)<0,"0",(S15-S14)) -> 0 | U15: 93003 | V15: =IF((U15-U14)<0,"0",(U15-U14)) -> 66 | W15: 100 | X15: 0 | Y15: 152258 | Z15: =IF((Y15-Y14)<0,"0",(Y15-Y14)) -> 0 | AA15: 37914 | AB15: =IF((AA15-AA14)<0,"0",(AA15-AA14)) -> 11 | AC15: 1060 | AD15: =IF((AC15-AC14)<0,"0",(AC15-AC14)) -> 0 | AE15: 3700 | AF15: =IF((AE15-AE14)<0,"0",(AE15-AE14)) -> 11 | AI15: 571140 | AJ15: =IF((AI15-AI14)<0,"0",(AI15-AI14)) -> 20 | AM15: 52023 | AN15: =IF((AM15-AM14)<0,"0",(AM15-AM14)) -> 0 | AO15: 8866 | AP15: =IF((AO15-AO14)<0,"0",(AO15-AO14)) -> 0 | AQ15: 10550 | AR15: =IF((AQ15-AQ14)<0,"0",(AQ15-AQ14)) -> 0 | AS15: 14481 | AT15: =IF((AS15-AS14)<0,"0",(AS15-AS14)) -> 0 | AU15: 19350 | AV15: =IF((AU15-AU14)<0,"0",(AU15-AU14)) -> 0 | AW15: 20660 | AX15: =IF((AW15-AW14)<0,"0",(AW15-AW14)) -> 0 | AY15: 13831 | AZ15: =IF((AY15-AY14)<0,"0",(AY15-AY14)) -> 0 | BA15: 6153 | BB15: =IF((BA15-BA14)<0,"0",(BA15-BA14)) -> 0 | BC15: 26344 | BD15: =IF((BC15-BC14)<0,"0",(BC15-BC14)) -> 1 | BE15: 1112 | BF15: =IF((BE15-BE14)<0,"0",(BE15-BE14)) -> 0 | BG15: 4303 | BH15: =IF((BG15-BG14)<0,"0",(BG15-BG14)) -> 0 | BI15: 3636 | BJ15: =IF((BI15-BI14)<0,"0",(BI15-BI14)) -> 0 | BK15: =AZ15+AX15+AT15 -> 0 | BL15: =AJ15-BK15 -> 20 | BM15: 595240 | BN15: =IF((BM15-BM14)<0,"0",(BM15-BM14)) -> 20 | BO15: 581 | BP15: =IF((BO15-BO14)<0,"0",(BO15-BO14)) -> 0 | BQ15: 768180 | BR15: =IF((BQ15-BQ14)<0,"0",(BQ15-BQ14)) -> 40 | BS15: 5866 | BT15: =IF((BS15-BS14)<0,"0",(BS15-BS14)) -> 0 | BU15: =IF((BR15-AJ15)<0,"0",(BR15-AJ15)) -> 20 | BV15: =SUM(BN15, BR15) -> 60 | BW15: =SUM(AN15,AP15,AR15,AT15,AV15,AX15,AZ15,BB15,BF15) -> 0 | BX15: 142.3 | BY15: =(IF(BX15<=116.4,((116.4*116.4*ACOS((116.4-BX15)/116.4))-((116.4-BX15)*SQRT(2*116.4*BX15-BX15*BX15)))*669.8,((3.1416*116.4*116.4)-((116.4*116.4*ACOS((116.4-(2*116.4-BX15))/116.4))-((116.4-(2*116.4-BX15))*SQRT(2*116.4*(2*116.4-BX15)-((2*116.4-BX15)*(2*116.4-BX15))))))*669.8))/1000 -> 18260.186 | CA15: =IF((BY14-BY15)<0,"0",(BY14-BY15)) -> 0 | CB15: 205907.3 | CC15: =IF((CB15-CB14)<0,"0",(CB15-CB14)) -> 0 | CD15: =CC15*5.71 -> 0 | CE15: 40 | CF15: =(CE15*10775)/100 -> 4310 | CG15: 39 | CH15: =(CG15*10775)/100 -> 4202.25 | CI15: 39 | CJ15: =(CI15*10775)/100 -> 4202.25 | CK15: =CF15+CH15+CJ15 -> 12714.5 | CL15: =IF((CK14-CK15+CM14)=CK14,"0",(CK14-CK15+CM14)) -> 107.75 | CN15: 34102.1 | CO15: =IF((CN15-CN14)<0,"0",(CN15-CN14)) -> 0.6 | CP15: =CO15*2.44 -> 1.464 | CQ15: 34300 | CR15: =IF((CQ15-CQ14)<0,"0",(CQ15-CQ14)) -> 0 | CS15: =CR15*2.44 -> 0 | CT15: 10234 | CU15: =IF((CT15-CT14)<0,"0",(CT15-CT14)) -> 0 | CV15: =CU15*6.25 -> 0 | CW15: 831923 | CX15: =IF((CW15-CW14)<0,"0",(CW15-CW14)) -> 0 | CY15: =CX15*3.1 -> 0 | CZ15: 5725.7 | DA15: =IF((CZ15-CZ14)<0,"0",(CZ15-CZ14)) -> 0.4 | DB15: =DA15*2.39 -> 0.956 | DC15: 7415 | DD15: =IF((DC15-DC14)<0,"0",(DC15-DC14)) -> 0 | DE15: =DD15*2.39 -> 0 | DF15: 3821.2 | DG15: =IF((DF15-DF14)<0,"0",(DF15-DF14)) -> 5 | DH15: =DG15*2.39 -> 11.95 | DI15: 1855.7 | DJ15: =IF((DI15-DI14)<0,"0",(DI15-DI14)) -> 0 | DK15: =DJ15*2.39 -> 0 | DL15: 5078.4 | DM15: =IF((DL15-DL14)<0,"0",(DL15-DL14)) -> 0 | DN15: =DM15*2.39 -> 0 | DO15: 4451.7 | DP15: =IF((DO15-DO14)<0,"0",(DO15-DO14)) -> 0 | DQ15: =DP15*2.39 -> 0 | DR15: 5086.1 | DS15: =IF((DR15-DR14)<0,"0",(DR15-DR14)) -> 0 | DT15: =DS15*2.39 -> 0 | DU15: 4320.7 | DV15: =IF((DU15-DU14)<0,"0",(DU15-DU14)) -> 0 | DW15: =DV15*2.39 -> 0 | DX15: 12732 | DY15: =IF((DX15-DX14)<0,"0",(DX15-DX14)) -> 0 | DZ15: 61889 | EA15: 0 | EB15: 15599 | EC15: =IF((EB15-EB14)<0,"0",(EB15-EB14)) -> 0 | ED15: 24594 | EE15: =IF((ED15-ED14)<0,"0",(ED15-ED14)) -> 0 | EF15: 2 | EG15: 11 | EH15: 0.015
A16: 44025 | B16: 5261107 | C16: =IF((B16-B15)<0,"0",(B16-B15)) -> 4261 | D16: 4608185 | E16: =IF((D16-D15)<0,"0",(D16-D15)) -> 3953 | F16: =E16/C16 -> 0.9277165 | G16: 228 | H16: 286 | I16: 285707 | J16: =IF((I16-I15)<0,"0",(I16-I15)) -> 0 | K16: 750 | L16: =IF((K16-K15)<0,"0",(K16-K15)) -> 0 | M16: 629908 | N16: =IF((M16-M15)<0,"0",(M16-M15)) -> 0 | O16: 967 | P16: =IF((O16-O15)<0,"0",(O16-O15)) -> 0 | Q16: 2531247 | R16: =IF((Q16-Q15)<0,"0",(Q16-Q15)) -> 86 | S16: 2187752 | T16: =IF((S16-S15)<0,"0",(S16-S15)) -> 143 | U16: 93088 | V16: =IF((U16-U15)<0,"0",(U16-U15)) -> 85 | W16: 100 | X16: 0 | Y16: 152258 | Z16: =IF((Y16-Y15)<0,"0",(Y16-Y15)) -> 0 | AA16: 37920 | AB16: =IF((AA16-AA15)<0,"0",(AA16-AA15)) -> 6 | AC16: 1061 | AD16: =IF((AC16-AC15)<0,"0",(AC16-AC15)) -> 1 | AE16: 3700 | AF16: =IF((AE16-AE15)<0,"0",(AE16-AE15)) -> 0 | AI16: 571220 | AJ16: =IF((AI16-AI15)<0,"0",(AI16-AI15)) -> 80 | AM16: 52025 | AN16: =IF((AM16-AM15)<0,"0",(AM16-AM15)) -> 2 | AO16: 8866 | AP16: =IF((AO16-AO15)<0,"0",(AO16-AO15)) -> 0 | AQ16: 10550 | AR16: =IF((AQ16-AQ15)<0,"0",(AQ16-AQ15)) -> 0 | AS16: 14481 | AT16: =IF((AS16-AS15)<0,"0",(AS16-AS15)) -> 0 | AU16: 19350 | AV16: =IF((AU16-AU15)<0,"0",(AU16-AU15)) -> 0 | AW16: 20660 | AX16: =IF((AW16-AW15)<0,"0",(AW16-AW15)) -> 0 | AY16: 13831 | AZ16: =IF((AY16-AY15)<0,"0",(AY16-AY15)) -> 0 | BA16: 6153 | BB16: =IF((BA16-BA15)<0,"0",(BA16-BA15)) -> 0 | BC16: 26344 | BD16: =IF((BC16-BC15)<0,"0",(BC16-BC15)) -> 0 | BE16: 1112 | BF16: =IF((BE16-BE15)<0,"0",(BE16-BE15)) -> 0 | BG16: 4303 | BH16: =IF((BG16-BG15)<0,"0",(BG16-BG15)) -> 0 | BI16: 3636 | BJ16: =IF((BI16-BI15)<0,"0",(BI16-BI15)) -> 0 | BK16: =AZ16+AX16+AT16 -> 0 | BL16: =AJ16-BK16 -> 80 | BM16: 595290 | BN16: =IF((BM16-BM15)<0,"0",(BM16-BM15)) -> 50 | BO16: 581 | BP16: =IF((BO16-BO15)<0,"0",(BO16-BO15)) -> 0 | BQ16: 768240 | BR16: =IF((BQ16-BQ15)<0,"0",(BQ16-BQ15)) -> 60 | BS16: 5866 | BT16: =IF((BS16-BS15)<0,"0",(BS16-BS15)) -> 0 | BU16: =IF((BR16-AJ16)<0,"0",(BR16-AJ16)) -> 0 | BV16: =SUM(BN16, BR16) -> 110 | BW16: =SUM(AN16,AP16,AR16,AT16,AV16,AX16,AZ16,BB16,BF16) -> 2 | BX16: 142.3 | BY16: =(IF(BX16<=116.4,((116.4*116.4*ACOS((116.4-BX16)/116.4))-((116.4-BX16)*SQRT(2*116.4*BX16-BX16*BX16)))*669.8,((3.1416*116.4*116.4)-((116.4*116.4*ACOS((116.4-(2*116.4-BX16))/116.4))-((116.4-(2*116.4-BX16))*SQRT(2*116.4*(2*116.4-BX16)-((2*116.4-BX16)*(2*116.4-BX16))))))*669.8))/1000 -> 18260.186 | CA16: =IF((BY15-BY16)<0,"0",(BY15-BY16)) -> 0 | CB16: 205946.5 | CC16: =IF((CB16-CB15)<0,"0",(CB16-CB15)) -> 39.2 | CD16: =CC16*5.71 -> 223.832 | CE16: 38 | CF16: =(CE16*10775)/100 -> 4094.5 | CG16: 39 | CH16: =(CG16*10775)/100 -> 4202.25 | CI16: 39 | CJ16: =(CI16*10775)/100 -> 4202.25 | CK16: =CF16+CH16+CJ16 -> 12499 | CL16: =IF((CK15-CK16+CM15)=CK15,"0",(CK15-CK16+CM15)) -> 215.5 | CN16: 34102.6 | CO16: =IF((CN16-CN15)<0,"0",(CN16-CN15)) -> 0.5 | CP16: =CO16*2.44 -> 1.22 | CQ16: 34300 | CR16: =IF((CQ16-CQ15)<0,"0",(CQ16-CQ15)) -> 0 | CS16: =CR16*2.44 -> 0 | CT16: 10234 | CU16: =IF((CT16-CT15)<0,"0",(CT16-CT15)) -> 0 | CV16: =CU16*6.25 -> 0 | CW16: 831981 | CX16: =IF((CW16-CW15)<0,"0",(CW16-CW15)) -> 58 | CY16: =CX16*3.1 -> 179.8 | CZ16: 5726.7 | DA16: =IF((CZ16-CZ15)<0,"0",(CZ16-CZ15)) -> 1 | DB16: =DA16*2.39 -> 2.39 | DC16: 7415 | DD16: =IF((DC16-DC15)<0,"0",(DC16-DC15)) -> 0 | DE16: =DD16*2.39 -> 0 | DF16: 3823.6 | DG16: =IF((DF16-DF15)<0,"0",(DF16-DF15)) -> 2.4 | DH16: =DG16*2.39 -> 5.736 | DI16: 1855.7 | DJ16: =IF((DI16-DI15)<0,"0",(DI16-DI15)) -> 0 | DK16: =DJ16*2.39 -> 0 | DL16: 5078.4 | DM16: =IF((DL16-DL15)<0,"0",(DL16-DL15)) -> 0 | DN16: =DM16*2.39 -> 0 | DO16: 4451.7 | DP16: =IF((DO16-DO15)<0,"0",(DO16-DO15)) -> 0 | DQ16: =DP16*2.39 -> 0 | DR16: 5086.1 | DS16: =IF((DR16-DR15)<0,"0",(DR16-DR15)) -> 0 | DT16: =DS16*2.39 -> 0 | DU16: 4320.7 | DV16: =IF((DU16-DU15)<0,"0",(DU16-DU15)) -> 0 | DW16: =DV16*2.39 -> 0 | DX16: 12732 | DY16: =IF((DX16-DX15)<0,"0",(DX16-DX15)) -> 0 | DZ16: 61889 | EA16: 0 | EB16: 15599 | EC16: =IF((EB16-EB15)<0,"0",(EB16-EB15)) -> 0 | ED16: 24594 | EE16: =IF((ED16-ED15)<0,"0",(ED16-ED15)) -> 0 | EF16: 2 | EG16: 11 | EH16: 0.015
A17: 44026 | B17: 5265304 | C17: =IF((B17-B16)<0,"0",(B17-B16)) -> 4197 | D17: 4612092 | E17: =IF((D17-D16)<0,"0",(D17-D16)) -> 3907 | F17: =E17/C17 -> 0.93090303 | G17: 238 | H17: 286 | I17: 285707 | J17: =IF((I17-I16)<0,"0",(I17-I16)) -> 0 | K17: 750 | L17: =IF((K17-K16)<0,"0",(K17-K16)) -> 0 | M17: 629908 | N17: =IF((M17-M16)<0,"0",(M17-M16)) -> 0 | O17: 967 | P17: =IF((O17-O16)<0,"0",(O17-O16)) -> 0 | Q17: 2531392 | R17: =IF((Q17-Q16)<0,"0",(Q17-Q16)) -> 145 | S17: 2188061 | T17: =IF((S17-S16)<0,"0",(S17-S16)) -> 309 | U17: 93184 | V17: =IF((U17-U16)<0,"0",(U17-U16)) -> 96 | W17: 100 | X17: 0 | Y17: 152258 | Z17: =IF((Y17-Y16)<0,"0",(Y17-Y16)) -> 0 | AA17: 37931 | AB17: =IF((AA17-AA16)<0,"0",(AA17-AA16)) -> 11 | AC17: 1061 | AD17: =IF((AC17-AC16)<0,"0",(AC17-AC16)) -> 0 | AE17: 3700 | AF17: =IF((AE17-AE16)<0,"0",(AE17-AE16)) -> 0 | AI17: 571240 | AJ17: =IF((AI17-AI16)<0,"0",(AI17-AI16)) -> 20 | AM17: 52027 | AN17: =IF((AM17-AM16)<0,"0",(AM17-AM16)) -> 2 | AO17: 8866 | AP17: =IF((AO17-AO16)<0,"0",(AO17-AO16)) -> 0 | AQ17: 10550 | AR17: =IF((AQ17-AQ16)<0,"0",(AQ17-AQ16)) -> 0 | AS17: 14481 | AT17: =IF((AS17-AS16)<0,"0",(AS17-AS16)) -> 0 | AU17: 19350 | AV17: =IF((AU17-AU16)<0,"0",(AU17-AU16)) -> 0 | AW17: 20660 | AX17: =IF((AW17-AW16)<0,"0",(AW17-AW16)) -> 0 | AY17: 13831 | AZ17: =IF((AY17-AY16)<0,"0",(AY17-AY16)) -> 0 | BA17: 6153 | BB17: =IF((BA17-BA16)<0,"0",(BA17-BA16)) -> 0 | BC17: 26344 | BD17: =IF((BC17-BC16)<0,"0",(BC17-BC16)) -> 0 | BE17: 1112 | BF17: =IF((BE17-BE16)<0,"0",(BE17-BE16)) -> 0 | BG17: 4303 | BH17: =IF((BG17-BG16)<0,"0",(BG17-BG16)) -> 0 | BI17: 3636 | BJ17: =IF((BI17-BI16)<0,"0",(BI17-BI16)) -> 0 | BK17: =AZ17+AX17+AT17 -> 0 | BL17: =AJ17-BK17 -> 20 | BM17: 595340 | BN17: =IF((BM17-BM16)<0,"0",(BM17-BM16)) -> 50 | BO17: 581 | BP17: =IF((BO17-BO16)<0,"0",(BO17-BO16)) -> 0 | BQ17: 768280 | BR17: =IF((BQ17-BQ16)<0,"0",(BQ17-BQ16)) -> 40 | BS17: 5866 | BT17: =IF((BS17-BS16)<0,"0",(BS17-BS16)) -> 0 | BU17: =IF((BR17-AJ17)<0,"0",(BR17-AJ17)) -> 20 | BV17: =SUM(BN17, BR17) -> 90 | BW17: =SUM(AN17,AP17,AR17,AT17,AV17,AX17,AZ17,BB17,BF17) -> 2 | BX17: 142.3 | BY17: =(IF(BX17<=116.4,((116.4*116.4*ACOS((116.4-BX17)/116.4))-((116.4-BX17)*SQRT(2*116.4*BX17-BX17*BX17)))*669.8,((3.1416*116.4*116.4)-((116.4*116.4*ACOS((116.4-(2*116.4-BX17))/116.4))-((116.4-(2*116.4-BX17))*SQRT(2*116.4*(2*116.4-BX17)-((2*116.4-BX17)*(2*116.4-BX17))))))*669.8))/1000 -> 18260.186 | CA17: =IF((BY16-BY17)<0,"0",(BY16-BY17)) -> 0 | CB17: 205988 | CC17: =IF((CB17-CB16)<0,"0",(CB17-CB16)) -> 41.5 | CD17: =CC17*5.71 -> 236.965 | CE17: 36 | CF17: =(CE17*10775)/100 -> 3879 | CG17: 39 | CH17: =(CG17*10775)/100 -> 4202.25 | CI17: 39 | CJ17: =(CI17*10775)/100 -> 4202.25 | CK17: =CF17+CH17+CJ17 -> 12283.5 | CL17: =IF((CK16-CK17+CM16)=CK16,"0",(CK16-CK17+CM16)) -> 215.5 | CN17: 34103 | CO17: =IF((CN17-CN16)<0,"0",(CN17-CN16)) -> 0.4 | CP17: =CO17*2.44 -> 0.976 | CQ17: 34300 | CR17: =IF((CQ17-CQ16)<0,"0",(CQ17-CQ16)) -> 0 | CS17: =CR17*2.44 -> 0 | CT17: 10234 | CU17: =IF((CT17-CT16)<0,"0",(CT17-CT16)) -> 0 | CV17: =CU17*6.25 -> 0 | CW17: 831981 | CX17: =IF((CW17-CW16)<0,"0",(CW17-CW16)) -> 0 | CY17: =CX17*3.1 -> 0 | CZ17: 5727.9 | DA17: =IF((CZ17-CZ16)<0,"0",(CZ17-CZ16)) -> 1.2 | DB17: =DA17*2.39 -> 2.868 | DC17: 7415 | DD17: =IF((DC17-DC16)<0,"0",(DC17-DC16)) -> 0 | DE17: =DD17*2.39 -> 0 | DF17: 3827.6 | DG17: =IF((DF17-DF16)<0,"0",(DF17-DF16)) -> 4 | DH17: =DG17*2.39 -> 9.56 | DI17: 1855.7 | DJ17: =IF((DI17-DI16)<0,"0",(DI17-DI16)) -> 0 | DK17: =DJ17*2.39 -> 0 | DL17: 5078.4 | DM17: =IF((DL17-DL16)<0,"0",(DL17-DL16)) -> 0 | DN17: =DM17*2.39 -> 0 | DO17: 4451.7 | DP17: =IF((DO17-DO16)<0,"0",(DO17-DO16)) -> 0 | DQ17: =DP17*2.39 -> 0 | DR17: 5086.1 | DS17: =IF((DR17-DR16)<0,"0",(DR17-DR16)) -> 0 | DT17: =DS17*2.39 -> 0 | DU17: 4320.7 | DV17: =IF((DU17-DU16)<0,"0",(DU17-DU16)) -> 0 | DW17: =DV17*2.39 -> 0 | DX17: 12732 | DY17: =IF((DX17-DX16)<0,"0",(DX17-DX16)) -> 0 | DZ17: 61889 | EA17: 0 | EB17: 15599 | EC17: =IF((EB17-EB16)<0,"0",(EB17-EB16)) -> 0 | ED17: 24594 | EE17: =IF((ED17-ED16)<0,"0",(ED17-ED16)) -> 0 | EF17: 2 | EG17: 11 | EH17: 0.015
A18: 44027 | B18: 5269470 | C18: =IF((B18-B17)<0,"0",(B18-B17)) -> 4166 | D18: 4615926 | E18: =IF((D18-D17)<0,"0",(D18-D17)) -> 3834 | F18: =E18/C18 -> 0.92030725 | G18: 238 | H18: 286 | I18: 285707 | J18: =IF((I18-I17)<0,"0",(I18-I17)) -> 0 | K18: 750 | L18: =IF((K18-K17)<0,"0",(K18-K17)) -> 0 | M18: 629908 | N18: =IF((M18-M17)<0,"0",(M18-M17)) -> 0 | O18: 967 | P18: =IF((O18-O17)<0,"0",(O18-O17)) -> 0 | Q18: 2531583 | R18: =IF((Q18-Q17)<0,"0",(Q18-Q17)) -> 191 | S18: 2188193 | T18: =IF((S18-S17)<0,"0",(S18-S17)) -> 132 | U18: 93270 | V18: =IF((U18-U17)<0,"0",(U18-U17)) -> 86 | W18: 100 | X18: 0 | Y18: 152258 | Z18: =IF((Y18-Y17)<0,"0",(Y18-Y17)) -> 0 | AA18: 37941 | AB18: =IF((AA18-AA17)<0,"0",(AA18-AA17)) -> 10 | AC18: 1061 | AD18: =IF((AC18-AC17)<0,"0",(AC18-AC17)) -> 0 | AE18: 3700 | AF18: =IF((AE18-AE17)<0,"0",(AE18-AE17)) -> 0 | AI18: 571310 | AJ18: =IF((AI18-AI17)<0,"0",(AI18-AI17)) -> 70 | AM18: 52029 | AN18: =IF((AM18-AM17)<0,"0",(AM18-AM17)) -> 2 | AO18: 8866 | AP18: =IF((AO18-AO17)<0,"0",(AO18-AO17)) -> 0 | AQ18: 10550 | AR18: =IF((AQ18-AQ17)<0,"0",(AQ18-AQ17)) -> 0 | AS18: 14481 | AT18: =IF((AS18-AS17)<0,"0",(AS18-AS17)) -> 0 | AU18: 19350 | AV18: =IF((AU18-AU17)<0,"0",(AU18-AU17)) -> 0 | AW18: 20660 | AX18: =IF((AW18-AW17)<0,"0",(AW18-AW17)) -> 0 | AY18: 13831 | AZ18: =IF((AY18-AY17)<0,"0",(AY18-AY17)) -> 0 | BA18: 6153 | BB18: =IF((BA18-BA17)<0,"0",(BA18-BA17)) -> 0 | BC18: 26345 | BD18: =IF((BC18-BC17)<0,"0",(BC18-BC17)) -> 1 | BE18: 1112 | BF18: =IF((BE18-BE17)<0,"0",(BE18-BE17)) -> 0 | BG18: 4303 | BH18: =IF((BG18-BG17)<0,"0",(BG18-BG17)) -> 0 | BI18: 3636 | BJ18: =IF((BI18-BI17)<0,"0",(BI18-BI17)) -> 0 | BK18: =AZ18+AX18+AT18 -> 0 | BL18: =AJ18-BK18 -> 70 | BM18: 595370 | BN18: =IF((BM18-BM17)<0,"0",(BM18-BM17)) -> 30 | BO18: 581 | BP18: =IF((BO18-BO17)<0,"0",(BO18-BO17)) -> 0 | BQ18: 768330 | BR18: =IF((BQ18-BQ17)<0,"0",(BQ18-BQ17)) -> 50 | BS18: 5866 | BT18: =IF((BS18-BS17)<0,"0",(BS18-BS17)) -> 0 | BU18: =IF((BR18-AJ18)<0,"0",(BR18-AJ18)) -> 0 | BV18: =SUM(BN18, BR18) -> 80 | BW18: =SUM(AN18,AP18,AR18,AT18,AV18,AX18,AZ18,BB18,BF18) -> 2 | BX18: 142.3 | BY18: =(IF(BX18<=116.4,((116.4*116.4*ACOS((116.4-BX18)/116.4))-((116.4-BX18)*SQRT(2*116.4*BX18-BX18*BX18)))*669.8,((3.1416*116.4*116.4)-((116.4*116.4*ACOS((116.4-(2*116.4-BX18))/116.4))-((116.4-(2*116.4-BX18))*SQRT(2*116.4*(2*116.4-BX18)-((2*116.4-BX18)*(2*116.4-BX18))))))*669.8))/1000 -> 18260.186 | CA18: =IF((BY17-BY18)<0,"0",(BY17-BY18)) -> 0 | CB18: 205993 | CC18: =IF((CB18-CB17)<0,"0",(CB18-CB17)) -> 5 | CD18: =CC18*5.71 -> 28.55 | CE18: 35 | CF18: =(CE18*10775)/100 -> 3771.25 | CG18: 39 | CH18: =(CG18*10775)/100 -> 4202.25 | CI18: 39 | CJ18: =(CI18*10775)/100 -> 4202.25 | CK18: =CF18+CH18+CJ18 -> 12175.75 | CL18: =IF((CK17-CK18+CM17)=CK17,"0",(CK17-CK18+CM17)) -> 107.75 | CN18: 34105.64 | CO18: =IF((CN18-CN17)<0,"0",(CN18-CN17)) -> 2.64 | CP18: =CO18*2.44 -> 6.4416 | CQ18: 34300 | CR18: =IF((CQ18-CQ17)<0,"0",(CQ18-CQ17)) -> 0 | CS18: =CR18*2.44 -> 0 | CT18: 10234 | CU18: =IF((CT18-CT17)<0,"0",(CT18-CT17)) -> 0 | CV18: =CU18*6.25 -> 0 | CW18: 831981 | CX18: =IF((CW18-CW17)<0,"0",(CW18-CW17)) -> 0 | CY18: =CX18*3.1 -> 0 | CZ18: 5729.1 | DA18: =IF((CZ18-CZ17)<0,"0",(CZ18-CZ17)) -> 1.2 | DB18: =DA18*2.39 -> 2.868 | DC18: 7415 | DD18: =IF((DC18-DC17)<0,"0",(DC18-DC17)) -> 0 | DE18: =DD18*2.39 -> 0 | DF18: 3833.2 | DG18: =IF((DF18-DF17)<0,"0",(DF18-DF17)) -> 5.6 | DH18: =DG18*2.39 -> 13.384 | DI18: 1855.7 | DJ18: =IF((DI18-DI17)<0,"0",(DI18-DI17)) -> 0 | DK18: =DJ18*2.39 -> 0 | DL18: 5078.4 | DM18: =IF((DL18-DL17)<0,"0",(DL18-DL17)) -> 0 | DN18: =DM18*2.39 -> 0 | DO18: 4451.7 | DP18: =IF((DO18-DO17)<0,"0",(DO18-DO17)) -> 0 | DQ18: =DP18*2.39 -> 0 | DR18: 5086.1 | DS18: =IF((DR18-DR17)<0,"0",(DR18-DR17)) -> 0 | DT18: =DS18*2.39 -> 0 | DU18: 4320.7 | DV18: =IF((DU18-DU17)<0,"0",(DU18-DU17)) -> 0 | DW18: =DV18*2.39 -> 0 | DX18: 12732 | DY18: =IF((DX18-DX17)<0,"0",(DX18-DX17)) -> 0 | DZ18: 61889 | EA18: 0 | EB18: 15599 | EC18: =IF((EB18-EB17)<0,"0",(EB18-EB17)) -> 0 | ED18: 24594 | EE18: =IF((ED18-ED17)<0,"0",(ED18-ED17)) -> 0 | EF18: 2 | EG18: 11 | EH18: 0.015
A19: 44028 | B19: 5273470 | C19: =IF((B19-B18)<0,"0",(B19-B18)) -> 4000 | D19: 4619572 | E19: =IF((D19-D18)<0,"0",(D19-D18)) -> 3646 | F19: =E19/C19 -> 0.9115 | G19: 238 | H19: 286 | I19: 285707 | J19: =IF((I19-I18)<0,"0",(I19-I18)) -> 0 | K19: 750 | L19: =IF((K19-K18)<0,"0",(K19-K18)) -> 0 | M19: 629908 | N19: =IF((M19-M18)<0,"0",(M19-M18)) -> 0 | O19: 967 | P19: =IF((O19-O18)<0,"0",(O19-O18)) -> 0 | Q19: 2531678 | R19: =IF((Q19-Q18)<0,"0",(Q19-Q18)) -> 95 | S19: 2188265 | T19: =IF((S19-S18)<0,"0",(S19-S18)) -> 72 | U19: 93341 | V19: =IF((U19-U18)<0,"0",(U19-U18)) -> 71 | W19: 100 | X19: 0 | Y19: 152258 | Z19: =IF((Y19-Y18)<0,"0",(Y19-Y18)) -> 0 | AA19: 37943 | AB19: =IF((AA19-AA18)<0,"0",(AA19-AA18)) -> 2 | AC19: 1061 | AD19: =IF((AC19-AC18)<0,"0",(AC19-AC18)) -> 0 | AE19: 3700 | AF19: =IF((AE19-AE18)<0,"0",(AE19-AE18)) -> 0 | AI19: 571330 | AJ19: =IF((AI19-AI18)<0,"0",(AI19-AI18)) -> 20 | AM19: 52030 | AN19: =IF((AM19-AM18)<0,"0",(AM19-AM18)) -> 1 | AO19: 8866 | AP19: =IF((AO19-AO18)<0,"0",(AO19-AO18)) -> 0 | AQ19: 10551 | AR19: =IF((AQ19-AQ18)<0,"0",(AQ19-AQ18)) -> 1 | AS19: 14481 | AT19: =IF((AS19-AS18)<0,"0",(AS19-AS18)) -> 0 | AU19: 19350 | AV19: =IF((AU19-AU18)<0,"0",(AU19-AU18)) -> 0 | AW19: 20660 | AX19: =IF((AW19-AW18)<0,"0",(AW19-AW18)) -> 0 | AY19: 13831 | AZ19: =IF((AY19-AY18)<0,"0",(AY19-AY18)) -> 0 | BA19: 6153 | BB19: =IF((BA19-BA18)<0,"0",(BA19-BA18)) -> 0 | BC19: 26345 | BD19: =IF((BC19-BC18)<0,"0",(BC19-BC18)) -> 0 | BE19: 1112 | BF19: =IF((BE19-BE18)<0,"0",(BE19-BE18)) -> 0 | BG19: 4304 | BH19: =IF((BG19-BG18)<0,"0",(BG19-BG18)) -> 1 | BI19: 3636 | BJ19: =IF((BI19-BI18)<0,"0",(BI19-BI18)) -> 0 | BK19: =AZ19+AX19+AT19 -> 0 | BL19: =AJ19-BK19 -> 20 | BM19: 595390 | BN19: =IF((BM19-BM18)<0,"0",(BM19-BM18)) -> 20 | BO19: 581 | BP19: =IF((BO19-BO18)<0,"0",(BO19-BO18)) -> 0 | BQ19: 768380 | BR19: =IF((BQ19-BQ18)<0,"0",(BQ19-BQ18)) -> 50 | BS19: 5866 | BT19: =IF((BS19-BS18)<0,"0",(BS19-BS18)) -> 0 | BU19: =IF((BR19-AJ19)<0,"0",(BR19-AJ19)) -> 30 | BV19: =SUM(BN19, BR19) -> 70 | BW19: =SUM(AN19,AP19,AR19,AT19,AV19,AX19,AZ19,BB19,BF19) -> 2 | BX19: 142.3 | BY19: =(IF(BX19<=116.4,((116.4*116.4*ACOS((116.4-BX19)/116.4))-((116.4-BX19)*SQRT(2*116.4*BX19-BX19*BX19)))*669.8,((3.1416*116.4*116.4)-((116.4*116.4*ACOS((116.4-(2*116.4-BX19))/116.4))-((116.4-(2*116.4-BX19))*SQRT(2*116.4*(2*116.4-BX19)-((2*116.4-BX19)*(2*116.4-BX19))))))*669.8))/1000 -> 18260.186 | CA19: =IF((BY18-BY19)<0,"0",(BY18-BY19)) -> 0 | CB19: 205996 | CC19: =IF((CB19-CB18)<0,"0",(CB19-CB18)) -> 3 | CD19: =CC19*5.71 -> 17.13 | CE19: 35 | CF19: =(CE19*10775)/100 -> 3771.25 | CG19: 38 | CH19: =(CG19*10775)/100 -> 4094.5 | CI19: 39 | CJ19: =(CI19*10775)/100 -> 4202.25 | CK19: =CF19+CH19+CJ19 -> 12068 | CL19: =IF((CK18-CK19+CM18)=CK18,"0",(CK18-CK19+CM18)) -> 107.75 | CN19: 34107.38 | CO19: =IF((CN19-CN18)<0,"0",(CN19-CN18)) -> 1.74 | CP19: =CO19*2.44 -> 4.2456 | CQ19: 34300 | CR19: =IF((CQ19-CQ18)<0,"0",(CQ19-CQ18)) -> 0 | CS19: =CR19*2.44 -> 0 | CT19: 10234 | CU19: =IF((CT19-CT18)<0,"0",(CT19-CT18)) -> 0 | CV19: =CU19*6.25 -> 0 | CW19: 831981 | CX19: =IF((CW19-CW18)<0,"0",(CW19-CW18)) -> 0 | CY19: =CX19*3.1 -> 0 | CZ19: 5729.9 | DA19: =IF((CZ19-CZ18)<0,"0",(CZ19-CZ18)) -> 0.8 | DB19: =DA19*2.39 -> 1.912 | DC19: 7415 | DD19: =IF((DC19-DC18)<0,"0",(DC19-DC18)) -> 0 | DE19: =DD19*2.39 -> 0 | DF19: 3834.8 | DG19: =IF((DF19-DF18)<0,"0",(DF19-DF18)) -> 1.6 | DH19: =DG19*2.39 -> 3.824 | DI19: 1855.7 | DJ19: =IF((DI19-DI18)<0,"0",(DI19-DI18)) -> 0 | DK19: =DJ19*2.39 -> 0 | DL19: 5078.4 | DM19: =IF((DL19-DL18)<0,"0",(DL19-DL18)) -> 0 | DN19: =DM19*2.39 -> 0 | DO19: 4451.7 | DP19: =IF((DO19-DO18)<0,"0",(DO19-DO18)) -> 0 | DQ19: =DP19*2.39 -> 0 | DR19: 5086.1 | DS19: =IF((DR19-DR18)<0,"0",(DR19-DR18)) -> 0 | DT19: =DS19*2.39 -> 0 | DU19: 4320.7 | DV19: =IF((DU19-DU18)<0,"0",(DU19-DU18)) -> 0 | DW19: =DV19*2.39 -> 0 | DX19: 12732 | DY19: =IF((DX19-DX18)<0,"0",(DX19-DX18)) -> 0 | DZ19: 61889 | EA19: 0 | EB19: 15599 | EC19: =IF((EB19-EB18)<0,"0",(EB19-EB18)) -> 0 | ED19: 24594 | EE19: =IF((ED19-ED18)<0,"0",(ED19-ED18)) -> 0 | EF19: 2 | EG19: 11 | EH19: 0.015
A20: 44029 | B20: 5277462 | C20: =IF((B20-B19)<0,"0",(B20-B19)) -> 3992 | D20: 4623240 | E20: =IF((D20-D19)<0,"0",(D20-D19)) -> 3668 | F20: =E20/C20 -> 0.91883768 | G20: 238 | H20: 286 | I20: 285707 | J20: =IF((I20-I19)<0,"0",(I20-I19)) -> 0 | K20: 750 | L20: =IF((K20-K19)<0,"0",(K20-K19)) -> 0 | M20: 629908 | N20: =IF((M20-M19)<0,"0",(M20-M19)) -> 0 | O20: 967 | P20: =IF((O20-O19)<0,"0",(O20-O19)) -> 0 | Q20: 2531781 | R20: =IF((Q20-Q19)<0,"0",(Q20-Q19)) -> 103 | S20: 2188353 | T20: =IF((S20-S19)<0,"0",(S20-S19)) -> 88 | U20: 93430 | V20: =IF((U20-U19)<0,"0",(U20-U19)) -> 89 | W20: 100 | X20: 0 | Y20: 152258 | Z20: =IF((Y20-Y19)<0,"0",(Y20-Y19)) -> 0 | AA20: 37956 | AB20: =IF((AA20-AA19)<0,"0",(AA20-AA19)) -> 13 | AC20: 1061 | AD20: =IF((AC20-AC19)<0,"0",(AC20-AC19)) -> 0 | AE20: 3700 | AF20: =IF((AE20-AE19)<0,"0",(AE20-AE19)) -> 0 | AI20: 571350 | AJ20: =IF((AI20-AI19)<0,"0",(AI20-AI19)) -> 20 | AM20: 52031 | AN20: =IF((AM20-AM19)<0,"0",(AM20-AM19)) -> 1 | AO20: 8866 | AP20: =IF((AO20-AO19)<0,"0",(AO20-AO19)) -> 0 | AQ20: 10551 | AR20: =IF((AQ20-AQ19)<0,"0",(AQ20-AQ19)) -> 0 | AS20: 14481 | AT20: =IF((AS20-AS19)<0,"0",(AS20-AS19)) -> 0 | AU20: 19350 | AV20: =IF((AU20-AU19)<0,"0",(AU20-AU19)) -> 0 | AW20: 20660 | AX20: =IF((AW20-AW19)<0,"0",(AW20-AW19)) -> 0 | AY20: 13831 | AZ20: =IF((AY20-AY19)<0,"0",(AY20-AY19)) -> 0 | BA20: 6153 | BB20: =IF((BA20-BA19)<0,"0",(BA20-BA19)) -> 0 | BC20: 26345 | BD20: =IF((BC20-BC19)<0,"0",(BC20-BC19)) -> 0 | BE20: 1112 | BF20: =IF((BE20-BE19)<0,"0",(BE20-BE19)) -> 0 | BG20: 4304 | BH20: =IF((BG20-BG19)<0,"0",(BG20-BG19)) -> 0 | BI20: 3636 | BJ20: =IF((BI20-BI19)<0,"0",(BI20-BI19)) -> 0 | BK20: =AZ20+AX20+AT20 -> 0 | BL20: =AJ20-BK20 -> 20 | BM20: 595430 | BN20: =IF((BM20-BM19)<0,"0",(BM20-BM19)) -> 40 | BO20: 581 | BP20: =IF((BO20-BO19)<0,"0",(BO20-BO19)) -> 0 | BQ20: 768400 | BR20: =IF((BQ20-BQ19)<0,"0",(BQ20-BQ19)) -> 20 | BS20: 5866 | BT20: =IF((BS20-BS19)<0,"0",(BS20-BS19)) -> 0 | BU20: =BR20-AJ20 -> 0 | BV20: =SUM(BN20, BR20) -> 60 | BW20: =SUM(AN20,AP20,AR20,AT20,AV20,AX20,AZ20,BB20,BF20) -> 1 | BX20: 142.3 | BY20: =(IF(BX20<=116.4,((116.4*116.4*ACOS((116.4-BX20)/116.4))-((116.4-BX20)*SQRT(2*116.4*BX20-BX20*BX20)))*669.8,((3.1416*116.4*116.4)-((116.4*116.4*ACOS((116.4-(2*116.4-BX20))/116.4))-((116.4-(2*116.4-BX20))*SQRT(2*116.4*(2*116.4-BX20)-((2*116.4-BX20)*(2*116.4-BX20))))))*669.8))/1000 -> 18260.186 | CA20: =IF((BY19-BY20)<0,"0",(BY19-BY20)) -> 0 | CB20: 206002 | CC20: =IF((CB20-CB19)<0,"0",(CB20-CB19)) -> 6 | CD20: =CC20*5.71 -> 34.26 | CE20: 35 | CF20: =(CE20*10775)/100 -> 3771.25 | CG20: 37 | CH20: =(CG20*10775)/100 -> 3986.75 | CI20: 39 | CJ20: =(CI20*10775)/100 -> 4202.25 | CK20: =CF20+CH20+CJ20 -> 11960.25 | CL20: =IF((CK19-CK20+CM19)=CK19,"0",(CK19-CK20+CM19)) -> 107.75 | CN20: 34109.05 | CO20: =IF((CN20-CN19)<0,"0",(CN20-CN19)) -> 1.67 | CP20: =CO20*2.44 -> 4.0748 | CQ20: 34300 | CR20: =IF((CQ20-CQ19)<0,"0",(CQ20-CQ19)) -> 0 | CS20: =CR20*2.44 -> 0 | CT20: 10234 | CU20: =IF((CT20-CT19)<0,"0",(CT20-CT19)) -> 0 | CV20: =CU20*6.25 -> 0 | CW20: 831981 | CX20: =IF((CW20-CW19)<0,"0",(CW20-CW19)) -> 0 | CY20: =CX20*3.1 -> 0 | CZ20: 5730.9 | DA20: =IF((CZ20-CZ19)<0,"0",(CZ20-CZ19)) -> 1 | DB20: =DA20*2.39 -> 2.39 | DC20: 7415 | DD20: =IF((DC20-DC19)<0,"0",(DC20-DC19)) -> 0 | DE20: =DD20*2.39 -> 0 | DF20: 3838.7 | DG20: =IF((DF20-DF19)<0,"0",(DF20-DF19)) -> 3.9 | DH20: =DG20*2.39 -> 9.321 | DI20: 1855.7 | DJ20: =IF((DI20-DI19)<0,"0",(DI20-DI19)) -> 0 | DK20: =DJ20*2.39 -> 0 | DL20: 5078.4 | DM20: =IF((DL20-DL19)<0,"0",(DL20-DL19)) -> 0 | DN20: =DM20*2.39 -> 0 | DO20: 4451.7 | DP20: =IF((DO20-DO19)<0,"0",(DO20-DO19)) -> 0 | DQ20: =DP20*2.39 -> 0 | DR20: 5086.1 | DS20: =IF((DR20-DR19)<0,"0",(DR20-DR19)) -> 0 | DT20: =DS20*2.39 -> 0 | DU20: 4320.7 | DV20: =IF((DU20-DU19)<0,"0",(DU20-DU19)) -> 0 | DW20: =DV20*2.39 -> 0 | DX20: 12732 | DY20: =IF((DX20-DX19)<0,"0",(DX20-DX19)) -> 0 | DZ20: 61889 | EA20: =IF((DZ20-DZ19)<0,"0",(DZ20-DZ19)) -> 0 | EB20: 15599 | EC20: =IF((EB20-EB19)<0,"0",(EB20-EB19)) -> 0 | ED20: 24594 | EE20: =IF((ED20-ED19)<0,"0",(ED20-ED19)) -> 0 | EF20: 1 | EG20: 9 | EH20: 0.0075
A21: 44030 | B21: 5281252 | C21: =IF((B21-B20)<0,"0",(B21-B20)) -> 3790 | D21: 4626673 | E21: =IF((D21-D20)<0,"0",(D21-D20)) -> 3433 | F21: =E21/C21 -> 0.90580475 | G21: 238 | H21: 286 | I21: 285707 | J21: =IF((I21-I20)<0,"0",(I21-I20)) -> 0 | K21: 750 | L21: =IF((K21-K20)<0,"0",(K21-K20)) -> 0 | M21: 629908 | N21: =IF((M21-M20)<0,"0",(M21-M20)) -> 0 | O21: 967 | P21: =IF((O21-O20)<0,"0",(O21-O20)) -> 0 | Q21: 2531813 | R21: =IF((Q21-Q20)<0,"0",(Q21-Q20)) -> 32 | S21: 2188374 | T21: =IF((S21-S20)<0,"0",(S21-S20)) -> 21 | U21: 93478 | V21: =IF((U21-U20)<0,"0",(U21-U20)) -> 48 | W21: 100 | X21: 0 | Y21: 152258 | Z21: =IF((Y21-Y20)<0,"0",(Y21-Y20)) -> 0 | AA21: 37960 | AB21: =IF((AA21-AA20)<0,"0",(AA21-AA20)) -> 4 | AC21: 1061 | AD21: =IF((AC21-AC20)<0,"0",(AC21-AC20)) -> 0 | AE21: 3700 | AF21: =IF((AE21-AE20)<0,"0",(AE21-AE20)) -> 0 | AI21: 571420 | AJ21: =IF((AI21-AI20)<0,"0",(AI21-AI20)) -> 70 | AM21: 52032 | AN21: =IF((AM21-AM20)<0,"0",(AM21-AM20)) -> 1 | AO21: 8866 | AP21: =IF((AO21-AO20)<0,"0",(AO21-AO20)) -> 0 | AQ21: 10551 | AR21: =IF((AQ21-AQ20)<0,"0",(AQ21-AQ20)) -> 0 | AS21: 14481 | AT21: =IF((AS21-AS20)<0,"0",(AS21-AS20)) -> 0 | AU21: 19350 | AV21: =IF((AU21-AU20)<0,"0",(AU21-AU20)) -> 0 | AW21: 20660 | AX21: =IF((AW21-AW20)<0,"0",(AW21-AW20)) -> 0 | AY21: 13831 | AZ21: =IF((AY21-AY20)<0,"0",(AY21-AY20)) -> 0 | BA21: 6153 | BB21: =IF((BA21-BA20)<0,"0",(BA21-BA20)) -> 0 | BC21: 26346 | BD21: =IF((BC21-BC20)<0,"0",(BC21-BC20)) -> 1 | BE21: 1112 | BF21: =IF((BE21-BE20)<0,"0",(BE21-BE20)) -> 0 | BG21: 4304 | BH21: =IF((BG21-BG20)<0,"0",(BG21-BG20)) -> 0 | BI21: 3636 | BJ21: =IF((BI21-BI20)<0,"0",(BI21-BI20)) -> 0 | BK21: =AZ21+AX21+AT21 -> 0 | BL21: =AJ21-BK21 -> 70 | BM21: 595440 | BN21: =IF((BM21-BM20)<0,"0",(BM21-BM20)) -> 10 | BO21: 581 | BP21: =IF((BO21-BO20)<0,"0",(BO21-BO20)) -> 0 | BQ21: 768480 | BR21: =IF((BQ21-BQ20)<0,"0",(BQ21-BQ20)) -> 80 | BS21: 5867 | BT21: =IF((BS21-BS20)<0,"0",(BS21-BS20)) -> 1 | BU21: =BR21-AJ21 -> 10 | BV21: =SUM(BN21, BR21) -> 90 | BW21: =SUM(AN21,AP21,AR21,AT21,AV21,AX21,AZ21,BB21,BF21) -> 1 | BX21: 142.3 | BY21: =(IF(BX21<=116.4,((116.4*116.4*ACOS((116.4-BX21)/116.4))-((116.4-BX21)*SQRT(2*116.4*BX21-BX21*BX21)))*669.8,((3.1416*116.4*116.4)-((116.4*116.4*ACOS((116.4-(2*116.4-BX21))/116.4))-((116.4-(2*116.4-BX21))*SQRT(2*116.4*(2*116.4-BX21)-((2*116.4-BX21)*(2*116.4-BX21))))))*669.8))/1000 -> 18260.186 | CA21: =IF((BY20-BY21)<0,"0",(BY20-BY21)) -> 0 | CB21: 206003.2 | CC21: =IF((CB21-CB20)<0,"0",(CB21-CB20)) -> 1.2 | CD21: =CC21*5.71 -> 6.852 | CE21: 35 | CF21: =(CE21*10775)/100 -> 3771.25 | CG21: 36 | CH21: =(CG21*10775)/100 -> 3879 | CI21: 39 | CJ21: =(CI21*10775)/100 -> 4202.25 | CK21: =CF21+CH21+CJ21 -> 11852.5 | CL21: =IF((CK20-CK21+CM20)=CK20,"0",(CK20-CK21+CM20)) -> 107.75 | CN21: 34109.7 | CO21: =IF((CN21-CN20)<0,"0",(CN21-CN20)) -> 0.65 | CP21: =CO21*2.44 -> 1.586 | CQ21: 34300 | CR21: =IF((CQ21-CQ20)<0,"0",(CQ21-CQ20)) -> 0 | CS21: =CR21*2.44 -> 0 | CT21: 10234 | CU21: =IF((CT21-CT20)<0,"0",(CT21-CT20)) -> 0 | CV21: =CU21*6.25 -> 0 | CW21: 832021 | CX21: =IF((CW21-CW20)<0,"0",(CW21-CW20)) -> 40 | CY21: =CX21*3.1 -> 124 | CZ21: 5731.5 | DA21: =IF((CZ21-CZ20)<0,"0",(CZ21-CZ20)) -> 0.6 | DB21: =DA21*2.39 -> 1.434 | DC21: 7415 | DD21: =IF((DC21-DC20)<0,"0",(DC21-DC20)) -> 0 | DE21: =DD21*2.39 -> 0 | DF21: 3838.7 | DG21: =IF((DF21-DF20)<0,"0",(DF21-DF20)) -> 0 | DH21: =DG21*2.39 -> 0 | DI21: 1855.7 | DJ21: =IF((DI21-DI20)<0,"0",(DI21-DI20)) -> 0 | DK21: =DJ21*2.39 -> 0 | DL21: 5078.4 | DM21: =IF((DL21-DL20)<0,"0",(DL21-DL20)) -> 0 | DN21: =DM21*2.39 -> 0 | DO21: 4451.7 | DP21: =IF((DO21-DO20)<0,"0",(DO21-DO20)) -> 0 | DQ21: =DP21*2.39 -> 0 | DR21: 5086.1 | DS21: =IF((DR21-DR20)<0,"0",(DR21-DR20)) -> 0 | DT21: =DS21*2.39 -> 0 | DU21: 4320.7 | DV21: =IF((DU21-DU20)<0,"0",(DU21-DU20)) -> 0 | DW21: =DV21*2.39 -> 0 | DX21: 12732 | DY21: =IF((DX21-DX20)<0,"0",(DX21-DX20)) -> 0 | DZ21: 61889 | EA21: =IF((DZ21-DZ20)<0,"0",(DZ21-DZ20)) -> 0 | EB21: 15599 | EC21: =IF((EB21-EB20)<0,"0",(EB21-EB20)) -> 0 | ED21: 24594 | EE21: =IF((ED21-ED20)<0,"0",(ED21-ED20)) -> 0 | EF21: 1 | EG21: 9 | EH21: 0.0075
A22: 44031 | B22: 5284942 | C22: =IF((B22-B21)<0,"0",(B22-B21)) -> 3690 | D22: 4630049 | E22: =IF((D22-D21)<0,"0",(D22-D21)) -> 3376 | F22: =E22/C22 -> 0.91490515 | G22: 238 | H22: 286 | I22: 285707 | J22: =IF((I22-I21)<0,"0",(I22-I21)) -> 0 | K22: 750 | L22: =IF((K22-K21)<0,"0",(K22-K21)) -> 0 | M22: 629908 | N22: =IF((M22-M21)<0,"0",(M22-M21)) -> 0 | O22: 967 | P22: =IF((O22-O21)<0,"0",(O22-O21)) -> 0 | Q22: 2531879 | R22: =IF((Q22-Q21)<0,"0",(Q22-Q21)) -> 66 | S22: 2188433 | T22: =IF((S22-S21)<0,"0",(S22-S21)) -> 59 | U22: 93553 | V22: =IF((U22-U21)<0,"0",(U22-U21)) -> 75 | W22: 100 | X22: 0 | Y22: 152258 | Z22: =IF((Y22-Y21)<0,"0",(Y22-Y21)) -> 0 | AA22: 37969 | AB22: =IF((AA22-AA21)<0,"0",(AA22-AA21)) -> 9 | AC22: 1061 | AD22: =IF((AC22-AC21)<0,"0",(AC22-AC21)) -> 0 | AE22: 3713 | AF22: =IF((AE22-AE21)<0,"0",(AE22-AE21)) -> 13 | AI22: 571480 | AJ22: =IF((AI22-AI21)<0,"0",(AI22-AI21)) -> 60 | AM22: 52033 | AN22: =IF((AM22-AM21)<0,"0",(AM22-AM21)) -> 1 | AO22: 8867 | AP22: =IF((AO22-AO21)<0,"0",(AO22-AO21)) -> 1 | AQ22: 10551 | AR22: =IF((AQ22-AQ21)<0,"0",(AQ22-AQ21)) -> 0 | AS22: 14481 | AT22: =IF((AS22-AS21)<0,"0",(AS22-AS21)) -> 0 | AU22: 19350 | AV22: =IF((AU22-AU21)<0,"0",(AU22-AU21)) -> 0 | AW22: 20660 | AX22: =IF((AW22-AW21)<0,"0",(AW22-AW21)) -> 0 | AY22: 13831 | AZ22: =IF((AY22-AY21)<0,"0",(AY22-AY21)) -> 0 | BA22: 6153 | BB22: =IF((BA22-BA21)<0,"0",(BA22-BA21)) -> 0 | BC22: 26346 | BD22: =IF((BC22-BC21)<0,"0",(BC22-BC21)) -> 0 | BE22: 1112 | BF22: =IF((BE22-BE21)<0,"0",(BE22-BE21)) -> 0 | BG22: 4304 | BH22: =IF((BG22-BG21)<0,"0",(BG22-BG21)) -> 0 | BI22: 3636 | BJ22: =IF((BI22-BI21)<0,"0",(BI22-BI21)) -> 0 | BK22: =AZ22+AX22+AT22 -> 0 | BL22: =AJ22-BK22 -> 60 | BM22: 595470 | BN22: =IF((BM22-BM21)<0,"0",(BM22-BM21)) -> 30 | BO22: 581 | BP22: =IF((BO22-BO21)<0,"0",(BO22-BO21)) -> 0 | BQ22: 768540 | BR22: =IF((BQ22-BQ21)<0,"0",(BQ22-BQ21)) -> 60 | BS22: 5867 | BT22: =IF((BS22-BS21)<0,"0",(BS22-BS21)) -> 0 | BU22: =BR22-AJ22 -> 0 | BV22: =SUM(BN22, BR22) -> 90 | BW22: =SUM(AN22,AP22,AR22,AT22,AV22,AX22,AZ22,BB22,BF22) -> 2 | BX22: 142.3 | BY22: =(IF(BX22<=116.4,((116.4*116.4*ACOS((116.4-BX22)/116.4))-((116.4-BX22)*SQRT(2*116.4*BX22-BX22*BX22)))*669.8,((3.1416*116.4*116.4)-((116.4*116.4*ACOS((116.4-(2*116.4-BX22))/116.4))-((116.4-(2*116.4-BX22))*SQRT(2*116.4*(2*116.4-BX22)-((2*116.4-BX22)*(2*116.4-BX22))))))*669.8))/1000 -> 18260.186 | CA22: =IF((BY21-BY22)<0,"0",(BY21-BY22)) -> 0 | CB22: 206003.5 | CC22: =IF((CB22-CB21)<0,"0",(CB22-CB21)) -> 0.3 | CD22: =CC22*5.71 -> 1.713 | CE22: 35 | CF22: =(CE22*10775)/100 -> 3771.25 | CG22: 35 | CH22: =(CG22*10775)/100 -> 3771.25 | CI22: 39 | CJ22: =(CI22*10775)/100 -> 4202.25 | CK22: =CF22+CH22+CJ22 -> 11744.75 | CL22: =IF((CK21-CK22+CM21)=CK21,"0",(CK21-CK22+CM21)) -> 107.75 | CN22: 34109.9 | CO22: =IF((CN22-CN21)<0,"0",(CN22-CN21)) -> 0.2 | CP22: =CO22*2.44 -> 0.488 | CQ22: 34300 | CR22: =IF((CQ22-CQ21)<0,"0",(CQ22-CQ21)) -> 0 | CS22: =CR22*2.44 -> 0 | CT22: 10234 | CU22: =IF((CT22-CT21)<0,"0",(CT22-CT21)) -> 0 | CV22: =CU22*6.25 -> 0 | CW22: 832021 | CX22: =IF((CW22-CW21)<0,"0",(CW22-CW21)) -> 0 | CY22: =CX22*3.1 -> 0 | CZ22: 5731.7 | DA22: =IF((CZ22-CZ21)<0,"0",(CZ22-CZ21)) -> 0.2 | DB22: =DA22*2.39 -> 0.478 | DC22: 7415 | DD22: =IF((DC22-DC21)<0,"0",(DC22-DC21)) -> 0 | DE22: =DD22*2.39 -> 0 | DF22: 3838.7 | DG22: =IF((DF22-DF21)<0,"0",(DF22-DF21)) -> 0 | DH22: =DG22*2.39 -> 0 | DI22: 1855.7 | DJ22: =IF((DI22-DI21)<0,"0",(DI22-DI21)) -> 0 | DK22: =DJ22*2.39 -> 0 | DL22: 5078.4 | DM22: =IF((DL22-DL21)<0,"0",(DL22-DL21)) -> 0 | DN22: =DM22*2.39 -> 0 | DO22: 4451.7 | DP22: =IF((DO22-DO21)<0,"0",(DO22-DO21)) -> 0 | DQ22: =DP22*2.39 -> 0 | DR22: 5086.1 | DS22: =IF((DR22-DR21)<0,"0",(DR22-DR21)) -> 0 | DT22: =DS22*2.39 -> 0 | DU22: 4320.7 | DV22: =IF((DU22-DU21)<0,"0",(DU22-DU21)) -> 0 | DW22: =DV22*2.39 -> 0 | DX22: 12732 | DY22: =IF((DX22-DX21)<0,"0",(DX22-DX21)) -> 0 | DZ22: 61889 | EA22: =IF((DZ22-DZ21)<0,"0",(DZ22-DZ21)) -> 0 | EB22: 15599 | EC22: =IF((EB22-EB21)<0,"0",(EB22-EB21)) -> 0 | ED22: 24594 | EE22: =IF((ED22-ED21)<0,"0",(ED22-ED21)) -> 0 | EF22: 1 | EG22: 9 | EH22: 0.0075
A23: 44032 | B23: 5288752 | C23: =IF((B23-B22)<0,"0",(B23-B22)) -> 3810 | D23: 4633561 | E23: =IF((D23-D22)<0,"0",(D23-D22)) -> 3512 | F23: =E23/C23 -> 0.92178478 | G23: 238 | H23: 286 | I23: 285707 | J23: =IF((I23-I22)<0,"0",(I23-I22)) -> 0 | K23: 750 | L23: =IF((K23-K22)<0,"0",(K23-K22)) -> 0 | M23: 629908 | N23: =IF((M23-M22)<0,"0",(M23-M22)) -> 0 | O23: 967 | P23: =IF((O23-O22)<0,"0",(O23-O22)) -> 0 | Q23: 2532021 | R23: =IF((Q23-Q22)<0,"0",(Q23-Q22)) -> 142 | S23: 2188495 | T23: =IF((S23-S22)<0,"0",(S23-S22)) -> 62 | U23: 93626 | V23: =IF((U23-U22)<0,"0",(U23-U22)) -> 73 | W23: 100 | X23: 0 | Y23: 152258 | Z23: =IF((Y23-Y22)<0,"0",(Y23-Y22)) -> 0 | AA23: 37979 | AB23: =IF((AA23-AA22)<0,"0",(AA23-AA22)) -> 10 | AC23: 1061 | AD23: =IF((AC23-AC22)<0,"0",(AC23-AC22)) -> 0 | AE23: 3713 | AF23: =IF((AE23-AE22)<0,"0",(AE23-AE22)) -> 0 | AI23: 571540 | AJ23: =IF((AI23-AI22)<0,"0",(AI23-AI22)) -> 60 | AM23: 52033 | AN23: =IF((AM23-AM22)<0,"0",(AM23-AM22)) -> 0 | AO23: 8866 | AP23: =IF((AO23-AO22)<0,"0",(AO23-AO22)) -> 0 | AQ23: 10551 | AR23: =IF((AQ23-AQ22)<0,"0",(AQ23-AQ22)) -> 0 | AS23: 14481 | AT23: =IF((AS23-AS22)<0,"0",(AS23-AS22)) -> 0 | AU23: 19351 | AV23: =IF((AU23-AU22)<0,"0",(AU23-AU22)) -> 1 | AW23: 20660 | AX23: =IF((AW23-AW22)<0,"0",(AW23-AW22)) -> 0 | AY23: 13831 | AZ23: =IF((AY23-AY22)<0,"0",(AY23-AY22)) -> 0 | BA23: 6153 | BB23: =IF((BA23-BA22)<0,"0",(BA23-BA22)) -> 0 | BC23: 26346 | BD23: =IF((BC23-BC22)<0,"0",(BC23-BC22)) -> 0 | BE23: 1112 | BF23: =IF((BE23-BE22)<0,"0",(BE23-BE22)) -> 0 | BG23: 4304 | BH23: =IF((BG23-BG22)<0,"0",(BG23-BG22)) -> 0 | BI23: 3636 | BJ23: =IF((BI23-BI22)<0,"0",(BI23-BI22)) -> 0 | BK23: =AZ23+AX23+AT23 -> 0 | BL23: =AJ23-BK23 -> 60 | BM23: 595490 | BN23: =IF((BM23-BM22)<0,"0",(BM23-BM22)) -> 20 | BO23: 581 | BP23: =IF((BO23-BO22)<0,"0",(BO23-BO22)) -> 0 | BQ23: 768600 | BR23: =IF((BQ23-BQ22)<0,"0",(BQ23-BQ22)) -> 60 | BS23: 5868 | BT23: =IF((BS23-BS22)<0,"0",(BS23-BS22)) -> 1 | BU23: =BR23-AJ23 -> 0 | BV23: =SUM(BN23, BR23) -> 80 | BW23: =SUM(AN23,AP23,AR23,AT23,AV23,AX23,AZ23,BB23,BF23) -> 1 | BX23: 142.3 | BY23: =(IF(BX23<=116.4,((116.4*116.4*ACOS((116.4-BX23)/116.4))-((116.4-BX23)*SQRT(2*116.4*BX23-BX23*BX23)))*669.8,((3.1416*116.4*116.4)-((116.4*116.4*ACOS((116.4-(2*116.4-BX23))/116.4))-((116.4-(2*116.4-BX23))*SQRT(2*116.4*(2*116.4-BX23)-((2*116.4-BX23)*(2*116.4-BX23))))))*669.8))/1000 -> 18260.186 | CA23: =IF((BY22-BY23)<0,"0",(BY22-BY23)) -> 0 | CB23: 206004.5 | CC23: =IF((CB23-CB22)<0,"0",(CB23-CB22)) -> 1 | CD23: =CC23*5.71 -> 5.71 | CE23: 35 | CF23: =(CE23*10775)/100 -> 3771.25 | CG23: 35 | CH23: =(CG23*10775)/100 -> 3771.25 | CI23: 38 | CJ23: =(CI23*10775)/100 -> 4094.5 | CK23: =CF23+CH23+CJ23 -> 11637 | CL23: =IF((CK22-CK23+CM22)=CK22,"0",(CK22-CK23+CM22)) -> 107.75 | CN23: 34110.4 | CO23: =IF((CN23-CN22)<0,"0",(CN23-CN22)) -> 0.5 | CP23: =CO23*2.44 -> 1.22 | CQ23: 34300 | CR23: =IF((CQ23-CQ22)<0,"0",(CQ23-CQ22)) -> 0 | CS23: =CR23*2.44 -> 0 | CT23: 10234 | CU23: =IF((CT23-CT22)<0,"0",(CT23-CT22)) -> 0 | CV23: =CU23*6.25 -> 0 | CW23: 832021 | CX23: =IF((CW23-CW22)<0,"0",(CW23-CW22)) -> 0 | CY23: =CX23*3.1 -> 0 | CZ23: 5732.6 | DA23: =IF((CZ23-CZ22)<0,"0",(CZ23-CZ22)) -> 0.9 | DB23: =DA23*2.39 -> 2.151 | DC23: 7415 | DD23: =IF((DC23-DC22)<0,"0",(DC23-DC22)) -> 0 | DE23: =DD23*2.39 -> 0 | DF23: 3838.7 | DG23: =IF((DF23-DF22)<0,"0",(DF23-DF22)) -> 0 | DH23: =DG23*2.39 -> 0 | DI23: 1855.7 | DJ23: =IF((DI23-DI22)<0,"0",(DI23-DI22)) -> 0 | DK23: =DJ23*2.39 -> 0 | DL23: 5078.4 | DM23: =IF((DL23-DL22)<0,"0",(DL23-DL22)) -> 0 | DN23: =DM23*2.39 -> 0 | DO23: 4451.7 | DP23: =IF((DO23-DO22)<0,"0",(DO23-DO22)) -> 0 | DQ23: =DP23*2.39 -> 0 | DR23: 5086.1 | DS23: =IF((DR23-DR22)<0,"0",(DR23-DR22)) -> 0 | DT23: =DS23*2.39 -> 0 | DU23: 4320.7 | DV23: =IF((DU23-DU22)<0,"0",(DU23-DU22)) -> 0 | DW23: =DV23*2.39 -> 0 | DX23: 12732 | DY23: =IF((DX23-DX22)<0,"0",(DX23-DX22)) -> 0 | DZ23: 61889 | EA23: =IF((DZ23-DZ22)<0,"0",(DZ23-DZ22)) -> 0 | EB23: 15599 | EC23: =IF((EB23-EB22)<0,"0",(EB23-EB22)) -> 0 | ED23: 24594 | EE23: =IF((ED23-ED22)<0,"0",(ED23-ED22)) -> 0 | EF23: 1 | EG23: 9 | EH23: 0.0075
A24: 44033 | B24: 5292809 | C24: =IF((B24-B23)<0,"0",(B24-B23)) -> 4057 | D24: 4637206 | E24: =IF((D24-D23)<0,"0",(D24-D23)) -> 3645 | F24: =E24/C24 -> 0.89844713 | G24: 238 | H24: 286 | I24: 285707 | J24: =IF((I24-I23)<0,"0",(I24-I23)) -> 0 | K24: 750 | L24: =IF((K25-K23)<0,"0",(K25-K23)) -> 0 | M24: 629908 | N24: =IF((M24-M23)<0,"0",(M24-M23)) -> 0 | O24: 967 | P24: =IF((O24-O23)<0,"0",(O24-O23)) -> 0 | Q24: 2532052 | R24: =IF((Q24-Q23)<0,"0",(Q24-Q23)) -> 31 | S24: 2188574 | T24: =IF((S24-S23)<0,"0",(S24-S23)) -> 79 | U24: 93711 | V24: =IF((U24-U23)<0,"0",(U24-U23)) -> 85 | W24: 100 | X24: 0 | Y24: 152258 | Z24: =IF((Y24-Y23)<0,"0",(Y24-Y23)) -> 0 | AA24: 37985 | AB24: =IF((AA24-AA23)<0,"0",(AA24-AA23)) -> 6 | AC24: 1061 | AD24: =IF((AC24-AC23)<0,"0",(AC24-AC23)) -> 0 | AE24: 3713 | AF24: =IF((AE24-AE23)<0,"0",(AE24-AE23)) -> 0 | AI24: 571560 | AJ24: =IF((AI24-AI23)<0,"0",(AI24-AI23)) -> 20 | AM24: 52035 | AN24: =IF((AM24-AM23)<0,"0",(AM24-AM23)) -> 2 | AO24: 8867 | AP24: =IF((AO24-AO23)<0,"0",(AO24-AO23)) -> 1 | AQ24: 10551 | AR24: =IF((AQ24-AQ23)<0,"0",(AQ24-AQ23)) -> 0 | AS24: 14481 | AT24: =IF((AS24-AS23)<0,"0",(AS24-AS23)) -> 0 | AU24: 19351 | AV24: =IF((AU24-AU23)<0,"0",(AU24-AU23)) -> 0 | AW24: 20660 | AX24: =IF((AW24-AW23)<0,"0",(AW24-AW23)) -> 0 | AY24: 13831 | AZ24: =IF((AY24-AY23)<0,"0",(AY24-AY23)) -> 0 | BA24: 6153 | BB24: =IF((BA24-BA23)<0,"0",(BA24-BA23)) -> 0 | BC24: 26346 | BD24: =IF((BC24-BC23)<0,"0",(BC24-BC23)) -> 0 | BE24: 1112 | BF24: =IF((BE24-BE23)<0,"0",(BE24-BE23)) -> 0 | BG24: 4304 | BH24: =IF((BG24-BG23)<0,"0",(BG24-BG23)) -> 0 | BI24: 3636 | BJ24: =IF((BI24-BI23)<0,"0",(BI24-BI23)) -> 0 | BK24: =AZ24+AX24+AT24 -> 0 | BL24: =AJ24-BK24 -> 20 | BM24: 595530 | BN24: =IF((BM24-BM23)<0,"0",(BM24-BM23)) -> 40 | BO24: 581 | BP24: =IF((BO24-BO23)<0,"0",(BO24-BO23)) -> 0 | BQ24: 768620 | BR24: =IF((BQ24-BQ23)<0,"0",(BQ24-BQ23)) -> 20 | BS24: 5868 | BT24: =IF((BS24-BS23)<0,"0",(BS24-BS23)) -> 0 | BU24: =BR24-AJ24 -> 0 | BV24: =SUM(BN24, BR24) -> 60 | BW24: =SUM(AN24,AP24,AR24,AT24,AV24,AX24,AZ24,BB24,BF24) -> 3 | BX24: 142.3 | BY24: =(IF(BX24<=116.4,((116.4*116.4*ACOS((116.4-BX24)/116.4))-((116.4-BX24)*SQRT(2*116.4*BX24-BX24*BX24)))*669.8,((3.1416*116.4*116.4)-((116.4*116.4*ACOS((116.4-(2*116.4-BX24))/116.4))-((116.4-(2*116.4-BX24))*SQRT(2*116.4*(2*116.4-BX24)-((2*116.4-BX24)*(2*116.4-BX24))))))*669.8))/1000 -> 18260.186 | CA24: =IF((BY23-BY24)<0,"0",(BY23-BY24)) -> 0 | CB24: 206005.5 | CC24: =IF((CB24-CB23)<0,"0",(CB24-CB23)) -> 1 | CD24: =CC24*5.71 -> 5.71 | CE24: 35 | CF24: =(CE24*10775)/100 -> 3771.25 | CG24: 35 | CH24: =(CG24*10775)/100 -> 3771.25 | CI24: 38 | CJ24: =(CI24*10775)/100 -> 4094.5 | CK24: =CF24+CH24+CJ24 -> 11637 | CL24: =IF((CK23-CK24+CM23)=CK23,"0",(CK23-CK24+CM23)) -> 0 | CN24: 34111.3 | CO24: =IF((CN24-CN23)<0,"0",(CN24-CN23)) -> 0.9 | CP24: =CO24*2.44 -> 2.196 | CQ24: 34300 | CR24: =IF((CQ24-CQ23)<0,"0",(CQ24-CQ23)) -> 0 | CS24: =CR24*2.44 -> 0 | CT24: 10234 | CU24: =IF((CT24-CT23)<0,"0",(CT24-CT23)) -> 0 | CV24: =CU24*6.25 -> 0 | CW24: 832021 | CX24: =IF((CW24-CW23)<0,"0",(CW24-CW23)) -> 0 | CY24: =CX24*3.1 -> 0 | CZ24: 5733.3 | DA24: =IF((CZ24-CZ23)<0,"0",(CZ24-CZ23)) -> 0.7 | DB24: =DA24*2.39 -> 1.673 | DC24: 7415 | DD24: =IF((DC24-DC23)<0,"0",(DC24-DC23)) -> 0 | DE24: =DD24*2.39 -> 0 | DF24: 3838.7 | DG24: =IF((DF24-DF23)<0,"0",(DF24-DF23)) -> 0 | DH24: =DG24*2.39 -> 0 | DI24: 1855.7 | DJ24: =IF((DI24-DI23)<0,"0",(DI24-DI23)) -> 0 | DK24: =DJ24*2.39 -> 0 | DL24: 5078.4 | DM24: =IF((DL24-DL23)<0,"0",(DL24-DL23)) -> 0 | DN24: =DM24*2.39 -> 0 | DO24: 4451.7 | DP24: =IF((DO24-DO23)<0,"0",(DO24-DO23)) -> 0 | DQ24: =DP24*2.39 -> 0 | DR24: 5086.1 | DS24: =IF((DR24-DR23)<0,"0",(DR24-DR23)) -> 0 | DT24: =DS24*2.39 -> 0 | DU24: 4320.7 | DV24: =IF((DU24-DU23)<0,"0",(DU24-DU23)) -> 0 | DW24: =DV24*2.39 -> 0 | DX24: 12732 | DY24: =IF((DX24-DX23)<0,"0",(DX24-DX23)) -> 0 | DZ24: 61889 | EA24: =IF((DZ24-DZ23)<0,"0",(DZ24-DZ23)) -> 0 | EB24: 15599 | EC24: =IF((EB24-EB23)<0,"0",(EB24-EB23)) -> 0 | ED24: 24594 | EE24: =IF((ED24-ED23)<0,"0",(ED24-ED23)) -> 0 | EF24: 1 | EG24: 9 | EH24: 0.0075
A25: 44034 | B25: 5296540 | C25: =IF((B25-B24)<0,"0",(B25-B24)) -> 3731 | D25: 4640627 | E25: =IF((D25-D24)<0,"0",(D25-D24)) -> 3421 | F25: =E25/C25 -> 0.91691236 | G25: 238 | H25: 286 | I25: 285707 | J25: =IF((I25-I24)<0,"0",(I25-I24)) -> 0 | K25: 750 | L25: =IF((K26-K24)<0,"0",(K26-K24)) -> 0 | M25: 629908 | N25: =IF((M25-M24)<0,"0",(M25-M24)) -> 0 | O25: 967 | P25: =IF((O25-O24)<0,"0",(O25-O24)) -> 0 | Q25: 2532141 | R25: =IF((Q25-Q24)<0,"0",(Q25-Q24)) -> 89 | S25: 2188663 | T25: =IF((S25-S24)<0,"0",(S25-S24)) -> 89 | U25: 93785 | V25: =IF((U25-U24)<0,"0",(U25-U24)) -> 74 | W25: 100 | X25: 0 | Y25: 152258 | Z25: =IF((Y25-Y24)<0,"0",(Y25-Y24)) -> 0 | AA25: 37996 | AB25: =IF((AA25-AA24)<0,"0",(AA25-AA24)) -> 11 | AC25: 1061 | AD25: =IF((AC25-AC24)<0,"0",(AC25-AC24)) -> 0 | AE25: 3713 | AF25: =IF((AE25-AE24)<0,"0",(AE25-AE24)) -> 0 | AI25: 571630 | AJ25: =IF((AI25-AI24)<0,"0",(AI25-AI24)) -> 70 | AM25: 52036 | AN25: =IF((AM25-AM24)<0,"0",(AM25-AM24)) -> 1 | AO25: 8867 | AP25: =IF((AO25-AO24)<0,"0",(AO25-AO24)) -> 0 | AQ25: 10551 | AR25: =IF((AQ25-AQ24)<0,"0",(AQ25-AQ24)) -> 0 | AS25: 14481 | AT25: =IF((AS25-AS24)<0,"0",(AS25-AS24)) -> 0 | AU25: 19353 | AV25: =IF((AU25-AU24)<0,"0",(AU25-AU24)) -> 2 | AW25: 20660 | AX25: =IF((AW25-AW24)<0,"0",(AW25-AW24)) -> 0 | AY25: 13831 | AZ25: =IF((AY25-AY24)<0,"0",(AY25-AY24)) -> 0 | BA25: 6153 | BB25: =IF((BA25-BA24)<0,"0",(BA25-BA24)) -> 0 | BC25: 26347 | BD25: =IF((BC25-BC24)<0,"0",(BC25-BC24)) -> 1 | BE25: 1112 | BF25: =IF((BE25-BE24)<0,"0",(BE25-BE24)) -> 0 | BG25: 4305 | BH25: =IF((BG25-BG24)<0,"0",(BG25-BG24)) -> 1 | BI25: 3636 | BJ25: =IF((BI25-BI24)<0,"0",(BI25-BI24)) -> 0 | BK25: =AZ25+AX25+AT25 -> 0 | BL25: =AJ25-BK25 -> 70 | BM25: 595570 | BN25: =IF((BM25-BM24)<0,"0",(BM25-BM24)) -> 40 | BO25: 581 | BP25: =IF((BO25-BO24)<0,"0",(BO25-BO24)) -> 0 | BQ25: 768690 | BR25: =IF((BQ25-BQ24)<0,"0",(BQ25-BQ24)) -> 70 | BS25: 5868 | BT25: =IF((BS25-BS24)<0,"0",(BS25-BS24)) -> 0 | BU25: =BR25-AJ25 -> 0 | BV25: =SUM(BN25, BR25) -> 110 | BW25: =SUM(AN25,AP25,AR25,AT25,AV25,AX25,AZ25,BB25,BF25) -> 3 | BX25: 142.3 | BY25: =(IF(BX25<=116.4,((116.4*116.4*ACOS((116.4-BX25)/116.4))-((116.4-BX25)*SQRT(2*116.4*BX25-BX25*BX25)))*669.8,((3.1416*116.4*116.4)-((116.4*116.4*ACOS((116.4-(2*116.4-BX25))/116.4))-((116.4-(2*116.4-BX25))*SQRT(2*116.4*(2*116.4-BX25)-((2*116.4-BX25)*(2*116.4-BX25))))))*669.8))/1000 -> 18260.186 | CA25: =IF((BY24-BY25)<0,"0",(BY24-BY25)) -> 0 | CB25: 206006.5 | CC25: =IF((CB25-CB24)<0,"0",(CB25-CB24)) -> 1 | CD25: =CC25*5.71 -> 5.71 | CE25: 35 | CF25: =(CE25*10775)/100 -> 3771.25 | CG25: 35 | CH25: =(CG25*10775)/100 -> 3771.25 | CI25: 38 | CJ25: =(CI25*10775)/100 -> 4094.5 | CK25: =CF25+CH25+CJ25 -> 11637 | CL25: =IF((CK24-CK25+CM24)=CK24,"0",(CK24-CK25+CM24)) -> 0 | CN25: 34111.3 | CO25: =IF((CN25-CN24)<0,"0",(CN25-CN24)) -> 0 | CP25: =CO25*2.44 -> 0 | CQ25: 34300 | CR25: =IF((CQ25-CQ24)<0,"0",(CQ25-CQ24)) -> 0 | CS25: =CR25*2.44 -> 0 | CT25: 10234 | CU25: =IF((CT25-CT24)<0,"0",(CT25-CT24)) -> 0 | CV25: =CU25*6.25 -> 0 | CW25: 832021 | CX25: =IF((CW25-CW24)<0,"0",(CW25-CW24)) -> 0 | CY25: =CX25*3.1 -> 0 | CZ25: 5734.2 | DA25: =IF((CZ25-CZ24)<0,"0",(CZ25-CZ24)) -> 0.9 | DB25: =DA25*2.39 -> 2.151 | DC25: 7415 | DD25: =IF((DC25-DC24)<0,"0",(DC25-DC24)) -> 0 | DE25: =DD25*2.39 -> 0 | DF25: 3838.7 | DG25: =IF((DF25-DF24)<0,"0",(DF25-DF24)) -> 0 | DH25: =DG25*2.39 -> 0 | DI25: 1855.7 | DJ25: =IF((DI25-DI24)<0,"0",(DI25-DI24)) -> 0 | DK25: =DJ25*2.39 -> 0 | DL25: 5078.4 | DM25: =IF((DL25-DL24)<0,"0",(DL25-DL24)) -> 0 | DN25: =DM25*2.39 -> 0 | DO25: 4451.7 | DP25: =IF((DO25-DO24)<0,"0",(DO25-DO24)) -> 0 | DQ25: =DP25*2.39 -> 0 | DR25: 5086.1 | DS25: =IF((DR25-DR24)<0,"0",(DR25-DR24)) -> 0 | DT25: =DS25*2.39 -> 0 | DU25: 4320.7 | DV25: =IF((DU25-DU24)<0,"0",(DU25-DU24)) -> 0 | DW25: =DV25*2.39 -> 0 | DX25: 12732 | DY25: =IF((DX25-DX24)<0,"0",(DX25-DX24)) -> 0 | DZ25: 61889 | EA25: =IF((DZ25-DZ24)<0,"0",(DZ25-DZ24)) -> 0 | EB25: 15599 | EC25: =IF((EB25-EB24)<0,"0",(EB25-EB24)) -> 0 | ED25: 24594 | EE25: =IF((ED25-ED24)<0,"0",(ED25-ED24)) -> 0 | EF25: 1 | EG25: 9 | EH25: 0.0075
A26: 44035 | B26: 5300352 | C26: =IF((B26-B25)<0,"0",(B26-B25)) -> 3812 | D26: 4644131 | E26: =IF((D26-D25)<0,"0",(D26-D25)) -> 3504 | F26: =E26/C26 -> 0.91920252 | G26: 238 | H26: 286 | I26: 285707 | J26: =IF((I26-I25)<0,"0",(I26-I25)) -> 0 | K26: 750 | L26: =IF((K27-K25)<0,"0",(K27-K25)) -> 0 | M26: 629908 | N26: =IF((M26-M25)<0,"0",(M26-M25)) -> 0 | O26: 967 | P26: =IF((O26-O25)<0,"0",(O26-O25)) -> 0 | Q26: 2532170 | R26: =IF((Q26-Q25)<0,"0",(Q26-Q25)) -> 29 | S26: 2188701 | T26: =IF((S26-S25)<0,"0",(S26-S25)) -> 38 | U26: 93849 | V26: =IF((U26-U25)<0,"0",(U26-U25)) -> 64 | W26: 100 | X26: 0 | Y26: 152258 | Z26: =IF((Y26-Y25)<0,"0",(Y26-Y25)) -> 0 | AA26: 38001 | AB26: =IF((AA26-AA25)<0,"0",(AA26-AA25)) -> 5 | AC26: 1063 | AD26: =IF((AC26-AC25)<0,"0",(AC26-AC25)) -> 2 | AE26: 3713 | AF26: =IF((AE26-AE25)<0,"0",(AE26-AE25)) -> 0 | AI26: 571650 | AJ26: =IF((AI26-AI25)<0,"0",(AI26-AI25)) -> 20 | AM26: 52037 | AN26: =IF((AM26-AM25)<0,"0",(AM26-AM25)) -> 1 | AO26: 8867 | AP26: =IF((AO26-AO25)<0,"0",(AO26-AO25)) -> 0 | AQ26: 10551 | AR26: =IF((AQ26-AQ25)<0,"0",(AQ26-AQ25)) -> 0 | AS26: 14482 | AT26: =IF((AS26-AS25)<0,"0",(AS26-AS25)) -> 1 | AU26: 19353 | AV26: =IF((AU26-AU25)<0,"0",(AU26-AU25)) -> 0 | AW26: 20660 | AX26: =IF((AW26-AW25)<0,"0",(AW26-AW25)) -> 0 | AY26: 13831 | AZ26: =IF((AY26-AY25)<0,"0",(AY26-AY25)) -> 0 | BA26: 6153 | BB26: =IF((BA26-BA25)<0,"0",(BA26-BA25)) -> 0 | BC26: 26347 | BD26: =IF((BC26-BC25)<0,"0",(BC26-BC25)) -> 0 | BE26: 1112 | BF26: =IF((BE26-BE25)<0,"0",(BE26-BE25)) -> 0 | BG26: 4305 | BH26: =IF((BG26-BG25)<0,"0",(BG26-BG25)) -> 0 | BI26: 3636 | BJ26: =IF((BI26-BI25)<0,"0",(BI26-BI25)) -> 0 | BK26: =AZ26+AX26+AT26 -> 1 | BL26: =AJ26-BK26 -> 19 | BM26: 595590 | BN26: =IF((BM26-BM25)<0,"0",(BM26-BM25)) -> 20 | BO26: 581 | BP26: =IF((BO26-BO25)<0,"0",(BO26-BO25)) -> 0 | BQ26: 768720 | BR26: =IF((BQ26-BQ25)<0,"0",(BQ26-BQ25)) -> 30 | BS26: 5868 | BT26: =IF((BS26-BS25)<0,"0",(BS26-BS25)) -> 0 | BU26: =BR26-AJ26 -> 10 | BV26: =SUM(BN26, BR26) -> 50 | BW26: =SUM(AN26,AP26,AR26,AT26,AV26,AX26,AZ26,BB26,BF26) -> 2 | BX26: 142.3 | BY26: =(IF(BX26<=116.4,((116.4*116.4*ACOS((116.4-BX26)/116.4))-((116.4-BX26)*SQRT(2*116.4*BX26-BX26*BX26)))*669.8,((3.1416*116.4*116.4)-((116.4*116.4*ACOS((116.4-(2*116.4-BX26))/116.4))-((116.4-(2*116.4-BX26))*SQRT(2*116.4*(2*116.4-BX26)-((2*116.4-BX26)*(2*116.4-BX26))))))*669.8))/1000 -> 18260.186 | CA26: =IF((BY25-BY26)<0,"0",(BY25-BY26)) -> 0 | CB26: 206007.8 | CC26: =IF((CB26-CB25)<0,"0",(CB26-CB25)) -> 1.3 | CD26: =CC26*5.71 -> 7.423 | CE26: 35 | CF26: =(CE26*10775)/100 -> 3771.25 | CG26: 35 | CH26: =(CG26*10775)/100 -> 3771.25 | CI26: 37 | CJ26: =(CI26*10775)/100 -> 3986.75 | CK26: =CF26+CH26+CJ26 -> 11529.25 | CL26: =IF((CK25-CK26+CM25)=CK25,"0",(CK25-CK26+CM25)) -> 107.75 | CN26: 34114.3 | CO26: =IF((CN26-CN25)<0,"0",(CN26-CN25)) -> 3 | CP26: =CO26*2.44 -> 7.32 | CQ26: 34300 | CR26: =IF((CQ26-CQ25)<0,"0",(CQ26-CQ25)) -> 0 | CS26: =CR26*2.44 -> 0 | CT26: 10234 | CU26: =IF((CT26-CT25)<0,"0",(CT26-CT25)) -> 0 | CV26: =CU26*6.25 -> 0 | CW26: 832021 | CX26: =IF((CW26-CW25)<0,"0",(CW26-CW25)) -> 0 | CY26: =CX26*3.1 -> 0 | CZ26: 5735.2 | DA26: =IF((CZ26-CZ25)<0,"0",(CZ26-CZ25)) -> 1 | DB26: =DA26*2.39 -> 2.39 | DC26: 7415 | DD26: =IF((DC26-DC25)<0,"0",(DC26-DC25)) -> 0 | DE26: =DD26*2.39 -> 0 | DF26: 3838.7 | DG26: =IF((DF26-DF25)<0,"0",(DF26-DF25)) -> 0 | DH26: =DG26*2.39 -> 0 | DI26: 1855.7 | DJ26: =IF((DI26-DI25)<0,"0",(DI26-DI25)) -> 0 | DK26: =DJ26*2.39 -> 0 | DL26: 5078.4 | DM26: =IF((DL26-DL25)<0,"0",(DL26-DL25)) -> 0 | DN26: =DM26*2.39 -> 0 | DO26: 4451.7 | DP26: =IF((DO26-DO25)<0,"0",(DO26-DO25)) -> 0 | DQ26: =DP26*2.39 -> 0 | DR26: 5086.1 | DS26: =IF((DR26-DR25)<0,"0",(DR26-DR25)) -> 0 | DT26: =DS26*2.39 -> 0 | DU26: 4320.7 | DV26: =IF((DU26-DU25)<0,"0",(DU26-DU25)) -> 0 | DW26: =DV26*2.39 -> 0 | DX26: 12732 | DY26: =IF((DX26-DX25)<0,"0",(DX26-DX25)) -> 0 | DZ26: 61889 | EA26: =IF((DZ26-DZ25)<0,"0",(DZ26-DZ25)) -> 0 | EB26: 15599 | EC26: =IF((EB26-EB25)<0,"0",(EB26-EB25)) -> 0 | ED26: 24594 | EE26: =IF((ED26-ED25)<0,"0",(ED26-ED25)) -> 0 | EF26: 1 | EG26: 9 | EH26: 0.0075
A27: 44036 | B27: 5304108 | C27: =IF((B27-B26)<0,"0",(B27-B26)) -> 3756 | D27: 4647564 | E27: =IF((D27-D26)<0,"0",(D27-D26)) -> 3433 | F27: =E27/C27 -> 0.91400426 | G27: 238 | H27: 286 | I27: 285707 | J27: =IF((I27-I26)<0,"0",(I27-I26)) -> 0 | K27: 750 | L27: =IF((K28-K26)<0,"0",(K28-K26)) -> 0 | M27: 629908 | N27: =IF((M27-M26)<0,"0",(M27-M26)) -> 0 | O27: 967 | P27: =IF((O27-O26)<0,"0",(O27-O26)) -> 0 | Q27: 2532260 | R27: =IF((Q27-Q26)<0,"0",(Q27-Q26)) -> 90 | S27: 2188776 | T27: =IF((S27-S26)<0,"0",(S27-S26)) -> 75 | U27: 93971 | V27: =IF((U27-U26)<0,"0",(U27-U26)) -> 122 | W27: 100 | X27: 0 | Y27: 152258 | Z27: =IF((Y27-Y26)<0,"0",(Y27-Y26)) -> 0 | AA27: 38012 | AB27: =IF((AA27-AA26)<0,"0",(AA27-AA26)) -> 11 | AC27: 1063 | AD27: =IF((AC27-AC26)<0,"0",(AC27-AC26)) -> 0 | AE27: 3726 | AF27: =IF((AE27-AE26)<0,"0",(AE27-AE26)) -> 13 | AI27: 571690 | AJ27: =IF((AI27-AI26)<0,"0",(AI27-AI26)) -> 40 | AM27: 52038 | AN27: =IF((AM27-AM26)<0,"0",(AM27-AM26)) -> 1 | AO27: 8867 | AP27: =IF((AO27-AO26)<0,"0",(AO27-AO26)) -> 0 | AQ27: 10551 | AR27: =IF((AQ27-AQ26)<0,"0",(AQ27-AQ26)) -> 0 | AS27: 14482 | AT27: =IF((AS27-AS26)<0,"0",(AS27-AS26)) -> 0 | AU27: 19353 | AV27: =IF((AU27-AU26)<0,"0",(AU27-AU26)) -> 0 | AW27: 20660 | AX27: =IF((AW27-AW26)<0,"0",(AW27-AW26)) -> 0 | AY27: 13831 | AZ27: =IF((AY27-AY26)<0,"0",(AY27-AY26)) -> 0 | BA27: 6153 | BB27: =IF((BA27-BA26)<0,"0",(BA27-BA26)) -> 0 | BC27: 26347 | BD27: =IF((BC27-BC26)<0,"0",(BC27-BC26)) -> 0 | BE27: 1112 | BF27: =IF((BE27-BE26)<0,"0",(BE27-BE26)) -> 0 | BG27: 4305 | BH27: =IF((BG27-BG26)<0,"0",(BG27-BG26)) -> 0 | BI27: 3636 | BJ27: =IF((BI27-BI26)<0,"0",(BI27-BI26)) -> 0 | BK27: =AZ27+AX27+AT27 -> 0 | BL27: =AJ27-BK27 -> 40 | BM27: 595610 | BN27: =IF((BM27-BM26)<0,"0",(BM27-BM26)) -> 20 | BO27: 581 | BP27: =IF((BO27-BO26)<0,"0",(BO27-BO26)) -> 0 | BQ27: 768760 | BR27: =IF((BQ27-BQ26)<0,"0",(BQ27-BQ26)) -> 40 | BS27: 5868 | BT27: =IF((BS27-BS26)<0,"0",(BS27-BS26)) -> 0 | BU27: =BR27-AJ27 -> 0 | BV27: =SUM(BN27, BR27) -> 60 | BW27: =SUM(AN27,AP27,AR27,AT27,AV27,AX27,AZ27,BB27,BF27) -> 1 | BX27: 142.3 | BY27: =(IF(BX27<=116.4,((116.4*116.4*ACOS((116.4-BX27)/116.4))-((116.4-BX27)*SQRT(2*116.4*BX27-BX27*BX27)))*669.8,((3.1416*116.4*116.4)-((116.4*116.4*ACOS((116.4-(2*116.4-BX27))/116.4))-((116.4-(2*116.4-BX27))*SQRT(2*116.4*(2*116.4-BX27)-((2*116.4-BX27)*(2*116.4-BX27))))))*669.8))/1000 -> 18260.186 | CA27: =IF((BY26-BY27)<0,"0",(BY26-BY27)) -> 0 | CB27: 206008.7 | CC27: =IF((CB27-CB26)<0,"0",(CB27-CB26)) -> 0.9 | CD27: =CC27*5.71 -> 5.139 | CE27: 35 | CF27: =(CE27*10775)/100 -> 3771.25 | CG27: 35 | CH27: =(CG27*10775)/100 -> 3771.25 | CI27: 36 | CJ27: =(CI27*10775)/100 -> 3879 | CK27: =CF27+CH27+CJ27 -> 11421.5 | CL27: =IF((CK26-CK27+CM26)=CK26,"0",(CK26-CK27+CM26)) -> 107.75 | CN27: 34114.9 | CO27: =IF((CN27-CN26)<0,"0",(CN27-CN26)) -> 0.6 | CP27: =CO27*2.44 -> 1.464 | CQ27: 34300 | CR27: =IF((CQ27-CQ26)<0,"0",(CQ27-CQ26)) -> 0 | CS27: =CR27*2.44 -> 0 | CT27: 10234 | CU27: =IF((CT27-CT26)<0,"0",(CT27-CT26)) -> 0 | CV27: =CU27*6.25 -> 0 | CW27: 832021 | CX27: =IF((CW27-CW26)<0,"0",(CW27-CW26)) -> 0 | CY27: =CX27*3.1 -> 0 | CZ27: 5735.9 | DA27: =IF((CZ27-CZ26)<0,"0",(CZ27-CZ26)) -> 0.7 | DB27: =DA27*2.39 -> 1.673 | DC27: 7415 | DD27: =IF((DC27-DC26)<0,"0",(DC27-DC26)) -> 0 | DE27: =DD27*2.39 -> 0 | DF27: 3838.7 | DG27: =IF((DF27-DF26)<0,"0",(DF27-DF26)) -> 0 | DH27: =DG27*2.39 -> 0 | DI27: 1855.7 | DJ27: =IF((DI27-DI26)<0,"0",(DI27-DI26)) -> 0 | DK27: =DJ27*2.39 -> 0 | DL27: 5078.4 | DM27: =IF((DL27-DL26)<0,"0",(DL27-DL26)) -> 0 | DN27: =DM27*2.39 -> 0 | DO27: 4451.7 | DP27: =IF((DO27-DO26)<0,"0",(DO27-DO26)) -> 0 | DQ27: =DP27*2.39 -> 0 | DR27: 5086.1 | DS27: =IF((DR27-DR26)<0,"0",(DR27-DR26)) -> 0 | DT27: =DS27*2.39 -> 0 | DU27: 4320.7 | DV27: =IF((DU27-DU26)<0,"0",(DU27-DU26)) -> 0 | DW27: =DV27*2.39 -> 0 | DX27: 12732 | DY27: =IF((DX27-DX26)<0,"0",(DX27-DX26)) -> 0 | DZ27: 61889 | EA27: =IF((DZ27-DZ26)<0,"0",(DZ27-DZ26)) -> 0 | EB27: 15599 | EC27: =IF((EB27-EB26)<0,"0",(EB27-EB26)) -> 0 | ED27: 24594 | EE27: =IF((ED27-ED26)<0,"0",(ED27-ED26)) -> 0 | EF27: 1 | EG27: 9 | EH27: 0.0075
A28: 44037 | B28: 5307777 | C28: =IF((B28-B27)<0,"0",(B28-B27)) -> 3669 | D28: 4650774 | E28: =IF((D28-D27)<0,"0",(D28-D27)) -> 3210 | F28: =E28/C28 -> 0.87489779 | G28: 238 | H28: 286 | I28: 285707 | J28: =IF((I28-I27)<0,"0",(I28-I27)) -> 0 | K28: 750 | L28: =IF((K29-K27)<0,"0",(K29-K27)) -> 0 | M28: 629908 | N28: =IF((M28-M27)<0,"0",(M28-M27)) -> 0 | O28: 967 | P28: =IF((O28-O27)<0,"0",(O28-O27)) -> 0 | Q28: 2532285 | R28: =IF((Q28-Q27)<0,"0",(Q28-Q27)) -> 25 | S28: 2188799 | T28: =IF((S28-S27)<0,"0",(S28-S27)) -> 23 | U28: 94004 | V28: =IF((U28-U27)<0,"0",(U28-U27)) -> 33 | W28: 95 | X28: 0 | Y28: 152258 | Z28: =IF((Y28-Y27)<0,"0",(Y28-Y27)) -> 0 | AA28: 38016 | AB28: =IF((AA28-AA27)<0,"0",(AA28-AA27)) -> 4 | AC28: 1063 | AD28: =IF((AC28-AC27)<0,"0",(AC28-AC27)) -> 0 | AE28: 3726 | AF28: =IF((AE28-AE27)<0,"0",(AE28-AE27)) -> 0 | AI28: 571750 | AJ28: =IF((AI28-AI27)<0,"0",(AI28-AI27)) -> 60 | AM28: 52038 | AN28: =IF((AM28-AM27)<0,"0",(AM28-AM27)) -> 0 | AO28: 8867 | AP28: =IF((AO28-AO27)<0,"0",(AO28-AO27)) -> 0 | AQ28: 10551 | AR28: =IF((AQ28-AQ27)<0,"0",(AQ28-AQ27)) -> 0 | AS28: 14482 | AT28: =IF((AS28-AS27)<0,"0",(AS28-AS27)) -> 0 | AU28: 19353 | AV28: =IF((AU28-AU27)<0,"0",(AU28-AU27)) -> 0 | AW28: 20660 | AX28: =IF((AW28-AW27)<0,"0",(AW28-AW27)) -> 0 | AY28: 13831 | AZ28: =IF((AY28-AY27)<0,"0",(AY28-AY27)) -> 0 | BA28: 6153 | BB28: =IF((BA28-BA27)<0,"0",(BA28-BA27)) -> 0 | BC28: 26347 | BD28: =IF((BC28-BC27)<0,"0",(BC28-BC27)) -> 0 | BE28: 1112 | BF28: =IF((BE28-BE27)<0,"0",(BE28-BE27)) -> 0 | BG28: 4306 | BH28: =IF((BG28-BG27)<0,"0",(BG28-BG27)) -> 1 | BI28: 3636 | BJ28: =IF((BI28-BI27)<0,"0",(BI28-BI27)) -> 0 | BK28: =AZ28+AX28+AT28 -> 0 | BL28: =AJ28-BK28 -> 60 | BM28: 595620 | BN28: =IF((BM28-BM27)<0,"0",(BM28-BM27)) -> 10 | BO28: 581 | BP28: =IF((BO28-BO27)<0,"0",(BO28-BO27)) -> 0 | BQ28: 768820 | BR28: =IF((BQ28-BQ27)<0,"0",(BQ28-BQ27)) -> 60 | BS28: 5868 | BT28: =IF((BS28-BS27)<0,"0",(BS28-BS27)) -> 0 | BU28: =BR28-AJ28 -> 0 | BV28: =SUM(BN28, BR28) -> 70 | BW28: =SUM(AN28,AP28,AR28,AT28,AV28,AX28,AZ28,BB28,BF28) -> 0 | BX28: 142.3 | BY28: =(IF(BX28<=116.4,((116.4*116.4*ACOS((116.4-BX28)/116.4))-((116.4-BX28)*SQRT(2*116.4*BX28-BX28*BX28)))*669.8,((3.1416*116.4*116.4)-((116.4*116.4*ACOS((116.4-(2*116.4-BX28))/116.4))-((116.4-(2*116.4-BX28))*SQRT(2*116.4*(2*116.4-BX28)-((2*116.4-BX28)*(2*116.4-BX28))))))*669.8))/1000 -> 18260.186 | CA28: =IF((BY27-BY28)<0,"0",(BY27-BY28)) -> 0 | CB28: 206009.2 | CC28: =IF((CB28-CB27)<0,"0",(CB28-CB27)) -> 0.5 | CD28: =CC28*5.71 -> 2.855 | CE28: 34 | CF28: =(CE28*10775)/100 -> 3663.5 | CG28: 35 | CH28: =(CG28*10775)/100 -> 3771.25 | CI28: 36 | CJ28: =(CI28*10775)/100 -> 3879 | CK28: =CF28+CH28+CJ28 -> 11313.75 | CL28: =IF((CK27-CK28+CM27)=CK27,"0",(CK27-CK28+CM27)) -> 107.75 | CN28: 34115.5 | CO28: =IF((CN28-CN27)<0,"0",(CN28-CN27)) -> 0.6 | CP28: =CO28*2.44 -> 1.464 | CQ28: 34300 | CR28: =IF((CQ28-CQ27)<0,"0",(CQ28-CQ27)) -> 0 | CS28: =CR28*2.44 -> 0 | CT28: 10234 | CU28: =IF((CT28-CT27)<0,"0",(CT28-CT27)) -> 0 | CV28: =CU28*6.25 -> 0 | CW28: 832021 | CX28: =IF((CW28-CW27)<0,"0",(CW28-CW27)) -> 0 | CY28: =CX28*3.1 -> 0 | CZ28: 5736.3 | DA28: =IF((CZ28-CZ27)<0,"0",(CZ28-CZ27)) -> 0.4 | DB28: =DA28*2.39 -> 0.956 | DC28: 7415 | DD28: =IF((DC28-DC27)<0,"0",(DC28-DC27)) -> 0 | DE28: =DD28*2.39 -> 0 | DF28: 3838.7 | DG28: =IF((DF28-DF27)<0,"0",(DF28-DF27)) -> 0 | DH28: =DG28*2.39 -> 0 | DI28: 1855.7 | DJ28: =IF((DI28-DI27)<0,"0",(DI28-DI27)) -> 0 | DK28: =DJ28*2.39 -> 0 | DL28: 5078.4 | DM28: =IF((DL28-DL27)<0,"0",(DL28-DL27)) -> 0 | DN28: =DM28*2.39 -> 0 | DO28: 4451.7 | DP28: =IF((DO28-DO27)<0,"0",(DO28-DO27)) -> 0 | DQ28: =DP28*2.39 -> 0 | DR28: 5086.1 | DS28: =IF((DR28-DR27)<0,"0",(DR28-DR27)) -> 0 | DT28: =DS28*2.39 -> 0 | DU28: 4320.7 | DV28: =IF((DU28-DU27)<0,"0",(DU28-DU27)) -> 0 | DW28: =DV28*2.39 -> 0 | DX28: 12732 | DY28: =IF((DX28-DX27)<0,"0",(DX28-DX27)) -> 0 | DZ28: 61889 | EA28: =IF((DZ28-DZ27)<0,"0",(DZ28-DZ27)) -> 0 | EB28: 15599 | EC28: =IF((EB28-EB27)<0,"0",(EB28-EB27)) -> 0 | ED28: 24594 | EE28: =IF((ED28-ED27)<0,"0",(ED28-ED27)) -> 0 | EF28: 1 | EG28: 9 | EH28: 0.0075
A29: 44038 | B29: 5311630 | C29: =IF((B29-B28)<0,"0",(B29-B28)) -> 3853 | D29: 4654321 | E29: =IF((D29-D28)<0,"0",(D29-D28)) -> 3547 | F29: =E29/C29 -> 0.92058137 | G29: 238 | H29: 286 | I29: 285707 | J29: =IF((I29-I28)<0,"0",(I29-I28)) -> 0 | K29: 750 | L29: =IF((K30-K28)<0,"0",(K30-K28)) -> 0 | M29: 629908 | N29: =IF((M29-M28)<0,"0",(M29-M28)) -> 0 | O29: 967 | P29: =IF((O29-O28)<0,"0",(O29-O28)) -> 0 | Q29: 2532338 | R29: =IF((Q29-Q28)<0,"0",(Q29-Q28)) -> 53 | S29: 2188866 | T29: =IF((S29-S28)<0,"0",(S29-S28)) -> 67 | U29: 94078 | V29: =IF((U29-U28)<0,"0",(U29-U28)) -> 74 | W29: 100 | X29: 0 | Y29: 152258 | Z29: =IF((Y29-Y28)<0,"0",(Y29-Y28)) -> 0 | AA29: 38024 | AB29: =IF((AA29-AA28)<0,"0",(AA29-AA28)) -> 8 | AC29: 1063 | AD29: =IF((AC29-AC28)<0,"0",(AC29-AC28)) -> 0 | AE29: 3726 | AF29: =IF((AE29-AE28)<0,"0",(AE29-AE28)) -> 0 | AI29: 571790 | AJ29: =IF((AI29-AI28)<0,"0",(AI29-AI28)) -> 40 | AM29: 52039 | AN29: =IF((AM29-AM28)<0,"0",(AM29-AM28)) -> 1 | AO29: 8867 | AP29: =IF((AO29-AO28)<0,"0",(AO29-AO28)) -> 0 | AQ29: 10551 | AR29: =IF((AQ29-AQ28)<0,"0",(AQ29-AQ28)) -> 0 | AS29: 14482 | AT29: =IF((AS29-AS28)<0,"0",(AS29-AS28)) -> 0 | AU29: 19353 | AV29: =IF((AU29-AU28)<0,"0",(AU29-AU28)) -> 0 | AW29: 20660 | AX29: =IF((AW29-AW28)<0,"0",(AW29-AW28)) -> 0 | AY29: 13831 | AZ29: =IF((AY29-AY28)<0,"0",(AY29-AY28)) -> 0 | BA29: 6153 | BB29: =IF((BA29-BA28)<0,"0",(BA29-BA28)) -> 0 | BC29: 26348 | BD29: =IF((BC29-BC28)<0,"0",(BC29-BC28)) -> 1 | BE29: 1112 | BF29: =IF((BE29-BE28)<0,"0",(BE29-BE28)) -> 0 | BG29: 4306 | BH29: =IF((BG29-BG28)<0,"0",(BG29-BG28)) -> 0 | BI29: 3636 | BJ29: =IF((BI29-BI28)<0,"0",(BI29-BI28)) -> 0 | BK29: =AZ29+AX29+AT29 -> 0 | BL29: =AJ29-BK29 -> 40 | BM29: 595630 | BN29: =IF((BM29-BM28)<0,"0",(BM29-BM28)) -> 10 | BO29: 581 | BP29: =IF((BO29-BO28)<0,"0",(BO29-BO28)) -> 0 | BQ29: 768870 | BR29: =IF((BQ29-BQ28)<0,"0",(BQ29-BQ28)) -> 50 | BS29: 5868 | BT29: =IF((BS29-BS28)<0,"0",(BS29-BS28)) -> 0 | BU29: =BR29-AJ29 -> 10 | BV29: =SUM(BN29, BR29) -> 60 | BW29: =SUM(AN29,AP29,AR29,AT29,AV29,AX29,AZ29,BB29,BF29) -> 1 | BX29: 142.3 | BY29: =(IF(BX29<=116.4,((116.4*116.4*ACOS((116.4-BX29)/116.4))-((116.4-BX29)*SQRT(2*116.4*BX29-BX29*BX29)))*669.8,((3.1416*116.4*116.4)-((116.4*116.4*ACOS((116.4-(2*116.4-BX29))/116.4))-((116.4-(2*116.4-BX29))*SQRT(2*116.4*(2*116.4-BX29)-((2*116.4-BX29)*(2*116.4-BX29))))))*669.8))/1000 -> 18260.186 | CA29: =IF((BY28-BY29)<0,"0",(BY28-BY29)) -> 0 | CB29: 206009.2 | CC29: =IF((CB29-CB28)<0,"0",(CB29-CB28)) -> 0 | CD29: =CC29*5.71 -> 0 | CE29: 34 | CF29: =(CE29*10775)/100 -> 3663.5 | CG29: 34 | CH29: =(CG29*10775)/100 -> 3663.5 | CI29: 36 | CJ29: =(CI29*10775)/100 -> 3879 | CK29: =CF29+CH29+CJ29 -> 11206 | CL29: =IF((CK28-CK29+CM28)=CK28,"0",(CK28-CK29+CM28)) -> 107.75 | CN29: 34115.7 | CO29: =IF((CN29-CN28)<0,"0",(CN29-CN28)) -> 0.2 | CP29: =CO29*2.44 -> 0.488 | CQ29: 34300 | CR29: =IF((CQ29-CQ28)<0,"0",(CQ29-CQ28)) -> 0 | CS29: =CR29*2.44 -> 0 | CT29: 10234 | CU29: =IF((CT29-CT28)<0,"0",(CT29-CT28)) -> 0 | CV29: =CU29*6.25 -> 0 | CW29: 832021 | CX29: =IF((CW29-CW28)<0,"0",(CW29-CW28)) -> 0 | CY29: =CX29*3.1 -> 0 | CZ29: 5736.3 | DA29: =IF((CZ29-CZ28)<0,"0",(CZ29-CZ28)) -> 0 | DB29: =DA29*2.39 -> 0 | DC29: 7415 | DD29: =IF((DC29-DC28)<0,"0",(DC29-DC28)) -> 0 | DE29: =DD29*2.39 -> 0 | DF29: 3838.7 | DG29: =IF((DF29-DF28)<0,"0",(DF29-DF28)) -> 0 | DH29: =DG29*2.39 -> 0 | DI29: 1855.7 | DJ29: =IF((DI29-DI28)<0,"0",(DI29-DI28)) -> 0 | DK29: =DJ29*2.39 -> 0 | DL29: 5078.4 | DM29: =IF((DL29-DL28)<0,"0",(DL29-DL28)) -> 0 | DN29: =DM29*2.39 -> 0 | DO29: 4451.7 | DP29: =IF((DO29-DO28)<0,"0",(DO29-DO28)) -> 0 | DQ29: =DP29*2.39 -> 0 | DR29: 5086.1 | DS29: =IF((DR29-DR28)<0,"0",(DR29-DR28)) -> 0 | DT29: =DS29*2.39 -> 0 | DU29: 4320.7 | DV29: =IF((DU29-DU28)<0,"0",(DU29-DU28)) -> 0 | DW29: =DV29*2.39 -> 0 | DX29: 12732 | DY29: =IF((DX29-DX28)<0,"0",(DX29-DX28)) -> 0 | DZ29: 61889 | EA29: =IF((DZ29-DZ28)<0,"0",(DZ29-DZ28)) -> 0 | EB29: 15599 | EC29: =IF((EB29-EB28)<0,"0",(EB29-EB28)) -> 0 | ED29: 24594 | EE29: =IF((ED29-ED28)<0,"0",(ED29-ED28)) -> 0 | EF29: 1 | EG29: 9 | EH29: 0.0075
A30: 44039 | B30: 5315454 | C30: =IF((B30-B29)<0,"0",(B30-B29)) -> 3824 | D30: 4657825 | E30: =IF((D30-D29)<0,"0",(D30-D29)) -> 3504 | F30: =E30/C30 -> 0.91631799 | G30: 238 | H30: 286 | I30: 285707 | J30: =IF((I30-I29)<0,"0",(I30-I29)) -> 0 | K30: 750 | L30: =IF((K31-K29)<0,"0",(K31-K29)) -> 0 | M30: 629912 | N30: =IF((M30-M29)<0,"0",(M30-M29)) -> 4 | O30: 968 | P30: =IF((O30-O29)<0,"0",(O30-O29)) -> 1 | Q30: 2532433 | R30: =IF((Q30-Q29)<0,"0",(Q30-Q29)) -> 95 | S30: 2188934 | T30: =IF((S30-S29)<0,"0",(S30-S29)) -> 68 | U30: 94156 | V30: =IF((U30-U29)<0,"0",(U30-U29)) -> 78 | W30: 100 | X30: 0 | Y30: 152258 | Z30: =IF((Y30-Y29)<0,"0",(Y30-Y29)) -> 0 | AA30: 38033 | AB30: =IF((AA30-AA29)<0,"0",(AA30-AA29)) -> 9 | AC30: 1063 | AD30: =IF((AC30-AC29)<0,"0",(AC30-AC29)) -> 0 | AE30: 3726 | AF30: =IF((AE30-AE29)<0,"0",(AE30-AE29)) -> 0 | AI30: 571860 | AJ30: =IF((AI30-AI29)<0,"0",(AI30-AI29)) -> 70 | AM30: 52040 | AN30: =IF((AM30-AM29)<0,"0",(AM30-AM29)) -> 1 | AO30: 8867 | AP30: =IF((AO30-AO29)<0,"0",(AO30-AO29)) -> 0 | AQ30: 10551 | AR30: =IF((AQ30-AQ29)<0,"0",(AQ30-AQ29)) -> 0 | AS30: 14482 | AT30: =IF((AS30-AS29)<0,"0",(AS30-AS29)) -> 0 | AU30: 19353 | AV30: =IF((AU30-AU29)<0,"0",(AU30-AU29)) -> 0 | AW30: 20660 | AX30: =IF((AW30-AW29)<0,"0",(AW30-AW29)) -> 0 | AY30: 13831 | AZ30: =IF((AY30-AY29)<0,"0",(AY30-AY29)) -> 0 | BA30: 6153 | BB30: =IF((BA30-BA29)<0,"0",(BA30-BA29)) -> 0 | BC30: 26348 | BD30: =IF((BC30-BC29)<0,"0",(BC30-BC29)) -> 0 | BE30: 1112 | BF30: =IF((BE30-BE29)<0,"0",(BE30-BE29)) -> 0 | BG30: 4306 | BH30: =IF((BG30-BG29)<0,"0",(BG30-BG29)) -> 0 | BI30: 3636 | BJ30: =IF((BI30-BI29)<0,"0",(BI30-BI29)) -> 0 | BK30: =AZ30+AX30+AT30 -> 0 | BL30: =AJ30-BK30 -> 70 | BM30: 595640 | BN30: =IF((BM30-BM29)<0,"0",(BM30-BM29)) -> 10 | BO30: 581 | BP30: =IF((BO30-BO29)<0,"0",(BO30-BO29)) -> 0 | BQ30: 768940 | BR30: =IF((BQ30-BQ29)<0,"0",(BQ30-BQ29)) -> 70 | BS30: 5868 | BT30: =IF((BS30-BS29)<0,"0",(BS30-BS29)) -> 0 | BU30: =BR30-AJ30 -> 0 | BV30: =SUM(BN30, BR30) -> 80 | BW30: =SUM(AN30,AP30,AR30,AT30,AV30,AX30,AZ30,BB30,BF30) -> 1 | BX30: 142.3 | BY30: =(IF(BX30<=116.4,((116.4*116.4*ACOS((116.4-BX30)/116.4))-((116.4-BX30)*SQRT(2*116.4*BX30-BX30*BX30)))*669.8,((3.1416*116.4*116.4)-((116.4*116.4*ACOS((116.4-(2*116.4-BX30))/116.4))-((116.4-(2*116.4-BX30))*SQRT(2*116.4*(2*116.4-BX30)-((2*116.4-BX30)*(2*116.4-BX30))))))*669.8))/1000 -> 18260.186 | CA30: =IF((BY29-BY30)<0,"0",(BY29-BY30)) -> 0 | CB30: 206011 | CC30: =IF((CB30-CB29)<0,"0",(CB30-CB29)) -> 1.8 | CD30: =CC30*5.71 -> 10.278 | CE30: 34 | CF30: =(CE30*10775)/100 -> 3663.5 | CG30: 33 | CH30: =(CG30*10775)/100 -> 3555.75 | CI30: 36 | CJ30: =(CI30*10775)/100 -> 3879 | CK30: =CF30+CH30+CJ30 -> 11098.25 | CL30: =IF((CK29-CK30+CM29)=CK29,"0",(CK29-CK30+CM29)) -> 107.75 | CN30: 34117.1 | CO30: =IF((CN30-CN29)<0,"0",(CN30-CN29)) -> 1.4 | CP30: =CO30*2.44 -> 3.416 | CQ30: 34300 | CR30: =IF((CQ30-CQ29)<0,"0",(CQ30-CQ29)) -> 0 | CS30: =CR30*2.44 -> 0 | CT30: 10234 | CU30: =IF((CT30-CT29)<0,"0",(CT30-CT29)) -> 0 | CV30: =CU30*6.25 -> 0 | CW30: 832021 | CX30: =IF((CW30-CW29)<0,"0",(CW30-CW29)) -> 0 | CY30: =CX30*3.1 -> 0 | CZ30: 5737.2 | DA30: =IF((CZ30-CZ29)<0,"0",(CZ30-CZ29)) -> 0.9 | DB30: =DA30*2.39 -> 2.151 | DC30: 7415 | DD30: =IF((DC30-DC29)<0,"0",(DC30-DC29)) -> 0 | DE30: =DD30*2.39 -> 0 | DF30: 3838.7 | DG30: =IF((DF30-DF29)<0,"0",(DF30-DF29)) -> 0 | DH30: =DG30*2.39 -> 0 | DI30: 1855.7 | DJ30: =IF((DI30-DI29)<0,"0",(DI30-DI29)) -> 0 | DK30: =DJ30*2.39 -> 0 | DL30: 5078.4 | DM30: =IF((DL30-DL29)<0,"0",(DL30-DL29)) -> 0 | DN30: =DM30*2.39 -> 0 | DO30: 4451.7 | DP30: =IF((DO30-DO29)<0,"0",(DO30-DO29)) -> 0 | DQ30: =DP30*2.39 -> 0 | DR30: 5086.1 | DS30: =IF((DR30-DR29)<0,"0",(DR30-DR29)) -> 0 | DT30: =DS30*2.39 -> 0 | DU30: 4320.7 | DV30: =IF((DU30-DU29)<0,"0",(DU30-DU29)) -> 0 | DW30: =DV30*2.39 -> 0 | DX30: 12732 | DY30: =IF((DX30-DX29)<0,"0",(DX30-DX29)) -> 0 | DZ30: 61889 | EA30: =IF((DZ30-DZ29)<0,"0",(DZ30-DZ29)) -> 0 | EB30: 15599 | EC30: =IF((EB30-EB29)<0,"0",(EB30-EB29)) -> 0 | ED30: 24594 | EE30: =IF((ED30-ED29)<0,"0",(ED30-ED29)) -> 0 | EF30: 1 | EG30: 9 | EH30: 0.0075
A31: 44040 | B31: 5319393 | C31: =IF((B31-B30)<0,"0",(B31-B30)) -> 3939 | D31: 4661443 | E31: =IF((D31-D30)<0,"0",(D31-D30)) -> 3618 | F31: =E31/C31 -> 0.91850724 | G31: 238 | H31: 286 | I31: 285707 | J31: =IF((I31-I30)<0,"0",(I31-I30)) -> 0 | K31: 750 | L31: =IF((K32-K30)<0,"0",(K32-K30)) -> 0 | M31: 629912 | N31: =IF((M31-M30)<0,"0",(M31-M30)) -> 0 | O31: 968 | P31: =IF((O31-O30)<0,"0",(O31-O30)) -> 0 | Q31: 2532614 | R31: =IF((Q31-Q30)<0,"0",(Q31-Q30)) -> 181 | S31: 2188996 | T31: =IF((S31-S30)<0,"0",(S31-S30)) -> 62 | U31: 94226 | V31: =IF((U31-U30)<0,"0",(U31-U30)) -> 70 | W31: 100 | X31: 0 | Y31: 152258 | Z31: =IF((Y31-Y30)<0,"0",(Y31-Y30)) -> 0 | AA31: 38040 | AB31: =IF((AA31-AA30)<0,"0",(AA31-AA30)) -> 7 | AC31: 1065 | AD31: =IF((AC31-AC30)<0,"0",(AC31-AC30)) -> 2 | AE31: 3735 | AF31: =IF((AE31-AE30)<0,"0",(AE31-AE30)) -> 9 | AI31: 571890 | AJ31: =IF((AI31-AI30)<0,"0",(AI31-AI30)) -> 30 | AM31: 52040 | AN31: =IF((AM31-AM30)<0,"0",(AM31-AM30)) -> 0 | AO31: 8867 | AP31: =IF((AO31-AO30)<0,"0",(AO31-AO30)) -> 0 | AQ31: 10551 | AR31: =IF((AQ31-AQ30)<0,"0",(AQ31-AQ30)) -> 0 | AS31: 14482 | AT31: =IF((AS31-AS30)<0,"0",(AS31-AS30)) -> 0 | AU31: 19353 | AV31: =IF((AU31-AU30)<0,"0",(AU31-AU30)) -> 0 | AW31: 20660 | AX31: =IF((AW31-AW30)<0,"0",(AW31-AW30)) -> 0 | AY31: 13831 | AZ31: =IF((AY31-AY30)<0,"0",(AY31-AY30)) -> 0 | BA31: 6153 | BB31: =IF((BA31-BA30)<0,"0",(BA31-BA30)) -> 0 | BC31: 26348 | BD31: =IF((BC31-BC30)<0,"0",(BC31-BC30)) -> 0 | BE31: 1112 | BF31: =IF((BE31-BE30)<0,"0",(BE31-BE30)) -> 0 | BG31: 4307 | BH31: =IF((BG31-BG30)<0,"0",(BG31-BG30)) -> 1 | BI31: 3636 | BJ31: =IF((BI31-BI30)<0,"0",(BI31-BI30)) -> 0 | BK31: =AZ31+AX31+AT31 -> 0 | BL31: =AJ31-BK31 -> 30 | BM31: 595660 | BN31: =IF((BM31-BM30)<0,"0",(BM31-BM30)) -> 20 | BO31: 581 | BP31: =IF((BO31-BO30)<0,"0",(BO31-BO30)) -> 0 | BQ31: 768970 | BR31: =IF((BQ31-BQ30)<0,"0",(BQ31-BQ30)) -> 30 | BS31: 5868 | BT31: =IF((BS31-BS30)<0,"0",(BS31-BS30)) -> 0 | BU31: =BR31-AJ31 -> 0 | BV31: =SUM(BN31, BR31) -> 50 | BW31: =SUM(AN31,AP31,AR31,AT31,AV31,AX31,AZ31,BB31,BF31) -> 0 | BX31: 142.3 | BY31: =(IF(BX31<=116.4,((116.4*116.4*ACOS((116.4-BX31)/116.4))-((116.4-BX31)*SQRT(2*116.4*BX31-BX31*BX31)))*669.8,((3.1416*116.4*116.4)-((116.4*116.4*ACOS((116.4-(2*116.4-BX31))/116.4))-((116.4-(2*116.4-BX31))*SQRT(2*116.4*(2*116.4-BX31)-((2*116.4-BX31)*(2*116.4-BX31))))))*669.8))/1000 -> 18260.186 | CA31: =IF((BY30-BY31)<0,"0",(BY30-BY31)) -> 0 | CB31: 206011.3 | CC31: =IF((CB31-CB30)<0,"0",(CB31-CB30)) -> 0.3 | CD31: =CC31*5.71 -> 1.713 | CE31: 34 | CF31: =(CE31*10775)/100 -> 3663.5 | CG31: 33 | CH31: =(CG31*10775)/100 -> 3555.75 | CI31: 36 | CJ31: =(CI31*10775)/100 -> 3879 | CK31: =CF31+CH31+CJ31 -> 11098.25 | CL31: =IF((CK30-CK31+CM30)=CK30,"0",(CK30-CK31+CM30)) -> 0 | CN31: 34117.2 | CO31: =IF((CN31-CN30)<0,"0",(CN31-CN30)) -> 0.1 | CP31: =CO31*2.44 -> 0.244 | CQ31: 34300 | CR31: =IF((CQ31-CQ30)<0,"0",(CQ31-CQ30)) -> 0 | CS31: =CR31*2.44 -> 0 | CT31: 10234 | CU31: =IF((CT31-CT30)<0,"0",(CT31-CT30)) -> 0 | CV31: =CU31*6.25 -> 0 | CW31: 832021 | CX31: =IF((CW31-CW30)<0,"0",(CW31-CW30)) -> 0 | CY31: =CX31*3.1 -> 0 | CZ31: 5737.8 | DA31: =IF((CZ31-CZ30)<0,"0",(CZ31-CZ30)) -> 0.6 | DB31: =DA31*2.39 -> 1.434 | DC31: 7415 | DD31: =IF((DC31-DC30)<0,"0",(DC31-DC30)) -> 0 | DE31: =DD31*2.39 -> 0 | DF31: 3838.7 | DG31: =IF((DF31-DF30)<0,"0",(DF31-DF30)) -> 0 | DH31: =DG31*2.39 -> 0 | DI31: 1855.7 | DJ31: =IF((DI31-DI30)<0,"0",(DI31-DI30)) -> 0 | DK31: =DJ31*2.39 -> 0 | DL31: 5078.4 | DM31: =IF((DL31-DL30)<0,"0",(DL31-DL30)) -> 0 | DN31: =DM31*2.39 -> 0 | DO31: 4451.7 | DP31: =IF((DO31-DO30)<0,"0",(DO31-DO30)) -> 0 | DQ31: =DP31*2.39 -> 0 | DR31: 5086.1 | DS31: =IF((DR31-DR30)<0,"0",(DR31-DR30)) -> 0 | DT31: =DS31*2.39 -> 0 | DU31: 4320.7 | DV31: =IF((DU31-DU30)<0,"0",(DU31-DU30)) -> 0 | DW31: =DV31*2.39 -> 0 | DX31: 12732 | DY31: =IF((DX31-DX30)<0,"0",(DX31-DX30)) -> 0 | DZ31: 61889 | EA31: =IF((DZ31-DZ30)<0,"0",(DZ31-DZ30)) -> 0 | EB31: 15599 | EC31: =IF((EB31-EB30)<0,"0",(EB31-EB30)) -> 0 | ED31: 24594 | EE31: =IF((ED31-ED30)<0,"0",(ED31-ED30)) -> 0 | EF31: 1 | EG31: 9 | EH31: 0.0075
A32: 44041 | B32: 5323172 | C32: =IF((B32-B31)<0,"0",(B32-B31)) -> 3779 | D32: 4664881 | E32: =IF((D32-D31)<0,"0",(D32-D31)) -> 3438 | F32: =E32/C32 -> 0.90976449 | G32: 238 | H32: 286 | I32: 285707 | J32: =IF((I32-I31)<0,"0",(I32-I31)) -> 0 | K32: 750 | L32: =IF((K32-K31)<0,"0",(K32-K31)) -> 0 | M32: 629912 | N32: =IF((M32-M31)<0,"0",(M32-M31)) -> 0 | O32: 968 | P32: =IF((O32-O31)<0,"0",(O32-O31)) -> 0 | Q32: 2532813 | R32: =IF((Q32-Q31)<0,"0",(Q32-Q31)) -> 199 | S32: 2189054 | T32: =IF((S32-S31)<0,"0",(S32-S31)) -> 58 | U32: 94294 | V32: =IF((U32-U31)<0,"0",(U32-U31)) -> 68 | W32: 100 | X32: 0 | Y32: 152258 | Z32: =IF((Y32-Y31)<0,"0",(Y32-Y31)) -> 0 | AA32: 38047 | AB32: =IF((AA32-AA31)<0,"0",(AA32-AA31)) -> 7 | AC32: 1065 | AD32: =IF((AC32-AC31)<0,"0",(AC32-AC31)) -> 0 | AE32: 3735 | AF32: =IF((AE32-AE31)<0,"0",(AE32-AE31)) -> 0 | AI32: 571940 | AJ32: =IF((AI32-AI31)<0,"0",(AI32-AI31)) -> 50 | AM32: 52041 | AN32: =IF((AM32-AM31)<0,"0",(AM32-AM31)) -> 1 | AO32: 8867 | AP32: =IF((AO32-AO31)<0,"0",(AO32-AO31)) -> 0 | AQ32: 10551 | AR32: =IF((AQ32-AQ31)<0,"0",(AQ32-AQ31)) -> 0 | AS32: 14482 | AT32: =IF((AS32-AS31)<0,"0",(AS32-AS31)) -> 0 | AU32: 19353 | AV32: =IF((AU32-AU31)<0,"0",(AU32-AU31)) -> 0 | AW32: 20660 | AX32: =IF((AW32-AW31)<0,"0",(AW32-AW31)) -> 0 | AY32: 13831 | AZ32: =IF((AY32-AY31)<0,"0",(AY32-AY31)) -> 0 | BA32: 6153 | BB32: =IF((BA32-BA31)<0,"0",(BA32-BA31)) -> 0 | BC32: 26349 | BD32: =IF((BC32-BC31)<0,"0",(BC32-BC31)) -> 1 | BE32: 1112 | BF32: =IF((BE32-BE31)<0,"0",(BE32-BE31)) -> 0 | BG32: 4307 | BH32: =IF((BG32-BG31)<0,"0",(BG32-BG31)) -> 0 | BI32: 3636 | BJ32: =IF((BI32-BI31)<0,"0",(BI32-BI31)) -> 0 | BK32: =AZ32+AX32+AT32 -> 0 | BL32: =AJ32-BK32 -> 50 | BM32: 595680 | BN32: =IF((BM32-BM31)<0,"0",(BM32-BM31)) -> 20 | BO32: 581 | BP32: =IF((BO32-BO31)<0,"0",(BO32-BO31)) -> 0 | BQ32: 769020 | BR32: =IF((BQ32-BQ31)<0,"0",(BQ32-BQ31)) -> 50 | BS32: 5871 | BT32: =IF((BS32-BS31)<0,"0",(BS32-BS31)) -> 3 | BU32: =BR32-AJ32 -> 0 | BV32: =SUM(BN32, BR32) -> 70 | BW32: =SUM(AN32,AP32,AR32,AT32,AV32,AX32,AZ32,BB32,BF32) -> 1 | BX32: 142.3 | BY32: =(IF(BX32<=116.4,((116.4*116.4*ACOS((116.4-BX32)/116.4))-((116.4-BX32)*SQRT(2*116.4*BX32-BX32*BX32)))*669.8,((3.1416*116.4*116.4)-((116.4*116.4*ACOS((116.4-(2*116.4-BX32))/116.4))-((116.4-(2*116.4-BX32))*SQRT(2*116.4*(2*116.4-BX32)-((2*116.4-BX32)*(2*116.4-BX32))))))*669.8))/1000 -> 18260.186 | CA32: =IF((BY31-BY32)<0,"0",(BY31-BY32)) -> 0 | CB32: 206012.1 | CC32: =IF((CB32-CB31)<0,"0",(CB32-CB31)) -> 0.8 | CD32: =CC32*5.71 -> 4.568 | CE32: 34 | CF32: =(CE32*10775)/100 -> 3663.5 | CG32: 33 | CH32: =(CG32*10775)/100 -> 3555.75 | CI32: 35 | CJ32: =(CI32*10775)/100 -> 3771.25 | CK32: =CF32+CH32+CJ32 -> 10990.5 | CL32: =IF((CK31-CK32+CM31)=CK31,"0",(CK31-CK32+CM31)) -> 107.75 | CN32: 34118.3 | CO32: =IF((CN32-CN31)<0,"0",(CN32-CN31)) -> 1.1 | CP32: =CO32*2.44 -> 2.684 | CQ32: 34300 | CR32: =IF((CQ32-CQ31)<0,"0",(CQ32-CQ31)) -> 0 | CS32: =CR32*2.44 -> 0 | CT32: 10235.2 | CU32: =IF((CT32-CT31)<0,"0",(CT32-CT31)) -> 1.2 | CV32: =CU32*6.25 -> 7.5 | CW32: 832021 | CX32: =IF((CW32-CW31)<0,"0",(CW32-CW31)) -> 0 | CY32: =CX32*3.1 -> 0 | CZ32: 5738.6 | DA32: =IF((CZ32-CZ31)<0,"0",(CZ32-CZ31)) -> 0.8 | DB32: =DA32*2.39 -> 1.912 | DC32: 7415 | DD32: =IF((DC32-DC31)<0,"0",(DC32-DC31)) -> 0 | DE32: =DD32*2.39 -> 0 | DF32: 3838.7 | DG32: =IF((DF32-DF31)<0,"0",(DF32-DF31)) -> 0 | DH32: =DG32*2.39 -> 0 | DI32: 1855.7 | DJ32: =IF((DI32-DI31)<0,"0",(DI32-DI31)) -> 0 | DK32: =DJ32*2.39 -> 0 | DL32: 5078.4 | DM32: =IF((DL32-DL31)<0,"0",(DL32-DL31)) -> 0 | DN32: =DM32*2.39 -> 0 | DO32: 4451.7 | DP32: =IF((DO32-DO31)<0,"0",(DO32-DO31)) -> 0 | DQ32: =DP32*2.39 -> 0 | DR32: 5086.1 | DS32: =IF((DR32-DR31)<0,"0",(DR32-DR31)) -> 0 | DT32: =DS32*2.39 -> 0 | DU32: 4320.7 | DV32: =IF((DU32-DU31)<0,"0",(DU32-DU31)) -> 0 | DW32: =DV32*2.39 -> 0 | DX32: 12732 | DY32: =IF((DX32-DX31)<0,"0",(DX32-DX31)) -> 0 | DZ32: 61889 | EA32: =IF((DZ32-DZ31)<0,"0",(DZ32-DZ31)) -> 0 | EB32: 15599 | EC32: =IF((EB32-EB31)<0,"0",(EB32-EB31)) -> 0 | ED32: 24594 | EE32: =IF((ED32-ED31)<0,"0",(ED32-ED31)) -> 0 | EF32: 1 | EG32: 9 | EH32: 0.0075
A33: 44042 | B33: 5327107 | C33: =IF((B33-B32)<0,"0",(B33-B32)) -> 3935 | D33: 4668508 | E33: =IF((D33-D32)<0,"0",(D33-D32)) -> 3627 | F33: =E33/C33 -> 0.92172808 | G33: 238 | H33: 286 | I33: 285707 | J33: =IF((I33-I32)<0,"0",(I33-I32)) -> 0 | K33: 750 | L33: =IF((K33-K32)<0,"0",(K33-K32)) -> 0 | M33: 629912 | N33: =IF((M33-M32)<0,"0",(M33-M32)) -> 0 | O33: 968 | P33: =IF((O33-O32)<0,"0",(O33-O32)) -> 0 | Q33: 2532995 | R33: =IF((Q33-Q32)<0,"0",(Q33-Q32)) -> 182 | S33: 2189130 | T33: =IF((S33-S32)<0,"0",(S33-S32)) -> 76 | U33: 94365 | V33: =IF((U33-U32)<0,"0",(U33-U32)) -> 71 | W33: 100 | X33: 0 | Y33: 152258 | Z33: =IF((Y33-Y32)<0,"0",(Y33-Y32)) -> 0 | AA33: 38054 | AB33: =IF((AA33-AA32)<0,"0",(AA33-AA32)) -> 7 | AC33: 1065 | AD33: =IF((AC33-AC32)<0,"0",(AC33-AC32)) -> 0 | AE33: 3735 | AF33: =IF((AE33-AE32)<0,"0",(AE33-AE32)) -> 0 | AI33: 571990 | AJ33: =IF((AI33-AI32)<0,"0",(AI33-AI32)) -> 50 | AM33: 52042 | AN33: =IF((AM33-AM32)<0,"0",(AM33-AM32)) -> 1 | AO33: 8867 | AP33: =IF((AO33-AO32)<0,"0",(AO33-AO32)) -> 0 | AQ33: 10551 | AR33: =IF((AQ33-AQ32)<0,"0",(AQ33-AQ32)) -> 0 | AS33: 14482 | AT33: =IF((AS33-AS32)<0,"0",(AS33-AS32)) -> 0 | AU33: 19355 | AV33: =IF((AU33-AU32)<0,"0",(AU33-AU32)) -> 2 | AW33: 20661 | AX33: =IF((AW33-AW32)<0,"0",(AW33-AW32)) -> 1 | AY33: 13831 | AZ33: =IF((AY33-AY32)<0,"0",(AY33-AY32)) -> 0 | BA33: 6154 | BB33: =IF((BA33-BA32)<0,"0",(BA33-BA32)) -> 1 | BC33: 26349 | BD33: =IF((BC33-BC32)<0,"0",(BC33-BC32)) -> 0 | BE33: 1112 | BF33: =IF((BE33-BE32)<0,"0",(BE33-BE32)) -> 0 | BG33: 4307 | BH33: =IF((BG33-BG32)<0,"0",(BG33-BG32)) -> 0 | BI33: 3636 | BJ33: =IF((BI33-BI32)<0,"0",(BI33-BI32)) -> 0 | BK33: =AZ33+AX33+AT33 -> 1 | BL33: =AJ33-BK33 -> 49 | BM33: 595700 | BN33: =IF((BM33-BM32)<0,"0",(BM33-BM32)) -> 20 | BO33: 581 | BP33: =IF((BO33-BO32)<0,"0",(BO33-BO32)) -> 0 | BQ33: 769070 | BR33: =IF((BQ33-BQ32)<0,"0",(BQ33-BQ32)) -> 50 | BS33: 5872 | BT33: =IF((BS33-BS32)<0,"0",(BS33-BS32)) -> 1 | BU33: =BR33-AJ33 -> 0 | BV33: =SUM(BN33, BR33) -> 70 | BW33: =SUM(AN33,AP33,AR33,AT33,AV33,AX33,AZ33,BB33,BF33) -> 5 | BX33: 141 | BY33: =(IF(BX33<=116.4,((116.4*116.4*ACOS((116.4-BX33)/116.4))-((116.4-BX33)*SQRT(2*116.4*BX33-BX33*BX33)))*669.8,((3.1416*116.4*116.4)-((116.4*116.4*ACOS((116.4-(2*116.4-BX33))/116.4))-((116.4-(2*116.4-BX33))*SQRT(2*116.4*(2*116.4-BX33)-((2*116.4-BX33)*(2*116.4-BX33))))))*669.8))/1000 -> 18062.305 | CA33: =IF((BY32-BY33)<0,"0",(BY32-BY33)) -> 197.88033 | CB33: 206012.8 | CC33: =IF((CB33-CB32)<0,"0",(CB33-CB32)) -> 0.7 | CD33: =CC33*5.71 -> 3.997 | CE33: 34 | CF33: =(CE33*10775)/100 -> 3663.5 | CG33: 33 | CH33: =(CG33*10775)/100 -> 3555.75 | CI33: 35 | CJ33: =(CI33*10775)/100 -> 3771.25 | CK33: =CF33+CH33+CJ33 -> 10990.5 | CL33: =IF((CK32-CK33+CM32)=CK32,"0",(CK32-CK33+CM32)) -> 0 | CN33: 34118.9 | CO33: =IF((CN33-CN32)<0,"0",(CN33-CN32)) -> 0.6 | CP33: =CO33*2.44 -> 1.464 | CQ33: 34300 | CR33: =IF((CQ33-CQ32)<0,"0",(CQ33-CQ32)) -> 0 | CS33: =CR33*2.44 -> 0 | CT33: 10235.1 | CU33: =IF((CT33-CT32)<0,"0",(CT33-CT32)) -> 0 | CV33: =CU33*6.25 -> 0 | CW33: 832021 | CX33: =IF((CW33-CW32)<0,"0",(CW33-CW32)) -> 0 | CY33: =CX33*3.1 -> 0 | CZ33: 5739.3 | DA33: =IF((CZ33-CZ32)<0,"0",(CZ33-CZ32)) -> 0.7 | DB33: =DA33*2.39 -> 1.673 | DC33: 7415 | DD33: =IF((DC33-DC32)<0,"0",(DC33-DC32)) -> 0 | DE33: =DD33*2.39 -> 0 | DF33: 3838.7 | DG33: =IF((DF33-DF32)<0,"0",(DF33-DF32)) -> 0 | DH33: =DG33*2.39 -> 0 | DI33: 1855.7 | DJ33: =IF((DI33-DI32)<0,"0",(DI33-DI32)) -> 0 | DK33: =DJ33*2.39 -> 0 | DL33: 5078.4 | DM33: =IF((DL33-DL32)<0,"0",(DL33-DL32)) -> 0 | DN33: =DM33*2.39 -> 0 | DO33: 4451.7 | DP33: =IF((DO33-DO32)<0,"0",(DO33-DO32)) -> 0 | DQ33: =DP33*2.39 -> 0 | DR33: 5086.1 | DS33: =IF((DR33-DR32)<0,"0",(DR33-DR32)) -> 0 | DT33: =DS33*2.39 -> 0 | DU33: 4320.7 | DV33: =IF((DU33-DU32)<0,"0",(DU33-DU32)) -> 0 | DW33: =DV33*2.39 -> 0 | DX33: 12732 | DY33: =IF((DX33-DX32)<0,"0",(DX33-DX32)) -> 0 | DZ33: 61889 | EA33: =IF((DZ33-DZ32)<0,"0",(DZ33-DZ32)) -> 0 | EB33: 15599 | EC33: =IF((EB33-EB32)<0,"0",(EB33-EB32)) -> 0 | ED33: 24594 | EE33: =IF((ED33-ED32)<0,"0",(ED33-ED32)) -> 0 | EF33: 1 | EG33: 9 | EH33: 0.0075
A34: 44043 | B34: 5330790 | C34: =IF((B34-B33)<0,"0",(B34-B33)) -> 3683 | D34: 4671894 | E34: =IF((D34-D33)<0,"0",(D34-D33)) -> 3386 | F34: =E34/C34 -> 0.91935922 | G34: 238 | H34: 296 | I34: 285708 | J34: =IF((I34-I33)<0,"0",(I34-I33)) -> 1 | K34: 750 | L34: =IF((K34-K33)<0,"0",(K34-K33)) -> 0 | M34: 629915 | N34: =IF((M34-M33)<0,"0",(M34-M33)) -> 3 | O34: 968 | P34: =IF((O34-O33)<0,"0",(O34-O33)) -> 0 | Q34: 2533292 | R34: =IF((Q34-Q33)<0,"0",(Q34-Q33)) -> 297 | S34: 2189204 | T34: =IF((S34-S33)<0,"0",(S34-S33)) -> 74 | U34: 94428 | V34: =IF((U34-U33)<0,"0",(U34-U33)) -> 63 | W34: 100 | X34: 0 | Y34: 152258 | Z34: =IF((Y34-Y33)<0,"0",(Y34-Y33)) -> 0 | AA34: 38063 | AB34: =IF((AA34-AA33)<0,"0",(AA34-AA33)) -> 9 | AC34: 1065 | AD34: =IF((AC34-AC33)<0,"0",(AC34-AC33)) -> 0 | AE34: 3735 | AF34: =IF((AE34-AE33)<0,"0",(AE34-AE33)) -> 0 | AI34: 572030 | AJ34: =IF((AI34-AI33)<0,"0",(AI34-AI33)) -> 40 | AM34: 52044 | AN34: =IF((AM34-AM33)<0,"0",(AM34-AM33)) -> 2 | AO34: 8867 | AP34: =IF((AO34-AO33)<0,"0",(AO34-AO33)) -> 0 | AQ34: 10551 | AR34: =IF((AQ34-AQ33)<0,"0",(AQ34-AQ33)) -> 0 | AS34: 14482 | AT34: =IF((AS34-AS33)<0,"0",(AS34-AS33)) -> 0 | AU34: 19355 | AV34: =IF((AU34-AU33)<0,"0",(AU34-AU33)) -> 0 | AW34: 20661 | AX34: =IF((AW34-AW33)<0,"0",(AW34-AW33)) -> 0 | AY34: 13831 | AZ34: =IF((AY34-AY33)<0,"0",(AY34-AY33)) -> 0 | BA34: 6154 | BB34: =IF((BA34-BA33)<0,"0",(BA34-BA33)) -> 0 | BC34: 26349 | BD34: =IF((BC34-BC33)<0,"0",(BC34-BC33)) -> 0 | BE34: 1112 | BF34: =IF((BE34-BE33)<0,"0",(BE34-BE33)) -> 0 | BG34: 4307 | BH34: =IF((BG34-BG33)<0,"0",(BG34-BG33)) -> 0 | BI34: 3636 | BJ34: =IF((BI34-BI33)<0,"0",(BI34-BI33)) -> 0 | BK34: =AZ34+AX34+AT34 -> 0 | BL34: =AJ34-BK34 -> 40 | BM34: 595720 | BN34: =IF((BM34-BM33)<0,"0",(BM34-BM33)) -> 20 | BO34: 581 | BP34: =IF((BO34-BO33)<0,"0",(BO34-BO33)) -> 0 | BQ34: 769110 | BR34: =IF((BQ34-BQ33)<0,"0",(BQ34-BQ33)) -> 40 | BS34: 5872 | BT34: =IF((BS34-BS33)<0,"0",(BS34-BS33)) -> 0 | BU34: =BR34-AJ34 -> 0 | BV34: =SUM(BN34, BR34) -> 60 | BW34: =SUM(AN34,AP34,AR34,AT34,AV34,AX34,AZ34,BB34,BF34) -> 2 | BX34: 141 | BY34: =(IF(BX34<=116.4,((116.4*116.4*ACOS((116.4-BX34)/116.4))-((116.4-BX34)*SQRT(2*116.4*BX34-BX34*BX34)))*669.8,((3.1416*116.4*116.4)-((116.4*116.4*ACOS((116.4-(2*116.4-BX34))/116.4))-((116.4-(2*116.4-BX34))*SQRT(2*116.4*(2*116.4-BX34)-((2*116.4-BX34)*(2*116.4-BX34))))))*669.8))/1000 -> 18062.305 | CA34: =IF((BY33-BY34)<0,"0",(BY33-BY34)) -> 0 | CB34: 206014.4 | CC34: =IF((CB34-CB33)<0,"0",(CB34-CB33)) -> 1.6 | CD34: =CC34*5.71 -> 9.136 | CE34: 33 | CF34: =(CE34*10775)/100 -> 3555.75 | CG34: 33 | CH34: =(CG34*10775)/100 -> 3555.75 | CI34: 35 | CJ34: =(CI34*10775)/100 -> 3771.25 | CK34: =CF34+CH34+CJ34 -> 10882.75 | CL34: =IF((CK33-CK34+CM33)=CK33,"0",(CK33-CK34+CM33)) -> 107.75 | CN34: 34120.9 | CO34: =IF((CN34-CN33)<0,"0",(CN34-CN33)) -> 2 | CP34: =CO34*2.44 -> 4.88 | CQ34: 34300 | CR34: =IF((CQ34-CQ33)<0,"0",(CQ34-CQ33)) -> 0 | CS34: =CR34*2.44 -> 0 | CT34: 10235.1 | CU34: =IF((CT34-CT33)<0,"0",(CT34-CT33)) -> 0 | CV34: =CU34*6.25 -> 0 | CW34: 832021 | CX34: =IF((CW34-CW33)<0,"0",(CW34-CW33)) -> 0 | CY34: =CX34*3.1 -> 0 | CZ34: 5740.4 | DA34: =IF((CZ34-CZ33)<0,"0",(CZ34-CZ33)) -> 1.1 | DB34: =DA34*2.39 -> 2.629 | DC34: 7415 | DD34: =IF((DC34-DC33)<0,"0",(DC34-DC33)) -> 0 | DE34: =DD34*2.39 -> 0 | DF34: 3838.7 | DG34: =IF((DF34-DF33)<0,"0",(DF34-DF33)) -> 0 | DH34: =DG34*2.39 -> 0 | DI34: 1855.7 | DJ34: =IF((DI34-DI33)<0,"0",(DI34-DI33)) -> 0 | DK34: =DJ34*2.39 -> 0 | DL34: 5078.4 | DM34: =IF((DL34-DL33)<0,"0",(DL34-DL33)) -> 0 | DN34: =DM34*2.39 -> 0 | DO34: 4451.7 | DP34: =IF((DO34-DO33)<0,"0",(DO34-DO33)) -> 0 | DQ34: =DP34*2.39 -> 0 | DR34: 5086.1 | DS34: =IF((DR34-DR33)<0,"0",(DR34-DR33)) -> 0 | DT34: =DS34*2.39 -> 0 | DU34: 4320.7 | DV34: =IF((DU34-DU33)<0,"0",(DU34-DU33)) -> 0 | DW34: =DV34*2.39 -> 0 | DX34: 12732 | DY34: =IF((DX34-DX33)<0,"0",(DX34-DX33)) -> 0 | DZ34: 61889 | EA34: =IF((DZ34-DZ33)<0,"0",(DZ34-DZ33)) -> 0 | EB34: 15599 | EC34: =IF((EB34-EB33)<0,"0",(EB34-EB33)) -> 0 | ED34: 24594 | EE34: =IF((ED34-ED33)<0,"0",(ED34-ED33)) -> 0 | EF34: 1 | EG34: 9 | EH34: 0.0075
C35: =SUM(C4:C34) -> 118520 | E35: =SUM(E4:E34) -> 108067 | J35: =SUM(J4:J34) -> 1 | L35: =SUM(L4:L34) -> 0 | N35: =SUM(N4:N34) -> 7 | P35: =SUM(P4:P34) -> 1 | R35: =SUM(R4:R34) -> 2792 | T35: =SUM(T4:T34) -> 1685 | V35: =SUM(V4:V34) -> 2249 | W35: =SUM(W4:W34) -> 3095 | X35: =SUM(X4:X34) -> 0 | Z35: =SUM(Z4:Z34) -> 0 | AB35: =SUM(AB4:AB34) -> 236 | AD35: =SUM(AD4:AD34) -> 7 | AJ35: =SUM(AJ4:AJ34) -> 1390 | AL35: =SUM(AL4:AL34) -> 0 | AN35: =SUM(AN4:AN34) -> 28 | AP35: =SUM(AP4:AP34) -> 7 | AR35: =SUM(AR4:AR34) -> 3 | AT35: =SUM(AT4:AT34) -> 1 | AV35: =SUM(AV4:AV34) -> 6 | AX35: =SUM(AX4:AX34) -> 1 | AZ35: =SUM(AZ4:AZ34) -> 0 | BB35: =SUM(BB4:BB34) -> 2 | BD35: =SUM(BD4:BD34) -> 7 | BF35: =SUM(BF4:BF34) -> 0 | BH35: =SUM(BH4:BH34) -> 4 | BJ35: =IF((BI35-BI34)<0,"0",(BI35-BI34)) -> 0 | BN35: =SUM(BN4:BN34) -> 760 | BP35: =SUM(BP4:BP34) -> 0 | BR35: =SUM(BR4:BR34) -> 1440 | BT35: =SUM(BT4:BT34) -> 6 | BU35: =SUM(BU4:BU34) -> 110 | BV35: =SUM(BV4:BV34) -> 2200 | BW35: =SUM(BW4:BW34) -> 48 | CC35: =SUM(CC4:CC34) -> 128.5 | CD35: =SUM(CD4:CD34) -> 733.735 | CL35: =SUM(CL4:CL34) -> 2586 | CM35: =SUM(CM3:CM34) -> 0 | CP35: =SUM(CP4:CP34) -> 72.468 | CS35: =SUM(CS3:CS34) -> 0 | CV35: =SUM(CV3:CV34) -> 7.5 | CY35: =SUM(CY4:CY34) -> 303.8 | DB35: =SUM(DB4:DB34) -> 50.907 | DE35: =SUM(DE4:DE34) -> 0 | DH35: =SUM(DH4:DH34) -> 145.79 | DK35: =SUM(DK4:DK34) -> 0.0478 | DN35: =SUM(DN4:DN34) -> 0 | DQ35: =SUM(DQ4:DQ34) -> 0 | DT35: =SUM(DT4:DT34) -> 0 | DW35: =SUM(DW4:DW34) -> 0 | EF35: =SUM(EF4:EF34) -> 51 | EG35: =SUM(EG4:EG34) -> 311 | EI35: =SUM(EI4:EI34) -> 0 | EJ35: =SUM(EJ4:EJ34) -> 0

Sheet Sheet1
N3: ='[1]Sep 2019'!R3 -> 2054945
N4: ='[1]Sep 2019'!R4 -> 2055440
N5: ='[1]Sep 2019'!R5 -> 2056149
N6: ='[1]Sep 2019'!R6 -> 2056651
N7: ='[1]Sep 2019'!R7 -> 2057174
N8: ='[1]Sep 2019'!R8 -> 2057715
N9: ='[1]Sep 2019'!R9 -> 2058246
N10: ='[1]Sep 2019'!R10 -> 2058780
N11: ='[1]Sep 2019'!R11 -> 2059332
N12: ='[1]Sep 2019'!R12 -> 2059908
N13: ='[1]Sep 2019'!R13 -> 2060432
N14: ='[1]Sep 2019'!R14 -> 2061086
... N17: ='[1]Sep 2019'!R17 -> 2062731
N18: ='[1]Sep 2019'!R18 -> 2063291 | S18: ='[1]Sep 2019'!W18 -> 7 | DU18: ='[1]Sep 2019'!EA18 -> 0.67
N19: ='[1]Sep 2019'!R19 -> 2063914 | S19: ='[1]Sep 2019'!W19 -> 7 | DU19: ='[1]Sep 2019'!EA19 -> 0.63
N20: ='[1]Sep 2019'!R20 -> 2064501 | S20: ='[1]Sep 2019'!W20 -> 8 | DU20: ='[1]Sep 2019'!EA20 -> 0.69
N21: ='[1]Sep 2019'!R21 -> 2065035 | P21: ='[1]Sep 2019'!T21 -> 426545 | S21: ='[1]Sep 2019'!W21 -> 8 | DU21: ='[1]Sep 2019'!EA21 -> 0.7
B22: ='[1]Sep 2019'!B22 -> 9576003 | D22: ='[1]Sep 2019'!D22 -> 9185016 | G22: ='[1]Sep 2019'!G22 -> 1264 | H22: ='[1]Sep 2019'!$J$22 -> 729 | I22: ='[1]Sep 2019'!I22 -> 0 | J22: 729 | L22: 2321595 | N22: ='[1]Sep 2019'!R22 -> 2065573 | P22: ='[1]Sep 2019'!T22 -> 426720 | R22: ='[1]Sep 2019'!V22 -> 61.7 | S22: ='[1]Sep 2019'!W22 -> 14 | T22: ='[1]Sep 2019'!X22 -> 114723.6 | V22: ='[1]Sep 2019'!BO22 -> 20498 | X22: ='[1]Sep 2019'!Z22 -> 961 | Z22: ='[1]Sep 2019'!AB22 -> 2535 | AD22: ='[1]Sep 2019'!AF22 -> 542040 | AF22: ='[1]Sep 2019'!AH22 -> 48870 | AH22: ='[1]Sep 2019'!AJ22 -> 8302 | CA22: ='[1]Sep 2019'!CG22 -> 24323 | CD22: ='[1]Sep 2019'!CJ22 -> 32962 | CG22: ='[1]Sep 2019'!CM22 -> 6797 | CJ22: ='[1]Sep 2019'!CP22 -> 82233 | CM22: ='[1]Sep 2019'!CS22 -> 4366 | CP22: ='[1]Sep 2019'!CV22 -> 5316 | CS22: ='[1]Sep 2019'!CY22 -> 2440 | CV22: ='[1]Sep 2019'!DB22 -> 1679 | CY22: ='[1]Sep 2019'!DE22 -> 3575 | DB22: ='[1]Sep 2019'!DH22 -> 3444 | DE22: ='[1]Sep 2019'!DK22 -> 3861 | DH22: ='[1]Sep 2019'!DN22 -> 3171 | DK22: ='[1]Sep 2019'!DQ22 -> 112173 | DM22: ='[1]Sep 2019'!DS22 -> 52938 | DO22: ='[1]Sep 2019'!DU22 -> 15019 | DQ22: ='[1]Sep 2019'!DW22 -> 22622 | DU22: ='[1]Sep 2019'!EA22 -> 0.79
B23: ='[1]Sep 2019'!B23 -> 9598864 | C23: =IF((B23-B22)<0,"0",(B23-B22)) -> 22861 | D23: ='[1]Sep 2019'!D23 -> 9207028 | G23: ='[1]Sep 2019'!G23 -> 1264 | J23: 729 | L23: ='[1]Sep 2019'!P23 -> 2322786 | N23: ='[1]Sep 2019'!R23 -> 2066117 | P23: ='[1]Sep 2019'!T23 -> 426872 | R23: ='[1]Sep 2019'!V23 -> 60.9 | S23: ='[1]Sep 2019'!W23 -> 8 | T23: ='[1]Sep 2019'!X23 -> 114934 | V23: ='[1]Sep 2019'!BO23 -> 20580 | X23: ='[1]Sep 2019'!Z23 -> 961 | Z23: ='[1]Sep 2019'!AB23 -> 2538 | AH23: ='[1]Sep 2019'!AJ23 -> 8308 | CA23: ='[1]Sep 2019'!CG23 -> 24343 | CD23: ='[1]Sep 2019'!CJ23 -> 32970 | CG23: ='[1]Sep 2019'!CM23 -> 6824 | CJ23: ='[1]Sep 2019'!CP23 -> 82238 | CM23: ='[1]Sep 2019'!CS23 -> 4381 | CP23: ='[1]Sep 2019'!CV23 -> 5325 | CS23: ='[1]Sep 2019'!CY23 -> 2447 | CV23: ='[1]Sep 2019'!DB23 -> 1680 | CY23: ='[1]Sep 2019'!DE23 -> 3580 | DB23: ='[1]Sep 2019'!DH23 -> 3453 | DE23: ='[1]Sep 2019'!DK23 -> 3871 | DH23: ='[1]Sep 2019'!DN23 -> 3179 | DK23: ='[1]Sep 2019'!DQ23 -> 112173 | DM23: ='[1]Sep 2019'!DS23 -> 52938 | DO23: ='[1]Sep 2019'!DU23 -> 15019 | DQ23: ='[1]Sep 2019'!DW23 -> 22622 | DU23: ='[1]Sep 2019'!EA23 -> 0.83
B24: ='[1]Sep 2019'!B24 -> 9621009 | D24: ='[1]Sep 2019'!D24 -> 9228427 | G24: ='[1]Sep 2019'!G24 -> 1264 | J24: 729 | L24: ='[1]Sep 2019'!P24 -> 2323995 | N24: ='[1]Sep 2019'!R24 -> 2066577 | P24: ='[1]Sep 2019'!T24 -> 426975 | R24: ='[1]Sep 2019'!V24 -> 58.8 | S24: ='[1]Sep 2019'!W24 -> 7 | T24: ='[1]Sep 2019'!X24 -> 115258 | V24: ='[1]Sep 2019'!BO24 -> 20661 | X24: ='[1]Sep 2019'!Z24 -> 961 | Z24: ='[1]Sep 2019'!AB24 -> 2544 | AH24: ='[1]Sep 2019'!AJ24 -> 8312 | CA24: ='[1]Sep 2019'!CG24 -> 24365 | CD24: ='[1]Sep 2019'!CJ24 -> 32980 | CG24: ='[1]Sep 2019'!CM24 -> 6859 | CJ24: ='[1]Sep 2019'!CP24 -> 82243 | CM24: ='[1]Sep 2019'!CS24 -> 4399 | CP24: ='[1]Sep 2019'!CV24 -> 5334 | CS24: ='[1]Sep 2019'!CY24 -> 2454 | CV24: ='[1]Sep 2019'!DB24 -> 1681 | CY24: ='[1]Sep 2019'!DE24 -> 3596 | DB24: ='[1]Sep 2019'!DH24 -> 3463 | DE24: ='[1]Sep 2019'!DK24 -> 3881 | DH24: ='[1]Sep 2019'!DN24 -> 3188 | DK24: ='[1]Sep 2019'!DQ24 -> 112173 | DM24: ='[1]Sep 2019'!DS24 -> 52938 | DO24: ='[1]Sep 2019'!DU24 -> 15019 | DQ24: ='[1]Sep 2019'!DW24 -> 22622 | DU24: ='[1]Sep 2019'!EA24 -> 0.85
B25: ='[1]Sep 2019'!B25 -> 9644072 | D25: ='[1]Sep 2019'!D25 -> 9250623 | G25: ='[1]Sep 2019'!G25 -> 1264 | J25: 729 | L25: ='[1]Sep 2019'!P25 -> 2325704 | N25: ='[1]Sep 2019'!R25 -> 2067069 | P25: ='[1]Sep 2019'!T25 -> 427090 | R25: ='[1]Sep 2019'!V25 -> 61 | S25: ='[1]Sep 2019'!W25 -> 0 | T25: ='[1]Sep 2019'!X25 -> 115479 | V25: ='[1]Sep 2019'!BO25 -> 20744 | X25: ='[1]Sep 2019'!Z25 -> 962 | Z25: ='[1]Sep 2019'!AB25 -> 2544 | AH25: ='[1]Sep 2019'!AJ25 -> 8316 | CA25: ='[1]Sep 2019'!CG25 -> 24389 | CD25: ='[1]Sep 2019'!CJ25 -> 32988 | CG25: ='[1]Sep 2019'!CM25 -> 6890 | CJ25: ='[1]Sep 2019'!CP25 -> 82248 | CM25: ='[1]Sep 2019'!CS25 -> 4415 | CP25: ='[1]Sep 2019'!CV25 -> 5342 | CS25: ='[1]Sep 2019'!CY25 -> 2459 | CV25: ='[1]Sep 2019'!DB25 -> 1682 | CY25: ='[1]Sep 2019'!DE25 -> 3607 | DB25: ='[1]Sep 2019'!DH25 -> 3472 | DE25: ='[1]Sep 2019'!DK25 -> 3890 | DH25: ='[1]Sep 2019'!DN25 -> 3195 | DK25: ='[1]Sep 2019'!DQ25 -> 112173 | DM25: ='[1]Sep 2019'!DS25 -> 52938 | DO25: ='[1]Sep 2019'!DU25 -> 15019 | DQ25: ='[1]Sep 2019'!DW25 -> 22622 | DU25: ='[1]Sep 2019'!EA25 -> 0.85
B26: ='[1]Sep 2019'!B26 -> 9666928 | D26: ='[1]Sep 2019'!D26 -> 9272670 | G26: ='[1]Sep 2019'!G26 -> 1264 | J26: 729 | L26: ='[1]Sep 2019'!P26 -> 2327245 | N26: ='[1]Sep 2019'!R26 -> 2067623 | P26: ='[1]Sep 2019'!T26 -> 427227 | R26: ='[1]Sep 2019'!V26 -> 58.24 | S26: ='[1]Sep 2019'!W26 -> 5 | T26: ='[1]Sep 2019'!X26 -> 115633 | V26: ='[1]Sep 2019'!BO26 -> 20819 | X26: ='[1]Sep 2019'!Z26 -> 962 | Z26: ='[1]Sep 2019'!AB26 -> 2554 | AH26: ='[1]Sep 2019'!AJ26 -> 8321 | CA26: ='[1]Sep 2019'!CG26 -> 24414 | CD26: ='[1]Sep 2019'!CJ26 -> 32998 | CG26: ='[1]Sep 2019'!CM26 -> 6918 | CJ26: ='[1]Sep 2019'!CP26 -> 82257 | CM26: ='[1]Sep 2019'!CS26 -> 4427 | CP26: ='[1]Sep 2019'!CV26 -> 5352 | CS26: ='[1]Sep 2019'!CY26 -> 2465 | CV26: ='[1]Sep 2019'!DB26 -> 1683 | CY26: ='[1]Sep 2019'!DE26 -> 3618 | DB26: ='[1]Sep 2019'!DH26 -> 3482 | DE26: ='[1]Sep 2019'!DK26 -> 3900 | DH26: ='[1]Sep 2019'!DN26 -> 3203 | DK26: ='[1]Sep 2019'!DQ26 -> 112173 | DM26: ='[1]Sep 2019'!DS26 -> 52938 | DO26: ='[1]Sep 2019'!DU26 -> 15019 | DQ26: ='[1]Sep 2019'!DW26 -> 22622 | DU26: ='[1]Sep 2019'!EA26 -> 0.82
B27: ='[1]Sep 2019'!B27 -> 9690612 | D27: ='[1]Sep 2019'!D27 -> 9295412 | G27: ='[1]Sep 2019'!G27 -> 1264 | J27: 729 | L27: ='[1]Sep 2019'!P27 -> 2327908 | N27: ='[1]Sep 2019'!R27 -> 2068165 | P27: ='[1]Sep 2019'!T27 -> 427316 | R27: ='[1]Sep 2019'!V27 -> 50.81 | S27: ='[1]Sep 2019'!W27 -> 10 | T27: ='[1]Sep 2019'!X27 -> 115855 | V27: ='[1]Sep 2019'!BO27 -> 20905 | X27: ='[1]Sep 2019'!Z27 -> 963 | Z27: ='[1]Sep 2019'!AB27 -> 2563 | AH27: ='[1]Sep 2019'!AJ27 -> 8325 | CA27: ='[1]Sep 2019'!CG27 -> 24440 | CD27: ='[1]Sep 2019'!CJ27 -> 33006 | CG27: ='[1]Sep 2019'!CM27 -> 6945 | CJ27: ='[1]Sep 2019'!CP27 -> 82264 | CM27: ='[1]Sep 2019'!CS27 -> 4439 | CP27: ='[1]Sep 2019'!CV27 -> 5361 | CS27: ='[1]Sep 2019'!CY27 -> 2472 | CV27: ='[1]Sep 2019'!DB27 -> 1684 | CY27: ='[1]Sep 2019'!DE27 -> 3629 | DB27: ='[1]Sep 2019'!DH27 -> 3492 | DE27: ='[1]Sep 2019'!DK27 -> 3911 | DH27: ='[1]Sep 2019'!DN27 -> 3212 | DK27: ='[1]Sep 2019'!DQ27 -> 112173 | DM27: ='[1]Sep 2019'!DS27 -> 52938 | DO27: ='[1]Sep 2019'!DU27 -> 15019 | DQ27: ='[1]Sep 2019'!DW27 -> 22622 | DU27: ='[1]Sep 2019'!EA27 -> 0.69
B28: ='[1]Sep 2019'!B28 -> 9714311 | D28: ='[1]Sep 2019'!D28 -> 9318320 | G28: ='[1]Sep 2019'!G28 -> 1264 | J28: 729 | L28: ='[1]Sep 2019'!P28 -> 2329030 | N28: ='[1]Sep 2019'!R28 -> 2068716 | P28: ='[1]Sep 2019'!T28 -> 427432 | R28: ='[1]Sep 2019'!V28 -> 48.5 | S28: ='[1]Sep 2019'!W28 -> 7 | T28: ='[1]Sep 2019'!X28 -> 116109 | V28: ='[1]Sep 2019'!BO28 -> 20989 | X28: ='[1]Sep 2019'!Z28 -> 964 | Z28: ='[1]Sep 2019'!AB28 -> 2563 | AH28: ='[1]Sep 2019'!AJ28 -> 8327 | CA28: ='[1]Sep 2019'!CG28 -> 24494 | CD28: ='[1]Sep 2019'!CJ28 -> 33009 | CG28: ='[1]Sep 2019'!CM28 -> 6963 | CJ28: ='[1]Sep 2019'!CP28 -> 81270 | CM28: ='[1]Sep 2019'!CS28 -> 4453 | CP28: ='[1]Sep 2019'!CV28 -> 5370 | CS28: ='[1]Sep 2019'!CY28 -> 2472.9 | CV28: ='[1]Sep 2019'!DB28 -> 1685 | CY28: ='[1]Sep 2019'!DE28 -> 3640 | DB28: ='[1]Sep 2019'!DH28 -> 3502 | DE28: ='[1]Sep 2019'!DK28 -> 3919 | DH28: ='[1]Sep 2019'!DN28 -> 3220.6 | DK28: ='[1]Sep 2019'!DQ28 -> 112173 | DM28: ='[1]Sep 2019'!DS28 -> 52938 | DO28: ='[1]Sep 2019'!DU28 -> 15019 | DQ28: ='[1]Sep 2019'!DW28 -> 22622 | DU28: ='[1]Sep 2019'!EA28 -> 0.85
B29: ='[1]Sep 2019'!B29 -> 9739019 | D29: ='[1]Sep 2019'!D29 -> 9342039 | G29: ='[1]Sep 2019'!G29 -> 1264 | J29: 729 | L29: ='[1]Sep 2019'!P29 -> 2330162 | N29: ='[1]Sep 2019'!R29 -> 2069255 | P29: ='[1]Sep 2019'!T29 -> 427491 | R29: ='[1]Sep 2019'!V29 -> 46.83 | S29: ='[1]Sep 2019'!W29 -> 9 | T29: ='[1]Sep 2019'!X29 -> 116341 | V29: ='[1]Sep 2019'!BO29 -> 21072 | X29: ='[1]Sep 2019'!Z29 -> 965 | Z29: ='[1]Sep 2019'!AB29 -> 2573 | AH29: ='[1]Sep 2019'!AJ29 -> 8331 | BZ29: 6712 | CA29: ='[1]Sep 2019'!CG29 -> 24546 | CD29: ='[1]Sep 2019'!CJ29 -> 33017 | CG29: ='[1]Sep 2019'!CM29 -> 6987 | CJ29: ='[1]Sep 2019'!CP29 -> 82276 | CM29: ='[1]Sep 2019'!CS29 -> 4464 | CP29: ='[1]Sep 2019'!CV29 -> 5379 | CS29: ='[1]Sep 2019'!CY29 -> 2484 | CV29: ='[1]Sep 2019'!DB29 -> 1686.7 | CY29: ='[1]Sep 2019'!DE29 -> 3650 | DB29: ='[1]Sep 2019'!DH29 -> 3511 | DE29: ='[1]Sep 2019'!DK29 -> 3926 | DH29: ='[1]Sep 2019'!DN29 -> 3227 | DK29: ='[1]Sep 2019'!DQ29 -> 112173 | DM29: ='[1]Sep 2019'!DS29 -> 52938 | DO29: ='[1]Sep 2019'!DU29 -> 15019 | DQ29: ='[1]Sep 2019'!DW29 -> 22622 | DU29: ='[1]Sep 2019'!EA29 -> 0.85
B30: ='[1]Sep 2019'!B30 -> 9764276 | D30: ='[1]Sep 2019'!D30 -> 9369634 | G30: ='[1]Sep 2019'!G30 -> 1264 | J30: 729 | L30: ='[1]Sep 2019'!P30 -> 2331403 | N30: ='[1]Sep 2019'!R30 -> 2069799 | P30: ='[1]Sep 2019'!T30 -> 427500 | R30: ='[1]Sep 2019'!V30 -> 68.42 | S30: ='[1]Sep 2019'!W30 -> 16 | T30: ='[1]Sep 2019'!X30 -> 116799 | V30: ='[1]Sep 2019'!BO30 -> 21156 | X30: ='[1]Sep 2019'!Z30 -> 965 | Z30: ='[1]Sep 2019'!AB30 -> 2583 | AH30: ='[1]Sep 2019'!AJ30 -> 8335 | CA30: ='[1]Sep 2019'!CG30 -> 24606 | CD30: ='[1]Sep 2019'!CJ30 -> 33026 | CG30: ='[1]Sep 2019'!CM30 -> 7009 | CJ30: ='[1]Sep 2019'!CP30 -> 82281 | CM30: ='[1]Sep 2019'!CS30 -> 4477 | CP30: ='[1]Sep 2019'!CV30 -> 5388 | CS30: ='[1]Sep 2019'!CY30 -> 2490 | CV30: ='[1]Sep 2019'!DB30 -> 1687.8 | CY30: ='[1]Sep 2019'!DE30 -> 3659 | DB30: ='[1]Sep 2019'!DH30 -> 3521 | DE30: ='[1]Sep 2019'!DK30 -> 3936 | DH30: ='[1]Sep 2019'!DN30 -> 3235 | DK30: ='[1]Sep 2019'!DQ30 -> 112173 | DM30: ='[1]Sep 2019'!DS30 -> 52938 | DO30: ='[1]Sep 2019'!DU30 -> 15111 | DQ30: ='[1]Sep 2019'!DW30 -> 22622 | DU30: ='[1]Sep 2019'!EA30 -> 0.82
B31: ='[1]Sep 2019'!B31 -> 9788235 | D31: ='[1]Sep 2019'!D31 -> 9389524 | G31: ='[1]Sep 2019'!G31 -> 1264 | J31: 729 | L31: ='[1]Sep 2019'!P31 -> 2332288 | N31: ='[1]Sep 2019'!R31 -> 2070337 | P31: ='[1]Sep 2019'!T31 -> 427708 | R31: ='[1]Sep 2019'!V31 -> 61.73 | S31: ='[1]Sep 2019'!W31 -> 5 | T31: ='[1]Sep 2019'!X31 -> 116939 | V31: ='[1]Sep 2019'!BO31 -> 21234 | X31: ='[1]Sep 2019'!Z31 -> 965 | Z31: ='[1]Sep 2019'!AB31 -> 2585 | AH31: ='[1]Sep 2019'!AJ31 -> 8338 | CA31: ='[1]Sep 2019'!CG31 -> 24663 | CD31: ='[1]Sep 2019'!CJ31 -> 33034 | CG31: ='[1]Sep 2019'!CM31 -> 7031 | CJ31: ='[1]Sep 2019'!CP31 -> 82286 | CM31: ='[1]Sep 2019'!CS31 -> 4486 | CP31: ='[1]Sep 2019'!CV31 -> 5398 | CS31: ='[1]Sep 2019'!CY31 -> 2497 | CV31: ='[1]Sep 2019'!DB31 -> 1688.9 | CY31: ='[1]Sep 2019'!DE31 -> 3669 | DB31: ='[1]Sep 2019'!DH31 -> 3531 | DE31: ='[1]Sep 2019'!DK31 -> 3945 | DH31: ='[1]Sep 2019'!DN31 -> 3242 | DK31: ='[1]Sep 2019'!DQ31 -> 112173 | DM31: ='[1]Sep 2019'!DS31 -> 52938 | DO31: ='[1]Sep 2019'!DU31 -> 15111 | DQ31: ='[1]Sep 2019'!DW31 -> 22622 | DU31: ='[1]Sep 2019'!EA31 -> 0.88
B32: ='[1]Sep 2019'!B32 -> 9813889 | D32: ='[1]Sep 2019'!D32 -> 9414268 | G32: ='[1]Sep 2019'!G32 -> 1264 | J32: 729 | L32: ='[1]Sep 2019'!P32 -> 2333027 | N32: ='[1]Sep 2019'!R32 -> 2070888 | P32: ='[1]Sep 2019'!T32 -> 427772 | R32: ='[1]Sep 2019'!V32 -> 60.13 | S32: ='[1]Sep 2019'!W32 -> 8 | T32: ='[1]Sep 2019'!X32 -> 117024 | V32: ='[1]Sep 2019'!BO32 -> 21378 | X32: ='[1]Sep 2019'!Z32 -> 965 | Z32: ='[1]Sep 2019'!AB32 -> 2606 | AH32: ='[1]Sep 2019'!AJ32 -> 8341 | CA32: ='[1]Sep 2019'!CG32 -> 24718 | CD32: ='[1]Sep 2019'!CJ32 -> 33042 | CG32: ='[1]Sep 2019'!CM32 -> 7053 | CJ32: ='[1]Sep 2019'!CP32 -> 82295 | CM32: ='[1]Sep 2019'!CS32 -> 4497 | CP32: ='[1]Sep 2019'!CV32 -> 5407 | CS32: ='[1]Sep 2019'!CY32 -> 2503 | CV32: ='[1]Sep 2019'!DB32 -> 1690 | CY32: ='[1]Sep 2019'!DE32 -> 3679 | DB32: ='[1]Sep 2019'!DH32 -> 3541 | DE32: ='[1]Sep 2019'!DK32 -> 3955 | DH32: ='[1]Sep 2019'!DN32 -> 3250 | DK32: ='[1]Sep 2019'!DQ32 -> 112173 | DM32: ='[1]Sep 2019'!DS32 -> 52938 | DO32: ='[1]Sep 2019'!DU32 -> 15111 | DQ32: ='[1]Sep 2019'!DW32 -> 22622 | DU32: ='[1]Sep 2019'!EA32 -> 0.77
B33: ='[1]Sep 2019'!B33 -> 9838014 | D33: ='[1]Sep 2019'!D33 -> 9437590 | G33: ='[1]Sep 2019'!G33 -> 1264 | J33: 729 | L33: ='[1]Sep 2019'!P33 -> 2334027 | N33: ='[1]Sep 2019'!R33 -> 2071438 | P33: ='[1]Sep 2019'!T33 -> 427875 | R33: ='[1]Sep 2019'!V33 -> 67.77 | S33: ='[1]Sep 2019'!W33 -> 8 | T33: ='[1]Sep 2019'!X33 -> 117307 | V33: ='[1]Sep 2019'!BO33 -> 21407 | X33: ='[1]Sep 2019'!Z33 -> 966 | Z33: ='[1]Sep 2019'!AB33 -> 2607 | AH33: ='[1]Sep 2019'!AJ33 -> 8343 | CA33: ='[1]Sep 2019'!CG33 -> 24757 | CD33: ='[1]Sep 2019'!CJ33 -> 33050 | CG33: ='[1]Sep 2019'!CM33 -> 7073 | CJ33: ='[1]Sep 2019'!CP33 -> 82301 | CM33: ='[1]Sep 2019'!CS33 -> 4506 | CP33: ='[1]Sep 2019'!CV33 -> 5415 | CS33: ='[1]Sep 2019'!CY33 -> 2506 | CV33: ='[1]Sep 2019'!DB33 -> 1691 | CY33: ='[1]Sep 2019'!DE33 -> 3688 | DB33: ='[1]Sep 2019'!DH33 -> 3550 | DE33: ='[1]Sep 2019'!DK33 -> 3964 | DH33: ='[1]Sep 2019'!DN33 -> 3258 | DK33: ='[1]Sep 2019'!DQ33 -> 114104 | DM33: ='[1]Sep 2019'!DS33 -> 53636 | DO33: ='[1]Sep 2019'!DU33 -> 15139 | DQ33: ='[1]Sep 2019'!DW33 -> 22854 | DU33: ='[1]Sep 2019'!EA33 -> 0.76
B34: ='[1]Sep 2019'!B34 -> 0 | D34: ='[1]Sep 2019'!D34 -> 0 | G34: ='[1]Sep 2019'!G34 -> 0 | J34: 0 | L34: ='[1]Sep 2019'!L34 -> 0 | N34: ='[1]Sep 2019'!R34 -> 0 | O34: ='[1]Sep 2019'!O34 -> 0 | V34: ='[1]Sep 2019'!BO34 -> 0 | AH34: ='[1]Sep 2019'!AJ34 -> 0 | CA34: ='[1]Sep 2019'!CG34 -> 0 | CG34: ='[1]Sep 2019'!CM34 -> 0 | CM34: ='[1]Sep 2019'!CS34 -> 0 | DK34: ='[1]Sep 2019'!DQ34 -> 0 | DU34: ='[1]Sep 2019'!EA34 -> 0
