Workbook

Sheet Total Daily 
A1: Site Name | B1: Day | C1: Month | D1: Year | E1: Total Electricity Kwh | F1: Electricity Tariff ($/Kwh) | G1: LPG (Kg) | H1: LPG $/Kg | I1: District Energy Cooling Kwh | J1: District Energy Cooling $/Kwh | K1: Water Utility Supply (m3) m3 | L1: Water Utility Supply (m3) m3 | M1: Water Utility Supply (m3) $/m3 | N1: Room Nights
A2: Dubai DIFC | B2: 1 | C2: 8 | D2: 2020 | E2: ='08 - 2020'!B8-'08 - 2020'!B7+'08 - 2020'!C8-'08 - 2020'!C7 -> 6445 | F2: 0.118 | G2: =(('08 - 2020'!E8-'08 - 2020'!E7)+('08 - 2020'!F8-'08 - 2020'!F7)+('08 - 2020'!G8-'08 - 2020'!G7))*1.81 -> 71.0968 | H2: 0.99 | I2: ='08 - 2020'!J8-'08 - 2020'!J7 -> 28492 | J2: 0.081 | K2: ='08 - 2020'!H8-'08 - 2020'!H7 -> 0 | L2: ='08 - 2020'!I8-'08 - 2020'!I7 -> 44 | M2: 4.3936294 | N2: 0
A3: Dubai DIFC | B3: =B2+1 -> 2 | C3: 8 | D3: 2020 | E3: ='08 - 2020'!B9-'08 - 2020'!B8+'08 - 2020'!C9-'08 - 2020'!C8 -> 6848 | F3: 0.118 | G3: =(('08 - 2020'!E9-'08 - 2020'!E8)+('08 - 2020'!F9-'08 - 2020'!F8)+('08 - 2020'!G9-'08 - 2020'!G8))*1.81 -> 68.0198 | H3: 0.99 | I3: ='08 - 2020'!J9-'08 - 2020'!J8 -> 31695 | J3: 0.081 | K3: ='08 - 2020'!H9-'08 - 2020'!H8 -> 0 | L3: ='08 - 2020'!I9-'08 - 2020'!I8 -> 50 | M3: 4.3936294 | N3: 0
A4: Dubai DIFC | B4: =B3+1 -> 3 | C4: 8 | D4: 2020 | E4: 0 | F4: 0.118 | G4: 0 | H4: 0.99 | I4: 0 | J4: 0.081 | K4: 0 | L4: 0 | M4: 4.3936294 | N4: 0
A5: Dubai DIFC | B5: =B4+1 -> 4 | C5: 8 | D5: 2020 | E5: ='08 - 2020'!B11-'08 - 2020'!B10+'08 - 2020'!C11-'08 - 2020'!C10 -> 0 | F5: 0.118 | G5: =(('08 - 2020'!E11-'08 - 2020'!E10)+('08 - 2020'!F11-'08 - 2020'!F10)+('08 - 2020'!G11-'08 - 2020'!G10))*1.81 -> 0 | H5: 0.99 | I5: ='08 - 2020'!J11-'08 - 2020'!J10 -> 0 | J5: 0.081 | K5: ='08 - 2020'!H11-'08 - 2020'!H10 -> 0 | L5: ='08 - 2020'!I11-'08 - 2020'!I10 -> 0 | M5: 4.3936294 | N5: 0
A6: Dubai DIFC | B6: =B5+1 -> 5 | C6: 8 | D6: 2020 | E6: ='08 - 2020'!B12-'08 - 2020'!B11+'08 - 2020'!C12-'08 - 2020'!C11 -> 0 | F6: 0.118 | G6: =(('08 - 2020'!E12-'08 - 2020'!E11)+('08 - 2020'!F12-'08 - 2020'!F11)+('08 - 2020'!G12-'08 - 2020'!G11))*1.81 -> 0 | H6: 0.99 | I6: ='08 - 2020'!J12-'08 - 2020'!J11 -> 0 | J6: 0.081 | K6: ='08 - 2020'!H12-'08 - 2020'!H11 -> 0 | L6: ='08 - 2020'!I12-'08 - 2020'!I11 -> 0 | M6: 4.3936294 | N6: 0
A7: Dubai DIFC | B7: =B6+1 -> 6 | C7: 8 | D7: 2020 | E7: ='08 - 2020'!B13-'08 - 2020'!B12+'08 - 2020'!C13-'08 - 2020'!C12 -> 0 | F7: 0.118 | G7: =(('08 - 2020'!E13-'08 - 2020'!E12)+('08 - 2020'!F13-'08 - 2020'!F12)+('08 - 2020'!G13-'08 - 2020'!G12))*1.81 -> 0 | H7: 0.99 | I7: ='08 - 2020'!J13-'08 - 2020'!J12 -> 0 | J7: 0.081 | K7: ='08 - 2020'!H13-'08 - 2020'!H12 -> 0 | L7: ='08 - 2020'!I13-'08 - 2020'!I12 -> 0 | M7: 4.3936294 | N7: 0
A8: Dubai DIFC | B8: =B7+1 -> 7 | C8: 8 | D8: 2020 | E8: ='08 - 2020'!B14-'08 - 2020'!B13+'08 - 2020'!C14-'08 - 2020'!C13 -> 0 | F8: 0.118 | G8: =(('08 - 2020'!E14-'08 - 2020'!E13)+('08 - 2020'!F14-'08 - 2020'!F13)+('08 - 2020'!G14-'08 - 2020'!G13))*1.81 -> 0 | H8: 0.99 | I8: ='08 - 2020'!J14-'08 - 2020'!J13 -> 0 | J8: 0.081 | K8: ='08 - 2020'!H14-'08 - 2020'!H13 -> 0 | L8: ='08 - 2020'!I14-'08 - 2020'!I13 -> 0 | M8: 4.3936294 | N8: 0
A9: Dubai DIFC | B9: =B8+1 -> 8 | C9: 8 | D9: 2020 | E9: ='08 - 2020'!B15-'08 - 2020'!B14+'08 - 2020'!C15-'08 - 2020'!C14 -> 0 | F9: 0.118 | G9: =(('08 - 2020'!E15-'08 - 2020'!E14)+('08 - 2020'!F15-'08 - 2020'!F14)+('08 - 2020'!G15-'08 - 2020'!G14))*1.81 -> 0 | H9: 0.99 | I9: ='08 - 2020'!J15-'08 - 2020'!J14 -> 0 | J9: 0.081 | K9: ='08 - 2020'!H15-'08 - 2020'!H14 -> 0 | L9: ='08 - 2020'!I15-'08 - 2020'!I14 -> 0 | M9: 4.3936294 | N9: 0
A10: Dubai DIFC | B10: =B9+1 -> 9 | C10: 8 | D10: 2020 | E10: ='08 - 2020'!B16-'08 - 2020'!B15+'08 - 2020'!C16-'08 - 2020'!C15 -> 0 | F10: 0.118 | G10: =(('08 - 2020'!E16-'08 - 2020'!E15)+('08 - 2020'!F16-'08 - 2020'!F15)+('08 - 2020'!G16-'08 - 2020'!G15))*1.81 -> 0 | H10: 0.99 | I10: ='08 - 2020'!J16-'08 - 2020'!J15 -> 0 | J10: 0.081 | K10: ='08 - 2020'!H16-'08 - 2020'!H15 -> 0 | L10: ='08 - 2020'!I16-'08 - 2020'!I15 -> 0 | M10: 4.3936294 | N10: 0
A11: Dubai DIFC | B11: =B10+1 -> 10 | C11: 8 | D11: 2020 | E11: ='08 - 2020'!B17-'08 - 2020'!B16+'08 - 2020'!C17-'08 - 2020'!C16 -> 0 | F11: 0.118 | G11: =(('08 - 2020'!E17-'08 - 2020'!E16)+('08 - 2020'!F17-'08 - 2020'!F16)+('08 - 2020'!G17-'08 - 2020'!G16))*1.81 -> 0 | H11: 0.99 | I11: ='08 - 2020'!J17-'08 - 2020'!J16 -> 0 | J11: 0.081 | K11: ='08 - 2020'!H17-'08 - 2020'!H16 -> 0 | L11: ='08 - 2020'!I17-'08 - 2020'!I16 -> 0 | M11: 4.3936294 | N11: 0
A12: Dubai DIFC | B12: =B11+1 -> 11 | C12: 8 | D12: 2020 | E12: ='08 - 2020'!B18-'08 - 2020'!B17+'08 - 2020'!C18-'08 - 2020'!C17 -> 0 | F12: 0.118 | G12: =(('08 - 2020'!E18-'08 - 2020'!E17)+('08 - 2020'!F18-'08 - 2020'!F17)+('08 - 2020'!G18-'08 - 2020'!G17))*1.81 -> 0 | H12: 0.99 | I12: ='08 - 2020'!J18-'08 - 2020'!J17 -> 0 | J12: 0.081 | K12: ='08 - 2020'!H18-'08 - 2020'!H17 -> 0 | L12: ='08 - 2020'!I18-'08 - 2020'!I17 -> 0 | M12: 4.3936294 | N12: 0
A13: Dubai DIFC | B13: =B12+1 -> 12 | C13: 8 | D13: 2020 | E13: ='08 - 2020'!B19-'08 - 2020'!B18+'08 - 2020'!C19-'08 - 2020'!C18 -> 0 | F13: 0.118 | G13: =(('08 - 2020'!E19-'08 - 2020'!E18)+('08 - 2020'!F19-'08 - 2020'!F18)+('08 - 2020'!G19-'08 - 2020'!G18))*1.81 -> 0 | H13: 0.99 | I13: ='08 - 2020'!J19-'08 - 2020'!J18 -> 0 | J13: 0.081 | K13: ='08 - 2020'!H19-'08 - 2020'!H18 -> 0 | L13: ='08 - 2020'!I19-'08 - 2020'!I18 -> 0 | M13: 4.3936294 | N13: 0
A14: Dubai DIFC | B14: =B13+1 -> 13 | C14: 8 | D14: 2020 | E14: ='08 - 2020'!B20-'08 - 2020'!B19+'08 - 2020'!C20-'08 - 2020'!C19 -> 0 | F14: 0.118 | G14: =(('08 - 2020'!E20-'08 - 2020'!E19)+('08 - 2020'!F20-'08 - 2020'!F19)+('08 - 2020'!G20-'08 - 2020'!G19))*1.81 -> 0 | H14: 0.99 | I14: ='08 - 2020'!J20-'08 - 2020'!J19 -> 0 | J14: 0.081 | K14: ='08 - 2020'!H20-'08 - 2020'!H19 -> 0 | L14: ='08 - 2020'!I20-'08 - 2020'!I19 -> 0 | M14: 4.3936294 | N14: 0
A15: Dubai DIFC | B15: =B14+1 -> 14 | C15: 8 | D15: 2020 | E15: ='08 - 2020'!B21-'08 - 2020'!B20+'08 - 2020'!C21-'08 - 2020'!C20 -> 0 | F15: 0.118 | G15: =(('08 - 2020'!E21-'08 - 2020'!E20)+('08 - 2020'!F21-'08 - 2020'!F20)+('08 - 2020'!G21-'08 - 2020'!G20))*1.81 -> 0 | H15: 0.99 | I15: ='08 - 2020'!J21-'08 - 2020'!J20 -> 0 | J15: 0.081 | K15: ='08 - 2020'!H21-'08 - 2020'!H20 -> 0 | L15: ='08 - 2020'!I21-'08 - 2020'!I20 -> 0 | M15: 4.3936294 | N15: 0
A16: Dubai DIFC | B16: =B15+1 -> 15 | C16: 8 | D16: 2020 | E16: ='08 - 2020'!B22-'08 - 2020'!B21+'08 - 2020'!C22-'08 - 2020'!C21 -> 0 | F16: 0.118 | G16: =(('08 - 2020'!E22-'08 - 2020'!E21)+('08 - 2020'!F22-'08 - 2020'!F21)+('08 - 2020'!G22-'08 - 2020'!G21))*1.81 -> 0 | H16: 0.99 | I16: ='08 - 2020'!J22-'08 - 2020'!J21 -> 0 | J16: 0.081 | K16: ='08 - 2020'!H22-'08 - 2020'!H21 -> 0 | L16: ='08 - 2020'!I22-'08 - 2020'!I21 -> 0 | M16: 4.3936294 | N16: 0
... A32: Dubai DIFC | B32: =B31+1 -> 31 | C32: 8 | D32: 2020 | E32: ='08 - 2020'!B38-'08 - 2020'!B37+'08 - 2020'!C38-'08 - 2020'!C37 -> 0 | F32: 0.118 | G32: =(('08 - 2020'!E38-'08 - 2020'!E37)+('08 - 2020'!F38-'08 - 2020'!F37)+('08 - 2020'!G38-'08 - 2020'!G37))*1.81 -> 0 | H32: 0.99 | I32: ='08 - 2020'!J38-'08 - 2020'!J37 -> 0 | J32: 0.081 | K32: ='08 - 2020'!H38-'08 - 2020'!H37 -> 0 | L32: ='08 - 2020'!I38-'08 - 2020'!I37 -> 0 | M32: 4.3936294 | N32: 0

Sheet Submetering Daily 
A1: Site Name | B1: Day | C1: Month | D1: Year | E1: Panel LV1 Kwh | F1: Panel LV2 Kwh | G1: Electricity Tariff ($/Kwh) | H1: Main Kitchen LPG (Kg) | I1: Podium Kitchen LPG (Kg) | J1: Boiler LPG (Kg) | K1: LPG $/Kg | L1: Room Nights
A2: Dubai DIFC | B2: 1 | C2: 8 | D2: 2020 | E2: ='08 - 2020'!B8-'08 - 2020'!B7 -> 1802 | F2: ='08 - 2020'!C8-'08 - 2020'!C7 -> 4643 | G2: 0.118 | H2: ='08 - 2020'!E8-'08 - 2020'!E7 -> 12.26 | I2: ='08 - 2020'!F8-'08 - 2020'!F7 -> 6.06 | J2: ='08 - 2020'!G8-'08 - 2020'!G7 -> 20.96 | K2: 0.74 | L2: 0
A3: Dubai DIFC | B3: =B2+1 -> 2 | C3: 8 | D3: 2020 | E3: ='08 - 2020'!B9-'08 - 2020'!B8 -> 1893 | F3: ='08 - 2020'!C9-'08 - 2020'!C8 -> 4955 | G3: 0.118 | H3: ='08 - 2020'!E9-'08 - 2020'!E8 -> 11.32 | I3: ='08 - 2020'!F9-'08 - 2020'!F8 -> 4.5 | J3: ='08 - 2020'!G9-'08 - 2020'!G8 -> 21.76 | K3: 0.74 | L3: 0
A4: Dubai DIFC | B4: =B3+1 -> 3 | C4: 8 | D4: 2020 | E4: 0 | F4: 0 | G4: 0.118 | H4: 0 | I4: 0 | J4: 0 | K4: 0.74 | L4: 0
A5: Dubai DIFC | B5: =B4+1 -> 4 | C5: 8 | D5: 2020 | E5: ='08 - 2020'!B11-'08 - 2020'!B10 -> 0 | F5: ='08 - 2020'!C11-'08 - 2020'!C10 -> 0 | G5: 0.118 | H5: ='08 - 2020'!E11-'08 - 2020'!E10 -> 0 | I5: ='08 - 2020'!F11-'08 - 2020'!F10 -> 0 | J5: ='08 - 2020'!G11-'08 - 2020'!G10 -> 0 | K5: 0.74 | L5: 0
A6: Dubai DIFC | B6: =B5+1 -> 5 | C6: 8 | D6: 2020 | E6: ='08 - 2020'!B12-'08 - 2020'!B11 -> 0 | F6: ='08 - 2020'!C12-'08 - 2020'!C11 -> 0 | G6: 0.118 | H6: ='08 - 2020'!E12-'08 - 2020'!E11 -> 0 | I6: ='08 - 2020'!F12-'08 - 2020'!F11 -> 0 | J6: ='08 - 2020'!G12-'08 - 2020'!G11 -> 0 | K6: 0.74 | L6: 0
A7: Dubai DIFC | B7: =B6+1 -> 6 | C7: 8 | D7: 2020 | E7: ='08 - 2020'!B13-'08 - 2020'!B12 -> 0 | F7: ='08 - 2020'!C13-'08 - 2020'!C12 -> 0 | G7: 0.118 | H7: ='08 - 2020'!E13-'08 - 2020'!E12 -> 0 | I7: ='08 - 2020'!F13-'08 - 2020'!F12 -> 0 | J7: ='08 - 2020'!G13-'08 - 2020'!G12 -> 0 | K7: 0.74 | L7: 0
A8: Dubai DIFC | B8: =B7+1 -> 7 | C8: 8 | D8: 2020 | E8: ='08 - 2020'!B14-'08 - 2020'!B13 -> 0 | F8: ='08 - 2020'!C14-'08 - 2020'!C13 -> 0 | G8: 0.118 | H8: ='08 - 2020'!E14-'08 - 2020'!E13 -> 0 | I8: ='08 - 2020'!F14-'08 - 2020'!F13 -> 0 | J8: ='08 - 2020'!G14-'08 - 2020'!G13 -> 0 | K8: 0.74 | L8: 0
A9: Dubai DIFC | B9: =B8+1 -> 8 | C9: 8 | D9: 2020 | E9: ='08 - 2020'!B15-'08 - 2020'!B14 -> 0 | F9: ='08 - 2020'!C15-'08 - 2020'!C14 -> 0 | G9: 0.118 | H9: ='08 - 2020'!E15-'08 - 2020'!E14 -> 0 | I9: ='08 - 2020'!F15-'08 - 2020'!F14 -> 0 | J9: ='08 - 2020'!G15-'08 - 2020'!G14 -> 0 | K9: 0.74 | L9: 0
A10: Dubai DIFC | B10: =B9+1 -> 9 | C10: 8 | D10: 2020 | E10: ='08 - 2020'!B16-'08 - 2020'!B15 -> 0 | F10: ='08 - 2020'!C16-'08 - 2020'!C15 -> 0 | G10: 0.118 | H10: ='08 - 2020'!E16-'08 - 2020'!E15 -> 0 | I10: ='08 - 2020'!F16-'08 - 2020'!F15 -> 0 | J10: ='08 - 2020'!G16-'08 - 2020'!G15 -> 0 | K10: 0.74 | L10: 0
A11: Dubai DIFC | B11: =B10+1 -> 10 | C11: 8 | D11: 2020 | E11: ='08 - 2020'!B17-'08 - 2020'!B16 -> 0 | F11: ='08 - 2020'!C17-'08 - 2020'!C16 -> 0 | G11: 0.118 | H11: ='08 - 2020'!E17-'08 - 2020'!E16 -> 0 | I11: ='08 - 2020'!F17-'08 - 2020'!F16 -> 0 | J11: ='08 - 2020'!G17-'08 - 2020'!G16 -> 0 | K11: 0.74 | L11: 0
A12: Dubai DIFC | B12: =B11+1 -> 11 | C12: 8 | D12: 2020 | E12: ='08 - 2020'!B18-'08 - 2020'!B17 -> 0 | F12: ='08 - 2020'!C18-'08 - 2020'!C17 -> 0 | G12: 0.118 | H12: ='08 - 2020'!E18-'08 - 2020'!E17 -> 0 | I12: ='08 - 2020'!F18-'08 - 2020'!F17 -> 0 | J12: ='08 - 2020'!G18-'08 - 2020'!G17 -> 0 | K12: 0.74 | L12: 0
A13: Dubai DIFC | B13: =B12+1 -> 12 | C13: 8 | D13: 2020 | E13: ='08 - 2020'!B19-'08 - 2020'!B18 -> 0 | F13: ='08 - 2020'!C19-'08 - 2020'!C18 -> 0 | G13: 0.118 | H13: ='08 - 2020'!E19-'08 - 2020'!E18 -> 0 | I13: ='08 - 2020'!F19-'08 - 2020'!F18 -> 0 | J13: ='08 - 2020'!G19-'08 - 2020'!G18 -> 0 | K13: 0.74 | L13: 0
A14: Dubai DIFC | B14: =B13+1 -> 13 | C14: 8 | D14: 2020 | E14: ='08 - 2020'!B20-'08 - 2020'!B19 -> 0 | F14: ='08 - 2020'!C20-'08 - 2020'!C19 -> 0 | G14: 0.118 | H14: ='08 - 2020'!E20-'08 - 2020'!E19 -> 0 | I14: ='08 - 2020'!F20-'08 - 2020'!F19 -> 0 | J14: ='08 - 2020'!G20-'08 - 2020'!G19 -> 0 | K14: 0.74 | L14: 0
A15: Dubai DIFC | B15: =B14+1 -> 14 | C15: 8 | D15: 2020 | E15: ='08 - 2020'!B21-'08 - 2020'!B20 -> 0 | F15: ='08 - 2020'!C21-'08 - 2020'!C20 -> 0 | G15: 0.118 | H15: ='08 - 2020'!E21-'08 - 2020'!E20 -> 0 | I15: ='08 - 2020'!F21-'08 - 2020'!F20 -> 0 | J15: ='08 - 2020'!G21-'08 - 2020'!G20 -> 0 | K15: 0.74 | L15: 0
A16: Dubai DIFC | B16: =B15+1 -> 15 | C16: 8 | D16: 2020 | E16: ='08 - 2020'!B22-'08 - 2020'!B21 -> 0 | F16: ='08 - 2020'!C22-'08 - 2020'!C21 -> 0 | G16: 0.118 | H16: ='08 - 2020'!E22-'08 - 2020'!E21 -> 0 | I16: ='08 - 2020'!F22-'08 - 2020'!F21 -> 0 | J16: ='08 - 2020'!G22-'08 - 2020'!G21 -> 0 | K16: 0.74 | L16: 0
... A30: Dubai DIFC | B30: =B29+1 -> 29 | C30: 8 | D30: 2020 | E30: ='08 - 2020'!B36-'08 - 2020'!B35 -> 0 | F30: ='08 - 2020'!C36-'08 - 2020'!C35 -> 0 | G30: 0.118 | H30: ='08 - 2020'!E36-'08 - 2020'!E35 -> 0 | I30: ='08 - 2020'!F36-'08 - 2020'!F35 -> 0 | J30: ='08 - 2020'!G36-'08 - 2020'!G35 -> 0 | K30: 0.74 | L30: 0
A31: Dubai DIFC | B31: 30 | C31: 8 | D31: 2020 | E31: ='08 - 2020'!B37-'08 - 2020'!B36 -> 0 | F31: ='08 - 2020'!C37-'08 - 2020'!C36 -> 0 | G31: 0.118 | H31: ='08 - 2020'!E37-'08 - 2020'!E36 -> 0 | I31: ='08 - 2020'!F37-'08 - 2020'!F36 -> 0 | J31: ='08 - 2020'!G37-'08 - 2020'!G36 -> 0 | K31: 0.74 | L31: 0
A32: Dubai DIFC | B32: 31 | C32: 8 | D32: 2020 | E32: ='08 - 2020'!B38-'08 - 2020'!B37 -> 0 | F32: ='08 - 2020'!C38-'08 - 2020'!C37 -> 0 | G32: 0.118 | H32: ='08 - 2020'!E38-'08 - 2020'!E37 -> 0 | I32: ='08 - 2020'!F38-'08 - 2020'!F37 -> 0 | J32: ='08 - 2020'!G38-'08 - 2020'!G37 -> 0 | K32: 0.74 | L32: 0

Sheet 08 - 2020
A3: FOUR SEASONS HOTEL - DIFC
A4: HLP READING MONTH OF AUGUST' 2020
B5: Electricity | D5: LPG (cu.m) | H5: Water (cu.m) | J5: BTU
A6: Date | B6: LV-01, 2025952759 | C6: LV-2, 2030235407 | D6: Main Meter % | E6: Main Kitchen | F6: Podium Kitchen | G6: Boiler | H6: B-3 Water Meter (DIFC) | I6: MainWater Meter (DEWA) | J6: Chilled Water (KWH) | K6: Gas Received (Litres) | L6: Remark
A7: 44043 | B7: 747680 | C7: 1116307 | D7: 0.66 | E7: 11345.99 | F7: 2189.85 | G7: 20199.35 | H7: 14528 | I7: 95704 | J7: 39962872
A8: 44044 | B8: 749482 | C8: 1120950 | D8: 0.6 | E8: 11358.25 | F8: 2195.91 | G8: 20220.31 | H8: 14528 | I8: 95748 | J8: 39991364
A9: 44045 | B9: 751375 | C9: 1125905 | D9: 0.56 | E9: 11369.57 | F9: 2200.41 | G9: 20242.07 | H9: 14528 | I9: 95798 | J9: 40023059
A10: 44046
A11: 44047
A12: 44048
A13: 44049
A14: 44050
A15: 44051
A16: 44052
A17: 44053
A18: 44054
A19: 44055
A20: 44056
A21: 44057
... A38: 44074
A39: Readings | B39: =B36-B7 -> -747680 | C39: =C36-C7 -> -1116307 | D39: 0 | E39: =E36-E7 -> -11345.99 | F39: =F36-F7 -> -2189.85 | G39: =G36-G7 -> -20199.35 | H39: =H36-H7 -> -14528 | I39: =I36-I7 -> -95704 | J39: =J36-J7 -> -39962872 | K39: =SUM(K7:K38) -> 0
H40: =H39*219.969 -> -3195709.6 | I40: =I39*219.969 -> -21051913
