Workbook

Sheet TOTAL
A1: Site Name | B1: Day | C1: Month | D1: Year | E1: Total Electricity Kwh | F1: Electricity Tariff ($/Kwh) | G1: LPG (Kg) | H1: LPG $/Kg | I1: Water Utility Supply (m3) m3 | J1: Water Utility Supply (m3) $/m3 | K1: Irrigation Water (m3) m3 | L1: Irrigation water $/m3 | M1: Room Nights
A2: Seychelles | B2: 1 | C2: 9 | D2: 2019 | E2: ='Submetering '!O2+'Submetering '!P2+'Submetering '!Q2+'Submetering '!R2+'Submetering '!S2 -> 33147 | F2: 5.79 | G2: ='Submetering '!AB2 -> 400 | H2: 18.9 | I2: ='FS Seychelles'!R3+'FS Seychelles'!T3+'FS Seychelles'!U3+'FS Seychelles'!V3 -> 593 | J2: 0 | K2: ='Submetering '!Z2 -> 133 | M2: ='Submetering '!E2 -> 42.11
A3: Seychelles | B3: =B2+1 -> 2 | C3: 9 | D3: 2019 | E3: ='Submetering '!O3+'Submetering '!P3+'Submetering '!Q3+'Submetering '!R3+'Submetering '!S3 -> 36347 | F3: =F2 -> 5.79 | G3: ='Submetering '!AB3 -> 400 | H3: =H2 -> 18.9 | I3: ='FS Seychelles'!R4+'FS Seychelles'!T4+'FS Seychelles'!U4+'FS Seychelles'!V4 -> 489 | J3: =J2 -> 0 | K3: ='Submetering '!Z3 -> 138 | M3: ='Submetering '!E3 -> 47.37
A4: Seychelles | B4: =B3+1 -> 3 | C4: 9 | D4: 2019 | E4: ='Submetering '!O4+'Submetering '!P4+'Submetering '!Q4+'Submetering '!R4+'Submetering '!S4 -> 17905 | F4: =F3 -> 5.79 | G4: ='Submetering '!AB4 -> 400 | H4: =H3 -> 18.9 | I4: ='FS Seychelles'!R5+'FS Seychelles'!T5+'FS Seychelles'!U5+'FS Seychelles'!V5 -> 481 | J4: =J3 -> 0 | K4: ='Submetering '!Z4 -> 131 | M4: ='Submetering '!E4 -> 57.86
A5: Seychelles | B5: =B4+1 -> 4 | C5: 9 | D5: 2019 | E5: ='Submetering '!O5+'Submetering '!P5+'Submetering '!Q5+'Submetering '!R5+'Submetering '!S5 -> 26845 | F5: =F4 -> 5.79 | G5: ='Submetering '!AB5 -> 400 | H5: =H4 -> 18.9 | I5: ='FS Seychelles'!R6+'FS Seychelles'!T6+'FS Seychelles'!U6+'FS Seychelles'!V6 -> 484 | J5: =J4 -> 0 | K5: ='Submetering '!Z5 -> 68 | M5: ='Submetering '!E5 -> 67.11
A6: Seychelles | B6: =B5+1 -> 5 | C6: 9 | D6: 2019 | E6: ='Submetering '!O6+'Submetering '!P6+'Submetering '!Q6+'Submetering '!R6+'Submetering '!S6 -> 14360 | F6: =F5 -> 5.79 | G6: ='Submetering '!AB6 -> 400 | H6: =H5 -> 18.9 | I6: ='FS Seychelles'!R7+'FS Seychelles'!T7+'FS Seychelles'!U7+'FS Seychelles'!V7 -> 468 | J6: =J5 -> 0 | K6: ='Submetering '!Z6 -> 73 | M6: ='Submetering '!E6 -> 59.21
A7: Seychelles | B7: =B6+1 -> 6 | C7: 9 | D7: 2019 | E7: ='Submetering '!O7+'Submetering '!P7+'Submetering '!Q7+'Submetering '!R7+'Submetering '!S7 -> 25864 | F7: =F6 -> 5.79 | G7: ='Submetering '!AB7 -> 400 | H7: =H6 -> 18.9 | I7: ='FS Seychelles'!R8+'FS Seychelles'!T8+'FS Seychelles'!U8+'FS Seychelles'!V8 -> 585 | J7: =J6 -> 0 | K7: ='Submetering '!Z7 -> 119 | M7: ='Submetering '!E7 -> 73.68
A8: Seychelles | B8: =B7+1 -> 7 | C8: 9 | D8: 2019 | E8: ='Submetering '!O8+'Submetering '!P8+'Submetering '!Q8+'Submetering '!R8+'Submetering '!S8 -> 28075 | F8: =F7 -> 5.79 | G8: ='Submetering '!AB8 -> 400 | H8: =H7 -> 18.9 | I8: ='FS Seychelles'!R9+'FS Seychelles'!T9+'FS Seychelles'!U9+'FS Seychelles'!V9 -> 489 | J8: =J7 -> 0 | K8: ='Submetering '!Z8 -> 120 | M8: ='Submetering '!E8 -> 81.58
A9: Seychelles | B9: =B8+1 -> 8 | C9: 9 | D9: 2019 | E9: ='Submetering '!O9+'Submetering '!P9+'Submetering '!Q9+'Submetering '!R9+'Submetering '!S9 -> 28441 | F9: =F8 -> 5.79 | G9: ='Submetering '!AB9 -> 400 | H9: =H8 -> 18.9 | I9: ='FS Seychelles'!R10+'FS Seychelles'!T10+'FS Seychelles'!U10+'FS Seychelles'!V10 -> 470 | J9: =J8 -> 0 | K9: ='Submetering '!Z9 -> 127 | M9: ='Submetering '!E9 -> 67.11
A10: Seychelles | B10: =B9+1 -> 9 | C10: 9 | D10: 2019 | E10: ='Submetering '!O10+'Submetering '!P10+'Submetering '!Q10+'Submetering '!R10+'Submetering '!S10 -> 28425 | F10: =F9 -> 5.79 | G10: ='Submetering '!AB10 -> 400 | H10: =H9 -> 18.9 | I10: ='FS Seychelles'!R11+'FS Seychelles'!T11+'FS Seychelles'!U11+'FS Seychelles'!V11 -> 441 | J10: =J9 -> 0 | K10: ='Submetering '!Z10 -> 117 | M10: ='Submetering '!E10 -> 65.79
A11: Seychelles | B11: =B10+1 -> 10 | C11: 9 | D11: 2019 | E11: ='Submetering '!O11+'Submetering '!P11+'Submetering '!Q11+'Submetering '!R11+'Submetering '!S11 -> 29296 | F11: =F10 -> 5.79 | G11: ='Submetering '!AB11 -> 400 | H11: =H10 -> 18.9 | I11: ='FS Seychelles'!R12+'FS Seychelles'!T12+'FS Seychelles'!U12+'FS Seychelles'!V12 -> 464 | J11: =J10 -> 0 | K11: ='Submetering '!Z11 -> 122 | M11: ='Submetering '!E11 -> 39.47
A12: Seychelles | B12: =B11+1 -> 11 | C12: 9 | D12: 2019 | E12: ='Submetering '!O12+'Submetering '!P12+'Submetering '!Q12+'Submetering '!R12+'Submetering '!S12 -> 29789 | F12: =F11 -> 5.79 | G12: ='Submetering '!AB12 -> 400 | H12: =H11 -> 18.9 | I12: ='FS Seychelles'!R13+'FS Seychelles'!T13+'FS Seychelles'!U13+'FS Seychelles'!V13 -> 386 | J12: =J11 -> 0 | K12: ='Submetering '!Z12 -> 123 | M12: ='Submetering '!E12 -> 35.53
A13: Seychelles | B13: =B12+1 -> 12 | C13: 9 | D13: 2019 | E13: ='Submetering '!O13+'Submetering '!P13+'Submetering '!Q13+'Submetering '!R13+'Submetering '!S13 -> 28938 | F13: =F12 -> 5.79 | G13: ='Submetering '!AB13 -> 400 | H13: =H12 -> 18.9 | I13: ='FS Seychelles'!R14+'FS Seychelles'!T14+'FS Seychelles'!U14+'FS Seychelles'!V14 -> 519 | J13: =J12 -> 0 | K13: ='Submetering '!Z13 -> 87 | M13: ='Submetering '!E13 -> 31.58
A14: Seychelles | B14: =B13+1 -> 13 | C14: 9 | D14: 2019 | E14: ='Submetering '!O14+'Submetering '!P14+'Submetering '!Q14+'Submetering '!R14+'Submetering '!S14 -> 27071 | F14: =F13 -> 5.79 | G14: ='Submetering '!AB14 -> 400 | H14: =H13 -> 18.9 | I14: ='FS Seychelles'!R15+'FS Seychelles'!T15+'FS Seychelles'!U15+'FS Seychelles'!V15 -> 544 | J14: =J13 -> 0 | K14: ='Submetering '!Z14 -> 85 | M14: ='Submetering '!E14 -> 30.26
... A31: Seychelles | B31: =B30+1 -> 30 | C31: 9 | D31: 2019 | E31: ='Submetering '!O31+'Submetering '!P31+'Submetering '!Q31+'Submetering '!R31+'Submetering '!S31 -> 27025 | F31: =F30 -> 5.79 | G31: ='Submetering '!AB31 -> 400 | H31: =H30 -> 18.9 | I31: ='FS Seychelles'!R32+'FS Seychelles'!T32+'FS Seychelles'!U32+'FS Seychelles'!V32 -> 506 | J31: =J30 -> 0 | K31: ='Submetering '!Z31 -> 158 | M31: ='Submetering '!E31 -> 59.02

Sheet Submetering 
A1: Site Name | B1: Day | C1: Month | D1: Year | E1: Room Night | F1: SS-A - KWh | G1: SS-B- KWh | H1: SS-C- KWh | I1: SS-D1- KWh | J1: SS-D2- KWh | K1: SS-E- KWh | L1: FIRE PUMP- KWh | M1: CASINO- KWh | N1: BOH- KWh | O1: Generator#1 - KWh | P1: Generator#2- KWh | Q1: Generator#3- KWh | R1: Generator#4- KWh | S1: Generator#5- KWh | T1: DIESEL - Liter | U1: BOH Water- m3 | V1: E-Resort- m3 | W1: North RVs- m3 | X1: WT59- m3 | Y1: WT08- m3 | Z1: PUC (HOH)- m3 | AA1: PUC (Resort) - m3 | AB1: LPG (Kg)
A2: Seychelles | B2: 1 | C2: 9 | D2: 2019 | E2: ='FS Seychelles'!B3 -> 42.11 | F2: ='FS Seychelles'!C3*1000 -> 4810 | G2: ='FS Seychelles'!D3*1000 -> 5800 | H2: ='FS Seychelles'!E3*1000 -> 6220 | I2: ='FS Seychelles'!F3*1000 -> 2890 | J2: ='FS Seychelles'!G3*1000 -> 3800 | K2: ='FS Seychelles'!H3*1000 -> 1640 | L2: ='FS Seychelles'!I3*1000 -> 1380 | M2: ='FS Seychelles'!J3*1000 -> 2150 | N2: ='FS Seychelles'!K3*1000 -> 4090 | O2: ='FS Seychelles'!L3 -> 12417 | P2: ='FS Seychelles'!M3 -> 0 | Q2: ='FS Seychelles'!N3 -> 12079 | R2: ='FS Seychelles'!O3 -> 8651 | S2: ='FS Seychelles'!P3 -> 0 | T2: ='FS Seychelles'!Q3 -> 8831 | U2: ='FS Seychelles'!R3 -> 90 | V2: ='FS Seychelles'!S3 -> 22 | ... AA2: ='FS Seychelles'!X3 -> 0 | AB2: =12000/30 -> 400
A3: Seychelles | B3: =B2+1 -> 2 | C3: 9 | D3: 2019 | E3: ='FS Seychelles'!B4 -> 47.37 | F3: ='FS Seychelles'!C4*1000 -> 3340 | G3: ='FS Seychelles'!D4*1000 -> 5170 | H3: ='FS Seychelles'!E4*1000 -> 5570 | I3: ='FS Seychelles'!F4*1000 -> 2060 | J3: ='FS Seychelles'!G4*1000 -> 2800 | K3: ='FS Seychelles'!H4*1000 -> 2270 | L3: ='FS Seychelles'!I4*1000 -> 1310 | M3: ='FS Seychelles'!J4*1000 -> 1660 | N3: ='FS Seychelles'!K4*1000 -> 4080 | O3: 12417 | P3: ='FS Seychelles'!M4 -> 3200 | Q3: 12079 | R3: 8651 | S3: ='FS Seychelles'!P4 -> 0 | T3: 9881 | U3: ='FS Seychelles'!R4 -> 84 | V3: ='FS Seychelles'!S4 -> 37 | W3: ='FS Seychelles'!T4 -> 72 | X3: ='FS Seychelles'!U4 -> 233 | Y3: ='FS Seychelles'!V4 -> 100 | Z3: ='FS Seychelles'!W4 -> 138 | AA3: ='FS Seychelles'!X4 -> 0 | AB3: =12000/30 -> 400
A4: Seychelles | B4: =B3+1 -> 3 | C4: 9 | D4: 2019 | E4: ='FS Seychelles'!B5 -> 57.86 | F4: ='FS Seychelles'!C5*1000 -> 3050 | G4: ='FS Seychelles'!D5*1000 -> 4800 | H4: ='FS Seychelles'!E5*1000 -> 5430 | I4: ='FS Seychelles'!F5*1000 -> 1920 | J4: ='FS Seychelles'!G5*1000 -> 2540 | K4: ='FS Seychelles'!H5*1000 -> 3010 | L4: ='FS Seychelles'!I5*1000 -> 1420 | M4: ='FS Seychelles'!J5*1000 -> 1570 | N4: ='FS Seychelles'!K5*1000 -> 7690 | O4: ='FS Seychelles'!L5 -> 0 | P4: ='FS Seychelles'!M5 -> 0 | Q4: ='FS Seychelles'!N5 -> 8602 | R4: ='FS Seychelles'!O5 -> 9303 | S4: ='FS Seychelles'!P5 -> 0 | T4: ='FS Seychelles'!Q5 -> 4845 | U4: ='FS Seychelles'!R5 -> 82 | V4: ='FS Seychelles'!S5 -> 37 | ... AA4: ='FS Seychelles'!X5 -> 0 | AB4: =12000/30 -> 400
A5: Seychelles | B5: =B4+1 -> 4 | C5: 9 | D5: 2019 | E5: ='FS Seychelles'!B6 -> 67.11 | F5: ='FS Seychelles'!C6*1000 -> 3110 | G5: ='FS Seychelles'!D6*1000 -> 5260 | H5: ='FS Seychelles'!E6*1000 -> 5640 | I5: ='FS Seychelles'!F6*1000 -> 1740 | J5: ='FS Seychelles'!G6*1000 -> 2170 | K5: ='FS Seychelles'!H6*1000 -> 2670 | L5: ='FS Seychelles'!I6*1000 -> 1420 | M5: ='FS Seychelles'!J6*1000 -> 1650 | N5: ='FS Seychelles'!K6*1000 -> 8090 | O5: ='FS Seychelles'!L6 -> 8006 | P5: ='FS Seychelles'!M6 -> 2001 | Q5: ='FS Seychelles'!N6 -> 11590 | R5: ='FS Seychelles'!O6 -> 5248 | S5: ='FS Seychelles'!P6 -> 0 | T5: ='FS Seychelles'!Q6 -> 7126 | U5: ='FS Seychelles'!R6 -> 76 | V5: ='FS Seychelles'!S6 -> 71 | ... AA5: ='FS Seychelles'!X6 -> 0 | AB5: =12000/30 -> 400
A6: Seychelles | B6: =B5+1 -> 5 | C6: 9 | D6: 2019 | E6: ='FS Seychelles'!B7 -> 59.21 | F6: ='FS Seychelles'!C7*1000 -> 3180 | G6: ='FS Seychelles'!D7*1000 -> 5350 | H6: ='FS Seychelles'!E7*1000 -> 5710 | I6: ='FS Seychelles'!F7*1000 -> 1830 | J6: ='FS Seychelles'!G7*1000 -> 2640 | K6: ='FS Seychelles'!H7*1000 -> 2500 | L6: ='FS Seychelles'!I7*1000 -> 1400 | M6: ='FS Seychelles'!J7*1000 -> 1790 | N6: ='FS Seychelles'!K7*1000 -> 3690 | O6: ='FS Seychelles'!L7 -> 0 | P6: ='FS Seychelles'!M7 -> 10275 | Q6: ='FS Seychelles'!N7 -> 0 | R6: ='FS Seychelles'!O7 -> 4085 | S6: ='FS Seychelles'!P7 -> 0 | T6: ='FS Seychelles'!Q7 -> 3990 | U6: ='FS Seychelles'!R7 -> 75 | V6: ='FS Seychelles'!S7 -> 35 | ... AA6: ='FS Seychelles'!X7 -> 0 | AB6: =12000/30 -> 400
A7: Seychelles | B7: =B6+1 -> 6 | C7: 9 | D7: 2019 | E7: ='FS Seychelles'!B8 -> 73.68 | F7: ='FS Seychelles'!C8*1000 -> 3070 | G7: ='FS Seychelles'!D8*1000 -> 5170 | H7: ='FS Seychelles'!E8*1000 -> 5660 | I7: ='FS Seychelles'!F8*1000 -> 1720 | J7: ='FS Seychelles'!G8*1000 -> 2830 | K7: ='FS Seychelles'!H8*1000 -> 2410 | L7: ='FS Seychelles'!I8*1000 -> 1400 | M7: ='FS Seychelles'!J8*1000 -> 1590 | N7: ='FS Seychelles'!K8*1000 -> 3640 | O7: ='FS Seychelles'!L8 -> 0 | P7: ='FS Seychelles'!M8 -> 9222 | Q7: ='FS Seychelles'!N8 -> 12905 | R7: ='FS Seychelles'!O8 -> 3737 | S7: ='FS Seychelles'!P8 -> 0 | T7: ='FS Seychelles'!Q8 -> 7163 | U7: ='FS Seychelles'!R8 -> 76 | V7: ='FS Seychelles'!S8 -> 38 | ... AA7: ='FS Seychelles'!X8 -> 0 | AB7: =12000/30 -> 400
A8: Seychelles | B8: =B7+1 -> 7 | C8: 9 | D8: 2019 | E8: ='FS Seychelles'!B9 -> 81.58 | F8: ='FS Seychelles'!C9*1000 -> 3460 | G8: ='FS Seychelles'!D9*1000 -> 5600 | H8: ='FS Seychelles'!E9*1000 -> 5770 | I8: ='FS Seychelles'!F9*1000 -> 1900 | J8: ='FS Seychelles'!G9*1000 -> 3180 | K8: ='FS Seychelles'!H9*1000 -> 2290 | L8: ='FS Seychelles'!I9*1000 -> 1420 | M8: ='FS Seychelles'!J9*1000 -> 2500 | N8: ='FS Seychelles'!K9*1000 -> 3600 | O8: ='FS Seychelles'!L9 -> 6225 | P8: ='FS Seychelles'!M9 -> 4881 | Q8: ='FS Seychelles'!N9 -> 6582 | R8: ='FS Seychelles'!O9 -> 10387 | S8: ='FS Seychelles'!P9 -> 0 | T8: ='FS Seychelles'!Q9 -> 7647 | U8: ='FS Seychelles'!R9 -> 66 | V8: ='FS Seychelles'!S9 -> 34 | ... AA8: ='FS Seychelles'!X9 -> 0 | AB8: =12000/30 -> 400
A9: Seychelles | B9: =B8+1 -> 8 | C9: 9 | D9: 2019 | E9: ='FS Seychelles'!B10 -> 67.11 | F9: ='FS Seychelles'!C10*1000 -> 3380 | G9: ='FS Seychelles'!D10*1000 -> 5480 | H9: ='FS Seychelles'!E10*1000 -> 5950 | I9: ='FS Seychelles'!F10*1000 -> 1920 | J9: ='FS Seychelles'!G10*1000 -> 3140 | K9: ='FS Seychelles'!H10*1000 -> 2280 | L9: ='FS Seychelles'!I10*1000 -> 1360 | M9: ='FS Seychelles'!J10*1000 -> 1940 | N9: ='FS Seychelles'!K10*1000 -> 3490 | O9: ='FS Seychelles'!L10 -> 5339 | P9: ='FS Seychelles'!M10 -> 8822 | Q9: ='FS Seychelles'!N10 -> 10861 | R9: ='FS Seychelles'!O10 -> 3419 | S9: ='FS Seychelles'!P10 -> 0 | T9: ='FS Seychelles'!Q10 -> 7657 | U9: ='FS Seychelles'!R10 -> 80 | V9: ='FS Seychelles'!S10 -> 22 | ... AA9: ='FS Seychelles'!X10 -> 0 | AB9: =12000/30 -> 400
A10: Seychelles | B10: =B9+1 -> 9 | C10: 9 | D10: 2019 | E10: ='FS Seychelles'!B11 -> 65.79 | F10: ='FS Seychelles'!C11*1000 -> 3160 | G10: ='FS Seychelles'!D11*1000 -> 5400 | H10: ='FS Seychelles'!E11*1000 -> 5700 | I10: ='FS Seychelles'!F11*1000 -> 1900 | J10: ='FS Seychelles'!G11*1000 -> 3190 | K10: ='FS Seychelles'!H11*1000 -> 2100 | L10: ='FS Seychelles'!I11*1000 -> 1400 | M10: ='FS Seychelles'!J11*1000 -> 1950 | N10: ='FS Seychelles'!K11*1000 -> 3700 | O10: ='FS Seychelles'!L11 -> 5392 | P10: ='FS Seychelles'!M11 -> 5432 | Q10: ='FS Seychelles'!N11 -> 9350 | R10: ='FS Seychelles'!O11 -> 8251 | S10: ='FS Seychelles'!P11 -> 0 | T10: ='FS Seychelles'!Q11 -> 7936 | U10: ='FS Seychelles'!R11 -> 68 | V10: ='FS Seychelles'!S11 -> 41 | ... AA10: ='FS Seychelles'!X11 -> 0 | AB10: =12000/30 -> 400
A11: Seychelles | B11: =B10+1 -> 10 | C11: 9 | D11: 2019 | E11: ='FS Seychelles'!B12 -> 39.47 | F11: ='FS Seychelles'!C12*1000 -> 3180 | G11: ='FS Seychelles'!D12*1000 -> 5380 | H11: ='FS Seychelles'!E12*1000 -> 5570 | I11: ='FS Seychelles'!F12*1000 -> 1690 | J11: ='FS Seychelles'!G12*1000 -> 3310 | K11: ='FS Seychelles'!H12*1000 -> 2160 | L11: ='FS Seychelles'!I12*1000 -> 1460 | M11: ='FS Seychelles'!J12*1000 -> 2130 | N11: ='FS Seychelles'!K12*1000 -> 3780 | O11: ='FS Seychelles'!L12 -> 7436 | P11: ='FS Seychelles'!M12 -> 7974 | Q11: ='FS Seychelles'!N12 -> 5769 | R11: ='FS Seychelles'!O12 -> 8117 | S11: ='FS Seychelles'!P12 -> 0 | T11: ='FS Seychelles'!Q12 -> 7687 | U11: ='FS Seychelles'!R12 -> 74 | V11: ='FS Seychelles'!S12 -> 20 | ... AA11: ='FS Seychelles'!X12 -> 0 | AB11: =12000/30 -> 400
A12: Seychelles | B12: =B11+1 -> 11 | C12: 9 | D12: 2019 | E12: ='FS Seychelles'!B13 -> 35.53 | F12: ='FS Seychelles'!C13*1000 -> 3290 | G12: ='FS Seychelles'!D13*1000 -> 5340 | H12: ='FS Seychelles'!E13*1000 -> 5400 | I12: ='FS Seychelles'!F13*1000 -> 1830 | J12: ='FS Seychelles'!G13*1000 -> 3250 | K12: ='FS Seychelles'!H13*1000 -> 2250 | L12: ='FS Seychelles'!I13*1000 -> 1410 | M12: ='FS Seychelles'!J13*1000 -> 2000 | N12: ='FS Seychelles'!K13*1000 -> 3710 | O12: ='FS Seychelles'!L13 -> 1673 | P12: ='FS Seychelles'!M13 -> 13627 | Q12: ='FS Seychelles'!N13 -> 12137 | R12: ='FS Seychelles'!O13 -> 2352 | S12: ='FS Seychelles'!P13 -> 0 | T12: ='FS Seychelles'!Q13 -> 8104.9 | U12: ='FS Seychelles'!R13 -> 74 | V12: ='FS Seychelles'!S13 -> 38 | ... AA12: ='FS Seychelles'!X13 -> 0 | AB12: =12000/30 -> 400
A13: Seychelles | B13: =B12+1 -> 12 | C13: 9 | D13: 2019 | E13: ='FS Seychelles'!B14 -> 31.58 | F13: ='FS Seychelles'!C14*1000 -> 3120 | G13: ='FS Seychelles'!D14*1000 -> 5180 | H13: ='FS Seychelles'!E14*1000 -> 5400 | I13: ='FS Seychelles'!F14*1000 -> 1670 | J13: ='FS Seychelles'!G14*1000 -> 2880 | K13: ='FS Seychelles'!H14*1000 -> 2230 | L13: ='FS Seychelles'!I14*1000 -> 1410 | M13: ='FS Seychelles'!J14*1000 -> 1990 | N13: ='FS Seychelles'!K14*1000 -> 3740 | O13: ='FS Seychelles'!L14 -> 4506 | P13: ='FS Seychelles'!M14 -> 0 | Q13: ='FS Seychelles'!N14 -> 9969 | R13: ='FS Seychelles'!O14 -> 14463 | S13: ='FS Seychelles'!P14 -> 0 | T13: ='FS Seychelles'!Q14 -> 7719 | U13: ='FS Seychelles'!R14 -> 77 | V13: ='FS Seychelles'!S14 -> 53 | ... AA13: ='FS Seychelles'!X14 -> 0 | AB13: =12000/30 -> 400
A14: Seychelles | B14: =B13+1 -> 13 | C14: 9 | D14: 2019 | E14: ='FS Seychelles'!B15 -> 30.26 | F14: ='FS Seychelles'!C15*1000 -> 3160 | G14: ='FS Seychelles'!D15*1000 -> 4990 | H14: ='FS Seychelles'!E15*1000 -> 5390 | I14: ='FS Seychelles'!F15*1000 -> 1570 | J14: ='FS Seychelles'!G15*1000 -> 2160 | K14: ='FS Seychelles'!H15*1000 -> 2150 | L14: ='FS Seychelles'!I15*1000 -> 1390 | M14: ='FS Seychelles'!J15*1000 -> 1930 | N14: ='FS Seychelles'!K15*1000 -> 3710 | O14: ='FS Seychelles'!L15 -> 8707 | P14: ='FS Seychelles'!M15 -> 5540 | Q14: ='FS Seychelles'!N15 -> 8549 | R14: ='FS Seychelles'!O15 -> 4275 | S14: ='FS Seychelles'!P15 -> 0 | T14: ='FS Seychelles'!Q15 -> 7210 | U14: ='FS Seychelles'!R15 -> 89 | V14: ='FS Seychelles'!S15 -> 28 | ... AA14: ='FS Seychelles'!X15 -> 0 | AB14: =12000/30 -> 400
A15: Seychelles | B15: =B14+1 -> 14 | C15: 9 | D15: 2019 | E15: ='FS Seychelles'!B16 -> 27.63 | F15: ='FS Seychelles'!C16*1000 -> 3040 | G15: ='FS Seychelles'!D16*1000 -> 4910 | H15: ='FS Seychelles'!E16*1000 -> 5310 | I15: ='FS Seychelles'!F16*1000 -> 1460 | J15: ='FS Seychelles'!G16*1000 -> 2010 | K15: ='FS Seychelles'!H16*1000 -> 2120 | L15: ='FS Seychelles'!I16*1000 -> 1420 | M15: ='FS Seychelles'!J16*1000 -> 1870 | N15: ='FS Seychelles'!K16*1000 -> 3630 | O15: ='FS Seychelles'!L16 -> 0 | P15: ='FS Seychelles'!M16 -> 3009 | Q15: ='FS Seychelles'!N16 -> 9381 | R15: ='FS Seychelles'!O16 -> 12995 | S15: ='FS Seychelles'!P16 -> 0 | T15: ='FS Seychelles'!Q17 -> 7202 | U15: ='FS Seychelles'!R16 -> 79 | V15: ='FS Seychelles'!S16 -> 36 | W15: ='FS Seychelles'!T16 -> 67 | X15: ='FS Seychelles'!U16 -> 245 | Y15: ='FS Seychelles'!V16 -> 63 | Z15: ='FS Seychelles'!W16 -> 168 | AA15: ='FS Seychelles'!X16 -> 0 | AB15: =12000/30 -> 400
A16: Seychelles | B16: =B15+1 -> 15 | C16: 9 | D16: 2019 | E16: ='FS Seychelles'!B17 -> 32.89 | F16: ='FS Seychelles'!C17*1000 -> 2980 | G16: ='FS Seychelles'!D17*1000 -> 5130 | H16: ='FS Seychelles'!E17*1000 -> 5070 | I16: ='FS Seychelles'!F17*1000 -> 1490 | J16: ='FS Seychelles'!G17*1000 -> 1890 | K16: ='FS Seychelles'!H17*1000 -> 2100 | L16: ='FS Seychelles'!I17*1000 -> 1390 | M16: ='FS Seychelles'!J17*1000 -> 1840 | N16: ='FS Seychelles'!K17*1000 -> 3460 | O16: ='FS Seychelles'!L17 -> 0 | P16: ='FS Seychelles'!M17 -> 9509 | Q16: ='FS Seychelles'!N17 -> 13055 | R16: ='FS Seychelles'!O17 -> 3784 | S16: ='FS Seychelles'!P17 -> 0 | T16: ='FS Seychelles'!Q18 -> 7138 | U16: ='FS Seychelles'!R17 -> 78 | V16: ='FS Seychelles'!S17 -> 28 | W16: ='FS Seychelles'!T17 -> 61 | X16: ='FS Seychelles'!U17 -> 242 | Y16: ='FS Seychelles'!V17 -> 77 | Z16: ='FS Seychelles'!W17 -> 85 | AA16: ='FS Seychelles'!X17 -> 0 | AB16: =12000/30 -> 400
A17: Seychelles | B17: =B16+1 -> 16 | C17: 9 | D17: 2019 | E17: ='FS Seychelles'!B18 -> 35.53 | F17: ='FS Seychelles'!C18*1000 -> 3080 | G17: ='FS Seychelles'!D18*1000 -> 5020 | H17: ='FS Seychelles'!E18*1000 -> 4950 | I17: ='FS Seychelles'!F18*1000 -> 1610 | J17: ='FS Seychelles'!G18*1000 -> 1880 | K17: ='FS Seychelles'!H18*1000 -> 2250 | L17: ='FS Seychelles'!I18*1000 -> 1390 | M17: ='FS Seychelles'!J18*1000 -> 1650 | N17: ='FS Seychelles'!K18*1000 -> 3610 | O17: ='FS Seychelles'!L18 -> 0 | P17: ='FS Seychelles'!M18 -> 9195 | Q17: ='FS Seychelles'!N18 -> 4706 | R17: ='FS Seychelles'!O18 -> 12574 | S17: ='FS Seychelles'!P18 -> 0 | T17: ='FS Seychelles'!Q18 -> 7138 | U17: ='FS Seychelles'!R18 -> 69 | V17: ='FS Seychelles'!S18 -> 31 | ... AA17: ='FS Seychelles'!X18 -> 0 | AB17: =12000/30 -> 400
A18: Seychelles | B18: =B17+1 -> 17 | C18: 9 | D18: 2019 | E18: ='FS Seychelles'!B19 -> 43.42 | F18: ='FS Seychelles'!C19*1000 -> 3050 | G18: ='FS Seychelles'!D19*1000 -> 4870 | H18: ='FS Seychelles'!E19*1000 -> 4900 | I18: ='FS Seychelles'!F19*1000 -> 1600 | J18: ='FS Seychelles'!G19*1000 -> 1980 | K18: ='FS Seychelles'!H19*1000 -> 2250 | L18: ='FS Seychelles'!I19*1000 -> 1410 | M18: ='FS Seychelles'!J19*1000 -> 1710 | N18: ='FS Seychelles'!K19*1000 -> 3600 | O18: ='FS Seychelles'!L19 -> 3612 | P18: ='FS Seychelles'!M19 -> 9727 | Q18: ='FS Seychelles'!N19 -> 13228 | R18: ='FS Seychelles'!O19 -> 0 | S18: ='FS Seychelles'!P19 -> 0 | T18: ='FS Seychelles'!Q19 -> 7309 | U18: ='FS Seychelles'!R19 -> 71 | V18: ='FS Seychelles'!S19 -> 81 | ... AA18: ='FS Seychelles'!X19 -> 0 | AB18: =12000/30 -> 400
A19: Seychelles | B19: =B18+1 -> 18 | C19: 9 | D19: 2019 | E19: ='FS Seychelles'!B20 -> 44.74 | F19: ='FS Seychelles'!C20*1000 -> 2960 | G19: ='FS Seychelles'!D20*1000 -> 4690 | H19: ='FS Seychelles'!E20*1000 -> 4610 | I19: ='FS Seychelles'!F20*1000 -> 1530 | J19: ='FS Seychelles'!G20*1000 -> 1680 | K19: ='FS Seychelles'!H20*1000 -> 2140 | L19: ='FS Seychelles'!I20*1000 -> 1430 | M19: ='FS Seychelles'!J20*1000 -> 1710 | N19: ='FS Seychelles'!K20*1000 -> 3450 | O19: ='FS Seychelles'!L20 -> 4531 | P19: ='FS Seychelles'!M20 -> 7189 | Q19: ='FS Seychelles'!N20 -> 8691 | R19: ='FS Seychelles'!O20 -> 2989 | S19: 0 | T19: ='FS Seychelles'!Q20 -> 5991 | U19: ='FS Seychelles'!R20 -> 63 | V19: ='FS Seychelles'!S20 -> 11 | W19: ='FS Seychelles'!T20 -> 72 | X19: ='FS Seychelles'!U20 -> 361 | Y19: ='FS Seychelles'!V20 -> 126 | Z19: ='FS Seychelles'!W20 -> 110 | AA19: ='FS Seychelles'!X20 -> 0 | AB19: =12000/30 -> 400
A20: Seychelles | B20: =B19+1 -> 19 | C20: 9 | D20: 2019 | E20: ='FS Seychelles'!B21 -> 55.26 | F20: ='FS Seychelles'!C21*1000 -> 3050 | G20: ='FS Seychelles'!D21*1000 -> 5130 | H20: ='FS Seychelles'!E21*1000 -> 5060 | I20: ='FS Seychelles'!F21*1000 -> 1310 | J20: ='FS Seychelles'!G21*1000 -> 1700 | K20: ='FS Seychelles'!H21*1000 -> 2310 | L20: ='FS Seychelles'!I21*1000 -> 1480 | M20: ='FS Seychelles'!J21*1000 -> 1660 | N20: ='FS Seychelles'!K21*1000 -> 3580 | O20: ='FS Seychelles'!L21 -> 3285 | P20: ='FS Seychelles'!M21 -> 0 | Q20: ='FS Seychelles'!N21 -> 12667 | R20: ='FS Seychelles'!O21 -> 9387 | S20: ='FS Seychelles'!P21 -> 0 | T20: ='FS Seychelles'!Q21 -> 9210 | U20: ='FS Seychelles'!R21 -> 69 | V20: ='FS Seychelles'!S21 -> 38 | ... AA20: ='FS Seychelles'!X21 -> 0 | AB20: =12000/30 -> 400
A21: Seychelles | B21: =B20+1 -> 20 | C21: 9 | D21: 2019 | E21: ='FS Seychelles'!B22 -> 53.95 | F21: ='FS Seychelles'!C22*1000 -> 3330 | G21: ='FS Seychelles'!D22*1000 -> 5700 | H21: ='FS Seychelles'!E22*1000 -> 5240 | I21: ='FS Seychelles'!F22*1000 -> 1420 | J21: ='FS Seychelles'!G22*1000 -> 1800 | K21: ='FS Seychelles'!H22*1000 -> 2360 | L21: ='FS Seychelles'!I22*1000 -> 1500 | M21: ='FS Seychelles'!J22*1000 -> 1700 | N21: ='FS Seychelles'!K22*1000 -> 3710 | O21: ='FS Seychelles'!L22 -> 10222 | P21: ='FS Seychelles'!M22 -> 468 | Q21: ='FS Seychelles'!N22 -> 6563 | R21: ='FS Seychelles'!O22 -> 9562 | S21: ='FS Seychelles'!P23 -> 0 | T21: ='FS Seychelles'!Q22 -> 7184 | U21: ='FS Seychelles'!R22 -> 74 | V21: ='FS Seychelles'!S22 -> 31 | W21: ='FS Seychelles'!T22 -> 83 | X21: ='FS Seychelles'!U22 -> 263 | Y21: ='FS Seychelles'!V22 -> 78 | Z21: ='FS Seychelles'!W22 -> 153 | AA21: ='FS Seychelles'!X22 -> 0 | AB21: =12000/30 -> 400
A22: Seychelles | B22: =B21+1 -> 21 | C22: 9 | D22: 2019 | E22: ='FS Seychelles'!B23 -> 57.89 | F22: ='FS Seychelles'!C23*1000 -> 3050 | G22: ='FS Seychelles'!D23*1000 -> 5290 | H22: ='FS Seychelles'!E23*1000 -> 4990 | I22: ='FS Seychelles'!F23*1000 -> 1350 | J22: ='FS Seychelles'!G23*1000 -> 1700 | K22: ='FS Seychelles'!H23*1000 -> 2180 | L22: ='FS Seychelles'!I23*1000 -> 1510 | M22: ='FS Seychelles'!J23*1000 -> 1600 | N22: ='FS Seychelles'!K23*1000 -> 3560 | O22: ='FS Seychelles'!L23 -> 3033 | P22: ='FS Seychelles'!M23 -> 0 | Q22: ='FS Seychelles'!N23 -> 9155 | R22: ='FS Seychelles'!O23 -> 12104 | S22: ='FS Seychelles'!P24 -> 0 | T22: ='FS Seychelles'!Q23 -> 6504 | U22: ='FS Seychelles'!R23 -> 70 | V22: ='FS Seychelles'!S23 -> 71 | W22: ='FS Seychelles'!T23 -> 81 | X22: ='FS Seychelles'!U23 -> 284 | Y22: ='FS Seychelles'!V23 -> 98 | Z22: ='FS Seychelles'!W23 -> 111 | AA22: ='FS Seychelles'!X23 -> 0 | AB22: =12000/30 -> 400
A23: Seychelles | B23: =B22+1 -> 22 | C23: 9 | D23: 2019 | E23: ='FS Seychelles'!B24 -> 50 | F23: ='FS Seychelles'!C24*1000 -> 3210 | G23: ='FS Seychelles'!D24*1000 -> 5630 | H23: ='FS Seychelles'!E24*1000 -> 5030 | I23: ='FS Seychelles'!F24*1000 -> 1360 | J23: ='FS Seychelles'!G24*1000 -> 1680 | K23: ='FS Seychelles'!H24*1000 -> 2330 | L23: ='FS Seychelles'!I24*1000 -> 1290 | M23: ='FS Seychelles'!J24*1000 -> 1860 | N23: ='FS Seychelles'!K24*1000 -> 3370 | O23: ='FS Seychelles'!L24 -> 8720 | P23: ='FS Seychelles'!M24 -> 3611 | Q23: ='FS Seychelles'!N24 -> 4675 | R23: ='FS Seychelles'!O24 -> 8141 | S23: ='FS Seychelles'!P25 -> 0 | T23: ='FS Seychelles'!Q24 -> 6709 | U23: ='FS Seychelles'!R24 -> 76 | V23: ='FS Seychelles'!S24 -> 37 | W23: ='FS Seychelles'!T24 -> 79 | X23: ='FS Seychelles'!U24 -> 243 | Y23: ='FS Seychelles'!V24 -> 176 | Z23: ='FS Seychelles'!W24 -> 86 | AA23: ='FS Seychelles'!X24 -> 0 | AB23: =12000/30 -> 400
A24: Seychelles | B24: =B23+1 -> 23 | C24: 9 | D24: 2019 | E24: ='FS Seychelles'!B25 -> 44.74 | F24: ='FS Seychelles'!C25*1000 -> 3090 | G24: ='FS Seychelles'!D25*1000 -> 5220 | H24: ='FS Seychelles'!E25*1000 -> 5040 | I24: ='FS Seychelles'!F25*1000 -> 1100 | J24: ='FS Seychelles'!G25*1000 -> 2090 | K24: ='FS Seychelles'!H25*1000 -> 2280 | L24: ='FS Seychelles'!I25*1000 -> 1410 | M24: ='FS Seychelles'!J25*1000 -> 1720 | N24: ='FS Seychelles'!K25*1000 -> 3640 | O24: ='FS Seychelles'!L25 -> 0 | P24: ='FS Seychelles'!M25 -> 8742 | Q24: ='FS Seychelles'!N25 -> 5886 | R24: ='FS Seychelles'!O25 -> 12744 | S24: ='FS Seychelles'!P25 -> 0 | T24: ='FS Seychelles'!Q25 -> 6448.7 | U24: ='FS Seychelles'!R25 -> 72 | V24: ='FS Seychelles'!S25 -> 39 | ... AA24: ='FS Seychelles'!X25 -> 0 | AB24: =12000/30 -> 400
A25: Seychelles | B25: =B24+1 -> 24 | C25: 9 | D25: 2019 | E25: ='FS Seychelles'!B26 -> 44.74 | F25: ='FS Seychelles'!C26*1000 -> 3190 | G25: ='FS Seychelles'!D26*1000 -> 5010 | H25: ='FS Seychelles'!E26*1000 -> 5080 | I25: ='FS Seychelles'!F26*1000 -> 0 | J25: ='FS Seychelles'!G26*1000 -> 1020 | K25: ='FS Seychelles'!H26*1000 -> 2490 | L25: ='FS Seychelles'!I26*1000 -> 1440 | M25: ='FS Seychelles'!J26*1000 -> 1660 | N25: ='FS Seychelles'!K26*1000 -> 3730 | O25: ='FS Seychelles'!L26 -> 11313 | P25: ='FS Seychelles'!M26 -> 12562 | Q25: ='FS Seychelles'!N26 -> 1723 | R25: ='FS Seychelles'!O26 -> 0 | S25: ='FS Seychelles'!P26 -> 0 | T25: ='FS Seychelles'!Q26 -> 6647 | U25: ='FS Seychelles'!R26 -> 84 | V25: ='FS Seychelles'!S26 -> 41 | ... AA25: ='FS Seychelles'!X26 -> 0 | AB25: =12000/30 -> 400
A26: Seychelles | B26: =B25+1 -> 25 | C26: 9 | D26: 2019 | E26: ='FS Seychelles'!B27 -> 44.74 | F26: ='FS Seychelles'!C27*1000 -> 3170 | G26: ='FS Seychelles'!D27*1000 -> 5020 | H26: ='FS Seychelles'!E27*1000 -> 5120 | I26: ='FS Seychelles'!F27*1000 -> 0 | J26: ='FS Seychelles'!G27*1000 -> 1090 | K26: ='FS Seychelles'!H27*1000 -> 2110 | L26: ='FS Seychelles'!I27*1000 -> 1530 | M26: ='FS Seychelles'!J27*1000 -> 1630 | N26: ='FS Seychelles'!K27*1000 -> 3770 | O26: ='FS Seychelles'!L27 -> 0 | P26: ='FS Seychelles'!M27 -> 2311 | Q26: ='FS Seychelles'!N27 -> 12074 | R26: ='FS Seychelles'!O27 -> 10508 | S26: ='FS Seychelles'!P27 -> 0 | T26: ='FS Seychelles'!Q27 -> 6757 | U26: ='FS Seychelles'!R27 -> 74 | V26: ='FS Seychelles'!S27 -> 33 | ... AA26: ='FS Seychelles'!X27 -> 0 | AB26: =12000/30 -> 400
A27: Seychelles | B27: =B26+1 -> 26 | C27: 9 | D27: 2019 | E27: ='FS Seychelles'!B28 -> 43.42 | F27: ='FS Seychelles'!C28*1000 -> 3350 | G27: ='FS Seychelles'!D28*1000 -> 5230 | H27: ='FS Seychelles'!E28*1000 -> 5330 | I27: ='FS Seychelles'!F28*1000 -> 0 | J27: ='FS Seychelles'!G28*1000 -> 1120 | K27: ='FS Seychelles'!H28*1000 -> 2070 | L27: ='FS Seychelles'!I28*1000 -> 1510 | M27: ='FS Seychelles'!J28*1000 -> 1730 | N27: ='FS Seychelles'!K28*1000 -> 3630 | O27: ='FS Seychelles'!L28 -> 7200 | P27: ='FS Seychelles'!M28 -> 7327 | Q27: ='FS Seychelles'!N28 -> 5561 | R27: ='FS Seychelles'!O28 -> 4257 | S27: ='FS Seychelles'!P28 -> 0 | T27: ='FS Seychelles'!Q28 -> 6725 | U27: ='FS Seychelles'!R28 -> 74 | V27: ='FS Seychelles'!S28 -> 41 | ... AA27: ='FS Seychelles'!X28 -> 0 | AB27: =12000/30 -> 400
A28: Seychelles | B28: =B27+1 -> 27 | C28: 9 | D28: 2019 | E28: ='FS Seychelles'!B29 -> 45.45 | F28: ='FS Seychelles'!C29*1000 -> 3160 | G28: ='FS Seychelles'!D29*1000 -> 4660 | H28: ='FS Seychelles'!E29*1000 -> 4740 | I28: ='FS Seychelles'!F29*1000 -> 0 | J28: ='FS Seychelles'!G29*1000 -> 1760 | K28: ='FS Seychelles'!H29*1000 -> 1970 | L28: ='FS Seychelles'!I29*1000 -> 1430 | M28: ='FS Seychelles'!J29*1000 -> 1600 | N28: ='FS Seychelles'!K29*1000 -> 3380 | O28: ='FS Seychelles'!L29 -> 2791 | P28: ='FS Seychelles'!M29 -> 0 | Q28: ='FS Seychelles'!N29 -> 6503 | R28: ='FS Seychelles'!O29 -> 12388 | S28: ='FS Seychelles'!P29 -> 0 | T28: ='FS Seychelles'!Q29 -> 5612 | U28: ='FS Seychelles'!R29 -> 78 | V28: ='FS Seychelles'!S29 -> 34 | ... AA28: ='FS Seychelles'!X29 -> 0 | AB28: =12000/30 -> 400
A29: Seychelles | B29: =B28+1 -> 28 | C29: 9 | D29: 2019 | E29: ='FS Seychelles'!B30 -> 45.45 | F29: ='FS Seychelles'!C30*1000 -> 3460 | G29: ='FS Seychelles'!D30*1000 -> 5320 | H29: ='FS Seychelles'!E30*1000 -> 4990 | I29: ='FS Seychelles'!F30*1000 -> 0 | J29: ='FS Seychelles'!G30*1000 -> 1840 | K29: ='FS Seychelles'!H30*1000 -> 2110 | L29: ='FS Seychelles'!I30*1000 -> 1240 | M29: ='FS Seychelles'!J30*1000 -> 1710 | N29: ='FS Seychelles'!K30*1000 -> 3210 | O29: ='FS Seychelles'!L30 -> 0 | P29: ='FS Seychelles'!M30 -> 12579 | Q29: ='FS Seychelles'!N30 -> 10107 | R29: ='FS Seychelles'!O30 -> 4484 | S29: ='FS Seychelles'!P30 -> 0 | T29: ='FS Seychelles'!Q30 -> 7464 | U29: ='FS Seychelles'!R30 -> 74 | V29: ='FS Seychelles'!S30 -> 27 | ... AA29: ='FS Seychelles'!X30 -> 0 | AB29: =12000/30 -> 400
A30: Seychelles | B30: =B29+1 -> 29 | C30: 9 | D30: 2019 | E30: ='FS Seychelles'!B31 -> 34.61 | F30: ='FS Seychelles'!C31*1000 -> 3140 | G30: ='FS Seychelles'!D31*1000 -> 5010 | H30: ='FS Seychelles'!E31*1000 -> 4940 | I30: ='FS Seychelles'!F31*1000 -> 0 | J30: ='FS Seychelles'!G31*1000 -> 1710 | K30: ='FS Seychelles'!H31*1000 -> 2020 | L30: ='FS Seychelles'!I31*1000 -> 1350 | M30: ='FS Seychelles'!J31*1000 -> 1810 | N30: ='FS Seychelles'!K31*1000 -> 3410 | O30: ='FS Seychelles'!L31 -> 5084 | P30: ='FS Seychelles'!M31 -> 5688 | Q30: ='FS Seychelles'!N31 -> 7931 | R30: ='FS Seychelles'!O31 -> 7486 | S30: ='FS Seychelles'!P31 -> 0 | T30: ='FS Seychelles'!Q31 -> 7175 | U30: ='FS Seychelles'!R31 -> 62 | V30: ='FS Seychelles'!S31 -> 42 | ... AA30: ='FS Seychelles'!X31 -> 0 | AB30: =12000/30 -> 400
A31: Seychelles | B31: =B30+1 -> 30 | C31: 9 | D31: 2019 | E31: ='FS Seychelles'!B32 -> 59.02 | F31: ='FS Seychelles'!C32*1000 -> 3250 | G31: ='FS Seychelles'!D32*1000 -> 5630 | H31: ='FS Seychelles'!E32*1000 -> 5190 | I31: ='FS Seychelles'!F32*1000 -> 0 | J31: ='FS Seychelles'!G32*1000 -> 1790 | K31: ='FS Seychelles'!H32*1000 -> 2220 | L31: ='FS Seychelles'!I32*1000 -> 1280 | M31: ='FS Seychelles'!J32*1000 -> 1840 | N31: ='FS Seychelles'!K32*1000 -> 3350 | O31: ='FS Seychelles'!L32 -> 0 | P31: ='FS Seychelles'!M32 -> 12139 | Q31: ='FS Seychelles'!N32 -> 2013 | R31: ='FS Seychelles'!O32 -> 12873 | S31: ='FS Seychelles'!P32 -> 0 | T31: ='FS Seychelles'!Q32 -> 7575 | U31: ='FS Seychelles'!R32 -> 72 | V31: ='FS Seychelles'!S32 -> 60 | ... AA31: ='FS Seychelles'!X32 -> 0 | AB31: =12000/30 -> 400

Sheet FS Seychelles
A2: DATE | B2: Room Night | C2: SS-A | D2: SS-B | E2: SS-C | F2: SS-D1 | G2: SS-D2 | H2: SS-E | I2: FIRE PUMP | J2: CASINO | K2: BOH | L2: Generator#1 | M2: Generator#2 | N2: Generator#3 | O2: Generator#4 | P2: Generator#5 | Q2: DIESEL (Liter) | R2: BOH Water | S2: E-Resort | T2: North RVs | U2: WT59 | V2: WT08 | W2: PUC (HOH) | X2: PUC (Eresort) | Y2: LPG (Kg)
A3: 43709 | B3: 42.11 | C3: 4.81 | D3: 5.8 | E3: 6.22 | F3: 2.89 | G3: 3.8 | H3: 1.64 | I3: 1.38 | J3: 2.15 | K3: 4.09 | L3: 12417 | M3: 0 | N3: 12079 | O3: 8651 | P3: 0 | Q3: =2276+3229+3326 -> 8831 | R3: 90 | S3: 22 | T3: 81 | U3: 327 | V3: 95 | W3: 133 | X3: 0
A4: 43710 | B4: 47.37 | C4: 3.34 | D4: 5.17 | E4: 5.57 | F4: 2.06 | G4: 2.8 | H4: 2.27 | I4: 1.31 | J4: 1.66 | K4: 4.08 | L4: 8070 | M4: 3200 | N4: 10856 | O4: 6875 | P4: 0 | Q4: =2169+984+301+1809 -> 5263 | R4: 84 | S4: 37 | T4: 72 | U4: 233 | V4: 100 | W4: 138 | X4: 0
A5: 43711 | B5: 57.86 | C5: 3.05 | D5: 4.8 | E5: 5.43 | F5: 1.92 | G5: 2.54 | H5: 3.01 | I5: 1.42 | J5: 1.57 | K5: 7.69 | L5: 0 | M5: 0 | N5: 8602 | O5: 9303 | P5: 0 | Q5: =2448+2397 -> 4845 | R5: 82 | S5: 37 | T5: 84 | U5: 215 | V5: 100 | W5: 131 | X5: 0
A6: 43712 | B6: 67.11 | C6: 3.11 | D6: 5.26 | E6: 5.64 | F6: 1.74 | G6: 2.17 | H6: 2.67 | I6: 1.42 | J6: 1.65 | K6: 8.09 | L6: 8006 | M6: 2001 | N6: 11590 | O6: 5248 | P6: 0 | Q6: 7126 | R6: 76 | S6: 71 | T6: 61 | U6: 235 | V6: 112 | W6: 68 | X6: 0
A7: 43713 | B7: 59.21 | C7: 3.18 | D7: 5.35 | E7: 5.71 | F7: 1.83 | G7: 2.64 | H7: 2.5 | I7: 1.4 | J7: 1.79 | K7: 3.69 | L7: 0 | M7: 10275 | N7: 0 | O7: 4085 | P7: 0 | Q7: =2915+1075 -> 3990 | R7: 75 | S7: 35 | T7: 82 | U7: 236 | V7: 75 | W7: 73 | X7: 0
A8: 43714 | B8: 73.68 | C8: 3.07 | D8: 5.17 | E8: 5.66 | F8: 1.72 | G8: 2.83 | H8: 2.41 | I8: 1.4 | J8: 1.59 | K8: 3.64 | L8: 0 | M8: 9222 | N8: 12905 | O8: 3737 | P8: 0 | Q8: =3540+2640+983 -> 7163 | R8: 76 | S8: 38 | T8: 86 | U8: 338 | V8: 85 | W8: 119 | X8: 0
A9: 43715 | B9: 81.58 | C9: 3.46 | D9: 5.6 | E9: 5.77 | F9: 1.9 | G9: 3.18 | H9: 2.29 | I9: 1.42 | J9: 2.5 | K9: 3.6 | L9: 6225 | M9: 4881 | N9: 6582 | O9: 10387 | P9: 0 | Q9: =2733+1669+1388+1857 -> 7647 | R9: 66 | S9: 34 | T9: 79 | U9: 277 | V9: 67 | W9: 120 | X9: 0
A10: 43716 | B10: 67.11 | C10: 3.38 | D10: 5.48 | E10: 5.95 | F10: 1.92 | G10: 3.14 | H10: 2.28 | I10: 1.36 | J10: 1.94 | K10: 3.49 | L10: 5339 | M10: 8822 | N10: 10861 | O10: 3419 | P10: 0 | Q10: =1407+2925+2425+900 -> 7657 | R10: 80 | S10: 22 | T10: 90 | U10: 232 | V10: 68 | W10: 127 | X10: 0
A11: 43717 | B11: 65.79 | C11: 3.16 | D11: 5.4 | E11: 5.7 | F11: 1.9 | G11: 3.19 | H11: 2.1 | I11: 1.4 | J11: 1.95 | K11: 3.7 | L11: 5392 | M11: 5432 | N11: 9350 | O11: 8251 | P11: 0 | Q11: =2171+1467+2598+1700 -> 7936 | R11: 68 | S11: 41 | T11: 79 | U11: 235 | V11: 59 | W11: 117 | X11: 0
A12: 43718 | B12: 39.47 | C12: 3.18 | D12: 5.38 | E12: 5.57 | F12: 1.69 | G12: 3.31 | H12: 2.16 | I12: 1.46 | J12: 2.13 | K12: 3.78 | L12: 7436 | M12: 7974 | N12: 5769 | O12: 8117 | P12: 0 | Q12: =1921+2096+1534+2136 -> 7687 | R12: 74 | S12: 20 | T12: 76 | U12: 246 | V12: 68 | W12: 122 | X12: 0
A13: 43719 | B13: 35.53 | C13: 3.29 | D13: 5.34 | E13: 5.4 | F13: 1.83 | G13: 3.25 | H13: 2.25 | I13: 1.41 | J13: 2 | K13: 3.71 | L13: 1673 | M13: 13627 | N13: 12137 | O13: 2352 | P13: 0 | Q13: =618.9+3274+3763+449 -> 8104.9 | R13: 74 | S13: 38 | T13: 15 | U13: 235 | V13: 62 | W13: 123 | X13: 0
A14: 43720 | B14: 31.58 | C14: 3.12 | D14: 5.18 | E14: 5.4 | F14: 1.67 | G14: 2.88 | H14: 2.23 | I14: 1.41 | J14: 1.99 | K14: 3.74 | L14: 4506 | M14: 0 | N14: 9969 | O14: 14463 | P14: 0 | Q14: =3806+1236+2677 -> 7719 | R14: 77 | S14: 53 | T14: 63 | U14: 297 | V14: 82 | W14: 87 | X14: 0
A15: 43721 | B15: 30.26 | C15: 3.16 | D15: 4.99 | E15: 5.39 | F15: 1.57 | G15: 2.16 | H15: 2.15 | I15: 1.39 | J15: 1.93 | K15: 3.71 | L15: 8707 | M15: 5540 | N15: 8549 | O15: 4275 | P15: 0 | Q15: =1125+2342+1478+2265 -> 7210 | R15: 89 | S15: 28 | T15: 77 | U15: 295 | V15: 83 | W15: 85 | X15: 0
A16: 43722 | B16: 27.63 | C16: 3.04 | D16: 4.91 | E16: 5.31 | F16: 1.46 | G16: 2.01 | H16: 2.12 | I16: 1.42 | J16: 1.87 | K16: 3.63 | L16: 0 | M16: 3009 | N16: 9381 | O16: 12995 | P16: 0 | Q16: =834+2499+3420 -> 6753 | R16: 79 | S16: 36 | T16: 67 | U16: 245 | V16: 63 | W16: 168 | X16: 0
A17: 43723 | B17: 32.89 | C17: 2.98 | D17: 5.13 | E17: 5.07 | F17: 1.49 | G17: 1.89 | H17: 2.1 | I17: 1.39 | J17: 1.84 | K17: 3.46 | L17: 0 | M17: 9509 | N17: 13055 | O17: 3784 | P17: 0 | Q17: =3574+2632+996 -> 7202 | R17: 78 | S17: 28 | T17: 61 | U17: 242 | V17: 77 | W17: 85 | X17: 0
A18: 43724 | B18: 35.53 | C18: 3.08 | D18: 5.02 | E18: 4.95 | F18: 1.61 | G18: 1.88 | H18: 2.25 | I18: 1.39 | J18: 1.65 | K18: 3.61 | L18: 0 | M18: 9195 | N18: 4706 | O18: 12574 | P18: 0 | Q18: =1299+3309+2530 -> 7138 | R18: 69 | S18: 31 | T18: 58 | U18: 253 | V18: 70 | W18: 77 | X18: 0
A19: 43725 | B19: 43.42 | C19: 3.05 | D19: 4.87 | E19: 4.9 | F19: 1.6 | G19: 1.98 | H19: 2.25 | I19: 1.41 | J19: 1.71 | K19: 3.6 | L19: 3612 | M19: 9727 | N19: 13228 | O19: 0 | P19: 0 | Q19: =3585+2717+1007 -> 7309 | R19: 71 | S19: 81 | T19: 62 | U19: 243 | V19: 72 | W19: 193 | X19: 0
A20: 43726 | B20: 44.74 | C20: 2.96 | D20: 4.69 | E20: 4.61 | F20: 1.53 | G20: 1.68 | H20: 2.14 | I20: 1.43 | J20: 1.71 | K20: 3.45 | L20: 4531 | M20: 7189 | N20: 8691 | O20: 2989 | P20: . | Q20: =786+2377+1625+1203 -> 5991 | R20: 63 | S20: 11 | T20: 72 | U20: 361 | V20: 126 | W20: 110 | X20: 0
A21: 43727 | B21: 55.26 | C21: 3.05 | D21: 5.13 | E21: 5.06 | F21: 1.31 | G21: 1.7 | H21: 2.31 | I21: 1.48 | J21: 1.66 | K21: 3.58 | L21: 3285 | M21: 0 | N21: 12667 | O21: 9387 | P21: 0 | Q21: =3455+3285+2470 -> 9210 | R21: 69 | S21: 38 | T21: 89 | U21: 270 | V21: 86 | W21: 194 | X21: 0
A22: 43728 | B22: 53.95 | C22: 3.33 | D22: 5.7 | E22: 5.24 | F22: 1.42 | G22: 1.8 | H22: 2.36 | I22: 1.5 | J22: 1.7 | K22: 3.71 | L22: 10222 | M22: 468 | N22: 6563 | O22: 9562 | P22: 0 | Q22: =168+1782+2718+2516 -> 7184 | R22: 74 | S22: 31 | T22: 83 | U22: 263 | V22: 78 | W22: 153 | X22: 0
A23: 43729 | B23: 57.89 | C23: 3.05 | D23: 5.29 | E23: 4.99 | F23: 1.35 | G23: 1.7 | H23: 2.18 | I23: 1.51 | J23: 1.6 | K23: 3.56 | L23: 3033 | M23: 0 | N23: 9155 | O23: 12104 | P23: 0 | Q23: =2493+826+3185 -> 6504 | R23: 70 | S23: 71 | T23: 81 | U23: 284 | V23: 98 | W23: 111 | X23: 0
A24: 43730 | B24: 50 | C24: 3.21 | D24: 5.63 | E24: 5.03 | F24: 1.36 | G24: 1.68 | H24: 2.33 | I24: 1.29 | J24: 1.86 | K24: 3.37 | L24: 8720 | M24: 3611 | N24: 4675 | O24: 8141 | P24: 0 | Q24: =2298+2142+1282+987 -> 6709 | R24: 76 | S24: 37 | T24: 79 | U24: 243 | V24: 176 | W24: 86 | X24: 0
A25: 43731 | B25: 44.74 | C25: 3.09 | D25: 5.22 | E25: 5.04 | F25: 1.1 | G25: 2.09 | H25: 2.28 | I25: 1.41 | J25: 1.72 | K25: 3.64 | L25: 0 | M25: 8742 | N25: 5886 | O25: 12744 | P25: 0 | Q25: =2416+3353.7+679 -> 6448.7 | R25: 72 | S25: 39 | T25: 110 | U25: 239 | V25: 122 | W25: 148 | X25: 0
A26: 43732 | B26: 44.74 | C26: 3.19 | D26: 5.01 | E26: 5.08 | F26: 0 | G26: 1.02 | H26: 2.49 | I26: 1.44 | J26: 1.66 | K26: 3.73 | L26: 11313 | M26: 12562 | N26: 1723 | O26: 0 | P26: 0 | Q26: =3150+467+3030 -> 6647 | R26: 84 | S26: 41 | T26: 86 | U26: 247 | V26: 89 | W26: 149 | X26: 0
A27: 43733 | B27: 44.74 | C27: 3.17 | D27: 5.02 | E27: 5.12 | F27: 0 | G27: 1.09 | H27: 2.11 | I27: 1.53 | J27: 1.63 | K27: 3.77 | L27: 0 | M27: 2311 | N27: 12074 | O27: 10508 | P27: 0 | Q27: =3325+2765+667 -> 6757 | R27: 74 | S27: 33 | T27: 63 | U27: 280 | V27: 104 | W27: 149 | X27: 0
A28: 43734 | B28: 43.42 | C28: 3.35 | D28: 5.23 | E28: 5.33 | F28: 0 | G28: 1.12 | H28: 2.07 | I28: 1.51 | J28: 1.73 | K28: 3.63 | L28: 7200 | M28: 7327 | N28: 5561 | O28: 4257 | P28: 0 | Q28: =2010+1120+1532+2063 -> 6725 | R28: 74 | S28: 41 | T28: 54 | U28: 233 | V28: 64 | W28: 146 | X28: 0
A29: 43735 | B29: 45.45 | C29: 3.16 | D29: 4.66 | E29: 4.74 | F29: 0 | G29: 1.76 | H29: 1.97 | I29: 1.43 | J29: 1.6 | K29: 3.38 | L29: 2791 | M29: 0 | N29: 6503 | O29: 12388 | P29: 0 | Q29: =3260+742+1610 -> 5612 | R29: 78 | S29: 34 | T29: 52 | U29: 259 | V29: 72 | W29: 146 | X29: 0
A30: 43736 | B30: 45.45 | C30: 3.46 | D30: 5.32 | E30: 4.99 | F30: 0 | G30: 1.84 | H30: 2.11 | I30: 1.24 | J30: 1.71 | K30: 3.21 | L30: 0 | M30: 12579 | N30: 10107 | O30: 4484 | P30: 0 | Q30: =1180+2771+3513 -> 7464 | R30: 74 | S30: 27 | T30: 60 | U30: 240 | V30: 111 | W30: 154 | X30: 0
A31: 43737 | B31: 34.61 | C31: 3.14 | D31: 5.01 | E31: 4.94 | F31: 0 | G31: 1.71 | H31: 2.02 | I31: 1.35 | J31: 1.81 | K31: 3.41 | L31: 5084 | M31: 5688 | N31: 7931 | O31: 7486 | P31: 0 | Q31: =2227+1396+1582+1970 -> 7175 | R31: 62 | S31: 42 | T31: 42 | U31: 243 | V31: 84 | W31: 140 | X31: 0
A32: 43738 | B32: 59.02 | C32: 3.25 | D32: 5.63 | E32: 5.19 | F32: 0 | G32: 1.79 | H32: 2.22 | I32: 1.28 | J32: 1.84 | K32: 3.35 | L32: 0 | M32: 12139 | N32: 2013 | O32: 12873 | P32: 0 | Q32: =3387+528+3660 -> 7575 | R32: 72 | S32: 60 | T32: 56 | U32: 294 | V32: 84 | W32: 158 | X32: 0
