Workbook

Sheet Sheet1
A1: Site Name | B1: Day | C1: Month | D1: Year | E1: Total Electricity Kwh | F1: Electricity Tariff ($/Kwh) | G1: LPG (Kg) | H1: LPG $/Kg | I1: District Energy Cooling Kwh | J1: District Energy Cooling $/Kwh | K1: Water Utility Supply (m3) m3 | L1: Water Utility Supply (m3) $/m3 | M1: Irrigation Water (m3) m3 | N1: Irrigation water $/m3 | O1: Room Nights | P1: Total Guests
A2: Bahrain Bay | B2: 1 | C2: 8 | D2: 2020 | E2: ='Aug 2020 '!E5 -> 35122 | F2: 0.029 | G2: ='Aug 2020 '!J5 -> 0 | H2: 0.112 | I2: ='Aug 2020 '!G5*1000 -> 89000 | J2: 0.0361 | K2: ='Aug 2020 '!I5 -> 161 | L2: 0.75 | M2: ='Aug 2020 '!L5 -> 331 | N2: 0.563 | O2: ='Aug 2020 '!D5 -> 78
A3: Bahrain Bay | B3: =B2+1 -> 2 | C3: 8 | D3: 2020 | E3: ='Aug 2020 '!E6 -> 33671 | F3: 0.029 | G3: ='Aug 2020 '!J6 -> 0 | H3: 0.112 | I3: ='Aug 2020 '!G6*1000 -> 91000 | J3: 0.0361 | K3: ='Aug 2020 '!I6 -> 232 | L3: 0.75 | M3: ='Aug 2020 '!L6 -> 15 | N3: 0.563 | O3: ='Aug 2020 '!D6 -> 75
A4: Bahrain Bay | B4: =B3+1 -> 3 | C4: 8 | D4: 2020 | E4: ='Aug 2020 '!E7 -> 33842 | F4: 0.029 | G4: ='Aug 2020 '!J7 -> 0 | H4: 0.112 | I4: ='Aug 2020 '!G7*1000 -> 87000 | J4: 0.0361 | K4: ='Aug 2020 '!I7 -> 270 | L4: 0.75 | M4: ='Aug 2020 '!L7 -> 353 | N4: 0.563 | O4: ='Aug 2020 '!D7 -> 51
A5: Bahrain Bay | B5: =B4+1 -> 4 | C5: 8 | D5: 2020 | E5: ='Aug 2020 '!E8 -> 34074 | F5: 0.029 | G5: ='Aug 2020 '!J8 -> 0 | H5: 0.112 | I5: ='Aug 2020 '!G8*1000 -> 73000 | J5: 0.0361 | K5: ='Aug 2020 '!I8 -> 287 | L5: 0.75 | M5: ='Aug 2020 '!L8 -> 261 | N5: 0.563 | O5: ='Aug 2020 '!D8 -> 16
A6: Bahrain Bay | B6: =B5+1 -> 5 | C6: 8 | D6: 2020 | E6: ='Aug 2020 '!E9 -> 32922 | F6: 0.029 | G6: ='Aug 2020 '!J9 -> 2970 | H6: 0.112 | I6: ='Aug 2020 '!G9*1000 -> 75000 | J6: 0.0361 | K6: ='Aug 2020 '!I9 -> 173 | L6: 0.75 | M6: ='Aug 2020 '!L9 -> 275 | N6: 0.563 | O6: ='Aug 2020 '!D9 -> 20
A7: Bahrain Bay | B7: =B6+1 -> 6 | C7: 8 | D7: 2020 | E7: ='Aug 2020 '!E10 -> 33728 | F7: 0.029 | G7: 0 | H7: 0.112 | I7: ='Aug 2020 '!G10*1000 -> 91000 | J7: 0.0361 | K7: ='Aug 2020 '!I10 -> 193 | L7: 0.75 | M7: ='Aug 2020 '!L10 -> 331 | N7: 0.563 | O7: ='Aug 2020 '!D10 -> 50
A8: Bahrain Bay | B8: =B7+1 -> 7 | C8: 8 | D8: 2020 | E8: ='Aug 2020 '!E11 -> 39028 | F8: 0.029 | G8: ='Aug 2020 '!J11 -> 0 | H8: 0.112 | I8: ='Aug 2020 '!G11*1000 -> 79000 | J8: 0.0361 | K8: ='Aug 2020 '!I11 -> 247 | L8: 0.75 | M8: ='Aug 2020 '!L11 -> 158 | N8: 0.563 | O8: ='Aug 2020 '!D11 -> 82
A9: Bahrain Bay | B9: =B8+1 -> 8 | C9: 8 | D9: 2020 | E9: ='Aug 2020 '!E12 -> 33728 | F9: 0.029 | G9: ='Aug 2020 '!J12 -> 0 | H9: 0.112 | I9: ='Aug 2020 '!G12*1000 -> 78000 | J9: 0.0361 | K9: ='Aug 2020 '!I12 -> 301 | L9: 0.75 | M9: ='Aug 2020 '!L12 -> 227 | N9: 0.563 | O9: ='Aug 2020 '!D12 -> 34
A10: Bahrain Bay | B10: =B9+1 -> 9 | C10: 8 | D10: 2020 | E10: ='Aug 2020 '!E13 -> 33339 | F10: 0.029 | G10: ='Aug 2020 '!J13 -> 2970 | H10: 0.112 | I10: ='Aug 2020 '!G13*1000 -> 80000 | J10: 0.0361 | K10: ='Aug 2020 '!I13 -> 178 | L10: 0.75 | M10: ='Aug 2020 '!L13 -> 241 | N10: 0.563 | O10: ='Aug 2020 '!D13 -> 40
A11: Bahrain Bay | B11: =B10+1 -> 10 | C11: 8 | D11: 2020 | E11: ='Aug 2020 '!E14 -> 33363 | F11: 0.029 | G11: ='Aug 2020 '!J14 -> 0 | H11: 0.112 | I11: ='Aug 2020 '!G14*1000 -> 85000 | J11: 0.0361 | K11: ='Aug 2020 '!I14 -> 27 | L11: 0.75 | M11: ='Aug 2020 '!L14 -> 511 | N11: 0.563 | O11: ='Aug 2020 '!D14 -> 47
A12: Bahrain Bay | B12: =B11+1 -> 11 | C12: 8 | D12: 2020 | E12: ='Aug 2020 '!E15 -> 33363 | F12: 0.029 | G12: ='Aug 2020 '!J15 -> 0 | H12: 0.112 | I12: ='Aug 2020 '!G15*1000 -> 89000 | J12: 0.0361 | K12: ='Aug 2020 '!I15 -> 382 | L12: 0.75 | M12: ='Aug 2020 '!L15 -> 184 | N12: 0.563 | O12: ='Aug 2020 '!D15 -> 37
A13: Bahrain Bay | B13: =B12+1 -> 12 | C13: 8 | D13: 2020 | E13: ='Aug 2020 '!E16 -> 33135 | F13: 0.029 | G13: ='Aug 2020 '!J16 -> 2970 | H13: 0.112 | I13: ='Aug 2020 '!G16*1000 -> 83000 | J13: 0.0361 | K13: ='Aug 2020 '!I16 -> 351 | L13: 0.75 | M13: ='Aug 2020 '!L16 -> 275 | N13: 0.563 | O13: ='Aug 2020 '!D16 -> 32
A14: Bahrain Bay | B14: =B13+1 -> 13 | C14: 8 | D14: 2020 | E14: ='Aug 2020 '!E17 -> 35519 | F14: 0.029 | G14: ='Aug 2020 '!J17 -> 0 | H14: 0.112 | I14: ='Aug 2020 '!G17*1000 -> 72000 | J14: 0.0361 | K14: ='Aug 2020 '!I17 -> 189 | L14: 0.75 | M14: ='Aug 2020 '!L17 -> 305 | N14: 0.563 | O14: ='Aug 2020 '!D17 -> 45
A15: Bahrain Bay | B15: =B14+1 -> 14 | C15: 8 | D15: 2020 | E15: ='Aug 2020 '!E18 -> 35917 | F15: 0.029 | G15: ='Aug 2020 '!J18 -> 0 | H15: 0.112 | I15: ='Aug 2020 '!G18*1000 -> 81000 | J15: 0.0361 | K15: ='Aug 2020 '!I18 -> 230 | L15: 0.75 | M15: ='Aug 2020 '!L18 -> 176 | N15: 0.563 | O15: ='Aug 2020 '!D18 -> 51
A16: Bahrain Bay | B16: =B15+1 -> 15 | C16: 8 | D16: 2020 | E16: ='Aug 2020 '!E19 -> 34797 | F16: 0.029 | G16: ='Aug 2020 '!J19 -> 0 | H16: 0.112 | I16: ='Aug 2020 '!G19*1000 -> 77000 | J16: 0.0361 | K16: ='Aug 2020 '!I19 -> 233 | L16: 0.75 | M16: ='Aug 2020 '!L19 -> 311 | N16: 0.563 | O16: ='Aug 2020 '!D19 -> 28
A17: Bahrain Bay | B17: =B16+1 -> 16 | C17: 8 | D17: 2020 | E17: ='Aug 2020 '!E20 -> 37307 | F17: 0.029 | G17: ='Aug 2020 '!J20 -> 0 | H17: 0.112 | I17: ='Aug 2020 '!G20*1000 -> 74000 | J17: 0.0361 | K17: ='Aug 2020 '!I20 -> 149 | L17: 0.75 | M17: ='Aug 2020 '!L20 -> 287 | N17: 0.563 | O17: ='Aug 2020 '!D20 -> 19
A18: Bahrain Bay | B18: =B17+1 -> 17 | C18: 8 | D18: 2020 | E18: ='Aug 2020 '!E21 -> 34797 | F18: 0.029 | G18: ='Aug 2020 '!J21 -> 0 | H18: 0.112 | I18: ='Aug 2020 '!G21*1000 -> 72000 | J18: 0.0361 | K18: ='Aug 2020 '!I21 -> 201 | L18: 0.75 | M18: ='Aug 2020 '!L21 -> 389 | N18: 0.563 | O18: ='Aug 2020 '!D21 -> 37
A19: Bahrain Bay | B19: =B18+1 -> 18 | C19: 8 | D19: 2020 | E19: ='Aug 2020 '!E22 -> 33587 | F19: 0.029 | G19: ='Aug 2020 '!J22 -> 2970 | H19: 0.112 | I19: ='Aug 2020 '!G22*1000 -> 77000 | J19: 0.0361 | K19: ='Aug 2020 '!I22 -> 231 | L19: 0.75 | M19: ='Aug 2020 '!L22 -> 335 | N19: 0.563 | O19: ='Aug 2020 '!D22 -> 34
... A29: Bahrain Bay | B29: =B28+1 -> 28 | C29: 8 | D29: 2020 | E29: ='Aug 2020 '!E32 -> 0 | F29: 0.029 | G29: ='Aug 2020 '!J32 -> 0 | H29: 0.112 | I29: ='Aug 2020 '!G32*1000 -> 0 | J29: 0.0361 | K29: ='Aug 2020 '!I32 -> 0 | L29: 0.75 | M29: ='Aug 2020 '!L32 -> 0 | N29: 0.563 | O29: ='Aug 2020 '!D32 -> 0
A30: Bahrain Bay | B30: 29 | C30: 8 | D30: 2020 | E30: ='Aug 2020 '!E33 -> 0 | F30: 0.029 | G30: ='Aug 2020 '!J33 -> 0 | H30: 0.112 | I30: ='Aug 2020 '!G33*1000 -> 0 | J30: 0.0361 | K30: ='Aug 2020 '!I33 -> 0 | L30: 0.75 | M30: ='Aug 2020 '!L33 -> 0 | N30: 0.563 | O30: ='Aug 2020 '!D33 -> 0
A31: Bahrain Bay | B31: 30 | C31: 8 | D31: 2020 | E31: ='Aug 2020 '!E34 -> 0 | F31: 0.029 | G31: ='Aug 2020 '!J34 -> 0 | H31: 0.112 | I31: ='Aug 2020 '!G34*1000 -> 0 | J31: 0.0361 | K31: ='Aug 2020 '!I34 -> 0 | L31: 0.75 | M31: ='Aug 2020 '!L34 -> 0 | N31: 0.563 | O31: ='Aug 2020 '!D34 -> 0
A32: Bahrain Bay | B32: 31 | C32: 8 | D32: 2020 | E32: ='Aug 2020 '!E35 -> 0 | F32: 0.029 | G32: ='Aug 2020 '!J35 -> 0 | H32: 0.112 | I32: ='Aug 2020 '!G35*1000 -> 0 | J32: 0.0361 | K32: ='Aug 2020 '!I35 -> 0 | L32: 0.75 | M32: ='Aug 2020 '!L35 -> 0 | N32: 0.563 | O32: ='Aug 2020 '!D35 -> 0

Sheet Aug 2020 
B2: Electricity and Utilities Reading
B3: S. No. | C3: Date | E3: Electricity Consumption kWh | F3: Chilled H2O Consumption Reading | G3: Consumption MWh | H3: Potable Water Consumption Reading | I3: Consumption m3 | K3: Irrigation Water Consumption Reading | L3: Consumption m3
D4: RoomNights | J4: LPG (Kg)
B5: 1 | C5: 44044 | D5: 78 | E5: 35122 | F5: 174560 | G5: =F6-F5 -> 89 | H5: 398251 | I5: =H6-H5 -> 161 | J5: 0 | K5: 239892 | L5: =K6-K5 -> 331
B6: 2 | C6: 44045 | D6: 75 | E6: 33671 | F6: 174649 | G6: =F7-F6 -> 91 | H6: 398412 | I6: =H7-H6 -> 232 | J6: 0 | K6: 240223 | L6: =K7-K6 -> 15
B7: 3 | C7: 44046 | D7: 51 | E7: 33842 | F7: 174740 | G7: =F8-F7 -> 87 | H7: 398644 | I7: =H8-H7 -> 270 | J7: 0 | K7: 240238 | L7: =K8-K7 -> 353
B8: 4 | C8: 44047 | D8: 16 | E8: 34074 | F8: 174827 | G8: =F9-F8 -> 73 | H8: 398914 | I8: =H9-H8 -> 287 | J8: 0 | K8: 240591 | L8: =K9-K8 -> 261
B9: 5 | C9: 44048 | D9: 20 | E9: 32922 | F9: 174900 | G9: =F10-F9 -> 75 | H9: 399201 | I9: =H10-H9 -> 173 | J9: 2970 | K9: 240852 | L9: =K10-K9 -> 275
B10: 6 | C10: 44049 | D10: 50 | E10: 33728 | F10: 174975 | G10: =F11-F10 -> 91 | H10: 399374 | I10: =H11-H10 -> 193 | J10: 0 | K10: 241127 | L10: =K11-K10 -> 331
B11: 7 | C11: 44050 | D11: 82 | E11: 39028 | F11: 175066 | G11: =F12-F11 -> 79 | H11: 399567 | I11: =H12-H11 -> 247 | J11: 0 | K11: 241458 | L11: =K12-K11 -> 158
B12: 8 | C12: 44051 | D12: 34 | E12: 33728 | F12: 175145 | G12: =F13-F12 -> 78 | H12: 399814 | I12: =H13-H12 -> 301 | J12: 0 | K12: 241616 | L12: =K13-K12 -> 227
B13: 9 | C13: 44052 | D13: 40 | E13: 33339 | F13: 175223 | G13: =F14-F13 -> 80 | H13: 400115 | I13: =H14-H13 -> 178 | J13: 2970 | K13: 241843 | L13: =K14-K13 -> 241
B14: 10 | C14: 44053 | D14: 47 | E14: 33363 | F14: 175303 | G14: =F15-F14 -> 85 | H14: 400293 | I14: =H15-H14 -> 27 | J14: 0 | K14: 242084 | L14: =K15-K14 -> 511
B15: 11 | C15: 44054 | D15: 37 | E15: 33363 | F15: 175388 | G15: =F16-F15 -> 89 | H15: 400320 | I15: =H16-H15 -> 382 | J15: 0 | K15: 242595 | L15: =K16-K15 -> 184
B16: 12 | C16: 44055 | D16: 32 | E16: 33135 | F16: 175477 | G16: =F17-F16 -> 83 | H16: 400702 | I16: =H17-H16 -> 351 | J16: 2970 | K16: 242779 | L16: =K17-K16 -> 275
... B22: 18 | C22: 44061 | D22: 34 | E22: 33587 | F22: 175936 | G22: =F23-F22 -> 77 | H22: 402055 | I22: =H23-H22 -> 231 | J22: 2970 | K22: 244522 | L22: =K23-K22 -> 335
B23: 19 | C23: 44062 | F23: 176013 | H23: 402286 | K23: 244857
B24: 20 | C24: 44063
B25: 21 | C25: 44064
B26: 22 | C26: 44065
B27: 23 | C27: 44066
B28: 24 | C28: 44067
B29: 25 | C29: 44068
B30: 26 | C30: 44069
B31: 27 | C31: 44070
B32: 28 | C32: 44071
B33: 29 | C33: 44072
B34: 30 | C34: 44073
B35: 31 | C35: 44074
