Workbook

Sheet TOTAL
A1: Site Name | B1: Day | C1: Month | D1: Year | E1: Total Electricity Kwh | F1: Electricity Tariff ($/Kwh) | G1: Natual Gas (m3) | H1: Natural Gas $/m3 | I1: Water Utility Supply (m3) m3 | J1: Water Utility Supply (m3) $/m3 | K1: Room Nights
A2: Tunis | B2: 1 | C2: 8 | D2: 2020 | E2: =submetering!E2+submetering!F2+submetering!G2 -> 14062 | F2: 0.251 | G2: =submetering!H2+submetering!I2 -> 840 | H2: 0.571816 | I2: =HOTEL!U9 -> 300 | J2: 2.855 | K2: =HOTEL!Y9 -> 44
A3: Tunis | B3: =B2+1 -> 2 | C3: 8 | D3: 2020 | E3: =submetering!E3+submetering!F3+submetering!G3 -> 13493 | F3: 0.251 | G3: =submetering!H3+submetering!I3 -> 914 | H3: 0.571816 | I3: =HOTEL!U10 -> 320 | J3: 2.855 | K3: =HOTEL!Y10 -> 49
A4: Tunis | B4: =B3+1 -> 3 | C4: 8 | D4: 2020 | E4: =submetering!E4+submetering!F4+submetering!G4 -> 14288 | F4: 0.251 | G4: =submetering!H4+submetering!I4 -> 779 | H4: 0.571816 | I4: =HOTEL!U11 -> 401 | J4: 2.855 | K4: =HOTEL!Y11 -> 51
A5: Tunis | B5: =B4+1 -> 4 | C5: 8 | D5: 2020 | E5: =submetering!E5+submetering!F5+submetering!G5 -> 12871 | F5: 0.251 | G5: =submetering!H5+submetering!I5 -> 919 | H5: 0.571816 | I5: =HOTEL!U12 -> 315 | J5: 2.855 | K5: =HOTEL!Y12 -> 56
A6: Tunis | B6: =B5+1 -> 5 | C6: 8 | D6: 2020 | E6: =submetering!E6+submetering!F6+submetering!G6 -> 11616 | F6: 0.251 | G6: =submetering!H6+submetering!I6 -> 938 | H6: 0.571816 | I6: =HOTEL!U13 -> 445 | J6: 2.855 | K6: =HOTEL!Y13 -> 57
A7: Tunis | B7: =B6+1 -> 6 | C7: 8 | D7: 2020 | E7: =submetering!E7+submetering!F7+submetering!G7 -> 11406 | F7: 0.251 | G7: =submetering!H7+submetering!I7 -> 844 | H7: 0.571816 | I7: =HOTEL!U14 -> 460 | J7: 2.855 | K7: =HOTEL!Y14 -> 57
A8: Tunis | B8: =B7+1 -> 7 | C8: 8 | D8: 2020 | E8: =submetering!E8+submetering!F8+submetering!G8 -> 11802 | F8: 0.251 | G8: =submetering!H8+submetering!I8 -> 940 | H8: 0.571816 | I8: =HOTEL!U15 -> 310 | J8: 2.855 | K8: =HOTEL!Y15 -> 66
A9: Tunis | B9: =B8+1 -> 8 | C9: 8 | D9: 2020 | E9: =submetering!E9+submetering!F9+submetering!G9 -> 11872 | F9: 0.251 | G9: =submetering!H9+submetering!I9 -> 799 | H9: 0.571816 | I9: =HOTEL!U16 -> 286 | J9: 2.855 | K9: =HOTEL!Y16 -> 66
A10: Tunis | B10: =B9+1 -> 9 | C10: 8 | D10: 2020 | E10: =submetering!E10+submetering!F10+submetering!G10 -> 12244 | F10: 0.251 | G10: =submetering!H10+submetering!I10 -> 895 | H10: 0.571816 | I10: =HOTEL!U17 -> 259 | J10: 2.855 | K10: =HOTEL!Y17 -> 77
A11: Tunis | B11: =B10+1 -> 10 | C11: 8 | D11: 2020 | E11: =submetering!E11+submetering!F11+submetering!G11 -> 12696 | F11: 0.251 | G11: =submetering!H11+submetering!I11 -> 957 | H11: 0.571816 | I11: =HOTEL!U18 -> 413 | J11: 2.855 | K11: =HOTEL!Y18 -> 79
A12: Tunis | B12: =B11+1 -> 11 | C12: 8 | D12: 2020 | E12: =submetering!E12+submetering!F12+submetering!G12 -> 12551 | F12: 0.251 | G12: =submetering!H12+submetering!I12 -> 876 | H12: 0.571816 | I12: =HOTEL!U19 -> 413 | J12: 2.855 | K12: =HOTEL!Y19 -> 79
A13: Tunis | B13: =B12+1 -> 12 | C13: 8 | D13: 2020 | E13: =submetering!E13+submetering!F13+submetering!G13 -> 14028 | F13: 0.251 | G13: =submetering!H13+submetering!I13 -> 914 | H13: 0.571816 | I13: =HOTEL!U20 -> 326 | J13: 2.855 | K13: =HOTEL!Y20 -> 84
A14: Tunis | B14: =B13+1 -> 13 | C14: 8 | D14: 2020 | E14: =submetering!E14+submetering!F14+submetering!G14 -> 15008 | F14: 0.251 | G14: =submetering!H14+submetering!I14 -> 941 | H14: 0.571816 | I14: =HOTEL!U21 -> 459 | J14: 2.855 | K14: =HOTEL!Y21 -> 90
... A32: Tunis | B32: =B31+1 -> 31 | C32: 8 | D32: 2020 | E32: =submetering!E32+submetering!F32+submetering!G32 -> 13487 | F32: 0.251 | G32: =submetering!H32+submetering!I32 -> 817 | H32: 0.571816 | I32: =HOTEL!U39 -> 364 | J32: 2.855 | K32: =HOTEL!Y39 -> 28

Sheet submetering
A1: Site Name | B1: Day | C1: Month | D1: Year | E1: Ph1 KWh | F1: Ph2 KWh | G1: Ph3 KWh | H1: Cuisine m3 | I1: Chaufferie m3 | J1: Water m3 | K1: Room Nights | L1: Groupe Froid Indus 1 - KWH | M1: Beach Bar - KWH | N1: SGX zone de service secours - KWH | O1: Gen.Rest.Spécialité Secours - KWH | P1: SGX Rest.Menu+ young adult - KWH | Q1: Onduleur Principal 1er - KWH | R1: Bloc A Hebergement - KWH | S1: Bloc B Hebergement - KWH | T1: TGBT Hebergement - KWH | U1: S1,S2,P2,P3,P6,P7 - KWH | V1: Buanderie - KWH | W1: Gen.Spa.Secours - KWH | X1: S3,S4 - KWH | Y1: Groupe Froid Indus - KWH | Z1: Gen.Reception Secours - KWH | AA1: Surpresseur Eau potable - KWH | AB1: Service Comptabilité Secours - KWH | AC1: Clim+Extraction Data Center - KWH | AD1: SGX grand parking Area - KWH | AE1: Cuisine rest.Menu secours - KWH | AF1: S5,S6,P4,P5,P9 - KWH | AG1: Bloc B Hebergement - KWH | AH1: Parking valet + Standard secours - KWH | AI1: Administration secours - KWH | AJ1: Eclairage Grand piscine Ext Secours - KWH | AK1: FM+SGX Buanderie Secours - KWH | AL1: Orange - KWH | AM1: FM chaudière à vapeur - KWH | AN1: Loge Gardien 2 - KWH | AO1: Loge Gardien 1 - KWH | AP1: TGBT Sécurité - KWH | AQ1: Gen.Centre congrés secours - KWH | AR1: FM chaufferie Gauche - KWH | AS1: Groupe d'eau glacé 1 - KWH | AT1: FM cuisine Rest.Menu - KWH | AU1: FM cuisine Ballroom - KWH | AV1: Groupe d'eau glacé 2 - KWH | AW1: Groupe d'eau glacé 3 - KWH | AX1: FM piscine extérieur - KWH | AY1: Show power Centre Congrés - KWH | AZ1: Groupe d'eau glacé 4 - KWH | BA1: Bloc A Hebergement - KWH | BB1: Bloc B Hebergement - KWH | BC1: Gene.Clim Centre congré - KWH | BD1: Bloc B Hebergement - KWH | BE1: FM rest.spécialité normal - KWH | BF1: FM Cuisine reception normal - KWH | BG1: Gene.Spa normal - KWH | BH1: Clim Zone Rest.Menu - KWH | BI1: TGBT Hebergement - KWH | BJ1: Chauf.Gauche.Eau Foide.adoucisseur - m3 | BK1: Chauf.Gauche.Eau Foide.Cuisine - m3 | BL1: Chauf.Gauche.Eau Foide.Heberg - m3 | BM1: Chauf.Gauche.Eau Foide.Piscine - m3 | BN1: Chauf.Gauche.Eau Foide.Buanderie - m3 | BO1: Chauf.Gauche.Dep.EC heb - m3 | BP1: Chauf.Gauche.Ret.EC Heb - m3 | BQ1: Chauf.Gauche.Ret.EC.LC et service divers - m3 | BR1: Chauf.Gauche.Retour eau glacé - m3 | BS1: Chauf.Gauche.Ret.eau.ch.buanderie - m3 | BT1: Chauf.Gauche.Remp. retour coll.EC - m3 | BU1: Chauf.Droite.Eau.Froide.Adoucisseur - m3 | BV1: Chauf.Droite.Eau.Froide.Spa pool - m3 | BW1: Chauf.Droite.Eau.Froide.pataugeoire - m3 | BX1: Chauf.Droite.Eau.Froide.Spa Base 3 - m3 | BY1: Chauf.Droite.Eau.Froide. Heberg droite - m3 | BZ1: Chauf.Droite.Dep.EC Heb droite - m3 | CA1: Chauf.Droite.Dep.EC Spa - m3 | CB1: Chauf.Droite.Ret.EC Spa - m3 | CC1: Arrosage - m3 | CD1: suite presidentielle - m3 | CE1: Kids club - m3 | CF1: Tow Bedroom A - m3 | CG1: Tow Bedroom B - m3 | CH1: Tow Bedroom C - m3 | CI1: wirlpool h - m3 | CJ1: wirlpool f -m3 | CK1: piscine spa pool - m3 | CL1: piscine ext - m3 | CM1: filtration piscine ext - m3 | CN1: depart chaufferie droite - m3 | CO1: adoucisseur chaufferie vapeur - m3
A2: Tunis | B2: 1 | C2: 8 | D2: 2020 | E2: =HOTEL!D9 -> 4789 | F2: =HOTEL!F9 -> 4767 | G2: =HOTEL!H9 -> 4506 | H2: =HOTEL!N9 -> 116 | I2: =HOTEL!P9 -> 724 | J2: =HOTEL!U9 -> 300 | K2: =HOTEL!Y9 -> 44 | BI2: =IF(([1]Submeters!AY8-[1]Submeters!AY6)<0,"0",[1]Submeters!AY8-[1]Submeters!AY6) -> 389 | BJ2: =IF(([1]Submeters!AZ8-[1]Submeters!AZ6)<0,"0",[1]Submeters!AZ8-[1]Submeters!AZ6) -> 0 | BK2: =IF(([1]Submeters!BA8-[1]Submeters!BA6)<0,"0",[1]Submeters!BA8-[1]Submeters!BA6) -> 0 | BL2: =IF(([1]Submeters!BB8-[1]Submeters!BB6)<0,"0",[1]Submeters!BB8-[1]Submeters!BB6) -> 0 | BM2: =IF(([1]Submeters!BC8-[1]Submeters!BC6)<0,"0",[1]Submeters!BC8-[1]Submeters!BC6) -> 0 | BN2: =IF(([1]Submeters!BD8-[1]Submeters!BD6)<0,"0",[1]Submeters!BD8-[1]Submeters!BD6) -> 0 | BO2: =IF(([1]Submeters!BE8-[1]Submeters!BE6)<0,"0",[1]Submeters!BE8-[1]Submeters!BE6) -> 0 | BP2: =IF(([1]Submeters!BF8-[1]Submeters!BF6)<0,"0",[1]Submeters!BF8-[1]Submeters!BF6) -> 0 | ... CO2: =IF(([1]Submeters!CE8-[1]Submeters!CE6)<0,"0",[1]Submeters!CE8-[1]Submeters!CE6) -> 0
A3: Tunis | B3: =B2+1 -> 2 | C3: 8 | D3: 2020 | E3: =HOTEL!D10 -> 4593 | F3: =HOTEL!F10 -> 4584 | G3: =HOTEL!H10 -> 4316 | H3: =HOTEL!N10 -> 116 | I3: =HOTEL!P10 -> 798 | J3: =HOTEL!U10 -> 320 | K3: =HOTEL!Y10 -> 49 | BI3: =IF(([1]Submeters!AY9-[1]Submeters!AY8)<0,"0",[1]Submeters!AY9-[1]Submeters!AY8) -> 328 | BJ3: =IF(([1]Submeters!AZ9-[1]Submeters!AZ8)<0,"0",[1]Submeters!AZ9-[1]Submeters!AZ8) -> 0 | BK3: =IF(([1]Submeters!BA9-[1]Submeters!BA8)<0,"0",[1]Submeters!BA9-[1]Submeters!BA8) -> 0 | BL3: =IF(([1]Submeters!BB9-[1]Submeters!BB8)<0,"0",[1]Submeters!BB9-[1]Submeters!BB8) -> 0 | BM3: =IF(([1]Submeters!BC9-[1]Submeters!BC8)<0,"0",[1]Submeters!BC9-[1]Submeters!BC8) -> 0 | BN3: =IF(([1]Submeters!BD9-[1]Submeters!BD8)<0,"0",[1]Submeters!BD9-[1]Submeters!BD8) -> 0 | BO3: =IF(([1]Submeters!BE9-[1]Submeters!BE8)<0,"0",[1]Submeters!BE9-[1]Submeters!BE8) -> 0 | BP3: =IF(([1]Submeters!BF9-[1]Submeters!BF8)<0,"0",[1]Submeters!BF9-[1]Submeters!BF8) -> 0 | ... CO3: =IF(([1]Submeters!CE9-[1]Submeters!CE8)<0,"0",[1]Submeters!CE9-[1]Submeters!CE8) -> 0
A4: Tunis | B4: =B3+1 -> 3 | C4: 8 | D4: 2020 | E4: =HOTEL!D11 -> 4642 | F4: =HOTEL!F11 -> 4983 | G4: =HOTEL!H11 -> 4663 | H4: =HOTEL!N11 -> 116 | I4: =HOTEL!P11 -> 663 | J4: =HOTEL!U11 -> 401 | K4: =HOTEL!Y11 -> 51 | BI4: =IF(([1]Submeters!AY10-[1]Submeters!AY9)<0,"0",[1]Submeters!AY10-[1]Submeters!AY9) -> 318 | BJ4: =IF(([1]Submeters!AZ10-[1]Submeters!AZ9)<0,"0",[1]Submeters!AZ10-[1]Submeters!AZ9) -> 0 | BK4: =IF(([1]Submeters!BA10-[1]Submeters!BA9)<0,"0",[1]Submeters!BA10-[1]Submeters!BA9) -> 0 | BL4: =IF(([1]Submeters!BB10-[1]Submeters!BB9)<0,"0",[1]Submeters!BB10-[1]Submeters!BB9) -> 0 | BM4: =IF(([1]Submeters!BC10-[1]Submeters!BC9)<0,"0",[1]Submeters!BC10-[1]Submeters!BC9) -> 0 | BN4: =IF(([1]Submeters!BD10-[1]Submeters!BD9)<0,"0",[1]Submeters!BD10-[1]Submeters!BD9) -> 0 | BO4: =IF(([1]Submeters!BE10-[1]Submeters!BE9)<0,"0",[1]Submeters!BE10-[1]Submeters!BE9) -> 0 | BP4: =IF(([1]Submeters!BF10-[1]Submeters!BF9)<0,"0",[1]Submeters!BF10-[1]Submeters!BF9) -> 0 | ... CO4: =IF(([1]Submeters!CE10-[1]Submeters!CE9)<0,"0",[1]Submeters!CE10-[1]Submeters!CE9) -> 0
A5: Tunis | B5: =B4+1 -> 4 | C5: 8 | D5: 2020 | E5: =HOTEL!D12 -> 4586 | F5: =HOTEL!F12 -> 4259 | G5: =HOTEL!H12 -> 4026 | H5: =HOTEL!N12 -> 92 | I5: =HOTEL!P12 -> 827 | J5: =HOTEL!U12 -> 315 | K5: =HOTEL!Y12 -> 56 | BI5: =IF(([1]Submeters!AY11-[1]Submeters!AY10)<0,"0",[1]Submeters!AY11-[1]Submeters!AY10) -> 264 | BJ5: =IF(([1]Submeters!AZ11-[1]Submeters!AZ10)<0,"0",[1]Submeters!AZ11-[1]Submeters!AZ10) -> 0 | BK5: =IF(([1]Submeters!BA11-[1]Submeters!BA10)<0,"0",[1]Submeters!BA11-[1]Submeters!BA10) -> 0 | BL5: =IF(([1]Submeters!BB11-[1]Submeters!BB10)<0,"0",[1]Submeters!BB11-[1]Submeters!BB10) -> 0 | BM5: =IF(([1]Submeters!BC11-[1]Submeters!BC10)<0,"0",[1]Submeters!BC11-[1]Submeters!BC10) -> 0 | BN5: =IF(([1]Submeters!BD11-[1]Submeters!BD10)<0,"0",[1]Submeters!BD11-[1]Submeters!BD10) -> 0 | BO5: =IF(([1]Submeters!BE11-[1]Submeters!BE10)<0,"0",[1]Submeters!BE11-[1]Submeters!BE10) -> 0 | BP5: =IF(([1]Submeters!BF11-[1]Submeters!BF10)<0,"0",[1]Submeters!BF11-[1]Submeters!BF10) -> 0 | ... CO5: =IF(([1]Submeters!CE11-[1]Submeters!CE10)<0,"0",[1]Submeters!CE11-[1]Submeters!CE10) -> 0
A6: Tunis | B6: =B5+1 -> 5 | C6: 8 | D6: 2020 | E6: =HOTEL!D13 -> 3866 | F6: =HOTEL!F13 -> 4154 | G6: =HOTEL!H13 -> 3596 | H6: =HOTEL!N13 -> 115 | I6: =HOTEL!P13 -> 823 | J6: =HOTEL!U13 -> 445 | K6: =HOTEL!Y13 -> 57 | BI6: =IF(([1]Submeters!AY12-[1]Submeters!AY11)<0,"0",[1]Submeters!AY12-[1]Submeters!AY11) -> 349 | BJ6: =IF(([1]Submeters!AZ12-[1]Submeters!AZ11)<0,"0",[1]Submeters!AZ12-[1]Submeters!AZ11) -> 0 | BK6: =IF(([1]Submeters!BA12-[1]Submeters!BA11)<0,"0",[1]Submeters!BA12-[1]Submeters!BA11) -> 0 | BL6: =IF(([1]Submeters!BB12-[1]Submeters!BB11)<0,"0",[1]Submeters!BB12-[1]Submeters!BB11) -> 0 | BM6: =IF(([1]Submeters!BC12-[1]Submeters!BC11)<0,"0",[1]Submeters!BC12-[1]Submeters!BC11) -> 0 | BN6: =IF(([1]Submeters!BD12-[1]Submeters!BD11)<0,"0",[1]Submeters!BD12-[1]Submeters!BD11) -> 0 | BO6: =IF(([1]Submeters!BE12-[1]Submeters!BE11)<0,"0",[1]Submeters!BE12-[1]Submeters!BE11) -> 0 | BP6: =IF(([1]Submeters!BF12-[1]Submeters!BF11)<0,"0",[1]Submeters!BF12-[1]Submeters!BF11) -> 0 | ... CO6: =IF(([1]Submeters!CE12-[1]Submeters!CE11)<0,"0",[1]Submeters!CE12-[1]Submeters!CE11) -> 0
A7: Tunis | B7: =B6+1 -> 6 | C7: 8 | D7: 2020 | E7: =HOTEL!D14 -> 3962 | F7: =HOTEL!F14 -> 3725 | G7: =HOTEL!H14 -> 3719 | H7: =HOTEL!N14 -> 133 | I7: =HOTEL!P14 -> 711 | J7: =HOTEL!U14 -> 460 | K7: =HOTEL!Y14 -> 57 | BI7: =IF(([1]Submeters!AY13-[1]Submeters!AY12)<0,"0",[1]Submeters!AY13-[1]Submeters!AY12) -> 285 | BJ7: =IF(([1]Submeters!AZ13-[1]Submeters!AZ12)<0,"0",[1]Submeters!AZ13-[1]Submeters!AZ12) -> 0 | BK7: =IF(([1]Submeters!BA13-[1]Submeters!BA12)<0,"0",[1]Submeters!BA13-[1]Submeters!BA12) -> 0 | BL7: =IF(([1]Submeters!BB13-[1]Submeters!BB12)<0,"0",[1]Submeters!BB13-[1]Submeters!BB12) -> 0 | BM7: =IF(([1]Submeters!BC13-[1]Submeters!BC12)<0,"0",[1]Submeters!BC13-[1]Submeters!BC12) -> 0 | BN7: =IF(([1]Submeters!BD13-[1]Submeters!BD12)<0,"0",[1]Submeters!BD13-[1]Submeters!BD12) -> 0 | BO7: =IF(([1]Submeters!BE13-[1]Submeters!BE12)<0,"0",[1]Submeters!BE13-[1]Submeters!BE12) -> 0 | BP7: =IF(([1]Submeters!BF13-[1]Submeters!BF12)<0,"0",[1]Submeters!BF13-[1]Submeters!BF12) -> 0 | ... CO7: =IF(([1]Submeters!CE13-[1]Submeters!CE12)<0,"0",[1]Submeters!CE13-[1]Submeters!CE12) -> 0
A8: Tunis | B8: =B7+1 -> 7 | C8: 8 | D8: 2020 | E8: =HOTEL!D15 -> 3728 | F8: =HOTEL!F15 -> 4135 | G8: =HOTEL!H15 -> 3939 | H8: =HOTEL!N15 -> 129 | I8: =HOTEL!P15 -> 811 | J8: =HOTEL!U15 -> 310 | K8: =HOTEL!Y15 -> 66 | BI8: =IF(([1]Submeters!AY14-[1]Submeters!AY13)<0,"0",[1]Submeters!AY14-[1]Submeters!AY13) -> 367 | BJ8: =IF(([1]Submeters!AZ14-[1]Submeters!AZ13)<0,"0",[1]Submeters!AZ14-[1]Submeters!AZ13) -> 0 | BK8: =IF(([1]Submeters!BA14-[1]Submeters!BA13)<0,"0",[1]Submeters!BA14-[1]Submeters!BA13) -> 0 | BL8: =IF(([1]Submeters!BB14-[1]Submeters!BB13)<0,"0",[1]Submeters!BB14-[1]Submeters!BB13) -> 0 | BM8: =IF(([1]Submeters!BC14-[1]Submeters!BC13)<0,"0",[1]Submeters!BC14-[1]Submeters!BC13) -> 0 | BN8: =IF(([1]Submeters!BD14-[1]Submeters!BD13)<0,"0",[1]Submeters!BD14-[1]Submeters!BD13) -> 0 | BO8: =IF(([1]Submeters!BE14-[1]Submeters!BE13)<0,"0",[1]Submeters!BE14-[1]Submeters!BE13) -> 0 | BP8: =IF(([1]Submeters!BF14-[1]Submeters!BF13)<0,"0",[1]Submeters!BF14-[1]Submeters!BF13) -> 0 | ... CO8: =IF(([1]Submeters!CE14-[1]Submeters!CE13)<0,"0",[1]Submeters!CE14-[1]Submeters!CE13) -> 0
A9: Tunis | B9: =B8+1 -> 8 | C9: 8 | D9: 2020 | E9: =HOTEL!D16 -> 4123 | F9: =HOTEL!F16 -> 4044 | G9: =HOTEL!H16 -> 3705 | H9: =HOTEL!N16 -> 119 | I9: =HOTEL!P16 -> 680 | J9: =HOTEL!U16 -> 286 | K9: =HOTEL!Y16 -> 66 | BI9: =IF(([1]Submeters!AY15-[1]Submeters!AY14)<0,"0",[1]Submeters!AY15-[1]Submeters!AY14) -> 196 | BJ9: =IF(([1]Submeters!AZ15-[1]Submeters!AZ14)<0,"0",[1]Submeters!AZ15-[1]Submeters!AZ14) -> 0 | BK9: =IF(([1]Submeters!BA15-[1]Submeters!BA14)<0,"0",[1]Submeters!BA15-[1]Submeters!BA14) -> 0 | BL9: =IF(([1]Submeters!BB15-[1]Submeters!BB14)<0,"0",[1]Submeters!BB15-[1]Submeters!BB14) -> 0 | BM9: =IF(([1]Submeters!BC15-[1]Submeters!BC14)<0,"0",[1]Submeters!BC15-[1]Submeters!BC14) -> 0 | BN9: =IF(([1]Submeters!BD15-[1]Submeters!BD14)<0,"0",[1]Submeters!BD15-[1]Submeters!BD14) -> 0 | BO9: =IF(([1]Submeters!BE15-[1]Submeters!BE14)<0,"0",[1]Submeters!BE15-[1]Submeters!BE14) -> 0 | BP9: =IF(([1]Submeters!BF15-[1]Submeters!BF14)<0,"0",[1]Submeters!BF15-[1]Submeters!BF14) -> 0 | ... CO9: =IF(([1]Submeters!CE15-[1]Submeters!CE14)<0,"0",[1]Submeters!CE15-[1]Submeters!CE14) -> 0
A10: Tunis | B10: =B9+1 -> 9 | C10: 8 | D10: 2020 | E10: =HOTEL!D17 -> 4251 | F10: =HOTEL!F17 -> 4186 | G10: =HOTEL!H17 -> 3807 | H10: =HOTEL!N17 -> 134 | I10: =HOTEL!P17 -> 761 | J10: =HOTEL!U17 -> 259 | K10: =HOTEL!Y17 -> 77 | BI10: =IF(([1]Submeters!AY16-[1]Submeters!AY15)<0,"0",[1]Submeters!AY16-[1]Submeters!AY15) -> 226 | BJ10: =IF(([1]Submeters!AZ16-[1]Submeters!AZ15)<0,"0",[1]Submeters!AZ16-[1]Submeters!AZ15) -> 0 | BK10: =IF(([1]Submeters!BA16-[1]Submeters!BA15)<0,"0",[1]Submeters!BA16-[1]Submeters!BA15) -> 0 | BL10: =IF(([1]Submeters!BB16-[1]Submeters!BB15)<0,"0",[1]Submeters!BB16-[1]Submeters!BB15) -> 0 | BM10: =IF(([1]Submeters!BC16-[1]Submeters!BC15)<0,"0",[1]Submeters!BC16-[1]Submeters!BC15) -> 0 | BN10: =IF(([1]Submeters!BD16-[1]Submeters!BD15)<0,"0",[1]Submeters!BD16-[1]Submeters!BD15) -> 0 | BO10: =IF(([1]Submeters!BE16-[1]Submeters!BE15)<0,"0",[1]Submeters!BE16-[1]Submeters!BE15) -> 0 | BP10: =IF(([1]Submeters!BF16-[1]Submeters!BF15)<0,"0",[1]Submeters!BF16-[1]Submeters!BF15) -> 0 | ... CO10: =IF(([1]Submeters!CE16-[1]Submeters!CE15)<0,"0",[1]Submeters!CE16-[1]Submeters!CE15) -> 0
A11: Tunis | B11: =B10+1 -> 10 | C11: 8 | D11: 2020 | E11: =HOTEL!D18 -> 4424 | F11: =HOTEL!F18 -> 4215 | G11: =HOTEL!H18 -> 4057 | H11: =HOTEL!N18 -> 145 | I11: =HOTEL!P18 -> 812 | J11: =HOTEL!U18 -> 413 | K11: =HOTEL!Y18 -> 79 | BI11: =IF(([1]Submeters!AY17-[1]Submeters!AY16)<0,"0",[1]Submeters!AY17-[1]Submeters!AY16) -> 300 | BJ11: =IF(([1]Submeters!AZ17-[1]Submeters!AZ16)<0,"0",[1]Submeters!AZ17-[1]Submeters!AZ16) -> 0 | BK11: =IF(([1]Submeters!BA17-[1]Submeters!BA16)<0,"0",[1]Submeters!BA17-[1]Submeters!BA16) -> 0 | BL11: =IF(([1]Submeters!BB17-[1]Submeters!BB16)<0,"0",[1]Submeters!BB17-[1]Submeters!BB16) -> 0 | BM11: =IF(([1]Submeters!BC17-[1]Submeters!BC16)<0,"0",[1]Submeters!BC17-[1]Submeters!BC16) -> 0 | BN11: =IF(([1]Submeters!BD17-[1]Submeters!BD16)<0,"0",[1]Submeters!BD17-[1]Submeters!BD16) -> 0 | BO11: =IF(([1]Submeters!BE17-[1]Submeters!BE16)<0,"0",[1]Submeters!BE17-[1]Submeters!BE16) -> 0 | BP11: =IF(([1]Submeters!BF17-[1]Submeters!BF16)<0,"0",[1]Submeters!BF17-[1]Submeters!BF16) -> 0 | ... CO11: =IF(([1]Submeters!CE17-[1]Submeters!CE16)<0,"0",[1]Submeters!CE17-[1]Submeters!CE16) -> 0
A12: Tunis | B12: =B11+1 -> 11 | C12: 8 | D12: 2020 | E12: =HOTEL!D19 -> 4273 | F12: =HOTEL!F19 -> 4259 | G12: =HOTEL!H19 -> 4019 | H12: =HOTEL!N19 -> 86 | I12: =HOTEL!P19 -> 790 | J12: =HOTEL!U19 -> 413 | K12: =HOTEL!Y19 -> 79 | BI12: =IF(([1]Submeters!AY18-[1]Submeters!AY17)<0,"0",[1]Submeters!AY18-[1]Submeters!AY17) -> 277 | BJ12: =IF(([1]Submeters!AZ18-[1]Submeters!AZ17)<0,"0",[1]Submeters!AZ18-[1]Submeters!AZ17) -> 0 | BK12: =IF(([1]Submeters!BA18-[1]Submeters!BA17)<0,"0",[1]Submeters!BA18-[1]Submeters!BA17) -> 0 | BL12: =IF(([1]Submeters!BB18-[1]Submeters!BB17)<0,"0",[1]Submeters!BB18-[1]Submeters!BB17) -> 0 | BM12: =IF(([1]Submeters!BC18-[1]Submeters!BC17)<0,"0",[1]Submeters!BC18-[1]Submeters!BC17) -> 0 | BN12: =IF(([1]Submeters!BD18-[1]Submeters!BD17)<0,"0",[1]Submeters!BD18-[1]Submeters!BD17) -> 0 | BO12: =IF(([1]Submeters!BE18-[1]Submeters!BE17)<0,"0",[1]Submeters!BE18-[1]Submeters!BE17) -> 0 | BP12: =IF(([1]Submeters!BF18-[1]Submeters!BF17)<0,"0",[1]Submeters!BF18-[1]Submeters!BF17) -> 0 | ... CO12: =IF(([1]Submeters!CE18-[1]Submeters!CE17)<0,"0",[1]Submeters!CE18-[1]Submeters!CE17) -> 0
A13: Tunis | B13: =B12+1 -> 12 | C13: 8 | D13: 2020 | E13: =HOTEL!D20 -> 4767 | F13: =HOTEL!F20 -> 4761 | G13: =HOTEL!H20 -> 4500 | H13: =HOTEL!N20 -> 131 | I13: =HOTEL!P20 -> 783 | J13: =HOTEL!U20 -> 326 | K13: =HOTEL!Y20 -> 84 | BI13: =IF(([1]Submeters!AY19-[1]Submeters!AY18)<0,"0",[1]Submeters!AY19-[1]Submeters!AY18) -> 293 | BJ13: =IF(([1]Submeters!AZ19-[1]Submeters!AZ18)<0,"0",[1]Submeters!AZ19-[1]Submeters!AZ18) -> 0 | BK13: =IF(([1]Submeters!BA19-[1]Submeters!BA18)<0,"0",[1]Submeters!BA19-[1]Submeters!BA18) -> 0 | BL13: =IF(([1]Submeters!BB19-[1]Submeters!BB18)<0,"0",[1]Submeters!BB19-[1]Submeters!BB18) -> 0 | BM13: =IF(([1]Submeters!BC19-[1]Submeters!BC18)<0,"0",[1]Submeters!BC19-[1]Submeters!BC18) -> 0 | BN13: =IF(([1]Submeters!BD19-[1]Submeters!BD18)<0,"0",[1]Submeters!BD19-[1]Submeters!BD18) -> 0 | BO13: =IF(([1]Submeters!BE19-[1]Submeters!BE18)<0,"0",[1]Submeters!BE19-[1]Submeters!BE18) -> 0 | BP13: =IF(([1]Submeters!BF19-[1]Submeters!BF18)<0,"0",[1]Submeters!BF19-[1]Submeters!BF18) -> 0 | ... CO13: =IF(([1]Submeters!CE19-[1]Submeters!CE18)<0,"0",[1]Submeters!CE19-[1]Submeters!CE18) -> 0
A14: Tunis | B14: =B13+1 -> 13 | C14: 8 | D14: 2020 | E14: =HOTEL!D21 -> 5099 | F14: =HOTEL!F21 -> 5101 | G14: =HOTEL!H21 -> 4808 | H14: =HOTEL!N21 -> 151 | I14: =HOTEL!P21 -> 790 | J14: =HOTEL!U21 -> 459 | K14: =HOTEL!Y21 -> 90 | BI14: =IF(([1]Submeters!AY20-[1]Submeters!AY19)<0,"0",[1]Submeters!AY20-[1]Submeters!AY19) -> 438 | BJ14: =IF(([1]Submeters!AZ20-[1]Submeters!AZ19)<0,"0",[1]Submeters!AZ20-[1]Submeters!AZ19) -> 0 | BK14: =IF(([1]Submeters!BA20-[1]Submeters!BA19)<0,"0",[1]Submeters!BA20-[1]Submeters!BA19) -> 0 | BL14: =IF(([1]Submeters!BB20-[1]Submeters!BB19)<0,"0",[1]Submeters!BB20-[1]Submeters!BB19) -> 0 | BM14: =IF(([1]Submeters!BC20-[1]Submeters!BC19)<0,"0",[1]Submeters!BC20-[1]Submeters!BC19) -> 0 | BN14: =IF(([1]Submeters!BD20-[1]Submeters!BD19)<0,"0",[1]Submeters!BD20-[1]Submeters!BD19) -> 0 | BO14: =IF(([1]Submeters!BE20-[1]Submeters!BE19)<0,"0",[1]Submeters!BE20-[1]Submeters!BE19) -> 0 | BP14: =IF(([1]Submeters!BF20-[1]Submeters!BF19)<0,"0",[1]Submeters!BF20-[1]Submeters!BF19) -> 0 | ... CO14: =IF(([1]Submeters!CE20-[1]Submeters!CE19)<0,"0",[1]Submeters!CE20-[1]Submeters!CE19) -> 0
... A32: Tunis | B32: =B31+1 -> 31 | C32: 8 | D32: 2020 | E32: =HOTEL!D39 -> 4513 | F32: =HOTEL!F39 -> 4620 | G32: =HOTEL!H39 -> 4354 | H32: =HOTEL!N39 -> 108 | I32: =HOTEL!P39 -> 709 | J32: =HOTEL!U39 -> 364 | K32: =HOTEL!Y39 -> 28 | BI32: =IF(([1]Submeters!AY38-[1]Submeters!AY37)<0,"0",[1]Submeters!AY38-[1]Submeters!AY37) -> 0 | BJ32: =IF(([1]Submeters!AZ38-[1]Submeters!AZ37)<0,"0",[1]Submeters!AZ38-[1]Submeters!AZ37) -> 0 | BK32: =IF(([1]Submeters!BA38-[1]Submeters!BA37)<0,"0",[1]Submeters!BA38-[1]Submeters!BA37) -> 0 | BL32: =IF(([1]Submeters!BB38-[1]Submeters!BB37)<0,"0",[1]Submeters!BB38-[1]Submeters!BB37) -> 0 | BM32: =IF(([1]Submeters!BC38-[1]Submeters!BC37)<0,"0",[1]Submeters!BC38-[1]Submeters!BC37) -> 0 | BN32: =IF(([1]Submeters!BD38-[1]Submeters!BD37)<0,"0",[1]Submeters!BD38-[1]Submeters!BD37) -> 0 | BO32: =IF(([1]Submeters!BE38-[1]Submeters!BE37)<0,"0",[1]Submeters!BE38-[1]Submeters!BE37) -> 0 | BP32: =IF(([1]Submeters!BF38-[1]Submeters!BF37)<0,"0",[1]Submeters!BF38-[1]Submeters!BF37) -> 0 | ... CO32: =IF(([1]Submeters!CE38-[1]Submeters!CE37)<0,"0",[1]Submeters!CE38-[1]Submeters!CE37) -> 0

Sheet HOTEL
F1: RELEVEE JOURNALIERE D'ENERGIE | W1: August
W3: 2020
A6: D | B6: =B5+1 -> 1 | C6: 4520078 | E6: 4472507 | G6: 4237847 | H6: =G6-G5 -> 4237847 | J6: =D6+F6+H6 -> 4237847 | K6: =D6*0.152+F6*0.238+H6*0.115+#REF!*0.218 -> #REF! | M6: 104006 | N6: =M6-#REF! -> #REF! | O6: 1844827 | P6: =O6-#REF! -> #REF! | Q6: =N6+P6 -> #REF! | R6: =Q6*1.2285*10.033*0.0371 -> #REF! | T6: 192460 | U6: =T6-#REF! -> #REF! | V6: =U6*(1.025+1.028) -> #REF! | X6: =K6+R6+V6 -> #REF! | Y6: 100 | Z6: =X6/Y6 -> #REF!
C7: ELECTRICITE | M7: GAZ | T7: EAU | X7: Cout | Y7: Pax / | Z7: Cout
C8: PH 1 | D8: Con. | E8: PH 2 | F8: Con. | G8: PH 3 | H8: Con. | I8: E.A Totale | J8: cosℓ | K8: cout | M8: Cuisine | N8: Con. | O8: Chaufferie | P8: Con. | Q8: T.cons | R8: cout | T8: SONEDE | U8: Con. | V8: cout | X8: / jour | Y8: Nuité | Z8: / pax
A9: V | B9: 1 | C9: 4524867 | D9: =IF((C9-C6<0), "0",C9-C6) -> 4789 | E9: 4477274 | F9: =IF((E9-E6<0), "0",E9-E6) -> 4767 | G9: 4242353 | H9: =IF((G9-G6<0), "0",G9-G6) -> 4506 | I9: =SUM(H9,F9,D9) -> 14062 | J9: 0.98 | K9: =I9*0.251 -> 3529.562 | M9: 104122 | N9: =IF((M9-M6<0), "0",M9-M6) -> 116 | O9: 1845551 | P9: =IF((O9-O6<0), "0",O9-O6) -> 724 | Q9: =N9+P9 -> 840 | R9: =(P9+N9)*0.056*10.211 -> 480.32544 | T9: 192760 | U9: =IF((T9-T6<0), "0",T9-T6) -> 300 | V9: =U9*(1.315+1.54) -> 856.5 | X9: =K9+R9+V9 -> 4866.3874 | Y9: 44 | Z9: =X9/Y9 -> 110.59971
A10: S | B10: =B9+1 -> 2 | C10: 4529460 | D10: =IF((C10-C9<0), "0",C10-C9) -> 4593 | E10: 4481858 | F10: =IF((E10-E9<0), "0",E10-E9) -> 4584 | G10: 4246669 | H10: =IF((G10-G9<0), "0",G10-G9) -> 4316 | I10: =SUM(H10,F10,D10) -> 13493 | J10: 0.98 | K10: =I10*0.251 -> 3386.743 | M10: 104238 | N10: =IF((M10-M9<0), "0",M10-M9) -> 116 | O10: 1846349 | P10: =IF((O10-O9<0), "0",O10-O9) -> 798 | Q10: =N10+P10 -> 914 | R10: =(P10+N10)*0.056*10.211 -> 522.63982 | T10: 193080 | U10: =IF((T10-T9<0), "0",T10-T9) -> 320 | V10: =U10*(1.315+1.54) -> 913.6 | X10: =K10+R10+V10 -> 4822.9828 | Y10: 49 | Z10: =X10/Y10 -> 98.428221
A11: D | B11: =B10+1 -> 3 | C11: 4534102 | D11: =IF((C11-C10<0), "0",C11-C10) -> 4642 | E11: 4486841 | F11: =IF((E11-E10<0), "0",E11-E10) -> 4983 | G11: 4251332 | H11: =IF((G11-G10<0), "0",G11-G10) -> 4663 | I11: =SUM(H11,F11,D11) -> 14288 | J11: 0.98 | K11: =I11*0.251 -> 3586.288 | M11: 104354 | N11: =IF((M11-M10<0), "0",M11-M10) -> 116 | O11: 1847012 | P11: =IF((O11-O10<0), "0",O11-O10) -> 663 | Q11: =N11+P11 -> 779 | R11: =(P11+N11)*0.056*10.211 -> 445.44466 | T11: 193481 | U11: =IF((T11-T10<0), "0",T11-T10) -> 401 | V11: =U11*(1.315+1.54) -> 1144.855 | X11: =K11+R11+V11 -> 5176.5877 | Y11: 51 | Z11: =X11/Y11 -> 101.50172
A12: L | B12: =B11+1 -> 4 | C12: 4538688 | D12: =IF((C12-C11<0), "0",C12-C11) -> 4586 | E12: 4491100 | F12: =IF((E12-E11<0), "0",E12-E11) -> 4259 | G12: 4255358 | H12: =IF((G12-G11<0), "0",G12-G11) -> 4026 | I12: =SUM(H12,F12,D12) -> 12871 | J12: 0.98 | K12: =I12*0.251 -> 3230.621 | M12: 104446 | N12: =IF((M12-M11<0), "0",M12-M11) -> 92 | O12: 1847839 | P12: =IF((O12-O11<0), "0",O12-O11) -> 827 | Q12: =N12+P12 -> 919 | R12: =(P12+N12)*0.056*10.211 -> 525.4989 | T12: 193796 | U12: =IF((T12-T11<0), "0",T12-T11) -> 315 | V12: =U12*(1.315+1.54) -> 899.325 | X12: =K12+R12+V12 -> 4655.4449 | Y12: 56 | Z12: =X12/Y12 -> 83.132945
A13: MA | B13: =B12+1 -> 5 | C13: 4542554 | D13: =IF((C13-C12<0), "0",C13-C12) -> 3866 | E13: 4495254 | F13: =IF((E13-E12<0), "0",E13-E12) -> 4154 | G13: 4258954 | H13: =IF((G13-G12<0), "0",G13-G12) -> 3596 | I13: =SUM(H13,F13,D13) -> 11616 | J13: 0.98 | K13: =I13*0.251 -> 2915.616 | M13: 104561 | N13: =IF((M13-M12<0), "0",M13-M12) -> 115 | O13: 1848662 | P13: =IF((O13-O12<0), "0",O13-O12) -> 823 | Q13: =N13+P13 -> 938 | R13: =(P13+N13)*0.056*10.211 -> 536.36341 | T13: 194241 | U13: =IF((T13-T12<0), "0",T13-T12) -> 445 | V13: =U13*(1.315+1.54) -> 1270.475 | X13: =K13+R13+V13 -> 4722.4544 | Y13: 57 | Z13: =X13/Y13 -> 82.850077
A14: ME | B14: =B13+1 -> 6 | C14: 4546516 | D14: =IF((C14-C13<0), "0",C14-C13) -> 3962 | E14: 4498979 | F14: =IF((E14-E13<0), "0",E14-E13) -> 3725 | G14: 4262673 | H14: =IF((G14-G13<0), "0",G14-G13) -> 3719 | I14: =SUM(H14,F14,D14) -> 11406 | J14: 0.98 | K14: =I14*0.251 -> 2862.906 | M14: 104694 | N14: =IF((M14-M13<0), "0",M14-M13) -> 133 | O14: 1849373 | P14: =IF((O14-O13<0), "0",O14-O13) -> 711 | Q14: =N14+P14 -> 844 | R14: =(P14+N14)*0.056*10.211 -> 482.6127 | T14: 194701 | U14: =IF((T14-T13<0), "0",T14-T13) -> 460 | V14: =U14*(1.315+1.54) -> 1313.3 | X14: =K14+R14+V14 -> 4658.8187 | Y14: 57 | Z14: =X14/Y14 -> 81.733661
A15: J | B15: =B14+1 -> 7 | C15: 4550244 | D15: =IF((C15-C14<0), "0",C15-C14) -> 3728 | E15: 4503114 | F15: =IF((E15-E14<0), "0",E15-E14) -> 4135 | G15: 4266612 | H15: =IF((G15-G14<0), "0",G15-G14) -> 3939 | I15: =SUM(H15,F15,D15) -> 11802 | J15: 0.98 | K15: =I15*0.251 -> 2962.302 | M15: 104823 | N15: =IF((M15-M14<0), "0",M15-M14) -> 129 | O15: 1850184 | P15: =IF((O15-O14<0), "0",O15-O14) -> 811 | Q15: =N15+P15 -> 940 | R15: =(P15+N15)*0.056*10.211 -> 537.50704 | T15: 195011 | U15: =IF((T15-T14<0), "0",T15-T14) -> 310 | V15: =U15*(1.315+1.54) -> 885.05 | X15: =K15+R15+V15 -> 4384.859 | Y15: 66 | Z15: =X15/Y15 -> 66.437258
A16: V | B16: =B15+1 -> 8 | C16: 4554367 | D16: =IF((C16-C15<0), "0",C16-C15) -> 4123 | E16: 4507158 | F16: =IF((E16-E15<0), "0",E16-E15) -> 4044 | G16: 4270317 | H16: =IF((G16-G15<0), "0",G16-G15) -> 3705 | I16: =SUM(H16,F16,D16) -> 11872 | J16: 0.97 | K16: =I16*0.251 -> 2979.872 | M16: 104942 | N16: =IF((M16-M15<0), "0",M16-M15) -> 119 | O16: 1850864 | P16: =IF((O16-O15<0), "0",O16-O15) -> 680 | Q16: =N16+P16 -> 799 | R16: =(P16+N16)*0.056*10.211 -> 456.88098 | T16: 195297 | U16: =IF((T16-T15<0), "0",T16-T15) -> 286 | V16: =U16*(1.315+1.54) -> 816.53 | X16: =K16+R16+V16 -> 4253.283 | Y16: 66 | Z16: =X16/Y16 -> 64.443682
A17: S | B17: 9 | C17: 4558618 | D17: =IF((C17-C16<0), "0",C17-C16) -> 4251 | E17: 4511344 | F17: =IF((E17-E16<0), "0",E17-E16) -> 4186 | G17: 4274124 | H17: =IF((G17-G16<0), "0",G17-G16) -> 3807 | I17: =SUM(H17,F17,D17) -> 12244 | J17: 0.96 | K17: =I17*0.251 -> 3073.244 | M17: 105076 | N17: =IF((M17-M16<0), "0",M17-M16) -> 134 | O17: 1851625 | P17: =IF((O17-O16<0), "0",O17-O16) -> 761 | Q17: =N17+P17 -> 895 | R17: =(P17+N17)*0.056*10.211 -> 511.77532 | T17: 195556 | U17: =IF((T17-T16<0), "0",T17-T16) -> 259 | V17: =U17*(1.315+1.54) -> 739.445 | X17: =K17+R17+V17 -> 4324.4643 | Y17: 77 | Z17: =X17/Y17 -> 56.161874
A18: D | B18: =B17+1 -> 10 | C18: 4563042 | D18: =IF((C18-C17<0), "0",C18-C17) -> 4424 | E18: 4515559 | F18: =IF((E18-E17<0), "0",E18-E17) -> 4215 | G18: 4278181 | H18: =IF((G18-G17<0), "0",G18-G17) -> 4057 | I18: =SUM(H18,F18,D18) -> 12696 | J18: 0.97 | K18: =I18*0.251 -> 3186.696 | M18: 105221 | N18: =IF((M18-M17<0), "0",M18-M17) -> 145 | O18: 1852437 | P18: =IF((O18-O17<0), "0",O18-O17) -> 812 | Q18: =N18+P18 -> 957 | R18: =(P18+N18)*0.056*10.211 -> 547.22791 | T18: 195969 | U18: =IF((T18-T17<0), "0",T18-T17) -> 413 | V18: =U18*(1.315+1.54) -> 1179.115 | X18: =K18+R18+V18 -> 4913.0389 | Y18: 79 | Z18: =X18/Y18 -> 62.190366
A19: L | B19: =B18+1 -> 11 | C19: 4567315 | D19: =IF((C19-C18<0), "0",C19-C18) -> 4273 | E19: 4519818 | F19: =IF((E19-E18<0), "0",E19-E18) -> 4259 | G19: 4282200 | H19: =IF((G19-G18<0), "0",G19-G18) -> 4019 | I19: =SUM(H19,F19,D19) -> 12551 | J19: 0.99 | K19: =I19*0.251 -> 3150.301 | M19: 105307 | N19: =IF((M19-M18<0), "0",M19-M18) -> 86 | O19: 1853227 | P19: =IF((O19-O18<0), "0",O19-O18) -> 790 | Q19: =N19+P19 -> 876 | R19: =(P19+N19)*0.056*10.211 -> 500.91082 | T19: 196382 | U19: =IF((T19-T18<0), "0",T19-T18) -> 413 | V19: =U19*(1.315+1.54) -> 1179.115 | X19: =K19+R19+V19 -> 4830.3268 | Y19: 79 | Z19: =X19/Y19 -> 61.143377
A20: MA | B20: =B19+1 -> 12 | C20: 4572082 | D20: =IF((C20-C19<0), "0",C20-C19) -> 4767 | E20: 4524579 | F20: =IF((E20-E19<0), "0",E20-E19) -> 4761 | G20: 4286700 | H20: =IF((G20-G19<0), "0",G20-G19) -> 4500 | I20: =SUM(H20,F20,D20) -> 14028 | J20: 0.99 | K20: =I20*0.251 -> 3521.028 | M20: 105438 | N20: =IF((M20-M19<0), "0",M20-M19) -> 131 | O20: 1854010 | P20: =IF((O20-O19<0), "0",O20-O19) -> 783 | Q20: =N20+P20 -> 914 | R20: =(P20+N20)*0.056*10.211 -> 522.63982 | T20: 196708 | U20: =IF((T20-T19<0), "0",T20-T19) -> 326 | V20: =U20*(1.315+1.54) -> 930.73 | X20: =K20+R20+V20 -> 4974.3978 | Y20: 84 | Z20: =X20/Y20 -> 59.219022
A21: ME | B21: =B20+1 -> 13 | C21: 4577181 | D21: =IF((C21-C20<0), "0",C21-C20) -> 5099 | E21: 4529680 | F21: =IF((E21-E20<0), "0",E21-E20) -> 5101 | G21: 4291508 | H21: =IF((G21-G20<0), "0",G21-G20) -> 4808 | I21: =SUM(H21,F21,D21) -> 15008 | J21: 0.99 | K21: =I21*0.251 -> 3767.008 | M21: 105589 | N21: =IF((M21-M20<0), "0",M21-M20) -> 151 | O21: 1854800 | P21: =IF((O21-O20<0), "0",O21-O20) -> 790 | Q21: =N21+P21 -> 941 | R21: =(P21+N21)*0.056*10.211 -> 538.07886 | T21: 197167 | U21: =IF((T21-T20<0), "0",T21-T20) -> 459 | V21: =U21*(1.315+1.54) -> 1310.445 | X21: =K21+R21+V21 -> 5615.5319 | Y21: 90 | Z21: =X21/Y21 -> 62.394798
A22: J | B22: =B21+1 -> 14 | C22: 4582269 | D22: =IF((C22-C21<0), "0",C22-C21) -> 5088 | E22: 4534750 | F22: =IF((E22-E21<0), "0",E22-E21) -> 5070 | G22: 4296319 | H22: =IF((G22-G21<0), "0",G22-G21) -> 4811 | I22: =SUM(H22,F22,D22) -> 14969 | J22: 0.98 | K22: =I22*0.251 -> 3757.219 | M22: 105720 | N22: =IF((M22-M21<0), "0",M22-M21) -> 131 | O22: 1855535 | P22: =IF((O22-O21<0), "0",O22-O21) -> 735 | Q22: =N22+P22 -> 866 | R22: =(P22+N22)*0.056*10.211 -> 495.19266 | T22: 197467 | U22: =IF((T22-T21<0), "0",T22-T21) -> 300 | V22: =U22*(1.315+1.54) -> 856.5 | X22: =K22+R22+V22 -> 5108.9117 | Y22: 103 | Z22: =X22/Y22 -> 49.601084
A23: V | B23: =B22+1 -> 15 | C23: 4587347 | D23: =IF((C23-C22<0), "0",C23-C22) -> 5078 | E23: 4539791 | F23: =IF((E23-E22<0), "0",E23-E22) -> 5041 | G23: 4301105 | H23: =IF((G23-G22<0), "0",G23-G22) -> 4786 | I23: =SUM(H23,F23,D23) -> 14905 | J23: 0.99 | K23: =I23*0.251 -> 3741.155 | M23: 105844 | N23: =IF((M23-M22<0), "0",M23-M22) -> 124 | O23: 1856291 | P23: =IF((O23-O22<0), "0",O23-O22) -> 756 | Q23: =N23+P23 -> 880 | R23: =(P23+N23)*0.056*10.211 -> 503.19808 | T23: 197893 | U23: =IF((T23-T22<0), "0",T23-T22) -> 426 | V23: =U23*(1.315+1.54) -> 1216.23 | X23: =K23+R23+V23 -> 5460.5831 | Y23: 102 | Z23: =X23/Y23 -> 53.535128
A24: S | B24: =B23+1 -> 16 | C24: 4592157 | D24: =IF((C24-C23<0), "0",C24-C23) -> 4810 | E24: 4544572 | F24: =IF((E24-E23<0), "0",E24-E23) -> 4781 | G24: 4305611 | H24: =IF((G24-G23<0), "0",G24-G23) -> 4506 | I24: =SUM(H24,F24,D24) -> 14097 | J24: 0.99 | K24: =I24*0.251 -> 3538.347 | M24: 105955 | N24: =IF((M24-M23<0), "0",M24-M23) -> 111 | O24: 1857011 | P24: =IF((O24-O23<0), "0",O24-O23) -> 720 | Q24: =N24+P24 -> 831 | R24: =(P24+N24)*0.056*10.211 -> 475.1791 | T24: 198238 | U24: =IF((T24-T23<0), "0",T24-T23) -> 345 | V24: =U24*(1.315+1.54) -> 984.975 | X24: =K24+R24+V24 -> 4998.5011 | Y24: 93 | Z24: =X24/Y24 -> 53.747324
A25: D | B25: =B24+1 -> 17 | C25: 4596884 | D25: =IF((C25-C24<0), "0",C25-C24) -> 4727 | E25: 4548897 | F25: =IF((E25-E24<0), "0",E25-E24) -> 4325 | G25: 4309901 | H25: =IF((G25-G24<0), "0",G25-G24) -> 4290 | I25: =SUM(H25,F25,D25) -> 13342 | J25: 0.99 | K25: =I25*0.251 -> 3348.842 | M25: 106064 | N25: =IF((M25-M24<0), "0",M25-M24) -> 109 | O25: 1857814 | P25: =IF((O25-O24<0), "0",O25-O24) -> 803 | Q25: =N25+P25 -> 912 | R25: =(P25+N25)*0.056*10.211 -> 521.49619 | T25: 198660 | U25: =IF((T25-T24<0), "0",T25-T24) -> 422 | V25: =U25*(1.315+1.54) -> 1204.81 | X25: =K25+R25+V25 -> 5075.1482 | Y25: 83 | Z25: =X25/Y25 -> 61.146364
A26: L | B26: =B25+1 -> 18 | C26: 4601449 | D26: =IF((C26-C25<0), "0",C26-C25) -> 4565 | E26: 4553847 | F26: =IF((E26-E25<0), "0",E26-E25) -> 4950 | G26: 4314358 | H26: =IF((G26-G25<0), "0",G26-G25) -> 4457 | I26: =SUM(H26,F26,D26) -> 13972 | J26: 0.99 | K26: =I26*0.251 -> 3506.972 | M26: 106189 | N26: =IF((M26-M25<0), "0",M26-M25) -> 125 | O26: 1858607 | P26: =IF((O26-O25<0), "0",O26-O25) -> 793 | Q26: =N26+P26 -> 918 | R26: =(P26+N26)*0.056*10.211 -> 524.92709 | T26: 199062 | U26: =IF((T26-T25<0), "0",T26-T25) -> 402 | V26: =U26*(1.315+1.54) -> 1147.71 | X26: =K26+R26+V26 -> 5179.6091 | Y26: 79 | Z26: =X26/Y26 -> 65.564672
A27: MA | B27: =B26+1 -> 19 | C27: 4606331 | D27: =IF((C27-C26<0), "0",C27-C26) -> 4882 | E27: 4558760 | F27: =IF((E27-E26<0), "0",E27-E26) -> 4913 | G27: 4318998 | H27: =IF((G27-G26<0), "0",G27-G26) -> 4640 | I27: =SUM(H27,F27,D27) -> 14435 | J27: 0.97 | K27: =I27*0.251 -> 3623.185 | M27: 106296 | N27: =IF((M27-M26<0), "0",M27-M26) -> 107 | O27: 1859315 | P27: =IF((O27-O26<0), "0",O27-O26) -> 708 | Q27: =N27+P27 -> 815 | R27: =(P27+N27)*0.056*10.211 -> 466.03004 | T27: 199413 | U27: =IF((T27-T26<0), "0",T27-T26) -> 351 | V27: =U27*(1.315+1.54) -> 1002.105 | X27: =K27+R27+V27 -> 5091.32 | Y27: 88 | Z27: =X27/Y27 -> 57.85591
A28: ME | B28: =B27+1 -> 20 | C28: 4611041 | D28: =IF((C28-C27<0), "0",C28-C27) -> 4710 | E28: 4563493 | F28: =IF((E28-E27<0), "0",E28-E27) -> 4733 | G28: 4323447 | H28: =IF((G28-G27<0), "0",G28-G27) -> 4449 | I28: =SUM(H28,F28,D28) -> 13892 | J28: 0.98 | K28: =I28*0.251 -> 3486.892 | M28: 106418 | N28: =IF((M28-M27<0), "0",M28-M27) -> 122 | O28: 1860137 | P28: =IF((O28-O27<0), "0",O28-O27) -> 822 | Q28: =N28+P28 -> 944 | R28: =(P28+N28)*0.056*10.211 -> 539.7943 | T28: 199734 | U28: =IF((T28-T27<0), "0",T28-T27) -> 321 | V28: =U28*(1.315+1.54) -> 916.455 | X28: =K28+R28+V28 -> 4943.1413 | Y28: 95 | Z28: =X28/Y28 -> 52.033066
A29: J | B29: =B28+1 -> 21 | C29: 4616307 | D29: =IF((C29-C28<0), "0",C29-C28) -> 5266 | E29: 4568763 | F29: =IF((E29-E28<0), "0",E29-E28) -> 5270 | G29: 4328429 | H29: =IF((G29-G28<0), "0",G29-G28) -> 4982 | I29: =SUM(H29,F29,D29) -> 15518 | J29: 0.97 | K29: =I29*0.251 -> 3895.018 | M29: 106539 | N29: =IF((M29-M28<0), "0",M29-M28) -> 121 | O29: 1860980 | P29: =IF((O29-O28<0), "0",O29-O28) -> 843 | Q29: =N29+P29 -> 964 | R29: =(P29+N29)*0.056*10.211 -> 551.23062 | T29: 199956 | U29: =IF((T29-T28<0), "0",T29-T28) -> 222 | V29: =U29*(1.315+1.54) -> 633.81 | X29: =K29+R29+V29 -> 5080.0586 | Y29: 77 | Z29: =X29/Y29 -> 65.974787
... A38: S | B38: =B37+1 -> 30 | C38: 4660025 | D38: =IF((C38-C37<0), "0",C38-C37) -> 4746 | E38: 4612458 | F38: =IF((E38-E37<0), "0",E38-E37) -> 4613 | G38: 4369442 | H38: =IF((G38-G37<0), "0",G38-G37) -> 4293 | I38: =SUM(H38,F38,D38) -> 13652 | J38: 0.99 | K38: =I38*0.251 -> 3426.652 | M38: 107541 | N38: =IF((M38-M37<0), "0",M38-M37) -> 113 | O38: 1867641 | P38: =IF((O38-O37<0), "0",O38-O37) -> 726 | Q38: =N38+P38 -> 839 | R38: =(P38+N38)*0.056*10.211 -> 479.75362 | T38: 202688 | U38: =IF((T38-T37<0), "0",T38-T37) -> 239 | V38: =U38*(1.315+1.54) -> 682.345 | X38: =K38+R38+V38 -> 4588.7506 | Y38: 39 | Z38: =X38/Y38 -> 117.66027
A39: D | B39: 31 | C39: 4664538 | D39: =IF((C39-C38<0), "0",C39-C38) -> 4513 | E39: 4617078 | F39: =IF((E39-E38<0), "0",E39-E38) -> 4620 | G39: 4373796 | H39: =IF((G39-G38<0), "0",G39-G38) -> 4354 | I39: =SUM(H39,F39,D39) -> 13487 | J39: 0.99 | K39: =I39*0.251 -> 3385.237 | M39: 107649 | N39: =IF((M39-M38<0), "0",M39-M38) -> 108 | O39: 1868350 | P39: =IF((O39-O38<0), "0",O39-O38) -> 709 | Q39: =N39+P39 -> 817 | R39: =(P39+N39)*0.056*10.211 -> 467.17367 | T39: 203052 | U39: =IF((T39-T38<0), "0",T39-T38) -> 364 | V39: =U39*(1.315+1.54) -> 1039.22 | X39: =K39+R39+V39 -> 4891.6307 | Y39: 28 | Z39: =X39/Y39 -> 174.7011
C40: =SUMIF(D9:D39,">0") -> 144460 | E40: =SUMIF(F9:F39,">0") -> 144571 | G40: =SUMIF(H9:H39,">0") -> 135949 | I40: =SUMIF(I9:I39,">0") -> 424980 | K40: =SUMIF(K9:K39,">0") -> 106669.98 | M40: =SUMIF(N9:N39,">0") -> 3643 | O40: =SUMIF(P9:P39,">0") -> 23523 | Q40: =SUMIF(Q9:Q39,">0") -> 27166 | R40: =SUMIF(R9:R39,">0") -> 15533.953 | T40: =SUMIF(U9:U39,">0") -> 10592 | V40: =SUMIF(V9:V39,">0") -> 30240.16 | X40: =SUMIF(X9:X39,">0") -> 152444.09 | Y40: =SUM(Y9:Y39) -> 2029 | Z40: =(SUMIF(Z9:Z36,">0")/31) -> 69.89227

Sheet submeters
B6: 49433 | C6: 79236 | D6: 15207 | E6: 13719 | F6: 189420 | G6: 3495 | H6: 1485 | I6: 380288 | J6: 68377 | K6: 7921 | L6: 29890 | M6: 52115 | N6: 38542 | O6: 181658 | P6: 375920 | Q6: 2808 | R6: 18050 | S6: 25503 | T6: 278413 | U6: 375407 | V6: 40159 | W6: 5416 | X6: 13927 | Y6: 86195 | Z6: 540 | AA6: 170186 | AB6: 7562 | AC6: 1974 | AD6: 17975 | AE6: 76508 | AF6: 205359 | AG6: 1125790 | AH6: 11123 | AI6: 483379 | AJ6: 637743 | AK6: 9334 | AL6: 29315 | AM6: 28542 | AN6: 596531 | AO6: 5246 | AP6: 0 | AQ6: 109712 | AR6: 217210 | AS6: 63112 | AT6: 560 | AU6: 107079 | AV6: 44534 | AW6: 38275 | AX6: 175158 | AY6: 481902
A7: Day | B7: Groupe Froid Indus 1 - KWH | C7: Beach Bar - KWH | D7: SGX zone de service secours - KWH | E7: Gen.Rest.Spécialité Secours - KWH | F7: SGX Rest.Menu+ young adult - KWH | G7: Onduleur Principal 1er - KWH | H7: Bloc A Hebergement - KWH | I7: Bloc B Hebergement - KWH | J7: TGBT Hebergement - KWH | K7: S1,S2,P2,P3,P6,P7 - KWH | L7: Buanderie - KWH | M7: Gen.Spa.Secours - KWH | N7: S3,S4 - KWH | O7: Groupe Froid Indus - KWH | P7: Gen.Reception Secours - KWH | Q7: Surpresseur Eau potable - KWH | R7: Service Comptabilité Secours - KWH | S7: Clim+Extraction Data Center - KWH | T7: SGX grand parking Area - KWH | U7: Cuisine rest.Menu secours - KWH | V7: S5,S6,P4,P5,P9 - KWH | W7: Bloc B Hebergement - KWH | X7: Parking valet + Standard secours - KWH | Y7: Administration secours - KWH | Z7: Eclairage Grand piscine Ext Secours - KWH | AA7: FM+SGX Buanderie Secours - KWH | AB7: Orange - KWH | AC7: FM chaudière à vapeur - KWH | AD7: Loge Gardien 2 - KWH | AE7: Loge Gardien 1 - KWH | AF7: TGBT Sécurité - KWH | AG7: Gen.Centre congrés secours - KWH | AH7: FM chaufferie Gauche - KWH | AI7: Groupe d'eau glacé 1 - KWH | AJ7: FM cuisine Rest.Menu - KWH | AK7: FM cuisine Ballroom - KWH | AL7: Groupe d'eau glacé 2 - KWH | AM7: Groupe d'eau glacé 3 - KWH | AN7: FM piscine extérieur - KWH | AO7: Show power Centre Congrés - KWH | AP7: Groupe d'eau glacé 4 - KWH | AQ7: Bloc A Hebergement - KWH | AR7: Bloc B Hebergement - KWH | AS7: Gene.Clim Centre congré - KWH | AT7: Bloc B Hebergement - KWH | AU7: FM rest.spécialité normal - KWH | AV7: FM Cuisine reception normal - KWH | AW7: Gene.Spa normal - KWH | AX7: Clim Zone Rest.Menu - KWH | AY7: TGBT Hebergement - KWH | AZ7: Chauf.Gauche.Eau Foide.adoucisseur - m3 | BA7: Chauf.Gauche.Eau Foide.Cuisine - m3 | BB7: Chauf.Gauche.Eau Foide.Heberg - m3 | BC7: Chauf.Gauche.Eau Foide.Piscine - m3 | BD7: Chauf.Gauche.Eau Foide.Buanderie - m3 | BE7: Chauf.Gauche.Dep.EC heb - m3 | BF7: Chauf.Gauche.Ret.EC Heb - m3 | BG7: Chauf.Gauche.Ret.EC.LC et service divers - m3 | BH7: Chauf.Gauche.Retour eau glacé - m3 | BI7: Chauf.Gauche.Ret.eau.ch.buanderie - m3 | BJ7: Chauf.Gauche.Remp. retour coll.EC - m3 | BK7: Chauf.Droite.Eau.Froide.Adoucisseur - m3 | BL7: Chauf.Droite.Eau.Froide.Spa pool - m3 | BM7: Chauf.Droite.Eau.Froide.pataugeoire - m3 | BN7: Chauf.Droite.Eau.Froide.Spa Base 3 - m3 | BO7: Chauf.Droite.Eau.Froide. Heberg droite - m3 | BP7: Chauf.Droite.Dep.EC Heb droite - m3 | BQ7: Chauf.Droite.Dep.EC Spa - m3 | BR7: Chauf.Droite.Ret.EC Spa - m3 | BS7: Arrosage - m3 | BT7: suite presidentielle - m3 | BU7: Kids club - m3 | BV7: Tow Bedroom A - m3 | BW7: Tow Bedroom B - m3 | BX7: Tow Bedroom C - m3 | BY7: wirlpool h - m3 | BZ7: wirlpool f -m3 | CA7: piscine spa pool - m3 | CB7: piscine ext - m3 | CC7: filtration piscine ext - m3 | CD7: depart chaufferie droite - m3 | CE7: adoucisseur chaufferie vapeur - m3
A8: 1 | B8: 55614 | C8: 87140 | D8: 16560 | E8: 14703 | F8: 203973 | G8: 3890 | H8: 2134 | I8: 411938 | J8: 74577 | K8: 7936 | L8: 31415 | M8: 54879 | N8: 41908 | O8: 201064 | P8: 427185 | Q8: 3275 | R8: 20381 | S8: 25503 | T8: 299190 | U8: 410424 | V8: 44560 | W8: 5726 | X8: 15383 | Y8: 96365 | Z8: 552 | AA8: 184403 | AB8: 9018 | AC8: 2127 | AD8: 19372 | AE8: 86982 | AF8: 225922 | AG8: 1192320 | AH8: 12201 | AI8: 485534 | AJ8: 687624 | AK8: 10278 | AL8: 32629 | AM8: 30972 | AN8: 646188 | AO8: 5345 | AP8: 0 | AQ8: 116358 | AR8: 233809 | AS8: 68089 | AT8: 635 | AU8: 115169 | AV8: 46115 | AW8: 39701 | AX8: 189567 | AY8: 528212
A9: 2 | B9: 55679 | C9: 87273 | D9: 16561 | E9: 14711 | F9: 204163 | G9: 3893 | H9: 2154 | I9: 412282 | J9: 74652 | K9: 7936 | L9: 31430 | M9: 54922 | N9: 41942 | O9: 201265 | P9: 427858 | Q9: 3281 | R9: 20401 | S9: 25503 | T9: 299398 | U9: 410787 | V9: 44608 | W9: 5727 | X9: 15400 | Y9: 96441 | Z9: 553 | AA9: 184534 | AB9: 9028 | AC9: 2129 | AD9: 19382 | AE9: 87078 | AF9: 226126 | AG9: 1193215 | AH9: 12229 | AI9: 485551 | AJ9: 688071 | AK9: 10294 | AL9: 32834 | AM9: 31050 | AN9: 646606 | AO9: 5345 | AP9: 0 | AQ9: 116435 | AR9: 233942 | AS9: 68132 | AT9: 636 | AU9: 115278 | AV9: 46142 | AW9: 39722 | AX9: 189817 | AY9: 528730
A10: 3 | B10: 55750 | C10: 87425 | D10: 16566 | E10: 14716 | F10: 204355 | G10: 3896 | H10: 2173 | I10: 412578 | J10: 74726 | K10: 7936 | L10: 31462 | M10: 54974 | N10: 41975 | O10: 201469 | P10: 428510 | Q10: 3288 | R10: 20425 | S10: 25503 | T10: 299607 | U10: 411173 | V10: 44655 | W10: 5728 | X10: 15416 | Y10: 96519 | Z10: 555 | AA10: 184667 | AB10: 9059 | AC10: 2131 | AD10: 19392 | AE10: 87169 | AF10: 226346 | AG10: 1194046 | AH10: 12257 | AI10: 485569 | AJ10: 688682 | AK10: 10313 | AL10: 32971 | AM10: 31132 | AN10: 647213 | AO10: 5346 | AP10: 0 | AQ10: 116514 | AR10: 234085 | AS10: 68174 | AT10: 637 | AU10: 115400 | AV10: 46169 | AW10: 39745 | AX10: 190076 | AY10: 529257
A11: 4 | B11: 55824 | C11: 87575 | D11: 16578 | E11: 14720 | F11: 204550 | G11: 3898 | H11: 2192 | I11: 412876 | J11: 74800 | K11: 7936 | L11: 31484 | M11: 55014 | N11: 42003 | O11: 201675 | P11: 429153 | Q11: 3292 | R11: 20441 | S11: 25503 | T11: 299810 | U11: 411539 | V11: 44702 | W11: 5731 | X11: 15430 | Y11: 96612 | Z11: 557 | AA11: 184805 | AB11: 9085 | AC11: 2133 | AD11: 19402 | AE11: 87263 | AF11: 226524 | AG11: 1195001 | AH11: 12275 | AI11: 485587 | AJ11: 689257 | AK11: 10331 | AL11: 33125 | AM11: 31236 | AN11: 647823 | AO11: 5347 | AP11: 0 | AQ11: 116601 | AR11: 234227 | AS11: 68223 | AT11: 637 | AU11: 115547 | AV11: 46198 | AW11: 39767 | AX11: 190290 | AY11: 529821
A12: 5 | B12: 55896 | C12: 87719 | D12: 16597 | E12: 14728 | F12: 204750 | G12: 3901 | H12: 2209 | I12: 413191 | J12: 74877 | K12: 7936 | L12: 31502 | M12: 55055 | N12: 42040 | O12: 201875 | P12: 429720 | Q12: 3297 | R12: 20461 | S12: 25503 | T12: 300042 | U12: 411891 | V12: 44749 | W12: 5733 | X12: 15445 | Y12: 96701 | Z12: 559 | AA12: 184949 | AB12: 9086 | AC12: 2135 | AD12: 19411 | AE12: 87342 | AF12: 226690 | AG12: 1195799 | AH12: 12297 | AI12: 485606 | AJ12: 689799 | AK12: 10351 | AL12: 33248 | AM12: 31316 | AN12: 648344 | AO12: 5349 | AP12: 0 | AQ12: 116684 | AR12: 234388 | AS12: 68260 | AT12: 638 | AU12: 115670 | AV12: 46221 | AW12: 39788 | AX12: 190458 | AY12: 530416
A13: 6 | B13: 55970 | C13: 87854 | D13: 16612 | E13: 14745 | F13: 204939 | G13: 3903 | H13: 2230 | I13: 413497 | J13: 74952 | K13: 7937 | L13: 31527 | M13: 55094 | N13: 42074 | O13: 202068 | P13: 430351 | Q13: 3303 | R13: 20477 | S13: 25503 | T13: 300273 | U13: 412257 | V13: 44795 | W13: 5736 | X13: 15460 | Y13: 96792 | Z13: 561 | AA13: 185079 | AB13: 9097 | AC13: 2139 | AD13: 19421 | AE13: 87423 | AF13: 226882 | AG13: 1196579 | AH13: 12303 | AI13: 485623 | AJ13: 690361 | AK13: 10369 | AL13: 33336 | AM13: 31392 | AN13: 648939 | AO13: 5350 | AP13: 0 | AQ13: 116763 | AR13: 234542 | AS13: 68296 | AT13: 638 | AU13: 115782 | AV13: 46242 | AW13: 39802 | AX13: 190633 | AY13: 530996
A14: 7 | B14: 56062 | C14: 87998 | D14: 16627 | E14: 14764 | F14: 205145 | G14: 3906 | H14: 2249 | I14: 413824 | J14: 75029 | K14: 7937 | L14: 31548 | M14: 55129 | N14: 42115 | O14: 202269 | P14: 431008 | Q14: 3311 | R14: 20496 | S14: 25503 | T14: 300485 | U14: 412640 | V14: 44842 | W14: 5738 | X14: 15475 | Y14: 96861 | Z14: 562 | AA14: 185219 | AB14: 9130 | AC14: 2141 | AD14: 19431 | AE14: 87505 | AF14: 227088 | AG14: 1197453 | AH14: 12306 | AI14: 485641 | AJ14: 691053 | AK14: 10386 | AL14: 33436 | AM14: 31447 | AN14: 649650 | AO14: 5351 | AP14: 0 | AQ14: 116846 | AR14: 234716 | AS14: 68336 | AT14: 639 | AU14: 115916 | AV14: 46264 | AW14: 39823 | AX14: 190826 | AY14: 531556
A15: 8 | B15: 56153 | C15: 88133 | D15: 16641 | E15: 14773 | F15: 205343 | G15: 3909 | H15: 2269 | I15: 414146 | J15: 75107 | K15: 7938 | L15: 31571 | M15: 55173 | N15: 42153 | O15: 202468 | P15: 431493 | Q15: 3316 | R15: 20514 | S15: 25503 | T15: 300692 | U15: 413020 | V15: 44893 | W15: 5739 | X15: 15491 | Y15: 96980 | Z15: 564 | AA15: 185364 | AB15: 9160 | AC15: 2143 | AD15: 19441 | AE15: 87596 | AF15: 227293 | AG15: 1198499 | AH15: 12312 | AI15: 485660 | AJ15: 691697 | AK15: 10404 | AL15: 33570 | AM15: 31517 | AN15: 650219 | AO15: 5353 | AP15: 0 | AQ15: 116946 | AR15: 234894 | AS15: 68375 | AT15: 640 | AU15: 116041 | AV15: 46288 | AW15: 39841 | AX15: 191000 | AY15: 532131
A16: 9 | B16: 56239 | C16: 88287 | D16: 16644 | E16: 14784 | F16: 205544 | G16: 3912 | H16: 2291 | I16: 414453 | J16: 75180 | K16: 7938 | L16: 37597 | M16: 55212 | N16: 42187 | O16: 202665 | P16: 431967 | Q16: 3320 | R16: 20533 | S16: 25503 | T16: 300902 | U16: 413388 | V16: 44940 | W16: 5740 | X16: 15507 | Y16: 97063 | Z16: 566 | AA16: 185503 | AB16: 9191 | AC16: 2147 | AD16: 19452 | AE16: 87682 | AF16: 227491 | AG16: 1199375 | AH16: 12318 | AI16: 485678 | AJ16: 692277 | AK16: 10419 | AL16: 33700 | AM16: 31583 | AN16: 650762 | AO16: 5354 | AP16: 0 | AQ16: 116948 | AR16: 235074 | AS16: 68409 | AT16: 640 | AU16: 116164 | AV16: 46313 | AW16: 39858 | AX16: 191170 | AY16: 532971
A17: 10 | B17: 56327 | C17: 88447 | D17: 16653 | E17: 14808 | F17: 205756 | G17: 3915 | H17: 2311 | I17: 414765 | J17: 75256 | K17: 7938 | L17: 31622 | M17: 55248 | N17: 42225 | O17: 202861 | P17: 432537 | Q17: 3327 | R17: 20552 | S17: 25503 | T17: 301129 | U17: 413768 | V17: 44990 | W17: 5744 | X17: 15521 | Y17: 97139 | Z17: 569 | AA17: 185649 | AB17: 9201 | AC17: 2149 | AD17: 19462 | AE17: 87777 | AF17: 227699 | AG17: 1200558 | AH17: 12326 | AI17: 485695 | AJ17: 692933 | AK17: 10451 | AL17: 33825 | AM17: 31652 | AN17: 651354 | AO17: 5355 | AP17: 0 | AQ17: 117035 | AR17: 235253 | AS17: 68441 | AT17: 641 | AU17: 116286 | AV17: 46336 | AW17: 39874 | AX17: 191406 | AY17: 533284
A18: 11 | B18: 56398 | C18: 88626 | D18: 16657 | E18: 14822 | F18: 205983 | G18: 3918 | H18: 2329 | I18: 415076 | J18: 75332 | K18: 7939 | L18: 31643 | M18: 55279 | N18: 42256 | O18: 203061 | P18: 433054 | Q18: 3331 | R18: 20572 | S18: 25503 | T18: 301378 | U18: 414108 | V18: 45039 | W18: 5750 | X18: 15535 | Y18: 97236 | Z18: 571 | AA18: 185802 | AB18: 9234 | AC18: 2151 | AD18: 19472 | AE18: 87878 | AF18: 227917 | AG18: 1201432 | AH18: 12328 | AI18: 485713 | AJ18: 693566 | AK18: 10467 | AL18: 33957 | AM18: 31732 | AN18: 652077 | AO18: 5356 | AP18: 0 | AQ18: 117209 | AR18: 235434 | AS18: 68474 | AT18: 642 | AU18: 116358 | AV18: 46366 | AW18: 39890 | AX18: 191664 | AY18: 533880
A19: 12 | B19: 56487 | C19: 88794 | D19: 16668 | E19: 14838 | F19: 206210 | G19: 3922 | H19: 2351 | I19: 415391 | J19: 75405 | K19: 7939 | L19: 31663 | M19: 55315 | N19: 42294 | O19: 203260 | P19: 433694 | Q19: 3335 | R19: 20595 | S19: 25503 | T19: 301609 | U19: 414459 | V19: 45091 | W19: 5751 | X19: 15551 | Y19: 97340 | Z19: 572 | AA19: 185948 | AB19: 9249 | AC19: 2153 | AD19: 19482 | AE19: 87989 | AF19: 228131 | AG19: 1202750 | AH19: 12335 | AI19: 485731 | AJ19: 694217 | AK19: 10488 | AL19: 34098 | AM19: 31814 | AN19: 652557 | AO19: 5357 | AP19: 0 | AQ19: 117300 | AR19: 235623 | AS19: 68505 | AT19: 642 | AU19: 116454 | AV19: 46389 | AW19: 39905 | AX19: 191904 | AY19: 534476
... A38: 31 | B38: 58111 | C38: 91984 | D38: 16877 | E38: 15139 | F38: 210234 | G38: 3981 | H38: 2717 | I38: 421983 | J38: 76673 | K38: 7946 | L38: 32107 | M38: 56100 | N38: 42964 | O38: 207059 | P38: 446851 | Q38: 3409 | R38: 20985 | S38: 25503 | T38: 306128 | U38: 421799 | V38: 45986 | W38: 5768 | X38: 15822 | Y38: 98997 | Z38: 583 | AA38: 188692 | AB38: 9691 | AC38: 2193 | AD38: 19882 | AE38: 90037 | AF38: 232285 | AG38: 1224233 | AH38: 12456 | AI38: 486488 | AJ38: 705614 | AK38: 10787 | AL38: 36408 | AM38: 33539 | AN38: 663125 | AO38: 5372 | AP38: 0 | AQ38: 119089 | AR38: 239720 | AS38: 69220 | AT38: 654 | AU38: 118749 | AV38: 46990 | AW38: 40421 | AX38: 196668 | AY38: 545556
