Workbook

Sheet Total Daily 
A1: Site Name | B1: Day | C1: Month | D1: Year | E1: Total Electricity Kwh | F1: Electricity Tariff ($/Kwh) | G1: LPG (Kg) | H1: LPG $/Kg | I1: District Energy Cooling Kwh | J1: District Energy Cooling $/Kwh | K1: Water Utility Supply (m3) m3 | L1: Water Utility Supply (m3) m3 | M1: Water Utility Supply (m3) $/m3 | N1: Room Nights
A2: Dubai DIFC | B2: 1 | C2: 9 | D2: 2020 | E2: ='09 - 2020'!B8-'09 - 2020'!B7+'09 - 2020'!C8-'09 - 2020'!C7 -> 7304 | F2: 0.118 | G2: =(('09 - 2020'!E8-'09 - 2020'!E7)+('09 - 2020'!F8-'09 - 2020'!F7)+('09 - 2020'!G8-'09 - 2020'!G7))*1.81 -> 83.6039 | H2: 0.99 | I2: ='09 - 2020'!J8-'09 - 2020'!J7 -> 24301 | J2: 0.081 | K2: ='09 - 2020'!H8-'09 - 2020'!H7 -> 0 | L2: ='09 - 2020'!I8-'09 - 2020'!I7 -> 47 | M2: 4.3936294 | N2: 0
A3: Dubai DIFC | B3: =B2+1 -> 2 | C3: 9 | D3: 2020 | E3: ='09 - 2020'!B9-'09 - 2020'!B8+'09 - 2020'!C9-'09 - 2020'!C8 -> 8142 | F3: 0.118 | G3: =(('09 - 2020'!E9-'09 - 2020'!E8)+('09 - 2020'!F9-'09 - 2020'!F8)+('09 - 2020'!G9-'09 - 2020'!G8))*1.81 -> 92.31 | H3: 0.99 | I3: ='09 - 2020'!J9-'09 - 2020'!J8 -> 28071 | J3: 0.081 | K3: ='09 - 2020'!H9-'09 - 2020'!H8 -> 0 | L3: ='09 - 2020'!I9-'09 - 2020'!I8 -> 62 | M3: 4.3936294 | N3: 13
A4: Dubai DIFC | B4: =B3+1 -> 3 | C4: 9 | D4: 2020 | E4: 0 | F4: 0.118 | G4: 0 | H4: 0.99 | I4: 0 | J4: 0.081 | K4: 0 | L4: 0 | M4: 4.3936294 | N4: 0
A5: Dubai DIFC | B5: =B4+1 -> 4 | C5: 9 | D5: 2020 | E5: ='09 - 2020'!B11-'09 - 2020'!B10+'09 - 2020'!C11-'09 - 2020'!C10 -> 0 | F5: 0.118 | G5: =(('09 - 2020'!E11-'09 - 2020'!E10)+('09 - 2020'!F11-'09 - 2020'!F10)+('09 - 2020'!G11-'09 - 2020'!G10))*1.81 -> 0 | H5: 0.99 | I5: ='09 - 2020'!J11-'09 - 2020'!J10 -> 0 | J5: 0.081 | K5: ='09 - 2020'!H11-'09 - 2020'!H10 -> 0 | L5: ='09 - 2020'!I11-'09 - 2020'!I10 -> 0 | M5: 4.3936294 | N5: 0
A6: Dubai DIFC | B6: =B5+1 -> 5 | C6: 9 | D6: 2020 | E6: ='09 - 2020'!B12-'09 - 2020'!B11+'09 - 2020'!C12-'09 - 2020'!C11 -> 0 | F6: 0.118 | G6: =(('09 - 2020'!E12-'09 - 2020'!E11)+('09 - 2020'!F12-'09 - 2020'!F11)+('09 - 2020'!G12-'09 - 2020'!G11))*1.81 -> 0 | H6: 0.99 | I6: ='09 - 2020'!J12-'09 - 2020'!J11 -> 0 | J6: 0.081 | K6: ='09 - 2020'!H12-'09 - 2020'!H11 -> 0 | L6: ='09 - 2020'!I12-'09 - 2020'!I11 -> 0 | M6: 4.3936294 | N6: 0
A7: Dubai DIFC | B7: =B6+1 -> 6 | C7: 9 | D7: 2020 | E7: ='09 - 2020'!B13-'09 - 2020'!B12+'09 - 2020'!C13-'09 - 2020'!C12 -> 0 | F7: 0.118 | G7: =(('09 - 2020'!E13-'09 - 2020'!E12)+('09 - 2020'!F13-'09 - 2020'!F12)+('09 - 2020'!G13-'09 - 2020'!G12))*1.81 -> 0 | H7: 0.99 | I7: ='09 - 2020'!J13-'09 - 2020'!J12 -> 0 | J7: 0.081 | K7: ='09 - 2020'!H13-'09 - 2020'!H12 -> 0 | L7: ='09 - 2020'!I13-'09 - 2020'!I12 -> 0 | M7: 4.3936294 | N7: 0
A8: Dubai DIFC | B8: =B7+1 -> 7 | C8: 9 | D8: 2020 | E8: ='09 - 2020'!B14-'09 - 2020'!B13+'09 - 2020'!C14-'09 - 2020'!C13 -> 0 | F8: 0.118 | G8: =(('09 - 2020'!E14-'09 - 2020'!E13)+('09 - 2020'!F14-'09 - 2020'!F13)+('09 - 2020'!G14-'09 - 2020'!G13))*1.81 -> 0 | H8: 0.99 | I8: ='09 - 2020'!J14-'09 - 2020'!J13 -> 0 | J8: 0.081 | K8: ='09 - 2020'!H14-'09 - 2020'!H13 -> 0 | L8: ='09 - 2020'!I14-'09 - 2020'!I13 -> 0 | M8: 4.3936294 | N8: 0
A9: Dubai DIFC | B9: =B8+1 -> 8 | C9: 9 | D9: 2020 | E9: ='09 - 2020'!B15-'09 - 2020'!B14+'09 - 2020'!C15-'09 - 2020'!C14 -> 0 | F9: 0.118 | G9: =(('09 - 2020'!E15-'09 - 2020'!E14)+('09 - 2020'!F15-'09 - 2020'!F14)+('09 - 2020'!G15-'09 - 2020'!G14))*1.81 -> 0 | H9: 0.99 | I9: ='09 - 2020'!J15-'09 - 2020'!J14 -> 0 | J9: 0.081 | K9: ='09 - 2020'!H15-'09 - 2020'!H14 -> 0 | L9: ='09 - 2020'!I15-'09 - 2020'!I14 -> 0 | M9: 4.3936294 | N9: 0
A10: Dubai DIFC | B10: =B9+1 -> 9 | C10: 9 | D10: 2020 | E10: ='09 - 2020'!B16-'09 - 2020'!B15+'09 - 2020'!C16-'09 - 2020'!C15 -> 0 | F10: 0.118 | G10: =(('09 - 2020'!E16-'09 - 2020'!E15)+('09 - 2020'!F16-'09 - 2020'!F15)+('09 - 2020'!G16-'09 - 2020'!G15))*1.81 -> 0 | H10: 0.99 | I10: ='09 - 2020'!J16-'09 - 2020'!J15 -> 0 | J10: 0.081 | K10: ='09 - 2020'!H16-'09 - 2020'!H15 -> 0 | L10: ='09 - 2020'!I16-'09 - 2020'!I15 -> 0 | M10: 4.3936294 | N10: 0
A11: Dubai DIFC | B11: =B10+1 -> 10 | C11: 9 | D11: 2020 | E11: ='09 - 2020'!B17-'09 - 2020'!B16+'09 - 2020'!C17-'09 - 2020'!C16 -> 0 | F11: 0.118 | G11: =(('09 - 2020'!E17-'09 - 2020'!E16)+('09 - 2020'!F17-'09 - 2020'!F16)+('09 - 2020'!G17-'09 - 2020'!G16))*1.81 -> 0 | H11: 0.99 | I11: ='09 - 2020'!J17-'09 - 2020'!J16 -> 0 | J11: 0.081 | K11: ='09 - 2020'!H17-'09 - 2020'!H16 -> 0 | L11: ='09 - 2020'!I17-'09 - 2020'!I16 -> 0 | M11: 4.3936294 | N11: 0
A12: Dubai DIFC | B12: =B11+1 -> 11 | C12: 9 | D12: 2020 | E12: ='09 - 2020'!B18-'09 - 2020'!B17+'09 - 2020'!C18-'09 - 2020'!C17 -> 0 | F12: 0.118 | G12: =(('09 - 2020'!E18-'09 - 2020'!E17)+('09 - 2020'!F18-'09 - 2020'!F17)+('09 - 2020'!G18-'09 - 2020'!G17))*1.81 -> 0 | H12: 0.99 | I12: ='09 - 2020'!J18-'09 - 2020'!J17 -> 0 | J12: 0.081 | K12: ='09 - 2020'!H18-'09 - 2020'!H17 -> 0 | L12: ='09 - 2020'!I18-'09 - 2020'!I17 -> 0 | M12: 4.3936294 | N12: 0
A13: Dubai DIFC | B13: =B12+1 -> 12 | C13: 9 | D13: 2020 | E13: ='09 - 2020'!B19-'09 - 2020'!B18+'09 - 2020'!C19-'09 - 2020'!C18 -> 0 | F13: 0.118 | G13: =(('09 - 2020'!E19-'09 - 2020'!E18)+('09 - 2020'!F19-'09 - 2020'!F18)+('09 - 2020'!G19-'09 - 2020'!G18))*1.81 -> 0 | H13: 0.99 | I13: ='09 - 2020'!J19-'09 - 2020'!J18 -> 0 | J13: 0.081 | K13: ='09 - 2020'!H19-'09 - 2020'!H18 -> 0 | L13: ='09 - 2020'!I19-'09 - 2020'!I18 -> 0 | M13: 4.3936294 | N13: 0
A14: Dubai DIFC | B14: =B13+1 -> 13 | C14: 9 | D14: 2020 | E14: ='09 - 2020'!B20-'09 - 2020'!B19+'09 - 2020'!C20-'09 - 2020'!C19 -> 0 | F14: 0.118 | G14: =(('09 - 2020'!E20-'09 - 2020'!E19)+('09 - 2020'!F20-'09 - 2020'!F19)+('09 - 2020'!G20-'09 - 2020'!G19))*1.81 -> 0 | H14: 0.99 | I14: ='09 - 2020'!J20-'09 - 2020'!J19 -> 0 | J14: 0.081 | K14: ='09 - 2020'!H20-'09 - 2020'!H19 -> 0 | L14: ='09 - 2020'!I20-'09 - 2020'!I19 -> 0 | M14: 4.3936294 | N14: 0
A15: Dubai DIFC | B15: =B14+1 -> 14 | C15: 9 | D15: 2020 | E15: ='09 - 2020'!B21-'09 - 2020'!B20+'09 - 2020'!C21-'09 - 2020'!C20 -> 0 | F15: 0.118 | G15: =(('09 - 2020'!E21-'09 - 2020'!E20)+('09 - 2020'!F21-'09 - 2020'!F20)+('09 - 2020'!G21-'09 - 2020'!G20))*1.81 -> 0 | H15: 0.99 | I15: ='09 - 2020'!J21-'09 - 2020'!J20 -> 0 | J15: 0.081 | K15: ='09 - 2020'!H21-'09 - 2020'!H20 -> 0 | L15: ='09 - 2020'!I21-'09 - 2020'!I20 -> 0 | M15: 4.3936294 | N15: 0
A16: Dubai DIFC | B16: =B15+1 -> 15 | C16: 9 | D16: 2020 | E16: ='09 - 2020'!B22-'09 - 2020'!B21+'09 - 2020'!C22-'09 - 2020'!C21 -> 0 | F16: 0.118 | G16: =(('09 - 2020'!E22-'09 - 2020'!E21)+('09 - 2020'!F22-'09 - 2020'!F21)+('09 - 2020'!G22-'09 - 2020'!G21))*1.81 -> 0 | H16: 0.99 | I16: ='09 - 2020'!J22-'09 - 2020'!J21 -> 0 | J16: 0.081 | K16: ='09 - 2020'!H22-'09 - 2020'!H21 -> 0 | L16: ='09 - 2020'!I22-'09 - 2020'!I21 -> 0 | M16: 4.3936294 | N16: 0
... A27: Dubai DIFC | B27: =B26+1 -> 26 | C27: 9 | D27: 2020 | E27: ='09 - 2020'!B33-'09 - 2020'!B32+'09 - 2020'!C33-'09 - 2020'!C32 -> 0 | F27: 0.118 | G27: =(('09 - 2020'!E33-'09 - 2020'!E32)+('09 - 2020'!F33-'09 - 2020'!F32)+('09 - 2020'!G33-'09 - 2020'!G32))*1.81 -> 0 | H27: 0.99 | I27: ='09 - 2020'!J33-'09 - 2020'!J32 -> 0 | J27: 0.081 | K27: ='09 - 2020'!H33-'09 - 2020'!H32 -> 0 | L27: ='09 - 2020'!I33-'09 - 2020'!I32 -> 0 | M27: 4.3936294 | N27: 0
A28: Dubai DIFC | B28: =B27+1 -> 27 | C28: 9 | D28: 2020 | E28: ='09 - 2020'!B34-'09 - 2020'!B33+'09 - 2020'!C34-'09 - 2020'!C33 -> 0 | F28: 0.118 | G28: =(('09 - 2020'!E34-'09 - 2020'!E33)+('09 - 2020'!F34-'09 - 2020'!F33)+('09 - 2020'!G34-'09 - 2020'!G33))*1.81 -> 0 | H28: 0.99 | I28: ='09 - 2020'!J34-'09 - 2020'!J33 -> 0 | J28: 0.081 | K28: 0 | L28: 0 | M28: 4.3936294 | N28: 0
A29: Dubai DIFC | B29: =B28+1 -> 28 | C29: 9 | D29: 2020 | E29: ='09 - 2020'!B35-'09 - 2020'!B34+'09 - 2020'!C35-'09 - 2020'!C34 -> 0 | F29: 0.118 | G29: =(('09 - 2020'!E35-'09 - 2020'!E34)+('09 - 2020'!F35-'09 - 2020'!F34)+('09 - 2020'!G35-'09 - 2020'!G34))*1.81 -> 0 | H29: 0.99 | I29: ='09 - 2020'!J35-'09 - 2020'!J34 -> 0 | J29: 0.081 | K29: ='09 - 2020'!H35-'09 - 2020'!H34 -> 0 | L29: ='09 - 2020'!I35-'09 - 2020'!I34 -> 0 | M29: 4.3936294 | N29: 0
A30: Dubai DIFC | B30: =B29+1 -> 29 | C30: 9 | D30: 2020 | E30: ='09 - 2020'!B36-'09 - 2020'!B35+'09 - 2020'!C36-'09 - 2020'!C35 -> 0 | F30: 0.118 | G30: =(('09 - 2020'!E36-'09 - 2020'!E35)+('09 - 2020'!F36-'09 - 2020'!F35)+('09 - 2020'!G36-'09 - 2020'!G35))*1.81 -> 0 | H30: 0.99 | I30: ='09 - 2020'!J36-'09 - 2020'!J35 -> 0 | J30: 0.081 | K30: ='09 - 2020'!H36-'09 - 2020'!H35 -> 0 | L30: ='09 - 2020'!I36-'09 - 2020'!I35 -> 0 | M30: 4.3936294 | N30: 0
A31: Dubai DIFC | B31: =B30+1 -> 30 | C31: 9 | D31: 2020 | E31: ='09 - 2020'!B37-'09 - 2020'!B36+'09 - 2020'!C37-'09 - 2020'!C36 -> 0 | F31: 0.118 | G31: =(('09 - 2020'!E37-'09 - 2020'!E36)+('09 - 2020'!F37-'09 - 2020'!F36)+('09 - 2020'!G37-'09 - 2020'!G36))*1.81 -> 0 | H31: 0.99 | I31: ='09 - 2020'!J37-'09 - 2020'!J36 -> 0 | J31: 0.081 | K31: ='09 - 2020'!H37-'09 - 2020'!H36 -> 0 | L31: ='09 - 2020'!I37-'09 - 2020'!I36 -> 0 | M31: 4.3936294 | N31: 0

Sheet Submetering Daily 
A1: Site Name | B1: Day | C1: Month | D1: Year | E1: Panel LV1 Kwh | F1: Panel LV2 Kwh | G1: Electricity Tariff ($/Kwh) | H1: Main Kitchen LPG (Kg) | I1: Podium Kitchen LPG (Kg) | J1: Boiler LPG (Kg) | K1: LPG $/Kg | L1: Room Nights
A2: Dubai DIFC | B2: 1 | C2: 9 | D2: 2020 | E2: ='09 - 2020'!B8-'09 - 2020'!B7 -> 2556 | F2: ='09 - 2020'!C8-'09 - 2020'!C7 -> 4748 | G2: 0.118 | H2: ='09 - 2020'!E8-'09 - 2020'!E7 -> 16.39 | I2: ='09 - 2020'!F8-'09 - 2020'!F7 -> 4.26 | J2: ='09 - 2020'!G8-'09 - 2020'!G7 -> 25.54 | K2: 0.74 | L2: 0
A3: Dubai DIFC | B3: =B2+1 -> 2 | C3: 9 | D3: 2020 | E3: ='09 - 2020'!B9-'09 - 2020'!B8 -> 2876 | F3: ='09 - 2020'!C9-'09 - 2020'!C8 -> 5266 | G3: 0.118 | H3: ='09 - 2020'!E9-'09 - 2020'!E8 -> 20 | I3: ='09 - 2020'!F9-'09 - 2020'!F8 -> 4 | J3: ='09 - 2020'!G9-'09 - 2020'!G8 -> 27 | K3: 0.74 | L3: 13
A4: Dubai DIFC | B4: =B3+1 -> 3 | C4: 9 | D4: 2020 | E4: 0 | F4: 0 | G4: 0.118 | H4: 0 | I4: 0 | J4: 0 | K4: 0.74 | L4: 0
A5: Dubai DIFC | B5: =B4+1 -> 4 | C5: 9 | D5: 2020 | E5: ='09 - 2020'!B11-'09 - 2020'!B10 -> 0 | F5: ='09 - 2020'!C11-'09 - 2020'!C10 -> 0 | G5: 0.118 | H5: ='09 - 2020'!E11-'09 - 2020'!E10 -> 0 | I5: ='09 - 2020'!F11-'09 - 2020'!F10 -> 0 | J5: ='09 - 2020'!G11-'09 - 2020'!G10 -> 0 | K5: 0.74 | L5: 0
A6: Dubai DIFC | B6: =B5+1 -> 5 | C6: 9 | D6: 2020 | E6: ='09 - 2020'!B12-'09 - 2020'!B11 -> 0 | F6: ='09 - 2020'!C12-'09 - 2020'!C11 -> 0 | G6: 0.118 | H6: ='09 - 2020'!E12-'09 - 2020'!E11 -> 0 | I6: ='09 - 2020'!F12-'09 - 2020'!F11 -> 0 | J6: ='09 - 2020'!G12-'09 - 2020'!G11 -> 0 | K6: 0.74 | L6: 0
A7: Dubai DIFC | B7: =B6+1 -> 6 | C7: 9 | D7: 2020 | E7: ='09 - 2020'!B13-'09 - 2020'!B12 -> 0 | F7: ='09 - 2020'!C13-'09 - 2020'!C12 -> 0 | G7: 0.118 | H7: ='09 - 2020'!E13-'09 - 2020'!E12 -> 0 | I7: ='09 - 2020'!F13-'09 - 2020'!F12 -> 0 | J7: ='09 - 2020'!G13-'09 - 2020'!G12 -> 0 | K7: 0.74 | L7: 0
A8: Dubai DIFC | B8: =B7+1 -> 7 | C8: 9 | D8: 2020 | E8: ='09 - 2020'!B14-'09 - 2020'!B13 -> 0 | F8: ='09 - 2020'!C14-'09 - 2020'!C13 -> 0 | G8: 0.118 | H8: ='09 - 2020'!E14-'09 - 2020'!E13 -> 0 | I8: ='09 - 2020'!F14-'09 - 2020'!F13 -> 0 | J8: ='09 - 2020'!G14-'09 - 2020'!G13 -> 0 | K8: 0.74 | L8: 0
A9: Dubai DIFC | B9: =B8+1 -> 8 | C9: 9 | D9: 2020 | E9: ='09 - 2020'!B15-'09 - 2020'!B14 -> 0 | F9: ='09 - 2020'!C15-'09 - 2020'!C14 -> 0 | G9: 0.118 | H9: ='09 - 2020'!E15-'09 - 2020'!E14 -> 0 | I9: ='09 - 2020'!F15-'09 - 2020'!F14 -> 0 | J9: ='09 - 2020'!G15-'09 - 2020'!G14 -> 0 | K9: 0.74 | L9: 0
A10: Dubai DIFC | B10: =B9+1 -> 9 | C10: 9 | D10: 2020 | E10: ='09 - 2020'!B16-'09 - 2020'!B15 -> 0 | F10: ='09 - 2020'!C16-'09 - 2020'!C15 -> 0 | G10: 0.118 | H10: ='09 - 2020'!E16-'09 - 2020'!E15 -> 0 | I10: ='09 - 2020'!F16-'09 - 2020'!F15 -> 0 | J10: ='09 - 2020'!G16-'09 - 2020'!G15 -> 0 | K10: 0.74 | L10: 0
A11: Dubai DIFC | B11: =B10+1 -> 10 | C11: 9 | D11: 2020 | E11: ='09 - 2020'!B17-'09 - 2020'!B16 -> 0 | F11: ='09 - 2020'!C17-'09 - 2020'!C16 -> 0 | G11: 0.118 | H11: ='09 - 2020'!E17-'09 - 2020'!E16 -> 0 | I11: ='09 - 2020'!F17-'09 - 2020'!F16 -> 0 | J11: ='09 - 2020'!G17-'09 - 2020'!G16 -> 0 | K11: 0.74 | L11: 0
A12: Dubai DIFC | B12: =B11+1 -> 11 | C12: 9 | D12: 2020 | E12: ='09 - 2020'!B18-'09 - 2020'!B17 -> 0 | F12: ='09 - 2020'!C18-'09 - 2020'!C17 -> 0 | G12: 0.118 | H12: ='09 - 2020'!E18-'09 - 2020'!E17 -> 0 | I12: ='09 - 2020'!F18-'09 - 2020'!F17 -> 0 | J12: ='09 - 2020'!G18-'09 - 2020'!G17 -> 0 | K12: 0.74 | L12: 0
A13: Dubai DIFC | B13: =B12+1 -> 12 | C13: 9 | D13: 2020 | E13: ='09 - 2020'!B19-'09 - 2020'!B18 -> 0 | F13: ='09 - 2020'!C19-'09 - 2020'!C18 -> 0 | G13: 0.118 | H13: ='09 - 2020'!E19-'09 - 2020'!E18 -> 0 | I13: ='09 - 2020'!F19-'09 - 2020'!F18 -> 0 | J13: ='09 - 2020'!G19-'09 - 2020'!G18 -> 0 | K13: 0.74 | L13: 0
A14: Dubai DIFC | B14: =B13+1 -> 13 | C14: 9 | D14: 2020 | E14: ='09 - 2020'!B20-'09 - 2020'!B19 -> 0 | F14: ='09 - 2020'!C20-'09 - 2020'!C19 -> 0 | G14: 0.118 | H14: ='09 - 2020'!E20-'09 - 2020'!E19 -> 0 | I14: ='09 - 2020'!F20-'09 - 2020'!F19 -> 0 | J14: ='09 - 2020'!G20-'09 - 2020'!G19 -> 0 | K14: 0.74 | L14: 0
A15: Dubai DIFC | B15: =B14+1 -> 14 | C15: 9 | D15: 2020 | E15: ='09 - 2020'!B21-'09 - 2020'!B20 -> 0 | F15: ='09 - 2020'!C21-'09 - 2020'!C20 -> 0 | G15: 0.118 | H15: ='09 - 2020'!E21-'09 - 2020'!E20 -> 0 | I15: ='09 - 2020'!F21-'09 - 2020'!F20 -> 0 | J15: ='09 - 2020'!G21-'09 - 2020'!G20 -> 0 | K15: 0.74 | L15: 0
A16: Dubai DIFC | B16: =B15+1 -> 15 | C16: 9 | D16: 2020 | E16: ='09 - 2020'!B22-'09 - 2020'!B21 -> 0 | F16: ='09 - 2020'!C22-'09 - 2020'!C21 -> 0 | G16: 0.118 | H16: ='09 - 2020'!E22-'09 - 2020'!E21 -> 0 | I16: ='09 - 2020'!F22-'09 - 2020'!F21 -> 0 | J16: ='09 - 2020'!G22-'09 - 2020'!G21 -> 0 | K16: 0.74 | L16: 0
... A30: Dubai DIFC | B30: =B29+1 -> 29 | C30: 9 | D30: 2020 | E30: ='09 - 2020'!B36-'09 - 2020'!B35 -> 0 | F30: ='09 - 2020'!C36-'09 - 2020'!C35 -> 0 | G30: 0.118 | H30: ='09 - 2020'!E36-'09 - 2020'!E35 -> 0 | I30: ='09 - 2020'!F36-'09 - 2020'!F35 -> 0 | J30: ='09 - 2020'!G36-'09 - 2020'!G35 -> 0 | K30: 0.74 | L30: 0
A31: Dubai DIFC | B31: 30 | C31: 9 | D31: 2020 | E31: ='09 - 2020'!B37-'09 - 2020'!B36 -> 0 | F31: ='09 - 2020'!C37-'09 - 2020'!C36 -> 0 | G31: 0.118 | H31: ='09 - 2020'!E37-'09 - 2020'!E36 -> 0 | I31: ='09 - 2020'!F37-'09 - 2020'!F36 -> 0 | J31: ='09 - 2020'!G37-'09 - 2020'!G36 -> 0 | K31: 0.74 | L31: 0

Sheet 09 - 2020
A3: FOUR SEASONS HOTEL - DIFC
A4: HLP READING MONTH OF SEPTEMBER' 2020
B5: Electricity | D5: LPG (cu.m) | H5: Water (cu.m) | J5: BTU
A6: Date | B6: LV-01, 2025952759 | C6: LV-2, 2030235407 | D6: Main Meter % | E6: Main Kitchen | F6: Podium Kitchen | G6: Boiler | H6: B-3 Water Meter (DIFC) | I6: MainWater Meter (DEWA) | J6: Chilled Water (KWH) | K6: Gas Received (Litres) | L6: Remark
A7: 44074 | B7: 818063 | C7: 1274305 | D7: 0.32 | E7: 11739.61 | F7: 2319.74 | G7: 20932.46 | H7: 14528 | I7: 97129 | J7: 41159898
A8: 44075 | B8: 820619 | C8: 1279053 | D8: 0.25 | E8: 11756 | F8: 2324 | G8: 20958 | H8: 14528 | I8: 97176 | J8: 41184199 | K8: 3850
A9: 44076 | B9: 823495 | C9: 1284319 | D9: 0.75 | E9: 11776 | F9: 2328 | G9: 20985 | H9: 14528 | I9: 97238 | J9: 41212270
A10: 44077
A11: 44078
A12: 44079
A13: 44080
A14: 44081
A15: 44082
A16: 44083
A17: 44084
A18: 44085
A19: 44086
A20: 44087
A21: 44088
... A37: 44104
A38: Readings | B38: =B37-B7 -> -818063 | C38: =C37-C7 -> -1274305 | E38: =E37-E7 -> -11739.61 | F38: =F37-F7 -> -2319.74 | G38: =G37-G7 -> -20932.46 | H38: =H37-H7 -> -14528 | I38: =I37-I7 -> -97129 | J38: =J37-J7 -> -41159898 | K38: =K37-K7 -> 0
H39: =H38*219.969 -> -3195709.6 | I39: =I38*219.969 -> -21365369
H40: =H39*219.969 -> -7.0295705e+08 | I40: =I39*219.969 -> -4.6997189e+09
