Workbook

Sheet TOTAL
A1: Site Name | B1: Day | C1: Month | D1: Year | E1: Total Electricity Kwh | F1: Electricity Tariff ($/Kwh) | G1: LPG (Kg) | H1: LPG $/Kg | I1: District Energy Heating Kwh | J1: District Energy Heating $/Kwh | K1: Water Utility Supply (m3) m3 | L1: Water Utility Supply (m3) $/m3 | M1: Room Nights | N1: Total Guests | O1: Utilities day cost dh
A2: Marrakech | B2: 1 | C2: 8 | D2: 2020 | E2: ='Consommation du 01.08 au 31.08'!M10 -> 2818 | F2: 0.99 | G2: ='Consommation du 01.08 au 31.08'!U10 -> 0 | H2: 7.8338 | I2: ='Consommation du 01.08 au 31.08'!Y10*1000 -> 30 | J2: 0.53 | K2: ='Consommation du 01.08 au 31.08'!D10 -> 70 | L2: 12.67 | M2: ='Consommation du 01.08 au 31.08'!AC10 -> 0 | N2: 0 | O2: =E2*F2+G2*H2+I2*J2+K2*L2 -> 3692.62
A3: Marrakech | B3: =B2+1 -> 2 | C3: 8 | D3: 2020 | E3: ='Consommation du 01.08 au 31.08'!M11 -> 2923 | F3: 0.99 | G3: ='Consommation du 01.08 au 31.08'!U11 -> 0 | H3: 7.8338 | I3: ='Consommation du 01.08 au 31.08'!Y11*1000 -> 0 | J3: 0.53 | K3: ='Consommation du 01.08 au 31.08'!D11 -> 70 | L3: 12.67 | M3: ='Consommation du 01.08 au 31.08'!AC11 -> 0 | N3: 0 | O3: =E3*F3+G3*H3+I3*J3+K3*L3 -> 3780.67
A4: Marrakech | B4: =B3+1 -> 3 | C4: 8 | D4: 2020 | E4: ='Consommation du 01.08 au 31.08'!M12 -> 3034 | F4: 0.99 | G4: ='Consommation du 01.08 au 31.08'!U12 -> 0 | H4: 7.8338 | I4: ='Consommation du 01.08 au 31.08'!Y12*1000 -> 0 | J4: 0.53 | K4: ='Consommation du 01.08 au 31.08'!D12 -> 70 | L4: 12.67 | M4: ='Consommation du 01.08 au 31.08'!AC12 -> 0 | N4: 0 | O4: =E4*F4+G4*H4+I4*J4+K4*L4 -> 3890.56
A5: Marrakech | B5: =B4+1 -> 4 | C5: 8 | D5: 2020 | E5: ='Consommation du 01.08 au 31.08'!M13 -> 2892 | F5: 0.99 | G5: ='Consommation du 01.08 au 31.08'!U13 -> 0 | H5: 7.8338 | I5: ='Consommation du 01.08 au 31.08'!Y13*1000 -> 0 | J5: 0.53 | K5: ='Consommation du 01.08 au 31.08'!D13 -> 70 | L5: 12.67 | M5: ='Consommation du 01.08 au 31.08'!AC13 -> 0 | N5: 0 | O5: =E5*F5+G5*H5+I5*J5+K5*L5 -> 3749.98
A6: Marrakech | B6: =B5+1 -> 5 | C6: 8 | D6: 2020 | E6: ='Consommation du 01.08 au 31.08'!M14 -> 2989 | F6: 0.99 | G6: ='Consommation du 01.08 au 31.08'!U14 -> 0 | H6: 7.8338 | I6: ='Consommation du 01.08 au 31.08'!Y14*1000 -> 0 | J6: 0.53 | K6: ='Consommation du 01.08 au 31.08'!D14 -> 70 | L6: 12.67 | M6: ='Consommation du 01.08 au 31.08'!AC14 -> 0 | N6: 0 | O6: =E6*F6+G6*H6+I6*J6+K6*L6 -> 3846.01
A7: Marrakech | B7: =B6+1 -> 6 | C7: 8 | D7: 2020 | E7: ='Consommation du 01.08 au 31.08'!M15 -> 3267 | F7: 0.99 | G7: ='Consommation du 01.08 au 31.08'!U15 -> 0 | H7: 7.8338 | I7: ='Consommation du 01.08 au 31.08'!Y15*1000 -> 0 | J7: 0.53 | K7: ='Consommation du 01.08 au 31.08'!D15 -> 70 | L7: 12.67 | M7: ='Consommation du 01.08 au 31.08'!AC15 -> 0 | N7: 0 | O7: =E7*F7+G7*H7+I7*J7+K7*L7 -> 4121.23
A8: Marrakech | B8: =B7+1 -> 7 | C8: 8 | D8: 2020 | E8: ='Consommation du 01.08 au 31.08'!M16 -> 3295 | F8: 0.99 | G8: ='Consommation du 01.08 au 31.08'!U16 -> 0 | H8: 7.8338 | I8: ='Consommation du 01.08 au 31.08'!Y16*1000 -> 0 | J8: 0.53 | K8: ='Consommation du 01.08 au 31.08'!D16 -> 70 | L8: 12.67 | M8: ='Consommation du 01.08 au 31.08'!AC16 -> 0 | N8: 0 | O8: =E8*F8+G8*H8+I8*J8+K8*L8 -> 4148.95
A9: Marrakech | B9: =B8+1 -> 8 | C9: 8 | D9: 2020 | E9: ='Consommation du 01.08 au 31.08'!M17 -> 2957 | F9: 0.99 | G9: ='Consommation du 01.08 au 31.08'!U17 -> 0 | H9: 7.8338 | I9: ='Consommation du 01.08 au 31.08'!Y17*1000 -> 0 | J9: 0.53 | K9: ='Consommation du 01.08 au 31.08'!D17 -> 80 | L9: 12.67 | M9: ='Consommation du 01.08 au 31.08'!AC17 -> 0 | N9: 0 | O9: =E9*F9+G9*H9+I9*J9+K9*L9 -> 3941.03
A10: Marrakech | B10: =B9+1 -> 9 | C10: 8 | D10: 2020 | E10: ='Consommation du 01.08 au 31.08'!M18 -> 3037 | F10: 0.99 | G10: ='Consommation du 01.08 au 31.08'!U18 -> 0 | H10: 7.8338 | I10: ='Consommation du 01.08 au 31.08'!Y18*1000 -> 0 | J10: 0.53 | K10: ='Consommation du 01.08 au 31.08'!D18 -> 80 | L10: 12.67 | M10: ='Consommation du 01.08 au 31.08'!AC18 -> 0 | N10: 0 | O10: =E10*F10+G10*H10+I10*J10+K10*L10 -> 4020.23
A11: Marrakech | B11: =B10+1 -> 10 | C11: 8 | D11: 2020 | E11: ='Consommation du 01.08 au 31.08'!M19 -> 3154 | F11: 0.99 | G11: ='Consommation du 01.08 au 31.08'!U19 -> 0 | H11: 7.8338 | I11: ='Consommation du 01.08 au 31.08'!Y19*1000 -> 0 | J11: 0.53 | K11: ='Consommation du 01.08 au 31.08'!D19 -> 80 | L11: 12.67 | M11: ='Consommation du 01.08 au 31.08'!AC19 -> 0 | N11: 0 | O11: =E11*F11+G11*H11+I11*J11+K11*L11 -> 4136.06
A12: Marrakech | B12: =B11+1 -> 11 | C12: 8 | D12: 2020 | E12: ='Consommation du 01.08 au 31.08'!M20 -> 3128 | F12: 0.99 | G12: ='Consommation du 01.08 au 31.08'!U20 -> 0 | H12: 7.8338 | I12: ='Consommation du 01.08 au 31.08'!Y20*1000 -> 0 | J12: 0.53 | K12: ='Consommation du 01.08 au 31.08'!D20 -> 80 | L12: 12.67 | M12: ='Consommation du 01.08 au 31.08'!AC20 -> 0 | N12: 0 | O12: =E12*F12+G12*H12+I12*J12+K12*L12 -> 4110.32
A13: Marrakech | B13: =B12+1 -> 12 | C13: 8 | D13: 2020 | E13: ='Consommation du 01.08 au 31.08'!M21 -> 2947 | F13: 0.99 | G13: ='Consommation du 01.08 au 31.08'!U21 -> 0 | H13: 7.8338 | I13: ='Consommation du 01.08 au 31.08'!Y21*1000 -> 0 | J13: 0.53 | K13: ='Consommation du 01.08 au 31.08'!D21 -> 80 | L13: 12.67 | M13: ='Consommation du 01.08 au 31.08'!AC21 -> 0 | N13: 0 | O13: =E13*F13+G13*H13+I13*J13+K13*L13 -> 3931.13
A14: Marrakech | B14: =B13+1 -> 13 | C14: 8 | D14: 2020 | E14: ='Consommation du 01.08 au 31.08'!M22 -> 3308 | F14: 0.99 | G14: ='Consommation du 01.08 au 31.08'!U22 -> 0 | H14: 7.8338 | I14: ='Consommation du 01.08 au 31.08'!Y22*1000 -> 0 | J14: 0.53 | K14: ='Consommation du 01.08 au 31.08'!D22 -> 100 | L14: 12.67 | M14: ='Consommation du 01.08 au 31.08'!AC22 -> 0 | N14: 0 | O14: =E14*F14+G14*H14+I14*J14+K14*L14 -> 4541.92
... A32: Marrakech | B32: =B31+1 -> 31 | C32: 8 | D32: 2020 | E32: ='Consommation du 01.08 au 31.08'!M40 -> 3376 | F32: 0.99 | G32: ='Consommation du 01.08 au 31.08'!U40 -> 0 | H32: 7.8338 | I32: ='Consommation du 01.08 au 31.08'!Y40*1000 -> 0 | J32: 0.53 | K32: ='Consommation du 01.08 au 31.08'!D40 -> 100 | L32: 12.67 | M32: ='Consommation du 01.08 au 31.08'!AC40 -> 0 | N32: 0 | O32: =E32*F32+G32*H32+I32*J32+K32*L32 -> 4609.24
O33: =SUM(O2:O32) -> 129421.54

Sheet Consommation du 01.08 au 31.08
B8: Date | D8: Cons Eau/Hotel | F8: Consommation du jour en DH | M8: total | O8: Consommation du jour en DH | Q8: Cons Elec/Villa | S8: Cons Elec/RIAD | U8: GAZ en Kg | W8: Consommation du jour en DH | X8: Compteur AVEO Mwh | Y8: consommation eau choud en Mwh | Z8: consommation du jour en DH | AB8: Température moyenne du jour °C | AC8: Total Occupation | AD8: % Occupation | AE8: Température Piscine Adulte à 7h00 °C | AF8: Température Piscine Adulte à 15h00 °C | AG8: Température Piscine famille à 07h00 ° C | AH8: Température Piscine famille à 15h00 ° C
J9: creuse 81 | K9: pleine 82 | L9: pointe 83 | AJ9: Consommation totale du jour | AK9: Consommation/Chambre
B10: 44044 | D10: ='Suivi EAU-ELEC'!C16 -> 70 | F10: =D10*12.67 -> 886.9 | J10: ='Suivi EAU-ELEC'!E16 -> 939 | K10: ='Suivi EAU-ELEC'!G16 -> 1319 | L10: ='Suivi EAU-ELEC'!I16 -> 560 | M10: =L10+K10+J10 -> 2818 | O10: =J10*0.99+K10*0.99+L10*0.99 -> 2789.82 | U10: ='Suivi Gaz'!O11 -> 0 | W10: =U10*7.8338 -> 0 | X10: 17028.59 | Y10: =IF(X11<X10,0,X11-X10) -> 0.03 | Z10: =Y10*0.53*1000 -> 15.9 | AB10: 38 | AC10: 0 | AD10: 0 | AE10: ar | AF10: ar | AG10: ar | AH10: ar | AJ10: =(F10+O10+W10+Z10) -> 3692.62 | AK10: =AJ10/AC10 -> #DIV/0!
B11: =(B10+1) -> 44045 | D11: ='Suivi EAU-ELEC'!C17 -> 70 | F11: =D11*12.67 -> 886.9 | J11: ='Suivi EAU-ELEC'!E17 -> 947 | K11: ='Suivi EAU-ELEC'!G17 -> 1378 | L11: ='Suivi EAU-ELEC'!I17 -> 598 | M11: =L11+K11+J11 -> 2923 | O11: =J11*0.99+K11*0.99+L11*0.99 -> 2893.77 | U11: ='Suivi Gaz'!O12 -> 0 | W11: =U11*7.8338 -> 0 | X11: 17028.62 | Y11: =IF(X12<X11,0,X12-X11) -> 0 | Z11: =Y11*0.53*1000 -> 0 | AB11: 39 | AC11: 0 | AD11: 0 | AE11: ar | AF11: ar | AG11: ar | AH11: ar | AJ11: =(F11+O11+W11+Z11) -> 3780.67 | AK11: =AJ11/AC11 -> #DIV/0!
B12: =(B11+1) -> 44046 | D12: ='Suivi EAU-ELEC'!C18 -> 70 | F12: =D12*12.67 -> 886.9 | J12: ='Suivi EAU-ELEC'!E18 -> 922 | K12: ='Suivi EAU-ELEC'!G18 -> 1504 | L12: ='Suivi EAU-ELEC'!I18 -> 608 | M12: =L12+K12+J12 -> 3034 | O12: =J12*0.99+K12*0.99+L12*0.99 -> 3003.66 | U12: ='Suivi Gaz'!O13 -> 0 | W12: =U12*7.8338 -> 0 | X12: 17028.62 | Y12: =IF(X13<X12,0,X13-X12) -> 0 | Z12: =Y12*0.53*1000 -> 0 | AB12: 34 | AC12: 0 | AD12: 0 | AE12: ar | AF12: ar | AG12: ar | AH12: ar | AJ12: =(F12+O12+W12+Z12) -> 3890.56 | AK12: =AJ12/AC12 -> #DIV/0!
B13: =(B12+1) -> 44047 | D13: ='Suivi EAU-ELEC'!C19 -> 70 | F13: =D13*12.67 -> 886.9 | J13: ='Suivi EAU-ELEC'!E19 -> 864 | K13: ='Suivi EAU-ELEC'!G19 -> 1462 | L13: ='Suivi EAU-ELEC'!I19 -> 566 | M13: =L13+K13+J13 -> 2892 | O13: =J13*0.99+K13*0.99+L13*0.99 -> 2863.08 | U13: ='Suivi Gaz'!O14 -> 0 | W13: =U13*7.8338 -> 0 | X13: 17028.62 | Y13: =IF(X14<X13,0,X14-X13) -> 0 | Z13: =Y13*0.53*1000 -> 0 | AB13: 34 | AC13: 0 | AD13: 0 | AE13: ar | AF13: ar | AG13: ar | AH13: ar | AJ13: =(F13+O13+W13+Z13) -> 3749.98 | AK13: =AJ13/AC13 -> #DIV/0!
B14: =(B13+1) -> 44048 | D14: ='Suivi EAU-ELEC'!C20 -> 70 | F14: =D14*12.67 -> 886.9 | J14: ='Suivi EAU-ELEC'!E20 -> 945 | K14: ='Suivi EAU-ELEC'!G20 -> 1443 | L14: ='Suivi EAU-ELEC'!I20 -> 601 | M14: =L14+K14+J14 -> 2989 | O14: =J14*0.99+K14*0.99+L14*0.99 -> 2959.11 | U14: ='Suivi Gaz'!O15 -> 0 | W14: =U14*7.8338 -> 0 | X14: 17028.62 | Y14: =IF(X15<X14,0,X15-X14) -> 0 | Z14: =Y14*0.53*1000 -> 0 | AB14: 34 | AC14: 0 | AD14: 0 | AE14: ar | AF14: ar | AG14: ar | AH14: ar | AJ14: =(F14+O14+W14+Z14) -> 3846.01 | AK14: =AJ14/AC14 -> #DIV/0!
B15: =(B14+1) -> 44049 | D15: ='Suivi EAU-ELEC'!C21 -> 70 | F15: =D15*12.67 -> 886.9 | J15: ='Suivi EAU-ELEC'!E21 -> 991 | K15: ='Suivi EAU-ELEC'!G21 -> 1607 | L15: ='Suivi EAU-ELEC'!I21 -> 669 | M15: =L15+K15+J15 -> 3267 | O15: =J15*0.99+K15*0.99+L15*0.99 -> 3234.33 | U15: ='Suivi Gaz'!O16 -> 0 | W15: =U15*7.8338 -> 0 | X15: 17028.62 | Y15: =IF(X16<X15,0,X16-X15) -> 0 | Z15: =Y15*0.53*1000 -> 0 | AB15: 30 | AC15: 0 | AD15: 0 | AE15: ar | AF15: ar | AG15: ar | AH15: ar | AJ15: =(F15+O15+W15+Z15) -> 4121.23 | AK15: =AJ15/AC15 -> #DIV/0!
B16: =(B15+1) -> 44050 | D16: ='Suivi EAU-ELEC'!C22 -> 70 | F16: =D16*12.67 -> 886.9 | J16: ='Suivi EAU-ELEC'!E22 -> 1016 | K16: ='Suivi EAU-ELEC'!G22 -> 1635 | L16: ='Suivi EAU-ELEC'!I22 -> 644 | M16: =L16+K16+J16 -> 3295 | O16: =J16*0.99+K16*0.99+L16*0.99 -> 3262.05 | U16: ='Suivi Gaz'!O17 -> 0 | W16: =U16*7.8338 -> 0 | X16: 17028.62 | Y16: =IF(X17<X16,0,X17-X16) -> 0 | Z16: =Y16*0.53*1000 -> 0 | AB16: 30 | AC16: 0 | AD16: 0 | AE16: ar | AF16: ar | AG16: ar | AH16: ar | AJ16: =(F16+O16+W16+Z16) -> 4148.95 | AK16: =AJ16/AC16 -> #DIV/0!
B17: =(B16+1) -> 44051 | D17: ='Suivi EAU-ELEC'!C23 -> 80 | F17: =D17*12.67 -> 1013.6 | J17: ='Suivi EAU-ELEC'!E23 -> 812 | K17: ='Suivi EAU-ELEC'!G23 -> 1538 | L17: ='Suivi EAU-ELEC'!I23 -> 607 | M17: =L17+K17+J17 -> 2957 | O17: =J17*0.99+K17*0.99+L17*0.99 -> 2927.43 | U17: ='Suivi Gaz'!O18 -> 0 | W17: =U17*7.8338 -> 0 | X17: 17028.62 | Y17: =IF(X18<X17,0,X18-X17) -> 0 | Z17: =Y17*0.53*1000 -> 0 | AB17: 31 | AC17: 0 | AD17: 0 | AE17: ar | AF17: ar | AG17: ar | AH17: ar | AJ17: =(F17+O17+W17+Z17) -> 3941.03 | AK17: =AJ17/AC17 -> #DIV/0!
B18: =(B17+1) -> 44052 | D18: ='Suivi EAU-ELEC'!C24 -> 80 | F18: =D18*12.67 -> 1013.6 | J18: ='Suivi EAU-ELEC'!E24 -> 904 | K18: ='Suivi EAU-ELEC'!G24 -> 1488 | L18: ='Suivi EAU-ELEC'!I24 -> 645 | M18: =L18+K18+J18 -> 3037 | O18: =J18*0.99+K18*0.99+L18*0.99 -> 3006.63 | U18: ='Suivi Gaz'!O19 -> 0 | W18: =U18*7.8338 -> 0 | X18: 17028.62 | Y18: =IF(X19<X18,0,X19-X18) -> 0 | Z18: =Y18*0.53*1000 -> 0 | AB18: 34 | AC18: 0 | AD18: 0 | AE18: ar | AF18: ar | AG18: ar | AH18: ar | AJ18: =(F18+O18+W18+Z18) -> 4020.23 | AK18: =AJ18/AC18 -> #DIV/0!
B19: =(B18+1) -> 44053 | D19: ='Suivi EAU-ELEC'!C25 -> 80 | F19: =D19*12.67 -> 1013.6 | J19: ='Suivi EAU-ELEC'!E25 -> 907 | K19: ='Suivi EAU-ELEC'!G25 -> 1598 | L19: ='Suivi EAU-ELEC'!I25 -> 649 | M19: =L19+K19+J19 -> 3154 | O19: =J19*0.99+K19*0.99+L19*0.99 -> 3122.46 | U19: ='Suivi Gaz'!O20 -> 0 | W19: =U19*7.8338 -> 0 | X19: 17028.62 | Y19: =IF(X20<X19,0,X20-X19) -> 0 | Z19: =Y19*0.53*1000 -> 0 | AB19: 32 | AC19: 0 | AD19: 0 | AE19: ar | AF19: ar | AG19: ar | AH19: ar | AJ19: =(F19+O19+W19+Z19) -> 4136.06 | AK19: =AJ19/AC19 -> #DIV/0!
B20: =(B19+1) -> 44054 | D20: ='Suivi EAU-ELEC'!C26 -> 80 | F20: =D20*12.67 -> 1013.6 | J20: ='Suivi EAU-ELEC'!E26 -> 912 | K20: ='Suivi EAU-ELEC'!G26 -> 1579 | L20: ='Suivi EAU-ELEC'!I26 -> 637 | M20: =L20+K20+J20 -> 3128 | O20: =J20*0.99+K20*0.99+L20*0.99 -> 3096.72 | U20: ='Suivi Gaz'!O21 -> 0 | W20: =U20*7.8338 -> 0 | X20: 17028.62 | Y20: =IF(X21<X20,0,X21-X20) -> 0 | Z20: =Y20*0.53*1000 -> 0 | AA20: 14 | AB20: 30 | AC20: 0 | AD20: 0 | AE20: ar | AF20: ar | AG20: ar | AH20: ar | AJ20: =(F20+O20+W20+Z20) -> 4110.32 | AK20: =AJ20/AC20 -> #DIV/0!
B21: =(B20+1) -> 44055 | D21: ='Suivi EAU-ELEC'!C27 -> 80 | F21: =D21*12.67 -> 1013.6 | J21: ='Suivi EAU-ELEC'!E27 -> 914 | K21: ='Suivi EAU-ELEC'!G27 -> 1480 | L21: ='Suivi EAU-ELEC'!I27 -> 553 | M21: =L21+K21+J21 -> 2947 | O21: =J21*0.99+K21*0.99+L21*0.99 -> 2917.53 | U21: ='Suivi Gaz'!O22 -> 0 | W21: =U21*7.8338 -> 0 | X21: 17028.62 | Y21: =IF(X22<X21,0,X22-X21) -> 0 | Z21: =Y21*0.53*1000 -> 0 | AA21: 14 | AB21: 30 | AC21: 0 | AD21: 0 | AE21: ar | AF21: ar | AG21: ar | AH21: ar | AJ21: =(F21+O21+W21+Z21) -> 3931.13 | AK21: =AJ21/AC21 -> #DIV/0!
B22: =(B21+1) -> 44056 | D22: ='Suivi EAU-ELEC'!C28 -> 100 | F22: =D22*12.67 -> 1267 | J22: ='Suivi EAU-ELEC'!E28 -> 972 | K22: ='Suivi EAU-ELEC'!G28 -> 1672 | L22: ='Suivi EAU-ELEC'!I28 -> 664 | M22: =L22+K22+J22 -> 3308 | O22: =J22*0.99+K22*0.99+L22*0.99 -> 3274.92 | U22: ='Suivi Gaz'!O23 -> 0 | W22: =U22*7.8338 -> 0 | X22: 17028.62 | Y22: =IF(X23<X22,0,X23-X22) -> 0 | Z22: =Y22*0.53*1000 -> 0 | AB22: 32 | AC22: 0 | AD22: 0 | AE22: ar | AF22: ar | AG22: ar | AH22: ar | AJ22: =(F22+O22+W22+Z22) -> 4541.92 | AK22: =AJ22/AC22 -> #DIV/0!
B23: =(B22+1) -> 44057 | D23: ='Suivi EAU-ELEC'!C29 -> 90 | F23: =D23*12.67 -> 1140.3 | J23: ='Suivi EAU-ELEC'!E29 -> 974 | K23: ='Suivi EAU-ELEC'!G29 -> 1544 | L23: ='Suivi EAU-ELEC'!I29 -> 599 | M23: =L23+K23+J23 -> 3117 | O23: =J23*0.99+K23*0.99+L23*0.99 -> 3085.83 | U23: ='Suivi Gaz'!O24 -> 0 | W23: =U23*7.8338 -> 0 | X23: 17028.62 | Y23: =IF(X24<X23,0,X24-X23) -> 0 | Z23: =Y23*0.53*1000 -> 0 | AB23: 30 | AC23: 0 | AD23: 0 | AE23: ar | AF23: ar | AG23: ar | AH23: ar | AJ23: =(F23+O23+W23+Z23) -> 4226.13 | AK23: =AJ23/AC23 -> #DIV/0!
B24: =(B23+1) -> 44058 | D24: ='Suivi EAU-ELEC'!C30 -> 70 | F24: =D24*12.67 -> 886.9 | J24: ='Suivi EAU-ELEC'!E30 -> 906 | K24: ='Suivi EAU-ELEC'!G30 -> 1549 | L24: ='Suivi EAU-ELEC'!I30 -> 607 | M24: =L24+K24+J24 -> 3062 | O24: =J24*0.99+K24*0.99+L24*0.99 -> 3031.38 | U24: ='Suivi Gaz'!O25 -> 0 | W24: =U24*7.8338 -> 0 | X24: 17028.62 | Y24: =IF(X25<X24,0,X25-X24) -> 0 | Z24: =Y24*0.53*1000 -> 0 | AB24: 30 | AC24: 0 | AD24: 0 | AE24: ar | AF24: ar | AG24: ar | AH24: ar | AJ24: =(F24+O24+W24+Z24) -> 3918.28 | AK24: =AJ24/AC24 -> #DIV/0!
B25: =(B24+1) -> 44059 | D25: ='Suivi EAU-ELEC'!C31 -> 70 | F25: =D25*12.67 -> 886.9 | J25: ='Suivi EAU-ELEC'!E31 -> 920 | K25: ='Suivi EAU-ELEC'!G31 -> 1540 | L25: ='Suivi EAU-ELEC'!I31 -> 647 | M25: =L25+K25+J25 -> 3107 | O25: =J25*0.99+K25*0.99+L25*0.99 -> 3075.93 | U25: ='Suivi Gaz'!O26 -> 0 | W25: =U25*7.8338 -> 0 | X25: 17028.62 | Y25: =IF(X26<X25,0,X26-X25) -> 0 | Z25: =Y25*0.53*1000 -> 0 | AB25: 30 | AC25: 0 | AD25: 0 | AE25: ar | AF25: ar | AG25: ar | AH25: ar | AJ25: =(F25+O25+W25+Z25) -> 3962.83 | AK25: =AJ25/AC25 -> #DIV/0!
B26: =(B25+1) -> 44060 | D26: ='Suivi EAU-ELEC'!C32 -> 90 | F26: =D26*12.67 -> 1140.3 | J26: ='Suivi EAU-ELEC'!E32 -> 950 | K26: ='Suivi EAU-ELEC'!G32 -> 1490 | L26: ='Suivi EAU-ELEC'!I32 -> 640 | M26: =L26+K26+J26 -> 3080 | O26: =J26*0.99+K26*0.99+L26*0.99 -> 3049.2 | U26: ='Suivi Gaz'!O27 -> 0 | W26: =U26*7.8338 -> 0 | X26: 17028.62 | Y26: =IF(X27<X26,0,X27-X26) -> 0 | Z26: =Y26*0.53*1000 -> 0 | AB26: 30 | AC26: 0 | AD26: 0 | AE26: ar | AF26: ar | AG26: ar | AH26: ar | AJ26: =(F26+O26+W26+Z26) -> 4189.5 | AK26: =AJ26/AC26 -> #DIV/0!
B27: =(B26+1) -> 44061 | D27: ='Suivi EAU-ELEC'!C33 -> 100 | F27: =D27*12.67 -> 1267 | J27: ='Suivi EAU-ELEC'!E33 -> 974 | K27: ='Suivi EAU-ELEC'!G33 -> 1560 | L27: ='Suivi EAU-ELEC'!I33 -> 670 | M27: =L27+K27+J27 -> 3204 | O27: =J27*0.99+K27*0.99+L27*0.99 -> 3171.96 | U27: ='Suivi Gaz'!O28 -> 0 | W27: =U27*7.8338 -> 0 | X27: 17028.62 | Y27: =IF(X28<X27,0,X28-X27) -> 0 | Z27: =Y27*0.53*1000 -> 0 | AB27: 30 | AC27: 0 | AD27: 0 | AE27: ar | AF27: ar | AG27: ar | AH27: ar | AJ27: =(F27+O27+W27+Z27) -> 4438.96 | AK27: =AJ27/AC27 -> #DIV/0!
B28: =(B27+1) -> 44062 | D28: ='Suivi EAU-ELEC'!C34 -> 70 | F28: =D28*12.67 -> 886.9 | J28: ='Suivi EAU-ELEC'!E34 -> 950 | K28: ='Suivi EAU-ELEC'!G34 -> 1490 | L28: ='Suivi EAU-ELEC'!I34 -> 640 | M28: =L28+K28+J28 -> 3080 | O28: =J28*0.99+K28*0.99+L28*0.99 -> 3049.2 | U28: ='Suivi Gaz'!O29 -> 0 | W28: =U28*7.8338 -> 0 | X28: 17028.62 | Y28: =IF(X29<X28,0,X29-X28) -> 0 | Z28: =Y28*0.53*1000 -> 0 | AB28: 30 | AC28: 0 | AD28: 0 | AE28: ar | AF28: ar | AG28: ar | AH28: ar | AJ28: =(F28+O28+W28+Z28) -> 3936.1 | AK28: =AJ28/AC28 -> #DIV/0!
B29: =(B28+1) -> 44063 | D29: ='Suivi EAU-ELEC'!C35 -> 50 | F29: =D29*12.67 -> 633.5 | J29: ='Suivi EAU-ELEC'!E35 -> 1249 | K29: ='Suivi EAU-ELEC'!G35 -> 2052 | L29: ='Suivi EAU-ELEC'!I35 -> 575 | M29: =L29+K29+J29 -> 3876 | O29: =J29*0.99+K29*0.99+L29*0.99 -> 3837.24 | U29: ='Suivi Gaz'!O30 -> 0 | W29: =U29*7.8338 -> 0 | X29: 17028.62 | Y29: =IF(X30<X29,0,X30-X29) -> 0 | Z29: =Y29*0.53*1000 -> 0 | AB29: 32 | AC29: 0 | AD29: 0 | AE29: ar | AF29: ar | AG29: ar | AH29: ar | AJ29: =(F29+O29+W29+Z29) -> 4470.74 | AK29: =AJ29/AC29 -> #DIV/0!
B30: =(B29+1) -> 44064 | D30: ='Suivi EAU-ELEC'!C36 -> 80 | F30: =D30*12.67 -> 1013.6 | J30: ='Suivi EAU-ELEC'!E36 -> 1012 | K30: ='Suivi EAU-ELEC'!G36 -> 1617 | L30: ='Suivi EAU-ELEC'!I36 -> 688 | M30: =L30+K30+J30 -> 3317 | O30: =J30*0.99+K30*0.99+L30*0.99 -> 3283.83 | U30: ='Suivi Gaz'!O31 -> 0 | W30: =U30*7.8338 -> 0 | X30: 17028.62 | Y30: =IF(X31<X30,0,X31-X30) -> 0 | Z30: =Y30*0.53*1000 -> 0 | AB30: 31 | AC30: 0 | AD30: 0 | AE30: ar | AF30: ar | AG30: ar | AH30: ar | AJ30: =(F30+O30+W30+Z30) -> 4297.43 | AK30: =AJ30/AC30 -> #DIV/0!
B31: =(B30+1) -> 44065 | D31: ='Suivi EAU-ELEC'!C37 -> 90 | F31: =D31*12.67 -> 1140.3 | J31: ='Suivi EAU-ELEC'!E37 -> 1032 | K31: ='Suivi EAU-ELEC'!G37 -> 1653 | L31: ='Suivi EAU-ELEC'!I37 -> 679 | M31: =L31+K31+J31 -> 3364 | O31: =J31*0.99+K31*0.99+L31*0.99 -> 3330.36 | U31: ='Suivi Gaz'!O32 -> 0 | W31: =U31*7.8338 -> 0 | X31: 17028.62 | Y31: =IF(X33<X31,0,X33-X31) -> 0 | Z31: =Y31*0.53*1000 -> 0 | AB31: 33 | AC31: 0 | AD31: 0 | AE31: ar | AF31: ar | AG31: ar | AH31: ar | AJ31: =(F31+O31+W31+Z31) -> 4470.66 | AK31: =AJ31/AC31 -> #DIV/0!
B32: =(B31+1) -> 44066 | D32: ='Suivi EAU-ELEC'!C38 -> 80 | F32: =D32*12.67 -> 1013.6 | J32: ='Suivi EAU-ELEC'!E38 -> 908 | K32: ='Suivi EAU-ELEC'!G38 -> 1470 | L32: ='Suivi EAU-ELEC'!I38 -> 635 | M32: =L32+K32+J32 -> 3013 | O32: =J32*0.99+K32*0.99+L32*0.99 -> 2982.87 | U32: ='Suivi Gaz'!O33 -> 0 | W32: =U32*7.8338 -> 0 | X32: 17028.62 | Y32: =IF(X34<X32,0,X34-X32) -> 0 | Z32: =Y32*0.53*1000 -> 0 | AB32: 33 | AC32: 0 | AD32: 0 | AE32: ar | AF32: ar | AG32: ar | AH32: ar | AJ32: =(F32+O32+W32+Z32) -> 3996.47 | AK32: =AJ32/AC32 -> #DIV/0!
B33: =(B32+1) -> 44067 | D33: ='Suivi EAU-ELEC'!C39 -> 90 | F33: =D33*12.67 -> 1140.3 | J33: ='Suivi EAU-ELEC'!E39 -> 951 | K33: ='Suivi EAU-ELEC'!G39 -> 1671 | L33: ='Suivi EAU-ELEC'!I39 -> 705 | M33: =L33+K33+J33 -> 3327 | O33: =J33*0.99+K33*0.99+L33*0.99 -> 3293.73 | U33: ='Suivi Gaz'!O34 -> 0 | W33: =U33*7.8338 -> 0 | X33: 17028.62 | Y33: =IF(X35<X33,0,X35-X33) -> 0 | Z33: =Y33*0.53*1000 -> 0 | AB33: 35 | AC33: 0 | AD33: 0 | AE33: ar | AF33: ar | AG33: ar | AH33: ar | AJ33: =(F33+O33+W33+Z33) -> 4434.03 | AK33: =AJ33/AC33 -> #DIV/0!
B34: =(B33+1) -> 44068 | D34: ='Suivi EAU-ELEC'!C40 -> 90 | F34: =D34*12.67 -> 1140.3 | J34: ='Suivi EAU-ELEC'!E40 -> 1006 | K34: ='Suivi EAU-ELEC'!G40 -> 1739 | L34: ='Suivi EAU-ELEC'!I40 -> 585 | M34: =L34+K34+J34 -> 3330 | O34: =J34*0.99+K34*0.99+L34*0.99 -> 3296.7 | U34: ='Suivi Gaz'!O35 -> 0 | W34: =U34*7.8338 -> 0 | X34: 17028.62 | Y34: =IF(X35<X34,0,X35-X34) -> 0 | Z34: =Y34*0.53*1000 -> 0 | AB34: 36 | AC34: 0 | AD34: 0 | AE34: ar | AF34: ar | AG34: ar | AH34: ar | AJ34: =(F34+O34+W34+Z34) -> 4437 | AK34: =AJ34/AC34 -> #DIV/0!
B35: =(B34+1) -> 44069 | D35: ='Suivi EAU-ELEC'!C41 -> 100 | F35: =D35*12.67 -> 1267 | J35: ='Suivi EAU-ELEC'!E41 -> 1042 | K35: ='Suivi EAU-ELEC'!G41 -> 1752 | L35: ='Suivi EAU-ELEC'!I41 -> 670 | M35: =L35+K35+J35 -> 3464 | O35: =J35*0.99+K35*0.99+L35*0.99 -> 3429.36 | U35: ='Suivi Gaz'!O36 -> 0 | W35: =U35*7.8338 -> 0 | X35: 17028.62 | Y35: =IF(X36<X35,0,X36-X35) -> 0 | Z35: =Y35*0.53*1000 -> 0 | AB35: 37 | AC35: 0 | AD35: 0 | AE35: ar | AF35: ar | AG35: ar | AH35: ar | AJ35: =(F35+O35+W35+Z35) -> 4696.36 | AK35: =AJ35/AC35 -> #DIV/0!
B36: =(B35+1) -> 44070 | D36: ='Suivi EAU-ELEC'!C42 -> 110 | F36: =D36*12.67 -> 1393.7 | J36: ='Suivi EAU-ELEC'!E42 -> 973 | K36: ='Suivi EAU-ELEC'!G42 -> 1663 | L36: ='Suivi EAU-ELEC'!I42 -> 586 | M36: =L36+K36+J36 -> 3222 | O36: =J36*0.99+K36*0.99+L36*0.99 -> 3189.78 | U36: ='Suivi Gaz'!O37 -> 0 | W36: =U36*7.8338 -> 0 | X36: 17028.62 | Y36: =IF(X37<X36,0,X37-X36) -> 0 | Z36: =Y36*0.53*1000 -> 0 | AB36: 37 | AC36: 0 | AD36: 0 | AE36: ar | AF36: ar | AG36: ar | AH36: ar | AJ36: =(F36+O36+W36+Z36) -> 4583.48 | AK36: =AJ36/AC36 -> #DIV/0!
B37: =(B36+1) -> 44071 | D37: ='Suivi EAU-ELEC'!C43 -> 110 | F37: =D37*12.67 -> 1393.7 | J37: ='Suivi EAU-ELEC'!E43 -> 1022 | K37: ='Suivi EAU-ELEC'!G43 -> 1611 | L37: ='Suivi EAU-ELEC'!I43 -> 626 | M37: =L37+K37+J37 -> 3259 | O37: =J37*0.99+K37*0.99+L37*0.99 -> 3226.41 | U37: ='Suivi Gaz'!O38 -> 0 | W37: =U37*7.8338 -> 0 | X37: 17028.62 | Y37: =IF(X38<X37,0,X38-X37) -> 0 | Z37: =Y37*0.53*1000 -> 0 | AB37: 35 | AC37: 0 | AD37: 0 | AE37: ar | AF37: ar | AG37: ar | AH37: ar | AJ37: =(F37+O37+W37+Z37) -> 4620.11 | AK37: =AJ37/AC37 -> #DIV/0!
B38: =(B37+1) -> 44072 | D38: ='Suivi EAU-ELEC'!C44 -> 110 | F38: =D38*12.67 -> 1393.7 | J38: ='Suivi EAU-ELEC'!E44 -> 866 | K38: ='Suivi EAU-ELEC'!G44 -> 1504 | L38: ='Suivi EAU-ELEC'!I44 -> 542 | M38: =L38+K38+J38 -> 2912 | O38: =J38*0.99+K38*0.99+L38*0.99 -> 2882.88 | U38: ='Suivi Gaz'!O39 -> 0 | W38: =U38*7.8338 -> 0 | X38: 17028.62 | Y38: =IF(X39<X38,0,X39-X38) -> 0 | Z38: =Y38*0.53*1000 -> 0 | AB38: 28 | AC38: 0 | AD38: 0 | AE38: ar | AF38: ar | AG38: ar | AH38: ar | AJ38: =(F38+O38+W38+Z38) -> 4276.58 | AK38: =AJ38/AC38 -> #DIV/0!
B39: =(B38+1) -> 44073 | D39: ='Suivi EAU-ELEC'!C45 -> 100 | F39: =D39*12.67 -> 1267 | J39: ='Suivi EAU-ELEC'!E45 -> 868 | K39: ='Suivi EAU-ELEC'!G45 -> 1322 | L39: ='Suivi EAU-ELEC'!I45 -> 517 | M39: =L39+K39+J39 -> 2707 | O39: =J39*0.99+K39*0.99+L39*0.99 -> 2679.93 | U39: ='Suivi Gaz'!O40 -> 0 | W39: =U39*7.8338 -> 0 | Y39: =IF(X40<X39,0,X40-X39) -> 0 | Z39: =Y39*0.53*1000 -> 0 | AB39: 29 | AC39: 0 | AD39: 0 | AE39: ar | AF39: ar | AG39: ar | AH39: ar | AJ39: =(F39+O39+W39+Z39) -> 3946.93 | AK39: =AJ39/AC39 -> #DIV/0!
B40: =(B39+1) -> 44074 | D40: ='Suivi EAU-ELEC'!C46 -> 100 | F40: =D40*12.67 -> 1267 | J40: ='Suivi EAU-ELEC'!E46 -> 1081 | K40: ='Suivi EAU-ELEC'!G46 -> 1668 | L40: ='Suivi EAU-ELEC'!I46 -> 627 | M40: =L40+K40+J40 -> 3376 | O40: =J40*0.99+K40*0.99+L40*0.99 -> 3342.24 | U40: ='Suivi Gaz'!O41 -> 0 | W40: =U40*7.8338 -> 0 | Y40: =IF(X41<X40,0,X41-X40) -> 0 | Z40: =Y40*0.53*1000 -> 0 | AB40: 35 | AC40: 0 | AD40: 0 | AE40: ar | AF40: ar | AG40: ar | AH40: ar | AJ40: =(F40+O40+W40+Z40) -> 4609.24 | AK40: =AJ40/AC40 -> #DIV/0!
D41: ='Suivi EAU-ELEC'!C46 -> 100 | F41: =SUM(F10:H40) -> 32815.3 | J41: =SUM(J10:J40) -> 29729 | K41: =SUM(K10:K40) -> 48598 | L41: =SUM(L10:L40) -> 19239 | M41: =SUM(M10:M40) -> 97566 | O41: =SUM(O10:O40) -> 96590.34 | Q41: =SUM(Q10:Q40) -> 0 | S41: =SUM(S10:S40) -> 0 | U41: =SUM(U10:U40) -> 0 | W41: =SUM(W10:W40) -> 0 | Y41: =SUM(Y10:Y40) -> 0.03 | Z41: =SUM(Z10:Z40) -> 15.9 | AJ41: =SUM(AJ10:AJ38) -> 120865.37 | AK41: =SUM(AK10:AK38) -> #DIV/0!
A43: ELECTRICITE / Kw/h | D43: creuse 81 | F43: 0.64895 | G43: =J41 -> 29729 | J43: =G43*F43 -> 19292.635 | L43: =J43+J44+J45 -> 86244.652
D44: pleine 82 | F44: 0.88605 | G44: =K41 -> 48598 | J44: =G44*F44 -> 43060.258
D45: pointe 83 | F45: 1.24184 | G45: =L41 -> 19239 | J45: =G45*F45 -> 23891.76
A46: EAU HOTEL M3 | F46: 12.67 | G46: =D41 -> 100 | J46: =G46*F46 -> 1267 | L46: =J46 -> 1267
A47: GAZ Kg | F47: 7.8338 | G47: =U41 -> 0 | J47: =G47*F47 -> 0 | L47: =J47 -> 0

Sheet Suivi Gaz
D1: suivi Gaz
Q2: 803 | T2: 519 | W2: 800 | Z2: 802
B3: Relvé C1 | C3: cons C1 | D3: Relvé C2 | E3: cons C2 | F3: Relvé C3 | G3: cons C3 | H3: Relvé C4 | I3: cons C4 | J3: ∑ des relevés | K3: moyen general % | L3: con.j | M3: ∑ de volume en L | N3: cons./jen L | O3: cons./jen Kg | P3: cons./jen DH | Q3: livraison C1 | R3: %Avant | S3: % Après | T3: livraison C2 | U3: %Avant | V3: % Après | W3: livraison C3 | X3: %Avant | Y3: % Après | Z3: livraison C4 | AA3: %Avant | AB3: % Après | AC3: total livraison | AD3: moyen general % Avant L | AE3: moyen general % Aaprés L
A4: 44037 | B4: 76 | C4: =IF(AC4>0,((B4-R4)+(S4-B5)),IF(B5=0, ,(B4-B5))) -> 0 | D4: 77 | E4: =IF(AC4>0,((D4-U4)+(V4-D5)),IF(D5=0, ,(D4-D5))) -> 0 | F4: 72 | G4: =IF(AC4>0,((F4-X4)+(Y4-F5)),IF(F5=0, ,(F4-F5))) -> 0 | H4: 75 | I4: =IF(AC4>0,((H4-AA4)+(AB4-H5)),IF(H5=0, ,(H4-H5))) -> 0 | J4: =B4+D4+F4+H4 -> 300 | K4: =J4/4 -> 75 | L4: =IF(AC4>0,((K4-AD4)+(AE4-K5)),IF(K5=0, ,(K4-K5))) -> 0 | M4: =7000*4 -> 28000 | N4: =L4*M4/100 -> 0 | O4: =N4*0.53 -> 0 | P4: =O4*7.8338 -> 0 | AC4: =Q4+T4+W4+Z4 -> 0 | AD4: =(R4+U4+X4+AA4)/4 -> 0 | AE4: =(S4+V4+Y4+AB4)/4 -> 0
A5: =(A4+1) -> 44038 | B5: 76 | C5: =IF(AC5>0,((B5-R5)+(S5-B6)),IF(B6=0, ,(B5-B6))) -> 0 | D5: 77 | E5: =IF(AC5>0,((D5-U5)+(V5-D6)),IF(D6=0, ,(D5-D6))) -> 0 | F5: 72 | G5: =IF(AC5>0,((F5-X5)+(Y5-F6)),IF(F6=0, ,(F5-F6))) -> 0 | H5: 75 | I5: =IF(AC5>0,((H5-AA5)+(AB5-H6)),IF(H6=0, ,(H5-H6))) -> 0 | J5: =B5+D5+F5+H5 -> 300 | K5: =J5/4 -> 75 | L5: =IF(AC5>0,((K5-AD5)+(AE5-K6)),IF(K6=0, ,(K5-K6))) -> 0 | M5: =7000*4 -> 28000 | N5: =L5*M5/100 -> 0 | O5: =N5*0.53 -> 0 | P5: =O5*7.8338 -> 0 | AC5: =Q5+T5+W5+Z5 -> 0 | AD5: =(R5+U5+X5+AA5)/4 -> 0 | AE5: =(S5+V5+Y5+AB5)/4 -> 0
A6: =(A5+1) -> 44039 | B6: 76 | C6: =IF(AC6>0,((B6-R6)+(S6-B7)),IF(B7=0, ,(B6-B7))) -> 1 | D6: 77 | E6: =IF(AC6>0,((D6-U6)+(V6-D7)),IF(D7=0, ,(D6-D7))) -> 0 | F6: 72 | G6: =IF(AC6>0,((F6-X6)+(Y6-F7)),IF(F7=0, ,(F6-F7))) -> 0 | H6: 75 | I6: =IF(AC6>0,((H6-AA6)+(AB6-H7)),IF(H7=0, ,(H6-H7))) -> 0 | J6: =B6+D6+F6+H6 -> 300 | K6: =J6/4 -> 75 | L6: =IF(AC6>0,((K6-AD6)+(AE6-K7)),IF(K7=0, ,(K6-K7))) -> 0.25 | M6: =7000*4 -> 28000 | N6: =L6*M6/100 -> 70 | O6: =N6*0.53 -> 37.1 | P6: =O6*7.8338 -> 290.63398 | AC6: =Q6+T6+W6+Z6 -> 0 | AD6: =(R6+U6+X6+AA6)/4 -> 0 | AE6: =(S6+V6+Y6+AB6)/4 -> 0
A7: =(A6+1) -> 44040 | B7: 75 | C7: =IF(AC7>0,((B7-R7)+(S7-B8)),IF(B8=0, ,(B7-B8))) -> 0 | D7: 77 | E7: =IF(AC7>0,((D7-U7)+(V7-D8)),IF(D8=0, ,(D7-D8))) -> 0 | F7: 72 | G7: =IF(AC7>0,((F7-X7)+(Y7-F8)),IF(F8=0, ,(F7-F8))) -> 0 | H7: 75 | I7: =IF(AC7>0,((H7-AA7)+(AB7-H8)),IF(H8=0, ,(H7-H8))) -> 0 | J7: =B7+D7+F7+H7 -> 299 | K7: =J7/4 -> 74.75 | L7: =IF(AC7>0,((K7-AD7)+(AE7-K8)),IF(K8=0, ,(K7-K8))) -> 0 | M7: =7000*4 -> 28000 | N7: =L7*M7/100 -> 0 | O7: =N7*0.53 -> 0 | P7: =O7*7.8338 -> 0 | AC7: =Q7+T7+W7+Z7 -> 0 | AD7: =(R7+U7+X7+AA7)/4 -> 0 | AE7: =(S7+V7+Y7+AB7)/4 -> 0
A8: =(A7+1) -> 44041 | B8: 75 | C8: =IF(AC8>0,((B8-R8)+(S8-B9)),IF(B9=0, ,(B8-B9))) -> 0 | D8: 77 | E8: =IF(AC8>0,((D8-U8)+(V8-D9)),IF(D9=0, ,(D8-D9))) -> 0 | F8: 72 | G8: =IF(AC8>0,((F8-X8)+(Y8-F9)),IF(F9=0, ,(F8-F9))) -> 0 | H8: 75 | I8: =IF(AC8>0,((H8-AA8)+(AB8-H9)),IF(H9=0, ,(H8-H9))) -> 0 | J8: =B8+D8+F8+H8 -> 299 | K8: =J8/4 -> 74.75 | L8: =IF(AC8>0,((K8-AD8)+(AE8-K9)),IF(K9=0, ,(K8-K9))) -> 0 | M8: =7000*4 -> 28000 | N8: =L8*M8/100 -> 0 | O8: =N8*0.53 -> 0 | P8: =O8*7.8338 -> 0 | AC8: 0 | AD8: =(R8+U8+X8+AA8)/4 -> 0 | AE8: =(S8+V8+Y8+AB8)/4 -> 0
A9: =(A8+1) -> 44042 | B9: 75 | C9: =IF(AC9>0,((B9-R9)+(S9-B10)),IF(B10=0, ,(B9-B10))) -> 0 | D9: 77 | E9: =IF(AC9>0,((D9-U9)+(V9-D10)),IF(D10=0, ,(D9-D10))) -> 0 | F9: 72 | G9: =IF(AC9>0,((F9-X9)+(Y9-F10)),IF(F10=0, ,(F9-F10))) -> 0 | H9: 75 | I9: =IF(AC9>0,((H9-AA9)+(AB9-H10)),IF(H10=0, ,(H9-H10))) -> 0 | J9: =B9+D9+F9+H9 -> 299 | K9: =J9/4 -> 74.75 | L9: =IF(AC9>0,((K9-AD9)+(AE9-K10)),IF(K10=0, ,(K9-K10))) -> 0 | M9: =7000*4 -> 28000 | N9: =L9*M9/100 -> 0 | O9: =N9*0.53 -> 0 | P9: =O9*7.8338 -> 0 | AC9: =Q9+T9+W9+Z9 -> 0 | AD9: =(R9+U9+X9+AA9)/4 -> 0 | AE9: =(S9+V9+Y9+AB9)/4 -> 0
A10: =(A9+1) -> 44043 | B10: 75 | C10: =IF(AC10>0,((B10-R10)+(S10-B11)),IF(B11=0, ,(B10-B11))) -> 0 | D10: 77 | E10: =IF(AC10>0,((D10-U10)+(V10-D11)),IF(D11=0, ,(D10-D11))) -> 0 | F10: 72 | G10: =IF(AC10>0,((F10-X10)+(Y10-F11)),IF(F11=0, ,(F10-F11))) -> 0 | H10: 75 | I10: =IF(AC10>0,((H10-AA10)+(AB10-H11)),IF(H11=0, ,(H10-H11))) -> 0 | J10: =B10+D10+F10+H10 -> 299 | K10: =J10/4 -> 74.75 | L10: =IF(AC10>0,((K10-AD10)+(AE10-K11)),IF(K11=0, ,(K10-K11))) -> 0 | M10: =7000*4 -> 28000 | N10: =L10*M10/100 -> 0 | O10: =N10*0.53 -> 0 | P10: =O10*7.8338 -> 0 | AC10: =Q10+T10+W10+Z10 -> 0 | AD10: =(R10+U10+X10+AA10)/4 -> 0 | AE10: =(S10+V10+Y10+AB10)/4 -> 0
A11: =(A10+1) -> 44044 | B11: 75 | C11: =IF(AC11>0,((B11-R11)+(S11-B12)),IF(B12=0, ,(B11-B12))) -> 0 | D11: 77 | E11: =IF(AC11>0,((D11-U11)+(V11-D12)),IF(D12=0, ,(D11-D12))) -> 0 | F11: 72 | G11: =IF(AC11>0,((F11-X11)+(Y11-F12)),IF(F12=0, ,(F11-F12))) -> 0 | H11: 75 | I11: =IF(AC11>0,((H11-AA11)+(AB11-H12)),IF(H12=0, ,(H11-H12))) -> 0 | J11: =B11+D11+F11+H11 -> 299 | K11: =J11/4 -> 74.75 | L11: =IF(AC11>0,((K11-AD11)+(AE11-K12)),IF(K12=0, ,(K11-K12))) -> 0 | M11: =7000*4 -> 28000 | N11: =L11*M11/100 -> 0 | O11: =N11*0.53 -> 0 | P11: =O11*7.8338 -> 0 | AC11: =Q11+T11+W11+Z11 -> 0 | AD11: =(R11+U11+X11+AA11)/4 -> 0 | AE11: =(S11+V11+Y11+AB11)/4 -> 0
A12: =(A11+1) -> 44045 | B12: 75 | C12: =IF(AC12>0,((B12-R12)+(S12-B13)),IF(B13=0, ,(B12-B13))) -> 0 | D12: 77 | E12: =IF(AC12>0,((D12-U12)+(V12-D13)),IF(D13=0, ,(D12-D13))) -> 0 | F12: 72 | G12: =IF(AC12>0,((F12-X12)+(Y12-F13)),IF(F13=0, ,(F12-F13))) -> 0 | H12: 75 | I12: =IF(AC12>0,((H12-AA12)+(AB12-H13)),IF(H13=0, ,(H12-H13))) -> 0 | J12: =B12+D12+F12+H12 -> 299 | K12: =J12/4 -> 74.75 | L12: =IF(AC12>0,((K12-AD12)+(AE12-K13)),IF(K13=0, ,(K12-K13))) -> 0 | M12: =7000*4 -> 28000 | N12: =L12*M12/100 -> 0 | O12: =N12*0.53 -> 0 | P12: =O12*7.8338 -> 0 | AC12: =Q12+T12+W12+Z12 -> 0 | AD12: =(R12+U12+X12+AA12)/4 -> 0 | AE12: =(S12+V12+Y12+AB12)/4 -> 0
A13: =(A12+1) -> 44046 | B13: 75 | C13: =IF(AC13>0,((B13-R13)+(S13-B14)),IF(B14=0, ,(B13-B14))) -> 0 | D13: 77 | E13: =IF(AC13>0,((D13-U13)+(V13-D14)),IF(D14=0, ,(D13-D14))) -> 0 | F13: 72 | G13: =IF(AC13>0,((F13-X13)+(Y13-F14)),IF(F14=0, ,(F13-F14))) -> 0 | H13: 75 | I13: =IF(AC13>0,((H13-AA13)+(AB13-H14)),IF(H14=0, ,(H13-H14))) -> 0 | J13: =B13+D13+F13+H13 -> 299 | K13: =J13/4 -> 74.75 | L13: =IF(AC13>0,((K13-AD13)+(AE13-K14)),IF(K14=0, ,(K13-K14))) -> 0 | M13: =7000*4 -> 28000 | N13: =L13*M13/100 -> 0 | O13: =N13*0.53 -> 0 | P13: =O13*7.8338 -> 0 | AC13: =Q13+T13+W13+Z13 -> 0 | AD13: =(R13+U13+X13+AA13)/4 -> 0 | AE13: =(S13+V13+Y13+AB13)/4 -> 0
A14: =(A13+1) -> 44047 | B14: 75 | C14: =IF(AC14>0,((B14-R14)+(S14-B15)),IF(B15=0, ,(B14-B15))) -> 0 | D14: 77 | E14: =IF(AC14>0,((D14-U14)+(V14-D15)),IF(D15=0, ,(D14-D15))) -> 0 | F14: 72 | G14: =IF(AC14>0,((F14-X14)+(Y14-F15)),IF(F15=0, ,(F14-F15))) -> 0 | H14: 75 | I14: =IF(AC14>0,((H14-AA14)+(AB14-H15)),IF(H15=0, ,(H14-H15))) -> 0 | J14: =B14+D14+F14+H14 -> 299 | K14: =J14/4 -> 74.75 | L14: =IF(AC14>0,((K14-AD14)+(AE14-K15)),IF(K15=0, ,(K14-K15))) -> 0 | M14: =7000*4 -> 28000 | N14: =L14*M14/100 -> 0 | O14: =N14*0.53 -> 0 | P14: =O14*7.8338 -> 0 | AC14: =Q14+T14+W14+Z14 -> 0 | AD14: =(R14+U14+X14+AA14)/4 -> 0 | AE14: =(S14+V14+Y14+AB14)/4 -> 0
A15: =(A14+1) -> 44048 | B15: 75 | C15: =IF(AC15>0,((B15-R15)+(S15-B16)),IF(B16=0, ,(B15-B16))) -> 0 | D15: 77 | E15: =IF(AC15>0,((D15-U15)+(V15-D16)),IF(D16=0, ,(D15-D16))) -> 0 | F15: 72 | G15: =IF(AC15>0,((F15-X15)+(Y15-F16)),IF(F16=0, ,(F15-F16))) -> 0 | H15: 75 | I15: =IF(AC15>0,((H15-AA15)+(AB15-H16)),IF(H16=0, ,(H15-H16))) -> 0 | J15: =B15+D15+F15+H15 -> 299 | K15: =J15/4 -> 74.75 | L15: =IF(AC15>0,((K15-AD15)+(AE15-K16)),IF(K16=0, ,(K15-K16))) -> 0 | M15: =7000*4 -> 28000 | N15: =L15*M15/100 -> 0 | O15: =N15*0.53 -> 0 | P15: =O15*7.8338 -> 0 | AC15: =Q15+T15+W15+Z15 -> 0 | AD15: =(R15+U15+X15+AA15)/4 -> 0 | AE15: =(S15+V15+Y15+AB15)/4 -> 0
A16: =(A15+1) -> 44049 | B16: 75 | C16: =IF(AC16>0,((B16-R16)+(S16-B17)),IF(B17=0, ,(B16-B17))) -> 0 | D16: 77 | E16: =IF(AC16>0,((D16-U16)+(V16-D17)),IF(D17=0, ,(D16-D17))) -> 0 | F16: 72 | G16: =IF(AC16>0,((F16-X16)+(Y16-F17)),IF(F17=0, ,(F16-F17))) -> 0 | H16: 75 | I16: =IF(AC16>0,((H16-AA16)+(AB16-H17)),IF(H17=0, ,(H16-H17))) -> 0 | J16: =B16+D16+F16+H16 -> 299 | K16: =J16/4 -> 74.75 | L16: =IF(AC16>0,((K16-AD16)+(AE16-K17)),IF(K17=0, ,(K16-K17))) -> 0 | M16: =7000*4 -> 28000 | N16: =L16*M16/100 -> 0 | O16: =N16*0.53 -> 0 | P16: =O16*7.8338 -> 0 | AC16: =Q16+T16+W16+Z16 -> 0 | AD16: =(R16+U16+X16+AA16)/4 -> 0 | AE16: =(S16+V16+Y16+AB16)/4 -> 0
A17: =(A16+1) -> 44050 | B17: 75 | C17: =IF(AC17>0,((B17-R17)+(S17-B18)),IF(B18=0, ,(B17-B18))) -> 0 | D17: 77 | E17: =IF(AC17>0,((D17-U17)+(V17-D18)),IF(D18=0, ,(D17-D18))) -> 0 | F17: 72 | G17: =IF(AC17>0,((F17-X17)+(Y17-F18)),IF(F18=0, ,(F17-F18))) -> 0 | H17: 75 | I17: =IF(AC17>0,((H17-AA17)+(AB17-H18)),IF(H18=0, ,(H17-H18))) -> 0 | J17: =B17+D17+F17+H17 -> 299 | K17: =J17/4 -> 74.75 | L17: =IF(AC17>0,((K17-AD17)+(AE17-K18)),IF(K18=0, ,(K17-K18))) -> 0 | M17: =7000*4 -> 28000 | N17: =L17*M17/100 -> 0 | O17: =N17*0.53 -> 0 | P17: =O17*7.8338 -> 0 | AC17: =Q17+T17+W17+Z17 -> 0 | AD17: =(R17+U17+X17+AA17)/4 -> 0 | AE17: =(S17+V17+Y17+AB17)/4 -> 0
A18: =(A17+1) -> 44051 | B18: 75 | C18: =IF(AC18>0,((B18-R18)+(S18-B19)),IF(B19=0, ,(B18-B19))) -> 0 | D18: 77 | E18: =IF(AC18>0,((D18-U18)+(V18-D19)),IF(D19=0, ,(D18-D19))) -> 0 | F18: 72 | G18: =IF(AC18>0,((F18-X18)+(Y18-F19)),IF(F19=0, ,(F18-F19))) -> 0 | H18: 75 | I18: =IF(AC18>0,((H18-AA18)+(AB18-H19)),IF(H19=0, ,(H18-H19))) -> 0 | J18: =B18+D18+F18+H18 -> 299 | K18: =J18/4 -> 74.75 | L18: =IF(AC18>0,((K18-AD18)+(AE18-K19)),IF(K19=0, ,(K18-K19))) -> 0 | M18: =7000*4 -> 28000 | N18: =L18*M18/100 -> 0 | O18: =N18*0.53 -> 0 | P18: =O18*7.8338 -> 0 | AC18: =Q18+T18+W18+Z18 -> 0 | AD18: =(R18+U18+X18+AA18)/4 -> 0 | AE18: =(S18+V18+Y18+AB18)/4 -> 0
A19: =(A18+1) -> 44052 | B19: 75 | C19: =IF(AC19>0,((B19-R19)+(S19-B20)),IF(B20=0, ,(B19-B20))) -> 0 | D19: 77 | E19: =IF(AC19>0,((D19-U19)+(V19-D20)),IF(D20=0, ,(D19-D20))) -> 0 | F19: 72 | G19: =IF(AC19>0,((F19-X19)+(Y19-F20)),IF(F20=0, ,(F19-F20))) -> 0 | H19: 75 | I19: =IF(AC19>0,((H19-AA19)+(AB19-H20)),IF(H20=0, ,(H19-H20))) -> 0 | J19: =B19+D19+F19+H19 -> 299 | K19: =J19/4 -> 74.75 | L19: =IF(AC19>0,((K19-AD19)+(AE19-K20)),IF(K20=0, ,(K19-K20))) -> 0 | M19: =7000*4 -> 28000 | N19: =L19*M19/100 -> 0 | O19: =N19*0.53 -> 0 | P19: =O19*7.8338 -> 0 | AC19: =Q19+T19+W19+Z19 -> 0 | AD19: =(R19+U19+X19+AA19)/4 -> 0 | AE19: =(S19+V19+Y19+AB19)/4 -> 0
A20: =(A19+1) -> 44053 | B20: 75 | C20: =IF(AC20>0,((B20-R20)+(S20-B21)),IF(B21=0, ,(B20-B21))) -> 0 | D20: 77 | E20: =IF(AC20>0,((D20-U20)+(V20-D21)),IF(D21=0, ,(D20-D21))) -> 0 | F20: 72 | G20: =IF(AC20>0,((F20-X20)+(Y20-F21)),IF(F21=0, ,(F20-F21))) -> 0 | H20: 75 | I20: =IF(AC20>0,((H20-AA20)+(AB20-H21)),IF(H21=0, ,(H20-H21))) -> 0 | J20: =B20+D20+F20+H20 -> 299 | K20: =J20/4 -> 74.75 | L20: =IF(AC20>0,((K20-AD20)+(AE20-K21)),IF(K21=0, ,(K20-K21))) -> 0 | M20: =7000*4 -> 28000 | N20: =L20*M20/100 -> 0 | O20: =N20*0.53 -> 0 | P20: =O20*7.8338 -> 0 | AC20: =Q20+T20+W20+Z20 -> 0 | AD20: =(R20+U20+X20+AA20)/4 -> 0 | AE20: =(S20+V20+Y20+AB20)/4 -> 0
... A42: =(A41+1) -> 44075 | B42: 75 | C42: =IF(AC42>0,((B42-R42)+(S42-B43)),IF(B43=0, ,(B42-B43))) -> 0 | D42: 77 | E42: =IF(AC42>0,((D42-U42)+(V42-D43)),IF(D43=0, ,(D42-D43))) -> 0 | F42: 72 | G42: =IF(AC42>0,((F42-X42)+(Y42-F43)),IF(F43=0, ,(F42-F43))) -> 0 | H42: 75 | I42: =IF(AC42>0,((H42-AA42)+(AB42-H43)),IF(H43=0, ,(H42-H43))) -> 0 | J42: =B42+D42+F42+H42 -> 299 | K42: =J42/4 -> 74.75 | L42: =IF(AC42>0,((K42-AD42)+(AE42-K43)),IF(K43=0, ,(K42-K43))) -> 0 | M42: =7000*4 -> 28000 | N42: =L42*M42/100 -> 0 | O42: =N42*0.53 -> 0 | P42: =O42*7.8338 -> 0 | AC42: =Q42+T42+W42+Z42 -> 0 | AD42: =(R42+U42+X42+AA42)/4 -> 0 | AE42: =(S42+V42+Y42+AB42)/4 -> 0
C43: =SUM(C11:C41) -> 0 | E43: =SUM(E11:E41) -> 0 | G43: =SUM(G11:G41) -> 0 | I43: =SUM(I11:I41) -> 0 | N43: =SUM(N11:N41) -> 0 | O43: =N43*0.53 -> 0 | P43: =O43*7.8338 -> 0 | Q43: =SUM(Q11:Q41) -> 0 | T43: =SUM(T11:T41) -> 0 | W43: =SUM(W11:W41) -> 0 | Z43: =SUM(Z11:Z41) -> 0 | AC43: =SUM(AC11:AC41) -> 0
Q44: =Q43+T43+W43+Z43 -> 0 | AC44: =Q43+T43+W43+Z43 -> 0
K46: Litre | L46: Kg | M46: DH
H47: Consommation du mois | K47: =N43 -> 0 | L47: =O43 -> 0 | M47: =P43 -> 0
H48: Livraison du mois | K48: =AC43 -> 0 | L48: =K48*0.53 -> 0 | M48: =L48*7.8338 -> 0

Sheet Suivi EAU-ELEC
C1: Suivi Compteur d'Eau- électricité RADEEMA -
D5: =SUM(C16:C45) -> 2490
A7: Date | B7: Eau m3 | D7: Electricité Kw/h
B8: Compteur | C8: Consommation | D8: Compteur H.Creuse | E8: Consommation H.Creuse | F8: Compteur H.Pleine | G8: Consommation H.Pleine | H8: Compteur H.Pointe | I8: Consommation H.Pointe
A9: 44037 | B9: 123696 | C9: =IF(B10<B9,0,B10-B9)*10 -> 70 | D9: 18505152 | E9: =IF(D10<D9,0,D10-D9) -> 932 | F9: 33253571 | G9: =IF(F10<F9,0,F10-F9) -> 1411 | H9: 14719712 | I9: =IF(H10<H9,0,H10-H9) -> 600
A10: =(A9+1) -> 44038 | B10: 123703 | C10: =IF(B11<B10,0,B11-B10)*10 -> 80 | D10: 18506084 | E10: =IF(D11<D10,0,D11-D10) -> 967 | F10: 33254982 | G10: =IF(F11<F10,0,F11-F10) -> 1264 | H10: 14720312 | I10: =IF(H11<H10,0,H11-H10) -> 490
A11: =(A10+1) -> 44039 | B11: 123711 | C11: =IF(B12<B11,0,B12-B11)*10 -> 70 | D11: 18507051 | E11: =IF(D12<D11,0,D12-D11) -> 967 | F11: 33256246 | G11: =IF(F12<F11,0,F12-F11) -> 1518 | H11: 14720802 | I11: =IF(H12<H11,0,H12-H11) -> 627
A12: =(A11+1) -> 44040 | B12: 123718 | C12: =IF(B13<B12,0,B13-B12)*10 -> 70 | D12: 18508018 | E12: =IF(D13<D12,0,D13-D12) -> 1000 | F12: 33257764 | G12: =IF(F13<F12,0,F13-F12) -> 1500 | H12: 14721429 | I12: =IF(H13<H12,0,H13-H12) -> 615
A13: =(A12+1) -> 44041 | B13: 123725 | C13: =IF(B14<B13,0,B14-B13)*10 -> 90 | D13: 18509018 | E13: =IF(D14<D13,0,D14-D13) -> 927 | F13: 33259264 | G13: =IF(F14<F13,0,F14-F13) -> 1479 | H13: 14722044 | I13: =IF(H14<H13,0,H14-H13) -> 574
A14: =(A13+1) -> 44042 | B14: 123734 | C14: =IF(B15<B14,0,B15-B14)*10 -> 80 | D14: 18509945 | E14: =IF(D15<D14,0,D15-D14) -> 920 | F14: 33260743 | G14: =IF(F15<F14,0,F15-F14) -> 1411 | H14: 14722618 | I14: =IF(H15<H14,0,H15-H14) -> 583
A15: =(A14+1) -> 44043 | B15: 123742 | C15: =IF(B16<B15,0,B16-B15)*10 -> 80 | D15: 18510865 | E15: =IF(D16<D15,0,D16-D15) -> 964 | F15: 33262154 | G15: =IF(F16<F15,0,F16-F15) -> 1439 | H15: 14723201 | I15: =IF(H16<H15,0,H16-H15) -> 595
A16: =(A15+1) -> 44044 | B16: 123750 | C16: =IF(B17<B16,0,B17-B16)*10 -> 70 | D16: 18511829 | E16: =IF(D17<D16,0,D17-D16) -> 939 | F16: 33263593 | G16: =IF(F17<F16,0,F17-F16) -> 1319 | H16: 14723796 | I16: =IF(H17<H16,0,H17-H16) -> 560
A17: =(A16+1) -> 44045 | B17: 123757 | C17: =IF(B18<B17,0,B18-B17)*10 -> 70 | D17: 18512768 | E17: =IF(D18<D17,0,D18-D17) -> 947 | F17: 33264912 | G17: =IF(F18<F17,0,F18-F17) -> 1378 | H17: 14724356 | I17: =IF(H18<H17,0,H18-H17) -> 598
A18: =(A17+1) -> 44046 | B18: 123764 | C18: =IF(B19<B18,0,B19-B18)*10 -> 70 | D18: 18513715 | E18: =IF(D19<D18,0,D19-D18) -> 922 | F18: 33266290 | G18: =IF(F19<F18,0,F19-F18) -> 1504 | H18: 14724954 | I18: =IF(H19<H18,0,H19-H18) -> 608
A19: =(A18+1) -> 44047 | B19: 123771 | C19: =IF(B20<B19,0,B20-B19)*10 -> 70 | D19: 18514637 | E19: =IF(D20<D19,0,D20-D19) -> 864 | F19: 33267794 | G19: =IF(F20<F19,0,F20-F19) -> 1462 | H19: 14725562 | I19: =IF(H20<H19,0,H20-H19) -> 566
A20: =(A19+1) -> 44048 | B20: 123778 | C20: =IF(B21<B20,0,B21-B20)*10 -> 70 | D20: 18515501 | E20: =IF(D21<D20,0,D21-D20) -> 945 | F20: 33269256 | G20: =IF(F21<F20,0,F21-F20) -> 1443 | H20: 14726128 | I20: =IF(H21<H20,0,H21-H20) -> 601
A21: =(A20+1) -> 44049 | B21: 123785 | C21: =IF(B22<B21,0,B22-B21)*10 -> 70 | D21: 18516446 | E21: =IF(D22<D21,0,D22-D21) -> 991 | F21: 33270699 | G21: =IF(F22<F21,0,F22-F21) -> 1607 | H21: 14726729 | I21: =IF(H22<H21,0,H22-H21) -> 669
... A47: =(A46+1) -> 44075 | B47: 124009 | C47: =IF(B48<B47,0,B48-B47)*10 -> 0 | D47: 18541558 | E47: =IF(D48<D47,0,D48-D47) -> 0 | F47: 33312191 | G47: =IF(F48<F47,0,F48-F47) -> 0 | H47: 14743035 | I47: =IF(H48<H47,0,H48-H47) -> 0
C48: =SUM(C16:C46) -> 2590 | E48: =SUM(E16:E45) -> 28648 | G48: =SUM(G16:G45) -> 46930 | I48: =SUM(I16:I45) -> 18612

Sheet Feuil1
