Workbook

Sheet TOTAL
A1: Site Name | B1: Day | C1: Month | D1: Year | E1: Total Electricity Kwh | F1: Electricity Tariff ($/Kwh) | G1: Natual Gas (m3) | H1: Natural Gas $/m3 | I1: District Energy Cooling Kwh | J1: District Energy Cooling $/Kwh | K1: Water Utility Supply (m3) m3 | L1: Water Utility Supply (m3) $/m3 | M1: Room Nights | N1: Total Guests
A2: Abu Dhabi | B2: 1 | C2: 8 | D2: 2020 | E2: =Submetering!E2+Submetering!F2+Submetering!G2+Submetering!H2+Submetering!I2+Submetering!J2+Submetering!K2 -> 26862 | F2: 0.2 | G2: =Submetering!P2 -> 479 | H2: 6.47 | I2: =Submetering!T2-Submetering!T2*15%-Submetering!X2 -> 54400.139 | J2: 0.21 | K2: =Submetering!N2-Submetering!O2 -> 38.065 | L2: 7.84 | M2: =Submetering!Y2 -> 115 | N2: =Submetering!Z2 -> 219
A3: Abu Dhabi | B3: =B2+1 -> 2 | C3: 8 | D3: 2020 | E3: =Submetering!E3+Submetering!F3+Submetering!G3+Submetering!H3+Submetering!I3+Submetering!J3+Submetering!K3 -> 26001 | F3: 0.2 | G3: =Submetering!P3 -> 503.2 | H3: 6.47 | I3: =Submetering!T3-Submetering!T3*15%-Submetering!X3 -> 52523.144 | J3: 0.21 | K3: =Submetering!N3-Submetering!O3 -> 81.341 | L3: 7.84 | M3: =Submetering!Y3 -> 105 | N3: =Submetering!Z3 -> 207
A4: Abu Dhabi | B4: =B3+1 -> 3 | C4: 8 | D4: 2020 | E4: =Submetering!E4+Submetering!F4+Submetering!G4+Submetering!H4+Submetering!I4+Submetering!J4+Submetering!K4 -> 26873 | F4: 0.2 | G4: =Submetering!P4 -> 499.5 | H4: 6.47 | I4: =Submetering!T4-Submetering!T4*15%-Submetering!X4 -> 57529.09 | J4: 0.21 | K4: =Submetering!N4-Submetering!O4 -> 75.539 | L4: 7.84 | M4: =Submetering!Y4 -> 93 | N4: =Submetering!Z4 -> 197
A5: Abu Dhabi | B5: =B4+1 -> 4 | C5: 8 | D5: 2020 | E5: =Submetering!E5+Submetering!F5+Submetering!G5+Submetering!H5+Submetering!I5+Submetering!J5+Submetering!K5 -> 27079 | F5: 0.2 | G5: =Submetering!P5 -> 501.1 | H5: 6.47 | I5: =Submetering!T5-Submetering!T5*15%-Submetering!X5 -> 56150.637 | J5: 0.21 | K5: =Submetering!N5-Submetering!O5 -> -2.1 | L5: 7.84 | M5: =Submetering!Y5 -> 94 | N5: =Submetering!Z5 -> 203
A6: Abu Dhabi | B6: =B5+1 -> 5 | C6: 8 | D6: 2020 | E6: =Submetering!E6+Submetering!F6+Submetering!G6+Submetering!H6+Submetering!I6+Submetering!J6+Submetering!K6 -> 27722 | F6: 0.2 | G6: =Submetering!P6 -> 493.3 | H6: 6.47 | I6: =Submetering!T6-Submetering!T6*15%-Submetering!X6 -> 58189.334 | J6: 0.21 | K6: =Submetering!N6-Submetering!O6 -> 68.539 | L6: 7.84 | M6: =Submetering!Y6 -> 94 | N6: =Submetering!Z6 -> 193
A7: Abu Dhabi | B7: =B6+1 -> 6 | C7: 8 | D7: 2020 | E7: =Submetering!E7+Submetering!F7+Submetering!G7+Submetering!H7+Submetering!I7+Submetering!J7+Submetering!K7 -> 26868 | F7: 0.2 | G7: =Submetering!P7 -> 470.5 | H7: 6.47 | I7: =Submetering!T7-Submetering!T7*15%-Submetering!X7 -> 56546.231 | J7: 0.21 | K7: =Submetering!N7-Submetering!O7 -> 14.49 | L7: 7.84 | M7: =Submetering!Y7 -> 99 | N7: =Submetering!Z7 -> 196
A8: Abu Dhabi | B8: =B7+1 -> 7 | C8: 8 | D8: 2020 | E8: =Submetering!E8+Submetering!F8+Submetering!G8+Submetering!H8+Submetering!I8+Submetering!J8+Submetering!K8 -> 26517 | F8: 0.2 | G8: =Submetering!P8 -> 470.4 | H8: 6.47 | I8: =Submetering!T8-Submetering!T8*15%-Submetering!X8 -> 59846.59 | J8: 0.21 | K8: =Submetering!N8-Submetering!O8 -> 42.364 | L8: 7.84 | M8: =Submetering!Y8 -> 94 | N8: =Submetering!Z8 -> 190
A9: Abu Dhabi | B9: =B8+1 -> 8 | C9: 8 | D9: 2020 | E9: =Submetering!E9+Submetering!F9+Submetering!G9+Submetering!H9+Submetering!I9+Submetering!J9+Submetering!K9 -> 26977 | F9: 0.2 | G9: =Submetering!P9 -> 469.9 | H9: 6.47 | I9: =Submetering!T9-Submetering!T9*15%-Submetering!X9 -> 61072.666 | J9: 0.21 | K9: =Submetering!N9-Submetering!O9 -> 101.342 | L9: 7.84 | M9: =Submetering!Y9 -> 94 | N9: =Submetering!Z9 -> 187
A10: Abu Dhabi | B10: =B9+1 -> 9 | C10: 8 | D10: 2020 | E10: =Submetering!E10+Submetering!F10+Submetering!G10+Submetering!H10+Submetering!I10+Submetering!J10+Submetering!K10 -> 26782 | F10: 0.2 | G10: =Submetering!P10 -> 494.7 | H10: 6.47 | I10: =Submetering!T10-Submetering!T10*15%-Submetering!X10 -> 56631.329 | J10: 0.21 | K10: =Submetering!N10-Submetering!O10 -> 41.462 | L10: 7.84 | M10: =Submetering!Y10 -> 84 | N10: =Submetering!Z10 -> 172
A11: Abu Dhabi | B11: =B10+1 -> 10 | C11: 8 | D11: 2020 | E11: =Submetering!E11+Submetering!F11+Submetering!G11+Submetering!H11+Submetering!I11+Submetering!J11+Submetering!K11 -> 27165 | F11: 0.2 | G11: =Submetering!P11 -> 483 | H11: 6.47 | I11: =Submetering!T11-Submetering!T11*15%-Submetering!X11 -> 64982.227 | J11: 0.21 | K11: =Submetering!N11-Submetering!O11 -> 35.759 | L11: 7.84 | M11: =Submetering!Y11 -> 75 | N11: =Submetering!Z11 -> 163
A12: Abu Dhabi | B12: =B11+1 -> 11 | C12: 8 | D12: 2020 | E12: =Submetering!E12+Submetering!F12+Submetering!G12+Submetering!H12+Submetering!I12+Submetering!J12+Submetering!K12 -> 27031 | F12: 0.2 | G12: =Submetering!P12 -> 487.2 | H12: 6.47 | I12: =Submetering!T12-Submetering!T12*15%-Submetering!X12 -> 62486.134 | J12: 0.21 | K12: =Submetering!N12-Submetering!O12 -> 59.912 | L12: 7.84 | M12: =Submetering!Y12 -> 76 | N12: =Submetering!Z12 -> 164
A13: Abu Dhabi | B13: =B12+1 -> 12 | C13: 8 | D13: 2020 | E13: =Submetering!E13+Submetering!F13+Submetering!G13+Submetering!H13+Submetering!I13+Submetering!J13+Submetering!K13 -> 27028 | F13: 0.2 | G13: =Submetering!P13 -> 470.6 | H13: 6.47 | I13: =Submetering!T13-Submetering!T13*15%-Submetering!X13 -> 63871.439 | J13: 0.21 | K13: =Submetering!N13-Submetering!O13 -> 30.407 | L13: 7.84 | M13: =Submetering!Y13 -> 0 | N13: =Submetering!Z13 -> 0
A14: Abu Dhabi | B14: =B13+1 -> 13 | C14: 8 | D14: 2020 | E14: =Submetering!E14+Submetering!F14+Submetering!G14+Submetering!H14+Submetering!I14+Submetering!J14+Submetering!K14 -> 26297 | F14: 0.2 | G14: =Submetering!P14 -> 465.9 | H14: 6.47 | I14: =Submetering!T14-Submetering!T14*15%-Submetering!X14 -> 54134.534 | J14: 0.21 | K14: =Submetering!N14-Submetering!O14 -> 37.502 | L14: 7.84 | M14: =Submetering!Y14 -> 0 | N14: =Submetering!Z14 -> 0
... A31: Abu Dhabi | B31: =B30+1 -> 30 | C31: 8 | D31: 2020 | E31: =Submetering!E31+Submetering!F31+Submetering!G31+Submetering!H31+Submetering!I31+Submetering!J31+Submetering!K31 -> 0 | F31: 0.2 | G31: =Submetering!P31 -> 0 | H31: 6.47 | I31: =Submetering!T31-Submetering!T31*15%-Submetering!X31 -> 0 | J31: 0.21 | K31: =Submetering!N31-Submetering!O31 -> 0 | L31: 7.84 | M31: =Submetering!Y31 -> 0 | N31: =Submetering!Z31 -> 0
M32: =SUM(M2:M31) -> 1023 | N32: =SUM(N2:N31) -> 2091

Sheet Submetering
A1: Site Name | B1: Day | C1: Month | D1: Year | E1: LVS-1 SECTION A - KWh | F1: LVS-1 SECTION B - KWh | G1: LVS-2 (CAFE MILANO)- KWh | H1: LVS-3 SECTION A- KWh | I1: LVS-3 SECTION B- KWh | J1: LVS-4 SECTION A- KWh | K1: LVS-4 SECTION B- KWh | L1: LVS-5 (FLOOR 15-32) KWh | M1: LVS-LRLV (RETAIL)KWh | N1: Total Water- m3 | O1: Galleria Water m3 | P1: Main Gas m3 | Q1: HW Boiler Gas - m3 | R1: Steam Boiler Gas- m3 | S1: Total Kitchen- m3 | T1: Main District Cooling- KWh | U1: Podium District Cooling- KWh | V1: Guest Rooms District Cooling- KWh | W1: Residence District Cooling- KWh | X1: Galleria District Cooling KWh | Y1: Room Nights | Z1: Total Guests
A2: Abu Dhabi | B2: 1 | C2: 8 | D2: 2020 | E2: ='FS-AD Daily '!B6 -> 5011 | F2: ='FS-AD Daily '!C6 -> 3847 | G2: ='FS-AD Daily '!D6 -> 886 | H2: ='FS-AD Daily '!E6 -> 4599 | I2: ='FS-AD Daily '!F6 -> 5526 | J2: ='FS-AD Daily '!G6 -> 2902 | K2: ='FS-AD Daily '!H6 -> 4091 | L2: ='FS-AD Daily '!I6 -> 2569 | M2: ='FS-AD Daily '!J6 -> 7117 | N2: ='FS-AD Daily '!T6 -> 113.422 | O2: ='FS-AD Daily '!R6 -> 75.357 | P2: ='FS-AD Daily '!Z6 -> 479 | Q2: ='FS-AD Daily '!V6 -> 277.1 | R2: ='FS-AD Daily '!W6 -> 0 | S2: =P2-Q2-R2 -> 201.9 | T2: ='FS-AD Daily '!AD6*3.516 -> 90941.34 | U2: =('FS-AD Daily '!AF6)*1000 -> 45400 | V2: =('FS-AD Daily '!AG6)*1000 -> 27400 | W2: ='FS-AD Daily '!AH6*1000 -> 18800 | X2: =('FS-AD Daily '!AK6)*1000 -> 22900 | Y2: 115 | Z2: 219
A3: Abu Dhabi | B3: =B2+1 -> 2 | C3: 8 | D3: 2020 | E3: ='FS-AD Daily '!B7 -> 4928 | F3: ='FS-AD Daily '!C7 -> 3755 | G3: ='FS-AD Daily '!D7 -> 870 | H3: ='FS-AD Daily '!E7 -> 4515 | I3: ='FS-AD Daily '!F7 -> 4918 | J3: ='FS-AD Daily '!G7 -> 2951 | K3: ='FS-AD Daily '!H7 -> 4064 | L3: ='FS-AD Daily '!I7 -> 2532 | M3: ='FS-AD Daily '!J7 -> 7255 | N3: ='FS-AD Daily '!T7 -> 125.78 | O3: ='FS-AD Daily '!R7 -> 44.439 | P3: ='FS-AD Daily '!Z7 -> 503.2 | Q3: ='FS-AD Daily '!V7 -> 289 | R3: ='FS-AD Daily '!W7 -> 0 | S3: =P3-Q3-R3 -> 214.2 | T3: ='FS-AD Daily '!AD7*3.516 -> 91556.64 | U3: =('FS-AD Daily '!AF7)*1000 -> 44700 | V3: =('FS-AD Daily '!AG7)*1000 -> 27600 | W3: ='FS-AD Daily '!AH7*1000 -> 18100 | X3: =('FS-AD Daily '!AK7)*1000 -> 25300 | Y3: 105 | Z3: 207
A4: Abu Dhabi | B4: =B3+1 -> 3 | C4: 8 | D4: 2020 | E4: ='FS-AD Daily '!B8 -> 4997 | F4: ='FS-AD Daily '!C8 -> 3943 | G4: ='FS-AD Daily '!D8 -> 868 | H4: ='FS-AD Daily '!E8 -> 4720 | I4: ='FS-AD Daily '!F8 -> 4946 | J4: ='FS-AD Daily '!G8 -> 3095 | K4: ='FS-AD Daily '!H8 -> 4304 | L4: ='FS-AD Daily '!I8 -> 2595 | M4: ='FS-AD Daily '!J8 -> 7407 | N4: ='FS-AD Daily '!T8 -> 147.281 | O4: ='FS-AD Daily '!R8 -> 71.742 | P4: ='FS-AD Daily '!Z8 -> 499.5 | Q4: ='FS-AD Daily '!V8 -> 288.5 | R4: ='FS-AD Daily '!W8 -> 0 | S4: =P4-Q4-R4 -> 211 | T4: ='FS-AD Daily '!AD8*3.516 -> 98975.4 | U4: =('FS-AD Daily '!AF8)*1000 -> 48900 | V4: =('FS-AD Daily '!AG8)*1000 -> 29500 | W4: ='FS-AD Daily '!AH8*1000 -> 19000 | X4: =('FS-AD Daily '!AK8)*1000 -> 26600 | Y4: 93 | Z4: 197
A5: Abu Dhabi | B5: =B4+1 -> 4 | C5: 8 | D5: 2020 | E5: ='FS-AD Daily '!B9 -> 4769 | F5: ='FS-AD Daily '!C9 -> 3989 | G5: ='FS-AD Daily '!D9 -> 900 | H5: ='FS-AD Daily '!E9 -> 4648 | I5: ='FS-AD Daily '!F9 -> 4957 | J5: ='FS-AD Daily '!G9 -> 3061 | K5: ='FS-AD Daily '!H9 -> 4755 | L5: ='FS-AD Daily '!I9 -> 2645 | M5: ='FS-AD Daily '!J9 -> 7425 | N5: ='FS-AD Daily '!T9 -> 126.212 | O5: ='FS-AD Daily '!R9 -> 128.312 | P5: ='FS-AD Daily '!Z9 -> 501.1 | Q5: ='FS-AD Daily '!V9 -> 292.7 | R5: ='FS-AD Daily '!W9 -> 0 | S5: =P5-Q5-R5 -> 208.4 | T5: ='FS-AD Daily '!AD9*3.516 -> 96647.808 | U5: =('FS-AD Daily '!AF9)*1000 -> 46400 | V5: =('FS-AD Daily '!AG9)*1000 -> 29700 | W5: ='FS-AD Daily '!AH9*1000 -> 18600 | X5: =('FS-AD Daily '!AK9)*1000 -> 26000 | Y5: 94 | Z5: 203
A6: Abu Dhabi | B6: =B5+1 -> 5 | C6: 8 | D6: 2020 | E6: ='FS-AD Daily '!B10 -> 4964 | F6: ='FS-AD Daily '!C10 -> 4030 | G6: ='FS-AD Daily '!D10 -> 899 | H6: ='FS-AD Daily '!E10 -> 4653 | I6: ='FS-AD Daily '!F10 -> 4962 | J6: ='FS-AD Daily '!G10 -> 3093 | K6: ='FS-AD Daily '!H10 -> 5121 | L6: ='FS-AD Daily '!I10 -> 2612 | M6: ='FS-AD Daily '!J10 -> 7279 | N6: ='FS-AD Daily '!T10 -> 134.823 | O6: ='FS-AD Daily '!R10 -> 66.284 | P6: ='FS-AD Daily '!Z10 -> 493.3 | Q6: ='FS-AD Daily '!V10 -> 291.8 | R6: ='FS-AD Daily '!W10 -> 0 | S6: =P6-Q6-R6 -> 201.5 | T6: ='FS-AD Daily '!AD10*3.516 -> 99516.864 | U6: =('FS-AD Daily '!AF10)*1000 -> 47500 | V6: =('FS-AD Daily '!AG10)*1000 -> 30700 | W6: ='FS-AD Daily '!AH10*1000 -> 19200 | X6: =('FS-AD Daily '!AK10)*1000 -> 26400 | Y6: 94 | Z6: 193
A7: Abu Dhabi | B7: =B6+1 -> 6 | C7: 8 | D7: 2020 | E7: ='FS-AD Daily '!B11 -> 4728 | F7: ='FS-AD Daily '!C11 -> 3837 | G7: ='FS-AD Daily '!D11 -> 873 | H7: ='FS-AD Daily '!E11 -> 4522 | I7: ='FS-AD Daily '!F11 -> 4915 | J7: ='FS-AD Daily '!G11 -> 3001 | K7: ='FS-AD Daily '!H11 -> 4992 | L7: ='FS-AD Daily '!I11 -> 2485 | M7: ='FS-AD Daily '!J11 -> 6902 | N7: ='FS-AD Daily '!T11 -> 142.447 | O7: ='FS-AD Daily '!R11 -> 127.957 | P7: ='FS-AD Daily '!Z11 -> 470.5 | Q7: ='FS-AD Daily '!V11 -> 280.5 | R7: ='FS-AD Daily '!W11 -> 0 | S7: =P7-Q7-R7 -> 190 | T7: ='FS-AD Daily '!AD11*3.516 -> 95230.86 | U7: =('FS-AD Daily '!AF11)*1000 -> 47000 | V7: =('FS-AD Daily '!AG11)*1000 -> 29100 | W7: ='FS-AD Daily '!AH11*1000 -> 18300 | X7: =('FS-AD Daily '!AK11)*1000 -> 24400 | Y7: 99 | Z7: 196
A8: Abu Dhabi | B8: =B7+1 -> 7 | C8: 8 | D8: 2020 | E8: ='FS-AD Daily '!B12 -> 4899 | F8: ='FS-AD Daily '!C12 -> 3211 | G8: ='FS-AD Daily '!D12 -> 844 | H8: ='FS-AD Daily '!E12 -> 4375 | I8: ='FS-AD Daily '!F12 -> 4948 | J8: ='FS-AD Daily '!G12 -> 3022 | K8: ='FS-AD Daily '!H12 -> 5218 | L8: ='FS-AD Daily '!I12 -> 2503 | M8: ='FS-AD Daily '!J12 -> 6927 | N8: ='FS-AD Daily '!T12 -> 112.922 | O8: ='FS-AD Daily '!R12 -> 70.558 | P8: ='FS-AD Daily '!Z12 -> 470.4 | Q8: ='FS-AD Daily '!V12 -> 287.4 | R8: ='FS-AD Daily '!W12 -> 0 | S8: =P8-Q8-R8 -> 183 | T8: ='FS-AD Daily '!AD12*3.516 -> 100054.81 | U8: =('FS-AD Daily '!AF12)*1000 -> 49700 | V8: =('FS-AD Daily '!AG12)*1000 -> 30200 | W8: ='FS-AD Daily '!AH12*1000 -> 17800 | X8: =('FS-AD Daily '!AK12)*1000 -> 25200 | Y8: 94 | Z8: 190
A9: Abu Dhabi | B9: =B8+1 -> 8 | C9: 8 | D9: 2020 | E9: ='FS-AD Daily '!B13 -> 5050 | F9: ='FS-AD Daily '!C13 -> 3213 | G9: ='FS-AD Daily '!D13 -> 833 | H9: ='FS-AD Daily '!E13 -> 4516 | I9: ='FS-AD Daily '!F13 -> 4951 | J9: ='FS-AD Daily '!G13 -> 3124 | K9: ='FS-AD Daily '!H13 -> 5290 | L9: ='FS-AD Daily '!I13 -> 2561 | M9: ='FS-AD Daily '!J13 -> 7143 | N9: ='FS-AD Daily '!T13 -> 165.293 | O9: ='FS-AD Daily '!R13 -> 63.951 | P9: ='FS-AD Daily '!Z13 -> 469.9 | Q9: ='FS-AD Daily '!V13 -> 280.9 | R9: ='FS-AD Daily '!W13 -> 0 | S9: =P9-Q9-R9 -> 189 | T9: ='FS-AD Daily '!AD13*3.516 -> 103732.55 | U9: =('FS-AD Daily '!AF13)*1000 -> 51600 | V9: =('FS-AD Daily '!AG13)*1000 -> 30400 | W9: ='FS-AD Daily '!AH13*1000 -> 18500 | X9: =('FS-AD Daily '!AK13)*1000 -> 27100 | Y9: 94 | Z9: 187
A10: Abu Dhabi | B10: =B9+1 -> 9 | C10: 8 | D10: 2020 | E10: ='FS-AD Daily '!B14 -> 4914 | F10: ='FS-AD Daily '!C14 -> 3130 | G10: ='FS-AD Daily '!D14 -> 853 | H10: ='FS-AD Daily '!E14 -> 4578 | I10: ='FS-AD Daily '!F14 -> 5077 | J10: ='FS-AD Daily '!G14 -> 3123 | K10: ='FS-AD Daily '!H14 -> 5107 | L10: ='FS-AD Daily '!I14 -> 2612 | M10: ='FS-AD Daily '!J14 -> 7179 | N10: ='FS-AD Daily '!T14 -> 113.154 | O10: ='FS-AD Daily '!R14 -> 71.692 | P10: ='FS-AD Daily '!Z14 -> 494.7 | Q10: ='FS-AD Daily '!V14 -> 288 | R10: ='FS-AD Daily '!W14 -> 0 | S10: =P10-Q10-R10 -> 206.7 | T10: ='FS-AD Daily '!AD14*3.516 -> 96742.74 | U10: =('FS-AD Daily '!AF14)*1000 -> 47500 | V10: =('FS-AD Daily '!AG14)*1000 -> 28900 | W10: ='FS-AD Daily '!AH14*1000 -> 18000 | X10: =('FS-AD Daily '!AK14)*1000 -> 25600 | Y10: 84 | Z10: 172
A11: Abu Dhabi | B11: =B10+1 -> 10 | C11: 8 | D11: 2020 | E11: ='FS-AD Daily '!B15 -> 4666 | F11: ='FS-AD Daily '!C15 -> 3519 | G11: ='FS-AD Daily '!D15 -> 895 | H11: ='FS-AD Daily '!E15 -> 4573 | I11: ='FS-AD Daily '!F15 -> 4973 | J11: ='FS-AD Daily '!G15 -> 3078 | K11: ='FS-AD Daily '!H15 -> 5461 | L11: ='FS-AD Daily '!I15 -> 2631 | M11: ='FS-AD Daily '!J15 -> 7240 | N11: ='FS-AD Daily '!T15 -> 113.489 | O11: ='FS-AD Daily '!R15 -> 77.73 | P11: ='FS-AD Daily '!Z15 -> 483 | Q11: ='FS-AD Daily '!V15 -> 284.8 | R11: ='FS-AD Daily '!W15 -> 0 | S11: =P11-Q11-R11 -> 198.2 | T11: ='FS-AD Daily '!AD15*3.516 -> 108802.62 | U11: =('FS-AD Daily '!AF15)*1000 -> 53600 | V11: =('FS-AD Daily '!AG15)*1000 -> 31400 | W11: ='FS-AD Daily '!AH15*1000 -> 19100 | X11: =('FS-AD Daily '!AK15)*1000 -> 27500 | Y11: 75 | Z11: 163
A12: Abu Dhabi | B12: =B11+1 -> 11 | C12: 8 | D12: 2020 | E12: ='FS-AD Daily '!B16 -> 5010 | F12: ='FS-AD Daily '!C16 -> 3493 | G12: ='FS-AD Daily '!D16 -> 861 | H12: ='FS-AD Daily '!E16 -> 4457 | I12: ='FS-AD Daily '!F16 -> 4940 | J12: ='FS-AD Daily '!G16 -> 2910 | K12: ='FS-AD Daily '!H16 -> 5360 | L12: ='FS-AD Daily '!I16 -> 2520 | M12: ='FS-AD Daily '!J16 -> 7354 | N12: ='FS-AD Daily '!T16 -> 141.877 | O12: ='FS-AD Daily '!R16 -> 81.965 | P12: ='FS-AD Daily '!Z16 -> 487.2 | Q12: ='FS-AD Daily '!V16 -> 285.6 | R12: ='FS-AD Daily '!W16 -> 0 | S12: =P12-Q12-R12 -> 201.6 | T12: ='FS-AD Daily '!AD16*3.516 -> 107042.51 | U12: =('FS-AD Daily '!AF16)*1000 -> 52900 | V12: =('FS-AD Daily '!AG16)*1000 -> 28200 | W12: ='FS-AD Daily '!AH16*1000 -> 18400 | X12: =('FS-AD Daily '!AK16)*1000 -> 28500 | Y12: 76 | Z12: 164
A13: Abu Dhabi | B13: =B12+1 -> 12 | C13: 8 | D13: 2020 | E13: ='FS-AD Daily '!B17 -> 4988 | F13: ='FS-AD Daily '!C17 -> 3468 | G13: ='FS-AD Daily '!D17 -> 875 | H13: ='FS-AD Daily '!E17 -> 4281 | I13: ='FS-AD Daily '!F17 -> 4982 | J13: ='FS-AD Daily '!G17 -> 2840 | K13: ='FS-AD Daily '!H17 -> 5594 | L13: ='FS-AD Daily '!I17 -> 2569 | M13: ='FS-AD Daily '!J17 -> 7344 | N13: ='FS-AD Daily '!T17 -> 111.926 | O13: ='FS-AD Daily '!R17 -> 81.519 | P13: ='FS-AD Daily '!Z17 -> 470.6 | Q13: ='FS-AD Daily '!V17 -> 277.4 | R13: ='FS-AD Daily '!W17 -> 0 | S13: =P13-Q13-R13 -> 193.2 | T13: ='FS-AD Daily '!AD17*3.516 -> 111142.87 | U13: =('FS-AD Daily '!AF17)*1000 -> 55000 | V13: =('FS-AD Daily '!AG17)*1000 -> 26700 | W13: ='FS-AD Daily '!AH17*1000 -> 19300 | X13: =('FS-AD Daily '!AK17)*1000 -> 30600 | Y13: ='FS-AD Daily '!AN17 -> 0
A14: Abu Dhabi | B14: =B13+1 -> 13 | C14: 8 | D14: 2020 | E14: ='FS-AD Daily '!B18 -> 4887 | F14: ='FS-AD Daily '!C18 -> 3534 | G14: ='FS-AD Daily '!D18 -> 884 | H14: ='FS-AD Daily '!E18 -> 4159 | I14: ='FS-AD Daily '!F18 -> 4991 | J14: ='FS-AD Daily '!G18 -> 2744 | K14: ='FS-AD Daily '!H18 -> 5098 | L14: ='FS-AD Daily '!I18 -> 2547 | M14: ='FS-AD Daily '!J18 -> 7140 | N14: ='FS-AD Daily '!T18 -> 107.931 | O14: ='FS-AD Daily '!R18 -> 70.429 | P14: ='FS-AD Daily '!Z18 -> 465.9 | Q14: ='FS-AD Daily '!V18 -> 272 | R14: ='FS-AD Daily '!W18 -> 0 | S14: =P14-Q14-R14 -> 193.9 | T14: ='FS-AD Daily '!AD18*3.516 -> 93687.688 | U14: =('FS-AD Daily '!AF18)*1000 -> 45500 | V14: =('FS-AD Daily '!AG18)*1000 -> 21700 | W14: ='FS-AD Daily '!AH18*1000 -> 16000 | X14: =('FS-AD Daily '!AK18)*1000 -> 25500 | Y14: ='FS-AD Daily '!AN18 -> 0
A15: Abu Dhabi | B15: =B14+1 -> 14 | C15: 8 | D15: 2020 | E15: ='FS-AD Daily '!B19 -> 0 | F15: ='FS-AD Daily '!C19 -> 0 | G15: ='FS-AD Daily '!D19 -> 0 | H15: ='FS-AD Daily '!E19 -> 0 | I15: ='FS-AD Daily '!F19 -> 0 | J15: ='FS-AD Daily '!G19 -> 0 | K15: ='FS-AD Daily '!H19 -> 0 | L15: ='FS-AD Daily '!I19 -> 0 | M15: ='FS-AD Daily '!J19 -> 0 | N15: ='FS-AD Daily '!T19 -> 0 | O15: ='FS-AD Daily '!R19 -> 0 | P15: ='FS-AD Daily '!Z19 -> 0 | Q15: ='FS-AD Daily '!V19 -> 0 | R15: ='FS-AD Daily '!W19 -> 0 | S15: =P15-Q15-R15 -> 0 | T15: ='FS-AD Daily '!AD19*3.516 -> 0 | U15: =('FS-AD Daily '!AF19)*1000 -> 0 | V15: =('FS-AD Daily '!AG19)*1000 -> 0 | W15: ='FS-AD Daily '!AH19*1000 -> 0 | X15: =('FS-AD Daily '!AK19)*1000 -> 0 | Y15: ='FS-AD Daily '!AN19 -> 0
A16: Abu Dhabi | B16: =B15+1 -> 15 | C16: 8 | D16: 2020 | E16: ='FS-AD Daily '!B20 -> 0 | F16: ='FS-AD Daily '!C20 -> 0 | G16: ='FS-AD Daily '!D20 -> 0 | H16: ='FS-AD Daily '!E20 -> 0 | I16: ='FS-AD Daily '!F20 -> 0 | J16: ='FS-AD Daily '!G20 -> 0 | K16: ='FS-AD Daily '!H20 -> 0 | L16: ='FS-AD Daily '!I20 -> 0 | M16: ='FS-AD Daily '!J20 -> 0 | N16: ='FS-AD Daily '!T20 -> 0 | O16: ='FS-AD Daily '!R20 -> 0 | P16: ='FS-AD Daily '!Z20 -> 0 | Q16: ='FS-AD Daily '!V20 -> 0 | R16: ='FS-AD Daily '!W20 -> 0 | S16: =P16-Q16-R16 -> 0 | T16: ='FS-AD Daily '!AD20*3.516 -> 0 | U16: =('FS-AD Daily '!AF20)*1000 -> 0 | V16: =('FS-AD Daily '!AG20)*1000 -> 0 | W16: ='FS-AD Daily '!AH20*1000 -> 0 | X16: =('FS-AD Daily '!AK20)*1000 -> 0 | Y16: ='FS-AD Daily '!AN20 -> 0
A17: Abu Dhabi | B17: =B16+1 -> 16 | C17: 8 | D17: 2020 | E17: ='FS-AD Daily '!B21 -> 0 | F17: ='FS-AD Daily '!C21 -> 0 | G17: ='FS-AD Daily '!D21 -> 0 | H17: ='FS-AD Daily '!E21 -> 0 | I17: ='FS-AD Daily '!F21 -> 0 | J17: ='FS-AD Daily '!G21 -> 0 | K17: ='FS-AD Daily '!H21 -> 0 | L17: ='FS-AD Daily '!I21 -> 0 | M17: ='FS-AD Daily '!J21 -> 0 | N17: ='FS-AD Daily '!T21 -> 0 | O17: ='FS-AD Daily '!R21 -> 0 | P17: ='FS-AD Daily '!Z21 -> 0 | Q17: ='FS-AD Daily '!V21 -> 0 | R17: ='FS-AD Daily '!W21 -> 0 | S17: =P17-Q17-R17 -> 0 | T17: ='FS-AD Daily '!AD21*3.516 -> 0 | U17: =('FS-AD Daily '!AF21)*1000 -> 0 | V17: =('FS-AD Daily '!AG21)*1000 -> 0 | W17: ='FS-AD Daily '!AH21*1000 -> 0 | X17: =('FS-AD Daily '!AK21)*1000 -> 0 | Y17: ='FS-AD Daily '!AN21 -> 0
A18: Abu Dhabi | B18: =B17+1 -> 17 | C18: 8 | D18: 2020 | E18: ='FS-AD Daily '!B22 -> 0 | F18: ='FS-AD Daily '!C22 -> 0 | G18: ='FS-AD Daily '!D22 -> 0 | H18: ='FS-AD Daily '!E22 -> 0 | I18: ='FS-AD Daily '!F22 -> 0 | J18: ='FS-AD Daily '!G22 -> 0 | K18: ='FS-AD Daily '!H22 -> 0 | L18: ='FS-AD Daily '!I22 -> 0 | M18: ='FS-AD Daily '!J22 -> 0 | N18: ='FS-AD Daily '!T22 -> 0 | O18: ='FS-AD Daily '!R22 -> 0 | P18: ='FS-AD Daily '!Z22 -> 0 | Q18: ='FS-AD Daily '!V22 -> 0 | R18: ='FS-AD Daily '!W22 -> 0 | S18: =P18-Q18-R18 -> 0 | T18: ='FS-AD Daily '!AD22*3.516 -> 0 | U18: =('FS-AD Daily '!AF22)*1000 -> 0 | V18: =('FS-AD Daily '!AG22)*1000 -> 0 | W18: ='FS-AD Daily '!AH22*1000 -> 0 | X18: =('FS-AD Daily '!AK22)*1000 -> 0 | Y18: ='FS-AD Daily '!AN22 -> 0
A19: Abu Dhabi | B19: =B18+1 -> 18 | C19: 8 | D19: 2020 | E19: ='FS-AD Daily '!B23 -> 0 | F19: ='FS-AD Daily '!C23 -> 0 | G19: ='FS-AD Daily '!D23 -> 0 | H19: ='FS-AD Daily '!E23 -> 0 | I19: ='FS-AD Daily '!F23 -> 0 | J19: ='FS-AD Daily '!G23 -> 0 | K19: ='FS-AD Daily '!H23 -> 0 | L19: ='FS-AD Daily '!I23 -> 0 | M19: ='FS-AD Daily '!J23 -> 0 | N19: ='FS-AD Daily '!T23 -> 0 | O19: ='FS-AD Daily '!R23 -> 0 | P19: ='FS-AD Daily '!Z23 -> 0 | Q19: ='FS-AD Daily '!V23 -> 0 | R19: ='FS-AD Daily '!W23 -> 0 | S19: =P19-Q19-R19 -> 0 | T19: ='FS-AD Daily '!AD23*3.516 -> 0 | U19: =('FS-AD Daily '!AF23)*1000 -> 0 | V19: =('FS-AD Daily '!AG23)*1000 -> 0 | W19: ='FS-AD Daily '!AH23*1000 -> 0 | X19: =('FS-AD Daily '!AK23)*1000 -> 0 | Y19: ='FS-AD Daily '!AN23 -> 0
A20: Abu Dhabi | B20: =B19+1 -> 19 | C20: 8 | D20: 2020 | E20: ='FS-AD Daily '!B24 -> 0 | F20: ='FS-AD Daily '!C24 -> 0 | G20: ='FS-AD Daily '!D24 -> 0 | H20: ='FS-AD Daily '!E24 -> 0 | I20: ='FS-AD Daily '!F24 -> 0 | J20: ='FS-AD Daily '!G24 -> 0 | K20: ='FS-AD Daily '!H24 -> 0 | L20: ='FS-AD Daily '!I24 -> 0 | M20: ='FS-AD Daily '!J24 -> 0 | N20: ='FS-AD Daily '!T24 -> 0 | O20: ='FS-AD Daily '!R24 -> 0 | P20: ='FS-AD Daily '!Z24 -> 0 | Q20: ='FS-AD Daily '!V24 -> 0 | R20: ='FS-AD Daily '!W24 -> 0 | S20: =P20-Q20-R20 -> 0 | T20: ='FS-AD Daily '!AD24*3.516 -> 0 | U20: =('FS-AD Daily '!AF24)*1000 -> 0 | V20: =('FS-AD Daily '!AG24)*1000 -> 0 | W20: ='FS-AD Daily '!AH24*1000 -> 0 | X20: =('FS-AD Daily '!AK24)*1000 -> 0 | Y20: ='FS-AD Daily '!AN24 -> 0
A21: Abu Dhabi | B21: =B20+1 -> 20 | C21: 8 | D21: 2020 | E21: ='FS-AD Daily '!B25 -> 0 | F21: ='FS-AD Daily '!C25 -> 0 | G21: ='FS-AD Daily '!D25 -> 0 | H21: ='FS-AD Daily '!E25 -> 0 | I21: ='FS-AD Daily '!F25 -> 0 | J21: ='FS-AD Daily '!G25 -> 0 | K21: ='FS-AD Daily '!H25 -> 0 | L21: ='FS-AD Daily '!I25 -> 0 | M21: ='FS-AD Daily '!J25 -> 0 | N21: ='FS-AD Daily '!T25 -> 0 | O21: ='FS-AD Daily '!R25 -> 0 | P21: ='FS-AD Daily '!Z25 -> 0 | Q21: ='FS-AD Daily '!V25 -> 0 | R21: ='FS-AD Daily '!W25 -> 0 | S21: =P21-Q21-R21 -> 0 | T21: ='FS-AD Daily '!AD25*3.516 -> 0 | U21: =('FS-AD Daily '!AF25)*1000 -> 0 | V21: =('FS-AD Daily '!AG25)*1000 -> 0 | W21: ='FS-AD Daily '!AH25*1000 -> 0 | X21: =('FS-AD Daily '!AK25)*1000 -> 0 | Y21: ='FS-AD Daily '!AN25 -> 0
A22: Abu Dhabi | B22: =B21+1 -> 21 | C22: 8 | D22: 2020 | E22: ='FS-AD Daily '!B26 -> 0 | F22: ='FS-AD Daily '!C26 -> 0 | G22: ='FS-AD Daily '!D26 -> 0 | H22: ='FS-AD Daily '!E26 -> 0 | I22: ='FS-AD Daily '!F26 -> 0 | J22: ='FS-AD Daily '!G26 -> 0 | K22: ='FS-AD Daily '!H26 -> 0 | L22: ='FS-AD Daily '!I26 -> 0 | M22: ='FS-AD Daily '!J26 -> 0 | N22: ='FS-AD Daily '!T26 -> 0 | O22: ='FS-AD Daily '!R26 -> 0 | P22: ='FS-AD Daily '!Z26 -> 0 | Q22: ='FS-AD Daily '!V26 -> 0 | R22: ='FS-AD Daily '!W26 -> 0 | S22: =P22-Q22-R22 -> 0 | T22: ='FS-AD Daily '!AD26*3.516 -> 0 | U22: =('FS-AD Daily '!AF26)*1000 -> 0 | V22: =('FS-AD Daily '!AG26)*1000 -> 0 | W22: ='FS-AD Daily '!AH26*1000 -> 0 | X22: =('FS-AD Daily '!AK26)*1000 -> 0 | Y22: ='FS-AD Daily '!AN26 -> 0
A23: Abu Dhabi | B23: =B22+1 -> 22 | C23: 8 | D23: 2020 | E23: ='FS-AD Daily '!B27 -> 0 | F23: ='FS-AD Daily '!C27 -> 0 | G23: ='FS-AD Daily '!D27 -> 0 | H23: ='FS-AD Daily '!E27 -> 0 | I23: ='FS-AD Daily '!F27 -> 0 | J23: ='FS-AD Daily '!G27 -> 0 | K23: ='FS-AD Daily '!H27 -> 0 | L23: ='FS-AD Daily '!I27 -> 0 | M23: ='FS-AD Daily '!J27 -> 0 | N23: ='FS-AD Daily '!T27 -> 0 | O23: ='FS-AD Daily '!R27 -> 0 | P23: ='FS-AD Daily '!Z27 -> 0 | Q23: ='FS-AD Daily '!V27 -> 0 | R23: ='FS-AD Daily '!W27 -> 0 | S23: =P23-Q23-R23 -> 0 | T23: ='FS-AD Daily '!AD27*3.516 -> 0 | U23: =('FS-AD Daily '!AF27)*1000 -> 0 | V23: =('FS-AD Daily '!AG27)*1000 -> 0 | W23: ='FS-AD Daily '!AH27*1000 -> 0 | X23: =('FS-AD Daily '!AK27)*1000 -> 0 | Y23: ='FS-AD Daily '!AN27 -> 0
A24: Abu Dhabi | B24: =B23+1 -> 23 | C24: 8 | D24: 2020 | E24: ='FS-AD Daily '!B28 -> 0 | F24: ='FS-AD Daily '!C28 -> 0 | G24: ='FS-AD Daily '!D28 -> 0 | H24: ='FS-AD Daily '!E28 -> 0 | I24: ='FS-AD Daily '!F28 -> 0 | J24: ='FS-AD Daily '!G28 -> 0 | K24: ='FS-AD Daily '!H28 -> 0 | L24: ='FS-AD Daily '!I28 -> 0 | M24: ='FS-AD Daily '!J28 -> 0 | N24: ='FS-AD Daily '!T28 -> 0 | O24: ='FS-AD Daily '!R28 -> 0 | P24: ='FS-AD Daily '!Z28 -> 0 | Q24: ='FS-AD Daily '!V28 -> 0 | R24: ='FS-AD Daily '!W28 -> 0 | S24: =P24-Q24-R24 -> 0 | T24: ='FS-AD Daily '!AD28*3.516 -> 0 | U24: =('FS-AD Daily '!AF28)*1000 -> 0 | V24: =('FS-AD Daily '!AG28)*1000 -> 0 | W24: ='FS-AD Daily '!AH28*1000 -> 0 | X24: =('FS-AD Daily '!AK28)*1000 -> 0 | Y24: ='FS-AD Daily '!AN28 -> 0
... A31: Abu Dhabi | B31: =B30+1 -> 30 | C31: 8 | D31: 2020 | E31: ='FS-AD Daily '!B35 -> 0 | F31: ='FS-AD Daily '!C35 -> 0 | G31: ='FS-AD Daily '!D35 -> 0 | H31: ='FS-AD Daily '!E35 -> 0 | I31: ='FS-AD Daily '!F35 -> 0 | J31: ='FS-AD Daily '!G35 -> 0 | K31: ='FS-AD Daily '!H35 -> 0 | L31: ='FS-AD Daily '!I35 -> 0 | M31: ='FS-AD Daily '!J35 -> 0 | N31: ='FS-AD Daily '!T35 -> 0 | O31: ='FS-AD Daily '!R35 -> 0 | P31: ='FS-AD Daily '!Z35 -> 0 | Q31: ='FS-AD Daily '!V35 -> 0 | R31: ='FS-AD Daily '!W35 -> 0 | S31: =P31-Q31-R31 -> 0 | T31: ='FS-AD Daily '!AD35*3.516 -> 0 | U31: =('FS-AD Daily '!AF35)*1000 -> 0 | V31: =('FS-AD Daily '!AG35)*1000 -> 0 | W31: ='FS-AD Daily '!AH35*1000 -> 0 | X31: =('FS-AD Daily '!AK35)*1000 -> 0 | Y31: ='FS-AD Daily '!AN35 -> 0
I32: =SUM(I2:I31) -> 65086 | J32: =SUM(J2:J31) -> 38944 | K32: =SUM(K2:K31) -> 64455 | L32: =SUM(L2:L31) -> 33381 | M32: =SUM(M2:M31) -> 93712 | N32: =SUM(N2:N31) -> 1656.557 | O32: =SUM(O2:O31) -> 1031.935 | P32: =SUM(P2:P31) -> 6288.3 | ... Z32: =SUM(Z2:Z31) -> 2091

Sheet FS-AD Daily 
A1: DATE | B1: ELECTRICAL METERS | K1: TOTAL CONSUMPTION (kWh) | L1: ELECTRICITY - TOTAL (AED) | M1: Concrete Tank Meter (Daily Consumption) | N1: Fiber tank Meter Cold Water Podium & Galleria Staff Toilet Section 2 | O1: Galleria Hot water Public Area | P1: Water Bulk 3 Meter Galleria (Daily Consumption) section 1 | Q1: Irrigation Tank Meter (Daily Consumption) | R1: Galleria Consumption m3 | S1: GALLERIA WATER TOTAL COST (AED) | T1: WATER METER (Daily Consumption) m3 | U1: FSH WATER (AED) | V1: Hot Water Boiler (Daily Gas Consumption m 3) | W1: Steam Boiler (Daily Gas Consumption m 3) | X1: GAS METERS (Daily Reading) | Z1: GAS (Daily Consumption m 3) | AA1: Natural GAS (AED) | AB1: CHILLED WATER (Daily Reading) Present HT | AC1: CHILLED WATER (Daily Reading) Previous HT | AD1: CHILLED WATER (Daily Consumption) HT | AE1: CHILLED WATER (AED) | AF1: Podium Chilled Water - MWh | AG1: Guest Room Chilled Water MWh | AH1: Residence Chilled Water MWh | AI1: Galleria chilled water MWH Previous | AJ1: Galleria chilled water MWH Present | AK1: Galleria Chilled Water Total MWH | AL1: Galleria Chilled Water Total HT | AM1: CHILLED WATER (AED) | AN1: OCCUPANCY (Room Night) | AO1: TOTAL (AED) | AQ1: THR AED (0.334529) | AR1: MWH = H.TON (1 = 284.34)
A2: 2020 | B2: 1 | C2: 2 | D2: 3 | E2: 4 | F2: 5 | G2: 6 | H2: 7 | I2: 8 | J2: 9 | K2: TOTAL CONSUMPTION (KWH) | L2: TOTAL AMOUNT (AED) | X2: 1 | Y2: 2 | AA2: (AED. 6.47/m3 + AED. 0.00 Service) | AC2: (K21B2419000) | AE2: AED. 0.333415/Ton | AM2: AED. 0.333415/Ton
B3: 4626096222-E | C3: 6572482789-E | D3: 3190048503-E | E3: 3732963488-E | F3: 4626096253-E | G3: 7651356710-E | H3: 5076351256-E | I3: 8990986529-E | J3: 6057081392-E
B4: LVS-1 SECTION A | C4: LVS-1 SECTION B | D4: LVS-2 (CAFÉ MILANO) | E4: LVS-3 SECTION A | F4: LVS-3 SECTION B | G4: LVS-4 SECTION A | H4: LVS-4 SECTION B | I4: LVS-5 (FLOOR 15-32) | J4: LVS-LRLV (RETAIL) | Y4: 692769.6 | AB4: 41514385 | AI4: 37586.8 | AP4: 0.333415
A5: TOTAL | E5: Hot water calorifiers L 14 feed 15 - 19 floor | G5: Residence Apartment chilled water pump share feeder | H5: Residence Public Area Electric DB share feeder | I5: Residence apartments Electric DB (individual apartment feeder) | X5: Galleria independent supply | AA5: =SUM(#REF!) -> #REF! | AE5: =SUM(#REF!) -> #REF! | AK5: =SUM(#REF!) -> #REF! | AO5: =SUM(#REF!) -> #REF!
A6: 44075 | B6: 5011 | C6: 3847 | D6: 886 | E6: 4599 | F6: 5526 | G6: 2902 | H6: 4091 | I6: 2569 | J6: 7117 | K6: =SUM(B6:H6) -> 26862 | L6: =K6*0.2 -> 5372.4 | M6: 102.78 | N6: 1.196 | O6: 6.763 | P6: 67.398 | Q6: 10.642 | R6: =N6+O6+P6 -> 75.357 | S6: =(N6+O6+P6)*7.84 -> 590.79888 | T6: =M6+Q6 -> 113.422 | U6: =T6*7.84 -> 889.22848 | V6: 277.1 | W6: 0 | X6: 0001523.20 | Y6: 693248.6 | Z6: =IF((Y6-Y5<0), "0",Y6-Y4) -> 479 | AA6: =Z6*6.47 -> 3099.13 | AB6: 41540250 | AC6: =AB4 -> 41514385 | AD6: =IF((AB6-AC6<0), "0",AB6-AC6) -> 25865 | AE6: =AD6*0.333415 -> 8623.779 | AF6: 45.4 | AG6: 27.4 | AH6: 18.8 | AI6: =AI4 -> 37586.8 | AJ6: 37609.7 | AK6: =IF((AJ6-AI6)<0, "0",AJ6-AI6) -> 22.9 | AL6: =AK6*(284.34513609) -> 6511.5036 | AM6: =AL6*0.333415 -> 2171.033 | AN6: 115 | AO6: =L6+U6+AA6+AE6 -> 17984.537
A7: 44076 | B7: 4928 | C7: 3755 | D7: 870 | E7: 4515 | F7: 4918 | G7: 2951 | H7: 4064 | I7: 2532 | J7: 7255 | K7: =SUM(B7:H7) -> 26001 | L7: =K7*0.2 -> 5200.2 | M7: 113.765 | N7: 0.943 | O7: 6.732 | P7: 36.764 | Q7: 12.015 | R7: =N7+O7+P7 -> 44.439 | S7: =(N7+O7+P7)*7.84 -> 348.40176 | T7: =M7+Q7 -> 125.78 | U7: =T7*7.84 -> 986.1152 | V7: 289 | W7: 0 | X7: 0001523.20 | Y7: 693751.8 | Z7: =IF((Y7-Y6<0), "0",Y7-Y6) -> 503.2 | AA7: =Z7*6.47 -> 3255.704 | AB7: 41566290 | AC7: =AB6 -> 41540250 | AD7: =IF((AB7-AC7<0), "0",AB7-AC7) -> 26040 | AE7: =AD7*0.333415 -> 8682.1266 | AF7: 44.7 | AG7: 27.6 | AH7: 18.1 | AI7: =AJ6 -> 37609.7 | AJ7: 37635 | AK7: =IF((AJ7-AI7)<0, "0",AJ7-AI7) -> 25.3 | AL7: =AK7*(284.34513609) -> 7193.9319 | AM7: =AL7*0.333415 -> 2398.5648 | AN7: 105 | AO7: =L7+U7+AA7+AE7 -> 18124.146
A8: 44077 | B8: 4997 | C8: 3943 | D8: 868 | E8: 4720 | F8: 4946 | G8: 3095 | H8: 4304 | I8: 2595 | J8: 7407 | K8: =SUM(B8:H8) -> 26873 | L8: =K8*0.2 -> 5374.6 | M8: 134.614 | N8: 0.996 | O8: 6.905 | P8: 63.841 | Q8: 12.667 | R8: =N8+O8+P8 -> 71.742 | S8: =(N8+O8+P8)*7.84 -> 562.45728 | T8: =M8+Q8 -> 147.281 | U8: =T8*7.84 -> 1154.683 | V8: 288.5 | W8: 0 | X8: 0001523.20 | Y8: 694251.3 | Z8: =IF((Y8-Y7<0), "0",Y8-Y7) -> 499.5 | AA8: =Z8*6.47 -> 3231.765 | AB8: 41594440 | AC8: =AB7 -> 41566290 | AD8: =IF((AB8-AC8<0), "0",AB8-AC8) -> 28150 | AE8: =AD8*0.333415 -> 9385.6323 | AF8: 48.9 | AG8: 29.5 | AH8: 19 | AI8: =AJ7 -> 37635 | AJ8: 37661.6 | AK8: =IF((AJ8-AI8)<0, "0",AJ8-AI8) -> 26.6 | AL8: =AK8*(284.34513609) -> 7563.5806 | AM8: =AL8*0.333415 -> 2521.8112 | AN8: 93 | AO8: =L8+U8+AA8+AE8 -> 19146.68
A9: 44078 | B9: 4769 | C9: 3989 | D9: 900 | E9: 4648 | F9: 4957 | G9: 3061 | H9: 4755 | I9: 2645 | J9: 7425 | K9: =SUM(B9:H9) -> 27079 | L9: =K9*0.2 -> 5415.8 | M9: 115.681 | N9: 0.786 | O9: 6.882 | P9: 120.644 | Q9: 10.531 | R9: =N9+O9+P9 -> 128.312 | S9: =(N9+O9+P9)*7.84 -> 1005.9661 | T9: =M9+Q9 -> 126.212 | U9: =T9*7.84 -> 989.50208 | V9: 292.7 | W9: 0 | X9: 0001523.20 | Y9: 694752.4 | Z9: =IF((Y9-Y8<0), "0",Y9-Y8) -> 501.1 | AA9: =Z9*6.47 -> 3242.117 | AB9: 41621928 | AC9: =AB8 -> 41594440 | AD9: =IF((AB9-AC9<0), "0",AB9-AC9) -> 27488 | AE9: =AD9*0.333415 -> 9164.9115 | AF9: 46.4 | AG9: 29.7 | AH9: 18.6 | AI9: =AJ8 -> 37661.6 | AJ9: 37687.6 | AK9: =IF((AJ9-AI9)<0, "0",AJ9-AI9) -> 26 | AL9: =AK9*(284.34513609) -> 7392.9735 | AM9: =AL9*0.333415 -> 2464.9283 | AN9: 94 | AO9: =L9+U9+AA9+AE9 -> 18812.331
A10: 44079 | B10: 4964 | C10: 4030 | D10: 899 | E10: 4653 | F10: 4962 | G10: 3093 | H10: 5121 | I10: 2612 | J10: 7279 | K10: =SUM(B10:H10) -> 27722 | L10: =K10*0.2 -> 5544.4 | M10: 123.486 | N10: 1.492 | O10: 6.868 | P10: 57.924 | Q10: 11.337 | R10: =N10+O10+P10 -> 66.284 | S10: =(N10+O10+P10)*7.84 -> 519.66656 | T10: =M10+Q10 -> 134.823 | U10: =T10*7.84 -> 1057.0123 | V10: 291.8 | W10: 0 | X10: 0001523.20 | Y10: 695245.7 | Z10: =IF((Y10-Y9<0), "0",Y10-Y9) -> 493.3 | AA10: =Z10*6.47 -> 3191.651 | AB10: 41650232 | AC10: =AB9 -> 41621928 | AD10: =IF((AB10-AC10<0), "0",AB10-AC10) -> 28304 | AE10: =AD10*0.333415 -> 9436.9782 | AF10: 47.5 | AG10: 30.7 | AH10: 19.2 | AI10: =AJ9 -> 37687.6 | AJ10: 37714 | AK10: =IF((AJ10-AI10)<0, "0",AJ10-AI10) -> 26.4 | AL10: =AK10*(284.34513609) -> 7506.7116 | AM10: =AL10*0.333415 -> 2502.8502 | AN10: 94 | AO10: =L10+U10+AA10+AE10 -> 19230.041
A11: 44080 | B11: 4728 | C11: 3837 | D11: 873 | E11: 4522 | F11: 4915 | G11: 3001 | H11: 4992 | I11: 2485 | J11: 6902 | K11: =SUM(B11:H11) -> 26868 | L11: =K11*0.2 -> 5373.6 | M11: 130.145 | N11: 1.181 | O11: 6.419 | P11: 120.357 | Q11: 12.302 | R11: =N11+O11+P11 -> 127.957 | S11: =(N11+O11+P11)*7.84 -> 1003.1829 | T11: =M11+Q11 -> 142.447 | U11: =T11*7.84 -> 1116.7845 | V11: 280.5 | W11: 0 | X11: 0001523.20 | Y11: 695716.2 | Z11: =IF((Y11-Y10<0), "0",Y11-Y10) -> 470.5 | AA11: =Z11*6.47 -> 3044.135 | AB11: 16837.8 | AC11: =AB10 -> 41650232 | AD11: 27085 | AE11: =AD11*0.333415 -> 9030.5453 | AF11: 47 | AG11: 29.1 | AH11: 18.3 | AI11: =AJ10 -> 37714 | AJ11: 37738.4 | AK11: =IF((AJ11-AI11)<0, "0",AJ11-AI11) -> 24.4 | AL11: =AK11*(284.34513609) -> 6938.0213 | AM11: =AL11*0.333415 -> 2313.2404 | AN11: 99 | AO11: =L11+U11+AA11+AE11 -> 18565.065
A12: 44081 | B12: 4899 | C12: 3211 | D12: 844 | E12: 4375 | F12: 4948 | G12: 3022 | H12: 5218 | I12: 2503 | J12: 6927 | K12: =SUM(B12:H12) -> 26517 | L12: =K12*0.2 -> 5303.4 | M12: 99.481 | N12: 1.151 | O12: 6.514 | P12: 62.893 | Q12: 13.441 | R12: =N12+O12+P12 -> 70.558 | S12: =(N12+O12+P12)*7.84 -> 553.17472 | T12: =M12+Q12 -> 112.922 | U12: =T12*7.84 -> 885.30848 | V12: 287.4 | W12: 0 | X12: 0001523.20 | Y12: 696186.6 | Z12: =IF((Y12-Y11<0), "0",Y12-Y11) -> 470.4 | AA12: =Z12*6.47 -> 3043.488 | AB12: 45294.8 | AC12: =AB11 -> 16837.8 | AD12: =IF((AB12-AC12<0), "0",AB12-AC12) -> 28457 | AE12: =AD12*0.333415 -> 9487.9907 | AF12: 49.7 | AG12: 30.2 | AH12: 17.8 | AI12: =AJ11 -> 37738.4 | AJ12: 37763.6 | AK12: =IF((AJ12-AI12)<0, "0",AJ12-AI12) -> 25.2 | AL12: =AK12*(284.34513609) -> 7165.4974 | AM12: =AL12*0.333415 -> 2389.0843 | AN12: 94 | AO12: =L12+U12+AA12+AE12 -> 18720.187
A13: 44082 | B13: 5050 | C13: 3213 | D13: 833 | E13: 4516 | F13: 4951 | G13: 3124 | H13: 5290 | I13: 2561 | J13: 7143 | K13: =SUM(B13:H13) -> 26977 | L13: =K13*0.2 -> 5395.4 | M13: 152.532 | N13: 0.831 | O13: 7.099 | P13: 56.021 | Q13: 12.761 | R13: =N13+O13+P13 -> 63.951 | S13: =(N13+O13+P13)*7.84 -> 501.37584 | T13: =M13+Q13 -> 165.293 | U13: =T13*7.84 -> 1295.8971 | V13: 280.9 | W13: 0 | X13: 0001523.20 | Y13: 696656.5 | Z13: =IF((Y13-Y12<0), "0",Y13-Y12) -> 469.9 | AA13: =Z13*6.47 -> 3040.253 | AB13: 74797.8 | AC13: =AB12 -> 45294.8 | AD13: =IF((AB13-AC13<0), "0",AB13-AC13) -> 29503 | AE13: =AD13*0.333415 -> 9836.7427 | AF13: 51.6 | AG13: 30.4 | AH13: 18.5 | AI13: =AJ12 -> 37763.6 | AJ13: 37790.7 | AK13: =IF((AJ13-AI13)<0, "0",AJ13-AI13) -> 27.1 | AL13: =AK13*(284.34513609) -> 7705.7532 | AM13: =AL13*0.333415 -> 2569.2137 | AN13: 94 | AO13: =L13+U13+AA13+AE13 -> 19568.293
A14: 44083 | B14: 4914 | C14: 3130 | D14: 853 | E14: 4578 | F14: 5077 | G14: 3123 | H14: 5107 | I14: 2612 | J14: 7179 | K14: =SUM(B14:H14) -> 26782 | L14: =K14*0.2 -> 5356.4 | M14: 101.711 | N14: 1.704 | O14: 7.645 | P14: 62.343 | Q14: 11.443 | R14: =N14+O14+P14 -> 71.692 | S14: =(N14+O14+P14)*7.84 -> 562.06528 | T14: =M14+Q14 -> 113.154 | U14: =T14*7.84 -> 887.12736 | V14: 288 | W14: 0 | X14: 0001523.20 | Y14: 697151.2 | Z14: =IF((Y14-Y13<0), "0",Y14-Y13) -> 494.7 | AA14: =Z14*6.47 -> 3200.709 | AB14: 102312.8 | AC14: =AB13 -> 74797.8 | AD14: =IF((AB14-AC14<0), "0",AB14-AC14) -> 27515 | AE14: =AD14*0.333415 -> 9173.9137 | AF14: 47.5 | AG14: 28.9 | AH14: 18 | AI14: =AJ13 -> 37790.7 | AJ14: 37816.3 | AK14: =IF((AJ14-AI14)<0, "0",AJ14-AI14) -> 25.6 | AL14: =AK14*(284.34513609) -> 7279.2355 | AM14: =AL14*0.333415 -> 2427.0063 | AN14: 84 | AO14: =L14+U14+AA14+AE14 -> 18618.15
A15: 44084 | B15: 4666 | C15: 3519 | D15: 895 | E15: 4573 | F15: 4973 | G15: 3078 | H15: 5461 | I15: 2631 | J15: 7240 | K15: =SUM(B15:H15) -> 27165 | L15: =K15*0.2 -> 5433 | M15: 101.165 | N15: 0.927 | O15: 7.498 | P15: 69.305 | Q15: 12.324 | R15: =N15+O15+P15 -> 77.73 | S15: =(N15+O15+P15)*7.84 -> 609.4032 | T15: =M15+Q15 -> 113.489 | U15: =T15*7.84 -> 889.75376 | V15: 284.8 | W15: 0 | X15: 0001523.20 | Y15: 697634.2 | Z15: =IF((Y15-Y14<0), "0",Y15-Y14) -> 483 | AA15: =Z15*6.47 -> 3125.01 | AB15: 133257.8 | AC15: =AB14 -> 102312.8 | AD15: =IF((AB15-AC15<0), "0",AB15-AC15) -> 30945 | AE15: =AD15*0.333415 -> 10317.527 | AF15: 53.6 | AG15: 31.4 | AH15: 19.1 | AI15: =AJ14 -> 37816.3 | AJ15: 37843.8 | AK15: =IF((AJ15-AI15)<0, "0",AJ15-AI15) -> 27.5 | AL15: =AK15*(284.34513609) -> 7819.4912 | AM15: =AL15*0.333415 -> 2607.1357 | AN15: 75 | AO15: =L15+U15+AA15+AE15 -> 19765.291
A16: 44085 | B16: 5010 | C16: 3493 | D16: 861 | E16: 4457 | F16: 4940 | G16: 2910 | H16: 5360 | I16: 2520 | J16: 7354 | K16: =SUM(B16:H16) -> 27031 | L16: =K16*0.2 -> 5406.2 | M16: 132.163 | N16: 1.049 | O16: 7.591 | P16: 73.325 | Q16: 9.714 | R16: =N16+O16+P16 -> 81.965 | S16: =(N16+O16+P16)*7.84 -> 642.6056 | T16: =M16+Q16 -> 141.877 | U16: =T16*7.84 -> 1112.3157 | V16: 285.6 | W16: 0 | X16: 0001523.20 | Y16: 698121.4 | Z16: =IF((Y16-Y15<0), "0",Y16-Y15) -> 487.2 | AA16: =Z16*6.47 -> 3152.184 | AB16: 163702.2 | AC16: =AB15 -> 133257.8 | AD16: =IF((AB16-AC16<0), "0",AB16-AC16) -> 30444.4 | AE16: =AD16*0.333415 -> 10150.62 | AF16: 52.9 | AG16: 28.2 | AH16: 18.4 | AI16: =AJ15 -> 37843.8 | AJ16: 37872.3 | AK16: =IF((AJ16-AI16)<0, "0",AJ16-AI16) -> 28.5 | AL16: =AK16*(284.34513609) -> 8103.8364 | AM16: =AL16*0.333415 -> 2701.9406 | AN16: 76 | AO16: =L16+U16+AA16+AE16 -> 19821.319
A17: 44086 | B17: 4988 | C17: 3468 | D17: 875 | E17: 4281 | F17: 4982 | G17: 2840 | H17: 5594 | I17: 2569 | J17: 7344 | K17: =SUM(B17:H17) -> 27028 | L17: =K17*0.2 -> 5405.6 | M17: 99.039 | N17: 2.67 | O17: 7.591 | P17: 71.258 | Q17: 12.887 | R17: =N17+O17+P17 -> 81.519 | S17: =(N17+O17+P17)*7.84 -> 639.10896 | T17: =M17+Q17 -> 111.926 | U17: =T17*7.84 -> 877.49984 | V17: 277.4 | W17: 0 | X17: 0001523.20 | Y17: 698592 | Z17: =IF((Y17-Y16<0), "0",Y17-Y16) -> 470.6 | AA17: =Z17*6.47 -> 3044.782 | AB17: 195312.8 | AC17: =AB16 -> 163702.2 | AD17: =IF((AB17-AC17<0), "0",AB17-AC17) -> 31610.6 | AE17: =AD17*0.333415 -> 10539.448 | AF17: 55 | AG17: 26.7 | AH17: 19.3 | AI17: =AJ16 -> 37872.3 | AJ17: 37902.9 | AK17: =IF((AJ17-AI17)<0, "0",AJ17-AI17) -> 30.6 | AL17: =AK17*(284.34513609) -> 8700.9612 | AM17: =AL17*0.333415 -> 2901.031 | AO17: =L17+U17+AA17+AE17 -> 19867.33
A18: 44087 | B18: 4887 | C18: 3534 | D18: 884 | E18: 4159 | F18: 4991 | G18: 2744 | H18: 5098 | I18: 2547 | J18: 7140 | K18: =SUM(B18:H18) -> 26297 | L18: =K18*0.2 -> 5259.4 | M18: 96.598 | N18: 1.049 | O18: 7.455 | P18: 61.925 | Q18: 11.333 | R18: =N18+O18+P18 -> 70.429 | S18: =(N18+O18+P18)*7.84 -> 552.16336 | T18: =M18+Q18 -> 107.931 | U18: =T18*7.84 -> 846.17904 | V18: 272 | W18: 0 | X18: 0001523.20 | Y18: 699057.9 | Z18: =IF((Y18-Y17<0), "0",Y18-Y17) -> 465.9 | AA18: =Z18*6.47 -> 3014.373 | AB18: 221958.9 | AC18: =AB17 -> 195312.8 | AD18: =IF((AB18-AC18<0), "0",AB18-AC18) -> 26646.1 | AE18: =AD18*0.333415 -> 8884.2094 | AF18: 45.5 | AG18: 21.7 | AH18: 16 | AI18: =AJ17 -> 37902.9 | AJ18: 37928.4 | AK18: =IF((AJ18-AI18)<0, "0",AJ18-AI18) -> 25.5 | AL18: =AK18*(284.34513609) -> 7250.801 | AM18: =AL18*0.333415 -> 2417.5258 | AO18: =L18+U18+AA18+AE18 -> 18004.161
A19: 44088 | K19: =SUM(B19:H19) -> 0 | L19: =K19*0.2 -> 0 | R19: =N19+O19+P19 -> 0 | S19: =(N19+O19+P19)*7.84 -> 0 | T19: =M19+Q19 -> 0 | U19: =T19*7.84 -> 0 | W19: 0 | X19: 0001523.20 | Z19: =IF((Y19-Y18<0), "0",Y19-Y18) -> 0 | AA19: =Z19*6.47 -> 0 | AC19: =AB18 -> 221958.9 | AD19: =IF((AB19-AC19<0), "0",AB19-AC19) -> 0 | AE19: =AD19*0.333415 -> 0 | AI19: =AJ18 -> 37928.4 | AK19: =IF((AJ19-AI19)<0, "0",AJ19-AI19) -> 0 | AL19: =AK19*(284.34513609) -> 0 | AM19: =AL19*0.333415 -> 0 | AO19: =L19+U19+AA19+AE19 -> 0
A20: 44089 | K20: =SUM(B20:H20) -> 0 | L20: =K20*0.2 -> 0 | R20: =N20+O20+P20 -> 0 | S20: =(N20+O20+P20)*7.84 -> 0 | T20: =M20+Q20 -> 0 | U20: =T20*7.84 -> 0 | W20: 0 | X20: 0001523.20 | Z20: =IF((Y20-Y19<0), "0",Y20-Y19) -> 0 | AA20: =Z20*6.47 -> 0 | AC20: =AB19 -> 0 | AD20: =IF((AB20-AC20<0), "0",AB20-AC20) -> 0 | AE20: =AD20*0.333415 -> 0 | AI20: =AJ19 -> 0 | AK20: =IF((AJ20-AI20)<0, "0",AJ20-AI20) -> 0 | AL20: =AK20*(284.34513609) -> 0 | AM20: =AL20*0.333415 -> 0 | AO20: =L20+U20+AA20+AE20 -> 0
A21: 44090 | K21: =SUM(B21:H21) -> 0 | L21: =K21*0.2 -> 0 | R21: =N21+O21+P21 -> 0 | S21: =(N21+O21+P21)*7.84 -> 0 | T21: =M21+Q21 -> 0 | U21: =T21*7.84 -> 0 | W21: 0 | X21: 0001523.20 | Z21: =IF((Y21-Y20<0), "0",Y21-Y20) -> 0 | AA21: =Z21*6.47 -> 0 | AC21: =AB20 -> 0 | AD21: =IF((AB21-AC21<0), "0",AB21-AC21) -> 0 | AE21: =AD21*0.333415 -> 0 | AI21: =AJ20 -> 0 | AK21: =IF((AJ21-AI21)<0, "0",AJ21-AI21) -> 0 | AL21: =AK21*(284.34513609) -> 0 | AM21: =AL21*0.333415 -> 0 | AO21: =L21+U21+AA21+AE21 -> 0
A22: 44091 | K22: =SUM(B22:H22) -> 0 | L22: =K22*0.2 -> 0 | R22: =N22+O22+P22 -> 0 | S22: =(N22+O22+P22)*7.84 -> 0 | T22: =M22+Q22 -> 0 | U22: =T22*7.84 -> 0 | W22: 0 | X22: 0001523.20 | Z22: =IF((Y22-Y21<0), "0",Y22-Y21) -> 0 | AA22: =Z22*6.47 -> 0 | AC22: =AB21 -> 0 | AD22: =IF((AB22-AC22<0), "0",AB22-AC22) -> 0 | AE22: =AD22*0.333415 -> 0 | AI22: =AJ21 -> 0 | AK22: =IF((AJ22-AI22)<0, "0",AJ22-AI22) -> 0 | AL22: =AK22*(284.34513609) -> 0 | AM22: =AL22*0.333415 -> 0 | AO22: =L22+U22+AA22+AE22 -> 0
A23: 44092 | K23: =SUM(B23:H23) -> 0 | L23: =K23*0.2 -> 0 | R23: =N23+O23+P23 -> 0 | S23: =(N23+O23+P23)*7.84 -> 0 | T23: =M23+Q23 -> 0 | U23: =T23*7.84 -> 0 | W23: 0 | X23: 0001523.20 | Z23: =IF((Y23-Y22<0), "0",Y23-Y22) -> 0 | AA23: =Z23*6.47 -> 0 | AC23: =AB22 -> 0 | AD23: =IF((AB23-AC23<0), "0",AB23-AC23) -> 0 | AE23: =AD23*0.333415 -> 0 | AI23: =AJ22 -> 0 | AK23: =IF((AJ23-AI23)<0, "0",AJ23-AI23) -> 0 | AL23: =AK23*(284.34513609) -> 0 | AM23: =AL23*0.333415 -> 0 | AO23: =L23+U23+AA23+AE23 -> 0
A24: 44093 | K24: =SUM(B24:H24) -> 0 | L24: =K24*0.2 -> 0 | R24: =N24+O24+P24 -> 0 | S24: =(N24+O24+P24)*7.84 -> 0 | T24: =M24+Q24 -> 0 | U24: =T24*7.84 -> 0 | W24: 0 | X24: 0001523.20 | Z24: =IF((Y24-Y23<0), "0",Y24-Y23) -> 0 | AA24: =Z24*6.47 -> 0 | AC24: =AB23 -> 0 | AD24: =IF((AB24-AC24<0), "0",AB24-AC24) -> 0 | AE24: =AD24*0.333415 -> 0 | AI24: =AJ23 -> 0 | AK24: =IF((AJ24-AI24)<0, "0",AJ24-AI24) -> 0 | AL24: =AK24*(284.34513609) -> 0 | AM24: =AL24*0.333415 -> 0 | AO24: =L24+U24+AA24+AE24 -> 0
A25: 44094 | K25: =SUM(B25:H25) -> 0 | L25: =K25*0.2 -> 0 | R25: =N25+O25+P25 -> 0 | S25: =(N25+O25+P25)*7.84 -> 0 | T25: =M25+Q25 -> 0 | U25: =T25*7.84 -> 0 | W25: 0 | X25: 0001523.20 | Z25: =IF((Y25-Y24<0), "0",Y25-Y24) -> 0 | AA25: =Z25*6.47 -> 0 | AC25: =AB24 -> 0 | AD25: =IF((AB25-AC25<0), "0",AB25-AC25) -> 0 | AE25: =AD25*0.333415 -> 0 | AI25: =AJ24 -> 0 | AK25: =IF((AJ25-AI25)<0, "0",AJ25-AI25) -> 0 | AL25: =AK25*(284.34513609) -> 0 | AM25: =AL25*0.333415 -> 0 | AO25: =L25+U25+AA25+AE25 -> 0
A26: 44095 | K26: =SUM(B26:H26) -> 0 | L26: =K26*0.2 -> 0 | R26: =N26+O26+P26 -> 0 | S26: =(N26+O26+P26)*7.84 -> 0 | T26: =M26+Q26 -> 0 | U26: =T26*7.84 -> 0 | W26: 0 | X26: 0001523.20 | Z26: =IF((Y26-Y25<0), "0",Y26-Y25) -> 0 | AA26: =Z26*6.47 -> 0 | AC26: =AB25 -> 0 | AD26: =IF((AB26-AC26<0), "0",AB26-AC26) -> 0 | AE26: =AD26*0.333415 -> 0 | AI26: =AJ25 -> 0 | AK26: =IF((AJ26-AI26)<0, "0",AJ26-AI26) -> 0 | AL26: =AK26*(284.34513609) -> 0 | AM26: =AL26*0.333415 -> 0 | AO26: =L26+U26+AA26+AE26 -> 0
A27: 44096 | K27: =SUM(B27:H27) -> 0 | L27: =K27*0.2 -> 0 | R27: =N27+O27+P27 -> 0 | S27: =(N27+O27+P27)*7.84 -> 0 | T27: =M27+Q27 -> 0 | U27: =T27*7.84 -> 0 | W27: 0 | X27: 0001523.20 | Z27: =IF((Y27-Y26<0), "0",Y27-Y26) -> 0 | AA27: =Z27*6.47 -> 0 | AC27: =AB26 -> 0 | AD27: =IF((AB27-AC27<0), "0",AB27-AC27) -> 0 | AE27: =AD27*0.333415 -> 0 | AI27: =AJ26 -> 0 | AK27: =IF((AJ27-AI27)<0, "0",AJ27-AI27) -> 0 | AL27: =AK27*(284.34513609) -> 0 | AM27: =AL27*0.333415 -> 0 | AO27: =L27+U27+AA27+AE27 -> 0
A28: 44097 | K28: =SUM(B28:H28) -> 0 | L28: =K28*0.2 -> 0 | R28: =N28+O28+P28 -> 0 | S28: =(N28+O28+P28)*7.84 -> 0 | T28: =M28+Q28 -> 0 | U28: =T28*7.84 -> 0 | W28: 0 | X28: 0001523.20 | Z28: =IF((Y28-Y27<0), "0",Y28-Y27) -> 0 | AA28: =Z28*6.47 -> 0 | AC28: =AB27 -> 0 | AD28: =IF((AB28-AC28<0), "0",AB28-AC28) -> 0 | AE28: =AD28*0.333415 -> 0 | AI28: =AJ27 -> 0 | AK28: =IF((AJ28-AI28)<0, "0",AJ28-AI28) -> 0 | AL28: =AK28*(284.34513609) -> 0 | AM28: =AL28*0.333415 -> 0 | AO28: =L28+U28+AA28+AE28 -> 0
A29: 44098 | K29: =SUM(B29:H29) -> 0 | L29: =K29*0.2 -> 0 | R29: =N29+O29+P29 -> 0 | S29: =(N29+O29+P29)*7.84 -> 0 | T29: =M29+Q29 -> 0 | U29: =T29*7.84 -> 0 | W29: 0 | X29: 0001523.20 | Z29: =IF((Y29-Y28<0), "0",Y29-Y28) -> 0 | AA29: =Z29*6.47 -> 0 | AC29: =AB28 -> 0 | AD29: =IF((AB29-AC29<0), "0",AB29-AC29) -> 0 | AE29: =AD29*0.333415 -> 0 | AI29: =AJ28 -> 0 | AK29: =IF((AJ29-AI29)<0, "0",AJ29-AI29) -> 0 | AL29: =AK29*(284.34513609) -> 0 | AM29: =AL29*0.333415 -> 0 | AO29: =L29+U29+AA29+AE29 -> 0
A30: 44099 | K30: =SUM(B30:H30) -> 0 | L30: =K30*0.2 -> 0 | R30: =N30+O30+P30 -> 0 | S30: =(N30+O30+P30)*7.84 -> 0 | T30: =M30+Q30 -> 0 | U30: =T30*7.84 -> 0 | W30: 0 | X30: 0001523.20 | Z30: =IF((Y30-Y29<0), "0",Y30-Y29) -> 0 | AA30: =Z30*6.47 -> 0 | AC30: =AB29 -> 0 | AD30: =IF((AB30-AC30<0), "0",AB30-AC30) -> 0 | AE30: =AD30*0.333415 -> 0 | AI30: =AJ29 -> 0 | AK30: =IF((AJ30-AI30)<0, "0",AJ30-AI30) -> 0 | AL30: =AK30*(284.34513609) -> 0 | AM30: =AL30*0.333415 -> 0 | AO30: =L30+U30+AA30+AE30 -> 0
... A35: 44104 | K35: =SUM(B35:H35) -> 0 | L35: =K35*0.2 -> 0 | R35: =N35+O35+P35 -> 0 | S35: =(N35+O35+P35)*7.84 -> 0 | T35: =M35+Q35 -> 0 | U35: =T35*7.84 -> 0 | W35: 0 | X35: 0001523.21 | Z35: =IF((Y35-Y34<0), "0",Y35-Y34) -> 0 | AA35: =Z35*6.47 -> 0 | AC35: =AB34 -> 0 | AD35: =IF((AB35-AC35<0), "0",AB35-AC35) -> 0 | AE35: =AD35*0.333415 -> 0 | AI35: =AJ34 -> 0 | AK35: =IF((AJ35-AI35)<0, "0",AJ35-AI35) -> 0 | AL35: =AK35*(284.34513609) -> 0 | AM35: =AL35*0.333415 -> 0 | AO35: =L35+U35+AA35+AE35 -> 0
D36: =SUM(D6:D35) -> 11341 | E36: KW/H | G36: =SUM(G6:G35) -> 38944 | H36: =SUM(H6:H35) -> 64455 | I36: =SUM(I6:I35) -> 33381 | J36: =SUM(J6:J35) -> 93712 | K36: =SUM(K6:K35) -> 349202 | L36: =SUM(L6:L35) -> 69840.4 | R36: =SUM(R6:R35) -> 1031.935 | T36: =SUM(T6:T35) -> 1656.557 | U36: =T36*7.84 -> 12987.407 | Z36: =SUM(Z6:Z35) -> 6288.3 | AA36: =SUM(AA6:AA35) -> 40685.301 | AD36: =SUM(AD6:AD35) -> 368053.1 | AE36: =AD36*0.334569 -> 123139.16 | AF36: =SUM(AF6:AF35) -> 635.7 | AG36: =SUM(AG6:AG35) -> 371.5 | AH36: =SUM(AH6:AH35) -> 239.1 | AK36: =SUM(AK6:AK35) -> 341.6 | AL36: =SUM(AL6:AL35) -> 97132.298 | AM36: =SUM(AM6:AM35) -> 32385.365 | AN36: =SUM(AN6:AN35) -> 1023 | AO36: =SUM(AO6:AO35) -> 246227.53
D37: =#REF!*24 -> #REF! | E37: Day | R37: 7.84 | T37: Total / budget | U37: =U36-R38 -> 4897.0365
D38: =D37*31 -> #REF! | E38: Month | F38: AED | G38: =D38*0.2 -> #REF! | R38: =R36*R37 -> 8090.3704 | U38: =U37/R37 -> 624.622
D39: =D38*0.2 -> #REF!
E40: 20KWH
AD41: =G41*0.2 -> 0
