Workbook

Sheet Total Daily 
A1: Site Name | B1: Day | C1: Month | D1: Year | E1: Total Electricity Kwh | F1: Electricity Tariff ($/Kwh) | G1: LPG (Kg) | H1: LPG $/Kg | I1: District Energy Cooling Kwh | J1: District Energy Cooling $/Kwh | K1: Water Utility Supply (m3) m3 | L1: Water Utility Supply (m3) m3 | M1: Water Utility Supply (m3) $/m3 | N1: Room Nights
A2: Dubai DIFC | B2: 1 | C2: 10 | D2: 2020 | E2: ='10 - 2020'!B8-'10 - 2020'!B7+'10 - 2020'!C8-'10 - 2020'!C7 -> 8431 | F2: 0.118 | G2: =(('10 - 2020'!E8-'10 - 2020'!E7)+('10 - 2020'!F8-'10 - 2020'!F7)+('10 - 2020'!G8-'10 - 2020'!G7))*1.81 -> 90.5 | H2: 0.99 | I2: ='10 - 2020'!J8-'10 - 2020'!J7 -> 25232 | J2: 0.081 | K2: ='10 - 2020'!H8-'10 - 2020'!H7 -> 0 | L2: ='10 - 2020'!I8-'10 - 2020'!I7 -> 61 | M2: 4.3936294 | N2: 29
A3: Dubai DIFC | B3: =B2+1 -> 2 | C3: 10 | D3: 2020 | E3: ='10 - 2020'!B9-'10 - 2020'!B8+'10 - 2020'!C9-'10 - 2020'!C8 -> 8622 | F3: 0.118 | G3: =(('10 - 2020'!E9-'10 - 2020'!E8)+('10 - 2020'!F9-'10 - 2020'!F8)+('10 - 2020'!G9-'10 - 2020'!G8))*1.81 -> 99.55 | H3: 0.99 | I3: ='10 - 2020'!J9-'10 - 2020'!J8 -> 23134 | J3: 0.081 | K3: ='10 - 2020'!H9-'10 - 2020'!H8 -> 0 | L3: ='10 - 2020'!I9-'10 - 2020'!I8 -> 67 | M3: 4.3936294 | N3: 28
A4: Dubai DIFC | B4: =B3+1 -> 3 | C4: 10 | D4: 2020 | E4: ='10 - 2020'!B10-'10 - 2020'!B9+'10 - 2020'!C10-'10 - 2020'!C9 -> 8673 | F4: 0.118 | G4: =(('10 - 2020'!E10-'10 - 2020'!E9)+('10 - 2020'!F10-'10 - 2020'!F9)+('10 - 2020'!G10-'10 - 2020'!G9))*1.81 -> 101.36 | H4: 0.99 | I4: ='10 - 2020'!J10-'10 - 2020'!J9 -> 26353 | J4: 0.081 | K4: ='10 - 2020'!H10-'10 - 2020'!H9 -> 0 | L4: ='10 - 2020'!I10-'10 - 2020'!I9 -> 65 | M4: 4.3936294 | N4: 27
A5: Dubai DIFC | B5: =B4+1 -> 4 | C5: 10 | D5: 2020 | E5: ='10 - 2020'!B11-'10 - 2020'!B10+'10 - 2020'!C11-'10 - 2020'!C10 -> 8505 | F5: 0.118 | G5: =(('10 - 2020'!E11-'10 - 2020'!E10)+('10 - 2020'!F11-'10 - 2020'!F10)+('10 - 2020'!G11-'10 - 2020'!G10))*1.81 -> 94.12 | H5: 0.99 | I5: ='10 - 2020'!J11-'10 - 2020'!J10 -> 31317 | J5: 0.081 | K5: ='10 - 2020'!H11-'10 - 2020'!H10 -> 0 | L5: ='10 - 2020'!I11-'10 - 2020'!I10 -> 62 | M5: 4.3936294 | N5: 23
A6: Dubai DIFC | B6: =B5+1 -> 5 | C6: 10 | D6: 2020 | E6: 0 | F6: 0.118 | G6: 0 | H6: 0.99 | I6: 0 | J6: 0.081 | K6: 0 | L6: 0 | M6: 4.3936294
A7: Dubai DIFC | B7: =B6+1 -> 6 | C7: 10 | D7: 2020 | E7: ='10 - 2020'!B13-'10 - 2020'!B12+'10 - 2020'!C13-'10 - 2020'!C12 -> 0 | F7: 0.118 | G7: =(('10 - 2020'!E13-'10 - 2020'!E12)+('10 - 2020'!F13-'10 - 2020'!F12)+('10 - 2020'!G13-'10 - 2020'!G12))*1.81 -> 0 | H7: 0.99 | I7: ='10 - 2020'!J13-'10 - 2020'!J12 -> 0 | J7: 0.081 | K7: ='10 - 2020'!H13-'10 - 2020'!H12 -> 0 | L7: ='10 - 2020'!I13-'10 - 2020'!I12 -> 0 | M7: 4.3936294
A8: Dubai DIFC | B8: =B7+1 -> 7 | C8: 10 | D8: 2020 | E8: ='10 - 2020'!B14-'10 - 2020'!B13+'10 - 2020'!C14-'10 - 2020'!C13 -> 0 | F8: 0.118 | G8: =(('10 - 2020'!E14-'10 - 2020'!E13)+('10 - 2020'!F14-'10 - 2020'!F13)+('10 - 2020'!G14-'10 - 2020'!G13))*1.81 -> 0 | H8: 0.99 | I8: ='10 - 2020'!J14-'10 - 2020'!J13 -> 0 | J8: 0.081 | K8: ='10 - 2020'!H14-'10 - 2020'!H13 -> 0 | L8: ='10 - 2020'!I14-'10 - 2020'!I13 -> 0 | M8: 4.3936294
A9: Dubai DIFC | B9: =B8+1 -> 8 | C9: 10 | D9: 2020 | E9: ='10 - 2020'!B15-'10 - 2020'!B14+'10 - 2020'!C15-'10 - 2020'!C14 -> 0 | F9: 0.118 | G9: =(('10 - 2020'!E15-'10 - 2020'!E14)+('10 - 2020'!F15-'10 - 2020'!F14)+('10 - 2020'!G15-'10 - 2020'!G14))*1.81 -> 0 | H9: 0.99 | I9: ='10 - 2020'!J15-'10 - 2020'!J14 -> 0 | J9: 0.081 | K9: ='10 - 2020'!H15-'10 - 2020'!H14 -> 0 | L9: ='10 - 2020'!I15-'10 - 2020'!I14 -> 0 | M9: 4.3936294
A10: Dubai DIFC | B10: =B9+1 -> 9 | C10: 10 | D10: 2020 | E10: ='10 - 2020'!B16-'10 - 2020'!B15+'10 - 2020'!C16-'10 - 2020'!C15 -> 0 | F10: 0.118 | G10: =(('10 - 2020'!E16-'10 - 2020'!E15)+('10 - 2020'!F16-'10 - 2020'!F15)+('10 - 2020'!G16-'10 - 2020'!G15))*1.81 -> 0 | H10: 0.99 | I10: ='10 - 2020'!J16-'10 - 2020'!J15 -> 0 | J10: 0.081 | K10: ='10 - 2020'!H16-'10 - 2020'!H15 -> 0 | L10: ='10 - 2020'!I16-'10 - 2020'!I15 -> 0 | M10: 4.3936294
A11: Dubai DIFC | B11: =B10+1 -> 10 | C11: 10 | D11: 2020 | E11: ='10 - 2020'!B17-'10 - 2020'!B16+'10 - 2020'!C17-'10 - 2020'!C16 -> 0 | F11: 0.118 | G11: =(('10 - 2020'!E17-'10 - 2020'!E16)+('10 - 2020'!F17-'10 - 2020'!F16)+('10 - 2020'!G17-'10 - 2020'!G16))*1.81 -> 0 | H11: 0.99 | I11: ='10 - 2020'!J17-'10 - 2020'!J16 -> 0 | J11: 0.081 | K11: ='10 - 2020'!H17-'10 - 2020'!H16 -> 0 | L11: ='10 - 2020'!I17-'10 - 2020'!I16 -> 0 | M11: 4.3936294
A12: Dubai DIFC | B12: =B11+1 -> 11 | C12: 10 | D12: 2020 | E12: ='10 - 2020'!B18-'10 - 2020'!B17+'10 - 2020'!C18-'10 - 2020'!C17 -> 0 | F12: 0.118 | G12: =(('10 - 2020'!E18-'10 - 2020'!E17)+('10 - 2020'!F18-'10 - 2020'!F17)+('10 - 2020'!G18-'10 - 2020'!G17))*1.81 -> 0 | H12: 0.99 | I12: ='10 - 2020'!J18-'10 - 2020'!J17 -> 0 | J12: 0.081 | K12: ='10 - 2020'!H18-'10 - 2020'!H17 -> 0 | L12: ='10 - 2020'!I18-'10 - 2020'!I17 -> 0 | M12: 4.3936294
A13: Dubai DIFC | B13: =B12+1 -> 12 | C13: 10 | D13: 2020 | E13: ='10 - 2020'!B19-'10 - 2020'!B18+'10 - 2020'!C19-'10 - 2020'!C18 -> 0 | F13: 0.118 | G13: =(('10 - 2020'!E19-'10 - 2020'!E18)+('10 - 2020'!F19-'10 - 2020'!F18)+('10 - 2020'!G19-'10 - 2020'!G18))*1.81 -> 0 | H13: 0.99 | I13: ='10 - 2020'!J19-'10 - 2020'!J18 -> 0 | J13: 0.081 | K13: ='10 - 2020'!H19-'10 - 2020'!H18 -> 0 | L13: ='10 - 2020'!I19-'10 - 2020'!I18 -> 0 | M13: 4.3936294
A14: Dubai DIFC | B14: =B13+1 -> 13 | C14: 10 | D14: 2020 | E14: ='10 - 2020'!B20-'10 - 2020'!B19+'10 - 2020'!C20-'10 - 2020'!C19 -> 0 | F14: 0.118 | G14: =(('10 - 2020'!E20-'10 - 2020'!E19)+('10 - 2020'!F20-'10 - 2020'!F19)+('10 - 2020'!G20-'10 - 2020'!G19))*1.81 -> 0 | H14: 0.99 | I14: ='10 - 2020'!J20-'10 - 2020'!J19 -> 0 | J14: 0.081 | K14: ='10 - 2020'!H20-'10 - 2020'!H19 -> 0 | L14: ='10 - 2020'!I20-'10 - 2020'!I19 -> 0 | M14: 4.3936294
A15: Dubai DIFC | B15: =B14+1 -> 14 | C15: 10 | D15: 2020 | E15: ='10 - 2020'!B21-'10 - 2020'!B20+'10 - 2020'!C21-'10 - 2020'!C20 -> 0 | F15: 0.118 | G15: =(('10 - 2020'!E21-'10 - 2020'!E20)+('10 - 2020'!F21-'10 - 2020'!F20)+('10 - 2020'!G21-'10 - 2020'!G20))*1.81 -> 0 | H15: 0.99 | I15: ='10 - 2020'!J21-'10 - 2020'!J20 -> 0 | J15: 0.081 | K15: ='10 - 2020'!H21-'10 - 2020'!H20 -> 0 | L15: ='10 - 2020'!I21-'10 - 2020'!I20 -> 0 | M15: 4.3936294
A16: Dubai DIFC | B16: =B15+1 -> 15 | C16: 10 | D16: 2020 | E16: ='10 - 2020'!B22-'10 - 2020'!B21+'10 - 2020'!C22-'10 - 2020'!C21 -> 0 | F16: 0.118 | G16: =(('10 - 2020'!E22-'10 - 2020'!E21)+('10 - 2020'!F22-'10 - 2020'!F21)+('10 - 2020'!G22-'10 - 2020'!G21))*1.81 -> 0 | H16: 0.99 | I16: ='10 - 2020'!J22-'10 - 2020'!J21 -> 0 | J16: 0.081 | K16: ='10 - 2020'!H22-'10 - 2020'!H21 -> 0 | L16: ='10 - 2020'!I22-'10 - 2020'!I21 -> 0 | M16: 4.3936294
A17: Dubai DIFC | B17: =B16+1 -> 16 | C17: 10 | D17: 2020 | E17: ='10 - 2020'!B23-'10 - 2020'!B22+'10 - 2020'!C23-'10 - 2020'!C22 -> 0 | F17: 0.118 | G17: =(('10 - 2020'!E23-'10 - 2020'!E22)+('10 - 2020'!F23-'10 - 2020'!F22)+('10 - 2020'!G23-'10 - 2020'!G22))*1.81 -> 0 | H17: 0.99 | I17: ='10 - 2020'!J23-'10 - 2020'!J22 -> 0 | J17: 0.081 | K17: ='10 - 2020'!H23-'10 - 2020'!H22 -> 0 | L17: ='10 - 2020'!I23-'10 - 2020'!I22 -> 0 | M17: 4.3936294
A18: Dubai DIFC | B18: =B17+1 -> 17 | C18: 10 | D18: 2020 | E18: ='10 - 2020'!B24-'10 - 2020'!B23+'10 - 2020'!C24-'10 - 2020'!C23 -> 0 | F18: 0.118 | G18: =(('10 - 2020'!E24-'10 - 2020'!E23)+('10 - 2020'!F24-'10 - 2020'!F23)+('10 - 2020'!G24-'10 - 2020'!G23))*1.81 -> 0 | H18: 0.99 | I18: ='10 - 2020'!J24-'10 - 2020'!J23 -> 0 | J18: 0.081 | K18: ='10 - 2020'!H24-'10 - 2020'!H23 -> 0 | L18: ='10 - 2020'!I24-'10 - 2020'!I23 -> 0 | M18: 4.3936294
... A31: Dubai DIFC | B31: =B30+1 -> 30 | C31: 10 | D31: 2020 | E31: ='10 - 2020'!B37-'10 - 2020'!B36+'10 - 2020'!C37-'10 - 2020'!C36 -> 0 | F31: 0.118 | G31: =(('10 - 2020'!E37-'10 - 2020'!E36)+('10 - 2020'!F37-'10 - 2020'!F36)+('10 - 2020'!G37-'10 - 2020'!G36))*1.81 -> 0 | H31: 0.99 | I31: ='10 - 2020'!J37-'10 - 2020'!J36 -> 0 | J31: 0.081 | K31: ='10 - 2020'!H37-'10 - 2020'!H36 -> 0 | L31: ='10 - 2020'!I37-'10 - 2020'!I36 -> 0 | M31: 4.3936294
A32: Dubai DIFC | B32: 31 | C32: 10 | D32: 2020 | E32: ='10 - 2020'!B38-'10 - 2020'!B37+'10 - 2020'!C38-'10 - 2020'!C37 -> 0 | F32: 0.118 | G32: =(('10 - 2020'!E38-'10 - 2020'!E37)+('10 - 2020'!F38-'10 - 2020'!F37)+('10 - 2020'!G38-'10 - 2020'!G37))*1.81 -> 0 | H32: 0.99 | I32: ='10 - 2020'!J38-'10 - 2020'!J37 -> 0 | J32: 0.081 | K32: ='10 - 2020'!H38-'10 - 2020'!H37 -> 0 | L32: ='10 - 2020'!I38-'10 - 2020'!I37 -> 0 | M32: 4.3936294

Sheet Submetering Daily 
A1: Site Name | B1: Day | C1: Month | D1: Year | E1: Panel LV1 Kwh | F1: Panel LV2 Kwh | G1: Electricity Tariff ($/Kwh) | H1: Main Kitchen LPG (Kg) | I1: Podium Kitchen LPG (Kg) | J1: Boiler LPG (Kg) | K1: LPG $/Kg | L1: Room Nights
A2: Dubai DIFC | B2: 1 | C2: 10 | D2: 2020 | E2: ='10 - 2020'!B8-'10 - 2020'!B7 -> 3006 | F2: ='10 - 2020'!C8-'10 - 2020'!C7 -> 5425 | G2: 0.118 | H2: ='10 - 2020'!E8-'10 - 2020'!E7 -> 17 | I2: ='10 - 2020'!F8-'10 - 2020'!F7 -> 4 | J2: ='10 - 2020'!G8-'10 - 2020'!G7 -> 29 | K2: 0.74 | L2: 29
A3: Dubai DIFC | B3: =B2+1 -> 2 | C3: 10 | D3: 2020 | E3: ='10 - 2020'!B9-'10 - 2020'!B8 -> 3061 | F3: ='10 - 2020'!C9-'10 - 2020'!C8 -> 5561 | G3: 0.118 | H3: ='10 - 2020'!E9-'10 - 2020'!E8 -> 21 | I3: ='10 - 2020'!F9-'10 - 2020'!F8 -> 5 | J3: ='10 - 2020'!G9-'10 - 2020'!G8 -> 29 | K3: 0.74 | L3: 28
A4: Dubai DIFC | B4: =B3+1 -> 3 | C4: 10 | D4: 2020 | E4: ='10 - 2020'!B10-'10 - 2020'!B9 -> 3255 | F4: ='10 - 2020'!C10-'10 - 2020'!C9 -> 5418 | G4: 0.118 | H4: ='10 - 2020'!E10-'10 - 2020'!E9 -> 24 | I4: ='10 - 2020'!F10-'10 - 2020'!F9 -> 5 | J4: ='10 - 2020'!G10-'10 - 2020'!G9 -> 27 | K4: 0.74 | L4: 27
A5: Dubai DIFC | B5: =B4+1 -> 4 | C5: 10 | D5: 2020 | E5: ='10 - 2020'!B11-'10 - 2020'!B10 -> 2975 | F5: ='10 - 2020'!C11-'10 - 2020'!C10 -> 5530 | G5: 0.118 | H5: ='10 - 2020'!E11-'10 - 2020'!E10 -> 21 | I5: ='10 - 2020'!F11-'10 - 2020'!F10 -> 4 | J5: ='10 - 2020'!G11-'10 - 2020'!G10 -> 27 | K5: 0.74 | L5: 23
A6: Dubai DIFC | B6: =B5+1 -> 5 | C6: 10 | D6: 2020 | E6: 0 | F6: 0 | G6: 0.118 | H6: 0 | I6: 0 | J6: 0 | K6: 0.74
A7: Dubai DIFC | B7: =B6+1 -> 6 | C7: 10 | D7: 2020 | E7: ='10 - 2020'!B13-'10 - 2020'!B12 -> 0 | F7: ='10 - 2020'!C13-'10 - 2020'!C12 -> 0 | G7: 0.118 | H7: ='10 - 2020'!E13-'10 - 2020'!E12 -> 0 | I7: ='10 - 2020'!F13-'10 - 2020'!F12 -> 0 | J7: ='10 - 2020'!G13-'10 - 2020'!G12 -> 0 | K7: 0.74
A8: Dubai DIFC | B8: =B7+1 -> 7 | C8: 10 | D8: 2020 | E8: ='10 - 2020'!B14-'10 - 2020'!B13 -> 0 | F8: ='10 - 2020'!C14-'10 - 2020'!C13 -> 0 | G8: 0.118 | H8: ='10 - 2020'!E14-'10 - 2020'!E13 -> 0 | I8: ='10 - 2020'!F14-'10 - 2020'!F13 -> 0 | J8: ='10 - 2020'!G14-'10 - 2020'!G13 -> 0 | K8: 0.74
A9: Dubai DIFC | B9: =B8+1 -> 8 | C9: 10 | D9: 2020 | E9: ='10 - 2020'!B15-'10 - 2020'!B14 -> 0 | F9: ='10 - 2020'!C15-'10 - 2020'!C14 -> 0 | G9: 0.118 | H9: ='10 - 2020'!E15-'10 - 2020'!E14 -> 0 | I9: ='10 - 2020'!F15-'10 - 2020'!F14 -> 0 | J9: ='10 - 2020'!G15-'10 - 2020'!G14 -> 0 | K9: 0.74
A10: Dubai DIFC | B10: =B9+1 -> 9 | C10: 10 | D10: 2020 | E10: ='10 - 2020'!B16-'10 - 2020'!B15 -> 0 | F10: ='10 - 2020'!C16-'10 - 2020'!C15 -> 0 | G10: 0.118 | H10: ='10 - 2020'!E16-'10 - 2020'!E15 -> 0 | I10: ='10 - 2020'!F16-'10 - 2020'!F15 -> 0 | J10: ='10 - 2020'!G16-'10 - 2020'!G15 -> 0 | K10: 0.74
A11: Dubai DIFC | B11: =B10+1 -> 10 | C11: 10 | D11: 2020 | E11: ='10 - 2020'!B17-'10 - 2020'!B16 -> 0 | F11: ='10 - 2020'!C17-'10 - 2020'!C16 -> 0 | G11: 0.118 | H11: ='10 - 2020'!E17-'10 - 2020'!E16 -> 0 | I11: ='10 - 2020'!F17-'10 - 2020'!F16 -> 0 | J11: ='10 - 2020'!G17-'10 - 2020'!G16 -> 0 | K11: 0.74
A12: Dubai DIFC | B12: =B11+1 -> 11 | C12: 10 | D12: 2020 | E12: ='10 - 2020'!B18-'10 - 2020'!B17 -> 0 | F12: ='10 - 2020'!C18-'10 - 2020'!C17 -> 0 | G12: 0.118 | H12: ='10 - 2020'!E18-'10 - 2020'!E17 -> 0 | I12: ='10 - 2020'!F18-'10 - 2020'!F17 -> 0 | J12: ='10 - 2020'!G18-'10 - 2020'!G17 -> 0 | K12: 0.74
A13: Dubai DIFC | B13: =B12+1 -> 12 | C13: 10 | D13: 2020 | E13: ='10 - 2020'!B19-'10 - 2020'!B18 -> 0 | F13: ='10 - 2020'!C19-'10 - 2020'!C18 -> 0 | G13: 0.118 | H13: ='10 - 2020'!E19-'10 - 2020'!E18 -> 0 | I13: ='10 - 2020'!F19-'10 - 2020'!F18 -> 0 | J13: ='10 - 2020'!G19-'10 - 2020'!G18 -> 0 | K13: 0.74
A14: Dubai DIFC | B14: =B13+1 -> 13 | C14: 10 | D14: 2020 | E14: ='10 - 2020'!B20-'10 - 2020'!B19 -> 0 | F14: ='10 - 2020'!C20-'10 - 2020'!C19 -> 0 | G14: 0.118 | H14: ='10 - 2020'!E20-'10 - 2020'!E19 -> 0 | I14: ='10 - 2020'!F20-'10 - 2020'!F19 -> 0 | J14: ='10 - 2020'!G20-'10 - 2020'!G19 -> 0 | K14: 0.74
A15: Dubai DIFC | B15: =B14+1 -> 14 | C15: 10 | D15: 2020 | E15: ='10 - 2020'!B21-'10 - 2020'!B20 -> 0 | F15: ='10 - 2020'!C21-'10 - 2020'!C20 -> 0 | G15: 0.118 | H15: ='10 - 2020'!E21-'10 - 2020'!E20 -> 0 | I15: ='10 - 2020'!F21-'10 - 2020'!F20 -> 0 | J15: ='10 - 2020'!G21-'10 - 2020'!G20 -> 0 | K15: 0.74
A16: Dubai DIFC | B16: =B15+1 -> 15 | C16: 10 | D16: 2020 | E16: ='10 - 2020'!B22-'10 - 2020'!B21 -> 0 | F16: ='10 - 2020'!C22-'10 - 2020'!C21 -> 0 | G16: 0.118 | H16: ='10 - 2020'!E22-'10 - 2020'!E21 -> 0 | I16: ='10 - 2020'!F22-'10 - 2020'!F21 -> 0 | J16: ='10 - 2020'!G22-'10 - 2020'!G21 -> 0 | K16: 0.74
A17: Dubai DIFC | B17: =B16+1 -> 16 | C17: 10 | D17: 2020 | E17: ='10 - 2020'!B23-'10 - 2020'!B22 -> 0 | F17: ='10 - 2020'!C23-'10 - 2020'!C22 -> 0 | G17: 0.118 | H17: ='10 - 2020'!E23-'10 - 2020'!E22 -> 0 | I17: ='10 - 2020'!F23-'10 - 2020'!F22 -> 0 | J17: ='10 - 2020'!G23-'10 - 2020'!G22 -> 0 | K17: 0.74
A18: Dubai DIFC | B18: =B17+1 -> 17 | C18: 10 | D18: 2020 | E18: ='10 - 2020'!B24-'10 - 2020'!B23 -> 0 | F18: ='10 - 2020'!C24-'10 - 2020'!C23 -> 0 | G18: 0.118 | H18: ='10 - 2020'!E24-'10 - 2020'!E23 -> 0 | I18: ='10 - 2020'!F24-'10 - 2020'!F23 -> 0 | J18: ='10 - 2020'!G24-'10 - 2020'!G23 -> 0 | K18: 0.74
... A30: Dubai DIFC | B30: =B29+1 -> 29 | C30: 10 | D30: 2020 | E30: ='10 - 2020'!B36-'10 - 2020'!B35 -> 0 | F30: ='10 - 2020'!C36-'10 - 2020'!C35 -> 0 | G30: 0.118 | H30: ='10 - 2020'!E36-'10 - 2020'!E35 -> 0 | I30: ='10 - 2020'!F36-'10 - 2020'!F35 -> 0 | J30: ='10 - 2020'!G36-'10 - 2020'!G35 -> 0 | K30: 0.74
A31: Dubai DIFC | B31: 30 | C31: 10 | D31: 2020 | E31: ='10 - 2020'!B37-'10 - 2020'!B36 -> 0 | F31: ='10 - 2020'!C37-'10 - 2020'!C36 -> 0 | G31: 0.118 | H31: ='10 - 2020'!E37-'10 - 2020'!E36 -> 0 | I31: ='10 - 2020'!F37-'10 - 2020'!F36 -> 0 | J31: ='10 - 2020'!G37-'10 - 2020'!G36 -> 0 | K31: 0.74
A32: Dubai DIFC | B32: 31 | C32: 10 | D32: 2020 | E32: ='10 - 2020'!B38-'10 - 2020'!B37 -> 0 | F32: ='10 - 2020'!C38-'10 - 2020'!C37 -> 0 | G32: 0.118 | H32: ='10 - 2020'!E38-'10 - 2020'!E37 -> 0 | I32: ='10 - 2020'!F38-'10 - 2020'!F37 -> 0 | J32: ='10 - 2020'!G38-'10 - 2020'!G37 -> 0 | K32: 0.74

Sheet 10 - 2020
A3: FOUR SEASONS HOTEL - DIFC
A4: HLP READING MONTH OF OCTOBER' 2020
B5: Electricity | D5: LPG (cu.m) | H5: Water (cu.m) | J5: BTU
A6: Date | B6: LV-01, 2025952759 | C6: LV-2, 2030235407 | D6: Main Meter % | E6: Main Kitchen | F6: Podium Kitchen | G6: Boiler | H6: B-3 Water Meter (DIFC) | I6: MainWater Meter (DEWA) | J6: Chilled Water (KWH) | K6: Gas Received (Litres) | L6: Remark
A7: 44104 | B7: 905004 | C7: 1440560 | D7: 0.44 | E7: 12353 | F7: 2447 | G7: 21739 | H7: 14528 | I7: 98896 | J7: 42086859
A8: 44105 | B8: 908010 | C8: 1445985 | D8: 0.38 | E8: 12370 | F8: 2451 | G8: 21768 | H8: 14528 | I8: 98957 | J8: 42112091
A9: 44106 | B9: 911071 | C9: 1451546 | D9: 0.31 | E9: 12391 | F9: 2456 | G9: 21797 | H9: 14528 | I9: 99024 | J9: 42135225
A10: 44107 | B10: 914326 | C10: 1456964 | D10: 0.25 | E10: 12415 | F10: 2461 | G10: 21824 | H10: 14528 | I10: 99089 | J10: 42161578
A11: 44108 | B11: 917301 | C11: 1462494 | D11: 0.85 | E11: 12436 | F11: 2465 | G11: 21851 | H11: 14528 | I11: 99151 | J11: 42192895 | K11: 4600
A12: 44109
A13: 44110
A14: 44111
A15: 44112
A16: 44113
A17: 44114
A18: 44115
A19: 44116
A20: 44117
A21: 44118
A22: 44119
A23: 44120
... A38: 44135
A39: Readings | B39: =B38-B7 -> -905004 | C39: =C38-C7 -> -1440560 | E39: =E38-E7 -> -12353 | F39: =F38-F7 -> -2447 | G39: =G38-G7 -> -21739 | H39: =H38-H7 -> -14528 | I39: =I38-I7 -> -98896 | J39: =J38-J7 -> -42086859 | K39: =SUM(K7:K38) -> 4600
H40: =H39*219.969 -> -3195709.6 | I40: =I39*219.969 -> -21754054
