Workbook

Sheet TOTAL
A1: Site Name | B1: Day | C1: Month | D1: Year | E1: Total Electricity Kwh | F1: Electricity Tariff ($/Kwh) | G1: LPG (Kg) | H1: LPG $/Kg | I1: District Energy Heating Kwh | J1: District Energy Heating $/Kwh | K1: Water Utility Supply (m3) m3 | L1: Water Utility Supply (m3) $/m3 | M1: Room Nights | N1: Total Guests | O1: Utilities day cost dh
A2: Marrakech | B2: 1 | C2: 10 | D2: 2020 | E2: ='Consommation du 01.10 au 31.10'!M10 -> 15566 | F2: 0.99 | G2: ='Consommation du 01.10 au 31.10'!U10 -> 222.6 | H2: 7.8338 | I2: ='Consommation du 01.10 au 31.10'!Y10*1000 -> 5800 | J2: 0.53 | K2: ='Consommation du 01.10 au 31.10'!D10 -> 240 | L2: 12.67 | M2: ='Consommation du 01.10 au 31.10'!AC10 -> 7 | N2: 7 | O2: =E2*F2+G2*H2+I2*J2+K2*L2 -> 23268.944
A3: Marrakech | B3: =B2+1 -> 2 | C3: 10 | D3: 2020 | E3: ='Consommation du 01.10 au 31.10'!M11 -> 14951 | F3: 0.99 | G3: ='Consommation du 01.10 au 31.10'!U11 -> 148.4 | H3: 7.8338 | I3: ='Consommation du 01.10 au 31.10'!Y11*1000 -> 5470 | J3: 0.53 | K3: ='Consommation du 01.10 au 31.10'!D11 -> 270 | L3: 12.67 | M3: ='Consommation du 01.10 au 31.10'!AC11 -> 24 | N3: 24 | O3: =E3*F3+G3*H3+I3*J3+K3*L3 -> 22284.026
A4: Marrakech | B4: =B3+1 -> 3 | C4: 10 | D4: 2020 | E4: ='Consommation du 01.10 au 31.10'!M12 -> 15034 | F4: 0.99 | G4: ='Consommation du 01.10 au 31.10'!U12 -> 371 | H4: 7.8338 | I4: ='Consommation du 01.10 au 31.10'!Y12*1000 -> 6090 | J4: 0.53 | K4: ='Consommation du 01.10 au 31.10'!D12 -> 380 | L4: 12.67 | M4: ='Consommation du 01.10 au 31.10'!AC12 -> 31 | N4: 31 | O4: =E4*F4+G4*H4+I4*J4+K4*L4 -> 25832.3
A5: Marrakech | B5: =B4+1 -> 4 | C5: 10 | D5: 2020 | E5: ='Consommation du 01.10 au 31.10'!M13 -> 14614 | F5: 0.99 | G5: ='Consommation du 01.10 au 31.10'!U13 -> 111.3 | H5: 7.8338 | I5: ='Consommation du 01.10 au 31.10'!Y13*1000 -> 7200 | J5: 0.53 | K5: ='Consommation du 01.10 au 31.10'!D13 -> 270 | L5: 12.67 | M5: ='Consommation du 01.10 au 31.10'!AC13 -> 9 | N5: 9 | O5: =E5*F5+G5*H5+I5*J5+K5*L5 -> 22576.662
A6: Marrakech | B6: =B5+1 -> 5 | C6: 10 | D6: 2020 | E6: ='Consommation du 01.10 au 31.10'!M14 -> 0 | F6: 0.99 | G6: ='Consommation du 01.10 au 31.10'!U14 -> 0 | H6: 7.8338 | I6: ='Consommation du 01.10 au 31.10'!Y14*1000 -> 0 | J6: 0.53 | K6: ='Consommation du 01.10 au 31.10'!D14 -> 0 | L6: 12.67 | M6: ='Consommation du 01.10 au 31.10'!AC14 -> 0 | N6: 0 | O6: =E6*F6+G6*H6+I6*J6+K6*L6 -> 0
A7: Marrakech | B7: =B6+1 -> 6 | C7: 10 | D7: 2020 | E7: ='Consommation du 01.10 au 31.10'!M15 -> 0 | F7: 0.99 | G7: ='Consommation du 01.10 au 31.10'!U15 -> 0 | H7: 7.8338 | I7: ='Consommation du 01.10 au 31.10'!Y15*1000 -> 0 | J7: 0.53 | K7: ='Consommation du 01.10 au 31.10'!D15 -> 0 | L7: 12.67 | M7: ='Consommation du 01.10 au 31.10'!AC15 -> 0 | N7: 0 | O7: =E7*F7+G7*H7+I7*J7+K7*L7 -> 0
A8: Marrakech | B8: =B7+1 -> 7 | C8: 10 | D8: 2020 | E8: ='Consommation du 01.10 au 31.10'!M16 -> 0 | F8: 0.99 | G8: ='Consommation du 01.10 au 31.10'!U16 -> 0 | H8: 7.8338 | I8: ='Consommation du 01.10 au 31.10'!Y16*1000 -> 0 | J8: 0.53 | K8: ='Consommation du 01.10 au 31.10'!D16 -> 0 | L8: 12.67 | M8: ='Consommation du 01.10 au 31.10'!AC16 -> 0 | N8: 0 | O8: =E8*F8+G8*H8+I8*J8+K8*L8 -> 0
A9: Marrakech | B9: =B8+1 -> 8 | C9: 10 | D9: 2020 | E9: ='Consommation du 01.10 au 31.10'!M17 -> 0 | F9: 0.99 | G9: ='Consommation du 01.10 au 31.10'!U17 -> 0 | H9: 7.8338 | I9: ='Consommation du 01.10 au 31.10'!Y17*1000 -> 0 | J9: 0.53 | K9: ='Consommation du 01.10 au 31.10'!D17 -> 0 | L9: 12.67 | M9: ='Consommation du 01.10 au 31.10'!AC17 -> 0 | N9: 0 | O9: =E9*F9+G9*H9+I9*J9+K9*L9 -> 0
A10: Marrakech | B10: =B9+1 -> 9 | C10: 10 | D10: 2020 | E10: ='Consommation du 01.10 au 31.10'!M18 -> 0 | F10: 0.99 | G10: ='Consommation du 01.10 au 31.10'!U18 -> 0 | H10: 7.8338 | I10: ='Consommation du 01.10 au 31.10'!Y18*1000 -> 0 | J10: 0.53 | K10: ='Consommation du 01.10 au 31.10'!D18 -> 0 | L10: 12.67 | M10: ='Consommation du 01.10 au 31.10'!AC18 -> 0 | N10: 0 | O10: =E10*F10+G10*H10+I10*J10+K10*L10 -> 0
A11: Marrakech | B11: =B10+1 -> 10 | C11: 10 | D11: 2020 | E11: ='Consommation du 01.10 au 31.10'!M19 -> 0 | F11: 0.99 | G11: ='Consommation du 01.10 au 31.10'!U19 -> 0 | H11: 7.8338 | I11: ='Consommation du 01.10 au 31.10'!Y19*1000 -> 0 | J11: 0.53 | K11: ='Consommation du 01.10 au 31.10'!D19 -> 0 | L11: 12.67 | M11: ='Consommation du 01.10 au 31.10'!AC19 -> 0 | N11: 0 | O11: =E11*F11+G11*H11+I11*J11+K11*L11 -> 0
A12: Marrakech | B12: =B11+1 -> 11 | C12: 10 | D12: 2020 | E12: ='Consommation du 01.10 au 31.10'!M20 -> 0 | F12: 0.99 | G12: ='Consommation du 01.10 au 31.10'!U20 -> 0 | H12: 7.8338 | I12: ='Consommation du 01.10 au 31.10'!Y20*1000 -> 0 | J12: 0.53 | K12: ='Consommation du 01.10 au 31.10'!D20 -> 0 | L12: 12.67 | M12: ='Consommation du 01.10 au 31.10'!AC20 -> 0 | N12: 0 | O12: =E12*F12+G12*H12+I12*J12+K12*L12 -> 0
A13: Marrakech | B13: =B12+1 -> 12 | C13: 10 | D13: 2020 | E13: ='Consommation du 01.10 au 31.10'!M21 -> 0 | F13: 0.99 | G13: ='Consommation du 01.10 au 31.10'!U21 -> 0 | H13: 7.8338 | I13: ='Consommation du 01.10 au 31.10'!Y21*1000 -> 0 | J13: 0.53 | K13: ='Consommation du 01.10 au 31.10'!D21 -> 0 | L13: 12.67 | M13: ='Consommation du 01.10 au 31.10'!AC21 -> 0 | N13: 0 | O13: =E13*F13+G13*H13+I13*J13+K13*L13 -> 0
A14: Marrakech | B14: =B13+1 -> 13 | C14: 10 | D14: 2020 | E14: ='Consommation du 01.10 au 31.10'!M22 -> 0 | F14: 0.99 | G14: ='Consommation du 01.10 au 31.10'!U22 -> 0 | H14: 7.8338 | I14: ='Consommation du 01.10 au 31.10'!Y22*1000 -> 0 | J14: 0.53 | K14: ='Consommation du 01.10 au 31.10'!D22 -> 0 | L14: 12.67 | M14: ='Consommation du 01.10 au 31.10'!AC22 -> 0 | N14: 0 | O14: =E14*F14+G14*H14+I14*J14+K14*L14 -> 0
... A32: Marrakech | B32: =B31+1 -> 31 | C32: 10 | D32: 2020 | E32: ='Consommation du 01.10 au 31.10'!M40 -> 0 | F32: 0.99 | G32: ='Consommation du 01.10 au 31.10'!U40 -> 0 | H32: 7.8338 | I32: ='Consommation du 01.10 au 31.10'!Y40*1000 -> 0 | J32: 0.53 | K32: ='Consommation du 01.10 au 31.10'!D40 -> 0 | L32: 12.67 | M32: ='Consommation du 01.10 au 31.10'!AC40 -> 0 | N32: 0 | O32: =E32*F32+G32*H32+I32*J32+K32*L32 -> 0
O33: =SUM(O2:O32) -> 93961.932

Sheet Consommation du 01.10 au 31.10
B8: Date | D8: Cons Eau/Hotel | F8: Consommation du jour en DH | M8: total | O8: Consommation du jour en DH | Q8: Cons Elec/Villa | S8: Cons Elec/RIAD | U8: GAZ en Kg | W8: Consommation du jour en DH | X8: Compteur AVEO Mwh | Y8: consommation eau choud en Mwh | Z8: consommation du jour en DH | AB8: Température moyenne du jour °C | AC8: Total Occupation | AD8: % Occupation | AE8: Température Piscine Adulte à 7h00 °C | AF8: Température Piscine Adulte à 15h00 °C | AG8: Température Piscine famille à 07h00 ° C | AH8: Température Piscine famille à 15h00 ° C
J9: creuse 81 | K9: pleine 82 | L9: pointe 83 | AJ9: Consommation totale du jour | AK9: Consommation/Chambre
B10: 44105 | D10: ='Suivi EAU-ELEC'!C15 -> 240 | F10: =D10*12.67 -> 3040.8 | J10: ='Suivi EAU-ELEC'!E15 -> 4933 | K10: ='Suivi EAU-ELEC'!G15 -> 6978 | L10: ='Suivi EAU-ELEC'!I15 -> 3655 | M10: =L10+K10+J10 -> 15566 | O10: =J10*0.99+K10*0.99+L10*0.99 -> 15410.34 | U10: ='Suivi Gaz'!O10 -> 222.6 | W10: =U10*7.8338 -> 1743.8039 | X10: 17028.67 | Y10: =IF(X11<X10,0,X11-X10) -> 5.8 | Z10: =Y10*0.53*1000 -> 3074 | AB10: 29 | AC10: 7 | AD10: 0.04 | AE10: ar | AF10: ar | AG10: ar | AH10: ar | AJ10: =(F10+O10+W10+Z10) -> 23268.944 | AK10: =AJ10/AC10 -> 3324.1348
B11: =(B10+1) -> 44106 | D11: ='Suivi EAU-ELEC'!C16 -> 270 | F11: =D11*12.67 -> 3420.9 | J11: ='Suivi EAU-ELEC'!E16 -> 4847 | K11: ='Suivi EAU-ELEC'!G16 -> 6618 | L11: ='Suivi EAU-ELEC'!I16 -> 3486 | M11: =L11+K11+J11 -> 14951 | O11: =J11*0.99+K11*0.99+L11*0.99 -> 14801.49 | U11: ='Suivi Gaz'!O11 -> 148.4 | W11: =U11*7.8338 -> 1162.5359 | X11: 17034.47 | Y11: =IF(X12<X11,0,X12-X11) -> 5.47 | Z11: =Y11*0.53*1000 -> 2899.1 | AB11: 30 | AC11: 24 | AD11: 0.16 | AE11: ar | AF11: ar | AG11: ar | AH11: ar | AJ11: =(F11+O11+W11+Z11) -> 22284.026 | AK11: =AJ11/AC11 -> 928.50108
B12: =(B11+1) -> 44107 | D12: ='Suivi EAU-ELEC'!C17 -> 380 | F12: =D12*12.67 -> 4814.6 | J12: ='Suivi EAU-ELEC'!E17 -> 4403 | K12: ='Suivi EAU-ELEC'!G17 -> 7118 | L12: ='Suivi EAU-ELEC'!I17 -> 3513 | M12: =L12+K12+J12 -> 15034 | O12: =J12*0.99+K12*0.99+L12*0.99 -> 14883.66 | U12: ='Suivi Gaz'!O12 -> 371 | W12: =U12*7.8338 -> 2906.3398 | X12: 17039.94 | Y12: =IF(X13<X12,0,X13-X12) -> 6.09 | Z12: =Y12*0.53*1000 -> 3227.7 | AB12: 28 | AC12: 31 | AD12: 0.22 | AE12: 25 | AF12: 25.5 | AG12: ar | AH12: ar | AJ12: =(F12+O12+W12+Z12) -> 25832.3 | AK12: =AJ12/AC12 -> 833.29999
B13: =(B12+1) -> 44108 | D13: ='Suivi EAU-ELEC'!C18 -> 270 | F13: =D13*12.67 -> 3420.9 | J13: ='Suivi EAU-ELEC'!E18 -> 4468 | K13: ='Suivi EAU-ELEC'!G18 -> 6768 | L13: ='Suivi EAU-ELEC'!I18 -> 3378 | M13: =L13+K13+J13 -> 14614 | O13: =J13*0.99+K13*0.99+L13*0.99 -> 14467.86 | U13: ='Suivi Gaz'!O13 -> 111.3 | W13: =U13*7.8338 -> 871.90194 | X13: 17046.03 | Y13: =IF(X14<X13,0,X14-X13) -> 7.2 | Z13: =Y13*0.53*1000 -> 3816 | AB13: 28 | AC13: 9 | AD13: 0.06 | AE13: 24.5 | AF13: 25 | AG13: ar | AH13: ar | AJ13: =(F13+O13+W13+Z13) -> 22576.662 | AK13: =AJ13/AC13 -> 2508.518
B14: =(B13+1) -> 44109 | D14: ='Suivi EAU-ELEC'!C19 -> 0 | F14: =D14*12.67 -> 0 | J14: ='Suivi EAU-ELEC'!E19 -> 0 | K14: ='Suivi EAU-ELEC'!G19 -> 0 | L14: ='Suivi EAU-ELEC'!I19 -> 0 | M14: =L14+K14+J14 -> 0 | O14: =J14*0.99+K14*0.99+L14*0.99 -> 0 | U14: ='Suivi Gaz'!O14 -> 0 | W14: =U14*7.8338 -> 0 | X14: 17053.23 | Y14: =IF(X15<X14,0,X15-X14) -> 0 | Z14: =Y14*0.53*1000 -> 0 | AJ14: =(F14+O14+W14+Z14) -> 0 | AK14: =AJ14/AC14 -> #DIV/0!
B15: =(B14+1) -> 44110 | D15: ='Suivi EAU-ELEC'!C20 -> 0 | F15: =D15*12.67 -> 0 | J15: ='Suivi EAU-ELEC'!E20 -> 0 | K15: ='Suivi EAU-ELEC'!G20 -> 0 | L15: ='Suivi EAU-ELEC'!I20 -> 0 | M15: =L15+K15+J15 -> 0 | O15: =J15*0.99+K15*0.99+L15*0.99 -> 0 | U15: ='Suivi Gaz'!O15 -> 0 | W15: =U15*7.8338 -> 0 | Y15: =IF(X16<X15,0,X16-X15) -> 0 | Z15: =Y15*0.53*1000 -> 0 | AJ15: =(F15+O15+W15+Z15) -> 0 | AK15: =AJ15/AC15 -> #DIV/0!
B16: =(B15+1) -> 44111 | D16: ='Suivi EAU-ELEC'!C21 -> 0 | F16: =D16*12.67 -> 0 | J16: ='Suivi EAU-ELEC'!E21 -> 0 | K16: ='Suivi EAU-ELEC'!G21 -> 0 | L16: ='Suivi EAU-ELEC'!I21 -> 0 | M16: =L16+K16+J16 -> 0 | O16: =J16*0.99+K16*0.99+L16*0.99 -> 0 | U16: ='Suivi Gaz'!O16 -> 0 | W16: =U16*7.8338 -> 0 | Y16: =IF(X17<X16,0,X17-X16) -> 0 | Z16: =Y16*0.53*1000 -> 0 | AJ16: =(F16+O16+W16+Z16) -> 0 | AK16: =AJ16/AC16 -> #DIV/0!
B17: =(B16+1) -> 44112 | D17: ='Suivi EAU-ELEC'!C22 -> 0 | F17: =D17*12.67 -> 0 | J17: ='Suivi EAU-ELEC'!E22 -> 0 | K17: ='Suivi EAU-ELEC'!G22 -> 0 | L17: ='Suivi EAU-ELEC'!I22 -> 0 | M17: =L17+K17+J17 -> 0 | O17: =J17*0.99+K17*0.99+L17*0.99 -> 0 | U17: ='Suivi Gaz'!O17 -> 0 | W17: =U17*7.8338 -> 0 | Y17: =IF(X18<X17,0,X18-X17) -> 0 | Z17: =Y17*0.53*1000 -> 0 | AJ17: =(F17+O17+W17+Z17) -> 0 | AK17: =AJ17/AC17 -> #DIV/0!
B18: =(B17+1) -> 44113 | D18: ='Suivi EAU-ELEC'!C23 -> 0 | F18: =D18*12.67 -> 0 | J18: ='Suivi EAU-ELEC'!E23 -> 0 | K18: ='Suivi EAU-ELEC'!G23 -> 0 | L18: ='Suivi EAU-ELEC'!I23 -> 0 | M18: =L18+K18+J18 -> 0 | O18: =J18*0.99+K18*0.99+L18*0.99 -> 0 | U18: ='Suivi Gaz'!O18 -> 0 | W18: =U18*7.8338 -> 0 | Y18: =IF(X19<X18,0,X19-X18) -> 0 | Z18: =Y18*0.53*1000 -> 0 | AJ18: =(F18+O18+W18+Z18) -> 0 | AK18: =AJ18/AC18 -> #DIV/0!
B19: =(B18+1) -> 44114 | D19: ='Suivi EAU-ELEC'!C24 -> 0 | F19: =D19*12.67 -> 0 | J19: ='Suivi EAU-ELEC'!E24 -> 0 | K19: ='Suivi EAU-ELEC'!G24 -> 0 | L19: ='Suivi EAU-ELEC'!I24 -> 0 | M19: =L19+K19+J19 -> 0 | O19: =J19*0.99+K19*0.99+L19*0.99 -> 0 | U19: ='Suivi Gaz'!O19 -> 0 | W19: =U19*7.8338 -> 0 | Y19: =IF(X20<X19,0,X20-X19) -> 0 | Z19: =Y19*0.53*1000 -> 0 | AJ19: =(F19+O19+W19+Z19) -> 0 | AK19: =AJ19/AC19 -> #DIV/0!
B20: =(B19+1) -> 44115 | D20: ='Suivi EAU-ELEC'!C25 -> 0 | F20: =D20*12.67 -> 0 | J20: ='Suivi EAU-ELEC'!E25 -> 0 | K20: ='Suivi EAU-ELEC'!G25 -> 0 | L20: ='Suivi EAU-ELEC'!I25 -> 0 | M20: =L20+K20+J20 -> 0 | O20: =J20*0.99+K20*0.99+L20*0.99 -> 0 | U20: ='Suivi Gaz'!O20 -> 0 | W20: =U20*7.8338 -> 0 | Y20: =IF(X21<X20,0,X21-X20) -> 0 | Z20: =Y20*0.53*1000 -> 0 | AA20: 14 | AJ20: =(F20+O20+W20+Z20) -> 0 | AK20: =AJ20/AC20 -> #DIV/0!
B21: =(B20+1) -> 44116 | D21: ='Suivi EAU-ELEC'!C26 -> 0 | F21: =D21*12.67 -> 0 | J21: ='Suivi EAU-ELEC'!E26 -> 0 | K21: ='Suivi EAU-ELEC'!G26 -> 0 | L21: ='Suivi EAU-ELEC'!I26 -> 0 | M21: =L21+K21+J21 -> 0 | O21: =J21*0.99+K21*0.99+L21*0.99 -> 0 | U21: ='Suivi Gaz'!O21 -> 0 | W21: =U21*7.8338 -> 0 | Y21: =IF(X22<X21,0,X22-X21) -> 0 | Z21: =Y21*0.53*1000 -> 0 | AA21: 14 | AJ21: =(F21+O21+W21+Z21) -> 0 | AK21: =AJ21/AC21 -> #DIV/0!
B22: =(B21+1) -> 44117 | D22: ='Suivi EAU-ELEC'!C27 -> 0 | F22: =D22*12.67 -> 0 | J22: ='Suivi EAU-ELEC'!E27 -> 0 | K22: ='Suivi EAU-ELEC'!G27 -> 0 | L22: ='Suivi EAU-ELEC'!I27 -> 0 | M22: =L22+K22+J22 -> 0 | O22: =J22*0.99+K22*0.99+L22*0.99 -> 0 | U22: ='Suivi Gaz'!O22 -> 0 | W22: =U22*7.8338 -> 0 | Y22: =IF(X23<X22,0,X23-X22) -> 0 | Z22: =Y22*0.53*1000 -> 0 | AJ22: =(F22+O22+W22+Z22) -> 0 | AK22: =AJ22/AC22 -> #DIV/0!
B23: =(B22+1) -> 44118 | D23: ='Suivi EAU-ELEC'!C28 -> 0 | F23: =D23*12.67 -> 0 | J23: ='Suivi EAU-ELEC'!E28 -> 0 | K23: ='Suivi EAU-ELEC'!G28 -> 0 | L23: ='Suivi EAU-ELEC'!I28 -> 0 | M23: =L23+K23+J23 -> 0 | O23: =J23*0.99+K23*0.99+L23*0.99 -> 0 | U23: ='Suivi Gaz'!O23 -> 0 | W23: =U23*7.8338 -> 0 | Y23: =IF(X24<X23,0,X24-X23) -> 0 | Z23: =Y23*0.53*1000 -> 0 | AJ23: =(F23+O23+W23+Z23) -> 0 | AK23: =AJ23/AC23 -> #DIV/0!
B24: =(B23+1) -> 44119 | D24: ='Suivi EAU-ELEC'!C29 -> 0 | F24: =D24*12.67 -> 0 | J24: ='Suivi EAU-ELEC'!E29 -> 0 | K24: ='Suivi EAU-ELEC'!G29 -> 0 | L24: ='Suivi EAU-ELEC'!I29 -> 0 | M24: =L24+K24+J24 -> 0 | O24: =J24*0.99+K24*0.99+L24*0.99 -> 0 | U24: ='Suivi Gaz'!O24 -> 0 | W24: =U24*7.8338 -> 0 | Y24: =IF(X25<X24,0,X25-X24) -> 0 | Z24: =Y24*0.53*1000 -> 0 | AJ24: =(F24+O24+W24+Z24) -> 0 | AK24: =AJ24/AC24 -> #DIV/0!
B25: =(B24+1) -> 44120 | D25: ='Suivi EAU-ELEC'!C30 -> 0 | F25: =D25*12.67 -> 0 | J25: ='Suivi EAU-ELEC'!E30 -> 0 | K25: ='Suivi EAU-ELEC'!G30 -> 0 | L25: ='Suivi EAU-ELEC'!I30 -> 0 | M25: =L25+K25+J25 -> 0 | O25: =J25*0.99+K25*0.99+L25*0.99 -> 0 | U25: ='Suivi Gaz'!O25 -> 0 | W25: =U25*7.8338 -> 0 | Y25: =IF(X26<X25,0,X26-X25) -> 0 | Z25: =Y25*0.53*1000 -> 0 | AJ25: =(F25+O25+W25+Z25) -> 0 | AK25: =AJ25/AC25 -> #DIV/0!
B26: =(B25+1) -> 44121 | D26: ='Suivi EAU-ELEC'!C31 -> 0 | F26: =D26*12.67 -> 0 | J26: ='Suivi EAU-ELEC'!E31 -> 0 | K26: ='Suivi EAU-ELEC'!G31 -> 0 | L26: ='Suivi EAU-ELEC'!I31 -> 0 | M26: =L26+K26+J26 -> 0 | O26: =J26*0.99+K26*0.99+L26*0.99 -> 0 | U26: ='Suivi Gaz'!O26 -> 0 | W26: =U26*7.8338 -> 0 | Y26: =IF(X27<X26,0,X27-X26) -> 0 | Z26: =Y26*0.53*1000 -> 0 | AJ26: =(F26+O26+W26+Z26) -> 0 | AK26: =AJ26/AC26 -> #DIV/0!
B27: =(B26+1) -> 44122 | D27: ='Suivi EAU-ELEC'!C32 -> 0 | F27: =D27*12.67 -> 0 | J27: ='Suivi EAU-ELEC'!E32 -> 0 | K27: ='Suivi EAU-ELEC'!G32 -> 0 | L27: ='Suivi EAU-ELEC'!I32 -> 0 | M27: =L27+K27+J27 -> 0 | O27: =J27*0.99+K27*0.99+L27*0.99 -> 0 | U27: ='Suivi Gaz'!O27 -> 0 | W27: =U27*7.8338 -> 0 | Y27: =IF(X28<X27,0,X28-X27) -> 0 | Z27: =Y27*0.53*1000 -> 0 | AJ27: =(F27+O27+W27+Z27) -> 0 | AK27: =AJ27/AC27 -> #DIV/0!
B28: =(B27+1) -> 44123 | D28: ='Suivi EAU-ELEC'!C33 -> 0 | F28: =D28*12.67 -> 0 | J28: ='Suivi EAU-ELEC'!E33 -> 0 | K28: ='Suivi EAU-ELEC'!G33 -> 0 | L28: ='Suivi EAU-ELEC'!I33 -> 0 | M28: =L28+K28+J28 -> 0 | O28: =J28*0.99+K28*0.99+L28*0.99 -> 0 | U28: ='Suivi Gaz'!O28 -> 0 | W28: =U28*7.8338 -> 0 | Y28: =IF(X29<X28,0,X29-X28) -> 0 | Z28: =Y28*0.53*1000 -> 0 | AJ28: =(F28+O28+W28+Z28) -> 0 | AK28: =AJ28/AC28 -> #DIV/0!
B29: =(B28+1) -> 44124 | D29: ='Suivi EAU-ELEC'!C34 -> 0 | F29: =D29*12.67 -> 0 | J29: ='Suivi EAU-ELEC'!E34 -> 0 | K29: ='Suivi EAU-ELEC'!G34 -> 0 | L29: ='Suivi EAU-ELEC'!I34 -> 0 | M29: =L29+K29+J29 -> 0 | O29: =J29*0.99+K29*0.99+L29*0.99 -> 0 | U29: ='Suivi Gaz'!O29 -> 0 | W29: =U29*7.8338 -> 0 | Y29: =IF(X30<X29,0,X30-X29) -> 0 | Z29: =Y29*0.53*1000 -> 0 | AJ29: =(F29+O29+W29+Z29) -> 0 | AK29: =AJ29/AC29 -> #DIV/0!
B30: =(B29+1) -> 44125 | D30: ='Suivi EAU-ELEC'!C35 -> 0 | F30: =D30*12.67 -> 0 | J30: ='Suivi EAU-ELEC'!E35 -> 0 | K30: ='Suivi EAU-ELEC'!G35 -> 0 | L30: ='Suivi EAU-ELEC'!I35 -> 0 | M30: =L30+K30+J30 -> 0 | O30: =J30*0.99+K30*0.99+L30*0.99 -> 0 | U30: ='Suivi Gaz'!O30 -> 0 | W30: =U30*7.8338 -> 0 | Y30: =IF(X31<X30,0,X31-X30) -> 0 | Z30: =Y30*0.53*1000 -> 0 | AJ30: =(F30+O30+W30+Z30) -> 0 | AK30: =AJ30/AC30 -> #DIV/0!
B31: =(B30+1) -> 44126 | D31: ='Suivi EAU-ELEC'!C36 -> 0 | F31: =D31*12.67 -> 0 | J31: ='Suivi EAU-ELEC'!E36 -> 0 | K31: ='Suivi EAU-ELEC'!G36 -> 0 | L31: ='Suivi EAU-ELEC'!I36 -> 0 | M31: =L31+K31+J31 -> 0 | O31: =J31*0.99+K31*0.99+L31*0.99 -> 0 | U31: ='Suivi Gaz'!O31 -> 0 | W31: =U31*7.8338 -> 0 | Y31: =IF(X33<X31,0,X33-X31) -> 0 | Z31: =Y31*0.53*1000 -> 0 | AJ31: =(F31+O31+W31+Z31) -> 0 | AK31: =AJ31/AC31 -> #DIV/0!
B32: =(B31+1) -> 44127 | D32: ='Suivi EAU-ELEC'!C37 -> 0 | F32: =D32*12.67 -> 0 | J32: ='Suivi EAU-ELEC'!E37 -> 0 | K32: ='Suivi EAU-ELEC'!G37 -> 0 | L32: ='Suivi EAU-ELEC'!I37 -> 0 | M32: =L32+K32+J32 -> 0 | O32: =J32*0.99+K32*0.99+L32*0.99 -> 0 | U32: ='Suivi Gaz'!O32 -> 0 | W32: =U32*7.8338 -> 0 | Y32: =IF(X34<X32,0,X34-X32) -> 0 | Z32: =Y32*0.53*1000 -> 0 | AJ32: =(F32+O32+W32+Z32) -> 0 | AK32: =AJ32/AC32 -> #DIV/0!
B33: =(B32+1) -> 44128 | D33: ='Suivi EAU-ELEC'!C38 -> 0 | F33: =D33*12.67 -> 0 | J33: ='Suivi EAU-ELEC'!E38 -> 0 | K33: ='Suivi EAU-ELEC'!G38 -> 0 | L33: ='Suivi EAU-ELEC'!I38 -> 0 | M33: =L33+K33+J33 -> 0 | O33: =J33*0.99+K33*0.99+L33*0.99 -> 0 | U33: ='Suivi Gaz'!O33 -> 0 | W33: =U33*7.8338 -> 0 | Y33: =IF(X35<X33,0,X35-X33) -> 0 | Z33: =Y33*0.53*1000 -> 0 | AJ33: =(F33+O33+W33+Z33) -> 0 | AK33: =AJ33/AC33 -> #DIV/0!
B34: =(B33+1) -> 44129 | D34: ='Suivi EAU-ELEC'!C39 -> 0 | F34: =D34*12.67 -> 0 | J34: ='Suivi EAU-ELEC'!E39 -> 0 | K34: ='Suivi EAU-ELEC'!G39 -> 0 | L34: ='Suivi EAU-ELEC'!I39 -> 0 | M34: =L34+K34+J34 -> 0 | O34: =J34*0.99+K34*0.99+L34*0.99 -> 0 | U34: ='Suivi Gaz'!O34 -> 0 | W34: =U34*7.8338 -> 0 | Y34: =IF(X35<X34,0,X35-X34) -> 0 | Z34: =Y34*0.53*1000 -> 0 | AJ34: =(F34+O34+W34+Z34) -> 0 | AK34: =AJ34/AC34 -> #DIV/0!
B35: =(B34+1) -> 44130 | D35: ='Suivi EAU-ELEC'!C40 -> 0 | F35: =D35*12.67 -> 0 | J35: ='Suivi EAU-ELEC'!E40 -> 0 | K35: ='Suivi EAU-ELEC'!G40 -> 0 | L35: ='Suivi EAU-ELEC'!I40 -> 0 | M35: =L35+K35+J35 -> 0 | O35: =J35*0.99+K35*0.99+L35*0.99 -> 0 | U35: ='Suivi Gaz'!O35 -> 0 | W35: =U35*7.8338 -> 0 | Y35: =IF(X36<X35,0,X36-X35) -> 0 | Z35: =Y35*0.53*1000 -> 0 | AJ35: =(F35+O35+W35+Z35) -> 0 | AK35: =AJ35/AC35 -> #DIV/0!
B36: =(B35+1) -> 44131 | D36: ='Suivi EAU-ELEC'!C41 -> 0 | F36: =D36*12.67 -> 0 | J36: ='Suivi EAU-ELEC'!E41 -> 0 | K36: ='Suivi EAU-ELEC'!G41 -> 0 | L36: ='Suivi EAU-ELEC'!I41 -> 0 | M36: =L36+K36+J36 -> 0 | O36: =J36*0.99+K36*0.99+L36*0.99 -> 0 | U36: ='Suivi Gaz'!O36 -> 0 | W36: =U36*7.8338 -> 0 | Y36: =IF(X37<X36,0,X37-X36) -> 0 | Z36: =Y36*0.53*1000 -> 0 | AJ36: =(F36+O36+W36+Z36) -> 0 | AK36: =AJ36/AC36 -> #DIV/0!
B37: =(B36+1) -> 44132 | D37: ='Suivi EAU-ELEC'!C42 -> 0 | F37: =D37*12.67 -> 0 | J37: ='Suivi EAU-ELEC'!E42 -> 0 | K37: ='Suivi EAU-ELEC'!G42 -> 0 | L37: ='Suivi EAU-ELEC'!I42 -> 0 | M37: =L37+K37+J37 -> 0 | O37: =J37*0.99+K37*0.99+L37*0.99 -> 0 | U37: ='Suivi Gaz'!O37 -> 0 | W37: =U37*7.8338 -> 0 | Y37: =IF(X38<X37,0,X38-X37) -> 0 | Z37: =Y37*0.53*1000 -> 0 | AJ37: =(F37+O37+W37+Z37) -> 0 | AK37: =AJ37/AC37 -> #DIV/0!
B38: =(B37+1) -> 44133 | D38: ='Suivi EAU-ELEC'!C43 -> 0 | F38: =D38*12.67 -> 0 | J38: ='Suivi EAU-ELEC'!E43 -> 0 | K38: ='Suivi EAU-ELEC'!G43 -> 0 | L38: ='Suivi EAU-ELEC'!I43 -> 0 | M38: =L38+K38+J38 -> 0 | O38: =J38*0.99+K38*0.99+L38*0.99 -> 0 | U38: ='Suivi Gaz'!O38 -> 0 | W38: =U38*7.8338 -> 0 | Y38: =IF(X39<X38,0,X39-X38) -> 0 | Z38: =Y38*0.53*1000 -> 0 | AJ38: =(F38+O38+W38+Z38) -> 0 | AK38: =AJ38/AC38 -> #DIV/0!
B39: =(B38+1) -> 44134 | D39: ='Suivi EAU-ELEC'!C44 -> 0 | F39: =D39*12.67 -> 0 | J39: ='Suivi EAU-ELEC'!E44 -> 0 | K39: ='Suivi EAU-ELEC'!G44 -> 0 | L39: ='Suivi EAU-ELEC'!I44 -> 0 | M39: =L39+K39+J39 -> 0 | O39: =J39*0.99+K39*0.99+L39*0.99 -> 0 | U39: ='Suivi Gaz'!O39 -> 0 | W39: =U39*7.8338 -> 0 | Y39: =IF(X40<X39,0,X40-X39) -> 0 | Z39: =Y39*0.53*1000 -> 0 | AJ39: =(F39+O39+W39+Z39) -> 0 | AK39: =AJ39/AC39 -> #DIV/0!
B40: =(B39+1) -> 44135 | D40: ='Suivi EAU-ELEC'!C45 -> 0 | F40: =D40*12.67 -> 0 | J40: ='Suivi EAU-ELEC'!E45 -> 0 | K40: ='Suivi EAU-ELEC'!G45 -> 0 | L40: ='Suivi EAU-ELEC'!I45 -> 0 | M40: =L40+K40+J40 -> 0 | O40: =J40*0.99+K40*0.99+L40*0.99 -> 0 | U40: ='Suivi Gaz'!O40 -> 0 | W40: =U40*7.8338 -> 0 | Y40: =IF(X41<X40,0,X41-X40) -> 0 | Z40: =Y40*0.53*1000 -> 0 | AJ40: =(F40+O40+W40+Z40) -> 0 | AK40: =AJ40/AC40 -> #DIV/0!
D41: ='Suivi EAU-ELEC'!C46 -> 0 | F41: =SUM(F10:H40) -> 14697.2 | J41: =SUM(J10:J40) -> 18651 | K41: =SUM(K10:K40) -> 27482 | L41: =SUM(L10:L40) -> 14032 | M41: =SUM(M10:M40) -> 60165 | O41: =SUM(O10:O40) -> 59563.35 | Q41: =SUM(Q10:Q40) -> 0 | S41: =SUM(S10:S40) -> 0 | U41: =SUM(U10:U40) -> 853.3 | W41: =SUM(W10:W40) -> 6684.5815 | Y41: =SUM(Y10:Y40) -> 24.56 | Z41: =SUM(Z10:Z40) -> 13016.8 | AJ41: =SUM(AJ10:AJ38) -> 93961.932 | AK41: =SUM(AK10:AK38) -> #DIV/0!
A43: ELECTRICITE / Kw/h | D43: creuse 81 | F43: 0.64895 | G43: =J41 -> 18651 | J43: =G43*F43 -> 12103.566 | L43: =J43+J44+J45 -> 53879.491
D44: pleine 82 | F44: 0.88605 | G44: =K41 -> 27482 | J44: =G44*F44 -> 24350.426
D45: pointe 83 | F45: 1.24184 | G45: =L41 -> 14032 | J45: =G45*F45 -> 17425.499
A46: EAU HOTEL M3 | F46: 12.67 | G46: =D41 -> 0 | J46: =G46*F46 -> 0 | L46: =J46 -> 0
A47: GAZ Kg | F47: 7.8338 | G47: =U41 -> 853.3 | J47: =G47*F47 -> 6684.5815 | L47: =J47 -> 6684.5815

Sheet Suivi Gaz
D1: suivi Gaz
Q2: 803 | T2: 519 | W2: 800 | Z2: 802
B3: Relvé C1 | C3: cons C1 | D3: Relvé C2 | E3: cons C2 | F3: Relvé C3 | G3: cons C3 | H3: Relvé C4 | I3: cons C4 | J3: ∑ des relevés | K3: moyen general % | L3: con.j | M3: ∑ de volume en L | N3: cons./jen L | O3: cons./jen Kg | P3: cons./jen DH | Q3: livraison C1 | R3: %Avant | S3: % Après | T3: livraison C2 | U3: %Avant | V3: % Après | W3: livraison C3 | X3: %Avant | Y3: % Après | Z3: livraison C4 | AA3: %Avant | AB3: % Après | AC3: total livraison | AD3: moyen general % Avant L | AE3: moyen general % Aaprés L
A4: 44099 | B4: 50 | C4: =IF(AC4>0,((B4-R4)+(S4-B5)),IF(B5=0, ,(B4-B5))) -> 0 | D4: 50 | E4: =IF(AC4>0,((D4-U4)+(V4-D5)),IF(D5=0, ,(D4-D5))) -> 5 | F4: 48 | G4: =IF(AC4>0,((F4-X4)+(Y4-F5)),IF(F5=0, ,(F4-F5))) -> 2 | H4: 54 | I4: =IF(AC4>0,((H4-AA4)+(AB4-H5)),IF(H5=0, ,(H4-H5))) -> 9 | J4: =B4+D4+F4+H4 -> 202 | K4: =J4/4 -> 50.5 | L4: =IF(AC4>0,((K4-AD4)+(AE4-K5)),IF(K5=0, ,(K4-K5))) -> 4 | M4: =7000*4 -> 28000 | N4: =L4*M4/100 -> 1120 | O4: =N4*0.53 -> 593.6 | P4: =O4*7.8338 -> 4650.1437 | AC4: =Q4+T4+W4+Z4 -> 0 | AD4: =(R4+U4+X4+AA4)/4 -> 0 | AE4: =(S4+V4+Y4+AB4)/4 -> 0
A5: =(A4+1) -> 44100 | B5: 50 | C5: =IF(AC5>0,((B5-R5)+(S5-B6)),IF(B6=0, ,(B5-B6))) -> 2 | D5: 45 | E5: =IF(AC5>0,((D5-U5)+(V5-D6)),IF(D6=0, ,(D5-D6))) -> 1 | F5: 46 | G5: =IF(AC5>0,((F5-X5)+(Y5-F6)),IF(F6=0, ,(F5-F6))) -> 4 | H5: 45 | I5: =IF(AC5>0,((H5-AA5)+(AB5-H6)),IF(H6=0, ,(H5-H6))) -> 3 | J5: =B5+D5+F5+H5 -> 186 | K5: =J5/4 -> 46.5 | L5: =IF(AC5>0,((K5-AD5)+(AE5-K6)),IF(K6=0, ,(K5-K6))) -> 2.5 | M5: =7000*4 -> 28000 | N5: =L5*M5/100 -> 700 | O5: =N5*0.53 -> 371 | P5: =O5*7.8338 -> 2906.3398 | AC5: =Q5+T5+W5+Z5 -> 0 | AD5: =(R5+U5+X5+AA5)/4 -> 0 | AE5: =(S5+V5+Y5+AB5)/4 -> 0
A6: =(A5+1) -> 44101 | B6: 48 | C6: =IF(AC6>0,((B6-R6)+(S6-B7)),IF(B7=0, ,(B6-B7))) -> 4 | D6: 44 | E6: =IF(AC6>0,((D6-U6)+(V6-D7)),IF(D7=0, ,(D6-D7))) -> 2 | F6: 42 | G6: =IF(AC6>0,((F6-X6)+(Y6-F7)),IF(F7=0, ,(F6-F7))) -> 2 | H6: 42 | I6: =IF(AC6>0,((H6-AA6)+(AB6-H7)),IF(H7=0, ,(H6-H7))) -> 2 | J6: =B6+D6+F6+H6 -> 176 | K6: =J6/4 -> 44 | L6: =IF(AC6>0,((K6-AD6)+(AE6-K7)),IF(K7=0, ,(K6-K7))) -> 2.5 | M6: =7000*4 -> 28000 | N6: =L6*M6/100 -> 700 | O6: =N6*0.53 -> 371 | P6: =O6*7.8338 -> 2906.3398 | AC6: =Q6+T6+W6+Z6 -> 0 | AD6: =(R6+U6+X6+AA6)/4 -> 0 | AE6: =(S6+V6+Y6+AB6)/4 -> 0
A7: =(A6+1) -> 44102 | B7: 44 | C7: =IF(AC7>0,((B7-R7)+(S7-B8)),IF(B8=0, ,(B7-B8))) -> 4 | D7: 42 | E7: =IF(AC7>0,((D7-U7)+(V7-D8)),IF(D8=0, ,(D7-D8))) -> 6 | F7: 40 | G7: =IF(AC7>0,((F7-X7)+(Y7-F8)),IF(F8=0, ,(F7-F8))) -> 5 | H7: 40 | I7: =IF(AC7>0,((H7-AA7)+(AB7-H8)),IF(H8=0, ,(H7-H8))) -> 4 | J7: =B7+D7+F7+H7 -> 166 | K7: =J7/4 -> 41.5 | L7: =IF(AC7>0,((K7-AD7)+(AE7-K8)),IF(K8=0, ,(K7-K8))) -> 4.75 | M7: =7000*4 -> 28000 | N7: =L7*M7/100 -> 1330 | O7: =N7*0.53 -> 704.9 | P7: =O7*7.8338 -> 5522.0456 | AC7: =Q7+T7+W7+Z7 -> 0 | AD7: =(R7+U7+X7+AA7)/4 -> 0 | AE7: =(S7+V7+Y7+AB7)/4 -> 0
A8: =(A7+1) -> 44103 | B8: 40 | C8: =IF(AC8>0,((B8-R8)+(S8-B9)),IF(B9=0, ,(B8-B9))) -> 6 | D8: 36 | E8: =IF(AC8>0,((D8-U8)+(V8-D9)),IF(D9=0, ,(D8-D9))) -> -4 | F8: 35 | G8: =IF(AC8>0,((F8-X8)+(Y8-F9)),IF(F9=0, ,(F8-F9))) -> 1 | H8: 36 | I8: =IF(AC8>0,((H8-AA8)+(AB8-H9)),IF(H9=0, ,(H8-H9))) -> 1 | J8: =B8+D8+F8+H8 -> 147 | K8: =J8/4 -> 36.75 | L8: =IF(AC8>0,((K8-AD8)+(AE8-K9)),IF(K9=0, ,(K8-K9))) -> 1 | M8: =7000*4 -> 28000 | N8: =L8*M8/100 -> 280 | O8: =N8*0.53 -> 148.4 | P8: =O8*7.8338 -> 1162.5359 | Q8: 2862 | R8: 36 | S8: 76 | T8: 2618 | U8: 40 | V8: 72 | W8: 2614 | X8: 35 | Y8: 68 | Z8: 2598 | AA8: 36 | AB8: 69 | AC8: =Q8+T8+W8+Z8 -> 10692 | AD8: =(R8+U8+X8+AA8)/4 -> 36.75 | AE8: =(S8+V8+Y8+AB8)/4 -> 71.25
A9: =(A8+1) -> 44104 | B9: 74 | C9: =IF(AC9>0,((B9-R9)+(S9-B10)),IF(B10=0, ,(B9-B10))) -> 7 | D9: 72 | E9: =IF(AC9>0,((D9-U9)+(V9-D10)),IF(D10=0, ,(D9-D10))) -> 4 | F9: 67 | G9: =IF(AC9>0,((F9-X9)+(Y9-F10)),IF(F10=0, ,(F9-F10))) -> 3 | H9: 68 | I9: =IF(AC9>0,((H9-AA9)+(AB9-H10)),IF(H10=0, ,(H9-H10))) -> 1 | J9: =B9+D9+F9+H9 -> 281 | K9: =J9/4 -> 70.25 | L9: =IF(AC9>0,((K9-AD9)+(AE9-K10)),IF(K10=0, ,(K9-K10))) -> 3.75 | M9: =7000*4 -> 28000 | N9: =L9*M9/100 -> 1050 | O9: =N9*0.53 -> 556.5 | P9: =O9*7.8338 -> 4359.5097 | AC9: =Q9+T9+W9+Z9 -> 0 | AD9: =(R9+U9+X9+AA9)/4 -> 0 | AE9: =(S9+V9+Y9+AB9)/4 -> 0
A10: =(A9+1) -> 44105 | B10: 67 | C10: =IF(AC10>0,((B10-R10)+(S10-B11)),IF(B11=0, ,(B10-B11))) -> 2 | D10: 68 | E10: =IF(AC10>0,((D10-U10)+(V10-D11)),IF(D11=0, ,(D10-D11))) -> 1 | F10: 64 | G10: =IF(AC10>0,((F10-X10)+(Y10-F11)),IF(F11=0, ,(F10-F11))) -> 2 | H10: 67 | I10: =IF(AC10>0,((H10-AA10)+(AB10-H11)),IF(H11=0, ,(H10-H11))) -> 1 | J10: =B10+D10+F10+H10 -> 266 | K10: =J10/4 -> 66.5 | L10: =IF(AC10>0,((K10-AD10)+(AE10-K11)),IF(K11=0, ,(K10-K11))) -> 1.5 | M10: =7000*4 -> 28000 | N10: =L10*M10/100 -> 420 | O10: =N10*0.53 -> 222.6 | P10: =O10*7.8338 -> 1743.8039 | AC10: =Q10+T10+W10+Z10 -> 0 | AD10: =(R10+U10+X10+AA10)/4 -> 0 | AE10: =(S10+V10+Y10+AB10)/4 -> 0
A11: =(A10+1) -> 44106 | B11: 65 | C11: =IF(AC11>0,((B11-R11)+(S11-B12)),IF(B12=0, ,(B11-B12))) -> 1 | D11: 67 | E11: =IF(AC11>0,((D11-U11)+(V11-D12)),IF(D12=0, ,(D11-D12))) -> 1 | F11: 62 | G11: =IF(AC11>0,((F11-X11)+(Y11-F12)),IF(F12=0, ,(F11-F12))) -> 1 | H11: 66 | I11: =IF(AC11>0,((H11-AA11)+(AB11-H12)),IF(H12=0, ,(H11-H12))) -> 1 | J11: =B11+D11+F11+H11 -> 260 | K11: =J11/4 -> 65 | L11: =IF(AC11>0,((K11-AD11)+(AE11-K12)),IF(K12=0, ,(K11-K12))) -> 1 | M11: =7000*4 -> 28000 | N11: =L11*M11/100 -> 280 | O11: =N11*0.53 -> 148.4 | P11: =O11*7.8338 -> 1162.5359 | AC11: =Q11+T11+W11+Z11 -> 0 | AD11: =(R11+U11+X11+AA11)/4 -> 0 | AE11: =(S11+V11+Y11+AB11)/4 -> 0
A12: =(A11+1) -> 44107 | B12: 64 | C12: =IF(AC12>0,((B12-R12)+(S12-B13)),IF(B13=0, ,(B12-B13))) -> 3 | D12: 66 | E12: =IF(AC12>0,((D12-U12)+(V12-D13)),IF(D13=0, ,(D12-D13))) -> 2 | F12: 61 | G12: =IF(AC12>0,((F12-X12)+(Y12-F13)),IF(F13=0, ,(F12-F13))) -> 1 | H12: 65 | I12: =IF(AC12>0,((H12-AA12)+(AB12-H13)),IF(H13=0, ,(H12-H13))) -> 4 | J12: =B12+D12+F12+H12 -> 256 | K12: =J12/4 -> 64 | L12: =IF(AC12>0,((K12-AD12)+(AE12-K13)),IF(K13=0, ,(K12-K13))) -> 2.5 | M12: =7000*4 -> 28000 | N12: =L12*M12/100 -> 700 | O12: =N12*0.53 -> 371 | P12: =O12*7.8338 -> 2906.3398 | AC12: =Q12+T12+W12+Z12 -> 0 | AD12: =(R12+U12+X12+AA12)/4 -> 0 | AE12: =(S12+V12+Y12+AB12)/4 -> 0
A13: =(A12+1) -> 44108 | B13: 61 | C13: =IF(AC13>0,((B13-R13)+(S13-B14)),IF(B14=0, ,(B13-B14))) -> 1 | D13: 64 | E13: =IF(AC13>0,((D13-U13)+(V13-D14)),IF(D14=0, ,(D13-D14))) -> 2 | F13: 60 | G13: =IF(AC13>0,((F13-X13)+(Y13-F14)),IF(F14=0, ,(F13-F14))) -> 0 | H13: 61 | I13: =IF(AC13>0,((H13-AA13)+(AB13-H14)),IF(H14=0, ,(H13-H14))) -> 0 | J13: =B13+D13+F13+H13 -> 246 | K13: =J13/4 -> 61.5 | L13: =IF(AC13>0,((K13-AD13)+(AE13-K14)),IF(K14=0, ,(K13-K14))) -> 0.75 | M13: =7000*4 -> 28000 | N13: =L13*M13/100 -> 210 | O13: =N13*0.53 -> 111.3 | P13: =O13*7.8338 -> 871.90194 | AC13: =Q13+T13+W13+Z13 -> 0 | AD13: =(R13+U13+X13+AA13)/4 -> 0 | AE13: =(S13+V13+Y13+AB13)/4 -> 0
A14: =(A13+1) -> 44109 | B14: 60 | C14: =IF(AC14>0,((B14-R14)+(S14-B15)),IF(B15=0, ,(B14-B15))) -> 0 | D14: 62 | E14: =IF(AC14>0,((D14-U14)+(V14-D15)),IF(D15=0, ,(D14-D15))) -> 0 | F14: 60 | G14: =IF(AC14>0,((F14-X14)+(Y14-F15)),IF(F15=0, ,(F14-F15))) -> 0 | H14: 61 | I14: =IF(AC14>0,((H14-AA14)+(AB14-H15)),IF(H15=0, ,(H14-H15))) -> 0 | J14: =B14+D14+F14+H14 -> 243 | K14: =J14/4 -> 60.75 | L14: =IF(AC14>0,((K14-AD14)+(AE14-K15)),IF(K15=0, ,(K14-K15))) -> 0 | M14: =7000*4 -> 28000 | N14: =L14*M14/100 -> 0 | O14: =N14*0.53 -> 0 | P14: =O14*7.8338 -> 0 | AC14: =Q14+T14+W14+Z14 -> 0 | AD14: =(R14+U14+X14+AA14)/4 -> 0 | AE14: =(S14+V14+Y14+AB14)/4 -> 0
A15: =(A14+1) -> 44110 | C15: =IF(AC15>0,((B15-R15)+(S15-B16)),IF(B16=0, ,(B15-B16))) -> 0 | E15: =IF(AC15>0,((D15-U15)+(V15-D16)),IF(D16=0, ,(D15-D16))) -> 0 | G15: =IF(AC15>0,((F15-X15)+(Y15-F16)),IF(F16=0, ,(F15-F16))) -> 0 | I15: =IF(AC15>0,((H15-AA15)+(AB15-H16)),IF(H16=0, ,(H15-H16))) -> 0 | J15: =B15+D15+F15+H15 -> 0 | K15: =J15/4 -> 0 | L15: =IF(AC15>0,((K15-AD15)+(AE15-K16)),IF(K16=0, ,(K15-K16))) -> 0 | M15: =7000*4 -> 28000 | N15: =L15*M15/100 -> 0 | O15: =N15*0.53 -> 0 | P15: =O15*7.8338 -> 0 | AC15: =Q15+T15+W15+Z15 -> 0 | AD15: =(R15+U15+X15+AA15)/4 -> 0 | AE15: =(S15+V15+Y15+AB15)/4 -> 0
A16: =(A15+1) -> 44111 | C16: =IF(AC16>0,((B16-R16)+(S16-B17)),IF(B17=0, ,(B16-B17))) -> 0 | E16: =IF(AC16>0,((D16-U16)+(V16-D17)),IF(D17=0, ,(D16-D17))) -> 0 | G16: =IF(AC16>0,((F16-X16)+(Y16-F17)),IF(F17=0, ,(F16-F17))) -> 0 | I16: =IF(AC16>0,((H16-AA16)+(AB16-H17)),IF(H17=0, ,(H16-H17))) -> 0 | J16: =B16+D16+F16+H16 -> 0 | K16: =J16/4 -> 0 | L16: =IF(AC16>0,((K16-AD16)+(AE16-K17)),IF(K17=0, ,(K16-K17))) -> 0 | M16: =7000*4 -> 28000 | N16: =L16*M16/100 -> 0 | O16: =N16*0.53 -> 0 | P16: =O16*7.8338 -> 0 | AC16: =Q16+T16+W16+Z16 -> 0 | AD16: =(R16+U16+X16+AA16)/4 -> 0 | AE16: =(S16+V16+Y16+AB16)/4 -> 0
A17: =(A16+1) -> 44112 | C17: =IF(AC17>0,((B17-R17)+(S17-B18)),IF(B18=0, ,(B17-B18))) -> 0 | E17: =IF(AC17>0,((D17-U17)+(V17-D18)),IF(D18=0, ,(D17-D18))) -> 0 | G17: =IF(AC17>0,((F17-X17)+(Y17-F18)),IF(F18=0, ,(F17-F18))) -> 0 | I17: =IF(AC17>0,((H17-AA17)+(AB17-H18)),IF(H18=0, ,(H17-H18))) -> 0 | J17: =B17+D17+F17+H17 -> 0 | K17: =J17/4 -> 0 | L17: =IF(AC17>0,((K17-AD17)+(AE17-K18)),IF(K18=0, ,(K17-K18))) -> 0 | M17: =7000*4 -> 28000 | N17: =L17*M17/100 -> 0 | O17: =N17*0.53 -> 0 | P17: =O17*7.8338 -> 0 | AC17: =Q17+T17+W17+Z17 -> 0 | AD17: =(R17+U17+X17+AA17)/4 -> 0 | AE17: =(S17+V17+Y17+AB17)/4 -> 0
A18: =(A17+1) -> 44113 | C18: =IF(AC18>0,((B18-R18)+(S18-B19)),IF(B19=0, ,(B18-B19))) -> 0 | E18: =IF(AC18>0,((D18-U18)+(V18-D19)),IF(D19=0, ,(D18-D19))) -> 0 | G18: =IF(AC18>0,((F18-X18)+(Y18-F19)),IF(F19=0, ,(F18-F19))) -> 0 | I18: =IF(AC18>0,((H18-AA18)+(AB18-H19)),IF(H19=0, ,(H18-H19))) -> 0 | J18: =B18+D18+F18+H18 -> 0 | K18: =J18/4 -> 0 | L18: =IF(AC18>0,((K18-AD18)+(AE18-K19)),IF(K19=0, ,(K18-K19))) -> 0 | M18: =7000*4 -> 28000 | N18: =L18*M18/100 -> 0 | O18: =N18*0.53 -> 0 | P18: =O18*7.8338 -> 0 | AC18: =Q18+T18+W18+Z18 -> 0 | AD18: =(R18+U18+X18+AA18)/4 -> 0 | AE18: =(S18+V18+Y18+AB18)/4 -> 0
A19: =(A18+1) -> 44114 | C19: =IF(AC19>0,((B19-R19)+(S19-B20)),IF(B20=0, ,(B19-B20))) -> 0 | E19: =IF(AC19>0,((D19-U19)+(V19-D20)),IF(D20=0, ,(D19-D20))) -> 0 | G19: =IF(AC19>0,((F19-X19)+(Y19-F20)),IF(F20=0, ,(F19-F20))) -> 0 | I19: =IF(AC19>0,((H19-AA19)+(AB19-H20)),IF(H20=0, ,(H19-H20))) -> 0 | J19: =B19+D19+F19+H19 -> 0 | K19: =J19/4 -> 0 | L19: =IF(AC19>0,((K19-AD19)+(AE19-K20)),IF(K20=0, ,(K19-K20))) -> 0 | M19: =7000*4 -> 28000 | N19: =L19*M19/100 -> 0 | O19: =N19*0.53 -> 0 | P19: =O19*7.8338 -> 0 | AC19: =Q19+T19+W19+Z19 -> 0 | AD19: =(R19+U19+X19+AA19)/4 -> 0 | AE19: =(S19+V19+Y19+AB19)/4 -> 0
A20: =(A19+1) -> 44115 | C20: =IF(AC20>0,((B20-R20)+(S20-B21)),IF(B21=0, ,(B20-B21))) -> 0 | E20: =IF(AC20>0,((D20-U20)+(V20-D21)),IF(D21=0, ,(D20-D21))) -> 0 | G20: =IF(AC20>0,((F20-X20)+(Y20-F21)),IF(F21=0, ,(F20-F21))) -> 0 | I20: =IF(AC20>0,((H20-AA20)+(AB20-H21)),IF(H21=0, ,(H20-H21))) -> 0 | J20: =B20+D20+F20+H20 -> 0 | K20: =J20/4 -> 0 | L20: =IF(AC20>0,((K20-AD20)+(AE20-K21)),IF(K21=0, ,(K20-K21))) -> 0 | M20: =7000*4 -> 28000 | N20: =L20*M20/100 -> 0 | O20: =N20*0.53 -> 0 | P20: =O20*7.8338 -> 0 | AC20: =Q20+T20+W20+Z20 -> 0 | AD20: =(R20+U20+X20+AA20)/4 -> 0 | AE20: =(S20+V20+Y20+AB20)/4 -> 0
A21: =(A20+1) -> 44116 | C21: =IF(AC21>0,((B21-R21)+(S21-B22)),IF(B22=0, ,(B21-B22))) -> 0 | E21: =IF(AC21>0,((D21-U21)+(V21-D22)),IF(D22=0, ,(D21-D22))) -> 0 | G21: =IF(AC21>0,((F21-X21)+(Y21-F22)),IF(F22=0, ,(F21-F22))) -> 0 | I21: =IF(AC21>0,((H21-AA21)+(AB21-H22)),IF(H22=0, ,(H21-H22))) -> 0 | J21: =B21+D21+F21+H21 -> 0 | K21: =J21/4 -> 0 | L21: =IF(AC21>0,((K21-AD21)+(AE21-K22)),IF(K22=0, ,(K21-K22))) -> 0 | M21: =7000*4 -> 28000 | N21: =L21*M21/100 -> 0 | O21: =N21*0.53 -> 0 | P21: =O21*7.8338 -> 0 | AC21: =Q21+T21+W21+Z21 -> 0 | AD21: =(R21+U21+X21+AA21)/4 -> 0 | AE21: =(S21+V21+Y21+AB21)/4 -> 0
A22: =(A21+1) -> 44117 | C22: =IF(AC22>0,((B22-R22)+(S22-B23)),IF(B23=0, ,(B22-B23))) -> 0 | E22: =IF(AC22>0,((D22-U22)+(V22-D23)),IF(D23=0, ,(D22-D23))) -> 0 | G22: =IF(AC22>0,((F22-X22)+(Y22-F23)),IF(F23=0, ,(F22-F23))) -> 0 | I22: =IF(AC22>0,((H22-AA22)+(AB22-H23)),IF(H23=0, ,(H22-H23))) -> 0 | J22: =B22+D22+F22+H22 -> 0 | K22: =J22/4 -> 0 | L22: =IF(AC22>0,((K22-AD22)+(AE22-K23)),IF(K23=0, ,(K22-K23))) -> 0 | M22: =7000*4 -> 28000 | N22: =L22*M22/100 -> 0 | O22: =N22*0.53 -> 0 | P22: =O22*7.8338 -> 0 | AC22: =Q22+T22+W22+Z22 -> 0 | AD22: =(R22+U22+X22+AA22)/4 -> 0 | AE22: =(S22+V22+Y22+AB22)/4 -> 0
A23: =(A22+1) -> 44118 | C23: =IF(AC23>0,((B23-R23)+(S23-B24)),IF(B24=0, ,(B23-B24))) -> 0 | E23: =IF(AC23>0,((D23-U23)+(V23-D24)),IF(D24=0, ,(D23-D24))) -> 0 | G23: =IF(AC23>0,((F23-X23)+(Y23-F24)),IF(F24=0, ,(F23-F24))) -> 0 | I23: =IF(AC23>0,((H23-AA23)+(AB23-H24)),IF(H24=0, ,(H23-H24))) -> 0 | J23: =B23+D23+F23+H23 -> 0 | K23: =J23/4 -> 0 | L23: =IF(AC23>0,((K23-AD23)+(AE23-K24)),IF(K24=0, ,(K23-K24))) -> 0 | M23: =7000*4 -> 28000 | N23: =L23*M23/100 -> 0 | O23: =N23*0.53 -> 0 | P23: =O23*7.8338 -> 0 | AC23: =Q23+T23+W23+Z23 -> 0 | AD23: =(R23+U23+X23+AA23)/4 -> 0 | AE23: =(S23+V23+Y23+AB23)/4 -> 0
A24: =(A23+1) -> 44119 | C24: =IF(AC24>0,((B24-R24)+(S24-B25)),IF(B25=0, ,(B24-B25))) -> 0 | E24: =IF(AC24>0,((D24-U24)+(V24-D25)),IF(D25=0, ,(D24-D25))) -> 0 | G24: =IF(AC24>0,((F24-X24)+(Y24-F25)),IF(F25=0, ,(F24-F25))) -> 0 | I24: =IF(AC24>0,((H24-AA24)+(AB24-H25)),IF(H25=0, ,(H24-H25))) -> 0 | J24: =B24+D24+F24+H24 -> 0 | K24: =J24/4 -> 0 | L24: =IF(AC24>0,((K24-AD24)+(AE24-K25)),IF(K25=0, ,(K24-K25))) -> 0 | M24: =7000*4 -> 28000 | N24: =L24*M24/100 -> 0 | O24: =N24*0.53 -> 0 | P24: =O24*7.8338 -> 0 | AC24: =Q24+T24+W24+Z24 -> 0 | AD24: =(R24+U24+X24+AA24)/4 -> 0 | AE24: =(S24+V24+Y24+AB24)/4 -> 0
A25: =(A24+1) -> 44120 | C25: =IF(AC25>0,((B25-R25)+(S25-B26)),IF(B26=0, ,(B25-B26))) -> 0 | E25: =IF(AC25>0,((D25-U25)+(V25-D26)),IF(D26=0, ,(D25-D26))) -> 0 | G25: =IF(AC25>0,((F25-X25)+(Y25-F26)),IF(F26=0, ,(F25-F26))) -> 0 | I25: =IF(AC25>0,((H25-AA25)+(AB25-H26)),IF(H26=0, ,(H25-H26))) -> 0 | J25: =B25+D25+F25+H25 -> 0 | K25: =J25/4 -> 0 | L25: =IF(AC25>0,((K25-AD25)+(AE25-K26)),IF(K26=0, ,(K25-K26))) -> 0 | M25: =7000*4 -> 28000 | N25: =L25*M25/100 -> 0 | O25: =N25*0.53 -> 0 | P25: =O25*7.8338 -> 0 | AC25: =Q25+T25+W25+Z25 -> 0 | AD25: =(R25+U25+X25+AA25)/4 -> 0 | AE25: =(S25+V25+Y25+AB25)/4 -> 0
A26: =(A25+1) -> 44121 | C26: =IF(AC26>0,((B26-R26)+(S26-B27)),IF(B27=0, ,(B26-B27))) -> 0 | E26: =IF(AC26>0,((D26-U26)+(V26-D27)),IF(D27=0, ,(D26-D27))) -> 0 | G26: =IF(AC26>0,((F26-X26)+(Y26-F27)),IF(F27=0, ,(F26-F27))) -> 0 | I26: =IF(AC26>0,((H26-AA26)+(AB26-H27)),IF(H27=0, ,(H26-H27))) -> 0 | J26: =B26+D26+F26+H26 -> 0 | K26: =J26/4 -> 0 | L26: =IF(AC26>0,((K26-AD26)+(AE26-K27)),IF(K27=0, ,(K26-K27))) -> 0 | M26: =7000*4 -> 28000 | N26: =L26*M26/100 -> 0 | O26: =N26*0.53 -> 0 | P26: =O26*7.8338 -> 0 | AC26: =Q26+T26+W26+Z26 -> 0 | AD26: =(R26+U26+X26+AA26)/4 -> 0 | AE26: =(S26+V26+Y26+AB26)/4 -> 0
... A42: =(A41+1) -> 44137 | C42: =IF(AC42>0,((B42-R42)+(S42-B43)),IF(B43=0, ,(B42-B43))) -> 0 | E42: =IF(AC42>0,((D42-U42)+(V42-D43)),IF(D43=0, ,(D42-D43))) -> 0 | G42: =IF(AC42>0,((F42-X42)+(Y42-F43)),IF(F43=0, ,(F42-F43))) -> 0 | I42: =IF(AC42>0,((H42-AA42)+(AB42-H43)),IF(H43=0, ,(H42-H43))) -> 0 | J42: =B42+D42+F42+H42 -> 0 | K42: =J42/4 -> 0 | L42: =IF(AC42>0,((K42-AD42)+(AE42-K43)),IF(K43=0, ,(K42-K43))) -> 0 | M42: =7000*4 -> 28000 | N42: =L42*M42/100 -> 0 | O42: =N42*0.53 -> 0 | P42: =O42*7.8338 -> 0 | AC42: =Q42+T42+W42+Z42 -> 0 | AD42: =(R42+U42+X42+AA42)/4 -> 0 | AE42: =(S42+V42+Y42+AB42)/4 -> 0
C43: =SUM(C10:C40) -> 7 | E43: =SUM(E10:E40) -> 6 | G43: =SUM(G10:G40) -> 4 | I43: =SUM(I10:I40) -> 6 | N43: =SUM(N10:N40) -> 1610 | O43: =N43*0.53 -> 853.3 | P43: =O43*7.8338 -> 6684.5815 | Q43: =SUM(Q10:Q40) -> 0 | T43: =SUM(T10:T40) -> 0 | W43: =SUM(W10:W40) -> 0 | Z43: =SUM(Z10:Z40) -> 0 | AC43: =SUM(AC10:AC40) -> 0
Q44: =Q43+T43+W43+Z43 -> 0 | AC44: =Q43+T43+W43+Z43 -> 0
K46: Litre | L46: Kg | M46: DH
H47: Consommation du mois | K47: =N43 -> 1610 | L47: =O43 -> 853.3 | M47: =P43 -> 6684.5815
H48: Livraison du mois | K48: =AC43 -> 0 | L48: =K48*0.53 -> 0 | M48: =L48*7.8338 -> 0

Sheet Suivi EAU-ELEC
C1: Suivi Compteur d'Eau- électricité RADEEMA -
D5: =SUM(C16:C45) -> 920
A7: Date | B7: Eau m3 | D7: Electricité Kw/h
B8: Compteur | C8: Consommation | D8: Compteur H.Creuse | E8: Consommation H.Creuse | F8: Compteur H.Pleine | G8: Consommation H.Pleine | H8: Compteur H.Pointe | I8: Consommation H.Pointe
A9: 44099 | B9: 124503 | C9: =IF(B10<B9,0,B10-B9)*10 -> 250 | D9: 18572288 | E9: =IF(D10<D9,0,D10-D9) -> 2010 | F9: 33372804 | G9: =IF(F10<F9,0,F10-F9) -> 3465 | H9: 14763585 | I9: =IF(H10<H9,0,H10-H9) -> 1250
A10: =(A9+1) -> 44100 | B10: 124528 | C10: =IF(B11<B10,0,B11-B10)*10 -> 200 | D10: 18574298 | E10: =IF(D11<D10,0,D11-D10) -> 1800 | F10: 33376269 | G10: =IF(F11<F10,0,F11-F10) -> 3400 | H10: 14764835 | I10: =IF(H11<H10,0,H11-H10) -> 1290
A11: =(A10+1) -> 44101 | B11: 124548 | C11: =IF(B12<B11,0,B12-B11)*10 -> 160 | D11: 18576098 | E11: =IF(D12<D11,0,D12-D11) -> 1600 | F11: 33379669 | G11: =IF(F12<F11,0,F12-F11) -> 3200 | H11: 14766125 | I11: =IF(H12<H11,0,H12-H11) -> 1213
A12: =(A11+1) -> 44102 | B12: 124564 | C12: =IF(B13<B12,0,B13-B12)*10 -> 280 | D12: 18577698 | E12: =IF(D13<D12,0,D13-D12) -> 1990 | F12: 33382869 | G12: =IF(F13<F12,0,F13-F12) -> 3461 | H12: 14767338 | I12: =IF(H13<H12,0,H13-H12) -> 1240
A13: =(A12+1) -> 44103 | B13: 124592 | C13: =IF(B14<B13,0,B14-B13)*10 -> 480 | D13: 18579688 | E13: =IF(D14<D13,0,D14-D13) -> 2190 | F13: 33386330 | G13: =IF(F14<F13,0,F14-F13) -> 5170 | H13: 14768578 | I13: =IF(H14<H13,0,H14-H13) -> 1425
A14: =(A13+1) -> 44104 | B14: 124640 | C14: =IF(B15<B14,0,B15-B14)*10 -> 500 | D14: 18581878 | E14: =IF(D15<D14,0,D15-D14) -> 4613 | F14: 33391500 | G14: =IF(F15<F14,0,F15-F14) -> 8090 | H14: 14770003 | I14: =IF(H15<H14,0,H15-H14) -> 3606
A15: =(A14+1) -> 44105 | B15: 124690 | C15: =IF(B16<B15,0,B16-B15)*10 -> 240 | D15: 18586491 | E15: =IF(D16<D15,0,D16-D15) -> 4933 | F15: 33399590 | G15: =IF(F16<F15,0,F16-F15) -> 6978 | H15: 14773609 | I15: =IF(H16<H15,0,H16-H15) -> 3655
A16: =(A15+1) -> 44106 | B16: 124714 | C16: =IF(B17<B16,0,B17-B16)*10 -> 270 | D16: 18591424 | E16: =IF(D17<D16,0,D17-D16) -> 4847 | F16: 33406568 | G16: =IF(F17<F16,0,F17-F16) -> 6618 | H16: 14777264 | I16: =IF(H17<H16,0,H17-H16) -> 3486
A17: =(A16+1) -> 44107 | B17: 124741 | C17: =IF(B18<B17,0,B18-B17)*10 -> 380 | D17: 18596271 | E17: =IF(D18<D17,0,D18-D17) -> 4403 | F17: 33413186 | G17: =IF(F18<F17,0,F18-F17) -> 7118 | H17: 14780750 | I17: =IF(H18<H17,0,H18-H17) -> 3513
A18: =(A17+1) -> 44108 | B18: 124779 | C18: =IF(B19<B18,0,B19-B18)*10 -> 270 | D18: 18600674 | E18: =IF(D19<D18,0,D19-D18) -> 4468 | F18: 33420304 | G18: =IF(F19<F18,0,F19-F18) -> 6768 | H18: 14784263 | I18: =IF(H19<H18,0,H19-H18) -> 3378
A19: =(A18+1) -> 44109 | B19: 124806 | C19: =IF(B20<B19,0,B20-B19)*10 -> 0 | D19: 18605142 | E19: =IF(D20<D19,0,D20-D19) -> 0 | F19: 33427072 | G19: =IF(F20<F19,0,F20-F19) -> 0 | H19: 14787641 | I19: =IF(H20<H19,0,H20-H19) -> 0
A20: =(A19+1) -> 44110 | C20: =IF(B21<B20,0,B21-B20)*10 -> 0 | E20: =IF(D21<D20,0,D21-D20) -> 0 | G20: =IF(F21<F20,0,F21-F20) -> 0 | I20: =IF(H21<H20,0,H21-H20) -> 0
A21: =(A20+1) -> 44111 | C21: =IF(B22<B21,0,B22-B21)*10 -> 0 | E21: =IF(D22<D21,0,D22-D21) -> 0 | G21: =IF(F22<F21,0,F22-F21) -> 0 | I21: =IF(H22<H21,0,H22-H21) -> 0
A22: =(A21+1) -> 44112 | C22: =IF(B23<B22,0,B23-B22)*10 -> 0 | E22: =IF(D23<D22,0,D23-D22) -> 0 | G22: =IF(F23<F22,0,F23-F22) -> 0 | I22: =IF(H23<H22,0,H23-H22) -> 0
A23: =(A22+1) -> 44113 | C23: =IF(B24<B23,0,B24-B23)*10 -> 0 | E23: =IF(D24<D23,0,D24-D23) -> 0 | G23: =IF(F24<F23,0,F24-F23) -> 0 | I23: =IF(H24<H23,0,H24-H23) -> 0
A24: =(A23+1) -> 44114 | C24: =IF(B25<B24,0,B25-B24)*10 -> 0 | E24: =IF(D25<D24,0,D25-D24) -> 0 | G24: =IF(F25<F24,0,F25-F24) -> 0 | I24: =IF(H25<H24,0,H25-H24) -> 0
A25: =(A24+1) -> 44115 | C25: =IF(B26<B25,0,B26-B25)*10 -> 0 | E25: =IF(D26<D25,0,D26-D25) -> 0 | G25: =IF(F26<F25,0,F26-F25) -> 0 | I25: =IF(H26<H25,0,H26-H25) -> 0
A26: =(A25+1) -> 44116 | C26: =IF(B27<B26,0,B27-B26)*10 -> 0 | E26: =IF(D27<D26,0,D27-D26) -> 0 | G26: =IF(F27<F26,0,F27-F26) -> 0 | I26: =IF(H27<H26,0,H27-H26) -> 0
A27: =(A26+1) -> 44117 | C27: =IF(B28<B27,0,B28-B27)*10 -> 0 | E27: =IF(D28<D27,0,D28-D27) -> 0 | G27: =IF(F28<F27,0,F28-F27) -> 0 | I27: =IF(H28<H27,0,H28-H27) -> 0
A28: =(A27+1) -> 44118 | C28: =IF(B29<B28,0,B29-B28)*10 -> 0 | E28: =IF(D29<D28,0,D29-D28) -> 0 | G28: =IF(F29<F28,0,F29-F28) -> 0 | I28: =IF(H29<H28,0,H29-H28) -> 0
A29: =(A28+1) -> 44119 | C29: =IF(B30<B29,0,B30-B29)*10 -> 0 | E29: =IF(D30<D29,0,D30-D29) -> 0 | G29: =IF(F30<F29,0,F30-F29) -> 0 | I29: =IF(H30<H29,0,H30-H29) -> 0
A30: =(A29+1) -> 44120 | C30: =IF(B31<B30,0,B31-B30)*10 -> 0 | E30: =IF(D31<D30,0,D31-D30) -> 0 | G30: =IF(F31<F30,0,F31-F30) -> 0 | I30: =IF(H31<H30,0,H31-H30) -> 0
A31: =(A30+1) -> 44121 | C31: =IF(B32<B31,0,B32-B31)*10 -> 0 | E31: =IF(D32<D31,0,D32-D31) -> 0 | G31: =IF(F32<F31,0,F32-F31) -> 0 | I31: =IF(H32<H31,0,H32-H31) -> 0
... A47: =(A46+1) -> 44137 | C47: =IF(B48<B47,0,B48-B47)*10 -> 0 | E47: =IF(D48<D47,0,D48-D47) -> 0 | G47: =IF(F48<F47,0,F48-F47) -> 0 | I47: =IF(H48<H47,0,H48-H47) -> 0
C48: =SUM(C15:C45) -> 1160 | E48: =SUM(E15:E45) -> 18651 | G48: =SUM(G15:G45) -> 27482 | I48: =SUM(I15:I45) -> 14032

Sheet Feuil1
