Workbook

Sheet Sheet1
A1: Site Name | B1: Day | C1: Month | D1: Year | E1: Total Electricity Kwh | F1: Electricity Tariff ($/Kwh) | G1: LPG (Kg) | H1: LPG $/Kg | I1: District Energy Cooling Kwh | J1: District Energy Cooling $/Kwh | K1: Water Utility Supply (m3) m3 | L1: Water Utility Supply (m3) $/m3 | M1: Irrigation Water (m3) m3 | N1: Irrigation water $/m3 | O1: Room Nights | P1: Total Guests
A2: Bahrain Bay | B2: 1 | C2: 9 | D2: 2020 | E2: ='Sept 2020'!E5 -> 32017 | F2: 0.0289342 | G2: ='Sept 2020'!J5 -> 0 | H2: 0.11245792 | I2: ='Sept 2020'!G5*1000 -> 87000 | J2: 0.024474975 | K2: ='Sept 2020'!I5 -> 320 | L2: 1.0407051 | M2: ='Sept 2020'!L5 -> 345 | N2: 0.563 | O2: ='Sept 2020'!D5 -> 31
A3: Bahrain Bay | B3: =B2+1 -> 2 | C3: 9 | D3: 2020 | E3: ='Sept 2020'!E6 -> 32048 | F3: 0.0289342 | G3: ='Sept 2020'!J6 -> 0 | H3: 0.11245792 | I3: ='Sept 2020'!G6*1000 -> 85000 | J3: 0.024474975 | K3: ='Sept 2020'!I6 -> 278 | L3: 1.0407051 | M3: ='Sept 2020'!L6 -> 332 | N3: 0.563 | O3: ='Sept 2020'!D6 -> 35
A4: Bahrain Bay | B4: =B3+1 -> 3 | C4: 9 | D4: 2020 | E4: ='Sept 2020'!E7 -> 32826 | F4: 0.0289342 | G4: ='Sept 2020'!J7 -> 0 | H4: 0.11245792 | I4: ='Sept 2020'!G7*1000 -> 87000 | J4: 0.024474975 | K4: ='Sept 2020'!I7 -> 221 | L4: 1.0407051 | M4: ='Sept 2020'!L7 -> 378 | N4: 0.563 | O4: ='Sept 2020'!D7 -> 47
A5: Bahrain Bay | B5: =B4+1 -> 4 | C5: 9 | D5: 2020 | E5: ='Sept 2020'!E8 -> 31060 | F5: 0.0289342 | G5: ='Sept 2020'!J8 -> 0 | H5: 0.11245792 | I5: ='Sept 2020'!G8*1000 -> 89000 | J5: 0.024474975 | K5: ='Sept 2020'!I8 -> 256 | L5: 1.0407051 | M5: ='Sept 2020'!L8 -> 148 | N5: 0.563 | O5: ='Sept 2020'!D8 -> 82
A6: Bahrain Bay | B6: =B5+1 -> 5 | C6: 9 | D6: 2020 | E6: ='Sept 2020'!E9 -> 32676 | F6: 0.0289342 | G6: ='Sept 2020'!J9 -> 2970 | H6: 0.11245792 | I6: ='Sept 2020'!G9*1000 -> 89000 | J6: 0.024474975 | K6: ='Sept 2020'!I9 -> 276 | L6: 1.0407051 | M6: ='Sept 2020'!L9 -> 348 | N6: 0.563 | O6: ='Sept 2020'!D9 -> 28
A7: Bahrain Bay | B7: =B6+1 -> 6 | C7: 9 | D7: 2020 | E7: ='Sept 2020'!E10 -> 31357 | F7: 0.0289342 | G7: 2970 | H7: 0.11245792 | I7: ='Sept 2020'!G10*1000 -> 87000 | J7: 0.024474975 | K7: ='Sept 2020'!I10 -> 197 | L7: 1.0407051 | M7: ='Sept 2020'!L10 -> 7 | N7: 0.563 | O7: ='Sept 2020'!D10 -> 19
A8: Bahrain Bay | B8: =B7+1 -> 7 | C8: 9 | D8: 2020 | E8: ='Sept 2020'!E11 -> 31357 | F8: 0.0289342 | G8: ='Sept 2020'!J11 -> 0 | H8: 0.11245792 | I8: ='Sept 2020'!G11*1000 -> 81000 | J8: 0.024474975 | K8: ='Sept 2020'!I11 -> 181 | L8: 1.0407051 | M8: ='Sept 2020'!L11 -> 446 | N8: 0.563 | O8: ='Sept 2020'!D11 -> 26
A9: Bahrain Bay | B9: =B8+1 -> 8 | C9: 9 | D9: 2020 | E9: ='Sept 2020'!E12 -> 29924 | F9: 0.0289342 | G9: ='Sept 2020'!J12 -> 0 | H9: 0.11245792 | I9: ='Sept 2020'!G12*1000 -> 73000 | J9: 0.024474975 | K9: ='Sept 2020'!I12 -> 202 | L9: 1.0407051 | M9: ='Sept 2020'!L12 -> 299 | N9: 0.563 | O9: ='Sept 2020'!D12 -> 32
A10: Bahrain Bay | B10: =B9+1 -> 9 | C10: 9 | D10: 2020 | E10: ='Sept 2020'!E13 -> 30479 | F10: 0.0289342 | G10: ='Sept 2020'!J13 -> 0 | H10: 0.11245792 | I10: ='Sept 2020'!G13*1000 -> 75000 | J10: 0.024474975 | K10: ='Sept 2020'!I13 -> 137 | L10: 1.0407051 | M10: ='Sept 2020'!L13 -> 147 | N10: 0.563 | O10: ='Sept 2020'!D13 -> 39
A11: Bahrain Bay | B11: =B10+1 -> 10 | C11: 9 | D11: 2020 | E11: ='Sept 2020'!E14 -> 31676 | F11: 0.0289342 | G11: ='Sept 2020'!J14 -> 2970 | H11: 0.11245792 | I11: ='Sept 2020'!G14*1000 -> 82000 | J11: 0.024474975 | K11: ='Sept 2020'!I14 -> 270 | L11: 1.0407051 | M11: ='Sept 2020'!L14 -> 336 | N11: 0.563 | O11: ='Sept 2020'!D14 -> 66
A12: Bahrain Bay | B12: =B11+1 -> 11 | C12: 9 | D12: 2020 | E12: ='Sept 2020'!E15 -> 30695 | F12: 0.0289342 | G12: ='Sept 2020'!J15 -> 0 | H12: 0.11245792 | I12: ='Sept 2020'!G15*1000 -> 81000 | J12: 0.024474975 | K12: ='Sept 2020'!I15 -> 244 | L12: 1.0407051 | M12: ='Sept 2020'!L15 -> 185 | N12: 0.563 | O12: ='Sept 2020'!D15 -> 92
A13: Bahrain Bay | B13: =B12+1 -> 12 | C13: 9 | D13: 2020 | E13: ='Sept 2020'!E16 -> 31392 | F13: 0.0289342 | G13: ='Sept 2020'!J16 -> 0 | H13: 0.11245792 | I13: ='Sept 2020'!G16*1000 -> 86000 | J13: 0.024474975 | K13: ='Sept 2020'!I16 -> 197 | L13: 1.0407051 | M13: ='Sept 2020'!L16 -> 3 | N13: 0.563 | O13: ='Sept 2020'!D16 -> 46
A14: Bahrain Bay | B14: =B13+1 -> 13 | C14: 9 | D14: 2020 | E14: ='Sept 2020'!E17 -> 30354 | F14: 0.0289342 | G14: ='Sept 2020'!J17 -> 0 | H14: 0.11245792 | I14: ='Sept 2020'!G17*1000 -> 82000 | J14: 0.024474975 | K14: ='Sept 2020'!I17 -> 212 | L14: 1.0407051 | M14: ='Sept 2020'!L17 -> 527 | N14: 0.563 | O14: ='Sept 2020'!D17 -> 36
A15: Bahrain Bay | B15: =B14+1 -> 14 | C15: 9 | D15: 2020 | E15: ='Sept 2020'!E18 -> 29902 | F15: 0.0289342 | G15: ='Sept 2020'!J18 -> 2970 | H15: 0.11245792 | I15: ='Sept 2020'!G18*1000 -> 79000 | J15: 0.024474975 | K15: ='Sept 2020'!I18 -> 195 | L15: 1.0407051 | M15: ='Sept 2020'!L18 -> 291 | N15: 0.563 | O15: ='Sept 2020'!D18 -> 62
A16: Bahrain Bay | B16: =B15+1 -> 15 | C16: 9 | D16: 2020 | E16: ='Sept 2020'!E19 -> 31484 | F16: 0.0289342 | G16: ='Sept 2020'!J19 -> 2970 | H16: 0.11245792 | I16: ='Sept 2020'!G19*1000 -> 82000 | J16: 0.024474975 | K16: ='Sept 2020'!I19 -> 129 | L16: 1.0407051 | M16: ='Sept 2020'!L19 -> 228 | N16: 0.563 | O16: ='Sept 2020'!D19 -> 64
A17: Bahrain Bay | B17: =B16+1 -> 16 | C17: 9 | D17: 2020 | E17: ='Sept 2020'!E20 -> 31912 | F17: 0.0289342 | G17: ='Sept 2020'!J20 -> 0 | H17: 0.11245792 | I17: ='Sept 2020'!G20*1000 -> 83000 | J17: 0.024474975 | K17: ='Sept 2020'!I20 -> 235 | L17: 1.0407051 | M17: ='Sept 2020'!L20 -> 317 | N17: 0.563 | O17: ='Sept 2020'!D20 -> 96
A18: Bahrain Bay | B18: =B17+1 -> 17 | C18: 9 | D18: 2020 | E18: ='Sept 2020'!E21 -> 31759 | F18: 0.0289342 | G18: ='Sept 2020'!J21 -> 0 | H18: 0.11245792 | I18: ='Sept 2020'!G21*1000 -> 81000 | J18: 0.024474975 | K18: ='Sept 2020'!I21 -> 210 | L18: 1.0407051 | M18: ='Sept 2020'!L21 -> 346 | N18: 0.563 | O18: ='Sept 2020'!D21 -> 114
A19: Bahrain Bay | B19: =B18+1 -> 18 | C19: 9 | D19: 2020 | E19: ='Sept 2020'!E22 -> 32569 | F19: 0.0289342 | G19: ='Sept 2020'!J22 -> 2970 | H19: 0.11245792 | I19: ='Sept 2020'!G22*1000 -> 88000 | J19: 0.024474975 | K19: ='Sept 2020'!I22 -> 292 | L19: 1.0407051 | M19: ='Sept 2020'!L22 -> 261 | N19: 0.563 | O19: ='Sept 2020'!D22 -> 138
A20: Bahrain Bay | B20: =B19+1 -> 19 | C20: 9 | D20: 2020 | E20: ='Sept 2020'!E23 -> 31729 | F20: 0.0289342 | G20: ='Sept 2020'!J23 -> 0 | H20: 0.11245792 | I20: ='Sept 2020'!G23*1000 -> 85000 | J20: 0.024474975 | K20: ='Sept 2020'!I23 -> 265 | L20: 1.0407051 | M20: ='Sept 2020'!L23 -> 228 | N20: 0.563 | O20: ='Sept 2020'!D23 -> 94 | R20: =23430+34626.122+2497.414 -> 60553.536
A21: Bahrain Bay | B21: =B20+1 -> 20 | C21: 9 | D21: 2020 | E21: ='Sept 2020'!E24 -> 32330 | F21: 0.0289342 | G21: ='Sept 2020'!J24 -> 0 | H21: 0.11245792 | I21: ='Sept 2020'!G24*1000 -> 85000 | J21: 0.024474975 | K21: ='Sept 2020'!I24 -> 259 | L21: 1.0407051 | M21: ='Sept 2020'!L24 -> 194 | N21: 0.563 | O21: ='Sept 2020'!D24 -> 99 | R21: 2474100
A22: Bahrain Bay | B22: =B21+1 -> 21 | C22: 9 | D22: 2020 | E22: ='Sept 2020'!E25 -> 30181 | F22: 0.0289342 | G22: ='Sept 2020'!J25 -> 2970 | H22: 0.11245792 | I22: ='Sept 2020'!G25*1000 -> 81000 | J22: 0.024474975 | K22: ='Sept 2020'!I25 -> 195 | L22: 1.0407051 | M22: ='Sept 2020'!L25 -> 278 | N22: 0.563 | O22: ='Sept 2020'!D25 -> 61 | R22: =R20/R21 -> 0.024474975
A23: Bahrain Bay | B23: =B22+1 -> 22 | C23: 9 | D23: 2020 | E23: ='Sept 2020'!E26 -> 30979 | F23: 0.0289342 | G23: ='Sept 2020'!J26 -> 0 | H23: 0.11245792 | I23: ='Sept 2020'!G26*1000 -> 75000 | J23: 0.024474975 | K23: ='Sept 2020'!I26 -> 193 | L23: 1.0407051 | M23: ='Sept 2020'!L26 -> 208 | N23: 0.563 | O23: ='Sept 2020'!D26 -> 63
A24: Bahrain Bay | B24: =B23+1 -> 23 | C24: 9 | D24: 2020 | E24: ='Sept 2020'!E27 -> 30549 | F24: 0.0289342 | G24: ='Sept 2020'!J27 -> 0 | H24: 0.11245792 | I24: ='Sept 2020'!G27*1000 -> 81000 | J24: 0.024474975 | K24: ='Sept 2020'!I27 -> 255 | L24: 1.0407051 | M24: ='Sept 2020'!L27 -> 222 | N24: 0.563 | O24: ='Sept 2020'!D27 -> 85
A25: Bahrain Bay | B25: =B24+1 -> 24 | C25: 9 | D25: 2020 | E25: ='Sept 2020'!E28 -> 36747 | F25: 0.0289342 | G25: ='Sept 2020'!J28 -> 0 | H25: 0.11245792 | I25: ='Sept 2020'!G28*1000 -> 81000 | J25: 0.024474975 | K25: ='Sept 2020'!I28 -> 159 | L25: 1.0407051 | M25: ='Sept 2020'!L28 -> 58 | N25: 0.563 | O25: ='Sept 2020'!D28 -> 117
A26: Bahrain Bay | B26: =B25+1 -> 25 | C26: 9 | D26: 2020 | E26: ='Sept 2020'!E29 -> 35187 | F26: 0.0289342 | G26: ='Sept 2020'!J29 -> 0 | H26: 0.11245792 | I26: ='Sept 2020'!G29*1000 -> 95000 | J26: 0.024474975 | K26: ='Sept 2020'!I29 -> 293 | L26: 1.0407051 | M26: ='Sept 2020'!L29 -> 388 | N26: 0.563 | O26: ='Sept 2020'!D29 -> 111 | R26: =490.028+5157.75+445.071+1064.08 -> 7156.929
A27: Bahrain Bay | B27: =B26+1 -> 26 | C27: 9 | D27: 2020 | E27: ='Sept 2020'!E30 -> 25819 | F27: 0.0289342 | G27: ='Sept 2020'!J30 -> 2970 | H27: 0.11245792 | I27: ='Sept 2020'!G30*1000 -> 82000 | J27: 0.024474975 | K27: ='Sept 2020'!I30 -> 235 | L27: 1.0407051 | M27: ='Sept 2020'!L30 -> 215 | N27: 0.563 | O27: ='Sept 2020'!D30 -> 64 | R27: 6877
A28: Bahrain Bay | B28: =B27+1 -> 27 | C28: 9 | D28: 2020 | E28: ='Sept 2020'!E31 -> 31338 | F28: 0.0289342 | G28: ='Sept 2020'!J31 -> 0 | H28: 0.11245792 | I28: ='Sept 2020'!G31*1000 -> 81000 | J28: 0.024474975 | K28: ='Sept 2020'!I31 -> 167 | L28: 1.0407051 | M28: ='Sept 2020'!L31 -> 532 | N28: 0.563 | O28: ='Sept 2020'!D31 -> 88 | R28: =R26/R27 -> 1.0407051
A29: Bahrain Bay | B29: =B28+1 -> 28 | C29: 9 | D29: 2020 | E29: ='Sept 2020'!E32 -> 31480 | F29: 0.0289342 | G29: ='Sept 2020'!J32 -> 2970 | H29: 0.11245792 | I29: ='Sept 2020'!G32*1000 -> 79000 | J29: 0.024474975 | K29: ='Sept 2020'!I32 -> 309 | L29: 1.0407051 | M29: ='Sept 2020'!L32 -> 0 | N29: 0.563 | O29: ='Sept 2020'!D32 -> 86
A30: Bahrain Bay | B30: 29 | C30: 9 | D30: 2020 | E30: ='Sept 2020'!E33 -> 31678 | F30: 0.0289342 | G30: ='Sept 2020'!J33 -> 0 | H30: 0.11245792 | I30: ='Sept 2020'!G33*1000 -> 72000 | J30: 0.024474975 | K30: ='Sept 2020'!I33 -> 294 | L30: 1.0407051 | M30: ='Sept 2020'!L33 -> 382 | N30: 0.563 | O30: ='Sept 2020'!D33 -> 67
A31: Bahrain Bay | B31: 30 | C31: 9 | D31: 2020 | E31: ='Sept 2020'!E34 -> 30516 | F31: 0.0289342 | G31: ='Sept 2020'!J34 -> 2970 | H31: 0.11245792 | I31: ='Sept 2020'!G34*1000 -> 80000 | J31: 0.024474975 | K31: ='Sept 2020'!I34 -> 201 | L31: 1.0407051 | M31: ='Sept 2020'!L34 -> 69 | N31: 0.563 | O31: ='Sept 2020'!D34 -> 88
A32: Bahrain Bay | B32: 31 | C32: 9 | D32: 2020 | E32: ='Sept 2020'!E35 -> 0 | F32: 0.0289342 | G32: ='Sept 2020'!J35 -> 0 | H32: 0.11245792 | I32: ='Sept 2020'!G35*1000 -> 0 | J32: 0.024474975 | K32: ='Sept 2020'!I35 -> 0 | L32: 1.0407051 | M32: ='Sept 2020'!L35 -> 0 | N32: 0.563 | O32: ='Sept 2020'!D35 -> 0

Sheet Sept 2020
B2: Electricity and Utilities Reading
B3: S. No. | C3: Date | E3: Electricity Consumption kWh | F3: Chilled H2O Consumption Reading | G3: Consumption MWh | H3: Potable Water Consumption Reading | I3: Consumption m3 | K3: Irrigation Water Consumption Reading | L3: Consumption m3
D4: RoomNights | J4: LPG (Kg)
B5: 1 | C5: 44075 | D5: 31 | E5: 32017 | F5: 177119 | G5: =F6-F5 -> 87 | H5: 406178 | I5: =H6-H5 -> 320 | J5: 0 | K5: 247992 | L5: =K6-K5 -> 345
B6: 2 | C6: 44076 | D6: 35 | E6: 32048 | F6: 177206 | G6: =F7-F6 -> 85 | H6: 406498 | I6: =H7-H6 -> 278 | J6: 0 | K6: 248337 | L6: =K7-K6 -> 332
B7: 3 | C7: 44077 | D7: 47 | E7: 32826 | F7: 177291 | G7: =F8-F7 -> 87 | H7: 406776 | I7: =H8-H7 -> 221 | J7: 0 | K7: 248669 | L7: =K8-K7 -> 378
B8: 4 | C8: 44078 | D8: 82 | E8: 31060 | F8: 177378 | G8: =F9-F8 -> 89 | H8: 406997 | I8: =H9-H8 -> 256 | J8: 0 | K8: 249047 | L8: =K9-K8 -> 148
B9: 5 | C9: 44079 | D9: 28 | E9: 32676 | F9: 177467 | G9: =F10-F9 -> 89 | H9: 407253 | I9: =H10-H9 -> 276 | J9: 2970 | K9: 249195 | L9: =K10-K9 -> 348
B10: 6 | C10: 44080 | D10: 19 | E10: 31357 | F10: 177556 | G10: =F11-F10 -> 87 | H10: 407529 | I10: =H11-H10 -> 197 | J10: 2970 | K10: 249543 | L10: =K11-K10 -> 7
B11: 7 | C11: 44081 | D11: 26 | E11: 31357 | F11: 177643 | G11: =F12-F11 -> 81 | H11: 407726 | I11: =H12-H11 -> 181 | J11: 0 | K11: 249550 | L11: =K12-K11 -> 446
B12: 8 | C12: 44082 | D12: 32 | E12: 29924 | F12: 177724 | G12: =F13-F12 -> 73 | H12: 407907 | I12: =H13-H12 -> 202 | J12: 0 | K12: 249996 | L12: =K13-K12 -> 299
B13: 9 | C13: 44083 | D13: 39 | E13: 30479 | F13: 177797 | G13: =F14-F13 -> 75 | H13: 408109 | I13: =H14-H13 -> 137 | J13: 0 | K13: 250295 | L13: =K14-K13 -> 147
B14: 10 | C14: 44084 | D14: 66 | E14: 31676 | F14: 177872 | G14: =F15-F14 -> 82 | H14: 408246 | I14: =H15-H14 -> 270 | J14: 2970 | K14: 250442 | L14: =K15-K14 -> 336
B15: 11 | C15: 44085 | D15: 92 | E15: 30695 | F15: 177954 | G15: =F16-F15 -> 81 | H15: 408516 | I15: =H16-H15 -> 244 | J15: 0 | K15: 250778 | L15: =K16-K15 -> 185
B16: 12 | C16: 44086 | D16: 46 | E16: 31392 | F16: 178035 | G16: =F17-F16 -> 86 | H16: 408760 | I16: =H17-H16 -> 197 | J16: 0 | K16: 250963 | L16: =K17-K16 -> 3
... B28: 24 | C28: 44098 | D28: 117 | E28: 36747 | F28: 179023 | G28: =F29-F28 -> 81 | H28: 411397 | I28: =H29-H28 -> 159 | J28: 0 | K28: 254066 | L28: =K29-K28 -> 58
A29: v | B29: 25 | C29: 44099 | D29: 111 | E29: 35187 | F29: 179104 | G29: =F30-F29 -> 95 | H29: 411556 | I29: =H30-H29 -> 293 | J29: 0 | K29: 254124 | L29: =K30-K29 -> 388
B30: 26 | C30: 44100 | D30: 64 | E30: 25819 | F30: 179199 | G30: =F31-F30 -> 82 | H30: 411849 | I30: =H31-H30 -> 235 | J30: 2970 | K30: 254512 | L30: =K31-K30 -> 215
B31: 27 | C31: 44101 | D31: 88 | E31: 31338 | F31: 179281 | G31: =F32-F31 -> 81 | H31: 412084 | I31: =H32-H31 -> 167 | J31: 0 | K31: 254727 | L31: =K32-K31 -> 532
B32: 28 | C32: 44102 | D32: 86 | E32: 31460 | F32: 179362 | G32: =F33-F32 -> 79 | H32: 412251 | I32: =H33-H32 -> 309 | J32: 2970 | K32: 255259 | L32: =K33-K32 -> 0
B33: 29 | C33: 44103 | D33: 67 | E33: 31678 | F33: 179441 | G33: =F34-F33 -> 72 | H33: 412560 | I33: =H34-H33 -> 294 | J33: 0 | K33: 255259 | L33: =K34-K33 -> 382
B34: 30 | C34: 44104 | D34: 88 | E34: 30516 | F34: 179513 | G34: =F35-F34 -> 80.1 | H34: 412854 | I34: =H35-H34 -> 201 | J34: 2970 | K34: 255641 | L34: =K35-K34 -> 69
B35: 31 | C35: 44105 | F35: 179593.1 | H35: 413055 | K35: 255710
G37: =SUM(G5:G34) -> 2474.1
