Workbook

Sheet Sheet1
A1: Site Name | B1: Day | C1: Month | D1: Year | E1: Total Electricity Kwh | F1: Electricity Tariff ($/Kwh) | G1: LPG (Kg) | H1: LPG $/Kg | I1: District Energy Cooling Kwh | J1: District Energy Cooling $/Kwh | K1: Water Utility Supply (m3) m3 | L1: Water Utility Supply (m3) $/m3 | M1: Irrigation Water (m3) m3 | N1: Irrigation water $/m3 | O1: Room Nights | P1: Total Guests
A2: Bahrain Bay | B2: 1 | C2: 10 | D2: 2020 | E2: ='Oct 2020'!E5 -> 34216 | F2: 0.029 | G2: ='Oct 2020'!J5 -> 0 | H2: 0.112 | I2: ='Oct 2020'!G5*1000 -> 81000 | J2: 0.0361 | K2: ='Oct 2020'!I5 -> 176 | L2: 0.75 | M2: ='Oct 2020'!L5 -> 257 | N2: 0.563 | O2: ='Oct 2020'!D5 -> 93
A3: Bahrain Bay | B3: =B2+1 -> 2 | C3: 10 | D3: 2020 | E3: ='Oct 2020'!E6 -> 34468 | F3: 0.029 | G3: ='Oct 2020'!J6 -> 0 | H3: 0.112 | I3: ='Oct 2020'!G6*1000 -> 88000 | J3: 0.0361 | K3: ='Oct 2020'!I6 -> 307 | L3: 0.75 | M3: ='Oct 2020'!L6 -> 306 | N3: 0.563 | O3: ='Oct 2020'!D6 -> 102
A4: Bahrain Bay | B4: =B3+1 -> 3 | C4: 10 | D4: 2020 | E4: ='Oct 2020'!E7 -> 32884 | F4: 0.029 | G4: ='Oct 2020'!J7 -> 0 | H4: 0.112 | I4: ='Oct 2020'!G7*1000 -> 80000 | J4: 0.0361 | K4: ='Oct 2020'!I7 -> 297 | L4: 0.75 | M4: ='Oct 2020'!L7 -> 390 | N4: 0.563 | O4: ='Oct 2020'!D7 -> 59
A5: Bahrain Bay | B5: =B4+1 -> 4 | C5: 10 | D5: 2020 | E5: ='Oct 2020'!E8 -> 34166 | F5: 0.029 | G5: ='Oct 2020'!J8 -> 0 | H5: 0.112 | I5: ='Oct 2020'!G8*1000 -> 73000 | J5: 0.0361 | K5: ='Oct 2020'!I8 -> 191 | L5: 0.75 | M5: ='Oct 2020'!L8 -> 0 | N5: 0.563 | O5: ='Oct 2020'!D8 -> 61
A6: Bahrain Bay | B6: =B5+1 -> 5 | C6: 10 | D6: 2020 | E6: ='Oct 2020'!E9 -> 32065 | F6: 0.029 | G6: ='Oct 2020'!J9 -> 2970 | H6: 0.112 | I6: ='Oct 2020'!G9*1000 -> 80000 | J6: 0.0361 | K6: ='Oct 2020'!I9 -> 208 | L6: 0.75 | M6: ='Oct 2020'!L9 -> 339 | N6: 0.563 | O6: ='Oct 2020'!D9 -> 68
A7: Bahrain Bay | B7: =B6+1 -> 6 | C7: 10 | D7: 2020 | E7: ='Oct 2020'!E10 -> 32578 | F7: 0.029 | G7: 0 | H7: 0.112 | I7: ='Oct 2020'!G10*1000 -> 79000 | J7: 0.0361 | K7: ='Oct 2020'!I10 -> 236 | L7: 0.75 | M7: ='Oct 2020'!L10 -> 367 | N7: 0.563 | O7: ='Oct 2020'!D10 -> 70
A8: Bahrain Bay | B8: =B7+1 -> 7 | C8: 10 | D8: 2020 | E8: ='Oct 2020'!E11 -> 31251 | F8: 0.029 | G8: ='Oct 2020'!J11 -> 2970 | H8: 0.112 | I8: ='Oct 2020'!G11*1000 -> 76000 | J8: 0.0361 | K8: ='Oct 2020'!I11 -> 59 | L8: 0.75 | M8: ='Oct 2020'!L11 -> 382 | N8: 0.563 | O8: ='Oct 2020'!D11 -> 51
A9: Bahrain Bay | B9: =B8+1 -> 8 | C9: 10 | D9: 2020 | E9: ='Oct 2020'!E12 -> 33426 | F9: 0.029 | G9: ='Oct 2020'!J12 -> 0 | H9: 0.112 | I9: ='Oct 2020'!G12*1000 -> 76000 | J9: 0.0361 | K9: ='Oct 2020'!I12 -> 345 | L9: 0.75 | M9: ='Oct 2020'!L12 -> 232 | N9: 0.563 | O9: ='Oct 2020'!D12 -> 71
A10: Bahrain Bay | B10: =B9+1 -> 9 | C10: 10 | D10: 2020 | E10: ='Oct 2020'!E13 -> 33761 | F10: 0.029 | G10: ='Oct 2020'!J13 -> 0 | H10: 0.112 | I10: ='Oct 2020'!G13*1000 -> 70000 | J10: 0.0361 | K10: ='Oct 2020'!I13 -> 239 | L10: 0.75 | M10: ='Oct 2020'!L13 -> 192 | N10: 0.563 | O10: ='Oct 2020'!D13 -> 79
A11: Bahrain Bay | B11: =B10+1 -> 10 | C11: 10 | D11: 2020 | E11: ='Oct 2020'!E14 -> 31431 | F11: 0.029 | G11: ='Oct 2020'!J14 -> 0 | H11: 0.112 | I11: ='Oct 2020'!G14*1000 -> 56000 | J11: 0.0361 | K11: ='Oct 2020'!I14 -> 383 | L11: 0.75 | M11: ='Oct 2020'!L14 -> 254 | N11: 0.563 | O11: ='Oct 2020'!D14 -> 45
A12: Bahrain Bay | B12: =B11+1 -> 11 | C12: 10 | D12: 2020 | E12: ='Oct 2020'!E15 -> 31237 | F12: 0.029 | G12: ='Oct 2020'!J15 -> 0 | H12: 0.112 | I12: ='Oct 2020'!G15*1000 -> 54000 | J12: 0.0361 | K12: ='Oct 2020'!I15 -> 250 | L12: 0.75 | M12: ='Oct 2020'!L15 -> 269 | N12: 0.563 | O12: ='Oct 2020'!D15 -> 44
A13: Bahrain Bay | B13: =B12+1 -> 12 | C13: 10 | D13: 2020 | E13: ='Oct 2020'!E16 -> 30885 | F13: 0.029 | G13: ='Oct 2020'!J16 -> 0 | H13: 0.112 | I13: ='Oct 2020'!G16*1000 -> 57000 | J13: 0.0361 | K13: ='Oct 2020'!I16 -> 214 | L13: 0.75 | M13: ='Oct 2020'!L16 -> 0 | N13: 0.563 | O13: ='Oct 2020'!D16 -> 46
A14: Bahrain Bay | B14: =B13+1 -> 13 | C14: 10 | D14: 2020 | E14: ='Oct 2020'!E17 -> 30973 | F14: 0.029 | G14: ='Oct 2020'!J17 -> 0 | H14: 0.112 | I14: ='Oct 2020'!G17*1000 -> 60000 | J14: 0.0361 | K14: ='Oct 2020'!I17 -> 68 | L14: 0.75 | M14: ='Oct 2020'!L17 -> 712 | N14: 0.563 | O14: ='Oct 2020'!D17 -> 59
A15: Bahrain Bay | B15: =B14+1 -> 14 | C15: 10 | D15: 2020 | E15: ='Oct 2020'!E18 -> 31194 | F15: 0.029 | G15: ='Oct 2020'!J18 -> 0 | H15: 0.112 | I15: ='Oct 2020'!G18*1000 -> 61000 | J15: 0.0361 | K15: ='Oct 2020'!I18 -> 309 | L15: 0.75 | M15: ='Oct 2020'!L18 -> 0 | N15: 0.563 | O15: ='Oct 2020'!D18 -> 58
A16: Bahrain Bay | B16: =B15+1 -> 15 | C16: 10 | D16: 2020 | E16: ='Oct 2020'!E19 -> 31257 | F16: 0.029 | G16: ='Oct 2020'!J19 -> 2970 | H16: 0.112 | I16: ='Oct 2020'!G19*1000 -> 62000 | J16: 0.0361 | K16: ='Oct 2020'!I19 -> 149 | L16: 0.75 | M16: ='Oct 2020'!L19 -> 416 | N16: 0.563 | O16: ='Oct 2020'!D19 -> 73
A17: Bahrain Bay | B17: =B16+1 -> 16 | C17: 10 | D17: 2020 | E17: ='Oct 2020'!E20 -> 31825 | F17: 0.029 | G17: ='Oct 2020'!J20 -> 0 | H17: 0.112 | I17: ='Oct 2020'!G20*1000 -> 60000 | J17: 0.0361 | K17: ='Oct 2020'!I20 -> 253 | L17: 0.75 | M17: ='Oct 2020'!L20 -> 325 | N17: 0.563 | O17: ='Oct 2020'!D20 -> 95
A18: Bahrain Bay | B18: =B17+1 -> 17 | C18: 10 | D18: 2020 | E18: ='Oct 2020'!E21 -> 30814 | F18: 0.029 | G18: ='Oct 2020'!J21 -> 0 | H18: 0.112 | I18: ='Oct 2020'!G21*1000 -> 54000 | J18: 0.0361 | K18: ='Oct 2020'!I21 -> 311 | L18: 0.75 | M18: ='Oct 2020'!L21 -> 164 | N18: 0.563 | O18: ='Oct 2020'!D21 -> 48
A19: Bahrain Bay | B19: =B18+1 -> 18 | C19: 10 | D19: 2020 | E19: ='Oct 2020'!E22 -> 33895 | F19: 0.029 | G19: ='Oct 2020'!J22 -> 0 | H19: 0.112 | I19: ='Oct 2020'!G22*1000 -> 54000 | J19: 0.0361 | K19: ='Oct 2020'!I22 -> 239 | L19: 0.75 | M19: ='Oct 2020'!L22 -> 113 | N19: 0.563 | O19: ='Oct 2020'!D22 -> 39
... A29: Bahrain Bay | B29: =B28+1 -> 28 | C29: 10 | D29: 2020 | E29: ='Oct 2020'!E32 -> 32154 | F29: 0.029 | G29: ='Oct 2020'!J32 -> 2970 | H29: 0.112 | I29: ='Oct 2020'!G32*1000 -> 56000 | J29: 0.0361 | K29: ='Oct 2020'!I32 -> 275 | L29: 0.75 | M29: ='Oct 2020'!L32 -> 155 | N29: 0.563 | O29: ='Oct 2020'!D32 -> 96
A30: Bahrain Bay | B30: 29 | C30: 10 | D30: 2020 | E30: ='Oct 2020'!E33 -> 32609 | F30: 0.029 | G30: ='Oct 2020'!J33 -> 0 | H30: 0.112 | I30: ='Oct 2020'!G33*1000 -> 58000 | J30: 0.0361 | K30: ='Oct 2020'!I33 -> 229 | L30: 0.75 | M30: ='Oct 2020'!L33 -> 143 | N30: 0.563 | O30: ='Oct 2020'!D33 -> 130
A31: Bahrain Bay | B31: 30 | C31: 10 | D31: 2020 | E31: ='Oct 2020'!E34 -> 35842 | F31: 0.029 | G31: ='Oct 2020'!J34 -> 0 | H31: 0.112 | I31: ='Oct 2020'!G34*1000 -> 70000 | J31: 0.0361 | K31: ='Oct 2020'!I34 -> 391 | L31: 0.75 | M31: ='Oct 2020'!L34 -> 36 | N31: 0.563 | O31: ='Oct 2020'!D34 -> 100
A32: Bahrain Bay | B32: 31 | C32: 10 | D32: 2020 | E32: ='Oct 2020'!E35 -> 32915 | F32: 0.029 | G32: ='Oct 2020'!J35 -> 2970 | H32: 0.112 | I32: ='Oct 2020'!G35*1000 -> 59000 | J32: 0.0361 | K32: ='Oct 2020'!I35 -> 334 | L32: 0.75 | M32: ='Oct 2020'!L35 -> 0 | N32: 0.563 | O32: ='Oct 2020'!D35 -> 42

Sheet Oct 2020
B2: Electricity and Utilities Reading
B3: S. No. | C3: Date | E3: Electricity Consumption kWh | F3: Chilled H2O Consumption Reading | G3: Consumption MWh | H3: Potable Water Consumption Reading | I3: Consumption m3 | K3: Irrigation Water Consumption Reading | L3: Consumption m3
D4: RoomNights | J4: LPG (Kg)
B5: 1 | C5: 44105 | D5: 93 | E5: 34216 | F5: 179593 | G5: =F6-F5 -> 81 | H5: 413094 | I5: =H6-H5 -> 176 | J5: 0 | K5: 255709 | L5: =K6-K5 -> 257
B6: 2 | C6: 44106 | D6: 102 | E6: 34468 | F6: 179674 | G6: =F7-F6 -> 88 | H6: 413270 | I6: =H7-H6 -> 307 | J6: 0 | K6: 255966 | L6: =K7-K6 -> 306
B7: 3 | C7: 44107 | D7: 59 | E7: 32884 | F7: 179762 | G7: =F8-F7 -> 80 | H7: 413577 | I7: =H8-H7 -> 297 | J7: 0 | K7: 256272 | L7: =K8-K7 -> 390
B8: 4 | C8: 44108 | D8: 61 | E8: 34166 | F8: 179842 | G8: =F9-F8 -> 73 | H8: 413874 | I8: =H9-H8 -> 191 | J8: 0 | K8: 256662 | L8: =K9-K8 -> 0
B9: 5 | C9: 44109 | D9: 68 | E9: 32065 | F9: 179915 | G9: =F10-F9 -> 80 | H9: 414065 | I9: =H10-H9 -> 208 | J9: 2970 | K9: 256662 | L9: =K10-K9 -> 339
B10: 6 | C10: 44110 | D10: 70 | E10: 32578 | F10: 179995 | G10: =F11-F10 -> 79 | H10: 414273 | I10: =H11-H10 -> 236 | J10: 0 | K10: 257001 | L10: =K11-K10 -> 367
B11: 7 | C11: 44111 | D11: 51 | E11: 31251 | F11: 180074 | G11: =F12-F11 -> 76 | H11: 414509 | I11: =H12-H11 -> 59 | J11: 2970 | K11: 257368 | L11: =K12-K11 -> 382
B12: 8 | C12: 44112 | D12: 71 | E12: 33426 | F12: 180150 | G12: =F13-F12 -> 76 | H12: 414568 | I12: =H13-H12 -> 345 | J12: 0 | K12: 257750 | L12: =K13-K12 -> 232
B13: 9 | C13: 44113 | D13: 79 | E13: 33761 | F13: 180226 | G13: =F14-F13 -> 70 | H13: 414913 | I13: =H14-H13 -> 239 | J13: 0 | K13: 257982 | L13: =K14-K13 -> 192
B14: 10 | C14: 44114 | D14: 45 | E14: 31431 | F14: 180296 | G14: =F15-F14 -> 56 | H14: 415152 | I14: =H15-H14 -> 383 | J14: 0 | K14: 258174 | L14: =K15-K14 -> 254
B15: 11 | C15: 44115 | D15: 44 | E15: 31237 | F15: 180352 | G15: =F16-F15 -> 54 | H15: 415535 | I15: =H16-H15 -> 250 | J15: 0 | K15: 258428 | L15: =K16-K15 -> 269
B16: 12 | C16: 44116 | D16: 46 | E16: 30885 | F16: 180406 | G16: =F17-F16 -> 57 | H16: 415785 | I16: =H17-H16 -> 214 | J16: 0 | K16: 258697 | L16: =K17-K16 -> 0
... B28: 24 | C28: 44128 | D28: 51 | E28: 31298 | F28: 181062 | G28: =F29-F28 -> 56 | H28: 418405 | I28: =H29-H28 -> 195 | J28: 0 | K28: 261841 | L28: =K29-K28 -> 282
A29: v | B29: 25 | C29: 44129 | D29: 47 | E29: 30178 | F29: 181118 | G29: =F30-F29 -> 56 | H29: 418600 | I29: =H30-H29 -> 327 | J29: 2970 | K29: 262123 | L29: =K30-K29 -> 248
B30: 26 | C30: 44130 | D30: 49 | E30: 33072 | F30: 181174 | G30: =F31-F30 -> 55 | H30: 418927 | I30: =H31-H30 -> 249 | J30: 0 | K30: 262371 | L30: =K31-K30 -> 184
B31: 27 | C31: 44131 | D31: 67 | E31: 28615 | F31: 181229 | G31: =F32-F31 -> 57 | H31: 419176 | I31: =H32-H31 -> 231 | J31: 2970 | K31: 262555 | L31: =K32-K31 -> 86
B32: 28 | C32: 44132 | D32: 96 | E32: 32154 | F32: 181286 | G32: =F33-F32 -> 56 | H32: 419407 | I32: =H33-H32 -> 275 | J32: 2970 | K32: 262641 | L32: =K33-K32 -> 155
B33: 29 | C33: 44133 | D33: 130 | E33: 32609 | F33: 181342 | G33: =F34-F33 -> 58 | H33: 419682 | I33: =H34-H33 -> 229 | J33: 0 | K33: 262796 | L33: =K34-K33 -> 143
B34: 30 | C34: 44134 | D34: 100 | E34: 35842 | F34: 181400 | G34: =F35-F34 -> 70 | H34: 419911 | I34: =H35-H34 -> 391 | J34: 0 | K34: 262939 | L34: =K35-K34 -> 36
B35: 31 | C35: 44135 | D35: 42 | E35: 32915 | F35: 181470 | G35: =F36-F35 -> 59 | H35: 420302 | I35: =H36-H35 -> 334 | J35: 2970 | K35: 262975 | L35: =K36-K35 -> 0
F36: 181529 | H36: 420636 | K36: 262975
