Workbook

Sheet Sheet1
A1: Site Name | B1: Day | C1: Month | D1: Year | E1: Total Electricity Kwh | F1: Electricity Tariff ($/Kwh) | G1: LPG (Kg) | H1: LPG $/Kg | I1: District Energy Cooling Kwh | J1: District Energy Cooling $/Kwh | K1: Water Utility Supply (m3) m3 | L1: Water Utility Supply (m3) $/m3 | M1: Irrigation Water (m3) m3 | N1: Irrigation water $/m3 | O1: Room Nights | P1: Total Guests
A2: Bahrain Bay | B2: 1 | C2: 11 | D2: 2020 | E2: ='Nov2020'!E5 -> 31898 | F2: 0.029 | G2: ='Nov2020'!J5 -> 0 | H2: 0.112 | I2: ='Nov2020'!G5*1000 -> 52000 | J2: 0.0361 | K2: ='Nov2020'!I5 -> 427 | L2: 0.75 | M2: ='Nov2020'!L5 -> 0 | N2: 0.563 | O2: ='Nov2020'!D5 -> 38
A3: Bahrain Bay | B3: =B2+1 -> 2 | C3: 11 | D3: 2020 | E3: ='Nov2020'!E6 -> 31241 | F3: 0.029 | G3: ='Nov2020'!J6 -> 0 | H3: 0.112 | I3: ='Nov2020'!G6*1000 -> 49000 | J3: 0.0361 | K3: ='Nov2020'!I6 -> 425 | L3: 0.75 | M3: ='Nov2020'!L6 -> 92 | N3: 0.563 | O3: ='Nov2020'!D6 -> 42
A4: Bahrain Bay | B4: =B3+1 -> 3 | C4: 11 | D4: 2020 | E4: ='Nov2020'!E7 -> 32595 | F4: 0.029 | G4: ='Nov2020'!J7 -> 0 | H4: 0.112 | I4: ='Nov2020'!G7*1000 -> 47000 | J4: 0.0361 | K4: ='Nov2020'!I7 -> 67 | L4: 0.75 | M4: ='Nov2020'!L7 -> 141 | N4: 0.563 | O4: ='Nov2020'!D7 -> 37
A5: Bahrain Bay | B5: =B4+1 -> 4 | C5: 11 | D5: 2020 | E5: ='Nov2020'!E8 -> 0 | F5: 0.029 | G5: ='Nov2020'!J8 -> 0 | H5: 0.112 | I5: ='Nov2020'!G8*1000 -> 0 | J5: 0.0361 | K5: ='Nov2020'!I8 -> 0 | L5: 0.75 | M5: ='Nov2020'!L8 -> 0 | N5: 0.563 | O5: ='Nov2020'!D8 -> 0
A6: Bahrain Bay | B6: =B5+1 -> 5 | C6: 11 | D6: 2020 | E6: ='Nov2020'!E9 -> 0 | F6: 0.029 | G6: ='Nov2020'!J9 -> 0 | H6: 0.112 | I6: ='Nov2020'!G9*1000 -> 0 | J6: 0.0361 | K6: ='Nov2020'!I9 -> 0 | L6: 0.75 | M6: ='Nov2020'!L9 -> 0 | N6: 0.563 | O6: ='Nov2020'!D9 -> 0
A7: Bahrain Bay | B7: =B6+1 -> 6 | C7: 11 | D7: 2020 | E7: ='Nov2020'!E10 -> 0 | F7: 0.029 | G7: 0 | H7: 0.112 | I7: ='Nov2020'!G10*1000 -> 0 | J7: 0.0361 | K7: ='Nov2020'!I10 -> 0 | L7: 0.75 | M7: ='Nov2020'!L10 -> 0 | N7: 0.563 | O7: ='Nov2020'!D10 -> 0
A8: Bahrain Bay | B8: =B7+1 -> 7 | C8: 11 | D8: 2020 | E8: ='Nov2020'!E11 -> 0 | F8: 0.029 | G8: ='Nov2020'!J11 -> 0 | H8: 0.112 | I8: ='Nov2020'!G11*1000 -> 0 | J8: 0.0361 | K8: ='Nov2020'!I11 -> 0 | L8: 0.75 | M8: ='Nov2020'!L11 -> 0 | N8: 0.563 | O8: ='Nov2020'!D11 -> 0
A9: Bahrain Bay | B9: =B8+1 -> 8 | C9: 11 | D9: 2020 | E9: ='Nov2020'!E12 -> 0 | F9: 0.029 | G9: ='Nov2020'!J12 -> 0 | H9: 0.112 | I9: ='Nov2020'!G12*1000 -> 0 | J9: 0.0361 | K9: ='Nov2020'!I12 -> 0 | L9: 0.75 | M9: ='Nov2020'!L12 -> 0 | N9: 0.563 | O9: ='Nov2020'!D12 -> 0
A10: Bahrain Bay | B10: =B9+1 -> 9 | C10: 11 | D10: 2020 | E10: ='Nov2020'!E13 -> 0 | F10: 0.029 | G10: ='Nov2020'!J13 -> 0 | H10: 0.112 | I10: ='Nov2020'!G13*1000 -> 0 | J10: 0.0361 | K10: ='Nov2020'!I13 -> 0 | L10: 0.75 | M10: ='Nov2020'!L13 -> 0 | N10: 0.563 | O10: ='Nov2020'!D13 -> 0
A11: Bahrain Bay | B11: =B10+1 -> 10 | C11: 11 | D11: 2020 | E11: ='Nov2020'!E14 -> 0 | F11: 0.029 | G11: ='Nov2020'!J14 -> 0 | H11: 0.112 | I11: ='Nov2020'!G14*1000 -> 0 | J11: 0.0361 | K11: ='Nov2020'!I14 -> 0 | L11: 0.75 | M11: ='Nov2020'!L14 -> 0 | N11: 0.563 | O11: ='Nov2020'!D14 -> 0
A12: Bahrain Bay | B12: =B11+1 -> 11 | C12: 11 | D12: 2020 | E12: ='Nov2020'!E15 -> 0 | F12: 0.029 | G12: ='Nov2020'!J15 -> 0 | H12: 0.112 | I12: ='Nov2020'!G15*1000 -> 0 | J12: 0.0361 | K12: ='Nov2020'!I15 -> 0 | L12: 0.75 | M12: ='Nov2020'!L15 -> 0 | N12: 0.563 | O12: ='Nov2020'!D15 -> 0
A13: Bahrain Bay | B13: =B12+1 -> 12 | C13: 11 | D13: 2020 | E13: ='Nov2020'!E16 -> 0 | F13: 0.029 | G13: ='Nov2020'!J16 -> 0 | H13: 0.112 | I13: ='Nov2020'!G16*1000 -> 0 | J13: 0.0361 | K13: ='Nov2020'!I16 -> 0 | L13: 0.75 | M13: ='Nov2020'!L16 -> 0 | N13: 0.563 | O13: ='Nov2020'!D16 -> 0
A14: Bahrain Bay | B14: =B13+1 -> 13 | C14: 11 | D14: 2020 | E14: ='Nov2020'!E17 -> 0 | F14: 0.029 | G14: ='Nov2020'!J17 -> 0 | H14: 0.112 | I14: ='Nov2020'!G17*1000 -> 0 | J14: 0.0361 | K14: ='Nov2020'!I17 -> 0 | L14: 0.75 | M14: ='Nov2020'!L17 -> 0 | N14: 0.563 | O14: ='Nov2020'!D17 -> 0
A15: Bahrain Bay | B15: =B14+1 -> 14 | C15: 11 | D15: 2020 | E15: ='Nov2020'!E18 -> 0 | F15: 0.029 | G15: ='Nov2020'!J18 -> 0 | H15: 0.112 | I15: ='Nov2020'!G18*1000 -> 0 | J15: 0.0361 | K15: ='Nov2020'!I18 -> 0 | L15: 0.75 | M15: ='Nov2020'!L18 -> 0 | N15: 0.563 | O15: ='Nov2020'!D18 -> 0
A16: Bahrain Bay | B16: =B15+1 -> 15 | C16: 11 | D16: 2020 | E16: ='Nov2020'!E19 -> 0 | F16: 0.029 | G16: ='Nov2020'!J19 -> 0 | H16: 0.112 | I16: ='Nov2020'!G19*1000 -> 0 | J16: 0.0361 | K16: ='Nov2020'!I19 -> 0 | L16: 0.75 | M16: ='Nov2020'!L19 -> 0 | N16: 0.563 | O16: ='Nov2020'!D19 -> 0
A17: Bahrain Bay | B17: =B16+1 -> 16 | C17: 11 | D17: 2020 | E17: ='Nov2020'!E20 -> 0 | F17: 0.029 | G17: ='Nov2020'!J20 -> 0 | H17: 0.112 | I17: ='Nov2020'!G20*1000 -> 0 | J17: 0.0361 | K17: ='Nov2020'!I20 -> 0 | L17: 0.75 | M17: ='Nov2020'!L20 -> 0 | N17: 0.563 | O17: ='Nov2020'!D20 -> 0
A18: Bahrain Bay | B18: =B17+1 -> 17 | C18: 11 | D18: 2020 | E18: ='Nov2020'!E21 -> 0 | F18: 0.029 | G18: ='Nov2020'!J21 -> 0 | H18: 0.112 | I18: ='Nov2020'!G21*1000 -> 0 | J18: 0.0361 | K18: ='Nov2020'!I21 -> 0 | L18: 0.75 | M18: ='Nov2020'!L21 -> 0 | N18: 0.563 | O18: ='Nov2020'!D21 -> 0
A19: Bahrain Bay | B19: =B18+1 -> 18 | C19: 11 | D19: 2020 | E19: ='Nov2020'!E22 -> 0 | F19: 0.029 | G19: ='Nov2020'!J22 -> 0 | H19: 0.112 | I19: ='Nov2020'!G22*1000 -> 0 | J19: 0.0361 | K19: ='Nov2020'!I22 -> 0 | L19: 0.75 | M19: ='Nov2020'!L22 -> 0 | N19: 0.563 | O19: ='Nov2020'!D22 -> 0
... A28: Bahrain Bay | B28: =B27+1 -> 27 | C28: 11 | D28: 2020 | E28: ='Nov2020'!E31 -> 0 | F28: 0.029 | G28: ='Nov2020'!J31 -> 0 | H28: 0.112 | I28: ='Nov2020'!G31*1000 -> 0 | J28: 0.0361 | K28: ='Nov2020'!I31 -> 0 | L28: 0.75 | M28: ='Nov2020'!L31 -> 0 | N28: 0.563 | O28: ='Nov2020'!D31 -> 0
A29: Bahrain Bay | B29: =B28+1 -> 28 | C29: 11 | D29: 2020 | E29: ='Nov2020'!E32 -> 0 | F29: 0.029 | G29: ='Nov2020'!J32 -> 0 | H29: 0.112 | I29: ='Nov2020'!G32*1000 -> 0 | J29: 0.0361 | K29: ='Nov2020'!I32 -> 0 | L29: 0.75 | M29: ='Nov2020'!L32 -> 0 | N29: 0.563 | O29: ='Nov2020'!D32 -> 0 | Q29: w
A30: Bahrain Bay | B30: 29 | C30: 11 | D30: 2020 | E30: ='Nov2020'!E33 -> 0 | F30: 0.029 | G30: ='Nov2020'!J33 -> 0 | H30: 0.112 | I30: ='Nov2020'!G33*1000 -> 0 | J30: 0.0361 | K30: ='Nov2020'!I33 -> 0 | L30: 0.75 | M30: ='Nov2020'!L33 -> 0 | N30: 0.563 | O30: ='Nov2020'!D33 -> 0
A31: Bahrain Bay | B31: 30 | C31: 11 | D31: 2020 | E31: ='Nov2020'!E34 -> 0 | F31: 0.029 | G31: ='Nov2020'!J34 -> 0 | H31: 0.112 | I31: ='Nov2020'!G34*1000 -> 0 | J31: 0.0361 | K31: ='Nov2020'!I34 -> 0 | L31: 0.75 | M31: ='Nov2020'!L34 -> 0 | N31: 0.563 | O31: ='Nov2020'!D34 -> 0
A32: Bahrain Bay | B32: 31 | C32: 11 | D32: 2020 | E32: ='Nov2020'!E35 -> 0 | F32: 0.029 | G32: ='Nov2020'!J35 -> 0 | H32: 0.112 | I32: ='Nov2020'!G35*1000 -> 0 | J32: 0.0361 | K32: ='Nov2020'!I35 -> 0 | L32: 0.75 | M32: ='Nov2020'!L35 -> 0 | N32: 0.563 | O32: ='Nov2020'!D35 -> 0

Sheet Nov2020
B2: Electricity and Utilities Reading
B3: S. No. | C3: Date | E3: Electricity Consumption kWh | F3: Chilled H2O Consumption Reading | G3: Consumption MWh | H3: Potable Water Consumption Reading | I3: Consumption m3 | K3: Irrigation Water Consumption Reading | L3: Consumption m3
D4: RoomNights | J4: LPG (Kg)
B5: 1 | C5: 44136 | D5: 38 | E5: 31898 | F5: 181529 | G5: =F6-F5 -> 52 | H5: 420636 | I5: =H6-H5 -> 427 | J5: 0 | K5: 262975 | L5: =K6-K5 -> 0
B6: 2 | C6: 44137 | D6: 42 | E6: 31241 | F6: 181581 | G6: =F7-F6 -> 49 | H6: 421063 | I6: =H7-H6 -> 425 | J6: 0 | K6: 262975 | L6: =K7-K6 -> 92
B7: 3 | C7: 44138 | D7: 37 | E7: 32595 | F7: 181630 | G7: =F8-F7 -> 47 | H7: 421488 | I7: =H8-H7 -> 67 | J7: 0 | K7: 263067 | L7: =K8-K7 -> 141
B8: 4 | C8: 44139 | F8: 181677 | H8: 421555 | K8: 263208
B9: 5 | C9: 44140
B10: 6 | C10: 44141
B11: 7 | C11: 44142
B12: 8 | C12: 44143
B13: 9 | C13: 44144
B14: 10 | C14: 44145
B15: 11 | C15: 44146
B16: 12 | C16: 44147
B17: 13 | C17: 44148
B18: 14 | C18: 44149
B19: 15 | C19: 44150
B20: 16 | C20: 44151
... B28: 24 | C28: 44159
A29: v | B29: 25 | C29: 44160
B30: 26 | C30: 44161
B31: 27 | C31: 44162
B32: 28 | C32: 44163
B33: 29 | C33: 44164
B34: 30 | C34: 44165
B35: 31 | C35: 44166
