Workbook

Sheet Total Daily 
A1: Site Name | B1: Day | C1: Month | D1: Year | E1: Total Electricity Kwh | F1: Electricity Tariff ($/Kwh) | G1: LPG (Kg) | H1: LPG $/Kg | I1: District Energy Cooling Kwh | J1: District Energy Cooling $/Kwh | K1: Water Utility Supply (m3) m3 | L1: Water Utility Supply (m3) m3 | M1: Water Utility Supply (m3) $/m3 | N1: Room Nights
A2: Dubai DIFC | B2: 1 | C2: 11 | D2: 2020 | E2: ='11 - 2020'!B8-'11 - 2020'!B7+'11 - 2020'!C8-'11 - 2020'!C7 -> 9153.59 | F2: 0.118 | G2: =(('11 - 2020'!E8-'11 - 2020'!E7)+('11 - 2020'!F8-'11 - 2020'!F7)+('11 - 2020'!G8-'11 - 2020'!G7))*1.81 -> 88.69 | H2: 0.99 | I2: ='11 - 2020'!J8-'11 - 2020'!J7 -> 22844 | J2: 0.081 | K2: ='11 - 2020'!H8-'11 - 2020'!H7 -> 0 | L2: ='11 - 2020'!I8-'11 - 2020'!I7 -> 71 | M2: 4.3936294 | N2: 40
A3: Dubai DIFC | B3: =B2+1 -> 2 | C3: 11 | D3: 2020 | E3: ='11 - 2020'!B9-'11 - 2020'!B8+'11 - 2020'!C9-'11 - 2020'!C8 -> 8852.41 | F3: 0.118 | G3: =(('11 - 2020'!E9-'11 - 2020'!E8)+('11 - 2020'!F9-'11 - 2020'!F8)+('11 - 2020'!G9-'11 - 2020'!G8))*1.81 -> 95.93 | H3: 0.99 | I3: ='11 - 2020'!J9-'11 - 2020'!J8 -> 21810 | J3: 0.081 | K3: ='11 - 2020'!H9-'11 - 2020'!H8 -> 0 | L3: ='11 - 2020'!I9-'11 - 2020'!I8 -> 60 | M3: 4.3936294 | N3: 44
A4: Dubai DIFC | B4: =B3+1 -> 3 | C4: 11 | D4: 2020 | E4: ='11 - 2020'!B10-'11 - 2020'!B9+'11 - 2020'!C10-'11 - 2020'!C9 -> 9039.4 | F4: 0.118 | G4: =(('11 - 2020'!E10-'11 - 2020'!E9)+('11 - 2020'!F10-'11 - 2020'!F9)+('11 - 2020'!G10-'11 - 2020'!G9))*1.81 -> 106.0298 | H4: 0.99 | I4: ='11 - 2020'!J10-'11 - 2020'!J9 -> 23914 | J4: 0.081 | K4: ='11 - 2020'!H10-'11 - 2020'!H9 -> 0 | L4: ='11 - 2020'!I10-'11 - 2020'!I9 -> 54 | M4: 4.3936294 | N4: 40
A5: Dubai DIFC | B5: =B4+1 -> 4 | C5: 11 | D5: 2020 | E5: ='11 - 2020'!B11-'11 - 2020'!B10+'11 - 2020'!C11-'11 - 2020'!C10 -> 8999.4 | F5: 0.118 | G5: =(('11 - 2020'!E11-'11 - 2020'!E10)+('11 - 2020'!F11-'11 - 2020'!F10)+('11 - 2020'!G11-'11 - 2020'!G10))*1.81 -> 83.5315 | H5: 0.99 | I5: ='11 - 2020'!J11-'11 - 2020'!J10 -> 19504 | J5: 0.081 | K5: ='11 - 2020'!H11-'11 - 2020'!H10 -> 0 | L5: ='11 - 2020'!I11-'11 - 2020'!I10 -> 60 | M5: 4.3936294 | N5: 50
A6: Dubai DIFC | B6: =B5+1 -> 5 | C6: 11 | D6: 2020 | E6: ='11 - 2020'!B12-'11 - 2020'!B11+'11 - 2020'!C12-'11 - 2020'!C11 -> 9843.8 | F6: 0.118 | G6: =(('11 - 2020'!E12-'11 - 2020'!E11)+('11 - 2020'!F12-'11 - 2020'!F11)+('11 - 2020'!G12-'11 - 2020'!G11))*1.81 -> 95.3327 | H6: 0.99 | I6: ='11 - 2020'!J12-'11 - 2020'!J11 -> 22064 | J6: 0.081 | K6: ='11 - 2020'!H12-'11 - 2020'!H11 -> 0 | L6: ='11 - 2020'!I12-'11 - 2020'!I11 -> 60 | M6: 4.3936294 | N6: 51
A7: Dubai DIFC | B7: =B6+1 -> 6 | C7: 11 | D7: 2020 | E7: ='11 - 2020'!B13-'11 - 2020'!B12+'11 - 2020'!C13-'11 - 2020'!C12 -> 8333.4 | F7: 0.118 | G7: =(('11 - 2020'!E13-'11 - 2020'!E12)+('11 - 2020'!F13-'11 - 2020'!F12)+('11 - 2020'!G13-'11 - 2020'!G12))*1.81 -> 110.4643 | H7: 0.99 | I7: ='11 - 2020'!J13-'11 - 2020'!J12 -> 19404 | J7: 0.081 | K7: ='11 - 2020'!H13-'11 - 2020'!H12 -> 0 | L7: ='11 - 2020'!I13-'11 - 2020'!I12 -> 69 | M7: 4.3936294 | N7: 45
A8: Dubai DIFC | B8: =B7+1 -> 7 | C8: 11 | D8: 2020 | E8: ='11 - 2020'!B14-'11 - 2020'!B13+'11 - 2020'!C14-'11 - 2020'!C13 -> 9565 | F8: 0.118 | G8: =(('11 - 2020'!E14-'11 - 2020'!E13)+('11 - 2020'!F14-'11 - 2020'!F13)+('11 - 2020'!G14-'11 - 2020'!G13))*1.81 -> 106.066 | H8: 0.99 | I8: ='11 - 2020'!J14-'11 - 2020'!J13 -> 19352 | J8: 0.081 | K8: ='11 - 2020'!H14-'11 - 2020'!H13 -> 0 | L8: ='11 - 2020'!I14-'11 - 2020'!I13 -> 69 | M8: 4.3936294 | N8: 52
A9: Dubai DIFC | B9: =B8+1 -> 8 | C9: 11 | D9: 2020 | E9: ='11 - 2020'!B15-'11 - 2020'!B14+'11 - 2020'!C15-'11 - 2020'!C14 -> 9122.2 | F9: 0.118 | G9: =(('11 - 2020'!E15-'11 - 2020'!E14)+('11 - 2020'!F15-'11 - 2020'!F14)+('11 - 2020'!G15-'11 - 2020'!G14))*1.81 -> 96.6902 | H9: 0.99 | I9: ='11 - 2020'!J15-'11 - 2020'!J14 -> 18331 | J9: 0.081 | K9: ='11 - 2020'!H15-'11 - 2020'!H14 -> 0 | L9: ='11 - 2020'!I15-'11 - 2020'!I14 -> 80 | M9: 4.3936294 | N9: 58
A10: Dubai DIFC | B10: =B9+1 -> 9 | C10: 11 | D10: 2020 | E10: ='11 - 2020'!B16-'11 - 2020'!B15+'11 - 2020'!C16-'11 - 2020'!C15 -> 9568.7 | F10: 0.118 | G10: =(('11 - 2020'!E16-'11 - 2020'!E15)+('11 - 2020'!F16-'11 - 2020'!F15)+('11 - 2020'!G16-'11 - 2020'!G15))*1.81 -> 108.1294 | H10: 0.99 | I10: ='11 - 2020'!J16-'11 - 2020'!J15 -> 21972 | J10: 0.081 | K10: ='11 - 2020'!H16-'11 - 2020'!H15 -> 0 | L10: ='11 - 2020'!I16-'11 - 2020'!I15 -> 90 | M10: 4.3936294 | N10: 60
A11: Dubai DIFC | B11: =B10+1 -> 10 | C11: 11 | D11: 2020 | E11: ='11 - 2020'!B17-'11 - 2020'!B16+'11 - 2020'!C17-'11 - 2020'!C16 -> 8973.8 | F11: 0.118 | G11: =(('11 - 2020'!E17-'11 - 2020'!E16)+('11 - 2020'!F17-'11 - 2020'!F16)+('11 - 2020'!G17-'11 - 2020'!G16))*1.81 -> 75.9114 | H11: 0.99 | I11: ='11 - 2020'!J17-'11 - 2020'!J16 -> 23719 | J11: 0.081 | K11: ='11 - 2020'!H17-'11 - 2020'!H16 -> 0 | L11: ='11 - 2020'!I17-'11 - 2020'!I16 -> 78 | M11: 4.3936294 | N11: 60
A12: Dubai DIFC | B12: =B11+1 -> 11 | C12: 11 | D12: 2020 | E12: ='11 - 2020'!B18-'11 - 2020'!B17+'11 - 2020'!C18-'11 - 2020'!C17 -> 9069.5 | F12: 0.118 | G12: =(('11 - 2020'!E18-'11 - 2020'!E17)+('11 - 2020'!F18-'11 - 2020'!F17)+('11 - 2020'!G18-'11 - 2020'!G17))*1.81 -> 74.4996 | H12: 0.99 | I12: ='11 - 2020'!J18-'11 - 2020'!J17 -> 25602 | J12: 0.081 | K12: ='11 - 2020'!H18-'11 - 2020'!H17 -> 0 | L12: ='11 - 2020'!I18-'11 - 2020'!I17 -> 60 | M12: 4.3936294 | N12: 63
A13: Dubai DIFC | B13: =B12+1 -> 12 | C13: 11 | D13: 2020 | E13: 0 | F13: 0.118 | G13: 0 | H13: 0.99 | I13: 0 | J13: 0.081 | K13: 0 | L13: 0 | M13: 4.3936294
A14: Dubai DIFC | B14: =B13+1 -> 13 | C14: 11 | D14: 2020 | E14: ='11 - 2020'!B20-'11 - 2020'!B19+'11 - 2020'!C20-'11 - 2020'!C19 -> 0 | F14: 0.118 | G14: =(('11 - 2020'!E20-'11 - 2020'!E19)+('11 - 2020'!F20-'11 - 2020'!F19)+('11 - 2020'!G20-'11 - 2020'!G19))*1.81 -> 0 | H14: 0.99 | I14: ='11 - 2020'!J20-'11 - 2020'!J19 -> 0 | J14: 0.081 | K14: ='11 - 2020'!H20-'11 - 2020'!H19 -> 0 | L14: ='11 - 2020'!I20-'11 - 2020'!I19 -> 0 | M14: 4.3936294
A15: Dubai DIFC | B15: =B14+1 -> 14 | C15: 11 | D15: 2020 | E15: ='11 - 2020'!B21-'11 - 2020'!B20+'11 - 2020'!C21-'11 - 2020'!C20 -> 0 | F15: 0.118 | G15: =(('11 - 2020'!E21-'11 - 2020'!E20)+('11 - 2020'!F21-'11 - 2020'!F20)+('11 - 2020'!G21-'11 - 2020'!G20))*1.81 -> 0 | H15: 0.99 | I15: ='11 - 2020'!J21-'11 - 2020'!J20 -> 0 | J15: 0.081 | K15: ='11 - 2020'!H21-'11 - 2020'!H20 -> 0 | L15: ='11 - 2020'!I21-'11 - 2020'!I20 -> 0 | M15: 4.3936294
A16: Dubai DIFC | B16: =B15+1 -> 15 | C16: 11 | D16: 2020 | E16: ='11 - 2020'!B22-'11 - 2020'!B21+'11 - 2020'!C22-'11 - 2020'!C21 -> 0 | F16: 0.118 | G16: =(('11 - 2020'!E22-'11 - 2020'!E21)+('11 - 2020'!F22-'11 - 2020'!F21)+('11 - 2020'!G22-'11 - 2020'!G21))*1.81 -> 0 | H16: 0.99 | I16: ='11 - 2020'!J22-'11 - 2020'!J21 -> 0 | J16: 0.081 | K16: ='11 - 2020'!H22-'11 - 2020'!H21 -> 0 | L16: ='11 - 2020'!I22-'11 - 2020'!I21 -> 0 | M16: 4.3936294
A17: Dubai DIFC | B17: =B16+1 -> 16 | C17: 11 | D17: 2020 | E17: ='11 - 2020'!B23-'11 - 2020'!B22+'11 - 2020'!C23-'11 - 2020'!C22 -> 0 | F17: 0.118 | G17: =(('11 - 2020'!E23-'11 - 2020'!E22)+('11 - 2020'!F23-'11 - 2020'!F22)+('11 - 2020'!G23-'11 - 2020'!G22))*1.81 -> 0 | H17: 0.99 | I17: ='11 - 2020'!J23-'11 - 2020'!J22 -> 0 | J17: 0.081 | K17: ='11 - 2020'!H23-'11 - 2020'!H22 -> 0 | L17: ='11 - 2020'!I23-'11 - 2020'!I22 -> 0 | M17: 4.3936294
A18: Dubai DIFC | B18: =B17+1 -> 17 | C18: 11 | D18: 2020 | E18: ='11 - 2020'!B24-'11 - 2020'!B23+'11 - 2020'!C24-'11 - 2020'!C23 -> 0 | F18: 0.118 | G18: =(('11 - 2020'!E24-'11 - 2020'!E23)+('11 - 2020'!F24-'11 - 2020'!F23)+('11 - 2020'!G24-'11 - 2020'!G23))*1.81 -> 0 | H18: 0.99 | I18: ='11 - 2020'!J24-'11 - 2020'!J23 -> 0 | J18: 0.081 | K18: ='11 - 2020'!H24-'11 - 2020'!H23 -> 0 | L18: ='11 - 2020'!I24-'11 - 2020'!I23 -> 0 | M18: 4.3936294
A19: Dubai DIFC | B19: =B18+1 -> 18 | C19: 11 | D19: 2020 | E19: ='11 - 2020'!B25-'11 - 2020'!B24+'11 - 2020'!C25-'11 - 2020'!C24 -> 0 | F19: 0.118 | G19: =(('11 - 2020'!E25-'11 - 2020'!E24)+('11 - 2020'!F25-'11 - 2020'!F24)+('11 - 2020'!G25-'11 - 2020'!G24))*1.81 -> 0 | H19: 0.99 | I19: ='11 - 2020'!J25-'11 - 2020'!J24 -> 0 | J19: 0.081 | K19: ='11 - 2020'!H25-'11 - 2020'!H24 -> 0 | L19: ='11 - 2020'!I25-'11 - 2020'!I24 -> 0 | M19: 4.3936294
A20: Dubai DIFC | B20: =B19+1 -> 19 | C20: 11 | D20: 2020 | E20: ='11 - 2020'!B26-'11 - 2020'!B25+'11 - 2020'!C26-'11 - 2020'!C25 -> 0 | F20: 0.118 | G20: =(('11 - 2020'!E26-'11 - 2020'!E25)+('11 - 2020'!F26-'11 - 2020'!F25)+('11 - 2020'!G26-'11 - 2020'!G25))*1.81 -> 0 | H20: 0.99 | I20: ='11 - 2020'!J26-'11 - 2020'!J25 -> 0 | J20: 0.081 | K20: ='11 - 2020'!H26-'11 - 2020'!H25 -> 0 | L20: ='11 - 2020'!I26-'11 - 2020'!I25 -> 0 | M20: 4.3936294
A21: Dubai DIFC | B21: =B20+1 -> 20 | C21: 11 | D21: 2020 | E21: ='11 - 2020'!B27-'11 - 2020'!B26+'11 - 2020'!C27-'11 - 2020'!C26 -> 0 | F21: 0.118 | G21: =(('11 - 2020'!E27-'11 - 2020'!E26)+('11 - 2020'!F27-'11 - 2020'!F26)+('11 - 2020'!G27-'11 - 2020'!G26))*1.81 -> 0 | H21: 0.99 | I21: ='11 - 2020'!J27-'11 - 2020'!J26 -> 0 | J21: 0.081 | K21: ='11 - 2020'!H27-'11 - 2020'!H26 -> 0 | L21: ='11 - 2020'!I27-'11 - 2020'!I26 -> 0 | M21: 4.3936294
A22: Dubai DIFC | B22: =B21+1 -> 21 | C22: 11 | D22: 2020 | E22: ='11 - 2020'!B28-'11 - 2020'!B27+'11 - 2020'!C28-'11 - 2020'!C27 -> 0 | F22: 0.118 | G22: =(('11 - 2020'!E28-'11 - 2020'!E27)+('11 - 2020'!F28-'11 - 2020'!F27)+('11 - 2020'!G28-'11 - 2020'!G27))*1.81 -> 0 | H22: 0.99 | I22: ='11 - 2020'!J28-'11 - 2020'!J27 -> 0 | J22: 0.081 | K22: ='11 - 2020'!H28-'11 - 2020'!H27 -> 0 | L22: ='11 - 2020'!I28-'11 - 2020'!I27 -> 0 | M22: 4.3936294
A23: Dubai DIFC | B23: =B22+1 -> 22 | C23: 11 | D23: 2020 | E23: ='11 - 2020'!B29-'11 - 2020'!B28+'11 - 2020'!C29-'11 - 2020'!C28 -> 0 | F23: 0.118 | G23: =(('11 - 2020'!E29-'11 - 2020'!E28)+('11 - 2020'!F29-'11 - 2020'!F28)+('11 - 2020'!G29-'11 - 2020'!G28))*1.81 -> 0 | H23: 0.99 | I23: ='11 - 2020'!J29-'11 - 2020'!J28 -> 0 | J23: 0.081 | K23: ='11 - 2020'!H29-'11 - 2020'!H28 -> 0 | L23: ='11 - 2020'!I29-'11 - 2020'!I28 -> 0 | M23: 4.3936294
A24: Dubai DIFC | B24: =B23+1 -> 23 | C24: 11 | D24: 2020 | E24: ='11 - 2020'!B30-'11 - 2020'!B29+'11 - 2020'!C30-'11 - 2020'!C29 -> 0 | F24: 0.118 | G24: =(('11 - 2020'!E30-'11 - 2020'!E29)+('11 - 2020'!F30-'11 - 2020'!F29)+('11 - 2020'!G30-'11 - 2020'!G29))*1.81 -> 0 | H24: 0.99 | I24: ='11 - 2020'!J30-'11 - 2020'!J29 -> 0 | J24: 0.081 | K24: ='11 - 2020'!H30-'11 - 2020'!H29 -> 0 | L24: ='11 - 2020'!I30-'11 - 2020'!I29 -> 0 | M24: 4.3936294
A25: Dubai DIFC | B25: =B24+1 -> 24 | C25: 11 | D25: 2020 | E25: ='11 - 2020'!B31-'11 - 2020'!B30+'11 - 2020'!C31-'11 - 2020'!C30 -> 0 | F25: 0.118 | G25: =(('11 - 2020'!E31-'11 - 2020'!E30)+('11 - 2020'!F31-'11 - 2020'!F30)+('11 - 2020'!G31-'11 - 2020'!G30))*1.81 -> 0 | H25: 0.99 | I25: ='11 - 2020'!J31-'11 - 2020'!J30 -> 0 | J25: 0.081 | K25: ='11 - 2020'!H31-'11 - 2020'!H30 -> 0 | L25: ='11 - 2020'!I31-'11 - 2020'!I30 -> 0 | M25: 4.3936294
... A30: Dubai DIFC | B30: =B29+1 -> 29 | C30: 11 | D30: 2020 | E30: ='11 - 2020'!B36-'11 - 2020'!B35+'11 - 2020'!C36-'11 - 2020'!C35 -> 0 | F30: 0.118 | G30: =(('11 - 2020'!E36-'11 - 2020'!E35)+('11 - 2020'!F36-'11 - 2020'!F35)+('11 - 2020'!G36-'11 - 2020'!G35))*1.81 -> 0 | H30: 0.99 | I30: ='11 - 2020'!J36-'11 - 2020'!J35 -> 0 | J30: 0.081 | K30: ='11 - 2020'!H36-'11 - 2020'!H35 -> 0 | L30: ='11 - 2020'!I36-'11 - 2020'!I35 -> 0 | M30: 4.3936294
A31: Dubai DIFC | B31: 30 | C31: 11 | D31: 2020 | E31: ='11 - 2020'!B37-'11 - 2020'!B36+'11 - 2020'!C37-'11 - 2020'!C36 -> 0 | F31: 0.118 | G31: =(('11 - 2020'!E37-'11 - 2020'!E36)+('11 - 2020'!F37-'11 - 2020'!F36)+('11 - 2020'!G37-'11 - 2020'!G36))*1.81 -> 0 | H31: 0.99 | I31: ='11 - 2020'!J37-'11 - 2020'!J36 -> 0 | J31: 0.081 | K31: ='11 - 2020'!H37-'11 - 2020'!H36 -> 0 | L31: ='11 - 2020'!I37-'11 - 2020'!I36 -> 0 | M31: 4.3936294

Sheet Submetering Daily 
A1: Site Name | B1: Day | C1: Month | D1: Year | E1: Panel LV1 Kwh | F1: Panel LV2 Kwh | G1: Electricity Tariff ($/Kwh) | H1: Main Kitchen LPG (Kg) | I1: Podium Kitchen LPG (Kg) | J1: Boiler LPG (Kg) | K1: LPG $/Kg | L1: Room Nights
A2: Dubai DIFC | B2: 1 | C2: 11 | D2: 2020 | E2: ='11 - 2020'!B8-'11 - 2020'!B7 -> 3355.59 | F2: ='11 - 2020'!C8-'11 - 2020'!C7 -> 5798 | G2: 0.118 | H2: ='11 - 2020'!E8-'11 - 2020'!E7 -> 16 | I2: ='11 - 2020'!F8-'11 - 2020'!F7 -> 4 | J2: ='11 - 2020'!G8-'11 - 2020'!G7 -> 29 | K2: 0.74 | L2: 40
A3: Dubai DIFC | B3: =B2+1 -> 2 | C3: 11 | D3: 2020 | E3: ='11 - 2020'!B9-'11 - 2020'!B8 -> 3347.41 | F3: ='11 - 2020'!C9-'11 - 2020'!C8 -> 5505 | G3: 0.118 | H3: ='11 - 2020'!E9-'11 - 2020'!E8 -> 22 | I3: ='11 - 2020'!F9-'11 - 2020'!F8 -> 5 | J3: ='11 - 2020'!G9-'11 - 2020'!G8 -> 26 | K3: 0.74 | L3: 44
A4: Dubai DIFC | B4: =B3+1 -> 3 | C4: 11 | D4: 2020 | E4: ='11 - 2020'!B10-'11 - 2020'!B9 -> 3455.4 | F4: ='11 - 2020'!C10-'11 - 2020'!C9 -> 5584 | G4: 0.118 | H4: ='11 - 2020'!E10-'11 - 2020'!E9 -> 25 | I4: ='11 - 2020'!F10-'11 - 2020'!F9 -> 5.61 | J4: ='11 - 2020'!G10-'11 - 2020'!G9 -> 27.97 | K4: 0.74 | L4: 40
A5: Dubai DIFC | B5: =B4+1 -> 4 | C5: 11 | D5: 2020 | E5: ='11 - 2020'!B11-'11 - 2020'!B10 -> 3415.4 | F5: ='11 - 2020'!C11-'11 - 2020'!C10 -> 5584 | G5: 0.118 | H5: ='11 - 2020'!E11-'11 - 2020'!E10 -> 16.13 | I5: ='11 - 2020'!F11-'11 - 2020'!F10 -> 4.4 | J5: ='11 - 2020'!G11-'11 - 2020'!G10 -> 25.62 | K5: 0.74 | L5: 50
A6: Dubai DIFC | B6: =B5+1 -> 5 | C6: 11 | D6: 2020 | E6: ='11 - 2020'!B12-'11 - 2020'!B11 -> 3731.8 | F6: ='11 - 2020'!C12-'11 - 2020'!C11 -> 6112 | G6: 0.118 | H6: ='11 - 2020'!E12-'11 - 2020'!E11 -> 21.37 | I6: ='11 - 2020'!F12-'11 - 2020'!F11 -> 4.49 | J6: ='11 - 2020'!G12-'11 - 2020'!G11 -> 26.81 | K6: 0.74 | L6: 51
A7: Dubai DIFC | B7: =B6+1 -> 6 | C7: 11 | D7: 2020 | E7: ='11 - 2020'!B13-'11 - 2020'!B12 -> 3095.4 | F7: ='11 - 2020'!C13-'11 - 2020'!C12 -> 5238 | G7: 0.118 | H7: ='11 - 2020'!E13-'11 - 2020'!E12 -> 25.24 | I7: ='11 - 2020'!F13-'11 - 2020'!F12 -> 4.5 | J7: ='11 - 2020'!G13-'11 - 2020'!G12 -> 31.29 | K7: 0.74 | L7: 45
A8: Dubai DIFC | B8: =B7+1 -> 7 | C8: 11 | D8: 2020 | E8: ='11 - 2020'!B14-'11 - 2020'!B13 -> 3675 | F8: ='11 - 2020'!C14-'11 - 2020'!C13 -> 5890 | G8: 0.118 | H8: ='11 - 2020'!E14-'11 - 2020'!E13 -> 25.04 | I8: ='11 - 2020'!F14-'11 - 2020'!F13 -> 4.55 | J8: ='11 - 2020'!G14-'11 - 2020'!G13 -> 29.01 | K8: 0.74 | L8: 52
A9: Dubai DIFC | B9: =B8+1 -> 8 | C9: 11 | D9: 2020 | E9: ='11 - 2020'!B15-'11 - 2020'!B14 -> 3404.2 | F9: ='11 - 2020'!C15-'11 - 2020'!C14 -> 5718 | G9: 0.118 | H9: ='11 - 2020'!E15-'11 - 2020'!E14 -> 21.87 | I9: ='11 - 2020'!F15-'11 - 2020'!F14 -> 4.26 | J9: ='11 - 2020'!G15-'11 - 2020'!G14 -> 27.29 | K9: 0.74 | L9: 58
A10: Dubai DIFC | B10: =B9+1 -> 9 | C10: 11 | D10: 2020 | E10: ='11 - 2020'!B16-'11 - 2020'!B15 -> 3689.7 | F10: ='11 - 2020'!C16-'11 - 2020'!C15 -> 5879 | G10: 0.118 | H10: ='11 - 2020'!E16-'11 - 2020'!E15 -> 25.76 | I10: ='11 - 2020'!F16-'11 - 2020'!F15 -> 4.75 | J10: ='11 - 2020'!G16-'11 - 2020'!G15 -> 29.23 | K10: 0.74 | L10: 60
A11: Dubai DIFC | B11: =B10+1 -> 10 | C11: 11 | D11: 2020 | E11: ='11 - 2020'!B17-'11 - 2020'!B16 -> 3307.8 | F11: ='11 - 2020'!C17-'11 - 2020'!C16 -> 5666 | G11: 0.118 | H11: ='11 - 2020'!E17-'11 - 2020'!E16 -> 8.96 | I11: ='11 - 2020'!F17-'11 - 2020'!F16 -> 4.61 | J11: ='11 - 2020'!G17-'11 - 2020'!G16 -> 28.37 | K11: 0.74 | L11: 60
A12: Dubai DIFC | B12: =B11+1 -> 11 | C12: 11 | D12: 2020 | E12: ='11 - 2020'!B18-'11 - 2020'!B17 -> 3388.5 | F12: ='11 - 2020'!C18-'11 - 2020'!C17 -> 5681 | G12: 0.118 | H12: ='11 - 2020'!E18-'11 - 2020'!E17 -> 8.7 | I12: ='11 - 2020'!F18-'11 - 2020'!F17 -> 4.81 | J12: ='11 - 2020'!G18-'11 - 2020'!G17 -> 27.65 | K12: 0.74 | L12: 63
A13: Dubai DIFC | B13: =B12+1 -> 12 | C13: 11 | D13: 2020 | E13: 0 | F13: 0 | G13: 0.118 | H13: 0 | I13: 0 | J13: 0 | K13: 0.74
A14: Dubai DIFC | B14: =B13+1 -> 13 | C14: 11 | D14: 2020 | E14: ='11 - 2020'!B20-'11 - 2020'!B19 -> 0 | F14: ='11 - 2020'!C20-'11 - 2020'!C19 -> 0 | G14: 0.118 | H14: ='11 - 2020'!E20-'11 - 2020'!E19 -> 0 | I14: ='11 - 2020'!F20-'11 - 2020'!F19 -> 0 | J14: ='11 - 2020'!G20-'11 - 2020'!G19 -> 0 | K14: 0.74
A15: Dubai DIFC | B15: =B14+1 -> 14 | C15: 11 | D15: 2020 | E15: ='11 - 2020'!B21-'11 - 2020'!B20 -> 0 | F15: ='11 - 2020'!C21-'11 - 2020'!C20 -> 0 | G15: 0.118 | H15: ='11 - 2020'!E21-'11 - 2020'!E20 -> 0 | I15: ='11 - 2020'!F21-'11 - 2020'!F20 -> 0 | J15: ='11 - 2020'!G21-'11 - 2020'!G20 -> 0 | K15: 0.74
A16: Dubai DIFC | B16: =B15+1 -> 15 | C16: 11 | D16: 2020 | E16: ='11 - 2020'!B22-'11 - 2020'!B21 -> 0 | F16: ='11 - 2020'!C22-'11 - 2020'!C21 -> 0 | G16: 0.118 | H16: ='11 - 2020'!E22-'11 - 2020'!E21 -> 0 | I16: ='11 - 2020'!F22-'11 - 2020'!F21 -> 0 | J16: ='11 - 2020'!G22-'11 - 2020'!G21 -> 0 | K16: 0.74
A17: Dubai DIFC | B17: =B16+1 -> 16 | C17: 11 | D17: 2020 | E17: ='11 - 2020'!B23-'11 - 2020'!B22 -> 0 | F17: ='11 - 2020'!C23-'11 - 2020'!C22 -> 0 | G17: 0.118 | H17: ='11 - 2020'!E23-'11 - 2020'!E22 -> 0 | I17: ='11 - 2020'!F23-'11 - 2020'!F22 -> 0 | J17: ='11 - 2020'!G23-'11 - 2020'!G22 -> 0 | K17: 0.74
A18: Dubai DIFC | B18: =B17+1 -> 17 | C18: 11 | D18: 2020 | E18: ='11 - 2020'!B24-'11 - 2020'!B23 -> 0 | F18: ='11 - 2020'!C24-'11 - 2020'!C23 -> 0 | G18: 0.118 | H18: ='11 - 2020'!E24-'11 - 2020'!E23 -> 0 | I18: ='11 - 2020'!F24-'11 - 2020'!F23 -> 0 | J18: ='11 - 2020'!G24-'11 - 2020'!G23 -> 0 | K18: 0.74
A19: Dubai DIFC | B19: =B18+1 -> 18 | C19: 11 | D19: 2020 | E19: ='11 - 2020'!B25-'11 - 2020'!B24 -> 0 | F19: ='11 - 2020'!C25-'11 - 2020'!C24 -> 0 | G19: 0.118 | H19: ='11 - 2020'!E25-'11 - 2020'!E24 -> 0 | I19: ='11 - 2020'!F25-'11 - 2020'!F24 -> 0 | J19: ='11 - 2020'!G25-'11 - 2020'!G24 -> 0 | K19: 0.74
A20: Dubai DIFC | B20: =B19+1 -> 19 | C20: 11 | D20: 2020 | E20: ='11 - 2020'!B26-'11 - 2020'!B25 -> 0 | F20: ='11 - 2020'!C26-'11 - 2020'!C25 -> 0 | G20: 0.118 | H20: ='11 - 2020'!E26-'11 - 2020'!E25 -> 0 | I20: ='11 - 2020'!F26-'11 - 2020'!F25 -> 0 | J20: ='11 - 2020'!G26-'11 - 2020'!G25 -> 0 | K20: 0.74
A21: Dubai DIFC | B21: =B20+1 -> 20 | C21: 11 | D21: 2020 | E21: ='11 - 2020'!B27-'11 - 2020'!B26 -> 0 | F21: ='11 - 2020'!C27-'11 - 2020'!C26 -> 0 | G21: 0.118 | H21: ='11 - 2020'!E27-'11 - 2020'!E26 -> 0 | I21: ='11 - 2020'!F27-'11 - 2020'!F26 -> 0 | J21: ='11 - 2020'!G27-'11 - 2020'!G26 -> 0 | K21: 0.74
A22: Dubai DIFC | B22: =B21+1 -> 21 | C22: 11 | D22: 2020 | E22: ='11 - 2020'!B28-'11 - 2020'!B27 -> 0 | F22: ='11 - 2020'!C28-'11 - 2020'!C27 -> 0 | G22: 0.118 | H22: ='11 - 2020'!E28-'11 - 2020'!E27 -> 0 | I22: ='11 - 2020'!F28-'11 - 2020'!F27 -> 0 | J22: ='11 - 2020'!G28-'11 - 2020'!G27 -> 0 | K22: 0.74
A23: Dubai DIFC | B23: =B22+1 -> 22 | C23: 11 | D23: 2020 | E23: ='11 - 2020'!B29-'11 - 2020'!B28 -> 0 | F23: ='11 - 2020'!C29-'11 - 2020'!C28 -> 0 | G23: 0.118 | H23: ='11 - 2020'!E29-'11 - 2020'!E28 -> 0 | I23: ='11 - 2020'!F29-'11 - 2020'!F28 -> 0 | J23: ='11 - 2020'!G29-'11 - 2020'!G28 -> 0 | K23: 0.74
A24: Dubai DIFC | B24: =B23+1 -> 23 | C24: 11 | D24: 2020 | E24: ='11 - 2020'!B30-'11 - 2020'!B29 -> 0 | F24: ='11 - 2020'!C30-'11 - 2020'!C29 -> 0 | G24: 0.118 | H24: ='11 - 2020'!E30-'11 - 2020'!E29 -> 0 | I24: ='11 - 2020'!F30-'11 - 2020'!F29 -> 0 | J24: ='11 - 2020'!G30-'11 - 2020'!G29 -> 0 | K24: 0.74
A25: Dubai DIFC | B25: =B24+1 -> 24 | C25: 11 | D25: 2020 | E25: ='11 - 2020'!B31-'11 - 2020'!B30 -> 0 | F25: ='11 - 2020'!C31-'11 - 2020'!C30 -> 0 | G25: 0.118 | H25: ='11 - 2020'!E31-'11 - 2020'!E30 -> 0 | I25: ='11 - 2020'!F31-'11 - 2020'!F30 -> 0 | J25: ='11 - 2020'!G31-'11 - 2020'!G30 -> 0 | K25: 0.74
... A30: Dubai DIFC | B30: =B29+1 -> 29 | C30: 11 | D30: 2020 | E30: ='11 - 2020'!B36-'11 - 2020'!B35 -> 0 | F30: ='11 - 2020'!C36-'11 - 2020'!C35 -> 0 | G30: 0.118 | H30: ='11 - 2020'!E36-'11 - 2020'!E35 -> 0 | I30: ='11 - 2020'!F36-'11 - 2020'!F35 -> 0 | J30: ='11 - 2020'!G36-'11 - 2020'!G35 -> 0 | K30: 0.74
A31: Dubai DIFC | B31: 30 | C31: 11 | D31: 2020 | E31: ='11 - 2020'!B37-'11 - 2020'!B36 -> 0 | F31: ='11 - 2020'!C37-'11 - 2020'!C36 -> 0 | G31: 0.118 | H31: ='11 - 2020'!E37-'11 - 2020'!E36 -> 0 | I31: ='11 - 2020'!F37-'11 - 2020'!F36 -> 0 | J31: ='11 - 2020'!G37-'11 - 2020'!G36 -> 0 | K31: 0.74

Sheet 11 - 2020
A3: FOUR SEASONS HOTEL - DIFC
A4: HLP READING MONTH OF November' 2020
B5: Electricity | D5: LPG (cu.m) | H5: Water (cu.m) | J5: BTU
A6: Date | B6: LV-01, 2025952759 | C6: LV-2, 2030235407 | D6: Main Meter % | E6: Main Kitchen | F6: Podium Kitchen | G6: Boiler | H6: B-3 Water Meter (DIFC) | I6: MainWater Meter (DEWA) | J6: Chilled Water (KWH) | K6: Gas Received (Litres) | L6: Remark
A7: 44135 | B7: 2300 | C7: 1616467 | D7: 0.28 | E7: 12996 | F7: 2584 | G7: 22586 | H7: 14528 | I7: 100881 | J7: 42834712
A8: =A7+1 -> 44136 | B8: 5655.59 | C8: 1622265 | D8: 0.85 | E8: 13012 | F8: 2588 | G8: 22615 | H8: 14528 | I8: 100952 | J8: 42857556
A9: =A8+1 -> 44137 | B9: 9003 | C9: 1627770 | D9: 0.8 | E9: 13034 | F9: 2593 | G9: 22641 | H9: 14528 | I9: 101012 | J9: 42879366
A10: =A9+1 -> 44138 | B10: 12458.4 | C10: 1633354 | D10: 0.75 | E10: 13059 | F10: 2598.61 | G10: 22668.97 | H10: 14528 | I10: 101066 | J10: 42903280
A11: =A10+1 -> 44139 | B11: 15873.8 | C11: 1638938 | D11: 0.7 | E11: 13075.13 | F11: 2603.01 | G11: 22694.59 | H11: 14528 | I11: 101126 | J11: 42922784
A12: =A11+1 -> 44140 | B12: 19605.6 | C12: 1645050 | D12: 0.61 | E12: 13096.5 | F12: 2607.5 | G12: 22721.4 | H12: 14528 | I12: 101186 | J12: 42944848
A13: =A12+1 -> 44141 | B13: 22701 | C13: 1650288 | D13: 0.55 | E13: 13121.74 | F13: 2612 | G13: 22752.69 | H13: 14528 | I13: 101255 | J13: 42964252
A14: =A13+1 -> 44142 | B14: 26376 | C14: 1656178 | D14: 0.48 | E14: 13146.78 | F14: 2616.55 | G14: 22781.7 | H14: 14528 | I14: 101324 | J14: 42983604
A15: =A14+1 -> 44143 | B15: 29780.2 | C15: 1661896 | D15: 0.4 | E15: 13168.65 | F15: 2620.81 | G15: 22808.99 | H15: 14528 | I15: 101404 | J15: 43001935
A16: =A15+1 -> 44144 | B16: 33469.9 | C16: 1667775 | D16: 0.35 | E16: 13194.41 | F16: 2625.56 | G16: 22838.22 | H16: 14528 | I16: 101494 | J16: 43023907
A17: =A16+1 -> 44145 | B17: 36777.7 | C17: 1673441 | D17: 0.3 | E17: 13203.37 | F17: 2630.17 | G17: 22866.59 | H17: 14528 | I17: 101572 | J17: 43047626
A18: =A17+1 -> 44146 | B18: 40166.2 | C18: 1679122 | D18: 0.8 | E18: 13212.07 | F18: 2634.98 | G18: 22894.24 | H18: 14528 | I18: 101632 | J18: 43073228
A19: =A18+1 -> 44147
A20: =A19+1 -> 44148
A21: =A20+1 -> 44149
A22: =A21+1 -> 44150
A23: =A22+1 -> 44151
A24: =A23+1 -> 44152
A25: =A24+1 -> 44153
A26: =A25+1 -> 44154
A27: =A26+1 -> 44155
A28: =A27+1 -> 44156
A29: =A28+1 -> 44157
A30: =A29+1 -> 44158
... A37: =A36+1 -> 44165
A38: Readings | B38: =B37-B7 -> -2300 | C38: =C37-C7 -> -1616467 | E38: =E37-E7 -> -12996 | F38: =F37-F7 -> -2584 | G38: =G37-G7 -> -22586 | H38: =H37-H7 -> -14528 | I38: =I37-I7 -> -100881 | J38: =J37-J7 -> -42834712 | K38: =K37-K7 -> 0
H39: =H38*219.969 -> -3195709.6 | I39: =I38*219.969 -> -22190693
H40: =H39*219.969 -> -7.0295705e+08 | I40: =I39*219.969 -> -4.8812645e+09
