Workbook

Sheet TOTAL
A1: Site Name | B1: Day | C1: Month | D1: Year | E1: Total Electricity Kwh | F1: Electricity Tariff ($/Kwh) | G1: Natual Gas (m3) | H1: Natural Gas $/m3 | I1: Water Utility Supply (m3) m3 | J1: Water Utility Supply (m3) $/m3 | K1: Room Nights
A2: Orlando | B2: 5 | C2: 1 | D2: 2020 | E2: =Submetering!F3+Submetering!H3+Submetering!J3+Submetering!L3+Submetering!N3+Submetering!P3+Submetering!R3+Submetering!T3+Submetering!V3+Submetering!X3+Submetering!Z3+Submetering!AB3+Submetering!AC3+Submetering!AD3+Submetering!AE3 -> 241994 | F2: =((((Submetering!E3+Submetering!AD3)*0.13773+(Submetering!E3+Submetering!AD3)*0.02095)*1.09+(2.85/30)*2)+(((Submetering!F3+Submetering!H3+Submetering!J3+Submetering!L3+Submetering!N3+Submetering!P3+Submetering!R3+Submetering!T3+Submetering!V3+Submetering!X3+Submetering!Z3+Submetering!AB3+Submetering!AC3+Submetering!AE3)*0.05155)+((Submetering!F3+Submetering!H3+Submetering!J3+Submetering!L3+Submetering!N3+Submetering!P3+Submetering!R3+Submetering!T3+Submetering!V3+Submetering!X3+Submetering!Z3+Submetering!AB3+Submetering!AC3+Submetering!AE3)*0.02095)+(20/30)*15)*1.1048)/E2 -> 0.080716593 | G2: =Submetering!AK3+Submetering!AL3+Submetering!AU3 -> 5732.3038 | H2: 0.8166 | I2: =Submetering!AF3+Submetering!AG3+Submetering!AH3+Submetering!AI3+Submetering!AJ3+Submetering!AM3+Submetering!AN3+Submetering!AO3+Submetering!AQ3+Submetering!AR3+Submetering!AS3+Submetering!AT3+Submetering!AV3+Submetering!AY3+Submetering!AW3+Submetering!AZ3+Submetering!BA3 -> 10607.535 | J2: =((Submetering!AG3+Submetering!BA3)*0.8868+(1712.96+1070.52)/30+(Submetering!AF3+Submetering!AY3+Submetering!AV3+Submetering!AZ3)*1.1251+(2076.11+129.67+207.57+207.57)/30+(11680.53+56.61)/30)/I2 -> 0.41229836
A3: Orlando | B3: 12 | C3: 1 | D3: 2020 | E3: =Submetering!F4+Submetering!H4+Submetering!J4+Submetering!L4+Submetering!N4+Submetering!P4+Submetering!R4+Submetering!T4+Submetering!V4+Submetering!X4+Submetering!Z4+Submetering!AB4+Submetering!AC4+Submetering!AD4+Submetering!AE4 -> 295640 | F3: =((((Submetering!E4+Submetering!AD4)*0.13773+(Submetering!E4+Submetering!AD4)*0.02095)*1.09+(2.85/30)*2)+(((Submetering!F4+Submetering!H4+Submetering!J4+Submetering!L4+Submetering!N4+Submetering!P4+Submetering!R4+Submetering!T4+Submetering!V4+Submetering!X4+Submetering!Z4+Submetering!AB4+Submetering!AC4+Submetering!AE4)*0.05155)+((Submetering!F4+Submetering!H4+Submetering!J4+Submetering!L4+Submetering!N4+Submetering!P4+Submetering!R4+Submetering!T4+Submetering!V4+Submetering!X4+Submetering!Z4+Submetering!AB4+Submetering!AC4+Submetering!AE4)*0.02095)+(20/30)*15)*1.1048)/E3 -> 0.080717638 | G3: =Submetering!AK4+Submetering!AL4+Submetering!AU4 -> 7093.1256 | H3: 0.8166 | I3: =Submetering!AF4+Submetering!AG4+Submetering!AH4+Submetering!AI4+Submetering!AJ4+Submetering!AM4+Submetering!AN4+Submetering!AO4+Submetering!AQ4+Submetering!AR4+Submetering!AS4+Submetering!AT4+Submetering!AV4+Submetering!AY4+Submetering!AW4+Submetering!AZ4+Submetering!BA4 -> 13177.334 | J3: =((Submetering!AG4+Submetering!BA4)*0.8868+(1712.96+1070.52)/30+(Submetering!AF4+Submetering!AY4+Submetering!AV4+Submetering!AZ4)*1.1251+(2076.11+129.67+207.57+207.57)/30+(11680.53+56.61)/30)/I3 -> 0.36848524
A4: Orlando | B4: 19 | C4: 1 | D4: 2020 | E4: =Submetering!F5+Submetering!H5+Submetering!J5+Submetering!L5+Submetering!N5+Submetering!P5+Submetering!R5+Submetering!T5+Submetering!V5+Submetering!X5+Submetering!Z5+Submetering!AB5+Submetering!AC5+Submetering!AD5+Submetering!AE5 -> 325940 | F4: =((((Submetering!E5+Submetering!AD5)*0.13773+(Submetering!E5+Submetering!AD5)*0.02095)*1.09+(2.85/30)*2)+(((Submetering!F5+Submetering!H5+Submetering!J5+Submetering!L5+Submetering!N5+Submetering!P5+Submetering!R5+Submetering!T5+Submetering!V5+Submetering!X5+Submetering!Z5+Submetering!AB5+Submetering!AC5+Submetering!AE5)*0.05155)+((Submetering!F5+Submetering!H5+Submetering!J5+Submetering!L5+Submetering!N5+Submetering!P5+Submetering!R5+Submetering!T5+Submetering!V5+Submetering!X5+Submetering!Z5+Submetering!AB5+Submetering!AC5+Submetering!AE5)*0.02095)+(20/30)*15)*1.1048)/E4 -> 0.080664141 | G4: =Submetering!AK5+Submetering!AL5+Submetering!AU5 -> 5253.025 | H4: 0.8166 | I4: =Submetering!AF5+Submetering!AG5+Submetering!AH5+Submetering!AI5+Submetering!AJ5+Submetering!AM5+Submetering!AN5+Submetering!AO5+Submetering!AQ5+Submetering!AR5+Submetering!AS5+Submetering!AT5+Submetering!AV5+Submetering!AY5+Submetering!AW5+Submetering!AZ5+Submetering!BA5 -> 17578.248 | J4: =((Submetering!AG5+Submetering!BA5)*0.8868+(1712.96+1070.52)/30+(Submetering!AF5+Submetering!AY5+Submetering!AV5+Submetering!AZ5)*1.1251+(2076.11+129.67+207.57+207.57)/30+(11680.53+56.61)/30)/I4 -> 0.34688489
A5: Orlando | B5: 26 | C5: 1 | D5: 2020 | E5: =Submetering!F6+Submetering!H6+Submetering!J6+Submetering!L6+Submetering!N6+Submetering!P6+Submetering!R6+Submetering!T6+Submetering!V6+Submetering!X6+Submetering!Z6+Submetering!AB6+Submetering!AC6+Submetering!AD6+Submetering!AE6 -> 286013 | F5: =((((Submetering!E6+Submetering!AD6)*0.13773+(Submetering!E6+Submetering!AD6)*0.02095)*1.09+(2.85/30)*2)+(((Submetering!F6+Submetering!H6+Submetering!J6+Submetering!L6+Submetering!N6+Submetering!P6+Submetering!R6+Submetering!T6+Submetering!V6+Submetering!X6+Submetering!Z6+Submetering!AB6+Submetering!AC6+Submetering!AE6)*0.05155)+((Submetering!F6+Submetering!H6+Submetering!J6+Submetering!L6+Submetering!N6+Submetering!P6+Submetering!R6+Submetering!T6+Submetering!V6+Submetering!X6+Submetering!Z6+Submetering!AB6+Submetering!AC6+Submetering!AE6)*0.02095)+(20/30)*15)*1.1048)/E5 -> 0.080734408 | G5: =Submetering!AK6+Submetering!AL6+Submetering!AU6 -> 5892.812 | H5: 0.8166 | I5: =Submetering!AF6+Submetering!AG6+Submetering!AH6+Submetering!AI6+Submetering!AJ6+Submetering!AM6+Submetering!AN6+Submetering!AO6+Submetering!AQ6+Submetering!AR6+Submetering!AS6+Submetering!AT6+Submetering!AV6+Submetering!AY6+Submetering!AW6+Submetering!AZ6+Submetering!BA6 -> 11017.887 | J5: =((Submetering!AG6+Submetering!BA6)*0.8868+(1712.96+1070.52)/30+(Submetering!AF6+Submetering!AY6+Submetering!AV6+Submetering!AZ6)*1.1251+(2076.11+129.67+207.57+207.57)/30+(11680.53+56.61)/30)/I5 -> 0.47874689
A6: Orlando | B6: 31 | C6: 1 | D6: 2020 | E6: =Submetering!F7+Submetering!H7+Submetering!J7+Submetering!L7+Submetering!N7+Submetering!P7+Submetering!R7+Submetering!T7+Submetering!V7+Submetering!X7+Submetering!Z7+Submetering!AB7+Submetering!AC7+Submetering!AD7+Submetering!AE7 -> 280017 | F6: =((((Submetering!E7+Submetering!AD7)*0.13773+(Submetering!E7+Submetering!AD7)*0.02095)*1.09+(2.85/30)*2)+(((Submetering!F7+Submetering!H7+Submetering!J7+Submetering!L7+Submetering!N7+Submetering!P7+Submetering!R7+Submetering!T7+Submetering!V7+Submetering!X7+Submetering!Z7+Submetering!AB7+Submetering!AC7+Submetering!AE7)*0.05155)+((Submetering!F7+Submetering!H7+Submetering!J7+Submetering!L7+Submetering!N7+Submetering!P7+Submetering!R7+Submetering!T7+Submetering!V7+Submetering!X7+Submetering!Z7+Submetering!AB7+Submetering!AC7+Submetering!AE7)*0.02095)+(20/30)*15)*1.1048)/E6 -> 0.080749979 | G6: =Submetering!AK7+Submetering!AL7+Submetering!AU7 -> 6048.2434 | H6: 0.8166 | I6: =Submetering!AF7+Submetering!AG7+Submetering!AH7+Submetering!AI7+Submetering!AJ7+Submetering!AM7+Submetering!AN7+Submetering!AO7+Submetering!AQ7+Submetering!AR7+Submetering!AS7+Submetering!AT7+Submetering!AV7+Submetering!AY7+Submetering!AW7+Submetering!AZ7+Submetering!BA7 -> 12787.422 | J6: =((Submetering!AG7+Submetering!BA7)*0.8868+(1712.96+1070.52)/30+(Submetering!AF7+Submetering!AY7+Submetering!AV7+Submetering!AZ7)*1.1251+(2076.11+129.67+207.57+207.57)/30+(11680.53+56.61)/30)/I6 -> 0.51213336 | K6: =Occupancy!H4 -> 9827.496
A7: Orlando | B7: 9 | C7: 2 | D7: 2020 | E7: =Submetering!F8+Submetering!H8+Submetering!J8+Submetering!L8+Submetering!N8+Submetering!P8+Submetering!R8+Submetering!T8+Submetering!V8+Submetering!X8+Submetering!Z8+Submetering!AB8+Submetering!AC8+Submetering!AD8+Submetering!AE8 -> 303779 | F7: =((((Submetering!E8+Submetering!AD8)*0.13773+(Submetering!E8+Submetering!AD8)*0.02095)*1.09+(2.85/30)*2)+(((Submetering!F8+Submetering!H8+Submetering!J8+Submetering!L8+Submetering!N8+Submetering!P8+Submetering!R8+Submetering!T8+Submetering!V8+Submetering!X8+Submetering!Z8+Submetering!AB8+Submetering!AC8+Submetering!AE8)*0.05155)+((Submetering!F8+Submetering!H8+Submetering!J8+Submetering!L8+Submetering!N8+Submetering!P8+Submetering!R8+Submetering!T8+Submetering!V8+Submetering!X8+Submetering!Z8+Submetering!AB8+Submetering!AC8+Submetering!AE8)*0.02095)+(20/30)*15)*1.1048)/E7 -> 0.080698873 | G7: =Submetering!AK8+Submetering!AL8+Submetering!AU8 -> 7739.08 | H7: 0.8166 | I7: =Submetering!AF8+Submetering!AG8+Submetering!AH8+Submetering!AI8+Submetering!AJ8+Submetering!AM8+Submetering!AN8+Submetering!AO8+Submetering!AQ8+Submetering!AR8+Submetering!AS8+Submetering!AT8+Submetering!AV8+Submetering!AY8+Submetering!AW8+Submetering!AZ8+Submetering!BA8 -> 14341.008 | J7: =((Submetering!AG8+Submetering!BA8)*0.8868+(1712.96+1070.52)/30+(Submetering!AF8+Submetering!AY8+Submetering!AV8+Submetering!AZ8)*1.1251+(2076.11+129.67+207.57+207.57)/30+(11680.53+56.61)/30)/I7 -> 0.41286151
A8: Orlando | B8: 16 | C8: 2 | D8: 2020 | E8: =Submetering!F9+Submetering!H9+Submetering!J9+Submetering!L9+Submetering!N9+Submetering!P9+Submetering!R9+Submetering!T9+Submetering!V9+Submetering!X9+Submetering!Z9+Submetering!AB9+Submetering!AC9+Submetering!AD9+Submetering!AE9 -> 339448 | F8: =((((Submetering!E9+Submetering!AD9)*0.13773+(Submetering!E9+Submetering!AD9)*0.02095)*1.09+(2.85/30)*2)+(((Submetering!F9+Submetering!H9+Submetering!J9+Submetering!L9+Submetering!N9+Submetering!P9+Submetering!R9+Submetering!T9+Submetering!V9+Submetering!X9+Submetering!Z9+Submetering!AB9+Submetering!AC9+Submetering!AE9)*0.05155)+((Submetering!F9+Submetering!H9+Submetering!J9+Submetering!L9+Submetering!N9+Submetering!P9+Submetering!R9+Submetering!T9+Submetering!V9+Submetering!X9+Submetering!Z9+Submetering!AB9+Submetering!AC9+Submetering!AE9)*0.02095)+(20/30)*15)*1.1048)/E8 -> 0.080615158 | G8: =Submetering!AK9+Submetering!AL9+Submetering!AU9 -> 5602.9366 | H8: 0.8166 | I8: =Submetering!AF9+Submetering!AG9+Submetering!AH9+Submetering!AI9+Submetering!AJ9+Submetering!AM9+Submetering!AN9+Submetering!AO9+Submetering!AQ9+Submetering!AR9+Submetering!AS9+Submetering!AT9+Submetering!AV9+Submetering!AY9+Submetering!AW9+Submetering!AZ9+Submetering!BA9 -> 20007.963 | J8: =((Submetering!AG9+Submetering!BA9)*0.8868+(1712.96+1070.52)/30+(Submetering!AF9+Submetering!AY9+Submetering!AV9+Submetering!AZ9)*1.1251+(2076.11+129.67+207.57+207.57)/30+(11680.53+56.61)/30)/I8 -> 0.34435012
A9: Orlando | B9: 24 | C9: 2 | D9: 2020 | E9: =Submetering!F10+Submetering!H10+Submetering!J10+Submetering!L10+Submetering!N10+Submetering!P10+Submetering!R10+Submetering!T10+Submetering!V10+Submetering!X10+Submetering!Z10+Submetering!AB10+Submetering!AC10+Submetering!AD10+Submetering!AE10 -> 333247 | F9: =((((Submetering!E10+Submetering!AD10)*0.13773+(Submetering!E10+Submetering!AD10)*0.02095)*1.09+(2.85/30)*2)+(((Submetering!F10+Submetering!H10+Submetering!J10+Submetering!L10+Submetering!N10+Submetering!P10+Submetering!R10+Submetering!T10+Submetering!V10+Submetering!X10+Submetering!Z10+Submetering!AB10+Submetering!AC10+Submetering!AE10)*0.05155)+((Submetering!F10+Submetering!H10+Submetering!J10+Submetering!L10+Submetering!N10+Submetering!P10+Submetering!R10+Submetering!T10+Submetering!V10+Submetering!X10+Submetering!Z10+Submetering!AB10+Submetering!AC10+Submetering!AE10)*0.02095)+(20/30)*15)*1.1048)/E9 -> 0.080648352 | G9: =Submetering!AK10+Submetering!AL10+Submetering!AU10 -> 6087.22 | H9: 0.8166 | I9: =Submetering!AF10+Submetering!AG10+Submetering!AH10+Submetering!AI10+Submetering!AJ10+Submetering!AM10+Submetering!AN10+Submetering!AO10+Submetering!AQ10+Submetering!AR10+Submetering!AS10+Submetering!AT10+Submetering!AV10+Submetering!AY10+Submetering!AW10+Submetering!AZ10+Submetering!BA10 -> 18080.74 | J9: =((Submetering!AG10+Submetering!BA10)*0.8868+(1712.96+1070.52)/30+(Submetering!AF10+Submetering!AY10+Submetering!AV10+Submetering!AZ10)*1.1251+(2076.11+129.67+207.57+207.57)/30+(11680.53+56.61)/30)/I9 -> 0.39666512
A10: Orlando | B10: 29 | C10: 2 | D10: 2020 | E10: =Submetering!F11+Submetering!H11+Submetering!J11+Submetering!L11+Submetering!N11+Submetering!P11+Submetering!R11+Submetering!T11+Submetering!V11+Submetering!X11+Submetering!Z11+Submetering!AB11+Submetering!AC11+Submetering!AD11+Submetering!AE11 -> 274944 | F10: =((((Submetering!E11+Submetering!AD11)*0.13773+(Submetering!E11+Submetering!AD11)*0.02095)*1.09+(2.85/30)*2)+(((Submetering!F11+Submetering!H11+Submetering!J11+Submetering!L11+Submetering!N11+Submetering!P11+Submetering!R11+Submetering!T11+Submetering!V11+Submetering!X11+Submetering!Z11+Submetering!AB11+Submetering!AC11+Submetering!AE11)*0.05155)+((Submetering!F11+Submetering!H11+Submetering!J11+Submetering!L11+Submetering!N11+Submetering!P11+Submetering!R11+Submetering!T11+Submetering!V11+Submetering!X11+Submetering!Z11+Submetering!AB11+Submetering!AC11+Submetering!AE11)*0.02095)+(20/30)*15)*1.1048)/E10 -> 0.080677755 | G10: =Submetering!AK11+Submetering!AL11+Submetering!AU11 -> 6370.7722 | H10: 0.8166 | I10: =Submetering!AF11+Submetering!AG11+Submetering!AH11+Submetering!AI11+Submetering!AJ11+Submetering!AM11+Submetering!AN11+Submetering!AO11+Submetering!AQ11+Submetering!AR11+Submetering!AS11+Submetering!AT11+Submetering!AV11+Submetering!AY11+Submetering!AW11+Submetering!AZ11+Submetering!BA11 -> 13432.671 | J10: =((Submetering!AG11+Submetering!BA11)*0.8868+(1712.96+1070.52)/30+(Submetering!AF11+Submetering!AY11+Submetering!AV11+Submetering!AZ11)*1.1251+(2076.11+129.67+207.57+207.57)/30+(11680.53+56.61)/30)/I10 -> 0.46341344 | K10: =Occupancy!H5 -> 9771.552
A11: Orlando | B11: 8 | C11: 3 | D11: 2020 | E11: =Submetering!F12+Submetering!H12+Submetering!J12+Submetering!L12+Submetering!N12+Submetering!P12+Submetering!R12+Submetering!T12+Submetering!V12+Submetering!X12+Submetering!Z12+Submetering!AB12+Submetering!AC12+Submetering!AD12+Submetering!AE12 -> 349889 | F11: =((((Submetering!E12+Submetering!AD12)*0.13773+(Submetering!E12+Submetering!AD12)*0.02095)*1.09+(2.85/30)*2)+(((Submetering!F12+Submetering!H12+Submetering!J12+Submetering!L12+Submetering!N12+Submetering!P12+Submetering!R12+Submetering!T12+Submetering!V12+Submetering!X12+Submetering!Z12+Submetering!AB12+Submetering!AC12+Submetering!AE12)*0.05155)+((Submetering!F12+Submetering!H12+Submetering!J12+Submetering!L12+Submetering!N12+Submetering!P12+Submetering!R12+Submetering!T12+Submetering!V12+Submetering!X12+Submetering!Z12+Submetering!AB12+Submetering!AC12+Submetering!AE12)*0.02095)+(20/30)*15)*1.1048)/E11 -> 0.080614326 | G11: =Submetering!AK12+Submetering!AL12+Submetering!AU12 -> 7051.736 | H11: 0.8166 | I11: =Submetering!AF12+Submetering!AG12+Submetering!AH12+Submetering!AI12+Submetering!AJ12+Submetering!AM12+Submetering!AN12+Submetering!AO12+Submetering!AQ12+Submetering!AR12+Submetering!AS12+Submetering!AT12+Submetering!AV12+Submetering!AY12+Submetering!AW12+Submetering!AZ12+Submetering!BA12 -> 18624.405 | J11: =((Submetering!AG12+Submetering!BA12)*0.8868+(1712.96+1070.52)/30+(Submetering!AF12+Submetering!AY12+Submetering!AV12+Submetering!AZ12)*1.1251+(2076.11+129.67+207.57+207.57)/30+(11680.53+56.61)/30)/I11 -> 0.41712139
A12: Orlando | B12: 15 | C12: 3 | D12: 2020 | E12: =Submetering!F13+Submetering!H13+Submetering!J13+Submetering!L13+Submetering!N13+Submetering!P13+Submetering!R13+Submetering!T13+Submetering!V13+Submetering!X13+Submetering!Z13+Submetering!AB13+Submetering!AC13+Submetering!AD13+Submetering!AE13 -> 312051 | F12: =((((Submetering!E13+Submetering!AD13)*0.13773+(Submetering!E13+Submetering!AD13)*0.02095)*1.09+(2.85/30)*2)+(((Submetering!F13+Submetering!H13+Submetering!J13+Submetering!L13+Submetering!N13+Submetering!P13+Submetering!R13+Submetering!T13+Submetering!V13+Submetering!X13+Submetering!Z13+Submetering!AB13+Submetering!AC13+Submetering!AE13)*0.05155)+((Submetering!F13+Submetering!H13+Submetering!J13+Submetering!L13+Submetering!N13+Submetering!P13+Submetering!R13+Submetering!T13+Submetering!V13+Submetering!X13+Submetering!Z13+Submetering!AB13+Submetering!AC13+Submetering!AE13)*0.02095)+(20/30)*15)*1.1048)/E12 -> 0.080618394 | G12: =Submetering!AK13+Submetering!AL13+Submetering!AU13 -> 4599.9266 | H12: 0.8166 | I12: =Submetering!AF13+Submetering!AG13+Submetering!AH13+Submetering!AI13+Submetering!AJ13+Submetering!AM13+Submetering!AN13+Submetering!AO13+Submetering!AQ13+Submetering!AR13+Submetering!AS13+Submetering!AT13+Submetering!AV13+Submetering!AY13+Submetering!AW13+Submetering!AZ13+Submetering!BA13 -> 18493.69 | J12: =((Submetering!AG13+Submetering!BA13)*0.8868+(1712.96+1070.52)/30+(Submetering!AF13+Submetering!AY13+Submetering!AV13+Submetering!AZ13)*1.1251+(2076.11+129.67+207.57+207.57)/30+(11680.53+56.61)/30)/I12 -> 0.38956539
A13: Orlando | B13: 22 | C13: 3 | D13: 2020 | E13: =Submetering!F14+Submetering!H14+Submetering!J14+Submetering!L14+Submetering!N14+Submetering!P14+Submetering!R14+Submetering!T14+Submetering!V14+Submetering!X14+Submetering!Z14+Submetering!AB14+Submetering!AC14+Submetering!AD14+Submetering!AE14 -> 289491 | F13: =((((Submetering!E14+Submetering!AD14)*0.13773+(Submetering!E14+Submetering!AD14)*0.02095)*1.09+(2.85/30)*2)+(((Submetering!F14+Submetering!H14+Submetering!J14+Submetering!L14+Submetering!N14+Submetering!P14+Submetering!R14+Submetering!T14+Submetering!V14+Submetering!X14+Submetering!Z14+Submetering!AB14+Submetering!AC14+Submetering!AE14)*0.05155)+((Submetering!F14+Submetering!H14+Submetering!J14+Submetering!L14+Submetering!N14+Submetering!P14+Submetering!R14+Submetering!T14+Submetering!V14+Submetering!X14+Submetering!Z14+Submetering!AB14+Submetering!AC14+Submetering!AE14)*0.02095)+(20/30)*15)*1.1048)/E13 -> 0.080654766 | G13: =Submetering!AK14+Submetering!AL14+Submetering!AU14 -> 3333.36 | H13: 0.8166 | I13: =Submetering!AF14+Submetering!AG14+Submetering!AH14+Submetering!AI14+Submetering!AJ14+Submetering!AM14+Submetering!AN14+Submetering!AO14+Submetering!AQ14+Submetering!AR14+Submetering!AS14+Submetering!AT14+Submetering!AV14+Submetering!AY14+Submetering!AW14+Submetering!AZ14+Submetering!BA14 -> 17091.572 | J13: =((Submetering!AG14+Submetering!BA14)*0.8868+(1712.96+1070.52)/30+(Submetering!AF14+Submetering!AY14+Submetering!AV14+Submetering!AZ14)*1.1251+(2076.11+129.67+207.57+207.57)/30+(11680.53+56.61)/30)/I13 -> 0.35748184
A14: Orlando | B14: 29 | C14: 3 | D14: 2020 | E14: =Submetering!F15+Submetering!H15+Submetering!J15+Submetering!L15+Submetering!N15+Submetering!P15+Submetering!R15+Submetering!T15+Submetering!V15+Submetering!X15+Submetering!Z15+Submetering!AB15+Submetering!AC15+Submetering!AD15+Submetering!AE15 -> 177664 | F14: =((((Submetering!E15+Submetering!AD15)*0.13773+(Submetering!E15+Submetering!AD15)*0.02095)*1.09+(2.85/30)*2)+(((Submetering!F15+Submetering!H15+Submetering!J15+Submetering!L15+Submetering!N15+Submetering!P15+Submetering!R15+Submetering!T15+Submetering!V15+Submetering!X15+Submetering!Z15+Submetering!AB15+Submetering!AC15+Submetering!AE15)*0.05155)+((Submetering!F15+Submetering!H15+Submetering!J15+Submetering!L15+Submetering!N15+Submetering!P15+Submetering!R15+Submetering!T15+Submetering!V15+Submetering!X15+Submetering!Z15+Submetering!AB15+Submetering!AC15+Submetering!AE15)*0.02095)+(20/30)*15)*1.1048)/E14 -> 0.080613648 | G14: =Submetering!AK15+Submetering!AL15+Submetering!AU15 -> 1133.198 | H14: 0.8166 | I14: =Submetering!AF15+Submetering!AG15+Submetering!AH15+Submetering!AI15+Submetering!AJ15+Submetering!AM15+Submetering!AN15+Submetering!AO15+Submetering!AQ15+Submetering!AR15+Submetering!AS15+Submetering!AT15+Submetering!AV15+Submetering!AY15+Submetering!AW15+Submetering!AZ15+Submetering!BA15 -> 12638.4 | J14: =((Submetering!AG15+Submetering!BA15)*0.8868+(1712.96+1070.52)/30+(Submetering!AF15+Submetering!AY15+Submetering!AV15+Submetering!AZ15)*1.1251+(2076.11+129.67+207.57+207.57)/30+(11680.53+56.61)/30)/I14 -> 0.38619259
A15: Orlando | B15: 31 | C15: 3 | D15: 2020 | E15: =Submetering!F16+Submetering!H16+Submetering!J16+Submetering!L16+Submetering!N16+Submetering!P16+Submetering!R16+Submetering!T16+Submetering!V16+Submetering!X16+Submetering!Z16+Submetering!AB16+Submetering!AC16+Submetering!AD16+Submetering!AE16 -> 49771 | F15: =((((Submetering!E16+Submetering!AD16)*0.13773+(Submetering!E16+Submetering!AD16)*0.02095)*1.09+(2.85/30)*2)+(((Submetering!F16+Submetering!H16+Submetering!J16+Submetering!L16+Submetering!N16+Submetering!P16+Submetering!R16+Submetering!T16+Submetering!V16+Submetering!X16+Submetering!Z16+Submetering!AB16+Submetering!AC16+Submetering!AE16)*0.05155)+((Submetering!F16+Submetering!H16+Submetering!J16+Submetering!L16+Submetering!N16+Submetering!P16+Submetering!R16+Submetering!T16+Submetering!V16+Submetering!X16+Submetering!Z16+Submetering!AB16+Submetering!AC16+Submetering!AE16)*0.02095)+(20/30)*15)*1.1048)/E15 -> 0.080743793 | G15: =Submetering!AK16+Submetering!AL16+Submetering!AU16 -> 59.6752 | H15: 0.8166 | I15: =Submetering!AF16+Submetering!AG16+Submetering!AH16+Submetering!AI16+Submetering!AJ16+Submetering!AM16+Submetering!AN16+Submetering!AO16+Submetering!AQ16+Submetering!AR16+Submetering!AS16+Submetering!AT16+Submetering!AV16+Submetering!AY16+Submetering!AW16+Submetering!AZ16+Submetering!BA16 -> 4957.0544 | J15: =((Submetering!AG16+Submetering!BA16)*0.8868+(1712.96+1070.52)/30+(Submetering!AF16+Submetering!AY16+Submetering!AV16+Submetering!AZ16)*1.1251+(2076.11+129.67+207.57+207.57)/30+(11680.53+56.61)/30)/I15 -> 0.45669127 | K15: =Occupancy!H6 -> 3895.212
A16: Orlando | B16: 5 | C16: 4 | D16: 2020 | E16: =Submetering!F17+Submetering!H17+Submetering!J17+Submetering!L17+Submetering!N17+Submetering!P17+Submetering!R17+Submetering!T17+Submetering!V17+Submetering!X17+Submetering!Z17+Submetering!AB17+Submetering!AC17+Submetering!AD17+Submetering!AE17 -> 105497 | F16: =((((Submetering!E17+Submetering!AD17)*0.13773+(Submetering!E17+Submetering!AD17)*0.02095)*1.09+(2.85/30)*2)+(((Submetering!F17+Submetering!H17+Submetering!J17+Submetering!L17+Submetering!N17+Submetering!P17+Submetering!R17+Submetering!T17+Submetering!V17+Submetering!X17+Submetering!Z17+Submetering!AB17+Submetering!AC17+Submetering!AE17)*0.05155)+((Submetering!F17+Submetering!H17+Submetering!J17+Submetering!L17+Submetering!N17+Submetering!P17+Submetering!R17+Submetering!T17+Submetering!V17+Submetering!X17+Submetering!Z17+Submetering!AB17+Submetering!AC17+Submetering!AE17)*0.02095)+(20/30)*15)*1.1048)/E16 -> 0.080682448 | G16: =Submetering!AK17+Submetering!AL17+Submetering!AU17 -> 152.8056 | H16: 0.8166 | I16: =Submetering!AF17+Submetering!AG17+Submetering!AH17+Submetering!AI17+Submetering!AJ17+Submetering!AM17+Submetering!AN17+Submetering!AO17+Submetering!AQ17+Submetering!AR17+Submetering!AS17+Submetering!AT17+Submetering!AV17+Submetering!AY17+Submetering!AW17+Submetering!AZ17+Submetering!BA17 -> 6685.5735 | J16: =((Submetering!AG17+Submetering!BA17)*0.8868+(1712.96+1070.52)/30+(Submetering!AF17+Submetering!AY17+Submetering!AV17+Submetering!AZ17)*1.1251+(2076.11+129.67+207.57+207.57)/30+(11680.53+56.61)/30)/I16 -> 0.52078479
A17: Orlando | B17: 12 | C17: 4 | D17: 2020 | E17: =Submetering!F18+Submetering!H18+Submetering!J18+Submetering!L18+Submetering!N18+Submetering!P18+Submetering!R18+Submetering!T18+Submetering!V18+Submetering!X18+Submetering!Z18+Submetering!AB18+Submetering!AC18+Submetering!AD18+Submetering!AE18 -> 158920 | F17: =((((Submetering!E18+Submetering!AD18)*0.13773+(Submetering!E18+Submetering!AD18)*0.02095)*1.09+(2.85/30)*2)+(((Submetering!F18+Submetering!H18+Submetering!J18+Submetering!L18+Submetering!N18+Submetering!P18+Submetering!R18+Submetering!T18+Submetering!V18+Submetering!X18+Submetering!Z18+Submetering!AB18+Submetering!AC18+Submetering!AE18)*0.05155)+((Submetering!F18+Submetering!H18+Submetering!J18+Submetering!L18+Submetering!N18+Submetering!P18+Submetering!R18+Submetering!T18+Submetering!V18+Submetering!X18+Submetering!Z18+Submetering!AB18+Submetering!AC18+Submetering!AE18)*0.02095)+(20/30)*15)*1.1048)/E17 -> 0.080547591 | G17: =Submetering!AK18+Submetering!AL18+Submetering!AU18 -> 187.7884 | H17: 0.8166 | I17: =Submetering!AF18+Submetering!AG18+Submetering!AH18+Submetering!AI18+Submetering!AJ18+Submetering!AM18+Submetering!AN18+Submetering!AO18+Submetering!AQ18+Submetering!AR18+Submetering!AS18+Submetering!AT18+Submetering!AV18+Submetering!AY18+Submetering!AW18+Submetering!AZ18+Submetering!BA18 -> 10772.56 | J17: =((Submetering!AG18+Submetering!BA18)*0.8868+(1712.96+1070.52)/30+(Submetering!AF18+Submetering!AY18+Submetering!AV18+Submetering!AZ18)*1.1251+(2076.11+129.67+207.57+207.57)/30+(11680.53+56.61)/30)/I17 -> 0.38362285
A18: Orlando | B18: 19 | C18: 4 | D18: 2020 | E18: =Submetering!F19+Submetering!H19+Submetering!J19+Submetering!L19+Submetering!N19+Submetering!P19+Submetering!R19+Submetering!T19+Submetering!V19+Submetering!X19+Submetering!Z19+Submetering!AB19+Submetering!AC19+Submetering!AD19+Submetering!AE19 -> 164520 | F18: =((((Submetering!E19+Submetering!AD19)*0.13773+(Submetering!E19+Submetering!AD19)*0.02095)*1.09+(2.85/30)*2)+(((Submetering!F19+Submetering!H19+Submetering!J19+Submetering!L19+Submetering!N19+Submetering!P19+Submetering!R19+Submetering!T19+Submetering!V19+Submetering!X19+Submetering!Z19+Submetering!AB19+Submetering!AC19+Submetering!AE19)*0.05155)+((Submetering!F19+Submetering!H19+Submetering!J19+Submetering!L19+Submetering!N19+Submetering!P19+Submetering!R19+Submetering!T19+Submetering!V19+Submetering!X19+Submetering!Z19+Submetering!AB19+Submetering!AC19+Submetering!AE19)*0.02095)+(20/30)*15)*1.1048)/E18 -> 0.08056643 | G18: =Submetering!AK19+Submetering!AL19+Submetering!AU19 -> 169.5864 | H18: 0.8166 | I18: =Submetering!AF19+Submetering!AG19+Submetering!AH19+Submetering!AI19+Submetering!AJ19+Submetering!AM19+Submetering!AN19+Submetering!AO19+Submetering!AQ19+Submetering!AR19+Submetering!AS19+Submetering!AT19+Submetering!AV19+Submetering!AY19+Submetering!AW19+Submetering!AZ19+Submetering!BA19 -> 10992.376 | J18: =((Submetering!AG19+Submetering!BA19)*0.8868+(1712.96+1070.52)/30+(Submetering!AF19+Submetering!AY19+Submetering!AV19+Submetering!AZ19)*1.1251+(2076.11+129.67+207.57+207.57)/30+(11680.53+56.61)/30)/I18 -> 0.33489412
A19: Orlando | B19: 26 | C19: 4 | D19: 2020 | E19: =Submetering!F20+Submetering!H20+Submetering!J20+Submetering!L20+Submetering!N20+Submetering!P20+Submetering!R20+Submetering!T20+Submetering!V20+Submetering!X20+Submetering!Z20+Submetering!AB20+Submetering!AC20+Submetering!AD20+Submetering!AE20 -> 164908 | F19: =((((Submetering!E20+Submetering!AD20)*0.13773+(Submetering!E20+Submetering!AD20)*0.02095)*1.09+(2.85/30)*2)+(((Submetering!F20+Submetering!H20+Submetering!J20+Submetering!L20+Submetering!N20+Submetering!P20+Submetering!R20+Submetering!T20+Submetering!V20+Submetering!X20+Submetering!Z20+Submetering!AB20+Submetering!AC20+Submetering!AE20)*0.05155)+((Submetering!F20+Submetering!H20+Submetering!J20+Submetering!L20+Submetering!N20+Submetering!P20+Submetering!R20+Submetering!T20+Submetering!V20+Submetering!X20+Submetering!Z20+Submetering!AB20+Submetering!AC20+Submetering!AE20)*0.02095)+(20/30)*15)*1.1048)/E19 -> 0.080523734 | G19: =Submetering!AK20+Submetering!AL20+Submetering!AU20 -> 220.476 | H19: 0.8166 | I19: =Submetering!AF20+Submetering!AG20+Submetering!AH20+Submetering!AI20+Submetering!AJ20+Submetering!AM20+Submetering!AN20+Submetering!AO20+Submetering!AQ20+Submetering!AR20+Submetering!AS20+Submetering!AT20+Submetering!AV20+Submetering!AY20+Submetering!AW20+Submetering!AZ20+Submetering!BA20 -> 11634.725 | J19: =((Submetering!AG20+Submetering!BA20)*0.8868+(1712.96+1070.52)/30+(Submetering!AF20+Submetering!AY20+Submetering!AV20+Submetering!AZ20)*1.1251+(2076.11+129.67+207.57+207.57)/30+(11680.53+56.61)/30)/I19 -> 0.34055249
A20: Orlando | B20: 30 | C20: 4 | D20: 2020 | E20: =Submetering!F21+Submetering!H21+Submetering!J21+Submetering!L21+Submetering!N21+Submetering!P21+Submetering!R21+Submetering!T21+Submetering!V21+Submetering!X21+Submetering!Z21+Submetering!AB21+Submetering!AC21+Submetering!AD21+Submetering!AE21 -> 86857 | F20: =((((Submetering!E21+Submetering!AD21)*0.13773+(Submetering!E21+Submetering!AD21)*0.02095)*1.09+(2.85/30)*2)+(((Submetering!F21+Submetering!H21+Submetering!J21+Submetering!L21+Submetering!N21+Submetering!P21+Submetering!R21+Submetering!T21+Submetering!V21+Submetering!X21+Submetering!Z21+Submetering!AB21+Submetering!AC21+Submetering!AE21)*0.05155)+((Submetering!F21+Submetering!H21+Submetering!J21+Submetering!L21+Submetering!N21+Submetering!P21+Submetering!R21+Submetering!T21+Submetering!V21+Submetering!X21+Submetering!Z21+Submetering!AB21+Submetering!AC21+Submetering!AE21)*0.02095)+(20/30)*15)*1.1048)/E20 -> 0.080689959 | G20: =Submetering!AK21+Submetering!AL21+Submetering!AU21 -> 132.3046 | H20: 0.8166 | I20: =Submetering!AF21+Submetering!AG21+Submetering!AH21+Submetering!AI21+Submetering!AJ21+Submetering!AM21+Submetering!AN21+Submetering!AO21+Submetering!AQ21+Submetering!AR21+Submetering!AS21+Submetering!AT21+Submetering!AV21+Submetering!AY21+Submetering!AW21+Submetering!AZ21+Submetering!BA21 -> 6820.2159 | J20: =((Submetering!AG21+Submetering!BA21)*0.8868+(1712.96+1070.52)/30+(Submetering!AF21+Submetering!AY21+Submetering!AV21+Submetering!AZ21)*1.1251+(2076.11+129.67+207.57+207.57)/30+(11680.53+56.61)/30)/I20 -> 0.48243716 | K20: =Occupancy!H7 -> 0
A21: Orlando | B21: 4 | C21: 5 | D21: 2020 | E21: =Submetering!F22+Submetering!H22+Submetering!J22+Submetering!L22+Submetering!N22+Submetering!P22+Submetering!R22+Submetering!T22+Submetering!V22+Submetering!X22+Submetering!Z22+Submetering!AB22+Submetering!AC22+Submetering!AD22+Submetering!AE22 -> 49087 | F21: =((((Submetering!E22+Submetering!AD22)*0.13773+(Submetering!E22+Submetering!AD22)*0.02095)*1.09+(2.85/30)*2)+(((Submetering!F22+Submetering!H22+Submetering!J22+Submetering!L22+Submetering!N22+Submetering!P22+Submetering!R22+Submetering!T22+Submetering!V22+Submetering!X22+Submetering!Z22+Submetering!AB22+Submetering!AC22+Submetering!AE22)*0.05155)+((Submetering!F22+Submetering!H22+Submetering!J22+Submetering!L22+Submetering!N22+Submetering!P22+Submetering!R22+Submetering!T22+Submetering!V22+Submetering!X22+Submetering!Z22+Submetering!AB22+Submetering!AC22+Submetering!AE22)*0.02095)+(20/30)*15)*1.1048)/E21 -> 0.080670475 | G21: =Submetering!AK22+Submetering!AL22+Submetering!AU22 -> 91.9676 | H21: 0.8166 | I21: =Submetering!AF22+Submetering!AG22+Submetering!AH22+Submetering!AI22+Submetering!AJ22+Submetering!AM22+Submetering!AN22+Submetering!AO22+Submetering!AQ22+Submetering!AR22+Submetering!AS22+Submetering!AT22+Submetering!AV22+Submetering!AY22+Submetering!AW22+Submetering!AZ22+Submetering!BA22 -> 4164.2205 | J21: =((Submetering!AG22+Submetering!BA22)*0.8868+(1712.96+1070.52)/30+(Submetering!AF22+Submetering!AY22+Submetering!AV22+Submetering!AZ22)*1.1251+(2076.11+129.67+207.57+207.57)/30+(11680.53+56.61)/30)/I21 -> 0.5652277
A22: Orlando | B22: 10 | C22: 5 | D22: 2020 | E22: =Submetering!F23+Submetering!H23+Submetering!J23+Submetering!L23+Submetering!N23+Submetering!P23+Submetering!R23+Submetering!T23+Submetering!V23+Submetering!X23+Submetering!Z23+Submetering!AB23+Submetering!AC23+Submetering!AD23+Submetering!AE23 -> 154064 | F22: =((((Submetering!E23+Submetering!AD23)*0.13773+(Submetering!E23+Submetering!AD23)*0.02095)*1.09+(2.85/30)*2)+(((Submetering!F23+Submetering!H23+Submetering!J23+Submetering!L23+Submetering!N23+Submetering!P23+Submetering!R23+Submetering!T23+Submetering!V23+Submetering!X23+Submetering!Z23+Submetering!AB23+Submetering!AC23+Submetering!AE23)*0.05155)+((Submetering!F23+Submetering!H23+Submetering!J23+Submetering!L23+Submetering!N23+Submetering!P23+Submetering!R23+Submetering!T23+Submetering!V23+Submetering!X23+Submetering!Z23+Submetering!AB23+Submetering!AC23+Submetering!AE23)*0.02095)+(20/30)*15)*1.1048)/E22 -> 0.080872287 | G22: =Submetering!AK23+Submetering!AL23+Submetering!AU23 -> 220.5102 | H22: 0.8166 | I22: =Submetering!AF23+Submetering!AG23+Submetering!AH23+Submetering!AI23+Submetering!AJ23+Submetering!AM23+Submetering!AN23+Submetering!AO23+Submetering!AQ23+Submetering!AR23+Submetering!AS23+Submetering!AT23+Submetering!AV23+Submetering!AY23+Submetering!AW23+Submetering!AZ23+Submetering!BA23 -> 11082.527 | J22: =((Submetering!AG23+Submetering!BA23)*0.8868+(1712.96+1070.52)/30+(Submetering!AF23+Submetering!AY23+Submetering!AV23+Submetering!AZ23)*1.1251+(2076.11+129.67+207.57+207.57)/30+(11680.53+56.61)/30)/I22 -> 0.40379664
A23: Orlando | B23: 17 | C23: 5 | D23: 2020 | E23: =Submetering!F24+Submetering!H24+Submetering!J24+Submetering!L24+Submetering!N24+Submetering!P24+Submetering!R24+Submetering!T24+Submetering!V24+Submetering!X24+Submetering!Z24+Submetering!AB24+Submetering!AC24+Submetering!AD24+Submetering!AE24 -> 164094 | F23: =((((Submetering!E24+Submetering!AD24)*0.13773+(Submetering!E24+Submetering!AD24)*0.02095)*1.09+(2.85/30)*2)+(((Submetering!F24+Submetering!H24+Submetering!J24+Submetering!L24+Submetering!N24+Submetering!P24+Submetering!R24+Submetering!T24+Submetering!V24+Submetering!X24+Submetering!Z24+Submetering!AB24+Submetering!AC24+Submetering!AE24)*0.05155)+((Submetering!F24+Submetering!H24+Submetering!J24+Submetering!L24+Submetering!N24+Submetering!P24+Submetering!R24+Submetering!T24+Submetering!V24+Submetering!X24+Submetering!Z24+Submetering!AB24+Submetering!AC24+Submetering!AE24)*0.02095)+(20/30)*15)*1.1048)/E23 -> 0.080789286 | G23: =Submetering!AK24+Submetering!AL24+Submetering!AU24 -> 223.7668 | H23: 0.8166 | I23: =Submetering!AF24+Submetering!AG24+Submetering!AH24+Submetering!AI24+Submetering!AJ24+Submetering!AM24+Submetering!AN24+Submetering!AO24+Submetering!AQ24+Submetering!AR24+Submetering!AS24+Submetering!AT24+Submetering!AV24+Submetering!AY24+Submetering!AW24+Submetering!AZ24+Submetering!BA24 -> 13199.997 | J23: =((Submetering!AG24+Submetering!BA24)*0.8868+(1712.96+1070.52)/30+(Submetering!AF24+Submetering!AY24+Submetering!AV24+Submetering!AZ24)*1.1251+(2076.11+129.67+207.57+207.57)/30+(11680.53+56.61)/30)/I23 -> 0.42667455
A24: Orlando | B24: 24 | C24: 5 | D24: 2020 | E24: =Submetering!F25+Submetering!H25+Submetering!J25+Submetering!L25+Submetering!N25+Submetering!P25+Submetering!R25+Submetering!T25+Submetering!V25+Submetering!X25+Submetering!Z25+Submetering!AB25+Submetering!AC25+Submetering!AD25+Submetering!AE25 -> 175587 | F24: =((((Submetering!E25+Submetering!AD25)*0.13773+(Submetering!E25+Submetering!AD25)*0.02095)*1.09+(2.85/30)*2)+(((Submetering!F25+Submetering!H25+Submetering!J25+Submetering!L25+Submetering!N25+Submetering!P25+Submetering!R25+Submetering!T25+Submetering!V25+Submetering!X25+Submetering!Z25+Submetering!AB25+Submetering!AC25+Submetering!AE25)*0.05155)+((Submetering!F25+Submetering!H25+Submetering!J25+Submetering!L25+Submetering!N25+Submetering!P25+Submetering!R25+Submetering!T25+Submetering!V25+Submetering!X25+Submetering!Z25+Submetering!AB25+Submetering!AC25+Submetering!AE25)*0.02095)+(20/30)*15)*1.1048)/E24 -> 0.080751641 | G24: =Submetering!AK25+Submetering!AL25+Submetering!AU25 -> 206.5528 | H24: 0.8166 | I24: =Submetering!AF25+Submetering!AG25+Submetering!AH25+Submetering!AI25+Submetering!AJ25+Submetering!AM25+Submetering!AN25+Submetering!AO25+Submetering!AQ25+Submetering!AR25+Submetering!AS25+Submetering!AT25+Submetering!AV25+Submetering!AY25+Submetering!AW25+Submetering!AZ25+Submetering!BA25 -> 12806.225 | J24: =((Submetering!AG25+Submetering!BA25)*0.8868+(1712.96+1070.52)/30+(Submetering!AF25+Submetering!AY25+Submetering!AV25+Submetering!AZ25)*1.1251+(2076.11+129.67+207.57+207.57)/30+(11680.53+56.61)/30)/I24 -> 0.36307869
A25: Orlando | B25: 31 | C25: 5 | D25: 2020 | E25: =Submetering!F26+Submetering!H26+Submetering!J26+Submetering!L26+Submetering!N26+Submetering!P26+Submetering!R26+Submetering!T26+Submetering!V26+Submetering!X26+Submetering!Z26+Submetering!AB26+Submetering!AC26+Submetering!AD26+Submetering!AE26 -> 182491 | F25: =((((Submetering!E26+Submetering!AD26)*0.13773+(Submetering!E26+Submetering!AD26)*0.02095)*1.09+(2.85/30)*2)+(((Submetering!F26+Submetering!H26+Submetering!J26+Submetering!L26+Submetering!N26+Submetering!P26+Submetering!R26+Submetering!T26+Submetering!V26+Submetering!X26+Submetering!Z26+Submetering!AB26+Submetering!AC26+Submetering!AE26)*0.05155)+((Submetering!F26+Submetering!H26+Submetering!J26+Submetering!L26+Submetering!N26+Submetering!P26+Submetering!R26+Submetering!T26+Submetering!V26+Submetering!X26+Submetering!Z26+Submetering!AB26+Submetering!AC26+Submetering!AE26)*0.02095)+(20/30)*15)*1.1048)/E25 -> 0.080732739 | G25: =Submetering!AK26+Submetering!AL26+Submetering!AU26 -> 195.5632 | H25: 0.8166 | I25: =Submetering!AF26+Submetering!AG26+Submetering!AH26+Submetering!AI26+Submetering!AJ26+Submetering!AM26+Submetering!AN26+Submetering!AO26+Submetering!AQ26+Submetering!AR26+Submetering!AS26+Submetering!AT26+Submetering!AV26+Submetering!AY26+Submetering!AW26+Submetering!AZ26+Submetering!BA26 -> 11298.428 | J25: =((Submetering!AG26+Submetering!BA26)*0.8868+(1712.96+1070.52)/30+(Submetering!AF26+Submetering!AY26+Submetering!AV26+Submetering!AZ26)*1.1251+(2076.11+129.67+207.57+207.57)/30+(11680.53+56.61)/30)/I25 -> 0.30516211 | K25: =Occupancy!H8 -> 0
A26: Orlando | B26: 8 | C26: 6 | D26: 2020 | E26: =Submetering!F27+Submetering!H27+Submetering!J27+Submetering!L27+Submetering!N27+Submetering!P27+Submetering!R27+Submetering!T27+Submetering!V27+Submetering!X27+Submetering!Z27+Submetering!AB27+Submetering!AC27+Submetering!AD27+Submetering!AE27 -> 182461 | F26: =((((Submetering!E27+Submetering!AD27)*0.13773+(Submetering!E27+Submetering!AD27)*0.02095)*1.09+(2.85/30)*2)+(((Submetering!F27+Submetering!H27+Submetering!J27+Submetering!L27+Submetering!N27+Submetering!P27+Submetering!R27+Submetering!T27+Submetering!V27+Submetering!X27+Submetering!Z27+Submetering!AB27+Submetering!AC27+Submetering!AE27)*0.05155)+((Submetering!F27+Submetering!H27+Submetering!J27+Submetering!L27+Submetering!N27+Submetering!P27+Submetering!R27+Submetering!T27+Submetering!V27+Submetering!X27+Submetering!Z27+Submetering!AB27+Submetering!AC27+Submetering!AE27)*0.02095)+(20/30)*15)*1.1048)/E26 -> 0.080641897 | G26: =Submetering!AK27+Submetering!AL27+Submetering!AU27 -> 206.9822 | H26: 0.8166 | I26: =Submetering!AF27+Submetering!AG27+Submetering!AH27+Submetering!AI27+Submetering!AJ27+Submetering!AM27+Submetering!AN27+Submetering!AO27+Submetering!AQ27+Submetering!AR27+Submetering!AS27+Submetering!AT27+Submetering!AV27+Submetering!AY27+Submetering!AW27+Submetering!AZ27+Submetering!BA27 -> 9823.1392 | J26: =((Submetering!AG27+Submetering!BA27)*0.8868+(1712.96+1070.52)/30+(Submetering!AF27+Submetering!AY27+Submetering!AV27+Submetering!AZ27)*1.1251+(2076.11+129.67+207.57+207.57)/30+(11680.53+56.61)/30)/I26 -> 0.23496421
A27: Orlando | B27: 15 | C27: 6 | D27: 2020 | E27: =Submetering!F28+Submetering!H28+Submetering!J28+Submetering!L28+Submetering!N28+Submetering!P28+Submetering!R28+Submetering!T28+Submetering!V28+Submetering!X28+Submetering!Z28+Submetering!AB28+Submetering!AC28+Submetering!AD28+Submetering!AE28 -> 197001 | F27: =((((Submetering!E28+Submetering!AD28)*0.13773+(Submetering!E28+Submetering!AD28)*0.02095)*1.09+(2.85/30)*2)+(((Submetering!F28+Submetering!H28+Submetering!J28+Submetering!L28+Submetering!N28+Submetering!P28+Submetering!R28+Submetering!T28+Submetering!V28+Submetering!X28+Submetering!Z28+Submetering!AB28+Submetering!AC28+Submetering!AE28)*0.05155)+((Submetering!F28+Submetering!H28+Submetering!J28+Submetering!L28+Submetering!N28+Submetering!P28+Submetering!R28+Submetering!T28+Submetering!V28+Submetering!X28+Submetering!Z28+Submetering!AB28+Submetering!AC28+Submetering!AE28)*0.02095)+(20/30)*15)*1.1048)/E27 -> 0.080863807 | G27: =Submetering!AK28+Submetering!AL28+Submetering!AU28 -> 216.8394 | H27: 0.8166 | I27: =Submetering!AF28+Submetering!AG28+Submetering!AH28+Submetering!AI28+Submetering!AJ28+Submetering!AM28+Submetering!AN28+Submetering!AO28+Submetering!AQ28+Submetering!AR28+Submetering!AS28+Submetering!AT28+Submetering!AV28+Submetering!AY28+Submetering!AW28+Submetering!AZ28+Submetering!BA28 -> 11104.427 | J27: =((Submetering!AG28+Submetering!BA28)*0.8868+(1712.96+1070.52)/30+(Submetering!AF28+Submetering!AY28+Submetering!AV28+Submetering!AZ28)*1.1251+(2076.11+129.67+207.57+207.57)/30+(11680.53+56.61)/30)/I27 -> 0.21306937
A28: Orlando | B28: 22 | C28: 6 | D28: 2020 | E28: =Submetering!F29+Submetering!H29+Submetering!J29+Submetering!L29+Submetering!N29+Submetering!P29+Submetering!R29+Submetering!T29+Submetering!V29+Submetering!X29+Submetering!Z29+Submetering!AB29+Submetering!AC29+Submetering!AD29+Submetering!AE29 -> 253322 | F28: =((((Submetering!E29+Submetering!AD29)*0.13773+(Submetering!E29+Submetering!AD29)*0.02095)*1.09+(2.85/30)*2)+(((Submetering!F29+Submetering!H29+Submetering!J29+Submetering!L29+Submetering!N29+Submetering!P29+Submetering!R29+Submetering!T29+Submetering!V29+Submetering!X29+Submetering!Z29+Submetering!AB29+Submetering!AC29+Submetering!AE29)*0.05155)+((Submetering!F29+Submetering!H29+Submetering!J29+Submetering!L29+Submetering!N29+Submetering!P29+Submetering!R29+Submetering!T29+Submetering!V29+Submetering!X29+Submetering!Z29+Submetering!AB29+Submetering!AC29+Submetering!AE29)*0.02095)+(20/30)*15)*1.1048)/E28 -> 0.080643029 | G28: =Submetering!AK29+Submetering!AL29+Submetering!AU29 -> 280.6984 | H28: 0.8166 | I28: =Submetering!AF29+Submetering!AG29+Submetering!AH29+Submetering!AI29+Submetering!AJ29+Submetering!AM29+Submetering!AN29+Submetering!AO29+Submetering!AQ29+Submetering!AR29+Submetering!AS29+Submetering!AT29+Submetering!AV29+Submetering!AY29+Submetering!AW29+Submetering!AZ29+Submetering!BA29 -> 15585.752 | J28: =((Submetering!AG29+Submetering!BA29)*0.8868+(1712.96+1070.52)/30+(Submetering!AF29+Submetering!AY29+Submetering!AV29+Submetering!AZ29)*1.1251+(2076.11+129.67+207.57+207.57)/30+(11680.53+56.61)/30)/I28 -> 0.24697632
A29: Orlando | B29: 29 | C29: 6 | D29: 2020 | E29: =Submetering!F30+Submetering!H30+Submetering!J30+Submetering!L30+Submetering!N30+Submetering!P30+Submetering!R30+Submetering!T30+Submetering!V30+Submetering!X30+Submetering!Z30+Submetering!AB30+Submetering!AC30+Submetering!AD30+Submetering!AE30 -> 247272 | F29: =((((Submetering!E30+Submetering!AD30)*0.13773+(Submetering!E30+Submetering!AD30)*0.02095)*1.09+(2.85/30)*2)+(((Submetering!F30+Submetering!H30+Submetering!J30+Submetering!L30+Submetering!N30+Submetering!P30+Submetering!R30+Submetering!T30+Submetering!V30+Submetering!X30+Submetering!Z30+Submetering!AB30+Submetering!AC30+Submetering!AE30)*0.05155)+((Submetering!F30+Submetering!H30+Submetering!J30+Submetering!L30+Submetering!N30+Submetering!P30+Submetering!R30+Submetering!T30+Submetering!V30+Submetering!X30+Submetering!Z30+Submetering!AB30+Submetering!AC30+Submetering!AE30)*0.02095)+(20/30)*15)*1.1048)/E29 -> 0.080610674 | G29: =Submetering!AK30+Submetering!AL30+Submetering!AU30 -> 515.8614 | H29: 0.8166 | I29: =Submetering!AF30+Submetering!AG30+Submetering!AH30+Submetering!AI30+Submetering!AJ30+Submetering!AM30+Submetering!AN30+Submetering!AO30+Submetering!AQ30+Submetering!AR30+Submetering!AS30+Submetering!AT30+Submetering!AV30+Submetering!AY30+Submetering!AW30+Submetering!AZ30+Submetering!BA30 -> 16830.946 | J29: =((Submetering!AG30+Submetering!BA30)*0.8868+(1712.96+1070.52)/30+(Submetering!AF30+Submetering!AY30+Submetering!AV30+Submetering!AZ30)*1.1251+(2076.11+129.67+207.57+207.57)/30+(11680.53+56.61)/30)/I29 -> 0.29711404
A30: Orlando | B30: 30 | C30: 6 | D30: 2020 | E30: =Submetering!F31+Submetering!H31+Submetering!J31+Submetering!L31+Submetering!N31+Submetering!P31+Submetering!R31+Submetering!T31+Submetering!V31+Submetering!X31+Submetering!Z31+Submetering!AB31+Submetering!AC31+Submetering!AD31+Submetering!AE31 -> 81240 | F30: =((((Submetering!E31+Submetering!AD31)*0.13773+(Submetering!E31+Submetering!AD31)*0.02095)*1.09+(2.85/30)*2)+(((Submetering!F31+Submetering!H31+Submetering!J31+Submetering!L31+Submetering!N31+Submetering!P31+Submetering!R31+Submetering!T31+Submetering!V31+Submetering!X31+Submetering!Z31+Submetering!AB31+Submetering!AC31+Submetering!AE31)*0.05155)+((Submetering!F31+Submetering!H31+Submetering!J31+Submetering!L31+Submetering!N31+Submetering!P31+Submetering!R31+Submetering!T31+Submetering!V31+Submetering!X31+Submetering!Z31+Submetering!AB31+Submetering!AC31+Submetering!AE31)*0.02095)+(20/30)*15)*1.1048)/E30 -> 0.080625635 | G30: =Submetering!AK31+Submetering!AL31+Submetering!AU31 -> 121.6494 | H30: 0.8166 | I30: =Submetering!AF31+Submetering!AG31+Submetering!AH31+Submetering!AI31+Submetering!AJ31+Submetering!AM31+Submetering!AN31+Submetering!AO31+Submetering!AQ31+Submetering!AR31+Submetering!AS31+Submetering!AT31+Submetering!AV31+Submetering!AY31+Submetering!AW31+Submetering!AZ31+Submetering!BA31 -> 5320.653 | J30: =((Submetering!AG31+Submetering!BA31)*0.8868+(1712.96+1070.52)/30+(Submetering!AF31+Submetering!AY31+Submetering!AV31+Submetering!AZ31)*1.1251+(2076.11+129.67+207.57+207.57)/30+(11680.53+56.61)/30)/I30 -> 0.4251168 | K30: =Occupancy!H9 -> 0
A31: Orlando | B31: 6 | C31: 7 | D31: 2020 | E31: =Submetering!F32+Submetering!H32+Submetering!J32+Submetering!L32+Submetering!N32+Submetering!P32+Submetering!R32+Submetering!T32+Submetering!V32+Submetering!X32+Submetering!Z32+Submetering!AB32+Submetering!AC32+Submetering!AD32+Submetering!AE32 -> 241691 | F31: =((((Submetering!E32+Submetering!AD32)*0.13773+(Submetering!E32+Submetering!AD32)*0.02095)*1.09+(2.85/30)*2)+(((Submetering!F32+Submetering!H32+Submetering!J32+Submetering!L32+Submetering!N32+Submetering!P32+Submetering!R32+Submetering!T32+Submetering!V32+Submetering!X32+Submetering!Z32+Submetering!AB32+Submetering!AC32+Submetering!AE32)*0.05155)+((Submetering!F32+Submetering!H32+Submetering!J32+Submetering!L32+Submetering!N32+Submetering!P32+Submetering!R32+Submetering!T32+Submetering!V32+Submetering!X32+Submetering!Z32+Submetering!AB32+Submetering!AC32+Submetering!AE32)*0.02095)+(20/30)*15)*1.1048)/E31 -> 0.080583212 | G31: =Submetering!AK32+Submetering!AL32+Submetering!AU32 -> 986.309 | H31: 0.8166 | I31: =Submetering!AF32+Submetering!AG32+Submetering!AH32+Submetering!AI32+Submetering!AJ32+Submetering!AM32+Submetering!AN32+Submetering!AO32+Submetering!AQ32+Submetering!AR32+Submetering!AS32+Submetering!AT32+Submetering!AV32+Submetering!AY32+Submetering!AW32+Submetering!AZ32+Submetering!BA32 -> 13490.236 | J31: =((Submetering!AG32+Submetering!BA32)*0.8868+(1712.96+1070.52)/30+(Submetering!AF32+Submetering!AY32+Submetering!AV32+Submetering!AZ32)*1.1251+(2076.11+129.67+207.57+207.57)/30+(11680.53+56.61)/30)/I31 -> 0.28980055
A32: Orlando | B32: 13 | C32: 7 | D32: 2020 | E32: =Submetering!F33+Submetering!H33+Submetering!J33+Submetering!L33+Submetering!N33+Submetering!P33+Submetering!R33+Submetering!T33+Submetering!V33+Submetering!X33+Submetering!Z33+Submetering!AB33+Submetering!AC33+Submetering!AD33+Submetering!AE33 -> 307943 | F32: =((((Submetering!E33+Submetering!AD33)*0.13773+(Submetering!E33+Submetering!AD33)*0.02095)*1.09+(2.85/30)*2)+(((Submetering!F33+Submetering!H33+Submetering!J33+Submetering!L33+Submetering!N33+Submetering!P33+Submetering!R33+Submetering!T33+Submetering!V33+Submetering!X33+Submetering!Z33+Submetering!AB33+Submetering!AC33+Submetering!AE33)*0.05155)+((Submetering!F33+Submetering!H33+Submetering!J33+Submetering!L33+Submetering!N33+Submetering!P33+Submetering!R33+Submetering!T33+Submetering!V33+Submetering!X33+Submetering!Z33+Submetering!AB33+Submetering!AC33+Submetering!AE33)*0.02095)+(20/30)*15)*1.1048)/E32 -> 0.08059147 | G32: =Submetering!AK33+Submetering!AL33+Submetering!AU33 -> 1275.5536 | H32: 0.8166 | I32: =Submetering!AF33+Submetering!AG33+Submetering!AH33+Submetering!AI33+Submetering!AJ33+Submetering!AM33+Submetering!AN33+Submetering!AO33+Submetering!AQ33+Submetering!AR33+Submetering!AS33+Submetering!AT33+Submetering!AV33+Submetering!AY33+Submetering!AW33+Submetering!AZ33+Submetering!BA33 -> 16760.955 | J32: =((Submetering!AG33+Submetering!BA33)*0.8868+(1712.96+1070.52)/30+(Submetering!AF33+Submetering!AY33+Submetering!AV33+Submetering!AZ33)*1.1251+(2076.11+129.67+207.57+207.57)/30+(11680.53+56.61)/30)/I32 -> 0.24987606
A33: Orlando | B33: 20 | C33: 7 | D33: 2020 | E33: =Submetering!F34+Submetering!H34+Submetering!J34+Submetering!L34+Submetering!N34+Submetering!P34+Submetering!R34+Submetering!T34+Submetering!V34+Submetering!X34+Submetering!Z34+Submetering!AB34+Submetering!AC34+Submetering!AD34+Submetering!AE34 -> 334140 | F33: =((((Submetering!E34+Submetering!AD34)*0.13773+(Submetering!E34+Submetering!AD34)*0.02095)*1.09+(2.85/30)*2)+(((Submetering!F34+Submetering!H34+Submetering!J34+Submetering!L34+Submetering!N34+Submetering!P34+Submetering!R34+Submetering!T34+Submetering!V34+Submetering!X34+Submetering!Z34+Submetering!AB34+Submetering!AC34+Submetering!AE34)*0.05155)+((Submetering!F34+Submetering!H34+Submetering!J34+Submetering!L34+Submetering!N34+Submetering!P34+Submetering!R34+Submetering!T34+Submetering!V34+Submetering!X34+Submetering!Z34+Submetering!AB34+Submetering!AC34+Submetering!AE34)*0.02095)+(20/30)*15)*1.1048)/E33 -> 0.080582081 | G33: =Submetering!AK34+Submetering!AL34+Submetering!AU34 -> 1103.7594 | H33: 0.8166 | I33: =Submetering!AF34+Submetering!AG34+Submetering!AH34+Submetering!AI34+Submetering!AJ34+Submetering!AM34+Submetering!AN34+Submetering!AO34+Submetering!AQ34+Submetering!AR34+Submetering!AS34+Submetering!AT34+Submetering!AV34+Submetering!AY34+Submetering!AW34+Submetering!AZ34+Submetering!BA34 -> 20253.704 | J33: =((Submetering!AG34+Submetering!BA34)*0.8868+(1712.96+1070.52)/30+(Submetering!AF34+Submetering!AY34+Submetering!AV34+Submetering!AZ34)*1.1251+(2076.11+129.67+207.57+207.57)/30+(11680.53+56.61)/30)/I33 -> 0.2808731
A34: Orlando | B34: 27 | C34: 7 | D34: 2020 | E34: =Submetering!F35+Submetering!H35+Submetering!J35+Submetering!L35+Submetering!N35+Submetering!P35+Submetering!R35+Submetering!T35+Submetering!V35+Submetering!X35+Submetering!Z35+Submetering!AB35+Submetering!AC35+Submetering!AD35+Submetering!AE35 -> 330582 | F34: =((((Submetering!E35+Submetering!AD35)*0.13773+(Submetering!E35+Submetering!AD35)*0.02095)*1.09+(2.85/30)*2)+(((Submetering!F35+Submetering!H35+Submetering!J35+Submetering!L35+Submetering!N35+Submetering!P35+Submetering!R35+Submetering!T35+Submetering!V35+Submetering!X35+Submetering!Z35+Submetering!AB35+Submetering!AC35+Submetering!AE35)*0.05155)+((Submetering!F35+Submetering!H35+Submetering!J35+Submetering!L35+Submetering!N35+Submetering!P35+Submetering!R35+Submetering!T35+Submetering!V35+Submetering!X35+Submetering!Z35+Submetering!AB35+Submetering!AC35+Submetering!AE35)*0.02095)+(20/30)*15)*1.1048)/E34 -> 0.080591652 | G34: =Submetering!AK35+Submetering!AL35+Submetering!AU35 -> 1467.807 | H34: 0.8166 | I34: =Submetering!AF35+Submetering!AG35+Submetering!AH35+Submetering!AI35+Submetering!AJ35+Submetering!AM35+Submetering!AN35+Submetering!AO35+Submetering!AQ35+Submetering!AR35+Submetering!AS35+Submetering!AT35+Submetering!AV35+Submetering!AY35+Submetering!AW35+Submetering!AZ35+Submetering!BA35 -> 19488.486 | J34: =((Submetering!AG35+Submetering!BA35)*0.8868+(1712.96+1070.52)/30+(Submetering!AF35+Submetering!AY35+Submetering!AV35+Submetering!AZ35)*1.1251+(2076.11+129.67+207.57+207.57)/30+(11680.53+56.61)/30)/I34 -> 0.24506324
A35: Orlando | B35: 31 | C35: 7 | D35: 2020 | E35: =Submetering!F36+Submetering!H36+Submetering!J36+Submetering!L36+Submetering!N36+Submetering!P36+Submetering!R36+Submetering!T36+Submetering!V36+Submetering!X36+Submetering!Z36+Submetering!AB36+Submetering!AC36+Submetering!AD36+Submetering!AE36 -> 245138 | F35: =((((Submetering!E36+Submetering!AD36)*0.13773+(Submetering!E36+Submetering!AD36)*0.02095)*1.09+(2.85/30)*2)+(((Submetering!F36+Submetering!H36+Submetering!J36+Submetering!L36+Submetering!N36+Submetering!P36+Submetering!R36+Submetering!T36+Submetering!V36+Submetering!X36+Submetering!Z36+Submetering!AB36+Submetering!AC36+Submetering!AE36)*0.05155)+((Submetering!F36+Submetering!H36+Submetering!J36+Submetering!L36+Submetering!N36+Submetering!P36+Submetering!R36+Submetering!T36+Submetering!V36+Submetering!X36+Submetering!Z36+Submetering!AB36+Submetering!AC36+Submetering!AE36)*0.02095)+(20/30)*15)*1.1048)/E35 -> 0.080576252 | G35: =Submetering!AK36+Submetering!AL36+Submetering!AU36 -> 896.1958 | H35: 0.8166 | I35: =Submetering!AF36+Submetering!AG36+Submetering!AH36+Submetering!AI36+Submetering!AJ36+Submetering!AM36+Submetering!AN36+Submetering!AO36+Submetering!AQ36+Submetering!AR36+Submetering!AS36+Submetering!AT36+Submetering!AV36+Submetering!AY36+Submetering!AW36+Submetering!AZ36+Submetering!BA36 -> 15332.685 | J35: =((Submetering!AG36+Submetering!BA36)*0.8868+(1712.96+1070.52)/30+(Submetering!AF36+Submetering!AY36+Submetering!AV36+Submetering!AZ36)*1.1251+(2076.11+129.67+207.57+207.57)/30+(11680.53+56.61)/30)/I35 -> 0.24905789 | K35: =Occupancy!H10 -> 2821.62
A36: Orlando | B36: 3 | C36: 8 | D36: 2020 | E36: =Submetering!F37+Submetering!H37+Submetering!J37+Submetering!L37+Submetering!N37+Submetering!P37+Submetering!R37+Submetering!T37+Submetering!V37+Submetering!X37+Submetering!Z37+Submetering!AB37+Submetering!AC37+Submetering!AD37+Submetering!AE37 -> 88399 | F36: =((((Submetering!E37+Submetering!AD37)*0.13773+(Submetering!E37+Submetering!AD37)*0.02095)*1.09+(2.85/30)*2)+(((Submetering!F37+Submetering!H37+Submetering!J37+Submetering!L37+Submetering!N37+Submetering!P37+Submetering!R37+Submetering!T37+Submetering!V37+Submetering!X37+Submetering!Z37+Submetering!AB37+Submetering!AC37+Submetering!AE37)*0.05155)+((Submetering!F37+Submetering!H37+Submetering!J37+Submetering!L37+Submetering!N37+Submetering!P37+Submetering!R37+Submetering!T37+Submetering!V37+Submetering!X37+Submetering!Z37+Submetering!AB37+Submetering!AC37+Submetering!AE37)*0.02095)+(20/30)*15)*1.1048)/E36 -> 0.080894629 | G36: =Submetering!AK37+Submetering!AL37+Submetering!AU37 -> 250.5492 | H36: 0.8166 | I36: =Submetering!AF37+Submetering!AG37+Submetering!AH37+Submetering!AI37+Submetering!AJ37+Submetering!AM37+Submetering!AN37+Submetering!AO37+Submetering!AQ37+Submetering!AR37+Submetering!AS37+Submetering!AT37+Submetering!AV37+Submetering!AY37+Submetering!AW37+Submetering!AZ37+Submetering!BA37 -> 4566.9764 | J36: =((Submetering!AG37+Submetering!BA37)*0.8868+(1712.96+1070.52)/30+(Submetering!AF37+Submetering!AY37+Submetering!AV37+Submetering!AZ37)*1.1251+(2076.11+129.67+207.57+207.57)/30+(11680.53+56.61)/30)/I36 -> 0.44359529
A37: Orlando | B37: 10 | C37: 8 | D37: 2020 | E37: =Submetering!F38+Submetering!H38+Submetering!J38+Submetering!L38+Submetering!N38+Submetering!P38+Submetering!R38+Submetering!T38+Submetering!V38+Submetering!X38+Submetering!Z38+Submetering!AB38+Submetering!AC38+Submetering!AD38+Submetering!AE38 -> 333700 | F37: =((((Submetering!E38+Submetering!AD38)*0.13773+(Submetering!E38+Submetering!AD38)*0.02095)*1.09+(2.85/30)*2)+(((Submetering!F38+Submetering!H38+Submetering!J38+Submetering!L38+Submetering!N38+Submetering!P38+Submetering!R38+Submetering!T38+Submetering!V38+Submetering!X38+Submetering!Z38+Submetering!AB38+Submetering!AC38+Submetering!AE38)*0.05155)+((Submetering!F38+Submetering!H38+Submetering!J38+Submetering!L38+Submetering!N38+Submetering!P38+Submetering!R38+Submetering!T38+Submetering!V38+Submetering!X38+Submetering!Z38+Submetering!AB38+Submetering!AC38+Submetering!AE38)*0.02095)+(20/30)*15)*1.1048)/E37 -> 0.080578598 | G37: =Submetering!AK38+Submetering!AL38+Submetering!AU38 -> 1051.3042 | H37: 0.8166 | I37: =Submetering!AF38+Submetering!AG38+Submetering!AH38+Submetering!AI38+Submetering!AJ38+Submetering!AM38+Submetering!AN38+Submetering!AO38+Submetering!AQ38+Submetering!AR38+Submetering!AS38+Submetering!AT38+Submetering!AV38+Submetering!AY38+Submetering!AW38+Submetering!AZ38+Submetering!BA38 -> 20584.125 | J37: =((Submetering!AG38+Submetering!BA38)*0.8868+(1712.96+1070.52)/30+(Submetering!AF38+Submetering!AY38+Submetering!AV38+Submetering!AZ38)*1.1251+(2076.11+129.67+207.57+207.57)/30+(11680.53+56.61)/30)/I37 -> 0.26536198
A38: Orlando | B38: 17 | C38: 8 | D38: 2020 | E38: =Submetering!F39+Submetering!H39+Submetering!J39+Submetering!L39+Submetering!N39+Submetering!P39+Submetering!R39+Submetering!T39+Submetering!V39+Submetering!X39+Submetering!Z39+Submetering!AB39+Submetering!AC39+Submetering!AD39+Submetering!AE39 -> 344074 | F38: =((((Submetering!E39+Submetering!AD39)*0.13773+(Submetering!E39+Submetering!AD39)*0.02095)*1.09+(2.85/30)*2)+(((Submetering!F39+Submetering!H39+Submetering!J39+Submetering!L39+Submetering!N39+Submetering!P39+Submetering!R39+Submetering!T39+Submetering!V39+Submetering!X39+Submetering!Z39+Submetering!AB39+Submetering!AC39+Submetering!AE39)*0.05155)+((Submetering!F39+Submetering!H39+Submetering!J39+Submetering!L39+Submetering!N39+Submetering!P39+Submetering!R39+Submetering!T39+Submetering!V39+Submetering!X39+Submetering!Z39+Submetering!AB39+Submetering!AC39+Submetering!AE39)*0.02095)+(20/30)*15)*1.1048)/E38 -> 0.080571776 | G38: =Submetering!AK39+Submetering!AL39+Submetering!AU39 -> 1192.7478 | H38: 0.8166 | I38: =Submetering!AF39+Submetering!AG39+Submetering!AH39+Submetering!AI39+Submetering!AJ39+Submetering!AM39+Submetering!AN39+Submetering!AO39+Submetering!AQ39+Submetering!AR39+Submetering!AS39+Submetering!AT39+Submetering!AV39+Submetering!AY39+Submetering!AW39+Submetering!AZ39+Submetering!BA39 -> 21390.5 | J38: =((Submetering!AG39+Submetering!BA39)*0.8868+(1712.96+1070.52)/30+(Submetering!AF39+Submetering!AY39+Submetering!AV39+Submetering!AZ39)*1.1251+(2076.11+129.67+207.57+207.57)/30+(11680.53+56.61)/30)/I38 -> 0.26085849
A39: Orlando | B39: 24 | C39: 8 | D39: 2020 | E39: =Submetering!F40+Submetering!H40+Submetering!J40+Submetering!L40+Submetering!N40+Submetering!P40+Submetering!R40+Submetering!T40+Submetering!V40+Submetering!X40+Submetering!Z40+Submetering!AB40+Submetering!AC40+Submetering!AD40+Submetering!AE40 -> 322558 | F39: =((((Submetering!E40+Submetering!AD40)*0.13773+(Submetering!E40+Submetering!AD40)*0.02095)*1.09+(2.85/30)*2)+(((Submetering!F40+Submetering!H40+Submetering!J40+Submetering!L40+Submetering!N40+Submetering!P40+Submetering!R40+Submetering!T40+Submetering!V40+Submetering!X40+Submetering!Z40+Submetering!AB40+Submetering!AC40+Submetering!AE40)*0.05155)+((Submetering!F40+Submetering!H40+Submetering!J40+Submetering!L40+Submetering!N40+Submetering!P40+Submetering!R40+Submetering!T40+Submetering!V40+Submetering!X40+Submetering!Z40+Submetering!AB40+Submetering!AC40+Submetering!AE40)*0.02095)+(20/30)*15)*1.1048)/E39 -> 0.080634533 | G39: =Submetering!AK40+Submetering!AL40+Submetering!AU40 -> 1617.9526 | H39: 0.8166 | I39: =Submetering!AF40+Submetering!AG40+Submetering!AH40+Submetering!AI40+Submetering!AJ40+Submetering!AM40+Submetering!AN40+Submetering!AO40+Submetering!AQ40+Submetering!AR40+Submetering!AS40+Submetering!AT40+Submetering!AV40+Submetering!AY40+Submetering!AW40+Submetering!AZ40+Submetering!BA40 -> 20404.17 | J39: =((Submetering!AG40+Submetering!BA40)*0.8868+(1712.96+1070.52)/30+(Submetering!AF40+Submetering!AY40+Submetering!AV40+Submetering!AZ40)*1.1251+(2076.11+129.67+207.57+207.57)/30+(11680.53+56.61)/30)/I39 -> 0.29308447
A40: Orlando | B40: 31 | C40: 8 | D40: 2020 | E40: =Submetering!F41+Submetering!H41+Submetering!J41+Submetering!L41+Submetering!N41+Submetering!P41+Submetering!R41+Submetering!T41+Submetering!V41+Submetering!X41+Submetering!Z41+Submetering!AB41+Submetering!AC41+Submetering!AD41+Submetering!AE41 -> 317893 | F40: =((((Submetering!E41+Submetering!AD41)*0.13773+(Submetering!E41+Submetering!AD41)*0.02095)*1.09+(2.85/30)*2)+(((Submetering!F41+Submetering!H41+Submetering!J41+Submetering!L41+Submetering!N41+Submetering!P41+Submetering!R41+Submetering!T41+Submetering!V41+Submetering!X41+Submetering!Z41+Submetering!AB41+Submetering!AC41+Submetering!AE41)*0.05155)+((Submetering!F41+Submetering!H41+Submetering!J41+Submetering!L41+Submetering!N41+Submetering!P41+Submetering!R41+Submetering!T41+Submetering!V41+Submetering!X41+Submetering!Z41+Submetering!AB41+Submetering!AC41+Submetering!AE41)*0.02095)+(20/30)*15)*1.1048)/E40 -> 0.080626139 | G40: =Submetering!AK41+Submetering!AL41+Submetering!AU41 -> 1076.0308 | H40: 0.8166 | I40: =Submetering!AF41+Submetering!AG41+Submetering!AH41+Submetering!AI41+Submetering!AJ41+Submetering!AM41+Submetering!AN41+Submetering!AO41+Submetering!AQ41+Submetering!AR41+Submetering!AS41+Submetering!AT41+Submetering!AV41+Submetering!AY41+Submetering!AW41+Submetering!AZ41+Submetering!BA41 -> 21403.996 | J40: =((Submetering!AG41+Submetering!BA41)*0.8868+(1712.96+1070.52)/30+(Submetering!AF41+Submetering!AY41+Submetering!AV41+Submetering!AZ41)*1.1251+(2076.11+129.67+207.57+207.57)/30+(11680.53+56.61)/30)/I40 -> 0.27222349
A41: Orlando | B41: 6 | C41: 9 | D41: 2020 | E41: =Submetering!F42+Submetering!H42+Submetering!J42+Submetering!L42+Submetering!N42+Submetering!P42+Submetering!R42+Submetering!T42+Submetering!V42+Submetering!X42+Submetering!Z42+Submetering!AB42+Submetering!AC42+Submetering!AD42+Submetering!AE42 -> 360568 | F41: =((((Submetering!E42+Submetering!AD42)*0.13773+(Submetering!E42+Submetering!AD42)*0.02095)*1.09+(2.85/30)*2)+(((Submetering!F42+Submetering!H42+Submetering!J42+Submetering!L42+Submetering!N42+Submetering!P42+Submetering!R42+Submetering!T42+Submetering!V42+Submetering!X42+Submetering!Z42+Submetering!AB42+Submetering!AC42+Submetering!AE42)*0.05155)+((Submetering!F42+Submetering!H42+Submetering!J42+Submetering!L42+Submetering!N42+Submetering!P42+Submetering!R42+Submetering!T42+Submetering!V42+Submetering!X42+Submetering!Z42+Submetering!AB42+Submetering!AC42+Submetering!AE42)*0.02095)+(20/30)*15)*1.1048)/E41 -> 0.080574084 | G41: =Submetering!AK42+Submetering!AL42+Submetering!AU42 -> 1208.2822 | H41: 0.8166 | I41: =Submetering!AF42+Submetering!AG42+Submetering!AH42+Submetering!AI42+Submetering!AJ42+Submetering!AM42+Submetering!AN42+Submetering!AO42+Submetering!AQ42+Submetering!AR42+Submetering!AS42+Submetering!AT42+Submetering!AV42+Submetering!AY42+Submetering!AW42+Submetering!AZ42+Submetering!BA42 -> 19826.865 | J41: =((Submetering!AG42+Submetering!BA42)*0.8868+(1712.96+1070.52)/30+(Submetering!AF42+Submetering!AY42+Submetering!AV42+Submetering!AZ42)*1.1251+(2076.11+129.67+207.57+207.57)/30+(11680.53+56.61)/30)/I41 -> 0.27127336 | K41: =Occupancy!H11 -> 3509.82
A42: Orlando | B42: 14 | C42: 9 | D42: 2020 | E42: =Submetering!F43+Submetering!H43+Submetering!J43+Submetering!L43+Submetering!N43+Submetering!P43+Submetering!R43+Submetering!T43+Submetering!V43+Submetering!X43+Submetering!Z43+Submetering!AB43+Submetering!AC43+Submetering!AD43+Submetering!AE43 -> 368057 | F42: =((((Submetering!E43+Submetering!AD43)*0.13773+(Submetering!E43+Submetering!AD43)*0.02095)*1.09+(2.85/30)*2)+(((Submetering!F43+Submetering!H43+Submetering!J43+Submetering!L43+Submetering!N43+Submetering!P43+Submetering!R43+Submetering!T43+Submetering!V43+Submetering!X43+Submetering!Z43+Submetering!AB43+Submetering!AC43+Submetering!AE43)*0.05155)+((Submetering!F43+Submetering!H43+Submetering!J43+Submetering!L43+Submetering!N43+Submetering!P43+Submetering!R43+Submetering!T43+Submetering!V43+Submetering!X43+Submetering!Z43+Submetering!AB43+Submetering!AC43+Submetering!AE43)*0.02095)+(20/30)*15)*1.1048)/E42 -> 0.080572307 | G42: =Submetering!AK43+Submetering!AL43+Submetering!AU43 -> 1640.365 | H42: 0.8166 | I42: =Submetering!AF43+Submetering!AG43+Submetering!AH43+Submetering!AI43+Submetering!AJ43+Submetering!AM43+Submetering!AN43+Submetering!AO43+Submetering!AQ43+Submetering!AR43+Submetering!AS43+Submetering!AT43+Submetering!AV43+Submetering!AY43+Submetering!AW43+Submetering!AZ43+Submetering!BA43 -> 18343.546 | J42: =((Submetering!AG43+Submetering!BA43)*0.8868+(1712.96+1070.52)/30+(Submetering!AF43+Submetering!AY43+Submetering!AV43+Submetering!AZ43)*1.1251+(2076.11+129.67+207.57+207.57)/30+(11680.53+56.61)/30)/I42 -> 0.25682283
A43: Orlando | B43: 21 | C43: 9 | D43: 2020 | E43: =Submetering!F44+Submetering!H44+Submetering!J44+Submetering!L44+Submetering!N44+Submetering!P44+Submetering!R44+Submetering!T44+Submetering!V44+Submetering!X44+Submetering!Z44+Submetering!AB44+Submetering!AC44+Submetering!AD44+Submetering!AE44 -> 285333 | F43: =((((Submetering!E44+Submetering!AD44)*0.13773+(Submetering!E44+Submetering!AD44)*0.02095)*1.09+(2.85/30)*2)+(((Submetering!F44+Submetering!H44+Submetering!J44+Submetering!L44+Submetering!N44+Submetering!P44+Submetering!R44+Submetering!T44+Submetering!V44+Submetering!X44+Submetering!Z44+Submetering!AB44+Submetering!AC44+Submetering!AE44)*0.05155)+((Submetering!F44+Submetering!H44+Submetering!J44+Submetering!L44+Submetering!N44+Submetering!P44+Submetering!R44+Submetering!T44+Submetering!V44+Submetering!X44+Submetering!Z44+Submetering!AB44+Submetering!AC44+Submetering!AE44)*0.02095)+(20/30)*15)*1.1048)/E43 -> 0.080714578 | G43: =Submetering!AK44+Submetering!AL44+Submetering!AU44 -> 1539.2736 | H43: 0.8166 | I43: =Submetering!AF44+Submetering!AG44+Submetering!AH44+Submetering!AI44+Submetering!AJ44+Submetering!AM44+Submetering!AN44+Submetering!AO44+Submetering!AQ44+Submetering!AR44+Submetering!AS44+Submetering!AT44+Submetering!AV44+Submetering!AY44+Submetering!AW44+Submetering!AZ44+Submetering!BA44 -> 19317.804 | J43: =((Submetering!AG44+Submetering!BA44)*0.8868+(1712.96+1070.52)/30+(Submetering!AF44+Submetering!AY44+Submetering!AV44+Submetering!AZ44)*1.1251+(2076.11+129.67+207.57+207.57)/30+(11680.53+56.61)/30)/I43 -> 0.26647586
A44: Orlando | B44: 28 | C44: 9 | D44: 2020 | E44: =Submetering!F45+Submetering!H45+Submetering!J45+Submetering!L45+Submetering!N45+Submetering!P45+Submetering!R45+Submetering!T45+Submetering!V45+Submetering!X45+Submetering!Z45+Submetering!AB45+Submetering!AC45+Submetering!AD45+Submetering!AE45 -> 320712 | F44: =((((Submetering!E45+Submetering!AD45)*0.13773+(Submetering!E45+Submetering!AD45)*0.02095)*1.09+(2.85/30)*2)+(((Submetering!F45+Submetering!H45+Submetering!J45+Submetering!L45+Submetering!N45+Submetering!P45+Submetering!R45+Submetering!T45+Submetering!V45+Submetering!X45+Submetering!Z45+Submetering!AB45+Submetering!AC45+Submetering!AE45)*0.05155)+((Submetering!F45+Submetering!H45+Submetering!J45+Submetering!L45+Submetering!N45+Submetering!P45+Submetering!R45+Submetering!T45+Submetering!V45+Submetering!X45+Submetering!Z45+Submetering!AB45+Submetering!AC45+Submetering!AE45)*0.02095)+(20/30)*15)*1.1048)/E44 -> 0.080646272 | G44: =Submetering!AK45+Submetering!AL45+Submetering!AU45 -> 2312.5394 | H44: 0.8166 | I44: =Submetering!AF45+Submetering!AG45+Submetering!AH45+Submetering!AI45+Submetering!AJ45+Submetering!AM45+Submetering!AN45+Submetering!AO45+Submetering!AQ45+Submetering!AR45+Submetering!AS45+Submetering!AT45+Submetering!AV45+Submetering!AY45+Submetering!AW45+Submetering!AZ45+Submetering!BA45 -> 19529.41 | J44: =((Submetering!AG45+Submetering!BA45)*0.8868+(1712.96+1070.52)/30+(Submetering!AF45+Submetering!AY45+Submetering!AV45+Submetering!AZ45)*1.1251+(2076.11+129.67+207.57+207.57)/30+(11680.53+56.61)/30)/I44 -> 0.27646223
A45: Orlando | B45: 30 | C45: 9 | D45: 2020 | E45: =Submetering!F46+Submetering!H46+Submetering!J46+Submetering!L46+Submetering!N46+Submetering!P46+Submetering!R46+Submetering!T46+Submetering!V46+Submetering!X46+Submetering!Z46+Submetering!AB46+Submetering!AC46+Submetering!AD46+Submetering!AE46 -> 10020 | F45: =((((Submetering!E46+Submetering!AD46)*0.13773+(Submetering!E46+Submetering!AD46)*0.02095)*1.09+(2.85/30)*2)+(((Submetering!F46+Submetering!H46+Submetering!J46+Submetering!L46+Submetering!N46+Submetering!P46+Submetering!R46+Submetering!T46+Submetering!V46+Submetering!X46+Submetering!Z46+Submetering!AB46+Submetering!AC46+Submetering!AE46)*0.05155)+((Submetering!F46+Submetering!H46+Submetering!J46+Submetering!L46+Submetering!N46+Submetering!P46+Submetering!R46+Submetering!T46+Submetering!V46+Submetering!X46+Submetering!Z46+Submetering!AB46+Submetering!AC46+Submetering!AE46)*0.02095)+(20/30)*15)*1.1048)/E45 -> 0.08622416 | G45: =Submetering!AK46+Submetering!AL46+Submetering!AU46 -> 0.1558 | H45: 0.8166 | I45: =Submetering!AF46+Submetering!AG46+Submetering!AH46+Submetering!AI46+Submetering!AJ46+Submetering!AM46+Submetering!AN46+Submetering!AO46+Submetering!AQ46+Submetering!AR46+Submetering!AS46+Submetering!AT46+Submetering!AV46+Submetering!AY46+Submetering!AW46+Submetering!AZ46+Submetering!BA46 -> 291.83932 | J45: =((Submetering!AG46+Submetering!BA46)*0.8868+(1712.96+1070.52)/30+(Submetering!AF46+Submetering!AY46+Submetering!AV46+Submetering!AZ46)*1.1251+(2076.11+129.67+207.57+207.57)/30+(11680.53+56.61)/30)/I45 -> 2.6211163
A46: Orlando | B46: 5 | C46: 10 | D46: 2020 | E46: =Submetering!F47+Submetering!H47+Submetering!J47+Submetering!L47+Submetering!N47+Submetering!P47+Submetering!R47+Submetering!T47+Submetering!V47+Submetering!X47+Submetering!Z47+Submetering!AB47+Submetering!AC47+Submetering!AD47+Submetering!AE47 -> 283426 | F46: =((((Submetering!E47+Submetering!AD47)*0.13773+(Submetering!E47+Submetering!AD47)*0.02095)*1.09+(2.85/30)*2)+(((Submetering!F47+Submetering!H47+Submetering!J47+Submetering!L47+Submetering!N47+Submetering!P47+Submetering!R47+Submetering!T47+Submetering!V47+Submetering!X47+Submetering!Z47+Submetering!AB47+Submetering!AC47+Submetering!AE47)*0.05155)+((Submetering!F47+Submetering!H47+Submetering!J47+Submetering!L47+Submetering!N47+Submetering!P47+Submetering!R47+Submetering!T47+Submetering!V47+Submetering!X47+Submetering!Z47+Submetering!AB47+Submetering!AC47+Submetering!AE47)*0.02095)+(20/30)*15)*1.1048)/E46 -> 0.080577922 | G46: =Submetering!AK47+Submetering!AL47+Submetering!AU47 -> 3027.84 | H46: 0.8166 | I46: =Submetering!AF47+Submetering!AG47+Submetering!AH47+Submetering!AI47+Submetering!AJ47+Submetering!AM47+Submetering!AN47+Submetering!AO47+Submetering!AQ47+Submetering!AR47+Submetering!AS47+Submetering!AT47+Submetering!AV47+Submetering!AY47+Submetering!AW47+Submetering!AZ47+Submetering!BA47 -> 15873.705 | J46: =((Submetering!AG47+Submetering!BA47)*0.8868+(1712.96+1070.52)/30+(Submetering!AF47+Submetering!AY47+Submetering!AV47+Submetering!AZ47)*1.1251+(2076.11+129.67+207.57+207.57)/30+(11680.53+56.61)/30)/I46 -> 0.27634505
A47: Orlando | B47: 12 | C47: 10 | D47: 2020 | E47: =Submetering!F48+Submetering!H48+Submetering!J48+Submetering!L48+Submetering!N48+Submetering!P48+Submetering!R48+Submetering!T48+Submetering!V48+Submetering!X48+Submetering!Z48+Submetering!AB48+Submetering!AC48+Submetering!AD48+Submetering!AE48 -> 340376 | F47: =((((Submetering!E48+Submetering!AD48)*0.13773+(Submetering!E48+Submetering!AD48)*0.02095)*1.09+(2.85/30)*2)+(((Submetering!F48+Submetering!H48+Submetering!J48+Submetering!L48+Submetering!N48+Submetering!P48+Submetering!R48+Submetering!T48+Submetering!V48+Submetering!X48+Submetering!Z48+Submetering!AB48+Submetering!AC48+Submetering!AE48)*0.05155)+((Submetering!F48+Submetering!H48+Submetering!J48+Submetering!L48+Submetering!N48+Submetering!P48+Submetering!R48+Submetering!T48+Submetering!V48+Submetering!X48+Submetering!Z48+Submetering!AB48+Submetering!AC48+Submetering!AE48)*0.02095)+(20/30)*15)*1.1048)/E47 -> 0.080650593 | G47: =Submetering!AK48+Submetering!AL48+Submetering!AU48 -> 1558.8094 | H47: 0.8166 | I47: =Submetering!AF48+Submetering!AG48+Submetering!AH48+Submetering!AI48+Submetering!AJ48+Submetering!AM48+Submetering!AN48+Submetering!AO48+Submetering!AQ48+Submetering!AR48+Submetering!AS48+Submetering!AT48+Submetering!AV48+Submetering!AY48+Submetering!AW48+Submetering!AZ48+Submetering!BA48 -> 18631.966 | J47: =((Submetering!AG48+Submetering!BA48)*0.8868+(1712.96+1070.52)/30+(Submetering!AF48+Submetering!AY48+Submetering!AV48+Submetering!AZ48)*1.1251+(2076.11+129.67+207.57+207.57)/30+(11680.53+56.61)/30)/I47 -> 0.28776584
A48: Orlando | B48: 19 | C48: 10 | D48: 2020 | E48: =Submetering!F49+Submetering!H49+Submetering!J49+Submetering!L49+Submetering!N49+Submetering!P49+Submetering!R49+Submetering!T49+Submetering!V49+Submetering!X49+Submetering!Z49+Submetering!AB49+Submetering!AC49+Submetering!AD49+Submetering!AE49 -> 316913 | F48: =((((Submetering!E49+Submetering!AD49)*0.13773+(Submetering!E49+Submetering!AD49)*0.02095)*1.09+(2.85/30)*2)+(((Submetering!F49+Submetering!H49+Submetering!J49+Submetering!L49+Submetering!N49+Submetering!P49+Submetering!R49+Submetering!T49+Submetering!V49+Submetering!X49+Submetering!Z49+Submetering!AB49+Submetering!AC49+Submetering!AE49)*0.05155)+((Submetering!F49+Submetering!H49+Submetering!J49+Submetering!L49+Submetering!N49+Submetering!P49+Submetering!R49+Submetering!T49+Submetering!V49+Submetering!X49+Submetering!Z49+Submetering!AB49+Submetering!AC49+Submetering!AE49)*0.02095)+(20/30)*15)*1.1048)/E48 -> 0.08068422 | G48: =Submetering!AK49+Submetering!AL49+Submetering!AU49 -> 1923.8792 | H48: 0.8166 | I48: =Submetering!AF49+Submetering!AG49+Submetering!AH49+Submetering!AI49+Submetering!AJ49+Submetering!AM49+Submetering!AN49+Submetering!AO49+Submetering!AQ49+Submetering!AR49+Submetering!AS49+Submetering!AT49+Submetering!AV49+Submetering!AY49+Submetering!AW49+Submetering!AZ49+Submetering!BA49 -> 22870.036 | J48: =((Submetering!AG49+Submetering!BA49)*0.8868+(1712.96+1070.52)/30+(Submetering!AF49+Submetering!AY49+Submetering!AV49+Submetering!AZ49)*1.1251+(2076.11+129.67+207.57+207.57)/30+(11680.53+56.61)/30)/I48 -> 0.27593383
A49: Orlando | B49: 26 | C49: 10 | D49: 2020 | E49: =Submetering!F50+Submetering!H50+Submetering!J50+Submetering!L50+Submetering!N50+Submetering!P50+Submetering!R50+Submetering!T50+Submetering!V50+Submetering!X50+Submetering!Z50+Submetering!AB50+Submetering!AC50+Submetering!AD50+Submetering!AE50 -> 312188 | F49: =((((Submetering!E50+Submetering!AD50)*0.13773+(Submetering!E50+Submetering!AD50)*0.02095)*1.09+(2.85/30)*2)+(((Submetering!F50+Submetering!H50+Submetering!J50+Submetering!L50+Submetering!N50+Submetering!P50+Submetering!R50+Submetering!T50+Submetering!V50+Submetering!X50+Submetering!Z50+Submetering!AB50+Submetering!AC50+Submetering!AE50)*0.05155)+((Submetering!F50+Submetering!H50+Submetering!J50+Submetering!L50+Submetering!N50+Submetering!P50+Submetering!R50+Submetering!T50+Submetering!V50+Submetering!X50+Submetering!Z50+Submetering!AB50+Submetering!AC50+Submetering!AE50)*0.02095)+(20/30)*15)*1.1048)/E49 -> 0.080677227 | G49: =Submetering!AK50+Submetering!AL50+Submetering!AU50 -> 2670.697 | H49: 0.8166 | I49: =Submetering!AF50+Submetering!AG50+Submetering!AH50+Submetering!AI50+Submetering!AJ50+Submetering!AM50+Submetering!AN50+Submetering!AO50+Submetering!AQ50+Submetering!AR50+Submetering!AS50+Submetering!AT50+Submetering!AV50+Submetering!AY50+Submetering!AW50+Submetering!AZ50+Submetering!BA50 -> 20864.623 | J49: =((Submetering!AG50+Submetering!BA50)*0.8868+(1712.96+1070.52)/30+(Submetering!AF50+Submetering!AY50+Submetering!AV50+Submetering!AZ50)*1.1251+(2076.11+129.67+207.57+207.57)/30+(11680.53+56.61)/30)/I49 -> 0.27188811
A50: Orlando | B50: 31 | C50: 10 | D50: 2020 | E50: =Submetering!F51+Submetering!H51+Submetering!J51+Submetering!L51+Submetering!N51+Submetering!P51+Submetering!R51+Submetering!T51+Submetering!V51+Submetering!X51+Submetering!Z51+Submetering!AB51+Submetering!AC51+Submetering!AD51+Submetering!AE51 -> 289601 | F50: =((((Submetering!E51+Submetering!AD51)*0.13773+(Submetering!E51+Submetering!AD51)*0.02095)*1.09+(2.85/30)*2)+(((Submetering!F51+Submetering!H51+Submetering!J51+Submetering!L51+Submetering!N51+Submetering!P51+Submetering!R51+Submetering!T51+Submetering!V51+Submetering!X51+Submetering!Z51+Submetering!AB51+Submetering!AC51+Submetering!AE51)*0.05155)+((Submetering!F51+Submetering!H51+Submetering!J51+Submetering!L51+Submetering!N51+Submetering!P51+Submetering!R51+Submetering!T51+Submetering!V51+Submetering!X51+Submetering!Z51+Submetering!AB51+Submetering!AC51+Submetering!AE51)*0.02095)+(20/30)*15)*1.1048)/E50 -> 0.080681835 | G50: =Submetering!AK51+Submetering!AL51+Submetering!AU51 -> 2619.5642 | H50: 0.8166 | I50: =Submetering!AF51+Submetering!AG51+Submetering!AH51+Submetering!AI51+Submetering!AJ51+Submetering!AM51+Submetering!AN51+Submetering!AO51+Submetering!AQ51+Submetering!AR51+Submetering!AS51+Submetering!AT51+Submetering!AV51+Submetering!AY51+Submetering!AW51+Submetering!AZ51+Submetering!BA51 -> 18462.567 | J50: =((Submetering!AG51+Submetering!BA51)*0.8868+(1712.96+1070.52)/30+(Submetering!AF51+Submetering!AY51+Submetering!AV51+Submetering!AZ51)*1.1251+(2076.11+129.67+207.57+207.57)/30+(11680.53+56.61)/30)/I50 -> 0.29270316 | K50: =Occupancy!H13 -> 0
A51: Orlando | B51: 2 | C51: 11 | D51: 2020 | E51: =Submetering!F52+Submetering!H52+Submetering!J52+Submetering!L52+Submetering!N52+Submetering!P52+Submetering!R52+Submetering!T52+Submetering!V52+Submetering!X52+Submetering!Z52+Submetering!AB52+Submetering!AC52+Submetering!AD52+Submetering!AE52 -> 0 | F51: =((((Submetering!E52+Submetering!AD52)*0.13773+(Submetering!E52+Submetering!AD52)*0.02095)*1.09+(2.85/30)*2)+(((Submetering!F52+Submetering!H52+Submetering!J52+Submetering!L52+Submetering!N52+Submetering!P52+Submetering!R52+Submetering!T52+Submetering!V52+Submetering!X52+Submetering!Z52+Submetering!AB52+Submetering!AC52+Submetering!AE52)*0.05155)+((Submetering!F52+Submetering!H52+Submetering!J52+Submetering!L52+Submetering!N52+Submetering!P52+Submetering!R52+Submetering!T52+Submetering!V52+Submetering!X52+Submetering!Z52+Submetering!AB52+Submetering!AC52+Submetering!AE52)*0.02095)+(20/30)*15)*1.1048)/E51 -> #DIV/0! | G51: =Submetering!AK52+Submetering!AL52+Submetering!AU52 -> 0 | H51: 0.8166 | I51: =Submetering!AF52+Submetering!AG52+Submetering!AH52+Submetering!AI52+Submetering!AJ52+Submetering!AM52+Submetering!AN52+Submetering!AO52+Submetering!AQ52+Submetering!AR52+Submetering!AS52+Submetering!AT52+Submetering!AV52+Submetering!AY52+Submetering!AW52+Submetering!AZ52+Submetering!BA52 -> 0 | J51: =((Submetering!AG52+Submetering!BA52)*0.8868+(1712.96+1070.52)/30+(Submetering!AF52+Submetering!AY52+Submetering!AV52+Submetering!AZ52)*1.1251+(2076.11+129.67+207.57+207.57)/30+(11680.53+56.61)/30)/I51 -> #DIV/0!
A52: Orlando | B52: 9 | C52: 11 | D52: 2020 | E52: =Submetering!F53+Submetering!H53+Submetering!J53+Submetering!L53+Submetering!N53+Submetering!P53+Submetering!R53+Submetering!T53+Submetering!V53+Submetering!X53+Submetering!Z53+Submetering!AB53+Submetering!AC53+Submetering!AD53+Submetering!AE53 -> 284290 | F52: =((((Submetering!E53+Submetering!AD53)*0.13773+(Submetering!E53+Submetering!AD53)*0.02095)*1.09+(2.85/30)*2)+(((Submetering!F53+Submetering!H53+Submetering!J53+Submetering!L53+Submetering!N53+Submetering!P53+Submetering!R53+Submetering!T53+Submetering!V53+Submetering!X53+Submetering!Z53+Submetering!AB53+Submetering!AC53+Submetering!AE53)*0.05155)+((Submetering!F53+Submetering!H53+Submetering!J53+Submetering!L53+Submetering!N53+Submetering!P53+Submetering!R53+Submetering!T53+Submetering!V53+Submetering!X53+Submetering!Z53+Submetering!AB53+Submetering!AC53+Submetering!AE53)*0.02095)+(20/30)*15)*1.1048)/E52 -> 0.080780611 | G52: =Submetering!AK53+Submetering!AL53+Submetering!AU53 -> 5306.9774 | H52: 0.8166 | I52: =Submetering!AF53+Submetering!AG53+Submetering!AH53+Submetering!AI53+Submetering!AJ53+Submetering!AM53+Submetering!AN53+Submetering!AO53+Submetering!AQ53+Submetering!AR53+Submetering!AS53+Submetering!AT53+Submetering!AV53+Submetering!AY53+Submetering!AW53+Submetering!AZ53+Submetering!BA53 -> 15863.91 | J52: =((Submetering!AG53+Submetering!BA53)*0.8868+(1712.96+1070.52)/30+(Submetering!AF53+Submetering!AY53+Submetering!AV53+Submetering!AZ53)*1.1251+(2076.11+129.67+207.57+207.57)/30+(11680.53+56.61)/30)/I52 -> 0.43582432
A53: Orlando | B53: 16 | C53: 11 | D53: 2020 | E53: =Submetering!F54+Submetering!H54+Submetering!J54+Submetering!L54+Submetering!N54+Submetering!P54+Submetering!R54+Submetering!T54+Submetering!V54+Submetering!X54+Submetering!Z54+Submetering!AB54+Submetering!AC54+Submetering!AD54+Submetering!AE54 -> 311120 | F53: =((((Submetering!E54+Submetering!AD54)*0.13773+(Submetering!E54+Submetering!AD54)*0.02095)*1.09+(2.85/30)*2)+(((Submetering!F54+Submetering!H54+Submetering!J54+Submetering!L54+Submetering!N54+Submetering!P54+Submetering!R54+Submetering!T54+Submetering!V54+Submetering!X54+Submetering!Z54+Submetering!AB54+Submetering!AC54+Submetering!AE54)*0.05155)+((Submetering!F54+Submetering!H54+Submetering!J54+Submetering!L54+Submetering!N54+Submetering!P54+Submetering!R54+Submetering!T54+Submetering!V54+Submetering!X54+Submetering!Z54+Submetering!AB54+Submetering!AC54+Submetering!AE54)*0.02095)+(20/30)*15)*1.1048)/E53 -> 0.080673227 | G53: =Submetering!AK54+Submetering!AL54+Submetering!AU54 -> 3333.7324 | H53: 0.8166 | I53: =Submetering!AF54+Submetering!AG54+Submetering!AH54+Submetering!AI54+Submetering!AJ54+Submetering!AM54+Submetering!AN54+Submetering!AO54+Submetering!AQ54+Submetering!AR54+Submetering!AS54+Submetering!AT54+Submetering!AV54+Submetering!AY54+Submetering!AW54+Submetering!AZ54+Submetering!BA54 -> 16923.009 | J53: =((Submetering!AG54+Submetering!BA54)*0.8868+(1712.96+1070.52)/30+(Submetering!AF54+Submetering!AY54+Submetering!AV54+Submetering!AZ54)*1.1251+(2076.11+129.67+207.57+207.57)/30+(11680.53+56.61)/30)/I53 -> 0.26719372
A54: Orlando | B54: 23 | C54: 11 | D54: 2020 | E54: =Submetering!F55+Submetering!H55+Submetering!J55+Submetering!L55+Submetering!N55+Submetering!P55+Submetering!R55+Submetering!T55+Submetering!V55+Submetering!X55+Submetering!Z55+Submetering!AB55+Submetering!AC55+Submetering!AD55+Submetering!AE55 -> 0 | F54: =((((Submetering!E55+Submetering!AD55)*0.13773+(Submetering!E55+Submetering!AD55)*0.02095)*1.09+(2.85/30)*2)+(((Submetering!F55+Submetering!H55+Submetering!J55+Submetering!L55+Submetering!N55+Submetering!P55+Submetering!R55+Submetering!T55+Submetering!V55+Submetering!X55+Submetering!Z55+Submetering!AB55+Submetering!AC55+Submetering!AE55)*0.05155)+((Submetering!F55+Submetering!H55+Submetering!J55+Submetering!L55+Submetering!N55+Submetering!P55+Submetering!R55+Submetering!T55+Submetering!V55+Submetering!X55+Submetering!Z55+Submetering!AB55+Submetering!AC55+Submetering!AE55)*0.02095)+(20/30)*15)*1.1048)/E54 -> #DIV/0! | G54: =Submetering!AK55+Submetering!AL55+Submetering!AU55 -> 0 | H54: 0.8166 | I54: =Submetering!AF55+Submetering!AG55+Submetering!AH55+Submetering!AI55+Submetering!AJ55+Submetering!AM55+Submetering!AN55+Submetering!AO55+Submetering!AQ55+Submetering!AR55+Submetering!AS55+Submetering!AT55+Submetering!AV55+Submetering!AY55+Submetering!AW55+Submetering!AZ55+Submetering!BA55 -> 0 | J54: =((Submetering!AG55+Submetering!BA55)*0.8868+(1712.96+1070.52)/30+(Submetering!AF55+Submetering!AY55+Submetering!AV55+Submetering!AZ55)*1.1251+(2076.11+129.67+207.57+207.57)/30+(11680.53+56.61)/30)/I54 -> #DIV/0!
A55: Orlando | B55: 30 | C55: 11 | D55: 2020 | E55: =Submetering!F56+Submetering!H56+Submetering!J56+Submetering!L56+Submetering!N56+Submetering!P56+Submetering!R56+Submetering!T56+Submetering!V56+Submetering!X56+Submetering!Z56+Submetering!AB56+Submetering!AC56+Submetering!AD56+Submetering!AE56 -> 0 | F55: =((((Submetering!E56+Submetering!AD56)*0.13773+(Submetering!E56+Submetering!AD56)*0.02095)*1.09+(2.85/30)*2)+(((Submetering!F56+Submetering!H56+Submetering!J56+Submetering!L56+Submetering!N56+Submetering!P56+Submetering!R56+Submetering!T56+Submetering!V56+Submetering!X56+Submetering!Z56+Submetering!AB56+Submetering!AC56+Submetering!AE56)*0.05155)+((Submetering!F56+Submetering!H56+Submetering!J56+Submetering!L56+Submetering!N56+Submetering!P56+Submetering!R56+Submetering!T56+Submetering!V56+Submetering!X56+Submetering!Z56+Submetering!AB56+Submetering!AC56+Submetering!AE56)*0.02095)+(20/30)*15)*1.1048)/E55 -> #DIV/0! | G55: =Submetering!AK56+Submetering!AL56+Submetering!AU56 -> 0 | H55: 0.8166 | I55: =Submetering!AF56+Submetering!AG56+Submetering!AH56+Submetering!AI56+Submetering!AJ56+Submetering!AM56+Submetering!AN56+Submetering!AO56+Submetering!AQ56+Submetering!AR56+Submetering!AS56+Submetering!AT56+Submetering!AV56+Submetering!AY56+Submetering!AW56+Submetering!AZ56+Submetering!BA56 -> 0 | J55: =((Submetering!AG56+Submetering!BA56)*0.8868+(1712.96+1070.52)/30+(Submetering!AF56+Submetering!AY56+Submetering!AV56+Submetering!AZ56)*1.1251+(2076.11+129.67+207.57+207.57)/30+(11680.53+56.61)/30)/I55 -> #DIV/0!
A56: Orlando | B56: 1 | C56: 12 | D56: 2020 | E56: =Submetering!F57+Submetering!H57+Submetering!J57+Submetering!L57+Submetering!N57+Submetering!P57+Submetering!R57+Submetering!T57+Submetering!V57+Submetering!X57+Submetering!Z57+Submetering!AB57+Submetering!AC57+Submetering!AD57+Submetering!AE57 -> 0 | F56: =((((Submetering!E57+Submetering!AD57)*0.13773+(Submetering!E57+Submetering!AD57)*0.02095)*1.09+(2.85/30)*2)+(((Submetering!F57+Submetering!H57+Submetering!J57+Submetering!L57+Submetering!N57+Submetering!P57+Submetering!R57+Submetering!T57+Submetering!V57+Submetering!X57+Submetering!Z57+Submetering!AB57+Submetering!AC57+Submetering!AE57)*0.05155)+((Submetering!F57+Submetering!H57+Submetering!J57+Submetering!L57+Submetering!N57+Submetering!P57+Submetering!R57+Submetering!T57+Submetering!V57+Submetering!X57+Submetering!Z57+Submetering!AB57+Submetering!AC57+Submetering!AE57)*0.02095)+(20/30)*15)*1.1048)/E56 -> #DIV/0! | G56: =Submetering!AK57+Submetering!AL57+Submetering!AU57 -> 0 | H56: 0.8166 | I56: =Submetering!AF57+Submetering!AG57+Submetering!AH57+Submetering!AI57+Submetering!AJ57+Submetering!AM57+Submetering!AN57+Submetering!AO57+Submetering!AQ57+Submetering!AR57+Submetering!AS57+Submetering!AT57+Submetering!AV57+Submetering!AY57+Submetering!AW57+Submetering!AZ57+Submetering!BA57 -> 0 | J56: =((Submetering!AG57+Submetering!BA57)*0.8868+(1712.96+1070.52)/30+(Submetering!AF57+Submetering!AY57+Submetering!AV57+Submetering!AZ57)*1.1251+(2076.11+129.67+207.57+207.57)/30+(11680.53+56.61)/30)/I56 -> #DIV/0! | K56: =Occupancy!H14 -> 0
A57: Orlando | B57: 7 | C57: 12 | D57: 2020 | E57: =Submetering!F58+Submetering!H58+Submetering!J58+Submetering!L58+Submetering!N58+Submetering!P58+Submetering!R58+Submetering!T58+Submetering!V58+Submetering!X58+Submetering!Z58+Submetering!AB58+Submetering!AC58+Submetering!AD58+Submetering!AE58 -> 0 | F57: =((((Submetering!E58+Submetering!AD58)*0.13773+(Submetering!E58+Submetering!AD58)*0.02095)*1.09+(2.85/30)*2)+(((Submetering!F58+Submetering!H58+Submetering!J58+Submetering!L58+Submetering!N58+Submetering!P58+Submetering!R58+Submetering!T58+Submetering!V58+Submetering!X58+Submetering!Z58+Submetering!AB58+Submetering!AC58+Submetering!AE58)*0.05155)+((Submetering!F58+Submetering!H58+Submetering!J58+Submetering!L58+Submetering!N58+Submetering!P58+Submetering!R58+Submetering!T58+Submetering!V58+Submetering!X58+Submetering!Z58+Submetering!AB58+Submetering!AC58+Submetering!AE58)*0.02095)+(20/30)*15)*1.1048)/E57 -> #DIV/0! | G57: =Submetering!AK58+Submetering!AL58+Submetering!AU58 -> 0 | H57: 0.8166 | I57: =Submetering!AF58+Submetering!AG58+Submetering!AH58+Submetering!AI58+Submetering!AJ58+Submetering!AM58+Submetering!AN58+Submetering!AO58+Submetering!AQ58+Submetering!AR58+Submetering!AS58+Submetering!AT58+Submetering!AV58+Submetering!AY58+Submetering!AW58+Submetering!AZ58+Submetering!BA58 -> 0 | J57: =((Submetering!AG58+Submetering!BA58)*0.8868+(1712.96+1070.52)/30+(Submetering!AF58+Submetering!AY58+Submetering!AV58+Submetering!AZ58)*1.1251+(2076.11+129.67+207.57+207.57)/30+(11680.53+56.61)/30)/I57 -> #DIV/0!
A58: Orlando | B58: 14 | C58: 12 | D58: 2020 | E58: =Submetering!F59+Submetering!H59+Submetering!J59+Submetering!L59+Submetering!N59+Submetering!P59+Submetering!R59+Submetering!T59+Submetering!V59+Submetering!X59+Submetering!Z59+Submetering!AB59+Submetering!AC59+Submetering!AD59+Submetering!AE59 -> 0 | F58: =((((Submetering!E59+Submetering!AD59)*0.13773+(Submetering!E59+Submetering!AD59)*0.02095)*1.09+(2.85/30)*2)+(((Submetering!F59+Submetering!H59+Submetering!J59+Submetering!L59+Submetering!N59+Submetering!P59+Submetering!R59+Submetering!T59+Submetering!V59+Submetering!X59+Submetering!Z59+Submetering!AB59+Submetering!AC59+Submetering!AE59)*0.05155)+((Submetering!F59+Submetering!H59+Submetering!J59+Submetering!L59+Submetering!N59+Submetering!P59+Submetering!R59+Submetering!T59+Submetering!V59+Submetering!X59+Submetering!Z59+Submetering!AB59+Submetering!AC59+Submetering!AE59)*0.02095)+(20/30)*15)*1.1048)/E58 -> #DIV/0! | G58: =Submetering!AK59+Submetering!AL59+Submetering!AU59 -> 0 | H58: 0.8166 | I58: =Submetering!AF59+Submetering!AG59+Submetering!AH59+Submetering!AI59+Submetering!AJ59+Submetering!AM59+Submetering!AN59+Submetering!AO59+Submetering!AQ59+Submetering!AR59+Submetering!AS59+Submetering!AT59+Submetering!AV59+Submetering!AY59+Submetering!AW59+Submetering!AZ59+Submetering!BA59 -> 0 | J58: =((Submetering!AG59+Submetering!BA59)*0.8868+(1712.96+1070.52)/30+(Submetering!AF59+Submetering!AY59+Submetering!AV59+Submetering!AZ59)*1.1251+(2076.11+129.67+207.57+207.57)/30+(11680.53+56.61)/30)/I58 -> #DIV/0!
A59: Orlando | B59: 21 | C59: 12 | D59: 2020 | E59: =Submetering!F60+Submetering!H60+Submetering!J60+Submetering!L60+Submetering!N60+Submetering!P60+Submetering!R60+Submetering!T60+Submetering!V60+Submetering!X60+Submetering!Z60+Submetering!AB60+Submetering!AC60+Submetering!AD60+Submetering!AE60 -> 0 | F59: =((((Submetering!E60+Submetering!AD60)*0.13773+(Submetering!E60+Submetering!AD60)*0.02095)*1.09+(2.85/30)*2)+(((Submetering!F60+Submetering!H60+Submetering!J60+Submetering!L60+Submetering!N60+Submetering!P60+Submetering!R60+Submetering!T60+Submetering!V60+Submetering!X60+Submetering!Z60+Submetering!AB60+Submetering!AC60+Submetering!AE60)*0.05155)+((Submetering!F60+Submetering!H60+Submetering!J60+Submetering!L60+Submetering!N60+Submetering!P60+Submetering!R60+Submetering!T60+Submetering!V60+Submetering!X60+Submetering!Z60+Submetering!AB60+Submetering!AC60+Submetering!AE60)*0.02095)+(20/30)*15)*1.1048)/E59 -> #DIV/0! | G59: =Submetering!AK60+Submetering!AL60+Submetering!AU60 -> 0 | H59: 0.8166 | I59: =Submetering!AF60+Submetering!AG60+Submetering!AH60+Submetering!AI60+Submetering!AJ60+Submetering!AM60+Submetering!AN60+Submetering!AO60+Submetering!AQ60+Submetering!AR60+Submetering!AS60+Submetering!AT60+Submetering!AV60+Submetering!AY60+Submetering!AW60+Submetering!AZ60+Submetering!BA60 -> 0 | J59: =((Submetering!AG60+Submetering!BA60)*0.8868+(1712.96+1070.52)/30+(Submetering!AF60+Submetering!AY60+Submetering!AV60+Submetering!AZ60)*1.1251+(2076.11+129.67+207.57+207.57)/30+(11680.53+56.61)/30)/I59 -> #DIV/0!
A60: Orlando | B60: 28 | C60: 12 | D60: 2020 | E60: =Submetering!F61+Submetering!H61+Submetering!J61+Submetering!L61+Submetering!N61+Submetering!P61+Submetering!R61+Submetering!T61+Submetering!V61+Submetering!X61+Submetering!Z61+Submetering!AB61+Submetering!AC61+Submetering!AD61+Submetering!AE61 -> 0 | F60: =((((Submetering!E61+Submetering!AD61)*0.13773+(Submetering!E61+Submetering!AD61)*0.02095)*1.09+(2.85/30)*2)+(((Submetering!F61+Submetering!H61+Submetering!J61+Submetering!L61+Submetering!N61+Submetering!P61+Submetering!R61+Submetering!T61+Submetering!V61+Submetering!X61+Submetering!Z61+Submetering!AB61+Submetering!AC61+Submetering!AE61)*0.05155)+((Submetering!F61+Submetering!H61+Submetering!J61+Submetering!L61+Submetering!N61+Submetering!P61+Submetering!R61+Submetering!T61+Submetering!V61+Submetering!X61+Submetering!Z61+Submetering!AB61+Submetering!AC61+Submetering!AE61)*0.02095)+(20/30)*15)*1.1048)/E60 -> #DIV/0! | G60: =Submetering!AK61+Submetering!AL61+Submetering!AU61 -> 0 | H60: 0.8166 | I60: =Submetering!AF61+Submetering!AG61+Submetering!AH61+Submetering!AI61+Submetering!AJ61+Submetering!AM61+Submetering!AN61+Submetering!AO61+Submetering!AQ61+Submetering!AR61+Submetering!AS61+Submetering!AT61+Submetering!AV61+Submetering!AY61+Submetering!AW61+Submetering!AZ61+Submetering!BA61 -> 0 | J60: =((Submetering!AG61+Submetering!BA61)*0.8868+(1712.96+1070.52)/30+(Submetering!AF61+Submetering!AY61+Submetering!AV61+Submetering!AZ61)*1.1251+(2076.11+129.67+207.57+207.57)/30+(11680.53+56.61)/30)/I60 -> #DIV/0!
A61: Orlando | B61: 31 | C61: 12 | D61: 2020 | E61: =Submetering!F62+Submetering!H62+Submetering!J62+Submetering!L62+Submetering!N62+Submetering!P62+Submetering!R62+Submetering!T62+Submetering!V62+Submetering!X62+Submetering!Z62+Submetering!AB62+Submetering!AC62+Submetering!AD62+Submetering!AE62 -> 0 | F61: =((((Submetering!E62+Submetering!AD62)*0.13773+(Submetering!E62+Submetering!AD62)*0.02095)*1.09+(2.85/30)*2)+(((Submetering!F62+Submetering!H62+Submetering!J62+Submetering!L62+Submetering!N62+Submetering!P62+Submetering!R62+Submetering!T62+Submetering!V62+Submetering!X62+Submetering!Z62+Submetering!AB62+Submetering!AC62+Submetering!AE62)*0.05155)+((Submetering!F62+Submetering!H62+Submetering!J62+Submetering!L62+Submetering!N62+Submetering!P62+Submetering!R62+Submetering!T62+Submetering!V62+Submetering!X62+Submetering!Z62+Submetering!AB62+Submetering!AC62+Submetering!AE62)*0.02095)+(20/30)*15)*1.1048)/E61 -> #DIV/0! | G61: =Submetering!AK62+Submetering!AL62+Submetering!AU62 -> 0 | H61: 0.8166 | I61: =Submetering!AF62+Submetering!AG62+Submetering!AH62+Submetering!AI62+Submetering!AJ62+Submetering!AM62+Submetering!AN62+Submetering!AO62+Submetering!AQ62+Submetering!AR62+Submetering!AS62+Submetering!AT62+Submetering!AV62+Submetering!AY62+Submetering!AW62+Submetering!AZ62+Submetering!BA62 -> 0 | J61: =((Submetering!AG62+Submetering!BA62)*0.8868+(1712.96+1070.52)/30+(Submetering!AF62+Submetering!AY62+Submetering!AV62+Submetering!AZ62)*1.1251+(2076.11+129.67+207.57+207.57)/30+(11680.53+56.61)/30)/I61 -> #DIV/0! | K61: =Occupancy!H15 -> 0

Sheet Submetering
A1: Site Name | B1: Day | C1: Month | D1: Year | E1: 90 630 431 (KWh) | F1: 68 425 010 (KWh) | G1: T2392 (KWh) | H1: 68 425 008 (KWh) | I1: T7384 (KWh) | J1: 68 425 060 (KWh) | K1: T7380 (KWh) | L1: 68 425 097 (KWh) | M1: T7281 (KWh) | N1: 68 425 059 (KWh) | O1: T2390 (KWh) | P1: 68 425 077 (KWh) | Q1: T2395 (KWh) | R1: 68 425 078 (KWh) | S1: T2393 (KWh) | T1: 68 425 071 (KWh) | U1: T7285 (KWh) | V1: 68 425 093 (KWh) | W1: T7382 (KWh) | X1: 68 425 094 (KWh) | Y1: T2391 (KWh) | Z1: 90 625 242 (KWh) | AA1: T7283 (KWh) | AB1: 672 73 163 (KWh) | AC1: 676 62 513 (KWh) | AD1: 61 979 920 (KWh) | AE1: 56 253 208 (KWh) | AF1: Domestic Water from RCES 74860172 (m3) | AG1: Re-use Water from RCES 74860173 (m3) | AH1: Building A Fire Sprinkler System Make-up 44553004 (m3) | AI1: Building A Potable Water Feed 70275191 (m3) | AJ1: Steam Boilers Make-up Water 2130521 (m3) | AK1: Resort Natural Gas Meter 12C004186-C1 (m3) | AL1: Out Buildings Natural Gas Meter 93477704 (m3) | AM1: Cooling Tower Make-up Water 79177804 (m3) | AN1: Cooling Tower Blowdown Line Deduct 79305675 (m3) | AO1: Building E Potable Water Meter 79190041 (m3) | AP1: 7919004D | AQ1: Building J Irrigation Water Meter 79190039 (m3) | AR1: Lazy Pool River Make-up Water 79324776 (m3) | AS1: Pool Hydraunic Boiler Water Make-up 112014001775 (m3) | AT1: SPA Jacuzzi Water Make-up 112014001771 (m3) | AU1: Golf Clubhouse Natural Gas Meter 82SJ729151 (m3) | AV1: 73337589 - 1387142 | AW1: Golf Clubhouse Flushing Valve Deduct 65956268 (m3) | AX1: Clubhouse | AY1: Golf Maintenance Facility 1334021 (m3) | AZ1: Golf Course Comfort Stations 63265094 (m3) | BA1: Golf Course Re-use Irrigation 67327447 (m3)
A2: Orlando | B2: 1 | C2: 1 | D2: 2020 | E2: =Elect!AK4 -> 0 | F2: =Elect!H4 -> 0 | G2: =Elect!G4 -> 2.538 | H2: =Elect!E4 -> 0 | I2: =Elect!D4 -> 2.15 | J2: =Elect!T4 -> 0 | K2: =Elect!S4 -> 2.516 | L2: =Elect!AI4 -> 0 | M2: =Elect!AH4 -> 0.313 | N2: =Elect!W4 -> 0 | O2: =Elect!V4 -> 1.679 | P2: =Elect!N4 -> 0 | Q2: =Elect!M4 -> 0.271 | R2: =Elect!K4 -> 0 | S2: =Elect!J4 -> 0.324 | T2: =Elect!Q4 -> 0 | U2: =Elect!P4 -> 0.311 | V2: =Elect!Z4 -> 0 | W2: =Elect!Y4 -> 0.312 | X2: =Elect!AC4 -> 0 | Y2: =Elect!AB4 -> 0.217 | Z2: =Elect!AF4 -> 0 | AA2: =Elect!AE4 -> 1.976 | AB2: =Elect!AW4 -> 0 | AC2: =Elect!AU4 -> 0 | AD2: =Elect!AY4 -> 0 | AE2: =Elect!BA4 -> 0 | AF2: ='Wtr-Gas'!E4 -> 0 | AG2: ='Wtr-Gas'!H4 -> 0 | AH2: ='Wtr-Gas'!K4 -> 0 | AI2: ='Wtr-Gas'!N4 -> 0 | AJ2: ='Wtr-Gas'!Q4 -> 0 | AK2: ='Wtr-Gas'!U4 -> 0 | AL2: ='Wtr-Gas'!X4 -> 0 | AM2: ='Wtr-Gas'!AB4 -> 0 | AN2: ='Wtr-Gas'!AD4 -> 0 | AO2: ='Wtr-Gas'!AF4 -> 0 | AP2: ='Wtr-Gas'!AH4 -> 0 | AQ2: ='Wtr-Gas'!AJ4 -> 0 | AR2: ='Wtr-Gas'!AL4 -> 0 | AS2: ='Wtr-Gas'!AN4 -> 0 | AT2: ='Wtr-Gas'!AP4 -> 0 | AU2: ='Wtr-Gas'!AT4 -> 0 | AV2: ='Wtr-Gas'!AW4 -> 0 | AW2: ='Wtr-Gas'!AY4 -> 0 | AX2: ='Wtr-Gas'!AZ4 -> 0 | AY2: ='Wtr-Gas'!BB4 -> 0 | AZ2: ='Wtr-Gas'!BD4 -> 0 | BA2: ='Wtr-Gas'!BF4 -> 0
A3: Orlando | B3: 5 | C3: 1 | D3: 2020 | E3: =Elect!AK5 -> 342 | F3: =Elect!H5 -> 41600 | G3: =Elect!G5 -> 2.603 | H3: =Elect!E5 -> 39200 | I3: =Elect!D5 -> 2.291 | J3: =Elect!T5 -> 37800 | K3: =Elect!S5 -> 2.516 | L3: =Elect!AI5 -> 1280 | M3: =Elect!AH5 -> 0.313 | N3: =Elect!W5 -> 33600 | O3: =Elect!V5 -> 1.968 | P3: =Elect!N5 -> 10000 | Q3: =Elect!M5 -> 0.286 | R3: =Elect!K5 -> 11200 | S3: =Elect!J5 -> 0.339 | T3: =Elect!Q5 -> 11200 | U3: =Elect!P5 -> 0.315 | V3: =Elect!Z5 -> 4320 | W3: =Elect!Y5 -> 0.312 | X3: =Elect!AC5 -> 2720 | Y3: =Elect!AB5 -> 0.278 | Z3: =Elect!AF5 -> 35400 | AA3: =Elect!AE5 -> 1.976 | AB3: =Elect!AW5 -> 1300 | AC3: =Elect!AU5 -> 11000 | AD3: =Elect!AY5 -> 854 | AE3: =Elect!BA5 -> 520 | AF3: =('Wtr-Gas'!E5)*0.0038 -> 3089.97 | AG3: =('Wtr-Gas'!H5)*0.0038 -> 8.702 | AH3: ='Wtr-Gas'!K5*0.0038 -> 0.342 | AI3: ='Wtr-Gas'!N5*0.0038 -> 1907.6 | AJ3: ='Wtr-Gas'!Q5*0.0038 -> 49.78 | AK3: ='Wtr-Gas'!U5*0.0038 -> 739.48 | AL3: ='Wtr-Gas'!X5*0.0038 -> 4992.44 | AM3: ='Wtr-Gas'!AB5*0.0038 -> 4028 | AN3: ='Wtr-Gas'!AD5*0.0038 -> 853.83986 | AO3: ='Wtr-Gas'!AF5*0.0038 -> 0.684 | AP3: ='Wtr-Gas'!AH5*0.0038 -> 149.074 | AQ3: ='Wtr-Gas'!AJ5*0.0038 -> 46.0788 | AR3: ='Wtr-Gas'!AL5*0.0038 -> 106.4 | AS3: ='Wtr-Gas'!AN5*0.0038 -> 0 | AT3: ='Wtr-Gas'!AP5*0.0038 -> 15.2 | AU3: ='Wtr-Gas'!AT5*0.0038 -> 0.3838 | AV3: ='Wtr-Gas'!AW5*0.0038 -> 257.241 | AW3: ='Wtr-Gas'!AY5*0.0038 -> 213.38474 | AX3: ='Wtr-Gas'!AZ5*0.0038 -> 43.856256 | AY3: ='Wtr-Gas'!BB5*0.0038 -> 5.7 | AZ3: ='Wtr-Gas'!BD5*0.0038 -> 0.76 | BA3: ='Wtr-Gas'!BF5*0.0038 -> 23.8526
A4: Orlando | B4: 12 | C4: 1 | D4: 2020 | E4: =Elect!AK6 -> 468 | F4: =Elect!H6 -> 49920 | G4: =Elect!G6 -> 2.603 | H4: =Elect!E6 -> 47360 | I4: =Elect!D6 -> 2.291 | J4: =Elect!T6 -> 44700 | K4: =Elect!S6 -> 2.516 | L4: =Elect!AI6 -> 1600 | M4: =Elect!AH6 -> 0.313 | N4: =Elect!W6 -> 44400 | O4: =Elect!V6 -> 1.992 | P4: =Elect!N6 -> 11600 | Q4: =Elect!M6 -> 0.286 | R4: =Elect!K6 -> 12000 | S4: =Elect!J6 -> 0.339 | T4: =Elect!Q6 -> 12400 | U4: =Elect!P6 -> 0.315 | V4: =Elect!Z6 -> 6080 | W4: =Elect!Y6 -> 0.365 | X4: =Elect!AC6 -> 4320 | Y4: =Elect!AB6 -> 0.31 | Z4: =Elect!AF6 -> 44400 | AA4: =Elect!AE6 -> 1.976 | AB4: =Elect!AW6 -> 1800 | AC4: =Elect!AU6 -> 13200 | AD4: =Elect!AY6 -> 980 | AE4: =Elect!BA6 -> 880 | AF4: =('Wtr-Gas'!E6)*0.0038 -> 3315.196 | AG4: =('Wtr-Gas'!H6)*0.0038 -> 178.182 | AH4: ='Wtr-Gas'!K6*0.0038 -> 0.912 | AI4: ='Wtr-Gas'!N6*0.0038 -> 2420.6 | AJ4: ='Wtr-Gas'!Q6*0.0038 -> 14.06 | AK4: ='Wtr-Gas'!U6*0.0038 -> 791.92 | AL4: ='Wtr-Gas'!X6*0.0038 -> 6300.78 | AM4: ='Wtr-Gas'!AB6*0.0038 -> 5282 | AN4: ='Wtr-Gas'!AD6*0.0038 -> 1022.4424 | AO4: ='Wtr-Gas'!AF6*0.0038 -> 10.374 | AP4: ='Wtr-Gas'!AH6*0.0038 -> 355.262 | AQ4: ='Wtr-Gas'!AJ6*0.0038 -> 61.56 | AR4: ='Wtr-Gas'!AL6*0.0038 -> 243.2 | AS4: ='Wtr-Gas'!AN6*0.0038 -> 0 | AT4: ='Wtr-Gas'!AP6*0.0038 -> 21.66 | AU4: ='Wtr-Gas'!AT6*0.0038 -> 0.4256 | AV4: ='Wtr-Gas'!AW6*0.0038 -> 305.463 | AW4: ='Wtr-Gas'!AY6*0.0038 -> 248.8452 | AX4: ='Wtr-Gas'!AZ6*0.0038 -> 56.617796 | AY4: ='Wtr-Gas'!BB6*0.0038 -> 22.8 | AZ4: ='Wtr-Gas'!BD6*0.0038 -> 1.52 | BA4: ='Wtr-Gas'!BF6*0.0038 -> 28.519
A5: Orlando | B5: 19 | C5: 1 | D5: 2020 | E5: =Elect!AK7 -> 465 | F5: =Elect!H7 -> 49280 | G5: =Elect!G7 -> 2.603 | H5: =Elect!E7 -> 47200 | I5: =Elect!D7 -> 2.291 | J5: =Elect!T7 -> 51300 | K5: =Elect!S7 -> 2.516 | L5: =Elect!AI7 -> 1640 | M5: =Elect!AH7 -> 0.313 | N5: =Elect!W7 -> 60900 | O5: =Elect!V7 -> 2.002 | P5: =Elect!N7 -> 11600 | Q5: =Elect!M7 -> 0.286 | R5: =Elect!K7 -> 12400 | S5: =Elect!J7 -> 0.339 | T5: =Elect!Q7 -> 12000 | U5: =Elect!P7 -> 0.315 | V5: =Elect!Z7 -> 7040 | W5: =Elect!Y7 -> 0.384 | X5: =Elect!AC7 -> 5440 | Y5: =Elect!AB7 -> 0.391 | Z5: =Elect!AF7 -> 47000 | AA5: =Elect!AE7 -> 1.976 | AB5: =Elect!AW7 -> 2300 | AC5: =Elect!AU7 -> 16400 | AD5: =Elect!AY7 -> 1000 | AE5: =Elect!BA7 -> 440 | AF5: =('Wtr-Gas'!E7)*0.0038 -> 4243.08 | AG5: =('Wtr-Gas'!H7)*0.0038 -> 352.792 | AH5: ='Wtr-Gas'!K7*0.0038 -> 2.584 | AI5: ='Wtr-Gas'!N7*0.0038 -> 3169.2 | AJ5: ='Wtr-Gas'!Q7*0.0038 -> 0 | AK5: ='Wtr-Gas'!U7*0.0038 -> 798.38 | AL5: ='Wtr-Gas'!X7*0.0038 -> 4453.98 | AM5: ='Wtr-Gas'!AB7*0.0038 -> 7220 | AN5: ='Wtr-Gas'!AD7*0.0038 -> 1653.2155 | AO5: ='Wtr-Gas'!AF7*0.0038 -> 5.662 | AP5: ='Wtr-Gas'!AH7*0.0038 -> 482.752 | AQ5: ='Wtr-Gas'!AJ7*0.0038 -> 62.8634 | AR5: ='Wtr-Gas'!AL7*0.0038 -> 205.2 | AS5: ='Wtr-Gas'!AN7*0.0038 -> 0 | AT5: ='Wtr-Gas'!AP7*0.0038 -> 22.42 | AU5: ='Wtr-Gas'!AT7*0.0038 -> 0.665 | AV5: ='Wtr-Gas'!AW7*0.0038 -> 347.8482 | AW5: ='Wtr-Gas'!AY7*0.0038 -> 244.72 | AX5: ='Wtr-Gas'!AZ7*0.0038 -> 103.1282 | AY5: ='Wtr-Gas'!BB7*0.0038 -> 16.72 | AZ5: ='Wtr-Gas'!BD7*0.0038 -> 4.18 | BA5: ='Wtr-Gas'!BF7*0.0038 -> 27.7628
A6: Orlando | B6: 26 | C6: 1 | D6: 2020 | E6: =Elect!AK8 -> 465 | F6: =Elect!H8 -> 52000 | G6: =Elect!G8 -> 2.506 | H6: =Elect!E8 -> 47840 | I6: =Elect!D8 -> 2.163 | J6: =Elect!T8 -> 38100 | K6: =Elect!S8 -> 1.655 | L6: =Elect!AI8 -> 1600 | M6: =Elect!AH8 -> 0.31 | N6: =Elect!W8 -> 33000 | O6: =Elect!V8 -> 1.488 | P6: =Elect!N8 -> 14000 | Q6: =Elect!M8 -> 0.333 | R6: =Elect!K8 -> 16000 | S6: =Elect!J8 -> 0.352 | T6: =Elect!Q8 -> 15200 | U6: =Elect!P8 -> 0.4 | V6: =Elect!Z8 -> 7200 | W6: =Elect!Y8 -> 0.389 | X6: =Elect!AC8 -> 5920 | Y6: =Elect!AB8 -> 0.451 | Z6: =Elect!AF8 -> 38200 | AA6: =Elect!AE8 -> 1.642 | AB6: =Elect!AW8 -> 1700 | AC6: =Elect!AU8 -> 11600 | AD6: =Elect!AY8 -> 973 | AE6: =Elect!BA8 -> 2680 | AF6: =('Wtr-Gas'!E8)*0.0038 -> 3487.83 | AG6: =('Wtr-Gas'!H8)*0.0038 -> 16.264 | AH6: ='Wtr-Gas'!K8*0.0038 -> 0.912 | AI6: ='Wtr-Gas'!N8*0.0038 -> 2796.8 | AJ6: ='Wtr-Gas'!Q8*0.0038 -> 0 | AK6: ='Wtr-Gas'!U8*0.0038 -> 971.28 | AL6: ='Wtr-Gas'!X8*0.0038 -> 4921 | AM6: ='Wtr-Gas'!AB8*0.0038 -> 2926 | AN6: ='Wtr-Gas'!AD8*0.0038 -> 680.7586 | AO6: ='Wtr-Gas'!AF8*0.0038 -> 4.408 | AP6: ='Wtr-Gas'!AH8*0.0038 -> 214.738 | AQ6: ='Wtr-Gas'!AJ8*0.0038 -> 65.3334 | AR6: ='Wtr-Gas'!AL8*0.0038 -> 11.4 | AS6: ='Wtr-Gas'!AN8*0.0038 -> 3.8 | AT6: ='Wtr-Gas'!AP8*0.0038 -> 19.76 | AU6: ='Wtr-Gas'!AT8*0.0038 -> 0.532 | AV6: ='Wtr-Gas'!AW8*0.0038 -> 298.2088 | AW6: ='Wtr-Gas'!AY8*0.0038 -> 246.51383 | AX6: ='Wtr-Gas'!AZ8*0.0038 -> 51.694972 | AY6: ='Wtr-Gas'!BB8*0.0038 -> 11.4 | AZ6: ='Wtr-Gas'!BD8*0.0038 -> 78.66 | BA6: ='Wtr-Gas'!BF8*0.0038 -> 369.8388
A7: Orlando | B7: 1 | C7: 2 | D7: 2020 | E7: =Elect!AK9 -> 466 | F7: =Elect!H9 -> 49600 | G7: =Elect!G9 -> 2.506 | H7: =Elect!E9 -> 47680 | I7: =Elect!D9 -> 2.163 | J7: =Elect!T9 -> 34200 | K7: =Elect!S9 -> 1.903 | L7: =Elect!AI9 -> 1440 | M7: =Elect!AH9 -> 0.31 | N7: =Elect!W9 -> 38100 | O7: =Elect!V9 -> 1.706 | P7: =Elect!N9 -> 12400 | Q7: =Elect!M9 -> 0.333 | R7: =Elect!K9 -> 14400 | S7: =Elect!J9 -> 0.352 | T7: =Elect!Q9 -> 13200 | U7: =Elect!P9 -> 0.4 | V7: =Elect!Z9 -> 6880 | W7: =Elect!Y9 -> 0.415 | X7: =Elect!AC9 -> 4960 | Y7: =Elect!AB9 -> 0.451 | Z7: =Elect!AF9 -> 40600 | AA7: =Elect!AE9 -> 1.789 | AB7: =Elect!AW9 -> 1500 | AC7: =Elect!AU9 -> 12400 | AD7: =Elect!AY9 -> 977 | AE7: =Elect!BA9 -> 1680 | AF7: =('Wtr-Gas'!E9)*0.0038 -> 4612.06 | AG7: =('Wtr-Gas'!H9)*0.0038 -> 280.022 | AH7: ='Wtr-Gas'!K9*0.0038 -> 1.026 | AI7: ='Wtr-Gas'!N9*0.0038 -> 2686.6 | AJ7: ='Wtr-Gas'!Q9*0.0038 -> 0 | AK7: ='Wtr-Gas'!U9*0.0038 -> 886.16 | AL7: ='Wtr-Gas'!X9*0.0038 -> 5161.54 | AM7: ='Wtr-Gas'!AB9*0.0038 -> 3344 | AN7: ='Wtr-Gas'!AD9*0.0038 -> 772.88428 | AO7: ='Wtr-Gas'!AF9*0.0038 -> 28.462 | AP7: ='Wtr-Gas'!AH9*0.0038 -> 468.996 | AQ7: ='Wtr-Gas'!AJ9*0.0038 -> 61.0318 | AR7: ='Wtr-Gas'!AL9*0.0038 -> 216.6 | AS7: ='Wtr-Gas'!AN9*0.0038 -> 0 | AT7: ='Wtr-Gas'!AP9*0.0038 -> 14.82 | AU7: ='Wtr-Gas'!AT9*0.0038 -> 0.5434 | AV7: ='Wtr-Gas'!AW9*0.0038 -> 307.4846 | AW7: ='Wtr-Gas'!AY9*0.0038 -> 246.53021 | AX7: ='Wtr-Gas'!AZ9*0.0038 -> 60.954394 | AY7: ='Wtr-Gas'!BB9*0.0038 -> 6.46 | AZ7: ='Wtr-Gas'!BD9*0.0038 -> 4.94 | BA7: ='Wtr-Gas'!BF9*0.0038 -> 204.5008
A8: Orlando | B8: 9 | C8: 2 | D8: 2020 | E8: =Elect!AK10 -> 454 | F8: =Elect!H10 -> 48960 | G8: =Elect!G10 -> 2.506 | H8: =Elect!E10 -> 47360 | I8: =Elect!D10 -> 2.163 | J8: =Elect!T10 -> 42300 | K8: =Elect!S10 -> 2.495 | L8: =Elect!AI10 -> 1840 | M8: =Elect!AH10 -> 0.349 | N8: =Elect!W10 -> 47400 | O8: =Elect!V10 -> 1.928 | P8: =Elect!N10 -> 12800 | Q8: =Elect!M10 -> 0.333 | R8: =Elect!K10 -> 14000 | S8: =Elect!J10 -> 0.352 | T8: =Elect!Q10 -> 12800 | U8: =Elect!P10 -> 0.4 | V8: =Elect!Z10 -> 7360 | W8: =Elect!Y10 -> 0.491 | X8: =Elect!AC10 -> 5280 | Y8: =Elect!AB10 -> 0.451 | Z8: =Elect!AF10 -> 46600 | AA8: =Elect!AE10 -> 1.865 | AB8: =Elect!AW10 -> 1600 | AC8: =Elect!AU10 -> 13200 | AD8: =Elect!AY10 -> 999 | AE8: =Elect!BA10 -> 1280 | AF8: =('Wtr-Gas'!E10)*0.0038 -> 4104.038 | AG8: =('Wtr-Gas'!H10)*0.0038 -> 302.404 | AH8: ='Wtr-Gas'!K10*0.0038 -> 1.102 | AI8: ='Wtr-Gas'!N10*0.0038 -> 3078 | AJ8: ='Wtr-Gas'!Q10*0.0038 -> 0 | AK8: ='Wtr-Gas'!U10*0.0038 -> 887.68 | AL8: ='Wtr-Gas'!X10*0.0038 -> 6851.4 | AM8: ='Wtr-Gas'!AB10*0.0038 -> 4902 | AN8: ='Wtr-Gas'!AD10*0.0038 -> 1020.5979 | AO8: ='Wtr-Gas'!AF10*0.0038 -> 0.19 | AP8: ='Wtr-Gas'!AH10*0.0038 -> 494.722 | AQ8: ='Wtr-Gas'!AJ10*0.0038 -> 57.5016 | AR8: ='Wtr-Gas'!AL10*0.0038 -> 171 | AS8: ='Wtr-Gas'!AN10*0.0038 -> 0 | AT8: ='Wtr-Gas'!AP10*0.0038 -> 17.86 | AU8: ='Wtr-Gas'!AT10*0.0038 -> 0 | AV8: ='Wtr-Gas'!AW10*0.0038 -> 302.119 | AW8: ='Wtr-Gas'!AY10*0.0038 -> 247.51323 | AX8: ='Wtr-Gas'!AZ10*0.0038 -> 54.605772 | AY8: ='Wtr-Gas'!BB10*0.0038 -> 9.12 | AZ8: ='Wtr-Gas'!BD10*0.0038 -> 2.28 | BA8: ='Wtr-Gas'!BF10*0.0038 -> 125.2822
A9: Orlando | B9: 16 | C9: 2 | D9: 2020 | E9: =Elect!AK11 -> 441 | F9: =Elect!H11 -> 50240 | G9: =Elect!G11 -> 2.506 | H9: =Elect!E11 -> 48320 | I9: =Elect!D11 -> 2.222 | J9: =Elect!T11 -> 71700 | K9: =Elect!S11 -> 2.508 | L9: =Elect!AI11 -> 1760 | M9: =Elect!AH11 -> 0.349 | N9: =Elect!W11 -> 51900 | O9: =Elect!V11 -> 1.928 | P9: =Elect!N11 -> 11600 | Q9: =Elect!M11 -> 0.333 | R9: =Elect!K11 -> 12000 | S9: =Elect!J11 -> 0.352 | T9: =Elect!Q11 -> 12000 | U9: =Elect!P11 -> 0.4 | V9: =Elect!Z11 -> 6720 | W9: =Elect!Y11 -> 0.491 | X9: =Elect!AC11 -> 4800 | Y9: =Elect!AB11 -> 0.451 | Z9: =Elect!AF11 -> 49000 | AA9: =Elect!AE11 -> 2.049 | AB9: =Elect!AW11 -> 1600 | AC9: =Elect!AU11 -> 14300 | AD9: =Elect!AY11 -> 948 | AE9: =Elect!BA11 -> 2560 | AF9: =('Wtr-Gas'!E11)*0.0038 -> 4611.756 | AG9: =('Wtr-Gas'!H11)*0.0038 -> 433.656 | AH9: ='Wtr-Gas'!K11*0.0038 -> 1.14 | AI9: ='Wtr-Gas'!N11*0.0038 -> 3515 | AJ9: ='Wtr-Gas'!Q11*0.0038 -> 0 | AK9: ='Wtr-Gas'!U11*0.0038 -> 879.32 | AL9: ='Wtr-Gas'!X11*0.0038 -> 4722.64 | AM9: ='Wtr-Gas'!AB11*0.0038 -> 8170 | AN9: ='Wtr-Gas'!AD11*0.0038 -> 2038.2011 | AO9: ='Wtr-Gas'!AF11*0.0038 -> 10.298 | AP9: ='Wtr-Gas'!AH11*0.0038 -> 526.224 | AQ9: ='Wtr-Gas'!AJ11*0.0038 -> 60.3478 | AR9: ='Wtr-Gas'!AL11*0.0038 -> 144.4 | AS9: ='Wtr-Gas'!AN11*0.0038 -> 3.8 | AT9: ='Wtr-Gas'!AP11*0.0038 -> 17.48 | AU9: ='Wtr-Gas'!AT11*0.0038 -> 0.9766 | AV9: ='Wtr-Gas'!AW11*0.0038 -> 301.454 | AW9: ='Wtr-Gas'!AY11*0.0038 -> 245.83614 | AX9: ='Wtr-Gas'!AZ11*0.0038 -> 55.617864 | AY9: ='Wtr-Gas'!BB11*0.0038 -> 10.26 | AZ9: ='Wtr-Gas'!BD11*0.0038 -> 1.52 | BA9: ='Wtr-Gas'!BF11*0.0038 -> 442.814
A10: Orlando | B10: 24 | C10: 2 | D10: 2020 | E10: =Elect!AK12 -> 444 | F10: =Elect!H12 -> 49760 | G10: =Elect!G12 -> 2.378 | H10: =Elect!E12 -> 47520 | I10: =Elect!D12 -> 2.133 | J10: =Elect!T12 -> 52500 | K10: =Elect!S12 -> 0.874 | L10: =Elect!AI12 -> 1640 | M10: =Elect!AH12 -> 0.304 | N10: =Elect!W12 -> 57900 | O10: =Elect!V12 -> 1.345 | P10: =Elect!N12 -> 12400 | Q10: =Elect!M12 -> 0.254 | R10: =Elect!K12 -> 14000 | S10: =Elect!J12 -> 0.324 | T10: =Elect!Q12 -> 12800 | U10: =Elect!P12 -> 0.298 | V10: =Elect!Z12 -> 8640 | W10: =Elect!Y12 -> 0.367 | X10: =Elect!AC12 -> 4960 | Y10: =Elect!AB12 -> 0.289 | Z10: =Elect!AF12 -> 50400 | AA10: =Elect!AE12 -> 1.977 | AB10: =Elect!AW12 -> 1600 | AC10: =Elect!AU12 -> 14700 | AD10: =Elect!AY12 -> 1027 | AE10: =Elect!BA12 -> 3400 | AF10: =('Wtr-Gas'!E12)*0.0038 -> 4560.304 | AG10: =('Wtr-Gas'!H12)*0.0038 -> 297.996 | AH10: ='Wtr-Gas'!K12*0.0038 -> 1.102 | AI10: ='Wtr-Gas'!N12*0.0038 -> 3484.6 | AJ10: ='Wtr-Gas'!Q12*0.0038 -> 0 | AK10: ='Wtr-Gas'!U12*0.0038 -> 959.88 | AL10: ='Wtr-Gas'!X12*0.0038 -> 5127.34 | AM10: ='Wtr-Gas'!AB12*0.0038 -> 6498 | AN10: ='Wtr-Gas'!AD12*0.0038 -> 1454.5568 | AO10: ='Wtr-Gas'!AF12*0.0038 -> 22.154 | AP10: ='Wtr-Gas'!AH12*0.0038 -> 514.178 | AQ10: ='Wtr-Gas'!AJ12*0.0038 -> 66.9712 | AR10: ='Wtr-Gas'!AL12*0.0038 -> 167.2 | AS10: ='Wtr-Gas'!AN12*0.0038 -> 0 | AT10: ='Wtr-Gas'!AP12*0.0038 -> 20.52 | AU10: ='Wtr-Gas'!AT12*0.0038 -> 0 | AV10: ='Wtr-Gas'!AW12*0.0038 -> 333.8452 | AW10: ='Wtr-Gas'!AY12*0.0038 -> 245.67125 | AX10: ='Wtr-Gas'!AZ12*0.0038 -> 88.173946 | AY10: ='Wtr-Gas'!BB12*0.0038 -> 4.56 | AZ10: ='Wtr-Gas'!BD12*0.0038 -> 25.46 | BA10: ='Wtr-Gas'!BF12*0.0038 -> 897.7994
A11: Orlando | B11: 1 | C11: 3 | D11: 2020 | E11: =Elect!AK13 -> 382 | F11: =Elect!H13 -> 44320 | G11: =Elect!G13 -> 2.426 | H11: =Elect!E13 -> 43040 | I11: =Elect!D13 -> 2.33 | J11: =Elect!T13 -> 42000 | K11: =Elect!S13 -> 1.783 | L11: =Elect!AI13 -> 1440 | M11: =Elect!AH13 -> 0.311 | N11: =Elect!W13 -> 33600 | O11: =Elect!V13 -> 1.832 | P11: =Elect!N13 -> 10800 | Q11: =Elect!M13 -> 0.254 | R11: =Elect!K13 -> 12400 | S11: =Elect!J13 -> 0.324 | T11: =Elect!Q13 -> 11600 | U11: =Elect!P13 -> 0.298 | V11: =Elect!Z13 -> 6720 | W11: =Elect!Y13 -> 0.511 | X11: =Elect!AC13 -> 4000 | Y11: =Elect!AB13 -> 0.347 | Z11: =Elect!AF13 -> 45200 | AA11: =Elect!AE13 -> 2 | AB11: =Elect!AW13 -> 1600 | AC11: =Elect!AU13 -> 12700 | AD11: =Elect!AY13 -> 884 | AE11: =Elect!BA13 -> 4640 | AF11: =('Wtr-Gas'!E13)*0.0038 -> 3675.094 | AG11: =('Wtr-Gas'!H13)*0.0038 -> 380.608 | AH11: ='Wtr-Gas'!K13*0.0038 -> 0.95 | AI11: ='Wtr-Gas'!N13*0.0038 -> 2796.8 | AJ11: ='Wtr-Gas'!Q13*0.0038 -> 0 | AK11: ='Wtr-Gas'!U13*0.0038 -> 826.88 | AL11: ='Wtr-Gas'!X13*0.0038 -> 5542.68 | AM11: ='Wtr-Gas'!AB13*0.0038 -> 3914 | AN11: ='Wtr-Gas'!AD13*0.0038 -> 937.31522 | AO11: ='Wtr-Gas'!AF13*0.0038 -> 0.266 | AP11: ='Wtr-Gas'!AH13*0.0038 -> 362.558 | AQ11: ='Wtr-Gas'!AJ13*0.0038 -> 58.558 | AR11: ='Wtr-Gas'!AL13*0.0038 -> 159.6 | AS11: ='Wtr-Gas'!AN13*0.0038 -> 3.8 | AT11: ='Wtr-Gas'!AP13*0.0038 -> 18.24 | AU11: ='Wtr-Gas'!AT13*0.0038 -> 1.2122 | AV11: ='Wtr-Gas'!AW13*0.0038 -> 306.9602 | AW11: ='Wtr-Gas'!AY13*0.0038 -> 245.38348 | AX11: ='Wtr-Gas'!AZ13*0.0038 -> 61.57672 | AY11: ='Wtr-Gas'!BB13*0.0038 -> 10.26 | AZ11: ='Wtr-Gas'!BD13*0.0038 -> 17.1 | BA11: ='Wtr-Gas'!BF13*0.0038 -> 907.7364
A12: Orlando | B12: 8 | C12: 3 | D12: 2020 | E12: =Elect!AK14 -> 470 | F12: =Elect!H14 -> 54880 | G12: =Elect!G14 -> 2.426 | H12: =Elect!E14 -> 53440 | I12: =Elect!D14 -> 2.233 | J12: =Elect!T14 -> 60000 | K12: =Elect!S14 -> 2.252 | L12: =Elect!AI14 -> 1800 | M12: =Elect!AH14 -> 0.328 | N12: =Elect!W14 -> 49800 | O12: =Elect!V14 -> 2.007 | P12: =Elect!N14 -> 13200 | Q12: =Elect!M14 -> 0.254 | R12: =Elect!K14 -> 13600 | S12: =Elect!J14 -> 0.324 | T12: =Elect!Q14 -> 13600 | U12: =Elect!P14 -> 0.298 | V12: =Elect!Z14 -> 9760 | W12: =Elect!Y14 -> 0.637 | X12: =Elect!AC14 -> 4960 | Y12: =Elect!AB14 -> 0.347 | Z12: =Elect!AF14 -> 55200 | AA12: =Elect!AE14 -> 2.065 | AB12: =Elect!AW14 -> 1700 | AC12: =Elect!AU14 -> 13800 | AD12: =Elect!AY14 -> 949 | AE12: =Elect!BA14 -> 3200 | AF12: =('Wtr-Gas'!E14)*0.0038 -> 4845.608 | AG12: =('Wtr-Gas'!H14)*0.0038 -> 406.828 | AH12: ='Wtr-Gas'!K14*0.0038 -> 1.216 | AI12: ='Wtr-Gas'!N14*0.0038 -> 3632.8 | AJ12: ='Wtr-Gas'!Q14*0.0038 -> 0 | AK12: ='Wtr-Gas'!U14*0.0038 -> 1009.28 | AL12: ='Wtr-Gas'!X14*0.0038 -> 6042 | AM12: ='Wtr-Gas'!AB14*0.0038 -> 6422 | AN12: ='Wtr-Gas'!AD14*0.0038 -> 1258.4076 | AO12: ='Wtr-Gas'!AF14*0.0038 -> 7.524 | AP12: ='Wtr-Gas'!AH14*0.0038 -> 621.794 | AQ12: ='Wtr-Gas'!AJ14*0.0038 -> 81.795 | AR12: ='Wtr-Gas'!AL14*0.0038 -> 216.6 | AS12: ='Wtr-Gas'!AN14*0.0038 -> 0 | AT12: ='Wtr-Gas'!AP14*0.0038 -> 31.54 | AU12: ='Wtr-Gas'!AT14*0.0038 -> 0.456 | AV12: ='Wtr-Gas'!AW14*0.0038 -> 297.635 | AW12: ='Wtr-Gas'!AY14*0.0038 -> 243.73276 | AX12: ='Wtr-Gas'!AZ14*0.0038 -> 53.90224 | AY12: ='Wtr-Gas'!BB14*0.0038 -> 15.2 | AZ12: ='Wtr-Gas'!BD14*0.0038 -> 3.8 | BA12: ='Wtr-Gas'!BF14*0.0038 -> 1159.7182
A13: Orlando | B13: 15 | C13: 3 | D13: 2020 | E13: =Elect!AK15 -> 417 | F13: =Elect!H15 -> 47040 | G13: =Elect!G15 -> 2.426 | H13: =Elect!E15 -> 46560 | I13: =Elect!D15 -> 2.233 | J13: =Elect!T15 -> 50400 | K13: =Elect!S15 -> 2.252 | L13: =Elect!AI15 -> 1600 | M13: =Elect!AH15 -> 0.328 | N13: =Elect!W15 -> 53700 | O13: =Elect!V15 -> 2.007 | P13: =Elect!N15 -> 10800 | Q13: =Elect!M15 -> 0.254 | R13: =Elect!K15 -> 10800 | S13: =Elect!J15 -> 0.324 | T13: =Elect!Q15 -> 11200 | U13: =Elect!P15 -> 0.298 | V13: =Elect!Z15 -> 5920 | W13: =Elect!Y15 -> 0.637 | X13: =Elect!AC15 -> 4160 | Y13: =Elect!AB15 -> 0.347 | Z13: =Elect!AF15 -> 49000 | AA13: =Elect!AE15 -> 2.065 | AB13: =Elect!AW15 -> 1700 | AC13: =Elect!AU15 -> 14000 | AD13: =Elect!AY15 -> 851 | AE13: =Elect!BA15 -> 4320 | AF13: =('Wtr-Gas'!E15)*0.0038 -> 4263.486 | AG13: =('Wtr-Gas'!H15)*0.0038 -> 438.9 | AH13: ='Wtr-Gas'!K15*0.0038 -> 1.064 | AI13: ='Wtr-Gas'!N15*0.0038 -> 3028.6 | AJ13: ='Wtr-Gas'!Q15*0.0038 -> 0 | AK13: ='Wtr-Gas'!U15*0.0038 -> 824.22 | AL13: ='Wtr-Gas'!X15*0.0038 -> 3775.3 | AM13: ='Wtr-Gas'!AB15*0.0038 -> 7182 | AN13: ='Wtr-Gas'!AD15*0.0038 -> 1528.9057 | AO13: ='Wtr-Gas'!AF15*0.0038 -> 8.816 | AP13: ='Wtr-Gas'!AH15*0.0038 -> 555.788 | AQ13: ='Wtr-Gas'!AJ15*0.0038 -> 80.693 | AR13: ='Wtr-Gas'!AL15*0.0038 -> 140.6 | AS13: ='Wtr-Gas'!AN15*0.0038 -> 0 | AT13: ='Wtr-Gas'!AP15*0.0038 -> 32.68 | AU13: ='Wtr-Gas'!AT15*0.0038 -> 0.4066 | AV13: ='Wtr-Gas'!AW15*0.0038 -> 296.3316 | AW13: ='Wtr-Gas'!AY15*0.0038 -> 244.17983 | AX13: ='Wtr-Gas'!AZ15*0.0038 -> 52.15177 | AY13: ='Wtr-Gas'!BB15*0.0038 -> 26.6 | AZ13: ='Wtr-Gas'!BD15*0.0038 -> 4.56 | BA13: ='Wtr-Gas'!BF15*0.0038 -> 1216.2736
A14: Orlando | B14: 22 | C14: 3 | D14: 2020 | E14: =Elect!AK16 -> 410 | F14: =Elect!H16 -> 41920 | G14: =Elect!G16 -> 1.783 | H14: =Elect!E16 -> 41600 | I14: =Elect!D16 -> 1.536 | J14: =Elect!T16 -> 54600 | K14: =Elect!S16 -> 1.417 | L14: =Elect!AI16 -> 1560 | M14: =Elect!AH16 -> 0.298 | N14: =Elect!W16 -> 49800 | O14: =Elect!V16 -> 1.645 | P14: =Elect!N16 -> 8800 | Q14: =Elect!M16 -> 0.115 | R14: =Elect!K16 -> 8400 | S14: =Elect!J16 -> 0.1 | T14: =Elect!Q16 -> 8800 | U14: =Elect!P16 -> 0.111 | V14: =Elect!Z16 -> 4640 | W14: =Elect!Y16 -> 0.212 | X14: =Elect!AC16 -> 2400 | Y14: =Elect!AB16 -> 0.102 | Z14: =Elect!AF16 -> 47000 | AA14: =Elect!AE16 -> 1.7 | AB14: =Elect!AW16 -> 1600 | AC14: =Elect!AU16 -> 14200 | AD14: =Elect!AY16 -> 851 | AE14: =Elect!BA16 -> 3320 | AF14: =('Wtr-Gas'!E16)*0.0038 -> 3198.308 | AG14: =('Wtr-Gas'!H16)*0.0038 -> 824.296 | AH14: ='Wtr-Gas'!K16*0.0038 -> 1.026 | AI14: ='Wtr-Gas'!N16*0.0038 -> 1964.6 | AJ14: ='Wtr-Gas'!Q16*0.0038 -> 0 | AK14: ='Wtr-Gas'!U16*0.0038 -> 564.68 | AL14: ='Wtr-Gas'!X16*0.0038 -> 2768.68 | AM14: ='Wtr-Gas'!AB16*0.0038 -> 7638 | AN14: ='Wtr-Gas'!AD16*0.0038 -> 1680.8935 | AO14: ='Wtr-Gas'!AF16*0.0038 -> 29.222 | AP14: ='Wtr-Gas'!AH16*0.0038 -> 609.482 | AQ14: ='Wtr-Gas'!AJ16*0.0038 -> 70.1328 | AR14: ='Wtr-Gas'!AL16*0.0038 -> 136.8 | AS14: ='Wtr-Gas'!AN16*0.0038 -> 0 | AT14: ='Wtr-Gas'!AP16*0.0038 -> 25.84 | AU14: ='Wtr-Gas'!AT16*0.0038 -> 0 | AV14: ='Wtr-Gas'!AW16*0.0038 -> 287.5194 | AW14: ='Wtr-Gas'!AY16*0.0038 -> 240.82424 | AX14: ='Wtr-Gas'!AZ16*0.0038 -> 46.69516 | AY14: ='Wtr-Gas'!BB16*0.0038 -> 15.58 | AZ14: ='Wtr-Gas'!BD16*0.0038 -> 1.52 | BA14: ='Wtr-Gas'!BF16*0.0038 -> 977.0104
... A62: Orlando | B62: 31 | C62: 12 | D62: 2021 | E62: =Elect!AK64 -> 0 | F62: =Elect!H64 -> 0 | G62: =Elect!G64 -> 0 | H62: =Elect!E64 -> 0 | I62: =Elect!D64 -> 0 | J62: =Elect!T64 -> 0 | K62: =Elect!S64 -> 0 | L62: =Elect!AI64 -> 0 | M62: =Elect!AH64 -> 0 | N62: =Elect!W64 -> 0 | O62: =Elect!V64 -> 0 | P62: =Elect!N64 -> 0 | Q62: =Elect!M64 -> 0 | R62: =Elect!K64 -> 0 | S62: =Elect!J64 -> 0 | T62: =Elect!Q64 -> 0 | U62: =Elect!P64 -> 0 | V62: =Elect!Z64 -> 0 | W62: =Elect!Y64 -> 0 | X62: =Elect!AC64 -> 0 | Y62: =Elect!AB64 -> 0 | Z62: =Elect!AF64 -> 0 | AA62: =Elect!AE64 -> 0 | AB62: =Elect!AW64 -> 0 | AC62: =Elect!AU64 -> 0 | AD62: =Elect!AY64 -> 0 | AE62: =Elect!BA64 -> 0 | AF62: =('Wtr-Gas'!E64)*0.0038 -> 0 | AG62: =('Wtr-Gas'!H64)*0.0038 -> 0 | AH62: ='Wtr-Gas'!K64*0.0038 -> 0 | AI62: ='Wtr-Gas'!N64*0.0038 -> 0 | AJ62: ='Wtr-Gas'!Q64*0.0038 -> 0 | AK62: ='Wtr-Gas'!U64*0.0038 -> 0 | AL62: ='Wtr-Gas'!X64*0.0038 -> 0 | AM62: ='Wtr-Gas'!AB64*0.0038 -> 0 | AN62: ='Wtr-Gas'!AD64*0.0038 -> 0 | AO62: ='Wtr-Gas'!AF64*0.0038 -> 0 | AP62: ='Wtr-Gas'!AH64*0.0038 -> 0 | AQ62: ='Wtr-Gas'!AJ64*0.0038 -> 0 | AR62: ='Wtr-Gas'!AL64*0.0038 -> 0 | AS62: ='Wtr-Gas'!AN64*0.0038 -> 0 | AT62: ='Wtr-Gas'!AP64*0.0038 -> 0 | AU62: ='Wtr-Gas'!AT64*0.0038 -> 0 | AV62: ='Wtr-Gas'!AW64*0.0038 -> 0 | AW62: ='Wtr-Gas'!AY64*0.0038 -> 0 | AX62: ='Wtr-Gas'!AZ64*0.0038 -> 0 | AY62: ='Wtr-Gas'!BB64*0.0038 -> 0 | AZ62: ='Wtr-Gas'!BD64*0.0038 -> 0 | BA62: ='Wtr-Gas'!BF64*0.0038 -> 0

Sheet Info
B4: Electrical
B5: Location | C5: Transformer # | D5: Meter Serial # | E5: Reedy Creek # | F5: Service Area | G5: Multiplier | I5: Reedy Creek Description
B6: Service Yard #2 | C6: T7384 | D6: 68 425 008 | E6: CC0913A018 | G6: 160 | I6: HSB2 Section 1&2, Building A
B7: Service Yard #2 | C7: T2392 | D7: 68 425 010 | E7: CC0913A020 | G7: 160 | I7: HSB2 Section 4&5, Building A
B8: Service Yard #2 | C8: T2393 | D8: 68 425 078 | E8: CC0913A060 | G8: 400 | I8: LSB2 Building A - T2395
B9: Service Yard #2 | C9: T2395 | D9: 68 425 077 | E9: CC0913A059 | G9: 400 | I9: LSB2 Building A - T2393
B10: Service Yard #2 | C10: T7285 | D10: 68 425 071 | E10: CC0913A081 | G10: 400 | I10: LSB2 Building A - T7285
B11: Service Yard #1 | C11: T7380 | D11: 68 425 060 | E11: CC0913A054 | G11: 300 | I11: Main Electric Room #1
B12: Service Yard #1 | C12: T2390 | D12: 68 425 059 | E12: CC0913A053 | G12: 300 | I12: Service Yard #1
B13: Service Yard #1 | C13: T7382 | D13: 68 425 093 | E13: CC0913A075 | G13: 160 | I13: Main Electric Room #1 South
B14: Service Yard #1 | C14: T2391 | D14: 68 425 094 | E14: CC0913A076 | G14: 160 | I14: Main Electric Room #1 South
B15: Servcie Yard #3 | C15: T7283 | D15: 90 625 242 | E15: CC0912A18 | G15: 200 | I15: Out Buildings
B16: Servcie Yard #3 | C16: T7281 | D16: 68 425 097 | E16: CC0913A095 | G16: 40 | I16: Out Buildings
B17: Remote Parking Lot Lights | C17: T2009 | D17: 90 630 431 | E17: CS0212A003 | G17: 1 | I17: Employee Parking Lot Lights
B18: Golf Maintenance | D18: 67273163 | E18: CC0612A036 | I18: Golf Maintenace
B19: Golf Clubhouse | D19: 67662513 | E19: CG0612A084 | I19: Golf Clubhouse
B20: Golf Comfort Stations | D20: 61979920 | E20: CS0210A030 | I20: Comfort Stations
B21: Golf Irrigation Pump House | D21: 56253208 | E21: IC0608A03 | I21: Irrigation Pump House
B24: Water
B25: Service Entry | D25: 74860172 | E25: x10 | F25: Main Potable Water Feed | I25: Water
B26: Service Entry | D26: 74860173 | E26: x10 | F26: Re-use Water Feed | I26: Reclaimed Water
B27: Pump Room | D27: 44553004 | E27: x10 | F27: Fire System Make-up Feed
B28: Pump Room | D28: 70275191 | E28: x100 | F28: PW Feed for Bldg A | I28: Installed 1/31/14
B29: Boiler Room | D29: 2130521 | E29: x100 | F29: Steam Boiler M/U Water | I29: Installed 4/15/14
B31: Deduct Meters | C31: Added 7/15
B32: Chiller Room | D32: 79177804 | E32: x1 | F32: Make-up to Cooling Towers
B33: Chiller Room | D33: 79305675 | E33: x1 | F33: Cooling Tower Blowdown
B34: Building E | D34: 7919004D | E34: x1000 | F34: Irrigation Water
B35: Building E | D35: 79190041 | E35: x1000 | F35: Potable Water
B36: Building J | D36: 79190039 | E36: x1 | F36: Irrigation Water
B37: Lazy River | C37: Added 10/20/15 | D37: 79324776 | E37: x1000 | F37: Potable make-up water for Lazy River
B38: Building E - Inside | C38: Added 11/24/15 | D38: 112014001775 | E38: x100 | F38: Pool Hydranic Heater Make-up Water
B39: Service Yard #2 | C39: Added 11/24/15 | D39: 112014001771 | E39: x100 | F39: Mens and Womens Spa Pool Make-up Water
B43: Changes to Meters
B44: Exterior Pump Room | D44: 12C004186-C1 | E44: x100 | F44: Main Gas Feed | I44: Meter changed on 11/19/14
D45: 04B000408 | E45: 41962 | I45: New Meter Serial Number - Start Number 4668
B46: Golf Course Irrigation | D46: 80606729 | E46: 42522 | I46: New Meter Serial Number - Start Number 0
B48: Cooling Tower M/U Meter | D48: 85492530 | E48: 43698 | I48: Meter Changed by RCID
B51: Disputed Bill | D51: Customer # | E51: Account #
D52: 10816233 | E52: 2236896 | I52: ???

Sheet Logsheet
B1: Four Seasons Utility Readings
N2: updated 9/1/19
B3: Water Meters
B4: 74860172 | D4: 74860173 | F4: 44553004 | H4: 70275191 | J4: 2130521 | L4: 04B000408 | N4: 93477704
B6: Main PW Feed | D6: Main RW Feed | F6: Fire Prot Water Feed | H6: Potable Wtr Bldg A | J6: Steam Boiler M/U | L6: Main Gas Meter 2# | N6: Main Gas Meter 5#
B9: 85492530 | D9: 79305675 | F9: 79190041 | H9: 7919004D | J9: 79190039 | L9: 79324776
B10: Chiller Room | D10: Chiller Room | F10: Building E | H10: Building E | J10: Building J | L10: Lazy River | N10: Capa Terrace
B11: Cooling Tower M/U | D11: Cooling Tower Bleed | F11: Potable Water | H11: Irrigation | J11: Irrigation | L11: Potable Water | N11: Landscaping Mtr
B14: Electric Meters Service Yard #2
B15: CC0913A018 | D15: CC0913A020 | F15: CC0913A060 | H15: CC0913A059 | J15: CC0913A081
B16: 68 425 008 | C16: T7384 | D16: 68 425 010 | E16: T2392 | F16: 68 425 078 | G16: T2393 | H16: 68 425 077 | I16: T2395 | J16: 68 425 071 | K16: T7285
B17: KWH | C17: Demand | D17: KWH | E17: Demand | F17: KWH | G17: Demand | H17: KWH | I17: Demand | J17: KWH | K17: Demand
B20: Central Plant Service Yard | J20: Building E
B21: CC0913A054 | D21: CC0913A053 | F21: CC0913A075 | H21: CC0913A076 | J21: CC0912A18 | L21: CC0913A095
B22: 68 425 060 | C22: T7380 | D22: 68 425 059 | E22: T2390 | F22: 68 425 093 | G22: T7382 | H22: 68 425 094 | I22: T2391 | J22: 90 625 242 | K22: T7283 | L22: 68 425 097 | M22: T7281
B23: KWH | C23: Demand | D23: KWH | E23: Demand | F23: KWH | G23: Demand | H23: KWH | I23: Demand | J23: KWH | K23: Demand | L23: KWH | M23: Demand
B26: Employee Parking | D26: Emerg Generator | J26: 112014001775 | L26: 112014001771
B27: CS0212A003 | D27: GEN01 | J27: Building E - Inside | L27: Service Yard #2
B28: 90 630 431 | C28: T2009 | D28: Tank Level | J28: Pool Hydranic Heater | L28: Spa Jacuzzi's
B29: KWH | D29: 1/4-3/4 | J29: Make-up Water | L29: Make-up Water

Sheet Golf Logsheet
B2: Water Meters
B3: 73337589 | D3: 65956268 | F3: 1334021 | H3: 63265094 | J3: 80606729
B5: Club House | D5: Club House Deduct | F5: Golf Maintenance | H5: Comfort Stations | J5: Irrigation Reclaim Water
B8: Electric Meters
B9: CG0612A084 | D9: CC0612A036 | H9: CS0210A0300 | J9: IC0608A03
B10: 676 62 513 | D10: 672 73 163 | H10: 61 979 920 | J10: 56 253 208
B11: Club House | D11: Golf Maintenance | H11: Comfort Stations | J11: Irrigation Pump House
B14: Natural Gas / Petroleum
B15: 82SJ729151 | D15: Propane Tank #1 | F15: Propane Tank #2 | H15: Unleaded Tank | J15: Diesel Tank | L15: Lube Oil Tank
B16: 46801014
B17: Nat Gas-Clubhouse | D17: Golf Maintenance | F17: Golf Maintenance | H17: Golf Mainenance | J17: Golf Maintenance | L17: Golf Maintenance

Sheet Graphs
B2: Jan | C2: Feb | D2: Mar | E2: Apr | F2: May | G2: Jun | H2: Jul | I2: Aug | J2: Sep | K2: Oct | L2: Nov | M2: Dec | O2: KWH | P2: Fuel Surcharge | Q2: Demand
Z3: Electric | AA3: Gas
Y5: 2015 | Z5: =([1]Elect!#REF!) -> #REF!
Y6: 2016 | Z6: =([1]Elect!#REF!) -> #REF!
Y7: 2017 | Z7: =([1]Elect!#REF!) -> #REF!
Y8: 2018 | Z8: =([1]Elect!#REF!) -> #REF!
Y9: 2019 | Z9: =([1]Elect!#REF!) -> #REF!
X21: hi

Sheet Drawing
B3: Utility Distribution
B4: Four Seasons Resort Orlando at Walt Disney World Resort
B5: Electrical, Potable Water, Re-use Water, Natural Gas
AU14: Water Deduct Meters downstream | BX14: Golf Course Water
AU15: of the main water meter for the Resort | BX15: Distribution
AU16: Meter Numbers Listed | BX16: Meter Numbers Listed
AY18: Bldg A Fire | CL18: Golf Clubhouse
AY19: Sprinkler System | BY19: Golf Clubhouse | CL19: Flushing Valve
AY20: Make-up | BY20: 73337589 | CL20: Deduct
AY21: 44553004 | CL21: 65956268
G22: 12" Potable Water Line | AA22: Domestic Water
G23: Feed from | AA23: from RCES
G24: RCES | AA24: 74860172
AY25: Bdlg A Potable | BY25: Golf Maint
AY26: Water Feed | BY26: Facility
AY27: 70275191 | BY27: 1334021
CK28: Golf Course
M29: 8" Re-use Water Line | AA29: Re-use Water | CK29: Re-Use Irrigation
M30: Feed from | AA30: from RCES | CK30: 67327447
M31: RCES | AA31: 74860173
BY32: Golf Course
AY33: Steam Boilers | BY33: Comfort Stations
AY34: Make-up Water | BY34: 63265094
AY35: 2130521
AJ36: Landscaping
AJ37: Re-use System
AY40: Cooling Tower | BL40: Cooling Twr
AA41: Out Buildings | AY41: Make-up Water | BL41: Blowdown
AA42: Natural Gas Meter | AY42: 79177804 | BL42: Line Deduct
AA43: 93477704 | BL43: 79305675
M45: Natural Gas
M46: Feed at 50 PSI
M47: Reduced to 2 PSI | AY47: Bldg E Potable
M48: for building | AA48: Resort Natural | AY48: Water Meter
M49: Distribution | AA49: Gas Meter | AY49: 79190041
AA50: 12C004186-C1
AY54: Bldg J Irrigation
AY55: Water Meter
AA56: Golf Clubhouse | AY56: 79190039
AA57: Natural Gas
AA58: Meter
AA59: 82SJ729151
E61: Electrical Distribution | AY61: Lazy River
E62: 12470 Volts distributed by RCES on 2 separate feeders to the Resort | AY62: Pool Make-up
AY63: 79324776
F66: Service
F67: Yard | P67: T7380 | W67: T2390 | AD67: T7382 | AK67: T2391
F68: #1 | P68: 68 425 060 | W68: 68 425 059 | AD68: 68 425 093 | AK68: 68 425 094 | AY68: Pool Hydraunic
AY69: Boiler Water
AY70: Make-up
AY71: 112014001775
D75: Service | AY75: Spa Jacuzzi
D76: Yard | J76: T7384 | Q76: T2392 | X76: T2393 | AE76: T2395 | AL76: T7285 | AY76: Water
D77: #2 | J77: 68 425 008 | Q77: 68 425 010 | X77: 68 425 078 | AE77: 68 425 077 | AL77: 68 425 071 | AY77: Make-up
AY78: 112014001771
J84: Service
J85: Yard | Q85: T7283 | X85: T7281
J86: #3 | Q86: 90 625 242 | X86: 68 425 097
G93: Golf
G94: Course & | O94: Club House | V94: Golf Maint. | AB94: Cmft Stations | AJ94: Irrigation
G95: Clubhouse | O95: 676 62 513 | V95: 672 73 163 | AC95: 61 979 920 | AJ95: 56 253 208

Sheet Occupancy
B3: CDD | C3: HDD | E3: % Occ | F3: 2020 | I3: CDD | J3: HDD
A4: Jan | B4: 159 | C4: 46 | E4: 71.4 | F4: 0.714 | G4: 13764 | H4: =SUM(F4*G4) -> 9827.496 | I4: 148 | J4: 102
A5: Feb | B5: 156 | C5: 76 | E5: 78.6 | F5: 0.786 | G5: 12432 | H5: =SUM(F5*G5) -> 9771.552 | I5: 292 | J5: 30
A6: Mar | B6: 264 | C6: 18 | E6: 28.3 | F6: 0.283 | G6: 13764 | H6: =SUM(F6*G6) -> 3895.212 | I6: 313 | J6: 9
A7: Apr | B7: 415 | C7: 0 | E7: 0 | F7: 0 | G7: 13320 | H7: =SUM(F7*G7) -> 0 | I7: 372 | J7: 6
A8: May | B8: 487 | C8: 0 | E8: 0 | F8: 0 | G8: 13764 | H8: =SUM(F8*G8) -> 0 | I8: 480 | J8: 0
A9: Jun | B9: 502 | C9: 0 | E9: 0 | F9: 0 | G9: 13320 | H9: =SUM(F9*G9) -> 0 | I9: 520 | J9: 0
A10: Jul | B10: 492 | C10: 0 | E10: 20.5 | F10: 0.205 | G10: 13764 | H10: =SUM(F10*G10) -> 2821.62
A11: Aug | B11: 475 | C11: 0 | E11: 25.5 | F11: 0.255 | G11: 13764 | H11: =SUM(F11*G11) -> 3509.82
A12: Sep | B12: 500 | C12: 0 | G12: 13320 | H12: =SUM(F12*G12) -> 0
A13: Oct | B13: 431 | C13: 66 | G13: 13764 | H13: =SUM(F13*G13) -> 0
A14: Nov | B14: 167 | C14: 80 | G14: 13320 | H14: =SUM(F14*G14) -> 0
A15: Dec | B15: 140 | C15: 133 | G15: 13764 | H15: =SUM(F15*G15) -> 0
G16: =SUM(G4:G15) -> 162060 | H16: =SUM(H4:H15) -> 29825.7
L25: 2017 | M25: 2018 | N25: 2019
K26: Occupied Guest Rooms | L26: 120328 | M26: 119350 | N26: 91868
K27: Electric KWH | L27: 17910500 | M27: 17636409 | N27: 13838299
K28: Electrical Use per Occupied Room | L28: =SUM(L27/L26) -> 148.84732 | M28: =SUM(M27/M26) -> 147.7705 | N28: =SUM(N27/N26) -> 150.63242
K29: Gas CCF | L29: 600069 | M29: 584640 | N29: 432248
K30: Gas Use Per Occupied Room | L30: =SUM(L29/L26) -> 4.986944 | M30: =SUM(M29/M26) -> 4.8985337 | N30: =SUM(N29/N26) -> 4.7050986
K32: 2019 Totals are through Sept 30th

Sheet Elect
B1: 2020 | C1: CC0913A018 | F1: CC0913A020 | I1: CC0913A060 | L1: CC0913A059 | O1: CC0913A081 | R1: CC0913A054 | U1: CC0913A053 | X1: CC0913A075 | AA1: CC0913A076 | AD1: CC0912A18 | AG1: CC0913A095 | AJ1: CS0212A003 | AO1: Water Pk | AP1: % of KWH | AT1: CG0612A084 | AV1: CC0612A036 | AX1: CS0210A030 | AZ1: IIC0608A03 | BF1: KWH | BJ1: Account # - 02230191 | BN1: Meter # - CC0913A020 | BW1: Meter # - CC0913A018 | CF1: Meter # - CC0913A054 | CO1: Meter # - CC0913A095 | CX1: Meter # - CC0913A053 | DG1: Meter # - CC0913A059 | DP1: Meter # - CC0913A060 | DY1: Meter # - CC0913A081 | EH1: Meter # - CC0913A075 | EQ1: Meter # - CC0913A076 | EZ1: Meter # - CC90625425 | FK1: Amount | FP1: Meter # - 672 73 163 | FY1: Meter # - 676 62 513 | GH1: Meter # - 61 979 920 | GN1: Meter # - 56 253 208
B2: Date | C2: 68 425 008 | D2: T7384 | E2: KWH Total | F2: 68 425 010 | G2: T2392 | H2: KWH Total | I2: 68 425 078 | J2: T2393 | K2: KWH Total | L2: 68 425 077 | M2: T2395 | N2: KWH Total | O2: 68 425 071 | P2: T7285 | Q2: KWH Total | R2: 68 425 060 | S2: T7380 | T2: KWH Total | U2: 68 425 059 | V2: T2390 | W2: KWH Total | X2: 68 425 093 | Y2: T7382 | Z2: KWH Total | AA2: 68 425 094 | AB2: T2391 | AC2: KWH Total | AD2: 90 625 242 | AE2: T7283 | AF2: KWH Total | AG2: 68 425 097 | AH2: T7281 | AI2: KWH Total | AJ2: 90 630 431 | AK2: KWH Total | AL2: Demand | AN2: Total KWH | AO2: KWH | AQ2: Total Mnth | AT2: 676 62 513 | AU2: KWH Total | AV2: 672 73 163 | AW2: KWH Total | AX2: 61 979 920 | AY2: KWH Total | AZ2: 56 253 208 | BA2: KWH Total | BB2: Demand | BD2: Total KWH | BE2: Total Mnth | BF2: Total | BJ2: Meter # - CS0212A003 | BN2: Meter | BO2: Bill | BQ2: KWH | BR2: Demand | BS2: KWH | BT2: Fuel Charge | BU2: Demand | BV2: Total | BW2: Meter | BX2: Bill | BZ2: KWH | CA2: Demand | CB2: KWH | CC2: Fuel Charge | CD2: Demand | CE2: Total | CF2: Meter | CG2: Bill | CI2: KWH | CJ2: Demand | CK2: KWH | CL2: Fuel Charge | CM2: Demand | CN2: Total | CO2: Meter | CP2: Bill | CR2: KWH | CS2: Demand | CT2: KWH | CU2: Fuel Charge | CV2: Demand | CW2: Total | CX2: Meter | CY2: Bill | DA2: KWH | DB2: Demand | DC2: KWH | DD2: Fuel Charge | DE2: Demand | DF2: Total | DG2: Meter | DH2: Bill | DJ2: KWH | DK2: Demand | DL2: KWH | DM2: Fuel Charge | DN2: Demand | DO2: Total | DP2: Meter | DQ2: Bill | DS2: KWH | DT2: Demand | DU2: KWH | DV2: Fuel Charge | DW2: Demand | DX2: Total | DY2: Meter | DZ2: Bill | EB2: KWH | EC2: Demand | ED2: KWH | EE2: Fuel Charge | EF2: Demand | EG2: Total | EH2: Meter | EI2: Bill | EK2: KWH | EL2: Demand | EM2: KWH | EN2: Fuel Charge | EO2: Demand | EP2: Total | EQ2: Meter | ER2: Bill | ET2: KWH | EU2: Demand | EV2: KWH | EW2: Fuel Charge | EX2: Demand | EY2: Total | EZ2: Meter | FA2: Bill | FC2: KWH | FD2: Demand | FE2: KWH | FF2: Fuel Charge | FG2: Demand | FH2: Total | FJ2: Total | FK2: Total | FL2: Demand | FM2: Total | FP2: Meter | FQ2: Bill | FS2: KWH | FT2: Demand | FU2: KWH | FV2: Fuel Charge | FW2: Demand | FX2: Total | FY2: Meter | FZ2: Bill | GB2: KWH | GC2: Demand | GD2: KWH | GE2: Fuel Charge | GF2: Demand | GG2: Total | GH2: Meter | GI2: Bill | GJ2: KWH | GK2: KWH | GL2: Fuel Charge | GM2: Total | GN2: Meter | GO2: Bill | GQ2: KWH | GR2: Demand | GS2: KWH | GT2: Fuel Charge | GU2: Demand | GV2: Total | GW2: Total | GX2: Total | GY2: Total | GZ2: Total | HB2: Total Resort | HC2: Total Resort | HD2: Total Resort | HE2: Total Resort
C3: KWH | D3: Demand | E3: (x160) | F3: KWH | G3: Demand | H3: (x160) | I3: KWH | J3: Demand | K3: (x400) | L3: KWH | M3: Demand | N3: (x400) | O3: KWH | P3: Demand | Q3: (x400) | R3: KWH | S3: Demand | T3: (x300) | U3: KWH | V3: Demand | W3: (x300) | X3: KWH | Y3: Demand | Z3: (x160) | AA3: KWH | AB3: Demand | AC3: (x160) | AD3: KWH | AE3: Demand | AF3: (X200) | AG3: KWH | AH3: Demand | AI3: (x40) | AJ3: KWH | AK3: (x1) | AL3: Total | AQ3: KWH | AT3: KWH | AU3: (x100) | AV3: KWH | AW3: (x100) | AX3: KWH | AY3: (x1) | AZ3: KWH | BA3: (x40) | BB3: Total | BD3: Golf | BE3: Golf | BF3: Resort | BJ3: Meter Read | BK3: Bill Read | BL3: Amount | BM3: Total | BN3: Read | BO3: Read | BP3: Demand | BQ3: Amount | BR3: Amount | BS3: Total | BT3: Total | BU3: Total | BV3: Amount | BW3: Read | BX3: Read | BY3: Demand | BZ3: Amount | CA3: Amount | CB3: Total | CC3: Total | CD3: Total | CE3: Amount | CF3: Read | CG3: Read | CH3: Demand | CI3: Amount | CJ3: Amount | CK3: Total | CL3: Total | CM3: Total | CN3: Amount | CO3: Read | CP3: Read | CQ3: Demand | CR3: Amount | CS3: Amount | CT3: Total | CU3: Total | CV3: Total | CW3: Amount | CX3: Read | CY3: Read | CZ3: Demand | DA3: Amount | DB3: Amount | DC3: Total | DD3: Total | DE3: Total | DF3: Amount | DG3: Read | DH3: Read | DI3: Demand | DJ3: Amount | DK3: Amount | DL3: Total | DM3: Total | DN3: Total | DO3: Amount | DP3: Read | DQ3: Read | DR3: Demand | DS3: Amount | DT3: Amount | DU3: Total | DV3: Total | DW3: Total | DX3: Amount | DY3: Read | DZ3: Read | EA3: Demand | EB3: Amount | EC3: Amount | ED3: Total | EE3: Total | EF3: Total | EG3: Amount | EH3: Read | EI3: Read | EJ3: Demand | EK3: Amount | EL3: Amount | EM3: Total | EN3: Total | EO3: Total | EP3: Amount | EQ3: Read | ER3: Read | ES3: Demand | ET3: Amount | EU3: Amount | EV3: Total | EW3: Total | EX3: Total | EY3: Amount | EZ3: Read | FA3: Read | FB3: Demand | FC3: Amount | FD3: Amount | FE3: Total | FF3: Total | FG3: Total | FH3: Amount | FJ3: KHW | FK3: KWH Costs | FL3: Total | FM3: Electric | FP3: Read | FQ3: Read | FR3: Demand | FS3: Amount | FT3: Amount | FU3: Total | FV3: Total | FW3: Total | FX3: Amount | FY3: Read | FZ3: Read | GA3: Demand | GB3: Amount | GC3: Amount | GD3: Total | GE3: Total | GF3: Total | GG3: Amount | GH3: Read | GI3: Read | GJ3: Amount | GK3: Total | GL3: Total | GM3: Amount | GN3: Read | GO3: Read | GP3: Demand | GQ3: Amount | GR3: Amount | GS3: Total | GT3: Total | GU3: Total | GV3: Amount | GW3: KWH | GX3: KWH Costs | GY3: Demand | GZ3: Costs | HB3: KWH | HC3: KWH Costs | HD3: Demand | HE3: Costs
B4: 43831 | C4: 86230 | D4: 2.15 | E4: 0 | F4: 81797 | G4: 2.538 | H4: 0 | I4: 9749 | J4: 0.324 | K4: 0 | L4: 9644 | M4: 0.271 | N4: 0 | O4: 10343 | P4: 0.311 | Q4: 0 | R4: 68047 | S4: 2.516 | T4: 0 | U4: 64573 | V4: 1.679 | W4: 0 | X4: 16096 | Y4: 0.312 | Z4: 0 | AA4: 10963 | AB4: 0.217 | AC4: 0 | AD4: 82267 | AE4: 1.976 | AF4: 0 | AG4: 15574 | AH4: 0.313 | AI4: 0 | AJ4: 49414 | AK4: 0 | AN4: 0 | AO4: 0 | AP4: 0 | AS4: =B4 -> 43831 | AT4: 56373 | AU4: 0 | AV4: 7133 | AW4: 0 | AX4: 85497 | AY4: 0 | AZ4: 46922 | BA4: 0 | BD4: 0 | BJ4: =SUM(AJ4) -> 49414 | BK4: 48845 | BN4: =SUM(F4) -> 81797 | BO4: 81830 | BP4: 2.483 | BW4: =SUM(C4) -> 86230 | BX4: 86258 | BY4: 2.232 | CF4: =SUM(R4) -> 68047 | CG4: 67906 | CH4: 2.388 | CO4: =SUM(AG4) -> 15574 | CP4: 15553 | CQ4: 0.315 | CX4: =SUM(U4) -> 64573 | CY4: 64505 | CZ4: 1.912 | DG4: =SUM(L4) -> 9644 | DH4: 9621 | DI4: 0.284 | DP4: =SUM(R4) -> 68047 | DQ4: 9753 | DR4: 0.336 | DY4: =SUM(O4) -> 10343 | DZ4: 10346 | EA4: 0.329 | EH4: =SUM(X4) -> 16096 | EI4: 16079 | EJ4: 0.383 | EQ4: =SUM(AA4) -> 10963 | ER4: 10951 | ES4: 0.442 | EZ4: =SUM(AD4) -> 82267 | FA4: 82046 | FB4: 2.013 | FP4: =SUM(AV4) -> 7133 | FQ4: 7119 | FR4: 0.222 | FY4: =SUM(AT4) -> 56373 | FZ4: 56256 | GA4: 1.575 | GH4: =SUM(AX4) -> 85497 | GI4: 85579 | GN4: =SUM(AZ4) -> 46922 | GO4: 46925 | GP4: 3.704
B5: 43835 | C5: 86475 | D5: 2.291 | E5: =SUM(C5-C4)*160 -> 39200 | F5: 82057 | G5: 2.603 | H5: =SUM(F5-F4)*160 -> 41600 | I5: 9777 | J5: 0.339 | K5: =SUM(I5-I4)*400 -> 11200 | L5: 9669 | M5: 0.286 | N5: =SUM(L5-L4)*400 -> 10000 | O5: 10371 | P5: 0.315 | Q5: =SUM(O5-O4)*400 -> 11200 | R5: 68173 | S5: 2.516 | T5: =SUM(R5-R4)*300 -> 37800 | U5: 64685 | V5: 1.968 | W5: =SUM(U5-U4)*300 -> 33600 | X5: 16123 | Y5: 0.312 | Z5: =SUM(X5-X4)*160 -> 4320 | AA5: 10980 | AB5: 0.278 | AC5: =SUM(AA5-AA4)*160 -> 2720 | AD5: 82444 | AE5: 1.976 | AF5: =SUM(AD5-AD4)*200 -> 35400 | AG5: 15606 | AH5: 0.313 | AI5: =SUM(AG5-AG4)*40 -> 1280 | AJ5: 49756 | AK5: =SUM(AJ5-AJ4) -> 342 | AN5: =SUM(AF5+AC5+Z5+W5+T5+Q5+N5+K5+H5+E5+AI5+AK5) -> 228662 | AO5: =SUM(AF5+AI5) -> 36680 | AP5: =SUM(AO5/AN5) -> 0.16041144 | AS5: =B5 -> 43835 | AT5: 56483 | AU5: =SUM(AT5-AT4)*100 -> 11000 | AV5: 7146 | AW5: =SUM(AV5-AV4)*100 -> 1300 | AX5: 86351 | AY5: =SUM(AX5-AX4) -> 854 | AZ5: 46935 | BA5: =SUM(AZ5-AZ4)*40 -> 520 | BD5: =SUM(AU5+AW5,AY5,BA5) -> 13674 | BJ5: =SUM(AJ5) -> 49756 | BN5: =SUM(F5) -> 82057 | BW5: =SUM(C5) -> 86475 | CF5: =SUM(R5) -> 68173 | CO5: =SUM(AG5) -> 15606 | CX5: =SUM(U5) -> 64685 | DG5: =SUM(L5) -> 9669 | DP5: =SUM(R5) -> 68173 | DY5: =SUM(O5) -> 10371 | EH5: =SUM(X5) -> 16123 | EQ5: =SUM(AA5) -> 10980 | EZ5: =SUM(AD5) -> 82444 | FP5: =SUM(AV5) -> 7146 | FY5: =SUM(AT5) -> 56483 | GH5: =SUM(AX5) -> 86351 | GN5: =SUM(AZ5) -> 46935
B6: 43842 | C6: 86771 | D6: 2.291 | E6: =SUM(C6-C5)*160 -> 47360 | F6: 82369 | G6: 2.603 | H6: =SUM(F6-F5)*160 -> 49920 | I6: 9807 | J6: 0.339 | K6: =SUM(I6-I5)*400 -> 12000 | L6: 9698 | M6: 0.286 | N6: =SUM(L6-L5)*400 -> 11600 | O6: 10402 | P6: 0.315 | Q6: =SUM(O6-O5)*400 -> 12400 | R6: 68322 | S6: 2.516 | T6: =SUM(R6-R5)*300 -> 44700 | U6: 64833 | V6: 1.992 | W6: =SUM(U6-U5)*300 -> 44400 | X6: 16161 | Y6: 0.365 | Z6: =SUM(X6-X5)*160 -> 6080 | AA6: 11007 | AB6: 0.31 | AC6: =SUM(AA6-AA5)*160 -> 4320 | AD6: 82666 | AE6: 1.976 | AF6: =SUM(AD6-AD5)*200 -> 44400 | AG6: 15646 | AH6: 0.313 | AI6: =SUM(AG6-AG5)*40 -> 1600 | AJ6: 50224 | AK6: =SUM(AJ6-AJ5) -> 468 | AN6: =SUM(AF6+AC6+Z6+W6+T6+Q6+N6+K6+H6+E6+AI6+AK6) -> 279248 | AO6: =SUM(AF6+AI6) -> 46000 | AP6: =SUM(AO6/AN6) -> 0.16472813 | AS6: =B6 -> 43842 | AT6: 56615 | AU6: =SUM(AT6-AT5)*100 -> 13200 | AV6: 7164 | AW6: =SUM(AV6-AV5)*100 -> 1800 | AX6: 87331 | AY6: =SUM(AX6-AX5) -> 980 | AZ6: 46957 | BA6: =SUM(AZ6-AZ5)*40 -> 880 | BD6: =SUM(AU6+AW6,AY6,BA6) -> 16860 | BJ6: =SUM(AJ6) -> 50224 | BN6: =SUM(F6) -> 82369 | BW6: =SUM(C6) -> 86771 | CF6: =SUM(R6) -> 68322 | CO6: =SUM(AG6) -> 15646 | CX6: =SUM(U6) -> 64833 | DG6: =SUM(L6) -> 9698 | DP6: =SUM(R6) -> 68322 | DY6: =SUM(O6) -> 10402 | EH6: =SUM(X6) -> 16161 | EQ6: =SUM(AA6) -> 11007 | EZ6: =SUM(AD6) -> 82666 | FP6: =SUM(AV6) -> 7164 | FY6: =SUM(AT6) -> 56615 | GH6: =SUM(AX6) -> 87331 | GN6: =SUM(AZ6) -> 46957
B7: 43849 | C7: 87066 | D7: 2.291 | E7: =SUM(C7-C6)*160 -> 47200 | F7: 82677 | G7: 2.603 | H7: =SUM(F7-F6)*160 -> 49280 | I7: 9838 | J7: 0.339 | K7: =SUM(I7-I6)*400 -> 12400 | L7: 9727 | M7: 0.286 | N7: =SUM(L7-L6)*400 -> 11600 | O7: 10432 | P7: 0.315 | Q7: =SUM(O7-O6)*400 -> 12000 | R7: 68493 | S7: 2.516 | T7: =SUM(R7-R6)*300 -> 51300 | U7: 65036 | V7: 2.002 | W7: =SUM(U7-U6)*300 -> 60900 | X7: 16205 | Y7: 0.384 | Z7: =SUM(X7-X6)*160 -> 7040 | AA7: 11041 | AB7: 0.391 | AC7: =SUM(AA7-AA6)*160 -> 5440 | AD7: 82901 | AE7: 1.976 | AF7: =SUM(AD7-AD6)*200 -> 47000 | AG7: 15687 | AH7: 0.313 | AI7: =SUM(AG7-AG6)*40 -> 1640 | AJ7: 50689 | AK7: =SUM(AJ7-AJ6) -> 465 | AN7: =SUM(AF7+AC7+Z7+W7+T7+Q7+N7+K7+H7+E7+AI7+AK7) -> 306265 | AO7: =SUM(AF7+AI7) -> 48640 | AP7: =SUM(AO7/AN7) -> 0.15881671 | AS7: =B7 -> 43849 | AT7: 56779 | AU7: =SUM(AT7-AT6)*100 -> 16400 | AV7: 7187 | AW7: =SUM(AV7-AV6)*100 -> 2300 | AX7: 88331 | AY7: =SUM(AX7-AX6) -> 1000 | AZ7: 46968 | BA7: =SUM(AZ7-AZ6)*40 -> 440 | BD7: =SUM(AU7+AW7,AY7,BA7) -> 20140 | BJ7: =SUM(AJ7) -> 50689 | BN7: =SUM(F7) -> 82677 | BW7: =SUM(C7) -> 87066 | CF7: =SUM(R7) -> 68493 | CO7: =SUM(AG7) -> 15687 | CX7: =SUM(U7) -> 65036 | DG7: =SUM(L7) -> 9727 | DP7: =SUM(R7) -> 68493 | DY7: =SUM(O7) -> 10432 | EH7: =SUM(X7) -> 16205 | EQ7: =SUM(AA7) -> 11041 | EZ7: =SUM(AD7) -> 82901 | FP7: =SUM(AV7) -> 7187 | FY7: =SUM(AT7) -> 56779 | GH7: =SUM(AX7) -> 88331 | GN7: =SUM(AZ7) -> 46968
B8: 43856 | C8: 87365 | D8: 2.163 | E8: =SUM(C8-C7)*160 -> 47840 | F8: 83002 | G8: 2.506 | H8: =SUM(F8-F7)*160 -> 52000 | I8: 9878 | J8: 0.352 | K8: =SUM(I8-I7)*400 -> 16000 | L8: 9762 | M8: 0.333 | N8: =SUM(L8-L7)*400 -> 14000 | O8: 10470 | P8: 0.4 | Q8: =SUM(O8-O7)*400 -> 15200 | R8: 68620 | S8: 1.655 | T8: =SUM(R8-R7)*300 -> 38100 | U8: 65146 | V8: 1.488 | W8: =SUM(U8-U7)*300 -> 33000 | X8: 16250 | Y8: 0.389 | Z8: =SUM(X8-X7)*160 -> 7200 | AA8: 11078 | AB8: 0.451 | AC8: =SUM(AA8-AA7)*160 -> 5920 | AD8: 83092 | AE8: 1.642 | AF8: =SUM(AD8-AD7)*200 -> 38200 | AG8: 15727 | AH8: 0.31 | AI8: =SUM(AG8-AG7)*40 -> 1600 | AJ8: 51154 | AK8: =SUM(AJ8-AJ7) -> 465 | AN8: =SUM(AF8+AC8+Z8+W8+T8+Q8+N8+K8+H8+E8+AI8+AK8) -> 269525 | AO8: =SUM(AF8+AI8) -> 39800 | AP8: =SUM(AO8/AN8) -> 0.14766719 | AS8: =B8 -> 43856 | AT8: 56895 | AU8: =SUM(AT8-AT7)*100 -> 11600 | AV8: 7204 | AW8: =SUM(AV8-AV7)*100 -> 1700 | AX8: 89304 | AY8: =SUM(AX8-AX7) -> 973 | AZ8: 47035 | BA8: =SUM(AZ8-AZ7)*40 -> 2680 | BD8: =SUM(AU8+AW8,AY8,BA8) -> 16953 | BJ8: =SUM(AJ8) -> 51154 | BN8: =SUM(F8) -> 83002 | BW8: =SUM(C8) -> 87365 | CF8: =SUM(R8) -> 68620 | CO8: =SUM(AG8) -> 15727 | CX8: =SUM(U8) -> 65146 | DG8: =SUM(L8) -> 9762 | DP8: =SUM(R8) -> 68620 | DY8: =SUM(O8) -> 10470 | EH8: =SUM(X8) -> 16250 | EQ8: =SUM(AA8) -> 11078 | EZ8: =SUM(AD8) -> 83092 | FP8: =SUM(AV8) -> 7204 | FY8: =SUM(AT8) -> 56895 | GH8: =SUM(AX8) -> 89304 | GN8: =SUM(AZ8) -> 47035
B9: 43862 | C9: 87663 | D9: 2.163 | E9: =SUM(C9-C8)*160 -> 47680 | F9: 83312 | G9: 2.506 | H9: =SUM(F9-F8)*160 -> 49600 | I9: 9914 | J9: 0.352 | K9: =SUM(I9-I8)*400 -> 14400 | L9: 9793 | M9: 0.333 | N9: =SUM(L9-L8)*400 -> 12400 | O9: 10503 | P9: 0.4 | Q9: =SUM(O9-O8)*400 -> 13200 | R9: 68734 | S9: 1.903 | T9: =SUM(R9-R8)*300 -> 34200 | U9: 65273 | V9: 1.706 | W9: =SUM(U9-U8)*300 -> 38100 | X9: 16293 | Y9: 0.415 | Z9: =SUM(X9-X8)*160 -> 6880 | AA9: 11109 | AB9: 0.451 | AC9: =SUM(AA9-AA8)*160 -> 4960 | AD9: 83295 | AE9: 1.789 | AF9: =SUM(AD9-AD8)*200 -> 40600 | AG9: 15763 | AH9: 0.31 | AI9: =SUM(AG9-AG8)*40 -> 1440 | AJ9: 51620 | AK9: =SUM(AJ9-AJ8) -> 466 | AN9: =SUM(AF9+AC9+Z9+W9+T9+Q9+N9+K9+H9+E9+AI9+AK9) -> 263926 | AO9: =SUM(AF9+AI9) -> 42040 | AP9: =SUM(AO9/AN9) -> 0.15928707 | AQ9: =SUM(AN5:AN9) -> 1347626 | AS9: =B9 -> 43862 | AT9: 57019 | AU9: =SUM(AT9-AT8)*100 -> 12400 | AV9: 7219 | AW9: =SUM(AV9-AV8)*100 -> 1500 | AX9: 90281 | AY9: =SUM(AX9-AX8) -> 977 | AZ9: 47077 | BA9: =SUM(AZ9-AZ8)*40 -> 1680 | BD9: =SUM(AU9+AW9,AY9,BA9) -> 16557 | BE9: =SUM(BD5:BD9) -> 84184 | BF9: =SUM(AQ9+BE9) -> 1431810 | BJ9: =SUM(AJ9) -> 51620 | BK9: 50726 | BL9: =SUM(BK9-BK4) -> 1881 | BM9: =SUM(BL9*0.11895+BL9*0.02531)*1.09+2.85 -> 298.62484 | BN9: =SUM(F9) -> 83312 | BO9: 82766 | BP9: 2.483 | BQ9: =SUM(BO9-BO4)*160 -> 149760 | BR9: =(BP9)*160 -> 397.28 | BS9: =SUM(BQ9*0.0406) -> 6080.256 | BT9: =SUM(BQ9*0.02531) -> 3790.4256 | BU9: =SUM(BR9*6.99) -> 2776.9872 | BV9: =SUM(BS9+BT9)*1.09 -> 10759.043 | BW9: =SUM(C9) -> 87663 | BX9: 87147 | BY9: 2.232 | BZ9: =SUM(BX9-BX4)*160 -> 142240 | CA9: =(BY9)*160 -> 357.12 | CB9: =SUM(BZ9*0.0406) -> 5774.944 | CC9: =SUM(BZ9*0.02531) -> 3600.0944 | CD9: =SUM(CA9*6.99) -> 2496.2688 | CE9: =SUM((CB9+CC9)+20)* 1.08 -> 10146.641 | CF9: =SUM(R9) -> 68734 | CG9: 68526 | CH9: 2.388 | CI9: =SUM(CG9-CG4)*300 -> 186000 | CJ9: =(CH9)*300 -> 716.4 | CK9: =SUM(CI9*0.0406) -> 7551.6 | CL9: =SUM(CI9*0.02531) -> 4707.66 | CM9: =SUM(CJ9*6.99) -> 5007.636 | CN9: =SUM((CK9+CL9)+20)*1.09 -> 13384.393 | CO9: =SUM(AG9) -> 15763 | CP9: 15698 | CQ9: 0.315 | CR9: =(CP9-CP4)*40 -> 5800 | CS9: =(CQ9)*40 -> 12.6 | CT9: =SUM(CR9*0.0406) -> 235.48 | CU9: =SUM(CR9*0.02531) -> 146.798 | CV9: =SUM(CS9*6.99) -> 88.074 | CW9: =SUM((CT9+CU9)+20)*1.09 -> 438.48302 | CX9: =SUM(U9) -> 65273 | CY9: 65061 | CZ9: 1.912 | DA9: =SUM(CY9-CY4)*300 -> 166800 | DB9: =(CZ9)*300 -> 573.6 | DC9: =SUM(DA9*0.0406) -> 6772.08 | DD9: =SUM(DA9*0.02531) -> 4221.708 | DE9: =SUM(DB9*6.99) -> 4009.464 | DF9: =SUM((DC9+DD9)+20)*1.085 -> 11949.96 | DG9: =SUM(L9) -> 9793 | DH9: 9738 | DI9: 0.284 | DJ9: =SUM(DH9-DH4)*400 -> 46800 | DK9: =(DI9)*400 -> 113.6 | DL9: =SUM(DJ9*0.0406) -> 1900.08 | DM9: =SUM(DJ9*0.02531) -> 1184.508 | DN9: =SUM(DK9*6.99) -> 794.064 | DO9: =SUM((DL9+DM9)+20)*1.09 -> 3384.0009 | DP9: =SUM(R9) -> 68734 | DQ9: 9849 | DR9: 0.336 | DS9: =SUM(DQ9-DQ4)*400 -> 38400 | DT9: =(DR9)*400 -> 134.4 | DU9: =SUM(DS9*0.0406) -> 1559.04 | DV9: =SUM(DS9*0.02531) -> 971.904 | DW9: =SUM(DT9*6.99) -> 939.456 | DX9: =SUM((DU9+DV9)+20)*1.09 -> 2780.529 | DY9: =SUM(O9) -> 10503 | DZ9: 10444 | EA9: 0.329 | EB9: =SUM(DZ9-DZ4)*400 -> 39200 | EC9: =(EA9)*400 -> 131.6 | ED9: =SUM(EB9*0.0406) -> 1591.52 | EE9: =SUM(EB9*0.02531) -> 992.152 | EF9: =SUM(EC9*6.99) -> 919.884 | EG9: =SUM((ED9+EE9)+20)*1.09 -> 2838.0025 | EH9: =SUM(X9) -> 16293 | EI9: 16219 | EJ9: 0.383 | EK9: =SUM(EI9-EI4)*160 -> 22400 | EL9: =(EJ9)*160 -> 61.28 | EM9: =SUM(EK9*0.0406) -> 909.44 | EN9: =SUM(EK9*0.02531) -> 566.944 | EO9: =SUM(EL9*6.99) -> 428.3472 | EP9: =SUM((EM9+EN9)+20)*1.09 -> 1631.0586 | EQ9: =SUM(AA9) -> 11109 | ER9: 11051 | ES9: 0.442 | ET9: =SUM(ER9-ER4)*160 -> 16000 | EU9: =(ES9)*160 -> 70.72 | EV9: =SUM(ET9*0.0406) -> 649.6 | EW9: =SUM(ET9*0.02531) -> 404.96 | EX9: =SUM(EU9*6.99) -> 494.3328 | EY9: =SUM((EV9+EW9)+20)*1.09 -> 1171.2704 | EZ9: =SUM(AD9) -> 83295 | FA9: 82953 | FB9: 2.013 | FC9: =SUM(FA9-FA4)*200 -> 181400 | FD9: =(FB9)*200 -> 402.6 | FE9: =SUM(FC9*0.0406) -> 7364.84 | FF9: =SUM(FC9*0.02531) -> 4591.234 | FG9: =SUM(FD9*6.99) -> 2814.174 | FH9: =SUM((FE9+FF9)+20)*1.09 -> 13053.921 | FJ9: =SUM(BL9+BQ9+BZ9+CI9+CR9+DA9+DJ9+DS9+EB9+EK9+ET9+FC9) -> 996681 | FK9: =SUM(BM9+BV9,CE9,CN9,CW9,DF9,DO9,DX9,EG9,EP9,EY9+FH9) -> 71835.928 | FL9: =SUM(BU9,CD9,CM9,CV9,DE9,DN9,DW9,EF9,EO9,EX9,FG9) -> 20768.688 | FM9: =SUM(FK9:FL9) -> 92604.616 | FP9: =SUM(AV9) -> 7219 | FQ9: 7191 | FR9: 0.222 | FS9: =SUM(FQ9-FQ4)*100 -> 7200 | FT9: =SUM(FR9)*100 -> 22.2 | FU9: =SUM(FS9*0.0406) -> 292.32 | FV9: =SUM(FS9*0.02531) -> 182.232 | FW9: =SUM(FT9*6.99) -> 155.178 | FX9: =SUM(FV9+FU9+20)*1.1048 -> 546.38105 | FY9: =SUM(AT9) -> 57019 | FZ9: 56805 | GA9: 1.575 | GB9: =SUM(FZ9-FZ4)*100 -> 54900 | GC9: =SUM(GA9)*100 -> 157.5 | GD9: =SUM(GB9*0.0406) -> 2228.94 | GE9: =SUM(GB9*0.02531) -> 1389.519 | GF9: =SUM(GC9*6.99) -> 1100.925 | GG9: =SUM(GE9+GD9+20)*1.1048 -> 4019.7695 | GH9: =SUM(AX9) -> 90281 | GI9: 88571 | GJ9: =SUM(GI9-GI4) -> 2992 | GK9: =SUM(GJ9*0.11895) -> 355.8984 | GL9: =SUM(GJ9*0.02531) -> 75.72752 | GM9: =SUM(GK9+GL9+2.32)*1.07 -> 464.32213 | GN9: =SUM(AZ9) -> 47077 | GO9: 46991 | GP9: 3.704 | GQ9: =SUM(GO9-GO4)*40 -> 2640 | GR9: =SUM(GP9)*40 -> 148.16 | GS9: =SUM(GQ9*0.0406) -> 107.184 | GT9: =SUM(GQ9*0.02531) -> 66.8184 | GU9: =SUM(GR9*6.99) -> 1035.6384 | GV9: =SUM(GT9+GS9+20)*1.2 -> 232.80288 | GW9: =SUM(FS9+GB9+GJ9+GQ9) -> 67732 | GX9: =SUM(GV9+GM9+GG9+FX9) -> 5263.2756 | GY9: =SUM(FW9+GF9+GU9) -> 2291.7414 | GZ9: =SUM(GX9:GY9) -> 7555.017 | HB9: =(FJ9+GW9) -> 1064413 | HC9: =(FK9+GX9) -> 77099.203 | HD9: =(FL9+GY9) -> 23060.429 | HE9: =(HC9+HD9) -> 100159.63
B10: 43870 | C10: 87959 | D10: 2.163 | E10: =SUM(C10-C9)*160 -> 47360 | F10: 83618 | G10: 2.506 | H10: =SUM(F10-F9)*160 -> 48960 | I10: 9949 | J10: 0.352 | K10: =SUM(I10-I9)*400 -> 14000 | L10: 9825 | M10: 0.333 | N10: =SUM(L10-L9)*400 -> 12800 | O10: 10535 | P10: 0.4 | Q10: =SUM(O10-O9)*400 -> 12800 | R10: 68875 | S10: 2.495 | T10: =SUM(R10-R9)*300 -> 42300 | U10: 65431 | V10: 1.928 | W10: =SUM(U10-U9)*300 -> 47400 | X10: 16339 | Y10: 0.491 | Z10: =SUM(X10-X9)*160 -> 7360 | AA10: 11142 | AB10: 0.451 | AC10: =SUM(AA10-AA9)*160 -> 5280 | AD10: 83528 | AE10: 1.865 | AF10: =SUM(AD10-AD9)*200 -> 46600 | AG10: 15809 | AH10: 0.349 | AI10: =SUM(AG10-AG9)*40 -> 1840 | AJ10: 52074 | AK10: =SUM(AJ10-AJ9) -> 454 | AN10: =SUM(AF10+AC10+Z10+W10+T10+Q10+N10+K10+H10+E10+AI10+AK10) -> 287154 | AO10: =SUM(AF10+AI10) -> 48440 | AP10: =SUM(AO10/AN10) -> 0.16868997 | AS10: =B10 -> 43870 | AT10: 57151 | AU10: =SUM(AT10-AT9)*100 -> 13200 | AV10: 7235 | AW10: =SUM(AV10-AV9)*100 -> 1600 | AX10: 91280 | AY10: =SUM(AX10-AX9) -> 999 | AZ10: 47109 | BA10: =SUM(AZ10-AZ9)*40 -> 1280 | BD10: =SUM(AU10+AW10,AY10,BA10) -> 17079 | BJ10: =SUM(AJ10) -> 52074 | BN10: =SUM(F10) -> 83618 | BW10: =SUM(C10) -> 87959 | CF10: =SUM(R10) -> 68875 | CO10: =SUM(AG10) -> 15809 | CX10: =SUM(U10) -> 65431 | DG10: =SUM(L10) -> 9825 | DP10: =SUM(R10) -> 68875 | DY10: =SUM(O10) -> 10535 | EH10: =SUM(X10) -> 16339 | EQ10: =SUM(AA10) -> 11142 | EZ10: =SUM(AD10) -> 83528 | FP10: =SUM(AV10) -> 7235 | FY10: =SUM(AT10) -> 57151 | GH10: =SUM(AX10) -> 91280 | GN10: =SUM(AZ10) -> 47109
B11: 43877 | C11: 88261 | D11: 2.222 | E11: =SUM(C11-C10)*160 -> 48320 | F11: 83932 | G11: 2.506 | H11: =SUM(F11-F10)*160 -> 50240 | I11: 9979 | J11: 0.352 | K11: =SUM(I11-I10)*400 -> 12000 | L11: 9854 | M11: 0.333 | N11: =SUM(L11-L10)*400 -> 11600 | O11: 10565 | P11: 0.4 | Q11: =SUM(O11-O10)*400 -> 12000 | R11: 69114 | S11: 2.508 | T11: =SUM(R11-R10)*300 -> 71700 | U11: 65604 | V11: 1.928 | W11: =SUM(U11-U10)*300 -> 51900 | X11: 16381 | Y11: 0.491 | Z11: =SUM(X11-X10)*160 -> 6720 | AA11: 11172 | AB11: 0.451 | AC11: =SUM(AA11-AA10)*160 -> 4800 | AD11: 83773 | AE11: 2.049 | AF11: =SUM(AD11-AD10)*200 -> 49000 | AG11: 15853 | AH11: 0.349 | AI11: =SUM(AG11-AG10)*40 -> 1760 | AJ11: 52515 | AK11: =SUM(AJ11-AJ10) -> 441 | AN11: =SUM(AF11+AC11+Z11+W11+T11+Q11+N11+K11+H11+E11+AI11+AK11) -> 320481 | AO11: =SUM(AF11+AI11) -> 50760 | AP11: =SUM(AO11/AN11) -> 0.15838692 | AS11: =B11 -> 43877 | AT11: 57294 | AU11: =SUM(AT11-AT10)*100 -> 14300 | AV11: 7251 | AW11: =SUM(AV11-AV10)*100 -> 1600 | AX11: 92228 | AY11: =SUM(AX11-AX10) -> 948 | AZ11: 47173 | BA11: =SUM(AZ11-AZ10)*40 -> 2560 | BD11: =SUM(AU11+AW11,AY11,BA11) -> 19408 | BJ11: =SUM(AJ11) -> 52515 | BN11: =SUM(F11) -> 83932 | BW11: =SUM(C11) -> 88261 | CF11: =SUM(R11) -> 69114 | CO11: =SUM(AG11) -> 15853 | CX11: =SUM(U11) -> 65604 | DG11: =SUM(L11) -> 9854 | DP11: =SUM(R11) -> 69114 | DY11: =SUM(O11) -> 10565 | EH11: =SUM(X11) -> 16381 | EQ11: =SUM(AA11) -> 11172 | EZ11: =SUM(AD11) -> 83773 | FP11: =SUM(AV11) -> 7251 | FY11: =SUM(AT11) -> 57294 | GH11: =SUM(AX11) -> 92228 | GN11: =SUM(AZ11) -> 47173
B12: 43885 | C12: 88558 | D12: 2.133 | E12: =SUM(C12-C11)*160 -> 47520 | F12: 84243 | G12: 2.378 | H12: =SUM(F12-F11)*160 -> 49760 | I12: 10014 | J12: 0.324 | K12: =SUM(I12-I11)*400 -> 14000 | L12: 9885 | M12: 0.254 | N12: =SUM(L12-L11)*400 -> 12400 | O12: 10597 | P12: 0.298 | Q12: =SUM(O12-O11)*400 -> 12800 | R12: 69289 | S12: 0.874 | T12: =SUM(R12-R11)*300 -> 52500 | U12: 65797 | V12: 1.345 | W12: =SUM(U12-U11)*300 -> 57900 | X12: 16435 | Y12: 0.367 | Z12: =SUM(X12-X11)*160 -> 8640 | AA12: 11203 | AB12: 0.289 | AC12: =SUM(AA12-AA11)*160 -> 4960 | AD12: 84025 | AE12: 1.977 | AF12: =SUM(AD12-AD11)*200 -> 50400 | AG12: 15894 | AH12: 0.304 | AI12: =SUM(AG12-AG11)*40 -> 1640 | AJ12: 52959 | AK12: =SUM(AJ12-AJ11) -> 444 | AN12: =SUM(AF12+AC12+Z12+W12+T12+Q12+N12+K12+H12+E12+AI12+AK12) -> 312964 | AO12: =SUM(AF12+AI12) -> 52040 | AP12: =SUM(AO12/AN12) -> 0.16628111 | AS12: =B12 -> 43885 | AT12: 57441 | AU12: =SUM(AT12-AT11)*100 -> 14700 | AV12: 7267 | AW12: =SUM(AV12-AV11)*100 -> 1600 | AX12: 93255 | AY12: =SUM(AX12-AX11) -> 1027 | AZ12: 47258 | BA12: =SUM(AZ12-AZ11)*40 -> 3400 | BD12: =SUM(AU12+AW12,AY12,BA12) -> 20727 | BJ12: =SUM(AJ12) -> 52959 | BN12: =SUM(F12) -> 84243 | BW12: =SUM(C12) -> 88558 | CF12: =SUM(R12) -> 69289 | CO12: =SUM(AG12) -> 15894 | CX12: =SUM(U12) -> 65797 | DG12: =SUM(L12) -> 9885 | DP12: =SUM(R12) -> 69289 | DY12: =SUM(O12) -> 10597 | EH12: =SUM(X12) -> 16435 | EQ12: =SUM(AA12) -> 11203 | EZ12: =SUM(AD12) -> 84025 | FP12: =SUM(AV12) -> 7267 | FY12: =SUM(AT12) -> 57441 | GH12: =SUM(AX12) -> 93255 | GN12: =SUM(AZ12) -> 47258
B13: 43891 | C13: 88827 | D13: 2.33 | E13: =SUM(C13-C12)*160 -> 43040 | F13: 84520 | G13: 2.426 | H13: =SUM(F13-F12)*160 -> 44320 | I13: 10045 | J13: 0.324 | K13: =SUM(I13-I12)*400 -> 12400 | L13: 9912 | M13: 0.254 | N13: =SUM(L13-L12)*400 -> 10800 | O13: 10626 | P13: 0.298 | Q13: =SUM(O13-O12)*400 -> 11600 | R13: 69429 | S13: 1.783 | T13: =SUM(R13-R12)*300 -> 42000 | U13: 65909 | V13: 1.832 | W13: =SUM(U13-U12)*300 -> 33600 | X13: 16477 | Y13: 0.511 | Z13: =SUM(X13-X12)*160 -> 6720 | AA13: 11228 | AB13: 0.347 | AC13: =SUM(AA13-AA12)*160 -> 4000 | AD13: 84251 | AE13: 2 | AF13: =SUM(AD13-AD12)*200 -> 45200 | AG13: 15930 | AH13: 0.311 | AI13: =SUM(AG13-AG12)*40 -> 1440 | AJ13: 53341 | AK13: =SUM(AJ13-AJ12) -> 382 | AN13: =SUM(AF13+AC13+Z13+W13+T13+Q13+N13+K13+H13+E13+AI13+AK13) -> 255502 | AO13: =SUM(AF13+AI13) -> 46640 | AP13: =SUM(AO13/AN13) -> 0.1825426 | AQ13: =SUM(AN10:AN13) -> 1176101 | AS13: =B13 -> 43891 | AT13: 57568 | AU13: =SUM(AT13-AT12)*100 -> 12700 | AV13: 7283 | AW13: =SUM(AV13-AV12)*100 -> 1600 | AX13: 94139 | AY13: =SUM(AX13-AX12) -> 884 | AZ13: 47374 | BA13: =SUM(AZ13-AZ12)*40 -> 4640 | BD13: =SUM(AU13+AW13,AY13,BA13) -> 19824 | BE13: =SUM(BD10:BD13) -> 77038 | BF13: =SUM(AQ13+BE13) -> 1253139 | BJ13: =SUM(AJ13) -> 53341 | BK13: 53030 | BL13: =SUM(BK13-BK9) -> 2304 | BM13: =SUM(BL13*0.11895+BL13*0.02531)*1.09+2.85 -> 365.13879 | BN13: =SUM(F13) -> 84520 | BO13: 84291 | BP13: 2.506 | BQ13: =SUM(BO13-BO9)*160 -> 244000 | BR13: =(BP13)*160 -> 400.96 | BS13: =SUM(BQ13*0.0406) -> 9906.4 | BT13: =SUM(BQ13*0.02531) -> 6175.64 | BU13: =SUM(BR13*6.99) -> 2802.7104 | BV13: =SUM(BS13+BT13)*1.09 -> 17529.424 | BW13: =SUM(C13) -> 88827 | BX13: 88605 | BY13: 2.222 | BZ13: =SUM(BX13-BX9)*160 -> 233280 | CA13: =(BY13)*160 -> 355.52 | CB13: =SUM(BZ13*0.0406) -> 9471.168 | CC13: =SUM(BZ13*0.02531) -> 5904.3168 | CD13: =SUM(CA13*6.99) -> 2485.0848 | CE13: =SUM((CB13+CC13)+20)* 1.08 -> 16627.124 | CF13: =SUM(R13) -> 69429 | CG13: 69310 | CH13: 2.608 | CI13: =SUM(CG13-CG9)*300 -> 235200 | CJ13: =(CH13)*300 -> 782.4 | CK13: =SUM(CI13*0.0406) -> 9549.12 | CL13: =SUM(CI13*0.02531) -> 5952.912 | CM13: =SUM(CJ13*6.99) -> 5468.976 | CN13: =SUM((CK13+CL13)+20)*1.09 -> 16919.015 | CO13: =SUM(AG13) -> 15930 | CP13: 15901 | CQ13: 0.349 | CR13: =(CP13-CP9)*40 -> 8120 | CS13: =(CQ13)*40 -> 13.96 | CT13: =SUM(CR13*0.0406) -> 329.672 | CU13: =SUM(CR13*0.02531) -> 205.5172 | CV13: =SUM(CS13*6.99) -> 97.5804 | CW13: =SUM((CT13+CU13)+20)*1.09 -> 605.15623 | CX13: =SUM(U13) -> 65909 | CY13: 65820 | CZ13: 1.985 | DA13: =SUM(CY13-CY9)*300 -> 227700 | DB13: =(CZ13)*300 -> 595.5 | DC13: =SUM(DA13*0.0406) -> 9244.62 | DD13: =SUM(DA13*0.02531) -> 5763.087 | DE13: =SUM(DB13*6.99) -> 4162.545 | DF13: =SUM((DC13+DD13)+20)*1.085 -> 16305.062 | DG13: =SUM(L13) -> 9912 | DH13: 9890 | DI13: 0.333 | DJ13: =SUM(DH13-DH9)*400 -> 60800 | DK13: =(DI13)*400 -> 133.2 | DL13: =SUM(DJ13*0.0406) -> 2468.48 | DM13: =SUM(DJ13*0.02531) -> 1538.848 | DN13: =SUM(DK13*6.99) -> 931.068 | DO13: =SUM((DL13+DM13)+20)*1.09 -> 4389.7875 | DP13: =SUM(R13) -> 69429 | DQ13: 10018 | DR13: 0.352 | DS13: =SUM(DQ13-DQ9)*400 -> 67600 | DT13: =(DR13)*400 -> 140.8 | DU13: =SUM(DS13*0.0406) -> 2744.56 | DV13: =SUM(DS13*0.02531) -> 1710.956 | DW13: =SUM(DT13*6.99) -> 984.192 | DX13: =SUM((DU13+DV13)+20)*1.09 -> 4878.3124 | DY13: =SUM(O13) -> 10626 | DZ13: 10602 | EA13: 0.4 | EB13: =SUM(DZ13-DZ9)*400 -> 63200 | EC13: =(EA13)*400 -> 160 | ED13: =SUM(EB13*0.0406) -> 2565.92 | EE13: =SUM(EB13*0.02531) -> 1599.592 | EF13: =SUM(EC13*6.99) -> 1118.4 | EG13: =SUM((ED13+EE13)+20)*1.09 -> 4562.2081 | EH13: =SUM(X13) -> 16477 | EI13: 16441 | EJ13: 0.567 | EK13: =SUM(EI13-EI9)*160 -> 35520 | EL13: =(EJ13)*160 -> 90.72 | EM13: =SUM(EK13*0.0406) -> 1442.112 | EN13: =SUM(EK13*0.02531) -> 899.0112 | EO13: =SUM(EL13*6.99) -> 634.1328 | EP13: =SUM((EM13+EN13)+20)*1.09 -> 2573.6243 | EQ13: =SUM(AA13) -> 11228 | ER13: 11207 | ES13: 0.451 | ET13: =SUM(ER13-ER9)*160 -> 24960 | EU13: =(ES13)*160 -> 72.16 | EV13: =SUM(ET13*0.0406) -> 1013.376 | EW13: =SUM(ET13*0.02531) -> 631.7376 | EX13: =SUM(EU13*6.99) -> 504.3984 | EY13: =SUM((EV13+EW13)+20)*1.09 -> 1814.9738 | EZ13: =SUM(AD13) -> 84251 | FA13: 84064 | FB13: 2.118 | FC13: =SUM(FA13-FA9)*200 -> 222200 | FD13: =(FB13)*200 -> 423.6 | FE13: =SUM(FC13*0.0406) -> 9021.32 | FF13: =SUM(FC13*0.02531) -> 5623.882 | FG13: =SUM(FD13*6.99) -> 2960.964 | FH13: =SUM((FE13+FF13)+20)*1.09 -> 15985.07 | FJ13: =SUM(BL13+BQ13+BZ13+CI13+CR13+DA13+DJ13+DS13+EB13+EK13+ET13+FC13) -> 1424884 | FK13: =SUM(BM13+BV13,CE13,CN13,CW13,DF13,DO13,DX13,EG13,EP13,EY13+FH13) -> 102554.9 | FL13: =SUM(BU13,CD13,CM13,CV13,DE13,DN13,DW13,EF13,EO13,EX13,FG13) -> 22150.052 | FM13: =SUM(FK13:FL13) -> 124704.95 | FP13: =SUM(AV13) -> 7283 | FQ13: 7269 | FR13: 0.234 | FS13: =SUM(FQ13-FQ9)*100 -> 7800 | FT13: =SUM(FR13)*100 -> 23.4 | FU13: =SUM(FS13*0.0406) -> 316.68 | FV13: =SUM(FS13*0.02531) -> 197.418 | FW13: =SUM(FT13*6.99) -> 163.566 | FX13: =SUM(FV13+FU13+20)*1.1048 -> 590.07147 | FY13: =SUM(AT13) -> 57568 | FZ13: 57455 | GA13: 1.614 | GB13: =SUM(FZ13-FZ9)*100 -> 65000 | GC13: =SUM(GA13)*100 -> 161.4 | GD13: =SUM(GB13*0.0406) -> 2639 | GE13: =SUM(GB13*0.02531) -> 1645.15 | GF13: =SUM(GC13*6.99) -> 1128.186 | GG13: =SUM(GE13+GD13+20)*1.1048 -> 4755.2249 | GH13: =SUM(AX13) -> 94139 | GI13: 93346 | GJ13: =SUM(GI13-GI9) -> 4775 | GK13: =SUM(GJ13*0.11895) -> 567.98625 | GL13: =SUM(GJ13*0.02531) -> 120.85525 | GM13: =SUM(GK13+GL13+2.32)*1.07 -> 739.54281 | GN13: =SUM(AZ13) -> 47374 | GO13: 47282 | GP13: 3.976 | GQ13: =SUM(GO13-GO9)*40 -> 11640 | GR13: =SUM(GP13)*40 -> 159.04 | GS13: =SUM(GQ13*0.0406) -> 472.584 | GT13: =SUM(GQ13*0.02531) -> 294.6084 | GU13: =SUM(GR13*6.99) -> 1111.6896 | GV13: =SUM(GT13+GS13+20)*1.2 -> 944.63088 | GW13: =SUM(FS13+GB13+GJ13+GQ13) -> 89215 | GX13: =SUM(GV13+GM13+GG13+FX13) -> 7029.4701 | GY13: =SUM(FW13+GF13+GU13) -> 2403.4416 | GZ13: =SUM(GX13:GY13) -> 9432.9117 | HB13: =(FJ13+GW13) -> 1514099 | HC13: =(FK13+GX13) -> 109584.37 | HD13: =(FL13+GY13) -> 24553.493 | HE13: =(HC13+HD13) -> 134137.86
B14: 43898 | C14: 89161 | D14: 2.233 | E14: =SUM(C14-C13)*160 -> 53440 | F14: 84863 | G14: 2.426 | H14: =SUM(F14-F13)*160 -> 54880 | I14: 10079 | J14: 0.324 | K14: =SUM(I14-I13)*400 -> 13600 | L14: 9945 | M14: 0.254 | N14: =SUM(L14-L13)*400 -> 13200 | O14: 10660 | P14: 0.298 | Q14: =SUM(O14-O13)*400 -> 13600 | R14: 69629 | S14: 2.252 | T14: =SUM(R14-R13)*300 -> 60000 | U14: 66075 | V14: 2.007 | W14: =SUM(U14-U13)*300 -> 49800 | X14: 16538 | Y14: 0.637 | Z14: =SUM(X14-X13)*160 -> 9760 | AA14: 11259 | AB14: 0.347 | AC14: =SUM(AA14-AA13)*160 -> 4960 | AD14: 84527 | AE14: 2.065 | AF14: =SUM(AD14-AD13)*200 -> 55200 | AG14: 15975 | AH14: 0.328 | AI14: =SUM(AG14-AG13)*40 -> 1800 | AJ14: 53811 | AK14: =SUM(AJ14-AJ13) -> 470 | AN14: =SUM(AF14+AC14+Z14+W14+T14+Q14+N14+K14+H14+E14+AI14+AK14) -> 330710 | AO14: =SUM(AF14+AI14) -> 57000 | AP14: =SUM(AO14/AN14) -> 0.17235645 | AS14: =B14 -> 43898 | AT14: 57706 | AU14: =SUM(AT14-AT13)*100 -> 13800 | AV14: 7300 | AW14: =SUM(AV14-AV13)*100 -> 1700 | AX14: 95088 | AY14: =SUM(AX14-AX13) -> 949 | AZ14: 47454 | BA14: =SUM(AZ14-AZ13)*40 -> 3200 | BD14: =SUM(AU14+AW14,AY14,BA14) -> 19649 | BJ14: =SUM(AJ14) -> 53811 | BN14: =SUM(F14) -> 84863 | BW14: =SUM(C14) -> 89161 | CF14: =SUM(R14) -> 69629 | CO14: =SUM(AG14) -> 15975 | CX14: =SUM(U14) -> 66075 | DG14: =SUM(L14) -> 9945 | DP14: =SUM(R14) -> 69629 | DY14: =SUM(O14) -> 10660 | EH14: =SUM(X14) -> 16538 | EQ14: =SUM(AA14) -> 11259 | EZ14: =SUM(AD14) -> 84527 | FP14: =SUM(AV14) -> 7300 | FY14: =SUM(AT14) -> 57706 | GH14: =SUM(AX14) -> 95088 | GN14: =SUM(AZ14) -> 47454
B15: 43905 | C15: 89452 | D15: 2.233 | E15: =SUM(C15-C14)*160 -> 46560 | F15: 85157 | G15: 2.426 | H15: =SUM(F15-F14)*160 -> 47040 | I15: 10106 | J15: 0.324 | K15: =SUM(I15-I14)*400 -> 10800 | L15: 9972 | M15: 0.254 | N15: =SUM(L15-L14)*400 -> 10800 | O15: 10688 | P15: 0.298 | Q15: =SUM(O15-O14)*400 -> 11200 | R15: 69797 | S15: 2.252 | T15: =SUM(R15-R14)*300 -> 50400 | U15: 66254 | V15: 2.007 | W15: =SUM(U15-U14)*300 -> 53700 | X15: 16575 | Y15: 0.637 | Z15: =SUM(X15-X14)*160 -> 5920 | AA15: 11285 | AB15: 0.347 | AC15: =SUM(AA15-AA14)*160 -> 4160 | AD15: 84772 | AE15: 2.065 | AF15: =SUM(AD15-AD14)*200 -> 49000 | AG15: 16015 | AH15: 0.328 | AI15: =SUM(AG15-AG14)*40 -> 1600 | AJ15: 54228 | AK15: =SUM(AJ15-AJ14) -> 417 | AN15: =SUM(AF15+AC15+Z15+W15+T15+Q15+N15+K15+H15+E15+AI15+AK15) -> 291597 | AO15: =SUM(AF15+AI15) -> 50600 | AP15: =SUM(AO15/AN15) -> 0.17352716 | AS15: =B15 -> 43905 | AT15: 57846 | AU15: =SUM(AT15-AT14)*100 -> 14000 | AV15: 7317 | AW15: =SUM(AV15-AV14)*100 -> 1700 | AX15: 95939 | AY15: =SUM(AX15-AX14) -> 851 | AZ15: 47562 | BA15: =SUM(AZ15-AZ14)*40 -> 4320 | BD15: =SUM(AU15+AW15,AY15,BA15) -> 20871 | BJ15: =SUM(AJ15) -> 54228 | BN15: =SUM(F15) -> 85157 | BW15: =SUM(C15) -> 89452 | CF15: =SUM(R15) -> 69797 | CO15: =SUM(AG15) -> 16015 | CX15: =SUM(U15) -> 66254 | DG15: =SUM(L15) -> 9972 | DP15: =SUM(R15) -> 69797 | DY15: =SUM(O15) -> 10688 | EH15: =SUM(X15) -> 16575 | EQ15: =SUM(AA15) -> 11285 | EZ15: =SUM(AD15) -> 84772 | FP15: =SUM(AV15) -> 7317 | FY15: =SUM(AT15) -> 57846 | GH15: =SUM(AX15) -> 95939 | GN15: =SUM(AZ15) -> 47562
B16: 43912 | C16: 89712 | D16: 1.536 | E16: =SUM(C16-C15)*160 -> 41600 | F16: 85419 | G16: 1.783 | H16: =SUM(F16-F15)*160 -> 41920 | I16: 10127 | J16: 0.1 | K16: =SUM(I16-I15)*400 -> 8400 | L16: 9994 | M16: 0.115 | N16: =SUM(L16-L15)*400 -> 8800 | O16: 10710 | P16: 0.111 | Q16: =SUM(O16-O15)*400 -> 8800 | R16: 69979 | S16: 1.417 | T16: =SUM(R16-R15)*300 -> 54600 | U16: 66420 | V16: 1.645 | W16: =SUM(U16-U15)*300 -> 49800 | X16: 16604 | Y16: 0.212 | Z16: =SUM(X16-X15)*160 -> 4640 | AA16: 11300 | AB16: 0.102 | AC16: =SUM(AA16-AA15)*160 -> 2400 | AD16: 85007 | AE16: 1.7 | AF16: =SUM(AD16-AD15)*200 -> 47000 | AG16: 16054 | AH16: 0.298 | AI16: =SUM(AG16-AG15)*40 -> 1560 | AJ16: 54638 | AK16: =SUM(AJ16-AJ15) -> 410 | AN16: =SUM(AF16+AC16+Z16+W16+T16+Q16+N16+K16+H16+E16+AI16+AK16) -> 269930 | AO16: =SUM(AF16+AI16) -> 48560 | AP16: =SUM(AO16/AN16) -> 0.17989849 | AS16: =B16 -> 43912 | AT16: 57988 | AU16: =SUM(AT16-AT15)*100 -> 14200 | AV16: 7333 | AW16: =SUM(AV16-AV15)*100 -> 1600 | AX16: 96790 | AY16: =SUM(AX16-AX15) -> 851 | AZ16: 47645 | BA16: =SUM(AZ16-AZ15)*40 -> 3320 | BD16: =SUM(AU16+AW16,AY16,BA16) -> 19971 | BJ16: =SUM(AJ16) -> 54638 | BN16: =SUM(F16) -> 85419 | BW16: =SUM(C16) -> 89712 | CF16: =SUM(R16) -> 69979 | CO16: =SUM(AG16) -> 16054 | CX16: =SUM(U16) -> 66420 | DG16: =SUM(L16) -> 9994 | DP16: =SUM(R16) -> 69979 | DY16: =SUM(O16) -> 10710 | EH16: =SUM(X16) -> 16604 | EQ16: =SUM(AA16) -> 11300 | EZ16: =SUM(AD16) -> 85007 | FP16: =SUM(AV16) -> 7333 | FY16: =SUM(AT16) -> 57988 | GH16: =SUM(AX16) -> 96790 | GN16: =SUM(AZ16) -> 47645
B17: 43919 | C17: 89858 | D17: 1.536 | E17: =SUM(C17-C16)*160 -> 23360 | F17: 85569 | G17: 1.783 | H17: =SUM(F17-F16)*160 -> 24000 | I17: 10141 | J17: 1.15 | K17: =SUM(I17-I16)*400 -> 5600 | L17: 10009 | M17: 1.23 | N17: =SUM(L17-L16)*400 -> 6000 | O17: 10723 | P17: 0.111 | Q17: =SUM(O17-O16)*400 -> 5200 | R17: 70116 | S17: 1.451 | T17: =SUM(R17-R16)*300 -> 41100 | U17: 66514 | V17: 1.645 | W17: =SUM(U17-U16)*300 -> 28200 | X17: 16626 | Y17: 0.212 | Z17: =SUM(X17-X16)*160 -> 3520 | AA17: 11307 | AB17: 0.102 | AC17: =SUM(AA17-AA16)*160 -> 1120 | AD17: 85132 | AE17: 1.7 | AF17: =SUM(AD17-AD16)*200 -> 25000 | AG17: 16085 | AH17: 0.301 | AI17: =SUM(AG17-AG16)*40 -> 1240 | AJ17: 54918 | AK17: =SUM(AJ17-AJ16) -> 280 | AN17: =SUM(AF17+AC17+Z17+W17+T17+Q17+N17+K17+H17+E17+AI17+AK17) -> 164620 | AO17: =SUM(AF17+AI17) -> 26240 | AP17: =SUM(AO17/AN17) -> 0.1593974 | AS17: =B17 -> 43919 | AT17: 58064 | AU17: =SUM(AT17-AT16)*100 -> 7600 | AV17: 7350 | AW17: =SUM(AV17-AV16)*100 -> 1700 | AX17: 97134 | AY17: =SUM(AX17-AX16) -> 344 | AZ17: 47737 | BA17: =SUM(AZ17-AZ16)*40 -> 3680 | BD17: =SUM(AU17+AW17,AY17,BA17) -> 13324 | BJ17: =SUM(AJ17) -> 54918 | BK17: 54675 | BL17: =SUM(BK17-BK13) -> 1645 | BM17: =SUM(BL17*0.11895+BL17*0.02531)*1.09+2.85 -> 261.51539 | BN17: =SUM(F17) -> 85569 | BO17: 85488 | BP17: 2.426 | BQ17: =SUM(BO17-BO13)*160 -> 191520 | BR17: =(BP17)*160 -> 388.16 | BS17: =SUM(BQ17*0.0406) -> 7775.712 | BT17: =SUM(BQ17*0.02531) -> 4847.3712 | BU17: =SUM(BR17*6.99) -> 2713.2384 | BV17: =SUM(BS17+BT17)*1.09 -> 13759.161 | BW17: =SUM(C17) -> 89858 | BX17: 89781 | BY17: 2.233 | BZ17: =SUM(BX17-BX13)*160 -> 188160 | CA17: =(BY17)*160 -> 357.28 | CB17: =SUM(BZ17*0.0406) -> 7639.296 | CC17: =SUM(BZ17*0.02531) -> 4762.3296 | CD17: =SUM(CA17*6.99) -> 2497.3872 | CE17: =SUM((CB17+CC17)+20)* 1.08 -> 13415.356 | CF17: =SUM(R17) -> 70116 | CG17: 70037 | CH17: 2.252 | CI17: =SUM(CG17-CG13)*300 -> 218100 | CJ17: =(CH17)*300 -> 675.6 | CK17: =SUM(CI17*0.0406) -> 8854.86 | CL17: =SUM(CI17*0.02531) -> 5520.111 | CM17: =SUM(CJ17*6.99) -> 4722.444 | CN17: =SUM((CK17+CL17)+20)*1.09 -> 15690.518 | CO17: =SUM(AG17) -> 16085 | CP17: 16068 | CQ17: 0.328 | CR17: =(CP17-CP13)*40 -> 6680 | CS17: =(CQ17)*40 -> 13.12 | CT17: =SUM(CR17*0.0406) -> 271.208 | CU17: =SUM(CR17*0.02531) -> 169.0708 | CV17: =SUM(CS17*6.99) -> 91.7088 | CW17: =SUM((CT17+CU17)+20)*1.09 -> 501.70389 | CX17: =SUM(U17) -> 66514 | CY17: 66449 | CZ17: 2.007 | DA17: =SUM(CY17-CY13)*300 -> 188700 | DB17: =(CZ17)*300 -> 602.1 | DC17: =SUM(DA17*0.0406) -> 7661.22 | DD17: =SUM(DA17*0.02531) -> 4775.997 | DE17: =SUM(DB17*6.99) -> 4208.679 | DF17: =SUM((DC17+DD17)+20)*1.085 -> 13516.08 | DG17: =SUM(L17) -> 10009 | DH17: 10001 | DI17: 0.254 | DJ17: =SUM(DH17-DH13)*400 -> 44400 | DK17: =(DI17)*400 -> 101.6 | DL17: =SUM(DJ17*0.0406) -> 1802.64 | DM17: =SUM(DJ17*0.02531) -> 1123.764 | DN17: =SUM(DK17*6.99) -> 710.184 | DO17: =SUM((DL17+DM17)+20)*1.09 -> 3211.5804 | DP17: =SUM(R17) -> 70116 | DQ17: 10133 | DR17: 0.324 | DS17: =SUM(DQ17-DQ13)*400 -> 46000 | DT17: =(DR17)*400 -> 129.6 | DU17: =SUM(DS17*0.0406) -> 1867.6 | DV17: =SUM(DS17*0.02531) -> 1164.26 | DW17: =SUM(DT17*6.99) -> 905.904 | DX17: =SUM((DU17+DV17)+20)*1.09 -> 3326.5274 | DY17: =SUM(O17) -> 10723 | DZ17: 10716 | EA17: 0.298 | EB17: =SUM(DZ17-DZ13)*400 -> 45600 | EC17: =(EA17)*400 -> 119.2 | ED17: =SUM(EB17*0.0406) -> 1851.36 | EE17: =SUM(EB17*0.02531) -> 1154.136 | EF17: =SUM(EC17*6.99) -> 833.208 | EG17: =SUM((ED17+EE17)+20)*1.09 -> 3297.7906 | EH17: =SUM(X17) -> 16626 | EI17: 16614 | EJ17: 0.637 | EK17: =SUM(EI17-EI13)*160 -> 27680 | EL17: =(EJ17)*160 -> 101.92 | EM17: =SUM(EK17*0.0406) -> 1123.808 | EN17: =SUM(EK17*0.02531) -> 700.5808 | EO17: =SUM(EL17*6.99) -> 712.4208 | EP17: =SUM((EM17+EN17)+20)*1.09 -> 2010.3838 | EQ17: =SUM(AA17) -> 11307 | ER17: 11304 | ES17: 0.347 | ET17: =SUM(ER17-ER13)*160 -> 15520 | EU17: =(ES17)*160 -> 55.52 | EV17: =SUM(ET17*0.0406) -> 630.112 | EW17: =SUM(ET17*0.02531) -> 392.8112 | EX17: =SUM(EU17*6.99) -> 388.0848 | EY17: =SUM((EV17+EW17)+20)*1.09 -> 1136.7863 | EZ17: =SUM(AD17) -> 85132 | FA17: 85061 | FB17: 2.065 | FC17: =SUM(FA17-FA13)*200 -> 199400 | FD17: =(FB17)*200 -> 413 | FE17: =SUM(FC17*0.0406) -> 8095.64 | FF17: =SUM(FC17*0.02531) -> 5046.814 | FG17: =SUM(FD17*6.99) -> 2886.87 | FH17: =SUM((FE17+FF17)+20)*1.09 -> 14347.075 | FJ17: =SUM(BL17+BQ17+BZ17+CI17+CR17+DA17+DJ17+DS17+EB17+EK17+ET17+FC17) -> 1173405 | FK17: =SUM(BM17+BV17,CE17,CN17,CW17,DF17,DO17,DX17,EG17,EP17,EY17+FH17) -> 84474.478 | FL17: =SUM(BU17,CD17,CM17,CV17,DE17,DN17,DW17,EF17,EO17,EX17,FG17) -> 20670.129 | FM17: =SUM(FK17:FL17) -> 105144.61 | FP17: =SUM(AV17) -> 7350 | FQ17: 7336 | FR17: 0.225 | FS17: =SUM(FQ17-FQ13)*100 -> 6700 | FT17: =SUM(FR17)*100 -> 22.5 | FU17: =SUM(FS17*0.0406) -> 272.02 | FV17: =SUM(FS17*0.02531) -> 169.577 | FW17: =SUM(FT17*6.99) -> 157.275 | FX17: =SUM(FV17+FU17+20)*1.1048 -> 509.97237 | FY17: =SUM(AT17) -> 58064 | FZ17: 58001 | GA17: 1.599 | GB17: =SUM(FZ17-FZ13)*100 -> 54600 | GC17: =SUM(GA17)*100 -> 159.9 | GD17: =SUM(GB17*0.0406) -> 2216.76 | GE17: =SUM(GB17*0.02531) -> 1381.926 | GF17: =SUM(GC17*6.99) -> 1117.701 | GG17: =SUM(GE17+GD17+20)*1.1048 -> 3997.9243 | GH17: =SUM(AX17) -> 97134 | GI17: 96920 | GJ17: =SUM(GI17-GI13) -> 3574 | GK17: =SUM(GJ17*0.11895) -> 425.1273 | GL17: =SUM(GJ17*0.02531) -> 90.45794 | GM17: =SUM(GK17+GL17+2.32)*1.07 -> 554.15861 | GN17: =SUM(AZ17) -> 47737 | GO17: 47671 | GP17: 3.974 | GQ17: =SUM(GO17-GO13)*40 -> 15560 | GR17: =SUM(GP17)*40 -> 158.96 | GS17: =SUM(GQ17*0.0406) -> 631.736 | GT17: =SUM(GQ17*0.02531) -> 393.8236 | GU17: =SUM(GR17*6.99) -> 1111.1304 | GV17: =SUM(GT17+GS17+20)*1.2 -> 1254.6715 | GW17: =SUM(FS17+GB17+GJ17+GQ17) -> 80434 | GX17: =SUM(GV17+GM17+GG17+FX17) -> 6316.7268 | GY17: =SUM(FW17+GF17+GU17) -> 2386.1064 | GZ17: =SUM(GX17:GY17) -> 8702.8332 | HB17: =(FJ17+GW17) -> 1253839 | HC17: =(FK17+GX17) -> 90791.205 | HD17: =(FL17+GY17) -> 23056.235 | HE17: =(HC17+HD17) -> 113847.44
B18: 43922 | C18: 89897 | D18: 1.536 | E18: =SUM(C18-C17)*160 -> 6240 | F18: 85610 | G18: 1.783 | H18: =SUM(F18-F17)*160 -> 6560 | I18: 10145 | J18: 1.15 | K18: =SUM(I18-I17)*400 -> 1600 | L18: 10013 | M18: 1.23 | N18: =SUM(L18-L17)*400 -> 1600 | O18: 10727 | P18: 0.111 | Q18: =SUM(O18-O17)*400 -> 1600 | R18: 70158 | S18: 1.451 | T18: =SUM(R18-R17)*300 -> 12600 | U18: 66537 | V18: 1.645 | W18: =SUM(U18-U17)*300 -> 6900 | X18: 16632 | Y18: 0.212 | Z18: =SUM(X18-X17)*160 -> 960 | AA18: 11309 | AB18: 0.102 | AC18: =SUM(AA18-AA17)*160 -> 320 | AD18: 85164 | AE18: 1.7 | AF18: =SUM(AD18-AD17)*200 -> 6400 | AG18: 16094 | AH18: 0.301 | AI18: =SUM(AG18-AG17)*40 -> 360 | AJ18: 54990 | AK18: =SUM(AJ18-AJ17) -> 72 | AN18: =SUM(AF18+AC18+Z18+W18+T18+Q18+N18+K18+H18+E18+AI18+AK18) -> 45212 | AO18: =SUM(AF18+AI18) -> 6760 | AP18: =SUM(AO18/AN18) -> 0.14951783 | AQ18: =SUM(AN14:AN18) -> 1102069 | AS18: =B18 -> 43922 | AT18: 58086 | AU18: =SUM(AT18-AT17)*100 -> 2200 | AV18: 7355 | AW18: =SUM(AV18-AV17)*100 -> 500 | AX18: 97225 | AY18: =SUM(AX18-AX17) -> 91 | AZ18: 47783 | BA18: =SUM(AZ18-AZ17)*40 -> 1840 | BD18: =SUM(AU18+AW18,AY18,BA18) -> 4631 | BE18: =SUM(BC14:BD18) -> 78446 | BF18: =SUM(AQ18+BE18) -> 1180515 | BJ18: =SUM(AJ18) -> 54990 | BN18: =SUM(F18) -> 85610 | BW18: =SUM(C18) -> 89897 | CF18: =SUM(R18) -> 70158 | CO18: =SUM(AG18) -> 16094 | CX18: =SUM(U18) -> 66537 | DG18: =SUM(L18) -> 10013 | DP18: =SUM(R18) -> 70158 | DY18: =SUM(O18) -> 10727 | EH18: =SUM(X18) -> 16632 | EQ18: =SUM(AA18) -> 11309 | EZ18: =SUM(AD18) -> 85164 | FP18: =SUM(AV18) -> 7355 | FY18: =SUM(AT18) -> 58086 | GH18: =SUM(AX18) -> 97225 | GN18: =SUM(AZ18) -> 47783
B19: 43926 | C19: 89959 | D19: 1.536 | E19: =SUM(C19-C18)*160 -> 9920 | F19: 85708 | G19: 1.783 | H19: =SUM(F19-F18)*160 -> 15680 | I19: 10154 | J19: 1.6 | K19: =SUM(I19-I18)*400 -> 3600 | L19: 10023 | M19: 1.3 | N19: =SUM(L19-L18)*400 -> 4000 | O19: 10735 | P19: 1.46 | Q19: =SUM(O19-O18)*400 -> 3200 | R19: 70231 | S19: 1.451 | T19: =SUM(R19-R18)*300 -> 21900 | U19: 66597 | V19: 1.645 | W19: =SUM(U19-U18)*300 -> 18000 | X19: 16647 | Y19: 0.212 | Z19: =SUM(X19-X18)*160 -> 2400 | AA19: 11313 | AB19: 0.102 | AC19: =SUM(AA19-AA18)*160 -> 640 | AD19: 85244 | AE19: 1.7 | AF19: =SUM(AD19-AD18)*200 -> 16000 | AG19: 16115 | AH19: 0.301 | AI19: =SUM(AG19-AG18)*40 -> 840 | AJ19: 55165 | AK19: =SUM(AJ19-AJ18) -> 175 | AN19: =SUM(AF19+AC19+Z19+W19+T19+Q19+N19+K19+H19+E19+AI19+AK19) -> 96355 | AO19: =SUM(AF19+AI19) -> 16840 | AP19: =SUM(AO19/AN19) -> 0.17477038 | AS19: =B19 -> 43926 | AT19: 58135 | AU19: =SUM(AT19-AT18)*100 -> 4900 | AV19: 7367 | AW19: =SUM(AV19-AV18)*100 -> 1200 | AX19: 97442 | AY19: =SUM(AX19-AX18) -> 217 | AZ19: 47858 | BA19: =SUM(AZ19-AZ18)*40 -> 3000 | BD19: =SUM(AU19+AW19,AY19,BA19) -> 9317 | BJ19: =SUM(AJ19) -> 55165 | BN19: =SUM(F19) -> 85708 | BW19: =SUM(C19) -> 89959 | CF19: =SUM(R19) -> 70231 | CO19: =SUM(AG19) -> 16115 | CX19: =SUM(U19) -> 66597 | DG19: =SUM(L19) -> 10023 | DP19: =SUM(R19) -> 70231 | DY19: =SUM(O19) -> 10735 | EH19: =SUM(X19) -> 16647 | EQ19: =SUM(AA19) -> 11313 | EZ19: =SUM(AD19) -> 85244 | FP19: =SUM(AV19) -> 7367 | FY19: =SUM(AT19) -> 58135 | GH19: =SUM(AX19) -> 97442 | GN19: =SUM(AZ19) -> 47858
B20: 43933 | C20: 90115 | D20: 1.536 | E20: =SUM(C20-C19)*160 -> 24960 | F20: 85848 | G20: 1.783 | H20: =SUM(F20-F19)*160 -> 22400 | I20: 10166 | J20: 1.6 | K20: =SUM(I20-I19)*400 -> 4800 | L20: 10036 | M20: 1.3 | N20: =SUM(L20-L19)*400 -> 5200 | O20: 10746 | P20: 1.46 | Q20: =SUM(O20-O19)*400 -> 4400 | R20: 70361 | S20: 1.451 | T20: =SUM(R20-R19)*300 -> 39000 | U20: 66654 | V20: 1.645 | W20: =SUM(U20-U19)*300 -> 17100 | X20: 16666 | Y20: 0.212 | Z20: =SUM(X20-X19)*160 -> 3040 | AA20: 11317 | AB20: 0.102 | AC20: =SUM(AA20-AA19)*160 -> 640 | AD20: 85357 | AE20: 1.7 | AF20: =SUM(AD20-AD19)*200 -> 22600 | AG20: 16143 | AH20: 0.301 | AI20: =SUM(AG20-AG19)*40 -> 1120 | AJ20: 55395 | AK20: =SUM(AJ20-AJ19) -> 230 | AN20: =SUM(AF20+AC20+Z20+W20+T20+Q20+N20+K20+H20+E20+AI20+AK20) -> 145490 | AO20: =SUM(AF20+AI20) -> 23720 | AP20: =SUM(AO20/AN20) -> 0.16303526 | AS20: =B20 -> 43933 | AT20: 58202 | AU20: =SUM(AT20-AT19)*100 -> 6700 | AV20: 7384 | AW20: =SUM(AV20-AV19)*100 -> 1700 | AX20: 97662 | AY20: =SUM(AX20-AX19) -> 220 | AZ20: 47984 | BA20: =SUM(AZ20-AZ19)*40 -> 5040 | BD20: =SUM(AU20+AW20,AY20,BA20) -> 13660 | BJ20: =SUM(AJ20) -> 55395 | BN20: =SUM(F20) -> 85848 | BW20: =SUM(C20) -> 90115 | CF20: =SUM(R20) -> 70361 | CO20: =SUM(AG20) -> 16143 | CX20: =SUM(U20) -> 66654 | DG20: =SUM(L20) -> 10036 | DP20: =SUM(R20) -> 70361 | DY20: =SUM(O20) -> 10746 | EH20: =SUM(X20) -> 16666 | EQ20: =SUM(AA20) -> 11317 | EZ20: =SUM(AD20) -> 85357 | FP20: =SUM(AV20) -> 7384 | FY20: =SUM(AT20) -> 58202 | GH20: =SUM(AX20) -> 97662 | GN20: =SUM(AZ20) -> 47984
B21: 43940 | C21: 90238 | D21: 1.536 | E21: =SUM(C21-C20)*160 -> 19680 | F21: 85989 | G21: 1.783 | H21: =SUM(F21-F20)*160 -> 22560 | I21: 10179 | J21: 1.6 | K21: =SUM(I21-I20)*400 -> 5200 | L21: 10049 | M21: 1.3 | N21: =SUM(L21-L20)*400 -> 5200 | O21: 10758 | P21: 1.46 | Q21: =SUM(O21-O20)*400 -> 4800 | R21: 70489 | S21: 1.451 | T21: =SUM(R21-R20)*300 -> 38400 | U21: 66749 | V21: 1.645 | W21: =SUM(U21-U20)*300 -> 28500 | X21: 16684 | Y21: 0.212 | Z21: =SUM(X21-X20)*160 -> 2880 | AA21: 11321 | AB21: 0.102 | AC21: =SUM(AA21-AA20)*160 -> 640 | AD21: 85473 | AE21: 1.7 | AF21: =SUM(AD21-AD20)*200 -> 23200 | AG21: 16173 | AH21: 0.301 | AI21: =SUM(AG21-AG20)*40 -> 1200 | AJ21: 55636 | AK21: =SUM(AJ21-AJ20) -> 241 | AN21: =SUM(AF21+AC21+Z21+W21+T21+Q21+N21+K21+H21+E21+AI21+AK21) -> 152501 | AO21: =SUM(AF21+AI21) -> 24400 | AP21: =SUM(AO21/AN21) -> 0.15999895 | AS21: =B21 -> 43940 | AT21: 58291 | AU21: =SUM(AT21-AT20)*100 -> 8900 | AV21: 7403 | AW21: =SUM(AV21-AV20)*100 -> 1900 | AX21: 97922 | AY21: =SUM(AX21-AX20) -> 260 | AZ21: 48014 | BA21: =SUM(AZ21-AZ20)*40 -> 1200 | BD21: =SUM(AU21+AW21,AY21,BA21) -> 12260 | BJ21: =SUM(AJ21) -> 55636 | BN21: =SUM(F21) -> 85989 | BW21: =SUM(C21) -> 90238 | CF21: =SUM(R21) -> 70489 | CO21: =SUM(AG21) -> 16173 | CX21: =SUM(U21) -> 66749 | DG21: =SUM(L21) -> 10049 | DP21: =SUM(R21) -> 70489 | DY21: =SUM(O21) -> 10758 | EH21: =SUM(X21) -> 16684 | EQ21: =SUM(AA21) -> 11321 | EZ21: =SUM(AD21) -> 85473 | FP21: =SUM(AV21) -> 7403 | FY21: =SUM(AT21) -> 58291 | GH21: =SUM(AX21) -> 97922 | GN21: =SUM(AZ21) -> 48014
B22: 43947 | C22: 90362 | D22: 0.915 | E22: =SUM(C22-C21)*160 -> 19840 | F22: 86133 | G22: 1.18 | H22: =SUM(F22-F21)*160 -> 23040 | I22: 10193 | J22: 0.09 | K22: =SUM(I22-I21)*400 -> 5600 | L22: 10062 | M22: 0.87 | N22: =SUM(L22-L21)*400 -> 5200 | O22: 10770 | P22: 0.81 | Q22: =SUM(O22-O21)*400 -> 4800 | R22: 70544 | S22: 1.289 | T22: =SUM(R22-R21)*300 -> 16500 | U22: 66923 | V22: 1.659 | W22: =SUM(U22-U21)*300 -> 52200 | X22: 16702 | Y22: 0.119 | Z22: =SUM(X22-X21)*160 -> 2880 | AA22: 11325 | AB22: 0.061 | AC22: =SUM(AA22-AA21)*160 -> 640 | AD22: 85590 | AE22: 0.889 | AF22: =SUM(AD22-AD21)*200 -> 23400 | AG22: 16201 | AH22: 0.244 | AI22: =SUM(AG22-AG21)*40 -> 1120 | AJ22: 55876 | AK22: =SUM(AJ22-AJ21) -> 240 | AN22: =SUM(AF22+AC22+Z22+W22+T22+Q22+N22+K22+H22+E22+AI22+AK22) -> 155460 | AO22: =SUM(AF22+AI22) -> 24520 | AP22: =SUM(AO22/AN22) -> 0.15772546 | AS22: =B22 -> 43947 | AT22: 58358 | AU22: =SUM(AT22-AT21)*100 -> 6700 | AV22: 7417 | AW22: =SUM(AV22-AV21)*100 -> 1400 | AX22: 98110 | AY22: =SUM(AX22-AX21) -> 188 | AZ22: 48049 | BA22: =SUM(AZ22-AZ21)*40 -> 1400 | BD22: =SUM(AU22+AW22,AY22,BA22) -> 9688 | BJ22: =SUM(AJ22) -> 55876 | BN22: =SUM(F22) -> 86133 | BW22: =SUM(C22) -> 90362 | CF22: =SUM(R22) -> 70544 | CO22: =SUM(AG22) -> 16201 | CX22: =SUM(U22) -> 66923 | DG22: =SUM(L22) -> 10062 | DP22: =SUM(R22) -> 70544 | DY22: =SUM(O22) -> 10770 | EH22: =SUM(X22) -> 16702 | EQ22: =SUM(AA22) -> 11325 | EZ22: =SUM(AD22) -> 85590 | FP22: =SUM(AV22) -> 7417 | FY22: =SUM(AT22) -> 58358 | GH22: =SUM(AX22) -> 98110 | GN22: =SUM(AZ22) -> 48049
B23: 43952 | C23: 90433 | D23: 0.915 | E23: =SUM(C23-C22)*160 -> 11360 | F23: 86220 | G23: 1.271 | H23: =SUM(F23-F22)*160 -> 13920 | I23: 10199 | J23: 1.07 | K23: =SUM(I23-I22)*400 -> 2400 | L23: 10070 | M23: 1.17 | N23: =SUM(L23-L22)*400 -> 3200 | O23: 10776 | P23: 0.98 | Q23: =SUM(O23-O22)*400 -> 2400 | R23: 70578 | S23: 1.289 | T23: =SUM(R23-R22)*300 -> 10200 | U23: 66983 | V23: 1.659 | W23: =SUM(U23-U22)*300 -> 18000 | X23: 16712 | Y23: 1.24 | Z23: =SUM(X23-X22)*160 -> 1600 | AA23: 11327 | AB23: 0.061 | AC23: =SUM(AA23-AA22)*160 -> 320 | AD23: 85654 | AE23: 0.889 | AF23: =SUM(AD23-AD22)*200 -> 12800 | AG23: 16219 | AH23: 0.28 | AI23: =SUM(AG23-AG22)*40 -> 720 | AJ23: 56024 | AK23: =SUM(AJ23-AJ22) -> 148 | AN23: =SUM(AF23+AC23+Z23+W23+T23+Q23+N23+K23+H23+E23+AI23+AK23) -> 77068 | AO23: =SUM(AF23+AI23) -> 13520 | AP23: =SUM(AO23/AN23) -> 0.17542949 | AQ23: =SUM(AN19:AN23) -> 626874 | AS23: =B23 -> 43952 | AT23: 58420 | AU23: =SUM(AT23-AT22)*100 -> 6200 | AV23: 7430 | AW23: =SUM(AV23-AV22)*100 -> 1300 | AX23: 98267 | AY23: =SUM(AX23-AX22) -> 157 | AZ23: 48106 | BA23: =SUM(AZ23-AZ22)*40 -> 2280 | BD23: =SUM(AU23+AW23,AY23,BA23) -> 9937 | BE23: =SUM(BC19:BD23) -> 54862 | BF23: =SUM(AQ23+BE23) -> 681736 | BJ23: =SUM(AJ23) -> 56024 | BK23: 55637 | BL23: =SUM(BK23-BK17) -> 962 | BM23: =SUM(BL23*0.13773+BL23*0.02095)*1.09+2.85 -> 169.23867 | BN23: =SUM(F23) -> 86220 | BO23: 86018 | BP23: 2.426 | BQ23: =SUM(BO23-BO17)*160 -> 84800 | BR23: =(BP23)*160 -> 388.16 | BS23: =SUM(BQ23*0.05155) -> 4371.44 | BT23: =SUM(BQ23*0.02095) -> 1776.56 | BU23: =SUM(BR23*7.689) -> 2984.5622 | BV23: =SUM(BS23+BT23)*1.11 -> 6824.28 | BW23: =SUM(C23) -> 90433 | BX23: 90264 | BY23: 2.233 | BZ23: =SUM(BX23-BX17)*160 -> 77280 | CA23: =(BY23)*160 -> 357.28 | CB23: =SUM(BZ23*0.05155) -> 3983.784 | CC23: =SUM(BZ23*0.02095) -> 1619.016 | CD23: =SUM(CA23*7.689) -> 2747.1259 | CE23: =SUM((CB23+CC23)+20)* 1.11 -> 6241.308 | CF23: =SUM(R23) -> 70578 | CG23: 70493 | CH23: 2.252 | CI23: =SUM(CG23-CG17)*300 -> 136800 | CJ23: =(CH23)*300 -> 675.6 | CK23: =SUM(CI23*0.05155) -> 7052.04 | CL23: =SUM(CI23*0.02095) -> 2865.96 | CM23: =SUM(CJ23*7.689) -> 5194.6884 | CN23: =SUM((CK23+CL23)+20)*1.11 -> 11031.18 | CO23: =SUM(AG23) -> 16219 | CP23: 16176 | CQ23: 0.328 | CR23: =(CP23-CP17)*40 -> 4320 | CS23: =(CQ23)*40 -> 13.12 | CT23: =SUM(CR23*0.05155) -> 222.696 | CU23: =SUM(CR23*0.02095) -> 90.504 | CV23: =SUM(CS23*7.689) -> 100.87968 | CW23: =SUM((CT23+CU23)+20)*1.11 -> 369.852 | CX23: =SUM(U23) -> 66983 | CY23: 66771 | CZ23: 2.007 | DA23: =SUM(CY23-CY17)*300 -> 96600 | DB23: =(CZ23)*300 -> 602.1 | DC23: =SUM(DA23*0.05155) -> 4979.73 | DD23: =SUM(DA23*0.02095) -> 2023.77 | DE23: =SUM(DB23*7.689) -> 4629.5469 | DF23: =SUM((DC23+DD23)+20)*1.12 -> 7866.32 | DG23: =SUM(L23) -> 10070 | DH23: 10052 | DI23: 0.254 | DJ23: =SUM(DH23-DH17)*400 -> 20400 | DK23: =(DI23)*400 -> 101.6 | DL23: =SUM(DJ23*0.05155) -> 1051.62 | DM23: =SUM(DJ23*0.02095) -> 427.38 | DN23: =SUM(DK23*7.689) -> 781.2024 | DO23: =SUM((DL23+DM23)+20)*1.12 -> 1678.88 | DP23: =SUM(R23) -> 70578 | DQ23: 10182 | DR23: 0.324 | DS23: =SUM(DQ23-DQ17)*400 -> 19600 | DT23: =(DR23)*400 -> 129.6 | DU23: =SUM(DS23*0.05155) -> 1010.38 | DV23: =SUM(DS23*0.02095) -> 410.62 | DW23: =SUM(DT23*7.689) -> 996.4944 | DX23: =SUM((DU23+DV23)+20)*1.12 -> 1613.92 | DY23: =SUM(O23) -> 10776 | DZ23: 10761 | EA23: 0.298 | EB23: =SUM(DZ23-DZ17)*400 -> 18000 | EC23: =(EA23)*400 -> 119.2 | ED23: =SUM(EB23*0.05155) -> 927.9 | EE23: =SUM(EB23*0.02095) -> 377.1 | EF23: =SUM(EC23*7.689) -> 916.5288 | EG23: =SUM((ED23+EE23)+20)*1.12 -> 1484 | EH23: =SUM(X23) -> 16712 | EI23: 16686 | EJ23: 0.637 | EK23: =SUM(EI23-EI17)*160 -> 11520 | EL23: =(EJ23)*160 -> 101.92 | EM23: =SUM(EK23*0.05155) -> 593.856 | EN23: =SUM(EK23*0.02095) -> 241.344 | EO23: =SUM(EL23*7.689) -> 783.66288 | EP23: =SUM((EM23+EN23)+20)*1.12 -> 957.824 | EQ23: =SUM(AA23) -> 11327 | ER23: 11322 | ES23: 0.347 | ET23: =SUM(ER23-ER17)*160 -> 2880 | EU23: =(ES23)*160 -> 55.52 | EV23: =SUM(ET23*0.05155) -> 148.464 | EW23: =SUM(ET23*0.02095) -> 60.336 | EX23: =SUM(EU23*7.689) -> 426.89328 | EY23: =SUM((EV23+EW23)+20)*1.12 -> 256.256 | EZ23: =SUM(AD23) -> 85654 | FA23: 85483 | FB23: 2.065 | FC23: =SUM(FA23-FA17)*200 -> 84400 | FD23: =(FB23)*200 -> 413 | FE23: =SUM(FC23*0.05155) -> 4350.82 | FF23: =SUM(FC23*0.02095) -> 1768.18 | FG23: =SUM(FD23*7.689) -> 3175.557 | FH23: =SUM((FE23+FF23)+20)*1.12 -> 6875.68 | FJ23: =SUM(BL23+BQ23+BZ23+CI23+CR23+DA23+DJ23+DS23+EB23+EK23+ET23+FC23) -> 557562 | FK23: =SUM(BM23+BV23,CE23,CN23,CW23,DF23,DO23,DX23,EG23,EP23,EY23+FH23) -> 45368.739 | FL23: =SUM(BU23,CD23,CM23,CV23,DE23,DN23,DW23,EF23,EO23,EX23,FG23) -> 22737.142 | FM23: =SUM(FK23:FL23) -> 68105.881 | FP23: =SUM(AV23) -> 7430 | FQ23: 7401 | FR23: 0.225 | FS23: =SUM(FQ23-FQ17)*100 -> 6500 | FT23: =SUM(FR23)*100 -> 22.5 | FU23: =SUM(FS23*0.05155) -> 335.075 | FV23: =SUM(FS23*0.02095) -> 136.175 | FW23: =SUM(FT23*7.689) -> 173.0025 | FX23: =SUM(FV23+FU23+20)*1.1048 -> 542.733 | FY23: =SUM(AT23) -> 58420 | FZ23: 58281 | GA23: 1.599 | GB23: =SUM(FZ23-FZ17)*100 -> 28000 | GC23: =SUM(GA23)*100 -> 159.9 | GD23: =SUM(GB23*0.05155) -> 1443.4 | GE23: =SUM(GB23*0.02095) -> 586.6 | GF23: =SUM(GC23*7.689) -> 1229.4711 | GG23: =SUM(GE23+GD23+20)*1.1048 -> 2264.84 | GH23: =SUM(AX23) -> 98267 | GI23: 97983 | GJ23: =SUM(GI23-GI17) -> 1063 | GK23: =SUM(GJ23*0.13773) -> 146.40699 | GL23: =SUM(GJ23*0.02095) -> 22.26985 | GM23: =SUM(GK23+GL23+2.32)*1.07 -> 182.96662 | GN23: =SUM(AZ23) -> 48106 | GO23: 48036 | GP23: 3.454 | GQ23: =SUM(GO23-GO17)*40 -> 14600 | GR23: =SUM(GP23)*40 -> 138.16 | GS23: =SUM(GQ23*0.05155) -> 752.63 | GT23: =SUM(GQ23*0.02095) -> 305.87 | GU23: =SUM(GR23*7.689) -> 1062.3122 | GV23: =SUM(GT23+GS23+20)*1.2 -> 1294.2 | GW23: =SUM(FS23+GB23+GJ23+GQ23) -> 50163 | GX23: =SUM(GV23+GM23+GG23+FX23) -> 4284.7396 | GY23: =SUM(FW23+GF23+GU23) -> 2464.7858 | GZ23: =SUM(GX23:GY23) -> 6749.5255 | HB23: =(FJ23+GW23) -> 607725 | HC23: =(FK23+GX23) -> 49653.478 | HD23: =(FL23+GY23) -> 25201.928 | HE23: =(HC23+HD23) -> 74855.406 | HG23: 0.05155 | HH23: 0.02095 | HI23: 7.689
B24: 43955 | C24: 90479 | D24: 0.915 | E24: =SUM(C24-C23)*160 -> 7360 | F24: 86276 | G24: 1.271 | H24: =SUM(F24-F23)*160 -> 8960 | I24: 10203 | J24: 1.07 | K24: =SUM(I24-I23)*400 -> 1600 | L24: 10074 | M24: 1.17 | N24: =SUM(L24-L23)*400 -> 1600 | O24: 10780 | P24: 0.98 | Q24: =SUM(O24-O23)*400 -> 1600 | R24: 70588 | S24: 1.289 | T24: =SUM(R24-R23)*300 -> 3000 | U24: 67028 | V24: 1.659 | W24: =SUM(U24-U23)*300 -> 13500 | X24: 16719 | Y24: 1.24 | Z24: =SUM(X24-X23)*160 -> 1120 | AA24: 11329 | AB24: 0.061 | AC24: =SUM(AA24-AA23)*160 -> 320 | AD24: 85692 | AE24: 0.889 | AF24: =SUM(AD24-AD23)*200 -> 7600 | AG24: 16230 | AH24: 0.28 | AI24: =SUM(AG24-AG23)*40 -> 440 | AJ24: 56107 | AK24: =SUM(AJ24-AJ23) -> 83 | AN24: =SUM(AF24+AC24+Z24+W24+T24+Q24+N24+K24+H24+E24+AI24+AK24) -> 47183 | AO24: =SUM(AF24+AI24) -> 8040 | AP24: =SUM(AO24/AN24) -> 0.17040036 | AS24: =B24 -> 43955 | AT24: 58430 | AU24: =SUM(AT24-AT23)*100 -> 1000 | AV24: 7432 | AW24: =SUM(AV24-AV23)*100 -> 200 | AX24: 98294 | AY24: =SUM(AX24-AX23) -> 27 | AZ24: 48125 | BA24: =SUM(AZ24-AZ23)*40 -> 760 | BD24: =SUM(AU24+AW24,AY24,BA24) -> 1987 | BJ24: =SUM(AJ24) -> 56107 | BN24: =SUM(F24) -> 86276 | BW24: =SUM(C24) -> 90479 | CF24: =SUM(R24) -> 70588 | CO24: =SUM(AG24) -> 16230 | CX24: =SUM(U24) -> 67028 | DG24: =SUM(L24) -> 10074 | DP24: =SUM(R24) -> 70588 | DY24: =SUM(O24) -> 10780 | EH24: =SUM(X24) -> 16719 | EQ24: =SUM(AA24) -> 11329 | EZ24: =SUM(AD24) -> 85692 | FP24: =SUM(AV24) -> 7432 | FY24: =SUM(AT24) -> 58430 | GH24: =SUM(AX24) -> 98294 | GN24: =SUM(AZ24) -> 48125 | HG24: =SUM(HG23/#REF!) -> #REF! | HH24: =SUM(HH23/#REF!) -> #REF! | HI24: =SUM(HI23/#REF!) -> #REF!
B25: 43961 | C25: 90602 | D25: 0.915 | E25: =SUM(C25-C24)*160 -> 19680 | F25: 86429 | G25: 1.271 | H25: =SUM(F25-F24)*160 -> 24480 | I25: 10212 | J25: 1.07 | K25: =SUM(I25-I24)*400 -> 3600 | L25: 10086 | M25: 1.17 | N25: =SUM(L25-L24)*400 -> 4800 | O25: 10789 | P25: 0.98 | Q25: =SUM(O25-O24)*400 -> 3600 | R25: 70619 | S25: 1.289 | T25: =SUM(R25-R24)*300 -> 9300 | U25: 67177 | V25: 1.659 | W25: =SUM(U25-U24)*300 -> 44700 | X25: 16737 | Y25: 1.3 | Z25: =SUM(X25-X24)*160 -> 2880 | AA25: 11333 | AB25: 0.76 | AC25: =SUM(AA25-AA24)*160 -> 640 | AD25: 85810 | AE25: 0.889 | AF25: =SUM(AD25-AD24)*200 -> 23600 | AG25: 16259 | AH25: 0.28 | AI25: =SUM(AG25-AG24)*40 -> 1160 | AJ25: 56343 | AK25: =SUM(AJ25-AJ24) -> 236 | AN25: =SUM(AF25+AC25+Z25+W25+T25+Q25+N25+K25+H25+E25+AI25+AK25) -> 138676 | AO25: =SUM(AF25+AI25) -> 24760 | AP25: =SUM(AO25/AN25) -> 0.17854567 | AS25: =B25 -> 43961 | AT25: 58525 | AU25: =SUM(AT25-AT24)*100 -> 9500 | AV25: 7450 | AW25: =SUM(AV25-AV24)*100 -> 1800 | AX25: 99018 | AY25: =SUM(AX25-AX24) -> 724 | AZ25: 48215 | BA25: =SUM(AZ25-AZ24)*40 -> 3600 | BD25: =SUM(AU25+AW25,AY25,BA25) -> 15624 | BJ25: =SUM(AJ25) -> 56343 | BN25: =SUM(F25) -> 86429 | BW25: =SUM(C25) -> 90602 | CF25: =SUM(R25) -> 70619 | CO25: =SUM(AG25) -> 16259 | CX25: =SUM(U25) -> 67177 | DG25: =SUM(L25) -> 10086 | DP25: =SUM(R25) -> 70619 | DY25: =SUM(O25) -> 10789 | EH25: =SUM(X25) -> 16737 | EQ25: =SUM(AA25) -> 11333 | EZ25: =SUM(AD25) -> 85810 | FP25: =SUM(AV25) -> 7450 | FY25: =SUM(AT25) -> 58525 | GH25: =SUM(AX25) -> 99018 | GN25: =SUM(AZ25) -> 48215
B26: 43968 | C26: 90722 | D26: 0.915 | E26: =SUM(C26-C25)*160 -> 19200 | F26: 86578 | G26: 1.271 | H26: =SUM(F26-F25)*160 -> 23840 | I26: 10222 | J26: 1.07 | K26: =SUM(I26-I25)*400 -> 4000 | L26: 10098 | M26: 1.17 | N26: =SUM(L26-L25)*400 -> 4800 | O26: 10799 | P26: 0.98 | Q26: =SUM(O26-O25)*400 -> 4000 | R26: 70734 | S26: 1.289 | T26: =SUM(R26-R25)*300 -> 34500 | U26: 67263 | V26: 1.659 | W26: =SUM(U26-U25)*300 -> 25800 | X26: 16755 | Y26: 1.3 | Z26: =SUM(X26-X25)*160 -> 2880 | AA26: 11338 | AB26: 0.76 | AC26: =SUM(AA26-AA25)*160 -> 800 | AD26: 85924 | AE26: 0.889 | AF26: =SUM(AD26-AD25)*200 -> 22800 | AG26: 16281 | AH26: 0.28 | AI26: =SUM(AG26-AG25)*40 -> 880 | AJ26: 56572 | AK26: =SUM(AJ26-AJ25) -> 229 | AN26: =SUM(AF26+AC26+Z26+W26+T26+Q26+N26+K26+H26+E26+AI26+AK26) -> 143729 | AO26: =SUM(AF26+AI26) -> 23680 | AP26: =SUM(AO26/AN26) -> 0.1647545 | AS26: =B26 -> 43968 | AT26: 58632 | AU26: =SUM(AT26-AT25)*100 -> 10700 | AV26: 7467 | AW26: =SUM(AV26-AV25)*100 -> 1700 | AX26: 99692 | AY26: =SUM(AX26-AX25) -> 674 | AZ26: 48403 | BA26: =SUM(AZ26-AZ25)*40 -> 7520 | BD26: =SUM(AU26+AW26,AY26,BA26) -> 20594 | BJ26: =SUM(AJ26) -> 56572 | BN26: =SUM(F26) -> 86578 | BW26: =SUM(C26) -> 90722 | CF26: =SUM(R26) -> 70734 | CO26: =SUM(AG26) -> 16281 | CX26: =SUM(U26) -> 67263 | DG26: =SUM(L26) -> 10098 | DP26: =SUM(R26) -> 70734 | DY26: =SUM(O26) -> 10799 | EH26: =SUM(X26) -> 16755 | EQ26: =SUM(AA26) -> 11338 | EZ26: =SUM(AD26) -> 85924 | FP26: =SUM(AV26) -> 7467 | FY26: =SUM(AT26) -> 58632 | GH26: =SUM(AX26) -> 99692 | GN26: =SUM(AZ26) -> 48403
B27: 43975 | C27: 90843 | D27: 0.878 | E27: =SUM(C27-C26)*160 -> 19360 | F27: 86729 | G27: 1.226 | H27: =SUM(F27-F26)*160 -> 24160 | I27: 10232 | J27: 0.67 | K27: =SUM(I27-I26)*400 -> 4000 | L27: 10110 | M27: 0.81 | N27: =SUM(L27-L26)*400 -> 4800 | O27: 10809 | P27: 0.72 | Q27: =SUM(O27-O26)*400 -> 4000 | R27: 70825 | S27: 0.765 | T27: =SUM(R27-R26)*300 -> 27300 | U27: 67419 | V27: 1.703 | W27: =SUM(U27-U26)*300 -> 46800 | X27: 16772 | Y27: 1.24 | Z27: =SUM(X27-X26)*160 -> 2720 | AA27: 11342 | AB27: 0.78 | AC27: =SUM(AA27-AA26)*160 -> 640 | AD27: 86039 | AE27: 0.82 | AF27: =SUM(AD27-AD26)*200 -> 23000 | AG27: 16306 | AH27: 0.255 | AI27: =SUM(AG27-AG26)*40 -> 1000 | AJ27: 56791 | AK27: =SUM(AJ27-AJ26) -> 219 | AN27: =SUM(AF27+AC27+Z27+W27+T27+Q27+N27+K27+H27+E27+AI27+AK27) -> 157999 | AO27: =SUM(AF27+AI27) -> 24000 | AP27: =SUM(AO27/AN27) -> 0.1518997 | AS27: =B27 -> 43975 | AT27: 58750 | AU27: =SUM(AT27-AT26)*100 -> 11800 | AV27: 7486 | AW27: =SUM(AV27-AV26)*100 -> 1900 | AX27: 100399 | AY27: =SUM(AX27-AX26) -> 707 | AZ27: 48488 | BA27: =SUM(AZ27-AZ26)*40 -> 3400 | BD27: =SUM(AU27+AW27,AY27,BA27) -> 17807 | BJ27: =SUM(AJ27) -> 56791 | BN27: =SUM(F27) -> 86729 | BW27: =SUM(C27) -> 90843 | CF27: =SUM(R27) -> 70825 | CO27: =SUM(AG27) -> 16306 | CX27: =SUM(U27) -> 67419 | DG27: =SUM(L27) -> 10110 | DP27: =SUM(R27) -> 70825 | DY27: =SUM(O27) -> 10809 | EH27: =SUM(X27) -> 16772 | EQ27: =SUM(AA27) -> 11342 | EZ27: =SUM(AD27) -> 86039 | FP27: =SUM(AV27) -> 7486 | FY27: =SUM(AT27) -> 58750 | GH27: =SUM(AX27) -> 100399 | GN27: =SUM(AZ27) -> 48488
B28: 43983 | C28: 90968 | D28: 0.891 | E28: =SUM(C28-C27)*160 -> 20000 | F28: 86883 | G28: 1.258 | H28: =SUM(F28-F27)*160 -> 24640 | I28: 10241 | J28: 0.75 | K28: =SUM(I28-I27)*400 -> 3600 | L28: 10121 | M28: 0.81 | N28: =SUM(L28-L27)*400 -> 4400 | O28: 10820 | P28: 0.78 | Q28: =SUM(O28-O27)*400 -> 4400 | R28: 70948 | S28: 1.313 | T28: =SUM(R28-R27)*300 -> 36900 | U28: 67563 | V28: 1.805 | W28: =SUM(U28-U27)*300 -> 43200 | X28: 16791 | Y28: 1.54 | Z28: =SUM(X28-X27)*160 -> 3040 | AA28: 11345 | AB28: 0.49 | AC28: =SUM(AA28-AA27)*160 -> 480 | AD28: 86161 | AE28: 0.941 | AF28: =SUM(AD28-AD27)*200 -> 24400 | AG28: 16334 | AH28: 0.289 | AI28: =SUM(AG28-AG27)*40 -> 1120 | AJ28: 57014 | AK28: =SUM(AJ28-AJ27) -> 223 | AN28: =SUM(AF28+AC28+Z28+W28+T28+Q28+N28+K28+H28+E28+AI28+AK28) -> 166403 | AO28: =SUM(AF28+AI28) -> 25520 | AP28: =SUM(AO28/AN28) -> 0.15336262 | AQ28: =SUM(AN24:AN28) -> 653990 | AS28: =B28 -> 43983 | AT28: 58879 | AU28: =SUM(AT28-AT27)*100 -> 12900 | AV28: 7503 | AW28: =SUM(AV28-AV27)*100 -> 1700 | AX28: 1110 | AY28: 711 | AZ28: 48513 | BA28: =SUM(AZ28-AZ27)*40 -> 1000 | BD28: =SUM(AU28+AW28,AY28,BA28) -> 16311 | BE28: =SUM(BC24:BD28) -> 72323 | BF28: =SUM(AQ28+BE28) -> 726313 | BJ28: =SUM(AJ28) -> 57014 | BK28: 56811 | BL28: =SUM(BK28-BK23) -> 1174 | BM28: =SUM(BL28*0.13773+BL28*0.02095)*1.09+2.85 -> 205.90645 | BN28: =SUM(F28) -> 86883 | BO28: 86775 | BP28: 1.271 | BQ28: =SUM(BO28-BO23)*160 -> 121120 | BR28: =(BP28)*160 -> 203.36 | BS28: =SUM(BQ28*0.05155) -> 6243.736 | BT28: =SUM(BQ28*0.02095) -> 2537.464 | BU28: =SUM(BR28*7.689) -> 1563.635 | BV28: =SUM(BS28+BT28)*1.11 -> 9747.132 | BW28: =SUM(C28) -> 90968 | BX28: 90883 | BY28: 0.924 | BZ28: =SUM(BX28-BX23)*160 -> 99040 | CA28: =(BY28)*160 -> 147.84 | CB28: =SUM(BZ28*0.05155) -> 5105.512 | CC28: =SUM(BZ28*0.02095) -> 2074.888 | CD28: =SUM(CA28*7.689) -> 1136.7418 | CE28: =SUM((CB28+CC28)+20)* 1.11 -> 7992.444 | CF28: =SUM(R28) -> 70948 | CG28: 70846 | CH28: 1.29 | CI28: =SUM(CG28-CG23)*300 -> 105900 | CJ28: =(CH28)*300 -> 387 | CK28: =SUM(CI28*0.05155) -> 5459.145 | CL28: =SUM(CI28*0.02095) -> 2218.605 | CM28: =SUM(CJ28*7.689) -> 2975.643 | CN28: =SUM((CK28+CL28)+20)*1.11 -> 8544.5025 | CO28: =SUM(AG28) -> 16334 | CP28: 16315 | CQ28: 0.28 | CR28: =(CP28-CP23)*40 -> 5560 | CS28: =(CQ28)*40 -> 11.2 | CT28: =SUM(CR28*0.05155) -> 286.618 | CU28: =SUM(CR28*0.02095) -> 116.482 | CV28: =SUM(CS28*7.689) -> 86.1168 | CW28: =SUM((CT28+CU28)+20)*1.11 -> 469.641 | CX28: =SUM(U28) -> 67563 | CY28: 67480 | CZ28: 1.659 | DA28: =SUM(CY28-CY23)*300 -> 212700 | DB28: =(CZ28)*300 -> 497.7 | DC28: =SUM(DA28*0.05155) -> 10964.685 | DD28: =SUM(DA28*0.02095) -> 4456.065 | DE28: =SUM(DB28*7.689) -> 3826.8153 | DF28: =SUM((DC28+DD28)+20)*1.12 -> 17293.64 | DG28: =SUM(L28) -> 10121 | DH28: 10113 | DI28: 0.117 | DJ28: =SUM(DH28-DH23)*400 -> 24400 | DK28: =(DI28)*400 -> 46.8 | DL28: =SUM(DJ28*0.05155) -> 1257.82 | DM28: =SUM(DJ28*0.02095) -> 511.18 | DN28: =SUM(DK28*7.689) -> 359.8452 | DO28: =SUM((DL28+DM28)+20)*1.12 -> 2003.68 | DP28: =SUM(R28) -> 70948 | DQ28: 10235 | DR28: 0.107 | DS28: =SUM(DQ28-DQ23)*400 -> 21200 | DT28: =(DR28)*400 -> 42.8 | DU28: =SUM(DS28*0.05155) -> 1092.86 | DV28: =SUM(DS28*0.02095) -> 444.14 | DW28: =SUM(DT28*7.689) -> 329.0892 | DX28: =SUM((DU28+DV28)+20)*1.12 -> 1743.84 | DY28: =SUM(O28) -> 10820 | DZ28: 10813 | EA28: 0.098 | EB28: =SUM(DZ28-DZ23)*400 -> 20800 | EC28: =(EA28)*400 -> 39.2 | ED28: =SUM(EB28*0.05155) -> 1072.24 | EE28: =SUM(EB28*0.02095) -> 435.76 | EF28: =SUM(EC28*7.689) -> 301.4088 | EG28: =SUM((ED28+EE28)+20)*1.12 -> 1711.36 | EH28: =SUM(X28) -> 16791 | EI28: 16778 | EJ28: 0.131 | EK28: =SUM(EI28-EI23)*160 -> 14720 | EL28: =(EJ28)*160 -> 20.96 | EM28: =SUM(EK28*0.05155) -> 758.816 | EN28: =SUM(EK28*0.02095) -> 308.384 | EO28: =SUM(EL28*7.689) -> 161.16144 | EP28: =SUM((EM28+EN28)+20)*1.12 -> 1217.664 | EQ28: =SUM(AA28) -> 11345 | ER28: 11343 | ES28: 0.076 | ET28: =SUM(ER28-ER23)*160 -> 3360 | EU28: =(ES28)*160 -> 12.16 | EV28: =SUM(ET28*0.05155) -> 173.208 | EW28: =SUM(ET28*0.02095) -> 70.392 | EX28: =SUM(EU28*7.689) -> 93.49824 | EY28: =SUM((EV28+EW28)+20)*1.12 -> 295.232 | EZ28: =SUM(AD28) -> 86161 | FA28: 86076 | FB28: 0.976 | FC28: =SUM(FA28-FA23)*200 -> 118600 | FD28: =(FB28)*200 -> 195.2 | FE28: =SUM(FC28*0.05155) -> 6113.83 | FF28: =SUM(FC28*0.02095) -> 2484.67 | FG28: =SUM(FD28*7.689) -> 1500.8928 | FH28: =SUM((FE28+FF28)+20)*1.12 -> 9652.72 | FJ28: =SUM(BL28+BQ28+BZ28+CI28+CR28+DA28+DJ28+DS28+EB28+EK28+ET28+FC28) -> 748574 | FK28: =SUM(BM28+BV28,CE28,CN28,CW28,DF28,DO28,DX28,EG28,EP28,EY28+FH28) -> 60877.762 | FL28: =SUM(BU28,CD28,CM28,CV28,DE28,DN28,DW28,EF28,EO28,EX28,FG28) -> 12334.848 | FM28: =SUM(FK28:FL28) -> 73212.61 | FP28: =SUM(AV28) -> 7503 | FQ28: 7491 | FR28: 0.257 | FS28: =SUM(FQ28-FQ23)*100 -> 9000 | FT28: =SUM(FR28)*100 -> 25.7 | FU28: =SUM(FS28*0.05155) -> 463.95 | FV28: =SUM(FS28*0.02095) -> 188.55 | FW28: =SUM(FT28*7.689) -> 197.6073 | FX28: =SUM(FV28+FU28+20)*1.1048 -> 742.978 | FY28: =SUM(AT28) -> 58879 | FZ28: 58783 | GA28: 1.341 | GB28: =SUM(FZ28-FZ23)*100 -> 50200 | GC28: =SUM(GA28)*100 -> 134.1 | GD28: =SUM(GB28*0.05155) -> 2587.81 | GE28: =SUM(GB28*0.02095) -> 1051.69 | GF28: =SUM(GC28*7.689) -> 1031.0949 | GG28: =SUM(GE28+GD28+20)*1.1048 -> 4043.0156 | GH28: =SUM(AX28) -> 1110 | GI28: 601 | GJ28: 2618 | GK28: =SUM(GJ28*0.13773) -> 360.57714 | GL28: =SUM(GJ28*0.02095) -> 54.8471 | GM28: =SUM(GK28+GL28+2.32)*1.07 -> 446.98634 | GN28: =SUM(AZ28) -> 48513 | GO28: 48494 | GP28: 3.655 | GQ28: =SUM(GO28-GO23)*40 -> 18320 | GR28: =SUM(GP28)*40 -> 146.2 | GS28: =SUM(GQ28*0.05155) -> 944.396 | GT28: =SUM(GQ28*0.02095) -> 383.804 | GU28: =SUM(GR28*7.689) -> 1124.1318 | GV28: =SUM(GT28+GS28+20)*1.2 -> 1617.84 | GW28: =SUM(FS28+GB28+GJ28+GQ28) -> 80138 | GX28: =SUM(GV28+GM28+GG28+FX28) -> 6850.8199 | GY28: =SUM(FW28+GF28+GU28) -> 2352.834 | GZ28: =SUM(GX28:GY28) -> 9203.6539 | HB28: =(FJ28+GW28) -> 828712 | HC28: =(FK28+GX28) -> 67728.582 | HD28: =(FL28+GY28) -> 14687.682 | HE28: =(HC28+HD28) -> 82416.263
B29: 43990 | C29: 91089 | D29: 0.982 | E29: =SUM(C29-C28)*160 -> 19360 | F29: 87032 | G29: 1.324 | H29: =SUM(F29-F28)*160 -> 23840 | I29: 10251 | J29: 0.75 | K29: =SUM(I29-I28)*400 -> 4000 | L29: 10132 | M29: 0.81 | N29: =SUM(L29-L28)*400 -> 4400 | O29: 10831 | P29: 0.78 | Q29: =SUM(O29-O28)*400 -> 4400 | R29: 71035 | S29: 1.3144 | T29: =SUM(R29-R28)*300 -> 26100 | U29: 67748 | V29: 1.805 | W29: =SUM(U29-U28)*300 -> 55500 | X29: 16810 | Y29: 1.54 | Z29: =SUM(X29-X28)*160 -> 3040 | AA29: 11350 | AB29: 0.69 | AC29: =SUM(AA29-AA28)*160 -> 800 | AD29: 86276 | AE29: 0.941 | AF29: =SUM(AD29-AD28)*200 -> 23000 | AG29: 16359 | AH29: 0.289 | AI29: =SUM(AG29-AG28)*40 -> 1000 | AJ29: 57082 | AK29: =SUM(AJ29-AJ28) -> 68 | AN29: =SUM(AF29+AC29+Z29+W29+T29+Q29+N29+K29+H29+E29+AI29+AK29) -> 165508 | AO29: =SUM(AF29+AI29) -> 24000 | AP29: =SUM(AO29/AN29) -> 0.1450081 | AS29: =B29 -> 43990 | AT29: 59007 | AU29: =SUM(AT29-AT28)*100 -> 12800 | AV29: 7521 | AW29: =SUM(AV29-AV28)*100 -> 1800 | AX29: 1931 | AY29: =SUM(AX29-AX28) -> 821 | AZ29: 48553 | BA29: =SUM(AZ29-AZ28)*40 -> 1600 | BD29: =SUM(AU29+AW29,AY29,BA29) -> 17021 | BJ29: =SUM(AJ29) -> 57082 | BN29: =SUM(F29) -> 87032 | BW29: =SUM(C29) -> 91089 | CF29: =SUM(R29) -> 71035 | CO29: =SUM(AG29) -> 16359 | CX29: =SUM(U29) -> 67748 | DG29: =SUM(L29) -> 10132 | DP29: =SUM(R29) -> 71035 | DY29: =SUM(O29) -> 10831 | EH29: =SUM(X29) -> 16810 | EQ29: =SUM(AA29) -> 11350 | EZ29: =SUM(AD29) -> 86276 | FP29: =SUM(AV29) -> 7521 | FY29: =SUM(AT29) -> 59007 | GH29: =SUM(AX29) -> 1931 | GN29: =SUM(AZ29) -> 48553
B30: 43997 | C30: 91217 | D30: 1.059 | E30: =SUM(C30-C29)*160 -> 20480 | F30: 87191 | G30: 1.324 | H30: =SUM(F30-F29)*160 -> 25440 | I30: 10262 | J30: 0.078 | K30: =SUM(I30-I29)*400 -> 4400 | L30: 10144 | M30: 0.81 | N30: =SUM(L30-L29)*400 -> 4800 | O30: 10842 | P30: 0.85 | Q30: =SUM(O30-O29)*400 -> 4400 | R30: 71220 | S30: 1.741 | T30: =SUM(R30-R29)*300 -> 55500 | U30: 67865 | V30: 1.805 | W30: =SUM(U30-U29)*300 -> 35100 | X30: 16833 | Y30: 1.79 | Z30: =SUM(X30-X29)*160 -> 3680 | AA30: 11355 | AB30: 0.77 | AC30: =SUM(AA30-AA29)*160 -> 800 | AD30: 86399 | AE30: 0.948 | AF30: =SUM(AD30-AD29)*200 -> 24600 | AG30: 16386 | AH30: 0.289 | AI30: =SUM(AG30-AG29)*40 -> 1080 | AJ30: 57427 | AK30: =SUM(AJ30-AJ29) -> 345 | AN30: =SUM(AF30+AC30+Z30+W30+T30+Q30+N30+K30+H30+E30+AI30+AK30) -> 180625 | AO30: =SUM(AF30+AI30) -> 25680 | AP30: =SUM(AO30/AN30) -> 0.14217301 | AS30: =B30 -> 43997 | AT30: 59137 | AU30: =SUM(AT30-AT29)*100 -> 13000 | AV30: 7540 | AW30: =SUM(AV30-AV29)*100 -> 1900 | AX30: 2792 | AY30: =SUM(AX30-AX29) -> 861 | AZ30: 48577 | BA30: =SUM(AZ30-AZ29)*40 -> 960 | BD30: =SUM(AU30+AW30,AY30,BA30) -> 16721 | BJ30: =SUM(AJ30) -> 57427 | BN30: =SUM(F30) -> 87191 | BW30: =SUM(C30) -> 91217 | CF30: =SUM(R30) -> 71220 | CO30: =SUM(AG30) -> 16386 | CX30: =SUM(U30) -> 67865 | DG30: =SUM(L30) -> 10144 | DP30: =SUM(R30) -> 71220 | DY30: =SUM(O30) -> 10842 | EH30: =SUM(X30) -> 16833 | EQ30: =SUM(AA30) -> 11355 | EZ30: =SUM(AD30) -> 86399 | FP30: =SUM(AV30) -> 7540 | FY30: =SUM(AT30) -> 59137 | GH30: =SUM(AX30) -> 2792 | GN30: =SUM(AZ30) -> 48577
B31: 44004 | C31: 91384 | D31: 1.125 | E31: =SUM(C31-C30)*160 -> 26720 | F31: 87384 | G31: 1.38 | H31: =SUM(F31-F30)*160 -> 30880 | I31: 10281 | J31: 1.65 | K31: =SUM(I31-I30)*400 -> 7600 | L31: 10164 | M31: 1.65 | N31: =SUM(L31-L30)*400 -> 8000 | O31: 10860 | P31: 1.42 | Q31: =SUM(O31-O30)*400 -> 7200 | R31: 71435 | S31: 2.033 | T31: =SUM(R31-R30)*300 -> 64500 | U31: 68036 | V31: 0.926 | W31: =SUM(U31-U30)*300 -> 51300 | X31: 16861 | Y31: 1.99 | Z31: =SUM(X31-X30)*160 -> 4480 | AA31: 11363 | AB31: 1.27 | AC31: =SUM(AA31-AA30)*160 -> 1280 | AD31: 86541 | AE31: 0.839 | AF31: =SUM(AD31-AD30)*200 -> 28400 | AG31: 16421 | AH31: 0.255 | AI31: =SUM(AG31-AG30)*40 -> 1400 | AJ31: 57676 | AK31: =SUM(AJ31-AJ30) -> 249 | AN31: =SUM(AF31+AC31+Z31+W31+T31+Q31+N31+K31+H31+E31+AI31+AK31) -> 232009 | AO31: =SUM(AF31+AI31) -> 29800 | AP31: =SUM(AO31/AN31) -> 0.12844329 | AS31: =B31 -> 44004 | AT31: 59275 | AU31: =SUM(AT31-AT30)*100 -> 13800 | AV31: 7559 | AW31: =SUM(AV31-AV30)*100 -> 1900 | AX31: 3694 | AY31: =SUM(AX31-AX30) -> 902 | AZ31: 48701 | BA31: =SUM(AZ31-AZ30)*40 -> 4960 | BD31: =SUM(AU31+AW31,AY31,BA31) -> 21562 | BJ31: =SUM(AJ31) -> 57676 | BN31: =SUM(F31) -> 87384 | BW31: =SUM(C31) -> 91384 | CF31: =SUM(R31) -> 71435 | CO31: =SUM(AG31) -> 16421 | CX31: =SUM(U31) -> 68036 | DG31: =SUM(L31) -> 10164 | DP31: =SUM(R31) -> 71435 | DY31: =SUM(O31) -> 10860 | EH31: =SUM(X31) -> 16861 | EQ31: =SUM(AA31) -> 11363 | EZ31: =SUM(AD31) -> 86541 | FP31: =SUM(AV31) -> 7559 | FY31: =SUM(AT31) -> 59275 | GH31: =SUM(AX31) -> 3694 | GN31: =SUM(AZ31) -> 48701
