Workbook

Sheet TOTAL
A1: Site Name | B1: Day | C1: Month | D1: Year | E1: Total Electricity Kwh | F1: Electricity Tariff ($/Kwh) | G1: Natual Gas (m3) | H1: Natural Gas $/m3 | I1: Water Utility Supply (m3) m3 | J1: Water Utility Supply (m3) $/m3 | K1: Room Nights
A2: Alexandria at San Stefano | B2: 1 | C2: 8 | D2: 2020 | E2: =ELECT.!D6+ELECT.!F6+ELECT.!H6 -> 17347 | F2: 1.56 | G2: =Submetering!J2+Submetering!K2+Submetering!L2+Submetering!M2+Submetering!N2+Submetering!O2+Submetering!P2+Submetering!Q2+Submetering!R2+Submetering!S2+Submetering!T2+Submetering!U2+Submetering!V2+Submetering!W2 -> 1304 | H2: 3.6 | I2: =Submetering!E2+Water!E5 -> 621 | J2: 9.1 | K2: =ELECT.!B6 -> 77
A3: Alexandria at San Stefano | B3: =B2+1 -> 2 | C3: 8 | D3: 2020 | E3: =ELECT.!D7+ELECT.!F7+ELECT.!H7 -> 16163 | F3: 1.56 | G3: =Submetering!J3+Submetering!K3+Submetering!L3+Submetering!M3+Submetering!N3+Submetering!O3+Submetering!P3+Submetering!Q3+Submetering!R3+Submetering!S3+Submetering!T3+Submetering!U3+Submetering!V3+Submetering!W3 -> 1261 | H3: 3.6 | I3: =Submetering!E3+Water!E6 -> 650 | J3: 9.1 | K3: =ELECT.!B7 -> 65
A4: Alexandria at San Stefano | B4: =B3+1 -> 3 | C4: 8 | D4: 2020 | E4: =ELECT.!D8+ELECT.!F8+ELECT.!H8 -> 15767 | F4: 1.56 | G4: =Submetering!J4+Submetering!K4+Submetering!L4+Submetering!M4+Submetering!N4+Submetering!O4+Submetering!P4+Submetering!Q4+Submetering!R4+Submetering!S4+Submetering!T4+Submetering!U4+Submetering!V4+Submetering!W4 -> 1153 | H4: 3.6 | I4: =Submetering!E4+Water!E7 -> 620 | J4: 9.1 | K4: =ELECT.!B8 -> 66
A5: Alexandria at San Stefano | B5: =B4+1 -> 4 | C5: 8 | D5: 2020 | E5: =ELECT.!D9+ELECT.!F9+ELECT.!H9 -> 15378 | F5: 1.56 | G5: =Submetering!J5+Submetering!K5+Submetering!L5+Submetering!M5+Submetering!N5+Submetering!O5+Submetering!P5+Submetering!Q5+Submetering!R5+Submetering!S5+Submetering!T5+Submetering!U5+Submetering!V5+Submetering!W5 -> 1330 | H5: 3.6 | I5: =Submetering!E5+Water!E8 -> 631 | J5: 9.1 | K5: =ELECT.!B9 -> 70
A6: Alexandria at San Stefano | B6: =B5+1 -> 5 | C6: 8 | D6: 2020 | E6: =ELECT.!D10+ELECT.!F10+ELECT.!H10 -> 16213 | F6: 1.56 | G6: =Submetering!J6+Submetering!K6+Submetering!L6+Submetering!M6+Submetering!N6+Submetering!O6+Submetering!P6+Submetering!Q6+Submetering!R6+Submetering!S6+Submetering!T6+Submetering!U6+Submetering!V6+Submetering!W6 -> 1358 | H6: 3.6 | I6: =Submetering!E6+Water!E9 -> 610 | J6: 9.1 | K6: =ELECT.!B10 -> 75
A7: Alexandria at San Stefano | B7: =B6+1 -> 6 | C7: 8 | D7: 2020 | E7: =ELECT.!D11+ELECT.!F11+ELECT.!H11 -> 17370 | F7: 1.56 | G7: =Submetering!J7+Submetering!K7+Submetering!L7+Submetering!M7+Submetering!N7+Submetering!O7+Submetering!P7+Submetering!Q7+Submetering!R7+Submetering!S7+Submetering!T7+Submetering!U7+Submetering!V7+Submetering!W7 -> 1367 | H7: 3.6 | I7: =Submetering!E7+Water!E10 -> 626 | J7: 9.1 | K7: =ELECT.!B11 -> 77
A8: Alexandria at San Stefano | B8: =B7+1 -> 7 | C8: 8 | D8: 2020 | E8: =ELECT.!D12+ELECT.!F12+ELECT.!H12 -> 16915 | F8: 1.56 | G8: =Submetering!J8+Submetering!K8+Submetering!L8+Submetering!M8+Submetering!N8+Submetering!O8+Submetering!P8+Submetering!Q8+Submetering!R8+Submetering!S8+Submetering!T8+Submetering!U8+Submetering!V8+Submetering!W8 -> 1276 | H8: 3.6 | I8: =Submetering!E8+Water!E11 -> 690 | J8: 9.1 | K8: =ELECT.!B12 -> 60
A9: Alexandria at San Stefano | B9: =B8+1 -> 8 | C9: 8 | D9: 2020 | E9: =ELECT.!D13+ELECT.!F13+ELECT.!H13 -> 14941 | F9: 1.56 | G9: =Submetering!J9+Submetering!K9+Submetering!L9+Submetering!M9+Submetering!N9+Submetering!O9+Submetering!P9+Submetering!Q9+Submetering!R9+Submetering!S9+Submetering!T9+Submetering!U9+Submetering!V9+Submetering!W9 -> 1360 | H9: 3.6 | I9: =Submetering!E9+Water!E12 -> 537 | J9: 9.1 | K9: =ELECT.!B13 -> 61
A10: Alexandria at San Stefano | B10: =B9+1 -> 9 | C10: 8 | D10: 2020 | E10: =ELECT.!D14+ELECT.!F14+ELECT.!H14 -> 17412 | F10: 1.56 | G10: =Submetering!J10+Submetering!K10+Submetering!L10+Submetering!M10+Submetering!N10+Submetering!O10+Submetering!P10+Submetering!Q10+Submetering!R10+Submetering!S10+Submetering!T10+Submetering!U10+Submetering!V10+Submetering!W10 -> 1441 | H10: 3.6 | I10: =Submetering!E10+Water!E13 -> 636 | J10: 9.1 | K10: =ELECT.!B14 -> 52
A11: Alexandria at San Stefano | B11: =B10+1 -> 10 | C11: 8 | D11: 2020 | E11: =ELECT.!D15+ELECT.!F15+ELECT.!H15 -> 19282 | F11: 1.56 | G11: =Submetering!J11+Submetering!K11+Submetering!L11+Submetering!M11+Submetering!N11+Submetering!O11+Submetering!P11+Submetering!Q11+Submetering!R11+Submetering!S11+Submetering!T11+Submetering!U11+Submetering!V11+Submetering!W11 -> 1269 | H11: 3.6 | I11: =Submetering!E11+Water!E14 -> 684 | J11: 9.1 | K11: =ELECT.!B15 -> 67
A12: Alexandria at San Stefano | B12: =B11+1 -> 11 | C12: 8 | D12: 2020 | E12: =ELECT.!D16+ELECT.!F16+ELECT.!H16 -> 17452 | F12: 1.56 | G12: =Submetering!J12+Submetering!K12+Submetering!L12+Submetering!M12+Submetering!N12+Submetering!O12+Submetering!P12+Submetering!Q12+Submetering!R12+Submetering!S12+Submetering!T12+Submetering!U12+Submetering!V12+Submetering!W12 -> 1197 | H12: 3.6 | I12: =Submetering!E12+Water!E15 -> 640 | J12: 9.1 | K12: =ELECT.!B16 -> 75
A13: Alexandria at San Stefano | B13: =B12+1 -> 12 | C13: 8 | D13: 2020 | E13: =ELECT.!D17+ELECT.!F17+ELECT.!H17 -> 15330 | F13: 1.56 | G13: =Submetering!J13+Submetering!K13+Submetering!L13+Submetering!M13+Submetering!N13+Submetering!O13+Submetering!P13+Submetering!Q13+Submetering!R13+Submetering!S13+Submetering!T13+Submetering!U13+Submetering!V13+Submetering!W13 -> 1295 | H13: 3.6 | I13: =Submetering!E13+Water!E16 -> 617 | J13: 9.1 | K13: =ELECT.!B17 -> 52
A14: Alexandria at San Stefano | B14: =B13+1 -> 13 | C14: 8 | D14: 2020 | E14: =ELECT.!D18+ELECT.!F18+ELECT.!H18 -> 15144 | F14: 1.56 | G14: =Submetering!J14+Submetering!K14+Submetering!L14+Submetering!M14+Submetering!N14+Submetering!O14+Submetering!P14+Submetering!Q14+Submetering!R14+Submetering!S14+Submetering!T14+Submetering!U14+Submetering!V14+Submetering!W14 -> 1185 | H14: 3.6 | I14: =Submetering!E14+Water!E17 -> 786 | J14: 9.1 | K14: =ELECT.!B18 -> 56
... A31: Alexandria at San Stefano | B31: =B30+1 -> 30 | C31: 8 | D31: 2020 | E31: =ELECT.!D35+ELECT.!F35+ELECT.!H35 -> 41052 | F31: 1.56 | G31: =Submetering!J31+Submetering!K31+Submetering!L31+Submetering!M31+Submetering!N31+Submetering!O31+Submetering!P31+Submetering!Q31+Submetering!R31+Submetering!S31+Submetering!T31+Submetering!U31+Submetering!V31+Submetering!W31 -> 1147 | H31: 3.6 | I31: =Submetering!E31+Water!E34 -> #REF! | J31: 9.1 | K31: =ELECT.!B35 -> 56
A32: Alexandria at San Stefano | B32: =B31+1 -> 31 | C32: 8 | D32: 2020 | E32: =ELECT.!#REF!+ELECT.!#REF!+ELECT.!#REF! -> #REF! | F32: 1.56 | G32: =Submetering!J32+Submetering!K32+Submetering!L32+Submetering!M32+Submetering!N32+Submetering!O32+Submetering!P32+Submetering!Q32+Submetering!R32+Submetering!S32+Submetering!T32+Submetering!U32+Submetering!V32+Submetering!W32 -> #REF! | H32: 3.6 | I32: =Submetering!E32+Water!#REF! -> #REF! | J32: 9.1 | K32: =ELECT.!#REF! -> #REF!

Sheet Submetering
A1: Site Name | B1: Day | C1: Month | D1: Year | E1: Main- m3 | F1: Beach Water - m3 | G1: Hotel Trans-1 - KWh | H1: Hotel Trans-2 - KWh | I1: Hotel Trans-3 - KWh | J1: st. gas - m3 | K1: H.Water boiler - m3 | L1: Kala Kit. - m3 | M1: Pastry Kit. - m3 | N1: Italian Kit. - m3 | O1: Byblos kit - m3 | P1: Banquet Kit. - m3 | Q1: Pool Kit. - m3 | R1: Laundry - m3 | S1: Dining - m3 | T1: Fressca - m3 | U1: jacuzzi Heater - m3 | V1: s.Pool Heater - m3 | W1: Lobby Lou. Heater - m3 | X1: Room Night
A2: Alexandria at San Stefano | B2: 1 | C2: 9 | D2: 2020 | E2: =Water!C5 -> 200 | F2: =Water!E5 -> 421 | G2: =ELECT.!D6 -> 4522 | H2: =ELECT.!F6 -> 8198 | I2: =ELECT.!H6 -> 4627 | J2: =Gas!C4 -> 227 | K2: =Gas!E4 -> 462 | L2: =Gas!G4 -> 124 | M2: =Gas!I4 -> 10 | N2: =Gas!K4 -> 0 | O2: =Gas!M4 -> 0 | P2: =Gas!O4 -> 0 | Q2: =Gas!Q4 -> 0 | R2: =Gas!S4 -> 199 | S2: =Gas!U4 -> 34 | T2: =Gas!W4 -> 48 | U2: =Gas!Y4 -> 0 | V2: =Gas!AA4 -> 200 | W2: =Gas!AC4 -> 0 | X2: =ELECT.!B6 -> 77
A3: Alexandria at San Stefano | B3: =B2+1 -> 2 | C3: 9 | D3: 2020 | E3: =Water!C6 -> 220 | F3: =Water!E6 -> 430 | G3: =ELECT.!D7 -> 4161 | H3: =ELECT.!F7 -> 7589 | I3: =ELECT.!H7 -> 4413 | J3: =Gas!C5 -> 240 | K3: =Gas!E5 -> 411 | L3: =Gas!G5 -> 119 | M3: =Gas!I5 -> 11 | N3: =Gas!K5 -> 0 | O3: =Gas!M5 -> 0 | P3: =Gas!O5 -> 0 | Q3: =Gas!Q5 -> 0 | R3: =Gas!S5 -> 197 | S3: =Gas!U5 -> 31 | T3: =Gas!W5 -> 50 | U3: =Gas!Y5 -> 0 | V3: =Gas!AA5 -> 202 | W3: =Gas!AC5 -> 0 | X3: =ELECT.!B7 -> 65
A4: Alexandria at San Stefano | B4: =B3+1 -> 3 | C4: 9 | D4: 2020 | E4: =Water!C7 -> 190 | F4: =Water!E7 -> 430 | G4: =ELECT.!D8 -> 3752 | H4: =ELECT.!F8 -> 7486 | I4: =ELECT.!H8 -> 4529 | J4: =Gas!C6 -> 210 | K4: =Gas!E6 -> 480 | L4: =Gas!G6 -> 115 | M4: =Gas!I6 -> 12 | N4: =Gas!K6 -> 0 | O4: =Gas!M6 -> 0 | P4: =Gas!O6 -> 0 | Q4: =Gas!Q6 -> 0 | R4: =Gas!S6 -> 154 | S4: =Gas!U6 -> 23 | T4: =Gas!W6 -> 40 | U4: =Gas!Y6 -> 0 | V4: =Gas!AA6 -> 119 | W4: =Gas!AC6 -> 0 | X4: =ELECT.!B8 -> 66
A5: Alexandria at San Stefano | B5: =B4+1 -> 4 | C5: 9 | D5: 2020 | E5: =Water!C8 -> 210 | F5: =Water!E8 -> 421 | G5: =ELECT.!D9 -> 3530 | H5: =ELECT.!F9 -> 7800 | I5: =ELECT.!H9 -> 4048 | J5: =Gas!C7 -> 230 | K5: =Gas!E7 -> 425 | L5: =Gas!G7 -> 122 | M5: =Gas!I7 -> 20 | N5: =Gas!K7 -> 0 | O5: =Gas!M7 -> 0 | P5: =Gas!O7 -> 0 | Q5: =Gas!Q7 -> 0 | R5: =Gas!S7 -> 272 | S5: =Gas!U7 -> 18 | T5: =Gas!W7 -> 42 | U5: =Gas!Y7 -> 0 | V5: =Gas!AA7 -> 201 | W5: =Gas!AC7 -> 0 | X5: =ELECT.!B9 -> 70
A6: Alexandria at San Stefano | B6: =B5+1 -> 5 | C6: 9 | D6: 2020 | E6: =Water!C9 -> 190 | F6: =Water!E9 -> 420 | G6: =ELECT.!D10 -> 4008 | H6: =ELECT.!F10 -> 7852 | I6: =ELECT.!H10 -> 4353 | J6: =Gas!C8 -> 235 | K6: =Gas!E8 -> 455 | L6: =Gas!G8 -> 99 | M6: =Gas!I8 -> 28 | N6: =Gas!K8 -> 0 | O6: =Gas!M8 -> 0 | P6: =Gas!O8 -> 0 | Q6: =Gas!Q8 -> 0 | R6: =Gas!S8 -> 234 | S6: =Gas!U8 -> 57 | T6: =Gas!W8 -> 50 | U6: =Gas!Y8 -> 0 | V6: =Gas!AA8 -> 200 | W6: =Gas!AC8 -> 0 | X6: =ELECT.!B10 -> 75
A7: Alexandria at San Stefano | B7: =B6+1 -> 6 | C7: 9 | D7: 2020 | E7: =Water!C10 -> 180 | F7: =Water!E10 -> 446 | G7: =ELECT.!D11 -> 3892 | H7: =ELECT.!F11 -> 8968 | I7: =ELECT.!H11 -> 4510 | J7: =Gas!C9 -> 306 | K7: =Gas!E9 -> 465 | L7: =Gas!G9 -> 135 | M7: =Gas!I9 -> 21 | N7: =Gas!K9 -> 0 | O7: =Gas!M9 -> 0 | P7: =Gas!O9 -> 0 | Q7: =Gas!Q9 -> 0 | R7: =Gas!S9 -> 163 | S7: =Gas!U9 -> 43 | T7: =Gas!W9 -> 24 | U7: =Gas!Y9 -> 0 | V7: =Gas!AA9 -> 210 | W7: =Gas!AC9 -> 0 | X7: =ELECT.!B11 -> 77
A8: Alexandria at San Stefano | B8: =B7+1 -> 7 | C8: 9 | D8: 2020 | E8: =Water!C11 -> 260 | F8: =Water!E11 -> 430 | G8: =ELECT.!D12 -> 4390 | H8: =ELECT.!F12 -> 7944 | I8: =ELECT.!H12 -> 4581 | J8: =Gas!C10 -> 206 | K8: =Gas!E10 -> 414 | L8: =Gas!G10 -> 146 | M8: =Gas!I10 -> 17 | N8: =Gas!K10 -> 0 | O8: =Gas!M10 -> 0 | P8: =Gas!O10 -> 0 | Q8: =Gas!Q10 -> 0 | R8: =Gas!S10 -> 221 | S8: =Gas!U10 -> 44 | T8: =Gas!W10 -> 39 | U8: =Gas!Y10 -> 0 | V8: =Gas!AA10 -> 189 | W8: =Gas!AC10 -> 0 | X8: =ELECT.!B12 -> 60
A9: Alexandria at San Stefano | B9: =B8+1 -> 8 | C9: 9 | D9: 2020 | E9: =Water!C12 -> 200 | F9: =Water!E12 -> 337 | G9: =ELECT.!D13 -> 3640 | H9: =ELECT.!F13 -> 7298 | I9: =ELECT.!H13 -> 4003 | J9: =Gas!C11 -> 261 | K9: =Gas!E11 -> 458 | L9: =Gas!G11 -> 145 | M9: =Gas!I11 -> 16 | N9: =Gas!K11 -> 0 | O9: =Gas!M11 -> 0 | P9: =Gas!O11 -> 0 | Q9: =Gas!Q11 -> 0 | R9: =Gas!S11 -> 220 | S9: =Gas!U11 -> 39 | T9: =Gas!W11 -> 41 | U9: =Gas!Y11 -> 0 | V9: =Gas!AA11 -> 180 | W9: =Gas!AC11 -> 0 | X9: =ELECT.!B13 -> 61
A10: Alexandria at San Stefano | B10: =B9+1 -> 9 | C10: 9 | D10: 2020 | E10: =Water!C13 -> 190 | F10: =Water!E13 -> 446 | G10: =ELECT.!D14 -> 4061 | H10: =ELECT.!F14 -> 8569 | I10: =ELECT.!H14 -> 4782 | J10: =Gas!C12 -> 281 | K10: =Gas!E12 -> 498 | L10: =Gas!G12 -> 142 | M10: =Gas!I12 -> 18 | N10: =Gas!K12 -> 0 | O10: =Gas!M12 -> 0 | P10: =Gas!O12 -> 0 | Q10: =Gas!Q12 -> 0 | R10: =Gas!S12 -> 225 | S10: =Gas!U12 -> 41 | T10: =Gas!W12 -> 50 | U10: =Gas!Y12 -> 0 | V10: =Gas!AA12 -> 186 | W10: =Gas!AC12 -> 0 | X10: =ELECT.!B14 -> 52
A11: Alexandria at San Stefano | B11: =B10+1 -> 10 | C11: 9 | D11: 2020 | E11: =Water!C14 -> 230 | F11: =Water!E14 -> 454 | G11: =ELECT.!D15 -> 4121 | H11: =ELECT.!F15 -> 9586 | I11: =ELECT.!H15 -> 5575 | J11: =Gas!C13 -> 279 | K11: =Gas!E13 -> 464 | L11: =Gas!G13 -> 113 | M11: =Gas!I13 -> 28 | N11: =Gas!K13 -> 0 | O11: =Gas!M13 -> 0 | P11: =Gas!O13 -> 0 | Q11: =Gas!Q13 -> 0 | R11: =Gas!S13 -> 158 | S11: =Gas!U13 -> 24 | T11: =Gas!W13 -> 26 | U11: =Gas!Y13 -> 0 | V11: =Gas!AA13 -> 177 | W11: =Gas!AC13 -> 0 | X11: =ELECT.!B15 -> 67
A12: Alexandria at San Stefano | B12: =B11+1 -> 11 | C12: 9 | D12: 2020 | E12: =Water!C15 -> 220 | F12: =Water!E15 -> 420 | G12: =ELECT.!D16 -> 4235 | H12: =ELECT.!F16 -> 8339 | I12: =ELECT.!H16 -> 4878 | J12: =Gas!C14 -> 143 | K12: =Gas!E14 -> 402 | L12: =Gas!G14 -> 145 | M12: =Gas!I14 -> 25 | N12: =Gas!K14 -> 0 | O12: =Gas!M14 -> 0 | P12: =Gas!O14 -> 0 | Q12: =Gas!Q14 -> 0 | R12: =Gas!S14 -> 233 | S12: =Gas!U14 -> 42 | T12: =Gas!W14 -> 36 | U12: =Gas!Y14 -> 0 | V12: =Gas!AA14 -> 171 | W12: =Gas!AC14 -> 0 | X12: =ELECT.!B16 -> 75
A13: Alexandria at San Stefano | B13: =B12+1 -> 12 | C13: 9 | D13: 2020 | E13: =Water!C16 -> 190 | F13: =Water!E16 -> 427 | G13: =ELECT.!D17 -> 3712 | H13: =ELECT.!F17 -> 7268 | I13: =ELECT.!H17 -> 4350 | J13: =Gas!C15 -> 256 | K13: =Gas!E15 -> 428 | L13: =Gas!G15 -> 151 | M13: =Gas!I15 -> 18 | N13: =Gas!K15 -> 0 | O13: =Gas!M15 -> 0 | P13: =Gas!O15 -> 0 | Q13: =Gas!Q15 -> 0 | R13: =Gas!S15 -> 221 | S13: =Gas!U15 -> 29 | T13: =Gas!W15 -> 31 | U13: =Gas!Y15 -> 0 | V13: =Gas!AA15 -> 161 | W13: =Gas!AC15 -> 0 | X13: =ELECT.!B17 -> 52
A14: Alexandria at San Stefano | B14: =B13+1 -> 13 | C14: 9 | D14: 2020 | E14: =Water!C17 -> 220 | F14: =Water!E17 -> 566 | G14: =ELECT.!D18 -> 3665 | H14: =ELECT.!F18 -> 7207 | I14: =ELECT.!H18 -> 4272 | J14: =Gas!C16 -> 264 | K14: =Gas!E16 -> 400 | L14: =Gas!G16 -> 126 | M14: =Gas!I16 -> 15 | N14: =Gas!K16 -> 0 | O14: =Gas!M16 -> 0 | P14: =Gas!O16 -> 0 | Q14: =Gas!Q16 -> 0 | R14: =Gas!S16 -> 194 | S14: =Gas!U16 -> 21 | T14: =Gas!W16 -> 32 | U14: =Gas!Y16 -> 0 | V14: =Gas!AA16 -> 133 | W14: =Gas!AC16 -> 0 | X14: =ELECT.!B18 -> 56
... A30: Alexandria at San Stefano | B30: =B29+1 -> 29 | C30: 9 | D30: 2020 | E30: =Water!C33 -> 160 | F30: =Water!E33 -> 424 | G30: =ELECT.!D34 -> 3368 | H30: =ELECT.!F34 -> 15907 | I30: =ELECT.!H34 -> 4237 | J30: =Gas!C32 -> 298 | K30: =Gas!E32 -> 482 | L30: =Gas!G32 -> 100 | M30: =Gas!I32 -> 17 | N30: =Gas!K32 -> 0 | O30: =Gas!M32 -> 0 | P30: =Gas!O32 -> 106 | Q30: =Gas!Q32 -> 0 | R30: =Gas!S32 -> 144 | S30: =Gas!U32 -> 26 | T30: =Gas!W32 -> 34 | U30: =Gas!Y32 -> 0 | V30: =Gas!AA32 -> 123 | W30: =Gas!AC32 -> 0 | X30: =ELECT.!B34 -> 55
A31: Alexandria at San Stefano | B31: =B30+1 -> 30 | C31: 9 | D31: 2020 | E31: =Water!#REF! -> #REF! | F31: =Water!#REF! -> #REF! | G31: =ELECT.!#REF! -> #REF! | H31: =ELECT.!F35 -> 24456 | I31: =ELECT.!#REF! -> #REF! | J31: =Gas!C33 -> 210 | K31: =Gas!E33 -> 456 | L31: =Gas!G33 -> 105 | M31: =Gas!I33 -> 19 | N31: =Gas!K33 -> 0 | O31: =Gas!M33 -> 0 | P31: =Gas!O33 -> 0 | Q31: =Gas!Q33 -> 0 | R31: =Gas!S33 -> 178 | S31: =Gas!U33 -> 26 | T31: =Gas!W33 -> 34 | U31: =Gas!Y33 -> 0 | V31: =Gas!AA33 -> 119 | W31: =Gas!AC33 -> 0 | X31: =ELECT.!#REF! -> #REF!
A32: Alexandria at San Stefano | B32: =B31+1 -> 31 | C32: 9 | D32: 2020 | E32: =Water!C35 -> 5990 | F32: =Water!E35 -> 13003 | G32: =ELECT.!D36 -> 120426 | H32: =ELECT.!#REF! -> #REF! | I32: =ELECT.!H36 -> 143683 | J32: =Gas!#REF! -> #REF! | K32: =Gas!#REF! -> #REF! | L32: =Gas!#REF! -> #REF! | M32: =Gas!#REF! -> #REF! | N32: =Gas!#REF! -> #REF! | O32: =Gas!#REF! -> #REF! | P32: =Gas!#REF! -> #REF! | Q32: =Gas!#REF! -> #REF! | ... W32: =Gas!#REF! -> #REF! | X32: =ELECT.!B36 -> 0

Sheet ELECT.
A1: Feeders and transformers Electrity cons. Sep 2020
A2: Hotel
A3: Day | B3: Room Sold | C3: Trans-1 | D3: Cons. | E3: Trans-2 | F3: Cons. | G3: Trans-3 | H3: Cons. | I3: Total
C4: Readings | D4: Cons. | E4: Readings | F4: Cons. | G4: Readings | H4: Cons. | I4: Readings
A5: Last | B5: 74 | C5: 47354977 | D5: 0 | E5: 44879725 | F5: 0 | G5: 34119372 | H5: 0
A6: 44075 | B6: 77 | C6: 47359499 | D6: =IF((C6-C5)<0,"0",(C6-C5)) -> 4522 | E6: 44887923 | F6: =IF((E6-E5)<0,"0",(E6-E5)) -> 8198 | G6: 34123999 | H6: =IF((G6-G5)<0,"0",(G6-G5)) -> 4627 | I6: =D6+F6+H6 -> 17347
A7: 44076 | B7: 65 | C7: 47363660 | D7: =IF((C7-C6)<0,"0",(C7-C6)) -> 4161 | E7: 44895512 | F7: =IF((E7-E6)<0,"0",(E7-E6)) -> 7589 | G7: 34128412 | H7: =IF((G7-G6)<0,"0",(G7-G6)) -> 4413 | I7: =D7+F7+H7 -> 16163
A8: 44077 | B8: 66 | C8: 47367412 | D8: =IF((C8-C7)<0,"0",(C8-C7)) -> 3752 | E8: 44902998 | F8: =IF((E8-E7)<0,"0",(E8-E7)) -> 7486 | G8: 34132941 | H8: =IF((G8-G7)<0,"0",(G8-G7)) -> 4529 | I8: =D8+F8+H8 -> 15767
A9: 44078 | B9: 70 | C9: 47370942 | D9: =IF((C9-C8)<0,"0",(C9-C8)) -> 3530 | E9: 44910798 | F9: =IF((E9-E8)<0,"0",(E9-E8)) -> 7800 | G9: 34136989 | H9: =IF((G9-G8)<0,"0",(G9-G8)) -> 4048 | I9: =D9+F9+H9 -> 15378
A10: 44079 | B10: 75 | C10: 47374950 | D10: =IF((C10-C9)<0,"0",(C10-C9)) -> 4008 | E10: 44918650 | F10: =IF((E10-E9)<0,"0",(E10-E9)) -> 7852 | G10: 34141342 | H10: =IF((G10-G9)<0,"0",(G10-G9)) -> 4353 | I10: =D10+F10+H10 -> 16213
A11: 44080 | B11: 77 | C11: 47378842 | D11: =IF((C11-C10)<0,"0",(C11-C10)) -> 3892 | E11: 44927618 | F11: =IF((E11-E10)<0,"0",(E11-E10)) -> 8968 | G11: 34145852 | H11: =IF((G11-G10)<0,"0",(G11-G10)) -> 4510 | I11: =D11+F11+H11 -> 17370
A12: 44081 | B12: 60 | C12: 47383232 | D12: =IF((C12-C11)<0,"0",(C12-C11)) -> 4390 | E12: 44935562 | F12: =IF((E12-E11)<0,"0",(E12-E11)) -> 7944 | G12: 34150433 | H12: =IF((G12-G11)<0,"0",(G12-G11)) -> 4581 | I12: =D12+F12+H12 -> 16915
A13: 44082 | B13: 61 | C13: 47386872 | D13: =IF((C13-C12)<0,"0",(C13-C12)) -> 3640 | E13: 44942860 | F13: =IF((E13-E12)<0,"0",(E13-E12)) -> 7298 | G13: 34154436 | H13: =IF((G13-G12)<0,"0",(G13-G12)) -> 4003 | I13: =D13+F13+H13 -> 14941
A14: 44083 | B14: 52 | C14: 47390933 | D14: =IF((C14-C13)<0,"0",(C14-C13)) -> 4061 | E14: 44951429 | F14: =IF((E14-E13)<0,"0",(E14-E13)) -> 8569 | G14: 34159218 | H14: =IF((G14-G13)<0,"0",(G14-G13)) -> 4782 | I14: =D14+F14+H14 -> 17412
A15: 44084 | B15: 67 | C15: 47395054 | D15: =IF((C15-C14)<0,"0",(C15-C14)) -> 4121 | E15: 44961015 | F15: =IF((E15-E14)<0,"0",(E15-E14)) -> 9586 | G15: 34164793 | H15: =IF((G15-G14)<0,"0",(G15-G14)) -> 5575 | I15: =D15+F15+H15 -> 19282
A16: 44085 | B16: 75 | C16: 47399289 | D16: =IF((C16-C15)<0,"0",(C16-C15)) -> 4235 | E16: 44969354 | F16: =IF((E16-E15)<0,"0",(E16-E15)) -> 8339 | G16: 34169671 | H16: =IF((G16-G15)<0,"0",(G16-G15)) -> 4878 | I16: =D16+F16+H16 -> 17452
A17: 44086 | B17: 52 | C17: 47403001 | D17: =IF((C17-C16)<0,"0",(C17-C16)) -> 3712 | E17: 44976622 | F17: =IF((E17-E16)<0,"0",(E17-E16)) -> 7268 | G17: 34174021 | H17: =IF((G17-G16)<0,"0",(G17-G16)) -> 4350 | I17: =D17+F17+H17 -> 15330
... A24: 44093 | B24: 52 | C24: 47429555 | D24: =IF((C24-C23)<0,"0",(C24-C23)) -> 3818 | E24: 45031433 | F24: =IF((E24-E23)<0,"0",(E24-E23)) -> 8113 | G24: 34204748 | H24: =IF((G24-G23)<0,"0",(G24-G23)) -> 4464 | I24: =D24+F24+H24 -> 16395
A25: 44094 | B25: 50 | C25: 47433469 | D25: =IF((C25-C24)<0,"0",(C25-C24)) -> 3914 | E25: 45039322 | F25: 0 | G25: 34209212 | H25: =IF((G25-G24)<0,"0",(G25-G24)) -> 4464 | I25: =D25+F25+H25 -> 8378
A26: 44095 | B26: 46 | C26: 47437262 | D26: =IF((C26-C25)<0,"0",(C26-C25)) -> 3793 | E26: 45047134 | F26: =IF((E26-E25)<0,"0",(E26-E25)) -> 7812 | G26: 34213806 | H26: =IF((G26-G25)<0,"0",(G26-G25)) -> 4594 | I26: =D26+F26+H26 -> 16199
A27: 44096 | B27: 61 | C27: 47440989 | D27: =IF((C27-C26)<0,"0",(C27-C26)) -> 3727 | E27: 45054977 | F27: =IF((E27-E26)<0,"0",(E27-E26)) -> 7843 | G27: 34218602 | H27: =IF((G27-G26)<0,"0",(G27-G26)) -> 4796 | I27: =D27+F27+H27 -> 16366
A28: 44097 | B28: 60 | C28: 47444711 | D28: =IF((C28-C27)<0,"0",(C28-C27)) -> 3722 | E28: 45062702 | F28: =IF((E28-E27)<0,"0",(E28-E27)) -> 7725 | G28: 34223324 | H28: =IF((G28-G27)<0,"0",(G28-G27)) -> 4722 | I28: =D28+F28+H28 -> 16169
A29: 44098 | B29: 54 | C29: 47448811 | D29: =IF((C29-C28)<0,"0",(C29-C28)) -> 4100 | E29: 45071460 | F29: =IF((E29-E28)<0,"0",(E29-E28)) -> 8758 | G29: 34228588 | H29: =IF((G29-G28)<0,"0",(G29-G28)) -> 5264 | I29: =D29+F29+H29 -> 18122
A30: 44099 | B30: 56 | C30: 47453045 | D30: =IF((C30-C29)<0,"0",(C30-C29)) -> 4234 | E30: 45081670 | F30: =IF((E30-E29)<0,"0",(E30-E29)) -> 10210 | G30: 34234487 | H30: =IF((G30-G29)<0,"0",(G30-G29)) -> 5899 | I30: =D30+F30+H30 -> 20343
A31: 44100 | B31: 69 | C31: 47458200 | D31: =IF((C31-C30)<0,"0",(C31-C30)) -> 5155 | E31: 45089704 | F31: =IF((E31-E30)<0,"0",(E31-E30)) -> 8034 | G31: 34239290 | H31: =IF((G31-G30)<0,"0",(G31-G30)) -> 4803 | I31: =D31+F31+H31 -> 17992
A32: 44101 | B32: 68 | C32: 47460483 | D32: =IF((C32-C31)<0,"0",(C32-C31)) -> 2283 | E32: 45097183 | F32: =IF((E32-E31)<0,"0",(E32-E31)) -> 7479 | G32: 34244036 | H32: =IF((G32-G31)<0,"0",(G32-G31)) -> 4746 | I32: =D32+F32+H32 -> 14508
A33: 44102 | B33: 52 | C33: 47464628 | D33: =C33-C32 -> 4145 | E33: 45105823 | F33: =IF((E33-E31)<0,"0",(E33-E31)) -> 16119 | G33: 34249629 | H33: =G33-G32 -> 5593 | I33: =D33+F33+H33 -> 25857
A34: 44103 | B34: 55 | C34: 47467996 | D34: =C34-C33 -> 3368 | E34: 45113090 | F34: =IF((E34-E32)<0,"0",(E34-E32)) -> 15907 | G34: 34253866 | H34: =G34-G33 -> 4237 | I34: =D34+F34+H34 -> 23512
A35: 44104 | B35: 56 | C35: 47472035 | D35: =C35-C33 -> 7407 | E35: 45121639 | F35: =IF((E35-E32)<0,"0",(E35-E32)) -> 24456 | G35: 34258818 | H35: =G35-G33 -> 9189 | I35: =D35+F35+H35 -> 41052
A36: Total | D36: =SUM(D5:D35) -> 120426 | F36: =SUM(F5:F34) -> 241595 | H36: =SUM(H5:H35) -> 143683 | I36: =D36+F36+H36 -> 505704

Sheet Gas
A1: Gas Con. August 2020
A2: Day | B2: st. gas | C2: Cons. | D2: H.Water boiler | E2: Cons. | F2: Kala Kit. | G2: Cons. | H2: Pastery Kit. | I2: Cons. | J2: Italian Kit. | K2: Cons. | L2: Byblos kit | M2: Cons. | N2: Banquet Kit. | O2: Cons. | P2: Pool Kit. | Q2: Cons. | R2: Laundry | S2: Cons. | T2: Dinning | U2: Cons. | V2: Fresca | W2: Cons. | X2: jacuuzi Heater | Y2: Cons. | Z2: s.Pool Heater | AA2: Cons. | AB2: Lobby Lou. Heater | AC2: Cons. | AD2: Total Cons | AE2: Boiler 26 | AF2: Cons.
A3: Last | B3: 1419553 | D3: 33115957 | F3: 747632 | H3: 82639 | J3: 176873 | L3: 78153 | N3: 598494 | P3: 155790 | R3: 851802 | T3: 63697 | V3: 275390 | X3: 21007 | Z3: 668700 | AB3: 1410
A4: 44075 | B4: 1419780 | C4: =IF((B4-B3)<0,"0",(B4-B3)) -> 227 | D4: 33116419 | E4: =IF((D4-D3)<0,"0",(D4-D3)) -> 462 | F4: 747756 | G4: =IF((F4-F3)<0,"0",(F4-F3)) -> 124 | H4: 82649 | I4: =IF((H4-H3)<0,"0",(H4-H3)) -> 10 | J4: 176873 | K4: =IF((J4-J3)<0,"0",(J4-J3)) -> 0 | L4: 78153 | M4: =IF((L4-L3)<0,"0",(L4-L3)) -> 0 | N4: 598494 | O4: =IF((N4-N3)<0,"0",(N4-N3)) -> 0 | P4: 155790 | Q4: =IF((P4-P3)<0,"0",(P4-P3)) -> 0 | R4: 852001 | S4: =IF((R4-R3)<0,"0",(R4-R3)) -> 199 | T4: 63731 | U4: =IF((T4-T3)<0,"0",(T4-T3)) -> 34 | V4: 275438 | W4: =IF((V4-V3)<0,"0",(V4-V3)) -> 48 | X4: 21007 | Y4: =IF((X4-X3)<0,"0",(X4-X3)) -> 0 | Z4: 668900 | AA4: =IF((Z4-Z3)<0,"0",(Z4-Z3)) -> 200 | AB4: 1410 | AC4: =IF((AB4-AB3)<0,"0",(AB4-AB3)) -> 0 | AD4: =C4+E4+G4+I4+K4+M4+O4+Q4+S4+U4+W4+Y4+AA4+AC4 -> 1304 | AE4: 0 | AF4: =IF((AE4-AE3)<0,"0",(AE4-AE3)) -> 0
A5: 44076 | B5: 1420020 | C5: =IF((B5-B4)<0,"0",(B5-B4)) -> 240 | D5: 33116830 | E5: =IF((D5-D4)<0,"0",(D5-D4)) -> 411 | F5: 747875 | G5: =IF((F5-F4)<0,"0",(F5-F4)) -> 119 | H5: 82660 | I5: =IF((H5-H4)<0,"0",(H5-H4)) -> 11 | J5: 176873 | K5: =IF((J5-J4)<0,"0",(J5-J4)) -> 0 | L5: 78153 | M5: =IF((L5-L4)<0,"0",(L5-L4)) -> 0 | N5: 598494 | O5: =IF((N5-N4)<0,"0",(N5-N4)) -> 0 | P5: 155790 | Q5: =IF((P5-P4)<0,"0",(P5-P4)) -> 0 | R5: 852198 | S5: =IF((R5-R4)<0,"0",(R5-R4)) -> 197 | T5: 63762 | U5: =IF((T5-T4)<0,"0",(T5-T4)) -> 31 | V5: 275488 | W5: =IF((V5-V4)<0,"0",(V5-V4)) -> 50 | X5: 21007 | Y5: =IF((X5-X4)<0,"0",(X5-X4)) -> 0 | Z5: 669102 | AA5: =IF((Z5-Z4)<0,"0",(Z5-Z4)) -> 202 | AB5: 1410 | AC5: =IF((AB5-AB4)<0,"0",(AB5-AB4)) -> 0 | AD5: =C5+E5+G5+I5+K5+M5+O5+Q5+S5+U5+W5+Y5+AA5+AC5 -> 1261 | AE5: 0 | AF5: =IF((AE5-AE4)<0,"0",(AE5-AE4)) -> 0
A6: 44077 | B6: 1420230 | C6: =IF((B6-B5)<0,"0",(B6-B5)) -> 210 | D6: 33117310 | E6: =IF((D6-D5)<0,"0",(D6-D5)) -> 480 | F6: 747990 | G6: =IF((F6-F5)<0,"0",(F6-F5)) -> 115 | H6: 82672 | I6: =IF((H6-H5)<0,"0",(H6-H5)) -> 12 | J6: 176873 | K6: =IF((J6-J5)<0,"0",(J6-J5)) -> 0 | L6: 78153 | M6: =IF((L6-L5)<0,"0",(L6-L5)) -> 0 | N6: 598494 | O6: =IF((N6-N5)<0,"0",(N6-N5)) -> 0 | P6: 155790 | Q6: =IF((P6-P5)<0,"0",(P6-P5)) -> 0 | R6: 852352 | S6: =IF((R6-R5)<0,"0",(R6-R5)) -> 154 | T6: 63785 | U6: =IF((T6-T5)<0,"0",(T6-T5)) -> 23 | V6: 275528 | W6: =IF((V6-V5)<0,"0",(V6-V5)) -> 40 | X6: 21007 | Y6: =IF((X6-X5)<0,"0",(X6-X5)) -> 0 | Z6: 669221 | AA6: =IF((Z6-Z5)<0,"0",(Z6-Z5)) -> 119 | AB6: 1410 | AC6: =IF((AB6-AB5)<0,"0",(AB6-AB5)) -> 0 | AD6: =C6+E6+G6+I6+K6+M6+O6+Q6+S6+U6+W6+Y6+AA6+AC6 -> 1153 | AE6: 0 | AF6: =IF((AE6-AE5)<0,"0",(AE6-AE5)) -> 0
A7: 44078 | B7: 1420460 | C7: =IF((B7-B6)<0,"0",(B7-B6)) -> 230 | D7: 33117735 | E7: =IF((D7-D6)<0,"0",(D7-D6)) -> 425 | F7: 748112 | G7: =IF((F7-F6)<0,"0",(F7-F6)) -> 122 | H7: 82692 | I7: =IF((H7-H6)<0,"0",(H7-H6)) -> 20 | J7: 176873 | K7: =IF((J7-J6)<0,"0",(J7-J6)) -> 0 | L7: 78153 | M7: =IF((L7-L6)<0,"0",(L7-L6)) -> 0 | N7: 598494 | O7: =IF((N7-N6)<0,"0",(N7-N6)) -> 0 | P7: 155790 | Q7: =IF((P7-P6)<0,"0",(P7-P6)) -> 0 | R7: 852624 | S7: =IF((R7-R6)<0,"0",(R7-R6)) -> 272 | T7: 63803 | U7: =IF((T7-T6)<0,"0",(T7-T6)) -> 18 | V7: 275570 | W7: =IF((V7-V6)<0,"0",(V7-V6)) -> 42 | X7: 21007 | Y7: =IF((X7-X6)<0,"0",(X7-X6)) -> 0 | Z7: 669422 | AA7: =IF((Z7-Z6)<0,"0",(Z7-Z6)) -> 201 | AB7: 1410 | AC7: =IF((AB7-AB6)<0,"0",(AB7-AB6)) -> 0 | AD7: =C7+E7+G7+I7+K7+M7+O7+Q7+S7+U7+W7+Y7+AA7+AC7 -> 1330 | AE7: 0 | AF7: =IF((AE7-AE6)<0,"0",(AE7-AE6)) -> 0
A8: 44079 | B8: 1420695 | C8: =IF((B8-B7)<0,"0",(B8-B7)) -> 235 | D8: 33118190 | E8: =IF((D8-D7)<0,"0",(D8-D7)) -> 455 | F8: 748211 | G8: =IF((F8-F7)<0,"0",(F8-F7)) -> 99 | H8: 82720 | I8: =IF((H8-H7)<0,"0",(H8-H7)) -> 28 | J8: 176873 | K8: =IF((J8-J7)<0,"0",(J8-J7)) -> 0 | L8: 78153 | M8: =IF((L8-L7)<0,"0",(L8-L7)) -> 0 | N8: 598494 | O8: =IF((N8-N7)<0,"0",(N8-N7)) -> 0 | P8: 155790 | Q8: =IF((P8-P7)<0,"0",(P8-P7)) -> 0 | R8: 852858 | S8: =IF((R8-R7)<0,"0",(R8-R7)) -> 234 | T8: 63860 | U8: =IF((T8-T7)<0,"0",(T8-T7)) -> 57 | V8: 275620 | W8: =IF((V8-V7)<0,"0",(V8-V7)) -> 50 | X8: 21007 | Y8: =IF((X8-X7)<0,"0",(X8-X7)) -> 0 | Z8: 669622 | AA8: =IF((Z8-Z7)<0,"0",(Z8-Z7)) -> 200 | AB8: 1410 | AC8: =IF((AB8-AB7)<0,"0",(AB8-AB7)) -> 0 | AD8: =C8+E8+G8+I8+K8+M8+O8+Q8+S8+U8+W8+Y8+AA8+AC8 -> 1358 | AE8: 0 | AF8: =IF((AE8-AE7)<0,"0",(AE8-AE7)) -> 0
A9: 44080 | B9: 1421001 | C9: =IF((B9-B8)<0,"0",(B9-B8)) -> 306 | D9: 33118655 | E9: =IF((D9-D8)<0,"0",(D9-D8)) -> 465 | F9: 748346 | G9: =IF((F9-F8)<0,"0",(F9-F8)) -> 135 | H9: 82741 | I9: =IF((H9-H8)<0,"0",(H9-H8)) -> 21 | J9: 176873 | K9: =IF((J9-J8)<0,"0",(J9-J8)) -> 0 | L9: 78153 | M9: =IF((L9-L8)<0,"0",(L9-L8)) -> 0 | N9: 598494 | O9: =IF((N9-N8)<0,"0",(N9-N8)) -> 0 | P9: 155790 | Q9: =IF((P9-P8)<0,"0",(P9-P8)) -> 0 | R9: 853021 | S9: =IF((R9-R8)<0,"0",(R9-R8)) -> 163 | T9: 63903 | U9: =IF((T9-T8)<0,"0",(T9-T8)) -> 43 | V9: 275644 | W9: =IF((V9-V8)<0,"0",(V9-V8)) -> 24 | X9: 21007 | Y9: =IF((X9-X8)<0,"0",(X9-X8)) -> 0 | Z9: 669832 | AA9: =IF((Z9-Z8)<0,"0",(Z9-Z8)) -> 210 | AB9: 1410 | AC9: =IF((AB9-AB8)<0,"0",(AB9-AB8)) -> 0 | AD9: =C9+E9+G9+I9+K9+M9+O9+Q9+S9+U9+W9+Y9+AA9+AC9 -> 1367 | AE9: 0 | AF9: =IF((AE9-AE8)<0,"0",(AE9-AE8)) -> 0
A10: 44081 | B10: 1421207 | C10: =IF((B10-B9)<0,"0",(B10-B9)) -> 206 | D10: 33119069 | E10: =IF((D10-D9)<0,"0",(D10-D9)) -> 414 | F10: 748492 | G10: =IF((F10-F9)<0,"0",(F10-F9)) -> 146 | H10: 82758 | I10: =IF((H10-H9)<0,"0",(H10-H9)) -> 17 | J10: 176873 | K10: =IF((J10-J9)<0,"0",(J10-J9)) -> 0 | L10: 78153 | M10: =IF((L10-L9)<0,"0",(L10-L9)) -> 0 | N10: 598494 | O10: =IF((N10-N9)<0,"0",(N10-N9)) -> 0 | P10: 155790 | Q10: =IF((P10-P9)<0,"0",(P10-P9)) -> 0 | R10: 853242 | S10: =IF((R10-R9)<0,"0",(R10-R9)) -> 221 | T10: 63947 | U10: =IF((T10-T9)<0,"0",(T10-T9)) -> 44 | V10: 275683 | W10: =IF((V10-V9)<0,"0",(V10-V9)) -> 39 | X10: 21007 | Y10: =IF((X10-X9)<0,"0",(X10-X9)) -> 0 | Z10: 670021 | AA10: =IF((Z10-Z9)<0,"0",(Z10-Z9)) -> 189 | AB10: 1410 | AC10: =IF((AB10-AB9)<0,"0",(AB10-AB9)) -> 0 | AD10: =C10+E10+G10+I10+K10+M10+O10+Q10+S10+U10+W10+Y10+AA10+AC10 -> 1276 | AE10: 0 | AF10: =IF((AE10-AE9)<0,"0",(AE10-AE9)) -> 0
A11: 44082 | B11: 1421468 | C11: =IF((B11-B10)<0,"0",(B11-B10)) -> 261 | D11: 33119527 | E11: =IF((D11-D10)<0,"0",(D11-D10)) -> 458 | F11: 748637 | G11: =IF((F11-F10)<0,"0",(F11-F10)) -> 145 | H11: 82774 | I11: =IF((H11-H10)<0,"0",(H11-H10)) -> 16 | J11: 176873 | K11: =IF((J11-J10)<0,"0",(J11-J10)) -> 0 | L11: 78153 | M11: =IF((L11-L10)<0,"0",(L11-L10)) -> 0 | N11: 598494 | O11: =IF((N11-N10)<0,"0",(N11-N10)) -> 0 | P11: 155790 | Q11: =IF((P11-P10)<0,"0",(P11-P10)) -> 0 | R11: 853462 | S11: =IF((R11-R10)<0,"0",(R11-R10)) -> 220 | T11: 63986 | U11: =IF((T11-T10)<0,"0",(T11-T10)) -> 39 | V11: 275724 | W11: =IF((V11-V10)<0,"0",(V11-V10)) -> 41 | X11: 21007 | Y11: =IF((X11-X10)<0,"0",(X11-X10)) -> 0 | Z11: 670201 | AA11: =IF((Z11-Z10)<0,"0",(Z11-Z10)) -> 180 | AB11: 1410 | AC11: =IF((AB11-AB10)<0,"0",(AB11-AB10)) -> 0 | AD11: =C11+E11+G11+I11+K11+M11+O11+Q11+S11+U11+W11+Y11+AA11+AC11 -> 1360 | AE11: 0 | AF11: =IF((AE11-AE10)<0,"0",(AE11-AE10)) -> 0
A12: 44083 | B12: 1421749 | C12: =IF((B12-B11)<0,"0",(B12-B11)) -> 281 | D12: 33120025 | E12: =IF((D12-D11)<0,"0",(D12-D11)) -> 498 | F12: 748779 | G12: =IF((F12-F11)<0,"0",(F12-F11)) -> 142 | H12: 82792 | I12: =IF((H12-H11)<0,"0",(H12-H11)) -> 18 | J12: 176873 | K12: =IF((J12-J11)<0,"0",(J12-J11)) -> 0 | L12: 78153 | M12: =IF((L12-L11)<0,"0",(L12-L11)) -> 0 | N12: 598494 | O12: =IF((N12-N11)<0,"0",(N12-N11)) -> 0 | P12: 155790 | Q12: =IF((P12-P11)<0,"0",(P12-P11)) -> 0 | R12: 853687 | S12: =IF((R12-R11)<0,"0",(R12-R11)) -> 225 | T12: 64027 | U12: =IF((T12-T11)<0,"0",(T12-T11)) -> 41 | V12: 275774 | W12: =IF((V12-V11)<0,"0",(V12-V11)) -> 50 | X12: 21007 | Y12: =IF((X12-X11)<0,"0",(X12-X11)) -> 0 | Z12: 670387 | AA12: =IF((Z12-Z11)<0,"0",(Z12-Z11)) -> 186 | AB12: 1410 | AC12: =IF((AB12-AB11)<0,"0",(AB12-AB11)) -> 0 | AD12: =C12+E12+G12+I12+K12+M12+O12+Q12+S12+U12+W12+Y12+AA12+AC12 -> 1441 | AE12: 0 | AF12: =IF((AE12-AE11)<0,"0",(AE12-AE11)) -> 0
A13: 44084 | B13: 1422028 | C13: =IF((B13-B12)<0,"0",(B13-B12)) -> 279 | D13: 33120489 | E13: =IF((D13-D12)<0,"0",(D13-D12)) -> 464 | F13: 748892 | G13: =IF((F13-F12)<0,"0",(F13-F12)) -> 113 | H13: 82820 | I13: =IF((H13-H12)<0,"0",(H13-H12)) -> 28 | J13: 176873 | K13: =IF((J13-J12)<0,"0",(J13-J12)) -> 0 | L13: 78153 | M13: =IF((L13-L12)<0,"0",(L13-L12)) -> 0 | N13: 598494 | O13: =IF((N13-N12)<0,"0",(N13-N12)) -> 0 | P13: 155790 | Q13: =IF((P13-P12)<0,"0",(P13-P12)) -> 0 | R13: 853845 | S13: =IF((R13-R12)<0,"0",(R13-R12)) -> 158 | T13: 64051 | U13: =IF((T13-T12)<0,"0",(T13-T12)) -> 24 | V13: 275800 | W13: =IF((V13-V12)<0,"0",(V13-V12)) -> 26 | X13: 21007 | Y13: =IF((X13-X12)<0,"0",(X13-X12)) -> 0 | Z13: 670564 | AA13: =IF((Z13-Z12)<0,"0",(Z13-Z12)) -> 177 | AB13: 1410 | AC13: =IF((AB13-AB12)<0,"0",(AB13-AB12)) -> 0 | AD13: =C13+E13+G13+I13+K13+M13+O13+Q13+S13+U13+W13+Y13+AA13+AC13 -> 1269 | AE13: 0 | AF13: =IF((AE13-AE12)<0,"0",(AE13-AE12)) -> 0
A14: 44085 | B14: 1422171 | C14: =IF((B14-B13)<0,"0",(B14-B13)) -> 143 | D14: 33120891 | E14: =IF((D14-D13)<0,"0",(D14-D13)) -> 402 | F14: 749037 | G14: =IF((F14-F13)<0,"0",(F14-F13)) -> 145 | H14: 82845 | I14: =IF((H14-H13)<0,"0",(H14-H13)) -> 25 | J14: 176873 | K14: =IF((J14-J13)<0,"0",(J14-J13)) -> 0 | L14: 78153 | M14: =IF((L14-L13)<0,"0",(L14-L13)) -> 0 | N14: 598494 | O14: =IF((N14-N13)<0,"0",(N14-N13)) -> 0 | P14: 155790 | Q14: =IF((P14-P13)<0,"0",(P14-P13)) -> 0 | R14: 854078 | S14: =IF((R14-R13)<0,"0",(R14-R13)) -> 233 | T14: 64093 | U14: =IF((T14-T13)<0,"0",(T14-T13)) -> 42 | V14: 275836 | W14: =IF((V14-V13)<0,"0",(V14-V13)) -> 36 | X14: 21007 | Y14: =IF((X14-X13)<0,"0",(X14-X13)) -> 0 | Z14: 670735 | AA14: =IF((Z14-Z13)<0,"0",(Z14-Z13)) -> 171 | AB14: 1410 | AC14: =IF((AB14-AB13)<0,"0",(AB14-AB13)) -> 0 | AD14: =C14+E14+G14+I14+K14+M14+O14+Q14+S14+U14+W14+Y14+AA14+AC14 -> 1197 | AE14: 0 | AF14: =IF((AE14-AE13)<0,"0",(AE14-AE13)) -> 0
A15: 44086 | B15: 1422427 | C15: =IF((B15-B14)<0,"0",(B15-B14)) -> 256 | D15: 33121319 | E15: =IF((D15-D14)<0,"0",(D15-D14)) -> 428 | F15: 749188 | G15: =IF((F15-F14)<0,"0",(F15-F14)) -> 151 | H15: 82863 | I15: =IF((H15-H14)<0,"0",(H15-H14)) -> 18 | J15: 176873 | K15: =IF((J15-J14)<0,"0",(J15-J14)) -> 0 | L15: 78153 | M15: =IF((L15-L14)<0,"0",(L15-L14)) -> 0 | N15: 598494 | O15: =IF((N15-N14)<0,"0",(N15-N14)) -> 0 | P15: 155790 | Q15: =IF((P15-P14)<0,"0",(P15-P14)) -> 0 | R15: 854299 | S15: =IF((R15-R14)<0,"0",(R15-R14)) -> 221 | T15: 64122 | U15: =IF((T15-T14)<0,"0",(T15-T14)) -> 29 | V15: 275867 | W15: =IF((V15-V14)<0,"0",(V15-V14)) -> 31 | X15: 21007 | Y15: =IF((X15-X14)<0,"0",(X15-X14)) -> 0 | Z15: 670896 | AA15: =IF((Z15-Z14)<0,"0",(Z15-Z14)) -> 161 | AB15: 1410 | AC15: =IF((AB15-AB14)<0,"0",(AB15-AB14)) -> 0 | AD15: =C15+E15+G15+I15+K15+M15+O15+Q15+S15+U15+W15+Y15+AA15+AC15 -> 1295 | AE15: 0 | AF15: =IF((AE15-AE14)<0,"0",(AE15-AE14)) -> 0
... A30: 44101 | B30: 1425993 | C30: =IF((B30-B29)<0,"0",(B30-B29)) -> 226 | D30: 33128371 | E30: =IF((D30-D29)<0,"0",(D30-D29)) -> 465 | F30: 750965 | G30: =IF((F30-F29)<0,"0",(F30-F29)) -> 99 | H30: 83138 | I30: =IF((H30-H29)<0,"0",(H30-H29)) -> 25 | J30: 176881 | K30: =IF((J30-J29)<0,"0",(J30-J29)) -> 0 | L30: 78153 | M30: =IF((L30-L29)<0,"0",(L30-L29)) -> 0 | N30: 598916 | O30: =IF((N30-N29)<0,"0",(N30-N29)) -> 25 | P30: 155790 | Q30: =IF((P30-P29)<0,"0",(P30-P29)) -> 0 | R30: 857030 | S30: =IF((R30-R29)<0,"0",(R30-R29)) -> 182 | T30: 64511 | U30: =IF((T30-T29)<0,"0",(T30-T29)) -> 17 | V30: 276355 | W30: =IF((V30-V29)<0,"0",(V30-V29)) -> 30 | X30: 21007 | Y30: =IF((X30-X29)<0,"0",(X30-X29)) -> 0 | Z30: 673096 | AA30: =IF((Z30-Z29)<0,"0",(Z30-Z29)) -> 123 | AB30: 1410 | AC30: =IF((AB30-AB29)<0,"0",(AB30-AB29)) -> 0 | AD30: =C30+E30+G30+I30+K30+M30+O30+Q30+S30+U30+W30+Y30+AA30+AC30 -> 1192 | AE30: 0 | AF30: =IF((AE30-AE29)<0,"0",(AE30-AE29)) -> 0
A31: 44102 | B31: 1426155 | C31: =IF((B31-B30)<0,"0",(B31-B30)) -> 162 | D31: 33128815 | E31: =IF((D31-D30)<0,"0",(D31-D30)) -> 444 | F31: 751058 | G31: =IF((F31-F30)<0,"0",(F31-F30)) -> 93 | H31: 83152 | I31: =IF((H31-H30)<0,"0",(H31-H30)) -> 14 | J31: 176881 | K31: =IF((J31-J30)<0,"0",(J31-J30)) -> 0 | L31: 78153 | M31: =IF((L31-L30)<0,"0",(L31-L30)) -> 0 | N31: 598983 | O31: =IF((N31-N30)<0,"0",(N31-N30)) -> 67 | P31: 155790 | Q31: =IF((P31-P30)<0,"0",(P31-P30)) -> 0 | R31: 857198 | S31: =IF((R31-R30)<0,"0",(R31-R30)) -> 168 | T31: 64534 | U31: =IF((T31-T30)<0,"0",(T31-T30)) -> 23 | V31: 276393 | W31: =IF((V31-V30)<0,"0",(V31-V30)) -> 38 | X31: 21007 | Y31: =IF((X31-X30)<0,"0",(X31-X30)) -> 0 | Z31: 673230 | AA31: =IF((Z31-Z30)<0,"0",(Z31-Z30)) -> 134 | AB31: 1410 | AC31: =IF((AB31-AB30)<0,"0",(AB31-AB30)) -> 0 | AD31: =AC31+AA31+Y31+W31+U31+S31+Q31+O31+M31+K31+I31+G31+E31+C31 -> 1143 | AE31: 0 | AF31: =IF((AE31-AE30)<0,"0",(AE31-AE30)) -> 0
A32: 44103 | B32: 1426453 | C32: =IF((B32-B31)<0,"0",(B32-B31)) -> 298 | D32: 33129297 | E32: =IF((D32-D31)<0,"0",(D32-D31)) -> 482 | F32: 751158 | G32: =IF((F32-F31)<0,"0",(F32-F31)) -> 100 | H32: 83169 | I32: =IF((H32-H31)<0,"0",(H32-H31)) -> 17 | J32: 176881 | K32: =IF((J32-J31)<0,"0",(J32-J31)) -> 0 | L32: 78153 | M32: =IF((L32-L31)<0,"0",(L32-L31)) -> 0 | N32: 599089 | O32: =IF((N32-N31)<0,"0",(N32-N31)) -> 106 | P32: 155790 | Q32: =IF((P32-P31)<0,"0",(P32-P31)) -> 0 | R32: 857342 | S32: =IF((R32-R31)<0,"0",(R32-R31)) -> 144 | T32: 64560 | U32: =IF((T32-T31)<0,"0",(T32-T31)) -> 26 | V32: 276427 | W32: =IF((V32-V31)<0,"0",(V32-V31)) -> 34 | X32: 21007 | Y32: =IF((X32-X31)<0,"0",(X32-X31)) -> 0 | Z32: 673353 | AA32: =IF((Z32-Z31)<0,"0",(Z32-Z31)) -> 123 | AB32: 1410 | AC32: =IF((AB32-AB31)<0,"0",(AB32-AB31)) -> 0 | AD32: =AC32+AA32+Y32+W32+U32+S32+Q32+O32+M32+K32+I32+G32+E32+C32 -> 1330 | AE32: 0 | AF32: =IF((AE32-AE31)<0,"0",(AE32-AE31)) -> 0
A33: 44104 | B33: 1426663 | C33: =IF((B33-B32)<0,"0",(B33-B32)) -> 210 | D33: 33129753 | E33: =IF((D33-D32)<0,"0",(D33-D32)) -> 456 | F33: 751263 | G33: =IF((F33-F32)<0,"0",(F33-F32)) -> 105 | H33: 83188 | I33: =IF((H33-H32)<0,"0",(H33-H32)) -> 19 | J33: 176881 | K33: =IF((J33-J32)<0,"0",(J33-J32)) -> 0 | L33: 78153 | M33: =IF((L33-L32)<0,"0",(L33-L32)) -> 0 | N33: 599089 | O33: =IF((N33-N32)<0,"0",(N33-N32)) -> 0 | P33: 155790 | Q33: =IF((P33-P32)<0,"0",(P33-P32)) -> 0 | R33: 857520 | S33: =IF((R33-R32)<0,"0",(R33-R32)) -> 178 | T33: 64586 | U33: =IF((T33-T32)<0,"0",(T33-T32)) -> 26 | V33: 276461 | W33: =IF((V33-V32)<0,"0",(V33-V32)) -> 34 | X33: 21007 | Y33: =IF((X33-X32)<0,"0",(X33-X32)) -> 0 | Z33: 673472 | AA33: =IF((Z33-Z32)<0,"0",(Z33-Z32)) -> 119 | AB33: 1410 | AC33: =IF((AB33-AB32)<0,"0",(AB33-AB32)) -> 0 | AD33: =AC33+AA33+Y33+W33+U33+S33+Q33+O33+M33+K33+I33+G33+E33+C33 -> 1147 | AE33: 0 | AF33: =IF((AE33-AE32)<0,"0",(AE33-AE32)) -> 0
L34: 78153

Sheet Water
A1: Hotel August 2020
A2: Day
B3: Main Reading | C3: Cons. | D3: Beach Water | E3: Cons.
A4: Last | B4: 53462 | C4: 0 | D4: 492556 | E4: 0
A5: 44075 | B5: 53482 | C5: =(IF((B5-B4)<0,"0",(B5-B4)))*10 -> 200 | D5: 493004 | E5: =E8 -> 421
A6: 44076 | B6: 53504 | C6: =(IF((B6-B5)<0,"0",(B6-B5)))*10 -> 220 | D6: 493459 | E6: =E7 -> 430
A7: 44077 | B7: 53523 | C7: =(IF((B7-B6)<0,"0",(B7-B6)))*10 -> 190 | D7: 493889 | E7: =(IF((D7-D6)<0,"0",(D7-D6))) -> 430
A8: 44078 | B8: 53544 | C8: =(IF((B8-B7)<0,"0",(B8-B7)))*10 -> 210 | D8: 494310 | E8: =(IF((D8-D7)<0,"0",(D8-D7))) -> 421
A9: 44079 | B9: 53563 | C9: =(IF((B9-B8)<0,"0",(B9-B8)))*10 -> 190 | D9: 494730 | E9: =(IF((D9-D8)<0,"0",(D9-D8))) -> 420
A10: 44080 | B10: 53581 | C10: =(IF((B10-B9)<0,"0",(B10-B9)))*10 -> 180 | D10: 495176 | E10: =(IF((D10-D9)<0,"0",(D10-D9))) -> 446
A11: 44081 | B11: 53607 | C11: =(IF((B11-B10)<0,"0",(B11-B10)))*10 -> 260 | D11: 495606 | E11: =(IF((D11-D10)<0,"0",(D11-D10))) -> 430
A12: 44082 | B12: 53627 | C12: =(IF((B12-B11)<0,"0",(B12-B11)))*10 -> 200 | D12: 495943 | E12: =(IF((D12-D11)<0,"0",(D12-D11))) -> 337
A13: 44083 | B13: 53646 | C13: =(IF((B13-B12)<0,"0",(B13-B12)))*10 -> 190 | D13: 496389 | E13: =(IF((D13-D12)<0,"0",(D13-D12))) -> 446
A14: 44084 | B14: 53669 | C14: =(IF((B14-B13)<0,"0",(B14-B13)))*10 -> 230 | D14: 496843 | E14: =(IF((D14-D13)<0,"0",(D14-D13))) -> 454
A15: 44085 | B15: 53691 | C15: =(IF((B15-B14)<0,"0",(B15-B14)))*10 -> 220 | D15: 497263 | E15: =(IF((D15-D14)<0,"0",(D15-D14))) -> 420
A16: 44086 | B16: 53710 | C16: =(IF((B16-B15)<0,"0",(B16-B15)))*10 -> 190 | D16: 497690 | E16: =(IF((D16-D15)<0,"0",(D16-D15))) -> 427
A17: 44087 | B17: 53732 | C17: =(IF((B17-B16)<0,"0",(B17-B16)))*10 -> 220 | D17: 498256 | E17: =(IF((D17-D16)<0,"0",(D17-D16))) -> 566
A18: 44088 | B18: 53751 | C18: =(IF((B18-B17)<0,"0",(B18-B17)))*10 -> 190 | D18: 498495 | E18: =(IF((D18-D17)<0,"0",(D18-D17))) -> 239
... A33: 44103 | B33: 54029 | C33: =(IF((B33-B32)<0,"0",(B33-B32)))*10 -> 160 | D33: 504829 | E33: =(IF((D33-D32)<0,"0",(D33-D32))) -> 424
A34: 44104 | B34: 54045 | C34: =(IF((B34-B32)<0,"0",(B34-B32)))*10 -> 320 | D34: 505187 | E34: =(IF((D34-D32)<0,"0",(D34-D32))) -> 782
A35: Total | C35: =SUM(C5:C34) -> 5990 | E35: =SUM(E5:E34) -> 13003
