Workbook

Sheet TOTAL
A1: Site Name | B1: Day | C1: Month | D1: Year | E1: Total Electricity Kwh | F1: Electricity Tariff ($/Kwh) | G1: Natual Gas (m3) | H1: Natural Gas $/m3 | I1: Water Utility Supply (m3) m3 | J1: Water Utility Supply (m3) $/m3 | K1: Room Nights
A2: Alexandria at San Stefano | B2: 1 | C2: 10 | D2: 2020 | E2: =ELECT.!D6+ELECT.!F6+ELECT.!H6 -> 18489 | F2: 1.56 | G2: =Submetering!J2+Submetering!K2+Submetering!L2+Submetering!M2+Submetering!N2+Submetering!O2+Submetering!P2+Submetering!Q2+Submetering!R2+Submetering!S2+Submetering!T2+Submetering!U2+Submetering!V2+Submetering!W2 -> 1306 | H2: 3.6 | I2: =Submetering!E2+Water!E5 -> 553 | J2: 9.1 | K2: =ELECT.!B6 -> 77
A3: Alexandria at San Stefano | B3: =B2+1 -> 2 | C3: 10 | D3: 2020 | E3: =ELECT.!D7+ELECT.!F7+ELECT.!H7 -> 18115 | F3: 1.56 | G3: =Submetering!J3+Submetering!K3+Submetering!L3+Submetering!M3+Submetering!N3+Submetering!O3+Submetering!P3+Submetering!Q3+Submetering!R3+Submetering!S3+Submetering!T3+Submetering!U3+Submetering!V3+Submetering!W3 -> 1276 | H3: 3.6 | I3: =Submetering!E3+Water!E6 -> 684 | J3: 9.1 | K3: =ELECT.!B7 -> 65
A4: Alexandria at San Stefano | B4: =B3+1 -> 3 | C4: 10 | D4: 2020 | E4: =ELECT.!D8+ELECT.!F8+ELECT.!H8 -> 17172 | F4: 1.56 | G4: =Submetering!J4+Submetering!K4+Submetering!L4+Submetering!M4+Submetering!N4+Submetering!O4+Submetering!P4+Submetering!Q4+Submetering!R4+Submetering!S4+Submetering!T4+Submetering!U4+Submetering!V4+Submetering!W4 -> 1079 | H4: 3.6 | I4: =Submetering!E4+Water!E7 -> 538 | J4: 9.1 | K4: =ELECT.!B8 -> 66
A5: Alexandria at San Stefano | B5: =B4+1 -> 4 | C5: 10 | D5: 2020 | E5: =ELECT.!D9+ELECT.!F9+ELECT.!H9 -> 19485 | F5: 1.56 | G5: =Submetering!J5+Submetering!K5+Submetering!L5+Submetering!M5+Submetering!N5+Submetering!O5+Submetering!P5+Submetering!Q5+Submetering!R5+Submetering!S5+Submetering!T5+Submetering!U5+Submetering!V5+Submetering!W5 -> 1272 | H5: 3.6 | I5: =Submetering!E5+Water!E8 -> 440 | J5: 9.1 | K5: =ELECT.!B9 -> 70
A6: Alexandria at San Stefano | B6: =B5+1 -> 5 | C6: 10 | D6: 2020 | E6: =ELECT.!D10+ELECT.!F10+ELECT.!H10 -> 18427 | F6: 1.56 | G6: =Submetering!J6+Submetering!K6+Submetering!L6+Submetering!M6+Submetering!N6+Submetering!O6+Submetering!P6+Submetering!Q6+Submetering!R6+Submetering!S6+Submetering!T6+Submetering!U6+Submetering!V6+Submetering!W6 -> 1179 | H6: 3.6 | I6: =Submetering!E6+Water!E9 -> 583 | J6: 9.1 | K6: =ELECT.!B10 -> 75
A7: Alexandria at San Stefano | B7: =B6+1 -> 6 | C7: 10 | D7: 2020 | E7: =ELECT.!D11+ELECT.!F11+ELECT.!H11 -> 16997 | F7: 1.56 | G7: =Submetering!J7+Submetering!K7+Submetering!L7+Submetering!M7+Submetering!N7+Submetering!O7+Submetering!P7+Submetering!Q7+Submetering!R7+Submetering!S7+Submetering!T7+Submetering!U7+Submetering!V7+Submetering!W7 -> 1217 | H7: 3.6 | I7: =Submetering!E7+Water!E10 -> 547 | J7: 9.1 | K7: =ELECT.!B11 -> 77
A8: Alexandria at San Stefano | B8: =B7+1 -> 7 | C8: 10 | D8: 2020 | E8: =ELECT.!D12+ELECT.!F12+ELECT.!H12 -> 17730 | F8: 1.56 | G8: =Submetering!J8+Submetering!K8+Submetering!L8+Submetering!M8+Submetering!N8+Submetering!O8+Submetering!P8+Submetering!Q8+Submetering!R8+Submetering!S8+Submetering!T8+Submetering!U8+Submetering!V8+Submetering!W8 -> 1295 | H8: 3.6 | I8: =Submetering!E8+Water!E11 -> 718 | J8: 9.1 | K8: =ELECT.!B12 -> 60
A9: Alexandria at San Stefano | B9: =B8+1 -> 8 | C9: 10 | D9: 2020 | E9: =ELECT.!D13+ELECT.!F13+ELECT.!H13 -> 19084 | F9: 1.56 | G9: =Submetering!J9+Submetering!K9+Submetering!L9+Submetering!M9+Submetering!N9+Submetering!O9+Submetering!P9+Submetering!Q9+Submetering!R9+Submetering!S9+Submetering!T9+Submetering!U9+Submetering!V9+Submetering!W9 -> 1213 | H9: 3.6 | I9: =Submetering!E9+Water!E12 -> 679 | J9: 9.1 | K9: =ELECT.!B13 -> 61
A10: Alexandria at San Stefano | B10: =B9+1 -> 9 | C10: 10 | D10: 2020 | E10: =ELECT.!D14+ELECT.!F14+ELECT.!H14 -> 19318 | F10: 1.56 | G10: =Submetering!J10+Submetering!K10+Submetering!L10+Submetering!M10+Submetering!N10+Submetering!O10+Submetering!P10+Submetering!Q10+Submetering!R10+Submetering!S10+Submetering!T10+Submetering!U10+Submetering!V10+Submetering!W10 -> 1482 | H10: 3.6 | I10: =Submetering!E10+Water!E13 -> 630 | J10: 9.1 | K10: =ELECT.!B14 -> 52
A11: Alexandria at San Stefano | B11: =B10+1 -> 10 | C11: 10 | D11: 2020 | E11: =ELECT.!D15+ELECT.!F15+ELECT.!H15 -> 17368 | F11: 1.56 | G11: =Submetering!J11+Submetering!K11+Submetering!L11+Submetering!M11+Submetering!N11+Submetering!O11+Submetering!P11+Submetering!Q11+Submetering!R11+Submetering!S11+Submetering!T11+Submetering!U11+Submetering!V11+Submetering!W11 -> 1349 | H11: 3.6 | I11: =Submetering!E11+Water!E14 -> 609 | J11: 9.1 | K11: =ELECT.!B15 -> 67
A12: Alexandria at San Stefano | B12: =B11+1 -> 11 | C12: 10 | D12: 2020 | E12: =ELECT.!D16+ELECT.!F16+ELECT.!H16 -> 17348 | F12: 1.56 | G12: =Submetering!J12+Submetering!K12+Submetering!L12+Submetering!M12+Submetering!N12+Submetering!O12+Submetering!P12+Submetering!Q12+Submetering!R12+Submetering!S12+Submetering!T12+Submetering!U12+Submetering!V12+Submetering!W12 -> 1549 | H12: 3.6 | I12: =Submetering!E12+Water!E15 -> 588 | J12: 9.1 | K12: =ELECT.!B16 -> 75
A13: Alexandria at San Stefano | B13: =B12+1 -> 12 | C13: 10 | D13: 2020 | E13: =ELECT.!D17+ELECT.!F17+ELECT.!H17 -> 18161 | F13: 1.56 | G13: =Submetering!J13+Submetering!K13+Submetering!L13+Submetering!M13+Submetering!N13+Submetering!O13+Submetering!P13+Submetering!Q13+Submetering!R13+Submetering!S13+Submetering!T13+Submetering!U13+Submetering!V13+Submetering!W13 -> 1395 | H13: 3.6 | I13: =Submetering!E13+Water!E16 -> 593 | J13: 9.1 | K13: =ELECT.!B17 -> 52
A14: Alexandria at San Stefano | B14: =B13+1 -> 13 | C14: 10 | D14: 2020 | E14: =ELECT.!D18+ELECT.!F18+ELECT.!H18 -> 16026 | F14: 1.56 | G14: =Submetering!J14+Submetering!K14+Submetering!L14+Submetering!M14+Submetering!N14+Submetering!O14+Submetering!P14+Submetering!Q14+Submetering!R14+Submetering!S14+Submetering!T14+Submetering!U14+Submetering!V14+Submetering!W14 -> 1280 | H14: 3.6 | I14: =Submetering!E14+Water!E17 -> 556 | J14: 9.1 | K14: =ELECT.!B18 -> 56
... A32: Alexandria at San Stefano | B32: =B31+1 -> 31 | C32: 10 | D32: 2020 | E32: =ELECT.!D36+ELECT.!F36+ELECT.!H36 -> 21288 | F32: 1.56 | G32: =Submetering!J32+Submetering!K32+Submetering!L32+Submetering!M32+Submetering!N32+Submetering!O32+Submetering!P32+Submetering!Q32+Submetering!R32+Submetering!S32+Submetering!T32+Submetering!U32+Submetering!V32+Submetering!W32 -> 1240 | H32: 3.6 | I32: =Submetering!E32+Water!E35 -> 635 | J32: 9.1 | K32: =ELECT.!B36 -> 55

Sheet Submetering
A1: Site Name | B1: Day | C1: Month | D1: Year | E1: Main- m3 | F1: Beach Water - m3 | G1: Hotel Trans-1 - KWh | H1: Hotel Trans-2 - KWh | I1: Hotel Trans-3 - KWh | J1: st. gas - m3 | K1: H.Water boiler - m3 | L1: Kala Kit. - m3 | M1: Pastry Kit. - m3 | N1: Italian Kit. - m3 | O1: Byblos kit - m3 | P1: Banquet Kit. - m3 | Q1: Pool Kit. - m3 | R1: Laundry - m3 | S1: Dining - m3 | T1: Fressca - m3 | U1: jacuzzi Heater - m3 | V1: s.Pool Heater - m3 | W1: Lobby Lou. Heater - m3 | X1: Room Night
A2: Alexandria at San Stefano | B2: 1 | C2: 10 | D2: 2020 | E2: =Water!C5 -> 150 | F2: =Water!E5 -> 403 | G2: =ELECT.!D6 -> 4426 | H2: =ELECT.!F6 -> 8872 | I2: =ELECT.!H6 -> 5191 | J2: =Gas!C4 -> 256 | K2: =Gas!E4 -> 398 | L2: =Gas!G4 -> 126 | M2: =Gas!I4 -> 24 | N2: =Gas!K4 -> 0 | O2: =Gas!M4 -> 0 | P2: =Gas!O4 -> 118 | Q2: =Gas!Q4 -> 0 | R2: =Gas!S4 -> 190 | S2: =Gas!U4 -> 20 | T2: =Gas!W4 -> 37 | U2: =Gas!Y4 -> 0 | V2: =Gas!AA4 -> 137 | W2: =Gas!AC4 -> 0 | X2: =ELECT.!B6 -> 77
A3: Alexandria at San Stefano | B3: =B2+1 -> 2 | C3: 10 | D3: 2020 | E3: =Water!C6 -> 200 | F3: =Water!E6 -> 484 | G3: =ELECT.!D7 -> 4342 | H3: =ELECT.!F7 -> 8596 | I3: =ELECT.!H7 -> 5177 | J3: =Gas!C5 -> 239 | K3: =Gas!E5 -> 435 | L3: =Gas!G5 -> 110 | M3: =Gas!I5 -> 21 | N3: =Gas!K5 -> 0 | O3: =Gas!M5 -> 0 | P3: =Gas!O5 -> 71 | Q3: =Gas!Q5 -> 0 | R3: =Gas!S5 -> 217 | S3: =Gas!U5 -> 23 | T3: =Gas!W5 -> 32 | U3: =Gas!Y5 -> 0 | V3: =Gas!AA5 -> 128 | W3: =Gas!AC5 -> 0 | X3: =ELECT.!B7 -> 65
A4: Alexandria at San Stefano | B4: =B3+1 -> 3 | C4: 10 | D4: 2020 | E4: =Water!C7 -> 140 | F4: =Water!E7 -> 398 | G4: =ELECT.!D8 -> 4069 | H4: =ELECT.!F8 -> 8173 | I4: =ELECT.!H8 -> 4930 | J4: =Gas!C6 -> 202 | K4: =Gas!E6 -> 366 | L4: =Gas!G6 -> 97 | M4: =Gas!I6 -> 15 | N4: =Gas!K6 -> 0 | O4: =Gas!M6 -> 0 | P4: =Gas!O6 -> 44 | Q4: =Gas!Q6 -> 0 | R4: =Gas!S6 -> 200 | S4: =Gas!U6 -> 17 | T4: =Gas!W6 -> 33 | U4: =Gas!Y6 -> 0 | V4: =Gas!AA6 -> 105 | W4: =Gas!AC6 -> 0 | X4: =ELECT.!B8 -> 66
A5: Alexandria at San Stefano | B5: =B4+1 -> 4 | C5: 10 | D5: 2020 | E5: =Water!C8 -> 140 | F5: =Water!E8 -> 300 | G5: =ELECT.!D9 -> 4405 | H5: =ELECT.!F9 -> 9547 | I5: =ELECT.!H9 -> 5533 | J5: =Gas!C7 -> 230 | K5: =Gas!E7 -> 424 | L5: =Gas!G7 -> 121 | M5: =Gas!I7 -> 15 | N5: =Gas!K7 -> 0 | O5: =Gas!M7 -> 0 | P5: =Gas!O7 -> 91 | Q5: =Gas!Q7 -> 0 | R5: =Gas!S7 -> 226 | S5: =Gas!U7 -> 16 | T5: =Gas!W7 -> 30 | U5: =Gas!Y7 -> 0 | V5: =Gas!AA7 -> 119 | W5: =Gas!AC7 -> 0 | X5: =ELECT.!B9 -> 70
A6: Alexandria at San Stefano | B6: =B5+1 -> 5 | C6: 10 | D6: 2020 | E6: =Water!C9 -> 170 | F6: =Water!E9 -> 413 | G6: =ELECT.!D10 -> 4087 | H6: =ELECT.!F10 -> 8663 | I6: =ELECT.!H10 -> 5677 | J6: =Gas!C8 -> 233 | K6: =Gas!E8 -> 416 | L6: =Gas!G8 -> 95 | M6: =Gas!I8 -> 21 | N6: =Gas!K8 -> 0 | O6: =Gas!M8 -> 0 | P6: =Gas!O8 -> 59 | Q6: =Gas!Q8 -> 0 | R6: =Gas!S8 -> 196 | S6: =Gas!U8 -> 28 | T6: =Gas!W8 -> 38 | U6: =Gas!Y8 -> 0 | V6: =Gas!AA8 -> 93 | W6: =Gas!AC8 -> 0 | X6: =ELECT.!B10 -> 75
A7: Alexandria at San Stefano | B7: =B6+1 -> 6 | C7: 10 | D7: 2020 | E7: =Water!C10 -> 110 | F7: =Water!E10 -> 437 | G7: =ELECT.!D11 -> 3927 | H7: =ELECT.!F11 -> 8204 | I7: =ELECT.!H11 -> 4866 | J7: =Gas!C9 -> 177 | K7: =Gas!E9 -> 440 | L7: =Gas!G9 -> 103 | M7: =Gas!I9 -> 28 | N7: =Gas!K9 -> 0 | O7: =Gas!M9 -> 0 | P7: =Gas!O9 -> 111 | Q7: =Gas!Q9 -> 0 | R7: =Gas!S9 -> 167 | S7: =Gas!U9 -> 25 | T7: =Gas!W9 -> 35 | U7: =Gas!Y9 -> 0 | V7: =Gas!AA9 -> 131 | W7: =Gas!AC9 -> 0 | X7: =ELECT.!B11 -> 77
A8: Alexandria at San Stefano | B8: =B7+1 -> 7 | C8: 10 | D8: 2020 | E8: =Water!C11 -> 310 | F8: =Water!E11 -> 408 | G8: =ELECT.!D12 -> 3778 | H8: =ELECT.!F12 -> 8472 | I8: =ELECT.!H12 -> 5480 | J8: =Gas!C10 -> 277 | K8: =Gas!E10 -> 434 | L8: =Gas!G10 -> 120 | M8: =Gas!I10 -> 20 | N8: =Gas!K10 -> 0 | O8: =Gas!M10 -> 0 | P8: =Gas!O10 -> 116 | Q8: =Gas!Q10 -> 0 | R8: =Gas!S10 -> 154 | S8: =Gas!U10 -> 25 | T8: =Gas!W10 -> 39 | U8: =Gas!Y10 -> 0 | V8: =Gas!AA10 -> 110 | W8: =Gas!AC10 -> 0 | X8: =ELECT.!B12 -> 60
A9: Alexandria at San Stefano | B9: =B8+1 -> 8 | C9: 10 | D9: 2020 | E9: =Water!C12 -> 260 | F9: =Water!E12 -> 419 | G9: =ELECT.!D13 -> 4230 | H9: =ELECT.!F13 -> 9589 | I9: =ELECT.!H13 -> 5265 | J9: =Gas!C11 -> 191 | K9: =Gas!E11 -> 435 | L9: =Gas!G11 -> 108 | M9: =Gas!I11 -> 28 | N9: =Gas!K11 -> 0 | O9: =Gas!M11 -> 0 | P9: =Gas!O11 -> 118 | Q9: =Gas!Q11 -> 0 | R9: =Gas!S11 -> 166 | S9: =Gas!U11 -> 29 | T9: =Gas!W11 -> 30 | U9: =Gas!Y11 -> 0 | V9: =Gas!AA11 -> 108 | W9: =Gas!AC11 -> 0 | X9: =ELECT.!B13 -> 61
A10: Alexandria at San Stefano | B10: =B9+1 -> 9 | C10: 10 | D10: 2020 | E10: =Water!C13 -> 230 | F10: =Water!E13 -> 400 | G10: =ELECT.!D14 -> 4217 | H10: =ELECT.!F14 -> 8858 | I10: =ELECT.!H14 -> 6243 | J10: =Gas!C12 -> 241 | K10: =Gas!E12 -> 620 | L10: =Gas!G12 -> 103 | M10: =Gas!I12 -> 34 | N10: =Gas!K12 -> 0 | O10: =Gas!M12 -> 0 | P10: =Gas!O12 -> 42 | Q10: =Gas!Q12 -> 0 | R10: =Gas!S12 -> 264 | S10: =Gas!U12 -> 19 | T10: =Gas!W12 -> 34 | U10: =Gas!Y12 -> 0 | V10: =Gas!AA12 -> 125 | W10: =Gas!AC12 -> 0 | X10: =ELECT.!B14 -> 52
A11: Alexandria at San Stefano | B11: =B10+1 -> 10 | C11: 10 | D11: 2020 | E11: =Water!C14 -> 210 | F11: =Water!E14 -> 399 | G11: =ELECT.!D15 -> 4193 | H11: =ELECT.!F15 -> 8315 | I11: =ELECT.!H15 -> 4860 | J11: =Gas!C13 -> 258 | K11: =Gas!E13 -> 551 | L11: =Gas!G13 -> 112 | M11: =Gas!I13 -> 18 | N11: =Gas!K13 -> 0 | O11: =Gas!M13 -> 0 | P11: =Gas!O13 -> 20 | Q11: =Gas!Q13 -> 0 | R11: =Gas!S13 -> 216 | S11: =Gas!U13 -> 18 | T11: =Gas!W13 -> 27 | U11: =Gas!Y13 -> 0 | V11: =Gas!AA13 -> 129 | W11: =Gas!AC13 -> 0 | X11: =ELECT.!B15 -> 67
A12: Alexandria at San Stefano | B12: =B11+1 -> 11 | C12: 10 | D12: 2020 | E12: =Water!C15 -> 190 | F12: =Water!E15 -> 398 | G12: =ELECT.!D16 -> 4229 | H12: =ELECT.!F16 -> 8240 | I12: =ELECT.!H16 -> 4879 | J12: =Gas!C14 -> 239 | K12: =Gas!E14 -> 606 | L12: =Gas!G14 -> 129 | M12: =Gas!I14 -> 17 | N12: =Gas!K14 -> 0 | O12: =Gas!M14 -> 0 | P12: =Gas!O14 -> 77 | Q12: =Gas!Q14 -> 0 | R12: =Gas!S14 -> 310 | S12: =Gas!U14 -> 20 | T12: =Gas!W14 -> 29 | U12: =Gas!Y14 -> 0 | V12: =Gas!AA14 -> 122 | W12: =Gas!AC14 -> 0 | X12: =ELECT.!B16 -> 75
A13: Alexandria at San Stefano | B13: =B12+1 -> 12 | C13: 10 | D13: 2020 | E13: =Water!C16 -> 200 | F13: =Water!E16 -> 393 | G13: =ELECT.!D17 -> 4584 | H13: =ELECT.!F17 -> 8347 | I13: =ELECT.!H17 -> 5230 | J13: =Gas!C15 -> 260 | K13: =Gas!E15 -> 559 | L13: =Gas!G15 -> 74 | M13: =Gas!I15 -> 22 | N13: =Gas!K15 -> 0 | O13: =Gas!M15 -> 0 | P13: =Gas!O15 -> 42 | Q13: =Gas!Q15 -> 0 | R13: =Gas!S15 -> 242 | S13: =Gas!U15 -> 22 | T13: =Gas!W15 -> 54 | U13: =Gas!Y15 -> 0 | V13: =Gas!AA15 -> 120 | W13: =Gas!AC15 -> 0 | X13: =ELECT.!B17 -> 52
A14: Alexandria at San Stefano | B14: =B13+1 -> 13 | C14: 10 | D14: 2020 | E14: =Water!C17 -> 170 | F14: =Water!E17 -> 386 | G14: =ELECT.!D18 -> 3799 | H14: =ELECT.!F18 -> 7576 | I14: =ELECT.!H18 -> 4651 | J14: =Gas!C16 -> 205 | K14: =Gas!E16 -> 562 | L14: =Gas!G16 -> 115 | M14: =Gas!I16 -> 24 | N14: =Gas!K16 -> 0 | O14: =Gas!M16 -> 0 | P14: =Gas!O16 -> 35 | Q14: =Gas!Q16 -> 0 | R14: =Gas!S16 -> 166 | S14: =Gas!U16 -> 20 | T14: =Gas!W16 -> 56 | U14: =Gas!Y16 -> 0 | V14: =Gas!AA16 -> 97 | W14: =Gas!AC16 -> 0 | X14: =ELECT.!B18 -> 56
... A32: Alexandria at San Stefano | B32: =B31+1 -> 31 | C32: 10 | D32: 2020 | E32: =Water!C35 -> 230 | F32: =Water!E35 -> 405 | G32: =ELECT.!D36 -> 5207 | H32: =ELECT.!F36 -> 9386 | I32: =ELECT.!H36 -> 6695 | J32: =Gas!C34 -> 257 | K32: =Gas!E34 -> 518 | L32: =Gas!G34 -> 0 | M32: =Gas!I34 -> 33 | N32: =Gas!K34 -> 0 | O32: =Gas!M34 -> 34 | P32: =Gas!O34 -> 45 | Q32: =Gas!Q34 -> 38 | R32: =Gas!S34 -> 233 | S32: =Gas!U34 -> 28 | T32: =Gas!W34 -> 54 | U32: =Gas!Y34 -> 0 | V32: =Gas!AA34 -> 0 | W32: =Gas!AC34 -> 0 | X32: =ELECT.!B36 -> 55

Sheet ELECT.
A1: Feeders and transformers Electrity cons. OCT 2020
A2: Hotel
A3: Day | B3: Room Sold | C3: Trans-1 | D3: Cons. | E3: Trans-2 | F3: Cons. | G3: Trans-3 | H3: Cons. | I3: Total
C4: Readings | D4: Cons. | E4: Readings | F4: Cons. | G4: Readings | H4: Cons. | I4: Readings
A5: Last | B5: 74 | C5: 47472035 | D5: 0 | E5: 45121639 | F5: 0 | G5: 34258818 | H5: 0
A6: 44105 | B6: 77 | C6: 47476461 | D6: =IF((C6-C5)<0,"0",(C6-C5)) -> 4426 | E6: 45130511 | F6: =IF((E6-E5)<0,"0",(E6-E5)) -> 8872 | G6: 34264009 | H6: =IF((G6-G5)<0,"0",(G6-G5)) -> 5191 | I6: =D6+F6+H6 -> 18489
A7: 44106 | B7: 65 | C7: 47480803 | D7: =IF((C7-C6)<0,"0",(C7-C6)) -> 4342 | E7: 45139107 | F7: =IF((E7-E6)<0,"0",(E7-E6)) -> 8596 | G7: 34269186 | H7: =IF((G7-G6)<0,"0",(G7-G6)) -> 5177 | I7: =D7+F7+H7 -> 18115
A8: 44107 | B8: 66 | C8: 47484872 | D8: =IF((C8-C7)<0,"0",(C8-C7)) -> 4069 | E8: 45147280 | F8: =IF((E8-E7)<0,"0",(E8-E7)) -> 8173 | G8: 34274116 | H8: =IF((G8-G7)<0,"0",(G8-G7)) -> 4930 | I8: =D8+F8+H8 -> 17172
A9: 44108 | B9: 70 | C9: 47489277 | D9: =IF((C9-C8)<0,"0",(C9-C8)) -> 4405 | E9: 45156827 | F9: =IF((E9-E8)<0,"0",(E9-E8)) -> 9547 | G9: 34279649 | H9: =IF((G9-G8)<0,"0",(G9-G8)) -> 5533 | I9: =D9+F9+H9 -> 19485
A10: 44109 | B10: 75 | C10: 47493364 | D10: =IF((C10-C9)<0,"0",(C10-C9)) -> 4087 | E10: 45165490 | F10: =IF((E10-E9)<0,"0",(E10-E9)) -> 8663 | G10: 34285326 | H10: =IF((G10-G9)<0,"0",(G10-G9)) -> 5677 | I10: =D10+F10+H10 -> 18427
A11: 44110 | B11: 77 | C11: 47497291 | D11: =IF((C11-C10)<0,"0",(C11-C10)) -> 3927 | E11: 45173694 | F11: =IF((E11-E10)<0,"0",(E11-E10)) -> 8204 | G11: 34290192 | H11: =IF((G11-G10)<0,"0",(G11-G10)) -> 4866 | I11: =D11+F11+H11 -> 16997
A12: 44111 | B12: 60 | C12: 47501069 | D12: =IF((C12-C11)<0,"0",(C12-C11)) -> 3778 | E12: 45182166 | F12: =IF((E12-E11)<0,"0",(E12-E11)) -> 8472 | G12: 34295672 | H12: =IF((G12-G11)<0,"0",(G12-G11)) -> 5480 | I12: =D12+F12+H12 -> 17730
A13: 44112 | B13: 61 | C13: 47505299 | D13: =IF((C13-C12)<0,"0",(C13-C12)) -> 4230 | E13: 45191755 | F13: =IF((E13-E12)<0,"0",(E13-E12)) -> 9589 | G13: 34300937 | H13: =IF((G13-G12)<0,"0",(G13-G12)) -> 5265 | I13: =D13+F13+H13 -> 19084
A14: 44113 | B14: 52 | C14: 47509516 | D14: =IF((C14-C13)<0,"0",(C14-C13)) -> 4217 | E14: 45200613 | F14: =IF((E14-E13)<0,"0",(E14-E13)) -> 8858 | G14: 34307180 | H14: =IF((G14-G13)<0,"0",(G14-G13)) -> 6243 | I14: =D14+F14+H14 -> 19318
A15: 44114 | B15: 67 | C15: 47513709 | D15: =IF((C15-C14)<0,"0",(C15-C14)) -> 4193 | E15: 45208928 | F15: =IF((E15-E14)<0,"0",(E15-E14)) -> 8315 | G15: 34312040 | H15: =IF((G15-G14)<0,"0",(G15-G14)) -> 4860 | I15: =D15+F15+H15 -> 17368
A16: 44115 | B16: 75 | C16: 47517938 | D16: =IF((C16-C15)<0,"0",(C16-C15)) -> 4229 | E16: 45217168 | F16: =IF((E16-E15)<0,"0",(E16-E15)) -> 8240 | G16: 34316919 | H16: =IF((G16-G15)<0,"0",(G16-G15)) -> 4879 | I16: =D16+F16+H16 -> 17348
A17: 44116 | B17: 52 | C17: 47522522 | D17: =IF((C17-C16)<0,"0",(C17-C16)) -> 4584 | E17: 45225515 | F17: =IF((E17-E16)<0,"0",(E17-E16)) -> 8347 | G17: 34322149 | H17: =IF((G17-G16)<0,"0",(G17-G16)) -> 5230 | I17: =D17+F17+H17 -> 18161
... A36: 44135 | B36: 55 | C36: 47606282 | D36: =IF((C36-C35)<0,"0",(C36-C35)) -> 5207 | E36: 45390288 | F36: =IF((E36-E35)<0,"0",(E36-E35)) -> 9386 | G36: 34428466 | H36: =IF((G36-G35)<0,"0",(G36-G35)) -> 6695 | I36: =D36+F36+H36 -> 21288
A37: Total | D37: =SUM(D5:D35) -> 129040 | F37: =SUM(F5:F34) -> 249444 | H37: =SUM(H5:H35) -> 162953 | I37: =D37+F37+H37 -> 541437

Sheet Gas
A1: Gas Con. OCT 2020
A2: Day | B2: st. gas | C2: Cons. | D2: H.Water boiler | E2: Cons. | F2: Kala Kit. | G2: Cons. | H2: Pastery Kit. | I2: Cons. | J2: Italian Kit. | K2: Cons. | L2: Byblos kit | M2: Cons. | N2: Banquet Kit. | O2: Cons. | P2: Pool Kit. | Q2: Cons. | R2: Laundry | S2: Cons. | T2: Dinning | U2: Cons. | V2: Fresca | W2: Cons. | X2: jacuuzi Heater | Y2: Cons. | Z2: s.Pool Heater | AA2: Cons. | AB2: Lobby Lou. Heater | AC2: Cons. | AD2: Total Cons | AE2: Boiler 26 | AF2: Cons.
A3: Last | B3: 1426885 | D3: 33129753 | F3: 751263 | H3: 83188 | J3: 176873 | L3: 78153 | N3: 599089 | P3: 155790 | R3: 857520 | T3: 64586 | V3: 276461 | X3: 21007 | Z3: 673472 | AB3: 1410
A4: 44105 | B4: 1427141 | C4: =IF((B4-B3)<0,"0",(B4-B3)) -> 256 | D4: 33130151 | E4: =IF((D4-D3)<0,"0",(D4-D3)) -> 398 | F4: 751389 | G4: =IF((F4-F3)<0,"0",(F4-F3)) -> 126 | H4: 83212 | I4: =IF((H4-H3)<0,"0",(H4-H3)) -> 24 | J4: 176873 | K4: =IF((J4-J3)<0,"0",(J4-J3)) -> 0 | L4: 78153 | M4: =IF((L4-L3)<0,"0",(L4-L3)) -> 0 | N4: 599207 | O4: =IF((N4-N3)<0,"0",(N4-N3)) -> 118 | P4: 155790 | Q4: =IF((P4-P3)<0,"0",(P4-P3)) -> 0 | R4: 857710 | S4: =IF((R4-R3)<0,"0",(R4-R3)) -> 190 | T4: 64606 | U4: =IF((T4-T3)<0,"0",(T4-T3)) -> 20 | V4: 276498 | W4: =IF((V4-V3)<0,"0",(V4-V3)) -> 37 | X4: 21007 | Y4: =IF((X4-X3)<0,"0",(X4-X3)) -> 0 | Z4: 673609 | AA4: =IF((Z4-Z3)<0,"0",(Z4-Z3)) -> 137 | AB4: 1410 | AC4: =IF((AB4-AB3)<0,"0",(AB4-AB3)) -> 0 | AD4: =C4+E4+G4+I4+K4+M4+O4+Q4+S4+U4+W4+Y4+AA4+AC4 -> 1306 | AE4: 0 | AF4: =IF((AE4-AE3)<0,"0",(AE4-AE3)) -> 0
A5: 44106 | B5: 1427380 | C5: =IF((B5-B4)<0,"0",(B5-B4)) -> 239 | D5: 33130586 | E5: =IF((D5-D4)<0,"0",(D5-D4)) -> 435 | F5: 751499 | G5: =IF((F5-F4)<0,"0",(F5-F4)) -> 110 | H5: 83233 | I5: =IF((H5-H4)<0,"0",(H5-H4)) -> 21 | J5: 176873 | K5: =IF((J5-J4)<0,"0",(J5-J4)) -> 0 | L5: 78153 | M5: =IF((L5-L4)<0,"0",(L5-L4)) -> 0 | N5: 599278 | O5: =IF((N5-N4)<0,"0",(N5-N4)) -> 71 | P5: 155790 | Q5: =IF((P5-P4)<0,"0",(P5-P4)) -> 0 | R5: 857927 | S5: =IF((R5-R4)<0,"0",(R5-R4)) -> 217 | T5: 64629 | U5: =IF((T5-T4)<0,"0",(T5-T4)) -> 23 | V5: 276530 | W5: =IF((V5-V4)<0,"0",(V5-V4)) -> 32 | X5: 21007 | Y5: =IF((X5-X4)<0,"0",(X5-X4)) -> 0 | Z5: 673737 | AA5: =IF((Z5-Z4)<0,"0",(Z5-Z4)) -> 128 | AB5: 1410 | AC5: =IF((AB5-AB4)<0,"0",(AB5-AB4)) -> 0 | AD5: =C5+E5+G5+I5+K5+M5+O5+Q5+S5+U5+W5+Y5+AA5+AC5 -> 1276 | AE5: 0 | AF5: =IF((AE5-AE4)<0,"0",(AE5-AE4)) -> 0
A6: 44107 | B6: 1427582 | C6: =IF((B6-B5)<0,"0",(B6-B5)) -> 202 | D6: 33130952 | E6: =IF((D6-D5)<0,"0",(D6-D5)) -> 366 | F6: 751596 | G6: =IF((F6-F5)<0,"0",(F6-F5)) -> 97 | H6: 83248 | I6: =IF((H6-H5)<0,"0",(H6-H5)) -> 15 | J6: 176873 | K6: =IF((J6-J5)<0,"0",(J6-J5)) -> 0 | L6: 78153 | M6: =IF((L6-L5)<0,"0",(L6-L5)) -> 0 | N6: 599322 | O6: =IF((N6-N5)<0,"0",(N6-N5)) -> 44 | P6: 155790 | Q6: =IF((P6-P5)<0,"0",(P6-P5)) -> 0 | R6: 858127 | S6: =IF((R6-R5)<0,"0",(R6-R5)) -> 200 | T6: 64646 | U6: =IF((T6-T5)<0,"0",(T6-T5)) -> 17 | V6: 276563 | W6: =IF((V6-V5)<0,"0",(V6-V5)) -> 33 | X6: 21007 | Y6: =IF((X6-X5)<0,"0",(X6-X5)) -> 0 | Z6: 673842 | AA6: =IF((Z6-Z5)<0,"0",(Z6-Z5)) -> 105 | AB6: 1410 | AC6: =IF((AB6-AB5)<0,"0",(AB6-AB5)) -> 0 | AD6: =C6+E6+G6+I6+K6+M6+O6+Q6+S6+U6+W6+Y6+AA6+AC6 -> 1079 | AE6: 0 | AF6: =IF((AE6-AE5)<0,"0",(AE6-AE5)) -> 0
A7: 44108 | B7: 1427812 | C7: =IF((B7-B6)<0,"0",(B7-B6)) -> 230 | D7: 33131376 | E7: =IF((D7-D6)<0,"0",(D7-D6)) -> 424 | F7: 751717 | G7: =IF((F7-F6)<0,"0",(F7-F6)) -> 121 | H7: 83263 | I7: =IF((H7-H6)<0,"0",(H7-H6)) -> 15 | J7: 176873 | K7: =IF((J7-J6)<0,"0",(J7-J6)) -> 0 | L7: 78153 | M7: =IF((L7-L6)<0,"0",(L7-L6)) -> 0 | N7: 599413 | O7: =IF((N7-N6)<0,"0",(N7-N6)) -> 91 | P7: 155790 | Q7: =IF((P7-P6)<0,"0",(P7-P6)) -> 0 | R7: 858353 | S7: =IF((R7-R6)<0,"0",(R7-R6)) -> 226 | T7: 64662 | U7: =IF((T7-T6)<0,"0",(T7-T6)) -> 16 | V7: 276593 | W7: =IF((V7-V6)<0,"0",(V7-V6)) -> 30 | X7: 21007 | Y7: =IF((X7-X6)<0,"0",(X7-X6)) -> 0 | Z7: 673961 | AA7: =IF((Z7-Z6)<0,"0",(Z7-Z6)) -> 119 | AB7: 1410 | AC7: =IF((AB7-AB6)<0,"0",(AB7-AB6)) -> 0 | AD7: =C7+E7+G7+I7+K7+M7+O7+Q7+S7+U7+W7+Y7+AA7+AC7 -> 1272 | AE7: 0 | AF7: =IF((AE7-AE6)<0,"0",(AE7-AE6)) -> 0
A8: 44109 | B8: 1428045 | C8: =IF((B8-B7)<0,"0",(B8-B7)) -> 233 | D8: 33131792 | E8: =IF((D8-D7)<0,"0",(D8-D7)) -> 416 | F8: 751812 | G8: =IF((F8-F7)<0,"0",(F8-F7)) -> 95 | H8: 83284 | I8: =IF((H8-H7)<0,"0",(H8-H7)) -> 21 | J8: 176873 | K8: =IF((J8-J7)<0,"0",(J8-J7)) -> 0 | L8: 78153 | M8: =IF((L8-L7)<0,"0",(L8-L7)) -> 0 | N8: 599472 | O8: =IF((N8-N7)<0,"0",(N8-N7)) -> 59 | P8: 155790 | Q8: =IF((P8-P7)<0,"0",(P8-P7)) -> 0 | R8: 858549 | S8: =IF((R8-R7)<0,"0",(R8-R7)) -> 196 | T8: 64690 | U8: =IF((T8-T7)<0,"0",(T8-T7)) -> 28 | V8: 276631 | W8: =IF((V8-V7)<0,"0",(V8-V7)) -> 38 | X8: 21007 | Y8: =IF((X8-X7)<0,"0",(X8-X7)) -> 0 | Z8: 674054 | AA8: =IF((Z8-Z7)<0,"0",(Z8-Z7)) -> 93 | AB8: 1410 | AC8: =IF((AB8-AB7)<0,"0",(AB8-AB7)) -> 0 | AD8: =C8+E8+G8+I8+K8+M8+O8+Q8+S8+U8+W8+Y8+AA8+AC8 -> 1179 | AE8: 0 | AF8: =IF((AE8-AE7)<0,"0",(AE8-AE7)) -> 0
A9: 44110 | B9: 1428222 | C9: =IF((B9-B8)<0,"0",(B9-B8)) -> 177 | D9: 33132232 | E9: =IF((D9-D8)<0,"0",(D9-D8)) -> 440 | F9: 751915 | G9: =IF((F9-F8)<0,"0",(F9-F8)) -> 103 | H9: 83312 | I9: =IF((H9-H8)<0,"0",(H9-H8)) -> 28 | J9: 176873 | K9: =IF((J9-J8)<0,"0",(J9-J8)) -> 0 | L9: 78153 | M9: =IF((L9-L8)<0,"0",(L9-L8)) -> 0 | N9: 599583 | O9: =IF((N9-N8)<0,"0",(N9-N8)) -> 111 | P9: 155790 | Q9: =IF((P9-P8)<0,"0",(P9-P8)) -> 0 | R9: 858716 | S9: =IF((R9-R8)<0,"0",(R9-R8)) -> 167 | T9: 64715 | U9: =IF((T9-T8)<0,"0",(T9-T8)) -> 25 | V9: 276666 | W9: =IF((V9-V8)<0,"0",(V9-V8)) -> 35 | X9: 21007 | Y9: =IF((X9-X8)<0,"0",(X9-X8)) -> 0 | Z9: 674185 | AA9: =IF((Z9-Z8)<0,"0",(Z9-Z8)) -> 131 | AB9: 1410 | AC9: =IF((AB9-AB8)<0,"0",(AB9-AB8)) -> 0 | AD9: =C9+E9+G9+I9+K9+M9+O9+Q9+S9+U9+W9+Y9+AA9+AC9 -> 1217 | AE9: 0 | AF9: =IF((AE9-AE8)<0,"0",(AE9-AE8)) -> 0
A10: 44111 | B10: 1428499 | C10: =IF((B10-B9)<0,"0",(B10-B9)) -> 277 | D10: 33132666 | E10: =IF((D10-D9)<0,"0",(D10-D9)) -> 434 | F10: 752035 | G10: =IF((F10-F9)<0,"0",(F10-F9)) -> 120 | H10: 83332 | I10: =IF((H10-H9)<0,"0",(H10-H9)) -> 20 | J10: 176873 | K10: =IF((J10-J9)<0,"0",(J10-J9)) -> 0 | L10: 78153 | M10: =IF((L10-L9)<0,"0",(L10-L9)) -> 0 | N10: 599699 | O10: =IF((N10-N9)<0,"0",(N10-N9)) -> 116 | P10: 155790 | Q10: =IF((P10-P9)<0,"0",(P10-P9)) -> 0 | R10: 858870 | S10: =IF((R10-R9)<0,"0",(R10-R9)) -> 154 | T10: 64740 | U10: =IF((T10-T9)<0,"0",(T10-T9)) -> 25 | V10: 276705 | W10: =IF((V10-V9)<0,"0",(V10-V9)) -> 39 | X10: 21007 | Y10: =IF((X10-X9)<0,"0",(X10-X9)) -> 0 | Z10: 674295 | AA10: =IF((Z10-Z9)<0,"0",(Z10-Z9)) -> 110 | AB10: 1410 | AC10: =IF((AB10-AB9)<0,"0",(AB10-AB9)) -> 0 | AD10: =C10+E10+G10+I10+K10+M10+O10+Q10+S10+U10+W10+Y10+AA10+AC10 -> 1295 | AE10: 0 | AF10: =IF((AE10-AE9)<0,"0",(AE10-AE9)) -> 0
A11: 44112 | B11: 1428690 | C11: =IF((B11-B10)<0,"0",(B11-B10)) -> 191 | D11: 33133101 | E11: =IF((D11-D10)<0,"0",(D11-D10)) -> 435 | F11: 752143 | G11: =IF((F11-F10)<0,"0",(F11-F10)) -> 108 | H11: 83360 | I11: =IF((H11-H10)<0,"0",(H11-H10)) -> 28 | J11: 176873 | K11: =IF((J11-J10)<0,"0",(J11-J10)) -> 0 | L11: 78153 | M11: =IF((L11-L10)<0,"0",(L11-L10)) -> 0 | N11: 599817 | O11: =IF((N11-N10)<0,"0",(N11-N10)) -> 118 | P11: 155790 | Q11: =IF((P11-P10)<0,"0",(P11-P10)) -> 0 | R11: 859036 | S11: =IF((R11-R10)<0,"0",(R11-R10)) -> 166 | T11: 64769 | U11: =IF((T11-T10)<0,"0",(T11-T10)) -> 29 | V11: 276735 | W11: =IF((V11-V10)<0,"0",(V11-V10)) -> 30 | X11: 21007 | Y11: =IF((X11-X10)<0,"0",(X11-X10)) -> 0 | Z11: 674403 | AA11: =IF((Z11-Z10)<0,"0",(Z11-Z10)) -> 108 | AB11: 1410 | AC11: =IF((AB11-AB10)<0,"0",(AB11-AB10)) -> 0 | AD11: =C11+E11+G11+I11+K11+M11+O11+Q11+S11+U11+W11+Y11+AA11+AC11 -> 1213 | AE11: 0 | AF11: =IF((AE11-AE10)<0,"0",(AE11-AE10)) -> 0
A12: 44113 | B12: 1428931 | C12: =IF((B12-B11)<0,"0",(B12-B11)) -> 241 | D12: 33133721 | E12: =IF((D12-D11)<0,"0",(D12-D11)) -> 620 | F12: 752246 | G12: =IF((F12-F11)<0,"0",(F12-F11)) -> 103 | H12: 83394 | I12: =IF((H12-H11)<0,"0",(H12-H11)) -> 34 | J12: 176873 | K12: =IF((J12-J11)<0,"0",(J12-J11)) -> 0 | L12: 78153 | M12: =IF((L12-L11)<0,"0",(L12-L11)) -> 0 | N12: 599859 | O12: =IF((N12-N11)<0,"0",(N12-N11)) -> 42 | P12: 155790 | Q12: =IF((P12-P11)<0,"0",(P12-P11)) -> 0 | R12: 859300 | S12: =IF((R12-R11)<0,"0",(R12-R11)) -> 264 | T12: 64788 | U12: =IF((T12-T11)<0,"0",(T12-T11)) -> 19 | V12: 276769 | W12: =IF((V12-V11)<0,"0",(V12-V11)) -> 34 | X12: 21007 | Y12: =IF((X12-X11)<0,"0",(X12-X11)) -> 0 | Z12: 674528 | AA12: =IF((Z12-Z11)<0,"0",(Z12-Z11)) -> 125 | AB12: 1410 | AC12: =IF((AB12-AB11)<0,"0",(AB12-AB11)) -> 0 | AD12: =C12+E12+G12+I12+K12+M12+O12+Q12+S12+U12+W12+Y12+AA12+AC12 -> 1482 | AE12: 0 | AF12: =IF((AE12-AE11)<0,"0",(AE12-AE11)) -> 0
A13: 44114 | B13: 1429189 | C13: =IF((B13-B12)<0,"0",(B13-B12)) -> 258 | D13: 33134272 | E13: =IF((D13-D12)<0,"0",(D13-D12)) -> 551 | F13: 752358 | G13: =IF((F13-F12)<0,"0",(F13-F12)) -> 112 | H13: 83412 | I13: =IF((H13-H12)<0,"0",(H13-H12)) -> 18 | J13: 176873 | K13: =IF((J13-J12)<0,"0",(J13-J12)) -> 0 | L13: 78153 | M13: =IF((L13-L12)<0,"0",(L13-L12)) -> 0 | N13: 599879 | O13: =IF((N13-N12)<0,"0",(N13-N12)) -> 20 | P13: 155790 | Q13: =IF((P13-P12)<0,"0",(P13-P12)) -> 0 | R13: 859516 | S13: =IF((R13-R12)<0,"0",(R13-R12)) -> 216 | T13: 64806 | U13: =IF((T13-T12)<0,"0",(T13-T12)) -> 18 | V13: 276796 | W13: =IF((V13-V12)<0,"0",(V13-V12)) -> 27 | X13: 21007 | Y13: =IF((X13-X12)<0,"0",(X13-X12)) -> 0 | Z13: 674657 | AA13: =IF((Z13-Z12)<0,"0",(Z13-Z12)) -> 129 | AB13: 1410 | AC13: =IF((AB13-AB12)<0,"0",(AB13-AB12)) -> 0 | AD13: =C13+E13+G13+I13+K13+M13+O13+Q13+S13+U13+W13+Y13+AA13+AC13 -> 1349 | AE13: 0 | AF13: =IF((AE13-AE12)<0,"0",(AE13-AE12)) -> 0
A14: 44115 | B14: 1429428 | C14: =IF((B14-B13)<0,"0",(B14-B13)) -> 239 | D14: 33134878 | E14: =IF((D14-D13)<0,"0",(D14-D13)) -> 606 | F14: 752487 | G14: =IF((F14-F13)<0,"0",(F14-F13)) -> 129 | H14: 83429 | I14: =IF((H14-H13)<0,"0",(H14-H13)) -> 17 | J14: 176873 | K14: =IF((J14-J13)<0,"0",(J14-J13)) -> 0 | L14: 78153 | M14: =IF((L14-L13)<0,"0",(L14-L13)) -> 0 | N14: 599956 | O14: =IF((N14-N13)<0,"0",(N14-N13)) -> 77 | P14: 155790 | Q14: =IF((P14-P13)<0,"0",(P14-P13)) -> 0 | R14: 859826 | S14: =IF((R14-R13)<0,"0",(R14-R13)) -> 310 | T14: 64826 | U14: =IF((T14-T13)<0,"0",(T14-T13)) -> 20 | V14: 276825 | W14: =IF((V14-V13)<0,"0",(V14-V13)) -> 29 | X14: 21007 | Y14: =IF((X14-X13)<0,"0",(X14-X13)) -> 0 | Z14: 674779 | AA14: =IF((Z14-Z13)<0,"0",(Z14-Z13)) -> 122 | AB14: 1410 | AC14: =IF((AB14-AB13)<0,"0",(AB14-AB13)) -> 0 | AD14: =C14+E14+G14+I14+K14+M14+O14+Q14+S14+U14+W14+Y14+AA14+AC14 -> 1549 | AE14: 0 | AF14: =IF((AE14-AE13)<0,"0",(AE14-AE13)) -> 0
A15: 44116 | B15: 1429688 | C15: =IF((B15-B14)<0,"0",(B15-B14)) -> 260 | D15: 33135437 | E15: =IF((D15-D14)<0,"0",(D15-D14)) -> 559 | F15: 752561 | G15: =IF((F15-F14)<0,"0",(F15-F14)) -> 74 | H15: 83451 | I15: =IF((H15-H14)<0,"0",(H15-H14)) -> 22 | J15: 176873 | K15: =IF((J15-J14)<0,"0",(J15-J14)) -> 0 | L15: 78153 | M15: =IF((L15-L14)<0,"0",(L15-L14)) -> 0 | N15: 599998 | O15: =IF((N15-N14)<0,"0",(N15-N14)) -> 42 | P15: 155790 | Q15: =IF((P15-P14)<0,"0",(P15-P14)) -> 0 | R15: 860068 | S15: =IF((R15-R14)<0,"0",(R15-R14)) -> 242 | T15: 64848 | U15: =IF((T15-T14)<0,"0",(T15-T14)) -> 22 | V15: 276879 | W15: =IF((V15-V14)<0,"0",(V15-V14)) -> 54 | X15: 21007 | Y15: =IF((X15-X14)<0,"0",(X15-X14)) -> 0 | Z15: 674899 | AA15: =IF((Z15-Z14)<0,"0",(Z15-Z14)) -> 120 | AB15: 1410 | AC15: =IF((AB15-AB14)<0,"0",(AB15-AB14)) -> 0 | AD15: =C15+E15+G15+I15+K15+M15+O15+Q15+S15+U15+W15+Y15+AA15+AC15 -> 1395 | AE15: 0 | AF15: =IF((AE15-AE14)<0,"0",(AE15-AE14)) -> 0
... A30: 44131 | B30: 1433232 | C30: =IF((B30-B29)<0,"0",(B30-B29)) -> 236 | D30: 33143835 | E30: =IF((D30-D29)<0,"0",(D30-D29)) -> 584 | F30: 753144 | G30: =IF((F30-F29)<0,"0",(F30-F29)) -> 0 | H30: 83826 | I30: =IF((H30-H29)<0,"0",(H30-H29)) -> 33 | J30: 176881 | K30: =IF((J30-J29)<0,"0",(J30-J29)) -> 0 | L30: 78153 | M30: =IF((L30-L29)<0,"0",(L30-L29)) -> 0 | N30: 601251 | O30: =IF((N30-N29)<0,"0",(N30-N29)) -> 108 | P30: 155931 | Q30: =IF((P30-P29)<0,"0",(P30-P29)) -> 40 | R30: 862851 | S30: =IF((R30-R29)<0,"0",(R30-R29)) -> 176 | T30: 65193 | U30: =IF((T30-T29)<0,"0",(T30-T29)) -> 20 | V30: 277719 | W30: =IF((V30-V29)<0,"0",(V30-V29)) -> 56 | X30: 21007 | Y30: =IF((X30-X29)<0,"0",(X30-X29)) -> 0 | Z30: 676153 | AA30: =IF((Z30-Z29)<0,"0",(Z30-Z29)) -> 168 | AB30: 1410 | AC30: =IF((AB30-AB29)<0,"0",(AB30-AB29)) -> 0 | AD30: =C30+E30+G30+I30+K30+M30+O30+Q30+S30+U30+W30+Y30+AA30+AC30 -> 1421 | AE30: 0 | AF30: =IF((AE30-AE29)<0,"0",(AE30-AE29)) -> 0
A31: 44132 | B31: 1433458 | C31: =IF((B31-B30)<0,"0",(B31-B30)) -> 226 | D31: 33144430 | E31: =IF((D31-D30)<0,"0",(D31-D30)) -> 595 | F31: 753144 | G31: =IF((F31-F30)<0,"0",(F31-F30)) -> 0 | H31: 83853 | I31: =IF((H31-H30)<0,"0",(H31-H30)) -> 27 | J31: 176881 | K31: =IF((J31-J30)<0,"0",(J31-J30)) -> 0 | L31: 78153 | M31: =IF((L31-L30)<0,"0",(L31-L30)) -> 0 | N31: 601404 | O31: =IF((N31-N30)<0,"0",(N31-N30)) -> 153 | P31: 155968 | Q31: =IF((P31-P30)<0,"0",(P31-P30)) -> 37 | R31: 863024 | S31: =IF((R31-R30)<0,"0",(R31-R30)) -> 173 | T31: 65218 | U31: =IF((T31-T30)<0,"0",(T31-T30)) -> 25 | V31: 277773 | W31: =IF((V31-V30)<0,"0",(V31-V30)) -> 54 | X31: 21007 | Y31: =IF((X31-X30)<0,"0",(X31-X30)) -> 0 | Z31: 676190 | AA31: =IF((Z31-Z30)<0,"0",(Z31-Z30)) -> 37 | AB31: 1410 | AC31: =IF((AB31-AB30)<0,"0",(AB31-AB30)) -> 0 | AD31: =AC31+AA31+Y31+W31+U31+S31+Q31+O31+M31+K31+I31+G31+E31+C31 -> 1327 | AE31: 0 | AF31: =IF((AE31-AE30)<0,"0",(AE31-AE30)) -> 0
A32: 44133 | B32: 1433729 | C32: =IF((B32-B31)<0,"0",(B32-B31)) -> 271 | D32: 33145040 | E32: =IF((D32-D31)<0,"0",(D32-D31)) -> 610 | F32: 753144 | G32: =IF((F32-F31)<0,"0",(F32-F31)) -> 0 | H32: 83885 | I32: =IF((H32-H31)<0,"0",(H32-H31)) -> 32 | J32: 176881 | K32: =IF((J32-J31)<0,"0",(J32-J31)) -> 0 | L32: 78228 | M32: =IF((L32-L31)<0,"0",(L32-L31)) -> 75 | N32: 601596 | O32: =IF((N32-N31)<0,"0",(N32-N31)) -> 192 | P32: 155993 | Q32: =IF((P32-P31)<0,"0",(P32-P31)) -> 25 | R32: 863255 | S32: =IF((R32-R31)<0,"0",(R32-R31)) -> 231 | T32: 65236 | U32: =IF((T32-T31)<0,"0",(T32-T31)) -> 18 | V32: 277829 | W32: =IF((V32-V31)<0,"0",(V32-V31)) -> 56 | X32: 21007 | Y32: =IF((X32-X31)<0,"0",(X32-X31)) -> 0 | Z32: 676190 | AA32: =IF((Z32-Z31)<0,"0",(Z32-Z31)) -> 0 | AB32: 1410 | AC32: =IF((AB32-AB31)<0,"0",(AB32-AB31)) -> 0 | AD32: =AC32+AA32+Y32+W32+U32+S32+Q32+O32+M32+K32+I32+G32+E32+C32 -> 1510 | AE32: 0 | AF32: =IF((AE32-AE31)<0,"0",(AE32-AE31)) -> 0
A33: 44134 | B33: 1434036 | C33: =IF((B33-B32)<0,"0",(B33-B32)) -> 307 | D33: 33145652 | E33: =IF((D33-D32)<0,"0",(D33-D32)) -> 612 | F33: 753144 | G33: =IF((F33-F32)<0,"0",(F33-F32)) -> 0 | H33: 83916 | I33: =IF((H33-H32)<0,"0",(H33-H32)) -> 31 | J33: 176881 | K33: =IF((J33-J32)<0,"0",(J33-J32)) -> 0 | L33: 78228 | M33: =IF((L33-L32)<0,"0",(L33-L32)) -> 0 | N33: 601761 | O33: =IF((N33-N32)<0,"0",(N33-N32)) -> 165 | P33: 156028 | Q33: =IF((P33-P32)<0,"0",(P33-P32)) -> 35 | R33: 863502 | S33: =IF((R33-R32)<0,"0",(R33-R32)) -> 247 | T33: 65262 | U33: =IF((T33-T32)<0,"0",(T33-T32)) -> 26 | V33: 277891 | W33: =IF((V33-V32)<0,"0",(V33-V32)) -> 62 | X33: 21007 | Y33: =IF((X33-X32)<0,"0",(X33-X32)) -> 0 | Z33: 676190 | AA33: =IF((Z33-Z32)<0,"0",(Z33-Z32)) -> 0 | AB33: 1410 | AC33: =IF((AB33-AB32)<0,"0",(AB33-AB32)) -> 0 | AD33: =AC33+AA33+Y33+W33+U33+S33+Q33+O33+M33+K33+I33+G33+E33+C33 -> 1485 | AE33: 0 | AF33: =IF((AE33-AE32)<0,"0",(AE33-AE32)) -> 0
A34: 44135 | B34: 1434293 | C34: =IF((B34-B33)<0,"0",(B34-B33)) -> 257 | D34: 33146170 | E34: =IF((D34-D33)<0,"0",(D34-D33)) -> 518 | F34: 753144 | G34: =IF((F34-F33)<0,"0",(F34-F33)) -> 0 | H34: 83949 | I34: =IF((H34-H33)<0,"0",(H34-H33)) -> 33 | J34: 176881 | K34: =IF((J34-J33)<0,"0",(J34-J33)) -> 0 | L34: 78262 | M34: =IF((L34-L33)<0,"0",(L34-L33)) -> 34 | N34: 601806 | O34: =IF((N34-N33)<0,"0",(N34-N33)) -> 45 | P34: 156066 | Q34: =IF((P34-P33)<0,"0",(P34-P33)) -> 38 | R34: 863735 | S34: =IF((R34-R33)<0,"0",(R34-R33)) -> 233 | T34: 65290 | U34: =IF((T34-T33)<0,"0",(T34-T33)) -> 28 | V34: 277945 | W34: =IF((V34-V33)<0,"0",(V34-V33)) -> 54 | X34: 21007 | Y34: =IF((X34-X33)<0,"0",(X34-X33)) -> 0 | Z34: 676190 | AA34: =IF((Z34-Z33)<0,"0",(Z34-Z33)) -> 0 | AB34: 1410 | AC34: =IF((AB34-AB33)<0,"0",(AB34-AB33)) -> 0 | AD34: =AC34+AA34+Y34+W34+U34+S34+Q34+O34+M34+K34+I34+G34+E34+C34 -> 1240 | AE34: 0 | AF34: =IF((AE34-AE33)<0,"0",(AE34-AE33)) -> 0

Sheet Water
A1: Hotel Oct 2020
A2: Day
B3: Main Reading | C3: Cons. | D3: Beach Water | E3: Cons.
A4: Last | B4: 54045 | C4: 0 | D4: 505187 | E4: 0
A5: 44105 | B5: 54060 | C5: =(IF((B5-B4)<0,"0",(B5-B4)))*10 -> 150 | D5: 505590 | E5: =(IF((D5-D4)<0,"0",(D5-D4))) -> 403
A6: 44106 | B6: 54080 | C6: =(IF((B6-B5)<0,"0",(B6-B5)))*10 -> 200 | D6: 506074 | E6: =(IF((D6-D5)<0,"0",(D6-D5))) -> 484
A7: 44107 | B7: 54094 | C7: =(IF((B7-B6)<0,"0",(B7-B6)))*10 -> 140 | D7: 506472 | E7: =(IF((D7-D6)<0,"0",(D7-D6))) -> 398
A8: 44108 | B8: 54108 | C8: =(IF((B8-B7)<0,"0",(B8-B7)))*10 -> 140 | D8: 506772 | E8: =(IF((D8-D7)<0,"0",(D8-D7))) -> 300
A9: 44109 | B9: 54125 | C9: =(IF((B9-B8)<0,"0",(B9-B8)))*10 -> 170 | D9: 507185 | E9: =(IF((D9-D8)<0,"0",(D9-D8))) -> 413
A10: 44110 | B10: 54136 | C10: =(IF((B10-B9)<0,"0",(B10-B9)))*10 -> 110 | D10: 507622 | E10: =(IF((D10-D9)<0,"0",(D10-D9))) -> 437
A11: 44111 | B11: 54167 | C11: =(IF((B11-B10)<0,"0",(B11-B10)))*10 -> 310 | D11: 508030 | E11: =(IF((D11-D10)<0,"0",(D11-D10))) -> 408
A12: 44112 | B12: 54193 | C12: =(IF((B12-B11)<0,"0",(B12-B11)))*10 -> 260 | D12: 508449 | E12: =(IF((D12-D11)<0,"0",(D12-D11))) -> 419
A13: 44113 | B13: 54216 | C13: =(IF((B13-B12)<0,"0",(B13-B12)))*10 -> 230 | D13: 508849 | E13: =(IF((D13-D12)<0,"0",(D13-D12))) -> 400
A14: 44114 | B14: 54237 | C14: =(IF((B14-B13)<0,"0",(B14-B13)))*10 -> 210 | D14: 509248 | E14: =(IF((D14-D13)<0,"0",(D14-D13))) -> 399
A15: 44115 | B15: 54256 | C15: =(IF((B15-B14)<0,"0",(B15-B14)))*10 -> 190 | D15: 509646 | E15: =(IF((D15-D14)<0,"0",(D15-D14))) -> 398
A16: 44116 | B16: 54276 | C16: =(IF((B16-B15)<0,"0",(B16-B15)))*10 -> 200 | D16: 510039 | E16: =(IF((D16-D15)<0,"0",(D16-D15))) -> 393
... A33: 44133 | B33: 54609 | C33: =(IF((B33-B32)<0,"0",(B33-B32)))*10 -> 250 | D33: 515899 | E33: =(IF((D33-D32)<0,"0",(D33-D32))) -> 226
A34: 44134 | B34: 54633 | C34: =(IF((B34-B33)<0,"0",(B34-B33)))*10 -> 240 | D34: 516059 | E34: =(IF((D34-D32)<0,"0",(D34-D32))) -> 386
A35: 44135 | B35: 54656 | C35: =(IF((B35-B34)<0,"0",(B35-B34)))*10 -> 230 | D35: 516499 | E35: 405
A36: Total | C36: =SUM(C5:C34) -> 5880 | E36: =SUM(E5:E34) -> 11098
E39: T
