Workbook

Sheet TOTAL
A1: Site Name | B1: Day | C1: Month | D1: Year | E1: Total Electricity Kwh | F1: Electricity Tariff ($/Kwh) | G1: Natual Gas (m3) | H1: Natural Gas $/m3 | I1: Water Utility Supply (m3) m3 | J1: Water Utility Supply (m3) $/m3 | K1: Room Nights | L1: Total Guests
A2: Hampshire | B2: 1 | C2: 10 | D2: 2020 | E2: =(Submetering!E2+Submetering!F2) -> 9420 | F2: 0.142 | G2: =Submetering!M2 -> 1058 | H2: 0.16 | I2: =Submetering!N2 -> 241 | J2: 2.06 | K2: ='Hampshire Daily'!B5 -> 58 | L2: =Submetering!AA2 -> 115
A3: Hampshire | B3: =B2+1 -> 2 | C3: 10 | D3: 2020 | E3: =Submetering!E3+Submetering!F3 -> 7010 | F3: 0.142 | G3: =Submetering!M3 -> 1853 | H3: 0.16 | I3: =Submetering!N3 -> 76 | J3: 2.06 | K3: ='Hampshire Daily'!B6 -> 73 | L3: =Submetering!AA3 -> 178
A4: Hampshire | B4: =B3+1 -> 3 | C4: 10 | D4: 2020 | E4: =Submetering!E4+Submetering!F4 -> 7440 | F4: 0.142 | G4: =Submetering!M4 -> 2091 | H4: 0.16 | I4: =Submetering!N4 -> 128 | J4: 2.06 | K4: ='Hampshire Daily'!B7 -> 94 | L4: =Submetering!AA4 -> 225
A5: Hampshire | B5: =B4+1 -> 4 | C5: 10 | D5: 2020 | E5: =Submetering!E5+Submetering!F5 -> 8270 | F5: 0.142 | G5: =Submetering!M5 -> 2368 | H5: 0.16 | I5: =Submetering!N5 -> 128 | J5: 2.06 | K5: ='Hampshire Daily'!B8 -> 28 | L5: =Submetering!AA5 -> 70
A6: Hampshire | B6: =B5+1 -> 5 | C6: 10 | D6: 2020 | E6: =Submetering!E6+Submetering!F6 -> 5890 | F6: 0.142 | G6: =Submetering!M6 -> 1885 | H6: 0.16 | I6: =Submetering!N6 -> 239 | J6: 2.06 | K6: ='Hampshire Daily'!B9 -> 19 | L6: =Submetering!AA6 -> 53
A7: Hampshire | B7: =B6+1 -> 6 | C7: 10 | D7: 2020 | E7: =Submetering!E7+Submetering!F7 -> 6640 | F7: 0.142 | G7: =Submetering!M7 -> 1981 | H7: 0.16 | I7: =Submetering!N7 -> 92 | J7: 2.06 | K7: ='Hampshire Daily'!B10 -> 34 | L7: =Submetering!AA7 -> 73
A8: Hampshire | B8: =B7+1 -> 7 | C8: 10 | D8: 2020 | E8: =Submetering!E8+Submetering!F8 -> 7430 | F8: 0.142 | G8: =Submetering!M8 -> 1843 | H8: 0.16 | I8: =Submetering!N8 -> 114 | J8: 2.06 | K8: ='Hampshire Daily'!B11 -> 27 | L8: =Submetering!AA8 -> 64
A9: Hampshire | B9: =B8+1 -> 8 | C9: 10 | D9: 2020 | E9: =Submetering!E9+Submetering!F9 -> 6750 | F9: 0.142 | G9: =Submetering!M9 -> 1900 | H9: 0.16 | I9: =Submetering!N9 -> 141 | J9: 2.06 | K9: ='Hampshire Daily'!B12 -> 38 | L9: =Submetering!AA9 -> 92
A10: Hampshire | B10: =B9+1 -> 9 | C10: 10 | D10: 2020 | E10: =Submetering!E10+Submetering!F10 -> 7010 | F10: 0.142 | G10: =Submetering!M10 -> 1984 | H10: 0.16 | I10: =Submetering!N10 -> 108 | J10: 2.06 | K10: ='Hampshire Daily'!B13 -> 83 | L10: =Submetering!AA10 -> 190
A11: Hampshire | B11: =B10+1 -> 10 | C11: 10 | D11: 2020 | E11: =Submetering!E11+Submetering!F11 -> 7370 | F11: 0.142 | G11: =Submetering!M11 -> 2344 | H11: 0.16 | I11: =Submetering!N11 -> 132 | J11: 2.06 | K11: ='Hampshire Daily'!B14 -> 108 | L11: =Submetering!AA11 -> 268
A12: Hampshire | B12: =B11+1 -> 11 | C12: 10 | D12: 2020 | E12: =Submetering!E12+Submetering!F12 -> 7450 | F12: 0.142 | G12: =Submetering!M12 -> 2519 | H12: 0.16 | I12: =Submetering!N12 -> 90 | J12: 2.06 | K12: ='Hampshire Daily'!B15 -> 57 | L12: =Submetering!AA12 -> 144
A13: Hampshire | B13: =B12+1 -> 12 | C13: 10 | D13: 2020 | E13: =Submetering!E13+Submetering!F13 -> 7000 | F13: 0.142 | G13: =Submetering!M13 -> 2320 | H13: 0.16 | I13: =Submetering!N13 -> 218 | J13: 2.06 | K13: ='Hampshire Daily'!B16 -> 37 | L13: =Submetering!AA13 -> 92
A14: Hampshire | B14: =B13+1 -> 13 | C14: 10 | D14: 2020 | E14: =Submetering!E14+Submetering!F14 -> 15070 | F14: 0.142 | G14: =Submetering!M14 -> 2324 | H14: 0.16 | I14: =Submetering!N14 -> 128 | J14: 2.06 | K14: ='Hampshire Daily'!B17 -> 30 | L14: =Submetering!AA14 -> 70
... A32: Hampshire | B32: =B31+1 -> 31 | C32: 10 | D32: 2020 | E32: =Submetering!E32+Submetering!F32 -> 4606 | F32: 0.142 | G32: =Submetering!M32 -> 2419 | H32: 0.16 | I32: =Submetering!N32 -> 33 | J32: 2.06 | K32: ='Hampshire Daily'!B35 -> 91 | L32: =Submetering!AA32 -> 260
O33: NOV | P33: NOV
N35: 108 | O35: 28 | P35: =N35+O35 -> 136
N36: 117 | O36: 37 | P36: =N36+O36 -> 154
N37: 108 | O37: 24 | P37: =N37+O37 -> 132
N38: 38 | O38: 14 | P38: =N38+O38 -> 52
N39: 13 | O39: 0 | P39: =N39+O39 -> 13
N40: 13 | O40: 0 | P40: =N40+O40 -> 13
N41: 13 | O41: 0 | P41: =N41+O41 -> 13
N42: 13 | O42: 0 | P42: =N42+O42 -> 13
N43: 13 | O43: 0 | P43: =N43+O43 -> 13
N44: 13 | O44: 0 | P44: =N44+O44 -> 13
N45: 13 | O45: 0 | P45: =N45+O45 -> 13
N46: 13 | O46: 0 | P46: =N46+O46 -> 13
... N63: 7 | O63: 0 | P63: =N63+O63 -> 7
N64: - | O64: 0 | P64: =N64+O64 -> #VALUE!

Sheet Submetering
A1: Site Name | B1: Day | C1: Month | D1: Year | E1: Meter 1- KWh | F1: Meter 2- KWh | G1: East MCC- KWh | H1: South MCC 1- KWh | I1: South MCC 2- KWh | J1: West MCC- KWh | K1: Kitchen - KWh | L1: SPA - KWh | M1: Gas- KWh | N1: Main Site Water Meter - m3 | O1: Chiller 2- m3 | P1: Chiller 3- m3 | Q1: Chiller 4- m3 | R1: Hard Water Supply- m3 | S1: Pool Supply- m3 | T1: CL02- m3 | U1: LTHW SPA- m3 | V1: LTHW East- m3 | W1: Chilled make-up- m3 | X1: Orchard irrigation- m3 | Y1: Kids Pool- m3 | Z1: Room Nights | AA1: Total Guests
A2: Hampshire | B2: 1 | C2: 10 | D2: 2020 | E2: =IF(('Hampshire Daily'!D5-'Hampshire Daily'!D4<0), "0",('Hampshire Daily'!D5-'Hampshire Daily'!D4)*10) -> 5140 | F2: =IF(('Hampshire Daily'!F5-'Hampshire Daily'!F4<0), "0",('Hampshire Daily'!F5-'Hampshire Daily'!F4)*10) -> 4280 | G2: =IF(('Hampshire Daily'!H5-'Hampshire Daily'!H4<0), "0",'Hampshire Daily'!H5-'Hampshire Daily'!H4) -> 845 | H2: =IF(('Hampshire Daily'!I5-'Hampshire Daily'!I4<0), "0",'Hampshire Daily'!I5-'Hampshire Daily'!I4) -> 0 | I2: =IF(('Hampshire Daily'!J5-'Hampshire Daily'!J4<0), "0",'Hampshire Daily'!J5-'Hampshire Daily'!J4) -> 0 | J2: =IF(('Hampshire Daily'!K5-'Hampshire Daily'!K4<0), "0",'Hampshire Daily'!K5-'Hampshire Daily'!K4) -> 0 | K2: =IF(('Hampshire Daily'!L5-'Hampshire Daily'!L4<0), "0",'Hampshire Daily'!L5-'Hampshire Daily'!L4) -> 1590 | L2: =IF(('Hampshire Daily'!M5-'Hampshire Daily'!M4<0), "0",'Hampshire Daily'!M5-'Hampshire Daily'!M4) -> 500 | M2: =IF(('Hampshire Daily'!N5-'Hampshire Daily'!N4<0), "0",'Hampshire Daily'!N5-'Hampshire Daily'!N4) -> 1058 | N2: =IF(('Hampshire Daily'!O5-'Hampshire Daily'!O4<0), "0",'Hampshire Daily'!O5-'Hampshire Daily'!O4) -> 241 | ... Q2: =IF(('Hampshire Daily'!R5-'Hampshire Daily'!R4<0), "0",'Hampshire Daily'!R5-'Hampshire Daily'!R4) -> 3 | R2: =IF(('Hampshire Daily'!U5-'Hampshire Daily'!U4<0), "0",'Hampshire Daily'!U5-'Hampshire Daily'!U4) -> 10 | S2: =IF(('Hampshire Daily'!V5-'Hampshire Daily'!V4<0), "0",'Hampshire Daily'!V5-'Hampshire Daily'!V4) -> 13 | T2: =IF(('Hampshire Daily'!Y5-'Hampshire Daily'!W4<0), "0",'Hampshire Daily'!Y5-'Hampshire Daily'!W4) -> 855.347 | U2: =IF(('Hampshire Daily'!X5-'Hampshire Daily'!X4<0), "0",'Hampshire Daily'!X5-'Hampshire Daily'!X4) -> 2.777 | V2: =IF(('Hampshire Daily'!Y5-'Hampshire Daily'!Y4<0), "0",'Hampshire Daily'!Y5-'Hampshire Daily'!Y4) -> 0 | W2: =IF(('Hampshire Daily'!Z5-'Hampshire Daily'!Z4<0), "0",'Hampshire Daily'!Z5-'Hampshire Daily'!Z4) -> 0.029 | X2: 23 | Y2: 6 | Z2: ='Hampshire Daily'!B5 -> 58 | AA2: ='Hampshire Daily'!C5 -> 115
A3: Hampshire | B3: =B2+1 -> 2 | C3: 10 | D3: 2020 | E3: =IF(('Hampshire Daily'!D6-'Hampshire Daily'!D5<0), "0",('Hampshire Daily'!D6-'Hampshire Daily'!D5)*10) -> 2280 | F3: =IF(('Hampshire Daily'!F6-'Hampshire Daily'!F5<0), "0",('Hampshire Daily'!F6-'Hampshire Daily'!F5)*10) -> 4730 | G3: =IF(('Hampshire Daily'!H6-'Hampshire Daily'!H5<0), "0",'Hampshire Daily'!H6-'Hampshire Daily'!H5) -> 795 | H3: =IF(('Hampshire Daily'!I6-'Hampshire Daily'!I5<0), "0",'Hampshire Daily'!I6-'Hampshire Daily'!I5) -> 0 | I3: =IF(('Hampshire Daily'!J6-'Hampshire Daily'!J5<0), "0",'Hampshire Daily'!J6-'Hampshire Daily'!J5) -> 0 | J3: =IF(('Hampshire Daily'!K6-'Hampshire Daily'!K5<0), "0",'Hampshire Daily'!K6-'Hampshire Daily'!K5) -> 0 | K3: =IF(('Hampshire Daily'!L6-'Hampshire Daily'!L5<0), "0",'Hampshire Daily'!L6-'Hampshire Daily'!L5) -> 938 | L3: =IF(('Hampshire Daily'!M6-'Hampshire Daily'!M5<0), "0",'Hampshire Daily'!M6-'Hampshire Daily'!M5) -> 0 | M3: =IF(('Hampshire Daily'!N6-'Hampshire Daily'!N5<0), "0",'Hampshire Daily'!N6-'Hampshire Daily'!N5) -> 1853 | N3: =IF(('Hampshire Daily'!O6-'Hampshire Daily'!O5<0), "0",'Hampshire Daily'!O6-'Hampshire Daily'!O5) -> 76 | ... Q3: =IF(('Hampshire Daily'!R6-'Hampshire Daily'!R5<0), "0",'Hampshire Daily'!R6-'Hampshire Daily'!R5) -> 0 | R3: =IF(('Hampshire Daily'!U6-'Hampshire Daily'!U5<0), "0",'Hampshire Daily'!U6-'Hampshire Daily'!U5) -> 11 | S3: =IF(('Hampshire Daily'!V6-'Hampshire Daily'!V5<0), "0",'Hampshire Daily'!V6-'Hampshire Daily'!V5) -> 0 | T3: =IF(('Hampshire Daily'!Y6-'Hampshire Daily'!Y5<0), "0",'Hampshire Daily'!Y6-'Hampshire Daily'!Y5) -> 0.286 | U3: =IF(('Hampshire Daily'!X6-'Hampshire Daily'!X5<0), "0",'Hampshire Daily'!X6-'Hampshire Daily'!X5) -> 2.009 | V3: =IF(('Hampshire Daily'!Y6-'Hampshire Daily'!Y5<0), "0",'Hampshire Daily'!Y6-'Hampshire Daily'!Y5) -> 0.286 | W3: =IF(('Hampshire Daily'!Z6-'Hampshire Daily'!Z5<0), "0",'Hampshire Daily'!Z6-'Hampshire Daily'!Z5) -> 0.008 | X3: =IF(('Hampshire Daily'!AA6-'Hampshire Daily'!AA5<0), "0",'Hampshire Daily'!AA6-'Hampshire Daily'!AA5) -> 23 | Y3: =IF(('Hampshire Daily'!AB6-'Hampshire Daily'!AB5<0), "0",'Hampshire Daily'!AB6-'Hampshire Daily'!AB5) -> 6 | Z3: ='Hampshire Daily'!B6 -> 73 | AA3: ='Hampshire Daily'!C6 -> 178
A4: Hampshire | B4: =B3+1 -> 3 | C4: 10 | D4: 2020 | E4: =IF(('Hampshire Daily'!D7-'Hampshire Daily'!D6<0), "0",('Hampshire Daily'!D7-'Hampshire Daily'!D6)*10) -> 2380 | F4: =IF(('Hampshire Daily'!F7-'Hampshire Daily'!F6<0), "0",('Hampshire Daily'!F7-'Hampshire Daily'!F6)*10) -> 5060 | G4: =IF(('Hampshire Daily'!H7-'Hampshire Daily'!H6<0), "0",'Hampshire Daily'!H7-'Hampshire Daily'!H6) -> 776 | H4: =IF(('Hampshire Daily'!I7-'Hampshire Daily'!I6<0), "0",'Hampshire Daily'!I7-'Hampshire Daily'!I6) -> 0 | I4: =IF(('Hampshire Daily'!J7-'Hampshire Daily'!J6<0), "0",'Hampshire Daily'!J7-'Hampshire Daily'!J6) -> 0 | J4: =IF(('Hampshire Daily'!K7-'Hampshire Daily'!K6<0), "0",'Hampshire Daily'!K7-'Hampshire Daily'!K6) -> 0 | K4: =IF(('Hampshire Daily'!L7-'Hampshire Daily'!L6<0), "0",'Hampshire Daily'!L7-'Hampshire Daily'!L6) -> 938 | L4: =IF(('Hampshire Daily'!M7-'Hampshire Daily'!M6<0), "0",'Hampshire Daily'!M7-'Hampshire Daily'!M6) -> 0 | M4: =IF(('Hampshire Daily'!N7-'Hampshire Daily'!N6<0), "0",'Hampshire Daily'!N7-'Hampshire Daily'!N6) -> 2091 | N4: =IF(('Hampshire Daily'!O7-'Hampshire Daily'!O6<0), "0",'Hampshire Daily'!O7-'Hampshire Daily'!O6) -> 128 | ... Q4: =IF(('Hampshire Daily'!R7-'Hampshire Daily'!R6<0), "0",'Hampshire Daily'!R7-'Hampshire Daily'!R6) -> 0 | R4: =IF(('Hampshire Daily'!U7-'Hampshire Daily'!U6<0), "0",'Hampshire Daily'!U7-'Hampshire Daily'!U6) -> 12 | S4: =IF(('Hampshire Daily'!V7-'Hampshire Daily'!V6<0), "0",'Hampshire Daily'!V7-'Hampshire Daily'!V6) -> 0 | T4: =IF(('Hampshire Daily'!Y7-'Hampshire Daily'!Y6<0), "0",'Hampshire Daily'!Y7-'Hampshire Daily'!Y6) -> 0.022 | U4: =IF(('Hampshire Daily'!X7-'Hampshire Daily'!X6<0), "0",'Hampshire Daily'!X7-'Hampshire Daily'!X6) -> 2.054 | V4: =IF(('Hampshire Daily'!Y7-'Hampshire Daily'!Y6<0), "0",'Hampshire Daily'!Y7-'Hampshire Daily'!Y6) -> 0.022 | W4: =IF(('Hampshire Daily'!Z7-'Hampshire Daily'!Z6<0), "0",'Hampshire Daily'!Z7-'Hampshire Daily'!Z6) -> 0.005 | X4: =IF(('Hampshire Daily'!AA7-'Hampshire Daily'!AA6<0), "0",'Hampshire Daily'!AA7-'Hampshire Daily'!AA6) -> 31 | Y4: =IF(('Hampshire Daily'!AB7-'Hampshire Daily'!AB6<0), "0",'Hampshire Daily'!AB7-'Hampshire Daily'!AB6) -> 7 | Z4: ='Hampshire Daily'!B7 -> 94 | AA4: ='Hampshire Daily'!C7 -> 225
A5: Hampshire | B5: =B4+1 -> 4 | C5: 10 | D5: 2020 | E5: =IF(('Hampshire Daily'!D8-'Hampshire Daily'!D7<0), "0",('Hampshire Daily'!D8-'Hampshire Daily'!D7)*10) -> 2660 | F5: =IF(('Hampshire Daily'!F8-'Hampshire Daily'!F7<0), "0",('Hampshire Daily'!F8-'Hampshire Daily'!F7)*10) -> 5610 | G5: =IF(('Hampshire Daily'!H8-'Hampshire Daily'!H7<0), "0",'Hampshire Daily'!H8-'Hampshire Daily'!H7) -> 363 | H5: =IF(('Hampshire Daily'!I8-'Hampshire Daily'!I7<0), "0",'Hampshire Daily'!I8-'Hampshire Daily'!I7) -> 0 | I5: =IF(('Hampshire Daily'!J8-'Hampshire Daily'!J7<0), "0",'Hampshire Daily'!J8-'Hampshire Daily'!J7) -> 0 | J5: =IF(('Hampshire Daily'!K8-'Hampshire Daily'!K7<0), "0",'Hampshire Daily'!K8-'Hampshire Daily'!K7) -> 0 | K5: =IF(('Hampshire Daily'!L8-'Hampshire Daily'!L7<0), "0",'Hampshire Daily'!L8-'Hampshire Daily'!L7) -> 938 | L5: =IF(('Hampshire Daily'!M8-'Hampshire Daily'!M7<0), "0",'Hampshire Daily'!M8-'Hampshire Daily'!M7) -> 0 | M5: =IF(('Hampshire Daily'!N8-'Hampshire Daily'!N7<0), "0",'Hampshire Daily'!N8-'Hampshire Daily'!N7) -> 2368 | N5: =IF(('Hampshire Daily'!O8-'Hampshire Daily'!O7<0), "0",'Hampshire Daily'!O8-'Hampshire Daily'!O7) -> 128 | ... Q5: =IF(('Hampshire Daily'!R8-'Hampshire Daily'!R7<0), "0",'Hampshire Daily'!R8-'Hampshire Daily'!R7) -> 0 | R5: =IF(('Hampshire Daily'!U8-'Hampshire Daily'!U7<0), "0",'Hampshire Daily'!U8-'Hampshire Daily'!U7) -> 11 | S5: =IF(('Hampshire Daily'!V8-'Hampshire Daily'!V7<0), "0",'Hampshire Daily'!V8-'Hampshire Daily'!V7) -> 0 | T5: =IF(('Hampshire Daily'!Y8-'Hampshire Daily'!Y7<0), "0",'Hampshire Daily'!Y8-'Hampshire Daily'!Y7) -> 0.025 | U5: =IF(('Hampshire Daily'!X8-'Hampshire Daily'!X7<0), "0",'Hampshire Daily'!X8-'Hampshire Daily'!X7) -> 2.054 | V5: =IF(('Hampshire Daily'!Y8-'Hampshire Daily'!Y7<0), "0",'Hampshire Daily'!Y8-'Hampshire Daily'!Y7) -> 0.025 | W5: =IF(('Hampshire Daily'!Z8-'Hampshire Daily'!Z7<0), "0",'Hampshire Daily'!Z8-'Hampshire Daily'!Z7) -> 0.014 | X5: =IF(('Hampshire Daily'!AA8-'Hampshire Daily'!AA7<0), "0",'Hampshire Daily'!AA8-'Hampshire Daily'!AA7) -> 23 | Y5: =IF(('Hampshire Daily'!AB8-'Hampshire Daily'!AB7<0), "0",'Hampshire Daily'!AB8-'Hampshire Daily'!AB7) -> 0 | Z5: ='Hampshire Daily'!B8 -> 28 | AA5: ='Hampshire Daily'!C8 -> 70
A6: Hampshire | B6: =B5+1 -> 5 | C6: 10 | D6: 2020 | E6: =IF(('Hampshire Daily'!D9-'Hampshire Daily'!D8<0), "0",('Hampshire Daily'!D9-'Hampshire Daily'!D8)*10) -> 1730 | F6: =IF(('Hampshire Daily'!F9-'Hampshire Daily'!F8<0), "0",('Hampshire Daily'!F9-'Hampshire Daily'!F8)*10) -> 4160 | G6: =IF(('Hampshire Daily'!H9-'Hampshire Daily'!H8<0), "0",'Hampshire Daily'!H9-'Hampshire Daily'!H8) -> 1256 | H6: =IF(('Hampshire Daily'!I9-'Hampshire Daily'!I8<0), "0",'Hampshire Daily'!I9-'Hampshire Daily'!I8) -> 0 | I6: =IF(('Hampshire Daily'!J9-'Hampshire Daily'!J8<0), "0",'Hampshire Daily'!J9-'Hampshire Daily'!J8) -> 0 | J6: =IF(('Hampshire Daily'!K9-'Hampshire Daily'!K8<0), "0",'Hampshire Daily'!K9-'Hampshire Daily'!K8) -> 0 | K6: =IF(('Hampshire Daily'!L9-'Hampshire Daily'!L8<0), "0",'Hampshire Daily'!L9-'Hampshire Daily'!L8) -> 938 | L6: =IF(('Hampshire Daily'!M9-'Hampshire Daily'!M8<0), "0",'Hampshire Daily'!M9-'Hampshire Daily'!M8) -> 180 | M6: =IF(('Hampshire Daily'!N9-'Hampshire Daily'!N8<0), "0",'Hampshire Daily'!N9-'Hampshire Daily'!N8) -> 1885 | N6: =IF(('Hampshire Daily'!O9-'Hampshire Daily'!O8<0), "0",'Hampshire Daily'!O9-'Hampshire Daily'!O8) -> 239 | ... Q6: =IF(('Hampshire Daily'!R9-'Hampshire Daily'!R8<0), "0",'Hampshire Daily'!R9-'Hampshire Daily'!R8) -> 0 | R6: =IF(('Hampshire Daily'!U9-'Hampshire Daily'!U8<0), "0",'Hampshire Daily'!U9-'Hampshire Daily'!U8) -> 12 | S6: =IF(('Hampshire Daily'!V9-'Hampshire Daily'!V8<0), "0",'Hampshire Daily'!V9-'Hampshire Daily'!V8) -> 3 | T6: =IF(('Hampshire Daily'!Y9-'Hampshire Daily'!Y8<0), "0",'Hampshire Daily'!Y9-'Hampshire Daily'!Y8) -> 0.025 | U6: =IF(('Hampshire Daily'!X9-'Hampshire Daily'!X8<0), "0",'Hampshire Daily'!X9-'Hampshire Daily'!X8) -> 2.076 | V6: =IF(('Hampshire Daily'!Y9-'Hampshire Daily'!Y8<0), "0",'Hampshire Daily'!Y9-'Hampshire Daily'!Y8) -> 0.025 | W6: =IF(('Hampshire Daily'!Z9-'Hampshire Daily'!Z8<0), "0",'Hampshire Daily'!Z9-'Hampshire Daily'!Z8) -> 0.01 | X6: =IF(('Hampshire Daily'!AA9-'Hampshire Daily'!AA8<0), "0",'Hampshire Daily'!AA9-'Hampshire Daily'!AA8) -> 15 | Y6: =IF(('Hampshire Daily'!AB9-'Hampshire Daily'!AB8<0), "0",'Hampshire Daily'!AB9-'Hampshire Daily'!AB8) -> 36 | Z6: ='Hampshire Daily'!B9 -> 19 | AA6: ='Hampshire Daily'!C9 -> 53
A7: Hampshire | B7: =B6+1 -> 6 | C7: 10 | D7: 2020 | E7: =IF(('Hampshire Daily'!D10-'Hampshire Daily'!D9<0), "0",('Hampshire Daily'!D10-'Hampshire Daily'!D9)*10) -> 1980 | F7: =IF(('Hampshire Daily'!F10-'Hampshire Daily'!F9<0), "0",('Hampshire Daily'!F10-'Hampshire Daily'!F9)*10) -> 4660 | G7: =IF(('Hampshire Daily'!H10-'Hampshire Daily'!H9<0), "0",'Hampshire Daily'!H10-'Hampshire Daily'!H9) -> 805 | H7: =IF(('Hampshire Daily'!I10-'Hampshire Daily'!I9<0), "0",'Hampshire Daily'!I10-'Hampshire Daily'!I9) -> 0 | I7: =IF(('Hampshire Daily'!J10-'Hampshire Daily'!J9<0), "0",'Hampshire Daily'!J10-'Hampshire Daily'!J9) -> 0 | J7: =IF(('Hampshire Daily'!K10-'Hampshire Daily'!K9<0), "0",'Hampshire Daily'!K10-'Hampshire Daily'!K9) -> 0 | K7: =IF(('Hampshire Daily'!L10-'Hampshire Daily'!L9<0), "0",'Hampshire Daily'!L10-'Hampshire Daily'!L9) -> 938 | L7: =IF(('Hampshire Daily'!M10-'Hampshire Daily'!M9<0), "0",'Hampshire Daily'!M10-'Hampshire Daily'!M9) -> 0 | M7: =IF(('Hampshire Daily'!N10-'Hampshire Daily'!N9<0), "0",'Hampshire Daily'!N10-'Hampshire Daily'!N9) -> 1981 | N7: =IF(('Hampshire Daily'!O10-'Hampshire Daily'!O9<0), "0",'Hampshire Daily'!O10-'Hampshire Daily'!O9) -> 92 | ... Q7: =IF(('Hampshire Daily'!R10-'Hampshire Daily'!R9<0), "0",'Hampshire Daily'!R10-'Hampshire Daily'!R9) -> 0 | R7: =IF(('Hampshire Daily'!U10-'Hampshire Daily'!U9<0), "0",'Hampshire Daily'!U10-'Hampshire Daily'!U9) -> 10 | S7: =IF(('Hampshire Daily'!V10-'Hampshire Daily'!V9<0), "0",'Hampshire Daily'!V10-'Hampshire Daily'!V9) -> 1 | T7: =IF(('Hampshire Daily'!Y10-'Hampshire Daily'!Y9<0), "0",'Hampshire Daily'!Y10-'Hampshire Daily'!Y9) -> 0.003 | U7: =IF(('Hampshire Daily'!X10-'Hampshire Daily'!X9<0), "0",'Hampshire Daily'!X10-'Hampshire Daily'!X9) -> 2.104 | V7: =IF(('Hampshire Daily'!Y10-'Hampshire Daily'!Y9<0), "0",'Hampshire Daily'!Y10-'Hampshire Daily'!Y9) -> 0.003 | W7: =IF(('Hampshire Daily'!Z10-'Hampshire Daily'!Z9<0), "0",'Hampshire Daily'!Z10-'Hampshire Daily'!Z9) -> 0.009 | X7: =IF(('Hampshire Daily'!AA10-'Hampshire Daily'!AA9<0), "0",'Hampshire Daily'!AA10-'Hampshire Daily'!AA9) -> 24 | Y7: =IF(('Hampshire Daily'!AB10-'Hampshire Daily'!AB9<0), "0",'Hampshire Daily'!AB10-'Hampshire Daily'!AB9) -> 8 | Z7: ='Hampshire Daily'!B10 -> 34 | AA7: ='Hampshire Daily'!C10 -> 73
A8: Hampshire | B8: =B7+1 -> 7 | C8: 10 | D8: 2020 | E8: =IF(('Hampshire Daily'!D11-'Hampshire Daily'!D10<0), "0",('Hampshire Daily'!D11-'Hampshire Daily'!D10)*10) -> 2790 | F8: =IF(('Hampshire Daily'!F11-'Hampshire Daily'!F10<0), "0",('Hampshire Daily'!F11-'Hampshire Daily'!F10)*10) -> 4640 | G8: =IF(('Hampshire Daily'!H11-'Hampshire Daily'!H10<0), "0",'Hampshire Daily'!H11-'Hampshire Daily'!H10) -> 841 | H8: =IF(('Hampshire Daily'!I11-'Hampshire Daily'!I10<0), "0",'Hampshire Daily'!I11-'Hampshire Daily'!I10) -> 0 | I8: =IF(('Hampshire Daily'!J11-'Hampshire Daily'!J10<0), "0",'Hampshire Daily'!J11-'Hampshire Daily'!J10) -> 0 | J8: =IF(('Hampshire Daily'!K11-'Hampshire Daily'!K10<0), "0",'Hampshire Daily'!K11-'Hampshire Daily'!K10) -> 0 | K8: =IF(('Hampshire Daily'!L11-'Hampshire Daily'!L10<0), "0",'Hampshire Daily'!L11-'Hampshire Daily'!L10) -> 938 | L8: =IF(('Hampshire Daily'!M11-'Hampshire Daily'!M10<0), "0",'Hampshire Daily'!M11-'Hampshire Daily'!M10) -> 178 | M8: =IF(('Hampshire Daily'!N11-'Hampshire Daily'!N10<0), "0",'Hampshire Daily'!N11-'Hampshire Daily'!N10) -> 1843 | N8: =IF(('Hampshire Daily'!O11-'Hampshire Daily'!O10<0), "0",'Hampshire Daily'!O11-'Hampshire Daily'!O10) -> 114 | ... Q8: =IF(('Hampshire Daily'!R11-'Hampshire Daily'!R10<0), "0",'Hampshire Daily'!R11-'Hampshire Daily'!R10) -> 0 | R8: =IF(('Hampshire Daily'!U11-'Hampshire Daily'!U10<0), "0",'Hampshire Daily'!U11-'Hampshire Daily'!U10) -> 8 | S8: =IF(('Hampshire Daily'!V11-'Hampshire Daily'!V10<0), "0",'Hampshire Daily'!V11-'Hampshire Daily'!V10) -> 1 | T8: =IF(('Hampshire Daily'!Y11-'Hampshire Daily'!Y10<0), "0",'Hampshire Daily'!Y11-'Hampshire Daily'!Y10) -> 0.02 | U8: =IF(('Hampshire Daily'!X11-'Hampshire Daily'!X10<0), "0",'Hampshire Daily'!X11-'Hampshire Daily'!X10) -> 2.099 | V8: =IF(('Hampshire Daily'!Y11-'Hampshire Daily'!Y10<0), "0",'Hampshire Daily'!Y11-'Hampshire Daily'!Y10) -> 0.02 | W8: =IF(('Hampshire Daily'!Z11-'Hampshire Daily'!Z10<0), "0",'Hampshire Daily'!Z11-'Hampshire Daily'!Z10) -> 0.009 | X8: =IF(('Hampshire Daily'!AA11-'Hampshire Daily'!AA10<0), "0",'Hampshire Daily'!AA11-'Hampshire Daily'!AA10) -> 23 | Y8: =IF(('Hampshire Daily'!AB11-'Hampshire Daily'!AB10<0), "0",'Hampshire Daily'!AB11-'Hampshire Daily'!AB10) -> 4 | Z8: ='Hampshire Daily'!B11 -> 27 | AA8: ='Hampshire Daily'!C11 -> 64
A9: Hampshire | B9: =B8+1 -> 8 | C9: 10 | D9: 2020 | E9: =IF(('Hampshire Daily'!D12-'Hampshire Daily'!D11<0), "0",('Hampshire Daily'!D12-'Hampshire Daily'!D11)*10) -> 1910 | F9: =IF(('Hampshire Daily'!F12-'Hampshire Daily'!F11<0), "0",('Hampshire Daily'!F12-'Hampshire Daily'!F11)*10) -> 4840 | G9: =IF(('Hampshire Daily'!H12-'Hampshire Daily'!H11<0), "0",'Hampshire Daily'!H12-'Hampshire Daily'!H11) -> 363 | H9: =IF(('Hampshire Daily'!I12-'Hampshire Daily'!I11<0), "0",'Hampshire Daily'!I12-'Hampshire Daily'!I11) -> 0 | I9: =IF(('Hampshire Daily'!J12-'Hampshire Daily'!J11<0), "0",'Hampshire Daily'!J12-'Hampshire Daily'!J11) -> 0 | J9: =IF(('Hampshire Daily'!K12-'Hampshire Daily'!K11<0), "0",'Hampshire Daily'!K12-'Hampshire Daily'!K11) -> 0 | K9: =IF(('Hampshire Daily'!L12-'Hampshire Daily'!L11<0), "0",'Hampshire Daily'!L12-'Hampshire Daily'!L11) -> 1394 | L9: =IF(('Hampshire Daily'!M12-'Hampshire Daily'!M11<0), "0",'Hampshire Daily'!M12-'Hampshire Daily'!M11) -> 2 | M9: =IF(('Hampshire Daily'!N12-'Hampshire Daily'!N11<0), "0",'Hampshire Daily'!N12-'Hampshire Daily'!N11) -> 1900 | N9: =IF(('Hampshire Daily'!O12-'Hampshire Daily'!O11<0), "0",'Hampshire Daily'!O12-'Hampshire Daily'!O11) -> 141 | ... Q9: =IF(('Hampshire Daily'!R12-'Hampshire Daily'!R11<0), "0",'Hampshire Daily'!R12-'Hampshire Daily'!R11) -> 0 | R9: =IF(('Hampshire Daily'!U12-'Hampshire Daily'!U11<0), "0",'Hampshire Daily'!U12-'Hampshire Daily'!U11) -> 9 | S9: =IF(('Hampshire Daily'!V12-'Hampshire Daily'!V11<0), "0",'Hampshire Daily'!V12-'Hampshire Daily'!V11) -> 21 | T9: =IF(('Hampshire Daily'!Y12-'Hampshire Daily'!Y11<0), "0",'Hampshire Daily'!Y12-'Hampshire Daily'!Y11) -> 0.009 | U9: =IF(('Hampshire Daily'!X12-'Hampshire Daily'!X11<0), "0",'Hampshire Daily'!X12-'Hampshire Daily'!X11) -> 2.081 | V9: =IF(('Hampshire Daily'!Y12-'Hampshire Daily'!Y11<0), "0",'Hampshire Daily'!Y12-'Hampshire Daily'!Y11) -> 0.009 | W9: =IF(('Hampshire Daily'!Z12-'Hampshire Daily'!Z11<0), "0",'Hampshire Daily'!Z12-'Hampshire Daily'!Z11) -> 0.011 | X9: =IF(('Hampshire Daily'!AA12-'Hampshire Daily'!AA11<0), "0",'Hampshire Daily'!AA12-'Hampshire Daily'!AA11) -> 23 | Y9: =IF(('Hampshire Daily'!AB12-'Hampshire Daily'!AB11<0), "0",'Hampshire Daily'!AB12-'Hampshire Daily'!AB11) -> 5 | Z9: ='Hampshire Daily'!B12 -> 38 | AA9: ='Hampshire Daily'!C12 -> 92
A10: Hampshire | B10: =B9+1 -> 9 | C10: 10 | D10: 2020 | E10: =IF(('Hampshire Daily'!D13-'Hampshire Daily'!D12<0), "0",('Hampshire Daily'!D13-'Hampshire Daily'!D12)*10) -> 2170 | F10: =IF(('Hampshire Daily'!F13-'Hampshire Daily'!F12<0), "0",('Hampshire Daily'!F13-'Hampshire Daily'!F12)*10) -> 4840 | G10: =IF(('Hampshire Daily'!H13-'Hampshire Daily'!H12<0), "0",'Hampshire Daily'!H13-'Hampshire Daily'!H12) -> 1302 | H10: =IF(('Hampshire Daily'!I13-'Hampshire Daily'!I12<0), "0",'Hampshire Daily'!I13-'Hampshire Daily'!I12) -> 0 | I10: =IF(('Hampshire Daily'!J13-'Hampshire Daily'!J12<0), "0",'Hampshire Daily'!J13-'Hampshire Daily'!J12) -> 0 | J10: =IF(('Hampshire Daily'!K13-'Hampshire Daily'!K12<0), "0",'Hampshire Daily'!K13-'Hampshire Daily'!K12) -> 0 | K10: =IF(('Hampshire Daily'!L13-'Hampshire Daily'!L12<0), "0",'Hampshire Daily'!L13-'Hampshire Daily'!L12) -> 1019 | L10: =IF(('Hampshire Daily'!M13-'Hampshire Daily'!M12<0), "0",'Hampshire Daily'!M13-'Hampshire Daily'!M12) -> 24 | M10: =IF(('Hampshire Daily'!N13-'Hampshire Daily'!N12<0), "0",'Hampshire Daily'!N13-'Hampshire Daily'!N12) -> 1984 | N10: =IF(('Hampshire Daily'!O13-'Hampshire Daily'!O12<0), "0",'Hampshire Daily'!O13-'Hampshire Daily'!O12) -> 108 | ... Q10: =IF(('Hampshire Daily'!R13-'Hampshire Daily'!R12<0), "0",'Hampshire Daily'!R13-'Hampshire Daily'!R12) -> 0 | R10: =IF(('Hampshire Daily'!U13-'Hampshire Daily'!U12<0), "0",'Hampshire Daily'!U13-'Hampshire Daily'!U12) -> 8 | S10: =IF(('Hampshire Daily'!V13-'Hampshire Daily'!V12<0), "0",'Hampshire Daily'!V13-'Hampshire Daily'!V12) -> 1 | T10: =IF(('Hampshire Daily'!Y13-'Hampshire Daily'!Y12<0), "0",'Hampshire Daily'!Y13-'Hampshire Daily'!Y12) -> 0.861 | U10: =IF(('Hampshire Daily'!X13-'Hampshire Daily'!X12<0), "0",'Hampshire Daily'!X13-'Hampshire Daily'!X12) -> 2.18 | V10: =IF(('Hampshire Daily'!Y13-'Hampshire Daily'!Y12<0), "0",'Hampshire Daily'!Y13-'Hampshire Daily'!Y12) -> 0.861 | W10: =IF(('Hampshire Daily'!Z13-'Hampshire Daily'!Z12<0), "0",'Hampshire Daily'!Z13-'Hampshire Daily'!Z12) -> 0.013 | X10: =IF(('Hampshire Daily'!AA13-'Hampshire Daily'!AA12<0), "0",'Hampshire Daily'!AA13-'Hampshire Daily'!AA12) -> 23 | Y10: =IF(('Hampshire Daily'!AB13-'Hampshire Daily'!AB12<0), "0",'Hampshire Daily'!AB13-'Hampshire Daily'!AB12) -> 3 | Z10: ='Hampshire Daily'!B13 -> 83 | AA10: ='Hampshire Daily'!C13 -> 190
A11: Hampshire | B11: =B10+1 -> 10 | C11: 10 | D11: 2020 | E11: =IF(('Hampshire Daily'!D14-'Hampshire Daily'!D13<0), "0",('Hampshire Daily'!D14-'Hampshire Daily'!D13)*10) -> 2260 | F11: =IF(('Hampshire Daily'!F14-'Hampshire Daily'!F13<0), "0",('Hampshire Daily'!F14-'Hampshire Daily'!F13)*10) -> 5110 | G11: =IF(('Hampshire Daily'!H14-'Hampshire Daily'!H13<0), "0",'Hampshire Daily'!H14-'Hampshire Daily'!H13) -> 829 | H11: =IF(('Hampshire Daily'!I14-'Hampshire Daily'!I13<0), "0",'Hampshire Daily'!I14-'Hampshire Daily'!I13) -> 0 | I11: =IF(('Hampshire Daily'!J14-'Hampshire Daily'!J13<0), "0",'Hampshire Daily'!J14-'Hampshire Daily'!J13) -> 0 | J11: =IF(('Hampshire Daily'!K14-'Hampshire Daily'!K13<0), "0",'Hampshire Daily'!K14-'Hampshire Daily'!K13) -> 0 | K11: =IF(('Hampshire Daily'!L14-'Hampshire Daily'!L13<0), "0",'Hampshire Daily'!L14-'Hampshire Daily'!L13) -> 938 | L11: =IF(('Hampshire Daily'!M14-'Hampshire Daily'!M13<0), "0",'Hampshire Daily'!M14-'Hampshire Daily'!M13) -> 0 | M11: =IF(('Hampshire Daily'!N14-'Hampshire Daily'!N13<0), "0",'Hampshire Daily'!N14-'Hampshire Daily'!N13) -> 2344 | N11: =IF(('Hampshire Daily'!O14-'Hampshire Daily'!O13<0), "0",'Hampshire Daily'!O14-'Hampshire Daily'!O13) -> 132 | ... Q11: =IF(('Hampshire Daily'!R14-'Hampshire Daily'!R13<0), "0",'Hampshire Daily'!R14-'Hampshire Daily'!R13) -> 0 | R11: =IF(('Hampshire Daily'!U14-'Hampshire Daily'!U13<0), "0",'Hampshire Daily'!U14-'Hampshire Daily'!U13) -> 10 | S11: =IF(('Hampshire Daily'!V14-'Hampshire Daily'!V13<0), "0",'Hampshire Daily'!V14-'Hampshire Daily'!V13) -> 0 | T11: =IF(('Hampshire Daily'!Y14-'Hampshire Daily'!Y13<0), "0",'Hampshire Daily'!Y14-'Hampshire Daily'!Y13) -> 0.171 | U11: =IF(('Hampshire Daily'!X14-'Hampshire Daily'!X13<0), "0",'Hampshire Daily'!X14-'Hampshire Daily'!X13) -> 2.28 | V11: =IF(('Hampshire Daily'!Y14-'Hampshire Daily'!Y13<0), "0",'Hampshire Daily'!Y14-'Hampshire Daily'!Y13) -> 0.171 | W11: =IF(('Hampshire Daily'!Z14-'Hampshire Daily'!Z13<0), "0",'Hampshire Daily'!Z14-'Hampshire Daily'!Z13) -> 0.011 | X11: =IF(('Hampshire Daily'!AA14-'Hampshire Daily'!AA13<0), "0",'Hampshire Daily'!AA14-'Hampshire Daily'!AA13) -> 25 | Y11: =IF(('Hampshire Daily'!AB14-'Hampshire Daily'!AB13<0), "0",'Hampshire Daily'!AB14-'Hampshire Daily'!AB13) -> 7 | Z11: ='Hampshire Daily'!B14 -> 108 | AA11: ='Hampshire Daily'!C14 -> 268
A12: Hampshire | B12: =B11+1 -> 11 | C12: 10 | D12: 2020 | E12: =IF(('Hampshire Daily'!D15-'Hampshire Daily'!D14<0), "0",('Hampshire Daily'!D15-'Hampshire Daily'!D14)*10) -> 2370 | F12: =IF(('Hampshire Daily'!F15-'Hampshire Daily'!F14<0), "0",('Hampshire Daily'!F15-'Hampshire Daily'!F14)*10) -> 5080 | G12: =IF(('Hampshire Daily'!H15-'Hampshire Daily'!H14<0), "0",'Hampshire Daily'!H15-'Hampshire Daily'!H14) -> 832 | H12: =IF(('Hampshire Daily'!I15-'Hampshire Daily'!I14<0), "0",'Hampshire Daily'!I15-'Hampshire Daily'!I14) -> 0 | I12: =IF(('Hampshire Daily'!J15-'Hampshire Daily'!J14<0), "0",'Hampshire Daily'!J15-'Hampshire Daily'!J14) -> 0 | J12: =IF(('Hampshire Daily'!K15-'Hampshire Daily'!K14<0), "0",'Hampshire Daily'!K15-'Hampshire Daily'!K14) -> 0 | K12: =IF(('Hampshire Daily'!L15-'Hampshire Daily'!L14<0), "0",'Hampshire Daily'!L15-'Hampshire Daily'!L14) -> 938 | L12: =IF(('Hampshire Daily'!M15-'Hampshire Daily'!M14<0), "0",'Hampshire Daily'!M15-'Hampshire Daily'!M14) -> 1 | M12: =IF(('Hampshire Daily'!N15-'Hampshire Daily'!N14<0), "0",'Hampshire Daily'!N15-'Hampshire Daily'!N14) -> 2519 | N12: =IF(('Hampshire Daily'!O15-'Hampshire Daily'!O14<0), "0",'Hampshire Daily'!O15-'Hampshire Daily'!O14) -> 90 | ... Q12: =IF(('Hampshire Daily'!R15-'Hampshire Daily'!R14<0), "0",'Hampshire Daily'!R15-'Hampshire Daily'!R14) -> 0 | R12: =IF(('Hampshire Daily'!U15-'Hampshire Daily'!U14<0), "0",'Hampshire Daily'!U15-'Hampshire Daily'!U14) -> 10 | S12: =IF(('Hampshire Daily'!V15-'Hampshire Daily'!V14<0), "0",'Hampshire Daily'!V15-'Hampshire Daily'!V14) -> 1 | T12: =IF(('Hampshire Daily'!Y15-'Hampshire Daily'!Y14<0), "0",'Hampshire Daily'!Y15-'Hampshire Daily'!Y14) -> 0.053 | U12: =IF(('Hampshire Daily'!X15-'Hampshire Daily'!X14<0), "0",'Hampshire Daily'!X15-'Hampshire Daily'!X14) -> 2.26 | V12: =IF(('Hampshire Daily'!Y15-'Hampshire Daily'!Y14<0), "0",'Hampshire Daily'!Y15-'Hampshire Daily'!Y14) -> 0.053 | W12: =IF(('Hampshire Daily'!Z15-'Hampshire Daily'!Z14<0), "0",'Hampshire Daily'!Z15-'Hampshire Daily'!Z14) -> 0.008 | X12: =IF(('Hampshire Daily'!AA15-'Hampshire Daily'!AA14<0), "0",'Hampshire Daily'!AA15-'Hampshire Daily'!AA14) -> 23 | Y12: =IF(('Hampshire Daily'!AB15-'Hampshire Daily'!AB14<0), "0",'Hampshire Daily'!AB15-'Hampshire Daily'!AB14) -> 5 | Z12: ='Hampshire Daily'!B15 -> 57 | AA12: ='Hampshire Daily'!C15 -> 144
A13: Hampshire | B13: =B12+1 -> 12 | C13: 10 | D13: 2020 | E13: =IF(('Hampshire Daily'!D16-'Hampshire Daily'!D15<0), "0",('Hampshire Daily'!D16-'Hampshire Daily'!D15)*10) -> 2140 | F13: =IF(('Hampshire Daily'!F16-'Hampshire Daily'!F15<0), "0",('Hampshire Daily'!F16-'Hampshire Daily'!F15)*10) -> 4860 | G13: =IF(('Hampshire Daily'!H16-'Hampshire Daily'!H15<0), "0",'Hampshire Daily'!H16-'Hampshire Daily'!H15) -> 849 | H13: =IF(('Hampshire Daily'!I16-'Hampshire Daily'!I15<0), "0",'Hampshire Daily'!I16-'Hampshire Daily'!I15) -> 0 | I13: =IF(('Hampshire Daily'!J16-'Hampshire Daily'!J15<0), "0",'Hampshire Daily'!J16-'Hampshire Daily'!J15) -> 0 | J13: =IF(('Hampshire Daily'!K16-'Hampshire Daily'!K15<0), "0",'Hampshire Daily'!K16-'Hampshire Daily'!K15) -> 0 | K13: =IF(('Hampshire Daily'!L16-'Hampshire Daily'!L15<0), "0",'Hampshire Daily'!L16-'Hampshire Daily'!L15) -> 1490 | L13: =IF(('Hampshire Daily'!M16-'Hampshire Daily'!M15<0), "0",'Hampshire Daily'!M16-'Hampshire Daily'!M15) -> 2 | M13: =IF(('Hampshire Daily'!N16-'Hampshire Daily'!N15<0), "0",'Hampshire Daily'!N16-'Hampshire Daily'!N15) -> 2320 | N13: =IF(('Hampshire Daily'!O16-'Hampshire Daily'!O15<0), "0",'Hampshire Daily'!O16-'Hampshire Daily'!O15) -> 218 | ... Q13: =IF(('Hampshire Daily'!R16-'Hampshire Daily'!R15<0), "0",'Hampshire Daily'!R16-'Hampshire Daily'!R15) -> 0 | R13: =IF(('Hampshire Daily'!U16-'Hampshire Daily'!U15<0), "0",'Hampshire Daily'!U16-'Hampshire Daily'!U15) -> 10 | S13: =IF(('Hampshire Daily'!V16-'Hampshire Daily'!V15<0), "0",'Hampshire Daily'!V16-'Hampshire Daily'!V15) -> 8 | T13: =IF(('Hampshire Daily'!Y16-'Hampshire Daily'!Y15<0), "0",'Hampshire Daily'!Y16-'Hampshire Daily'!Y15) -> 0.013 | U13: =IF(('Hampshire Daily'!X16-'Hampshire Daily'!X15<0), "0",'Hampshire Daily'!X16-'Hampshire Daily'!X15) -> 2.272 | V13: =IF(('Hampshire Daily'!Y16-'Hampshire Daily'!Y15<0), "0",'Hampshire Daily'!Y16-'Hampshire Daily'!Y15) -> 0.013 | W13: =IF(('Hampshire Daily'!Z16-'Hampshire Daily'!Z15<0), "0",'Hampshire Daily'!Z16-'Hampshire Daily'!Z15) -> 0.009 | X13: =IF(('Hampshire Daily'!AA16-'Hampshire Daily'!AA15<0), "0",'Hampshire Daily'!AA16-'Hampshire Daily'!AA15) -> 21 | Y13: =IF(('Hampshire Daily'!AB16-'Hampshire Daily'!AB15<0), "0",'Hampshire Daily'!AB16-'Hampshire Daily'!AB15) -> 8 | Z13: ='Hampshire Daily'!B16 -> 37 | AA13: ='Hampshire Daily'!C16 -> 92
A14: Hampshire | B14: =B13+1 -> 13 | C14: 10 | D14: 2020 | E14: =IF(('Hampshire Daily'!D17-'Hampshire Daily'!D16<0), "0",('Hampshire Daily'!D17-'Hampshire Daily'!D16)*10) -> 2350 | F14: =IF(('Hampshire Daily'!F17-'Hampshire Daily'!F16<0), "0",('Hampshire Daily'!F17-'Hampshire Daily'!F16)*10) -> 12720 | G14: =IF(('Hampshire Daily'!H17-'Hampshire Daily'!H16<0), "0",'Hampshire Daily'!H17-'Hampshire Daily'!H16) -> 1835 | H14: =IF(('Hampshire Daily'!I17-'Hampshire Daily'!I16<0), "0",'Hampshire Daily'!I17-'Hampshire Daily'!I16) -> 1272 | I14: =IF(('Hampshire Daily'!J17-'Hampshire Daily'!J16<0), "0",'Hampshire Daily'!J17-'Hampshire Daily'!J16) -> 0 | J14: =IF(('Hampshire Daily'!K17-'Hampshire Daily'!K16<0), "0",'Hampshire Daily'!K17-'Hampshire Daily'!K16) -> 0 | K14: =IF(('Hampshire Daily'!L17-'Hampshire Daily'!L16<0), "0",'Hampshire Daily'!L17-'Hampshire Daily'!L16) -> 938 | L14: =IF(('Hampshire Daily'!M17-'Hampshire Daily'!M16<0), "0",'Hampshire Daily'!M17-'Hampshire Daily'!M16) -> 0 | M14: =IF(('Hampshire Daily'!N17-'Hampshire Daily'!N16<0), "0",'Hampshire Daily'!N17-'Hampshire Daily'!N16) -> 2324 | N14: =IF(('Hampshire Daily'!O17-'Hampshire Daily'!O16<0), "0",'Hampshire Daily'!O17-'Hampshire Daily'!O16) -> 128 | ... Q14: =IF(('Hampshire Daily'!R17-'Hampshire Daily'!R16<0), "0",'Hampshire Daily'!R17-'Hampshire Daily'!R16) -> 0 | R14: =IF(('Hampshire Daily'!U17-'Hampshire Daily'!U16<0), "0",'Hampshire Daily'!U17-'Hampshire Daily'!U16) -> 11 | S14: =IF(('Hampshire Daily'!V17-'Hampshire Daily'!V16<0), "0",'Hampshire Daily'!V17-'Hampshire Daily'!V16) -> 0 | T14: =IF(('Hampshire Daily'!Y17-'Hampshire Daily'!Y16<0), "0",'Hampshire Daily'!Y17-'Hampshire Daily'!Y16) -> 0.075 | U14: =IF(('Hampshire Daily'!X17-'Hampshire Daily'!X16<0), "0",'Hampshire Daily'!X17-'Hampshire Daily'!X16) -> 2.305 | V14: =IF(('Hampshire Daily'!Y17-'Hampshire Daily'!Y16<0), "0",'Hampshire Daily'!Y17-'Hampshire Daily'!Y16) -> 0.075 | W14: =IF(('Hampshire Daily'!Z17-'Hampshire Daily'!Z16<0), "0",'Hampshire Daily'!Z17-'Hampshire Daily'!Z16) -> 0.008 | X14: =IF(('Hampshire Daily'!AA17-'Hampshire Daily'!AA16<0), "0",'Hampshire Daily'!AA17-'Hampshire Daily'!AA16) -> 0 | Y14: =IF(('Hampshire Daily'!AB17-'Hampshire Daily'!AB16<0), "0",'Hampshire Daily'!AB17-'Hampshire Daily'!AB16) -> 10 | Z14: ='Hampshire Daily'!B17 -> 30 | AA14: ='Hampshire Daily'!C17 -> 70
A15: Hampshire | B15: =B14+1 -> 14 | C15: 10 | D15: 2020 | E15: 1813 | F15: 3525 | G15: =IF(('Hampshire Daily'!H18-'Hampshire Daily'!H17<0), "0",'Hampshire Daily'!H18-'Hampshire Daily'!H17) -> 363 | H15: =IF(('Hampshire Daily'!I18-'Hampshire Daily'!I17<0), "0",'Hampshire Daily'!I18-'Hampshire Daily'!I17) -> 0 | I15: =IF(('Hampshire Daily'!J18-'Hampshire Daily'!J17<0), "0",'Hampshire Daily'!J18-'Hampshire Daily'!J17) -> 0 | J15: =IF(('Hampshire Daily'!K18-'Hampshire Daily'!K17<0), "0",'Hampshire Daily'!K18-'Hampshire Daily'!K17) -> 0 | K15: =IF(('Hampshire Daily'!L18-'Hampshire Daily'!L17<0), "0",'Hampshire Daily'!L18-'Hampshire Daily'!L17) -> 938 | L15: =IF(('Hampshire Daily'!M18-'Hampshire Daily'!M17<0), "0",'Hampshire Daily'!M18-'Hampshire Daily'!M17) -> 0 | M15: =IF(('Hampshire Daily'!N18-'Hampshire Daily'!N17<0), "0",'Hampshire Daily'!N18-'Hampshire Daily'!N17) -> 2727 | N15: =IF(('Hampshire Daily'!O18-'Hampshire Daily'!O17<0), "0",'Hampshire Daily'!O18-'Hampshire Daily'!O17) -> 181 | ... Q15: =IF(('Hampshire Daily'!R18-'Hampshire Daily'!R17<0), "0",'Hampshire Daily'!R18-'Hampshire Daily'!R17) -> 0 | R15: =IF(('Hampshire Daily'!U18-'Hampshire Daily'!U17<0), "0",'Hampshire Daily'!U18-'Hampshire Daily'!U17) -> 9 | S15: =IF(('Hampshire Daily'!V18-'Hampshire Daily'!V17<0), "0",'Hampshire Daily'!V18-'Hampshire Daily'!V17) -> 0 | T15: =IF(('Hampshire Daily'!Y18-'Hampshire Daily'!Y17<0), "0",'Hampshire Daily'!Y18-'Hampshire Daily'!Y17) -> 0.031 | U15: =IF(('Hampshire Daily'!X18-'Hampshire Daily'!X17<0), "0",'Hampshire Daily'!X18-'Hampshire Daily'!X17) -> 2.404 | V15: =IF(('Hampshire Daily'!Y18-'Hampshire Daily'!Y17<0), "0",'Hampshire Daily'!Y18-'Hampshire Daily'!Y17) -> 0.031 | W15: =IF(('Hampshire Daily'!Z18-'Hampshire Daily'!Z17<0), "0",'Hampshire Daily'!Z18-'Hampshire Daily'!Z17) -> 0.008 | X15: =IF(('Hampshire Daily'!AA18-'Hampshire Daily'!AA17<0), "0",'Hampshire Daily'!AA18-'Hampshire Daily'!AA17) -> 23 | Y15: =IF(('Hampshire Daily'!AB18-'Hampshire Daily'!AB17<0), "0",'Hampshire Daily'!AB18-'Hampshire Daily'!AB17) -> 12 | Z15: ='Hampshire Daily'!B18 -> 32 | AA15: ='Hampshire Daily'!C18 -> 81
A16: Hampshire | B16: =B15+1 -> 15 | C16: 10 | D16: 2020 | E16: =IF(('Hampshire Daily'!D19-'Hampshire Daily'!D18<0), "0",('Hampshire Daily'!D19-'Hampshire Daily'!D18)*1) -> 2482 | F16: =IF(('Hampshire Daily'!F19-'Hampshire Daily'!F18<0), "0",('Hampshire Daily'!F19-'Hampshire Daily'!F18)*1) -> 4983 | G16: =IF(('Hampshire Daily'!H19-'Hampshire Daily'!H18<0), "0",'Hampshire Daily'!H19-'Hampshire Daily'!H18) -> 364 | H16: =IF(('Hampshire Daily'!I19-'Hampshire Daily'!I18<0), "0",'Hampshire Daily'!I19-'Hampshire Daily'!I18) -> 0 | I16: =IF(('Hampshire Daily'!J19-'Hampshire Daily'!J18<0), "0",'Hampshire Daily'!J19-'Hampshire Daily'!J18) -> 0 | J16: =IF(('Hampshire Daily'!K19-'Hampshire Daily'!K18<0), "0",'Hampshire Daily'!K19-'Hampshire Daily'!K18) -> 0 | K16: =IF(('Hampshire Daily'!L19-'Hampshire Daily'!L18<0), "0",'Hampshire Daily'!L19-'Hampshire Daily'!L18) -> 938 | L16: =IF(('Hampshire Daily'!M19-'Hampshire Daily'!M18<0), "0",'Hampshire Daily'!M19-'Hampshire Daily'!M18) -> 0 | M16: =IF(('Hampshire Daily'!N19-'Hampshire Daily'!N18<0), "0",'Hampshire Daily'!N19-'Hampshire Daily'!N18) -> 1780 | N16: =IF(('Hampshire Daily'!O19-'Hampshire Daily'!O18<0), "0",'Hampshire Daily'!O19-'Hampshire Daily'!O18) -> 128 | ... Q16: =IF(('Hampshire Daily'!R19-'Hampshire Daily'!R18<0), "0",'Hampshire Daily'!R19-'Hampshire Daily'!R18) -> 0 | R16: =IF(('Hampshire Daily'!U19-'Hampshire Daily'!U18<0), "0",'Hampshire Daily'!U19-'Hampshire Daily'!U18) -> 9 | S16: =IF(('Hampshire Daily'!V19-'Hampshire Daily'!V18<0), "0",'Hampshire Daily'!V19-'Hampshire Daily'!V18) -> 40 | T16: =IF(('Hampshire Daily'!Y19-'Hampshire Daily'!Y18<0), "0",'Hampshire Daily'!Y19-'Hampshire Daily'!Y18) -> 0.019 | U16: =IF(('Hampshire Daily'!X19-'Hampshire Daily'!X18<0), "0",'Hampshire Daily'!X19-'Hampshire Daily'!X18) -> 2.426 | V16: =IF(('Hampshire Daily'!Y19-'Hampshire Daily'!Y18<0), "0",'Hampshire Daily'!Y19-'Hampshire Daily'!Y18) -> 0.019 | W16: =IF(('Hampshire Daily'!Z19-'Hampshire Daily'!Z18<0), "0",'Hampshire Daily'!Z19-'Hampshire Daily'!Z18) -> 0.009 | X16: =IF(('Hampshire Daily'!AA19-'Hampshire Daily'!AA18<0), "0",'Hampshire Daily'!AA19-'Hampshire Daily'!AA18) -> 49 | Y16: =IF(('Hampshire Daily'!AB19-'Hampshire Daily'!AB18<0), "0",'Hampshire Daily'!AB19-'Hampshire Daily'!AB18) -> 8 | Z16: ='Hampshire Daily'!B19 -> 52 | AA16: ='Hampshire Daily'!C19 -> 115
A17: Hampshire | B17: =B16+1 -> 16 | C17: 10 | D17: 2020 | E17: =IF(('Hampshire Daily'!D20-'Hampshire Daily'!D19<0), "0",('Hampshire Daily'!D20-'Hampshire Daily'!D19)*1) -> 2248 | F17: =IF(('Hampshire Daily'!F20-'Hampshire Daily'!F19<0), "0",('Hampshire Daily'!F20-'Hampshire Daily'!F19)*1) -> 4521 | G17: =IF(('Hampshire Daily'!H20-'Hampshire Daily'!H19<0), "0",'Hampshire Daily'!H20-'Hampshire Daily'!H19) -> 783 | H17: =IF(('Hampshire Daily'!I20-'Hampshire Daily'!I19<0), "0",'Hampshire Daily'!I20-'Hampshire Daily'!I19) -> 0 | I17: =IF(('Hampshire Daily'!J20-'Hampshire Daily'!J19<0), "0",'Hampshire Daily'!J20-'Hampshire Daily'!J19) -> 0 | J17: =IF(('Hampshire Daily'!K20-'Hampshire Daily'!K19<0), "0",'Hampshire Daily'!K20-'Hampshire Daily'!K19) -> 0 | K17: =IF(('Hampshire Daily'!L20-'Hampshire Daily'!L19<0), "0",'Hampshire Daily'!L20-'Hampshire Daily'!L19) -> 938 | L17: =IF(('Hampshire Daily'!M20-'Hampshire Daily'!M19<0), "0",'Hampshire Daily'!M20-'Hampshire Daily'!M19) -> 0 | M17: =IF(('Hampshire Daily'!N20-'Hampshire Daily'!N19<0), "0",'Hampshire Daily'!N20-'Hampshire Daily'!N19) -> 2163 | N17: =IF(('Hampshire Daily'!O20-'Hampshire Daily'!O19<0), "0",'Hampshire Daily'!O20-'Hampshire Daily'!O19) -> 128 | ... Q17: =IF(('Hampshire Daily'!R20-'Hampshire Daily'!R19<0), "0",'Hampshire Daily'!R20-'Hampshire Daily'!R19) -> 0 | R17: =IF(('Hampshire Daily'!U20-'Hampshire Daily'!U19<0), "0",'Hampshire Daily'!U20-'Hampshire Daily'!U19) -> 9 | S17: =IF(('Hampshire Daily'!V20-'Hampshire Daily'!V19<0), "0",'Hampshire Daily'!V20-'Hampshire Daily'!V19) -> 1 | T17: =IF(('Hampshire Daily'!Y20-'Hampshire Daily'!Y19<0), "0",'Hampshire Daily'!Y20-'Hampshire Daily'!Y19) -> 0.032 | U17: =IF(('Hampshire Daily'!X20-'Hampshire Daily'!X19<0), "0",'Hampshire Daily'!X20-'Hampshire Daily'!X19) -> 2.455 | V17: =IF(('Hampshire Daily'!Y20-'Hampshire Daily'!Y19<0), "0",'Hampshire Daily'!Y20-'Hampshire Daily'!Y19) -> 0.032 | W17: =IF(('Hampshire Daily'!Z20-'Hampshire Daily'!Z19<0), "0",'Hampshire Daily'!Z20-'Hampshire Daily'!Z19) -> 0.006 | X17: =IF(('Hampshire Daily'!AA20-'Hampshire Daily'!AA19<0), "0",'Hampshire Daily'!AA20-'Hampshire Daily'!AA19) -> 21 | Y17: =IF(('Hampshire Daily'!AB20-'Hampshire Daily'!AB19<0), "0",'Hampshire Daily'!AB20-'Hampshire Daily'!AB19) -> 5 | Z17: ='Hampshire Daily'!B20 -> 74 | AA17: ='Hampshire Daily'!C20 -> 178
A18: Hampshire | B18: =B17+1 -> 17 | C18: 10 | D18: 2020 | E18: =IF(('Hampshire Daily'!D21-'Hampshire Daily'!D20<0), "0",('Hampshire Daily'!D21-'Hampshire Daily'!D20)*1) -> 2658 | F18: =IF(('Hampshire Daily'!F21-'Hampshire Daily'!F20<0), "0",('Hampshire Daily'!F21-'Hampshire Daily'!F20)*1) -> 5209 | G18: =IF(('Hampshire Daily'!H21-'Hampshire Daily'!H20<0), "0",'Hampshire Daily'!H21-'Hampshire Daily'!H20) -> 834 | H18: =IF(('Hampshire Daily'!I21-'Hampshire Daily'!I20<0), "0",'Hampshire Daily'!I21-'Hampshire Daily'!I20) -> 0 | I18: =IF(('Hampshire Daily'!J21-'Hampshire Daily'!J20<0), "0",'Hampshire Daily'!J21-'Hampshire Daily'!J20) -> 0 | J18: =IF(('Hampshire Daily'!K21-'Hampshire Daily'!K20<0), "0",'Hampshire Daily'!K21-'Hampshire Daily'!K20) -> 0 | K18: =IF(('Hampshire Daily'!L21-'Hampshire Daily'!L20<0), "0",'Hampshire Daily'!L21-'Hampshire Daily'!L20) -> 939 | L18: =IF(('Hampshire Daily'!M21-'Hampshire Daily'!M20<0), "0",'Hampshire Daily'!M21-'Hampshire Daily'!M20) -> 8 | M18: =IF(('Hampshire Daily'!N21-'Hampshire Daily'!N20<0), "0",'Hampshire Daily'!N21-'Hampshire Daily'!N20) -> 2366 | N18: =IF(('Hampshire Daily'!O21-'Hampshire Daily'!O20<0), "0",'Hampshire Daily'!O21-'Hampshire Daily'!O20) -> 128 | ... Q18: =IF(('Hampshire Daily'!R21-'Hampshire Daily'!R20<0), "0",'Hampshire Daily'!R21-'Hampshire Daily'!R20) -> 0 | R18: =IF(('Hampshire Daily'!U21-'Hampshire Daily'!U20<0), "0",'Hampshire Daily'!U21-'Hampshire Daily'!U20) -> 10 | S18: =IF(('Hampshire Daily'!V21-'Hampshire Daily'!V20<0), "0",'Hampshire Daily'!V21-'Hampshire Daily'!V20) -> 1 | T18: =IF(('Hampshire Daily'!Y21-'Hampshire Daily'!Y20<0), "0",'Hampshire Daily'!Y21-'Hampshire Daily'!Y20) -> 0.012 | U18: =IF(('Hampshire Daily'!X21-'Hampshire Daily'!X20<0), "0",'Hampshire Daily'!X21-'Hampshire Daily'!X20) -> 2.553 | V18: =IF(('Hampshire Daily'!Y21-'Hampshire Daily'!Y20<0), "0",'Hampshire Daily'!Y21-'Hampshire Daily'!Y20) -> 0.012 | W18: =IF(('Hampshire Daily'!Z21-'Hampshire Daily'!Z20<0), "0",'Hampshire Daily'!Z21-'Hampshire Daily'!Z20) -> 0.007 | X18: =IF(('Hampshire Daily'!AA21-'Hampshire Daily'!AA20<0), "0",'Hampshire Daily'!AA21-'Hampshire Daily'!AA20) -> 0 | Y18: =IF(('Hampshire Daily'!AB21-'Hampshire Daily'!AB20<0), "0",'Hampshire Daily'!AB21-'Hampshire Daily'!AB20) -> 5 | Z18: ='Hampshire Daily'!B21 -> 97 | AA18: ='Hampshire Daily'!C21 -> 243
A19: Hampshire | B19: =B18+1 -> 18 | C19: 10 | D19: 2020 | E19: =IF(('Hampshire Daily'!D22-'Hampshire Daily'!D21<0), "0",('Hampshire Daily'!D22-'Hampshire Daily'!D21)*1) -> 2538 | F19: =IF(('Hampshire Daily'!F22-'Hampshire Daily'!F21<0), "0",('Hampshire Daily'!F22-'Hampshire Daily'!F21)*1) -> 5332 | G19: =IF(('Hampshire Daily'!H22-'Hampshire Daily'!H21<0), "0",'Hampshire Daily'!H22-'Hampshire Daily'!H21) -> 853 | H19: =IF(('Hampshire Daily'!I22-'Hampshire Daily'!I21<0), "0",'Hampshire Daily'!I22-'Hampshire Daily'!I21) -> 0 | I19: =IF(('Hampshire Daily'!J22-'Hampshire Daily'!J21<0), "0",'Hampshire Daily'!J22-'Hampshire Daily'!J21) -> 0 | J19: =IF(('Hampshire Daily'!K22-'Hampshire Daily'!K21<0), "0",'Hampshire Daily'!K22-'Hampshire Daily'!K21) -> 0 | K19: =IF(('Hampshire Daily'!L22-'Hampshire Daily'!L21<0), "0",'Hampshire Daily'!L22-'Hampshire Daily'!L21) -> 1131 | L19: =IF(('Hampshire Daily'!M22-'Hampshire Daily'!M21<0), "0",'Hampshire Daily'!M22-'Hampshire Daily'!M21) -> 0 | M19: =IF(('Hampshire Daily'!N22-'Hampshire Daily'!N21<0), "0",'Hampshire Daily'!N22-'Hampshire Daily'!N21) -> 2407 | N19: =IF(('Hampshire Daily'!O22-'Hampshire Daily'!O21<0), "0",'Hampshire Daily'!O22-'Hampshire Daily'!O21) -> 128 | ... Q19: =IF(('Hampshire Daily'!R22-'Hampshire Daily'!R21<0), "0",'Hampshire Daily'!R22-'Hampshire Daily'!R21) -> 0 | R19: =IF(('Hampshire Daily'!U22-'Hampshire Daily'!U21<0), "0",'Hampshire Daily'!U22-'Hampshire Daily'!U21) -> 11 | S19: =IF(('Hampshire Daily'!V22-'Hampshire Daily'!V21<0), "0",'Hampshire Daily'!V22-'Hampshire Daily'!V21) -> 0 | T19: =IF(('Hampshire Daily'!Y22-'Hampshire Daily'!Y21<0), "0",'Hampshire Daily'!Y22-'Hampshire Daily'!Y21) -> 0.012 | U19: =IF(('Hampshire Daily'!X22-'Hampshire Daily'!X21<0), "0",'Hampshire Daily'!X22-'Hampshire Daily'!X21) -> 3.54 | V19: =IF(('Hampshire Daily'!Y22-'Hampshire Daily'!Y21<0), "0",'Hampshire Daily'!Y22-'Hampshire Daily'!Y21) -> 0.012 | W19: =IF(('Hampshire Daily'!Z22-'Hampshire Daily'!Z21<0), "0",'Hampshire Daily'!Z22-'Hampshire Daily'!Z21) -> 0.008 | X19: =IF(('Hampshire Daily'!AA22-'Hampshire Daily'!AA21<0), "0",'Hampshire Daily'!AA22-'Hampshire Daily'!AA21) -> 0 | Y19: =IF(('Hampshire Daily'!AB22-'Hampshire Daily'!AB21<0), "0",'Hampshire Daily'!AB22-'Hampshire Daily'!AB21) -> 13 | Z19: ='Hampshire Daily'!B22 -> 61 | AA19: ='Hampshire Daily'!C22 -> 166
A20: Hampshire | B20: =B19+1 -> 19 | C20: 10 | D20: 2020 | E20: =IF(('Hampshire Daily'!D23-'Hampshire Daily'!D22<0), "0",('Hampshire Daily'!D23-'Hampshire Daily'!D22)*1) -> 2194 | F20: =IF(('Hampshire Daily'!F23-'Hampshire Daily'!F22<0), "0",('Hampshire Daily'!F23-'Hampshire Daily'!F22)*1) -> 4875 | G20: =IF(('Hampshire Daily'!H23-'Hampshire Daily'!H22<0), "0",'Hampshire Daily'!H23-'Hampshire Daily'!H22) -> 830 | H20: =IF(('Hampshire Daily'!I23-'Hampshire Daily'!I22<0), "0",'Hampshire Daily'!I23-'Hampshire Daily'!I22) -> 0 | I20: =IF(('Hampshire Daily'!J23-'Hampshire Daily'!J22<0), "0",'Hampshire Daily'!J23-'Hampshire Daily'!J22) -> 0 | J20: =IF(('Hampshire Daily'!K23-'Hampshire Daily'!K22<0), "0",'Hampshire Daily'!K23-'Hampshire Daily'!K22) -> 0 | K20: =IF(('Hampshire Daily'!L23-'Hampshire Daily'!L22<0), "0",'Hampshire Daily'!L23-'Hampshire Daily'!L22) -> 1111 | L20: =IF(('Hampshire Daily'!M23-'Hampshire Daily'!M22<0), "0",'Hampshire Daily'!M23-'Hampshire Daily'!M22) -> 0 | M20: =IF(('Hampshire Daily'!N23-'Hampshire Daily'!N22<0), "0",'Hampshire Daily'!N23-'Hampshire Daily'!N22) -> 2244 | N20: =IF(('Hampshire Daily'!O23-'Hampshire Daily'!O22<0), "0",'Hampshire Daily'!O23-'Hampshire Daily'!O22) -> 128 | ... Q20: =IF(('Hampshire Daily'!R23-'Hampshire Daily'!R22<0), "0",'Hampshire Daily'!R23-'Hampshire Daily'!R22) -> 0 | R20: =IF(('Hampshire Daily'!U23-'Hampshire Daily'!U22<0), "0",'Hampshire Daily'!U23-'Hampshire Daily'!U22) -> 9 | S20: =IF(('Hampshire Daily'!V23-'Hampshire Daily'!V22<0), "0",'Hampshire Daily'!V23-'Hampshire Daily'!V22) -> 8 | T20: =IF(('Hampshire Daily'!Y23-'Hampshire Daily'!Y22<0), "0",'Hampshire Daily'!Y23-'Hampshire Daily'!Y22) -> 0.033 | U20: =IF(('Hampshire Daily'!X23-'Hampshire Daily'!X22<0), "0",'Hampshire Daily'!X23-'Hampshire Daily'!X22) -> 1.6 | V20: =IF(('Hampshire Daily'!Y23-'Hampshire Daily'!Y22<0), "0",'Hampshire Daily'!Y23-'Hampshire Daily'!Y22) -> 0.033 | W20: =IF(('Hampshire Daily'!Z23-'Hampshire Daily'!Z22<0), "0",'Hampshire Daily'!Z23-'Hampshire Daily'!Z22) -> 0.008 | X20: =IF(('Hampshire Daily'!AA23-'Hampshire Daily'!AA22<0), "0",'Hampshire Daily'!AA23-'Hampshire Daily'!AA22) -> 0 | Y20: =IF(('Hampshire Daily'!AB23-'Hampshire Daily'!AB22<0), "0",'Hampshire Daily'!AB23-'Hampshire Daily'!AB22) -> 8 | Z20: ='Hampshire Daily'!B23 -> 76 | AA20: ='Hampshire Daily'!C23 -> 199
A21: Hampshire | B21: =B20+1 -> 20 | C21: 10 | D21: 2020 | E21: =IF(('Hampshire Daily'!D24-'Hampshire Daily'!D23<0), "0",('Hampshire Daily'!D24-'Hampshire Daily'!D23)*1) -> 2505 | F21: =IF(('Hampshire Daily'!F24-'Hampshire Daily'!F23<0), "0",('Hampshire Daily'!F24-'Hampshire Daily'!F23)*1) -> 4772 | G21: =IF(('Hampshire Daily'!H24-'Hampshire Daily'!H23<0), "0",'Hampshire Daily'!H24-'Hampshire Daily'!H23) -> 806 | H21: =IF(('Hampshire Daily'!I24-'Hampshire Daily'!I23<0), "0",'Hampshire Daily'!I24-'Hampshire Daily'!I23) -> 0 | I21: =IF(('Hampshire Daily'!J24-'Hampshire Daily'!J23<0), "0",'Hampshire Daily'!J24-'Hampshire Daily'!J23) -> 0 | J21: =IF(('Hampshire Daily'!K24-'Hampshire Daily'!K23<0), "0",'Hampshire Daily'!K24-'Hampshire Daily'!K23) -> 0 | K21: =IF(('Hampshire Daily'!L24-'Hampshire Daily'!L23<0), "0",'Hampshire Daily'!L24-'Hampshire Daily'!L23) -> 938 | L21: =IF(('Hampshire Daily'!M24-'Hampshire Daily'!M23<0), "0",'Hampshire Daily'!M24-'Hampshire Daily'!M23) -> 108 | M21: =IF(('Hampshire Daily'!N24-'Hampshire Daily'!N23<0), "0",'Hampshire Daily'!N24-'Hampshire Daily'!N23) -> 2229 | N21: =IF(('Hampshire Daily'!O24-'Hampshire Daily'!O23<0), "0",'Hampshire Daily'!O24-'Hampshire Daily'!O23) -> 128 | ... Q21: =IF(('Hampshire Daily'!R24-'Hampshire Daily'!R23<0), "0",'Hampshire Daily'!R24-'Hampshire Daily'!R23) -> 0 | R21: =IF(('Hampshire Daily'!U24-'Hampshire Daily'!U23<0), "0",'Hampshire Daily'!U24-'Hampshire Daily'!U23) -> 10 | S21: =IF(('Hampshire Daily'!V24-'Hampshire Daily'!V23<0), "0",'Hampshire Daily'!V24-'Hampshire Daily'!V23) -> 0 | T21: =IF(('Hampshire Daily'!Y24-'Hampshire Daily'!Y23<0), "0",'Hampshire Daily'!Y24-'Hampshire Daily'!Y23) -> 0.167 | U21: =IF(('Hampshire Daily'!X24-'Hampshire Daily'!X23<0), "0",'Hampshire Daily'!X24-'Hampshire Daily'!X23) -> 2.619 | V21: =IF(('Hampshire Daily'!Y24-'Hampshire Daily'!Y23<0), "0",'Hampshire Daily'!Y24-'Hampshire Daily'!Y23) -> 0.167 | W21: =IF(('Hampshire Daily'!Z24-'Hampshire Daily'!Z23<0), "0",'Hampshire Daily'!Z24-'Hampshire Daily'!Z23) -> 0.006 | X21: =IF(('Hampshire Daily'!AA24-'Hampshire Daily'!AA23<0), "0",'Hampshire Daily'!AA24-'Hampshire Daily'!AA23) -> 0 | Y21: =IF(('Hampshire Daily'!AB24-'Hampshire Daily'!AB23<0), "0",'Hampshire Daily'!AB24-'Hampshire Daily'!AB23) -> 5 | Z21: ='Hampshire Daily'!B24 -> 74 | AA21: ='Hampshire Daily'!C24 -> 195
A22: Hampshire | B22: =B21+1 -> 21 | C22: 10 | D22: 2020 | E22: =IF(('Hampshire Daily'!D25-'Hampshire Daily'!D24<0), "0",('Hampshire Daily'!D25-'Hampshire Daily'!D24)*1) -> 3833 | F22: =IF(('Hampshire Daily'!F25-'Hampshire Daily'!F24<0), "0",('Hampshire Daily'!F25-'Hampshire Daily'!F24)*1) -> 4860 | G22: =IF(('Hampshire Daily'!H25-'Hampshire Daily'!H24<0), "0",'Hampshire Daily'!H25-'Hampshire Daily'!H24) -> 853 | H22: =IF(('Hampshire Daily'!I25-'Hampshire Daily'!I24<0), "0",'Hampshire Daily'!I25-'Hampshire Daily'!I24) -> 0 | I22: =IF(('Hampshire Daily'!J25-'Hampshire Daily'!J24<0), "0",'Hampshire Daily'!J25-'Hampshire Daily'!J24) -> 0 | J22: =IF(('Hampshire Daily'!K25-'Hampshire Daily'!K24<0), "0",'Hampshire Daily'!K25-'Hampshire Daily'!K24) -> 0 | K22: =IF(('Hampshire Daily'!L25-'Hampshire Daily'!L24<0), "0",'Hampshire Daily'!L25-'Hampshire Daily'!L24) -> 938 | L22: =IF(('Hampshire Daily'!M25-'Hampshire Daily'!M24<0), "0",'Hampshire Daily'!M25-'Hampshire Daily'!M24) -> 64 | M22: =IF(('Hampshire Daily'!N25-'Hampshire Daily'!N24<0), "0",'Hampshire Daily'!N25-'Hampshire Daily'!N24) -> 1979 | N22: =IF(('Hampshire Daily'!O25-'Hampshire Daily'!O24<0), "0",'Hampshire Daily'!O25-'Hampshire Daily'!O24) -> 119 | ... Q22: =IF(('Hampshire Daily'!R25-'Hampshire Daily'!R24<0), "0",'Hampshire Daily'!R25-'Hampshire Daily'!R24) -> 0 | R22: =IF(('Hampshire Daily'!U25-'Hampshire Daily'!U24<0), "0",'Hampshire Daily'!U25-'Hampshire Daily'!U24) -> 10 | S22: =IF(('Hampshire Daily'!V25-'Hampshire Daily'!V24<0), "0",'Hampshire Daily'!V25-'Hampshire Daily'!V24) -> 1 | T22: =IF(('Hampshire Daily'!Y25-'Hampshire Daily'!Y24<0), "0",'Hampshire Daily'!Y25-'Hampshire Daily'!Y24) -> 0.028 | U22: =IF(('Hampshire Daily'!X25-'Hampshire Daily'!X24<0), "0",'Hampshire Daily'!X25-'Hampshire Daily'!X24) -> 2.662 | V22: =IF(('Hampshire Daily'!Y25-'Hampshire Daily'!Y24<0), "0",'Hampshire Daily'!Y25-'Hampshire Daily'!Y24) -> 0.028 | W22: =IF(('Hampshire Daily'!Z25-'Hampshire Daily'!Z24<0), "0",'Hampshire Daily'!Z25-'Hampshire Daily'!Z24) -> 0.007 | X22: =IF(('Hampshire Daily'!AA25-'Hampshire Daily'!AA24<0), "0",'Hampshire Daily'!AA25-'Hampshire Daily'!AA24) -> 0 | Y22: =IF(('Hampshire Daily'!AB25-'Hampshire Daily'!AB24<0), "0",'Hampshire Daily'!AB25-'Hampshire Daily'!AB24) -> 9 | Z22: ='Hampshire Daily'!B25 -> 74 | AA22: ='Hampshire Daily'!C25 -> 204
A23: Hampshire | B23: =B22+1 -> 22 | C23: 10 | D23: 2020 | E23: =IF(('Hampshire Daily'!D26-'Hampshire Daily'!D25<0), "0",('Hampshire Daily'!D26-'Hampshire Daily'!D25)*1) -> 2503 | F23: =IF(('Hampshire Daily'!F26-'Hampshire Daily'!F25<0), "0",('Hampshire Daily'!F26-'Hampshire Daily'!F25)*1) -> 4648 | G23: =IF(('Hampshire Daily'!H26-'Hampshire Daily'!H25<0), "0",'Hampshire Daily'!H26-'Hampshire Daily'!H25) -> 698 | H23: =IF(('Hampshire Daily'!I26-'Hampshire Daily'!I25<0), "0",'Hampshire Daily'!I26-'Hampshire Daily'!I25) -> 0 | I23: =IF(('Hampshire Daily'!J26-'Hampshire Daily'!J25<0), "0",'Hampshire Daily'!J26-'Hampshire Daily'!J25) -> 0 | J23: =IF(('Hampshire Daily'!K26-'Hampshire Daily'!K25<0), "0",'Hampshire Daily'!K26-'Hampshire Daily'!K25) -> 0 | K23: =IF(('Hampshire Daily'!L26-'Hampshire Daily'!L25<0), "0",'Hampshire Daily'!L26-'Hampshire Daily'!L25) -> 1191 | L23: =IF(('Hampshire Daily'!M26-'Hampshire Daily'!M25<0), "0",'Hampshire Daily'!M26-'Hampshire Daily'!M25) -> 134 | M23: =IF(('Hampshire Daily'!N26-'Hampshire Daily'!N25<0), "0",'Hampshire Daily'!N26-'Hampshire Daily'!N25) -> 2246 | N23: =IF(('Hampshire Daily'!O26-'Hampshire Daily'!O25<0), "0",'Hampshire Daily'!O26-'Hampshire Daily'!O25) -> 128 | ... Q23: =IF(('Hampshire Daily'!R26-'Hampshire Daily'!R25<0), "0",'Hampshire Daily'!R26-'Hampshire Daily'!R25) -> 0 | R23: =IF(('Hampshire Daily'!U26-'Hampshire Daily'!U25<0), "0",'Hampshire Daily'!U26-'Hampshire Daily'!U25) -> 10 | S23: =IF(('Hampshire Daily'!V26-'Hampshire Daily'!V25<0), "0",'Hampshire Daily'!V26-'Hampshire Daily'!V25) -> 0 | T23: =IF(('Hampshire Daily'!Y26-'Hampshire Daily'!Y25<0), "0",'Hampshire Daily'!Y26-'Hampshire Daily'!Y25) -> 0.046 | U23: =IF(('Hampshire Daily'!X26-'Hampshire Daily'!X25<0), "0",'Hampshire Daily'!X26-'Hampshire Daily'!X25) -> 2.698 | V23: =IF(('Hampshire Daily'!Y26-'Hampshire Daily'!Y25<0), "0",'Hampshire Daily'!Y26-'Hampshire Daily'!Y25) -> 0.046 | W23: =IF(('Hampshire Daily'!Z26-'Hampshire Daily'!Z25<0), "0",'Hampshire Daily'!Z26-'Hampshire Daily'!Z25) -> 0.007 | X23: =IF(('Hampshire Daily'!AA26-'Hampshire Daily'!AA25<0), "0",'Hampshire Daily'!AA26-'Hampshire Daily'!AA25) -> 0 | Y23: =IF(('Hampshire Daily'!AB26-'Hampshire Daily'!AB25<0), "0",'Hampshire Daily'!AB26-'Hampshire Daily'!AB25) -> 10 | Z23: ='Hampshire Daily'!B26 -> 81 | AA23: ='Hampshire Daily'!C26 -> 220
A24: Hampshire | B24: =B23+1 -> 23 | C24: 10 | D24: 2020 | E24: =IF(('Hampshire Daily'!D27-'Hampshire Daily'!D26<0), "0",('Hampshire Daily'!D27-'Hampshire Daily'!D26)*1) -> 2675 | F24: =IF(('Hampshire Daily'!F27-'Hampshire Daily'!F26<0), "0",('Hampshire Daily'!F27-'Hampshire Daily'!F26)*1) -> 4281 | G24: =IF(('Hampshire Daily'!H27-'Hampshire Daily'!H26<0), "0",'Hampshire Daily'!H27-'Hampshire Daily'!H26) -> 666 | H24: =IF(('Hampshire Daily'!I27-'Hampshire Daily'!I26<0), "0",'Hampshire Daily'!I27-'Hampshire Daily'!I26) -> 0 | I24: =IF(('Hampshire Daily'!J27-'Hampshire Daily'!J26<0), "0",'Hampshire Daily'!J27-'Hampshire Daily'!J26) -> 0 | J24: =IF(('Hampshire Daily'!K27-'Hampshire Daily'!K26<0), "0",'Hampshire Daily'!K27-'Hampshire Daily'!K26) -> 0 | K24: =IF(('Hampshire Daily'!L27-'Hampshire Daily'!L26<0), "0",'Hampshire Daily'!L27-'Hampshire Daily'!L26) -> 1097 | L24: =IF(('Hampshire Daily'!M27-'Hampshire Daily'!M26<0), "0",'Hampshire Daily'!M27-'Hampshire Daily'!M26) -> 0 | M24: =IF(('Hampshire Daily'!N27-'Hampshire Daily'!N26<0), "0",'Hampshire Daily'!N27-'Hampshire Daily'!N26) -> 2237 | N24: =IF(('Hampshire Daily'!O27-'Hampshire Daily'!O26<0), "0",'Hampshire Daily'!O27-'Hampshire Daily'!O26) -> 128 | ... Q24: =IF(('Hampshire Daily'!R27-'Hampshire Daily'!R26<0), "0",'Hampshire Daily'!R27-'Hampshire Daily'!R26) -> 0 | R24: =IF(('Hampshire Daily'!U27-'Hampshire Daily'!U26<0), "0",'Hampshire Daily'!U27-'Hampshire Daily'!U26) -> 10 | S24: =IF(('Hampshire Daily'!V27-'Hampshire Daily'!V26<0), "0",'Hampshire Daily'!V27-'Hampshire Daily'!V26) -> 1 | T24: =IF(('Hampshire Daily'!Y27-'Hampshire Daily'!Y26<0), "0",'Hampshire Daily'!Y27-'Hampshire Daily'!Y26) -> 0.046 | U24: =IF(('Hampshire Daily'!X27-'Hampshire Daily'!X26<0), "0",'Hampshire Daily'!X27-'Hampshire Daily'!X26) -> 0.778 | V24: =IF(('Hampshire Daily'!Y27-'Hampshire Daily'!Y26<0), "0",'Hampshire Daily'!Y27-'Hampshire Daily'!Y26) -> 0.046 | W24: =IF(('Hampshire Daily'!Z27-'Hampshire Daily'!Z26<0), "0",'Hampshire Daily'!Z27-'Hampshire Daily'!Z26) -> 0.007 | X24: =IF(('Hampshire Daily'!AA27-'Hampshire Daily'!AA26<0), "0",'Hampshire Daily'!AA27-'Hampshire Daily'!AA26) -> 0 | Y24: =IF(('Hampshire Daily'!AB27-'Hampshire Daily'!AB26<0), "0",'Hampshire Daily'!AB27-'Hampshire Daily'!AB26) -> 9 | Z24: ='Hampshire Daily'!B27 -> 93 | AA24: ='Hampshire Daily'!C27 -> 253
A25: Hampshire | B25: =B24+1 -> 24 | C25: 10 | D25: 2020 | E25: =IF(('Hampshire Daily'!D28-'Hampshire Daily'!D27<0), "0",('Hampshire Daily'!D28-'Hampshire Daily'!D27)*1) -> 2753 | F25: =IF(('Hampshire Daily'!F28-'Hampshire Daily'!F27<0), "0",('Hampshire Daily'!F28-'Hampshire Daily'!F27)*1) -> 2179 | G25: =IF(('Hampshire Daily'!H28-'Hampshire Daily'!H27<0), "0",'Hampshire Daily'!H28-'Hampshire Daily'!H27) -> 65 | H25: =IF(('Hampshire Daily'!I28-'Hampshire Daily'!I27<0), "0",'Hampshire Daily'!I28-'Hampshire Daily'!I27) -> 0 | I25: =IF(('Hampshire Daily'!J28-'Hampshire Daily'!J27<0), "0",'Hampshire Daily'!J28-'Hampshire Daily'!J27) -> 0 | J25: =IF(('Hampshire Daily'!K28-'Hampshire Daily'!K27<0), "0",'Hampshire Daily'!K28-'Hampshire Daily'!K27) -> 0 | K25: =IF(('Hampshire Daily'!L28-'Hampshire Daily'!L27<0), "0",'Hampshire Daily'!L28-'Hampshire Daily'!L27) -> 938 | L25: =IF(('Hampshire Daily'!M28-'Hampshire Daily'!M27<0), "0",'Hampshire Daily'!M28-'Hampshire Daily'!M27) -> 45 | M25: =IF(('Hampshire Daily'!N28-'Hampshire Daily'!N27<0), "0",'Hampshire Daily'!N28-'Hampshire Daily'!N27) -> 2597 | N25: =IF(('Hampshire Daily'!O28-'Hampshire Daily'!O27<0), "0",'Hampshire Daily'!O28-'Hampshire Daily'!O27) -> 128 | ... Q25: =IF(('Hampshire Daily'!R28-'Hampshire Daily'!R27<0), "0",'Hampshire Daily'!R28-'Hampshire Daily'!R27) -> 0 | R25: =IF(('Hampshire Daily'!U28-'Hampshire Daily'!U27<0), "0",'Hampshire Daily'!U28-'Hampshire Daily'!U27) -> 9 | S25: =IF(('Hampshire Daily'!V28-'Hampshire Daily'!V27<0), "0",'Hampshire Daily'!V28-'Hampshire Daily'!V27) -> 0 | T25: =IF(('Hampshire Daily'!Y28-'Hampshire Daily'!Y27<0), "0",'Hampshire Daily'!Y28-'Hampshire Daily'!Y27) -> 0.015 | U25: =IF(('Hampshire Daily'!X28-'Hampshire Daily'!X27<0), "0",'Hampshire Daily'!X28-'Hampshire Daily'!X27) -> 0 | V25: =IF(('Hampshire Daily'!Y28-'Hampshire Daily'!Y27<0), "0",'Hampshire Daily'!Y28-'Hampshire Daily'!Y27) -> 0.015 | W25: =IF(('Hampshire Daily'!Z28-'Hampshire Daily'!Z27<0), "0",'Hampshire Daily'!Z28-'Hampshire Daily'!Z27) -> 0.003 | X25: =IF(('Hampshire Daily'!AA28-'Hampshire Daily'!AA27<0), "0",'Hampshire Daily'!AA28-'Hampshire Daily'!AA27) -> 0 | Y25: =IF(('Hampshire Daily'!AB28-'Hampshire Daily'!AB27<0), "0",'Hampshire Daily'!AB28-'Hampshire Daily'!AB27) -> 7 | Z25: ='Hampshire Daily'!B28 -> 93 | AA25: ='Hampshire Daily'!C28 -> 253
A26: Hampshire | B26: =B25+1 -> 25 | C26: 10 | D26: 2020 | E26: =IF(('Hampshire Daily'!D29-'Hampshire Daily'!D28<0), "0",('Hampshire Daily'!D29-'Hampshire Daily'!D28)*1) -> 2918 | F26: =IF(('Hampshire Daily'!F29-'Hampshire Daily'!F28<0), "0",('Hampshire Daily'!F29-'Hampshire Daily'!F28)*1) -> 1875 | G26: =IF(('Hampshire Daily'!H29-'Hampshire Daily'!H28<0), "0",'Hampshire Daily'!H29-'Hampshire Daily'!H28) -> 0 | H26: =IF(('Hampshire Daily'!I29-'Hampshire Daily'!I28<0), "0",'Hampshire Daily'!I29-'Hampshire Daily'!I28) -> 0 | I26: =IF(('Hampshire Daily'!J29-'Hampshire Daily'!J28<0), "0",'Hampshire Daily'!J29-'Hampshire Daily'!J28) -> 0 | J26: =IF(('Hampshire Daily'!K29-'Hampshire Daily'!K28<0), "0",'Hampshire Daily'!K29-'Hampshire Daily'!K28) -> 0 | K26: =IF(('Hampshire Daily'!L29-'Hampshire Daily'!L28<0), "0",'Hampshire Daily'!L29-'Hampshire Daily'!L28) -> 938 | L26: =IF(('Hampshire Daily'!M29-'Hampshire Daily'!M28<0), "0",'Hampshire Daily'!M29-'Hampshire Daily'!M28) -> 41 | M26: =IF(('Hampshire Daily'!N29-'Hampshire Daily'!N28<0), "0",'Hampshire Daily'!N29-'Hampshire Daily'!N28) -> 2754 | N26: =IF(('Hampshire Daily'!O29-'Hampshire Daily'!O28<0), "0",'Hampshire Daily'!O29-'Hampshire Daily'!O28) -> 130 | ... Q26: =IF(('Hampshire Daily'!R29-'Hampshire Daily'!R28<0), "0",'Hampshire Daily'!R29-'Hampshire Daily'!R28) -> 0 | R26: =IF(('Hampshire Daily'!U29-'Hampshire Daily'!U28<0), "0",'Hampshire Daily'!U29-'Hampshire Daily'!U28) -> 8 | S26: =IF(('Hampshire Daily'!V29-'Hampshire Daily'!V28<0), "0",'Hampshire Daily'!V29-'Hampshire Daily'!V28) -> 1 | T26: =IF(('Hampshire Daily'!Y29-'Hampshire Daily'!Y28<0), "0",'Hampshire Daily'!Y29-'Hampshire Daily'!Y28) -> 0.027 | U26: =IF(('Hampshire Daily'!X29-'Hampshire Daily'!X28<0), "0",'Hampshire Daily'!X29-'Hampshire Daily'!X28) -> 0 | V26: =IF(('Hampshire Daily'!Y29-'Hampshire Daily'!Y28<0), "0",'Hampshire Daily'!Y29-'Hampshire Daily'!Y28) -> 0.027 | W26: =IF(('Hampshire Daily'!Z29-'Hampshire Daily'!Z28<0), "0",'Hampshire Daily'!Z29-'Hampshire Daily'!Z28) -> 0.017 | X26: =IF(('Hampshire Daily'!AA29-'Hampshire Daily'!AA28<0), "0",'Hampshire Daily'!AA29-'Hampshire Daily'!AA28) -> 0 | Y26: =IF(('Hampshire Daily'!AB29-'Hampshire Daily'!AB28<0), "0",'Hampshire Daily'!AB29-'Hampshire Daily'!AB28) -> 9 | Z26: ='Hampshire Daily'!B29 -> 68 | AA26: ='Hampshire Daily'!C29 -> 182
A27: Hampshire | B27: =B26+1 -> 26 | C27: 10 | D27: 2020 | E27: =IF(('Hampshire Daily'!D30-'Hampshire Daily'!D29<0), "0",('Hampshire Daily'!D30-'Hampshire Daily'!D29)*1) -> 2152 | F27: =IF(('Hampshire Daily'!F30-'Hampshire Daily'!F29<0), "0",('Hampshire Daily'!F30-'Hampshire Daily'!F29)*1) -> 1803 | G27: =IF(('Hampshire Daily'!H30-'Hampshire Daily'!H29<0), "0",'Hampshire Daily'!H30-'Hampshire Daily'!H29) -> 0 | H27: =IF(('Hampshire Daily'!I30-'Hampshire Daily'!I29<0), "0",'Hampshire Daily'!I30-'Hampshire Daily'!I29) -> 0 | I27: =IF(('Hampshire Daily'!J30-'Hampshire Daily'!J29<0), "0",'Hampshire Daily'!J30-'Hampshire Daily'!J29) -> 0 | J27: =IF(('Hampshire Daily'!K30-'Hampshire Daily'!K29<0), "0",'Hampshire Daily'!K30-'Hampshire Daily'!K29) -> 0 | K27: =IF(('Hampshire Daily'!L30-'Hampshire Daily'!L29<0), "0",'Hampshire Daily'!L30-'Hampshire Daily'!L29) -> 938 | L27: =IF(('Hampshire Daily'!M30-'Hampshire Daily'!M29<0), "0",'Hampshire Daily'!M30-'Hampshire Daily'!M29) -> 2 | M27: =IF(('Hampshire Daily'!N30-'Hampshire Daily'!N29<0), "0",'Hampshire Daily'!N30-'Hampshire Daily'!N29) -> 2762 | N27: =IF(('Hampshire Daily'!O30-'Hampshire Daily'!O29<0), "0",'Hampshire Daily'!O30-'Hampshire Daily'!O29) -> 180 | ... Q27: =IF(('Hampshire Daily'!R30-'Hampshire Daily'!R29<0), "0",'Hampshire Daily'!R30-'Hampshire Daily'!R29) -> 0 | R27: =IF(('Hampshire Daily'!U30-'Hampshire Daily'!U29<0), "0",'Hampshire Daily'!U30-'Hampshire Daily'!U29) -> 7 | S27: =IF(('Hampshire Daily'!V30-'Hampshire Daily'!V29<0), "0",'Hampshire Daily'!V30-'Hampshire Daily'!V29) -> 13 | T27: =IF(('Hampshire Daily'!Y30-'Hampshire Daily'!Y29<0), "0",'Hampshire Daily'!Y30-'Hampshire Daily'!Y29) -> 0.014 | U27: =IF(('Hampshire Daily'!X30-'Hampshire Daily'!X29<0), "0",'Hampshire Daily'!X30-'Hampshire Daily'!X29) -> 0 | V27: =IF(('Hampshire Daily'!Y30-'Hampshire Daily'!Y29<0), "0",'Hampshire Daily'!Y30-'Hampshire Daily'!Y29) -> 0.014 | W27: =IF(('Hampshire Daily'!Z30-'Hampshire Daily'!Z29<0), "0",'Hampshire Daily'!Z30-'Hampshire Daily'!Z29) -> 0 | X27: =IF(('Hampshire Daily'!AA30-'Hampshire Daily'!AA29<0), "0",'Hampshire Daily'!AA30-'Hampshire Daily'!AA29) -> 0 | Y27: =IF(('Hampshire Daily'!AB30-'Hampshire Daily'!AB29<0), "0",'Hampshire Daily'!AB30-'Hampshire Daily'!AB29) -> 9 | Z27: ='Hampshire Daily'!B30 -> 86 | AA27: ='Hampshire Daily'!C30 -> 228
... A32: Hampshire | B32: =B31+1 -> 31 | C32: 10 | D32: 2020 | E32: =IF(('Hampshire Daily'!D35-'Hampshire Daily'!D34<0), "0",('Hampshire Daily'!D35-'Hampshire Daily'!D34)*1) -> 2768 | F32: =IF(('Hampshire Daily'!F35-'Hampshire Daily'!F34<0), "0",('Hampshire Daily'!F35-'Hampshire Daily'!F34)*1) -> 1838 | G32: =IF(('Hampshire Daily'!H35-'Hampshire Daily'!H34<0), "0",'Hampshire Daily'!H35-'Hampshire Daily'!H34) -> 0 | H32: =IF(('Hampshire Daily'!I35-'Hampshire Daily'!I34<0), "0",'Hampshire Daily'!I35-'Hampshire Daily'!I34) -> 6786982 | I32: =IF(('Hampshire Daily'!J35-'Hampshire Daily'!J34<0), "0",'Hampshire Daily'!J35-'Hampshire Daily'!J34) -> 31845 | J32: =IF(('Hampshire Daily'!K35-'Hampshire Daily'!K34<0), "0",'Hampshire Daily'!K35-'Hampshire Daily'!K34) -> 0 | K32: =IF(('Hampshire Daily'!L35-'Hampshire Daily'!L34<0), "0",'Hampshire Daily'!L35-'Hampshire Daily'!L34) -> 544 | L32: =IF(('Hampshire Daily'!M35-'Hampshire Daily'!M34<0), "0",'Hampshire Daily'!M35-'Hampshire Daily'!M34) -> 0 | M32: =IF(('Hampshire Daily'!N35-'Hampshire Daily'!N34<0), "0",'Hampshire Daily'!N35-'Hampshire Daily'!N34) -> 2419 | N32: =IF(('Hampshire Daily'!O35-'Hampshire Daily'!O34<0), "0",'Hampshire Daily'!O35-'Hampshire Daily'!O34) -> 33 | ... Q32: =IF(('Hampshire Daily'!R35-'Hampshire Daily'!R34<0), "0",'Hampshire Daily'!R35-'Hampshire Daily'!R34) -> 0 | R32: =IF(('Hampshire Daily'!U35-'Hampshire Daily'!U34<0), "0",'Hampshire Daily'!U35-'Hampshire Daily'!U34) -> 8 | S32: =IF(('Hampshire Daily'!V35-'Hampshire Daily'!V34<0), "0",'Hampshire Daily'!V35-'Hampshire Daily'!V34) -> 1 | T32: =IF(('Hampshire Daily'!Y35-'Hampshire Daily'!Y34<0), "0",'Hampshire Daily'!Y35-'Hampshire Daily'!Y34) -> 0.008 | U32: =IF(('Hampshire Daily'!X35-'Hampshire Daily'!X34<0), "0",'Hampshire Daily'!X35-'Hampshire Daily'!X34) -> 0 | V32: =IF(('Hampshire Daily'!Y35-'Hampshire Daily'!Y34<0), "0",'Hampshire Daily'!Y35-'Hampshire Daily'!Y34) -> 0.008 | W32: =IF(('Hampshire Daily'!Z35-'Hampshire Daily'!Z34<0), "0",'Hampshire Daily'!Z35-'Hampshire Daily'!Z34) -> 0.004 | X32: =IF(('Hampshire Daily'!AA35-'Hampshire Daily'!AA34<0), "0",'Hampshire Daily'!AA35-'Hampshire Daily'!AA34) -> 0 | Y32: =IF(('Hampshire Daily'!AB35-'Hampshire Daily'!AB34<0), "0",'Hampshire Daily'!AB35-'Hampshire Daily'!AB34) -> 1 | Z32: ='Hampshire Daily'!B35 -> 91 | AA32: ='Hampshire Daily'!C35 -> 260

Sheet Hampshire Daily
D1: Electrical | N1: Gas | O1: Main Site Water Meter | S1: Water Softener Meter | U1: Hard Water Supply | V1: Pool Supply | X1: LTHW Spa | Y1: LTHW East | Z1: Chilled make-up | AA1: Orchard irrigation | AB1: Kids pool
B2: Room Night | C2: Guest | D2: Meter 1 | E2: Check 1 | F2: Meter 2 | G2: Check 2 | H2: East MCC | I2: South MCC 1 | J2: South MCC 2 | K2: West MCC | L2: Kitchen sub meter | M2: Spa electric | P2: Chiller | Q2: Chiller | R2: Chiller | W2: CL02
P3: 2 | Q3: 3 | R3: 4
A4: 31/09/2020 | B4: 33 | C4: 70 | D4: 932132 | E4: 934640 | F4: 183018 | G4: 182243 | H4: 166826 | L4: 542253 | M4: 2619630 | N4: 463356 | O4: 339728 | P4: 1471360 | Q4: 516834 | R4: 667 | S4: 321987 | T4: 21366 | U4: 49617 | V4: 30216 | X4: 422.065 | Y4: 855.375 | Z4: 3880.782
A5: 44105 | B5: 58 | C5: 115 | D5: 932646 | E5: 935155 | F5: 183446 | G5: 182669 | H5: 167671 | L5: 543843 | M5: 2620130 | N5: 464414 | O5: 339969 | P5: 1471360 | Q5: 517539 | R5: 670 | S5: 321969 | T5: 21397 | U5: 49627 | V5: 30229 | X5: 424.842 | Y5: 855.347 | Z5: 3880.811 | AA5: 1806 | AB5: 375
A6: 44106 | B6: 73 | C6: 178 | D6: 932874 | E6: 935383 | F6: 183919 | G6: 183141 | H6: 168466 | L6: =L5+938 -> 544781 | M6: 2620130 | N6: 466267 | O6: 340045 | P6: 1471360 | Q6: 518602 | R6: 670 | S6: 322015 | T6: 21472 | U6: 49638 | V6: 30229 | X6: 426.851 | Y6: 855.633 | Z6: 3880.819 | AA6: 1829 | AB6: 381
A7: 44107 | B7: 94 | C7: 225 | D7: 933112 | E7: 935622 | F7: 184425 | G7: 183647 | H7: 169242 | L7: =L6+938 -> 545719 | M7: 2620130 | N7: 468358 | O7: =O6+128 -> 340173 | P7: 1471360 | Q7: 519708 | R7: 670 | S7: 322079 | T7: 21552 | U7: 49650 | V7: 30229 | X7: 428.905 | Y7: 855.655 | Z7: 3880.824 | AA7: 1860 | AB7: 388
A8: 44108 | B8: 28 | C8: 70 | D8: 933378 | E8: 935887 | F8: 184986 | G8: 184207 | H8: =H7+363 -> 169605 | L8: =L7+938 -> 546657 | M8: 2620130 | N8: 470726 | O8: =O7+128 -> 340301 | P8: 1471360 | Q8: 520927 | R8: 670 | S8: 322170 | T8: 21652 | U8: 49661 | V8: 30229 | X8: 430.959 | Y8: 855.68 | Z8: 3880.838 | AA8: =AA7+23 -> 1883 | AB8: 369
A9: 44109 | B9: 19 | C9: 53 | D9: 933551 | E9: 936061 | F9: 185402 | G9: 184623 | H9: 170861 | L9: =L8+938 -> 547595 | M9: 2620310 | N9: 472611 | O9: 340540 | P9: 1471360 | Q9: 521744 | R9: 670 | S9: 322248 | T9: 21738 | U9: 49673 | V9: 30232 | X9: 433.035 | Y9: 855.705 | Z9: 3880.848 | AA9: 1898 | AB9: 405
A10: 44110 | B10: 34 | C10: 73 | D10: 933749 | E10: 936259 | F10: 185868 | G10: 185089 | H10: 171666 | L10: =L9+938 -> 548533 | M10: 2620133 | N10: 474592 | O10: 340632 | P10: 1471360 | Q10: 522807 | R10: 670 | S10: 322295 | T10: 21802 | U10: 49683 | V10: 30233 | X10: 435.139 | Y10: 855.708 | Z10: 3880.857 | AA10: 1922 | AB10: 413
A11: 44111 | B11: 27 | C11: 64 | D11: 934028 | E11: 936538 | F11: 186332 | G11: 185553 | H11: 172507 | L11: =L10+938 -> 549471 | M11: 2620311 | N11: 476435 | O11: 340746 | P11: 1471360 | Q11: 523861 | R11: 670 | S11: 322352 | T11: 21870 | U11: 49691 | V11: 30234 | X11: 437.238 | Y11: 855.728 | Z11: 3880.866 | AA11: 1945 | AB11: 417
A12: 44112 | B12: 38 | C12: 92 | D12: 934219 | E12: 936729 | F12: 186816 | G12: 186037 | H12: =H11+363 -> 172870 | L12: 550865 | M12: 2620313 | N12: 478335 | O12: 340887 | P12: 1471360 | Q12: 524927 | R12: 670 | S12: 322407 | T12: 21936 | U12: 49700 | V12: 30255 | X12: 439.319 | Y12: 855.737 | Z12: 3880.877 | AA12: 1968 | AB12: 422
A13: 44113 | B13: 83 | C13: 190 | D13: 934436 | E13: 936947 | F13: 187300 | G13: 186520 | H13: 174172 | L13: 551884 | M13: 2620337 | N13: 480319 | O13: 340995 | P13: 1471360 | Q13: 526093 | R13: 670 | S13: 322462 | T13: 22005 | U13: 49708 | V13: 30256 | X13: 441.499 | Y13: 856.598 | Z13: 3880.89 | AA13: 1991 | AB13: 425
A14: 44114 | B14: 108 | C14: 268 | D14: 934662 | E14: 937173 | F14: 187811 | G14: 187031 | H14: 175001 | L14: =L13+938 -> 552822 | M14: 2620337 | N14: 482663 | O14: 341127 | P14: 1471360 | Q14: 527187 | R14: 670 | S14: 322541 | T14: 22094 | U14: 49718 | V14: 30256 | X14: 443.779 | Y14: 856.769 | Z14: 3880.901 | AA14: 2016 | AB14: 432
A15: 44115 | B15: 57 | C15: 144 | D15: 934899 | E15: 937410 | F15: 188319 | G15: 187539 | H15: 175833 | L15: =L14+938 -> 553760 | M15: 2620338 | N15: 485182 | O15: 341217 | P15: 1471360 | Q15: 528437 | R15: 670 | S15: 322637 | T15: 22196 | U15: 49728 | V15: 30257 | X15: 446.039 | Y15: 856.822 | Z15: 3880.909 | AA15: 2039 | AB15: 437
A16: 44116 | B16: 37 | C16: 92 | D16: 935113 | E16: 937624 | F16: 188805 | G16: 188025 | H16: 176682 | L16: 555250 | M16: 2620340 | N16: 487502 | O16: 341435 | P16: 1471360 | Q16: 529620 | R16: 670 | S16: 322730 | T16: 22295 | U16: 49738 | V16: 30265 | X16: 448.311 | Y16: 856.835 | Z16: 3880.918 | AA16: 2060 | AB16: 445
A17: 44117 | B17: 30 | C17: 70 | D17: 935348 | E17: 937859 | F17: 190077 | G17: 189297 | H17: 178517 | I17: 1272 | L17: =L16+938 -> 556188 | M17: 2620340 | N17: 489826 | O17: =O16+128 -> 341563 | P17: 1471360 | Q17: 530734 | R17: 670 | S17: 322808 | T17: 23377 | U17: 49749 | V17: 30265 | X17: 450.616 | Y17: 856.91 | Z17: 3880.926 | AA17: =AA16 -> 2060 | AB17: 455
A18: 44118 | B18: 32 | C18: 81 | D18: 1813 | E18: 1817 | F18: 3525 | G18: 3522 | H18: =H17+363 -> 178880 | L18: =L17+938 -> 557126 | M18: 2620340 | N18: 492553 | O18: 341744 | P18: 1471360 | Q18: 531740 | R18: 670 | S18: 322870 | T18: 22452 | U18: 49758 | V18: 30226 | X18: 453.02 | Y18: 856.941 | Z18: 3880.934 | AA18: =AA17+23 -> 2083 | AB18: 467
A19: 44119 | B19: 52 | C19: 115 | D19: 4295 | E19: 4303 | F19: 8508 | G19: 8498 | H19: 179244 | L19: =L18+938 -> 558064 | M19: 2620340 | N19: 494333 | O19: =O18+128 -> 341872 | P19: 1471360 | Q19: 532792 | R19: 670 | S19: 322920 | T19: 22524 | U19: 49767 | V19: 30266 | X19: 455.446 | Y19: 856.96 | Z19: 3880.943 | AA19: 2132 | AB19: 475
A20: 44120 | B20: 74 | C20: 178 | D20: 6543 | E20: 6554 | F20: 13029 | G20: 13014 | H20: 180027 | L20: =L19+938 -> 559002 | M20: 2620340 | N20: 496496 | O20: =O19+128 -> 342000 | P20: 1471360 | Q20: 533708 | R20: 670 | S20: 322990 | T20: 22601 | U20: 49776 | V20: 30267 | X20: 457.901 | Y20: 856.992 | Z20: 3880.949 | AA20: 2153 | AB20: 480
A21: 44121 | B21: 97 | C21: 243 | D21: 9201 | E21: 9218 | F21: 18238 | G21: 18218 | H21: 180861 | L21: 559941 | M21: 2620348 | N21: 498862 | O21: =O20+128 -> 342128 | P21: 1471360 | Q21: 534830 | R21: 670 | S21: 323076 | T21: 22689 | U21: 49786 | V21: 30268 | X21: 460.454 | Y21: 857.004 | Z21: 3880.956 | AA21: 2153 | AB21: 485
A22: 44122 | B22: 61 | C22: 166 | D22: 11739 | E22: 11760 | F22: 23570 | G22: 23542 | H22: 181714 | L22: 561072 | M22: 2620348 | N22: 501269 | O22: =O21+128 -> 342256 | P22: 1471360 | Q22: 535958 | R22: 670 | S22: 323164 | T22: 22790 | U22: 49797 | V22: 30268 | X22: 463.994 | Y22: 857.016 | Z22: 3880.964 | AA22: 2153 | AB22: 498
A23: 44123 | B23: 76 | C23: 199 | D23: 13933 | E23: 13957 | F23: 28445 | G23: 28411 | H23: 182544 | L23: 562183 | M23: 2620348 | N23: 503513 | O23: =O22+128 -> 342384 | P23: 1471360 | Q23: 537028 | R23: 670 | S23: 323245 | T23: 22882 | U23: 49806 | V23: 30276 | X23: 465.594 | Y23: 857.049 | Z23: 3880.972 | AA23: 2153 | AB23: 506
A24: 44124 | B24: 74 | C24: 195 | D24: 16438 | E24: 16466 | F24: 33217 | G24: 33176 | H24: 183350 | L24: =L23+938 -> 563121 | M24: 2620456 | N24: 505742 | O24: =O23+128 -> 342512 | P24: 1471360 | Q24: 538291 | R24: 670 | S24: 323320 | T24: 22970 | U24: 49816 | V24: 30276 | X24: 468.213 | Y24: 857.216 | Z24: 3880.978 | AA24: 2153 | AB24: 511
A25: 44125 | B25: 74 | C25: 204 | D25: 20271 | E25: 20304 | F25: 38077 | G25: 38031 | H25: 184203 | L25: =L24+938 -> 564059 | M25: 2620520 | N25: 507721 | O25: 342631 | P25: 1471360 | Q25: 539702 | R25: 670 | S25: 323405 | T25: 23066 | U25: 49826 | V25: 30277 | X25: 470.875 | Y25: 857.244 | Z25: 3880.985 | AA25: 2153 | AB25: 520
A26: 44126 | B26: 81 | C26: 220 | D26: 22774 | E26: 22812 | F26: 42725 | G26: 42673 | H26: 184901 | L26: 565250 | M26: 2620654 | N26: 509967 | O26: =O25+128 -> 342759 | P26: 1471360 | Q26: 541044 | R26: 670 | S26: 323499 | T26: 23166 | U26: 49836 | V26: 30277 | X26: 473.573 | Y26: 857.29 | Z26: 3880.992 | AA26: 2153 | AB26: 530
A27: 44127 | B27: 93 | C27: 253 | D27: 25449 | E27: 25491 | F27: 47006 | G27: 46949 | H27: 185567 | L27: 566347 | M27: 2620654 | N27: 512204 | O27: =O26+128 -> 342887 | P27: 1471360 | Q27: 542375 | R27: 670 | S27: 323593 | T27: 23264 | U27: 49846 | V27: 30278 | X27: 474.351 | Y27: 857.336 | Z27: 3880.999 | AA27: 2153 | AB27: 539
A28: 44128 | B28: 93 | C28: 253 | D28: 28202 | E28: 28248 | F28: 49185 | G28: 49125 | H28: 185632 | L28: =L27+938 -> 567285 | M28: 2620699 | N28: 514801 | O28: 343015 | P28: 1471360 | Q28: 543633 | R28: 670 | S28: 323679 | T28: 23366 | U28: 49855 | V28: 30278 | X28: 474.351 | Y28: 857.351 | Z28: 3881.002 | AA28: 2153 | AB28: 546
A29: 44129 | B29: 68 | C29: 182 | D29: 31120 | E29: 31170 | F29: 51060 | G29: 50998 | H29: 185632 | L29: =L28+938 -> 568223 | M29: 2620740 | N29: 517555 | O29: 343145 | P29: 1471360 | Q29: 544933 | R29: 670 | S29: 323777 | T29: 23479 | U29: 49863 | V29: 30279 | X29: 474.351 | Y29: 857.378 | Z29: 3881.019 | AA29: 2153 | AB29: 555
A30: 44130 | B30: 86 | C30: 228 | D30: 33272 | E30: 33326 | F30: 52863 | G30: 52800 | H30: 185632 | L30: =L29+938 -> 569161 | M30: 2620742 | N30: 520317 | O30: 343325 | P30: 1471360 | Q30: 546000 | R30: 670 | S30: 323855 | T30: 23572 | U30: 49870 | V30: 30292 | X30: 474.351 | Y30: 857.392 | Z30: 3881.015 | AA30: 2153 | AB30: 564
A31: 44131 | B31: 78 | C31: 214 | D31: 35724 | E31: 35782 | F31: 54617 | G31: 54552 | H31: 185632 | L31: =L30+938 -> 570099 | M31: 2620742 | N31: 523012 | O31: 343402 | P31: 1471360 | Q31: 547124 | R31: 670 | S31: 323938 | T31: 23665 | U31: 49877 | V31: 30292 | X31: 474.351 | Y31: 857.402 | Z31: 3881.021 | AA31: 2153 | AB31: 570
A32: 44132 | B32: 86 | C32: 238 | D32: 39364 | E32: 39427 | F32: 56612 | G32: 56545 | H32: 185729 | L32: =L31+938 -> 571037 | M32: 2620835 | N32: 525590 | O32: 343535 | P32: 1471360 | Q32: 548253 | R32: 670 | S32: 324030 | T32: 23771 | U32: 49886 | V32: 30293 | X32: 474.351 | Y32: 857.464 | Z32: 3881.028 | AA32: 2153 | AB32: 578
A33: 44133 | B33: 92 | C33: 262 | D33: 42081 | E33: 42148 | F33: 59158 | G33: 59088 | H33: 185971 | L33: 572778 | M33: 2620961 | N33: 528019 | O33: 343784 | P33: 1471360 | Q33: 549293 | R33: 670 | S33: 324117 | T33: 23869 | U33: 49893 | V33: 30293 | X33: 474.351 | Y33: 857.501 | Z33: 3881.033 | AA33: 2153 | AB33: 583
A34: 44134 | B34: 106 | C34: 309 | D34: 45245 | E34: 45317 | F34: 61179 | G34: 61107 | H34: 185971 | L34: =L33+938 -> 573716 | M34: 2620961 | N34: 530680 | O34: 343832 | P34: 1471360 | Q34: 550792 | R34: 670 | S34: 324208 | T34: 23974 | U34: 49902 | V34: 30293 | X34: 474.351 | Y34: 857.514 | Z34: 3881.037 | AA34: 2153 | AB34: 587
A35: 44135 | B35: 91 | C35: 260 | D35: 48013 | E35: 48089 | F35: 63017 | G35: 62943 | H35: 185971 | I35: 6786982 | J35: 31845 | L35: 574260 | M35: 2620961 | N35: 533099 | O35: 343865 | P35: 1471360 | Q35: 552124 | R35: 670 | S35: 324290 | T35: 24115 | U35: 49910 | V35: 30294 | X35: 474.351 | Y35: 857.522 | Z35: 3881.041 | AA35: 2153 | AB35: 588
