Workbook

Sheet Ls_XLB_WorkbookFile

Sheet Ls_AgXLB_WorkbookFile
A1: >>Summary Report 1 | B1: >'adb | C1: >'[LASATA SETUP FILE]_x000D_ Date=2006-11-08 13:59:57_x000D_ FileType=Agora XLB Data Fill_x000D_ Version=0_x000D_ Buffer=_x000D_ @systemProduct:Str=SS5_x000D_ @systemTable:Str=NC2_x000D_ @filterFrom_DbC:Str=ZPB_x000D_ @filterFrom_/NC2/1:Str=06_x000D_ @filterTo_/NC2/1:Str=14_x000D_ @outputField_/NC2/8{ExtractType}0:Str=_x000D_ @formatType:Lng=-4154_x000D_ @formatNumber:Int=1_x000D_ @formatPattern:Int=1_x000D_ @formatFont:Int=1_x000D_ @formatWidth:Int=1_x000D_ @formatAlignment:Int=1_x000D_ @formatBorder:Int=1_x000D_ @filenmSetupfile:Str=_x000D_ @filenmWorkbookSetupFile:Str=Summary Report 1_x000D_ @settngShowMessages:Str=Y_x000D_ @settngDirection:Str=S_x000D_ @settngApplyFormula:Str=Y_x000D_ @settngLock:Str=N_x000D_ @settngOutputHeaders:Int=0_x000D_ @settngOutputCaptions:Int=1_x000D_ @settngOutputTotals:Int=1_x000D_ @settngOutputFiltering:Int=0_x000D_ @settngPivotTable:Int=0_x000D_ @settngTopPercent:Str=_x000D_ @settngReportStyle:Lng=1_x000D_
A2: >>JV_ENG | B2: >'lsd | C2: >'[LASATA SETUP FILE]_x000D_ Date=2014-10-03 18:52:03_x000D_ FileType=Agora XML SendData_x000D_ Version=0_x000D_ Buffer=_x000D_ @Agora XML SendData:Str=@STARTBLOCK_x000D_ setupFileVersion:2=1_x000D_ AbortIfErrorsExist:2=1_x000D_ AppendFile:2=0_x000D_ RunScript:2=1_x000D_ DatabaseOrig:8=_x000D_ DefinitionName:8=Ledger Import_x000D_ DefinitionVersion:4=2_x000D_ ErrorReference:8=D3_x000D_ CommentReference:8=$D$3_x000D_ MatrixSend:11=0_x000D_ SkipBlanks:11=-1_x000D_ CSVDelimeter:8=_x000D_ CSVIncludeHeader:2=0_x000D_ MatrixReplicatorFieldOverrideNodePath:8=/LI Header/LI Detail/PERD_x000D_ DriverFieldOverrideNodePath:8=/LI Header/CREATED_DATETIME_x000D_ Language:8=_x000D_ OutputFileNameOrig:8=_x000D_ SetupFileNameOrig:8=_x000D_ SetupFileType:2=2_x000D_ ShowMessages:2=1_x000D_ WorkBookSetupFileOrig:8=JV_ENG_x000D_ LayoutIdetifierColumn:8=A3_x000D_ Product:8=SS5_x000D_ SuperFieldKey:8=DbC_x000D_ SuperFieldValue:8=$C$3_x000D_ FieldValueCodePath:8=/LI Header/CREATED_DATETIME_x000D_ FieldValueValue:8=$C$4_x000D_ FieldValueCodePath:8=/LI Header/DESCR_x000D_ FieldValueValue:8=$C$8_x000D_ FieldValueCodePath:8=/LI Header/POST_TYPE_x000D_ FieldValueValue:8=2_x000D_ FieldValueCodePath:8=/LI Header/POST_WRITE_TO_HOLD_x000D_ FieldValueValue:8=N_x000D_ FieldValueCodePath:8=/LI Header/POST_ROUGH_BOOK_x000D_ FieldValueValue:8=N_x000D_ FieldValueCodePath:8=/LI Header/POST_ALLOW_BAL_TRANS_x000D_ FieldValueValue:8=0_x000D_ FieldValueCodePath:8=/LI Header/POST_SUSPENSE_ACNT_x000D_ FieldValueValue:8=9999_x000D_ FieldValueCodePath:8=/LI Header/POST_OTHER_ACNT_x000D_ FieldValueValue:8=9999_x000D_ FieldValueCodePath:8=/LI Header/POST_DFLT_PERD_x000D_ FieldValueValue:8=$C$5_x000D_ FieldValueCodePath:8=/LI Header/POST_RPT_ERR_ONLY_x000D_ FieldValueValue:8=Y_x000D_ FieldValueCodePath:8=/LI Header/POST_SUPPRESS_SUB_MSG_x000D_ FieldValueValue:8=N_x000D_ FieldValueCodePath:8=/LI Header/POST_RPT_FMT_x000D_ FieldValueValue:8=_x000D_ FieldValueCodePath:8=/LI Header/JRNL_TYPE_x000D_ FieldValueValue:8=$C$7_x000D_ FieldValueCodePath:8=/LI Header/POST_RPT_ACNT_x000D_ FieldValueValue:8=9999_x000D_ FieldValueCodePath:8=/LI Header/POST_LDG_x000D_ FieldValueValue:8=A_x000D_ FieldValueCodePath:8=/LI Header/POST_ALLOW_OVER_BDGT_x000D_ FieldValueValue:8=Y_x000D_ FieldValueCodePath:8=/LI Header/POST_ALLOW_SUSPNS_ACNT_x000D_ FieldValueValue:8=Y_x000D_ FieldValueCodePath:8=/LI Header/POST_TXN_REF_BAL_x000D_ FieldValueValue:8=N_x000D_ FieldValueCodePath:8=/LI Header/LI Detail/ACNT_CODE_x000D_ FieldValueValue:8=B13_x000D_ FieldValueCodePath:8=/LI Header/LI Detail/PERD_x000D_ FieldValueValue:8=$C$5_x000D_ FieldValueCodePath:8=/LI Header/LI Detail/TXN_DATETIME_x000D_ FieldValueValue:8=$C$4_x000D_ FieldValueCodePath:8=/LI Header/LI Detail/JNL_SRCE_x000D_ FieldValueValue:8=$C$6_x000D_ FieldValueCodePath:8=/LI Header/LI Detail/TXN_REF_x000D_ FieldValueValue:8=$C$8_x000D_ FieldValueCodePath:8=/LI Header/LI Detail/DESCR_x000D_ FieldValueValue:8=C13_x000D_ FieldValueCodePath:8=/LI Header/LI Detail/DR_CR_IND_x000D_ FieldValueValue:8=_x000D_ FieldValueCodePath:8=/LI Header/LI Detail/AMT_x000D_ FieldValueValue:8=D13_x000D_ FieldValueCodePath:8=/LI Header/LI Detail/CONV_CODE_x000D_ FieldValueValue:8=USD_x000D_ FieldValueCodePath:8=/LI Header/LI Detail/TXN_AMT_x000D_ FieldValueValue:8=_x000D_ FieldValueCodePath:8=/LI Header/LI Detail/ANL_CODE_T0_x000D_ FieldValueValue:8=E13_x000D_ FieldValueCodePath:8=/LI Header/LI Detail/ANL_CODE_T1_x000D_ FieldValueValue:8=F13_x000D_ FieldValueCodePath:8=/LI Header/LI Detail/ANL_CODE_T2_x000D_ FieldValueValue:8=G13_x000D_ FieldValueCodePath:8=/LI Header/LI Detail/ANL_CODE_T3_x000D_ FieldValueValue:8=H13_x000D_ FieldValueCodePath:8=/LI Header/LI Detail/ANL_CODE_T4_x000D_ FieldValueValue:8=I13_x000D_ FieldValueCodePath:8=/LI Header/LI Detail/ANL_CODE_T5_x000D_ FieldValueValue:8=_x000D_ FieldValueCodePath:8=/LI Header/LI Detail/ANL_CODE_T6_x000D_ FieldValueValue:8=_x000D_ FieldValueCodePath:8=/LI Header/LI Detail/ANL_CODE_T7_x000D_ FieldValueValue:8=_x000D_ FieldValueCodePath:8=/LI Header/LI Detail/ANL_CODE_T9_x000D_ FieldValueValue:8=M13_x000D_ FieldValueCodePath:8=/LI Header/LI Detail/LI Detail LAD/PSTG_HDR_ID_x000D_ FieldValueValue:8=_x000D_ Param1:8=@START_x000D_ InternalName:8=IsCheckBalances_x000D_ ValueFrom:8=N_x000D_ ValueTo:8=_x000D_ _x000D_ @END_x000D_ ZeroRecordCount:3=0_x000D_ NonZeroRecordCount:3=0_x000D_ _x000D_ @ENDBLOCK_x000D_
A3: >>JV_ENG1 | B3: >'axb | C3: >'[LASATA SETUP FILE]_x000D_ Date=2006-11-08 16:23:23_x000D_ FileType=Agora XLB MacroBuilder_x000D_ Version=0_x000D_ Buffer=_x000D_ @settngMacroName:Str=JV_ENG1_x000D_ @settngMacroButtonCaption:Str=SEND_JV_x000D_ @settngMacroShortcutKey:Str=_x000D_ @recipeStep_RunDataSend_110816214154000:Str=P0=JV_ENG,P1=,P2=_x000D_ @recipeStep_SelectRange_110816215204000:Str=P0=C8,P1=,P2=_x000D_ @filenmSetupfile:Str=_x000D_ @filenmWorkbookSetupFile:Str=JV_ENG1_x000D_
A4: >>JV_MULTI | B4: >'lsd | C4: >'[LASATA SETUP FILE]_x000D_ Date=2007-03-27 16:32:44_x000D_ FileType=Agora XML SendData_x000D_ Version=0_x000D_ Buffer=_x000D_ @Agora XML SendData:Str=@STARTBLOCK_x000D_ setupFileVersion:2=1_x000D_ AbortIfErrorsExist:2=1_x000D_ AppendFile:2=0_x000D_ RunScript:2=1_x000D_ DatabaseOrig:8=_x000D_ DefinitionName:8=Ledger Import_x000D_ DefinitionVersion:4=2_x000D_ ErrorReference:8=D3_x000D_ CommentReference:8=$D$3_x000D_ MatrixSend:11=0_x000D_ SkipBlanks:11=-1_x000D_ CSVDelimeter:8=_x000D_ CSVIncludeHeader:2=0_x000D_ MatrixReplicatorFieldOverrideNodePath:8=/LI Header/LI Detail/PERD_x000D_ DriverFieldOverrideNodePath:8=/LI Header/CREATED_DATETIME_x000D_ Language:8=_x000D_ OutputFileNameOrig:8=_x000D_ SetupFileNameOrig:8=_x000D_ SetupFileType:2=2_x000D_ ShowMessages:2=1_x000D_ WorkBookSetupFileOrig:8=JV_MULTI_x000D_ LayoutIdetifierColumn:8=A3_x000D_ Product:8=SS5_x000D_ SuperFieldKey:8=DbC_x000D_ SuperFieldValue:8=$C$3_x000D_ FieldValueCodePath:8=/LI Header/CREATED_DATETIME_x000D_ FieldValueValue:8=$C$4_x000D_ FieldValueCodePath:8=/LI Header/DESCR_x000D_ FieldValueValue:8=$C$8_x000D_ FieldValueCodePath:8=/LI Header/POST_TYPE_x000D_ FieldValueValue:8=0_x000D_ FieldValueCodePath:8=/LI Header/POST_WRITE_TO_HOLD_x000D_ FieldValueValue:8=N_x000D_ FieldValueCodePath:8=/LI Header/POST_ROUGH_BOOK_x000D_ FieldValueValue:8=N_x000D_ FieldValueCodePath:8=/LI Header/POST_ALLOW_BAL_TRANS_x000D_ FieldValueValue:8=N_x000D_ FieldValueCodePath:8=/LI Header/POST_SUSPENSE_ACNT_x000D_ FieldValueValue:8=9999_x000D_ FieldValueCodePath:8=/LI Header/POST_OTHER_ACNT_x000D_ FieldValueValue:8=9999_x000D_ FieldValueCodePath:8=/LI Header/POST_DFLT_PERD_x000D_ FieldValueValue:8=$C$5_x000D_ FieldValueCodePath:8=/LI Header/POST_RPT_ERR_ONLY_x000D_ FieldValueValue:8=Y_x000D_ FieldValueCodePath:8=/LI Header/POST_SUPPRESS_SUB_MSG_x000D_ FieldValueValue:8=N_x000D_ FieldValueCodePath:8=/LI Header/POST_RPT_FMT_x000D_ FieldValueValue:8=_x000D_ FieldValueCodePath:8=/LI Header/JRNL_TYPE_x000D_ FieldValueValue:8=$C$7_x000D_ FieldValueCodePath:8=/LI Header/POST_RPT_ACNT_x000D_ FieldValueValue:8=9999_x000D_ FieldValueCodePath:8=/LI Header/POST_LDG_x000D_ FieldValueValue:8=A_x000D_ FieldValueCodePath:8=/LI Header/POST_ALLOW_OVER_BDGT_x000D_ FieldValueValue:8=Y_x000D_ FieldValueCodePath:8=/LI Header/POST_ALLOW_SUSPNS_ACNT_x000D_ FieldValueValue:8=Y_x000D_ FieldValueCodePath:8=/LI Header/POST_TXN_REF_BAL_x000D_ FieldValueValue:8=N_x000D_ FieldValueCodePath:8=/LI Header/LI Detail/ACNT_CODE_x000D_ FieldValueValue:8=B13_x000D_ FieldValueCodePath:8=/LI Header/LI Detail/PERD_x000D_ FieldValueValue:8=$C$5_x000D_ FieldValueCodePath:8=/LI Header/LI Detail/TXN_DATETIME_x000D_ FieldValueValue:8=$C$4_x000D_ FieldValueCodePath:8=/LI Header/LI Detail/JNL_SRCE_x000D_ FieldValueValue:8=$C$6_x000D_ FieldValueCodePath:8=/LI Header/LI Detail/TXN_REF_x000D_ FieldValueValue:8=$C$8_x000D_ FieldValueCodePath:8=/LI Header/LI Detail/DESCR_x000D_ FieldValueValue:8=C13_x000D_ FieldValueCodePath:8=/LI Header/LI Detail/DR_CR_IND_x000D_ FieldValueValue:8=_x000D_ FieldValueCodePath:8=/LI Header/LI Detail/AMT_x000D_ FieldValueValue:8=_x000D_ FieldValueCodePath:8=/LI Header/LI Detail/CONV_CODE_x000D_ FieldValueValue:8=E13_x000D_ FieldValueCodePath:8=/LI Header/LI Detail/TXN_AMT_x000D_ FieldValueValue:8=D13_x000D_ FieldValueCodePath:8=/LI Header/LI Detail/ANL_CODE_T0_x000D_ FieldValueValue:8=F13_x000D_ FieldValueCodePath:8=/LI Header/LI Detail/ANL_CODE_T1_x000D_ FieldValueValue:8=G13_x000D_ FieldValueCodePath:8=/LI Header/LI Detail/ANL_CODE_T2_x000D_ FieldValueValue:8=H13_x000D_ FieldValueCodePath:8=/LI Header/LI Detail/ANL_CODE_T3_x000D_ FieldValueValue:8=I13_x000D_ FieldValueCodePath:8=/LI Header/LI Detail/ANL_CODE_T4_x000D_ FieldValueValue:8=J13_x000D_ FieldValueCodePath:8=/LI Header/LI Detail/ANL_CODE_T5_x000D_ FieldValueValue:8=_x000D_ FieldValueCodePath:8=/LI Header/LI Detail/ANL_CODE_T6_x000D_ FieldValueValue:8=_x000D_ FieldValueCodePath:8=/LI Header/LI Detail/ANL_CODE_T7_x000D_ FieldValueValue:8=_x000D_ FieldValueCodePath:8=/LI Header/LI Detail/ANL_CODE_T9_x000D_ FieldValueValue:8=N13_x000D_ FieldValueCodePath:8=/LI Header/LI Detail/LI Detail LAD/PSTG_HDR_ID_x000D_ FieldValueValue:8=_x000D_ FieldValueCodePath:8=/LI Header/LI Detail/ANL_CODE_T8_x000D_ FieldValueValue:8=_x000D_ Param1:8=@START_x000D_ InternalName:8=IsCheckBalances_x000D_ ValueFrom:8=N_x000D_ ValueTo:8=_x000D_ _x000D_ @END_x000D_ ZeroRecordCount:3=0_x000D_ NonZeroRecordCount:3=0_x000D_ _x000D_ @ENDBLOCK_x000D_
A5: >>JV_MULT | B5: >'axb | C5: >'[LASATA SETUP FILE]_x000D_ Date=2006-11-09 13:06:42_x000D_ FileType=Agora XLB MacroBuilder_x000D_ Version=0_x000D_ Buffer=_x000D_ @settngMacroName:Str=JV_MULT_x000D_ @settngMacroButtonCaption:Str=SEND_JV_x000D_ @settngMacroShortcutKey:Str=_x000D_ @recipeStep_RunDataSend_110913053254000:Str=P0=JV_MULTI,P1=,P2=_x000D_ @recipeStep_SelectRange_110913054300000:Str=P0=C8,P1=,P2=_x000D_ @filenmSetupfile:Str=_x000D_ @filenmWorkbookSetupFile:Str=JV_MULT_x000D_
A6: >>Detail Report 1 | B6: >'atb | C6: >'[LASATA SETUP FILE]_x000D_ Date=2006-11-12 13:49:49_x000D_ FileType=Agora XLB ExtractTransactions_x000D_ Version=0_x000D_ Buffer=_x000D_ @systemProduct:Str=SS5_x000D_ @systemTable:Str=LA_x000D_ @filterFrom_DbC:Str=ZPB_x000D_ @filterFrom_/LA/Ldg:Str=A_x000D_ @filterFrom_/LA/AccCde:Str=<ALL>_x000D_ @filterFrom_/LA/Prd:Str=BA +0_x000D_ @filterFrom_/LA/JnlNo:Str=8_x000D_ @filterTo_/LA/JnlNo:Str=8_x000D_ @outputField_/LA/Ldg:Str=_x000D_ @outputField_/LA/AccCde:Str=_x000D_ @outputField_/LA/Prd:Str=_x000D_ @outputField_/LA/BseAmt:Str=_x000D_ @outputField_/LA/DC{ExtractType}20:Str=_x000D_ @outputField_/LA/OthAmt:Str=_x000D_ @outputField_/LA/50:Str=_x000D_ @outputField_/LA/51:Str=_x000D_ @outputField_/LA/BseCC:Str=_x000D_ @outputField_/LA/CnvCde:Str=_x000D_ @outputField_/LA/RepCC:Str=_x000D_ @outputField_/LA/CnvRte:Str=_x000D_ @outputField_/LA/47{ExtractType}20:Str=_x000D_ @outputField_/LA/45:Str=_x000D_ @outputField_/LA/46{ExtractType}20:Str=_x000D_ @outputField_/LA/48:Str=_x000D_ @outputField_/LA/49{ExtractType}20:Str=_x000D_ @outputField_/LA/TrnDte:Str=_x000D_ @outputField_/LA/JnlNo:Str=_x000D_ @outputField_/LA/JnlLn:Str=_x000D_ @outputField_/LA/JnlTyp:Str=_x000D_ @outputField_/LA/JnlSrc:Str=_x000D_ @outputField_/LA/TrnRef:Str=_x000D_ @outputField_/LA/Desc:Str=_x000D_ @outputField_/LA/OFS{ExtractType}20:Str=_x000D_ @outputField_/LA/AstInd{ExtractType}20:Str=_x000D_ @outputField_/LA/AstCde:Str=_x000D_ @outputField_/LA/AstSubCde:Str=_x000D_ @outputField_/LA/Alc{ExtractType}20:Str=_x000D_ @outputField_/LA/AlcRef:Str=_x000D_ @outputField_/LA/AlcDte:Str=_x000D_ @outputField_/LA/AlcPrd:Str=_x000D_ @outputField_/LA/DueDte:Str=_x000D_ @outputField_/LA/EntDte:Str=_x000D_ @outputField_/LA/EntPrd:Str=_x000D_ @outputField_/LA/TC0:Str=_x000D_ @outputField_/LA/TC1:Str=_x000D_ @outputField_/LA/TC2:Str=_x000D_ @outputField_/LA/TC3:Str=_x000D_ @outputField_/LA/TC4:Str=_x000D_ @outputField_/LA/TC5:Str=_x000D_ @outputField_/LA/TC6:Str=_x000D_ @outputField_/LA/TC7:Str=_x000D_ @outputField_/LA/TC9:Str=_x000D_ @outputField_/LA/Rev{ExtractType}20:Str=_x000D_ @outputField_/LA/LossGain:Str=_x000D_ @outputField_/LA/Rough{ExtractType}20:Str=_x000D_ @outputField_/LA/InUse{ExtractType}20:Str=_x000D_ @outputField_/LA/HeldJnlOpID:Str=_x000D_ @outputField_/LA/PstDte:Str=_x000D_ @outputField_/LA/AllocInPrg:Str=_x000D_ @outputField_/LA/HeldJnlRef:Str=_x000D_ @outputField_/LA/52{ExtractType}20:Str=_x000D_ @outputField_/LA/53{ExtractType}20:Str=_x000D_ @outputField_/LA/54:Str=_x000D_ @outputField_/LA/920:Str=_x000D_ @outputField_/LA/922:Str=_x000D_ @outputField_/LA/924:Str=_x000D_ @outputField_/LA/926:Str=_x000D_ @outputField_/LA/928:Str=_x000D_ @outputField_/LA/930:Str=_x000D_ @outputField_/LA/932:Str=_x000D_ @outputField_/LA/934:Str=_x000D_ @outputField_/LA/936:Str=_x000D_ @outputField_/LA/938:Str=_x000D_ @outputField_/LA/940{ExtractType}20:Str=_x000D_ @outputField_/LA/942{ExtractType}20:Str=_x000D_ @outputField_/LA/944{ExtractType}20:Str=_x000D_ @outputField_/LA/946:Str=_x000D_ @outputField_/LA/948:Str=_x000D_ @outputField_/LA/950{ExtractType}21:Str=_x000D_ @outputField_/LA/952:Str=_x000D_ @outputField_/LA/954:Str=_x000D_ @outputField_/LA/956:Str=_x000D_ @outputField_/LA/958{ExtractType}20:Str=_x000D_ @outputField_/LA/960{ExtractType}20:Str=_x000D_ @outputField_/LA/962:Str=_x000D_ @outputField_/LA/964:Str=_x000D_ @outputField_/LA/966:Str=_x000D_ @outputField_/LA/968:Str=_x000D_ @outputField_/LA/970{ExtractType}20:Str=_x000D_ @outputField_/LA/972:Str=_x000D_ @outputField_/LA/974{ExtractType}20:Str=_x000D_ @outputField_/LA/976{ExtractType}20:Str=_x000D_ @formatType:Lng=-4154_x000D_ @formatNumber:Int=1_x000D_ @formatPattern:Int=1_x000D_ @formatFont:Int=1_x000D_ @formatWidth:Int=1_x000D_ @formatAlignment:Int=1_x000D_ @formatBorder:Int=1_x000D_ @filenmSetupfile:Str=_x000D_ @filenmWorkbookSetupFile:Str=Detail Report 1_x000D_ @settngShowMessages:Str=Y_x000D_ @settngDirection:Str=D_x000D_ @settngApplyFormula:Str=Y_x000D_ @settngLock:Str=N_x000D_ @settngOutputHeaders:Int=0_x000D_ @settngOutputCaptions:Int=1_x000D_ @settngOutputTotals:Int=1_x000D_ @settngOutputFiltering:Int=0_x000D_ @settngPivotTable:Int=0_x000D_ @settngTopPercent:Str=_x000D_ @settngReportStyle:Lng=1_x000D_
A7: >>ACCOUNT | B7: >'axb | C7: >'[LASATA SETUP FILE]_x000D_ Date=2006-11-11 15:49:23_x000D_ FileType=Agora XLB MacroBuilder_x000D_ Version=0_x000D_ Buffer=_x000D_ @settngMacroName:Str=ACCOUNT_x000D_ @settngMacroButtonCaption:Str=CHECK_A/C_x000D_ @settngMacroShortcutKey:Str=_x000D_ @recipeStep_ClearRange_111115471535000:Str=P0=B11:B22,P1=,P2=_x000D_ @recipeStep_RecalculateRange_111115480754000:Str=P0=B10,P1=,P2=_x000D_ @recipeStep_SelectRange_111115481996000:Str=P0=B8,P1=,P2=_x000D_ @filenmSetupfile:Str=_x000D_ @filenmWorkbookSetupFile:Str=ACCOUNT_x000D_
A8: >>CA | B8: >'atb | C8: >'[LASATA SETUP FILE]_x000D_ Date=2006-11-11 15:51:47_x000D_ FileType=Agora XLB ExtractTransactions_x000D_ Version=0_x000D_ Buffer=_x000D_ @systemProduct:Str=SS5_x000D_ @systemTable:Str=CA_x000D_ @filterFrom_DbC:Str=ZPB_x000D_ @filterFrom_/CA/AccTyp:Str=<ALL>_x000D_ @filterFrom_/CA/Cde:Str=<ALL>_x000D_ @filterFrom_/CA/Susp:Str=O_x000D_ @outputField_/CA/Cde:Str=_x000D_ @outputField_/CA/Nme:Str=_x000D_ @formatType:Lng=-4154_x000D_ @formatNumber:Int=1_x000D_ @formatPattern:Int=1_x000D_ @formatFont:Int=1_x000D_ @formatWidth:Int=1_x000D_ @formatAlignment:Int=1_x000D_ @formatBorder:Int=1_x000D_ @filenmSetupfile:Str=_x000D_ @filenmWorkbookSetupFile:Str=CA_x000D_ @settngShowMessages:Str=Y_x000D_ @settngDirection:Str=D_x000D_ @settngApplyFormula:Str=Y_x000D_ @settngLock:Str=N_x000D_ @settngOutputHeaders:Int=0_x000D_ @settngOutputCaptions:Int=0_x000D_ @settngOutputTotals:Int=0_x000D_ @settngOutputFiltering:Int=0_x000D_ @settngPivotTable:Int=0_x000D_ @settngTopPercent:Str=_x000D_ @settngReportStyle:Lng=1_x000D_
A9: >>Summary Report 2 | B9: >'adb | C9: >'[LASATA SETUP FILE]_x000D_ Date=2006-11-12 13:07:07_x000D_ FileType=Agora XLB Data Fill_x000D_ Version=0_x000D_ Buffer=_x000D_ @systemProduct:Str=SS5_x000D_ @systemTable:Str=NC2_x000D_ @filterFrom_DbC:Str=ZPB_x000D_ @filterFrom_/NC2/1:Str=06_x000D_ @filterTo_/NC2/1:Str=14_x000D_ @outputField_/NC2/1{ExtractType}0:Str=_x000D_ @outputField_/NC2/9{ExtractType}0:Str=_x000D_ @formatType:Lng=-4154_x000D_ @formatNumber:Int=1_x000D_ @formatPattern:Int=1_x000D_ @formatFont:Int=1_x000D_ @formatWidth:Int=1_x000D_ @formatAlignment:Int=1_x000D_ @formatBorder:Int=1_x000D_ @filenmSetupfile:Str=_x000D_ @filenmWorkbookSetupFile:Str=Summary Report 2_x000D_ @settngShowMessages:Str=Y_x000D_ @settngDirection:Str=D_x000D_ @settngApplyFormula:Str=Y_x000D_ @settngLock:Str=N_x000D_ @settngOutputHeaders:Int=0_x000D_ @settngOutputCaptions:Int=1_x000D_ @settngOutputTotals:Int=1_x000D_ @settngOutputFiltering:Int=0_x000D_ @settngPivotTable:Int=0_x000D_ @settngTopPercent:Str=_x000D_ @settngReportStyle:Lng=1_x000D_
A10: >>ND | B10: >'adb | C10: >'[LASATA SETUP FILE]_x000D_ Date=2006-11-12 13:08:26_x000D_ FileType=Agora XLB Data Fill_x000D_ Version=0_x000D_ Buffer=_x000D_ @systemProduct:Str=SS5_x000D_ @systemTable:Str=NC2_x000D_ @filterFrom_DbC:Str=ZPB_x000D_ @filterFrom_/NC2/1:Str=06_x000D_ @filterTo_/NC2/1:Str=14_x000D_ @outputField_/NC2/1:Str=_x000D_ @outputField_/NC2/9:Str=_x000D_ @formatType:Lng=-4154_x000D_ @formatNumber:Int=1_x000D_ @formatPattern:Int=1_x000D_ @formatFont:Int=1_x000D_ @formatWidth:Int=1_x000D_ @formatAlignment:Int=1_x000D_ @formatBorder:Int=1_x000D_ @filenmSetupfile:Str=_x000D_ @filenmWorkbookSetupFile:Str=ND_x000D_ @settngShowMessages:Str=Y_x000D_ @settngDirection:Str=D_x000D_ @settngApplyFormula:Str=Y_x000D_ @settngLock:Str=N_x000D_ @settngOutputHeaders:Int=0_x000D_ @settngOutputCaptions:Int=0_x000D_ @settngOutputTotals:Int=0_x000D_ @settngOutputFiltering:Int=0_x000D_ @settngPivotTable:Int=0_x000D_ @settngTopPercent:Str=_x000D_ @settngReportStyle:Lng=1_x000D_
A11: >>NC_LIST | B11: >'adb | C11: >'[LASATA SETUP FILE]_x000D_ Date=2007-03-19 09:34:21_x000D_ FileType=Agora XLB Data Fill_x000D_ Version=0_x000D_ Buffer=_x000D_ @systemProduct:Str=SS5_x000D_ @systemTable:Str=ND2_x000D_ @filterFrom_DbC:Str='MULTI-CURRANCY'!$C$3{P}1_x000D_ @filterFrom_/ND2/1:Str=$B$29{P}2_x000D_ @filterTo_/ND2/1:Str=$B$29{P}3_x000D_ @outputField_/ND2/Cde{ExtractType}0:Str=_x000D_ @outputField_/ND2/8{ExtractType}0:Str=_x000D_ @outputField_/ND2/6{ExtractType}20:Str=_x000D_ @formatType:Lng=-4154_x000D_ @formatNumber:Int=1_x000D_ @formatPattern:Int=1_x000D_ @formatFont:Int=1_x000D_ @formatWidth:Int=1_x000D_ @formatAlignment:Int=1_x000D_ @formatBorder:Int=1_x000D_ @filenmSetupfile:Str=_x000D_ @filenmWorkbookSetupFile:Str=NC_LIST_x000D_ @settngShowMessages:Str=Y_x000D_ @settngDirection:Str=D_x000D_ @settngApplyFormula:Str=Y_x000D_ @settngLock:Str=N_x000D_ @settngOutputHeaders:Int=0_x000D_ @settngOutputCaptions:Int=1_x000D_ @settngOutputTotals:Int=0_x000D_ @settngOutputFiltering:Int=0_x000D_ @settngPivotTable:Int=0_x000D_ @settngTopPercent:Str=_x000D_ @settngReportStyle:Lng=1_x000D_
A12: >>NC_LIS | B12: >'axb | C12: >'[LASATA SETUP FILE]_x000D_ Date=2007-03-19 09:41:06_x000D_ FileType=Agora XLB MacroBuilder_x000D_ Version=0_x000D_ Buffer=_x000D_ @settngMacroName:Str=NC_LIS_x000D_ @settngMacroButtonCaption:Str=CHECK_T-CODE_x000D_ @settngMacroShortcutKey:Str=_x000D_ @recipeStep_RecalculateRange_31909404976000:Str=P0=C29,P1=,P2=_x000D_ @recipeStep_ClearRange_31909404976001:Str=P0=A31:F407,P1=,P2=_x000D_ @recipeStep_RunDataFill_31909404977000:Str=P0=A31,P1=NC_LIST,P2=_x000D_ @recipeStep_SelectRange_31909404978000:Str=P0=B29,P1=,P2=_x000D_ @filenmSetupfile:Str=_x000D_ @filenmWorkbookSetupFile:Str=NC_LIS_x000D_
... A17: >>JV_LIST22 | B17: >'axb | C17: >'[LASATA SETUP FILE]_x000D_ Date=2007-05-05 21:09:14_x000D_ FileType=Agora XLB MacroBuilder_x000D_ Version=0_x000D_ Buffer=_x000D_ @settngMacroName:Str=JV_LIST22_x000D_ @settngMacroButtonCaption:Str=CHECK_YOUR_JV2_x000D_ @settngMacroShortcutKey:Str=_x000D_ @recipeStep_ClearRange_50521084073000:Str=P0=A18:AB999,P1=,P2=_x000D_ @recipeStep_RunExtractTransactions_50521084078000:Str=P0=A18,P1=JV_LISTING2,P2=_x000D_ @recipeStep_SelectRange_50521084080000:Str=P0=B8,P1=,P2=_x000D_ @filenmSetupfile:Str=_x000D_ @filenmWorkbookSetupFile:Str=JV_LIST22_x000D_

Sheet TOTAL
A1: Site Name | B1: Day | C1: Month | D1: Year | E1: Total Electricity Kwh | F1: Electricity Tariff ($/Kwh) | G1: Natural Gas (m3) | H1: Natural Gas $/m3 | I1: Water Utility Supply (m3) m3 | J1: Water Utility Supply (m3) $/m3 | K1: Room Nights | L1: Total Guests | M1: Utilities day cost dh
A2: Kuala Lumpur | B2: 1 | C2: 11 | D2: 2020 | E2: =Data!V10 -> 25974 | F2: =Data!W10/Data!V10 -> 0.365 | G2: =Data!AE10 -> 139 | H2: =Data!AF10/Data!AE10 -> 1.7285393 | I2: =Data!AH10 -> 231 | J2: =Data!AI10/Data!AH10 -> 2.28 | K2: 0 | L2: 0 | M2: =E2*F2+G2*H2+#REF!*#REF!+I2*J2 -> #REF!
A3: Kuala Lumpur | B3: =B2+1 -> 2 | C3: 11 | D3: 2020 | E3: =Data!V11 -> 26526 | F3: =Data!W11/Data!V11 -> 0.365 | G3: =Data!AE11 -> 161 | H3: =Data!AF11/Data!AE11 -> 1.7285393 | I3: =Data!AH11 -> 271 | J3: =Data!AI11/Data!AH11 -> 2.28 | K3: 0 | L3: 0 | M3: =E3*F3+G3*H3+#REF!*#REF!+I3*J3 -> #REF!
A4: Kuala Lumpur | B4: =B3+1 -> 3 | C4: 11 | D4: 2020 | E4: =Data!V12 -> 27739 | F4: =Data!W12/Data!V12 -> 0.365 | G4: =Data!AE12 -> 159 | H4: =Data!AF12/Data!AE12 -> 1.7285393 | I4: =Data!AH12 -> 170 | J4: =Data!AI12/Data!AH12 -> 2.28 | K4: 0 | L4: 0 | M4: =E4*F4+G4*H4+#REF!*#REF!+I4*J4 -> #REF!
A5: Kuala Lumpur | B5: =B4+1 -> 4 | C5: 11 | D5: 2020 | E5: =Data!V13 -> 26740 | F5: =Data!W13/Data!V13 -> 0.365 | G5: =Data!AE13 -> 164 | H5: =Data!AF13/Data!AE13 -> 1.7285393 | I5: =Data!AH13 -> 254 | J5: =Data!AI13/Data!AH13 -> 2.28 | K5: 0 | L5: 0 | M5: =E5*F5+G5*H5+#REF!*#REF!+I5*J5 -> #REF!
A6: Kuala Lumpur | B6: =B5+1 -> 5 | C6: 11 | D6: 2020 | E6: =Data!V14 -> 27533 | F6: =Data!W14/Data!V14 -> 0.365 | G6: =Data!AE14 -> 166 | H6: =Data!AF14/Data!AE14 -> 1.7285393 | I6: =Data!AH14 -> 362 | J6: =Data!AI14/Data!AH14 -> 2.28 | K6: 0 | L6: 0 | M6: =E6*F6+G6*H6+#REF!*#REF!+I6*J6 -> #REF!
A7: Kuala Lumpur | B7: =B6+1 -> 6 | C7: 11 | D7: 2020 | E7: =Data!V15 -> 27932 | F7: =Data!W15/Data!V15 -> 0.365 | G7: =Data!AE15 -> 196 | H7: =Data!AF15/Data!AE15 -> 1.7285393 | I7: =Data!AH15 -> 412 | J7: =Data!AI15/Data!AH15 -> 2.28 | K7: 0 | L7: 0 | M7: =E7*F7+G7*H7+#REF!*#REF!+I7*J7 -> #REF!
A8: Kuala Lumpur | B8: =B7+1 -> 7 | C8: 11 | D8: 2020 | E8: =Data!V16 -> 26466 | F8: =Data!W16/Data!V16 -> 0.365 | G8: =Data!AE16 -> 198 | H8: =Data!AF16/Data!AE16 -> 1.7285393 | I8: =Data!AH16 -> 330 | J8: =Data!AI16/Data!AH16 -> 2.28 | K8: 0 | L8: 0 | M8: =E8*F8+G8*H8+#REF!*#REF!+I8*J8 -> #REF!
A9: Kuala Lumpur | B9: =B8+1 -> 8 | C9: 11 | D9: 2020 | E9: =Data!V17 -> 27144 | F9: =Data!W17/Data!V17 -> 0.365 | G9: =Data!AE17 -> 444 | H9: =Data!AF17/Data!AE17 -> 1.7285393 | I9: =Data!AH17 -> 395 | J9: =Data!AI17/Data!AH17 -> 2.28 | K9: 0 | L9: 0 | M9: =E9*F9+G9*H9+#REF!*#REF!+I9*J9 -> #REF!
A10: Kuala Lumpur | B10: =B9+1 -> 9 | C10: 11 | D10: 2020 | E10: =Data!V18 -> -6831293 | F10: =Data!W18/Data!V18 -> 0.365 | G10: =Data!AE18 -> -211317 | H10: =Data!AF18/Data!AE18 -> 1.7285393 | I10: =Data!AH18 -> -268301 | J10: =Data!AI18/Data!AH18 -> 2.28 | K10: 0 | L10: 0 | M10: =E10*F10+G10*H10+#REF!*#REF!+I10*J10 -> #REF!
A11: Kuala Lumpur | B11: =B10+1 -> 10 | C11: 11 | D11: 2020 | E11: =Data!V19 -> 0 | F11: =Data!W19/Data!V19 -> #DIV/0! | G11: =Data!AE19 -> 0 | H11: =Data!AF19/Data!AE19 -> #DIV/0! | I11: =Data!AH19 -> 0 | J11: =Data!AI19/Data!AH19 -> #DIV/0! | K11: 0 | L11: 0 | M11: =E11*F11+G11*H11+#REF!*#REF!+I11*J11 -> #DIV/0!
A12: Kuala Lumpur | B12: =B11+1 -> 11 | C12: 11 | D12: 2020 | E12: =Data!V20 -> 0 | F12: =Data!W20/Data!V20 -> #DIV/0! | G12: =Data!AE20 -> 0 | H12: =Data!AF20/Data!AE20 -> #DIV/0! | I12: =Data!AH20 -> 0 | J12: =Data!AI20/Data!AH20 -> #DIV/0! | K12: 0 | L12: 0 | M12: =E12*F12+G12*H12+#REF!*#REF!+I12*J12 -> #DIV/0!
A13: Kuala Lumpur | B13: =B12+1 -> 12 | C13: 11 | D13: 2020 | E13: =Data!V21 -> 0 | F13: =Data!W21/Data!V21 -> #DIV/0! | G13: =Data!AE21 -> 0 | H13: =Data!AF21/Data!AE21 -> #DIV/0! | I13: =Data!AH21 -> 0 | J13: =Data!AI21/Data!AH21 -> #DIV/0! | K13: 0 | L13: 0 | M13: =E13*F13+G13*H13+#REF!*#REF!+I13*J13 -> #DIV/0!
A14: Kuala Lumpur | B14: =B13+1 -> 13 | C14: 11 | D14: 2020 | E14: =Data!V22 -> 0 | F14: =Data!W22/Data!V22 -> #DIV/0! | G14: =Data!AE22 -> 0 | H14: =Data!AF22/Data!AE22 -> #DIV/0! | I14: =Data!AH22 -> 0 | J14: =Data!AI22/Data!AH22 -> #DIV/0! | K14: 0 | L14: 0 | M14: =E14*F14+G14*H14+#REF!*#REF!+I14*J14 -> #DIV/0!
... A31: Kuala Lumpur | B31: =B30+1 -> 30 | C31: 11 | D31: 2020 | E31: =Data!V39 -> 0 | F31: =Data!W39/Data!V39 -> #DIV/0! | G31: =Data!AE39 -> 0 | H31: =Data!AF39/Data!AE39 -> #DIV/0! | I31: =Data!AH39 -> 0 | J31: =Data!AI39/Data!AH39 -> #DIV/0! | K31: 0 | L31: 0 | M31: =E31*F31+G31*H31+#REF!*#REF!+I31*J31 -> #DIV/0!

Sheet Data
A4: Four Seasons Hotel KL Energy Statistics
A5: 44165
A7: Date | B7: ELEC TX1 LBS-1 (Guest Rooms) | G7: ELEC TX2-2 (Public Area) | L7: Chiller TX3 LBS - 3 (Main Chillers) | Q7: Chiller TX4 LBS - 4 (Main Chillers) | V7: Electrical Consumption (kwh) - C1 | W7: Total C1 Electrical Cost (MYR) | X7: Total MD Cost (MYR) | Y7: 6B Floor | AA7: 6A Floor | AC7: 5B Floor | AE7: GAS CONSUMPTION (m3) | AF7: Gas Cost (MYR) | AG7: Water M3 | AI7: Water cost (MYR) | AJ7: Taken By Venus Assets | AK7: Witness By Four Seasons Hotel
B8: Current day reading - C1 | C8: MD | D8: Max Demand MYR/kWh | E8: Day Consumption - C1 | F8: Total MYR/kWh | G8: Current day reading - C1 | H8: MD | I8: Max Demand MYR/kWh | J8: Day Consumption - C1 | K8: Total MYR/kWh | L8: Current day reading - C1 | M8: MD | N8: Max Demand MYR/kWh | O8: Day Consumption - C1 | P8: Total MYR/kWh | Q8: Current day reading - C1 | R8: MD | S8: Max Demand MYR/kWh | T8: Day Consumption - C1 | U8: Total MYR/kWh | Y8: Current day reading | Z8: Day Consumption | AA8: Current day reading | AB8: Day Consumption | AC8: Current day reading | AD8: Day Consumption | AG8: Current day reading | AH8: WATER CONSUMPTION (m3)
D9: 30.3 | F9: 0.365 | I9: 30.3 | K9: 0.365 | N9: 30.3 | P9: 0.365 | S9: 30.3 | U9: 0.365
A10: 1 | B10: 2503323 | C10: 476.4 | D10: =C18*D9 -> 15643.89 | E10: =B11-B10 -> 10291 | F10: =E10*F9 -> 3756.215 | G10: 1529907 | H10: 382.4 | I10: =H18*I9 -> 11783.67 | J10: =G11-G10 -> 5922 | K10: =J10*K9 -> 2161.53 | L10: 653521 | M10: 317.1 | N10: =M18*N9 -> 9608.13 | O10: =L11-L10 -> 2239 | P10: =O10*P9 -> 817.235 | Q10: 1928488 | R10: 395.4 | S10: =R18*S9 -> 12056.37 | T10: =Q11-Q10 -> 7522 | U10: =T10*U9 -> 2745.53 | V10: =E10+J10+O10+T10 -> 25974 | W10: =U10+P10+K10+F10 -> 9480.51 | X10: =S10+N10+I10+D10 -> 49092.06 | Y10: 78533 | Z10: =Y11-Y10 -> 48 | AA10: 13008 | AB10: =AA11-AA10 -> 0 | AC10: 118149 | AD10: =AC11-AC10 -> 91 | AE10: =Z10+AB10+AD10 -> 139 | AF10: =(AE10/22.25)*38.46 -> 240.26697 | AG10: 265876 | AH10: =AG11-AG10 -> 231 | AI10: =AH10*2.28 -> 526.68
A11: 2 | B11: 2513614 | C11: 476.4 | E11: =B12-B11 -> 9958 | F11: =E11*F9 -> 3634.67 | G11: 1535829 | H11: 382.4 | J11: =G12-G11 -> 5995 | K11: =J11*K9 -> 2188.175 | L11: 655760 | M11: 317.1 | O11: =L12-L11 -> 3456 | P11: =O11*P9 -> 1261.44 | Q11: 1936010 | R11: 395.4 | T11: =Q12-Q11 -> 7117 | U11: =T11*U9 -> 2597.705 | V11: =E11+J11+O11+T11 -> 26526 | W11: =U11+P11+K11+F11 -> 9681.99 | Y11: 78581 | Z11: =Y12-Y11 -> 74 | AA11: 13008 | AB11: =AA12-AA11 -> 0 | AC11: 118240 | AD11: =AC12-AC11 -> 87 | AE11: =Z11+AB11+AD11 -> 161 | AF11: =(AE11/22.25)*38.46 -> 278.29483 | AG11: 266107 | AH11: =AG12-AG11 -> 271 | AI11: =AH11*2.28 -> 617.88
A12: 3 | B12: 2523572 | C12: 476.4 | E12: =B13-B12 -> 10242 | F12: =E12*F9 -> 3738.33 | G12: 1541824 | H12: 382.4 | J12: =G13-G12 -> 6263 | K12: =J12*K9 -> 2285.995 | L12: 659216 | M12: 317.1 | O12: =L13-L12 -> 3902 | P12: =O12*P9 -> 1424.23 | Q12: 1943127 | R12: 395.4 | T12: =Q13-Q12 -> 7332 | U12: =T12*U9 -> 2676.18 | V12: =E12+J12+O12+T12 -> 27739 | W12: =U12+P12+K12+F12 -> 10124.735 | Y12: 78655 | Z12: =Y13-Y12 -> 84 | AA12: 13008 | AB12: =AA13-AA12 -> 0 | AC12: 118327 | AD12: =AC13-AC12 -> 75 | AE12: =Z12+AB12+AD12 -> 159 | AF12: =(AE12/22.25)*38.46 -> 274.83775 | AG12: 266378 | AH12: =AG13-AG12 -> 170 | AI12: =AH12*2.28 -> 387.6
A13: 4 | B13: 2533814 | C13: 476.4 | E13: =B14-B13 -> 10095 | F13: =E13*F9 -> 3684.675 | G13: 1548087 | H13: 382.4 | J13: =G14-G13 -> 6027 | K13: =J13*K9 -> 2199.855 | L13: 663118 | M13: 317.1 | O13: =L14-L13 -> 3491 | P13: =O13*P9 -> 1274.215 | Q13: 1950459 | R13: 395.4 | T13: =Q14-Q13 -> 7127 | U13: =T13*U9 -> 2601.355 | V13: =E13+J13+O13+T13 -> 26740 | W13: =U13+P13+K13+F13 -> 9760.1 | Y13: 78739 | Z13: =Y14-Y13 -> 74 | AA13: 13008 | AB13: =AA14-AA13 -> 0 | AC13: 118402 | AD13: =AC14-AC13 -> 90 | AE13: =Z13+AB13+AD13 -> 164 | AF13: =(AE13/22.25)*38.46 -> 283.48045 | AG13: 266548 | AH13: =AG14-AG13 -> 254 | AI13: =AH13*2.28 -> 579.12
A14: 5 | B14: 2543909 | C14: 490.5 | E14: =B15-B14 -> 10429 | F14: =E14*F9 -> 3806.585 | G14: 1554114 | H14: 382.4 | J14: =G15-G14 -> 6324 | K14: =J14*K9 -> 2308.26 | L14: 666609 | M14: 317.1 | O14: =L15-L14 -> 3548 | P14: =O14*P9 -> 1295.02 | Q14: 1957586 | R14: 395.4 | T14: =Q15-Q14 -> 7232 | U14: =T14*U9 -> 2639.68 | V14: =E14+J14+O14+T14 -> 27533 | W14: =U14+P14+K14+F14 -> 10049.545 | Y14: 78813 | Z14: =SUM(Y15-Y14) -> 81 | AA14: 13008 | AB14: =AA15-AA14 -> 0 | AC14: 118492 | AD14: =AC15-AC14 -> 85 | AE14: =Z14+AB14+AD14 -> 166 | AF14: =(AE14/22.25)*38.46 -> 286.93753 | AG14: 266802 | AH14: =AG15-AG14 -> 362 | AI14: =AH14*2.28 -> 825.36
A15: 6 | B15: 2554338 | C15: 490.5 | E15: =B16-B15 -> 10637 | F15: =E15*F9 -> 3882.505 | G15: 1560438 | H15: 388.9 | J15: =G16-G15 -> 6229 | K15: =J15*K9 -> 2273.585 | L15: 670157 | M15: 317.1 | O15: =L16-L15 -> 3660 | P15: =O15*P9 -> 1335.9 | Q15: 1964818 | R15: 395.4 | T15: =Q16-Q15 -> 7406 | U15: =T15*U9 -> 2703.19 | V15: =E15+J15+O15+T15 -> 27932 | W15: =U15+P15+K15+F15 -> 10195.18 | Y15: 78894 | Z15: =SUM(Y16-Y15) -> 83 | AA15: 13008 | AB15: =AA16-AA15 -> 0 | AC15: 118577 | AD15: =AC16-AC15 -> 113 | AE15: =Z15+AB15+AD15 -> 196 | AF15: =(AE15/22.25)*38.46 -> 338.79371 | AG15: 267164 | AH15: =AG16-AG15 -> 412 | AI15: =AH15*2.28 -> 939.36
A16: 7 | B16: 2564975 | C16: 504.8 | E16: =B17-B16 -> 10355 | F16: =E16*F9 -> 3779.575 | G16: 1566667 | H16: 388.9 | J16: =G17-G16 -> 5977 | K16: =J16*K9 -> 2181.605 | L16: 673817 | M16: 317.1 | O16: =L17-L16 -> 3068 | P16: =O16*P9 -> 1119.82 | Q16: 1972224 | R16: 397.9 | T16: =Q17-Q16 -> 7066 | U16: =T16*U9 -> 2579.09 | V16: =E16+J16+O16+T16 -> 26466 | W16: =U16+P16+K16+F16 -> 9660.09 | Y16: 78977 | Z16: =SUM(Y17-Y16) -> 73 | AA16: 13008 | AB16: =AA17-AA16 -> 0 | AC16: 118690 | AD16: =AC17-AC16 -> 125 | AE16: =Z16+AB16+AD16 -> 198 | AF16: =(AE16/22.25)*38.46 -> 342.25079 | AG16: 267576 | AH16: =AG17-AG16 -> 330 | AI16: =AH16*2.28 -> 752.4
A17: 8 | B17: 2575330 | C17: 516.3 | E17: =B18-B17 -> 10596 | F17: =E17*F9 -> 3867.54 | G17: 1572644 | H17: 388.9 | J17: =G18-G17 -> 6061 | K17: =J17*K9 -> 2212.265 | L17: 676885 | M17: 317.1 | O17: =L18-L17 -> 3188 | P17: =O17*P9 -> 1163.62 | Q17: 1979290 | R17: 397.9 | T17: =Q18-Q17 -> 7299 | U17: =T17*U9 -> 2664.135 | V17: =E17+J17+O17+T17 -> 27144 | W17: =U17+P17+K17+F17 -> 9907.56 | Y17: 79050 | Z17: =SUM(Y18-Y17) -> 73 | AA17: 13008 | AB17: =AA18-AA17 -> 300 | AC17: 118815 | AD17: =AC18-AC17 -> 71 | AE17: =Z17+AB17+AD17 -> 444 | AF17: =(AE17/22.25)*38.46 -> 767.47146 | AG17: 267906 | AH17: =AG18-AG17 -> 395 | AI17: =AH17*2.28 -> 900.6
A18: 9 | B18: 2585926 | C18: 516.3 | E18: =B19-B18 -> -2585926 | F18: =E18*F9 -> -943862.99 | G18: 1578705 | H18: 388.9 | J18: =G19-G18 -> -1578705 | K18: =J18*K9 -> -576227.32 | L18: 680073 | M18: 317.1 | O18: =L19-L18 -> -680073 | P18: =O18*P9 -> -248226.64 | Q18: 1986589 | R18: 397.9 | T18: =Q19-Q18 -> -1986589 | U18: =T18*U9 -> -725104.98 | V18: =E18+J18+O18+T18 -> -6831293 | W18: =U18+P18+K18+F18 -> -2493421.9 | Y18: 79123 | Z18: =SUM(Y19-Y18) -> -79123 | AA18: 13308 | AB18: =AA19-AA18 -> -13308 | AC18: 118886 | AD18: =AC19-AC18 -> -118886 | AE18: =Z18+AB18+AD18 -> -211317 | AF18: =(AE18/22.25)*38.46 -> -365269.74 | AG18: 268301 | AH18: =AG19-AG18 -> -268301 | AI18: =AH18*2.28 -> -611726.28
A19: 10 | E19: =B20-B19 -> 0 | F19: =E19*F9 -> 0 | J19: =G20-G19 -> 0 | K19: =J19*K9 -> 0 | O19: =L20-L19 -> 0 | P19: =O19*P9 -> 0 | T19: =Q20-Q19 -> 0 | U19: =T19*U9 -> 0 | V19: =E19+J19+O19+T19 -> 0 | W19: =U19+P19+K19+F19 -> 0 | Z19: =SUM(Y20-Y19) -> 0 | AB19: =AA20-AA19 -> 0 | AD19: =AC20-AC19 -> 0 | AE19: =Z19+AB19+AD19 -> 0 | AF19: =(AE19/22.25)*38.46 -> 0 | AH19: =AG20-AG19 -> 0 | AI19: =AH19*2.28 -> 0
A20: 11 | E20: =B21-B20 -> 0 | F20: =E20*F9 -> 0 | J20: =G21-G20 -> 0 | K20: =J20*K9 -> 0 | O20: =L21-L20 -> 0 | P20: =O20*P9 -> 0 | T20: =Q21-Q20 -> 0 | U20: =T20*U9 -> 0 | V20: =E20+J20+O20+T20 -> 0 | W20: =U20+P20+K20+F20 -> 0 | Z20: =SUM(Y21-Y20) -> 0 | AB20: =AA21-AA20 -> 0 | AD20: =AC21-AC20 -> 0 | AE20: =Z20+AB20+AD20 -> 0 | AF20: =(AE20/22.25)*38.46 -> 0 | AH20: =AG21-AG20 -> 0 | AI20: =AH20*2.28 -> 0
A21: 12 | E21: =B22-B21 -> 0 | F21: =E21*F9 -> 0 | J21: =G22-G21 -> 0 | K21: =J21*K9 -> 0 | O21: =L22-L21 -> 0 | P21: =O21*P9 -> 0 | T21: =Q22-Q21 -> 0 | U21: =T21*U9 -> 0 | V21: =E21+J21+O21+T21 -> 0 | W21: =U21+P21+K21+F21 -> 0 | Z21: =SUM(Y22-Y21) -> 0 | AB21: =AA22-AA21 -> 0 | AD21: =AC22-AC21 -> 0 | AE21: =Z21+AB21+AD21 -> 0 | AF21: =(AE21/22.25)*38.46 -> 0 | AH21: =AG22-AG21 -> 0 | AI21: =AH21*2.28 -> 0
A22: 13 | E22: =B23-B22 -> 0 | F22: =E22*F9 -> 0 | J22: =G23-G22 -> 0 | K22: =J22*K9 -> 0 | O22: =L23-L22 -> 0 | P22: =O22*P9 -> 0 | T22: =Q23-Q22 -> 0 | U22: =T22*U9 -> 0 | V22: =E22+J22+O22+T22 -> 0 | W22: =U22+P22+K22+F22 -> 0 | Z22: =SUM(Y23-Y22) -> 0 | AB22: =AA23-AA22 -> 0 | AD22: =AC23-AC22 -> 0 | AE22: =Z22+AB22+AD22 -> 0 | AF22: =(AE22/22.25)*38.46 -> 0 | AH22: =AG23-AG22 -> 0 | AI22: =AH22*2.28 -> 0
A23: 14 | E23: =B24-B23 -> 0 | F23: =E23*F9 -> 0 | J23: =G24-G23 -> 0 | K23: =J23*K9 -> 0 | O23: =L24-L23 -> 0 | P23: =O23*P9 -> 0 | T23: =Q24-Q23 -> 0 | U23: =T23*U9 -> 0 | V23: =E23+J23+O23+T23 -> 0 | W23: =U23+P23+K23+F23 -> 0 | Z23: =SUM(Y24-Y23) -> 0 | AB23: =AA24-AA23 -> 0 | AD23: =AC24-AC23 -> 0 | AE23: =Z23+AB23+AD23 -> 0 | AF23: =(AE23/22.25)*38.46 -> 0 | AH23: =AG24-AG23 -> 0 | AI23: =AH23*2.28 -> 0
A24: 15 | E24: =B25-B24 -> 0 | F24: =E24*F9 -> 0 | J24: =G25-G24 -> 0 | K24: =J24*K9 -> 0 | O24: =L25-L24 -> 0 | P24: =O24*P9 -> 0 | T24: =Q25-Q24 -> 0 | U24: =T24*U9 -> 0 | V24: =E24+J24+O24+T24 -> 0 | W24: =U24+P24+K24+F24 -> 0 | Z24: =SUM(Y25-Y24) -> 0 | AB24: =AA25-AA24 -> 0 | AD24: =AC25-AC24 -> 0 | AE24: =Z24+AB24+AD24 -> 0 | AF24: =(AE24/22.25)*38.46 -> 0 | AH24: =AG25-AG24 -> 0 | AI24: =AH24*2.28 -> 0
A25: 16 | E25: =B26-B25 -> 0 | F25: =E25*F9 -> 0 | J25: =G26-G25 -> 0 | K25: =J25*K9 -> 0 | O25: =L26-L25 -> 0 | P25: =O25*P9 -> 0 | T25: =Q26-Q25 -> 0 | U25: =T25*U9 -> 0 | V25: =E25+J25+O25+T25 -> 0 | W25: =U25+P25+K25+F25 -> 0 | Z25: =SUM(Y26-Y25) -> 0 | AB25: =AA26-AA25 -> 0 | AD25: =AC26-AC25 -> 0 | AE25: =Z25+AB25+AD25 -> 0 | AF25: =(AE25/22.25)*38.46 -> 0 | AH25: =AG26-AG25 -> 0 | AI25: =AH25*2.28 -> 0
A26: 17 | E26: =B27-B26 -> 0 | F26: =E26*F9 -> 0 | J26: =G27-G26 -> 0 | K26: =J26*K9 -> 0 | O26: =L27-L26 -> 0 | P26: =O26*P9 -> 0 | T26: =Q27-Q26 -> 0 | U26: =T26*U9 -> 0 | V26: =E26+J26+O26+T26 -> 0 | W26: =U26+P26+K26+F26 -> 0 | Z26: =SUM(Y27-Y26) -> 0 | AB26: =AA27-AA26 -> 0 | AD26: =AC27-AC26 -> 0 | AE26: =Z26+AB26+AD26 -> 0 | AF26: =(AE26/22.25)*38.46 -> 0 | AH26: =AG27-AG26 -> 0 | AI26: =AH26*2.28 -> 0
A27: 18 | E27: =B28-B27 -> 0 | F27: =E27*F9 -> 0 | J27: =G28-G27 -> 0 | K27: =J27*K9 -> 0 | O27: =L28-L27 -> 0 | P27: =O27*P9 -> 0 | T27: =Q28-Q27 -> 0 | U27: =T27*U9 -> 0 | V27: =E27+J27+O27+T27 -> 0 | W27: =U27+P27+K27+F27 -> 0 | Z27: =SUM(Y28-Y27) -> 0 | AB27: =AA28-AA27 -> 0 | AD27: =AC28-AC27 -> 0 | AE27: =Z27+AB27+AD27 -> 0 | AF27: =(AE27/22.25)*38.46 -> 0 | AH27: =AG28-AG27 -> 0 | AI27: =AH27*2.28 -> 0
A28: 19 | E28: =B29-B28 -> 0 | F28: =E28*F9 -> 0 | J28: =G29-G28 -> 0 | K28: =J28*K9 -> 0 | O28: =L29-L28 -> 0 | P28: =O28*P9 -> 0 | T28: =Q29-Q28 -> 0 | U28: =T28*U9 -> 0 | V28: =E28+J28+O28+T28 -> 0 | W28: =U28+P28+K28+F28 -> 0 | Z28: =SUM(Y29-Y28) -> 0 | AB28: =AA29-AA28 -> 0 | AD28: =AC29-AC28 -> 0 | AE28: =Z28+AB28+AD28 -> 0 | AF28: =(AE28/22.25)*38.46 -> 0 | AH28: =AG29-AG28 -> 0 | AI28: =AH28*2.28 -> 0
A29: 20 | E29: =B30-B29 -> 0 | F29: =E29*F9 -> 0 | J29: =G30-G29 -> 0 | K29: =J29*K9 -> 0 | O29: =L30-L29 -> 0 | P29: =O29*P9 -> 0 | T29: =Q30-Q29 -> 0 | U29: =T29*U9 -> 0 | V29: =E29+J29+O29+T29 -> 0 | W29: =U29+P29+K29+F29 -> 0 | Z29: =SUM(Y30-Y29) -> 0 | AB29: =AA30-AA29 -> 0 | AD29: =AC30-AC29 -> 0 | AE29: =Z29+AB29+AD29 -> 0 | AF29: =(AE29/22.25)*38.46 -> 0 | AH29: =AG30-AG29 -> 0 | AI29: =AH29*2.28 -> 0
A30: 21 | E30: =B31-B30 -> 0 | F30: =E30*F9 -> 0 | J30: =G31-G30 -> 0 | K30: =J30*K9 -> 0 | O30: =L31-L30 -> 0 | P30: =O30*P9 -> 0 | T30: =Q31-Q30 -> 0 | U30: =T30*U9 -> 0 | V30: =E30+J30+O30+T30 -> 0 | W30: =U30+P30+K30+F30 -> 0 | Z30: =SUM(Y31-Y30) -> 0 | AB30: =AA31-AA30 -> 0 | AD30: =AC31-AC30 -> 0 | AE30: =Z30+AB30+AD30 -> 0 | AF30: =(AE30/22.25)*38.46 -> 0 | AH30: =AG31-AG30 -> 0 | AI30: =AH30*2.28 -> 0
A31: 22 | E31: =B32-B31 -> 0 | F31: =E31*F9 -> 0 | J31: =G32-G31 -> 0 | K31: =J31*K9 -> 0 | O31: =L32-L31 -> 0 | P31: =O31*P9 -> 0 | T31: =Q32-Q31 -> 0 | U31: =T31*U9 -> 0 | V31: =E31+J31+O31+T31 -> 0 | W31: =U31+P31+K31+F31 -> 0 | Z31: =SUM(Y32-Y31) -> 0 | AB31: =AA32-AA31 -> 0 | AD31: =AC32-AC31 -> 0 | AE31: =Z31+AB31+AD31 -> 0 | AF31: =(AE31/22.25)*38.46 -> 0 | AH31: =AG32-AG31 -> 0 | AI31: =AH31*2.28 -> 0
A32: 23 | E32: =B33-B32 -> 0 | F32: =E32*F9 -> 0 | J32: =G33-G32 -> 0 | K32: =J32*K9 -> 0 | O32: =L33-L32 -> 0 | P32: =O32*P9 -> 0 | T32: =Q33-Q32 -> 0 | U32: =T32*U9 -> 0 | V32: =E32+J32+O32+T32 -> 0 | W32: =U32+P32+K32+F32 -> 0 | Z32: =SUM(Y33-Y32) -> 0 | AB32: =AA33-AA32 -> 0 | AD32: =AC33-AC32 -> 0 | AE32: =Z32+AB32+AD32 -> 0 | AF32: =(AE32/22.25)*38.46 -> 0 | AH32: =AG33-AG32 -> 0 | AI32: =AH32*2.28 -> 0
A33: 24 | E33: =B34-B33 -> 0 | F33: =E33*F9 -> 0 | J33: =G34-G33 -> 0 | K33: =J33*K9 -> 0 | O33: =L34-L33 -> 0 | P33: =O33*P9 -> 0 | T33: =Q34-Q33 -> 0 | U33: =T33*U9 -> 0 | V33: =E33+J33+O33+T33 -> 0 | W33: =U33+P33+K33+F33 -> 0 | Z33: =SUM(Y34-Y33) -> 0 | AB33: =AA34-AA33 -> 0 | AD33: =AC34-AC33 -> 0 | AE33: =Z33+AB33+AD33 -> 0 | AF33: =(AE33/22.25)*38.46 -> 0 | AH33: =AG34-AG33 -> 0 | AI33: =AH33*2.28 -> 0
A34: 25 | E34: =B35-B34 -> 0 | F34: =E34*F9 -> 0 | J34: =G35-G34 -> 0 | K34: =J34*K9 -> 0 | O34: =L35-L34 -> 0 | P34: =O34*P9 -> 0 | T34: =Q35-Q34 -> 0 | U34: =T34*U9 -> 0 | V34: =E34+J34+O34+T34 -> 0 | W34: =U34+P34+K34+F34 -> 0 | Z34: =SUM(Y35-Y34) -> 0 | AB34: =AA35-AA34 -> 0 | AD34: =AC35-AC34 -> 0 | AE34: =Z34+AB34+AD34 -> 0 | AF34: =(AE34/22.25)*38.46 -> 0 | AH34: =AG35-AG34 -> 0 | AI34: =AH34*2.28 -> 0
A35: 26 | E35: =B36-B35 -> 0 | F35: =E35*F9 -> 0 | J35: =G36-G35 -> 0 | K35: =J35*K9 -> 0 | O35: =L36-L35 -> 0 | P35: =O35*P9 -> 0 | T35: =Q36-Q35 -> 0 | U35: =T35*U9 -> 0 | V35: =E35+J35+O35+T35 -> 0 | W35: =U35+P35+K35+F35 -> 0 | Z35: =SUM(Y36-Y35) -> 0 | AB35: =AA36-AA35 -> 0 | AD35: =AC36-AC35 -> 0 | AE35: =Z35+AB35+AD35 -> 0 | AF35: =(AE35/22.25)*38.46 -> 0 | AH35: =AG36-AG35 -> 0 | AI35: =AH35*2.28 -> 0
A36: 27 | E36: =B37-B36 -> 0 | F36: =E36*F9 -> 0 | J36: =G37-G36 -> 0 | K36: =J36*K9 -> 0 | O36: =L37-L36 -> 0 | P36: =O36*P9 -> 0 | T36: =Q37-Q36 -> 0 | U36: =T36*U9 -> 0 | V36: =E36+J36+O36+T36 -> 0 | W36: =U36+P36+K36+F36 -> 0 | Z36: =SUM(Y37-Y36) -> 0 | AB36: =AA37-AA36 -> 0 | AD36: =AC37-AC36 -> 0 | AE36: =Z36+AB36+AD36 -> 0 | AF36: =(AE36/22.25)*38.46 -> 0 | AH36: =AG37-AG36 -> 0 | AI36: =AH36*2.28 -> 0
A37: 28 | E37: =B38-B37 -> 0 | F37: =E37*F9 -> 0 | J37: =G38-G37 -> 0 | K37: =J37*K9 -> 0 | O37: =L38-L37 -> 0 | P37: =O37*P9 -> 0 | T37: =Q38-Q37 -> 0 | U37: =T37*U9 -> 0 | V37: =E37+J37+O37+T37 -> 0 | W37: =U37+P37+K37+F37 -> 0 | Z37: =SUM(Y38-Y37) -> 0 | AB37: =AA38-AA37 -> 0 | AD37: =AC38-AC37 -> 0 | AE37: =Z37+AB37+AD37 -> 0 | AF37: =(AE37/22.25)*38.46 -> 0 | AH37: =AG38-AG37 -> 0 | AI37: =AH37*2.28 -> 0
A38: 29 | E38: =B39-B38 -> 0 | F38: =E38*F9 -> 0 | J38: =G39-G38 -> 0 | K38: =J38*K9 -> 0 | O38: =L39-L38 -> 0 | P38: =O38*P9 -> 0 | T38: =Q39-Q38 -> 0 | U38: =T38*U9 -> 0 | V38: =E38+J38+O38+T38 -> 0 | W38: =U38+P38+K38+F38 -> 0 | Z38: =SUM(Y39-Y38) -> 0 | AB38: =AA39-AA38 -> 0 | AD38: =AC39-AC38 -> 0 | AE38: =Z38+AB38+AD38 -> 0 | AF38: =(AE38/22.25)*38.46 -> 0 | AH38: =AG39-AG38 -> 0 | AI38: =AH38*2.28 -> 0
A39: 30 | E39: =B40-B39 -> 0 | F39: =E39*F9 -> 0 | J39: =SUM(G40-G39) -> 0 | K39: =J39*K9 -> 0 | O39: =SUM(L40-L39) -> 0 | P39: =O39*P9 -> 0 | T39: =SUM(Q40-Q39) -> 0 | U39: =T39*U9 -> 0 | V39: =E39+J39+O39+T39 -> 0 | W39: =U39+P39+K39+F39 -> 0 | Z39: =SUM(Y40-Y39) -> 0 | AB39: =AA40-AA39 -> 0 | AD39: =SUM(AC40-AC39) -> 0 | AE39: =Z39+AB39+AD39 -> 0 | AF39: =(AE39/22.25)*38.46 -> 0 | AH39: =SUM(AG40-AG39) -> 0 | AI39: =AH39*2.28 -> 0
A40: 1 | E40: =B41-B40 -> 0 | F40: =E40*F9 -> 0 | J40: =SUM(G41-G40) -> 0 | K40: =J40*K9 -> 0 | O40: =SUM(L41-L40) -> 0 | P40: =O40*P9 -> 0 | T40: =SUM(Q41-Q40) -> 0 | U40: =T40*U9 -> 0 | V40: =E40+J40+O40+T40 -> 0 | W40: =U40+P40+K40+F40 -> 0 | Z40: =SUM(Y41-Y40) -> 0 | AB40: =AA41-AA40 -> 0 | AD40: =SUM(AC41-AC40) -> 0 | AE40: =Z40+AB40+AD40 -> 0 | AF40: =(AE40/22.25)*38.46 -> 0 | AH40: =SUM(AG41-AG40) -> 0 | AI40: =AH40*2.28 -> 0
A42: Total | E42: =SUM(E10:E40) -> -2503323 | F42: =SUM(F10:F40) -> -913712.9 | J42: =SUM(J10:J40) -> -1529907 | K42: =SUM(K10:K40) -> -558416.05 | O42: =SUM(O10:O40) -> -653521 | P42: =SUM(P10:P40) -> -238535.16 | T42: =SUM(T10:T40) -> -1928488 | U42: =SUM(U10:U40) -> -703898.12 | V42: =SUM(V10:V40) -> -6615239 | W42: =SUM(W10:W40) -> -2414562.2 | X42: =X10 -> 49092.06 | Z42: =SUM(Z10:Z40) -> -78533 | AB42: =SUM(AB10:AB40) -> -13008 | AD42: =SUM(AD10:AD40) -> -118149 | AE42: =SUM(AE10:AE40) -> -209690 | AF42: =SUM(AF10:AF40) -> -362457.41 | AH42: =SUM(AH10:AH40) -> -265876 | AI42: =SUM(AI10:AI40) -> -606197.28
A44: Note : Maximum demand measure based on highest consumption in a month

Sheet Pool
A1: Four Seasons Hotel KL Energy Statistics
A2: 43920
A4: Date | B4: POOL DAILY WATER READING CONSUMPTION (SWIMMING POOL)
B5: Previous Reading | C5: Water Consumption
A7: 1 | B7: 16346 | C7: =B8-B7 -> 199
A8: 2 | B8: 16545 | C8: =B9-B8 -> 198
A9: 3 | B9: 16743 | C9: =B10-B9 -> 240
A10: 4 | B10: 16983 | C10: =B11-B10 -> 203
A11: 5 | B11: 17186 | C11: =B12-B11 -> 230
A12: 6 | B12: 17416 | C12: =B13-B12 -> 234
A13: 7 | B13: 17650 | C13: =B14-B13 -> 112
A14: 8 | B14: 17762 | C14: =B15-B14 -> 197
A15: 9 | B15: 17959 | C15: =B16-B15 -> 181
A16: 10 | B16: 18140 | C16: =B17-B16 -> 256
A17: 11 | B17: 18396 | C17: =B18-B17 -> 113
A18: 12 | B18: 18509 | C18: =B19-B18 -> 214
... A32: 26 | B32: 19391 | C32: =B33-B32 -> -19391
A33: 27 | C33: =#REF!-B33 -> #REF!
A34: 28 | C34: =#REF!-B34 -> #REF!
A35: 29 | C35: =#REF!-B35 -> #REF!
A36: 30
A37: 31
C38: =SUM(C7:C37) -> #REF!

Sheet JV Electricity
D2: MYR Journal Load
B3: Data Base: | C3: KUA
B4: Date: | C4: 43312 | D4: ddmmyyy | I4: =DAY(C4) -> 31 | M4: Days
B5: Period: | C5: 2018007
B6: Journal Source: | C6: EL4
B7: JV Type: | C7: GJE
A8: 1 | B8: JV/TRANZ Ref . | C8: Statistic P&E -Jul 18
B12: Acct Code | C12: Description | D12: Amount USD | E12: T1-Department | F12: T2- Detail | G12: T3-Class | H12: T4-Category | I12: T5-Day Of Month | M12: T10-1099 Box Number
A13: 2 | B13: 30701 | C13: =AG_DTLK("0,2,SS5,CA,F={P}1,K=DbC,F=<ALL>,K=/CA/AccTyp,F={P}2,K=/CA/Cde,E=0,O=/CA/Nme,",'JV Electricity'!C13,C$3,$B13) -> #NAME? | D13: =+Data!#REF! -> #REF! | E13: 5300 | F13: 900 | G13: 800 | H13: 850 | I13: =+I4 -> 31
A14: 2 | B14: 30702 | C14: =AG_DTLK("0,2,SS5,CA,F={P}1,K=DbC,F=<ALL>,K=/CA/AccTyp,F={P}2,K=/CA/Cde,E=0,O=/CA/Nme,",'JV Electricity'!C14,C$3,$B14) -> #NAME? | D14: =+Data!AE42 -> -209690 | E14: 5300 | F14: 900 | G14: 800 | H14: 850 | I14: =+I13 -> 31
A15: 2 | B15: 30705 | C15: =AG_DTLK("0,2,SS5,CA,F={P}1,K=DbC,F=<ALL>,K=/CA/AccTyp,F={P}2,K=/CA/Cde,E=0,O=/CA/Nme,",'JV Electricity'!C15,C$3,$B15) -> #NAME? | D15: =+Data!AH42 -> -265876 | E15: 5300 | F15: 900 | G15: 800 | H15: 850 | I15: =+I14 -> 31
B20: Prepared by | C20: Approved by | D20: Posted by
B21: Chief Accountant | C21: Asst Dir of Finance
