Workbook

Sheet Total Daily 
A1: Site Name | B1: Day | C1: Month | D1: Year | E1: Total Electricity Kwh | F1: Electricity Tariff ($/Kwh) | G1: LPG (Kg) | H1: LPG $/Kg | I1: District Energy Cooling Kwh | J1: District Energy Cooling $/Kwh | K1: Water Utility Supply (m3) m3 | L1: Water Utility Supply (m3) m3 | M1: Water Utility Supply (m3) $/m3 | N1: Room Nights
A2: Dubai DIFC | B2: 1 | C2: 12 | D2: 2020 | E2: ='12 - 2020'!B8-'12 - 2020'!B7+'12 - 2020'!C8-'12 - 2020'!C7 -> 9869 | F2: 0.118 | G2: =(('12 - 2020'!E8-'12 - 2020'!E7)+('12 - 2020'!F8-'12 - 2020'!F7)+('12 - 2020'!G8-'12 - 2020'!G7))*1.81 -> 78.7169 | H2: 0.99 | I2: ='12 - 2020'!J8-'12 - 2020'!J7 -> 15656 | J2: 0.081 | K2: ='12 - 2020'!H8-'12 - 2020'!H7 -> 0 | L2: ='12 - 2020'!I8-'12 - 2020'!I7 -> 72 | M2: 4.3936294 | N2: 64
A3: Dubai DIFC | B3: =B2+1 -> 2 | C3: 12 | D3: 2020 | E3: ='12 - 2020'!B9-'12 - 2020'!B8+'12 - 2020'!C9-'12 - 2020'!C8 -> 8842 | F3: 0.118 | G3: =(('12 - 2020'!E9-'12 - 2020'!E8)+('12 - 2020'!F9-'12 - 2020'!F8)+('12 - 2020'!G9-'12 - 2020'!G8))*1.81 -> 57.739 | H3: 0.99 | I3: ='12 - 2020'!J9-'12 - 2020'!J8 -> 14686 | J3: 0.081 | K3: ='12 - 2020'!H9-'12 - 2020'!H8 -> 0 | L3: ='12 - 2020'!I9-'12 - 2020'!I8 -> 61 | M3: 4.3936294 | N3: 77
A4: Dubai DIFC | B4: =B3+1 -> 3 | C4: 12 | D4: 2020 | E4: ='12 - 2020'!B10-'12 - 2020'!B9+'12 - 2020'!C10-'12 - 2020'!C9 -> 8957 | F4: 0.118 | G4: =(('12 - 2020'!E10-'12 - 2020'!E9)+('12 - 2020'!F10-'12 - 2020'!F9)+('12 - 2020'!G10-'12 - 2020'!G9))*1.81 -> 63.1509 | H4: 0.99 | I4: ='12 - 2020'!J10-'12 - 2020'!J9 -> 14894 | J4: 0.081 | K4: ='12 - 2020'!H10-'12 - 2020'!H9 -> 0 | L4: ='12 - 2020'!I10-'12 - 2020'!I9 -> 73 | M4: 4.3936294 | N4: 77
A5: Dubai DIFC | B5: =B4+1 -> 4 | C5: 12 | D5: 2020 | E5: ='12 - 2020'!B11-'12 - 2020'!B10+'12 - 2020'!C11-'12 - 2020'!C10 -> 9383 | F5: 0.118 | G5: =(('12 - 2020'!E11-'12 - 2020'!E10)+('12 - 2020'!F11-'12 - 2020'!F10)+('12 - 2020'!G11-'12 - 2020'!G10))*1.81 -> 70.8434 | H5: 0.99 | I5: ='12 - 2020'!J11-'12 - 2020'!J10 -> 17452 | J5: 0.081 | K5: ='12 - 2020'!H11-'12 - 2020'!H10 -> 0 | L5: ='12 - 2020'!I11-'12 - 2020'!I10 -> 82 | M5: 4.3936294 | N5: 78
A6: Dubai DIFC | B6: =B5+1 -> 5 | C6: 12 | D6: 2020 | E6: ='12 - 2020'!B12-'12 - 2020'!B11+'12 - 2020'!C12-'12 - 2020'!C11 -> 9440 | F6: 0.118 | G6: =(('12 - 2020'!E12-'12 - 2020'!E11)+('12 - 2020'!F12-'12 - 2020'!F11)+('12 - 2020'!G12-'12 - 2020'!G11))*1.81 -> 77.83 | H6: 0.99 | I6: ='12 - 2020'!J12-'12 - 2020'!J11 -> 20259 | J6: 0.081 | K6: ='12 - 2020'!H12-'12 - 2020'!H11 -> 0 | L6: ='12 - 2020'!I12-'12 - 2020'!I11 -> 79 | M6: 4.3936294 | N6: 76
A7: Dubai DIFC | B7: =B6+1 -> 6 | C7: 12 | D7: 2020 | E7: ='12 - 2020'!B13-'12 - 2020'!B12+'12 - 2020'!C13-'12 - 2020'!C12 -> 9505 | F7: 0.118 | G7: =(('12 - 2020'!E13-'12 - 2020'!E12)+('12 - 2020'!F13-'12 - 2020'!F12)+('12 - 2020'!G13-'12 - 2020'!G12))*1.81 -> 70.59 | H7: 0.99 | I7: ='12 - 2020'!J13-'12 - 2020'!J12 -> 20395 | J7: 0.081 | K7: ='12 - 2020'!H13-'12 - 2020'!H12 -> 0 | L7: ='12 - 2020'!I13-'12 - 2020'!I12 -> 103 | M7: 4.3936294 | N7: 81
A8: Dubai DIFC | B8: =B7+1 -> 7 | C8: 12 | D8: 2020 | E8: ='12 - 2020'!B14-'12 - 2020'!B13+'12 - 2020'!C14-'12 - 2020'!C13 -> 9649 | F8: 0.118 | G8: =(('12 - 2020'!E14-'12 - 2020'!E13)+('12 - 2020'!F14-'12 - 2020'!F13)+('12 - 2020'!G14-'12 - 2020'!G13))*1.81 -> 69.5583 | H8: 0.99 | I8: ='12 - 2020'!J14-'12 - 2020'!J13 -> 19942 | J8: 0.081 | K8: ='12 - 2020'!H14-'12 - 2020'!H13 -> 0 | L8: ='12 - 2020'!I14-'12 - 2020'!I13 -> 77 | M8: 4.3936294 | N8: 93
A9: Dubai DIFC | B9: =B8+1 -> 8 | C9: 12 | D9: 2020 | E9: ='12 - 2020'!B15-'12 - 2020'!B14+'12 - 2020'!C15-'12 - 2020'!C14 -> 9543 | F9: 0.118 | G9: =(('12 - 2020'!E15-'12 - 2020'!E14)+('12 - 2020'!F15-'12 - 2020'!F14)+('12 - 2020'!G15-'12 - 2020'!G14))*1.81 -> 72.038 | H9: 0.99 | I9: ='12 - 2020'!J15-'12 - 2020'!J14 -> 15972 | J9: 0.081 | K9: ='12 - 2020'!H15-'12 - 2020'!H14 -> 0 | L9: ='12 - 2020'!I15-'12 - 2020'!I14 -> 88 | M9: 4.3936294 | N9: 90
A10: Dubai DIFC | B10: =B9+1 -> 9 | C10: 12 | D10: 2020 | E10: ='12 - 2020'!B16-'12 - 2020'!B15+'12 - 2020'!C16-'12 - 2020'!C15 -> 9236 | F10: 0.118 | G10: =(('12 - 2020'!E16-'12 - 2020'!E15)+('12 - 2020'!F16-'12 - 2020'!F15)+('12 - 2020'!G16-'12 - 2020'!G15))*1.81 -> 69.5221 | H10: 0.99 | I10: ='12 - 2020'!J16-'12 - 2020'!J15 -> 13080 | J10: 0.081 | K10: ='12 - 2020'!H16-'12 - 2020'!H15 -> 0 | L10: ='12 - 2020'!I16-'12 - 2020'!I15 -> 117 | M10: 4.3936294 | N10: 96
A11: Dubai DIFC | B11: =B10+1 -> 10 | C11: 12 | D11: 2020 | E11: ='12 - 2020'!B17-'12 - 2020'!B16+'12 - 2020'!C17-'12 - 2020'!C16 -> 9705 | F11: 0.118 | G11: =(('12 - 2020'!E17-'12 - 2020'!E16)+('12 - 2020'!F17-'12 - 2020'!F16)+('12 - 2020'!G17-'12 - 2020'!G16))*1.81 -> 89.7398 | H11: 0.99 | I11: ='12 - 2020'!J17-'12 - 2020'!J16 -> 13927 | J11: 0.081 | K11: ='12 - 2020'!H17-'12 - 2020'!H16 -> 0 | L11: ='12 - 2020'!I17-'12 - 2020'!I16 -> 60 | M11: 4.3936294 | N11: 96
A12: Dubai DIFC | B12: =B11+1 -> 11 | C12: 12 | D12: 2020 | E12: ='12 - 2020'!B18-'12 - 2020'!B17+'12 - 2020'!C18-'12 - 2020'!C17 -> 9582 | F12: 0.118 | G12: =(('12 - 2020'!E18-'12 - 2020'!E17)+('12 - 2020'!F18-'12 - 2020'!F17)+('12 - 2020'!G18-'12 - 2020'!G17))*1.81 -> 77.4318 | H12: 0.99 | I12: ='12 - 2020'!J18-'12 - 2020'!J17 -> 13533 | J12: 0.081 | K12: ='12 - 2020'!H18-'12 - 2020'!H17 -> 0 | L12: ='12 - 2020'!I18-'12 - 2020'!I17 -> 80 | M12: 4.3936294 | N12: 88
A13: Dubai DIFC | B13: =B12+1 -> 12 | C13: 12 | D13: 2020 | E13: ='12 - 2020'!B19-'12 - 2020'!B18+'12 - 2020'!C19-'12 - 2020'!C18 -> 8834 | F13: 0.118 | G13: =(('12 - 2020'!E19-'12 - 2020'!E18)+('12 - 2020'!F19-'12 - 2020'!F18)+('12 - 2020'!G19-'12 - 2020'!G18))*1.81 -> 72.4 | H13: 0.99 | I13: ='12 - 2020'!J19-'12 - 2020'!J18 -> 12183 | J13: 0.081 | K13: ='12 - 2020'!H19-'12 - 2020'!H18 -> 0 | L13: ='12 - 2020'!I19-'12 - 2020'!I18 -> 125 | M13: 4.3936294 | N13: 85
A14: Dubai DIFC | B14: =B13+1 -> 13 | C14: 12 | D14: 2020 | E14: ='12 - 2020'!B20-'12 - 2020'!B19+'12 - 2020'!C20-'12 - 2020'!C19 -> 9309 | F14: 0.118 | G14: =(('12 - 2020'!E20-'12 - 2020'!E19)+('12 - 2020'!F20-'12 - 2020'!F19)+('12 - 2020'!G20-'12 - 2020'!G19))*1.81 -> 70.59 | H14: 0.99 | I14: ='12 - 2020'!J20-'12 - 2020'!J19 -> 11952 | J14: 0.081 | K14: ='12 - 2020'!H20-'12 - 2020'!H19 -> 0 | L14: ='12 - 2020'!I20-'12 - 2020'!I19 -> 90 | M14: 4.3936294 | N14: 76
... A22: Dubai DIFC | B22: =B21+1 -> 21 | C22: 12 | D22: 2020 | E22: ='12 - 2020'!B28-'12 - 2020'!B27+'12 - 2020'!C28-'12 - 2020'!C27 -> 10196 | F22: 0.118 | G22: =(('12 - 2020'!E28-'12 - 2020'!E27)+('12 - 2020'!F28-'12 - 2020'!F27)+('12 - 2020'!G28-'12 - 2020'!G27))*1.81 -> 70.4814 | H22: 0.99 | I22: ='12 - 2020'!J28-'12 - 2020'!J27 -> 14024 | J22: 0.081 | K22: ='12 - 2020'!H28-'12 - 2020'!H27 -> 0 | L22: ='12 - 2020'!I28-'12 - 2020'!I27 -> 87 | M22: 4.3936294 | N22: 74
A23: Dubai DIFC | B23: =B22+1 -> 22 | C23: 12 | D23: 2020 | E23: 0 | F23: 0.118 | G23: 0 | H23: 0.99 | I23: 0 | J23: 0.081 | K23: 0 | L23: 0 | M23: 4.3936294
A24: Dubai DIFC | B24: =B23+1 -> 23 | C24: 12 | D24: 2020 | E24: ='12 - 2020'!B30-'12 - 2020'!B29+'12 - 2020'!C30-'12 - 2020'!C29 -> 0 | F24: 0.118 | G24: =(('12 - 2020'!E30-'12 - 2020'!E29)+('12 - 2020'!F30-'12 - 2020'!F29)+('12 - 2020'!G30-'12 - 2020'!G29))*1.81 -> 0 | H24: 0.99 | I24: ='12 - 2020'!J30-'12 - 2020'!J29 -> 0 | J24: 0.081 | K24: ='12 - 2020'!H30-'12 - 2020'!H29 -> 0 | L24: ='12 - 2020'!I30-'12 - 2020'!I29 -> 0 | M24: 4.3936294
A25: Dubai DIFC | B25: =B24+1 -> 24 | C25: 12 | D25: 2020 | E25: ='12 - 2020'!B31-'12 - 2020'!B30+'12 - 2020'!C31-'12 - 2020'!C30 -> 0 | F25: 0.118 | G25: =(('12 - 2020'!E31-'12 - 2020'!E30)+('12 - 2020'!F31-'12 - 2020'!F30)+('12 - 2020'!G31-'12 - 2020'!G30))*1.81 -> 0 | H25: 0.99 | I25: ='12 - 2020'!J31-'12 - 2020'!J30 -> 0 | J25: 0.081 | K25: ='12 - 2020'!H31-'12 - 2020'!H30 -> 0 | L25: ='12 - 2020'!I31-'12 - 2020'!I30 -> 0 | M25: 4.3936294
A26: Dubai DIFC | B26: =B25+1 -> 25 | C26: 12 | D26: 2020 | E26: ='12 - 2020'!B32-'12 - 2020'!B31+'12 - 2020'!C32-'12 - 2020'!C31 -> 0 | F26: 0.118 | G26: =(('12 - 2020'!E32-'12 - 2020'!E31)+('12 - 2020'!F32-'12 - 2020'!F31)+('12 - 2020'!G32-'12 - 2020'!G31))*1.81 -> 0 | H26: 0.99 | I26: ='12 - 2020'!J32-'12 - 2020'!J31 -> 0 | J26: 0.081 | K26: ='12 - 2020'!H32-'12 - 2020'!H31 -> 0 | L26: ='12 - 2020'!I32-'12 - 2020'!I31 -> 0 | M26: 4.3936294
A27: Dubai DIFC | B27: =B26+1 -> 26 | C27: 12 | D27: 2020 | E27: ='12 - 2020'!B33-'12 - 2020'!B32+'12 - 2020'!C33-'12 - 2020'!C32 -> 0 | F27: 0.118 | G27: =(('12 - 2020'!E33-'12 - 2020'!E32)+('12 - 2020'!F33-'12 - 2020'!F32)+('12 - 2020'!G33-'12 - 2020'!G32))*1.81 -> 0 | H27: 0.99 | I27: ='12 - 2020'!J33-'12 - 2020'!J32 -> 0 | J27: 0.081 | K27: ='12 - 2020'!H33-'12 - 2020'!H32 -> 0 | L27: ='12 - 2020'!I33-'12 - 2020'!I32 -> 0 | M27: 4.3936294
A28: Dubai DIFC | B28: =B27+1 -> 27 | C28: 12 | D28: 2020 | E28: ='12 - 2020'!B34-'12 - 2020'!B33+'12 - 2020'!C34-'12 - 2020'!C33 -> 0 | F28: 0.118 | G28: =(('12 - 2020'!E34-'12 - 2020'!E33)+('12 - 2020'!F34-'12 - 2020'!F33)+('12 - 2020'!G34-'12 - 2020'!G33))*1.81 -> 0 | H28: 0.99 | I28: ='12 - 2020'!J34-'12 - 2020'!J33 -> 0 | J28: 0.081 | K28: ='12 - 2020'!H34-'12 - 2020'!H33 -> 0 | L28: ='12 - 2020'!I34-'12 - 2020'!I33 -> 0 | M28: 4.3936294
A29: Dubai DIFC | B29: =B28+1 -> 28 | C29: 12 | D29: 2020 | E29: ='12 - 2020'!B35-'12 - 2020'!B34+'12 - 2020'!C35-'12 - 2020'!C34 -> 0 | F29: 0.118 | G29: =(('12 - 2020'!E35-'12 - 2020'!E34)+('12 - 2020'!F35-'12 - 2020'!F34)+('12 - 2020'!G35-'12 - 2020'!G34))*1.81 -> 0 | H29: 0.99 | I29: ='12 - 2020'!J35-'12 - 2020'!J34 -> 0 | J29: 0.081 | K29: ='12 - 2020'!H35-'12 - 2020'!H34 -> 0 | L29: ='12 - 2020'!I35-'12 - 2020'!I34 -> 0 | M29: 4.3936294
A30: Dubai DIFC | B30: =B29+1 -> 29 | C30: 12 | D30: 2020 | E30: ='12 - 2020'!B36-'12 - 2020'!B35+'12 - 2020'!C36-'12 - 2020'!C35 -> 0 | F30: 0.118 | G30: =(('12 - 2020'!E36-'12 - 2020'!E35)+('12 - 2020'!F36-'12 - 2020'!F35)+('12 - 2020'!G36-'12 - 2020'!G35))*1.81 -> 0 | H30: 0.99 | I30: ='12 - 2020'!J36-'12 - 2020'!J35 -> 0 | J30: 0.081 | K30: ='12 - 2020'!H36-'12 - 2020'!H35 -> 0 | L30: ='12 - 2020'!I36-'12 - 2020'!I35 -> 0 | M30: 4.3936294
A31: Dubai DIFC | B31: 30 | C31: 12 | D31: 2020 | E31: ='12 - 2020'!B37-'12 - 2020'!B36+'12 - 2020'!C37-'12 - 2020'!C36 -> 0 | F31: 0.118 | G31: =(('12 - 2020'!E37-'12 - 2020'!E36)+('12 - 2020'!F37-'12 - 2020'!F36)+('12 - 2020'!G37-'12 - 2020'!G36))*1.81 -> 0 | H31: 0.99 | I31: ='12 - 2020'!J37-'12 - 2020'!J36 -> 0 | J31: 0.081 | K31: ='12 - 2020'!H37-'12 - 2020'!H36 -> 0 | L31: ='12 - 2020'!I37-'12 - 2020'!I36 -> 0 | M31: 4.3936294
A32: Dubai DIFC | B32: 31 | C32: 12 | D32: 2020 | E32: ='12 - 2020'!B38-'12 - 2020'!B37+'12 - 2020'!C38-'12 - 2020'!C37 -> 0 | F32: 0.118 | G32: =(('12 - 2020'!E38-'12 - 2020'!E37)+('12 - 2020'!F38-'12 - 2020'!F37)+('12 - 2020'!G38-'12 - 2020'!G37))*1.81 -> 0 | H32: 0.99 | I32: ='12 - 2020'!J38-'12 - 2020'!J37 -> 0 | J32: 0.081 | K32: ='12 - 2020'!H38-'12 - 2020'!H37 -> 0 | L32: ='12 - 2020'!I38-'12 - 2020'!I37 -> 0 | M32: 4.3936294

Sheet Submetering Daily 
A1: Site Name | B1: Day | C1: Month | D1: Year | E1: Panel LV1 Kwh | F1: Panel LV2 Kwh | G1: Electricity Tariff ($/Kwh) | H1: Main Kitchen LPG (Kg) | I1: Podium Kitchen LPG (Kg) | J1: Boiler LPG (Kg) | K1: LPG $/Kg | L1: Room Nights
A2: Dubai DIFC | B2: 1 | C2: 12 | D2: 2020 | E2: ='12 - 2020'!B8-'12 - 2020'!B7 -> 3771 | F2: ='12 - 2020'!C8-'12 - 2020'!C7 -> 6098 | G2: 0.118 | H2: ='12 - 2020'!E8-'12 - 2020'!E7 -> 6.21 | I2: ='12 - 2020'!F8-'12 - 2020'!F7 -> 4.58 | J2: ='12 - 2020'!G8-'12 - 2020'!G7 -> 32.7 | K2: 0.74 | L2: 64
A3: Dubai DIFC | B3: =B2+1 -> 2 | C3: 12 | D3: 2020 | E3: ='12 - 2020'!B9-'12 - 2020'!B8 -> 3402 | F3: ='12 - 2020'!C9-'12 - 2020'!C8 -> 5440 | G3: 0.118 | H3: ='12 - 2020'!E9-'12 - 2020'!E8 -> 2.19 | I3: ='12 - 2020'!F9-'12 - 2020'!F8 -> 4.27 | J3: ='12 - 2020'!G9-'12 - 2020'!G8 -> 25.44 | K3: 0.74 | L3: 77
A4: Dubai DIFC | B4: =B3+1 -> 3 | C4: 12 | D4: 2020 | E4: ='12 - 2020'!B10-'12 - 2020'!B9 -> 3339 | F4: ='12 - 2020'!C10-'12 - 2020'!C9 -> 5618 | G4: 0.118 | H4: ='12 - 2020'!E10-'12 - 2020'!E9 -> 1.71 | I4: ='12 - 2020'!F10-'12 - 2020'!F9 -> 3.73 | J4: ='12 - 2020'!G10-'12 - 2020'!G9 -> 29.45 | K4: 0.74 | L4: 77
A5: Dubai DIFC | B5: =B4+1 -> 4 | C5: 12 | D5: 2020 | E5: ='12 - 2020'!B11-'12 - 2020'!B10 -> 3492 | F5: ='12 - 2020'!C11-'12 - 2020'!C10 -> 5891 | G5: 0.118 | H5: ='12 - 2020'!E11-'12 - 2020'!E10 -> 4.14 | I5: ='12 - 2020'!F11-'12 - 2020'!F10 -> 4 | J5: ='12 - 2020'!G11-'12 - 2020'!G10 -> 31 | K5: 0.74 | L5: 78
A6: Dubai DIFC | B6: =B5+1 -> 5 | C6: 12 | D6: 2020 | E6: ='12 - 2020'!B12-'12 - 2020'!B11 -> 3421 | F6: ='12 - 2020'!C12-'12 - 2020'!C11 -> 6019 | G6: 0.118 | H6: ='12 - 2020'!E12-'12 - 2020'!E11 -> 4 | I6: ='12 - 2020'!F12-'12 - 2020'!F11 -> 5 | J6: ='12 - 2020'!G12-'12 - 2020'!G11 -> 34 | K6: 0.74 | L6: 76
A7: Dubai DIFC | B7: =B6+1 -> 6 | C7: 12 | D7: 2020 | E7: ='12 - 2020'!B13-'12 - 2020'!B12 -> 3496 | F7: ='12 - 2020'!C13-'12 - 2020'!C12 -> 6009 | G7: 0.118 | H7: ='12 - 2020'!E13-'12 - 2020'!E12 -> 3 | I7: ='12 - 2020'!F13-'12 - 2020'!F12 -> 4 | J7: ='12 - 2020'!G13-'12 - 2020'!G12 -> 32 | K7: 0.74 | L7: 81
A8: Dubai DIFC | B8: =B7+1 -> 7 | C8: 12 | D8: 2020 | E8: ='12 - 2020'!B14-'12 - 2020'!B13 -> 3613 | F8: ='12 - 2020'!C14-'12 - 2020'!C13 -> 6036 | G8: 0.118 | H8: ='12 - 2020'!E14-'12 - 2020'!E13 -> 1.3 | I8: ='12 - 2020'!F14-'12 - 2020'!F13 -> 5.21 | J8: ='12 - 2020'!G14-'12 - 2020'!G13 -> 31.92 | K8: 0.74 | L8: 93
A9: Dubai DIFC | B9: =B8+1 -> 8 | C9: 12 | D9: 2020 | E9: ='12 - 2020'!B15-'12 - 2020'!B14 -> 3774 | F9: ='12 - 2020'!C15-'12 - 2020'!C14 -> 5769 | G9: 0.118 | H9: ='12 - 2020'!E15-'12 - 2020'!E14 -> 3.17 | I9: ='12 - 2020'!F15-'12 - 2020'!F14 -> 4.55 | J9: ='12 - 2020'!G15-'12 - 2020'!G14 -> 32.08 | K9: 0.74 | L9: 90
A10: Dubai DIFC | B10: =B9+1 -> 9 | C10: 12 | D10: 2020 | E10: ='12 - 2020'!B16-'12 - 2020'!B15 -> 3668 | F10: ='12 - 2020'!C16-'12 - 2020'!C15 -> 5568 | G10: 0.118 | H10: ='12 - 2020'!E16-'12 - 2020'!E15 -> 1.79 | I10: ='12 - 2020'!F16-'12 - 2020'!F15 -> 4.39 | J10: ='12 - 2020'!G16-'12 - 2020'!G15 -> 32.23 | K10: 0.74 | L10: 96
A11: Dubai DIFC | B11: =B10+1 -> 10 | C11: 12 | D11: 2020 | E11: ='12 - 2020'!B17-'12 - 2020'!B16 -> 3711 | F11: ='12 - 2020'!C17-'12 - 2020'!C16 -> 5994 | G11: 0.118 | H11: ='12 - 2020'!E17-'12 - 2020'!E16 -> 8.54 | I11: ='12 - 2020'!F17-'12 - 2020'!F16 -> 4.59 | J11: ='12 - 2020'!G17-'12 - 2020'!G16 -> 36.45 | K11: 0.74 | L11: 96
A12: Dubai DIFC | B12: =B11+1 -> 11 | C12: 12 | D12: 2020 | E12: ='12 - 2020'!B18-'12 - 2020'!B17 -> 3662 | F12: ='12 - 2020'!C18-'12 - 2020'!C17 -> 5920 | G12: 0.118 | H12: ='12 - 2020'!E18-'12 - 2020'!E17 -> 3.2 | I12: ='12 - 2020'!F18-'12 - 2020'!F17 -> 4.26 | J12: ='12 - 2020'!G18-'12 - 2020'!G17 -> 35.32 | K12: 0.74 | L12: 88
A13: Dubai DIFC | B13: =B12+1 -> 12 | C13: 12 | D13: 2020 | E13: ='12 - 2020'!B19-'12 - 2020'!B18 -> 3490 | F13: ='12 - 2020'!C19-'12 - 2020'!C18 -> 5344 | G13: 0.118 | H13: ='12 - 2020'!E19-'12 - 2020'!E18 -> 4 | I13: ='12 - 2020'!F19-'12 - 2020'!F18 -> 4 | J13: ='12 - 2020'!G19-'12 - 2020'!G18 -> 32 | K13: 0.74 | L13: 85
A14: Dubai DIFC | B14: =B13+1 -> 13 | C14: 12 | D14: 2020 | E14: ='12 - 2020'!B20-'12 - 2020'!B19 -> 3472 | F14: ='12 - 2020'!C20-'12 - 2020'!C19 -> 5837 | G14: 0.118 | H14: ='12 - 2020'!E20-'12 - 2020'!E19 -> 3 | I14: ='12 - 2020'!F20-'12 - 2020'!F19 -> 4 | J14: ='12 - 2020'!G20-'12 - 2020'!G19 -> 32 | K14: 0.74 | L14: 76
... A22: Dubai DIFC | B22: =B21+1 -> 21 | C22: 12 | D22: 2020 | E22: ='12 - 2020'!B28-'12 - 2020'!B27 -> 4088 | F22: ='12 - 2020'!C28-'12 - 2020'!C27 -> 6108 | G22: 0.118 | H22: ='12 - 2020'!E28-'12 - 2020'!E27 -> 2.35 | I22: ='12 - 2020'!F28-'12 - 2020'!F27 -> 4.79 | J22: ='12 - 2020'!G28-'12 - 2020'!G27 -> 31.8 | K22: 0.74 | L22: 74
A23: Dubai DIFC | B23: =B22+1 -> 22 | C23: 12 | D23: 2020 | E23: 0 | F23: 0 | G23: 0.118 | H23: 0 | I23: 0 | J23: 0 | K23: 0.74
A24: Dubai DIFC | B24: =B23+1 -> 23 | C24: 12 | D24: 2020 | E24: ='12 - 2020'!B30-'12 - 2020'!B29 -> 0 | F24: ='12 - 2020'!C30-'12 - 2020'!C29 -> 0 | G24: 0.118 | H24: ='12 - 2020'!E30-'12 - 2020'!E29 -> 0 | I24: ='12 - 2020'!F30-'12 - 2020'!F29 -> 0 | J24: ='12 - 2020'!G30-'12 - 2020'!G29 -> 0 | K24: 0.74
A25: Dubai DIFC | B25: =B24+1 -> 24 | C25: 12 | D25: 2020 | E25: ='12 - 2020'!B31-'12 - 2020'!B30 -> 0 | F25: ='12 - 2020'!C31-'12 - 2020'!C30 -> 0 | G25: 0.118 | H25: ='12 - 2020'!E31-'12 - 2020'!E30 -> 0 | I25: ='12 - 2020'!F31-'12 - 2020'!F30 -> 0 | J25: ='12 - 2020'!G31-'12 - 2020'!G30 -> 0 | K25: 0.74
A26: Dubai DIFC | B26: =B25+1 -> 25 | C26: 12 | D26: 2020 | E26: ='12 - 2020'!B32-'12 - 2020'!B31 -> 0 | F26: ='12 - 2020'!C32-'12 - 2020'!C31 -> 0 | G26: 0.118 | H26: ='12 - 2020'!E32-'12 - 2020'!E31 -> 0 | I26: ='12 - 2020'!F32-'12 - 2020'!F31 -> 0 | J26: ='12 - 2020'!G32-'12 - 2020'!G31 -> 0 | K26: 0.74
A27: Dubai DIFC | B27: =B26+1 -> 26 | C27: 12 | D27: 2020 | E27: ='12 - 2020'!B33-'12 - 2020'!B32 -> 0 | F27: ='12 - 2020'!C33-'12 - 2020'!C32 -> 0 | G27: 0.118 | H27: ='12 - 2020'!E33-'12 - 2020'!E32 -> 0 | I27: ='12 - 2020'!F33-'12 - 2020'!F32 -> 0 | J27: ='12 - 2020'!G33-'12 - 2020'!G32 -> 0 | K27: 0.74
A28: Dubai DIFC | B28: =B27+1 -> 27 | C28: 12 | D28: 2020 | E28: ='12 - 2020'!B34-'12 - 2020'!B33 -> 0 | F28: ='12 - 2020'!C34-'12 - 2020'!C33 -> 0 | G28: 0.118 | H28: ='12 - 2020'!E34-'12 - 2020'!E33 -> 0 | I28: ='12 - 2020'!F34-'12 - 2020'!F33 -> 0 | J28: ='12 - 2020'!G34-'12 - 2020'!G33 -> 0 | K28: 0.74
A29: Dubai DIFC | B29: =B28+1 -> 28 | C29: 12 | D29: 2020 | E29: ='12 - 2020'!B35-'12 - 2020'!B34 -> 0 | F29: ='12 - 2020'!C35-'12 - 2020'!C34 -> 0 | G29: 0.118 | H29: ='12 - 2020'!E35-'12 - 2020'!E34 -> 0 | I29: ='12 - 2020'!F35-'12 - 2020'!F34 -> 0 | J29: ='12 - 2020'!G35-'12 - 2020'!G34 -> 0 | K29: 0.74
A30: Dubai DIFC | B30: =B29+1 -> 29 | C30: 12 | D30: 2020 | E30: ='12 - 2020'!B36-'12 - 2020'!B35 -> 0 | F30: ='12 - 2020'!C36-'12 - 2020'!C35 -> 0 | G30: 0.118 | H30: ='12 - 2020'!E36-'12 - 2020'!E35 -> 0 | I30: ='12 - 2020'!F36-'12 - 2020'!F35 -> 0 | J30: ='12 - 2020'!G36-'12 - 2020'!G35 -> 0 | K30: 0.74
A31: Dubai DIFC | B31: 30 | C31: 12 | D31: 2020 | E31: ='12 - 2020'!B37-'12 - 2020'!B36 -> 0 | F31: ='12 - 2020'!C37-'12 - 2020'!C36 -> 0 | G31: 0.118 | H31: ='12 - 2020'!E37-'12 - 2020'!E36 -> 0 | I31: ='12 - 2020'!F37-'12 - 2020'!F36 -> 0 | J31: ='12 - 2020'!G37-'12 - 2020'!G36 -> 0 | K31: 0.74
A32: Dubai DIFC | B32: 31 | C32: 12 | D32: 2020 | E32: ='12 - 2020'!B38-'12 - 2020'!B37 -> 0 | F32: ='12 - 2020'!C38-'12 - 2020'!C37 -> 0 | G32: 0.118 | H32: ='12 - 2020'!E38-'12 - 2020'!E37 -> 0 | I32: ='12 - 2020'!F38-'12 - 2020'!F37 -> 0 | J32: ='12 - 2020'!G38-'12 - 2020'!G37 -> 0 | K32: 0.74

Sheet 12 - 2020
A3: FOUR SEASONS HOTEL - DIFC
A4: HLP READING MONTH OF December' 2020
B5: Electricity | D5: LPG (cu.m) | H5: Water (cu.m) | J5: BTU
A6: Date | B6: LV-01, 2025952759 | C6: LV-2, 2030235407 | D6: Main Meter % | E6: Main Kitchen | F6: Podium Kitchen | G6: Boiler | H6: B-3 Water Meter (DIFC) | I6: MainWater Meter (DEWA) | J6: Chilled Water (KWH) | K6: Gas Received (Litres) | L6: Remark
A7: 44165 | B7: 108149 | C7: 1792102 | D7: 0.6 | E7: 13306.75 | F7: 2717.42 | G7: 23480.41 | H7: 14528 | I7: 103213 | J7: 43424748
A8: =A7+1 -> 44166 | B8: 111920 | C8: 1798200 | D8: 0.54 | E8: 13312.96 | F8: 2722 | G8: 23513.11 | H8: 14528 | I8: 103285 | J8: 43440404
A9: =A8+1 -> 44167 | B9: 115322 | C9: 1803640 | D9: 0.5 | E9: 13315.15 | F9: 2726.27 | G9: 23538.55 | H9: 14528 | I9: 103346 | J9: 43455090
A10: =A9+1 -> 44168 | B10: 118661 | C10: 1809258 | D10: 0.45 | E10: 13316.86 | F10: 2730 | G10: 23568 | H10: 14528 | I10: 103419 | J10: 43469984
A11: =A10+1 -> 44169 | B11: 122153 | C11: 1815149 | D11: 0.8 | E11: 13321 | F11: 2734 | G11: 23599 | H11: 14528 | I11: 103501 | J11: 43487436
A12: =A11+1 -> 44170 | B12: 125574 | C12: 1821168 | D12: 0.75 | E12: 13325 | F12: 2739 | G12: 23633 | H12: 14528 | I12: 103580 | J12: 43507695
A13: =A12+1 -> 44171 | B13: 129070 | C13: 1827177 | D13: 0.7 | E13: 13328 | F13: 2743 | G13: 23665 | H13: 14528 | I13: 103683 | J13: 43528090
A14: =A13+1 -> 44172 | B14: 132683 | C14: 1833213 | D14: 0.64 | E14: 13329.3 | F14: 2748.21 | G14: 23696.92 | H14: 14528 | I14: 103760 | J14: 43548032
A15: =A14+1 -> 44173 | B15: 136457 | C15: 1838982 | D15: 0.58 | E15: 13332.47 | F15: 2752.76 | G15: 23729 | H15: 14528 | I15: 103848 | J15: 43564004
A16: =A15+1 -> 44174 | B16: 140125 | C16: 1844550 | D16: 0.52 | E16: 13334.26 | F16: 2757.15 | G16: 23761.23 | H16: 14528 | I16: 103965 | J16: 43577084
A17: =A16+1 -> 44175 | B17: 143836 | C17: 1850544 | D17: 0.46 | E17: 13342.8 | F17: 2761.74 | G17: 23797.68 | H17: 14528 | I17: 104025 | J17: 43591011
A18: =A17+1 -> 44176 | B18: 147498 | C18: 1856464 | D18: 0.38 | E18: 13346 | F18: 2766 | G18: 23833 | H18: 14528 | I18: 104105 | J18: 43604544
A19: =A18+1 -> 44177 | B19: 150988 | C19: 1861808 | D19: 0.3 | E19: 13350 | F19: 2770 | G19: 23865 | H19: 14528 | I19: 104230 | J19: 43616727
... A28: =A27+1 -> 44186 | B28: 184029 | C28: 1914267 | D28: 0.25 | E28: 13382.08 | F28: 2809.94 | G28: 24154.8 | H28: 14528 | I28: 105039 | J28: 43729828
A29: =A28+1 -> 44187
A30: =A29+1 -> 44188
A31: =A30+1 -> 44189
A32: =A31+1 -> 44190
A33: =A32+1 -> 44191
A34: =A33+1 -> 44192
A35: =A34+1 -> 44193
A36: =A35+1 -> 44194
A37: =A36+1 -> 44195
A38: =A37+1 -> 44196
A39: Readings | B39: =B38-B7 -> -108149 | C39: =C38-C7 -> -1792102 | D39: =D38-D7 -> -0.6 | E39: =E38-E7 -> -13306.75 | F39: =F38-F7 -> -2717.42 | G39: =G38-G7 -> -23480.41 | H39: =H38-H7 -> -14528 | I39: =I38-I7 -> -103213 | J39: =J38-J7 -> -43424748 | K39: =K37-K7 -> 0
H40: =H39*219.969 -> -3195709.6 | I40: =I39*219.969 -> -22703660
