Workbook

Sheet TOTAL
A1: Site Name | B1: Day | C1: Month | D1: Year | E1: Total Electricity Kwh | F1: Electricity Tariff ($/Kwh) | G1: Natual Gas (m3) | H1: Natural Gas $/m3 | I1: Water Utility Supply (m3) m3 | J1: Water Utility Supply (m3) $/m3 | K1: Room Nights | L1: Total Guests | M1: Utilities day cost dh
A2: Mumbai | B2: 1 | C2: 11 | D2: 2020 | E2: ='Daily HLP'!I4 -> 18574 | F2: ='Daily HLP'!J4 -> 9.5 | G2: ='Daily HLP'!M4 -> 497.539 | H2: ='Daily HLP'!N4 -> 35 | I2: ='Daily HLP'!P4 -> 195 | J2: ='Daily HLP'!Q4 -> 134 | K2: =202*'Daily HLP'!F4 -> 60.6 | L2: ='[1]Consommation mensuel énergie'!E10 -> 0 | M2: =E2*F2+G2*H2+#REF!*#REF!+I2*J2 -> #REF!
A3: Mumbai | B3: =B2+1 -> 2 | C3: 11 | D3: 2020 | E3: ='Daily HLP'!I5 -> 19432 | F3: =F2 -> 9.5 | G3: ='Daily HLP'!M5 -> 706.539 | H3: =H2 -> 35 | I3: ='Daily HLP'!P5 -> 185 | J3: =J2 -> 134 | K3: =202*'Daily HLP'!F5 -> 60.6 | L3: ='[1]Consommation mensuel énergie'!E11 -> 0 | M3: =E3*F3+G3*H3+#REF!*#REF!+I3*J3 -> #REF!
A4: Mumbai | B4: =B3+1 -> 3 | C4: 11 | D4: 2020 | E4: ='Daily HLP'!I6 -> 18137 | F4: =F3 -> 9.5 | G4: ='Daily HLP'!M6 -> 445.86 | H4: =H3 -> 35 | I4: ='Daily HLP'!P6 -> 133 | J4: =J3 -> 134 | K4: =202*'Daily HLP'!F6 -> 60.6 | L4: ='[1]Consommation mensuel énergie'!E12 -> 0 | M4: =E4*F4+G4*H4+#REF!*#REF!+I4*J4 -> #REF!
A5: Mumbai | B5: =B4+1 -> 4 | C5: 11 | D5: 2020 | E5: ='Daily HLP'!I7 -> 17671 | F5: =F4 -> 9.5 | G5: ='Daily HLP'!M7 -> 331.514 | H5: =H4 -> 35 | I5: ='Daily HLP'!P7 -> 137 | J5: =J4 -> 134 | K5: =202*'Daily HLP'!F7 -> 60.6 | L5: ='[1]Consommation mensuel énergie'!E13 -> 0 | M5: =E5*F5+G5*H5+#REF!*#REF!+I5*J5 -> #REF!
A6: Mumbai | B6: =B5+1 -> 5 | C6: 11 | D6: 2020 | E6: ='Daily HLP'!I8 -> 18057 | F6: =F5 -> 9.5 | G6: ='Daily HLP'!M8 -> 465.094 | H6: =H5 -> 35 | I6: ='Daily HLP'!P8 -> 149 | J6: =J5 -> 134 | K6: =202*'Daily HLP'!F8 -> 50.5 | L6: ='[1]Consommation mensuel énergie'!E14 -> 0 | M6: =E6*F6+G6*H6+#REF!*#REF!+I6*J6 -> #REF!
A7: Mumbai | B7: =B6+1 -> 6 | C7: 11 | D7: 2020 | E7: ='Daily HLP'!I9 -> 18605 | F7: =F6 -> 9.5 | G7: ='Daily HLP'!M9 -> 617.474 | H7: =H6 -> 35 | I7: ='Daily HLP'!P9 -> 162 | J7: =J6 -> 134 | K7: =202*'Daily HLP'!F9 -> 50.5 | L7: ='[1]Consommation mensuel énergie'!E15 -> 0 | M7: =E7*F7+G7*H7+#REF!*#REF!+I7*J7 -> #REF!
A8: Mumbai | B8: =B7+1 -> 7 | C8: 11 | D8: 2020 | E8: ='Daily HLP'!I10 -> 18512 | F8: =F7 -> 9.5 | G8: ='Daily HLP'!M10 -> 527.368 | H8: =H7 -> 35 | I8: ='Daily HLP'!P10 -> 155 | J8: =J7 -> 134 | K8: =202*'Daily HLP'!F10 -> 109.08 | L8: ='[1]Consommation mensuel énergie'!E16 -> 0 | M8: =E8*F8+G8*H8+#REF!*#REF!+I8*J8 -> #REF!
A9: Mumbai | B9: =B8+1 -> 8 | C9: 11 | D9: 2020 | E9: ='Daily HLP'!I11 -> 19582 | F9: =F8 -> 9.5 | G9: ='Daily HLP'!M11 -> 379.039 | H9: =H8 -> 35 | I9: ='Daily HLP'!P11 -> 153 | J9: =J8 -> 134 | K9: =202*'Daily HLP'!F11 -> 90.9 | L9: ='[1]Consommation mensuel énergie'!E17 -> 0 | M9: =E9*F9+G9*H9+#REF!*#REF!+I9*J9 -> #REF!
A10: Mumbai | B10: =B9+1 -> 9 | C10: 11 | D10: 2020 | E10: ='Daily HLP'!I12 -> 19582 | F10: =F9 -> 9.5 | G10: ='Daily HLP'!M12 -> 379.039 | H10: =H9 -> 35 | I10: ='Daily HLP'!P12 -> 153 | J10: =J9 -> 134 | K10: =202*'Daily HLP'!F12 -> 90.9 | L10: ='[1]Consommation mensuel énergie'!E18 -> 0 | M10: =E10*F10+G10*H10+#REF!*#REF!+I10*J10 -> #REF!
A11: Mumbai | B11: =B10+1 -> 10 | C11: 11 | D11: 2020 | E11: ='Daily HLP'!I13 -> 37064 | F11: =F10 -> 9.5 | G11: ='Daily HLP'!M13 -> 1342.379 | H11: =H10 -> 35 | I11: ='Daily HLP'!P13 -> 266 | J11: =J10 -> 134 | K11: =202*'Daily HLP'!F13 -> 38.38 | L11: ='[1]Consommation mensuel énergie'!E19 -> 0 | M11: =E11*F11+G11*H11+#REF!*#REF!+I11*J11 -> #REF!
A12: Mumbai | B12: =B11+1 -> 11 | C12: 11 | D12: 2020 | E12: ='Daily HLP'!I14 -> 17244 | F12: =F11 -> 9.5 | G12: ='Daily HLP'!M14 -> 508 | H12: =H11 -> 35 | I12: ='Daily HLP'!P14 -> 236 | J12: =J11 -> 134 | K12: =202*'Daily HLP'!F14 -> 44.44 | L12: ='[1]Consommation mensuel énergie'!E20 -> 0 | M12: =E12*F12+G12*H12+#REF!*#REF!+I12*J12 -> #REF!
A13: Mumbai | B13: =B12+1 -> 12 | C13: 11 | D13: 2020 | E13: ='Daily HLP'!I15 -> 17812 | F13: =F12 -> 9.5 | G13: ='Daily HLP'!M15 -> 370 | H13: =H12 -> 35 | I13: ='Daily HLP'!P15 -> 192 | J13: =J12 -> 134 | K13: =202*'Daily HLP'!F15 -> 50.5 | L13: ='[1]Consommation mensuel énergie'!E21 -> 0 | M13: =E13*F13+G13*H13+#REF!*#REF!+I13*J13 -> #REF!
A14: Mumbai | B14: =B13+1 -> 13 | C14: 11 | D14: 2020 | E14: ='Daily HLP'!I16 -> 17390 | F14: =F13 -> 9.5 | G14: ='Daily HLP'!M16 -> 618.601 | H14: =H13 -> 35 | I14: ='Daily HLP'!P16 -> 153 | J14: =J13 -> 134 | K14: =202*'Daily HLP'!F16 -> 101 | L14: ='[1]Consommation mensuel énergie'!E22 -> 0 | M14: =E14*F14+G14*H14+#REF!*#REF!+I14*J14 -> #REF!
... A31: Mumbai | B31: =B30+1 -> 30 | C31: 11 | D31: 2020 | E31: ='Daily HLP'!I33 -> 21224 | F31: =F30 -> 9.5 | G31: ='Daily HLP'!M33 -> 675.187 | H31: =H30 -> 35 | I31: ='Daily HLP'!P33 -> 197 | J31: =J30 -> 134 | K31: =202*'Daily HLP'!F33 -> 60.6 | L31: ='[1]Consommation mensuel énergie'!E39 -> 0 | M31: =E31*F31+G31*H31+#REF!*#REF!+I31*J31 -> #REF!

Sheet Daily HLP
A2: Date | B2: Date | C2: Min.Tem (Degee) | D2: Avg.Temp (Degree) | E2: Hum % | F2: Occu. | G2: KWAH | I2: Electricity | M2: Gas | P2: Water | S2: Water per occiped room | T2: Diesel | W2: Water Consumption Zone | AA2: Chiller Running Hrs | AF2: Chiller Total | AG2: Chiller Avg. Laod | AH2: Boiler Running Hrs | AK2: Total boiler | AL2: Hot Water Generator | AO2: Total HWG RH | AP2: HWG Gas consumption | AQ2: Transformer -1 | BA2: Transformer -2 | BO2: Total HLP Cost | BQ2: Chiller lock at 70%
F3: % | H3: KVAH | I3: Units (Kwh) | J3: Rate | K3: Total Cost(Rs) | L3: Per room | M3: Total Units(CuM) | N3: Rate | O3: Total Cost(Rs) | P3: Units(KL) | Q3: Rate | R3: Total Cost(Rs) | T3: Ltrs | U3: Rate | V3: Total Cost(Rs) | W3: Zone-1 | X3: Zone-2 | Y3: Zone-3 | AA3: CH1 | AB3: CH2 | AC3: CH3 | AD3: CH4 | AE3: Total chiller | AH3: Boiler1 | AI3: Boiler2 | AJ3: Boiler3 | AL3: HWG1 | AM3: HWG2 | AQ3: HVAC-1 | AR3: FPP-1 | AS3: MPP | AT3: Lighting-1 | AU3: Cap bank 1100KVAR-1 | AV3: CH-1 | AW3: CH-2 | AX3: Chilled water Pump | AY3: Co Generator | AZ3: Ball Room-2 | BA3: HVAC-2 | BB3: FPP-2 | BC3: MPP | BD3: Lighting-2 | BE3: Cap bank 1200KVAR-2 | BF3: CH-3 | BG3: CH-4 | BH3: Chilled water Pump | BI3: Ball Room-1 | BK3: Cooling Tower consumption | BL3: HVAC% | BM3: Lighting% | BN3: Power% | BP3: Chiller Plant IKW
A4: 1 | B4: 1 | D4: ='1'!D3 -> 30 | E4: ='1'!D4 -> 0.8 | F4: ='1'!D2 -> 0.3 | G4: ='1'!G8 -> 18631 | H4: ='1'!G8 -> 18631 | I4: ='1'!G7 -> 18574 | J4: ='1'!F27 -> 9.5 | K4: =H4*J4 -> 176994.5 | L4: =I4/202 -> 91.950495 | M4: ='1'!G15 -> 497.539 | N4: 35 | O4: =M4*N4 -> 17413.865 | P4: ='1'!G20 -> 195 | Q4: 134 | R4: =P4*Q4 -> 26130 | S4: =P4/(F4*202/100) -> 321.78218 | T4: ='1'!G24 -> 0 | U4: 69 | V4: =T4*U4 -> 0 | W4: ='1'!G95 -> 48 | X4: ='1'!G96 -> 49 | Y4: ='1'!G97 -> 14 | Z4: =W4+X4+Y4 -> 111 | AA4: ='1'!G132 -> 0 | AB4: ='1'!G133 -> 0 | AC4: ='1'!G134 -> -0.27 | AD4: ='1'!G135 -> 24 | AE4: =AA4+AB4+AC4+AD4 -> 23.73 | AF4: =AV4+AW4+BF4+BG4 -> 4007.51 | AG4: =AF4/AE4 -> 168.87948 | AH4: ='1'!G136 -> 0 | AI4: ='1'!G137 -> 0 | AJ4: ='1'!G138 -> 8.7 | AK4: =AH4+AI4+AJ4 -> 8.7 | AL4: ='1'!G139 -> 5.44 | AM4: ='1'!G140 -> 0 | AO4: =AL4+AM4 -> 5.44 | AP4: ='1'!G123 -> 193.622 | AQ4: ='1'!G35 -> 2733.56 | AR4: ='1'!G37 -> 1525.16 | AS4: ='1'!G38 -> 0 | AT4: ='1'!G39 -> 4085.28 | AU4: ='1'!G40 -> 0 | AV4: ='1'!G41 -> 0 | AW4: ='1'!G42 -> 0 | AX4: ='1'!G43 -> 2401.24 | AY4: ='1'!G44 -> 0 | AZ4: ='1'!G36 -> 464.05 | BA4: ='1'!G49 -> 0 | BB4: ='1'!G51 -> 0 | BC4: ='1'!G52 -> 1920.4 | BD4: ='1'!G53 -> 0 | BE4: ='1'!G54 -> 75.2597 | BF4: ='1'!G55 -> -0.37 | BG4: ='1'!G56 -> 4007.88 | BH4: ='1'!G57 -> 0 | BI4: ='1'!G50 -> 887.18 | BJ4: =SUM(AV4,AW4,BF4,BG4) -> 4007.51 | BK4: ='1'!G84 -> 596 | BL4: =SUM(AQ4,AV4,AW4,AX4,BA4,BF4,BG4,BH4)/I4% -> 49.221008 | BM4: =SUM(AT4,BD4)/I4% -> 21.994616 | BN4: =(AS4+BC4)/I4 -> 0.10339184 | BO4: =K4+O4+R4+V4 -> 220538.37 | BP4: =SUM(AV4,AW4,AX4,BF4,BG4,BH4,BK4) -> 7004.75 | BQ4: =BP4/(AE4*280) -> 1.0542336 | BR4: =SUM(AV4,AW4,BF4,BG4)/(AE4*400) -> 0.42219869
A5: 2 | B5: 2 | D5: ='2'!D3 -> 30 | E5: ='2'!D4 -> 0.8 | F5: ='2'!D2 -> 0.3 | G5: ='2'!G8 -> 19518 | H5: ='2'!G8 -> 19518 | I5: ='2'!G7 -> 19432 | J5: 10 | K5: =H5*J5 -> 195180 | L5: =I5/202 -> 96.19802 | M5: ='2'!G15 -> 706.539 | N5: 35 | O5: =M5*N5 -> 24728.865 | P5: ='2'!G20 -> 185 | Q5: 134 | R5: =P5*Q5 -> 24790 | S5: =P5/(F5*202/100) -> 305.28053 | T5: ='2'!G24 -> 0 | U5: 69 | V5: =T5*U5 -> 0 | W5: ='2'!G95 -> 62 | X5: ='2'!G96 -> 36 | Y5: ='2'!G97 -> 14 | Z5: =W5+X5+Y5 -> 112 | AA5: ='2'!G132 -> 0 | AB5: ='2'!G133 -> 0 | AC5: ='2'!G134 -> 0 | AD5: ='2'!G135 -> 24 | AE5: =AA5+AB5+AC5+AD5 -> 24 | AF5: =AV5+AW5+BF5+BG5 -> 4613.87 | AG5: =AF5/AE5 -> 192.24458 | AH5: ='2'!G136 -> 8.12 | AI5: ='2'!G137 -> 0 | AJ5: ='2'!G138 -> 1.54 | AK5: =AH5+AI5+AJ5 -> 9.66 | AL5: ='2'!G139 -> 3.35 | AM5: ='2'!G140 -> 2.71 | AO5: =AL5+AM5 -> 6.06 | AP5: ='2'!G123 -> 203.858 | AQ5: ='2'!G35 -> 2528.08 | AR5: ='2'!G37 -> 1523.68 | AS5: ='2'!G38 -> 0 | AT5: ='2'!G39 -> 3998.4 | AU5: ='2'!G40 -> 0 | AV5: ='2'!G41 -> -0.07 | AW5: ='2'!G42 -> 0 | AX5: ='2'!G43 -> 2366.04 | AY5: ='2'!G44 -> 0 | AZ5: ='2'!G36 -> 595.21 | BA5: ='2'!G49 -> 0.014 | BB5: ='2'!G51 -> 0 | BC5: ='2'!G52 -> 1713.94 | BD5: ='2'!G53 -> 0 | BE5: ='2'!G54 -> 69.3053 | BF5: ='2'!G55 -> 0.1 | BG5: ='2'!G56 -> 4613.84 | BH5: ='2'!G57 -> 0 | BI5: ='2'!G50 -> 1344.42 | BJ5: =SUM(AV5,AW5,BF5,BG5) -> 4613.87 | BK5: ='2'!G84 -> 602 | BL5: =SUM(AQ5,AV5,AW5,AX5,BA5,BF5,BG5,BH5)/I5% -> 48.929621 | BM5: =SUM(AT5,BD5)/I5% -> 20.576369 | BN5: =(AS5+BC5)/I5 -> 0.088201935 | BO5: =K5+O5+R5+V5 -> 244698.87 | BP5: =SUM(AV5,AW5,AX5,BF5,BG5,BH5,BK5) -> 7581.91 | BQ5: =BP5/(AE5*280) -> 1.1282604
A6: 3 | B6: 3 | D6: ='3'!D3 -> 31 | E6: ='3'!D4 -> 0.8 | F6: ='3'!D2 -> 0.3 | G6: ='3'!G8 -> 18200 | H6: ='3'!G8 -> 18200 | I6: ='3'!G7 -> 18137 | J6: 10 | K6: =H6*J6 -> 182000 | L6: =I6/202 -> 89.787129 | M6: ='3'!G15 -> 445.86 | N6: 35 | O6: =M6*N6 -> 15605.1 | P6: ='3'!G20 -> 133 | Q6: 134 | R6: =P6*Q6 -> 17822 | S6: =P6/(F6*202/100) -> 219.47195 | T6: ='3'!G24 -> 0 | U6: 69 | V6: =T6*U6 -> 0 | W6: ='3'!G95 -> 39 | X6: ='3'!G96 -> 42 | Y6: ='3'!G97 -> 14 | Z6: =W6+X6+Y6 -> 95 | AA6: ='3'!G132 -> 0 | AB6: ='3'!G133 -> 0 | AC6: ='3'!G134 -> 0 | AD6: ='3'!G135 -> 24 | AE6: =AA6+AB6+AC6+AD6 -> 24 | AF6: =AV6+AW6+BF6+BG6 -> 4094.16 | AG6: =AF6/AE6 -> 170.59 | AH6: ='3'!G136 -> 0 | AI6: ='3'!G137 -> 0 | AJ6: ='3'!G138 -> 7.7 | AK6: =AH6+AI6+AJ6 -> 7.7 | AL6: ='3'!G139 -> 4.25 | AM6: ='3'!G140 -> 0 | AO6: =AL6+AM6 -> 4.25 | AP6: ='3'!G123 -> 148.517 | AQ6: ='3'!G35 -> 2530.8 | AR6: ='3'!G37 -> 1481.92 | AS6: ='3'!G38 -> 0 | AT6: ='3'!G39 -> 3926.64 | AU6: ='3'!G40 -> 0 | AV6: ='3'!G41 -> 0 | AW6: ='3'!G42 -> 0 | AX6: ='3'!G43 -> 2353.76 | AY6: ='3'!G44 -> 0 | AZ6: ='3'!G36 -> 552.72 | BA6: ='3'!G49 -> -0.002 | BB6: ='3'!G51 -> 0 | BC6: ='3'!G52 -> 1782.8 | BD6: ='3'!G53 -> 0 | BE6: ='3'!G54 -> 73.1676 | BF6: ='3'!G55 -> 0 | BG6: ='3'!G56 -> 4094.16 | BH6: ='3'!G57 -> 0 | BI6: ='3'!G50 -> 873.6 | BJ6: =SUM(AV6,AW6,BF6,BG6) -> 4094.16 | BK6: ='3'!G84 -> 598 | BL6: =SUM(AQ6,AV6,AW6,AX6,BA6,BF6,BG6,BH6)/I6% -> 49.504979 | BM6: =SUM(AT6,BD6)/I6% -> 21.649887 | BN6: =(AS6+BC6)/I6 -> 0.0982963 | BO6: =K6+O6+R6+V6 -> 215427.1 | BP6: =SUM(AV6,AW6,AX6,BF6,BG6,BH6,BK6) -> 7045.92 | BQ6: =BP6/(AE6*280) -> 1.0485
A7: 4 | B7: 4 | D7: ='4'!D3 -> 31 | E7: ='4'!D4 -> 0.8 | F7: ='4'!D2 -> 0.3 | G7: ='4'!G8 -> 17729 | H7: ='4'!G8 -> 17729 | I7: ='4'!G7 -> 17671 | J7: 10 | K7: =H7*J7 -> 177290 | L7: =I7/202 -> 87.480198 | M7: ='4'!G15 -> 331.514 | N7: 35 | O7: =M7*N7 -> 11602.99 | P7: ='4'!G20 -> 137 | Q7: 134 | R7: =P7*Q7 -> 18358 | S7: =P7/(F7*202/100) -> 226.07261 | T7: ='4'!G24 -> 0 | U7: 69 | V7: =T7*U7 -> 0 | W7: ='4'!G95 -> 39 | X7: ='4'!G96 -> 42 | Y7: ='4'!G97 -> 14 | Z7: =W7+X7+Y7 -> 95 | AA7: ='4'!G132 -> 0 | AB7: ='4'!G133 -> 0 | AC7: ='4'!G134 -> 0 | AD7: ='4'!G135 -> 23.98 | AE7: =AA7+AB7+AC7+AD7 -> 23.98 | AF7: =AV7+AW7+BF7+BG7 -> 3875.76 | AG7: =AF7/AE7 -> 161.62469 | AH7: ='4'!G136 -> 0 | AI7: ='4'!G137 -> 0 | AJ7: ='4'!G138 -> 0 | AK7: =AH7+AI7+AJ7 -> 0 | AL7: ='4'!G139 -> 5.19 | AM7: ='4'!G140 -> 0 | AO7: =AL7+AM7 -> 5.19 | AP7: ='4'!G123 -> 191.297 | AQ7: ='4'!G35 -> 2485.56 | AR7: ='4'!G37 -> 1454.85 | AS7: ='4'!G38 -> 0.2 | AT7: ='4'!G39 -> 3726.88 | AU7: ='4'!G40 -> 0 | AV7: ='4'!G41 -> 0 | AW7: ='4'!G42 -> 0 | AX7: ='4'!G43 -> 2343.68 | AY7: ='4'!G44 -> 0 | AZ7: ='4'!G36 -> 549.37 | BA7: ='4'!G49 -> -0.15 | BB7: ='4'!G51 -> 0 | BC7: ='4'!G52 -> 1499.6 | BD7: ='4'!G53 -> 0 | BE7: ='4'!G54 -> 71.3024 | BF7: ='4'!G55 -> 0 | BG7: ='4'!G56 -> 3875.76 | BH7: ='4'!G57 -> 0 | BI7: ='4'!G50 -> 947.6 | BJ7: =SUM(AV7,AW7,BF7,BG7) -> 3875.76 | BK7: ='3'!G84 -> 598 | BL7: =SUM(AQ7,AV7,AW7,AX7,BA7,BF7,BG7,BH7)/I7% -> 49.260653 | BM7: =SUM(AT7,BD7)/I7% -> 21.090374 | BN7: =(AS7+BC7)/I7 -> 0.084873522 | BO7: =K7+O7+R7+V7 -> 207250.99 | BP7: =SUM(AV7,AW7,AX7,BF7,BG7,BH7,BK7) -> 6817.44 | BQ7: =BP7/(AE7*280) -> 1.0153461
A8: 5 | B8: 5 | D8: ='5'!D3 -> 28 | E8: ='5'!D4 -> 0.76 | F8: ='5'!D2 -> 0.25 | G8: ='5'!G8 -> 18144 | H8: ='5'!G8 -> 18144 | I8: ='5'!G7 -> 18057 | J8: 10 | K8: =H8*J8 -> 181440 | L8: =I8/202 -> 89.391089 | M8: ='5'!G15 -> 465.094 | N8: 35 | O8: =M8*N8 -> 16278.29 | P8: ='5'!G20 -> 149 | Q8: 134 | R8: =P8*Q8 -> 19966 | S8: =P8/(F8*202/100) -> 295.0495 | T8: ='5'!G24 -> 0 | U8: 69 | V8: =T8*U8 -> 0 | W8: ='5'!G95 -> 91 | X8: ='5'!G96 -> 88 | Y8: ='5'!G97 -> 25 | Z8: =W8+X8+Y8 -> 204 | AA8: ='5'!G132 -> 0 | AB8: ='5'!G133 -> 0 | AC8: ='5'!G134 -> 0 | AD8: ='5'!G135 -> 24 | AE8: =AA8+AB8+AC8+AD8 -> 24 | AF8: =AV8+AW8+BF8+BG8 -> 4112.79 | AG8: =AF8/AE8 -> 171.36625 | AH8: ='5'!G136 -> 0.005 | AI8: ='5'!G137 -> 0 | AJ8: ='5'!G138 -> 8.75 | AK8: =AH8+AI8+AJ8 -> 8.755 | AL8: ='5'!G139 -> 5.12 | AM8: ='5'!G140 -> 0 | AO8: =AL8+AM8 -> 5.12 | AP8: ='5'!G123 -> 170.834 | AQ8: ='5'!G35 -> 2595.53 | AR8: ='5'!G37 -> 1501.19 | AS8: ='5'!G38 -> 0 | AT8: ='5'!G39 -> 3882 | AU8: ='5'!G40 -> 0 | AV8: ='5'!G41 -> 0 | AW8: ='5'!G42 -> -0.07 | AX8: ='5'!G43 -> 2369.52 | AY8: ='5'!G44 -> 0 | AZ8: ='5'!G36 -> 596.21 | BA8: ='5'!G49 -> 0.138 | BB8: ='5'!G51 -> 0 | BC8: ='5'!G52 -> 1811.36 | BD8: ='5'!G53 -> 0 | BE8: ='5'!G54 -> 74.5131 | BF8: ='5'!G55 -> 0 | BG8: ='5'!G56 -> 4112.86 | BH8: ='5'!G57 -> 0 | BI8: ='5'!G50 -> 908.48 | BJ8: =SUM(AV8,AW8,BF8,BG8) -> 4112.79 | BK8: ='5'!G84 -> 554 | BL8: =SUM(AQ8,AV8,AW8,AX8,BA8,BF8,BG8,BH8)/I8% -> 50.27401 | BM8: =SUM(AT8,BD8)/I8% -> 21.498588 | BN8: =(AS8+BC8)/I8 -> 0.10031345 | BO8: =K8+O8+R8+V8 -> 217684.29 | BP8: =SUM(AV8,AW8,AX8,BF8,BG8,BH8,BK8) -> 7036.31 | BQ8: =BP8/(AE8*280) -> 1.0470699
A9: 6 | B9: 6 | D9: ='6'!D3 -> 35 | E9: ='6'!D4 -> 0.8 | F9: ='6'!D2 -> 0.25 | G9: ='6'!G8 -> 18698 | H9: ='6'!G8 -> 18698 | I9: ='6'!G7 -> 18605 | J9: 10 | K9: =H9*J9 -> 186980 | L9: =I9/202 -> 92.10396 | M9: ='6'!G15 -> 617.474 | N9: 35 | O9: =M9*N9 -> 21611.59 | P9: ='6'!G20 -> 162 | Q9: 134 | R9: =P9*Q9 -> 21708 | S9: =P9/(F9*202/100) -> 320.79208 | T9: ='6'!G24 -> 0 | U9: 69 | V9: =T9*U9 -> 0 | W9: ='6'!G95 -> 72 | X9: ='6'!G96 -> 44 | Y9: ='6'!G97 -> 69 | Z9: =W9+X9+Y9 -> 185 | AA9: ='6'!G132 -> 0 | AB9: ='6'!G133 -> 0 | AC9: ='6'!G134 -> 0 | AD9: ='6'!G135 -> 24 | AE9: =AA9+AB9+AC9+AD9 -> 24 | AF9: =AV9+AW9+BF9+BG9 -> 4170.86 | AG9: =AF9/AE9 -> 173.78583 | AH9: ='6'!G136 -> 6.925 | AI9: ='6'!G137 -> 0 | AJ9: ='6'!G138 -> 0 | AK9: =AH9+AI9+AJ9 -> 6.925 | AL9: ='6'!G139 -> 4.98 | AM9: ='6'!G140 -> 0 | AO9: =AL9+AM9 -> 4.98 | AP9: ='6'!G123 -> 168.706 | AQ9: ='6'!G35 -> 2481.31 | AR9: ='6'!G37 -> 1516.44 | AS9: ='6'!G38 -> 0.18 | AT9: ='6'!G39 -> 3868.96 | AU9: ='6'!G40 -> 0 | AV9: ='6'!G41 -> 0 | AW9: ='6'!G42 -> 0 | AX9: ='6'!G43 -> 2406.84 | AY9: ='6'!G44 -> 0 | AZ9: ='6'!G36 -> 792.12 | BA9: ='6'!G49 -> -0.458 | BB9: ='6'!G51 -> 0 | BC9: ='6'!G52 -> 1767.4 | BD9: ='6'!G53 -> 0 | BE9: ='6'!G54 -> 75.3364 | BF9: ='6'!G55 -> 0 | BG9: ='6'!G56 -> 4170.86 | BH9: ='6'!G57 -> 0 | BI9: ='6'!G50 -> 922.38 | BJ9: =SUM(AV9,AW9,BF9,BG9) -> 4170.86 | BK9: ='6'!G84 -> 616 | BL9: =SUM(AQ9,AV9,AW9,AX9,BA9,BF9,BG9,BH9)/I9% -> 48.688804 | BM9: =SUM(AT9,BD9)/I9% -> 20.79527 | BN9: =(AS9+BC9)/I9 -> 0.095005644 | BO9: =K9+O9+R9+V9 -> 230299.59 | BP9: =SUM(AV9,AW9,AX9,BF9,BG9,BH9,BK9) -> 7193.7 | BQ9: =BP9/(AE9*280) -> 1.0704911
A10: 7 | B10: 7 | D10: ='7'!D3 -> 28 | E10: ='7'!D4 -> 0.78 | F10: ='7'!D2 -> 0.54 | G10: ='7'!G8 -> 18577 | H10: ='7'!G8 -> 18577 | I10: ='7'!G7 -> 18512 | J10: 10 | K10: =H10*J10 -> 185770 | L10: =I10/202 -> 91.643564 | M10: ='7'!G15 -> 527.368 | N10: 35 | O10: =M10*N10 -> 18457.88 | P10: ='7'!G20 -> 155 | Q10: 134 | R10: =P10*Q10 -> 20770 | S10: =P10/(F10*202/100) -> 142.09754 | T10: ='7'!G24 -> 0 | U10: 69 | V10: =T10*U10 -> 0 | W10: ='7'!G95 -> 45 | X10: ='7'!G96 -> 44 | Y10: ='7'!G97 -> 19 | Z10: =W10+X10+Y10 -> 108 | AA10: ='7'!G132 -> 0 | AB10: ='7'!G133 -> 0 | AC10: ='7'!G134 -> 0 | AD10: ='7'!G135 -> 24.47 | AE10: =AA10+AB10+AC10+AD10 -> 24.47 | AF10: =AV10+AW10+BF10+BG10 -> 4275.24 | AG10: =AF10/AE10 -> 174.71353 | AH10: ='7'!G136 -> 0 | AI10: ='7'!G137 -> -0.25 | AJ10: ='7'!G138 -> 9.22 | AK10: =AH10+AI10+AJ10 -> 8.97 | AL10: ='7'!G139 -> 5.48 | AM10: ='7'!G140 -> 0 | AO10: =AL10+AM10 -> 5.48 | AP10: ='7'!G123 -> 191.97 | AQ10: ='7'!G35 -> 2497.36 | AR10: ='7'!G37 -> 1537.76 | AS10: ='7'!G38 -> -0.38 | AT10: ='7'!G39 -> 4012.56 | AU10: ='7'!G40 -> 0 | AV10: ='7'!G41 -> 0 | AW10: ='7'!G42 -> 0 | AX10: ='7'!G43 -> 2337.48 | AY10: ='7'!G44 -> 0 | AZ10: ='7'!G36 -> 623.22 | BA10: ='7'!G49 -> 0 | BB10: ='7'!G51 -> 0 | BC10: ='7'!G52 -> 1702.34 | BD10: ='7'!G53 -> 0 | BE10: ='7'!G54 -> 72.6652 | BF10: ='7'!G55 -> 0 | BG10: ='7'!G56 -> 4275.24 | BH10: ='7'!G57 -> 0 | BI10: ='7'!G50 -> 946.34 | BJ10: =SUM(AV10,AW10,BF10,BG10) -> 4275.24 | BK10: ='7'!G84 -> 424 | BL10: =SUM(AQ10,AV10,AW10,AX10,BA10,BF10,BG10,BH10)/I10% -> 49.211755 | BM10: =SUM(AT10,BD10)/I10% -> 21.675454 | BN10: =(AS10+BC10)/I10 -> 0.091938202 | BO10: =K10+O10+R10+V10 -> 224997.88 | BP10: =SUM(AV10,AW10,AX10,BF10,BG10,BH10,BK10) -> 7036.72 | BQ10: =BP10/(AE10*280) -> 1.0270185
A11: 8 | B11: 8 | D11: ='8'!D3 -> 29 | E11: ='8'!D4 -> 0.79 | F11: ='8'!D2 -> 0.45 | G11: ='8'!G8 -> 19646 | H11: ='8'!G8 -> 19646 | I11: ='8'!G7 -> 19582 | J11: 10 | K11: =H11*J11 -> 196460 | L11: =I11/202 -> 96.940594 | M11: ='8'!G15 -> 379.039 | N11: 35 | O11: =M11*N11 -> 13266.365 | P11: ='8'!G20 -> 153 | Q11: 134 | R11: =P11*Q11 -> 20502 | S11: =P11/(F11*202/100) -> 168.31683 | T11: ='8'!G24 -> 0 | U11: 69 | V11: =T11*U11 -> 0 | W11: ='8'!G95 -> 41 | X11: ='8'!G96 -> 50 | Y11: ='8'!G97 -> 41 | Z11: =W11+X11+Y11 -> 132 | AA11: ='8'!G132 -> 0 | AB11: ='8'!G133 -> 0 | AC11: ='8'!G134 -> 0 | AD11: ='8'!G135 -> 23.53 | AE11: =AA11+AB11+AC11+AD11 -> 23.53 | AF11: =AV11+AW11+BF11+BG11 -> 4636.92 | AG11: =AF11/AE11 -> 197.06417 | AH11: ='8'!G136 -> 0 | AI11: ='8'!G137 -> 0.25 | AJ11: ='8'!G138 -> 0 | AK11: =AH11+AI11+AJ11 -> 0.25 | AL11: ='8'!G139 -> 6.1 | AM11: ='8'!G140 -> 0 | AO11: =AL11+AM11 -> 6.1 | AP11: ='8'!G123 -> 213.673 | AQ11: ='8'!G35 -> 2675.84 | AR11: ='8'!G37 -> 1574.52 | AS11: ='8'!G38 -> 0 | AT11: ='8'!G39 -> 4130.72 | AU11: ='8'!G40 -> 0 | AV11: ='8'!G41 -> 0 | AW11: ='8'!G42 -> 0 | AX11: ='8'!G43 -> 2425.52 | AY11: ='8'!G44 -> 0 | AZ11: ='8'!G36 -> 777.32 | BA11: ='8'!G49 -> 0 | BB11: ='8'!G51 -> 0 | BC11: ='8'!G52 -> 1753.74 | BD11: ='8'!G53 -> 0 | BE11: ='8'!G54 -> 74.8896 | BF11: ='8'!G55 -> 0 | BG11: ='8'!G56 -> 4636.92 | BH11: ='8'!G57 -> 0 | BI11: ='8'!G50 -> 1047.06 | BJ11: =SUM(AV11,AW11,BF11,BG11) -> 4636.92 | BK11: ='8'!G84 -> 411 | BL11: =SUM(AQ11,AV11,AW11,AX11,BA11,BF11,BG11,BH11)/I11% -> 49.730773 | BM11: =SUM(AT11,BD11)/I11% -> 21.094475 | BN11: =(AS11+BC11)/I11 -> 0.089558778 | BO11: =K11+O11+R11+V11 -> 230228.37 | BP11: =SUM(AV11,AW11,AX11,BF11,BG11,BH11,BK11) -> 7473.44 | BQ11: =BP11/(AE11*280) -> 1.1343331
A12: 9 | B12: 9 | D12: ='9'!D3 -> 29 | E12: ='9'!D4 -> 0.79 | F12: ='9'!D2 -> 0.45 | G12: ='9'!G8 -> 19646 | H12: ='9'!G8 -> 19646 | I12: ='9'!G7 -> 19582 | J12: 10 | K12: =H12*J12 -> 196460 | L12: =I12/202 -> 96.940594 | M12: ='9'!G15 -> 379.039 | N12: 35 | O12: =M12*N12 -> 13266.365 | P12: ='9'!G20 -> 153 | Q12: 134 | R12: =P12*Q12 -> 20502 | S12: =P12/(F12*202/100) -> 168.31683 | T12: ='9'!G24 -> 0 | U12: 69 | V12: =T12*U12 -> 0 | W12: ='9'!G95 -> 41 | X12: ='9'!G96 -> 50 | Y12: ='9'!G97 -> 41 | Z12: =W12+X12+Y12 -> 132 | AA12: ='9'!G132 -> 0 | AB12: ='9'!G133 -> 0 | AC12: ='9'!G134 -> 0 | AD12: ='9'!G135 -> 23.53 | AE12: =AA12+AB12+AC12+AD12 -> 23.53 | AF12: =AV12+AW12+BF12+BG12 -> 4636.92 | AG12: =AF12/AE12 -> 197.06417 | AH12: ='9'!G136 -> 0 | AI12: ='9'!G137 -> 0.25 | AJ12: ='9'!G138 -> 0 | AK12: =AH12+AI12+AJ12 -> 0.25 | AL12: ='9'!G139 -> 6.1 | AM12: ='9'!G140 -> 0 | AO12: =AL12+AM12 -> 6.1 | AP12: ='9'!G123 -> 213.673 | AQ12: ='9'!G35 -> 2675.84 | AR12: ='9'!G37 -> 1574.52 | AS12: ='9'!G38 -> 0 | AT12: ='9'!G39 -> 4130.72 | AU12: ='9'!G40 -> 0 | AV12: ='9'!G41 -> 0 | AW12: ='9'!G42 -> 0 | AX12: ='9'!G43 -> 2425.52 | AY12: ='9'!G44 -> 0 | AZ12: ='9'!G36 -> 777.32 | BA12: ='9'!G49 -> 0 | BB12: ='9'!G51 -> 0 | BC12: ='9'!G52 -> 1753.74 | BD12: ='9'!G53 -> 0 | BE12: ='9'!G54 -> 74.8896 | BF12: ='9'!G55 -> 0 | BG12: ='9'!G56 -> 4636.92 | BH12: ='9'!G57 -> 0 | BI12: ='9'!G50 -> 1047.06 | BJ12: =SUM(AV12,AW12,BF12,BG12) -> 4636.92 | BK12: ='8'!G84 -> 411 | BL12: =SUM(AQ12,AV12,AW12,AX12,BA12,BF12,BG12,BH12)/I12% -> 49.730773 | BM12: =SUM(AT12,BD12)/I12% -> 21.094475 | BN12: =(AS12+BC12)/I12 -> 0.089558778 | BO12: =K12+O12+R12+V12 -> 230228.37 | BP12: =SUM(AV12,AW12,AX12,BF12,BG12,BH12,BK12) -> 7473.44 | BQ12: =BP12/(AE12*280) -> 1.1343331
A13: 10 | B13: 10 | D13: ='10'!D3 -> 31 | E13: ='10'!D4 -> 0.82 | F13: ='10'!D2 -> 0.19 | G13: ='10'!G8 -> 37177 | H13: ='10'!G8 -> 37177 | I13: ='10'!G7 -> 37064 | J13: 10 | K13: =H13*J13 -> 371770 | L13: =I13/202 -> 183.48515 | M13: ='10'!G15 -> 1342.379 | N13: 35 | O13: =M13*N13 -> 46983.265 | P13: ='10'!G20 -> 266 | Q13: 134 | R13: =P13*Q13 -> 35644 | S13: =P13/(F13*202/100) -> 693.06931 | T13: ='10'!G24 -> 0 | U13: 69 | V13: =T13*U13 -> 0 | W13: ='10'!G95 -> 140 | X13: ='10'!G96 -> 93 | Y13: ='10'!G97 -> 35 | Z13: =W13+X13+Y13 -> 268 | AA13: ='10'!G132 -> 0 | AB13: ='10'!G133 -> 0 | AC13: ='10'!G134 -> -1 | AD13: ='10'!G135 -> 47.5 | AE13: =AA13+AB13+AC13+AD13 -> 46.5 | AF13: =AV13+AW13+BF13+BG13 -> 8054.69 | AG13: =AF13/AE13 -> 173.21914 | AH13: ='10'!G136 -> 14.23 | AI13: ='10'!G137 -> 0 | AJ13: ='10'!G138 -> 2.37 | AK13: =AH13+AI13+AJ13 -> 16.6 | AL13: ='10'!G139 -> 9.98 | AM13: ='10'!G140 -> 0 | AO13: =AL13+AM13 -> 9.98 | AP13: ='10'!G123 -> 351.637 | AQ13: ='10'!G35 -> 4846.49 | AR13: ='10'!G37 -> 2902.29 | AS13: ='10'!G38 -> 0 | AT13: ='10'!G39 -> 8066.85 | AU13: ='10'!G40 -> 0 | AV13: ='10'!G41 -> 0 | AW13: ='10'!G42 -> 0 | AX13: ='10'!G43 -> 4732.85 | AY13: ='10'!G44 -> 0 | AZ13: ='10'!G36 -> 1108.83 | BA13: ='10'!G49 -> 0.45 | BB13: ='10'!G51 -> 0 | BC13: ='10'!G52 -> 3624.73 | BD13: ='10'!G53 -> 0 | BE13: ='10'!G54 -> 148.8957 | BF13: ='10'!G55 -> 0 | BG13: ='10'!G56 -> 8054.69 | BH13: ='10'!G57 -> 0 | BI13: ='10'!G50 -> 2252.37 | BJ13: =SUM(AV13,AW13,BF13,BG13) -> 8054.69 | BK13: ='8'!G84 -> 411 | BL13: =SUM(AQ13,AV13,AW13,AX13,BA13,BF13,BG13,BH13)/I13% -> 47.578459 | BM13: =SUM(AT13,BD13)/I13% -> 21.76465 | BN13: =(AS13+BC13)/I13 -> 0.097796514 | BO13: =K13+O13+R13+V13 -> 454397.26 | BP13: =SUM(AV13,AW13,AX13,BF13,BG13,BH13,BK13) -> 13198.54 | BQ13: =BP13/(AE13*280) -> 1.0137127
A14: 11 | B14: 11 | D14: ='11'!D3 -> 31 | E14: ='11'!D4 -> 0.82 | F14: ='11'!D2 -> 0.22 | G14: ='11'!G8 -> 17356 | H14: ='11'!G8 -> 17356 | I14: ='11'!G7 -> 17244 | J14: 10 | K14: =H14*J14 -> 173560 | L14: =I14/202 -> 85.366337 | M14: ='11'!G15 -> 508 | N14: 35 | O14: =M14*N14 -> 17780 | P14: ='11'!G20 -> 236 | Q14: 134 | R14: =P14*Q14 -> 31624 | S14: =P14/(F14*202/100) -> 531.05311 | T14: ='11'!G24 -> 0 | U14: 69 | V14: =T14*U14 -> 0 | W14: ='11'!G95 -> 51 | X14: ='11'!G96 -> 57 | Y14: ='11'!G97 -> 15 | Z14: =W14+X14+Y14 -> 123 | AA14: ='11'!G132 -> 0 | AB14: ='11'!G133 -> 0 | AC14: ='11'!G134 -> 0 | AD14: ='11'!G135 -> 23.5 | AE14: =AA14+AB14+AC14+AD14 -> 23.5 | AF14: =AV14+AW14+BF14+BG14 -> 3361.34 | AG14: =AF14/AE14 -> 143.03574 | AH14: ='11'!G136 -> -0.31 | AI14: ='11'!G137 -> -0.25 | AJ14: ='11'!G138 -> 9.07 | AK14: =AH14+AI14+AJ14 -> 8.51 | AL14: ='11'!G139 -> 5.42 | AM14: ='11'!G140 -> 0 | AO14: =AL14+AM14 -> 5.42 | AP14: ='11'!G123 -> 193 | AQ14: ='11'!G35 -> 483 | AR14: ='11'!G37 -> 204 | AS14: ='11'!G38 -> 0 | AT14: ='11'!G39 -> 657 | AU14: ='11'!G40 -> 0 | AV14: ='11'!G41 -> 0 | AW14: ='11'!G42 -> 0.07 | AX14: ='11'!G43 -> 2350 | AY14: ='11'!G44 -> 0 | AZ14: ='11'!G36 -> 556 | BA14: ='11'!G49 -> 2024.17 | BB14: ='11'!G51 -> 0 | BC14: ='11'!G52 -> 1713 | BD14: ='11'!G53 -> 4110 | BE14: ='11'!G54 -> 65 | BF14: ='11'!G55 -> 0.27 | BG14: ='11'!G56 -> 3361 | BH14: ='11'!G57 -> 0 | BI14: ='11'!G50 -> 1072 | BJ14: =SUM(AV14,AW14,BF14,BG14) -> 3361.34 | BK14: ='11'!G84 -> 459 | BL14: =SUM(AQ14,AV14,AW14,AX14,BA14,BF14,BG14,BH14)/I14% -> 47.660114 | BM14: =SUM(AT14,BD14)/I14% -> 27.644398 | BN14: =(AS14+BC14)/I14 -> 0.0993389 | BO14: =K14+O14+R14+V14 -> 222964 | BP14: =SUM(AV14,AW14,AX14,BF14,BG14,BH14,BK14) -> 6170.34 | BQ14: =BP14/(AE14*280) -> 0.93774164
A15: 12 | B15: 12 | D15: ='12'!D3 -> 31 | E15: ='12'!D4 -> 0.82 | F15: ='12'!D2 -> 0.25 | G15: ='12'!G8 -> 17861 | H15: ='12'!G8 -> 17861 | I15: ='12'!G7 -> 17812 | J15: 10 | K15: =H15*J15 -> 178610 | L15: =I15/202 -> 88.178218 | M15: ='12'!G15 -> 370 | N15: 35 | O15: =M15*N15 -> 12950 | P15: ='12'!G20 -> 192 | Q15: 134 | R15: =P15*Q15 -> 25728 | S15: =P15/(F15*202/100) -> 380.19802 | T15: ='12'!G24 -> 0 | U15: 69 | V15: =T15*U15 -> 0 | W15: ='12'!G95 -> 43 | X15: ='12'!G96 -> 57 | Y15: ='12'!G97 -> 16 | Z15: =W15+X15+Y15 -> 116 | AA15: ='12'!G132 -> 0 | AB15: ='12'!G133 -> 0 | AC15: ='12'!G134 -> 0 | AD15: ='12'!G135 -> 24 | AE15: =AA15+AB15+AC15+AD15 -> 24 | AF15: =AV15+AW15+BF15+BG15 -> 3758.73 | AG15: =AF15/AE15 -> 156.61375 | AH15: ='12'!G136 -> 0 | AI15: ='12'!G137 -> 0 | AJ15: ='12'!G138 -> 0 | AK15: =AH15+AI15+AJ15 -> 0 | AL15: ='12'!G139 -> 5.99 | AM15: ='12'!G140 -> 0 | AO15: =AL15+AM15 -> 5.99 | AP15: ='12'!G123 -> 206 | AQ15: ='12'!G35 -> 0 | AR15: ='12'!G37 -> 0 | AS15: ='12'!G38 -> 0 | AT15: ='12'!G39 -> 0 | AU15: ='12'!G40 -> 0 | AV15: ='12'!G41 -> 0 | AW15: ='12'!G42 -> 0 | AX15: ='12'!G43 -> 2357 | AY15: ='12'!G44 -> 0 | AZ15: ='12'!G36 -> 552 | BA15: ='12'!G49 -> 2039 | BB15: ='12'!G51 -> 0 | BC15: ='12'!G52 -> 1691 | BD15: ='12'!G53 -> 3991 | BE15: ='12'!G54 -> 62 | BF15: ='12'!G55 -> -0.27 | BG15: ='12'!G56 -> 3759 | BH15: ='12'!G57 -> 0 | BI15: ='12'!G50 -> 1192 | BJ15: =SUM(AV15,AW15,BF15,BG15) -> 3758.73 | BK15: ='12'!G84 -> 462 | BL15: =SUM(AQ15,AV15,AW15,AX15,BA15,BF15,BG15,BH15)/I15% -> 45.782225 | BM15: =SUM(AT15,BD15)/I15% -> 22.406243 | BN15: =(AS15+BC15)/I15 -> 0.094935998 | BO15: =K15+O15+R15+V15 -> 217288 | BP15: =SUM(AV15,AW15,AX15,BF15,BG15,BH15,BK15) -> 6577.73 | BQ15: =BP15/(AE15*280) -> 0.97882887
A16: 13 | B16: 13 | D16: ='13'!D3 -> 32 | E16: ='13'!D4 -> 0.82 | F16: ='13'!D2 -> 0.5 | G16: ='13'!G8 -> 17476 | H16: ='13'!G8 -> 17476 | I16: ='13'!G7 -> 17390 | J16: 10 | K16: =H16*J16 -> 174760 | L16: =I16/202 -> 86.089109 | M16: ='13'!G15 -> 618.601 | N16: 35 | O16: =M16*N16 -> 21651.035 | P16: ='13'!G20 -> 153 | Q16: 134 | R16: =P16*Q16 -> 20502 | S16: =P16/(F16*202/100) -> 151.48515 | T16: ='13'!G24 -> 0 | U16: 69 | V16: =T16*U16 -> 0 | W16: ='13'!G95 -> 65 | X16: ='13'!G96 -> 48 | Y16: ='13'!G97 -> 13 | Z16: =W16+X16+Y16 -> 126 | AA16: ='13'!G132 -> 0 | AB16: ='13'!G133 -> 0 | AC16: ='13'!G134 -> 0 | AD16: ='13'!G135 -> 24 | AE16: =AA16+AB16+AC16+AD16 -> 24 | AF16: =AV16+AW16+BF16+BG16 -> 3984.64 | AG16: =AF16/AE16 -> 166.02667 | AH16: ='13'!G136 -> 0.37 | AI16: ='13'!G137 -> 7.24 | AJ16: ='13'!G138 -> 0.49 | AK16: =AH16+AI16+AJ16 -> 8.1 | AL16: ='13'!G139 -> 5.14 | AM16: ='13'!G140 -> -0.02 | AO16: =AL16+AM16 -> 5.12 | AP16: ='13'!G123 -> 178.241 | AQ16: ='13'!G35 -> 0 | AR16: ='13'!G37 -> 0 | AS16: ='13'!G38 -> 0 | AT16: ='13'!G39 -> 0 | AU16: ='13'!G40 -> 0 | AV16: ='13'!G41 -> 0.05 | AW16: ='13'!G42 -> 0 | AX16: ='13'!G43 -> 2302.55 | AY16: ='13'!G44 -> 0 | AZ16: ='13'!G36 -> 494.63 | BA16: ='13'!G49 -> 2070.141 | BB16: ='13'!G51 -> 4121.85 | BC16: ='13'!G52 -> 1723.35 | BD16: ='13'!G53 -> 0 | BE16: ='13'!G54 -> 63.6093 | BF16: ='13'!G55 -> 0 | BG16: ='13'!G56 -> 3984.59 | BH16: ='13'!G57 -> 0 | BI16: ='13'!G50 -> 1008.67 | BJ16: =SUM(AV16,AW16,BF16,BG16) -> 3984.64 | BK16: ='13'!G84 -> 531 | BL16: =SUM(AQ16,AV16,AW16,AX16,BA16,BF16,BG16,BH16)/I16% -> 48.058258 | BM16: =SUM(AT16,BD16)/I16% -> 0 | BN16: =(AS16+BC16)/I16 -> 0.099100058 | BO16: =K16+O16+R16+V16 -> 216913.04 | BP16: =SUM(AV16,AW16,AX16,BF16,BG16,BH16,BK16) -> 6818.19 | BQ16: =BP16/(AE16*280) -> 1.0146116
A17: 14 | B17: 14 | D17: ='14'!D3 -> 31 | E17: ='14'!D4 -> 0.82 | F17: ='14'!D2 -> 0.5 | G17: ='14'!G8 -> 18156 | H17: ='14'!G8 -> 18156 | I17: ='14'!G7 -> 18088 | J17: 10 | K17: =H17*J17 -> 181560 | L17: =I17/202 -> 89.544554 | M17: ='14'!G15 -> 361.776 | N17: 35 | O17: =M17*N17 -> 12662.16 | P17: ='14'!G20 -> 123 | Q17: 134 | R17: =P17*Q17 -> 16482 | S17: =P17/(F17*202/100) -> 121.78218 | T17: ='14'!G24 -> 0 | U17: 69 | V17: =T17*U17 -> 0 | W17: ='14'!G95 -> 45 | X17: ='14'!G96 -> 21.2 | Y17: ='14'!G97 -> 15 | Z17: =W17+X17+Y17 -> 81.2 | AA17: ='14'!G132 -> 0 | AB17: ='14'!G133 -> 0 | AC17: ='14'!G134 -> 0 | AD17: ='14'!G135 -> 24 | AE17: =AA17+AB17+AC17+AD17 -> 24 | AF17: =AV17+AW17+BF17+BG17 -> 4624.8 | AG17: =AF17/AE17 -> 192.7 | AH17: ='14'!G136 -> 0 | AI17: ='14'!G137 -> 0 | AJ17: ='14'!G138 -> -0.09 | AK17: =AH17+AI17+AJ17 -> -0.09 | AL17: ='14'!G139 -> 6 | AM17: ='14'!G140 -> 0.02 | AO17: =AL17+AM17 -> 6.02 | AP17: ='14'!G123 -> 208.289 | AQ17: ='14'!G35 -> 0 | AR17: ='14'!G37 -> 0 | AS17: ='14'!G38 -> 0 | AT17: ='14'!G39 -> 0 | AU17: ='14'!G40 -> 0 | AV17: ='14'!G41 -> 0 | AW17: ='14'!G42 -> 0 | AX17: ='14'!G43 -> 2387.24 | AY17: ='14'!G44 -> 0 | AZ17: ='14'!G36 -> 540.94 | BA17: ='14'!G49 -> 3101.312 | BB17: ='14'!G51 -> 1284.7459 | BC17: ='14'!G52 -> 1623.2 | BD17: ='14'!G53 -> 0 | BE17: ='14'!G54 -> 63.5447 | BF17: ='14'!G55 -> 0 | BG17: ='14'!G56 -> 4624.8 | BH17: ='14'!G57 -> 0 | BI17: ='14'!G50 -> 926.02 | BJ17: =SUM(AV17,AW17,BF17,BG17) -> 4624.8 | BK17: ='14'!G84 -> 485 | BL17: =SUM(AQ17,AV17,AW17,AX17,BA17,BF17,BG17,BH17)/I17% -> 55.911942 | BM17: =SUM(AT17,BD17)/I17% -> 0 | BN17: =(AS17+BC17)/I17 -> 0.089739054 | BO17: =K17+O17+R17+V17 -> 210704.16 | BP17: =SUM(AV17,AW17,AX17,BF17,BG17,BH17,BK17) -> 7497.04 | BQ17: =BP17/(AE17*280) -> 1.115631
A18: 15 | B18: 15 | D18: ='15'!D3 -> 29 | E18: ='15'!D4 -> 0.8 | F18: ='15'!D2 -> 0.5 | G18: ='15'!G8 -> 19281 | H18: ='15'!G8 -> 19281 | I18: ='15'!G7 -> 19222 | J18: 10 | K18: =H18*J18 -> 192810 | L18: =I18/202 -> 95.158416 | M18: ='15'!G15 -> 414.628 | N18: 35 | O18: =M18*N18 -> 14511.98 | P18: ='15'!G20 -> 112 | Q18: 134 | R18: =P18*Q18 -> 15008 | S18: =P18/(F18*202/100) -> 110.89109 | T18: ='15'!G24 -> 0 | U18: 69 | V18: =T18*U18 -> 0 | W18: ='15'!G95 -> 46 | X18: ='15'!G96 -> 22 | Y18: ='15'!G97 -> 12 | Z18: =W18+X18+Y18 -> 80 | AA18: ='15'!G132 -> 0 | AB18: ='15'!G133 -> 0 | AC18: ='15'!G134 -> 0 | AD18: ='15'!G135 -> 24 | AE18: =AA18+AB18+AC18+AD18 -> 24 | AF18: =AV18+AW18+BF18+BG18 -> 5319.14 | AG18: =AF18/AE18 -> 221.63083 | AH18: ='15'!G136 -> 0 | AI18: ='15'!G137 -> 0 | AJ18: ='15'!G138 -> -0.09 | AK18: =AH18+AI18+AJ18 -> -0.09 | AL18: ='15'!G139 -> 6.58 | AM18: ='15'!G140 -> 0 | AO18: =AL18+AM18 -> 6.58 | AP18: ='15'!G123 -> 230.37 | AQ18: ='15'!G35 -> 0 | AR18: ='15'!G37 -> 0 | AS18: ='15'!G38 -> 0 | AT18: ='15'!G39 -> 0 | AU18: ='15'!G40 -> 0 | AV18: ='15'!G41 -> 0 | AW18: ='15'!G42 -> 0 | AX18: ='15'!G43 -> 2364.6 | AY18: ='15'!G44 -> 0 | AZ18: ='15'!G36 -> 530.88 | BA18: ='15'!G49 -> 2554.388 | BB18: ='15'!G51 -> 1299.8829 | BC18: ='15'!G52 -> 1693.32 | BD18: ='15'!G53 -> 0 | BE18: ='15'!G54 -> 61.29 | BF18: ='15'!G55 -> 0 | BG18: ='15'!G56 -> 5319.14 | BH18: ='15'!G57 -> 0 | BI18: ='15'!G50 -> 1053.72 | BJ18: =SUM(AV18,AW18,BF18,BG18) -> 5319.14 | BK18: ='15'!G84 -> 482 | BL18: =SUM(AQ18,AV18,AW18,AX18,BA18,BF18,BG18,BH18)/I18% -> 53.262553 | BM18: =SUM(AT18,BD18)/I18% -> 0 | BN18: =(AS18+BC18)/I18 -> 0.08809281 | BO18: =K18+O18+R18+V18 -> 222329.98 | BP18: =SUM(AV18,AW18,AX18,BF18,BG18,BH18,BK18) -> 8165.74 | BQ18: =BP18/(AE18*280) -> 1.2151399
A19: 16 | B19: 16 | D19: ='16'!D3 -> 29 | E19: ='16'!D4 -> 0.8 | F19: ='16'!D2 -> 0.5 | G19: ='16'!G8 -> 19281 | H19: ='16'!G8 -> 19281 | I19: ='16'!G7 -> 19222 | J19: 10 | K19: =H19*J19 -> 192810 | L19: =I19/202 -> 95.158416 | M19: ='16'!G15 -> 414.628 | N19: 35 | O19: =M19*N19 -> 14511.98 | P19: ='16'!G20 -> 112 | Q19: 134 | R19: =P19*Q19 -> 15008 | S19: =P19/(F19*202/100) -> 110.89109 | T19: ='16'!G24 -> 0 | U19: 69 | V19: =T19*U19 -> 0 | W19: ='16'!G95 -> 46 | X19: ='16'!G96 -> 22 | Y19: ='16'!G97 -> 12 | Z19: =W19+X19+Y19 -> 80 | AA19: ='16'!G132 -> 0 | AB19: ='16'!G133 -> 0 | AC19: ='16'!G134 -> 0 | AD19: ='16'!G135 -> 24 | AE19: =AA19+AB19+AC19+AD19 -> 24 | AF19: =AV19+AW19+BF19+BG19 -> 5319.14 | AG19: =AF19/AE19 -> 221.63083 | AH19: ='16'!G136 -> 0 | AI19: ='16'!G137 -> 0 | AJ19: ='16'!G138 -> -0.09 | AK19: =AH19+AI19+AJ19 -> -0.09 | AL19: ='16'!G139 -> 6.58 | AM19: ='16'!G140 -> 0 | AO19: =AL19+AM19 -> 6.58 | AP19: ='16'!G123 -> 230.37 | AQ19: ='16'!G35 -> 0 | AR19: ='16'!G37 -> 0 | AS19: ='16'!G38 -> 0 | AT19: ='16'!G39 -> 0 | AU19: ='16'!G40 -> 0 | AV19: ='16'!G41 -> 0 | AW19: ='16'!G42 -> 0 | AX19: ='16'!G43 -> 2364.6 | AY19: ='16'!G44 -> 0 | AZ19: ='16'!G36 -> 530.88 | BA19: ='16'!G49 -> 2554.388 | BB19: ='16'!G51 -> 1299.8829 | BC19: ='16'!G52 -> 1693.32 | BD19: ='16'!G53 -> 0 | BE19: ='16'!G54 -> 61.29 | BF19: ='16'!G55 -> 0 | BG19: ='16'!G56 -> 5319.14 | BH19: ='16'!G57 -> 0 | BI19: ='16'!G50 -> 1053.72 | BJ19: =SUM(AV19,AW19,BF19,BG19) -> 5319.14 | BK19: ='16'!G84 -> 482 | BL19: =SUM(AQ19,AV19,AW19,AX19,BA19,BF19,BG19,BH19)/I19% -> 53.262553 | BM19: =SUM(AT19,BD19)/I19% -> 0 | BN19: =(AS19+BC19)/I19 -> 0.08809281 | BO19: =K19+O19+R19+V19 -> 222329.98 | BP19: =SUM(AV19,AW19,AX19,BF19,BG19,BH19,BK19) -> 8165.74 | BQ19: =BP19/(AE19*280) -> 1.2151399
A20: 17 | B20: 17 | D20: ='17'!D3 -> 28 | E20: ='17'!D4 -> 0.8 | F20: ='17'!D2 -> 0.5 | G20: ='17'!G8 -> 19940 | H20: ='17'!G8 -> 19940 | I20: ='17'!G7 -> 19868 | J20: 10 | K20: =H20*J20 -> 199400 | L20: =I20/202 -> 98.356436 | M20: ='17'!G15 -> 529.876 | N20: 35 | O20: =M20*N20 -> 18545.66 | P20: ='17'!G20 -> 155 | Q20: 134 | R20: =P20*Q20 -> 20770 | S20: =P20/(F20*202/100) -> 153.46535 | T20: ='17'!G24 -> 0 | U20: 69 | V20: =T20*U20 -> 0 | W20: ='17'!G95 -> 55 | X20: ='17'!G96 -> 24 | Y20: ='17'!G97 -> 26 | Z20: =W20+X20+Y20 -> 105 | AA20: ='17'!G132 -> 0 | AB20: ='17'!G133 -> 0 | AC20: ='17'!G134 -> 0 | AD20: ='17'!G135 -> 24.23 | AE20: =AA20+AB20+AC20+AD20 -> 24.23 | AF20: =AV20+AW20+BF20+BG20 -> 5385.33 | AG20: =AF20/AE20 -> 222.25877 | AH20: ='17'!G136 -> 0 | AI20: ='17'!G137 -> 1.36 | AJ20: ='17'!G138 -> 7.31 | AK20: =AH20+AI20+AJ20 -> 8.67 | AL20: ='17'!G139 -> 5.69 | AM20: ='17'!G140 -> 0 | AO20: =AL20+AM20 -> 5.69 | AP20: ='17'!G123 -> 202.009 | AQ20: ='17'!G35 -> 0 | AR20: ='17'!G37 -> 0 | AS20: ='17'!G38 -> 0 | AT20: ='17'!G39 -> 0 | AU20: ='17'!G40 -> 0 | AV20: ='17'!G41 -> 0 | AW20: ='17'!G42 -> 0 | AX20: ='17'!G43 -> 2391.81 | AY20: ='17'!G44 -> 0 | AZ20: ='17'!G36 -> 580.97 | BA20: ='17'!G49 -> 2613.133 | BB20: ='17'!G51 -> 844.69 | BC20: ='17'!G52 -> 1797.08 | BD20: ='17'!G53 -> 2150.28 | BE20: ='17'!G54 -> 66.8 | BF20: ='17'!G55 -> 0 | BG20: ='17'!G56 -> 5385.33 | BH20: ='17'!G57 -> 0 | BI20: ='17'!G50 -> 1165.73 | BJ20: =SUM(AV20,AW20,BF20,BG20) -> 5385.33 | BK20: ='17'!G84 -> 479 | BL20: =SUM(AQ20,AV20,AW20,AX20,BA20,BF20,BG20,BH20)/I20% -> 52.296522 | BM20: =SUM(AT20,BD20)/I20% -> 10.822831 | BN20: =(AS20+BC20)/I20 -> 0.090450976 | BO20: =K20+O20+R20+V20 -> 238715.66 | BP20: =SUM(AV20,AW20,AX20,BF20,BG20,BH20,BK20) -> 8256.14 | BQ20: =BP20/(AE20*280) -> 1.21693
A21: 18 | B21: 18 | D21: ='18'!D3 -> 29 | E21: ='18'!D4 -> 0.8 | F21: ='18'!D2 -> 0.5 | G21: ='18'!G8 -> 19399 | H21: ='18'!G8 -> 19399 | I21: ='18'!G7 -> 19329 | J21: 10 | K21: =H21*J21 -> 193990 | L21: =I21/202 -> 95.688119 | M21: ='18'!G15 -> 636.77 | N21: 35 | O21: =M21*N21 -> 22286.95 | P21: ='18'!G20 -> 136 | Q21: 134 | R21: =P21*Q21 -> 18224 | S21: =P21/(F21*202/100) -> 134.65347 | T21: ='18'!G24 -> 0 | U21: 69 | V21: =T21*U21 -> 0 | W21: ='18'!G95 -> 58 | X21: ='18'!G96 -> 34 | Y21: ='18'!G97 -> 23 | Z21: =W21+X21+Y21 -> 115 | AA21: ='18'!G132 -> 0 | AB21: ='18'!G133 -> 0 | AC21: ='18'!G134 -> 0 | AD21: ='18'!G135 -> 23.99 | AE21: =AA21+AB21+AC21+AD21 -> 23.99 | AF21: =AV21+AW21+BF21+BG21 -> 5039 | AG21: =AF21/AE21 -> 210.04585 | AH21: ='18'!G136 -> -0.15 | AI21: ='18'!G137 -> 5.96 | AJ21: ='18'!G138 -> 0 | AK21: =AH21+AI21+AJ21 -> 5.81 | AL21: ='18'!G139 -> 5.59 | AM21: ='18'!G140 -> 0 | AO21: =AL21+AM21 -> 5.59 | AP21: ='18'!G123 -> 199.52 | AQ21: ='18'!G35 -> 0 | AR21: ='18'!G37 -> 0 | AS21: ='18'!G38 -> 0 | AT21: ='18'!G39 -> 0 | AU21: ='18'!G40 -> 0 | AV21: ='18'!G41 -> 0 | AW21: ='18'!G42 -> 0 | AX21: ='18'!G43 -> 2444 | AY21: ='18'!G44 -> 0 | AZ21: ='18'!G36 -> 557 | BA21: ='18'!G49 -> 2508.84 | BB21: ='18'!G51 -> 1428.86 | BC21: ='18'!G52 -> 1769.41 | BD21: ='18'!G53 -> 629.72 | BE21: ='18'!G54 -> 38.97 | BF21: ='18'!G55 -> 0 | BG21: ='18'!G56 -> 5039 | BH21: ='18'!G57 -> 0 | BI21: ='18'!G50 -> 952 | BJ21: =SUM(AV21,AW21,BF21,BG21) -> 5039 | BK21: ='18'!G84 -> 484 | BL21: =SUM(AQ21,AV21,AW21,AX21,BA21,BF21,BG21,BH21)/I21% -> 51.693518 | BM21: =SUM(AT21,BD21)/I21% -> 3.2579026 | BN21: =(AS21+BC21)/I21 -> 0.091541725 | BO21: =K21+O21+R21+V21 -> 234500.95 | BP21: =SUM(AV21,AW21,AX21,BF21,BG21,BH21,BK21) -> 7967 | BQ21: =BP21/(AE21*280) -> 1.1860597
A22: 19 | B22: 19 | D22: ='19'!D3 -> 30 | E22: ='19'!D4 -> 0.8 | F22: ='19'!D2 -> 0.5 | G22: ='19'!G8 -> 19562 | H22: ='19'!G8 -> 19562 | I22: ='19'!G7 -> 19338 | J22: 10 | K22: =H22*J22 -> 195620 | L22: =I22/202 -> 95.732673 | M22: ='19'!G15 -> 563.12 | N22: 35 | O22: =M22*N22 -> 19709.2 | P22: ='19'!G20 -> 137 | Q22: 134 | R22: =P22*Q22 -> 18358 | S22: =P22/(F22*202/100) -> 135.64356 | T22: ='19'!G24 -> 0 | U22: 69 | V22: =T22*U22 -> 0 | W22: ='19'!G95 -> 46 | X22: ='19'!G96 -> 25 | Y22: ='19'!G97 -> 24 | Z22: =W22+X22+Y22 -> 95 | AA22: ='19'!G132 -> 0 | AB22: ='19'!G133 -> 0 | AC22: ='19'!G134 -> 0 | AD22: ='19'!G135 -> 24.2 | AE22: =AA22+AB22+AC22+AD22 -> 24.2 | AF22: =AV22+AW22+BF22+BG22 -> 4875.48 | AG22: =AF22/AE22 -> 201.46612 | AH22: ='19'!G136 -> 1.78 | AI22: ='19'!G137 -> 0 | AJ22: ='19'!G138 -> 6.14 | AK22: =AH22+AI22+AJ22 -> 7.92 | AL22: ='19'!G139 -> 5.96 | AM22: ='19'!G140 -> -0.08 | AO22: =AL22+AM22 -> 5.88 | AP22: ='19'!G123 -> 213.12 | AQ22: ='19'!G35 -> 0 | AR22: ='19'!G37 -> 0 | AS22: ='19'!G38 -> 0 | AT22: ='19'!G39 -> 0 | AU22: ='19'!G40 -> 0 | AV22: ='19'!G41 -> 0 | AW22: ='19'!G42 -> 0.48 | AX22: ='19'!G43 -> 2542.95 | AY22: ='19'!G44 -> 0 | AZ22: ='19'!G36 -> 579 | BA22: ='19'!G49 -> 2495.16 | BB22: ='19'!G51 -> 1411.45 | BC22: ='19'!G52 -> 1740 | BD22: ='19'!G53 -> 174.94 | BE22: ='19'!G54 -> 8.39 | BF22: ='19'!G55 -> 0 | BG22: ='19'!G56 -> 4875 | BH22: ='19'!G57 -> 0 | BI22: ='19'!G50 -> 1094 | BJ22: =SUM(AV22,AW22,BF22,BG22) -> 4875.48 | BK22: ='19'!G84 -> 490 | BL22: =SUM(AQ22,AV22,AW22,AX22,BA22,BF22,BG22,BH22)/I22% -> 51.264815 | BM22: =SUM(AT22,BD22)/I22% -> 0.90464371 | BN22: =(AS22+BC22)/I22 -> 0.089978281 | BO22: =K22+O22+R22+V22 -> 233687.2 | BP22: =SUM(AV22,AW22,AX22,BF22,BG22,BH22,BK22) -> 7908.43 | BQ22: =BP22/(AE22*280) -> 1.1671237
A23: 20 | B23: 20 | D23: ='20'!D3 -> 30 | E23: ='20'!D4 -> 0.81 | F23: ='20'!D2 -> 0.5 | G23: ='20'!G8 -> 19097 | H23: ='20'!G8 -> 19097 | I23: ='20'!G7 -> 18874 | J23: 10 | K23: =H23*J23 -> 190970 | L23: =I23/202 -> 93.435644 | M23: ='20'!G15 -> 640 | N23: 35 | O23: =M23*N23 -> 22400 | P23: ='20'!G20 -> 138 | Q23: 134 | R23: =P23*Q23 -> 18492 | S23: =P23/(F23*202/100) -> 136.63366 | T23: ='20'!G24 -> 0 | U23: 69 | V23: =T23*U23 -> 0 | W23: ='20'!G95 -> 65 | X23: ='20'!G96 -> 24 | Y23: ='20'!G97 -> 20 | Z23: =W23+X23+Y23 -> 109 | AA23: ='20'!G132 -> 0 | AB23: ='20'!G133 -> 0 | AC23: ='20'!G134 -> 0 | AD23: ='20'!G135 -> 24.06 | AE23: =AA23+AB23+AC23+AD23 -> 24.06 | AF23: =AV23+AW23+BF23+BG23 -> 4321.55 | AG23: =AF23/AE23 -> 179.61554 | AH23: ='20'!G136 -> 0 | AI23: ='20'!G137 -> 6.02 | AJ23: ='20'!G138 -> 0 | AK23: =AH23+AI23+AJ23 -> 6.02 | AL23: ='20'!G139 -> 5.99 | AM23: ='20'!G140 -> 0 | AO23: =AL23+AM23 -> 5.99 | AP23: ='20'!G123 -> 212.33 | AQ23: ='20'!G35 -> 0 | AR23: ='20'!G37 -> 0 | AS23: ='20'!G38 -> 0 | AT23: ='20'!G39 -> 0 | AU23: ='20'!G40 -> 0 | AV23: ='20'!G41 -> 0 | AW23: ='20'!G42 -> 0 | AX23: ='20'!G43 -> 2540.08 | AY23: ='20'!G44 -> 0 | AZ23: ='20'!G36 -> 584 | BA23: ='20'!G49 -> 2526.3 | BB23: ='20'!G51 -> 1387.74 | BC23: ='20'!G52 -> 1763.47 | BD23: ='20'!G576 -> 0 | BE23: ='20'!G54 -> 15.98 | BF23: ='20'!G55 -> 0 | BG23: ='20'!G56 -> 4321.55 | BH23: ='20'!G57 -> 0 | BI23: ='20'!G50 -> 1090.01 | BJ23: =SUM(AV23,AW23,BF23,BG23) -> 4321.55 | BK23: ='20'!G84 -> 489 | BL23: =SUM(AQ23,AV23,AW23,AX23,BA23,BF23,BG23,BH23)/I23% -> 49.740013 | BM23: =SUM(AT23,BD23)/I23% -> 0 | BN23: =(AS23+BC23)/I23 -> 0.093433824 | BO23: =K23+O23+R23+V23 -> 231862 | BP23: =SUM(AV23,AW23,AX23,BF23,BG23,BH23,BK23) -> 7350.63 | BQ23: =BP23/(AE23*280) -> 1.091116
A24: 21 | B24: 21 | D24: 21 | E24: ='21'!D4 -> 0.81 | F24: ='21'!D2 -> 0.5 | G24: ='21'!G8 -> 19510 | H24: ='21'!G8 -> 19510 | I24: ='21'!G7 -> 19287 | J24: 10 | K24: =H24*J24 -> 195100 | L24: =I24/202 -> 95.480198 | M24: ='21'!G15 -> 733 | N24: 35 | O24: =M24*N24 -> 25655 | P24: ='21'!G20 -> 158 | Q24: 134 | R24: =P24*Q24 -> 21172 | S24: =P24/(F24*202/100) -> 156.43564 | T24: ='21'!G24 -> 0 | U24: 69 | V24: =T24*U24 -> 0 | W24: ='21'!G95 -> 67 | X24: ='21'!G96 -> 28 | Y24: ='21'!G97 -> 30 | Z24: =W24+X24+Y24 -> 125 | AA24: ='21'!G132 -> 0 | AB24: ='21'!G133 -> 0 | AC24: ='21'!G134 -> 0 | AD24: ='21'!G135 -> 24.08 | AE24: =AA24+AB24+AC24+AD24 -> 24.08 | AF24: =AV24+AW24+BF24+BG24 -> 4688.72 | AG24: =AF24/AE24 -> 194.71429 | AH24: ='21'!G136 -> 7.59 | AI24: ='21'!G137 -> 0 | AJ24: ='21'!G138 -> 0.54 | AK24: =AH24+AI24+AJ24 -> 8.13 | AL24: ='21'!G139 -> 5.85 | AM24: ='21'!G140 -> 0 | AO24: =AL24+AM24 -> 5.85 | AP24: ='21'!G123 -> 209.08 | AQ24: ='21'!G35 -> 0 | AR24: ='21'!G37 -> 0 | AS24: ='21'!G38 -> 0.38 | AT24: ='21'!G39 -> 0 | AU24: ='21'!G40 -> 0 | AV24: ='21'!G41 -> 0 | AW24: ='21'!G42 -> 0 | AX24: ='21'!G43 -> 2540.92 | AY24: ='21'!G44 -> 0 | AZ24: ='21'!G36 -> 593.65 | BA24: ='21'!G49 -> 2502.92 | BB24: ='21'!G51 -> 1460.87 | BC24: ='21'!G52 -> 1776.88 | BD24: ='21'!G53 -> 3992.05 | BE24: ='21'!G54 -> 12.47 | BF24: ='21'!G55 -> 0 | BG24: ='21'!G56 -> 4688.72 | BH24: ='21'!G57 -> 0 | BI24: ='21'!G50 -> 1044.2 | BJ24: =SUM(AV24,AW24,BF24,BG24) -> 4688.72 | BK24: ='21'!G84 -> 485 | BL24: =SUM(AQ24,AV24,AW24,AX24,BA24,BF24,BG24,BH24)/I24% -> 50.461762 | BM24: =SUM(AT24,BD24)/I24% -> 20.698139 | BN24: =(AS24+BC24)/I24 -> 0.092148079 | BO24: =K24+O24+R24+V24 -> 241927 | BP24: =SUM(AV24,AW24,AX24,BF24,BG24,BH24,BK24) -> 7714.64 | BQ24: =BP24/(AE24*280) -> 1.1441979
A25: 22 | B25: 22 | D25: ='22'!D3 -> 30 | E25: ='22'!D4 -> 0.78 | F25: ='22'!D2 -> 0.5 | G25: ='22'!G8 -> 19518 | H25: ='22'!G8 -> 19518 | I25: ='22'!G7 -> 19321 | J25: 10 | K25: =H25*J25 -> 195180 | L25: =I25/202 -> 95.648515 | M25: ='22'!G15 -> 386 | N25: 35 | O25: =M25*N25 -> 13510 | P25: ='22'!G20 -> 171 | Q25: 134 | R25: =P25*Q25 -> 22914 | S25: =P25/(F25*202/100) -> 169.30693 | T25: ='22'!G24 -> 0 | U25: 69 | V25: =T25*U25 -> 0 | W25: ='22'!G95 -> 33 | X25: ='22'!G96 -> 36 | Y25: ='22'!G97 -> 33 | Z25: =W25+X25+Y25 -> 102 | AA25: ='22'!G132 -> 0 | AB25: ='22'!G133 -> 0 | AC25: ='22'!G134 -> 0 | AD25: ='22'!G135 -> 24.04 | AE25: =AA25+AB25+AC25+AD25 -> 24.04 | AF25: =AV25+AW25+BF25+BG25 -> 4842.76 | AG25: =AF25/AE25 -> 201.44592 | AH25: ='22'!G136 -> 0 | AI25: ='22'!G137 -> 0 | AJ25: ='22'!G138 -> 0 | AK25: =AH25+AI25+AJ25 -> 0 | AL25: ='22'!G139 -> 6.06 | AM25: ='22'!G140 -> 0 | AO25: =AL25+AM25 -> 6.06 | AP25: ='22'!G123 -> 214.13 | AQ25: ='22'!G35 -> 0 | AR25: ='22'!G37 -> 0 | AS25: ='22'!G38 -> 0 | AT25: ='22'!G39 -> 0 | AU25: ='22'!G40 -> 0 | AV25: ='22'!G41 -> 0 | AW25: ='22'!G42 -> 0 | AX25: ='22'!G43 -> 2571.72 | AY25: ='22'!G44 -> 0 | AZ25: ='22'!G36 -> 526.42 | BA25: ='22'!G49 -> 2714.1 | BB25: ='22'!G51 -> 1433.89 | BC25: ='22'!G52 -> 1660.72 | BD25: ='22'!G53 -> 3993.62 | BE25: ='22'!G54 -> 4.65 | BF25: ='22'!G55 -> 0 | BG25: ='22'!G56 -> 4842.76 | BH25: ='22'!G57 -> 0 | BI25: ='22'!G50 -> 1018.2 | BJ25: =SUM(AV25,AW25,BF25,BG25) -> 4842.76 | BK25: ='22'!G84 -> 480 | BL25: =SUM(AQ25,AV25,AW25,AX25,BA25,BF25,BG25,BH25)/I25% -> 52.422649 | BM25: =SUM(AT25,BD25)/I25% -> 20.669841 | BN25: =(AS25+BC25)/I25 -> 0.085954143 | BO25: =K25+O25+R25+V25 -> 231604 | BP25: =SUM(AV25,AW25,AX25,BF25,BG25,BH25,BK25) -> 7894.48 | BQ25: =BP25/(AE25*280) -> 1.1728191
A26: 23 | B26: 23 | D26: ='23'!D3 -> 30 | E26: ='23'!D4 -> 0.76 | F26: ='23'!D2 -> 0.5 | G26: ='23'!G8 -> 18175 | H26: ='23'!G8 -> 18175 | I26: ='23'!G7 -> 17852 | J26: 10 | K26: =H26*J26 -> 181750 | L26: =I26/202 -> 88.376238 | M26: ='23'!G15 -> 695.03 | N26: 35 | O26: =M26*N26 -> 24326.05 | P26: ='23'!G20 -> 155 | Q26: 134 | R26: =P26*Q26 -> 20770 | S26: =P26/(F26*202/100) -> 153.46535 | T26: ='23'!G24 -> 0 | U26: 69 | V26: =T26*U26 -> 0 | W26: ='23'!G95 -> 62 | X26: ='23'!G96 -> 27 | Y26: ='23'!G97 -> 27 | Z26: =W26+X26+Y26 -> 116 | AA26: ='23'!G132 -> 0 | AB26: ='23'!G133 -> 0 | AC26: ='23'!G134 -> 0 | AD26: ='23'!G135 -> 24.43 | AE26: =AA26+AB26+AC26+AD26 -> 24.43 | AF26: =AV26+AW26+BF26+BG26 -> 3616.32 | AG26: =AF26/AE26 -> 148.02783 | AH26: ='23'!G136 -> 7.47 | AI26: ='23'!G137 -> 0 | AJ26: ='23'!G138 -> 0.52 | AK26: =AH26+AI26+AJ26 -> 7.99 | AL26: ='23'!G139 -> 5.22 | AM26: ='23'!G140 -> 0 | AO26: =AL26+AM26 -> 5.22 | AP26: ='23'!G123 -> 186.22 | AQ26: ='23'!G35 -> 0 | AR26: ='23'!G37 -> 0 | AS26: ='23'!G38 -> 0 | AT26: ='23'!G39 -> 0 | AU26: ='23'!G40 -> 0 | AV26: ='23'!G41 -> 0 | AW26: ='23'!G42 -> 0 | AX26: ='23'!G43 -> 2376.6 | AY26: ='23'!G44 -> 0 | AZ26: ='23'!G36 -> 566.22 | BA26: ='23'!G49 -> 2466.98 | BB26: ='23'!G51 -> 1360.33 | BC26: ='23'!G52 -> 1770.84 | BD26: ='23'!G53 -> 4059.21 | BE26: ='23'!G54 -> 20.89 | BF26: ='23'!G55 -> 0 | BG26: ='23'!G56 -> 3616.32 | BH26: ='23'!G57 -> 0 | BI26: ='23'!G50 -> 981.7 | BJ26: =SUM(AV26,AW26,BF26,BG26) -> 3616.32 | BK26: ='23'!G84 -> 476 | BL26: =SUM(AQ26,AV26,AW26,AX26,BA26,BF26,BG26,BH26)/I26% -> 47.389088 | BM26: =SUM(AT26,BD26)/I26% -> 22.738125 | BN26: =(AS26+BC26)/I26 -> 0.099195608 | BO26: =K26+O26+R26+V26 -> 226846.05 | BP26: =SUM(AV26,AW26,AX26,BF26,BG26,BH26,BK26) -> 6468.92 | BQ26: =BP26/(AE26*280) -> 0.94569323
A27: 24 | B27: 24 | D27: ='24'!D3 -> 30 | E27: ='24'!D4 -> 0.82 | F27: ='24'!D2 -> 0.5 | G27: ='24'!G8 -> 17967 | H27: ='24'!G8 -> 17967 | I27: ='24'!G7 -> 17644 | J27: 10 | K27: =H27*J27 -> 179670 | L27: =I27/202 -> 87.346535 | M27: ='24'!G15 -> 613.17 | N27: 35 | O27: =M27*N27 -> 21460.95 | P27: ='24'!G20 -> 174 | Q27: 134 | R27: =P27*Q27 -> 23316 | S27: =P27/(F27*202/100) -> 172.27723 | T27: ='24'!G24 -> 0 | U27: 69 | V27: =T27*U27 -> 0 | W27: ='24'!G95 -> 73 | X27: ='24'!G96 -> 21 | Y27: ='24'!G97 -> 19 | Z27: =W27+X27+Y27 -> 113 | AA27: ='24'!G132 -> 0 | AB27: ='24'!G133 -> 0 | AC27: ='24'!G134 -> 0 | AD27: ='24'!G135 -> 24.2 | AE27: =AA27+AB27+AC27+AD27 -> 24.2 | AF27: =AV27+AW27+BF27+BG27 -> 3514.72 | AG27: =AF27/AE27 -> 145.23636 | AH27: ='24'!G136 -> 3.36 | AI27: ='24'!G137 -> 2.65 | AJ27: ='24'!G138 -> 0 | AK27: =AH27+AI27+AJ27 -> 6.01 | AL27: ='24'!G139 -> 5.43 | AM27: ='24'!G140 -> 0 | AO27: =AL27+AM27 -> 5.43 | AP27: ='24'!G123 -> 194.24 | AQ27: ='24'!G35 -> 0 | AR27: ='24'!G37 -> 0 | AS27: ='24'!G38 -> 0 | AT27: ='24'!G39 -> 0 | AU27: ='24'!G40 -> 0 | AV27: ='24'!G41 -> 0 | AW27: ='24'!G42 -> 0 | AX27: ='24'!G43 -> 2354.72 | AY27: ='24'!G44 -> 0 | AZ27: ='24'!G36 -> 543.64 | BA27: ='24'!G49 -> 2368.87 | BB27: ='24'!G51 -> 1360.59 | BC27: ='24'!G52 -> 1780.56 | BD27: ='24'!G53 -> 4093.36 | BE27: ='24'!G54 -> 18.86 | BF27: ='24'!G55 -> 0 | BG27: ='24'!G56 -> 3514.72 | BH27: ='24'!G57 -> 0 | BI27: ='24'!G50 -> 980.04 | BJ27: =SUM(AV27,AW27,BF27,BG27) -> 3514.72 | BK27: ='24'!G84 -> 503 | BL27: =SUM(AQ27,AV27,AW27,AX27,BA27,BF27,BG27,BH27)/I27% -> 46.69185 | BM27: =SUM(AT27,BD27)/I27% -> 23.199728 | BN27: =(AS27+BC27)/I27 -> 0.10091589 | BO27: =K27+O27+R27+V27 -> 224446.95 | BP27: =SUM(AV27,AW27,AX27,BF27,BG27,BH27,BK27) -> 6372.44 | BQ27: =BP27/(AE27*280) -> 0.94044274
A28: 25 | B28: 25 | D28: ='25'!D3 -> 31 | E28: ='25'!D4 -> 0.8 | F28: ='25'!D2 -> 0.5 | G28: ='25'!G8 -> 18627 | H28: ='25'!G8 -> 18627 | I28: ='25'!G7 -> 18314 | J28: 10 | K28: =H28*J28 -> 186270 | L28: =I28/202 -> 90.663366 | M28: ='25'!G15 -> 516.88 | N28: 35 | O28: =M28*N28 -> 18090.8 | P28: ='25'!G20 -> 155 | Q28: 134 | R28: =P28*Q28 -> 20770 | S28: =P28/(F28*202/100) -> 153.46535 | T28: ='25'!G24 -> 0 | U28: 69 | V28: =T28*U28 -> 0 | W28: ='25'!G95 -> 39 | X28: ='25'!G96 -> 24 | Y28: ='25'!G97 -> 18 | Z28: =W28+X28+Y28 -> 81 | AA28: ='25'!G132 -> 0 | AB28: ='25'!G133 -> 0 | AC28: ='25'!G134 -> 0 | AD28: ='25'!G135 -> 24.06 | AE28: =AA28+AB28+AC28+AD28 -> 24.06 | AF28: =AV28+AW28+BF28+BG28 -> 4159.56 | AG28: =AF28/AE28 -> 172.88279 | AH28: ='24'!G136 -> 3.36 | AI28: ='24'!G137 -> 2.65 | AJ28: ='24'!G138 -> 0 | AK28: =AH28+AI28+AJ28 -> 6.01 | AL28: ='23'!G139 -> 5.22 | AM28: ='24'!G140 -> 0 | AO28: =AL28+AM28 -> 5.22 | AP28: ='25'!G123 -> 196.63 | AQ28: ='25'!G35 -> 0 | AR28: ='25'!G37 -> 0 | AS28: ='25'!G38 -> 0 | AT28: ='25'!G39 -> 0 | AU28: ='25'!G40 -> 0 | AV28: ='25'!G41 -> 0 | AX28: ='25'!G43 -> 2413.52 | AY28: ='25'!G44 -> 0 | AZ28: ='25'!G36 -> 552.38 | BA28: ='25'!G49 -> 2412.11 | BB28: ='25'!G51 -> 1356.25 | BC28: ='25'!G52 -> 1692.4 | BD28: ='25'!G53 -> 4174.33 | BE28: ='24'!G54 -> 18.86 | BF28: ='25'!G55 -> 0 | BG28: ='25'!G56 -> 4159.56 | BH28: ='25'!G57 -> 0 | BI28: ='25'!G50 -> 958.86 | BJ28: =SUM(AV28,AW28,BF28,BG28) -> 4159.56 | BK28: ='25'!G84 -> 486 | BL28: =SUM(AQ28,AV28,AW28,AX28,BA28,BF28,BG28,BH28)/I28% -> 49.061865 | BM28: =SUM(AT28,BD28)/I28% -> 22.793109 | BN28: =(AS28+BC28)/I28 -> 0.092410178 | BO28: =K28+O28+R28+V28 -> 225130.8 | BP28: =SUM(AV28,AW28,AX28,BF28,BG28,BH28,BK28) -> 7059.08 | BQ28: =BP28/(AE28*280) -> 1.0478387
A29: 26 | B29: 26 | D29: ='26'!D3 -> 28 | E29: ='26'!D4 -> 0.85 | F29: ='26'!D2 -> 0.5 | G29: ='26'!G8 -> 18593 | H29: ='26'!G8 -> 18593 | I29: ='26'!G7 -> 18294 | J29: 10 | K29: =H29*J29 -> 185930 | L29: =I29/202 -> 90.564356 | M29: ='26'!G15 -> 411.925 | N29: 35 | O29: =M29*N29 -> 14417.375 | P29: ='26'!G20 -> 125 | Q29: 134 | R29: =P29*Q29 -> 16750 | S29: =P29/(F29*202/100) -> 123.76238 | T29: ='26'!G24 -> 0 | U29: 69 | V29: =T29*U29 -> 0 | W29: ='26'!G95 -> 41 | X29: ='26'!G96 -> 28 | Y29: ='26'!G97 -> 23 | Z29: =W29+X29+Y29 -> 92 | AA29: ='26'!G132 -> 0 | AB29: ='26'!G133 -> 0 | AC29: ='26'!G134 -> 0 | AD29: ='26'!G135 -> 23.81 | AE29: =AA29+AB29+AC29+AD29 -> 23.81 | AF29: =AV29+AW29+BF29+BG29 -> 4160.88 | AG29: =AF29/AE29 -> 174.75346 | AH29: ='26'!G136 -> -0.2 | AI29: ='26'!G137 -> 0 | AJ29: ='26'!G138 -> 0 | AK29: =AH29+AI29+AJ29 -> -0.2 | AL29: ='26'!G139 -> 5.82 | AM29: ='26'!G140 -> 0 | AO29: =AL29+AM29 -> 5.82 | AP29: ='26'!G123 -> 204.281 | AQ29: ='26'!G35 -> 0 | AR29: ='26'!G37 -> 0 | AS29: ='26'!G38 -> -0.38 | AT29: ='26'!G39 -> 0 | AU29: ='26'!G40 -> 0 | AV29: ='26'!G41 -> 0 | AW29: ='26'!G42 -> 0 | AX29: ='26'!G43 -> 2523.6 | AY29: ='26'!G44 -> 0 | AZ29: ='26'!G36 -> 634.24 | BA29: ='26'!G49 -> 2414.707 | BB29: ='26'!G51 -> 1416.394 | BC29: ='26'!G52 -> 1638.68 | BD29: ='26'!G53 -> 3992.471 | BE29: ='26'!G54 -> 23.3293 | BF29: ='26'!G55 -> 0 | BG29: ='26'!G56 -> 4160.88 | BH29: ='26'!G57 -> 0 | BI29: ='26'!G50 -> 1007.44 | BJ29: =SUM(AV29,AW29,BF29,BG29) -> 4160.88 | BK29: ='26'!G84 -> 491 | BL29: =SUM(AQ29,AV29,AW29,AX29,BA29,BF29,BG29,BH29)/I29% -> 49.738641 | BM29: =SUM(AT29,BD29)/I29% -> 21.823937 | BN29: =(AS29+BC29)/I29 -> 0.089553952 | BO29: =K29+O29+R29+V29 -> 217097.37 | BP29: =SUM(AV29,AW29,AX29,BF29,BG29,BH29,BK29) -> 7175.48 | BQ29: =BP29/(AE29*280) -> 1.0763005
A30: 27 | B30: 27 | D30: ='27'!D3 -> 28 | E30: ='27'!D4 -> 0.82 | F30: ='27'!D2 -> 0.3 | G30: ='27'!G8 -> 19471 | H30: ='27'!G8 -> 19471 | I30: ='27'!G7 -> 19216 | J30: 10 | K30: =H30*J30 -> 194710 | L30: =I30/202 -> 95.128713 | M30: ='27'!G15 -> 532.684 | N30: 35 | O30: =M30*N30 -> 18643.94 | P30: ='27'!G20 -> 137 | Q30: 134 | R30: =P30*Q30 -> 18358 | S30: =P30/(F30*202/100) -> 226.07261 | T30: ='27'!G24 -> 0 | U30: 69 | V30: =T30*U30 -> 0 | W30: ='27'!G95 -> 66 | X30: ='27'!G96 -> 21 | Y30: ='27'!G97 -> 23 | Z30: =W30+X30+Y30 -> 110 | AA30: ='27'!G132 -> 0 | AB30: ='27'!G133 -> 0 | AC30: ='27'!G134 -> 0 | AD30: ='27'!G135 -> 24.01 | AE30: =AA30+AB30+AC30+AD30 -> 24.01 | AF30: =AV30+AW30+BF30+BG30 -> 3939.12 | AG30: =AF30/AE30 -> 164.06164 | AH30: ='27'!G136 -> 4.31 | AI30: ='27'!G137 -> 0.86 | AJ30: ='27'!G138 -> 1.83 | AK30: =AH30+AI30+AJ30 -> 7 | AL30: ='27'!G139 -> 5.55 | AM30: ='27'!G140 -> 0 | AO30: =AL30+AM30 -> 5.55 | AP30: ='27'!G123 -> 197.399 | AQ30: ='27'!G35 -> 0.67 | AR30: ='27'!G37 -> 0 | AS30: ='27'!G38 -> 0 | AT30: ='27'!G39 -> 0 | AU30: ='27'!G40 -> 0 | AV30: ='27'!G41 -> 0 | AW30: ='27'!G42 -> 0 | AX30: ='27'!G43 -> 2518.76 | AY30: ='27'!G44 -> 0 | AZ30: ='27'!G36 -> 950.52 | BA30: ='27'!G49 -> 1485.884 | BB30: ='27'!G51 -> 1417.64 | BC30: ='27'!G52 -> 1687.6 | BD30: ='27'!G53 -> 4133.768 | BE30: ='27'!G54 -> 25.3077 | BF30: ='27'!G55 -> 0 | BG30: ='27'!G56 -> 3939.12 | BH30: ='27'!G57 -> 0 | BI30: ='27'!G50 -> 1426.96 | BJ30: =SUM(AV30,AW30,BF30,BG30) -> 3939.12 | BK30: ='27'!G84 -> 490 | BL30: =SUM(AQ30,AV30,AW30,AX30,BA30,BF30,BG30,BH30)/I30% -> 41.342808 | BM30: =SUM(AT30,BD30)/I30% -> 21.512115 | BN30: =(AS30+BC30)/I30 -> 0.087822648 | BO30: =K30+O30+R30+V30 -> 231711.94 | BP30: =SUM(AV30,AW30,AX30,BF30,BG30,BH30,BK30) -> 6947.88 | BQ30: =BP30/(AE30*280) -> 1.0334801
A31: 28 | B31: 28 | D31: ='28'!D3 -> 28 | E31: ='28'!D4 -> 0.82 | F31: ='28'!D2 -> 0.3 | G31: ='28'!G8 -> 19772 | H31: ='28'!G8 -> 19772 | I31: ='28'!G7 -> 19557 | J31: 10 | K31: =H31*J31 -> 197720 | L31: =I31/202 -> 96.816832 | M31: ='28'!G15 -> 805.717 | N31: 35 | O31: =M31*N31 -> 28200.095 | P31: ='28'!G20 -> 195 | Q31: 134 | R31: =P31*Q31 -> 26130 | S31: =P31/(F31*202/100) -> 321.78218 | T31: ='28'!G24 -> 0 | U31: 69 | V31: =T31*U31 -> 0 | W31: ='28'!G95 -> 86 | X31: ='28'!G96 -> 30 | Y31: ='28'!G97 -> 31 | Z31: =W31+X31+Y31 -> 147 | AA31: ='28'!G132 -> 0 | AB31: ='28'!G133 -> 0 | AC31: ='28'!G134 -> 0 | AD31: ='28'!G135 -> 24.11 | AE31: =AA31+AB31+AC31+AD31 -> 24.11 | AF31: =AV31+AW31+BF31+BG31 -> 4080.96 | AG31: =AF31/AE31 -> 169.26421 | AH31: ='28'!G136 -> 9.01 | AI31: ='28'!G137 -> 0 | AJ31: ='28'!G138 -> 0 | AK31: =AH31+AI31+AJ31 -> 9.01 | AL31: ='28'!G139 -> 5.67 | AM31: ='28'!G140 -> 0 | AO31: =AL31+AM31 -> 5.67 | AP31: ='28'!G123 -> 202.761 | AQ31: ='28'!G35 -> 0 | AR31: ='28'!G37 -> 0 | AS31: ='28'!G38 -> 0 | AT31: ='28'!G39 -> 0 | AU31: ='28'!G40 -> 0 | AV31: ='28'!G41 -> 0 | AW31: ='28'!G42 -> 0.05 | AX31: ='28'!G43 -> 2542.28 | AY31: ='28'!G44 -> 0 | AZ31: ='28'!G36 -> 903.56 | BA31: ='28'!G49 -> 3666.296 | BB31: ='28'!G51 -> 1446.515 | BC31: ='28'!G52 -> 1864.36 | BD31: ='28'!G53 -> 4127.494 | BE31: ='28'!G54 -> 4.5865 | BF31: ='28'!G55 -> 0.27 | BG31: ='28'!G56 -> 4080.64 | BH31: ='28'!G57 -> 0 | BI31: ='28'!G50 -> 1171.68 | BJ31: =SUM(AV31,AW31,BF31,BG31) -> 4080.96 | BK31: ='28'!G84 -> 443 | BL31: =SUM(AQ31,AV31,AW31,AX31,BA31,BF31,BG31,BH31)/I31% -> 52.613059 | BM31: =SUM(AT31,BD31)/I31% -> 21.104945 | BN31: =(AS31+BC31)/I31 -> 0.09532955 | BO31: =K31+O31+R31+V31 -> 252050.09 | BP31: =SUM(AV31,AW31,AX31,BF31,BG31,BH31,BK31) -> 7066.24 | BQ31: =BP31/(AE31*280) -> 1.0467263
A32: 29 | B32: 29 | D32: ='29'!D3 -> 30 | E32: ='29'!D4 -> 0.8 | F32: ='29'!D2 -> 0.3 | G32: ='29'!G8 -> 21286 | H32: ='29'!G8 -> 21286 | I32: ='29'!G7 -> 21144 | J32: 10 | K32: =H32*J32 -> 212860 | L32: =I32/202 -> 104.67327 | M32: ='29'!G15 -> 795.008 | N32: 35 | O32: =M32*N32 -> 27825.28 | P32: ='29'!G20 -> 201 | Q32: 134 | R32: =P32*Q32 -> 26934 | S32: =P32/(F32*202/100) -> 331.68317 | T32: ='29'!G24 -> 0 | U32: 69 | V32: =T32*U32 -> 0 | W32: ='29'!G95 -> 72 | X32: ='29'!G96 -> 32 | Y32: ='29'!G97 -> 35 | Z32: =W32+X32+Y32 -> 139 | AA32: ='29'!G132 -> 0 | AB32: ='29'!G133 -> 0 | AC32: ='29'!G134 -> 0 | AD32: ='29'!G135 -> 24.03 | AE32: =AA32+AB32+AC32+AD32 -> 24.03 | AF32: =AV32+AW32+BF32+BG32 -> 5257.93 | AG32: =AF32/AE32 -> 218.80691 | AH32: ='29'!G136 -> 7.71 | AI32: ='29'!G137 -> 0 | AJ32: ='29'!G138 -> 0 | AK32: =AH32+AI32+AJ32 -> 7.71 | AL32: ='29'!G139 -> 5.86 | AM32: ='29'!G140 -> 0 | AO32: =AL32+AM32 -> 5.86 | AP32: ='29'!G123 -> 210.212 | AQ32: ='29'!G35 -> 0 | AR32: ='29'!G37 -> 0 | AS32: ='29'!G38 -> 0 | AT32: ='29'!G39 -> 0 | AU32: ='29'!G40 -> 0 | AV32: ='29'!G41 -> 0 | AW32: ='29'!G42 -> 0 | AX32: ='29'!G43 -> 2512 | AY32: ='29'!G44 -> 0 | AZ32: ='29'!G36 -> 933.1 | BA32: ='29'!G49 -> 2733.496 | BB32: ='29'!G51 -> 1482.292 | BC32: ='29'!G52 -> 1856.56 | BD32: ='29'!G53 -> 4153.976 | BE32: ='29'!G54 -> 2.9172 | BF32: ='29'!G55 -> -0.27 | BG32: ='29'!G56 -> 5258.2 | BH32: ='29'!G57 -> 0 | BI32: ='29'!G50 -> 1489.12 | BJ32: =SUM(AV32,AW32,BF32,BG32) -> 5257.93 | BK32: ='29'!G84 -> 498 | BL32: =SUM(AQ32,AV32,AW32,AX32,BA32,BF32,BG32,BH32)/I32% -> 49.675681 | BM32: =SUM(AT32,BD32)/I32% -> 19.646122 | BN32: =(AS32+BC32)/I32 -> 0.087805524 | BO32: =K32+O32+R32+V32 -> 267619.28 | BP32: =SUM(AV32,AW32,AX32,BF32,BG32,BH32,BK32) -> 8267.93 | BQ32: =BP32/(AE32*280) -> 1.2288107
A33: 30 | B33: 30 | D33: ='30'!D33 -> 0 | E33: ='30'!D4 -> 0.8 | F33: ='30'!D2 -> 0.3 | G33: ='30'!G8 -> 21390 | H33: ='30'!G8 -> 21390 | I33: ='30'!G7 -> 21224 | J33: 10 | K33: =H33*J33 -> 213900 | L33: =I33/202 -> 105.06931 | M33: ='30'!G15 -> 675.187 | N33: 35 | O33: =M33*N33 -> 23631.545 | P33: ='30'!G20 -> 197 | Q33: 134 | R33: =P33*Q33 -> 26398 | S33: =P33/(F33*202/100) -> 325.08251 | T33: ='30'!G24 -> 0 | U33: 69 | V33: =T33*U33 -> 0 | W33: ='30'!G95 -> 74 | X33: ='30'!G96 -> 32 | Y33: ='30'!G97 -> 50 | Z33: =W33+X33+Y33 -> 156 | AA33: ='30'!G132 -> 0 | AB33: ='30'!G133 -> 0 | AC33: ='30'!G134 -> 0 | AD33: ='30'!G135 -> 24.18 | AE33: =AA33+AB33+AC33+AD33 -> 24.18 | AF33: =AV33+AW33+BF33+BG33 -> 0 | AG33: =AF33/AE33 -> 0 | AH33: ='30'!G136 -> 6.27 | AI33: ='30'!G137 -> 0 | AJ33: ='30'!G138 -> 0 | AK33: =AH33+AI33+AJ33 -> 6.27 | AL33: ='30'!G139 -> 5.55 | AM33: ='30'!G140 -> 0 | AO33: =AL33+AM33 -> 5.55 | AP33: ='30'!G123 -> 194.787 | AQ33: ='30'!G35 -> 0 | AR33: ='30'!G37 -> 0 | AS33: ='30'!G38 -> 0 | AT33: ='30'!G39 -> 0 | AU33: ='30'!G40 -> 0 | AV33: ='30'!G41 -> 0 | AW33: ='30'!G42 -> 0 | AX33: ='30'!G43 -> 2319.16 | AY33: ='30'!G44 -> 0 | AZ33: ='30'!G36 -> 0 | BA33: ='30'!BA33 -> 0 | BB33: ='30'!BA4 -> 0 | BC33: ='30'!BA2 -> 0 | BD33: ='30'!BD8 -> 0 | BE33: ='30'!BC7 -> 0 | BF33: ='30'!BD7 -> 0 | BG33: ='30'!G57 -> 0 | BH33: ='30'!H57 -> 0 | BI33: =BF33/202 -> 0 | BJ33: =SUM(AV33,AW33,BF33,BG33) -> 0 | BK33: ='31'!G84 -> -44441 | BL33: =SUM(AQ33,AV33,AW33,AX33,BA33,BF33,BG33,BH33)/I33% -> 10.927064 | BM33: =SUM(AT33,BD33)/I33% -> 0 | BN33: =(AS33+BC33)/I33 -> 0 | BO33: =K33+O33+R33+V33 -> 263929.54 | BP33: =SUM(AV33,AW33,AX33,BF33,BG33,BH33,BK33) -> -42121.84 | BQ33: =BP33/(AE33*280) -> -6.2214699
A34: 31 | B34: 31 | D34: ='31'!D33 -> 0 | E34: ='31'!D4 -> 0.8 | F34: ='31'!D2 -> 0.3 | G34: ='31'!G8 -> -1587613 | H34: ='31'!G8 -> -1587613 | I34: ='31'!G7 -> -1578501 | J34: 10 | K34: =H34*J34 -> -15876130 | L34: =I34/202 -> -7814.3614 | M34: ='31'!G46 -> 0 | N34: 35 | O34: =M34*N34 -> 0 | P34: ='30'!G20 -> 197 | Q34: 134 | R34: =P34*Q34 -> 26398 | S34: =P34/(F34*202/100) -> 325.08251 | T34: ='31'!G25 -> 0 | U34: 69 | V34: =T34*U34 -> 0 | W34: ='31'!G96 -> -1959 | X34: ='31'!G97 -> -1613 | Y34: ='31'!G98 -> -2568 | Z34: =W34+X34+Y34 -> -6140 | AA34: ='31'!G133 -> -1300.66 | AB34: ='31'!G134 -> 1.27 | AC34: ='31'!G135 -> -902.36 | AD34: ='31'!G136 -> -152.36 | AE34: =AA34+AB34+AC34+AD34 -> -2354.11 | AF34: =AV34+AW34+BF34+BG34 -> -451955.68 | AG34: =AF34/AE34 -> 191.9858 | AH34: ='31'!G137 -> -93.95 | AI34: ='31'!G138 -> -237 | AJ34: ='30'!G139 -> 5.55 | AK34: =AH34+AI34+AJ34 -> -325.4 | AL34: ='31'!G140 -> -43.82 | AM34: ='31'!G141 -> 0 | AO34: =AL34+AM34 -> -43.82 | AP34: ='31'!G124 -> -1.2 | AQ34: ='31'!G36 -> -54838.4 | AR34: ='31'!G38 -> 0 | AS34: ='31'!G39 -> -239151.85 | AT34: ='31'!G40 -> 0 | AU34: ='31'!G41 -> 0.02 | AV34: ='31'!G42 -> -241074.21 | AW34: ='31'!G43 -> -204539.8 | AX34: ='31'!G44 -> 0 | AY34: ='31'!G45 -> 0 | AZ34: ='31'!G37 -> -101861.61 | BA34: ='31'!BA34 -> 0 | BB34: ='31'!BA5 -> 0 | BC34: ='31'!BA3 -> 0 | BD34: ='31'!BD9 -> 0 | BE34: ='31'!BC8 -> 0 | BF34: ='31'!BD8 -> 0 | BG34: ='31'!G58 -> -6341.673 | BH34: ='31'!H58 -> -3879.926 | BI34: =BF34/202 -> 0 | BJ34: =SUM(AV34,AW34,BF34,BG34) -> -451955.68 | BK34: ='31'!G85 -> -157348.05 | BL34: =SUM(AQ34,AV34,AW34,AX34,BA34,BF34,BG34,BH34)/I34% -> 32.351833 | BM34: =SUM(AT34,BD34)/I34% -> 0 | BN34: =(AS34+BC34)/I34 -> 0.15150567 | BO34: =K34+O34+R34+V34 -> -15849732 | BP34: =SUM(AV34,AW34,AX34,BF34,BG34,BH34,BK34) -> -613183.66 | BQ34: =BP34/(AE34*280) -> 0.93026309
D35: =AVERAGE(D4:D34) -> 27.677419 | F35: =AVERAGE(F4:F34) -> 0.39677419 | G35: =AVERAGE(G4:G34) -> -32255.774 | I35: =AVERAGE(I4:I34) -> -32098.226 | AH35: =SUM(AH4:AH34) -> -14.1 | AJ35: =SUM(AJ4:AJ34) -> 69.46 | BL35: =AQ35+BA35/I38 -> 0 | BN35: =(AS35+BC35)/I38 -> 0 | BP35: =SUM(AV35,AW35,AX35,BF35,BG35,BH35,BK35) -> 0 | BQ35: =BP35/(AE35*280) -> #DIV/0!
F36: =AVERAGE(F4:F34) -> 0.39677419 | M36: =AVERAGE(M4:M34) -> 545.6079 | P36: =AVERAGE(P4:P35) -> 162.80645 | AL36: =SUM(AL4:AL35) -> 127.34 | AM36: =SUM(AM4:AM35) -> 2.63 | BL36: =AQ36+BA36/I39 -> #DIV/0! | BN36: =(SUM(AS36+AR36+AU36+BB36+BC36+BE36))/I36 -> #DIV/0! | BP36: =SUM(AV36,AW36,AX36,BF36,BG36,BH36,BK36) -> 0 | BQ36: =BP36/(AE36*280) -> #DIV/0!
B37: =B18-B17 -> 1 | C37: =C18-C17 -> 0 | D37: =D18-D17 -> -2 | E37: =E18-E17 -> -0.02 | F37: =F18-F17 -> 0 | I37: =I18-I17 -> 1134 | J37: =J18-J17 -> 0 | K37: =K18-K17 -> 11250 | L37: =L18-L17 -> 5.6138614 | M37: =M18-M17 -> 52.852 | N37: =N18-N17 -> 0 | O37: =O18-O17 -> 1849.82 | P37: =P18-P17 -> -11 | ... AO37: =AO18-AO17 -> 0.56 | AQ37: =AQ18-AQ17 -> 0 | AR37: =AR18-AR17 -> 0 | AS37: =AS18-AS17 -> 0 | AT37: =AT18-AT17 -> 0 | AU37: =AU18-AU17 -> 0 | AV37: =AV18-AV17 -> 0 | AW37: =AW18-AW17 -> 0 | AX37: =AX18-AX17 -> -22.64 | BA37: =BA18-BA17 -> -546.924 | BB37: =BB18-BB17 -> 15.137 | BC37: =BC18-BC17 -> 70.12 | BD37: =BD18-BD17 -> 0 | BE37: =BE18-BE17 -> -2.2547 | BF37: =BF18-BF17 -> 0 | BG37: =BG18-BG17 -> 694.34 | BH37: =BH18-BH17 -> 0 | BL37: =BL18-BL17 -> -2.6493883 | BM37: =BM18-BM17 -> 0 | BO37: =BO18-BO17 -> 11625.82 | BP37: =BP18-BP17 -> 668.7
F38: =AVERAGE(F4:F34) -> 0.39677419 | I38: =AVERAGE(I4:I34) -> -32098.226
B39: Guest complaint | F39: =AVERAGE(F4:F35) -> 0.39677419
BJ42: =(BJ31+BK31)/400 -> 11.3099

Sheet Water Report
C3: Date | D3: 1 | E3: 2 | F3: 3 | G3: 4 | H3: 5 | I3: 6 | J3: 7 | K3: 8 | L3: 9 | M3: 10 | N3: 11 | O3: 12 | P3: 13 | Q3: 14 | R3: 15 | S3: 16 | T3: 17 | U3: 18 | V3: 19 | W3: 20 | X3: 21 | Y3: 22 | Z3: 23 | AA3: 24 | AB3: 25 | AC3: 26 | AD3: 27 | AE3: 28 | AF3: 29 | AG3: 30 | AH3: 31
C4: occupancy | D4: ='[2]1'!F3 -> 0.5 | E4: ='[2]2'!F3 -> 0.1 | F4: ='[2]3'!F3 -> 0.5
C5: Tanker | D5: ='1'!G18 -> 140 | E5: ='2'!G18 -> 130 | F5: ='3'!G18 -> 80 | G5: ='4'!G18 -> 90 | H5: ='5'!G18 -> 100 | I5: ='6'!G18 -> 110 | J5: ='7'!G18 -> 110 | K5: ='8'!G18 -> 100 | L5: ='9'!G18 -> 100 | M5: ='10'!G18 -> 160 | N5: ='11'!G18 -> 180 | O5: ='12'!G18 -> 140 | P5: ='13'!G18 -> 100 | Q5: ='14'!G18 -> 80 | R5: ='15'!G18 -> 60 | S5: ='16'!G18 -> 60 | T5: ='17'!G18 -> 100 | U5: ='18'!G18 -> 80 | V5: ='19'!G18 -> 80 | W5: ='20'!G18 -> 80 | X5: ='21'!G18 -> 100 | Y5: ='22'!G18 -> 120 | Z5: ='23'!G18 -> 100 | AA5: ='24'!G18 -> 120 | AB5: ='25'!G18 -> 100 | AC5: ='26'!G18 -> 70 | AD5: ='27'!G18 -> 80 | AE5: ='28'!G18 -> 140 | AF5: ='29'!G18 -> 140 | AG5: ='30'!G18 -> 140 | AH5: ='31'!G18 -> 40
C6: BMC | D6: ='1'!G19 -> 55 | E6: ='2'!G19 -> 55 | F6: ='3'!G19 -> 53 | G6: ='4'!G19 -> 47 | H6: ='5'!G19 -> 49 | I6: ='6'!G19 -> 52 | J6: ='7'!G19 -> 45 | K6: ='8'!G19 -> 53 | L6: ='9'!G19 -> 53 | M6: ='10'!G19 -> 106 | N6: ='11'!G19 -> 56 | O6: ='12'!G19 -> 52 | P6: ='13'!G19 -> 53 | Q6: ='14'!G19 -> 43 | R6: ='15'!G19 -> 52 | S6: ='16'!G19 -> 52 | T6: ='17'!G19 -> 55 | U6: ='18'!G19 -> 56 | V6: ='19'!G19 -> 57 | W6: ='20'!G19 -> 58 | X6: ='21'!G19 -> 58 | Y6: ='22'!G19 -> 51 | Z6: ='23'!G19 -> 55 | AA6: ='24'!G19 -> 54 | AB6: ='25'!G19 -> 55 | AC6: ='26'!G19 -> 55 | AD6: ='27'!G19 -> 57 | AE6: ='28'!G19 -> 55 | AF6: ='29'!G19 -> 61 | AG6: ='30'!G19 -> 57 | AH6: ='31'!G19 -> -4976
C7: R.O. Plant Production | D7: ='1'!G92 -> 105 | E7: ='2'!G92 -> 97 | F7: ='3'!G92 -> 55 | G7: ='4'!G92 -> 55 | H7: ='5'!G92 -> 128 | I7: ='6'!G92 -> 105 | J7: ='7'!G92 -> 87 | K7: ='8'!G92 -> 80 | L7: ='9'!G92 -> 80 | M7: ='10'!G92 -> 213 | N7: ='11'!G92 -> 80 | O7: ='12'!G92 -> 87 | P7: ='13'!G92 -> 83 | Q7: ='14'!G92 -> 55 | R7: ='15'!G92 -> 47 | S7: ='16'!G92 -> 47 | T7: ='17'!G92 -> 59 | U7: ='18'!G92 -> 70 | V7: ='19'!G92 -> 54 | W7: ='20'!G92 -> 55 | X7: ='21'!G92 -> 73 | Y7: ='22'!G92 -> 74 | Z7: ='23'!G92 -> 73 | AA7: ='24'!G92 -> 94 | AB7: ='25'!G92 -> 51 | AC7: ='26'!G92 -> 54 | AD7: ='27'!G92 -> 64 | AE7: ='28'!G92 -> 104 | AF7: ='29'!G92 -> 104 | AG7: ='30'!G92 -> 119 | AH7: ='31'!G92 -> -4336
B8: Domestic Water | C8: Zone-1 | D8: ='1'!G95 -> 48 | E8: ='2'!G95 -> 62 | F8: ='3'!G95 -> 39 | G8: ='4'!G95 -> 39 | H8: ='5'!G95 -> 91 | I8: ='6'!G95 -> 72 | J8: ='7'!G95 -> 45 | K8: ='8'!G95 -> 41 | L8: ='9'!G95 -> 41 | M8: ='10'!G95 -> 140 | N8: ='11'!G95 -> 51 | O8: ='12'!G95 -> 43 | P8: ='13'!G95 -> 65 | Q8: ='14'!G95 -> 45 | R8: ='15'!G95 -> 46 | S8: ='16'!G95 -> 46 | T8: ='17'!G95 -> 55 | U8: ='18'!G95 -> 58 | V8: ='19'!G95 -> 46 | W8: ='20'!G95 -> 65 | X8: ='21'!G95 -> 67 | Y8: ='22'!G95 -> 33 | Z8: ='23'!G95 -> 62 | AA8: ='24'!G95 -> 73 | AB8: ='25'!G95 -> 39 | AC8: ='26'!G95 -> 41 | AD8: ='27'!G95 -> 66 | AE8: ='28'!G95 -> 86 | AF8: ='29'!G95 -> 72 | AG8: ='30'!G95 -> 74 | AH8: ='31'!G95 -> -4407
C9: Zone-2 | D9: ='1'!G96 -> 49 | E9: ='2'!G96 -> 36 | F9: ='3'!G96 -> 42 | G9: ='4'!G96 -> 42 | H9: ='5'!G96 -> 88 | I9: ='6'!G96 -> 44 | J9: ='7'!G96 -> 44 | K9: ='8'!G96 -> 50 | L9: ='9'!G96 -> 50 | M9: ='10'!G96 -> 93 | N9: ='11'!G96 -> 57 | O9: ='12'!G96 -> 57 | P9: ='13'!G96 -> 48 | Q9: ='14'!G96 -> 21.2 | R9: ='15'!G96 -> 22 | S9: ='16'!G96 -> 22 | T9: ='17'!G96 -> 24 | U9: ='18'!G96 -> 34 | V9: ='19'!G96 -> 25 | W9: ='20'!G96 -> 24 | X9: ='21'!G96 -> 28 | Y9: ='22'!G96 -> 36 | Z9: ='23'!G96 -> 27 | AA9: ='24'!G96 -> 21 | AB9: ='25'!G96 -> 24 | AC9: ='26'!G96 -> 28 | AD9: ='27'!G96 -> 21 | AE9: ='28'!G96 -> 30 | AF9: ='29'!G96 -> 32 | AG9: ='30'!G96 -> 32 | AH9: ='31'!G96 -> -1959
C10: Zone-3 | D10: ='1'!G97 -> 14 | E10: ='2'!G97 -> 14 | F10: ='3'!G97 -> 14 | G10: ='4'!G97 -> 14 | H10: ='5'!G97 -> 25 | I10: ='6'!G97 -> 69 | J10: ='7'!G97 -> 19 | K10: ='8'!G97 -> 41 | L10: ='9'!G97 -> 41 | M10: ='10'!G97 -> 35 | N10: ='11'!G97 -> 15 | O10: ='12'!G97 -> 16 | P10: ='13'!G97 -> 13 | Q10: ='14'!G97 -> 15 | R10: ='15'!G97 -> 12 | S10: ='16'!G97 -> 12 | T10: ='17'!G97 -> 26 | U10: ='18'!G97 -> 23 | V10: ='19'!G97 -> 24 | W10: ='20'!G97 -> 20 | X10: ='21'!G97 -> 30 | Y10: ='22'!G97 -> 33 | Z10: ='23'!G97 -> 27 | AA10: ='24'!G97 -> 19 | AB10: ='25'!G97 -> 18 | AC10: ='26'!G97 -> 23 | AD10: ='27'!G97 -> 23 | AE10: ='28'!G97 -> 31 | AF10: ='29'!G97 -> 35 | AG10: ='30'!G97 -> 50 | AH10: ='31'!G97 -> -1613
B12: Flushing Water | C12: Zone-1 | D12: ='1'!G98 -> 32 | E12: ='2'!G98 -> 31 | F12: ='3'!G98 -> 23 | G12: ='4'!G98 -> 23 | H12: ='5'!G98 -> 95 | I12: ='6'!G98 -> 40 | J12: ='7'!G98 -> 25 | K12: ='8'!G98 -> 41 | L12: ='9'!G98 -> 41 | M12: ='10'!G98 -> 144 | N12: ='11'!G98 -> 51 | O12: ='12'!G98 -> 42 | P12: ='13'!G98 -> 33 | Q12: ='14'!G98 -> 28 | R12: ='15'!G98 -> 24 | S12: ='16'!G98 -> 24 | T12: ='17'!G98 -> 54 | U12: ='18'!G98 -> 39 | V12: ='19'!G98 -> 40 | W12: ='20'!G98 -> 38 | X12: ='21'!G98 -> 43 | Y12: ='22'!G98 -> 55 | Z12: ='23'!G98 -> 25 | AA12: ='24'!G98 -> 47 | AB12: ='25'!G98 -> 22 | AC12: ='26'!G98 -> 44 | AD12: ='27'!G98 -> 22 | AE12: ='28'!G98 -> 55 | AF12: ='29'!G98 -> 42 | AG12: ='30'!G98 -> 66 | AH12: ='31'!G98 -> -2568
C13: Zone-2 | D13: ='1'!G114 -> 20 | E13: ='2'!G114 -> 16 | F13: ='3'!G114 -> 10 | G13: ='4'!G114 -> 10 | H13: ='5'!G114 -> 18 | I13: ='6'!G114 -> 7 | J13: ='7'!G114 -> 8 | K13: ='8'!G114 -> 11 | L13: ='9'!G114 -> 11 | M13: ='10'!G114 -> 23 | N13: ='11'!G114 -> 8 | O13: ='12'!G114 -> 7 | P13: ='13'!G114 -> 9 | Q13: ='14'!G114 -> 8 | R13: ='15'!G114 -> 6 | S13: ='16'!G114 -> 6 | T13: ='17'!G114 -> 11 | U13: ='18'!G114 -> 8 | V13: ='19'!G114 -> 10 | W13: ='20'!G114 -> 8 | X13: ='21'!G114 -> 8 | Y13: ='22'!G114 -> 13 | Z13: ='23'!G114 -> 8 | AA13: ='24'!G114 -> 10 | AB13: ='25'!G114 -> 11 | AC13: ='26'!G114 -> 11 | AD13: ='27'!G114 -> 7 | AE13: ='28'!G114 -> 19 | AF13: ='29'!G114 -> 14 | AG13: ='30'!G114 -> 20 | AH13: ='31'!G114 -> -867
C14: Zone-3 | D14: ='1'!G115 -> 7 | E14: ='2'!G115 -> 8 | F14: ='3'!G115 -> 3 | G14: ='4'!G115 -> 3 | H14: ='5'!G115 -> 9 | I14: ='6'!G115 -> 5 | J14: ='7'!G115 -> 5 | K14: ='8'!G115 -> 8 | L14: ='9'!G115 -> 8 | M14: ='10'!G115 -> 34 | N14: ='11'!G115 -> 6 | O14: ='12'!G115 -> 10 | P14: ='13'!G115 -> 13 | Q14: ='14'!G115 -> 7 | R14: ='15'!G115 -> 6 | S14: ='16'!G115 -> 6 | T14: ='17'!G115 -> 7 | U14: ='18'!G115 -> 7 | V14: ='19'!G115 -> 6 | W14: ='20'!G115 -> 6 | X14: ='21'!G115 -> 7 | Y14: ='22'!G115 -> 9 | Z14: ='23'!G115 -> 13 | AA14: ='24'!G115 -> 11 | AB14: ='25'!G115 -> 20 | AC14: ='26'!G115 -> 21 | AD14: ='27'!G115 -> 5 | AE14: ='28'!G115 -> 17 | AF14: ='29'!G115 -> 14 | AG14: ='30'!G115 -> 6 | AH14: ='31'!G115 -> -594
B16: Branches ( Domestic water ) | C16: Pool | D16: ='1'!G104 -> 0 | E16: ='2'!G104 -> 0 | F16: ='3'!G104 -> 0 | G16: ='4'!G104 -> 0 | H16: ='5'!G104 -> 0 | I16: ='6'!G104 -> 0 | J16: ='7'!G104 -> 0 | K16: ='8'!G104 -> 0 | L16: ='9'!G104 -> 0 | M16: ='10'!G104 -> 0 | N16: ='11'!G104 -> 0 | O16: ='12'!G104 -> 0 | P16: ='13'!G104 -> 0 | Q16: ='14'!G104 -> 0 | R16: ='15'!G104 -> 0 | S16: ='16'!G104 -> 0 | T16: ='17'!G104 -> 0 | U16: ='18'!G104 -> 0 | V16: ='19'!G104 -> 0 | W16: ='20'!G104 -> 0 | X16: ='21'!G104 -> 0 | Y16: ='22'!G104 -> 0 | Z16: ='23'!G104 -> 0 | AA16: ='24'!G104 -> 0 | AB16: ='25'!G104 -> 0 | AC16: ='26'!G104 -> 0 | AD16: ='27'!G104 -> 0 | AE16: ='28'!G104 -> 0 | AF16: ='29'!G104 -> 0 | AG16: ='30'!G104 -> 0 | AH16: ='31'!G104 -> 0
C17: B2 Laundry | D17: ='1'!G105 -> 0 | E17: ='2'!G105 -> 13 | F17: ='3'!G105 -> 0 | G17: ='4'!G105 -> 0 | H17: ='5'!G105 -> 1 | I17: ='6'!G105 -> 17 | J17: ='7'!G105 -> 0 | K17: ='8'!G105 -> 0 | L17: ='9'!G105 -> 0 | M17: ='10'!G105 -> 26 | N17: ='11'!G105 -> 0 | O17: ='12'!G105 -> 2 | P17: ='13'!G105 -> 7 | Q17: ='14'!G105 -> 0 | R17: ='15'!G105 -> 0 | S17: ='16'!G105 -> 0 | T17: ='17'!G105 -> 0 | U17: ='18'!G105 -> 10 | V17: ='19'!G105 -> 0 | W17: ='20'!G105 -> 13 | X17: ='21'!G105 -> 8 | Y17: ='22'!G105 -> 0 | Z17: ='23'!G105 -> 9 | AA17: ='24'!G105 -> 10 | AB17: ='25'!G105 -> 0 | AC17: ='26'!G105 -> 0 | AD17: ='27'!G105 -> 8 | AE17: ='28'!G105 -> 15 | AF17: ='29'!G105 -> 5 | AG17: ='30'!G105 -> 11 | AH17: ='31'!G105 -> -368
C18: Boiler Feed Water | D18: ='1'!G106 -> 3 | E18: ='2'!G106 -> 9 | F18: ='3'!G106 -> 3 | G18: ='4'!G106 -> 3 | H18: ='5'!G106 -> 3 | I18: ='6'!G106 -> 5 | J18: ='7'!G106 -> 4 | K18: ='8'!G106 -> 0 | L18: ='9'!G106 -> 0 | M18: ='10'!G106 -> 13 | N18: ='11'!G106 -> 4 | O18: ='12'!G106 -> 0 | P18: ='13'!G106 -> 6 | Q18: ='14'!G106 -> 0 | R18: ='15'!G106 -> 0 | S18: ='16'!G106 -> 0 | T18: ='17'!G106 -> 4 | U18: ='18'!G106 -> 4 | V18: ='19'!G106 -> 3 | W18: ='20'!G106 -> 5 | X18: ='21'!G106 -> 6 | Y18: ='22'!G106 -> 0 | Z18: ='23'!G106 -> 7 | AA18: ='24'!G106 -> 5 | AB18: ='25'!G106 -> 3 | AC18: ='26'!G106 -> 1 | AD18: ='27'!G106 -> 6 | AE18: ='28'!G106 -> 5 | AF18: ='29'!G106 -> 5 | AG18: ='30'!G106 -> 5 | AH18: ='31'!G106 -> -296
B20: Branches ( STP Water ) | C20: CT water | D20: ='1'!G109 -> 50 | E20: ='2'!G109 -> 108 | F20: ='3'!G109 -> 49 | G20: ='4'!G109 -> 81 | H20: ='5'!G109 -> 75 | I20: ='6'!G109 -> 132 | J20: ='7'!G109 -> 39 | K20: ='8'!G109 -> 60 | L20: ='9'!G109 -> 60 | M20: ='10'!G109 -> 99 | N20: ='11'!G109 -> 49 | O20: ='12'!G109 -> 26 | P20: ='13'!G109 -> 72 | Q20: ='14'!G109 -> 39 | R20: ='15'!G109 -> 40 | S20: ='16'!G109 -> 40 | T20: ='17'!G109 -> 49 | U20: ='18'!G109 -> 9 | V20: ='19'!G109 -> 39 | W20: ='20'!G109 -> 61 | X20: ='21'!G109 -> 55 | Y20: ='22'!G109 -> 39 | Z20: ='23'!G109 -> 59 | AA20: ='24'!G109 -> 45 | AB20: ='25'!G109 -> 39 | AC20: ='26'!G109 -> 59 | AD20: ='27'!G109 -> 59 | AE20: ='28'!G109 -> 40 | AF20: ='29'!G109 -> 55 | AG20: ='30'!G109 -> 59 | AH20: ='31'!G109 -> -4646
C21: STP flush | D21: ='1'!G110 -> 50 | E21: ='2'!G110 -> 22 | F21: ='3'!G110 -> 41 | G21: ='4'!G110 -> 83 | H21: ='5'!G110 -> 35 | I21: ='6'!G110 -> 43 | J21: ='7'!G110 -> 34 | K21: ='8'!G110 -> 44 | L21: ='9'!G110 -> 44 | M21: ='10'!G110 -> 135 | N21: ='11'!G110 -> 45 | O21: ='12'!G110 -> 39 | P21: ='13'!G110 -> 28 | Q21: ='14'!G110 -> 30 | R21: ='15'!G110 -> 9 | S21: ='16'!G110 -> 9 | T21: ='17'!G110 -> 42 | U21: ='18'!G110 -> 30 | V21: ='19'!G110 -> 49 | W21: ='20'!G110 -> 34 | X21: ='21'!G110 -> 43 | Y21: ='22'!G110 -> 36 | Z21: ='23'!G110 -> 49 | AA21: ='24'!G110 -> 44 | AB21: ='25'!G110 -> 23 | AC21: ='26'!G110 -> 41 | AD21: ='27'!G110 -> 26 | AE21: ='28'!G110 -> 47 | AF21: ='29'!G110 -> 43 | AG21: ='30'!G110 -> 64 | AH21: ='31'!G110 -> -2470
C22: Garden | D22: ='1'!G111 -> 0 | E22: ='2'!G111 -> 10 | F22: ='3'!G111 -> 0 | G22: ='4'!G111 -> 10 | H22: ='5'!G111 -> 0 | I22: ='6'!G111 -> 7 | J22: ='7'!G111 -> 0 | K22: ='8'!G111 -> 0 | L22: ='9'!G111 -> 0 | M22: ='10'!G111 -> 16 | N22: ='11'!G111 -> 0 | O22: ='12'!G111 -> 13 | P22: ='13'!G111 -> 0 | Q22: ='14'!G111 -> 11 | R22: ='15'!G111 -> 11 | S22: ='16'!G111 -> 11 | T22: ='17'!G111 -> 0 | U22: ='18'!G111 -> 12 | V22: ='19'!G111 -> 1 | W22: ='20'!G111 -> 15 | X22: ='21'!G111 -> 14 | Y22: ='22'!G111 -> 0 | Z22: ='23'!G111 -> 9 | AA22: ='24'!G111 -> 7 | AB22: ='25'!G111 -> 10 | AC22: ='26'!G111 -> 7 | AD22: ='27'!G111 -> 0 | AE22: ='28'!G111 -> 16 | AF22: ='29'!G111 -> 3 | AG22: ='30'!G111 -> 12 | AH22: ='31'!G111 -> -320
B24: Domestic consumption | D24: =SUM(D8:D10,D13:D14,) -> 138 | E24: =SUM(E8:E10,E13:E14,) -> 136 | F24: =SUM(F8:F10,F13:F14,) -> 108 | G24: =SUM(G8:G10,G13:G14,) -> 108 | H24: =SUM(H8:H10,H13:H14,) -> 231 | I24: =SUM(I8:I10,I13:I14,) -> 197 | J24: =SUM(J8:J10,J13:J14,) -> 121 | K24: =SUM(K8:K10,K13:K14,) -> 151 | ... AI24: =SUM(AI8:AI10,AI13:AI14,) -> 0
B26: STP +Flush Consumption | D26: =SUM(D12,D20,D22) -> 82 | E26: =SUM(E12,E20,E22) -> 149 | F26: =SUM(F12,F20,F22) -> 72 | G26: =SUM(G12,G20,G22) -> 114 | H26: =SUM(H12,H20,H22) -> 170 | I26: =SUM(I12,I20,I22) -> 179 | J26: =SUM(J12,J20,J22) -> 64 | K26: =SUM(K12,K20,K22) -> 101 | ... AH26: =SUM(AH12,AH20,AH22) -> -7534 | AI26: =SUM(AI12) -> 0
B28: BOH | D28: =D8 -> 48 | E28: =E8 -> 62 | F28: =F8 -> 39 | G28: =G8 -> 39 | H28: =H8 -> 91 | I28: =I8 -> 72 | J28: =J8 -> 45 | K28: =K8 -> 41 | ... AH28: =AH8 -> -4407
B29: Guest Floor | D29: =SUM(D9:D10,D13:D14) -> 90 | E29: =SUM(E9:E10,E13:E14) -> 74 | F29: =SUM(F9:F10,F13:F14) -> 69 | G29: =SUM(G9:G10,G13:G14) -> 69 | H29: =SUM(H9:H10,H13:H14) -> 140 | I29: =SUM(I9:I10,I13:I14) -> 125 | J29: =SUM(J9:J10,J13:J14) -> 76 | K29: =SUM(K9:K10,K13:K14) -> 110 | ... AH29: =SUM(AH9:AH10,AH13:AH14) -> -5033
B30: Guest floor% | D30: =D29/SUM(D28:D29)% -> 65.217391 | E30: =E29/SUM(E28:E29)% -> 54.411765 | F30: =F29/SUM(F28:F29)% -> 63.888889 | G30: =G29/SUM(G28:G29)% -> 63.888889 | H30: =H29/SUM(H28:H29)% -> 60.606061 | I30: =I29/SUM(I28:I29)% -> 63.451777 | J30: =J29/SUM(J28:J29)% -> 62.809917 | K30: =K29/SUM(K28:K29)% -> 72.847682 | ... AH30: =AH29/SUM(AH28:AH29)% -> 53.315678

Sheet Section Load
B2: Electrical | AJ2: Boiler Running
B3: MK-1 | C3: MK-2 | D3: Prato | E3: San- Qi Indian | F3: San- Qi Japanese | G3: The club | H3: AER | I3: COLD ROOM'S | J3: Ball Room 1 | K3: Ball Room 2 | L3: B1 Laundry | M3: B2 Laundry | N3: STP | O3: MOCK Up Room | P3: 27th Floor | Q3: Physic57 | R3: Pinoor Legal- Power+lighting | S3: 2nd floor plant room | T3: 5th Floor | U3: 5th Floor | V3: 12th Floor | W3: 20th Floor | X3: 27th Floor | Y3: 34th Floor | Z3: Sanqi | AA3: CT | AB3: MGL | AC3: HWG | AD3: Prato | AE3: BR-1 | AF3: SanQi IND | AG3: SanQi JPN | AH3: Boiler | AI3: HWG | AJ3: Boiler1 | AK3: Boiler2 | AL3: Boiler3 | AM3: Total
A4: 44044 | B4: ='1'!G72 -> 12 | C4: ='1'!$G$73 -> 0 | D4: ='1'!$G$74 -> 16 | E4: ='1'!$G$75 -> 161 | F4: ='1'!$G$76 -> 60 | G4: ='1'!$G$77 -> 70 | H4: ='1'!$G$78 -> 329 | I4: ='1'!$G$79 -> 160 | J4: ='1'!$G$80 -> 303 | K4: ='1'!$G$81 -> 82 | L4: ='1'!$G$82 -> 25.74 | M4: ='1'!$G$58 -> 49.734 | N4: ='1'!$G$83 -> 446 | O4: ='1'!G86 -> 22.54 | P4: ='1'!G87 -> 38 | Q4: ='1'!G88 -> 55.29 | R4: ='1'!G89+'1'!G90 -> 35.5 | S4: ='1'!$G$62 -> 0 | T4: ='1'!$G$63 -> 19.696 | U4: ='1'!$G$64 -> 364.9 | V4: ='1'!$G$65 -> 390.16 | W4: ='1'!$G$66 -> 392.5 | X4: ='1'!$G$67 -> 678.38 | Y4: ='1'!$G$68 -> 331.746 | Z4: ='1'!$G$69 -> 278.852 | AA4: ='1'!$G$84 -> 596 | AB4: ='1'!$G$15 -> 497.539 | AC4: ='1'!$G$123 -> 193.622 | AD4: ='1'!$G$124 -> 0 | AE4: ='1'!$G$125 -> 63.42 | AF4: ='1'!$G$126 -> 32.1 | AG4: ='1'!$G$127 -> 0 | AH4: =AB4-SUM(AC4:AG4) -> 208.397 | AI4: ='1'!G140 -> 0 | AJ4: ='1'!$G$136 -> 0 | AK4: ='1'!$G$137 -> 0 | AL4: ='1'!$G$138 -> 8.7 | AM4: =SUM(AJ4:AL4) -> 8.7
A5: 44045 | B5: ='2'!G72 -> 9 | C5: ='2'!$G$73 -> 0 | D5: ='2'!$G$74 -> 20 | E5: ='2'!$G$75 -> 177 | F5: ='2'!$G$76 -> 84 | G5: ='2'!$G$77 -> 65 | H5: ='2'!$G$78 -> 257 | I5: ='2'!$G$79 -> 173 | J5: ='2'!$G$80 -> 293.96 | K5: ='2'!$G$81 -> 94.72 | L5: ='2'!$G$82 -> 18.31 | M5: ='2'!$G$58 -> 181.412 | N5: ='2'!$G$83 -> 270 | O5: ='2'!G86 -> 143.96 | P5: ='2'!G87 -> 45 | Q5: ='2'!G88 -> 79.25 | R5: ='2'!G89+'2'!G90 -> 56 | S5: ='2'!$G$62 -> 0 | T5: ='2'!$G$63 -> 19.37315 | U5: ='2'!$G$64 -> 358.276 | V5: ='2'!$G$65 -> 396.04 | W5: ='2'!$G$66 -> 396.101 | X5: ='2'!$G$67 -> 640.11 | Y5: ='2'!$G$68 -> 314.12 | Z5: ='2'!$G$69 -> 253.118 | AA5: ='2'!$G$84 -> 602 | AB5: ='2'!$G$15 -> 706.539 | AC5: ='2'!$G$123 -> 203.858 | AD5: ='2'!$G$124 -> 0 | AE5: ='2'!$G$125 -> 64.35 | AF5: ='2'!$G$126 -> 21.6 | AG5: ='2'!$G$127 -> 0 | AH5: =AB5-SUM(AC5:AG5) -> 416.731 | AI5: ='2'!$G$140 -> 2.71 | AJ5: ='2'!$G$136 -> 8.12 | AK5: ='2'!$G$137 -> 0 | AL5: ='2'!$G$138 -> 1.54 | AM5: =SUM(AJ5:AL5) -> 9.66
A6: 44046 | B6: ='3'!G72 -> 2 | C6: ='3'!$G$73 -> 2 | D6: ='3'!$G$74 -> 13 | E6: ='3'!$G$75 -> 156 | F6: ='3'!$G$76 -> 51 | G6: ='3'!$G$77 -> 6 | H6: ='3'!$G$78 -> 322 | I6: ='3'!$G$79 -> 167 | J6: ='3'!$G$80 -> 262 | K6: ='3'!$G$81 -> 119 | L6: ='3'!$G$82 -> 21 | M6: ='3'!$G$58 -> 41.798 | N6: ='3'!$G$83 -> 471 | O6: ='3'!G86 -> 112 | P6: ='1'!G87 -> 38 | Q6: ='3'!G88 -> 48 | R6: ='3'!G89+'3'!G90 -> 54 | S6: ='3'!$G$62 -> -0.189 | T6: ='3'!$G$63 -> 19.23392 | U6: ='3'!$G$64 -> 367.808 | V6: ='3'!$G$65 -> 394.696 | W6: ='3'!$G$66 -> 376.79 | X6: ='3'!$G$67 -> 615.03 | Y6: ='3'!$G$68 -> 301.084 | Z6: ='3'!$G$69 -> 260.456 | AA6: ='3'!$G$84 -> 598 | AB6: ='3'!$G$15 -> 445.86 | AC6: ='3'!$G$123 -> 148.517 | AD6: ='3'!$G$124 -> 0 | AE6: ='3'!$G$125 -> 52.78 | AF6: ='3'!$G$126 -> 19.9 | AG6: ='3'!$G$127 -> 0 | AH6: =AB6-SUM(AC6:AG6) -> 224.663 | AI6: ='3'!$G$140 -> 0 | AJ6: ='3'!$G$136 -> 0 | AK6: ='3'!$G$137 -> 0 | AL6: ='3'!$G$138 -> 7.7 | AM6: =SUM(AJ6:AL6) -> 7.7
A7: 44047 | B7: ='4'!G72 -> 5 | C7: ='4'!$G$73 -> 1 | D7: ='4'!$G$74 -> 16 | E7: ='4'!$G$74 -> 16 | F7: ='4'!$G$76 -> 61 | G7: ='4'!$G$77 -> 9 | H7: ='4'!$G$78 -> 209 | I7: ='4'!$G$79 -> 170 | J7: ='4'!$G$80 -> 252 | K7: ='4'!$G$81 -> 93 | L7: ='4'!$G$82 -> 5 | M7: ='4'!$G$58 -> 33.935 | N7: ='4'!$G$83 -> 290 | O7: ='4'!G86 -> 159 | P7: ='4'!G87 -> 22 | Q7: ='4'!G88 -> 68 | R7: ='4'!G89+'4'!G90 -> 75 | S7: ='4'!$G$62 -> -0.189 | T7: ='4'!$G$63 -> 19.04693 | U7: ='4'!$G$64 -> 353.659 | V7: ='4'!$G$65 -> 363.571 | W7: ='4'!$G$66 -> 373.151 | X7: ='4'!$G$67 -> 572.39 | Y7: ='4'!$G$68 -> 292.501 | Z7: ='4'!$G$69 -> 200.919 | AA7: ='4'!$G$84 -> 579 | AB7: ='4'!$G$15 -> 331.514 | AC7: ='4'!$G$123 -> 191.297 | AD7: ='4'!$G$124 -> 0 | AE7: ='4'!$G$125 -> 0 | AF7: ='4'!$G$126 -> 23 | AG7: ='4'!$G$127 -> 0 | AH7: =AB7-SUM(AC7:AG7) -> 117.217 | AI7: ='4'!$G$140 -> 0 | AJ7: ='4'!$G$136 -> 0 | AK7: ='4'!$G$137 -> 0 | AL7: ='4'!$G$138 -> 0 | AM7: =SUM(AJ7:AL7) -> 0
A8: 44048 | B8: ='5'!G72 -> 5 | C8: ='5'!$G$73 -> 1 | D8: ='5'!$G$74 -> 18 | E8: ='5'!$G$75 -> 149 | F8: ='5'!$G$76 -> 67 | G8: ='5'!$G$77 -> 55 | H8: ='5'!$G$78 -> 290 | I8: ='5'!$G$79 -> 143 | J8: ='5'!$G$80 -> 299 | K8: ='5'!$G$81 -> 79 | L8: ='5'!$G$82 -> 23.92 | M8: ='5'!$G$58 -> 35.515 | N8: ='5'!$G$83 -> 376 | O8: ='5'!G86 -> 108 | P8: ='5'!G87 -> 3 | Q8: ='5'!G88 -> 40 | R8: ='5'!G89+'5'!G90 -> 54 | S8: ='5'!$G$62 -> 0 | T8: ='5'!$G$63 -> 19.57347 | U8: ='5'!$G$64 -> 376.013 | V8: ='5'!$G$65 -> 428.709 | W8: ='5'!$G$66 -> 395.267 | X8: ='5'!$G$67 -> 608.47 | Y8: ='5'!$G$68 -> 302.047 | Z8: ='5'!$G$69 -> 214.671 | AA8: ='5'!$G$84 -> 554 | AB8: ='5'!$G$15 -> 465.094 | AC8: ='5'!$G$123 -> 170.834 | AD8: ='5'!$G$124 -> 0 | AE8: ='5'!$G$125 -> 114.54 | AF8: ='5'!$G$126 -> 22.7 | AG8: ='5'!$G$127 -> 0 | AH8: =AB8-SUM(AC8:AG8) -> 157.02 | AI8: ='5'!$G$140 -> 0 | AJ8: ='5'!$G$136 -> 0.005 | AK8: ='5'!$G$137 -> 0 | AL8: ='5'!$G$138 -> 8.75 | AM8: =SUM(AJ8:AL8) -> 8.755
A9: 44049 | B9: ='6'!G72 -> 8 | C9: ='6'!$G$73 -> 1 | D9: ='6'!$G$74 -> 17 | E9: ='6'!$G$75 -> 150 | F9: ='6'!$G$76 -> 75 | G9: ='6'!$G$77 -> 42 | H9: ='6'!$G$78 -> 317 | I9: ='6'!$G$79 -> 164 | J9: ='6'!$G$80 -> 266.16 | K9: ='6'!$G$81 -> 118.64 | L9: ='6'!$G$82 -> 5.11 | M9: ='6'!$G$58 -> 184.018 | N9: ='6'!$G$83 -> 389 | O9: ='6'!G86 -> 118.04 | P9: ='6'!G87 -> 7 | Q9: ='6'!G88 -> 72.2 | R9: ='6'!G89+'6'!G90 -> 77.7 | S9: ='6'!$G$62 -> 0 | T9: ='6'!$G$63 -> 19.55653 | U9: ='6'!$G$64 -> 363.768 | V9: ='6'!$G$65 -> 373.736 | W9: ='6'!$G$66 -> 382.328 | X9: ='6'!$G$67 -> 638.36 | Y9: ='6'!$G$68 -> 312.456 | Z9: ='6'!$G$69 -> 210.43 | AA9: ='6'!$G$84 -> 616 | AB9: ='6'!$G$15 -> 617.474 | AC9: ='6'!$G$123 -> 168.706 | AD9: ='6'!$G$124 -> 0 | AE9: ='6'!$G$125 -> 60.39 | AF9: ='6'!$G$126 -> 17.6 | AG9: ='6'!$G$127 -> 0 | AH9: =AB9-SUM(AC9:AG9) -> 370.778 | AI9: ='6'!$G$140 -> 0 | AJ9: ='6'!$G$136 -> 6.925 | AK9: ='6'!$G$137 -> 0 | AL9: ='6'!$G$138 -> 0 | AM9: =SUM(AJ9:AL9) -> 6.925
A10: 44050 | B10: ='7'!G72 -> 10 | C10: ='7'!$G$73 -> 1 | D10: ='7'!$G$74 -> 15 | E10: ='7'!$G$75 -> 157 | F10: ='7'!$G$76 -> 61 | G10: ='7'!$G$77 -> 45 | H10: ='7'!$G$78 -> 364 | I10: ='7'!$G$79 -> 146 | J10: ='7'!$G$80 -> 287.12 | K10: ='7'!$G$81 -> 114.68 | L10: ='7'!$G$82 -> 36.14 | M10: ='7'!$G$58 -> 44.83 | N10: ='7'!$G$83 -> 332 | O10: ='7'!G86 -> 150.4 | P10: ='7'!G87 -> 17.4 | Q10: ='7'!G88 -> 25.66 | R10: ='7'!G89+'7'!G90 -> 51.6 | S10: ='7'!$G$62 -> 0 | T10: ='7'!$G$63 -> 18.49 | U10: ='7'!$G$64 -> 349.896 | V10: ='7'!$G$65 -> 392.568 | W10: ='7'!$G$66 -> 378.568 | X10: ='7'!$G$67 -> 698.42 | Y10: ='7'!$G$68 -> 325.524 | Z10: ='7'!$G$69 -> 278.014 | AA10: ='7'!$G$84 -> 424 | AB10: ='7'!$G$15 -> 527.368 | AC10: ='7'!$G$123 -> 191.97 | AD10: ='7'!$G$124 -> 0 | AE10: ='7'!$G$125 -> 75.57 | AF10: ='7'!$G$126 -> 27.2 | AG10: ='7'!$G$127 -> 0 | AH10: =AB10-SUM(AC10:AG10) -> 232.628 | AI10: ='7'!$G$140 -> 0 | AJ10: ='7'!$G$136 -> 0 | AK10: ='7'!$G$137 -> -0.25 | AL10: ='7'!$G$138 -> 9.22 | AM10: =SUM(AJ10:AL10) -> 8.97
A11: 44051 | B11: ='8'!G72 -> 9 | C11: ='8'!$G$73 -> 1 | D11: ='8'!$G$74 -> 16 | E11: ='8'!$G$75 -> 162 | F11: ='8'!$G$76 -> 70 | G11: ='8'!$G$77 -> 49 | H11: ='8'!$G$78 -> 373 | I11: ='8'!$G$79 -> 149 | J11: ='8'!$G$80 -> 296.76 | K11: ='8'!$G$81 -> 92.8 | L11: ='8'!$G$82 -> 4.67 | M11: ='8'!$G$58 -> 7.462 | N11: ='8'!$G$83 -> 336 | O11: ='8'!G86 -> 142.88 | P11: ='8'!G87 -> 10.8 | Q11: ='8'!G88 -> 65.75 | R11: ='8'!G89+'8'!G90 -> 55.01 | S11: ='8'!$G$62 -> 0 | T11: ='8'!$G$63 -> 19.766 | U11: ='8'!$G$64 -> 361.388 | V11: ='8'!$G$65 -> 405.336 | W11: ='8'!$G$66 -> 399.272 | X11: ='8'!$G$67 -> 701.25 | Y11: ='8'!$G$68 -> 340.4 | Z11: ='8'!$G$69 -> 304.006 | AA11: ='8'!$G$84 -> 411 | AB11: ='8'!$G$15 -> 379.039 | AC11: ='8'!$G$123 -> 213.673 | AD11: ='8'!$G$124 -> 0 | AE11: ='8'!$G$125 -> 65.74 | AF11: ='8'!$G$126 -> 24.8 | AG11: ='8'!$G$127 -> 0 | AH11: =AB11-SUM(AC11:AG11) -> 74.826 | AI11: ='8'!$G$140 -> 0 | AJ11: ='8'!$G$136 -> 0 | AK11: ='8'!$G$137 -> 0.25 | AL11: ='8'!$G$138 -> 0 | AM11: =SUM(AJ11:AL11) -> 0.25
A12: 44052 | B12: ='9'!G72 -> 9 | C12: ='9'!$G$73 -> 1 | D12: ='9'!$G$74 -> 16 | E12: ='9'!$G$75 -> 162 | F12: ='9'!$G$76 -> 70 | G12: ='9'!$G$77 -> 49 | H12: ='9'!$G$78 -> 373 | I12: ='9'!$G$79 -> 149 | J12: ='9'!$G$80 -> 296.76 | K12: ='9'!$G$81 -> 92.8 | L12: ='9'!$G$82 -> 4.67 | M12: ='9'!$G$58 -> 7.462 | N12: ='9'!$G$83 -> 336 | O12: ='9'!G86 -> 142.88 | P12: ='9'!G87 -> 10.8 | Q12: ='9'!G88 -> 65.75 | R12: ='9'!G89+'9'!H90 -> 55.01 | S12: ='9'!$G$62 -> 0 | T12: ='9'!$G$63 -> 19.766 | U12: ='9'!$G$64 -> 361.388 | V12: ='9'!$G$65 -> 405.336 | W12: ='9'!$G$66 -> 399.272 | X12: ='9'!$G$67 -> 701.25 | Y12: ='9'!$G$68 -> 340.4 | Z12: ='9'!$G$69 -> 304.006 | AA12: ='9'!$G$84 -> 411 | AB12: ='9'!$G$15 -> 379.039 | AC12: ='9'!$G$123 -> 213.673 | AD12: ='9'!$G$124 -> 0 | AE12: ='9'!$G$125 -> 65.74 | AF12: ='9'!$G$126 -> 24.8 | AG12: ='9'!$G$127 -> 0 | AH12: =AB12-SUM(AC12:AG12) -> 74.826 | AI12: ='9'!$G$140 -> 0 | AJ12: ='9'!$G$136 -> 0 | AK12: ='9'!$G$137 -> 0.25 | AL12: ='9'!$G$138 -> 0 | AM12: =SUM(AJ12:AL12) -> 0.25
A13: 44053 | B13: ='10'!G72 -> 15 | C13: ='10'!$G$73 -> 3 | D13: ='10'!$G$74 -> 30 | E13: ='10'!$G$75 -> 312 | F13: ='10'!$G$76 -> 136 | G13: ='10'!$G$77 -> 95 | H13: ='10'!$G$78 -> 659 | I13: ='10'!$G$79 -> 278 | J13: ='10'!$G$80 -> 577.96 | K13: ='10'!$G$81 -> 179.88 | L13: ='10'!$G$82 -> 34.16 | M13: ='10'!$G$58 -> 305.025 | N13: ='10'!$G$83 -> 722 | O13: ='10'!G86 -> 262.68 | P13: ='10'!G87 -> 61.8 | Q13: ='10'!G88 -> 159.39 | R13: ='10'!G87+'10'!H90 -> 69.09 | S13: ='10'!$G$62 -> 0 | T13: ='10'!$G$63 -> 37.804 | U13: ='10'!$G$64 -> 706.205 | V13: ='10'!$G$65 -> 797.921 | W13: ='10'!$G$66 -> 815.065 | X13: ='10'!$G$67 -> 1352.09 | Y13: ='10'!$G$68 -> 642.253 | Z13: ='10'!$G$69 -> 641.169 | AA13: ='10'!$G$84 -> 815 | AB13: ='10'!$G$15 -> 1342.379 | AC13: ='10'!$G$123 -> 351.637 | AD13: ='10'!$G$124 -> 0 | AE13: ='10'!$G$125 -> 138.99 | AF13: ='10'!$G$126 -> 40.3 | AG13: ='10'!$G$127 -> 0 | AH13: =AB13-SUM(AC13:AG13) -> 811.452 | AI13: ='10'!$G$140 -> 0 | AJ13: ='10'!$G$136 -> 14.23 | AK13: ='10'!$G$137 -> 0 | AL13: ='10'!$G$138 -> 2.37 | AM13: =SUM(AJ13:AL13) -> 16.6
A14: 44054 | B14: ='11'!G72 -> 8 | C14: ='11'!$G$73 -> 0 | D14: ='11'!$G$74 -> 17 | E14: ='11'!$G$75 -> 177 | F14: ='11'!$G$76 -> 74 | G14: ='11'!$G$77 -> 46 | H14: ='11'!$G$78 -> 322 | I14: ='11'!$G$79 -> 212 | J14: ='11'!$G$80 -> 298 | K14: ='11'!$G$81 -> 91 | L14: ='11'!$G$82 -> 23 | M14: ='11'!$G$58 -> 45 | N14: ='11'!$G$83 -> 292 | O14: ='11'!G86 -> 103 | P14: ='11'!G87 -> 35 | Q14: ='11'!G88 -> 83 | R14: ='11'!G87+'11'!H90 -> 41 | S14: ='11'!$G$62 -> 0 | T14: ='11'!$G$63 -> 20 | U14: ='11'!$G$64 -> 342 | V14: ='11'!$G$65 -> 378 | W14: ='11'!$G$66 -> 478 | X14: ='11'!$G$67 -> 667 | Y14: ='11'!$G$68 -> 317 | Z14: ='11'!$G$69 -> 248 | AA14: ='11'!$G$84 -> 459 | AB14: ='11'!$G$15 -> 508 | AC14: ='11'!$G$123 -> 193 | AD14: ='11'!$G$124 -> 0 | AE14: ='11'!$G$125 -> 68 | AF14: ='11'!$G$126 -> 25 | AG14: ='11'!$G$127 -> 1 | AH14: =AB14-SUM(AC14:AG14) -> 221 | AI14: ='11'!$G$140 -> 0 | AJ14: ='11'!$G$136 -> -0.31 | AK14: ='11'!$G$137 -> -0.25 | AL14: ='11'!$G$138 -> 9.07 | AM14: =SUM(AJ14:AL14) -> 8.51
A15: 44055 | B15: ='12'!G72 -> 8 | C15: ='12'!$G$73 -> 2 | D15: ='12'!$G$74 -> 16 | E15: ='12'!$G$75 -> 153 | F15: ='12'!$G$76 -> 66 | G15: ='12'!$G$77 -> 46 | H15: ='12'!$G$78 -> 322 | I15: ='12'!$G$79 -> 166 | J15: ='12'!$G$80 -> 282 | K15: ='12'!$G$81 -> 87 | L15: ='12'!$G$82 -> 6 | M15: ='12'!$G$58 -> 35 | N15: ='12'!$G$83 -> 360 | O15: ='12'!G86 -> 142 | P15: ='12'!G87 -> 22 | Q15: ='12'!G88 -> 61 | R15: ='12'!G87+'12'!H90 -> 22 | S15: ='12'!$G$62 -> 0 | T15: ='12'!$G$63 -> 20 | U15: ='12'!$G$64 -> 345 | V15: ='12'!$G$65 -> 363 | W15: ='12'!$G$66 -> 343 | X15: ='12'!$G$67 -> 623 | Y15: ='12'!$G$68 -> 341 | Z15: ='12'!$G$69 -> 289 | AA15: ='12'!$G$84 -> 462 | AB15: ='12'!$G$15 -> 370 | AC15: ='12'!$G$123 -> 206 | AD15: ='12'!$G$124 -> 0 | AE15: ='12'!$G$125 -> 65 | AF15: ='12'!$G$126 -> 21 | AG15: ='12'!$G$127 -> 0 | AH15: =AB15-SUM(AC15:AG15) -> 78 | AI15: ='12'!$G$140 -> 0 | AJ15: ='12'!$G$136 -> 0 | AK15: ='12'!$G$137 -> 0 | AL15: ='12'!$G$138 -> 0 | AM15: =SUM(AJ15:AL15) -> 0 | AO15: =AC15-AE15 -> 141
A16: 44056 | B16: ='13'!G72 -> 9 | C16: ='13'!$G$73 -> 1 | D16: ='13'!$G$74 -> 15 | E16: ='13'!$G$75 -> 151 | F16: ='13'!$G$76 -> 64 | G16: ='13'!$G$77 -> 51 | H16: ='13'!$G$78 -> 306 | I16: ='13'!$G$79 -> 169 | J16: ='13'!$G$80 -> 250.88 | K16: ='13'!$G$81 -> 108.28 | L16: ='13'!$G$82 -> 20.25 | M16: ='13'!$G$58 -> 138.937 | N16: ='13'!$G$83 -> 349 | O16: ='13'!G86 -> 104.64 | P16: ='13'!G87 -> 23.3 | Q16: ='13'!G88 -> 67.76 | R16: ='13'!G87+'13'!H90 -> 24.8 | S16: ='13'!$G$62 -> 0.18 | T16: ='13'!$G$63 -> 20.48 | U16: ='13'!$G$64 -> 329.967 | V16: ='13'!$G$65 -> 353.919 | W16: ='13'!$G$66 -> 378.295 | X16: ='13'!$G$67 -> 598.42 | Y16: ='13'!$G$68 -> 309.055 | Z16: ='13'!$G$69 -> 248.587 | AA16: ='13'!$G$84 -> 531 | AB16: ='13'!$G$15 -> 618.601 | AC16: ='13'!$G$123 -> 178.241 | AD16: ='13'!$G$124 -> 0 | AE16: ='13'!$G$125 -> 46.72 | AF16: ='13'!$G$126 -> 23.7 | AG16: ='13'!$G$127 -> 0.1 | AH16: =AB16-SUM(AC16:AG16) -> 369.84 | AI16: ='13'!$G$140 -> -0.02 | AJ16: ='13'!$G$136 -> 0.37 | AK16: ='13'!$G$137 -> 7.24 | AL16: ='13'!$G$138 -> 0.49 | AM16: =SUM(AJ16:AL16) -> 8.1 | AO16: =AC16-AH16 -> -191.599
A17: 44057 | B17: ='14'!G72 -> 8 | C17: ='14'!$G$73 -> 1 | D17: ='14'!$G$74 -> 16 | E17: ='14'!$G$75 -> 157 | F17: ='14'!$G$76 -> 61 | G17: ='14'!$G$77 -> 48 | H17: ='14'!$G$78 -> 330 | I17: ='14'!$G$79 -> 175 | J17: ='14'!$G$80 -> 261.76 | K17: ='14'!$G$81 -> 110.52 | L17: ='14'!$G$82 -> 7 | M17: ='14'!$G$58 -> 0 | N17: ='14'!$G$83 -> 320 | O17: ='14'!G86 -> 16 | P17: ='14'!G87 -> 19.9 | Q17: ='14'!G88 -> 23.37 | R17: ='14'!G87+'14'!H90 -> 22.7 | S17: ='14'!$G$62 -> 0 | T17: ='14'!$G$63 -> 21.504 | U17: ='14'!$G$64 -> 335.391 | V17: ='14'!$G$65 -> 360.72 | W17: ='14'!$G$66 -> 367.16 | X17: ='14'!$G$67 -> 601.12 | Y17: ='14'!$G$68 -> 310.716 | Z17: ='14'!$G$69 -> 286.584 | AA17: ='14'!$G$84 -> 485 | AB17: ='14'!$G$15 -> 361.776 | AC17: ='14'!$G$123 -> 208.289 | AD17: ='14'!$G$124 -> 0 | AE17: ='14'!$G$125 -> 54.19 | AF17: ='14'!$G$126 -> 25 | AG17: ='14'!$G$127 -> 0 | AH17: =AB17-SUM(AC17:AG17) -> 74.297 | AI17: ='14'!$G$140 -> 0.02 | AJ17: ='14'!$G$136 -> 0 | AK17: ='14'!$G$137 -> 0 | AL17: ='14'!$G$138 -> -0.09 | AM17: =SUM(AJ17:AL17) -> -0.09 | AO17: =AC17-AH17 -> 133.992
A18: 44058 | B18: ='15'!G72 -> 8 | C18: ='15'!$G$73 -> 10 | D18: ='15'!$G$74 -> 35 | E18: ='15'!$G$75 -> 158 | F18: ='15'!$G$76 -> 63 | G18: ='15'!$G$77 -> 47 | H18: ='15'!$G$78 -> 347 | I18: ='15'!$G$79 -> 185 | J18: ='15'!$G$80 -> 286 | K18: ='15'!$G$81 -> 89.12 | L18: ='15'!$G$82 -> 5.24 | M18: ='15'!$G$58 -> 0 | N18: ='15'!$G$83 -> 324 | O18: ='15'!G86 -> 16.04 | P18: ='15'!G87 -> 16.3 | Q18: ='15'!G88 -> 23.04 | R18: ='15'!G87+'15'!H90 -> 18.7 | S18: ='15'!$G$62 -> 0 | T18: ='15'!$G$63 -> 21.111 | U18: ='15'!$G$64 -> 330.736 | V18: ='15'!$G$65 -> 361.789 | W18: ='15'!$G$66 -> 366.952 | X18: ='15'!$G$67 -> 659.68 | Y18: ='15'!$G$68 -> 297.236 | Z18: ='15'!$G$69 -> 277.343 | AA18: ='15'!$G$84 -> 482 | AB18: ='15'!$G$15 -> 414.628 | AC18: ='15'!$G$123 -> 230.37 | AD18: ='15'!$G$124 -> 0.9 | AE18: ='15'!$G$125 -> 79.29 | AF18: ='15'!$G$126 -> 21.8 | AG18: ='15'!$G$127 -> 0 | AH18: =AB18-SUM(AC18:AG18) -> 82.268 | AI18: ='15'!$G$140 -> 0 | AJ18: ='15'!$G$136 -> 0 | AK18: ='15'!$G$137 -> 0 | AL18: ='15'!$G$138 -> -0.09 | AM18: =SUM(AJ18:AL18) -> -0.09 | AO18: =AC18-AH18 -> 148.102
A19: 44059 | B19: ='16'!G72 -> 8 | C19: ='16'!$G$73 -> 10 | D19: ='16'!$G$74 -> 35 | E19: ='16'!$G$75 -> 158 | F19: ='16'!$G$76 -> 63 | G19: ='16'!$G$77 -> 47 | H19: ='16'!$G$78 -> 347 | I19: ='16'!$G$79 -> 185 | J19: ='16'!$G$80 -> 286 | K19: ='16'!$G$81 -> 89.12 | L19: ='16'!$G$82 -> 5.24 | M19: ='16'!$G$58 -> 0 | N19: ='16'!$G$83 -> 324 | O19: ='16'!G86 -> 16.04 | P19: ='16'!G87 -> 16.3 | Q19: ='16'!G88 -> 23.04 | R19: ='16'!G87+'16'!H90 -> 18.7 | S19: ='16'!$G$62 -> 0 | T19: ='16'!$G$63 -> 21.111 | U19: ='16'!$G$64 -> 330.736 | V19: ='16'!$G$65 -> 361.789 | W19: ='16'!$G$66 -> 366.952 | X19: ='16'!$G$67 -> 659.68 | Y19: ='16'!$G$68 -> 297.236 | Z19: ='16'!$G$69 -> 277.343 | AA19: ='16'!$G$84 -> 482 | AB19: ='16'!$G$15 -> 414.628 | AC19: ='16'!$G$123 -> 230.37 | AD19: ='16'!$G$124 -> 0.9 | AE19: ='16'!$G$125 -> 79.29 | AF19: ='16'!$G$126 -> 21.8 | AG19: ='16'!$G$127 -> 0 | AH19: =AB19-SUM(AC19:AG19) -> 82.268 | AI19: ='16'!$G$140 -> 0 | AJ19: ='16'!$G$136 -> 0 | AK19: ='16'!$G$137 -> 0 | AL19: ='16'!$G$138 -> -0.09 | AM19: =SUM(AJ19:AL19) -> -0.09 | AO19: =AC19-AH19 -> 148.102
A20: 44060 | B20: ='18'!G72 -> 8 | C20: ='17'!$G$73 -> 3 | D20: ='17'!$G$74 -> 28 | E20: ='17'!$G$75 -> 159 | F20: ='17'!$G$76 -> 62 | G20: ='17'!$G$77 -> 49 | H20: ='17'!$G$78 -> 267 | I20: ='17'!$G$79 -> 174 | J20: ='17'!$G$80 -> 291.68 | K20: ='17'!$G$81 -> 131.88 | L20: ='17'!$G$82 -> 25.19 | M20: ='17'!$G$58 -> 86.395 | N20: ='17'!$G$83 -> 341 | O20: ='17'!G86 -> 112.96 | P20: ='17'!G87 -> 29.4 | Q20: ='17'!G88 -> 106.25 | R20: ='17'!G87+'17'!H90 -> 31.2 | S20: ='17'!$G$62 -> 0 | T20: ='17'!$G$63 -> 19.63 | U20: ='17'!$G$64 -> 353.241 | V20: ='17'!$G$65 -> 369.74 | W20: ='17'!$G$66 -> 398.931 | X20: ='17'!$G$67 -> 613.02 | Y20: ='17'!$G$68 -> 327.489 | Z20: ='17'!$G$69 -> 278.82 | AA20: ='17'!$G$84 -> 479 | AB20: ='17'!$G$15 -> 529.876 | AC20: ='17'!$G$123 -> 202.009 | AD20: ='17'!$G$124 -> 0 | AE20: ='17'!$G$125 -> 55.21 | AF20: ='17'!$G$126 -> 22.7 | AG20: ='17'!$G$127 -> 0 | AH20: =AB20-SUM(AC20:AG20) -> 249.957 | AI20: ='17'!$G$140 -> 0 | AJ20: ='17'!$G$136 -> 0 | AK20: ='17'!$G$137 -> 1.36 | AL20: ='17'!$G$138 -> 7.31 | AM20: =SUM(AJ20:AL20) -> 8.67 | AO20: =AC20-AH20 -> -47.948
A21: 44061 | B21: ='18'!G72 -> 8 | C21: ='18'!$G$73 -> 1 | D21: ='18'!$G$74 -> 17 | E21: ='18'!$G$75 -> 154 | F21: ='18'!$G$76 -> 64 | G21: ='18'!$G$77 -> 52 | H21: ='18'!$G$78 -> 307 | I21: ='18'!$G$79 -> 172 | J21: ='18'!$G$80 -> 299 | K21: ='18'!$G$81 -> 99 | L21: ='18'!$G$82 -> 5.25 | M21: ='18'!$G$58 -> 130.26 | N21: ='18'!$G$83 -> 338 | O21: ='18'!G86 -> 116 | P21: ='18'!G87 -> 32.8 | Q21: ='18'!G88 -> 87.3 | R21: ='18'!G87+'18'!H90 -> 35.8 | S21: ='18'!$G$62 -> 0 | T21: ='18'!$G$63 -> 18.06 | U21: ='18'!$G$64 -> 353 | V21: ='18'!$G$65 -> 372 | W21: ='18'!$G$66 -> 400.94 | X21: ='18'!$G$67 -> 641.65 | Y21: ='18'!$G$68 -> 334.9 | Z21: ='18'!$G$69 -> 282.31 | AA21: ='18'!$G$84 -> 484 | AB21: ='18'!$G$15 -> 636.77 | AC21: ='18'!$G$123 -> 199.52 | AD21: ='18'!$G$124 -> 0 | AE21: ='18'!$G$125 -> 59.54 | AF21: ='18'!$G$126 -> 27 | AG21: ='18'!$G$127 -> 0 | AH21: =AB21-SUM(AC21:AG21) -> 350.71 | AI21: ='18'!$G$140 -> 0 | AJ21: ='18'!$G$136 -> -0.15 | AK21: ='18'!$G$137 -> 5.96 | AL21: ='18'!$G$138 -> 0 | AM21: =SUM(AJ21:AL21) -> 5.81 | AO21: =AC21-AH21 -> -151.19
A22: 44062 | B22: ='19'!G72 -> 11 | C22: ='19'!$G$73 -> 3 | D22: ='19'!$G$74 -> 17 | E22: ='19'!$G$75 -> 154 | F22: ='19'!$G$76 -> 77 | G22: ='19'!$G$77 -> 51 | H22: ='19'!$G$78 -> 376 | I22: ='19'!$G$79 -> 166 | J22: ='19'!$G$80 -> 280 | K22: ='19'!$G$81 -> 82 | L22: ='19'!$G$82 -> 22 | M22: ='19'!$G$58 -> 67 | N22: ='19'!$G$83 -> 324 | O22: ='19'!G86 -> 105 | P22: ='19'!G87 -> 36.2 | Q22: ='19'!G88 -> 63.25 | R22: ='19'!G87+'19'!H90 -> 41.2 | S22: ='19'!$G$62 -> 0.02 | T22: ='19'!$G$63 -> 17.3 | U22: ='19'!$G$64 -> 367 | V22: ='19'!$G$65 -> 377 | W22: ='19'!$G$66 -> 387.09 | X22: ='19'!$G$67 -> 689.35 | Y22: ='19'!$G$68 -> 296.64 | Z22: ='19'!$G$69 -> 290 | AA22: ='19'!$G$84 -> 490 | AB22: ='19'!$G$15 -> 563.12 | AC22: ='19'!$G$123 -> 213.12 | AD22: ='19'!$G$124 -> 0 | AE22: ='19'!$G$125 -> 73 | AF22: ='19'!$G$126 -> 27.1 | AG22: ='19'!$G$127 -> -0.1 | AH22: =AB22-SUM(AC22:AG22) -> 250 | AI22: ='19'!$G$140 -> -0.08 | AJ22: ='19'!$G$136 -> 1.78 | AK22: ='19'!$G$137 -> 0 | AL22: ='19'!$G$138 -> 6.14 | AM22: =SUM(AJ22:AL22) -> 7.92 | AO22: =AC22-AH22 -> -36.88
A23: 44063 | B23: ='20'!G72 -> 10 | C23: ='20'!$G$73 -> 21 | D23: ='20'!$G$74 -> 22 | E23: ='20'!$G$75 -> 165 | F23: ='20'!$G$76 -> 68 | G23: ='20'!$G$77 -> 50 | H23: ='20'!$G$78 -> 371 | I23: ='20'!$G$79 -> 169 | J23: ='20'!$G$80 -> 289 | K23: ='20'!$G$81 -> 84 | L23: ='20'!$G$82 -> 9 | M23: ='20'!$G$58 -> 170.09 | N23: ='20'!$G$83 -> 356 | O23: ='20'!G86 -> 99 | P23: ='20'!G87 -> 32 | Q23: ='20'!G88 -> 109 | R23: ='20'!G87+'20'!H90 -> 35 | S23: ='20'!$G$62 -> 0 | T23: ='20'!$G$63 -> 19.02 | U23: ='20'!$G$64 -> 360.39 | V23: ='20'!$G$65 -> 384.35 | W23: ='20'!$G$66 -> 382.76 | X23: ='20'!$G$67 -> 693.75 | Y23: ='20'!$G$68 -> 292.9 | Z23: ='20'!$G$69 -> 293 | AA23: ='20'!$G$84 -> 489 | AB23: ='20'!$G$15 -> 640 | AC23: ='20'!$G$123 -> 212.33 | AD23: ='20'!$G$124 -> 0 | AE23: ='20'!$G$125 -> 52.88 | AF23: ='20'!$G$126 -> 27.9 | AG23: ='20'!$G$127 -> 0 | AH23: =AB23-SUM(AC23:AG23) -> 346.89 | AI23: ='20'!$G$140 -> 0 | AJ23: ='20'!$G$136 -> 0 | AK23: ='20'!$G$137 -> 6.02 | AL23: ='20'!$G$138 -> 0 | AM23: =SUM(AJ23:AL23) -> 6.02 | AO23: =AC23-AH23 -> -134.56
A24: 44064 | B24: ='21'!G72 -> 10 | C24: ='21'!$G$73 -> 6 | D24: ='21'!$G$74 -> 32 | E24: ='21'!$G$75 -> 149 | F24: ='21'!$G$76 -> 73 | G24: ='21'!$G$77 -> 47 | H24: ='21'!$G$78 -> 345 | I24: ='21'!$G$79 -> 176 | J24: ='21'!$G$80 -> 307 | K24: ='21'!$G$81 -> 133 | L24: ='21'!$G$82 -> 26 | M24: ='21'!$G$58 -> 149.26 | N24: ='21'!$G$83 -> 339 | O24: ='21'!G86 -> 106 | P24: ='21'!G87 -> 24 | Q24: ='21'!G88 -> 161 | R24: ='21'!G87+'21'!H90 -> 27.9 | S24: ='21'!$G$62 -> 0 | T24: ='21'!$G$63 -> 18.2 | U24: ='21'!$G$64 -> 362.52 | V24: ='21'!$G$65 -> 375.52 | W24: ='21'!$G$66 -> 409.07 | X24: ='21'!$G$67 -> 676.44 | Y24: ='21'!$G$68 -> 296.32 | Z24: ='21'!$G$69 -> 294.14 | AA24: ='21'!$G$84 -> 485 | AB24: ='21'!$G$15 -> 733 | AC24: ='21'!$G$123 -> 209.08 | AD24: ='21'!$G$124 -> 0 | AE24: ='21'!$G$125 -> 64.82 | AF24: ='21'!$G$126 -> 48 | AG24: ='21'!$G$127 -> 0 | AH24: =AB24-SUM(AC24:AG24) -> 411.1 | AI24: ='21'!$G$140 -> 0 | AJ24: ='21'!$G$136 -> 7.59 | AK24: ='21'!$G$137 -> 0 | AL24: ='21'!$G$138 -> 0.54 | AM24: =SUM(AJ24:AL24) -> 8.13 | AO24: =AC24-AH24 -> -202.02
A25: 44065 | B25: ='22'!G72 -> 8 | C25: ='22'!$G$73 -> 0 | D25: ='22'!$G$74 -> 20 | E25: ='22'!$G$75 -> 174 | F25: ='22'!$G$76 -> 64 | G25: ='22'!$G$77 -> 48 | H25: ='22'!$G$78 -> 347 | I25: ='22'!$G$79 -> 172 | J25: ='22'!$G$80 -> 293 | K25: ='22'!$G$81 -> 116 | L25: ='22'!$G$82 -> 5 | M25: ='22'!$G$58 -> 0 | N25: ='22'!$G$83 -> 326 | O25: ='22'!G86 -> 107 | P25: ='22'!G87 -> 12 | Q25: ='22'!G88 -> 66 | R25: ='22'!G87+'22'!H90 -> 13.5 | S25: ='22'!$G$62 -> 0 | T25: ='22'!$G$63 -> 17.98 | U25: ='22'!$G$64 -> 347.32 | V25: ='22'!$G$65 -> 377.66 | W25: ='22'!$G$66 -> 404.36 | X25: ='22'!$G$67 -> 661.34 | Y25: ='22'!$G$68 -> 323.43 | Z25: ='22'!$G$69 -> 286.84 | AA25: ='22'!$G$84 -> 480 | AB25: ='22'!$G$15 -> 386 | AC25: ='22'!$G$123 -> 214.13 | AD25: ='22'!$G$124 -> 0 | AE25: ='22'!$G$125 -> 53.53 | AF25: ='22'!$G$126 -> 26.6 | AG25: ='22'!$G$127 -> 0.1 | AH25: =AB25-SUM(AC25:AG25) -> 91.64 | AI25: ='22'!$G$140 -> 0 | AJ25: ='22'!$G$136 -> 0 | AK25: ='22'!$G$137 -> 0 | AL25: ='22'!$G$138 -> 0 | AM25: =SUM(AJ25:AL25) -> 0 | AO25: =AC25-AH25 -> 122.49
A26: 44066 | B26: ='23'!G72 -> 8 | C26: ='23'!G72 -> 8 | D26: ='23'!$G$74 -> 25 | E26: ='23'!$G$75 -> 158 | F26: ='23'!$G$76 -> 68 | G26: ='23'!$G$77 -> 48 | H26: ='23'!$G$78 -> 300 | I26: ='23'!$G$79 -> 173 | J26: ='23'!$G$80 -> 267 | K26: ='23'!$G$81 -> 87 | L26: ='23'!$G$82 -> 24 | M26: ='23'!$G$58 -> 147.87 | N26: ='23'!$G$83 -> 334 | O26: ='23'!$G$86 -> 101 | P26: ='23'!G87 -> 44 | Q26: ='23'!G88 -> 149 | R26: ='23'!G87+'23'!H90 -> 46.6 | S26: ='23'!$G$62 -> -0.2 | T26: ='23'!$G$63 -> 16.74 | U26: ='23'!$G$64 -> 360.24 | V26: ='23'!$G$65 -> 397.48 | W26: ='23'!$G$66 -> 411.84 | X26: ='23'!$G$67 -> 659.98 | Y26: ='23'!$G$68 -> 343.72 | Z26: ='23'!$G$69 -> 288.69 | AA26: ='23'!$G$84 -> 476 | AB26: ='23'!$G$15 -> 695.03 | AC26: ='23'!$G$123 -> 186.22 | AD26: ='23'!$G$124 -> 0 | AE26: ='23'!$G$125 -> 66.45 | AF26: ='23'!$G$126 -> 23.2 | AG26: ='23'!$G$127 -> 0 | AH26: =AB26-SUM(AC26:AG26) -> 419.16 | AI26: ='23'!$G$140 -> 0 | AJ26: ='23'!$G$136 -> 7.47 | AK26: ='23'!$G$137 -> 0 | AL26: ='23'!$G$138 -> 0.52 | AM26: =SUM(AJ26:AL26) -> 7.99 | AO26: =AC26-AH26 -> -232.94
A27: 44067 | B27: ='23'!G73 -> 1 | C27: ='23'!G73 -> 1 | D27: ='24'!$G$74 -> 30 | E27: ='24'!$G$75 -> 163 | F27: ='24'!$G$76 -> 88 | G27: ='24'!$G$77 -> 51 | H27: ='24'!$G$78 -> 340 | I27: ='24'!$G$79 -> 176 | J27: ='24'!$G$80 -> 282 | K27: ='24'!$G$81 -> 79 | L27: ='24'!$G$82 -> 13 | M27: ='24'!$G$58 -> 150.52 | N27: ='24'!$G$83 -> 340 | O27: ='24'!G86 -> 170 | P27: ='24'!G87 -> 40 | Q27: ='24'!G88 -> 89 | R27: ='24'!G87+'24'!H90 -> 44 | S27: ='24'!$G$62 -> 0.18 | T27: ='24'!$G$63 -> 16.44 | U27: ='24'!$G$64 -> 359.88 | V27: ='24'!$G$65 -> 394.88 | W27: ='24'!$G$66 -> 421.44 | X27: ='24'!$G$67 -> 673.79 | Y27: ='24'!$G$68 -> 359.24 | Z27: ='24'!$G$69 -> 290.52 | AA27: ='24'!$G$84 -> 503 | AB27: ='24'!$G$15 -> 613.17 | AC27: ='24'!$G$123 -> 194.24 | AD27: ='24'!$G$124 -> 0 | AE27: ='24'!$G$125 -> 58.89 | AF27: ='24'!$G$126 -> 21.3 | AG27: ='24'!$G$127 -> 0 | AH27: =AB27-SUM(AC27:AG27) -> 338.74 | AI27: ='24'!$G$140 -> 0 | AJ27: ='24'!$G$136 -> 3.36 | AK27: ='24'!$G$137 -> 2.65 | AL27: ='24'!$G$138 -> 0 | AM27: =SUM(AJ27:AL27) -> 6.01 | AO27: =AC27-AH27 -> -144.5
A28: 44068 | B28: ='25'!G72 -> 8 | C28: ='25'!$G$73 -> 1 | D28: ='25'!$G$74 -> 28 | E28: ='25'!$G$75 -> 157 | F28: ='25'!$G$76 -> 76 | G28: ='25'!$G$77 -> 48 | H28: ='25'!$G$78 -> 403 | I28: ='25'!$G$79 -> 195 | J28: ='25'!$G$80 -> 267 | K28: ='25'!$G$81 -> 91 | L28: ='25'!$G$82 -> 29 | M28: ='25'!$G$58 -> 79.13 | N28: ='25'!$G$83 -> 310 | O28: ='25'!G86 -> 123 | P28: ='25'!G87 -> 39 | Q28: ='25'!G88 -> 133 | R28: ='25'!G87+'25'!H90 -> 43 | S28: ='25'!$G$62 -> 0 | T28: ='25'!$G$63 -> 16.17 | U28: ='25'!$G$64 -> 357.12 | V28: ='25'!$G$65 -> 386.47 | W28: ='25'!$G$66 -> 398.77 | X28: ='25'!$G$67 -> 732.48 | Y28: ='25'!$G$68 -> 387.42 | Z28: ='25'!$G$69 -> 287.31 | AA28: ='25'!$G$84 -> 486 | AB28: ='25'!$G$15 -> 516.88 | AC28: ='25'!$G$123 -> 196.63 | AD28: ='25'!$G$124 -> 0 | AE28: ='25'!$G$125 -> 68.43 | AF28: ='25'!$G$126 -> 19 | AG28: ='25'!$G$127 -> -0.1 | AH28: =AB28-SUM(AC28:AG28) -> 232.92 | AI28: ='25'!$G$140 -> 0 | AJ28: ='25'!$G$136 -> 0.2 | AK28: ='25'!$G$137 -> 0.03 | AL28: ='25'!$G$138 -> 9.47 | AM28: =SUM(AJ28:AL28) -> 9.7 | AO28: =AC28-AH28 -> -36.29
A29: 44069 | B29: ='26'!G72 -> 8 | C29: ='26'!$G$73 -> 2 | D29: ='26'!$G$74 -> 18 | E29: ='26'!$G$75 -> 161 | F29: ='26'!$G$76 -> 70 | G29: ='26'!$G$77 -> 49 | H29: ='26'!$G$78 -> 387 | I29: ='26'!$G$79 -> 204 | J29: ='26'!$G$80 -> 297.84 | K29: ='26'!$G$81 -> 150.16 | L29: ='26'!$G$82 -> 6.34 | M29: ='26'!$G$58 -> 0.005 | N29: ='26'!$G$83 -> 325 | O29: ='26'!G86 -> 125.52 | P29: ='26'!G87 -> 33 | Q29: ='26'!G88 -> 86.29 | R29: ='26'!G87+'26'!H90 -> 35.9 | S29: ='26'!$G$62 -> 0 | T29: ='26'!$G$63 -> 16.234 | U29: ='26'!$G$64 -> 353.433 | V29: ='26'!$G$65 -> 375.599 | W29: ='26'!$G$66 -> 379.343 | X29: ='26'!$G$67 -> 687.71 | Y29: ='26'!$G$68 -> 340.217 | Z29: ='26'!$G$69 -> 287.643 | AA29: ='26'!$G$84 -> 491 | AB29: ='26'!$G$15 -> 411.925 | AC29: ='26'!$G$123 -> 204.281 | AD29: ='26'!$G$124 -> 0 | AE29: ='26'!$G$125 -> 92.72 | AF29: ='26'!$G$126 -> 17.2 | AG29: ='26'!$G$127 -> 0.1 | AH29: =AB29-SUM(AC29:AG29) -> 97.624 | AI29: ='26'!$G$140 -> 0 | AJ29: ='26'!$G$136 -> -0.2 | AK29: ='26'!$G$137 -> 0 | AL29: ='26'!$G$138 -> 0 | AM29: =SUM(AJ29:AL29) -> -0.2 | AO29: =AC29-AH29 -> 106.657
A30: 44070 | B30: ='27'!G72 -> 7 | C30: ='27'!$G$73 -> 0 | D30: ='27'!$G$74 -> 16 | E30: ='27'!$G$75 -> 159 | F30: ='27'!$G$76 -> 68 | G30: ='27'!$G$77 -> 49 | H30: ='27'!$G$78 -> 398 | I30: ='27'!$G$79 -> 195 | J30: ='27'!$G$80 -> 292.56 | K30: ='27'!$G$81 -> 160.77 | L30: ='27'!$G$82 -> 23.12 | M30: ='27'!$G$58 -> 99.646 | N30: ='27'!$G$83 -> 322 | O30: ='27'!G86 -> 156.52 | P30: ='27'!G87 -> 32.5 | Q30: ='27'!G88 -> 105.78 | R30: ='27'!G87+'27'!H90 -> 33.6 | S30: ='27'!$G$62 -> -0.18 | T30: ='27'!$G$63 -> 16.226 | U30: ='27'!$G$64 -> 352.648 | V30: ='27'!$G$65 -> 386.992 | W30: ='27'!$G$66 -> 381.592 | X30: ='27'!$G$67 -> 695.33 | Y30: ='27'!$G$68 -> 319.052 | Z30: ='27'!$G$69 -> 287 | AA30: ='27'!$G$84 -> 490 | AB30: ='27'!$G$15 -> 532.684 | AC30: ='27'!$G$123 -> 197.399 | AD30: ='27'!$G$124 -> 0 | AE30: ='27'!$G$125 -> 86.79 | AF30: ='27'!$G$126 -> 24.9 | AG30: ='27'!$G$127 -> 0 | AH30: =AB30-SUM(AC30:AG30) -> 223.595 | AI30: ='27'!$G$140 -> 0 | AJ30: ='27'!$G$136 -> 4.31 | AK30: ='27'!$G$137 -> 0.86 | AL30: ='27'!$G$138 -> 1.83 | AM30: =SUM(AJ30:AL30) -> 7 | AO30: =AC30-AH30 -> -26.196
A31: 44071 | B31: ='28'!G72 -> 7 | C31: ='28'!$G$73 -> 3 | D31: ='28'!$G$74 -> 16 | E31: ='28'!$G$75 -> 169 | F31: ='28'!$G$76 -> 62 | G31: ='28'!$G$77 -> 48 | H31: ='28'!$G$78 -> 388 | I31: ='28'!$G$79 -> 199 | J31: ='28'!$G$80 -> 326.64 | K31: ='28'!$G$81 -> 149.23 | L31: ='28'!$G$82 -> 14.18 | M31: ='28'!$G$58 -> 202.288 | N31: ='28'!$G$83 -> 344 | O31: ='28'!G86 -> 149.64 | P31: ='28'!G87 -> 17.3 | Q31: ='28'!G88 -> 94.84 | R31: ='28'!G87+'28'!H90 -> 18.3 | S31: ='28'!$G$62 -> 0.187 | T31: ='28'!$G$63 -> 16.451 | U31: ='28'!$G$64 -> 352.088 | V31: ='28'!$G$65 -> 394.552 | W31: ='28'!$G$66 -> 398.184 | X31: ='28'!$G$67 -> 722.45 | Y31: ='28'!$G$68 -> 353.04 | Z31: ='28'!$G$69 -> 287.728 | AA31: ='28'!$G$84 -> 443 | AB31: ='28'!$G$15 -> 805.717 | AC31: ='28'!$G$123 -> 202.761 | AD31: ='28'!$G$124 -> 0.1 | AE31: ='28'!$G$125 -> 89.8 | AF31: ='28'!$G$126 -> 25.1 | AG31: ='28'!$G$127 -> 0 | AH31: =AB31-SUM(AC31:AG31) -> 487.956 | AI31: ='28'!$G$140 -> 0 | AJ31: ='28'!$G$136 -> 9.01 | AK31: ='28'!$G$137 -> 0 | AL31: ='28'!$G$138 -> 0 | AM31: =SUM(AJ31:AL31) -> 9.01 | AO31: =AC31-AH31 -> -285.195
A32: 44072 | B32: ='29'!G72 -> 8 | C32: ='29'!$G$73 -> 1 | D32: ='29'!$G$74 -> 19 | E32: ='29'!$G$75 -> 181 | F32: ='29'!$G$76 -> 66 | G32: ='29'!$G$77 -> 50 | H32: ='29'!$G$78 -> 442 | I32: ='29'!$G$79 -> 201 | J32: ='29'!$G$80 -> 336.2 | K32: ='29'!$G$81 -> 162.84 | L32: ='29'!$G$82 -> 20.39 | M32: ='29'!$G$58 -> 130.298 | N32: ='29'!$G$83 -> 344 | O32: ='29'!G86 -> 119.84 | P32: ='29'!G87 -> 11 | Q32: ='29'!G88 -> 72.59 | R32: ='29'!G87+'29'!H90 -> 22.2 | S32: ='29'!$G$62 -> -0.007 | T32: ='29'!$G$63 -> 16.439 | U32: ='29'!$G$64 -> 359.832 | V32: ='29'!$G$65 -> 375.008 | W32: ='29'!$G$66 -> 410.688 | X32: ='29'!$G$67 -> 753.14 | Y32: ='29'!$G$68 -> 357.304 | Z32: ='29'!$G$69 -> 282.816 | AA32: ='29'!$G$84 -> 498 | AB32: ='29'!$G$15 -> 795.008 | AC32: ='29'!$G$123 -> 210.212 | AD32: ='29'!$G$124 -> 0.2 | AE32: ='29'!$G$125 -> 99.24 | AF32: ='29'!$G$126 -> 42.6 | AG32: ='29'!$G$127 -> 0 | AH32: =AB32-SUM(AC32:AG32) -> 442.756 | AI32: ='29'!$G$140 -> 0 | AJ32: ='29'!$G$136 -> 7.71 | AK32: ='29'!$G$137 -> 0 | AL32: ='29'!$G$138 -> 0 | AM32: =SUM(AJ32:AL32) -> 7.71 | AO32: =AC32-AH32 -> -232.544
A33: 44073 | B33: ='30'!G72 -> 8 | C33: ='30'!$G$73 -> 2 | D33: ='30'!$G$74 -> 23 | E33: ='30'!$G$75 -> 168 | F33: ='30'!$G$76 -> 57 | G33: ='30'!$G$77 -> 51 | H33: ='30'!$G$78 -> 482 | I33: ='30'!$G$79 -> 199 | J33: ='30'!$G$80 -> 321.64 | K33: ='30'!$G$81 -> 174.52 | L33: ='30'!$G$82 -> 20.62 | M33: ='30'!$G$58 -> 114.936 | N33: ='30'!$G$83 -> 364 | O33: ='30'!G86 -> 177.72 | P33: ='30'!G87 -> 34.5 | Q33: ='30'!G88 -> 124.99 | R33: ='30'!G87+'30'!H90 -> 41.3 | S33: ='30'!$G$62 -> 0 | T33: ='30'!$G$63 -> 16.47 | U33: ='30'!$G$64 -> 423.624 | V33: ='30'!$G$65 -> 392.472 | W33: ='30'!$G$66 -> 430.8 | X33: ='30'!$G$67 -> 830.64 | Y33: ='30'!$G$68 -> 386.896 | Z33: ='30'!$G$69 -> 292.88 | AA33: ='30'!$G$84 -> 523 | AB33: ='30'!$G$15 -> 675.187 | AC33: ='30'!$G$123 -> 194.787 | AD33: ='30'!$G$124 -> 0 | AE33: ='30'!$G$125 -> 91.33 | AF33: ='30'!$G$126 -> 28.4 | AG33: ='30'!$G$127 -> 0 | AH33: =AB33-SUM(AC33:AG33) -> 360.67 | AI33: ='30'!$G$140 -> 0 | AJ33: ='30'!$G$136 -> 6.27 | AK33: ='30'!$G$137 -> 0 | AL33: ='30'!$G$138 -> 0 | AM33: =SUM(AJ33:AL33) -> 6.27 | AO33: =AC33-AH33 -> -165.883
A34: 44074 | B34: ='31'!G72 -> -911 | C34: ='31'!$G$73 -> -165 | D34: ='31'!$G$74 -> -1560 | E34: ='31'!$G$74 -> -1560 | F34: ='31'!$G$76 -> -3720 | G34: ='31'!$G$77 -> -4179 | H34: ='31'!$G$78 -> -18516 | I34: ='31'!$G$79 -> -13790 | J34: ='31'!$G$80 -> -23497.88 | K34: ='31'!$G$81 -> -10535.52 | L34: ='31'!$G$82 -> -1703.65 | M34: ='31'!$G$58 -> -6341.673 | N34: ='31'!$G$83 -> -24782 | O34: ='31'!G86 -> -13405.4 | P34: ='31'!G88 -> -7169.49 | Q34: ='31'!G89 -> -5735.2 | R34: ='31'!G87+'31'!H90 -> -2665 | S34: ='31'!$G$62 -> 0.009 | T34: ='31'!$G$63 -> 13304.11 | U34: ='31'!$G$64 -> -27721.195 | V34: ='31'!$G$65 -> -34625.623 | W34: ='31'!$G$66 -> -34157.377 | X34: ='31'!$G$67 -> -49428.08 | Y34: ='31'!$G$68 -> -26524.569 | Z34: ='31'!$G$69 -> -15156.857 | AA34: ='31'!$G$84 -> -44441 | AB34: ='31'!$G$15 -> -44012.541 | AC34: ='31'!$G$123 -> -16205.65 | AD34: ='31'!$G$124 -> -1.2 | AE34: ='31'!$G$125 -> -6115.88 | AF34: ='31'!$G$126 -> -1448.2 | AG34: ='31'!$G$127 -> -1.1 | AH34: =AB34-SUM(AC34:AG34) -> -20240.511 | AI34: ='31'!$G$140 -> -43.82 | AJ34: ='31'!$G$136 -> -152.36 | AK34: ='31'!$G$137 -> -93.95 | AL34: ='31'!$G$138 -> -237 | AM34: =SUM(AJ34:AL34) -> -483.31 | AO34: =AC34-AH34 -> 4034.861
AC36: 24th Sep | AD36: 191
AD37: 88
AD38: =SUM(AD36:AD37) -> 279 | AE38: Today | AF38: 335
AC40: HWG AVG | AD40: 168
AE41: 20 cub extra
AC42: INR | AD42: =20*38.68 -> 773.6 | AE42: Extra

Sheet 1
A1: Daily Utility Consumption Report | N1: 16121.41
A2: Prepaired by- Ramesh | B2: 44136 | C2: occupancy | D2: 0.3 | G2: Occupancy% | H2: Electricity | I2: Water | J2: Gas
C3: Avg temp | D3: 30 | E3: Last year same month avg
C4: humidity | D4: 0.8
A5: Description | D5: Unit | E5: Yesterday | F5: Today | G5: units.consum | H5: MTD | I5: Budgeted | J5: Average/Day
A6: ELECTRICAL CONSUMPTION
A7: BEST Supply 11KV | D7: kwh | E7: 2105025 | F7: 2123599 | G7: =F7-E7 -> 18574 | H7: =G7 -> 18574 | I7: 12000 | J7: =H7/DAY(B2) -> 18574
A8: BEST supply | D8: KVAH | E8: 2115441 | F8: 2134072 | G8: =F8-E8 -> 18631 | H8: =G8 -> 18631 | I8: 12000 | J8: =H8/DAY(B2) -> 18631
A9: Transformer - 1 - 2500KVA | D9: kwh | E9: 2017005.3 | F9: 2034943.5 | G9: =F9-E9 -> 17938.2 | H9: =G9 -> 17938.2 | I9: =I8-J8 -> -6631 | J9: =H9/DAY(B2) -> 17938.2
A10: Transformer - 2 -2500KVA | D10: kwh | E10: 454609.79 | F10: 454609.79 | G10: =F10-E10 -> 0 | H10: =G10 -> 0 | J10: =H10/DAY(B2) -> 0
A11: DG set- 1 - 1425KVA | D11: kwh | E11: 35390 | F11: 35390 | G11: =F11-E11 -> 0 | H11: =G11 -> 0 | J11: =H11/DAY(B2) -> 0
A12: DG set- 2 - 1425KVA | D12: kwh | E12: 37630 | F12: 37630 | G12: =F12-E12 -> 0 | H12: =G12 -> 0 | J12: =H12/DAY(B2) -> 0
A13: SubTotal | G13: =G9+G10+G11+G12 -> 17938.2 | H13: =G13 -> 17938.2 | I13: =G7-G13 -> 635.8 | J13: =H13/DAY(B2) -> 17938.2
A14: GAS CONSUMPTION
A15: Gas consumption | D15: m3 | E15: 1530115.2 | F15: 1530612.7 | G15: =(F15-E15) -> 497.539 | H15: =G15 -> 497.539 | I15: 800 | J15: =H15/DAY(B2) -> 497.539
I16: =I15-J15 -> 302.461
A17: WATER CONSUMPTION
A18: Tankers | D18: KL | E18: 12 | F18: 14 | G18: =F18*10 -> 140 | H18: =G18 -> 140 | I18: 65 | J18: =H18/DAY(B2) -> 140
A19: BMC | D19: KL | E19: 128195 | F19: 128250 | G19: =F19-E19 -> 55 | H19: =G19 -> 55 | J19: =H19/DAY(B2) -> 55
A20: Total water | G20: =G18+G19 -> 195 | H20: =G20 -> 195 | I20: =I18-J20 -> -130 | J20: =H20/DAY(B2) -> 195
A21: DIESEL CONSUMPTION
A22: Boiler House (H.S.D) | D22: L | E22: 2250 | F22: 2250 | G22: =(F22-E22) -> 0 | H22: =G22 -> 0 | J22: =H22/DAY(B2) -> 0
A23: D-G Set (H.S.D) | D23: L | E23: 2000 | F23: 2000 | G23: 0 | H23: =G23 -> 0 | J23: =H23/DAY(B2) -> 0
A24: Total HSD (H.S.D.) Stock | D24: L | E24: 4250 | F24: 4250 | G24: =SUM(G22:G23) -> 0 | H24: =G24 -> 0 | J24: =H24/DAY(B2) -> 0
A25: TOTAL CONSUMPTION UNIT &COST
A26: Utilities | D26: Units
A27: Electricity | D27: KVAH | E27: =G8 -> 18631 | F27: 9.5 | G27: =E27*F27 -> 176994.5 | H27: =G27 -> 176994.5 | J27: =H27/DAY(B2) -> 176994.5
A28: C.N.G | D28: Cu.Mtr | E28: =G15 -> 497.539 | F28: 36.5 | G28: =E28*F28 -> 18160.174 | H28: =G28 -> 18160.174 | J28: =H28/DAY(B2) -> 18160.174
A29: H.S.D | D29: Ltr | E29: =G24 -> 0 | F29: 69 | G29: =E29*F29 -> 0 | H29: =G29 -> 0 | J29: =H29/DAY(B2) -> 0
A30: Water BMC | D30: Kl | E30: =G19 -> 55 | F30: 145 | G30: =E30*F30 -> 7975 | H30: =G30 -> 7975 | J30: =H30/DAY(B2) -> 7975
A31: Water Tanker | D31: KL | E31: =G18 -> 140 | F31: 80 | G31: =E31*F31 -> 11200 | H31: =G31 -> 11200
A32: Total cost | G32: =G27+G28+G29+G30+G31 -> 214329.67 | H32: =G32 -> 214329.67 | J32: =H32/DAY(B2) -> 214329.67
A33: BRANCH READINGS & CONSUMPTION
A34: Transformer No 1 (Sub Feeders)
A35: Main HVAC Power Panel- 800A | D35: kwh | E35: 603343.47 | F35: 606077.03 | G35: =F35-E35 -> 2733.56 | H35: =G35 -> 2733.56 | J35: =H35/DAY(B2) -> 2733.56
A36: Main Panel BALLROOM LVL-2 -2000A | D36: kwh | E36: 211359.95 | F36: 211824 | G36: =F36-E36 -> 464.05 | H36: =G36 -> 464.05 | J36: =H36/DAY(B2) -> 464.05
A37: Fire Emergency Power Panel - 1000A | D37: kwh | E37: 399844.19 | F37: 401369.35 | G37: =F37-E37 -> 1525.16 | H37: =G37 -> 1525.16 | J37: =H37/DAY(B2) -> 1525.16
A38: Main Power Panel -1600A | D38: kwh | E38: 150714 | F38: 150714 | G38: =F38-E38 -> 0 | H38: =G38 -> 0 | J38: =H38/DAY(B2) -> 0
A39: Main Lighting and Small power Panel | D39: kwh | E39: 872124.71 | F39: 876209.99 | G39: =F39-E39 -> 4085.28 | H39: =G39 -> 4085.28 | J39: =H39/DAY(B2) -> 4085.28
A40: Capacitor Bank -1 1100KVAR- 2500A | D40: kwh | E40: 0 | F40: 0 | G40: =F40-E40 -> 0 | H40: =G40 -> 0 | J40: =H40/DAY(B2) -> 0
A41: Chiller No 1 | D41: kwh | E41: 300127.97 | F41: 300127.97 | G41: =F41-E41 -> 0 | H41: =G41 -> 0 | J41: =H41/DAY(B2) -> 0
A42: Chiller No 2- | D42: kwh | E42: 396197.47 | F42: 396197.47 | G42: =F42-E42 -> 0 | H42: =G42 -> 0 | J42: =H42/DAY(B2) -> 0
A43: Chiller Water pump Panel- 630A | D43: kwh | E43: 558324.07 | F43: 560725.31 | G43: =F43-E43 -> 2401.24 | H43: =G43 -> 2401.24 | J43: =H43/DAY(B2) -> 2401.24
A44: Co-Genrator | D44: kwh | E44: 0 | F44: 0 | G44: =F44-E44 -> 0 | H44: =G44 -> 0 | J44: =H44/DAY(B2) -> 0
A45: Lawn Pantry | D45: kwh | E45: 614.48 | F45: 614.48 | G45: =F45-E45 -> 0 | H45: =G45 -> 0 | J45: =H45/DAY(B2) -> 0
A46: Pavilion Power | D46: kwh | E46: 187.49 | F46: 187.49 | G46: =F46-E46 -> 0 | H46: =G46 -> 0 | J46: =H46/DAY(B2) -> 0
A47: Sub Total | G47: =G35+G36+G37+G38+G39+G40+G41+G42+G43+G44+G45+G46 -> 11209.29 | H47: =G47 -> 11209.29 | J47: =H47/DAY(B2) -> 11209.29
A48: Transformer No 2 (Sub Feeders)
A49: Main HVAC Power Panel- 800A | D49: kwh | E49: 11728.838 | F49: 11728.838 | G49: =F49-E49 -> 0 | H49: =G49 -> 0 | J49: =H49/DAY(B2) -> 0
A50: Main MV PanelBALLROOM LVL-1- 2000A | D50: kwh | E50: 263806.57 | F50: 264693.75 | G50: =F50-E50 -> 887.18 | H50: =G50 -> 887.18 | J50: =H50/DAY(B2) -> 887.18
A51: Fire Emergency Power Panel - 1000A | D51: kwh | E51: 0 | F51: 0 | G51: =F51-E51 -> 0 | H51: =G51 -> 0 | J51: =H51/DAY(B2) -> 0
A52: Main Power Panel -1800A | D52: kwh | E52: 318664.69 | F52: 320585.09 | G52: =F52-E52 -> 1920.4 | H52: =G52 -> 1920.4 | J52: =H52/DAY(B2) -> 1920.4
A53: Main Lighting and Small power Panel | D53: kwh | E53: 16071 | F53: 16071 | G53: =F53-E53 -> 0 | H53: =G53 -> 0 | J53: =H53/DAY(B2) -> 0
A54: Capacitor Bank -2 1200KVAR- 2500A | D54: kwh | E54: 1403.665 | F54: 1478.9247 | G54: =F54-E54 -> 75.2597 | H54: =G54 -> 75.2597 | J54: =H54/DAY(B2) -> 75.2597
A55: Chiller No -3 - 1200A | D55: kwh | E55: 158493 | F55: 158492.63 | G55: =F55-E55 -> -0.37 | H55: =G55 -> -0.37 | J55: =H55/DAY(B2) -> -0.37
A56: Chiller No-4 - 1200A | D56: Kwh | E56: 303989.79 | F56: 307997.67 | G56: =F56-E56 -> 4007.88 | H56: =G56 -> 4007.88 | J56: =H56/DAY(B2) -> 4007.88
A57: Chiller Water pump Panel- 630A | D57: kwh | E57: 0 | F57: 0 | G57: =F57-E57 -> 0 | H57: =G57 -> 0 | J57: =H57/DAY(B2) -> 0
A58: B2-Loundry power panel | D58: kwh | E58: 17464.271 | F58: 17514.005 | G58: =F58-E58 -> 49.734 | H58: =G58 -> 49.734 | J58: =H58/DAY(B2) -> 49.734
A59: Sub Total | G59: =G49+G50+G51+G52+G53+G54+G55+G56+G57+G58 -> 6940.0837 | H59: =G59 -> 6940.0837 | I59: =G7-G60 -> 424.6263 | J59: =H59/DAY(B2) -> 6940.0837
D60: Total TR1 & TR2 | G60: =G47+G59 -> 18149.374 | H60: =G60 -> 18149.374 | I60: =G13-G60 -> -211.1737 | J60: =H60/DAY(B2) -> 18149.374
A61: Floor lighting & Power consumption
A62: 2nd floor plant room | D62: KWh | E62: 20419.189 | F62: 20419.189 | G62: =F62-E62 -> 0 | H62: =G62 -> 0 | J62: =H62/DAY(B2) -> 0
A63: 5th floor spa | D63: KWh | E63: 298.46 | F63: 318.156 | G63: =F63-E63 -> 19.696 | H63: =G63 -> 19.696 | J63: =H63/DAY(B2) -> 19.696
A64: 5th Floor | D64: KWh | E64: 76063.087 | F64: 76427.987 | G64: =F64-E64 -> 364.9 | H64: =G64 -> 364.9 | J64: =H64/DAY(B2) -> 364.9
A65: 12th Floor | D65: KWh | E65: 85159.263 | F65: 85549.423 | G65: =F65-E65 -> 390.16 | H65: =G65 -> 390.16 | J65: =H65/DAY(B2) -> 390.16
A66: 20th Floor | D66: KWh | E66: 78187.958 | F66: 78580.458 | G66: =F66-E66 -> 392.5 | H66: =G66 -> 392.5 | J66: =H66/DAY(B2) -> 392.5
A67: 27th Floor | D67: KWh | E67: 126056.5 | F67: 126734.88 | G67: =F67-E67 -> 678.38 | H67: =G67 -> 678.38 | J67: =H67/DAY(B2) -> 678.38
A68: 34th Floor | D68: KWh | E68: 33399.869 | F68: 33731.615 | G68: =F68-E68 -> 331.746 | H68: =G68 -> 331.746 | J68: =H68/DAY(B2) -> 331.746
A69: Sanqi | D69: KWh | E69: 29252.365 | F69: 29531.217 | G69: =F69-E69 -> 278.852 | H69: =G69 -> 278.852 | J69: =H69/DAY(B2) -> 278.852
A70: Consumption of Extra AHU run | D70: KWh | H70: =G70 -> 0 | J70: =H70/DAY(B2) -> 0
A71: Kitchen consumption
A72: Main kitchen power panel no 1 | D72: KWh | E72: 843933 | F72: 843945 | G72: =F72-E72 -> 12 | H72: =G72 -> 12 | J72: =H72/DAY(B2) -> 12
A73: Main kitchen power panel no 2 | D73: KWh | E73: 885215 | F73: 885215 | G73: =F73-E73 -> 0 | H73: =G73 -> 0 | J73: =H73/DAY(B2) -> 0
A74: Prato kitchen power panel | D74: KWh | E74: 879636 | F74: 879652 | G74: =F74-E74 -> 16 | H74: =G74 -> 16 | J74: =H74/DAY(B2) -> 16
A75: San- Qi Indian Kitchen | D75: KWh | E75: 721366 | F75: 721527 | G75: =F75-E75 -> 161 | H75: =G75 -> 161 | J75: =H75/DAY(B2) -> 161
A76: San- Qi Japanese Kitchen | D76: KWh | E76: 679652 | F76: 679712 | G76: =F76-E76 -> 60 | H76: =G76 -> 60 | J76: =H76/DAY(B2) -> 60
A77: The club kitchen | D77: KWh | E77: 692307 | F77: 692377 | G77: =F77-E77 -> 70 | H77: =G77 -> 70 | J77: =H77/DAY(B2) -> 70
A78: AER Kitchen | D78: KWh | E78: 608014 | F78: 608343 | G78: =F78-E78 -> 329 | H78: =G78 -> 329 | J78: =H78/DAY(B2) -> 329
A79: COLD ROOM'S | D79: KWh | E79: 792788 | F79: 792948 | G79: =F79-E79 -> 160 | H79: =G79 -> 160 | J79: =H79/DAY(B2) -> 160
A80: Ball Room 1 kitchen | D80: KWh | E80: 456865.04 | F80: 457168.04 | G80: =F80-E80 -> 303 | H80: =G80 -> 303 | J80: =H80/DAY(B2) -> 303
A81: Ball Room 2 kitchen | D81: KWh | E81: 611122.28 | F81: 611204.28 | G81: =F81-E81 -> 82 | H81: =G81 -> 82 | J81: =H81/DAY(B2) -> 82
A82: B1 Laundry | D82: kwh | E82: 103029.95 | F82: 103055.69 | G82: =F82-E82 -> 25.74 | H82: =G82 -> 25.74 | J82: =H82/DAY(B2) -> 25.74
A83: STP Electrical | D83: kwh | E83: 952243 | F83: 952689 | G83: =F83-E83 -> 446 | H83: =G83 -> 446 | J83: =H83/DAY(B2) -> 446
A84: Cooling Tower | D84: kwh | E84: 366433 | F84: 367029 | G84: =F84-E84 -> 596 | H84: =G84 -> 596 | J84: =H84/DAY(B2) -> 596
A85: Total | G85: =SUM(G71:G84) -> 2260.74 | H85: =G85 -> 2260.74 | J85: =H85/DAY(B2) -> 2260.74
A86: MOCK Up Room | D86: Kwh | E86: 437026.5 | F86: 437049.04 | G86: =F86-E86 -> 22.54 | H86: =G86 -> 22.54 | J86: =H86/DAY(B2) -> 22.54
A87: 27th Floor | D87: Kwh | E87: 76100 | F87: 76138 | G87: =F87-E87 -> 38 | H87: =G87 -> 38 | J87: =H87/DAY(B2) -> 38
A88: Physic57 | D88: Kwh | E88: 140128.46 | F88: 140183.75 | G88: =F88-E88 -> 55.29 | H88: =G88 -> 55.29 | J88: =H88/DAY(B2) -> 55.29
A89: Pinoor Legal- Power | D89: Kwh | E89: 54095.8 | F89: 54128 | G89: =F89-E89 -> 32.2 | H89: =G89 -> 32.2 | J89: =H89/DAY(B2) -> 32.2
A90: Pinoor Legal- Lighting | D90: Kwh | E90: 2785.7 | F90: 2789 | G90: =F90-E90 -> 3.3 | H90: =G90 -> 3.3 | J90: =H90/DAY(B2) -> 3.3
A91: WATER
A92: R.o.plant | D92: KL | E92: 228650 | F92: 228755 | G92: =F92-E92 -> 105 | H92: =G92 -> 105 | J92: =H92/DAY(B2) -> 105
A93: STP Water Prod | D93: KL | E93: 158707 | F93: 158892 | G93: =F93-E93 -> 185 | H93: =G93 -> 185 | J93: =H93/DAY(B2) -> 185
A94: Total water Produce | G94: =G92+G93 -> 290
A95: Domestic Zone-1 | D95: KL | E95: 399886 | F95: 399934 | G95: =F95-E95 -> 48 | H95: =G95 -> 48 | J95: =H95/DAY(B2) -> 48
A96: Domestic Zone-2 | D96: KL | E96: 98051 | F96: 98100 | G96: =F96-E96 -> 49 | H96: =G96 -> 49 | J96: =H96/DAY(B2) -> 49
A97: Domestic Zone-3 | D97: KL | E97: 93565 | F97: 93579 | G97: =F97-E97 -> 14 | H97: =G97 -> 14 | J97: =H97/DAY(B2) -> 14
A98: Flush Zone -1 | D98: KL | E98: 140928 | F98: 140960 | G98: =F98-E98 -> 32 | H98: =G98 -> 32 | J98: =H98/DAY(B2) -> 32
A99: Flush Zone -2 | D99: KL | E99: 4716 | F99: 4733 | G99: =F99-E99 -> 17 | H99: =G99 -> 17 | J99: =H99/DAY(B2) -> 17
A100: Flush Zone -3 | D100: KL | E100: 3674 | F100: 3674 | G100: =F100-E100 -> 0 | H100: =G100 -> 0 | J100: =H100/DAY(B2) -> 0
...

Sheet 2
A1: Daily Utility Consumption Report
A2: Prepaired by- Ramesh | B2: 44137 | C2: occupancy | D2: 0.3 | G2: Occupancy% | H2: Electricity | I2: Water | J2: Gas
C3: Avg temp | D3: 30 | E3: Last year same month avg
C4: humidity | D4: 0.8
A5: Description | D5: Unit | E5: Yesterday | F5: Today | G5: units.consum | H5: MTD | I5: Budgeted | J5: Average/Day
A6: ELECTRICAL CONSUMPTION
A7: BEST Supply 11KV | D7: kwh | E7: ='[3]1'!F7 -> 2123599 | F7: 2143031 | G7: =F7-E7 -> 19432 | H7: =G7+'[3]1'!H7 -> 38006 | I7: ='[3]1'!I7 -> 12000 | J7: =H7/DAY(B2) -> 19003
A8: BEST supply | D8: KVAH | E8: ='[3]1'!F8 -> 2134072 | F8: 2153590 | G8: =F8-E8 -> 19518 | H8: =G8+'[3]1'!H8 -> 38149 | I8: 12000 | J8: =H8/DAY(B2) -> 19074.5
A9: Transformer - 1 - 2500KVA | D9: kwh | E9: ='[3]1'!F9 -> 2034943.5 | F9: 2053696.7 | G9: =F9-E9 -> 18753.2 | H9: =G9+'[3]1'!H9 -> 36691.4 | I9: =I8-J8 -> -7074.5 | J9: =H9/DAY(B2) -> 18345.7
A10: Transformer - 2 -2500KVA | D10: kwh | E10: ='[3]1'!F10 -> 454609.79 | F10: 454610 | G10: =F10-E10 -> 0.21 | H10: =G10+'[3]1'!H10 -> 0.21 | J10: =H10/DAY(B2) -> 0.105
A11: DG set- 1 - 1425KVA | D11: kwh | E11: ='[3]1'!F11 -> 35390 | F11: 35390 | G11: =F11-E11 -> 0 | H11: =G11+'[3]1'!H11 -> 0 | J11: =H11/DAY(B2) -> 0
A12: DG set- 2 - 1425KVA | D12: kwh | E12: ='[3]1'!F12 -> 37630 | F12: 37630 | G12: 0 | H12: =G12+'[3]1'!H12 -> 0 | J12: =H12/DAY(B2) -> 0
A13: SubTotal | G13: =G9+G10+G11+G12 -> 18753.41 | H13: =G13+'[3]1'!H13 -> 36691.61 | I13: =G7-G13 -> 678.59 | J13: =H13/DAY(B2) -> 18345.805
A14: GAS CONSUMPTION
A15: Gas consumption | D15: m3 | E15: ='[3]1'!F15 -> 1530612.7 | F15: 1531319.3 | G15: =(F15-E15) -> 706.539 | H15: =G15+'[3]1'!H15 -> 1204.078 | I15: 800 | J15: =H15/DAY(B2) -> 602.039
I16: =I15-J15 -> 197.961 | O16: =G15-150 -> 556.539
A17: WATER CONSUMPTION
A18: Tankers | D18: KL | E18: ='[3]1'!F18 -> 14 | F18: 13 | G18: =F18*10 -> 130 | H18: =G18+'[3]1'!H18 -> 270 | I18: ='[3]1'!I18 -> 65 | J18: =H18/DAY(B2) -> 135
A19: BMC | D19: KL | E19: ='[3]1'!F19 -> 128250 | F19: 128305 | G19: =F19-E19 -> 55 | H19: =G19+'[3]1'!H19 -> 110 | J19: =H19/DAY(B2) -> 55
A20: Total water | G20: =G18+G19 -> 185 | H20: =G20+'[3]1'!H20 -> 380 | I20: =I18-J20 -> -125 | J20: =H20/DAY(B2) -> 190
A21: DIESEL CONSUMPTION
A22: Boiler House (H.S.D) | D22: L | E22: ='[3]1'!F22 -> 2250 | F22: 2250 | G22: =(F22-E22) -> 0 | H22: =G22+'[3]1'!H22 -> 0 | J22: =H22/DAY(B2) -> 0
A23: D-G Set (H.S.D) | D23: L | E23: ='[3]1'!F23 -> 2000 | F23: 2000 | G23: 0 | H23: =G23+'[3]1'!H23 -> 0 | J23: =H23/DAY(B2) -> 0
A24: Total HSD (H.S.D.) Stock | D24: L | E24: ='[3]1'!F24 -> 4250 | F24: 4250 | G24: 0 | H24: =G24 -> 0 | J24: =H24/DAY(B2) -> 0
A25: TOTAL CONSUMPTION UNIT &COST
A26: Utilities | D26: Units
A27: Electricity | D27: KVAH | E27: =G8 -> 19518 | F27: 9.5 | G27: =E27*F27 -> 185421 | H27: =G27+'[3]1'!H27 -> 362415.5 | J27: =H27/DAY(B2) -> 181207.75
A28: C.N.G | D28: Cu.Mtr | E28: =G15 -> 706.539 | F28: 36.5 | G28: =E28*F28 -> 25788.674 | H28: =G28+'[3]1'!H28 -> 43948.847 | J28: =H28/DAY(B2) -> 21974.424
A29: H.S.D | D29: Ltr | E29: =G24 -> 0 | F29: 69 | G29: =E29*F29 -> 0 | H29: =G29+'[3]1'!H29 -> 0 | J29: =H29/DAY(B2) -> 0
A30: Water BMC | D30: Kl | E30: =G19 -> 55 | F30: 145 | G30: =E30*F30 -> 7975 | H30: =G30+'[3]1'!H30 -> 15950 | J30: =H30/DAY(B2) -> 7975
A31: Water Tanker | D31: KL | E31: =G18 -> 130 | F31: 80 | G31: =E31*F31 -> 10400 | H31: =G31+'[3]1'!H31 -> 21600 | J31: =H31/DAY(B2) -> 10800
A32: Total cost | G32: =G27+G28+G29+G30+G31 -> 229584.67 | H32: =G32+'[3]1'!H32 -> 443914.35 | J32: =H32/DAY(B2) -> 221957.17
A33: BRANCH READINGS & CONSUMPTION
A34: Transformer No 1 (Sub Feeders)
A35: Main HVAC Power Panel- 800A | D35: kwh | E35: ='[3]1'!F35 -> 606077.03 | F35: 608605.11 | G35: =F35-E35 -> 2528.08 | H35: =G35+'[3]1'!H35 -> 5261.64 | J35: =H35/DAY(B2) -> 2630.82
A36: Main Panel BALLROOM LVL-2 -2000A | D36: kwh | E36: ='[3]1'!F36 -> 211824 | F36: 212419.21 | G36: =F36-E36 -> 595.21 | H36: =G36+'[3]1'!H36 -> 1059.26 | J36: =H36/DAY(B2) -> 529.63
A37: Fire Emergency Power Panel - 1000A | D37: kwh | E37: ='[3]1'!F37 -> 401369.35 | F37: 402893.03 | G37: =F37-E37 -> 1523.68 | H37: =G37+'[3]1'!H37 -> 3048.84 | J37: =H37/DAY(B2) -> 1524.42
A38: Main Power Panel -1600A | D38: kwh | E38: ='[3]1'!F38 -> 150714 | F38: 150714 | G38: =F38-E38 -> 0 | H38: =G38+'[3]1'!H38 -> 0 | J38: =H38/DAY(B2) -> 0
A39: Main Lighting and Small power Panel | D39: kwh | E39: ='[3]1'!F39 -> 876209.99 | F39: 880208.39 | G39: =F39-E39 -> 3998.4 | H39: =G39+'[3]1'!H39 -> 8083.68 | J39: =H39/DAY(B2) -> 4041.84
A40: Capacitor Bank -1 1100KVAR- 2500A | D40: kwh | E40: ='[3]1'!F40 -> 0 | F40: 0 | G40: =F40-E40 -> 0 | H40: =G40+'[3]1'!H40 -> 0 | J40: =H40/DAY(B2) -> 0
A41: Chiller No 1 | D41: kwh | E41: ='[3]1'!F41 -> 300127.97 | F41: 300127.9 | G41: =F41-E41 -> -0.07 | H41: =G41+'[3]1'!H41 -> -0.07 | J41: =H41/DAY(B2) -> -0.035
A42: Chiller No 2- | D42: kwh | E42: ='[3]1'!F42 -> 396197.47 | F42: 396197.47 | G42: =F42-E42 -> 0 | H42: =G42+'[3]1'!H42 -> 0 | J42: =H42/DAY(B2) -> 0
A43: Chiller Water pump Panel- 630A | D43: kwh | E43: ='[3]1'!F43 -> 560725.31 | F43: 563091.35 | G43: =F43-E43 -> 2366.04 | H43: =G43+'[3]1'!H43 -> 4767.28 | J43: =H43/DAY(B2) -> 2383.64
A44: Co-Genrator | D44: kwh | E44: ='[3]1'!F44 -> 0 | F44: 0 | G44: =F44-E44 -> 0 | H44: =G44+'[3]1'!H44 -> 0 | J44: =H44/DAY(B2) -> 0
A45: Lawn Pantry | D45: kwh | E45: ='[3]1'!F45 -> 614.48 | F45: 614 | G45: =F45-E45 -> -0.48 | H45: =G45+'[3]1'!H45 -> -0.48 | J45: =H45/DAY(B2) -> -0.24
A46: Pavilion Power | D46: kwh | E46: ='[3]1'!F46 -> 187.49 | F46: 187 | G46: =F46-E46 -> -0.49 | H46: =G46+'[3]1'!H46 -> -0.49 | J46: =H46/DAY(B2) -> -0.245
A47: Sub Total | G47: =G35+G36+G37+G38+G39+G40+G41+G42+G43+G44+G45+G46 -> 11010.37 | H47: =G47+'[3]1'!H47 -> 22219.66 | J47: =H47/DAY(B2) -> 11109.83
A48: Transformer No 2 (Sub Feeders)
A49: Main HVAC Power Panel- 800A | D49: kwh | E49: ='[3]1'!F49 -> 11728.838 | F49: 11728.852 | G49: =F49-E49 -> 0.014 | H49: =G49+'[3]1'!H49 -> 0.014 | J49: =H49/DAY(B2) -> 0.007
A50: Main MV PanelBALLROOM LVL-1- 2000A | D50: kwh | E50: ='[3]1'!F50 -> 264693.75 | F50: 266038.17 | G50: =F50-E50 -> 1344.42 | H50: =G50+'[3]1'!H50 -> 2231.6 | J50: =H50/DAY(B2) -> 1115.8
A51: Fire Emergency Power Panel - 1000A | D51: kwh | E51: ='[3]1'!F51 -> 0 | F51: 0 | G51: =F51-E51 -> 0 | H51: =G51+'[3]1'!H51 -> 0 | J51: =H51/DAY(B2) -> 0
A52: Main Power Panel -1800A | D52: kwh | E52: ='[3]1'!F52 -> 320585.09 | F52: 322299.03 | G52: =F52-E52 -> 1713.94 | H52: =G52+'[3]1'!H52 -> 3634.34 | J52: =H52/DAY(B2) -> 1817.17
A53: Main Lighting and Small power Panel | D53: kwh | E53: ='[3]1'!F53 -> 16071 | F53: 16071 | G53: =F53-E53 -> 0 | H53: =G53+'[3]1'!H53 -> 0 | J53: =H53/DAY(B2) -> 0
A54: Capacitor Bank -2 1200KVAR- 2500A | D54: kwh | E54: ='[3]1'!F54 -> 1478.9247 | F54: 1548.23 | G54: =F54-E54 -> 69.3053 | H54: =G54+'[3]1'!H54 -> 144.565 | J54: =H54/DAY(B2) -> 72.2825
A55: Chiller No -3 - 1200A | D55: kwh | E55: ='[3]1'!F55 -> 158492.63 | F55: 158492.73 | G55: =F55-E55 -> 0.1 | H55: =G55+'[3]1'!H55 -> -0.27 | J55: =H55/DAY(B2) -> -0.135
A56: Chiller No-4 - 1200A | D56: Kwh | E56: ='[3]1'!F56 -> 307997.67 | F56: 312611.51 | G56: =F56-E56 -> 4613.84 | H56: =G56+'[3]1'!H56 -> 8621.72 | J56: =H56/DAY(B2) -> 4310.86
A57: Chiller Water pump Panel- 630A | D57: kwh | E57: ='[3]1'!F57 -> 0 | F57: 0 | G57: =F57-E57 -> 0 | H57: =G57+'[3]1'!H57 -> 0 | J57: =H57/DAY(B2) -> 0
A58: B2-Loundry power panel | D58: kwh | E58: ='[3]1'!F58 -> 17514.005 | F58: 17695.417 | G58: =F58-E58 -> 181.412 | H58: =G58+'[3]1'!H58 -> 231.146 | J58: =H58/DAY(B2) -> 115.573
A59: Sub Total | G59: =G49+G50+G51+G52+G53+G54+G55+G56+G57+G58 -> 7923.0313 | H59: =G59+'[3]1'!H59 -> 14863.115 | I59: =G7-G60 -> 498.5987 | J59: =H59/DAY(B2) -> 7431.5575
D60: Total TR1 & TR2 | G60: =G47+G59 -> 18933.401 | H60: =G60+'[3]1'!H60 -> 37082.775 | I60: =G13-G60 -> -179.9913 | J60: =H60/DAY(B2) -> 18541.388
A61: Floor lighting & Power consumption
A62: 2nd floor plant room | D62: KWh | E62: ='[3]1'!F62 -> 20419.189 | F62: 20419.189 | G62: =F62-E62 -> 0 | H62: =G62+'[3]1'!H62 -> 0 | J62: =H62/DAY(B2) -> 0
A63: 5th floor spa | D63: KWh | E63: ='[3]1'!F63 -> 318.156 | F63: 337.52915 | G63: =F63-E63 -> 19.37315 | H63: =G63+'[3]1'!H63 -> 39.06915 | J63: =H63/DAY(B2) -> 19.534575
A64: 5th Floor | D64: KWh | E64: ='[3]1'!F64 -> 76427.987 | F64: 76786.263 | G64: =F64-E64 -> 358.276 | H64: =G64+'[3]1'!H64 -> 723.176 | J64: =H64/DAY(B2) -> 361.588
A65: 12th Floor | D65: KWh | E65: ='[3]1'!F65 -> 85549.423 | F65: 85945.463 | G65: =F65-E65 -> 396.04 | H65: =G65+'[3]1'!H65 -> 786.2 | J65: =H65/DAY(B2) -> 393.1
A66: 20th Floor | D66: KWh | E66: ='[3]1'!F66 -> 78580.458 | F66: 78976.559 | G66: =F66-E66 -> 396.101 | H66: =G66+'[3]1'!H66 -> 788.601 | J66: =H66/DAY(B2) -> 394.3005
A67: 27th Floor | D67: KWh | E67: ='[3]1'!F67 -> 126734.88 | F67: 127374.99 | G67: =F67-E67 -> 640.11 | H67: =G67+'[3]1'!H67 -> 1318.49 | J67: =H67/DAY(B2) -> 659.245
A68: 34th Floor | D68: KWh | E68: ='[3]1'!F68 -> 33731.615 | F68: 34045.735 | G68: =F68-E68 -> 314.12 | H68: =G68+'[3]1'!H68 -> 645.866 | J68: =H68/DAY(B2) -> 322.933
A69: Sanqi | D69: KWh | E69: ='[3]1'!F69 -> 29531.217 | F69: 29784.335 | G69: =F69-E69 -> 253.118 | H69: =G69+'[3]1'!H69 -> 531.97 | J69: =H69/DAY(B2) -> 265.985
A70: Consumption of Extra AHU run | D70: KWh
A71: Kitchen consumption
A72: Main kitchen power panel no 1 | D72: KWh | E72: ='[3]1'!F72 -> 843945 | F72: 843954 | G72: =F72-E72 -> 9 | H72: =G72+'[3]1'!H72 -> 21 | J72: =H72/DAY(B2) -> 10.5
A73: Main kitchen power panel no 2 | D73: KWh | E73: ='[3]1'!F73 -> 885215 | F73: 885215 | G73: =F73-E73 -> 0 | H73: =G73+'[3]1'!H73 -> 0 | J73: =H73/DAY(B2) -> 0
A74: Prato kitchen power panel | D74: KWh | E74: ='[3]1'!F74 -> 879652 | F74: 879672 | G74: =F74-E74 -> 20 | H74: =G74+'[3]1'!H74 -> 36 | J74: =H74/DAY(B2) -> 18
A75: San- Qi Indian Kitchen | D75: KWh | E75: ='[3]1'!F75 -> 721527 | F75: 721704 | G75: =F75-E75 -> 177 | H75: =G75+'[3]1'!H75 -> 338 | J75: =H75/DAY(B2) -> 169
A76: San- Qi Japanese Kitchen | D76: KWh | E76: ='[3]1'!F76 -> 679712 | F76: 679796 | G76: =F76-E76 -> 84 | H76: =G76+'[3]1'!H76 -> 144 | J76: =H76/DAY(B2) -> 72
A77: The club kitchen | D77: KWh | E77: ='[3]1'!F77 -> 692377 | F77: 692442 | G77: =F77-E77 -> 65 | H77: =G77+'[3]1'!H77 -> 135 | J77: =H77/DAY(B2) -> 67.5
A78: AER Kitchen | D78: KWh | E78: ='[3]1'!F78 -> 608343 | F78: 608600 | G78: =F78-E78 -> 257 | H78: =G78+'[3]1'!H78 -> 586 | J78: =H78/DAY(B2) -> 293
A79: COLD ROOM'S | D79: KWh | E79: ='[3]1'!F79 -> 792948 | F79: 793121 | G79: =F79-E79 -> 173 | H79: =G79+'[3]1'!H79 -> 333 | J79: =H79/DAY(B2) -> 166.5
A80: Ball Room 1 kitchen | D80: KWh | E80: ='[3]1'!F80 -> 457168.04 | F80: 457462 | G80: =F80-E80 -> 293.96 | H80: =G80+'[3]1'!H80 -> 596.96 | J80: =H80/DAY(B2) -> 298.48
A81: Ball Room 2 kitchen | D81: KWh | E81: ='[3]1'!F81 -> 611204.28 | F81: 611299 | G81: =F81-E81 -> 94.72 | H81: =G81+'[3]1'!H81 -> 176.72 | J81: =H81/DAY(B2) -> 88.36
A82: B1 Laundry | D82: kwh | E82: ='[3]1'!F82 -> 103055.69 | F82: 103074 | G82: =F82-E82 -> 18.31 | H82: =G82+'[3]1'!H82 -> 44.05 | J82: =H82/DAY(B2) -> 22.025
A83: STP Electrical | D83: kwh | E83: ='[3]1'!F83 -> 952689 | F83: 952959 | G83: =F83-E83 -> 270 | H83: =G83+'[3]1'!H83 -> 716 | J83: =H83/DAY(B2) -> 358
A84: Cooling Tower | D84: kwh | E84: ='[3]1'!F84 -> 367029 | F84: 367631 | G84: =F84-E84 -> 602 | H84: =G84+'[3]1'!H84 -> 1198 | J84: =H84/DAY(B2) -> 599
A85: Total | E85: ='[3]1'!F85 -> 0 | G85: =SUM(G71:G84) -> 2063.99 | H85: =G85+'[3]1'!H84 -> 2659.99 | J85: =H85/DAY(B2) -> 1329.995
A86: MOCK Up Room | D86: Kwh | E86: ='[3]1'!F86 -> 437049.04 | F86: 437193 | G86: =F86-E86 -> 143.96 | H86: =G86 -> 143.96 | J86: =H86/DAY(B2) -> 71.98
A87: 27th Floor | D87: Kwh | E87: ='[3]1'!F87 -> 76138 | F87: 76183 | G87: =F87-E87 -> 45 | H87: =G87 -> 45 | J87: =H87/DAY(B2) -> 22.5
A88: Physic57 | D88: Kwh | E88: ='[3]1'!F88 -> 140183.75 | F88: 140263 | G88: =F88-E88 -> 79.25 | H88: =G88 -> 79.25 | J88: =H88/DAY(B2) -> 39.625
A89: Pinoor Legal- Lighting | D89: Kwh | E89: ='[3]1'!F89 -> 54128 | F89: 54179 | G89: =F89-E89 -> 51 | H89: =G89+'[3]1'!H89 -> 83.2 | J89: =H89/DAY(B2) -> 41.6
A90: Pinoor Legal- Lighting | D90: Kwh | E90: ='[3]1'!F90 -> 2789 | F90: 2794 | G90: =F90-E90 -> 5 | H90: =G90+'[3]1'!H90 -> 8.3 | J90: =H90/DAY(B2) -> 4.15
A91: WATER
A92: R.o.plant | D92: KL | E92: ='[3]1'!F92 -> 228755 | F92: 228852 | G92: =F92-E92 -> 97 | H92: =G92+'[3]1'!H92 -> 202 | J92: =H92/DAY(B2) -> 101
A93: STP Water Prod | D93: KL | E93: ='[3]1'!F93 -> 158892 | F93: 159050 | G93: =F93-E93 -> 158 | H93: =G93+'[3]1'!H93 -> 343 | J93: =H93/DAY(B2) -> 171.5
A94: Total water Produce | G94: =G92+G93 -> 255 | H94: =G94+'[3]1'!H94 -> 255 | J94: =H94/DAY(B2) -> 127.5
A95: Domestic Zone-1 | D95: KL | E95: ='[3]1'!F95 -> 399934 | F95: 399996 | G95: =F95-E95 -> 62 | H95: =G95+'[3]1'!H95 -> 110 | J95: =H95/DAY(B2) -> 55
A96: Domestic Zone-2 | D96: KL | E96: ='[3]1'!F96 -> 98100 | F96: 98136 | G96: =F96-E96 -> 36 | H96: =G96+'[3]1'!H96 -> 85 | J96: =H96/DAY(B2) -> 42.5
A97: Domestic Zone-3 | D97: KL | E97: ='[3]1'!F97 -> 93579 | F97: 93593 | G97: =F97-E97 -> 14 | H97: =G97+'[3]1'!H97 -> 28 | J97: =H97/DAY(B2) -> 14
A98: Flush Zone -1 | D98: KL | E98: ='[3]1'!F98 -> 140960 | F98: 140991 | G98: =F98-E98 -> 31 | H98: =G98+'[3]1'!H98 -> 63 | J98: =H98/DAY(B2) -> 31.5
A99: Flush Zone -2 | D99: KL | E99: ='[3]1'!F99 -> 4733 | F99: 4745 | G99: =F99-E99 -> 12 | H99: =G99+'[3]1'!H99 -> 29 | J99: =H99/DAY(B2) -> 14.5
A100: Flush Zone -3 | D100: KL | E100: ='[3]1'!F100 -> 3674 | F100: 3674 | G100: =F100-E100 -> 0 | H100: =G100+'[3]1'!H100 -> 0 | J100: =H100/DAY(B2) -> 0
...

Sheet 3
A1: Daily Utility Consumption Report
A2: Prepaired by--- Ramesh | B2: 44138 | C2: occupancy | D2: 0.3 | G2: Occupancy% | H2: Electricity | I2: Water | J2: Gas
C3: Avg temp | D3: 31 | E3: Last year same month avg
C4: humidity | D4: 0.8
A5: Description | D5: Unit | E5: Yesterday | F5: Today | G5: units.consum | H5: MTD | I5: Budgeted | J5: Average/Day
A6: ELECTRICAL CONSUMPTION
A7: BEST Supply 11KV | D7: kwh | E7: ='[3]2'!F7 -> 2143031 | F7: 2161168 | G7: =F7-E7 -> 18137 | H7: =G7+'[3]2'!H7 -> 56143 | I7: ='[3]1'!I7 -> 12000 | J7: =H7/DAY(B2) -> 18714.333 | N7: 15154
A8: BEST supply | D8: KVAH | E8: ='[3]2'!F8 -> 2153590 | F8: 2171790 | G8: =F8-E8 -> 18200 | H8: =G8+'[3]2'!H8 -> 56349 | I8: 12000 | J8: =H8/DAY(B2) -> 18783 | N8: 15258
A9: Transformer - 1 - 2500KVA | D9: kwh | E9: ='[3]2'!F9 -> 2053696.7 | F9: 2071206.7 | G9: =F9-E9 -> 17510 | H9: =G9+'[3]2'!H9 -> 54201.4 | I9: =I8-J8 -> -6783 | J9: =H9/DAY(B2) -> 18067.133 | N9: 14616.9
A10: Transformer - 2 -2500KVA | D10: kwh | E10: ='[3]2'!F10 -> 454610 | F10: 454610 | G10: =F10-E10 -> 0 | H10: =G10+'[3]2'!H10 -> 0.21 | J10: =H10/DAY(B2) -> 0.07
A11: DG set- 1 - 1425KVA | D11: kwh | E11: ='[3]2'!F11 -> 35390 | F11: 35390 | G11: =F11-E11 -> 0 | H11: =G11+'[3]2'!H11 -> 0 | J11: =H11/DAY(B2) -> 0
A12: DG set- 2 - 1425KVA | D12: kwh | E12: ='[3]2'!F12 -> 37630 | F12: 37630 | G12: =F12-E12 -> 0 | H12: =G12+'[3]2'!H12 -> 0 | J12: =H12/DAY(B2) -> 0
A13: SubTotal | G13: =G9+G10+G11+G12 -> 17510 | H13: =G13+'[3]2'!H13 -> 54201.61 | I13: =G7-G13 -> 627 | J13: =H13/DAY(B2) -> 18067.203
A14: GAS CONSUMPTION
A15: Gas consumption | D15: m3 | E15: ='[3]2'!F15 -> 1531319.3 | F15: 1531765.1 | G15: =F15-E15 -> 445.86 | H15: =G15+'[3]2'!H15 -> 1649.938 | I15: 800 | J15: =H15/DAY(B2) -> 549.97933
I16: =I15-J15 -> 250.02067
A17: WATER CONSUMPTION
A18: Tankers | D18: KL | E18: ='[3]2'!F18 -> 13 | F18: 8 | G18: =F18*10 -> 80 | H18: =G18+'[3]2'!H18 -> 350 | I18: ='[3]1'!I18 -> 65 | J18: =H18/DAY(B2) -> 116.66667
A19: BMC | D19: KL | E19: ='[3]2'!F19 -> 128305 | F19: 128358 | G19: =F19-E19 -> 53 | H19: =G19+'[3]2'!H19 -> 163 | J19: =H19/DAY(B2) -> 54.333333
A20: Total water | G20: =G18+G19 -> 133 | H20: =G20+'[3]2'!H20 -> 513 | I20: =I18-J20 -> -106 | J20: =H20/DAY(B2) -> 171
A21: DIESEL CONSUMPTION
A22: Boiler House (H.S.D) | D22: L | E22: ='[3]2'!F22 -> 2250 | F22: 2250 | G22: =(F22-E22) -> 0 | H22: =G22+'[3]2'!H22 -> 0 | J22: =H22/DAY(B2) -> 0
A23: D-G Set (H.S.D) | D23: L | E23: ='[3]2'!F23 -> 2000 | F23: 2000 | G23: 0 | H23: =G23+'[3]2'!H23 -> 0 | J23: =H23/DAY(B2) -> 0
A24: Total HSD (H.S.D.) Stock | D24: L | E24: ='[3]2'!F24 -> 4250 | F24: 4250 | G24: 0 | H24: =G24 -> 0 | J24: =H24/DAY(B2) -> 0
A25: TOTAL CONSUMPTION UNIT &COST
A26: Utilities | D26: Units
A27: Electricity | D27: KVAH | E27: =G8 -> 18200 | F27: 9.5 | G27: =E27*F27 -> 172900 | H27: =G27+'[3]2'!H27 -> 535315.5 | J27: =H27/DAY(B2) -> 178438.5
A28: C.N.G | D28: Cu.Mtr | E28: =G15 -> 445.86 | F28: 36.5 | G28: =E28*F28 -> 16273.89 | H28: =G28+'[3]2'!H28 -> 60222.737 | J28: =H28/DAY(B2) -> 20074.246
A29: H.S.D | D29: Ltr | E29: =G24 -> 0 | F29: 69 | G29: =E29*F29 -> 0 | H29: =G29+'[3]2'!H29 -> 0 | J29: =H29/DAY(B2) -> 0
A30: Water BMC | D30: Kl | E30: =G19 -> 53 | F30: 145 | G30: =E30*F30 -> 7685 | H30: =G30+'[3]2'!H30 -> 23635 | J30: =H30/DAY(B2) -> 7878.3333
A31: Water Tanker | D31: KL | E31: =G18 -> 80 | F31: 80 | G31: =E31*F31 -> 6400 | H31: =G31+'[3]2'!H31 -> 28000 | J31: =H31/DAY(B2) -> 9333.3333
A32: Total cost | G32: =G27+G28+G29+G30+G31 -> 203258.89 | H32: =G32+'[3]2'!H32 -> 647173.24 | J32: =H32/DAY(B2) -> 215724.41
A33: BRANCH READINGS & CONSUMPTION
A34: Transformer No 1 (Sub Feeders)
A35: Main HVAC Power Panel- 800A | D35: kwh | E35: ='[3]2'!F35 -> 608605.11 | F35: 611135.91 | G35: =F35-E35 -> 2530.8 | H35: =G35+'[3]2'!H35 -> 7792.44 | J35: =H35/DAY(B2) -> 2597.48 | N35: 1574.64 | O35: =G35-N35 -> 956.16
A36: Main Panel BALLROOM LVL-2 -2000A | D36: kwh | E36: ='[3]2'!F36 -> 212419.21 | F36: 212971.93 | G36: =F36-E36 -> 552.72 | H36: =G36+'[3]2'!H36 -> 1611.98 | J36: =H36/DAY(B2) -> 537.32667 | N36: 644.26
A37: Fire Emergency Power Panel - 1000A | D37: kwh | E37: ='[3]2'!F37 -> 402893.03 | F37: 404374.95 | G37: =F37-E37 -> 1481.92 | H37: =G37+'[3]2'!H37 -> 4530.76 | J37: =H37/DAY(B2) -> 1510.2533 | N37: 1333.52 | O37: =G37-N37 -> 148.4
A38: Main Power Panel -1600A | D38: kwh | E38: ='[3]2'!F38 -> 150714 | F38: 150714 | G38: =F38-E38 -> 0 | H38: =G38+'[3]2'!H38 -> 0 | J38: =H38/DAY(B2) -> 0 | N38: 0 | O38: =G38-N38 -> 0
A39: Main Lighting and Small power Panel | D39: kwh | E39: ='[3]2'!F39 -> 880208.39 | F39: 884135.03 | G39: =F39-E39 -> 3926.64 | H39: =G39+'[3]2'!H39 -> 12010.32 | J39: =H39/DAY(B2) -> 4003.44 | N39: 3225.2 | O39: =G39-N39 -> 701.44
A40: Capacitor Bank -1 1100KVAR- 2500A | D40: kwh | E40: 0.17 | F40: 0.17 | G40: =F40-E40 -> 0 | H40: =G40+'[3]2'!H40 -> 0 | J40: =H40/DAY(B2) -> 0 | N40: 0 | O40: =G40-N40 -> 0
A41: Chiller No 1 | D41: kwh | E41: ='[3]2'!F41 -> 300127.9 | F41: 300127.9 | G41: =F41-E41 -> 0 | H41: =G41+'[3]2'!H41 -> -0.07 | J41: =H41/DAY(B2) -> -0.023333333 | N41: -0.07 | O41: =G41-N41 -> 0.07
A42: Chiller No 2- | D42: kwh | E42: ='[3]2'!F42 -> 396197.47 | F42: 396197.47 | G42: =F42-E42 -> 0 | H42: =G42+'[3]2'!H42 -> 0 | J42: =H42/DAY(B2) -> 0 | N42: 3723.68 | O42: =G42-N42 -> -3723.68
A43: Chiller Water pump Panel- 630A | D43: kwh | E43: ='[3]2'!F43 -> 563091.35 | F43: 565445.11 | G43: =F43-E43 -> 2353.76 | H43: =G43+'[3]2'!H43 -> 7121.04 | J43: =H43/DAY(B2) -> 2373.68 | N43: 2005.32 | O43: =G43-N43 -> 348.44
A44: Co-Genrator | D44: kwh | E44: ='[3]2'!F44 -> 0 | F44: 0 | G44: =F44-E44 -> 0 | H44: =G44+'[3]2'!H44 -> 0 | J44: =H44/DAY(B2) -> 0 | N44: 0 | O44: =G44-N44 -> 0
A45: Lawn Pantry | D45: kwh | E45: ='[3]2'!F45 -> 614 | F45: 614 | G45: =F45-E45 -> 0 | H45: =G45+'[3]2'!H45 -> -0.48 | J45: =H45/DAY(B2) -> -0.16 | N45: -0.48 | O45: =G45-N45 -> 0.48
A46: Pavilion Power | D46: kwh | E46: ='[3]2'!F46 -> 187 | F46: 187 | G46: =F46-E46 -> 0 | H46: =G46+'[3]2'!H46 -> -0.49 | J46: =H46/DAY(B2) -> -0.16333333 | N46: -0.49 | O46: =G46-N46 -> 0.49
A47: Sub Total | G47: =G35+G36+G37+G38+G39+G40+G41+G42+G43+G44+G45+G46 -> 10845.84 | H47: =G47+'[3]2'!H47 -> 33065.5 | J47: =H47/DAY(B2) -> 11021.833 | N47: 12505.58
A48: Transformer No 2 (Sub Feeders) | O48: =G48-N48 -> 0
A49: Main HVAC Power Panel- 800A | D49: kwh | E49: ='[3]2'!F49 -> 11728.852 | F49: 11728.85 | G49: =F49-E49 -> -0.002 | H49: =G49+'[3]2'!H49 -> 0.012 | J49: =H49/DAY(B2) -> 0.004 | N49: 0 | O49: =G49-N49 -> -0.002
A50: Main MV PanelBALLROOM LVL-1- 2000A | D50: kwh | E50: ='[3]2'!F50 -> 266038.17 | F50: 266911.77 | G50: =F50-E50 -> 873.6 | H50: =G50+'[3]2'!H50 -> 3105.2 | J50: =H50/DAY(B2) -> 1035.0667 | N50: 859.42 | O50: =G50-N50 -> 14.18
A51: Fire Emergency Power Panel - 1000A | D51: kwh | E51: ='[3]2'!F51 -> 0 | F51: 0 | G51: =F51-E51 -> 0 | H51: =G51+'[3]2'!H51 -> 0 | J51: =H51/DAY(B2) -> 0 | N51: 0 | O51: =G51-N51 -> 0
A52: Main Power Panel -1800A | D52: kwh | E52: ='[3]2'!F52 -> 322299.03 | F52: 324081.83 | G52: =F52-E52 -> 1782.8 | H52: =G52+'[3]2'!H52 -> 5417.14 | J52: =H52/DAY(B2) -> 1805.7133 | N52: 1313.48 | O52: =G52-N52 -> 469.32
A53: Main Lighting and Small power Panel | D53: kwh | E53: ='[3]2'!F53 -> 16071 | F53: 16071 | G53: =F53-E53 -> 0 | H53: =G53+'[3]2'!H53 -> 0 | J53: =H53/DAY(B2) -> 0 | N53: 0 | O53: =G53-N53 -> 0
A54: Capacitor Bank -2 1200KVAR- 2500A | D54: kwh | E54: ='[3]2'!F54 -> 1548.23 | F54: 1621.3976 | G54: =F54-E54 -> 73.1676 | H54: =G54+'[3]2'!H54 -> 217.7326 | J54: =H54/DAY(B2) -> 72.577533 | N54: 0 | O54: =G54-N54 -> 73.1676
A55: Chiller No -3 - 1200A | D55: kwh | E55: ='[3]2'!F55 -> 158492.73 | F55: 158492.73 | G55: =F55-E55 -> 0 | H55: =G55+'[3]2'!H55 -> -0.27 | J55: =H55/DAY(B2) -> -0.09 | N55: 0.1 | O55: =G55-N55 -> -0.1
A56: Chiller No-4 - 1200A | D56: Kwh | E56: ='[3]2'!F56 -> 312611.51 | F56: 316705.67 | G56: =F56-E56 -> 4094.16 | H56: =G56+'[3]2'!H56 -> 12715.88 | J56: =H56/DAY(B2) -> 4238.6267 | N56: 0 | O56: =G56-N56 -> 4094.16
A57: Chiller Water pump Panel- 630A | D57: kwh | E57: ='[3]2'!F57 -> 0 | F57: 0 | G57: =F57-E57 -> 0 | H57: =G57+'[3]2'!H57 -> 0 | J57: =H57/DAY(B2) -> 0 | N57: 0 | O57: =G57-N57 -> 0
A58: B2-Loundry power panel | D58: kwh | E58: ='[3]2'!F58 -> 17695.417 | F58: 17737.215 | G58: =F58-E58 -> 41.798 | H58: =G58+'[3]2'!H58 -> 272.944 | J58: =H58/DAY(B2) -> 90.981333 | N58: 43.554 | O58: =G58-N58 -> -1.756
A59: Sub Total | G59: =G49+G50+G51+G52+G53+G54+G55+G56+G57+G58 -> 6865.5236 | H59: =G59+'[3]2'!H59 -> 21728.639 | I59: =G7-G60 -> 425.6364 | J59: =H59/DAY(B2) -> 7242.8795 | N59: 2216.554 | O59: =SUM(O35:O58) -> 3080.7696
D60: Total TR1 & TR2 | G60: =G47+G59 -> 17711.364 | H60: =G60+'[3]2'!H60 -> 54794.139 | I60: =G13-G60 -> -201.3636 | J60: =H60/DAY(B2) -> 18264.713 | N60: 14722.134 | O60: =G60-N60 -> 2989.2296
A61: Floor lighting & Power consumption
A62: 2nd floor plant room | D62: KWh | E62: ='[3]2'!F62 -> 20419.189 | F62: 20419 | G62: =F62-E62 -> -0.189 | H62: =G62+'[3]2'!H62 -> -0.189 | J62: =H62/DAY(B2) -> -0.063
A63: 5th floor spa | D63: KWh | E63: ='[3]2'!F63 -> 337.52915 | F63: 356.76307 | G63: =F63-E63 -> 19.23392 | H63: =G63+'[3]2'!H63 -> 58.30307 | J63: =H63/DAY(B2) -> 19.434357
A64: 5th Floor | D64: KWh | E64: ='[3]2'!F64 -> 76786.263 | F64: 77154.071 | G64: =F64-E64 -> 367.808 | H64: =G64+'[3]2'!H64 -> 1090.984 | J64: =H64/DAY(B2) -> 363.66133
A65: 12th Floor | D65: KWh | E65: ='[3]2'!F65 -> 85945.463 | F65: 86340.159 | G65: =F65-E65 -> 394.696 | H65: =G65+'[3]2'!H65 -> 1180.896 | J65: =H65/DAY(B2) -> 393.632
A66: 20th Floor | D66: KWh | E66: ='[3]2'!F66 -> 78976.559 | F66: 79353.349 | G66: =F66-E66 -> 376.79 | H66: =G66+'[3]2'!H66 -> 1165.391 | J66: =H66/DAY(B2) -> 388.46367
A67: 27th Floor | D67: KWh | E67: ='[3]2'!F67 -> 127374.99 | F67: 127990.02 | G67: =F67-E67 -> 615.03 | H67: =G67+'[3]2'!H67 -> 1933.52 | J67: =H67/DAY(B2) -> 644.50667
A68: 34th Floor | D68: KWh | E68: ='[3]2'!F68 -> 34045.735 | F68: 34346.819 | G68: =F68-E68 -> 301.084 | H68: =G68+'[3]2'!H68 -> 946.95 | J68: =H68/DAY(B2) -> 315.65
A69: Sanqi | D69: KWh | E69: ='[3]2'!F69 -> 29784.335 | F69: 30044.791 | G69: =F69-E69 -> 260.456 | H69: =G69+'[3]2'!H69 -> 792.426 | J69: =H69/DAY(B2) -> 264.142
A70: Consumption of Extra AHU run | D70: KWh
A71: Kitchen consumption
A72: Main kitchen power panel no 1 | D72: KWh | E72: ='[3]2'!F72 -> 843954 | F72: 843956 | G72: =F72-E72 -> 2 | H72: =G72+'[3]2'!H72 -> 23 | J72: =H72/DAY(B2) -> 7.6666667
A73: Main kitchen power panel no 2 | D73: KWh | E73: ='[3]2'!F73 -> 885215 | F73: 885217 | G73: =F73-E73 -> 2 | H73: =G73+'[3]2'!H73 -> 2 | J73: =H73/DAY(B2) -> 0.66666667
A74: Prato kitchen power panel | D74: KWh | E74: ='[3]2'!F74 -> 879672 | F74: 879685 | G74: =F74-E74 -> 13 | H74: =G74+'[3]2'!H74 -> 49 | J74: =H74/DAY(B2) -> 16.333333
A75: San- Qi Indian Kitchen | D75: KWh | E75: ='[3]2'!F75 -> 721704 | F75: 721860 | G75: =F75-E75 -> 156 | H75: =G75+'[3]2'!H75 -> 494 | J75: =H75/DAY(B2) -> 164.66667
A76: San- Qi Japanese Kitchen | D76: KWh | E76: ='[3]2'!F76 -> 679796 | F76: 679847 | G76: =F76-E76 -> 51 | H76: =G76+'[3]2'!H76 -> 195 | J76: =H76/DAY(B2) -> 65
A77: The club kitchen | D77: KWh | E77: ='[3]2'!F77 -> 692442 | F77: 692448 | G77: =F77-E77 -> 6 | H77: =G77+'[3]2'!H77 -> 141 | J77: =H77/DAY(B2) -> 47
A78: AER Kitchen | D78: KWh | E78: ='[3]2'!F78 -> 608600 | F78: 608922 | G78: =F78-E78 -> 322 | H78: =G78+'[3]2'!H78 -> 908 | J78: =H78/DAY(B2) -> 302.66667
A79: COLD ROOM'S | D79: KWh | E79: ='[3]2'!F79 -> 793121 | F79: 793288 | G79: =F79-E79 -> 167 | H79: =G79+'[3]2'!H79 -> 500 | J79: =H79/DAY(B2) -> 166.66667
A80: Ball Room 1 kitchen | D80: KWh | E80: ='[3]2'!F80 -> 457462 | F80: 457724 | G80: =F80-E80 -> 262 | H80: =G80+'[3]2'!H80 -> 858.96 | J80: =H80/DAY(B2) -> 286.32
A81: Ball Room 2 kitchen | D81: KWh | E81: ='[3]2'!F81 -> 611299 | F81: 611418 | G81: =F81-E81 -> 119 | H81: =G81+'[3]2'!H81 -> 295.72 | J81: =H81/DAY(B2) -> 98.573333
A82: B1 Laundry | D82: kwh | E82: ='[3]2'!F82 -> 103074 | F82: 103095 | G82: =F82-E82 -> 21 | H82: =G82+'[3]2'!H82 -> 65.05 | J82: =H82/DAY(B2) -> 21.683333
A83: STP Electrical | D83: kwh | E83: ='[3]2'!F83 -> 952959 | F83: 953430 | G83: =F83-E83 -> 471 | H83: =G83+'[3]2'!H83 -> 1187 | J83: =H83/DAY(B2) -> 395.66667
A84: Cooling Tower | D84: kwh | E84: ='[3]2'!F84 -> 367631 | F84: 368229 | G84: =F84-E84 -> 598 | H84: =G84+'[3]2'!H84 -> 1796 | J84: =H84/DAY(B2) -> 598.66667
A85: Total | G85: =SUM(G71:G84) -> 2190 | H85: =G85+'[3]2'!H85 -> 4849.99 | J85: =H85/DAY(B2) -> 1616.6633
A86: MOCK Up Room | D86: Kwh | E86: ='[3]2'!F86 -> 437193 | F86: 437305 | G86: =F86-E86 -> 112 | H86: =G86+'[3]2'!H86 -> 255.96 | J86: =H86/DAY(B2) -> 85.32
A87: 27th Floor | D87: Kwh | E87: ='[3]2'!F87 -> 76183 | F87: 76228 | G87: =F87-E87 -> 45 | H87: =G87+'[3]2'!H87 -> 90 | J87: =H87/DAY(B2) -> 30
A88: Physic57 | D88: Kwh | E88: ='[3]2'!F88 -> 140263 | F88: 140311 | G88: =F88-E88 -> 48 | H88: =G88+'[3]2'!H88 -> 127.25 | J88: =H88/DAY(B2) -> 42.416667
A89: Pinoor Legal- Lighting | D89: Kwh | E89: ='[3]2'!F89 -> 54179 | F89: 54228 | G89: =F89-E89 -> 49 | H89: =G89+'[3]2'!H89 -> 132.2 | I89: =H89+'[3]1'!I89 -> 132.2 | J89: =H89/DAY(B2) -> 44.066667 | K89: =I89/DAY(C3) -> #VALUE!
A90: Pinoor Legal- Lighting | D90: Kwh | E90: ='[3]2'!F90 -> 2794 | F90: 2799 | G90: =F90-E90 -> 5 | H90: =G90+'[3]2'!H90 -> 13.3 | I90: =H90+'[3]1'!I90 -> 13.3 | J90: =H90/DAY(B2) -> 4.4333333 | K90: =I90/DAY(C4) -> #VALUE!
A91: WATER
A92: R.o.plant | D92: KL | E92: ='[3]2'!F92 -> 228852 | F92: 228907 | G92: =F92-E92 -> 55 | H92: =G92+'[3]2'!H92 -> 257 | J92: =H92/DAY(B2) -> 85.666667
A93: STP Water Prod | D93: KL | E93: ='[3]2'!F93 -> 159050 | F93: 159234 | G93: =F93-E93 -> 184 | H93: =G93+'[3]2'!H93 -> 527 | J93: =H93/DAY(B2) -> 175.66667
A94: Total water Produce | G94: =G92+G93 -> 239 | H94: =G94+'[3]2'!H94 -> 494 | J94: =H94/DAY(B2) -> 164.66667
A95: Domestic Zone-1 | D95: KL | E95: ='[3]2'!F95 -> 399996 | F95: 400035 | G95: =F95-E95 -> 39 | H95: =G95+'[3]2'!H95 -> 149 | J95: =H95/DAY(B2) -> 49.666667
A96: Domestic Zone-2 | D96: KL | E96: ='[3]2'!F96 -> 98136 | F96: 98178 | G96: =F96-E96 -> 42 | H96: =G96+'[3]2'!H96 -> 127 | J96: =H96/DAY(B2) -> 42.333333
A97: Domestic Zone-3 | D97: KL | E97: ='[3]2'!F97 -> 93593 | F97: 93607 | G97: =F97-E97 -> 14 | H97: =G97+'[3]2'!H97 -> 42 | J97: =H97/DAY(B2) -> 14
A98: Flush Zone -1 | D98: KL | E98: ='[3]2'!F98 -> 140991 | F98: 141014 | G98: =F98-E98 -> 23 | H98: =G98+'[3]2'!H98 -> 86 | J98: =H98/DAY(B2) -> 28.666667
A99: Flush Zone -2 | D99: KL | E99: ='[3]2'!F99 -> 4745 | F99: 4753 | G99: =F99-E99 -> 8 | H99: =G99+'[3]2'!H99 -> 37 | J99: =H99/DAY(B2) -> 12.333333
A100: Flush Zone -3 | D100: KL | E100: ='[3]2'!F100 -> 3674 | F100: 3674 | G100: =F100-E100 -> 0 | H100: =G100+'[3]2'!H100 -> 0 | J100: =H100/DAY(B2) -> 0
...

Sheet 4
A1: Daily Utility Consumption Report
A2: Prepaired by--- Ramesh | B2: 44139 | C2: occupancy | D2: 0.3 | G2: Occupancy% | H2: Electricity | I2: Water | J2: Gas
C3: Avg temp | D3: 31 | E3: Last year same month avg
C4: humidity | D4: 0.8
A5: Description | D5: Unit | E5: Yesterday | F5: Today | G5: units.consum | H5: MTD | I5: Budgeted | J5: Average/Day
A6: ELECTRICAL CONSUMPTION
A7: BEST Supply 11KV | D7: kwh | E7: 2161168 | F7: 2178839 | G7: =F7-E7 -> 17671 | H7: =G7+'[3]3'!H7 -> 73814 | I7: ='[3]1'!I7 -> 12000 | J7: =H7/DAY(B2) -> 18453.5 | N7: 15154
A8: BEST supply | D8: KVAH | E8: 2171790 | F8: 2189519 | G8: =F8-E8 -> 17729 | H8: =G8+'[3]3'!H8 -> 74078 | I8: 12000 | J8: =H8/DAY(B2) -> 18519.5 | N8: 15258
A9: Transformer - 1 - 2500KVA | D9: kwh | E9: 2071206.7 | F9: 2088058.3 | G9: =F9-E9 -> 16851.6 | H9: =G9+'[3]3'!H9 -> 71053 | I9: =I8-J8 -> -6519.5 | J9: =H9/DAY(B2) -> 17763.25 | N9: 14616.9
A10: Transformer - 2 -2500KVA | D10: kwh | E10: 454610 | F10: 454610 | G10: =F10-E10 -> 0 | H10: =G10+'[3]3'!H10 -> 0.21 | J10: =H10/DAY(B2) -> 0.0525
A11: DG set- 1 - 1425KVA | D11: kwh | E11: 35390 | F11: 35390 | G11: =F11-E11 -> 0 | H11: =G11+'[3]3'!H11 -> 0 | J11: =H11/DAY(B2) -> 0
A12: DG set- 2 - 1425KVA | D12: kwh | E12: 37630 | F12: 37630 | G12: =F12-E12 -> 0 | H12: =G12+'[3]3'!H12 -> 0 | J12: =H12/DAY(B2) -> 0
A13: SubTotal | G13: =G9+G10+G11+G12 -> 16851.6 | H13: =G13+'[3]3'!H13 -> 71053.21 | I13: =G7-G13 -> 819.4 | J13: =H13/DAY(B2) -> 17763.303
A14: GAS CONSUMPTION
A15: Gas consumption | D15: m3 | E15: 1531765.1 | F15: 1532096.6 | G15: =F15-E15 -> 331.514 | H15: =G15+'[3]3'!H15 -> 1981.452 | I15: 800 | J15: =H15/DAY(B2) -> 495.363
I16: =I15-J15 -> 304.637
A17: WATER CONSUMPTION
A18: Tankers | D18: KL | E18: 8 | F18: 9 | G18: =F18*10 -> 90 | H18: =G18+'[3]3'!H18 -> 440 | I18: ='[3]1'!I18 -> 65 | J18: =H18/DAY(B2) -> 110
A19: BMC | D19: KL | E19: 128358 | F19: 128405 | G19: =F19-E19 -> 47 | H19: =G19+'[3]3'!H19 -> 210 | J19: =H19/DAY(B2) -> 52.5
A20: Total water | G20: =G18+G19 -> 137 | H20: =G20+'[3]3'!H20 -> 650 | I20: =I18-J20 -> -97.5 | J20: =H20/DAY(B2) -> 162.5
A21: DIESEL CONSUMPTION
A22: Boiler House (H.S.D) | D22: L | E22: ='[3]2'!F22 -> 2250 | F22: 2250 | G22: =(F22-E22) -> 0 | H22: =G22+'[3]3'!H22 -> 0 | J22: =H22/DAY(B2) -> 0
A23: D-G Set (H.S.D) | D23: L | E23: ='[3]2'!F23 -> 2000 | F23: 2000 | G23: 0 | H23: =G23+'[3]3'!H23 -> 0 | J23: =H23/DAY(B2) -> 0
A24: Total HSD (H.S.D.) Stock | D24: L | E24: ='[3]2'!F24 -> 4250 | F24: 4250 | G24: 0 | H24: =G24+'[3]3'!H24 -> 0 | J24: =H24/DAY(B2) -> 0
A25: TOTAL CONSUMPTION UNIT &COST
A26: Utilities | D26: Units
A27: Electricity | D27: KVAH | E27: =G8 -> 17729 | F27: 9.5 | G27: =E27*F27 -> 168425.5 | H27: =G27+'[3]3'!H27 -> 703741 | J27: =H27/DAY(B2) -> 175935.25
A28: C.N.G | D28: Cu.Mtr | E28: =G15 -> 331.514 | F28: 36.5 | G28: =E28*F28 -> 12100.261 | H28: =G28+'[3]3'!H28 -> 72322.998 | J28: =H28/DAY(B2) -> 18080.75
A29: H.S.D | D29: Ltr | E29: =G24 -> 0 | F29: 69 | G29: =E29*F29 -> 0 | H29: =G29+'[3]3'!H29 -> 0 | J29: =H29/DAY(B2) -> 0
A30: Water BMC | D30: Kl | E30: =G19 -> 47 | F30: 145 | G30: =E30*F30 -> 6815 | H30: =G30+'[3]3'!H30 -> 30450 | J30: =H30/DAY(B2) -> 7612.5
A31: Water Tanker | D31: KL | E31: =G18 -> 90 | F31: 80 | G31: =E31*F31 -> 7200 | H31: =G31+'[3]3'!H31 -> 35200 | J31: =H31/DAY(B2) -> 8800
A32: Total cost | G32: =G27+G28+G29+G30+G31 -> 194540.76 | H32: =G32+'[3]3'!H32 -> 841714 | J32: =H32/DAY(B2) -> 210428.5
A33: BRANCH READINGS & CONSUMPTION
A34: Transformer No 1 (Sub Feeders)
A35: Main HVAC Power Panel- 800A | D35: kwh | E35: 611135.91 | F35: 613621.47 | G35: =F35-E35 -> 2485.56 | H35: =G35+'[3]3'!H35 -> 10278 | J35: =H35/DAY(B2) -> 2569.5 | N35: 1574.64 | O35: =G35-N35 -> 910.92
A36: Main Panel BALLROOM LVL-2 -2000A | D36: kwh | E36: 212971.93 | F36: 213521.3 | G36: =F36-E36 -> 549.37 | H36: =G36+'[3]3'!H36 -> 2161.35 | J36: =H36/DAY(B2) -> 540.3375 | N36: 644.26
A37: Fire Emergency Power Panel - 1000A | D37: kwh | E37: 404374.95 | F37: 405829.8 | G37: =F37-E37 -> 1454.85 | H37: =G37+'[3]3'!H37 -> 5985.61 | J37: =H37/DAY(B2) -> 1496.4025 | N37: 1333.52 | O37: =G37-N37 -> 121.33
A38: Main Power Panel -1600A | D38: kwh | E38: 150714 | F38: 150714.2 | G38: =F38-E38 -> 0.2 | H38: =G38+'[3]3'!H38 -> 0.2 | J38: =H38/DAY(B2) -> 0.05 | N38: 0 | O38: =G38-N38 -> 0.2
A39: Main Lighting and Small power Panel | D39: kwh | E39: 884135.03 | F39: 887861.91 | G39: =F39-E39 -> 3726.88 | H39: =G39+'[3]3'!H39 -> 15737.2 | J39: =H39/DAY(B2) -> 3934.3 | N39: 3225.2 | O39: =G39-N39 -> 501.68
A40: Capacitor Bank -1 1100KVAR- 2500A | D40: kwh | E40: 0.17 | F40: 0.17 | G40: =F40-E40 -> 0 | H40: =G40+'[3]3'!H40 -> 0 | J40: =H40/DAY(B2) -> 0 | N40: 0 | O40: =G40-N40 -> 0
A41: Chiller No 1 | D41: kwh | E41: 300127.9 | F41: 300127.9 | G41: =F41-E41 -> 0 | H41: =G41+'[3]3'!H41 -> -0.07 | J41: =H41/DAY(B2) -> -0.0175 | N41: -0.07 | O41: =G41-N41 -> 0.07
A42: Chiller No 2- | D42: kwh | E42: 396197.47 | F42: 396197.47 | G42: =F42-E42 -> 0 | H42: =G42+'[3]3'!H42 -> 0 | J42: =H42/DAY(B2) -> 0 | N42: 3723.68 | O42: =G42-N42 -> -3723.68
A43: Chiller Water pump Panel- 630A | D43: kwh | E43: 565445.11 | F43: 567788.79 | G43: =F43-E43 -> 2343.68 | H43: =G43+'[3]3'!H43 -> 9464.72 | J43: =H43/DAY(B2) -> 2366.18 | N43: 2005.32 | O43: =G43-N43 -> 338.36
A44: Co-Genrator | D44: kwh | E44: 0 | F44: 0 | G44: =F44-E44 -> 0 | H44: =G44+'[3]3'!H44 -> 0 | J44: =H44/DAY(B2) -> 0 | N44: 0 | O44: =G44-N44 -> 0
A45: Lawn Pantry | D45: kwh | E45: 614 | F45: 614 | G45: =F45-E45 -> 0 | H45: =G45+'[3]3'!H45 -> -0.48 | J45: =H45/DAY(B2) -> -0.12 | N45: -0.48 | O45: =G45-N45 -> 0.48
A46: Pavilion Power | D46: kwh | E46: 187 | F46: 187 | G46: =F46-E46 -> 0 | H46: =G46+'[3]3'!H46 -> -0.49 | J46: =H46/DAY(B2) -> -0.1225 | N46: -0.49 | O46: =G46-N46 -> 0.49
A47: Sub Total | G47: =G35+G36+G37+G38+G39+G40+G41+G42+G43+G44+G45+G46 -> 10560.54 | H47: =G47+'[3]3'!H47 -> 43626.04 | J47: =H47/DAY(B2) -> 10906.51 | N47: 12505.58
A48: Transformer No 2 (Sub Feeders) | O48: =G48-N48 -> 0
A49: Main HVAC Power Panel- 800A | D49: kwh | E49: 11728.85 | F49: 11728.7 | G49: =F49-E49 -> -0.15 | H49: =G49+'[3]3'!H49 -> -0.138 | J49: =H49/DAY(B2) -> -0.0345 | N49: 0 | O49: =G49-N49 -> -0.15
A50: Main MV PanelBALLROOM LVL-1- 2000A | D50: kwh | E50: 266911.77 | F50: 267859.37 | G50: =F50-E50 -> 947.6 | H50: =G50+'[3]3'!H50 -> 4052.8 | J50: =H50/DAY(B2) -> 1013.2 | N50: 859.42 | O50: =G50-N50 -> 88.18
A51: Fire Emergency Power Panel - 1000A | D51: kwh | E51: 0 | F51: 0 | G51: =F51-E51 -> 0 | H51: =G51+'[3]3'!H51 -> 0 | J51: =H51/DAY(B2) -> 0 | N51: 0 | O51: =G51-N51 -> 0
A52: Main Power Panel -1800A | D52: kwh | E52: 324081.83 | F52: 325581.43 | G52: =F52-E52 -> 1499.6 | H52: =G52+'[3]3'!H52 -> 6916.74 | J52: =H52/DAY(B2) -> 1729.185 | N52: 1313.48 | O52: =G52-N52 -> 186.12
A53: Main Lighting and Small power Panel | D53: kwh | E53: 16071 | F53: 16071 | G53: =F53-E53 -> 0 | H53: =G53+'[3]3'!H53 -> 0 | J53: =H53/DAY(B2) -> 0 | N53: 0 | O53: =G53-N53 -> 0
A54: Capacitor Bank -2 1200KVAR- 2500A | D54: kwh | E54: 1621.3976 | F54: 1692.7 | G54: =F54-E54 -> 71.3024 | H54: =G54+'[3]3'!H54 -> 289.035 | J54: =H54/DAY(B2) -> 72.25875 | N54: 0 | O54: =G54-N54 -> 71.3024
A55: Chiller No -3 - 1200A | D55: kwh | E55: 158492.73 | F55: 158492.73 | G55: =F55-E55 -> 0 | H55: =G55+'[3]3'!H55 -> -0.27 | J55: =H55/DAY(B2) -> -0.0675 | N55: 0.1 | O55: =G55-N55 -> -0.1
A56: Chiller No-4 - 1200A | D56: Kwh | E56: 316705.67 | F56: 320581.43 | G56: =F56-E56 -> 3875.76 | H56: =G56+'[3]3'!H56 -> 16591.64 | J56: =H56/DAY(B2) -> 4147.91 | N56: 0 | O56: =G56-N56 -> 3875.76
A57: Chiller Water pump Panel- 630A | D57: kwh | E57: 0 | F57: 0 | G57: =F57-E57 -> 0 | H57: =G57+'[3]3'!H57 -> 0 | J57: =H57/DAY(B2) -> 0 | N57: 0 | O57: =G57-N57 -> 0
A58: B2-Loundry power panel | D58: kwh | E58: 17737.215 | F58: 17771.15 | G58: =F58-E58 -> 33.935 | H58: =G58+'[3]3'!H58 -> 306.879 | J58: =H58/DAY(B2) -> 76.71975 | N58: 43.554 | O58: =G58-N58 -> -9.619
A59: Sub Total | G59: =G49+G50+G51+G52+G53+G54+G55+G56+G57+G58 -> 6428.0474 | H59: =G59+'[3]3'!H59 -> 28156.686 | I59: =G7-G60 -> 682.4126 | J59: =H59/DAY(B2) -> 7039.1715 | N59: 2216.554 | O59: =SUM(O35:O58) -> 2361.3434
D60: Total TR1 & TR2 | G60: =G47+G59 -> 16988.587 | H60: =G60+'[3]3'!H60 -> 71782.726 | I60: =G13-G60 -> -136.9874 | J60: =H60/DAY(B2) -> 17945.682 | N60: 14722.134 | O60: =G60-N60 -> 2266.4534
A61: Floor lighting & Power consumption
A62: 2nd floor plant room | D62: KWh | E62: ='[3]2'!F62 -> 20419.189 | F62: 20419 | G62: =F62-E62 -> -0.189 | H62: =G62+'[3]3'!H62 -> -0.378 | J62: =H62/DAY(B2) -> -0.0945
A63: 5th floor spa | D63: KWh | E63: 356.76307 | F63: 375.81 | G63: =F63-E63 -> 19.04693 | H63: =G63+'[3]3'!H63 -> 77.35 | J63: =H63/DAY(B2) -> 19.3375
A64: 5th Floor | D64: KWh | E64: 77154.071 | F64: 77507.73 | G64: =F64-E64 -> 353.659 | H64: =G64+'[3]3'!H64 -> 1444.643 | J64: =H64/DAY(B2) -> 361.16075
A65: 12th Floor | D65: KWh | E65: 86340.159 | F65: 86703.73 | G65: =F65-E65 -> 363.571 | H65: =G65+'[3]3'!H65 -> 1544.467 | J65: =H65/DAY(B2) -> 386.11675
A66: 20th Floor | D66: KWh | E66: 79353.349 | F66: 79726.5 | G66: =F66-E66 -> 373.151 | H66: =G66+'[3]3'!H66 -> 1538.542 | J66: =H66/DAY(B2) -> 384.6355
A67: 27th Floor | D67: KWh | E67: 127990.02 | F67: 128562.41 | G67: =F67-E67 -> 572.39 | H67: =G67+'[3]3'!H67 -> 2505.91 | J67: =H67/DAY(B2) -> 626.4775
A68: 34th Floor | D68: KWh | E68: 34346.819 | F68: 34639.32 | G68: =F68-E68 -> 292.501 | H68: =G68+'[3]3'!H68 -> 1239.451 | J68: =H68/DAY(B2) -> 309.86275
A69: Sanqi | D69: KWh | E69: 30044.791 | F69: 30245.71 | G69: =F69-E69 -> 200.919 | H69: =G69+'[3]3'!H69 -> 993.345 | J69: =H69/DAY(B2) -> 248.33625
A70: Consumption of Extra AHU run | D70: KWh
A71: Kitchen consumption
A72: Main kitchen power panel no 1 | D72: KWh | E72: 843956 | F72: 843961 | G72: =F72-E72 -> 5 | H72: =G72+'[3]3'!H72 -> 28 | J72: =H72/DAY(B2) -> 7
A73: Main kitchen power panel no 2 | D73: KWh | E73: 885217 | F73: 885218 | G73: =F73-E73 -> 1 | H73: =G73+'[3]3'!H73 -> 3 | J73: =H73/DAY(B2) -> 0.75
A74: Prato kitchen power panel | D74: KWh | E74: 879685 | F74: 879701 | G74: =F74-E74 -> 16 | H74: =G74+'[3]3'!H74 -> 65 | J74: =H74/DAY(B2) -> 16.25
A75: San- Qi Indian Kitchen | D75: KWh | E75: 721860 | F75: 722006 | G75: =F75-E75 -> 146 | H75: =G75+'[3]3'!H75 -> 640 | J75: =H75/DAY(B2) -> 160
A76: San- Qi Japanese Kitchen | D76: KWh | E76: 679847 | F76: 679908 | G76: =F76-E76 -> 61 | H76: =G76+'[3]3'!H76 -> 256 | J76: =H76/DAY(B2) -> 64
A77: The club kitchen | D77: KWh | E77: 692448 | F77: 692457 | G77: =F77-E77 -> 9 | H77: =G77+'[3]3'!H77 -> 150 | J77: =H77/DAY(B2) -> 37.5
A78: AER Kitchen | D78: KWh | E78: 608922 | F78: 609131 | G78: =F78-E78 -> 209 | H78: =G78+'[3]3'!H78 -> 1117 | J78: =H78/DAY(B2) -> 279.25
A79: COLD ROOM'S | D79: KWh | E79: 793288 | F79: 793458 | G79: =F79-E79 -> 170 | H79: =G79+'[3]3'!H79 -> 670 | J79: =H79/DAY(B2) -> 167.5
A80: Ball Room 1 kitchen | D80: KWh | E80: 457724 | F80: 457976 | G80: =F80-E80 -> 252 | H80: =G80+'[3]3'!H80 -> 1110.96 | J80: =H80/DAY(B2) -> 277.74
A81: Ball Room 2 kitchen | D81: KWh | E81: 611418 | F81: 611511 | G81: =F81-E81 -> 93 | H81: =G81+'[3]3'!H81 -> 388.72 | J81: =H81/DAY(B2) -> 97.18
A82: B1 Laundry | D82: kwh | E82: 103095 | F82: 103100 | G82: =F82-E82 -> 5 | H82: =G82+'[3]3'!H82 -> 70.05 | J82: =H82/DAY(B2) -> 17.5125
A83: STP Electrical | D83: kwh | E83: 953430 | F83: 953720 | G83: =F83-E83 -> 290 | H83: =G83+'[3]3'!H83 -> 1477 | J83: =H83/DAY(B2) -> 369.25
A84: Cooling Tower | D84: kwh | E84: 368229 | F84: 368808 | G84: =F84-E84 -> 579 | H84: =G84+'[3]3'!H84 -> 2375 | J84: =H84/DAY(B2) -> 593.75
A85: Total | G85: =SUM(G71:G84) -> 1836 | H85: =G85+'[3]3'!H85 -> 6685.99 | J85: =H85/DAY(B2) -> 1671.4975
A86: MOCK Up Room | D86: Kwh | E86: 437305 | F86: 437464 | G86: =F86-E86 -> 159 | H86: =G86+'[3]3'!H86 -> 414.96 | J86: =H86/DAY(B2) -> 103.74
A87: 27th Floor | D87: Kwh | E87: 76228 | F87: 76250 | G87: =F87-E87 -> 22 | H87: =G87+'[3]3'!H87 -> 112 | J87: =H87/DAY(B2) -> 28
A88: Physic57 | D88: Kwh | E88: 140311 | F88: 140379 | G88: =F88-E88 -> 68 | H88: =G88+'[3]3'!H88 -> 195.25 | J88: =H88/DAY(B2) -> 48.8125
A89: Pinoor Legal- Lighting | D89: Kwh | E89: 54228 | F89: 54301 | G89: =F89-E89 -> 73 | H89: =G89+'[3]3'!H89 -> 205.2 | I89: =H89+'[3]1'!I89 -> 205.2 | J89: =H89/DAY(B2) -> 51.3 | K89: =I89/DAY(C3) -> #VALUE!
A90: Pinoor Legal- Lighting | D90: Kwh | E90: 2799 | F90: 2801 | G90: =F90-E90 -> 2 | H90: =G90+'[3]3'!H90 -> 15.3 | I90: =H90+'[3]1'!I90 -> 15.3 | J90: =H90/DAY(B2) -> 3.825 | K90: =I90/DAY(C4) -> #VALUE!
A91: WATER
A92: R.o.plant | D92: KL | E92: ='[3]2'!F92 -> 228852 | F92: 228907 | G92: =F92-E92 -> 55 | H92: =G92+'[3]3'!H92 -> 312 | J92: =H92/DAY(B2) -> 78
A93: STP Water Prod | D93: KL | E93: ='[3]2'!F93 -> 159050 | F93: 159335 | G93: =F93-E93 -> 285 | H93: =G93+'[3]3'!H93 -> 812 | J93: =H93/DAY(B2) -> 203
A94: Total water Produce | G94: =G92+G93 -> 340 | H94: =G94+'[3]3'!H94 -> 834 | J94: =H94/DAY(B2) -> 208.5
A95: Domestic Zone-1 | D95: KL | E95: ='[3]2'!F95 -> 399996 | F95: 400035 | G95: =F95-E95 -> 39 | H95: =G95+'[3]3'!H95 -> 188 | J95: =H95/DAY(B2) -> 47
A96: Domestic Zone-2 | D96: KL | E96: ='[3]2'!F96 -> 98136 | F96: 98178 | G96: =F96-E96 -> 42 | H96: =G96+'[3]3'!H96 -> 169 | J96: =H96/DAY(B2) -> 42.25
A97: Domestic Zone-3 | D97: KL | E97: ='[3]2'!F97 -> 93593 | F97: 93607 | G97: =F97-E97 -> 14 | H97: =G97+'[3]3'!H97 -> 56 | J97: =H97/DAY(B2) -> 14
A98: Flush Zone -1 | D98: KL | E98: ='[3]2'!F98 -> 140991 | F98: 141014 | G98: =F98-E98 -> 23 | H98: =G98+'[3]3'!H98 -> 109 | J98: =H98/DAY(B2) -> 27.25
A99: Flush Zone -2 | D99: KL | E99: ='[3]2'!F99 -> 4745 | F99: 4753 | G99: =F99-E99 -> 8 | H99: =G99+'[3]3'!H99 -> 45 | J99: =H99/DAY(B2) -> 11.25
A100: Flush Zone -3 | D100: KL | E100: ='[3]2'!F100 -> 3674 | F100: 3674 | G100: =F100-E100 -> 0 | H100: =G100+'[3]3'!H100 -> 0 | J100: =H100/DAY(B2) -> 0
...

Sheet 5
A1: Daily Utility Consumption Report
A2: Prepaired by--- Ramesh | B2: 44140 | C2: occupancy | D2: 0.25 | G2: Occupancy% | H2: Electricity | I2: Water | J2: Gas
C3: Avg temp | D3: 28 | E3: Last year same month avg
C4: humidity | D4: 0.76
A5: Description | D5: Unit | E5: Yesterday | F5: Today | G5: units.consum | H5: MTD | I5: Budgeted | J5: Average/Day
A6: ELECTRICAL CONSUMPTION
A7: BEST Supply 11KV | D7: kwh | E7: ='[3]4'!F7 -> 2178839 | F7: 2196896 | G7: =F7-E7 -> 18057 | H7: =G7+'[3]4'!H7 -> 91871 | I7: ='[3]1'!I7 -> 12000 | J7: =H7/DAY(B2) -> 18374.2
A8: BEST supply | D8: KVAH | E8: ='[3]4'!F8 -> 2189519 | F8: 2207663 | G8: =F8-E8 -> 18144 | H8: =G8+'[3]4'!H8 -> 92222 | I8: 12000 | J8: =H8/DAY(B2) -> 18444.4
A9: Transformer - 1 - 2500KVA | D9: kwh | E9: ='[3]4'!F9 -> 2088058.3 | F9: 2105684.9 | G9: =F9-E9 -> 17626.6 | H9: =G9+'[3]4'!H9 -> 88679.6 | I9: =I8-J8 -> -6444.4 | J9: =H9/DAY(B2) -> 17735.92
A10: Transformer - 2 -2500KVA | D10: kwh | E10: ='[3]4'!F10 -> 454610 | F10: 454610 | G10: =F10-E10 -> 0 | H10: =G10+'[3]4'!H10 -> 0.21 | J10: =H10/DAY(B2) -> 0.042 | N10: 108
A11: DG set- 1 - 1425KVA | D11: kwh | E11: ='[3]4'!F11 -> 35390 | F11: 35390 | G11: =F11-E11 -> 0 | H11: =G11+'[3]4'!H11 -> 0 | J11: =H11/DAY(B2) -> 0 | N11: 28
A12: DG set- 2 - 1425KVA | D12: kwh | E12: ='[3]4'!F12 -> 37630 | F12: 37630 | G12: =F12-E12 -> 0 | H12: =G12+'[3]4'!H12 -> 0 | J12: =H12/DAY(B2) -> 0 | N12: 342
A13: SubTotal | G13: =G9+G10+G11+G12 -> 17626.6 | H13: =G13+'[3]4'!H13 -> 88679.81 | I13: =G7-G13 -> 430.4 | J13: =H13/DAY(B2) -> 17735.962 | N13: 349
A14: GAS CONSUMPTION | N14: 432
A15: Gas consumption | D15: m3 | E15: ='[3]4'!F15 -> 1532096.6 | F15: 1532561.7 | G15: =F15-E15 -> 465.094 | H15: =G15+'[3]4'!H15 -> 2446.546 | I15: 800 | J15: =H15/DAY(B2) -> 489.3092
I16: =I15-J15 -> 310.6908
A17: WATER CONSUMPTION
A18: Tankers | D18: KL | E18: ='[3]4'!F18 -> 9 | F18: 10 | G18: =F18*10 -> 100 | H18: =G18+'[3]4'!H18 -> 540 | I18: ='[3]1'!I18 -> 65 | J18: =H18/DAY(B2) -> 108
A19: BMC | D19: KL | E19: ='[3]4'!F19 -> 128405 | F19: 128454 | G19: =F19-E19 -> 49 | H19: =G19+'[3]4'!H19 -> 259 | J19: =H19/DAY(B2) -> 51.8
A20: Total water | G20: =G18+G19 -> 149 | H20: =G20+'[3]4'!H20 -> 799 | I20: =I18-J20 -> -94.8 | J20: =H20/DAY(B2) -> 159.8
A21: DIESEL CONSUMPTION
A22: Boiler House (H.S.D) | D22: L | E22: ='[3]4'!F22 -> 2250 | F22: 2250 | G22: =(F22-E22) -> 0 | H22: =G22+'[3]4'!H22 -> 0 | J22: =H22/DAY(B2) -> 0
A23: D-G Set (H.S.D) | D23: L | E23: ='[3]4'!F23 -> 2000 | F23: 2000 | G23: 0 | H23: =G23+'[3]4'!H23 -> 0 | J23: =H23/DAY(B2) -> 0
A24: Total HSD (H.S.D.) Stock | D24: L | E24: ='[3]4'!F24 -> 4250 | F24: 4250 | G24: 0 | H24: =G24+'[3]4'!H24 -> 0 | J24: =H24/DAY(B2) -> 0
A25: TOTAL CONSUMPTION UNIT &COST
A26: Utilities | D26: Units
A27: Electricity | D27: KVAH | E27: =G8 -> 18144 | F27: 9.5 | G27: =E27*F27 -> 172368 | H27: =G27+'[3]4'!H27 -> 876109 | J27: =H27/DAY(B2) -> 175221.8
A28: C.N.G | D28: Cu.Mtr | E28: =G15 -> 465.094 | F28: 36.5 | G28: =E28*F28 -> 16975.931 | H28: =G28+'[3]4'!H28 -> 89298.929 | J28: =H28/DAY(B2) -> 17859.786
A29: H.S.D | D29: Ltr | E29: =G24 -> 0 | F29: 69 | G29: =E29*F29 -> 0 | H29: =G29+'[3]4'!H29 -> 0 | J29: =H29/DAY(B2) -> 0
A30: Water BMC | D30: Kl | E30: =G19 -> 49 | F30: 145 | G30: =E30*F30 -> 7105 | H30: =G30+'[3]4'!H30 -> 37555 | J30: =H30/DAY(B2) -> 7511
A31: Water Tanker | D31: KL | E31: =G18 -> 100 | F31: 80 | G31: =E31*F31 -> 8000 | H31: =G31+'[3]4'!H31 -> 43200
A32: Total cost | G32: =G27+G28+G29+G30+G31 -> 204448.93 | H32: =G32+'[3]4'!H32 -> 1046162.9 | J32: =H32/DAY(B2) -> 209232.59
A33: BRANCH READINGS & CONSUMPTION
A34: Transformer No 1 (Sub Feeders)
A35: Main HVAC Power Panel- 800A | D35: kwh | E35: ='[3]4'!F35 -> 613621.47 | F35: 616217 | G35: =F35-E35 -> 2595.53 | H35: =G35+'[3]4'!H35 -> 12873.53 | J35: =H35/DAY(B2) -> 2574.706
A36: Main Panel BALLROOM LVL-2 -2000A | D36: kwh | E36: ='[3]4'!F36 -> 213521.3 | F36: 214117.51 | G36: =F36-E36 -> 596.21 | H36: =G36+'[3]4'!H36 -> 2757.56 | J36: =H36/DAY(B2) -> 551.512
A37: Fire Emergency Power Panel - 1000A | D37: kwh | E37: ='[3]4'!F37 -> 405829.8 | F37: 407330.99 | G37: =F37-E37 -> 1501.19 | H37: =G37+'[3]4'!H37 -> 7486.8 | J37: =H37/DAY(B2) -> 1497.36
A38: Main Power Panel -1600A | D38: kwh | E38: ='[3]4'!F38 -> 150714.2 | F38: 150714.2 | G38: =F38-E38 -> 0 | H38: =G38+'[3]4'!H38 -> 0.2 | J38: =H38/DAY(B2) -> 0.04
A39: Main Lighting and Small power Panel | D39: kwh | E39: ='[3]4'!F39 -> 887861.91 | F39: 891743.91 | G39: =F39-E39 -> 3882 | H39: =G39+'[3]4'!H39 -> 19619.2 | J39: =H39/DAY(B2) -> 3923.84
A40: Capacitor Bank -1 1100KVAR- 2500A | D40: kwh | E40: ='[3]4'!F40 -> 0.17 | F40: 0.17 | G40: =F40-E40 -> 0 | H40: =G40+'[3]4'!H40 -> 0 | J40: =H40/DAY(B2) -> 0
A41: Chiller No 1 | D41: kwh | E41: ='[3]4'!F41 -> 300127.9 | F41: 300127.9 | G41: =F41-E41 -> 0 | H41: =G41+'[3]4'!H41 -> -0.07 | J41: =H41/DAY(B2) -> -0.014
A42: Chiller No 2- | D42: kwh | E42: ='[3]4'!F42 -> 396197.47 | F42: 396197.4 | G42: =F42-E42 -> -0.07 | H42: =G42+'[3]4'!H42 -> -0.07 | J42: =H42/DAY(B2) -> -0.014
A43: Chiller Water pump Panel- 630A | D43: kwh | E43: ='[3]4'!F43 -> 567788.79 | F43: 570158.31 | G43: =F43-E43 -> 2369.52 | H43: =G43+'[3]4'!H43 -> 11834.24 | J43: =H43/DAY(B2) -> 2366.848
A44: Co-Genrator | D44: kwh | E44: ='[3]4'!F44 -> 0 | F44: 0 | G44: =F44-E44 -> 0 | H44: =G44+'[3]4'!H44 -> 0 | J44: =H44/DAY(B2) -> 0
A45: Lawn Pantry | D45: kwh | E45: ='[3]4'!F45 -> 614 | F45: 614 | G45: =F45-E45 -> 0 | H45: =G45+'[3]4'!H45 -> -0.48 | J45: =H45/DAY(B2) -> -0.096
A46: Pavilion Power | D46: kwh | E46: ='[3]4'!F46 -> 187 | F46: 187 | G46: =F46-E46 -> 0 | H46: =G46+'[3]4'!H46 -> -0.49 | J46: =H46/DAY(B2) -> -0.098
A47: Sub Total | G47: =G35+G36+G37+G38+G39+G40+G41+G42+G43+G44+G45+G46 -> 10944.38 | H47: =G47+'[3]4'!H47 -> 54570.42 | J47: =H47/DAY(B2) -> 10914.084
A48: Transformer No 2 (Sub Feeders)
A49: Main HVAC Power Panel- 800A | D49: kwh | E49: ='[3]4'!F49 -> 11728.7 | F49: 11728.838 | G49: =F49-E49 -> 0.138 | H49: =G49+'[3]4'!H49 -> 0 | J49: =H49/DAY(B2) -> 0
A50: Main MV PanelBALLROOM LVL-1- 2000A | D50: kwh | E50: ='[3]4'!F50 -> 267859.37 | F50: 268767.85 | G50: =F50-E50 -> 908.48 | H50: =G50+'[3]4'!H50 -> 4961.28 | J50: =H50/DAY(B2) -> 992.256
A51: Fire Emergency Power Panel - 1000A | D51: kwh | E51: ='[3]4'!F51 -> 0 | F51: 0 | G51: =F51-E51 -> 0 | H51: =G51+'[3]4'!H51 -> 0 | J51: =H51/DAY(B2) -> 0
A52: Main Power Panel -1800A | D52: kwh | E52: ='[3]4'!F52 -> 325581.43 | F52: 327392.79 | G52: =F52-E52 -> 1811.36 | H52: =G52+'[3]4'!H52 -> 8728.1 | J52: =H52/DAY(B2) -> 1745.62
A53: Main Lighting and Small power Panel | D53: kwh | E53: ='[3]4'!F53 -> 16071 | F53: 16071 | G53: =F53-E53 -> 0 | H53: =G53+'[3]4'!H53 -> 0 | J53: =H53/DAY(B2) -> 0
A54: Capacitor Bank -2 1200KVAR- 2500A | D54: kwh | E54: ='[3]4'!F54 -> 1692.7 | F54: 1767.2131 | G54: =F54-E54 -> 74.5131 | H54: =G54+'[3]4'!H54 -> 363.5481 | J54: =H54/DAY(B2) -> 72.70962
A55: Chiller No -3 - 1200A | D55: kwh | E55: ='[3]4'!F55 -> 158492.73 | F55: 158492.73 | G55: =F55-E55 -> 0 | H55: =G55+'[3]4'!H55 -> -0.27 | J55: =H55/DAY(B2) -> -0.054
A56: Chiller No-4 - 1200A | D56: Kwh | E56: ='[3]4'!F56 -> 320581.43 | F56: 324694.29 | G56: =F56-E56 -> 4112.86 | H56: =G56+'[3]4'!H56 -> 20704.5 | J56: =H56/DAY(B2) -> 4140.9
A57: Chiller Water pump Panel- 630A | D57: kwh | E57: ='[3]4'!F57 -> 0 | F57: 0 | G57: =F57-E57 -> 0 | H57: =G57+'[3]4'!H57 -> 0 | J57: =H57/DAY(B2) -> 0
A58: B2-Loundry power panel | D58: kwh | E58: ='[3]4'!F58 -> 17771.15 | F58: 17806.665 | G58: =F58-E58 -> 35.515 | H58: =G58+'[3]4'!H58 -> 342.394 | J58: =H58/DAY(B2) -> 68.4788
A59: Sub Total | G59: =G49+G50+G51+G52+G53+G54+G55+G56+G57+G58 -> 6942.8661 | H59: =G59+'[3]4'!H59 -> 35099.552 | I59: =G7-G60 -> 169.7539 | J59: =H59/DAY(B2) -> 7019.9104
D60: Total TR1 & TR2 | G60: =G47+G59 -> 17887.246 | H60: =G60+'[3]4'!H60 -> 89669.972 | I60: =G13-G60 -> -260.6461 | J60: =H60/DAY(B2) -> 17933.994
A61: Floor lighting & Power consumption
A62: 2nd floor plant room | D62: KWh | E62: ='[3]4'!F62 -> 20419 | F62: 20419 | G62: =F62-E62 -> 0 | H62: =G62+'[3]4'!H62 -> -0.378 | J62: =H62/DAY(B2) -> -0.0756
A63: 5th floor spa | D63: KWh | E63: ='[3]4'!F63 -> 375.81 | F63: 395.38347 | G63: =F63-E63 -> 19.57347 | H63: =G63+'[3]4'!H63 -> 96.92347 | J63: =H63/DAY(B2) -> 19.384694
A64: 5th Floor | D64: KWh | E64: ='[3]4'!F64 -> 77507.73 | F64: 77883.743 | G64: =F64-E64 -> 376.013 | H64: =G64+'[3]4'!H64 -> 1820.656 | J64: =H64/DAY(B2) -> 364.1312
A65: 12th Floor | D65: KWh | E65: ='[3]4'!F65 -> 86703.73 | F65: 87132.439 | G65: =F65-E65 -> 428.709 | H65: =G65+'[3]4'!H65 -> 1973.176 | J65: =H65/DAY(B2) -> 394.6352
A66: 20th Floor | D66: KWh | E66: ='[3]4'!F66 -> 79726.5 | F66: 80121.767 | G66: =F66-E66 -> 395.267 | H66: =G66+'[3]4'!H66 -> 1933.809 | J66: =H66/DAY(B2) -> 386.7618
A67: 27th Floor | D67: KWh | E67: ='[3]4'!F67 -> 128562.41 | F67: 129170.88 | G67: =F67-E67 -> 608.47 | H67: =G67+'[3]4'!H67 -> 3114.38 | J67: =H67/DAY(B2) -> 622.876
A68: 34th Floor | D68: KWh | E68: ='[3]4'!F68 -> 34639.32 | F68: 34941.367 | G68: =F68-E68 -> 302.047 | H68: =G68+'[3]4'!H68 -> 1541.498 | J68: =H68/DAY(B2) -> 308.2996
A69: Sanqi | D69: KWh | E69: ='[3]4'!F69 -> 30245.71 | F69: 30460.381 | G69: =F69-E69 -> 214.671 | H69: =G69+'[3]4'!H69 -> 1208.016 | J69: =H69/DAY(B2) -> 241.6032
A70: Consumption of Extra AHU run | D70: KWh
A71: Kitchen consumption
A72: Main kitchen power panel no 1 | D72: KWh | E72: ='[3]4'!F72 -> 843961 | F72: 843966 | G72: =F72-E72 -> 5 | H72: =G72+'[3]4'!H72 -> 33 | J72: =H72/DAY(B2) -> 6.6
A73: Main kitchen power panel no 2 | D73: KWh | E73: ='[3]4'!F73 -> 885218 | F73: 885219 | G73: =F73-E73 -> 1 | H73: =G73+'[3]4'!H73 -> 4 | J73: =H73/DAY(B2) -> 0.8
A74: Prato kitchen power panel | D74: KWh | E74: ='[3]4'!F74 -> 879701 | F74: 879719 | G74: =F74-E74 -> 18 | H74: =G74+'[3]4'!H74 -> 83 | J74: =H74/DAY(B2) -> 16.6
A75: San- Qi Indian Kitchen | D75: KWh | E75: ='[3]4'!F75 -> 722006 | F75: 722155 | G75: =F75-E75 -> 149 | H75: =G75+'[3]4'!H75 -> 789 | J75: =H75/DAY(B2) -> 157.8
A76: San- Qi Japanese Kitchen | D76: KWh | E76: ='[3]4'!F76 -> 679908 | F76: 679975 | G76: =F76-E76 -> 67 | H76: =G76+'[3]4'!H76 -> 323 | J76: =H76/DAY(B2) -> 64.6
A77: The club kitchen | D77: KWh | E77: ='[3]4'!F77 -> 692457 | F77: 692512 | G77: =F77-E77 -> 55 | H77: =G77+'[3]4'!H77 -> 205 | J77: =H77/DAY(B2) -> 41
A78: AER Kitchen | D78: KWh | E78: ='[3]4'!F78 -> 609131 | F78: 609421 | G78: =F78-E78 -> 290 | H78: =G78+'[3]4'!H78 -> 1407 | J78: =H78/DAY(B2) -> 281.4
A79: COLD ROOM'S | D79: KWh | E79: ='[3]4'!F79 -> 793458 | F79: 793601 | G79: =F79-E79 -> 143 | H79: =G79+'[3]4'!H79 -> 813 | J79: =H79/DAY(B2) -> 162.6
A80: Ball Room 1 kitchen | D80: KWh | E80: ='[3]4'!F80 -> 457976 | F80: 458275 | G80: =F80-E80 -> 299 | H80: =G80+'[3]4'!H80 -> 1409.96 | J80: =H80/DAY(B2) -> 281.992
A81: Ball Room 2 kitchen | D81: KWh | E81: ='[3]4'!F81 -> 611511 | F81: 611590 | G81: =F81-E81 -> 79 | H81: =G81+'[3]4'!H81 -> 467.72 | J81: =H81/DAY(B2) -> 93.544
A82: B1 Laundry | D82: kwh | E82: ='[3]4'!F82 -> 103100 | F82: 103123.92 | G82: =F82-E82 -> 23.92 | H82: =G82+'[3]4'!H82 -> 93.97 | J82: =H82/DAY(B2) -> 18.794
A83: STP Electrical | D83: kwh | E83: ='[3]4'!F83 -> 953720 | F83: 954096 | G83: =F83-E83 -> 376 | H83: =G83+'[3]4'!H83 -> 1853 | J83: =H83/DAY(B2) -> 370.6
A84: Cooling Tower | D84: kwh | E84: ='[3]4'!F84 -> 368808 | F84: 369362 | G84: =F84-E84 -> 554 | H84: =G84+'[3]4'!H84 -> 2929 | J84: =H84/DAY(B2) -> 585.8
A85: Total | E85: ='[3]4'!F85 -> 0 | G85: =SUM(G71:G84) -> 2059.92 | H85: =G85+'[3]4'!H85 -> 8745.91 | J85: =H85/DAY(B2) -> 1749.182
A86: MOCK Up Room | D86: Kwh | E86: ='[3]4'!F86 -> 437464 | F86: 437572 | G86: =F86-E86 -> 108 | H86: =G86 -> 108 | J86: =H86/DAY(B2) -> 21.6 | N86: =G86-173 -> -65
A87: 27th Floor | D87: Kwh | E87: ='[3]4'!F87 -> 76250 | F87: 76253 | G87: =F87-E87 -> 3 | H87: =G87 -> 3 | J87: =H87/DAY(B2) -> 0.6 | N87: 108
A88: Physic57 | D88: Kwh | E88: ='[3]4'!F88 -> 140379 | F88: 140419 | G88: =F88-E88 -> 40 | H88: =G88 -> 40 | J88: =H88/DAY(B2) -> 8 | N88: 28
A89: Pinoor Legal- Power | D89: Kwh | E89: ='[3]4'!F89 -> 54301 | F89: 54353 | G89: =F89-E89 -> 52 | H89: =G89 -> 52 | J89: =H89/DAY(B2) -> 10.4 | N89: 342
A90: Pinoor Legal- Lighting | D90: Kwh | E90: ='[3]4'!F90 -> 2801 | F90: 2803 | G90: =F90-E90 -> 2 | H90: =G90 -> 2 | J90: =H90/DAY(B2) -> 0.4 | N90: 349
A91: WATER
A92: R.o.plant | D92: KL | E92: ='[3]4'!F92 -> 228907 | F92: 229035 | G92: =F92-E92 -> 128 | H92: =G92+'[3]4'!H92 -> 440 | J92: =H92/DAY(B2) -> 88
A93: STP Water Prod | D93: KL | E93: ='[3]4'!F93 -> 159335 | F93: 159463 | G93: =F93-E93 -> 128 | H93: =G93+'[3]4'!H93 -> 940 | J93: =H93/DAY(B2) -> 188
A94: Total water Produce | G94: =G92+G93 -> 256 | H94: =G94+'[3]4'!H94 -> 1090 | J94: =H94/DAY(B2) -> 218
A95: Domestic Zone-1 | D95: KL | E95: ='[3]4'!F95 -> 400035 | F95: 400126 | G95: =F95-E95 -> 91 | H95: =G95+'[3]4'!H95 -> 279 | J95: =H95/DAY(B2) -> 55.8
A96: Domestic Zone-2 | D96: KL | E96: ='[3]4'!F96 -> 98178 | F96: 98266 | G96: =F96-E96 -> 88 | H96: =G96+'[3]4'!H96 -> 257 | J96: =H96/DAY(B2) -> 51.4
A97: Domestic Zone-3 | D97: KL | E97: ='[3]4'!F97 -> 93607 | F97: 93632 | G97: =F97-E97 -> 25 | H97: =G97+'[3]4'!H97 -> 81 | J97: =H97/DAY(B2) -> 16.2
A98: Flush Zone -1 | D98: KL | E98: ='[3]4'!F98 -> 141014 | F98: 141109 | G98: =F98-E98 -> 95 | H98: =G98+'[3]4'!H98 -> 204 | J98: =H98/DAY(B2) -> 40.8
A99: Flush Zone -2 | D99: KL | E99: ='[3]4'!F99 -> 4753 | F99: 4768 | G99: =F99-E99 -> 15 | H99: =G99+'[3]4'!H99 -> 60 | J99: =H99/DAY(B2) -> 12
A100: Flush Zone -3 | D100: KL | E100: ='[3]4'!F100 -> 3674 | F100: 3674 | G100: =F100-E100 -> 0 | H100: =G100+'[3]4'!H100 -> 0 | J100: =H100/DAY(B2) -> 0
...

Sheet 6
A1: Daily Utility Consumption Report
A2: Prepaired by--- Ramesh | B2: 44141 | C2: occupancy | D2: 0.25 | G2: Occupancy% | H2: Electricity | I2: Water | J2: Gas
C3: Avg temp | D3: 35 | E3: Last year same month avg
C4: humidity | D4: 0.8
A5: Description | E5: Yesterday | F5: Today | G5: units.consum | H5: MTD | I5: Budgeted | J5: Average/Day
A6: ELECTRICAL CONSUMPTION
A7: BEST Supply 11KV | D7: kwh | E7: ='[3]5'!F7 -> 2196896 | F7: 2215501 | G7: =F7-E7 -> 18605 | H7: =G7+'[3]5'!H7 -> 110476 | I7: ='[3]1'!I7 -> 12000 | J7: =H7/DAY(B2) -> 18412.667
A8: BEST supply | D8: KVAH | E8: ='[3]5'!F8 -> 2207663 | F8: 2226361 | G8: =F8-E8 -> 18698 | H8: =G8+'[3]5'!H8 -> 110920 | I8: 12000 | J8: =H8/DAY(B2) -> 18486.667
A9: Transformer - 1 - 2500KVA | D9: kwh | E9: ='[3]5'!F9 -> 2105684.9 | F9: 2123651.3 | G9: =F9-E9 -> 17966.4 | H9: =G9+'[3]5'!H9 -> 106646 | I9: =I8-J8 -> -6486.6667 | J9: =H9/DAY(B2) -> 17774.333
A10: Transformer - 2 -2500KVA | D10: kwh | E10: ='[3]5'!F10 -> 454610 | F10: 454610 | G10: =F10-E10 -> 0 | H10: =G10+'[3]5'!H10 -> 0.21 | J10: =H10/DAY(B2) -> 0.035
A11: DG set- 1 - 1425KVA | D11: kwh | E11: ='[3]5'!F11 -> 35390 | F11: 35390 | G11: =F11-E11 -> 0 | H11: =G11+'[3]5'!H11 -> 0 | J11: =H11/DAY(B2) -> 0
A12: DG set- 2 - 1425KVA | D12: kwh | E12: ='[3]5'!F12 -> 37630 | F12: 37630 | G12: =F12-E12 -> 0 | H12: =G12+'[3]5'!H12 -> 0 | J12: =H12/DAY(B2) -> 0
A13: SubTotal | G13: =G9+G10+G11+G12 -> 17966.4 | H13: =G13+'[3]5'!H13 -> 106646.21 | I13: =G7-G13 -> 638.6 | J13: =H13/DAY(B2) -> 17774.368
A14: GAS CONSUMPTION
A15: Gas consumption | D15: m3 | E15: ='[3]5'!F15 -> 1532561.7 | F15: 1533179.2 | G15: =(F15-E15) -> 617.474 | H15: =G15+'[3]5'!H15 -> 3064.02 | I15: 800 | J15: =H15/DAY(B2) -> 510.67
I16: =I15-J15 -> 289.33
A17: WATER CONSUMPTION
A18: Tankers | D18: KL | E18: ='[3]5'!F18 -> 10 | F18: 11 | G18: =F18*10 -> 110 | H18: =G18+'[3]5'!H18 -> 650 | I18: ='[3]1'!I18 -> 65 | J18: =H18/DAY(B2) -> 108.33333
A19: BMC | D19: KL | E19: ='[3]5'!F19 -> 128454 | F19: 128506 | G19: =F19-E19 -> 52 | H19: =G19+'[3]5'!H19 -> 311 | J19: =H19/DAY(B2) -> 51.833333
A20: Total water | G20: =G18+G19 -> 162 | H20: =G20+'[3]5'!H20 -> 961 | I20: =I18-J20 -> -95.166667 | J20: =H20/DAY(B2) -> 160.16667
A21: DIESEL CONSUMPTION
A22: Boiler House (H.S.D) | D22: L | E22: ='[3]5'!F22 -> 2250 | F22: 2250 | G22: =(F22-E22) -> 0 | H22: =G22+'[3]5'!H22 -> 0 | J22: =H22/DAY(B2) -> 0
A23: D-G Set (H.S.D) | D23: L | E23: ='[3]5'!F23 -> 2000 | F23: 2000 | G23: 0 | H23: =G23+'[3]5'!H23 -> 0 | J23: =H23/DAY(B2) -> 0
A24: Total HSD (H.S.D.) Stock | D24: L | E24: ='[3]5'!F24 -> 4250 | F24: 4250 | G24: 0 | H24: =G24+'[3]5'!H24 -> 0 | J24: =H24/DAY(B2) -> 0
A25: TOTAL CONSUMPTION UNIT &COST
A26: Utilities | D26: Units
A27: Electricity | D27: KVAH | E27: =G8 -> 18698 | F27: 9.5 | G27: =E27*F27 -> 177631 | H27: =G27+'[3]5'!H27 -> 1053740 | J27: =H27/DAY(B2) -> 175623.33
A28: C.N.G | D28: Cu.Mtr | E28: =G15 -> 617.474 | F28: 36.5 | G28: =E28*F28 -> 22537.801 | H28: =G28+'[3]5'!H28 -> 111836.73 | J28: =H28/DAY(B2) -> 18639.455
A29: H.S.D | D29: Ltr | E29: =G24 -> 0 | F29: 69 | G29: =E29*F29 -> 0 | H29: =G29+'[3]5'!H29 -> 0 | J29: =H29/DAY(B2) -> 0
A30: Water BMC | D30: Kl | E30: =G19 -> 52 | F30: 145 | G30: =E30*F30 -> 7540 | H30: =G30+'[3]5'!H30 -> 45095 | J30: =H30/DAY(B2) -> 7515.8333
A31: Water Tanker | D31: KL | E31: =G18 -> 110 | F31: 80 | G31: =E31*F31 -> 8800 | H31: =G31+'[3]5'!H31 -> 52000
A32: Total cost | G32: =G27+G28+G29+G30+G31 -> 216508.8 | H32: =G32+'[3]5'!H32 -> 1262671.7 | J32: =H32/DAY(B2) -> 210445.29
A33: BRANCH READINGS & CONSUMPTION
A34: Transformer No 1 (Sub Feeders)
A35: Main HVAC Power Panel- 800A | D35: kwh | E35: ='[3]5'!F35 -> 616217 | F35: 618698.31 | G35: =F35-E35 -> 2481.31 | H35: =G35+'[3]5'!H35 -> 15354.84 | J35: =H35/DAY(B2) -> 2559.14
A36: Main Panel BALLROOM LVL-2 -2000A | D36: kwh | E36: ='[3]5'!F36 -> 214117.51 | F36: 214909.63 | G36: =F36-E36 -> 792.12 | H36: =G36+'[3]5'!H36 -> 3549.68 | J36: =H36/DAY(B2) -> 591.61333
A37: Fire Emergency Power Panel - 1000A | D37: kwh | E37: ='[3]5'!F37 -> 407330.99 | F37: 408847.43 | G37: =F37-E37 -> 1516.44 | H37: =G37+'[3]5'!H37 -> 9003.24 | J37: =H37/DAY(B2) -> 1500.54
A38: Main Power Panel -1600A | D38: kwh | E38: ='[3]5'!F38 -> 150714.2 | F38: 150714.38 | G38: =F38-E38 -> 0.18 | H38: =G38+'[3]5'!H38 -> 0.38 | J38: =H38/DAY(B2) -> 0.063333333
A39: Main Lighting and Small power Panel | D39: kwh | E39: ='[3]5'!F39 -> 891743.91 | F39: 895612.87 | G39: =F39-E39 -> 3868.96 | H39: =G39+'[3]5'!H39 -> 23488.16 | J39: =H39/DAY(B2) -> 3914.6933
A40: Capacitor Bank -1 1100KVAR- 2500A | D40: kwh | E40: ='[3]5'!F40 -> 0.17 | F40: 0.17 | G40: =F40-E40 -> 0 | H40: =G40+'[3]5'!H40 -> 0 | J40: =H40/DAY(B2) -> 0
A41: Chiller No 1 | D41: kwh | E41: ='[3]5'!F41 -> 300127.9 | F41: 300127.9 | G41: =F41-E41 -> 0 | H41: =G41+'[3]5'!H41 -> -0.07 | J41: =H41/DAY(B2) -> -0.011666667
A42: Chiller No 2- | D42: kwh | E42: ='[3]5'!F42 -> 396197.4 | F42: 396197.4 | G42: =F42-E42 -> 0 | H42: =G42+'[3]5'!H42 -> -0.07 | J42: =H42/DAY(B2) -> -0.011666667
A43: Chiller Water pump Panel- 630A | D43: kwh | E43: ='[3]5'!F43 -> 570158.31 | F43: 572565.15 | G43: =F43-E43 -> 2406.84 | H43: =G43+'[3]5'!H43 -> 14241.08 | J43: =H43/DAY(B2) -> 2373.5133
A44: Co-Genrator | D44: kwh | E44: ='[3]5'!F44 -> 0 | F44: 0 | G44: =F44-E44 -> 0 | H44: =G44+'[3]5'!H44 -> 0 | J44: =H44/DAY(B2) -> 0
A45: Lawn Pantry | D45: kwh | E45: ='[3]5'!F45 -> 614 | F45: 614 | G45: =F45-E45 -> 0 | H45: =G45+'[3]5'!H45 -> -0.48 | J45: =H45/DAY(B2) -> -0.08
A46: Pavilion Power | D46: kwh | E46: ='[3]5'!F46 -> 187 | F46: 187 | G46: =F46-E46 -> 0 | H46: =G46+'[3]5'!H46 -> -0.49 | J46: =H46/DAY(B2) -> -0.081666667
A47: Sub Total | G47: =G35+G36+G37+G38+G39+G40+G41+G42+G43+G44+G45+G46 -> 11065.85 | H47: =G47+'[3]5'!H47 -> 65636.27 | J47: =H47/DAY(B2) -> 10939.378
A48: Transformer No 2 (Sub Feeders)
A49: Main HVAC Power Panel- 800A | D49: kwh | E49: ='[3]5'!F49 -> 11728.838 | F49: 11728.38 | G49: =F49-E49 -> -0.458 | H49: =G49+'[3]5'!H49 -> -0.458 | J49: =H49/DAY(B2) -> -0.076333333
A50: Main MV PanelBALLROOM LVL-1- 2000A | D50: kwh | E50: ='[3]5'!F50 -> 268767.85 | F50: 269690.23 | G50: =F50-E50 -> 922.38 | H50: =G50+'[3]5'!H50 -> 5883.66 | J50: =H50/DAY(B2) -> 980.61
A51: Fire Emergency Power Panel - 1000A | D51: kwh | E51: ='[3]5'!F51 -> 0 | F51: 0 | G51: =F51-E51 -> 0 | H51: =G51+'[3]5'!H51 -> 0 | J51: =H51/DAY(B2) -> 0
A52: Main Power Panel -1800A | D52: kwh | E52: ='[3]5'!F52 -> 327392.79 | F52: 329160.19 | G52: =F52-E52 -> 1767.4 | H52: =G52+'[3]5'!H52 -> 10495.5 | J52: =H52/DAY(B2) -> 1749.25
A53: Main Lighting and Small power Panel | D53: kwh | E53: ='[3]5'!F53 -> 16071 | F53: 16071 | G53: =F53-E53 -> 0 | H53: =G53+'[3]5'!H53 -> 0 | J53: =H53/DAY(B2) -> 0
A54: Capacitor Bank -2 1200KVAR- 2500A | D54: kwh | E54: ='[3]5'!F54 -> 1767.2131 | F54: 1842.5495 | G54: =F54-E54 -> 75.3364 | H54: =G54+'[3]5'!H54 -> 438.8845 | J54: =H54/DAY(B2) -> 73.147417
A55: Chiller No -3 - 1200A | D55: kwh | E55: ='[3]5'!F55 -> 158492.73 | F55: 158492.73 | G55: =F55-E55 -> 0 | H55: =G55+'[3]5'!H55 -> -0.27 | J55: =H55/DAY(B2) -> -0.045
A56: Chiller No-4 - 1200A | D56: Kwh | E56: ='[3]5'!F56 -> 324694.29 | F56: 328865.15 | G56: =F56-E56 -> 4170.86 | H56: =G56+'[3]5'!H56 -> 24875.36 | J56: =H56/DAY(B2) -> 4145.8933
A57: Chiller Water pump Panel- 630A | D57: kwh | E57: ='[3]5'!F57 -> 0 | F57: 0 | G57: =F57-E57 -> 0 | H57: =G57+'[3]5'!H57 -> 0 | J57: =H57/DAY(B2) -> 0
A58: B2-Loundry power panel | D58: kwh | E58: ='[3]5'!F58 -> 17806.665 | F58: 17990.683 | G58: =F58-E58 -> 184.018 | H58: =G58+'[3]5'!H58 -> 526.412 | J58: =H58/DAY(B2) -> 87.735333
A59: Sub Total | G59: =G49+G50+G51+G52+G53+G54+G55+G56+G57+G58 -> 7119.5364 | H59: =G59+'[3]5'!H59 -> 42219.089 | I59: =G7-G60 -> 419.6136 | J59: =H59/DAY(B2) -> 7036.5148
D60: Total TR1 & TR2 | G60: =G47+G59 -> 18185.386 | H60: =G60+'[3]5'!H60 -> 107855.36 | I60: =G13-G60 -> -218.9864 | J60: =H60/DAY(B2) -> 17975.893
A61: Floor lighting & Power consumption
A62: 2nd floor plant room | D62: KWh | E62: ='[3]5'!F62 -> 20419 | F62: 20419 | G62: =F62-E62 -> 0 | H62: =G62+'[3]5'!H62 -> -0.378 | J62: =H62/DAY(B2) -> -0.063
A63: 5th floor spa | D63: KWh | E63: ='[3]5'!F63 -> 395.38347 | F63: 414.94 | G63: =F63-E63 -> 19.55653 | H63: =G63+'[3]5'!H63 -> 116.48 | J63: =H63/DAY(B2) -> 19.413333
A64: 5th Floor | D64: KWh | E64: ='[3]5'!F64 -> 77883.743 | F64: 78247.511 | G64: =F64-E64 -> 363.768 | H64: =G64+'[3]5'!H64 -> 2184.424 | J64: =H64/DAY(B2) -> 364.07067
A65: 12th Floor | D65: KWh | E65: ='[3]5'!F65 -> 87132.439 | F65: 87506.175 | G65: =F65-E65 -> 373.736 | H65: =G65+'[3]5'!H65 -> 2346.912 | J65: =H65/DAY(B2) -> 391.152
A66: 20th Floor | D66: KWh | E66: ='[3]5'!F66 -> 80121.767 | F66: 80504.095 | G66: =F66-E66 -> 382.328 | H66: =G66+'[3]5'!H66 -> 2316.137 | J66: =H66/DAY(B2) -> 386.02283
A67: 27th Floor | D67: KWh | E67: ='[3]5'!F67 -> 129170.88 | F67: 129809.24 | G67: =F67-E67 -> 638.36 | H67: =G67+'[3]5'!H67 -> 3752.74 | J67: =H67/DAY(B2) -> 625.45667
A68: 34th Floor | D68: KWh | E68: ='[3]5'!F68 -> 34941.367 | F68: 35253.823 | G68: =F68-E68 -> 312.456 | H68: =G68+'[3]5'!H68 -> 1853.954 | J68: =H68/DAY(B2) -> 308.99233
A69: Sanqi | D69: KWh | E69: ='[3]5'!F69 -> 30460.381 | F69: 30670.811 | G69: =F69-E69 -> 210.43 | H69: =G69+'[3]5'!H69 -> 1418.446 | J69: =H69/DAY(B2) -> 236.40767
A70: Consumption of Extra AHU run | D70: KWh
A71: Kitchen consumption
A72: Main kitchen power panel no 1 | D72: KWh | E72: ='[3]5'!F72 -> 843966 | F72: 843974 | G72: =F72-E72 -> 8 | H72: =G72+'[3]5'!H72 -> 41 | J72: =H72/DAY(B2) -> 6.8333333
A73: Main kitchen power panel no 2 | D73: KWh | E73: ='[3]5'!F73 -> 885219 | F73: 885220 | G73: =F73-E73 -> 1 | H73: =G73+'[3]5'!H73 -> 5 | J73: =H73/DAY(B2) -> 0.83333333
A74: Prato kitchen power panel | D74: KWh | E74: ='[3]5'!F74 -> 879719 | F74: 879736 | G74: =F74-E74 -> 17 | H74: =G74+'[3]5'!H74 -> 100 | J74: =H74/DAY(B2) -> 16.666667
A75: San- Qi Indian Kitchen | D75: KWh | E75: ='[3]5'!F75 -> 722155 | F75: 722305 | G75: =F75-E75 -> 150 | H75: =G75+'[3]5'!H75 -> 939 | J75: =H75/DAY(B2) -> 156.5
A76: San- Qi Japanese Kitchen | D76: KWh | E76: ='[3]5'!F76 -> 679975 | F76: 680050 | G76: =F76-E76 -> 75 | H76: =G76+'[3]5'!H76 -> 398 | J76: =H76/DAY(B2) -> 66.333333
A77: The club kitchen | D77: KWh | E77: ='[3]5'!F77 -> 692512 | F77: 692554 | G77: =F77-E77 -> 42 | H77: =G77+'[3]5'!H77 -> 247 | J77: =H77/DAY(B2) -> 41.166667
A78: AER Kitchen | D78: KWh | E78: ='[3]5'!F78 -> 609421 | F78: 609738 | G78: =F78-E78 -> 317 | H78: =G78+'[3]5'!H78 -> 1724 | J78: =H78/DAY(B2) -> 287.33333
A79: COLD ROOM'S | D79: KWh | E79: ='[3]5'!F79 -> 793601 | F79: 793765 | G79: =F79-E79 -> 164 | H79: =G79+'[3]5'!H79 -> 977 | J79: =H79/DAY(B2) -> 162.83333
A80: Ball Room 1 kitchen | D80: KWh | E80: ='[3]5'!F80 -> 458275 | F80: 458541.16 | G80: =F80-E80 -> 266.16 | H80: =G80+'[3]5'!H80 -> 1676.12 | J80: =H80/DAY(B2) -> 279.35333
A81: Ball Room 2 kitchen | D81: KWh | E81: ='[3]5'!F81 -> 611590 | F81: 611708.64 | G81: =F81-E81 -> 118.64 | H81: =G81+'[3]5'!H81 -> 586.36 | J81: =H81/DAY(B2) -> 97.726667
A82: B1 Laundry | D82: kwh | E82: ='[3]5'!F82 -> 103123.92 | F82: 103129.03 | G82: =F82-E82 -> 5.11 | H82: =G82+'[3]5'!H82 -> 99.08 | J82: =H82/DAY(B2) -> 16.513333
A83: STP Electrical | D83: kwh | E83: ='[3]5'!F83 -> 954096 | F83: 954485 | G83: =F83-E83 -> 389 | H83: =G83+'[3]5'!H83 -> 2242 | J83: =H83/DAY(B2) -> 373.66667
A84: Cooling Tower | D84: kwh | E84: ='[3]5'!F84 -> 369362 | F84: 369978 | G84: =F84-E84 -> 616 | H84: =G84+'[3]5'!H84 -> 3545 | J84: =H84/DAY(B2) -> 590.83333
A85: Total | G85: =SUM(G71:G84) -> 2168.91 | H85: =G85+'[3]5'!H85 -> 10914.82 | J85: =H85/DAY(B2) -> 1819.1367
A86: MOCK Up Room | D86: Kwh | E86: ='[3]5'!F86 -> 437572 | F86: 437690.04 | G86: =F86-E86 -> 118.04 | H86: =G86 -> 118.04 | J86: =H86/DAY(B2) -> 19.673333
A87: 27th Floor | D87: Kwh | E87: ='[3]5'!F87 -> 76253 | F87: 76260 | G87: =F87-E87 -> 7 | H87: =G87 -> 7 | J87: =H87/DAY(B2) -> 1.1666667
A88: Physic57 | D88: Kwh | E88: ='[3]5'!F88 -> 140419 | F88: 140491.2 | G88: =F88-E88 -> 72.2 | H88: =G88 -> 72.2 | J88: =H88/DAY(B2) -> 12.033333
A89: Pinoor Legal- Lighting | D89: Kwh | E89: ='[3]5'!F89 -> 54353 | F89: 54425 | G89: =F89-E89 -> 72 | H89: =G89 -> 72 | J89: =H89/DAY(B2) -> 12
A90: Pinoor Legal- Lighting | D90: Kwh | E90: ='[3]5'!F90 -> 2803 | F90: 2808.7 | G90: =F90-E90 -> 5.7 | H90: =G90 -> 5.7 | J90: =H90/DAY(B2) -> 0.95
A91: WATER
A92: R.o.plant | D92: KL | E92: ='[3]5'!F92 -> 229035 | F92: 229140 | G92: =F92-E92 -> 105 | H92: =G92+'[3]5'!H92 -> 545 | J92: =H92/DAY(B2) -> 90.833333
A93: STP Water Prod | D93: KL | E93: ='[3]5'!F93 -> 159463 | F93: 159626 | G93: =F93-E93 -> 163 | H93: =G93+'[3]5'!H93 -> 1103 | J93: =H93/DAY(B2) -> 183.83333
A94: Total water Produce | E94: ='[3]5'!F94 -> 0 | G94: =G92+G93 -> 268 | H94: =G94+'[3]5'!H94 -> 1358 | J94: =H94/DAY(B2) -> 226.33333
A95: Domestic Zone-1 | D95: KL | E95: ='[3]5'!F95 -> 400126 | F95: 400198 | G95: =F95-E95 -> 72 | H95: =G95+'[3]5'!H95 -> 351 | J95: =H95/DAY(B2) -> 58.5
A96: Domestic Zone-2 | D96: KL | E96: ='[3]5'!F96 -> 98266 | F96: 98310 | G96: =F96-E96 -> 44 | H96: =G96+'[3]5'!H96 -> 301 | J96: =H96/DAY(B2) -> 50.166667
A97: Domestic Zone-3 | D97: KL | E97: ='[3]5'!F97 -> 93632 | F97: 93701 | G97: =F97-E97 -> 69 | H97: =G97+'[3]5'!H97 -> 150 | J97: =H97/DAY(B2) -> 25
A98: Flush Zone -1 | D98: KL | E98: ='[3]5'!F98 -> 141109 | F98: 141149 | G98: =F98-E98 -> 40 | H98: =G98+'[3]5'!H98 -> 244 | J98: =H98/DAY(B2) -> 40.666667
A99: Flush Zone -2 | D99: KL | E99: ='[3]5'!F99 -> 4768 | F99: 4773 | G99: =F99-E99 -> 5 | H99: =G99+'[3]5'!H99 -> 65 | J99: =H99/DAY(B2) -> 10.833333
A100: Flush Zone -3 | D100: KL | E100: ='[3]5'!F100 -> 3674 | F100: 3674 | G100: =F100-E100 -> 0 | H100: =G100+'[3]5'!H100 -> 0 | J100: =H100/DAY(B2) -> 0
...

Sheet 7
A1: Daily Utility Consumption Report
A2: Prepaired by--- Ramesh | B2: 44142 | C2: occupancy | D2: 0.54 | G2: Occupancy% | H2: Electricity | I2: Water | J2: Gas
C3: Avg temp | D3: 28 | E3: Last year same month avg
C4: humidity | D4: 0.78
A5: Description | E5: Yesterday | F5: Today | G5: units.consum | H5: MTD | I5: Budgeted | J5: Average/Day
A6: ELECTRICAL CONSUMPTION
A7: BEST Supply 11KV | D7: kwh | E7: ='[3]6'!F7 -> 2215501 | F7: 2234013 | G7: =F7-E7 -> 18512 | H7: =G7+'[3]6'!H7 -> 128988 | I7: ='[3]1'!I7 -> 12000 | J7: =H7/DAY(B2) -> 18426.857
A8: BEST supply | D8: KVAH | E8: ='[3]6'!F8 -> 2226361 | F8: 2244938 | G8: =F8-E8 -> 18577 | H8: =G8+'[3]6'!H8 -> 129497 | I8: 12000 | J8: =H8/DAY(B2) -> 18499.571
A9: Transformer - 1 - 2500KVA | D9: kwh | E9: ='[3]6'!F9 -> 2123651.3 | F9: 2141511.3 | G9: =F9-E9 -> 17860 | H9: =G9+'[3]6'!H9 -> 124506 | I9: =I8-J8 -> -6499.5714 | J9: =H9/DAY(B2) -> 17786.571
A10: Transformer - 2 -2500KVA | D10: kwh | E10: ='[3]6'!F10 -> 454610 | F10: 454610 | G10: =F10-E10 -> 0 | H10: =G10+'[3]6'!H10 -> 0.21 | J10: =H10/DAY(B2) -> 0.03
A11: DG set- 1 - 1425KVA | D11: kwh | E11: ='[3]6'!F11 -> 35390 | F11: 35390 | G11: =F11-E11 -> 0 | H11: =G11+'[3]6'!H11 -> 0 | J11: =H11/DAY(B2) -> 0
A12: DG set- 2 - 1425KVA | D12: kwh | E12: ='[3]6'!F12 -> 37630 | F12: 37630 | G12: =F12-E12 -> 0 | H12: =G12+'[3]6'!H12 -> 0 | J12: =H12/DAY(B2) -> 0
A13: SubTotal | G13: =G9+G10+G11+G12 -> 17860 | H13: =G13+'[3]6'!H13 -> 124506.21 | I13: =G7-G13 -> 652 | J13: =H13/DAY(B2) -> 17786.601
A14: GAS CONSUMPTION
A15: Gas consumption | D15: m3 | E15: ='[3]6'!F15 -> 1533179.2 | F15: 1533706.6 | G15: =(F15-E15) -> 527.368 | H15: =G15+'[3]6'!H15 -> 3591.388 | I15: 800 | J15: =H15/DAY(B2) -> 513.05543
I16: =I15-J15 -> 286.94457
A17: WATER CONSUMPTION
A18: Tankers | D18: KL | E18: ='[3]6'!F18 -> 11 | F18: 11 | G18: =F18*10 -> 110 | H18: =G18+'[3]6'!H18 -> 760 | I18: ='[3]1'!I18 -> 65 | J18: =H18/DAY(B2) -> 108.57143
A19: BMC | D19: KL | E19: ='[3]6'!F19 -> 128506 | F19: 128551 | G19: =F19-E19 -> 45 | H19: =G19+'[3]6'!H19 -> 356 | J19: =H19/DAY(B2) -> 50.857143
A20: Total water | G20: =G18+G19 -> 155 | H20: =G20+'[3]6'!H20 -> 1116 | I20: =I18-J20 -> -94.428571 | J20: =H20/DAY(B2) -> 159.42857
A21: DIESEL CONSUMPTION
A22: Boiler House (H.S.D) | D22: L | E22: ='[3]6'!F22 -> 2250 | F22: 2250 | G22: =(F22-E22) -> 0 | H22: =G22+'[3]6'!H22 -> 0 | J22: =H22/DAY(B2) -> 0
A23: D-G Set (H.S.D) | D23: L | E23: ='[3]6'!F23 -> 2000 | F23: 2000 | G23: 0 | H23: =G23+'[3]6'!H23 -> 0 | J23: =H23/DAY(B2) -> 0
A24: Total HSD (H.S.D.) Stock | D24: L | E24: ='[3]6'!F24 -> 4250 | F24: 4250 | G24: 0 | H24: =G24+'[3]6'!H24 -> 0 | J24: =H24/DAY(B2) -> 0
A25: TOTAL CONSUMPTION UNIT &COST
A26: Utilities | D26: Units
A27: Electricity | D27: KVAH | E27: =G8 -> 18577 | F27: 9.5 | G27: =E27*F27 -> 176481.5 | H27: =G27+'[3]6'!H27 -> 1230221.5 | J27: =H27/DAY(B2) -> 175745.93
A28: C.N.G | D28: Cu.Mtr | E28: =G15 -> 527.368 | F28: 36.5 | G28: =E28*F28 -> 19248.932 | H28: =G28+'[3]6'!H28 -> 131085.66 | J28: =H28/DAY(B2) -> 18726.523
A29: H.S.D | D29: Ltr | E29: =G24 -> 0 | F29: 69 | G29: =E29*F29 -> 0 | H29: =G29+'[3]6'!H29 -> 0 | J29: =H29/DAY(B2) -> 0
A30: Water BMC | D30: Kl | E30: =G19 -> 45 | F30: 145 | G30: =E30*F30 -> 6525 | H30: =G30+'[3]6'!H30 -> 51620 | J30: =H30/DAY(B2) -> 7374.2857
A31: Water Tanker | D31: KL | E31: =G18 -> 110 | F31: 80 | G31: =E31*F31 -> 8800 | H31: =G31+'[3]6'!H31 -> 60800
A32: Total cost | G32: =G27+G28+G29+G30+G31 -> 211055.43 | H32: =G32+'[3]6'!H32 -> 1473727.2 | J32: =H32/DAY(B2) -> 210532.45
A33: BRANCH READINGS & CONSUMPTION
A34: Transformer No 1 (Sub Feeders)
A35: Main HVAC Power Panel- 800A | D35: kwh | E35: ='[3]6'!F35 -> 618698.31 | F35: 621195.67 | G35: =F35-E35 -> 2497.36 | H35: =G35+'[3]6'!H35 -> 17852.2 | J35: =H35/DAY(B2) -> 2550.3143
A36: Main Panel BALLROOM LVL-2 -2000A | D36: kwh | E36: ='[3]6'!F36 -> 214909.63 | F36: 215532.85 | G36: =F36-E36 -> 623.22 | H36: =G36+'[3]6'!H36 -> 4172.9 | J36: =H36/DAY(B2) -> 596.12857
A37: Fire Emergency Power Panel - 1000A | D37: kwh | E37: ='[3]6'!F37 -> 408847.43 | F37: 410385.19 | G37: =F37-E37 -> 1537.76 | H37: =G37+'[3]6'!H37 -> 10541 | J37: =H37/DAY(B2) -> 1505.8571
A38: Main Power Panel -1600A | D38: kwh | E38: ='[3]6'!F38 -> 150714.38 | F38: 150714 | G38: =F38-E38 -> -0.38 | H38: =G38+'[3]6'!H38 -> 0 | J38: =H38/DAY(B2) -> 0
A39: Main Lighting and Small power Panel | D39: kwh | E39: ='[3]6'!F39 -> 895612.87 | F39: 899625.43 | G39: =F39-E39 -> 4012.56 | H39: =G39+'[3]6'!H39 -> 27500.72 | J39: =H39/DAY(B2) -> 3928.6743
A40: Capacitor Bank -1 1100KVAR- 2500A | D40: kwh | E40: ='[3]6'!F40 -> 0.17 | F40: 0.17 | G40: =F40-E40 -> 0 | H40: =G40+'[3]6'!H40 -> 0 | J40: =H40/DAY(B2) -> 0
A41: Chiller No 1 | D41: kwh | E41: ='[3]6'!F41 -> 300127.9 | F41: 300127.9 | G41: =F41-E41 -> 0 | H41: =G41+'[3]6'!H41 -> -0.07 | J41: =H41/DAY(B2) -> -0.01
A42: Chiller No 2- | D42: kwh | E42: ='[3]6'!F42 -> 396197.4 | F42: 396197.4 | G42: =F42-E42 -> 0 | H42: =G42+'[3]6'!H42 -> -0.07 | J42: =H42/DAY(B2) -> -0.01
A43: Chiller Water pump Panel- 630A | D43: kwh | E43: ='[3]6'!F43 -> 572565.15 | F43: 574902.63 | G43: =F43-E43 -> 2337.48 | H43: =G43+'[3]6'!H43 -> 16578.56 | J43: =H43/DAY(B2) -> 2368.3657
A44: Co-Genrator | D44: kwh | E44: ='[3]6'!F44 -> 0 | F44: 0 | G44: =F44-E44 -> 0 | H44: =G44+'[3]6'!H44 -> 0 | J44: =H44/DAY(B2) -> 0
A45: Lawn Pantry | D45: kwh | E45: ='[3]6'!F45 -> 614 | F45: 614 | G45: =F45-E45 -> 0 | H45: =G45+'[3]6'!H45 -> -0.48 | J45: =H45/DAY(B2) -> -0.068571429
A46: Pavilion Power | D46: kwh | E46: ='[3]6'!F46 -> 187 | F46: 187 | G46: =F46-E46 -> 0 | H46: =G46+'[3]6'!H46 -> -0.49 | J46: =H46/DAY(B2) -> -0.07
A47: Sub Total | G47: =G35+G36+G37+G38+G39+G40+G41+G42+G43+G44+G45+G46 -> 11008 | H47: =G47+'[3]6'!H47 -> 76644.27 | J47: =H47/DAY(B2) -> 10949.181
A48: Transformer No 2 (Sub Feeders)
A49: Main HVAC Power Panel- 800A | D49: kwh | E49: ='[3]6'!F49 -> 11728.38 | F49: 11728.38 | G49: =F49-E49 -> 0 | H49: =G49+'[3]6'!H49 -> -0.458 | J49: =H49/DAY(B2) -> -0.065428571
A50: Main MV PanelBALLROOM LVL-1- 2000A | D50: kwh | E50: ='[3]6'!F50 -> 269690.23 | F50: 270636.57 | G50: =F50-E50 -> 946.34 | H50: =G50+'[3]6'!H50 -> 6830 | J50: =H50/DAY(B2) -> 975.71429
A51: Fire Emergency Power Panel - 1000A | D51: kwh | E51: ='[3]6'!F51 -> 0 | F51: 0 | G51: =F51-E51 -> 0 | H51: =G51+'[3]6'!H51 -> 0 | J51: =H51/DAY(B2) -> 0
A52: Main Power Panel -1800A | D52: kwh | E52: ='[3]6'!F52 -> 329160.19 | F52: 330862.53 | G52: =F52-E52 -> 1702.34 | H52: =G52+'[3]6'!H52 -> 12197.84 | J52: =H52/DAY(B2) -> 1742.5486
A53: Main Lighting and Small power Panel | D53: kwh | E53: ='[3]6'!F53 -> 16071 | F53: 16071 | G53: =F53-E53 -> 0 | H53: =G53+'[3]6'!H53 -> 0 | J53: =H53/DAY(B2) -> 0
A54: Capacitor Bank -2 1200KVAR- 2500A | D54: kwh | E54: ='[3]6'!F54 -> 1842.5495 | F54: 1915.2147 | G54: =F54-E54 -> 72.6652 | H54: =G54+'[3]6'!H54 -> 511.5497 | J54: =H54/DAY(B2) -> 73.078529
A55: Chiller No -3 - 1200A | D55: kwh | E55: ='[3]6'!F55 -> 158492.73 | F55: 158492.73 | G55: =F55-E55 -> 0 | H55: =G55+'[3]6'!H55 -> -0.27 | J55: =H55/DAY(B2) -> -0.038571429
A56: Chiller No-4 - 1200A | D56: Kwh | E56: ='[3]6'!F56 -> 328865.15 | F56: 333140.39 | G56: =F56-E56 -> 4275.24 | H56: =G56+'[3]6'!H56 -> 29150.6 | J56: =H56/DAY(B2) -> 4164.3714
A57: Chiller Water pump Panel- 630A | D57: kwh | E57: ='[3]6'!F57 -> 0 | F57: 0 | G57: =F57-E57 -> 0 | H57: =G57+'[3]6'!H57 -> 0 | J57: =H57/DAY(B2) -> 0
A58: B2-Loundry power panel | D58: kwh | E58: ='[3]6'!F58 -> 17990.683 | F58: 18035.513 | G58: =F58-E58 -> 44.83 | H58: =G58+'[3]6'!H58 -> 571.242 | J58: =H58/DAY(B2) -> 81.606
A59: Sub Total | G59: =G49+G50+G51+G52+G53+G54+G55+G56+G57+G58 -> 7041.4152 | H59: =G59+'[3]6'!H59 -> 49260.504 | I59: =G7-G60 -> 462.5848 | J59: =H59/DAY(B2) -> 7037.2148
D60: Total TR1 & TR2 | G60: =G47+G59 -> 18049.415 | H60: =G60+'[3]6'!H60 -> 125904.77 | I60: =G13-G60 -> -189.4152 | J60: =H60/DAY(B2) -> 17986.396
A61: Floor lighting & Power consumption
A62: 2nd floor plant room | D62: KWh | E62: ='[3]6'!F62 -> 20419 | F62: 20419 | G62: =F62-E62 -> 0 | H62: =G62+'[3]6'!H62 -> -0.378 | J62: =H62/DAY(B2) -> -0.054
A63: 5th floor spa | D63: KWh | E63: ='[3]6'!F63 -> 414.94 | F63: 433.43 | G63: =F63-E63 -> 18.49 | H63: =G63+'[3]6'!H63 -> 134.97 | J63: =H63/DAY(B2) -> 19.281429
A64: 5th Floor | D64: KWh | E64: ='[3]6'!F64 -> 78247.511 | F64: 78597.407 | G64: =F64-E64 -> 349.896 | H64: =G64+'[3]6'!H64 -> 2534.32 | J64: =H64/DAY(B2) -> 362.04571
A65: 12th Floor | D65: KWh | E65: ='[3]6'!F65 -> 87506.175 | F65: 87898.743 | G65: =F65-E65 -> 392.568 | H65: =G65+'[3]6'!H65 -> 2739.48 | J65: =H65/DAY(B2) -> 391.35429
