Workbook

Sheet TOTAL
A1: Site Name | B1: Day | C1: Month | D1: Year | E1: Total Electricity Kwh | F1: Electricity Tariff ($/Kwh) | G1: LPG (Kg) | H1: LPG $/Kg | I1: Water Utility Supply (m3) m3 | J1: Water Utility Supply (m3) $/m3 | K1: Room Nights
A2: Seychelles at Desroches Island | B2: 1 | C2: 1 | D2: 2021 | E2: =Submetering!E2+Submetering!F2+Submetering!G2+Submetering!H2+Submetering!J2-Submetering!AV2 -> 9650 | F2: 0.5876503 | G2: =(Submetering!AX2+Submetering!AY2+Submetering!AZ2+Submetering!BA2+Submetering!BB2) -> #REF! | H2: 0.99 | I2: ='FS Desroches Daily'!CM4 -> 48.9 | J2: 10.487298 | K2: ='FS Desroches Daily'!CN4 -> 0
A3: Seychelles at Desroches Island | B3: =B2+1 -> 2 | C3: 1 | D3: 2021 | E3: =Submetering!E3+Submetering!F3+Submetering!G3+Submetering!H3+Submetering!J3-Submetering!AV3 -> 9620 | F3: =F2 -> 0.5876503 | G3: =(Submetering!AX3+Submetering!AY3+Submetering!AZ3+Submetering!BA3+Submetering!BB3) -> #REF! | H3: =H2 -> 0.99 | I3: ='FS Desroches Daily'!CM5 -> 62.2 | J3: =J2 -> 10.487298 | K3: ='FS Desroches Daily'!CN5 -> 0
A4: Seychelles at Desroches Island | B4: =B3+1 -> 3 | C4: 1 | D4: 2021 | E4: =Submetering!E4+Submetering!F4+Submetering!G4+Submetering!H4+Submetering!J4-Submetering!AV4 -> #VALUE! | F4: =F3 -> 0.5876503 | G4: =(Submetering!AX4+Submetering!AY4+Submetering!AZ4+Submetering!BA4+Submetering!BB4) -> 0 | H4: =H3 -> 0.99 | I4: ='FS Desroches Daily'!CM6 -> #VALUE! | J4: =J3 -> 10.487298 | K4: ='FS Desroches Daily'!CN6 -> 0
A5: Seychelles at Desroches Island | B5: =B4+1 -> 4 | C5: 1 | D5: 2021 | E5: =Submetering!E5+Submetering!F5+Submetering!G5+Submetering!H5+Submetering!J5-Submetering!AV5 -> 0 | F5: =F4 -> 0.5876503 | G5: =(Submetering!AX5+Submetering!AY5+Submetering!AZ5+Submetering!BA5+Submetering!BB5) -> 0 | H5: =H4 -> 0.99 | I5: ='FS Desroches Daily'!CM7 -> 0 | J5: =J4 -> 10.487298 | K5: ='FS Desroches Daily'!CN7 -> 0
A6: Seychelles at Desroches Island | B6: =B5+1 -> 5 | C6: 1 | D6: 2021 | E6: =Submetering!E6+Submetering!F6+Submetering!G6+Submetering!H6+Submetering!J6-Submetering!AV6 -> 0 | F6: =F5 -> 0.5876503 | G6: =(Submetering!AX6+Submetering!AY6+Submetering!AZ6+Submetering!BA6+Submetering!BB6) -> 0 | H6: =H5 -> 0.99 | I6: ='FS Desroches Daily'!CM8 -> 0 | J6: =J5 -> 10.487298 | K6: ='FS Desroches Daily'!CN8 -> 0
A7: Seychelles at Desroches Island | B7: =B6+1 -> 6 | C7: 1 | D7: 2021 | E7: =Submetering!E7+Submetering!F7+Submetering!G7+Submetering!H7+Submetering!J7-Submetering!AV7 -> 0 | F7: =F6 -> 0.5876503 | G7: =(Submetering!AX7+Submetering!AY7+Submetering!AZ7+Submetering!BA7+Submetering!BB7) -> 0 | H7: =H6 -> 0.99 | I7: ='FS Desroches Daily'!CM9 -> 0 | J7: =J6 -> 10.487298 | K7: ='FS Desroches Daily'!CN9 -> 0
A8: Seychelles at Desroches Island | B8: =B7+1 -> 7 | C8: 1 | D8: 2021 | E8: =Submetering!E8+Submetering!F8+Submetering!G8+Submetering!H8+Submetering!J8-Submetering!AV8 -> 0 | F8: =F7 -> 0.5876503 | G8: =(Submetering!AX8+Submetering!AY8+Submetering!AZ8+Submetering!BA8+Submetering!BB8) -> 0 | H8: =H7 -> 0.99 | I8: ='FS Desroches Daily'!CM10 -> 0 | J8: =J7 -> 10.487298 | K8: ='FS Desroches Daily'!CN10 -> 0
A9: Seychelles at Desroches Island | B9: =B8+1 -> 8 | C9: 1 | D9: 2021 | E9: =Submetering!E9+Submetering!F9+Submetering!G9+Submetering!H9+Submetering!J9-Submetering!AV9 -> 0 | F9: =F8 -> 0.5876503 | G9: =(Submetering!AX9+Submetering!AY9+Submetering!AZ9+Submetering!BA9+Submetering!BB9) -> 0 | H9: =H8 -> 0.99 | I9: ='FS Desroches Daily'!CM11 -> 0 | J9: =J8 -> 10.487298 | K9: ='FS Desroches Daily'!CN11 -> 0
A10: Seychelles at Desroches Island | B10: =B9+1 -> 9 | C10: 1 | D10: 2021 | E10: =Submetering!E10+Submetering!F10+Submetering!G10+Submetering!H10+Submetering!J10-Submetering!AV10 -> 0 | F10: =F9 -> 0.5876503 | G10: =(Submetering!AX10+Submetering!AY10+Submetering!AZ10+Submetering!BA10+Submetering!BB10) -> 0 | H10: =H9 -> 0.99 | I10: ='FS Desroches Daily'!CM12 -> 0 | J10: =J9 -> 10.487298 | K10: ='FS Desroches Daily'!CN12 -> 0
A11: Seychelles at Desroches Island | B11: =B10+1 -> 10 | C11: 1 | D11: 2021 | E11: =Submetering!E11+Submetering!F11+Submetering!G11+Submetering!H11+Submetering!J11-Submetering!AV11 -> 0 | F11: =F10 -> 0.5876503 | G11: =(Submetering!AX11+Submetering!AY11+Submetering!AZ11+Submetering!BA11+Submetering!BB11) -> 0 | H11: =H10 -> 0.99 | I11: ='FS Desroches Daily'!CM13 -> 0 | J11: =J10 -> 10.487298 | K11: ='FS Desroches Daily'!CN13 -> 0
A12: Seychelles at Desroches Island | B12: =B11+1 -> 11 | C12: 1 | D12: 2021 | E12: =Submetering!E12+Submetering!F12+Submetering!G12+Submetering!H12+Submetering!J12-Submetering!AV12 -> 0 | F12: =F11 -> 0.5876503 | G12: =(Submetering!AX12+Submetering!AY12+Submetering!AZ12+Submetering!BA12+Submetering!BB12) -> 0 | H12: =H11 -> 0.99 | I12: ='FS Desroches Daily'!CM14 -> 0 | J12: =J11 -> 10.487298 | K12: ='FS Desroches Daily'!CN14 -> 0
A13: Seychelles at Desroches Island | B13: =B12+1 -> 12 | C13: 1 | D13: 2021 | E13: =Submetering!E13+Submetering!F13+Submetering!G13+Submetering!H13+Submetering!J13-Submetering!AV13 -> 0 | F13: =F12 -> 0.5876503 | G13: =(Submetering!AX13+Submetering!AY13+Submetering!AZ13+Submetering!BA13+Submetering!BB13) -> 0 | H13: =H12 -> 0.99 | I13: ='FS Desroches Daily'!CM15 -> 0 | J13: =J12 -> 10.487298 | K13: ='FS Desroches Daily'!CN15 -> 0
A14: Seychelles at Desroches Island | B14: =B13+1 -> 13 | C14: 1 | D14: 2021 | E14: =Submetering!E14+Submetering!F14+Submetering!G14+Submetering!H14+Submetering!J14-Submetering!AV14 -> 0 | F14: =F13 -> 0.5876503 | G14: =(Submetering!AX14+Submetering!AY14+Submetering!AZ14+Submetering!BA14+Submetering!BB14) -> 0 | H14: =H13 -> 0.99 | I14: ='FS Desroches Daily'!CM16 -> 0 | J14: =J13 -> 10.487298 | K14: ='FS Desroches Daily'!CN16 -> 0
... A32: Seychelles at Desroches Island | B32: =B31+1 -> 31 | C32: 1 | D32: 2021 | E32: =Submetering!E32+Submetering!F32+Submetering!G32+Submetering!H32+Submetering!J32-Submetering!AV32 -> 0 | F32: =F31 -> 0.5876503 | G32: =(Submetering!AX32+Submetering!AY32+Submetering!AZ32+Submetering!BA32+Submetering!BB32) -> 0 | H32: =H31 -> 0.99 | I32: ='FS Desroches Daily'!CM34 -> 0 | J32: =J31 -> 10.487298 | K32: ='FS Desroches Daily'!CN34 -> 0

Sheet Submetering
A1: Site Name | B1: Day | C1: Month | D1: Year | E1: TRF CQ6 -KWh | F1: TRF FQ7 -KWh | G1: MSB BOH Q8 -KWh | H1: EX MAIN Q3 -KWh | I1: TRF DQ2 -KWh | J1: TRF B Q1 -KWh | K1: CANCAN shop -KWh | L1: CANCAN store -KWh | M1: Laundry EQU P D.B -KWh | N1: Laundry lighting -KWh | O1: PANTRY 1 -KWh | P1: PANTRY 2 -KWh | Q1: SPA LIGHT HOUSE -KWh | R1: PANTRY 3 -KWh | S1: PANTRY 4 -KWh | T1: VMC -KWh | U1: VILLA 100/157 -KWh | V1: VILLA 101/158 -KWh | W1: VILLA 102/159 -KWh | X1: VILLA 103/160 -KWh | Y1: VILLA 104/161 -KWh | Z1: VILLA 105/162 -KWh | AA1: VILLA 106/163 -KWh | AB1: VILLA 107/164 -KWh | AC1: VILLA 108/165 -KWh | AD1: VILLA 109/166 -KWh | AE1: VILLA 110 -KWh | AF1: KUMAR&KUMAR -KWh | AG1: BLOCK 15 -KWh | AH1: BLOCK 16 -KWh | AI1: BLOCK 17 -KWh | AJ1: BLOCK 18 -KWh | AK1: BLOCK 19 -KWh | AL1: BLOCK 20 -KWh | AM1: BLOCK 21 -KWh | AN1: BLOCK 22 -KWh | AO1: BLOCK 23 -KWh | AP1: BLOCK 24 -KWh | AQ1: Exhaust Kitchen (Main) -KWh | AR1: Exhaust Kitchen (Breakfast) -KWh | AS1: Exhaust Lighthouse -KWh | AT1: Exhaust Canteen -KWh | AU1: Cold Store -KWh | AV1: RO Plant -KWh | AW1: Water (m3) | AX1: Main kitchen M1 (9598630) - Kg | AY1: Main kitchen M2 (9598611) -Kg | AZ1: Main kitchen M3 (9249533) -Kg | BA1: Lighthouse -Kg | BB1: Canteen -Kg | BC1: Room Nights
A2: Seychelles at Desroches Island | B2: 1 | C2: 1 | D2: 2021 | E2: ='FS Desroches Daily'!D4 -> 3700 | F2: ='FS Desroches Daily'!F4 -> 2300 | G2: ='FS Desroches Daily'!H4 -> 2200 | H2: ='FS Desroches Daily'!J4 -> 1300 | I2: ='FS Desroches Daily'!L4 -> 2200 | J2: ='FS Desroches Daily'!N4 -> 700 | K2: ='FS Desroches Daily'!P4 -> 1 | L2: ='FS Desroches Daily'!R4 -> 10 | M2: ='FS Desroches Daily'!T4 -> 670.5 | N2: ='FS Desroches Daily'!V4 -> 308.5 | O2: ='FS Desroches Daily'!X4 -> 190 | P2: ='FS Desroches Daily'!Z4 -> 2100 | Q2: ='FS Desroches Daily'!AB4 -> 320 | R2: ='FS Desroches Daily'!AD4 -> 150 | S2: ='FS Desroches Daily'!AF4 -> 190 | T2: ='FS Desroches Daily'!AH4 -> 1.2 | U2: ='FS Desroches Daily'!AJ4 -> 1070 | V2: ='FS Desroches Daily'!AL4 -> 150 | W2: ='FS Desroches Daily'!AN4 -> 120 | X2: ='FS Desroches Daily'!AP4 -> 100 | Y2: ='FS Desroches Daily'!AR4 -> 90 | Z2: ='FS Desroches Daily'!AT4 -> 210 | AA2: ='FS Desroches Daily'!AT4 -> 210 | AB2: ='FS Desroches Daily'!AV4 -> 120 | AC2: ='FS Desroches Daily'!AZ4 -> 200 | AD2: ='FS Desroches Daily'!BB4 -> 280 | AE2: ='FS Desroches Daily'!BD4 -> 50 | AF2: ='FS Desroches Daily'!BF4 -> 51 | AG2: ='FS Desroches Daily'!BH4 -> 40 | AH2: ='FS Desroches Daily'!BJ4 -> 50 | AI2: ='FS Desroches Daily'!BL4 -> 30 | AJ2: ='FS Desroches Daily'!BN4 -> 20 | AK2: ='FS Desroches Daily'!BP4 -> 30 | AL2: ='FS Desroches Daily'!BR4 -> 17 | AM2: ='FS Desroches Daily'!BT4 -> 30 | AN2: ='FS Desroches Daily'!BV4 -> 30 | AO2: ='FS Desroches Daily'!BX4 -> 20 | AP2: ='FS Desroches Daily'!BZ4 -> 30 | AQ2: ='FS Desroches Daily'!CB4 -> 40.8 | AR2: ='FS Desroches Daily'!CD4 -> 0 | AS2: ='FS Desroches Daily'!CF4 -> 6.7 | AT2: ='FS Desroches Daily'!CH4 -> 39.8 | AU2: ='FS Desroches Daily'!CJ4 -> 245 | AV2: ='FS Desroches Daily'!CL4 -> 550 | AW2: ='FS Desroches Daily'!CM4 -> 48.9 | AX2: =IF(LPG!#REF!-LPG!F8<0,"0",(LPG!#REF!-LPG!F8)*1.8315) -> #REF! | AY2: =IF(LPG!H9-LPG!H8<0,"0",(LPG!H9-LPG!H8)*1.8315) -> 0 | AZ2: =IF(LPG!J9-LPG!J8<0,"0",(LPG!J9-LPG!J8)*1.8315) -> 0 | BA2: =IF(LPG!M9-LPG!M8<0,"0",(LPG!M9-LPG!M8)*1.8315) -> 3.663 | BB2: =IF(LPG!Q9-LPG!Q8<0,"0",(LPG!Q9-LPG!Q8)*1.8315) -> 5.4945 | BC2: ='FS Desroches Daily'!CN4 -> 0
A3: Seychelles at Desroches Island | B3: =B2+1 -> 2 | C3: 1 | D3: 2021 | E3: ='FS Desroches Daily'!D5 -> 3500 | F3: ='FS Desroches Daily'!F5 -> 2000 | G3: ='FS Desroches Daily'!H5 -> 2700 | H3: ='FS Desroches Daily'!J5 -> 1300 | I3: ='FS Desroches Daily'!L5 -> 2500 | J3: ='FS Desroches Daily'!N5 -> 800 | K3: ='FS Desroches Daily'!P5 -> 1 | L3: ='FS Desroches Daily'!R5 -> 11 | M3: ='FS Desroches Daily'!T5 -> 667.5 | N3: ='FS Desroches Daily'!V5 -> 282 | O3: ='FS Desroches Daily'!X6 | P3: ='FS Desroches Daily'!Z5 -> 1700 | Q3: ='FS Desroches Daily'!AB5 -> 340 | R3: ='FS Desroches Daily'!AD5 -> 180 | S3: ='FS Desroches Daily'!AF5 -> 180 | T3: ='FS Desroches Daily'!AH5 -> 1.7 | U3: ='FS Desroches Daily'!AJ5 -> 1160 | V3: ='FS Desroches Daily'!AL5 -> 190 | W3: ='FS Desroches Daily'!AN5 -> 130 | X3: ='FS Desroches Daily'!AP5 -> 130 | Y3: ='FS Desroches Daily'!AR5 -> 120 | Z3: ='FS Desroches Daily'!AT5 -> 250 | AA3: ='FS Desroches Daily'!AT5 -> 250 | AB3: ='FS Desroches Daily'!AV5 -> 130 | AC3: ='FS Desroches Daily'!AZ5 -> 240 | AD3: ='FS Desroches Daily'!BB5 -> 330 | AE3: ='FS Desroches Daily'!BD5 -> 50 | AF3: ='FS Desroches Daily'!BF5 -> 30 | AG3: ='FS Desroches Daily'!BH5 -> 30 | AH3: ='FS Desroches Daily'!BJ5 -> 40 | AI3: ='FS Desroches Daily'!BL5 -> 20 | AJ3: ='FS Desroches Daily'!BN5 -> 30 | AK3: ='FS Desroches Daily'!BP5 -> 30 | AL3: ='FS Desroches Daily'!BR5 -> 19 | AM3: ='FS Desroches Daily'!BT5 -> 20 | AN3: ='FS Desroches Daily'!BV5 -> 36 | AO3: ='FS Desroches Daily'!BX5 -> 30 | AP3: ='FS Desroches Daily'!BZ5 -> 30 | AQ3: ='FS Desroches Daily'!CB5 -> 21.6 | AR3: ='FS Desroches Daily'!CD5 -> 0 | AS3: ='FS Desroches Daily'!CF5 -> 8.4 | AT3: ='FS Desroches Daily'!CH5 -> 54.6 | AU3: ='FS Desroches Daily'!CJ5 -> 284 | AV3: ='FS Desroches Daily'!CL5 -> 680 | AW3: ='FS Desroches Daily'!CM5 -> 62.2 | AX3: =IF(LPG!F10-LPG!#REF!<0,"0",(LPG!F10-LPG!#REF!)*1.8315) -> #REF! | AY3: =IF(LPG!H10-LPG!H9<0,"0",(LPG!H10-LPG!H9)*1.8315) -> 0 | AZ3: =IF(LPG!J10-LPG!J9<0,"0",(LPG!J10-LPG!J9)*1.8315) -> 0 | BA3: =IF(LPG!M10-LPG!M9<0,"0",(LPG!M10-LPG!M9)*1.8315) -> 1.8315 | BB3: =IF(LPG!Q10-LPG!Q9<0,"0",(LPG!Q10-LPG!Q9)*1.8315) -> 5.4945 | BC3: ='FS Desroches Daily'!CN5 -> 0
A4: Seychelles at Desroches Island | B4: =B3+1 -> 3 | C4: 1 | D4: 2021 | E4: ='FS Desroches Daily'!D6 -> 0 | F4: ='FS Desroches Daily'!F6 -> 0 | G4: ='FS Desroches Daily'!H6 -> 0 | H4: ='FS Desroches Daily'!J6 -> 0 | I4: ='FS Desroches Daily'!L6 -> 0 | J4: ='FS Desroches Daily'!N6 | K4: ='FS Desroches Daily'!P6 | L4: ='FS Desroches Daily'!R6 | M4: ='FS Desroches Daily'!T6 | N4: ='FS Desroches Daily'!V6 | O4: ='FS Desroches Daily'!X7 -> 0 | P4: ='FS Desroches Daily'!Z6 | Q4: ='FS Desroches Daily'!AB6 | R4: ='FS Desroches Daily'!AD6 | S4: ='FS Desroches Daily'!AF6 | T4: ='FS Desroches Daily'!AH6 | U4: ='FS Desroches Daily'!AJ6 | V4: ='FS Desroches Daily'!AL6 | W4: ='FS Desroches Daily'!AN6 | X4: ='FS Desroches Daily'!AP6 | Y4: ='FS Desroches Daily'!AR6 | Z4: ='FS Desroches Daily'!AT6 | AA4: ='FS Desroches Daily'!AT6 | AB4: ='FS Desroches Daily'!AV6 | AC4: ='FS Desroches Daily'!AZ6 | AD4: ='FS Desroches Daily'!BB6 | AE4: ='FS Desroches Daily'!BD6 | AF4: ='FS Desroches Daily'!BF6 | AG4: ='FS Desroches Daily'!BH6 | AH4: ='FS Desroches Daily'!BJ6 | AI4: ='FS Desroches Daily'!BL6 | AJ4: ='FS Desroches Daily'!BN6 | AK4: ='FS Desroches Daily'!BP6 | AL4: ='FS Desroches Daily'!BR6 | AM4: ='FS Desroches Daily'!BT6 | AN4: ='FS Desroches Daily'!BV6 | AO4: ='FS Desroches Daily'!BX6 | AP4: ='FS Desroches Daily'!BZ6 | AQ4: ='FS Desroches Daily'!CB6 | AR4: ='FS Desroches Daily'!CD6 | AS4: ='FS Desroches Daily'!CF6 | AT4: ='FS Desroches Daily'!CH6 | AU4: ='FS Desroches Daily'!CJ6 | AV4: ='FS Desroches Daily'!CL6 | AW4: ='FS Desroches Daily'!CM6 -> #VALUE! | AX4: =IF(LPG!F11-LPG!F10<0,"0",(LPG!F11-LPG!F10)*1.8315) -> 0 | AY4: =IF(LPG!H11-LPG!H10<0,"0",(LPG!H11-LPG!H10)*1.8315) -> 0 | AZ4: =IF(LPG!J13-LPG!J10<0,"0",(LPG!J13-LPG!J10)*1.8315) -> 0 | BA4: =IF(LPG!M11-LPG!M10<0,"0",(LPG!M11-LPG!M10)*1.8315) -> 0 | BB4: =IF(LPG!Q11-LPG!Q10<0,"0",(LPG!Q11-LPG!Q10)*1.8315) -> 0 | BC4: ='FS Desroches Daily'!CN6 -> 0
A5: Seychelles at Desroches Island | B5: =B4+1 -> 4 | C5: 1 | D5: 2021 | E5: ='FS Desroches Daily'!D7 -> 0 | F5: ='FS Desroches Daily'!F7 -> 0 | G5: ='FS Desroches Daily'!H7 -> 0 | H5: ='FS Desroches Daily'!J7 -> 0 | I5: ='FS Desroches Daily'!L7 -> 0 | J5: ='FS Desroches Daily'!N7 -> 0 | K5: ='FS Desroches Daily'!P7 -> 0 | L5: ='FS Desroches Daily'!R7 -> 0 | M5: ='FS Desroches Daily'!T7 -> 0 | N5: ='FS Desroches Daily'!V7 -> 0 | O5: ='FS Desroches Daily'!X8 -> 0 | P5: ='FS Desroches Daily'!Z7 -> 0 | Q5: ='FS Desroches Daily'!AB7 -> 0 | R5: ='FS Desroches Daily'!AD7 -> 0 | S5: ='FS Desroches Daily'!AF7 -> 0 | T5: ='FS Desroches Daily'!AH7 -> 0 | U5: ='FS Desroches Daily'!AJ7 -> 0 | V5: ='FS Desroches Daily'!AL7 -> 0 | W5: ='FS Desroches Daily'!AN7 -> 0 | X5: ='FS Desroches Daily'!AP7 -> 0 | Y5: ='FS Desroches Daily'!AR7 -> 0 | Z5: ='FS Desroches Daily'!AT7 -> 0 | AA5: ='FS Desroches Daily'!AT7 -> 0 | AB5: ='FS Desroches Daily'!AV7 -> 0 | AC5: ='FS Desroches Daily'!AZ7 -> 0 | AD5: ='FS Desroches Daily'!BB7 -> 0 | AE5: ='FS Desroches Daily'!BD7 -> 0 | AF5: ='FS Desroches Daily'!BF7 -> 0 | AG5: ='FS Desroches Daily'!BH7 -> 0 | AH5: ='FS Desroches Daily'!BJ7 -> 0 | AI5: ='FS Desroches Daily'!BL7 -> 0 | AJ5: ='FS Desroches Daily'!BN7 -> 0 | AK5: ='FS Desroches Daily'!BP7 -> 0 | AL5: ='FS Desroches Daily'!BR7 -> 0 | AM5: ='FS Desroches Daily'!BT7 -> 0 | AN5: ='FS Desroches Daily'!BV7 -> 0 | AO5: ='FS Desroches Daily'!BX7 -> 0 | AP5: ='FS Desroches Daily'!BZ7 -> 0 | AQ5: ='FS Desroches Daily'!CB7 -> 0 | AR5: ='FS Desroches Daily'!CD7 -> 0 | AS5: ='FS Desroches Daily'!CF7 -> 0 | AT5: ='FS Desroches Daily'!CH7 -> 0 | AU5: ='FS Desroches Daily'!CJ7 -> 0 | AV5: ='FS Desroches Daily'!CL7 -> 0 | AW5: ='FS Desroches Daily'!CM7 -> 0 | AX5: =IF(LPG!F12-LPG!F11<0,"0",(LPG!F12-LPG!F11)*1.8315) -> 0 | AY5: =IF(LPG!H12-LPG!H11<0,"0",(LPG!H12-LPG!H11)*1.8315) -> 0 | AZ5: =IF(LPG!J12-LPG!J13<0,"0",(LPG!J12-LPG!J13)*1.8315) -> 0 | BA5: =IF(LPG!M12-LPG!M11<0,"0",(LPG!M12-LPG!M11)*1.8315) -> 0 | BB5: =IF(LPG!Q12-LPG!Q11<0,"0",(LPG!Q12-LPG!Q11)*1.8315) -> 0 | BC5: ='FS Desroches Daily'!CN7 -> 0
A6: Seychelles at Desroches Island | B6: =B5+1 -> 5 | C6: 1 | D6: 2021 | E6: ='FS Desroches Daily'!D8 -> 0 | F6: ='FS Desroches Daily'!F8 -> 0 | G6: ='FS Desroches Daily'!H8 -> 0 | H6: ='FS Desroches Daily'!J8 -> 0 | I6: ='FS Desroches Daily'!L8 -> 0 | J6: ='FS Desroches Daily'!N8 -> 0 | K6: ='FS Desroches Daily'!P8 -> 0 | L6: ='FS Desroches Daily'!R8 -> 0 | M6: ='FS Desroches Daily'!T8 -> 0 | N6: ='FS Desroches Daily'!V8 -> 0 | O6: ='FS Desroches Daily'!X8 -> 0 | P6: ='FS Desroches Daily'!Z8 -> 0 | Q6: ='FS Desroches Daily'!AB8 -> 0 | R6: ='FS Desroches Daily'!AD8 -> 0 | S6: ='FS Desroches Daily'!AF8 -> 0 | T6: ='FS Desroches Daily'!AH8 -> 0 | U6: ='FS Desroches Daily'!AJ8 -> 0 | V6: ='FS Desroches Daily'!AL8 -> 0 | W6: ='FS Desroches Daily'!AN8 -> 0 | X6: ='FS Desroches Daily'!AP8 -> 0 | Y6: ='FS Desroches Daily'!AR8 -> 0 | Z6: ='FS Desroches Daily'!AT8 -> 0 | AA6: ='FS Desroches Daily'!AT8 -> 0 | AB6: ='FS Desroches Daily'!AV8 -> 0 | AC6: ='FS Desroches Daily'!AZ8 -> 0 | AD6: ='FS Desroches Daily'!BB8 -> 0 | AE6: ='FS Desroches Daily'!BD8 -> 0 | AF6: ='FS Desroches Daily'!BF8 -> 0 | AG6: ='FS Desroches Daily'!BH8 -> 0 | AH6: ='FS Desroches Daily'!BJ8 -> 0 | AI6: ='FS Desroches Daily'!BL8 -> 0 | AJ6: ='FS Desroches Daily'!BN8 -> 0 | AK6: ='FS Desroches Daily'!BP8 -> 0 | AL6: ='FS Desroches Daily'!BR8 -> 0 | AM6: ='FS Desroches Daily'!BT8 -> 0 | AN6: ='FS Desroches Daily'!BV8 -> 0 | AO6: ='FS Desroches Daily'!BX8 -> 0 | AP6: ='FS Desroches Daily'!BZ8 -> 0 | AQ6: ='FS Desroches Daily'!CB8 -> 0 | AR6: ='FS Desroches Daily'!CD8 -> 0 | AS6: ='FS Desroches Daily'!CF8 -> 0 | AT6: ='FS Desroches Daily'!CH8 -> 0 | AU6: ='FS Desroches Daily'!CJ8 -> 0 | AV6: ='FS Desroches Daily'!CL8 -> 0 | AW6: ='FS Desroches Daily'!CM8 -> 0 | AX6: =IF(LPG!F13-LPG!F12<0,"0",(LPG!F13-LPG!F12)*1.8315) -> 0 | AY6: =IF(LPG!H13-LPG!H12<0,"0",(LPG!H13-LPG!H12)*1.8315) -> 0 | AZ6: 0 | BA6: =IF(LPG!M13-LPG!M12<0,"0",(LPG!M13-LPG!M12)*1.8315) -> 0 | BB6: =IF(LPG!Q13-LPG!Q12<0,"0",(LPG!Q13-LPG!Q12)*1.8315) -> 0 | BC6: ='FS Desroches Daily'!CN8 -> 0
A7: Seychelles at Desroches Island | B7: =B6+1 -> 6 | C7: 1 | D7: 2021 | E7: ='FS Desroches Daily'!D9 -> 0 | F7: ='FS Desroches Daily'!F9 -> 0 | G7: ='FS Desroches Daily'!H9 -> 0 | H7: ='FS Desroches Daily'!J9 -> 0 | I7: ='FS Desroches Daily'!L9 -> 0 | J7: ='FS Desroches Daily'!N9 -> 0 | K7: ='FS Desroches Daily'!P9 -> 0 | L7: ='FS Desroches Daily'!R9 -> 0 | M7: ='FS Desroches Daily'!T9 -> 0 | N7: ='FS Desroches Daily'!V9 -> 0 | O7: ='FS Desroches Daily'!X9 -> 0 | P7: ='FS Desroches Daily'!Z9 -> 0 | Q7: ='FS Desroches Daily'!AB9 -> 0 | R7: ='FS Desroches Daily'!AD9 -> 0 | S7: ='FS Desroches Daily'!AF9 -> 0 | T7: ='FS Desroches Daily'!AH9 -> 0 | U7: ='FS Desroches Daily'!AJ9 -> 0 | V7: ='FS Desroches Daily'!AL9 -> 0 | W7: ='FS Desroches Daily'!AN9 -> 0 | X7: ='FS Desroches Daily'!AP9 -> 0 | Y7: ='FS Desroches Daily'!AR9 -> 0 | Z7: ='FS Desroches Daily'!AT9 -> 0 | AA7: ='FS Desroches Daily'!AT9 -> 0 | AB7: ='FS Desroches Daily'!AV9 -> 0 | AC7: ='FS Desroches Daily'!AZ9 -> 0 | AD7: ='FS Desroches Daily'!BB9 -> 0 | AE7: ='FS Desroches Daily'!BD9 -> 0 | AF7: ='FS Desroches Daily'!BF9 -> 0 | AG7: ='FS Desroches Daily'!BH9 -> 0 | AH7: ='FS Desroches Daily'!BJ9 -> 0 | AI7: ='FS Desroches Daily'!BL9 -> 0 | AJ7: ='FS Desroches Daily'!BN9 -> 0 | AK7: ='FS Desroches Daily'!BP9 -> 0 | AL7: ='FS Desroches Daily'!BR9 -> 0 | AM7: ='FS Desroches Daily'!BT9 -> 0 | AN7: ='FS Desroches Daily'!BV9 -> 0 | AO7: ='FS Desroches Daily'!BX9 -> 0 | AP7: ='FS Desroches Daily'!BZ9 -> 0 | AQ7: ='FS Desroches Daily'!CB9 -> 0 | AR7: ='FS Desroches Daily'!CD9 -> 0 | AS7: ='FS Desroches Daily'!CF9 -> 0 | AT7: ='FS Desroches Daily'!CH9 -> 0 | AU7: ='FS Desroches Daily'!CJ9 -> 0 | AV7: ='FS Desroches Daily'!CL9 -> 0 | AW7: ='FS Desroches Daily'!CM9 -> 0 | AX7: =IF(LPG!F14-LPG!F13<0,"0",(LPG!F14-LPG!F13)*1.8315) -> 0 | AY7: =IF(LPG!H14-LPG!H13<0,"0",(LPG!H14-LPG!H13)*1.8315) -> 0 | AZ7: 0 | BA7: =IF(LPG!M14-LPG!M13<0,"0",(LPG!M14-LPG!M13)*1.8315) -> 0 | BB7: =IF(LPG!Q14-LPG!Q13<0,"0",(LPG!Q14-LPG!Q13)*1.8315) -> 0 | BC7: ='FS Desroches Daily'!CN9 -> 0
A8: Seychelles at Desroches Island | B8: =B7+1 -> 7 | C8: 1 | D8: 2021 | E8: ='FS Desroches Daily'!D10 -> 0 | F8: ='FS Desroches Daily'!F10 -> 0 | G8: ='FS Desroches Daily'!H10 -> 0 | H8: ='FS Desroches Daily'!J10 -> 0 | I8: ='FS Desroches Daily'!L10 -> 0 | J8: ='FS Desroches Daily'!N10 -> 0 | K8: ='FS Desroches Daily'!P10 -> 0 | L8: ='FS Desroches Daily'!R10 -> 0 | M8: ='FS Desroches Daily'!T10 -> 0 | N8: ='FS Desroches Daily'!V10 -> 0 | O8: ='FS Desroches Daily'!X10 -> 0 | P8: ='FS Desroches Daily'!Z10 -> 0 | Q8: ='FS Desroches Daily'!AB10 -> 0 | R8: ='FS Desroches Daily'!AD10 -> 0 | S8: ='FS Desroches Daily'!AF10 -> 0 | T8: ='FS Desroches Daily'!AH10 -> 0 | U8: ='FS Desroches Daily'!AJ10 -> 0 | V8: ='FS Desroches Daily'!AL10 -> 0 | W8: ='FS Desroches Daily'!AN10 -> 0 | X8: ='FS Desroches Daily'!AP10 -> 0 | Y8: ='FS Desroches Daily'!AR10 -> 0 | Z8: ='FS Desroches Daily'!AT10 -> 0 | AA8: ='FS Desroches Daily'!AT10 -> 0 | AB8: ='FS Desroches Daily'!AV10 -> 0 | AC8: ='FS Desroches Daily'!AZ10 -> 0 | AD8: ='FS Desroches Daily'!BB10 -> 0 | AE8: ='FS Desroches Daily'!BD10 -> 0 | AF8: ='FS Desroches Daily'!BF10 -> 0 | AG8: ='FS Desroches Daily'!BH10 -> 0 | AH8: ='FS Desroches Daily'!BJ10 -> 0 | AI8: ='FS Desroches Daily'!BL10 -> 0 | AJ8: ='FS Desroches Daily'!BN10 -> 0 | AK8: ='FS Desroches Daily'!BP10 -> 0 | AL8: ='FS Desroches Daily'!BR10 -> 0 | AM8: ='FS Desroches Daily'!BT10 -> 0 | AN8: ='FS Desroches Daily'!BV10 -> 0 | AO8: ='FS Desroches Daily'!BX10 -> 0 | AP8: ='FS Desroches Daily'!BZ10 -> 0 | AQ8: ='FS Desroches Daily'!CB10 -> 0 | AR8: ='FS Desroches Daily'!CD10 -> 0 | AS8: ='FS Desroches Daily'!CF10 -> 0 | AT8: ='FS Desroches Daily'!CH10 -> 0 | AU8: ='FS Desroches Daily'!CJ10 -> 0 | AV8: ='FS Desroches Daily'!CL10 -> 0 | AW8: ='FS Desroches Daily'!CM10 -> 0 | AX8: =IF(LPG!F16-LPG!F14<0,"0",(LPG!F16-LPG!F14)*1.8315) -> 0 | AY8: =IF(LPG!H16-LPG!H14<0,"0",(LPG!H16-LPG!H14)*1.8315) -> 0 | AZ8: =IF(LPG!J16-LPG!J14<0,"0",(LPG!J16-LPG!J14)*1.8315) -> 0 | BA8: =IF(LPG!M16-LPG!M14<0,"0",(LPG!M16-LPG!M14)*1.8315) -> 0 | BB8: =IF(LPG!Q15-LPG!Q14<0,"0",(LPG!Q15-LPG!Q14)*1.8315) -> 0 | BC8: ='FS Desroches Daily'!CN10 -> 0
A9: Seychelles at Desroches Island | B9: =B8+1 -> 8 | C9: 1 | D9: 2021 | E9: ='FS Desroches Daily'!D11 -> 0 | F9: ='FS Desroches Daily'!F11 -> 0 | G9: ='FS Desroches Daily'!H11 -> 0 | H9: ='FS Desroches Daily'!J11 -> 0 | I9: ='FS Desroches Daily'!L11 -> 0 | J9: ='FS Desroches Daily'!N11 -> 0 | K9: ='FS Desroches Daily'!P11 -> 0 | L9: ='FS Desroches Daily'!R11 -> 0 | M9: ='FS Desroches Daily'!T11 -> 0 | N9: ='FS Desroches Daily'!V11 -> 0 | O9: ='FS Desroches Daily'!X11 -> 0 | P9: ='FS Desroches Daily'!Z11 -> 0 | Q9: ='FS Desroches Daily'!AB11 -> 0 | R9: ='FS Desroches Daily'!AD11 -> 0 | S9: ='FS Desroches Daily'!AF11 -> 0 | T9: ='FS Desroches Daily'!AH11 -> 0 | U9: ='FS Desroches Daily'!AJ11 -> 0 | V9: ='FS Desroches Daily'!AL11 -> 0 | W9: ='FS Desroches Daily'!AN11 -> 0 | X9: ='FS Desroches Daily'!AP11 -> 0 | Y9: ='FS Desroches Daily'!AR11 -> 0 | Z9: ='FS Desroches Daily'!AT11 -> 0 | AA9: ='FS Desroches Daily'!AT11 -> 0 | AB9: ='FS Desroches Daily'!AV11 -> 0 | AC9: ='FS Desroches Daily'!AZ11 -> 0 | AD9: ='FS Desroches Daily'!BB11 -> 0 | AE9: ='FS Desroches Daily'!BD11 -> 0 | AF9: ='FS Desroches Daily'!BF11 -> 0 | AG9: ='FS Desroches Daily'!BH11 -> 0 | AH9: ='FS Desroches Daily'!BJ11 -> 0 | AI9: ='FS Desroches Daily'!BL11 -> 0 | AJ9: ='FS Desroches Daily'!BN11 -> 0 | AK9: ='FS Desroches Daily'!BP11 -> 0 | AL9: ='FS Desroches Daily'!BR11 -> 0 | AM9: ='FS Desroches Daily'!BT11 -> 0 | AN9: ='FS Desroches Daily'!BV11 -> 0 | AO9: ='FS Desroches Daily'!BX11 -> 0 | AP9: ='FS Desroches Daily'!BZ11 -> 0 | AQ9: ='FS Desroches Daily'!CB11 -> 0 | AR9: ='FS Desroches Daily'!CD11 -> 0 | AS9: ='FS Desroches Daily'!CF11 -> 0 | AT9: ='FS Desroches Daily'!CH11 -> 0 | AU9: ='FS Desroches Daily'!CJ11 -> 0 | AV9: ='FS Desroches Daily'!CL11 -> 0 | AW9: ='FS Desroches Daily'!CM11 -> 0 | AX9: =IF(LPG!F17-LPG!F15<0,"0",(LPG!F17-LPG!F15)*1.8315) -> 0 | AY9: =IF(LPG!H17-LPG!H15<0,"0",(LPG!H17-LPG!H15)*1.8315) -> 0 | AZ9: =IF(LPG!J17-LPG!J15<0,"0",(LPG!J17-LPG!J15)*1.8315) -> 0 | BA9: =IF(LPG!M17-LPG!M15<0,"0",(LPG!M17-LPG!M15)*1.8315) -> 0 | BB9: =IF(LPG!Q16-LPG!Q15<0,"0",(LPG!Q16-LPG!Q15)*1.8315) -> 0 | BC9: ='FS Desroches Daily'!CN11 -> 0
A10: Seychelles at Desroches Island | B10: =B9+1 -> 9 | C10: 1 | D10: 2021 | E10: ='FS Desroches Daily'!D12 -> 0 | F10: ='FS Desroches Daily'!F12 -> 0 | G10: ='FS Desroches Daily'!H12 -> 0 | H10: ='FS Desroches Daily'!J12 -> 0 | I10: ='FS Desroches Daily'!L12 -> 0 | J10: ='FS Desroches Daily'!N12 -> 0 | K10: ='FS Desroches Daily'!P12 -> 0 | L10: ='FS Desroches Daily'!R12 -> 0 | M10: ='FS Desroches Daily'!T12 -> 0 | N10: ='FS Desroches Daily'!V12 -> 0 | O10: ='FS Desroches Daily'!X12 -> 0 | P10: ='FS Desroches Daily'!Z12 -> 0 | Q10: ='FS Desroches Daily'!AB12 -> 0 | R10: ='FS Desroches Daily'!AD12 -> 0 | S10: ='FS Desroches Daily'!AF12 -> 0 | T10: ='FS Desroches Daily'!AH12 -> 0 | U10: ='FS Desroches Daily'!AJ12 -> 0 | V10: ='FS Desroches Daily'!AL12 -> 0 | W10: ='FS Desroches Daily'!AN12 -> 0 | X10: ='FS Desroches Daily'!AP12 -> 0 | Y10: ='FS Desroches Daily'!AR12 -> 0 | Z10: ='FS Desroches Daily'!AT12 -> 0 | AA10: ='FS Desroches Daily'!AT12 -> 0 | AB10: ='FS Desroches Daily'!AV12 -> 0 | AC10: ='FS Desroches Daily'!AZ12 -> 0 | AD10: ='FS Desroches Daily'!BB12 -> 0 | AE10: ='FS Desroches Daily'!BD12 -> 0 | AF10: ='FS Desroches Daily'!BF12 -> 0 | AG10: ='FS Desroches Daily'!BH12 -> 0 | AH10: ='FS Desroches Daily'!BJ12 -> 0 | AI10: ='FS Desroches Daily'!BL12 -> 0 | AJ10: ='FS Desroches Daily'!BN12 -> 0 | AK10: ='FS Desroches Daily'!BP12 -> 0 | AL10: ='FS Desroches Daily'!BR12 -> 0 | AM10: ='FS Desroches Daily'!BT12 -> 0 | AN10: ='FS Desroches Daily'!BV12 -> 0 | AO10: ='FS Desroches Daily'!BX12 -> 0 | AP10: ='FS Desroches Daily'!BZ12 -> 0 | AQ10: ='FS Desroches Daily'!CB12 -> 0 | AR10: ='FS Desroches Daily'!CD12 -> 0 | AS10: ='FS Desroches Daily'!CF12 -> 0 | AT10: ='FS Desroches Daily'!CH12 -> 0 | AU10: ='FS Desroches Daily'!CJ12 -> 0 | AV10: ='FS Desroches Daily'!CL12 -> 0 | AW10: ='FS Desroches Daily'!CM12 -> 0 | AX10: =IF(LPG!F18-LPG!F16<0,"0",(LPG!F18-LPG!F16)*1.8315) -> 0 | AY10: =IF(LPG!H18-LPG!H16<0,"0",(LPG!H18-LPG!H16)*1.8315) -> 0 | AZ10: =IF(LPG!J18-LPG!J16<0,"0",(LPG!J18-LPG!J16)*1.8315) -> 0 | BA10: =IF(LPG!M18-LPG!M16<0,"0",(LPG!M18-LPG!M16)*1.8315) -> 0 | BB10: =IF(LPG!Q17-LPG!Q16<0,"0",(LPG!Q17-LPG!Q16)*1.8315) -> 0 | BC10: ='FS Desroches Daily'!CN12 -> 0
A11: Seychelles at Desroches Island | B11: =B10+1 -> 10 | C11: 1 | D11: 2021 | E11: ='FS Desroches Daily'!D13 -> 0 | F11: ='FS Desroches Daily'!F13 -> 0 | G11: ='FS Desroches Daily'!H13 -> 0 | H11: ='FS Desroches Daily'!J13 -> 0 | I11: ='FS Desroches Daily'!L13 -> 0 | J11: ='FS Desroches Daily'!N13 -> 0 | K11: ='FS Desroches Daily'!P13 -> 0 | L11: ='FS Desroches Daily'!R13 -> 0 | M11: ='FS Desroches Daily'!T13 -> 0 | N11: ='FS Desroches Daily'!V13 -> 0 | O11: ='FS Desroches Daily'!X13 -> 0 | P11: ='FS Desroches Daily'!Z13 -> 0 | Q11: ='FS Desroches Daily'!AB13 -> 0 | R11: ='FS Desroches Daily'!AD13 -> 0 | S11: ='FS Desroches Daily'!AF13 -> 0 | T11: ='FS Desroches Daily'!AH13 -> 0 | U11: ='FS Desroches Daily'!AJ13 -> 0 | V11: ='FS Desroches Daily'!AL13 -> 0 | W11: ='FS Desroches Daily'!AN13 -> 0 | X11: ='FS Desroches Daily'!AP13 -> 0 | Y11: ='FS Desroches Daily'!AR13 -> 0 | Z11: ='FS Desroches Daily'!AT13 -> 0 | AA11: ='FS Desroches Daily'!AT13 -> 0 | AB11: ='FS Desroches Daily'!AV13 -> 0 | AC11: ='FS Desroches Daily'!AZ13 -> 0 | AD11: ='FS Desroches Daily'!BB13 -> 0 | AE11: ='FS Desroches Daily'!BD13 -> 0 | AF11: ='FS Desroches Daily'!BF13 -> 0 | AG11: ='FS Desroches Daily'!BH13 -> 0 | AH11: ='FS Desroches Daily'!BJ13 -> 0 | AI11: ='FS Desroches Daily'!BL13 -> 0 | AJ11: ='FS Desroches Daily'!BN13 -> 0 | AK11: ='FS Desroches Daily'!BP13 -> 0 | AL11: ='FS Desroches Daily'!BR13 -> 0 | AM11: ='FS Desroches Daily'!BT13 -> 0 | AN11: ='FS Desroches Daily'!BV13 -> 0 | AO11: ='FS Desroches Daily'!BX13 -> 0 | AP11: ='FS Desroches Daily'!BZ13 -> 0 | AQ11: ='FS Desroches Daily'!CB13 -> 0 | AR11: ='FS Desroches Daily'!CD13 -> 0 | AS11: ='FS Desroches Daily'!CF13 -> 0 | AT11: ='FS Desroches Daily'!CH13 -> 0 | AU11: ='FS Desroches Daily'!CJ13 -> 0 | AV11: ='FS Desroches Daily'!CL13 -> 0 | AW11: ='FS Desroches Daily'!CM13 -> 0 | AX11: =IF(LPG!F18-LPG!F17<0,"0",(LPG!F18-LPG!F17)*1.8315) -> 0 | AY11: =IF(LPG!H18-LPG!H17<0,"0",(LPG!H18-LPG!H17)*1.8315) -> 0 | AZ11: =IF(LPG!J18-LPG!J17<0,"0",(LPG!J18-LPG!J17)*1.8315) -> 0 | BA11: =IF(LPG!M19-LPG!M17<0,"0",(LPG!M19-LPG!M17)*1.8315) -> 0 | BB11: =IF(LPG!Q18-LPG!Q17<0,"0",(LPG!Q18-LPG!Q17)*1.8315) -> 0 | BC11: ='FS Desroches Daily'!CN13 -> 0
A12: Seychelles at Desroches Island | B12: =B11+1 -> 11 | C12: 1 | D12: 2021 | E12: ='FS Desroches Daily'!D14 -> 0 | F12: ='FS Desroches Daily'!F14 -> 0 | G12: ='FS Desroches Daily'!H14 -> 0 | H12: ='FS Desroches Daily'!J14 -> 0 | I12: ='FS Desroches Daily'!L14 -> 0 | J12: ='FS Desroches Daily'!N14 -> 0 | K12: ='FS Desroches Daily'!P14 -> 0 | L12: ='FS Desroches Daily'!R14 -> 0 | M12: ='FS Desroches Daily'!T14 -> 0 | N12: ='FS Desroches Daily'!V14 -> 0 | O12: ='FS Desroches Daily'!X14 -> 0 | P12: ='FS Desroches Daily'!Z14 -> 0 | Q12: ='FS Desroches Daily'!AB14 -> 0 | R12: ='FS Desroches Daily'!AD14 -> 0 | S12: ='FS Desroches Daily'!AF14 -> 0 | T12: ='FS Desroches Daily'!AH14 -> 0 | U12: ='FS Desroches Daily'!AJ14 -> 0 | V12: ='FS Desroches Daily'!AL14 -> 0 | W12: ='FS Desroches Daily'!AN14 -> 0 | X12: ='FS Desroches Daily'!AP14 -> 0 | Y12: ='FS Desroches Daily'!AR14 -> 0 | Z12: ='FS Desroches Daily'!AT14 -> 0 | AA12: ='FS Desroches Daily'!AT14 -> 0 | AB12: ='FS Desroches Daily'!AV14 -> 0 | AC12: ='FS Desroches Daily'!AZ14 -> 0 | AD12: ='FS Desroches Daily'!BB14 -> 0 | AE12: ='FS Desroches Daily'!BD14 -> 0 | AF12: ='FS Desroches Daily'!BF14 -> 0 | AG12: ='FS Desroches Daily'!BH14 -> 0 | AH12: ='FS Desroches Daily'!BJ14 -> 0 | AI12: ='FS Desroches Daily'!BL14 -> 0 | AJ12: ='FS Desroches Daily'!BN14 -> 0 | AK12: ='FS Desroches Daily'!BP14 -> 0 | AL12: ='FS Desroches Daily'!BR14 -> 0 | AM12: ='FS Desroches Daily'!BT14 -> 0 | AN12: ='FS Desroches Daily'!BV14 -> 0 | AO12: ='FS Desroches Daily'!BX14 -> 0 | AP12: ='FS Desroches Daily'!BZ14 -> 0 | AQ12: ='FS Desroches Daily'!CB14 -> 0 | AR12: ='FS Desroches Daily'!CD14 -> 0 | AS12: ='FS Desroches Daily'!CF14 -> 0 | AT12: ='FS Desroches Daily'!CH14 -> 0 | AU12: ='FS Desroches Daily'!CJ14 -> 0 | AV12: ='FS Desroches Daily'!CL14 -> 0 | AW12: ='FS Desroches Daily'!CM14 -> 0 | AX12: =IF(LPG!F19-LPG!F18<0,"0",(LPG!F19-LPG!F18)*1.8315) -> 0 | AY12: =IF(LPG!H19-LPG!H18<0,"0",(LPG!H19-LPG!H18)*1.8315) -> 0 | AZ12: =IF(LPG!J19-LPG!J18<0,"0",(LPG!J19-LPG!J18)*1.8315) -> 0 | BA12: =IF(LPG!M19-LPG!M18<0,"0",(LPG!M19-LPG!M18)*1.8315) -> 0 | BB12: =IF(LPG!Q20-LPG!Q18<0,"0",(LPG!Q20-LPG!Q18)*1.8315) -> 0 | BC12: ='FS Desroches Daily'!CN14 -> 0
A13: Seychelles at Desroches Island | B13: =B12+1 -> 12 | C13: 1 | D13: 2021 | E13: ='FS Desroches Daily'!D15 -> 0 | F13: ='FS Desroches Daily'!F15 -> 0 | G13: ='FS Desroches Daily'!H15 -> 0 | H13: ='FS Desroches Daily'!J15 -> 0 | I13: ='FS Desroches Daily'!L15 -> 0 | J13: ='FS Desroches Daily'!N15 -> 0 | K13: ='FS Desroches Daily'!P15 -> 0 | L13: ='FS Desroches Daily'!R15 -> 0 | M13: ='FS Desroches Daily'!T15 -> 0 | N13: ='FS Desroches Daily'!V15 -> 0 | O13: ='FS Desroches Daily'!X15 -> 0 | P13: ='FS Desroches Daily'!Z15 -> 0 | Q13: ='FS Desroches Daily'!AB15 -> 0 | R13: ='FS Desroches Daily'!AD15 -> 0 | S13: ='FS Desroches Daily'!AF15 -> 0 | T13: ='FS Desroches Daily'!AH15 -> 0 | U13: ='FS Desroches Daily'!AJ15 -> 0 | V13: ='FS Desroches Daily'!AL15 -> 0 | W13: ='FS Desroches Daily'!AN15 -> 0 | X13: ='FS Desroches Daily'!AP15 -> 0 | Y13: ='FS Desroches Daily'!AR15 -> 0 | Z13: ='FS Desroches Daily'!AT15 -> 0 | AA13: ='FS Desroches Daily'!AT15 -> 0 | AB13: ='FS Desroches Daily'!AV15 -> 0 | AC13: ='FS Desroches Daily'!AZ15 -> 0 | AD13: ='FS Desroches Daily'!BB15 -> 0 | AE13: ='FS Desroches Daily'!BD15 -> 0 | AF13: ='FS Desroches Daily'!BF15 -> 0 | AG13: ='FS Desroches Daily'!BH15 -> 0 | AH13: ='FS Desroches Daily'!BJ15 -> 0 | AI13: ='FS Desroches Daily'!BL15 -> 0 | AJ13: ='FS Desroches Daily'!BN15 -> 0 | AK13: ='FS Desroches Daily'!BP15 -> 0 | AL13: ='FS Desroches Daily'!BR15 -> 0 | AM13: ='FS Desroches Daily'!BT15 -> 0 | AN13: ='FS Desroches Daily'!BV15 -> 0 | AO13: ='FS Desroches Daily'!BX15 -> 0 | AP13: ='FS Desroches Daily'!BZ15 -> 0 | AQ13: ='FS Desroches Daily'!CB15 -> 0 | AR13: ='FS Desroches Daily'!CD15 -> 0 | AS13: ='FS Desroches Daily'!CF15 -> 0 | AT13: ='FS Desroches Daily'!CH15 -> 0 | AU13: ='FS Desroches Daily'!CJ15 -> 0 | AV13: ='FS Desroches Daily'!CL15 -> 0 | AW13: ='FS Desroches Daily'!CM15 -> 0 | AX13: =IF(LPG!G21-LPG!F19<0,"0",(LPG!G21-LPG!F19)*1.8315) -> 0 | AY13: =IF(LPG!H20-LPG!H19<0,"0",(LPG!H20-LPG!H19)*1.8315) -> 0 | AZ13: =IF(LPG!J20-LPG!J19<0,"0",(LPG!J20-LPG!J19)*1.8315) -> 0 | BA13: =IF(LPG!M20-LPG!M19<0,"0",(LPG!M20-LPG!M19)*1.8315) -> 0 | BB13: =IF(LPG!Q20-LPG!Q19<0,"0",(LPG!Q20-LPG!Q19)*1.8315) -> 0 | BC13: ='FS Desroches Daily'!CN15 -> 0
A14: Seychelles at Desroches Island | B14: =B13+1 -> 13 | C14: 1 | D14: 2021 | E14: ='FS Desroches Daily'!D16 -> 0 | F14: ='FS Desroches Daily'!F16 -> 0 | G14: ='FS Desroches Daily'!H16 -> 0 | H14: ='FS Desroches Daily'!J16 -> 0 | I14: ='FS Desroches Daily'!L16 -> 0 | J14: ='FS Desroches Daily'!N16 -> 0 | K14: ='FS Desroches Daily'!P16 -> 0 | L14: ='FS Desroches Daily'!R16 -> 0 | M14: ='FS Desroches Daily'!T16 -> 0 | N14: ='FS Desroches Daily'!V16 -> 0 | O14: ='FS Desroches Daily'!X16 -> 0 | P14: ='FS Desroches Daily'!Z16 -> 0 | Q14: ='FS Desroches Daily'!AB16 -> 0 | R14: ='FS Desroches Daily'!AD16 -> 0 | S14: ='FS Desroches Daily'!AF16 -> 0 | T14: ='FS Desroches Daily'!AH16 -> 0 | U14: ='FS Desroches Daily'!AJ16 -> 0 | V14: ='FS Desroches Daily'!AL16 -> 0 | W14: ='FS Desroches Daily'!AN16 -> 0 | X14: ='FS Desroches Daily'!AP16 -> 0 | Y14: ='FS Desroches Daily'!AR16 -> 0 | Z14: ='FS Desroches Daily'!AT16 -> 0 | AA14: ='FS Desroches Daily'!AT16 -> 0 | AB14: ='FS Desroches Daily'!AV16 -> 0 | AC14: ='FS Desroches Daily'!AZ16 -> 0 | AD14: ='FS Desroches Daily'!BB16 -> 0 | AE14: ='FS Desroches Daily'!BD16 -> 0 | AF14: ='FS Desroches Daily'!BF16 -> 0 | AG14: ='FS Desroches Daily'!BH16 -> 0 | AH14: ='FS Desroches Daily'!BJ16 -> 0 | AI14: ='FS Desroches Daily'!BL16 -> 0 | AJ14: ='FS Desroches Daily'!BN16 -> 0 | AK14: ='FS Desroches Daily'!BP16 -> 0 | AL14: ='FS Desroches Daily'!BR16 -> 0 | AM14: ='FS Desroches Daily'!BT16 -> 0 | AN14: ='FS Desroches Daily'!BV16 -> 0 | AO14: ='FS Desroches Daily'!BX16 -> 0 | AP14: ='FS Desroches Daily'!BZ16 -> 0 | AQ14: ='FS Desroches Daily'!CB16 -> 0 | AR14: ='FS Desroches Daily'!CD16 -> 0 | AS14: ='FS Desroches Daily'!CF16 -> 0 | AT14: ='FS Desroches Daily'!CH16 -> 0 | AU14: ='FS Desroches Daily'!CJ16 -> 0 | AV14: ='FS Desroches Daily'!CL16 -> 0 | AW14: ='FS Desroches Daily'!CM16 -> 0 | AX14: =IF(LPG!F21-LPG!G21<0,"0",(LPG!F21-LPG!G21)*1.8315) -> 0 | AY14: =IF(LPG!H21-LPG!H20<0,"0",(LPG!H21-LPG!H20)*1.8315) -> 0 | AZ14: =IF(LPG!J21-LPG!J20<0,"0",(LPG!J21-LPG!J20)*1.8315) -> 0 | BA14: =IF(LPG!M21-LPG!M20<0,"0",(LPG!M21-LPG!M20)*1.8315) -> 0 | BB14: =IF(LPG!Q21-LPG!Q20<0,"0",(LPG!Q21-LPG!Q20)*1.8315) -> 0 | BC14: ='FS Desroches Daily'!CN16 -> 0
A15: Seychelles at Desroches Island | B15: =B14+1 -> 14 | C15: 1 | D15: 2021 | E15: ='FS Desroches Daily'!D17 -> 0 | F15: ='FS Desroches Daily'!F17 -> 0 | G15: ='FS Desroches Daily'!H17 -> 0 | H15: ='FS Desroches Daily'!J17 -> 0 | I15: ='FS Desroches Daily'!L17 -> 0 | J15: ='FS Desroches Daily'!N17 -> 0 | K15: ='FS Desroches Daily'!P17 -> 0 | L15: ='FS Desroches Daily'!R17 -> 0 | M15: ='FS Desroches Daily'!T17 -> 0 | N15: ='FS Desroches Daily'!V17 -> 0 | O15: ='FS Desroches Daily'!X17 -> 0 | P15: ='FS Desroches Daily'!Z17 -> 0 | Q15: ='FS Desroches Daily'!AB17 -> 0 | R15: ='FS Desroches Daily'!AD17 -> 0 | S15: ='FS Desroches Daily'!AF17 -> 0 | T15: ='FS Desroches Daily'!AH17 -> 0 | U15: ='FS Desroches Daily'!AJ17 -> 0 | V15: ='FS Desroches Daily'!AL17 -> 0 | W15: ='FS Desroches Daily'!AN17 -> 0 | X15: ='FS Desroches Daily'!AP17 -> 0 | Y15: ='FS Desroches Daily'!AR17 -> 0 | Z15: ='FS Desroches Daily'!AT17 -> 0 | AA15: ='FS Desroches Daily'!AT17 -> 0 | AB15: ='FS Desroches Daily'!AV17 -> 0 | AC15: ='FS Desroches Daily'!AZ17 -> 0 | AD15: ='FS Desroches Daily'!BB17 -> 0 | AE15: ='FS Desroches Daily'!BD17 -> 0 | AF15: ='FS Desroches Daily'!BF17 -> 0 | AG15: ='FS Desroches Daily'!BH17 -> 0 | AH15: ='FS Desroches Daily'!BJ17 -> 0 | AI15: ='FS Desroches Daily'!BL17 -> 0 | AJ15: ='FS Desroches Daily'!BN17 -> 0 | AK15: ='FS Desroches Daily'!BP17 -> 0 | AL15: ='FS Desroches Daily'!BR17 -> 0 | AM15: ='FS Desroches Daily'!BT17 -> 0 | AN15: ='FS Desroches Daily'!BV17 -> 0 | AO15: ='FS Desroches Daily'!BX17 -> 0 | AP15: ='FS Desroches Daily'!BZ17 -> 0 | AQ15: ='FS Desroches Daily'!CB17 -> 0 | AR15: ='FS Desroches Daily'!CD17 -> 0 | AS15: ='FS Desroches Daily'!CF17 -> 0 | AT15: ='FS Desroches Daily'!CH17 -> 0 | AU15: ='FS Desroches Daily'!CJ17 -> 0 | AV15: ='FS Desroches Daily'!CL17 -> 0 | AW15: ='FS Desroches Daily'!CM17 -> 0 | AX15: =IF(LPG!F22-LPG!F21<0,"0",(LPG!F22-LPG!F21)*1.8315) -> 0 | AY15: =IF(LPG!H22-LPG!H21<0,"0",(LPG!H22-LPG!H21)*1.8315) -> 0 | AZ15: =IF(LPG!J22-LPG!J21<0,"0",(LPG!J22-LPG!J21)*1.8315) -> 0 | BA15: =IF(LPG!M22-LPG!M21<0,"0",(LPG!M22-LPG!M21)*1.8315) -> 0 | BB15: =IF(LPG!Q22-LPG!Q21<0,"0",(LPG!Q22-LPG!Q21)*1.8315) -> 0 | BC15: ='FS Desroches Daily'!CN17 -> 0
A16: Seychelles at Desroches Island | B16: =B15+1 -> 15 | C16: 1 | D16: 2021 | E16: ='FS Desroches Daily'!D18 -> 0 | F16: ='FS Desroches Daily'!F18 -> 0 | G16: ='FS Desroches Daily'!H18 -> 0 | H16: ='FS Desroches Daily'!J18 -> 0 | I16: ='FS Desroches Daily'!L18 -> 0 | J16: ='FS Desroches Daily'!N18 -> 0 | K16: ='FS Desroches Daily'!P18 -> 0 | L16: ='FS Desroches Daily'!R18 -> 0 | M16: ='FS Desroches Daily'!T18 -> 0 | N16: ='FS Desroches Daily'!V18 -> 0 | O16: ='FS Desroches Daily'!X18 -> 0 | P16: ='FS Desroches Daily'!Z18 -> 0 | Q16: ='FS Desroches Daily'!AB18 -> 0 | R16: ='FS Desroches Daily'!AD18 -> 0 | S16: ='FS Desroches Daily'!AF18 -> 0 | T16: ='FS Desroches Daily'!AH18 -> 0 | U16: ='FS Desroches Daily'!AJ18 -> 0 | V16: ='FS Desroches Daily'!AL18 -> 0 | W16: ='FS Desroches Daily'!AN18 -> 0 | X16: ='FS Desroches Daily'!AP18 -> 0 | Y16: ='FS Desroches Daily'!AR18 -> 0 | Z16: ='FS Desroches Daily'!AT18 -> 0 | AA16: ='FS Desroches Daily'!AT18 -> 0 | AB16: ='FS Desroches Daily'!AV18 -> 0 | AC16: ='FS Desroches Daily'!AZ18 -> 0 | AD16: ='FS Desroches Daily'!BB18 -> 0 | AE16: ='FS Desroches Daily'!BD18 -> 0 | AF16: ='FS Desroches Daily'!BF18 -> 0 | AG16: ='FS Desroches Daily'!BH18 -> 0 | AH16: ='FS Desroches Daily'!BJ18 -> 0 | AI16: ='FS Desroches Daily'!BL18 -> 0 | AJ16: ='FS Desroches Daily'!BN18 -> 0 | AK16: ='FS Desroches Daily'!BP18 -> 0 | AL16: ='FS Desroches Daily'!BR18 -> 0 | AM16: ='FS Desroches Daily'!BT18 -> 0 | AN16: ='FS Desroches Daily'!BV18 -> 0 | AO16: ='FS Desroches Daily'!BX18 -> 0 | AP16: ='FS Desroches Daily'!BZ18 -> 0 | AQ16: ='FS Desroches Daily'!CB18 -> 0 | AR16: ='FS Desroches Daily'!CD18 -> 0 | AS16: ='FS Desroches Daily'!CF18 -> 0 | AT16: ='FS Desroches Daily'!CH18 -> 0 | AU16: ='FS Desroches Daily'!CJ18 -> 0 | AV16: ='FS Desroches Daily'!CL18 -> 0 | AW16: ='FS Desroches Daily'!CM18 -> 0 | AX16: =IF(LPG!F23-LPG!F22<0,"0",(LPG!F23-LPG!F22)*1.8315) -> 0 | AY16: =IF(LPG!H23-LPG!H22<0,"0",(LPG!H23-LPG!H22)*1.8315) -> 0 | AZ16: =IF(LPG!J23-LPG!J22<0,"0",(LPG!J23-LPG!J22)*1.8315) -> 0 | BA16: =IF(LPG!M23-LPG!M22<0,"0",(LPG!M23-LPG!M22)*1.8315) -> 0 | BB16: =IF(LPG!Q23-LPG!Q22<0,"0",(LPG!Q23-LPG!Q22)*1.8315) -> 0 | BC16: ='FS Desroches Daily'!CN18 -> 0
A17: Seychelles at Desroches Island | B17: =B16+1 -> 16 | C17: 1 | D17: 2021 | E17: ='FS Desroches Daily'!D19 -> 0 | F17: ='FS Desroches Daily'!F19 -> 0 | G17: ='FS Desroches Daily'!H19 -> 0 | H17: ='FS Desroches Daily'!J19 -> 0 | I17: ='FS Desroches Daily'!L19 -> 0 | J17: ='FS Desroches Daily'!N19 -> 0 | K17: ='FS Desroches Daily'!P19 -> 0 | L17: ='FS Desroches Daily'!R19 -> 0 | M17: ='FS Desroches Daily'!T19 -> 0 | N17: ='FS Desroches Daily'!V19 -> 0 | O17: ='FS Desroches Daily'!X19 -> 0 | P17: ='FS Desroches Daily'!Z19 -> 0 | Q17: ='FS Desroches Daily'!AB19 -> 0 | R17: ='FS Desroches Daily'!AD19 -> 0 | S17: ='FS Desroches Daily'!AF19 -> 0 | T17: ='FS Desroches Daily'!AH19 -> 0 | U17: ='FS Desroches Daily'!AJ19 -> 0 | V17: ='FS Desroches Daily'!AL19 -> 0 | W17: ='FS Desroches Daily'!AN19 -> 0 | X17: ='FS Desroches Daily'!AP19 -> 0 | Y17: ='FS Desroches Daily'!AR19 -> 0 | Z17: ='FS Desroches Daily'!AU20 -> 0 | AA17: ='FS Desroches Daily'!AU20 -> 0 | AB17: ='FS Desroches Daily'!AV19 -> 0 | AC17: ='FS Desroches Daily'!AZ19 -> 0 | AD17: ='FS Desroches Daily'!BB19 -> 0 | AE17: ='FS Desroches Daily'!BD19 -> 0 | AF17: ='FS Desroches Daily'!BF19 -> 0 | AG17: ='FS Desroches Daily'!BH19 -> 0 | AH17: ='FS Desroches Daily'!BJ19 -> 0 | AI17: ='FS Desroches Daily'!BL19 -> 0 | AJ17: ='FS Desroches Daily'!BN19 -> 0 | AK17: ='FS Desroches Daily'!BP19 -> 0 | AL17: ='FS Desroches Daily'!BR19 -> 0 | AM17: ='FS Desroches Daily'!BT19 -> 0 | AN17: ='FS Desroches Daily'!BV19 -> 0 | AO17: ='FS Desroches Daily'!BX19 -> 0 | AP17: ='FS Desroches Daily'!BZ19 -> 0 | AQ17: ='FS Desroches Daily'!CB19 -> 0 | AR17: ='FS Desroches Daily'!CD19 -> 0 | AS17: ='FS Desroches Daily'!CF19 -> 0 | AT17: ='FS Desroches Daily'!CH19 -> 0 | AU17: ='FS Desroches Daily'!CJ19 -> 0 | AV17: ='FS Desroches Daily'!CL19 -> 0 | AW17: ='FS Desroches Daily'!CM19 -> 0 | AX17: =IF(LPG!F24-LPG!F23<0,"0",(LPG!F24-LPG!F23)*1.8315) -> 0 | AY17: =IF(LPG!H24-LPG!H23<0,"0",(LPG!H24-LPG!H23)*1.8315) -> 0 | AZ17: =IF(LPG!J24-LPG!J23<0,"0",(LPG!J24-LPG!J23)*1.8315) -> 0 | BA17: =IF(LPG!M24-LPG!M23<0,"0",(LPG!M24-LPG!M23)*1.8315) -> 0 | BB17: =IF(LPG!Q24-LPG!Q23<0,"0",(LPG!Q24-LPG!Q23)*1.8315) -> 0 | BC17: ='FS Desroches Daily'!CN19 -> 0
A18: Seychelles at Desroches Island | B18: =B17+1 -> 17 | C18: 1 | D18: 2021 | E18: ='FS Desroches Daily'!D20 -> 0 | F18: ='FS Desroches Daily'!F20 -> 0 | G18: ='FS Desroches Daily'!H20 -> 0 | H18: ='FS Desroches Daily'!J20 -> 0 | I18: ='FS Desroches Daily'!L20 -> 0 | J18: ='FS Desroches Daily'!N20 -> 0 | K18: ='FS Desroches Daily'!P20 -> 0 | L18: ='FS Desroches Daily'!R20 -> 0 | M18: ='FS Desroches Daily'!T20 -> 0 | N18: ='FS Desroches Daily'!V20 -> 0 | O18: ='FS Desroches Daily'!X20 -> 0 | P18: ='FS Desroches Daily'!Z20 -> 0 | Q18: ='FS Desroches Daily'!AB20 -> 0 | R18: ='FS Desroches Daily'!AD20 -> 0 | S18: ='FS Desroches Daily'!AF20 -> 0 | T18: ='FS Desroches Daily'!AH20 -> 0 | U18: ='FS Desroches Daily'!AJ20 -> 0 | V18: ='FS Desroches Daily'!AL20 -> 0 | W18: ='FS Desroches Daily'!AN20 -> 0 | X18: ='FS Desroches Daily'!AP20 -> 0 | Y18: ='FS Desroches Daily'!AR20 -> 0 | Z18: ='FS Desroches Daily'!AT20 -> 0 | AA18: ='FS Desroches Daily'!AT20 -> 0 | AB18: ='FS Desroches Daily'!AV20 -> 0 | AC18: ='FS Desroches Daily'!AZ20 -> 0 | AD18: ='FS Desroches Daily'!BB20 -> 0 | AE18: ='FS Desroches Daily'!BD20 -> 0 | AF18: ='FS Desroches Daily'!BF20 -> 0 | AG18: ='FS Desroches Daily'!BH20 -> 0 | AH18: ='FS Desroches Daily'!BJ20 -> 0 | AI18: ='FS Desroches Daily'!BL20 -> 0 | AJ18: ='FS Desroches Daily'!BN20 -> 0 | AK18: ='FS Desroches Daily'!BP20 -> 0 | AL18: ='FS Desroches Daily'!BR20 -> 0 | AM18: ='FS Desroches Daily'!BT20 -> 0 | AN18: ='FS Desroches Daily'!BV20 -> 0 | AO18: ='FS Desroches Daily'!BX20 -> 0 | AP18: ='FS Desroches Daily'!BZ20 -> 0 | AQ18: ='FS Desroches Daily'!CB20 -> 0 | AR18: ='FS Desroches Daily'!CD20 -> 0 | AS18: ='FS Desroches Daily'!CF20 -> 0 | AT18: ='FS Desroches Daily'!CH20 -> 0 | AU18: ='FS Desroches Daily'!CJ20 -> 0 | AV18: ='FS Desroches Daily'!CL20 -> 0 | AW18: ='FS Desroches Daily'!CM20 -> 0 | AX18: =IF(LPG!F25-LPG!F24<0,"0",(LPG!F25-LPG!F24)*1.8315) -> 0 | AY18: =IF(LPG!H25-LPG!H24<0,"0",(LPG!H25-LPG!H24)*1.8315) -> 0 | AZ18: =IF(LPG!J25-LPG!J24<0,"0",(LPG!J25-LPG!J24)*1.8315) -> 0 | BA18: =IF(LPG!M25-LPG!M24<0,"0",(LPG!M25-LPG!M24)*1.8315) -> 0 | BB18: =IF(LPG!Q25-LPG!Q24<0,"0",(LPG!Q25-LPG!Q24)*1.8315) -> 0 | BC18: ='FS Desroches Daily'!CN20 -> 0
A19: Seychelles at Desroches Island | B19: =B18+1 -> 18 | C19: 1 | D19: 2021 | E19: ='FS Desroches Daily'!D21 -> 0 | F19: ='FS Desroches Daily'!F21 -> 0 | G19: ='FS Desroches Daily'!H21 -> 0 | H19: ='FS Desroches Daily'!J21 -> 0 | I19: ='FS Desroches Daily'!L21 -> 0 | J19: ='FS Desroches Daily'!N21 -> 0 | K19: ='FS Desroches Daily'!P21 -> 0 | L19: ='FS Desroches Daily'!R21 -> 0 | M19: ='FS Desroches Daily'!T21 -> 0 | N19: ='FS Desroches Daily'!V21 -> 0 | O19: ='FS Desroches Daily'!X21 -> 0 | P19: ='FS Desroches Daily'!Z21 -> 0 | Q19: ='FS Desroches Daily'!AB21 -> 0 | R19: ='FS Desroches Daily'!AD21 -> 0 | S19: ='FS Desroches Daily'!AF21 -> 0 | T19: ='FS Desroches Daily'!AH21 -> 0 | U19: ='FS Desroches Daily'!AJ21 -> 0 | V19: ='FS Desroches Daily'!AL21 -> 0 | W19: ='FS Desroches Daily'!AN21 -> 0 | X19: ='FS Desroches Daily'!AP21 -> 0 | Y19: ='FS Desroches Daily'!AR21 -> 0 | Z19: ='FS Desroches Daily'!AT21 -> 0 | AA19: ='FS Desroches Daily'!AT21 -> 0 | AB19: ='FS Desroches Daily'!AV21 -> 0 | AC19: ='FS Desroches Daily'!AZ21 -> 0 | AD19: ='FS Desroches Daily'!BB21 -> 0 | AE19: ='FS Desroches Daily'!BD21 -> 0 | AF19: ='FS Desroches Daily'!BF21 -> 0 | AG19: ='FS Desroches Daily'!BH21 -> 0 | AH19: ='FS Desroches Daily'!BJ21 -> 0 | AI19: ='FS Desroches Daily'!BL21 -> 0 | AJ19: ='FS Desroches Daily'!BN21 -> 0 | AK19: ='FS Desroches Daily'!BP21 -> 0 | AL19: ='FS Desroches Daily'!BR21 -> 0 | AM19: ='FS Desroches Daily'!BT21 -> 0 | AN19: ='FS Desroches Daily'!BV21 -> 0 | AO19: ='FS Desroches Daily'!BX21 -> 0 | AP19: ='FS Desroches Daily'!BZ21 -> 0 | AQ19: ='FS Desroches Daily'!CB21 -> 0 | AR19: ='FS Desroches Daily'!CD21 -> 0 | AS19: ='FS Desroches Daily'!CF21 -> 0 | AT19: ='FS Desroches Daily'!CH21 -> 0 | AU19: ='FS Desroches Daily'!CJ21 -> 0 | AV19: ='FS Desroches Daily'!CL21 -> 0 | AW19: ='FS Desroches Daily'!CM21 -> 0 | AX19: =IF(LPG!F26-LPG!F25<0,"0",(LPG!F26-LPG!F25)*1.8315) -> 0 | AY19: =IF(LPG!H26-LPG!H25<0,"0",(LPG!H26-LPG!H25)*1.8315) -> 0 | AZ19: =IF(LPG!J26-LPG!J25<0,"0",(LPG!J26-LPG!J25)*1.8315) -> 0 | BA19: =IF(LPG!M26-LPG!M25<0,"0",(LPG!M26-LPG!M25)*1.8315) -> 0 | BB19: =IF(LPG!Q26-LPG!Q25<0,"0",(LPG!Q26-LPG!Q25)*1.8315) -> 0 | BC19: ='FS Desroches Daily'!CN21 -> 0
A20: Seychelles at Desroches Island | B20: =B19+1 -> 19 | C20: 1 | D20: 2021 | E20: ='FS Desroches Daily'!D22 -> 0 | F20: ='FS Desroches Daily'!F22 -> 0 | G20: ='FS Desroches Daily'!H22 -> 0 | H20: ='FS Desroches Daily'!J22 -> 0 | I20: ='FS Desroches Daily'!L22 -> 0 | J20: ='FS Desroches Daily'!N22 -> 0 | K20: ='FS Desroches Daily'!P22 -> 0 | L20: ='FS Desroches Daily'!R22 -> 0 | M20: ='FS Desroches Daily'!T22 -> 0 | N20: ='FS Desroches Daily'!V22 -> 0 | O20: ='FS Desroches Daily'!X22 -> 0 | P20: ='FS Desroches Daily'!Z22 -> 0 | Q20: ='FS Desroches Daily'!AB22 -> 0 | R20: ='FS Desroches Daily'!AD22 -> 0 | S20: ='FS Desroches Daily'!AF22 -> 0 | T20: ='FS Desroches Daily'!AH22 -> 0 | U20: ='FS Desroches Daily'!AJ22 -> 0 | V20: ='FS Desroches Daily'!AL22 -> 0 | W20: ='FS Desroches Daily'!AN22 -> 0 | X20: ='FS Desroches Daily'!AP22 -> 0 | Y20: ='FS Desroches Daily'!AR22 -> 0 | Z20: ='FS Desroches Daily'!AT22 -> 0 | AA20: ='FS Desroches Daily'!AT22 -> 0 | AB20: ='FS Desroches Daily'!AV22 -> 0 | AC20: ='FS Desroches Daily'!AZ22 -> 0 | AD20: ='FS Desroches Daily'!BB22 -> 0 | AE20: ='FS Desroches Daily'!BD22 -> 0 | AF20: ='FS Desroches Daily'!BF22 -> 0 | AG20: ='FS Desroches Daily'!BH22 -> 0 | AH20: ='FS Desroches Daily'!BJ22 -> 0 | AI20: ='FS Desroches Daily'!BL22 -> 0 | AJ20: ='FS Desroches Daily'!BN22 -> 0 | AK20: ='FS Desroches Daily'!BP22 -> 0 | AL20: ='FS Desroches Daily'!BR22 -> 0 | AM20: ='FS Desroches Daily'!BT22 -> 0 | AN20: ='FS Desroches Daily'!BV22 -> 0 | AO20: ='FS Desroches Daily'!BX22 -> 0 | AP20: ='FS Desroches Daily'!BZ22 -> 0 | AQ20: ='FS Desroches Daily'!CB22 -> 0 | AR20: ='FS Desroches Daily'!CD22 -> 0 | AS20: ='FS Desroches Daily'!CF22 -> 0 | AT20: ='FS Desroches Daily'!CH22 -> 0 | AU20: ='FS Desroches Daily'!CJ22 -> 0 | AV20: ='FS Desroches Daily'!CL22 -> 0 | AW20: ='FS Desroches Daily'!CM22 -> 0 | AX20: =IF(LPG!F27-LPG!F26<0,"0",(LPG!F27-LPG!F26)*1.8315) -> 0 | AY20: =IF(LPG!H27-LPG!H26<0,"0",(LPG!H27-LPG!H26)*1.8315) -> 0 | AZ20: =IF(LPG!J27-LPG!J26<0,"0",(LPG!J27-LPG!J26)*1.8315) -> 0 | BA20: =IF(LPG!M27-LPG!M26<0,"0",(LPG!M27-LPG!M26)*1.8315) -> 0 | BB20: =IF(LPG!Q27-LPG!Q26<0,"0",(LPG!Q27-LPG!Q26)*1.8315) -> 0 | BC20: ='FS Desroches Daily'!CN22 -> 0
A21: Seychelles at Desroches Island | B21: =B20+1 -> 20 | C21: 1 | D21: 2021 | E21: ='FS Desroches Daily'!D23 -> 0 | F21: ='FS Desroches Daily'!F23 -> 0 | G21: ='FS Desroches Daily'!H23 -> 0 | H21: ='FS Desroches Daily'!J23 -> 0 | I21: ='FS Desroches Daily'!L23 -> 0 | J21: ='FS Desroches Daily'!N23 -> 0 | K21: ='FS Desroches Daily'!P23 -> 0 | L21: ='FS Desroches Daily'!R23 -> 0 | M21: ='FS Desroches Daily'!T23 -> 0 | N21: ='FS Desroches Daily'!V23 -> 0 | O21: ='FS Desroches Daily'!X23 -> 0 | P21: ='FS Desroches Daily'!Z23 -> 0 | Q21: ='FS Desroches Daily'!AB23 -> 0 | R21: ='FS Desroches Daily'!AD23 -> 0 | S21: ='FS Desroches Daily'!AF23 -> 0 | T21: ='FS Desroches Daily'!AH23 -> 0 | U21: ='FS Desroches Daily'!AJ23 -> 0 | V21: ='FS Desroches Daily'!AL23 -> 0 | W21: ='FS Desroches Daily'!AN23 -> 0 | X21: ='FS Desroches Daily'!AP23 -> 0 | Y21: ='FS Desroches Daily'!AR23 -> 0 | Z21: ='FS Desroches Daily'!AT23 -> 0 | AA21: ='FS Desroches Daily'!AT23 -> 0 | AB21: ='FS Desroches Daily'!AV23 -> 0 | AC21: ='FS Desroches Daily'!AZ23 -> 0 | AD21: ='FS Desroches Daily'!BB23 -> 0 | AE21: ='FS Desroches Daily'!BD23 -> 0 | AF21: ='FS Desroches Daily'!BF23 -> 0 | AG21: ='FS Desroches Daily'!BH23 -> 0 | AH21: ='FS Desroches Daily'!BJ23 -> 0 | AI21: ='FS Desroches Daily'!BL23 -> 0 | AJ21: ='FS Desroches Daily'!BN23 -> 0 | AK21: ='FS Desroches Daily'!BP23 -> 0 | AL21: ='FS Desroches Daily'!BR23 -> 0 | AM21: ='FS Desroches Daily'!BT23 -> 0 | AN21: ='FS Desroches Daily'!BV23 -> 0 | AO21: ='FS Desroches Daily'!BX23 -> 0 | AP21: ='FS Desroches Daily'!BZ23 -> 0 | AQ21: ='FS Desroches Daily'!CB23 -> 0 | AR21: ='FS Desroches Daily'!CD23 -> 0 | AS21: ='FS Desroches Daily'!CF23 -> 0 | AT21: ='FS Desroches Daily'!CH23 -> 0 | AU21: ='FS Desroches Daily'!CJ23 -> 0 | AV21: ='FS Desroches Daily'!CL23 -> 0 | AW21: ='FS Desroches Daily'!CM23 -> 0 | AX21: =IF(LPG!F28-LPG!F27<0,"0",(LPG!F28-LPG!F27)*1.8315) -> 0 | AY21: =IF(LPG!H28-LPG!H27<0,"0",(LPG!H28-LPG!H27)*1.8315) -> 0 | AZ21: =IF(LPG!J28-LPG!J27<0,"0",(LPG!J28-LPG!J27)*1.8315) -> 0 | BA21: =IF(LPG!M28-LPG!M27<0,"0",(LPG!M28-LPG!M27)*1.8315) -> 0 | BB21: =IF(LPG!Q28-LPG!Q27<0,"0",(LPG!Q28-LPG!Q27)*1.8315) -> 0 | BC21: ='FS Desroches Daily'!CN23 -> 0
A22: Seychelles at Desroches Island | B22: =B21+1 -> 21 | C22: 1 | D22: 2021 | E22: ='FS Desroches Daily'!D24 -> 0 | F22: ='FS Desroches Daily'!F24 -> 0 | G22: ='FS Desroches Daily'!H24 -> 0 | H22: ='FS Desroches Daily'!J24 -> 0 | I22: ='FS Desroches Daily'!L24 -> 0 | J22: ='FS Desroches Daily'!N24 -> 0 | K22: ='FS Desroches Daily'!P24 -> 0 | L22: ='FS Desroches Daily'!R24 -> 0 | M22: ='FS Desroches Daily'!T24 -> 0 | N22: ='FS Desroches Daily'!V24 -> 0 | O22: ='FS Desroches Daily'!X24 -> 0 | P22: ='FS Desroches Daily'!Z24 -> 0 | Q22: ='FS Desroches Daily'!AB24 -> 0 | R22: ='FS Desroches Daily'!AD24 -> 0 | S22: ='FS Desroches Daily'!AF24 -> 0 | T22: ='FS Desroches Daily'!AH24 -> 0 | U22: ='FS Desroches Daily'!AJ24 -> 0 | V22: ='FS Desroches Daily'!AL24 -> 0 | W22: ='FS Desroches Daily'!AN24 -> 0 | X22: ='FS Desroches Daily'!AP24 -> 0 | Y22: ='FS Desroches Daily'!AR24 -> 0 | Z22: ='FS Desroches Daily'!AT24 -> 0 | AA22: ='FS Desroches Daily'!AT24 -> 0 | AB22: ='FS Desroches Daily'!AV24 -> 0 | AC22: ='FS Desroches Daily'!AZ24 -> 0 | AD22: ='FS Desroches Daily'!BB24 -> 0 | AE22: ='FS Desroches Daily'!BD24 -> 0 | AF22: ='FS Desroches Daily'!BF24 -> 0 | AG22: ='FS Desroches Daily'!BH24 -> 0 | AH22: ='FS Desroches Daily'!BJ24 -> 0 | AI22: ='FS Desroches Daily'!BL24 -> 0 | AJ22: ='FS Desroches Daily'!BN24 -> 0 | AK22: ='FS Desroches Daily'!BP24 -> 0 | AL22: ='FS Desroches Daily'!BR24 -> 0 | AM22: ='FS Desroches Daily'!BT24 -> 0 | AN22: ='FS Desroches Daily'!BV24 -> 0 | AO22: ='FS Desroches Daily'!BX24 -> 0 | AP22: ='FS Desroches Daily'!BZ24 -> 0 | AQ22: ='FS Desroches Daily'!CB24 -> 0 | AR22: ='FS Desroches Daily'!CD24 -> 0 | AS22: ='FS Desroches Daily'!CF24 -> 0 | AT22: ='FS Desroches Daily'!CH24 -> 0 | AU22: ='FS Desroches Daily'!CJ24 -> 0 | AV22: ='FS Desroches Daily'!CL24 -> 0 | AW22: ='FS Desroches Daily'!CM24 -> 0 | AX22: =IF(LPG!F29-LPG!F28<0,"0",(LPG!F29-LPG!F28)*1.8315) -> 0 | AY22: =IF(LPG!H29-LPG!H28<0,"0",(LPG!H29-LPG!H28)*1.8315) -> 0 | AZ22: =IF(LPG!J29-LPG!J28<0,"0",(LPG!J29-LPG!J28)*1.8315) -> 0 | BA22: =IF(LPG!M29-LPG!M28<0,"0",(LPG!M29-LPG!M28)*1.8315) -> 0 | BB22: =IF(LPG!Q29-LPG!Q28<0,"0",(LPG!Q29-LPG!Q28)*1.8315) -> 0 | BC22: ='FS Desroches Daily'!CN24 -> 0
A23: Seychelles at Desroches Island | B23: =B22+1 -> 22 | C23: 1 | D23: 2021 | E23: ='FS Desroches Daily'!D25 -> 0 | F23: ='FS Desroches Daily'!F25 -> 0 | G23: ='FS Desroches Daily'!H25 -> 0 | H23: ='FS Desroches Daily'!J25 -> 0 | I23: ='FS Desroches Daily'!L25 -> 0 | J23: ='FS Desroches Daily'!N25 -> 0 | K23: ='FS Desroches Daily'!P25 -> 0 | L23: ='FS Desroches Daily'!R25 -> 0 | M23: ='FS Desroches Daily'!T25 -> 0 | N23: ='FS Desroches Daily'!V25 -> 0 | O23: ='FS Desroches Daily'!X25 -> 0 | P23: ='FS Desroches Daily'!Z25 -> 0 | Q23: ='FS Desroches Daily'!AB25 -> 0 | R23: ='FS Desroches Daily'!AD25 -> 0 | S23: ='FS Desroches Daily'!AF25 -> 0 | T23: ='FS Desroches Daily'!AH25 -> 0 | U23: ='FS Desroches Daily'!AJ25 -> 0 | V23: ='FS Desroches Daily'!AL25 -> 0 | W23: ='FS Desroches Daily'!AN25 -> 0 | X23: ='FS Desroches Daily'!AP25 -> 0 | Y23: ='FS Desroches Daily'!AR25 -> 0 | Z23: ='FS Desroches Daily'!AT25 -> 0 | AA23: ='FS Desroches Daily'!AT25 -> 0 | AB23: ='FS Desroches Daily'!AV25 -> 0 | AC23: ='FS Desroches Daily'!AZ25 -> 0 | AD23: ='FS Desroches Daily'!BB25 -> 0 | AE23: ='FS Desroches Daily'!BD25 -> 0 | AF23: ='FS Desroches Daily'!BF25 -> 0 | AG23: ='FS Desroches Daily'!BH25 -> 0 | AH23: ='FS Desroches Daily'!BJ25 -> 0 | AI23: ='FS Desroches Daily'!BL25 -> 0 | AJ23: ='FS Desroches Daily'!BN25 -> 0 | AK23: ='FS Desroches Daily'!BP25 -> 0 | AL23: ='FS Desroches Daily'!BR25 -> 0 | AM23: ='FS Desroches Daily'!BT25 -> 0 | AN23: ='FS Desroches Daily'!BV25 -> 0 | AO23: ='FS Desroches Daily'!BX25 -> 0 | AP23: ='FS Desroches Daily'!BZ25 -> 0 | AQ23: ='FS Desroches Daily'!CB25 -> 0 | AR23: ='FS Desroches Daily'!CD25 -> 0 | AS23: ='FS Desroches Daily'!CF25 -> 0 | AT23: ='FS Desroches Daily'!CH25 -> 0 | AU23: ='FS Desroches Daily'!CJ25 -> 0 | AV23: ='FS Desroches Daily'!CL25 -> 0 | AW23: ='FS Desroches Daily'!CM25 -> 0 | AX23: =IF(LPG!F30-LPG!F29<0,"0",(LPG!F30-LPG!F29)*1.8315) -> 0 | AY23: =IF(LPG!H30-LPG!H29<0,"0",(LPG!H30-LPG!H29)*1.8315) -> 0 | AZ23: =IF(LPG!J30-LPG!J29<0,"0",(LPG!J30-LPG!J29)*1.8315) -> 0 | BA23: =IF(LPG!M30-LPG!M29<0,"0",(LPG!M30-LPG!M29)*1.8315) -> 0 | BB23: =IF(LPG!Q30-LPG!Q29<0,"0",(LPG!Q30-LPG!Q29)*1.8315) -> 0 | BC23: ='FS Desroches Daily'!CN25 -> 0
A24: Seychelles at Desroches Island | B24: =B23+1 -> 23 | C24: 1 | D24: 2021 | E24: ='FS Desroches Daily'!D26 -> 0 | F24: ='FS Desroches Daily'!F26 -> 0 | G24: ='FS Desroches Daily'!H26 -> 0 | H24: ='FS Desroches Daily'!J26 -> 0 | I24: ='FS Desroches Daily'!L26 -> 0 | J24: ='FS Desroches Daily'!N26 -> 0 | K24: ='FS Desroches Daily'!P26 -> 0 | L24: ='FS Desroches Daily'!R26 -> 0 | M24: ='FS Desroches Daily'!T26 -> 0 | N24: ='FS Desroches Daily'!V26 -> 0 | O24: ='FS Desroches Daily'!X26 -> 0 | P24: ='FS Desroches Daily'!Z26 -> 0 | Q24: ='FS Desroches Daily'!AB26 -> 0 | R24: ='FS Desroches Daily'!AD26 -> 0 | S24: ='FS Desroches Daily'!AF26 -> 0 | T24: ='FS Desroches Daily'!AH26 -> 0 | U24: ='FS Desroches Daily'!AJ26 -> 0 | V24: ='FS Desroches Daily'!AL26 -> 0 | W24: ='FS Desroches Daily'!AN26 -> 0 | X24: ='FS Desroches Daily'!AP26 -> 0 | Y24: ='FS Desroches Daily'!AR26 -> 0 | Z24: ='FS Desroches Daily'!AT26 -> 0 | AA24: ='FS Desroches Daily'!AT26 -> 0 | AB24: ='FS Desroches Daily'!AV26 -> 0 | AC24: ='FS Desroches Daily'!AZ26 -> 0 | AD24: ='FS Desroches Daily'!BB26 -> 0 | AE24: ='FS Desroches Daily'!BD26 -> 0 | AF24: ='FS Desroches Daily'!BF26 -> 0 | AG24: ='FS Desroches Daily'!BH26 -> 0 | AH24: ='FS Desroches Daily'!BJ26 -> 0 | AI24: ='FS Desroches Daily'!BL26 -> 0 | AJ24: ='FS Desroches Daily'!BN26 -> 0 | AK24: ='FS Desroches Daily'!BP26 -> 0 | AL24: ='FS Desroches Daily'!BR26 -> 0 | AM24: ='FS Desroches Daily'!BT26 -> 0 | AN24: ='FS Desroches Daily'!BV26 -> 0 | AO24: ='FS Desroches Daily'!BX26 -> 0 | AP24: ='FS Desroches Daily'!BZ26 -> 0 | AQ24: ='FS Desroches Daily'!CB26 -> 0 | AR24: ='FS Desroches Daily'!CD26 -> 0 | AS24: ='FS Desroches Daily'!CF26 -> 0 | AT24: ='FS Desroches Daily'!CH26 -> 0 | AU24: ='FS Desroches Daily'!CJ26 -> 0 | AV24: ='FS Desroches Daily'!CL26 -> 0 | AW24: ='FS Desroches Daily'!CM26 -> 0 | AX24: =IF(LPG!F31-LPG!F30<0,"0",(LPG!F31-LPG!F30)*1.8315) -> 0 | AY24: =IF(LPG!H31-LPG!H30<0,"0",(LPG!H31-LPG!H30)*1.8315) -> 0 | AZ24: =IF(LPG!J31-LPG!J30<0,"0",(LPG!J31-LPG!J30)*1.8315) -> 0 | BA24: =IF(LPG!M31-LPG!M30<0,"0",(LPG!M31-LPG!M30)*1.8315) -> 0 | BB24: =IF(LPG!Q31-LPG!Q30<0,"0",(LPG!Q31-LPG!Q30)*1.8315) -> 0 | BC24: ='FS Desroches Daily'!CN26 -> 0
A25: Seychelles at Desroches Island | B25: =B24+1 -> 24 | C25: 1 | D25: 2021 | E25: ='FS Desroches Daily'!D27 -> 0 | F25: ='FS Desroches Daily'!F27 -> 0 | G25: ='FS Desroches Daily'!H27 -> 0 | H25: ='FS Desroches Daily'!J27 -> 0 | I25: ='FS Desroches Daily'!L27 -> 0 | J25: ='FS Desroches Daily'!N27 -> 0 | K25: ='FS Desroches Daily'!P27 -> 0 | L25: ='FS Desroches Daily'!R27 -> 0 | M25: ='FS Desroches Daily'!T27 -> 0 | N25: ='FS Desroches Daily'!V27 -> 0 | O25: ='FS Desroches Daily'!X27 -> 0 | P25: ='FS Desroches Daily'!Z27 -> 0 | Q25: ='FS Desroches Daily'!AB27 -> 0 | R25: ='FS Desroches Daily'!AD27 -> 0 | S25: ='FS Desroches Daily'!AF27 -> 0 | T25: ='FS Desroches Daily'!AH27 -> 0 | U25: ='FS Desroches Daily'!AJ27 -> 0 | V25: ='FS Desroches Daily'!AL27 -> 0 | W25: ='FS Desroches Daily'!AN27 -> 0 | X25: ='FS Desroches Daily'!AP27 -> 0 | Y25: ='FS Desroches Daily'!AR27 -> 0 | Z25: ='FS Desroches Daily'!AT27 -> 0 | AA25: ='FS Desroches Daily'!AT27 -> 0 | AB25: ='FS Desroches Daily'!AV27 -> 0 | AC25: ='FS Desroches Daily'!AZ27 -> 0 | AD25: ='FS Desroches Daily'!BB27 -> 0 | AE25: ='FS Desroches Daily'!BD27 -> 0 | AF25: ='FS Desroches Daily'!BF27 -> 0 | AG25: ='FS Desroches Daily'!BH27 -> 0 | AH25: ='FS Desroches Daily'!BJ27 -> 0 | AI25: ='FS Desroches Daily'!BL27 -> 0 | AJ25: ='FS Desroches Daily'!BN27 -> 0 | AK25: ='FS Desroches Daily'!BP27 -> 0 | AL25: ='FS Desroches Daily'!BR27 -> 0 | AM25: ='FS Desroches Daily'!BT27 -> 0 | AN25: ='FS Desroches Daily'!BV27 -> 0 | AO25: ='FS Desroches Daily'!BX27 -> 0 | AP25: ='FS Desroches Daily'!BZ27 -> 0 | AQ25: ='FS Desroches Daily'!CB27 -> 0 | AR25: ='FS Desroches Daily'!CD27 -> 0 | AS25: ='FS Desroches Daily'!CF27 -> 0 | AT25: ='FS Desroches Daily'!CH27 -> 0 | AU25: ='FS Desroches Daily'!CJ27 -> 0 | AV25: ='FS Desroches Daily'!CL27 -> 0 | AW25: ='FS Desroches Daily'!CM27 -> 0 | AX25: =IF(LPG!F32-LPG!F31<0,"0",(LPG!F32-LPG!F31)*1.8315) -> 0 | AY25: =IF(LPG!H32-LPG!H31<0,"0",(LPG!H32-LPG!H31)*1.8315) -> 0 | AZ25: =IF(LPG!J32-LPG!J31<0,"0",(LPG!J32-LPG!J31)*1.8315) -> 0 | BA25: =IF(LPG!M32-LPG!M31<0,"0",(LPG!M32-LPG!M31)*1.8315) -> 0 | BB25: =IF(LPG!Q32-LPG!Q31<0,"0",(LPG!Q32-LPG!Q31)*1.8315) -> 0 | BC25: ='FS Desroches Daily'!CN27 -> 0
A26: Seychelles at Desroches Island | B26: =B25+1 -> 25 | C26: 1 | D26: 2021 | E26: ='FS Desroches Daily'!D28 -> 0 | F26: ='FS Desroches Daily'!F28 -> 0 | G26: ='FS Desroches Daily'!H28 -> 0 | H26: ='FS Desroches Daily'!J28 -> 0 | I26: ='FS Desroches Daily'!L28 -> 0 | J26: ='FS Desroches Daily'!N28 -> 0 | K26: ='FS Desroches Daily'!P28 -> 0 | L26: ='FS Desroches Daily'!R28 -> 0 | M26: ='FS Desroches Daily'!T28 -> 0 | N26: ='FS Desroches Daily'!V28 -> 0 | O26: ='FS Desroches Daily'!X28 -> 0 | P26: ='FS Desroches Daily'!Z28 -> 0 | Q26: ='FS Desroches Daily'!AB28 -> 0 | R26: ='FS Desroches Daily'!AD28 -> 0 | S26: ='FS Desroches Daily'!AF28 -> 0 | T26: ='FS Desroches Daily'!AH28 -> 0 | U26: ='FS Desroches Daily'!AJ28 -> 0 | V26: ='FS Desroches Daily'!AL28 -> 0 | W26: ='FS Desroches Daily'!AN28 -> 0 | X26: ='FS Desroches Daily'!AP28 -> 0 | Y26: ='FS Desroches Daily'!AR28 -> 0 | Z26: ='FS Desroches Daily'!AT28 -> 0 | AA26: ='FS Desroches Daily'!AT28 -> 0 | AB26: ='FS Desroches Daily'!AV28 -> 0 | AC26: ='FS Desroches Daily'!AZ28 -> 0 | AD26: ='FS Desroches Daily'!BB28 -> 0 | AE26: ='FS Desroches Daily'!BD28 -> 0 | AF26: ='FS Desroches Daily'!BF28 -> 0 | AG26: ='FS Desroches Daily'!BH28 -> 0 | AH26: ='FS Desroches Daily'!BJ28 -> 0 | AI26: ='FS Desroches Daily'!BL28 -> 0 | AJ26: ='FS Desroches Daily'!BN28 -> 0 | AK26: ='FS Desroches Daily'!BP28 -> 0 | AL26: ='FS Desroches Daily'!BR28 -> 0 | AM26: ='FS Desroches Daily'!BT28 -> 0 | AN26: ='FS Desroches Daily'!BV28 -> 0 | AO26: ='FS Desroches Daily'!BX28 -> 0 | AP26: ='FS Desroches Daily'!BZ28 -> 0 | AQ26: ='FS Desroches Daily'!CB28 -> 0 | AR26: ='FS Desroches Daily'!CD28 -> 0 | AS26: ='FS Desroches Daily'!CF28 -> 0 | AT26: ='FS Desroches Daily'!CH28 -> 0 | AU26: ='FS Desroches Daily'!CJ28 -> 0 | AV26: ='FS Desroches Daily'!CL28 -> 0 | AW26: ='FS Desroches Daily'!CM28 -> 0 | AX26: =IF(LPG!F33-LPG!F32<0,"0",(LPG!F33-LPG!F32)*1.8315) -> 0 | AY26: =IF(LPG!H33-LPG!H32<0,"0",(LPG!H33-LPG!H32)*1.8315) -> 0 | AZ26: =IF(LPG!J33-LPG!J32<0,"0",(LPG!J33-LPG!J32)*1.8315) -> 0 | BA26: =IF(LPG!M33-LPG!M32<0,"0",(LPG!M33-LPG!M32)*1.8315) -> 0 | BB26: =IF(LPG!Q33-LPG!Q32<0,"0",(LPG!Q33-LPG!Q32)*1.8315) -> 0 | BC26: ='FS Desroches Daily'!CN28 -> 0
A27: Seychelles at Desroches Island | B27: =B26+1 -> 26 | C27: 1 | D27: 2021 | E27: ='FS Desroches Daily'!D29 -> 0 | F27: ='FS Desroches Daily'!F29 -> 0 | G27: ='FS Desroches Daily'!H29 -> 0 | H27: ='FS Desroches Daily'!J29 -> 0 | I27: ='FS Desroches Daily'!L29 -> 0 | J27: ='FS Desroches Daily'!N29 -> 0 | K27: ='FS Desroches Daily'!P29 -> 0 | L27: ='FS Desroches Daily'!R29 -> 0 | M27: ='FS Desroches Daily'!T29 -> 0 | N27: ='FS Desroches Daily'!V29 -> 0 | O27: ='FS Desroches Daily'!X29 -> 0 | P27: ='FS Desroches Daily'!Z29 -> 0 | Q27: ='FS Desroches Daily'!AB29 -> 0 | R27: ='FS Desroches Daily'!AD29 -> 0 | S27: ='FS Desroches Daily'!AF29 -> 0 | T27: ='FS Desroches Daily'!AH29 -> 0 | U27: ='FS Desroches Daily'!AJ29 -> 0 | V27: ='FS Desroches Daily'!AL29 -> 0 | W27: ='FS Desroches Daily'!AN29 -> 0 | X27: ='FS Desroches Daily'!AP29 -> 0 | Y27: ='FS Desroches Daily'!AR29 -> 0 | Z27: ='FS Desroches Daily'!AT29 -> 0 | AA27: ='FS Desroches Daily'!AT29 -> 0 | AB27: ='FS Desroches Daily'!AV29 -> 0 | AC27: ='FS Desroches Daily'!AZ29 -> 0 | AD27: ='FS Desroches Daily'!BB29 -> 0 | AE27: ='FS Desroches Daily'!BD29 -> 0 | AF27: ='FS Desroches Daily'!BF29 -> 0 | AG27: ='FS Desroches Daily'!BH29 -> 0 | AH27: ='FS Desroches Daily'!BJ29 -> 0 | AI27: ='FS Desroches Daily'!BL29 -> 0 | AJ27: ='FS Desroches Daily'!BN29 -> 0 | AK27: ='FS Desroches Daily'!BP29 -> 0 | AL27: ='FS Desroches Daily'!BR29 -> 0 | AM27: ='FS Desroches Daily'!BT29 -> 0 | AN27: ='FS Desroches Daily'!BV29 -> 0 | AO27: ='FS Desroches Daily'!BX29 -> 0 | AP27: ='FS Desroches Daily'!BZ29 -> 0 | AQ27: ='FS Desroches Daily'!CB29 -> 0 | AR27: ='FS Desroches Daily'!CD29 -> 0 | AS27: ='FS Desroches Daily'!CF29 -> 0 | AT27: ='FS Desroches Daily'!CH29 -> 0 | AU27: ='FS Desroches Daily'!CJ29 -> 0 | AV27: ='FS Desroches Daily'!CL29 -> 0 | AW27: ='FS Desroches Daily'!CM29 -> 0 | AX27: =IF(LPG!F35-LPG!F33<0,"0",(LPG!F35-LPG!F33)*1.8315) -> 0 | AY27: =IF(LPG!H35-LPG!H33<0,"0",(LPG!H35-LPG!H33)*1.8315) -> 0 | AZ27: =IF(LPG!J35-LPG!J33<0,"0",(LPG!J35-LPG!J33)*1.8315) -> 0 | BA27: =IF(LPG!M35-LPG!M33<0,"0",(LPG!M35-LPG!M33)*1.8315) -> 0 | BB27: =IF(LPG!Q34-LPG!Q33<0,"0",(LPG!Q34-LPG!Q33)*1.8315) -> 0 | BC27: ='FS Desroches Daily'!CN29 -> 0
A28: Seychelles at Desroches Island | B28: =B27+1 -> 27 | C28: 1 | D28: 2021 | E28: ='FS Desroches Daily'!D30 -> 0 | F28: ='FS Desroches Daily'!F30 -> 0 | G28: ='FS Desroches Daily'!H30 -> 0 | H28: ='FS Desroches Daily'!J30 -> 0 | I28: ='FS Desroches Daily'!L30 -> 0 | J28: ='FS Desroches Daily'!N30 -> 0 | K28: ='FS Desroches Daily'!P30 -> 0 | L28: ='FS Desroches Daily'!R30 -> 0 | M28: ='FS Desroches Daily'!T30 -> 0 | N28: ='FS Desroches Daily'!V30 -> 0 | O28: ='FS Desroches Daily'!X30 -> 0 | P28: ='FS Desroches Daily'!Z30 -> 0 | Q28: ='FS Desroches Daily'!AB30 -> 0 | R28: ='FS Desroches Daily'!AD30 -> 0 | S28: ='FS Desroches Daily'!AF30 -> 0 | T28: ='FS Desroches Daily'!AH30 -> 0 | U28: ='FS Desroches Daily'!AJ30 -> 0 | V28: ='FS Desroches Daily'!AL30 -> 0 | W28: ='FS Desroches Daily'!AN30 -> 0 | X28: ='FS Desroches Daily'!AP30 -> 0 | Y28: ='FS Desroches Daily'!AR30 -> 0 | Z28: ='FS Desroches Daily'!AT30 -> 0 | AA28: ='FS Desroches Daily'!AT30 -> 0 | AB28: ='FS Desroches Daily'!AV30 -> 0 | AC28: ='FS Desroches Daily'!AZ30 -> 0 | AD28: ='FS Desroches Daily'!BB30 -> 0 | AE28: ='FS Desroches Daily'!BD30 -> 0 | AF28: ='FS Desroches Daily'!BF30 -> 0 | AG28: ='FS Desroches Daily'!BH30 -> 0 | AH28: ='FS Desroches Daily'!BJ30 -> 0 | AI28: ='FS Desroches Daily'!BL30 -> 0 | AJ28: ='FS Desroches Daily'!BN30 -> 0 | AK28: ='FS Desroches Daily'!BP30 -> 0 | AL28: ='FS Desroches Daily'!BR30 -> 0 | AM28: ='FS Desroches Daily'!BT30 -> 0 | AN28: ='FS Desroches Daily'!BV30 -> 0 | AO28: ='FS Desroches Daily'!BX30 -> 0 | AP28: ='FS Desroches Daily'!BZ30 -> 0 | AQ28: ='FS Desroches Daily'!CB30 -> 0 | AR28: ='FS Desroches Daily'!CD30 -> 0 | AS28: ='FS Desroches Daily'!CF30 -> 0 | AT28: ='FS Desroches Daily'!CH30 -> 0 | AU28: ='FS Desroches Daily'!CJ30 -> 0 | AV28: ='FS Desroches Daily'!CL30 -> 0 | AW28: ='FS Desroches Daily'!CM30 -> 0 | AX28: =IF(LPG!F36-LPG!F34<0,"0",(LPG!F36-LPG!F34)*1.8315) -> 0 | AY28: =IF(LPG!H36-LPG!H34<0,"0",(LPG!H36-LPG!H34)*1.8315) -> 0 | AZ28: =IF(LPG!J36-LPG!J34<0,"0",(LPG!J36-LPG!J34)*1.8315) -> 0 | BA28: =IF(LPG!M36-LPG!M34<0,"0",(LPG!M36-LPG!M34)*1.8315) -> 0 | BB28: =IF(LPG!Q35-LPG!Q34<0,"0",(LPG!Q35-LPG!Q34)*1.8315) -> 0 | BC28: ='FS Desroches Daily'!CN30 -> 0
A29: Seychelles at Desroches Island | B29: =B28+1 -> 28 | C29: 1 | D29: 2021 | E29: ='FS Desroches Daily'!D31 -> 0 | F29: ='FS Desroches Daily'!F31 -> 0 | G29: ='FS Desroches Daily'!H31 -> 0 | H29: ='FS Desroches Daily'!J31 -> 0 | I29: ='FS Desroches Daily'!L31 -> 0 | J29: ='FS Desroches Daily'!N31 -> 0 | K29: ='FS Desroches Daily'!P31 -> 0 | L29: ='FS Desroches Daily'!R31 -> 0 | M29: ='FS Desroches Daily'!T31 -> 0 | N29: ='FS Desroches Daily'!V31 -> 0 | O29: ='FS Desroches Daily'!X31 -> 0 | P29: ='FS Desroches Daily'!Z31 -> 0 | Q29: ='FS Desroches Daily'!AB31 -> 0 | R29: ='FS Desroches Daily'!AD31 -> 0 | S29: ='FS Desroches Daily'!AF31 -> 0 | T29: ='FS Desroches Daily'!AH31 -> 0 | U29: ='FS Desroches Daily'!AJ31 -> 0 | V29: ='FS Desroches Daily'!AL31 -> 0 | W29: ='FS Desroches Daily'!AN31 -> 0 | X29: ='FS Desroches Daily'!AP31 -> 0 | Y29: ='FS Desroches Daily'!AR31 -> 0 | Z29: ='FS Desroches Daily'!AT31 -> 0 | AA29: ='FS Desroches Daily'!AT31 -> 0 | AB29: ='FS Desroches Daily'!AV31 -> 0 | AC29: ='FS Desroches Daily'!AZ31 -> 0 | AD29: ='FS Desroches Daily'!BB31 -> 0 | AE29: ='FS Desroches Daily'!BD31 -> 0 | AF29: ='FS Desroches Daily'!BF31 -> 0 | AG29: ='FS Desroches Daily'!BH31 -> 0 | AH29: ='FS Desroches Daily'!BJ31 -> 0 | AI29: ='FS Desroches Daily'!BL31 -> 0 | AJ29: ='FS Desroches Daily'!BN31 -> 0 | AK29: ='FS Desroches Daily'!BP31 -> 0 | AL29: ='FS Desroches Daily'!BR31 -> 0 | AM29: ='FS Desroches Daily'!BT31 -> 0 | AN29: ='FS Desroches Daily'!BV31 -> 0 | AO29: ='FS Desroches Daily'!BX31 -> 0 | AP29: ='FS Desroches Daily'!BZ31 -> 0 | AQ29: ='FS Desroches Daily'!CB31 -> 0 | AR29: ='FS Desroches Daily'!CD31 -> 0 | AS29: ='FS Desroches Daily'!CF31 -> 0 | AT29: ='FS Desroches Daily'!CH31 -> 0 | AU29: ='FS Desroches Daily'!CJ31 -> 0 | AV29: ='FS Desroches Daily'!CL31 -> 0 | AW29: ='FS Desroches Daily'!CM31 -> 0 | AX29: =IF(LPG!F37-LPG!F35<0,"0",(LPG!F37-LPG!F35)*1.8315) -> 0 | AY29: =IF(LPG!H37-LPG!H35<0,"0",(LPG!H37-LPG!H35)*1.8315) -> 0 | AZ29: =IF(LPG!J37-LPG!J35<0,"0",(LPG!J37-LPG!J35)*1.8315) -> 0 | BA29: =IF(LPG!M37-LPG!M35<0,"0",(LPG!M37-LPG!M35)*1.8315) -> 0 | BB29: =IF(LPG!Q36-LPG!Q35<0,"0",(LPG!Q36-LPG!Q35)*1.8315) -> 0 | BC29: ='FS Desroches Daily'!CN31 -> 0
A30: Seychelles at Desroches Island | B30: =B29+1 -> 29 | C30: 1 | D30: 2021 | E30: ='FS Desroches Daily'!D32 -> 0 | F30: ='FS Desroches Daily'!F32 -> 0 | G30: ='FS Desroches Daily'!H32 -> 0 | H30: ='FS Desroches Daily'!J32 -> 0 | I30: ='FS Desroches Daily'!L32 -> 0 | J30: ='FS Desroches Daily'!N32 -> 0 | K30: ='FS Desroches Daily'!P32 -> 0 | L30: ='FS Desroches Daily'!R32 -> 0 | M30: ='FS Desroches Daily'!T32 -> 0 | N30: ='FS Desroches Daily'!V32 -> 0 | O30: ='FS Desroches Daily'!X32 -> 0 | P30: ='FS Desroches Daily'!Z32 -> 0 | Q30: ='FS Desroches Daily'!AB32 -> 0 | R30: ='FS Desroches Daily'!AD32 -> 0 | S30: ='FS Desroches Daily'!AF32 -> 0 | T30: ='FS Desroches Daily'!AH32 -> 0 | U30: ='FS Desroches Daily'!AJ32 -> 0 | V30: ='FS Desroches Daily'!AL32 -> 0 | W30: ='FS Desroches Daily'!AN32 -> 0 | X30: ='FS Desroches Daily'!AP32 -> 0 | Y30: ='FS Desroches Daily'!AR32 -> 0 | Z30: ='FS Desroches Daily'!AT32 -> 0 | AA30: ='FS Desroches Daily'!AT32 -> 0 | AB30: ='FS Desroches Daily'!AV32 -> 0 | AC30: ='FS Desroches Daily'!AZ32 -> 0 | AD30: ='FS Desroches Daily'!BB32 -> 0 | AE30: ='FS Desroches Daily'!BD32 -> 0 | AF30: ='FS Desroches Daily'!BF32 -> 0 | AG30: ='FS Desroches Daily'!BH32 -> 0 | AH30: ='FS Desroches Daily'!BJ32 -> 0 | AI30: ='FS Desroches Daily'!BL32 -> 0 | AJ30: ='FS Desroches Daily'!BN32 -> 0 | AK30: ='FS Desroches Daily'!BP32 -> 0 | AL30: ='FS Desroches Daily'!BR32 -> 0 | AM30: ='FS Desroches Daily'!BT32 -> 0 | AN30: ='FS Desroches Daily'!BV32 -> 0 | AO30: ='FS Desroches Daily'!BX32 -> 0 | AP30: ='FS Desroches Daily'!BZ32 -> 0 | AQ30: ='FS Desroches Daily'!CB32 -> 0 | AR30: ='FS Desroches Daily'!CD32 -> 0 | AS30: ='FS Desroches Daily'!CF32 -> 0 | AT30: ='FS Desroches Daily'!CH32 -> 0 | AU30: ='FS Desroches Daily'!CJ32 -> 0 | AV30: ='FS Desroches Daily'!CL32 -> 0 | AW30: ='FS Desroches Daily'!CM32 -> 0 | AX30: =IF(LPG!F38-LPG!F36<0,"0",(LPG!F38-LPG!F36)*1.8315) -> 0 | AY30: =IF(LPG!H38-LPG!H36<0,"0",(LPG!H38-LPG!H36)*1.8315) -> 0 | AZ30: =IF(LPG!J38-LPG!J36<0,"0",(LPG!J38-LPG!J36)*1.8315) -> 0 | BA30: =IF(LPG!M38-LPG!M36<0,"0",(LPG!M38-LPG!M36)*1.8315) -> 0 | BB30: =IF(LPG!Q37-LPG!Q36<0,"0",(LPG!Q37-LPG!Q36)*1.8315) -> 0 | BC30: ='FS Desroches Daily'!CN32 -> 0
A31: Seychelles at Desroches Island | B31: =B30+1 -> 30 | C31: 1 | D31: 2021 | E31: ='FS Desroches Daily'!D33 -> 0 | F31: ='FS Desroches Daily'!F33 -> 0 | G31: ='FS Desroches Daily'!H33 -> 0 | H31: ='FS Desroches Daily'!J33 -> 0 | I31: ='FS Desroches Daily'!L33 -> 0 | J31: ='FS Desroches Daily'!N33 -> 0 | K31: ='FS Desroches Daily'!P33 -> 0 | L31: ='FS Desroches Daily'!R33 -> 0 | M31: ='FS Desroches Daily'!T33 -> 0 | N31: ='FS Desroches Daily'!V33 -> 0 | O31: ='FS Desroches Daily'!X33 -> 0 | P31: ='FS Desroches Daily'!Z33 -> 0 | Q31: ='FS Desroches Daily'!AB33 -> 0 | R31: ='FS Desroches Daily'!AD33 -> 0 | S31: ='FS Desroches Daily'!AF33 -> 0 | T31: ='FS Desroches Daily'!AH33 -> 0 | U31: ='FS Desroches Daily'!AJ33 -> 0 | V31: ='FS Desroches Daily'!AL33 -> 0 | W31: ='FS Desroches Daily'!AN33 -> 0 | X31: ='FS Desroches Daily'!AP33 -> 0 | Y31: ='FS Desroches Daily'!AR33 -> 0 | Z31: ='FS Desroches Daily'!AT33 -> 0 | AA31: ='FS Desroches Daily'!AT33 -> 0 | AB31: ='FS Desroches Daily'!AV33 -> 0 | AC31: ='FS Desroches Daily'!AZ33 -> 0 | AD31: ='FS Desroches Daily'!BB33 -> 0 | AE31: ='FS Desroches Daily'!BD33 -> 0 | AF31: ='FS Desroches Daily'!BF33 -> 0 | AG31: ='FS Desroches Daily'!BH33 -> 0 | AH31: ='FS Desroches Daily'!BJ33 -> 0 | AI31: ='FS Desroches Daily'!BL33 -> 0 | AJ31: ='FS Desroches Daily'!BN33 -> 0 | AK31: ='FS Desroches Daily'!BP33 -> 0 | AL31: ='FS Desroches Daily'!BR33 -> 0 | AM31: ='FS Desroches Daily'!BT33 -> 0 | AN31: ='FS Desroches Daily'!BV33 -> 0 | AO31: ='FS Desroches Daily'!BX33 -> 0 | AP31: ='FS Desroches Daily'!BZ33 -> 0 | AQ31: ='FS Desroches Daily'!CB33 -> 0 | AR31: ='FS Desroches Daily'!CD33 -> 0 | AS31: ='FS Desroches Daily'!CF33 -> 0 | AT31: ='FS Desroches Daily'!CH33 -> 0 | AU31: ='FS Desroches Daily'!CJ33 -> 0 | AV31: ='FS Desroches Daily'!CL33 -> 0 | AW31: ='FS Desroches Daily'!CM33 -> 0 | AX31: =IF(LPG!F39-LPG!F37<0,"0",(LPG!F39-LPG!F37)*1.8315) -> 0 | AY31: =IF(LPG!H39-LPG!H37<0,"0",(LPG!H39-LPG!H37)*1.8315) -> 0 | AZ31: =IF(LPG!J39-LPG!J37<0,"0",(LPG!J39-LPG!J37)*1.8315) -> 0 | BA31: =IF(LPG!M39-LPG!M37<0,"0",(LPG!M39-LPG!M37)*1.8315) -> 0 | BB31: =IF(LPG!Q38-LPG!Q37<0,"0",(LPG!Q38-LPG!Q37)*1.8315) -> 0 | BC31: ='FS Desroches Daily'!CN33 -> 0
A32: Seychelles at Desroches Island | B32: =B31+1 -> 31 | C32: 1 | D32: 2021 | E32: ='FS Desroches Daily'!D34 -> 0 | F32: ='FS Desroches Daily'!F34 -> 0 | G32: ='FS Desroches Daily'!H34 -> 0 | H32: ='FS Desroches Daily'!J34 -> 0 | I32: ='FS Desroches Daily'!L34 -> 0 | J32: ='FS Desroches Daily'!N34 -> 0 | K32: ='FS Desroches Daily'!P34 -> 0 | L32: ='FS Desroches Daily'!R34 -> 0 | M32: ='FS Desroches Daily'!T34 -> 0 | N32: ='FS Desroches Daily'!V34 -> 0 | O32: ='FS Desroches Daily'!X34 -> 0 | P32: ='FS Desroches Daily'!Z34 -> 0 | Q32: ='FS Desroches Daily'!AB34 -> 0 | R32: ='FS Desroches Daily'!AD34 -> 0 | S32: ='FS Desroches Daily'!AF34 -> 0 | T32: ='FS Desroches Daily'!AH34 -> 0 | U32: ='FS Desroches Daily'!AJ34 -> 0 | V32: ='FS Desroches Daily'!AL34 -> 0 | W32: ='FS Desroches Daily'!AN34 -> 0 | X32: ='FS Desroches Daily'!AP34 -> 0 | Y32: ='FS Desroches Daily'!AR34 -> 0 | Z32: ='FS Desroches Daily'!AT34 -> 0 | AA32: ='FS Desroches Daily'!AT34 -> 0 | AB32: ='FS Desroches Daily'!AV34 -> 0 | AC32: ='FS Desroches Daily'!AZ34 -> 0 | AD32: ='FS Desroches Daily'!BB34 -> 0 | AE32: ='FS Desroches Daily'!BD34 -> 0 | AF32: ='FS Desroches Daily'!BF34 -> 0 | AG32: ='FS Desroches Daily'!BH34 -> 0 | AH32: ='FS Desroches Daily'!BJ34 -> 0 | AI32: ='FS Desroches Daily'!BL34 -> 0 | AJ32: ='FS Desroches Daily'!BN34 -> 0 | AK32: ='FS Desroches Daily'!BP34 -> 0 | AL32: ='FS Desroches Daily'!BR34 -> 0 | AM32: ='FS Desroches Daily'!BT34 -> 0 | AN32: ='FS Desroches Daily'!BV34 -> 0 | AO32: ='FS Desroches Daily'!BX34 -> 0 | AP32: ='FS Desroches Daily'!BZ34 -> 0 | AQ32: ='FS Desroches Daily'!CB34 -> 0 | AR32: ='FS Desroches Daily'!CD34 -> 0 | AS32: ='FS Desroches Daily'!CF34 -> 0 | AT32: ='FS Desroches Daily'!CH34 -> 0 | AU32: ='FS Desroches Daily'!CJ34 -> 0 | AV32: ='FS Desroches Daily'!CL34 -> 0 | AW32: ='FS Desroches Daily'!CM34 -> 0 | AX32: =IF(LPG!F40-LPG!F38<0,"0",(LPG!F40-LPG!F38)*1.8315) -> 0 | AY32: =IF(LPG!H40-LPG!H38<0,"0",(LPG!H40-LPG!H38)*1.8315) -> 0 | AZ32: =IF(LPG!J40-LPG!J38<0,"0",(LPG!J40-LPG!J38)*1.8315) -> 0 | BA32: =IF(LPG!M40-LPG!M38<0,"0",(LPG!M40-LPG!M38)*1.8315) -> 0 | BB32: =IF(LPG!Q39-LPG!Q38<0,"0",(LPG!Q39-LPG!Q38)*1.8315) -> 0 | BC32: ='FS Desroches Daily'!CN34 -> 0
E33: =SUM(E2:E32) -> 7200 | F33: =SUM(F2:F32) -> 4300 | G33: =SUM(G2:G32) -> 4900 | H33: =SUM(H2:H32) -> 2600 | I33: =SUM(I2:I32) -> 4700 | J33: =SUM(J2:J32) -> 1500 | K33: =SUM(K2:K32) -> 2 | L33: =SUM(L2:L32) -> 21 | ... AW33: =SUM(AW2:AW32) -> #VALUE! | AX33: =IF(LPG!F41-LPG!F39<0,"0",(LPG!F41-LPG!F39)*1.8315) -> 0 | AY33: =IF(LPG!H41-LPG!H39<0,"0",(LPG!H41-LPG!H39)*1.8315) -> 0 | AZ33: =IF(LPG!J41-LPG!J39<0,"0",(LPG!J41-LPG!J39)*1.8315) -> 0 | BA33: =IF(LPG!M41-LPG!M39<0,"0",(LPG!M41-LPG!M39)*1.8315) -> 0 | BB33: =SUM(BB2:BB32) -> 10.989 | BC33: =SUM(BC2:BC32) -> 0
E35: =E33/E37 -> 0.618663 | G35: =G33-M36 -> 2971.5 | AE35: =SUM(U33:AE33) -> 5580 | AG35: =SUM(AG33:AP33) -> 582
G36: =G35-633*14 -> -5890.5 | M36: =M33+N33 -> 1928.5
E37: =E33+F33+G33+H33+J33-633*14 -> 11638 | G37: =M36/E37 -> 0.16570717 | M37: =AE35 -> 5580
L38: =M38/E37 -> 0.050008593 | M38: =AG35 -> 582
E39: =19000/30 -> 633.33333

Sheet FS Desroches Daily
A1: Days | C1: TRF CQ6 (GWH) | E1: TRF FQ7 (GWH) | G1: MSB BOH Q8 (GWH) | I1: EX MAIN Q3 (GWH) | K1: TRF DQ2 (GWH) | M1: TRF B Q1 (GWH) | O1: CANCAN shop (KWH) | Q1: CANCAN store (KWH) | S1: laundry EQU P D.B (KWH) | U1: laundry lighting (KWH) | W1: PANTRY 1 MSB-F (MWH) | Y1: PANTRY 2 MSB-E M-kitchen (GWH) | AA1: SPA LIGHT HOUSE MSB-A1 (MWH) | AC1: PANTRY 3 MSB-A near v 22 (MWH) | AE1: PANTRY 4 MSB-B near v 33 (MWH) | AG1: VMC (KWH) | AI1: VILLA 100 (MWH) | AK1: VILLA 101 (MWH) | AM1: VILLA 102 (MWH) | AO1: VILLA 103 (MWH) | AQ1: VILLA 104 (MWH) | AS1: VILLA 105 (MWH) | AU1: VILLA 106 (MWH) | AW1: VILLA 107 (MWH) | AY1: VILLA 108 (MWH) | BA1: VILLA 109 (MWH) | BC1: VILLA 110 (MWH) | BE1: KUMAR& KUMAR | BG1: BLOCK 15 | BI1: BLOCK 16 | BK1: BLOCK 17 | BM1: BLOCK 18 | BO1: BLOCK 19 | BQ1: BLOCK 20 | BS1: BLOCK 21 | BU1: BLOCK 22 | BW1: BLOCK 23 | BY1: BLOCK 24 | CA1: Exhaust Kitchen (Main) | CC1: Exhaust Kitchen (Breakfast) | CE1: Exhaust Lighthouse | CG1: Exhaust Canteen | CI1: Cold Store | CK1: RO Plant | CM1: Water | CP1: Water HOTEL | CR1: Water RES | CT1: PVILLA E-HOUSE LEFT | CV1: PVILLA E-HOUSE RIGHT
A2: Date | C2: Reading GWH | D2: Difference KWH | E2: Reading GWH | F2: Difference KWH | G2: Reading GWH | H2: Difference KWH | I2: Reading GWH | J2: Difference KWH | K2: Reading GWH | L2: Difference KWH | M2: Reading MWH | N2: Difference KWH | O2: Reading KWH | P2: Difference KWH | Q2: Reading KWH | R2: Difference KWH | S2: Reading KWH | T2: Difference KWH | U2: Reading KWH | V2: Difference KWH | W2: Reading MWH | X2: Difference KWH | Y2: Reading GWH | Z2: Difference KWH | AA2: Reading MWH | AB2: Difference KWH | AC2: Reading MWH | AD2: Difference KWH | AE2: Reading MWH | AF2: Difference KWH | AG2: Reading KWH | AH2: Difference KWH | AI2: Reading MWH | AJ2: Difference KWH | AK2: Reading KWH | AL2: Difference KWH | AM2: Reading KWH | AN2: Difference KWH | AO2: Reading KWH | AP2: Difference KWH | AQ2: Reading MWH | AR2: Difference KWH | AS2: Reading MWH | AT2: Difference KWH | AU2: Reading MWH | AV2: Difference KWH | AW2: Reading MWH | AX2: Difference KWH | AY2: Reading MWH | AZ2: Difference KWH | BA2: Reading MWH | BB2: Difference KWH | BC2: Reading MWH | BD2: Difference KWH | BE2: Reading KWH | BF2: Difference KWH | BG2: Reading MWH | BH2: Difference KWH | BI2: Reading MWH | BJ2: Difference KWH | BK2: Reading MWH | BL2: Difference KWH | BM2: Reading MWH | BN2: Difference KWH | BO2: Reading MWH | BP2: Difference KWH | BQ2: Reading KWH | BR2: Difference KWH | BS2: Reading MWH | BT2: Difference KWH | BU2: Reading KWH | BV2: Difference KWH | BW2: Reading MWH | BX2: Difference KWH | BY2: Reading KWH | BZ2: Difference KWH | CA2: Reading KWH | CB2: Difference KWH | CC2: Reading KWH | CD2: Difference KWH | CE2: Reading KWH | CF2: Difference KWH | CG2: Reading KWH | CH2: Difference KWH | CI2: Reading KWH | CJ2: Difference KWH | CK2: Reading MWH | CL2: Difference KWH | CM2: m3 | CN2: ROOM NIGHTS | CO2: TOTAL GUESTS | CP2: Reading m3 | CQ2: Difference | CR2: Reading m3 | CS2: Difference | CT2: Reading KWH | CU2: Difference KWH | CV2: Reading KWH | CW2: Difference KWH
A3: 44196 | C3: 2.0031 | E3: 2.8797 | G3: 2.9075 | I3: 1.4198 | K3: 2.2786 | M3: 1.3132 | O3: 12723 | Q3: 155 | S3: 884846.4 | U3: 364624.4 | W3: 355.57 | Y3: 2.5172 | AA3: 350.33 | AC3: 335.77 | AE3: 521.17 | AG3: 1502.2 | AI3: 515.21 | AK3: 179.45 | AM3: 178.04 | AO3: 169.52 | AQ3: 228.13 | AS3: 355.18 | AU3: 274.14 | AW3: 302.83 | AY3: 354.38 | BA3: 375.68 | BC3: 236.1 | BE3: 34141 | BG3: 227.86 | BI3: 286.4 | BK3: 232.63 | BM3: 217.53 | BO3: 282.91 | BQ3: 41420 | BS3: 196.08 | BU3: 34793 | BW3: 227.58 | BY3: 53045 | CA3: 28380.9 | CC3: 11255.6 | CE3: 5589.7 | CG3: 53097.2 | CI3: 901444 | CK3: 659.11 | CN3: 0 | CO3: 0 | CP3: 3010.4 | CR3: 11588 | CT3: 4212 | CV3: 11167
A4: 44197 | C4: 2.0068 | D4: =IF((C4-C3<0), "0",(C4-C3)*1000000) -> 3700 | E4: 2.882 | F4: =IF((E4-E3<0), "0",(E4-E3)*1000000) -> 2300 | G4: 2.9097 | H4: =IF((G4-G3<0), "0",(G4-G3)*1000000) -> 2200 | I4: 1.4211 | J4: =IF((I4-I3<0), "0",(I4-I3)*1000000) -> 1300 | K4: 2.2808 | L4: =IF((K4-K3<0), "0",(K4-K3)*1000000) -> 2200 | M4: 1.3139 | N4: =IF((M4-M3<0), "",(M4-M3)*1000000) -> 700 | O4: 12724 | P4: =IF((O4-O3<0), "",O4-O3) -> 1 | Q4: 165 | R4: =IF((Q4-Q3<0), "",Q4-Q3) -> 10 | S4: 885516.9 | T4: =IF((S4-S3<0), "",S4-S3) -> 670.5 | U4: 364932.9 | V4: =IF((U4-U3<0), "",U4-U3) -> 308.5 | W4: 355.76 | X4: =IF((W4-W3<0), "",(W4-W3)*1000) -> 190 | Y4: 2.5193 | Z4: =IF((Y4-Y3<0), "",(Y4-Y3)*1000000) -> 2100 | AA4: 350.65 | AB4: =IF((AA4-AA3<0), "",(AA4-AA3)*1000) -> 320 | AC4: 335.92 | AD4: =IF((AC4-AC3<0), "",(AC4-AC3)*1000) -> 150 | AE4: 521.36 | AF4: =IF((AE4-AE3<0), "",(AE4-AE3)*1000) -> 190 | AG4: 1503.4 | AH4: =IF((AG4-AG3<0), "",AG4-AG3) -> 1.2 | AI4: 516.28 | AJ4: =IF((AI4-AI3<0), "",(AI4-AI3)*1000) -> 1070 | AK4: 179.6 | AL4: =IF((AK4-AK3<0), "",(AK4-AK3)*1000) -> 150 | AM4: 178.16 | AN4: =IF((AM4-AM3<0), "",(AM4-AM3)*1000) -> 120 | AO4: 169.62 | AP4: =IF((AO4-AO3<0), "",(AO4-AO3)*1000) -> 100 | AQ4: 228.22 | AR4: =IF((AQ4-AQ3<0), "",(AQ4-AQ3)*1000) -> 90 | AS4: 355.39 | AT4: =IF((AS4-AS3<0), "",(AS4-AS3)*1000) -> 210 | AU4: 274.26 | AV4: =IF((AU4-AU3<0), "",(AU4-AU3)*1000) -> 120 | AW4: 303.12 | AX4: =IF((AW4-AW3<0), "",(AW4-AW3)*1000) -> 290 | AY4: 354.58 | AZ4: =IF((AY4-AY3<0), "",(AY4-AY3)*1000) -> 200 | BA4: 375.96 | BB4: =IF((BA4-BA3<0), "",(BA4-BA3)*1000) -> 280 | BC4: 236.15 | BD4: =IF((BC4-BC3<0), "",(BC4-BC3)*1000) -> 50 | BE4: 34192 | BF4: =IF((BE4-BE3<0), "",BE4-BE3) -> 51 | BG4: 227.9 | BH4: =IF((BG4-BG3<0), "",(BG4-BG3)*1000) -> 40 | BI4: 286.45 | BJ4: =IF((BI4-BI3<0), "",(BI4-BI3)*1000) -> 50 | BK4: 232.66 | BL4: =IF((BK4-BK3<0), "",(BK4-BK3)*1000) -> 30 | BM4: 217.55 | BN4: =IF((BM4-BM3<0), "",(BM4-BM3)*1000) -> 20 | BO4: 282.94 | BP4: =IF((BO4-BO3<0), "",(BO4-BO3)*1000) -> 30 | BQ4: 41437 | BR4: =IF((BQ4-BQ3<0), "",BQ4-BQ3) -> 17 | BS4: 196.11 | BT4: =IF((BS4-BS3<0), "",(BS4-BS3)*1000) -> 30 | BU4: 34823 | BV4: =IF((BU4-BU3<0), "",BU4-BU3) -> 30 | BW4: 227.6 | BX4: =IF((BW4-BW3<0), "",(BW4-BW3)*1000) -> 20 | BY4: 53075 | BZ4: =IF((BY4-BY3<0), "",BY4-BY3) -> 30 | CA4: 28421.7 | CB4: =IF((CA4-CA3<0), "",CA4-CA3) -> 40.8 | CC4: 11255.6 | CD4: =IF((CC4-CC3<0), "",CC4-CC3) -> 0 | CE4: 5596.4 | CF4: =IF((CE4-CE3<0), "",CE4-CE3) -> 6.7 | CG4: 53137 | CH4: =IF((CG4-CG3<0), "",CG4-CG3) -> 39.8 | CI4: 901689 | CJ4: =IF((CI4-CI3<0), "",CI4-CI3) -> 245 | CK4: 659.66 | CL4: =IF((CK4-CK3<0), "",(CK4-CK3)*1000) -> 550 | CM4: =CQ4+CS4 -> 48.9 | CN4: 0 | CO4: 0 | CP4: 3042.3 | CQ4: =IF((CP4-CP3<0), "",CP4-CP3) -> 31.9 | CR4: 11605 | CS4: =IF((CR4-CR3<0), "",CR4-CR3) -> 17 | CT4: 4226 | CU4: =IF((CT4-CT3<0), "",CT4-CT3) -> 14 | CV4: 11208 | CW4: =IF((CV4-CV3<0), "",CV4-CV3) -> 41
A5: 44198 | C5: 2.0103 | D5: =IF((C5-C4<0), "0",(C5-C4)*1000000) -> 3500 | E5: 2.884 | F5: =IF((E5-E4<0), "0",(E5-E4)*1000000) -> 2000 | G5: 2.9124 | H5: =IF((G5-G4<0), "0",(G5-G4)*1000000) -> 2700 | I5: 1.4224 | J5: =IF((I5-I4<0), "0",(I5-I4)*1000000) -> 1300 | K5: 2.2833 | L5: =IF((K5-K4<0), "0",(K5-K4)*1000000) -> 2500 | M5: 1.3147 | N5: =IF((M5-M4<0), "",(M5-M4)*1000000) -> 800 | O5: 12725 | P5: =IF((O5-O4<0), "",O5-O4) -> 1 | Q5: 176 | R5: =IF((Q5-Q4<0), "",Q5-Q4) -> 11 | S5: 886184.4 | T5: =IF((S5-S4<0), "",S5-S4) -> 667.5 | U5: 365214.9 | V5: =IF((U5-U4<0), "",U5-U4) -> 282 | W5: 355.96 | X5: =IF((W5-W4<0), "",(W5-W4)*1000) -> 200 | Y5: 2.521 | Z5: =IF((Y5-Y4<0), "",(Y5-Y4)*1000000) -> 1700 | AA5: 350.99 | AB5: =IF((AA5-AA4<0), "",(AA5-AA4)*1000) -> 340 | AC5: 336.1 | AD5: =IF((AC5-AC4<0), "",(AC5-AC4)*1000) -> 180 | AE5: 521.54 | AF5: =IF((AE5-AE4<0), "",(AE5-AE4)*1000) -> 180 | AG5: 1505.1 | AH5: =IF((AG5-AG4<0), "",AG5-AG4) -> 1.7 | AI5: 517.44 | AJ5: =IF((AI5-AI4<0), "",(AI5-AI4)*1000) -> 1160 | AK5: 179.79 | AL5: =IF((AK5-AK4<0), "",(AK5-AK4)*1000) -> 190 | AM5: 178.29 | AN5: =IF((AM5-AM4<0), "",(AM5-AM4)*1000) -> 130 | AO5: 169.75 | AP5: =IF((AO5-AO4<0), "",(AO5-AO4)*1000) -> 130 | AQ5: 228.34 | AR5: =IF((AQ5-AQ4<0), "",(AQ5-AQ4)*1000) -> 120 | AS5: 355.64 | AT5: =IF((AS5-AS4<0), "",(AS5-AS4)*1000) -> 250 | AU5: 274.39 | AV5: =IF((AU5-AU4<0), "",(AU5-AU4)*1000) -> 130 | AW5: 303.49 | AX5: =IF((AW5-AW4<0), "",(AW5-AW4)*1000) -> 370 | AY5: 354.82 | AZ5: =IF((AY5-AY4<0), "",(AY5-AY4)*1000) -> 240 | BA5: 376.29 | BB5: =IF((BA5-BA4<0), "",(BA5-BA4)*1000) -> 330 | BC5: 236.2 | BD5: =IF((BC5-BC4<0), "",(BC5-BC4)*1000) -> 50 | BE5: 34222 | BF5: =IF((BE5-BE4<0), "",BE5-BE4) -> 30 | BG5: 227.93 | BH5: =IF((BG5-BG4<0), "",(BG5-BG4)*1000) -> 30 | BI5: 286.49 | BJ5: =IF((BI5-BI4<0), "",(BI5-BI4)*1000) -> 40 | BK5: 232.68 | BL5: =IF((BK5-BK4<0), "",(BK5-BK4)*1000) -> 20 | BM5: 217.58 | BN5: =IF((BM5-BM4<0), "",(BM5-BM4)*1000) -> 30 | BO5: 282.97 | BP5: =IF((BO5-BO4<0), "",(BO5-BO4)*1000) -> 30 | BQ5: 41456 | BR5: =IF((BQ5-BQ4<0), "",BQ5-BQ4) -> 19 | BS5: 196.13 | BT5: =IF((BS5-BS4<0), "",(BS5-BS4)*1000) -> 20 | BU5: 34859 | BV5: =IF((BU5-BU4<0), "",BU5-BU4) -> 36 | BW5: 227.63 | BX5: =IF((BW5-BW4<0), "",(BW5-BW4)*1000) -> 30 | BY5: 53105 | BZ5: =IF((BY5-BY4<0), "",BY5-BY4) -> 30 | CA5: 28443.3 | CB5: =IF((CA5-CA4<0), "",CA5-CA4) -> 21.6 | CC5: 11255.6 | CD5: =IF((CC5-CC4<0), "",CC5-CC4) -> 0 | CE5: 5604.8 | CF5: =IF((CE5-CE4<0), "",CE5-CE4) -> 8.4 | CG5: 53191.6 | CH5: =IF((CG5-CG4<0), "",CG5-CG4) -> 54.6 | CI5: 901973 | CJ5: =IF((CI5-CI4<0), "",CI5-CI4) -> 284 | CK5: 660.34 | CL5: =IF((CK5-CK4<0), "",(CK5-CK4)*1000) -> 680 | CM5: =CQ5+CS5 -> 62.2 | CN5: 0 | CO5: 0 | CP5: 3088.5 | CQ5: =IF((CP5-CP4<0), "",CP5-CP4) -> 46.2 | CR5: 11621 | CS5: =IF((CR5-CR4<0), "",CR5-CR4) -> 16 | CT5: 4239 | CU5: =IF((CT5-CT4<0), "",CT5-CT4) -> 13 | CV5: 11263 | CW5: =IF((CV5-CV4<0), "",CV5-CV4) -> 55
A6: 44199 | D6: =IF((C6-C5<0), "0",(C6-C5)*1000000) -> 0 | F6: =IF((E6-E5<0), "0",(E6-E5)*1000000) -> 0 | H6: =IF((G6-G5<0), "0",(G6-G5)*1000000) -> 0 | J6: =IF((I6-I5<0), "0",(I6-I5)*1000000) -> 0 | L6: =IF((K6-K5<0), "0",(K6-K5)*1000000) -> 0 | N6: =IF((M6-M5<0), "",(M6-M5)*1000000) | P6: =IF((O6-O5<0), "",O6-O5) | R6: =IF((Q6-Q5<0), "",Q6-Q5) | T6: =IF((S6-S5<0), "",S6-S5) | V6: =IF((U6-U5<0), "",U6-U5) | X6: =IF((W6-W5<0), "",(W6-W5)*1000) | Z6: =IF((Y6-Y5<0), "",(Y6-Y5)*1000000) | AB6: =IF((AA6-AA5<0), "",(AA6-AA5)*1000) | AD6: =IF((AC6-AC5<0), "",(AC6-AC5)*1000) | AF6: =IF((AE6-AE5<0), "",(AE6-AE5)*1000) | AH6: =IF((AG6-AG5<0), "",AG6-AG5) | AJ6: =IF((AI6-AI5<0), "",(AI6-AI5)*1000) | AL6: =IF((AK6-AK5<0), "",(AK6-AK5)*1000) | AN6: =IF((AM6-AM5<0), "",(AM6-AM5)*1000) | AP6: =IF((AO6-AO5<0), "",(AO6-AO5)*1000) | AR6: =IF((AQ6-AQ5<0), "",(AQ6-AQ5)*1000) | AT6: =IF((AS6-AS5<0), "",(AS6-AS5)*1000) | AV6: =IF((AU6-AU5<0), "",(AU6-AU5)*1000) | AX6: =IF((AW6-AW5<0), "",(AW6-AW5)*1000) | AZ6: =IF((AY6-AY5<0), "",(AY6-AY5)*1000) | BB6: =IF((BA6-BA5<0), "",(BA6-BA5)*1000) | BD6: =IF((BC6-BC5<0), "",(BC6-BC5)*1000) | BF6: =IF((BE6-BE5<0), "",BE6-BE5) | BH6: =IF((BG6-BG5<0), "",(BG6-BG5)*1000) | BJ6: =IF((BI6-BI5<0), "",(BI6-BI5)*1000) | BL6: =IF((BK6-BK5<0), "",(BK6-BK5)*1000) | BN6: =IF((BM6-BM5<0), "",(BM6-BM5)*1000) | BP6: =IF((BO6-BO5<0), "",(BO6-BO5)*1000) | BR6: =IF((BQ6-BQ5<0), "",BQ6-BQ5) | BT6: =IF((BS6-BS5<0), "",(BS6-BS5)*1000) | BV6: =IF((BU6-BU5<0), "",BU6-BU5) | BX6: =IF((BW6-BW5<0), "",(BW6-BW5)*1000) | BZ6: =IF((BY6-BY5<0), "",BY6-BY5) | CB6: =IF((CA6-CA5<0), "",CA6-CA5) | CD6: =IF((CC6-CC5<0), "",CC6-CC5) | CF6: =IF((CE6-CE5<0), "",CE6-CE5) | CH6: =IF((CG6-CG5<0), "",CG6-CG5) | CJ6: =IF((CI6-CI5<0), "",CI6-CI5) | CL6: =IF((CK6-CK5<0), "",(CK6-CK5)*1000) | CM6: =CQ6+CS6 -> #VALUE! | CN6: 0 | CO6: 0 | CQ6: =IF((CP6-CP5<0), "",CP6-CP5) | CS6: =IF((CR6-CR5<0), "",CR6-CR5) | CU6: =IF((CT6-CT5<0), "",CT6-CT5) | CW6: =IF((CV6-CV5<0), "",CV6-CV5)
A7: 44200 | D7: =IF((C7-C6<0), "0",(C7-C6)*1000000) -> 0 | F7: =IF((E7-E6<0), "0",(E7-E6)*1000000) -> 0 | H7: =IF((G7-G6<0), "0",(G7-G6)*1000000) -> 0 | J7: =IF((I7-I6<0), "0",(I7-I6)*1000000) -> 0 | L7: =IF((K7-K6<0), "0",(K7-K6)*1000000) -> 0 | N7: =IF((M7-M6<0), "",(M7-M6)*1000000) -> 0 | P7: =IF((O7-O6<0), "",O7-O6) -> 0 | R7: =IF((Q7-Q6<0), "",Q7-Q6) -> 0 | T7: =IF((S7-S6<0), "",S7-S6) -> 0 | V7: =IF((U7-U6<0), "",U7-U6) -> 0 | X7: =IF((W7-W6<0), "",(W7-W6)*1000) -> 0 | Z7: =IF((Y7-Y6<0), "",(Y7-Y6)*1000000) -> 0 | AB7: =IF((AA7-AA6<0), "",(AA7-AA6)*1000) -> 0 | AD7: =IF((AC7-AC6<0), "",(AC7-AC6)*1000) -> 0 | AF7: =IF((AE7-AE6<0), "",(AE7-AE6)*1000) -> 0 | AH7: =IF((AG7-AG6<0), "",AG7-AG6) -> 0 | AJ7: =IF((AI7-AI6<0), "",(AI7-AI6)*1000) -> 0 | AL7: =IF((AK7-AK6<0), "",(AK7-AK6)*1000) -> 0 | AN7: =IF((AM7-AM6<0), "",(AM7-AM6)*1000) -> 0 | AP7: =IF((AO7-AO6<0), "",(AO7-AO6)*1000) -> 0 | AR7: =IF((AQ7-AQ6<0), "",(AQ7-AQ6)*1000) -> 0 | AT7: =IF((AS7-AS6<0), "",(AS7-AS6)*1000) -> 0 | AV7: =IF((AU7-AU6<0), "",(AU7-AU6)*1000) -> 0 | AX7: =IF((AW7-AW6<0), "",(AW7-AW6)*1000) -> 0 | AZ7: =IF((AY7-AY6<0), "",(AY7-AY6)*1000) -> 0 | BB7: =IF((BA7-BA6<0), "",(BA7-BA6)*1000) -> 0 | BD7: =IF((BC7-BC6<0), "",(BC7-BC6)*1000) -> 0 | BF7: =IF((BE7-BE6<0), "",BE7-BE6) -> 0 | BH7: =IF((BG7-BG6<0), "",(BG7-BG6)*1000) -> 0 | BJ7: =IF((BI7-BI6<0), "",(BI7-BI6)*1000) -> 0 | BL7: =IF((BK7-BK6<0), "",(BK7-BK6)*1000) -> 0 | BN7: =IF((BM7-BM6<0), "",(BM7-BM6)*1000) -> 0 | BP7: =IF((BO7-BO6<0), "",(BO7-BO6)*1000) -> 0 | BR7: =IF((BQ7-BQ6<0), "",BQ7-BQ6) -> 0 | BT7: =IF((BS7-BS6<0), "",(BS7-BS6)*1000) -> 0 | BV7: =IF((BU7-BU6<0), "",BU7-BU6) -> 0 | BX7: =IF((BW7-BW6<0), "",(BW7-BW6)*1000) -> 0 | BZ7: =IF((BY7-BY6<0), "",BY7-BY6) -> 0 | CB7: =IF((CA7-CA6<0), "",CA7-CA6) -> 0 | CD7: =IF((CC7-CC6<0), "",CC7-CC6) -> 0 | CF7: =IF((CE7-CE6<0), "",CE7-CE6) -> 0 | CH7: =IF((CG7-CG6<0), "",CG7-CG6) -> 0 | CJ7: =IF((CI7-CI6<0), "",CI7-CI6) -> 0 | CL7: =IF((CK7-CK6<0), "",(CK7-CK6)*1000) -> 0 | CM7: =CQ7+CS7 -> 0 | CN7: 0 | CO7: 0 | CQ7: =IF((CP7-CP6<0), "",CP7-CP6) -> 0 | CS7: =IF((CR7-CR6<0), "",CR7-CR6) -> 0 | CU7: =IF((CT7-CT6<0), "",CT7-CT6) -> 0 | CW7: =IF((CV7-CV6<0), "",CV7-CV6) -> 0
A8: 44201 | D8: =IF((C8-C7<0), "0",(C8-C7)*1000000) -> 0 | F8: =IF((E8-E7<0), "0",(E8-E7)*1000000) -> 0 | H8: =IF((G8-G7<0), "0",(G8-G7)*1000000) -> 0 | J8: =IF((I8-I7<0), "0",(I8-I7)*1000000) -> 0 | L8: =IF((K8-K7<0), "0",(K8-K7)*1000000) -> 0 | N8: =IF((M8-M7<0), "",(M8-M7)*1000000) -> 0 | P8: =IF((O8-O7<0), "",O8-O7) -> 0 | R8: =IF((Q8-Q7<0), "",Q8-Q7) -> 0 | T8: =IF((S8-S7<0), "",S8-S7) -> 0 | V8: =IF((U8-U7<0), "",U8-U7) -> 0 | X8: =IF((W8-W7<0), "",(W8-W7)*1000) -> 0 | Z8: =IF((Y8-Y7<0), "",(Y8-Y7)*1000000) -> 0 | AB8: =IF((AA8-AA7<0), "",(AA8-AA7)*1000) -> 0 | AD8: =IF((AC8-AC7<0), "",(AC8-AC7)*1000) -> 0 | AF8: =IF((AE8-AE7<0), "",(AE8-AE7)*1000) -> 0 | AH8: =IF((AG8-AG7<0), "",AG8-AG7) -> 0 | AJ8: =IF((AI8-AI7<0), "",(AI8-AI7)*1000) -> 0 | AL8: =IF((AK8-AK7<0), "",(AK8-AK7)*1000) -> 0 | AN8: =IF((AM8-AM7<0), "",(AM8-AM7)*1000) -> 0 | AP8: =IF((AO8-AO7<0), "",(AO8-AO7)*1000) -> 0 | AR8: =IF((AQ8-AQ7<0), "",(AQ8-AQ7)*1000) -> 0 | AT8: =IF((AS8-AS7<0), "",(AS8-AS7)*1000) -> 0 | AV8: =IF((AU8-AU7<0), "",(AU8-AU7)*1000) -> 0 | AX8: =IF((AW8-AW7<0), "",(AW8-AW7)*1000) -> 0 | AZ8: =IF((AY8-AY7<0), "",(AY8-AY7)*1000) -> 0 | BB8: =IF((BA8-BA7<0), "",(BA8-BA7)*1000) -> 0 | BD8: =IF((BC8-BC7<0), "",(BC8-BC7)*1000) -> 0 | BF8: =IF((BE8-BE7<0), "",BE8-BE7) -> 0 | BH8: =IF((BG8-BG7<0), "",(BG8-BG7)*1000) -> 0 | BJ8: =IF((BI8-BI7<0), "",(BI8-BI7)*1000) -> 0 | BL8: =IF((BK8-BK7<0), "",(BK8-BK7)*1000) -> 0 | BN8: =IF((BM8-BM7<0), "",(BM8-BM7)*1000) -> 0 | BP8: =IF((BO8-BO7<0), "",(BO8-BO7)*1000) -> 0 | BR8: =IF((BQ8-BQ7<0), "",BQ8-BQ7) -> 0 | BT8: =IF((BS8-BS7<0), "",(BS8-BS7)*1000) -> 0 | BV8: =IF((BU8-BU7<0), "",BU8-BU7) -> 0 | BX8: =IF((BW8-BW7<0), "",(BW8-BW7)*1000) -> 0 | BZ8: =IF((BY8-BY7<0), "",BY8-BY7) -> 0 | CB8: =IF((CA8-CA7<0), "",CA8-CA7) -> 0 | CD8: =IF((CC8-CC7<0), "",CC8-CC7) -> 0 | CF8: =IF((CE8-CE7<0), "",CE8-CE7) -> 0 | CH8: =IF((CG8-CG7<0), "",CG8-CG7) -> 0 | CJ8: =IF((CI8-CI7<0), "",CI8-CI7) -> 0 | CL8: =IF((CK8-CK7<0), "",(CK8-CK7)*1000) -> 0 | CM8: =CQ8+CS8 -> 0 | CN8: 0 | CO8: 0 | CQ8: =IF((CP8-CP7<0), "",CP8-CP7) -> 0 | CS8: =IF((CR8-CR7<0), "",CR8-CR7) -> 0 | CU8: =IF((CT8-CT7<0), "",CT8-CT7) -> 0 | CW8: =IF((CV8-CV7<0), "",CV8-CV7) -> 0
A9: 44202 | D9: =IF((C9-C8<0), "0",(C9-C8)*1000000) -> 0 | F9: =IF((E9-E8<0), "0",(E9-E8)*1000000) -> 0 | H9: =IF((G9-G8<0), "0",(G9-G8)*1000000) -> 0 | J9: =IF((I9-I8<0), "0",(I9-I8)*1000000) -> 0 | L9: =IF((K9-K8<0), "0",(K9-K8)*1000000) -> 0 | N9: =IF((M9-M8<0), "",(M9-M8)*1000000) -> 0 | P9: =IF((O9-O8<0), "",O9-O8) -> 0 | R9: =IF((Q9-Q8<0), "",Q9-Q8) -> 0 | T9: =IF((S9-S8<0), "",S9-S8) -> 0 | V9: =IF((U9-U8<0), "",U9-U8) -> 0 | X9: =IF((W9-W8<0), "",(W9-W8)*1000) -> 0 | Z9: =IF((Y9-Y8<0), "",(Y9-Y8)*1000000) -> 0 | AB9: =IF((AA9-AA8<0), "",(AA9-AA8)*1000) -> 0 | AD9: =IF((AC9-AC8<0), "",(AC9-AC8)*1000) -> 0 | AF9: =IF((AE9-AE8<0), "",(AE9-AE8)*1000) -> 0 | AH9: =IF((AG9-AG8<0), "",AG9-AG8) -> 0 | AJ9: =IF((AI9-AI8<0), "",(AI9-AI8)*1000) -> 0 | AL9: =IF((AK9-AK8<0), "",(AK9-AK8)*1000) -> 0 | AN9: =IF((AM9-AM8<0), "",(AM9-AM8)*1000) -> 0 | AP9: =IF((AO9-AO8<0), "",(AO9-AO8)*1000) -> 0 | AR9: =IF((AQ9-AQ8<0), "",(AQ9-AQ8)*1000) -> 0 | AT9: =IF((AS9-AS8<0), "",(AS9-AS8)*1000) -> 0 | AV9: =IF((AU9-AU8<0), "",(AU9-AU8)*1000) -> 0 | AX9: =IF((AW9-AW8<0), "",(AW9-AW8)*1000) -> 0 | AZ9: =IF((AY9-AY8<0), "",(AY9-AY8)*1000) -> 0 | BB9: =IF((BA9-BA8<0), "",(BA9-BA8)*1000) -> 0 | BD9: =IF((BC9-BC8<0), "",(BC9-BC8)*1000) -> 0 | BF9: =IF((BE9-BE8<0), "",BE9-BE8) -> 0 | BH9: =IF((BG9-BG8<0), "",(BG9-BG8)*1000) -> 0 | BJ9: =IF((BI9-BI8<0), "",(BI9-BI8)*1000) -> 0 | BL9: =IF((BK9-BK8<0), "",(BK9-BK8)*1000) -> 0 | BN9: =IF((BM9-BM8<0), "",(BM9-BM8)*1000) -> 0 | BP9: =IF((BO9-BO8<0), "",(BO9-BO8)*1000) -> 0 | BR9: =IF((BQ9-BQ8<0), "",BQ9-BQ8) -> 0 | BT9: =IF((BS9-BS8<0), "",(BS9-BS8)*1000) -> 0 | BV9: =IF((BU9-BU8<0), "",BU9-BU8) -> 0 | BX9: =IF((BW9-BW8<0), "",(BW9-BW8)*1000) -> 0 | BZ9: =IF((BY9-BY8<0), "",BY9-BY8) -> 0 | CB9: =IF((CA9-CA8<0), "",CA9-CA8) -> 0 | CD9: =IF((CC9-CC8<0), "",CC9-CC8) -> 0 | CF9: =IF((CE9-CE8<0), "",CE9-CE8) -> 0 | CH9: =IF((CG9-CG8<0), "",CG9-CG8) -> 0 | CJ9: =IF((CI9-CI8<0), "",CI9-CI8) -> 0 | CL9: =IF((CK9-CK8<0), "",(CK9-CK8)*1000) -> 0 | CM9: =CQ9+CS9 -> 0 | CN9: 0 | CO9: 0 | CQ9: =IF((CP9-CP8<0), "",CP9-CP8) -> 0 | CS9: =IF((CR9-CR8<0), "",CR9-CR8) -> 0 | CU9: =IF((CT9-CT8<0), "",CT9-CT8) -> 0 | CW9: =IF((CV9-CV8<0), "",CV9-CV8) -> 0
A10: 44203 | D10: =IF((C10-C9<0), "0",(C10-C9)*1000000) -> 0 | F10: =IF((E10-E9<0), "0",(E10-E9)*1000000) -> 0 | H10: =IF((G10-G9<0), "0",(G10-G9)*1000000) -> 0 | J10: =IF((I10-I9<0), "0",(I10-I9)*1000000) -> 0 | L10: =IF((K10-K9<0), "0",(K10-K9)*1000000) -> 0 | N10: =IF((M10-M9<0), "",(M10-M9)*1000000) -> 0 | P10: =IF((O10-O9<0), "",O10-O9) -> 0 | R10: =IF((Q10-Q9<0), "",Q10-Q9) -> 0 | T10: =IF((S10-S9<0), "",S10-S9) -> 0 | V10: =IF((U10-U9<0), "",U10-U9) -> 0 | X10: =IF((W10-W9<0), "",(W10-W9)*1000) -> 0 | Z10: =IF((Y10-Y9<0), "",(Y10-Y9)*1000000) -> 0 | AB10: =IF((AA10-AA9<0), "",(AA10-AA9)*1000) -> 0 | AD10: =IF((AC10-AC9<0), "",(AC10-AC9)*1000) -> 0 | AF10: =IF((AE10-AE9<0), "",(AE10-AE9)*1000) -> 0 | AH10: =IF((AG10-AG9<0), "",AG10-AG9) -> 0 | AJ10: =IF((AI10-AI9<0), "",(AI10-AI9)*1000) -> 0 | AL10: =IF((AK10-AK9<0), "",(AK10-AK9)*1000) -> 0 | AN10: =IF((AM10-AM9<0), "",(AM10-AM9)*1000) -> 0 | AP10: =IF((AO10-AO9<0), "",(AO10-AO9)*1000) -> 0 | AR10: =IF((AQ10-AQ9<0), "",(AQ10-AQ9)*1000) -> 0 | AT10: =IF((AS10-AS9<0), "",(AS10-AS9)*1000) -> 0 | AV10: =IF((AU10-AU9<0), "",(AU10-AU9)*1000) -> 0 | AX10: =IF((AW10-AW9<0), "",(AW10-AW9)*1000) -> 0 | AZ10: =IF((AY10-AY9<0), "",(AY10-AY9)*1000) -> 0 | BB10: =IF((BA10-BA9<0), "",(BA10-BA9)*1000) -> 0 | BD10: =IF((BC10-BC9<0), "",(BC10-BC9)*1000) -> 0 | BF10: =IF((BE10-BE9<0), "",BE10-BE9) -> 0 | BH10: =IF((BG10-BG9<0), "",(BG10-BG9)*1000) -> 0 | BJ10: =IF((BI10-BI9<0), "",(BI10-BI9)*1000) -> 0 | BL10: =IF((BK10-BK9<0), "",(BK10-BK9)*1000) -> 0 | BN10: =IF((BM10-BM9<0), "",(BM10-BM9)*1000) -> 0 | BP10: =IF((BO10-BO9<0), "",(BO10-BO9)*1000) -> 0 | BR10: =IF((BQ10-BQ9<0), "",BQ10-BQ9) -> 0 | BT10: =IF((BS10-BS9<0), "",(BS10-BS9)*1000) -> 0 | BV10: =IF((BU10-BU9<0), "",BU10-BU9) -> 0 | BX10: =IF((BW10-BW9<0), "",(BW10-BW9)*1000) -> 0 | BZ10: =IF((BY10-BY9<0), "",BY10-BY9) -> 0 | CB10: =IF((CA10-CA9<0), "",CA10-CA9) -> 0 | CD10: =IF((CC10-CC9<0), "",CC10-CC9) -> 0 | CF10: =IF((CE10-CE9<0), "",CE10-CE9) -> 0 | CH10: =IF((CG10-CG9<0), "",CG10-CG9) -> 0 | CJ10: =IF((CI10-CI9<0), "",CI10-CI9) -> 0 | CL10: =IF((CK10-CK9<0), "",(CK10-CK9)*1000) -> 0 | CM10: =CQ10+CS10 -> 0 | CN10: 0 | CO10: 0 | CQ10: =IF((CP10-CP9<0), "",CP10-CP9) -> 0 | CS10: =IF((CR10-CR9<0), "",CR10-CR9) -> 0 | CU10: =IF((CT10-CT9<0), "",CT10-CT9) -> 0 | CW10: =IF((CV10-CV9<0), "",CV10-CV9) -> 0
A11: 44204 | D11: =IF((C11-C10<0), "0",(C11-C10)*1000000) -> 0 | F11: =IF((E11-E10<0), "0",(E11-E10)*1000000) -> 0 | H11: =IF((G11-G10<0), "0",(G11-G10)*1000000) -> 0 | J11: =IF((I11-I10<0), "0",(I11-I10)*1000000) -> 0 | L11: =IF((K11-K10<0), "0",(K11-K10)*1000000) -> 0 | N11: =IF((M11-M10<0), "",(M11-M10)*1000000) -> 0 | P11: =IF((O11-O10<0), "",O11-O10) -> 0 | R11: =IF((Q11-Q10<0), "",Q11-Q10) -> 0 | T11: =IF((S11-S10<0), "",S11-S10) -> 0 | V11: =IF((U11-U10<0), "",U11-U10) -> 0 | X11: =IF((W11-W10<0), "",(W11-W10)*1000) -> 0 | Z11: =IF((Y11-Y10<0), "",(Y11-Y10)*1000000) -> 0 | AB11: =IF((AA11-AA10<0), "",(AA11-AA10)*1000) -> 0 | AD11: =IF((AC11-AC10<0), "",(AC11-AC10)*1000) -> 0 | AF11: =IF((AE11-AE10<0), "",(AE11-AE10)*1000) -> 0 | AH11: =IF((AG11-AG10<0), "",AG11-AG10) -> 0 | AJ11: =IF((AI11-AI10<0), "",(AI11-AI10)*1000) -> 0 | AL11: =IF((AK11-AK10<0), "",(AK11-AK10)*1000) -> 0 | AN11: =IF((AM11-AM10<0), "",(AM11-AM10)*1000) -> 0 | AP11: =IF((AO11-AO10<0), "",(AO11-AO10)*1000) -> 0 | AR11: =IF((AQ11-AQ10<0), "",(AQ11-AQ10)*1000) -> 0 | AT11: =IF((AS11-AS10<0), "",(AS11-AS10)*1000) -> 0 | AV11: =IF((AU11-AU10<0), "",(AU11-AU10)*1000) -> 0 | AX11: =IF((AW11-AW10<0), "",(AW11-AW10)*1000) -> 0 | AZ11: =IF((AY11-AY10<0), "",(AY11-AY10)*1000) -> 0 | BB11: =IF((BA11-BA10<0), "",(BA11-BA10)*1000) -> 0 | BD11: =IF((BC11-BC10<0), "",(BC11-BC10)*1000) -> 0 | BF11: =IF((BE11-BE10<0), "",BE11-BE10) -> 0 | BH11: =IF((BG11-BG10<0), "",(BG11-BG10)*1000) -> 0 | BJ11: =IF((BI11-BI10<0), "",(BI11-BI10)*1000) -> 0 | BL11: =IF((BK11-BK10<0), "",(BK11-BK10)*1000) -> 0 | BN11: =IF((BM11-BM10<0), "",(BM11-BM10)*1000) -> 0 | BP11: =IF((BO11-BO10<0), "",(BO11-BO10)*1000) -> 0 | BR11: =IF((BQ11-BQ10<0), "",BQ11-BQ10) -> 0 | BT11: =IF((BS11-BS10<0), "",(BS11-BS10)*1000) -> 0 | BV11: =IF((BU11-BU10<0), "",BU11-BU10) -> 0 | BX11: =IF((BW11-BW10<0), "",(BW11-BW10)*1000) -> 0 | BZ11: =IF((BY11-BY10<0), "",BY11-BY10) -> 0 | CB11: =IF((CA11-CA10<0), "",CA11-CA10) -> 0 | CD11: =IF((CC11-CC10<0), "",CC11-CC10) -> 0 | CF11: =IF((CE11-CE10<0), "",CE11-CE10) -> 0 | CH11: =IF((CG11-CG10<0), "",CG11-CG10) -> 0 | CJ11: =IF((CI11-CI10<0), "",CI11-CI10) -> 0 | CL11: =IF((CK11-CK10<0), "",(CK11-CK10)*1000) -> 0 | CM11: =CQ11+CS11 -> 0 | CN11: 0 | CO11: 0 | CQ11: =IF((CP11-CP10<0), "",CP11-CP10) -> 0 | CS11: =IF((CR11-CR10<0), "",CR11-CR10) -> 0 | CU11: =IF((CT11-CT10<0), "",CT11-CT10) -> 0 | CW11: =IF((CV11-CV10<0), "",CV11-CV10) -> 0
A12: 44205 | D12: =IF((C12-C11<0), "0",(C12-C11)*1000000) -> 0 | F12: =IF((E12-E11<0), "0",(E12-E11)*1000000) -> 0 | H12: =IF((G12-G11<0), "0",(G12-G11)*1000000) -> 0 | J12: =IF((I12-I11<0), "0",(I12-I11)*1000000) -> 0 | L12: =IF((K12-K11<0), "0",(K12-K11)*1000000) -> 0 | N12: =IF((M12-M11<0), "",(M12-M11)*1000000) -> 0 | P12: =IF((O12-O11<0), "",O12-O11) -> 0 | R12: =IF((Q12-Q11<0), "",Q12-Q11) -> 0 | T12: =IF((S12-S11<0), "",S12-S11) -> 0 | V12: =IF((U12-U11<0), "",U12-U11) -> 0 | X12: =IF((W12-W11<0), "",(W12-W11)*1000) -> 0 | Z12: =IF((Y12-Y11<0), "",(Y12-Y11)*1000000) -> 0 | AB12: =IF((AA12-AA11<0), "",(AA12-AA11)*1000) -> 0 | AD12: =IF((AC12-AC11<0), "",(AC12-AC11)*1000) -> 0 | AF12: =IF((AE12-AE11<0), "",(AE12-AE11)*1000) -> 0 | AH12: =IF((AG12-AG11<0), "",AG12-AG11) -> 0 | AJ12: =IF((AI12-AI11<0), "",(AI12-AI11)*1000) -> 0 | AL12: =IF((AK12-AK11<0), "",(AK12-AK11)*1000) -> 0 | AN12: =IF((AM12-AM11<0), "",(AM12-AM11)*1000) -> 0 | AP12: =IF((AO12-AO11<0), "",(AO12-AO11)*1000) -> 0 | AR12: =IF((AQ12-AQ11<0), "",(AQ12-AQ11)*1000) -> 0 | AT12: =IF((AS12-AS11<0), "",(AS12-AS11)*1000) -> 0 | AV12: =IF((AU12-AU11<0), "",(AU12-AU11)*1000) -> 0 | AX12: =IF((AW12-AW11<0), "",(AW12-AW11)*1000) -> 0 | AZ12: =IF((AY12-AY11<0), "",(AY12-AY11)*1000) -> 0 | BB12: =IF((BA12-BA11<0), "",(BA12-BA11)*1000) -> 0 | BD12: =IF((BC12-BC11<0), "",(BC12-BC11)*1000) -> 0 | BF12: =IF((BE12-BE11<0), "",BE12-BE11) -> 0 | BH12: =IF((BG12-BG11<0), "",(BG12-BG11)*1000) -> 0 | BJ12: =IF((BI12-BI11<0), "",(BI12-BI11)*1000) -> 0 | BL12: =IF((BK12-BK11<0), "",(BK12-BK11)*1000) -> 0 | BN12: =IF((BM12-BM11<0), "",(BM12-BM11)*1000) -> 0 | BP12: =IF((BO12-BO11<0), "",(BO12-BO11)*1000) -> 0 | BR12: =IF((BQ12-BQ11<0), "",BQ12-BQ11) -> 0 | BT12: =IF((BS12-BS11<0), "",(BS12-BS11)*1000) -> 0 | BV12: =IF((BU12-BU11<0), "",BU12-BU11) -> 0 | BX12: =IF((BW12-BW11<0), "",(BW12-BW11)*1000) -> 0 | BZ12: =IF((BY12-BY11<0), "",BY12-BY11) -> 0 | CB12: =IF((CA12-CA11<0), "",CA12-CA11) -> 0 | CD12: =IF((CC12-CC11<0), "",CC12-CC11) -> 0 | CF12: =IF((CE12-CE11<0), "",CE12-CE11) -> 0 | CH12: =IF((CG12-CG11<0), "",CG12-CG11) -> 0 | CJ12: =IF((CI12-CI11<0), "",CI12-CI11) -> 0 | CL12: =IF((CK12-CK11<0), "",(CK12-CK11)*1000) -> 0 | CM12: =CQ12+CS12 -> 0 | CN12: 0 | CO12: 0 | CQ12: =IF((CP12-CP11<0), "",CP12-CP11) -> 0 | CS12: =IF((CR12-CR11<0), "",CR12-CR11) -> 0 | CU12: =IF((CT12-CT11<0), "",CT12-CT11) -> 0 | CW12: =IF((CV12-CV11<0), "",CV12-CV11) -> 0
A13: 44206 | D13: =IF((C13-C12<0), "0",(C13-C12)*1000000) -> 0 | F13: =IF((E13-E12<0), "0",(E13-E12)*1000000) -> 0 | H13: =IF((G13-G12<0), "0",(G13-G12)*1000000) -> 0 | J13: =IF((I13-I12<0), "0",(I13-I12)*1000000) -> 0 | L13: =IF((K13-K12<0), "0",(K13-K12)*1000000) -> 0 | N13: =IF((M13-M12<0), "",(M13-M12)*1000000) -> 0 | P13: =IF((O13-O12<0), "",O13-O12) -> 0 | R13: =IF((Q13-Q12<0), "",Q13-Q12) -> 0 | T13: =IF((S13-S12<0), "",S13-S12) -> 0 | V13: =IF((U13-U12<0), "",U13-U12) -> 0 | X13: =IF((W13-W12<0), "",(W13-W12)*1000) -> 0 | Z13: =IF((Y13-Y12<0), "",(Y13-Y12)*1000000) -> 0 | AB13: =IF((AA13-AA12<0), "",(AA13-AA12)*1000) -> 0 | AD13: =IF((AC13-AC12<0), "",(AC13-AC12)*1000) -> 0 | AF13: =IF((AE13-AE12<0), "",(AE13-AE12)*1000) -> 0 | AH13: =IF((AG13-AG12<0), "",AG13-AG12) -> 0 | AJ13: =IF((AI13-AI12<0), "",(AI13-AI12)*1000) -> 0 | AL13: =IF((AK13-AK12<0), "",(AK13-AK12)*1000) -> 0 | AN13: =IF((AM13-AM12<0), "",(AM13-AM12)*1000) -> 0 | AP13: =IF((AO13-AO12<0), "",(AO13-AO12)*1000) -> 0 | AR13: =IF((AQ13-AQ12<0), "",(AQ13-AQ12)*1000) -> 0 | AT13: =IF((AS13-AS12<0), "",(AS13-AS12)*1000) -> 0 | AV13: =IF((AU13-AU12<0), "",(AU13-AU12)*1000) -> 0 | AX13: =IF((AW13-AW12<0), "",(AW13-AW12)*1000) -> 0 | AZ13: =IF((AY13-AY12<0), "",(AY13-AY12)*1000) -> 0 | BB13: =IF((BA13-BA12<0), "",(BA13-BA12)*1000) -> 0 | BD13: =IF((BC13-BC12<0), "",(BC13-BC12)*1000) -> 0 | BF13: =IF((BE13-BE12<0), "",BE13-BE12) -> 0 | BH13: =IF((BG13-BG12<0), "",(BG13-BG12)*1000) -> 0 | BJ13: =IF((BI13-BI12<0), "",(BI13-BI12)*1000) -> 0 | BL13: =IF((BK13-BK12<0), "",(BK13-BK12)*1000) -> 0 | BN13: =IF((BM13-BM12<0), "",(BM13-BM12)*1000) -> 0 | BP13: =IF((BO13-BO12<0), "",(BO13-BO12)*1000) -> 0 | BR13: =IF((BQ13-BQ12<0), "",BQ13-BQ12) -> 0 | BT13: =IF((BS13-BS12<0), "",(BS13-BS12)*1000) -> 0 | BV13: =IF((BU13-BU12<0), "",BU13-BU12) -> 0 | BX13: =IF((BW13-BW12<0), "",(BW13-BW12)*1000) -> 0 | BZ13: =IF((BY13-BY12<0), "",BY13-BY12) -> 0 | CB13: =IF((CA13-CA12<0), "",CA13-CA12) -> 0 | CD13: =IF((CC13-CC12<0), "",CC13-CC12) -> 0 | CF13: =IF((CE13-CE12<0), "",CE13-CE12) -> 0 | CH13: =IF((CG13-CG12<0), "",CG13-CG12) -> 0 | CJ13: =IF((CI13-CI12<0), "",CI13-CI12) -> 0 | CL13: =IF((CK13-CK12<0), "",(CK13-CK12)*1000) -> 0 | CM13: =CQ13+CS13 -> 0 | CN13: 0 | CO13: 0 | CQ13: =IF((CP13-CP12<0), "",CP13-CP12) -> 0 | CS13: =IF((CR13-CR12<0), "",CR13-CR12) -> 0 | CU13: =IF((CT13-CT12<0), "",CT13-CT12) -> 0 | CW13: =IF((CV13-CV12<0), "",CV13-CV12) -> 0
A14: 44207 | D14: =IF((C14-C13<0), "0",(C14-C13)*1000000) -> 0 | F14: =IF((E14-E13<0), "0",(E14-E13)*1000000) -> 0 | H14: =IF((G14-G13<0), "0",(G14-G13)*1000000) -> 0 | J14: =IF((I14-I13<0), "0",(I14-I13)*1000000) -> 0 | L14: =IF((K14-K13<0), "0",(K14-K13)*1000000) -> 0 | N14: =IF((M14-M13<0), "",(M14-M13)*1000000) -> 0 | P14: =IF((O14-O13<0), "",O14-O13) -> 0 | R14: =IF((Q14-Q13<0), "",Q14-Q13) -> 0 | T14: =IF((S14-S13<0), "",S14-S13) -> 0 | V14: =IF((U14-U13<0), "",U14-U13) -> 0 | X14: =IF((W14-W13<0), "",(W14-W13)*1000) -> 0 | Z14: =IF((Y14-Y13<0), "",(Y14-Y13)*1000000) -> 0 | AB14: =IF((AA14-AA13<0), "",(AA14-AA13)*1000) -> 0 | AD14: =IF((AC14-AC13<0), "",(AC14-AC13)*1000) -> 0 | AF14: =IF((AE14-AE13<0), "",(AE14-AE13)*1000) -> 0 | AH14: =IF((AG14-AG13<0), "",AG14-AG13) -> 0 | AJ14: =IF((AI14-AI13<0), "",(AI14-AI13)*1000) -> 0 | AL14: =IF((AK14-AK13<0), "",(AK14-AK13)*1000) -> 0 | AN14: =IF((AM14-AM13<0), "",(AM14-AM13)*1000) -> 0 | AP14: =IF((AO14-AO13<0), "",(AO14-AO13)*1000) -> 0 | AR14: =IF((AQ14-AQ13<0), "",(AQ14-AQ13)*1000) -> 0 | AT14: =IF((AS14-AS13<0), "",(AS14-AS13)*1000) -> 0 | AV14: =IF((AU14-AU13<0), "",(AU14-AU13)*1000) -> 0 | AX14: =IF((AW14-AW13<0), "",(AW14-AW13)*1000) -> 0 | AZ14: =IF((AY14-AY13<0), "",(AY14-AY13)*1000) -> 0 | BB14: =IF((BA14-BA13<0), "",(BA14-BA13)*1000) -> 0 | BD14: =IF((BC14-BC13<0), "",(BC14-BC13)*1000) -> 0 | BF14: =IF((BE14-BE13<0), "",BE14-BE13) -> 0 | BH14: =IF((BG14-BG13<0), "",(BG14-BG13)*1000) -> 0 | BJ14: =IF((BI14-BI13<0), "",(BI14-BI13)*1000) -> 0 | BL14: =IF((BK14-BK13<0), "",(BK14-BK13)*1000) -> 0 | BN14: =IF((BM14-BM13<0), "",(BM14-BM13)*1000) -> 0 | BP14: =IF((BO14-BO13<0), "",(BO14-BO13)*1000) -> 0 | BR14: =IF((BQ14-BQ13<0), "",BQ14-BQ13) -> 0 | BT14: =IF((BS14-BS13<0), "",(BS14-BS13)*1000) -> 0 | BV14: =IF((BU14-BU13<0), "",BU14-BU13) -> 0 | BX14: =IF((BW14-BW13<0), "",(BW14-BW13)*1000) -> 0 | BZ14: =IF((BY14-BY13<0), "",BY14-BY13) -> 0 | CB14: =IF((CA14-CA13<0), "",CA14-CA13) -> 0 | CD14: =IF((CC14-CC13<0), "",CC14-CC13) -> 0 | CF14: =IF((CE14-CE13<0), "",CE14-CE13) -> 0 | CH14: =IF((CG14-CG13<0), "",CG14-CG13) -> 0 | CJ14: =IF((CI14-CI13<0), "",CI14-CI13) -> 0 | CL14: =IF((CK14-CK13<0), "",(CK14-CK13)*1000) -> 0 | CM14: =CQ14+CS14 -> 0 | CN14: 0 | CO14: 0 | CQ14: =IF((CP14-CP13<0), "",CP14-CP13) -> 0 | CS14: =IF((CR14-CR13<0), "",CR14-CR13) -> 0 | CU14: =IF((CT14-CT13<0), "",CT14-CT13) -> 0 | CW14: =IF((CV14-CV13<0), "",CV14-CV13) -> 0
A15: 44208 | D15: =IF((C15-C14<0), "0",(C15-C14)*1000000) -> 0 | F15: =IF((E15-E14<0), "0",(E15-E14)*1000000) -> 0 | H15: =IF((G15-G14<0), "0",(G15-G14)*1000000) -> 0 | J15: =IF((I15-I14<0), "0",(I15-I14)*1000000) -> 0 | L15: =IF((K15-K14<0), "0",(K15-K14)*1000000) -> 0 | N15: =IF((M15-M14<0), "",(M15-M14)*1000000) -> 0 | P15: =IF((O15-O14<0), "",O15-O14) -> 0 | R15: =IF((Q15-Q14<0), "",Q15-Q14) -> 0 | T15: =IF((S15-S14<0), "",S15-S14) -> 0 | V15: =IF((U15-U14<0), "",U15-U14) -> 0 | X15: =IF((W15-W14<0), "",(W15-W14)*1000) -> 0 | Z15: =IF((Y15-Y14<0), "",(Y15-Y14)*1000000) -> 0 | AB15: =IF((AA15-AA14<0), "",(AA15-AA14)*1000) -> 0 | AD15: =IF((AC15-AC14<0), "",(AC15-AC14)*1000) -> 0 | AF15: =IF((AE15-AE14<0), "",(AE15-AE14)*1000) -> 0 | AH15: =IF((AG15-AG14<0), "",AG15-AG14) -> 0 | AJ15: =IF((AI15-AI14<0), "",(AI15-AI14)*1000) -> 0 | AL15: =IF((AK15-AK14<0), "",(AK15-AK14)*1000) -> 0 | AN15: =IF((AM15-AM14<0), "",(AM15-AM14)*1000) -> 0 | AP15: =IF((AO15-AO14<0), "",(AO15-AO14)*1000) -> 0 | AR15: =IF((AQ15-AQ14<0), "",(AQ15-AQ14)*1000) -> 0 | AT15: =IF((AS15-AS14<0), "",(AS15-AS14)*1000) -> 0 | AV15: =IF((AU15-AU14<0), "",(AU15-AU14)*1000) -> 0 | AX15: =IF((AW15-AW14<0), "",(AW15-AW14)*1000) -> 0 | AZ15: =IF((AY15-AY14<0), "",(AY15-AY14)*1000) -> 0 | BB15: =IF((BA15-BA14<0), "",(BA15-BA14)*1000) -> 0 | BD15: =IF((BC15-BC14<0), "",(BC15-BC14)*1000) -> 0 | BF15: =IF((BE15-BE14<0), "",BE15-BE14) -> 0 | BH15: =IF((BG15-BG14<0), "",(BG15-BG14)*1000) -> 0 | BJ15: =IF((BI15-BI14<0), "",(BI15-BI14)*1000) -> 0 | BL15: =IF((BK15-BK14<0), "",(BK15-BK14)*1000) -> 0 | BN15: =IF((BM15-BM14<0), "",(BM15-BM14)*1000) -> 0 | BP15: =IF((BO15-BO14<0), "",(BO15-BO14)*1000) -> 0 | BR15: =IF((BQ15-BQ14<0), "",BQ15-BQ14) -> 0 | BT15: =IF((BS15-BS14<0), "",(BS15-BS14)*1000) -> 0 | BV15: =IF((BU15-BU14<0), "",BU15-BU14) -> 0 | BX15: =IF((BW15-BW14<0), "",(BW15-BW14)*1000) -> 0 | BZ15: =IF((BY15-BY14<0), "",BY15-BY14) -> 0 | CB15: =IF((CA15-CA14<0), "",CA15-CA14) -> 0 | CD15: =IF((CC15-CC14<0), "",CC15-CC14) -> 0 | CF15: =IF((CE15-CE14<0), "",CE15-CE14) -> 0 | CH15: =IF((CG15-CG14<0), "",CG15-CG14) -> 0 | CJ15: =IF((CI15-CI14<0), "",CI15-CI14) -> 0 | CL15: =IF((CK15-CK14<0), "",(CK15-CK14)*1000) -> 0 | CM15: =CQ15+CS15 -> 0 | CN15: 0 | CO15: 0 | CQ15: =IF((CP15-CP14<0), "",CP15-CP14) -> 0 | CS15: =IF((CR15-CR14<0), "",CR15-CR14) -> 0 | CU15: =IF((CT15-CT14<0), "",CT15-CT14) -> 0 | CW15: =IF((CV15-CV14<0), "",CV15-CV14) -> 0
A16: 44209 | D16: =IF((C16-C15<0), "0",(C16-C15)*1000000) -> 0 | F16: =IF((E16-E15<0), "0",(E16-E15)*1000000) -> 0 | H16: =IF((G16-G15<0), "0",(G16-G15)*1000000) -> 0 | J16: =IF((I16-I15<0), "0",(I16-I15)*1000000) -> 0 | L16: =IF((K16-K15<0), "0",(K16-K15)*1000000) -> 0 | N16: =IF((M16-M15<0), "",(M16-M15)*1000000) -> 0 | P16: =IF((O16-O15<0), "",O16-O15) -> 0 | R16: =IF((Q16-Q15<0), "",Q16-Q15) -> 0 | T16: =IF((S16-S15<0), "",S16-S15) -> 0 | V16: =IF((U16-U15<0), "",U16-U15) -> 0 | X16: =IF((W16-W15<0), "",(W16-W15)*1000) -> 0 | Z16: =IF((Y16-Y15<0), "",(Y16-Y15)*1000000) -> 0 | AB16: =IF((AA16-AA15<0), "",(AA16-AA15)*1000) -> 0 | AD16: =IF((AC16-AC15<0), "",(AC16-AC15)*1000) -> 0 | AF16: =IF((AE16-AE15<0), "",(AE16-AE15)*1000) -> 0 | AH16: =IF((AG16-AG15<0), "",AG16-AG15) -> 0 | AJ16: =IF((AI16-AI15<0), "",(AI16-AI15)*1000) -> 0 | AL16: =IF((AK16-AK15<0), "",(AK16-AK15)*1000) -> 0 | AN16: =IF((AM16-AM15<0), "",(AM16-AM15)*1000) -> 0 | AP16: =IF((AO16-AO15<0), "",(AO16-AO15)*1000) -> 0 | AR16: =IF((AQ16-AQ15<0), "",(AQ16-AQ15)*1000) -> 0 | AT16: =IF((AS16-AS15<0), "",(AS16-AS15)*1000) -> 0 | AV16: =IF((AU16-AU15<0), "",(AU16-AU15)*1000) -> 0 | AX16: =IF((AW16-AW15<0), "",(AW16-AW15)*1000) -> 0 | AZ16: =IF((AY16-AY15<0), "",(AY16-AY15)*1000) -> 0 | BB16: =IF((BA16-BA15<0), "",(BA16-BA15)*1000) -> 0 | BD16: =IF((BC16-BC15<0), "",(BC16-BC15)*1000) -> 0 | BF16: =IF((BE16-BE15<0), "",BE16-BE15) -> 0 | BH16: =IF((BG16-BG15<0), "",(BG16-BG15)*1000) -> 0 | BJ16: =IF((BI16-BI15<0), "",(BI16-BI15)*1000) -> 0 | BL16: =IF((BK16-BK15<0), "",(BK16-BK15)*1000) -> 0 | BN16: =IF((BM16-BM15<0), "",(BM16-BM15)*1000) -> 0 | BP16: =IF((BO16-BO15<0), "",(BO16-BO15)*1000) -> 0 | BR16: =IF((BQ16-BQ15<0), "",BQ16-BQ15) -> 0 | BT16: =IF((BS16-BS15<0), "",(BS16-BS15)*1000) -> 0 | BV16: =IF((BU16-BU15<0), "",BU16-BU15) -> 0 | BX16: =IF((BW16-BW15<0), "",(BW16-BW15)*1000) -> 0 | BZ16: =IF((BY16-BY15<0), "",BY16-BY15) -> 0 | CB16: =IF((CA16-CA15<0), "",CA16-CA15) -> 0 | CD16: =IF((CC16-CC15<0), "",CC16-CC15) -> 0 | CF16: =IF((CE16-CE15<0), "",CE16-CE15) -> 0 | CH16: =IF((CG16-CG15<0), "",CG16-CG15) -> 0 | CJ16: =IF((CI16-CI15<0), "",CI16-CI15) -> 0 | CL16: =IF((CK16-CK15<0), "",(CK16-CK15)*1000) -> 0 | CM16: =CQ16+CS16 -> 0 | CN16: 0 | CO16: 0 | CQ16: =IF((CP16-CP15<0), "",CP16-CP15) -> 0 | CS16: =IF((CR16-CR15<0), "",CR16-CR15) -> 0 | CU16: =IF((CT16-CT15<0), "",CT16-CT15) -> 0 | CW16: =IF((CV16-CV15<0), "",CV16-CV15) -> 0
A17: 44210 | D17: =IF((C17-C16<0), "0",(C17-C16)*1000000) -> 0 | F17: =IF((E17-E16<0), "0",(E17-E16)*1000000) -> 0 | H17: =IF((G17-G16<0), "0",(G17-G16)*1000000) -> 0 | J17: =IF((I17-I16<0), "0",(I17-I16)*1000000) -> 0 | L17: =IF((K17-K16<0), "0",(K17-K16)*1000000) -> 0 | N17: =IF((M17-M16<0), "",(M17-M16)*1000000) -> 0 | P17: =IF((O17-O16<0), "",O17-O16) -> 0 | R17: =IF((Q17-Q16<0), "",Q17-Q16) -> 0 | T17: =IF((S17-S16<0), "",S17-S16) -> 0 | V17: =IF((U17-U16<0), "",U17-U16) -> 0 | X17: =IF((W17-W16<0), "",(W17-W16)*1000) -> 0 | Z17: =IF((Y17-Y16<0), "",(Y17-Y16)*1000000) -> 0 | AB17: =IF((AA17-AA16<0), "",(AA17-AA16)*1000) -> 0 | AD17: =IF((AC17-AC16<0), "",(AC17-AC16)*1000) -> 0 | AF17: =IF((AE17-AE16<0), "",(AE17-AE16)*1000) -> 0 | AH17: =IF((AG17-AG16<0), "",AG17-AG16) -> 0 | AJ17: =IF((AI17-AI16<0), "",(AI17-AI16)*1000) -> 0 | AL17: =IF((AK17-AK16<0), "",(AK17-AK16)*1000) -> 0 | AN17: =IF((AM17-AM16<0), "",(AM17-AM16)*1000) -> 0 | AP17: =IF((AO17-AO16<0), "",(AO17-AO16)*1000) -> 0 | AR17: =IF((AQ17-AQ16<0), "",(AQ17-AQ16)*1000) -> 0 | AT17: =IF((AS17-AS16<0), "",(AS17-AS16)*1000) -> 0 | AV17: =IF((AU17-AU16<0), "",(AU17-AU16)*1000) -> 0 | AX17: =IF((AW17-AW16<0), "",(AW17-AW16)*1000) -> 0 | AZ17: =IF((AY17-AY16<0), "",(AY17-AY16)*1000) -> 0 | BB17: =IF((BA17-BA16<0), "",(BA17-BA16)*1000) -> 0 | BD17: =IF((BC17-BC16<0), "",(BC17-BC16)*1000) -> 0 | BF17: =IF((BE17-BE16<0), "",BE17-BE16) -> 0 | BH17: =IF((BG17-BG16<0), "",(BG17-BG16)*1000) -> 0 | BJ17: =IF((BI17-BI16<0), "",(BI17-BI16)*1000) -> 0 | BL17: =IF((BK17-BK16<0), "",(BK17-BK16)*1000) -> 0 | BN17: =IF((BM17-BM16<0), "",(BM17-BM16)*1000) -> 0 | BP17: =IF((BO17-BO16<0), "",(BO17-BO16)*1000) -> 0 | BR17: =IF((BQ17-BQ16<0), "",BQ17-BQ16) -> 0 | BT17: =IF((BS17-BS16<0), "",(BS17-BS16)*1000) -> 0 | BV17: =IF((BU17-BU16<0), "",BU17-BU16) -> 0 | BX17: =IF((BW17-BW16<0), "",(BW17-BW16)*1000) -> 0 | BZ17: =IF((BY17-BY16<0), "",BY17-BY16) -> 0 | CB17: =IF((CA17-CA16<0), "",CA17-CA16) -> 0 | CD17: =IF((CC17-CC16<0), "",CC17-CC16) -> 0 | CF17: =IF((CE17-CE16<0), "",CE17-CE16) -> 0 | CH17: =IF((CG17-CG16<0), "",CG17-CG16) -> 0 | CJ17: =IF((CI17-CI16<0), "",CI17-CI16) -> 0 | CL17: =IF((CK17-CK16<0), "",(CK17-CK16)*1000) -> 0 | CM17: =CQ17+CS17 -> 0 | CN17: 0 | CO17: 0 | CQ17: =IF((CP17-CP16<0), "",CP17-CP16) -> 0 | CS17: =IF((CR17-CR16<0), "",CR17-CR16) -> 0 | CU17: =IF((CT17-CT16<0), "",CT17-CT16) -> 0 | CW17: =IF((CV17-CV16<0), "",CV17-CV16) -> 0
... A34: 44227 | D34: =IF((C34-C33<0), "0",(C34-C33)*1000000) -> 0 | F34: =IF((E34-E33<0), "0",(E34-E33)*1000000) -> 0 | H34: =IF((G34-G33<0), "0",(G34-G33)*1000000) -> 0 | J34: =IF((I34-I33<0), "0",(I34-I33)*1000000) -> 0 | L34: =IF((K34-K33<0), "0",(K34-K33)*1000000) -> 0 | N34: =IF((M34-M33<0), "",(M34-M33)*1000000) -> 0 | P34: =IF((O34-O33<0), "",O34-O33) -> 0 | R34: =IF((Q34-Q33<0), "",Q34-Q33) -> 0 | T34: =IF((S34-S33<0), "",S34-S33) -> 0 | V34: =IF((U34-U33<0), "",U34-U33) -> 0 | X34: =IF((W34-W33<0), "",(W34-W33)*1000) -> 0 | Z34: =IF((Y34-Y33<0), "",(Y34-Y33)*1000000) -> 0 | AB34: =IF((AA34-AA33<0), "",(AA34-AA33)*1000) -> 0 | AD34: =IF((AC34-AC33<0), "",(AC34-AC33)*1000) -> 0 | AF34: =IF((AE34-AE33<0), "",(AE34-AE33)*1000) -> 0 | AH34: =IF((AG34-AG33<0), "",AG34-AG33) -> 0 | AJ34: =IF((AI34-AI33<0), "",(AI34-AI33)*1000) -> 0 | AL34: =IF((AK34-AK33<0), "",(AK34-AK33)*1000) -> 0 | AN34: =IF((AM34-AM33<0), "",(AM34-AM33)*1000) -> 0 | AP34: =IF((AO34-AO33<0), "",(AO34-AO33)*1000) -> 0 | AR34: =IF((AQ34-AQ33<0), "",(AQ34-AQ33)*1000) -> 0 | AT34: =IF((AS34-AS33<0), "",(AS34-AS33)*1000) -> 0 | AV34: =IF((AU34-AU33<0), "",(AU34-AU33)*1000) -> 0 | AX34: =IF((AW34-AW33<0), "",(AW34-AW33)*1000) -> 0 | AZ34: =IF((AY34-AY33<0), "",(AY34-AY33)*1000) -> 0 | BB34: =IF((BA34-BA33<0), "",(BA34-BA33)*1000) -> 0 | BD34: =IF((BC34-BC33<0), "",(BC34-BC33)*1000) -> 0 | BF34: =IF((BE34-BE33<0), "",BE34-BE33) -> 0 | BH34: =IF((BG34-BG33<0), "",(BG34-BG33)*1000) -> 0 | BJ34: =IF((BI34-BI33<0), "",(BI34-BI33)*1000) -> 0 | BL34: =IF((BK34-BK33<0), "",(BK34-BK33)*1000) -> 0 | BN34: =IF((BM34-BM33<0), "",(BM34-BM33)*1000) -> 0 | BP34: =IF((BO34-BO33<0), "",(BO34-BO33)*1000) -> 0 | BR34: =IF((BQ34-BQ33<0), "",BQ34-BQ33) -> 0 | BT34: =IF((BS34-BS33<0), "",(BS34-BS33)*1000) -> 0 | BV34: =IF((BU34-BU33<0), "",BU34-BU33) -> 0 | BX34: =IF((BW34-BW33<0), "",(BW34-BW33)*1000) -> 0 | BZ34: =IF((BY34-BY33<0), "",BY34-BY33) -> 0 | CB34: =IF((CA34-CA33<0), "",CA34-CA33) -> 0 | CD34: =IF((CC34-CC33<0), "",CC34-CC33) -> 0 | CF34: =IF((CE34-CE33<0), "",CE34-CE33) -> 0 | CH34: =IF((CG34-CG33<0), "",CG34-CG33) -> 0 | CJ34: =IF((CI34-CI33<0), "",CI34-CI33) -> 0 | CL34: =IF((CK34-CK33<0), "",(CK34-CK33)*1000) -> 0 | CM34: =CQ34+CS34 -> 0 | CN34: 0 | CO34: 0 | CQ34: =IF((CP34-CP33<0), "",CP34-CP33) -> 0 | CS34: =IF((CR34-CR33<0), "",CR34-CR33) -> 0 | CU34: =IF((CT34-CT33<0), "",CT34-CT33) -> 0 | CW34: =IF((CV34-CV33<0), "",CV34-CV33) -> 0
BJ35: =IF((BI35-BI34<0), "",(BI35-BI34)*1000) -> 0 | BL35: =IF((BK35-BK34<0), "",(BK35-BK34)*1000) -> 0 | BT35: =IF((BS35-BS34<0), "",(BS35-BS34)*1000) -> 0 | BV35: =IF((BU35-BU34<0), "",BU35-BU34) -> 0

Sheet LPG
A3: LPG CONSUMPTION | K3: Tank capacity ( L): | N3: 500
A4: Date | B4: Occ % | C4: Occ villas | D4: Num of gst | E4: Main Kitchen | K4: Lighthouse | N4: Canteen | R4: PVILLA | T4: Pivilla
E5: Meter 1 (9598630) | G5: Meter 2 (9598611) | I5: Meter 3 (9249533) | K5: Meter 1 (9598653) | N5: Meter 1 (9249524) | R5: Meter 1 (9249527)
E6: Tk 1% | F6: Mᶾ | G6: Tk2 % | H6: Mᶾ | I6: Tk 3% | J6: Mᶾ | K6: Tk1 % | L6: Tk2 % | M6: Mᶾ | N6: Tk 1% | O6: Tk2 % | P6: Tk 3% | Q6: Mᶾ | R6: Tk1 % | S6: Mᶾ
A7: 44196 | B7: 0 | C7: 0 | D7: 0 | E7: 9 | F7: 4815 | G7: 85 | H7: 1374 | I7: 2 | J7: 273 | K7: 70 | L7: 86 | M7: 1167 | N7: 1 | O7: 3 | P7: 16 | Q7: 3154 | R7: 82 | S7: 196
A8: 44197 | B8: 0 | C8: 0 | D8: 0 | E8: 3 | F8: 4825 | G8: 85 | H8: 1374 | I8: 2 | J8: 273 | K8: 70 | L8: 86 | M8: 1167 | N8: 1 | O8: 3 | P8: 11 | Q8: 3160 | R8: 82 | S8: 196 | T8: =S8-S7 -> 0
A9: 44198 | B9: 0 | C9: 0 | D9: 0 | E9: 3 | F9: 4833 | G9: 81 | H9: 1374 | I9: 2 | J9: 273 | K9: 66 | L9: 86 | M9: 1169 | N9: 1 | O9: 2 | P9: 8 | Q9: 3163 | R9: 82 | S9: 196 | T9: =S9-S8 -> 0
A10: 44199 | B10: 0 | C10: 0 | D10: 0 | E10: 3 | F10: 4835 | G10: 80 | H10: 1374 | I10: 2 | J10: 273 | K10: 64 | L10: 86 | M10: 1170 | N10: 1 | O10: 3 | P10: 5 | Q10: 3166 | R10: 82 | S10: 196 | T10: =S10-S9 -> 0
A11: 44200 | B11: 0 | C11: 0 | D11: 0 | T11: =S11-S10 -> -196
A12: 44201 | B12: 0 | C12: 0 | D12: 0 | T12: =S12-S11 -> 0
A13: 44202 | B13: 0 | C13: 0 | D13: 0 | T13: =S13-S12 -> 0
A14: 44203 | B14: 0 | C14: 0 | D14: 0 | T14: =S14-S13 -> 0
A15: 44204 | B15: 0 | C15: 0 | D15: 0 | T15: =S15-S14 -> 0
A16: 44205 | B16: 0 | C16: 0 | D16: 0 | T16: =S16-S15 -> 0
A17: 44206 | B17: 0 | C17: 0 | D17: 0 | T17: =S17-S16 -> 0
A18: 44207 | B18: 0 | C18: 0 | D18: 0 | T18: =S18-S17 -> 0
A19: 44208 | B19: 0 | C19: 0 | D19: 0 | T19: =S19-S18 -> 0
A20: 44209 | B20: 0 | C20: 0 | D20: 0 | T20: =S20-S19 -> 0
A21: 44210 | B21: 0 | C21: 0 | D21: 0 | T21: =S21-S20 -> 0
A22: 44211 | B22: 0 | C22: 0 | D22: 0 | T22: =S22-S21 -> 0
... A39: 44228 | B39: 0 | C39: 0 | D39: 0 | T39: =S39-S38 -> 0
