Workbook

Sheet TOTAL
A1: Site Name | B1: Day | C1: Month | D1: Year | E1: Total Electricity Kwh | F1: Electricity Tariff ($/Kwh) | G1: LPG (Kg) | H1: LPG $/Kg | I1: Water Utility Supply (m3) m3 | J1: Water Utility Supply (m3) $/m3 | K1: Irrigation Water (m3) m3 | L1: Irrigation water $/m3 | M1: Room Nights
A2: Seychelles | B2: 1 | C2: 12 | D2: 2020 | E2: ='Submetering '!O2+'Submetering '!P2+'Submetering '!Q2+'Submetering '!R2+'Submetering '!S2 -> 27041 | F2: 5.79 | G2: ='Submetering '!AB2 -> 201.54839 | H2: 18.9 | I2: ='FS Seychelles'!R3+'FS Seychelles'!T3+'FS Seychelles'!U3+'FS Seychelles'!V3 -> 408 | J2: 0 | K2: ='Submetering '!Z2 -> 43 | L2: 0 | M2: ='FS Seychelles'!B3 -> 52.46
A3: Seychelles | B3: =B2+1 -> 2 | C3: 12 | D3: 2020 | E3: ='Submetering '!O3+'Submetering '!P3+'Submetering '!Q3+'Submetering '!R3+'Submetering '!S3 -> 39491 | F3: =F2 -> 5.79 | G3: ='Submetering '!AB3 -> 201.54839 | H3: =H2 -> 18.9 | I3: ='FS Seychelles'!R4+'FS Seychelles'!T4+'FS Seychelles'!U4+'FS Seychelles'!V4 -> 414 | J3: =J2 -> 0 | K3: ='Submetering '!Z3 -> 66 | L3: =L2 -> 0 | M3: ='FS Seychelles'!B4 -> 57.38
A4: Seychelles | B4: =B3+1 -> 3 | C4: 12 | D4: 2020 | E4: ='Submetering '!O4+'Submetering '!P4+'Submetering '!Q4+'Submetering '!R4+'Submetering '!S4 -> 23321 | F4: =F3 -> 5.79 | G4: ='Submetering '!AB4 -> 201.54839 | H4: =H3 -> 18.9 | I4: ='FS Seychelles'!R5+'FS Seychelles'!T5+'FS Seychelles'!U5+'FS Seychelles'!V5 -> 431 | J4: =J3 -> 0 | K4: ='Submetering '!Z4 -> 57 | L4: =L3 -> 0 | M4: ='FS Seychelles'!B5 -> 70.49
A5: Seychelles | B5: =B4+1 -> 4 | C5: 12 | D5: 2020 | E5: ='Submetering '!O5+'Submetering '!P5+'Submetering '!Q5+'Submetering '!R5+'Submetering '!S5 -> 27774 | F5: =F4 -> 5.79 | G5: ='Submetering '!AB5 -> 201.54839 | H5: =H4 -> 18.9 | I5: ='FS Seychelles'!R6+'FS Seychelles'!T6+'FS Seychelles'!U6+'FS Seychelles'!V6 -> 502 | J5: =J4 -> 0 | K5: ='Submetering '!Z5 -> 102 | L5: =L4 -> 0 | M5: ='FS Seychelles'!B6 -> 70
A6: Seychelles | B6: =B5+1 -> 5 | C6: 12 | D6: 2020 | E6: ='Submetering '!O6+'Submetering '!P6+'Submetering '!Q6+'Submetering '!R6+'Submetering '!S6 -> 27629 | F6: =F5 -> 5.79 | G6: ='Submetering '!AB6 -> 201.54839 | H6: =H5 -> 18.9 | I6: ='FS Seychelles'!R7+'FS Seychelles'!T7+'FS Seychelles'!U7+'FS Seychelles'!V7 -> 457 | J6: =J5 -> 0 | K6: ='Submetering '!Z6 -> 122 | L6: =L5 -> 0 | M6: ='FS Seychelles'!B7 -> 48.05
A7: Seychelles | B7: =B6+1 -> 6 | C7: 12 | D7: 2020 | E7: ='Submetering '!O7+'Submetering '!P7+'Submetering '!Q7+'Submetering '!R7+'Submetering '!S7 -> 26152 | F7: =F6 -> 5.79 | G7: ='Submetering '!AB7 -> 201.54839 | H7: =H6 -> 18.9 | I7: ='FS Seychelles'!R8+'FS Seychelles'!T8+'FS Seychelles'!U8+'FS Seychelles'!V8 -> 484 | J7: =J6 -> 0 | K7: ='Submetering '!Z7 -> 67 | L7: =L6 -> 0 | M7: ='FS Seychelles'!B8 -> 54.55
A8: Seychelles | B8: =B7+1 -> 7 | C8: 12 | D8: 2020 | E8: ='Submetering '!O8+'Submetering '!P8+'Submetering '!Q8+'Submetering '!R8+'Submetering '!S8 -> 38871 | F8: =F7 -> 5.79 | G8: ='Submetering '!AB8 -> 201.54839 | H8: =H7 -> 18.9 | I8: ='FS Seychelles'!R9+'FS Seychelles'!T9+'FS Seychelles'!U9+'FS Seychelles'!V9 -> 500 | J8: =J7 -> 0 | K8: ='Submetering '!Z8 -> 110 | L8: =L7 -> 0 | M8: ='FS Seychelles'!B9 -> 40.26
A9: Seychelles | B9: =B8+1 -> 8 | C9: 12 | D9: 2020 | E9: ='Submetering '!O9+'Submetering '!P9+'Submetering '!Q9+'Submetering '!R9+'Submetering '!S9 -> 24511 | F9: =F8 -> 5.79 | G9: ='Submetering '!AB9 -> 201.54839 | H9: =H8 -> 18.9 | I9: ='FS Seychelles'!R10+'FS Seychelles'!T10+'FS Seychelles'!U10+'FS Seychelles'!V10 -> 416 | J9: =J8 -> 0 | K9: ='Submetering '!Z9 -> 115 | L9: =L8 -> 0 | M9: ='FS Seychelles'!B10 -> 35.06
A10: Seychelles | B10: =B9+1 -> 9 | C10: 12 | D10: 2020 | E10: ='Submetering '!O10+'Submetering '!P10+'Submetering '!Q10+'Submetering '!R10+'Submetering '!S10 -> 26837 | F10: =F9 -> 5.79 | G10: ='Submetering '!AB10 -> 201.54839 | H10: =H9 -> 18.9 | I10: ='FS Seychelles'!R11+'FS Seychelles'!T11+'FS Seychelles'!U11+'FS Seychelles'!V11 -> 482 | J10: =J9 -> 0 | K10: ='Submetering '!Z10 -> 83 | L10: =L9 -> 0 | M10: ='FS Seychelles'!B11 -> 35.06
A11: Seychelles | B11: =B10+1 -> 10 | C11: 12 | D11: 2020 | E11: ='Submetering '!O11+'Submetering '!P11+'Submetering '!Q11+'Submetering '!R11+'Submetering '!S11 -> 14526 | F11: =F10 -> 5.79 | G11: ='Submetering '!AB11 -> 201.54839 | H11: =H10 -> 18.9 | I11: ='FS Seychelles'!R12+'FS Seychelles'!T12+'FS Seychelles'!U12+'FS Seychelles'!V12 -> 431 | J11: =J10 -> 0 | K11: ='Submetering '!Z11 -> 13 | L11: =L10 -> 0 | M11: ='FS Seychelles'!B12 -> 43.16
A12: Seychelles | B12: =B11+1 -> 11 | C12: 12 | D12: 2020 | E12: ='Submetering '!O12+'Submetering '!P12+'Submetering '!Q12+'Submetering '!R12+'Submetering '!S12 -> 29124 | F12: =F11 -> 5.79 | G12: ='Submetering '!AB12 -> 201.54839 | H12: =H11 -> 18.9 | I12: ='FS Seychelles'!R13+'FS Seychelles'!T13+'FS Seychelles'!U13+'FS Seychelles'!V13 -> 489 | J12: =J11 -> 0 | K12: ='Submetering '!Z12 -> 125 | L12: =L11 -> 0 | M12: ='FS Seychelles'!B13 -> 60
A13: Seychelles | B13: =B12+1 -> 12 | C13: 12 | D13: 2020 | E13: ='Submetering '!O13+'Submetering '!P13+'Submetering '!Q13+'Submetering '!R13+'Submetering '!S13 -> 25666 | F13: =F12 -> 5.79 | G13: ='Submetering '!AB13 -> 201.54839 | H13: =H12 -> 18.9 | I13: ='FS Seychelles'!R14+'FS Seychelles'!T14+'FS Seychelles'!U14+'FS Seychelles'!V14 -> 487 | J13: =J12 -> 0 | K13: ='Submetering '!Z13 -> 120 | L13: =L12 -> 0 | M13: ='FS Seychelles'!B14 -> 60
A14: Seychelles | B14: =B13+1 -> 13 | C14: 12 | D14: 2020 | E14: ='Submetering '!O14+'Submetering '!P14+'Submetering '!Q14+'Submetering '!R14+'Submetering '!S14 -> 29199 | F14: =F13 -> 5.79 | G14: ='Submetering '!AB14 -> 201.54839 | H14: =H13 -> 18.9 | I14: ='FS Seychelles'!R15+'FS Seychelles'!T15+'FS Seychelles'!U15+'FS Seychelles'!V15 -> 466 | J14: =J13 -> 0 | K14: ='Submetering '!Z14 -> 122 | L14: =L13 -> 0 | M14: ='FS Seychelles'!B15 -> 67.37
... A32: Seychelles | B32: =B31+1 -> 31 | C32: 12 | D32: 2020 | E32: ='Submetering '!O32+'Submetering '!P32+'Submetering '!Q32+'Submetering '!R32+'Submetering '!S32 -> 25863 | F32: =F31 -> 5.79 | G32: ='Submetering '!AB32 -> 201.54839 | H32: =H31 -> 18.9 | I32: ='FS Seychelles'!R33+'FS Seychelles'!T33+'FS Seychelles'!U33+'FS Seychelles'!V33 -> 372 | J32: =J31 -> 0 | K32: ='Submetering '!Z32 -> 127 | L32: =L31 -> 0 | M32: ='FS Seychelles'!B33 -> 25.71

Sheet Submetering 
A1: Site Name | B1: Day | C1: Month | D1: Year | E1: Room Night | F1: SS-A - KWh | G1: SS-B- KWh | H1: SS-C- KWh | I1: SS-D1- KWh | J1: SS-D2- KWh | K1: SS-E- KWh | L1: FIRE PUMP- KWh | M1: CASINO- KWh | N1: BOH- KWh | O1: Generator#1 - KWh | P1: Generator#2- KWh | Q1: Generator#3- KWh | R1: Generator#4- KWh | S1: Generator#5- KWh | T1: DIESEL - Liter | U1: BOH Water- m3 | V1: E-Resort- m3 | W1: North RVs- m3 | X1: WT59- m3 | Y1: WT08- m3 | Z1: PUC (HOH)- m3 | AA1: PUC (Resort) - m3 | AB1: LPG (Kg)
A2: Seychelles | B2: 1 | C2: 1 | D2: 2020 | E2: ='FS Seychelles'!B3 -> 52.46 | F2: ='FS Seychelles'!C3*1000 -> 2585.6 | G2: ='FS Seychelles'!D3*1000 -> 4685.824 | H2: ='FS Seychelles'!E3*1000 -> 4351.488 | I2: ='FS Seychelles'!F3*1000 -> 1085.696 | J2: ='FS Seychelles'!G3*1000 -> 2283.264 | K2: ='FS Seychelles'!H3*1000 -> 1438.976 | L2: ='FS Seychelles'!I3*1000 -> 1326.848 | M2: ='FS Seychelles'!J3*1000 -> 1814.528 | N2: ='FS Seychelles'!K3*1000 -> 3011.072 | O2: ='FS Seychelles'!L3 -> 5715 | P2: ='FS Seychelles'!M3 -> 9463 | Q2: ='FS Seychelles'!N3 -> 8462 | R2: ='FS Seychelles'!O3 -> 3401 | S2: ='FS Seychelles'!P3 -> 0 | T2: ='FS Seychelles'!Q3 -> 7419 | U2: ='FS Seychelles'!R3 -> 45 | V2: ='FS Seychelles'!S3 -> 43 | ... AA2: ='FS Seychelles'!X3 -> 0 | AB2: =6248/31 -> 201.54839
A3: Seychelles | B3: =B2+1 -> 2 | C3: 1 | D3: 2020 | E3: ='FS Seychelles'!B4 -> 57.38 | F3: ='FS Seychelles'!C4*1000 -> 2678.272 | G3: ='FS Seychelles'!D4*1000 -> 4651.52 | H3: ='FS Seychelles'!E4*1000 -> 4289.024 | I3: ='FS Seychelles'!F4*1000 -> 1095.424 | J3: ='FS Seychelles'!G4*1000 -> 2377.984 | K3: ='FS Seychelles'!H4*1000 -> 1631.488 | L3: ='FS Seychelles'!I4*1000 -> 1350.528 | M3: ='FS Seychelles'!J4*1000 -> 1865.472 | N3: ='FS Seychelles'!K4*1000 -> 3127.296 | O3: 12417 | P3: ='FS Seychelles'!M4 -> 6344 | Q3: 12079 | R3: 8651 | S3: ='FS Seychelles'!P4 -> 0 | T3: 9881 | U3: ='FS Seychelles'!R4 -> 48 | V3: ='FS Seychelles'!S4 -> 36 | W3: ='FS Seychelles'!T4 -> 54 | X3: ='FS Seychelles'!U4 -> 163 | Y3: ='FS Seychelles'!V4 -> 149 | Z3: ='FS Seychelles'!W4 -> 66 | AA3: ='FS Seychelles'!X4 -> 0 | AB3: =6248/31 -> 201.54839
A4: Seychelles | B4: =B3+1 -> 3 | C4: 1 | D4: 2020 | E4: ='FS Seychelles'!B5 -> 70.49 | F4: ='FS Seychelles'!C5*1000 -> 2870.784 | G4: ='FS Seychelles'!D5*1000 -> 4998.144 | H4: ='FS Seychelles'!E5*1000 -> 4386.304 | I4: ='FS Seychelles'!F5*1000 -> 1448.96 | J4: ='FS Seychelles'!G5*1000 -> 2325.248 | K4: ='FS Seychelles'!H5*1000 -> 1622.272 | L4: ='FS Seychelles'!I5*1000 -> 1371.52 | M4: ='FS Seychelles'!J5*1000 -> 1912.32 | N4: ='FS Seychelles'!K5*1000 -> 3165.952 | O4: ='FS Seychelles'!L5 -> 10158 | P4: ='FS Seychelles'!M5 -> 4554 | Q4: ='FS Seychelles'!N5 -> 8609 | R4: ='FS Seychelles'!O5 -> 0 | S4: ='FS Seychelles'!P5 -> 0 | T4: ='FS Seychelles'!Q5 -> 6126 | U4: ='FS Seychelles'!R5 -> 54 | V4: ='FS Seychelles'!S5 -> 37 | ... AA4: ='FS Seychelles'!X5 -> 0 | AB4: =6248/31 -> 201.54839
A5: Seychelles | B5: =B4+1 -> 4 | C5: 1 | D5: 2020 | E5: ='FS Seychelles'!B6 -> 70 | F5: ='FS Seychelles'!C6*1000 -> 2918.656 | G5: ='FS Seychelles'!D6*1000 -> 5558.784 | H5: ='FS Seychelles'!E6*1000 -> 4680.704 | I5: ='FS Seychelles'!F6*1000 -> 1928.448 | J5: ='FS Seychelles'!G6*1000 -> 2352.384 | K5: ='FS Seychelles'!H6*1000 -> 1671.936 | L5: ='FS Seychelles'!I6*1000 -> 1360.512 | M5: ='FS Seychelles'!J6*1000 -> 1949.44 | N5: ='FS Seychelles'!K6*1000 -> 3195.392 | O5: ='FS Seychelles'!L6 -> 5502 | P5: ='FS Seychelles'!M6 -> 8799 | Q5: ='FS Seychelles'!N6 -> 7927 | R5: ='FS Seychelles'!O6 -> 5546 | S5: ='FS Seychelles'!P6 -> 0 | T5: ='FS Seychelles'!Q6 -> 7721 | U5: ='FS Seychelles'!R6 -> 49 | V5: ='FS Seychelles'!S6 -> 38 | ... AA5: ='FS Seychelles'!X6 -> 0 | AB5: =6248/31 -> 201.54839
A6: Seychelles | B6: =B5+1 -> 5 | C6: 1 | D6: 2020 | E6: ='FS Seychelles'!B7 -> 48.05 | F6: ='FS Seychelles'!C7*1000 -> 2961.664 | G6: ='FS Seychelles'!D7*1000 -> 5575.168 | H6: ='FS Seychelles'!E7*1000 -> 4891.136 | I6: ='FS Seychelles'!F7*1000 -> 1651.456 | J6: ='FS Seychelles'!G7*1000 -> 2201.088 | K6: ='FS Seychelles'!H7*1000 -> 1909.248 | L6: ='FS Seychelles'!I7*1000 -> 1380.48 | M6: ='FS Seychelles'!J7*1000 -> 2256 | N6: ='FS Seychelles'!K7*1000 -> 3205.12 | O6: ='FS Seychelles'!L7 -> 9551 | P6: ='FS Seychelles'!M7 -> 4243 | Q6: ='FS Seychelles'!N7 -> 9911 | R6: ='FS Seychelles'!O7 -> 3924 | S6: ='FS Seychelles'!P7 -> 0 | T6: ='FS Seychelles'!Q7 -> 7627 | U6: ='FS Seychelles'!R7 -> 59 | V6: ='FS Seychelles'!S7 -> 40 | ... AA6: ='FS Seychelles'!X7 -> 0 | AB6: =6248/31 -> 201.54839
A7: Seychelles | B7: =B6+1 -> 6 | C7: 1 | D7: 2020 | E7: ='FS Seychelles'!B8 -> 54.55 | F7: ='FS Seychelles'!C8*1000 -> 3083.776 | G7: ='FS Seychelles'!D8*1000 -> 5469.184 | H7: ='FS Seychelles'!E8*1000 -> 4579.84 | I7: ='FS Seychelles'!F8*1000 -> 1466.368 | J7: ='FS Seychelles'!G8*1000 -> 2498.816 | K7: ='FS Seychelles'!H8*1000 -> 1852.672 | L7: ='FS Seychelles'!I8*1000 -> 1377.152 | M7: ='FS Seychelles'!J8*1000 -> 2142.592 | N7: ='FS Seychelles'!K8*1000 -> 3109.12 | O7: ='FS Seychelles'!L8 -> 11821 | P7: ='FS Seychelles'!M8 -> 1514 | Q7: ='FS Seychelles'!N8 -> 1075 | R7: ='FS Seychelles'!O8 -> 11742 | S7: ='FS Seychelles'!P8 -> 0 | T7: ='FS Seychelles'!Q8 -> 7445 | U7: ='FS Seychelles'!R8 -> 53 | V7: ='FS Seychelles'!S8 -> 28 | ... AA7: ='FS Seychelles'!X8 -> 0 | AB7: =6248/31 -> 201.54839
A8: Seychelles | B8: =B7+1 -> 7 | C8: 1 | D8: 2020 | E8: ='FS Seychelles'!B9 -> 40.26 | F8: ='FS Seychelles'!C9*1000 -> 686.848 | G8: ='FS Seychelles'!D9*1000 -> 1412.608 | H8: ='FS Seychelles'!E9*1000 -> 1276.416 | I8: ='FS Seychelles'!F9*1000 -> 370.688 | J8: ='FS Seychelles'!G9*1000 -> 623.104 | K8: ='FS Seychelles'!H9*1000 -> 494.08 | L8: ='FS Seychelles'!I9*1000 -> 473.216 | M8: ='FS Seychelles'!J9*1000 -> 540.288 | N8: ='FS Seychelles'!K9*1000 -> 958.208 | O8: ='FS Seychelles'!L9 -> 10172 | P8: ='FS Seychelles'!M9 -> 13864 | Q8: ='FS Seychelles'!N9 -> 10810 | R8: ='FS Seychelles'!O9 -> 4025 | S8: ='FS Seychelles'!P9 -> 0 | T8: ='FS Seychelles'!Q9 -> 10788 | U8: ='FS Seychelles'!R9 -> 60 | V8: ='FS Seychelles'!S9 -> 40 | ... AA8: ='FS Seychelles'!X9 -> 0 | AB8: =6248/31 -> 201.54839
A9: Seychelles | B9: =B8+1 -> 8 | C9: 1 | D9: 2020 | E9: ='FS Seychelles'!B10 -> 35.06 | F9: ='FS Seychelles'!C10*1000 -> 1058.048 | G9: ='FS Seychelles'!D10*1000 -> 1925.12 | H9: ='FS Seychelles'!E10*1000 -> 1872.896 | I9: ='FS Seychelles'!F10*1000 -> 590.592 | J9: ='FS Seychelles'!G10*1000 -> 953.6 | K9: ='FS Seychelles'!H10*1000 -> 642.816 | L9: ='FS Seychelles'!I10*1000 -> 610.816 | M9: ='FS Seychelles'!J10*1000 -> 830.208 | N9: ='FS Seychelles'!K10*1000 -> 1459.712 | O9: ='FS Seychelles'!L10 -> 5564 | P9: ='FS Seychelles'!M10 -> 10365 | Q9: ='FS Seychelles'!N10 -> 0 | R9: ='FS Seychelles'!O10 -> 8582 | S9: ='FS Seychelles'!P10 -> 0 | T9: ='FS Seychelles'!Q10 -> 6872 | U9: ='FS Seychelles'!R10 -> 59 | V9: ='FS Seychelles'!S10 -> 16 | ... AA9: ='FS Seychelles'!X10 -> 0 | AB9: =6248/31 -> 201.54839
A10: Seychelles | B10: =B9+1 -> 9 | C10: 1 | D10: 2020 | E10: ='FS Seychelles'!B11 -> 35.06 | F10: ='FS Seychelles'!C11*1000 -> 2911.232 | G10: ='FS Seychelles'!D11*1000 -> 5153.792 | H10: ='FS Seychelles'!E11*1000 -> 4811.264 | I10: ='FS Seychelles'!F11*1000 -> 1615.104 | J10: ='FS Seychelles'!G11*1000 -> 2383.616 | K10: ='FS Seychelles'!H11*1000 -> 1843.712 | L10: ='FS Seychelles'!I11*1000 -> 1402.752 | M10: ='FS Seychelles'!J11*1000 -> 1887.232 | N10: ='FS Seychelles'!K11*1000 -> 3356.16 | O10: ='FS Seychelles'!L11 -> 5071 | P10: ='FS Seychelles'!M11 -> 11550 | Q10: ='FS Seychelles'!N11 -> 0 | R10: ='FS Seychelles'!O11 -> 10216 | S10: ='FS Seychelles'!P11 -> 0 | T10: ='FS Seychelles'!Q11 -> 7684 | U10: ='FS Seychelles'!R11 -> 62 | V10: ='FS Seychelles'!S11 -> 60 | ... AA10: ='FS Seychelles'!X11 -> 0 | AB10: =6248/31 -> 201.54839
A11: Seychelles | B11: =B10+1 -> 10 | C11: 1 | D11: 2020 | E11: ='FS Seychelles'!B12 -> 43.16 | F11: ='FS Seychelles'!C12*1000 -> 2360.832 | G11: ='FS Seychelles'!D12*1000 -> 4877.824 | H11: ='FS Seychelles'!E12*1000 -> 4507.648 | I11: ='FS Seychelles'!F12*1000 -> 1412.864 | J11: ='FS Seychelles'!G12*1000 -> 2410.496 | K11: ='FS Seychelles'!H12*1000 -> 2101.76 | L11: ='FS Seychelles'!I12*1000 -> 1431.296 | M11: ='FS Seychelles'!J12*1000 -> 1608.832 | N11: ='FS Seychelles'!K12*1000 -> 3417.6 | O11: ='FS Seychelles'!L12 -> 4119 | P11: ='FS Seychelles'!M12 -> 832 | Q11: ='FS Seychelles'!N12 -> 0 | R11: ='FS Seychelles'!O12 -> 9575 | S11: ='FS Seychelles'!P12 -> 0 | T11: ='FS Seychelles'!Q12 -> 4178 | U11: ='FS Seychelles'!R12 -> 60 | V11: ='FS Seychelles'!S12 -> 14 | ... AA11: ='FS Seychelles'!X12 -> 0 | AB11: =6248/31 -> 201.54839
A12: Seychelles | B12: =B11+1 -> 11 | C12: 1 | D12: 2020 | E12: ='FS Seychelles'!B13 -> 60 | F12: ='FS Seychelles'!C13*1000 -> 2808.832 | G12: ='FS Seychelles'!D13*1000 -> 5433.344 | H12: ='FS Seychelles'!E13*1000 -> 5079.552 | I12: ='FS Seychelles'!F13*1000 -> 1626.88 | J12: ='FS Seychelles'!G13*1000 -> 2707.968 | K12: ='FS Seychelles'!H13*1000 -> 2911.232 | L12: ='FS Seychelles'!I13*1000 -> 1364.48 | M12: ='FS Seychelles'!J13*1000 -> 1727.36 | N12: ='FS Seychelles'!K13*1000 -> 3308.288 | O12: ='FS Seychelles'!L13 -> 3714 | P12: ='FS Seychelles'!M13 -> 11077 | Q12: ='FS Seychelles'!N13 -> 3831 | R12: ='FS Seychelles'!O13 -> 10502 | S12: ='FS Seychelles'!P13 -> 0 | T12: ='FS Seychelles'!Q13 -> 8235 | U12: ='FS Seychelles'!R13 -> 60 | V12: ='FS Seychelles'!S13 -> 43 | ... AA12: ='FS Seychelles'!X13 -> 0 | AB12: =6248/31 -> 201.54839
A13: Seychelles | B13: =B12+1 -> 12 | C13: 1 | D13: 2020 | E13: ='FS Seychelles'!B14 -> 60 | F13: ='FS Seychelles'!C14*1000 -> 3076.608 | G13: ='FS Seychelles'!D14*1000 -> 5463.552 | H13: ='FS Seychelles'!E14*1000 -> 5140.48 | I13: ='FS Seychelles'!F14*1000 -> 1895.68 | J13: ='FS Seychelles'!G14*1000 -> 2534.4 | K13: ='FS Seychelles'!H14*1000 -> 2919.68 | L13: ='FS Seychelles'!I14*1000 -> 1396.096 | M13: ='FS Seychelles'!J14*1000 -> 1970.944 | N13: ='FS Seychelles'!K14*1000 -> 3414.016 | O13: ='FS Seychelles'!L14 -> 10738 | P13: ='FS Seychelles'!M14 -> 386 | Q13: ='FS Seychelles'!N14 -> 10737 | R13: ='FS Seychelles'!O14 -> 3805 | S13: ='FS Seychelles'!P14 -> 0 | T13: ='FS Seychelles'!Q14 -> 7742 | U13: ='FS Seychelles'!R14 -> 63 | V13: ='FS Seychelles'!S14 -> 41 | ... AA13: ='FS Seychelles'!X14 -> 0 | AB13: =6248/31 -> 201.54839
A14: Seychelles | B14: =B13+1 -> 13 | C14: 1 | D14: 2020 | E14: ='FS Seychelles'!B15 -> 67.37 | F14: ='FS Seychelles'!C15*1000 -> 2988.288 | G14: ='FS Seychelles'!D15*1000 -> 5610.496 | H14: ='FS Seychelles'!E15*1000 -> 4929.536 | I14: ='FS Seychelles'!F15*1000 -> 1956.864 | J14: ='FS Seychelles'!G15*1000 -> 2510.848 | K14: ='FS Seychelles'!H15*1000 -> 3069.952 | L14: ='FS Seychelles'!I15*1000 -> 1374.464 | M14: ='FS Seychelles'!J15*1000 -> 1887.36 | N14: ='FS Seychelles'!K15*1000 -> 3444.48 | O14: ='FS Seychelles'!L15 -> 6745 | P14: ='FS Seychelles'!M15 -> 7657 | Q14: ='FS Seychelles'!N15 -> 7159 | R14: ='FS Seychelles'!O15 -> 7638 | S14: ='FS Seychelles'!P15 -> 0 | T14: ='FS Seychelles'!Q15 -> 8386 | U14: ='FS Seychelles'!R15 -> 69 | V14: ='FS Seychelles'!S15 -> 49 | ... AA14: ='FS Seychelles'!X15 -> 0 | AB14: =6248/31 -> 201.54839
A15: Seychelles | B15: =B14+1 -> 14 | C15: 1 | D15: 2020 | E15: ='FS Seychelles'!B16 -> 95.08 | F15: ='FS Seychelles'!C16*1000 -> 3285.76 | G15: ='FS Seychelles'!D16*1000 -> 6023.168 | H15: ='FS Seychelles'!E16*1000 -> 5428.736 | I15: ='FS Seychelles'!F16*1000 -> 2321.664 | J15: ='FS Seychelles'!G16*1000 -> 2665.472 | K15: ='FS Seychelles'!H16*1000 -> 3084.032 | L15: ='FS Seychelles'!I16*1000 -> 1406.976 | M15: ='FS Seychelles'!J16*1000 -> 1910.016 | N15: ='FS Seychelles'!K16*1000 -> 3622.912 | O15: ='FS Seychelles'!L16 -> 7526 | P15: ='FS Seychelles'!M16 -> 8254 | Q15: ='FS Seychelles'!N16 -> 7680 | R15: ='FS Seychelles'!O16 -> 8753 | S15: ='FS Seychelles'!P16 -> 0 | T15: ='FS Seychelles'!Q17 -> 11076 | U15: ='FS Seychelles'!R16 -> 70 | V15: ='FS Seychelles'!S16 -> 16 | W15: ='FS Seychelles'!T16 -> 55 | X15: ='FS Seychelles'!U16 -> 194 | Y15: ='FS Seychelles'!V16 -> 162 | Z15: ='FS Seychelles'!W16 -> 113 | AA15: ='FS Seychelles'!X16 -> 0 | AB15: =6248/31 -> 201.54839
A16: Seychelles | B16: =B15+1 -> 15 | C16: 1 | D16: 2020 | E16: ='FS Seychelles'!B17 -> 92.75 | F16: ='FS Seychelles'!C17*1000 -> 2767.36 | G16: ='FS Seychelles'!D17*1000 -> 5468.672 | H16: ='FS Seychelles'!E17*1000 -> 5293.056 | I16: ='FS Seychelles'!F17*1000 -> 2203.392 | J16: ='FS Seychelles'!G17*1000 -> 2583.808 | K16: ='FS Seychelles'!H17*1000 -> 2639.872 | L16: ='FS Seychelles'!I17*1000 -> 1443.712 | M16: ='FS Seychelles'!J17*1000 -> 1686.4 | N16: ='FS Seychelles'!K17*1000 -> 3652.096 | O16: ='FS Seychelles'!L17 -> 10762 | P16: ='FS Seychelles'!M17 -> 8581 | Q16: ='FS Seychelles'!N17 -> 8149 | R16: ='FS Seychelles'!O17 -> 12458 | S16: ='FS Seychelles'!P17 -> 0 | T16: ='FS Seychelles'!Q18 -> 5246 | U16: ='FS Seychelles'!R17 -> 75 | V16: ='FS Seychelles'!S17 -> 39 | W16: ='FS Seychelles'!T17 -> 68 | X16: ='FS Seychelles'!U17 -> 242 | Y16: ='FS Seychelles'!V17 -> 208 | Z16: ='FS Seychelles'!W17 -> 125 | AA16: ='FS Seychelles'!X17 -> 0 | AB16: =6248/31 -> 201.54839
A17: Seychelles | B17: =B16+1 -> 16 | C17: 1 | D17: 2020 | E17: ='FS Seychelles'!B18 -> 80.28 | F17: ='FS Seychelles'!C18*1000 -> 3014.144 | G17: ='FS Seychelles'!D18*1000 -> 5719.552 | H17: ='FS Seychelles'!E18*1000 -> 5372.416 | I17: ='FS Seychelles'!F18*1000 -> 2482.944 | J17: ='FS Seychelles'!G18*1000 -> 2683.904 | K17: ='FS Seychelles'!H18*1000 -> 2650.112 | L17: ='FS Seychelles'!I18*1000 -> 1398.4 | M17: ='FS Seychelles'!J18*1000 -> 1800.832 | N17: ='FS Seychelles'!K18*1000 -> 3721.472 | O17: ='FS Seychelles'!L18 -> 0 | P17: ='FS Seychelles'!M18 -> 10699 | Q17: ='FS Seychelles'!N18 -> 4173 | R17: ='FS Seychelles'!O18 -> 4197 | S17: ='FS Seychelles'!P18 -> 0 | T17: ='FS Seychelles'!Q18 -> 5246 | U17: ='FS Seychelles'!R18 -> 64 | V17: ='FS Seychelles'!S18 -> 32 | ... AA17: ='FS Seychelles'!X18 -> 0 | AB17: =6248/31 -> 201.54839
A18: Seychelles | B18: =B17+1 -> 17 | C18: 1 | D18: 2020 | E18: ='FS Seychelles'!B19 -> 86.15 | F18: ='FS Seychelles'!C19*1000 -> 2867.2 | G18: ='FS Seychelles'!D19*1000 -> 5123.072 | H18: ='FS Seychelles'!E19*1000 -> 4983.808 | I18: ='FS Seychelles'!F19*1000 -> 2725.888 | J18: ='FS Seychelles'!G19*1000 -> 2680.064 | K18: ='FS Seychelles'!H19*1000 -> 2537.472 | L18: ='FS Seychelles'!I19*1000 -> 1445.248 | M18: ='FS Seychelles'!J19*1000 -> 1903.36 | N18: ='FS Seychelles'!K19*1000 -> 3601.408 | O18: ='FS Seychelles'!L19 -> 14148 | P18: ='FS Seychelles'!M19 -> 6641 | Q18: ='FS Seychelles'!N19 -> 0 | R18: ='FS Seychelles'!O19 -> 8103 | S18: ='FS Seychelles'!P19 -> 0 | T18: ='FS Seychelles'!Q19 -> 7971 | U18: ='FS Seychelles'!R19 -> 65 | V18: ='FS Seychelles'!S19 -> 0 | ... AA18: ='FS Seychelles'!X19 -> 0 | AB18: =6248/31 -> 201.54839
A19: Seychelles | B19: =B18+1 -> 18 | C19: 1 | D19: 2020 | E19: ='FS Seychelles'!B20 -> 90 | F19: ='FS Seychelles'!C20*1000 -> 3270.656 | G19: ='FS Seychelles'!D20*1000 -> 5633.024 | H19: ='FS Seychelles'!E20*1000 -> 5171.2 | I19: ='FS Seychelles'!F20*1000 -> 2867.712 | J19: ='FS Seychelles'!G20*1000 -> 3309.824 | K19: ='FS Seychelles'!H20*1000 -> 2918.656 | L19: ='FS Seychelles'!I20*1000 -> 1396.224 | M19: ='FS Seychelles'!J20*1000 -> 1941.248 | N19: ='FS Seychelles'!K20*1000 -> 3682.048 | O19: ='FS Seychelles'!L20 -> 0 | P19: ='FS Seychelles'!M20 -> 14930 | Q19: ='FS Seychelles'!N20 -> 14944 | R19: ='FS Seychelles'!O20 -> 0 | S19: ='FS Seychelles'!P20 -> 0 | T19: ='FS Seychelles'!Q20 -> 8044 | U19: ='FS Seychelles'!R20 -> 74 | V19: ='FS Seychelles'!S20 -> 0 | ... AA19: ='FS Seychelles'!X20 -> 0 | AB19: =6248/31 -> 201.54839
A20: Seychelles | B20: =B19+1 -> 19 | C20: 1 | D20: 2020 | E20: ='FS Seychelles'!B21 -> 72 | F20: ='FS Seychelles'!C21*1000 -> 3386.112 | G20: ='FS Seychelles'!D21*1000 -> 5477.376 | H20: ='FS Seychelles'!E21*1000 -> 5111.296 | I20: ='FS Seychelles'!F21*1000 -> 2586.368 | J20: ='FS Seychelles'!G21*1000 -> 3621.12 | K20: ='FS Seychelles'!H21*1000 -> 2886.656 | L20: ='FS Seychelles'!I21*1000 -> 1413.248 | M20: ='FS Seychelles'!J21*1000 -> 2276.096 | N20: ='FS Seychelles'!K21*1000 -> 3590.144 | O20: ='FS Seychelles'!L21 -> 10750 | P20: ='FS Seychelles'!M21 -> 6172 | Q20: ='FS Seychelles'!N21 -> 8747 | R20: ='FS Seychelles'!O21 -> 8214 | S20: ='FS Seychelles'!P21 -> 0 | T20: ='FS Seychelles'!Q21 -> 9405 | U20: ='FS Seychelles'!R21 -> 68 | V20: ='FS Seychelles'!S21 -> 0 | ... AA20: ='FS Seychelles'!X21 -> 0 | AB20: =6248/31 -> 201.54839
A21: Seychelles | B21: =B20+1 -> 20 | C21: 1 | D21: 2020 | E21: ='FS Seychelles'!B22 -> 72.22 | F21: ='FS Seychelles'!C22*1000 -> 3501.824 | G21: ='FS Seychelles'!D22*1000 -> 5582.336 | H21: ='FS Seychelles'!E22*1000 -> 5194.24 | I21: ='FS Seychelles'!F22*1000 -> 2589.44 | J21: ='FS Seychelles'!G22*1000 -> 3770.88 | K21: ='FS Seychelles'!H22*1000 -> 3020.288 | L21: ='FS Seychelles'!I22*1000 -> 1412.992 | M21: ='FS Seychelles'!J22*1000 -> 2149.888 | N21: ='FS Seychelles'!K22*1000 -> 3519.488 | O21: ='FS Seychelles'!L22 -> 5226 | P21: ='FS Seychelles'!M22 -> 11041 | Q21: ='FS Seychelles'!N22 -> 11282 | R21: ='FS Seychelles'!O22 -> 5006 | S21: ='FS Seychelles'!P23 -> 0 | T21: ='FS Seychelles'!Q22 -> 8778 | U21: ='FS Seychelles'!R22 -> 66 | V21: ='FS Seychelles'!S22 -> 0 | W21: ='FS Seychelles'!T22 -> 138 | X21: ='FS Seychelles'!U22 -> 220 | Y21: ='FS Seychelles'!V22 -> 194 | Z21: ='FS Seychelles'!W22 -> 136 | AA21: ='FS Seychelles'!X22 -> 0 | AB21: =6248/31 -> 201.54839
A22: Seychelles | B22: =B21+1 -> 21 | C22: 1 | D22: 2020 | E22: ='FS Seychelles'!B23 -> 61.97 | F22: ='FS Seychelles'!C23*1000 -> 3436.288 | G22: ='FS Seychelles'!D23*1000 -> 5616.128 | H22: ='FS Seychelles'!E23*1000 -> 5223.936 | I22: ='FS Seychelles'!F23*1000 -> 2734.592 | J22: ='FS Seychelles'!G23*1000 -> 3863.552 | K22: ='FS Seychelles'!H23*1000 -> 3103.232 | L22: ='FS Seychelles'!I23*1000 -> 1385.6 | M22: ='FS Seychelles'!J23*1000 -> 2030.08 | N22: ='FS Seychelles'!K23*1000 -> 3700.736 | O22: ='FS Seychelles'!L23 -> 4233 | P22: ='FS Seychelles'!M23 -> 12184 | Q22: ='FS Seychelles'!N23 -> 12136 | R22: ='FS Seychelles'!O23 -> 4280 | S22: ='FS Seychelles'!P24 -> 0 | T22: ='FS Seychelles'!Q23 -> 9021 | U22: ='FS Seychelles'!R23 -> 61 | V22: ='FS Seychelles'!S23 -> 0 | W22: ='FS Seychelles'!T23 -> 118 | X22: ='FS Seychelles'!U23 -> 209 | Y22: ='FS Seychelles'!V23 -> 168 | Z22: ='FS Seychelles'!W23 -> 109 | AA22: ='FS Seychelles'!X23 -> 0 | AB22: =6248/31 -> 201.54839
A23: Seychelles | B23: =B22+1 -> 22 | C23: 1 | D23: 2020 | E23: ='FS Seychelles'!B24 -> 46.32 | F23: ='FS Seychelles'!C24*1000 -> 3278.08 | G23: ='FS Seychelles'!D24*1000 -> 5520.384 | H23: ='FS Seychelles'!E24*1000 -> 5553.152 | I23: ='FS Seychelles'!F24*1000 -> 2888.704 | J23: ='FS Seychelles'!G24*1000 -> 3349.248 | K23: ='FS Seychelles'!H24*1000 -> 3084.288 | L23: ='FS Seychelles'!I24*1000 -> 1354.496 | M23: ='FS Seychelles'!J24*1000 -> 2222.592 | N23: ='FS Seychelles'!K24*1000 -> 3822.848 | O23: ='FS Seychelles'!L24 -> 0 | P23: ='FS Seychelles'!M24 -> 15416 | Q23: ='FS Seychelles'!N24 -> 0 | R23: ='FS Seychelles'!O24 -> 10224 | S23: ='FS Seychelles'!P25 -> 0 | T23: ='FS Seychelles'!Q24 -> 7175 | U23: ='FS Seychelles'!R24 -> 65 | V23: ='FS Seychelles'!S24 -> 0 | W23: ='FS Seychelles'!T24 -> 141 | X23: ='FS Seychelles'!U24 -> 288 | Y23: ='FS Seychelles'!V24 -> 180 | Z23: ='FS Seychelles'!W24 -> 119 | AA23: ='FS Seychelles'!X24 -> 0 | AB23: =6248/31 -> 201.54839
A24: Seychelles | B24: =B23+1 -> 23 | C24: 1 | D24: 2020 | E24: ='FS Seychelles'!B25 -> 35.79 | F24: ='FS Seychelles'!C25*1000 -> 2888.96 | G24: ='FS Seychelles'!D25*1000 -> 4764.16 | H24: ='FS Seychelles'!E25*1000 -> 5035.008 | I24: ='FS Seychelles'!F25*1000 -> 2789.632 | J24: ='FS Seychelles'!G25*1000 -> 2667.008 | K24: ='FS Seychelles'!H25*1000 -> 1995.776 | L24: ='FS Seychelles'!I25*1000 -> 1273.6 | M24: ='FS Seychelles'!J25*1000 -> 1607.936 | N24: ='FS Seychelles'!K25*1000 -> 3601.152 | O24: ='FS Seychelles'!L25 -> 13710 | P24: ='FS Seychelles'!M25 -> 0 | Q24: ='FS Seychelles'!N25 -> 13508 | R24: ='FS Seychelles'!O25 -> 0 | S24: ='FS Seychelles'!P25 -> 0 | T24: ='FS Seychelles'!Q25 -> 8890 | U24: ='FS Seychelles'!R25 -> 61 | V24: ='FS Seychelles'!S25 -> 0 | ... AA24: ='FS Seychelles'!X25 -> 0 | AB24: =6248/31 -> 201.54839
A25: Seychelles | B25: =B24+1 -> 24 | C25: 1 | D25: 2020 | E25: ='FS Seychelles'!B26 -> 35.79 | F25: ='FS Seychelles'!C26*1000 -> 3091.712 | G25: ='FS Seychelles'!D26*1000 -> 4687.872 | H25: ='FS Seychelles'!E26*1000 -> 5014.528 | I25: ='FS Seychelles'!F26*1000 -> 2471.168 | J25: ='FS Seychelles'!G26*1000 -> 3140.608 | K25: ='FS Seychelles'!H26*1000 -> 2004.992 | L25: ='FS Seychelles'!I26*1000 -> 1250.304 | M25: ='FS Seychelles'!J26*1000 -> 1875.456 | N25: ='FS Seychelles'!K26*1000 -> 3686.4 | O25: ='FS Seychelles'!L26 -> 4287 | P25: ='FS Seychelles'!M26 -> 0 | Q25: ='FS Seychelles'!N26 -> 9714 | R25: ='FS Seychelles'!O26 -> 9575 | S25: ='FS Seychelles'!P26 -> 0 | T25: ='FS Seychelles'!Q26 -> 6017 | U25: ='FS Seychelles'!R26 -> 56 | V25: ='FS Seychelles'!S26 -> 0 | ... AA25: ='FS Seychelles'!X26 -> 0 | AB25: =6248/31 -> 201.54839
A26: Seychelles | B26: =B25+1 -> 25 | C26: 1 | D26: 2020 | E26: ='FS Seychelles'!B27 -> 46.15 | F26: ='FS Seychelles'!C27*1000 -> 3389.952 | G26: ='FS Seychelles'!D27*1000 -> 5148.672 | H26: ='FS Seychelles'!E27*1000 -> 5178.88 | I26: ='FS Seychelles'!F27*1000 -> 2425.6 | J26: ='FS Seychelles'!G27*1000 -> 3140.864 | K26: ='FS Seychelles'!H27*1000 -> 2218.752 | L26: ='FS Seychelles'!I27*1000 -> 1284.608 | M26: ='FS Seychelles'!J27*1000 -> 1992.96 | N26: ='FS Seychelles'!K27*1000 -> 3631.872 | O26: ='FS Seychelles'!L27 -> 11089 | P26: ='FS Seychelles'!M27 -> 5020 | Q26: ='FS Seychelles'!N27 -> 11058 | R26: ='FS Seychelles'!O27 -> 5234 | S26: ='FS Seychelles'!P27 -> 0 | T26: ='FS Seychelles'!Q27 -> 9338 | U26: ='FS Seychelles'!R27 -> 52 | V26: ='FS Seychelles'!S27 -> 0 | ... AA26: ='FS Seychelles'!X27 -> 0 | AB26: =6248/31 -> 201.54839
A27: Seychelles | B27: =B26+1 -> 26 | C27: 1 | D27: 2020 | E27: ='FS Seychelles'!B28 -> 37.14 | F27: ='FS Seychelles'!C28*1000 -> 3112.96 | G27: ='FS Seychelles'!D28*1000 -> 5211.136 | H27: ='FS Seychelles'!E28*1000 -> 5191.68 | I27: ='FS Seychelles'!F28*1000 -> 2334.464 | J27: ='FS Seychelles'!G28*1000 -> 3083.264 | K27: ='FS Seychelles'!H28*1000 -> 2213.376 | L27: ='FS Seychelles'!I28*1000 -> 1312.64 | M27: ='FS Seychelles'!J28*1000 -> 2059.776 | N27: ='FS Seychelles'!K28*1000 -> 3575.808 | O27: ='FS Seychelles'!L28 -> 4275 | P27: ='FS Seychelles'!M28 -> 10299 | Q27: ='FS Seychelles'!N28 -> 3558 | R27: ='FS Seychelles'!O28 -> 11042 | S27: ='FS Seychelles'!P28 -> 0 | T27: ='FS Seychelles'!Q28 -> 8259 | U27: ='FS Seychelles'!R28 -> 47 | V27: ='FS Seychelles'!S28 -> 0 | ... AA27: ='FS Seychelles'!X28 -> 0 | AB27: =6248/31 -> 201.54839
A28: Seychelles | B28: =B27+1 -> 27 | C28: 1 | D28: 2020 | E28: ='FS Seychelles'!B29 -> 38.24 | F28: ='FS Seychelles'!C29*1000 -> 3071.488 | G28: ='FS Seychelles'!D29*1000 -> 5127.68 | H28: ='FS Seychelles'!E29*1000 -> 5236.224 | I28: ='FS Seychelles'!F29*1000 -> 2415.872 | J28: ='FS Seychelles'!G29*1000 -> 3078.144 | K28: ='FS Seychelles'!H29*1000 -> 2060.288 | L28: ='FS Seychelles'!I29*1000 -> 1319.552 | M28: ='FS Seychelles'!J29*1000 -> 2029.056 | N28: ='FS Seychelles'!K29*1000 -> 3494.144 | O28: ='FS Seychelles'!L29 -> 9988 | P28: ='FS Seychelles'!M29 -> 4604 | Q28: ='FS Seychelles'!N29 -> 4635 | R28: ='FS Seychelles'!O29 -> 9926 | S28: ='FS Seychelles'!P29 -> 0 | T28: ='FS Seychelles'!Q29 -> 8068 | U28: ='FS Seychelles'!R29 -> 45 | V28: ='FS Seychelles'!S29 -> 0 | ... AA28: ='FS Seychelles'!X29 -> 0 | AB28: =6248/31 -> 201.54839
A29: Seychelles | B29: =B28+1 -> 28 | C29: 1 | D29: 2020 | E29: ='FS Seychelles'!B30 -> 29.85 | F29: ='FS Seychelles'!C30*1000 -> 2645.76 | G29: ='FS Seychelles'!D30*1000 -> 4878.848 | H29: ='FS Seychelles'!E30*1000 -> 4991.488 | I29: ='FS Seychelles'!F30*1000 -> 2116.352 | J29: ='FS Seychelles'!G30*1000 -> 3089.152 | K29: ='FS Seychelles'!H30*1000 -> 1961.984 | L29: ='FS Seychelles'!I30*1000 -> 1269.888 | M29: ='FS Seychelles'!J30*1000 -> 1968.64 | N29: ='FS Seychelles'!K30*1000 -> 3724.032 | O29: ='FS Seychelles'!L30 -> 9983 | P29: ='FS Seychelles'!M30 -> 4040 | Q29: ='FS Seychelles'!N30 -> 4098 | R29: ='FS Seychelles'!O30 -> 9945 | S29: ='FS Seychelles'!P30 -> 0 | T29: ='FS Seychelles'!Q30 -> 7913 | U29: ='FS Seychelles'!R30 -> 36 | V29: ='FS Seychelles'!S30 -> 38 | ... AA29: ='FS Seychelles'!X30 -> 0 | AB29: =6248/31 -> 201.54839
A30: Seychelles | B30: =B29+1 -> 29 | C30: 1 | D30: 2020 | E30: ='FS Seychelles'!B31 -> 27.14 | F30: ='FS Seychelles'!C31*1000 -> 2468.352 | G30: ='FS Seychelles'!D31*1000 -> 4787.2 | H30: ='FS Seychelles'!E31*1000 -> 4873.216 | I30: ='FS Seychelles'!F31*1000 -> 1982.464 | J30: ='FS Seychelles'!G31*1000 -> 3078.144 | K30: ='FS Seychelles'!H31*1000 -> 1904.64 | L30: ='FS Seychelles'!I31*1000 -> 1238.912 | M30: ='FS Seychelles'!J31*1000 -> 1881.856 | N30: ='FS Seychelles'!K31*1000 -> 3605.504 | O30: ='FS Seychelles'!L31 -> 8971 | P30: ='FS Seychelles'!M31 -> 4633 | Q30: ='FS Seychelles'!N31 -> 4803 | R30: ='FS Seychelles'!O31 -> 8900 | S30: ='FS Seychelles'!P31 -> 0 | T30: ='FS Seychelles'!Q31 -> 7661 | U30: ='FS Seychelles'!R31 -> 44 | V30: ='FS Seychelles'!S31 -> 0 | ... AA30: ='FS Seychelles'!X31 -> 0 | AB30: =6248/31 -> 201.54839
A31: Seychelles | B31: =B30+1 -> 30 | C31: 1 | D31: 2020 | E31: ='FS Seychelles'!B32 -> 27.14 | F31: ='FS Seychelles'!C32*1000 -> 2870.272 | G31: ='FS Seychelles'!D32*1000 -> 5121.024 | H31: ='FS Seychelles'!E32*1000 -> 5046.272 | I31: ='FS Seychelles'!F32*1000 -> 2174.464 | J31: ='FS Seychelles'!G32*1000 -> 3144.704 | K31: ='FS Seychelles'!H32*1000 -> 2125.312 | L31: ='FS Seychelles'!I32*1000 -> 1258.368 | M31: ='FS Seychelles'!J32*1000 -> 1961.984 | N31: ='FS Seychelles'!K32*1000 -> 3627.264 | O31: ='FS Seychelles'!L32 -> 9929 | P31: ='FS Seychelles'!M32 -> 4529 | Q31: ='FS Seychelles'!N32 -> 4535 | R31: ='FS Seychelles'!O32 -> 9930 | S31: ='FS Seychelles'!P32 -> 0 | T31: ='FS Seychelles'!Q32 -> 8013 | U31: ='FS Seychelles'!R32 -> 34 | V31: ='FS Seychelles'!S32 -> 40 | ... AA31: ='FS Seychelles'!X32 -> 0 | AB31: =6248/31 -> 201.54839
A32: Seychelles | B32: =B31+1 -> 31 | C32: 1 | D32: 2020 | E32: ='FS Seychelles'!B33 -> 25.71 | F32: ='FS Seychelles'!C33*1000 -> 2451.712 | G32: ='FS Seychelles'!D33*1000 -> 4418.048 | H32: ='FS Seychelles'!E33*1000 -> 4780.544 | I32: ='FS Seychelles'!F33*1000 -> 1879.552 | J32: ='FS Seychelles'!G33*1000 -> 2734.848 | K32: ='FS Seychelles'!H33*1000 -> 1999.872 | L32: ='FS Seychelles'!I33*1000 -> 1279.232 | M32: ='FS Seychelles'!J33*1000 -> 1626.88 | N32: ='FS Seychelles'!K33*1000 -> 3458.048 | O32: ='FS Seychelles'!L33 -> 8441 | P32: ='FS Seychelles'!M33 -> 4488 | Q32: ='FS Seychelles'!N33 -> 4428 | R32: ='FS Seychelles'!O33 -> 8506 | S32: ='FS Seychelles'!P33 -> 0 | T32: ='FS Seychelles'!Q33 -> 7275 | U32: ='FS Seychelles'!R33 -> 29 | V32: ='FS Seychelles'!S33 -> 0 | ... AA32: ='FS Seychelles'!X33 -> 0 | AB32: =6248/31 -> 201.54839

Sheet FS Seychelles
A2: DATE | B2: Room Night | C2: SS-A (KWH) | D2: SS-B (KWH) | E2: SS-C (KWH) | F2: SS-D1 (KWH) | G2: SS-D2 (KWH) | H2: SS-E (KWH) | I2: FIRE PUMP (KWH) | J2: CASINO (KWH) | K2: BOH (KWH) | L2: Generator#1 (KWH) | M2: Generator#2 (KWH) | N2: Generator#3 (KWH) | O2: Generator#4 (KWH) | P2: Generator#5 (KWH) | Q2: DIESEL (Liter) | R2: BOH Water (m3) | S2: E-Resort (m3) | T2: North RVs (m3) | U2: WT59 (m3) | V2: WT08 (m3) | W2: PUC HOH (m3) | X2: PUC Eresort (m3) | Y2: LPG (Kg)
A3: 44166 | B3: 52.46 | C3: 2.5856 | D3: 4.685824 | E3: 4.351488 | F3: 1.085696 | G3: 2.283264 | H3: 1.438976 | I3: 1.326848 | J3: 1.814528 | K3: 3.011072 | L3: 5715 | M3: 9463 | N3: 8462 | O3: 3401 | P3: 0 | Q3: =1556+2557+2295+1011 -> 7419 | R3: 45 | S3: 43 | T3: 49 | U3: 171 | V3: 143 | W3: 43 | X3: 0 | Y3: CYLINDER DELIVERY (KG)
A4: 44167 | B4: 57.38 | C4: 2.678272 | D4: 4.65152 | E4: 4.289024 | F4: 1.095424 | G4: 2.377984 | H4: 1.631488 | I4: 1.350528 | J4: 1.865472 | K4: 3.127296 | L4: 9096 | M4: 6344 | N4: 8062 | O4: 0 | P4: 0 | Q4: =2447+1646+2288 -> 6381 | R4: 48 | S4: 36 | T4: 54 | U4: 163 | V4: 149 | W4: 66 | X4: 0 | Y4: Unit | Z4: Quantity | AA4: Sub total
A5: 44168 | B5: 70.49 | C5: 2.870784 | D5: 4.998144 | E5: 4.386304 | F5: 1.44896 | G5: 2.325248 | H5: 1.622272 | I5: 1.37152 | J5: 1.91232 | K5: 3.165952 | L5: 10158 | M5: 4554 | N5: 8609 | O5: 0 | P5: 0 | Q5: =2668+1250+2208 -> 6126 | R5: 54 | S5: 37 | T5: 72 | U5: 155 | V5: 150 | W5: 57 | X5: 0 | Y5: 4,5kg | Z5: 0
A6: 44169 | B6: 70 | C6: 2.918656 | D6: 5.558784 | E6: 4.680704 | F6: 1.928448 | G6: 2.352384 | H6: 1.671936 | I6: 1.360512 | J6: 1.94944 | K6: 3.195392 | L6: 5502 | M6: 8799 | N6: 7927 | O6: 5546 | P6: 0 | Q6: =1612+2347+2140+1622 -> 7721 | R6: 49 | S6: 38 | T6: 108 | U6: 170 | V6: 175 | W6: 102 | X6: 0 | Y6: 9kg | Z6: 2
A7: 44170 | B7: 48.05 | C7: 2.961664 | D7: 5.575168 | E7: 4.891136 | F7: 1.651456 | G7: 2.201088 | H7: 1.909248 | I7: 1.38048 | J7: 2.256 | K7: 3.20512 | L7: 9551 | M7: 4243 | N7: 9911 | O7: 3924 | P7: 0 | Q7: =2584+1150+2648+1245 -> 7627 | R7: 59 | S7: 40 | T7: 54 | U7: 189 | V7: 155 | W7: 122 | X7: 0 | Y7: 10kg | Z7: 12
A8: 44171 | B8: 54.55 | C8: 3.083776 | D8: 5.469184 | E8: 4.57984 | F8: 1.466368 | G8: 2.498816 | H8: 1.852672 | I8: 1.377152 | J8: 2.142592 | K8: 3.10912 | L8: 11821 | M8: 1514 | N8: 1075 | O8: 11742 | P8: 0 | Q8: =3170+382+329+3564 -> 7445 | R8: 53 | S8: 28 | T8: 64 | U8: 183 | V8: 184 | W8: 67 | X8: 0 | Y8: 20kg | Z8: 68
A9: 44172 | B9: 40.26 | C9: 0.686848 | D9: 1.412608 | E9: 1.276416 | F9: 0.370688 | G9: 0.623104 | H9: 0.49408 | I9: 0.473216 | J9: 0.540288 | K9: 0.958208 | L9: 10172 | M9: 13864 | N9: 10810 | O9: 4025 | P9: 0 | Q9: =2810+3797+2940+1241 -> 10788 | R9: 60 | S9: 40 | T9: 82 | U9: 202 | V9: 156 | W9: 110 | X9: 0 | Z9: Total | AA9: 2148
A10: 44173 | B10: 35.06 | C10: 1.058048 | D10: 1.92512 | E10: 1.872896 | F10: 0.590592 | G10: 0.9536 | H10: 0.642816 | I10: 0.610816 | J10: 0.830208 | K10: 1.459712 | L10: 5564 | M10: 10365 | N10: 0 | O10: 8582 | P10: 0 | Q10: =1527+2746+2599 -> 6872 | R10: 59 | S10: 16 | T10: 47 | U10: 151 | V10: 159 | W10: 115 | X10: 0
A11: 44174 | B11: 35.06 | C11: 2.911232 | D11: 5.153792 | E11: 4.811264 | F11: 1.615104 | G11: 2.383616 | H11: 1.843712 | I11: 1.402752 | J11: 1.887232 | K11: 3.35616 | L11: 5071 | M11: 11550 | N11: 0 | O11: 10216 | P11: 0 | Q11: =1301+3217+3166 -> 7684 | R11: 62 | S11: 60 | T11: 58 | U11: 178 | V11: 184 | W11: 83 | X11: 0 | Y11: TRUCK DELIVERY (KG)
A12: 44175 | B12: 43.16 | C12: 2.360832 | D12: 4.877824 | E12: 4.507648 | F12: 1.412864 | G12: 2.410496 | H12: 2.10176 | I12: 1.431296 | J12: 1.608832 | K12: 3.4176 | L12: 4119 | M12: 832 | N12: 0 | O12: 9575 | P12: 0 | Q12: =1180+126+2872 -> 4178 | R12: 60 | S12: 14 | T12: 59 | U12: 168 | V12: 144 | W12: 13 | X12: 0 | Z12: Sub Total
A13: 44176 | B13: 60 | C13: 2.808832 | D13: 5.433344 | E13: 5.079552 | F13: 1.62688 | G13: 2.707968 | H13: 2.911232 | I13: 1.36448 | J13: 1.72736 | K13: 3.308288 | L13: 3714 | M13: 11077 | N13: 3831 | O13: 10502 | P13: 0 | Q13: =1039+2946+1043+3207 -> 8235 | R13: 60 | S13: 43 | T13: 51 | U13: 194 | V13: 184 | W13: 125 | X13: 0 | Y13: Sitronel | Z13: 3000
A14: 44177 | B14: 60 | C14: 3.076608 | D14: 5.463552 | E14: 5.14048 | F14: 1.89568 | G14: 2.5344 | H14: 2.91968 | I14: 1.396096 | J14: 1.970944 | K14: 3.414016 | L14: 10738 | M14: 386 | N14: 10737 | O14: 3805 | P14: 0 | Q14: =2820+1128+2652+1142 -> 7742 | R14: 63 | S14: 41 | T14: 53 | U14: 216 | V14: 155 | W14: 120 | X14: 0 | Y14: Zez | Z14: 1100
A15: 44178 | B15: 67.37 | C15: 2.988288 | D15: 5.610496 | E15: 4.929536 | F15: 1.956864 | G15: 2.510848 | H15: 3.069952 | I15: 1.374464 | J15: 1.88736 | K15: 3.44448 | L15: 6745 | M15: 7657 | N15: 7159 | O15: 7638 | P15: 0 | Q15: =1874+1977+2289+2246 -> 8386 | R15: 69 | S15: 49 | T15: 49 | U15: 169 | V15: 179 | W15: 122 | X15: 0 | Z15: Total | AA15: 4100
A16: 44179 | B16: 95.08 | C16: 3.28576 | D16: 6.023168 | E16: 5.428736 | F16: 2.321664 | G16: 2.665472 | H16: 3.084032 | I16: 1.406976 | J16: 1.910016 | K16: 3.622912 | L16: 7526 | M16: 8254 | N16: 7680 | O16: 8753 | P16: 0 | Q16: =2040+2212+2040+2884 -> 9176 | R16: 70 | S16: 16 | T16: 55 | U16: 194 | V16: 162 | W16: 113 | X16: 0
A17: 44180 | B17: 92.75 | C17: 2.76736 | D17: 5.468672 | E17: 5.293056 | F17: 2.203392 | G17: 2.583808 | H17: 2.639872 | I17: 1.443712 | J17: 1.6864 | K17: 3.652096 | L17: 10762 | M17: 8581 | N17: 8149 | O17: 12458 | P17: 0 | Q17: =2916+2259+2221+3680 -> 11076 | R17: 75 | S17: 39 | T17: 68 | U17: 242 | V17: 208 | W17: 125 | X17: 0
A18: 44181 | B18: 80.28 | C18: 3.014144 | D18: 5.719552 | E18: 5.372416 | F18: 2.482944 | G18: 2.683904 | H18: 2.650112 | I18: 1.3984 | J18: 1.800832 | K18: 3.721472 | L18: 0 | M18: 10699 | N18: 4173 | O18: 4197 | P18: 0 | Q18: =2848+1134+1264 -> 5246 | R18: 64 | S18: 32 | T18: 79 | U18: 224 | V18: 196 | W18: 118 | X18: 0
A19: 44182 | B19: 86.15 | C19: 2.8672 | D19: 5.123072 | E19: 4.983808 | F19: 2.725888 | G19: 2.680064 | H19: 2.537472 | I19: 1.445248 | J19: 1.90336 | K19: 3.601408 | L19: 14148 | M19: 6641 | N19: 0 | O19: 8103 | P19: 0 | Q19: =3907+1690+2374 -> 7971 | R19: 65 | S19: 0 | T19: 84 | U19: 226 | V19: 178 | W19: 121 | X19: 0
A20: 44183 | B20: 90 | C20: 3.270656 | D20: 5.633024 | E20: 5.1712 | F20: 2.867712 | G20: 3.309824 | H20: 2.918656 | I20: 1.396224 | J20: 1.941248 | K20: 3.682048 | L20: 0 | M20: 14930 | N20: 14944 | O20: 0 | P20: 0 | Q20: =4023+4021 -> 8044 | R20: 74 | S20: 0 | T20: 85 | U20: 163 | V20: 194 | W20: 117 | X20: 0
A21: 44184 | B21: 72 | C21: 3.386112 | D21: 5.477376 | E21: 5.111296 | F21: 2.586368 | G21: 3.62112 | H21: 2.886656 | I21: 1.413248 | J21: 2.276096 | K21: 3.590144 | L21: 10750 | M21: 6172 | N21: 8747 | O21: 8214 | P21: 0 | Q21: =2939+1661+2363+2442 -> 9405 | R21: 68 | S21: 0 | T21: 106 | U21: 218 | V21: 180 | W21: 117 | X21: 0
A22: 44185 | B22: 72.22 | C22: 3.501824 | D22: 5.582336 | E22: 5.19424 | F22: 2.58944 | G22: 3.77088 | H22: 3.020288 | I22: 1.412992 | J22: 2.149888 | K22: 3.519488 | L22: 5226 | M22: 11041 | N22: 11282 | O22: 5006 | P22: 0 | Q22: =1364+2928+3038+1448 -> 8778 | R22: 66 | S22: 0 | T22: 138 | U22: 220 | V22: 194 | W22: 136 | X22: 0
A23: 44186 | B23: 61.97 | C23: 3.436288 | D23: 5.616128 | E23: 5.223936 | F23: 2.734592 | G23: 3.863552 | H23: 3.103232 | I23: 1.3856 | J23: 2.03008 | K23: 3.700736 | L23: 4233 | M23: 12184 | N23: 12136 | O23: 4280 | P23: 0 | Q23: =1250+3230+3268+1273 -> 9021 | R23: 61 | S23: 0 | T23: 118 | U23: 209 | V23: 168 | W23: 109 | X23: 0
A24: 44187 | B24: 46.32 | C24: 3.27808 | D24: 5.520384 | E24: 5.553152 | F24: 2.888704 | G24: 3.349248 | H24: 3.084288 | I24: 1.354496 | J24: 2.222592 | K24: 3.822848 | L24: 0 | M24: 15416 | N24: 0 | O24: 10224 | P24: 0 | Q24: =4152+3023 -> 7175 | R24: 65 | S24: 0 | T24: 141 | U24: 288 | V24: 180 | W24: 119 | X24: 0
A25: 44188 | B25: 35.79 | C25: 2.88896 | D25: 4.76416 | E25: 5.035008 | F25: 2.789632 | G25: 2.667008 | H25: 1.995776 | I25: 1.2736 | J25: 1.607936 | K25: 3.601152 | L25: 13710 | M25: 0 | N25: 13508 | O25: 0 | P25: 0 | Q25: =3740+5150 -> 8890 | R25: 61 | S25: 0 | T25: 161 | U25: 178 | V25: 189 | W25: 122 | X25: 0
A26: 44189 | B26: 35.79 | C26: 3.091712 | D26: 4.687872 | E26: 5.014528 | F26: 2.471168 | G26: 3.140608 | H26: 2.004992 | I26: 1.250304 | J26: 1.875456 | K26: 3.6864 | L26: 4287 | M26: 0 | N26: 9714 | O26: 9575 | P26: 0 | Q26: =1166+2288+2563 -> 6017 | R26: 56 | S26: 0 | T26: 113 | U26: 170 | V26: 151 | W26: 118 | X26: 0
A27: 44190 | B27: 46.15 | C27: 3.389952 | D27: 5.148672 | E27: 5.17888 | F27: 2.4256 | G27: 3.140864 | H27: 2.218752 | I27: 1.284608 | J27: 1.99296 | K27: 3.631872 | L27: 11089 | M27: 5020 | N27: 11058 | O27: 5234 | P27: 0 | Q27: =2997+1602+2983+1756 -> 9338 | R27: 52 | S27: 0 | T27: 151 | U27: 138 | V27: 84 | W27: 120 | X27: 0
A28: 44191 | B28: 37.14 | C28: 3.11296 | D28: 5.211136 | E28: 5.19168 | F28: 2.334464 | G28: 3.083264 | H28: 2.213376 | I28: 1.31264 | J28: 2.059776 | K28: 3.575808 | L28: 4275 | M28: 10299 | N28: 3558 | O28: 11042 | P28: 0 | Q28: =1156+2823+987+3293 -> 8259 | R28: 47 | S28: 0 | T28: 168 | U28: 183 | V28: 103 | W28: 120 | X28: 0
A29: 44192 | B29: 38.24 | C29: 3.071488 | D29: 5.12768 | E29: 5.236224 | F29: 2.415872 | G29: 3.078144 | H29: 2.060288 | I29: 1.319552 | J29: 2.029056 | K29: 3.494144 | L29: 9988 | M29: 4604 | N29: 4635 | O29: 9926 | P29: 0 | Q29: =2686+1264+1244+2874 -> 8068 | R29: 45 | S29: 0 | T29: 172 | U29: 163 | V29: 101 | W29: 97 | X29: 0
A30: 44193 | B30: 29.85 | C30: 2.64576 | D30: 4.878848 | E30: 4.991488 | F30: 2.116352 | G30: 3.089152 | H30: 1.961984 | I30: 1.269888 | J30: 1.96864 | K30: 3.724032 | L30: 9983 | M30: 4040 | N30: 4098 | O30: 9945 | P30: 0 | Q30: =2669+1099+1115+3030 -> 7913 | R30: 36 | S30: 38 | T30: 155 | U30: 194 | V30: 90 | W30: 84 | X30: 0
A31: 44194 | B31: 27.14 | C31: 2.468352 | D31: 4.7872 | E31: 4.873216 | F31: 1.982464 | G31: 3.078144 | H31: 1.90464 | I31: 1.238912 | J31: 1.881856 | K31: 3.605504 | L31: 8971 | M31: 4633 | N31: 4803 | O31: 8900 | P31: 0 | Q31: =2451+1258+1314+2638 -> 7661 | R31: 44 | S31: 0 | T31: 172 | U31: 242 | V31: 108 | W31: 62 | X31: 0
A32: 44195 | B32: 27.14 | C32: 2.870272 | D32: 5.121024 | E32: 5.046272 | F32: 2.174464 | G32: 3.144704 | H32: 2.125312 | I32: 1.258368 | J32: 1.961984 | K32: 3.627264 | L32: 9929 | M32: 4529 | N32: 4535 | O32: 9930 | P32: 0 | Q32: =2723+1208+1240+2842 -> 8013 | R32: 34 | S32: 40 | T32: 129 | U32: 217 | V32: 111 | W32: 126 | X32: 0
A33: 44196 | B33: 25.71 | C33: 2.451712 | D33: 4.418048 | E33: 4.780544 | F33: 1.879552 | G33: 2.734848 | H33: 1.999872 | I33: 1.279232 | J33: 1.62688 | K33: 3.458048 | L33: 8441 | M33: 4488 | N33: 4428 | O33: 8506 | P33: 0 | Q33: =2220+1222+1194+2639 -> 7275 | R33: 29 | S33: 0 | T33: 99 | U33: 146 | V33: 98 | W33: 127 | X33: 0
