Workbook

Sheet Sheet1
A1: Site Name | B1: Day | C1: Month | D1: Year | E1: Total Electricity Kwh | F1: Electricity Tariff ($/Kwh) | G1: LPG (Kg) | H1: LPG $/Kg | I1: District Energy Cooling Kwh | J1: District Energy Cooling $/Kwh | K1: Water Utility Supply (m3) m3 | L1: Water Utility Supply (m3) $/m3 | M1: Irrigation Water (m3) m3 | N1: Irrigation water $/m3 | O1: Room Nights | P1: Total Guests
A2: Bahrain Bay | B2: 1 | C2: 1 | D2: 2021 | E2: ='Jan 2021'!E5 -> 32614 | F2: 0.029 | G2: ='Jan 2021'!J5 -> 0 | H2: 0.112 | I2: ='Jan 2021'!G5*1000 -> 60000 | J2: 0.0361 | K2: ='Jan 2021'!I5 -> 742 | L2: 0.75 | M2: ='Jan 2021'!L5 -> 76 | N2: 0.563 | O2: ='Jan 2021'!D5 -> 70
A3: Bahrain Bay | B3: =B2+1 -> 2 | C3: 1 | D3: 2021 | E3: ='Jan 2021'!E6 -> 27619 | F3: 0.029 | G3: ='Jan 2021'!J6 -> 2970 | H3: 0.112 | I3: ='Jan 2021'!G6*1000 -> 25000 | J3: 0.0361 | K3: ='Jan 2021'!I6 -> 316 | L3: 0.75 | M3: ='Jan 2021'!L6 -> 71 | N3: 0.563 | O3: ='Jan 2021'!D6 -> 40
A4: Bahrain Bay | B4: =B3+1 -> 3 | C4: 1 | D4: 2021 | E4: ='Jan 2021'!E7 -> 28659 | F4: 0.029 | G4: ='Jan 2021'!J7 -> 0 | H4: 0.112 | I4: ='Jan 2021'!G7*1000 -> 23000 | J4: 0.0361 | K4: ='Jan 2021'!I7 -> 246 | L4: 0.75 | M4: ='Jan 2021'!L7 -> 107 | N4: 0.563 | O4: ='Jan 2021'!D7 -> 21
A5: Bahrain Bay | B5: =B4+1 -> 4 | C5: 1 | D5: 2021 | E5: ='Jan 2021'!E8 -> 29789 | F5: 0.029 | G5: ='Jan 2021'!J8 -> 2970 | H5: 0.112 | I5: ='Jan 2021'!G8*1000 -> 22000 | J5: 0.0361 | K5: ='Jan 2021'!I8 -> 280 | L5: 0.75 | M5: ='Jan 2021'!L8 -> 74 | N5: 0.563 | O5: ='Jan 2021'!D8 -> 26
A6: Bahrain Bay | B6: =B5+1 -> 5 | C6: 1 | D6: 2021 | E6: ='Jan 2021'!E9 -> 0 | F6: 0.029 | G6: ='Jan 2021'!J9 -> 2970 | H6: 0.112 | I6: ='Jan 2021'!G9*1000 -> 0 | J6: 0.0361 | K6: ='Jan 2021'!I9 -> 0 | L6: 0.75 | M6: ='Jan 2021'!L9 -> 0 | N6: 0.563 | O6: ='Jan 2021'!D9 -> 30
A7: Bahrain Bay | B7: =B6+1 -> 6 | C7: 1 | D7: 2021 | E7: ='Jan 2021'!E10 -> 0 | F7: 0.029 | G7: 0 | H7: 0.112 | I7: ='Jan 2021'!G10*1000 -> 0 | J7: 0.0361 | K7: ='Jan 2021'!I10 -> 0 | L7: 0.75 | M7: ='Jan 2021'!L10 -> 0 | N7: 0.563 | O7: ='Jan 2021'!D10 -> 0
A8: Bahrain Bay | B8: =B7+1 -> 7 | C8: 1 | D8: 2021 | E8: ='Jan 2021'!E11 -> 0 | F8: 0.029 | G8: ='Jan 2021'!J11 -> 0 | H8: 0.112 | I8: ='Jan 2021'!G11*1000 -> 0 | J8: 0.0361 | K8: ='Jan 2021'!I11 -> 0 | L8: 0.75 | M8: ='Jan 2021'!L11 -> 0 | N8: 0.563 | O8: ='Jan 2021'!D11 -> 0
A9: Bahrain Bay | B9: =B8+1 -> 8 | C9: 1 | D9: 2021 | E9: ='Jan 2021'!E12 -> 0 | F9: 0.029 | G9: ='Jan 2021'!J12 -> 0 | H9: 0.112 | I9: ='Jan 2021'!G12*1000 -> 0 | J9: 0.0361 | K9: ='Jan 2021'!I12 -> 0 | L9: 0.75 | M9: ='Jan 2021'!L12 -> 0 | N9: 0.563 | O9: ='Jan 2021'!D12 -> 0
A10: Bahrain Bay | B10: =B9+1 -> 9 | C10: 1 | D10: 2021 | E10: ='Jan 2021'!E13 -> 0 | F10: 0.029 | G10: ='Jan 2021'!J13 -> 0 | H10: 0.112 | I10: ='Jan 2021'!G13*1000 -> 0 | J10: 0.0361 | K10: ='Jan 2021'!I13 -> 0 | L10: 0.75 | M10: ='Jan 2021'!L13 -> 0 | N10: 0.563 | O10: ='Jan 2021'!D13 -> 0
A11: Bahrain Bay | B11: =B10+1 -> 10 | C11: 1 | D11: 2021 | E11: ='Jan 2021'!E14 -> 0 | F11: 0.029 | G11: ='Jan 2021'!J14 -> 0 | H11: 0.112 | I11: ='Jan 2021'!G14*1000 -> 0 | J11: 0.0361 | K11: ='Jan 2021'!I14 -> 0 | L11: 0.75 | M11: ='Jan 2021'!L14 -> 0 | N11: 0.563 | O11: ='Jan 2021'!D14 -> 0
A12: Bahrain Bay | B12: =B11+1 -> 11 | C12: 1 | D12: 2021 | E12: ='Jan 2021'!E15 -> 0 | F12: 0.029 | G12: ='Jan 2021'!J15 -> 0 | H12: 0.112 | I12: ='Jan 2021'!G15*1000 -> 0 | J12: 0.0361 | K12: ='Jan 2021'!I15 -> 0 | L12: 0.75 | M12: ='Jan 2021'!L15 -> 0 | N12: 0.563 | O12: ='Jan 2021'!D15 -> 0
A13: Bahrain Bay | B13: =B12+1 -> 12 | C13: 1 | D13: 2021 | E13: ='Jan 2021'!E16 -> 0 | F13: 0.029 | G13: ='Jan 2021'!J16 -> 0 | H13: 0.112 | I13: ='Jan 2021'!G16*1000 -> 0 | J13: 0.0361 | K13: ='Jan 2021'!I16 -> 0 | L13: 0.75 | M13: ='Jan 2021'!L16 -> 0 | N13: 0.563 | O13: ='Jan 2021'!D16 -> 0
A14: Bahrain Bay | B14: =B13+1 -> 13 | C14: 1 | D14: 2021 | E14: ='Jan 2021'!E17 -> 0 | F14: 0.029 | G14: ='Jan 2021'!J17 -> 0 | H14: 0.112 | I14: ='Jan 2021'!G17*1000 -> 0 | J14: 0.0361 | K14: ='Jan 2021'!I17 -> 0 | L14: 0.75 | M14: ='Jan 2021'!L17 -> 0 | N14: 0.563 | O14: ='Jan 2021'!D17 -> 0
A15: Bahrain Bay | B15: =B14+1 -> 14 | C15: 1 | D15: 2021 | E15: ='Jan 2021'!E18 -> 0 | F15: 0.029 | G15: ='Jan 2021'!J18 -> 0 | H15: 0.112 | I15: ='Jan 2021'!G18*1000 -> 0 | J15: 0.0361 | K15: ='Jan 2021'!I18 -> 0 | L15: 0.75 | M15: ='Jan 2021'!L18 -> 0 | N15: 0.563 | O15: ='Jan 2021'!D18 -> 0
A16: Bahrain Bay | B16: =B15+1 -> 15 | C16: 1 | D16: 2021 | E16: ='Jan 2021'!E19 -> 0 | F16: 0.029 | G16: ='Jan 2021'!J19 -> 0 | H16: 0.112 | I16: ='Jan 2021'!G19*1000 -> 0 | J16: 0.0361 | K16: ='Jan 2021'!I19 -> 0 | L16: 0.75 | M16: ='Jan 2021'!L19 -> 0 | N16: 0.563 | O16: ='Jan 2021'!D19 -> 0
A17: Bahrain Bay | B17: =B16+1 -> 16 | C17: 1 | D17: 2021 | E17: ='Jan 2021'!E20 -> 0 | F17: 0.029 | G17: ='Jan 2021'!J20 -> 0 | H17: 0.112 | I17: ='Jan 2021'!G20*1000 -> 0 | J17: 0.0361 | K17: ='Jan 2021'!I20 -> 0 | L17: 0.75 | M17: ='Jan 2021'!L20 -> 0 | N17: 0.563 | O17: ='Jan 2021'!D20 -> 0
A18: Bahrain Bay | B18: =B17+1 -> 17 | C18: 1 | D18: 2021 | E18: ='Jan 2021'!E21 -> 0 | F18: 0.029 | G18: ='Jan 2021'!J21 -> 0 | H18: 0.112 | I18: ='Jan 2021'!G21*1000 -> 0 | J18: 0.0361 | K18: ='Jan 2021'!I21 -> 0 | L18: 0.75 | M18: ='Jan 2021'!L21 -> 0 | N18: 0.563 | O18: ='Jan 2021'!D21 -> 0
A19: Bahrain Bay | B19: =B18+1 -> 18 | C19: 1 | D19: 2021 | E19: ='Jan 2021'!E22 -> 0 | F19: 0.029 | G19: ='Jan 2021'!J22 -> 0 | H19: 0.112 | I19: ='Jan 2021'!G22*1000 -> 0 | J19: 0.0361 | K19: ='Jan 2021'!I22 -> 0 | L19: 0.75 | M19: ='Jan 2021'!L22 -> 0 | N19: 0.563 | O19: ='Jan 2021'!D22 -> 0
... A28: Bahrain Bay | B28: =B27+1 -> 27 | C28: 1 | D28: 2021 | E28: ='Jan 2021'!E31 -> 0 | F28: 0.029 | G28: ='Jan 2021'!J31 -> 0 | H28: 0.112 | I28: ='Jan 2021'!G31*1000 -> 0 | J28: 0.0361 | K28: ='Jan 2021'!I31 -> 0 | L28: 0.75 | M28: ='Jan 2021'!L31 -> 0 | N28: 0.563 | O28: ='Jan 2021'!D31 -> 0
A29: Bahrain Bay | B29: =B28+1 -> 28 | C29: 1 | D29: 2021 | E29: ='Jan 2021'!E32 -> 0 | F29: 0.029 | G29: ='Jan 2021'!J32 -> 0 | H29: 0.112 | I29: ='Jan 2021'!G32*1000 -> 0 | J29: 0.0361 | K29: ='Jan 2021'!I32 -> 0 | L29: 0.75 | M29: ='Jan 2021'!L32 -> 0 | N29: 0.563 | O29: ='Jan 2021'!D32 -> 0 | Q29: w
A30: Bahrain Bay | B30: 29 | C30: 1 | D30: 2021 | E30: ='Jan 2021'!E33 -> 0 | F30: 0.029 | G30: ='Jan 2021'!J33 -> 0 | H30: 0.112 | I30: ='Jan 2021'!G33*1000 -> 0 | J30: 0.0361 | K30: ='Jan 2021'!I33 -> 0 | L30: 0.75 | M30: ='Jan 2021'!L33 -> 0 | N30: 0.563 | O30: ='Jan 2021'!D33 -> 0
A31: Bahrain Bay | B31: 30 | C31: 1 | D31: 2021 | E31: ='Jan 2021'!E34 -> 0 | F31: 0.029 | G31: ='Jan 2021'!J34 -> 0 | H31: 0.112 | I31: ='Jan 2021'!G34*1000 -> 0 | J31: 0.0361 | K31: ='Jan 2021'!I34 -> 0 | L31: 0.75 | M31: ='Jan 2021'!L34 -> 0 | N31: 0.563 | O31: ='Jan 2021'!D34 -> 0
A32: Bahrain Bay | B32: 31 | C32: 1 | D32: 2021 | E32: ='Jan 2021'!E35 -> 0 | F32: 0.029 | G32: ='Jan 2021'!J35 -> 0 | H32: 0.112 | I32: ='Jan 2021'!G35*1000 -> 0 | J32: 0.0361 | K32: ='Jan 2021'!I35 -> 0 | L32: 0.75 | M32: ='Jan 2021'!L35 -> 0 | N32: 0.563 | O32: ='Jan 2021'!D35 -> 0

Sheet Jan 2021
B2: Electricity and Utilities Reading
B3: S. No. | C3: Date | E3: Electricity Consumption kWh | F3: Chilled H2O Consumption Reading | G3: Consumption MWh | H3: Potable Water Consumption Reading | I3: Consumption m3 | K3: Irrigation Water Consumption Reading | L3: Consumption m3
D4: RoomNights | J4: LPG (Kg)
B5: 1 | C5: 44197 | D5: 70 | E5: 32614 | F5: 183800 | G5: =F6-F5 -> 60 | H5: 437541 | I5: =H6-H5 -> 742 | J5: 0 | K5: 269243 | L5: =K6-K5 -> 76
B6: 2 | C6: 44198 | D6: 40 | E6: 27619 | F6: 183860 | G6: =F7-F6 -> 25 | H6: 438283 | I6: =H7-H6 -> 316 | J6: 2970 | K6: 269319 | L6: =K7-K6 -> 71
B7: 3 | C7: 44199 | D7: 21 | E7: 28659 | F7: 183885 | G7: =F8-F7 -> 23 | H7: 438599 | I7: =H8-H7 -> 246 | J7: 0 | K7: 269390 | L7: =K8-K7 -> 107
B8: 4 | C8: 44200 | D8: 26 | E8: 29789 | F8: 183908 | G8: =F9-F8 -> 22 | H8: 438845 | I8: =H9-H8 -> 280 | J8: 2970 | K8: 269497 | L8: =K9-K8 -> 74
B9: 5 | C9: 44201 | D9: 30 | F9: 183930 | H9: 439125 | J9: 2970 | K9: 269571
B10: 6 | C10: 44202
B11: 7 | C11: 44203
B12: 8 | C12: 44204
B13: 9 | C13: 44205
B14: 10 | C14: 44206
B15: 11 | C15: 44207
A16: 1 | B16: 12 | C16: 44208
B17: 13 | C17: 44209
B18: 14 | C18: 44210
B19: 15 | C19: 44211
B20: 16 | C20: 44212
B21: 17 | C21: 44213
B22: 18 | C22: 44214
B23: 19 | C23: 44215
B24: 20 | C24: 44216
B25: 21 | C25: 44217
B26: 22 | C26: 44218
B27: 23 | C27: 44219
B28: 24 | C28: 44220
A29: v | B29: 25 | C29: 44221
B30: 26 | C30: 44222
B31: 27 | C31: 44223
B32: 28 | C32: 44224
B33: 29 | C33: 44225
B34: 30 | C34: 44226
B35: 31 | C35: 44227
