Workbook

Sheet TOTAL
A1: Site Name | B1: Day | C1: Month | D1: Year | E1: Total Electricity Kwh | F1: Electricity Tariff ($/Kwh) | G1: Natual Gas (m3) | H1: Natural Gas $/m3 | I1: Water Utility Supply (m3) m3 | J1: Water Utility Supply (m3) $/m3 | K1: Room Nights
A2: Tunis | B2: 1 | C2: 1 | D2: 2021 | E2: =submetering!E2+submetering!F2+submetering!G2 -> 12999 | F2: 0.251 | G2: =submetering!H2+submetering!I2 -> 4269 | H2: 0.571816 | I2: =submetering!J2 -> 231 | J2: 2.855 | K2: =submetering!K2 -> 152
A3: Tunis | B3: =B2+1 -> 2 | C3: 1 | D3: 2021 | E3: =submetering!E3+submetering!F3+submetering!G3 -> 7041 | F3: 0.251 | G3: =submetering!H3+submetering!I3 -> 2146 | H3: 0.571816 | I3: =submetering!J3 -> 189 | J3: 2.855 | K3: =submetering!K3 -> 57
A4: Tunis | B4: =B3+1 -> 3 | C4: 1 | D4: 2021 | E4: =submetering!E4+submetering!F4+submetering!G4 -> 6964 | F4: 0.251 | G4: =submetering!H4+submetering!I4 -> 2884 | H4: 0.571816 | I4: =submetering!J4 -> 246 | J4: 2.855 | K4: =submetering!K4 -> 53
A5: Tunis | B5: =B4+1 -> 4 | C5: 1 | D5: 2021 | E5: =submetering!E5+submetering!F5+submetering!G5 -> 6768 | F5: 0.251 | G5: =submetering!H5+submetering!I5 -> 2917 | H5: 0.571816 | I5: =submetering!J5 -> 244 | J5: 2.855 | K5: =submetering!K5 -> 36
A6: Tunis | B6: =B5+1 -> 5 | C6: 1 | D6: 2021 | E6: =submetering!E6+submetering!F6+submetering!G6 -> 6506 | F6: 0.251 | G6: =submetering!H6+submetering!I6 -> 2782 | H6: 0.571816 | I6: =submetering!J6 -> 238 | J6: 2.855 | K6: =submetering!K6 -> 28
A7: Tunis | B7: =B6+1 -> 6 | C7: 1 | D7: 2021 | E7: =submetering!E7+submetering!F7+submetering!G7 -> 6454 | F7: 0.251 | G7: =submetering!H7+submetering!I7 -> 2762 | H7: 0.571816 | I7: =submetering!J7 -> 195 | J7: 2.855 | K7: =submetering!K7 -> 51
A8: Tunis | B8: =B7+1 -> 7 | C8: 1 | D8: 2021 | E8: =submetering!E8+submetering!F8+submetering!G8 -> 6363 | F8: 0.251 | G8: =submetering!H8+submetering!I8 -> 2515 | H8: 0.571816 | I8: =submetering!J8 -> 198 | J8: 2.855 | K8: =submetering!K8 -> 22
A9: Tunis | B9: =B8+1 -> 8 | C9: 1 | D9: 2021 | E9: =submetering!E9+submetering!F9+submetering!G9 -> 6440 | F9: 0.251 | G9: =submetering!H9+submetering!I9 -> 2658 | H9: 0.571816 | I9: =submetering!J9 -> 197 | J9: 2.855 | K9: =submetering!K9 -> 31
A10: Tunis | B10: =B9+1 -> 9 | C10: 1 | D10: 2021 | E10: =submetering!E10+submetering!F10+submetering!G10 -> 6318 | F10: 0.251 | G10: =submetering!H10+submetering!I10 -> 2111 | H10: 0.571816 | I10: =submetering!J10 -> 257 | J10: 2.855 | K10: =submetering!K10 -> 46
A11: Tunis | B11: =B10+1 -> 10 | C11: 1 | D11: 2021 | E11: =submetering!E11+submetering!F11+submetering!G11 -> 6232 | F11: 0.251 | G11: =submetering!H11+submetering!I11 -> 2049 | H11: 0.571816 | I11: =submetering!J11 -> 160 | J11: 2.855 | K11: =submetering!K11 -> 37
A12: Tunis | B12: =B11+1 -> 11 | C12: 1 | D12: 2021 | E12: =submetering!E12+submetering!F12+submetering!G12 -> 6908 | F12: 0.251 | G12: =submetering!H12+submetering!I12 -> 2047 | H12: 0.571816 | I12: =submetering!J12 -> 165 | J12: 2.855 | K12: =submetering!K12 -> 25
A13: Tunis | B13: =B12+1 -> 12 | C13: 1 | D13: 2021 | E13: =submetering!E13+submetering!F13+submetering!G13 -> 6239 | F13: 0.251 | G13: =submetering!H13+submetering!I13 -> 1852 | H13: 0.571816 | I13: =submetering!J13 -> 164 | J13: 2.855 | K13: =submetering!K13 -> 27
A14: Tunis | B14: =B13+1 -> 13 | C14: 1 | D14: 2021 | E14: =submetering!E14+submetering!F14+submetering!G14 -> 6098 | F14: 0.251 | G14: =submetering!H14+submetering!I14 -> 2199 | H14: 0.571816 | I14: =submetering!J14 -> 150 | J14: 2.855 | K14: =submetering!K14 -> 30
... A32: Tunis | B32: =B31+1 -> 31 | C32: 1 | D32: 2021 | E32: =submetering!E32+submetering!F32+submetering!G32 -> 0 | F32: 0.251 | G32: =submetering!H32+submetering!I32 -> 0 | H32: 0.571816 | I32: =submetering!J32 -> 0 | J32: 2.855 | K32: =submetering!K32 -> 0

Sheet submetering
A1: Site Name | B1: Day | C1: Month | D1: Year | E1: Ph1 KWh | F1: Ph2 KWh | G1: Ph3 KWh | H1: Cuisine m3 | I1: Chaufferie m3 | J1: Water m3 | K1: Room Nights | L1: Groupe Froid Indus 1 - KWH | M1: Beach Bar - KWH | N1: SGX zone de service secours - KWH | O1: Gen.Rest.Spécialité Secours - KWH | P1: SGX Rest.Menu+ young adult - KWH | Q1: Onduleur Principal 1er - KWH | R1: Bloc A Hebergement - KWH | S1: Bloc B Hebergement - KWH | T1: TGBT Hebergement - KWH | U1: S1,S2,P2,P3,P6,P7 - KWH | V1: Buanderie - KWH | W1: Gen.Spa.Secours - KWH | X1: S3,S4 - KWH | Y1: Groupe Froid Indus - KWH | Z1: Gen.Reception Secours - KWH | AA1: Surpresseur Eau potable - KWH | AB1: Service Comptabilité Secours - KWH | AC1: Clim+Extraction Data Center - KWH | AD1: SGX grand parking Area - KWH | AE1: Cuisine rest.Menu secours - KWH | AF1: S5,S6,P4,P5,P9 - KWH | AG1: Bloc B Hebergement - KWH | AH1: Parking valet + Standard secours - KWH | AI1: Administration secours - KWH | AJ1: Eclairage Grand piscine Ext Secours - KWH | AK1: FM+SGX Buanderie Secours - KWH | AL1: Orange - KWH | AM1: FM chaudière à vapeur - KWH | AN1: Loge Gardien 2 - KWH | AO1: Loge Gardien 1 - KWH | AP1: TGBT Sécurité - KWH | AQ1: Gen.Centre congrés secours - KWH | AR1: FM chaufferie Gauche - KWH | AS1: Groupe d'eau glacé 1 - KWH | AT1: FM cuisine Rest.Menu - KWH | AU1: FM cuisine Ballroom - KWH | AV1: Groupe d'eau glacé 2 - KWH | AW1: Groupe d'eau glacé 3 - KWH | AX1: FM piscine extérieur - KWH | AY1: Show power Centre Congrés - KWH | AZ1: Groupe d'eau glacé 4 - KWH | BA1: Bloc A Hebergement - KWH | BB1: Bloc B Hebergement - KWH | BC1: Gene.Clim Centre congré - KWH | BD1: Bloc B Hebergement - KWH | BE1: FM rest.spécialité normal - KWH | BF1: FM Cuisine reception normal - KWH | BG1: Gene.Spa normal - KWH | BH1: Clim Zone Rest.Menu - KWH | BI1: TGBT Hebergement - KWH | BJ1: Chauf.Gauche.Eau Foide.adoucisseur - m3 | BK1: Chauf.Gauche.Eau Foide.Cuisine - m3 | BL1: Chauf.Gauche.Eau Foide.Heberg - m3 | BM1: Chauf.Gauche.Eau Foide.Piscine - m3 | BN1: Chauf.Gauche.Eau Foide.Buanderie - m3 | BO1: Chauf.Gauche.Dep.EC heb - m3 | BP1: Chauf.Gauche.Ret.EC Heb - m3 | BQ1: Chauf.Gauche.Ret.EC.LC et service divers - m3 | BR1: Chauf.Gauche.Retour eau glacé - m3 | BS1: Chauf.Gauche.Ret.eau.ch.buanderie - m3 | BT1: Chauf.Gauche.Remp. retour coll.EC - m3 | BU1: Chauf.Droite.Eau.Froide.Adoucisseur - m3 | BV1: Chauf.Droite.Eau.Froide.Spa pool - m3 | BW1: Chauf.Droite.Eau.Froide.pataugeoire - m3 | BX1: Chauf.Droite.Eau.Froide.Spa Base 3 - m3 | BY1: Chauf.Droite.Eau.Froide. Heberg droite - m3 | BZ1: Chauf.Droite.Dep.EC Heb droite - m3 | CA1: Chauf.Droite.Dep.EC Spa - m3 | CB1: Chauf.Droite.Ret.EC Spa - m3 | CC1: Arrosage - m3 | CD1: suite presidentielle - m3 | CE1: Kids club - m3 | CF1: Tow Bedroom A - m3 | CG1: Tow Bedroom B - m3 | CH1: Tow Bedroom C - m3 | CI1: wirlpool h - m3 | CJ1: wirlpool f -m3 | CK1: piscine spa pool - m3 | CL1: piscine ext - m3 | CM1: filtration piscine ext - m3 | CN1: depart chaufferie droite - m3 | CO1: adoucisseur chaufferie vapeur - m3
A2: Tunis | B2: 1 | C2: 1 | D2: 2021 | E2: =HOTEL!D9 -> 4492 | F2: =HOTEL!F9 -> 4353 | G2: =HOTEL!H9 -> 4154 | H2: =HOTEL!N9 -> 164 | I2: =HOTEL!P9 -> 4105 | J2: =HOTEL!U9 -> 231 | K2: =HOTEL!Y9 -> 152 | BI2: =IF(([1]Submeters!AY8-[1]Submeters!AY6)<0,"0",[1]Submeters!AY8-[1]Submeters!AY6) -> 389 | BJ2: =IF(([1]Submeters!AZ8-[1]Submeters!AZ6)<0,"0",[1]Submeters!AZ8-[1]Submeters!AZ6) -> 0 | BK2: =IF(([1]Submeters!BA8-[1]Submeters!BA6)<0,"0",[1]Submeters!BA8-[1]Submeters!BA6) -> 0 | BL2: =IF(([1]Submeters!BB8-[1]Submeters!BB6)<0,"0",[1]Submeters!BB8-[1]Submeters!BB6) -> 0 | BM2: =IF(([1]Submeters!BC8-[1]Submeters!BC6)<0,"0",[1]Submeters!BC8-[1]Submeters!BC6) -> 0 | BN2: =IF(([1]Submeters!BD8-[1]Submeters!BD6)<0,"0",[1]Submeters!BD8-[1]Submeters!BD6) -> 0 | BO2: =IF(([1]Submeters!BE8-[1]Submeters!BE6)<0,"0",[1]Submeters!BE8-[1]Submeters!BE6) -> 0 | BP2: =IF(([1]Submeters!BF8-[1]Submeters!BF6)<0,"0",[1]Submeters!BF8-[1]Submeters!BF6) -> 0 | ... CO2: =IF(([1]Submeters!CE8-[1]Submeters!CE6)<0,"0",[1]Submeters!CE8-[1]Submeters!CE6) -> 0
A3: Tunis | B3: =B2+1 -> 2 | C3: 1 | D3: 2021 | E3: =HOTEL!D10 -> 2278 | F3: =HOTEL!F10 -> 2442 | G3: =HOTEL!H10 -> 2321 | H3: =HOTEL!N10 -> 173 | I3: =HOTEL!P10 -> 1973 | J3: =HOTEL!U10 -> 189 | K3: =HOTEL!Y10 -> 57 | BI3: =IF(([1]Submeters!AY9-[1]Submeters!AY8)<0,"0",[1]Submeters!AY9-[1]Submeters!AY8) -> 328 | BJ3: =IF(([1]Submeters!AZ9-[1]Submeters!AZ8)<0,"0",[1]Submeters!AZ9-[1]Submeters!AZ8) -> 0 | BK3: =IF(([1]Submeters!BA9-[1]Submeters!BA8)<0,"0",[1]Submeters!BA9-[1]Submeters!BA8) -> 0 | BL3: =IF(([1]Submeters!BB9-[1]Submeters!BB8)<0,"0",[1]Submeters!BB9-[1]Submeters!BB8) -> 0 | BM3: =IF(([1]Submeters!BC9-[1]Submeters!BC8)<0,"0",[1]Submeters!BC9-[1]Submeters!BC8) -> 0 | BN3: =IF(([1]Submeters!BD9-[1]Submeters!BD8)<0,"0",[1]Submeters!BD9-[1]Submeters!BD8) -> 0 | BO3: =IF(([1]Submeters!BE9-[1]Submeters!BE8)<0,"0",[1]Submeters!BE9-[1]Submeters!BE8) -> 0 | BP3: =IF(([1]Submeters!BF9-[1]Submeters!BF8)<0,"0",[1]Submeters!BF9-[1]Submeters!BF8) -> 0 | ... CO3: =IF(([1]Submeters!CE9-[1]Submeters!CE8)<0,"0",[1]Submeters!CE9-[1]Submeters!CE8) -> 0
A4: Tunis | B4: =B3+1 -> 3 | C4: 1 | D4: 2021 | E4: =HOTEL!D11 -> 2371 | F4: =HOTEL!F11 -> 2365 | G4: =HOTEL!H11 -> 2228 | H4: =HOTEL!N11 -> 160 | I4: =HOTEL!P11 -> 2724 | J4: =HOTEL!U11 -> 246 | K4: =HOTEL!Y11 -> 53 | BI4: =IF(([1]Submeters!AY10-[1]Submeters!AY9)<0,"0",[1]Submeters!AY10-[1]Submeters!AY9) -> 318 | BJ4: =IF(([1]Submeters!AZ10-[1]Submeters!AZ9)<0,"0",[1]Submeters!AZ10-[1]Submeters!AZ9) -> 0 | BK4: =IF(([1]Submeters!BA10-[1]Submeters!BA9)<0,"0",[1]Submeters!BA10-[1]Submeters!BA9) -> 0 | BL4: =IF(([1]Submeters!BB10-[1]Submeters!BB9)<0,"0",[1]Submeters!BB10-[1]Submeters!BB9) -> 0 | BM4: =IF(([1]Submeters!BC10-[1]Submeters!BC9)<0,"0",[1]Submeters!BC10-[1]Submeters!BC9) -> 0 | BN4: =IF(([1]Submeters!BD10-[1]Submeters!BD9)<0,"0",[1]Submeters!BD10-[1]Submeters!BD9) -> 0 | BO4: =IF(([1]Submeters!BE10-[1]Submeters!BE9)<0,"0",[1]Submeters!BE10-[1]Submeters!BE9) -> 0 | BP4: =IF(([1]Submeters!BF10-[1]Submeters!BF9)<0,"0",[1]Submeters!BF10-[1]Submeters!BF9) -> 0 | ... CO4: =IF(([1]Submeters!CE10-[1]Submeters!CE9)<0,"0",[1]Submeters!CE10-[1]Submeters!CE9) -> 0
A5: Tunis | B5: =B4+1 -> 4 | C5: 1 | D5: 2021 | E5: =HOTEL!D12 -> 2301 | F5: =HOTEL!F12 -> 2303 | G5: =HOTEL!H12 -> 2164 | H5: =HOTEL!N12 -> 126 | I5: =HOTEL!P12 -> 2791 | J5: =HOTEL!U12 -> 244 | K5: =HOTEL!Y12 -> 36 | BI5: =IF(([1]Submeters!AY11-[1]Submeters!AY10)<0,"0",[1]Submeters!AY11-[1]Submeters!AY10) -> 264 | BJ5: =IF(([1]Submeters!AZ11-[1]Submeters!AZ10)<0,"0",[1]Submeters!AZ11-[1]Submeters!AZ10) -> 0 | BK5: =IF(([1]Submeters!BA11-[1]Submeters!BA10)<0,"0",[1]Submeters!BA11-[1]Submeters!BA10) -> 0 | BL5: =IF(([1]Submeters!BB11-[1]Submeters!BB10)<0,"0",[1]Submeters!BB11-[1]Submeters!BB10) -> 0 | BM5: =IF(([1]Submeters!BC11-[1]Submeters!BC10)<0,"0",[1]Submeters!BC11-[1]Submeters!BC10) -> 0 | BN5: =IF(([1]Submeters!BD11-[1]Submeters!BD10)<0,"0",[1]Submeters!BD11-[1]Submeters!BD10) -> 0 | BO5: =IF(([1]Submeters!BE11-[1]Submeters!BE10)<0,"0",[1]Submeters!BE11-[1]Submeters!BE10) -> 0 | BP5: =IF(([1]Submeters!BF11-[1]Submeters!BF10)<0,"0",[1]Submeters!BF11-[1]Submeters!BF10) -> 0 | ... CO5: =IF(([1]Submeters!CE11-[1]Submeters!CE10)<0,"0",[1]Submeters!CE11-[1]Submeters!CE10) -> 0
A6: Tunis | B6: =B5+1 -> 5 | C6: 1 | D6: 2021 | E6: =HOTEL!D13 -> 2215 | F6: =HOTEL!F13 -> 2226 | G6: =HOTEL!H13 -> 2065 | H6: =HOTEL!N13 -> 138 | I6: =HOTEL!P13 -> 2644 | J6: =HOTEL!U13 -> 238 | K6: =HOTEL!Y13 -> 28 | BI6: =IF(([1]Submeters!AY12-[1]Submeters!AY11)<0,"0",[1]Submeters!AY12-[1]Submeters!AY11) -> 349 | BJ6: =IF(([1]Submeters!AZ12-[1]Submeters!AZ11)<0,"0",[1]Submeters!AZ12-[1]Submeters!AZ11) -> 0 | BK6: =IF(([1]Submeters!BA12-[1]Submeters!BA11)<0,"0",[1]Submeters!BA12-[1]Submeters!BA11) -> 0 | BL6: =IF(([1]Submeters!BB12-[1]Submeters!BB11)<0,"0",[1]Submeters!BB12-[1]Submeters!BB11) -> 0 | BM6: =IF(([1]Submeters!BC12-[1]Submeters!BC11)<0,"0",[1]Submeters!BC12-[1]Submeters!BC11) -> 0 | BN6: =IF(([1]Submeters!BD12-[1]Submeters!BD11)<0,"0",[1]Submeters!BD12-[1]Submeters!BD11) -> 0 | BO6: =IF(([1]Submeters!BE12-[1]Submeters!BE11)<0,"0",[1]Submeters!BE12-[1]Submeters!BE11) -> 0 | BP6: =IF(([1]Submeters!BF12-[1]Submeters!BF11)<0,"0",[1]Submeters!BF12-[1]Submeters!BF11) -> 0 | ... CO6: =IF(([1]Submeters!CE12-[1]Submeters!CE11)<0,"0",[1]Submeters!CE12-[1]Submeters!CE11) -> 0
A7: Tunis | B7: =B6+1 -> 6 | C7: 1 | D7: 2021 | E7: =HOTEL!D14 -> 2191 | F7: =HOTEL!F14 -> 2207 | G7: =HOTEL!H14 -> 2056 | H7: =HOTEL!N14 -> 121 | I7: =HOTEL!P14 -> 2641 | J7: =HOTEL!U14 -> 195 | K7: =HOTEL!Y14 -> 51 | BI7: =IF(([1]Submeters!AY13-[1]Submeters!AY12)<0,"0",[1]Submeters!AY13-[1]Submeters!AY12) -> 285 | BJ7: =IF(([1]Submeters!AZ13-[1]Submeters!AZ12)<0,"0",[1]Submeters!AZ13-[1]Submeters!AZ12) -> 0 | BK7: =IF(([1]Submeters!BA13-[1]Submeters!BA12)<0,"0",[1]Submeters!BA13-[1]Submeters!BA12) -> 0 | BL7: =IF(([1]Submeters!BB13-[1]Submeters!BB12)<0,"0",[1]Submeters!BB13-[1]Submeters!BB12) -> 0 | BM7: =IF(([1]Submeters!BC13-[1]Submeters!BC12)<0,"0",[1]Submeters!BC13-[1]Submeters!BC12) -> 0 | BN7: =IF(([1]Submeters!BD13-[1]Submeters!BD12)<0,"0",[1]Submeters!BD13-[1]Submeters!BD12) -> 0 | BO7: =IF(([1]Submeters!BE13-[1]Submeters!BE12)<0,"0",[1]Submeters!BE13-[1]Submeters!BE12) -> 0 | BP7: =IF(([1]Submeters!BF13-[1]Submeters!BF12)<0,"0",[1]Submeters!BF13-[1]Submeters!BF12) -> 0 | ... CO7: =IF(([1]Submeters!CE13-[1]Submeters!CE12)<0,"0",[1]Submeters!CE13-[1]Submeters!CE12) -> 0
A8: Tunis | B8: =B7+1 -> 7 | C8: 1 | D8: 2021 | E8: =HOTEL!D15 -> 2138 | F8: =HOTEL!F15 -> 2247 | G8: =HOTEL!H15 -> 1978 | H8: =HOTEL!N15 -> 122 | I8: =HOTEL!P15 -> 2393 | J8: =HOTEL!U15 -> 198 | K8: =HOTEL!Y15 -> 22 | BI8: =IF(([1]Submeters!AY14-[1]Submeters!AY13)<0,"0",[1]Submeters!AY14-[1]Submeters!AY13) -> 367 | BJ8: =IF(([1]Submeters!AZ14-[1]Submeters!AZ13)<0,"0",[1]Submeters!AZ14-[1]Submeters!AZ13) -> 0 | BK8: =IF(([1]Submeters!BA14-[1]Submeters!BA13)<0,"0",[1]Submeters!BA14-[1]Submeters!BA13) -> 0 | BL8: =IF(([1]Submeters!BB14-[1]Submeters!BB13)<0,"0",[1]Submeters!BB14-[1]Submeters!BB13) -> 0 | BM8: =IF(([1]Submeters!BC14-[1]Submeters!BC13)<0,"0",[1]Submeters!BC14-[1]Submeters!BC13) -> 0 | BN8: =IF(([1]Submeters!BD14-[1]Submeters!BD13)<0,"0",[1]Submeters!BD14-[1]Submeters!BD13) -> 0 | BO8: =IF(([1]Submeters!BE14-[1]Submeters!BE13)<0,"0",[1]Submeters!BE14-[1]Submeters!BE13) -> 0 | BP8: =IF(([1]Submeters!BF14-[1]Submeters!BF13)<0,"0",[1]Submeters!BF14-[1]Submeters!BF13) -> 0 | ... CO8: =IF(([1]Submeters!CE14-[1]Submeters!CE13)<0,"0",[1]Submeters!CE14-[1]Submeters!CE13) -> 0
A9: Tunis | B9: =B8+1 -> 8 | C9: 1 | D9: 2021 | E9: =HOTEL!D16 -> 2208 | F9: =HOTEL!F16 -> 2131 | G9: =HOTEL!H16 -> 2101 | H9: =HOTEL!N16 -> 133 | I9: =HOTEL!P16 -> 2525 | J9: =HOTEL!U16 -> 197 | K9: =HOTEL!Y16 -> 31 | BI9: =IF(([1]Submeters!AY15-[1]Submeters!AY14)<0,"0",[1]Submeters!AY15-[1]Submeters!AY14) -> 196 | BJ9: =IF(([1]Submeters!AZ15-[1]Submeters!AZ14)<0,"0",[1]Submeters!AZ15-[1]Submeters!AZ14) -> 0 | BK9: =IF(([1]Submeters!BA15-[1]Submeters!BA14)<0,"0",[1]Submeters!BA15-[1]Submeters!BA14) -> 0 | BL9: =IF(([1]Submeters!BB15-[1]Submeters!BB14)<0,"0",[1]Submeters!BB15-[1]Submeters!BB14) -> 0 | BM9: =IF(([1]Submeters!BC15-[1]Submeters!BC14)<0,"0",[1]Submeters!BC15-[1]Submeters!BC14) -> 0 | BN9: =IF(([1]Submeters!BD15-[1]Submeters!BD14)<0,"0",[1]Submeters!BD15-[1]Submeters!BD14) -> 0 | BO9: =IF(([1]Submeters!BE15-[1]Submeters!BE14)<0,"0",[1]Submeters!BE15-[1]Submeters!BE14) -> 0 | BP9: =IF(([1]Submeters!BF15-[1]Submeters!BF14)<0,"0",[1]Submeters!BF15-[1]Submeters!BF14) -> 0 | ... CO9: =IF(([1]Submeters!CE15-[1]Submeters!CE14)<0,"0",[1]Submeters!CE15-[1]Submeters!CE14) -> 0
A10: Tunis | B10: =B9+1 -> 9 | C10: 1 | D10: 2021 | E10: =HOTEL!D17 -> 2137 | F10: =HOTEL!F17 -> 2165 | G10: =HOTEL!H17 -> 2016 | H10: =HOTEL!N17 -> 129 | I10: =HOTEL!P17 -> 1982 | J10: =HOTEL!U17 -> 257 | K10: =HOTEL!Y17 -> 46 | BI10: =IF(([1]Submeters!AY16-[1]Submeters!AY15)<0,"0",[1]Submeters!AY16-[1]Submeters!AY15) -> 226 | BJ10: =IF(([1]Submeters!AZ16-[1]Submeters!AZ15)<0,"0",[1]Submeters!AZ16-[1]Submeters!AZ15) -> 0 | BK10: =IF(([1]Submeters!BA16-[1]Submeters!BA15)<0,"0",[1]Submeters!BA16-[1]Submeters!BA15) -> 0 | BL10: =IF(([1]Submeters!BB16-[1]Submeters!BB15)<0,"0",[1]Submeters!BB16-[1]Submeters!BB15) -> 0 | BM10: =IF(([1]Submeters!BC16-[1]Submeters!BC15)<0,"0",[1]Submeters!BC16-[1]Submeters!BC15) -> 0 | BN10: =IF(([1]Submeters!BD16-[1]Submeters!BD15)<0,"0",[1]Submeters!BD16-[1]Submeters!BD15) -> 0 | BO10: =IF(([1]Submeters!BE16-[1]Submeters!BE15)<0,"0",[1]Submeters!BE16-[1]Submeters!BE15) -> 0 | BP10: =IF(([1]Submeters!BF16-[1]Submeters!BF15)<0,"0",[1]Submeters!BF16-[1]Submeters!BF15) -> 0 | ... CO10: =IF(([1]Submeters!CE16-[1]Submeters!CE15)<0,"0",[1]Submeters!CE16-[1]Submeters!CE15) -> 0
A11: Tunis | B11: =B10+1 -> 10 | C11: 1 | D11: 2021 | E11: =HOTEL!D18 -> 2123 | F11: =HOTEL!F18 -> 2129 | G11: =HOTEL!H18 -> 1980 | H11: =HOTEL!N18 -> 138 | I11: =HOTEL!P18 -> 1911 | J11: =HOTEL!U18 -> 160 | K11: =HOTEL!Y18 -> 37 | BI11: =IF(([1]Submeters!AY17-[1]Submeters!AY16)<0,"0",[1]Submeters!AY17-[1]Submeters!AY16) -> 300 | BJ11: =IF(([1]Submeters!AZ17-[1]Submeters!AZ16)<0,"0",[1]Submeters!AZ17-[1]Submeters!AZ16) -> 0 | BK11: =IF(([1]Submeters!BA17-[1]Submeters!BA16)<0,"0",[1]Submeters!BA17-[1]Submeters!BA16) -> 0 | BL11: =IF(([1]Submeters!BB17-[1]Submeters!BB16)<0,"0",[1]Submeters!BB17-[1]Submeters!BB16) -> 0 | BM11: =IF(([1]Submeters!BC17-[1]Submeters!BC16)<0,"0",[1]Submeters!BC17-[1]Submeters!BC16) -> 0 | BN11: =IF(([1]Submeters!BD17-[1]Submeters!BD16)<0,"0",[1]Submeters!BD17-[1]Submeters!BD16) -> 0 | BO11: =IF(([1]Submeters!BE17-[1]Submeters!BE16)<0,"0",[1]Submeters!BE17-[1]Submeters!BE16) -> 0 | BP11: =IF(([1]Submeters!BF17-[1]Submeters!BF16)<0,"0",[1]Submeters!BF17-[1]Submeters!BF16) -> 0 | ... CO11: =IF(([1]Submeters!CE17-[1]Submeters!CE16)<0,"0",[1]Submeters!CE17-[1]Submeters!CE16) -> 0
A12: Tunis | B12: =B11+1 -> 11 | C12: 1 | D12: 2021 | E12: =HOTEL!D19 -> 2356 | F12: =HOTEL!F19 -> 2350 | G12: =HOTEL!H19 -> 2202 | H12: =HOTEL!N19 -> 126 | I12: =HOTEL!P19 -> 1921 | J12: =HOTEL!U19 -> 165 | K12: =HOTEL!Y19 -> 25 | BI12: =IF(([1]Submeters!AY18-[1]Submeters!AY17)<0,"0",[1]Submeters!AY18-[1]Submeters!AY17) -> 277 | BJ12: =IF(([1]Submeters!AZ18-[1]Submeters!AZ17)<0,"0",[1]Submeters!AZ18-[1]Submeters!AZ17) -> 0 | BK12: =IF(([1]Submeters!BA18-[1]Submeters!BA17)<0,"0",[1]Submeters!BA18-[1]Submeters!BA17) -> 0 | BL12: =IF(([1]Submeters!BB18-[1]Submeters!BB17)<0,"0",[1]Submeters!BB18-[1]Submeters!BB17) -> 0 | BM12: =IF(([1]Submeters!BC18-[1]Submeters!BC17)<0,"0",[1]Submeters!BC18-[1]Submeters!BC17) -> 0 | BN12: =IF(([1]Submeters!BD18-[1]Submeters!BD17)<0,"0",[1]Submeters!BD18-[1]Submeters!BD17) -> 0 | BO12: =IF(([1]Submeters!BE18-[1]Submeters!BE17)<0,"0",[1]Submeters!BE18-[1]Submeters!BE17) -> 0 | BP12: =IF(([1]Submeters!BF18-[1]Submeters!BF17)<0,"0",[1]Submeters!BF18-[1]Submeters!BF17) -> 0 | ... CO12: =IF(([1]Submeters!CE18-[1]Submeters!CE17)<0,"0",[1]Submeters!CE18-[1]Submeters!CE17) -> 0
A13: Tunis | B13: =B12+1 -> 12 | C13: 1 | D13: 2021 | E13: =HOTEL!D20 -> 2129 | F13: =HOTEL!F20 -> 2141 | G13: =HOTEL!H20 -> 1969 | H13: =HOTEL!N20 -> 130 | I13: =HOTEL!P20 -> 1722 | J13: =HOTEL!U20 -> 164 | K13: =HOTEL!Y20 -> 27 | BI13: =IF(([1]Submeters!AY19-[1]Submeters!AY18)<0,"0",[1]Submeters!AY19-[1]Submeters!AY18) -> 293 | BJ13: =IF(([1]Submeters!AZ19-[1]Submeters!AZ18)<0,"0",[1]Submeters!AZ19-[1]Submeters!AZ18) -> 0 | BK13: =IF(([1]Submeters!BA19-[1]Submeters!BA18)<0,"0",[1]Submeters!BA19-[1]Submeters!BA18) -> 0 | BL13: =IF(([1]Submeters!BB19-[1]Submeters!BB18)<0,"0",[1]Submeters!BB19-[1]Submeters!BB18) -> 0 | BM13: =IF(([1]Submeters!BC19-[1]Submeters!BC18)<0,"0",[1]Submeters!BC19-[1]Submeters!BC18) -> 0 | BN13: =IF(([1]Submeters!BD19-[1]Submeters!BD18)<0,"0",[1]Submeters!BD19-[1]Submeters!BD18) -> 0 | BO13: =IF(([1]Submeters!BE19-[1]Submeters!BE18)<0,"0",[1]Submeters!BE19-[1]Submeters!BE18) -> 0 | BP13: =IF(([1]Submeters!BF19-[1]Submeters!BF18)<0,"0",[1]Submeters!BF19-[1]Submeters!BF18) -> 0 | ... CO13: =IF(([1]Submeters!CE19-[1]Submeters!CE18)<0,"0",[1]Submeters!CE19-[1]Submeters!CE18) -> 0
A14: Tunis | B14: =B13+1 -> 13 | C14: 1 | D14: 2021 | E14: =HOTEL!D21 -> 2065 | F14: =HOTEL!F21 -> 2097 | G14: =HOTEL!H21 -> 1936 | H14: =HOTEL!N21 -> 121 | I14: =HOTEL!P21 -> 2078 | J14: =HOTEL!U21 -> 150 | K14: =HOTEL!Y21 -> 30 | BI14: =IF(([1]Submeters!AY20-[1]Submeters!AY19)<0,"0",[1]Submeters!AY20-[1]Submeters!AY19) -> 438 | BJ14: =IF(([1]Submeters!AZ20-[1]Submeters!AZ19)<0,"0",[1]Submeters!AZ20-[1]Submeters!AZ19) -> 0 | BK14: =IF(([1]Submeters!BA20-[1]Submeters!BA19)<0,"0",[1]Submeters!BA20-[1]Submeters!BA19) -> 0 | BL14: =IF(([1]Submeters!BB20-[1]Submeters!BB19)<0,"0",[1]Submeters!BB20-[1]Submeters!BB19) -> 0 | BM14: =IF(([1]Submeters!BC20-[1]Submeters!BC19)<0,"0",[1]Submeters!BC20-[1]Submeters!BC19) -> 0 | BN14: =IF(([1]Submeters!BD20-[1]Submeters!BD19)<0,"0",[1]Submeters!BD20-[1]Submeters!BD19) -> 0 | BO14: =IF(([1]Submeters!BE20-[1]Submeters!BE19)<0,"0",[1]Submeters!BE20-[1]Submeters!BE19) -> 0 | BP14: =IF(([1]Submeters!BF20-[1]Submeters!BF19)<0,"0",[1]Submeters!BF20-[1]Submeters!BF19) -> 0 | ... CO14: =IF(([1]Submeters!CE20-[1]Submeters!CE19)<0,"0",[1]Submeters!CE20-[1]Submeters!CE19) -> 0
... A31: Tunis | B31: =B30+1 -> 30 | C31: 1 | D31: 2021 | E31: =HOTEL!D38 -> 0 | F31: =HOTEL!F38 -> 0 | G31: =HOTEL!H38 -> 0 | H31: =HOTEL!N38 -> 0 | I31: =HOTEL!P38 -> 0 | J31: =HOTEL!U38 -> 0 | K31: =HOTEL!Y38 -> 0 | BI31: =IF(([1]Submeters!AY37-[1]Submeters!AY36)<0,"0",[1]Submeters!AY37-[1]Submeters!AY36) -> 30 | BJ31: =IF(([1]Submeters!AZ37-[1]Submeters!AZ36)<0,"0",[1]Submeters!AZ37-[1]Submeters!AZ36) -> 0 | BK31: =IF(([1]Submeters!BA37-[1]Submeters!BA36)<0,"0",[1]Submeters!BA37-[1]Submeters!BA36) -> 0 | BL31: =IF(([1]Submeters!BB37-[1]Submeters!BB36)<0,"0",[1]Submeters!BB37-[1]Submeters!BB36) -> 0 | BM31: =IF(([1]Submeters!BC37-[1]Submeters!BC36)<0,"0",[1]Submeters!BC37-[1]Submeters!BC36) -> 0 | BN31: =IF(([1]Submeters!BD37-[1]Submeters!BD36)<0,"0",[1]Submeters!BD37-[1]Submeters!BD36) -> 0 | BO31: =IF(([1]Submeters!BE37-[1]Submeters!BE36)<0,"0",[1]Submeters!BE37-[1]Submeters!BE36) -> 0 | BP31: =IF(([1]Submeters!BF37-[1]Submeters!BF36)<0,"0",[1]Submeters!BF37-[1]Submeters!BF36) -> 0 | ... CO31: =IF(([1]Submeters!CE37-[1]Submeters!CE36)<0,"0",[1]Submeters!CE37-[1]Submeters!CE36) -> 0
A32: Tunis | B32: =B31+1 -> 31 | C32: 1 | D32: 2021 | E32: =HOTEL!D39 -> 0 | F32: =HOTEL!F39 -> 0 | G32: =HOTEL!H39 -> 0 | H32: =HOTEL!N39 -> 0 | I32: =HOTEL!P39 -> 0 | J32: =HOTEL!U39 -> 0 | K32: =HOTEL!Y39 -> 0

Sheet HOTEL
F1: RELEVEE JOURNALIERE D'ENERGIE | W1: January
W3: 2021
A6: D | B6: =B5+1 -> 1 | C6: 5019016 | E6: 4970268 | G6: 4703348 | H6: =G6-G5 -> 4703348 | J6: =D6+F6+H6 -> 4703348 | K6: =D6*0.152+F6*0.238+H6*0.115+#REF!*0.218 -> #REF! | M6: 122117 | N6: =M6-#REF! -> #REF! | O6: 2011043 | P6: =O6-#REF! -> #REF! | Q6: =N6+P6 -> #REF! | R6: =Q6*1.2285*10.033*0.0371 -> #REF! | T6: 233260 | U6: =T6-#REF! -> #REF! | V6: =U6*(1.025+1.028) -> #REF! | X6: =K6+R6+V6 -> #REF! | Y6: 100 | Z6: =X6/Y6 -> #REF!
C7: ELECTRICITE | M7: GAZ | T7: EAU | X7: Cout | Y7: Pax / | Z7: Cout
C8: PH 1 | D8: Con. | E8: PH 2 | F8: Con. | G8: PH 3 | H8: Con. | I8: E.A Totale | J8: cosℓ | K8: cout | M8: Cuisine | N8: Con. | O8: Chaufferie | P8: Con. | Q8: T.cons | R8: cout | T8: SONEDE | U8: Con. | V8: cout | X8: / jour | Y8: Nuité | Z8: / pax
A9: MA | B9: 1 | C9: 5023508 | D9: =IF((C9-C6<0), "0",C9-C6) -> 4492 | E9: 4974621 | F9: =IF((E9-E6<0), "0",E9-E6) -> 4353 | G9: 4707502 | H9: =IF((G9-G6<0), "0",G9-G6) -> 4154 | I9: 122281 | J9: 0.99 | K9: =I9*0.251 -> 30692.531 | M9: 122281 | N9: =IF((M9-M6<0), "0",M9-M6) -> 164 | O9: 2015148 | P9: =IF((O9-O6<0), "0",O9-O6) -> 4105 | Q9: =N9+P9 -> 4269 | R9: =(P9+N9)*0.056*10.211 -> 2441.0825 | T9: 233491 | U9: =IF((T9-T6<0), "0",T9-T6) -> 231 | V9: =U9*(1.315+1.54) -> 659.505 | X9: =K9+R9+V9 -> 33793.119 | Y9: 152 | Z9: =X9/Y9 -> 222.32315
A10: ME | B10: =B9+1 -> 2 | C10: 5025786 | D10: =IF((C10-C9<0), "0",C10-C9) -> 2278 | E10: 4977063 | F10: =IF((E10-E9<0), "0",E10-E9) -> 2442 | G10: 4709823 | H10: =IF((G10-G9<0), "0",G10-G9) -> 2321 | I10: 122454 | J10: 0.99 | K10: =I10*0.251 -> 30735.954 | M10: 122454 | N10: =IF((M10-M9<0), "0",M10-M9) -> 173 | O10: 2017121 | P10: =IF((O10-O9<0), "0",O10-O9) -> 1973 | Q10: =N10+P10 -> 2146 | R10: =(P10+N10)*0.056*10.211 -> 1227.1171 | T10: 233680 | U10: =IF((T10-T9<0), "0",T10-T9) -> 189 | V10: =U10*(1.315+1.54) -> 539.595 | X10: =K10+R10+V10 -> 32502.666 | Y10: 57 | Z10: =X10/Y10 -> 570.22221
A11: J | B11: =B10+1 -> 3 | C11: 5028157 | D11: =IF((C11-C10<0), "0",C11-C10) -> 2371 | E11: 4979428 | F11: =IF((E11-E10<0), "0",E11-E10) -> 2365 | G11: 4712051 | H11: =IF((G11-G10<0), "0",G11-G10) -> 2228 | I11: 122614 | J11: 0.99 | K11: =I11*0.251 -> 30776.114 | M11: 122614 | N11: =IF((M11-M10<0), "0",M11-M10) -> 160 | O11: 2019845 | P11: =IF((O11-O10<0), "0",O11-O10) -> 2724 | Q11: =N11+P11 -> 2884 | R11: =(P11+N11)*0.056*10.211 -> 1649.1173 | T11: 233926 | U11: =IF((T11-T10<0), "0",T11-T10) -> 246 | V11: =U11*(1.315+1.54) -> 702.33 | X11: =K11+R11+V11 -> 33127.561 | Y11: 53 | Z11: =X11/Y11 -> 625.04833
A12: V | B12: =B11+1 -> 4 | C12: 5030458 | D12: =IF((C12-C11<0), "0",C12-C11) -> 2301 | E12: 4981731 | F12: =IF((E12-E11<0), "0",E12-E11) -> 2303 | G12: 4714215 | H12: =IF((G12-G11<0), "0",G12-G11) -> 2164 | I12: 122740 | J12: 0.99 | K12: =I12*0.251 -> 30807.74 | M12: 122740 | N12: =IF((M12-M11<0), "0",M12-M11) -> 126 | O12: 2022636 | P12: =IF((O12-O11<0), "0",O12-O11) -> 2791 | Q12: =N12+P12 -> 2917 | R12: =(P12+N12)*0.056*10.211 -> 1667.9873 | T12: 234170 | U12: =IF((T12-T11<0), "0",T12-T11) -> 244 | V12: =U12*(1.315+1.54) -> 696.62 | X12: =K12+R12+V12 -> 33172.347 | Y12: 36 | Z12: =X12/Y12 -> 921.45409
A13: S | B13: =B12+1 -> 5 | C13: 5032673 | D13: =IF((C13-C12<0), "0",C13-C12) -> 2215 | E13: 4983957 | F13: =IF((E13-E12<0), "0",E13-E12) -> 2226 | G13: 4716280 | H13: =IF((G13-G12<0), "0",G13-G12) -> 2065 | I13: 122878 | J13: 0.99 | K13: =I13*0.251 -> 30842.378 | M13: 122878 | N13: =IF((M13-M12<0), "0",M13-M12) -> 138 | O13: 2025280 | P13: =IF((O13-O12<0), "0",O13-O12) -> 2644 | Q13: =N13+P13 -> 2782 | R13: =(P13+N13)*0.056*10.211 -> 1590.7921 | T13: 234408 | U13: =IF((T13-T12<0), "0",T13-T12) -> 238 | V13: =U13*(1.315+1.54) -> 679.49 | X13: =K13+R13+V13 -> 33112.66 | Y13: 28 | Z13: =X13/Y13 -> 1182.595
A14: D | B14: =B13+1 -> 6 | C14: 5034864 | D14: =IF((C14-C13<0), "0",C14-C13) -> 2191 | E14: 4986164 | F14: =IF((E14-E13<0), "0",E14-E13) -> 2207 | G14: 4718336 | H14: =IF((G14-G13<0), "0",G14-G13) -> 2056 | I14: 122999 | J14: 0.99 | K14: =I14*0.251 -> 30872.749 | M14: 122999 | N14: =IF((M14-M13<0), "0",M14-M13) -> 121 | O14: 2027921 | P14: =IF((O14-O13<0), "0",O14-O13) -> 2641 | Q14: =N14+P14 -> 2762 | R14: =(P14+N14)*0.056*10.211 -> 1579.3558 | T14: 234603 | U14: =IF((T14-T13<0), "0",T14-T13) -> 195 | V14: =U14*(1.315+1.54) -> 556.725 | X14: =K14+R14+V14 -> 33008.83 | Y14: 51 | Z14: =X14/Y14 -> 647.23196
A15: L | B15: =B14+1 -> 7 | C15: 5037002 | D15: =IF((C15-C14<0), "0",C15-C14) -> 2138 | E15: 4988411 | F15: =IF((E15-E14<0), "0",E15-E14) -> 2247 | G15: 4720314 | H15: =IF((G15-G14<0), "0",G15-G14) -> 1978 | I15: 123121 | J15: 0.99 | K15: =I15*0.251 -> 30903.371 | M15: 123121 | N15: =IF((M15-M14<0), "0",M15-M14) -> 122 | O15: 2030314 | P15: =IF((O15-O14<0), "0",O15-O14) -> 2393 | Q15: =N15+P15 -> 2515 | R15: =(P15+N15)*0.056*10.211 -> 1438.1172 | T15: 234801 | U15: =IF((T15-T14<0), "0",T15-T14) -> 198 | V15: =U15*(1.315+1.54) -> 565.29 | X15: =K15+R15+V15 -> 32906.778 | Y15: 22 | Z15: =X15/Y15 -> 1495.7626
A16: MA | B16: =B15+1 -> 8 | C16: 5039210 | D16: =IF((C16-C15<0), "0",C16-C15) -> 2208 | E16: 4990542 | F16: =IF((E16-E15<0), "0",E16-E15) -> 2131 | G16: 4722415 | H16: =IF((G16-G15<0), "0",G16-G15) -> 2101 | I16: 123254 | J16: 0.99 | K16: =I16*0.251 -> 30936.754 | M16: 123254 | N16: =IF((M16-M15<0), "0",M16-M15) -> 133 | O16: 2032839 | P16: =IF((O16-O15<0), "0",O16-O15) -> 2525 | Q16: =N16+P16 -> 2658 | R16: =(P16+N16)*0.056*10.211 -> 1519.8869 | T16: 234998 | U16: =IF((T16-T15<0), "0",T16-T15) -> 197 | V16: =U16*(1.315+1.54) -> 562.435 | X16: =K16+R16+V16 -> 33019.076 | Y16: 31 | Z16: =X16/Y16 -> 1065.1315
A17: ME | B17: 9 | C17: 5041347 | D17: =IF((C17-C16<0), "0",C17-C16) -> 2137 | E17: 4992707 | F17: =IF((E17-E16<0), "0",E17-E16) -> 2165 | G17: 4724431 | H17: =IF((G17-G16<0), "0",G17-G16) -> 2016 | I17: 123383 | J17: 0.99 | K17: =I17*0.251 -> 30969.133 | M17: 123383 | N17: =IF((M17-M16<0), "0",M17-M16) -> 129 | O17: 2034821 | P17: =IF((O17-O16<0), "0",O17-O16) -> 1982 | Q17: =N17+P17 -> 2111 | R17: =(P17+N17)*0.056*10.211 -> 1207.1036 | T17: 235255 | U17: =IF((T17-T16<0), "0",T17-T16) -> 257 | V17: =U17*(1.315+1.54) -> 733.735 | X17: =K17+R17+V17 -> 32909.972 | Y17: 46 | Z17: =X17/Y17 -> 715.43416
A18: J | B18: =B17+1 -> 10 | C18: 5043470 | D18: =IF((C18-C17<0), "0",C18-C17) -> 2123 | E18: 4994836 | F18: =IF((E18-E17<0), "0",E18-E17) -> 2129 | G18: 4726411 | H18: =IF((G18-G17<0), "0",G18-G17) -> 1980 | I18: 123521 | J18: 0.99 | K18: =I18*0.251 -> 31003.771 | M18: 123521 | N18: =IF((M18-M17<0), "0",M18-M17) -> 138 | O18: 2036732 | P18: =IF((O18-O17<0), "0",O18-O17) -> 1911 | Q18: =N18+P18 -> 2049 | R18: =(P18+N18)*0.056*10.211 -> 1171.651 | T18: 235415 | U18: =IF((T18-T17<0), "0",T18-T17) -> 160 | V18: =U18*(1.315+1.54) -> 456.8 | X18: =K18+R18+V18 -> 32632.222 | Y18: 37 | Z18: =X18/Y18 -> 881.95195
A19: V | B19: =B18+1 -> 11 | C19: 5045826 | D19: =IF((C19-C18<0), "0",C19-C18) -> 2356 | E19: 4997186 | F19: =IF((E19-E18<0), "0",E19-E18) -> 2350 | G19: 4728613 | H19: =IF((G19-G18<0), "0",G19-G18) -> 2202 | I19: 123647 | J19: 0.99 | K19: =I19*0.251 -> 31035.397 | M19: 123647 | N19: =IF((M19-M18<0), "0",M19-M18) -> 126 | O19: 2038653 | P19: =IF((O19-O18<0), "0",O19-O18) -> 1921 | Q19: =N19+P19 -> 2047 | R19: =(P19+N19)*0.056*10.211 -> 1170.5074 | T19: 235580 | U19: =IF((T19-T18<0), "0",T19-T18) -> 165 | V19: =U19*(1.315+1.54) -> 471.075 | X19: =K19+R19+V19 -> 32676.979 | Y19: 25 | Z19: =X19/Y19 -> 1307.0792
A20: S | B20: =B19+1 -> 12 | C20: 5047955 | D20: =IF((C20-C19<0), "0",C20-C19) -> 2129 | E20: 4999327 | F20: =IF((E20-E19<0), "0",E20-E19) -> 2141 | G20: 4730582 | H20: =IF((G20-G19<0), "0",G20-G19) -> 1969 | I20: 123777 | J20: 0.99 | K20: =I20*0.251 -> 31068.027 | M20: 123777 | N20: =IF((M20-M19<0), "0",M20-M19) -> 130 | O20: 2040375 | P20: =IF((O20-O19<0), "0",O20-O19) -> 1722 | Q20: =N20+P20 -> 1852 | R20: =(P20+N20)*0.056*10.211 -> 1059.0032 | T20: 235744 | U20: =IF((T20-T19<0), "0",T20-T19) -> 164 | V20: =U20*(1.315+1.54) -> 468.22 | X20: =K20+R20+V20 -> 32595.25 | Y20: 27 | Z20: =X20/Y20 -> 1207.2315
A21: D | B21: =B20+1 -> 13 | C21: 5050020 | D21: =IF((C21-C20<0), "0",C21-C20) -> 2065 | E21: 5001424 | F21: =IF((E21-E20<0), "0",E21-E20) -> 2097 | G21: 4732518 | H21: =IF((G21-G20<0), "0",G21-G20) -> 1936 | I21: 123898 | J21: 0.99 | K21: =I21*0.251 -> 31098.398 | M21: 123898 | N21: =IF((M21-M20<0), "0",M21-M20) -> 121 | O21: 2042453 | P21: =IF((O21-O20<0), "0",O21-O20) -> 2078 | Q21: =N21+P21 -> 2199 | R21: =(P21+N21)*0.056*10.211 -> 1257.4234 | T21: 235894 | U21: =IF((T21-T20<0), "0",T21-T20) -> 150 | V21: =U21*(1.315+1.54) -> 428.25 | X21: =K21+R21+V21 -> 32784.071 | Y21: 30 | Z21: =X21/Y21 -> 1092.8024
A22: L | B22: =B21+1 -> 14 | C22: 5052158 | D22: =IF((C22-C21<0), "0",C22-C21) -> 2138 | E22: 5003590 | F22: =IF((E22-E21<0), "0",E22-E21) -> 2166 | G22: 4734518 | H22: =IF((G22-G21<0), "0",G22-G21) -> 2000 | I22: 124018 | J22: 0.99 | K22: =I22*0.251 -> 31128.518 | M22: 124018 | N22: =IF((M22-M21<0), "0",M22-M21) -> 120 | O22: 2044250 | P22: =IF((O22-O21<0), "0",O22-O21) -> 1797 | Q22: =N22+P22 -> 1917 | R22: =(P22+N22)*0.056*10.211 -> 1096.1713 | T22: 236171 | U22: =IF((T22-T21<0), "0",T22-T21) -> 277 | V22: =U22*(1.315+1.54) -> 790.835 | X22: =K22+R22+V22 -> 33015.524 | Y22: 34 | Z22: =X22/Y22 -> 971.04483
A23: MA | B23: =B22+1 -> 15 | C23: 5054294 | D23: =IF((C23-C22<0), "0",C23-C22) -> 2136 | E23: 5005737 | F23: =IF((E23-E22<0), "0",E23-E22) -> 2147 | G23: 4736502 | H23: =IF((G23-G22<0), "0",G23-G22) -> 1984 | I23: 124152 | J23: 0.99 | K23: =I23*0.251 -> 31162.152 | M23: 124152 | N23: =IF((M23-M22<0), "0",M23-M22) -> 134 | O23: 2045929 | P23: =IF((O23-O22<0), "0",O23-O22) -> 1679 | Q23: =N23+P23 -> 1813 | R23: =(P23+N23)*0.056*10.211 -> 1036.7024 | T23: 236362 | U23: =IF((T23-T22<0), "0",T23-T22) -> 191 | V23: =U23*(1.315+1.54) -> 545.305 | X23: =K23+R23+V23 -> 32744.159 | Y23: 38 | Z23: =X23/Y23 -> 861.68841
A24: ME | B24: =B23+1 -> 16 | D24: =IF((C24-C23<0), "0",C24-C23) -> 0 | F24: =IF((E24-E23<0), "0",E24-E23) -> 0 | H24: =IF((G24-G23<0), "0",G24-G23) -> 0 | J24: 0.99 | K24: =I24*0.251 -> 0 | N24: =IF((M24-M23<0), "0",M24-M23) -> 0 | P24: =IF((O24-O23<0), "0",O24-O23) -> 0 | Q24: =N24+P24 -> 0 | R24: =(P24+N24)*0.056*10.211 -> 0 | U24: =IF((T24-T23<0), "0",T24-T23) -> 0 | V24: =U24*(1.315+1.54) -> 0 | X24: =K24+R24+V24 -> 0 | Z24: =X24/Y24 -> #DIV/0!
A25: J | B25: =B24+1 -> 17 | D25: =IF((C25-C24<0), "0",C25-C24) -> 0 | F25: =IF((E25-E24<0), "0",E25-E24) -> 0 | H25: =IF((G25-G24<0), "0",G25-G24) -> 0 | J25: 0.99 | K25: =I25*0.251 -> 0 | N25: =IF((M25-M24<0), "0",M25-M24) -> 0 | P25: =IF((O25-O24<0), "0",O25-O24) -> 0 | Q25: =N25+P25 -> 0 | R25: =(P25+N25)*0.056*10.211 -> 0 | U25: =IF((T25-T24<0), "0",T25-T24) -> 0 | V25: =U25*(1.315+1.54) -> 0 | X25: =K25+R25+V25 -> 0 | Z25: =X25/Y25 -> #DIV/0!
A26: V | B26: =B25+1 -> 18 | D26: =IF((C26-C25<0), "0",C26-C25) -> 0 | F26: =IF((E26-E25<0), "0",E26-E25) -> 0 | H26: =IF((G26-G25<0), "0",G26-G25) -> 0 | J26: 0.99 | K26: =I26*0.251 -> 0 | N26: =IF((M26-M25<0), "0",M26-M25) -> 0 | P26: =IF((O26-O25<0), "0",O26-O25) -> 0 | Q26: =N26+P26 -> 0 | R26: =(P26+N26)*0.056*10.211 -> 0 | U26: =IF((T26-T25<0), "0",T26-T25) -> 0 | V26: =U26*(1.315+1.54) -> 0 | X26: =K26+R26+V26 -> 0 | Z26: =X26/Y26 -> #DIV/0!
A27: S | B27: =B26+1 -> 19 | D27: =IF((C27-C26<0), "0",C27-C26) -> 0 | F27: =IF((E27-E26<0), "0",E27-E26) -> 0 | H27: =IF((G27-G26<0), "0",G27-G26) -> 0 | J27: 0.99 | K27: =I27*0.251 -> 0 | N27: =IF((M27-M26<0), "0",M27-M26) -> 0 | P27: =IF((O27-O26<0), "0",O27-O26) -> 0 | Q27: =N27+P27 -> 0 | R27: =(P27+N27)*0.056*10.211 -> 0 | U27: =IF((T27-T26<0), "0",T27-T26) -> 0 | V27: =U27*(1.315+1.54) -> 0 | X27: =K27+R27+V27 -> 0 | Z27: =X27/Y27 -> #DIV/0!
A28: D | B28: =B27+1 -> 20 | D28: =IF((C28-C27<0), "0",C28-C27) -> 0 | F28: =IF((E28-E27<0), "0",E28-E27) -> 0 | H28: =IF((G28-G27<0), "0",G28-G27) -> 0 | J28: 0.99 | K28: =I28*0.251 -> 0 | N28: =IF((M28-M27<0), "0",M28-M27) -> 0 | P28: =IF((O28-O27<0), "0",O28-O27) -> 0 | Q28: =N28+P28 -> 0 | R28: =(P28+N28)*0.056*10.211 -> 0 | U28: =IF((T28-T27<0), "0",T28-T27) -> 0 | V28: =U28*(1.315+1.54) -> 0 | X28: =K28+R28+V28 -> 0 | Z28: =X28/Y28 -> #DIV/0!
A29: L | B29: =B28+1 -> 21 | D29: =IF((C29-C28<0), "0",C29-C28) -> 0 | F29: =IF((E29-E28<0), "0",E29-E28) -> 0 | H29: =IF((G29-G28<0), "0",G29-G28) -> 0 | J29: 0.99 | K29: =I29*0.251 -> 0 | N29: =IF((M29-M28<0), "0",M29-M28) -> 0 | P29: =IF((O29-O28<0), "0",O29-O28) -> 0 | Q29: =N29+P29 -> 0 | R29: =(P29+N29)*0.056*10.211 -> 0 | U29: =IF((T29-T28<0), "0",T29-T28) -> 0 | V29: =U29*(1.315+1.54) -> 0 | X29: =K29+R29+V29 -> 0 | Z29: =X29/Y29 -> #DIV/0!
A30: MA | B30: =B29+1 -> 22 | D30: =IF((C30-C29<0), "0",C30-C29) -> 0 | F30: =IF((E30-E29<0), "0",E30-E29) -> 0 | H30: =IF((G30-G29<0), "0",G30-G29) -> 0 | J30: 0.99 | K30: =I30*0.251 -> 0 | N30: =IF((M30-M29<0), "0",M30-M29) -> 0 | P30: =IF((O30-O29<0), "0",O30-O29) -> 0 | Q30: =N30+P30 -> 0 | R30: =(P30+N30)*0.056*10.211 -> 0 | U30: =IF((T30-T29<0), "0",T30-T29) -> 0 | V30: =U30*(1.315+1.54) -> 0 | X30: =K30+R30+V30 -> 0 | Z30: =X30/Y30 -> #DIV/0!
A31: ME | B31: =B30+1 -> 23 | D31: =IF((C31-C30<0), "0",C31-C30) -> 0 | F31: =IF((E31-E30<0), "0",E31-E30) -> 0 | H31: =IF((G31-G30<0), "0",G31-G30) -> 0 | J31: 0.99 | K31: =I31*0.251 -> 0 | N31: =IF((M31-M30<0), "0",M31-M30) -> 0 | P31: =IF((O31-O30<0), "0",O31-O30) -> 0 | Q31: =N31+P31 -> 0 | R31: =(P31+N31)*0.056*10.211 -> 0 | U31: =IF((T31-T30<0), "0",T31-T30) -> 0 | V31: =U31*(1.315+1.54) -> 0 | X31: =K31+R31+V31 -> 0 | Z31: =X31/Y31 -> #DIV/0!
A32: J | B32: =B31+1 -> 24 | D32: =IF((C32-C31<0), "0",C32-C31) -> 0 | F32: =IF((E32-E31<0), "0",E32-E31) -> 0 | H32: =IF((G32-G31<0), "0",G32-G31) -> 0 | J32: 0.99 | K32: =I32*0.251 -> 0 | N32: =IF((M32-M31<0), "0",M32-M31) -> 0 | P32: =IF((O32-O31<0), "0",O32-O31) -> 0 | Q32: =N32+P32 -> 0 | R32: =(P32+N32)*0.056*10.211 -> 0 | U32: =IF((T32-T31<0), "0",T32-T31) -> 0 | V32: =U32*(1.315+1.54) -> 0 | X32: =K32+R32+V32 -> 0 | Z32: =X32/Y32 -> #DIV/0!
A33: V | B33: =B32+1 -> 25 | D33: =IF((C33-C32<0), "0",C33-C32) -> 0 | F33: =IF((E33-E32<0), "0",E33-E32) -> 0 | H33: =IF((G33-G32<0), "0",G33-G32) -> 0 | J33: 0.99 | K33: =I33*0.251 -> 0 | N33: =IF((M33-M32<0), "0",M33-M32) -> 0 | P33: =IF((O33-O32<0), "0",O33-O32) -> 0 | Q33: =N33+P33 -> 0 | R33: =(P33+N33)*0.056*10.211 -> 0 | U33: =IF((T33-T32<0), "0",T33-T32) -> 0 | V33: =U33*(1.315+1.54) -> 0 | X33: =K33+R33+V33 -> 0 | Z33: =X33/Y33 -> #DIV/0!
A34: S | B34: =B33+1 -> 26 | D34: =IF((C34-C33<0), "0",C34-C33) -> 0 | F34: =IF((E34-E33<0), "0",E34-E33) -> 0 | H34: =IF((G34-G33<0), "0",G34-G33) -> 0 | J34: 0.99 | K34: =I34*0.251 -> 0 | N34: =IF((M34-M33<0), "0",M34-M33) -> 0 | P34: =IF((O34-O33<0), "0",O34-O33) -> 0 | Q34: =N34+P34 -> 0 | R34: =(P34+N34)*0.056*10.211 -> 0 | U34: =IF((T34-T33<0), "0",T34-T33) -> 0 | V34: =U34*(1.315+1.54) -> 0 | X34: =K34+R34+V34 -> 0 | Z34: =X34/Y34 -> #DIV/0!
A35: D | B35: =B34+1 -> 27 | D35: =IF((C35-C34<0), "0",C35-C34) -> 0 | F35: =IF((E35-E34<0), "0",E35-E34) -> 0 | H35: =IF((G35-G34<0), "0",G35-G34) -> 0 | J35: 0.99 | K35: =I35*0.251 -> 0 | N35: =IF((M35-M34<0), "0",M35-M34) -> 0 | P35: =IF((O35-O34<0), "0",O35-O34) -> 0 | Q35: =N35+P35 -> 0 | R35: =(P35+N35)*0.056*10.211 -> 0 | U35: =IF((T35-T34<0), "0",T35-T34) -> 0 | V35: =U35*(1.315+1.54) -> 0 | X35: =K35+R35+V35 -> 0 | Z35: =X35/Y35 -> #DIV/0!
... A39: J | B39: =B38+1 -> 31 | D39: =IF((C39-C38<0), "0",C39-C38) -> 0 | F39: =IF((E39-E38<0), "0",E39-E38) -> 0 | H39: =IF((G39-G38<0), "0",G39-G38) -> 0 | J39: 0.99 | K39: =I39*0.251 -> 0 | N39: =IF((M39-M38<0), "0",M39-M38) -> 0 | P39: =IF((O39-O38<0), "0",O39-O38) -> 0 | Q39: =N39+P39 -> 0 | R39: =(P39+N39)*0.056*10.211 -> 0 | U39: =IF((T39-T38<0), "0",T39-T38) -> 0 | V39: =U39*(1.315+1.54) -> 0 | X39: =K39+R39+V39 -> 0 | Z39: =X39/Y39 -> #DIV/0!
C40: =SUMIF(D9:D38,">0") -> 35278 | E40: =SUMIF(F9:F38,">0") -> 35469 | G40: =SUMIF(H9:H38,">0") -> 33154 | I40: =SUMIF(I9:I38,">0") -> 1848737 | K40: =SUMIF(K9:K38,">0") -> 464032.99 | M40: =SUMIF(N9:N38,">0") -> 2035 | O40: =SUMIF(P9:P38,">0") -> 34886 | Q40: =SUMIF(Q9:Q38,">0") -> 36921 | R40: =SUMIF(R9:R38,">0") -> 21112.019 | T40: =SUMIF(U9:U38,">0") -> 3102 | V40: =SUMIF(V9:V38,">0") -> 8856.21 | X40: =SUMIF(X9:X38,">0") -> 494001.22 | Y40: =SUM(Y9:Y39) -> 667 | Z40: =(SUMIF(Z9:Z36,">0")/31) -> 444.09681

Sheet submeters
B6: 49433 | C6: 79236 | D6: 15207 | E6: 13719 | F6: 189420 | G6: 3495 | H6: 1485 | I6: 380288 | J6: 68377 | K6: 7921 | L6: 29890 | M6: 52115 | N6: 38542 | O6: 181658 | P6: 375920 | Q6: 2808 | R6: 18050 | S6: 25503 | T6: 278413 | U6: 375407 | V6: 40159 | W6: 5416 | X6: 13927 | Y6: 86195 | Z6: 540 | AA6: 170186 | AB6: 7562 | AC6: 1974 | AD6: 17975 | AE6: 76508 | AF6: 205359 | AG6: 1125790 | AH6: 11123 | AI6: 483379 | AJ6: 637743 | AK6: 9334 | AL6: 29315 | AM6: 28542 | AN6: 596531 | AO6: 5246 | AP6: 0 | AQ6: 109712 | AR6: 217210 | AS6: 63112 | AT6: 560 | AU6: 107079 | AV6: 44534 | AW6: 38275 | AX6: 175158 | AY6: 481902
A7: Day | B7: Groupe Froid Indus 1 - KWH | C7: Beach Bar - KWH | D7: SGX zone de service secours - KWH | E7: Gen.Rest.Spécialité Secours - KWH | F7: SGX Rest.Menu+ young adult - KWH | G7: Onduleur Principal 1er - KWH | H7: Bloc A Hebergement - KWH | I7: Bloc B Hebergement - KWH | J7: TGBT Hebergement - KWH | K7: S1,S2,P2,P3,P6,P7 - KWH | L7: Buanderie - KWH | M7: Gen.Spa.Secours - KWH | N7: S3,S4 - KWH | O7: Groupe Froid Indus - KWH | P7: Gen.Reception Secours - KWH | Q7: Surpresseur Eau potable - KWH | R7: Service Comptabilité Secours - KWH | S7: Clim+Extraction Data Center - KWH | T7: SGX grand parking Area - KWH | U7: Cuisine rest.Menu secours - KWH | V7: S5,S6,P4,P5,P9 - KWH | W7: Bloc B Hebergement - KWH | X7: Parking valet + Standard secours - KWH | Y7: Administration secours - KWH | Z7: Eclairage Grand piscine Ext Secours - KWH | AA7: FM+SGX Buanderie Secours - KWH | AB7: Orange - KWH | AC7: FM chaudière à vapeur - KWH | AD7: Loge Gardien 2 - KWH | AE7: Loge Gardien 1 - KWH | AF7: TGBT Sécurité - KWH | AG7: Gen.Centre congrés secours - KWH | AH7: FM chaufferie Gauche - KWH | AI7: Groupe d'eau glacé 1 - KWH | AJ7: FM cuisine Rest.Menu - KWH | AK7: FM cuisine Ballroom - KWH | AL7: Groupe d'eau glacé 2 - KWH | AM7: Groupe d'eau glacé 3 - KWH | AN7: FM piscine extérieur - KWH | AO7: Show power Centre Congrés - KWH | AP7: Groupe d'eau glacé 4 - KWH | AQ7: Bloc A Hebergement - KWH | AR7: Bloc B Hebergement - KWH | AS7: Gene.Clim Centre congré - KWH | AT7: Bloc B Hebergement - KWH | AU7: FM rest.spécialité normal - KWH | AV7: FM Cuisine reception normal - KWH | AW7: Gene.Spa normal - KWH | AX7: Clim Zone Rest.Menu - KWH | AY7: TGBT Hebergement - KWH | AZ7: Chauf.Gauche.Eau Foide.adoucisseur - m3 | BA7: Chauf.Gauche.Eau Foide.Cuisine - m3 | BB7: Chauf.Gauche.Eau Foide.Heberg - m3 | BC7: Chauf.Gauche.Eau Foide.Piscine - m3 | BD7: Chauf.Gauche.Eau Foide.Buanderie - m3 | BE7: Chauf.Gauche.Dep.EC heb - m3 | BF7: Chauf.Gauche.Ret.EC Heb - m3 | BG7: Chauf.Gauche.Ret.EC.LC et service divers - m3 | BH7: Chauf.Gauche.Retour eau glacé - m3 | BI7: Chauf.Gauche.Ret.eau.ch.buanderie - m3 | BJ7: Chauf.Gauche.Remp. retour coll.EC - m3 | BK7: Chauf.Droite.Eau.Froide.Adoucisseur - m3 | BL7: Chauf.Droite.Eau.Froide.Spa pool - m3 | BM7: Chauf.Droite.Eau.Froide.pataugeoire - m3 | BN7: Chauf.Droite.Eau.Froide.Spa Base 3 - m3 | BO7: Chauf.Droite.Eau.Froide. Heberg droite - m3 | BP7: Chauf.Droite.Dep.EC Heb droite - m3 | BQ7: Chauf.Droite.Dep.EC Spa - m3 | BR7: Chauf.Droite.Ret.EC Spa - m3 | BS7: Arrosage - m3 | BT7: suite presidentielle - m3 | BU7: Kids club - m3 | BV7: Tow Bedroom A - m3 | BW7: Tow Bedroom B - m3 | BX7: Tow Bedroom C - m3 | BY7: wirlpool h - m3 | BZ7: wirlpool f -m3 | CA7: piscine spa pool - m3 | CB7: piscine ext - m3 | CC7: filtration piscine ext - m3 | CD7: depart chaufferie droite - m3 | CE7: adoucisseur chaufferie vapeur - m3
A8: 1
A9: 2
A10: 3
A11: 4
A12: 5
A13: 6
A14: 7
A15: 8
A16: 9
A17: 10
A18: 11
A19: 12
... A38: 31
