Workbook

Sheet TOTAL
A1: Site Name | B1: Day | C1: Month | D1: Year | E1: Total Electricity Kwh | F1: Electricity Tariff ($/Kwh) | G1: Natual Gas (m3) | H1: Natural Gas $/m3 | I1: Water Utility Supply (m3) m3 | J1: Water Utility Supply (m3) $/m3 | K1: Room Nights | L1: Total Guests
A2: Budapest | B2: 1 | C2: 2 | D2: 2020 | E2: =Submetering!X2+Submetering!Y2 -> 13552 | F2: 0.077909228 | G2: =Submetering!T2+Submetering!U2 -> 1364 | H2: 0.24162482 | I2: =Submetering!E2+Submetering!H2 -> 86 | J2: 1.6865699 | K2: =Submetering!AF2 -> 66 | L2: =Submetering!AG2 -> 111
A3: Budapest | B3: =B2+1 -> 2 | C3: 2 | D3: 2020 | E3: =Submetering!X3+Submetering!Y3 -> 14608 | F3: 0.077909228 | G3: =Submetering!T3+Submetering!U3 -> 1753 | H3: 0.24162482 | I3: =Submetering!E3+Submetering!H3 -> 86 | J3: =J2 -> 1.6865699 | K3: =Submetering!AF3 -> 59 | L3: =Submetering!AG3 -> 81
A4: Budapest | B4: =B3+1 -> 3 | C4: 2 | D4: 2020 | E4: =Submetering!X4+Submetering!Y4 -> 14168 | F4: 0.077909228 | G4: =Submetering!T4+Submetering!U4 -> 2207 | H4: 0.24162482 | I4: =Submetering!E4+Submetering!H4 -> 61 | J4: =J3 -> 1.6865699 | K4: =Submetering!AF4 -> 66 | L4: =Submetering!AG4 -> 80
A5: Budapest | B5: =B4+1 -> 4 | C5: 2 | D5: 2020 | E5: =Submetering!X5+Submetering!Y5 -> 16104 | F5: 0.077909228 | G5: =Submetering!T5+Submetering!U5 -> 2493 | H5: 0.24162482 | I5: =Submetering!E5+Submetering!H5 -> 64 | J5: =J4 -> 1.6865699 | K5: =Submetering!AF5 -> 89 | L5: =Submetering!AG5 -> 108
A6: Budapest | B6: =B5+1 -> 5 | C6: 2 | D6: 2020 | E6: =Submetering!X6+Submetering!Y6 -> 14696 | F6: 0.077909228 | G6: =Submetering!T6+Submetering!U6 -> 2717 | H6: 0.24162482 | I6: =Submetering!E6+Submetering!H6 -> 71 | J6: =J5 -> 1.6865699 | K6: =Submetering!AF6 -> 83 | L6: =Submetering!AG6 -> 102
A7: Budapest | B7: =B6+1 -> 6 | C7: 2 | D7: 2020 | E7: =Submetering!X7+Submetering!Y7 -> 14036 | F7: 0.077909228 | G7: =Submetering!T7+Submetering!U7 -> 2697 | H7: 0.24162482 | I7: =Submetering!E7+Submetering!H7 -> 57 | J7: =J6 -> 1.6865699 | K7: =Submetering!AF7 -> 74 | L7: =Submetering!AG7 -> 93
A8: Budapest | B8: =B7+1 -> 7 | C8: 2 | D8: 2020 | E8: =Submetering!X8+Submetering!Y8 -> 15312 | F8: 0.077909228 | G8: =Submetering!T8+Submetering!U8 -> 2294 | H8: 0.24162482 | I8: =Submetering!E8+Submetering!H8 -> 62 | J8: =J7 -> 1.6865699 | K8: =Submetering!AF8 -> 67 | L8: =Submetering!AG8 -> 100
A9: Budapest | B9: =B8+1 -> 8 | C9: 2 | D9: 2020 | E9: =Submetering!X9+Submetering!Y9 -> 13772 | F9: 0.077909228 | G9: =Submetering!T9+Submetering!U9 -> 3004 | H9: 0.24162482 | I9: =Submetering!E9+Submetering!H9 -> 46 | J9: =J8 -> 1.6865699 | K9: =Submetering!AF9 -> 59 | L9: =Submetering!AG9 -> 93
A10: Budapest | B10: =B9+1 -> 9 | C10: 2 | D10: 2020 | E10: =Submetering!X10+Submetering!Y10 -> 14652 | F10: 0.077909228 | G10: =Submetering!T10+Submetering!U10 -> 2610 | H10: 0.24162482 | I10: =Submetering!E10+Submetering!H10 -> 58 | J10: =J9 -> 1.6865699 | K10: =Submetering!AF10 -> 46 | L10: =Submetering!AG10 -> 66
A11: Budapest | B11: =B10+1 -> 10 | C11: 2 | D11: 2020 | E11: =Submetering!X11+Submetering!Y11 -> 15180 | F11: 0.077909228 | G11: =Submetering!T11+Submetering!U11 -> 1999 | H11: 0.24162482 | I11: =Submetering!E11+Submetering!H11 -> 56 | J11: =J10 -> 1.6865699 | K11: =Submetering!AF11 -> 68 | L11: =Submetering!AG11 -> 89
A12: Budapest | B12: =B11+1 -> 11 | C12: 2 | D12: 2020 | E12: =Submetering!X12+Submetering!Y12 -> 14520 | F12: 0.077909228 | G12: =Submetering!T12+Submetering!U12 -> 2341 | H12: 0.24162482 | I12: =Submetering!E12+Submetering!H12 -> 83 | J12: =J11 -> 1.6865699 | K12: =Submetering!AF12 -> 76 | L12: =Submetering!AG12 -> 100
A13: Budapest | B13: =B12+1 -> 12 | C13: 2 | D13: 2020 | E13: =Submetering!X13+Submetering!Y13 -> 14564 | F13: 0.077909228 | G13: =Submetering!T13+Submetering!U13 -> 2548 | H13: 0.24162482 | I13: =Submetering!E13+Submetering!H13 -> 116 | J13: =J12 -> 1.6865699 | K13: =Submetering!AF13 -> 68 | L13: =Submetering!AG13 -> 91
A14: Budapest | B14: =B13+1 -> 13 | C14: 2 | D14: 2020 | E14: =Submetering!X14+Submetering!Y14 -> 15400 | F14: 0.077909228 | G14: =Submetering!T14+Submetering!U14 -> 1959 | H14: 0.24162482 | I14: =Submetering!E14+Submetering!H14 -> 115 | J14: =J13 -> 1.6865699 | K14: =Submetering!AF14 -> 73 | L14: =Submetering!AG14 -> 102
... A30: Budapest | B30: =B29+1 -> 29 | C30: 2 | D30: 2020 | E30: =Submetering!X30+Submetering!Y30 -> 13640 | F30: 0.077909228 | G30: =Submetering!T30+Submetering!U30 -> 2347 | H30: 0.24162482 | I30: =Submetering!E30+Submetering!H30 -> 188 | J30: =J29 -> 1.6865699 | K30: =Submetering!AF30 -> 59 | L30: =Submetering!AG30 -> 99
E35: =SUM(E2:E34) -> 425656 | F35: =SUM(F2:F34) -> 2.2593676 | G35: =SUM(G2:G34) -> 66043 | H35: =SUM(H2:H34) -> 7.0071199 | I35: =SUM(I2:I34) -> 3184 | J35: =SUM(J2:J34) -> 48.910528 | K35: =SUM(K2:K34) -> 2095 | L35: =SUM(L2:L34) -> 3045

Sheet Submetering
A1: Site Name | B1: Day | C1: Month | D1: Year | E1: B074 Nagy - m3 | F1: B074 Hotel napi+torony-m3 | G1: B074 Hotel napi-torony -m3 | H1: B057 Nagy - m3 | I1: B074 mosoda víz-m3 | J1: B054 konyha -m3 | K1: HMV konyha -m3 | L1: HMV Hotel -m3 | M1: B 105 Gozakna -m3 | N1: Boiler C. Water -m3 | O1: kazan tapviz jobb -m3 | P1: CT-Spare Water Total -m3 | Q1: SPA Total -m3 | R1: Garage Total -m3 | S1: Steam Total -m3 | T1: Meter #1 -m3 | U1: Meter #2-m3 | V1: Steam Boiler #1 -m3 | W1: Steam Boiler #2 -m3 | X1: Elec. Supply 1 - Kwh | Y1: Elec. Supply 2 - Kwh | Z1: Hotel Absolute Daily -KWh | AA1: Hotel Absolut napi fogyasztas-hutok -KWh | AB1: 18 GARAGE -KWh | AC1: GARAGE + PALACE SUMMA DAYLI - KWh | AD1: Chiller 1 -KWh | AE1: Chiller 2 -KWh | AF1: Room Nights | AG1: Total Guests
A2: Budapest | B2: 1 | C2: 2 | D2: 2020 | E2: =IF(('FS Budapest'!C5-'FS Budapest'!C4)<0,"0",('FS Budapest'!C5-'FS Budapest'!C4)) -> 0 | F2: =IF(('FS Budapest'!D5-'FS Budapest'!D4)<0,"0",('FS Budapest'!D5-'FS Budapest'!D4)) -> 66 | G2: =IF(('FS Budapest'!E5-'FS Budapest'!Y5)<0,"0",('FS Budapest'!E5-'FS Budapest'!Y5)) -> 44 | H2: =IF(('[1]FS Budapest'!H5-'[1]FS Budapest'!H4)<0,"0",('[1]FS Budapest'!H5-'[1]FS Budapest'!H4)) -> 86 | I2: =IF(('FS Budapest'!I5-'FS Budapest'!I4)<0,"0",('FS Budapest'!I5-'FS Budapest'!I4)) -> 39 | J2: =IF(('FS Budapest'!K5-'FS Budapest'!K4)<0,"0",('FS Budapest'!K5-'FS Budapest'!K4)) -> 3 | K2: =IF(('FS Budapest'!M5-'FS Budapest'!M4)<0,"0",('FS Budapest'!M5-'FS Budapest'!M4)) -> 6 | L2: =IF(('FS Budapest'!O5-'FS Budapest'!O4)<0,"0",('FS Budapest'!O5-'FS Budapest'!O4)) -> 6 | M2: =IF(('FS Budapest'!Q5-'FS Budapest'!Q4)<0,"0",('FS Budapest'!Q5-'FS Budapest'!Q4)) -> 8 | N2: =IF(('FS Budapest'!S5-'FS Budapest'!S4)<0,"0",('FS Budapest'!S5-'FS Budapest'!S4)) -> 0 | O2: =IF(('FS Budapest'!V5-'FS Budapest'!V4)<0,"0",('FS Budapest'!V5-'FS Budapest'!V4)) -> 0 | P2: =IF(('FS Budapest'!X5-'FS Budapest'!X4)<0,"0",('FS Budapest'!X5-'FS Budapest'!X4)) -> 22 | Q2: ='FS Budapest'!AB5 -> 2 | R2: ='FS Budapest'!AE5 -> 0 | S2: ='FS Budapest'!AF5 -> 6 | T2: =IF(('FS Budapest'!AK5-'FS Budapest'!AK4)<0,"0",('FS Budapest'!AK5-'FS Budapest'!AK4)) -> 1313 | U2: =IF(('FS Budapest'!AM5-'FS Budapest'!AM4)<0,"0",('FS Budapest'!AM5-'FS Budapest'!AM4)) -> 51 | V2: =IF(('FS Budapest'!AO5-'FS Budapest'!AO4)<0,"0",('FS Budapest'!AO5-'FS Budapest'!AO4)) -> 1019 | W2: =IF(('FS Budapest'!AQ5-'FS Budapest'!AQ4)<0,"0",('FS Budapest'!AQ5-'FS Budapest'!AQ4)) -> 0 | X2: ='FS Budapest'!AY5 -> 0 | Y2: =IF(('FS Budapest'!BA5-'FS Budapest'!BA4)<0,"0",('FS Budapest'!BA5-'FS Budapest'!BA4)*4400) -> 13552 | Z2: ='FS Budapest'!BI5 -> 13552 | AA2: ='FS Budapest'!BJ5 -> -1584 | AB2: =IF(('FS Budapest'!BK5-'FS Budapest'!BK4)<0,"0",('FS Budapest'!BK5-'FS Budapest'!BK4)*100) -> 638 | AC2: ='FS Budapest'!BM5 -> 14190 | AD2: =IF(('FS Budapest'!BP5-'FS Budapest'!BP4)<0,"0",('FS Budapest'!BP5-'FS Budapest'!BP4)) -> 50 | AE2: =IF(('FS Budapest'!BR5-'FS Budapest'!BR4)<0,"0",('FS Budapest'!BR5-'FS Budapest'!BR4)) -> 12 | AF2: ='FS Budapest'!BU5 -> 66 | AG2: ='FS Budapest'!BV5 -> 111
A3: Budapest | B3: =B2+1 -> 2 | C3: 2 | D3: 2020 | E3: =IF(('FS Budapest'!C6-'FS Budapest'!C5)<0,"0",('FS Budapest'!C6-'FS Budapest'!C5)) -> 0 | F3: =IF(('FS Budapest'!D6-'FS Budapest'!D5)<0,"0",('FS Budapest'!D6-'FS Budapest'!D5)) -> 54 | G3: =IF(('FS Budapest'!E6-'FS Budapest'!Y6)<0,"0",('FS Budapest'!E6-'FS Budapest'!Y6)) -> 38 | H3: =IF(('[1]FS Budapest'!H6-'[1]FS Budapest'!H5)<0,"0",('[1]FS Budapest'!H6-'[1]FS Budapest'!H5)) -> 86 | I3: =IF(('FS Budapest'!I6-'FS Budapest'!I5)<0,"0",('FS Budapest'!I6-'FS Budapest'!I5)) -> 19 | J3: =IF(('FS Budapest'!K6-'FS Budapest'!K5)<0,"0",('FS Budapest'!K6-'FS Budapest'!K5)) -> 6 | K3: =IF(('FS Budapest'!M6-'FS Budapest'!M5)<0,"0",('FS Budapest'!M6-'FS Budapest'!M5)) -> 6 | L3: =IF(('FS Budapest'!O6-'FS Budapest'!O5)<0,"0",('FS Budapest'!O6-'FS Budapest'!O5)) -> 6 | M3: =IF(('FS Budapest'!Q6-'FS Budapest'!Q5)<0,"0",('FS Budapest'!Q6-'FS Budapest'!Q5)) -> 13 | N3: =IF(('FS Budapest'!S6-'FS Budapest'!S5)<0,"0",('FS Budapest'!S6-'FS Budapest'!S5)) -> 2 | O3: =IF(('FS Budapest'!V6-'FS Budapest'!V5)<0,"0",('FS Budapest'!V6-'FS Budapest'!V5)) -> 0 | P3: =IF(('FS Budapest'!X6-'FS Budapest'!X5)<0,"0",('FS Budapest'!X6-'FS Budapest'!X5)) -> 16 | Q3: ='FS Budapest'!AB6 -> 2 | R3: ='FS Budapest'!AE6 -> 4 | S3: ='FS Budapest'!AF6 -> 23 | T3: =IF(('FS Budapest'!AK6-'FS Budapest'!AK5)<0,"0",('FS Budapest'!AK6-'FS Budapest'!AK5)) -> 1702 | U3: =IF(('FS Budapest'!AM6-'FS Budapest'!AM5)<0,"0",('FS Budapest'!AM6-'FS Budapest'!AM5)) -> 51 | V3: =IF(('FS Budapest'!AO6-'FS Budapest'!AO5)<0,"0",('FS Budapest'!AO6-'FS Budapest'!AO5)) -> 618 | W3: =IF(('FS Budapest'!AQ6-'FS Budapest'!AQ5)<0,"0",('FS Budapest'!AQ6-'FS Budapest'!AQ5)) -> 0 | X3: ='FS Budapest'!AY6 -> 0 | Y3: =IF(('FS Budapest'!BA6-'FS Budapest'!BA5)<0,"0",('FS Budapest'!BA6-'FS Budapest'!BA5)*4400) -> 14608 | Z3: ='FS Budapest'!BI6 -> 14608 | AA3: ='FS Budapest'!BJ6 -> 14588 | AB3: =IF(('FS Budapest'!BK6-'FS Budapest'!BK5)<0,"0",('FS Budapest'!BK6-'FS Budapest'!BK5)*100) -> 984 | AC3: ='FS Budapest'!BM6 -> 15592 | AD3: =IF(('FS Budapest'!BP6-'FS Budapest'!BP5)<0,"0",('FS Budapest'!BP6-'FS Budapest'!BP5)) -> 9 | AE3: =IF(('FS Budapest'!BR6-'FS Budapest'!BR5)<0,"0",('FS Budapest'!BR6-'FS Budapest'!BR5)) -> 11 | AF3: ='FS Budapest'!BU6 -> 59 | AG3: ='FS Budapest'!BV6 -> 81
A4: Budapest | B4: =B3+1 -> 3 | C4: 2 | D4: 2020 | E4: =IF(('FS Budapest'!C7-'FS Budapest'!C6)<0,"0",('FS Budapest'!C7-'FS Budapest'!C6)) -> 0 | F4: =IF(('FS Budapest'!D7-'FS Budapest'!D6)<0,"0",('FS Budapest'!D7-'FS Budapest'!D6)) -> 52 | G4: =IF(('FS Budapest'!E7-'FS Budapest'!Y7)<0,"0",('FS Budapest'!E7-'FS Budapest'!Y7)) -> 37 | H4: =IF(('[1]FS Budapest'!H7-'[1]FS Budapest'!H6)<0,"0",('[1]FS Budapest'!H7-'[1]FS Budapest'!H6)) -> 61 | I4: =IF(('FS Budapest'!I7-'FS Budapest'!I6)<0,"0",('FS Budapest'!I7-'FS Budapest'!I6)) -> 5 | J4: =IF(('FS Budapest'!K7-'FS Budapest'!K6)<0,"0",('FS Budapest'!K7-'FS Budapest'!K6)) -> 6 | K4: =IF(('FS Budapest'!M7-'FS Budapest'!M6)<0,"0",('FS Budapest'!M7-'FS Budapest'!M6)) -> 6 | L4: =IF(('FS Budapest'!O7-'FS Budapest'!O6)<0,"0",('FS Budapest'!O7-'FS Budapest'!O6)) -> 6 | M4: =IF(('FS Budapest'!Q7-'FS Budapest'!Q6)<0,"0",('FS Budapest'!Q7-'FS Budapest'!Q6)) -> 16 | N4: =IF(('FS Budapest'!S7-'FS Budapest'!S6)<0,"0",('FS Budapest'!S7-'FS Budapest'!S6)) -> 0 | O4: =IF(('FS Budapest'!V7-'FS Budapest'!V6)<0,"0",('FS Budapest'!V7-'FS Budapest'!V6)) -> 0 | P4: =IF(('FS Budapest'!X7-'FS Budapest'!X6)<0,"0",('FS Budapest'!X7-'FS Budapest'!X6)) -> 15 | Q4: ='FS Budapest'!AB7 -> 2 | R4: ='FS Budapest'!AE7 -> 2 | S4: ='FS Budapest'!AF7 -> 23 | T4: =IF(('FS Budapest'!AK7-'FS Budapest'!AK6)<0,"0",('FS Budapest'!AK7-'FS Budapest'!AK6)) -> 2171 | U4: =IF(('FS Budapest'!AM7-'FS Budapest'!AM6)<0,"0",('FS Budapest'!AM7-'FS Budapest'!AM6)) -> 36 | V4: =IF(('FS Budapest'!AO7-'FS Budapest'!AO6)<0,"0",('FS Budapest'!AO7-'FS Budapest'!AO6)) -> 626 | W4: =IF(('FS Budapest'!AQ7-'FS Budapest'!AQ6)<0,"0",('FS Budapest'!AQ7-'FS Budapest'!AQ6)) -> 0 | X4: ='FS Budapest'!AY7 -> 0 | Y4: =IF(('FS Budapest'!BA7-'FS Budapest'!BA6)<0,"0",('FS Budapest'!BA7-'FS Budapest'!BA6)*4400) -> 14168 | Z4: ='FS Budapest'!BI7 -> 14168 | AA4: ='FS Budapest'!BJ7 -> 14138 | AB4: =IF(('FS Budapest'!BK7-'FS Budapest'!BK6)<0,"0",('FS Budapest'!BK7-'FS Budapest'!BK6)*100) -> 1080 | AC4: ='FS Budapest'!BM7 -> 15248 | AD4: =IF(('FS Budapest'!BP7-'FS Budapest'!BP6)<0,"0",('FS Budapest'!BP7-'FS Budapest'!BP6)) -> 20 | AE4: =IF(('FS Budapest'!BR7-'FS Budapest'!BR6)<0,"0",('FS Budapest'!BR7-'FS Budapest'!BR6)) -> 10 | AF4: ='FS Budapest'!BU7 -> 66 | AG4: ='FS Budapest'!BV7 -> 80
A5: Budapest | B5: =B4+1 -> 4 | C5: 2 | D5: 2020 | E5: =IF(('FS Budapest'!C8-'FS Budapest'!C7)<0,"0",('FS Budapest'!C8-'FS Budapest'!C7)) -> 0 | F5: =IF(('FS Budapest'!D8-'FS Budapest'!D7)<0,"0",('FS Budapest'!D8-'FS Budapest'!D7)) -> 56 | G5: =IF(('FS Budapest'!E8-'FS Budapest'!Y8)<0,"0",('FS Budapest'!E8-'FS Budapest'!Y8)) -> 41 | H5: =IF(('[1]FS Budapest'!H8-'[1]FS Budapest'!H7)<0,"0",('[1]FS Budapest'!H8-'[1]FS Budapest'!H7)) -> 64 | I5: =IF(('FS Budapest'!I8-'FS Budapest'!I7)<0,"0",('FS Budapest'!I8-'FS Budapest'!I7)) -> 25 | J5: =IF(('FS Budapest'!K8-'FS Budapest'!K7)<0,"0",('FS Budapest'!K8-'FS Budapest'!K7)) -> 11 | K5: =IF(('FS Budapest'!M8-'FS Budapest'!M7)<0,"0",('FS Budapest'!M8-'FS Budapest'!M7)) -> 12 | L5: =IF(('FS Budapest'!O8-'FS Budapest'!O7)<0,"0",('FS Budapest'!O8-'FS Budapest'!O7)) -> 4 | M5: =IF(('FS Budapest'!Q8-'FS Budapest'!Q7)<0,"0",('FS Budapest'!Q8-'FS Budapest'!Q7)) -> 3 | N5: =IF(('FS Budapest'!S8-'FS Budapest'!S7)<0,"0",('FS Budapest'!S8-'FS Budapest'!S7)) -> 0 | O5: =IF(('FS Budapest'!V8-'FS Budapest'!V7)<0,"0",('FS Budapest'!V8-'FS Budapest'!V7)) -> 4 | P5: =IF(('FS Budapest'!X8-'FS Budapest'!X7)<0,"0",('FS Budapest'!X8-'FS Budapest'!X7)) -> 15 | Q5: ='FS Budapest'!AB8 -> 2 | R5: ='FS Budapest'!AE8 -> 2 | S5: ='FS Budapest'!AF8 -> 13 | T5: =IF(('FS Budapest'!AK8-'FS Budapest'!AK7)<0,"0",('FS Budapest'!AK8-'FS Budapest'!AK7)) -> 2467 | U5: =IF(('FS Budapest'!AM8-'FS Budapest'!AM7)<0,"0",('FS Budapest'!AM8-'FS Budapest'!AM7)) -> 26 | V5: =IF(('FS Budapest'!AO8-'FS Budapest'!AO7)<0,"0",('FS Budapest'!AO8-'FS Budapest'!AO7)) -> 483 | W5: =IF(('FS Budapest'!AQ8-'FS Budapest'!AQ7)<0,"0",('FS Budapest'!AQ8-'FS Budapest'!AQ7)) -> 86 | X5: ='FS Budapest'!AY8 -> 0 | Y5: =IF(('FS Budapest'!BA8-'FS Budapest'!BA7)<0,"0",('FS Budapest'!BA8-'FS Budapest'!BA7)*4400) -> 16104 | Z5: ='FS Budapest'!BI8 -> 16104 | AA5: ='FS Budapest'!BJ8 -> 16073 | AB5: =IF(('FS Budapest'!BK8-'FS Budapest'!BK7)<0,"0",('FS Budapest'!BK8-'FS Budapest'!BK7)*100) -> 1010 | AC5: ='FS Budapest'!BM8 -> 17114 | AD5: =IF(('FS Budapest'!BP8-'FS Budapest'!BP7)<0,"0",('FS Budapest'!BP8-'FS Budapest'!BP7)) -> 20 | AE5: =IF(('FS Budapest'!BR8-'FS Budapest'!BR7)<0,"0",('FS Budapest'!BR8-'FS Budapest'!BR7)) -> 11 | AF5: ='FS Budapest'!BU8 -> 89 | AG5: ='FS Budapest'!BV8 -> 108
A6: Budapest | B6: =B5+1 -> 5 | C6: 2 | D6: 2020 | E6: =IF(('FS Budapest'!C9-'FS Budapest'!C8)<0,"0",('FS Budapest'!C9-'FS Budapest'!C8)) -> 0 | F6: =IF(('FS Budapest'!D9-'FS Budapest'!D8)<0,"0",('FS Budapest'!D9-'FS Budapest'!D8)) -> 48 | G6: =IF(('FS Budapest'!E9-'FS Budapest'!Y9)<0,"0",('FS Budapest'!E9-'FS Budapest'!Y9)) -> 39 | H6: =IF(('[1]FS Budapest'!H9-'[1]FS Budapest'!H8)<0,"0",('[1]FS Budapest'!H9-'[1]FS Budapest'!H8)) -> 71 | I6: =IF(('FS Budapest'!I9-'FS Budapest'!I8)<0,"0",('FS Budapest'!I9-'FS Budapest'!I8)) -> 19 | J6: =IF(('FS Budapest'!K9-'FS Budapest'!K8)<0,"0",('FS Budapest'!K9-'FS Budapest'!K8)) -> 5 | K6: =IF(('FS Budapest'!M9-'FS Budapest'!M8)<0,"0",('FS Budapest'!M9-'FS Budapest'!M8)) -> 6 | L6: =IF(('FS Budapest'!O9-'FS Budapest'!O8)<0,"0",('FS Budapest'!O9-'FS Budapest'!O8)) -> 5 | M6: =IF(('FS Budapest'!Q9-'FS Budapest'!Q8)<0,"0",('FS Budapest'!Q9-'FS Budapest'!Q8)) -> 1 | N6: =IF(('FS Budapest'!S9-'FS Budapest'!S8)<0,"0",('FS Budapest'!S9-'FS Budapest'!S8)) -> 1 | O6: =IF(('FS Budapest'!V9-'FS Budapest'!V8)<0,"0",('FS Budapest'!V9-'FS Budapest'!V8)) -> 3 | P6: =IF(('FS Budapest'!X9-'FS Budapest'!X8)<0,"0",('FS Budapest'!X9-'FS Budapest'!X8)) -> 9 | Q6: ='FS Budapest'!AB9 -> 1 | R6: ='FS Budapest'!AE9 -> 3 | S6: ='FS Budapest'!AF9 -> 5 | T6: =IF(('FS Budapest'!AK9-'FS Budapest'!AK8)<0,"0",('FS Budapest'!AK9-'FS Budapest'!AK8)) -> 2687 | U6: =IF(('FS Budapest'!AM9-'FS Budapest'!AM8)<0,"0",('FS Budapest'!AM9-'FS Budapest'!AM8)) -> 30 | V6: =IF(('FS Budapest'!AO9-'FS Budapest'!AO8)<0,"0",('FS Budapest'!AO9-'FS Budapest'!AO8)) -> 0 | W6: =IF(('FS Budapest'!AQ9-'FS Budapest'!AQ8)<0,"0",('FS Budapest'!AQ9-'FS Budapest'!AQ8)) -> 510 | X6: ='FS Budapest'!AY9 -> 0 | Y6: =IF(('FS Budapest'!BA9-'FS Budapest'!BA8)<0,"0",('FS Budapest'!BA9-'FS Budapest'!BA8)*4400) -> 14696 | Z6: ='FS Budapest'!BI9 -> 14696 | AA6: ='FS Budapest'!BJ9 -> 14664 | AB6: =IF(('FS Budapest'!BK9-'FS Budapest'!BK8)<0,"0",('FS Budapest'!BK9-'FS Budapest'!BK8)*100) -> 1853 | AC6: ='FS Budapest'!BM9 -> 16549 | AD6: =IF(('FS Budapest'!BP9-'FS Budapest'!BP8)<0,"0",('FS Budapest'!BP9-'FS Budapest'!BP8)) -> 20 | AE6: =IF(('FS Budapest'!BR9-'FS Budapest'!BR8)<0,"0",('FS Budapest'!BR9-'FS Budapest'!BR8)) -> 12 | AF6: ='FS Budapest'!BU9 -> 83 | AG6: ='FS Budapest'!BV9 -> 102
A7: Budapest | B7: =B6+1 -> 6 | C7: 2 | D7: 2020 | E7: =IF(('FS Budapest'!C10-'FS Budapest'!C9)<0,"0",('FS Budapest'!C10-'FS Budapest'!C9)) -> 0 | F7: =IF(('FS Budapest'!D10-'FS Budapest'!D9)<0,"0",('FS Budapest'!D10-'FS Budapest'!D9)) -> 46 | G7: =IF(('FS Budapest'!E10-'FS Budapest'!Y10)<0,"0",('FS Budapest'!E10-'FS Budapest'!Y10)) -> 35 | H7: =IF(('[1]FS Budapest'!H10-'[1]FS Budapest'!H9)<0,"0",('[1]FS Budapest'!H10-'[1]FS Budapest'!H9)) -> 57 | I7: =IF(('FS Budapest'!I10-'FS Budapest'!I9)<0,"0",('FS Budapest'!I10-'FS Budapest'!I9)) -> 19 | J7: =IF(('FS Budapest'!K10-'FS Budapest'!K9)<0,"0",('FS Budapest'!K10-'FS Budapest'!K9)) -> 5 | K7: =IF(('FS Budapest'!M10-'FS Budapest'!M9)<0,"0",('FS Budapest'!M10-'FS Budapest'!M9)) -> 6 | L7: =IF(('FS Budapest'!O10-'FS Budapest'!O9)<0,"0",('FS Budapest'!O10-'FS Budapest'!O9)) -> 5 | M7: =IF(('FS Budapest'!Q10-'FS Budapest'!Q9)<0,"0",('FS Budapest'!Q10-'FS Budapest'!Q9)) -> 1 | N7: =IF(('FS Budapest'!S10-'FS Budapest'!S9)<0,"0",('FS Budapest'!S10-'FS Budapest'!S9)) -> 0 | O7: =IF(('FS Budapest'!V10-'FS Budapest'!V9)<0,"0",('FS Budapest'!V10-'FS Budapest'!V9)) -> 6 | P7: =IF(('FS Budapest'!X10-'FS Budapest'!X9)<0,"0",('FS Budapest'!X10-'FS Budapest'!X9)) -> 11 | Q7: ='FS Budapest'!AB10 -> 1 | R7: ='FS Budapest'!AE10 -> 2 | S7: ='FS Budapest'!AF10 -> 7 | T7: =IF(('FS Budapest'!AK10-'FS Budapest'!AK9)<0,"0",('FS Budapest'!AK10-'FS Budapest'!AK9)) -> 2660 | U7: =IF(('FS Budapest'!AM10-'FS Budapest'!AM9)<0,"0",('FS Budapest'!AM10-'FS Budapest'!AM9)) -> 37 | V7: =IF(('FS Budapest'!AO10-'FS Budapest'!AO9)<0,"0",('FS Budapest'!AO10-'FS Budapest'!AO9)) -> 0 | W7: =IF(('FS Budapest'!AQ10-'FS Budapest'!AQ9)<0,"0",('FS Budapest'!AQ10-'FS Budapest'!AQ9)) -> 468 | X7: ='FS Budapest'!AY10 -> 0 | Y7: =IF(('FS Budapest'!BA10-'FS Budapest'!BA9)<0,"0",('FS Budapest'!BA10-'FS Budapest'!BA9)*4400) -> 14036 | Z7: ='FS Budapest'!BI10 -> 14036 | AA7: ='FS Budapest'!BJ10 -> 14004 | AB7: =IF(('FS Budapest'!BK10-'FS Budapest'!BK9)<0,"0",('FS Budapest'!BK10-'FS Budapest'!BK9)*100) -> 1463 | AC7: ='FS Budapest'!BM10 -> 15499 | AD7: =IF(('FS Budapest'!BP10-'FS Budapest'!BP9)<0,"0",('FS Budapest'!BP10-'FS Budapest'!BP9)) -> 20 | AE7: =IF(('FS Budapest'!BR10-'FS Budapest'!BR9)<0,"0",('FS Budapest'!BR10-'FS Budapest'!BR9)) -> 12 | AF7: ='FS Budapest'!BU10 -> 74 | AG7: ='FS Budapest'!BV10 -> 93
A8: Budapest | B8: =B7+1 -> 7 | C8: 2 | D8: 2020 | E8: =IF(('FS Budapest'!C11-'FS Budapest'!C10)<0,"0",('FS Budapest'!C11-'FS Budapest'!C10)) -> 0 | F8: =IF(('FS Budapest'!D11-'FS Budapest'!D10)<0,"0",('FS Budapest'!D11-'FS Budapest'!D10)) -> 50 | G8: =IF(('FS Budapest'!E11-'FS Budapest'!Y11)<0,"0",('FS Budapest'!E11-'FS Budapest'!Y11)) -> 40 | H8: =IF(('[1]FS Budapest'!H11-'[1]FS Budapest'!H10)<0,"0",('[1]FS Budapest'!H11-'[1]FS Budapest'!H10)) -> 62 | I8: =IF(('FS Budapest'!I11-'FS Budapest'!I10)<0,"0",('FS Budapest'!I11-'FS Budapest'!I10)) -> 3 | J8: =IF(('FS Budapest'!K11-'FS Budapest'!K10)<0,"0",('FS Budapest'!K11-'FS Budapest'!K10)) -> 6 | K8: =IF(('FS Budapest'!M11-'FS Budapest'!M10)<0,"0",('FS Budapest'!M11-'FS Budapest'!M10)) -> 6 | L8: =IF(('FS Budapest'!O11-'FS Budapest'!O10)<0,"0",('FS Budapest'!O11-'FS Budapest'!O10)) -> 6 | M8: =IF(('FS Budapest'!Q11-'FS Budapest'!Q10)<0,"0",('FS Budapest'!Q11-'FS Budapest'!Q10)) -> 0 | N8: =IF(('FS Budapest'!S11-'FS Budapest'!S10)<0,"0",('FS Budapest'!S11-'FS Budapest'!S10)) -> 0 | O8: =IF(('FS Budapest'!V11-'FS Budapest'!V10)<0,"0",('FS Budapest'!V11-'FS Budapest'!V10)) -> 0 | P8: =IF(('FS Budapest'!X11-'FS Budapest'!X10)<0,"0",('FS Budapest'!X11-'FS Budapest'!X10)) -> 10 | Q8: ='FS Budapest'!AB11 -> 2 | R8: ='FS Budapest'!AE11 -> 5 | S8: ='FS Budapest'!AF11 -> 0 | T8: =IF(('FS Budapest'!AK11-'FS Budapest'!AK10)<0,"0",('FS Budapest'!AK11-'FS Budapest'!AK10)) -> 2253 | U8: =IF(('FS Budapest'!AM11-'FS Budapest'!AM10)<0,"0",('FS Budapest'!AM11-'FS Budapest'!AM10)) -> 41 | V8: =IF(('FS Budapest'!AO11-'FS Budapest'!AO10)<0,"0",('FS Budapest'!AO11-'FS Budapest'!AO10)) -> 0 | W8: =IF(('FS Budapest'!AQ11-'FS Budapest'!AQ10)<0,"0",('FS Budapest'!AQ11-'FS Budapest'!AQ10)) -> 78 | X8: ='FS Budapest'!AY11 -> 0 | Y8: =IF(('FS Budapest'!BA11-'FS Budapest'!BA10)<0,"0",('FS Budapest'!BA11-'FS Budapest'!BA10)*4400) -> 15312 | Z8: ='FS Budapest'!BI11 -> 15312 | AA8: ='FS Budapest'!BJ11 -> 15280 | AB8: =IF(('FS Budapest'!BK11-'FS Budapest'!BK10)<0,"0",('FS Budapest'!BK11-'FS Budapest'!BK10)*100) -> 1382 | AC8: ='FS Budapest'!BM11 -> 16694 | AD8: =IF(('FS Budapest'!BP11-'FS Budapest'!BP10)<0,"0",('FS Budapest'!BP11-'FS Budapest'!BP10)) -> 20 | AE8: =IF(('FS Budapest'!BR11-'FS Budapest'!BR10)<0,"0",('FS Budapest'!BR11-'FS Budapest'!BR10)) -> 12 | AF8: ='FS Budapest'!BU11 -> 67 | AG8: ='FS Budapest'!BV11 -> 100
A9: Budapest | B9: =B8+1 -> 8 | C9: 2 | D9: 2020 | E9: =IF(('FS Budapest'!C12-'FS Budapest'!C11)<0,"0",('FS Budapest'!C12-'FS Budapest'!C11)) -> 0 | F9: =IF(('FS Budapest'!D12-'FS Budapest'!D11)<0,"0",('FS Budapest'!D12-'FS Budapest'!D11)) -> 46 | G9: =IF(('FS Budapest'!E12-'FS Budapest'!Y12)<0,"0",('FS Budapest'!E12-'FS Budapest'!Y12)) -> 41 | H9: =IF(('[1]FS Budapest'!H12-'[1]FS Budapest'!H11)<0,"0",('[1]FS Budapest'!H12-'[1]FS Budapest'!H11)) -> 46 | I9: =IF(('FS Budapest'!I12-'FS Budapest'!I11)<0,"0",('FS Budapest'!I12-'FS Budapest'!I11)) -> 25 | J9: =IF(('FS Budapest'!K12-'FS Budapest'!K11)<0,"0",('FS Budapest'!K12-'FS Budapest'!K11)) -> 5 | K9: =IF(('FS Budapest'!M12-'FS Budapest'!M11)<0,"0",('FS Budapest'!M12-'FS Budapest'!M11)) -> 7 | L9: =IF(('FS Budapest'!O12-'FS Budapest'!O11)<0,"0",('FS Budapest'!O12-'FS Budapest'!O11)) -> 7 | M9: =IF(('FS Budapest'!Q12-'FS Budapest'!Q11)<0,"0",('FS Budapest'!Q12-'FS Budapest'!Q11)) -> 6 | N9: =IF(('FS Budapest'!S12-'FS Budapest'!S11)<0,"0",('FS Budapest'!S12-'FS Budapest'!S11)) -> 0 | O9: =IF(('FS Budapest'!V12-'FS Budapest'!V11)<0,"0",('FS Budapest'!V12-'FS Budapest'!V11)) -> 0 | P9: =IF(('FS Budapest'!X12-'FS Budapest'!X11)<0,"0",('FS Budapest'!X12-'FS Budapest'!X11)) -> 5 | Q9: ='FS Budapest'!AB12 -> 3 | R9: ='FS Budapest'!AE12 -> 3 | S9: ='FS Budapest'!AF12 -> 6 | T9: =IF(('FS Budapest'!AK12-'FS Budapest'!AK11)<0,"0",('FS Budapest'!AK12-'FS Budapest'!AK11)) -> 2949 | U9: =IF(('FS Budapest'!AM12-'FS Budapest'!AM11)<0,"0",('FS Budapest'!AM12-'FS Budapest'!AM11)) -> 55 | V9: =IF(('FS Budapest'!AO12-'FS Budapest'!AO11)<0,"0",('FS Budapest'!AO12-'FS Budapest'!AO11)) -> 0 | W9: =IF(('FS Budapest'!AQ12-'FS Budapest'!AQ11)<0,"0",('FS Budapest'!AQ12-'FS Budapest'!AQ11)) -> 495 | X9: ='FS Budapest'!AY12 -> 0 | Y9: =IF(('FS Budapest'!BA12-'FS Budapest'!BA11)<0,"0",('FS Budapest'!BA12-'FS Budapest'!BA11)*4400) -> 13772 | Z9: ='FS Budapest'!BI12 -> 13772 | AA9: ='FS Budapest'!BJ12 -> 13740 | AB9: =IF(('FS Budapest'!BK12-'FS Budapest'!BK11)<0,"0",('FS Budapest'!BK12-'FS Budapest'!BK11)*100) -> 1292 | AC9: ='FS Budapest'!BM12 -> 15064 | AD9: =IF(('FS Budapest'!BP12-'FS Budapest'!BP11)<0,"0",('FS Budapest'!BP12-'FS Budapest'!BP11)) -> 20 | AE9: =IF(('FS Budapest'!BR12-'FS Budapest'!BR11)<0,"0",('FS Budapest'!BR12-'FS Budapest'!BR11)) -> 12 | AF9: ='FS Budapest'!BU12 -> 59 | AG9: ='FS Budapest'!BV12 -> 93
A10: Budapest | B10: =B9+1 -> 9 | C10: 2 | D10: 2020 | E10: =IF(('FS Budapest'!C13-'FS Budapest'!C12)<0,"0",('FS Budapest'!C13-'FS Budapest'!C12)) -> 0 | F10: =IF(('FS Budapest'!D13-'FS Budapest'!D12)<0,"0",('FS Budapest'!D13-'FS Budapest'!D12)) -> 51 | G10: =IF(('FS Budapest'!E13-'FS Budapest'!Y13)<0,"0",('FS Budapest'!E13-'FS Budapest'!Y13)) -> 36 | H10: =IF(('[1]FS Budapest'!H13-'[1]FS Budapest'!H12)<0,"0",('[1]FS Budapest'!H13-'[1]FS Budapest'!H12)) -> 58 | I10: =IF(('FS Budapest'!I13-'FS Budapest'!I12)<0,"0",('FS Budapest'!I13-'FS Budapest'!I12)) -> 18 | J10: =IF(('FS Budapest'!K13-'FS Budapest'!K12)<0,"0",('FS Budapest'!K13-'FS Budapest'!K12)) -> 5 | K10: =IF(('FS Budapest'!M13-'FS Budapest'!M12)<0,"0",('FS Budapest'!M13-'FS Budapest'!M12)) -> 6 | L10: =IF(('FS Budapest'!O13-'FS Budapest'!O12)<0,"0",('FS Budapest'!O13-'FS Budapest'!O12)) -> 5 | M10: =IF(('FS Budapest'!Q13-'FS Budapest'!Q12)<0,"0",('FS Budapest'!Q13-'FS Budapest'!Q12)) -> 4 | N10: =IF(('FS Budapest'!S13-'FS Budapest'!S12)<0,"0",('FS Budapest'!S13-'FS Budapest'!S12)) -> 1 | O10: =IF(('FS Budapest'!V13-'FS Budapest'!V12)<0,"0",('FS Budapest'!V13-'FS Budapest'!V12)) -> 14 | P10: =IF(('FS Budapest'!X13-'FS Budapest'!X12)<0,"0",('FS Budapest'!X13-'FS Budapest'!X12)) -> 15 | Q10: ='FS Budapest'!AB13 -> 2 | R10: ='FS Budapest'!AE13 -> 2 | S10: ='FS Budapest'!AF13 -> 19 | T10: =IF(('FS Budapest'!AK13-'FS Budapest'!AK12)<0,"0",('FS Budapest'!AK13-'FS Budapest'!AK12)) -> 2569 | U10: =IF(('FS Budapest'!AM13-'FS Budapest'!AM12)<0,"0",('FS Budapest'!AM13-'FS Budapest'!AM12)) -> 41 | V10: =IF(('FS Budapest'!AO13-'FS Budapest'!AO12)<0,"0",('FS Budapest'!AO13-'FS Budapest'!AO12)) -> 597 | W10: =IF(('FS Budapest'!AQ13-'FS Budapest'!AQ12)<0,"0",('FS Budapest'!AQ13-'FS Budapest'!AQ12)) -> 4 | X10: ='FS Budapest'!AY13 -> 0 | Y10: =IF(('FS Budapest'!BA13-'FS Budapest'!BA12)<0,"0",('FS Budapest'!BA13-'FS Budapest'!BA12)*4400) -> 14652 | Z10: ='FS Budapest'!BI13 -> 14652 | AA10: ='FS Budapest'!BJ13 -> 14620 | AB10: =IF(('FS Budapest'!BK13-'FS Budapest'!BK12)<0,"0",('FS Budapest'!BK13-'FS Budapest'!BK12)*100) -> 1320 | AC10: ='FS Budapest'!BM13 -> 15972 | AD10: =IF(('FS Budapest'!BP13-'FS Budapest'!BP12)<0,"0",('FS Budapest'!BP13-'FS Budapest'!BP12)) -> 20 | AE10: =IF(('FS Budapest'!BR13-'FS Budapest'!BR12)<0,"0",('FS Budapest'!BR13-'FS Budapest'!BR12)) -> 12 | AF10: ='FS Budapest'!BU13 -> 46 | AG10: ='FS Budapest'!BV13 -> 66
A11: Budapest | B11: =B10+1 -> 10 | C11: 2 | D11: 2020 | E11: =IF(('FS Budapest'!C14-'FS Budapest'!C13)<0,"0",('FS Budapest'!C14-'FS Budapest'!C13)) -> 0 | F11: =IF(('FS Budapest'!D14-'FS Budapest'!D13)<0,"0",('FS Budapest'!D14-'FS Budapest'!D13)) -> 49 | G11: =IF(('FS Budapest'!E14-'FS Budapest'!Y14)<0,"0",('FS Budapest'!E14-'FS Budapest'!Y14)) -> 32 | H11: =IF(('[1]FS Budapest'!H14-'[1]FS Budapest'!H13)<0,"0",('[1]FS Budapest'!H14-'[1]FS Budapest'!H13)) -> 56 | I11: =IF(('FS Budapest'!I14-'FS Budapest'!I13)<0,"0",('FS Budapest'!I14-'FS Budapest'!I13)) -> 20 | J11: =IF(('FS Budapest'!K14-'FS Budapest'!K13)<0,"0",('FS Budapest'!K14-'FS Budapest'!K13)) -> 9 | K11: =IF(('FS Budapest'!M14-'FS Budapest'!M13)<0,"0",('FS Budapest'!M14-'FS Budapest'!M13)) -> 8 | L11: =IF(('FS Budapest'!O14-'FS Budapest'!O13)<0,"0",('FS Budapest'!O14-'FS Budapest'!O13)) -> 5 | M11: =IF(('FS Budapest'!Q14-'FS Budapest'!Q13)<0,"0",('FS Budapest'!Q14-'FS Budapest'!Q13)) -> 4 | N11: =IF(('FS Budapest'!S14-'FS Budapest'!S13)<0,"0",('FS Budapest'!S14-'FS Budapest'!S13)) -> 1 | O11: =IF(('FS Budapest'!V14-'FS Budapest'!V13)<0,"0",('FS Budapest'!V14-'FS Budapest'!V13)) -> 7 | P11: =IF(('FS Budapest'!X14-'FS Budapest'!X13)<0,"0",('FS Budapest'!X14-'FS Budapest'!X13)) -> 17 | Q11: ='FS Budapest'!AB14 -> 0 | R11: ='FS Budapest'!AE14 -> 3 | S11: ='FS Budapest'!AF14 -> 12 | T11: =IF(('FS Budapest'!AK14-'FS Budapest'!AK13)<0,"0",('FS Budapest'!AK14-'FS Budapest'!AK13)) -> 1962 | U11: =IF(('FS Budapest'!AM14-'FS Budapest'!AM13)<0,"0",('FS Budapest'!AM14-'FS Budapest'!AM13)) -> 37 | V11: =IF(('FS Budapest'!AO14-'FS Budapest'!AO13)<0,"0",('FS Budapest'!AO14-'FS Budapest'!AO13)) -> 573 | W11: =IF(('FS Budapest'!AQ14-'FS Budapest'!AQ13)<0,"0",('FS Budapest'!AQ14-'FS Budapest'!AQ13)) -> 0 | X11: ='FS Budapest'!AY14 -> 0 | Y11: =IF(('FS Budapest'!BA14-'FS Budapest'!BA13)<0,"0",('FS Budapest'!BA14-'FS Budapest'!BA13)*4400) -> 15180 | Z11: ='FS Budapest'!BI14 -> 15180 | AA11: ='FS Budapest'!BJ14 -> 15148 | AB11: =IF(('FS Budapest'!BK14-'FS Budapest'!BK13)<0,"0",('FS Budapest'!BK14-'FS Budapest'!BK13)*100) -> 1045 | AC11: ='FS Budapest'!BM14 -> 16225 | AD11: =IF(('FS Budapest'!BP14-'FS Budapest'!BP13)<0,"0",('FS Budapest'!BP14-'FS Budapest'!BP13)) -> 20 | AE11: =IF(('FS Budapest'!BR14-'FS Budapest'!BR13)<0,"0",('FS Budapest'!BR14-'FS Budapest'!BR13)) -> 12 | AF11: ='FS Budapest'!BU14 -> 68 | AG11: ='FS Budapest'!BV14 -> 89
A12: Budapest | B12: =B11+1 -> 11 | C12: 2 | D12: 2020 | E12: =IF(('FS Budapest'!C15-'FS Budapest'!C14)<0,"0",('FS Budapest'!C15-'FS Budapest'!C14)) -> 29 | F12: =IF(('FS Budapest'!D15-'FS Budapest'!D14)<0,"0",('FS Budapest'!D15-'FS Budapest'!D14)) -> 50 | G12: =IF(('FS Budapest'!E15-'FS Budapest'!Y15)<0,"0",('FS Budapest'!E15-'FS Budapest'!Y15)) -> 37 | H12: =IF(('[1]FS Budapest'!H15-'[1]FS Budapest'!H14)<0,"0",('[1]FS Budapest'!H15-'[1]FS Budapest'!H14)) -> 54 | I12: =IF(('FS Budapest'!I15-'FS Budapest'!I14)<0,"0",('FS Budapest'!I15-'FS Budapest'!I14)) -> 18 | J12: =IF(('FS Budapest'!K15-'FS Budapest'!K14)<0,"0",('FS Budapest'!K15-'FS Budapest'!K14)) -> 5 | K12: =IF(('FS Budapest'!M15-'FS Budapest'!M14)<0,"0",('FS Budapest'!M15-'FS Budapest'!M14)) -> 7 | L12: =IF(('FS Budapest'!O15-'FS Budapest'!O14)<0,"0",('FS Budapest'!O15-'FS Budapest'!O14)) -> 5 | M12: =IF(('FS Budapest'!Q15-'FS Budapest'!Q14)<0,"0",('FS Budapest'!Q15-'FS Budapest'!Q14)) -> 2 | N12: =IF(('FS Budapest'!S15-'FS Budapest'!S14)<0,"0",('FS Budapest'!S15-'FS Budapest'!S14)) -> 1 | O12: =IF(('FS Budapest'!V15-'FS Budapest'!V14)<0,"0",('FS Budapest'!V15-'FS Budapest'!V14)) -> 7 | P12: =IF(('FS Budapest'!X15-'FS Budapest'!X14)<0,"0",('FS Budapest'!X15-'FS Budapest'!X14)) -> 13 | Q12: ='FS Budapest'!AB15 -> 2 | R12: ='FS Budapest'!AE15 -> 3 | S12: ='FS Budapest'!AF15 -> 10 | T12: =IF(('FS Budapest'!AK15-'FS Budapest'!AK14)<0,"0",('FS Budapest'!AK15-'FS Budapest'!AK14)) -> 2304 | U12: =IF(('FS Budapest'!AM15-'FS Budapest'!AM14)<0,"0",('FS Budapest'!AM15-'FS Budapest'!AM14)) -> 37 | V12: =IF(('FS Budapest'!AO15-'FS Budapest'!AO14)<0,"0",('FS Budapest'!AO15-'FS Budapest'!AO14)) -> 499 | W12: =IF(('FS Budapest'!AQ15-'FS Budapest'!AQ14)<0,"0",('FS Budapest'!AQ15-'FS Budapest'!AQ14)) -> 0 | X12: ='FS Budapest'!AY15 -> 0 | Y12: =IF(('FS Budapest'!BA15-'FS Budapest'!BA14)<0,"0",('FS Budapest'!BA15-'FS Budapest'!BA14)*4400) -> 14520 | Z12: ='FS Budapest'!BI15 -> 14520 | AA12: ='FS Budapest'!BJ15 -> 14488 | AB12: =IF(('FS Budapest'!BK15-'FS Budapest'!BK14)<0,"0",('FS Budapest'!BK15-'FS Budapest'!BK14)*100) -> 901 | AC12: ='FS Budapest'!BM15 -> 15421 | AD12: =IF(('FS Budapest'!BP15-'FS Budapest'!BP14)<0,"0",('FS Budapest'!BP15-'FS Budapest'!BP14)) -> 20 | AE12: =IF(('FS Budapest'!BR15-'FS Budapest'!BR14)<0,"0",('FS Budapest'!BR15-'FS Budapest'!BR14)) -> 12 | AF12: ='FS Budapest'!BU15 -> 76 | AG12: ='FS Budapest'!BV15 -> 100
A13: Budapest | B13: =B12+1 -> 12 | C13: 2 | D13: 2020 | E13: =IF(('FS Budapest'!C16-'FS Budapest'!C15)<0,"0",('FS Budapest'!C16-'FS Budapest'!C15)) -> 69 | F13: =IF(('FS Budapest'!D16-'FS Budapest'!D15)<0,"0",('FS Budapest'!D16-'FS Budapest'!D15)) -> 58 | G13: =IF(('FS Budapest'!E16-'FS Budapest'!Y16)<0,"0",('FS Budapest'!E16-'FS Budapest'!Y16)) -> 47 | H13: =IF(('[1]FS Budapest'!H16-'[1]FS Budapest'!H15)<0,"0",('[1]FS Budapest'!H16-'[1]FS Budapest'!H15)) -> 47 | I13: =IF(('FS Budapest'!I16-'FS Budapest'!I15)<0,"0",('FS Budapest'!I16-'FS Budapest'!I15)) -> 18 | J13: =IF(('FS Budapest'!K16-'FS Budapest'!K15)<0,"0",('FS Budapest'!K16-'FS Budapest'!K15)) -> 1 | K13: =IF(('FS Budapest'!M16-'FS Budapest'!M15)<0,"0",('FS Budapest'!M16-'FS Budapest'!M15)) -> 8 | L13: =IF(('FS Budapest'!O16-'FS Budapest'!O15)<0,"0",('FS Budapest'!O16-'FS Budapest'!O15)) -> 8 | M13: =IF(('FS Budapest'!Q16-'FS Budapest'!Q15)<0,"0",('FS Budapest'!Q16-'FS Budapest'!Q15)) -> 1 | N13: =IF(('FS Budapest'!S16-'FS Budapest'!S15)<0,"0",('FS Budapest'!S16-'FS Budapest'!S15)) -> 1 | O13: =IF(('FS Budapest'!V16-'FS Budapest'!V15)<0,"0",('FS Budapest'!V16-'FS Budapest'!V15)) -> 6 | P13: =IF(('FS Budapest'!X16-'FS Budapest'!X15)<0,"0",('FS Budapest'!X16-'FS Budapest'!X15)) -> 11 | Q13: ='FS Budapest'!AB16 -> 1 | R13: ='FS Budapest'!AE16 -> 2 | S13: ='FS Budapest'!AF16 -> 8 | T13: =IF(('FS Budapest'!AK16-'FS Budapest'!AK15)<0,"0",('FS Budapest'!AK16-'FS Budapest'!AK15)) -> 2512 | U13: =IF(('FS Budapest'!AM16-'FS Budapest'!AM15)<0,"0",('FS Budapest'!AM16-'FS Budapest'!AM15)) -> 36 | V13: =IF(('FS Budapest'!AO16-'FS Budapest'!AO15)<0,"0",('FS Budapest'!AO16-'FS Budapest'!AO15)) -> 331 | W13: =IF(('FS Budapest'!AQ16-'FS Budapest'!AQ15)<0,"0",('FS Budapest'!AQ16-'FS Budapest'!AQ15)) -> 1129 | X13: ='FS Budapest'!AY16 -> 0 | Y13: =IF(('FS Budapest'!BA16-'FS Budapest'!BA15)<0,"0",('FS Budapest'!BA16-'FS Budapest'!BA15)*4400) -> 14564 | Z13: ='FS Budapest'!BI16 -> 14564 | AA13: ='FS Budapest'!BJ16 -> 14534 | AB13: =IF(('FS Budapest'!BK16-'FS Budapest'!BK15)<0,"0",('FS Budapest'!BK16-'FS Budapest'!BK15)*100) -> 918 | AC13: ='FS Budapest'!BM16 -> 15482 | AD13: =IF(('FS Budapest'!BP16-'FS Budapest'!BP15)<0,"0",('FS Budapest'!BP16-'FS Budapest'!BP15)) -> 18 | AE13: =IF(('FS Budapest'!BR16-'FS Budapest'!BR15)<0,"0",('FS Budapest'!BR16-'FS Budapest'!BR15)) -> 12 | AF13: ='FS Budapest'!BU16 -> 68 | AG13: ='FS Budapest'!BV16 -> 91
A14: Budapest | B14: =B13+1 -> 13 | C14: 2 | D14: 2020 | E14: =IF(('FS Budapest'!C17-'FS Budapest'!C16)<0,"0",('FS Budapest'!C17-'FS Budapest'!C16)) -> 52 | F14: =IF(('FS Budapest'!D17-'FS Budapest'!D16)<0,"0",('FS Budapest'!D17-'FS Budapest'!D16)) -> 53 | G14: =IF(('FS Budapest'!E17-'FS Budapest'!Y17)<0,"0",('FS Budapest'!E17-'FS Budapest'!Y17)) -> 39 | H14: =IF(('[1]FS Budapest'!H17-'[1]FS Budapest'!H16)<0,"0",('[1]FS Budapest'!H17-'[1]FS Budapest'!H16)) -> 63 | I14: =IF(('FS Budapest'!I17-'FS Budapest'!I16)<0,"0",('FS Budapest'!I17-'FS Budapest'!I16)) -> 4 | J14: =IF(('FS Budapest'!K17-'FS Budapest'!K16)<0,"0",('FS Budapest'!K17-'FS Budapest'!K16)) -> 18 | K14: =IF(('FS Budapest'!M17-'FS Budapest'!M16)<0,"0",('FS Budapest'!M17-'FS Budapest'!M16)) -> 6 | L14: =IF(('FS Budapest'!O17-'FS Budapest'!O16)<0,"0",('FS Budapest'!O17-'FS Budapest'!O16)) -> 6 | M14: =IF(('FS Budapest'!Q17-'FS Budapest'!Q16)<0,"0",('FS Budapest'!Q17-'FS Budapest'!Q16)) -> 0 | N14: =IF(('FS Budapest'!S17-'FS Budapest'!S16)<0,"0",('FS Budapest'!S17-'FS Budapest'!S16)) -> 1 | O14: =IF(('FS Budapest'!V17-'FS Budapest'!V16)<0,"0",('FS Budapest'!V17-'FS Budapest'!V16)) -> 1 | P14: =IF(('FS Budapest'!X17-'FS Budapest'!X16)<0,"0",('FS Budapest'!X17-'FS Budapest'!X16)) -> 14 | Q14: ='FS Budapest'!AB17 -> 2 | R14: ='FS Budapest'!AE17 -> 3 | S14: ='FS Budapest'!AF17 -> 2 | T14: =IF(('FS Budapest'!AK17-'FS Budapest'!AK16)<0,"0",('FS Budapest'!AK17-'FS Budapest'!AK16)) -> 1914 | U14: =IF(('FS Budapest'!AM17-'FS Budapest'!AM16)<0,"0",('FS Budapest'!AM17-'FS Budapest'!AM16)) -> 45 | V14: =IF(('FS Budapest'!AO17-'FS Budapest'!AO16)<0,"0",('FS Budapest'!AO17-'FS Budapest'!AO16)) -> 0 | W14: =IF(('FS Budapest'!AQ17-'FS Budapest'!AQ16)<0,"0",('FS Budapest'!AQ17-'FS Budapest'!AQ16)) -> 1083 | X14: ='FS Budapest'!AY17 -> 0 | Y14: =IF(('FS Budapest'!BA17-'FS Budapest'!BA16)<0,"0",('FS Budapest'!BA17-'FS Budapest'!BA16)*4400) -> 15400 | Z14: ='FS Budapest'!BI17 -> 15400 | AA14: ='FS Budapest'!BJ17 -> 15368 | AB14: =IF(('FS Budapest'!BK17-'FS Budapest'!BK16)<0,"0",('FS Budapest'!BK17-'FS Budapest'!BK16)*100) -> 970 | AC14: ='FS Budapest'!BM17 -> 16370 | AD14: =IF(('FS Budapest'!BP17-'FS Budapest'!BP16)<0,"0",('FS Budapest'!BP17-'FS Budapest'!BP16)) -> 20 | AE14: =IF(('FS Budapest'!BR17-'FS Budapest'!BR16)<0,"0",('FS Budapest'!BR17-'FS Budapest'!BR16)) -> 12 | AF14: ='FS Budapest'!BU17 -> 73 | AG14: ='FS Budapest'!BV17 -> 102
... A30: Budapest | B30: =B29+1 -> 29 | C30: 2 | D30: 2020 | E30: =IF(('FS Budapest'!C33-'FS Budapest'!C32)<0,"0",('FS Budapest'!C33-'FS Budapest'!C32)) -> 61 | F30: =IF(('FS Budapest'!D33-'FS Budapest'!D32)<0,"0",('FS Budapest'!D33-'FS Budapest'!D32)) -> 57 | G30: =IF(('FS Budapest'!E33-'FS Budapest'!Y33)<0,"0",('FS Budapest'!E33-'FS Budapest'!Y33)) -> 43 | H30: =IF(('[1]FS Budapest'!H33-'[1]FS Budapest'!H32)<0,"0",('[1]FS Budapest'!H33-'[1]FS Budapest'!H32)) -> 127 | I30: =IF(('FS Budapest'!I33-'FS Budapest'!I32)<0,"0",('FS Budapest'!I33-'FS Budapest'!I32)) -> 9 | J30: =IF(('FS Budapest'!K33-'FS Budapest'!K32)<0,"0",('FS Budapest'!K33-'FS Budapest'!K32)) -> 5 | K30: =IF(('FS Budapest'!M33-'FS Budapest'!M32)<0,"0",('FS Budapest'!M33-'FS Budapest'!M32)) -> 7 | L30: =IF(('FS Budapest'!O33-'FS Budapest'!O32)<0,"0",('FS Budapest'!O33-'FS Budapest'!O32)) -> 5 | M30: =IF(('FS Budapest'!Q33-'FS Budapest'!Q32)<0,"0",('FS Budapest'!Q33-'FS Budapest'!Q32)) -> 3 | N30: =IF(('FS Budapest'!S33-'FS Budapest'!S32)<0,"0",('FS Budapest'!S33-'FS Budapest'!S32)) -> 1 | O30: =IF(('FS Budapest'!V33-'FS Budapest'!V32)<0,"0",('FS Budapest'!V33-'FS Budapest'!V32)) -> 7 | P30: =IF(('FS Budapest'!X33-'FS Budapest'!X32)<0,"0",('FS Budapest'!X33-'FS Budapest'!X32)) -> 14 | Q30: ='FS Budapest'!AB33 -> 2 | R30: ='FS Budapest'!AE33 -> 2 | S30: ='FS Budapest'!AF33 -> 11 | T30: =IF(('FS Budapest'!AK33-'FS Budapest'!AK32)<0,"0",('FS Budapest'!AK33-'FS Budapest'!AK32)) -> 2299 | U30: =IF(('FS Budapest'!AM33-'FS Budapest'!AM32)<0,"0",('FS Budapest'!AM33-'FS Budapest'!AM32)) -> 48 | V30: =IF(('FS Budapest'!AO33-'FS Budapest'!AO32)<0,"0",('FS Budapest'!AO33-'FS Budapest'!AO32)) -> 0 | W30: =IF(('FS Budapest'!AQ33-'FS Budapest'!AQ32)<0,"0",('FS Budapest'!AQ33-'FS Budapest'!AQ32)) -> 542 | X30: ='FS Budapest'!AY33 -> 0 | Y30: =IF(('FS Budapest'!BA33-'FS Budapest'!BA32)<0,"0",('FS Budapest'!BA33-'FS Budapest'!BA32)*4400) -> 13640 | Z30: ='FS Budapest'!BI33 -> 13640 | AA30: ='FS Budapest'!BJ33 -> 13610 | AB30: =IF(('FS Budapest'!BK33-'FS Budapest'!BK32)<0,"0",('FS Budapest'!BK33-'FS Budapest'!BK32)*100) -> 799 | AC30: ='FS Budapest'!BM33 -> 14439 | AD30: =IF(('FS Budapest'!BP33-'FS Budapest'!BP32)<0,"0",('FS Budapest'!BP33-'FS Budapest'!BP32)) -> 19 | AE30: =IF(('FS Budapest'!BR33-'FS Budapest'!BR32)<0,"0",('FS Budapest'!BR33-'FS Budapest'!BR32)) -> 11 | AF30: ='FS Budapest'!BU33 -> 59 | AG30: ='FS Budapest'!BV33 -> 99

Sheet FS Budapest
B1: WATER (Víz)& SEWAGE | AK1: GAS (Gáz) | AW1: Villany / Electricity | BU1: Room Nights | BV1: Room Nights
C2: 1. supply water | E2: hotel | H2: 2.supply | I2: laundry | K2: kitchen | M2: DHW kitchen | O2: DHW hotel | Q2: steam pit | S2: boiler cooling | U2: left steam supply | V2: right steam supply | X2: tower | Z2: pool | AA2: jacuzzi | AC2: 1.garage supply | AD2: 2.garage supply | AK2: 1.gas supply | AM2: 2.gas supply | AO2: steam boiler 1 | AQ2: steam boiler 2 | AW2: Elec supply1. | AZ2: Elec supply2. | BK2: garage | BP2: chiller1 | BR2: chiller2
C3: B074 Nagy | D3: B074 Szálloda | E3: B074 szálloda napi+torony | F3: B074 szálloda napi-torony | H3: B057 Nagy | I3: B074 mosoda víz | J3: B074 mosoda víz napi | K3: B054 konyha | L3: B054 konyha napi | M3: HMV konyha | N3: ösz | O3: HMV szálloda | P3: ösz | Q3: B 105 Gőzakna | R3: /Pit/ Gőzakna össz | S3: Kazán hűtővíz | T3: Kazán hűtővíz össz | U3: kazán tápvíz ball | V3: kazán tápvíz jobb | W3: kazán tápvíz össz | X3: CT-PÓTVÍZ | Y3: CT-PÓTVÍZ össz | Z3: Úszó medence | AA3: Jakuczi medence | AB3: SPA össz | AC3: Garázs kicsi | AD3: Garázs nagy | AE3: garázs össz | AF3: Gőz össz. | AG3: össz: | AH3: [össz] | AI3: Tervezett | AJ3: Megvalósult | AK3: 1 mérő | AL3: 1-es mérő napi fogy. | AM3: 2 mérő | AN3: 2-es mérő napi fogy. | AO3: Gőzkazán 1 | AQ3: Gőzkazán 2 | AS3: össz: | AT3: [össz] | AU3: Tervezett | AV3: Megvalósult | AW3: 8.2 | AX3: 18 | AY3: 1-es mérő napifogy. | AZ3: 8.2 | BA3: 18 | BB3: 2-es mérő napifogy. | BC3: 8.2 össz | BD3: ÉJSZAKAI INPULZUS [8.2 össz] | BE3: ÉJSZAKAI FOGYASZTÁS KWh | BF3: 8.3 össz | BG3: NAPPALI INPULZUS [8.3 össz] | BH3: NAPPALI FOGYASZTÁS KWh | BI3: hotel absolut napi fogyasztás KWh | BJ3: hotel absolut napi fogyasztás-hütők KWh | BK3: 18 GARAGE | BL3: GARAGE NAPI FOGYASZTÁS KWh | BM3: GARAGE + PALACE SUMMA DAYLI KWh | BN3: Tervezett | BO3: Megvalósult | BP3: HŰTŐ 1 | BQ3: HŰTŐ 1 NAPI | BR3: HŰTŐ 2 | BS3: HŰTŐ 2 NAPI | BT3: HŰTŐ 1+2 NAPI | BU3: Room Nights | BV3: # Guests
A4: 31 | C4: 68150 | D4: 228844 | E4: 51 | F4: 41 | H4: 123918 | I4: 76528 | J4: 3 | K4: 14413 | L4: 8 | M4: 11722 | N4: 7 | O4: 21966 | P4: 9 | Q4: 56779 | R4: 0 | S4: 25284 | T4: 0 | U4: 9481 | V4: 1465 | W4: 0 | X4: 32322 | Y4: 10 | Z4: 7826 | AA4: 6953 | AB4: 1 | AC4: 2145 | AD4: 1539 | AE4: 4 | AF4: 0 | AG4: 192068 | AH4: 91 | AI4: 125 | AJ4: 34 | AK4: 1574537 | AL4: 2270 | AM4: 58696 | AN4: 46 | AO4: 112090 | AP4: 78 | AQ4: 113195 | AR4: 0 | AS4: 1635503 | AT4: 2316 | AU4: 2900 | AV4: 584 | AW4: 27.49 | AX4: 0 | AY4: 0 | AZ4: 0 | BA4: 12614.84 | BB4: 15136 | BC4: 27.49 | BD4: 0 | BE4: 0 | BF4: 12614.84 | BG4: 3.44 | BH4: 15136 | BI4: 15136 | BJ4: 15123 | BK4: 24119.19 | BL4: 1489 | BM4: 16625 | BN4: 16000 | BO4: -625 | BP4: 2849750 | BQ4: 0 | BR4: 3823082 | BS4: 13 | BT4: 13
A5: 1 | C5: 68150 | D5: 228910 | E5: 66 | F5: 15 | H5: 124079 | I5: 76567 | J5: 39 | K5: 14416 | L5: 3 | M5: 11728 | N5: 6 | O5: 21972 | P5: 6 | Q5: 56787 | R5: 8 | S5: 25282 | T5: -2 | U5: 9493 | V5: 1465 | W5: 0 | X5: 32344 | Y5: 22 | Z5: 7827 | AA5: 6955 | AB5: 2 | AC5: 2145 | AD5: 1539 | AE5: 0 | AF5: 6 | AG5: 192229 | AH5: 161 | AI5: 115 | AJ5: -10 | AK5: 1575850 | AL5: 1313 | AM5: 58747 | AN5: 51 | AO5: 113109 | AP5: 1019 | AQ5: 113195 | AR5: 0 | AS5: 1635910 | AT5: 1364 | AU5: 2400 | AV5: 1036 | AW5: 27.45 | AX5: 0 | AY5: 0 | BA5: 12617.92 | BB5: 13552 | BC5: 27.45 | BD5: 0 | BE5: 0 | BF5: 12617.92 | BG5: 3.08 | BH5: 13552 | BI5: 13552 | BJ5: -1584 | BK5: 24125.57 | BL5: 638 | BM5: 14190 | BN5: 16000 | BO5: 1810 | BP5: 2849800 | BQ5: 50 | BR5: 3823094 | BS5: 0 | BT5: 50 | BU5: 66 | BV5: 111 | CH5: 0
A6: 2 | C6: 68150 | D6: 228964 | E6: 54 | F6: 38 | H6: 124205 | I6: 76586 | J6: 19 | K6: 14422 | L6: 6 | M6: 11734 | N6: 6 | O6: 21978 | P6: 6 | Q6: 56800 | R6: 13 | S6: 25284 | T6: 2 | U6: 9501 | V6: 1465 | W6: 8 | X6: 32360 | Y6: 16 | Z6: 7828 | AA6: 6956 | AB6: 2 | AC6: 2147 | AD6: 1541 | AE6: 4 | AF6: 23 | AG6: 192355 | AH6: 126 | AI6: 115 | AJ6: -11 | AK6: 1577552 | AL6: 1702 | AM6: 58798 | AN6: 51 | AO6: 113727 | AP6: 618 | AQ6: 113195 | AR6: 0 | AS6: 1638052 | AT6: 1753 | AU6: 2400 | AV6: 647 | AW6: 27.45 | AX6: 0 | AY6: 0 | BA6: 12621.24 | BB6: 14608 | BC6: 27.45 | BD6: 0 | BE6: 0 | BF6: 12621.24 | BG6: 3.32 | BH6: 14608 | BI6: 14608 | BJ6: 14588 | BK6: 24135.41 | BL6: 984 | BM6: 15592 | BN6: 16000 | BO6: 408 | BP6: 2849809 | BQ6: 9 | BR6: 3823105 | BS6: 11 | BT6: 20 | BU6: 59 | BV6: 81 | CH6: 0
A7: 3 | C7: 68150 | D7: 229016 | E7: 52 | F7: 37 | H7: 124319 | I7: 76591 | J7: 5 | K7: 14428 | L7: 6 | M7: 11740 | N7: 6 | O7: 21984 | P7: 6 | Q7: 56816 | R7: 16 | S7: 25284 | T7: 0 | U7: 9508 | V7: 1465 | W7: 7 | X7: 32375 | Y7: 15 | Z7: 7829 | AA7: 6957 | AB7: 2 | AC7: 2148 | AD7: 1542 | AE7: 2 | AF7: 23 | AG7: 192469 | AH7: 114 | AI7: 115 | AJ7: 1 | AK7: 1579723 | AL7: 2171 | AM7: 58834 | AN7: 36 | AO7: 114353 | AP7: 626 | AQ7: 113195 | AR7: 0 | AS7: 1640728 | AT7: 2207 | AU7: 2400 | AV7: 193 | AW7: 27.45 | AX7: 0 | AY7: 0 | BA7: 12624.46 | BB7: 14168 | BC7: 27.45 | BD7: 0 | BE7: 0 | BF7: 12624.46 | BG7: 3.22 | BH7: 14168 | BI7: 14168 | BJ7: 14138 | BK7: 24146.21 | BL7: 1080 | BM7: 15248 | BN7: 16000 | BO7: 752 | BP7: 2849829 | BQ7: 20 | BR7: 3823115 | BS7: 10 | BT7: 30 | BU7: 66 | BV7: 80 | CH7: 0
A8: 4 | C8: 68150 | D8: 229072 | E8: 56 | F8: 41 | H8: 124438 | I8: 76616 | J8: 25 | K8: 14439 | L8: 11 | M8: 11752 | N8: 12 | O8: 21988 | P8: 4 | Q8: 56819 | R8: 3 | S8: 25284 | T8: 0 | U8: 9514 | V8: 1469 | W8: 10 | X8: 32390 | Y8: 15 | Z8: 7829 | AA8: 6959 | AB8: 2 | AC8: 2149 | AD8: 1543 | AE8: 2 | AF8: 13 | AG8: 192588 | AH8: 119 | AI8: 115 | AJ8: -4 | AK8: 1582190 | AL8: 2467 | AM8: 58860 | AN8: 26 | AO8: 114836 | AP8: 483 | AQ8: 113281 | AR8: 86 | AS8: 1643517 | AT8: 2493 | AU8: 2400 | AV8: -93 | AW8: 27.45 | AX8: 0 | AY8: 0 | BA8: 12628.12 | BB8: 16104 | BC8: 27.45 | BD8: 0 | BE8: 0 | BF8: 12628.12 | BG8: 3.66 | BH8: 16104 | BI8: 16104 | BJ8: 16073 | BK8: 24156.31 | BL8: 1010 | BM8: 17114 | BN8: 16000 | BO8: -1114 | BP8: 2849849 | BQ8: 20 | BR8: 3823126 | BS8: 11 | BT8: 31 | BU8: 89 | BV8: 108
A9: 5 | C9: 68150 | D9: 229120 | E9: 48 | F9: 39 | H9: 124552 | I9: 76635 | J9: 19 | K9: 14444 | L9: 5 | M9: 11758 | N9: 6 | O9: 21993 | P9: 5 | Q9: 56820 | R9: 1 | S9: 25285 | T9: 1 | U9: 9514 | V9: 1472 | W9: 3 | X9: 32399 | Y9: 9 | Z9: 7829 | AA9: 6960 | AB9: 1 | AC9: 2151 | AD9: 1544 | AE9: 3 | AF9: 5 | AG9: 192702 | AH9: 114 | AI9: 115 | AJ9: 1 | AK9: 1584877 | AL9: 2687 | AM9: 58890 | AN9: 30 | AO9: 114836 | AP9: 0 | AQ9: 113791 | AR9: 510 | AS9: 1646454 | AT9: 2717 | AU9: 2400 | AV9: -317 | AW9: 27.45 | AX9: 0 | AY9: 0 | BA9: 12631.46 | BB9: 14696 | BC9: 27.45 | BD9: 0 | BE9: 0 | BF9: 12631.46 | BG9: 3.34 | BH9: 14696 | BI9: 14696 | BJ9: 14664 | BK9: 24174.84 | BL9: 1853 | BM9: 16549 | BN9: 16000 | BO9: -549 | BP9: 2849869 | BQ9: 20 | BR9: 3823138 | BS9: 12 | BT9: 32 | BU9: 83 | BV9: 102
A10: 6 | C10: 68150 | D10: 229166 | E10: 46 | F10: 35 | H10: 124655 | I10: 76654 | J10: 19 | K10: 14449 | L10: 5 | M10: 11764 | N10: 6 | O10: 21998 | P10: 5 | Q10: 56821 | R10: 1 | S10: 25285 | T10: 0 | U10: 9514 | V10: 1478 | W10: 6 | X10: 32410 | Y10: 11 | Z10: 7829 | AA10: 6961 | AB10: 1 | AC10: 2152 | AD10: 1545 | AE10: 2 | AF10: 7 | AG10: 192805 | AH10: 103 | AI10: 115 | AJ10: 12 | AK10: 1587537 | AL10: 2660 | AM10: 58927 | AN10: 37 | AO10: 114836 | AP10: 0 | AQ10: 114259 | AR10: 468 | AS10: 1649124 | AT10: 2697 | AU10: 2400 | AV10: -297 | AW10: 27.45 | AX10: 0 | AY10: 0 | BA10: 12634.65 | BB10: 14036 | BC10: 27.45 | BD10: 0 | BE10: 0 | BF10: 12634.65 | BG10: 3.19 | BH10: 14036 | BI10: 14036 | BJ10: 14004 | BK10: 24189.47 | BL10: 1463 | BM10: 15499 | BN10: 16000 | BO10: 501 | BP10: 2849889 | BQ10: 20 | BR10: 3823150 | BS10: 12 | BT10: 32 | BU10: 74 | BV10: 93 | CG10: 40
A11: 7 | C11: 68150 | D11: 229216 | E11: 50 | F11: 40 | H11: 124748 | I11: 76657 | J11: 3 | K11: 14455 | L11: 6 | M11: 11770 | N11: 6 | O11: 22004 | P11: 6 | Q11: 56821 | R11: 0 | S11: 25285 | T11: 0 | U11: 9514 | V11: 1478 | W11: 0 | X11: 32420 | Y11: 10 | Z11: 7830 | AA11: 6962 | AB11: 2 | AC11: 2153 | AD11: 1549 | AE11: 5 | AF11: 0 | AG11: 192898 | AH11: 93 | AI11: 115 | AJ11: 22 | AK11: 1589790 | AL11: 2253 | AM11: 58968 | AN11: 41 | AO11: 114836 | AP11: 0 | AQ11: 114337 | AR11: 78 | AS11: 1651011 | AT11: 2294 | AU11: 2400 | AV11: 106 | AW11: 27.45 | AX11: 0 | AY11: 0 | BA11: 12638.13 | BB11: 15312 | BC11: 27.45 | BD11: 0 | BE11: 0 | BF11: 12638.13 | BG11: 3.48 | BH11: 15312 | BI11: 15312 | BJ11: 15280 | BK11: 24203.29 | BL11: 1382 | BM11: 16694 | BN11: 16000 | BO11: -694 | BP11: 2849909 | BQ11: 20 | BR11: 3823162 | BS11: 12 | BT11: 32 | BU11: 67 | BV11: 100
A12: 8 | C12: 68150 | D12: 229262 | E12: 46 | F12: 41 | H12: 124867 | I12: 76682 | J12: 25 | K12: 14460 | L12: 5 | M12: 11777 | N12: 7 | O12: 22011 | P12: 7 | Q12: 56827 | R12: 6 | S12: 25285 | T12: 0 | U12: 9514 | V12: 1478 | W12: 0 | X12: 32425 | Y12: 5 | Z12: 7831 | AA12: 6964 | AB12: 3 | AC12: 2155 | AD12: 1550 | AE12: 3 | AF12: 6 | AG12: 193017 | AH12: 119 | AI12: 115 | AJ12: -4 | AK12: 1592739 | AL12: 2949 | AM12: 59023 | AN12: 55 | AO12: 114836 | AP12: 0 | AQ12: 114832 | AR12: 495 | AS12: 1654711 | AT12: 3004 | AU12: 2400 | AV12: -604 | AW12: 27.45 | AX12: 0 | AY12: 0 | BA12: 12641.26 | BB12: 13772 | BC12: 27.45 | BD12: 0 | BE12: 0 | BF12: 12641.26 | BG12: 3.13 | BH12: 13772 | BI12: 13772 | BJ12: 13740 | BK12: 24216.21 | BL12: 1292 | BM12: 15064 | BN12: 16000 | BO12: 936 | BP12: 2849929 | BQ12: 20 | BR12: 3823174 | BS12: 12 | BT12: 32 | BU12: 59 | BV12: 93
A13: 9 | C13: 68150 | D13: 229313 | E13: 51 | F13: 36 | H13: 124980 | I13: 76700 | J13: 18 | K13: 14465 | L13: 5 | M13: 11783 | N13: 6 | O13: 22016 | P13: 5 | Q13: 56831 | R13: 4 | S13: 25286 | T13: 1 | U13: 9514 | V13: 1492 | W13: 14 | X13: 32440 | Y13: 15 | Z13: 7832 | AA13: 6965 | AB13: 2 | AC13: 2156 | AD13: 1551 | AE13: 2 | AF13: 19 | AG13: 193130 | AH13: 113 | AI13: 115 | AJ13: 2 | AK13: 1595308 | AL13: 2569 | AM13: 59064 | AN13: 41 | AO13: 115433 | AP13: 597 | AQ13: 114836 | AR13: 4 | AS13: 1656941 | AT13: 2610 | AU13: 2400 | AV13: -210 | AW13: 27.45 | AX13: 0 | AY13: 0 | BA13: 12644.59 | BB13: 14652 | BC13: 27.45 | BD13: 0 | BE13: 0 | BF13: 12644.59 | BG13: 3.33 | BH13: 14652 | BI13: 14652 | BJ13: 14620 | BK13: 24229.41 | BL13: 1320 | BM13: 15972 | BN13: 16000 | BO13: 28 | BP13: 2849949 | BQ13: 20 | BR13: 3823186 | BS13: 12 | BT13: 32 | BU13: 46 | BV13: 66
A14: 10 | C14: 68150 | D14: 229362 | E14: 49 | F14: 32 | H14: 125096 | I14: 76720 | J14: 20 | K14: 14474 | L14: 9 | M14: 11791 | N14: 8 | O14: 22021 | P14: 5 | Q14: 56835 | R14: 4 | S14: 25287 | T14: 1 | U14: 9514 | V14: 1499 | W14: 7 | X14: 32457 | Y14: 17 | Z14: 7831 | AA14: 6966 | AB14: 0 | AC14: 2157 | AD14: 1553 | AE14: 3 | AF14: 12 | AG14: 193246 | AH14: 116 | AI14: 115 | AJ14: -1 | AK14: 1597270 | AL14: 1962 | AM14: 59101 | AN14: 37 | AO14: 116006 | AP14: 573 | AQ14: 114836 | AR14: 0 | AS14: 1658333 | AT14: 1999 | AU14: 2400 | AV14: 401 | AW14: 27.45 | AX14: 0 | AY14: 0 | BA14: 12648.04 | BB14: 15180 | BC14: 27.45 | BD14: 0 | BE14: 0 | BF14: 12648.04 | BG14: 3.45 | BH14: 15180 | BI14: 15180 | BJ14: 15148 | BK14: 24239.86 | BL14: 1045 | BM14: 16225 | BN14: 16000 | BO14: -225 | BP14: 2849969 | BQ14: 20 | BR14: 3823198 | BS14: 12 | BT14: 32 | BU14: 68 | BV14: 89
A15: 11 | C15: 68179 | D15: 229412 | E15: 50 | F15: 37 | H15: 125178 | I15: 76738 | J15: 18 | K15: 14479 | L15: 5 | M15: 11798 | N15: 7 | O15: 22026 | P15: 5 | Q15: 56837 | R15: 2 | S15: 25288 | T15: 1 | U15: 9514 | V15: 1506 | W15: 7 | X15: 32470 | Y15: 13 | Z15: 7832 | AA15: 6967 | AB15: 2 | AC15: 2158 | AD15: 1555 | AE15: 3 | AF15: 10 | AG15: 193357 | AH15: 111 | AI15: 115 | AJ15: 4 | AK15: 1599574 | AL15: 2304 | AM15: 59138 | AN15: 37 | AO15: 116505 | AP15: 499 | AQ15: 114836 | AR15: 0 | AS15: 1661016 | AT15: 2341 | AU15: 2400 | AV15: 59 | AW15: 27.45 | AX15: 0 | AY15: 0 | BA15: 12651.34 | BB15: 14520 | BC15: 27.45 | BD15: 0 | BE15: 0 | BF15: 12651.34 | BG15: 3.3 | BH15: 14520 | BI15: 14520 | BJ15: 14488 | BK15: 24248.87 | BL15: 901 | BM15: 15421 | BN15: 16000 | BO15: 579 | BP15: 2849989 | BQ15: 20 | BR15: 3823210 | BS15: 12 | BT15: 32 | BU15: 76 | BV15: 100
A16: 12 | C16: 68248 | D16: 229470 | E16: 58 | F16: 47 | H16: 125228 | I16: 76756 | J16: 18 | K16: 14480 | L16: 1 | M16: 11806 | N16: 8 | O16: 22034 | P16: 8 | Q16: 56838 | R16: 1 | S16: 25289 | T16: 1 | U16: 9514 | V16: 1512 | W16: 6 | X16: 32481 | Y16: 11 | Z16: 7832 | AA16: 6968 | AB16: 1 | AC16: 2159 | AD16: 1556 | AE16: 2 | AF16: 8 | AG16: 193476 | AH16: 119 | AI16: 115 | AJ16: -4 | AK16: 1602086 | AL16: 2512 | AM16: 59174 | AN16: 36 | AO16: 116836 | AP16: 331 | AQ16: 115965 | AR16: 1129 | AS16: 1663772 | AT16: 2548 | AU16: 2400 | AV16: -148 | AW16: 27.45 | AX16: 0 | AY16: 0 | BA16: 12654.65 | BB16: 14564 | BC16: 27.45 | BD16: 0 | BE16: 0 | BF16: 12654.65 | BG16: 3.31 | BH16: 14564 | BI16: 14564 | BJ16: 14534 | BK16: 24258.05 | BL16: 918 | BM16: 15482 | BN16: 16000 | BO16: 518 | BP16: 2850007 | BQ16: 18 | BR16: 3823222 | BS16: 12 | BT16: 30 | BU16: 68 | BV16: 91
A17: 13 | C17: 68300 | D17: 229523 | E17: 53 | F17: 39 | H17: 125272 | I17: 76760 | J17: 4 | K17: 14498 | L17: 18 | M17: 11812 | N17: 6 | O17: 22040 | P17: 6 | Q17: 56838 | R17: 0 | S17: 25290 | T17: 1 | U17: 9514 | V17: 1513 | W17: 1 | X17: 32495 | Y17: 14 | Z17: 7833 | AA17: 6969 | AB17: 2 | AC17: 2161 | AD17: 1557 | AE17: 3 | AF17: 2 | AG17: 193572 | AH17: 96 | AI17: 115 | AJ17: 19 | AK17: 1604000 | AL17: 1914 | AM17: 59219 | AN17: 45 | AO17: 116836 | AP17: 0 | AQ17: 117048 | AR17: 1083 | AS17: 1665133 | AT17: 1959 | AU17: 2400 | AV17: 441 | AW17: 27.45 | AX17: 0 | AY17: 0 | BA17: 12658.15 | BB17: 15400 | BC17: 27.45 | BD17: 0 | BE17: 0 | BF17: 12658.15 | BG17: 3.5 | BH17: 15400 | BI17: 15400 | BJ17: 15368 | BK17: 24267.75 | BL17: 970 | BM17: 16370 | BN17: 16000 | BO17: -370 | BP17: 2850027 | BQ17: 20 | BR17: 3823234 | BS17: 12 | BT17: 32 | BU17: 73 | BV17: 102
A18: 14 | C18: 68379 | D18: 229587 | E18: 64 | F18: 51 | H18: 125336 | I18: 76786 | J18: 26 | K18: 14510 | L18: 12 | M18: 11819 | N18: 7 | O18: 22047 | P18: 7 | Q18: 56843 | R18: 5 | S18: 25291 | T18: 1 | U18: 9514 | V18: 1521 | W18: 8 | X18: 32508 | Y18: 13 | Z18: 7834 | AA18: 6970 | AB18: 2 | AC18: 2162 | AD18: 1558 | AE18: 2 | AF18: 14 | AG18: 193715 | AH18: 143 | AI18: 115 | AJ18: -28 | AK18: 1606342 | AL18: 2342 | AM18: 59272 | AN18: 53 | AO18: 116836 | AP18: 0 | AQ18: 117687 | AR18: 639 | AS18: 1667956 | AT18: 2395 | AU18: 2400 | AV18: 5 | AW18: 27.45 | AX18: 0 | AY18: 0 | BA18: 12661.57 | BB18: 15048 | BC18: 27.45 | BD18: 0 | BE18: 0 | BF18: 12661.57 | BG18: 3.42 | BH18: 15048 | BI18: 15048 | BJ18: 15016 | BK18: 24276.81 | BL18: 906 | BM18: 15954 | BN18: 16000 | BO18: 46 | BP18: 2850047 | BQ18: 20 | BR18: 3823246 | BS18: 12 | BT18: 32 | BU18: 98 | BV18: 160
A19: 15 | C19: 68454 | D19: 229656 | E19: 69 | F19: 54 | H19: 125399 | I19: 76808 | J19: 22 | K19: 14520 | L19: 10 | M19: 11828 | N19: 9 | O19: 22058 | P19: 11 | Q19: 56843 | R19: 0 | S19: 25292 | T19: 1 | U19: 9515 | V19: 1528 | W19: 8 | X19: 32523 | Y19: 15 | Z19: 7834 | AA19: 6972 | AB19: 2 | AC19: 2163 | AD19: 1561 | AE19: 4 | AF19: 9 | AG19: 193853 | AH19: 138 | AI19: 115 | AJ19: -23 | AK19: 1608679 | AL19: 2337 | AM19: 59322 | AN19: 50 | AO19: 116836 | AP19: 0 | AQ19: 118209 | AR19: 522 | AS19: 1670338 | AT19: 2387 | AU19: 2400 | AV19: 13 | AW19: 27.45 | AX19: 0 | AY19: 0 | BA19: 12665.02 | BB19: 15180 | BC19: 27.45 | BD19: 0 | BE19: 0 | BF19: 12665.02 | BG19: 3.45 | BH19: 15180 | BI19: 15180 | BJ19: 15148 | BK19: 24285.69 | BL19: 888 | BM19: 16068 | BN19: 16000 | BO19: -68 | BP19: 2850067 | BQ19: 20 | BR19: 3823258 | BS19: 12 | BT19: 32 | BU19: 95 | BV19: 162
A20: 16 | C20: 68508 | D20: 229716 | E20: 60 | F20: 47 | H20: 125447 | I20: 76811 | J20: 3 | K20: 14531 | L20: 11 | M20: 11834 | N20: 6 | O20: 22066 | P20: 8 | Q20: 56843 | R20: 0 | S20: 25293 | T20: 1 | U20: 9515 | V20: 1528 | W20: 0 | X20: 32536 | Y20: 13 | Z20: 7834 | AA20: 6974 | AB20: 2 | AC20: 2165 | AD20: 1561 | AE20: 2 | AF20: 1 | AG20: 193955 | AH20: 102 | AI20: 115 | AJ20: 13 | AK20: 1610442 | AL20: 1763 | AM20: 59365 | AN20: 43 | AO20: 116836 | AP20: 0 | AQ20: 118287 | AR20: 78 | AS20: 1671570 | AT20: 1806 | AU20: 2400 | AV20: 594 | AW20: 27.45 | AX20: 0 | AY20: 0 | BA20: 12668.37 | BB20: 14740 | BC20: 27.45 | BD20: 0 | BE20: 0 | BF20: 12668.37 | BG20: 3.35 | BH20: 14740 | BI20: 14740 | BJ20: 14709 | BK20: 24294.2 | BL20: 851 | BM20: 15591 | BN20: 16000 | BO20: 409 | BP20: 2850086 | BQ20: 19 | BR20: 3823270 | BS20: 12 | BT20: 31 | BU20: 79 | BV20: 115
A21: 17 | C21: 68576 | D21: 229769 | E21: 53 | F21: 43 | H21: 125500 | I21: 76837 | J21: 26 | K21: 14537 | L21: 6 | M21: 11839 | N21: 5 | O21: 22070 | P21: 4 | Q21: 56845 | R21: 2 | S21: 25294 | T21: 1 | U21: 9515 | V21: 1536 | W21: 8 | X21: 32546 | Y21: 10 | Z21: 7835 | AA21: 6975 | AB21: 2 | AC21: 2166 | AD21: 1562 | AE21: 2 | AF21: 11 | AG21: 194076 | AH21: 121 | AI21: 115 | AJ21: -6 | AK21: 1612419 | AL21: 1977 | AM21: 59403 | AN21: 38 | AO21: 116836 | AP21: 0 | AQ21: 118324 | AR21: 37 | AS21: 1673799 | AT21: 2015 | AU21: 2400 | AV21: 385 | AW21: 27.45 | AX21: 0 | AY21: 0 | BA21: 12672.11 | BB21: 16456 | BC21: 27.45 | BD21: 0 | BE21: 0 | BF21: 12672.11 | BG21: 3.74 | BH21: 16456 | BI21: 16456 | BJ21: 16427 | BK21: 24303.27 | BL21: 907 | BM21: 17363 | BN21: 16000 | BO21: -1363 | BP21: 2850103 | BQ21: 17 | BR21: 3823282 | BS21: 12 | BT21: 29 | BU21: 83 | BV21: 116
A22: 18 | C22: 68648 | D22: 229828 | E22: 59 | F22: 38 | H22: 125555 | I22: 76861 | J22: 24 | K22: 14543 | L22: 6 | M22: 11846 | N22: 7 | O22: 22077 | P22: 7 | Q22: 56846 | R22: 1 | S22: 25295 | T22: 1 | U22: 9515 | V22: 1543 | W22: 7 | X22: 32567 | Y22: 21 | Z22: 7835 | AA22: 6976 | AB22: 1 | AC22: 2168 | AD22: 1564 | AE22: 4 | AF22: 9 | AG22: 194203 | AH22: 127 | AI22: 115 | AJ22: -12 | AK22: 1614721 | AL22: 2302 | AM22: 59452 | AN22: 49 | AO22: 116836 | AP22: 0 | AQ22: 119365 | AR22: 1041 | AS22: 1676475 | AT22: 2351 | AU22: 2400 | AV22: 49 | AW22: 27.45 | AX22: 0 | AY22: 0 | BA22: 12674.93 | BB22: 12408 | BC22: 27.45 | BD22: 0 | BE22: 0 | BF22: 12674.93 | BG22: 2.82 | BH22: 12408 | BI22: 12408 | BJ22: 12376 | BK22: 24312.9 | BL22: 963 | BM22: 13371 | BN22: 16000 | BO22: 2629 | BP22: 2850123 | BQ22: 20 | BR22: 3823294 | BS22: 12 | BT22: 32 | BU22: 73 | BV22: 104
... A33: 29 | C33: 69381 | D33: 230467 | E33: 57 | F33: 43 | H33: 126101 | I33: 77018 | J33: 9 | K33: 14608 | L33: 5 | M33: 11920 | N33: 7 | O33: 22141 | P33: 5 | Q33: 56883 | R33: 3 | S33: 25303 | T33: 1 | U33: 9515 | V33: 1612 | W33: 7 | X33: 32725 | Y33: 14 | Z33: 7840 | AA33: 6990 | AB33: 2 | AC33: 2182 | AD33: 1576 | AE33: 2 | AF33: 11 | AG33: 195482 | AH33: 110 | AI33: 115 | AJ33: 5 | AK33: 1639322 | AL33: 2299 | AM33: 59954 | AN33: 48 | AO33: 116836 | AP33: 0 | AQ33: 124827 | AR33: 542 | AS33: 1701575 | AT33: 2347 | AU33: 2400 | AV33: 53 | AW33: 27.45 | AX33: 0 | AY33: 0 | BA33: 12711.58 | BB33: 13640 | BC33: 27.45 | BD33: 0 | BE33: 0 | BF33: 12711.58 | BG33: 3.1 | BH33: 13640 | BI33: 13640 | BJ33: 13610 | BK33: 24411.3 | BL33: 799 | BM33: 14439 | BN33: 16000 | BO33: 1561 | BP33: 2850342 | BQ33: 19 | BR33: 3823423 | BS33: 11 | BT33: 30 | BU33: 59 | BV33: 99
