Workbook

Sheet Total Daily 
A1: Site Name | B1: Day | C1: Month | D1: Year | E1: Total Electricity Kwh | F1: Electricity Tariff ($/Kwh) | G1: LPG (Kg) | H1: LPG $/Kg | I1: District Energy Cooling Kwh | J1: District Energy Cooling $/Kwh | K1: Water Utility Supply (m3) m3 | L1: Water Utility Supply (m3) m3 | M1: Water Utility Supply (m3) $/m3 | N1: Room Nights
A2: Dubai DIFC | B2: 1 | C2: 1 | D2: 2021 | E2: ='1 - 2020'!B8-'1 - 2020'!B7+'1 - 2020'!C8-'1 - 2020'!C7 -> 8754 | F2: 0.118 | G2: =(('1 - 2020'!E8-'1 - 2020'!E7)+('1 - 2020'!F8-'1 - 2020'!F7)+('1 - 2020'!G8-'1 - 2020'!G7))*1.81 -> 88.4728 | H2: 0.99 | I2: ='1 - 2020'!J8-'1 - 2020'!J7 -> 10053 | J2: 0.081 | K2: ='1 - 2020'!H9-'1 - 2020'!H7 -> 0 | L2: ='1 - 2020'!I8-'1 - 2020'!I7 -> 123 | M2: 4.3936294 | N2: 97
A3: Dubai DIFC | B3: =B2+1 -> 2 | C3: 1 | D3: 2021 | E3: ='1 - 2020'!B9-'1 - 2020'!B8+'1 - 2020'!C9-'1 - 2020'!C8 -> 8952 | F3: 0.118 | G3: =(('1 - 2020'!E9-'1 - 2020'!E8)+('1 - 2020'!F9-'1 - 2020'!F8)+('1 - 2020'!G9-'1 - 2020'!G8))*1.81 -> 86.88 | H3: 0.99 | I3: ='1 - 2020'!J9-'1 - 2020'!J8 -> 14453 | J3: 0.081 | K3: ='1 - 2020'!H10-'1 - 2020'!H8 -> 0 | L3: ='1 - 2020'!I9-'1 - 2020'!I8 -> 106 | M3: 4.3936294 | N3: 88
A4: Dubai DIFC | B4: =B3+1 -> 3 | C4: 1 | D4: 2021 | E4: ='1 - 2020'!B10-'1 - 2020'!B9+'1 - 2020'!C10-'1 - 2020'!C9 -> 8694 | F4: 0.118 | G4: =(('1 - 2020'!E10-'1 - 2020'!E9)+('1 - 2020'!F10-'1 - 2020'!F9)+('1 - 2020'!G10-'1 - 2020'!G9))*1.81 -> 88.69 | H4: 0.99 | I4: ='1 - 2020'!J10-'1 - 2020'!J9 -> 11719 | J4: 0.081 | K4: ='1 - 2020'!H10-'1 - 2020'!H9 -> 0 | L4: ='1 - 2020'!I10-'1 - 2020'!I9 -> 111 | M4: 4.3936294 | N4: 89
A5: Dubai DIFC | B5: =B4+1 -> 4 | C5: 1 | D5: 2021 | E5: ='1 - 2020'!B11-'1 - 2020'!B10+'1 - 2020'!C11-'1 - 2020'!C10 -> 8937 | F5: 0.118 | G5: =(('1 - 2020'!E11-'1 - 2020'!E10)+('1 - 2020'!F11-'1 - 2020'!F10)+('1 - 2020'!G11-'1 - 2020'!G10))*1.81 -> 85.07 | H5: 0.99 | I5: ='1 - 2020'!J11-'1 - 2020'!J10 -> 11091 | J5: 0.081 | K5: ='1 - 2020'!H11-'1 - 2020'!H10 -> 0 | L5: ='1 - 2020'!I11-'1 - 2020'!I10 -> 103 | M5: 4.3936294 | N5: 92
A6: Dubai DIFC | B6: =B5+1 -> 5 | C6: 1 | D6: 2021 | E6: ='1 - 2020'!B12-'1 - 2020'!B11+'1 - 2020'!C12-'1 - 2020'!C11 -> 8817.4 | F6: 0.118 | G6: =(('1 - 2020'!E12-'1 - 2020'!E11)+('1 - 2020'!F12-'1 - 2020'!F11)+('1 - 2020'!G12-'1 - 2020'!G11))*1.81 -> 89.4321 | H6: 0.99 | I6: ='1 - 2020'!J12-'1 - 2020'!J11 -> 10648 | J6: 0.081 | K6: ='1 - 2020'!H12-'1 - 2020'!H11 -> 0 | L6: ='1 - 2020'!I12-'1 - 2020'!I11 -> 124 | M6: 4.3936294 | N6: 96
A7: Dubai DIFC | B7: =B6+1 -> 6 | C7: 1 | D7: 2021 | E7: ='1 - 2020'!B13-'1 - 2020'!B12+'1 - 2020'!C13-'1 - 2020'!C12 -> 8693.6 | F7: 0.118 | G7: =(('1 - 2020'!E13-'1 - 2020'!E12)+('1 - 2020'!F13-'1 - 2020'!F12)+('1 - 2020'!G13-'1 - 2020'!G12))*1.81 -> 82.5179 | H7: 0.99 | I7: ='1 - 2020'!J13-'1 - 2020'!J12 -> 10148 | J7: 0.081 | K7: ='1 - 2020'!H13-'1 - 2020'!H12 -> 0 | L7: ='1 - 2020'!I13-'1 - 2020'!I12 -> 82 | M7: 4.3936294 | N7: 100
A8: Dubai DIFC | B8: =B7+1 -> 7 | C8: 1 | D8: 2021 | E8: ='1 - 2020'!B14-'1 - 2020'!B13+'1 - 2020'!C14-'1 - 2020'!C13 -> 8444 | F8: 0.118 | G8: =(('1 - 2020'!E14-'1 - 2020'!E13)+('1 - 2020'!F14-'1 - 2020'!F13)+('1 - 2020'!G14-'1 - 2020'!G13))*1.81 -> 90.5 | H8: 0.99 | I8: ='1 - 2020'!J14-'1 - 2020'!J13 -> 9879 | J8: 0.081 | K8: ='1 - 2020'!H14-'1 - 2020'!H13 -> 0 | L8: ='1 - 2020'!I14-'1 - 2020'!I13 -> 103 | M8: 4.3936294 | N8: 104
A9: Dubai DIFC | B9: =B8+1 -> 8 | C9: 1 | D9: 2021 | E9: ='1 - 2020'!B15-'1 - 2020'!B14+'1 - 2020'!C15-'1 - 2020'!C14 -> 8896 | F9: 0.118 | G9: =(('1 - 2020'!E15-'1 - 2020'!E14)+('1 - 2020'!F15-'1 - 2020'!F14)+('1 - 2020'!G15-'1 - 2020'!G14))*1.81 -> 90.5 | H9: 0.99 | I9: ='1 - 2020'!J15-'1 - 2020'!J14 -> 9891 | J9: 0.081 | K9: ='1 - 2020'!H15-'1 - 2020'!H14 -> 0 | L9: ='1 - 2020'!I15-'1 - 2020'!I14 -> 113 | M9: 4.3936294 | N9: 105
A10: Dubai DIFC | B10: =B9+1 -> 9 | C10: 1 | D10: 2021 | E10: ='1 - 2020'!B16-'1 - 2020'!B15+'1 - 2020'!C16-'1 - 2020'!C15 -> 8820 | F10: 0.118 | G10: =(('1 - 2020'!E16-'1 - 2020'!E15)+('1 - 2020'!F16-'1 - 2020'!F15)+('1 - 2020'!G16-'1 - 2020'!G15))*1.81 -> 90.5 | H10: 0.99 | I10: ='1 - 2020'!J16-'1 - 2020'!J15 -> 9678 | J10: 0.081 | K10: ='1 - 2020'!H16-'1 - 2020'!H15 -> 0 | L10: ='1 - 2020'!I16-'1 - 2020'!I15 -> 108 | M10: 4.3936294 | N10: 104
A11: Dubai DIFC | B11: =B10+1 -> 10 | C11: 1 | D11: 2021 | E11: ='1 - 2020'!B17-'1 - 2020'!B16+'1 - 2020'!C17-'1 - 2020'!C16 -> 8621 | F11: 0.118 | G11: =(('1 - 2020'!E17-'1 - 2020'!E16)+('1 - 2020'!F17-'1 - 2020'!F16)+('1 - 2020'!G17-'1 - 2020'!G16))*1.81 -> 83.26 | H11: 0.99 | I11: ='1 - 2020'!J17-'1 - 2020'!J16 -> 9392 | J11: 0.081 | K11: ='1 - 2020'!H17-'1 - 2020'!H16 -> 0 | L11: ='1 - 2020'!I17-'1 - 2020'!I16 -> 113 | M11: 4.3936294 | N11: 97
A12: Dubai DIFC | B12: =B11+1 -> 11 | C12: 1 | D12: 2021 | E12: ='1 - 2020'!B18-'1 - 2020'!B17+'1 - 2020'!C18-'1 - 2020'!C17 -> 8963 | F12: 0.118 | G12: =(('1 - 2020'!E18-'1 - 2020'!E17)+('1 - 2020'!F18-'1 - 2020'!F17)+('1 - 2020'!G18-'1 - 2020'!G17))*1.81 -> 86.88 | H12: 0.99 | I12: ='1 - 2020'!J18-'1 - 2020'!J17 -> 10095 | J12: 0.081 | K12: ='1 - 2020'!H18-'1 - 2020'!H17 -> 0 | L12: ='1 - 2020'!I18-'1 - 2020'!I17 -> 105 | M12: 4.3936294 | N12: 86
A13: Dubai DIFC | B13: =B12+1 -> 12 | C13: 1 | D13: 2021 | E13: ='1 - 2020'!B19-'1 - 2020'!B18+'1 - 2020'!C19-'1 - 2020'!C18 -> 10495.7 | F13: 0.118 | G13: =(('1 - 2020'!E19-'1 - 2020'!E18)+('1 - 2020'!F19-'1 - 2020'!F18)+('1 - 2020'!G19-'1 - 2020'!G18))*1.81 -> 84.708 | H13: 0.99 | I13: ='1 - 2020'!J19-'1 - 2020'!J18 -> 10511 | J13: 0.081 | K13: ='1 - 2020'!H19-'1 - 2020'!H18 -> 0 | L13: ='1 - 2020'!I19-'1 - 2020'!I18 -> 113 | M13: 4.3936294 | N13: 76
A14: Dubai DIFC | B14: =B13+1 -> 13 | C14: 1 | D14: 2021 | E14: ='1 - 2020'!B20-'1 - 2020'!B19+'1 - 2020'!C20-'1 - 2020'!C19 -> 6878.3 | F14: 0.118 | G14: =(('1 - 2020'!E20-'1 - 2020'!E19)+('1 - 2020'!F20-'1 - 2020'!F19)+('1 - 2020'!G20-'1 - 2020'!G19))*1.81 -> 76.382 | H14: 0.99 | I14: ='1 - 2020'!J20-'1 - 2020'!J19 -> 7831 | J14: 0.081 | K14: ='1 - 2020'!H20-'1 - 2020'!H19 -> 0 | L14: ='1 - 2020'!I20-'1 - 2020'!I19 -> 78 | M14: 4.3936294 | N14: 81
A15: Dubai DIFC | B15: =B14+1 -> 14 | C15: 1 | D15: 2021 | E15: ='1 - 2020'!B21-'1 - 2020'!B20+'1 - 2020'!C21-'1 - 2020'!C20 -> 8275 | F15: 0.118 | G15: =(('1 - 2020'!E21-'1 - 2020'!E20)+('1 - 2020'!F21-'1 - 2020'!F20)+('1 - 2020'!G21-'1 - 2020'!G20))*1.81 -> 74.21 | H15: 0.99 | I15: ='1 - 2020'!J21-'1 - 2020'!J20 -> 8885 | J15: 0.081 | K15: ='1 - 2020'!H21-'1 - 2020'!H20 -> 0 | L15: ='1 - 2020'!I21-'1 - 2020'!I20 -> 99 | M15: 4.3936294 | N15: 79
... A26: Dubai DIFC | B26: =B25+1 -> 25 | C26: 1 | D26: 2021 | E26: ='1 - 2020'!B32-'1 - 2020'!B31+'1 - 2020'!C32-'1 - 2020'!C31 -> 8768 | F26: 0.118 | G26: =(('1 - 2020'!E32-'1 - 2020'!E31)+('1 - 2020'!F32-'1 - 2020'!F31)+('1 - 2020'!G32-'1 - 2020'!G31))*1.81 -> 83.8935 | H26: 0.99 | I26: ='1 - 2020'!J32-'1 - 2020'!J31 -> 9380 | J26: 0.081 | K26: ='1 - 2020'!H32-'1 - 2020'!H31 -> 0 | L26: ='1 - 2020'!I32-'1 - 2020'!I31 -> 115 | M26: 4.3936294 | N26: 77
A27: Dubai DIFC | B27: =B26+1 -> 26 | C27: 1 | D27: 2021 | E27: 0 | F27: 0.118 | G27: 0 | H27: 0.99 | I27: 0 | J27: 0.081 | K27: 0 | L27: 0 | M27: 4.3936294
A28: Dubai DIFC | B28: =B27+1 -> 27 | C28: 1 | D28: 2021 | E28: ='1 - 2020'!B34-'1 - 2020'!B33+'1 - 2020'!C34-'1 - 2020'!C33 -> 0 | F28: 0.118 | G28: =(('1 - 2020'!E34-'1 - 2020'!E33)+('1 - 2020'!F34-'1 - 2020'!F33)+('1 - 2020'!G34-'1 - 2020'!G33))*1.81 -> 0 | H28: 0.99 | I28: ='1 - 2020'!J34-'1 - 2020'!J33 -> 0 | J28: 0.081 | K28: ='1 - 2020'!H34-'1 - 2020'!H33 -> 0 | L28: ='1 - 2020'!I34-'1 - 2020'!I33 -> 0 | M28: 4.3936294
A29: Dubai DIFC | B29: =B28+1 -> 28 | C29: 1 | D29: 2021 | E29: ='1 - 2020'!B35-'1 - 2020'!B34+'1 - 2020'!C35-'1 - 2020'!C34 -> 0 | F29: 0.118 | G29: =(('1 - 2020'!E35-'1 - 2020'!E34)+('1 - 2020'!F35-'1 - 2020'!F34)+('1 - 2020'!G35-'1 - 2020'!G34))*1.81 -> 0 | H29: 0.99 | I29: ='1 - 2020'!J35-'1 - 2020'!J34 -> 0 | J29: 0.081 | K29: ='1 - 2020'!H35-'1 - 2020'!H34 -> 0 | L29: ='1 - 2020'!I35-'1 - 2020'!I34 -> 0 | M29: 4.3936294
A30: Dubai DIFC | B30: =B29+1 -> 29 | C30: 1 | D30: 2021 | E30: ='1 - 2020'!B36-'1 - 2020'!B35+'1 - 2020'!C36-'1 - 2020'!C35 -> 0 | F30: 0.118 | G30: =(('1 - 2020'!E36-'1 - 2020'!E35)+('1 - 2020'!F36-'1 - 2020'!F35)+('1 - 2020'!G36-'1 - 2020'!G35))*1.81 -> 0 | H30: 0.99 | I30: ='1 - 2020'!J36-'1 - 2020'!J35 -> 0 | J30: 0.081 | K30: ='1 - 2020'!H36-'1 - 2020'!H35 -> 0 | L30: ='1 - 2020'!I36-'1 - 2020'!I35 -> 0 | M30: 4.3936294
A31: Dubai DIFC | B31: 30 | C31: 1 | D31: 2021 | E31: ='1 - 2020'!B37-'1 - 2020'!B36+'1 - 2020'!C37-'1 - 2020'!C36 -> 0 | F31: 0.118 | G31: =(('1 - 2020'!E37-'1 - 2020'!E36)+('1 - 2020'!F37-'1 - 2020'!F36)+('1 - 2020'!G37-'1 - 2020'!G36))*1.81 -> 0 | H31: 0.99 | I31: ='1 - 2020'!J37-'1 - 2020'!J36 -> 0 | J31: 0.081 | K31: ='1 - 2020'!H37-'1 - 2020'!H36 -> 0 | L31: ='1 - 2020'!I37-'1 - 2020'!I36 -> 0 | M31: 4.3936294
A32: Dubai DIFC | B32: 31 | C32: 1 | D32: 2021 | E32: ='1 - 2020'!B38-'1 - 2020'!B37+'1 - 2020'!C38-'1 - 2020'!C37 -> 0 | F32: 0.118 | G32: =(('1 - 2020'!E38-'1 - 2020'!E37)+('1 - 2020'!F38-'1 - 2020'!F37)+('1 - 2020'!G38-'1 - 2020'!G37))*1.81 -> 0 | H32: 0.99 | I32: ='1 - 2020'!J38-'1 - 2020'!J37 -> 0 | J32: 0.081 | K32: ='1 - 2020'!H38-'1 - 2020'!H37 -> 0 | L32: ='1 - 2020'!I38-'1 - 2020'!I37 -> 0 | M32: 4.3936294

Sheet Submetering Daily 
A1: Site Name | B1: Day | C1: Month | D1: Year | E1: Panel LV1 Kwh | F1: Panel LV2 Kwh | G1: Electricity Tariff ($/Kwh) | H1: Main Kitchen LPG (Kg) | I1: Podium Kitchen LPG (Kg) | J1: Boiler LPG (Kg) | K1: LPG $/Kg | L1: Room Nights
A2: Dubai DIFC | B2: 1 | C2: 1 | D2: 2021 | E2: ='1 - 2020'!B8-'1 - 2020'!B7 -> 3178 | F2: ='1 - 2020'!C8-'1 - 2020'!C7 -> 5576 | G2: 0.118 | H2: ='1 - 2020'!E8-'1 - 2020'!E7 -> 3.4 | I2: ='1 - 2020'!F8-'1 - 2020'!F7 -> 4.47 | J2: ='1 - 2020'!G8-'1 - 2020'!G7 -> 41.01 | K2: 0.74 | L2: 97
A3: Dubai DIFC | B3: =B2+1 -> 2 | C3: 1 | D3: 2021 | E3: ='1 - 2020'!B9-'1 - 2020'!B8 -> 3160 | F3: ='1 - 2020'!C9-'1 - 2020'!C8 -> 5792 | G3: 0.118 | H3: ='1 - 2020'!E9-'1 - 2020'!E8 -> 4 | I3: ='1 - 2020'!F9-'1 - 2020'!F8 -> 5 | J3: ='1 - 2020'!G9-'1 - 2020'!G8 -> 39 | K3: 0.74 | L3: 88
A4: Dubai DIFC | B4: =B3+1 -> 3 | C4: 1 | D4: 2021 | E4: ='1 - 2020'!B10-'1 - 2020'!B9 -> 3149 | F4: ='1 - 2020'!C10-'1 - 2020'!C9 -> 5545 | G4: 0.118 | H4: ='1 - 2020'!E10-'1 - 2020'!E9 -> 6 | I4: ='1 - 2020'!F10-'1 - 2020'!F9 -> 5 | J4: ='1 - 2020'!G10-'1 - 2020'!G9 -> 38 | K4: 0.74 | L4: 89
A5: Dubai DIFC | B5: =B4+1 -> 4 | C5: 1 | D5: 2021 | E5: ='1 - 2020'!B11-'1 - 2020'!B10 -> 3244 | F5: ='1 - 2020'!C11-'1 - 2020'!C10 -> 5693 | G5: 0.118 | H5: ='1 - 2020'!E11-'1 - 2020'!E10 -> 4 | I5: ='1 - 2020'!F11-'1 - 2020'!F10 -> 5 | J5: ='1 - 2020'!G11-'1 - 2020'!G10 -> 38 | K5: 0.74 | L5: 92
A6: Dubai DIFC | B6: =B5+1 -> 5 | C6: 1 | D6: 2021 | E6: ='1 - 2020'!B12-'1 - 2020'!B11 -> 3222 | F6: ='1 - 2020'!C12-'1 - 2020'!C11 -> 5595.4 | G6: 0.118 | H6: ='1 - 2020'!E12-'1 - 2020'!E11 -> 3.9 | I6: ='1 - 2020'!F12-'1 - 2020'!F11 -> 5.51 | J6: ='1 - 2020'!G12-'1 - 2020'!G11 -> 40 | K6: 0.74 | L6: 96
A7: Dubai DIFC | B7: =B6+1 -> 6 | C7: 1 | D7: 2021 | E7: ='1 - 2020'!B13-'1 - 2020'!B12 -> 3152 | F7: ='1 - 2020'!C13-'1 - 2020'!C12 -> 5541.6 | G7: 0.118 | H7: ='1 - 2020'!E13-'1 - 2020'!E12 -> 4.1 | I7: ='1 - 2020'!F13-'1 - 2020'!F12 -> 3.49 | J7: ='1 - 2020'!G13-'1 - 2020'!G12 -> 38 | K7: 0.74 | L7: 100
A8: Dubai DIFC | B8: =B7+1 -> 7 | C8: 1 | D8: 2021 | E8: ='1 - 2020'!B14-'1 - 2020'!B13 -> 2913 | F8: ='1 - 2020'!C14-'1 - 2020'!C13 -> 5531 | G8: 0.118 | H8: ='1 - 2020'!E14-'1 - 2020'!E13 -> 7 | I8: ='1 - 2020'!F14-'1 - 2020'!F13 -> 5 | J8: ='1 - 2020'!G14-'1 - 2020'!G13 -> 38 | K8: 0.74 | L8: 104
A9: Dubai DIFC | B9: =B8+1 -> 8 | C9: 1 | D9: 2021 | E9: ='1 - 2020'!B15-'1 - 2020'!B14 -> 3257 | F9: ='1 - 2020'!C15-'1 - 2020'!C14 -> 5639 | G9: 0.118 | H9: ='1 - 2020'!E15-'1 - 2020'!E14 -> 5 | I9: ='1 - 2020'!F15-'1 - 2020'!F14 -> 5 | J9: ='1 - 2020'!G15-'1 - 2020'!G14 -> 40 | K9: 0.74 | L9: 105
A10: Dubai DIFC | B10: =B9+1 -> 9 | C10: 1 | D10: 2021 | E10: ='1 - 2020'!B16-'1 - 2020'!B15 -> 3205 | F10: ='1 - 2020'!C16-'1 - 2020'!C15 -> 5615 | G10: 0.118 | H10: ='1 - 2020'!E16-'1 - 2020'!E15 -> 4 | I10: ='1 - 2020'!F16-'1 - 2020'!F15 -> 5 | J10: ='1 - 2020'!G16-'1 - 2020'!G15 -> 41 | K10: 0.74 | L10: 104
A11: Dubai DIFC | B11: =B10+1 -> 10 | C11: 1 | D11: 2021 | E11: ='1 - 2020'!B17-'1 - 2020'!B16 -> 3216 | F11: ='1 - 2020'!C17-'1 - 2020'!C16 -> 5405 | G11: 0.118 | H11: ='1 - 2020'!E17-'1 - 2020'!E16 -> 3 | I11: ='1 - 2020'!F17-'1 - 2020'!F16 -> 5 | J11: ='1 - 2020'!G17-'1 - 2020'!G16 -> 38 | K11: 0.74 | L11: 97
A12: Dubai DIFC | B12: =B11+1 -> 11 | C12: 1 | D12: 2021 | E12: ='1 - 2020'!B18-'1 - 2020'!B17 -> 3264 | F12: ='1 - 2020'!C18-'1 - 2020'!C17 -> 5699 | G12: 0.118 | H12: ='1 - 2020'!E18-'1 - 2020'!E17 -> 3 | I12: ='1 - 2020'!F18-'1 - 2020'!F17 -> 5 | J12: ='1 - 2020'!G18-'1 - 2020'!G17 -> 40 | K12: 0.74 | L12: 86
A13: Dubai DIFC | B13: =B12+1 -> 12 | C13: 1 | D13: 2021 | E13: ='1 - 2020'!B19-'1 - 2020'!B18 -> 3834 | F13: ='1 - 2020'!C19-'1 - 2020'!C18 -> 6661.7 | G13: 0.118 | H13: ='1 - 2020'!E19-'1 - 2020'!E18 -> 5 | I13: ='1 - 2020'!F19-'1 - 2020'!F18 -> 5.8 | J13: ='1 - 2020'!G19-'1 - 2020'!G18 -> 36 | K13: 0.74 | L13: 76
A14: Dubai DIFC | B14: =B13+1 -> 13 | C14: 1 | D14: 2021 | E14: ='1 - 2020'!B20-'1 - 2020'!B19 -> 2621 | F14: ='1 - 2020'!C20-'1 - 2020'!C19 -> 4257.3 | G14: 0.118 | H14: ='1 - 2020'!E20-'1 - 2020'!E19 -> 2 | I14: ='1 - 2020'!F20-'1 - 2020'!F19 -> 4.2 | J14: ='1 - 2020'!G20-'1 - 2020'!G19 -> 36 | K14: 0.74 | L14: 81
... A26: Dubai DIFC | B26: =B25+1 -> 25 | C26: 1 | D26: 2021 | E26: ='1 - 2020'!B32-'1 - 2020'!B31 -> 3370 | F26: ='1 - 2020'!C32-'1 - 2020'!C31 -> 5398 | G26: 0.118 | H26: ='1 - 2020'!E32-'1 - 2020'!E31 -> 5 | I26: ='1 - 2020'!F32-'1 - 2020'!F31 -> 5 | J26: ='1 - 2020'!G32-'1 - 2020'!G31 -> 36.35 | K26: 0.74 | L26: 77
A27: Dubai DIFC | B27: =B26+1 -> 26 | C27: 1 | D27: 2021 | E27: 0 | F27: 0 | G27: 0.118 | H27: 0 | I27: 0 | J27: 0 | K27: 0.74
A28: Dubai DIFC | B28: =B27+1 -> 27 | C28: 1 | D28: 2021 | E28: ='1 - 2020'!B34-'1 - 2020'!B33 -> 0 | F28: ='1 - 2020'!C34-'1 - 2020'!C33 -> 0 | G28: 0.118 | H28: ='1 - 2020'!E34-'1 - 2020'!E33 -> 0 | I28: ='1 - 2020'!F34-'1 - 2020'!F33 -> 0 | J28: ='1 - 2020'!G34-'1 - 2020'!G33 -> 0 | K28: 0.74
A29: Dubai DIFC | B29: =B28+1 -> 28 | C29: 1 | D29: 2021 | E29: ='1 - 2020'!B35-'1 - 2020'!B34 -> 0 | F29: ='1 - 2020'!C35-'1 - 2020'!C34 -> 0 | G29: 0.118 | H29: ='1 - 2020'!E35-'1 - 2020'!E34 -> 0 | I29: ='1 - 2020'!F35-'1 - 2020'!F34 -> 0 | J29: ='1 - 2020'!G35-'1 - 2020'!G34 -> 0 | K29: 0.74
A30: Dubai DIFC | B30: =B29+1 -> 29 | C30: 1 | D30: 2021 | E30: ='1 - 2020'!B36-'1 - 2020'!B35 -> 0 | F30: ='1 - 2020'!C36-'1 - 2020'!C35 -> 0 | G30: 0.118 | H30: ='1 - 2020'!E36-'1 - 2020'!E35 -> 0 | I30: ='1 - 2020'!F36-'1 - 2020'!F35 -> 0 | J30: ='1 - 2020'!G36-'1 - 2020'!G35 -> 0 | K30: 0.74
A31: Dubai DIFC | B31: 30 | C31: 1 | D31: 2021 | E31: ='1 - 2020'!B37-'1 - 2020'!B36 -> 0 | F31: ='1 - 2020'!C37-'1 - 2020'!C36 -> 0 | G31: 0.118 | H31: ='1 - 2020'!E37-'1 - 2020'!E36 -> 0 | I31: ='1 - 2020'!F37-'1 - 2020'!F36 -> 0 | J31: ='1 - 2020'!G37-'1 - 2020'!G36 -> 0 | K31: 0.74
A32: Dubai DIFC | B32: 31 | C32: 1 | D32: 2021 | E32: ='1 - 2020'!B38-'1 - 2020'!B37 -> 0 | F32: ='1 - 2020'!C38-'1 - 2020'!C37 -> 0 | G32: 0.118 | H32: ='1 - 2020'!E38-'1 - 2020'!E37 -> 0 | I32: ='1 - 2020'!F38-'1 - 2020'!F37 -> 0 | J32: ='1 - 2020'!G38-'1 - 2020'!G37 -> 0 | K32: 0.74

Sheet 1 - 2020
A3: FOUR SEASONS HOTEL - DIFC
A4: HLP READING MONTH OF JANUARY' 2021
B5: Electricity | D5: LPG (cu.m) | H5: Water (cu.m) | J5: BTU
A6: Date | B6: LV-01, 2025952759 | C6: LV-2, 2030235407 | D6: Main Meter % | E6: Main Kitchen | F6: Podium Kitchen | G6: Boiler | H6: B-3 Water Meter (DIFC) | I6: MainWater Meter (DEWA) | J6: Chilled Water (KWH) | K6: Gas Received (Litres) | L6: Remark
A7: 44196 | B7: 221075 | C7: 1972912 | D7: 0.78 | E7: 13434.6 | F7: 2857.53 | G7: 24512.99 | H7: 14528 | I7: 106033 | J7: 43843900
A8: =A7+1 -> 44197 | B8: 224253 | C8: 1978488 | D8: 0.72 | E8: 13438 | F8: 2862 | G8: 24554 | H8: 14528 | I8: 106156 | J8: 43853953
A9: =A8+1 -> 44198 | B9: 227413 | C9: 1984280 | D9: 0.65 | E9: 13442 | F9: 2867 | G9: 24593 | H9: 14528 | I9: 106262 | J9: 43868406
A10: =A9+1 -> 44199 | B10: 230562 | C10: 1989825 | D10: 0.6 | E10: 13448 | F10: 2872 | G10: 24631 | H10: 14528 | I10: 106373 | J10: 43880125
A11: =A10+1 -> 44200 | B11: 233806 | C11: 1995518 | D11: 0.52 | E11: 13452 | F11: 2877 | G11: 24669 | H11: 14528 | I11: 106476 | J11: 43891216
A12: =A11+1 -> 44201 | B12: 237028 | C12: 2001113.4 | D12: 0.45 | E12: 13455.9 | F12: 2882.51 | G12: 24709 | H12: 14528 | I12: 106600 | J12: 43901864
A13: =A12+1 -> 44202 | B13: 240180 | C13: 2006655 | D13: 0.38 | E13: 13460 | F13: 2886 | G13: 24747 | H13: 14528 | I13: 106682 | J13: 43912012
A14: =A13+1 -> 44203 | B14: 243093 | C14: 2012186 | D14: 0.3 | E14: 13467 | F14: 2891 | G14: 24785 | H14: 14528 | I14: 106785 | J14: 43921891
A15: =A14+1 -> 44204 | B15: 246350 | C15: 2017825 | D15: 0.8 | E15: 13472 | F15: 2896 | G15: 24825 | H15: 14528 | I15: 106898 | J15: 43931782
A16: =A15+1 -> 44205 | B16: 249555 | C16: 2023440 | D16: 0.73 | E16: 13476 | F16: 2901 | G16: 24866 | H16: 14528 | I16: 107006 | J16: 43941460
A17: =A16+1 -> 44206 | B17: 252771 | C17: 2028845 | D17: 0.65 | E17: 13479 | F17: 2906 | G17: 24904 | H17: 14528 | I17: 107119 | J17: 43950852
A18: =A17+1 -> 44207 | B18: 256035 | C18: 2034544 | D18: 0.58 | E18: 13482 | F18: 2911 | G18: 24944 | H18: 14528 | I18: 107224 | J18: 43960947
A19: =A18+1 -> 44208 | B19: 259869 | C19: 2041205.7 | D19: 0.52 | E19: 13487 | F19: 2916.8 | G19: 24980 | H19: 14528 | I19: 107337 | J19: 43971458
... A32: =A31+1 -> 44221 | B32: 301736 | C32: 2108138 | D32: 0.76 | E32: 13535 | F32: 2978 | G32: 25473.96 | H32: 14528 | I32: 108646 | J32: 44105491
A33: =A32+1 -> 44222
A34: =A33+1 -> 44223
A35: =A34+1 -> 44224
A36: =A35+1 -> 44225
A37: =A36+1 -> 44226
A38: =A37+1 -> 44227
A39: Readings | B39: =B38-B7 -> -221075 | C39: =C38-C7 -> -1972912 | D39: =D38-D7 -> -0.78 | E39: =E38-E7 -> -13434.6 | F39: =F38-F7 -> -2857.53 | G39: =G38-G7 -> -24512.99 | H39: =H38-H7 -> -14528 | I39: =I38-I7 -> -106033 | J39: =J38-J7 -> -43843900 | K39: =K37-K7 -> 0
H40: =H39*219.969 -> -3195709.6 | I40: =I39*219.969 -> -23323973
H41: for IG unit
B42: =B32-B10 -> 71174 | C42: =C32-C10 -> 118313 | E42: =E32-E10 -> 87 | F42: =F32-F10 -> 106 | G42: =G32-G10 -> 842.96 | H42: =H32-H10 -> 0 | I42: =I32-I10 -> 2273 | J42: =J32-J10 -> 225366
I43: =I42*219.969 -> 499989.54 | J43: 768611
C44: =C42+B42 -> 189487 | I44: 450276.54
C45: 178662 | J45: =SUM(J43-J42)/J42 -> 2.4105011
C46: =SUM(C45-C44)/C44 -> -0.05712793 | I46: =SUM(I44-I43)/I43 -> -0.099428069
