Workbook

Sheet TOTAL
A1: Site Name | B1: Day | C1: Month | D1: Year | E1: Total Electricity Kwh | F1: Electricity Tariff ($/Kwh) | G1: Natual Gas (m3) | H1: Natural Gas $/m3 | I1: Water Utility Supply (m3) m3 | J1: Water Utility Supply (m3) $/m3 | K1: Room Nights | L1: Total Guests | M1: Utilities day cost dh
A2: Mumbai | B2: 1 | C2: 1 | D2: 2021 | E2: ='Daily HLP'!I4 -> 20215 | F2: ='Daily HLP'!J4 -> 9 | G2: ='Daily HLP'!M4 -> 693.9 | H2: ='Daily HLP'!N4 -> 35 | I2: ='Daily HLP'!P4 -> 197 | J2: ='Daily HLP'!Q4 -> 134 | K2: =SUM(G2:H2) -> 728.9 | L2: ='[1]Consommation mensuel énergie'!E10 -> 0 | M2: =E2*F2+G2*H2+#REF!*#REF!+I2*J2 -> #REF!
A3: Mumbai | B3: =B2+1 -> 2 | C3: 1 | D3: 2021 | E3: ='Daily HLP'!I5 -> 19576 | F3: =F2 -> 9 | G3: ='Daily HLP'!M5 -> 822.62 | H3: =H2 -> 35 | I3: ='Daily HLP'!P5 -> 175 | J3: =J2 -> 134 | K3: =SUM(G3:H3) -> 857.62 | L3: ='[1]Consommation mensuel énergie'!E11 -> 0 | M3: =E3*F3+G3*H3+#REF!*#REF!+I3*J3 -> #REF!
A4: Mumbai | B4: =B3+1 -> 3 | C4: 1 | D4: 2021 | E4: ='Daily HLP'!I6 -> 19258 | F4: =F3 -> 9 | G4: ='Daily HLP'!M6 -> 815.69 | H4: =H3 -> 35 | I4: ='Daily HLP'!P6 -> 167 | J4: =J3 -> 134 | K4: =SUM(G4:H4) -> 850.69 | L4: ='[1]Consommation mensuel énergie'!E12 -> 0 | M4: =E4*F4+G4*H4+#REF!*#REF!+I4*J4 -> #REF!
A5: Mumbai | B5: =B4+1 -> 4 | C5: 1 | D5: 2021 | E5: ='Daily HLP'!I7 -> 18476 | F5: =F4 -> 9 | G5: ='Daily HLP'!M7 -> 757.69 | H5: =H4 -> 35 | I5: ='Daily HLP'!P7 -> 153 | J5: =J4 -> 134 | K5: 0 | L5: ='[1]Consommation mensuel énergie'!E13 -> 0 | M5: =E5*F5+G5*H5+#REF!*#REF!+I5*J5 -> #REF!
A6: Mumbai | B6: =B5+1 -> 5 | C6: 1 | D6: 2021 | E6: ='Daily HLP'!I8 -> 17831 | F6: =F5 -> 9 | G6: ='Daily HLP'!M8 -> 526 | H6: =H5 -> 35 | I6: ='Daily HLP'!P8 -> 132 | J6: =J5 -> 134 | K6: 0 | L6: ='[1]Consommation mensuel énergie'!E14 -> 0 | M6: =E6*F6+G6*H6+#REF!*#REF!+I6*J6 -> #REF!
A7: Mumbai | B7: =B6+1 -> 6 | C7: 1 | D7: 2021 | E7: ='Daily HLP'!I9 -> 17839 | F7: =F6 -> 9 | G7: ='Daily HLP'!M9 -> 694.7 | H7: =H6 -> 35 | I7: ='Daily HLP'!P9 -> 118 | J7: =J6 -> 134 | K7: 0 | L7: ='[1]Consommation mensuel énergie'!E15 -> 0 | M7: =E7*F7+G7*H7+#REF!*#REF!+I7*J7 -> #REF!
A8: Mumbai | B8: =B7+1 -> 7 | C8: 1 | D8: 2021 | E8: ='Daily HLP'!I10 -> 17899 | F8: =F7 -> 9 | G8: ='Daily HLP'!M10 -> 621.3 | H8: =H7 -> 35 | I8: ='Daily HLP'!P10 -> 122 | J8: =J7 -> 134 | K8: 117 | L8: ='[1]Consommation mensuel énergie'!E16 -> 0 | M8: =E8*F8+G8*H8+#REF!*#REF!+I8*J8 -> #REF!
A9: Mumbai | B9: =B8+1 -> 8 | C9: 1 | D9: 2021 | E9: ='Daily HLP'!I11 -> 18873 | F9: =F8 -> 9 | G9: ='Daily HLP'!M11 -> 752 | H9: =H8 -> 35 | I9: ='Daily HLP'!P11 -> 128 | J9: =J8 -> 134 | K9: 117 | L9: ='[1]Consommation mensuel énergie'!E17 -> 0 | M9: =E9*F9+G9*H9+#REF!*#REF!+I9*J9 -> #REF!
A10: Mumbai | B10: =B9+1 -> 9 | C10: 1 | D10: 2021 | E10: ='Daily HLP'!I12 -> 18833 | F10: =F9 -> 9 | G10: ='Daily HLP'!M12 -> 759 | H10: =H9 -> 35 | I10: ='Daily HLP'!P12 -> 157 | J10: =J9 -> 134 | K10: 117 | L10: ='[1]Consommation mensuel énergie'!E18 -> 0 | M10: =E10*F10+G10*H10+#REF!*#REF!+I10*J10 -> #REF!
A11: Mumbai | B11: =B10+1 -> 10 | C11: 1 | D11: 2021 | E11: ='Daily HLP'!I13 -> 20209 | F11: =F10 -> 9 | G11: ='Daily HLP'!M13 -> 776 | H11: =H10 -> 35 | I11: ='Daily HLP'!P13 -> 141 | J11: =J10 -> 134 | K11: 182 | L11: ='[1]Consommation mensuel énergie'!E19 -> 0 | M11: =E11*F11+G11*H11+#REF!*#REF!+I11*J11 -> #REF!
A12: Mumbai | B12: =B11+1 -> 11 | C12: 1 | D12: 2021 | E12: ='Daily HLP'!I14 -> 20389 | F12: =F11 -> 9 | G12: ='Daily HLP'!M14 -> 919.052 | H12: =H11 -> 35 | I12: ='Daily HLP'!P14 -> 194 | J12: =J11 -> 134 | K12: 181 | L12: ='[1]Consommation mensuel énergie'!E20 -> 0 | M12: =E12*F12+G12*H12+#REF!*#REF!+I12*J12 -> #REF!
A13: Mumbai | B13: =B12+1 -> 12 | C13: 1 | D13: 2021 | E13: ='Daily HLP'!I15 -> 20105 | F13: =F12 -> 9 | G13: ='Daily HLP'!M15 -> 954.904 | H13: =H12 -> 35 | I13: ='Daily HLP'!P15 -> 152 | J13: =J12 -> 134 | K13: 169 | L13: ='[1]Consommation mensuel énergie'!E21 -> 0 | M13: =E13*F13+G13*H13+#REF!*#REF!+I13*J13 -> #REF!
A14: Mumbai | B14: =B13+1 -> 13 | C14: 1 | D14: 2021 | E14: ='Daily HLP'!I16 -> 20850 | F14: =F13 -> 9 | G14: ='Daily HLP'!M16 -> 902.523 | H14: =H13 -> 35 | I14: ='Daily HLP'!P16 -> 174 | J14: =J13 -> 134 | K14: 174 | L14: ='[1]Consommation mensuel énergie'!E22 -> 0 | M14: =E14*F14+G14*H14+#REF!*#REF!+I14*J14 -> #REF!
A15: Mumbai | B15: =B14+1 -> 14 | C15: 1 | D15: 2021 | E15: ='Daily HLP'!I17 -> 19342 | F15: =F14 -> 9 | G15: ='Daily HLP'!M17 -> 854.403 | H15: =H14 -> 35 | I15: ='Daily HLP'!P17 -> 151 | J15: =J14 -> 134 | K15: 148 | L15: ='[1]Consommation mensuel énergie'!E23 -> 0 | M15: =E15*F15+G15*H15+#REF!*#REF!+I15*J15 -> #REF!
A16: Mumbai | B16: =B15+1 -> 15 | C16: 1 | D16: 2021 | E16: ='Daily HLP'!I18 -> 20815 | F16: =F15 -> 9 | G16: ='Daily HLP'!M18 -> 920.068 | H16: =H15 -> 35 | I16: ='Daily HLP'!P18 -> 173 | J16: =J15 -> 134 | K16: 148 | L16: ='[1]Consommation mensuel énergie'!E24 -> 0 | M16: =E16*F16+G16*H16+#REF!*#REF!+I16*J16 -> #REF!
... A19: Mumbai | B19: =B18+1 -> 18 | C19: 1 | D19: 2021 | E19: ='Daily HLP'!I21 -> 20163 | F19: =F18 -> 9 | G19: ='Daily HLP'!M21 -> 944.776 | H19: =H18 -> 35 | I19: ='Daily HLP'!P21 -> 192 | J19: =J18 -> 134 | K19: 197 | L19: ='[1]Consommation mensuel énergie'!E27 -> 0 | M19: =E19*F19+G19*H19+#REF!*#REF!+I19*J19 -> #REF!
A20: Mumbai | B20: =B19+1 -> 19 | C20: 1 | D20: 2021 | E20: ='Daily HLP'!I22 -> 19963 | F20: =F19 -> 9 | G20: ='Daily HLP'!M22 -> 914.15 | H20: =H19 -> 35 | I20: ='Daily HLP'!P22 -> 172 | J20: =J19 -> 134 | K20: 166 | L20: 283 | M20: =E20*F20+G20*H20+#REF!*#REF!+I20*J20 -> #REF!
A21: Mumbai | B21: =B20+1 -> 20 | C21: 1 | D21: 2021 | E21: ='Daily HLP'!I23 -> 19855 | F21: =F20 -> 9 | G21: ='Daily HLP'!M23 -> 930.07 | H21: =H20 -> 35 | I21: ='Daily HLP'!P23 -> 190 | J21: =J20 -> 134 | K21: 168 | L21: 333 | M21: =E21*F21+G21*H21+#REF!*#REF!+I21*J21 -> #REF!
A22: Mumbai | B22: =B21+1 -> 21 | C22: 1 | D22: 2021 | E22: ='Daily HLP'!I24 -> 19415 | F22: =F21 -> 9 | G22: ='Daily HLP'!M24 -> 906.94 | H22: =H21 -> 35 | I22: ='Daily HLP'!P24 -> 179 | J22: =J21 -> 134 | K22: 159 | L22: 324 | M22: =E22*F22+G22*H22+#REF!*#REF!+I22*J22 -> #REF!
A23: Mumbai | B23: =B22+1 -> 22 | C23: 1 | D23: 2021 | E23: ='Daily HLP'!I25 -> 19510 | F23: =F22 -> 9 | G23: ='Daily HLP'!M25 -> 904 | H23: =H22 -> 35 | I23: ='Daily HLP'!P25 -> 177 | J23: =J22 -> 134 | K23: 147 | L23: 381 | M23: =E23*F23+G23*H23+#REF!*#REF!+I23*J23 -> #REF!
A24: Mumbai | B24: =B23+1 -> 23 | C24: 1 | D24: 2021 | E24: ='Daily HLP'!I26 -> 19709 | F24: =F23 -> 9 | G24: ='Daily HLP'!M26 -> 934.94 | H24: =H23 -> 35 | I24: ='Daily HLP'!P26 -> 203 | J24: =J23 -> 134 | K24: 178 | L24: 592 | M24: =E24*F24+G24*H24+#REF!*#REF!+I24*J24 -> #REF!
A25: Mumbai | B25: =B24+1 -> 24 | C25: 1 | D25: 2021 | E25: ='Daily HLP'!I27 -> 19391 | F25: =F24 -> 9 | G25: ='Daily HLP'!M27 -> 748.12 | H25: =H24 -> 35 | I25: ='Daily HLP'!P27 -> 190 | J25: =J24 -> 134 | K25: 197 | L25: 412 | M25: =E25*F25+G25*H25+#REF!*#REF!+I25*J25 -> #REF!
A26: Mumbai | B26: =B25+1 -> 25 | C26: 1 | D26: 2021 | E26: ='Daily HLP'!I28 -> 19169 | F26: =F25 -> 9 | G26: ='Daily HLP'!M28 -> 930.86 | H26: =H25 -> 35 | I26: ='Daily HLP'!P28 -> 183 | J26: =J25 -> 134 | K26: 116 | L26: 524 | M26: =E26*F26+G26*H26+#REF!*#REF!+I26*J26 -> #REF!
A27: Mumbai | B27: =B26+1 -> 26 | C27: 1 | D27: 2021 | E27: ='Daily HLP'!I29 -> 18998 | F27: =F26 -> 9 | G27: ='Daily HLP'!M29 -> 855.14 | H27: =H26 -> 35 | I27: ='Daily HLP'!P29 -> 189 | J27: =J26 -> 134 | K27: 128 | L27: 354 | M27: =E27*F27+G27*H27+#REF!*#REF!+I27*J27 -> #REF!
A28: Mumbai | B28: =B27+1 -> 27 | C28: 1 | D28: 2021 | E28: ='Daily HLP'!I30 -> 18736 | F28: =F27 -> 9 | G28: ='Daily HLP'!M30 -> 843.94 | H28: =H27 -> 35 | I28: ='Daily HLP'!P30 -> 174 | J28: =J27 -> 134 | K28: 86 | L28: 249 | M28: =E28*F28+G28*H28+#REF!*#REF!+I28*J28 -> #REF!
A29: Mumbai | B29: =B28+1 -> 28 | C29: 1 | D29: 2021 | E29: ='Daily HLP'!I31 -> 19357 | F29: =F28 -> 9 | G29: ='Daily HLP'!M31 -> 434.06 | H29: =H28 -> 35 | I29: ='Daily HLP'!P31 -> 173 | J29: =J28 -> 134 | K29: 96 | L29: 325 | M29: =E29*F29+G29*H29+#REF!*#REF!+I29*J29 -> #REF!
A30: Mumbai | B30: =B29+1 -> 29 | C30: 1 | D30: 2021 | E30: ='Daily HLP'!I32 -> 18748 | F30: =F29 -> 9 | G30: ='Daily HLP'!M32 -> 826.97 | H30: =H29 -> 35 | I30: ='Daily HLP'!P32 -> 151 | J30: =J29 -> 134 | K30: 102 | L30: 423 | M30: =E30*F30+G30*H30+#REF!*#REF!+I30*J30 -> #REF!
A31: Mumbai | B31: =B30+1 -> 30 | C31: 1 | D31: 2021 | E31: ='Daily HLP'!I33 -> -2314382 | F31: =F30 -> 9 | G31: ='Daily HLP'!M33 -> -77642.192 | H31: =H30 -> 35 | I31: ='Daily HLP'!P33 -> -6373 | J31: =J30 -> 134 | K31: 125 | L31: ='[1]Consommation mensuel énergie'!E39 -> 0 | M31: =E31*F31+G31*H31+#REF!*#REF!+I31*J31 -> #REF!

Sheet Daily HLP
A2: Date | B2: Date | C2: Min.Tem (Degee) | D2: Avg.Temp (Degree) | E2: Hum % | F2: Occu. | G2: KWAH | I2: Electricity | M2: Gas | P2: Water | S2: Water per occiped room | T2: Diesel | W2: Water Consumption Zone | AA2: Chiller Running Hrs | AF2: Chiller Total | AG2: Chiller Avg. Laod | AH2: Boiler Running Hrs | AK2: Total boiler | AL2: Hot Water Generator | AO2: Total HWG RH | AP2: HWG Gas consumption | AQ2: Transformer -1 | BA2: Transformer -2 | BO2: Total HLP Cost | BQ2: Chiller lock at 70%
F3: % | H3: KVAH | I3: Units (Kwh) | J3: Rate | K3: Total Cost(Rs) | L3: Per room | M3: Total Units(CuM) | N3: Rate | O3: Total Cost(Rs) | P3: Units(KL) | Q3: Rate | R3: Total Cost(Rs) | T3: Ltrs | U3: Rate | V3: Total Cost(Rs) | W3: Zone-1 | X3: Zone-2 | Y3: Zone-3 | AA3: CH1 | AB3: CH2 | AC3: CH3 | AD3: CH4 | AE3: Total chiller | AH3: Boiler1 | AI3: Boiler2 | AJ3: Boiler3 | AL3: HWG1 | AM3: HWG2 | AQ3: HVAC-1 | AR3: FPP-1 | AS3: MPP | AT3: Lighting-1 | AU3: Cap bank 1100KVAR-1 | AV3: CH-1 | AW3: CH-2 | AX3: Chilled water Pump | AY3: Co Generator | AZ3: Ball Room-2 | BA3: HVAC-2 | BB3: FPP-2 | BC3: MPP | BD3: Lighting-2 | BE3: Cap bank 1200KVAR-2 | BF3: CH-3 | BG3: CH-4 | BH3: Chilled water Pump | BI3: Ball Room-1 | BK3: Cooling Tower consumption | BL3: HVAC% | BM3: Lighting% | BN3: Power% | BP3: Chiller Plant IKW
A4: 1 | B4: 1 | D4: ='1'!D3 -> 31 | E4: ='1'!D4 -> 0.72 | F4: ='1'!D2 -> 0.43 | G4: ='1'!G8 -> 20383 | H4: ='1'!G8 -> 20383 | I4: ='1'!G7 -> 20215 | J4: ='1'!F27 -> 9 | K4: =H4*J4 -> 183447 | L4: =I4/202 -> 100.07426 | M4: ='1'!G15 -> 693.9 | N4: 35 | O4: =M4*N4 -> 24286.5 | P4: ='1'!G20 -> 197 | Q4: 134 | R4: =P4*Q4 -> 26398 | S4: =P4/(F4*202/100) -> 226.80175 | T4: ='1'!G24 -> 0 | U4: 69 | V4: =T4*U4 -> 0 | W4: ='1'!G95 -> 60 | X4: ='1'!G96 -> 33 | Y4: ='1'!G97 -> 37 | Z4: =W4+X4+Y4 -> 130 | AA4: ='1'!G132 -> 0 | AB4: ='1'!G133 -> 0 | AC4: ='1'!G134 -> 0 | AD4: ='1'!G135 -> 23.61 | AE4: =AA4+AB4+AC4+AD4 -> 23.61 | AF4: =AV4+AW4+BF4+BG4 -> 5051.9 | AG4: =AF4/AE4 -> 213.97289 | AH4: ='1'!G136 -> 2.15 | AI4: ='1'!G137 -> 0 | AJ4: ='1'!G138 -> 5.36 | AK4: =AH4+AI4+AJ4 -> 7.51 | AL4: ='1'!G139 -> 0 | AM4: ='1'!G140 -> 9.75 | AO4: =AL4+AM4 -> 9.75 | AP4: ='1'!G123 -> 293.95 | AQ4: ='1'!G35 -> 0 | AR4: ='1'!G37 -> 0 | AS4: ='1'!G38 -> 0 | AT4: ='1'!G39 -> 0 | AU4: ='1'!G40 -> 0 | AV4: ='1'!G41 -> 0.02 | AW4: ='1'!G42 -> 0 | AX4: ='1'!G43 -> 1964.57 | AY4: ='1'!G44 -> 0 | AZ4: ='1'!G36 -> 693.93 | BA4: ='1'!G49 -> 2937 | BB4: ='1'!G51 -> 1471.89 | BC4: ='1'!G52 -> 2161.37 | BD4: ='1'!G53 -> 4286.03 | BE4: ='1'!G54 -> 62.46 | BF4: ='1'!G55 -> -0.37 | BG4: ='1'!G56 -> 5052.25 | BH4: ='1'!G57 -> 0 | BI4: ='1'!G50 -> 1013.57 | BJ4: =SUM(AV4,AW4,BF4,BG4) -> 5051.9 | BK4: ='1'!G84 -> 446 | BL4: =SUM(AQ4,AV4,AW4,AX4,BA4,BF4,BG4,BH4)/I4% -> 49.238041 | BM4: =SUM(AT4,BD4)/I4% -> 21.202226 | BN4: =(AS4+BC4)/I4 -> 0.10691912 | BO4: =K4+O4+R4+V4 -> 234131.5 | BP4: =SUM(AV4,AW4,AX4,BF4,BG4,BH4,BK4) -> 7462.47 | BQ4: =BP4/(AE4*280) -> 1.1288301 | BR4: =SUM(AV4,AW4,BF4,BG4)/(AE4*400) -> 0.53493223
A5: 2 | B5: 2 | D5: ='2'!D3 -> 27 | E5: ='2'!D4 -> 0.74 | F5: ='2'!D2 -> 0.54 | G5: ='2'!G8 -> 19732 | H5: ='2'!G8 -> 19732 | I5: ='2'!G7 -> 19576 | J5: 10 | K5: =H5*J5 -> 197320 | L5: =I5/202 -> 96.910891 | M5: ='2'!G15 -> 822.62 | N5: 35 | O5: =M5*N5 -> 28791.7 | P5: ='2'!G20 -> 175 | Q5: 134 | R5: =P5*Q5 -> 23450 | S5: =P5/(F5*202/100) -> 160.43271 | T5: ='2'!G24 -> 0 | U5: 69 | V5: =T5*U5 -> 0 | W5: ='2'!G95 -> 71 | X5: ='2'!G96 -> 16 | Y5: ='2'!G97 -> 23 | Z5: =W5+X5+Y5 -> 110 | AA5: ='2'!G132 -> 0 | AB5: ='2'!G133 -> 0 | AC5: ='2'!G134 -> 0 | AD5: ='2'!G135 -> 24.47 | AE5: =AA5+AB5+AC5+AD5 -> 24.47 | AF5: =AV5+AW5+BF5+BG5 -> 4714.86 | AG5: =AF5/AE5 -> 192.6792 | AH5: ='2'!G136 -> 7.01 | AI5: ='2'!G137 -> 0 | AJ5: ='2'!G138 -> 0 | AK5: =AH5+AI5+AJ5 -> 7.01 | AL5: ='2'!G139 -> 0 | AM5: ='2'!G140 -> 9.13 | AO5: =AL5+AM5 -> 9.13 | AP5: ='2'!G123 -> 276.39 | AQ5: ='2'!G35 -> 0 | AR5: ='2'!G37 -> 0 | AS5: ='2'!G38 -> 0 | AT5: ='2'!G39 -> 0 | AU5: ='2'!G40 -> 0 | AV5: ='2'!G41 -> -0.07 | AW5: ='2'!G42 -> 0 | AX5: ='2'!G43 -> 2000 | AY5: ='2'!G44 -> 0 | AZ5: ='2'!G36 -> 643.55 | BA5: ='2'!G49 -> 2838.81 | BB5: ='2'!G51 -> 1418 | BC5: ='2'!G52 -> 2047 | BD5: ='2'!G53 -> 4119 | BE5: ='2'!G54 -> 59.98 | BF5: ='2'!G55 -> 0.1 | BG5: ='2'!G56 -> 4714.83 | BH5: ='2'!G57 -> 0 | BI5: ='2'!G50 -> 977.51 | BJ5: =SUM(AV5,AW5,BF5,BG5) -> 4714.86 | BK5: ='2'!G84 -> 484 | BL5: =SUM(AQ5,AV5,AW5,AX5,BA5,BF5,BG5,BH5)/I5% -> 48.802973 | BM5: =SUM(AT5,BD5)/I5% -> 21.041071 | BN5: =(AS5+BC5)/I5 -> 0.10456682 | BO5: =K5+O5+R5+V5 -> 249561.7 | BP5: =SUM(AV5,AW5,AX5,BF5,BG5,BH5,BK5) -> 7198.86 | BQ5: =BP5/(AE5*280) -> 1.0506831
A6: 3 | B6: 3 | D6: ='3'!D3 -> 24 | E6: ='3'!D4 -> 0.76 | F6: ='3'!D2 -> 0.39 | G6: ='3'!G8 -> 19432 | H6: ='3'!G8 -> 19432 | I6: ='3'!G7 -> 19258 | J6: 10 | K6: =H6*J6 -> 194320 | L6: =I6/202 -> 95.336634 | M6: ='3'!G15 -> 815.69 | N6: 35 | O6: =M6*N6 -> 28549.15 | P6: ='3'!G20 -> 167 | Q6: 134 | R6: =P6*Q6 -> 22378 | S6: =P6/(F6*202/100) -> 211.98274 | T6: ='3'!G24 -> 0 | U6: 69 | V6: =T6*U6 -> 0 | W6: ='3'!G95 -> 60 | X6: ='3'!G96 -> 20 | Y6: ='3'!G97 -> 17 | Z6: =W6+X6+Y6 -> 97 | AA6: ='3'!G132 -> 0 | AB6: ='3'!G133 -> 0 | AC6: ='3'!G134 -> 0 | AD6: ='3'!G135 -> 23.85 | AE6: =AA6+AB6+AC6+AD6 -> 23.85 | AF6: =AV6+AW6+BF6+BG6 -> 4109.17 | AG6: =AF6/AE6 -> 172.29224 | AH6: ='3'!G136 -> 7.94 | AI6: ='3'!G137 -> 0 | AJ6: ='3'!G138 -> 0 | AK6: =AH6+AI6+AJ6 -> 7.94 | AL6: ='3'!G139 -> 0 | AM6: ='3'!G140 -> 7.93 | AO6: =AL6+AM6 -> 7.93 | AP6: ='3'!G123 -> 245.61 | AQ6: ='3'!G35 -> 0 | AR6: ='3'!G37 -> 0 | AS6: ='3'!G38 -> 0 | AT6: ='3'!G39 -> 0 | AU6: ='3'!G40 -> 0 | AV6: ='3'!G41 -> 0 | AW6: ='3'!G42 -> 0 | AX6: ='3'!G43 -> 2040.79 | AY6: ='3'!G44 -> 0 | AZ6: ='3'!G36 -> 597.26 | BA6: ='3'!G49 -> 2802.63 | BB6: ='3'!G51 -> 1376.59 | BC6: ='3'!G52 -> 2064 | BD6: ='3'!G53 -> 4158.79 | BE6: ='3'!G54 -> 59.02 | BF6: ='3'!G55 -> 0 | BG6: ='3'!G56 -> 4109.17 | BH6: ='3'!G57 -> 0 | BI6: ='3'!G50 -> 1334.16 | BJ6: =SUM(AV6,AW6,BF6,BG6) -> 4109.17 | BK6: ='3'!G84 -> 489 | BL6: =SUM(AQ6,AV6,AW6,AX6,BA6,BF6,BG6,BH6)/I6% -> 46.487641 | BM6: =SUM(AT6,BD6)/I6% -> 21.595129 | BN6: =(AS6+BC6)/I6 -> 0.10717624 | BO6: =K6+O6+R6+V6 -> 245247.15 | BP6: =SUM(AV6,AW6,AX6,BF6,BG6,BH6,BK6) -> 6638.96 | BQ6: =BP6/(AE6*280) -> 0.99415394
A7: 4 | B7: 4 | D7: ='4'!D3 -> 28 | E7: ='4'!D4 -> 0.8 | F7: ='4'!D2 -> 0.21 | G7: ='4'!G8 -> 18672 | H7: ='4'!G8 -> 18672 | I7: ='4'!G7 -> 18476 | J7: 10 | K7: =H7*J7 -> 186720 | L7: =I7/202 -> 91.465347 | M7: ='4'!G15 -> 757.69 | N7: 35 | O7: =M7*N7 -> 26519.15 | P7: ='4'!G20 -> 153 | Q7: 134 | R7: =P7*Q7 -> 20502 | S7: =P7/(F7*202/100) -> 360.67893 | T7: ='4'!G24 -> 0 | U7: 69 | V7: =T7*U7 -> 0 | W7: ='4'!G95 -> 68 | X7: ='4'!G96 -> 14 | Y7: ='4'!G97 -> 15 | Z7: =W7+X7+Y7 -> 97 | AA7: ='4'!G132 -> 0 | AB7: ='4'!G133 -> 0 | AC7: ='4'!G134 -> 0 | AD7: ='4'!G135 -> 24.14 | AE7: =AA7+AB7+AC7+AD7 -> 24.14 | AF7: =AV7+AW7+BF7+BG7 -> 4016.91 | AG7: =AF7/AE7 -> 166.40058 | AH7: ='4'!G136 -> 8.59 | AI7: ='4'!G137 -> 0 | AJ7: ='4'!G138 -> 0 | AK7: =AH7+AI7+AJ7 -> 8.59 | AL7: ='4'!G139 -> 0 | AM7: ='4'!G140 -> 7.66 | AO7: =AL7+AM7 -> 7.66 | AP7: ='4'!G123 -> 226.42 | AQ7: ='4'!G35 -> 0 | AR7: ='4'!G37 -> 0 | AS7: ='4'!G38 -> 0.38 | AT7: ='4'!G39 -> 0 | AU7: ='4'!G40 -> 0 | AV7: ='4'!G41 -> 0 | AW7: ='4'!G42 -> -0.09 | AX7: ='4'!G43 -> 1991.21 | AY7: ='4'!G44 -> 0 | AZ7: ='4'!G36 -> 635.19 | BA7: ='4'!G49 -> 2986.56 | BB7: ='4'!G51 -> 1381.41 | BC7: ='4'!G52 -> 1862 | BD7: ='4'!G53 -> 3898.21 | BE7: ='4'!G54 -> 57.52 | BF7: ='4'!G55 -> 0 | BG7: ='4'!G56 -> 4017 | BH7: ='4'!G57 -> 0 | BI7: ='4'!G50 -> 930.33 | BJ7: =SUM(AV7,AW7,BF7,BG7) -> 4016.91 | BK7: ='3'!G84 -> 489 | BL7: =SUM(AQ7,AV7,AW7,AX7,BA7,BF7,BG7,BH7)/I7% -> 48.683048 | BM7: =SUM(AT7,BD7)/I7% -> 21.098777 | BN7: =(AS7+BC7)/I7 -> 0.10079996 | BO7: =K7+O7+R7+V7 -> 233741.15 | BP7: =SUM(AV7,AW7,AX7,BF7,BG7,BH7,BK7) -> 6497.12 | BQ7: =BP7/(AE7*280) -> 0.96122618
A8: 5 | B8: 5 | D8: ='5'!D3 -> 22 | E8: ='5'!D4 -> 0.78 | F8: ='5'!D2 -> 0.23 | G8: ='5'!G8 -> 18082 | H8: ='5'!G8 -> 18082 | I8: ='5'!G7 -> 17831 | J8: 10 | K8: =H8*J8 -> 180820 | L8: =I8/202 -> 88.272277 | M8: ='5'!G15 -> 526 | N8: 35 | O8: =M8*N8 -> 18410 | P8: ='5'!G20 -> 132 | Q8: 134 | R8: =P8*Q8 -> 17688 | S8: =P8/(F8*202/100) -> 284.11537 | T8: ='5'!G24 -> 0 | U8: 69 | V8: =T8*U8 -> 0 | W8: ='5'!G95 -> 44 | X8: ='5'!G96 -> 18 | Y8: ='5'!G97 -> 15 | Z8: =W8+X8+Y8 -> 77 | AA8: ='5'!G132 -> 0 | AB8: ='5'!G133 -> 0 | AC8: ='5'!G134 -> 0 | AD8: ='5'!G135 -> 24.1 | AE8: =AA8+AB8+AC8+AD8 -> 24.1 | AF8: =AV8+AW8+BF8+BG8 -> 3520 | AG8: =AF8/AE8 -> 146.05809 | AH8: ='5'!G136 -> -0.39 | AI8: ='5'!G137 -> 0 | AJ8: ='5'!G138 -> 7.72 | AK8: =AH8+AI8+AJ8 -> 7.33 | AL8: ='5'!G139 -> 0 | AM8: ='5'!G140 -> 7.86 | AO8: =AL8+AM8 -> 7.86 | AP8: ='5'!G123 -> 238.07 | AQ8: ='5'!G35 -> 0 | AR8: ='5'!G37 -> 0 | AS8: ='5'!G38 -> 0 | AT8: ='5'!G39 -> 0 | AU8: ='5'!G40 -> 0 | AV8: ='5'!G41 -> 0 | AW8: ='5'!G42 -> 0 | AX8: ='5'!G43 -> 2032.87 | AY8: ='5'!G44 -> 0 | AZ8: ='5'!G36 -> 816.73 | BA8: ='5'!G49 -> 2800.66 | BB8: ='5'!G51 -> 1371.48 | BC8: ='5'!G52 -> 1884 | BD8: ='5'!G53 -> 3854 | BE8: ='5'!G54 -> 57.28 | BF8: ='5'!G55 -> 0 | BG8: ='5'!G56 -> 3520 | BH8: ='5'!G57 -> 0 | BI8: ='5'!G50 -> 956.67 | BJ8: =SUM(AV8,AW8,BF8,BG8) -> 3520 | BK8: ='5'!G84 -> 568 | BL8: =SUM(AQ8,AV8,AW8,AX8,BA8,BF8,BG8,BH8)/I8% -> 46.848354 | BM8: =SUM(AT8,BD8)/I8% -> 21.614043 | BN8: =(AS8+BC8)/I8 -> 0.10565868 | BO8: =K8+O8+R8+V8 -> 216918 | BP8: =SUM(AV8,AW8,AX8,BF8,BG8,BH8,BK8) -> 6120.87 | BQ8: =BP8/(AE8*280) -> 0.90706432
A9: 6 | B9: 6 | D9: ='6'!D3 -> 24 | E9: ='6'!D4 -> 0.72 | F9: ='6'!D2 -> 0.41 | G9: ='6'!G8 -> 18075 | H9: ='6'!G8 -> 18075 | I9: ='6'!G7 -> 17839 | J9: 10 | K9: =H9*J9 -> 180750 | L9: =I9/202 -> 88.311881 | M9: ='6'!G15 -> 694.7 | N9: 35 | O9: =M9*N9 -> 24314.5 | P9: ='6'!G20 -> 118 | Q9: 134 | R9: =P9*Q9 -> 15812 | S9: =P9/(F9*202/100) -> 142.47766 | T9: ='6'!G24 -> 0 | U9: 69 | V9: =T9*U9 -> 0 | W9: ='6'!G95 -> 57 | X9: ='6'!G96 -> 21 | Y9: ='6'!G97 -> 12 | Z9: =W9+X9+Y9 -> 90 | AA9: ='6'!G132 -> 0 | AB9: ='6'!G133 -> 0 | AC9: ='6'!G134 -> 0 | AD9: ='6'!G135 -> 24.47 | AE9: =AA9+AB9+AC9+AD9 -> 24.47 | AF9: =AV9+AW9+BF9+BG9 -> 3389 | AG9: =AF9/AE9 -> 138.49612 | AH9: ='6'!G136 -> 7.38 | AI9: ='6'!G137 -> 0 | AJ9: ='6'!G138 -> 0 | AK9: =AH9+AI9+AJ9 -> 7.38 | AL9: ='6'!G139 -> 0 | AM9: ='6'!G140 -> 6.59 | AO9: =AL9+AM9 -> 6.59 | AP9: ='6'!G123 -> 200.51 | AQ9: ='6'!G35 -> 0 | AR9: ='6'!G37 -> 0 | AS9: ='6'!G38 -> 0 | AT9: ='6'!G39 -> 0 | AU9: ='6'!G40 -> 0 | AV9: ='6'!G41 -> 0 | AW9: ='6'!G42 -> 0 | AX9: ='6'!G43 -> 2064.13 | AY9: ='6'!G44 -> 0 | AZ9: ='6'!G36 -> 872.27 | BA9: ='6'!G49 -> 2791.14 | BB9: ='6'!G51 -> 1400.52 | BC9: ='6'!G52 -> 1958 | BD9: ='6'!G53 -> 3789 | BE9: ='6'!G54 -> 65.63 | BF9: ='6'!G55 -> 0 | BG9: ='6'!G56 -> 3389 | BH9: ='6'!G57 -> 0 | BI9: ='6'!G50 -> 899.33 | BJ9: =SUM(AV9,AW9,BF9,BG9) -> 3389 | BK9: ='6'!G84 -> 544 | BL9: =SUM(AQ9,AV9,AW9,AX9,BA9,BF9,BG9,BH9)/I9% -> 46.214866 | BM9: =SUM(AT9,BD9)/I9% -> 21.23998 | BN9: =(AS9+BC9)/I9 -> 0.10975952 | BO9: =K9+O9+R9+V9 -> 220876.5 | BP9: =SUM(AV9,AW9,AX9,BF9,BG9,BH9,BK9) -> 5997.13 | BQ9: =BP9/(AE9*280) -> 0.87528898
A10: 7 | B10: 7 | D10: ='7'!D3 -> 30 | E10: ='7'!D4 -> 0.65 | F10: ='7'!D2 -> 0.44 | G10: ='7'!G8 -> 18172 | H10: ='7'!G8 -> 18172 | I10: ='7'!G7 -> 17899 | J10: 10 | K10: =H10*J10 -> 181720 | L10: =I10/202 -> 88.608911 | M10: ='7'!G15 -> 621.3 | N10: 35 | O10: =M10*N10 -> 21745.5 | P10: ='7'!G20 -> 122 | Q10: 134 | R10: =P10*Q10 -> 16348 | S10: =P10/(F10*202/100) -> 137.26373 | T10: ='7'!G24 -> 0 | U10: 69 | V10: =T10*U10 -> 0 | W10: ='7'!G95 -> 48 | X10: ='7'!G96 -> 14 | Y10: ='7'!G97 -> 15 | Z10: =W10+X10+Y10 -> 77 | AA10: ='7'!G132 -> 0 | AB10: ='7'!G133 -> 0 | AC10: ='7'!G134 -> 0 | AD10: ='7'!G135 -> 23.97 | AE10: =AA10+AB10+AC10+AD10 -> 23.97 | AF10: =AV10+AW10+BF10+BG10 -> 3605 | AG10: =AF10/AE10 -> 150.39633 | AH10: ='7'!G136 -> 2.07 | AI10: ='7'!G137 -> 0 | AJ10: ='7'!G138 -> 7.37 | AK10: =AH10+AI10+AJ10 -> 9.44 | AL10: ='7'!G139 -> 0 | AM10: ='7'!G140 -> 7.67 | AO10: =AL10+AM10 -> 7.67 | AP10: ='7'!G123 -> 238 | AQ10: ='7'!G35 -> 0 | AR10: ='7'!G37 -> 0 | AS10: ='7'!G38 -> -0.38 | AT10: ='7'!G39 -> 0 | AU10: ='7'!G40 -> 0 | AV10: ='7'!G41 -> 0 | AW10: ='7'!G42 -> 0 | AX10: ='7'!G43 -> 2063 | AY10: ='7'!G44 -> 0 | AZ10: ='7'!G36 -> 812 | BA10: ='7'!G49 -> 2601.2 | BB10: ='7'!G51 -> 1423 | BC10: ='7'!G52 -> 2008 | BD10: ='7'!G53 -> 3874 | BE10: ='7'!G54 -> 62.57 | BF10: ='7'!G55 -> 0 | BG10: ='7'!G56 -> 3605 | BH10: ='7'!G57 -> 0 | BI10: ='7'!G50 -> 938 | BJ10: =SUM(AV10,AW10,BF10,BG10) -> 3605 | BK10: ='7'!G84 -> 452 | BL10: =SUM(AQ10,AV10,AW10,AX10,BA10,BF10,BG10,BH10)/I10% -> 46.199229 | BM10: =SUM(AT10,BD10)/I10% -> 21.643667 | BN10: =(AS10+BC10)/I10 -> 0.11216381 | BO10: =K10+O10+R10+V10 -> 219813.5 | BP10: =SUM(AV10,AW10,AX10,BF10,BG10,BH10,BK10) -> 6120 | BQ10: =BP10/(AE10*280) -> 0.9118541
A11: 8 | B11: 8 | D11: ='8'!D3 -> 30 | E11: ='8'!D4 -> 0.66 | F11: ='8'!D2 -> 0.45 | G11: ='8'!G8 -> 19066 | H11: ='8'!G8 -> 19066 | I11: ='8'!G7 -> 18873 | J11: 10 | K11: =H11*J11 -> 190660 | L11: =I11/202 -> 93.430693 | M11: ='8'!G15 -> 752 | N11: 35 | O11: =M11*N11 -> 26320 | P11: ='8'!G20 -> 128 | Q11: 134 | R11: =P11*Q11 -> 17152 | S11: =P11/(F11*202/100) -> 140.81408 | T11: ='8'!G24 -> 0 | U11: 69 | V11: =T11*U11 -> 0 | W11: ='8'!G95 -> 59 | X11: ='8'!G96 -> 16 | Y11: ='8'!G97 -> 16 | Z11: =W11+X11+Y11 -> 91 | AA11: ='8'!G132 -> 0 | AB11: ='8'!G133 -> 0 | AC11: ='8'!G134 -> 0 | AD11: ='8'!G135 -> 24 | AE11: =AA11+AB11+AC11+AD11 -> 24 | AF11: =AV11+AW11+BF11+BG11 -> 4131 | AG11: =AF11/AE11 -> 172.125 | AH11: ='8'!G136 -> 8.21 | AI11: ='8'!G137 -> 0 | AJ11: ='8'!G138 -> 0 | AK11: =AH11+AI11+AJ11 -> 8.21 | AL11: ='8'!G139 -> 0 | AM11: ='8'!G140 -> 6.97 | AO11: =AL11+AM11 -> 6.97 | AP11: ='8'!G123 -> 209 | AQ11: ='8'!G35 -> 0 | AR11: ='8'!G37 -> 0 | AS11: ='8'!G38 -> 0 | AT11: ='8'!G39 -> 0 | AU11: ='8'!G40 -> 0 | AV11: ='8'!G41 -> 0 | AW11: ='8'!G42 -> 0 | AX11: ='8'!G43 -> 2058 | AY11: ='8'!G44 -> 0 | AZ11: ='8'!G36 -> 787 | BA11: ='8'!G49 -> 2830 | BB11: ='8'!G51 -> 1426 | BC11: ='8'!G52 -> 1991 | BD11: ='8'!G53 -> 3961 | BE11: ='8'!G54 -> 56 | BF11: ='8'!G55 -> 0 | BG11: ='8'!G56 -> 4131 | BH11: ='8'!G57 -> 0 | BI11: ='8'!G50 -> 990 | BJ11: =SUM(AV11,AW11,BF11,BG11) -> 4131 | BK11: ='8'!G84 -> 518 | BL11: =SUM(AQ11,AV11,AW11,AX11,BA11,BF11,BG11,BH11)/I11% -> 47.787845 | BM11: =SUM(AT11,BD11)/I11% -> 20.987654 | BN11: =(AS11+BC11)/I11 -> 0.10549462 | BO11: =K11+O11+R11+V11 -> 234132 | BP11: =SUM(AV11,AW11,AX11,BF11,BG11,BH11,BK11) -> 6707 | BQ11: =BP11/(AE11*280) -> 0.99806548
A12: 9 | B12: 9 | D12: ='9'!D3 -> 31 | E12: ='9'!D4 -> 0.65 | F12: ='9'!D2 -> 0.75 | G12: ='9'!G8 -> 19030 | H12: ='9'!G8 -> 19030 | I12: ='9'!G7 -> 18833 | J12: 10 | K12: =H12*J12 -> 190300 | L12: =I12/202 -> 93.232673 | M12: ='9'!G15 -> 759 | N12: 35 | O12: =M12*N12 -> 26565 | P12: ='9'!G20 -> 157 | Q12: 134 | R12: =P12*Q12 -> 21038 | S12: =P12/(F12*202/100) -> 103.63036 | T12: ='9'!G24 -> 0 | U12: 69 | V12: =T12*U12 -> 0 | W12: ='9'!G95 -> 68 | X12: ='9'!G96 -> 17 | Y12: ='9'!G97 -> 22 | Z12: =W12+X12+Y12 -> 107 | AA12: ='9'!G132 -> 0 | AB12: ='9'!G133 -> 0 | AC12: ='9'!G134 -> 0 | AD12: ='9'!G135 -> 24 | AE12: =AA12+AB12+AC12+AD12 -> 24 | AF12: =AV12+AW12+BF12+BG12 -> 4116 | AG12: =AF12/AE12 -> 171.5 | AH12: ='9'!G136 -> 7.19 | AI12: ='9'!G137 -> 0 | AJ12: ='9'!G138 -> 0.72 | AK12: =AH12+AI12+AJ12 -> 7.91 | AL12: ='9'!G139 -> 0 | AM12: ='9'!G140 -> 7.15 | AO12: =AL12+AM12 -> 7.15 | AP12: ='9'!G123 -> 217 | AQ12: ='9'!G35 -> 0 | AR12: ='9'!G37 -> 0 | AS12: ='9'!G38 -> 0 | AT12: ='9'!G39 -> 0 | AU12: ='9'!G40 -> 0 | AV12: ='9'!G41 -> 0 | AW12: ='9'!G42 -> 0 | AX12: ='9'!G43 -> 2063 | AY12: ='9'!G44 -> 0 | AZ12: ='9'!G36 -> 624 | BA12: ='9'!G49 -> 2759 | BB12: ='9'!G51 -> 1480 | BC12: ='9'!G52 -> 2047 | BD12: ='9'!G53 -> 4014 | BE12: ='9'!G54 -> 55 | BF12: ='9'!G55 -> 0 | BG12: ='9'!G56 -> 4116 | BH12: ='9'!G57 -> 0 | BI12: ='9'!G50 -> 995 | BJ12: =SUM(AV12,AW12,BF12,BG12) -> 4116 | BK12: ='8'!G84 -> 518 | BL12: =SUM(AQ12,AV12,AW12,AX12,BA12,BF12,BG12,BH12)/I12% -> 47.459247 | BM12: =SUM(AT12,BD12)/I12% -> 21.313652 | BN12: =(AS12+BC12)/I12 -> 0.10869219 | BO12: =K12+O12+R12+V12 -> 237903 | BP12: =SUM(AV12,AW12,AX12,BF12,BG12,BH12,BK12) -> 6697 | BQ12: =BP12/(AE12*280) -> 0.99657738
A13: 10 | B13: 10 | D13: ='10'!D3 -> 29 | E13: ='10'!D4 -> 0.77 | F13: ='10'!D2 -> 0.64 | G13: ='10'!G8 -> 20381 | H13: ='10'!G8 -> 20381 | I13: ='10'!G7 -> 20209 | J13: 10 | K13: =H13*J13 -> 203810 | L13: =I13/202 -> 100.04455 | M13: ='10'!G15 -> 776 | N13: 35 | O13: =M13*N13 -> 27160 | P13: ='10'!G20 -> 141 | Q13: 134 | R13: =P13*Q13 -> 18894 | S13: =P13/(F13*202/100) -> 109.06559 | T13: ='10'!G24 -> 0 | U13: 69 | V13: =T13*U13 -> 0 | W13: ='10'!G95 -> 61 | X13: ='10'!G96 -> 21 | Y13: ='10'!G97 -> 27 | Z13: =W13+X13+Y13 -> 109 | AA13: ='10'!G132 -> 0 | AB13: ='10'!G133 -> 0 | AC13: ='10'!G134 -> 0 | AD13: ='10'!G135 -> 24 | AE13: =AA13+AB13+AC13+AD13 -> 24 | AF13: =AV13+AW13+BF13+BG13 -> 4689 | AG13: =AF13/AE13 -> 195.375 | AH13: ='10'!G136 -> 4.11 | AI13: ='10'!G137 -> 0 | AJ13: ='10'!G138 -> 4.77 | AK13: =AH13+AI13+AJ13 -> 8.88 | AL13: ='10'!G139 -> 0 | AM13: ='10'!G140 -> 8.26 | AO13: =AL13+AM13 -> 8.26 | AP13: ='10'!G123 -> 251 | AQ13: ='10'!G35 -> 0 | AR13: ='10'!G37 -> 0 | AS13: ='10'!G38 -> 0 | AT13: ='10'!G39 -> 0 | AU13: ='10'!G40 -> 0 | AV13: ='10'!G41 -> 0 | AW13: ='10'!G42 -> 0 | AX13: ='10'!G43 -> 2061 | AY13: ='10'!G44 -> 0 | AZ13: ='10'!G36 -> 601 | BA13: ='10'!G49 -> 2846 | BB13: ='10'!G51 -> 1451 | BC13: ='10'!G52 -> 2096 | BD13: ='10'!G53 -> 4463 | BE13: ='10'!G54 -> 57 | BF13: ='10'!G55 -> 0 | BG13: ='10'!G56 -> 4689 | BH13: ='10'!G57 -> 0 | BI13: ='10'!G50 -> 1317 | BJ13: =SUM(AV13,AW13,BF13,BG13) -> 4689 | BK13: ='8'!G84 -> 518 | BL13: =SUM(AQ13,AV13,AW13,AX13,BA13,BF13,BG13,BH13)/I13% -> 47.483794 | BM13: =SUM(AT13,BD13)/I13% -> 22.08422 | BN13: =(AS13+BC13)/I13 -> 0.10371617 | BO13: =K13+O13+R13+V13 -> 249864 | BP13: =SUM(AV13,AW13,AX13,BF13,BG13,BH13,BK13) -> 7268 | BQ13: =BP13/(AE13*280) -> 1.0815476
A14: 11 | B14: 11 | D14: ='11'!D3 -> 29 | E14: ='11'!D4 -> 0.68 | F14: ='11'!D2 -> 0.599 | G14: ='11'!G8 -> 20492 | H14: ='11'!G8 -> 20492 | I14: ='11'!G7 -> 20389 | J14: 10 | K14: =H14*J14 -> 204920 | L14: =I14/202 -> 100.93564 | M14: ='11'!G15 -> 919.052 | N14: 35 | O14: =M14*N14 -> 32166.82 | P14: ='11'!G20 -> 194 | Q14: 134 | R14: =P14*Q14 -> 25996 | S14: =P14/(F14*202/100) -> 160.33323 | T14: ='11'!G24 -> 0 | U14: 69 | V14: =T14*U14 -> 0 | W14: ='11'!G95 -> 93 | X14: ='11'!G96 -> 19 | Y14: ='11'!G97 -> 20 | Z14: =W14+X14+Y14 -> 132 | AA14: ='11'!G132 -> 0 | AB14: ='11'!G133 -> 0 | AC14: ='11'!G134 -> 9.27 | AD14: ='11'!G135 -> 15 | AE14: =AA14+AB14+AC14+AD14 -> 24.27 | AF14: =AV14+AW14+BF14+BG14 -> 4923.0387 | AG14: =AF14/AE14 -> 202.84461 | AH14: ='11'!G136 -> 0 | AI14: ='11'!G137 -> 9.89 | AJ14: ='11'!G138 -> 0 | AK14: =AH14+AI14+AJ14 -> 9.89 | AL14: ='11'!G139 -> -0.37 | AM14: ='11'!G140 -> 7.54 | AO14: =AL14+AM14 -> 7.17 | AP14: ='11'!G123 -> 228.85 | AQ14: ='11'!G35 -> 0.67 | AR14: ='11'!G37 -> 0 | AS14: ='11'!G38 -> 0 | AT14: ='11'!G39 -> 0 | AU14: ='11'!G40 -> 0 | AV14: ='11'!G41 -> 0 | AW14: ='11'!G42 -> 0.099 | AX14: ='11'!G43 -> 2107.83 | AY14: ='11'!G44 -> 0 | AZ14: ='11'!G36 -> 585.07 | BA14: ='11'!G49 -> 2990.63 | BB14: ='11'!G51 -> 1460.735 | BC14: ='11'!G52 -> 2206.59 | BD14: ='11'!G53 -> 4114.21 | BE14: ='11'!G54 -> 55.5955 | BF14: ='11'!G55 -> 1753.7097 | BG14: ='11'!G56 -> 3169.23 | BH14: ='11'!G57 -> 0 | BI14: ='11'!G50 -> 1238.47 | BJ14: =SUM(AV14,AW14,BF14,BG14) -> 4923.0387 | BK14: ='11'!G84 -> 661 | BL14: =SUM(AQ14,AV14,AW14,AX14,BA14,BF14,BG14,BH14)/I14% -> 49.154783 | BM14: =SUM(AT14,BD14)/I14% -> 20.178577 | BN14: =(AS14+BC14)/I14 -> 0.10822453 | BO14: =K14+O14+R14+V14 -> 263082.82 | BP14: =SUM(AV14,AW14,AX14,BF14,BG14,BH14,BK14) -> 7691.8687 | BQ14: =BP14/(AE14*280) -> 1.1318896
A15: 12 | B15: 12 | D15: ='12'!D3 -> 24 | E15: ='12'!D4 -> 0.68 | F15: ='12'!D2 -> 0.72 | G15: ='12'!G8 -> 20191 | H15: ='12'!G8 -> 20191 | I15: ='12'!G7 -> 20105 | J15: 10 | K15: =H15*J15 -> 201910 | L15: =I15/202 -> 99.529703 | M15: ='12'!G15 -> 954.904 | N15: 35 | O15: =M15*N15 -> 33421.64 | P15: ='12'!G20 -> 152 | Q15: 134 | R15: =P15*Q15 -> 20368 | S15: =P15/(F15*202/100) -> 104.51045 | T15: ='12'!G24 -> 0 | U15: 69 | V15: =T15*U15 -> 0 | W15: ='12'!G95 -> 71 | X15: ='12'!G96 -> 21 | Y15: ='12'!G97 -> 17 | Z15: =W15+X15+Y15 -> 109 | AA15: ='12'!G132 -> 0 | AB15: ='12'!G133 -> 0 | AC15: ='12'!G134 -> 24.12 | AD15: ='12'!G135 -> 0 | AE15: =AA15+AB15+AC15+AD15 -> 24.12 | AF15: =AV15+AW15+BF15+BG15 -> 4720.4603 | AG15: =AF15/AE15 -> 195.70731 | AH15: ='12'!G136 -> 9.95 | AI15: ='12'!G137 -> 0.06 | AJ15: ='12'!G138 -> 1.19 | AK15: =AH15+AI15+AJ15 -> 11.2 | AL15: ='12'!G139 -> 0 | AM15: ='12'!G140 -> 8.51 | AO15: =AL15+AM15 -> 8.51 | AP15: ='12'!G123 -> 260.16 | AQ15: ='12'!G35 -> 0 | AR15: ='12'!G37 -> 0 | AS15: ='12'!G38 -> 0 | AT15: ='12'!G39 -> 0 | AU15: ='12'!G40 -> 0 | AV15: ='12'!G41 -> 0 | AW15: ='12'!G42 -> 0 | AX15: ='12'!G43 -> 2279.68 | AY15: ='12'!G44 -> 0 | AZ15: ='12'!G36 -> 617.88 | BA15: ='12'!G49 -> 3294.72 | BB15: ='12'!G51 -> 1498.432 | BC15: ='12'!G52 -> 1956.24 | BD15: ='12'!G53 -> 4087.22 | BE15: ='12'!G54 -> 57.8545 | BF15: ='12'!G55 -> 4720.4603 | BG15: ='12'!G56 -> 0 | BH15: ='12'!G57 -> 0 | BI15: ='12'!G50 -> 985.96 | BJ15: =SUM(AV15,AW15,BF15,BG15) -> 4720.4603 | BK15: ='12'!G84 -> 776 | BL15: =SUM(AQ15,AV15,AW15,AX15,BA15,BF15,BG15,BH15)/I15% -> 51.205473 | BM15: =SUM(AT15,BD15)/I15% -> 20.329371 | BN15: =(AS15+BC15)/I15 -> 0.097301169 | BO15: =K15+O15+R15+V15 -> 255699.64 | BP15: =SUM(AV15,AW15,AX15,BF15,BG15,BH15,BK15) -> 7776.1403 | BQ15: =BP15/(AE15*280) -> 1.1514067
A16: 13 | B16: 13 | D16: ='13'!D3 -> 26 | E16: ='13'!D4 -> 0.74 | F16: ='13'!D2 -> 0.71 | G16: ='13'!G8 -> 20917 | H16: ='13'!G8 -> 20917 | I16: ='13'!G7 -> 20850 | J16: 10 | K16: =H16*J16 -> 209170 | L16: =I16/202 -> 103.21782 | M16: ='13'!G15 -> 902.523 | N16: 35 | O16: =M16*N16 -> 31588.305 | P16: ='13'!G20 -> 174 | Q16: 134 | R16: =P16*Q16 -> 23316 | S16: =P16/(F16*202/100) -> 121.32199 | T16: ='13'!G24 -> 0 | U16: 69 | V16: =T16*U16 -> 0 | W16: ='13'!G95 -> 67 | X16: ='13'!G96 -> 16 | Y16: ='13'!G97 -> 17 | Z16: =W16+X16+Y16 -> 100 | AA16: ='13'!G132 -> 0 | AB16: ='13'!G133 -> 0 | AC16: ='13'!G134 -> 23.61 | AD16: ='13'!G135 -> 0 | AE16: =AA16+AB16+AC16+AD16 -> 23.61 | AF16: =AV16+AW16+BF16+BG16 -> 4888.042 | AG16: =AF16/AE16 -> 207.0327 | AH16: ='13'!G136 -> 7.36 | AI16: ='13'!G137 -> 0 | AJ16: ='13'!G138 -> 4.85 | AK16: =AH16+AI16+AJ16 -> 12.21 | AL16: ='13'!G139 -> 2.5 | AM16: ='13'!G140 -> 6.1 | AO16: =AL16+AM16 -> 8.6 | AP16: ='13'!G123 -> 275.92 | AQ16: ='13'!G35 -> 0 | AR16: ='13'!G37 -> 0 | AS16: ='13'!G38 -> 0 | AT16: ='13'!G39 -> 0 | AU16: ='13'!G40 -> 0 | AV16: ='13'!G41 -> 0.05 | AW16: ='13'!G42 -> 0 | AX16: ='13'!G43 -> 2454.32 | AY16: ='13'!G44 -> 0 | AZ16: ='13'!G36 -> 697.96 | BA16: ='13'!G49 -> 3612.24 | BB16: ='13'!G51 -> 1492.583 | BC16: ='13'!G52 -> 1969.8 | BD16: ='13'!G53 -> 4090.82 | BE16: ='13'!G54 -> 50.65 | BF16: ='13'!G55 -> 4887.992 | BG16: ='13'!G56 -> 0 | BH16: ='13'!G57 -> 0 | BI16: ='13'!G50 -> 1073.24 | BJ16: =SUM(AV16,AW16,BF16,BG16) -> 4888.042 | BK16: ='13'!G84 -> 872 | BL16: =SUM(AQ16,AV16,AW16,AX16,BA16,BF16,BG16,BH16)/I16% -> 52.540058 | BM16: =SUM(AT16,BD16)/I16% -> 19.62024 | BN16: =(AS16+BC16)/I16 -> 0.09447482 | BO16: =K16+O16+R16+V16 -> 264074.31 | BP16: =SUM(AV16,AW16,AX16,BF16,BG16,BH16,BK16) -> 8214.362 | BQ16: =BP16/(AE16*280) -> 1.242567
A17: 14 | B17: 14 | D17: ='14'!D3 -> 24 | E17: ='14'!D4 -> 0.64 | F17: ='14'!D2 -> 0.6683 | G17: ='14'!G8 -> 19411 | H17: ='14'!G8 -> 19411 | I17: ='14'!G7 -> 19342 | J17: 10 | K17: =H17*J17 -> 194110 | L17: =I17/202 -> 95.752475 | M17: ='14'!G15 -> 854.403 | N17: 35 | O17: =M17*N17 -> 29904.105 | P17: ='14'!G20 -> 151 | Q17: 134 | R17: =P17*Q17 -> 20234 | S17: =P17/(F17*202/100) -> 111.85467 | T17: ='14'!G24 -> 0 | U17: 69 | V17: =T17*U17 -> 0 | W17: ='14'!G95 -> 68 | X17: ='14'!G96 -> 10 | Y17: ='14'!G97 -> 15 | Z17: =W17+X17+Y17 -> 93 | AA17: ='14'!G132 -> 0 | AB17: ='14'!G133 -> 0 | AC17: ='14'!G134 -> 24.4 | AD17: ='14'!G135 -> 0 | AE17: =AA17+AB17+AC17+AD17 -> 24.4 | AF17: =AV17+AW17+BF17+BG17 -> 4347.538 | AG17: =AF17/AE17 -> 178.17779 | AH17: ='14'!G136 -> 8.05 | AI17: ='14'!G137 -> 0 | AJ17: ='14'!G138 -> 2.42 | AK17: =AH17+AI17+AJ17 -> 10.47 | AL17: ='14'!G139 -> 6.7 | AM17: ='14'!G140 -> 0 | AO17: =AL17+AM17 -> 6.7 | AP17: ='14'!G123 -> 241.663 | AQ17: ='14'!G35 -> 0 | AR17: ='14'!G37 -> 0 | AS17: ='14'!G38 -> 0 | AT17: ='14'!G39 -> 0 | AU17: ='14'!G40 -> 0 | AV17: ='14'!G41 -> 0 | AW17: ='14'!G42 -> 0 | AX17: ='14'!G43 -> 2310.72 | AY17: ='14'!G44 -> 0 | AZ17: ='14'!G36 -> 689.28 | BA17: ='14'!G49 -> 3348.92 | BB17: ='14'!G51 -> 1404.801 | BC17: ='14'!G52 -> 1878.24 | BD17: ='14'!G53 -> 3857.73 | BE17: ='14'!G54 -> 61.93 | BF17: ='14'!G55 -> 4347.498 | BG17: ='14'!G56 -> 0.04 | BH17: ='14'!G57 -> 0 | BI17: ='14'!G50 -> 979.32 | BJ17: =SUM(AV17,AW17,BF17,BG17) -> 4347.538 | BK17: ='14'!G84 -> 791 | BL17: =SUM(AQ17,AV17,AW17,AX17,BA17,BF17,BG17,BH17)/I17% -> 51.738073 | BM17: =SUM(AT17,BD17)/I17% -> 19.944835 | BN17: =(AS17+BC17)/I17 -> 0.097106814 | BO17: =K17+O17+R17+V17 -> 244248.1 | BP17: =SUM(AV17,AW17,AX17,BF17,BG17,BH17,BK17) -> 7449.258 | BQ17: =BP17/(AE17*280) -> 1.0903481
A18: 15 | B18: 15 | D18: ='15'!D3 -> 29 | E18: ='15'!D4 -> 0.8 | F18: ='15'!D2 -> 0.5 | G18: ='15'!G8 -> 20900 | H18: ='15'!G8 -> 20900 | I18: ='15'!G7 -> 20815 | J18: 10 | K18: =H18*J18 -> 209000 | L18: =I18/202 -> 103.04455 | M18: ='15'!G15 -> 920.068 | N18: 35 | O18: =M18*N18 -> 32202.38 | P18: ='15'!G20 -> 173 | Q18: 134 | R18: =P18*Q18 -> 23182 | S18: =P18/(F18*202/100) -> 171.28713 | T18: ='15'!G24 -> 0 | U18: 69 | V18: =T18*U18 -> 0 | W18: ='15'!G95 -> 115 | X18: ='15'!G96 -> 12 | Y18: ='15'!G97 -> 22 | Z18: =W18+X18+Y18 -> 149 | AA18: ='15'!G132 -> 0 | AB18: ='15'!G133 -> 0 | AC18: ='15'!G134 -> 23.6 | AD18: ='15'!G135 -> 0 | AE18: =AA18+AB18+AC18+AD18 -> 23.6 | AF18: =AV18+AW18+BF18+BG18 -> 4453.713 | AG18: =AF18/AE18 -> 188.71665 | AH18: ='15'!G136 -> 8.22 | AI18: ='15'!G137 -> 0 | AJ18: ='15'!G138 -> 3 | AK18: =AH18+AI18+AJ18 -> 11.22 | AL18: ='15'!G139 -> 7.53 | AM18: ='15'!G140 -> 0 | AO18: =AL18+AM18 -> 7.53 | AP18: ='15'!G123 -> 270.457 | AQ18: ='15'!G35 -> 0 | AR18: ='15'!G37 -> 0 | AS18: ='15'!G38 -> 0 | AT18: ='15'!G39 -> 0 | AU18: ='15'!G40 -> 0 | AV18: ='15'!G41 -> 0 | AW18: ='15'!G42 -> 0 | AX18: ='15'!G43 -> 2449.45 | AY18: ='15'!G44 -> 0 | AZ18: ='15'!G36 -> 747.6 | BA18: ='15'!G49 -> 3589.14 | BB18: ='15'!G51 -> 1550.839 | BC18: ='15'!G52 -> 2055.88 | BD18: ='15'!G53 -> 4189.97 | BE18: ='15'!G54 -> 63.71 | BF18: ='15'!G55 -> 4453.513 | BG18: ='15'!G56 -> 0.2 | BH18: ='15'!G57 -> 0 | BI18: ='15'!G50 -> 1141.4 | BJ18: =SUM(AV18,AW18,BF18,BG18) -> 4453.713 | BK18: ='15'!G84 -> 836 | BL18: =SUM(AQ18,AV18,AW18,AX18,BA18,BF18,BG18,BH18)/I18% -> 50.407413 | BM18: =SUM(AT18,BD18)/I18% -> 20.12957 | BN18: =(AS18+BC18)/I18 -> 0.098769157 | BO18: =K18+O18+R18+V18 -> 264384.38 | BP18: =SUM(AV18,AW18,AX18,BF18,BG18,BH18,BK18) -> 7739.163 | BQ18: =BP18/(AE18*280) -> 1.1711808
A19: 16 | B19: 16 | D19: ='16'!D3 -> 29 | E19: ='16'!D4 -> 0.8 | F19: ='16'!D2 -> 0.5 | G19: ='16'!G8 -> 20048 | H19: ='16'!G8 -> 20048 | I19: ='16'!G7 -> 19975 | J19: 10 | K19: =H19*J19 -> 200480 | L19: =I19/202 -> 98.886139 | M19: ='16'!G15 -> 1070.379 | N19: 35 | O19: =M19*N19 -> 37463.265 | P19: ='16'!G20 -> 254 | Q19: 134 | R19: =P19*Q19 -> 34036 | S19: =P19/(F19*202/100) -> 251.48515 | T19: ='16'!G24 -> 0 | U19: 69 | V19: =T19*U19 -> 0 | W19: ='16'!G95 -> 113 | X19: ='16'!G96 -> 21 | Y19: ='16'!G97 -> 26 | Z19: =W19+X19+Y19 -> 160 | AA19: ='16'!G132 -> 0 | AB19: ='16'!G133 -> 0 | AC19: ='16'!G134 -> 24 | AD19: ='16'!G135 -> 0 | AE19: =AA19+AB19+AC19+AD19 -> 24 | AF19: =AV19+AW19+BF19+BG19 -> 3822.508 | AG19: =AF19/AE19 -> 159.27117 | AH19: ='16'!G136 -> 10.01 | AI19: ='16'!G137 -> 0 | AJ19: ='16'!G138 -> 2.08 | AK19: =AH19+AI19+AJ19 -> 12.09 | AL19: ='16'!G139 -> 7.82 | AM19: ='16'!G140 -> 0 | AO19: =AL19+AM19 -> 7.82 | AP19: ='16'!G123 -> 281.81 | AQ19: ='16'!G35 -> 0 | AR19: ='16'!G37 -> 0 | AS19: ='16'!G38 -> 0 | AT19: ='16'!G39 -> 0 | AU19: ='16'!G40 -> 0 | AV19: ='16'!G41 -> 0 | AW19: ='16'!G42 -> -0.099 | AX19: ='16'!G43 -> 2311.51 | AY19: ='16'!G44 -> 0 | AZ19: ='16'!G36 -> 648.82 | BA19: ='16'!G49 -> 3407.92 | BB19: ='16'!G51 -> 1488.92 | BC19: ='16'!G52 -> 2161.28 | BD19: ='16'!G53 -> 4135.9 | BE19: ='16'!G54 -> 61.44 | BF19: ='16'!G55 -> 3822.607 | BG19: ='16'!G56 -> 0 | BH19: ='16'!G57 -> 0 | BI19: ='16'!G50 -> 1364.32 | BJ19: =SUM(AV19,AW19,BF19,BG19) -> 3822.508 | BK19: ='16'!G84 -> 815 | BL19: =SUM(AQ19,AV19,AW19,AX19,BA19,BF19,BG19,BH19)/I19% -> 47.769402 | BM19: =SUM(AT19,BD19)/I19% -> 20.705382 | BN19: =(AS19+BC19)/I19 -> 0.10819925 | BO19: =K19+O19+R19+V19 -> 271979.26 | BP19: =SUM(AV19,AW19,AX19,BF19,BG19,BH19,BK19) -> 6949.018 | BQ19: =BP19/(AE19*280) -> 1.0340801
A20: 17 | B20: 17 | D20: ='17'!D3 -> 28 | E20: ='17'!D4 -> 0.8 | F20: ='17'!D2 -> 0.5 | G20: ='17'!G8 -> 20933 | H20: ='17'!G8 -> 20933 | I20: ='17'!G7 -> 20881 | J20: 10 | K20: =H20*J20 -> 209330 | L20: =I20/202 -> 103.37129 | M20: ='17'!G15 -> 972.675 | N20: 35 | O20: =M20*N20 -> 34043.625 | P20: ='17'!G20 -> 179 | Q20: 134 | R20: =P20*Q20 -> 23986 | S20: =P20/(F20*202/100) -> 177.22772 | T20: ='17'!G24 -> 0 | U20: 69 | V20: =T20*U20 -> 0 | W20: ='17'!G95 -> 86 | X20: ='17'!G96 -> 22 | Y20: ='17'!G97 -> 30 | Z20: =W20+X20+Y20 -> 138 | AA20: ='17'!G132 -> 0 | AB20: ='17'!G133 -> 0 | AC20: ='17'!G134 -> 24.47 | AD20: ='17'!G135 -> 0 | AE20: =AA20+AB20+AC20+AD20 -> 24.47 | AF20: =AV20+AW20+BF20+BG20 -> 4283.539 | AG20: =AF20/AE20 -> 175.05268 | AH20: ='17'!G136 -> 9.69 | AI20: ='17'!G137 -> 0 | AJ20: ='17'!G138 -> 1.27 | AK20: =AH20+AI20+AJ20 -> 10.96 | AL20: ='17'!G139 -> 8.21 | AM20: ='17'!G140 -> 0 | AO20: =AL20+AM20 -> 8.21 | AP20: ='17'!G123 -> 295.324 | AQ20: ='17'!G35 -> 0 | AR20: ='17'!G37 -> 0 | AS20: ='17'!G38 -> 0 | AT20: ='17'!G39 -> 0 | AU20: ='17'!G40 -> 0 | AV20: ='17'!G41 -> 0 | AW20: ='17'!G42 -> 0.099 | AX20: ='17'!G43 -> 2443.92 | AY20: ='17'!G44 -> 0 | AZ20: ='17'!G36 -> 643.22 | BA20: ='17'!G49 -> 3574.2 | BB20: ='17'!G51 -> 1509.43 | BC20: ='17'!G52 -> 2085.72 | BD20: ='17'!G53 -> 4374.6 | BE20: ='17'!G54 -> 58.84 | BF20: ='17'!G55 -> 4282.52 | BG20: ='17'!G56 -> 0.92 | BH20: ='17'!G57 -> 0 | BI20: ='17'!G50 -> 1191.76 | BJ20: =SUM(AV20,AW20,BF20,BG20) -> 4283.539 | BK20: ='17'!G84 -> 847 | BL20: =SUM(AQ20,AV20,AW20,AX20,BA20,BF20,BG20,BH20)/I20% -> 49.335085 | BM20: =SUM(AT20,BD20)/I20% -> 20.950146 | BN20: =(AS20+BC20)/I20 -> 0.099886021 | BO20: =K20+O20+R20+V20 -> 267359.63 | BP20: =SUM(AV20,AW20,AX20,BF20,BG20,BH20,BK20) -> 7574.459 | BQ20: =BP20/(AE20*280) -> 1.1055022
A21: 18 | B21: 18 | D21: ='18'!D3 -> 29 | E21: ='18'!D4 -> 0.8 | F21: ='18'!D2 -> 0.5 | G21: ='18'!G8 -> 20245 | H21: ='18'!G8 -> 20245 | I21: ='18'!G7 -> 20163 | J21: 10 | K21: =H21*J21 -> 202450 | L21: =I21/202 -> 99.816832 | M21: ='18'!G15 -> 944.776 | N21: 35 | O21: =M21*N21 -> 33067.16 | P21: ='18'!G20 -> 192 | Q21: 134 | R21: =P21*Q21 -> 25728 | S21: =P21/(F21*202/100) -> 190.09901 | T21: ='18'!G24 -> 0 | U21: 69 | V21: =T21*U21 -> 0 | W21: ='18'!G95 -> 84 | X21: ='18'!G96 -> 17 | Y21: ='18'!G97 -> 24 | Z21: =W21+X21+Y21 -> 125 | AA21: ='18'!G132 -> 0 | AB21: ='18'!G133 -> 0 | AC21: ='18'!G134 -> 24.45 | AD21: ='18'!G135 -> 0 | AE21: =AA21+AB21+AC21+AD21 -> 24.45 | AF21: =AV21+AW21+BF21+BG21 -> 4436.681 | AG21: =AF21/AE21 -> 181.45935 | AH21: ='18'!G136 -> 9.1 | AI21: ='18'!G137 -> 0 | AJ21: ='18'!G138 -> 3.35 | AK21: =AH21+AI21+AJ21 -> 12.45 | AL21: ='18'!G139 -> 7.6 | AM21: ='18'!G140 -> 0 | AO21: =AL21+AM21 -> 7.6 | AP21: ='18'!G123 -> 271.816 | AQ21: ='18'!G35 -> 0 | AR21: ='18'!G37 -> 0 | AS21: ='18'!G38 -> 0 | AT21: ='18'!G39 -> 0 | AU21: ='18'!G40 -> 0 | AV21: ='18'!G41 -> 0 | AW21: ='18'!G42 -> -0.009 | AX21: ='18'!G43 -> 2394.88 | AY21: ='18'!G44 -> 0 | AZ21: ='18'!G36 -> 705.58 | BA21: ='18'!G49 -> 3500.42 | BB21: ='18'!G51 -> 1485.15 | BC21: ='18'!G52 -> 1920.16 | BD21: ='18'!G53 -> 4182.22 | BE21: ='18'!G54 -> 50.72 | BF21: ='18'!G55 -> 4436.69 | BG21: ='18'!G56 -> 0 | BH21: ='18'!G57 -> 0 | BI21: ='18'!G50 -> 1095.24 | BJ21: =SUM(AV21,AW21,BF21,BG21) -> 4436.681 | BK21: ='18'!G84 -> 814 | BL21: =SUM(AQ21,AV21,AW21,AX21,BA21,BF21,BG21,BH21)/I21% -> 51.24228 | BM21: =SUM(AT21,BD21)/I21% -> 20.742052 | BN21: =(AS21+BC21)/I21 -> 0.09523186 | BO21: =K21+O21+R21+V21 -> 261245.16 | BP21: =SUM(AV21,AW21,AX21,BF21,BG21,BH21,BK21) -> 7645.561 | BQ21: =BP21/(AE21*280) -> 1.1167924
A22: 19 | B22: 19 | D22: ='19'!D3 -> 30 | E22: ='19'!D4 -> 0.8 | F22: ='19'!D2 -> 0.5 | G22: ='19'!G8 -> 20035 | H22: ='19'!G8 -> 20035 | I22: ='19'!G7 -> 19963 | J22: 10 | K22: =H22*J22 -> 200350 | L22: =I22/202 -> 98.826733 | M22: ='19'!G15 -> 914.15 | N22: 35 | O22: =M22*N22 -> 31995.25 | P22: ='19'!G20 -> 172 | Q22: 134 | R22: =P22*Q22 -> 23048 | S22: =P22/(F22*202/100) -> 170.29703 | T22: ='19'!G24 -> 0 | U22: 69 | V22: =T22*U22 -> 0 | W22: ='19'!G95 -> 81 | X22: ='19'!G96 -> 13 | Y22: ='19'!G97 -> 19 | Z22: =W22+X22+Y22 -> 113 | AA22: ='19'!G132 -> 0 | AB22: ='19'!G133 -> 0 | AC22: ='19'!G134 -> 24.47 | AD22: ='19'!G135 -> 0 | AE22: =AA22+AB22+AC22+AD22 -> 24.47 | AF22: =AV22+AW22+BF22+BG22 -> 4360.94 | AG22: =AF22/AE22 -> 178.21577 | AH22: ='19'!G136 -> 9.01 | AI22: ='19'!G137 -> 0 | AJ22: ='19'!G138 -> 3.58 | AK22: =AH22+AI22+AJ22 -> 12.59 | AL22: ='19'!G139 -> 7.36 | AM22: ='19'!G140 -> 0 | AO22: =AL22+AM22 -> 7.36 | AP22: ='19'!G123 -> 265 | AQ22: ='19'!G35 -> 0 | AR22: ='19'!G37 -> 0 | AS22: ='19'!G38 -> 0 | AT22: ='19'!G39 -> 0 | AU22: ='19'!G40 -> 0 | AV22: ='19'!G41 -> 0 | AW22: ='19'!G42 -> 0 | AX22: ='19'!G43 -> 2404.72 | AY22: ='19'!G44 -> 0 | AZ22: ='19'!G36 -> 689.44 | BA22: ='19'!G49 -> 3402.08 | BB22: ='19'!G51 -> 1469.8 | BC22: ='19'!G52 -> 1881.76 | BD22: ='19'!G53 -> 4176.7 | BE22: ='19'!G54 -> 56.78 | BF22: ='19'!G55 -> 4360.94 | BG22: ='19'!G56 -> 0 | BH22: ='19'!G57 -> 0 | BI22: ='19'!G50 -> 1051.9 | BJ22: =SUM(AV22,AW22,BF22,BG22) -> 4360.94 | BK22: ='19'!G84 -> 820 | BL22: =SUM(AQ22,AV22,AW22,AX22,BA22,BF22,BG22,BH22)/I22% -> 50.932926 | BM22: =SUM(AT22,BD22)/I22% -> 20.922206 | BN22: =(AS22+BC22)/I22 -> 0.094262385 | BO22: =K22+O22+R22+V22 -> 255393.25 | BP22: =SUM(AV22,AW22,AX22,BF22,BG22,BH22,BK22) -> 7585.66 | BQ22: =BP22/(AE22*280) -> 1.107137
A23: 20 | B23: 20 | D23: ='20'!D3 -> 30 | E23: ='20'!D4 -> 0.81 | F23: ='20'!D2 -> 0.5 | G23: ='20'!G8 -> 19981 | H23: ='20'!G8 -> 19981 | I23: ='20'!G7 -> 19855 | J23: 10 | K23: =H23*J23 -> 199810 | L23: =I23/202 -> 98.292079 | M23: ='20'!G15 -> 930.07 | N23: 35 | O23: =M23*N23 -> 32552.45 | P23: ='20'!G20 -> 190 | Q23: 134 | R23: =P23*Q23 -> 25460 | S23: =P23/(F23*202/100) -> 188.11881 | T23: ='20'!G24 -> 0 | U23: 69 | V23: =T23*U23 -> 0 | W23: ='20'!G95 -> 88 | X23: ='20'!G96 -> 16 | Y23: ='20'!G97 -> 21 | Z23: =W23+X23+Y23 -> 125 | AA23: ='20'!G132 -> 11.57 | AB23: ='20'!G133 -> 0.02 | AC23: ='20'!G134 -> 13.66 | AD23: ='20'!G135 -> 0 | AE23: =AA23+AB23+AC23+AD23 -> 25.25 | AF23: =AV23+AW23+BF23+BG23 -> 4191.09 | AG23: =AF23/AE23 -> 165.98376 | AH23: ='20'!G136 -> 8.52 | AI23: ='20'!G137 -> 0 | AJ23: ='20'!G138 -> 3.75 | AK23: =AH23+AI23+AJ23 -> 12.27 | AL23: ='20'!G139 -> 6.93 | AM23: ='20'!G140 -> 0 | AO23: =AL23+AM23 -> 6.93 | AP23: ='20'!G123 -> 249.84 | AQ23: ='20'!G35 -> 0 | AR23: ='20'!G37 -> 0 | AS23: ='20'!G38 -> 0 | AT23: ='20'!G39 -> 0 | AU23: ='20'!G40 -> 0 | AV23: ='20'!G41 -> 2136.44 | AW23: ='20'!G42 -> 0 | AX23: ='20'!G43 -> 2411.84 | AY23: ='20'!G44 -> 0 | AZ23: ='20'!G36 -> 707.12 | BA23: ='20'!G49 -> 3213.34 | BB23: ='20'!G51 -> 1505.79 | BC23: ='20'!G52 -> 1801.12 | BD23: ='20'!G576 -> 0 | BE23: ='20'!G54 -> 54.63 | BF23: ='20'!G55 -> 2054.65 | BG23: ='20'!G56 -> 0 | BH23: ='20'!G57 -> 0 | BI23: ='20'!G50 -> 1253.9 | BJ23: =SUM(AV23,AW23,BF23,BG23) -> 4191.09 | BK23: ='20'!G84 -> 669 | BL23: =SUM(AQ23,AV23,AW23,AX23,BA23,BF23,BG23,BH23)/I23% -> 49.439788 | BM23: =SUM(AT23,BD23)/I23% -> 0 | BN23: =(AS23+BC23)/I23 -> 0.090713674 | BO23: =K23+O23+R23+V23 -> 257822.45 | BP23: =SUM(AV23,AW23,AX23,BF23,BG23,BH23,BK23) -> 7271.93 | BQ23: =BP23/(AE23*280) -> 1.0285615
A24: 21 | B24: 21 | D24: 21 | E24: ='21'!D4 -> 0.81 | F24: ='21'!D2 -> 0.5 | G24: ='21'!G8 -> 19575 | H24: ='21'!G8 -> 19575 | I24: ='21'!G7 -> 19415 | J24: 10 | K24: =H24*J24 -> 195750 | L24: =I24/202 -> 96.113861 | M24: ='21'!G15 -> 906.94 | N24: 35 | O24: =M24*N24 -> 31742.9 | P24: ='21'!G20 -> 179 | Q24: 134 | R24: =P24*Q24 -> 23986 | S24: =P24/(F24*202/100) -> 177.22772 | T24: ='21'!G24 -> 0 | U24: 69 | V24: =T24*U24 -> 0 | W24: ='21'!G95 -> 75 | X24: ='21'!G96 -> 17 | Y24: ='21'!G97 -> 16 | Z24: =W24+X24+Y24 -> 108 | AA24: ='21'!G132 -> 23.53 | AB24: ='21'!G133 -> 0 | AC24: ='21'!G134 -> 0 | AD24: ='21'!G135 -> 0 | AE24: =AA24+AB24+AC24+AD24 -> 23.53 | AF24: =AV24+AW24+BF24+BG24 -> 4111.33 | AG24: =AF24/AE24 -> 174.72716 | AH24: ='21'!G136 -> 0 | AI24: ='21'!G137 -> 9.86 | AJ24: ='21'!G138 -> 0 | AK24: =AH24+AI24+AJ24 -> 9.86 | AL24: ='21'!G139 -> 6.75 | AM24: ='21'!G140 -> 0 | AO24: =AL24+AM24 -> 6.75 | AP24: ='21'!G123 -> 243.01 | AQ24: ='21'!G35 -> 0 | AR24: ='21'!G37 -> 0 | AS24: ='21'!G38 -> 0.38 | AT24: ='21'!G39 -> 0 | AU24: ='21'!G40 -> 0 | AV24: ='21'!G41 -> 4107.73 | AW24: ='21'!G42 -> 0 | AX24: ='21'!G43 -> 2320.16 | AY24: ='21'!G44 -> 0 | AZ24: ='21'!G36 -> 762.06 | BA24: ='21'!G49 -> 3092.92 | BB24: ='21'!G51 -> 1457.35 | BC24: ='21'!G52 -> 1745.96 | BD24: ='21'!G53 -> 4123.86 | BE24: ='21'!G54 -> 44.38 | BF24: ='21'!G55 -> 0 | BG24: ='21'!G56 -> 3.6 | BH24: ='21'!G57 -> 0 | BI24: ='21'!G50 -> 1198 | BJ24: =SUM(AV24,AW24,BF24,BG24) -> 4111.33 | BK24: ='21'!G84 -> 537 | BL24: =SUM(AQ24,AV24,AW24,AX24,BA24,BF24,BG24,BH24)/I24% -> 49.056966 | BM24: =SUM(AT24,BD24)/I24% -> 21.240587 | BN24: =(AS24+BC24)/I24 -> 0.089947978 | BO24: =K24+O24+R24+V24 -> 251478.9 | BP24: =SUM(AV24,AW24,AX24,BF24,BG24,BH24,BK24) -> 6968.49 | BQ24: =BP24/(AE24*280) -> 1.0576908
A25: 22 | B25: 22 | D25: ='22'!D3 -> 30 | E25: ='22'!D4 -> 0.78 | F25: ='22'!D2 -> 0.5 | G25: ='22'!G8 -> 19676 | H25: ='22'!G8 -> 19676 | I25: ='22'!G7 -> 19510 | J25: 10 | K25: =H25*J25 -> 196760 | L25: =I25/202 -> 96.584158 | M25: ='22'!G15 -> 904 | N25: 35 | O25: =M25*N25 -> 31640 | P25: ='22'!G20 -> 177 | Q25: 134 | R25: =P25*Q25 -> 23718 | S25: =P25/(F25*202/100) -> 175.24752 | T25: ='22'!G24 -> 0 | U25: 69 | V25: =T25*U25 -> 0 | W25: ='22'!G95 -> 83 | X25: ='22'!G96 -> 18 | Y25: ='22'!G97 -> 20 | Z25: =W25+X25+Y25 -> 121 | AA25: ='22'!G132 -> 24.48 | AB25: ='22'!G133 -> 0 | AC25: ='22'!G134 -> 0 | AD25: ='22'!G135 -> 0 | AE25: =AA25+AB25+AC25+AD25 -> 24.48 | AF25: =AV25+AW25+BF25+BG25 -> 4213.01 | AG25: =AF25/AE25 -> 172.10008 | AH25: ='22'!G136 -> 0 | AI25: ='22'!G137 -> 9.52 | AJ25: ='22'!G138 -> 0 | AK25: =AH25+AI25+AJ25 -> 9.52 | AL25: ='22'!G139 -> 7.49 | AM25: ='22'!G140 -> 0 | AO25: =AL25+AM25 -> 7.49 | AP25: ='22'!G123 -> 268.23 | AQ25: ='22'!G35 -> 0 | AR25: ='22'!G37 -> 0 | AS25: ='22'!G38 -> 0 | AT25: ='22'!G39 -> 0 | AU25: ='22'!G40 -> 0 | AV25: ='22'!G41 -> 4212.37 | AW25: ='22'!G42 -> 0 | AX25: ='22'!G43 -> 2388.08 | AY25: ='22'!G44 -> 0 | AZ25: ='22'!G36 -> 671.76 | BA25: ='22'!G49 -> 3188.47 | BB25: ='22'!G51 -> 1492.14 | BC25: ='22'!G52 -> 1877.8 | BD25: ='22'!G53 -> 4075.6 | BE25: ='22'!G54 -> 61.18 | BF25: ='22'!G55 -> 0 | BG25: ='22'!G56 -> 0.64 | BH25: ='22'!G57 -> 0 | BI25: ='22'!G50 -> 1029.84 | BJ25: =SUM(AV25,AW25,BF25,BG25) -> 4213.01 | BK25: ='22'!G84 -> 553 | BL25: =SUM(AQ25,AV25,AW25,AX25,BA25,BF25,BG25,BH25)/I25% -> 50.17714 | BM25: =SUM(AT25,BD25)/I25% -> 20.8898 | BN25: =(AS25+BC25)/I25 -> 0.096248078 | BO25: =K25+O25+R25+V25 -> 252118 | BP25: =SUM(AV25,AW25,AX25,BF25,BG25,BH25,BK25) -> 7154.09 | BQ25: =BP25/(AE25*280) -> 1.0437223
A26: 23 | B26: 23 | D26: ='23'!D3 -> 30 | E26: ='23'!D4 -> 0.76 | F26: ='23'!D2 -> 0.5 | G26: ='23'!G8 -> 19855 | H26: ='23'!G8 -> 19855 | I26: ='23'!G7 -> 19709 | J26: 10 | K26: =H26*J26 -> 198550 | L26: =I26/202 -> 97.569307 | M26: ='23'!G15 -> 934.94 | N26: 35 | O26: =M26*N26 -> 32722.9 | P26: ='23'!G20 -> 203 | Q26: 134 | R26: =P26*Q26 -> 27202 | S26: =P26/(F26*202/100) -> 200.9901 | T26: ='23'!G24 -> 0 | U26: 69 | V26: =T26*U26 -> 0 | W26: ='23'!G95 -> 75 | X26: ='23'!G96 -> 18 | Y26: ='23'!G97 -> 26 | Z26: =W26+X26+Y26 -> 119 | AA26: ='23'!G132 -> 23.95 | AB26: ='23'!G133 -> -0.01 | AC26: ='23'!G134 -> 0 | AD26: ='23'!G135 -> 0 | AE26: =AA26+AB26+AC26+AD26 -> 23.94 | AF26: =AV26+AW26+BF26+BG26 -> 4346.66 | AG26: =AF26/AE26 -> 181.56475 | AH26: ='23'!G136 -> 10.18 | AI26: ='23'!G137 -> 0 | AJ26: ='23'!G138 -> 0 | AK26: =AH26+AI26+AJ26 -> 10.18 | AL26: ='23'!G139 -> 7.01 | AM26: ='23'!G140 -> 0 | AO26: =AL26+AM26 -> 7.01 | AP26: ='23'!G123 -> 245.86 | AQ26: ='23'!G35 -> 0 | AR26: ='23'!G37 -> 0 | AS26: ='23'!G38 -> 0 | AT26: ='23'!G39 -> 0 | AU26: ='23'!G40 -> 0 | AV26: ='23'!G41 -> 4346.14 | AW26: ='23'!G42 -> 0 | AX26: ='23'!G43 -> 2363.52 | AY26: ='23'!G44 -> 0 | AZ26: ='23'!G36 -> 654.22 | BA26: ='23'!G49 -> 3038.57 | BB26: ='23'!G51 -> 1462.67 | BC26: ='23'!G52 -> 1944.04 | BD26: ='23'!G53 -> 4262.76 | BE26: ='23'!G54 -> 67.12 | BF26: ='23'!G55 -> 0 | BG26: ='23'!G56 -> 0.52 | BH26: ='23'!G57 -> 0 | BI26: ='23'!G50 -> 1048.36 | BJ26: =SUM(AV26,AW26,BF26,BG26) -> 4346.66 | BK26: ='23'!G84 -> 552 | BL26: =SUM(AQ26,AV26,AW26,AX26,BA26,BF26,BG26,BH26)/I26% -> 49.463443 | BM26: =SUM(AT26,BD26)/I26% -> 21.628495 | BN26: =(AS26+BC26)/I26 -> 0.098637171 | BO26: =K26+O26+R26+V26 -> 258474.9 | BP26: =SUM(AV26,AW26,AX26,BF26,BG26,BH26,BK26) -> 7262.18 | BQ26: =BP26/(AE26*280) -> 1.08339
A27: 24 | B27: 24 | D27: ='24'!D3 -> 27 | E27: ='24'!D4 -> 0.78 | F27: ='24'!D2 -> 0.33 | G27: ='24'!G8 -> 19558 | H27: ='24'!G8 -> 19558 | I27: ='24'!G7 -> 19391 | J27: 10 | K27: =H27*J27 -> 195580 | L27: =I27/202 -> 95.99505 | M27: ='24'!G15 -> 748.12 | N27: 35 | O27: =M27*N27 -> 26184.2 | P27: ='24'!G20 -> 190 | Q27: 134 | R27: =P27*Q27 -> 25460 | S27: =P27/(F27*202/100) -> 285.0285 | T27: ='24'!G24 -> 0 | U27: 69 | V27: =T27*U27 -> 0 | W27: ='24'!G95 -> 71 | X27: ='24'!G96 -> 25 | Y27: ='24'!G97 -> 33 | Z27: =W27+X27+Y27 -> 129 | AA27: ='24'!G132 -> 23.55 | AB27: ='24'!G133 -> 0 | AC27: ='24'!G134 -> 0 | AD27: ='24'!G135 -> 0 | AE27: =AA27+AB27+AC27+AD27 -> 23.55 | AF27: =AV27+AW27+BF27+BG27 -> 4221.23 | AG27: =AF27/AE27 -> 179.24544 | AH27: ='24'!G136 -> 6.88 | AI27: ='24'!G137 -> 0 | AJ27: ='24'!G138 -> 0 | AK27: =AH27+AI27+AJ27 -> 6.88 | AL27: ='24'!G139 -> 7.91 | AM27: ='24'!G140 -> 0 | AO27: =AL27+AM27 -> 7.91 | AP27: ='24'!G123 -> 269.06 | AQ27: ='24'!G35 -> 0 | AR27: ='24'!G37 -> 0 | AS27: ='24'!G38 -> 0 | AT27: ='24'!G39 -> 0 | AU27: ='24'!G40 -> 0 | AV27: ='24'!G41 -> 4221.32 | AW27: ='24'!G42 -> -0.09 | AX27: ='24'!G43 -> 2378.37 | AY27: ='24'!G44 -> 0 | AZ27: ='24'!G36 -> 725.9 | BA27: ='24'!G49 -> 3075.43 | BB27: ='24'!G51 -> 1478.36 | BC27: ='24'!G52 -> 1833.92 | BD27: ='24'!G53 -> 4203.95 | BE27: ='24'!G54 -> 47.17 | BF27: ='24'!G55 -> 0 | BG27: ='24'!G56 -> 0 | BH27: ='24'!G57 -> 0 | BI27: ='24'!G50 -> 999 | BJ27: =SUM(AV27,AW27,BF27,BG27) -> 4221.23 | BK27: ='24'!G84 -> 524 | BL27: =SUM(AQ27,AV27,AW27,AX27,BA27,BF27,BG27,BH27)/I27% -> 49.894436 | BM27: =SUM(AT27,BD27)/I27% -> 21.679903 | BN27: =(AS27+BC27)/I27 -> 0.094575834 | BO27: =K27+O27+R27+V27 -> 247224.2 | BP27: =SUM(AV27,AW27,AX27,BF27,BG27,BH27,BK27) -> 7123.6 | BQ27: =BP27/(AE27*280) -> 1.0803154
A28: 25 | B28: 25 | D28: ='25'!D3 -> 31 | E28: ='25'!D4 -> 0.8 | F28: ='25'!D2 -> 0.65 | G28: ='25'!G8 -> 19342 | H28: ='25'!G8 -> 19342 | I28: ='25'!G7 -> 19169 | J28: 10 | K28: =H28*J28 -> 193420 | L28: =I28/202 -> 94.89604 | M28: ='25'!G15 -> 930.86 | N28: 35 | O28: =M28*N28 -> 32580.1 | P28: ='25'!G20 -> 183 | Q28: 134 | R28: =P28*Q28 -> 24522 | S28: =P28/(F28*202/100) -> 139.37548 | T28: ='25'!G24 -> 0 | U28: 69 | V28: =T28*U28 -> 0 | W28: ='25'!G95 -> 83 | X28: ='25'!G96 -> 24 | Y28: ='25'!G97 -> 25 | Z28: =W28+X28+Y28 -> 132 | AA28: ='25'!G132 -> 23.96 | AB28: ='25'!G133 -> 0 | AC28: ='25'!G134 -> 0 | AD28: ='25'!G135 -> 0 | AE28: =AA28+AB28+AC28+AD28 -> 23.96 | AF28: =AV28+AW28+BF28+BG28 -> 3515.11 | AG28: =AF28/AE28 -> 146.70743 | AH28: ='24'!G136 -> 6.88 | AI28: ='24'!G137 -> 0 | AJ28: ='24'!G138 -> 0 | AK28: =AH28+AI28+AJ28 -> 6.88 | AL28: ='23'!G139 -> 7.01 | AM28: ='24'!G140 -> 0 | AO28: =AL28+AM28 -> 7.01 | AP28: ='25'!G123 -> 269.21 | AQ28: ='25'!G35 -> 0 | AR28: ='25'!G37 -> 0 | AS28: ='25'!G38 -> 0 | AT28: ='25'!G39 -> 0 | AU28: ='25'!G40 -> 0 | AV28: ='25'!G41 -> 3515.11 | AX28: ='25'!G43 -> 2253.31 | AY28: ='25'!G44 -> 0 | AZ28: ='25'!G36 -> 956.09 | BA28: ='25'!G49 -> 3187.61 | BB28: ='25'!G51 -> 1503.88 | BC28: ='25'!G52 -> 1825 | BD28: ='25'!G53 -> 4326 | BE28: ='24'!G54 -> 47.17 | BF28: ='25'!G55 -> 0 | BG28: ='25'!G56 -> 0 | BH28: ='25'!G57 -> 0 | BI28: ='25'!G50 -> 1041.96 | BJ28: =SUM(AV28,AW28,BF28,BG28) -> 3515.11 | BK28: ='25'!G84 -> 516 | BL28: =SUM(AQ28,AV28,AW28,AX28,BA28,BF28,BG28,BH28)/I28% -> 46.721425 | BM28: =SUM(AT28,BD28)/I28% -> 22.567687 | BN28: =(AS28+BC28)/I28 -> 0.095205801 | BO28: =K28+O28+R28+V28 -> 250522.1 | BP28: =SUM(AV28,AW28,AX28,BF28,BG28,BH28,BK28) -> 6284.42 | BQ28: =BP28/(AE28*280) -> 0.93674279
A29: 26 | B29: 26 | D29: ='26'!D3 -> 23 | E29: ='26'!D4 -> 0.74 | F29: ='26'!D2 -> 0.44 | G29: ='26'!G8 -> 19147 | H29: ='26'!G8 -> 19147 | I29: ='26'!G7 -> 18998 | J29: 10 | K29: =H29*J29 -> 191470 | L29: =I29/202 -> 94.049505 | M29: ='26'!G15 -> 855.14 | N29: 35 | O29: =M29*N29 -> 29929.9 | P29: ='26'!G20 -> 189 | Q29: 134 | R29: =P29*Q29 -> 25326 | S29: =P29/(F29*202/100) -> 212.64626 | T29: ='26'!G24 -> 0 | U29: 69 | V29: =T29*U29 -> 0 | W29: ='26'!G95 -> 60 | X29: ='26'!G96 -> 19 | Y29: ='26'!G97 -> 25 | Z29: =W29+X29+Y29 -> 104 | AA29: ='26'!G132 -> 23.88 | AB29: ='26'!G133 -> -0.01 | AC29: ='26'!G134 -> -0.05 | AD29: ='26'!G135 -> 0 | AE29: =AA29+AB29+AC29+AD29 -> 23.82 | AF29: =AV29+AW29+BF29+BG29 -> 3760.38 | AG29: =AF29/AE29 -> 157.8665 | AH29: ='26'!G136 -> 8.68 | AI29: ='26'!G137 -> 0 | AJ29: ='26'!G138 -> 0 | AK29: =AH29+AI29+AJ29 -> 8.68 | AL29: ='26'!G139 -> 7.76 | AM29: ='26'!G140 -> 0 | AO29: =AL29+AM29 -> 7.76 | AP29: ='26'!G123 -> 266.14 | AQ29: ='26'!G35 -> 0 | AR29: ='26'!G37 -> 0 | AS29: ='26'!G38 -> -0.38 | AT29: ='26'!G39 -> 0 | AU29: ='26'!G40 -> 0 | AV29: ='26'!G41 -> 3760.38 | AW29: ='26'!G42 -> 0 | AX29: ='26'!G43 -> 2328.54 | AY29: ='26'!G44 -> 0 | AZ29: ='26'!G36 -> 748 | BA29: ='26'!G49 -> 3198.39 | BB29: ='26'!G51 -> 1422.12 | BC29: ='26'!G52 -> 1907.12 | BD29: ='26'!G53 -> 4151.85 | BE29: ='26'!G54 -> 46 | BF29: ='26'!G55 -> 0 | BG29: ='26'!G56 -> 0 | BH29: ='26'!G57 -> 0 | BI29: ='26'!G50 -> 938.04 | BJ29: =SUM(AV29,AW29,BF29,BG29) -> 3760.38 | BK29: ='26'!G84 -> 528 | BL29: =SUM(AQ29,AV29,AW29,AX29,BA29,BF29,BG29,BH29)/I29% -> 48.885725 | BM29: =SUM(AT29,BD29)/I29% -> 21.854143 | BN29: =(AS29+BC29)/I29 -> 0.1003653 | BO29: =K29+O29+R29+V29 -> 246725.9 | BP29: =SUM(AV29,AW29,AX29,BF29,BG29,BH29,BK29) -> 6616.92 | BQ29: =BP29/(AE29*280) -> 0.99210148
A30: 27 | B30: 27 | D30: ='27'!D3 -> 22 | E30: ='27'!D4 -> 0.76 | F30: ='27'!D2 -> 0.49 | G30: ='27'!G8 -> 18909 | H30: ='27'!G8 -> 18909 | I30: ='27'!G7 -> 18736 | J30: 10 | K30: =H30*J30 -> 189090 | L30: =I30/202 -> 92.752475 | M30: ='27'!G15 -> 843.94 | N30: 35 | O30: =M30*N30 -> 29537.9 | P30: ='27'!G20 -> 174 | Q30: 134 | R30: =P30*Q30 -> 23316 | S30: =P30/(F30*202/100) -> 175.79309 | T30: ='27'!G24 -> 0 | U30: 69 | V30: =T30*U30 -> 0 | W30: ='27'!G95 -> 71 | X30: ='27'!G96 -> 15 | Y30: ='27'!G97 -> 13 | Z30: =W30+X30+Y30 -> 99 | AA30: ='27'!G132 -> 24.27 | AB30: ='27'!G133 -> 0 | AC30: ='27'!G134 -> 0 | AD30: ='27'!G135 -> 0 | AE30: =AA30+AB30+AC30+AD30 -> 24.27 | AF30: =AV30+AW30+BF30+BG30 -> 3663.51 | AG30: =AF30/AE30 -> 150.94808 | AH30: ='27'!G136 -> 9.43 | AI30: ='27'!G137 -> 0 | AJ30: ='27'!G138 -> 0 | AK30: =AH30+AI30+AJ30 -> 9.43 | AL30: ='27'!G139 -> 7.28 | AM30: ='27'!G140 -> 0 | AO30: =AL30+AM30 -> 7.28 | AP30: ='27'!G123 -> 250.61 | AQ30: ='27'!G35 -> 0 | AR30: ='27'!G37 -> 0 | AS30: ='27'!G38 -> 0 | AT30: ='27'!G39 -> 0 | AU30: ='27'!G40 -> 0 | AV30: ='27'!G41 -> 3663.51 | AW30: ='27'!G42 -> 0 | AX30: ='27'!G43 -> 2320.1 | AY30: ='27'!G44 -> 0 | AZ30: ='27'!G36 -> 626.73 | BA30: ='27'!G49 -> 3187.45 | BB30: ='27'!G51 -> 1436.54 | BC30: ='27'!G52 -> 1764.16 | BD30: ='27'!G53 -> 4080.15 | BE30: ='27'!G54 -> 56.55 | BF30: ='27'!G55 -> 0 | BG30: ='27'!G56 -> 0 | BH30: ='27'!G57 -> 0 | BI30: ='27'!G50 -> 1027.29 | BJ30: =SUM(AV30,AW30,BF30,BG30) -> 3663.51 | BK30: ='27'!G84 -> 556 | BL30: =SUM(AQ30,AV30,AW30,AX30,BA30,BF30,BG30,BH30)/I30% -> 48.948868 | BM30: =SUM(AT30,BD30)/I30% -> 21.77706 | BN30: =(AS30+BC30)/I30 -> 0.094158839 | BO30: =K30+O30+R30+V30 -> 241943.9 | BP30: =SUM(AV30,AW30,AX30,BF30,BG30,BH30,BK30) -> 6539.61 | BQ30: =BP30/(AE30*280) -> 0.96233004
A31: 28 | B31: 28 | D31: ='28'!D3 -> 23 | E31: ='28'!D4 -> 0.77 | F31: ='28'!D2 -> 0.52 | G31: ='28'!G8 -> 19519 | H31: ='28'!G8 -> 19519 | I31: ='28'!G7 -> 19357 | J31: 10 | K31: =H31*J31 -> 195190 | L31: =I31/202 -> 95.826733 | M31: ='28'!G15 -> 434.06 | N31: 35 | O31: =M31*N31 -> 15192.1 | P31: ='28'!G20 -> 173 | Q31: 134 | R31: =P31*Q31 -> 23182 | S31: =P31/(F31*202/100) -> 164.69916 | T31: ='28'!G24 -> 0 | U31: 69 | V31: =T31*U31 -> 0 | W31: ='28'!G95 -> 43 | X31: ='28'!G96 -> 23 | Y31: ='28'!G97 -> 11 | Z31: =W31+X31+Y31 -> 77 | AA31: ='28'!G132 -> 23.81 | AB31: ='28'!G133 -> 0 | AC31: ='28'!G134 -> 0 | AD31: ='28'!G135 -> 0 | AE31: =AA31+AB31+AC31+AD31 -> 23.81 | AF31: =AV31+AW31+BF31+BG31 -> 3834.83 | AG31: =AF31/AE31 -> 161.05964 | AH31: ='28'!G136 -> -0.01 | AI31: ='28'!G137 -> 0 | AJ31: ='28'!G138 -> 0 | AK31: =AH31+AI31+AJ31 -> -0.01 | AL31: ='28'!G139 -> 7.97 | AM31: ='28'!G140 -> 0.47 | AO31: =AL31+AM31 -> 8.44 | AP31: ='28'!G123 -> 267.04 | AQ31: ='28'!G35 -> 0.33 | AR31: ='28'!G37 -> 0 | AS31: ='28'!G38 -> 0 | AT31: ='28'!G39 -> 0 | AU31: ='28'!G40 -> 0 | AV31: ='28'!G41 -> 3834.56 | AW31: ='28'!G42 -> 0 | AX31: ='28'!G43 -> 2323.05 | AY31: ='28'!G44 -> 0 | AZ31: ='28'!G36 -> 735.27 | BA31: ='28'!G49 -> 3272.55 | BB31: ='28'!G51 -> 1445.46 | BC31: ='28'!G52 -> 1734.21 | BD31: ='28'!G53 -> 4173 | BE31: ='28'!G54 -> 50.45 | BF31: ='28'!G55 -> 0.42 | BG31: ='28'!G56 -> -0.15 | BH31: ='28'!G57 -> 0 | BI31: ='28'!G50 -> 1462 | BJ31: =SUM(AV31,AW31,BF31,BG31) -> 3834.83 | BK31: ='28'!G84 -> 540 | BL31: =SUM(AQ31,AV31,AW31,AX31,BA31,BF31,BG31,BH31)/I31% -> 48.720153 | BM31: =SUM(AT31,BD31)/I31% -> 21.558093 | BN31: =(AS31+BC31)/I31 -> 0.089590846 | BO31: =K31+O31+R31+V31 -> 233564.1 | BP31: =SUM(AV31,AW31,AX31,BF31,BG31,BH31,BK31) -> 6697.88 | BQ31: =BP31/(AE31*280) -> 1.0046619
A32: 29 | B32: 29 | D32: ='29'!D3 -> 24 | E32: ='29'!D4 -> 0.78 | F32: ='29'!D2 -> 0.66 | G32: ='29'!G8 -> 18944 | H32: ='29'!G8 -> 18944 | I32: ='29'!G7 -> 18748 | J32: 10 | K32: =H32*J32 -> 189440 | L32: =I32/202 -> 92.811881 | M32: ='29'!G15 -> 826.97 | N32: 35 | O32: =M32*N32 -> 28943.95 | P32: ='29'!G20 -> 151 | Q32: 134 | R32: =P32*Q32 -> 20234 | S32: =P32/(F32*202/100) -> 113.26133 | T32: ='29'!G24 -> 0 | U32: 69 | V32: =T32*U32 -> 0 | W32: ='29'!G95 -> 65 | X32: ='29'!G96 -> 33 | Y32: ='29'!G97 -> 19 | Z32: =W32+X32+Y32 -> 117 | AA32: ='29'!G132 -> 24.06 | AB32: ='29'!G133 -> 0 | AC32: ='29'!G134 -> 0 | AD32: ='29'!G135 -> 0 | AE32: =AA32+AB32+AC32+AD32 -> 24.06 | AF32: =AV32+AW32+BF32+BG32 -> 3422.44 | AG32: =AF32/AE32 -> 142.24605 | AH32: ='29'!G136 -> 8.93 | AI32: ='29'!G137 -> 0 | AJ32: ='29'!G138 -> 0 | AK32: =AH32+AI32+AJ32 -> 8.93 | AL32: ='29'!G139 -> 7.13 | AM32: ='29'!G140 -> 0 | AO32: =AL32+AM32 -> 7.13 | AP32: ='29'!G123 -> 242.99 | AQ32: ='29'!G35 -> 0 | AR32: ='29'!G37 -> 0 | AS32: ='29'!G38 -> 0 | AT32: ='29'!G39 -> 0 | AU32: ='29'!G40 -> 0 | AV32: ='29'!G41 -> 3422.44 | AW32: ='29'!G42 -> 0 | AX32: ='29'!G43 -> 2326.63 | AY32: ='29'!G44 -> 0 | AZ32: ='29'!G36 -> 586.73 | BA32: ='29'!G49 -> 3058.55 | BB32: ='29'!G51 -> 1563 | BC32: ='29'!G52 -> 1955 | BD32: ='29'!G53 -> 4185.97 | BE32: ='29'!G54 -> 51.8 | BF32: ='29'!G55 -> 0 | BG32: ='29'!G56 -> 0 | BH32: ='29'!G57 -> 0 | BI32: ='29'!G50 -> 1108.97 | BJ32: =SUM(AV32,AW32,BF32,BG32) -> 3422.44 | BK32: ='29'!G84 -> 547 | BL32: =SUM(AQ32,AV32,AW32,AX32,BA32,BF32,BG32,BH32)/I32% -> 46.978984 | BM32: =SUM(AT32,BD32)/I32% -> 22.327555 | BN32: =(AS32+BC32)/I32 -> 0.10427779 | BO32: =K32+O32+R32+V32 -> 238617.95 | BP32: =SUM(AV32,AW32,AX32,BF32,BG32,BH32,BK32) -> 6296.07 | BQ32: =BP32/(AE32*280) -> 0.93457873
A33: 30 | B33: 30 | D33: ='30'!D33 -> 0 | E33: ='30'!D4 -> 0.8 | F33: ='30'!D2 -> 0.3 | G33: ='30'!G8 -> -2331009 | H33: ='30'!G8 -> -2331009 | I33: ='30'!G7 -> -2314382 | J33: 10 | K33: =H33*J33 -> -23310090 | L33: =I33/202 -> -11457.337 | M33: ='30'!G15 -> -77642.192 | N33: 35 | O33: =M33*N33 -> -2717476.7 | P33: ='30'!G20 -> -6373 | Q33: 134 | R33: =P33*Q33 -> -853982 | S33: =P33/(F33*202/100) -> -10516.502 | T33: ='30'!G24 -> 0 | U33: 69 | V33: =T33*U33 -> 0 | W33: ='30'!G95 -> -7353 | X33: ='30'!G96 -> -2948 | Y33: ='30'!G97 -> -2522 | Z33: =W33+X33+Y33 -> -12823 | AA33: ='30'!G132 -> -227.54 | AB33: ='30'!G133 -> 33911 | AC33: ='30'!G134 -> -214.73 | AD33: ='30'!G135 -> -1449 | AE33: =AA33+AB33+AC33+AD33 -> 32019.73 | AF33: =AV33+AW33+BF33+BG33 -> 444295.12 | AG33: =AF33/AE33 -> 13.875667 | AH33: ='30'!G136 -> -435.82 | AI33: ='30'!G137 -> -143.34 | AJ33: ='30'!G138 -> -274.07 | AK33: =AH33+AI33+AJ33 -> -853.23 | AL33: ='30'!G139 -> -556.88 | AM33: ='30'!G140 -> -179.73 | AO33: =AL33+AM33 -> -736.61 | AP33: ='30'!G123 -> -25112.54 | AQ33: ='30'!G35 -> -95366.69 | AR33: ='30'!G37 -> -60832.65 | AS33: ='30'!G38 -> 0 | AT33: ='30'!G39 -> -149036.01 | AU33: ='30'!G40 -> 0 | AV33: ='30'!G41 -> 262907.95 | AW33: ='30'!G42 -> 181387.17 | AX33: ='30'!G43 -> -276939.2 | AY33: ='30'!G44 -> 0 | AZ33: ='30'!G36 -> -83205.48 | BA33: ='30'!BA33 -> 0 | BB33: ='30'!BA4 -> 0 | BC33: ='30'!BA2 -> 0 | BD33: ='30'!BD8 -> 0 | BE33: ='30'!BC7 -> 0 | BF33: ='30'!BD7 -> 0 | BG33: ='30'!G57 -> 0 | BH33: ='30'!H57 -> 0 | BI33: =BF33/202 -> 0 | BJ33: =SUM(AV33,AW33,BF33,BG33) -> 444295.12 | BK33: ='31'!G84 -> -14070 | BL33: =SUM(AQ33,AV33,AW33,AX33,BA33,BF33,BG33,BH33)/I33% -> -3.1105163 | BM33: =SUM(AT33,BD33)/I33% -> 6.4395597 | BN33: =(AS33+BC33)/I33 -> 0 | BO33: =K33+O33+R33+V33 -> -26881549 | BP33: =SUM(AV33,AW33,AX33,BF33,BG33,BH33,BK33) -> 153285.92 | BQ33: =BP33/(AE33*280) -> 0.017097262
A34: 31 | B34: 31 | D34: ='[2]30'!D34 -> 0 | E34: ='[2]31'!D5 -> Unit | F34: ='[2]31'!D3 -> 30 | G34: ='[2]31'!G8 -> 19595 | H34: ='[2]31'!G8 -> 19595 | I34: ='[2]31'!G7 -> 19398 | J34: 10 | K34: =H34*J34 -> 195950 | L34: =I34/202 -> 96.029703 | M34: ='[2]10'!G15 -> 827.65 | N34: 35 | O34: =M34*N34 -> 28967.75 | P34: ='[2]31'!G20 -> 184 | Q34: 134 | R34: =P34*Q34 -> 24656 | S34: =P34/(F34*202/100) -> 3.0363036 | T34: ='[2]31'!G24 -> 0 | U34: 69 | V34: =T34*U34 -> 0 | W34: ='[2]31'!G95 -> 63 | X34: ='[2]31'!G96 -> 15 | Y34: ='[2]31'!G97 -> 22 | Z34: =W34+X34+Y34 -> 100 | AA34: ='[2]31'!G132 -> 0 | AB34: ='[2]31'!G133 -> 0 | AC34: ='[2]31'!G134 -> 0 | AD34: ='[2]31'!G135 -> 23.92 | AE34: =AA34+AB34+AC34+AD34 -> 23.92 | AF34: =AV34+AW34+BF34+BG34 -> 4263.21 | AG34: =AF34/AE34 -> 178.22784 | AH34: ='[2]31'!G136 -> 6.33 | AI34: ='[2]31'!G137 -> 0 | AJ34: ='[2]31'!G138 -> 0 | AK34: =AH34+AI34+AJ34 -> 6.33 | AL34: ='[2]31'!G139 -> 0 | AM34: ='[2]31'!G140 -> 7.92 | AO34: =AL34+AM34 -> 7.92 | AP34: ='[2]31'!G123 -> 241.35 | AQ34: ='[2]31'!G35 -> 0 | AR34: ='[2]31'!G37 -> 0 | AS34: ='[2]31'!G38 -> 0 | AT34: ='[2]31'!G39 -> 0 | AU34: ='[2]31'!G40 -> 0 | AV34: ='[2]31'!G41 -> 0 | AW34: ='[2]31'!G42 -> 0.09 | AX34: ='[2]31'!G43 -> 1972.72 | AY34: ='[2]31'!G44 -> 0 | AZ34: ='[2]31'!G36 -> 668.58 | BA34: ='[2]31'!G49 -> 2791.39 | BB34: ='[2]31'!G51 -> 1472.34 | BC34: ='[2]31'!G52 -> 2047.28 | BD34: ='[2]31'!G53 -> 4400.97 | BE34: ='[2]31'!G54 -> 79.99 | BF34: ='[2]31'!BD7 -> 0 | BG34: ='[2]31'!G56 -> 4263.12 | BH34: ='[2]31'!H57 -> 0 | BI34: ='[2]31'!G50 -> 1070.44 | BJ34: =SUM(AV34,AW34,BF34,BG34) -> 4263.21 | BK34: ='[2]31'!G84 -> 377 | BL34: =SUM(AQ34,AV34,AW34,AX34,BA34,BF34,BG34,BH34)/I34% -> 46.537375 | BM34: =SUM(AT34,BD34)/I34% -> 22.687751 | BN34: =(AS34+BC34)/I34 -> 0.10554078 | BO34: =K34+O34+R34+V34 -> 249573.75 | BP34: =SUM(AV34,AW34,AX34,BF34,BG34,BH34,BK34) -> 6612.93 | BQ34: =BP34/(AE34*280) -> 0.98735816
A35: Total | D35: =AVERAGE(D4:D34) -> 25.322581 | F35: =AVERAGE(F4:F34) -> 1.4541065 | G35: =SUM(G4:G34) -> -1742711 | H35: =SUM(H4:H34) -> -1742711 | I35: =SUM(I4:I34) -> -1730604 | J35: =SUM(J4:J34) -> 309 | K35: =SUM(K4:K34) -> -17447493 | L35: =SUM(L4:L34) -> -8567.3465 | M35: =SUM(M4:M34) -> -52827.672 | N35: =SUM(N4:N34) -> 1085 | ... BO35: =SUM(BO4:BO34) -> -19463828 | BP35: =SUM(AV35,AW35,AX35,BF35,BG35,BH35,BK35) -> 363446.94 | BQ35: =BP35/(AE35*280) -> 0.039643641
B36: =B18-B17 -> 1 | C36: =C18-C17 -> 0 | D36: =D18-D17 -> 5 | E36: =E18-E17 -> 0.16 | F36: =F18-F17 -> -0.1683 | I36: =I18-I17 -> 1473 | J36: =J18-J17 -> 0 | K36: =K18-K17 -> 14890 | L36: =L18-L17 -> 7.2920792 | M36: =M18-M17 -> 65.665 | N36: =N18-N17 -> 0 | O36: =O18-O17 -> 2298.275 | P36: =P18-P17 -> 22 | ... AO36: =AO18-AO17 -> 0.83 | AQ36: =AQ18-AQ17 -> 0 | AR36: =AR18-AR17 -> 0 | AS36: =AS18-AS17 -> 0 | AT36: =AT18-AT17 -> 0 | AU36: =AU18-AU17 -> 0 | AV36: =AV18-AV17 -> 0 | AW36: =AW18-AW17 -> 0 | AX36: =AX18-AX17 -> 138.73 | BA36: =BA18-BA17 -> 240.22 | BB36: =BB18-BB17 -> 146.038 | BC36: =BC18-BC17 -> 177.64 | BD36: =BD18-BD17 -> 332.24 | BE36: =BE18-BE17 -> 1.78 | BF36: =BF18-BF17 -> 106.015 | BG36: =BG18-BG17 -> 0.16 | BH36: =BH18-BH17 -> 0 | BL36: =BL18-BL17 -> -1.3306597 | BM36: =BM18-BM17 -> 0.18473495 | BO36: =BO18-BO17 -> 20136.275 | BP36: =BP18-BP17 -> 289.905
F37: =AVERAGE(F4:F35) -> 1.4541065 | I37: =AVERAGE(I4:I35) -> -108162.75
B38: Guest complaint | F38: =AVERAGE(F4:F35) -> 1.4541065
BJ41: =(BJ31+BK31)/400 -> 10.937075

Sheet Occupancy
B1: Hotel Occupancy Occ% | C1: Room Nights | D1: Comp Night | E1: Cummulative % | F1: Total Covers Guests
A2: 1 | B2: 38.6 | C2: 81 | D2: 8 | E2: =SUM(C2:D2)/202% -> 44.059406 | F2: 541 | G2: =SUM(C2:D2) -> 89
A3: 2 | B3: 42.1 | C3: =B3*202/100 -> 85.042 | D3: 24 | E3: =SUM(C3:D3)/202% -> 53.981188 | F3: 405 | G3: =SUM(C3:D3) -> 109.042
A4: 3 | B4: 26.7 | C4: =B4*202/100 -> 53.934 | D4: 24 | E4: =SUM(C4:D4)/202% -> 38.581188 | F4: 563 | G4: =SUM(C4:D4) -> 77.934
A5: 4 | E5: =SUM(C5:D5)/202% -> 0 | G5: =SUM(C5:D5) -> 0
A6: 5 | E6: =SUM(C6:D6)/202% -> 0 | G6: =SUM(C6:D6) -> 0
A7: 6 | E7: =SUM(C7:D7)/202% -> 0 | G7: =SUM(C7:D7) -> 0
A8: 7 | C8: 89 | D8: 28 | E8: =SUM(C8:D8)/202% -> 57.920792 | G8: =SUM(C8:D8) -> 117
A9: 8 | C9: 92 | D9: 25 | E9: =SUM(C9:D9)/202% -> 57.920792 | G9: =SUM(C9:D9) -> 117
A10: 9 | C10: 155 | D10: 27 | E10: =SUM(C10:D10)/202% -> 90.09901 | G10: =SUM(C10:D10) -> 182
A11: 10 | C11: 154 | D11: 27 | E11: =SUM(C11:D11)/202% -> 89.60396 | G11: =SUM(C11:D11) -> 181
A12: 11 | C12: 141 | D12: 28 | E12: =SUM(C12:D12)/202% -> 83.663366 | G12: =SUM(C12:D12) -> 169
A13: 12 | C13: 144 | D13: 30 | E13: =SUM(C13:D13)/202% -> 86.138614 | G13: =SUM(C13:D13) -> 174
A14: 13 | C14: 144 | D14: 4 | E14: =SUM(C14:D14)/202% -> 73.267327 | G14: =SUM(C14:D14) -> 148
A15: 14 | C15: 145 | D15: 3 | E15: =SUM(C15:D15)/202% -> 73.267327 | G15: =SUM(C15:D15) -> 148
A16: 15 | C16: 172 | D16: 2 | E16: =SUM(C16:D16)/202% -> 86.138614 | G16: =SUM(C16:D16) -> 174
A17: 16 | C17: 165 | D17: 1 | E17: =SUM(C17:D17)/202% -> 82.178218 | G17: =SUM(C17:D17) -> 166
A18: 17 | C18: 196 | D18: 1 | E18: =SUM(C18:D18)/202% -> 97.524752 | G18: =SUM(C18:D18) -> 197
A19: 18 | C19: 159 | D19: 7 | E19: =SUM(C19:D19)/202% -> 82.178218 | G19: =SUM(C19:D19) -> 166
A20: 19 | C20: 161 | D20: 7 | E20: =SUM(C20:D20)/202% -> 83.168317 | F20: 283 | G20: =SUM(C20:D20) -> 168
A21: 20 | C21: 151 | D21: 8 | E21: =SUM(C21:D21)/202% -> 78.712871 | F21: 333 | G21: =SUM(C21:D21) -> 159
A22: 21 | C22: 143 | D22: 4 | E22: =SUM(C22:D22)/202% -> 72.772277 | F22: 324 | G22: =SUM(C22:D22) -> 147
A23: 22 | C23: 174 | D23: 4 | E23: =SUM(C23:D23)/202% -> 88.118812 | F23: 381 | G23: =SUM(C23:D23) -> 178
A24: 23 | C24: 196 | D24: 1 | E24: =SUM(C24:D24)/202% -> 97.524752 | F24: 592 | G24: =SUM(C24:D24) -> 197
A25: 24 | C25: 99 | D25: 17 | E25: =SUM(C25:D25)/202% -> 57.425743 | F25: 412 | G25: =SUM(C25:D25) -> 116
A26: 25 | C26: 109 | D26: 19 | E26: =SUM(C26:D26)/202% -> 63.366337 | F26: 524 | G26: =SUM(C26:D26) -> 128
A27: 26 | C27: 67 | D27: 19 | E27: =SUM(C27:D27)/202% -> 42.574257 | F27: 354 | G27: =SUM(C27:D27) -> 86
A28: 27 | C28: 77 | D28: 19 | E28: =SUM(C28:D28)/202% -> 47.524752 | F28: 249 | G28: =SUM(C28:D28) -> 96
A29: 28 | C29: 83 | D29: 19 | E29: =SUM(C29:D29)/202% -> 50.49505 | F29: 325 | G29: =SUM(C29:D29) -> 102
A30: 29 | C30: 107 | D30: 18 | E30: =SUM(C30:D30)/202% -> 61.881188 | F30: 423 | G30: =SUM(C30:D30) -> 125
A31: 30
A32: 31

Sheet Water Report
C3: Date | D3: 1 | E3: 2 | F3: 3 | G3: 4 | H3: 5 | I3: 6 | J3: 7 | K3: 8 | L3: 9 | M3: 10 | N3: 11 | O3: 12 | P3: 13 | Q3: 14 | R3: 15 | S3: 16 | T3: 17 | U3: 18 | V3: 19 | W3: 20 | X3: 21 | Y3: 22 | Z3: 23 | AA3: 24 | AB3: 25 | AC3: 26 | AD3: 27 | AE3: 28 | AF3: 29 | AG3: 30 | AH3: 31
C4: occupancy | D4: ='[3]1'!F3 -> 0.5 | E4: ='[3]2'!F3 -> 0.1 | F4: ='[3]3'!F3 -> 0.5
C5: Tanker | D5: ='1'!G18 -> 150 | E5: ='2'!G18 -> 120 | F5: ='3'!G18 -> 120 | G5: ='4'!G18 -> 100 | H5: ='5'!G18 -> 80 | I5: ='6'!G18 -> 70 | J5: ='7'!G18 -> 70 | K5: ='8'!G18 -> 80 | L5: ='9'!G18 -> 120 | M5: ='10'!G18 -> 100 | N5: ='11'!G18 -> 140 | O5: ='12'!G18 -> 100 | P5: ='13'!G18 -> 120 | Q5: ='14'!G18 -> 100 | R5: ='15'!G18 -> 120 | S5: ='16'!G18 -> 200 | T5: ='17'!G18 -> 140 | U5: ='18'!G18 -> 140 | V5: ='19'!G18 -> 120 | W5: ='20'!G18 -> 140 | X5: ='21'!G18 -> 130 | Y5: ='22'!G18 -> 120 | Z5: ='23'!G18 -> 160 | AA5: ='24'!G18 -> 140 | AB5: ='25'!G18 -> 130 | AC5: ='26'!G18 -> 140 | AD5: ='27'!G18 -> 120 | AE5: ='28'!G18 -> 120 | AF5: ='29'!G18 -> 100 | AG5: ='30'!G18 -> 60 | AH5: ='31'!G18 -> 40
C6: BMC | D6: ='1'!G19 -> 47 | E6: ='2'!G19 -> 55 | F6: ='3'!G19 -> 47 | G6: ='4'!G19 -> 53 | H6: ='5'!G19 -> 52 | I6: ='6'!G19 -> 48 | J6: ='7'!G19 -> 52 | K6: ='8'!G19 -> 48 | L6: ='9'!G19 -> 37 | M6: ='10'!G19 -> 41 | N6: ='11'!G19 -> 54 | O6: ='12'!G19 -> 52 | P6: ='13'!G19 -> 54 | Q6: ='14'!G19 -> 51 | R6: ='15'!G19 -> 53 | S6: ='16'!G19 -> 54 | T6: ='17'!G19 -> 39 | U6: ='18'!G19 -> 52 | V6: ='19'!G19 -> 52 | W6: ='20'!G19 -> 50 | X6: ='21'!G19 -> 49 | Y6: ='22'!G19 -> 57 | Z6: ='23'!G19 -> 43 | AA6: ='24'!G19 -> 50 | AB6: ='25'!G19 -> 53 | AC6: ='26'!G19 -> 49 | AD6: ='27'!G19 -> 54 | AE6: ='28'!G19 -> 53 | AF6: ='29'!G19 -> 51 | AG6: ='30'!G19 -> -6433 | AH6: ='31'!G19 -> -1685
C7: R.O. Plant Production | D7: ='1'!G92 -> 133 | E7: ='2'!G92 -> 86 | F7: ='3'!G92 -> 75 | G7: ='4'!G92 -> 52 | H7: ='5'!G92 -> 33 | I7: ='6'!G92 -> 63 | J7: ='7'!G92 -> 45 | K7: ='8'!G92 -> 62 | L7: ='9'!G92 -> 75 | M7: ='10'!G92 -> 99 | N7: ='11'!G92 -> 115 | O7: ='12'!G92 -> 73 | P7: ='13'!G92 -> 72 | Q7: ='14'!G92 -> 55 | R7: ='15'!G92 -> 114 | S7: ='16'!G92 -> 148 | T7: ='17'!G92 -> 114 | U7: ='18'!G92 -> 104 | V7: ='19'!G92 -> 81 | W7: ='20'!G92 -> 106 | X7: ='21'!G92 -> 85 | Y7: ='22'!G92 -> 87 | Z7: ='23'!G92 -> 103 | AA7: ='24'!G92 -> 103 | AB7: ='25'!G92 -> 96 | AC7: ='26'!G92 -> 108 | AD7: ='27'!G92 -> 90 | AE7: ='28'!G92 -> 57 | AF7: ='29'!G92 -> 69 | AG7: ='30'!G92 -> -9023 | AH7: ='31'!G92 -> -743
B8: Domestic Water | C8: Zone-1 | D8: ='1'!G95 -> 60 | E8: ='2'!G95 -> 71 | F8: ='3'!G95 -> 60 | G8: ='4'!G95 -> 68 | H8: ='5'!G95 -> 44 | I8: ='6'!G95 -> 57 | J8: ='7'!G95 -> 48 | K8: ='8'!G95 -> 59 | L8: ='9'!G95 -> 68 | M8: ='10'!G95 -> 61 | N8: ='11'!G95 -> 93 | O8: ='12'!G95 -> 71 | P8: ='13'!G95 -> 67 | Q8: ='14'!G95 -> 68 | R8: ='15'!G95 -> 115 | S8: ='16'!G95 -> 113 | T8: ='17'!G95 -> 86 | U8: ='18'!G95 -> 84 | V8: ='19'!G95 -> 81 | W8: ='20'!G95 -> 88 | X8: ='21'!G95 -> 75 | Y8: ='22'!G95 -> 83 | Z8: ='23'!G95 -> 75 | AA8: ='24'!G95 -> 71 | AB8: ='25'!G95 -> 83 | AC8: ='26'!G95 -> 60 | AD8: ='27'!G95 -> 71 | AE8: ='28'!G95 -> 43 | AF8: ='29'!G95 -> 65 | AG8: ='30'!G95 -> -7353 | AH8: ='31'!G95 -> -1242
C9: Zone-2 | D9: ='1'!G96 -> 33 | E9: ='2'!G96 -> 16 | F9: ='3'!G96 -> 20 | G9: ='4'!G96 -> 14 | H9: ='5'!G96 -> 18 | I9: ='6'!G96 -> 21 | J9: ='7'!G96 -> 14 | K9: ='8'!G96 -> 16 | L9: ='9'!G96 -> 17 | M9: ='10'!G96 -> 21 | N9: ='11'!G96 -> 19 | O9: ='12'!G96 -> 21 | P9: ='13'!G96 -> 16 | Q9: ='14'!G96 -> 10 | R9: ='15'!G96 -> 12 | S9: ='16'!G96 -> 21 | T9: ='17'!G96 -> 22 | U9: ='18'!G96 -> 17 | V9: ='19'!G96 -> 13 | W9: ='20'!G96 -> 16 | X9: ='21'!G96 -> 17 | Y9: ='22'!G96 -> 18 | Z9: ='23'!G96 -> 18 | AA9: ='24'!G96 -> 25 | AB9: ='25'!G96 -> 24 | AC9: ='26'!G96 -> 19 | AD9: ='27'!G96 -> 15 | AE9: ='28'!G96 -> 23 | AF9: ='29'!G96 -> 33 | AG9: ='30'!G96 -> -2948 | AH9: ='31'!G96 -> -370
C10: Zone-3 | D10: ='1'!G97 -> 37 | E10: ='2'!G97 -> 23 | F10: ='3'!G97 -> 17 | G10: ='4'!G97 -> 15 | H10: ='5'!G97 -> 15 | I10: ='6'!G97 -> 12 | J10: ='7'!G97 -> 15 | K10: ='8'!G97 -> 16 | L10: ='9'!G97 -> 22 | M10: ='10'!G97 -> 27 | N10: ='11'!G97 -> 20 | O10: ='12'!G97 -> 17 | P10: ='13'!G97 -> 17 | Q10: ='14'!G97 -> 15 | R10: ='15'!G97 -> 22 | S10: ='16'!G97 -> 26 | T10: ='17'!G97 -> 30 | U10: ='18'!G97 -> 24 | V10: ='19'!G97 -> 19 | W10: ='20'!G97 -> 21 | X10: ='21'!G97 -> 16 | Y10: ='22'!G97 -> 20 | Z10: ='23'!G97 -> 26 | AA10: ='24'!G97 -> 33 | AB10: ='25'!G97 -> 25 | AC10: ='26'!G97 -> 25 | AD10: ='27'!G97 -> 13 | AE10: ='28'!G97 -> 11 | AF10: ='29'!G97 -> 19 | AG10: ='30'!G97 -> -2522 | AH10: ='31'!G97 -> -444
B12: Flushing Water | C12: Zone-1 | D12: ='1'!G98 -> 50 | E12: ='2'!G98 -> 59 | F12: ='3'!G98 -> 34 | G12: ='4'!G98 -> 95 | H12: ='5'!G98 -> 64 | I12: ='6'!G98 -> 52 | J12: ='7'!G98 -> 46 | K12: ='8'!G98 -> 53 | L12: ='9'!G98 -> 48 | M12: ='10'!G98 -> 80 | N12: ='11'!G98 -> 64 | O12: ='12'!G98 -> 46 | P12: ='13'!G98 -> 56 | Q12: ='14'!G98 -> 72 | R12: ='15'!G98 -> 52 | S12: ='16'!G98 -> 97 | T12: ='17'!G98 -> 61 | U12: ='18'!G98 -> 32 | V12: ='19'!G98 -> 38 | W12: ='20'!G98 -> 30 | X12: ='21'!G98 -> 29 | Y12: ='22'!G98 -> 56 | Z12: ='23'!G98 -> 56 | AA12: ='24'!G98 -> 45 | AB12: ='25'!G98 -> 50 | AC12: ='26'!G98 -> 62 | AD12: ='27'!G98 -> 64 | AE12: ='28'!G98 -> 59 | AF12: ='29'!G98 -> 65 | AG12: ='30'!G98 -> -5667 | AH12: ='31'!G98 -> -177
C13: Zone-2 | D13: ='1'!G114 -> 33 | E13: ='2'!G114 -> 11 | F13: ='3'!G114 -> 11 | G13: ='4'!G114 -> 12 | H13: ='5'!G114 -> 24 | I13: ='6'!G114 -> 8 | J13: ='7'!G114 -> 9 | K13: ='8'!G114 -> 13 | L13: ='9'!G114 -> 16 | M13: ='10'!G114 -> 21 | N13: ='11'!G114 -> 27 | O13: ='12'!G114 -> 10 | P13: ='13'!G114 -> 11 | Q13: ='14'!G114 -> 9 | R13: ='15'!G114 -> 8 | S13: ='16'!G114 -> 28 | T13: ='17'!G114 -> 21 | U13: ='18'!G114 -> 14 | V13: ='19'!G114 -> 20 | W13: ='20'!G114 -> 30 | X13: ='21'!G114 -> 18 | Y13: ='22'!G114 -> 20 | Z13: ='23'!G114 -> 12 | AA13: ='24'!G114 -> 15 | AB13: ='25'!G114 -> 20 | AC13: ='26'!G114 -> 44 | AD13: ='27'!G114 -> 37 | AE13: ='28'!G114 -> 25 | AF13: ='29'!G114 -> 13 | AG13: ='30'!G114 -> -1795 | AH13: ='31'!G114 -> -239
C14: Zone-3 | D14: ='1'!G115 -> 15 | E14: ='2'!G115 -> 5 | F14: ='3'!G115 -> 9 | G14: ='4'!G115 -> 2 | H14: ='5'!G115 -> 6 | I14: ='6'!G115 -> 4 | J14: ='7'!G115 -> 10 | K14: ='8'!G115 -> 7 | L14: ='9'!G115 -> 8 | M14: ='10'!G115 -> 10 | N14: ='11'!G115 -> 8 | O14: ='12'!G115 -> 5 | P14: ='13'!G115 -> 7 | Q14: ='14'!G115 -> 8 | R14: ='15'!G115 -> 13 | S14: ='16'!G115 -> 13 | T14: ='17'!G115 -> 6 | U14: ='18'!G115 -> 6 | V14: ='19'!G115 -> 7 | W14: ='20'!G115 -> 10 | X14: ='21'!G115 -> 6 | Y14: ='22'!G115 -> 10 | Z14: ='23'!G115 -> 12 | AA14: ='24'!G115 -> 8 | AB14: ='25'!G115 -> 6 | AC14: ='26'!G115 -> 10 | AD14: ='27'!G115 -> 5 | AE14: ='28'!G115 -> 7 | AF14: ='29'!G115 -> 5 | AG14: ='30'!G115 -> -1056 | AH14: ='31'!G115 -> -136
B16: Branches ( Domestic water ) | C16: Pool | D16: ='1'!G104 -> 0 | E16: ='2'!G104 -> 0 | F16: ='3'!G104 -> 0 | G16: ='4'!G104 -> 0 | H16: ='5'!G104 -> 0 | I16: ='6'!G104 -> 0 | J16: ='7'!G104 -> 0 | K16: ='8'!G104 -> 0 | L16: ='9'!G104 -> 0 | M16: ='10'!G104 -> 0 | N16: ='11'!G104 -> 0 | O16: ='12'!G104 -> 0 | P16: ='13'!G104 -> 0 | Q16: ='14'!G104 -> 0 | R16: ='15'!G104 -> 0 | S16: ='16'!G104 -> 0 | T16: ='17'!G104 -> 0 | U16: ='18'!G104 -> 0 | V16: ='19'!G104 -> 0 | W16: ='20'!G104 -> 0 | X16: ='21'!G104 -> 0 | Y16: ='22'!G104 -> 0 | Z16: ='23'!G104 -> 0 | AA16: ='24'!G104 -> 0 | AB16: ='25'!G104 -> 0 | AC16: ='26'!G104 -> 0 | AD16: ='27'!G104 -> 0 | AE16: ='28'!G104 -> 0 | AF16: ='29'!G104 -> 0 | AG16: ='30'!G104 -> 0 | AH16: ='31'!G104 -> 0
C17: B2 Laundry | D17: ='1'!G105 -> 1 | E17: ='2'!G105 -> 15 | F17: ='3'!G105 -> 7 | G17: ='4'!G105 -> 11 | H17: ='5'!G105 -> 11 | I17: ='6'!G105 -> 6 | J17: ='7'!G105 -> 2 | K17: ='8'!G105 -> 4 | L17: ='9'!G105 -> 5 | M17: ='10'!G105 -> 4 | N17: ='11'!G105 -> 19 | O17: ='12'!G105 -> 10 | P17: ='13'!G105 -> 7 | Q17: ='14'!G105 -> 6 | R17: ='15'!G105 -> 8 | S17: ='16'!G105 -> 8 | T17: ='17'!G105 -> 7 | U17: ='18'!G105 -> 15 | V17: ='19'!G105 -> 8 | W17: ='20'!G105 -> 7 | X17: ='21'!G105 -> 7 | Y17: ='22'!G105 -> 9 | Z17: ='23'!G105 -> 6 | AA17: ='24'!G105 -> 6 | AB17: ='25'!G105 -> 14 | AC17: ='26'!G105 -> 7 | AD17: ='27'!G105 -> 12 | AE17: ='28'!G105 -> 0 | AF17: ='29'!G105 -> 10 | AG17: ='30'!G105 -> -738 | AH17: ='31'!G105 -> -100
C18: Boiler Feed Water | D18: ='1'!G106 -> 4 | E18: ='2'!G106 -> 6 | F18: ='3'!G106 -> 5 | G18: ='4'!G106 -> 5 | H18: ='5'!G106 -> 10 | I18: ='6'!G106 -> 7 | J18: ='7'!G106 -> 5 | K18: ='8'!G106 -> 6 | L18: ='9'!G106 -> 6 | M18: ='10'!G106 -> 5 | N18: ='11'!G106 -> 5 | O18: ='12'!G106 -> 8 | P18: ='13'!G106 -> 8 | Q18: ='14'!G106 -> 9 | R18: ='15'!G106 -> 8 | S18: ='16'!G106 -> 8 | T18: ='17'!G106 -> 11 | U18: ='18'!G106 -> 8 | V18: ='19'!G106 -> 8 | W18: ='20'!G106 -> 7 | X18: ='21'!G106 -> 7 | Y18: ='22'!G106 -> 6 | Z18: ='23'!G106 -> 8 | AA18: ='24'!G106 -> 5 | AB18: ='25'!G106 -> 7 | AC18: ='26'!G106 -> 3 | AD18: ='27'!G106 -> 7 | AE18: ='28'!G106 -> 0 | AF18: ='29'!G106 -> 4 | AG18: ='30'!G106 -> -546 | AH18: ='31'!G106 -> -80
B20: Branches ( STP Water ) | C20: CT water | D20: ='1'!G109 -> 61 | E20: ='2'!G109 -> 62 | F20: ='3'!G109 -> 67 | G20: ='4'!G109 -> 69 | H20: ='5'!G109 -> 120 | I20: ='6'!G109 -> 32 | J20: ='7'!G109 -> 40 | K20: ='8'!G109 -> 39 | L20: ='9'!G109 -> 57 | M20: ='10'!G109 -> 43 | N20: ='11'!G109 -> 84 | O20: ='12'!G109 -> 60 | P20: ='13'!G109 -> 60 | Q20: ='14'!G109 -> 40 | R20: ='15'!G109 -> 61 | S20: ='16'!G109 -> 40 | T20: ='17'!G109 -> 62 | U20: ='18'!G109 -> 62 | V20: ='19'!G109 -> 42 | W20: ='20'!G109 -> 58 | X20: ='21'!G109 -> 41 | Y20: ='22'!G109 -> 62 | Z20: ='23'!G109 -> 45 | AA20: ='24'!G109 -> 61 | AB20: ='25'!G109 -> 41 | AC20: ='26'!G109 -> 42 | AD20: ='27'!G109 -> 42 | AE20: ='28'!G109 -> 63 | AF20: ='29'!G109 -> 43 | AG20: ='30'!G109 -> -6623 | AH20: ='31'!G109 -> -1286
C21: STP flush | D21: ='1'!G110 -> 44 | E21: ='2'!G110 -> 43 | F21: ='3'!G110 -> 59 | G21: ='4'!G110 -> 43 | H21: ='5'!G110 -> 106 | I21: ='6'!G110 -> 60 | J21: ='7'!G110 -> 24 | K21: ='8'!G110 -> 64 | L21: ='9'!G110 -> 29 | M21: ='10'!G110 -> 100 | N21: ='11'!G110 -> 60 | O21: ='12'!G110 -> 39 | P21: ='13'!G110 -> 29 | Q21: ='14'!G110 -> 93 | R21: ='15'!G110 -> 39 | S21: ='16'!G110 -> 114 | T21: ='17'!G110 -> 37 | U21: ='18'!G110 -> 42 | V21: ='19'!G110 -> 47 | W21: ='20'!G110 -> 41 | X21: ='21'!G110 -> 21 | Y21: ='22'!G110 -> 51 | Z21: ='23'!G110 -> 41 | AA21: ='24'!G110 -> 35 | AB21: ='25'!G110 -> 60 | AC21: ='26'!G110 -> 60 | AD21: ='27'!G110 -> 59 | AE21: ='28'!G110 -> 48 | AF21: ='29'!G110 -> 35 | AG21: ='30'!G110 -> -5336 | AH21: ='31'!G110 -> -188
C22: Garden | D22: ='1'!G111 -> 0 | E22: ='2'!G111 -> 15 | F22: ='3'!G111 -> 0 | G22: ='4'!G111 -> 0 | H22: ='5'!G111 -> 15 | I22: ='6'!G111 -> 0 | J22: ='7'!G111 -> 13 | K22: ='8'!G111 -> 0 | L22: ='9'!G111 -> 15 | M22: ='10'!G111 -> 0 | N22: ='11'!G111 -> 0 | O22: ='12'!G111 -> 12 | P22: ='13'!G111 -> 0 | Q22: ='14'!G111 -> 15 | R22: ='15'!G111 -> 0 | S22: ='16'!G111 -> 13 | T22: ='17'!G111 -> 0 | U22: ='18'!G111 -> 0 | V22: ='19'!G111 -> 12 | W22: ='20'!G111 -> 0 | X22: ='21'!G111 -> 17 | Y22: ='22'!G111 -> 0 | Z22: ='23'!G111 -> 13 | AA22: ='24'!G111 -> 0 | AB22: ='25'!G111 -> 14 | AC22: ='26'!G111 -> 0 | AD22: ='27'!G111 -> 5 | AE22: ='28'!G111 -> 0 | AF22: ='29'!G111 -> 0 | AG22: ='30'!G111 -> -661 | AH22: ='31'!G111 -> 0
B24: Domestic consumption | D24: =SUM(D8:D10,D13:D14,) -> 178 | E24: =SUM(E8:E10,E13:E14,) -> 126 | F24: =SUM(F8:F10,F13:F14,) -> 117 | G24: =SUM(G8:G10,G13:G14,) -> 111 | H24: =SUM(H8:H10,H13:H14,) -> 107 | I24: =SUM(I8:I10,I13:I14,) -> 102 | J24: =SUM(J8:J10,J13:J14,) -> 96 | K24: =SUM(K8:K10,K13:K14,) -> 111 | ... AI24: =SUM(AI8:AI10,AI13:AI14,) -> 0
B26: STP +Flush Consumption | D26: =SUM(D12,D20,D22) -> 111 | E26: =SUM(E12,E20,E22) -> 136 | F26: =SUM(F12,F20,F22) -> 101 | G26: =SUM(G12,G20,G22) -> 164 | H26: =SUM(H12,H20,H22) -> 199 | I26: =SUM(I12,I20,I22) -> 84 | J26: =SUM(J12,J20,J22) -> 99 | K26: =SUM(K12,K20,K22) -> 92 | ... AH26: =SUM(AH12,AH20,AH22) -> -1463 | AI26: =SUM(AI12) -> 0
B28: BOH | D28: =D8 -> 60 | E28: =E8 -> 71 | F28: =F8 -> 60 | G28: =G8 -> 68 | H28: =H8 -> 44 | I28: =I8 -> 57 | J28: =J8 -> 48 | K28: =K8 -> 59 | ... AH28: =AH8 -> -1242
B29: Guest Floor | D29: =SUM(D9:D10,D13:D14) -> 118 | E29: =SUM(E9:E10,E13:E14) -> 55 | F29: =SUM(F9:F10,F13:F14) -> 57 | G29: =SUM(G9:G10,G13:G14) -> 43 | H29: =SUM(H9:H10,H13:H14) -> 63 | I29: =SUM(I9:I10,I13:I14) -> 45 | J29: =SUM(J9:J10,J13:J14) -> 48 | K29: =SUM(K9:K10,K13:K14) -> 52 | ... AH29: =SUM(AH9:AH10,AH13:AH14) -> -1189
B30: Guest floor% | D30: =D29/SUM(D28:D29)% -> 66.292135 | E30: =E29/SUM(E28:E29)% -> 43.650794 | F30: =F29/SUM(F28:F29)% -> 48.717949 | G30: =G29/SUM(G28:G29)% -> 38.738739 | H30: =H29/SUM(H28:H29)% -> 58.878505 | I30: =I29/SUM(I28:I29)% -> 44.117647 | J30: =J29/SUM(J28:J29)% -> 50 | K30: =K29/SUM(K28:K29)% -> 46.846847 | ... AH30: =AH29/SUM(AH28:AH29)% -> 48.909914

Sheet Section Load
B2: Electrical | AJ2: Boiler Running
B3: MK-1 | C3: MK-2 | D3: Prato | E3: San- Qi Indian | F3: San- Qi Japanese | G3: The club | H3: AER | I3: COLD ROOM'S | J3: Ball Room 1 | K3: Ball Room 2 | L3: B1 Laundry | M3: B2 Laundry | N3: STP | O3: MOCK Up Room | P3: 27th Floor | Q3: Physic57 | R3: Pinoor Legal- Power+lighting | S3: 2nd floor plant room | T3: 5th Floor | U3: 5th Floor | V3: 12th Floor | W3: 20th Floor | X3: 27th Floor | Y3: 34th Floor | Z3: Sanqi | AA3: CT | AB3: MGL | AC3: HWG | AD3: Prato | AE3: BR-1 | AF3: SanQi IND | AG3: SanQi JPN | AH3: Boiler | AI3: HWG | AJ3: Boiler1 | AK3: Boiler2 | AL3: Boiler3 | AM3: Total
A4: 44044 | B4: ='1'!G72 -> 98 | C4: ='1'!$G$73 -> 0 | D4: ='1'!$G$74 -> 49 | E4: ='1'!$G$75 -> 189 | F4: ='1'!$G$76 -> 98 | G4: ='1'!$G$77 -> 61 | H4: ='1'!$G$78 -> 369 | I4: ='1'!$G$79 -> 187 | J4: ='1'!$G$80 -> 310 | K4: ='1'!$G$81 -> 129 | L4: ='1'!$G$82 -> 23 | M4: ='1'!$G$58 -> 51.59 | N4: ='1'!$G$83 -> 333 | O4: ='1'!G86 -> 23 | P4: ='1'!G87 -> 20 | Q4: ='1'!G88 -> 37 | R4: ='1'!G89+'1'!G90 -> 54.3 | S4: ='1'!$G$62 -> 0.009 | T4: ='1'!$G$63 -> 4.09 | U4: ='1'!$G$64 -> 415.6 | V4: ='1'!$G$65 -> 416.88 | W4: ='1'!$G$66 -> 413.91 | X4: ='1'!$G$67 -> 711.65 | Y4: ='1'!$G$68 -> 312.1 | Z4: ='1'!$G$69 -> 292.57 | AA4: ='1'!$G$84 -> 446 | AB4: ='1'!$G$15 -> 693.9 | AC4: ='1'!$G$123 -> 293.95 | AD4: ='1'!$G$124 -> -0.2 | AE4: ='1'!$G$125 -> 73.33 | AF4: ='1'!$G$126 -> 35 | AG4: ='1'!$G$127 -> 2 | AH4: =AB4-SUM(AC4:AG4) -> 289.82 | AI4: ='1'!G140 -> 9.75 | AJ4: ='1'!$G$136 -> 2.15 | AK4: ='1'!$G$137 -> 0 | AL4: ='1'!$G$138 -> 5.36 | AM4: =SUM(AJ4:AL4) -> 7.51
A5: 44045 | B5: ='2'!G72 -> 69 | C5: ='2'!$G$73 -> 2 | D5: ='2'!$G$74 -> 44 | E5: ='2'!$G$75 -> 193 | F5: ='2'!$G$76 -> 74 | G5: ='2'!$G$77 -> 61 | H5: ='2'!$G$78 -> 365 | I5: ='2'!$G$79 -> 200 | J5: ='2'!$G$80 -> 311 | K5: ='2'!$G$81 -> 123 | L5: ='2'!$G$82 -> 11.84 | M5: ='2'!$G$58 -> 220 | N5: ='2'!$G$83 -> 393 | O5: ='2'!G86 -> 52 | P5: ='2'!G87 -> 9.8 | Q5: ='2'!G88 -> 58.57 | R5: ='2'!G89+'2'!G90 -> 58 | S5: ='2'!$G$62 -> 0 | T5: ='2'!$G$63 -> 4 | U5: ='2'!$G$64 -> 400.65 | V5: ='2'!$G$65 -> 407.56 | W5: ='2'!$G$66 -> 408.35 | X5: ='2'!$G$67 -> 678 | Y5: ='2'!$G$68 -> 293 | Z5: ='2'!$G$69 -> 296 | AA5: ='2'!$G$84 -> 484 | AB5: ='2'!$G$15 -> 822.62 | AC5: ='2'!$G$123 -> 276.39 | AD5: ='2'!$G$124 -> 0 | AE5: ='2'!$G$125 -> 82 | AF5: ='2'!$G$126 -> 34 | AG5: ='2'!$G$127 -> 1 | AH5: =AB5-SUM(AC5:AG5) -> 429.23 | AI5: ='2'!$G$140 -> 9.13 | AJ5: ='2'!$G$136 -> 7.01 | AK5: ='2'!$G$137 -> 0 | AL5: ='2'!$G$138 -> 0 | AM5: =SUM(AJ5:AL5) -> 7.01
A6: 44046 | B6: ='3'!G72 -> 76 | C6: ='3'!$G$73 -> 1 | D6: ='3'!$G$74 -> 36 | E6: ='3'!$G$75 -> 188 | F6: ='3'!$G$76 -> 97 | G6: ='3'!$G$77 -> 56 | H6: ='3'!$G$78 -> 391 | I6: ='3'!$G$79 -> 188 | J6: ='3'!$G$80 -> 357.64 | K6: ='3'!$G$81 -> 147.64 | L6: ='3'!$G$82 -> 28.68 | M6: ='3'!$G$58 -> 184.5 | N6: ='3'!$G$83 -> 387 | O6: ='3'!G86 -> 58 | P6: ='1'!G87 -> 20 | Q6: ='3'!G88 -> 36.43 | R6: ='3'!G89+'3'!G90 -> 60 | S6: ='3'!$G$62 -> 0 | T6: ='3'!$G$63 -> 4.62 | U6: ='3'!$G$64 -> 376.35 | V6: ='3'!$G$65 -> 390.01 | W6: ='3'!$G$66 -> 394.32 | X6: ='3'!$G$67 -> 651.57 | Y6: ='3'!$G$68 -> 269 | Z6: ='3'!$G$69 -> 294 | AA6: ='3'!$G$84 -> 489 | AB6: ='3'!$G$15 -> 815.69 | AC6: ='3'!$G$123 -> 245.61 | AD6: ='3'!$G$124 -> 0 | AE6: ='3'!$G$125 -> 71.75 | AF6: ='3'!$G$126 -> 38 | AG6: ='3'!$G$127 -> 3 | AH6: =AB6-SUM(AC6:AG6) -> 457.33 | AI6: ='3'!$G$140 -> 7.93 | AJ6: ='3'!$G$136 -> 7.94 | AK6: ='3'!$G$137 -> 0 | AL6: ='3'!$G$138 -> 0 | AM6: =SUM(AJ6:AL6) -> 7.94
A7: 44047 | B7: ='4'!G72 -> 64 | C7: ='4'!$G$73 -> 0 | D7: ='4'!$G$74 -> 34 | E7: ='4'!$G$74 -> 34 | F7: ='4'!$G$76 -> 64 | G7: ='4'!$G$77 -> 54 | H7: ='4'!$G$78 -> 336 | I7: ='4'!$G$79 -> 173 | J7: ='4'!$G$80 -> 293.36 | K7: ='4'!$G$81 -> 123.36 | L7: ='4'!$G$82 -> 23.48 | M7: ='4'!$G$58 -> 231.5 | N7: ='4'!$G$83 -> 246 | O7: ='4'!G86 -> 133 | P7: ='4'!G87 -> 22.1 | Q7: ='4'!G88 -> 55.87 | R7: ='4'!G89+'4'!G90 -> 65 | S7: ='4'!$G$62 -> -0.001 | T7: ='4'!$G$63 -> 4.38 | U7: ='4'!$G$64 -> 393.83 | V7: ='4'!$G$65 -> 376.43 | W7: ='4'!$G$66 -> 363.91 | X7: ='4'!$G$67 -> 609.12 | Y7: ='4'!$G$68 -> 282.69 | Z7: ='4'!$G$69 -> 292 | AA7: ='4'!$G$84 -> 527 | AB7: ='4'!$G$15 -> 757.69 | AC7: ='4'!$G$123 -> 226.42 | AD7: ='4'!$G$124 -> 0 | AE7: ='4'!$G$125 -> 48.25 | AF7: ='4'!$G$126 -> 20.8 | AG7: ='4'!$G$127 -> 2 | AH7: =AB7-SUM(AC7:AG7) -> 460.22 | AI7: ='4'!$G$140 -> 7.66 | AJ7: ='4'!$G$136 -> 8.59 | AK7: ='4'!$G$137 -> 0 | AL7: ='4'!$G$138 -> 0 | AM7: =SUM(AJ7:AL7) -> 8.59
A8: 44048 | B8: ='5'!G72 -> 82 | C8: ='5'!$G$73 -> 1 | D8: ='5'!$G$74 -> 25 | E8: ='5'!$G$75 -> 167 | F8: ='5'!$G$76 -> 62 | G8: ='5'!$G$77 -> 57 | H8: ='5'!$G$78 -> 332 | I8: ='5'!$G$79 -> 194 | J8: ='5'!$G$80 -> 276 | K8: ='5'!$G$81 -> 106.64 | L8: ='5'!$G$82 -> 22 | M8: ='5'!$G$58 -> 80 | N8: ='5'!$G$83 -> 343 | O8: ='5'!G86 -> 23 | P8: ='5'!G87 -> 22.2 | Q8: ='5'!G88 -> 49.13 | R8: ='5'!G89+'5'!G90 -> 76 | S8: ='5'!$G$62 -> -0.188 | T8: ='5'!$G$63 -> 4 | U8: ='5'!$G$64 -> 392.17 | V8: ='5'!$G$65 -> 352.56 | W8: ='5'!$G$66 -> 353.42 | X8: ='5'!$G$67 -> 595.31 | Y8: ='5'!$G$68 -> 285.98 | Z8: ='5'!$G$69 -> 302.44 | AA8: ='5'!$G$84 -> 568 | AB8: ='5'!$G$15 -> 526 | AC8: ='5'!$G$123 -> 238.07 | AD8: ='5'!$G$124 -> 0 | AE8: ='5'!$G$125 -> 53 | AF8: ='5'!$G$126 -> 23.2 | AG8: ='5'!$G$127 -> 2 | AH8: =AB8-SUM(AC8:AG8) -> 209.73 | AI8: ='5'!$G$140 -> 7.86 | AJ8: ='5'!$G$136 -> -0.39 | AK8: ='5'!$G$137 -> 0 | AL8: ='5'!$G$138 -> 7.72 | AM8: =SUM(AJ8:AL8) -> 7.33
A9: 44049 | B9: ='6'!G72 -> 45 | C9: ='6'!$G$73 -> 0 | D9: ='6'!$G$74 -> 29 | E9: ='6'!$G$75 -> 165 | F9: ='6'!$G$76 -> 65 | G9: ='6'!$G$77 -> 52 | H9: ='6'!$G$78 -> 294 | I9: ='6'!$G$79 -> 180 | J9: ='6'!$G$80 -> 286.56 | K9: ='6'!$G$81 -> 118.36 | L9: ='6'!$G$82 -> 19 | M9: ='6'!$G$58 -> 167 | N9: ='6'!$G$83 -> 317 | O9: ='6'!G86 -> 90 | P9: ='6'!G87 -> 29.8 | Q9: ='6'!G88 -> 37 | R9: ='6'!G89+'6'!G90 -> 71.5 | S9: ='6'!$G$62 -> 0 | T9: ='6'!$G$63 -> 4 | U9: ='6'!$G$64 -> 390 | V9: ='6'!$G$65 -> 353.44 | W9: ='6'!$G$66 -> 343.69 | X9: ='6'!$G$67 -> 587.53 | Y9: ='6'!$G$68 -> 290.33 | Z9: ='6'!$G$69 -> 289.07 | AA9: ='6'!$G$84 -> 544 | AB9: ='6'!$G$15 -> 694.7 | AC9: ='6'!$G$123 -> 200.51 | AD9: ='6'!$G$124 -> 0 | AE9: ='6'!$G$125 -> 58 | AF9: ='6'!$G$126 -> 29 | AG9: ='6'!$G$127 -> 2 | AH9: =AB9-SUM(AC9:AG9) -> 405.19 | AI9: ='6'!$G$140 -> 6.59 | AJ9: ='6'!$G$136 -> 7.38 | AK9: ='6'!$G$137 -> 0 | AL9: ='6'!$G$138 -> 0 | AM9: =SUM(AJ9:AL9) -> 7.38
A10: 44050 | B10: ='7'!G72 -> 87 | C10: ='7'!$G$73 -> 1 | D10: ='7'!$G$74 -> 31 | E10: ='7'!$G$75 -> 180 | F10: ='7'!$G$76 -> 95 | G10: ='7'!$G$77 -> 55 | H10: ='7'!$G$78 -> 289 | I10: ='7'!$G$79 -> 193 | J10: ='7'!$G$80 -> 296.44 | K10: ='7'!$G$81 -> 122 | L10: ='7'!$G$82 -> 20 | M10: ='7'!$G$58 -> 69 | N10: ='7'!$G$83 -> 331 | O10: ='7'!G86 -> 94 | P10: ='7'!G87 -> 36.2 | Q10: ='7'!G88 -> 61 | R10: ='7'!G89+'7'!G90 -> 57.4 | S10: ='7'!$G$62 -> 0 | T10: ='7'!$G$63 -> 5 | U10: ='7'!$G$64 -> 369 | V10: ='7'!$G$65 -> 388 | W10: ='7'!$G$66 -> 368.31 | X10: ='7'!$G$67 -> 619.47 | Y10: ='7'!$G$68 -> 284 | Z10: ='7'!$G$69 -> 299.49 | AA10: ='7'!$G$84 -> 452 | AB10: ='7'!$G$15 -> 621.3 | AC10: ='7'!$G$123 -> 238 | AD10: ='7'!$G$124 -> 0 | AE10: ='7'!$G$125 -> 63 | AF10: ='7'!$G$126 -> 30 | AG10: ='7'!$G$127 -> 0 | AH10: =AB10-SUM(AC10:AG10) -> 290.3 | AI10: ='7'!$G$140 -> 7.67 | AJ10: ='7'!$G$136 -> 2.07 | AK10: ='7'!$G$137 -> 0 | AL10: ='7'!$G$138 -> 7.37 | AM10: =SUM(AJ10:AL10) -> 9.44
A11: 44051 | B11: ='8'!G72 -> 55 | C11: ='8'!$G$73 -> 1 | D11: ='8'!$G$74 -> 30 | E11: ='8'!$G$75 -> 174 | F11: ='8'!$G$76 -> 102 | G11: ='8'!$G$77 -> 50 | H11: ='8'!$G$78 -> 320 | I11: ='8'!$G$79 -> 176 | J11: ='8'!$G$80 -> 297 | K11: ='8'!$G$81 -> 116 | L11: ='8'!$G$82 -> 19 | M11: ='8'!$G$58 -> 160 | N11: ='8'!$G$83 -> 347 | O11: ='8'!G86 -> 90 | P11: ='8'!G87 -> 32 | Q11: ='8'!G88 -> 49 | R11: ='8'!G89+'8'!G90 -> 92.1 | S11: ='8'!$G$62 -> 0 | T11: ='8'!$G$63 -> 4 | U11: ='8'!$G$64 -> 412 | V11: ='8'!$G$65 -> 410 | W11: ='8'!$G$66 -> 367 | X11: ='8'!$G$67 -> 637 | Y11: ='8'!$G$68 -> 278 | Z11: ='8'!$G$69 -> 300 | AA11: ='8'!$G$84 -> 518 | AB11: ='8'!$G$15 -> 752 | AC11: ='8'!$G$123 -> 209 | AD11: ='8'!$G$124 -> 0 | AE11: ='8'!$G$125 -> 56 | AF11: ='8'!$G$126 -> 22 | AG11: ='8'!$G$127 -> 2 | AH11: =AB11-SUM(AC11:AG11) -> 463 | AI11: ='8'!$G$140 -> 6.97 | AJ11: ='8'!$G$136 -> 8.21 | AK11: ='8'!$G$137 -> 0 | AL11: ='8'!$G$138 -> 0 | AM11: =SUM(AJ11:AL11) -> 8.21
A12: 44052 | B12: ='9'!G72 -> 42 | C12: ='9'!$G$73 -> 1 | D12: ='9'!$G$74 -> 32 | E12: ='9'!$G$75 -> 184 | F12: ='9'!$G$76 -> 112 | G12: ='9'!$G$77 -> 58 | H12: ='9'!$G$78 -> 364 | I12: ='9'!$G$79 -> 194 | J12: ='9'!$G$80 -> 318 | K12: ='9'!$G$81 -> 118 | L12: ='9'!$G$82 -> 26 | M12: ='9'!$G$58 -> 136 | N12: ='9'!$G$83 -> 329 | O12: ='9'!G86 -> 87 | P12: ='9'!G87 -> 12 | Q12: ='9'!G88 -> 64 | R12: ='9'!G89+'9'!H90 -> 74 | S12: ='9'!$G$62 -> 0 | T12: ='9'!$G$63 -> 4 | U12: ='9'!$G$64 -> 389 | V12: ='9'!$G$65 -> 421 | W12: ='9'!$G$66 -> 371 | X12: ='9'!$G$67 -> 676 | Y12: ='9'!$G$68 -> 286 | Z12: ='9'!$G$69 -> 297 | AA12: ='9'!$G$84 -> 567 | AB12: ='9'!$G$15 -> 759 | AC12: ='9'!$G$123 -> 217 | AD12: ='9'!$G$124 -> 0 | AE12: ='9'!$G$125 -> 88 | AF12: ='9'!$G$126 -> 27 | AG12: ='9'!$G$127 -> 1 | AH12: =AB12-SUM(AC12:AG12) -> 426 | AI12: ='9'!$G$140 -> 7.15 | AJ12: ='9'!$G$136 -> 7.19 | AK12: ='9'!$G$137 -> 0 | AL12: ='9'!$G$138 -> 0.72 | AM12: =SUM(AJ12:AL12) -> 7.91
A13: 44053 | B13: ='10'!G72 -> 46 | C13: ='10'!$G$73 -> 0 | D13: ='10'!$G$74 -> 34 | E13: ='10'!$G$75 -> 203 | F13: ='10'!$G$76 -> 112 | G13: ='10'!$G$77 -> 50 | H13: ='10'!$G$78 -> 380 | I13: ='10'!$G$79 -> 185 | J13: ='10'!$G$80 -> 372 | K13: ='10'!$G$81 -> 105 | L13: ='10'!$G$82 -> 26 | M13: ='10'!$G$58 -> 115 | N13: ='10'!$G$83 -> 381 | O13: ='10'!G86 -> 50 | P13: ='10'!G87 -> 9 | Q13: ='10'!G88 -> 25 | R13: ='10'!G87+'10'!H90 -> 16 | S13: ='10'!$G$62 -> 0 | T13: ='10'!$G$63 -> 4 | U13: ='10'!$G$64 -> 371 | V13: ='10'!$G$65 -> 435 | W13: ='10'!$G$66 -> 382 | X13: ='10'!$G$67 -> 701 | Y13: ='10'!$G$68 -> 300 | Z13: ='10'!$G$69 -> 299 | AA13: ='10'!$G$84 -> 535 | AB13: ='10'!$G$15 -> 776 | AC13: ='10'!$G$123 -> 251 | AD13: ='10'!$G$124 -> 0 | AE13: ='10'!$G$125 -> 90 | AF13: ='10'!$G$126 -> 44 | AG13: ='10'!$G$127 -> 5 | AH13: =AB13-SUM(AC13:AG13) -> 386 | AI13: ='10'!$G$140 -> 8.26 | AJ13: ='10'!$G$136 -> 4.11 | AK13: ='10'!$G$137 -> 0 | AL13: ='10'!$G$138 -> 4.77 | AM13: =SUM(AJ13:AL13) -> 8.88
A14: 44054 | B14: ='11'!G72 -> 91 | C14: ='11'!$G$73 -> 1 | D14: ='11'!$G$74 -> 37 | E14: ='11'!$G$75 -> 201 | F14: ='11'!$G$76 -> 105 | G14: ='11'!$G$77 -> 55 | H14: ='11'!$G$78 -> 373 | I14: ='11'!$G$79 -> 202 | J14: ='11'!$G$80 -> 354.44 | K14: ='11'!$G$81 -> 120.8 | L14: ='11'!$G$82 -> 27.81 | M14: ='11'!$G$58 -> 253.703 | N14: ='11'!$G$83 -> 420 | O14: ='11'!G86 -> 123.36 | P14: ='11'!G87 -> 33.73 | Q14: ='11'!G88 -> 125.49 | R14: ='11'!G87+'11'!H90 -> 35.13 | S14: ='11'!$G$62 -> 0 | T14: ='11'!$G$63 -> 4.7852 | U14: ='11'!$G$64 -> 392.46 | V14: ='11'!$G$65 -> 432.94 | W14: ='11'!$G$66 -> 358.65 | X14: ='11'!$G$67 -> 672.03 | Y14: ='11'!$G$68 -> 325.191 | Z14: ='11'!$G$69 -> 292.355 | AA14: ='11'!$G$84 -> 661 | AB14: ='11'!$G$15 -> 919.052 | AC14: ='11'!$G$123 -> 228.85 | AD14: ='11'!$G$124 -> 0.3 | AE14: ='11'!$G$125 -> 88.6 | AF14: ='11'!$G$126 -> 43.7 | AG14: ='11'!$G$127 -> 3.7 | AH14: =AB14-SUM(AC14:AG14) -> 553.902 | AI14: ='11'!$G$140 -> 7.54 | AJ14: ='11'!$G$136 -> 0 | AK14: ='11'!$G$137 -> 9.89 | AL14: ='11'!$G$138 -> 0 | AM14: =SUM(AJ14:AL14) -> 9.89
A15: 44055 | B15: ='12'!G72 -> 80 | C15: ='12'!$G$73 -> 1 | D15: ='12'!$G$74 -> 37 | E15: ='12'!$G$75 -> 179 | F15: ='12'!$G$76 -> 96 | G15: ='12'!$G$77 -> 52 | H15: ='12'!$G$78 -> 320 | I15: ='12'!$G$79 -> 185 | J15: ='12'!$G$80 -> 309.6 | K15: ='12'!$G$81 -> 143.12 | L15: ='12'!$G$82 -> 29.14 | M15: ='12'!$G$58 -> 257.11 | N15: ='12'!$G$83 -> 358 | O15: ='12'!G86 -> 107.6 | P15: ='12'!G87 -> 32.67 | Q15: ='12'!G88 -> 95.5 | R15: ='12'!G87+'12'!H90 -> 35.77 | S15: ='12'!$G$62 -> 0 | T15: ='12'!$G$63 -> 4.2648 | U15: ='12'!$G$64 -> 398.68 | V15: ='12'!$G$65 -> 435.84 | W15: ='12'!$G$66 -> 358.37 | X15: ='12'!$G$67 -> 642.04 | Y15: ='12'!$G$68 -> 332.579 | Z15: ='12'!$G$69 -> 296.825 | AA15: ='12'!$G$84 -> 776 | AB15: ='12'!$G$15 -> 954.904 | AC15: ='12'!$G$123 -> 260.16 | AD15: ='12'!$G$124 -> 0 | AE15: ='12'!$G$125 -> 64.68 | AF15: ='12'!$G$126 -> 42.5 | AG15: ='12'!$G$127 -> 8.4 | AH15: =AB15-SUM(AC15:AG15) -> 579.164 | AI15: ='12'!$G$140 -> 8.51 | AJ15: ='12'!$G$136 -> 9.95 | AK15: ='12'!$G$137 -> 0.06 | AL15: ='12'!$G$138 -> 1.19 | AM15: =SUM(AJ15:AL15) -> 11.2 | AO15: =AC15-AE15 -> 195.48
A16: 44056 | B16: ='13'!G72 -> 66 | C16: ='13'!$G$73 -> 0 | D16: ='13'!$G$74 -> 37 | E16: ='13'!$G$75 -> 175 | F16: ='13'!$G$76 -> 107 | G16: ='13'!$G$77 -> 64 | H16: ='13'!$G$78 -> 380 | I16: ='13'!$G$79 -> 184 | J16: ='13'!$G$80 -> 339.8 | K16: ='13'!$G$81 -> 127.6 | L16: ='13'!$G$82 -> 27.94 | M16: ='13'!$G$58 -> 175.28 | N16: ='13'!$G$83 -> 379 | O16: ='13'!G86 -> 127.68 | P16: ='13'!G87 -> 32.4 | Q16: ='13'!G88 -> 126.64 | R16: ='13'!G87+'13'!H90 -> 35.4 | S16: ='13'!$G$62 -> 0.18 | T16: ='13'!$G$63 -> 4.35 | U16: ='13'!$G$64 -> 410.27 | V16: ='13'!$G$65 -> 431.56 | W16: ='13'!$G$66 -> 368.2 | X16: ='13'!$G$67 -> 655.04 | Y16: ='13'!$G$68 -> 335.67 | Z16: ='13'!$G$69 -> 296.84 | AA16: ='13'!$G$84 -> 872 | AB16: ='13'!$G$15 -> 902.523 | AC16: ='13'!$G$123 -> 275.92 | AD16: ='13'!$G$124 -> 0 | AE16: ='13'!$G$125 -> 86.64 | AF16: ='13'!$G$126 -> 19.8 | AG16: ='13'!$G$127 -> 10.1 | AH16: =AB16-SUM(AC16:AG16) -> 510.063 | AI16: ='13'!$G$140 -> 6.1 | AJ16: ='13'!$G$136 -> 7.36 | AK16: ='13'!$G$137 -> 0 | AL16: ='13'!$G$138 -> 4.85 | AM16: =SUM(AJ16:AL16) -> 12.21 | AO16: =AC16-AH16 -> -234.143
A17: 44057 | B17: ='14'!G72 -> 63 | C17: ='14'!$G$73 -> 1 | D17: ='14'!$G$74 -> 29 | E17: ='14'!$G$75 -> 185 | F17: ='14'!$G$76 -> 101 | G17: ='14'!$G$77 -> 53 | H17: ='14'!$G$78 -> 320 | I17: ='14'!$G$79 -> 188 | J17: ='14'!$G$80 -> 285.12 | K17: ='14'!$G$81 -> 94.8 | L17: ='14'!$G$82 -> 29.28 | M17: ='14'!$G$58 -> 150.407 | N17: ='14'!$G$83 -> 379 | O17: ='14'!G86 -> 104.48 | P17: ='14'!G87 -> 30.3 | Q17: ='14'!G88 -> 103.5 | R17: ='14'!G87+'14'!H90 -> 32.3 | S17: ='14'!$G$62 -> 0 | T17: ='14'!$G$63 -> 4.1 | U17: ='14'!$G$64 -> 393.83 | V17: ='14'!$G$65 -> 395.53 | W17: ='14'!$G$66 -> 343.87 | X17: ='14'!$G$67 -> 621.92 | Y17: ='14'!$G$68 -> 316.33 | Z17: ='14'!$G$69 -> 276.571 | AA17: ='14'!$G$84 -> 791 | AB17: ='14'!$G$15 -> 854.403 | AC17: ='14'!$G$123 -> 241.663 | AD17: ='14'!$G$124 -> 0 | AE17: ='14'!$G$125 -> 64.42 | AF17: ='14'!$G$126 -> 36 | AG17: ='14'!$G$127 -> 4 | AH17: =AB17-SUM(AC17:AG17) -> 508.32 | AI17: ='14'!$G$140 -> 0 | AJ17: ='14'!$G$136 -> 8.05 | AK17: ='14'!$G$137 -> 0 | AL17: ='14'!$G$138 -> 2.42 | AM17: =SUM(AJ17:AL17) -> 10.47 | AO17: =AC17-AH17 -> -266.657
A18: 44058 | B18: ='15'!G72 -> 61 | C18: ='15'!$G$73 -> 1 | D18: ='15'!$G$74 -> 39 | E18: ='15'!$G$75 -> 192 | F18: ='15'!$G$76 -> 106 | G18: ='15'!$G$77 -> 57 | H18: ='15'!$G$78 -> 366 | I18: ='15'!$G$79 -> 193 | J18: ='15'!$G$80 -> 305.2 | K18: ='15'!$G$81 -> 113.2 | L18: ='15'!$G$82 -> 29.23 | M18: ='15'!$G$58 -> 232.315 | N18: ='15'!$G$83 -> 331 | O18: ='15'!G86 -> 139.68 | P18: ='15'!G87 -> 27.6 | Q18: ='15'!G88 -> 76.6 | R18: ='15'!G87+'15'!H90 -> 32.4 | S18: ='15'!$G$62 -> 0 | T18: ='15'!$G$63 -> 4.35 | U18: ='15'!$G$64 -> 483.82 | V18: ='15'!$G$65 -> 424.52 | W18: ='15'!$G$66 -> 359.12 | X18: ='15'!$G$67 -> 673.78 | Y18: ='15'!$G$68 -> 344.521 | Z18: ='15'!$G$69 -> 286.799 | AA18: ='15'!$G$84 -> 836 | AB18: ='15'!$G$15 -> 920.068 | AC18: ='15'!$G$123 -> 270.457 | AD18: ='15'!$G$124 -> 0 | AE18: ='15'!$G$125 -> 88.52 | AF18: ='15'!$G$126 -> 31.3 | AG18: ='15'!$G$127 -> 3.4 | AH18: =AB18-SUM(AC18:AG18) -> 526.391 | AI18: ='15'!$G$140 -> 0 | AJ18: ='15'!$G$136 -> 8.22 | AK18: ='15'!$G$137 -> 0 | AL18: ='15'!$G$138 -> 3 | AM18: =SUM(AJ18:AL18) -> 11.22 | AO18: =AC18-AH18 -> -255.934
A19: 44059 | B19: ='16'!G72 -> 69 | C19: ='16'!$G$73 -> 17 | D19: ='16'!$G$74 -> 32 | E19: ='16'!$G$75 -> 215 | F19: ='16'!$G$76 -> 93 | G19: ='16'!$G$77 -> 53 | H19: ='16'!$G$78 -> 389 | I19: ='16'!$G$79 -> 204 | J19: ='16'!$G$80 -> 316.84 | K19: ='16'!$G$81 -> 106.8 | L19: ='16'!$G$82 -> 39.26 | M19: ='16'!$G$58 -> 224.935 | N19: ='16'!$G$83 -> 458 | O19: ='16'!G86 -> 111.42 | P19: ='16'!G87 -> 8.4 | Q19: ='16'!G88 -> 58.93 | R19: ='16'!G87+'16'!H90 -> 9.5 | S19: ='16'!$G$62 -> 0 | T19: ='16'!$G$63 -> 6.31 | U19: ='16'!$G$64 -> 418.53 | V19: ='16'!$G$65 -> 409.35 | W19: ='16'!$G$66 -> 331.42 | X19: ='16'!$G$67 -> 654.8 | Y19: ='16'!$G$68 -> 336.509 | Z19: ='16'!$G$69 -> 272.9 | AA19: ='16'!$G$84 -> 815 | AB19: ='16'!$G$15 -> 1070.379 | AC19: ='16'!$G$123 -> 281.81 | AD19: ='16'!$G$124 -> 0 | AE19: ='16'!$G$125 -> 107.64 | AF19: ='16'!$G$126 -> 43.7 | AG19: ='16'!$G$127 -> 3.8 | AH19: =AB19-SUM(AC19:AG19) -> 633.429 | AI19: ='16'!$G$140 -> 0 | AJ19: ='16'!$G$136 -> 10.01 | AK19: ='16'!$G$137 -> 0 | AL19: ='16'!$G$138 -> 2.08 | AM19: =SUM(AJ19:AL19) -> 12.09 | AO19: =AC19-AH19 -> -351.619
A20: 44060 | B20: ='18'!G72 -> 60 | C20: ='17'!$G$73 -> 7 | D20: ='17'!$G$74 -> 45 | E20: ='17'!$G$75 -> 208 | F20: ='17'!$G$76 -> 95 | G20: ='17'!$G$77 -> 59 | H20: ='17'!$G$78 -> 477 | I20: ='17'!$G$79 -> 179 | J20: ='17'!$G$80 -> 284.24 | K20: ='17'!$G$81 -> 89.2 | L20: ='17'!$G$82 -> 31.11 | M20: ='17'!$G$58 -> 208.447 | N20: ='17'!$G$83 -> 414 | O20: ='17'!G86 -> 40.18 | P20: ='17'!G87 -> 7.5 | Q20: ='17'!G88 -> 34.63 | R20: ='17'!G87+'17'!H90 -> 8.6 | S20: ='17'!$G$62 -> 0 | T20: ='17'!$G$63 -> 10.11 | U20: ='17'!$G$64 -> 416.41 | V20: ='17'!$G$65 -> 444.74 | W20: ='17'!$G$66 -> 354.75 | X20: ='17'!$G$67 -> 763.83 | Y20: ='17'!$G$68 -> 329 | Z20: ='17'!$G$69 -> 289.93 | AA20: ='17'!$G$84 -> 847 | AB20: ='17'!$G$15 -> 972.675 | AC20: ='17'!$G$123 -> 295.324 | AD20: ='17'!$G$124 -> 0 | AE20: ='17'!$G$125 -> 81.96 | AF20: ='17'!$G$126 -> 37.9 | AG20: ='17'!$G$127 -> 4.6 | AH20: =AB20-SUM(AC20:AG20) -> 552.891 | AI20: ='17'!$G$140 -> 0 | AJ20: ='17'!$G$136 -> 9.69 | AK20: ='17'!$G$137 -> 0 | AL20: ='17'!$G$138 -> 1.27 | AM20: =SUM(AJ20:AL20) -> 10.96 | AO20: =AC20-AH20 -> -257.567
A21: 44061 | B21: ='18'!G72 -> 60 | C21: ='18'!$G$73 -> 0 | D21: ='18'!$G$74 -> 36 | E21: ='18'!$G$75 -> 214 | F21: ='18'!$G$76 -> 98 | G21: ='18'!$G$77 -> 66 | H21: ='18'!$G$78 -> 384 | I21: ='18'!$G$79 -> 189 | J21: ='18'!$G$80 -> 294.12 | K21: ='18'!$G$81 -> 140.72 | L21: ='18'!$G$82 -> 29.06 | M21: ='18'!$G$58 -> 223.043 | N21: ='18'!$G$83 -> 355 | O21: ='18'!G86 -> 105.92 | P21: ='18'!G87 -> 32.2 | Q21: ='18'!G88 -> 80.71 | R21: ='18'!G87+'18'!H90 -> 36.4 | S21: ='18'!$G$62 -> 0 | T21: ='18'!$G$63 -> 10.36 | U21: ='18'!$G$64 -> 462.51 | V21: ='18'!$G$65 -> 418.1 | W21: ='18'!$G$66 -> 359.62 | X21: ='18'!$G$67 -> 705.09 | Y21: ='18'!$G$68 -> 309.82 | Z21: ='18'!$G$69 -> 284.4 | AA21: ='18'!$G$84 -> 814 | AB21: ='18'!$G$15 -> 944.776 | AC21: ='18'!$G$123 -> 271.816 | AD21: ='18'!$G$124 -> 0 | AE21: ='18'!$G$125 -> 70.77 | AF21: ='18'!$G$126 -> 26.9 | AG21: ='18'!$G$127 -> 3.7 | AH21: =AB21-SUM(AC21:AG21) -> 571.59 | AI21: ='18'!$G$140 -> 0 | AJ21: ='18'!$G$136 -> 9.1 | AK21: ='18'!$G$137 -> 0 | AL21: ='18'!$G$138 -> 3.35 | AM21: =SUM(AJ21:AL21) -> 12.45 | AO21: =AC21-AH21 -> -299.774
A22: 44062 | B22: ='19'!G72 -> 63 | C22: ='19'!$G$73 -> 0 | D22: ='19'!$G$74 -> 30 | E22: ='19'!$G$75 -> 194 | F22: ='19'!$G$76 -> 88 | G22: ='19'!$G$77 -> 54 | H22: ='19'!$G$78 -> 378 | I22: ='19'!$G$79 -> 192 | J22: ='19'!$G$80 -> 289.52 | K22: ='19'!$G$81 -> 110.8 | L22: ='19'!$G$82 -> 27.68 | M22: ='19'!$G$58 -> 209.8 | N22: ='19'!$G$83 -> 384 | O22: ='19'!G86 -> 94.88 | P22: ='19'!G87 -> 30.5 | Q22: ='19'!G88 -> 30.83 | R22: ='19'!G87+'19'!H90 -> 35 | S22: ='19'!$G$62 -> 0.02 | T22: ='19'!$G$63 -> 11.78 | U22: ='19'!$G$64 -> 456.53 | V22: ='19'!$G$65 -> 423.45 | W22: ='19'!$G$66 -> 358.09 | X22: ='19'!$G$67 -> 691.3 | Y22: ='19'!$G$68 -> 316.69 | Z22: ='19'!$G$69 -> 287.36 | AA22: ='19'!$G$84 -> 820 | AB22: ='19'!$G$15 -> 914.15 | AC22: ='19'!$G$123 -> 265 | AD22: ='19'!$G$124 -> 0 | AE22: ='19'!$G$125 -> 66.99 | AF22: ='19'!$G$126 -> 28.1 | AG22: ='19'!$G$127 -> 2.2 | AH22: =AB22-SUM(AC22:AG22) -> 551.86 | AI22: ='19'!$G$140 -> 0 | AJ22: ='19'!$G$136 -> 9.01 | AK22: ='19'!$G$137 -> 0 | AL22: ='19'!$G$138 -> 3.58 | AM22: =SUM(AJ22:AL22) -> 12.59 | AO22: =AC22-AH22 -> -286.86
A23: 44063 | B23: ='20'!G72 -> 61 | C23: ='20'!$G$73 -> 1 | D23: ='20'!$G$74 -> 30 | E23: ='20'!$G$75 -> 174 | F23: ='20'!$G$76 -> 104 | G23: ='20'!$G$77 -> 56 | H23: ='20'!$G$78 -> 357 | I23: ='20'!$G$79 -> 186 | J23: ='20'!$G$80 -> 305.28 | K23: ='20'!$G$81 -> 82.4 | L23: ='20'!$G$82 -> 29.45 | M23: ='20'!$G$58 -> 217.73 | N23: ='20'!$G$83 -> 301 | O23: ='20'!G86 -> 154.16 | P23: ='20'!G87 -> 27.2 | Q23: ='20'!G88 -> 69.37 | R23: ='20'!G87+'20'!H90 -> 31.8 | S23: ='20'!$G$62 -> 0 | T23: ='20'!$G$63 -> 9.49 | U23: ='20'!$G$64 -> 431.63 | V23: ='20'!$G$65 -> 449.81 | W23: ='20'!$G$66 -> 381.82 | X23: ='20'!$G$67 -> 659.16 | Y23: ='20'!$G$68 -> 310.77 | Z23: ='20'!$G$69 -> 289.67 | AA23: ='20'!$G$84 -> 669 | AB23: ='20'!$G$15 -> 930.07 | AC23: ='20'!$G$123 -> 249.84 | AD23: ='20'!$G$124 -> 0 | AE23: ='20'!$G$125 -> 86.07 | AF23: ='20'!$G$126 -> 33.6 | AG23: ='20'!$G$127 -> 7.2 | AH23: =AB23-SUM(AC23:AG23) -> 553.36 | AI23: ='20'!$G$140 -> 0 | AJ23: ='20'!$G$136 -> 8.52 | AK23: ='20'!$G$137 -> 0 | AL23: ='20'!$G$138 -> 3.75 | AM23: =SUM(AJ23:AL23) -> 12.27 | AO23: =AC23-AH23 -> -303.52
A24: 44064 | B24: ='21'!G72 -> 50 | C24: ='21'!$G$73 -> 1 | D24: ='21'!$G$74 -> 29 | E24: ='21'!$G$75 -> 186 | F24: ='21'!$G$76 -> 90 | G24: ='21'!$G$77 -> 52 | H24: ='21'!$G$78 -> 327 | I24: ='21'!$G$79 -> 193 | J24: ='21'!$G$80 -> 293.24 | K24: ='21'!$G$81 -> 103.26 | L24: ='21'!$G$82 -> 29.39 | M24: ='21'!$G$58 -> 243.34 | N24: ='21'!$G$83 -> 227 | O24: ='21'!G86 -> 134.04 | P24: ='21'!G87 -> 30.2 | Q24: ='21'!G88 -> 54.59 | R24: ='21'!G87+'21'!H90 -> 34.7 | S24: ='21'!$G$62 -> 0 | T24: ='21'!$G$63 -> 9.24 | U24: ='21'!$G$64 -> 445.95 | V24: ='21'!$G$65 -> 432.76 | W24: ='21'!$G$66 -> 368.81 | X24: ='21'!$G$67 -> 637.36 | Y24: ='21'!$G$68 -> 310.3 | Z24: ='21'!$G$69 -> 291.73 | AA24: ='21'!$G$84 -> 537 | AB24: ='21'!$G$15 -> 906.94 | AC24: ='21'!$G$123 -> 243.01 | AD24: ='21'!$G$124 -> 0 | AE24: ='21'!$G$125 -> 80.73 | AF24: ='21'!$G$126 -> 38.5 | AG24: ='21'!$G$127 -> 1.6 | AH24: =AB24-SUM(AC24:AG24) -> 543.1 | AI24: ='21'!$G$140 -> 0 | AJ24: ='21'!$G$136 -> 0 | AK24: ='21'!$G$137 -> 9.86 | AL24: ='21'!$G$138 -> 0 | AM24: =SUM(AJ24:AL24) -> 9.86 | AO24: =AC24-AH24 -> -300.09
A25: 44065 | B25: ='22'!G72 -> 37 | C25: ='22'!$G$73 -> 1 | D25: ='22'!$G$74 -> 31 | E25: ='22'!$G$75 -> 182 | F25: ='22'!$G$76 -> 79 | G25: ='22'!$G$77 -> 55 | H25: ='22'!$G$78 -> 338 | I25: ='22'!$G$79 -> 186 | J25: ='22'!$G$80 -> 294.6 | K25: ='22'!$G$81 -> 104.3 | L25: ='22'!$G$82 -> 29.65 | M25: ='22'!$G$58 -> 221.17 | N25: ='22'!$G$83 -> 256 | O25: ='22'!G86 -> 96.6 | P25: ='22'!G87 -> 28 | Q25: ='22'!G88 -> 61.21 | R25: ='22'!G87+'22'!H90 -> 32.7 | S25: ='22'!$G$62 -> 0 | T25: ='22'!$G$63 -> 7.85 | U25: ='22'!$G$64 -> 430.26 | V25: ='22'!$G$65 -> 405.02 | W25: ='22'!$G$66 -> 352.06 | X25: ='22'!$G$67 -> 641.65 | Y25: ='22'!$G$68 -> 315.18 | Z25: ='22'!$G$69 -> 300.76 | AA25: ='22'!$G$84 -> 553 | AB25: ='22'!$G$15 -> 904 | AC25: ='22'!$G$123 -> 268.23 | AD25: ='22'!$G$124 -> 0 | AE25: ='22'!$G$125 -> 80.03 | AF25: ='22'!$G$126 -> 39 | AG25: ='22'!$G$127 -> 6.3 | AH25: =AB25-SUM(AC25:AG25) -> 510.44 | AI25: ='22'!$G$140 -> 0 | AJ25: ='22'!$G$136 -> 0 | AK25: ='22'!$G$137 -> 9.52 | AL25: ='22'!$G$138 -> 0 | AM25: =SUM(AJ25:AL25) -> 9.52 | AO25: =AC25-AH25 -> -242.21
A26: 44066 | B26: ='23'!G72 -> 40 | C26: ='23'!G72 -> 40 | D26: ='23'!$G$74 -> 39 | E26: ='23'!$G$75 -> 221 | F26: ='23'!$G$76 -> 80 | G26: ='23'!$G$77 -> 55 | H26: ='23'!$G$78 -> 339 | I26: ='23'!$G$79 -> 193 | J26: ='23'!$G$80 -> 319 | K26: ='23'!$G$81 -> 83 | L26: ='23'!$G$82 -> 58 | M26: ='23'!$G$58 -> 204.78 | N26: ='23'!$G$83 -> 228 | O26: ='23'!$G$86 -> 70 | P26: ='23'!G87 -> 9.6 | Q26: ='23'!G88 -> 50.61 | R26: ='23'!G87+'23'!H90 -> 10.6 | S26: ='23'!$G$62 -> -0.2 | T26: ='23'!$G$63 -> 8.44 | U26: ='23'!$G$64 -> 427.22 | V26: ='23'!$G$65 -> 413.43 | W26: ='23'!$G$66 -> 342.03 | X26: ='23'!$G$67 -> 626.45 | Y26: ='23'!$G$68 -> 315.75 | Z26: ='23'!$G$69 -> 302.13 | AA26: ='23'!$G$84 -> 552 | AB26: ='23'!$G$15 -> 934.94 | AC26: ='23'!$G$123 -> 245.86 | AD26: ='23'!$G$124 -> 0 | AE26: ='23'!$G$125 -> 83.43 | AF26: ='23'!$G$126 -> 40.4 | AG26: ='23'!$G$127 -> 4.1 | AH26: =AB26-SUM(AC26:AG26) -> 561.15 | AI26: ='23'!$G$140 -> 0 | AJ26: ='23'!$G$136 -> 10.18 | AK26: ='23'!$G$137 -> 0 | AL26: ='23'!$G$138 -> 0 | AM26: =SUM(AJ26:AL26) -> 10.18 | AO26: =AC26-AH26 -> -315.29
A27: 44067 | B27: ='23'!G73 -> 13 | C27: ='23'!G73 -> 13 | D27: ='24'!$G$74 -> 38 | E27: ='24'!$G$75 -> 185 | F27: ='24'!$G$76 -> 82 | G27: ='24'!$G$77 -> 55 | H27: ='24'!$G$78 -> 333 | I27: ='24'!$G$79 -> 176 | J27: ='24'!$G$80 -> 317 | K27: ='24'!$G$81 -> 96 | L27: ='24'!$G$82 -> 37 | M27: ='24'!$G$58 -> 122.94 | N27: ='24'!$G$83 -> 233 | O27: ='24'!G86 -> 42 | P27: ='24'!G87 -> 6.7 | Q27: ='24'!G88 -> 35.39 | R27: ='24'!G87+'24'!H90 -> 8.7 | S27: ='24'!$G$62 -> 0.18 | T27: ='24'!$G$63 -> 8.57 | U27: ='24'!$G$64 -> 403.9 | V27: ='24'!$G$65 -> 439.95 | W27: ='24'!$G$66 -> 397.19 | X27: ='24'!$G$67 -> 620.55 | Y27: ='24'!$G$68 -> 350.69 | Z27: ='24'!$G$69 -> 299.73 | AA27: ='24'!$G$84 -> 524 | AB27: ='24'!$G$15 -> 748.12 | AC27: ='24'!$G$123 -> 269.06 | AD27: ='24'!$G$124 -> -0.3 | AE27: ='24'!$G$125 -> 64.89 | AF27: ='24'!$G$126 -> 34.6 | AG27: ='24'!$G$127 -> 3.9 | AH27: =AB27-SUM(AC27:AG27) -> 375.97 | AI27: ='24'!$G$140 -> 0 | AJ27: ='24'!$G$136 -> 6.88 | AK27: ='24'!$G$137 -> 0 | AL27: ='24'!$G$138 -> 0 | AM27: =SUM(AJ27:AL27) -> 6.88 | AO27: =AC27-AH27 -> -106.91
A28: 44068 | B28: ='25'!G72 -> 48 | C28: ='25'!$G$73 -> 0 | D28: ='25'!$G$74 -> 33 | E28: ='25'!$G$75 -> 200 | F28: ='25'!$G$76 -> 95 | G28: ='25'!$G$77 -> 61 | H28: ='25'!$G$78 -> 345 | I28: ='25'!$G$79 -> 196 | J28: ='25'!$G$80 -> 328.56 | K28: ='25'!$G$81 -> 152.56 | L28: ='25'!$G$82 -> 58 | M28: ='25'!$G$58 -> 179.14 | N28: ='25'!$G$83 -> 240 | O28: ='25'!G86 -> 97.69 | P28: ='25'!G87 -> 27.8 | Q28: ='25'!G88 -> 51.76 | R28: ='25'!G87+'25'!H90 -> 29.8 | S28: ='25'!$G$62 -> 0 | T28: ='25'!$G$63 -> 10.31 | U28: ='25'!$G$64 -> 423 | V28: ='25'!$G$65 -> 416 | W28: ='25'!$G$66 -> 434.69 | X28: ='25'!$G$67 -> 672 | Y28: ='25'!$G$68 -> 350.85 | Z28: ='25'!$G$69 -> 304 | AA28: ='25'!$G$84 -> 516 | AB28: ='25'!$G$15 -> 930.86 | AC28: ='25'!$G$123 -> 269.21 | AD28: ='25'!$G$124 -> 0 | AE28: ='25'!$G$125 -> 89.63 | AF28: ='25'!$G$126 -> 34 | AG28: ='25'!$G$127 -> 3.6 | AH28: =AB28-SUM(AC28:AG28) -> 534.42 | AI28: ='25'!$G$140 -> 0 | AJ28: ='25'!$G$136 -> 8.77 | AK28: ='25'!$G$137 -> 0 | AL28: ='25'!$G$138 -> 1.98 | AM28: =SUM(AJ28:AL28) -> 10.75 | AO28: =AC28-AH28 -> -265.21
A29: 44069 | B29: ='26'!G72 -> 83 | C29: ='26'!$G$73 -> 1 | D29: ='26'!$G$74 -> 31 | E29: ='26'!$G$75 -> 198 | F29: ='26'!$G$76 -> 79 | G29: ='26'!$G$77 -> 51 | H29: ='26'!$G$78 -> 371 | I29: ='26'!$G$79 -> 195 | J29: ='26'!$G$80 -> 278.32 | K29: ='26'!$G$81 -> 130.08 | L29: ='26'!$G$82 -> 55.59 | M29: ='26'!$G$58 -> 186.24 | N29: ='26'!$G$83 -> 226 | O29: ='26'!G86 -> 34.31 | P29: ='26'!G87 -> 11 | Q29: ='26'!G88 -> 35.24 | R29: ='26'!G87+'26'!H90 -> 11.4 | S29: ='26'!$G$62 -> 0 | T29: ='26'!$G$63 -> 9.4 | U29: ='26'!$G$64 -> 389 | V29: ='26'!$G$65 -> 411.76 | W29: ='26'!$G$66 -> 413.81 | X29: ='26'!$G$67 -> 667.69 | Y29: ='26'!$G$68 -> 319.09 | Z29: ='26'!$G$69 -> 312 | AA29: ='26'!$G$84 -> 528 | AB29: ='26'!$G$15 -> 855.14 | AC29: ='26'!$G$123 -> 266.14 | AD29: ='26'!$G$124 -> 0 | AE29: ='26'!$G$125 -> 70.56 | AF29: ='26'!$G$126 -> 33 | AG29: ='26'!$G$127 -> 3.4 | AH29: =AB29-SUM(AC29:AG29) -> 482.04 | AI29: ='26'!$G$140 -> 0 | AJ29: ='26'!$G$136 -> 8.68 | AK29: ='26'!$G$137 -> 0 | AL29: ='26'!$G$138 -> 0 | AM29: =SUM(AJ29:AL29) -> 8.68 | AO29: =AC29-AH29 -> -215.9
A30: 44070 | B30: ='27'!G72 -> 91 | C30: ='27'!$G$73 -> 0 | D30: ='27'!$G$74 -> 31 | E30: ='27'!$G$75 -> 186 | F30: ='27'!$G$76 -> 76 | G30: ='27'!$G$77 -> 52 | H30: ='27'!$G$78 -> 338 | I30: ='27'!$G$79 -> 194 | J30: ='27'!$G$80 -> 288.12 | K30: ='27'!$G$81 -> 107.36 | L30: ='27'!$G$82 -> 47.13 | M30: ='27'!$G$58 -> 272.62 | N30: ='27'!$G$83 -> 207 | O30: ='27'!G86 -> 102 | P30: ='27'!G87 -> 29 | Q30: ='27'!G88 -> 117 | R30: ='27'!G87+'27'!H90 -> 33.6 | S30: ='27'!$G$62 -> 0 | T30: ='27'!$G$63 -> 9.29 | U30: ='27'!$G$64 -> 435.79 | V30: ='27'!$G$65 -> 395.24 | W30: ='27'!$G$66 -> 417.11 | X30: ='27'!$G$67 -> 632.31 | Y30: ='27'!$G$68 -> 306.06 | Z30: ='27'!$G$69 -> 307.81 | AA30: ='27'!$G$84 -> 556 | AB30: ='27'!$G$15 -> 843.94 | AC30: ='27'!$G$123 -> 250.61 | AD30: ='27'!$G$124 -> 0 | AE30: ='27'!$G$125 -> 60.44 | AF30: ='27'!$G$126 -> 21 | AG30: ='27'!$G$127 -> 3 | AH30: =AB30-SUM(AC30:AG30) -> 508.89 | AI30: ='27'!$G$140 -> 0 | AJ30: ='27'!$G$136 -> 9.43 | AK30: ='27'!$G$137 -> 0 | AL30: ='27'!$G$138 -> 0 | AM30: =SUM(AJ30:AL30) -> 9.43 | AO30: =AC30-AH30 -> -258.28
A31: 44071 | B31: ='28'!G72 -> 69 | C31: ='28'!$G$73 -> 0 | D31: ='28'!$G$74 -> 31 | E31: ='28'!$G$75 -> 190 | F31: ='28'!$G$76 -> 74 | G31: ='28'!$G$77 -> 54 | H31: ='28'!$G$78 -> 358 | I31: ='28'!$G$79 -> 176 | J31: ='28'!$G$80 -> 335 | K31: ='28'!$G$81 -> 105 | L31: ='28'!$G$82 -> 8.65 | M31: ='28'!$G$58 -> 0 | N31: ='28'!$G$83 -> 293 | O31: ='28'!G86 -> 106 | P31: ='28'!G87 -> 29.1 | Q31: ='28'!G88 -> 38 | R31: ='28'!G87+'28'!H90 -> 32.9 | S31: ='28'!$G$62 -> 0.007 | T31: ='28'!$G$63 -> 10.66 | U31: ='28'!$G$64 -> 463.21 | V31: ='28'!$G$65 -> 391.18 | W31: ='28'!$G$66 -> 416.39 | X31: ='28'!$G$67 -> 648 | Y31: ='28'!$G$68 -> 328 | Z31: ='28'!$G$69 -> 305.19 | AA31: ='28'!$G$84 -> 540 | AB31: ='28'!$G$15 -> 434.06 | AC31: ='28'!$G$123 -> 267.04 | AD31: ='28'!$G$124 -> 0 | AE31: ='28'!$G$125 -> 59 | AF31: ='28'!$G$126 -> 20 | AG31: ='28'!$G$127 -> 2 | AH31: =AB31-SUM(AC31:AG31) -> 86.02 | AI31: ='28'!$G$140 -> 0.47 | AJ31: ='28'!$G$136 -> -0.01 | AK31: ='28'!$G$137 -> 0 | AL31: ='28'!$G$138 -> 0 | AM31: =SUM(AJ31:AL31) -> -0.01 | AO31: =AC31-AH31 -> 181.02
A32: 44072 | B32: ='29'!G72 -> 72 | C32: ='29'!$G$73 -> 1 | D32: ='29'!$G$74 -> 29 | E32: ='29'!$G$75 -> 193 | F32: ='29'!$G$76 -> 75 | G32: ='29'!$G$77 -> 50 | H32: ='29'!$G$78 -> 399 | I32: ='29'!$G$79 -> 199 | J32: ='29'!$G$80 -> 316 | K32: ='29'!$G$81 -> 94 | L32: ='29'!$G$82 -> 59.17 | M32: ='29'!$G$58 -> 176.39 | N32: ='29'!$G$83 -> 385 | O32: ='29'!G86 -> 87 | P32: ='29'!G87 -> 35.1 | Q32: ='29'!G88 -> 116.95 | R32: ='29'!G87+'29'!H90 -> 39.2 | S32: ='29'!$G$62 -> -0.007 | T32: ='29'!$G$63 -> 12.23 | U32: ='29'!$G$64 -> 445.4 | V32: ='29'!$G$65 -> 382.47 | W32: ='29'!$G$66 -> 416.84 | X32: ='29'!$G$67 -> 676.37 | Y32: ='29'!$G$68 -> 329.79 | Z32: ='29'!$G$69 -> 315 | AA32: ='29'!$G$84 -> 547 | AB32: ='29'!$G$15 -> 826.97 | AC32: ='29'!$G$123 -> 242.99 | AD32: ='29'!$G$124 -> 0 | AE32: ='29'!$G$125 -> 70.77 | AF32: ='29'!$G$126 -> 32 | AG32: ='29'!$G$127 -> 2 | AH32: =AB32-SUM(AC32:AG32) -> 479.21 | AI32: ='29'!$G$140 -> 0 | AJ32: ='29'!$G$136 -> 8.93 | AK32: ='29'!$G$137 -> 0 | AL32: ='29'!$G$138 -> 0 | AM32: =SUM(AJ32:AL32) -> 8.93 | AO32: =AC32-AH32 -> -236.22
A33: 44073 | B33: ='30'!G72 -> -4604 | C33: ='30'!$G$73 -> -550 | D33: ='30'!$G$74 -> -3170 | E33: ='30'!$G$75 -> -19746 | F33: ='30'!$G$76 -> -8855 | G33: ='30'!$G$77 -> -6131 | H33: ='30'!$G$78 -> -39397 | I33: ='30'!$G$79 -> -21141 | J33: ='30'!$G$80 -> -35602.24 | K33: ='30'!$G$81 -> -15023.6 | L33: ='30'!$G$82 -> -2917.36 | M33: ='30'!$G$58 -> -14672.063 | N33: ='30'!$G$83 -> -38876 | O33: ='30'!G86 -> -14041.48 | P33: ='30'!G87 -> -3148.9 | Q33: ='30'!G88 -> -8491.42 | R33: ='30'!G87+'30'!H90 -> -3511.7 | S33: ='30'!$G$62 -> 0 | T33: ='30'!$G$63 -> 12854.59 | U33: ='30'!$G$64 -> -43438.589 | V33: ='30'!$G$65 -> -47487.579 | W33: ='30'!$G$66 -> 53191.295 | X33: ='30'!$G$67 -> -77643.8 | Y33: ='30'!$G$68 -> -38085.847 | Z33: ='30'!$G$69 -> -32152.809 | AA33: ='30'!$G$84 -> -64095 | AB33: ='30'!$G$15 -> -77642.192 | AC33: ='30'!$G$123 -> -25112.54 | AD33: ='30'!$G$124 -> -1 | AE33: ='30'!$G$125 -> -8694.26 | AF33: ='30'!$G$126 -> -3412 | AG33: ='30'!$G$127 -> -168 | AH33: =AB33-SUM(AC33:AG33) -> -40254.392 | AI33: ='30'!$G$140 -> -179.73 | AJ33: ='30'!$G$136 -> -435.82 | AK33: ='30'!$G$137 -> -143.34 | AL33: ='30'!$G$138 -> -274.07 | AM33: =SUM(AJ33:AL33) -> -853.23 | AO33: =AC33-AH33 -> 15141.852
A34: 44074 | B34: ='31'!G72 -> -410 | C34: ='31'!$G$73 -> -33 | D34: ='31'!$G$74 -> -466 | E34: ='31'!$G$74 -> -466 | F34: ='31'!$G$76 -> -59 | G34: ='31'!$G$77 -> -1330 | H34: ='31'!$G$78 -> -1971 | I34: ='31'!$G$79 -> -3986 | J34: ='31'!$G$80 -> -6900.76 | K34: ='31'!$G$81 -> -3691.4 | L34: ='31'!$G$82 -> -596.18 | M34: ='31'!$G$58 -> -1652.957 | N34: ='31'!$G$83 -> -6333 | O34: ='31'!G86 -> -5839.68 | P34: ='31'!G88 -> -2588.53 | Q34: ='31'!G89 -> -2365.8 | R34: ='31'!G87+'31'!H90 -> -1206.5 | S34: ='31'!$G$62 -> 0.009 | T34: ='31'!$G$63 -> 0 | U34: ='31'!$G$64 -> -8004.911 | V34: ='31'!$G$65 -> -11450.711 | W34: ='31'!$G$66 -> -10664.665 | X34: ='31'!$G$67 -> -13011.6 | Y34: ='31'!$G$68 -> -7951.433 | Z34: ='31'!$G$69 -> -541.481 | AA34: ='31'!$G$84 -> -14070 | AB34: ='31'!$G$15 -> -12373.718 | AC34: ='31'!$G$123 -> -5045.03 | AD34: ='31'!$G$124 -> 0 | AE34: ='31'!$G$125 -> -2038.51 | AF34: ='31'!$G$126 -> -8 | AG34: ='31'!$G$127 -> 0 | AH34: =AB34-SUM(AC34:AG34) -> -5282.178 | AI34: ='31'!$G$140 -> -41.19 | AJ34: ='31'!$G$136 -> -30.55 | AK34: ='31'!$G$137 -> -38.04 | AL34: ='31'!$G$138 -> -67.5 | AM34: =SUM(AJ34:AL34) -> -136.09 | AO34: =AC34-AH34 -> 237.148
AC36: 24th Sep | AD36: 191
AD37: 88
AD38: =SUM(AD36:AD37) -> 279 | AE38: Today | AF38: 335
AC40: HWG AVG | AD40: 168
AE41: 20 cub extra
AC42: INR | AD42: =20*38.68 -> 773.6 | AE42: Extra

Sheet 1
A1: Daily Utility Consumption Report
A2: Prepaired by- Devendra | B2: 44197 | C2: occupancy | D2: 0.43 | G2: Occupancy% | H2: Electricity | I2: Water | J2: Gas
C3: Avg temp | D3: 31 | E3: Last year same month avg
C4: humidity | D4: 0.72
A5: Description | D5: Unit | E5: Yesterday | F5: Today | G5: units.consum | H5: MTD | I5: Budgeted | J5: Average/Day
A6: ELECTRICAL CONSUMPTION
A7: BEST Supply 11KV | D7: kwh | E7: 3286440 | F7: 3306655 | G7: =F7-E7 -> 20215 | H7: =G7 -> 20215 | I7: 12000 | J7: =H7/DAY(B2) -> 20215
A8: BEST supply | D8: KVAH | E8: 3306372 | F8: 3326755 | G8: =F8-E8 -> 20383 | H8: =G8 -> 20383 | I8: 12000 | J8: =H8/DAY(B2) -> 20383
A9: Transformer - 1 - 2500KVA | D9: kwh | E9: 2405215 | F9: 2407766 | G9: =F9-E9 -> 2551 | H9: =G9 -> 2551 | I9: =I8-J8 -> -8383 | J9: =H9/DAY(B2) -> 2551
A10: Transformer - 2 -2500KVA | D10: kwh | E10: 750521.91 | F10: 767461 | G10: =F10-E10 -> 16939.09 | H10: =G10 -> 16939.09 | J10: =H10/DAY(B2) -> 16939.09
A11: DG set- 1 - 1425KVA | D11: kwh | E11: 35390 | F11: 35390 | G11: =F11-E11 -> 0 | H11: =G11 -> 0 | J11: =H11/DAY(B2) -> 0
A12: DG set- 2 - 1425KVA | D12: kwh | E12: 37630 | F12: 37630 | G12: =F12-E12 -> 0 | H12: =G12 -> 0 | J12: =H12/DAY(B2) -> 0
A13: SubTotal | G13: =G9+G10+G11+G12 -> 19490.09 | H13: =G13 -> 19490.09 | I13: =G7-G13 -> 724.91 | J13: =H13/DAY(B2) -> 19490.09
A14: GAS CONSUMPTION
A15: Gas consumption | D15: m3 | E15: 1568914.1 | F15: 1569608 | G15: =(F15-E15) -> 693.9 | H15: =G15 -> 693.9 | I15: 800 | J15: =H15/DAY(B2) -> 693.9
I16: =I15-J15 -> 106.1
A17: WATER CONSUMPTION
A18: Tankers | D18: KL | E18: 13 | F18: 15 | G18: =F18*10 -> 150 | H18: =G18 -> 150 | I18: 65 | J18: =H18/DAY(B2) -> 150
A19: BMC | D19: KL | E19: 131493 | F19: 131540 | G19: =F19-E19 -> 47 | H19: =G19 -> 47 | J19: =H19/DAY(B2) -> 47
A20: Total water | G20: =G18+G19 -> 197 | H20: =G20 -> 197 | I20: =I18-J20 -> -132 | J20: =H20/DAY(B2) -> 197
A21: DIESEL CONSUMPTION
A22: Boiler House (H.S.D) | D22: L | E22: 2250 | F22: 2250 | G22: =(F22-E22) -> 0 | H22: =G22 -> 0 | J22: =H22/DAY(B2) -> 0
A23: D-G Set (H.S.D) | D23: L | E23: 2000 | F23: 2000 | G23: 0 | H23: =G23 -> 0 | J23: =H23/DAY(B2) -> 0
A24: Total HSD (H.S.D.) Stock | D24: L | E24: 4250 | F24: 4250 | G24: =SUM(G22:G23) -> 0 | H24: =G24 -> 0 | J24: =H24/DAY(B2) -> 0
A25: TOTAL CONSUMPTION UNIT &COST
A26: Utilities | D26: Units
A27: Electricity | D27: KVAH | E27: =G8 -> 20383 | F27: 9 | G27: =E27*F27 -> 183447 | H27: =G27 -> 183447 | J27: =H27/DAY(B2) -> 183447
A28: C.N.G | D28: Cu.Mtr | E28: =G15 -> 693.9 | F28: 41 | G28: =E28*F28 -> 28449.9 | H28: =G28 -> 28449.9 | J28: =H28/DAY(B2) -> 28449.9
A29: H.S.D | D29: Ltr | E29: =G23 -> 0 | F29: 69 | G29: =E29*F29 -> 0 | H29: =G29 -> 0 | J29: =H29/DAY(B2) -> 0
A30: Water BMC | D30: Kl | E30: =G19 -> 47 | F30: 134 | G30: =E30*F30 -> 6298 | H30: =G30 -> 6298 | J30: =H30/DAY(B2) -> 6298
A31: Water Tanker | D31: KL | E31: =G18 -> 150 | F31: 80 | G31: =E31*F31 -> 12000 | H31: =G31 -> 12000 | J31: =H31/DAY(B2) -> 12000
A32: Total cost | G32: =G27+G28+G29+G30+G31 -> 230194.9 | H32: =G32 -> 230194.9 | J32: =H32/DAY(B2) -> 230194.9
A33: BRANCH READINGS & CONSUMPTION
A34: Transformer No 1 (Sub Feeders)
A35: Main HVAC Power Panel- 800A | D35: kwh | E35: 629027 | F35: 629027 | G35: =F35-E35 -> 0 | H35: =G35 -> 0 | J35: =H35/DAY(B2) -> 0
A36: Main Panel BALLROOM LVL-2 -2000A | D36: kwh | E36: 255091.07 | F36: 255785 | G36: =F36-E36 -> 693.93 | H36: =G36 -> 693.93 | J36: =H36/DAY(B2) -> 693.93
A37: Fire Emergency Power Panel - 1000A | D37: kwh | E37: 415066 | F37: 415066 | G37: =F37-E37 -> 0 | H37: =G37 -> 0 | J37: =H37/DAY(B2) -> 0
A38: Main Power Panel -1600A | D38: kwh | E38: 150714 | F38: 150714 | G38: =F38-E38 -> 0 | H38: =G38 -> 0 | J38: =H38/DAY(B2) -> 0
A39: Main Lighting and Small power Panel | D39: kwh | E39: 912480 | F39: 912480 | G39: =F39-E39 -> 0 | H39: =G39 -> 0 | J39: =H39/DAY(B2) -> 0
A40: Capacitor Bank -1 1100KVAR- 2500A | D40: kwh | E40: 0 | F40: 0 | G40: =F40-E40 -> 0 | H40: =G40 -> 0 | J40: =H40/DAY(B2) -> 0
A41: Chiller No 1 | D41: kwh | E41: 300127.95 | F41: 300127.97 | G41: =F41-E41 -> 0.02 | H41: =G41 -> 0.02 | J41: =H41/DAY(B2) -> 0.02
A42: Chiller No 2- | D42: kwh | E42: 58926.09 | F42: 58926.09 | G42: =F42-E42 -> 0 | H42: =G42 -> 0 | J42: =H42/DAY(B2) -> 0
A43: Chiller Water pump Panel- 630A | D43: kwh | E43: 698253.43 | F43: 700218 | G43: =F43-E43 -> 1964.57 | H43: =G43 -> 1964.57 | J43: =H43/DAY(B2) -> 1964.57
A44: Co-Genrator | D44: kwh | E44: 0 | F44: 0 | G44: =F44-E44 -> 0 | H44: =G44 -> 0 | J44: =H44/DAY(B2) -> 0
A45: Lawn Pantry | D45: kwh | E45: 614.48 | F45: 614.48 | G45: =F45-E45 -> 0 | H45: =G45 -> 0 | J45: =H45/DAY(B2) -> 0
A46: Pavilion Power | D46: kwh | E46: 187.49 | F46: 187.49 | G46: =F46-E46 -> 0 | H46: =G46 -> 0 | J46: =H46/DAY(B2) -> 0
A47: Sub Total | G47: =G35+G36+G37+G38+G39+G40+G41+G42+G43+G44+G45+G46 -> 2658.52 | H47: =G47 -> 2658.52 | J47: =H47/DAY(B2) -> 2658.52
A48: Transformer No 2 (Sub Feeders)
A49: Main HVAC Power Panel- 800A | D49: kwh | E49: 149559 | F49: 152496 | G49: =F49-E49 -> 2937 | H49: =G49 -> 2937 | J49: =H49/DAY(B2) -> 2937
A50: Main MV PanelBALLROOM LVL-1- 2000A | D50: kwh | E50: 334900.43 | F50: 335914 | G50: =F50-E50 -> 1013.57 | H50: =G50 -> 1013.57 | J50: =H50/DAY(B2) -> 1013.57
A51: Fire Emergency Power Panel - 1000A | D51: kwh | E51: 64707.11 | F51: 66179 | G51: =F51-E51 -> 1471.89 | H51: =G51 -> 1471.89 | J51: =H51/DAY(B2) -> 1471.89
A52: Main Power Panel -1800A | D52: kwh | E52: 433179.63 | F52: 435341 | G52: =F52-E52 -> 2161.37 | H52: =G52 -> 2161.37 | J52: =H52/DAY(B2) -> 2161.37
A53: Main Lighting and Small power Panel | D53: kwh | E53: 176601.97 | F53: 180888 | G53: =F53-E53 -> 4286.03 | H53: =G53 -> 4286.03 | J53: =H53/DAY(B2) -> 4286.03
A54: Capacitor Bank -2 1200KVAR- 2500A | D54: kwh | E54: 4589.54 | F54: 4652 | G54: =F54-E54 -> 62.46 | H54: =G54 -> 62.46 | J54: =H54/DAY(B2) -> 62.46
A55: Chiller No -3 - 1200A | D55: kwh | E55: 158493 | F55: 158492.63 | G55: =F55-E55 -> -0.37 | H55: =G55 -> -0.37 | J55: =H55/DAY(B2) -> -0.37
A56: Chiller No-4 - 1200A | D56: Kwh | E56: 513211.75 | F56: 518264 | G56: =F56-E56 -> 5052.25 | H56: =G56 -> 5052.25 | J56: =H56/DAY(B2) -> 5052.25
A57: Chiller Water pump Panel- 630A | D57: kwh | E57: 0 | F57: 0 | G57: =F57-E57 -> 0 | H57: =G57 -> 0 | J57: =H57/DAY(B2) -> 0
A58: B2-Loundry power panel | D58: kwh | E58: 25040.41 | F58: 25092 | G58: =F58-E58 -> 51.59 | H58: =G58 -> 51.59 | J58: =H58/DAY(B2) -> 51.59
A59: Sub Total | G59: =G49+G50+G51+G52+G53+G54+G55+G56+G57+G58 -> 17035.79 | H59: =G59 -> 17035.79 | I59: =G7-G60 -> 520.69 | J59: =H59/DAY(B2) -> 17035.79
D60: Total TR1 & TR2 | G60: =G47+G59 -> 19694.31 | H60: =G60 -> 19694.31 | I60: =G13-G60 -> -204.22 | J60: =H60/DAY(B2) -> 19694.31
A61: Floor lighting & Power consumption
A62: 2nd floor plant room | D62: KWh | E62: 20419.18 | F62: 20419.189 | G62: =F62-E62 -> 0.009 | H62: =G62 -> 0.009 | J62: =H62/DAY(B2) -> 0.009
A63: 5th floor spa | D63: KWh | E63: 1107.91 | F63: 1112 | G63: =F63-E63 -> 4.09 | H63: =G63 -> 4.09 | J63: =H63/DAY(B2) -> 4.09
A64: 5th Floor | D64: KWh | E64: 98423.4 | F64: 98839 | G64: =F64-E64 -> 415.6 | H64: =G64 -> 415.6 | J64: =H64/DAY(B2) -> 415.6
A65: 12th Floor | D65: KWh | E65: 109044.12 | F65: 109461 | G65: =F65-E65 -> 416.88 | H65: =G65 -> 416.88 | J65: =H65/DAY(B2) -> 416.88
A66: 20th Floor | D66: KWh | E66: 2422.09 | F66: 2836 | G66: =F66-E66 -> 413.91 | H66: =G66 -> 413.91 | J66: =H66/DAY(B2) -> 413.91
A67: 27th Floor | D67: KWh | E67: 168241.35 | F67: 168953 | G67: =F67-E67 -> 711.65 | H67: =G67 -> 711.65 | J67: =H67/DAY(B2) -> 711.65
A68: 34th Floor | D68: KWh | E68: 53623.9 | F68: 53936 | G68: =F68-E68 -> 312.1 | H68: =G68 -> 312.1 | J68: =H68/DAY(B2) -> 312.1
A69: Sanqi | D69: KWh | E69: 46519.43 | F69: 46812 | G69: =F69-E69 -> 292.57 | H69: =G69 -> 292.57 | J69: =H69/DAY(B2) -> 292.57
A70: Consumption of Extra AHU run | D70: KWh | H70: =G70 -> 0 | J70: =H70/DAY(B2) -> 0
A71: Kitchen consumption
A72: Main kitchen power panel no 1 | D72: KWh | E72: 846400 | F72: 846498 | G72: =F72-E72 -> 98 | H72: =G72 -> 98 | J72: =H72/DAY(B2) -> 98
A73: Main kitchen power panel no 2 | D73: KWh | E73: 885673 | F73: 885673 | G73: =F73-E73 -> 0 | H73: =G73 -> 0 | J73: =H73/DAY(B2) -> 0
A74: Prato kitchen power panel | D74: KWh | E74: 881315 | F74: 881364 | G74: =F74-E74 -> 49 | H74: =G74 -> 49 | J74: =H74/DAY(B2) -> 49
A75: San- Qi Indian Kitchen | D75: KWh | E75: 731641 | F75: 731830 | G75: =F75-E75 -> 189 | H75: =G75 -> 189 | J75: =H75/DAY(B2) -> 189
A76: San- Qi Japanese Kitchen | D76: KWh | E76: 684266 | F76: 684364 | G76: =F76-E76 -> 98 | H76: =G76 -> 98 | J76: =H76/DAY(B2) -> 98
A77: The club kitchen | D77: KWh | E77: 695394 | F77: 695455 | G77: =F77-E77 -> 61 | H77: =G77 -> 61 | J77: =H77/DAY(B2) -> 61
A78: AER Kitchen | D78: KWh | E78: 630773 | F78: 631142 | G78: =F78-E78 -> 369 | H78: =G78 -> 369 | J78: =H78/DAY(B2) -> 369
A79: COLD ROOM'S | D79: KWh | E79: 803843 | F79: 804030 | G79: =F79-E79 -> 187 | H79: =G79 -> 187 | J79: =H79/DAY(B2) -> 187
A80: Ball Room 1 kitchen | D80: KWh | E80: 475531 | F80: 475841 | G80: =F80-E80 -> 310 | H80: =G80 -> 310 | J80: =H80/DAY(B2) -> 310
A81: Ball Room 2 kitchen | D81: KWh | E81: 619254 | F81: 619383 | G81: =F81-E81 -> 129 | H81: =G81 -> 129 | J81: =H81/DAY(B2) -> 129
A82: B1 Laundry | D82: kwh | E82: 104438 | F82: 104461 | G82: =F82-E82 -> 23 | H82: =G82 -> 23 | J82: =H82/DAY(B2) -> 23
A83: STP Electrical | D83: kwh | E83: 973471 | F83: 973804 | G83: =F83-E83 -> 333 | H83: =G83 -> 333 | J83: =H83/DAY(B2) -> 333
A84: Cooling Tower | D84: kwh | E84: 397196 | F84: 397642 | G84: =F84-E84 -> 446 | H84: =G84 -> 446 | J84: =H84/DAY(B2) -> 446
A85: Total | G85: =SUM(G71:G84) -> 2292 | H85: =G85 -> 2292 | J85: =H85/DAY(B2) -> 2292
A86: MOCK Up Room | D86: Kwh | E86: 444309 | F86: 444332 | G86: =F86-E86 -> 23 | H86: =G86 -> 23 | J86: =H86/DAY(B2) -> 23
A87: 27th Floor | D87: Kwh | E87: 77743 | F87: 77763 | G87: =F87-E87 -> 20 | H87: =G87 -> 20 | J87: =H87/DAY(B2) -> 20
A88: Physic57 | D88: Kwh | E88: 144547 | F88: 144584 | G88: =F88-E88 -> 37 | H88: =G88 -> 37 | J88: =H88/DAY(B2) -> 37
A89: Pinoor Legal- Power | D89: Kwh | E89: 57689.1 | F89: 57743 | G89: =F89-E89 -> 53.9 | H89: =G89 -> 53.9 | J89: =H89/DAY(B2) -> 53.9
A90: Pinoor Legal- Lighting | D90: Kwh | E90: 2982.6 | F90: 2983 | G90: =F90-E90 -> 0.4 | H90: =G90 -> 0.4 | J90: =H90/DAY(B2) -> 0.4
A91: WATER
A92: R.o.plant | D92: KL | E92: 233902 | F92: 234035 | G92: =F92-E92 -> 133 | H92: =G92 -> 133 | J92: =H92/DAY(B2) -> 133
A93: STP Water Prod | D93: KL | E93: 166916 | F93: 167057 | G93: =F93-E93 -> 141 | H93: =G93 -> 141 | J93: =H93/DAY(B2) -> 141
A94: Total water Produce | G94: =G92+G93 -> 274
A95: Domestic Zone-1 | D95: KL | E95: 403665 | F95: 403725 | G95: =F95-E95 -> 60 | H95: =G95 -> 60 | J95: =H95/DAY(B2) -> 60
A96: Domestic Zone-2 | D96: KL | E96: 99921 | F96: 99954 | G96: =F96-E96 -> 33 | H96: =G96 -> 33 | J96: =H96/DAY(B2) -> 33
A97: Domestic Zone-3 | D97: KL | E97: 95027 | F97: 95064 | G97: =F97-E97 -> 37 | H97: =G97 -> 37 | J97: =H97/DAY(B2) -> 37
A98: Flush Zone -1 | D98: KL | E98: 143807 | F98: 143857 | G98: =F98-E98 -> 50 | H98: =G98 -> 50 | J98: =H98/DAY(B2) -> 50
A99: Flush Zone -2 | D99: KL | E99: 5502 | F99: 5532 | G99: =F99-E99 -> 30 | H99: =G99 -> 30 | J99: =H99/DAY(B2) -> 30
A100: Flush Zone -3 | D100: KL | E100: 3964 | F100: 3981 | G100: =F100-E100 -> 17 | H100: =G100 -> 17 | J100: =H100/DAY(B2) -> 17
...

Sheet 2
A1: Daily Utility Consumption Report
A2: Prepaired by- Nilesh | B2: 44198 | C2: occupancy | D2: 0.54 | G2: Occupancy% | H2: Electricity | I2: Water | J2: Gas
C3: Avg temp | D3: 27 | E3: Last year same month avg
C4: humidity | D4: 0.74
A5: Description | D5: Unit | E5: Yesterday | F5: Today | G5: units.consum | H5: MTD | I5: Budgeted | J5: Average/Day
A6: ELECTRICAL CONSUMPTION
A7: BEST Supply 11KV | D7: kwh | E7: ='1'!F7 -> 3306655 | F7: 3326231 | G7: =F7-E7 -> 19576 | H7: =G7+'1'!H7 -> 39791 | I7: ='1'!I7 -> 12000 | J7: =H7/DAY(B2) -> 19895.5
A8: BEST supply | D8: KVAH | E8: ='1'!F8 -> 3326755 | F8: 3346487 | G8: =F8-E8 -> 19732 | H8: =G8+'1'!H8 -> 40115 | I8: 12000 | J8: =H8/DAY(B2) -> 20057.5
A9: Transformer - 1 - 2500KVA | D9: kwh | E9: ='1'!F9 -> 2407766 | F9: 2410292.7 | G9: =F9-E9 -> 2526.7 | H9: =G9+'1'!H9 -> 5077.7 | I9: =I8-J8 -> -8057.5 | J9: =H9/DAY(B2) -> 2538.85
A10: Transformer - 2 -2500KVA | D10: kwh | E10: ='1'!F10 -> 767461 | F10: 783753 | G10: =F10-E10 -> 16292 | H10: =G10+'1'!H10 -> 33231.09 | J10: =H10/DAY(B2) -> 16615.545
A11: DG set- 1 - 1425KVA | D11: kwh | E11: ='1'!F11 -> 35390 | F11: 35390 | G11: =F11-E11 -> 0 | H11: =G11+'1'!H11 -> 0 | J11: =H11/DAY(B2) -> 0
A12: DG set- 2 - 1425KVA | D12: kwh | E12: ='1'!F12 -> 37630 | F12: 37630 | G12: 0 | H12: =G12+'1'!H12 -> 0 | J12: =H12/DAY(B2) -> 0
A13: SubTotal | G13: =G9+G10+G11+G12 -> 18818.7 | H13: =G13+'1'!H13 -> 38308.79 | I13: =G7-G13 -> 757.3 | J13: =H13/DAY(B2) -> 19154.395
A14: GAS CONSUMPTION
A15: Gas consumption | D15: m3 | E15: ='1'!F15 -> 1569608 | F15: 1570430.6 | G15: =(F15-E15) -> 822.62 | H15: =G15+'1'!H15 -> 1516.52 | I15: 800 | J15: =H15/DAY(B2) -> 758.26
I16: =I15-J15 -> 41.74 | O16: =G15-150 -> 672.62
A17: WATER CONSUMPTION
A18: Tankers | D18: KL | E18: ='1'!F18 -> 15 | F18: 12 | G18: =F18*10 -> 120 | H18: =G18+'1'!H18 -> 270 | I18: ='1'!I18 -> 65 | J18: =H18/DAY(B2) -> 135
A19: BMC | D19: KL | E19: ='1'!F19 -> 131540 | F19: 131595 | G19: =F19-E19 -> 55 | H19: =G19+'1'!H19 -> 102 | J19: =H19/DAY(B2) -> 51
A20: Total water | G20: =G18+G19 -> 175 | H20: =G20+'1'!H20 -> 372 | I20: =I18-J20 -> -121 | J20: =H20/DAY(B2) -> 186
A21: DIESEL CONSUMPTION
A22: Boiler House (H.S.D) | D22: L | E22: ='1'!F22 -> 2250 | F22: 2250 | G22: =(F22-E22) -> 0 | H22: =G22+'1'!H22 -> 0 | J22: =H22/DAY(B2) -> 0
A23: D-G Set (H.S.D) | D23: L | E23: ='1'!F23 -> 2000 | F23: 2000 | G23: 0 | H23: =G23+'1'!H23 -> 0 | J23: =H23/DAY(B2) -> 0
A24: Total HSD (H.S.D.) Stock | D24: L | E24: ='1'!F24 -> 4250 | F24: 4250 | G24: 0 | H24: =G24 -> 0 | J24: =H24/DAY(B2) -> 0
A25: TOTAL CONSUMPTION UNIT &COST
A26: Utilities | D26: Units
A27: Electricity | D27: KVAH | E27: =G8 -> 19732 | F27: 9 | G27: =E27*F27 -> 177588 | H27: =G27+'1'!H27 -> 361035 | J27: =H27/DAY(B2) -> 180517.5
A28: C.N.G | D28: Cu.Mtr | E28: =G15 -> 822.62 | F28: 41 | G28: =E28*F28 -> 33727.42 | H28: =G28+'1'!H28 -> 62177.32 | J28: =H28/DAY(B2) -> 31088.66
A29: H.S.D | D29: Ltr | E29: =G24 -> 0 | F29: 69 | G29: =E29*F29 -> 0 | H29: =G29+'1'!H29 -> 0 | J29: =H29/DAY(B2) -> 0
A30: Water BMC | D30: Kl | E30: =G19 -> 55 | F30: 134 | G30: =E30*F30 -> 7370 | H30: =G30+'1'!H30 -> 13668 | J30: =H30/DAY(B2) -> 6834
A31: Water Tanker | D31: KL | E31: =G18 -> 120 | F31: 80 | G31: =E31*F31 -> 9600 | H31: =G31+'1'!H31 -> 21600 | J31: =H31/DAY(B2) -> 10800
A32: Total cost | G32: =G27+G28+G29+G30+G31 -> 228285.42 | H32: =G32+'1'!H32 -> 458480.32 | J32: =H32/DAY(B2) -> 229240.16
A33: BRANCH READINGS & CONSUMPTION
A34: Transformer No 1 (Sub Feeders)
A35: Main HVAC Power Panel- 800A | D35: kwh | E35: ='1'!F35 -> 629027 | F35: 629027 | G35: =F35-E35 -> 0 | H35: =G35+'1'!H35 -> 0 | J35: =H35/DAY(B2) -> 0
A36: Main Panel BALLROOM LVL-2 -2000A | D36: kwh | E36: ='1'!F36 -> 255785 | F36: 256428.55 | G36: =F36-E36 -> 643.55 | H36: =G36+'1'!H36 -> 1337.48 | J36: =H36/DAY(B2) -> 668.74
A37: Fire Emergency Power Panel - 1000A | D37: kwh | E37: ='1'!F37 -> 415066 | F37: 415066 | G37: =F37-E37 -> 0 | H37: =G37+'1'!H37 -> 0 | J37: =H37/DAY(B2) -> 0
A38: Main Power Panel -1600A | D38: kwh | E38: ='1'!F38 -> 150714 | F38: 150714 | G38: =F38-E38 -> 0 | H38: =G38+'1'!H38 -> 0 | J38: =H38/DAY(B2) -> 0
A39: Main Lighting and Small power Panel | D39: kwh | E39: ='1'!F39 -> 912480 | F39: 912480 | G39: =F39-E39 -> 0 | H39: =G39+'1'!H39 -> 0 | J39: =H39/DAY(B2) -> 0
A40: Capacitor Bank -1 1100KVAR- 2500A | D40: kwh | E40: ='1'!F40 -> 0 | F40: 0 | G40: =F40-E40 -> 0 | H40: =G40+'1'!H40 -> 0 | J40: =H40/DAY(B2) -> 0
A41: Chiller No 1 | D41: kwh | E41: ='1'!F41 -> 300127.97 | F41: 300127.9 | G41: =F41-E41 -> -0.07 | H41: =G41+'1'!H41 -> -0.05 | J41: =H41/DAY(B2) -> -0.025
A42: Chiller No 2- | D42: kwh | E42: ='1'!F42 -> 58926.09 | F42: 58926.09 | G42: =F42-E42 -> 0 | H42: =G42+'1'!H42 -> 0 | J42: =H42/DAY(B2) -> 0
A43: Chiller Water pump Panel- 630A | D43: kwh | E43: ='1'!F43 -> 700218 | F43: 702218 | G43: =F43-E43 -> 2000 | H43: =G43+'1'!H43 -> 3964.57 | J43: =H43/DAY(B2) -> 1982.285
A44: Co-Genrator | D44: kwh | E44: ='1'!F44 -> 0 | F44: 0 | G44: =F44-E44 -> 0 | H44: =G44+'1'!H44 -> 0 | J44: =H44/DAY(B2) -> 0
A45: Lawn Pantry | D45: kwh | E45: ='1'!F45 -> 614.48 | F45: 614 | G45: =F45-E45 -> -0.48 | H45: =G45+'1'!H45 -> -0.48 | J45: =H45/DAY(B2) -> -0.24
A46: Pavilion Power | D46: kwh | E46: ='1'!F46 -> 187.49 | F46: 187 | G46: =F46-E46 -> -0.49 | H46: =G46+'1'!H46 -> -0.49 | J46: =H46/DAY(B2) -> -0.245
A47: Sub Total | G47: =G35+G36+G37+G38+G39+G40+G41+G42+G43+G44+G45+G46 -> 2642.51 | H47: =G47+'1'!H47 -> 5301.03 | J47: =H47/DAY(B2) -> 2650.515
A48: Transformer No 2 (Sub Feeders)
A49: Main HVAC Power Panel- 800A | D49: kwh | E49: ='1'!F49 -> 152496 | F49: 155334.81 | G49: =F49-E49 -> 2838.81 | H49: =G49+'1'!H49 -> 5775.81 | J49: =H49/DAY(B2) -> 2887.905
A50: Main MV PanelBALLROOM LVL-1- 2000A | D50: kwh | E50: ='1'!F50 -> 335914 | F50: 336891.51 | G50: =F50-E50 -> 977.51 | H50: =G50+'1'!H50 -> 1991.08 | J50: =H50/DAY(B2) -> 995.54
A51: Fire Emergency Power Panel - 1000A | D51: kwh | E51: ='1'!F51 -> 66179 | F51: 67597 | G51: =F51-E51 -> 1418 | H51: =G51+'1'!H51 -> 2889.89 | J51: =H51/DAY(B2) -> 1444.945
A52: Main Power Panel -1800A | D52: kwh | E52: ='1'!F52 -> 435341 | F52: 437388 | G52: =F52-E52 -> 2047 | H52: =G52+'1'!H52 -> 4208.37 | J52: =H52/DAY(B2) -> 2104.185
A53: Main Lighting and Small power Panel | D53: kwh | E53: ='1'!F53 -> 180888 | F53: 185007 | G53: =F53-E53 -> 4119 | H53: =G53+'1'!H53 -> 8405.03 | J53: =H53/DAY(B2) -> 4202.515
A54: Capacitor Bank -2 1200KVAR- 2500A | D54: kwh | E54: ='1'!F54 -> 4652 | F54: 4711.98 | G54: =F54-E54 -> 59.98 | H54: =G54+'1'!H54 -> 122.44 | J54: =H54/DAY(B2) -> 61.22
A55: Chiller No -3 - 1200A | D55: kwh | E55: ='1'!F55 -> 158492.63 | F55: 158492.73 | G55: =F55-E55 -> 0.1 | H55: =G55+'1'!H55 -> -0.27 | J55: =H55/DAY(B2) -> -0.135
A56: Chiller No-4 - 1200A | D56: Kwh | E56: ='1'!F56 -> 518264 | F56: 522978.83 | G56: =F56-E56 -> 4714.83 | H56: =G56+'1'!H56 -> 9767.08 | J56: =H56/DAY(B2) -> 4883.54
A57: Chiller Water pump Panel- 630A | D57: kwh | E57: ='1'!F57 -> 0 | F57: 0 | G57: =F57-E57 -> 0 | H57: =G57+'1'!H57 -> 0 | J57: =H57/DAY(B2) -> 0
A58: B2-Loundry power panel | D58: kwh | E58: ='1'!F58 -> 25092 | F58: 25312 | G58: =F58-E58 -> 220 | H58: =G58+'1'!H58 -> 271.59 | J58: =H58/DAY(B2) -> 135.795
A59: Sub Total | G59: =G49+G50+G51+G52+G53+G54+G55+G56+G57+G58 -> 16395.23 | H59: =G59+'1'!H59 -> 33431.02 | I59: =G7-G60 -> 538.26 | J59: =H59/DAY(B2) -> 16715.51
D60: Total TR1 & TR2 | G60: =G47+G59 -> 19037.74 | H60: =G60+'1'!H60 -> 38732.05 | I60: =G13-G60 -> -219.04 | J60: =H60/DAY(B2) -> 19366.025
A61: Floor lighting & Power consumption
A62: 2nd floor plant room | D62: KWh | E62: ='1'!F62 -> 20419.189 | F62: 20419.189 | G62: =F62-E62 -> 0 | H62: =G62+'1'!H62 -> 0.009 | J62: =H62/DAY(B2) -> 0.0045
A63: 5th floor spa | D63: KWh | E63: ='1'!F63 -> 1112 | F63: 1116 | G63: =F63-E63 -> 4 | H63: =G63+'1'!H63 -> 8.09 | J63: =H63/DAY(B2) -> 4.045
A64: 5th Floor | D64: KWh | E64: ='1'!F64 -> 98839 | F64: 99239.65 | G64: =F64-E64 -> 400.65 | H64: =G64+'1'!H64 -> 816.25 | J64: =H64/DAY(B2) -> 408.125
A65: 12th Floor | D65: KWh | E65: ='1'!F65 -> 109461 | F65: 109868.56 | G65: =F65-E65 -> 407.56 | H65: =G65+'1'!H65 -> 824.44 | J65: =H65/DAY(B2) -> 412.22
A66: 20th Floor | D66: KWh | E66: ='1'!F66 -> 2836 | F66: 3244.35 | G66: =F66-E66 -> 408.35 | H66: =G66+'1'!H66 -> 822.26 | J66: =H66/DAY(B2) -> 411.13
A67: 27th Floor | D67: KWh | E67: ='1'!F67 -> 168953 | F67: 169631 | G67: =F67-E67 -> 678 | H67: =G67+'1'!H67 -> 1389.65 | J67: =H67/DAY(B2) -> 694.825
A68: 34th Floor | D68: KWh | E68: ='1'!F68 -> 53936 | F68: 54229 | G68: =F68-E68 -> 293 | H68: =G68+'1'!H68 -> 605.1 | J68: =H68/DAY(B2) -> 302.55
A69: Sanqi | D69: KWh | E69: ='1'!F69 -> 46812 | F69: 47108 | G69: =F69-E69 -> 296 | H69: =G69+'1'!H69 -> 588.57 | J69: =H69/DAY(B2) -> 294.285
A70: Consumption of Extra AHU run | D70: KWh
A71: Kitchen consumption
A72: Main kitchen power panel no 1 | D72: KWh | E72: ='1'!F72 -> 846498 | F72: 846567 | G72: =F72-E72 -> 69 | H72: =G72+'1'!H72 -> 167 | J72: =H72/DAY(B2) -> 83.5
A73: Main kitchen power panel no 2 | D73: KWh | E73: ='1'!F73 -> 885673 | F73: 885675 | G73: =F73-E73 -> 2 | H73: =G73+'1'!H73 -> 2 | J73: =H73/DAY(B2) -> 1
A74: Prato kitchen power panel | D74: KWh | E74: ='1'!F74 -> 881364 | F74: 881408 | G74: =F74-E74 -> 44 | H74: =G74+'1'!H74 -> 93 | J74: =H74/DAY(B2) -> 46.5
A75: San- Qi Indian Kitchen | D75: KWh | E75: ='1'!F75 -> 731830 | F75: 732023 | G75: =F75-E75 -> 193 | H75: =G75+'1'!H75 -> 382 | J75: =H75/DAY(B2) -> 191
A76: San- Qi Japanese Kitchen | D76: KWh | E76: ='1'!F76 -> 684364 | F76: 684438 | G76: =F76-E76 -> 74 | H76: =G76+'1'!H76 -> 172 | J76: =H76/DAY(B2) -> 86
A77: The club kitchen | D77: KWh | E77: ='1'!F77 -> 695455 | F77: 695516 | G77: =F77-E77 -> 61 | H77: =G77+'1'!H77 -> 122 | J77: =H77/DAY(B2) -> 61
A78: AER Kitchen | D78: KWh | E78: ='1'!F78 -> 631142 | F78: 631507 | G78: =F78-E78 -> 365 | H78: =G78+'1'!H78 -> 734 | J78: =H78/DAY(B2) -> 367
A79: COLD ROOM'S | D79: KWh | E79: ='1'!F79 -> 804030 | F79: 804230 | G79: =F79-E79 -> 200 | H79: =G79+'1'!H79 -> 387 | J79: =H79/DAY(B2) -> 193.5
A80: Ball Room 1 kitchen | D80: KWh | E80: ='1'!F80 -> 475841 | F80: 476152 | G80: =F80-E80 -> 311 | H80: =G80+'1'!H80 -> 621 | J80: =H80/DAY(B2) -> 310.5
A81: Ball Room 2 kitchen | D81: KWh | E81: ='1'!F81 -> 619383 | F81: 619506 | G81: =F81-E81 -> 123 | H81: =G81+'1'!H81 -> 252 | J81: =H81/DAY(B2) -> 126
A82: B1 Laundry | D82: kwh | E82: ='1'!F82 -> 104461 | F82: 104472.84 | G82: =F82-E82 -> 11.84 | H82: =G82+'1'!H82 -> 34.84 | J82: =H82/DAY(B2) -> 17.42
A83: STP Electrical | D83: kwh | E83: ='1'!F83 -> 973804 | F83: 974197 | G83: =F83-E83 -> 393 | H83: =G83+'1'!H83 -> 726 | J83: =H83/DAY(B2) -> 363
A84: Cooling Tower | D84: kwh | E84: ='1'!F84 -> 397642 | F84: 398126 | G84: =F84-E84 -> 484 | H84: =G84+'1'!H84 -> 930 | J84: =H84/DAY(B2) -> 465
A85: Total | E85: ='1'!F85 -> 0 | G85: =SUM(G71:G84) -> 2330.84 | H85: =G85+'1'!H84 -> 2776.84 | J85: =H85/DAY(B2) -> 1388.42
A86: MOCK Up Room | D86: Kwh | E86: ='1'!F86 -> 444332 | F86: 444384 | G86: =F86-E86 -> 52 | H86: =G86 -> 52 | J86: =H86/DAY(B2) -> 26
A87: 27th Floor | D87: Kwh | E87: ='1'!F87 -> 77763 | F87: 77772.8 | G87: =F87-E87 -> 9.8 | H87: =G87 -> 9.8 | J87: =H87/DAY(B2) -> 4.9
A88: Physic57 | D88: Kwh | E88: ='1'!F88 -> 144584 | F88: 144642.57 | G88: =F88-E88 -> 58.57 | H88: =G88 -> 58.57 | J88: =H88/DAY(B2) -> 29.285
A89: Pinoor Legal- Lighting | D89: Kwh | E89: ='1'!F89 -> 57743 | F89: 57800 | G89: =F89-E89 -> 57 | H89: =G89+'1'!H89 -> 110.9 | J89: =H89/DAY(B2) -> 55.45
A90: Pinoor Legal- Lighting | D90: Kwh | E90: ='1'!F90 -> 2983 | F90: 2984 | G90: =F90-E90 -> 1 | H90: =G90+'1'!H90 -> 1.4 | J90: =H90/DAY(B2) -> 0.7
A91: WATER
A92: R.o.plant | D92: KL | E92: ='1'!F92 -> 234035 | F92: 234121 | G92: =F92-E92 -> 86 | H92: =G92+'1'!H92 -> 219 | J92: =H92/DAY(B2) -> 109.5
A93: STP Water Prod | D93: KL | E93: ='1'!F93 -> 167057 | F93: 167207 | G93: =F93-E93 -> 150 | H93: =G93+'1'!H93 -> 291 | J93: =H93/DAY(B2) -> 145.5
A94: Total water Produce | G94: =G92+G93 -> 236 | H94: =G94+'1'!H94 -> 236 | J94: =H94/DAY(B2) -> 118
A95: Domestic Zone-1 | D95: KL | E95: ='1'!F95 -> 403725 | F95: 403796 | G95: =F95-E95 -> 71 | H95: =G95+'1'!H95 -> 131 | J95: =H95/DAY(B2) -> 65.5
A96: Domestic Zone-2 | D96: KL | E96: ='1'!F96 -> 99954 | F96: 99970 | G96: =F96-E96 -> 16 | H96: =G96+'1'!H96 -> 49 | J96: =H96/DAY(B2) -> 24.5
A97: Domestic Zone-3 | D97: KL | E97: ='1'!F97 -> 95064 | F97: 95087 | G97: =F97-E97 -> 23 | H97: =G97+'1'!H97 -> 60 | J97: =H97/DAY(B2) -> 30
A98: Flush Zone -1 | D98: KL | E98: ='1'!F98 -> 143857 | F98: 143916 | G98: =F98-E98 -> 59 | H98: =G98+'1'!H98 -> 109 | J98: =H98/DAY(B2) -> 54.5
A99: Flush Zone -2 | D99: KL | E99: ='1'!F99 -> 5532 | F99: 5541 | G99: =F99-E99 -> 9 | H99: =G99+'1'!H99 -> 39 | J99: =H99/DAY(B2) -> 19.5
A100: Flush Zone -3 | D100: KL | E100: ='1'!F100 -> 3981 | F100: 3986 | G100: =F100-E100 -> 5 | H100: =G100+'1'!H100 -> 22 | J100: =H100/DAY(B2) -> 11
...

Sheet 3
A1: Daily Utility Consumption Report
A2: Prepaired by--- Nilesh | B2: 44199 | C2: occupancy | D2: 0.39 | G2: Occupancy% | H2: Electricity | I2: Water | J2: Gas
C3: Avg temp | D3: 24 | E3: Last year same month avg
C4: humidity | D4: 0.76
A5: Description | D5: Unit | E5: Yesterday | F5: Today | G5: units.consum | H5: MTD | I5: Budgeted | J5: Average/Day
A6: ELECTRICAL CONSUMPTION
A7: BEST Supply 11KV | D7: kwh | E7: ='2'!F7 -> 3326231 | F7: 3345489 | G7: =F7-E7 -> 19258 | H7: =G7+'2'!H7 -> 59049 | I7: ='1'!I7 -> 12000 | J7: =H7/DAY(B2) -> 19683
A8: BEST supply | D8: KVAH | E8: ='2'!F8 -> 3346487 | F8: 3365919 | G8: =F8-E8 -> 19432 | H8: =G8+'2'!H8 -> 59547 | I8: 12000 | J8: =H8/DAY(B2) -> 19849
A9: Transformer - 1 - 2500KVA | D9: kwh | E9: ='2'!F9 -> 2410292.7 | F9: 2412830 | G9: =F9-E9 -> 2537.3 | H9: =G9+'2'!H9 -> 7615 | I9: =I8-J8 -> -7849 | J9: =H9/DAY(B2) -> 2538.3333
A10: Transformer - 2 -2500KVA | D10: kwh | E10: ='2'!F10 -> 783753 | F10: 799754 | G10: =F10-E10 -> 16001 | H10: =G10+'2'!H10 -> 49232.09 | J10: =H10/DAY(B2) -> 16410.697
A11: DG set- 1 - 1425KVA | D11: kwh | E11: ='2'!F11 -> 35390 | F11: 35390 | G11: =F11-E11 -> 0 | H11: =G11+'2'!H11 -> 0 | J11: =H11/DAY(B2) -> 0
A12: DG set- 2 - 1425KVA | D12: kwh | E12: ='2'!F12 -> 37630 | F12: 37630 | G12: =F12-E12 -> 0 | H12: =G12+'2'!H12 -> 0 | J12: =H12/DAY(B2) -> 0
A13: SubTotal | G13: =G9+G10+G11+G12 -> 18538.3 | H13: =G13+'2'!H13 -> 56847.09 | I13: =G7-G13 -> 719.7 | J13: =H13/DAY(B2) -> 18949.03
A14: GAS CONSUMPTION
A15: Gas consumption | D15: m3 | E15: ='2'!F15 -> 1570430.6 | F15: 1571246.3 | G15: =F15-E15 -> 815.69 | H15: =G15+'2'!H15 -> 2332.21 | I15: 800 | J15: =H15/DAY(B2) -> 777.40333
I16: =I15-J15 -> 22.596667
A17: WATER CONSUMPTION
A18: Tankers | D18: KL | E18: ='2'!F18 -> 12 | F18: 12 | G18: =F18*10 -> 120 | H18: =G18+'2'!H18 -> 390 | I18: ='1'!I18 -> 65 | J18: =H18/DAY(B2) -> 130
A19: BMC | D19: KL | E19: ='2'!F19 -> 131595 | F19: 131642 | G19: =F19-E19 -> 47 | H19: =G19+'2'!H19 -> 149 | J19: =H19/DAY(B2) -> 49.666667
A20: Total water | G20: =G18+G19 -> 167 | H20: =G20+'2'!H20 -> 539 | I20: =I18-J20 -> -114.66667 | J20: =H20/DAY(B2) -> 179.66667
A21: DIESEL CONSUMPTION
A22: Boiler House (H.S.D) | D22: L | E22: ='2'!F22 -> 2250 | F22: 2250 | G22: =(F22-E22) -> 0 | H22: =G22+'2'!H22 -> 0 | J22: =H22/DAY(B2) -> 0
A23: D-G Set (H.S.D) | D23: L | E23: ='2'!F23 -> 2000 | F23: 2000 | G23: 0 | H23: =G23+'2'!H23 -> 0 | J23: =H23/DAY(B2) -> 0
A24: Total HSD (H.S.D.) Stock | D24: L | E24: ='2'!F24 -> 4250 | F24: 4250 | G24: 0 | H24: =G24 -> 0 | J24: =H24/DAY(B2) -> 0
A25: TOTAL CONSUMPTION UNIT &COST
A26: Utilities | D26: Units
A27: Electricity | D27: KVAH | E27: =G8 -> 19432 | F27: 9 | G27: =E27*F27 -> 174888 | H27: =G27+'2'!H27 -> 535923 | J27: =H27/DAY(B2) -> 178641
A28: C.N.G | D28: Cu.Mtr | E28: =G15 -> 815.69 | F28: 41 | G28: =E28*F28 -> 33443.29 | H28: =G28+'2'!H28 -> 95620.61 | J28: =H28/DAY(B2) -> 31873.537
A29: H.S.D | D29: Ltr | E29: =G24 -> 0 | F29: 69 | G29: =E29*F29 -> 0 | H29: =G29+'2'!H29 -> 0 | J29: =H29/DAY(B2) -> 0
A30: Water BMC | D30: Kl | E30: =G19 -> 47 | F30: 134 | G30: =E30*F30 -> 6298 | H30: =G30+'2'!H30 -> 19966 | J30: =H30/DAY(B2) -> 6655.3333
A31: Water Tanker | D31: KL | E31: =G18 -> 120 | F31: 80 | G31: =E31*F31 -> 9600 | H31: =G31+'2'!H31 -> 31200 | J31: =H31/DAY(B2) -> 10400
A32: Total cost | G32: =G27+G28+G29+G30+G31 -> 224229.29 | H32: =G32+'2'!H32 -> 682709.61 | J32: =H32/DAY(B2) -> 227569.87
A33: BRANCH READINGS & CONSUMPTION
A34: Transformer No 1 (Sub Feeders)
A35: Main HVAC Power Panel- 800A | D35: kwh | E35: ='2'!F35 -> 629027 | F35: 629027 | G35: =F35-E35 -> 0 | H35: =G35+'2'!H35 -> 0 | J35: =H35/DAY(B2) -> 0
A36: Main Panel BALLROOM LVL-2 -2000A | D36: kwh | E36: ='2'!F36 -> 256428.55 | F36: 257025.81 | G36: =F36-E36 -> 597.26 | H36: =G36+'2'!H36 -> 1934.74 | J36: =H36/DAY(B2) -> 644.91333
A37: Fire Emergency Power Panel - 1000A | D37: kwh | E37: ='2'!F37 -> 415066 | F37: 415066 | G37: =F37-E37 -> 0 | H37: =G37+'2'!H37 -> 0 | J37: =H37/DAY(B2) -> 0
A38: Main Power Panel -1600A | D38: kwh | E38: ='2'!F38 -> 150714 | F38: 150714 | G38: =F38-E38 -> 0 | H38: =G38+'2'!H38 -> 0 | J38: =H38/DAY(B2) -> 0
A39: Main Lighting and Small power Panel | D39: kwh | E39: ='2'!F39 -> 912480 | F39: 912480 | G39: =F39-E39 -> 0 | H39: =G39+'2'!H39 -> 0 | J39: =H39/DAY(B2) -> 0
A40: Capacitor Bank -1 1100KVAR- 2500A | D40: kwh | E40: 0.17 | F40: 0.17 | G40: =F40-E40 -> 0 | H40: =G40+'2'!H40 -> 0 | J40: =H40/DAY(B2) -> 0
A41: Chiller No 1 | D41: kwh | E41: ='2'!F41 -> 300127.9 | F41: 300127.9 | G41: =F41-E41 -> 0 | H41: =G41+'2'!H41 -> -0.05 | J41: =H41/DAY(B2) -> -0.016666667
A42: Chiller No 2- | D42: kwh | E42: ='2'!F42 -> 58926.09 | F42: 58926.09 | G42: =F42-E42 -> 0 | H42: =G42+'2'!H42 -> 0 | J42: =H42/DAY(B2) -> 0
A43: Chiller Water pump Panel- 630A | D43: kwh | E43: ='2'!F43 -> 702218 | F43: 704258.79 | G43: =F43-E43 -> 2040.79 | H43: =G43+'2'!H43 -> 6005.36 | J43: =H43/DAY(B2) -> 2001.7867
A44: Co-Genrator | D44: kwh | E44: ='2'!F44 -> 0 | F44: 0 | G44: =F44-E44 -> 0 | H44: =G44+'2'!H44 -> 0 | J44: =H44/DAY(B2) -> 0
A45: Lawn Pantry | D45: kwh | E45: ='2'!F45 -> 614 | F45: 614 | G45: =F45-E45 -> 0 | H45: =G45+'2'!H45 -> -0.48 | J45: =H45/DAY(B2) -> -0.16
A46: Pavilion Power | D46: kwh | E46: ='2'!F46 -> 187 | F46: 187 | G46: =F46-E46 -> 0 | H46: =G46+'2'!H46 -> -0.49 | J46: =H46/DAY(B2) -> -0.16333333
A47: Sub Total | G47: =G35+G36+G37+G38+G39+G40+G41+G42+G43+G44+G45+G46 -> 2638.05 | H47: =G47+'2'!H47 -> 7939.08 | J47: =H47/DAY(B2) -> 2646.36
A48: Transformer No 2 (Sub Feeders)
A49: Main HVAC Power Panel- 800A | D49: kwh | E49: ='2'!F49 -> 155334.81 | F49: 158137.44 | G49: =F49-E49 -> 2802.63 | H49: =G49+'2'!H49 -> 8578.44 | J49: =H49/DAY(B2) -> 2859.48
A50: Main MV PanelBALLROOM LVL-1- 2000A | D50: kwh | E50: ='2'!F50 -> 336891.51 | F50: 338225.67 | G50: =F50-E50 -> 1334.16 | H50: =G50+'2'!H50 -> 3325.24 | J50: =H50/DAY(B2) -> 1108.4133
A51: Fire Emergency Power Panel - 1000A | D51: kwh | E51: ='2'!F51 -> 67597 | F51: 68973.59 | G51: =F51-E51 -> 1376.59 | H51: =G51+'2'!H51 -> 4266.48 | J51: =H51/DAY(B2) -> 1422.16
A52: Main Power Panel -1800A | D52: kwh | E52: ='2'!F52 -> 437388 | F52: 439452 | G52: =F52-E52 -> 2064 | H52: =G52+'2'!H52 -> 6272.37 | J52: =H52/DAY(B2) -> 2090.79
A53: Main Lighting and Small power Panel | D53: kwh | E53: ='2'!F53 -> 185007 | F53: 189165.79 | G53: =F53-E53 -> 4158.79 | H53: =G53+'2'!H53 -> 12563.82 | J53: =H53/DAY(B2) -> 4187.94
A54: Capacitor Bank -2 1200KVAR- 2500A | D54: kwh | E54: ='2'!F54 -> 4711.98 | F54: 4771 | G54: =F54-E54 -> 59.02 | H54: =G54+'2'!H54 -> 181.46 | J54: =H54/DAY(B2) -> 60.486667
A55: Chiller No -3 - 1200A | D55: kwh | E55: ='2'!F55 -> 158492.73 | F55: 158492.73 | G55: =F55-E55 -> 0 | H55: =G55+'2'!H55 -> -0.27 | J55: =H55/DAY(B2) -> -0.09
A56: Chiller No-4 - 1200A | D56: Kwh | E56: ='2'!F56 -> 522978.83 | F56: 527088 | G56: =F56-E56 -> 4109.17 | H56: =G56+'2'!H56 -> 13876.25 | J56: =H56/DAY(B2) -> 4625.4167
A57: Chiller Water pump Panel- 630A | D57: kwh | E57: ='2'!F57 -> 0 | F57: 0 | G57: =F57-E57 -> 0 | H57: =G57+'2'!H57 -> 0 | J57: =H57/DAY(B2) -> 0
A58: B2-Loundry power panel | D58: kwh | E58: ='2'!F58 -> 25312 | F58: 25496.5 | G58: =F58-E58 -> 184.5 | H58: =G58+'2'!H58 -> 456.09 | J58: =H58/DAY(B2) -> 152.03
A59: Sub Total | G59: =G49+G50+G51+G52+G53+G54+G55+G56+G57+G58 -> 16088.86 | H59: =G59+'2'!H59 -> 49519.88 | I59: =G7-G60 -> 531.09 | J59: =H59/DAY(B2) -> 16506.627
D60: Total TR1 & TR2 | G60: =G47+G59 -> 18726.91 | H60: =G60+'2'!H60 -> 57458.96 | I60: =G13-G60 -> -188.61 | J60: =H60/DAY(B2) -> 19152.987
A61: Floor lighting & Power consumption
A62: 2nd floor plant room | D62: KWh | E62: ='2'!F62 -> 20419.189 | F62: 20419.189 | G62: =F62-E62 -> 0 | H62: =G62+'2'!H62 -> 0.009 | J62: =H62/DAY(B2) -> 0.003
A63: 5th floor spa | D63: KWh | E63: ='2'!F63 -> 1116 | F63: 1120.62 | G63: =F63-E63 -> 4.62 | H63: =G63+'2'!H63 -> 12.71 | J63: =H63/DAY(B2) -> 4.2366667
A64: 5th Floor | D64: KWh | E64: ='2'!F64 -> 99239.65 | F64: 99616 | G64: =F64-E64 -> 376.35 | H64: =G64+'2'!H64 -> 1192.6 | J64: =H64/DAY(B2) -> 397.53333
A65: 12th Floor | D65: KWh | E65: ='2'!F65 -> 109868.56 | F65: 110258.57 | G65: =F65-E65 -> 390.01 | H65: =G65+'2'!H65 -> 1214.45 | J65: =H65/DAY(B2) -> 404.81667
A66: 20th Floor | D66: KWh | E66: ='2'!F66 -> 3244.35 | F66: 3638.67 | G66: =F66-E66 -> 394.32 | H66: =G66+'2'!H66 -> 1216.58 | J66: =H66/DAY(B2) -> 405.52667
A67: 27th Floor | D67: KWh | E67: ='2'!F67 -> 169631 | F67: 170282.57 | G67: =F67-E67 -> 651.57 | H67: =G67+'2'!H67 -> 2041.22 | J67: =H67/DAY(B2) -> 680.40667
A68: 34th Floor | D68: KWh | E68: ='2'!F68 -> 54229 | F68: 54498 | G68: =F68-E68 -> 269 | H68: =G68+'2'!H68 -> 874.1 | J68: =H68/DAY(B2) -> 291.36667
A69: Sanqi | D69: KWh | E69: ='2'!F69 -> 47108 | F69: 47402 | G69: =F69-E69 -> 294 | H69: =G69+'2'!H69 -> 882.57 | J69: =H69/DAY(B2) -> 294.19
A70: Consumption of Extra AHU run | D70: KWh
A71: Kitchen consumption
A72: Main kitchen power panel no 1 | D72: KWh | E72: ='2'!F72 -> 846567 | F72: 846643 | G72: =F72-E72 -> 76 | H72: =G72+'2'!H72 -> 243 | J72: =H72/DAY(B2) -> 81
A73: Main kitchen power panel no 2 | D73: KWh | E73: ='2'!F73 -> 885675 | F73: 885676 | G73: =F73-E73 -> 1 | H73: =G73+'2'!H73 -> 3 | J73: =H73/DAY(B2) -> 1
A74: Prato kitchen power panel | D74: KWh | E74: ='2'!F74 -> 881408 | F74: 881444 | G74: =F74-E74 -> 36 | H74: =G74+'2'!H74 -> 129 | J74: =H74/DAY(B2) -> 43
A75: San- Qi Indian Kitchen | D75: KWh | E75: ='2'!F75 -> 732023 | F75: 732211 | G75: =F75-E75 -> 188 | H75: =G75+'2'!H75 -> 570 | J75: =H75/DAY(B2) -> 190
A76: San- Qi Japanese Kitchen | D76: KWh | E76: ='2'!F76 -> 684438 | F76: 684535 | G76: =F76-E76 -> 97 | H76: =G76+'2'!H76 -> 269 | J76: =H76/DAY(B2) -> 89.666667
A77: The club kitchen | D77: KWh | E77: ='2'!F77 -> 695516 | F77: 695572 | G77: =F77-E77 -> 56 | H77: =G77+'2'!H77 -> 178 | J77: =H77/DAY(B2) -> 59.333333
A78: AER Kitchen | D78: KWh | E78: ='2'!F78 -> 631507 | F78: 631898 | G78: =F78-E78 -> 391 | H78: =G78+'2'!H78 -> 1125 | J78: =H78/DAY(B2) -> 375
A79: COLD ROOM'S | D79: KWh | E79: ='2'!F79 -> 804230 | F79: 804418 | G79: =F79-E79 -> 188 | H79: =G79+'2'!H79 -> 575 | J79: =H79/DAY(B2) -> 191.66667
A80: Ball Room 1 kitchen | D80: KWh | E80: ='2'!F80 -> 476152 | F80: 476509.64 | G80: =F80-E80 -> 357.64 | H80: =G80+'2'!H80 -> 978.64 | J80: =H80/DAY(B2) -> 326.21333
A81: Ball Room 2 kitchen | D81: KWh | E81: ='2'!F81 -> 619506 | F81: 619653.64 | G81: =F81-E81 -> 147.64 | H81: =G81+'2'!H81 -> 399.64 | J81: =H81/DAY(B2) -> 133.21333
A82: B1 Laundry | D82: kwh | E82: ='2'!F82 -> 104472.84 | F82: 104501.52 | G82: =F82-E82 -> 28.68 | H82: =G82+'2'!H82 -> 63.52 | J82: =H82/DAY(B2) -> 21.173333
A83: STP Electrical | D83: kwh | E83: ='2'!F83 -> 974197 | F83: 974584 | G83: =F83-E83 -> 387 | H83: =G83+'2'!H83 -> 1113 | J83: =H83/DAY(B2) -> 371
A84: Cooling Tower | D84: kwh | E84: ='2'!F84 -> 398126 | F84: 398615 | G84: =F84-E84 -> 489 | H84: =G84+'2'!H84 -> 1419 | J84: =H84/DAY(B2) -> 473
A85: Total | G85: =SUM(G71:G84) -> 2442.96 | H85: =G85+'2'!H85 -> 5219.8 | J85: =H85/DAY(B2) -> 1739.9333
A86: MOCK Up Room | D86: Kwh | E86: ='2'!F86 -> 444384 | F86: 444442 | G86: =F86-E86 -> 58 | H86: =G86+'2'!H86 -> 110 | J86: =H86/DAY(B2) -> 36.666667
A87: 27th Floor | D87: Kwh | E87: ='2'!F87 -> 77772.8 | F87: 77778.7 | G87: =F87-E87 -> 5.9 | H87: =G87+'2'!H87 -> 15.7 | J87: =H87/DAY(B2) -> 5.2333333
A88: Physic57 | D88: Kwh | E88: ='2'!F88 -> 144642.57 | F88: 144679 | G88: =F88-E88 -> 36.43 | H88: =G88+'2'!H88 -> 95 | J88: =H88/DAY(B2) -> 31.666667
A89: Pinoor Legal- Lighting | D89: Kwh | E89: 57800 | F89: 57858 | G89: =F89-E89 -> 58 | H89: =G89+'2'!H89 -> 168.9 | J89: =H89/DAY(B2) -> 56.3 | K89: =I89/DAY(C3) -> #VALUE!
A90: Pinoor Legal- Lighting | D90: Kwh | E90: 2984 | F90: 2986 | G90: =F90-E90 -> 2 | H90: =G90+'2'!H90 -> 3.4 | J90: =H90/DAY(B2) -> 1.1333333 | K90: =I90/DAY(C4) -> #VALUE!
A91: WATER
A92: R.o.plant | D92: KL | E92: ='2'!F92 -> 234121 | F92: 234196 | G92: =F92-E92 -> 75 | H92: =G92+'2'!H92 -> 294 | J92: =H92/DAY(B2) -> 98
A93: STP Water Prod | D93: KL | E93: ='2'!F93 -> 167207 | F93: 167365 | G93: =F93-E93 -> 158 | H93: =G93+'2'!H93 -> 449 | J93: =H93/DAY(B2) -> 149.66667
A94: Total water Produce | G94: =G92+G93 -> 233 | H94: =G94+'2'!H94 -> 469 | J94: =H94/DAY(B2) -> 156.33333
A95: Domestic Zone-1 | D95: KL | E95: ='2'!F95 -> 403796 | F95: 403856 | G95: =F95-E95 -> 60 | H95: =G95+'2'!H95 -> 191 | J95: =H95/DAY(B2) -> 63.666667
A96: Domestic Zone-2 | D96: KL | E96: ='2'!F96 -> 99970 | F96: 99990 | G96: =F96-E96 -> 20 | H96: =G96+'2'!H96 -> 69 | J96: =H96/DAY(B2) -> 23
A97: Domestic Zone-3 | D97: KL | E97: ='2'!F97 -> 95087 | F97: 95104 | G97: =F97-E97 -> 17 | H97: =G97+'2'!H97 -> 77 | J97: =H97/DAY(B2) -> 25.666667
A98: Flush Zone -1 | D98: KL | E98: ='2'!F98 -> 143916 | F98: 143950 | G98: =F98-E98 -> 34 | H98: =G98+'2'!H98 -> 143 | J98: =H98/DAY(B2) -> 47.666667
A99: Flush Zone -2 | D99: KL | E99: ='2'!F99 -> 5541 | F99: 5549 | G99: =F99-E99 -> 8 | H99: =G99+'2'!H99 -> 47 | J99: =H99/DAY(B2) -> 15.666667
A100: Flush Zone -3 | D100: KL | E100: ='2'!F100 -> 3986 | F100: 3996 | G100: =F100-E100 -> 10 | H100: =G100+'2'!H100 -> 32 | J100: =H100/DAY(B2) -> 10.666667
...

Sheet 4
A1: Daily Utility Consumption Report
A2: Prepaired by-- Nilesh | B2: 44200 | C2: occupancy | D2: 0.21 | G2: Occupancy% | H2: Electricity | I2: Water | J2: Gas
C3: Avg temp | D3: 28 | E3: Last year same month avg
C4: humidity | D4: 0.8
A5: Description | D5: Unit | E5: Yesterday | F5: Today | G5: units.consum | H5: MTD | I5: Budgeted | J5: Average/Day
A6: ELECTRICAL CONSUMPTION
A7: BEST Supply 11KV | D7: kwh | E7: ='3'!F7 -> 3345489 | F7: 3363965 | G7: =F7-E7 -> 18476 | H7: =G7+'3'!H7 -> 77525 | I7: ='1'!I7 -> 12000 | J7: =H7/DAY(B2) -> 19381.25
A8: BEST supply | D8: KVAH | E8: ='3'!F8 -> 3365919 | F8: 3384591 | G8: =F8-E8 -> 18672 | H8: =G8+'3'!H8 -> 78219 | I8: 12000 | J8: =H8/DAY(B2) -> 19554.75 | N8: =G7/G8 -> 0.989503
A9: Transformer - 1 - 2500KVA | D9: kwh | E9: ='3'!F9 -> 2412830 | F9: 2415346 | G9: =F9-E9 -> 2516 | H9: =G9+'3'!H9 -> 10131 | I9: =I8-J8 -> -7554.75 | J9: =H9/DAY(B2) -> 2532.75
A10: Transformer - 2 -2500KVA | D10: kwh | E10: ='3'!F10 -> 799754 | F10: 815019.83 | G10: =F10-E10 -> 15265.83 | H10: =G10+'3'!H10 -> 64497.92 | J10: =H10/DAY(B2) -> 16124.48
A11: DG set- 1 - 1425KVA | D11: kwh | E11: ='3'!F11 -> 35390 | F11: 35390 | G11: =F11-E11 -> 0 | H11: =G11+'3'!H11 -> 0 | J11: =H11/DAY(B2) -> 0
A12: DG set- 2 - 1425KVA | D12: kwh | E12: ='3'!F12 -> 37630 | F12: 37630 | G12: =F12-E12 -> 0 | H12: =G12+'3'!H12 -> 0 | J12: =H12/DAY(B2) -> 0
A13: SubTotal | G13: =G9+G10+G11+G12 -> 17781.83 | H13: =G13+'3'!H13 -> 74628.92 | I13: =G7-G13 -> 694.17 | J13: =H13/DAY(B2) -> 18657.23
A14: GAS CONSUMPTION
A15: Gas consumption | D15: m3 | E15: ='3'!F15 -> 1571246.3 | F15: 1572004 | G15: =(F15-E15) -> 757.69 | H15: =G15+'3'!H15 -> 3089.9 | I15: 800 | J15: =H15/DAY(B2) -> 772.475
I16: =I15-J15 -> 27.525
A17: WATER CONSUMPTION
A18: Tankers | D18: KL | E18: ='3'!F18 -> 12 | F18: 10 | G18: =F18*10 -> 100 | H18: =G18+'3'!H18 -> 490 | I18: ='1'!I18 -> 65 | J18: =H18/DAY(B2) -> 122.5
A19: BMC | D19: KL | E19: ='3'!F19 -> 131642 | F19: 131695 | G19: =F19-E19 -> 53 | H19: =G19+'3'!H19 -> 202 | J19: =H19/DAY(B2) -> 50.5
A20: Total water | G20: =G18+G19 -> 153 | H20: =G20+'3'!H20 -> 692 | I20: =I18-J20 -> -108 | J20: =H20/DAY(B2) -> 173
A21: DIESEL CONSUMPTION
A22: Boiler House (H.S.D) | D22: L | E22: ='3'!F22 -> 2250 | F22: 2250 | G22: =(F22-E22) -> 0 | H22: =G22+'3'!H22 -> 0 | J22: =H22/DAY(B2) -> 0 | M22: `
A23: D-G Set (H.S.D) | D23: L | E23: ='3'!F23 -> 2000 | F23: 2000 | G23: 0 | H23: =G23+'3'!H23 -> 0 | J23: =H23/DAY(B2) -> 0
A24: Total HSD (H.S.D.) Stock | D24: L | E24: ='3'!F24 -> 4250 | F24: 4250 | G24: 0 | H24: =G24+'3'!H24 -> 0 | J24: =H24/DAY(B2) -> 0
A25: TOTAL CONSUMPTION UNIT &COST
A26: Utilities | D26: Units
A27: Electricity | D27: KVAH | E27: =G8 -> 18672 | F27: 9 | G27: =E27*F27 -> 168048 | H27: =G27+'3'!H27 -> 703971 | J27: =H27/DAY(B2) -> 175992.75
A28: C.N.G | D28: Cu.Mtr | E28: =G15 -> 757.69 | F28: 41 | G28: =E28*F28 -> 31065.29 | H28: =G28+'3'!H28 -> 126685.9 | J28: =H28/DAY(B2) -> 31671.475
A29: H.S.D | D29: Ltr | E29: =G24 -> 0 | F29: 69 | G29: =E29*F29 -> 0 | H29: =G29+'3'!H29 -> 0 | J29: =H29/DAY(B2) -> 0
A30: Water BMC | D30: Kl | E30: =G19 -> 53 | F30: 134 | G30: =E30*F30 -> 7102 | H30: =G30+'3'!H30 -> 27068 | J30: =H30/DAY(B2) -> 6767
A31: Water Tanker | D31: KL | E31: =G18 -> 100 | F31: 80 | G31: =E31*F31 -> 8000 | H31: =G31+'3'!H31 -> 39200 | J31: =H31/DAY(B2) -> 9800
A32: Total cost | G32: =G27+G28+G29+G30+G31 -> 214215.29 | H32: =G32+'3'!H32 -> 896924.9
A33: BRANCH READINGS & CONSUMPTION
A34: Transformer No 1 (Sub Feeders)
A35: Main HVAC Power Panel- 800A | D35: kwh | E35: ='3'!F35 -> 629027 | F35: 629027 | G35: =F35-E35 -> 0 | H35: =G35+'3'!H35 -> 0 | J35: =H35/DAY(B2) -> 0
A36: Main Panel BALLROOM LVL-2 -2000A | D36: kwh | E36: ='3'!F36 -> 257025.81 | F36: 257661 | G36: =F36-E36 -> 635.19 | H36: =G36+'3'!H36 -> 2569.93 | J36: =H36/DAY(B2) -> 642.4825
A37: Fire Emergency Power Panel - 1000A | D37: kwh | E37: ='3'!F37 -> 415066 | F37: 415066 | G37: =F37-E37 -> 0 | H37: =G37+'3'!H37 -> 0 | J37: =H37/DAY(B2) -> 0
A38: Main Power Panel -1600A | D38: kwh | E38: ='3'!F38 -> 150714 | F38: 150714.38 | G38: =F38-E38 -> 0.38 | H38: =G38+'3'!H38 -> 0.38 | J38: =H38/DAY(B2) -> 0.095
A39: Main Lighting and Small power Panel | D39: kwh | E39: ='3'!F39 -> 912480 | F39: 912480 | G39: =F39-E39 -> 0 | H39: =G39+'3'!H39 -> 0 | J39: =H39/DAY(B2) -> 0
A40: Capacitor Bank -1 1100KVAR- 2500A | D40: kwh | E40: ='3'!F40 -> 0.17 | F40: 0.17 | G40: =F40-E40 -> 0 | H40: =G40+'3'!H40 -> 0 | J40: =H40/DAY(B2) -> 0
A41: Chiller No 1 | D41: kwh | E41: ='3'!F41 -> 300127.9 | F41: 300127.9 | G41: =F41-E41 -> 0 | H41: =G41+'3'!H41 -> -0.05 | J41: =H41/DAY(B2) -> -0.0125
A42: Chiller No 2- | D42: kwh | E42: ='3'!F42 -> 58926.09 | F42: 58926 | G42: =F42-E42 -> -0.09 | H42: =G42+'3'!H42 -> -0.09 | J42: =H42/DAY(B2) -> -0.0225
A43: Chiller Water pump Panel- 630A | D43: kwh | E43: ='3'!F43 -> 704258.79 | F43: 706250 | G43: =F43-E43 -> 1991.21 | H43: =G43+'3'!H43 -> 7996.57 | J43: =H43/DAY(B2) -> 1999.1425
A44: Co-Genrator | D44: kwh | E44: ='3'!F44 -> 0 | F44: 0 | G44: =F44-E44 -> 0 | H44: =G44+'3'!H44 -> 0 | J44: =H44/DAY(B2) -> 0
A45: Lawn Pantry | D45: kwh | E45: ='3'!F45 -> 614 | F45: 614 | G45: =F45-E45 -> 0 | H45: =G45+'3'!H45 -> -0.48 | J45: =H45/DAY(B2) -> -0.12
A46: Pavilion Power | D46: kwh | E46: ='3'!F46 -> 187 | F46: 187 | G46: =F46-E46 -> 0 | H46: =G46+'3'!H46 -> -0.49 | J46: =H46/DAY(B2) -> -0.1225
A47: Sub Total | G47: =G35+G36+G37+G38+G39+G40+G41+G42+G43+G44+G45+G46 -> 2626.69 | H47: =G47+'3'!H47 -> 10565.77 | J47: =H47/DAY(B2) -> 2641.4425
A48: Transformer No 2 (Sub Feeders)
A49: Main HVAC Power Panel- 800A | D49: kwh | E49: ='3'!F49 -> 158137.44 | F49: 161124 | G49: =F49-E49 -> 2986.56 | H49: =G49+'3'!H49 -> 11565 | J49: =H49/DAY(B2) -> 2891.25
A50: Main MV PanelBALLROOM LVL-1- 2000A | D50: kwh | E50: ='3'!F50 -> 338225.67 | F50: 339156 | G50: =F50-E50 -> 930.33 | H50: =G50+'3'!H50 -> 4255.57 | J50: =H50/DAY(B2) -> 1063.8925
A51: Fire Emergency Power Panel - 1000A | D51: kwh | E51: ='3'!F51 -> 68973.59 | F51: 70355 | G51: =F51-E51 -> 1381.41 | H51: =G51+'3'!H51 -> 5647.89 | J51: =H51/DAY(B2) -> 1411.9725
A52: Main Power Panel -1800A | D52: kwh | E52: ='3'!F52 -> 439452 | F52: 441314 | G52: =F52-E52 -> 1862 | H52: =G52+'3'!H52 -> 8134.37 | J52: =H52/DAY(B2) -> 2033.5925
A53: Main Lighting and Small power Panel | D53: kwh | E53: ='3'!F53 -> 189165.79 | F53: 193064 | G53: =F53-E53 -> 3898.21 | H53: =G53+'3'!H53 -> 16462.03 | J53: =H53/DAY(B2) -> 4115.5075
A54: Capacitor Bank -2 1200KVAR- 2500A | D54: kwh | E54: ='3'!F54 -> 4771 | F54: 4828.52 | G54: =F54-E54 -> 57.52 | H54: =G54+'3'!H54 -> 238.98 | J54: =H54/DAY(B2) -> 59.745
A55: Chiller No -3 - 1200A | D55: kwh | E55: ='3'!F55 -> 158492.73 | F55: 158492.73 | G55: =F55-E55 -> 0 | H55: =G55+'3'!H55 -> -0.27 | J55: =H55/DAY(B2) -> -0.0675
A56: Chiller No-4 - 1200A | D56: Kwh | E56: ='3'!F56 -> 527088 | F56: 531105 | G56: =F56-E56 -> 4017 | H56: =G56+'3'!H56 -> 17893.25 | J56: =H56/DAY(B2) -> 4473.3125
A57: Chiller Water pump Panel- 630A | D57: kwh | E57: ='3'!F57 -> 0 | F57: 0 | G57: =F57-E57 -> 0 | H57: =G57+'3'!H57 -> 0 | J57: =H57/DAY(B2) -> 0
A58: B2-Loundry power panel | D58: kwh | E58: ='3'!F58 -> 25496.5 | F58: 25728 | G58: =F58-E58 -> 231.5 | H58: =G58+'3'!H58 -> 687.59 | J58: =H58/DAY(B2) -> 171.8975
A59: Sub Total | G59: =G49+G50+G51+G52+G53+G54+G55+G56+G57+G58 -> 15364.53 | H59: =G59+'3'!H59 -> 64884.41 | I59: =G7-G60 -> 484.78 | J59: =H59/DAY(B2) -> 16221.103
D60: Total TR1 & TR2 | G60: =G47+G59 -> 17991.22 | H60: =G60+'3'!H60 -> 75450.18 | I60: =G13-G60 -> -209.39 | J60: =H60/DAY(B2) -> 18862.545
A61: Floor lighting & Power consumption
A62: 2nd floor plant room | D62: KWh | E62: ='3'!F62 -> 20419.189 | F62: 20419.188 | G62: =F62-E62 -> -0.001 | H62: =G62+'3'!H62 -> 0.008 | J62: =H62/DAY(B2) -> 0.002
A63: 5th floor spa | D63: KWh | E63: ='3'!F63 -> 1120.62 | F63: 1125 | G63: =F63-E63 -> 4.38 | H63: =G63+'3'!H63 -> 17.09 | J63: =H63/DAY(B2) -> 4.2725
A64: 5th Floor | D64: KWh | E64: ='3'!F64 -> 99616 | F64: 100009.83 | G64: =F64-E64 -> 393.83 | H64: =G64+'3'!H64 -> 1586.43 | J64: =H64/DAY(B2) -> 396.6075
A65: 12th Floor | D65: KWh | E65: ='3'!F65 -> 110258.57 | F65: 110635 | G65: =F65-E65 -> 376.43 | H65: =G65+'3'!H65 -> 1590.88 | J65: =H65/DAY(B2) -> 397.72
A66: 20th Floor | D66: KWh | E66: ='3'!F66 -> 3638.67 | F66: 4002.58 | G66: =F66-E66 -> 363.91 | H66: =G66+'3'!H66 -> 1580.49 | J66: =H66/DAY(B2) -> 395.1225
A67: 27th Floor | D67: KWh | E67: ='3'!F67 -> 170282.57 | F67: 170891.69 | G67: =F67-E67 -> 609.12 | H67: =G67+'3'!H67 -> 2650.34 | J67: =H67/DAY(B2) -> 662.585
A68: 34th Floor | D68: KWh | E68: ='3'!F68 -> 54498 | F68: 54780.69 | G68: =F68-E68 -> 282.69 | H68: =G68+'3'!H68 -> 1156.79 | J68: =H68/DAY(B2) -> 289.1975
A69: Sanqi | D69: KWh | E69: ='3'!F69 -> 47402 | F69: 47694 | G69: =F69-E69 -> 292 | H69: =G69+'3'!H69 -> 1174.57 | J69: =H69/DAY(B2) -> 293.6425
A70: Consumption of Extra AHU run | D70: KWh | H70: =G70+'3'!H70 -> 0 | J70: =H70/DAY(B2) -> 0
A71: Kitchen consumption
A72: Main kitchen power panel no 1 | D72: KWh | E72: ='3'!F72 -> 846643 | F72: 846707 | G72: =F72-E72 -> 64 | H72: =G72+'3'!H72 -> 307 | J72: =H72/DAY(B2) -> 76.75
A73: Main kitchen power panel no 2 | D73: KWh | E73: ='3'!F73 -> 885676 | F73: 885676 | G73: =F73-E73 -> 0 | H73: =G73+'3'!H73 -> 3 | J73: =H73/DAY(B2) -> 0.75
A74: Prato kitchen power panel | D74: KWh | E74: ='3'!F74 -> 881444 | F74: 881478 | G74: =F74-E74 -> 34 | H74: =G74+'3'!H74 -> 163 | J74: =H74/DAY(B2) -> 40.75
A75: San- Qi Indian Kitchen | D75: KWh | E75: ='3'!F75 -> 732211 | F75: 732369 | G75: =F75-E75 -> 158 | H75: =G75+'3'!H75 -> 728 | J75: =H75/DAY(B2) -> 182
A76: San- Qi Japanese Kitchen | D76: KWh | E76: ='3'!F76 -> 684535 | F76: 684599 | G76: =F76-E76 -> 64 | H76: =G76+'3'!H76 -> 333 | J76: =H76/DAY(B2) -> 83.25
A77: The club kitchen | D77: KWh | E77: ='3'!F77 -> 695572 | F77: 695626 | G77: =F77-E77 -> 54 | H77: =G77+'3'!H77 -> 232 | J77: =H77/DAY(B2) -> 58
A78: AER Kitchen | D78: KWh | E78: ='3'!F78 -> 631898 | F78: 632234 | G78: =F78-E78 -> 336 | H78: =G78+'3'!H78 -> 1461 | J78: =H78/DAY(B2) -> 365.25
A79: COLD ROOM'S | D79: KWh | E79: ='3'!F79 -> 804418 | F79: 804591 | G79: =F79-E79 -> 173 | H79: =G79+'3'!H79 -> 748 | J79: =H79/DAY(B2) -> 187
A80: Ball Room 1 kitchen | D80: KWh | E80: ='3'!F80 -> 476509.64 | F80: 476803 | G80: =F80-E80 -> 293.36 | H80: =G80+'3'!H80 -> 1272 | J80: =H80/DAY(B2) -> 318
A81: Ball Room 2 kitchen | D81: KWh | E81: ='3'!F81 -> 619653.64 | F81: 619777 | G81: =F81-E81 -> 123.36 | H81: =G81+'3'!H81 -> 523 | J81: =H81/DAY(B2) -> 130.75
A82: B1 Laundry | D82: kwh | E82: ='3'!F82 -> 104501.52 | F82: 104525 | G82: =F82-E82 -> 23.48 | H82: =G82+'3'!H82 -> 87 | J82: =H82/DAY(B2) -> 21.75
A83: STP Electrical | D83: kwh | E83: ='3'!F83 -> 974584 | F83: 974830 | G83: =F83-E83 -> 246 | H83: =G83+'3'!H83 -> 1359 | J83: =H83/DAY(B2) -> 339.75
A84: Cooling Tower | D84: kwh | E84: ='3'!F84 -> 398615 | F84: 399142 | G84: =F84-E84 -> 527 | H84: =G84+'3'!H84 -> 1946 | J84: =H84/DAY(B2) -> 486.5
A85: Total | G85: =SUM(G71:G84) -> 2096.2 | H85: =G85+'3'!H85 -> 7316 | J85: =H85/DAY(B2) -> 1829
A86: MOCK Up Room | D86: Kwh | E86: ='3'!F86 -> 444442 | F86: 444575 | G86: =F86-E86 -> 133 | H86: =G86+'3'!H86 -> 243 | J86: =H86/DAY(B2) -> 60.75
A87: 27th Floor | D87: Kwh | E87: ='3'!F87 -> 77778.7 | F87: 77800.8 | G87: =F87-E87 -> 22.1 | H87: =G87+'3'!H87 -> 37.8 | J87: =H87/DAY(B2) -> 9.45
A88: Physic57 | D88: Kwh | E88: ='3'!F88 -> 144679 | F88: 144734.87 | G88: =F88-E88 -> 55.87 | H88: =G88+'3'!H88 -> 150.87 | J88: =H88/DAY(B2) -> 37.7175
A89: Pinoor Legal- Lighting | D89: Kwh | E89: ='3'!F89 -> 57858 | F89: 57920 | G89: =F89-E89 -> 62 | H89: =G89+'3'!H89 -> 230.9 | J89: =H89/DAY(B2) -> 57.725
A90: Pinoor Legal- Lighting | D90: Kwh | E90: ='3'!F90 -> 2986 | F90: 2989 | G90: =F90-E90 -> 3 | H90: =G90+'3'!H90 -> 6.4 | J90: =H90/DAY(B2) -> 1.6
A91: WATER
A92: R.o.plant | D92: KL | E92: ='3'!F92 -> 234196 | F92: 234248 | G92: =F92-E92 -> 52 | H92: =G92+'3'!H92 -> 346 | J92: =H92/DAY(B2) -> 86.5
A93: STP Water Prod | D93: KL | E93: ='3'!F93 -> 167365 | F93: 167456 | G93: =F93-E93 -> 91 | H93: =G93+'3'!H93 -> 540 | J93: =H93/DAY(B2) -> 135
A94: Total water Produce | G94: =G92+G93 -> 143 | H94: =G94+'3'!H94 -> 612 | J94: =H94/DAY(B2) -> 153
A95: Domestic Zone-1 | D95: KL | E95: ='3'!F95 -> 403856 | F95: 403924 | G95: =F95-E95 -> 68 | H95: =G95+'3'!H95 -> 259 | J95: =H95/DAY(B2) -> 64.75
A96: Domestic Zone-2 | D96: KL | E96: ='3'!F96 -> 99990 | F96: 100004 | G96: =F96-E96 -> 14 | H96: =G96+'3'!H96 -> 83 | J96: =H96/DAY(B2) -> 20.75
A97: Domestic Zone-3 | D97: KL | E97: ='3'!F97 -> 95104 | F97: 95119 | G97: =F97-E97 -> 15 | H97: =G97+'3'!H97 -> 92 | J97: =H97/DAY(B2) -> 23
A98: Flush Zone -1 | D98: KL | E98: ='3'!F98 -> 143950 | F98: 144045 | G98: =F98-E98 -> 95 | H98: =G98+'3'!H98 -> 238 | J98: =H98/DAY(B2) -> 59.5
A99: Flush Zone -2 | D99: KL | E99: ='3'!F99 -> 5549 | F99: 5559 | G99: =F99-E99 -> 10 | H99: =G99+'3'!H99 -> 57 | J99: =H99/DAY(B2) -> 14.25
A100: Flush Zone -3 | D100: KL | E100: ='3'!F100 -> 3996 | F100: 3999 | G100: =F100-E100 -> 3 | H100: =G100+'3'!H100 -> 35 | J100: =H100/DAY(B2) -> 8.75
...

Sheet 5
A1: Daily Utility Consumption Report
A2: Prepaired by --- Nilesh | B2: 44201 | C2: occupancy | D2: 0.23 | G2: Occupancy% | H2: Electricity | I2: Water | J2: Gas
C3: Avg temp | D3: 22 | E3: Last year same month avg
C4: humidity | D4: 0.78
A5: Description | D5: Unit | E5: Yesterday | F5: Today | G5: units.consum | H5: MTD | I5: Budgeted | J5: Average/Day
A6: ELECTRICAL CONSUMPTION
A7: BEST Supply 11KV | D7: kwh | E7: ='4'!F7 -> 3363965 | F7: 3381796 | G7: =F7-E7 -> 17831 | H7: =G7+'4'!H7 -> 95356 | I7: ='1'!I7 -> 12000 | J7: =H7/DAY(B2) -> 19071.2
A8: BEST supply | D8: KVAH | E8: ='4'!F8 -> 3384591 | F8: 3402673 | G8: =F8-E8 -> 18082 | H8: =G8+'4'!H8 -> 96301 | I8: 12000 | J8: =H8/DAY(B2) -> 19260.2
A9: Transformer - 1 - 2500KVA | D9: kwh | E9: ='4'!F9 -> 2415346 | F9: 2418083 | G9: =F9-E9 -> 2737 | H9: =G9+'4'!H9 -> 12868 | I9: =I8-J8 -> -7260.2 | J9: =H9/DAY(B2) -> 2573.6
A10: Transformer - 2 -2500KVA | D10: kwh | E10: ='4'!F10 -> 815019.83 | F10: 829449 | G10: =F10-E10 -> 14429.17 | H10: =G10+'4'!H10 -> 78927.09 | J10: =H10/DAY(B2) -> 15785.418 | N10: 108
A11: DG set- 1 - 1425KVA | D11: kwh | E11: ='4'!F11 -> 35390 | F11: 35390 | G11: =F11-E11 -> 0 | H11: =G11+'4'!H11 -> 0 | J11: =H11/DAY(B2) -> 0 | N11: 28
A12: DG set- 2 - 1425KVA | D12: kwh | E12: ='4'!F12 -> 37630 | F12: 37630 | G12: =F12-E12 -> 0 | H12: =G12+'4'!H12 -> 0 | J12: =H12/DAY(B2) -> 0 | N12: 342
A13: SubTotal | G13: =G9+G10+G11+G12 -> 17166.17 | H13: =G13+'4'!H13 -> 91795.09 | I13: =G7-G13 -> 664.83 | J13: =H13/DAY(B2) -> 18359.018 | N13: 349
A14: GAS CONSUMPTION | N14: 432
A15: Gas consumption | D15: m3 | E15: ='4'!F15 -> 1572004 | F15: 1572530 | G15: =F15-E15 -> 526 | H15: =G15+'4'!H15 -> 3615.9 | I15: 800 | J15: =H15/DAY(B2) -> 723.18
I16: =I15-J15 -> 76.82
A17: WATER CONSUMPTION
A18: Tankers | D18: KL | E18: ='4'!F18 -> 10 | F18: 8 | G18: =F18*10 -> 80 | H18: =G18+'4'!H18 -> 570 | I18: ='1'!I18 -> 65 | J18: =H18/DAY(B2) -> 114
A19: BMC | D19: KL | E19: ='4'!F19 -> 131695 | F19: 131747 | G19: =F19-E19 -> 52 | H19: =G19+'4'!H19 -> 254 | J19: =H19/DAY(B2) -> 50.8
A20: Total water | G20: =G18+G19 -> 132 | H20: =G20+'4'!H20 -> 824 | I20: =I18-J20 -> -99.8 | J20: =H20/DAY(B2) -> 164.8
A21: DIESEL CONSUMPTION
A22: Boiler House (H.S.D) | D22: L | E22: ='4'!F22 -> 2250 | F22: 2250 | G22: =(F22-E22) -> 0 | H22: =G22+'4'!H22 -> 0 | J22: =H22/DAY(B2) -> 0
A23: D-G Set (H.S.D) | D23: L | E23: ='4'!F23 -> 2000 | F23: 2000 | G23: 0 | H23: =G23+'4'!H23 -> 0 | J23: =H23/DAY(B2) -> 0
A24: Total HSD (H.S.D.) Stock | D24: L | E24: ='4'!F24 -> 4250 | F24: 4250 | G24: 0 | H24: =G24+'4'!H24 -> 0 | J24: =H24/DAY(B2) -> 0
A25: TOTAL CONSUMPTION UNIT &COST
A26: Utilities | D26: Units
A27: Electricity | D27: KVAH | E27: =G8 -> 18082 | F27: 9 | G27: =E27*F27 -> 162738 | H27: =G27+'4'!H27 -> 866709 | J27: =H27/DAY(B2) -> 173341.8
A28: C.N.G | D28: Cu.Mtr | E28: =G15 -> 526 | F28: 38.64 | G28: =E28*F28 -> 20324.64 | H28: =G28+'4'!H28 -> 147010.54 | J28: =H28/DAY(B2) -> 29402.108
A29: H.S.D | D29: Ltr | E29: =G24 -> 0 | F29: 69 | G29: =E29*F29 -> 0 | H29: =G29+'4'!H29 -> 0 | J29: =H29/DAY(B2) -> 0
A30: Water BMC | D30: Kl | E30: =G19 -> 52 | F30: 134 | G30: =E30*F30 -> 6968 | H30: =G30+'4'!H30 -> 34036 | J30: =H30/DAY(B2) -> 6807.2
A31: Water Tanker | D31: KL | E31: =G18 -> 80 | F31: 80 | G31: =E31*F31 -> 6400 | H31: =G31+'4'!H31 -> 45600 | J31: =H31/DAY(B2) -> 9120
A32: Total cost | G32: =G27+G28+G29+G30+G31 -> 196430.64 | H32: =G32+'4'!H32 -> 1093355.5 | J32: =H32/DAY(B2) -> 218671.11
A33: BRANCH READINGS & CONSUMPTION
A34: Transformer No 1 (Sub Feeders)
A35: Main HVAC Power Panel- 800A | D35: kwh | E35: ='4'!F35 -> 629027 | F35: 629027 | G35: =F35-E35 -> 0 | H35: =G35+'4'!H35 -> 0 | J35: =H35/DAY(B2) -> 0
A36: Main Panel BALLROOM LVL-2 -2000A | D36: kwh | E36: ='4'!F36 -> 257661 | F36: 258477.73 | G36: =F36-E36 -> 816.73 | H36: =G36+'4'!H36 -> 3386.66 | J36: =H36/DAY(B2) -> 677.332
A37: Fire Emergency Power Panel - 1000A | D37: kwh | E37: ='4'!F37 -> 415066 | F37: 415066 | G37: =F37-E37 -> 0 | H37: =G37+'4'!H37 -> 0 | J37: =H37/DAY(B2) -> 0
A38: Main Power Panel -1600A | D38: kwh | E38: ='4'!F38 -> 150714.38 | F38: 150714.38 | G38: =F38-E38 -> 0 | H38: =G38+'4'!H38 -> 0.38 | J38: =H38/DAY(B2) -> 0.076
A39: Main Lighting and Small power Panel | D39: kwh | E39: ='4'!F39 -> 912480 | F39: 912480 | G39: =F39-E39 -> 0 | H39: =G39+'4'!H39 -> 0 | J39: =H39/DAY(B2) -> 0
A40: Capacitor Bank -1 1100KVAR- 2500A | D40: kwh | E40: ='4'!F40 -> 0.17 | F40: 0.17 | G40: =F40-E40 -> 0 | H40: =G40+'4'!H40 -> 0 | J40: =H40/DAY(B2) -> 0
A41: Chiller No 1 | D41: kwh | E41: ='4'!F41 -> 300127.9 | F41: 300127.9 | G41: =F41-E41 -> 0 | H41: =G41+'4'!H41 -> -0.05 | J41: =H41/DAY(B2) -> -0.01
A42: Chiller No 2- | D42: kwh | E42: ='4'!F42 -> 58926 | F42: 58926 | G42: =F42-E42 -> 0 | H42: =G42+'4'!H42 -> -0.09 | J42: =H42/DAY(B2) -> -0.018
A43: Chiller Water pump Panel- 630A | D43: kwh | E43: ='4'!F43 -> 706250 | F43: 708282.87 | G43: =F43-E43 -> 2032.87 | H43: =G43+'4'!H43 -> 10029.44 | J43: =H43/DAY(B2) -> 2005.888
A44: Co-Genrator | D44: kwh | E44: ='4'!F44 -> 0 | F44: 0 | G44: =F44-E44 -> 0 | H44: =G44+'4'!H44 -> 0 | J44: =H44/DAY(B2) -> 0
A45: Lawn Pantry | D45: kwh | E45: ='4'!F45 -> 614 | F45: 614 | G45: =F45-E45 -> 0 | H45: =G45+'4'!H45 -> -0.48 | J45: =H45/DAY(B2) -> -0.096
A46: Pavilion Power | D46: kwh | E46: ='4'!F46 -> 187 | F46: 187 | G46: =F46-E46 -> 0 | H46: =G46+'4'!H46 -> -0.49 | J46: =H46/DAY(B2) -> -0.098
A47: Sub Total | G47: =G35+G36+G37+G38+G39+G40+G41+G42+G43+G44+G45+G46 -> 2849.6 | H47: =G47+'4'!H47 -> 13415.37 | J47: =H47/DAY(B2) -> 2683.074
A48: Transformer No 2 (Sub Feeders)
A49: Main HVAC Power Panel- 800A | D49: kwh | E49: ='4'!F49 -> 161124 | F49: 163924.66 | G49: =F49-E49 -> 2800.66 | H49: =G49+'4'!H49 -> 14365.66 | J49: =H49/DAY(B2) -> 2873.132
A50: Main MV PanelBALLROOM LVL-1- 2000A | D50: kwh | E50: ='4'!F50 -> 339156 | F50: 340112.67 | G50: =F50-E50 -> 956.67 | H50: =G50+'4'!H50 -> 5212.24 | J50: =H50/DAY(B2) -> 1042.448
A51: Fire Emergency Power Panel - 1000A | D51: kwh | E51: ='4'!F51 -> 70355 | F51: 71726.48 | G51: =F51-E51 -> 1371.48 | H51: =G51+'4'!H51 -> 7019.37 | J51: =H51/DAY(B2) -> 1403.874
A52: Main Power Panel -1800A | D52: kwh | E52: ='4'!F52 -> 441314 | F52: 443198 | G52: =F52-E52 -> 1884 | H52: =G52+'4'!H52 -> 10018.37 | J52: =H52/DAY(B2) -> 2003.674
A53: Main Lighting and Small power Panel | D53: kwh | E53: ='4'!F53 -> 193064 | F53: 196918 | G53: =F53-E53 -> 3854 | H53: =G53+'4'!H53 -> 20316.03 | J53: =H53/DAY(B2) -> 4063.206
A54: Capacitor Bank -2 1200KVAR- 2500A | D54: kwh | E54: ='4'!F54 -> 4828.52 | F54: 4885.8 | G54: =F54-E54 -> 57.28 | H54: =G54+'4'!H54 -> 296.26 | J54: =H54/DAY(B2) -> 59.252
A55: Chiller No -3 - 1200A | D55: kwh | E55: ='4'!F55 -> 158492.73 | F55: 158492.73 | G55: =F55-E55 -> 0 | H55: =G55+'4'!H55 -> -0.27 | J55: =H55/DAY(B2) -> -0.054
A56: Chiller No-4 - 1200A | D56: Kwh | E56: ='4'!F56 -> 531105 | F56: 534625 | G56: =F56-E56 -> 3520 | H56: =G56+'4'!H56 -> 21413.25 | J56: =H56/DAY(B2) -> 4282.65
A57: Chiller Water pump Panel- 630A | D57: kwh | E57: ='4'!F57 -> 0 | F57: 0 | G57: =F57-E57 -> 0 | H57: =G57+'4'!H57 -> 0 | J57: =H57/DAY(B2) -> 0
A58: B2-Loundry power panel | D58: kwh | E58: ='4'!F58 -> 25728 | F58: 25808 | G58: =F58-E58 -> 80 | H58: =G58+'4'!H58 -> 767.59 | J58: =H58/DAY(B2) -> 153.518
A59: Sub Total | G59: =G49+G50+G51+G52+G53+G54+G55+G56+G57+G58 -> 14524.09 | H59: =G59+'4'!H59 -> 79408.5 | I59: =G7-G60 -> 457.31 | J59: =H59/DAY(B2) -> 15881.7
D60: Total TR1 & TR2 | G60: =G47+G59 -> 17373.69 | H60: =G60+'4'!H60 -> 92823.87 | I60: =G13-G60 -> -207.52 | J60: =H60/DAY(B2) -> 18564.774
A61: Floor lighting & Power consumption
A62: 2nd floor plant room | D62: KWh | E62: ='4'!F62 -> 20419.188 | F62: 20419 | G62: =F62-E62 -> -0.188 | H62: =G62+'4'!H62 -> -0.18 | J62: =H62/DAY(B2) -> -0.036
A63: 5th floor spa | D63: KWh | E63: ='4'!F63 -> 1125 | F63: 1129 | G63: =F63-E63 -> 4 | H63: =G63+'4'!H63 -> 21.09 | J63: =H63/DAY(B2) -> 4.218
A64: 5th Floor | D64: KWh | E64: ='4'!F64 -> 100009.83 | F64: 100402 | G64: =F64-E64 -> 392.17 | H64: =G64+'4'!H64 -> 1978.6 | J64: =H64/DAY(B2) -> 395.72
A65: 12th Floor | D65: KWh | E65: ='4'!F65 -> 110635 | F65: 110987.56 | G65: =F65-E65 -> 352.56 | H65: =G65+'4'!H65 -> 1943.44 | J65: =H65/DAY(B2) -> 388.688
A66: 20th Floor | D66: KWh | E66: ='4'!F66 -> 4002.58 | F66: 4356 | G66: =F66-E66 -> 353.42 | H66: =G66+'4'!H66 -> 1933.91 | J66: =H66/DAY(B2) -> 386.782
A67: 27th Floor | D67: KWh | E67: ='4'!F67 -> 170891.69 | F67: 171487 | G67: =F67-E67 -> 595.31 | H67: =G67+'4'!H67 -> 3245.65 | J67: =H67/DAY(B2) -> 649.13
A68: 34th Floor | D68: KWh | E68: ='4'!F68 -> 54780.69 | F68: 55066.67 | G68: =F68-E68 -> 285.98 | H68: =G68+'4'!H68 -> 1442.77 | J68: =H68/DAY(B2) -> 288.554
A69: Sanqi | D69: KWh | E69: ='4'!F69 -> 47694 | F69: 47996.44 | G69: =F69-E69 -> 302.44 | H69: =G69+'4'!H69 -> 1477.01 | J69: =H69/DAY(B2) -> 295.402
A70: Consumption of Extra AHU run | D70: KWh
A71: Kitchen consumption
A72: Main kitchen power panel no 1 | D72: KWh | E72: ='4'!F72 -> 846707 | F72: 846789 | G72: =F72-E72 -> 82 | H72: =G72+'4'!H72 -> 389 | J72: =H72/DAY(B2) -> 77.8
A73: Main kitchen power panel no 2 | D73: KWh | E73: ='4'!F73 -> 885676 | F73: 885677 | G73: =F73-E73 -> 1 | H73: =G73+'4'!H73 -> 4 | J73: =H73/DAY(B2) -> 0.8
A74: Prato kitchen power panel | D74: KWh | E74: ='4'!F74 -> 881478 | F74: 881503 | G74: =F74-E74 -> 25 | H74: =G74+'4'!H74 -> 188 | J74: =H74/DAY(B2) -> 37.6
A75: San- Qi Indian Kitchen | D75: KWh | E75: ='4'!F75 -> 732369 | F75: 732536 | G75: =F75-E75 -> 167 | H75: =G75+'4'!H75 -> 895 | J75: =H75/DAY(B2) -> 179
A76: San- Qi Japanese Kitchen | D76: KWh | E76: ='4'!F76 -> 684599 | F76: 684661 | G76: =F76-E76 -> 62 | H76: =G76+'4'!H76 -> 395 | J76: =H76/DAY(B2) -> 79
A77: The club kitchen | D77: KWh | E77: ='4'!F77 -> 695626 | F77: 695683 | G77: =F77-E77 -> 57 | H77: =G77+'4'!H77 -> 289 | J77: =H77/DAY(B2) -> 57.8
A78: AER Kitchen | D78: KWh | E78: ='4'!F78 -> 632234 | F78: 632566 | G78: =F78-E78 -> 332 | H78: =G78+'4'!H78 -> 1793 | J78: =H78/DAY(B2) -> 358.6
A79: COLD ROOM'S | D79: KWh | E79: ='4'!F79 -> 804591 | F79: 804785 | G79: =F79-E79 -> 194 | H79: =G79+'4'!H79 -> 942 | J79: =H79/DAY(B2) -> 188.4
A80: Ball Room 1 kitchen | D80: KWh | E80: ='4'!F80 -> 476803 | F80: 477079 | G80: =F80-E80 -> 276 | H80: =G80+'4'!H80 -> 1548 | J80: =H80/DAY(B2) -> 309.6
A81: Ball Room 2 kitchen | D81: KWh | E81: ='4'!F81 -> 619777 | F81: 619883.64 | G81: =F81-E81 -> 106.64 | H81: =G81+'4'!H81 -> 629.64 | J81: =H81/DAY(B2) -> 125.928
A82: B1 Laundry | D82: kwh | E82: ='4'!F82 -> 104525 | F82: 104547 | G82: =F82-E82 -> 22 | H82: =G82+'4'!H82 -> 109 | J82: =H82/DAY(B2) -> 21.8
A83: STP Electrical | D83: kwh | E83: ='4'!F83 -> 974830 | F83: 975173 | G83: =F83-E83 -> 343 | H83: =G83+'4'!H83 -> 1702 | J83: =H83/DAY(B2) -> 340.4
A84: Cooling Tower | D84: kwh | E84: ='4'!F84 -> 399142 | F84: 399710 | G84: =F84-E84 -> 568 | H84: =G84+'4'!H84 -> 2514 | J84: =H84/DAY(B2) -> 502.8
A85: Total | E85: ='4'!F85 -> 0 | G85: =SUM(G71:G84) -> 2235.64 | H85: =G85+'4'!H85 -> 9551.64 | J85: =H85/DAY(B2) -> 1910.328
A86: MOCK Up Room | D86: Kwh | E86: ='4'!F86 -> 444575 | F86: 444598 | G86: =F86-E86 -> 23 | H86: =G86+'4'!H86 -> 266 | J86: =H86/DAY(B2) -> 53.2 | N86: =G86-173 -> -150
A87: 27th Floor | D87: Kwh | E87: ='4'!F87 -> 77800.8 | F87: 77823 | G87: =F87-E87 -> 22.2 | H87: =G87+'4'!H87 -> 60 | J87: =H87/DAY(B2) -> 12 | N87: 108
A88: Physic57 | D88: Kwh | E88: ='4'!F88 -> 144734.87 | F88: 144784 | G88: =F88-E88 -> 49.13 | H88: =G88+'4'!H88 -> 200 | J88: =H88/DAY(B2) -> 40 | N88: 28
A89: Pinoor Legal- Power | D89: Kwh | E89: ='4'!F89 -> 57920 | F89: 57993 | G89: =F89-E89 -> 73 | H89: =G89+'4'!H89 -> 303.9 | J89: =H89/DAY(B2) -> 60.78 | N89: 342
A90: Pinoor Legal- Lighting | D90: Kwh | E90: ='4'!F90 -> 2989 | F90: 2992 | G90: =F90-E90 -> 3 | H90: =G90+'4'!H90 -> 9.4 | J90: =H90/DAY(B2) -> 1.88 | N90: 349
A91: WATER
A92: R.o.plant | D92: KL | E92: ='4'!F92 -> 234248 | F92: 234281 | G92: =F92-E92 -> 33 | H92: =G92+'4'!H92 -> 379 | J92: =H92/DAY(B2) -> 75.8
A93: STP Water Prod | D93: KL | E93: ='4'!F93 -> 167456 | F93: 167566 | G93: =F93-E93 -> 110 | H93: =G93+'4'!H93 -> 650 | J93: =H93/DAY(B2) -> 130
A94: Total water Produce | G94: =G92+G93 -> 143 | H94: =G94+'4'!H94 -> 755 | J94: =H94/DAY(B2) -> 151
A95: Domestic Zone-1 | D95: KL | E95: ='4'!F95 -> 403924 | F95: 403968 | G95: =F95-E95 -> 44 | H95: =G95+'4'!H95 -> 303 | J95: =H95/DAY(B2) -> 60.6
A96: Domestic Zone-2 | D96: KL | E96: ='4'!F96 -> 100004 | F96: 100022 | G96: =F96-E96 -> 18 | H96: =G96+'4'!H96 -> 101 | J96: =H96/DAY(B2) -> 20.2
A97: Domestic Zone-3 | D97: KL | E97: ='4'!F97 -> 95119 | F97: 95134 | G97: =F97-E97 -> 15 | H97: =G97+'4'!H97 -> 107 | J97: =H97/DAY(B2) -> 21.4
A98: Flush Zone -1 | D98: KL | E98: ='4'!F98 -> 144045 | F98: 144109 | G98: =F98-E98 -> 64 | H98: =G98+'4'!H98 -> 302 | J98: =H98/DAY(B2) -> 60.4
A99: Flush Zone -2 | D99: KL | E99: ='4'!F99 -> 5559 | F99: 5568 | G99: =F99-E99 -> 9 | H99: =G99+'4'!H99 -> 66 | J99: =H99/DAY(B2) -> 13.2
A100: Flush Zone -3 | D100: KL | E100: ='4'!F100 -> 3999 | F100: 4003 | G100: =F100-E100 -> 4 | H100: =G100+'4'!H100 -> 39 | J100: =H100/DAY(B2) -> 7.8
...

Sheet 6
A1: Daily Utility Consumption Report
A2: Prepaired by-- Nilesh | B2: 44202 | C2: occupancy | D2: 0.41 | G2: Occupancy% | H2: Electricity | I2: Water | J2: Gas
C3: Avg temp | D3: 24 | E3: Last year same month avg
C4: humidity | D4: 0.72
A5: Description | E5: Yesterday | F5: Today | G5: units.consum | H5: MTD | I5: Budgeted | J5: Average/Day
A6: ELECTRICAL CONSUMPTION
A7: BEST Supply 11KV | D7: kwh | E7: ='5'!F7 -> 3381796 | F7: 3399635 | G7: =F7-E7 -> 17839 | H7: =G7+'5'!H7 -> 113195 | I7: ='1'!I7 -> 12000 | J7: =H7/DAY(B2) -> 18865.833
A8: BEST supply | D8: KVAH | E8: ='5'!F8 -> 3402673 | F8: 3420748 | G8: =F8-E8 -> 18075 | H8: =G8+'5'!H8 -> 114376 | I8: 12000 | J8: =H8/DAY(B2) -> 19062.667
A9: Transformer - 1 - 2500KVA | D9: kwh | E9: ='5'!F9 -> 2418083 | F9: 2420911 | G9: =F9-E9 -> 2828 | H9: =G9+'5'!H9 -> 15696 | I9: =I8-J8 -> -7062.6667 | J9: =H9/DAY(B2) -> 2616
A10: Transformer - 2 -2500KVA | D10: kwh | E10: ='5'!F10 -> 829449 | F10: 843794 | G10: =F10-E10 -> 14345 | H10: =G10+'5'!H10 -> 93272.09 | J10: =H10/DAY(B2) -> 15545.348
A11: DG set- 1 - 1425KVA | D11: kwh | E11: ='5'!F11 -> 35390 | F11: 35390 | G11: =F11-E11 -> 0 | H11: =G11+'5'!H11 -> 0 | J11: =H11/DAY(B2) -> 0
A12: DG set- 2 - 1425KVA | D12: kwh | E12: ='5'!F12 -> 37630 | F12: 37630 | G12: =F12-E12 -> 0 | H12: =G12+'5'!H12 -> 0 | J12: =H12/DAY(B2) -> 0
A13: SubTotal | G13: =G9+G10+G11+G12 -> 17173 | H13: =G13+'5'!H13 -> 108968.09 | I13: =G7-G13 -> 666 | J13: =H13/DAY(B2) -> 18161.348
A14: GAS CONSUMPTION
A15: Gas consumption | D15: m3 | E15: ='5'!F15 -> 1572530 | F15: 1573224.7 | G15: =(F15-E15) -> 694.7 | H15: =G15+'5'!H15 -> 4310.6 | I15: 800 | J15: =H15/DAY(B2) -> 718.43333
I16: =I15-J15 -> 81.566667
A17: WATER CONSUMPTION
A18: Tankers | D18: KL | E18: ='5'!F18 -> 8 | F18: 7 | G18: =F18*10 -> 70 | H18: =G18+'5'!H18 -> 640 | I18: ='1'!I18 -> 65 | J18: =H18/DAY(B2) -> 106.66667
A19: BMC | D19: KL | E19: ='5'!F19 -> 131747 | F19: 131795 | G19: =F19-E19 -> 48 | H19: =G19+'5'!H19 -> 302 | J19: =H19/DAY(B2) -> 50.333333
A20: Total water | G20: =G18+G19 -> 118 | H20: =G20+'5'!H20 -> 942 | I20: =I18-J20 -> -92 | J20: =H20/DAY(B2) -> 157
A21: DIESEL CONSUMPTION
A22: Boiler House (H.S.D) | D22: L | E22: ='5'!F22 -> 2250 | F22: 2250 | G22: =(F22-E22) -> 0 | H22: =G22+'5'!H22 -> 0 | J22: =H22/DAY(B2) -> 0
A23: D-G Set (H.S.D) | D23: L | E23: ='5'!F23 -> 2000 | F23: 2000 | G23: 0 | H23: =G23+'5'!H23 -> 0 | J23: =H23/DAY(B2) -> 0
A24: Total HSD (H.S.D.) Stock | D24: L | E24: ='5'!F24 -> 4250 | F24: 4250 | G24: 0 | H24: =G24+'5'!H24 -> 0 | J24: =H24/DAY(B2) -> 0
A25: TOTAL CONSUMPTION UNIT &COST
A26: Utilities | D26: Units
A27: Electricity | D27: KVAH | E27: =G8 -> 18075 | F27: 10 | G27: =E27*F27 -> 180750 | H27: =G27+'5'!H27 -> 1047459 | J27: =H27/DAY(B2) -> 174576.5
A28: C.N.G | D28: Cu.Mtr | E28: =G15 -> 694.7 | F28: 41 | G28: =E28*F28 -> 28482.7 | H28: =G28+'5'!H28 -> 175493.24 | J28: =H28/DAY(B2) -> 29248.873
A29: H.S.D | D29: Ltr | E29: =G24 -> 0 | F29: 69 | G29: =E29*F29 -> 0 | H29: =G29+'5'!H29 -> 0 | J29: =H29/DAY(B2) -> 0
A30: Water BMC | D30: Kl | E30: =G19 -> 48 | F30: 134 | G30: =E30*F30 -> 6432 | H30: =G30+'5'!H30 -> 40468 | J30: =H30/DAY(B2) -> 6744.6667
A31: Water Tanker | D31: KL | E31: =G18 -> 70 | F31: 80 | G31: =E31*F31 -> 5600 | H31: =G31+'5'!H31 -> 51200 | J31: =H31/DAY(B2) -> 8533.3333
A32: Total cost | G32: =G27+G28+G29+G30+G31 -> 221264.7 | H32: =G32+'5'!H32 -> 1314620.2 | J32: =H32/DAY(B2) -> 219103.37
A33: BRANCH READINGS & CONSUMPTION
A34: Transformer No 1 (Sub Feeders)
A35: Main HVAC Power Panel- 800A | D35: kwh | E35: ='5'!F35 -> 629027 | F35: 629027 | G35: =F35-E35 -> 0 | H35: =G35+'5'!H35 -> 0 | J35: =H35/DAY(B2) -> 0
A36: Main Panel BALLROOM LVL-2 -2000A | D36: kwh | E36: ='5'!F36 -> 258477.73 | F36: 259350 | G36: =F36-E36 -> 872.27 | H36: =G36+'5'!H36 -> 4258.93 | J36: =H36/DAY(B2) -> 709.82167
A37: Fire Emergency Power Panel - 1000A | D37: kwh | E37: ='5'!F37 -> 415066 | F37: 415066 | G37: =F37-E37 -> 0 | H37: =G37+'5'!H37 -> 0 | J37: =H37/DAY(B2) -> 0
A38: Main Power Panel -1600A | D38: kwh | E38: ='5'!F38 -> 150714.38 | F38: 150714.38 | G38: =F38-E38 -> 0 | H38: =G38+'5'!H38 -> 0.38 | J38: =H38/DAY(B2) -> 0.063333333
A39: Main Lighting and Small power Panel | D39: kwh | E39: ='5'!F39 -> 912480 | F39: 912480 | G39: =F39-E39 -> 0 | H39: =G39+'5'!H39 -> 0 | J39: =H39/DAY(B2) -> 0
A40: Capacitor Bank -1 1100KVAR- 2500A | D40: kwh | E40: ='5'!F40 -> 0.17 | F40: 0.17 | G40: =F40-E40 -> 0 | H40: =G40+'5'!H40 -> 0 | J40: =H40/DAY(B2) -> 0
A41: Chiller No 1 | D41: kwh | E41: ='5'!F41 -> 300127.9 | F41: 300127.9 | G41: =F41-E41 -> 0 | H41: =G41+'5'!H41 -> -0.05 | J41: =H41/DAY(B2) -> -0.0083333333
A42: Chiller No 2- | D42: kwh | E42: ='5'!F42 -> 58926 | F42: 58926 | G42: =F42-E42 -> 0 | H42: =G42+'5'!H42 -> -0.09 | J42: =H42/DAY(B2) -> -0.015
A43: Chiller Water pump Panel- 630A | D43: kwh | E43: ='5'!F43 -> 708282.87 | F43: 710347 | G43: =F43-E43 -> 2064.13 | H43: =G43+'5'!H43 -> 12093.57 | J43: =H43/DAY(B2) -> 2015.595
A44: Co-Genrator | D44: kwh | E44: ='5'!F44 -> 0 | F44: 0 | G44: =F44-E44 -> 0 | H44: =G44+'5'!H44 -> 0 | J44: =H44/DAY(B2) -> 0
A45: Lawn Pantry | D45: kwh | E45: ='5'!F45 -> 614 | F45: 614 | G45: =F45-E45 -> 0 | H45: =G45+'5'!H45 -> -0.48 | J45: =H45/DAY(B2) -> -0.08
A46: Pavilion Power | D46: kwh | E46: ='5'!F46 -> 187 | F46: 187 | G46: =F46-E46 -> 0 | H46: =G46+'5'!H46 -> -0.49 | J46: =H46/DAY(B2) -> -0.081666667
A47: Sub Total | G47: =G35+G36+G37+G38+G39+G40+G41+G42+G43+G44+G45+G46 -> 2936.4 | H47: =G47+'5'!H47 -> 16351.77 | J47: =H47/DAY(B2) -> 2725.295
A48: Transformer No 2 (Sub Feeders)
A49: Main HVAC Power Panel- 800A | D49: kwh | E49: ='5'!F49 -> 163924.66 | F49: 166715.8 | G49: =F49-E49 -> 2791.14 | H49: =G49+'5'!H49 -> 17156.8 | J49: =H49/DAY(B2) -> 2859.4667
A50: Main MV PanelBALLROOM LVL-1- 2000A | D50: kwh | E50: ='5'!F50 -> 340112.67 | F50: 341012 | G50: =F50-E50 -> 899.33 | H50: =G50+'5'!H50 -> 6111.57 | J50: =H50/DAY(B2) -> 1018.595
A51: Fire Emergency Power Panel - 1000A | D51: kwh | E51: ='5'!F51 -> 71726.48 | F51: 73127 | G51: =F51-E51 -> 1400.52 | H51: =G51+'5'!H51 -> 8419.89 | J51: =H51/DAY(B2) -> 1403.315
A52: Main Power Panel -1800A | D52: kwh | E52: ='5'!F52 -> 443198 | F52: 445156 | G52: =F52-E52 -> 1958 | H52: =G52+'5'!H52 -> 11976.37 | J52: =H52/DAY(B2) -> 1996.0617
A53: Main Lighting and Small power Panel | D53: kwh | E53: ='5'!F53 -> 196918 | F53: 200707 | G53: =F53-E53 -> 3789 | H53: =G53+'5'!H53 -> 24105.03 | J53: =H53/DAY(B2) -> 4017.505
A54: Capacitor Bank -2 1200KVAR- 2500A | D54: kwh | E54: ='5'!F54 -> 4885.8 | F54: 4951.43 | G54: =F54-E54 -> 65.63 | H54: =G54+'5'!H54 -> 361.89 | J54: =H54/DAY(B2) -> 60.315
A55: Chiller No -3 - 1200A | D55: kwh | E55: ='5'!F55 -> 158492.73 | F55: 158492.73 | G55: =F55-E55 -> 0 | H55: =G55+'5'!H55 -> -0.27 | J55: =H55/DAY(B2) -> -0.045
A56: Chiller No-4 - 1200A | D56: Kwh | E56: ='5'!F56 -> 534625 | F56: 538014 | G56: =F56-E56 -> 3389 | H56: =G56+'5'!H56 -> 24802.25 | J56: =H56/DAY(B2) -> 4133.7083
A57: Chiller Water pump Panel- 630A | D57: kwh | E57: ='5'!F57 -> 0 | F57: 0 | G57: =F57-E57 -> 0 | H57: =G57+'5'!H57 -> 0 | J57: =H57/DAY(B2) -> 0
A58: B2-Loundry power panel | D58: kwh | E58: ='5'!F58 -> 25808 | F58: 25975 | G58: =F58-E58 -> 167 | H58: =G58+'5'!H58 -> 934.59 | J58: =H58/DAY(B2) -> 155.765
A59: Sub Total | G59: =G49+G50+G51+G52+G53+G54+G55+G56+G57+G58 -> 14459.62 | H59: =G59+'5'!H59 -> 93868.12 | I59: =G7-G60 -> 442.98 | J59: =H59/DAY(B2) -> 15644.687
D60: Total TR1 & TR2 | G60: =G47+G59 -> 17396.02 | H60: =G60+'5'!H60 -> 110219.89 | I60: =G13-G60 -> -223.02 | J60: =H60/DAY(B2) -> 18369.982
A61: Floor lighting & Power consumption
A62: 2nd floor plant room | D62: KWh | E62: ='5'!F62 -> 20419 | F62: 20419 | G62: =F62-E62 -> 0 | H62: =G62+'5'!H62 -> -0.18 | J62: =H62/DAY(B2) -> -0.03
A63: 5th floor spa | D63: KWh | E63: ='5'!F63 -> 1129 | F63: 1133 | G63: =F63-E63 -> 4 | H63: =G63+'5'!H63 -> 25.09 | J63: =H63/DAY(B2) -> 4.1816667
A64: 5th Floor | D64: KWh | E64: ='5'!F64 -> 100402 | F64: 100792 | G64: =F64-E64 -> 390 | H64: =G64+'5'!H64 -> 2368.6 | J64: =H64/DAY(B2) -> 394.76667
A65: 12th Floor | D65: KWh | E65: ='5'!F65 -> 110987.56 | F65: 111341 | G65: =F65-E65 -> 353.44 | H65: =G65+'5'!H65 -> 2296.88 | J65: =H65/DAY(B2) -> 382.81333
A66: 20th Floor | D66: KWh | E66: ='5'!F66 -> 4356 | F66: 4699.69 | G66: =F66-E66 -> 343.69 | H66: =G66+'5'!H66 -> 2277.6 | J66: =H66/DAY(B2) -> 379.6
A67: 27th Floor | D67: KWh | E67: ='5'!F67 -> 171487 | F67: 172074.53 | G67: =F67-E67 -> 587.53 | H67: =G67+'5'!H67 -> 3833.18 | J67: =H67/DAY(B2) -> 638.86333
A68: 34th Floor | D68: KWh | E68: ='5'!F68 -> 55066.67 | F68: 55357 | G68: =F68-E68 -> 290.33 | H68: =G68+'5'!H68 -> 1733.1 | J68: =H68/DAY(B2) -> 288.85
A69: Sanqi | D69: KWh | E69: ='5'!F69 -> 47996.44 | F69: 48285.51 | G69: =F69-E69 -> 289.07 | H69: =G69+'5'!H69 -> 1766.08 | J69: =H69/DAY(B2) -> 294.34667
A70: Consumption of Extra AHU run | D70: KWh
A71: Kitchen consumption
A72: Main kitchen power panel no 1 | D72: KWh | E72: ='5'!F72 -> 846789 | F72: 846834 | G72: =F72-E72 -> 45 | H72: =G72+'5'!H72 -> 434 | J72: =H72/DAY(B2) -> 72.333333
A73: Main kitchen power panel no 2 | D73: KWh | E73: ='5'!F73 -> 885677 | F73: 885677 | G73: =F73-E73 -> 0 | H73: =G73+'5'!H73 -> 4 | J73: =H73/DAY(B2) -> 0.66666667
A74: Prato kitchen power panel | D74: KWh | E74: ='5'!F74 -> 881503 | F74: 881532 | G74: =F74-E74 -> 29 | H74: =G74+'5'!H74 -> 217 | J74: =H74/DAY(B2) -> 36.166667
A75: San- Qi Indian Kitchen | D75: KWh | E75: ='5'!F75 -> 732536 | F75: 732701 | G75: =F75-E75 -> 165 | H75: =G75+'5'!H75 -> 1060 | J75: =H75/DAY(B2) -> 176.66667
A76: San- Qi Japanese Kitchen | D76: KWh | E76: ='5'!F76 -> 684661 | F76: 684726 | G76: =F76-E76 -> 65 | H76: =G76+'5'!H76 -> 460 | J76: =H76/DAY(B2) -> 76.666667
A77: The club kitchen | D77: KWh | E77: ='5'!F77 -> 695683 | F77: 695735 | G77: =F77-E77 -> 52 | H77: =G77+'5'!H77 -> 341 | J77: =H77/DAY(B2) -> 56.833333
A78: AER Kitchen | D78: KWh | E78: ='5'!F78 -> 632566 | F78: 632860 | G78: =F78-E78 -> 294 | H78: =G78+'5'!H78 -> 2087 | J78: =H78/DAY(B2) -> 347.83333
A79: COLD ROOM'S | D79: KWh | E79: ='5'!F79 -> 804785 | F79: 804965 | G79: =F79-E79 -> 180 | H79: =G79+'5'!H79 -> 1122 | J79: =H79/DAY(B2) -> 187
A80: Ball Room 1 kitchen | D80: KWh | E80: ='5'!F80 -> 477079 | F80: 477365.56 | G80: =F80-E80 -> 286.56 | H80: =G80+'5'!H80 -> 1834.56 | J80: =H80/DAY(B2) -> 305.76
A81: Ball Room 2 kitchen | D81: KWh | E81: ='5'!F81 -> 619883.64 | F81: 620002 | G81: =F81-E81 -> 118.36 | H81: =G81+'5'!H81 -> 748 | J81: =H81/DAY(B2) -> 124.66667
A82: B1 Laundry | D82: kwh | E82: ='5'!F82 -> 104547 | F82: 104566 | G82: =F82-E82 -> 19 | H82: =G82+'5'!H82 -> 128 | J82: =H82/DAY(B2) -> 21.333333
A83: STP Electrical | D83: kwh | E83: ='5'!F83 -> 975173 | F83: 975490 | G83: =F83-E83 -> 317 | H83: =G83+'5'!H83 -> 2019 | J83: =H83/DAY(B2) -> 336.5
A84: Cooling Tower | D84: kwh | E84: ='5'!F84 -> 399710 | F84: 400254 | G84: =F84-E84 -> 544 | H84: =G84+'5'!H84 -> 3058 | J84: =H84/DAY(B2) -> 509.66667
A85: Total | G85: =SUM(G71:G84) -> 2114.92 | H85: =G85+'5'!H85 -> 11666.56 | J85: =H85/DAY(B2) -> 1944.4267
A86: MOCK Up Room | D86: Kwh | E86: ='5'!F86 -> 444598 | F86: 444688 | G86: =F86-E86 -> 90 | H86: =G86+'5'!H86 -> 356 | J86: =H86/DAY(B2) -> 59.333333
A87: 27th Floor | D87: Kwh | E87: ='5'!F87 -> 77823 | F87: 77852.8 | G87: =F87-E87 -> 29.8 | H87: =G87+'5'!H87 -> 89.8 | J87: =H87/DAY(B2) -> 14.966667
A88: Physic57 | D88: Kwh | E88: ='5'!F88 -> 144784 | F88: 144821 | G88: =F88-E88 -> 37 | H88: =G88+'5'!H88 -> 237 | J88: =H88/DAY(B2) -> 39.5
A89: Pinoor Legal- Lighting | D89: Kwh | E89: ='5'!F89 -> 57993 | F89: 58059.6 | G89: =F89-E89 -> 66.6 | H89: =G89+'5'!H89 -> 370.5 | J89: =H89/DAY(B2) -> 61.75
A90: Pinoor Legal- Lighting | D90: Kwh | E90: ='5'!F90 -> 2992 | F90: 2996.9 | G90: =F90-E90 -> 4.9 | H90: =G90+'5'!H90 -> 14.3 | J90: =H90/DAY(B2) -> 2.3833333
A91: WATER
A92: R.o.plant | D92: KL | E92: ='5'!F92 -> 234281 | F92: 234344 | G92: =F92-E92 -> 63 | H92: =G92+'5'!H92 -> 442 | J92: =H92/DAY(B2) -> 73.666667
A93: STP Water Prod | D93: KL | E93: ='5'!F93 -> 167566 | F93: 167674 | G93: =F93-E93 -> 108 | H93: =G93+'5'!H93 -> 758 | J93: =H93/DAY(B2) -> 126.33333
A94: Total water Produce | E94: ='5'!F94 -> 0 | G94: =G92+G93 -> 171 | H94: =G94+'5'!H94 -> 926 | J94: =H94/DAY(B2) -> 154.33333
A95: Domestic Zone-1 | D95: KL | E95: ='5'!F95 -> 403968 | F95: 404025 | G95: =F95-E95 -> 57 | H95: =G95+'5'!H95 -> 360 | J95: =H95/DAY(B2) -> 60
A96: Domestic Zone-2 | D96: KL | E96: ='5'!F96 -> 100022 | F96: 100043 | G96: =F96-E96 -> 21 | H96: =G96+'5'!H96 -> 122 | J96: =H96/DAY(B2) -> 20.333333
A97: Domestic Zone-3 | D97: KL | E97: ='5'!F97 -> 95134 | F97: 95146 | G97: =F97-E97 -> 12 | H97: =G97+'5'!H97 -> 119 | J97: =H97/DAY(B2) -> 19.833333
A98: Flush Zone -1 | D98: KL | E98: ='5'!F98 -> 144109 | F98: 144161 | G98: =F98-E98 -> 52 | H98: =G98+'5'!H98 -> 354 | J98: =H98/DAY(B2) -> 59
A99: Flush Zone -2 | D99: KL | E99: ='5'!F99 -> 5568 | F99: 5574 | G99: =F99-E99 -> 6 | H99: =G99+'5'!H99 -> 72 | J99: =H99/DAY(B2) -> 12
A100: Flush Zone -3 | D100: KL | E100: ='5'!F100 -> 4003 | F100: 4007 | G100: =F100-E100 -> 4 | H100: =G100+'5'!H100 -> 43 | J100: =H100/DAY(B2) -> 7.1666667
...

Sheet 7
A1: Daily Utility Consumption Report
A2: Prepaired by--- Devendra | B2: 44203 | C2: occupancy | D2: 0.44 | G2: Occupancy% | H2: Electricity | I2: Water | J2: Gas
C3: Avg temp | D3: 30 | E3: Last year same month avg
C4: humidity | D4: 0.65
A5: Description | E5: Yesterday | F5: Today | G5: units.consum | H5: MTD | I5: Budgeted | J5: Average/Day
A6: ELECTRICAL CONSUMPTION
A7: BEST Supply 11KV | D7: kwh | E7: ='6'!F7 -> 3399635 | F7: 3417534 | G7: =F7-E7 -> 17899 | H7: =G7+'6'!H7 -> 131094 | I7: ='1'!I7 -> 12000 | J7: =H7/DAY(B2) -> 18727.714
A8: BEST supply | D8: KVAH | E8: ='6'!F8 -> 3420748 | F8: 3438920 | G8: =F8-E8 -> 18172 | H8: =G8+'6'!H8 -> 132548 | I8: 12000 | J8: =H8/DAY(B2) -> 18935.429
A9: Transformer - 1 - 2500KVA | D9: kwh | E9: ='6'!F9 -> 2420911 | F9: 2423678 | G9: =F9-E9 -> 2767 | H9: =G9+'6'!H9 -> 18463 | I9: =I8-J8 -> -6935.4286 | J9: =H9/DAY(B2) -> 2637.5714
A10: Transformer - 2 -2500KVA | D10: kwh | E10: ='6'!F10 -> 843794 | F10: 858270 | G10: =F10-E10 -> 14476 | H10: =G10+'6'!H10 -> 107748.09 | J10: =H10/DAY(B2) -> 15392.584
A11: DG set- 1 - 1425KVA | D11: kwh | E11: ='6'!F11 -> 35390 | F11: 35390 | G11: =F11-E11 -> 0 | H11: =G11+'6'!H11 -> 0 | J11: =H11/DAY(B2) -> 0
A12: DG set- 2 - 1425KVA | D12: kwh | E12: ='6'!F12 -> 37630 | F12: 37630 | G12: =F12-E12 -> 0 | H12: =G12+'6'!H12 -> 0 | J12: =H12/DAY(B2) -> 0
A13: SubTotal | G13: =G9+G10+G11+G12 -> 17243 | H13: =G13+'6'!H13 -> 126211.09 | I13: =G7-G13 -> 656 | J13: =H13/DAY(B2) -> 18030.156
A14: GAS CONSUMPTION
A15: Gas consumption | D15: m3 | E15: ='6'!F15 -> 1573224.7 | F15: 1573846 | G15: =(F15-E15) -> 621.3 | H15: =G15+'6'!H15 -> 4931.9 | I15: 800 | J15: =H15/DAY(B2) -> 704.55714
I16: =I15-J15 -> 95.442857
A17: WATER CONSUMPTION
A18: Tankers | D18: KL | E18: ='6'!F18 -> 7 | F18: 7 | G18: =F18*10 -> 70 | H18: =G18+'6'!H18 -> 710 | I18: ='1'!I18 -> 65 | J18: =H18/DAY(B2) -> 101.42857
A19: BMC | D19: KL | E19: ='6'!F19 -> 131795 | F19: 131847 | G19: =F19-E19 -> 52 | H19: =G19+'6'!H19 -> 354 | J19: =H19/DAY(B2) -> 50.571429
A20: Total water | G20: =G18+G19 -> 122 | H20: =G20+'6'!H20 -> 1064 | I20: =I18-J20 -> -87 | J20: =H20/DAY(B2) -> 152
A21: DIESEL CONSUMPTION
A22: Boiler House (H.S.D) | D22: L | E22: ='6'!F22 -> 2250 | F22: 2250 | G22: =(F22-E22) -> 0 | H22: =G22+'6'!H22 -> 0 | J22: =H22/DAY(B2) -> 0
A23: D-G Set (H.S.D) | D23: L | E23: ='6'!F23 -> 2000 | F23: 2000 | G23: 0 | H23: =G23+'6'!H23 -> 0 | J23: =H23/DAY(B2) -> 0
A24: Total HSD (H.S.D.) Stock | D24: L | E24: ='6'!F24 -> 4250 | F24: 4250 | G24: 0 | H24: =G24+'6'!H24 -> 0 | J24: =H24/DAY(B2) -> 0
A25: TOTAL CONSUMPTION UNIT &COST
A26: Utilities | D26: Units
A27: Electricity | D27: KVAH | E27: =G8 -> 18172 | F27: 9 | G27: =E27*F27 -> 163548 | H27: =G27+'6'!H27 -> 1211007 | J27: =H27/DAY(B2) -> 173001
A28: C.N.G | D28: Cu.Mtr | E28: =G15 -> 621.3 | F28: 41 | G28: =E28*F28 -> 25473.3 | H28: =G28+'6'!H28 -> 200966.54 | J28: =H28/DAY(B2) -> 28709.506
A29: H.S.D | D29: Ltr | E29: =G24 -> 0 | F29: 69 | G29: =E29*F29 -> 0 | H29: =G29+'6'!H29 -> 0 | J29: =H29/DAY(B2) -> 0
A30: Water BMC | D30: Kl | E30: =G19 -> 52 | F30: 134 | G30: =E30*F30 -> 6968 | H30: =G30+'6'!H30 -> 47436 | J30: =H30/DAY(B2) -> 6776.5714
A31: Water Tanker | D31: KL | E31: =G18 -> 70 | F31: 80 | G31: =E31*F31 -> 5600 | H31: =G31+'6'!H31 -> 56800 | J31: =H31/DAY(B2) -> 8114.2857
A32: Total cost | G32: =G27+G28+G29+G30+G31 -> 201589.3 | H32: =G32+'6'!H32 -> 1516209.5 | J32: =H32/DAY(B2) -> 216601.36
A33: BRANCH READINGS & CONSUMPTION
A34: Transformer No 1 (Sub Feeders)
A35: Main HVAC Power Panel- 800A | D35: kwh | E35: ='6'!F35 -> 629027 | F35: 629027 | G35: =F35-E35 -> 0 | H35: =G35+'6'!H35 -> 0 | J35: =H35/DAY(B2) -> 0
A36: Main Panel BALLROOM LVL-2 -2000A | D36: kwh | E36: ='6'!F36 -> 259350 | F36: 260162 | G36: =F36-E36 -> 812 | H36: =G36+'6'!H36 -> 5070.93 | J36: =H36/DAY(B2) -> 724.41857
A37: Fire Emergency Power Panel - 1000A | D37: kwh | E37: ='6'!F37 -> 415066 | F37: 415066 | G37: =F37-E37 -> 0 | H37: =G37+'6'!H37 -> 0 | J37: =H37/DAY(B2) -> 0
A38: Main Power Panel -1600A | D38: kwh | E38: ='6'!F38 -> 150714.38 | F38: 150714 | G38: =F38-E38 -> -0.38 | H38: =G38+'6'!H38 -> 0 | J38: =H38/DAY(B2) -> 0
A39: Main Lighting and Small power Panel | D39: kwh | E39: ='6'!F39 -> 912480 | F39: 912480 | G39: =F39-E39 -> 0 | H39: =G39+'6'!H39 -> 0 | J39: =H39/DAY(B2) -> 0
A40: Capacitor Bank -1 1100KVAR- 2500A | D40: kwh | E40: ='6'!F40 -> 0.17 | F40: 0.17 | G40: =F40-E40 -> 0 | H40: =G40+'6'!H40 -> 0 | J40: =H40/DAY(B2) -> 0
A41: Chiller No 1 | D41: kwh | E41: ='6'!F41 -> 300127.9 | F41: 300127.9 | G41: =F41-E41 -> 0 | H41: =G41+'6'!H41 -> -0.05 | J41: =H41/DAY(B2) -> -0.0071428571
A42: Chiller No 2- | D42: kwh | E42: ='6'!F42 -> 58926 | F42: 58926 | G42: =F42-E42 -> 0 | H42: =G42+'6'!H42 -> -0.09 | J42: =H42/DAY(B2) -> -0.012857143
A43: Chiller Water pump Panel- 630A | D43: kwh | E43: ='6'!F43 -> 710347 | F43: 712410 | G43: =F43-E43 -> 2063 | H43: =G43+'6'!H43 -> 14156.57 | J43: =H43/DAY(B2) -> 2022.3671
A44: Co-Genrator | D44: kwh | E44: ='6'!F44 -> 0 | F44: 0 | G44: =F44-E44 -> 0 | H44: =G44+'6'!H44 -> 0 | J44: =H44/DAY(B2) -> 0
A45: Lawn Pantry | D45: kwh | E45: ='6'!F45 -> 614 | F45: 614 | G45: =F45-E45 -> 0 | H45: =G45+'6'!H45 -> -0.48 | J45: =H45/DAY(B2) -> -0.068571429
A46: Pavilion Power | D46: kwh | E46: ='6'!F46 -> 187 | F46: 187 | G46: =F46-E46 -> 0 | H46: =G46+'6'!H46 -> -0.49 | J46: =H46/DAY(B2) -> -0.07
A47: Sub Total | G47: =G35+G36+G37+G38+G39+G40+G41+G42+G43+G44+G45+G46 -> 2874.62 | H47: =G47+'6'!H47 -> 19226.39 | J47: =H47/DAY(B2) -> 2746.6271
A48: Transformer No 2 (Sub Feeders)
A49: Main HVAC Power Panel- 800A | D49: kwh | E49: ='6'!F49 -> 166715.8 | F49: 169317 | G49: =F49-E49 -> 2601.2 | H49: =G49+'6'!H49 -> 19758 | J49: =H49/DAY(B2) -> 2822.5714
A50: Main MV PanelBALLROOM LVL-1- 2000A | D50: kwh | E50: ='6'!F50 -> 341012 | F50: 341950 | G50: =F50-E50 -> 938 | H50: =G50+'6'!H50 -> 7049.57 | J50: =H50/DAY(B2) -> 1007.0814
A51: Fire Emergency Power Panel - 1000A | D51: kwh | E51: ='6'!F51 -> 73127 | F51: 74550 | G51: =F51-E51 -> 1423 | H51: =G51+'6'!H51 -> 9842.89 | J51: =H51/DAY(B2) -> 1406.1271
