Workbook

Sheet TOTAL
A1: Site Name | B1: Day | C1: Month | D1: Year | E1: Total Electricity Kwh | F1: Electricity Tariff ($/Kwh) | G1: Natual Gas (m3) | H1: Natural Gas $/m3 | I1: Water Utility Supply (m3) m3 | J1: Water Utility Supply (m3) $/m3 | K1: Room Nights | L1: Total Guests
A2: Hampshire | B2: 1 | C2: 1 | D2: 2021 | E2: =(Submetering!E2+Submetering!F2) -> 4287 | F2: 0.14 | G2: =Submetering!M2 -> 2345 | H2: 0.16 | I2: =Submetering!N2 -> 70 | J2: 2.06 | K2: ='Hampshire Daily'!B5 -> 10 | L2: ='Hampshire Daily'!C5 -> 10
A3: Hampshire | B3: =B2+1 -> 2 | C3: 1 | D3: 2021 | E3: =Submetering!E3+Submetering!F3 -> 3410 | F3: 0.14 | G3: =Submetering!M3 -> 2083 | H3: 0.16 | I3: =Submetering!N3 -> 79 | J3: 2.06 | K3: ='Hampshire Daily'!B6 -> 10 | L3: ='Hampshire Daily'!C6 -> 10
A4: Hampshire | B4: =B3+1 -> 3 | C4: 1 | D4: 2021 | E4: =Submetering!E4+Submetering!F4 -> 6010 | F4: 0.14 | G4: =Submetering!M4 -> 2051 | H4: 0.16 | I4: =Submetering!N4 -> 68 | J4: 2.06 | K4: ='Hampshire Daily'!B7 -> 10 | L4: ='Hampshire Daily'!C7 -> 10
A5: Hampshire | B5: =B4+1 -> 4 | C5: 1 | D5: 2021 | E5: =Submetering!E5+Submetering!F5 -> 2676 | F5: 0.14 | G5: =Submetering!M5 -> 2125 | H5: 0.16 | I5: =Submetering!N5 -> 87 | J5: 2.06 | K5: ='Hampshire Daily'!B8 -> 10 | L5: ='Hampshire Daily'!C8 -> 10
A6: Hampshire | B6: =B5+1 -> 5 | C6: 1 | D6: 2021 | E6: =Submetering!E6+Submetering!F6 -> 2906 | F6: 0.14 | G6: =Submetering!M6 -> 2297 | H6: 0.16 | I6: =Submetering!N6 -> 84 | J6: 2.06 | K6: ='Hampshire Daily'!B9 -> 10 | L6: ='Hampshire Daily'!C9 -> 10
A7: Hampshire | B7: =B6+1 -> 6 | C7: 1 | D7: 2021 | E7: =Submetering!E7+Submetering!F7 -> 3501 | F7: 0.14 | G7: =Submetering!M7 -> 2158 | H7: 0.16 | I7: =Submetering!N7 -> 55 | J7: 2.06 | K7: ='Hampshire Daily'!B10 -> 10 | L7: ='Hampshire Daily'!C10 -> 10
A8: Hampshire | B8: =B7+1 -> 7 | C8: 1 | D8: 2021 | E8: =Submetering!E8+Submetering!F8 -> 3682 | F8: 0.14 | G8: =Submetering!M8 -> 2327 | H8: 0.16 | I8: =Submetering!N8 -> 90 | J8: 2.06 | K8: ='Hampshire Daily'!B11 -> 10 | L8: ='Hampshire Daily'!C11 -> 10
A9: Hampshire | B9: =B8+1 -> 8 | C9: 1 | D9: 2021 | E9: =Submetering!E9+Submetering!F9 -> 4368 | F9: 0.14 | G9: =Submetering!M9 -> 2207 | H9: 0.16 | I9: =Submetering!N9 -> 99 | J9: 2.06 | K9: ='Hampshire Daily'!B12 -> 10 | L9: ='Hampshire Daily'!C12 -> 10
A10: Hampshire | B10: =B9+1 -> 9 | C10: 1 | D10: 2021 | E10: =Submetering!E10+Submetering!F10 -> 4795 | F10: 0.14 | G10: =Submetering!M10 -> 2532 | H10: 0.16 | I10: =Submetering!N10 -> 60 | J10: 2.06 | K10: ='Hampshire Daily'!B13 -> 10 | L10: ='Hampshire Daily'!C13 -> 10
A11: Hampshire | B11: =B10+1 -> 10 | C11: 1 | D11: 2021 | E11: =Submetering!E11+Submetering!F11 -> 3652 | F11: 0.14 | G11: =Submetering!M11 -> 1869 | H11: 0.16 | I11: =Submetering!N11 -> 110 | J11: 2.06 | K11: ='Hampshire Daily'!B14 -> 10 | L11: ='Hampshire Daily'!C14 -> 10
A12: Hampshire | B12: =B11+1 -> 11 | C12: 1 | D12: 2021 | E12: =Submetering!E12+Submetering!F12 -> 4155 | F12: 0.14 | G12: =Submetering!M12 -> 2064 | H12: 0.16 | I12: =Submetering!N12 -> 70 | J12: 2.06 | K12: ='Hampshire Daily'!B15 -> 10 | L12: ='Hampshire Daily'!C15 -> 10
A13: Hampshire | B13: =B12+1 -> 12 | C13: 1 | D13: 2021 | E13: =Submetering!E13+Submetering!F13 -> 3612 | F13: 0.14 | G13: =Submetering!M13 -> 1869 | H13: 0.16 | I13: =Submetering!N13 -> 75 | J13: 2.06 | K13: ='Hampshire Daily'!B16 -> 10 | L13: ='Hampshire Daily'!C16 -> 10
A14: Hampshire | B14: =B13+1 -> 13 | C14: 1 | D14: 2021 | E14: =Submetering!E14+Submetering!F14 -> 4514 | F14: 0.14 | G14: =Submetering!M14 -> 1847 | H14: 0.16 | I14: =Submetering!N14 -> 78 | J14: 2.06 | K14: ='Hampshire Daily'!B17 -> 10 | L14: ='Hampshire Daily'!C17 -> 10
... A32: Hampshire | B32: =B31+1 -> 31 | C32: 1 | D32: 2021 | E32: =Submetering!E32+Submetering!F32 -> 1239 | F32: 0.14 | G32: =Submetering!M32 -> 2321 | H32: 0.16 | I32: =Submetering!N32 -> 42 | J32: 2.06 | K32: ='Hampshire Daily'!B35 -> 10 | L32: ='Hampshire Daily'!C35 -> 10

Sheet Submetering
A1: Site Name | B1: Day | C1: Month | D1: Year | E1: Meter 1- KWh | F1: Meter 2- KWh | G1: East MCC- KWh | H1: South MCC 1- KWh | I1: South MCC 2- KWh | J1: West MCC- KWh | K1: Kitchen - KWh | L1: SPA - KWh | M1: Gas- KWh | N1: Main Site Water Meter - m3 | O1: Chiller 2- m3 | P1: Chiller 3- m3 | Q1: Chiller 4- m3 | R1: Hard Water Supply- m3 | S1: Pool Supply- m3 | T1: CL02- m3 | U1: LTHW SPA- m3 | V1: LTHW East- m3 | W1: Chilled make-up- m3 | X1: Orchard irrigation | Y1: Kids Pool | Z1: Room Nights | AA1: Total Guests
A2: Hampshire | B2: 1 | C2: 1 | D2: 2021 | E2: =IF(('Hampshire Daily'!D5-'Hampshire Daily'!D4<0),"0",('Hampshire Daily'!D5-'Hampshire Daily'!D4)) -> 1810 | F2: =IF(('Hampshire Daily'!F5-'Hampshire Daily'!F4<0),"0",('Hampshire Daily'!F5-'Hampshire Daily'!F4)) -> 2477 | G2: =IF(('Hampshire Daily'!H5-'Hampshire Daily'!H4<0),"0",('Hampshire Daily'!H5-'Hampshire Daily'!H4)) -> 500 | H2: =IF(('Hampshire Daily'!I5-'Hampshire Daily'!I4<0),"0",('Hampshire Daily'!I5-'Hampshire Daily'!I4)) -> 1360 | I2: =IF(('Hampshire Daily'!J5-'Hampshire Daily'!J4<0),"0",('Hampshire Daily'!J5-'Hampshire Daily'!J4)) -> 0 | J2: =IF(('Hampshire Daily'!K5-'Hampshire Daily'!K4<0),"0",('Hampshire Daily'!K5-'Hampshire Daily'!K4)) -> 800 | K2: =IF(('Hampshire Daily'!L5-'Hampshire Daily'!L4<0),"0",('Hampshire Daily'!L5-'Hampshire Daily'!L4)) -> 223 | L2: =IF(('Hampshire Daily'!M5-'Hampshire Daily'!M4<0),"0",('Hampshire Daily'!M5-'Hampshire Daily'!M4)) -> 6 | M2: =IF(('Hampshire Daily'!N5-'Hampshire Daily'!N4<0),"0",('Hampshire Daily'!N5-'Hampshire Daily'!N4)) -> 2345 | N2: =IF(('Hampshire Daily'!O5-'Hampshire Daily'!O4<0),"0",('Hampshire Daily'!O5-'Hampshire Daily'!O4)) -> 70 | ... Q2: =IF(('Hampshire Daily'!R5-'Hampshire Daily'!R4<0),"0",('Hampshire Daily'!R5-'Hampshire Daily'!R4)) -> 0 | R2: =IF(('Hampshire Daily'!U5-'Hampshire Daily'!U4<0),"0",('Hampshire Daily'!U5-'Hampshire Daily'!U4)) -> 1 | S2: =IF(('Hampshire Daily'!V5-'Hampshire Daily'!V4<0),"0",('Hampshire Daily'!V5-'Hampshire Daily'!V4)) -> 0 | T2: =IF(('Hampshire Daily'!W5-'Hampshire Daily'!W4<0),"0",('Hampshire Daily'!W5-'Hampshire Daily'!W4)) -> 0 | U2: =IF(('Hampshire Daily'!X5-'Hampshire Daily'!X4<0),"0",('Hampshire Daily'!X5-'Hampshire Daily'!X4)) -> 0.064 | V2: =IF(('Hampshire Daily'!Y5-'Hampshire Daily'!Y4<0),"0",('Hampshire Daily'!Y5-'Hampshire Daily'!Y4)) -> 0.216 | W2: =IF(('Hampshire Daily'!Z5-'Hampshire Daily'!Z4<0),"0",('Hampshire Daily'!Z5-'Hampshire Daily'!Z4)) -> 0.169 | X2: =IF(('Hampshire Daily'!AA5-'Hampshire Daily'!AA4<0),"0",('Hampshire Daily'!AA5-'Hampshire Daily'!AA4)) -> 0 | Y2: =IF(('Hampshire Daily'!AB5-'Hampshire Daily'!AB4<0),"0",('Hampshire Daily'!AB5-'Hampshire Daily'!AB4)) -> 3 | Z2: ='[1]Hampshire Daily'!C5 -> 0 | AA2: ='[1]Hampshire Daily'!B5 -> 0
A3: Hampshire | B3: =B2+1 -> 2 | C3: 1 | D3: 2021 | E3: =IF(('Hampshire Daily'!D6-'Hampshire Daily'!D5<0),"0",('Hampshire Daily'!D6-'Hampshire Daily'!D5)) -> 111 | F3: =IF(('Hampshire Daily'!F6-'Hampshire Daily'!F5<0),"0",('Hampshire Daily'!F6-'Hampshire Daily'!F5)) -> 3299 | G3: =IF(('Hampshire Daily'!H6-'Hampshire Daily'!H5<0),"0",('Hampshire Daily'!H6-'Hampshire Daily'!H5)) -> 1090 | H3: =IF(('Hampshire Daily'!I6-'Hampshire Daily'!I5<0),"0",('Hampshire Daily'!I6-'Hampshire Daily'!I5)) -> 1360 | I3: =IF(('Hampshire Daily'!J6-'Hampshire Daily'!J5<0),"0",('Hampshire Daily'!J6-'Hampshire Daily'!J5)) -> 0 | J3: =IF(('Hampshire Daily'!K6-'Hampshire Daily'!K5<0),"0",('Hampshire Daily'!K6-'Hampshire Daily'!K5)) -> 800 | K3: =IF(('Hampshire Daily'!L6-'Hampshire Daily'!L5<0),"0",('Hampshire Daily'!L6-'Hampshire Daily'!L5)) -> 171 | L3: =IF(('Hampshire Daily'!M6-'Hampshire Daily'!M5<0),"0",('Hampshire Daily'!M6-'Hampshire Daily'!M5)) -> 13 | M3: =IF(('Hampshire Daily'!N6-'Hampshire Daily'!N5<0),"0",('Hampshire Daily'!N6-'Hampshire Daily'!N5)) -> 2083 | N3: =IF(('Hampshire Daily'!O6-'Hampshire Daily'!O5<0),"0",('Hampshire Daily'!O6-'Hampshire Daily'!O5)) -> 79 | ... Q3: =IF(('Hampshire Daily'!R6-'Hampshire Daily'!R5<0),"0",('Hampshire Daily'!R6-'Hampshire Daily'!R5)) -> 0 | R3: =IF(('Hampshire Daily'!U6-'Hampshire Daily'!U5<0),"0",('Hampshire Daily'!U6-'Hampshire Daily'!U5)) -> 2 | S3: =IF(('Hampshire Daily'!V6-'Hampshire Daily'!V5<0),"0",('Hampshire Daily'!V6-'Hampshire Daily'!V5)) -> 0 | T3: =IF(('Hampshire Daily'!W6-'Hampshire Daily'!W5<0),"0",('Hampshire Daily'!W6-'Hampshire Daily'!W5)) -> 0 | U3: =IF(('Hampshire Daily'!X6-'Hampshire Daily'!X5<0),"0",('Hampshire Daily'!X6-'Hampshire Daily'!X5)) -> 0.092 | V3: =IF(('Hampshire Daily'!Y6-'Hampshire Daily'!Y5<0),"0",('Hampshire Daily'!Y6-'Hampshire Daily'!Y5)) -> 0.346 | W3: =IF(('Hampshire Daily'!Z6-'Hampshire Daily'!Z5<0),"0",('Hampshire Daily'!Z6-'Hampshire Daily'!Z5)) -> 0.014 | X3: =IF(('Hampshire Daily'!AA6-'Hampshire Daily'!AA5<0),"0",('Hampshire Daily'!AA6-'Hampshire Daily'!AA5)) -> 0 | Y3: =IF(('Hampshire Daily'!AB6-'Hampshire Daily'!AB5<0),"0",('Hampshire Daily'!AB6-'Hampshire Daily'!AB5)) -> 2 | Z3: ='[1]Hampshire Daily'!C6 -> 0 | AA3: ='[1]Hampshire Daily'!B6 -> 0
A4: Hampshire | B4: =B3+1 -> 3 | C4: 1 | D4: 2021 | E4: =IF(('Hampshire Daily'!D7-'Hampshire Daily'!D6<0),"0",('Hampshire Daily'!D7-'Hampshire Daily'!D6)) -> 2753 | F4: =IF(('Hampshire Daily'!F7-'Hampshire Daily'!F6<0),"0",('Hampshire Daily'!F7-'Hampshire Daily'!F6)) -> 3257 | G4: =IF(('Hampshire Daily'!H7-'Hampshire Daily'!H6<0),"0",('Hampshire Daily'!H7-'Hampshire Daily'!H6)) -> 322 | H4: =IF(('Hampshire Daily'!I7-'Hampshire Daily'!I6<0),"0",('Hampshire Daily'!I7-'Hampshire Daily'!I6)) -> 1360 | I4: =IF(('Hampshire Daily'!J7-'Hampshire Daily'!J6<0),"0",('Hampshire Daily'!J7-'Hampshire Daily'!J6)) -> 0 | J4: =IF(('Hampshire Daily'!K7-'Hampshire Daily'!K6<0),"0",('Hampshire Daily'!K7-'Hampshire Daily'!K6)) -> 800 | K4: =IF(('Hampshire Daily'!L7-'Hampshire Daily'!L6<0),"0",('Hampshire Daily'!L7-'Hampshire Daily'!L6)) -> 171 | L4: =IF(('Hampshire Daily'!M7-'Hampshire Daily'!M6<0),"0",('Hampshire Daily'!M7-'Hampshire Daily'!M6)) -> 432 | M4: =IF(('Hampshire Daily'!N7-'Hampshire Daily'!N6<0),"0",('Hampshire Daily'!N7-'Hampshire Daily'!N6)) -> 2051 | N4: =IF(('Hampshire Daily'!O7-'Hampshire Daily'!O6<0),"0",('Hampshire Daily'!O7-'Hampshire Daily'!O6)) -> 68 | ... Q4: =IF(('Hampshire Daily'!R7-'Hampshire Daily'!R6<0),"0",('Hampshire Daily'!R7-'Hampshire Daily'!R6)) -> 0 | R4: =IF(('Hampshire Daily'!U7-'Hampshire Daily'!U6<0),"0",('Hampshire Daily'!U7-'Hampshire Daily'!U6)) -> 1 | S4: =IF(('Hampshire Daily'!V7-'Hampshire Daily'!V6<0),"0",('Hampshire Daily'!V7-'Hampshire Daily'!V6)) -> 1 | T4: =IF(('Hampshire Daily'!W7-'Hampshire Daily'!W6<0),"0",('Hampshire Daily'!W7-'Hampshire Daily'!W6)) -> 0 | U4: =IF(('Hampshire Daily'!X7-'Hampshire Daily'!X6<0),"0",('Hampshire Daily'!X7-'Hampshire Daily'!X6)) -> 0.088 | V4: =IF(('Hampshire Daily'!Y7-'Hampshire Daily'!Y6<0),"0",('Hampshire Daily'!Y7-'Hampshire Daily'!Y6)) -> 0.415 | W4: =IF(('Hampshire Daily'!Z7-'Hampshire Daily'!Z6<0),"0",('Hampshire Daily'!Z7-'Hampshire Daily'!Z6)) -> 0.012 | X4: =IF(('Hampshire Daily'!AA7-'Hampshire Daily'!AA6<0),"0",('Hampshire Daily'!AA7-'Hampshire Daily'!AA6)) -> 0 | Y4: =IF(('Hampshire Daily'!AB7-'Hampshire Daily'!AB6<0),"0",('Hampshire Daily'!AB7-'Hampshire Daily'!AB6)) -> 5 | Z4: ='[1]Hampshire Daily'!C7 -> 52 | AA4: ='[1]Hampshire Daily'!B7 -> 25
A5: Hampshire | B5: =B4+1 -> 4 | C5: 1 | D5: 2021 | E5: =IF(('Hampshire Daily'!D8-'Hampshire Daily'!D7<0),"0",('Hampshire Daily'!D8-'Hampshire Daily'!D7)) -> 927 | F5: =IF(('Hampshire Daily'!F8-'Hampshire Daily'!F7<0),"0",('Hampshire Daily'!F8-'Hampshire Daily'!F7)) -> 1749 | G5: =IF(('Hampshire Daily'!H8-'Hampshire Daily'!H7<0),"0",('Hampshire Daily'!H8-'Hampshire Daily'!H7)) -> 327 | H5: =IF(('Hampshire Daily'!I8-'Hampshire Daily'!I7<0),"0",('Hampshire Daily'!I8-'Hampshire Daily'!I7)) -> 1360 | I5: =IF(('Hampshire Daily'!J8-'Hampshire Daily'!J7<0),"0",('Hampshire Daily'!J8-'Hampshire Daily'!J7)) -> 0 | J5: =IF(('Hampshire Daily'!K8-'Hampshire Daily'!K7<0),"0",('Hampshire Daily'!K8-'Hampshire Daily'!K7)) -> 800 | K5: =IF(('Hampshire Daily'!L8-'Hampshire Daily'!L7<0),"0",('Hampshire Daily'!L8-'Hampshire Daily'!L7)) -> 171 | L5: =IF(('Hampshire Daily'!M8-'Hampshire Daily'!M7<0),"0",('Hampshire Daily'!M8-'Hampshire Daily'!M7)) -> 7 | M5: =IF(('Hampshire Daily'!N8-'Hampshire Daily'!N7<0),"0",('Hampshire Daily'!N8-'Hampshire Daily'!N7)) -> 2125 | N5: =IF(('Hampshire Daily'!O8-'Hampshire Daily'!O7<0),"0",('Hampshire Daily'!O8-'Hampshire Daily'!O7)) -> 87 | ... Q5: =IF(('Hampshire Daily'!R8-'Hampshire Daily'!R7<0),"0",('Hampshire Daily'!R8-'Hampshire Daily'!R7)) -> 0 | R5: =IF(('Hampshire Daily'!U8-'Hampshire Daily'!U7<0),"0",('Hampshire Daily'!U8-'Hampshire Daily'!U7)) -> 2 | S5: =IF(('Hampshire Daily'!V8-'Hampshire Daily'!V7<0),"0",('Hampshire Daily'!V8-'Hampshire Daily'!V7)) -> 1 | T5: =IF(('Hampshire Daily'!W8-'Hampshire Daily'!W7<0),"0",('Hampshire Daily'!W8-'Hampshire Daily'!W7)) -> 0 | U5: =IF(('Hampshire Daily'!X8-'Hampshire Daily'!X7<0),"0",('Hampshire Daily'!X8-'Hampshire Daily'!X7)) -> 0.099 | V5: =IF(('Hampshire Daily'!Y8-'Hampshire Daily'!Y7<0),"0",('Hampshire Daily'!Y8-'Hampshire Daily'!Y7)) -> 0.337 | W5: =IF(('Hampshire Daily'!Z8-'Hampshire Daily'!Z7<0),"0",('Hampshire Daily'!Z8-'Hampshire Daily'!Z7)) -> 0.013 | X5: =IF(('Hampshire Daily'!AA8-'Hampshire Daily'!AA7<0),"0",('Hampshire Daily'!AA8-'Hampshire Daily'!AA7)) -> 0 | Y5: =IF(('Hampshire Daily'!AB8-'Hampshire Daily'!AB7<0),"0",('Hampshire Daily'!AB8-'Hampshire Daily'!AB7)) -> 3 | Z5: ='[1]Hampshire Daily'!C8 -> 133 | AA5: ='[1]Hampshire Daily'!B8 -> 51
A6: Hampshire | B6: =B5+1 -> 5 | C6: 1 | D6: 2021 | E6: =IF(('Hampshire Daily'!D9-'Hampshire Daily'!D8<0),"0",('Hampshire Daily'!D9-'Hampshire Daily'!D8)) -> 997 | F6: =IF(('Hampshire Daily'!F9-'Hampshire Daily'!F8<0),"0",('Hampshire Daily'!F9-'Hampshire Daily'!F8)) -> 1909 | G6: =IF(('Hampshire Daily'!H9-'Hampshire Daily'!H8<0),"0",('Hampshire Daily'!H9-'Hampshire Daily'!H8)) -> 342 | H6: =IF(('Hampshire Daily'!I9-'Hampshire Daily'!I8<0),"0",('Hampshire Daily'!I9-'Hampshire Daily'!I8)) -> 1360 | I6: =IF(('Hampshire Daily'!J9-'Hampshire Daily'!J8<0),"0",('Hampshire Daily'!J9-'Hampshire Daily'!J8)) -> 0 | J6: =IF(('Hampshire Daily'!K9-'Hampshire Daily'!K8<0),"0",('Hampshire Daily'!K9-'Hampshire Daily'!K8)) -> 800 | K6: =IF(('Hampshire Daily'!L9-'Hampshire Daily'!L8<0),"0",('Hampshire Daily'!L9-'Hampshire Daily'!L8)) -> 201 | L6: =IF(('Hampshire Daily'!M9-'Hampshire Daily'!M8<0),"0",('Hampshire Daily'!M9-'Hampshire Daily'!M8)) -> 0 | M6: =IF(('Hampshire Daily'!N9-'Hampshire Daily'!N8<0),"0",('Hampshire Daily'!N9-'Hampshire Daily'!N8)) -> 2297 | N6: =IF(('Hampshire Daily'!O9-'Hampshire Daily'!O8<0),"0",('Hampshire Daily'!O9-'Hampshire Daily'!O8)) -> 84 | ... Q6: =IF(('Hampshire Daily'!R9-'Hampshire Daily'!R8<0),"0",('Hampshire Daily'!R9-'Hampshire Daily'!R8)) -> 0 | R6: =IF(('Hampshire Daily'!U9-'Hampshire Daily'!U8<0),"0",('Hampshire Daily'!U9-'Hampshire Daily'!U8)) -> 3 | S6: =IF(('Hampshire Daily'!V9-'Hampshire Daily'!V8<0),"0",('Hampshire Daily'!V9-'Hampshire Daily'!V8)) -> 0 | T6: =IF(('Hampshire Daily'!W9-'Hampshire Daily'!W8<0),"0",('Hampshire Daily'!W9-'Hampshire Daily'!W8)) -> 0 | U6: =IF(('Hampshire Daily'!X9-'Hampshire Daily'!X8<0),"0",('Hampshire Daily'!X9-'Hampshire Daily'!X8)) -> 0.136 | V6: =IF(('Hampshire Daily'!Y9-'Hampshire Daily'!Y8<0),"0",('Hampshire Daily'!Y9-'Hampshire Daily'!Y8)) -> 0.347 | W6: =IF(('Hampshire Daily'!Z9-'Hampshire Daily'!Z8<0),"0",('Hampshire Daily'!Z9-'Hampshire Daily'!Z8)) -> 0.016 | X6: =IF(('Hampshire Daily'!AA9-'Hampshire Daily'!AA8<0),"0",('Hampshire Daily'!AA9-'Hampshire Daily'!AA8)) -> 0 | Y6: =IF(('Hampshire Daily'!AB9-'Hampshire Daily'!AB8<0),"0",('Hampshire Daily'!AB9-'Hampshire Daily'!AB8)) -> 1 | Z6: ='[1]Hampshire Daily'!C9 -> 172 | AA6: ='[1]Hampshire Daily'!B9 -> 64
A7: Hampshire | B7: =B6+1 -> 6 | C7: 1 | D7: 2021 | E7: =IF(('Hampshire Daily'!D10-'Hampshire Daily'!D9<0),"0",('Hampshire Daily'!D10-'Hampshire Daily'!D9)) -> 1447 | F7: =IF(('Hampshire Daily'!F10-'Hampshire Daily'!F9<0),"0",('Hampshire Daily'!F10-'Hampshire Daily'!F9)) -> 2054 | G7: =IF(('Hampshire Daily'!H10-'Hampshire Daily'!H9<0),"0",('Hampshire Daily'!H10-'Hampshire Daily'!H9)) -> 430 | H7: =IF(('Hampshire Daily'!I10-'Hampshire Daily'!I9<0),"0",('Hampshire Daily'!I10-'Hampshire Daily'!I9)) -> 1360 | I7: =IF(('Hampshire Daily'!J10-'Hampshire Daily'!J9<0),"0",('Hampshire Daily'!J10-'Hampshire Daily'!J9)) -> 0 | J7: =IF(('Hampshire Daily'!K10-'Hampshire Daily'!K9<0),"0",('Hampshire Daily'!K10-'Hampshire Daily'!K9)) -> 800 | K7: =IF(('Hampshire Daily'!L10-'Hampshire Daily'!L9<0),"0",('Hampshire Daily'!L10-'Hampshire Daily'!L9)) -> 400 | L7: =IF(('Hampshire Daily'!M10-'Hampshire Daily'!M9<0),"0",('Hampshire Daily'!M10-'Hampshire Daily'!M9)) -> 97 | M7: =IF(('Hampshire Daily'!N10-'Hampshire Daily'!N9<0),"0",('Hampshire Daily'!N10-'Hampshire Daily'!N9)) -> 2158 | N7: =IF(('Hampshire Daily'!O10-'Hampshire Daily'!O9<0),"0",('Hampshire Daily'!O10-'Hampshire Daily'!O9)) -> 55 | ... Q7: =IF(('Hampshire Daily'!R10-'Hampshire Daily'!R9<0),"0",('Hampshire Daily'!R10-'Hampshire Daily'!R9)) -> 0 | R7: =IF(('Hampshire Daily'!U10-'Hampshire Daily'!U9<0),"0",('Hampshire Daily'!U10-'Hampshire Daily'!U9)) -> 1 | S7: =IF(('Hampshire Daily'!V10-'Hampshire Daily'!V9<0),"0",('Hampshire Daily'!V10-'Hampshire Daily'!V9)) -> 0 | T7: =IF(('Hampshire Daily'!W10-'Hampshire Daily'!W9<0),"0",('Hampshire Daily'!W10-'Hampshire Daily'!W9)) -> 0 | U7: =IF(('Hampshire Daily'!X10-'Hampshire Daily'!X9<0),"0",('Hampshire Daily'!X10-'Hampshire Daily'!X9)) -> 0.123 | V7: =IF(('Hampshire Daily'!Y10-'Hampshire Daily'!Y9<0),"0",('Hampshire Daily'!Y10-'Hampshire Daily'!Y9)) -> 0.413 | W7: =IF(('Hampshire Daily'!Z10-'Hampshire Daily'!Z9<0),"0",('Hampshire Daily'!Z10-'Hampshire Daily'!Z9)) -> 0.008 | X7: =IF(('Hampshire Daily'!AA10-'Hampshire Daily'!AA9<0),"0",('Hampshire Daily'!AA10-'Hampshire Daily'!AA9)) -> 0 | Y7: =IF(('Hampshire Daily'!AB10-'Hampshire Daily'!AB9<0),"0",('Hampshire Daily'!AB10-'Hampshire Daily'!AB9)) -> 2 | Z7: ='[1]Hampshire Daily'!C10 -> 88 | AA7: ='[1]Hampshire Daily'!B10 -> 35
A8: Hampshire | B8: =B7+1 -> 7 | C8: 1 | D8: 2021 | E8: =IF(('Hampshire Daily'!D11-'Hampshire Daily'!D10<0),"0",('Hampshire Daily'!D11-'Hampshire Daily'!D10)) -> 1044 | F8: =IF(('Hampshire Daily'!F11-'Hampshire Daily'!F10<0),"0",('Hampshire Daily'!F11-'Hampshire Daily'!F10)) -> 2638 | G8: =IF(('Hampshire Daily'!H11-'Hampshire Daily'!H10<0),"0",('Hampshire Daily'!H11-'Hampshire Daily'!H10)) -> 577 | H8: =IF(('Hampshire Daily'!I11-'Hampshire Daily'!I10<0),"0",('Hampshire Daily'!I11-'Hampshire Daily'!I10)) -> 1360 | I8: =IF(('Hampshire Daily'!J11-'Hampshire Daily'!J10<0),"0",('Hampshire Daily'!J11-'Hampshire Daily'!J10)) -> 0 | J8: =IF(('Hampshire Daily'!K11-'Hampshire Daily'!K10<0),"0",('Hampshire Daily'!K11-'Hampshire Daily'!K10)) -> 800 | K8: =IF(('Hampshire Daily'!L11-'Hampshire Daily'!L10<0),"0",('Hampshire Daily'!L11-'Hampshire Daily'!L10)) -> 200 | L8: =IF(('Hampshire Daily'!M11-'Hampshire Daily'!M10<0),"0",('Hampshire Daily'!M11-'Hampshire Daily'!M10)) -> 0 | M8: =IF(('Hampshire Daily'!N11-'Hampshire Daily'!N10<0),"0",('Hampshire Daily'!N11-'Hampshire Daily'!N10)) -> 2327 | N8: =IF(('Hampshire Daily'!O11-'Hampshire Daily'!O10<0),"0",('Hampshire Daily'!O11-'Hampshire Daily'!O10)) -> 90 | ... Q8: =IF(('Hampshire Daily'!R11-'Hampshire Daily'!R10<0),"0",('Hampshire Daily'!R11-'Hampshire Daily'!R10)) -> 0 | R8: =IF(('Hampshire Daily'!U11-'Hampshire Daily'!U10<0),"0",('Hampshire Daily'!U11-'Hampshire Daily'!U10)) -> 2 | S8: =IF(('Hampshire Daily'!V11-'Hampshire Daily'!V10<0),"0",('Hampshire Daily'!V11-'Hampshire Daily'!V10)) -> 0 | T8: =IF(('Hampshire Daily'!W11-'Hampshire Daily'!W10<0),"0",('Hampshire Daily'!W11-'Hampshire Daily'!W10)) -> 0 | U8: =IF(('Hampshire Daily'!X11-'Hampshire Daily'!X10<0),"0",('Hampshire Daily'!X11-'Hampshire Daily'!X10)) -> 0.138 | V8: =IF(('Hampshire Daily'!Y11-'Hampshire Daily'!Y10<0),"0",('Hampshire Daily'!Y11-'Hampshire Daily'!Y10)) -> 0.277 | W8: =IF(('Hampshire Daily'!Z11-'Hampshire Daily'!Z10<0),"0",('Hampshire Daily'!Z11-'Hampshire Daily'!Z10)) -> 0.011 | X8: =IF(('Hampshire Daily'!AA11-'Hampshire Daily'!AA10<0),"0",('Hampshire Daily'!AA11-'Hampshire Daily'!AA10)) -> 0 | Y8: =IF(('Hampshire Daily'!AB11-'Hampshire Daily'!AB10<0),"0",('Hampshire Daily'!AB11-'Hampshire Daily'!AB10)) -> 1 | Z8: ='[1]Hampshire Daily'!C11 -> 75 | AA8: ='[1]Hampshire Daily'!B11 -> 30
A9: Hampshire | B9: =B8+1 -> 8 | C9: 1 | D9: 2021 | E9: =IF(('Hampshire Daily'!D12-'Hampshire Daily'!D11<0),"0",('Hampshire Daily'!D12-'Hampshire Daily'!D11)) -> 1347 | F9: =IF(('Hampshire Daily'!F12-'Hampshire Daily'!F11<0),"0",('Hampshire Daily'!F12-'Hampshire Daily'!F11)) -> 3021 | G9: =IF(('Hampshire Daily'!H12-'Hampshire Daily'!H11<0),"0",('Hampshire Daily'!H12-'Hampshire Daily'!H11)) -> 717 | H9: =IF(('Hampshire Daily'!I12-'Hampshire Daily'!I11<0),"0",('Hampshire Daily'!I12-'Hampshire Daily'!I11)) -> 1360 | I9: =IF(('Hampshire Daily'!J12-'Hampshire Daily'!J11<0),"0",('Hampshire Daily'!J12-'Hampshire Daily'!J11)) -> 0 | J9: =IF(('Hampshire Daily'!K12-'Hampshire Daily'!K11<0),"0",('Hampshire Daily'!K12-'Hampshire Daily'!K11)) -> 800 | K9: =IF(('Hampshire Daily'!L12-'Hampshire Daily'!L11<0),"0",('Hampshire Daily'!L12-'Hampshire Daily'!L11)) -> 386 | L9: =IF(('Hampshire Daily'!M12-'Hampshire Daily'!M11<0),"0",('Hampshire Daily'!M12-'Hampshire Daily'!M11)) -> 90 | M9: =IF(('Hampshire Daily'!N12-'Hampshire Daily'!N11<0),"0",('Hampshire Daily'!N12-'Hampshire Daily'!N11)) -> 2207 | N9: =IF(('Hampshire Daily'!O12-'Hampshire Daily'!O11<0),"0",('Hampshire Daily'!O12-'Hampshire Daily'!O11)) -> 99 | ... Q9: =IF(('Hampshire Daily'!R12-'Hampshire Daily'!R11<0),"0",('Hampshire Daily'!R12-'Hampshire Daily'!R11)) -> 0 | R9: =IF(('Hampshire Daily'!U12-'Hampshire Daily'!U11<0),"0",('Hampshire Daily'!U12-'Hampshire Daily'!U11)) -> 1 | S9: =IF(('Hampshire Daily'!V12-'Hampshire Daily'!V11<0),"0",('Hampshire Daily'!V12-'Hampshire Daily'!V11)) -> 0 | T9: =IF(('Hampshire Daily'!W12-'Hampshire Daily'!W11<0),"0",('Hampshire Daily'!W12-'Hampshire Daily'!W11)) -> 0 | U9: =IF(('Hampshire Daily'!X12-'Hampshire Daily'!X11<0),"0",('Hampshire Daily'!X12-'Hampshire Daily'!X11)) -> 0.186 | V9: =IF(('Hampshire Daily'!Y12-'Hampshire Daily'!Y11<0),"0",('Hampshire Daily'!Y12-'Hampshire Daily'!Y11)) -> 0.368 | W9: =IF(('Hampshire Daily'!Z12-'Hampshire Daily'!Z11<0),"0",('Hampshire Daily'!Z12-'Hampshire Daily'!Z11)) -> 0.006 | X9: =IF(('Hampshire Daily'!AA12-'Hampshire Daily'!AA11<0),"0",('Hampshire Daily'!AA12-'Hampshire Daily'!AA11)) -> 0 | Y9: =IF(('Hampshire Daily'!AB12-'Hampshire Daily'!AB11<0),"0",('Hampshire Daily'!AB12-'Hampshire Daily'!AB11)) -> 3 | Z9: ='[1]Hampshire Daily'!C12 -> 50 | AA9: ='[1]Hampshire Daily'!B12 -> 21
A10: Hampshire | B10: =B9+1 -> 9 | C10: 1 | D10: 2021 | E10: =IF(('Hampshire Daily'!D13-'Hampshire Daily'!D12<0),"0",('Hampshire Daily'!D13-'Hampshire Daily'!D12)) -> 1288 | F10: =IF(('Hampshire Daily'!F13-'Hampshire Daily'!F12<0),"0",('Hampshire Daily'!F13-'Hampshire Daily'!F12)) -> 3507 | G10: =IF(('Hampshire Daily'!H13-'Hampshire Daily'!H12<0),"0",('Hampshire Daily'!H13-'Hampshire Daily'!H12)) -> 876 | H10: =IF(('Hampshire Daily'!I13-'Hampshire Daily'!I12<0),"0",('Hampshire Daily'!I13-'Hampshire Daily'!I12)) -> 1360 | I10: =IF(('Hampshire Daily'!J13-'Hampshire Daily'!J12<0),"0",('Hampshire Daily'!J13-'Hampshire Daily'!J12)) -> 0 | J10: =IF(('Hampshire Daily'!K13-'Hampshire Daily'!K12<0),"0",('Hampshire Daily'!K13-'Hampshire Daily'!K12)) -> 800 | K10: =IF(('Hampshire Daily'!L13-'Hampshire Daily'!L12<0),"0",('Hampshire Daily'!L13-'Hampshire Daily'!L12)) -> 181 | L10: =IF(('Hampshire Daily'!M13-'Hampshire Daily'!M12<0),"0",('Hampshire Daily'!M13-'Hampshire Daily'!M12)) -> 53 | M10: =IF(('Hampshire Daily'!N13-'Hampshire Daily'!N12<0),"0",('Hampshire Daily'!N13-'Hampshire Daily'!N12)) -> 2532 | N10: =IF(('Hampshire Daily'!O13-'Hampshire Daily'!O12<0),"0",('Hampshire Daily'!O13-'Hampshire Daily'!O12)) -> 60 | ... Q10: =IF(('Hampshire Daily'!R13-'Hampshire Daily'!R12<0),"0",('Hampshire Daily'!R13-'Hampshire Daily'!R12)) -> 0 | R10: =IF(('Hampshire Daily'!U13-'Hampshire Daily'!U12<0),"0",('Hampshire Daily'!U13-'Hampshire Daily'!U12)) -> 2 | S10: =IF(('Hampshire Daily'!V13-'Hampshire Daily'!V12<0),"0",('Hampshire Daily'!V13-'Hampshire Daily'!V12)) -> 0 | T10: =IF(('Hampshire Daily'!W13-'Hampshire Daily'!W12<0),"0",('Hampshire Daily'!W13-'Hampshire Daily'!W12)) -> 0 | U10: =IF(('Hampshire Daily'!X13-'Hampshire Daily'!X12<0),"0",('Hampshire Daily'!X13-'Hampshire Daily'!X12)) -> 0.19 | V10: =IF(('Hampshire Daily'!Y13-'Hampshire Daily'!Y12<0),"0",('Hampshire Daily'!Y13-'Hampshire Daily'!Y12)) -> 0.689 | W10: =IF(('Hampshire Daily'!Z13-'Hampshire Daily'!Z12<0),"0",('Hampshire Daily'!Z13-'Hampshire Daily'!Z12)) -> 0.007 | X10: =IF(('Hampshire Daily'!AA13-'Hampshire Daily'!AA12<0),"0",('Hampshire Daily'!AA13-'Hampshire Daily'!AA12)) -> 0 | Y10: =IF(('Hampshire Daily'!AB13-'Hampshire Daily'!AB12<0),"0",('Hampshire Daily'!AB13-'Hampshire Daily'!AB12)) -> 5 | Z10: ='[1]Hampshire Daily'!C13 -> 49 | AA10: ='[1]Hampshire Daily'!B13 -> 21
A11: Hampshire | B11: =B10+1 -> 10 | C11: 1 | D11: 2021 | E11: =IF(('Hampshire Daily'!D14-'Hampshire Daily'!D13<0),"0",('Hampshire Daily'!D14-'Hampshire Daily'!D13)) -> 813 | F11: =IF(('Hampshire Daily'!F14-'Hampshire Daily'!F13<0),"0",('Hampshire Daily'!F14-'Hampshire Daily'!F13)) -> 2839 | G11: =IF(('Hampshire Daily'!H14-'Hampshire Daily'!H13<0),"0",('Hampshire Daily'!H14-'Hampshire Daily'!H13)) -> 793 | H11: =IF(('Hampshire Daily'!I14-'Hampshire Daily'!I13<0),"0",('Hampshire Daily'!I14-'Hampshire Daily'!I13)) -> 1360 | I11: =IF(('Hampshire Daily'!J14-'Hampshire Daily'!J13<0),"0",('Hampshire Daily'!J14-'Hampshire Daily'!J13)) -> 0 | J11: =IF(('Hampshire Daily'!K14-'Hampshire Daily'!K13<0),"0",('Hampshire Daily'!K14-'Hampshire Daily'!K13)) -> 800 | K11: =IF(('Hampshire Daily'!L14-'Hampshire Daily'!L13<0),"0",('Hampshire Daily'!L14-'Hampshire Daily'!L13)) -> 200 | L11: =IF(('Hampshire Daily'!M14-'Hampshire Daily'!M13<0),"0",('Hampshire Daily'!M14-'Hampshire Daily'!M13)) -> 0 | M11: =IF(('Hampshire Daily'!N14-'Hampshire Daily'!N13<0),"0",('Hampshire Daily'!N14-'Hampshire Daily'!N13)) -> 1869 | N11: =IF(('Hampshire Daily'!O14-'Hampshire Daily'!O13<0),"0",('Hampshire Daily'!O14-'Hampshire Daily'!O13)) -> 110 | ... Q11: =IF(('Hampshire Daily'!R14-'Hampshire Daily'!R13<0),"0",('Hampshire Daily'!R14-'Hampshire Daily'!R13)) -> 0 | R11: =IF(('Hampshire Daily'!U14-'Hampshire Daily'!U13<0),"0",('Hampshire Daily'!U14-'Hampshire Daily'!U13)) -> 0 | S11: =IF(('Hampshire Daily'!V14-'Hampshire Daily'!V13<0),"0",('Hampshire Daily'!V14-'Hampshire Daily'!V13)) -> 0 | T11: =IF(('Hampshire Daily'!W14-'Hampshire Daily'!W13<0),"0",('Hampshire Daily'!W14-'Hampshire Daily'!W13)) -> 0 | U11: =IF(('Hampshire Daily'!X14-'Hampshire Daily'!X13<0),"0",('Hampshire Daily'!X14-'Hampshire Daily'!X13)) -> 0.148 | V11: =IF(('Hampshire Daily'!Y14-'Hampshire Daily'!Y13<0),"0",('Hampshire Daily'!Y14-'Hampshire Daily'!Y13)) -> 0.461 | W11: =IF(('Hampshire Daily'!Z14-'Hampshire Daily'!Z13<0),"0",('Hampshire Daily'!Z14-'Hampshire Daily'!Z13)) -> 0.011 | X11: =IF(('Hampshire Daily'!AA14-'Hampshire Daily'!AA13<0),"0",('Hampshire Daily'!AA14-'Hampshire Daily'!AA13)) -> 0 | Y11: =IF(('Hampshire Daily'!AB14-'Hampshire Daily'!AB13<0),"0",('Hampshire Daily'!AB14-'Hampshire Daily'!AB13)) -> 3 | Z11: ='[1]Hampshire Daily'!C14 -> 74 | AA11: ='[1]Hampshire Daily'!B14 -> 32
A12: Hampshire | B12: =B11+1 -> 11 | C12: 1 | D12: 2021 | E12: =IF(('Hampshire Daily'!D15-'Hampshire Daily'!D14<0),"0",('Hampshire Daily'!D15-'Hampshire Daily'!D14)) -> 964 | F12: =IF(('Hampshire Daily'!F15-'Hampshire Daily'!F14<0),"0",('Hampshire Daily'!F15-'Hampshire Daily'!F14)) -> 3191 | G12: =IF(('Hampshire Daily'!H15-'Hampshire Daily'!H14<0),"0",('Hampshire Daily'!H15-'Hampshire Daily'!H14)) -> 614 | H12: =IF(('Hampshire Daily'!I15-'Hampshire Daily'!I14<0),"0",('Hampshire Daily'!I15-'Hampshire Daily'!I14)) -> 1360 | I12: =IF(('Hampshire Daily'!J15-'Hampshire Daily'!J14<0),"0",('Hampshire Daily'!J15-'Hampshire Daily'!J14)) -> 0 | J12: =IF(('Hampshire Daily'!K15-'Hampshire Daily'!K14<0),"0",('Hampshire Daily'!K15-'Hampshire Daily'!K14)) -> 800 | K12: =IF(('Hampshire Daily'!L15-'Hampshire Daily'!L14<0),"0",('Hampshire Daily'!L15-'Hampshire Daily'!L14)) -> 191 | L12: =IF(('Hampshire Daily'!M15-'Hampshire Daily'!M14<0),"0",('Hampshire Daily'!M15-'Hampshire Daily'!M14)) -> 0 | M12: =IF(('Hampshire Daily'!N15-'Hampshire Daily'!N14<0),"0",('Hampshire Daily'!N15-'Hampshire Daily'!N14)) -> 2064 | N12: =IF(('Hampshire Daily'!O15-'Hampshire Daily'!O14<0),"0",('Hampshire Daily'!O15-'Hampshire Daily'!O14)) -> 70 | ... Q12: =IF(('Hampshire Daily'!R15-'Hampshire Daily'!R14<0),"0",('Hampshire Daily'!R15-'Hampshire Daily'!R14)) -> 0 | R12: =IF(('Hampshire Daily'!U15-'Hampshire Daily'!U14<0),"0",('Hampshire Daily'!U15-'Hampshire Daily'!U14)) -> 3 | S12: =IF(('Hampshire Daily'!V15-'Hampshire Daily'!V14<0),"0",('Hampshire Daily'!V15-'Hampshire Daily'!V14)) -> 16 | T12: =IF(('Hampshire Daily'!W15-'Hampshire Daily'!W14<0),"0",('Hampshire Daily'!W15-'Hampshire Daily'!W14)) -> 0 | U12: =IF(('Hampshire Daily'!X15-'Hampshire Daily'!X14<0),"0",('Hampshire Daily'!X15-'Hampshire Daily'!X14)) -> 0.176 | V12: =IF(('Hampshire Daily'!Y15-'Hampshire Daily'!Y14<0),"0",('Hampshire Daily'!Y15-'Hampshire Daily'!Y14)) -> 0.361 | W12: =IF(('Hampshire Daily'!Z15-'Hampshire Daily'!Z14<0),"0",('Hampshire Daily'!Z15-'Hampshire Daily'!Z14)) -> 0.008 | X12: =IF(('Hampshire Daily'!AA15-'Hampshire Daily'!AA14<0),"0",('Hampshire Daily'!AA15-'Hampshire Daily'!AA14)) -> 0 | Y12: =IF(('Hampshire Daily'!AB15-'Hampshire Daily'!AB14<0),"0",('Hampshire Daily'!AB15-'Hampshire Daily'!AB14)) -> 4 | Z12: ='[1]Hampshire Daily'!C15 -> 146 | AA12: ='[1]Hampshire Daily'!B15 -> 59
A13: Hampshire | B13: =B12+1 -> 12 | C13: 1 | D13: 2021 | E13: =IF(('Hampshire Daily'!D16-'Hampshire Daily'!D15<0),"0",('Hampshire Daily'!D16-'Hampshire Daily'!D15)) -> 1004 | F13: =IF(('Hampshire Daily'!F16-'Hampshire Daily'!F15<0),"0",('Hampshire Daily'!F16-'Hampshire Daily'!F15)) -> 2608 | G13: =IF(('Hampshire Daily'!H16-'Hampshire Daily'!H15<0),"0",('Hampshire Daily'!H16-'Hampshire Daily'!H15)) -> 637 | H13: =IF(('Hampshire Daily'!I16-'Hampshire Daily'!I15<0),"0",('Hampshire Daily'!I16-'Hampshire Daily'!I15)) -> 1360 | I13: =IF(('Hampshire Daily'!J16-'Hampshire Daily'!J15<0),"0",('Hampshire Daily'!J16-'Hampshire Daily'!J15)) -> 0 | J13: =IF(('Hampshire Daily'!K16-'Hampshire Daily'!K15<0),"0",('Hampshire Daily'!K16-'Hampshire Daily'!K15)) -> 800 | K13: =IF(('Hampshire Daily'!L16-'Hampshire Daily'!L15<0),"0",('Hampshire Daily'!L16-'Hampshire Daily'!L15)) -> 171 | L13: =IF(('Hampshire Daily'!M16-'Hampshire Daily'!M15<0),"0",('Hampshire Daily'!M16-'Hampshire Daily'!M15)) -> 2 | M13: =IF(('Hampshire Daily'!N16-'Hampshire Daily'!N15<0),"0",('Hampshire Daily'!N16-'Hampshire Daily'!N15)) -> 1869 | N13: =IF(('Hampshire Daily'!O16-'Hampshire Daily'!O15<0),"0",('Hampshire Daily'!O16-'Hampshire Daily'!O15)) -> 75 | ... Q13: =IF(('Hampshire Daily'!R16-'Hampshire Daily'!R15<0),"0",('Hampshire Daily'!R16-'Hampshire Daily'!R15)) -> 1 | R13: =IF(('Hampshire Daily'!U16-'Hampshire Daily'!U15<0),"0",('Hampshire Daily'!U16-'Hampshire Daily'!U15)) -> 2 | S13: =IF(('Hampshire Daily'!V16-'Hampshire Daily'!V15<0),"0",('Hampshire Daily'!V16-'Hampshire Daily'!V15)) -> 0 | T13: =IF(('Hampshire Daily'!W16-'Hampshire Daily'!W15<0),"0",('Hampshire Daily'!W16-'Hampshire Daily'!W15)) -> 0 | U13: =IF(('Hampshire Daily'!X16-'Hampshire Daily'!X15<0),"0",('Hampshire Daily'!X16-'Hampshire Daily'!X15)) -> 0.153 | V13: =IF(('Hampshire Daily'!Y16-'Hampshire Daily'!Y15<0),"0",('Hampshire Daily'!Y16-'Hampshire Daily'!Y15)) -> 0.603 | W13: =IF(('Hampshire Daily'!Z16-'Hampshire Daily'!Z15<0),"0",('Hampshire Daily'!Z16-'Hampshire Daily'!Z15)) -> 0.025 | X13: =IF(('Hampshire Daily'!AA16-'Hampshire Daily'!AA15<0),"0",('Hampshire Daily'!AA16-'Hampshire Daily'!AA15)) -> 0 | Y13: =IF(('Hampshire Daily'!AB16-'Hampshire Daily'!AB15<0),"0",('Hampshire Daily'!AB16-'Hampshire Daily'!AB15)) -> 3 | Z13: ='[1]Hampshire Daily'!C16 -> 183 | AA13: ='[1]Hampshire Daily'!B16 -> 71
A14: Hampshire | B14: =B13+1 -> 13 | C14: 1 | D14: 2021 | E14: =IF(('Hampshire Daily'!D17-'Hampshire Daily'!D16<0),"0",('Hampshire Daily'!D17-'Hampshire Daily'!D16)) -> 1433 | F14: =IF(('Hampshire Daily'!F17-'Hampshire Daily'!F16<0),"0",('Hampshire Daily'!F17-'Hampshire Daily'!F16)) -> 3081 | G14: =IF(('Hampshire Daily'!H17-'Hampshire Daily'!H16<0),"0",('Hampshire Daily'!H17-'Hampshire Daily'!H16)) -> 701 | H14: =IF(('Hampshire Daily'!I17-'Hampshire Daily'!I16<0),"0",('Hampshire Daily'!I17-'Hampshire Daily'!I16)) -> 1360 | I14: =IF(('Hampshire Daily'!J17-'Hampshire Daily'!J16<0),"0",('Hampshire Daily'!J17-'Hampshire Daily'!J16)) -> 0 | J14: =IF(('Hampshire Daily'!K17-'Hampshire Daily'!K16<0),"0",('Hampshire Daily'!K17-'Hampshire Daily'!K16)) -> 800 | K14: =IF(('Hampshire Daily'!L17-'Hampshire Daily'!L16<0),"0",('Hampshire Daily'!L17-'Hampshire Daily'!L16)) -> 161 | L14: =IF(('Hampshire Daily'!M17-'Hampshire Daily'!M16<0),"0",('Hampshire Daily'!M17-'Hampshire Daily'!M16)) -> 103 | M14: =IF(('Hampshire Daily'!N17-'Hampshire Daily'!N16<0),"0",('Hampshire Daily'!N17-'Hampshire Daily'!N16)) -> 1847 | N14: =IF(('Hampshire Daily'!O17-'Hampshire Daily'!O16<0),"0",('Hampshire Daily'!O17-'Hampshire Daily'!O16)) -> 78 | ... Q14: =IF(('Hampshire Daily'!R17-'Hampshire Daily'!R16<0),"0",('Hampshire Daily'!R17-'Hampshire Daily'!R16)) -> 0 | R14: =IF(('Hampshire Daily'!U17-'Hampshire Daily'!U16<0),"0",('Hampshire Daily'!U17-'Hampshire Daily'!U16)) -> 2 | S14: =IF(('Hampshire Daily'!V17-'Hampshire Daily'!V16<0),"0",('Hampshire Daily'!V17-'Hampshire Daily'!V16)) -> 0 | T14: =IF(('Hampshire Daily'!W17-'Hampshire Daily'!W16<0),"0",('Hampshire Daily'!W17-'Hampshire Daily'!W16)) -> 0 | U14: =IF(('Hampshire Daily'!X17-'Hampshire Daily'!X16<0),"0",('Hampshire Daily'!X17-'Hampshire Daily'!X16)) -> 0.148 | V14: =IF(('Hampshire Daily'!Y17-'Hampshire Daily'!Y16<0),"0",('Hampshire Daily'!Y17-'Hampshire Daily'!Y16)) -> 0.692 | W14: =IF(('Hampshire Daily'!Z17-'Hampshire Daily'!Z16<0),"0",('Hampshire Daily'!Z17-'Hampshire Daily'!Z16)) -> 0.02 | X14: =IF(('Hampshire Daily'!AA17-'Hampshire Daily'!AA16<0),"0",('Hampshire Daily'!AA17-'Hampshire Daily'!AA16)) -> 0 | Y14: =IF(('Hampshire Daily'!AB17-'Hampshire Daily'!AB16<0),"0",('Hampshire Daily'!AB17-'Hampshire Daily'!AB16)) -> 3 | Z14: ='[1]Hampshire Daily'!C17 -> 141 | AA14: ='[1]Hampshire Daily'!B17 -> 51
... A32: Hampshire | B32: =B31+1 -> 31 | C32: 1 | D32: 2021 | E32: =IF(('Hampshire Daily'!D35-'Hampshire Daily'!D34<0),"0",('Hampshire Daily'!D35-'Hampshire Daily'!D34)) -> 908 | F32: =IF(('Hampshire Daily'!F35-'Hampshire Daily'!F34<0),"0",('Hampshire Daily'!F35-'Hampshire Daily'!F34)) -> 331 | G32: =IF(('Hampshire Daily'!H35-'Hampshire Daily'!H34<0),"0",('Hampshire Daily'!H35-'Hampshire Daily'!H34)) -> 13 | H32: =IF(('Hampshire Daily'!I35-'Hampshire Daily'!I34<0),"0",('Hampshire Daily'!I35-'Hampshire Daily'!I34)) -> 1273 | I32: =IF(('Hampshire Daily'!J35-'Hampshire Daily'!J34<0),"0",('Hampshire Daily'!J35-'Hampshire Daily'!J34)) -> 0 | J32: =IF(('Hampshire Daily'!K35-'Hampshire Daily'!K34<0),"0",('Hampshire Daily'!K35-'Hampshire Daily'!K34)) -> 650 | K32: =IF(('Hampshire Daily'!L35-'Hampshire Daily'!L34<0),"0",('Hampshire Daily'!L35-'Hampshire Daily'!L34)) -> 143 | L32: =IF(('Hampshire Daily'!M35-'Hampshire Daily'!M34<0),"0",('Hampshire Daily'!M35-'Hampshire Daily'!M34)) -> 17 | M32: =IF(('Hampshire Daily'!N35-'Hampshire Daily'!N34<0),"0",('Hampshire Daily'!N35-'Hampshire Daily'!N34)) -> 2321 | N32: =IF(('Hampshire Daily'!O35-'Hampshire Daily'!O34<0),"0",('Hampshire Daily'!O35-'Hampshire Daily'!O34)) -> 42 | ... Q32: =IF(('Hampshire Daily'!R35-'Hampshire Daily'!R34<0),"0",('Hampshire Daily'!R35-'Hampshire Daily'!R34)) -> 0 | R32: =IF(('Hampshire Daily'!U35-'Hampshire Daily'!U34<0),"0",('Hampshire Daily'!U35-'Hampshire Daily'!U34)) -> 0 | S32: =IF(('Hampshire Daily'!V35-'Hampshire Daily'!V34<0),"0",('Hampshire Daily'!V35-'Hampshire Daily'!V34)) -> 0 | T32: =IF(('Hampshire Daily'!W35-'Hampshire Daily'!W34<0),"0",('Hampshire Daily'!W35-'Hampshire Daily'!W34)) -> 0 | U32: =IF(('Hampshire Daily'!X35-'Hampshire Daily'!X34<0),"0",('Hampshire Daily'!X35-'Hampshire Daily'!X34)) -> 0.143 | V32: =IF(('Hampshire Daily'!Y35-'Hampshire Daily'!Y34<0),"0",('Hampshire Daily'!Y35-'Hampshire Daily'!Y34)) -> 0.145 | W32: =IF(('Hampshire Daily'!Z35-'Hampshire Daily'!Z34<0),"0",('Hampshire Daily'!Z35-'Hampshire Daily'!Z34)) -> 0.01 | X32: =IF(('Hampshire Daily'!AA35-'Hampshire Daily'!AA34<0),"0",('Hampshire Daily'!AA35-'Hampshire Daily'!AA34)) -> 0 | Y32: =IF(('Hampshire Daily'!AB35-'Hampshire Daily'!AB34<0),"0",('Hampshire Daily'!AB35-'Hampshire Daily'!AB34)) -> 3 | Z32: ='[1]Hampshire Daily'!C35 -> 12 | AA32: ='[1]Hampshire Daily'!B35 -> 12

Sheet Hampshire Daily
D1: Electrical | N1: Gas | O1: Main Site Water Meter | S1: Water Softener Meter | U1: Hard Water Supply | V1: Pool Supply | X1: LTHW Spa | Y1: LTHW East | Z1: Chilled make-up | AA1: Orchard irrigation | AB1: Kids pool
B2: Room Night | C2: Guest | D2: Meter 1 | E2: Check 1 | F2: Meter 2 | G2: Check 2 | H2: East MCC | I2: South MCC 1 | J2: South MCC 2 | K2: West MCC | L2: Kitchen sub meter | M2: Spa electric | P2: Chiller | Q2: Chiller | R2: Chiller | W2: CL02 | AC2: Spa CHP Electric generated | AD2: East CHP Electric generated
P3: 2 | Q3: 3 | R3: 4
A4: 44196 | B4: 10 | C4: 10 | D4: 180160 | E4: 180435 | F4: 222704 | G4: 222463 | H4: 207198 | I4: 6888817 | J4: 31845 | K4: 4856745 | L4: 612994 | M4: 2624717 | N4: 688564 | O4: 349658 | P4: 1471368 | Q4: 602986 | R4: 672 | S4: 327908 | T4: 28472 | U4: 50186 | V4: 30394 | X4: 476.888 | Y4: 871.838 | Z4: 3883.394 | AA4: 2153 | AB4: 922
A5: 44197 | B5: 10 | C5: 10 | D5: 181970 | E5: 181375 | F5: 225181 | G5: 224938 | H5: 207698 | I5: =I4+1360 -> 6890177 | J5: 31845 | K5: =K4+800 -> 4857545 | L5: 613217 | M5: 2624723 | N5: 690909 | O5: 349728 | P5: 1471368 | Q5: 603007 | R5: 672 | S5: 327958 | T5: 28531 | U5: 50187 | V5: 30394 | X5: 476.952 | Y5: 872.054 | Z5: 3883.563 | AA5: 2153 | AB5: 925
A6: 44198 | B6: 10 | C6: 10 | D6: 182081 | E6: 182360 | F6: 228480 | G6: 228234 | H6: 208788 | I6: =I5+1360 -> 6891537 | J6: 31845 | K6: =K5+800 -> 4858345 | L6: =L5+171 -> 613388 | M6: 2624736 | N6: 692992 | O6: 349807 | P6: 1471368 | Q6: 603062 | R6: 672 | S6: 328014 | T6: 28594 | U6: 50189 | V6: 30394 | X6: 477.044 | Y6: 872.4 | Z6: 3883.577 | AA6: 2153 | AB6: 927
A7: 44199 | B7: 10 | C7: 10 | D7: 184834 | E7: 185117 | F7: 231737 | G7: 231486 | H7: 209110 | I7: =I6+1360 -> 6892897 | J7: 31845 | K7: =K6+800 -> 4859145 | L7: =L6+171 -> 613559 | M7: 2625168 | N7: 695043 | O7: 349875 | P7: 1471368 | Q7: 603131 | R7: 672 | S7: 328057 | T7: 28646 | U7: 50190 | V7: 30395 | X7: 477.132 | Y7: 872.815 | Z7: 3883.589 | AA7: 2153 | AB7: 932
A8: 44200 | B8: 10 | C8: 10 | D8: 185761 | E8: 186045 | F8: 233486 | G8: 233233 | H8: 209437 | I8: =I7+1360 -> 6894257 | J8: 31845 | K8: =K7+800 -> 4859945 | L8: =L7+171 -> 613730 | M8: 2625175 | N8: 697168 | O8: 349962 | P8: 1471368 | Q8: 603205 | R8: 672 | S8: 328103 | T8: 28698 | U8: 50192 | V8: 30396 | X8: 477.231 | Y8: 873.152 | Z8: 3883.602 | AA8: 2153 | AB8: 935
A9: 44201 | B9: 10 | C9: 10 | D9: 186758 | E9: 187044 | F9: 235395 | G9: 235139 | H9: 209779 | I9: =I8+1360 -> 6895617 | J9: 31845 | K9: =K8+800 -> 4860745 | L9: =L8+201 -> 613931 | M9: 2625175 | N9: 699465 | O9: 350046 | P9: 1471368 | Q9: 603273 | R9: 672 | S9: 328164 | T9: 28765 | U9: 50195 | V9: 30396 | X9: 477.367 | Y9: 873.499 | Z9: 3883.618 | AA9: 2153 | AB9: 936
A10: 44202 | B10: 10 | C10: 10 | D10: 188205 | E10: 188493 | F10: 237449 | G10: 237191 | H10: 210209 | I10: =I9+1360 -> 6896977 | J10: 31845 | K10: =K9+800 -> 4861545 | L10: =L9+400 -> 614331 | M10: 2625272 | N10: 701623 | O10: 350101 | P10: 1471371 | Q10: 603379 | R10: 672 | S10: 328240 | T10: 28846 | U10: 50196 | V10: 30396 | X10: 477.49 | Y10: 873.912 | Z10: 3883.626 | AA10: 2153 | AB10: 938
A11: 44203 | B11: 10 | C11: 10 | D11: 189249 | E11: 189538 | F11: 240087 | G11: 239526 | H11: 210786 | I11: =I10+1360 -> 6898337 | J11: 31845 | K11: =K10+800 -> 4862345 | L11: =L10+200 -> 614531 | M11: 2625272 | N11: 703950 | O11: 350191 | P11: 1471371 | Q11: 603478 | R11: 672 | S11: 328296 | T11: 28908 | U11: 50198 | V11: 30396 | X11: 477.628 | Y11: 874.189 | Z11: 3883.637 | AA11: 2153 | AB11: 939
A12: 44204 | B12: 10 | C12: 10 | D12: 190596 | E12: 190887 | F12: 243108 | G12: 242844 | H12: 211503 | I12: =I11+1360 -> 6899697 | J12: 31845 | K12: =K11+800 -> 4863145 | L12: 614917 | M12: 2625362 | N12: 706157 | O12: 350290 | P12: 1471371 | Q12: 603510 | R12: 672 | S12: 328349 | T12: 28975 | U12: 50199 | V12: 30396 | X12: 477.814 | Y12: 874.557 | Z12: 3883.643 | AA12: 2153 | AB12: 942
A13: 44205 | B13: 10 | C13: 10 | D13: 191884 | E13: 192177 | F13: 246615 | G13: 246346 | H13: 212379 | I13: =I12+1360 -> 6901057 | J13: 31845 | K13: =K12+800 -> 4863945 | L13: =L12+181 -> 615098 | M13: 2625415 | N13: 708689 | O13: 350350 | P13: 1471371 | Q13: 603510 | R13: 672 | S13: 328397 | T13: 29043 | U13: 50201 | V13: 30396 | X13: 478.004 | Y13: 875.246 | Z13: 3883.65 | AA13: 2153 | AB13: 947
A14: 44206 | B14: 10 | C14: 10 | D14: 192697 | E14: 192991 | F14: 249454 | G14: 249181 | H14: 213172 | I14: =I13+1360 -> 6902417 | J14: 31845 | K14: =K13+800 -> 4864745 | L14: =L13+200 -> 615298 | M14: 2625415 | N14: 710558 | O14: 350460 | P14: 1471371 | Q14: 603510 | R14: 672 | S14: 328426 | T14: 29092 | U14: 50201 | V14: 30396 | X14: 478.152 | Y14: 875.707 | Z14: 3883.661 | AA14: 2153 | AB14: 950
A15: 44207 | B15: 10 | C15: 10 | D15: 193661 | E15: 193957 | F15: 252645 | G15: 252369 | H15: 213786 | I15: =I14+1360 -> 6903777 | J15: 31845 | K15: =K14+800 -> 4865545 | L15: =L14+191 -> 615489 | M15: 2625415 | N15: 712622 | O15: 350530 | P15: 1471374 | Q15: 603510 | R15: 672 | S15: 328475 | T15: 29148 | U15: 50204 | V15: 30412 | X15: 478.328 | Y15: 876.068 | Z15: 3883.669 | AA15: 2153 | AB15: 954
A16: 44208 | B16: 10 | C16: 10 | D16: 194665 | E16: 194963 | F16: 255253 | G16: 254974 | H16: 214423 | I16: =I15+1360 -> 6905137 | J16: 31845 | K16: =K15+800 -> 4866345 | L16: =L15+171 -> 615660 | M16: 2625417 | N16: 714491 | O16: 350605 | P16: 1471374 | Q16: 603510 | R16: 673 | S16: 328525 | T16: 29205 | U16: 50206 | V16: 30412 | X16: 478.481 | Y16: 876.671 | Z16: 3883.694 | AA16: 2153 | AB16: 957
A17: 44209 | B17: 10 | C17: 10 | D17: 196098 | E17: 196397 | F17: 258334 | G17: 258052 | H17: 215124 | I17: =I16+1360 -> 6906497 | J17: 31845 | K17: =K16+800 -> 4867145 | L17: =L16+161 -> 615821 | M17: 2625520 | N17: 716338 | O17: 350683 | P17: 1471374 | Q17: 603510 | R17: 673 | S17: 328578 | T17: 29264 | U17: 50208 | V17: 30412 | X17: 478.629 | Y17: 877.363 | Z17: 3883.714 | AA17: 2153 | AB17: 960
A18: 44210 | B18: 10 | C18: 10 | D18: 197187 | E18: 197488 | F18: 261164 | G18: 260878 | H18: 215756 | I18: =I17+1360 -> 6907857 | J18: 31845 | K18: =K17+800 -> 4867945 | L18: 616222 | M18: 2625522 | N18: 718145 | O18: 350749 | P18: 1471374 | Q18: 603510 | R18: 674 | S18: 328635 | T18: 29328 | U18: 50209 | V18: 30412 | X18: 478.765 | Y18: 878.037 | Z18: 3883.737 | AA18: 2153 | AB18: 963
A19: 44211 | B19: 10 | C19: 10 | D19: 198197 | E19: 198499 | F19: 264289 | G19: 263999 | H19: 216479 | I19: =I18+1360 -> 6909217 | J19: 31845 | K19: =K18+800 -> 4868745 | L19: =L18+191 -> 616413 | M19: 2625522 | N19: 720061 | O19: 350823 | P19: 1471374 | Q19: 603510 | R19: 674 | S19: 328690 | T19: 29392 | U19: 50211 | V19: 30412 | X19: 478.925 | Y19: 878.757 | Z19: 3883.753 | AA19: 2153 | AB19: 967
A20: 44212 | B20: 10 | C20: 10 | D20: 199322 | E20: 199626 | F20: 267248 | G20: 266955 | H20: 217183 | I20: =I19+1360 -> 6910577 | J20: 31845 | K20: =K19+800 -> 4869545 | L20: =L19+200 -> 616613 | M20: 2625523 | N20: 722093 | O20: 350921 | P20: 1471374 | Q20: 603510 | R20: 674 | S20: 328751 | T20: 29459 | U20: 50212 | V20: 30412 | X20: 479.087 | Y20: 879.249 | Z20: 3883.771 | AA20: 2153 | AB20: 970
A21: 44213 | B21: 10 | C21: 10 | D21: 200293 | E21: 200599 | F21: 267900 | G21: 267606 | H21: 217224 | I21: =I20+1360 -> 6911937 | J21: 31845 | K21: =K20+800 -> 4870345 | L21: =L20+200 -> 616813 | M21: 2625525 | N21: 724250 | O21: 350998 | P21: 1471374 | Q21: 603510 | R21: 675 | S21: 328805 | T21: 29519 | U21: 50212 | V21: 30412 | X21: 479.249 | Y21: 879.521 | Z21: 3883.789 | AA21: 2153 | AB21: 974
A22: 44214 | B22: 10 | C22: 10 | D22: 201271 | E22: 201579 | F22: 270082 | G22: 269787 | H22: 217635 | I22: =I21+1360 -> 6913297 | J22: 31845 | K22: =K21+800 -> 4871145 | L22: 617095 | M22: 2625528 | N22: 726318 | O22: 351079 | P22: 1471374 | Q22: 603510 | R22: 675 | S22: 328860 | T22: 29582 | U22: 50213 | V22: 30423 | X22: 479.423 | Y22: 879.837 | Z22: 3883.811 | AA22: 2153 | AB22: 978
A23: 44215 | B23: 10 | C23: 10 | D23: 202427 | E23: 202736 | F23: 271224 | G23: 270927 | H23: 217799 | I23: =I22+1360 -> 6914657 | J23: 31845 | K23: =K22+800 -> 4871945 | L23: =L22+200 -> 617295 | M23: 2625546 | N23: 728464 | O23: 351158 | P23: 1471374 | Q23: 603510 | R23: 675 | S23: 328916 | T23: 29642 | U23: 50215 | V23: 30423 | X23: 479.579 | Y23: 880.059 | Z23: 3883.828 | AA23: 2153 | AB23: 980
A24: 44216 | B24: 10 | C24: 10 | D24: 203341 | E24: 203651 | F24: 271642 | G24: 271344 | H24: 217818 | I24: =I23+1360 -> 6916017 | J24: 31845 | K24: =K23+800 -> 4872745 | L24: 617474 | M24: 2625551 | N24: 730293 | O24: 351227 | P24: 1471374 | Q24: 603510 | R24: 676 | S24: 328979 | T24: 29710 | U24: 50216 | V24: 30423 | X24: 479.726 | Y24: 880.182 | Z24: 3883.848 | AA24: 2153 | AB24: 983
A25: 44217 | B25: 10 | C25: 10 | D25: 204320 | E25: 204632 | F25: 273968 | G25: 273668 | H25: 218290 | I25: =I24+1360 -> 6917377 | J25: 31845 | K25: =K24+800 -> 4873545 | L25: 617669 | M25: 2625554 | N25: 732180 | O25: 351310 | P25: 1471374 | Q25: 603510 | R25: 676 | S25: 329042 | T25: 29782 | U25: 50217 | V25: 30423 | X25: 479.878 | Y25: 880.419 | Z25: 3883.871 | AA25: 2153 | AB25: 985
A26: 44218 | B26: 10 | C26: 10 | D26: 205272 | E26: 205586 | F26: 274894 | G26: 274593 | H26: 218409 | I26: =I25+1360 -> 6918737 | J26: 31845 | K26: =K25+800 -> 4874345 | L26: =L25+200 -> 617869 | M26: 2625554 | N26: 734322 | O26: 351395 | P26: 1471374 | Q26: 603510 | R26: 676 | S26: 329111 | T26: 29859 | U26: 50219 | V26: 30423 | X26: 480.014 | Y26: 880.657 | Z26: 3883.887 | AA26: 2153 | AB26: 986
A27: 44219 | B27: 10 | C27: 10 | D27: 206213 | E27: 206528 | F27: 275383 | G27: 275081 | H27: 218424 | I27: =I26+1360 -> 6920097 | J27: 31845 | K27: =K26+800 -> 4875145 | L27: =L26+200 -> 618069 | M27: 2625556 | N27: 736624 | O27: 351472 | P27: 1471374 | Q27: 603510 | R27: 676 | S27: 329176 | T27: 29930 | U27: 50222 | V27: 30424 | X27: 480.158 | Y27: 880.896 | Z27: 3883.898 | AA27: 2153 | AB27: 991
A28: 44220 | B28: 10 | C28: 10 | D28: 207188 | E28: 207490 | F28: 276225 | G28: 275863 | H28: 218424 | I28: =I27+1360 -> 6921457 | J28: 31845 | K28: =K27+800 -> 4875945 | L28: =L27+200 -> 618269 | M28: 2625557 | N28: 738770 | O28: 351562 | P28: 1471374 | Q28: 603510 | R28: 676 | S28: 329224 | T28: 29986 | U28: 50223 | V28: 30424 | X28: 480.305 | Y28: 881.193 | Z28: 3883.908 | AA28: 2153 | AB28: 993
A29: 44221 | B29: 10 | C29: 10 | D29: 207995 | E29: 208312 | F29: 276396 | G29: 276093 | H29: 218451 | I29: =I28+1360 -> 6922817 | J29: 31845 | K29: =K28+800 -> 4876745 | L29: 618511 | M29: 2625557 | N29: 741677 | O29: 351621 | P29: 1471374 | Q29: 603510 | R29: 676 | S29: 329273 | T29: 30041 | U29: 50224 | V29: 30427 | X29: 480.463 | Y29: 881.495 | Z29: 3883.912 | AA29: 2153 | AB29: 1000
A30: 44222 | B30: 10 | C30: 10 | D30: 208945 | E30: 209264 | F30: 276787 | G30: 276483 | H30: 218455 | I30: =I29+1360 -> 6924177 | J30: 31845 | K30: =K29+800 -> 4877545 | L30: 618717 | M30: 2625558 | N30: 744272 | O30: 351625 | P30: 1471374 | Q30: 603510 | R30: 677 | S30: 329332 | T30: 30106 | U30: 50225 | V30: 30427 | X30: 480.699 | Y30: 881.805 | Z30: 3883.923 | AA30: 2153 | AB30: 1003
A31: 44223 | B31: 10 | C31: 10 | D31: 209913 | E31: 210233 | F31: 277093 | G31: 276790 | H31: 218463 | I31: =I30+1360 -> 6925537 | J31: 31845 | K31: =K30+800 -> 4878345 | L31: 618892 | M31: 2625586 | N31: 746360 | O31: 351731 | P31: 1471374 | Q31: 603597 | R31: 677 | S31: 329338 | T31: 30124 | U31: 50226 | V31: 30427 | X31: 480.812 | Y31: 882.023 | Z31: 3883.938 | AA31: 2153 | AB31: 1008
A32: 44224 | B32: 10 | C32: 10 | D32: 211096 | E32: 211418 | F32: 278976 | G32: 278670 | H32: 218827 | I32: 6927000 | J32: 31845 | K32: 4879173 | L32: =L31+200 -> 619092 | M32: 2625642 | N32: 748219 | O32: 351759 | P32: 1471374 | Q32: 603748 | R32: 677 | S32: 329344 | T32: 30140 | U32: 50227 | V32: 30427 | X32: 480.908 | Y32: 882.291 | Z32: 3883.949 | AA32: 2153 | AB32: 1011
A33: 44225 | B33: 10 | C33: 10 | D33: 212247 | E33: 212571 | F33: 279353 | G33: 279048 | H33: 218843 | I33: 6928474 | J33: 31845 | K33: 4879859 | L33: 619264 | M33: 2625671 | N33: 750309 | O33: 351781 | P33: 1471374 | Q33: 603919 | R33: 677 | S33: 329348 | T33: 30153 | U33: 50229 | V33: 30427 | X33: 481.014 | Y33: 882.374 | Z33: 3883.96 | AA33: 2153 | AB33: 1013
A34: 44226 | B34: 10 | C34: 10 | D34: 213304 | E34: 213630 | F34: 279745 | G34: 279440 | H34: 218867 | I34: =I33+1360 -> 6929834 | J34: 31845 | K34: =K33+650 -> 4880509 | L34: =L33+200 -> 619464 | M34: 2625699 | N34: 752364 | O34: 351822 | P34: 1471374 | Q34: 604071 | R34: 677 | S34: 329371 | T34: 30182 | U34: 50231 | V34: 30427 | X34: 481.121 | Y34: 882.443 | Z34: 3883.971 | AA34: 2153 | AB34: 1016
A35: 44227 | B35: 10 | C35: 10 | D35: 214212 | E35: 214539 | F35: 280076 | G35: 279770 | H35: 218880 | I35: 6931107 | J35: 31845 | K35: 4881159 | L35: 619607 | M35: 2625716 | N35: 754685 | O35: 351864 | P35: 1471374 | Q35: 604172 | R35: 677 | S35: 329383 | T35: 30217 | U35: 50231 | V35: 30427 | X35: 481.264 | Y35: 882.588 | Z35: 3883.981 | AA35: 2153 | AB35: 1019

Sheet Sheet1
A3: 4038 | D3: 308582
A4: 4226 | B4: =A4-A3 -> 188 | D4: 308751 | E4: =D4-D3 -> 169 | G4: =B4-E4 -> 19
A5: 4334 | B5: =A5-A4 -> 108 | D5: 308839 | E5: =D5-D4 -> 88 | G5: =B5-E5 -> 20
A6: 4442 | B6: =A6-A5 -> 108 | D6: 308927 | E6: =D6-D5 -> 88 | G6: =B6-E6 -> 20
A7: 4558 | B7: =A7-A6 -> 116 | D7: 309026 | E7: =D7-D6 -> 99 | G7: =B7-E7 -> 17
A8: 4673 | B8: =A8-A7 -> 115 | D8: 309122 | E8: =D8-D7 -> 96 | G8: =B8-E8 -> 19
A9: 4752 | B9: =A9-A8 -> 79 | D9: 309201 | E9: =D9-D8 -> 79 | G9: =B9-E9 -> 0
A10: 4851 | B10: =A10-A9 -> 99 | D10: 309283 | E10: =D10-D9 -> 82 | G10: =B10-E10 -> 17
A11: 4930 | B11: =A11-A10 -> 79 | D11: 309351 | E11: =D11-D10 -> 68 | G11: =B11-E11 -> 11
A12: 4996 | B12: =A12-A11 -> 66 | D12: 309403 | E12: =D12-D11 -> 52 | G12: =B12-E12 -> 14
A13: 5066 | B13: =A13-A12 -> 70 | D13: 309454 | E13: =D13-D12 -> 51 | G13: =B13-E13 -> 19
A14: 5143 | B14: =A14-A13 -> 77 | D14: 309515 | E14: =D14-D13 -> 61 | G14: =B14-E14 -> 16
A15: 5245 | B15: =A15-A14 -> 102 | D15: 309605 | E15: =D15-D14 -> 90 | G15: =B15-E15 -> 12
... A34: 6748 | B34: =A34-A33 -> 56 | D34: 310877 | E34: =D34-D33 -> 43 | G34: =B34-E34 -> 13
