Workbook

Sheet Total Daily 
A1: Site Name | B1: Day | C1: Month | D1: Year | E1: Total Electricity Kwh | F1: Electricity Tariff ($/Kwh) | G1: LPG (Kg) | H1: LPG $/Kg | I1: District Energy Cooling Kwh | J1: District Energy Cooling $/Kwh | K1: Water Utility Supply (m3) m3 | L1: Water Utility Supply (m3) m3 | M1: Water Utility Supply (m3) $/m3 | N1: Room Nights
A2: Dubai DIFC | B2: 1 | C2: 2 | D2: 2021 | E2: ='2 - 2020'!B8-'2 - 2020'!B7+'2 - 2020'!C8-'2 - 2020'!C7 -> 8878 | F2: 0.118 | G2: =(('2 - 2020'!E8-'2 - 2020'!E7)+('2 - 2020'!F8-'2 - 2020'!F7)+('2 - 2020'!G8-'2 - 2020'!G7))*1.81 -> 76.02 | H2: 0.99 | I2: ='2 - 2020'!J8-'2 - 2020'!J7 -> 10969 | J2: 0.081 | K2: ='2 - 2020'!H8-'2 - 2020'!H7 -> 0 | L2: ='2 - 2020'!I8-'2 - 2020'!I7 -> 88 | M2: 4.3936294 | N2: 68
A3: Dubai DIFC | B3: =B2+1 -> 2 | C3: 2 | D3: 2021 | E3: ='2 - 2020'!B9-'2 - 2020'!B8+'2 - 2020'!C9-'2 - 2020'!C8 -> 8105 | F3: 0.118 | G3: =(('2 - 2020'!E9-'2 - 2020'!E8)+('2 - 2020'!F9-'2 - 2020'!F8)+('2 - 2020'!G9-'2 - 2020'!G8))*1.81 -> 72.4 | H3: 0.99 | I3: ='2 - 2020'!J9-'2 - 2020'!J8 -> 10053 | J3: 0.081 | K3: ='2 - 2020'!H9-'2 - 2020'!H8 -> 0 | L3: ='2 - 2020'!I9-'2 - 2020'!I8 -> 87 | M3: 4.3936294 | N3: 66
A4: Dubai DIFC | B4: =B3+1 -> 3 | C4: 1 | D4: 2021 | E4: 0 | F4: 0.118 | G4: 0 | H4: 0.99 | I4: 0 | J4: 0.081 | K4: 0 | L4: 0 | M4: 4.3936294
A5: Dubai DIFC | B5: =B4+1 -> 4 | C5: 1 | D5: 2021 | E5: ='2 - 2020'!B11-'2 - 2020'!B10+'2 - 2020'!C11-'2 - 2020'!C10 -> 0 | F5: 0.118 | G5: =(('2 - 2020'!E11-'2 - 2020'!E10)+('2 - 2020'!F11-'2 - 2020'!F10)+('2 - 2020'!G11-'2 - 2020'!G10))*1.81 -> 0 | H5: 0.99 | I5: ='2 - 2020'!J11-'2 - 2020'!J10 -> 0 | J5: 0.081 | K5: ='2 - 2020'!H11-'2 - 2020'!H10 -> 0 | L5: ='2 - 2020'!I11-'2 - 2020'!I10 -> 0 | M5: 4.3936294
A6: Dubai DIFC | B6: =B5+1 -> 5 | C6: 1 | D6: 2021 | E6: ='2 - 2020'!B12-'2 - 2020'!B11+'2 - 2020'!C12-'2 - 2020'!C11 -> 0 | F6: 0.118 | G6: =(('2 - 2020'!E12-'2 - 2020'!E11)+('2 - 2020'!F12-'2 - 2020'!F11)+('2 - 2020'!G12-'2 - 2020'!G11))*1.81 -> 0 | H6: 0.99 | I6: ='2 - 2020'!J12-'2 - 2020'!J11 -> 0 | J6: 0.081 | K6: ='2 - 2020'!H12-'2 - 2020'!H11 -> 0 | L6: ='2 - 2020'!I12-'2 - 2020'!I11 -> 0 | M6: 4.3936294
A7: Dubai DIFC | B7: =B6+1 -> 6 | C7: 1 | D7: 2021 | E7: ='2 - 2020'!B13-'2 - 2020'!B12+'2 - 2020'!C13-'2 - 2020'!C12 -> 0 | F7: 0.118 | G7: =(('2 - 2020'!E13-'2 - 2020'!E12)+('2 - 2020'!F13-'2 - 2020'!F12)+('2 - 2020'!G13-'2 - 2020'!G12))*1.81 -> 0 | H7: 0.99 | I7: ='2 - 2020'!J13-'2 - 2020'!J12 -> 0 | J7: 0.081 | K7: ='2 - 2020'!H13-'2 - 2020'!H12 -> 0 | L7: ='2 - 2020'!I13-'2 - 2020'!I12 -> 0 | M7: 4.3936294
A8: Dubai DIFC | B8: =B7+1 -> 7 | C8: 1 | D8: 2021 | E8: ='2 - 2020'!B14-'2 - 2020'!B13+'2 - 2020'!C14-'2 - 2020'!C13 -> 0 | F8: 0.118 | G8: =(('2 - 2020'!E14-'2 - 2020'!E13)+('2 - 2020'!F14-'2 - 2020'!F13)+('2 - 2020'!G14-'2 - 2020'!G13))*1.81 -> 0 | H8: 0.99 | I8: ='2 - 2020'!J14-'2 - 2020'!J13 -> 0 | J8: 0.081 | K8: ='2 - 2020'!H14-'2 - 2020'!H13 -> 0 | L8: ='2 - 2020'!I14-'2 - 2020'!I13 -> 0 | M8: 4.3936294
A9: Dubai DIFC | B9: =B8+1 -> 8 | C9: 1 | D9: 2021 | E9: ='2 - 2020'!B15-'2 - 2020'!B14+'2 - 2020'!C15-'2 - 2020'!C14 -> 0 | F9: 0.118 | G9: =(('2 - 2020'!E15-'2 - 2020'!E14)+('2 - 2020'!F15-'2 - 2020'!F14)+('2 - 2020'!G15-'2 - 2020'!G14))*1.81 -> 0 | H9: 0.99 | I9: ='2 - 2020'!J15-'2 - 2020'!J14 -> 0 | J9: 0.081 | K9: ='2 - 2020'!H15-'2 - 2020'!H14 -> 0 | L9: ='2 - 2020'!I15-'2 - 2020'!I14 -> 0 | M9: 4.3936294
A10: Dubai DIFC | B10: =B9+1 -> 9 | C10: 1 | D10: 2021 | E10: ='2 - 2020'!B16-'2 - 2020'!B15+'2 - 2020'!C16-'2 - 2020'!C15 -> 0 | F10: 0.118 | G10: =(('2 - 2020'!E16-'2 - 2020'!E15)+('2 - 2020'!F16-'2 - 2020'!F15)+('2 - 2020'!G16-'2 - 2020'!G15))*1.81 -> 0 | H10: 0.99 | I10: ='2 - 2020'!J16-'2 - 2020'!J15 -> 0 | J10: 0.081 | K10: ='2 - 2020'!H16-'2 - 2020'!H15 -> 0 | L10: ='2 - 2020'!I16-'2 - 2020'!I15 -> 0 | M10: 4.3936294
A11: Dubai DIFC | B11: =B10+1 -> 10 | C11: 1 | D11: 2021 | E11: ='2 - 2020'!B17-'2 - 2020'!B16+'2 - 2020'!C17-'2 - 2020'!C16 -> 0 | F11: 0.118 | G11: =(('2 - 2020'!E17-'2 - 2020'!E16)+('2 - 2020'!F17-'2 - 2020'!F16)+('2 - 2020'!G17-'2 - 2020'!G16))*1.81 -> 0 | H11: 0.99 | I11: ='2 - 2020'!J17-'2 - 2020'!J16 -> 0 | J11: 0.081 | K11: ='2 - 2020'!H17-'2 - 2020'!H16 -> 0 | L11: ='2 - 2020'!I17-'2 - 2020'!I16 -> 0 | M11: 4.3936294
A12: Dubai DIFC | B12: =B11+1 -> 11 | C12: 1 | D12: 2021 | E12: ='2 - 2020'!B18-'2 - 2020'!B17+'2 - 2020'!C18-'2 - 2020'!C17 -> 0 | F12: 0.118 | G12: =(('2 - 2020'!E18-'2 - 2020'!E17)+('2 - 2020'!F18-'2 - 2020'!F17)+('2 - 2020'!G18-'2 - 2020'!G17))*1.81 -> 0 | H12: 0.99 | I12: ='2 - 2020'!J18-'2 - 2020'!J17 -> 0 | J12: 0.081 | K12: ='2 - 2020'!H18-'2 - 2020'!H17 -> 0 | L12: ='2 - 2020'!I18-'2 - 2020'!I17 -> 0 | M12: 4.3936294
A13: Dubai DIFC | B13: =B12+1 -> 12 | C13: 1 | D13: 2021 | E13: ='2 - 2020'!B19-'2 - 2020'!B18+'2 - 2020'!C19-'2 - 2020'!C18 -> 0 | F13: 0.118 | G13: =(('2 - 2020'!E19-'2 - 2020'!E18)+('2 - 2020'!F19-'2 - 2020'!F18)+('2 - 2020'!G19-'2 - 2020'!G18))*1.81 -> 0 | H13: 0.99 | I13: ='2 - 2020'!J19-'2 - 2020'!J18 -> 0 | J13: 0.081 | K13: ='2 - 2020'!H19-'2 - 2020'!H18 -> 0 | L13: ='2 - 2020'!I19-'2 - 2020'!I18 -> 0 | M13: 4.3936294
A14: Dubai DIFC | B14: =B13+1 -> 13 | C14: 1 | D14: 2021 | E14: ='2 - 2020'!B20-'2 - 2020'!B19+'2 - 2020'!C20-'2 - 2020'!C19 -> 0 | F14: 0.118 | G14: =(('2 - 2020'!E20-'2 - 2020'!E19)+('2 - 2020'!F20-'2 - 2020'!F19)+('2 - 2020'!G20-'2 - 2020'!G19))*1.81 -> 0 | H14: 0.99 | I14: ='2 - 2020'!J20-'2 - 2020'!J19 -> 0 | J14: 0.081 | K14: ='2 - 2020'!H20-'2 - 2020'!H19 -> 0 | L14: ='2 - 2020'!I20-'2 - 2020'!I19 -> 0 | M14: 4.3936294
A15: Dubai DIFC | B15: =B14+1 -> 14 | C15: 1 | D15: 2021 | E15: ='2 - 2020'!B21-'2 - 2020'!B20+'2 - 2020'!C21-'2 - 2020'!C20 -> 0 | F15: 0.118 | G15: =(('2 - 2020'!E21-'2 - 2020'!E20)+('2 - 2020'!F21-'2 - 2020'!F20)+('2 - 2020'!G21-'2 - 2020'!G20))*1.81 -> 0 | H15: 0.99 | I15: ='2 - 2020'!J21-'2 - 2020'!J20 -> 0 | J15: 0.081 | K15: ='2 - 2020'!H21-'2 - 2020'!H20 -> 0 | L15: ='2 - 2020'!I21-'2 - 2020'!I20 -> 0 | M15: 4.3936294
A16: Dubai DIFC | B16: =B15+1 -> 15 | C16: 1 | D16: 2021 | E16: ='2 - 2020'!B22-'2 - 2020'!B21+'2 - 2020'!C22-'2 - 2020'!C21 -> 0 | F16: 0.118 | G16: =(('2 - 2020'!E22-'2 - 2020'!E21)+('2 - 2020'!F22-'2 - 2020'!F21)+('2 - 2020'!G22-'2 - 2020'!G21))*1.81 -> 0 | H16: 0.99 | I16: ='2 - 2020'!J22-'2 - 2020'!J21 -> 0 | J16: 0.081 | K16: ='2 - 2020'!H22-'2 - 2020'!H21 -> 0 | L16: ='2 - 2020'!I22-'2 - 2020'!I21 -> 0 | M16: 4.3936294
... A29: Dubai DIFC | B29: =B28+1 -> 28 | C29: 1 | D29: 2021 | E29: ='2 - 2020'!B35-'2 - 2020'!B34+'2 - 2020'!C35-'2 - 2020'!C34 -> 0 | F29: 0.118 | G29: =(('2 - 2020'!E35-'2 - 2020'!E34)+('2 - 2020'!F35-'2 - 2020'!F34)+('2 - 2020'!G35-'2 - 2020'!G34))*1.81 -> 0 | H29: 0.99 | I29: ='2 - 2020'!J35-'2 - 2020'!J34 -> 0 | J29: 0.081 | K29: ='2 - 2020'!H35-'2 - 2020'!H34 -> 0 | L29: ='2 - 2020'!I35-'2 - 2020'!I34 -> 0 | M29: 4.3936294

Sheet Submetering Daily 
A1: Site Name | B1: Day | C1: Month | D1: Year | E1: Panel LV1 Kwh | F1: Panel LV2 Kwh | G1: Electricity Tariff ($/Kwh) | H1: Main Kitchen LPG (Kg) | I1: Podium Kitchen LPG (Kg) | J1: Boiler LPG (Kg) | K1: LPG $/Kg | L1: Room Nights
A2: Dubai DIFC | B2: 1 | C2: 2 | D2: 2021 | E2: ='2 - 2020'!B8-'2 - 2020'!B7 -> 3354 | F2: ='2 - 2020'!C8-'2 - 2020'!C7 -> 5524 | G2: 0.118 | H2: ='2 - 2020'!E8-'2 - 2020'!E7 -> 5 | I2: ='2 - 2020'!F8-'2 - 2020'!F7 -> 4 | J2: ='2 - 2020'!G8-'2 - 2020'!G7 -> 33 | K2: 0.74 | L2: 68
A3: Dubai DIFC | B3: =B2+1 -> 2 | C3: 2 | D3: 2021 | E3: ='2 - 2020'!B9-'2 - 2020'!B8 -> 3042 | F3: ='2 - 2020'!C9-'2 - 2020'!C8 -> 5063 | G3: 0.118 | H3: ='2 - 2020'!E9-'2 - 2020'!E8 -> 5 | I3: ='2 - 2020'!F9-'2 - 2020'!F8 -> 4 | J3: ='2 - 2020'!G9-'2 - 2020'!G8 -> 31 | K3: 0.74 | L3: 66
A4: Dubai DIFC | B4: =B3+1 -> 3 | C4: 2 | D4: 2021 | E4: 0 | F4: 0 | G4: 0.118 | H4: 0 | I4: 0 | J4: 0 | K4: 0.74
A5: Dubai DIFC | B5: =B4+1 -> 4 | C5: 2 | D5: 2021 | E5: ='2 - 2020'!B11-'2 - 2020'!B10 -> 0 | F5: ='2 - 2020'!C11-'2 - 2020'!C10 -> 0 | G5: 0.118 | H5: ='2 - 2020'!E11-'2 - 2020'!E10 -> 0 | I5: ='2 - 2020'!F11-'2 - 2020'!F10 -> 0 | J5: ='2 - 2020'!G11-'2 - 2020'!G10 -> 0 | K5: 0.74
A6: Dubai DIFC | B6: =B5+1 -> 5 | C6: 2 | D6: 2021 | E6: ='2 - 2020'!B12-'2 - 2020'!B11 -> 0 | F6: ='2 - 2020'!C12-'2 - 2020'!C11 -> 0 | G6: 0.118 | H6: ='2 - 2020'!E12-'2 - 2020'!E11 -> 0 | I6: ='2 - 2020'!F12-'2 - 2020'!F11 -> 0 | J6: ='2 - 2020'!G12-'2 - 2020'!G11 -> 0 | K6: 0.74
A7: Dubai DIFC | B7: =B6+1 -> 6 | C7: 2 | D7: 2021 | E7: ='2 - 2020'!B13-'2 - 2020'!B12 -> 0 | F7: ='2 - 2020'!C13-'2 - 2020'!C12 -> 0 | G7: 0.118 | H7: ='2 - 2020'!E13-'2 - 2020'!E12 -> 0 | I7: ='2 - 2020'!F13-'2 - 2020'!F12 -> 0 | J7: ='2 - 2020'!G13-'2 - 2020'!G12 -> 0 | K7: 0.74
A8: Dubai DIFC | B8: =B7+1 -> 7 | C8: 2 | D8: 2021 | E8: ='2 - 2020'!B14-'2 - 2020'!B13 -> 0 | F8: ='2 - 2020'!C14-'2 - 2020'!C13 -> 0 | G8: 0.118 | H8: ='2 - 2020'!E14-'2 - 2020'!E13 -> 0 | I8: ='2 - 2020'!F14-'2 - 2020'!F13 -> 0 | J8: ='2 - 2020'!G14-'2 - 2020'!G13 -> 0 | K8: 0.74
A9: Dubai DIFC | B9: =B8+1 -> 8 | C9: 2 | D9: 2021 | E9: ='2 - 2020'!B15-'2 - 2020'!B14 -> 0 | F9: ='2 - 2020'!C15-'2 - 2020'!C14 -> 0 | G9: 0.118 | H9: ='2 - 2020'!E15-'2 - 2020'!E14 -> 0 | I9: ='2 - 2020'!F15-'2 - 2020'!F14 -> 0 | J9: ='2 - 2020'!G15-'2 - 2020'!G14 -> 0 | K9: 0.74
A10: Dubai DIFC | B10: =B9+1 -> 9 | C10: 2 | D10: 2021 | E10: ='2 - 2020'!B16-'2 - 2020'!B15 -> 0 | F10: ='2 - 2020'!C16-'2 - 2020'!C15 -> 0 | G10: 0.118 | H10: ='2 - 2020'!E16-'2 - 2020'!E15 -> 0 | I10: ='2 - 2020'!F16-'2 - 2020'!F15 -> 0 | J10: ='2 - 2020'!G16-'2 - 2020'!G15 -> 0 | K10: 0.74
A11: Dubai DIFC | B11: =B10+1 -> 10 | C11: 2 | D11: 2021 | E11: ='2 - 2020'!B17-'2 - 2020'!B16 -> 0 | F11: ='2 - 2020'!C17-'2 - 2020'!C16 -> 0 | G11: 0.118 | H11: ='2 - 2020'!E17-'2 - 2020'!E16 -> 0 | I11: ='2 - 2020'!F17-'2 - 2020'!F16 -> 0 | J11: ='2 - 2020'!G17-'2 - 2020'!G16 -> 0 | K11: 0.74
A12: Dubai DIFC | B12: =B11+1 -> 11 | C12: 2 | D12: 2021 | E12: ='2 - 2020'!B18-'2 - 2020'!B17 -> 0 | F12: ='2 - 2020'!C18-'2 - 2020'!C17 -> 0 | G12: 0.118 | H12: ='2 - 2020'!E18-'2 - 2020'!E17 -> 0 | I12: ='2 - 2020'!F18-'2 - 2020'!F17 -> 0 | J12: ='2 - 2020'!G18-'2 - 2020'!G17 -> 0 | K12: 0.74
A13: Dubai DIFC | B13: =B12+1 -> 12 | C13: 2 | D13: 2021 | E13: ='2 - 2020'!B19-'2 - 2020'!B18 -> 0 | F13: ='2 - 2020'!C19-'2 - 2020'!C18 -> 0 | G13: 0.118 | H13: ='2 - 2020'!E19-'2 - 2020'!E18 -> 0 | I13: ='2 - 2020'!F19-'2 - 2020'!F18 -> 0 | J13: ='2 - 2020'!G19-'2 - 2020'!G18 -> 0 | K13: 0.74
A14: Dubai DIFC | B14: =B13+1 -> 13 | C14: 2 | D14: 2021 | E14: ='2 - 2020'!B20-'2 - 2020'!B19 -> 0 | F14: ='2 - 2020'!C20-'2 - 2020'!C19 -> 0 | G14: 0.118 | H14: ='2 - 2020'!E20-'2 - 2020'!E19 -> 0 | I14: ='2 - 2020'!F20-'2 - 2020'!F19 -> 0 | J14: ='2 - 2020'!G20-'2 - 2020'!G19 -> 0 | K14: 0.74
A15: Dubai DIFC | B15: =B14+1 -> 14 | C15: 2 | D15: 2021 | E15: ='2 - 2020'!B21-'2 - 2020'!B20 -> 0 | F15: ='2 - 2020'!C21-'2 - 2020'!C20 -> 0 | G15: 0.118 | H15: ='2 - 2020'!E21-'2 - 2020'!E20 -> 0 | I15: ='2 - 2020'!F21-'2 - 2020'!F20 -> 0 | J15: ='2 - 2020'!G21-'2 - 2020'!G20 -> 0 | K15: 0.74
A16: Dubai DIFC | B16: =B15+1 -> 15 | C16: 2 | D16: 2021 | E16: ='2 - 2020'!B22-'2 - 2020'!B21 -> 0 | F16: ='2 - 2020'!C22-'2 - 2020'!C21 -> 0 | G16: 0.118 | H16: ='2 - 2020'!E22-'2 - 2020'!E21 -> 0 | I16: ='2 - 2020'!F22-'2 - 2020'!F21 -> 0 | J16: ='2 - 2020'!G22-'2 - 2020'!G21 -> 0 | K16: 0.74
... A29: Dubai DIFC | B29: =B28+1 -> 28 | C29: 2 | D29: 2021 | E29: ='2 - 2020'!B35-'2 - 2020'!B34 -> 0 | F29: ='2 - 2020'!C35-'2 - 2020'!C34 -> 0 | G29: 0.118 | H29: ='2 - 2020'!E35-'2 - 2020'!E34 -> 0 | I29: ='2 - 2020'!F35-'2 - 2020'!F34 -> 0 | J29: ='2 - 2020'!G35-'2 - 2020'!G34 -> 0 | K29: 0.74

Sheet 2 - 2020
A3: FOUR SEASONS HOTEL - DIFC
A4: HLP READING MONTH OF JANUARY' 2021
B5: Electricity | D5: LPG (cu.m) | H5: Water (cu.m) | J5: BTU
A6: Date | B6: LV-01, 2025952759 | C6: LV-2, 2030235407 | D6: Main Meter % | E6: Main Kitchen | F6: Podium Kitchen | G6: Boiler | H6: B-3 Water Meter (DIFC) | I6: MainWater Meter (DEWA) | J6: Chilled Water (KWH) | K6: Gas Received (Litres) | L6: Remark
A7: 43861 | B7: 321253 | C7: 140333 | D7: 0.37 | E7: 13565 | F7: 3005 | G7: 25684 | H7: 14528 | I7: 109234 | J7: 44171258
A8: =A7+1 -> 43862 | B8: 324607 | C8: 145857 | D8: 0.3 | E8: 13570 | F8: 3009 | G8: 25717 | H8: 14528 | I8: 109322 | J8: 44182227
A9: =A8+1 -> 43863 | B9: 327649 | C9: 150920 | D9: 0.82 | E9: 13575 | F9: 3013 | G9: 25748 | H9: 14528 | I9: 109409 | J9: 44192280
A10: =A9+1 -> 43864
A11: =A10+1 -> 43865
A12: =A11+1 -> 43866
A13: =A12+1 -> 43867
A14: =A13+1 -> 43868
A15: =A14+1 -> 43869
A16: =A15+1 -> 43870
A17: =A16+1 -> 43871
A18: =A17+1 -> 43872
A19: =A18+1 -> 43873
A20: =A19+1 -> 43874
A21: =A20+1 -> 43875
... A38: =A37+1 -> 43892
A39: Readings | B39: =B38-B7 -> -321253 | C39: =C38-C7 -> -140333 | D39: =D38-D7 -> -0.37 | E39: =E38-E7 -> -13565 | F39: =F38-F7 -> -3005 | G39: =G38-G7 -> -25684 | H39: =H38-H7 -> -14528 | I39: =I38-I7 -> -109234 | J39: =J38-J7 -> -44171258 | K39: =K37-K7 -> 0
H40: =H39*219.969 -> -3195709.6 | I40: =I39*219.969 -> -24028094
H41: for IG unit
B42: =B32-B10 -> 0 | C42: =C32-C10 -> 0 | E42: =E32-E10 -> 0 | F42: =F32-F10 -> 0 | G42: =G32-G10 -> 0 | H42: =H32-H10 -> 0 | I42: =I32-I10 -> 0 | J42: =J32-J10 -> 0
I43: =I42*219.969 -> 0 | J43: 768611
C44: =C42+B42 -> 0 | I44: 450276.54
C45: 178662 | J45: =SUM(J43-J42)/J42 -> #DIV/0!
C46: =SUM(C45-C44)/C44 -> #DIV/0! | I46: =SUM(I44-I43)/I43 -> #DIV/0!
