Workbook

Sheet TOTAL
A1: Site Name | B1: Day | C1: Month | D1: Year | E1: Total Electricity Kwh | F1: Electricity Tariff ($/Kwh) | G1: Natual Gas (m3) | H1: Natural Gas $/m3 | I1: Water Utility Supply (m3) m3 | J1: Water Utility Supply (m3) $/m3 | K1: District Energy Cooling Kwh | L1: District Energy Cooling $/Kwh | M1: Room Nights | N1: Total Guests | O1: Utilities day cost dh
A2: Guangzhou | B2: 1 | C2: 12 | D2: 2020 | E2: =SUBMETERING!O5+SUBMETERING!M5 -> 38290 | F2: 0.675169 | G2: =SUBMETERING!E5+SUBMETERING!G5+SUBMETERING!I5+SUBMETERING!K5 -> 4978 | H2: 3.95 | I2: =SUBMETERING!S5 -> 160 | J2: 3.46 | K2: =SUBMETERING!Q5*1000 -> 10000 | L2: =SUBMETERING!R5/TOTAL!K2 -> 0.457162 | M2: =(SUBMETERING!D5/100)*344 -> 261.9904 | N2: ='[1]Consommation mensuel énergie'!E10 -> 0 | O2: =E2*F2+G2*H2+#REF!*#REF!+I2*J2 -> #REF!
A3: Guangzhou | B3: =B2+1 -> 2 | C3: 12 | D3: 2020 | E3: =SUBMETERING!O6+SUBMETERING!M6 -> 33708 | F3: =F2 -> 0.675169 | G3: =SUBMETERING!E6+SUBMETERING!G6+SUBMETERING!I6+SUBMETERING!K6 -> 6382 | H3: =H2 -> 3.95 | I3: =SUBMETERING!S6 -> 186 | J3: =J2 -> 3.46 | K3: =SUBMETERING!Q6*1000 -> 10000 | L3: =SUBMETERING!R6/TOTAL!K3 -> 0.457162 | M3: =(SUBMETERING!D6/100)*344 -> 298.0072 | N3: ='[1]Consommation mensuel énergie'!E11 -> 0 | O3: =E3*F3+G3*H3+#REF!*#REF!+I3*J3 -> #REF!
A4: Guangzhou | B4: =B3+1 -> 3 | C4: 12 | D4: 2020 | E4: =SUBMETERING!O7+SUBMETERING!M7 -> 33721 | F4: =F3 -> 0.675169 | G4: =SUBMETERING!E7+SUBMETERING!G7+SUBMETERING!I7+SUBMETERING!K7 -> 6732 | H4: =H3 -> 3.95 | I4: =SUBMETERING!S7 -> 160 | J4: =J3 -> 3.46 | K4: =SUBMETERING!Q7*1000 -> 10000 | L4: =SUBMETERING!R7/TOTAL!K4 -> 0.457162 | M4: =(SUBMETERING!D7/100)*344 -> 324.0136 | N4: ='[1]Consommation mensuel énergie'!E12 -> 0 | O4: =E4*F4+G4*H4+#REF!*#REF!+I4*J4 -> #REF!
A5: Guangzhou | B5: =B4+1 -> 4 | C5: 12 | D5: 2020 | E5: =SUBMETERING!O8+SUBMETERING!M8 -> 33411 | F5: =F4 -> 0.675169 | G5: =SUBMETERING!E8+SUBMETERING!G8+SUBMETERING!I8+SUBMETERING!K8 -> 7344 | H5: =H4 -> 3.95 | I5: =SUBMETERING!S8 -> 169 | J5: =J4 -> 3.46 | K5: =SUBMETERING!Q8*1000 -> 9000 | L5: =SUBMETERING!R8/TOTAL!K5 -> 0.47555111 | M5: =(SUBMETERING!D8/100)*344 -> 332.9576 | N5: ='[1]Consommation mensuel énergie'!E13 -> 0 | O5: =E5*F5+G5*H5+#REF!*#REF!+I5*J5 -> #REF!
A6: Guangzhou | B6: =B5+1 -> 5 | C6: 12 | D6: 2020 | E6: =SUBMETERING!O9+SUBMETERING!M9 -> 32472 | F6: =F5 -> 0.675169 | G6: =SUBMETERING!E9+SUBMETERING!G9+SUBMETERING!I9+SUBMETERING!K9 -> 7636 | H6: =H5 -> 3.95 | I6: =SUBMETERING!S9 -> 163 | J6: =J5 -> 3.46 | K6: =SUBMETERING!Q9*1000 -> 11000 | L6: =SUBMETERING!R9/TOTAL!K6 -> 0.44211636 | M6: =(SUBMETERING!D9/100)*344 -> 306.8824 | N6: ='[1]Consommation mensuel énergie'!E14 -> 0 | O6: =E6*F6+G6*H6+#REF!*#REF!+I6*J6 -> #REF!
A7: Guangzhou | B7: =B6+1 -> 6 | C7: 12 | D7: 2020 | E7: =SUBMETERING!O10+SUBMETERING!M10 -> 30190 | F7: =F6 -> 0.675169 | G7: =SUBMETERING!E10+SUBMETERING!G10+SUBMETERING!I10+SUBMETERING!K10 -> 7400 | H7: =H6 -> 3.95 | I7: =SUBMETERING!S10 -> 164 | J7: =J6 -> 3.46 | K7: =SUBMETERING!Q10*1000 -> 9000 | L7: =SUBMETERING!R10/TOTAL!K7 -> 0.47555111 | M7: =(SUBMETERING!D10/100)*344 -> 266.0152 | N7: ='[1]Consommation mensuel énergie'!E15 -> 0 | O7: =E7*F7+G7*H7+#REF!*#REF!+I7*J7 -> #REF!
A8: Guangzhou | B8: =B7+1 -> 7 | C8: 12 | D8: 2020 | E8: =SUBMETERING!O11+SUBMETERING!M11 -> 37420 | F8: =F7 -> 0.675169 | G8: =SUBMETERING!E11+SUBMETERING!G11+SUBMETERING!I11+SUBMETERING!K11 -> 6610 | H8: =H7 -> 3.95 | I8: =SUBMETERING!S11 -> 129 | J8: =J7 -> 3.46 | K8: =SUBMETERING!Q11*1000 -> 10000 | L8: =SUBMETERING!R11/TOTAL!K8 -> 0.457162 | M8: =(SUBMETERING!D11/100)*344 -> 252.0144 | N8: ='[1]Consommation mensuel énergie'!E16 -> 0 | O8: =E8*F8+G8*H8+#REF!*#REF!+I8*J8 -> #REF!
A9: Guangzhou | B9: =B8+1 -> 8 | C9: 12 | D9: 2020 | E9: =SUBMETERING!O12+SUBMETERING!M12 -> 33133 | F9: =F8 -> 0.675169 | G9: =SUBMETERING!E12+SUBMETERING!G12+SUBMETERING!I12+SUBMETERING!K12 -> 6810 | H9: =H8 -> 3.95 | I9: =SUBMETERING!S12 -> 157 | J9: =J8 -> 3.46 | K9: =SUBMETERING!Q12*1000 -> 11000 | L9: =SUBMETERING!R12/TOTAL!K9 -> 0.44211636 | M9: =(SUBMETERING!D12/100)*344 -> 300.0024 | N9: ='[1]Consommation mensuel énergie'!E17 -> 0 | O9: =E9*F9+G9*H9+#REF!*#REF!+I9*J9 -> #REF!
A10: Guangzhou | B10: =B9+1 -> 9 | C10: 12 | D10: 2020 | E10: =SUBMETERING!O13+SUBMETERING!M13 -> 33076 | F10: =F9 -> 0.675169 | G10: =SUBMETERING!E13+SUBMETERING!G13+SUBMETERING!I13+SUBMETERING!K13 -> 6772 | H10: =H9 -> 3.95 | I10: =SUBMETERING!S13 -> 161 | J10: =J9 -> 3.46 | K10: =SUBMETERING!Q13*1000 -> 10000 | L10: =SUBMETERING!R13/TOTAL!K10 -> 0.457162 | M10: =(SUBMETERING!D13/100)*344 -> 315.9984 | N10: ='[1]Consommation mensuel énergie'!E18 -> 0 | O10: =E10*F10+G10*H10+#REF!*#REF!+I10*J10 -> #REF!
A11: Guangzhou | B11: =B10+1 -> 10 | C11: 12 | D11: 2020 | E11: =SUBMETERING!O14+SUBMETERING!M14 -> 35882 | F11: =F10 -> 0.675169 | G11: =SUBMETERING!E14+SUBMETERING!G14+SUBMETERING!I14+SUBMETERING!K14 -> 6886 | H11: =H10 -> 3.95 | I11: =SUBMETERING!S14 -> 171 | J11: =J10 -> 3.46 | K11: =SUBMETERING!Q14*1000 -> 11000 | L11: =SUBMETERING!R14/TOTAL!K11 -> 0.44211636 | M11: =(SUBMETERING!D14/100)*344 -> 299.0048 | N11: ='[1]Consommation mensuel énergie'!E19 -> 0 | O11: =E11*F11+G11*H11+#REF!*#REF!+I11*J11 -> #REF!
A12: Guangzhou | B12: =B11+1 -> 11 | C12: 12 | D12: 2020 | E12: =SUBMETERING!O15+SUBMETERING!M15 -> 35462 | F12: =F11 -> 0.675169 | G12: =SUBMETERING!E15+SUBMETERING!G15+SUBMETERING!I15+SUBMETERING!K15 -> 6836 | H12: =H11 -> 3.95 | I12: =SUBMETERING!S15 -> 219 | J12: =J11 -> 3.46 | K12: =SUBMETERING!Q15*1000 -> 11000 | L12: =SUBMETERING!R15/TOTAL!K12 -> 0.44211636 | M12: =(SUBMETERING!D15/100)*344 -> 309.0152 | N12: ='[1]Consommation mensuel énergie'!E20 -> 0 | O12: =E12*F12+G12*H12+#REF!*#REF!+I12*J12 -> #REF!
A13: Guangzhou | B13: =B12+1 -> 12 | C13: 12 | D13: 2020 | E13: =SUBMETERING!O16+SUBMETERING!M16 -> 36444 | F13: =F12 -> 0.675169 | G13: =SUBMETERING!E16+SUBMETERING!G16+SUBMETERING!I16+SUBMETERING!K16 -> 7622 | H13: =H12 -> 3.95 | I13: =SUBMETERING!S16 -> 209 | J13: =J12 -> 3.46 | K13: =SUBMETERING!Q16*1000 -> 24000 | L13: =SUBMETERING!R16/TOTAL!K13 -> 0.36061917 | M13: =(SUBMETERING!D16/100)*344 -> 327.0064 | N13: ='[1]Consommation mensuel énergie'!E21 -> 0 | O13: =E13*F13+G13*H13+#REF!*#REF!+I13*J13 -> #REF!
A14: Guangzhou | B14: =B13+1 -> 13 | C14: 12 | D14: 2020 | E14: =SUBMETERING!O17+SUBMETERING!M17 -> 35041 | F14: =F13 -> 0.675169 | G14: =SUBMETERING!E17+SUBMETERING!G17+SUBMETERING!I17+SUBMETERING!K17 -> 7334 | H14: =H13 -> 3.95 | I14: =SUBMETERING!S17 -> 154 | J14: =J13 -> 3.46 | K14: =SUBMETERING!Q17*1000 -> 8000 | L14: =SUBMETERING!R17/TOTAL!K14 -> 0.4985375 | M14: =(SUBMETERING!D17/100)*344 -> 266.0152 | N14: ='[1]Consommation mensuel énergie'!E22 -> 0 | O14: =E14*F14+G14*H14+#REF!*#REF!+I14*J14 -> #REF!
... A31: Guangzhou | B31: =B30+1 -> 30 | C31: 12 | D31: 2020 | E31: =SUBMETERING!O34+SUBMETERING!M34 -> 30766 | F31: =F30 -> 0.675169 | G31: =SUBMETERING!E34+SUBMETERING!G34+SUBMETERING!I34+SUBMETERING!K34 -> 7694 | H31: =H30 -> 3.95 | I31: =SUBMETERING!S34 -> 151 | J31: =J30 -> 3.46 | K31: =SUBMETERING!Q34*1000 -> 9000 | L31: =SUBMETERING!R34/TOTAL!K31 -> 0.47555111 | M31: =(SUBMETERING!D34/100)*344 -> 227.3152 | N31: ='[1]Consommation mensuel énergie'!E39 -> 0 | O31: =E31*F31+G31*H31+#REF!*#REF!+I31*J31 -> #REF!
A32: Guangzhou | B32: =B31+1 -> 31 | C32: 12 | D32: 2020 | E32: =SUBMETERING!O35+SUBMETERING!M35 -> 33734 | F32: =F31 -> 0.675169 | G32: =SUBMETERING!E35+SUBMETERING!G35+SUBMETERING!I35+SUBMETERING!K35 -> 8216 | H32: =H31 -> 3.95 | I32: =SUBMETERING!S35 -> 174 | J32: =J31 -> 3.46 | K32: =SUBMETERING!Q35*1000 -> 4000 | L32: =SUBMETERING!R35/TOTAL!K32 -> 0.705415 | M32: =(SUBMETERING!D35/100)*344 -> 333.852 | N32: 0

Sheet SUBMETERING
A1: UTILITIES CONSUMPTION REPORT(2020-11) 电费从2019年8月1号开始下降改为0.675169/Kwh，天然气从2020年9月1号开始下降改为3.95/m³2020年裙楼空调冷量价格为291.66/Mw.h+每天固定人工等1655.02元
A2: DATE 日期 | B2: Out door Temp℃ 户外 温度 | C2: Event Cover 宴会 人数 | D2: RoomOcc.% 客房率 | E2: Kitchen Gas 厨房天然气 (RMB3.95/m³) | G2: Boiler Gas 锅炉天然气(蒸汽) (RMB3.95/m³) | I2: Boiler Gas 锅炉天然气(热水) (RMB3.95/m³) | K2: General Gas 总天然气 (RMB3.95/m³) | M2: Chiller Electricity Consumption 空调主机用电量 (RMB0.675169/Kwh) | O2: General electricity 总电量(*10000)(RMB0.675169/Kwh) | Q2: Podium AC Consumption 裙楼空调用量 (Mw/h)Rmb291.66/MwH+1655.02/天 | S2: Water Consumption 水用量 | U2: Daily Total Utility Expense(RMB) 每日能耗总费用
S3: domestic Water 生活水RMB3.46/m3
E4: Totalgas (m³) | F4: Total RMB | G4: Totalgas (m³) | H4: Total RMB | I4: Totalgas(m³) | J4: Total RMB | K4: Totalgas (m³) | L4: Total RMB | M4: Total electric (KWH) | N4: Total RMB | O4: Total electric (KWH) | P4: Total RMB | Q4: Total (Mw/h0 | R4: Total RMB | S4: Total Water (m3) | T4: Total RMB
A5: 1 | B5: 13/23 | C5: 448 | D5: 76.16 | E5: 713 | F5: 2973.21 | G5: 888 | H5: 3702.96 | I5: 888 | J5: 3702.96 | K5: 2489 | L5: 10379.13 | M5: 6290 | N5: 4246.813 | O5: 32000 | P5: 21605.408 | Q5: =SUM([2]裙楼空调用量!L4) -> 10 | R5: =IF(Q5*417>0,Q5*291.66+1655.02) -> 4571.62 | S5: 160 | T5: 596.592 | U5: =SUM(L5+P5+R5+T5) -> 37152.75
A6: 2 | B6: 11\21 | C6: 428 | D6: 86.63 | E6: 775 | F6: 3231.75 | G6: 1433 | H6: 5975.61 | I6: 983 | J6: 4099.11 | K6: 3191 | L6: 13306.47 | M6: 5508 | N6: 3718.8309 | O6: 28200 | P6: 19039.766 | Q6: =SUM([2]裙楼空调用量!L5) -> 10 | R6: =IF(Q6*417>0,Q6*291.66+1655.02) -> 4571.62 | S6: 186 | T6: 693.5382 | U6: =SUM(L6+P6+R6+T6) -> 37611.394
A7: 3 | B7: 9\19 | C7: 903 | D7: 94.19 | E7: 653 | F7: 2723.01 | G7: 1459 | H7: 6084.03 | I7: 1254 | J7: 5229.18 | K7: 3366 | L7: 14036.22 | M7: 5221 | N7: 3525.0573 | O7: 28500 | P7: 19242.316 | Q7: =SUM([2]裙楼空调用量!L6) -> 10 | R7: =IF(Q7*417>0,Q7*291.66+1655.02) -> 4571.62 | S7: 160 | T7: 596.592 | U7: =SUM(L7+P7+R7+T7) -> 38446.748
A8: 4 | B8: 11\21 | C8: 511 | D8: 96.79 | E8: 635 | F8: 2647.95 | G8: 1610 | H8: 6713.7 | I8: 1427 | J8: 5950.59 | K8: 3672 | L8: 15312.24 | M8: 5111 | N8: 3450.7888 | O8: 28300 | P8: 19107.283 | Q8: =SUM([2]裙楼空调用量!L7) -> 9 | R8: =IF(Q8*417>0,Q8*291.66+1655.02) -> 4279.96 | S8: 169 | T8: 630.1503 | U8: =SUM(L8+P8+R8+T8) -> 39329.633
A9: 5 | B9: 13\23 | C9: 1037 | D9: 89.21 | E9: 865 | F9: 3607.05 | G9: 1560 | H9: 6505.2 | I9: 1393 | J9: 5808.81 | K9: 3818 | L9: 15921.06 | M9: 4572 | N9: 3086.8727 | O9: 27900 | P9: 18837.215 | Q9: =SUM([2]裙楼空调用量!L8) -> 11 | R9: =IF(Q9*417>0,Q9*291.66+1655.02) -> 4863.28 | S9: 163 | T9: 607.7781 | U9: =SUM(L9+P9+R9+T9) -> 40229.333
A10: 6 | B10: 11\23 | C10: 710 | D10: 77.33 | E10: 747 | F10: 3114.99 | G10: 1601 | H10: 6676.17 | I10: 1352 | J10: 5637.84 | K10: 3700 | L10: 15429 | M10: 3890 | N10: 2626.4074 | O10: 26300 | P10: 17756.945 | Q10: =SUM([2]裙楼空调用量!L9) -> 9 | R10: =IF(Q10*417>0,Q10*291.66+1655.02) -> 4279.96 | S10: 164 | T10: 611.5068 | U10: =SUM(L10+P10+R10+T10) -> 38077.411
A11: 7 | B11: 12\23 | C11: 1604 | D11: 73.26 | E11: 643 | F11: 2681.31 | G11: 1630 | H11: 6797.1 | I11: 1032 | J11: 4303.44 | K11: 3305 | L11: 13781.85 | M11: 6920 | N11: 4672.1695 | O11: 30500 | P11: 20592.655 | Q11: =SUM([2]裙楼空调用量!L10) -> 10 | R11: =IF(Q11*417>0,Q11*291.66+1655.02) -> 4571.62 | S11: 129 | T11: 481.0023 | U11: =SUM(L11+P11+R11+T11) -> 39427.127
A12: 8 | B12: 16\23 | C12: 368 | D12: 87.21 | E12: 712 | F12: 2969.04 | G12: 1508 | H12: 6288.36 | I12: 1185 | J12: 4941.45 | K12: 3405 | L12: 14198.85 | M12: 5533 | N12: 3735.7101 | O12: 27600 | P12: 18634.664 | Q12: =SUM([2]裙楼空调用量!L11) -> 11 | R12: =IF(Q12*417>0,Q12*291.66+1655.02) -> 4863.28 | S12: 157 | T12: 585.4059 | U12: =SUM(L12+P12+R12+T12) -> 38282.2
A13: 9 | B13: 16\23 | C13: 434 | D13: 91.86 | E13: 763 | F13: 3181.71 | G13: 1518 | H13: 6330.06 | I13: 1105 | J13: 4607.85 | K13: 3386 | L13: 14119.62 | M13: 5176 | N13: 3494.6747 | O13: 27900 | P13: 18837.215 | Q13: =SUM([2]裙楼空调用量!L12) -> 10 | R13: =IF(Q13*417>0,Q13*291.66+1655.02) -> 4571.62 | S13: 161 | T13: 600.3207 | U13: =SUM(L13+P13+R13+T13) -> 38128.776
A14: 10 | B14: 17\23 | C14: 630 | D14: 86.92 | E14: 718 | F14: 2994.06 | G14: 1571 | H14: 6551.07 | I14: 1154 | J14: 4812.18 | K14: 3443 | L14: 14357.31 | M14: 6182 | N14: 4173.8948 | O14: 29700 | P14: 20052.519 | Q14: =SUM([2]裙楼空调用量!L13) -> 11 | R14: =IF(Q14*417>0,Q14*291.66+1655.02) -> 4863.28 | S14: 171 | T14: 637.6077 | U14: =SUM(L14+P14+R14+T14) -> 39910.717
A15: 11 | B15: 19\25 | C15: 1020 | D15: 89.83 | E15: 737 | F15: 3073.29 | G15: 1545 | H15: 6442.65 | I15: 1136 | J15: 4737.12 | K15: 3418 | L15: 14253.06 | M15: 6062 | N15: 4092.8745 | O15: 29400 | P15: 19849.969 | Q15: =SUM([2]裙楼空调用量!L14) -> 11 | R15: =IF(Q15*417>0,Q15*291.66+1655.02) -> 4863.28 | S15: 219 | T15: 816.5853 | U15: =SUM(L15+P15+R15+T15) -> 39782.894
A16: 12 | B16: 19\25 | C16: 1182 | D16: 95.06 | E16: 1032 | F16: 4303.44 | G16: 1587 | H16: 6617.79 | I16: 1192 | J16: 4970.64 | K16: 3811 | L16: 15891.87 | M16: 5944 | N16: 4013.2045 | O16: 30500 | P16: 20592.654 | Q16: =SUM([2]裙楼空调用量!L15) -> 24 | R16: =IF(Q16*417>0,Q16*291.66+1655.02) -> 8654.86 | S16: 209 | T16: 779.2983 | U16: =SUM(L16+P16+R16+T16) -> 45918.683
... A35: 31 | B35: 5\16 | C35: 400 | D35: 97.05 | E35: 693 | F35: 2889.81 | G35: 1675 | H35: 6984.75 | I35: 1740 | J35: 7255.8 | K35: 4108 | L35: 17130.36 | M35: 4134 | N35: 2791.1486 | O35: 29600 | P35: 19985.002 | Q35: =SUM([2]裙楼空调用量!L34) -> 4 | R35: =IF(Q35*417>0,Q35*291.66+1655.02) -> 2821.66 | S35: 174 | T35: 648.7938 | U35: =SUM(L35+P35+R35+T35) -> 40585.816
A36: Aver.
A37: Total | E37: =SUM(E5:E34) -> 21730 | F37: =SUM(F5:F34) -> 90614.1 | G37: =SUM(G5:G34) -> 46789 | H37: =SUM(H5:H34) -> 195110.13 | I37: =SUM(I5:I34) -> 40223 | J37: =SUM(J5:J34) -> 167729.91 | K37: =SUM(K5:K36) -> 112850 | L37: =SUM(L5:L34) -> 453454.14 | M37: =SUM(M5:M34) -> 150219 | N37: =SUM(N5:N34) -> 101423.21 | O37: =SUM(O5:O34) -> 856700 | P37: =SUM(P5:P34) -> 578417.28 | Q37: =SUM(Q5:Q34) -> 267 | R37: =SUM(R5:R34) -> 127523.82 | S37: =SUM(S5:S34) -> 5157 | ... U37: =SUM(U5:U34) -> 1178624.1
