Workbook

Sheet TOTAL
A1: Site Name | B1: Day | C1: Month | D1: Year | E1: Total Electricity Kwh | F1: Electricity Tariff ($/Kwh) | G1: LPG (Kg) | H1: LPG $/Kg | I1: Water Utility Supply (m3) m3 | J1: Water Utility Supply (m3) $/m3 | K1: Irrigation Water (m3) m3 | L1: Irrigation water $/m3 | M1: Room Nights
A2: Seychelles | B2: 1 | C2: 1 | D2: 2021 | E2: ='Submetering '!O2+'Submetering '!P2+'Submetering '!Q2+'Submetering '!R2+'Submetering '!S2 -> 23741 | F2: =('FS Seychelles'!Q3*'FS Seychelles'!R3)/TOTAL!E2 -> 0.23994945 | G2: =('FS Seychelles'!$AB$9+'FS Seychelles'!$AB$15)/31 -> 144.74194 | H2: 18.9 | I2: ='FS Seychelles'!S3+'FS Seychelles'!U3+'FS Seychelles'!V3+'FS Seychelles'!W3 -> 401 | J2: 0 | K2: ='Submetering '!Z2 -> 62 | L2: 0 | M2: ='FS Seychelles'!B3 -> 20.29
A3: Seychelles | B3: =B2+1 -> 2 | C3: 1 | D3: 2021 | E3: ='Submetering '!O3+'Submetering '!P3+'Submetering '!Q3+'Submetering '!R3+'Submetering '!S3 -> 25138 | F3: =('FS Seychelles'!Q4*'FS Seychelles'!R4)/TOTAL!E3 -> 0.24221497 | G3: =('FS Seychelles'!$AB$9+'FS Seychelles'!$AB$15)/31 -> 144.74194 | H3: =H2 -> 18.9 | I3: ='FS Seychelles'!S4+'FS Seychelles'!U4+'FS Seychelles'!V4+'FS Seychelles'!W4 -> 382 | J3: =J2 -> 0 | K3: ='Submetering '!Z3 -> 0 | L3: =L2 -> 0 | M3: ='FS Seychelles'!B4 -> 19.11
A4: Seychelles | B4: =B3+1 -> 3 | C4: 1 | D4: 2021 | E4: ='Submetering '!O4+'Submetering '!P4+'Submetering '!Q4+'Submetering '!R4+'Submetering '!S4 -> 22451 | F4: =('FS Seychelles'!Q5*'FS Seychelles'!R5)/TOTAL!E4 -> 0.23795466 | G4: =('FS Seychelles'!$AB$9+'FS Seychelles'!$AB$15)/31 -> 144.74194 | H4: =H3 -> 18.9 | I4: ='FS Seychelles'!S5+'FS Seychelles'!U5+'FS Seychelles'!V5+'FS Seychelles'!W5 -> 356 | J4: =J3 -> 0 | K4: ='Submetering '!Z4 -> 61 | L4: =L3 -> 0 | M4: ='FS Seychelles'!B5 -> 24.62
A5: Seychelles | B5: =B4+1 -> 4 | C5: 1 | D5: 2021 | E5: ='Submetering '!O5+'Submetering '!P5+'Submetering '!Q5+'Submetering '!R5+'Submetering '!S5 -> 22715 | F5: =('FS Seychelles'!Q6*'FS Seychelles'!R6)/TOTAL!E5 -> 0.2279648 | G5: =('FS Seychelles'!$AB$9+'FS Seychelles'!$AB$15)/31 -> 144.74194 | H5: =H4 -> 18.9 | I5: ='FS Seychelles'!S6+'FS Seychelles'!U6+'FS Seychelles'!V6+'FS Seychelles'!W6 -> 378 | J5: =J4 -> 0 | K5: ='Submetering '!Z5 -> 0 | L5: =L4 -> 0 | M5: ='FS Seychelles'!B6 -> 25
A6: Seychelles | B6: =B5+1 -> 5 | C6: 1 | D6: 2021 | E6: ='Submetering '!O6+'Submetering '!P6+'Submetering '!Q6+'Submetering '!R6+'Submetering '!S6 -> 20150 | F6: =('FS Seychelles'!Q7*'FS Seychelles'!R7)/TOTAL!E6 -> 0.22807825 | G6: =('FS Seychelles'!$AB$9+'FS Seychelles'!$AB$15)/31 -> 144.74194 | H6: =H5 -> 18.9 | I6: ='FS Seychelles'!S7+'FS Seychelles'!U7+'FS Seychelles'!V7+'FS Seychelles'!W7 -> 397 | J6: =J5 -> 0 | K6: ='Submetering '!Z6 -> 0 | L6: =L5 -> 0 | M6: ='FS Seychelles'!B7 -> 21.54
A7: Seychelles | B7: =B6+1 -> 6 | C7: 1 | D7: 2021 | E7: ='Submetering '!O7+'Submetering '!P7+'Submetering '!Q7+'Submetering '!R7+'Submetering '!S7 -> 23755 | F7: =('FS Seychelles'!Q8*'FS Seychelles'!R8)/TOTAL!E7 -> 0.2292595 | G7: =('FS Seychelles'!$AB$9+'FS Seychelles'!$AB$15)/31 -> 144.74194 | H7: =H6 -> 18.9 | I7: ='FS Seychelles'!S8+'FS Seychelles'!U8+'FS Seychelles'!V8+'FS Seychelles'!W8 -> 361 | J7: =J6 -> 0 | K7: ='Submetering '!Z7 -> 0 | L7: =L6 -> 0 | M7: ='FS Seychelles'!B8 -> 20.9
A8: Seychelles | B8: =B7+1 -> 7 | C8: 1 | D8: 2021 | E8: ='Submetering '!O8+'Submetering '!P8+'Submetering '!Q8+'Submetering '!R8+'Submetering '!S8 -> 22317 | F8: =('FS Seychelles'!Q9*'FS Seychelles'!R9)/TOTAL!E8 -> 0.2306968 | G8: =('FS Seychelles'!$AB$9+'FS Seychelles'!$AB$15)/31 -> 144.74194 | H8: =H7 -> 18.9 | I8: ='FS Seychelles'!S9+'FS Seychelles'!U9+'FS Seychelles'!V9+'FS Seychelles'!W9 -> 362 | J8: =J7 -> 0 | K8: ='Submetering '!Z8 -> 0 | L8: =L7 -> 0 | M8: ='FS Seychelles'!B9 -> 21.54
A9: Seychelles | B9: =B8+1 -> 8 | C9: 1 | D9: 2021 | E9: ='Submetering '!O9+'Submetering '!P9+'Submetering '!Q9+'Submetering '!R9+'Submetering '!S9 -> 22786 | F9: =('FS Seychelles'!Q10*'FS Seychelles'!R10)/TOTAL!E9 -> 0.22837395 | G9: =('FS Seychelles'!$AB$9+'FS Seychelles'!$AB$15)/31 -> 144.74194 | H9: =H8 -> 18.9 | I9: ='FS Seychelles'!S10+'FS Seychelles'!U10+'FS Seychelles'!V10+'FS Seychelles'!W10 -> 407 | J9: =J8 -> 0 | K9: ='Submetering '!Z9 -> 136 | L9: =L8 -> 0 | M9: ='FS Seychelles'!B10 -> 11.69
A10: Seychelles | B10: =B9+1 -> 9 | C10: 1 | D10: 2021 | E10: ='Submetering '!O10+'Submetering '!P10+'Submetering '!Q10+'Submetering '!R10+'Submetering '!S10 -> 17303 | F10: =('FS Seychelles'!Q11*'FS Seychelles'!R11)/TOTAL!E10 -> 0.23435226 | G10: =('FS Seychelles'!$AB$9+'FS Seychelles'!$AB$15)/31 -> 144.74194 | H10: =H9 -> 18.9 | I10: ='FS Seychelles'!S11+'FS Seychelles'!U11+'FS Seychelles'!V11+'FS Seychelles'!W11 -> 400 | J10: =J9 -> 0 | K10: ='Submetering '!Z10 -> 6 | L10: =L9 -> 0 | M10: ='FS Seychelles'!B11 -> 11.69
A11: Seychelles | B11: =B10+1 -> 10 | C11: 1 | D11: 2021 | E11: ='Submetering '!O11+'Submetering '!P11+'Submetering '!Q11+'Submetering '!R11+'Submetering '!S11 -> 23275 | F11: =('FS Seychelles'!Q12*'FS Seychelles'!R12)/TOTAL!E11 -> 0.23870014 | G11: =('FS Seychelles'!$AB$9+'FS Seychelles'!$AB$15)/31 -> 144.74194 | H11: =H10 -> 18.9 | I11: ='FS Seychelles'!S12+'FS Seychelles'!U12+'FS Seychelles'!V12+'FS Seychelles'!W12 -> 423 | J11: =J10 -> 0 | K11: ='Submetering '!Z11 -> 0 | L11: =L10 -> 0 | M11: ='FS Seychelles'!B12 -> 11.69
A12: Seychelles | B12: =B11+1 -> 11 | C12: 1 | D12: 2021 | E12: ='Submetering '!O12+'Submetering '!P12+'Submetering '!Q12+'Submetering '!R12+'Submetering '!S12 -> 24225 | F12: =('FS Seychelles'!Q13*'FS Seychelles'!R13)/TOTAL!E12 -> 0.23803096 | G12: =('FS Seychelles'!$AB$9+'FS Seychelles'!$AB$15)/31 -> 144.74194 | H12: =H11 -> 18.9 | I12: ='FS Seychelles'!S13+'FS Seychelles'!U13+'FS Seychelles'!V13+'FS Seychelles'!W13 -> 447 | J12: =J11 -> 0 | K12: ='Submetering '!Z12 -> 88 | L12: =L11 -> 0 | M12: ='FS Seychelles'!B13 -> 11.69
A13: Seychelles | B13: =B12+1 -> 12 | C13: 1 | D13: 2021 | E13: ='Submetering '!O13+'Submetering '!P13+'Submetering '!Q13+'Submetering '!R13+'Submetering '!S13 -> 24632 | F13: =('FS Seychelles'!Q14*'FS Seychelles'!R14)/TOTAL!E13 -> 0.24966304 | G13: =('FS Seychelles'!$AB$9+'FS Seychelles'!$AB$15)/31 -> 144.74194 | H13: =H12 -> 18.9 | I13: ='FS Seychelles'!S14+'FS Seychelles'!U14+'FS Seychelles'!V14+'FS Seychelles'!W14 -> 398 | J13: =J12 -> 0 | K13: ='Submetering '!Z13 -> 96 | L13: =L12 -> 0 | M13: ='FS Seychelles'!B14 -> 11.69
A14: Seychelles | B14: =B13+1 -> 13 | C14: 1 | D14: 2021 | E14: ='Submetering '!O14+'Submetering '!P14+'Submetering '!Q14+'Submetering '!R14+'Submetering '!S14 -> 20853 | F14: =('FS Seychelles'!Q15*'FS Seychelles'!R15)/TOTAL!E14 -> 0.24432456 | G14: =('FS Seychelles'!$AB$9+'FS Seychelles'!$AB$15)/31 -> 144.74194 | H14: =H13 -> 18.9 | I14: ='FS Seychelles'!S15+'FS Seychelles'!U15+'FS Seychelles'!V15+'FS Seychelles'!W15 -> 408 | J14: =J13 -> 0 | K14: ='Submetering '!Z14 -> 95 | L14: =L13 -> 0 | M14: ='FS Seychelles'!B15 -> 11.69
... A32: Seychelles | B32: =B31+1 -> 31 | C32: 1 | D32: 2021 | E32: ='Submetering '!O32+'Submetering '!P32+'Submetering '!Q32+'Submetering '!R32+'Submetering '!S32 -> 25219 | F32: =('FS Seychelles'!Q33*'FS Seychelles'!R33)/TOTAL!E32 -> 0.25466513 | G32: =('FS Seychelles'!$AB$9+'FS Seychelles'!$AB$15)/31 -> 144.74194 | H32: =H31 -> 18.9 | I32: ='FS Seychelles'!S33+'FS Seychelles'!U33+'FS Seychelles'!V33+'FS Seychelles'!W33 -> 364 | J32: =J31 -> 0 | K32: ='Submetering '!Z32 -> 115 | L32: =L31 -> 0 | M32: ='FS Seychelles'!B33 -> 26.98

Sheet Submetering 
A1: Site Name | B1: Day | C1: Month | D1: Year | E1: Room Night | F1: SS-A - KWh | G1: SS-B- KWh | H1: SS-C- KWh | I1: SS-D1- KWh | J1: SS-D2- KWh | K1: SS-E- KWh | L1: FIRE PUMP- KWh | M1: CASINO- KWh | N1: BOH- KWh | O1: Generator#1 - KWh | P1: Generator#2- KWh | Q1: Generator#3- KWh | R1: Generator#4- KWh | S1: Generator#5- KWh | T1: DIESEL - Liter | U1: BOH Water- m3 | V1: E-Resort- m3 | W1: North RVs- m3 | X1: WT59- m3 | Y1: WT08- m3 | Z1: PUC (HOH)- m3 | AA1: PUC (Resort) - m3 | AB1: LPG (Kg)
A2: Seychelles | B2: 1 | C2: 1 | D2: 2021 | E2: ='FS Seychelles'!B3 -> 20.29 | F2: ='FS Seychelles'!C3*1000 -> 2280.192 | G2: ='FS Seychelles'!D3*1000 -> 4297.216 | H2: ='FS Seychelles'!E3*1000 -> 4311.552 | I2: ='FS Seychelles'!F3*1000 -> 1755.904 | J2: ='FS Seychelles'!G3*1000 -> 2534.656 | K2: ='FS Seychelles'!H3*1000 -> 584 | L2: ='FS Seychelles'!I3*1000 -> 1348.224 | M2: ='FS Seychelles'!J3*1000 -> 1210.368 | N2: ='FS Seychelles'!K3*1000 -> 3289.6 | O2: ='FS Seychelles'!L3 -> 4264 | P2: ='FS Seychelles'!M3 -> 7608 | Q2: ='FS Seychelles'!N3 -> 7644 | R2: ='FS Seychelles'!O3 -> 4225 | S2: ='FS Seychelles'!P3 -> 0 | T2: ='FS Seychelles'!Q3 -> 6624 | U2: ='FS Seychelles'!S3 -> 30 | V2: ='FS Seychelles'!T3 -> 22 | W2: ='FS Seychelles'!U3 -> 101 | X2: ='FS Seychelles'!V3 -> 139 | Y2: ='FS Seychelles'!W3 -> 131 | Z2: ='FS Seychelles'!X3 -> 62 | AA2: ='FS Seychelles'!Y3 -> 0 | AB2: =('FS Seychelles'!AB9+'FS Seychelles'!AB15)/30 -> 149.56667
A3: Seychelles | B3: =B2+1 -> 2 | C3: 1 | D3: 2021 | E3: ='FS Seychelles'!B4 -> 19.11 | F3: ='FS Seychelles'!C4*1000 -> 2533.12 | G3: ='FS Seychelles'!D4*1000 -> 4553.728 | H3: ='FS Seychelles'!E4*1000 -> 4253.696 | I3: ='FS Seychelles'!F4*1000 -> 1822.72 | J3: ='FS Seychelles'!G4*1000 -> 2586.368 | K3: ='FS Seychelles'!H4*1000 -> 598.272 | L3: ='FS Seychelles'!I4*1000 -> 1221.888 | M3: ='FS Seychelles'!J4*1000 -> 1553.408 | N3: ='FS Seychelles'!K4*1000 -> 3111.168 | O3: ='FS Seychelles'!L4 -> 8655 | P3: ='FS Seychelles'!M4 -> 4239 | Q3: ='FS Seychelles'!N4 -> 3939 | R3: ='FS Seychelles'!O4 -> 8305 | S3: ='FS Seychelles'!P4 -> 0 | T3: ='FS Seychelles'!Q4 -> 7080 | U3: ='FS Seychelles'!S4 -> 30 | V3: ='FS Seychelles'!T4 -> 35 | W3: ='FS Seychelles'!U4 -> 118 | X3: ='FS Seychelles'!V4 -> 142 | Y3: ='FS Seychelles'!W4 -> 92 | Z3: ='FS Seychelles'!X4 -> 0 | AA3: ='FS Seychelles'!Y4 -> 0 | AB3: =('FS Seychelles'!AB10+'FS Seychelles'!AB16)/30 -> 0
A4: Seychelles | B4: =B3+1 -> 3 | C4: 1 | D4: 2021 | E4: ='FS Seychelles'!B5 -> 24.62 | F4: ='FS Seychelles'!C5*1000 -> 2213.888 | G4: ='FS Seychelles'!D5*1000 -> 4024.832 | H4: ='FS Seychelles'!E5*1000 -> 4097.536 | I4: ='FS Seychelles'!F5*1000 -> 1423.872 | J4: ='FS Seychelles'!G5*1000 -> 2567.936 | K4: ='FS Seychelles'!H5*1000 -> 465.728 | L4: ='FS Seychelles'!I5*1000 -> 1275.648 | M4: ='FS Seychelles'!J5*1000 -> 1455.872 | N4: ='FS Seychelles'!K5*1000 -> 3302.912 | O4: ='FS Seychelles'!L5 -> 10730 | P4: ='FS Seychelles'!M5 -> 5684 | Q4: ='FS Seychelles'!N5 -> 2568 | R4: ='FS Seychelles'!O5 -> 3469 | S4: ='FS Seychelles'!P5 -> 0 | T4: ='FS Seychelles'!Q5 -> 6212 | U4: ='FS Seychelles'!S5 -> 29 | V4: ='FS Seychelles'!T5 -> 16 | W4: ='FS Seychelles'!U5 -> 116 | X4: ='FS Seychelles'!V5 -> 123 | Y4: ='FS Seychelles'!W5 -> 88 | Z4: ='FS Seychelles'!X5 -> 61 | AA4: ='FS Seychelles'!Y5 -> 0 | AB4: =('FS Seychelles'!AB11+'FS Seychelles'!AB17)/30 -> 0
A5: Seychelles | B5: =B4+1 -> 4 | C5: 1 | D5: 2021 | E5: ='FS Seychelles'!B6 -> 25 | F5: ='FS Seychelles'!C6*1000 -> 2459.136 | G5: ='FS Seychelles'!D6*1000 -> 3898.88 | H5: ='FS Seychelles'!E6*1000 -> 4250.624 | I5: ='FS Seychelles'!F6*1000 -> 1501.952 | J5: ='FS Seychelles'!G6*1000 -> 2774.016 | K5: ='FS Seychelles'!H6*1000 -> 513.216 | L5: ='FS Seychelles'!I6*1000 -> 1297.408 | M5: ='FS Seychelles'!J6*1000 -> 1375.744 | N5: ='FS Seychelles'!K6*1000 -> 3359.232 | O5: ='FS Seychelles'!L6 -> 6826 | P5: ='FS Seychelles'!M6 -> 4159 | Q5: ='FS Seychelles'!N6 -> 6700 | R5: ='FS Seychelles'!O6 -> 5030 | S5: ='FS Seychelles'!P6 -> 0 | T5: ='FS Seychelles'!Q6 -> 6090 | U5: ='FS Seychelles'!S6 -> 25 | V5: ='FS Seychelles'!T6 -> 42 | W5: ='FS Seychelles'!U6 -> 96 | X5: ='FS Seychelles'!V6 -> 143 | Y5: ='FS Seychelles'!W6 -> 114 | Z5: ='FS Seychelles'!X6 -> 0 | AA5: ='FS Seychelles'!Y6 -> 0 | AB5: =('FS Seychelles'!AB12+'FS Seychelles'!AB18)/30 -> 0
A6: Seychelles | B6: =B5+1 -> 5 | C6: 1 | D6: 2021 | E6: ='FS Seychelles'!B7 -> 21.54 | F6: ='FS Seychelles'!C7*1000 -> 2469.12 | G6: ='FS Seychelles'!D7*1000 -> 3898.368 | H6: ='FS Seychelles'!E7*1000 -> 4216.832 | I6: ='FS Seychelles'!F7*1000 -> 1552.64 | J6: ='FS Seychelles'!G7*1000 -> 2746.624 | K6: ='FS Seychelles'!H7*1000 -> 548.928 | L6: ='FS Seychelles'!I7*1000 -> 1287.68 | M6: ='FS Seychelles'!J7*1000 -> 1329.408 | N6: ='FS Seychelles'!K7*1000 -> 3249.664 | O6: ='FS Seychelles'!L7 -> 7419 | P6: ='FS Seychelles'!M7 -> 7942 | Q6: ='FS Seychelles'!N7 -> 0 | R6: ='FS Seychelles'!O7 -> 4789 | S6: ='FS Seychelles'!P7 -> 0 | T6: ='FS Seychelles'!Q7 -> 5405 | U6: ='FS Seychelles'!S7 -> 23 | V6: ='FS Seychelles'!T7 -> 25 | W6: ='FS Seychelles'!U7 -> 104 | X6: ='FS Seychelles'!V7 -> 174 | Y6: ='FS Seychelles'!W7 -> 96 | Z6: ='FS Seychelles'!X7 -> 0 | AA6: ='FS Seychelles'!Y7 -> 0 | AB6: =('FS Seychelles'!AB13+'FS Seychelles'!AB19)/30 -> 0
A7: Seychelles | B7: =B6+1 -> 6 | C7: 1 | D7: 2021 | E7: ='FS Seychelles'!B8 -> 20.9 | F7: ='FS Seychelles'!C8*1000 -> 2689.792 | G7: ='FS Seychelles'!D8*1000 -> 3894.784 | H7: ='FS Seychelles'!E8*1000 -> 4158.464 | I7: ='FS Seychelles'!F8*1000 -> 1627.648 | J7: ='FS Seychelles'!G8*1000 -> 2646.272 | K7: ='FS Seychelles'!H8*1000 -> 620.416 | L7: ='FS Seychelles'!I8*1000 -> 1273.344 | M7: ='FS Seychelles'!J8*1000 -> 1353.728 | N7: ='FS Seychelles'!K8*1000 -> 3137.024 | O7: ='FS Seychelles'!L8 -> 7713 | P7: ='FS Seychelles'!M8 -> 8295 | Q7: ='FS Seychelles'!N8 -> 3793 | R7: ='FS Seychelles'!O8 -> 3954 | S7: ='FS Seychelles'!P8 -> 0 | T7: ='FS Seychelles'!Q8 -> 6405 | U7: ='FS Seychelles'!S8 -> 25 | V7: ='FS Seychelles'!T8 -> 1 | W7: ='FS Seychelles'!U8 -> 99 | X7: ='FS Seychelles'!V8 -> 138 | Y7: ='FS Seychelles'!W8 -> 99 | Z7: ='FS Seychelles'!X8 -> 0 | AA7: ='FS Seychelles'!Y8 -> 0 | AB7: =('FS Seychelles'!AB14+'FS Seychelles'!AB20)/30 -> 0
A8: Seychelles | B8: =B7+1 -> 7 | C8: 1 | D8: 2021 | E8: ='FS Seychelles'!B9 -> 21.54 | F8: ='FS Seychelles'!C9*1000 -> 2704.384 | G8: ='FS Seychelles'!D9*1000 -> 3973.632 | H8: ='FS Seychelles'!E9*1000 -> 4146.176 | I8: ='FS Seychelles'!F9*1000 -> 1695.488 | J8: ='FS Seychelles'!G9*1000 -> 2727.936 | K8: ='FS Seychelles'!H9*1000 -> 602.56 | L8: ='FS Seychelles'!I9*1000 -> 1298.816 | M8: ='FS Seychelles'!J9*1000 -> 1299.712 | N8: ='FS Seychelles'!K9*1000 -> 3381.248 | O8: ='FS Seychelles'!L9 -> 6701 | P8: ='FS Seychelles'!M9 -> 3643 | Q8: ='FS Seychelles'!N9 -> 9404 | R8: ='FS Seychelles'!O9 -> 2569 | S8: ='FS Seychelles'!P9 -> 0 | T8: ='FS Seychelles'!Q9 -> 6055 | U8: ='FS Seychelles'!S9 -> 25 | V8: ='FS Seychelles'!T9 -> 21 | W8: ='FS Seychelles'!U9 -> 96 | X8: ='FS Seychelles'!V9 -> 154 | Y8: ='FS Seychelles'!W9 -> 87 | Z8: ='FS Seychelles'!X9 -> 0 | AA8: ='FS Seychelles'!Y9 -> 0 | AB8: =('FS Seychelles'!AB15+'FS Seychelles'!AB21)/30 -> 113.33333
A9: Seychelles | B9: =B8+1 -> 8 | C9: 1 | D9: 2021 | E9: ='FS Seychelles'!B10 -> 11.69 | F9: ='FS Seychelles'!C10*1000 -> 2548.992 | G9: ='FS Seychelles'!D10*1000 -> 3608.576 | H9: ='FS Seychelles'!E10*1000 -> 4001.792 | I9: ='FS Seychelles'!F10*1000 -> 1536.768 | J9: ='FS Seychelles'!G10*1000 -> 2455.552 | K9: ='FS Seychelles'!H10*1000 -> 638.464 | L9: ='FS Seychelles'!I10*1000 -> 1288.32 | M9: ='FS Seychelles'!J10*1000 -> 1239.808 | N9: ='FS Seychelles'!K10*1000 -> 3264.768 | O9: ='FS Seychelles'!L10 -> 7771 | P9: ='FS Seychelles'!M10 -> 15015 | Q9: ='FS Seychelles'!N10 -> 0 | R9: ='FS Seychelles'!O10 -> 0 | S9: ='FS Seychelles'!P10 -> 0 | T9: ='FS Seychelles'!Q10 -> 6120 | U9: ='FS Seychelles'!S10 -> 28 | V9: ='FS Seychelles'!T10 -> 51 | W9: ='FS Seychelles'!U10 -> 104 | X9: ='FS Seychelles'!V10 -> 166 | Y9: ='FS Seychelles'!W10 -> 109 | Z9: ='FS Seychelles'!X10 -> 136 | AA9: ='FS Seychelles'!Y10 -> 0 | AB9: =('FS Seychelles'!AB16+'FS Seychelles'!AB22)/30 -> 0
A10: Seychelles | B10: =B9+1 -> 9 | C10: 1 | D10: 2021 | E10: ='FS Seychelles'!B11 -> 11.69 | F10: ='FS Seychelles'!C11*1000 -> 2401.792 | G10: ='FS Seychelles'!D11*1000 -> 3430.912 | H10: ='FS Seychelles'!E11*1000 -> 3932.672 | I10: ='FS Seychelles'!F11*1000 -> 1369.088 | J10: ='FS Seychelles'!G11*1000 -> 2188.544 | K10: ='FS Seychelles'!H11*1000 -> 619.52 | L10: ='FS Seychelles'!I11*1000 -> 1181.952 | M10: ='FS Seychelles'!J11*1000 -> 1265.92 | N10: ='FS Seychelles'!K11*1000 -> 2956.544 | O10: ='FS Seychelles'!L11 -> 7872 | P10: ='FS Seychelles'!M11 -> 2865 | Q10: ='FS Seychelles'!N11 -> 0 | R10: ='FS Seychelles'!O11 -> 6566 | S10: ='FS Seychelles'!P11 -> 0 | T10: ='FS Seychelles'!Q11 -> 4769 | U10: ='FS Seychelles'!S11 -> 25 | V10: ='FS Seychelles'!T11 -> 0 | W10: ='FS Seychelles'!U11 -> 112 | X10: ='FS Seychelles'!V11 -> 152 | Y10: ='FS Seychelles'!W11 -> 111 | Z10: ='FS Seychelles'!X11 -> 6 | AA10: ='FS Seychelles'!Y11 -> 0 | AB10: =('FS Seychelles'!AB17+'FS Seychelles'!AB23)/30 -> 0
A11: Seychelles | B11: =B10+1 -> 10 | C11: 1 | D11: 2021 | E11: ='FS Seychelles'!B12 -> 11.69 | F11: ='FS Seychelles'!C12*1000 -> 2820.352 | G11: ='FS Seychelles'!D12*1000 -> 3848.704 | H11: ='FS Seychelles'!E12*1000 -> 3998.72 | I11: ='FS Seychelles'!F12*1000 -> 1503.488 | J11: ='FS Seychelles'!G12*1000 -> 2397.952 | K11: ='FS Seychelles'!H12*1000 -> 790.528 | L11: ='FS Seychelles'!I12*1000 -> 1260.416 | M11: ='FS Seychelles'!J12*1000 -> 1267.456 | N11: ='FS Seychelles'!K12*1000 -> 3083.776 | O11: ='FS Seychelles'!L12 -> 8326 | P11: ='FS Seychelles'!M12 -> 4539 | Q11: ='FS Seychelles'!N12 -> 3671 | R11: ='FS Seychelles'!O12 -> 6739 | S11: ='FS Seychelles'!P12 -> 0 | T11: ='FS Seychelles'!Q12 -> 6534 | U11: ='FS Seychelles'!S12 -> 26 | V11: ='FS Seychelles'!T12 -> 44 | W11: ='FS Seychelles'!U12 -> 119 | X11: ='FS Seychelles'!V12 -> 171 | Y11: ='FS Seychelles'!W12 -> 107 | Z11: ='FS Seychelles'!X12 -> 0 | AA11: ='FS Seychelles'!Y12 -> 0 | AB11: =('FS Seychelles'!AB18+'FS Seychelles'!AB24)/30 -> 0
A12: Seychelles | B12: =B11+1 -> 11 | C12: 1 | D12: 2021 | E12: ='FS Seychelles'!B13 -> 11.69 | F12: ='FS Seychelles'!C13*1000 -> 2753.28 | G12: ='FS Seychelles'!D13*1000 -> 3826.688 | H12: ='FS Seychelles'!E13*1000 -> 4165.632 | I12: ='FS Seychelles'!F13*1000 -> 1614.336 | J12: ='FS Seychelles'!G13*1000 -> 2428.416 | K12: ='FS Seychelles'!H13*1000 -> 854.784 | L12: ='FS Seychelles'!I13*1000 -> 1117.44 | M12: ='FS Seychelles'!J13*1000 -> 1268.224 | N12: ='FS Seychelles'!K13*1000 -> 3121.408 | O12: ='FS Seychelles'!L13 -> 9039 | P12: ='FS Seychelles'!M13 -> 7216 | Q12: ='FS Seychelles'!N13 -> 7970 | R12: ='FS Seychelles'!O13 -> 0 | S12: ='FS Seychelles'!P13 -> 0 | T12: ='FS Seychelles'!Q13 -> 6407 | U12: ='FS Seychelles'!S13 -> 33 | V12: ='FS Seychelles'!T13 -> 0 | W12: ='FS Seychelles'!U13 -> 145 | X12: ='FS Seychelles'!V13 -> 156 | Y12: ='FS Seychelles'!W13 -> 113 | Z12: ='FS Seychelles'!X13 -> 88 | AA12: ='FS Seychelles'!Y13 -> 0 | AB12: =('FS Seychelles'!AB19+'FS Seychelles'!AB25)/30 -> 0
A13: Seychelles | B13: =B12+1 -> 12 | C13: 1 | D13: 2021 | E13: ='FS Seychelles'!B14 -> 11.69 | F13: ='FS Seychelles'!C14*1000 -> 2702.08 | G13: ='FS Seychelles'!D14*1000 -> 3908.096 | H13: ='FS Seychelles'!E14*1000 -> 4155.392 | I13: ='FS Seychelles'!F14*1000 -> 1579.008 | J13: ='FS Seychelles'!G14*1000 -> 2468.864 | K13: ='FS Seychelles'!H14*1000 -> 754.24 | L13: ='FS Seychelles'!I14*1000 -> 1279.488 | M13: ='FS Seychelles'!J14*1000 -> 1398.528 | N13: ='FS Seychelles'!K14*1000 -> 3320.064 | O13: ='FS Seychelles'!L14 -> 7183 | P13: ='FS Seychelles'!M14 -> 4759 | Q13: ='FS Seychelles'!N14 -> 4582 | R13: ='FS Seychelles'!O14 -> 8108 | S13: ='FS Seychelles'!P14 -> 0 | T13: ='FS Seychelles'!Q14 -> 6833 | U13: ='FS Seychelles'!S14 -> 29 | V13: ='FS Seychelles'!T14 -> 44 | W13: ='FS Seychelles'!U14 -> 104 | X13: ='FS Seychelles'!V14 -> 165 | Y13: ='FS Seychelles'!W14 -> 100 | Z13: ='FS Seychelles'!X14 -> 96 | AA13: ='FS Seychelles'!Y14 -> 0 | AB13: =('FS Seychelles'!AB20+'FS Seychelles'!AB26)/30 -> 0
A14: Seychelles | B14: =B13+1 -> 13 | C14: 1 | D14: 2021 | E14: ='FS Seychelles'!B15 -> 11.69 | F14: ='FS Seychelles'!C15*1000 -> 2324.48 | G14: ='FS Seychelles'!D15*1000 -> 3510.784 | H14: ='FS Seychelles'!E15*1000 -> 4094.976 | I14: ='FS Seychelles'!F15*1000 -> 1293.312 | J14: ='FS Seychelles'!G15*1000 -> 1905.664 | K14: ='FS Seychelles'!H15*1000 -> 532.672 | L14: ='FS Seychelles'!I15*1000 -> 1325.824 | M14: ='FS Seychelles'!J15*1000 -> 1481.216 | N14: ='FS Seychelles'!K15*1000 -> 3303.168 | O14: ='FS Seychelles'!L15 -> 7242 | P14: ='FS Seychelles'!M15 -> 6804 | Q14: ='FS Seychelles'!N15 -> 6807 | R14: ='FS Seychelles'!O15 -> 0 | S14: ='FS Seychelles'!P15 -> 0 | T14: ='FS Seychelles'!Q15 -> 5661 | U14: ='FS Seychelles'!S15 -> 28 | V14: ='FS Seychelles'!T15 -> 25 | W14: ='FS Seychelles'!U15 -> 73 | X14: ='FS Seychelles'!V15 -> 168 | Y14: ='FS Seychelles'!W15 -> 139 | Z14: ='FS Seychelles'!X15 -> 95 | AA14: ='FS Seychelles'!Y15 -> 0 | AB14: =('FS Seychelles'!AB21+'FS Seychelles'!AB27)/30 -> 0
A15: Seychelles | B15: =B14+1 -> 14 | C15: 1 | D15: 2021 | E15: ='FS Seychelles'!B16 -> 11.76 | F15: ='FS Seychelles'!C16*1000 -> 2456.832 | G15: ='FS Seychelles'!D16*1000 -> 3674.624 | H15: ='FS Seychelles'!E16*1000 -> 4199.424 | I15: ='FS Seychelles'!F16*1000 -> 1430.272 | J15: ='FS Seychelles'!G16*1000 -> 2021.888 | K15: ='FS Seychelles'!H16*1000 -> 665.984 | L15: ='FS Seychelles'!I16*1000 -> 1334.528 | M15: ='FS Seychelles'!J16*1000 -> 1474.56 | N15: ='FS Seychelles'!K16*1000 -> 3328.768 | O15: ='FS Seychelles'!L16 -> 1755 | P15: ='FS Seychelles'!M16 -> 7966 | Q15: ='FS Seychelles'!N16 -> 5906 | R15: ='FS Seychelles'!O16 -> 8480 | S15: ='FS Seychelles'!P16 -> 0 | T15: ='FS Seychelles'!Q17 -> 6524 | U15: ='FS Seychelles'!S16 -> 25 | V15: ='FS Seychelles'!T16 -> 45 | W15: ='FS Seychelles'!U16 -> 105 | X15: ='FS Seychelles'!V16 -> 178 | Y15: ='FS Seychelles'!W16 -> 108 | Z15: ='FS Seychelles'!X16 -> 62 | AA15: ='FS Seychelles'!Y16 -> 0 | AB15: =('FS Seychelles'!AB22+'FS Seychelles'!AB28)/30 -> 0
A16: Seychelles | B16: =B15+1 -> 15 | C16: 1 | D16: 2021 | E16: ='FS Seychelles'!B17 -> 8.82 | F16: ='FS Seychelles'!C17*1000 -> 2671.104 | G16: ='FS Seychelles'!D17*1000 -> 3924.992 | H16: ='FS Seychelles'!E17*1000 -> 4273.664 | I16: ='FS Seychelles'!F17*1000 -> 1549.568 | J16: ='FS Seychelles'!G17*1000 -> 2265.6 | K16: ='FS Seychelles'!H17*1000 -> 727.808 | L16: ='FS Seychelles'!I17*1000 -> 1306.752 | M16: ='FS Seychelles'!J17*1000 -> 1506.816 | N16: ='FS Seychelles'!K17*1000 -> 3500.032 | O16: ='FS Seychelles'!L17 -> 9122 | P16: ='FS Seychelles'!M17 -> 8902 | Q16: ='FS Seychelles'!N17 -> 9359 | R16: ='FS Seychelles'!O17 -> 0 | S16: ='FS Seychelles'!P17 -> 0 | T16: ='FS Seychelles'!Q18 -> 6729 | U16: ='FS Seychelles'!S17 -> 26 | V16: ='FS Seychelles'!T17 -> 27 | W16: ='FS Seychelles'!U17 -> 123 | X16: ='FS Seychelles'!V17 -> 136 | Y16: ='FS Seychelles'!W17 -> 111 | Z16: ='FS Seychelles'!X17 -> 32 | AA16: ='FS Seychelles'!Y17 -> 0 | AB16: =('FS Seychelles'!AB23+'FS Seychelles'!AB29)/30 -> 0
A17: Seychelles | B17: =B16+1 -> 16 | C17: 1 | D17: 2021 | E17: ='FS Seychelles'!B18 -> 10.29 | F17: ='FS Seychelles'!C18*1000 -> 2788.352 | G17: ='FS Seychelles'!D18*1000 -> 3904 | H17: ='FS Seychelles'!E18*1000 -> 4348.416 | I17: ='FS Seychelles'!F18*1000 -> 1607.936 | J17: ='FS Seychelles'!G18*1000 -> 2484.736 | K17: ='FS Seychelles'!H18*1000 -> 777.472 | L17: ='FS Seychelles'!I18*1000 -> 1309.696 | M17: ='FS Seychelles'!J18*1000 -> 1512.96 | N17: ='FS Seychelles'!K18*1000 -> 3373.312 | O17: ='FS Seychelles'!L18 -> 8113 | P17: ='FS Seychelles'!M18 -> 0 | Q17: ='FS Seychelles'!N18 -> 7277 | R17: ='FS Seychelles'!O18 -> 8772 | S17: ='FS Seychelles'!P18 -> 0 | T17: ='FS Seychelles'!Q18 -> 6729 | U17: ='FS Seychelles'!S18 -> 28 | V17: ='FS Seychelles'!T18 -> 25 | W17: ='FS Seychelles'!U18 -> 86 | X17: ='FS Seychelles'!V18 -> 149 | Y17: ='FS Seychelles'!W18 -> 115 | Z17: ='FS Seychelles'!X18 -> 52 | AA17: ='FS Seychelles'!Y18 -> 0 | AB17: =('FS Seychelles'!AB24+'FS Seychelles'!AB30)/30 -> 0
A18: Seychelles | B18: =B17+1 -> 17 | C18: 1 | D18: 2021 | E18: ='FS Seychelles'!B19 -> 8.82 | F18: ='FS Seychelles'!C19*1000 -> 2745.856 | G18: ='FS Seychelles'!D19*1000 -> 3827.712 | H18: ='FS Seychelles'!E19*1000 -> 4032 | I18: ='FS Seychelles'!F19*1000 -> 1488.64 | J18: ='FS Seychelles'!G19*1000 -> 2498.56 | K18: ='FS Seychelles'!H19*1000 -> 715.776 | L18: ='FS Seychelles'!I19*1000 -> 1155.456 | M18: ='FS Seychelles'!J19*1000 -> 1453.056 | N18: ='FS Seychelles'!K19*1000 -> 3200 | O18: ='FS Seychelles'!L19 -> 8148 | P18: ='FS Seychelles'!M19 -> 7848 | Q18: ='FS Seychelles'!N19 -> 0 | R18: ='FS Seychelles'!O19 -> 7120 | S18: ='FS Seychelles'!P19 -> 0 | T18: ='FS Seychelles'!Q19 -> 6351 | U18: ='FS Seychelles'!S19 -> 24 | V18: ='FS Seychelles'!T19 -> 20 | W18: ='FS Seychelles'!U19 -> 96 | X18: ='FS Seychelles'!V19 -> 219 | Y18: ='FS Seychelles'!W19 -> 157 | Z18: ='FS Seychelles'!X19 -> 69 | AA18: ='FS Seychelles'!Y19 -> 0 | AB18: =('FS Seychelles'!AB25+'FS Seychelles'!AB31)/30 -> 0
A19: Seychelles | B19: =B18+1 -> 18 | C19: 1 | D19: 2021 | E19: ='FS Seychelles'!B20 -> 9.35 | F19: ='FS Seychelles'!C20*1000 -> 2557.696 | G19: ='FS Seychelles'!D20*1000 -> 3610.624 | H19: ='FS Seychelles'!E20*1000 -> 4164.096 | I19: ='FS Seychelles'!F20*1000 -> 1574.656 | J19: ='FS Seychelles'!G20*1000 -> 2455.808 | K19: ='FS Seychelles'!H20*1000 -> 751.04 | L19: ='FS Seychelles'!I20*1000 -> 1272.192 | M19: ='FS Seychelles'!J20*1000 -> 1421.568 | N19: ='FS Seychelles'!K20*1000 -> 3423.232 | O19: ='FS Seychelles'!L20 -> 0 | P19: ='FS Seychelles'!M20 -> 6925 | Q19: ='FS Seychelles'!N20 -> 0 | R19: ='FS Seychelles'!O20 -> 7397 | S19: ='FS Seychelles'!P20 -> 0 | T19: ='FS Seychelles'!Q20 -> 4019 | U19: ='FS Seychelles'!S20 -> 29 | V19: ='FS Seychelles'!T20 -> 15 | W19: ='FS Seychelles'!U20 -> 75 | X19: ='FS Seychelles'!V20 -> 197 | Y19: ='FS Seychelles'!W20 -> 115 | Z19: ='FS Seychelles'!X20 -> 117 | AA19: ='FS Seychelles'!Y20 -> 0 | AB19: =('FS Seychelles'!AB26+'FS Seychelles'!AB32)/30 -> 0
A20: Seychelles | B20: =B19+1 -> 19 | C20: 1 | D20: 2021 | E20: ='FS Seychelles'!B21 -> 7.69 | F20: ='FS Seychelles'!C21*1000 -> 2326.016 | G20: ='FS Seychelles'!D21*1000 -> 3243.52 | H20: ='FS Seychelles'!E21*1000 -> 3998.72 | I20: ='FS Seychelles'!F21*1000 -> 1580.032 | J20: ='FS Seychelles'!G21*1000 -> 2858.24 | K20: ='FS Seychelles'!H21*1000 -> 863.936 | L20: ='FS Seychelles'!I21*1000 -> 1268.608 | M20: ='FS Seychelles'!J21*1000 -> 1447.424 | N20: ='FS Seychelles'!K21*1000 -> 3364.864 | O20: ='FS Seychelles'!L21 -> 8509 | P20: ='FS Seychelles'!M21 -> 7704 | Q20: ='FS Seychelles'!N21 -> 0 | R20: ='FS Seychelles'!O21 -> 5748 | S20: ='FS Seychelles'!P21 -> 0 | T20: ='FS Seychelles'!Q21 -> 5781 | U20: ='FS Seychelles'!S21 -> 27 | V20: ='FS Seychelles'!T21 -> 32 | W20: ='FS Seychelles'!U21 -> 79 | X20: ='FS Seychelles'!V21 -> 180 | Y20: ='FS Seychelles'!W21 -> 134 | Z20: ='FS Seychelles'!X21 -> 93 | AA20: ='FS Seychelles'!Y21 -> 0 | AB20: =('FS Seychelles'!AB27+'FS Seychelles'!AB33)/30 -> 0
A21: Seychelles | B21: =B20+1 -> 20 | C21: 1 | D21: 2021 | E21: ='FS Seychelles'!B22 -> 7.69 | F21: ='FS Seychelles'!C22*1000 -> 2355.968 | G21: ='FS Seychelles'!D22*1000 -> 2987.008 | H21: ='FS Seychelles'!E22*1000 -> 3575.808 | I21: ='FS Seychelles'!F22*1000 -> 1483.008 | J21: ='FS Seychelles'!G22*1000 -> 2417.152 | K21: ='FS Seychelles'!H22*1000 -> 824.064 | L21: ='FS Seychelles'!I22*1000 -> 1288.96 | M21: ='FS Seychelles'!J22*1000 -> 1401.856 | N21: ='FS Seychelles'!K22*1000 -> 3369.984 | O21: ='FS Seychelles'!L22 -> 9229 | P21: ='FS Seychelles'!M22 -> 7154 | Q21: ='FS Seychelles'!N22 -> 0 | R21: ='FS Seychelles'!O22 -> 7266 | S21: ='FS Seychelles'!P23 -> 0 | T21: ='FS Seychelles'!Q22 -> 6623 | U21: ='FS Seychelles'!S22 -> 26 | V21: ='FS Seychelles'!T22 -> 42 | W21: ='FS Seychelles'!U22 -> 85 | X21: ='FS Seychelles'!V22 -> 171 | Y21: ='FS Seychelles'!W22 -> 132 | Z21: ='FS Seychelles'!X22 -> 10 | AA21: ='FS Seychelles'!Y22 -> 0 | AB21: =('FS Seychelles'!AB28+'FS Seychelles'!AB34)/30 -> 0
A22: Seychelles | B22: =B21+1 -> 21 | C22: 1 | D22: 2021 | E22: ='FS Seychelles'!B23 -> 7.81 | F22: ='FS Seychelles'!C23*1000 -> 2262.272 | G22: ='FS Seychelles'!D23*1000 -> 2907.136 | H22: ='FS Seychelles'!E23*1000 -> 3613.696 | I22: ='FS Seychelles'!F23*1000 -> 1532.16 | J22: ='FS Seychelles'!G23*1000 -> 2440.448 | K22: ='FS Seychelles'!H23*1000 -> 806.4 | L22: ='FS Seychelles'!I23*1000 -> 1290.112 | M22: ='FS Seychelles'!J23*1000 -> 1409.024 | N22: ='FS Seychelles'!K23*1000 -> 3457.024 | O22: ='FS Seychelles'!L23 -> 11330 | P22: ='FS Seychelles'!M23 -> 3230 | Q22: ='FS Seychelles'!N23 -> 0 | R22: ='FS Seychelles'!O23 -> 7796 | S22: ='FS Seychelles'!P24 -> 0 | T22: ='FS Seychelles'!Q23 -> 6309 | U22: ='FS Seychelles'!S23 -> 28 | V22: ='FS Seychelles'!T23 -> 9 | W22: ='FS Seychelles'!U23 -> 97 | X22: ='FS Seychelles'!V23 -> 119 | Y22: ='FS Seychelles'!W23 -> 129 | Z22: ='FS Seychelles'!X23 -> 0 | AA22: ='FS Seychelles'!Y23 -> 0 | AB22: =('FS Seychelles'!AB29+'FS Seychelles'!AB35)/30 -> 0
A23: Seychelles | B23: =B22+1 -> 22 | C23: 1 | D23: 2021 | E23: ='FS Seychelles'!B24 -> 5.26 | F23: ='FS Seychelles'!C24*1000 -> 2407.68 | G23: ='FS Seychelles'!D24*1000 -> 3122.176 | H23: ='FS Seychelles'!E24*1000 -> 3905.536 | I23: ='FS Seychelles'!F24*1000 -> 1703.68 | J23: ='FS Seychelles'!G24*1000 -> 2711.296 | K23: ='FS Seychelles'!H24*1000 -> 897.6 | L23: ='FS Seychelles'!I24*1000 -> 1272.576 | M23: ='FS Seychelles'!J24*1000 -> 1441.536 | N23: ='FS Seychelles'!K24*1000 -> 3466.24 | O23: ='FS Seychelles'!L24 -> 5373 | P23: ='FS Seychelles'!M24 -> 7407 | Q23: ='FS Seychelles'!N24 -> 0 | R23: ='FS Seychelles'!O24 -> 9903 | S23: ='FS Seychelles'!P25 -> 0 | T23: ='FS Seychelles'!Q24 -> 6169 | U23: ='FS Seychelles'!S24 -> 26 | V23: ='FS Seychelles'!T24 -> 39 | W23: ='FS Seychelles'!U24 -> 77 | X23: ='FS Seychelles'!V24 -> 174 | Y23: ='FS Seychelles'!W24 -> 156 | Z23: ='FS Seychelles'!X24 -> 114 | AA23: ='FS Seychelles'!Y24 -> 0 | AB23: =('FS Seychelles'!AB30+'FS Seychelles'!AB36)/30 -> 0
A24: Seychelles | B24: =B23+1 -> 23 | C24: 1 | D24: 2021 | E24: ='FS Seychelles'!B25 -> 3.95 | F24: ='FS Seychelles'!C25*1000 -> 2375.68 | G24: ='FS Seychelles'!D25*1000 -> 3122.688 | H24: ='FS Seychelles'!E25*1000 -> 4020.224 | I24: ='FS Seychelles'!F25*1000 -> 1601.792 | J24: ='FS Seychelles'!G25*1000 -> 2616.576 | K24: ='FS Seychelles'!H25*1000 -> 806.464 | L24: ='FS Seychelles'!I25*1000 -> 1288.832 | M24: ='FS Seychelles'!J25*1000 -> 1442.304 | N24: ='FS Seychelles'!K25*1000 -> 3353.344 | O24: ='FS Seychelles'!L25 -> 6370 | P24: ='FS Seychelles'!M25 -> 7915 | Q24: ='FS Seychelles'!N25 -> 9594 | R24: ='FS Seychelles'!O25 -> 0 | S24: ='FS Seychelles'!P25 -> 0 | T24: ='FS Seychelles'!Q25 -> 6383 | U24: ='FS Seychelles'!S25 -> 27 | V24: ='FS Seychelles'!T25 -> 38 | W24: ='FS Seychelles'!U25 -> 65 | X24: ='FS Seychelles'!V25 -> 194 | Y24: ='FS Seychelles'!W25 -> 165 | Z24: ='FS Seychelles'!X25 -> 118 | AA24: ='FS Seychelles'!Y25 -> 0 | AB24: =('FS Seychelles'!AB31+'FS Seychelles'!AB37)/30 -> 0
A25: Seychelles | B25: =B24+1 -> 24 | C25: 1 | D25: 2021 | E25: ='FS Seychelles'!B26 -> 3.95 | F25: ='FS Seychelles'!C26*1000 -> 2042.624 | G25: ='FS Seychelles'!D26*1000 -> 2941.44 | H25: ='FS Seychelles'!E26*1000 -> 3497.472 | I25: ='FS Seychelles'!F26*1000 -> 1371.648 | J25: ='FS Seychelles'!G26*1000 -> 2185.728 | K25: ='FS Seychelles'!H26*1000 -> 654.976 | L25: ='FS Seychelles'!I26*1000 -> 1236.608 | M25: ='FS Seychelles'!J26*1000 -> 1383.424 | N25: ='FS Seychelles'!K26*1000 -> 3139.584 | O25: ='FS Seychelles'!L26 -> 589 | P25: ='FS Seychelles'!M26 -> 3775 | Q25: ='FS Seychelles'!N26 -> 788 | R25: ='FS Seychelles'!O26 -> 16522 | S25: ='FS Seychelles'!P26 -> 0 | T25: ='FS Seychelles'!Q26 -> 6169 | U25: ='FS Seychelles'!S26 -> 25 | V25: ='FS Seychelles'!T26 -> 14 | W25: ='FS Seychelles'!U26 -> 51 | X25: ='FS Seychelles'!V26 -> 148 | Y25: ='FS Seychelles'!W26 -> 134 | Z25: ='FS Seychelles'!X26 -> 82 | AA25: ='FS Seychelles'!Y26 -> 0 | AB25: =('FS Seychelles'!AB32+'FS Seychelles'!AB38)/30 -> 0
A26: Seychelles | B26: =B25+1 -> 25 | C26: 1 | D26: 2021 | E26: ='FS Seychelles'!B27 -> 5.26 | F26: ='FS Seychelles'!C27*1000 -> 2388.48 | G26: ='FS Seychelles'!D27*1000 -> 3278.336 | H26: ='FS Seychelles'!E27*1000 -> 3841.536 | I26: ='FS Seychelles'!F27*1000 -> 1591.296 | J26: ='FS Seychelles'!G27*1000 -> 2659.84 | K26: ='FS Seychelles'!H27*1000 -> 841.536 | L26: ='FS Seychelles'!I27*1000 -> 1160.064 | M26: ='FS Seychelles'!J27*1000 -> 1416.448 | N26: ='FS Seychelles'!K27*1000 -> 3218.944 | O26: ='FS Seychelles'!L27 -> 0 | P26: ='FS Seychelles'!M27 -> 8067 | Q26: ='FS Seychelles'!N27 -> 6397 | R26: ='FS Seychelles'!O27 -> 5978 | S26: ='FS Seychelles'!P27 -> 0 | T26: ='FS Seychelles'!Q27 -> 5851 | U26: ='FS Seychelles'!S27 -> 25 | V26: ='FS Seychelles'!T27 -> 68 | W26: ='FS Seychelles'!U27 -> 73 | X26: ='FS Seychelles'!V27 -> 170 | Y26: ='FS Seychelles'!W27 -> 157 | Z26: ='FS Seychelles'!X27 -> 87 | AA26: ='FS Seychelles'!Y27 -> 0 | AB26: =('FS Seychelles'!AB33+'FS Seychelles'!AB39)/30 -> 0
A27: Seychelles | B27: =B26+1 -> 26 | C27: 1 | D27: 2021 | E27: ='FS Seychelles'!B28 -> 5.26 | F27: ='FS Seychelles'!C28*1000 -> 2829.056 | G27: ='FS Seychelles'!D28*1000 -> 3568.128 | H27: ='FS Seychelles'!E28*1000 -> 3867.136 | I27: ='FS Seychelles'!F28*1000 -> 1695.744 | J27: ='FS Seychelles'!G28*1000 -> 2777.6 | K27: ='FS Seychelles'!H28*1000 -> 932.224 | L27: ='FS Seychelles'!I28*1000 -> 1120.384 | M27: ='FS Seychelles'!J28*1000 -> 1378.816 | N27: ='FS Seychelles'!K28*1000 -> 3345.152 | O27: ='FS Seychelles'!L28 -> 2871 | P27: ='FS Seychelles'!M28 -> 11656 | Q27: ='FS Seychelles'!N28 -> 7629 | R27: ='FS Seychelles'!O28 -> 6234 | S27: ='FS Seychelles'!P28 -> 0 | T27: ='FS Seychelles'!Q28 -> 7801 | U27: ='FS Seychelles'!S28 -> 30 | V27: ='FS Seychelles'!T28 -> 0 | W27: ='FS Seychelles'!U28 -> 63 | X27: ='FS Seychelles'!V28 -> 197 | Y27: ='FS Seychelles'!W28 -> 161 | Z27: ='FS Seychelles'!X28 -> 123 | AA27: ='FS Seychelles'!Y28 -> 0 | AB27: =('FS Seychelles'!AB34+'FS Seychelles'!AB40)/30 -> 0
A28: Seychelles | B28: =B27+1 -> 27 | C28: 1 | D28: 2021 | E28: ='FS Seychelles'!B29 -> 20.97 | F28: ='FS Seychelles'!C29*1000 -> 2353.408 | G28: ='FS Seychelles'!D29*1000 -> 3239.424 | H28: ='FS Seychelles'!E29*1000 -> 3622.4 | I28: ='FS Seychelles'!F29*1000 -> 1394.432 | J28: ='FS Seychelles'!G29*1000 -> 2674.176 | K28: ='FS Seychelles'!H29*1000 -> 633.664 | L28: ='FS Seychelles'!I29*1000 -> 1268.224 | M28: ='FS Seychelles'!J29*1000 -> 1297.152 | N28: ='FS Seychelles'!K29*1000 -> 3403.52 | O28: ='FS Seychelles'!L29 -> 1329 | P28: ='FS Seychelles'!M29 -> 6681 | Q28: ='FS Seychelles'!N29 -> 9871 | R28: ='FS Seychelles'!O29 -> 4993 | S28: ='FS Seychelles'!P29 -> 0 | T28: ='FS Seychelles'!Q29 -> 6409 | U28: ='FS Seychelles'!S29 -> 29 | V28: ='FS Seychelles'!T29 -> 32 | W28: ='FS Seychelles'!U29 -> 46 | X28: ='FS Seychelles'!V29 -> 177 | Y28: ='FS Seychelles'!W29 -> 168 | Z28: ='FS Seychelles'!X29 -> 83 | AA28: ='FS Seychelles'!Y29 -> 0 | AB28: =('FS Seychelles'!AB35+'FS Seychelles'!AB41)/30 -> 0
A29: Seychelles | B29: =B28+1 -> 28 | C29: 1 | D29: 2021 | E29: ='FS Seychelles'!B30 -> 27.42 | F29: ='FS Seychelles'!C30*1000 -> 2891.264 | G29: ='FS Seychelles'!D30*1000 -> 3609.088 | H29: ='FS Seychelles'!E30*1000 -> 3960.32 | I29: ='FS Seychelles'!F30*1000 -> 1660.928 | J29: ='FS Seychelles'!G30*1000 -> 3079.936 | K29: ='FS Seychelles'!H30*1000 -> 878.272 | L29: ='FS Seychelles'!I30*1000 -> 1182.592 | M29: ='FS Seychelles'!J30*1000 -> 1347.584 | N29: ='FS Seychelles'!K30*1000 -> 3359.744 | O29: ='FS Seychelles'!L30 -> 8184 | P29: ='FS Seychelles'!M30 -> 621 | Q29: ='FS Seychelles'!N30 -> 5827 | R29: ='FS Seychelles'!O30 -> 11126 | S29: ='FS Seychelles'!P30 -> 0 | T29: ='FS Seychelles'!Q30 -> 7260 | U29: ='FS Seychelles'!S30 -> 31 | V29: ='FS Seychelles'!T30 -> 33 | W29: ='FS Seychelles'!U30 -> 44 | X29: ='FS Seychelles'!V30 -> 201 | Y29: ='FS Seychelles'!W30 -> 176 | Z29: ='FS Seychelles'!X30 -> 113 | AA29: ='FS Seychelles'!Y30 -> 0 | AB29: =('FS Seychelles'!AB36+'FS Seychelles'!AB42)/30 -> 0
A30: Seychelles | B30: =B29+1 -> 29 | C30: 1 | D30: 2021 | E30: ='FS Seychelles'!B31 -> 29.03 | F30: ='FS Seychelles'!C31*1000 -> 2195.968 | G30: ='FS Seychelles'!D31*1000 -> 2856.448 | H30: ='FS Seychelles'!E31*1000 -> 3518.464 | I30: ='FS Seychelles'!F31*1000 -> 1250.816 | J30: ='FS Seychelles'!G31*1000 -> 2597.376 | K30: ='FS Seychelles'!H31*1000 -> 573.568 | L30: ='FS Seychelles'!I31*1000 -> 1333.76 | M30: ='FS Seychelles'!J31*1000 -> 1233.92 | N30: ='FS Seychelles'!K31*1000 -> 3445.248 | O30: ='FS Seychelles'!L31 -> 10879 | P30: ='FS Seychelles'!M31 -> 932 | Q30: ='FS Seychelles'!N31 -> 15831 | R30: ='FS Seychelles'!O31 -> 6902 | S30: ='FS Seychelles'!P31 -> 0 | T30: ='FS Seychelles'!Q31 -> 9401 | U30: ='FS Seychelles'!S31 -> 28 | V30: ='FS Seychelles'!T31 -> 35 | W30: ='FS Seychelles'!U31 -> 45 | X30: ='FS Seychelles'!V31 -> 177 | Y30: ='FS Seychelles'!W31 -> 190 | Z30: ='FS Seychelles'!X31 -> 71 | AA30: ='FS Seychelles'!Y31 -> 0 | AB30: =('FS Seychelles'!AB37+'FS Seychelles'!AB43)/30 -> 0
A31: Seychelles | B31: =B30+1 -> 30 | C31: 1 | D31: 2021 | E31: ='FS Seychelles'!B32 -> 29.03 | F31: ='FS Seychelles'!C32*1000 -> 2431.488 | G31: ='FS Seychelles'!D32*1000 -> 3092.992 | H31: ='FS Seychelles'!E32*1000 -> 3539.968 | I31: ='FS Seychelles'!F32*1000 -> 1416.704 | J31: ='FS Seychelles'!G32*1000 -> 2883.328 | K31: ='FS Seychelles'!H32*1000 -> 660.608 | L31: ='FS Seychelles'!I32*1000 -> 1287.296 | M31: ='FS Seychelles'!J32*1000 -> 1264.896 | N31: ='FS Seychelles'!K32*1000 -> 3378.176 | O31: ='FS Seychelles'!L32 -> 4263 | P31: ='FS Seychelles'!M32 -> 874 | Q31: ='FS Seychelles'!N32 -> 13241 | R31: ='FS Seychelles'!O32 -> 0 | S31: ='FS Seychelles'!P32 -> 0 | T31: ='FS Seychelles'!Q32 -> 4880 | U31: ='FS Seychelles'!S32 -> 30 | V31: ='FS Seychelles'!T32 -> 23 | W31: ='FS Seychelles'!U32 -> 67 | X31: ='FS Seychelles'!V32 -> 157 | Y31: ='FS Seychelles'!W32 -> 191 | Z31: ='FS Seychelles'!X32 -> 64 | AA31: ='FS Seychelles'!Y32 -> 0 | AB31: =('FS Seychelles'!AB38+'FS Seychelles'!AB44)/30 -> 0
A32: Seychelles | B32: =B31+1 -> 31 | C32: 1 | D32: 2021 | E32: ='FS Seychelles'!B33 -> 26.98 | F32: ='FS Seychelles'!C33*1000 -> 2992.64 | G32: ='FS Seychelles'!D33*1000 -> 3569.664 | H32: ='FS Seychelles'!E33*1000 -> 3639.808 | I32: ='FS Seychelles'!F33*1000 -> 1585.408 | J32: ='FS Seychelles'!G33*1000 -> 3311.104 | K32: ='FS Seychelles'!H33*1000 -> 896.384 | L32: ='FS Seychelles'!I33*1000 -> 1230.976 | M32: ='FS Seychelles'!J33*1000 -> 1340.928 | N32: ='FS Seychelles'!K33*1000 -> 3290.112 | O32: ='FS Seychelles'!L33 -> 6314 | P32: ='FS Seychelles'!M33 -> 8773 | Q32: ='FS Seychelles'!N33 -> 0 | R32: ='FS Seychelles'!O33 -> 10132 | S32: ='FS Seychelles'!P33 -> 0 | T32: ='FS Seychelles'!Q33 -> 7136 | U32: ='FS Seychelles'!S33 -> 33 | V32: ='FS Seychelles'!T33 -> 14 | W32: ='FS Seychelles'!U33 -> 50 | X32: ='FS Seychelles'!V33 -> 150 | Y32: ='FS Seychelles'!W33 -> 131 | Z32: ='FS Seychelles'!X33 -> 115 | AA32: ='FS Seychelles'!Y33 -> 0 | AB32: =('FS Seychelles'!AB39+'FS Seychelles'!AB45)/30 -> 0
O33: =SUM(O2:O32) -> 202119 | P33: =SUM(P2:P32) -> 189198 | Q33: =SUM(Q2:Q32) -> 148798 | R33: =SUM(R2:R32) -> 178123
R35: =SUM(O33:R33) -> 718238

Sheet FS Seychelles
A2: DATE | B2: Room Night | C2: SS-A (KWH) | D2: SS-B (KWH) | E2: SS-C (KWH) | F2: SS-D1 (KWH) | G2: SS-D2 (KWH) | H2: SS-E (KWH) | I2: FIRE PUMP (KWH) | J2: CASINO (KWH) | K2: BOH (KWH) | L2: Generator#1 (KWH) | M2: Generator#2 (KWH) | N2: Generator#3 (KWH) | O2: Generator#4 (KWH) | P2: Generator#5 (KWH) | Q2: DIESEL (Liter) | R2: DIESEL TARIFF ($/Liter) | S2: BOH Water (m3) | T2: E-Resort (m3) | U2: North RVs (m3) | V2: WT59 (m3) | W2: WT08 (m3) | X2: PUC HOH (m3) | Y2: PUC Eresort (m3) | Z2: LPG (Kg)
A3: 44197 | B3: 20.29 | C3: 2.280192 | D3: 4.297216 | E3: 4.311552 | F3: 1.755904 | G3: 2.534656 | H3: 0.584 | I3: 1.348224 | J3: 1.210368 | K3: 3.2896 | L3: 4264 | M3: 7608 | N3: 7644 | O3: 4225 | P3: 0 | Q3: =1253+2032+2067+1272 -> 6624 | R3: 0.86 | S3: 30 | T3: 22 | U3: 101 | V3: 139 | W3: 131 | X3: 62 | Y3: 0 | Z3: CYLINDER DELIVERY (KG)
A4: 44198 | B4: 19.11 | C4: 2.53312 | D4: 4.553728 | E4: 4.253696 | F4: 1.82272 | G4: 2.586368 | H4: 0.598272 | I4: 1.221888 | J4: 1.553408 | K4: 3.111168 | L4: 8655 | M4: 4239 | N4: 3939 | O4: 8305 | P4: 0 | Q4: =2380+1117+1089+2494 -> 7080 | R4: 0.86 | S4: 30 | T4: 35 | U4: 118 | V4: 142 | W4: 92 | X4: 0 | Y4: 0 | Z4: Unit (kg) | AA4: Quantity | AB4: Sub total
A5: 44199 | B5: 24.62 | C5: 2.213888 | D5: 4.024832 | E5: 4.097536 | F5: 1.423872 | G5: 2.567936 | H5: 0.465728 | I5: 1.275648 | J5: 1.455872 | K5: 3.302912 | L5: 10730 | M5: 5684 | N5: 2568 | O5: 3469 | P5: 0 | Q5: =2881+1577+690+1064 -> 6212 | R5: 0.86 | S5: 29 | T5: 16 | U5: 116 | V5: 123 | W5: 88 | X5: 61 | Y5: 0 | Z5: 4.5 | AA5: 2 | AB5: =Z5*AA5 -> 9
A6: 44200 | B6: 25 | C6: 2.459136 | D6: 3.89888 | E6: 4.250624 | F6: 1.501952 | G6: 2.774016 | H6: 0.513216 | I6: 1.297408 | J6: 1.375744 | K6: 3.359232 | L6: 6826 | M6: 4159 | N6: 6700 | O6: 5030 | P6: 0 | Q6: =1795+1126+1823+1346 -> 6090 | R6: =18.06/21.24 -> 0.85028249 | S6: 25 | T6: 42 | U6: 96 | V6: 143 | W6: 114 | X6: 0 | Y6: 0 | Z6: 9 | AA6: 7 | AB6: =Z6*AA6 -> 63
A7: 44201 | B7: 21.54 | C7: 2.46912 | D7: 3.898368 | E7: 4.216832 | F7: 1.55264 | G7: 2.746624 | H7: 0.548928 | I7: 1.28768 | J7: 1.329408 | K7: 3.249664 | L7: 7419 | M7: 7942 | N7: 0 | O7: 4789 | P7: 0 | Q7: =2089+2211+1105 -> 5405 | R7: =18.06/21.24 -> 0.85028249 | S7: 23 | T7: 25 | U7: 104 | V7: 174 | W7: 96 | X7: 0 | Y7: 0 | Z7: 5 | AA7: 11 | AB7: =Z7*AA7 -> 55
A8: 44202 | B8: 20.9 | C8: 2.689792 | D8: 3.894784 | E8: 4.158464 | F8: 1.627648 | G8: 2.646272 | H8: 0.620416 | I8: 1.273344 | J8: 1.353728 | K8: 3.137024 | L8: 7713 | M8: 8295 | N8: 3793 | O8: 3954 | P8: 0 | Q8: =1893+2074+1057+1381 -> 6405 | R8: =18.06/21.24 -> 0.85028249 | S8: 25 | T8: 1 | U8: 99 | V8: 138 | W8: 99 | X8: 0 | Y8: 0 | Z8: 20 | AA8: 48 | AB8: =Z8*AA8 -> 960
A9: 44203 | B9: 21.54 | C9: 2.704384 | D9: 3.973632 | E9: 4.146176 | F9: 1.695488 | G9: 2.727936 | H9: 0.60256 | I9: 1.298816 | J9: 1.299712 | K9: 3.381248 | L9: 6701 | M9: 3643 | N9: 9404 | O9: 2569 | P9: 0 | Q9: =1817+1012+2507+719 -> 6055 | R9: =18.06/21.24 -> 0.85028249 | S9: 25 | T9: 21 | U9: 96 | V9: 154 | W9: 87 | X9: 0 | Y9: 0 | AA9: Total | AB9: =SUM(AB5:AB8) -> 1087
A10: 44204 | B10: 11.69 | C10: 2.548992 | D10: 3.608576 | E10: 4.001792 | F10: 1.536768 | G10: 2.455552 | H10: 0.638464 | I10: 1.28832 | J10: 1.239808 | K10: 3.264768 | L10: 7771 | M10: 15015 | N10: 0 | O10: 0 | P10: 0 | Q10: =2117+4003 -> 6120 | R10: =18.06/21.24 -> 0.85028249 | S10: 28 | T10: 51 | U10: 104 | V10: 166 | W10: 109 | X10: 136 | Y10: 0
A11: 44205 | B11: 11.69 | C11: 2.401792 | D11: 3.430912 | E11: 3.932672 | F11: 1.369088 | G11: 2.188544 | H11: 0.61952 | I11: 1.181952 | J11: 1.26592 | K11: 2.956544 | L11: 7872 | M11: 2865 | N11: 0 | O11: 6566 | P11: 0 | Q11: =2129+721+1919 -> 4769 | R11: =18.06/21.24 -> 0.85028249 | S11: 25 | T11: 0 | U11: 112 | V11: 152 | W11: 111 | X11: 6 | Y11: 0 | Z11: TRUCK DELIVERY (KG)
A12: 44206 | B12: 11.69 | C12: 2.820352 | D12: 3.848704 | E12: 3.99872 | F12: 1.503488 | G12: 2.397952 | H12: 0.790528 | I12: 1.260416 | J12: 1.267456 | K12: 3.083776 | L12: 8326 | M12: 4539 | N12: 3671 | O12: 6739 | P12: 0 | Q12: =2267+1187+1107+1973 -> 6534 | R12: =18.06/21.24 -> 0.85028249 | S12: 26 | T12: 44 | U12: 119 | V12: 171 | W12: 107 | X12: 0 | Y12: 0 | AA12: Sub Total
A13: 44207 | B13: 11.69 | C13: 2.75328 | D13: 3.826688 | E13: 4.165632 | F13: 1.614336 | G13: 2.428416 | H13: 0.854784 | I13: 1.11744 | J13: 1.268224 | K13: 3.121408 | L13: 9039 | M13: 7216 | N13: 7970 | O13: 0 | P13: 0 | Q13: =2431+1901+2075 -> 6407 | R13: 0.9 | S13: 33 | T13: 0 | U13: 145 | V13: 156 | W13: 113 | X13: 88 | Y13: 0 | Z13: Sitronel | AA13: 2100
A14: 44208 | B14: 11.69 | C14: 2.70208 | D14: 3.908096 | E14: 4.155392 | F14: 1.579008 | G14: 2.468864 | H14: 0.75424 | I14: 1.279488 | J14: 1.398528 | K14: 3.320064 | L14: 7183 | M14: 4759 | N14: 4582 | O14: 8108 | P14: 0 | Q14: =1888+1273+1258+2414 -> 6833 | R14: 0.9 | S14: 29 | T14: 44 | U14: 104 | V14: 165 | W14: 100 | X14: 96 | Y14: 0 | Z14: Zez | AA14: 1300
A15: 44209 | B15: 11.69 | C15: 2.32448 | D15: 3.510784 | E15: 4.094976 | F15: 1.293312 | G15: 1.905664 | H15: 0.532672 | I15: 1.325824 | J15: 1.481216 | K15: 3.303168 | L15: 7242 | M15: 6804 | N15: 6807 | O15: 0 | P15: 0 | Q15: =1937+1869+1855 -> 5661 | R15: 0.9 | S15: 28 | T15: 25 | U15: 73 | V15: 168 | W15: 139 | X15: 95 | Y15: 0 | AA15: Total | AB15: =SUM(AA13:AB14) -> 3400
A16: 44210 | B16: 11.76 | C16: 2.456832 | D16: 3.674624 | E16: 4.199424 | F16: 1.430272 | G16: 2.021888 | H16: 0.665984 | I16: 1.334528 | J16: 1.47456 | K16: 3.328768 | L16: 1755 | M16: 7966 | N16: 5906 | O16: 8480 | P16: 0 | Q16: =515+2056+1573+2515 -> 6659 | R16: 0.9 | S16: 25 | T16: 45 | U16: 105 | V16: 178 | W16: 108 | X16: 62 | Y16: 0
A17: 44211 | B17: 8.82 | C17: 2.671104 | D17: 3.924992 | E17: 4.273664 | F17: 1.549568 | G17: 2.2656 | H17: 0.727808 | I17: 1.306752 | J17: 1.506816 | K17: 3.500032 | L17: 9122 | M17: 8902 | N17: 9359 | O17: 0 | P17: 0 | Q17: =2459+2364+1701 -> 6524 | R17: 0.9 | S17: 26 | T17: 27 | U17: 123 | V17: 136 | W17: 111 | X17: 32 | Y17: 0
A18: 44212 | B18: 10.29 | C18: 2.788352 | D18: 3.904 | E18: 4.348416 | F18: 1.607936 | G18: 2.484736 | H18: 0.777472 | I18: 1.309696 | J18: 1.51296 | K18: 3.373312 | L18: 8113 | M18: 0 | N18: 7277 | O18: 8772 | P18: 0 | Q18: =2200+1931+2598 -> 6729 | R18: 0.9 | S18: 28 | T18: 25 | U18: 86 | V18: 149 | W18: 115 | X18: 52 | Y18: 0
A19: 44213 | B19: 8.82 | C19: 2.745856 | D19: 3.827712 | E19: 4.032 | F19: 1.48864 | G19: 2.49856 | H19: 0.715776 | I19: 1.155456 | J19: 1.453056 | K19: 3.2 | L19: 8148 | M19: 7848 | N19: 0 | O19: 7120 | P19: 0 | Q19: =2158+2056+2137 -> 6351 | R19: 0.9 | S19: 24 | T19: 20 | U19: 96 | V19: 219 | W19: 157 | X19: 69 | Y19: 0
A20: 44214 | B20: 9.35 | C20: 2.557696 | D20: 3.610624 | E20: 4.164096 | F20: 1.574656 | G20: 2.455808 | H20: 0.75104 | I20: 1.272192 | J20: 1.421568 | K20: 3.423232 | L20: 0 | M20: 6925 | N20: 0 | O20: 7397 | P20: 0 | Q20: =1860+2159 -> 4019 | R20: 0.9 | S20: 29 | T20: 15 | U20: 75 | V20: 197 | W20: 115 | X20: 117 | Y20: 0
A21: 44215 | B21: 7.69 | C21: 2.326016 | D21: 3.24352 | E21: 3.99872 | F21: 1.580032 | G21: 2.85824 | H21: 0.863936 | I21: 1.268608 | J21: 1.447424 | K21: 3.364864 | L21: 8509 | M21: 7704 | N21: 0 | O21: 5748 | P21: 0 | Q21: =2279+1846+1656 -> 5781 | R21: 0.9 | S21: 27 | T21: 32 | U21: 79 | V21: 180 | W21: 134 | X21: 93 | Y21: 0
A22: 44216 | B22: 7.69 | C22: 2.355968 | D22: 2.987008 | E22: 3.575808 | F22: 1.483008 | G22: 2.417152 | H22: 0.824064 | I22: 1.28896 | J22: 1.401856 | K22: 3.369984 | L22: 9229 | M22: 7154 | N22: 0 | O22: 7266 | P22: 0 | Q22: =2465+2030+2128 -> 6623 | R22: 0.9 | S22: 26 | T22: 42 | U22: 85 | V22: 171 | W22: 132 | X22: 10 | Y22: 0
A23: 44217 | B23: 7.81 | C23: 2.262272 | D23: 2.907136 | E23: 3.613696 | F23: 1.53216 | G23: 2.440448 | H23: 0.8064 | I23: 1.290112 | J23: 1.409024 | K23: 3.457024 | L23: 11330 | M23: 3230 | N23: 0 | O23: 7796 | P23: 0 | Q23: =3091+913+2305 -> 6309 | R23: 0.9 | S23: 28 | T23: 9 | U23: 97 | V23: 119 | W23: 129 | X23: 0 | Y23: 0
A24: 44218 | B24: 5.26 | C24: 2.40768 | D24: 3.122176 | E24: 3.905536 | F24: 1.70368 | G24: 2.711296 | H24: 0.8976 | I24: 1.272576 | J24: 1.441536 | K24: 3.46624 | L24: 5373 | M24: 7407 | N24: 0 | O24: 9903 | P24: 0 | Q24: =1358+1906+2905 -> 6169 | R24: 0.9 | S24: 26 | T24: 39 | U24: 77 | V24: 174 | W24: 156 | X24: 114 | Y24: 0
A25: 44219 | B25: 3.95 | C25: 2.37568 | D25: 3.122688 | E25: 4.020224 | F25: 1.601792 | G25: 2.616576 | H25: 0.806464 | I25: 1.288832 | J25: 1.442304 | K25: 3.353344 | L25: 6370 | M25: 7915 | N25: 9594 | O25: 0 | P25: 0 | Q25: =1737+2076+2570 -> 6383 | R25: 0.9 | S25: 27 | T25: 38 | U25: 65 | V25: 194 | W25: 165 | X25: 118 | Y25: 0
A26: 44220 | B26: 3.95 | C26: 2.042624 | D26: 2.94144 | E26: 3.497472 | F26: 1.371648 | G26: 2.185728 | H26: 0.654976 | I26: 1.236608 | J26: 1.383424 | K26: 3.139584 | L26: 589 | M26: 3775 | N26: 788 | O26: 16522 | P26: 0 | Q26: =106+1000+232+4831 -> 6169 | R26: 0.9 | S26: 25 | T26: 14 | U26: 51 | V26: 148 | W26: 134 | X26: 82 | Y26: 0
A27: 44221 | B27: 5.26 | C27: 2.38848 | D27: 3.278336 | E27: 3.841536 | F27: 1.591296 | G27: 2.65984 | H27: 0.841536 | I27: 1.160064 | J27: 1.416448 | K27: 3.218944 | L27: 0 | M27: 8067 | N27: 6397 | O27: 5978 | P27: 0 | Q27: =2166+1733+1952 -> 5851 | R27: 0.9 | S27: 25 | T27: 68 | U27: 73 | V27: 170 | W27: 157 | X27: 87 | Y27: 0
A28: 44222 | B28: 5.26 | C28: 2.829056 | D28: 3.568128 | E28: 3.867136 | F28: 1.695744 | G28: 2.7776 | H28: 0.932224 | I28: 1.120384 | J28: 1.378816 | K28: 3.345152 | L28: 2871 | M28: 11656 | N28: 7629 | O28: 6234 | P28: 0 | Q28: =846+3092+2046+1817 -> 7801 | R28: 0.9 | S28: 30 | T28: 0 | U28: 63 | V28: 197 | W28: 161 | X28: 123 | Y28: 0
A29: 44223 | B29: 20.97 | C29: 2.353408 | D29: 3.239424 | E29: 3.6224 | F29: 1.394432 | G29: 2.674176 | H29: 0.633664 | I29: 1.268224 | J29: 1.297152 | K29: 3.40352 | L29: 1329 | M29: 6681 | N29: 9871 | O29: 4993 | P29: 0 | Q29: =414+1834+2690+1471 -> 6409 | R29: 0.9 | S29: 29 | T29: 32 | U29: 46 | V29: 177 | W29: 168 | X29: 83 | Y29: 0
A30: 44224 | B30: 27.42 | C30: 2.891264 | D30: 3.609088 | E30: 3.96032 | F30: 1.660928 | G30: 3.079936 | H30: 0.878272 | I30: 1.182592 | J30: 1.347584 | K30: 3.359744 | L30: 8184 | M30: 621 | N30: 5827 | O30: 11126 | P30: 0 | Q30: =2212+183+1577+3288 -> 7260 | R30: 0.9 | S30: 31 | T30: 33 | U30: 44 | V30: 201 | W30: 176 | X30: 113 | Y30: 0
A31: 44225 | B31: 29.03 | C31: 2.195968 | D31: 2.856448 | E31: 3.518464 | F31: 1.250816 | G31: 2.597376 | H31: 0.573568 | I31: 1.33376 | J31: 1.23392 | K31: 3.445248 | L31: 10879 | M31: 932 | N31: 15831 | O31: 6902 | P31: 0 | Q31: =2857+245+4225+2074 -> 9401 | R31: 0.9 | S31: 28 | T31: 35 | U31: 45 | V31: 177 | W31: 190 | X31: 71 | Y31: 0
A32: 44226 | B32: 29.03 | C32: 2.431488 | D32: 3.092992 | E32: 3.539968 | F32: 1.416704 | G32: 2.883328 | H32: 0.660608 | I32: 1.287296 | J32: 1.264896 | K32: 3.378176 | L32: 4263 | M32: 874 | N32: 13241 | O32: 0 | P32: 0 | Q32: =1555+2114+1211 -> 4880 | R32: 0.9 | S32: 30 | T32: 23 | U32: 67 | V32: 157 | W32: 191 | X32: 64 | Y32: 0
A33: 44227 | B33: 26.98 | C33: 2.99264 | D33: 3.569664 | E33: 3.639808 | F33: 1.585408 | G33: 3.311104 | H33: 0.896384 | I33: 1.230976 | J33: 1.340928 | K33: 3.290112 | L33: 6314 | M33: 8773 | N33: 0 | O33: 10132 | P33: 0 | Q33: =1726+2360+3050 -> 7136 | R33: 0.9 | S33: 33 | T33: 14 | U33: 50 | V33: 150 | W33: 131 | X33: 115 | Y33: 0
