Workbook

Sheet TOTAL
A1: Site Name | B1: Day | C1: Month | D1: Year | E1: Total Electricity Kwh | F1: Electricity Tariff ($/Kwh) | G1: LPG (Kg) | H1: LPG $/Kg | I1: Total Fuel Oil (Liters) | J1: Fuel Oil $/Liter | K1: Water Utility Supply (m3) m3 | L1: Water Utility Supply (m3) $/m3 | M1: Room Nights | N1: Food Covers
A2: Bali Jimbaran | B2: 1 | C2: 1 | D2: 2021 | E2: ='FS Jimbaran January 2021'!P12 -> 17200 | F2: ='FS Jimbaran January 2021'!O12/'FS Jimbaran January 2021'!P12 -> 1185.5767 | G2: ='FS Jimbaran January 2021'!AG12 -> 274 | H2: ='FS Jimbaran January 2021'!AH12/'FS Jimbaran January 2021'!AG12 -> 11094.54 | I2: ='FS Jimbaran January 2021'!AJ12 -> 598 | J2: ='FS Jimbaran January 2021'!AK12/'FS Jimbaran January 2021'!AJ12 -> 8600 | K2: ='FS Jimbaran January 2021'!V12 -> 934 | L2: ='FS Jimbaran January 2021'!AA12/'FS Jimbaran January 2021'!V12 -> 2578.2206 | M2: 42 | N2: 423
A3: Bali Jimbaran | B3: =B2+1 -> 2 | C3: 1 | D3: 2021 | E3: ='FS Jimbaran January 2021'!P13 -> 16500 | F3: ='FS Jimbaran January 2021'!O13/'FS Jimbaran January 2021'!P13 -> 1182.4841 | G3: ='FS Jimbaran January 2021'!AG13 -> 262 | H3: ='FS Jimbaran January 2021'!AH13/'FS Jimbaran January 2021'!AG13 -> 11094.54 | I3: ='FS Jimbaran January 2021'!AJ13 -> 589.1 | J3: ='FS Jimbaran January 2021'!AK13/'FS Jimbaran January 2021'!AJ13 -> 8600 | K3: ='FS Jimbaran January 2021'!V13 -> 945 | L3: ='FS Jimbaran January 2021'!AA13/'FS Jimbaran January 2021'!V13 -> 2498.2106 | M3: 37 | N3: 341
A4: Bali Jimbaran | B4: =B3+1 -> 3 | C4: 1 | D4: 2021 | E4: ='FS Jimbaran January 2021'!P14 -> 13580 | F4: ='FS Jimbaran January 2021'!O14/'FS Jimbaran January 2021'!P14 -> 1125.2095 | G4: ='FS Jimbaran January 2021'!AG14 -> 212 | H4: ='FS Jimbaran January 2021'!AH14/'FS Jimbaran January 2021'!AG14 -> 11094.54 | I4: ='FS Jimbaran January 2021'!AJ14 -> 547.5 | J4: ='FS Jimbaran January 2021'!AK14/'FS Jimbaran January 2021'!AJ14 -> 8600 | K4: ='FS Jimbaran January 2021'!V14 -> 878 | L4: ='FS Jimbaran January 2021'!AA14/'FS Jimbaran January 2021'!V14 -> 2612.4191 | M4: 29 | N4: 252
A5: Bali Jimbaran | B5: =B4+1 -> 4 | C5: 1 | D5: 2021 | E5: ='FS Jimbaran January 2021'!P15 -> 19120 | F5: ='FS Jimbaran January 2021'!O15/'FS Jimbaran January 2021'!P15 -> 1212.7077 | G5: ='FS Jimbaran January 2021'!AG15 -> 212 | H5: ='FS Jimbaran January 2021'!AH15/'FS Jimbaran January 2021'!AG15 -> 11094.54 | I5: ='FS Jimbaran January 2021'!AJ15 -> 527.6 | J5: ='FS Jimbaran January 2021'!AK15/'FS Jimbaran January 2021'!AJ15 -> 8600 | K5: ='FS Jimbaran January 2021'!V15 -> 917 | L5: ='FS Jimbaran January 2021'!AA15/'FS Jimbaran January 2021'!V15 -> 2178.0556 | M5: 23 | N5: 199
A6: Bali Jimbaran | B6: =B5+1 -> 5 | C6: 1 | D6: 2021 | E6: ='FS Jimbaran January 2021'!P16 -> 14820 | F6: ='FS Jimbaran January 2021'!O16/'FS Jimbaran January 2021'!P16 -> 1182.2359 | G6: ='FS Jimbaran January 2021'!AG16 -> 212 | H6: ='FS Jimbaran January 2021'!AH16/'FS Jimbaran January 2021'!AG16 -> 11094.54 | I6: ='FS Jimbaran January 2021'!AJ16 -> 515.9 | J6: ='FS Jimbaran January 2021'!AK16/'FS Jimbaran January 2021'!AJ16 -> 8600 | K6: ='FS Jimbaran January 2021'!V16 -> 842 | L6: ='FS Jimbaran January 2021'!AA16/'FS Jimbaran January 2021'!V16 -> 2745.2162 | M6: 18 | N6: 137
A7: Bali Jimbaran | B7: =B6+1 -> 6 | C7: 1 | D7: 2021 | E7: ='FS Jimbaran January 2021'!P17 -> 11120 | F7: ='FS Jimbaran January 2021'!O17/'FS Jimbaran January 2021'!P17 -> 1203.9545 | G7: ='FS Jimbaran January 2021'!AG17 -> 212 | H7: ='FS Jimbaran January 2021'!AH17/'FS Jimbaran January 2021'!AG17 -> 11094.54 | I7: ='FS Jimbaran January 2021'!AJ17 -> 530.6 | J7: ='FS Jimbaran January 2021'!AK17/'FS Jimbaran January 2021'!AJ17 -> 8600 | K7: ='FS Jimbaran January 2021'!V17 -> 871 | L7: ='FS Jimbaran January 2021'!AA17/'FS Jimbaran January 2021'!V17 -> 2689.8611 | M7: 14 | N7: 168
A8: Bali Jimbaran | B8: =B7+1 -> 7 | C8: 1 | D8: 2021 | E8: ='FS Jimbaran January 2021'!P18 -> 14580 | F8: ='FS Jimbaran January 2021'!O18/'FS Jimbaran January 2021'!P18 -> 1179.3186 | G8: ='FS Jimbaran January 2021'!AG18 -> 224 | H8: ='FS Jimbaran January 2021'!AH18/'FS Jimbaran January 2021'!AG18 -> 11094.54 | I8: ='FS Jimbaran January 2021'!AJ18 -> 572.7 | J8: ='FS Jimbaran January 2021'!AK18/'FS Jimbaran January 2021'!AJ18 -> 8600 | K8: ='FS Jimbaran January 2021'!V18 -> 880 | L8: ='FS Jimbaran January 2021'!AA18/'FS Jimbaran January 2021'!V18 -> 2587.6773 | M8: 14 | N8: 131
A9: Bali Jimbaran | B9: =B8+1 -> 8 | C9: 1 | D9: 2021 | E9: ='FS Jimbaran January 2021'!P19 -> 14040 | F9: ='FS Jimbaran January 2021'!O19/'FS Jimbaran January 2021'!P19 -> 1175.1013 | G9: ='FS Jimbaran January 2021'!AG19 -> 224 | H9: ='FS Jimbaran January 2021'!AH19/'FS Jimbaran January 2021'!AG19 -> 11094.54 | I9: ='FS Jimbaran January 2021'!AJ19 -> 566.1 | J9: ='FS Jimbaran January 2021'!AK19/'FS Jimbaran January 2021'!AJ19 -> 8600 | K9: ='FS Jimbaran January 2021'!V19 -> 845 | L9: ='FS Jimbaran January 2021'!AA19/'FS Jimbaran January 2021'!V19 -> 1867.0497 | M9: 13 | N9: 125
A10: Bali Jimbaran | B10: =B9+1 -> 9 | C10: 1 | D10: 2021 | E10: ='FS Jimbaran January 2021'!P20 -> 13940 | F10: ='FS Jimbaran January 2021'!O20/'FS Jimbaran January 2021'!P20 -> 1184.3111 | G10: ='FS Jimbaran January 2021'!AG20 -> 212 | H10: ='FS Jimbaran January 2021'!AH20/'FS Jimbaran January 2021'!AG20 -> 11094.54 | I10: ='FS Jimbaran January 2021'!AJ20 -> 500 | J10: ='FS Jimbaran January 2021'!AK20/'FS Jimbaran January 2021'!AJ20 -> 8600 | K10: ='FS Jimbaran January 2021'!V20 -> 867 | L10: ='FS Jimbaran January 2021'!AA20/'FS Jimbaran January 2021'!V20 -> 2013.5513 | M10: 11 | N10: 146
A11: Bali Jimbaran | B11: =B10+1 -> 10 | C11: 1 | D11: 2021 | E11: ='FS Jimbaran January 2021'!P21 -> 13800 | F11: ='FS Jimbaran January 2021'!O21/'FS Jimbaran January 2021'!P21 -> 1178.9878 | G11: ='FS Jimbaran January 2021'!AG21 -> 212 | H11: ='FS Jimbaran January 2021'!AH21/'FS Jimbaran January 2021'!AG21 -> 11094.54 | I11: ='FS Jimbaran January 2021'!AJ21 -> 479.3 | J11: ='FS Jimbaran January 2021'!AK21/'FS Jimbaran January 2021'!AJ21 -> 8600 | K11: ='FS Jimbaran January 2021'!V21 -> 900 | L11: ='FS Jimbaran January 2021'!AA21/'FS Jimbaran January 2021'!V21 -> 1860.0289 | M11: 10 | N11: 116
A12: Bali Jimbaran | B12: =B11+1 -> 11 | C12: 1 | D12: 2021 | E12: ='FS Jimbaran January 2021'!P22 -> 16880 | F12: ='FS Jimbaran January 2021'!O22/'FS Jimbaran January 2021'!P22 -> 1166.8172 | G12: ='FS Jimbaran January 2021'!AG22 -> 224 | H12: ='FS Jimbaran January 2021'!AH22/'FS Jimbaran January 2021'!AG22 -> 11094.54 | I12: ='FS Jimbaran January 2021'!AJ22 -> 475.2 | J12: ='FS Jimbaran January 2021'!AK22/'FS Jimbaran January 2021'!AJ22 -> 8600 | K12: ='FS Jimbaran January 2021'!V22 -> 869 | L12: ='FS Jimbaran January 2021'!AA22/'FS Jimbaran January 2021'!V22 -> 1989.8746 | M12: 11 | N12: 79
A13: Bali Jimbaran | B13: =B12+1 -> 12 | C13: 1 | D13: 2021 | E13: ='FS Jimbaran January 2021'!P23 -> 14280 | F13: ='FS Jimbaran January 2021'!O23/'FS Jimbaran January 2021'!P23 -> 1182.0078 | G13: ='FS Jimbaran January 2021'!AG23 -> 162 | H13: ='FS Jimbaran January 2021'!AH23/'FS Jimbaran January 2021'!AG23 -> 11094.54 | I13: ='FS Jimbaran January 2021'!AJ23 -> 471 | J13: ='FS Jimbaran January 2021'!AK23/'FS Jimbaran January 2021'!AJ23 -> 8600 | K13: ='FS Jimbaran January 2021'!V23 -> 860 | L13: ='FS Jimbaran January 2021'!AA23/'FS Jimbaran January 2021'!V23 -> 2026.0419 | M13: 10 | N13: 85
A14: Bali Jimbaran | B14: =B13+1 -> 13 | C14: 1 | D14: 2021 | E14: ='FS Jimbaran January 2021'!P24 -> 10600 | F14: ='FS Jimbaran January 2021'!O24/'FS Jimbaran January 2021'!P24 -> 1206.586 | G14: ='FS Jimbaran January 2021'!AG24 -> 169.43015 | H14: ='FS Jimbaran January 2021'!AH24/'FS Jimbaran January 2021'!AG24 -> 11094.54 | I14: ='FS Jimbaran January 2021'!AJ24 -> 465 | J14: ='FS Jimbaran January 2021'!AK24/'FS Jimbaran January 2021'!AJ24 -> 8600 | K14: ='FS Jimbaran January 2021'!V24 -> 871 | L14: ='FS Jimbaran January 2021'!AA24/'FS Jimbaran January 2021'!V24 -> 2106.9977 | M14: 10 | N14: 81
... A31: Bali Jimbaran | B31: =B30+1 -> 30 | C31: 1 | D31: 2021 | E31: ='FS Jimbaran January 2021'!P41 -> 13480 | F31: ='FS Jimbaran January 2021'!O41/'FS Jimbaran January 2021'!P41 -> 1183.5784 | G31: ='FS Jimbaran January 2021'!AG41 -> 50 | H31: ='FS Jimbaran January 2021'!AH41/'FS Jimbaran January 2021'!AG41 -> 11094.54 | I31: ='FS Jimbaran January 2021'!AJ41 -> 454.9 | J31: ='FS Jimbaran January 2021'!AK41/'FS Jimbaran January 2021'!AJ41 -> 8600 | K31: ='FS Jimbaran January 2021'!V41 -> 998 | L31: ='FS Jimbaran January 2021'!AA41/'FS Jimbaran January 2021'!V41 -> 1847.2044 | M31: 5 | N31: 56
A32: Bali Jimbaran | B32: 31 | C32: 1 | D32: 2021 | E32: ='FS Jimbaran January 2021'!P42 -> 13960 | F32: ='FS Jimbaran January 2021'!O42/'FS Jimbaran January 2021'!P42 -> 1174.2006 | G32: ='FS Jimbaran January 2021'!AG42 -> 50 | H32: ='FS Jimbaran January 2021'!AH42/'FS Jimbaran January 2021'!AG42 -> 11094.54 | I32: ='FS Jimbaran January 2021'!AJ42 -> 459.3 | J32: ='FS Jimbaran January 2021'!AK42/'FS Jimbaran January 2021'!AJ42 -> 8600 | K32: ='FS Jimbaran January 2021'!V42 -> 982 | L32: ='FS Jimbaran January 2021'!AA42/'FS Jimbaran January 2021'!V42 -> 1709.055 | M32: 4 | N32: 115

Sheet FS Jimbaran January 2021
B6: Four Seasons Resort Bali at Jimbaran Bay
B7: JANUARY 2021
B8: Date | C8: Room Nights | D8: Food Covers | E8: ELECTRICITY Resort, Sundara & Residences | V8: WATER | AC8: GAS
E9: Electricity Resort | J9: Electricity - Sundara | O9: Sub Total (Resort & Sundara) Cost (IDR) | P9: Sub Total (Resort & Sundara), KWh | Q9: Residences- Electricity KWh | R9: Residences- Electricity cost (IDR) | S9: TOTAL Electricity consumption (KWh) | T9: TOTAL Electricity cost | W9: Water (m3) | AA9: Total Water Cost | AC9: LPG | AJ9: Diesel
E10: BASED LOAD KWh (from 10 pm - 6 pm) | F10: Cost (IDR) | G10: PEAK LOAD KWh (from 6 pm - 10 pm) | H10: Cost (IDR) | I10: Resort Cost (IDR) | J10: BASED LOAD KWh (from 10 pm - 6 pm) | K10: Cost (IDR) | L10: PEAK LOAD KWh (from 6 pm - 10 pm) | M10: Cost (IDR) | N10: Sundara Cost (IDR) | T10: IDR | U10: USD | V10: Water consumption (m3) | W10: Municipal Water (m3) | X10: Municipal Water cost (IDR) | Y10: Deepwell Consumption (m3) | Z10: Deepwell water Cost (IDR) | AA10: IDR | AB10: USD | AC10: LPG Bulk (m3) | AD10: 50 Kg (tube) IVD & TW | AE10: Sundara 50 kg (tube) | AF10: 12 Kg (tube) | AG10: Total kg | AH10: IDR | AI10: USD | AJ10: Used (liters) | AK10: IDR | AL10: USD
B12: 1 | C12: 42 | D12: 423 | E12: ='[1]Jan 21'!E7 -> 12520 | F12: ='[1]Jan 21'!F7*1.05 -> 13616364 | G12: ='[1]Jan 21'!I7 -> 2640 | H12: ='[1]Jan 21'!J7*1.05 -> 4306773.2 | I12: =F12+H12 -> 17923137 | J12: 1580 | K12: 1718359 | L12: 460 | M12: 750422.61 | N12: =K12+M12 -> 2468781.6 | O12: =N12+I12 -> 20391919 | P12: =L12+J12+G12+E12 -> 17200 | V12: =Y12+W12 -> 934 | W12: 112 | X12: 2014320 | Y12: 822 | Z12: 393738 | AA12: =Z12+X12 -> 2408058 | AB12: =AA12/$AL$48 -> 185.57655 | AC12: 0 | AD12: 0 | AE12: 250 | AF12: 24 | AG12: =SUM(AC12:AF12) -> 274 | AH12: 3039904 | AI12: =AH12/$AL$48 -> 234.26964 | AJ12: 598 | AK12: 5142800 | AL12: =AK12/$AL$48 -> 396.32894
B13: 2 | C13: 37 | D13: 341 | E13: ='[1]Jan 21'!E8 -> 12000 | F13: ='[1]Jan 21'!F8*1.05 -> 13050828 | G13: ='[1]Jan 21'!I8 -> 2440 | H13: ='[1]Jan 21'!J8*1.05 -> 3980502.5 | I13: =F13+H13 -> 17031331 | J13: 1620 | K13: 1761861.8 | L13: 440 | M13: 717795.54 | N13: =K13+M13 -> 2479657.3 | O13: =N13+I13 -> 19510988 | P13: =L13+J13+G13+E13 -> 16500 | V13: =Y13+W13 -> 945 | W13: 109 | X13: 1960365 | Y13: 836 | Z13: 400444 | AA13: =Z13+X13 -> 2360809 | AB13: =AA13/$AL$48 -> 181.93531 | AC13: 0 | AD13: 0 | AE13: 250 | AF13: 12 | AG13: =SUM(AC13:AF13) -> 262 | AH13: 2906769.5 | AI13: =AH13/$AL$48 -> 224.00966 | AJ13: 589.1 | AK13: 5066260 | AL13: =AK13/$AL$48 -> 390.4304
B14: 3 | C14: 29 | D14: 252 | E14: ='[1]Jan 21'!E9 -> 10840 | F14: ='[1]Jan 21'!F9*1.05 -> 11789248 | G14: ='[1]Jan 21'!I9 -> 480 | H14: ='[1]Jan 21'!J9*1.05 -> 783049.68 | I14: =F14+H14 -> 12572298 | J14: 1800 | K14: 1957624.2 | L14: 460 | M14: 750422.61 | N14: =K14+M14 -> 2708046.8 | O14: =N14+I14 -> 15280344 | P14: =L14+J14+G14+E14 -> 13580 | V14: =Y14+W14 -> 878 | W14: 107 | X14: 1924395 | Y14: 771 | Z14: 369309 | AA14: =Z14+X14 -> 2293704 | AB14: =AA14/$AL$48 -> 176.76388 | AC14: 0 | AD14: 0 | AE14: 200 | AF14: 12 | AG14: =SUM(AC14:AF14) -> 212 | AH14: 2352042.5 | AI14: =AH14/$AL$48 -> 181.25972 | AJ14: 547.5 | AK14: 4708500 | AL14: =AK14/$AL$48 -> 362.85969
B15: 4 | C15: 23 | D15: 199 | E15: ='[1]Jan 21'!E10 -> 13080 | F15: ='[1]Jan 21'!F10*1.05 -> 14225403 | G15: ='[1]Jan 21'!I10 -> 4080 | H15: ='[1]Jan 21'!J10*1.05 -> 6655922.3 | I15: =F15+H15 -> 20881325 | J15: 1640 | K15: 1783613.2 | L15: 320 | M15: 522033.12 | N15: =K15+M15 -> 2305646.3 | O15: =N15+I15 -> 23186971 | P15: =L15+J15+G15+E15 -> 19120 | V15: =Y15+W15 -> 917 | W15: 89 | X15: 1600665 | Y15: 828 | Z15: 396612 | AA15: =Z15+X15 -> 1997277 | AB15: =AA15/$AL$48 -> 153.91979 | AC15: 0 | AD15: 0 | AE15: 200 | AF15: 12 | AG15: =SUM(AC15:AF15) -> 212 | AH15: 2352042.5 | AI15: =AH15/$AL$48 -> 181.25972 | AJ15: 527.6 | AK15: 4537360 | AL15: =AK15/$AL$48 -> 349.67082
B16: 5 | C16: 18 | D16: 137 | E16: ='[1]Jan 21'!E11 -> 10640 | F16: ='[1]Jan 21'!F11*1.05 -> 11571734 | G16: ='[1]Jan 21'!I11 -> 2080 | H16: ='[1]Jan 21'!J11*1.05 -> 3393215.3 | I16: =F16+H16 -> 14964949 | J16: 1600 | K16: 1740110.4 | L16: 500 | M16: 815676.75 | N16: =K16+M16 -> 2555787.2 | O16: =N16+I16 -> 17520737 | P16: =L16+J16+G16+E16 -> 14820 | V16: =Y16+W16 -> 842 | W16: 109 | X16: 1960365 | Y16: 733 | Z16: 351107 | AA16: =Z16+X16 -> 2311472 | AB16: =AA16/$AL$48 -> 178.13317 | AC16: 0 | AD16: 0 | AE16: 200 | AF16: 12 | AG16: =SUM(AC16:AF16) -> 212 | AH16: 2352042.5 | AI16: =AH16/$AL$48 -> 181.25972 | AJ16: 515.9 | AK16: 4436740 | AL16: =AK16/$AL$48 -> 341.91656
B17: 6 | C17: 14 | D17: 168 | E17: ='[1]Jan 21'!E12 -> 8000 | F17: ='[1]Jan 21'!F12*1.05 -> 8700552 | G17: ='[1]Jan 21'!I12 -> 2200 | H17: ='[1]Jan 21'!J12*1.05 -> 3588977.7 | I17: =F17+H17 -> 12289530 | J17: 740 | K17: 804801.06 | L17: 180 | M17: 293643.63 | N17: =K17+M17 -> 1098444.7 | O17: =N17+I17 -> 13387974 | P17: =L17+J17+G17+E17 -> 11120 | T17: Include | V17: =Y17+W17 -> 871 | W17: 110 | X17: 1978350 | Y17: 761 | Z17: 364519 | AA17: =Z17+X17 -> 2342869 | AB17: =AA17/$AL$48 -> 180.55277 | AC17: 0 | AD17: 0 | AE17: 200 | AF17: 12 | AG17: =SUM(AC17:AF17) -> 212 | AH17: 2352042.5 | AI17: =AH17/$AL$48 -> 181.25972 | AJ17: 530.6 | AK17: 4563160 | AL17: =AK17/$AL$48 -> 351.65909
B18: 7 | C18: 14 | D18: 131 | E18: ='[1]Jan 21'!E13 -> 10760 | F18: ='[1]Jan 21'!F13*1.05 -> 11702242 | G18: ='[1]Jan 21'!I13 -> 2120 | H18: ='[1]Jan 21'!J13*1.05 -> 3458469.4 | I18: =F18+H18 -> 15160712 | J18: 1360 | K18: 1479093.8 | L18: 340 | M18: 554660.19 | N18: =K18+M18 -> 2033754 | O18: =N18+I18 -> 17194466 | P18: =L18+J18+G18+E18 -> 14580 | T18: Resort | V18: =Y18+W18 -> 880 | W18: 106 | X18: 1906410 | Y18: 774 | Z18: 370746 | AA18: =Z18+X18 -> 2277156 | AB18: =AA18/$AL$48 -> 175.48861 | AC18: 0 | AD18: 0 | AE18: 200 | AF18: 24 | AG18: =SUM(AC18:AF18) -> 224 | AH18: 2485177 | AI18: =AH18/$AL$48 -> 191.51971 | AJ18: 572.7 | AK18: 4925220 | AL18: =AK18/$AL$48 -> 379.56118
B19: 8 | C19: 13 | D19: 125 | E19: ='[1]Jan 21'!E14 -> 10520 | F19: ='[1]Jan 21'!F14*1.05 -> 11441226 | G19: ='[1]Jan 21'!I14 -> 1960 | H19: ='[1]Jan 21'!J14*1.05 -> 3197452.9 | I19: =F19+H19 -> 14638679 | J19: 1260 | K19: 1370336.9 | L19: 300 | M19: 489406.05 | N19: =K19+M19 -> 1859743 | O19: =N19+I19 -> 16498422 | P19: =L19+J19+G19+E19 -> 14040 | T19: Sundara | V19: =Y19+W19 -> 845 | W19: 67 | X19: 1204995 | Y19: 778 | Z19: 372662 | AA19: =Z19+X19 -> 1577657 | AB19: =AA19/$AL$48 -> 121.58185 | AC19: 0 | AD19: 0 | AE19: 200 | AF19: 24 | AG19: =SUM(AC19:AF19) -> 224 | AH19: 2485177 | AI19: =AH19/$AL$48 -> 191.51971 | AJ19: 566.1 | AK19: 4868460 | AL19: =AK19/$AL$48 -> 375.18698
B20: 9 | C20: 11 | D20: 146 | E20: ='[1]Jan 21'!E15 -> 10240 | F20: ='[1]Jan 21'!F15*1.05 -> 11136707 | G20: ='[1]Jan 21'!I15 -> 2160 | H20: ='[1]Jan 21'!J15*1.05 -> 3523723.6 | I20: =F20+H20 -> 14660430 | J20: 1220 | K20: 1326834.2 | L20: 320 | M20: 522033.12 | N20: =K20+M20 -> 1848867.3 | O20: =N20+I20 -> 16509297 | P20: =L20+J20+G20+E20 -> 13940 | T20: Residences | V20: =Y20+W20 -> 867 | W20: 76 | X20: 1366860 | Y20: 791 | Z20: 378889 | AA20: =Z20+X20 -> 1745749 | AB20: =AA20/$AL$48 -> 134.53583 | AC20: 0 | AD20: 0 | AE20: 200 | AF20: 12 | AG20: =SUM(AC20:AF20) -> 212 | AH20: 2352042.5 | AI20: =AH20/$AL$48 -> 181.25972 | AJ20: 500 | AK20: 4300000 | AL20: =AK20/$AL$48 -> 331.37871
B21: 10 | C21: 10 | D21: 116 | E21: ='[1]Jan 21'!E16 -> 10240 | F21: ='[1]Jan 21'!F16*1.05 -> 11136707 | G21: ='[1]Jan 21'!I16 -> 2040 | H21: ='[1]Jan 21'!J16*1.05 -> 3327961.1 | I21: =F21+H21 -> 14464668 | J21: 1240 | K21: 1348585.6 | L21: 280 | M21: 456778.98 | N21: =K21+M21 -> 1805364.5 | O21: =N21+I21 -> 16270032 | P21: =L21+J21+G21+E21 -> 13800 | V21: =Y21+W21 -> 900 | W21: 71 | X21: 1276935 | Y21: 829 | Z21: 397091 | AA21: =Z21+X21 -> 1674026 | AB21: =AA21/$AL$48 -> 129.00851 | AC21: 0 | AD21: 0 | AE21: 200 | AF21: 12 | AG21: =SUM(AC21:AF21) -> 212 | AH21: 2352042.5 | AI21: =AH21/$AL$48 -> 181.25972 | AJ21: 479.3 | AK21: 4121980 | AL21: =AK21/$AL$48 -> 317.65963
B22: 11 | C22: 11 | D22: 79 | E22: ='[1]Jan 21'!E17 -> 12920 | F22: ='[1]Jan 21'!F17*1.05 -> 14051391 | G22: ='[1]Jan 21'!I17 -> 2160 | H22: ='[1]Jan 21'!J17*1.05 -> 3523723.6 | I22: =F22+H22 -> 17575115 | J22: 1500 | K22: 1631353.5 | L22: 300 | M22: 489406.05 | N22: =K22+M22 -> 2120759.6 | O22: =N22+I22 -> 19695875 | P22: =L22+J22+G22+E22 -> 16880 | V22: =Y22+W22 -> 869 | W22: 75 | X22: 1348875 | Y22: 794 | Z22: 380326 | AA22: =Z22+X22 -> 1729201 | AB22: =AA22/$AL$48 -> 133.26056 | AC22: 0 | AD22: 0 | AE22: 200 | AF22: 24 | AG22: =SUM(AC22:AF22) -> 224 | AH22: 2485177 | AI22: =AH22/$AL$48 -> 191.51971 | AJ22: 475.2 | AK22: 4086720 | AL22: =AK22/$AL$48 -> 314.94233
B23: 12 | C23: 10 | D23: 85 | E23: ='[1]Jan 21'!E18 -> 10600 | F23: ='[1]Jan 21'!F18*1.05 -> 11528231 | G23: ='[1]Jan 21'!I18 -> 2160 | H23: ='[1]Jan 21'!J18*1.05 -> 3523723.6 | I23: =F23+H23 -> 15051955 | J23: 1200 | K23: 1305082.8 | L23: 320 | M23: 522033.12 | N23: =K23+M23 -> 1827115.9 | O23: =N23+I23 -> 16879071 | P23: =L23+J23+G23+E23 -> 14280 | V23: =Y23+W23 -> 860 | W23: 76 | X23: 1366860 | Y23: 784 | Z23: 375536 | AA23: =Z23+X23 -> 1742396 | AB23: =AA23/$AL$48 -> 134.27743 | AC23: 0 | AD23: 0 | AE23: 150 | AF23: 12 | AG23: =SUM(AC23:AF23) -> 162 | AH23: 1797315.5 | AI23: =AH23/$AL$48 -> 138.50979 | AJ23: 471 | AK23: 4050600 | AL23: =AK23/$AL$48 -> 312.15875
B24: 13 | C24: 10 | D24: 81 | E24: ='[1]Jan 21'!E19 -> 7400 | F24: ='[1]Jan 21'!F19*1.05 -> 8048010.6 | G24: ='[1]Jan 21'!I19 -> 2040 | H24: ='[1]Jan 21'!J19*1.05 -> 3327961.1 | I24: =F24+H24 -> 11375972 | J24: 880 | K24: 957060.72 | L24: 280 | M24: 456778.98 | N24: =K24+M24 -> 1413839.7 | O24: =N24+I24 -> 12789811 | P24: =L24+J24+G24+E24 -> 10600 | V24: =Y24+W24 -> 871 | W24: 81 | X24: 1456785 | Y24: 790 | Z24: 378410 | AA24: =Z24+X24 -> 1835195 | AB24: =AA24/$AL$48 -> 141.42897 | AC24: 7.43015 | AD24: 0 | AE24: 150 | AF24: 12 | AG24: =SUM(AC24:AF24) -> 169.43015 | AH24: 1879749.6 | AI24: =AH24/$AL$48 -> 144.86256 | AJ24: 465 | AK24: 3999000 | AL24: =AK24/$AL$48 -> 308.1822
B25: 14 | C25: 9 | D25: 82 | E25: ='[1]Jan 21'!E20 -> 10520 | F25: ='[1]Jan 21'!F20*1.05 -> 11441226 | G25: ='[1]Jan 21'!I20 -> 2320 | H25: ='[1]Jan 21'!J20*1.05 -> 3784740.1 | I25: =F25+H25 -> 15225966 | J25: 1160 | K25: 1261580 | L25: 300 | M25: 489406.05 | N25: =K25+M25 -> 1750986.1 | O25: =N25+I25 -> 16976952 | P25: =L25+J25+G25+E25 -> 14300 | V25: =Y25+W25 -> 879 | W25: 73 | X25: 1312905 | Y25: 806 | Z25: 386074 | AA25: =Z25+X25 -> 1698979 | AB25: =AA25/$AL$48 -> 130.93151 | AC25: 0 | AD25: 0 | AE25: 150 | AF25: 12 | AG25: =SUM(AC25:AF25) -> 162 | AH25: 1797315.5 | AI25: =AH25/$AL$48 -> 138.50979 | AJ25: 444.9 | AK25: 3826140 | AL25: =AK25/$AL$48 -> 294.86078
B26: 15 | C26: 9 | D26: 52 | E26: ='[1]Jan 21'!E21 -> 10680 | F26: ='[1]Jan 21'!F21*1.05 -> 11615237 | G26: ='[1]Jan 21'!I21 -> 2000 | H26: ='[1]Jan 21'!J21*1.05 -> 3262707 | I26: =F26+H26 -> 14877944 | J26: 1300 | K26: 1413839.7 | L26: 320 | M26: 522033.12 | N26: =K26+M26 -> 1935872.8 | O26: =N26+I26 -> 16813817 | P26: =L26+J26+G26+E26 -> 14300 | V26: =Y26+W26 -> 835 | W26: 74 | X26: 1330890 | Y26: 761 | Z26: 364519 | AA26: =Z26+X26 -> 1695409 | AB26: =AA26/$AL$48 -> 130.65638 | AC26: 0 | AD26: 0 | AE26: 150 | AF26: 12 | AG26: =SUM(AC26:AF26) -> 162 | AH26: 1797315.5 | AI26: =AH26/$AL$48 -> 138.50979 | AJ26: 424.8 | AK26: 3653280 | AL26: =AK26/$AL$48 -> 281.53935
B27: 16 | C27: 8 | D27: 68 | E27: ='[1]Jan 21'!E22 -> 9640 | F27: ='[1]Jan 21'!F22*1.05 -> 10484165 | G27: ='[1]Jan 21'!I22 -> 1840 | H27: ='[1]Jan 21'!J22*1.05 -> 3001690.4 | I27: =F27+H27 -> 13485856 | J27: 1240 | K27: 1348585.6 | L27: 280 | M27: 456778.98 | N27: =K27+M27 -> 1805364.5 | O27: =N27+I27 -> 15291220 | P27: =L27+J27+G27+E27 -> 13000 | V27: =Y27+W27 -> 863 | W27: 77 | X27: 1384845 | Y27: 786 | Z27: 376494 | AA27: =Z27+X27 -> 1761339 | AB27: =AA27/$AL$48 -> 135.73727 | AC27: 0 | AD27: 0 | AE27: 100 | AF27: 24 | AG27: =SUM(AC27:AF27) -> 124 | AH27: 1375723 | AI27: =AH27/$AL$48 -> 106.01984 | AJ27: 455.8 | AK27: 3919880 | AL27: =AK27/$AL$48 -> 302.08483
B28: 17 | C28: 5 | D28: 83 | E28: ='[1]Jan 21'!E23 -> 9640 | F28: ='[1]Jan 21'!F23*1.05 -> 10484165 | G28: ='[1]Jan 21'!I23 -> 2000 | H28: ='[1]Jan 21'!J23*1.05 -> 3262707 | I28: =F28+H28 -> 13746872 | J28: 1360 | K28: 1479093.8 | L28: 340 | M28: 554660.19 | N28: =K28+M28 -> 2033754 | O28: =N28+I28 -> 15780626 | P28: =L28+J28+G28+E28 -> 13340 | V28: =Y28+W28 -> 921 | W28: 71 | X28: 1276935 | Y28: 850 | Z28: 407150 | AA28: =Z28+X28 -> 1684085 | AB28: =AA28/$AL$48 -> 129.7837 | AC28: 0 | AD28: 0 | AE28: 100 | AF28: 12 | AG28: =SUM(AC28:AF28) -> 112 | AH28: 1242588.5 | AI28: =AH28/$AL$48 -> 95.759854 | AJ28: 441 | AK28: 3792600 | AL28: =AK28/$AL$48 -> 292.27602
B29: 18 | C29: 5 | D29: 63 | E29: ='[1]Jan 21'!E24 -> 11880 | F29: ='[1]Jan 21'!F24*1.05 -> 12920320 | G29: ='[1]Jan 21'!I24 -> 2040 | H29: ='[1]Jan 21'!J24*1.05 -> 3327961.1 | I29: =F29+H29 -> 16248281 | J29: 1860 | K29: 2022878.3 | L29: 380 | M29: 619914.33 | N29: =K29+M29 -> 2642792.7 | O29: =N29+I29 -> 18891074 | P29: =L29+J29+G29+E29 -> 16160 | V29: =Y29+W29 -> 906 | W29: 78 | X29: 1402830 | Y29: 828 | Z29: 396612 | AA29: =Z29+X29 -> 1799442 | AB29: =AA29/$AL$48 -> 138.67367 | AC29: 0 | AD29: 0 | AE29: 100 | AF29: 12 | AG29: =SUM(AC29:AF29) -> 112 | AH29: 1242588.5 | AI29: =AH29/$AL$48 -> 95.759854 | AJ29: 433.7 | AK29: 3729820 | AL29: =AK29/$AL$48 -> 287.4379
B30: 19 | C30: 4 | D30: 26 | E30: ='[1]Jan 21'!E25 -> 9760 | F30: ='[1]Jan 21'!F25*1.05 -> 10614673 | G30: ='[1]Jan 21'!I25 -> 1880 | H30: ='[1]Jan 21'!J25*1.05 -> 3066944.6 | I30: =F30+H30 -> 13681618 | J30: 1080 | K30: 1174574.5 | L30: 340 | M30: 554660.19 | N30: =K30+M30 -> 1729234.7 | O30: =N30+I30 -> 15410853 | P30: =L30+J30+G30+E30 -> 13060 | V30: =Y30+W30 -> 896 | W30: 77 | X30: 1384845 | Y30: 819 | Z30: 392301 | AA30: =Z30+X30 -> 1777146 | AB30: =AA30/$AL$48 -> 136.95543 | AC30: 0 | AD30: 0 | AE30: 100 | AF30: 12 | AG30: =SUM(AC30:AF30) -> 112 | AH30: 1242588.5 | AI30: =AH30/$AL$48 -> 95.759854 | AJ30: 453.1 | AK30: 3896660 | AL30: =AK30/$AL$48 -> 300.29539
B31: 20 | C31: 0 | D31: 24 | E31: ='[1]Jan 21'!E26 -> 7200 | F31: ='[1]Jan 21'!F26*1.05 -> 7830496.8 | G31: ='[1]Jan 21'!I26 -> 2120 | H31: ='[1]Jan 21'!J26*1.05 -> 3458469.4 | I31: =F31+H31 -> 11288966 | J31: 1300 | K31: 1413839.7 | L31: 320 | M31: 522033.12 | N31: =K31+M31 -> 1935872.8 | O31: =N31+I31 -> 13224839 | P31: =L31+J31+G31+E31 -> 10940 | V31: =Y31+W31 -> 956 | W31: 75 | X31: 1348875 | Y31: 881 | Z31: 421999 | AA31: =Z31+X31 -> 1770874 | AB31: =AA31/$AL$48 -> 136.47208 | AC31: 0 | AD31: 0 | AE31: 50 | AF31: 12 | AG31: =SUM(AC31:AF31) -> 62 | AH31: 687861.48 | AI31: =AH31/$AL$48 -> 53.009919 | AJ31: 450.4 | AK31: 3873440 | AL31: =AK31/$AL$48 -> 298.50594
B32: 21 | C32: 2 | D32: 28 | E32: ='[1]Jan 21'!E27 -> 10080 | F32: ='[1]Jan 21'!F27*1.05 -> 10962696 | G32: ='[1]Jan 21'!I27 -> 2080 | H32: ='[1]Jan 21'!J27*1.05 -> 3393215.3 | I32: =F32+H32 -> 14355911 | J32: 1400 | K32: 1522596.6 | L32: 360 | M32: 587287.26 | N32: =K32+M32 -> 2109883.9 | O32: =N32+I32 -> 16465795 | P32: =L32+J32+G32+E32 -> 13920 | V32: =Y32+W32 -> 949 | W32: 86 | X32: 1546710 | Y32: 863 | Z32: 413377 | AA32: =Z32+X32 -> 1960087 | AB32: =AA32/$AL$48 -> 151.05375 | AC32: 0 | AD32: 0 | AE32: 100 | AF32: 12 | AG32: =SUM(AC32:AF32) -> 112 | AH32: 1242588.5 | AI32: =AH32/$AL$48 -> 95.759854 | AJ32: 485.6 | AK32: 4176160 | AL32: =AK32/$AL$48 -> 321.83501
... B38: 27 | C38: 3 | D38: 26 | E38: ='[1]Jan 21'!E33 -> 9880 | F38: ='[1]Jan 21'!F33*1.05 -> 10745182 | G38: ='[1]Jan 21'!I33 -> 2000 | H38: ='[1]Jan 21'!J33*1.05 -> 3262707 | I38: =F38+H38 -> 14007889 | J38: 1320 | K38: 1435591.1 | L38: 300 | M38: 489406.05 | N38: =K38+M38 -> 1924997.1 | O38: =N38+I38 -> 15932886 | P38: =L38+J38+G38+E38 -> 13500 | V38: =Y38+W38 -> 1031 | W38: 76 | X38: 1366860 | Y38: 955 | Z38: 457445 | AA38: =Z38+X38 -> 1824305 | AB38: =AA38/$AL$48 -> 140.58973 | AC38: 0 | AD38: 0 | AE38: 50 | AF38: 0 | AG38: =SUM(AC38:AF38) -> 50 | AH38: 554727 | AI38: =AH38/$AL$48 -> 42.749935 | AJ38: 476 | AK38: 4093600 | AL38: =AK38/$AL$48 -> 315.47253
B39: 28 | C39: 3 | D39: 33 | E39: ='[1]Jan 21'!E34 -> 12920 | F39: ='[1]Jan 21'!F34*1.05 -> 14051391 | G39: ='[1]Jan 21'!I34 -> 2000 | H39: ='[1]Jan 21'!J34*1.05 -> 3262707 | I39: =F39+H39 -> 17314098 | J39: 1120 | K39: 1218077.3 | L39: 320 | M39: 522033.12 | N39: =K39+M39 -> 1740110.4 | O39: =N39+I39 -> 19054209 | P39: =L39+J39+G39+E39 -> 16360 | Q39: Refer to | R39: Refer to: | V39: =Y39+W39 -> 983 | W39: 74 | X39: 1330890 | Y39: 909 | Z39: 435411 | AA39: =Z39+X39 -> 1766301 | AB39: =AA39/$AL$48 -> 136.11966 | AC39: 0 | AD39: 0 | AE39: 50 | AF39: 0 | AG39: =SUM(AC39:AF39) -> 50 | AH39: 554727 | AI39: =AH39/$AL$48 -> 42.749935 | AJ39: 456 | AK39: 3921600 | AL39: =AK39/$AL$48 -> 302.21739
B40: 29 | C40: 5 | D40: 12 | E40: ='[1]Jan 21'!E35 -> 7720 | F40: ='[1]Jan 21'!F35*1.05 -> 8396032.7 | G40: ='[1]Jan 21'!I35 -> 2160 | H40: ='[1]Jan 21'!J35*1.05 -> 3523723.6 | I40: =F40+H40 -> 11919756 | J40: 1300 | K40: 1491523.2 | L40: 340 | M40: 528247.8 | N40: =K40+M40 -> 2019771 | O40: =N40+I40 -> 13939527 | P40: =L40+J40+G40+E40 -> 11520 | Q40: Electricity Residences Jan 2021'!A1 | R40: Electricity Residences Jan 2021'!A1 | V40: =Y40+W40 -> 990 | W40: 80 | X40: 1438800 | Y40: 910 | Z40: 435890 | AA40: =Z40+X40 -> 1874690 | AB40: =AA40/$AL$48 -> 144.47264 | AC40: 0 | AD40: 0 | AE40: 50 | AF40: 12 | AG40: =SUM(AC40:AF40) -> 62 | AH40: 687861.48 | AI40: =AH40/$AL$48 -> 53.009919 | AJ40: 456.3 | AK40: 3924180 | AL40: =AK40/$AL$48 -> 302.41621
B41: 30 | C41: 5 | D41: 56 | E41: ='[1]Jan 21'!E36 -> 9800 | F41: ='[1]Jan 21'!F36*1.05 -> 10658176 | G41: ='[1]Jan 21'!I36 -> 2040 | H41: ='[1]Jan 21'!J36*1.05 -> 3327961.1 | I41: =F41+H41 -> 13986137 | J41: 1300 | K41: 1413839.7 | L41: 340 | M41: 554660.19 | N41: =K41+M41 -> 1968499.9 | O41: =N41+I41 -> 15954637 | P41: =L41+J41+G41+E41 -> 13480 | V41: =Y41+W41 -> 998 | W41: 78 | X41: 1402830 | Y41: 920 | Z41: 440680 | AA41: =Z41+X41 -> 1843510 | AB41: =AA41/$AL$48 -> 142.06976 | AC41: 0 | AD41: 0 | AE41: 50 | AF41: 0 | AG41: =SUM(AC41:AF41) -> 50 | AH41: 554727 | AI41: =AH41/$AL$48 -> 42.749935 | AJ41: 454.9 | AK41: 3912140 | AL41: =AK41/$AL$48 -> 301.48835
B42: 31 | C42: 4 | D42: 115 | E42: ='[1]Jan 21'!E37 -> 10320 | F42: ='[1]Jan 21'!F37*1.05 -> 11223712 | G42: ='[1]Jan 21'!I37 -> 2000 | H42: ='[1]Jan 21'!J37*1.05 -> 3262707 | I42: =F42+H42 -> 14486419 | J42: 1320 | K42: 1408246.5 | L42: 320 | M42: 497174.4 | N42: =K42+M42 -> 1905420.9 | O42: =N42+I42 -> 16391840 | P42: =L42+J42+G42+E42 -> 13960 | V42: =Y42+W42 -> 982 | W42: 69 | X42: 1240965 | Y42: 913 | Z42: 437327 | AA42: =Z42+X42 -> 1678292 | AB42: =AA42/$AL$48 -> 129.33727 | AC42: 0 | AD42: 0 | AE42: 50 | AF42: 0 | AG42: =SUM(AC42:AF42) -> 50 | AH42: 554727 | AI42: =AH42/$AL$48 -> 42.749935 | AJ42: 459.3 | AK42: 3949980 | AL42: =AK42/$AL$48 -> 304.40449
C47: =SUM(C12:C43) -> 313 | D47: =SUM(D12:D43) -> 3122 | E47: =SUM(E12:E43) -> 317000 | F47: =SUM(F12:F43) -> 3.4475937e+08 | G47: =SUM(G12:G43) -> 64320 | H47: =SUM(H12:H43) -> 1.0492866e+08 | I47: =SUM(I12:I43) -> 4.4968803e+08 | J47: =SUM(J12:J43) -> 41260 | ... P47: =SUM(P12:P43) -> 432920 | Q47: ='Electricity Residences Jan 2021'!C27 -> 41503 | R47: ='Electricity Residences Jan 2021'!C28 -> 69793604 | S47: =Q47+P47 -> 474423 | T47: =R47+O47 -> 5.8122199e+08 | U47: =T47/AL48 -> 44791.767 | V47: =SUM(V12:V42) -> 28467 | W47: =SUM(W12:W42) -> 2536 | X47: =SUM(X12:X42) -> 45609960 | Y47: =SUM(Y12:Y42) -> 25931 | Z47: =SUM(Z12:Z42) -> 12420949 | AA47: =SUM(AA12:AA42) -> 58030909 | AB47: =AA47/$AL$48 -> 4472.1414 | AC47: =SUM(AC12:AC41) -> 7.43015 | AD47: =SUM(AD12:AD41) -> 0 | AE47: =SUM(AE12:AE42) -> 4000 | AF47: =SUM(AF12:AF42) -> 372 | AG47: =SUM(AG12:AG42) -> 4379.4302 | AH47: =SUM(AH12:AH43) -> 48587763 | AI47: =AH47/$AL$48 -> 3744.4071 | AJ47: =SUM(AJ12:AJ43) -> 15000 | AK47: =SUM(AK12:AK43) -> 129000000 | AL47: =AK47/AL48 -> 9941.3614
T48: kWh rate | U48: =U47/S47 -> 0.094413143 | AL48: 12976.09

Sheet RNs & Covers January 2021
A1: Four Seasons Resort Bali at Jimbaran Bay
A2: 44197
A3: Date | B3: Room Nights | C3: Food Covers
A6: 1 | B6: 42 | C6: 423
A7: 2 | B7: 37 | C7: 341
A8: =A7+1 -> 3 | B8: 29 | C8: 252
A9: =A8+1 -> 4 | B9: 23 | C9: 199
A10: =A9+1 -> 5 | B10: 18 | C10: 137
A11: =A10+1 -> 6 | B11: 14 | C11: 168
A12: =A11+1 -> 7 | B12: 14 | C12: 131
A13: =A12+1 -> 8 | B13: 13 | C13: 125
A14: =A13+1 -> 9 | B14: 11 | C14: 146
A15: =A14+1 -> 10 | B15: 10 | C15: 116
A16: =A15+1 -> 11 | B16: 11 | C16: 79
A17: =A16+1 -> 12 | B17: 10 | C17: 85
A18: =A17+1 -> 13 | B18: 10 | C18: 81
A19: =A18+1 -> 14 | B19: 9 | C19: 82
... A24: =A23+1 -> 19 | B24: 4 | C24: 26
A25: =A24+1 -> 20 | B25: - | C25: 24
A26: =A25+1 -> 21 | B26: 2 | C26: 28
A27: =A26+1 -> 22 | B27: 2 | C27: 28
A28: =A27+1 -> 23 | B28: - | C28: 28
A29: =A28+1 -> 24 | B29: 1 | C29: 43
A30: =A29+1 -> 25 | B30: 3 | C30: 25
A31: =A30+1 -> 26 | B31: 3 | C31: 47
A32: =A31+1 -> 27 | B32: 3 | C32: 26
A33: =A32+1 -> 28 | B33: 3 | C33: 33
A34: =A33+1 -> 29 | B34: 5 | C34: 12
A35: =A34+1 -> 30 | B35: 5 | C35: 56
A36: =A35+1 -> 31 | B36: 4 | C36: 115
B38: =SUM(B6:B36) -> 313 | C38: =SUM(C6:C36) -> 3122

Sheet Electricity Residences Jan 2021
A5: Residences 2020 | C5: January
A6: Office & Pantry | B6: Unit (KWh) - bill Estate Common | C6: 1969
B7: Charge | C7: 2986845
A8: Residence 001 | B8: Unit (KWh) - bill Estate 1 | C8: 4524
B9: Charge | C9: 7516196
A10: Residence 002 | B10: Unit (KWh) - bill Estate 2 | C10: 1443
B11: Charge | C11: 3522178
A12: Residence 003 | B12: Unit (KWh) - bill Estate 3 | C12: 7475
B13: Charge | C13: 12419003
A14: Residence 005 | B14: Unit (KWh) - bill Estate 4 | C14: 7146
B15: Charge | C15: 11872400
A16: Residence 006 | B16: Unit (KWh)-bill Estate 5 | C16: 4760
B17: Charge | C17: 7908288
A18: Residence 007 | B18: Unit (KWh)-bill Estate 6 | C18: 3585
B19: Charge | C19: 5956138
A20: Residence 008 | B20: Unit (KWh)-bill Estate 7 | C20: 2731
B21: Charge | C21: 4537298
A22: Residence 009 | B22: Unit (KWh)-bill Estate 8 | C22: 5221
B23: Charge | C23: 8674196
A24: Residence 010 | B24: Unit (KWh)-bill Estate 9 | C24: 2649
B25: Charge | C25: 4401062
A27: Total KWH | C27: =C6+C8+C10+C12+C14+C16+C18+C20+C22+C24 -> 41503
A28: Total Charges | C28: =C7+C9+C11+C13+C15+C17+C19+C21+C23+C25 -> 69793604
