Workbook

Sheet TOTAL
A1: Site Name | B1: Day | C1: Month | D1: Year | E1: Total Electricity Kwh | F1: Electricity Tariff ($/Kwh) | G1: LPG (Kg) | H1: LPG $/Kg | I1: District Energy Heating Kwh | J1: District Energy Heating $/Kwh | K1: Water Utility Supply (m3) m3 | L1: Water Utility Supply (m3) $/m3 | M1: Room Nights | N1: Total Guests | O1: Utilities day cost dh
A2: Marrakech | B2: 1 | C2: 2 | D2: 2021 | E2: ='Consommation du 01.02 au 29.01'!M10 -> 10345 | F2: 0.99 | G2: ='Consommation du 01.02 au 29.01'!U10 -> 408.1 | H2: 9.157 | I2: ='Consommation du 01.02 au 29.01'!Y10*1000 -> 9220 | J2: 0.53 | K2: ='Consommation du 01.02 au 29.01'!D10 -> 175 | L2: 12.67 | M2: ='Consommation du 01.02 au 29.01'!AC10 -> 27 | N2: 27 | O2: =E2*F2+G2*H2+I2*J2+K2*L2 -> 21082.372
A3: Marrakech | B3: =B2+1 -> 2 | C3: 2 | D3: 2021 | E3: ='Consommation du 01.02 au 29.01'!M11 -> 9411 | F3: 0.99 | G3: ='Consommation du 01.02 au 29.01'!U11 -> 111.3 | H3: 9.157 | I3: ='Consommation du 01.02 au 29.01'!Y11*1000 -> 9190 | J3: 0.53 | K3: ='Consommation du 01.02 au 29.01'!D11 -> 407 | L3: 12.67 | M3: ='Consommation du 01.02 au 29.01'!AC11 -> 21 | N3: 21 | O3: =E3*F3+G3*H3+I3*J3+K3*L3 -> 20363.454
A4: Marrakech | B4: =B3+1 -> 3 | C4: 2 | D4: 2021 | E4: ='Consommation du 01.02 au 29.01'!M12 -> 10426 | F4: 0.99 | G4: ='Consommation du 01.02 au 29.01'!U12 -> 111.3 | H4: 9.157 | I4: ='Consommation du 01.02 au 29.01'!Y12*1000 -> 13240 | J4: 0.53 | K4: ='Consommation du 01.02 au 29.01'!D12 -> 200 | L4: 12.67 | M4: ='Consommation du 01.02 au 29.01'!AC12 -> 16 | N4: 16 | O4: =E4*F4+G4*H4+I4*J4+K4*L4 -> 20892.114
A5: Marrakech | B5: =B4+1 -> 4 | C5: 2 | D5: 2021 | E5: ='Consommation du 01.02 au 29.01'!M13 -> 10525 | F5: 0.99 | G5: ='Consommation du 01.02 au 29.01'!U13 -> 333.9 | H5: 9.157 | I5: ='Consommation du 01.02 au 29.01'!Y13*1000 -> 13170 | J5: 0.53 | K5: ='Consommation du 01.02 au 29.01'!D13 -> 188 | L5: 12.67 | M5: ='Consommation du 01.02 au 29.01'!AC13 -> 13 | N5: 13 | O5: =E5*F5+G5*H5+I5*J5+K5*L5 -> 22839.332
A6: Marrakech | B6: =B5+1 -> 5 | C6: 2 | D6: 2021 | E6: ='Consommation du 01.02 au 29.01'!M14 -> 9864 | F6: 0.99 | G6: ='Consommation du 01.02 au 29.01'!U14 -> 333.9 | H6: 9.157 | I6: ='Consommation du 01.02 au 29.01'!Y14*1000 -> 11000 | J6: 0.53 | K6: ='Consommation du 01.02 au 29.01'!D14 -> 438 | L6: 12.67 | M6: ='Consommation du 01.02 au 29.01'!AC14 -> 17 | N6: 17 | O6: =E6*F6+G6*H6+I6*J6+K6*L6 -> 24202.342
A7: Marrakech | B7: =B6+1 -> 6 | C7: 2 | D7: 2021 | E7: ='Consommation du 01.02 au 29.01'!M15 -> 10064 | F7: 0.99 | G7: ='Consommation du 01.02 au 29.01'!U15 -> 593.6 | H7: 9.157 | I7: ='Consommation du 01.02 au 29.01'!Y15*1000 -> 14150 | J7: 0.53 | K7: ='Consommation du 01.02 au 29.01'!D15 -> 188 | L7: 12.67 | M7: ='Consommation du 01.02 au 29.01'!AC15 -> 16 | N7: 16 | O7: =E7*F7+G7*H7+I7*J7+K7*L7 -> 25280.415
A8: Marrakech | B8: =B7+1 -> 7 | C8: 2 | D8: 2021 | E8: ='Consommation du 01.02 au 29.01'!M16 -> 10191 | F8: 0.99 | G8: ='Consommation du 01.02 au 29.01'!U16 -> 556.5 | H8: 9.157 | I8: ='Consommation du 01.02 au 29.01'!Y16*1000 -> 13520 | J8: 0.53 | K8: ='Consommation du 01.02 au 29.01'!D16 -> 184 | L8: 12.67 | M8: ='Consommation du 01.02 au 29.01'!AC16 -> 11 | N8: 11 | O8: =E8*F8+G8*H8+I8*J8+K8*L8 -> 24681.841
A9: Marrakech | B9: =B8+1 -> 8 | C9: 2 | D9: 2021 | E9: ='Consommation du 01.02 au 29.01'!M17 -> 9665 | F9: 0.99 | G9: ='Consommation du 01.02 au 29.01'!U17 -> 371 | H9: 9.157 | I9: ='Consommation du 01.02 au 29.01'!Y17*1000 -> 13020 | J9: 0.53 | K9: ='Consommation du 01.02 au 29.01'!D17 -> 371 | L9: 12.67 | M9: ='Consommation du 01.02 au 29.01'!AC17 -> 9 | N9: 9 | O9: =E9*F9+G9*H9+I9*J9+K9*L9 -> 24566.767
A10: Marrakech | B10: =B9+1 -> 9 | C10: 2 | D10: 2021 | E10: ='Consommation du 01.02 au 29.01'!M18 -> 9588 | F10: 0.99 | G10: ='Consommation du 01.02 au 29.01'!U18 -> 296.8 | H10: 9.157 | I10: ='Consommation du 01.02 au 29.01'!Y18*1000 -> 13660 | J10: 0.53 | K10: ='Consommation du 01.02 au 29.01'!D18 -> 330 | L10: 12.67 | M10: ='Consommation du 01.02 au 29.01'!AC18 -> 11 | N10: 11 | O10: =E10*F10+G10*H10+I10*J10+K10*L10 -> 23630.818
A11: Marrakech | B11: =B10+1 -> 10 | C11: 2 | D11: 2021 | E11: ='Consommation du 01.02 au 29.01'!M19 -> 0 | F11: 0.99 | G11: ='Consommation du 01.02 au 29.01'!U19 -> 0 | H11: 9.157 | I11: ='Consommation du 01.02 au 29.01'!Y19*1000 -> 0 | J11: 0.53 | K11: ='Consommation du 01.02 au 29.01'!D19 -> 0 | L11: 12.67 | M11: ='Consommation du 01.02 au 29.01'!AC19 -> 0 | O11: =E11*F11+G11*H11+I11*J11+K11*L11 -> 0
A12: Marrakech | B12: =B11+1 -> 11 | C12: 2 | D12: 2021 | E12: ='Consommation du 01.02 au 29.01'!M20 -> 0 | F12: 0.99 | G12: ='Consommation du 01.02 au 29.01'!U20 -> 0 | H12: 9.157 | I12: ='Consommation du 01.02 au 29.01'!Y20*1000 -> 0 | J12: 0.53 | K12: ='Consommation du 01.02 au 29.01'!D20 -> 0 | L12: 12.67 | M12: ='Consommation du 01.02 au 29.01'!AC20 -> 0 | O12: =E12*F12+G12*H12+I12*J12+K12*L12 -> 0
A13: Marrakech | B13: =B12+1 -> 12 | C13: 2 | D13: 2021 | E13: ='Consommation du 01.02 au 29.01'!M21 -> 0 | F13: 0.99 | G13: ='Consommation du 01.02 au 29.01'!U21 -> 0 | H13: 9.157 | I13: ='Consommation du 01.02 au 29.01'!Y21*1000 -> 0 | J13: 0.53 | K13: ='Consommation du 01.02 au 29.01'!D21 -> 0 | L13: 12.67 | M13: ='Consommation du 01.02 au 29.01'!AC21 -> 0 | O13: =E13*F13+G13*H13+I13*J13+K13*L13 -> 0
A14: Marrakech | B14: =B13+1 -> 13 | C14: 2 | D14: 2021 | E14: ='Consommation du 01.02 au 29.01'!M22 -> 0 | F14: 0.99 | G14: ='Consommation du 01.02 au 29.01'!U22 -> 0 | H14: 9.157 | I14: ='Consommation du 01.02 au 29.01'!Y22*1000 -> 0 | J14: 0.53 | K14: ='Consommation du 01.02 au 29.01'!D22 -> 0 | L14: 12.67 | M14: ='Consommation du 01.02 au 29.01'!AC22 -> 0 | O14: =E14*F14+G14*H14+I14*J14+K14*L14 -> 0
A15: Marrakech | B15: =B14+1 -> 14 | C15: 2 | D15: 2021 | E15: ='Consommation du 01.02 au 29.01'!M23 -> 0 | F15: 0.99 | G15: ='Consommation du 01.02 au 29.01'!U23 -> 0 | H15: 9.157 | I15: ='Consommation du 01.02 au 29.01'!Y23*1000 -> 0 | J15: 0.53 | K15: ='Consommation du 01.02 au 29.01'!D23 -> 0 | L15: 12.67 | M15: ='Consommation du 01.02 au 29.01'!AC23 -> 0 | O15: =E15*F15+G15*H15+I15*J15+K15*L15 -> 0
A16: Marrakech | B16: =B15+1 -> 15 | C16: 2 | D16: 2021 | E16: ='Consommation du 01.02 au 29.01'!M24 -> 0 | F16: 0.99 | G16: ='Consommation du 01.02 au 29.01'!U24 -> 0 | H16: 9.157 | I16: ='Consommation du 01.02 au 29.01'!Y24*1000 -> 0 | J16: 0.53 | K16: ='Consommation du 01.02 au 29.01'!D24 -> 0 | L16: 12.67 | M16: ='Consommation du 01.02 au 29.01'!AC24 -> 0 | O16: =E16*F16+G16*H16+I16*J16+K16*L16 -> 0
A17: Marrakech | B17: =B16+1 -> 16 | C17: 2 | D17: 2021 | E17: ='Consommation du 01.02 au 29.01'!M25 -> 0 | F17: 0.99 | G17: ='Consommation du 01.02 au 29.01'!U25 -> 0 | H17: 9.157 | I17: ='Consommation du 01.02 au 29.01'!Y25*1000 -> 0 | J17: 0.53 | K17: ='Consommation du 01.02 au 29.01'!D25 -> 0 | L17: 12.67 | M17: ='Consommation du 01.02 au 29.01'!AC25 -> 0 | O17: =E17*F17+G17*H17+I17*J17+K17*L17 -> 0
A18: Marrakech | B18: =B17+1 -> 17 | C18: 2 | D18: 2021 | E18: ='Consommation du 01.02 au 29.01'!M26 -> 0 | F18: 0.99 | G18: ='Consommation du 01.02 au 29.01'!U26 -> 0 | H18: 9.157 | I18: ='Consommation du 01.02 au 29.01'!Y26*1000 -> 0 | J18: 0.53 | K18: ='Consommation du 01.02 au 29.01'!D26 -> 0 | L18: 12.67 | M18: ='Consommation du 01.02 au 29.01'!AC26 -> 0 | O18: =E18*F18+G18*H18+I18*J18+K18*L18 -> 0
A19: Marrakech | B19: =B18+1 -> 18 | C19: 2 | D19: 2021 | E19: ='Consommation du 01.02 au 29.01'!M27 -> 0 | F19: 0.99 | G19: ='Consommation du 01.02 au 29.01'!U27 -> 0 | H19: 9.157 | I19: ='Consommation du 01.02 au 29.01'!Y27*1000 -> 0 | J19: 0.53 | K19: ='Consommation du 01.02 au 29.01'!D27 -> 0 | L19: 12.67 | M19: ='Consommation du 01.02 au 29.01'!AC27 -> 0 | O19: =E19*F19+G19*H19+I19*J19+K19*L19 -> 0
A20: Marrakech | B20: =B19+1 -> 19 | C20: 2 | D20: 2021 | E20: ='Consommation du 01.02 au 29.01'!M28 -> 0 | F20: 0.99 | G20: ='Consommation du 01.02 au 29.01'!U28 -> 0 | H20: 9.157 | I20: ='Consommation du 01.02 au 29.01'!Y28*1000 -> 0 | J20: 0.53 | K20: ='Consommation du 01.02 au 29.01'!D28 -> 0 | L20: 12.67 | M20: ='Consommation du 01.02 au 29.01'!AC28 -> 0 | O20: =E20*F20+G20*H20+I20*J20+K20*L20 -> 0
A21: Marrakech | B21: =B20+1 -> 20 | C21: 2 | D21: 2021 | E21: ='Consommation du 01.02 au 29.01'!M29 -> 0 | F21: 0.99 | G21: ='Consommation du 01.02 au 29.01'!U29 -> 0 | H21: 9.157 | I21: ='Consommation du 01.02 au 29.01'!Y29*1000 -> 0 | J21: 0.53 | K21: ='Consommation du 01.02 au 29.01'!D29 -> 0 | L21: 12.67 | M21: ='Consommation du 01.02 au 29.01'!AC29 -> 0 | O21: =E21*F21+G21*H21+I21*J21+K21*L21 -> 0
A22: Marrakech | B22: =B21+1 -> 21 | C22: 2 | D22: 2021 | E22: ='Consommation du 01.02 au 29.01'!M30 -> 0 | F22: 0.99 | G22: ='Consommation du 01.02 au 29.01'!U30 -> 0 | H22: 9.157 | I22: ='Consommation du 01.02 au 29.01'!Y30*1000 -> 0 | J22: 0.53 | K22: ='Consommation du 01.02 au 29.01'!D30 -> 0 | L22: 12.67 | M22: ='Consommation du 01.02 au 29.01'!AC30 -> 0 | O22: =E22*F22+G22*H22+I22*J22+K22*L22 -> 0
... A29: Marrakech | B29: =B28+1 -> 28 | C29: 2 | D29: 2021 | E29: ='Consommation du 01.02 au 29.01'!M37 -> 0 | F29: 0.99 | G29: ='Consommation du 01.02 au 29.01'!U37 -> 0 | H29: 9.157 | I29: ='Consommation du 01.02 au 29.01'!Y37*1000 -> 0 | J29: 0.53 | K29: ='Consommation du 01.02 au 29.01'!D37 -> 0 | L29: 12.67 | M29: ='Consommation du 01.02 au 29.01'!AC37 -> 0 | O29: =E29*F29+G29*H29+I29*J29+K29*L29 -> 0
O30: =SUM(O2:O29) -> 207539.45

Sheet Consommation du 01.02 au 29.01
B8: Date | D8: Cons Eau/Hotel | F8: Consommation du jour en DH | M8: total | O8: Consommation du jour en DH | Q8: Cons Elec/Villa | S8: Cons Elec/RIAD | U8: GAZ en Kg | W8: Consommation du jour en DH | X8: Compteur AVEO Mwh | Y8: consommation eau choud en Mwh | Z8: consommation du jour en DH | AB8: Température moyenne du jour °C | AC8: Total Occupation | AD8: % Occupation | AE8: Température Piscine Adulte à 7h00 °C | AF8: Température Piscine Adulte à 15h00 °C | AG8: Température Piscine famille à 07h00 ° C | AH8: Température Piscine famille à 15h00 ° C
J9: creuse 81 | K9: pleine 82 | L9: pointe 83 | AJ9: Consommation totale du jour | AK9: Consommation/Chambre
B10: 44228 | D10: ='Suivi EAU-ELEC'!C16 -> 175 | F10: =D10*12.67 -> 2217.25 | J10: ='Suivi EAU-ELEC'!E16 -> 3461 | K10: ='Suivi EAU-ELEC'!G16 -> 4700 | L10: ='Suivi EAU-ELEC'!I16 -> 2184 | M10: =L10+K10+J10 -> 10345 | O10: =J10*0.99+K10*0.99+L10*0.99 -> 10241.55 | U10: ='Suivi Gaz'!O11 -> 408.1 | W10: =U10*9.157 -> 3736.9717 | X10: 18678.39 | Y10: =IF(X11<X10,0,X11-X10) -> 9.22 | Z10: =Y10*0.53*1000 -> 4886.6 | AB10: 22 | AC10: 27 | AD10: 0.2109 | AE10: 26.5 | AF10: 27.5 | AG10: ar | AH10: ar | AJ10: =(F10+O10+W10+Z10) -> 21082.372 | AK10: =AJ10/AC10 -> 780.82858
B11: =(B10+1) -> 44229 | D11: ='Suivi EAU-ELEC'!C17 -> 407 | F11: =D11*12.67 -> 5156.69 | J11: ='Suivi EAU-ELEC'!E17 -> 2875 | K11: ='Suivi EAU-ELEC'!G17 -> 4572 | L11: ='Suivi EAU-ELEC'!I17 -> 1964 | M11: =L11+K11+J11 -> 9411 | O11: =J11*0.99+K11*0.99+L11*0.99 -> 9316.89 | U11: ='Suivi Gaz'!O12 -> 111.3 | W11: =U11*9.157 -> 1019.1741 | X11: 18687.61 | Y11: =IF(X12<X11,0,X12-X11) -> 9.19 | Z11: =Y11*0.53*1000 -> 4870.7 | AB11: 24 | AC11: 21 | AD11: 0.1721 | AE11: 26.3 | AF11: 27 | AG11: ar | AH11: ar | AJ11: =(F11+O11+W11+Z11) -> 20363.454 | AK11: =AJ11/AC11 -> 969.68829
B12: =(B11+1) -> 44230 | D12: ='Suivi EAU-ELEC'!C18 -> 200 | F12: =D12*12.67 -> 2534 | J12: ='Suivi EAU-ELEC'!E18 -> 3354 | K12: ='Suivi EAU-ELEC'!G18 -> 4994 | L12: ='Suivi EAU-ELEC'!I18 -> 2078 | M12: =L12+K12+J12 -> 10426 | O12: =J12*0.99+K12*0.99+L12*0.99 -> 10321.74 | U12: ='Suivi Gaz'!O13 -> 111.3 | W12: =U12*9.157 -> 1019.1741 | X12: 18696.8 | Y12: =IF(X13<X12,0,X13-X12) -> 13.24 | Z12: =Y12*0.53*1000 -> 7017.2 | AB12: 23 | AC12: 16 | AD12: 0.1212 | AE12: 26.5 | AF12: 27 | AG12: ar | AH12: ar | AJ12: =(F12+O12+W12+Z12) -> 20892.114 | AK12: =AJ12/AC12 -> 1305.7571
B13: =(B12+1) -> 44231 | D13: ='Suivi EAU-ELEC'!C19 -> 188 | F13: =D13*12.67 -> 2381.96 | J13: ='Suivi EAU-ELEC'!E19 -> 3313 | K13: ='Suivi EAU-ELEC'!G19 -> 5166 | L13: ='Suivi EAU-ELEC'!I19 -> 2046 | M13: =L13+K13+J13 -> 10525 | O13: =J13*0.99+K13*0.99+L13*0.99 -> 10419.75 | U13: ='Suivi Gaz'!O14 -> 333.9 | W13: =U13*9.157 -> 3057.5223 | X13: 18710.04 | Y13: =IF(X14<X13,0,X14-X13) -> 13.17 | Z13: =Y13*0.53*1000 -> 6980.1 | AB13: 21 | AC13: 13 | AD13: 0.0956 | AE13: 26.5 | AF13: 26.5 | AG13: ar | AH13: ar | AJ13: =(F13+O13+W13+Z13) -> 22839.332 | AK13: =AJ13/AC13 -> 1756.8717
B14: =(B13+1) -> 44232 | D14: ='Suivi EAU-ELEC'!C20 -> 438 | F14: =D14*12.67 -> 5549.46 | J14: ='Suivi EAU-ELEC'!E20 -> 3150 | K14: ='Suivi EAU-ELEC'!G20 -> 4709 | L14: ='Suivi EAU-ELEC'!I20 -> 2005 | M14: =L14+K14+J14 -> 9864 | O14: =J14*0.99+K14*0.99+L14*0.99 -> 9765.36 | U14: ='Suivi Gaz'!O15 -> 333.9 | W14: =U14*9.157 -> 3057.5223 | X14: 18723.21 | Y14: =IF(X15<X14,0,X15-X14) -> 11 | Z14: =Y14*0.53*1000 -> 5830 | AB14: 18 | AC14: 17 | AD14: 0.1241 | AE14: 26.5 | AF14: 26.6 | AG14: ar | AH14: ar | AJ14: =(F14+O14+W14+Z14) -> 24202.342 | AK14: =AJ14/AC14 -> 1423.6672
B15: =(B14+1) -> 44233 | D15: ='Suivi EAU-ELEC'!C21 -> 188 | F15: =D15*12.67 -> 2381.96 | J15: ='Suivi EAU-ELEC'!E21 -> 3145 | K15: ='Suivi EAU-ELEC'!G21 -> 4868 | L15: ='Suivi EAU-ELEC'!I21 -> 2051 | M15: =L15+K15+J15 -> 10064 | O15: =J15*0.99+K15*0.99+L15*0.99 -> 9963.36 | U15: ='Suivi Gaz'!O16 -> 593.6 | W15: =U15*9.157 -> 5435.5952 | X15: 18734.21 | Y15: =IF(X16<X15,0,X16-X15) -> 14.15 | Z15: =Y15*0.53*1000 -> 7499.5 | AB15: 14 | AC15: 16 | AD15: 0.1168 | AE15: 26 | AF15: 26.5 | AG15: ar | AH15: ar | AJ15: =(F15+O15+W15+Z15) -> 25280.415 | AK15: =AJ15/AC15 -> 1580.026
B16: =(B15+1) -> 44234 | D16: ='Suivi EAU-ELEC'!C22 -> 184 | F16: =D16*12.67 -> 2331.28 | J16: ='Suivi EAU-ELEC'!E22 -> 3116 | K16: ='Suivi EAU-ELEC'!G22 -> 5057 | L16: ='Suivi EAU-ELEC'!I22 -> 2018 | M16: =L16+K16+J16 -> 10191 | O16: =J16*0.99+K16*0.99+L16*0.99 -> 10089.09 | U16: ='Suivi Gaz'!O17 -> 556.5 | W16: =U16*9.157 -> 5095.8705 | X16: 18748.36 | Y16: =IF(X17<X16,0,X17-X16) -> 13.52 | Z16: =Y16*0.53*1000 -> 7165.6 | AB16: 13 | AC16: 11 | AD16: 0.0803 | AE16: 26 | AF16: 27 | AG16: ar | AH16: ar | AJ16: =(F16+O16+W16+Z16) -> 24681.841 | AK16: =AJ16/AC16 -> 2243.8037
B17: =(B16+1) -> 44235 | D17: ='Suivi EAU-ELEC'!C23 -> 371 | F17: =D17*12.67 -> 4700.57 | J17: ='Suivi EAU-ELEC'!E23 -> 3181 | K17: ='Suivi EAU-ELEC'!G23 -> 4491 | L17: ='Suivi EAU-ELEC'!I23 -> 1993 | M17: =L17+K17+J17 -> 9665 | O17: =J17*0.99+K17*0.99+L17*0.99 -> 9568.35 | U17: ='Suivi Gaz'!O18 -> 371 | W17: =U17*9.157 -> 3397.247 | X17: 18761.88 | Y17: =IF(X18<X17,0,X18-X17) -> 13.02 | Z17: =Y17*0.53*1000 -> 6900.6 | AB17: 16 | AC17: 9 | AD17: 0.0672 | AE17: 26 | AF17: 27 | AG17: ar | AH17: ar | AJ17: =(F17+O17+W17+Z17) -> 24566.767 | AK17: =AJ17/AC17 -> 2729.6408
B18: =(B17+1) -> 44236 | D18: ='Suivi EAU-ELEC'!C24 -> 330 | F18: =D18*12.67 -> 4181.1 | J18: ='Suivi EAU-ELEC'!E24 -> 3037 | K18: ='Suivi EAU-ELEC'!G24 -> 4689 | L18: ='Suivi EAU-ELEC'!I24 -> 1862 | M18: =L18+K18+J18 -> 9588 | O18: =J18*0.99+K18*0.99+L18*0.99 -> 9492.12 | U18: ='Suivi Gaz'!O19 -> 296.8 | W18: =U18*9.157 -> 2717.7976 | X18: 18774.9 | Y18: =IF(X19<X18,0,X19-X18) -> 13.66 | Z18: =Y18*0.53*1000 -> 7239.8 | AB18: 17 | AC18: 11 | AD18: 0.0809 | AE18: 27 | AF18: 27.5 | AG18: 22.5 | AH18: 22.5 | AJ18: =(F18+O18+W18+Z18) -> 23630.818 | AK18: =AJ18/AC18 -> 2148.2561
B19: =(B18+1) -> 44237 | D19: ='Suivi EAU-ELEC'!C25 -> 0 | F19: =D19*12.67 -> 0 | J19: ='Suivi EAU-ELEC'!E25 -> 0 | K19: ='Suivi EAU-ELEC'!G25 -> 0 | L19: ='Suivi EAU-ELEC'!I25 -> 0 | M19: =L19+K19+J19 -> 0 | O19: =J19*0.99+K19*0.99+L19*0.99 -> 0 | U19: ='Suivi Gaz'!O20 -> 0 | W19: =U19*9.157 -> 0 | X19: 18788.56 | Y19: =IF(X20<X19,0,X20-X19) -> 0 | Z19: =Y19*0.53*1000 -> 0 | AJ19: =(F19+O19+W19+Z19) -> 0 | AK19: =AJ19/AC19 -> #DIV/0!
B20: =(B19+1) -> 44238 | D20: ='Suivi EAU-ELEC'!C26 -> 0 | F20: =D20*12.67 -> 0 | J20: ='Suivi EAU-ELEC'!E26 -> 0 | K20: ='Suivi EAU-ELEC'!G26 -> 0 | L20: ='Suivi EAU-ELEC'!I26 -> 0 | M20: =L20+K20+J20 -> 0 | O20: =J20*0.99+K20*0.99+L20*0.99 -> 0 | U20: ='Suivi Gaz'!O21 -> 0 | W20: =U20*9.157 -> 0 | Y20: =IF(X21<X20,0,X21-X20) -> 0 | Z20: =Y20*0.53*1000 -> 0 | AA20: 14 | AJ20: =(F20+O20+W20+Z20) -> 0 | AK20: =AJ20/AC20 -> #DIV/0!
B21: =(B20+1) -> 44239 | D21: ='Suivi EAU-ELEC'!C27 -> 0 | F21: =D21*12.67 -> 0 | J21: ='Suivi EAU-ELEC'!E27 -> 0 | K21: ='Suivi EAU-ELEC'!G27 -> 0 | L21: ='Suivi EAU-ELEC'!I27 -> 0 | M21: =L21+K21+J21 -> 0 | O21: =J21*0.99+K21*0.99+L21*0.99 -> 0 | U21: ='Suivi Gaz'!O22 -> 0 | W21: =U21*9.157 -> 0 | Y21: =IF(X22<X21,0,X22-X21) -> 0 | Z21: =Y21*0.53*1000 -> 0 | AA21: 14 | AJ21: =(F21+O21+W21+Z21) -> 0 | AK21: =AJ21/AC21 -> #DIV/0!
B22: =(B21+1) -> 44240 | D22: ='Suivi EAU-ELEC'!C28 -> 0 | F22: =D22*12.67 -> 0 | J22: ='Suivi EAU-ELEC'!E28 -> 0 | K22: ='Suivi EAU-ELEC'!G28 -> 0 | L22: ='Suivi EAU-ELEC'!I28 -> 0 | M22: =L22+K22+J22 -> 0 | O22: =J22*0.99+K22*0.99+L22*0.99 -> 0 | U22: ='Suivi Gaz'!O23 -> 0 | W22: =U22*9.157 -> 0 | Y22: =IF(X23<X22,0,X23-X22) -> 0 | Z22: =Y22*0.53*1000 -> 0 | AJ22: =(F22+O22+W22+Z22) -> 0 | AK22: =AJ22/AC22 -> #DIV/0!
B23: =(B22+1) -> 44241 | D23: ='Suivi EAU-ELEC'!C29 -> 0 | F23: =D23*12.67 -> 0 | J23: ='Suivi EAU-ELEC'!E29 -> 0 | K23: ='Suivi EAU-ELEC'!G29 -> 0 | L23: ='Suivi EAU-ELEC'!I29 -> 0 | M23: =L23+K23+J23 -> 0 | O23: =J23*0.99+K23*0.99+L23*0.99 -> 0 | U23: ='Suivi Gaz'!O24 -> 0 | W23: =U23*9.157 -> 0 | Y23: =IF(X24<X23,0,X24-X23) -> 0 | Z23: =Y23*0.53*1000 -> 0 | AJ23: =(F23+O23+W23+Z23) -> 0 | AK23: =AJ23/AC23 -> #DIV/0!
B24: =(B23+1) -> 44242 | D24: ='Suivi EAU-ELEC'!C30 -> 0 | F24: =D24*12.67 -> 0 | J24: ='Suivi EAU-ELEC'!E30 -> 0 | K24: ='Suivi EAU-ELEC'!G30 -> 0 | L24: ='Suivi EAU-ELEC'!I30 -> 0 | M24: =L24+K24+J24 -> 0 | O24: =J24*0.99+K24*0.99+L24*0.99 -> 0 | U24: ='Suivi Gaz'!O25 -> 0 | W24: =U24*9.157 -> 0 | Y24: =IF(X25<X24,0,X25-X24) -> 0 | Z24: =Y24*0.53*1000 -> 0 | AJ24: =(F24+O24+W24+Z24) -> 0 | AK24: =AJ24/AC24 -> #DIV/0!
B25: =(B24+1) -> 44243 | D25: ='Suivi EAU-ELEC'!C31 -> 0 | F25: =D25*12.67 -> 0 | J25: ='Suivi EAU-ELEC'!E31 -> 0 | K25: ='Suivi EAU-ELEC'!G31 -> 0 | L25: ='Suivi EAU-ELEC'!I31 -> 0 | M25: =L25+K25+J25 -> 0 | O25: =J25*0.99+K25*0.99+L25*0.99 -> 0 | U25: ='Suivi Gaz'!O26 -> 0 | W25: =U25*9.157 -> 0 | Y25: =IF(X26<X25,0,X26-X25) -> 0 | Z25: =Y25*0.53*1000 -> 0 | AJ25: =(F25+O25+W25+Z25) -> 0 | AK25: =AJ25/AC25 -> #DIV/0!
B26: =(B25+1) -> 44244 | D26: ='Suivi EAU-ELEC'!C32 -> 0 | F26: =D26*12.67 -> 0 | J26: ='Suivi EAU-ELEC'!E32 -> 0 | K26: ='Suivi EAU-ELEC'!G32 -> 0 | L26: ='Suivi EAU-ELEC'!I32 -> 0 | M26: =L26+K26+J26 -> 0 | O26: =J26*0.99+K26*0.99+L26*0.99 -> 0 | U26: ='Suivi Gaz'!O27 -> 0 | W26: =U26*9.157 -> 0 | Y26: =IF(X27<X26,0,X27-X26) -> 0 | Z26: =Y26*0.53*1000 -> 0 | AJ26: =(F26+O26+W26+Z26) -> 0 | AK26: =AJ26/AC26 -> #DIV/0!
B27: =(B26+1) -> 44245 | D27: ='Suivi EAU-ELEC'!C33 -> 0 | F27: =D27*12.67 -> 0 | J27: ='Suivi EAU-ELEC'!E33 -> 0 | K27: ='Suivi EAU-ELEC'!G33 -> 0 | L27: ='Suivi EAU-ELEC'!I33 -> 0 | M27: =L27+K27+J27 -> 0 | O27: =J27*0.99+K27*0.99+L27*0.99 -> 0 | U27: ='Suivi Gaz'!O28 -> 0 | W27: =U27*9.157 -> 0 | Y27: =IF(X28<X27,0,X28-X27) -> 0 | Z27: =Y27*0.53*1000 -> 0 | AJ27: =(F27+O27+W27+Z27) -> 0 | AK27: =AJ27/AC27 -> #DIV/0!
B28: =(B27+1) -> 44246 | D28: ='Suivi EAU-ELEC'!C34 -> 0 | F28: =D28*12.67 -> 0 | J28: ='Suivi EAU-ELEC'!E34 -> 0 | K28: ='Suivi EAU-ELEC'!G34 -> 0 | L28: ='Suivi EAU-ELEC'!I34 -> 0 | M28: =L28+K28+J28 -> 0 | O28: =J28*0.99+K28*0.99+L28*0.99 -> 0 | U28: ='Suivi Gaz'!O29 -> 0 | W28: =U28*9.157 -> 0 | Y28: =IF(X29<X28,0,X29-X28) -> 0 | Z28: =Y28*0.53*1000 -> 0 | AJ28: =(F28+O28+W28+Z28) -> 0 | AK28: =AJ28/AC28 -> #DIV/0!
B29: =(B28+1) -> 44247 | D29: ='Suivi EAU-ELEC'!C35 -> 0 | F29: =D29*12.67 -> 0 | J29: ='Suivi EAU-ELEC'!E35 -> 0 | K29: ='Suivi EAU-ELEC'!G35 -> 0 | L29: ='Suivi EAU-ELEC'!I35 -> 0 | M29: =L29+K29+J29 -> 0 | O29: =J29*0.99+K29*0.99+L29*0.99 -> 0 | U29: ='Suivi Gaz'!O30 -> 0 | W29: =U29*9.157 -> 0 | Y29: =IF(X30<X29,0,X30-X29) -> 0 | Z29: =Y29*0.53*1000 -> 0 | AJ29: =(F29+O29+W29+Z29) -> 0 | AK29: =AJ29/AC29 -> #DIV/0!
B30: =(B29+1) -> 44248 | D30: ='Suivi EAU-ELEC'!C36 -> 0 | F30: =D30*12.67 -> 0 | J30: ='Suivi EAU-ELEC'!E36 -> 0 | K30: ='Suivi EAU-ELEC'!G36 -> 0 | L30: ='Suivi EAU-ELEC'!I36 -> 0 | M30: =L30+K30+J30 -> 0 | O30: =J30*0.99+K30*0.99+L30*0.99 -> 0 | U30: ='Suivi Gaz'!O31 -> 0 | W30: =U30*9.157 -> 0 | Y30: =IF(X31<X30,0,X31-X30) -> 0 | Z30: =Y30*0.53*1000 -> 0 | AJ30: =(F30+O30+W30+Z30) -> 0 | AK30: =AJ30/AC30 -> #DIV/0!
B31: =(B30+1) -> 44249 | D31: ='Suivi EAU-ELEC'!C37 -> 0 | F31: =D31*12.67 -> 0 | J31: ='Suivi EAU-ELEC'!E37 -> 0 | K31: ='Suivi EAU-ELEC'!G37 -> 0 | L31: ='Suivi EAU-ELEC'!I37 -> 0 | M31: =L31+K31+J31 -> 0 | O31: =J31*0.99+K31*0.99+L31*0.99 -> 0 | U31: ='Suivi Gaz'!O32 -> 0 | W31: =U31*9.157 -> 0 | Y31: =IF(X32<X31,0,X32-X31) -> 0 | Z31: =Y31*0.53*1000 -> 0 | AJ31: =(F31+O31+W31+Z31) -> 0 | AK31: =AJ31/AC31 -> #DIV/0!
B32: =(B31+1) -> 44250 | D32: ='Suivi EAU-ELEC'!C38 -> 0 | F32: =D32*12.67 -> 0 | J32: ='Suivi EAU-ELEC'!E38 -> 0 | K32: ='Suivi EAU-ELEC'!G38 -> 0 | L32: ='Suivi EAU-ELEC'!I38 -> 0 | M32: =L32+K32+J32 -> 0 | O32: =J32*0.99+K32*0.99+L32*0.99 -> 0 | U32: ='Suivi Gaz'!O33 -> 0 | W32: =U32*9.157 -> 0 | Y32: =IF(X33<X32,0,X33-X32) -> 0 | Z32: =Y32*0.53*1000 -> 0 | AJ32: =(F32+O32+W32+Z32) -> 0 | AK32: =AJ32/AC32 -> #DIV/0!
B33: =(B32+1) -> 44251 | D33: ='Suivi EAU-ELEC'!C39 -> 0 | F33: =D33*12.67 -> 0 | J33: ='Suivi EAU-ELEC'!E39 -> 0 | K33: ='Suivi EAU-ELEC'!G39 -> 0 | L33: ='Suivi EAU-ELEC'!I39 -> 0 | M33: =L33+K33+J33 -> 0 | O33: =J33*0.99+K33*0.99+L33*0.99 -> 0 | U33: ='Suivi Gaz'!O34 -> 0 | W33: =U33*9.157 -> 0 | Y33: =IF(X34<X33,0,X34-X33) -> 0 | Z33: =Y33*0.53*1000 -> 0 | AJ33: =(F33+O33+W33+Z33) -> 0 | AK33: =AJ33/AC33 -> #DIV/0!
... B40: =(B39+1) -> 44258 | D40: ='Suivi EAU-ELEC'!C46 -> 0 | F40: =D40*12.67 -> 0 | J40: ='Suivi EAU-ELEC'!E46 -> 0 | K40: ='Suivi EAU-ELEC'!G46 -> 0 | L40: ='Suivi EAU-ELEC'!I46 -> 0 | M40: =L40+K40+J40 -> 0 | O40: =J40*0.99+K40*0.99+L40*0.99 -> 0 | U40: ='Suivi Gaz'!O41 -> 0 | W40: =U40*9.157 -> 0 | Y40: =IF(X41<X40,0,X41-X40) -> 0 | Z40: =Y40*0.53*1000 -> 0 | AJ40: =(F40+O40+W40+Z40) -> 0 | AK40: =AJ40/AC40 -> #DIV/0!
D41: =SUM(D10:D37) -> 2481 | F41: =SUM(F10:H37) -> 31434.27 | J41: =SUM(J10:J37) -> 28632 | K41: =SUM(K10:K37) -> 43246 | L41: =SUM(L10:L37) -> 18201 | M41: =SUM(M10:M37) -> 90079 | O41: =SUM(O10:O37) -> 89178.21 | Q41: =SUM(Q10:Q40) -> 0 | S41: =SUM(S10:S40) -> 0 | U41: =SUM(U10:U37) -> 3116.4 | W41: =SUM(W10:W37) -> 28536.875 | Y41: =SUM(Y10:Y37) -> 110.17 | Z41: =SUM(Z10:Z37) -> 58390.1 | AJ41: =SUM(AJ10:AJ38) -> 207539.45 | AK41: =SUM(AK10:AK38) -> #DIV/0!
A43: ELECTRICITE / Kw/h | D43: creuse 81 | F43: 0.64895 | G43: =J41 -> 28632 | J43: =G43*F43 -> 18580.736 | L43: =J43+J44+J45 -> 79501.585
D44: pleine 82 | F44: 0.88605 | G44: =K41 -> 43246 | J44: =G44*F44 -> 38318.118
D45: pointe 83 | F45: 1.24184 | G45: =L41 -> 18201 | J45: =G45*F45 -> 22602.73
A46: EAU HOTEL M3 | F46: 12.67 | G46: =D41 -> 2481 | J46: =G46*F46 -> 31434.27 | L46: =J46 -> 31434.27
A47: GAZ Kg | F47: 9.157 | G47: =U41 -> 3116.4 | J47: =G47*F47 -> 28536.875 | L47: =J47 -> 28536.875

Sheet Suivi Gaz
D1: suivi Gaz
Q2: 803 | T2: 519 | W2: 800 | Z2: 802
B3: Relvé C1 | C3: cons C1 | D3: Relvé C2 | E3: cons C2 | F3: Relvé C3 | G3: cons C3 | H3: Relvé C4 | I3: cons C4 | J3: ∑ des relevés | K3: moyen general % | L3: con.j | M3: ∑ de volume en L | N3: cons./jen L | O3: cons./jen Kg | P3: cons./jen DH | Q3: livraison C1 | R3: %Avant | S3: % Après | T3: livraison C2 | U3: %Avant | V3: % Après | W3: livraison C3 | X3: %Avant | Y3: % Après | Z3: livraison C4 | AA3: %Avant | AB3: % Après | AC3: total livraison | AD3: moyen general % Avant L | AE3: moyen general % Aaprés L
A4: 44221 | B4: 62 | C4: =IF(AC4>0,((B4-R4)+(S4-B5)),IF(B5=0, ,(B4-B5))) -> 2 | D4: 64 | E4: =IF(AC4>0,((D4-U4)+(V4-D5)),IF(D5=0, ,(D4-D5))) -> 1 | F4: 60 | G4: =IF(AC4>0,((F4-X4)+(Y4-F5)),IF(F5=0, ,(F4-F5))) -> 1 | H4: 63 | I4: =IF(AC4>0,((H4-AA4)+(AB4-H5)),IF(H5=0, ,(H4-H5))) -> 3 | J4: =B4+D4+F4+H4 -> 249 | K4: =J4/4 -> 62.25 | L4: =IF(AC4>0,((K4-AD4)+(AE4-K5)),IF(K5=0, ,(K4-K5))) -> 1.75 | M4: =7000*4 -> 28000 | N4: =L4*M4/100 -> 490 | O4: =N4*0.53 -> 259.7 | P4: =O4*9.157 -> 2378.0729 | Q4: 2146 | R4: 60 | S4: 85 | T4: 2013 | U4: 64 | V4: 86 | W4: 2297 | X4: 60 | Y4: 86 | Z4: 2531 | AA4: 62 | AB4: 87 | AC4: =Q4+T4+W4+Z4 -> 8987 | AD4: =(R4+U4+X4+AA4)/4 -> 61.5 | AE4: =(S4+V4+Y4+AB4)/4 -> 86
A5: =(A4+1) -> 44222 | B5: 85 | C5: =IF(AC5>0,((B5-R5)+(S5-B6)),IF(B6=0, ,(B5-B6))) -> 1 | D5: 85 | E5: =IF(AC5>0,((D5-U5)+(V5-D6)),IF(D6=0, ,(D5-D6))) -> 1 | F5: 85 | G5: =IF(AC5>0,((F5-X5)+(Y5-F6)),IF(F6=0, ,(F5-F6))) -> 1 | H5: 85 | I5: =IF(AC5>0,((H5-AA5)+(AB5-H6)),IF(H6=0, ,(H5-H6))) -> 1 | J5: =B5+D5+F5+H5 -> 340 | K5: =J5/4 -> 85 | L5: =IF(AC5>0,((K5-AD5)+(AE5-K6)),IF(K6=0, ,(K5-K6))) -> 1 | M5: =7000*4 -> 28000 | N5: =L5*M5/100 -> 280 | O5: =N5*0.53 -> 148.4 | P5: =O5*9.157 -> 1358.8988 | AC5: =Q5+T5+W5+Z5 -> 0 | AD5: =(R5+U5+X5+AA5)/4 -> 0 | AE5: =(S5+V5+Y5+AB5)/4 -> 0
A6: =(A5+1) -> 44223 | B6: 84 | C6: =IF(AC6>0,((B6-R6)+(S6-B7)),IF(B7=0, ,(B6-B7))) -> 0 | D6: 84 | E6: =IF(AC6>0,((D6-U6)+(V6-D7)),IF(D7=0, ,(D6-D7))) -> 0 | F6: 84 | G6: =IF(AC6>0,((F6-X6)+(Y6-F7)),IF(F7=0, ,(F6-F7))) -> 4 | H6: 84 | I6: =IF(AC6>0,((H6-AA6)+(AB6-H7)),IF(H7=0, ,(H6-H7))) -> 4 | J6: =B6+D6+F6+H6 -> 336 | K6: =J6/4 -> 84 | L6: =IF(AC6>0,((K6-AD6)+(AE6-K7)),IF(K7=0, ,(K6-K7))) -> 2 | M6: =7000*4 -> 28000 | N6: =L6*M6/100 -> 560 | O6: =N6*0.53 -> 296.8 | P6: =O6*9.157 -> 2717.7976 | AC6: =Q6+T6+W6+Z6 -> 0 | AD6: =(R6+U6+X6+AA6)/4 -> 0 | AE6: =(S6+V6+Y6+AB6)/4 -> 0
A7: =(A6+1) -> 44224 | B7: 84 | C7: =IF(AC7>0,((B7-R7)+(S7-B8)),IF(B8=0, ,(B7-B8))) -> 4 | D7: 84 | E7: =IF(AC7>0,((D7-U7)+(V7-D8)),IF(D8=0, ,(D7-D8))) -> 2 | F7: 80 | G7: =IF(AC7>0,((F7-X7)+(Y7-F8)),IF(F8=0, ,(F7-F8))) -> 1 | H7: 80 | I7: =IF(AC7>0,((H7-AA7)+(AB7-H8)),IF(H8=0, ,(H7-H8))) -> 0 | J7: =B7+D7+F7+H7 -> 328 | K7: =J7/4 -> 82 | L7: =IF(AC7>0,((K7-AD7)+(AE7-K8)),IF(K8=0, ,(K7-K8))) -> 1.75 | M7: =7000*4 -> 28000 | N7: =L7*M7/100 -> 490 | O7: =N7*0.53 -> 259.7 | P7: =O7*9.157 -> 2378.0729 | AC7: =Q7+T7+W7+Z7 -> 0 | AD7: =(R7+U7+X7+AA7)/4 -> 0 | AE7: =(S7+V7+Y7+AB7)/4 -> 0
A8: =(A7+1) -> 44225 | B8: 80 | C8: =IF(AC8>0,((B8-R8)+(S8-B9)),IF(B9=0, ,(B8-B9))) -> 1 | D8: 82 | E8: =IF(AC8>0,((D8-U8)+(V8-D9)),IF(D9=0, ,(D8-D9))) -> 2 | F8: 79 | G8: =IF(AC8>0,((F8-X8)+(Y8-F9)),IF(F9=0, ,(F8-F9))) -> 4 | H8: 80 | I8: =IF(AC8>0,((H8-AA8)+(AB8-H9)),IF(H9=0, ,(H8-H9))) -> 3 | J8: =B8+D8+F8+H8 -> 321 | K8: =J8/4 -> 80.25 | L8: =IF(AC8>0,((K8-AD8)+(AE8-K9)),IF(K9=0, ,(K8-K9))) -> 2.5 | M8: =7000*4 -> 28000 | N8: =L8*M8/100 -> 700 | O8: =N8*0.53 -> 371 | P8: =O8*9.157 -> 3397.247 | AC8: =Q8+T8+W8+Z8 -> 0 | AD8: =(R8+U8+X8+AA8)/4 -> 0 | AE8: =(S8+V8+Y8+AB8)/4 -> 0
A9: =(A8+1) -> 44226 | B9: 79 | C9: =IF(AC9>0,((B9-R9)+(S9-B10)),IF(B10=0, ,(B9-B10))) -> 4 | D9: 80 | E9: =IF(AC9>0,((D9-U9)+(V9-D10)),IF(D10=0, ,(D9-D10))) -> 1 | F9: 75 | G9: =IF(AC9>0,((F9-X9)+(Y9-F10)),IF(F10=0, ,(F9-F10))) -> 3 | H9: 77 | I9: =IF(AC9>0,((H9-AA9)+(AB9-H10)),IF(H10=0, ,(H9-H10))) -> 2 | J9: =B9+D9+F9+H9 -> 311 | K9: =J9/4 -> 77.75 | L9: =IF(AC9>0,((K9-AD9)+(AE9-K10)),IF(K10=0, ,(K9-K10))) -> 2.5 | M9: =7000*4 -> 28000 | N9: =L9*M9/100 -> 700 | O9: =N9*0.53 -> 371 | P9: =O9*9.157 -> 3397.247 | AC9: =Q9+T9+W9+Z9 -> 0 | AD9: =(R9+U9+X9+AA9)/4 -> 0 | AE9: =(S9+V9+Y9+AB9)/4 -> 0
A10: =(A9+1) -> 44227 | B10: 75 | C10: =IF(AC10>0,((B10-R10)+(S10-B11)),IF(B11=0, ,(B10-B11))) -> 3 | D10: 79 | E10: =IF(AC10>0,((D10-U10)+(V10-D11)),IF(D11=0, ,(D10-D11))) -> 4 | F10: 72 | G10: =IF(AC10>0,((F10-X10)+(Y10-F11)),IF(F11=0, ,(F10-F11))) -> 1 | H10: 75 | I10: =IF(AC10>0,((H10-AA10)+(AB10-H11)),IF(H11=0, ,(H10-H11))) -> 2 | J10: =B10+D10+F10+H10 -> 301 | K10: =J10/4 -> 75.25 | L10: =IF(AC10>0,((K10-AD10)+(AE10-K11)),IF(K11=0, ,(K10-K11))) -> 2.5 | M10: =7000*4 -> 28000 | N10: =L10*M10/100 -> 700 | O10: =N10*0.53 -> 371 | P10: =O10*9.157 -> 3397.247 | AC10: =Q10+T10+W10+Z10 -> 0 | AD10: =(R10+U10+X10+AA10)/4 -> 0 | AE10: =(S10+V10+Y10+AB10)/4 -> 0
A11: =(A10+1) -> 44228 | B11: 72 | C11: =IF(AC11>0,((B11-R11)+(S11-B12)),IF(B12=0, ,(B11-B12))) -> 2 | D11: 75 | E11: =IF(AC11>0,((D11-U11)+(V11-D12)),IF(D12=0, ,(D11-D12))) -> 3 | F11: 71 | G11: =IF(AC11>0,((F11-X11)+(Y11-F12)),IF(F12=0, ,(F11-F12))) -> 3 | H11: 73 | I11: =IF(AC11>0,((H11-AA11)+(AB11-H12)),IF(H12=0, ,(H11-H12))) -> 3 | J11: =B11+D11+F11+H11 -> 291 | K11: =J11/4 -> 72.75 | L11: =IF(AC11>0,((K11-AD11)+(AE11-K12)),IF(K12=0, ,(K11-K12))) -> 2.75 | M11: =7000*4 -> 28000 | N11: =L11*M11/100 -> 770 | O11: =N11*0.53 -> 408.1 | P11: =O11*9.157 -> 3736.9717 | AC11: =Q11+T11+W11+Z11 -> 0 | AD11: =(R11+U11+X11+AA11)/4 -> 0 | AE11: =(S11+V11+Y11+AB11)/4 -> 0
A12: =(A11+1) -> 44229 | B12: 70 | C12: =IF(AC12>0,((B12-R12)+(S12-B13)),IF(B13=0, ,(B12-B13))) -> 0 | D12: 72 | E12: =IF(AC12>0,((D12-U12)+(V12-D13)),IF(D13=0, ,(D12-D13))) -> 2 | F12: 68 | G12: =IF(AC12>0,((F12-X12)+(Y12-F13)),IF(F13=0, ,(F12-F13))) -> 1 | H12: 70 | I12: =IF(AC12>0,((H12-AA12)+(AB12-H13)),IF(H13=0, ,(H12-H13))) -> 0 | J12: =B12+D12+F12+H12 -> 280 | K12: =J12/4 -> 70 | L12: =IF(AC12>0,((K12-AD12)+(AE12-K13)),IF(K13=0, ,(K12-K13))) -> 0.75 | M12: =7000*4 -> 28000 | N12: =L12*M12/100 -> 210 | O12: =N12*0.53 -> 111.3 | P12: =O12*9.157 -> 1019.1741 | Q12: 1474 | R12: 70 | S12: 85 | T12: 1377 | U12: 70 | V12: 85 | W12: 1561 | X12: 68 | Y12: 85 | Z12: 1522 | AA12: 70 | AB12: 85 | AC12: =Q12+T12+W12+Z12 -> 5934 | AD12: =(R12+U12+X12+AA12)/4 -> 69.5 | AE12: =(S12+V12+Y12+AB12)/4 -> 85
A13: =(A12+1) -> 44230 | B13: 85 | C13: 0 | D13: 85 | E13: =IF(AC13>0,((D13-U13)+(V13-D14)),IF(D14=0, ,(D13-D14))) -> 1 | F13: 84 | G13: 0 | H13: 85 | I13: 0 | J13: =B13+D13+F13+H13 -> 339 | K13: =J13/4 -> 84.75 | L13: =IF(AC13>0,((K13-AD13)+(AE13-K14)),IF(K14=0, ,(K13-K14))) -> 0.75 | M13: =7000*4 -> 28000 | N13: =L13*M13/100 -> 210 | O13: =N13*0.53 -> 111.3 | P13: =O13*9.157 -> 1019.1741 | AC13: =Q13+T13+W13+Z13 -> 0 | AD13: =(R13+U13+X13+AA13)/4 -> 0 | AE13: =(S13+V13+Y13+AB13)/4 -> 0
A14: =(A13+1) -> 44231 | B14: 85 | C14: =IF(AC14>0,((B14-R14)+(S14-B15)),IF(B15=0, ,(B14-B15))) -> 2 | D14: 84 | E14: =IF(AC14>0,((D14-U14)+(V14-D15)),IF(D15=0, ,(D14-D15))) -> 0 | F14: 83 | G14: =IF(AC14>0,((F14-X14)+(Y14-F15)),IF(F15=0, ,(F14-F15))) -> 3 | H14: 84 | I14: =IF(AC14>0,((H14-AA14)+(AB14-H15)),IF(H15=0, ,(H14-H15))) -> 4 | J14: =B14+D14+F14+H14 -> 336 | K14: =J14/4 -> 84 | L14: =IF(AC14>0,((K14-AD14)+(AE14-K15)),IF(K15=0, ,(K14-K15))) -> 2.25 | M14: =7000*4 -> 28000 | N14: =L14*M14/100 -> 630 | O14: =N14*0.53 -> 333.9 | P14: =O14*9.157 -> 3057.5223 | AC14: =Q14+T14+W14+Z14 -> 0 | AD14: =(R14+U14+X14+AA14)/4 -> 0 | AE14: =(S14+V14+Y14+AB14)/4 -> 0
A15: =(A14+1) -> 44232 | B15: 83 | C15: 0 | D15: 84 | E15: 0 | F15: 80 | G15: 0 | H15: 80 | I15: =IF(AC15>0,((H15-AA15)+(AB15-H16)),IF(H16=0, ,(H15-H16))) -> 2 | J15: =B15+D15+F15+H15 -> 327 | K15: =J15/4 -> 81.75 | L15: =IF(AC15>0,((K15-AD15)+(AE15-K16)),IF(K16=0, ,(K15-K16))) -> 2.25 | M15: =7000*4 -> 28000 | N15: =L15*M15/100 -> 630 | O15: =N15*0.53 -> 333.9 | P15: =O15*9.157 -> 3057.5223 | AC15: =Q15+T15+W15+Z15 -> 0 | AD15: =(R15+U15+X15+AA15)/4 -> 0 | AE15: =(S15+V15+Y15+AB15)/4 -> 0
A16: =(A15+1) -> 44233 | B16: 80 | C16: =IF(AC16>0,((B16-R16)+(S16-B17)),IF(B17=0, ,(B16-B17))) -> 3 | D16: 82 | E16: =IF(AC16>0,((D16-U16)+(V16-D17)),IF(D17=0, ,(D16-D17))) -> 3 | F16: 78 | G16: =IF(AC16>0,((F16-X16)+(Y16-F17)),IF(F17=0, ,(F16-F17))) -> 5 | H16: 78 | I16: =IF(AC16>0,((H16-AA16)+(AB16-H17)),IF(H17=0, ,(H16-H17))) -> 5 | J16: =B16+D16+F16+H16 -> 318 | K16: =J16/4 -> 79.5 | L16: =IF(AC16>0,((K16-AD16)+(AE16-K17)),IF(K17=0, ,(K16-K17))) -> 4 | M16: =7000*4 -> 28000 | N16: =L16*M16/100 -> 1120 | O16: =N16*0.53 -> 593.6 | P16: =O16*9.157 -> 5435.5952 | AC16: =Q16+T16+W16+Z16 -> 0 | AD16: =(R16+U16+X16+AA16)/4 -> 0 | AE16: =(S16+V16+Y16+AB16)/4 -> 0
A17: =(A16+1) -> 44234 | B17: 77 | C17: =IF(AC17>0,((B17-R17)+(S17-B18)),IF(B18=0, ,(B17-B18))) -> 5 | D17: 79 | E17: =IF(AC17>0,((D17-U17)+(V17-D18)),IF(D18=0, ,(D17-D18))) -> 5 | F17: 73 | G17: =IF(AC17>0,((F17-X17)+(Y17-F18)),IF(F18=0, ,(F17-F18))) -> 3 | H17: 73 | I17: =IF(AC17>0,((H17-AA17)+(AB17-H18)),IF(H18=0, ,(H17-H18))) -> 2 | J17: =B17+D17+F17+H17 -> 302 | K17: =J17/4 -> 75.5 | L17: =IF(AC17>0,((K17-AD17)+(AE17-K18)),IF(K18=0, ,(K17-K18))) -> 3.75 | M17: =7000*4 -> 28000 | N17: =L17*M17/100 -> 1050 | O17: =N17*0.53 -> 556.5 | P17: =O17*9.157 -> 5095.8705 | AC17: =Q17+T17+W17+Z17 -> 0 | AD17: =(R17+U17+X17+AA17)/4 -> 0 | AE17: =(S17+V17+Y17+AB17)/4 -> 0
A18: =(A17+1) -> 44235 | B18: 72 | C18: =IF(AC18>0,((B18-R18)+(S18-B19)),IF(B19=0, ,(B18-B19))) -> 0 | D18: 74 | E18: =IF(AC18>0,((D18-U18)+(V18-D19)),IF(D19=0, ,(D18-D19))) -> 0 | F18: 70 | G18: =IF(AC18>0,((F18-X18)+(Y18-F19)),IF(F19=0, ,(F18-F19))) -> 3 | H18: 71 | I18: =IF(AC18>0,((H18-AA18)+(AB18-H19)),IF(H19=0, ,(H18-H19))) -> 7 | J18: =B18+D18+F18+H18 -> 287 | K18: =J18/4 -> 71.75 | L18: =IF(AC18>0,((K18-AD18)+(AE18-K19)),IF(K19=0, ,(K18-K19))) -> 2.5 | M18: =7000*4 -> 28000 | N18: =L18*M18/100 -> 700 | O18: =N18*0.53 -> 371 | P18: =O18*9.157 -> 3397.247 | Q18: 1018 | R18: 74 | S18: 85 | T18: 969 | U18: 75 | V18: 85 | W18: 1189 | X18: 68 | Y18: 85 | Z18: 1172 | AA18: 67 | AB18: 85 | AC18: =Q18+T18+W18+Z18 -> 4348 | AD18: =(R18+U18+X18+AA18)/4 -> 71 | AE18: =(S18+V18+Y18+AB18)/4 -> 85
A19: =(A18+1) -> 44236 | B19: 83 | C19: =IF(AC19>0,((B19-R19)+(S19-B20)),IF(B20=0, ,(B19-B20))) -> 2 | D19: 84 | E19: =IF(AC19>0,((D19-U19)+(V19-D20)),IF(D20=0, ,(D19-D20))) -> 0 | F19: 84 | G19: =IF(AC19>0,((F19-X19)+(Y19-F20)),IF(F20=0, ,(F19-F20))) -> 4 | H19: 82 | I19: =IF(AC19>0,((H19-AA19)+(AB19-H20)),IF(H20=0, ,(H19-H20))) -> 2 | J19: =B19+D19+F19+H19 -> 333 | K19: =J19/4 -> 83.25 | L19: =IF(AC19>0,((K19-AD19)+(AE19-K20)),IF(K20=0, ,(K19-K20))) -> 2 | M19: =7000*4 -> 28000 | N19: =L19*M19/100 -> 560 | O19: =N19*0.53 -> 296.8 | P19: =O19*9.157 -> 2717.7976 | AC19: =Q19+T19+W19+Z19 -> 0 | AD19: =(R19+U19+X19+AA19)/4 -> 0 | AE19: =(S19+V19+Y19+AB19)/4 -> 0
A20: =(A19+1) -> 44237 | B20: 81 | C20: =IF(AC20>0,((B20-R20)+(S20-B21)),IF(B21=0, ,(B20-B21))) -> 0 | D20: 84 | E20: =IF(AC20>0,((D20-U20)+(V20-D21)),IF(D21=0, ,(D20-D21))) -> 0 | F20: 80 | G20: =IF(AC20>0,((F20-X20)+(Y20-F21)),IF(F21=0, ,(F20-F21))) -> 0 | H20: 80 | I20: =IF(AC20>0,((H20-AA20)+(AB20-H21)),IF(H21=0, ,(H20-H21))) -> 0 | J20: =B20+D20+F20+H20 -> 325 | K20: =J20/4 -> 81.25 | L20: =IF(AC20>0,((K20-AD20)+(AE20-K21)),IF(K21=0, ,(K20-K21))) -> 0 | M20: =7000*4 -> 28000 | N20: =L20*M20/100 -> 0 | O20: =N20*0.53 -> 0 | P20: =O20*9.157 -> 0 | AC20: =Q20+T20+W20+Z20 -> 0 | AD20: =(R20+U20+X20+AA20)/4 -> 0 | AE20: =(S20+V20+Y20+AB20)/4 -> 0
A21: =(A20+1) -> 44238 | C21: =IF(AC21>0,((B21-R21)+(S21-B22)),IF(B22=0, ,(B21-B22))) -> 0 | E21: =IF(AC21>0,((D21-U21)+(V21-D22)),IF(D22=0, ,(D21-D22))) -> 0 | G21: =IF(AC21>0,((F21-X21)+(Y21-F22)),IF(F22=0, ,(F21-F22))) -> 0 | I21: =IF(AC21>0,((H21-AA21)+(AB21-H22)),IF(H22=0, ,(H21-H22))) -> 0 | J21: =B21+D21+F21+H21 -> 0 | K21: =J21/4 -> 0 | L21: =IF(AC21>0,((K21-AD21)+(AE21-K22)),IF(K22=0, ,(K21-K22))) -> 0 | M21: =7000*4 -> 28000 | N21: =L21*M21/100 -> 0 | O21: =N21*0.53 -> 0 | P21: =O21*9.157 -> 0 | AC21: =Q21+T21+W21+Z21 -> 0 | AD21: =(R21+U21+X21+AA21)/4 -> 0 | AE21: =(S21+V21+Y21+AB21)/4 -> 0
A22: =(A21+1) -> 44239 | C22: =IF(AC22>0,((B22-R22)+(S22-B23)),IF(B23=0, ,(B22-B23))) -> 0 | E22: =IF(AC22>0,((D22-U22)+(V22-D23)),IF(D23=0, ,(D22-D23))) -> 0 | G22: =IF(AC22>0,((F22-X22)+(Y22-F23)),IF(F23=0, ,(F22-F23))) -> 0 | I22: =IF(AC22>0,((H22-AA22)+(AB22-H23)),IF(H23=0, ,(H22-H23))) -> 0 | J22: =B22+D22+F22+H22 -> 0 | K22: =J22/4 -> 0 | L22: =IF(AC22>0,((K22-AD22)+(AE22-K23)),IF(K23=0, ,(K22-K23))) -> 0 | M22: =7000*4 -> 28000 | N22: =L22*M22/100 -> 0 | O22: =N22*0.53 -> 0 | P22: =O22*9.157 -> 0 | AC22: =Q22+T22+W22+Z22 -> 0 | AD22: =(R22+U22+X22+AA22)/4 -> 0 | AE22: =(S22+V22+Y22+AB22)/4 -> 0
A23: =(A22+1) -> 44240 | C23: =IF(AC23>0,((B23-R23)+(S23-B24)),IF(B24=0, ,(B23-B24))) -> 0 | E23: =IF(AC23>0,((D23-U23)+(V23-D24)),IF(D24=0, ,(D23-D24))) -> 0 | G23: =IF(AC23>0,((F23-X23)+(Y23-F24)),IF(F24=0, ,(F23-F24))) -> 0 | I23: =IF(AC23>0,((H23-AA23)+(AB23-H24)),IF(H24=0, ,(H23-H24))) -> 0 | J23: =B23+D23+F23+H23 -> 0 | K23: =J23/4 -> 0 | L23: =IF(AC23>0,((K23-AD23)+(AE23-K24)),IF(K24=0, ,(K23-K24))) -> 0 | M23: =7000*4 -> 28000 | N23: =L23*M23/100 -> 0 | O23: =N23*0.53 -> 0 | P23: =O23*9.157 -> 0 | AC23: =Q23+T23+W23+Z23 -> 0 | AD23: =(R23+U23+X23+AA23)/4 -> 0 | AE23: =(S23+V23+Y23+AB23)/4 -> 0
A24: =(A23+1) -> 44241 | C24: =IF(AC24>0,((B24-R24)+(S24-B25)),IF(B25=0, ,(B24-B25))) -> 0 | E24: =IF(AC24>0,((D24-U24)+(V24-D25)),IF(D25=0, ,(D24-D25))) -> 0 | G24: =IF(AC24>0,((F24-X24)+(Y24-F25)),IF(F25=0, ,(F24-F25))) -> 0 | I24: =IF(AC24>0,((H24-AA24)+(AB24-H25)),IF(H25=0, ,(H24-H25))) -> 0 | J24: =B24+D24+F24+H24 -> 0 | K24: =J24/4 -> 0 | L24: =IF(AC24>0,((K24-AD24)+(AE24-K25)),IF(K25=0, ,(K24-K25))) -> 0 | M24: =7000*4 -> 28000 | N24: =L24*M24/100 -> 0 | O24: =N24*0.53 -> 0 | P24: =O24*9.157 -> 0 | AC24: =Q24+T24+W24+Z24 -> 0 | AD24: =(R24+U24+X24+AA24)/4 -> 0 | AE24: =(S24+V24+Y24+AB24)/4 -> 0
A25: =(A24+1) -> 44242 | C25: =IF(AC25>0,((B25-R25)+(S25-B26)),IF(B26=0, ,(B25-B26))) -> 0 | E25: =IF(AC25>0,((D25-U25)+(V25-D26)),IF(D26=0, ,(D25-D26))) -> 0 | G25: =IF(AC25>0,((F25-X25)+(Y25-F26)),IF(F26=0, ,(F25-F26))) -> 0 | I25: =IF(AC25>0,((H25-AA25)+(AB25-H26)),IF(H26=0, ,(H25-H26))) -> 0 | J25: =B25+D25+F25+H25 -> 0 | K25: =J25/4 -> 0 | L25: =IF(AC25>0,((K25-AD25)+(AE25-K26)),IF(K26=0, ,(K25-K26))) -> 0 | M25: =7000*4 -> 28000 | N25: =L25*M25/100 -> 0 | O25: =N25*0.53 -> 0 | P25: =O25*9.157 -> 0 | AC25: =Q25+T25+W25+Z25 -> 0 | AD25: =(R25+U25+X25+AA25)/4 -> 0 | AE25: =(S25+V25+Y25+AB25)/4 -> 0
A26: =(A25+1) -> 44243 | C26: =IF(AC26>0,((B26-R26)+(S26-B27)),IF(B27=0, ,(B26-B27))) -> 0 | E26: =IF(AC26>0,((D26-U26)+(V26-D27)),IF(D27=0, ,(D26-D27))) -> 0 | G26: =IF(AC26>0,((F26-X26)+(Y26-F27)),IF(F27=0, ,(F26-F27))) -> 0 | I26: =IF(AC26>0,((H26-AA26)+(AB26-H27)),IF(H27=0, ,(H26-H27))) -> 0 | J26: =B26+D26+F26+H26 -> 0 | K26: =J26/4 -> 0 | L26: =IF(AC26>0,((K26-AD26)+(AE26-K27)),IF(K27=0, ,(K26-K27))) -> 0 | M26: =7000*4 -> 28000 | N26: =L26*M26/100 -> 0 | O26: =N26*0.53 -> 0 | P26: =O26*9.157 -> 0 | AC26: =Q26+T26+W26+Z26 -> 0 | AD26: =(R26+U26+X26+AA26)/4 -> 0 | AE26: =(S26+V26+Y26+AB26)/4 -> 0
A27: =(A26+1) -> 44244 | C27: =IF(AC27>0,((B27-R27)+(S27-B28)),IF(B28=0, ,(B27-B28))) -> 0 | E27: =IF(AC27>0,((D27-U27)+(V27-D28)),IF(D28=0, ,(D27-D28))) -> 0 | G27: =IF(AC27>0,((F27-X27)+(Y27-F28)),IF(F28=0, ,(F27-F28))) -> 0 | I27: =IF(AC27>0,((H27-AA27)+(AB27-H28)),IF(H28=0, ,(H27-H28))) -> 0 | J27: =B27+D27+F27+H27 -> 0 | K27: =J27/4 -> 0 | L27: =IF(AC27>0,((K27-AD27)+(AE27-K28)),IF(K28=0, ,(K27-K28))) -> 0 | M27: =7000*4 -> 28000 | N27: =L27*M27/100 -> 0 | O27: =N27*0.53 -> 0 | P27: =O27*9.157 -> 0 | AC27: =Q27+T27+W27+Z27 -> 0 | AD27: =(R27+U27+X27+AA27)/4 -> 0 | AE27: =(S27+V27+Y27+AB27)/4 -> 0
A28: =(A27+1) -> 44245 | C28: =IF(AC28>0,((B28-R28)+(S28-B29)),IF(B29=0, ,(B28-B29))) -> 0 | E28: =IF(AC28>0,((D28-U28)+(V28-D29)),IF(D29=0, ,(D28-D29))) -> 0 | G28: =IF(AC28>0,((F28-X28)+(Y28-F29)),IF(F29=0, ,(F28-F29))) -> 0 | I28: =IF(AC28>0,((H28-AA28)+(AB28-H29)),IF(H29=0, ,(H28-H29))) -> 0 | J28: =B28+D28+F28+H28 -> 0 | K28: =J28/4 -> 0 | L28: =IF(AC28>0,((K28-AD28)+(AE28-K29)),IF(K29=0, ,(K28-K29))) -> 0 | M28: =7000*4 -> 28000 | N28: =L28*M28/100 -> 0 | O28: =N28*0.53 -> 0 | P28: =O28*9.157 -> 0 | AC28: =Q28+T28+W28+Z28 -> 0 | AD28: =(R28+U28+X28+AA28)/4 -> 0 | AE28: =(S28+V28+Y28+AB28)/4 -> 0
A29: =(A28+1) -> 44246 | C29: =IF(AC29>0,((B29-R29)+(S29-B30)),IF(B30=0, ,(B29-B30))) -> 0 | E29: =IF(AC29>0,((D29-U29)+(V29-D30)),IF(D30=0, ,(D29-D30))) -> 0 | G29: =IF(AC29>0,((F29-X29)+(Y29-F30)),IF(F30=0, ,(F29-F30))) -> 0 | I29: =IF(AC29>0,((H29-AA29)+(AB29-H30)),IF(H30=0, ,(H29-H30))) -> 0 | J29: =B29+D29+F29+H29 -> 0 | K29: =J29/4 -> 0 | L29: =IF(AC29>0,((K29-AD29)+(AE29-K30)),IF(K30=0, ,(K29-K30))) -> 0 | M29: =7000*4 -> 28000 | N29: =L29*M29/100 -> 0 | O29: =N29*0.53 -> 0 | P29: =O29*9.157 -> 0 | AC29: =Q29+T29+W29+Z29 -> 0 | AD29: =(R29+U29+X29+AA29)/4 -> 0 | AE29: =(S29+V29+Y29+AB29)/4 -> 0
A30: =(A29+1) -> 44247 | C30: =IF(AC30>0,((B30-R30)+(S30-B31)),IF(B31=0, ,(B30-B31))) -> 0 | E30: =IF(AC30>0,((D30-U30)+(V30-D31)),IF(D31=0, ,(D30-D31))) -> 0 | G30: =IF(AC30>0,((F30-X30)+(Y30-F31)),IF(F31=0, ,(F30-F31))) -> 0 | I30: =IF(AC30>0,((H30-AA30)+(AB30-H31)),IF(H31=0, ,(H30-H31))) -> 0 | J30: =B30+D30+F30+H30 -> 0 | K30: =J30/4 -> 0 | L30: =IF(AC30>0,((K30-AD30)+(AE30-K31)),IF(K31=0, ,(K30-K31))) -> 0 | M30: =7000*4 -> 28000 | N30: =L30*M30/100 -> 0 | O30: =N30*0.53 -> 0 | P30: =O30*9.157 -> 0 | AC30: =Q30+T30+W30+Z30 -> 0 | AD30: =(R30+U30+X30+AA30)/4 -> 0 | AE30: =(S30+V30+Y30+AB30)/4 -> 0
A31: =(A30+1) -> 44248 | C31: =IF(AC31>0,((B31-R31)+(S31-B32)),IF(B32=0, ,(B31-B32))) -> 0 | E31: =IF(AC31>0,((D31-U31)+(V31-D32)),IF(D32=0, ,(D31-D32))) -> 0 | G31: =IF(AC31>0,((F31-X31)+(Y31-F32)),IF(F32=0, ,(F31-F32))) -> 0 | I31: =IF(AC31>0,((H31-AA31)+(AB31-H32)),IF(H32=0, ,(H31-H32))) -> 0 | J31: =B31+D31+F31+H31 -> 0 | K31: =J31/4 -> 0 | L31: =IF(AC31>0,((K31-AD31)+(AE31-K32)),IF(K32=0, ,(K31-K32))) -> 0 | M31: =7000*4 -> 28000 | N31: =L31*M31/100 -> 0 | O31: =N31*0.53 -> 0 | P31: =O31*9.157 -> 0 | AC31: =Q31+T31+W31+Z31 -> 0 | AD31: =(R31+U31+X31+AA31)/4 -> 0 | AE31: =(S31+V31+Y31+AB31)/4 -> 0
A32: =(A31+1) -> 44249 | C32: =IF(AC32>0,((B32-R32)+(S32-B33)),IF(B33=0, ,(B32-B33))) -> 0 | E32: =IF(AC32>0,((D32-U32)+(V32-D33)),IF(D33=0, ,(D32-D33))) -> 0 | G32: =IF(AC32>0,((F32-X32)+(Y32-F33)),IF(F33=0, ,(F32-F33))) -> 0 | I32: =IF(AC32>0,((H32-AA32)+(AB32-H33)),IF(H33=0, ,(H32-H33))) -> 0 | J32: =B32+D32+F32+H32 -> 0 | K32: =J32/4 -> 0 | L32: =IF(AC32>0,((K32-AD32)+(AE32-K33)),IF(K33=0, ,(K32-K33))) -> 0 | M32: =7000*4 -> 28000 | N32: =L32*M32/100 -> 0 | O32: =N32*0.53 -> 0 | P32: =O32*9.157 -> 0 | AC32: =Q32+T32+W32+Z32 -> 0 | AD32: =(R32+U32+X32+AA32)/4 -> 0 | AE32: =(S32+V32+Y32+AB32)/4 -> 0
... A42: =(A41+1) -> 44259 | C42: =IF(AC42>0,((B42-R42)+(S42-B43)),IF(B43=0, ,(B42-B43))) -> 0 | E42: =IF(AC42>0,((D42-U42)+(V42-D43)),IF(D43=0, ,(D42-D43))) -> 0 | G42: =IF(AC42>0,((F42-X42)+(Y42-F43)),IF(F43=0, ,(F42-F43))) -> 0 | I42: =IF(AC42>0,((H42-AA42)+(AB42-H43)),IF(H43=0, ,(H42-H43))) -> 0 | J42: =B42+D42+F42+H42 -> 0 | K42: =J42/4 -> 0 | L42: =IF(AC42>0,((K42-AD42)+(AE42-K43)),IF(K43=0, ,(K42-K43))) -> 0 | M42: =7000*4 -> 28000 | N42: =L42*M42/100 -> 0 | O42: =N42*0.53 -> 0 | P42: =O42*9.157 -> 0 | AC42: =Q42+T42+W42+Z42 -> 0 | AD42: =(R42+U42+X42+AA42)/4 -> 0 | AE42: =(S42+V42+Y42+AB42)/4 -> 0
C43: =SUM(C11:C38) -> 14 | E43: =SUM(E11:E38) -> 14 | G43: =SUM(G11:G38) -> 22 | I43: =SUM(I11:I38) -> 25 | N43: =SUM(N11:N38) -> 5880 | O43: =N43*0.53 -> 3116.4 | P43: =O43*8.2658 -> 25759.539 | Q43: =SUM(Q11:Q38) -> 2492 | T43: =SUM(T11:T38) -> 2346 | W43: =SUM(W11:W38) -> 2750 | Z43: =SUM(Z11:Z38) -> 2694 | AC43: =SUM(AC11:AC38) -> 10282
Q44: =Q43+T43+W43+Z43 -> 10282 | AC44: =Q43+T43+W43+Z43 -> 10282
K46: Litre | L46: Kg | M46: DH
H47: Consommation du mois | K47: =N43 -> 5880 | L47: =O43 -> 3116.4 | M47: =P43 -> 25759.539
H48: Livraison du mois | K48: =AC43 -> 10282 | L48: =K48*0.53 -> 5449.46 | M48: =L48*8.2658 -> 45044.146

Sheet Suivi EAU-ELEC
C1: Suivi Compteur d'Eau- électricité RADEEMA -
D5: =SUM(C16:C45) -> 2481
A7: Date | B7: Eau m3 | D7: Electricité Kw/h
B8: Compteur | C8: Consommation | D8: Compteur H.Creuse | E8: Consommation H.Creuse | F8: Compteur H.Pleine | G8: Consommation H.Pleine | H8: Compteur H.Pointe | I8: Consommation H.Pointe
A9: 44221 | B9: 1893 | C9: =IF(B10<B9,0,B10-B9) -> 406 | D9: 19006470 | E9: =IF(D10<D9,0,D10-D9) -> 3048 | F9: 34032290 | G9: =IF(F10<F9,0,F10-F9) -> 4845 | H9: 15074377 | I9: =IF(H10<H9,0,H10-H9) -> 2102
A10: =(A9+1) -> 44222 | B10: 2299 | C10: =IF(B11<B10,0,B11-B10) -> 295 | D10: 19009518 | E10: =IF(D11<D10,0,D11-D10) -> 3534 | F10: 34037135 | G10: =IF(F11<F10,0,F11-F10) -> 4778 | H10: 15076479 | I10: =IF(H11<H10,0,H11-H10) -> 2076
A11: =(A10+1) -> 44223 | B11: 2594 | C11: =IF(B12<B11,0,B12-B11) -> 284 | D11: 19013052 | E11: =IF(D12<D11,0,D12-D11) -> 3274 | F11: 34041913 | G11: =IF(F12<F11,0,F12-F11) -> 5706 | H11: 15078555 | I11: =IF(H12<H11,0,H12-H11) -> 2466
A12: =(A11+1) -> 44224 | B12: 2878 | C12: =IF(B13<B12,0,B13-B12) -> 233 | D12: 19016326 | E12: =IF(D13<D12,0,D13-D12) -> 3755 | F12: 34047619 | G12: =IF(F13<F12,0,F13-F12) -> 5364 | H12: 15081021 | I12: =IF(H13<H12,0,H13-H12) -> 2415
A13: =(A12+1) -> 44225 | B13: 3111 | C13: =IF(B14<B13,0,B14-B13) -> 455 | D13: 19020081 | E13: =IF(D14<D13,0,D14-D13) -> 3801 | F13: 34052983 | G13: =IF(F14<F13,0,F14-F13) -> 5658 | H13: 15083436 | I13: =IF(H14<H13,0,H14-H13) -> 2670
A14: =(A13+1) -> 44226 | B14: 3566 | C14: =IF(B15<B14,0,B15-B14) -> 250 | D14: 19023882 | E14: =IF(D15<D14,0,D15-D14) -> 3232 | F14: 34058641 | G14: =IF(F15<F14,0,F15-F14) -> 5083 | H14: 15086106 | I14: =IF(H15<H14,0,H15-H14) -> 2216
A15: =(A14+1) -> 44227 | B15: 3816 | C15: =IF(B16<B15,0,B16-B15) -> 212 | D15: 19027114 | E15: =IF(D16<D15,0,D16-D15) -> 3162 | F15: 34063724 | G15: =IF(F16<F15,0,F16-F15) -> 4664 | H15: 15088322 | I15: =IF(H16<H15,0,H16-H15) -> 2222
A16: =(A15+1) -> 44228 | B16: 4028 | C16: =IF(B17<B16,0,B17-B16) -> 175 | D16: 19030276 | E16: =IF(D17<D16,0,D17-D16) -> 3461 | F16: 34068388 | G16: =IF(F17<F16,0,F17-F16) -> 4700 | H16: 15090544 | I16: =IF(H17<H16,0,H17-H16) -> 2184
A17: =(A16+1) -> 44229 | B17: 4203 | C17: =IF(B18<B17,0,B18-B17) -> 407 | D17: 19033737 | E17: =IF(D18<D17,0,D18-D17) -> 2875 | F17: 34073088 | G17: =IF(F18<F17,0,F18-F17) -> 4572 | H17: 15092728 | I17: =IF(H18<H17,0,H18-H17) -> 1964
A18: =(A17+1) -> 44230 | B18: 4610 | C18: =IF(B19<B18,0,B19-B18) -> 200 | D18: 19036612 | E18: =IF(D19<D18,0,D19-D18) -> 3354 | F18: 34077660 | G18: =IF(F19<F18,0,F19-F18) -> 4994 | H18: 15094692 | I18: =IF(H19<H18,0,H19-H18) -> 2078
A19: =(A18+1) -> 44231 | B19: 4810 | C19: =IF(B20<B19,0,B20-B19) -> 188 | D19: 19039966 | E19: =IF(D20<D19,0,D20-D19) -> 3313 | F19: 34082654 | G19: =IF(F20<F19,0,F20-F19) -> 5166 | H19: 15096770 | I19: =IF(H20<H19,0,H20-H19) -> 2046
A20: =(A19+1) -> 44232 | B20: 4998 | C20: =IF(B21<B20,0,B21-B20) -> 438 | D20: 19043279 | E20: =IF(D21<D20,0,D21-D20) -> 3150 | F20: 34087820 | G20: =IF(F21<F20,0,F21-F20) -> 4709 | H20: 15098816 | I20: =IF(H21<H20,0,H21-H20) -> 2005
A21: =(A20+1) -> 44233 | B21: 5436 | C21: =IF(B22<B21,0,B22-B21) -> 188 | D21: 19046429 | E21: =IF(D22<D21,0,D22-D21) -> 3145 | F21: 34092529 | G21: =IF(F22<F21,0,F22-F21) -> 4868 | H21: 15100821 | I21: =IF(H22<H21,0,H22-H21) -> 2051
... A25: =(A24+1) -> 44237 | B25: 6509 | C25: =IF(B26<B25,0,B26-B25) -> 0 | D25: 19058908 | E25: =IF(D26<D25,0,D26-D25) -> 0 | F25: 34111634 | G25: =IF(F26<F25,0,F26-F25) -> 0 | H25: 15108745 | I25: =IF(H26<H25,0,H26-H25) -> 0
A26: =(A25+1) -> 44238 | C26: =IF(B27<B26,0,B27-B26) -> 0 | E26: =IF(D27<D26,0,D27-D26) -> 0 | G26: =IF(F27<F26,0,F27-F26) -> 0 | I26: =IF(H27<H26,0,H27-H26) -> 0
A27: =(A26+1) -> 44239 | C27: =IF(B28<B27,0,B28-B27) -> 0 | E27: =IF(D28<D27,0,D28-D27) -> 0 | G27: =IF(F28<F27,0,F28-F27) -> 0 | I27: =IF(H28<H27,0,H28-H27) -> 0
A28: =(A27+1) -> 44240 | C28: =IF(B29<B28,0,B29-B28) -> 0 | E28: =IF(D29<D28,0,D29-D28) -> 0 | G28: =IF(F29<F28,0,F29-F28) -> 0 | I28: =IF(H29<H28,0,H29-H28) -> 0
A29: =(A28+1) -> 44241 | C29: =IF(B30<B29,0,B30-B29) -> 0 | E29: =IF(D30<D29,0,D30-D29) -> 0 | G29: =IF(F30<F29,0,F30-F29) -> 0 | I29: =IF(H30<H29,0,H30-H29) -> 0
A30: =(A29+1) -> 44242 | C30: =IF(B31<B30,0,B31-B30) -> 0 | E30: =IF(D31<D30,0,D31-D30) -> 0 | G30: =IF(F31<F30,0,F31-F30) -> 0 | I30: =IF(H31<H30,0,H31-H30) -> 0
A31: =(A30+1) -> 44243 | C31: =IF(B32<B31,0,B32-B31) -> 0 | E31: =IF(D32<D31,0,D32-D31) -> 0 | G31: =IF(F32<F31,0,F32-F31) -> 0 | I31: =IF(H32<H31,0,H32-H31) -> 0
A32: =(A31+1) -> 44244 | C32: =IF(B33<B32,0,B33-B32) -> 0 | E32: =IF(D33<D32,0,D33-D32) -> 0 | G32: =IF(F33<F32,0,F33-F32) -> 0 | I32: =IF(H33<H32,0,H33-H32) -> 0
A33: =(A32+1) -> 44245 | C33: =IF(B34<B33,0,B34-B33) -> 0 | E33: =IF(D34<D33,0,D34-D33) -> 0 | G33: =IF(F34<F33,0,F34-F33) -> 0 | I33: =IF(H34<H33,0,H34-H33) -> 0
A34: =(A33+1) -> 44246 | C34: =IF(B35<B34,0,B35-B34) -> 0 | E34: =IF(D35<D34,0,D35-D34) -> 0 | G34: =IF(F35<F34,0,F35-F34) -> 0 | I34: =IF(H35<H34,0,H35-H34) -> 0
A35: =(A34+1) -> 44247 | C35: =IF(B36<B35,0,B36-B35) -> 0 | E35: =IF(D36<D35,0,D36-D35) -> 0 | G35: =IF(F36<F35,0,F36-F35) -> 0 | I35: =IF(H36<H35,0,H36-H35) -> 0
A36: =(A35+1) -> 44248 | C36: =IF(B37<B36,0,B37-B36) -> 0 | E36: =IF(D37<D36,0,D37-D36) -> 0 | G36: =IF(F37<F36,0,F37-F36) -> 0 | I36: =IF(H37<H36,0,H37-H36) -> 0
A37: =(A36+1) -> 44249 | C37: =IF(B38<B37,0,B38-B37) -> 0 | E37: =IF(D38<D37,0,D38-D37) -> 0 | G37: =IF(F38<F37,0,F38-F37) -> 0 | I37: =IF(H38<H37,0,H38-H37) -> 0
... A47: =(A46+1) -> 44259 | C47: =IF(B48<B47,0,B48-B47) -> 0 | E47: =IF(D48<D47,0,D48-D47) -> 0 | G47: =IF(F48<F47,0,F48-F47) -> 0 | I47: =IF(H48<H47,0,H48-H47) -> 0
C48: =SUM(C16:C43) -> 2481 | E48: =SUM(E16:E43) -> 28632 | G48: =SUM(G16:G43) -> 43246 | I48: =SUM(I16:I43) -> 18201

Sheet Feuil1
