Workbook

Sheet TOTAL
A1: Site Name | B1: Day | C1: Month | D1: Year | E1: Total Electricity Kwh | F1: Electricity Tariff ($/Kwh) | G1: Natual Gas (m3) | H1: Natural Gas $/m3 | I1: Water Utility Supply (m3) m3 | J1: Water Utility Supply (m3) $/m3 | K1: Room Nights | L1: Total Guests | M1: Utilities day cost dh
A2: Mumbai | B2: 1 | C2: 1 | D2: 2021 | E2: ='Daily HLP'!I4 -> 19291 | F2: ='Daily HLP'!J4 -> 9 | G2: ='Daily HLP'!M4 -> 797.95 | H2: 44 | I2: ='Daily HLP'!P4 -> 171 | J2: 100 | K2: =Occupancy!G2 -> 91 | L2: =Occupancy!F2 -> 327 | M2: =E2*F2+G2*H2+#REF!*#REF!+I2*J2 -> #REF!
A3: Mumbai | B3: =B2+1 -> 2 | C3: 1 | D3: 2021 | E3: ='Daily HLP'!I5 -> 19381 | F3: =F2 -> 9 | G3: ='Daily HLP'!M5 -> 860.9 | H3: 44 | I3: ='Daily HLP'!P5 -> 171 | J3: 100 | K3: =Occupancy!G3 -> 120 | L3: =Occupancy!F3 -> 310 | M3: =E3*F3+G3*H3+#REF!*#REF!+I3*J3 -> #REF!
A4: Mumbai | B4: =B3+1 -> 3 | C4: 1 | D4: 2021 | E4: ='Daily HLP'!I6 -> 19375 | F4: =F3 -> 9 | G4: ='Daily HLP'!M6 -> 873 | H4: 44 | I4: ='Daily HLP'!P6 -> 161 | J4: 100 | K4: =Occupancy!G4 -> 112 | L4: =Occupancy!F4 -> 386 | M4: =E4*F4+G4*H4+#REF!*#REF!+I4*J4 -> #REF!
A5: Mumbai | B5: =B4+1 -> 4 | C5: 1 | D5: 2021 | E5: ='Daily HLP'!I7 -> 18251 | F5: =F4 -> 9 | G5: ='Daily HLP'!M7 -> 796 | H5: 44 | I5: ='Daily HLP'!P7 -> 150 | J5: 100 | K5: =Occupancy!G5 -> 112 | L5: =Occupancy!F5 -> 558 | M5: =E5*F5+G5*H5+#REF!*#REF!+I5*J5 -> #REF!
A6: Mumbai | B6: =B5+1 -> 5 | C6: 1 | D6: 2021 | E6: ='Daily HLP'!I8 -> 18524 | F6: =F5 -> 9 | G6: ='Daily HLP'!M8 -> 778 | H6: 44 | I6: ='Daily HLP'!P8 -> 181 | J6: 100 | K6: =Occupancy!G6 -> 105 | L6: =Occupancy!F6 -> 416 | M6: =E6*F6+G6*H6+#REF!*#REF!+I6*J6 -> #REF!
A7: Mumbai | B7: =B6+1 -> 6 | C7: 1 | D7: 2021 | E7: ='Daily HLP'!I9 -> 19190 | F7: =F6 -> 9 | G7: ='Daily HLP'!M9 -> 814 | H7: 44 | I7: ='Daily HLP'!P9 -> 271 | J7: 100 | K7: =Occupancy!G7 -> 150 | L7: =Occupancy!F7 -> 582 | M7: =E7*F7+G7*H7+#REF!*#REF!+I7*J7 -> #REF!
A8: Mumbai | B8: =B7+1 -> 7 | C8: 1 | D8: 2021 | E8: ='Daily HLP'!I10 -> 18255 | F8: =F7 -> 9 | G8: ='Daily HLP'!M10 -> 844.45 | H8: 44 | I8: ='Daily HLP'!P10 -> 212 | J8: 100 | K8: =Occupancy!G8 -> 107 | L8: =Occupancy!F8 -> 437 | M8: =E8*F8+G8*H8+#REF!*#REF!+I8*J8 -> #REF!
A9: Mumbai | B9: =B8+1 -> 8 | C9: 1 | D9: 2021 | E9: ='Daily HLP'!I11 -> 15387 | F9: =F8 -> 9 | G9: ='Daily HLP'!M11 -> 816.28 | H9: 44 | I9: ='Daily HLP'!P11 -> 211 | J9: 100 | K9: =Occupancy!G9 -> 120 | L9: =Occupancy!F9 -> 355 | M9: =E9*F9+G9*H9+#REF!*#REF!+I9*J9 -> #REF!
A10: Mumbai | B10: =B9+1 -> 9 | C10: 1 | D10: 2021 | E10: ='Daily HLP'!I12 -> 18397 | F10: =F9 -> 9 | G10: ='Daily HLP'!M12 -> 637.05 | H10: 44 | I10: ='Daily HLP'!P12 -> 192 | J10: 100 | K10: =Occupancy!G10 -> 125 | L10: =Occupancy!F10 -> 382 | M10: =E10*F10+G10*H10+#REF!*#REF!+I10*J10 -> #REF!
A11: Mumbai | B11: =B10+1 -> 10 | C11: 1 | D11: 2021 | E11: ='Daily HLP'!I13 -> 18869 | F11: =F10 -> 9 | G11: ='Daily HLP'!M13 -> 899.1 | H11: 44 | I11: ='Daily HLP'!P13 -> 250 | J11: 100 | K11: =Occupancy!G11 -> 142 | L11: =Occupancy!F11 -> 434 | M11: =E11*F11+G11*H11+#REF!*#REF!+I11*J11 -> #REF!
A12: Mumbai | B12: =B11+1 -> 11 | C12: 1 | D12: 2021 | E12: ='Daily HLP'!I14 -> 18625 | F12: =F11 -> 9 | G12: ='Daily HLP'!M14 -> 887.12 | H12: 44 | I12: ='Daily HLP'!P14 -> 211 | J12: 100 | K12: =Occupancy!G12 -> 122 | L12: =Occupancy!F12 -> 309 | M12: =E12*F12+G12*H12+#REF!*#REF!+I12*J12 -> #REF!
A13: Mumbai | B13: =B12+1 -> 12 | C13: 1 | D13: 2021 | E13: ='Daily HLP'!I15 -> 19448 | F13: =F12 -> 9 | G13: ='Daily HLP'!M15 -> 914.918 | H13: 44 | I13: ='Daily HLP'!P15 -> 211 | J13: 100 | K13: =Occupancy!G13 -> 131 | L13: =Occupancy!F13 -> 505 | M13: =E13*F13+G13*H13+#REF!*#REF!+I13*J13 -> #REF!
A14: Mumbai | B14: =B13+1 -> 13 | C14: 1 | D14: 2021 | E14: ='Daily HLP'!I16 -> 20224 | F14: =F13 -> 9 | G14: ='Daily HLP'!M16 -> 1043.67 | H14: 44 | I14: ='Daily HLP'!P16 -> 272 | J14: 100 | K14: =Occupancy!G14 -> 195 | L14: =Occupancy!F14 -> 581 | M14: =E14*F14+G14*H14+#REF!*#REF!+I14*J14 -> #REF!
A15: Mumbai | B15: =B14+1 -> 14 | C15: 1 | D15: 2021 | E15: ='Daily HLP'!I17 -> 22577 | F15: =F14 -> 9 | G15: ='Daily HLP'!M17 -> 1135.493 | H15: 44 | I15: ='Daily HLP'!P17 -> 241 | J15: 100 | K15: =Occupancy!G15 -> 192 | L15: =Occupancy!F15 -> 1020 | M15: =E15*F15+G15*H15+#REF!*#REF!+I15*J15 -> #REF!
A16: Mumbai | B16: =B15+1 -> 15 | C16: 1 | D16: 2021 | E16: ='Daily HLP'!I18 -> 23207 | F16: =F15 -> 9 | G16: ='Daily HLP'!M18 -> 1235.289 | H16: 44 | I16: ='Daily HLP'!P18 -> 372 | J16: 100 | K16: =Occupancy!G16 -> 126 | L16: =Occupancy!#REF! -> #REF! | M16: =E16*F16+G16*H16+#REF!*#REF!+I16*J16 -> #REF!
A17: Mumbai | B17: =B16+1 -> 16 | C17: 1 | D17: 2021 | E17: ='Daily HLP'!I19 -> 20975 | F17: =F16 -> 9 | G17: ='Daily HLP'!M19 -> 1012.57 | H17: 44 | I17: ='Daily HLP'!P19 -> 250 | J17: 100 | K17: =Occupancy!G17 -> 120 | L17: =Occupancy!F16 -> 916 | M17: =E17*F17+G17*H17+#REF!*#REF!+I17*J17 -> #REF!
A18: Mumbai | B18: =B17+1 -> 17 | C18: 1 | D18: 2021 | E18: ='Daily HLP'!I20 -> 19571 | F18: =F17 -> 9 | G18: ='Daily HLP'!M20 -> 930.51 | H18: 44 | I18: ='Daily HLP'!P20 -> 191 | J18: 100 | K18: =Occupancy!G18 -> 91 | L18: =Occupancy!F17 -> 797 | M18: =E18*F18+G18*H18+#REF!*#REF!+I18*J18 -> #REF!
A19: Mumbai | B19: =B18+1 -> 18 | C19: 1 | D19: 2021 | E19: ='Daily HLP'!I21 -> 20195 | F19: =F18 -> 9 | G19: ='Daily HLP'!M21 -> 840.14 | H19: 44 | I19: ='Daily HLP'!P21 -> 167 | J19: 100 | K19: =Occupancy!G19 -> 91 | L19: =Occupancy!F18 -> 395 | M19: =E19*F19+G19*H19+#REF!*#REF!+I19*J19 -> #REF!
A20: Mumbai | B20: =B19+1 -> 19 | C20: 1 | D20: 2021 | E20: ='Daily HLP'!I22 -> 19578 | F20: =F19 -> 9 | G20: ='Daily HLP'!M22 -> 881.41 | H20: 44 | I20: ='Daily HLP'!P22 -> 190 | J20: 100 | K20: =Occupancy!G20 -> 0 | M20: =E20*F20+G20*H20+#REF!*#REF!+I20*J20 -> #REF!
A21: Mumbai | B21: =B20+1 -> 20 | C21: 1 | D21: 2021 | E21: ='Daily HLP'!I23 -> -579731 | F21: =F20 -> 9 | G21: ='Daily HLP'!M23 -> -25919 | H21: 44 | I21: ='Daily HLP'!P23 -> -1379 | J21: 100 | K21: =Occupancy!G21 -> 0 | M21: =E21*F21+G21*H21+#REF!*#REF!+I21*J21 -> #REF!
A22: Mumbai | B22: =B21+1 -> 21 | C22: 1 | D22: 2021 | E22: ='Daily HLP'!I24 -> 19415 | F22: =F21 -> 9 | G22: ='Daily HLP'!M24 -> 906.94 | H22: 44 | I22: ='Daily HLP'!P24 -> 179 | J22: 100 | K22: =Occupancy!G22 -> 0 | M22: =E22*F22+G22*H22+#REF!*#REF!+I22*J22 -> #REF!
A23: Mumbai | B23: =B22+1 -> 22 | C23: 1 | D23: 2021 | E23: ='Daily HLP'!I25 -> 19510 | F23: =F22 -> 9 | G23: ='Daily HLP'!M25 -> 904 | H23: 44 | I23: ='Daily HLP'!P25 -> 177 | J23: 100 | K23: =Occupancy!G23 -> 0 | M23: =E23*F23+G23*H23+#REF!*#REF!+I23*J23 -> #REF!
A24: Mumbai | B24: =B23+1 -> 23 | C24: 1 | D24: 2021 | E24: ='Daily HLP'!I26 -> 19709 | F24: =F23 -> 9 | G24: ='Daily HLP'!M26 -> 934.94 | H24: 44 | I24: ='Daily HLP'!P26 -> 203 | J24: 100 | K24: =Occupancy!G24 -> 0 | M24: =E24*F24+G24*H24+#REF!*#REF!+I24*J24 -> #REF!
A25: Mumbai | B25: =B24+1 -> 24 | C25: 1 | D25: 2021 | E25: ='Daily HLP'!I27 -> 19391 | F25: =F24 -> 9 | G25: ='Daily HLP'!M27 -> 748.12 | H25: 44 | I25: ='Daily HLP'!P27 -> 190 | J25: 100 | K25: =Occupancy!G25 -> 0 | M25: =E25*F25+G25*H25+#REF!*#REF!+I25*J25 -> #REF!
A26: Mumbai | B26: =B25+1 -> 25 | C26: 1 | D26: 2021 | E26: ='Daily HLP'!I28 -> 19169 | F26: =F25 -> 9 | G26: ='Daily HLP'!M28 -> 930.86 | H26: 44 | I26: ='Daily HLP'!P28 -> 183 | J26: 100 | K26: =Occupancy!G26 -> 0 | M26: =E26*F26+G26*H26+#REF!*#REF!+I26*J26 -> #REF!
A27: Mumbai | B27: =B26+1 -> 26 | C27: 1 | D27: 2021 | E27: ='Daily HLP'!I29 -> 18998 | F27: =F26 -> 9 | G27: ='Daily HLP'!M29 -> 855.14 | H27: 44 | I27: ='Daily HLP'!P29 -> 189 | J27: 100 | K27: =Occupancy!G27 -> 0 | M27: =E27*F27+G27*H27+#REF!*#REF!+I27*J27 -> #REF!
A28: Mumbai | B28: =B27+1 -> 27 | C28: 1 | D28: 2021 | E28: ='Daily HLP'!I30 -> 18736 | F28: =F27 -> 9 | G28: ='Daily HLP'!M30 -> 843.94 | H28: 44 | I28: ='Daily HLP'!P30 -> 174 | J28: 100 | K28: =Occupancy!G28 -> 0 | M28: =E28*F28+G28*H28+#REF!*#REF!+I28*J28 -> #REF!
A29: Mumbai | B29: =B28+1 -> 28 | C29: 1 | D29: 2021 | E29: ='Daily HLP'!I31 -> 19357 | F29: =F28 -> 9 | G29: ='Daily HLP'!M31 -> 434.06 | H29: 44 | I29: ='Daily HLP'!P31 -> 173 | J29: 100 | K29: =Occupancy!G29 -> 0 | M29: =E29*F29+G29*H29+#REF!*#REF!+I29*J29 -> #REF!
A30: Mumbai | B30: =B29+1 -> 29 | C30: 1 | D30: 2021 | E30: ='Daily HLP'!I32 -> 18748 | F30: =F29 -> 9 | G30: ='Daily HLP'!M32 -> 826.97 | H30: 44 | I30: ='Daily HLP'!P32 -> 151 | J30: 100 | K30: =Occupancy!G30 -> 0 | M30: =E30*F30+G30*H30+#REF!*#REF!+I30*J30 -> #REF!
A31: Mumbai | B31: =B30+1 -> 30 | C31: 1 | D31: 2021 | E31: ='Daily HLP'!I33 -> 18917 | F31: =F30 -> 9 | G31: ='Daily HLP'!M33 -> 667.76 | H31: 44 | I31: ='Daily HLP'!P33 -> 171 | J31: 100 | K31: =Occupancy!G31 -> 0 | L31: =Occupancy!F31 -> 0 | M31: =E31*F31+G31*H31+#REF!*#REF!+I31*J31 -> #REF!

Sheet Daily HLP
A2: Date | B2: Date | C2: Min.Tem (Degee) | D2: Avg.Temp (Degree) | E2: Hum % | F2: Occu. | G2: KWAH | I2: Electricity | M2: Gas | P2: Water | S2: Water per occiped room | T2: Diesel | W2: Water Consumption Zone | AA2: Chiller Running Hrs | AF2: Chiller Total | AG2: Chiller Avg. Laod | AH2: Boiler Running Hrs | AK2: Total boiler | AL2: Hot Water Generator | AO2: Total HWG RH | AP2: HWG Gas consumption | AQ2: Transformer -1 | BA2: Transformer -2 | BO2: Total HLP Cost | BQ2: Chiller lock at 70%
F3: % | H3: KVAH | I3: Units (Kwh) | J3: Rate | K3: Total Cost(Rs) | L3: Per room | M3: Total Units(CuM) | N3: Rate | O3: Total Cost(Rs) | P3: Units(KL) | Q3: Rate | R3: Total Cost(Rs) | T3: Ltrs | U3: Rate | V3: Total Cost(Rs) | W3: Zone-1 | X3: Zone-2 | Y3: Zone-3 | AA3: CH1 | AB3: CH2 | AC3: CH3 | AD3: CH4 | AE3: Total chiller | AH3: Boiler1 | AI3: Boiler2 | AJ3: Boiler3 | AL3: HWG1 | AM3: HWG2 | AQ3: HVAC-1 | AR3: FPP-1 | AS3: MPP | AT3: Lighting-1 | AU3: Cap bank 1100KVAR-1 | AV3: CH-1 | AW3: CH-2 | AX3: Chilled water Pump | AY3: Co Generator | AZ3: Ball Room-2 | BA3: HVAC-2 | BB3: FPP-2 | BC3: MPP | BD3: Lighting-2 | BE3: Cap bank 1200KVAR-2 | BF3: CH-3 | BG3: CH-4 | BH3: Chilled water Pump | BI3: Ball Room-1 | BK3: Cooling Tower consumption | BL3: HVAC% | BM3: Lighting% | BN3: Power% | BP3: Chiller Plant IKW
A4: 1 | B4: 1 | D4: ='1'!D3 -> 25 | E4: ='1'!D4 -> 0.8 | F4: ='1'!D2 -> 0.47 | G4: ='1'!G8 -> 19474 | H4: ='1'!G8 -> 19474 | I4: ='1'!G7 -> 19291 | J4: ='1'!F27 -> 9 | K4: =H4*J4 -> 175266 | L4: =I4/202 -> 95.5 | M4: ='1'!G15 -> 797.95 | N4: 35 | O4: =M4*N4 -> 27928.25 | P4: ='1'!G20 -> 171 | Q4: 134 | R4: =P4*Q4 -> 22914 | S4: =P4/(F4*202/100) -> 180.11376 | T4: ='1'!G24 -> 0 | U4: 69 | V4: =T4*U4 -> 0 | W4: ='1'!G95 -> 72 | X4: ='1'!G96 -> 23 | Y4: ='1'!G97 -> 18 | Z4: =W4+X4+Y4 -> 113 | AA4: ='1'!G132 -> 24.04 | AB4: ='1'!G133 -> 0 | AC4: ='1'!G134 -> 0 | AD4: ='1'!G135 -> 0 | AE4: =AA4+AB4+AC4+AD4 -> 24.04 | AF4: =AV4+AW4+BF4+BG4 -> 4366.51 | AG4: =AF4/AE4 -> 181.63519 | AH4: ='1'!G136 -> 7.89 | AI4: ='1'!G137 -> 0.4 | AJ4: ='1'!G138 -> 0 | AK4: =AH4+AI4+AJ4 -> 8.29 | AL4: ='1'!G139 -> 7.95 | AM4: ='1'!G140 -> 0 | AO4: =AL4+AM4 -> 7.95 | AP4: ='1'!G123 -> 270.38 | AQ4: ='1'!G35 -> 0 | AR4: ='1'!G37 -> 0 | AS4: ='1'!G38 -> 0 | AT4: ='1'!G39 -> 0 | AU4: ='1'!G40 -> 0 | AV4: ='1'!G41 -> 4365.99 | AW4: ='1'!G42 -> 0 | AX4: ='1'!G43 -> 2272.96 | AY4: ='1'!G44 -> 0 | AZ4: ='1'!G36 -> 555.2 | BA4: ='1'!G49 -> 2996.04 | BB4: ='1'!G51 -> 1437.83 | BC4: ='1'!G52 -> 2015.04 | BD4: ='1'!G53 -> 4103.76 | BE4: ='1'!G54 -> 40.32 | BF4: ='1'!G55 -> 0 | BG4: ='1'!G56 -> 0.52 | BH4: ='1'!G57 -> 0 | BI4: ='1'!G50 -> 1021.36 | BJ4: =SUM(AV4,AW4,BF4,BG4) -> 4366.51 | BK4: ='1'!G84 -> 521 | BL4: =SUM(AQ4,AV4,AW4,AX4,BA4,BF4,BG4,BH4)/I4% -> 49.948214 | BM4: =SUM(AT4,BD4)/I4% -> 21.272925 | BN4: =(AS4+BC4)/I4 -> 0.10445493 | BO4: =K4+O4+R4+V4 -> 226108.25 | BP4: =SUM(AV4,AW4,AX4,BF4,BG4,BH4,BK4) -> 7160.47 | BQ4: =BP4/(AE4*280) -> 1.0637732 | BR4: =SUM(AV4,AW4,BF4,BG4)/(AE4*400) -> 0.45408798
A5: 2 | B5: 2 | D5: ='2'!D3 -> 27 | E5: ='2'!D4 -> 0.75 | F5: ='2'!D2 -> 0.48 | G5: ='2'!G8 -> 19533 | H5: ='2'!G8 -> 19533 | I5: ='2'!G7 -> 19381 | J5: 10 | K5: =H5*J5 -> 195330 | L5: =I5/202 -> 95.945545 | M5: ='2'!G15 -> 860.9 | N5: 35 | O5: =M5*N5 -> 30131.5 | P5: ='2'!G20 -> 171 | Q5: 134 | R5: =P5*Q5 -> 22914 | S5: =P5/(F5*202/100) -> 176.36139 | T5: ='2'!G24 -> 0 | U5: 69 | V5: =T5*U5 -> 0 | W5: ='2'!G95 -> 70 | X5: ='2'!G96 -> 30 | Y5: ='2'!G97 -> 16 | Z5: =W5+X5+Y5 -> 116 | AA5: ='2'!G132 -> 23.52 | AB5: ='2'!G133 -> 0 | AC5: ='2'!G134 -> 0 | AD5: ='2'!G135 -> 0 | AE5: =AA5+AB5+AC5+AD5 -> 23.52 | AF5: =AV5+AW5+BF5+BG5 -> 4172.58 | AG5: =AF5/AE5 -> 177.40561 | AH5: ='2'!G136 -> 8.73 | AI5: ='2'!G137 -> 0.19 | AJ5: ='2'!G138 -> 0 | AK5: =AH5+AI5+AJ5 -> 8.92 | AL5: ='2'!G139 -> 7.63 | AM5: ='2'!G140 -> 0 | AO5: =AL5+AM5 -> 7.63 | AP5: ='2'!G123 -> 258.22 | AQ5: ='2'!G35 -> 0 | AR5: ='2'!G37 -> 0 | AS5: ='2'!G38 -> 0 | AT5: ='2'!G39 -> 0 | AU5: ='2'!G40 -> 0 | AV5: ='2'!G41 -> 4170.49 | AW5: ='2'!G42 -> 0.09 | AX5: ='2'!G43 -> 2260.13 | AY5: ='2'!G44 -> 0 | AZ5: ='2'!G36 -> 621.35 | BA5: ='2'!G49 -> 3058.91 | BB5: ='2'!G51 -> 1441.43 | BC5: ='2'!G52 -> 2022.29 | BD5: ='2'!G53 -> 4158.97 | BE5: ='2'!G54 -> 39.04 | BF5: ='2'!G55 -> 0 | BG5: ='2'!G56 -> 2 | BH5: ='2'!G57 -> 0 | BI5: ='2'!G50 -> 1036.33 | BJ5: =SUM(AV5,AW5,BF5,BG5) -> 4172.58 | BK5: ='2'!G84 -> 534 | BL5: =SUM(AQ5,AV5,AW5,AX5,BA5,BF5,BG5,BH5)/I5% -> 48.97384 | BM5: =SUM(AT5,BD5)/I5% -> 21.459006 | BN5: =(AS5+BC5)/I5 -> 0.10434395 | BO5: =K5+O5+R5+V5 -> 248375.5 | BP5: =SUM(AV5,AW5,AX5,BF5,BG5,BH5,BK5) -> 6966.71 | BQ5: =BP5/(AE5*280) -> 1.0578702
A6: 3 | B6: 3 | D6: ='3'!D3 -> 27 | E6: ='3'!D4 -> 0.75 | F6: ='3'!D2 -> 0.35 | G6: ='3'!G8 -> 19671 | H6: ='3'!G8 -> 19671 | I6: ='3'!G7 -> 19375 | J6: 10 | K6: =H6*J6 -> 196710 | L6: =I6/202 -> 95.915842 | M6: ='3'!G15 -> 873 | N6: 35 | O6: =M6*N6 -> 30555 | P6: ='3'!G20 -> 161 | Q6: 134 | R6: =P6*Q6 -> 21574 | S6: =P6/(F6*202/100) -> 227.72277 | T6: ='3'!G24 -> 0 | U6: 69 | V6: =T6*U6 -> 0 | W6: ='3'!G95 -> 64 | X6: ='3'!G96 -> 36 | Y6: ='3'!G97 -> 31 | Z6: =W6+X6+Y6 -> 131 | AA6: ='3'!G132 -> 24 | AB6: ='3'!G133 -> 0 | AC6: ='3'!G134 -> 0 | AD6: ='3'!G135 -> 0 | AE6: =AA6+AB6+AC6+AD6 -> 24 | AF6: =AV6+AW6+BF6+BG6 -> 4011 | AG6: =AF6/AE6 -> 167.125 | AH6: ='3'!G136 -> 3.42 | AI6: ='3'!G137 -> 4.47 | AJ6: ='3'!G138 -> 0 | AK6: =AH6+AI6+AJ6 -> 7.89 | AL6: ='3'!G139 -> 7.78 | AM6: ='3'!G140 -> 0 | AO6: =AL6+AM6 -> 7.78 | AP6: ='3'!G123 -> 265 | AQ6: ='3'!G35 -> 2568.33 | AR6: ='3'!G37 -> 0 | AS6: ='3'!G38 -> 0 | AT6: ='3'!G39 -> 0 | AU6: ='3'!G40 -> 0 | AV6: ='3'!G41 -> 4011 | AW6: ='3'!G42 -> 0 | AX6: ='3'!G43 -> 2293 | AY6: ='3'!G44 -> 0 | AZ6: ='3'!G36 -> 784 | BA6: ='3'!G49 -> 14 | BB6: ='3'!G51 -> 1532 | BC6: ='3'!G52 -> 1949 | BD6: ='3'!G53 -> 4269 | BE6: ='3'!G54 -> 15 | BF6: ='3'!G55 -> 0 | BG6: ='3'!G56 -> 0 | BH6: ='3'!G57 -> 0 | BI6: ='3'!G50 -> 1386 | BJ6: =SUM(AV6,AW6,BF6,BG6) -> 4011 | BK6: ='3'!G84 -> 457 | BL6: =SUM(AQ6,AV6,AW6,AX6,BA6,BF6,BG6,BH6)/I6% -> 45.864929 | BM6: =SUM(AT6,BD6)/I6% -> 22.033548 | BN6: =(AS6+BC6)/I6 -> 0.10059355 | BO6: =K6+O6+R6+V6 -> 248839 | BP6: =SUM(AV6,AW6,AX6,BF6,BG6,BH6,BK6) -> 6761 | BQ6: =BP6/(AE6*280) -> 1.0061012
A7: 4 | B7: 4 | D7: ='4'!D3 -> 28 | E7: ='4'!D4 -> 0.75 | F7: ='4'!D2 -> 0.38 | G7: ='4'!G8 -> 18753 | H7: ='4'!G8 -> 18753 | I7: ='4'!G7 -> 18251 | J7: 10 | K7: =H7*J7 -> 187530 | L7: =I7/202 -> 90.351485 | M7: ='4'!G15 -> 796 | N7: 35 | O7: =M7*N7 -> 27860 | P7: ='4'!G20 -> 150 | Q7: 134 | R7: =P7*Q7 -> 20100 | S7: =P7/(F7*202/100) -> 195.41428 | T7: ='4'!G24 -> 380 | U7: 69 | V7: =T7*U7 -> 26220 | W7: ='4'!G95 -> 78 | X7: ='4'!G96 -> 35 | Y7: ='4'!G97 -> 45 | Z7: =W7+X7+Y7 -> 158 | AA7: ='4'!G132 -> 12 | AB7: ='4'!G133 -> 0 | AC7: ='4'!G134 -> 12 | AD7: ='4'!G135 -> 0 | AE7: =AA7+AB7+AC7+AD7 -> 24 | AF7: =AV7+AW7+BF7+BG7 -> 3732.9 | AG7: =AF7/AE7 -> 155.5375 | AH7: ='4'!G136 -> 5.23 | AI7: ='4'!G137 -> 2.17 | AJ7: ='4'!G138 -> 0 | AK7: =AH7+AI7+AJ7 -> 7.4 | AL7: ='4'!G139 -> 8.05 | AM7: ='4'!G140 -> 0 | AO7: =AL7+AM7 -> 8.05 | AP7: ='4'!G123 -> 275 | AQ7: ='4'!G35 -> 2607 | AR7: ='4'!G37 -> 1302 | AS7: ='4'!G38 -> 806.12 | AT7: ='4'!G39 -> 3521 | AU7: ='4'!G40 -> 0 | AV7: ='4'!G41 -> 1445 | AW7: ='4'!G42 -> -0.09 | AX7: ='4'!G43 -> 2251 | AY7: ='4'!G44 -> 0 | AZ7: ='4'!G36 -> 594 | BA7: ='4'!G49 -> 0 | BB7: ='4'!G51 -> 207 | BC7: ='4'!G52 -> 1105 | BD7: ='4'!G53 -> 627 | BE7: ='4'!G54 -> 8 | BF7: ='4'!G55 -> 2283.42 | BG7: ='4'!G56 -> 4.57 | BH7: ='4'!G57 -> 0 | BI7: ='4'!G50 -> 1085 | BJ7: =SUM(AV7,AW7,BF7,BG7) -> 3732.9 | BK7: ='3'!G84 -> 457 | BL7: =SUM(AQ7,AV7,AW7,AX7,BA7,BF7,BG7,BH7)/I7% -> 47.070845 | BM7: =SUM(AT7,BD7)/I7% -> 22.727522 | BN7: =(AS7+BC7)/I7 -> 0.10471317 | BO7: =K7+O7+R7+V7 -> 261710 | BP7: =SUM(AV7,AW7,AX7,BF7,BG7,BH7,BK7) -> 6440.9 | BQ7: =BP7/(AE7*280) -> 0.95846726
A8: 5 | B8: 5 | D8: ='5'!D3 -> 27 | E8: ='5'!D4 -> 0.75 | F8: ='5'!D2 -> 0.42 | G8: ='5'!G8 -> 18596 | H8: ='5'!G8 -> 18596 | I8: ='5'!G7 -> 18524 | J8: 10 | K8: =H8*J8 -> 185960 | L8: =I8/202 -> 91.70297 | M8: ='5'!G15 -> 778 | N8: 35 | O8: =M8*N8 -> 27230 | P8: ='5'!G20 -> 181 | Q8: 134 | R8: =P8*Q8 -> 24254 | S8: =P8/(F8*202/100) -> 213.34276 | T8: ='5'!G24 -> 0 | U8: 69 | V8: =T8*U8 -> 0 | W8: ='5'!G95 -> 55 | X8: ='5'!G96 -> 23 | Y8: ='5'!G97 -> 40 | Z8: =W8+X8+Y8 -> 118 | AA8: ='5'!G132 -> 0 | AB8: ='5'!G133 -> 0 | AC8: ='5'!G134 -> 24 | AD8: ='5'!G135 -> 0 | AE8: =AA8+AB8+AC8+AD8 -> 24 | AF8: =AV8+AW8+BF8+BG8 -> 3652 | AG8: =AF8/AE8 -> 152.16667 | AH8: ='5'!G136 -> 5.99 | AI8: ='5'!G137 -> 0.61 | AJ8: ='5'!G138 -> 0 | AK8: =AH8+AI8+AJ8 -> 6.6 | AL8: ='5'!G139 -> 7.38 | AM8: ='5'!G140 -> 0 | AO8: =AL8+AM8 -> 7.38 | AP8: ='5'!G123 -> 269 | AQ8: ='5'!G35 -> 0 | AR8: ='5'!G37 -> 170 | AS8: ='5'!G38 -> 0 | AT8: ='5'!G39 -> 582 | AU8: ='5'!G40 -> 0 | AV8: ='5'!G41 -> 1 | AW8: ='5'!G42 -> 0 | AX8: ='5'!G43 -> 332 | AY8: ='5'!G44 -> 0 | AZ8: ='5'!G36 -> 564 | BA8: ='5'!G49 -> 2649 | BB8: ='5'!G51 -> 1288 | BC8: ='5'!G52 -> 2075 | BD8: ='5'!G53 -> 3646 | BE8: ='5'!G54 -> 75 | BF8: ='5'!G55 -> 3651 | BG8: ='5'!G56 -> 0 | BH8: ='5'!G57 -> 1933 | BI8: ='5'!G50 -> 1105 | BJ8: =SUM(AV8,AW8,BF8,BG8) -> 3652 | BK8: ='5'!G84 -> 467 | BL8: =SUM(AQ8,AV8,AW8,AX8,BA8,BF8,BG8,BH8)/I8% -> 46.242712 | BM8: =SUM(AT8,BD8)/I8% -> 22.824444 | BN8: =(AS8+BC8)/I8 -> 0.11201684 | BO8: =K8+O8+R8+V8 -> 237444 | BP8: =SUM(AV8,AW8,AX8,BF8,BG8,BH8,BK8) -> 6384 | BQ8: =BP8/(AE8*280) -> 0.95
A9: 6 | B9: 6 | D9: ='6'!D3 -> 27 | E9: ='6'!D4 -> 0.75 | F9: ='6'!D2 -> 0.36 | G9: ='6'!G8 -> 19282 | H9: ='6'!G8 -> 19282 | I9: ='6'!G7 -> 19190 | J9: 10 | K9: =H9*J9 -> 192820 | L9: =I9/202 -> 95 | M9: ='6'!G15 -> 814 | N9: 35 | O9: =M9*N9 -> 28490 | P9: ='6'!G20 -> 271 | Q9: 134 | R9: =P9*Q9 -> 36314 | S9: =P9/(F9*202/100) -> 372.66227 | T9: ='6'!G24 -> 0 | U9: 69 | V9: =T9*U9 -> 0 | W9: ='6'!G95 -> 61 | X9: ='6'!G96 -> 34 | Y9: ='6'!G97 -> 31 | Z9: =W9+X9+Y9 -> 126 | AA9: ='6'!G132 -> 0 | AB9: ='6'!G133 -> 0 | AC9: ='6'!G134 -> 24 | AD9: ='6'!G135 -> 0 | AE9: =AA9+AB9+AC9+AD9 -> 24 | AF9: =AV9+AW9+BF9+BG9 -> 3905 | AG9: =AF9/AE9 -> 162.70833 | AH9: ='6'!G136 -> 4.8 | AI9: ='6'!G137 -> 2.25 | AJ9: ='6'!G138 -> 0 | AK9: =AH9+AI9+AJ9 -> 7.05 | AL9: ='6'!G139 -> 8.99 | AM9: ='6'!G140 -> 0 | AO9: =AL9+AM9 -> 8.99 | AP9: ='6'!G123 -> 288 | AQ9: ='6'!G35 -> 0 | AR9: ='6'!G37 -> 0 | AS9: ='6'!G38 -> 0 | AT9: ='6'!G39 -> 0 | AU9: ='6'!G40 -> 0 | AV9: ='6'!G41 -> 0 | AW9: ='6'!G42 -> 0 | AX9: ='6'!G43 -> 0 | AY9: ='6'!G44 -> 0 | AZ9: ='6'!G36 -> 729 | BA9: ='6'!G49 -> 2648 | BB9: ='6'!G51 -> 1509 | BC9: ='6'!G52 -> 2000 | BD9: ='6'!G53 -> 4153 | BE9: ='6'!G54 -> 70 | BF9: ='6'!G55 -> 3905 | BG9: ='6'!G56 -> 0 | BH9: ='6'!G57 -> 2282 | BI9: ='6'!G50 -> 1480 | BJ9: =SUM(AV9,AW9,BF9,BG9) -> 3905 | BK9: ='6'!G84 -> 477 | BL9: =SUM(AQ9,AV9,AW9,AX9,BA9,BF9,BG9,BH9)/I9% -> 46.039604 | BM9: =SUM(AT9,BD9)/I9% -> 21.64148 | BN9: =(AS9+BC9)/I9 -> 0.10422095 | BO9: =K9+O9+R9+V9 -> 257624 | BP9: =SUM(AV9,AW9,AX9,BF9,BG9,BH9,BK9) -> 6664 | BQ9: =BP9/(AE9*280) -> 0.99166667
A10: 7 | B10: 7 | D10: ='7'!D3 -> 26 | E10: ='7'!D4 -> 0.78 | F10: ='7'!D2 -> 0.54 | G10: ='7'!G8 -> 18315 | H10: ='7'!G8 -> 18315 | I10: ='7'!G7 -> 18255 | J10: 10 | K10: =H10*J10 -> 183150 | L10: =I10/202 -> 90.371287 | M10: ='7'!G15 -> 844.45 | N10: 35 | O10: =M10*N10 -> 29555.75 | P10: ='7'!G20 -> 212 | Q10: 134 | R10: =P10*Q10 -> 28408 | S10: =P10/(F10*202/100) -> 194.35277 | T10: ='7'!G24 -> 0 | U10: 69 | V10: =T10*U10 -> 0 | W10: ='7'!G95 -> 57 | X10: ='7'!G96 -> 43 | Y10: ='7'!G97 -> 23 | Z10: =W10+X10+Y10 -> 123 | AA10: ='7'!G132 -> 0 | AB10: ='7'!G133 -> 0 | AC10: ='7'!G134 -> 24 | AD10: ='7'!G135 -> 0 | AE10: =AA10+AB10+AC10+AD10 -> 24 | AF10: =AV10+AW10+BF10+BG10 -> 3495.98 | AG10: =AF10/AE10 -> 145.66583 | AH10: ='7'!G136 -> 7.92 | AI10: ='7'!G137 -> -0.03 | AJ10: ='7'!G138 -> 0 | AK10: =AH10+AI10+AJ10 -> 7.89 | AL10: ='7'!G139 -> 8.63 | AM10: ='7'!G140 -> 0 | AO10: =AL10+AM10 -> 8.63 | AP10: ='7'!G123 -> 296 | AQ10: ='7'!G35 -> 0 | AR10: ='7'!G37 -> 0 | AS10: ='7'!G38 -> 0 | AT10: ='7'!G39 -> 0 | AU10: ='7'!G40 -> 0 | AV10: ='7'!G41 -> 0 | AW10: ='7'!G42 -> 0 | AX10: ='7'!G43 -> 0 | AY10: ='7'!G44 -> 0 | AZ10: ='7'!G36 -> 577.81 | BA10: ='7'!G49 -> 2499.67 | BB10: ='7'!G51 -> 1427 | BC10: ='7'!G52 -> 2118 | BD10: ='7'!G53 -> 4176 | BE10: ='7'!G54 -> 71 | BF10: ='7'!G55 -> 3495.98 | BG10: ='7'!G56 -> 0 | BH10: ='7'!G57 -> 2319 | BI10: ='7'!G50 -> 1109 | BJ10: =SUM(AV10,AW10,BF10,BG10) -> 3495.98 | BK10: ='7'!G84 -> 466 | BL10: =SUM(AQ10,AV10,AW10,AX10,BA10,BF10,BG10,BH10)/I10% -> 45.547247 | BM10: =SUM(AT10,BD10)/I10% -> 22.875924 | BN10: =(AS10+BC10)/I10 -> 0.11602301 | BO10: =K10+O10+R10+V10 -> 241113.75 | BP10: =SUM(AV10,AW10,AX10,BF10,BG10,BH10,BK10) -> 6280.98 | BQ10: =BP10/(AE10*280) -> 0.93466964
A11: 8 | B11: 8 | D11: ='8'!D3 -> 25 | E11: ='8'!D4 -> 0.77 | F11: ='8'!D2 -> 0.63 | G11: ='8'!G8 -> 15437 | H11: ='8'!G8 -> 15437 | I11: ='8'!G7 -> 15387 | J11: 10 | K11: =H11*J11 -> 154370 | L11: =I11/202 -> 76.173267 | M11: ='8'!G15 -> 816.28 | N11: 35 | O11: =M11*N11 -> 28569.8 | P11: ='8'!G20 -> 211 | Q11: 134 | R11: =P11*Q11 -> 28274 | S11: =P11/(F11*202/100) -> 165.80229 | T11: ='8'!G24 -> 1970 | U11: 69 | V11: =T11*U11 -> 135930 | W11: ='8'!G95 -> 71 | X11: ='8'!G96 -> 51 | Y11: ='8'!G97 -> 20 | Z11: =W11+X11+Y11 -> 142 | AA11: ='8'!G132 -> 3.29 | AB11: ='8'!G133 -> 0 | AC11: ='8'!G134 -> 20.45 | AD11: ='8'!G135 -> 0 | AE11: =AA11+AB11+AC11+AD11 -> 23.74 | AF11: =AV11+AW11+BF11+BG11 -> 3857.89 | AG11: =AF11/AE11 -> 162.5059 | AH11: ='8'!G136 -> 8.63 | AI11: ='8'!G137 -> 0.03 | AJ11: ='8'!G138 -> 0 | AK11: =AH11+AI11+AJ11 -> 8.66 | AL11: ='8'!G139 -> 8 | AM11: ='8'!G140 -> 0 | AO11: =AL11+AM11 -> 8 | AP11: ='8'!G123 -> 274.98 | AQ11: ='8'!G35 -> 1550.91 | AR11: ='8'!G37 -> 667.27 | AS11: ='8'!G38 -> 1219.92 | AT11: ='8'!G39 -> 1747.78 | AU11: ='8'!G40 -> 0 | AV11: ='8'!G41 -> 643.87 | AW11: ='8'!G42 -> 0 | AX11: ='8'!G43 -> 1162.67 | AY11: ='8'!G44 -> 0 | AZ11: ='8'!G36 -> 628.6 | BA11: ='8'!G49 -> 967.33 | BB11: ='8'!G51 -> 1108.92 | BC11: ='8'!G52 -> 819.71 | BD11: ='8'!G53 -> 2422.51 | BE11: ='8'!G54 -> 60 | BF11: ='8'!G55 -> 3214.02 | BG11: ='8'!G56 -> 0 | BH11: ='8'!G57 -> 1177 | BI11: ='8'!G50 -> 1081 | BJ11: =SUM(AV11,AW11,BF11,BG11) -> 3857.89 | BK11: ='8'!G84 -> 476 | BL11: =SUM(AQ11,AV11,AW11,AX11,BA11,BF11,BG11,BH11)/I11% -> 56.64392 | BM11: =SUM(AT11,BD11)/I11% -> 27.102684 | BN11: =(AS11+BC11)/I11 -> 0.1325554 | BO11: =K11+O11+R11+V11 -> 347143.8 | BP11: =SUM(AV11,AW11,AX11,BF11,BG11,BH11,BK11) -> 6673.56 | BQ11: =BP11/(AE11*280) -> 1.0039656
A12: 9 | B12: 9 | D12: ='9'!D3 -> 25 | E12: ='9'!D4 -> 0.77 | F12: ='9'!D2 -> 0.65 | G12: ='9'!G8 -> 18453 | H12: ='9'!G8 -> 18453 | I12: ='9'!G7 -> 18397 | J12: 10 | K12: =H12*J12 -> 184530 | L12: =I12/202 -> 91.074257 | M12: ='9'!G15 -> 637.05 | N12: 35 | O12: =M12*N12 -> 22296.75 | P12: ='9'!G20 -> 192 | Q12: 134 | R12: =P12*Q12 -> 25728 | S12: =P12/(F12*202/100) -> 146.23001 | T12: ='9'!G24 -> 0 | U12: 69 | V12: =T12*U12 -> 0 | W12: ='9'!G95 -> 62 | X12: ='9'!G96 -> 40 | Y12: ='9'!G97 -> 29 | Z12: =W12+X12+Y12 -> 131 | AA12: ='9'!G132 -> 0 | AB12: ='9'!G133 -> 0 | AC12: ='9'!G134 -> 24.04 | AD12: ='9'!G135 -> 0 | AE12: =AA12+AB12+AC12+AD12 -> 24.04 | AF12: =AV12+AW12+BF12+BG12 -> 3536 | AG12: =AF12/AE12 -> 147.08819 | AH12: ='9'!G136 -> 0.25 | AI12: ='9'!G137 -> -0.03 | AJ12: ='9'!G138 -> 9.08 | AK12: =AH12+AI12+AJ12 -> 9.3 | AL12: ='9'!G139 -> 9 | AM12: ='9'!G140 -> 0 | AO12: =AL12+AM12 -> 9 | AP12: ='9'!G123 -> 310.02 | AQ12: ='9'!G35 -> 2513.92 | AR12: ='9'!G37 -> 1433.25 | AS12: ='9'!G38 -> 1896.54 | AT12: ='9'!G39 -> 4116.22 | AU12: ='9'!G40 -> 0 | AV12: ='9'!G41 -> 0 | AW12: ='9'!G42 -> 0 | AX12: ='9'!G43 -> 2539.33 | AY12: ='9'!G44 -> 0 | AZ12: ='9'!G36 -> 645.4 | BA12: ='9'!G49 -> 0 | BB12: ='9'!G51 -> 0 | BC12: ='9'!G52 -> 0 | BD12: ='9'!G53 -> 0 | BE12: ='9'!G54 -> 69.84 | BF12: ='9'!G55 -> 3536 | BG12: ='9'!G56 -> 0 | BH12: ='9'!G57 -> 0 | BI12: ='9'!G50 -> 1173 | BJ12: =SUM(AV12,AW12,BF12,BG12) -> 3536 | BK12: ='8'!G84 -> 476 | BL12: =SUM(AQ12,AV12,AW12,AX12,BA12,BF12,BG12,BH12)/I12% -> 46.688319 | BM12: =SUM(AT12,BD12)/I12% -> 22.374409 | BN12: =(AS12+BC12)/I12 -> 0.10308963 | BO12: =K12+O12+R12+V12 -> 232554.75 | BP12: =SUM(AV12,AW12,AX12,BF12,BG12,BH12,BK12) -> 6551.33 | BQ12: =BP12/(AE12*280) -> 0.97327817
A13: 10 | B13: 10 | D13: ='10'!D3 -> 25 | E13: ='10'!D4 -> 0.77 | F13: ='10'!D2 -> 0.72 | G13: ='10'!G8 -> 18938 | H13: ='10'!G8 -> 18938 | I13: ='10'!G7 -> 18869 | J13: 10 | K13: =H13*J13 -> 189380 | L13: =I13/202 -> 93.410891 | M13: ='10'!G15 -> 899.1 | N13: 35 | O13: =M13*N13 -> 31468.5 | P13: ='10'!G20 -> 250 | Q13: 134 | R13: =P13*Q13 -> 33500 | S13: =P13/(F13*202/100) -> 171.89219 | T13: ='10'!G24 -> 0 | U13: 69 | V13: =T13*U13 -> 0 | W13: ='10'!G95 -> 77 | X13: ='10'!G96 -> 40 | Y13: ='10'!G97 -> 46 | Z13: =W13+X13+Y13 -> 163 | AA13: ='10'!G132 -> 0 | AB13: ='10'!G133 -> 0 | AC13: ='10'!G134 -> 24.04 | AD13: ='10'!G135 -> 0 | AE13: =AA13+AB13+AC13+AD13 -> 24.04 | AF13: =AV13+AW13+BF13+BG13 -> 3867.4 | AG13: =AF13/AE13 -> 160.87354 | AH13: ='10'!G136 -> 8.62 | AI13: ='10'!G137 -> 0 | AJ13: ='10'!G138 -> 2.03 | AK13: =AH13+AI13+AJ13 -> 10.65 | AL13: ='10'!G139 -> 8.38 | AM13: ='10'!G140 -> 0 | AO13: =AL13+AM13 -> 8.38 | AP13: ='10'!G123 -> 286 | AQ13: ='10'!G35 -> 2661.17 | AR13: ='10'!G37 -> 1454.97 | AS13: ='10'!G38 -> 1901.54 | AT13: ='10'!G39 -> 4189.47 | AU13: ='10'!G40 -> 0 | AV13: ='10'!G41 -> 0 | AW13: ='10'!G42 -> 0 | AX13: ='10'!G43 -> 2548 | AY13: ='10'!G44 -> 0 | AZ13: ='10'!G36 -> 614.08 | BA13: ='10'!G49 -> 0 | BB13: ='10'!G51 -> 0 | BC13: ='10'!G52 -> 0 | BD13: ='10'!G53 -> 0 | BE13: ='10'!G54 -> 72.16 | BF13: ='10'!G55 -> 3867.4 | BG13: ='10'!G56 -> 0 | BH13: ='10'!G57 -> 0 | BI13: ='10'!G50 -> 1043 | BJ13: =SUM(AV13,AW13,BF13,BG13) -> 3867.4 | BK13: ='8'!G84 -> 476 | BL13: =SUM(AQ13,AV13,AW13,AX13,BA13,BF13,BG13,BH13)/I13% -> 48.103079 | BM13: =SUM(AT13,BD13)/I13% -> 22.202925 | BN13: =(AS13+BC13)/I13 -> 0.10077588 | BO13: =K13+O13+R13+V13 -> 254348.5 | BP13: =SUM(AV13,AW13,AX13,BF13,BG13,BH13,BK13) -> 6891.4 | BQ13: =BP13/(AE13*280) -> 1.0237996
A14: 11 | B14: 11 | D14: ='11'!D3 -> 24 | E14: ='11'!D4 -> 0.77 | F14: ='11'!D2 -> 0.64 | G14: ='11'!G8 -> 18689 | H14: ='11'!G8 -> 18689 | I14: ='11'!G7 -> 18625 | J14: 10 | K14: =H14*J14 -> 186890 | L14: =I14/202 -> 92.20297 | M14: ='11'!G15 -> 887.12 | N14: 35 | O14: =M14*N14 -> 31049.2 | P14: ='11'!G20 -> 211 | Q14: 134 | R14: =P14*Q14 -> 28274 | S14: =P14/(F14*202/100) -> 163.21163 | T14: ='11'!G24 -> 0 | U14: 69 | V14: =T14*U14 -> 0 | W14: ='11'!G95 -> 71 | X14: ='11'!G96 -> 49 | Y14: ='11'!G97 -> 23 | Z14: =W14+X14+Y14 -> 143 | AA14: ='11'!G132 -> 0 | AB14: ='11'!G133 -> 0 | AC14: ='11'!G134 -> 24.49 | AD14: ='11'!G135 -> 0 | AE14: =AA14+AB14+AC14+AD14 -> 24.49 | AF14: =AV14+AW14+BF14+BG14 -> 4051.6 | AG14: =AF14/AE14 -> 165.43895 | AH14: ='11'!G136 -> 7.84 | AI14: ='11'!G137 -> 0 | AJ14: ='11'!G138 -> 3 | AK14: =AH14+AI14+AJ14 -> 10.84 | AL14: ='11'!G139 -> 9.41 | AM14: ='11'!G140 -> 0 | AO14: =AL14+AM14 -> 9.41 | AP14: ='11'!G123 -> 302.86 | AQ14: ='11'!G35 -> 2358 | AR14: ='11'!G37 -> 1472.32 | AS14: ='11'!G38 -> 1831 | AT14: ='11'!G39 -> 4103.53 | AU14: ='11'!G40 -> 0 | AV14: ='11'!G41 -> 0 | AW14: ='11'!G42 -> 0 | AX14: ='11'!G43 -> 2543 | AY14: ='11'!G44 -> 0 | AZ14: ='11'!G36 -> 697.11 | BA14: ='11'!G49 -> 0 | BB14: ='11'!G51 -> 0 | BC14: ='11'!G52 -> 0 | BD14: ='11'!G53 -> 0 | BE14: ='11'!G54 -> 70.71 | BF14: ='11'!G55 -> 4051.6 | BG14: ='11'!G56 -> 0 | BH14: ='11'!G57 -> 0 | BI14: ='11'!G50 -> 1038.71 | BJ14: =SUM(AV14,AW14,BF14,BG14) -> 4051.6 | BK14: ='11'!G84 -> 447 | BL14: =SUM(AQ14,AV14,AW14,AX14,BA14,BF14,BG14,BH14)/I14% -> 48.067651 | BM14: =SUM(AT14,BD14)/I14% -> 22.032376 | BN14: =(AS14+BC14)/I14 -> 0.098308725 | BO14: =K14+O14+R14+V14 -> 246213.2 | BP14: =SUM(AV14,AW14,AX14,BF14,BG14,BH14,BK14) -> 7041.6 | BQ14: =BP14/(AE14*280) -> 1.0268914
A15: 12 | B15: 12 | D15: ='12'!D3 -> 24 | E15: ='12'!D4 -> 0.68 | F15: ='12'!D2 -> 0.72 | G15: ='12'!G8 -> 19531 | H15: ='12'!G8 -> 19531 | I15: ='12'!G7 -> 19448 | J15: 10 | K15: =H15*J15 -> 195310 | L15: =I15/202 -> 96.277228 | M15: ='12'!G15 -> 914.918 | N15: 35 | O15: =M15*N15 -> 32022.13 | P15: ='12'!G20 -> 211 | Q15: 134 | R15: =P15*Q15 -> 28274 | S15: =P15/(F15*202/100) -> 145.07701 | T15: ='12'!G24 -> 0 | U15: 69 | V15: =T15*U15 -> 0 | W15: ='12'!G95 -> 86 | X15: ='12'!G96 -> 38 | Y15: ='12'!G97 -> 27 | Z15: =W15+X15+Y15 -> 151 | AA15: ='12'!G132 -> 0 | AB15: ='12'!G133 -> 0 | AC15: ='12'!G134 -> 23.98 | AD15: ='12'!G135 -> 0 | AE15: =AA15+AB15+AC15+AD15 -> 23.98 | AF15: =AV15+AW15+BF15+BG15 -> 4885.574 | AG15: =AF15/AE15 -> 203.73536 | AH15: ='12'!G136 -> 8.86 | AI15: ='12'!G137 -> 0.03 | AJ15: ='12'!G138 -> 5.52 | AK15: =AH15+AI15+AJ15 -> 14.41 | AL15: ='12'!G139 -> 7.28 | AM15: ='12'!G140 -> -0.47 | AO15: =AL15+AM15 -> 6.81 | AP15: ='12'!G123 -> 274.02 | AQ15: ='12'!G35 -> 2406.95 | AR15: ='12'!G37 -> 1504.2 | AS15: ='12'!G38 -> 1990.94 | AT15: ='12'!G39 -> 4063.9 | AU15: ='12'!G40 -> -0.06 | AV15: ='12'!G41 -> 0 | AW15: ='12'!G42 -> 0.099 | AX15: ='12'!G43 -> 2400.03 | AY15: ='12'!G44 -> 0 | AZ15: ='12'!G36 -> 611.75 | BA15: ='12'!G49 -> 0.13 | BB15: ='12'!G51 -> 0 | BC15: ='12'!G52 -> 0 | BD15: ='12'!G53 -> 0 | BE15: ='12'!G54 -> 70.33 | BF15: ='12'!G55 -> 4885.475 | BG15: ='12'!G56 -> 0 | BH15: ='12'!G57 -> 0 | BI15: ='12'!G50 -> 1046.04 | BJ15: =SUM(AV15,AW15,BF15,BG15) -> 4885.574 | BK15: ='12'!G84 -> 348 | BL15: =SUM(AQ15,AV15,AW15,AX15,BA15,BF15,BG15,BH15)/I15% -> 49.838976 | BM15: =SUM(AT15,BD15)/I15% -> 20.896236 | BN15: =(AS15+BC15)/I15 -> 0.10237248 | BO15: =K15+O15+R15+V15 -> 255606.13 | BP15: =SUM(AV15,AW15,AX15,BF15,BG15,BH15,BK15) -> 7633.604 | BQ15: =BP15/(AE15*280) -> 1.1369004
A16: 13 | B16: 13 | D16: ='13'!D3 -> 26 | E16: ='13'!D4 -> 0.74 | F16: ='13'!D2 -> 0.71 | G16: ='13'!G8 -> 20296 | H16: ='13'!G8 -> 20296 | I16: ='13'!G7 -> 20224 | J16: 10 | K16: =H16*J16 -> 202960 | L16: =I16/202 -> 100.11881 | M16: ='13'!G15 -> 1043.67 | N16: 35 | O16: =M16*N16 -> 36528.45 | P16: ='13'!G20 -> 272 | Q16: 134 | R16: =P16*Q16 -> 36448 | S16: =P16/(F16*202/100) -> 189.65277 | T16: ='13'!G24 -> 0 | U16: 69 | V16: =T16*U16 -> 0 | W16: ='13'!G95 -> 88 | X16: ='13'!G96 -> 43 | Y16: ='13'!G97 -> 46 | Z16: =W16+X16+Y16 -> 177 | AA16: ='13'!G132 -> 0 | AB16: ='13'!G133 -> 0 | AC16: ='13'!G134 -> 24.08 | AD16: ='13'!G135 -> 0 | AE16: =AA16+AB16+AC16+AD16 -> 24.08 | AF16: =AV16+AW16+BF16+BG16 -> 4412.46 | AG16: =AF16/AE16 -> 183.24169 | AH16: ='13'!G136 -> 9.3 | AI16: ='13'!G137 -> 0 | AJ16: ='13'!G138 -> 2.97 | AK16: =AH16+AI16+AJ16 -> 12.27 | AL16: ='13'!G139 -> 8.51 | AM16: ='13'!G140 -> 0 | AO16: =AL16+AM16 -> 8.51 | AP16: ='13'!G123 -> 293.52 | AQ16: ='13'!G35 -> 2703.72 | AR16: ='13'!G37 -> 1599.92 | AS16: ='13'!G38 -> 2319.92 | AT16: ='13'!G39 -> 4383.8 | AU16: ='13'!G40 -> 0 | AV16: ='13'!G41 -> 0 | AW16: ='13'!G42 -> 0 | AX16: ='13'!G43 -> 2375.16 | AY16: ='13'!G44 -> 0 | AZ16: ='13'!G36 -> 685.58 | BA16: ='13'!G49 -> 0 | BB16: ='13'!G51 -> 0 | BC16: ='13'!G52 -> 0 | BD16: ='13'!G53 -> 0 | BE16: ='13'!G54 -> 71.44 | BF16: ='13'!G55 -> 4412.46 | BG16: ='13'!G56 -> 0 | BH16: ='13'!G57 -> 0.33 | BI16: ='13'!G50 -> 1132.16 | BJ16: =SUM(AV16,AW16,BF16,BG16) -> 4412.46 | BK16: ='13'!G84 -> 512 | BL16: =SUM(AQ16,AV16,AW16,AX16,BA16,BF16,BG16,BH16)/I16% -> 46.932704 | BM16: =SUM(AT16,BD16)/I16% -> 21.676226 | BN16: =(AS16+BC16)/I16 -> 0.11471123 | BO16: =K16+O16+R16+V16 -> 275936.45 | BP16: =SUM(AV16,AW16,AX16,BF16,BG16,BH16,BK16) -> 7299.95 | BQ16: =BP16/(AE16*280) -> 1.0826931
A17: 14 | B17: 14 | D17: ='14'!D3 -> 24 | E17: ='14'!D4 -> 0.64 | F17: ='14'!D2 -> 0.6683 | G17: ='14'!G8 -> 22679 | H17: ='14'!G8 -> 22679 | I17: ='14'!G7 -> 22577 | J17: 10 | K17: =H17*J17 -> 226790 | L17: =I17/202 -> 111.76733 | M17: ='14'!G15 -> 1135.493 | N17: 35 | O17: =M17*N17 -> 39742.255 | P17: ='14'!G20 -> 241 | Q17: 134 | R17: =P17*Q17 -> 32294 | S17: =P17/(F17*202/100) -> 178.52301 | T17: ='14'!G24 -> 0 | U17: 69 | V17: =T17*U17 -> 0 | W17: ='14'!G95 -> 121 | X17: ='14'!G96 -> 47 | Y17: ='14'!G97 -> 46 | Z17: =W17+X17+Y17 -> 214 | AA17: ='14'!G132 -> 0 | AB17: ='14'!G133 -> 0 | AC17: ='14'!G134 -> 24.17 | AD17: ='14'!G135 -> 0 | AE17: =AA17+AB17+AC17+AD17 -> 24.17 | AF17: =AV17+AW17+BF17+BG17 -> 5638.755 | AG17: =AF17/AE17 -> 233.29561 | AH17: ='14'!G136 -> 9.97 | AI17: ='14'!G137 -> 0 | AJ17: ='14'!G138 -> 7.41 | AK17: =AH17+AI17+AJ17 -> 17.38 | AL17: ='14'!G139 -> 8.95 | AM17: ='14'!G140 -> 0 | AO17: =AL17+AM17 -> 8.95 | AP17: ='14'!G123 -> 307.53 | AQ17: ='14'!G35 -> 2968.2 | AR17: ='14'!G37 -> 1580.23 | AS17: ='14'!G38 -> 2441.06 | AT17: ='14'!G39 -> 4655.14 | AU17: ='14'!G40 -> 0 | AV17: ='14'!G41 -> 0 | AW17: ='14'!G42 -> 0 | AX17: ='14'!G43 -> 2360.08 | AY17: ='14'!G44 -> 0 | AZ17: ='14'!G36 -> 864.62 | BA17: ='14'!G49 -> 0 | BB17: ='14'!G51 -> 0 | BC17: ='14'!G52 -> 0 | BD17: ='14'!G53 -> 0 | BE17: ='14'!G54 -> 71.36 | BF17: ='14'!G55 -> 5638.755 | BG17: ='14'!G56 -> 0 | BH17: ='14'!G57 -> 0 | BI17: ='14'!G50 -> 1369.28 | BJ17: =SUM(AV17,AW17,BF17,BG17) -> 5638.755 | BK17: ='14'!G84 -> 498 | BL17: =SUM(AQ17,AV17,AW17,AX17,BA17,BF17,BG17,BH17)/I17% -> 48.576139 | BM17: =SUM(AT17,BD17)/I17% -> 20.618948 | BN17: =(AS17+BC17)/I17 -> 0.10812154 | BO17: =K17+O17+R17+V17 -> 298826.26 | BP17: =SUM(AV17,AW17,AX17,BF17,BG17,BH17,BK17) -> 8496.835 | BQ17: =BP17/(AE17*280) -> 1.2555167
A18: 15 | B18: 15 | D18: ='15'!D3 -> 24 | E18: ='15'!D4 -> 0.64 | F18: ='15'!D2 -> 0.67 | G18: ='15'!G8 -> 23355 | H18: ='15'!G8 -> 23355 | I18: ='15'!G7 -> 23207 | J18: 10 | K18: =H18*J18 -> 233550 | L18: =I18/202 -> 114.88614 | M18: ='15'!G15 -> 1235.289 | N18: 35 | O18: =M18*N18 -> 43235.115 | P18: ='15'!G20 -> 372 | Q18: 134 | R18: =P18*Q18 -> 49848 | S18: =P18/(F18*202/100) -> 274.86331 | T18: ='15'!G24 -> 0 | U18: 69 | V18: =T18*U18 -> 0 | W18: ='15'!G95 -> 131 | X18: ='15'!G96 -> 25 | Y18: ='15'!G97 -> 35 | Z18: =W18+X18+Y18 -> 191 | AA18: ='15'!G132 -> 0 | AB18: ='15'!G133 -> 0 | AC18: ='15'!G134 -> 23.99 | AD18: ='15'!G135 -> 0 | AE18: =AA18+AB18+AC18+AD18 -> 23.99 | AF18: =AV18+AW18+BF18+BG18 -> 5582.971 | AG18: =AF18/AE18 -> 232.72076 | AH18: ='15'!G136 -> 10.5 | AI18: ='15'!G137 -> 4.26 | AJ18: ='15'!G138 -> 0.69 | AK18: =AH18+AI18+AJ18 -> 15.45 | AL18: ='15'!G139 -> 7.79 | AM18: ='15'!G140 -> 0 | AO18: =AL18+AM18 -> 7.79 | AP18: ='15'!G123 -> 276.41 | AQ18: ='15'!G35 -> 2919.76 | AR18: ='15'!G37 -> 1580.09 | AS18: ='15'!G38 -> 2468.9 | AT18: ='15'!G39 -> 4654.59 | AU18: ='15'!G40 -> 0 | AV18: ='15'!G41 -> 0 | AW18: ='15'!G42 -> -0.099 | AX18: ='15'!G43 -> 2346.16 | AY18: ='15'!G44 -> 0 | AZ18: ='15'!G36 -> 941.52 | BA18: ='15'!G49 -> 0 | BB18: ='15'!G51 -> 0 | BC18: ='15'!G52 -> 0 | BD18: ='15'!G53 -> 0 | BE18: ='15'!G54 -> 68.98 | BF18: ='15'!G55 -> 5532.32 | BG18: ='15'!G56 -> 50.75 | BH18: ='15'!G57 -> 0 | BI18: ='15'!G50 -> 1990 | BJ18: =SUM(AV18,AW18,BF18,BG18) -> 5582.971 | BK18: ='15'!G84 -> 536 | BL18: =SUM(AQ18,AV18,AW18,AX18,BA18,BF18,BG18,BH18)/I18% -> 46.748356 | BM18: =SUM(AT18,BD18)/I18% -> 20.056836 | BN18: =(AS18+BC18)/I18 -> 0.106386 | BO18: =K18+O18+R18+V18 -> 326633.12 | BP18: =SUM(AV18,AW18,AX18,BF18,BG18,BH18,BK18) -> 8465.131 | BQ18: =BP18/(AE18*280) -> 1.2602172
A19: 16 | B19: 16 | D19: ='16'!D3 -> 24 | E19: ='16'!D4 -> 0.64 | F19: ='16'!D2 -> 0.6345 | G19: ='16'!G8 -> 21087 | H19: ='16'!G8 -> 21087 | I19: ='16'!G7 -> 20975 | J19: 10 | K19: =H19*J19 -> 210870 | L19: =I19/202 -> 103.83663 | M19: ='16'!G15 -> 1012.57 | N19: 35 | O19: =M19*N19 -> 35439.95 | P19: ='16'!G20 -> 250 | Q19: 134 | R19: =P19*Q19 -> 33500 | S19: =P19/(F19*202/100) -> 195.05497 | T19: ='16'!G24 -> 0 | U19: 69 | V19: =T19*U19 -> 0 | W19: ='16'!G95 -> 97 | X19: ='16'!G96 -> 18 | Y19: ='16'!G97 -> 24 | Z19: =W19+X19+Y19 -> 139 | AA19: ='16'!G132 -> 0 | AB19: ='16'!G133 -> 0 | AC19: ='16'!G134 -> 24.07 | AD19: ='16'!G135 -> 0 | AE19: =AA19+AB19+AC19+AD19 -> 24.07 | AF19: =AV19+AW19+BF19+BG19 -> 4709.02 | AG19: =AF19/AE19 -> 195.63855 | AH19: ='16'!G136 -> 10.34 | AI19: ='16'!G137 -> 0 | AJ19: ='16'!G138 -> 4.59 | AK19: =AH19+AI19+AJ19 -> 14.93 | AL19: ='16'!G139 -> 7.89 | AM19: ='16'!G140 -> 0 | AO19: =AL19+AM19 -> 7.89 | AP19: ='16'!G123 -> 274.44 | AQ19: ='16'!G35 -> 3038.52 | AR19: ='16'!G37 -> 1517.11 | AS19: ='16'!G38 -> 2233.65 | AT19: ='16'!G39 -> 4228.12 | AU19: ='16'!G40 -> 0 | AV19: ='16'!G41 -> 0 | AW19: ='16'!G42 -> 0 | AX19: ='16'!G43 -> 2361.36 | AY19: ='16'!G44 -> 0 | AZ19: ='16'!G36 -> 957.28 | BA19: ='16'!G49 -> 0 | BB19: ='16'!G51 -> 0 | BC19: ='16'!G52 -> 0 | BD19: ='16'!G53 -> 0 | BE19: ='16'!G54 -> 69.78 | BF19: ='16'!G55 -> 4702.66 | BG19: ='16'!G56 -> 6.36 | BH19: ='16'!G57 -> 0 | BI19: ='16'!G50 -> 1255 | BJ19: =SUM(AV19,AW19,BF19,BG19) -> 4709.02 | BK19: ='16'!G84 -> 659 | BL19: =SUM(AQ19,AV19,AW19,AX19,BA19,BF19,BG19,BH19)/I19% -> 48.194994 | BM19: =SUM(AT19,BD19)/I19% -> 20.157902 | BN19: =(AS19+BC19)/I19 -> 0.10649106 | BO19: =K19+O19+R19+V19 -> 279809.95 | BP19: =SUM(AV19,AW19,AX19,BF19,BG19,BH19,BK19) -> 7729.38 | BQ19: =BP19/(AE19*280) -> 1.1468603
A20: 17 | B20: 17 | D20: ='17'!D3 -> 28 | E20: ='17'!D4 -> 0.8 | F20: ='17'!D2 -> 0.49 | G20: ='17'!G8 -> 19692 | H20: ='17'!G8 -> 19692 | I20: ='17'!G7 -> 19571 | J20: 10 | K20: =H20*J20 -> 196920 | L20: =I20/202 -> 96.886139 | M20: ='17'!G15 -> 930.51 | N20: 35 | O20: =M20*N20 -> 32567.85 | P20: ='17'!G20 -> 191 | Q20: 134 | R20: =P20*Q20 -> 25594 | S20: =P20/(F20*202/100) -> 192.96828 | T20: ='17'!G24 -> 0 | U20: 69 | V20: =T20*U20 -> 0 | W20: ='17'!G95 -> 72 | X20: ='17'!G96 -> 15 | Y20: ='17'!G97 -> 20 | Z20: =W20+X20+Y20 -> 107 | AA20: ='17'!G132 -> 12.1 | AB20: ='17'!G133 -> 0 | AC20: ='17'!G134 -> 12.06 | AD20: ='17'!G135 -> 0 | AE20: =AA20+AB20+AC20+AD20 -> 24.16 | AF20: =AV20+AW20+BF20+BG20 -> 4529.17 | AG20: =AF20/AE20 -> 187.46565 | AH20: ='17'!G136 -> 9.65 | AI20: ='17'!G137 -> 0 | AJ20: ='17'!G138 -> 4.31 | AK20: =AH20+AI20+AJ20 -> 13.96 | AL20: ='17'!G139 -> 7.47 | AM20: ='17'!G140 -> 0 | AO20: =AL20+AM20 -> 7.47 | AP20: ='17'!G123 -> 259.15 | AQ20: ='17'!G35 -> 2711.64 | AR20: ='17'!G37 -> 1476.62 | AS20: ='17'!G38 -> 2001.39 | AT20: ='17'!G39 -> 4187.63 | AU20: ='17'!G40 -> 0 | AV20: ='17'!G41 -> 2601.02 | AW20: ='17'!G42 -> 0 | AX20: ='17'!G43 -> 2334.8 | AY20: ='17'!G44 -> 0 | AZ20: ='17'!G36 -> 663 | BA20: ='17'!G49 -> 0 | BB20: ='17'!G51 -> 0 | BC20: ='17'!G52 -> 0 | BD20: ='17'!G53 -> 0 | BE20: ='17'!G54 -> 69.77 | BF20: ='17'!G55 -> 1921.75 | BG20: ='17'!G56 -> 6.4 | BH20: ='17'!G57 -> 0 | BI20: ='17'!G50 -> 1065.28 | BJ20: =SUM(AV20,AW20,BF20,BG20) -> 4529.17 | BK20: ='17'!G84 -> 482 | BL20: =SUM(AQ20,AV20,AW20,AX20,BA20,BF20,BG20,BH20)/I20% -> 48.927546 | BM20: =SUM(AT20,BD20)/I20% -> 21.397118 | BN20: =(AS20+BC20)/I20 -> 0.10226304 | BO20: =K20+O20+R20+V20 -> 255081.85 | BP20: =SUM(AV20,AW20,AX20,BF20,BG20,BH20,BK20) -> 7345.97 | BQ20: =BP20/(AE20*280) -> 1.0859109
A21: 18 | B21: 18 | D21: ='18'!D3 -> 29 | E21: ='18'!D4 -> 0.8 | F21: ='18'!D2 -> 0.46 | G21: ='18'!G8 -> 20349 | H21: ='18'!G8 -> 20349 | I21: ='18'!G7 -> 20195 | J21: 10 | K21: =H21*J21 -> 203490 | L21: =I21/202 -> 99.975248 | M21: ='18'!G15 -> 840.14 | N21: 35 | O21: =M21*N21 -> 29404.9 | P21: ='18'!G20 -> 167 | Q21: 134 | R21: =P21*Q21 -> 22378 | S21: =P21/(F21*202/100) -> 179.72449 | T21: ='18'!G24 -> 0 | U21: 69 | V21: =T21*U21 -> 0 | W21: ='18'!G95 -> 74 | X21: ='18'!G96 -> 16 | Y21: ='18'!G97 -> 17 | Z21: =W21+X21+Y21 -> 107 | AA21: ='18'!G132 -> 12.14 | AB21: ='18'!G133 -> 0.52 | AC21: ='18'!G134 -> 0.15 | AD21: ='18'!G135 -> 11.34 | AE21: =AA21+AB21+AC21+AD21 -> 24.15 | AF21: =AV21+AW21+BF21+BG21 -> 4586.87 | AG21: =AF21/AE21 -> 189.93251 | AH21: ='18'!G136 -> 5.66 | AI21: ='18'!G137 -> 2.27 | AJ21: ='18'!G138 -> 4.38 | AK21: =AH21+AI21+AJ21 -> 12.31 | AL21: ='18'!G139 -> 7.56 | AM21: ='18'!G140 -> 0 | AO21: =AL21+AM21 -> 7.56 | AP21: ='18'!G123 -> 260.41 | AQ21: ='18'!G35 -> 2740.16 | AR21: ='18'!G37 -> 1468.93 | AS21: ='18'!G38 -> 2050.54 | AT21: ='18'!G39 -> 4281.18 | AU21: ='18'!G40 -> 0 | AV21: ='18'!G41 -> 2021.48 | AW21: ='18'!G42 -> 202.85 | AX21: ='18'!G43 -> 2334.16 | AY21: ='18'!G44 -> 0 | AZ21: ='18'!G36 -> 883.8 | BA21: ='18'!G49 -> 0 | BB21: ='18'!G51 -> 0 | BC21: ='18'!G52 -> 0 | BD21: ='18'!G53 -> 0 | BE21: ='18'!G54 -> 70.03 | BF21: ='18'!G55 -> 51.98 | BG21: ='18'!G56 -> 2310.56 | BH21: ='18'!G57 -> 0 | BI21: ='18'!G50 -> 1128.56 | BJ21: =SUM(AV21,AW21,BF21,BG21) -> 4586.87 | BK21: ='18'!G84 -> 482 | BL21: =SUM(AQ21,AV21,AW21,AX21,BA21,BF21,BG21,BH21)/I21% -> 47.839515 | BM21: =SUM(AT21,BD21)/I21% -> 21.199208 | BN21: =(AS21+BC21)/I21 -> 0.10153701 | BO21: =K21+O21+R21+V21 -> 255272.9 | BP21: =SUM(AV21,AW21,AX21,BF21,BG21,BH21,BK21) -> 7403.03 | BQ21: =BP21/(AE21*280) -> 1.0947989
A22: 19 | B22: 19 | D22: ='19'!D3 -> 28 | E22: ='19'!D4 -> 0.75 | F22: ='19'!D2 -> 0.68 | G22: ='19'!G8 -> 19675 | H22: ='19'!G8 -> 19675 | I22: ='19'!G7 -> 19578 | J22: 10 | K22: =H22*J22 -> 196750 | L22: =I22/202 -> 96.920792 | M22: ='19'!G15 -> 881.41 | N22: 35 | O22: =M22*N22 -> 30849.35 | P22: ='19'!G20 -> 190 | Q22: 134 | R22: =P22*Q22 -> 25460 | S22: =P22/(F22*202/100) -> 138.32266 | T22: ='19'!G24 -> 0 | U22: 69 | V22: =T22*U22 -> 0 | W22: ='19'!G95 -> 79 | X22: ='19'!G96 -> 9 | Y22: ='19'!G97 -> 24 | Z22: =W22+X22+Y22 -> 112 | AA22: ='19'!G132 -> 0 | AB22: ='19'!G133 -> 0 | AC22: ='19'!G134 -> 0 | AD22: ='19'!G135 -> 23.66 | AE22: =AA22+AB22+AC22+AD22 -> 23.66 | AF22: =AV22+AW22+BF22+BG22 -> 4133.31 | AG22: =AF22/AE22 -> 174.69611 | AH22: ='19'!G136 -> 8.1 | AI22: ='19'!G137 -> 0 | AJ22: ='19'!G138 -> 2.84 | AK22: =AH22+AI22+AJ22 -> 10.94 | AL22: ='19'!G139 -> 6.97 | AM22: ='19'!G140 -> 0 | AO22: =AL22+AM22 -> 6.97 | AP22: ='19'!G123 -> 241.66 | AQ22: ='19'!G35 -> 2681.05 | AR22: ='19'!G37 -> 1478.09 | AS22: ='19'!G38 -> 1916.6 | AT22: ='19'!G39 -> 4162.64 | AU22: ='19'!G40 -> 0 | AV22: ='19'!G41 -> -0.37 | AW22: ='19'!G42 -> 0.15 | AX22: ='19'!G43 -> 2309.25 | AY22: ='19'!G44 -> 0 | AZ22: ='19'!G36 -> 664.45 | BA22: ='19'!G49 -> -0.13 | BB22: ='19'!G51 -> 0.08 | BC22: ='19'!G52 -> 0.29 | BD22: ='19'!G53 -> 0.49 | BE22: ='19'!G54 -> 68.6 | BF22: ='19'!G55 -> -0.4 | BG22: ='19'!G56 -> 4133.93 | BH22: ='19'!G57 -> -0.33 | BI22: ='19'!G50 -> 1435.97 | BJ22: =SUM(AV22,AW22,BF22,BG22) -> 4133.31 | BK22: ='19'!G84 -> 499 | BL22: =SUM(AQ22,AV22,AW22,AX22,BA22,BF22,BG22,BH22)/I22% -> 46.598989 | BM22: =SUM(AT22,BD22)/I22% -> 21.264327 | BN22: =(AS22+BC22)/I22 -> 0.09791041 | BO22: =K22+O22+R22+V22 -> 253059.35 | BP22: =SUM(AV22,AW22,AX22,BF22,BG22,BH22,BK22) -> 6941.23 | BQ22: =BP22/(AE22*280) -> 1.0477645
A23: 20 | B23: 20 | D23: ='20'!D3 -> 30 | E23: ='20'!D4 -> 0.81 | F23: ='20'!D2 -> 0.5 | G23: ='20'!G8 -> -584106 | H23: ='20'!G8 -> -584106 | I23: ='20'!G7 -> -579731 | J23: 10 | K23: =H23*J23 -> -5841060 | L23: =I23/202 -> -2869.9554 | M23: ='20'!G15 -> -25919 | N23: 35 | O23: =M23*N23 -> -907165 | P23: ='20'!G20 -> -1379 | Q23: 134 | R23: =P23*Q23 -> -184786 | S23: =P23/(F23*202/100) -> -1365.3465 | T23: ='20'!G24 -> 0 | U23: 69 | V23: =T23*U23 -> 0 | W23: ='20'!G95 -> -2235 | X23: ='20'!G96 -> -871 | Y23: ='20'!G97 -> -801 | Z23: =W23+X23+Y23 -> -3907 | AA23: ='20'!G132 -> 11.57 | AB23: ='20'!G133 -> -0.5 | AC23: ='20'!G134 -> -309.47 | AD23: ='20'!G135 -> -35 | AE23: =AA23+AB23+AC23+AD23 -> -333.4 | AF23: =AV23+AW23+BF23+BG23 -> -59737.5 | AG23: =AF23/AE23 -> 179.17666 | AH23: ='20'!G136 -> -207.79 | AI23: ='20'!G137 -> -36 | AJ23: ='20'!G138 -> -52.91 | AK23: =AH23+AI23+AJ23 -> -296.7 | AL23: ='20'!G139 -> -236.93 | AM23: ='20'!G140 -> 0 | AO23: =AL23+AM23 -> -236.93 | AP23: ='20'!G123 -> -8157.16 | AQ23: ='20'!G35 -> -36429.33 | AR23: ='20'!G37 -> 396361 | AS23: ='20'!G38 -> 125538 | AT23: ='20'!G39 -> 859603 | AU23: ='20'!G40 -> 0 | AV23: ='20'!G41 -> 2136.44 | AW23: ='20'!G42 -> -202.91 | AX23: ='20'!G43 -> -62674.13 | AY23: ='20'!G44 -> 0 | AZ23: ='20'!G36 -> -20868.03 | BA23: ='20'!G49 -> -49046.39 | BB23: ='20'!G51 -> -26277.52 | BC23: ='20'!G52 -> -34698.21 | BD23: ='20'!G576 -> 0 | BE23: ='20'!G54 -> -1713.85 | BF23: ='20'!G55 -> -55149.42 | BG23: ='20'!G56 -> -6521.61 | BH23: ='20'!G57 -> -7711 | BI23: ='20'!G50 -> -34970.49 | BJ23: =SUM(AV23,AW23,BF23,BG23) -> -59737.5 | BK23: ='20'!G84 -> -15159 | BL23: =SUM(AQ23,AV23,AW23,AX23,BA23,BF23,BG23,BH23)/I23% -> 37.189377 | BM23: =SUM(AT23,BD23)/I23% -> -148.27618 | BN23: =(AS23+BC23)/I23 -> -0.156693 | BO23: =K23+O23+R23+V23 -> -6933011 | BP23: =SUM(AV23,AW23,AX23,BF23,BG23,BH23,BK23) -> -145281.63 | BQ23: =BP23/(AE23*280) -> 1.5562776
A24: 21 | B24: 21 | D24: 21 | E24: ='21'!D4 -> 0.81 | F24: ='21'!D2 -> 0.5 | G24: ='21'!G8 -> 19575 | H24: ='21'!G8 -> 19575 | I24: ='21'!G7 -> 19415 | J24: 10 | K24: =H24*J24 -> 195750 | L24: =I24/202 -> 96.113861 | M24: ='21'!G15 -> 906.94 | N24: 35 | O24: =M24*N24 -> 31742.9 | P24: ='21'!G20 -> 179 | Q24: 134 | R24: =P24*Q24 -> 23986 | S24: =P24/(F24*202/100) -> 177.22772 | T24: ='21'!G24 -> 0 | U24: 69 | V24: =T24*U24 -> 0 | W24: ='21'!G95 -> 75 | X24: ='21'!G96 -> 17 | Y24: ='21'!G97 -> 16 | Z24: =W24+X24+Y24 -> 108 | AA24: ='21'!G132 -> 23.53 | AB24: ='21'!G133 -> 0 | AC24: ='21'!G134 -> 0 | AD24: ='21'!G135 -> 0 | AE24: =AA24+AB24+AC24+AD24 -> 23.53 | AF24: =AV24+AW24+BF24+BG24 -> 4111.33 | AG24: =AF24/AE24 -> 174.72716 | AH24: ='21'!G136 -> 0 | AI24: ='21'!G137 -> 9.86 | AJ24: ='21'!G138 -> 0 | AK24: =AH24+AI24+AJ24 -> 9.86 | AL24: ='21'!G139 -> 6.75 | AM24: ='21'!G140 -> 0 | AO24: =AL24+AM24 -> 6.75 | AP24: ='21'!G123 -> 243.01 | AQ24: ='21'!G35 -> 0 | AR24: ='21'!G37 -> 0 | AS24: ='21'!G38 -> 0.38 | AT24: ='21'!G39 -> 0 | AU24: ='21'!G40 -> 0 | AV24: ='21'!G41 -> 4107.73 | AW24: ='21'!G42 -> 0 | AX24: ='21'!G43 -> 2320.16 | AY24: ='21'!G44 -> 0 | AZ24: ='21'!G36 -> 762.06 | BA24: ='21'!G49 -> 3092.92 | BB24: ='21'!G51 -> 1457.35 | BC24: ='21'!G52 -> 1745.96 | BD24: ='21'!G53 -> 4123.86 | BE24: ='21'!G54 -> 44.38 | BF24: ='21'!G55 -> 0 | BG24: ='21'!G56 -> 3.6 | BH24: ='21'!G57 -> 0 | BI24: ='21'!G50 -> 1198 | BJ24: =SUM(AV24,AW24,BF24,BG24) -> 4111.33 | BK24: ='21'!G84 -> 537 | BL24: =SUM(AQ24,AV24,AW24,AX24,BA24,BF24,BG24,BH24)/I24% -> 49.056966 | BM24: =SUM(AT24,BD24)/I24% -> 21.240587 | BN24: =(AS24+BC24)/I24 -> 0.089947978 | BO24: =K24+O24+R24+V24 -> 251478.9 | BP24: =SUM(AV24,AW24,AX24,BF24,BG24,BH24,BK24) -> 6968.49 | BQ24: =BP24/(AE24*280) -> 1.0576908
A25: 22 | B25: 22 | D25: ='22'!D3 -> 30 | E25: ='22'!D4 -> 0.78 | F25: ='22'!D2 -> 0.5 | G25: ='22'!G8 -> 19676 | H25: ='22'!G8 -> 19676 | I25: ='22'!G7 -> 19510 | J25: 10 | K25: =H25*J25 -> 196760 | L25: =I25/202 -> 96.584158 | M25: ='22'!G15 -> 904 | N25: 35 | O25: =M25*N25 -> 31640 | P25: ='22'!G20 -> 177 | Q25: 134 | R25: =P25*Q25 -> 23718 | S25: =P25/(F25*202/100) -> 175.24752 | T25: ='22'!G24 -> 0 | U25: 69 | V25: =T25*U25 -> 0 | W25: ='22'!G95 -> 83 | X25: ='22'!G96 -> 18 | Y25: ='22'!G97 -> 20 | Z25: =W25+X25+Y25 -> 121 | AA25: ='22'!G132 -> 24.48 | AB25: ='22'!G133 -> 0 | AC25: ='22'!G134 -> 0 | AD25: ='22'!G135 -> 0 | AE25: =AA25+AB25+AC25+AD25 -> 24.48 | AF25: =AV25+AW25+BF25+BG25 -> 4213.01 | AG25: =AF25/AE25 -> 172.10008 | AH25: ='22'!G136 -> 0 | AI25: ='22'!G137 -> 9.52 | AJ25: ='22'!G138 -> 0 | AK25: =AH25+AI25+AJ25 -> 9.52 | AL25: ='22'!G139 -> 7.49 | AM25: ='22'!G140 -> 0 | AO25: =AL25+AM25 -> 7.49 | AP25: ='22'!G123 -> 268.23 | AQ25: ='22'!G35 -> 0 | AR25: ='22'!G37 -> 0 | AS25: ='22'!G38 -> 0 | AT25: ='22'!G39 -> 0 | AU25: ='22'!G40 -> 0 | AV25: ='22'!G41 -> 4212.37 | AW25: ='22'!G42 -> 0 | AX25: ='22'!G43 -> 2388.08 | AY25: ='22'!G44 -> 0 | AZ25: ='22'!G36 -> 671.76 | BA25: ='22'!G49 -> 3188.47 | BB25: ='22'!G51 -> 1492.14 | BC25: ='22'!G52 -> 1877.8 | BD25: ='22'!G53 -> 4075.6 | BE25: ='22'!G54 -> 61.18 | BF25: ='22'!G55 -> 0 | BG25: ='22'!G56 -> 0.64 | BH25: ='22'!G57 -> 0 | BI25: ='22'!G50 -> 1029.84 | BJ25: =SUM(AV25,AW25,BF25,BG25) -> 4213.01 | BK25: ='22'!G84 -> 553 | BL25: =SUM(AQ25,AV25,AW25,AX25,BA25,BF25,BG25,BH25)/I25% -> 50.17714 | BM25: =SUM(AT25,BD25)/I25% -> 20.8898 | BN25: =(AS25+BC25)/I25 -> 0.096248078 | BO25: =K25+O25+R25+V25 -> 252118 | BP25: =SUM(AV25,AW25,AX25,BF25,BG25,BH25,BK25) -> 7154.09 | BQ25: =BP25/(AE25*280) -> 1.0437223
A26: 23 | B26: 23 | D26: ='23'!D3 -> 30 | E26: ='23'!D4 -> 0.76 | F26: ='23'!D2 -> 0.5 | G26: ='23'!G8 -> 19855 | H26: ='23'!G8 -> 19855 | I26: ='23'!G7 -> 19709 | J26: 10 | K26: =H26*J26 -> 198550 | L26: =I26/202 -> 97.569307 | M26: ='23'!G15 -> 934.94 | N26: 35 | O26: =M26*N26 -> 32722.9 | P26: ='23'!G20 -> 203 | Q26: 134 | R26: =P26*Q26 -> 27202 | S26: =P26/(F26*202/100) -> 200.9901 | T26: ='23'!G24 -> 0 | U26: 69 | V26: =T26*U26 -> 0 | W26: ='23'!G95 -> 75 | X26: ='23'!G96 -> 18 | Y26: ='23'!G97 -> 26 | Z26: =W26+X26+Y26 -> 119 | AA26: ='23'!G132 -> 23.95 | AB26: ='23'!G133 -> -0.01 | AC26: ='23'!G134 -> 0 | AD26: ='23'!G135 -> 0 | AE26: =AA26+AB26+AC26+AD26 -> 23.94 | AF26: =AV26+AW26+BF26+BG26 -> 4346.66 | AG26: =AF26/AE26 -> 181.56475 | AH26: ='23'!G136 -> 10.18 | AI26: ='23'!G137 -> 0 | AJ26: ='23'!G138 -> 0 | AK26: =AH26+AI26+AJ26 -> 10.18 | AL26: ='23'!G139 -> 7.01 | AM26: ='23'!G140 -> 0 | AO26: =AL26+AM26 -> 7.01 | AP26: ='23'!G123 -> 245.86 | AQ26: ='23'!G35 -> 0 | AR26: ='23'!G37 -> 0 | AS26: ='23'!G38 -> 0 | AT26: ='23'!G39 -> 0 | AU26: ='23'!G40 -> 0 | AV26: ='23'!G41 -> 4346.14 | AW26: ='23'!G42 -> 0 | AX26: ='23'!G43 -> 2363.52 | AY26: ='23'!G44 -> 0 | AZ26: ='23'!G36 -> 654.22 | BA26: ='23'!G49 -> 3038.57 | BB26: ='23'!G51 -> 1462.67 | BC26: ='23'!G52 -> 1944.04 | BD26: ='23'!G53 -> 4262.76 | BE26: ='23'!G54 -> 67.12 | BF26: ='23'!G55 -> 0 | BG26: ='23'!G56 -> 0.52 | BH26: ='23'!G57 -> 0 | BI26: ='23'!G50 -> 1048.36 | BJ26: =SUM(AV26,AW26,BF26,BG26) -> 4346.66 | BK26: ='23'!G84 -> 552 | BL26: =SUM(AQ26,AV26,AW26,AX26,BA26,BF26,BG26,BH26)/I26% -> 49.463443 | BM26: =SUM(AT26,BD26)/I26% -> 21.628495 | BN26: =(AS26+BC26)/I26 -> 0.098637171 | BO26: =K26+O26+R26+V26 -> 258474.9 | BP26: =SUM(AV26,AW26,AX26,BF26,BG26,BH26,BK26) -> 7262.18 | BQ26: =BP26/(AE26*280) -> 1.08339
A27: 24 | B27: 24 | D27: ='24'!D3 -> 27 | E27: ='24'!D4 -> 0.78 | F27: ='24'!D2 -> 0.33 | G27: ='24'!G8 -> 19558 | H27: ='24'!G8 -> 19558 | I27: ='24'!G7 -> 19391 | J27: 10 | K27: =H27*J27 -> 195580 | L27: =I27/202 -> 95.99505 | M27: ='24'!G15 -> 748.12 | N27: 35 | O27: =M27*N27 -> 26184.2 | P27: ='24'!G20 -> 190 | Q27: 134 | R27: =P27*Q27 -> 25460 | S27: =P27/(F27*202/100) -> 285.0285 | T27: ='24'!G24 -> 0 | U27: 69 | V27: =T27*U27 -> 0 | W27: ='24'!G95 -> 71 | X27: ='24'!G96 -> 25 | Y27: ='24'!G97 -> 33 | Z27: =W27+X27+Y27 -> 129 | AA27: ='24'!G132 -> 23.55 | AB27: ='24'!G133 -> 0 | AC27: ='24'!G134 -> 0 | AD27: ='24'!G135 -> 0 | AE27: =AA27+AB27+AC27+AD27 -> 23.55 | AF27: =AV27+AW27+BF27+BG27 -> 4221.23 | AG27: =AF27/AE27 -> 179.24544 | AH27: ='24'!G136 -> 6.88 | AI27: ='24'!G137 -> 0 | AJ27: ='24'!G138 -> 0 | AK27: =AH27+AI27+AJ27 -> 6.88 | AL27: ='24'!G139 -> 7.91 | AM27: ='24'!G140 -> 0 | AO27: =AL27+AM27 -> 7.91 | AP27: ='24'!G123 -> 269.06 | AQ27: ='24'!G35 -> 0 | AR27: ='24'!G37 -> 0 | AS27: ='24'!G38 -> 0 | AT27: ='24'!G39 -> 0 | AU27: ='24'!G40 -> 0 | AV27: ='24'!G41 -> 4221.32 | AW27: ='24'!G42 -> -0.09 | AX27: ='24'!G43 -> 2378.37 | AY27: ='24'!G44 -> 0 | AZ27: ='24'!G36 -> 725.9 | BA27: ='24'!G49 -> 3075.43 | BB27: ='24'!G51 -> 1478.36 | BC27: ='24'!G52 -> 1833.92 | BD27: ='24'!G53 -> 4203.95 | BE27: ='24'!G54 -> 47.17 | BF27: ='24'!G55 -> 0 | BG27: ='24'!G56 -> 0 | BH27: ='24'!G57 -> 0 | BI27: ='24'!G50 -> 999 | BJ27: =SUM(AV27,AW27,BF27,BG27) -> 4221.23 | BK27: ='24'!G84 -> 524 | BL27: =SUM(AQ27,AV27,AW27,AX27,BA27,BF27,BG27,BH27)/I27% -> 49.894436 | BM27: =SUM(AT27,BD27)/I27% -> 21.679903 | BN27: =(AS27+BC27)/I27 -> 0.094575834 | BO27: =K27+O27+R27+V27 -> 247224.2 | BP27: =SUM(AV27,AW27,AX27,BF27,BG27,BH27,BK27) -> 7123.6 | BQ27: =BP27/(AE27*280) -> 1.0803154
A28: 25 | B28: 25 | D28: ='25'!D3 -> 31 | E28: ='25'!D4 -> 0.8 | F28: ='25'!D2 -> 0.65 | G28: ='25'!G8 -> 19342 | H28: ='25'!G8 -> 19342 | I28: ='25'!G7 -> 19169 | J28: 10 | K28: =H28*J28 -> 193420 | L28: =I28/202 -> 94.89604 | M28: ='25'!G15 -> 930.86 | N28: 35 | O28: =M28*N28 -> 32580.1 | P28: ='25'!G20 -> 183 | Q28: 134 | R28: =P28*Q28 -> 24522 | S28: =P28/(F28*202/100) -> 139.37548 | T28: ='25'!G24 -> 0 | U28: 69 | V28: =T28*U28 -> 0 | W28: ='25'!G95 -> 83 | X28: ='25'!G96 -> 24 | Y28: ='25'!G97 -> 25 | Z28: =W28+X28+Y28 -> 132 | AA28: ='25'!G132 -> 23.96 | AB28: ='25'!G133 -> 0 | AC28: ='25'!G134 -> 0 | AD28: ='25'!G135 -> 0 | AE28: =AA28+AB28+AC28+AD28 -> 23.96 | AF28: =AV28+AW28+BF28+BG28 -> 3515.11 | AG28: =AF28/AE28 -> 146.70743 | AH28: ='24'!G136 -> 6.88 | AI28: ='24'!G137 -> 0 | AJ28: ='24'!G138 -> 0 | AK28: =AH28+AI28+AJ28 -> 6.88 | AL28: ='23'!G139 -> 7.01 | AM28: ='24'!G140 -> 0 | AO28: =AL28+AM28 -> 7.01 | AP28: ='25'!G123 -> 269.21 | AQ28: ='25'!G35 -> 0 | AR28: ='25'!G37 -> 0 | AS28: ='25'!G38 -> 0 | AT28: ='25'!G39 -> 0 | AU28: ='25'!G40 -> 0 | AV28: ='25'!G41 -> 3515.11 | AX28: ='25'!G43 -> 2253.31 | AY28: ='25'!G44 -> 0 | AZ28: ='25'!G36 -> 956.09 | BA28: ='25'!G49 -> 3187.61 | BB28: ='25'!G51 -> 1503.88 | BC28: ='25'!G52 -> 1825 | BD28: ='25'!G53 -> 4326 | BE28: ='24'!G54 -> 47.17 | BF28: ='25'!G55 -> 0 | BG28: ='25'!G56 -> 0 | BH28: ='25'!G57 -> 0 | BI28: ='25'!G50 -> 1041.96 | BJ28: =SUM(AV28,AW28,BF28,BG28) -> 3515.11 | BK28: ='25'!G84 -> 516 | BL28: =SUM(AQ28,AV28,AW28,AX28,BA28,BF28,BG28,BH28)/I28% -> 46.721425 | BM28: =SUM(AT28,BD28)/I28% -> 22.567687 | BN28: =(AS28+BC28)/I28 -> 0.095205801 | BO28: =K28+O28+R28+V28 -> 250522.1 | BP28: =SUM(AV28,AW28,AX28,BF28,BG28,BH28,BK28) -> 6284.42 | BQ28: =BP28/(AE28*280) -> 0.93674279
A29: 26 | B29: 26 | D29: ='26'!D3 -> 23 | E29: ='26'!D4 -> 0.74 | F29: ='26'!D2 -> 0.44 | G29: ='26'!G8 -> 19147 | H29: ='26'!G8 -> 19147 | I29: ='26'!G7 -> 18998 | J29: 10 | K29: =H29*J29 -> 191470 | L29: =I29/202 -> 94.049505 | M29: ='26'!G15 -> 855.14 | N29: 35 | O29: =M29*N29 -> 29929.9 | P29: ='26'!G20 -> 189 | Q29: 134 | R29: =P29*Q29 -> 25326 | S29: =P29/(F29*202/100) -> 212.64626 | T29: ='26'!G24 -> 0 | U29: 69 | V29: =T29*U29 -> 0 | W29: ='26'!G95 -> 60 | X29: ='26'!G96 -> 19 | Y29: ='26'!G97 -> 25 | Z29: =W29+X29+Y29 -> 104 | AA29: ='26'!G132 -> 23.88 | AB29: ='26'!G133 -> -0.01 | AC29: ='26'!G134 -> -0.05 | AD29: ='26'!G135 -> 0 | AE29: =AA29+AB29+AC29+AD29 -> 23.82 | AF29: =AV29+AW29+BF29+BG29 -> 3760.38 | AG29: =AF29/AE29 -> 157.8665 | AH29: ='26'!G136 -> 8.68 | AI29: ='26'!G137 -> 0 | AJ29: ='26'!G138 -> 0 | AK29: =AH29+AI29+AJ29 -> 8.68 | AL29: ='26'!G139 -> 7.76 | AM29: ='26'!G140 -> 0 | AO29: =AL29+AM29 -> 7.76 | AP29: ='26'!G123 -> 266.14 | AQ29: ='26'!G35 -> 0 | AR29: ='26'!G37 -> 0 | AS29: ='26'!G38 -> -0.38 | AT29: ='26'!G39 -> 0 | AU29: ='26'!G40 -> 0 | AV29: ='26'!G41 -> 3760.38 | AW29: ='26'!G42 -> 0 | AX29: ='26'!G43 -> 2328.54 | AY29: ='26'!G44 -> 0 | AZ29: ='26'!G36 -> 748 | BA29: ='26'!G49 -> 3198.39 | BB29: ='26'!G51 -> 1422.12 | BC29: ='26'!G52 -> 1907.12 | BD29: ='26'!G53 -> 4151.85 | BE29: ='26'!G54 -> 46 | BF29: ='26'!G55 -> 0 | BG29: ='26'!G56 -> 0 | BH29: ='26'!G57 -> 0 | BI29: ='26'!G50 -> 938.04 | BJ29: =SUM(AV29,AW29,BF29,BG29) -> 3760.38 | BK29: ='26'!G84 -> 528 | BL29: =SUM(AQ29,AV29,AW29,AX29,BA29,BF29,BG29,BH29)/I29% -> 48.885725 | BM29: =SUM(AT29,BD29)/I29% -> 21.854143 | BN29: =(AS29+BC29)/I29 -> 0.1003653 | BO29: =K29+O29+R29+V29 -> 246725.9 | BP29: =SUM(AV29,AW29,AX29,BF29,BG29,BH29,BK29) -> 6616.92 | BQ29: =BP29/(AE29*280) -> 0.99210148
A30: 27 | B30: 27 | D30: ='27'!D3 -> 22 | E30: ='27'!D4 -> 0.76 | F30: ='27'!D2 -> 0.49 | G30: ='27'!G8 -> 18909 | H30: ='27'!G8 -> 18909 | I30: ='27'!G7 -> 18736 | J30: 10 | K30: =H30*J30 -> 189090 | L30: =I30/202 -> 92.752475 | M30: ='27'!G15 -> 843.94 | N30: 35 | O30: =M30*N30 -> 29537.9 | P30: ='27'!G20 -> 174 | Q30: 134 | R30: =P30*Q30 -> 23316 | S30: =P30/(F30*202/100) -> 175.79309 | T30: ='27'!G24 -> 0 | U30: 69 | V30: =T30*U30 -> 0 | W30: ='27'!G95 -> 71 | X30: ='27'!G96 -> 15 | Y30: ='27'!G97 -> 13 | Z30: =W30+X30+Y30 -> 99 | AA30: ='27'!G132 -> 24.27 | AB30: ='27'!G133 -> 0 | AC30: ='27'!G134 -> 0 | AD30: ='27'!G135 -> 0 | AE30: =AA30+AB30+AC30+AD30 -> 24.27 | AF30: =AV30+AW30+BF30+BG30 -> 3663.51 | AG30: =AF30/AE30 -> 150.94808 | AH30: ='27'!G136 -> 9.43 | AI30: ='27'!G137 -> 0 | AJ30: ='27'!G138 -> 0 | AK30: =AH30+AI30+AJ30 -> 9.43 | AL30: ='27'!G139 -> 7.28 | AM30: ='27'!G140 -> 0 | AO30: =AL30+AM30 -> 7.28 | AP30: ='27'!G123 -> 250.61 | AQ30: ='27'!G35 -> 0 | AR30: ='27'!G37 -> 0 | AS30: ='27'!G38 -> 0 | AT30: ='27'!G39 -> 0 | AU30: ='27'!G40 -> 0 | AV30: ='27'!G41 -> 3663.51 | AW30: ='27'!G42 -> 0 | AX30: ='27'!G43 -> 2320.1 | AY30: ='27'!G44 -> 0 | AZ30: ='27'!G36 -> 626.73 | BA30: ='27'!G49 -> 3187.45 | BB30: ='27'!G51 -> 1436.54 | BC30: ='27'!G52 -> 1764.16 | BD30: ='27'!G53 -> 4080.15 | BE30: ='27'!G54 -> 56.55 | BF30: ='27'!G55 -> 0 | BG30: ='27'!G56 -> 0 | BH30: ='27'!G57 -> 0 | BI30: ='27'!G50 -> 1027.29 | BJ30: =SUM(AV30,AW30,BF30,BG30) -> 3663.51 | BK30: ='27'!G84 -> 556 | BL30: =SUM(AQ30,AV30,AW30,AX30,BA30,BF30,BG30,BH30)/I30% -> 48.948868 | BM30: =SUM(AT30,BD30)/I30% -> 21.77706 | BN30: =(AS30+BC30)/I30 -> 0.094158839 | BO30: =K30+O30+R30+V30 -> 241943.9 | BP30: =SUM(AV30,AW30,AX30,BF30,BG30,BH30,BK30) -> 6539.61 | BQ30: =BP30/(AE30*280) -> 0.96233004
A31: 28 | B31: 28 | D31: ='28'!D3 -> 23 | E31: ='28'!D4 -> 0.77 | F31: ='28'!D2 -> 0.52 | G31: ='28'!G8 -> 19519 | H31: ='28'!G8 -> 19519 | I31: ='28'!G7 -> 19357 | J31: 10 | K31: =H31*J31 -> 195190 | L31: =I31/202 -> 95.826733 | M31: ='28'!G15 -> 434.06 | N31: 35 | O31: =M31*N31 -> 15192.1 | P31: ='28'!G20 -> 173 | Q31: 134 | R31: =P31*Q31 -> 23182 | S31: =P31/(F31*202/100) -> 164.69916 | T31: ='28'!G24 -> 0 | U31: 69 | V31: =T31*U31 -> 0 | W31: ='28'!G95 -> 43 | X31: ='28'!G96 -> 23 | Y31: ='28'!G97 -> 11 | Z31: =W31+X31+Y31 -> 77 | AA31: ='28'!G132 -> 23.81 | AB31: ='28'!G133 -> 0 | AC31: ='28'!G134 -> 0 | AD31: ='28'!G135 -> 0 | AE31: =AA31+AB31+AC31+AD31 -> 23.81 | AF31: =AV31+AW31+BF31+BG31 -> 3834.83 | AG31: =AF31/AE31 -> 161.05964 | AH31: ='28'!G136 -> -0.01 | AI31: ='28'!G137 -> 0 | AJ31: ='28'!G138 -> 0 | AK31: =AH31+AI31+AJ31 -> -0.01 | AL31: ='28'!G139 -> 7.97 | AM31: ='28'!G140 -> 0.47 | AO31: =AL31+AM31 -> 8.44 | AP31: ='28'!G123 -> 267.04 | AQ31: ='28'!G35 -> 0.33 | AR31: ='28'!G37 -> 0 | AS31: ='28'!G38 -> 0 | AT31: ='28'!G39 -> 0 | AU31: ='28'!G40 -> 0 | AV31: ='28'!G41 -> 3834.56 | AW31: ='28'!G42 -> 0 | AX31: ='28'!G43 -> 2323.05 | AY31: ='28'!G44 -> 0 | AZ31: ='28'!G36 -> 735.27 | BA31: ='28'!G49 -> 3272.55 | BB31: ='28'!G51 -> 1445.46 | BC31: ='28'!G52 -> 1734.21 | BD31: ='28'!G53 -> 4173 | BE31: ='28'!G54 -> 50.45 | BF31: ='28'!G55 -> 0.42 | BG31: ='28'!G56 -> -0.15 | BH31: ='28'!G57 -> 0 | BI31: ='28'!G50 -> 1462 | BJ31: =SUM(AV31,AW31,BF31,BG31) -> 3834.83 | BK31: ='28'!G84 -> 540 | BL31: =SUM(AQ31,AV31,AW31,AX31,BA31,BF31,BG31,BH31)/I31% -> 48.720153 | BM31: =SUM(AT31,BD31)/I31% -> 21.558093 | BN31: =(AS31+BC31)/I31 -> 0.089590846 | BO31: =K31+O31+R31+V31 -> 233564.1 | BP31: =SUM(AV31,AW31,AX31,BF31,BG31,BH31,BK31) -> 6697.88 | BQ31: =BP31/(AE31*280) -> 1.0046619
A32: 29 | B32: 29 | D32: ='29'!D3 -> 24 | E32: ='29'!D4 -> 0.78 | F32: ='29'!D2 -> 0.66 | G32: ='29'!G8 -> 18944 | H32: ='29'!G8 -> 18944 | I32: ='29'!G7 -> 18748 | J32: 10 | K32: =H32*J32 -> 189440 | L32: =I32/202 -> 92.811881 | M32: ='29'!G15 -> 826.97 | N32: 35 | O32: =M32*N32 -> 28943.95 | P32: ='29'!G20 -> 151 | Q32: 134 | R32: =P32*Q32 -> 20234 | S32: =P32/(F32*202/100) -> 113.26133 | T32: ='29'!G24 -> 0 | U32: 69 | V32: =T32*U32 -> 0 | W32: ='29'!G95 -> 65 | X32: ='29'!G96 -> 33 | Y32: ='29'!G97 -> 19 | Z32: =W32+X32+Y32 -> 117 | AA32: ='29'!G132 -> 24.06 | AB32: ='29'!G133 -> 0 | AC32: ='29'!G134 -> 0 | AD32: ='29'!G135 -> 0 | AE32: =AA32+AB32+AC32+AD32 -> 24.06 | AF32: =AV32+AW32+BF32+BG32 -> 3422.44 | AG32: =AF32/AE32 -> 142.24605 | AH32: ='29'!G136 -> 8.93 | AI32: ='29'!G137 -> 0 | AJ32: ='29'!G138 -> 0 | AK32: =AH32+AI32+AJ32 -> 8.93 | AL32: ='29'!G139 -> 7.13 | AM32: ='29'!G140 -> 0 | AO32: =AL32+AM32 -> 7.13 | AP32: ='29'!G123 -> 242.99 | AQ32: ='29'!G35 -> 0 | AR32: ='29'!G37 -> 0 | AS32: ='29'!G38 -> 0 | AT32: ='29'!G39 -> 0 | AU32: ='29'!G40 -> 0 | AV32: ='29'!G41 -> 3422.44 | AW32: ='29'!G42 -> 0 | AX32: ='29'!G43 -> 2326.63 | AY32: ='29'!G44 -> 0 | AZ32: ='29'!G36 -> 586.73 | BA32: ='29'!G49 -> 3058.55 | BB32: ='29'!G51 -> 1563 | BC32: ='29'!G52 -> 1955 | BD32: ='29'!G53 -> 4185.97 | BE32: ='29'!G54 -> 51.8 | BF32: ='29'!G55 -> 0 | BG32: ='29'!G56 -> 0 | BH32: ='29'!G57 -> 0 | BI32: ='29'!G50 -> 1108.97 | BJ32: =SUM(AV32,AW32,BF32,BG32) -> 3422.44 | BK32: ='29'!G84 -> 547 | BL32: =SUM(AQ32,AV32,AW32,AX32,BA32,BF32,BG32,BH32)/I32% -> 46.978984 | BM32: =SUM(AT32,BD32)/I32% -> 22.327555 | BN32: =(AS32+BC32)/I32 -> 0.10427779 | BO32: =K32+O32+R32+V32 -> 238617.95 | BP32: =SUM(AV32,AW32,AX32,BF32,BG32,BH32,BK32) -> 6296.07 | BQ32: =BP32/(AE32*280) -> 0.93457873
A33: 30 | B33: 30 | D33: ='30'!D33 -> 0 | E33: ='30'!D4 -> 0.8 | F33: ='30'!D2 -> 0.83 | G33: ='30'!G8 -> 19123 | H33: ='30'!G8 -> 19123 | I33: ='30'!G7 -> 18917 | J33: 10 | K33: =H33*J33 -> 191230 | L33: =I33/202 -> 93.648515 | M33: ='30'!G15 -> 667.76 | N33: 35 | O33: =M33*N33 -> 23371.6 | P33: ='30'!G20 -> 171 | Q33: 134 | R33: =P33*Q33 -> 22914 | S33: =P33/(F33*202/100) -> 101.99213 | T33: ='30'!G24 -> 0 | U33: 69 | V33: =T33*U33 -> 0 | W33: ='30'!G95 -> 54 | X33: ='30'!G96 -> 38 | Y33: ='30'!G97 -> 23 | Z33: =W33+X33+Y33 -> 115 | AA33: ='30'!G132 -> 23.87 | AB33: ='30'!G133 -> 0 | AC33: ='30'!G134 -> 0 | AD33: ='30'!G135 -> 0 | AE33: =AA33+AB33+AC33+AD33 -> 23.87 | AF33: =AV33+AW33+BF33+BG33 -> 3768.95 | AG33: =AF33/AE33 -> 157.89485 | AH33: ='30'!G136 -> 3.75 | AI33: ='30'!G137 -> 0 | AJ33: ='30'!G138 -> 4.11 | AK33: =AH33+AI33+AJ33 -> 7.86 | AL33: ='30'!G139 -> 7.92 | AM33: ='30'!G140 -> 0 | AO33: =AL33+AM33 -> 7.92 | AP33: ='30'!G123 -> 270.01 | AQ33: ='30'!G35 -> 0 | AR33: ='30'!G37 -> 0 | AS33: ='30'!G38 -> 0 | AT33: ='30'!G39 -> 0 | AU33: ='30'!G40 -> 0 | AV33: ='30'!G41 -> 3768.95 | AW33: ='30'!G42 -> 0 | AX33: ='30'!G43 -> 2336.88 | AY33: ='30'!G44 -> 0 | AZ33: ='30'!G36 -> 587.2 | BA33: ='30'!BA33 -> 0 | BB33: ='30'!BA4 -> 0 | BC33: ='30'!BA2 -> 0 | BD33: ='30'!BD8 -> 0 | BE33: ='30'!BC7 -> 0 | BF33: ='30'!BD7 -> 0 | BG33: ='30'!G57 -> 0 | BH33: ='30'!H57 -> 0 | BI33: =BF33/202 -> 0 | BJ33: =SUM(AV33,AW33,BF33,BG33) -> 3768.95 | BK33: ='31'!G84 -> 504 | BL33: =SUM(AQ33,AV33,AW33,AX33,BA33,BF33,BG33,BH33)/I33% -> 32.276947 | BM33: =SUM(AT33,BD33)/I33% -> 0 | BN33: =(AS33+BC33)/I33 -> 0 | BO33: =K33+O33+R33+V33 -> 237515.6 | BP33: =SUM(AV33,AW33,AX33,BF33,BG33,BH33,BK33) -> 6609.83 | BQ33: =BP33/(AE33*280) -> 0.98896254
A34: 31 | B34: 31 | D34: ='[1]30'!D34 -> 0 | E34: ='[1]31'!D5 -> Unit | F34: ='[1]31'!D3 -> 30 | G34: ='[1]31'!G8 -> 19595 | H34: ='[1]31'!G8 -> 19595 | I34: ='[1]31'!G7 -> 19398 | J34: 10 | K34: =H34*J34 -> 195950 | L34: =I34/202 -> 96.029703 | M34: ='[1]10'!G15 -> 827.65 | N34: 35 | O34: =M34*N34 -> 28967.75 | P34: ='[1]31'!G20 -> 184 | Q34: 134 | R34: =P34*Q34 -> 24656 | S34: =P34/(F34*202/100) -> 3.0363036 | T34: ='[1]31'!G24 -> 0 | U34: 69 | V34: =T34*U34 -> 0 | W34: ='[1]31'!G95 -> 63 | X34: ='[1]31'!G96 -> 15 | Y34: ='[1]31'!G97 -> 22 | Z34: =W34+X34+Y34 -> 100 | AA34: ='[1]31'!G132 -> 0 | AB34: ='[1]31'!G133 -> 0 | AC34: ='[1]31'!G134 -> 0 | AD34: ='[1]31'!G135 -> 23.92 | AE34: =AA34+AB34+AC34+AD34 -> 23.92 | AF34: =AV34+AW34+BF34+BG34 -> 4263.21 | AG34: =AF34/AE34 -> 178.22784 | AH34: ='[1]31'!G136 -> 6.33 | AI34: ='[1]31'!G137 -> 0 | AJ34: ='[1]31'!G138 -> 0 | AK34: =AH34+AI34+AJ34 -> 6.33 | AL34: ='[1]31'!G139 -> 0 | AM34: ='[1]31'!G140 -> 7.92 | AO34: =AL34+AM34 -> 7.92 | AP34: ='[1]31'!G123 -> 241.35 | AQ34: ='[1]31'!G35 -> 0 | AR34: ='[1]31'!G37 -> 0 | AS34: ='[1]31'!G38 -> 0 | AT34: ='[1]31'!G39 -> 0 | AU34: ='[1]31'!G40 -> 0 | AV34: ='[1]31'!G41 -> 0 | AW34: ='[1]31'!G42 -> 0.09 | AX34: ='[1]31'!G43 -> 1972.72 | AY34: ='[1]31'!G44 -> 0 | AZ34: ='[1]31'!G36 -> 668.58 | BA34: ='[1]31'!G49 -> 2791.39 | BB34: ='[1]31'!G51 -> 1472.34 | BC34: ='[1]31'!G52 -> 2047.28 | BD34: ='[1]31'!G53 -> 4400.97 | BE34: ='[1]31'!G54 -> 79.99 | BF34: ='[1]31'!BD7 -> 0 | BG34: ='[1]31'!G56 -> 4263.12 | BH34: ='[1]31'!H57 -> 0 | BI34: ='[1]31'!G50 -> 1070.44 | BJ34: =SUM(AV34,AW34,BF34,BG34) -> 4263.21 | BK34: ='[1]31'!G84 -> 377 | BL34: =SUM(AQ34,AV34,AW34,AX34,BA34,BF34,BG34,BH34)/I34% -> 46.537375 | BM34: =SUM(AT34,BD34)/I34% -> 22.687751 | BN34: =(AS34+BC34)/I34 -> 0.10554078 | BO34: =K34+O34+R34+V34 -> 249573.75 | BP34: =SUM(AV34,AW34,AX34,BF34,BG34,BH34,BK34) -> 6612.93 | BQ34: =BP34/(AE34*280) -> 0.98735816
A35: Total | D35: =AVERAGE(D4:D34) -> 24.322581 | F35: =AVERAGE(F4:F34) -> 1.5029935 | G35: =SUM(G4:G34) -> 942 | H35: =SUM(H4:H34) -> 942 | I35: =SUM(I4:I34) -> 937 | J35: =SUM(J4:J34) -> 309 | K35: =SUM(K4:K34) -> -10054 | L35: =SUM(L4:L34) -> 4.6386139 | M35: =SUM(M4:M34) -> -40.77 | N35: =SUM(N4:N34) -> 1085 | ... BO35: =SUM(BO4:BO34) -> 776449.05 | BP35: =SUM(AV35,AW35,AX35,BF35,BG35,BH35,BK35) -> 64015.47 | BQ35: =BP35/(AE35*280) -> 0.59238918
B36: =B18-B17 -> 1 | C36: =C18-C17 -> 0 | D36: =D18-D17 -> 0 | E36: =E18-E17 -> 0 | F36: =F18-F17 -> 0.0017 | I36: =I18-I17 -> 630 | J36: =J18-J17 -> 0 | K36: =K18-K17 -> 6760 | L36: =L18-L17 -> 3.1188119 | M36: =M18-M17 -> 99.796 | N36: =N18-N17 -> 0 | O36: =O18-O17 -> 3492.86 | P36: =P18-P17 -> 131 | ... AO36: =AO18-AO17 -> -1.16 | AQ36: =AQ18-AQ17 -> -48.44 | AR36: =AR18-AR17 -> -0.14 | AS36: =AS18-AS17 -> 27.84 | AT36: =AT18-AT17 -> -0.55 | AU36: =AU18-AU17 -> 0 | AV36: =AV18-AV17 -> 0 | AW36: =AW18-AW17 -> -0.099 | AX36: =AX18-AX17 -> -13.92 | BA36: =BA18-BA17 -> 0 | BB36: =BB18-BB17 -> 0 | BC36: =BC18-BC17 -> 0 | BD36: =BD18-BD17 -> 0 | BE36: =BE18-BE17 -> -2.38 | BF36: =BF18-BF17 -> -106.435 | BG36: =BG18-BG17 -> 50.75 | BH36: =BH18-BH17 -> 0 | BL36: =BL18-BL17 -> -1.8277833 | BM36: =BM18-BM17 -> -0.56211219 | BO36: =BO18-BO17 -> 27806.86 | BP36: =BP18-BP17 -> -31.704
F37: =AVERAGE(F4:F35) -> 1.5029935 | I37: =AVERAGE(I4:I35) -> 58.5625
B38: Guest complaint | F38: =AVERAGE(F4:F35) -> 1.5029935
BJ41: =(BJ31+BK31)/400 -> 10.937075

Sheet Occupancy
B1: Hotel Occupancy Occ% | C1: Room Nights | D1: Comp Night | E1: Cummulative % | F1: Total Covers Guests | G1: Total Room Nights
A2: 1 | C2: 71 | D2: 20 | E2: =SUM(C2:D2)/202% -> 45.049505 | F2: 327 | G2: =C2+D2 -> 91
A3: 2 | C3: 98 | D3: 22 | E3: =SUM(C3:D3)/202% -> 59.405941 | F3: 310 | G3: =C3+D3 -> 120
A4: 3 | C4: 92 | D4: 20 | E4: =SUM(C4:D4)/202% -> 55.445545 | F4: 386 | G4: =C4+D4 -> 112
A5: 4 | C5: 92 | D5: 20 | E5: =SUM(C5:D5)/202% -> 55.445545 | F5: 558 | G5: =C5+D5 -> 112
A6: 5 | C6: 85 | D6: 20 | E6: =SUM(C6:D6)/202% -> 51.980198 | F6: 416 | G6: =C6+D6 -> 105
A7: 6 | C7: 133 | D7: 17 | E7: =SUM(C7:D7)/202% -> 74.257426 | F7: 582 | G7: =C7+D7 -> 150
A8: 7 | C8: 90 | D8: 17 | E8: =SUM(C8:D8)/202% -> 52.970297 | F8: 437 | G8: =C8+D8 -> 107
A9: 8 | C9: 102 | D9: 18 | E9: =SUM(C9:D9)/202% -> 59.405941 | F9: 355 | G9: =C9+D9 -> 120
A10: 9 | C10: 108 | D10: 17 | E10: =SUM(C10:D10)/202% -> 61.881188 | F10: 382 | G10: =C10+D10 -> 125
A11: 10 | C11: 127 | D11: 15 | E11: =SUM(C11:D11)/202% -> 70.29703 | F11: 434 | G11: =C11+D11 -> 142
A12: 11 | C12: 114 | D12: 8 | E12: =SUM(C12:D12)/202% -> 60.39604 | F12: 309 | G12: =C12+D12 -> 122
A13: 12 | C13: 129 | D13: 2 | E13: =SUM(C13:D13)/202% -> 64.851485 | F13: 505 | G13: =C13+D13 -> 131
... A19: 18 | C19: 91 | D19: 0 | E19: =SUM(C19:D19)/202% -> 45.049505 | F19: 404 | G19: =C19+D19 -> 91
A20: 19 | E20: =SUM(C20:D20)/202% -> 0 | F20: 283 | G20: =C20+D20 -> 0
A21: 20 | E21: =SUM(C21:D21)/202% -> 0 | F21: 333 | G21: =C21+D21 -> 0
A22: 21 | E22: =SUM(C22:D22)/202% -> 0 | F22: 324 | G22: =C22+D22 -> 0
A23: 22 | E23: =SUM(C23:D23)/202% -> 0 | F23: 381 | G23: =C23+D23 -> 0
A24: 23 | E24: =SUM(C24:D24)/202% -> 0 | F24: 592 | G24: =C24+D24 -> 0
A25: 24 | E25: =SUM(C25:D25)/202% -> 0 | F25: 412 | G25: =C25+D25 -> 0
A26: 25 | E26: =SUM(C26:D26)/202% -> 0 | F26: 524 | G26: =C26+D26 -> 0
A27: 26 | E27: =SUM(C27:D27)/202% -> 0 | F27: 354 | G27: =C27+D27 -> 0
A28: 27 | E28: =SUM(C28:D28)/202% -> 0 | F28: 249 | G28: =C28+D28 -> 0
A29: 28 | E29: =SUM(C29:D29)/202% -> 0 | F29: 325 | G29: =C29+D29 -> 0
A30: 29 | E30: =SUM(C30:D30)/202% -> 0 | F30: 423 | G30: =C30+D30 -> 0
A31: 30
A32: 31

Sheet Water Report
C3: Date | D3: 1 | E3: 2 | F3: 3 | G3: 4 | H3: 5 | I3: 6 | J3: 7 | K3: 8 | L3: 9 | M3: 10 | N3: 11 | O3: 12 | P3: 13 | Q3: 14 | R3: 15 | S3: 16 | T3: 17 | U3: 18 | V3: 19 | W3: 20 | X3: 21 | Y3: 22 | Z3: 23 | AA3: 24 | AB3: 25 | AC3: 26 | AD3: 27 | AE3: 28 | AF3: 29 | AG3: 30 | AH3: 31
C4: occupancy | D4: ='[2]1'!F3 -> 0.5 | E4: ='[2]2'!F3 -> 0.1 | F4: ='[2]3'!F3 -> 0.5
C5: Tanker | D5: ='1'!G18 -> 120 | E5: ='2'!G18 -> 120 | F5: ='3'!G18 -> 110 | G5: ='4'!G18 -> 100 | H5: ='5'!G18 -> 140 | I5: ='6'!G18 -> 220 | J5: ='7'!G18 -> 160 | K5: ='8'!G18 -> 160 | L5: ='9'!G18 -> 140 | M5: ='10'!G18 -> 200 | N5: ='11'!G18 -> 160 | O5: ='12'!G18 -> 160 | P5: ='13'!G18 -> 220 | Q5: ='14'!G18 -> 190 | R5: ='15'!G18 -> 320 | S5: ='16'!G18 -> 200 | T5: ='17'!G18 -> 140 | U5: ='18'!G18 -> 120 | V5: ='19'!G18 -> 140 | W5: ='20'!G18 -> 140 | X5: ='21'!G18 -> 130 | Y5: ='22'!G18 -> 120 | Z5: ='23'!G18 -> 160 | AA5: ='24'!G18 -> 140 | AB5: ='25'!G18 -> 130 | AC5: ='26'!G18 -> 140 | AD5: ='27'!G18 -> 120 | AE5: ='28'!G18 -> 120 | AF5: ='29'!G18 -> 100 | AG5: ='30'!G18 -> 120 | AH5: ='31'!G18 -> 120
C6: BMC | D6: ='1'!G19 -> 51 | E6: ='2'!G19 -> 51 | F6: ='3'!G19 -> 51 | G6: ='4'!G19 -> 50 | H6: ='5'!G19 -> 41 | I6: ='6'!G19 -> 51 | J6: ='7'!G19 -> 52 | K6: ='8'!G19 -> 51 | L6: ='9'!G19 -> 52 | M6: ='10'!G19 -> 50 | N6: ='11'!G19 -> 51 | O6: ='12'!G19 -> 51 | P6: ='13'!G19 -> 52 | Q6: ='14'!G19 -> 51 | R6: ='15'!G19 -> 52 | S6: ='16'!G19 -> 50 | T6: ='17'!G19 -> 51 | U6: ='18'!G19 -> 47 | V6: ='19'!G19 -> 50 | W6: ='20'!G19 -> -1519 | X6: ='21'!G19 -> 49 | Y6: ='22'!G19 -> 57 | Z6: ='23'!G19 -> 43 | AA6: ='24'!G19 -> 50 | AB6: ='25'!G19 -> 53 | AC6: ='26'!G19 -> 49 | AD6: ='27'!G19 -> 54 | AE6: ='28'!G19 -> 53 | AF6: ='29'!G19 -> 51 | AG6: ='30'!G19 -> 51 | AH6: ='31'!G19 -> 54
C7: R.O. Plant Production | D7: ='1'!G92 -> 87 | E7: ='2'!G92 -> 75 | F7: ='3'!G92 -> 88 | G7: ='4'!G92 -> 102 | H7: ='5'!G92 -> 110 | I7: ='6'!G92 -> 89 | J7: ='7'!G92 -> 104 | K7: ='8'!G92 -> 95 | L7: ='9'!G92 -> 104 | M7: ='10'!G92 -> 137 | N7: ='11'!G92 -> 101 | O7: ='12'!G92 -> 129 | P7: ='13'!G92 -> 149 | Q7: ='14'!G92 -> 166 | R7: ='15'!G92 -> 192 | S7: ='16'!G92 -> 132 | T7: ='17'!G92 -> 84 | U7: ='18'!G92 -> 81 | V7: ='19'!G92 -> 95 | W7: ='20'!G92 -> -3083 | X7: ='21'!G92 -> 85 | Y7: ='22'!G92 -> 87 | Z7: ='23'!G92 -> 103 | AA7: ='24'!G92 -> 103 | AB7: ='25'!G92 -> 96 | AC7: ='26'!G92 -> 108 | AD7: ='27'!G92 -> 90 | AE7: ='28'!G92 -> 57 | AF7: ='29'!G92 -> 69 | AG7: ='30'!G92 -> 74 | AH7: ='31'!G92 -> 91
B8: Domestic Water | C8: Zone-1 | D8: ='1'!G95 -> 72 | E8: ='2'!G95 -> 70 | F8: ='3'!G95 -> 64 | G8: ='4'!G95 -> 78 | H8: ='5'!G95 -> 55 | I8: ='6'!G95 -> 61 | J8: ='7'!G95 -> 57 | K8: ='8'!G95 -> 71 | L8: ='9'!G95 -> 62 | M8: ='10'!G95 -> 77 | N8: ='11'!G95 -> 71 | O8: ='12'!G95 -> 86 | P8: ='13'!G95 -> 88 | Q8: ='14'!G95 -> 121 | R8: ='15'!G95 -> 131 | S8: ='16'!G95 -> 97 | T8: ='17'!G95 -> 72 | U8: ='18'!G95 -> 74 | V8: ='19'!G95 -> 79 | W8: ='20'!G95 -> -2235 | X8: ='21'!G95 -> 75 | Y8: ='22'!G95 -> 83 | Z8: ='23'!G95 -> 75 | AA8: ='24'!G95 -> 71 | AB8: ='25'!G95 -> 83 | AC8: ='26'!G95 -> 60 | AD8: ='27'!G95 -> 71 | AE8: ='28'!G95 -> 43 | AF8: ='29'!G95 -> 65 | AG8: ='30'!G95 -> 54 | AH8: ='31'!G95 -> 69
C9: Zone-2 | D9: ='1'!G96 -> 23 | E9: ='2'!G96 -> 30 | F9: ='3'!G96 -> 36 | G9: ='4'!G96 -> 35 | H9: ='5'!G96 -> 23 | I9: ='6'!G96 -> 34 | J9: ='7'!G96 -> 43 | K9: ='8'!G96 -> 51 | L9: ='9'!G96 -> 40 | M9: ='10'!G96 -> 40 | N9: ='11'!G96 -> 49 | O9: ='12'!G96 -> 38 | P9: ='13'!G96 -> 43 | Q9: ='14'!G96 -> 47 | R9: ='15'!G96 -> 25 | S9: ='16'!G96 -> 18 | T9: ='17'!G96 -> 15 | U9: ='18'!G96 -> 16 | V9: ='19'!G96 -> 9 | W9: ='20'!G96 -> -871 | X9: ='21'!G96 -> 17 | Y9: ='22'!G96 -> 18 | Z9: ='23'!G96 -> 18 | AA9: ='24'!G96 -> 25 | AB9: ='25'!G96 -> 24 | AC9: ='26'!G96 -> 19 | AD9: ='27'!G96 -> 15 | AE9: ='28'!G96 -> 23 | AF9: ='29'!G96 -> 33 | AG9: ='30'!G96 -> 38 | AH9: ='31'!G96 -> 26
C10: Zone-3 | D10: ='1'!G97 -> 18 | E10: ='2'!G97 -> 16 | F10: ='3'!G97 -> 31 | G10: ='4'!G97 -> 45 | H10: ='5'!G97 -> 40 | I10: ='6'!G97 -> 31 | J10: ='7'!G97 -> 23 | K10: ='8'!G97 -> 20 | L10: ='9'!G97 -> 29 | M10: ='10'!G97 -> 46 | N10: ='11'!G97 -> 23 | O10: ='12'!G97 -> 27 | P10: ='13'!G97 -> 46 | Q10: ='14'!G97 -> 46 | R10: ='15'!G97 -> 35 | S10: ='16'!G97 -> 24 | T10: ='17'!G97 -> 20 | U10: ='18'!G97 -> 17 | V10: ='19'!G97 -> 24 | W10: ='20'!G97 -> -801 | X10: ='21'!G97 -> 16 | Y10: ='22'!G97 -> 20 | Z10: ='23'!G97 -> 26 | AA10: ='24'!G97 -> 33 | AB10: ='25'!G97 -> 25 | AC10: ='26'!G97 -> 25 | AD10: ='27'!G97 -> 13 | AE10: ='28'!G97 -> 11 | AF10: ='29'!G97 -> 19 | AG10: ='30'!G97 -> 23 | AH10: ='31'!G97 -> 29
B12: Flushing Water | C12: Zone-1 | D12: ='1'!G98 -> 83 | E12: ='2'!G98 -> 67 | F12: ='3'!G98 -> 72 | G12: ='4'!G98 -> 67 | H12: ='5'!G98 -> 40 | I12: ='6'!G98 -> 72 | J12: ='7'!G98 -> 58 | K12: ='8'!G98 -> 78 | L12: ='9'!G98 -> 67 | M12: ='10'!G98 -> 80 | N12: ='11'!G98 -> 75 | O12: ='12'!G98 -> 83 | P12: ='13'!G98 -> 63 | Q12: ='14'!G98 -> 71 | R12: ='15'!G98 -> 76 | S12: ='16'!G98 -> 56 | T12: ='17'!G98 -> 35 | U12: ='18'!G98 -> 78 | V12: ='19'!G98 -> 63 | W12: ='20'!G98 -> -1902 | X12: ='21'!G98 -> 29 | Y12: ='22'!G98 -> 56 | Z12: ='23'!G98 -> 56 | AA12: ='24'!G98 -> 45 | AB12: ='25'!G98 -> 50 | AC12: ='26'!G98 -> 62 | AD12: ='27'!G98 -> 64 | AE12: ='28'!G98 -> 59 | AF12: ='29'!G98 -> 65 | AG12: ='30'!G98 -> 57 | AH12: ='31'!G98 -> 75
C13: Zone-2 | D13: ='1'!G114 -> 16 | E13: ='2'!G114 -> 11 | F13: ='3'!G114 -> 12 | G13: ='4'!G114 -> 14 | H13: ='5'!G114 -> 21 | I13: ='6'!G114 -> 11 | J13: ='7'!G114 -> 16 | K13: ='8'!G114 -> 16 | L13: ='9'!G114 -> 15 | M13: ='10'!G114 -> 14 | N13: ='11'!G114 -> 12 | O13: ='12'!G114 -> 14 | P13: ='13'!G114 -> 20 | Q13: ='14'!G114 -> 22 | R13: ='15'!G114 -> 35 | S13: ='16'!G114 -> 21 | T13: ='17'!G114 -> 17 | U13: ='18'!G114 -> 25 | V13: ='19'!G114 -> 26 | W13: ='20'!G114 -> -561 | X13: ='21'!G114 -> 18 | Y13: ='22'!G114 -> 20 | Z13: ='23'!G114 -> 12 | AA13: ='24'!G114 -> 15 | AB13: ='25'!G114 -> 20 | AC13: ='26'!G114 -> 44 | AD13: ='27'!G114 -> 37 | AE13: ='28'!G114 -> 25 | AF13: ='29'!G114 -> 13 | AG13: ='30'!G114 -> 13 | AH13: ='31'!G114 -> 20
C14: Zone-3 | D14: ='1'!G115 -> 5 | E14: ='2'!G115 -> 3 | F14: ='3'!G115 -> 6 | G14: ='4'!G115 -> 7 | H14: ='5'!G115 -> 11 | I14: ='6'!G115 -> 6 | J14: ='7'!G115 -> 7 | K14: ='8'!G115 -> 7 | L14: ='9'!G115 -> 7 | M14: ='10'!G115 -> 13 | N14: ='11'!G115 -> 3 | O14: ='12'!G115 -> 8 | P14: ='13'!G115 -> 6 | Q14: ='14'!G115 -> 20 | R14: ='15'!G115 -> 13 | S14: ='16'!G115 -> 13 | T14: ='17'!G115 -> 6 | U14: ='18'!G115 -> 5 | V14: ='19'!G115 -> 2 | W14: ='20'!G115 -> -222 | X14: ='21'!G115 -> 6 | Y14: ='22'!G115 -> 10 | Z14: ='23'!G115 -> 12 | AA14: ='24'!G115 -> 8 | AB14: ='25'!G115 -> 6 | AC14: ='26'!G115 -> 10 | AD14: ='27'!G115 -> 5 | AE14: ='28'!G115 -> 7 | AF14: ='29'!G115 -> 5 | AG14: ='30'!G115 -> 6 | AH14: ='31'!G115 -> 6
B16: Branches ( Domestic water ) | C16: Pool | D16: ='1'!G104 -> 0 | E16: ='2'!G104 -> 0 | F16: ='3'!G104 -> 0 | G16: ='4'!G104 -> 0 | H16: ='5'!G104 -> 0 | I16: ='6'!G104 -> 0 | J16: ='7'!G104 -> 0 | K16: ='8'!G104 -> 0 | L16: ='9'!G104 -> 0 | M16: ='10'!G104 -> 0 | N16: ='11'!G104 -> 0 | O16: ='12'!G104 -> 0 | P16: ='13'!G104 -> 0 | Q16: ='14'!G104 -> 87 | R16: ='15'!G104 -> 0 | S16: ='16'!G104 -> 0 | T16: ='17'!G104 -> 0 | U16: ='18'!G104 -> 0 | V16: ='19'!G104 -> 0 | W16: ='20'!G104 -> -87 | X16: ='21'!G104 -> 0 | Y16: ='22'!G104 -> 0 | Z16: ='23'!G104 -> 0 | AA16: ='24'!G104 -> 0 | AB16: ='25'!G104 -> 0 | AC16: ='26'!G104 -> 0 | AD16: ='27'!G104 -> 0 | AE16: ='28'!G104 -> 0 | AF16: ='29'!G104 -> 0 | AG16: ='30'!G104 -> 0 | AH16: ='31'!G104 -> 0
C17: B2 Laundry | D17: ='1'!G105 -> 8 | E17: ='2'!G105 -> 8 | F17: ='3'!G105 -> 6 | G17: ='4'!G105 -> 6 | H17: ='5'!G105 -> 14 | I17: ='6'!G105 -> 6 | J17: ='7'!G105 -> 6 | K17: ='8'!G105 -> 9 | L17: ='9'!G105 -> 0 | M17: ='10'!G105 -> 12 | N17: ='11'!G105 -> 7 | O17: ='12'!G105 -> 9 | P17: ='13'!G105 -> 11 | Q17: ='14'!G105 -> 11 | R17: ='15'!G105 -> 17 | S17: ='16'!G105 -> 12 | T17: ='17'!G105 -> 9 | U17: ='18'!G105 -> 8 | V17: ='19'!G105 -> 7 | W17: ='20'!G105 -> -246 | X17: ='21'!G105 -> 7 | Y17: ='22'!G105 -> 9 | Z17: ='23'!G105 -> 6 | AA17: ='24'!G105 -> 6 | AB17: ='25'!G105 -> 14 | AC17: ='26'!G105 -> 7 | AD17: ='27'!G105 -> 12 | AE17: ='28'!G105 -> 0 | AF17: ='29'!G105 -> 10 | AG17: ='30'!G105 -> 3 | AH17: ='31'!G105 -> 12
C18: Boiler Feed Water | D18: ='1'!G106 -> 7 | E18: ='2'!G106 -> 5 | F18: ='3'!G106 -> 5 | G18: ='4'!G106 -> 6 | H18: ='5'!G106 -> 9 | I18: ='6'!G106 -> 6 | J18: ='7'!G106 -> 4 | K18: ='8'!G106 -> 5 | L18: ='9'!G106 -> 4 | M18: ='10'!G106 -> 3 | N18: ='11'!G106 -> 6 | O18: ='12'!G106 -> 12 | P18: ='13'!G106 -> 6 | Q18: ='14'!G106 -> 5 | R18: ='15'!G106 -> 11 | S18: ='16'!G106 -> 6 | T18: ='17'!G106 -> 5 | U18: ='18'!G106 -> 10 | V18: ='19'!G106 -> 6 | W18: ='20'!G106 -> -172 | X18: ='21'!G106 -> 7 | Y18: ='22'!G106 -> 6 | Z18: ='23'!G106 -> 8 | AA18: ='24'!G106 -> 5 | AB18: ='25'!G106 -> 7 | AC18: ='26'!G106 -> 3 | AD18: ='27'!G106 -> 7 | AE18: ='28'!G106 -> 0 | AF18: ='29'!G106 -> 4 | AG18: ='30'!G106 -> 5 | AH18: ='31'!G106 -> 5
B20: Branches ( STP Water ) | C20: CT water | D20: ='1'!G109 -> 41 | E20: ='2'!G109 -> 61 | F20: ='3'!G109 -> 58 | G20: ='4'!G109 -> 55 | H20: ='5'!G109 -> 115 | I20: ='6'!G109 -> 40 | J20: ='7'!G109 -> 39 | K20: ='8'!G109 -> 74 | L20: ='9'!G109 -> 53 | M20: ='10'!G109 -> 61 | N20: ='11'!G109 -> 105 | O20: ='12'!G109 -> 64 | P20: ='13'!G109 -> 60 | Q20: ='14'!G109 -> 60 | R20: ='15'!G109 -> 83 | S20: ='16'!G109 -> 60 | T20: ='17'!G109 -> 40 | U20: ='18'!G109 -> 60 | V20: ='19'!G109 -> 40 | W20: ='20'!G109 -> -1683 | X20: ='21'!G109 -> 41 | Y20: ='22'!G109 -> 62 | Z20: ='23'!G109 -> 45 | AA20: ='24'!G109 -> 61 | AB20: ='25'!G109 -> 41 | AC20: ='26'!G109 -> 42 | AD20: ='27'!G109 -> 42 | AE20: ='28'!G109 -> 63 | AF20: ='29'!G109 -> 43 | AG20: ='30'!G109 -> 63 | AH20: ='31'!G109 -> 66
C21: STP flush | D21: ='1'!G110 -> 79 | E21: ='2'!G110 -> 39 | F21: ='3'!G110 -> 93 | G21: ='4'!G110 -> 47 | H21: ='5'!G110 -> 79 | I21: ='6'!G110 -> 45 | J21: ='7'!G110 -> 101 | K21: ='8'!G110 -> 43 | L21: ='9'!G110 -> 63 | M21: ='10'!G110 -> 64 | N21: ='11'!G110 -> 99 | O21: ='12'!G110 -> 59 | P21: ='13'!G110 -> 86 | Q21: ='14'!G110 -> 42 | R21: ='15'!G110 -> 86 | S21: ='16'!G110 -> 58 | T21: ='17'!G110 -> 37 | U21: ='18'!G110 -> 92 | V21: ='19'!G110 -> 31 | W21: ='20'!G110 -> -1764 | X21: ='21'!G110 -> 21 | Y21: ='22'!G110 -> 51 | Z21: ='23'!G110 -> 41 | AA21: ='24'!G110 -> 35 | AB21: ='25'!G110 -> 60 | AC21: ='26'!G110 -> 60 | AD21: ='27'!G110 -> 59 | AE21: ='28'!G110 -> 48 | AF21: ='29'!G110 -> 35 | AG21: ='30'!G110 -> 91 | AH21: ='31'!G110 -> 67
C22: Garden | D22: ='1'!G111 -> 0 | E22: ='2'!G111 -> 16 | F22: ='3'!G111 -> 0 | G22: ='4'!G111 -> 14 | H22: ='5'!G111 -> 0 | I22: ='6'!G111 -> 32 | J22: ='7'!G111 -> 0 | K22: ='8'!G111 -> 0 | L22: ='9'!G111 -> 37 | M22: ='10'!G111 -> 6 | N22: ='11'!G111 -> 12 | O22: ='12'!G111 -> 0 | P22: ='13'!G111 -> 13 | Q22: ='14'!G111 -> 0 | R22: ='15'!G111 -> 13 | S22: ='16'!G111 -> 0 | T22: ='17'!G111 -> 22 | U22: ='18'!G111 -> 7 | V22: ='19'!G111 -> 0 | W22: ='20'!G111 -> -235 | X22: ='21'!G111 -> 17 | Y22: ='22'!G111 -> 0 | Z22: ='23'!G111 -> 13 | AA22: ='24'!G111 -> 0 | AB22: ='25'!G111 -> 14 | AC22: ='26'!G111 -> 0 | AD22: ='27'!G111 -> 5 | AE22: ='28'!G111 -> 0 | AF22: ='29'!G111 -> 0 | AG22: ='30'!G111 -> 28 | AH22: ='31'!G111 -> 0
B24: Domestic consumption | D24: =SUM(D8:D10,D13:D14,) -> 134 | E24: =SUM(E8:E10,E13:E14,) -> 130 | F24: =SUM(F8:F10,F13:F14,) -> 149 | G24: =SUM(G8:G10,G13:G14,) -> 179 | H24: =SUM(H8:H10,H13:H14,) -> 150 | I24: =SUM(I8:I10,I13:I14,) -> 143 | J24: =SUM(J8:J10,J13:J14,) -> 146 | K24: =SUM(K8:K10,K13:K14,) -> 165 | ... AI24: =SUM(AI8:AI10,AI13:AI14,) -> 0
B26: STP +Flush Consumption | D26: =SUM(D12,D20,D22) -> 124 | E26: =SUM(E12,E20,E22) -> 144 | F26: =SUM(F12,F20,F22) -> 130 | G26: =SUM(G12,G20,G22) -> 136 | H26: =SUM(H12,H20,H22) -> 155 | I26: =SUM(I12,I20,I22) -> 144 | J26: =SUM(J12,J20,J22) -> 97 | K26: =SUM(K12,K20,K22) -> 152 | ... AH26: =SUM(AH12,AH20,AH22) -> 141 | AI26: =SUM(AI12) -> 0
B28: BOH | D28: =D8 -> 72 | E28: =E8 -> 70 | F28: =F8 -> 64 | G28: =G8 -> 78 | H28: =H8 -> 55 | I28: =I8 -> 61 | J28: =J8 -> 57 | K28: =K8 -> 71 | ... AH28: =AH8 -> 69
B29: Guest Floor | D29: =SUM(D9:D10,D13:D14) -> 62 | E29: =SUM(E9:E10,E13:E14) -> 60 | F29: =SUM(F9:F10,F13:F14) -> 85 | G29: =SUM(G9:G10,G13:G14) -> 101 | H29: =SUM(H9:H10,H13:H14) -> 95 | I29: =SUM(I9:I10,I13:I14) -> 82 | J29: =SUM(J9:J10,J13:J14) -> 89 | K29: =SUM(K9:K10,K13:K14) -> 94 | ... AH29: =SUM(AH9:AH10,AH13:AH14) -> 81
B30: Guest floor% | D30: =D29/SUM(D28:D29)% -> 46.268657 | E30: =E29/SUM(E28:E29)% -> 46.153846 | F30: =F29/SUM(F28:F29)% -> 57.04698 | G30: =G29/SUM(G28:G29)% -> 56.424581 | H30: =H29/SUM(H28:H29)% -> 63.333333 | I30: =I29/SUM(I28:I29)% -> 57.342657 | J30: =J29/SUM(J28:J29)% -> 60.958904 | K30: =K29/SUM(K28:K29)% -> 56.969697 | ... AH30: =AH29/SUM(AH28:AH29)% -> 54

Sheet Section Load
B2: Electrical | AJ2: Boiler Running
B3: MK-1 | C3: MK-2 | D3: Prato | E3: San- Qi Indian | F3: San- Qi Japanese | G3: The club | H3: AER | I3: COLD ROOM'S | J3: Ball Room 1 | K3: Ball Room 2 | L3: B1 Laundry | M3: B2 Laundry | N3: STP | O3: MOCK Up Room | P3: 27th Floor | Q3: Physic57 | R3: Pinoor Legal- Power+lighting | S3: 2nd floor plant room | T3: 5th Floor | U3: 5th Floor | V3: 12th Floor | W3: 20th Floor | X3: 27th Floor | Y3: 34th Floor | Z3: Sanqi | AA3: CT | AB3: MGL | AC3: HWG | AD3: Prato | AE3: BR-1 | AF3: SanQi IND | AG3: SanQi JPN | AH3: Boiler | AI3: HWG | AJ3: Boiler1 | AK3: Boiler2 | AL3: Boiler3 (400Kg) | AM3: Total
A4: 44044 | B4: ='1'!G72 -> 84 | C4: ='1'!$G$73 -> 0 | D4: ='1'!$G$74 -> 23 | E4: ='1'!$G$75 -> 183 | F4: ='1'!$G$76 -> 74 | G4: ='1'!$G$77 -> 48 | H4: ='1'!$G$78 -> 334 | I4: ='1'!$G$79 -> 205 | J4: ='1'!$G$80 -> 308 | K4: ='1'!$G$81 -> 76 | L4: ='1'!$G$82 -> 45 | M4: ='1'!$G$58 -> 174.52 | N4: ='1'!$G$83 -> 433 | O4: ='1'!G86 -> 124.36 | P4: ='1'!G87 -> 31.4 | Q4: ='1'!G88 -> 87 | R4: ='1'!G89+'1'!G90 -> 75.9 | S4: ='1'!$G$62 -> 0 | T4: ='1'!$G$63 -> 14.46 | U4: ='1'!$G$64 -> 445.63 | V4: ='1'!$G$65 -> 382.9 | W4: ='1'!$G$66 -> 390.09 | X4: ='1'!$G$67 -> 657.86 | Y4: ='1'!$G$68 -> 327.79 | Z4: ='1'!$G$69 -> 319.9 | AA4: ='1'!$G$84 -> 521 | AB4: ='1'!$G$15 -> 797.95 | AC4: ='1'!$G$123 -> 270.38 | AD4: ='1'!$G$124 -> 0 | AE4: ='1'!$G$125 -> 59 | AF4: ='1'!$G$126 -> 28.2 | AG4: ='1'!$G$127 -> 0 | AH4: =AB4-SUM(AC4:AG4) -> 440.37 | AI4: ='1'!G140 -> 0 | AJ4: ='1'!$G$136 -> 7.89 | AK4: ='1'!$G$137 -> 0.4 | AL4: ='1'!$G$138 -> 0 | AM4: =SUM(AJ4:AL4) -> 8.29
A5: 44045 | B5: ='2'!G72 -> 84 | C5: ='2'!$G$73 -> 0 | D5: ='2'!$G$74 -> 27 | E5: ='2'!$G$75 -> 184 | F5: ='2'!$G$76 -> 73 | G5: ='2'!$G$77 -> 59 | H5: ='2'!$G$78 -> 380 | I5: ='2'!$G$79 -> 196 | J5: ='2'!$G$80 -> 318 | K5: ='2'!$G$81 -> 102 | L5: ='2'!$G$82 -> 55 | M5: ='2'!$G$58 -> 153.57 | N5: ='2'!$G$83 -> 428 | O5: ='2'!G86 -> 141.64 | P5: ='2'!G87 -> 34.3 | Q5: ='2'!G88 -> 54 | R5: ='2'!G89+'2'!G90 -> 95.2 | S5: ='2'!$G$62 -> 0 | T5: ='2'!$G$63 -> 15.01 | U5: ='2'!$G$64 -> 435.91 | V5: ='2'!$G$65 -> 377.99 | W5: ='2'!$G$66 -> 404.17 | X5: ='2'!$G$67 -> 670.61 | Y5: ='2'!$G$68 -> 341.35 | Z5: ='2'!$G$69 -> 310.39 | AA5: ='2'!$G$84 -> 534 | AB5: ='2'!$G$15 -> 860.9 | AC5: ='2'!$G$123 -> 258.22 | AD5: ='2'!$G$124 -> 0 | AE5: ='2'!$G$125 -> 62 | AF5: ='2'!$G$126 -> 52.1 | AG5: ='2'!$G$127 -> 3 | AH5: =AB5-SUM(AC5:AG5) -> 485.58 | AI5: ='2'!$G$140 -> 0 | AJ5: ='2'!$G$136 -> 8.73 | AK5: ='2'!$G$137 -> 0.19 | AL5: ='2'!$G$138 -> 0 | AM5: =SUM(AJ5:AL5) -> 8.92
A6: 44046 | B6: ='3'!G72 -> 88 | C6: ='3'!$G$73 -> 1 | D6: ='3'!$G$74 -> 24 | E6: ='3'!$G$75 -> 192 | F6: ='3'!$G$76 -> 89 | G6: ='3'!$G$77 -> 47 | H6: ='3'!$G$78 -> 425 | I6: ='3'!$G$79 -> 203 | J6: ='3'!$G$80 -> 327 | K6: ='3'!$G$81 -> 104 | L6: ='3'!$G$82 -> 41 | M6: ='3'!$G$58 -> 170 | N6: ='3'!$G$83 -> 394 | O6: ='3'!G86 -> 146 | P6: ='1'!G87 -> 31.4 | Q6: ='3'!G88 -> 63 | R6: ='3'!G89+'3'!G90 -> 66 | S6: ='3'!$G$62 -> 0 | T6: ='3'!$G$63 -> 15 | U6: ='3'!$G$64 -> 418 | V6: ='3'!$G$65 -> 374 | W6: ='3'!$G$66 -> 419 | X6: ='3'!$G$67 -> 725 | Y6: ='3'!$G$68 -> 331 | Z6: ='3'!$G$69 -> 313 | AA6: ='3'!$G$84 -> 457 | AB6: ='3'!$G$15 -> 873 | AC6: ='3'!$G$123 -> 265 | AD6: ='3'!$G$124 -> 0 | AE6: ='3'!$G$125 -> 83 | AF6: ='3'!$G$126 -> 57 | AG6: ='3'!$G$127 -> 4 | AH6: =AB6-SUM(AC6:AG6) -> 464 | AI6: ='3'!$G$140 -> 0 | AJ6: ='3'!$G$136 -> 3.42 | AK6: ='3'!$G$137 -> 4.47 | AL6: ='3'!$G$138 -> 0 | AM6: =SUM(AJ6:AL6) -> 7.89
A7: 44047 | B7: ='4'!G72 -> 83 | C7: ='4'!$G$73 -> 0 | D7: ='4'!$G$74 -> 32 | E7: ='4'!$G$74 -> 32 | F7: ='4'!$G$76 -> 87 | G7: ='4'!$G$77 -> 71 | H7: ='4'!$G$78 -> 432 | I7: ='4'!$G$79 -> 193 | J7: ='4'!$G$80 -> 310 | K7: ='4'!$G$81 -> 95 | L7: ='4'!$G$82 -> 28 | M7: ='4'!$G$58 -> 179 | N7: ='4'!$G$83 -> 418 | O7: ='4'!G86 -> 133 | P7: ='4'!G87 -> 29 | Q7: ='4'!G88 -> 75 | R7: ='4'!G89+'4'!G90 -> 83 | S7: ='4'!$G$62 -> -0.001 | T7: ='4'!$G$63 -> 14 | U7: ='4'!$G$64 -> 419 | V7: ='4'!$G$65 -> 371 | W7: ='4'!$G$66 -> 396 | X7: ='4'!$G$67 -> 701 | Y7: ='4'!$G$68 -> 343 | Z7: ='4'!$G$69 -> 296 | AA7: ='4'!$G$84 -> 474 | AB7: ='4'!$G$15 -> 796 | AC7: ='4'!$G$123 -> 275 | AD7: ='4'!$G$124 -> 0 | AE7: ='4'!$G$125 -> 68 | AF7: ='4'!$G$126 -> 32 | AG7: ='4'!$G$127 -> 1 | AH7: =AB7-SUM(AC7:AG7) -> 420 | AI7: ='4'!$G$140 -> 0 | AJ7: ='4'!$G$136 -> 5.23 | AK7: ='4'!$G$137 -> 2.17 | AL7: ='4'!$G$138 -> 0 | AM7: =SUM(AJ7:AL7) -> 7.4
A8: 44048 | B8: ='5'!G72 -> 70 | C8: ='5'!$G$73 -> 1 | D8: ='5'!$G$74 -> 28 | E8: ='5'!$G$75 -> 173 | F8: ='5'!$G$76 -> 84 | G8: ='5'!$G$77 -> 82 | H8: ='5'!$G$78 -> 399 | I8: ='5'!$G$79 -> 193 | J8: ='5'!$G$80 -> 310 | K8: ='5'!$G$81 -> 100 | L8: ='5'!$G$82 -> 22 | M8: ='5'!$G$58 -> 143 | N8: ='5'!$G$83 -> 503 | O8: ='5'!G86 -> 112 | P8: ='5'!G87 -> 33 | Q8: ='5'!G88 -> 64 | R8: ='5'!G89+'5'!G90 -> 104 | S8: ='5'!$G$62 -> -0.188 | T8: ='5'!$G$63 -> 15 | U8: ='5'!$G$64 -> 452 | V8: ='5'!$G$65 -> 370 | W8: ='5'!$G$66 -> 388 | X8: ='5'!$G$67 -> 710 | Y8: ='5'!$G$68 -> 344 | Z8: ='5'!$G$69 -> 297 | AA8: ='5'!$G$84 -> 467 | AB8: ='5'!$G$15 -> 778 | AC8: ='5'!$G$123 -> 269 | AD8: ='5'!$G$124 -> 0 | AE8: ='5'!$G$125 -> 77 | AF8: ='5'!$G$126 -> 30 | AG8: ='5'!$G$127 -> 5 | AH8: =AB8-SUM(AC8:AG8) -> 397 | AI8: ='5'!$G$140 -> 0 | AJ8: ='5'!$G$136 -> 5.99 | AK8: ='5'!$G$137 -> 0.61 | AL8: ='5'!$G$138 -> 0 | AM8: =SUM(AJ8:AL8) -> 6.6
A9: 44049 | B9: ='6'!G72 -> 67 | C9: ='6'!$G$73 -> 0 | D9: ='6'!$G$74 -> 30 | E9: ='6'!$G$75 -> 171 | F9: ='6'!$G$76 -> 81 | G9: ='6'!$G$77 -> 64 | H9: ='6'!$G$78 -> 468 | I9: ='6'!$G$79 -> 203 | J9: ='6'!$G$80 -> 308 | K9: ='6'!$G$81 -> 104 | L9: ='6'!$G$82 -> 21 | M9: ='6'!$G$58 -> 158 | N9: ='6'!$G$83 -> 485 | O9: ='6'!G86 -> 159 | P9: ='6'!G87 -> 20 | Q9: ='6'!G88 -> 63 | R9: ='6'!G89+'6'!G90 -> 51 | S9: ='6'!$G$62 -> 0 | T9: ='6'!$G$63 -> 14 | U9: ='6'!$G$64 -> 405 | V9: ='6'!$G$65 -> 367 | W9: ='6'!$G$66 -> 393 | X9: ='6'!$G$67 -> 715 | Y9: ='6'!$G$68 -> 355 | Z9: ='6'!$G$69 -> 280 | AA9: ='6'!$G$84 -> 477 | AB9: ='6'!$G$15 -> 814 | AC9: ='6'!$G$123 -> 288 | AD9: ='6'!$G$124 -> 0 | AE9: ='6'!$G$125 -> 63 | AF9: ='6'!$G$126 -> 43 | AG9: ='6'!$G$127 -> 3 | AH9: =AB9-SUM(AC9:AG9) -> 417 | AI9: ='6'!$G$140 -> 0 | AJ9: ='6'!$G$136 -> 4.8 | AK9: ='6'!$G$137 -> 2.25 | AL9: ='6'!$G$138 -> 0 | AM9: =SUM(AJ9:AL9) -> 7.05
A10: 44050 | B10: ='7'!G72 -> 82 | C10: ='7'!$G$73 -> 0 | D10: ='7'!$G$74 -> 24 | E10: ='7'!$G$75 -> 179 | F10: ='7'!$G$76 -> 87 | G10: ='7'!$G$77 -> 51 | H10: ='7'!$G$78 -> 458 | I10: ='7'!$G$79 -> 194 | J10: ='7'!$G$80 -> 317 | K10: ='7'!$G$81 -> 103 | L10: ='7'!$G$82 -> 26 | M10: ='7'!$G$58 -> 169 | N10: ='7'!$G$83 -> 481 | O10: ='7'!G86 -> 114 | P10: ='7'!G87 -> 0.5 | Q10: ='7'!G88 -> 30 | R10: ='7'!G89+'7'!G90 -> 49 | S10: ='7'!$G$62 -> 0 | T10: ='7'!$G$63 -> 14 | U10: ='7'!$G$64 -> 374.6 | V10: ='7'!$G$65 -> 378.67 | W10: ='7'!$G$66 -> 409 | X10: ='7'!$G$67 -> 727.99 | Y10: ='7'!$G$68 -> 330 | Z10: ='7'!$G$69 -> 310 | AA10: ='7'!$G$84 -> 466 | AB10: ='7'!$G$15 -> 844.45 | AC10: ='7'!$G$123 -> 296 | AD10: ='7'!$G$124 -> 1.4 | AE10: ='7'!$G$125 -> 60.97 | AF10: ='7'!$G$126 -> 40 | AG10: ='7'!$G$127 -> 2 | AH10: =AB10-SUM(AC10:AG10) -> 444.08 | AI10: ='7'!$G$140 -> 0 | AJ10: ='7'!$G$136 -> 7.92 | AK10: ='7'!$G$137 -> -0.03 | AL10: ='7'!$G$138 -> 0 | AM10: =SUM(AJ10:AL10) -> 7.89
A11: 44051 | B11: ='8'!G72 -> 67 | C11: ='8'!$G$73 -> 0 | D11: ='8'!$G$74 -> 23 | E11: ='8'!$G$75 -> 178 | F11: ='8'!$G$76 -> 95 | G11: ='8'!$G$77 -> 49 | H11: ='8'!$G$78 -> 413 | I11: ='8'!$G$79 -> 170 | J11: ='8'!$G$80 -> 264.96 | K11: ='8'!$G$81 -> 89 | L11: ='8'!$G$82 -> 24.8 | M11: ='8'!$G$58 -> 201.56 | N11: ='8'!$G$83 -> 484 | O11: ='8'!G86 -> 131 | P11: ='8'!G87 -> 32 | Q11: ='8'!G88 -> 65.56 | R11: ='8'!G89+'8'!G90 -> 68 | S11: ='8'!$G$62 -> 0 | T11: ='8'!$G$63 -> 14 | U11: ='8'!$G$64 -> 418.4 | V11: ='8'!$G$65 -> 388.9 | W11: ='8'!$G$66 -> 393 | X11: ='8'!$G$67 -> 697.54 | Y11: ='8'!$G$68 -> 344 | Z11: ='8'!$G$69 -> 284 | AA11: ='8'!$G$84 -> 476 | AB11: ='8'!$G$15 -> 816.28 | AC11: ='8'!$G$123 -> 274.98 | AD11: ='8'!$G$124 -> 0 | AE11: ='8'!$G$125 -> 56.75 | AF11: ='8'!$G$126 -> 32.3 | AG11: ='8'!$G$127 -> 2 | AH11: =AB11-SUM(AC11:AG11) -> 450.25 | AI11: ='8'!$G$140 -> 0 | AJ11: ='8'!$G$136 -> 8.63 | AK11: ='8'!$G$137 -> 0.03 | AL11: ='8'!$G$138 -> 0 | AM11: =SUM(AJ11:AL11) -> 8.66
A12: 44052 | B12: ='9'!G72 -> 50 | C12: ='9'!$G$73 -> 0 | D12: ='9'!$G$74 -> 24 | E12: ='9'!$G$75 -> 175 | F12: ='9'!$G$76 -> 143 | G12: ='9'!$G$77 -> 44 | H12: ='9'!$G$78 -> 412 | I12: ='9'!$G$79 -> 190 | J12: ='9'!$G$80 -> 286.04 | K12: ='9'!$G$81 -> 102.92 | L12: ='9'!$G$82 -> 32.02 | M12: ='9'!$G$58 -> 100.23 | N12: ='9'!$G$83 -> 413 | O12: ='9'!G86 -> 134.8 | P12: ='9'!G87 -> 35.8 | Q12: ='9'!G88 -> 50.44 | R12: ='9'!G89+'9'!H90 -> 65 | S12: ='9'!$G$62 -> 0 | T12: ='9'!$G$63 -> 13.25 | U12: ='9'!$G$64 -> 406 | V12: ='9'!$G$65 -> 377.31 | W12: ='9'!$G$66 -> 378 | X12: ='9'!$G$67 -> 693.47 | Y12: ='9'!$G$68 -> 343 | Z12: ='9'!$G$69 -> 276 | AA12: ='9'!$G$84 -> 482 | AB12: ='9'!$G$15 -> 637.05 | AC12: ='9'!$G$123 -> 310.02 | AD12: ='9'!$G$124 -> 0 | AE12: ='9'!$G$125 -> 47.86 | AF12: ='9'!$G$126 -> 31.7 | AG12: ='9'!$G$127 -> 1.8 | AH12: =AB12-SUM(AC12:AG12) -> 245.67 | AI12: ='9'!$G$140 -> 0 | AJ12: ='9'!$G$136 -> 0.25 | AK12: ='9'!$G$137 -> -0.03 | AL12: ='9'!$G$138 -> 9.08 | AM12: =SUM(AJ12:AL12) -> 9.3
A13: 44053 | B13: ='10'!G72 -> 44 | C13: ='10'!$G$73 -> 0 | D13: ='10'!$G$74 -> 15.21 | E13: ='10'!$G$75 -> 183.85 | F13: ='10'!$G$76 -> 80.05 | G13: ='10'!$G$77 -> 48 | H13: ='10'!$G$78 -> 433 | I13: ='10'!$G$79 -> 185 | J13: ='10'!$G$80 -> 284.76 | K13: ='10'!$G$81 -> 103.08 | L13: ='10'!$G$82 -> 25.16 | M13: ='10'!$G$58 -> 197.63 | N13: ='10'!$G$83 -> 262 | O13: ='10'!G86 -> 147.2 | P13: ='10'!G87 -> 36.1 | Q13: ='10'!G88 -> 83 | R13: ='10'!G87+'10'!H90 -> 49.8 | S13: ='10'!$G$62 -> 0 | T13: ='10'!$G$63 -> 12.45 | U13: ='10'!$G$64 -> 440.71 | V13: ='10'!$G$65 -> 374.12 | W13: ='10'!$G$66 -> 374 | X13: ='10'!$G$67 -> 725 | Y13: ='10'!$G$68 -> 345 | Z13: ='10'!$G$69 -> 295.8 | AA13: ='10'!$G$84 -> 496 | AB13: ='10'!$G$15 -> 899.1 | AC13: ='10'!$G$123 -> 286 | AD13: ='10'!$G$124 -> 0 | AE13: ='10'!$G$125 -> 78.26 | AF13: ='10'!$G$126 -> 32 | AG13: ='10'!$G$127 -> 1.2 | AH13: =AB13-SUM(AC13:AG13) -> 501.64 | AI13: ='10'!$G$140 -> 0 | AJ13: ='10'!$G$136 -> 8.62 | AK13: ='10'!$G$137 -> 0 | AL13: ='10'!$G$138 -> 2.03 | AM13: =SUM(AJ13:AL13) -> 10.65
A14: 44054 | B14: ='11'!G72 -> 50 | C14: ='11'!$G$73 -> 1 | D14: ='11'!$G$74 -> 15.12 | E14: ='11'!$G$75 -> 171.48 | F14: ='11'!$G$76 -> 60.67 | G14: ='11'!$G$77 -> 58 | H14: ='11'!$G$78 -> 434 | I14: ='11'!$G$79 -> 186 | J14: ='11'!$G$80 -> 318.16 | K14: ='11'!$G$81 -> 122.52 | L14: ='11'!$G$82 -> 23.48 | M14: ='11'!$G$58 -> 167.58 | N14: ='11'!$G$83 -> 306 | O14: ='11'!G86 -> 114.88 | P14: ='11'!G87 -> 30.9 | Q14: ='11'!G88 -> 67.7 | R14: ='11'!G87+'11'!H90 -> 34.6 | S14: ='11'!$G$62 -> 0 | T14: ='11'!$G$63 -> 12.3 | U14: ='11'!$G$64 -> 394.29 | V14: ='11'!$G$65 -> 370 | W14: ='11'!$G$66 -> 381 | X14: ='11'!$G$67 -> 708 | Y14: ='11'!$G$68 -> 322 | Z14: ='11'!$G$69 -> 312.2 | AA14: ='11'!$G$84 -> 447 | AB14: ='11'!$G$15 -> 887.12 | AC14: ='11'!$G$123 -> 302.86 | AD14: ='11'!$G$124 -> 0 | AE14: ='11'!$G$125 -> 65.02 | AF14: ='11'!$G$126 -> 38.8 | AG14: ='11'!$G$127 -> 0 | AH14: =AB14-SUM(AC14:AG14) -> 480.44 | AI14: ='11'!$G$140 -> 0 | AJ14: ='11'!$G$136 -> 7.84 | AK14: ='11'!$G$137 -> 0 | AL14: ='11'!$G$138 -> 3 | AM14: =SUM(AJ14:AL14) -> 10.84
A15: 44055 | B15: ='12'!G72 -> 100 | C15: ='12'!$G$73 -> 3 | D15: ='12'!$G$74 -> 14.78 | E15: ='12'!$G$75 -> 182.45 | F15: ='12'!$G$76 -> 81.21 | G15: ='12'!$G$77 -> 54 | H15: ='12'!$G$78 -> 368 | I15: ='12'!$G$79 -> 174 | J15: ='12'!$G$80 -> 295.52 | K15: ='12'!$G$81 -> 103.92 | L15: ='12'!$G$82 -> 23.23 | M15: ='12'!$G$58 -> 180.08 | N15: ='12'!$G$83 -> 303 | O15: ='12'!G86 -> 119.04 | P15: ='12'!G87 -> 27.3 | Q15: ='12'!G88 -> 75.46 | R15: ='12'!G87+'12'!H90 -> 32 | S15: ='12'!$G$62 -> 0 | T15: ='12'!$G$63 -> 7.87 | U15: ='12'!$G$64 -> 424.59 | V15: ='12'!$G$65 -> 376.2 | W15: ='12'!$G$66 -> 359.145 | X15: ='12'!$G$67 -> 665.71 | Y15: ='12'!$G$68 -> 349.86 | Z15: ='12'!$G$69 -> 306.55 | AA15: ='12'!$G$84 -> 348 | AB15: ='12'!$G$15 -> 914.918 | AC15: ='12'!$G$123 -> 274.02 | AD15: ='12'!$G$124 -> 0 | AE15: ='12'!$G$125 -> 78.14 | AF15: ='12'!$G$126 -> 37.7 | AG15: ='12'!$G$127 -> 3.4 | AH15: =AB15-SUM(AC15:AG15) -> 521.658 | AI15: ='12'!$G$140 -> -0.47 | AJ15: ='12'!$G$136 -> 8.86 | AK15: ='12'!$G$137 -> 0.03 | AL15: ='12'!$G$138 -> 5.52 | AM15: =SUM(AJ15:AL15) -> 14.41 | AO15: =AC15-AE15 -> 195.88
A16: 44056 | B16: ='13'!G72 -> 87 | C16: ='13'!$G$73 -> 3 | D16: ='13'!$G$74 -> 23.935 | E16: ='13'!$G$75 -> 190.3 | F16: ='13'!$G$76 -> 81.1 | G16: ='13'!$G$77 -> 55 | H16: ='13'!$G$78 -> 416 | I16: ='13'!$G$79 -> 215 | J16: ='13'!$G$80 -> 314.24 | K16: ='13'!$G$81 -> 127.68 | L16: ='13'!$G$82 -> 27.33 | M16: ='13'!$G$58 -> 193.89 | N16: ='13'!$G$83 -> 561 | O16: ='13'!G86 -> 107.52 | P16: ='13'!G87 -> 25.4 | Q16: ='13'!G88 -> 75.83 | R16: ='13'!G87+'13'!H90 -> 26.4 | S16: ='13'!$G$62 -> 0.18 | T16: ='13'!$G$63 -> 13.38 | U16: ='13'!$G$64 -> 400.85 | V16: ='13'!$G$65 -> 392.64 | W16: ='13'!$G$66 -> 399.958 | X16: ='13'!$G$67 -> 714.62 | Y16: ='13'!$G$68 -> 366.91 | Z16: ='13'!$G$69 -> 319.49 | AA16: ='13'!$G$84 -> 512 | AB16: ='13'!$G$15 -> 1043.67 | AC16: ='13'!$G$123 -> 293.52 | AD16: ='13'!$G$124 -> 0 | AE16: ='13'!$G$125 -> 99.25 | AF16: ='13'!$G$126 -> 48.8 | AG16: ='13'!$G$127 -> 4.9 | AH16: =AB16-SUM(AC16:AG16) -> 597.2 | AI16: ='13'!$G$140 -> 0 | AJ16: ='13'!$G$136 -> 9.3 | AK16: ='13'!$G$137 -> 0 | AL16: ='13'!$G$138 -> 2.97 | AM16: =SUM(AJ16:AL16) -> 12.27 | AO16: =AC16-AH16 -> -303.68
A17: 44057 | B17: ='14'!G72 -> 103 | C17: ='14'!$G$73 -> 1 | D17: ='14'!$G$74 -> 61.495 | E17: ='14'!$G$75 -> 207.68 | F17: ='14'!$G$76 -> 90.51 | G17: ='14'!$G$77 -> 54 | H17: ='14'!$G$78 -> 454 | I17: ='14'!$G$79 -> 192 | J17: ='14'!$G$80 -> 386.88 | K17: ='14'!$G$81 -> 135.2 | L17: ='14'!$G$82 -> 26.93 | M17: ='14'!$G$58 -> 225.37 | N17: ='14'!$G$83 -> 490 | O17: ='14'!G86 -> 22 | P17: ='14'!G87 -> 10.5 | Q17: ='14'!G88 -> 41.82 | R17: ='14'!G87+'14'!H90 -> 11.5 | S17: ='14'!$G$62 -> 0 | T17: ='14'!$G$63 -> 13.23 | U17: ='14'!$G$64 -> 391.26 | V17: ='14'!$G$65 -> 404.09 | W17: ='14'!$G$66 -> 402.837 | X17: ='14'!$G$67 -> 738.36 | Y17: ='14'!$G$68 -> 357.767 | Z17: ='14'!$G$69 -> 312.35 | AA17: ='14'!$G$84 -> 498 | AB17: ='14'!$G$15 -> 1135.493 | AC17: ='14'!$G$123 -> 307.53 | AD17: ='14'!$G$124 -> 0 | AE17: ='14'!$G$125 -> 112.34 | AF17: ='14'!$G$126 -> 52.1 | AG17: ='14'!$G$127 -> 8.5 | AH17: =AB17-SUM(AC17:AG17) -> 655.023 | AI17: ='14'!$G$140 -> 0 | AJ17: ='14'!$G$136 -> 9.97 | AK17: ='14'!$G$137 -> 0 | AL17: ='14'!$G$138 -> 7.41 | AM17: =SUM(AJ17:AL17) -> 17.38 | AO17: =AC17-AH17 -> -347.493
A18: 44058 | B18: ='15'!G72 -> 93 | C18: ='15'!$G$73 -> 1 | D18: ='15'!$G$74 -> 63.38 | E18: ='15'!$G$75 -> 209.36 | F18: ='15'!$G$76 -> 79.01 | G18: ='15'!$G$77 -> 54 | H18: ='15'!$G$78 -> 401 | I18: ='15'!$G$79 -> 211 | J18: ='15'!$G$80 -> 412.96 | K18: ='15'!$G$81 -> 139.72 | L18: ='15'!$G$82 -> 28.06 | M18: ='15'!$G$58 -> 286.33 | N18: ='15'!$G$83 -> 538 | O18: ='15'!G86 -> 104.4 | P18: ='15'!G87 -> 34.3 | Q18: ='15'!G88 -> 77.08 | R18: ='15'!G87+'15'!H90 -> 38.3 | S18: ='15'!$G$62 -> 0 | T18: ='15'!$G$63 -> 12.22 | U18: ='15'!$G$64 -> 426.88 | V18: ='15'!$G$65 -> 404.42 | W18: ='15'!$G$66 -> 400.69 | X18: ='15'!$G$67 -> 714.48 | Y18: ='15'!$G$68 -> 337.843 | Z18: ='15'!$G$69 -> 305.82 | AA18: ='15'!$G$84 -> 536 | AB18: ='15'!$G$15 -> 1235.289 | AC18: ='15'!$G$123 -> 276.41 | AD18: ='15'!$G$124 -> 0 | AE18: ='15'!$G$125 -> 135.35 | AF18: ='15'!$G$126 -> 41.5 | AG18: ='15'!$G$127 -> 5.5 | AH18: =AB18-SUM(AC18:AG18) -> 776.529 | AI18: ='15'!$G$140 -> 0 | AJ18: ='15'!$G$136 -> 10.5 | AK18: ='15'!$G$137 -> 4.26 | AL18: ='15'!$G$138 -> 0.69 | AM18: =SUM(AJ18:AL18) -> 15.45 | AO18: =AC18-AH18 -> -500.119
A19: 44059 | B19: ='16'!G72 -> 96 | C19: ='16'!$G$73 -> 1 | D19: ='16'!$G$74 -> 49.52 | E19: ='16'!$G$75 -> 202.61 | F19: ='16'!$G$76 -> 72.6 | G19: ='16'!$G$77 -> 54 | H19: ='16'!$G$78 -> 383 | I19: ='16'!$G$79 -> 212 | J19: ='16'!$G$80 -> 391.48 | K19: ='16'!$G$81 -> 120.96 | L19: ='16'!$G$82 -> 26.43 | M19: ='16'!$G$58 -> 210.53 | N19: ='16'!$G$83 -> 497 | O19: ='16'!G86 -> 108.2 | P19: ='16'!G87 -> 20.2 | Q19: ='16'!G88 -> 80.02 | R19: ='16'!G87+'16'!H90 -> 25 | S19: ='16'!$G$62 -> 0 | T19: ='16'!$G$63 -> 11.93 | U19: ='16'!$G$64 -> 432.27 | V19: ='16'!$G$65 -> 401.57 | W19: ='16'!$G$66 -> 409.76 | X19: ='16'!$G$67 -> 678.08 | Y19: ='16'!$G$68 -> 314.8 | Z19: ='16'!$G$69 -> 302.35 | AA19: ='16'!$G$84 -> 659 | AB19: ='16'!$G$15 -> 1012.57 | AC19: ='16'!$G$123 -> 274.44 | AD19: ='16'!$G$124 -> 0 | AE19: ='16'!$G$125 -> 87.94 | AF19: ='16'!$G$126 -> 24.8 | AG19: ='16'!$G$127 -> 2.1 | AH19: =AB19-SUM(AC19:AG19) -> 623.29 | AI19: ='16'!$G$140 -> 0 | AJ19: ='16'!$G$136 -> 10.34 | AK19: ='16'!$G$137 -> 0 | AL19: ='16'!$G$138 -> 4.59 | AM19: =SUM(AJ19:AL19) -> 14.93 | AO19: =AC19-AH19 -> -348.85
A20: 44060 | B20: ='18'!G72 -> 65 | C20: ='17'!$G$73 -> 0 | D20: ='17'!$G$74 -> 52.42 | E20: ='17'!$G$75 -> 190.22 | F20: ='17'!$G$76 -> 77.5 | G20: ='17'!$G$77 -> 54 | H20: ='17'!$G$78 -> 362 | I20: ='17'!$G$79 -> 192 | J20: ='17'!$G$80 -> 341.96 | K20: ='17'!$G$81 -> 91.16 | L20: ='17'!$G$82 -> 28.88 | M20: ='17'!$G$58 -> 201.11 | N20: ='17'!$G$83 -> 450 | O20: ='17'!G86 -> 58.96 | P20: ='17'!G87 -> 30.7 | Q20: ='17'!G88 -> 82.99 | R20: ='17'!G87+'17'!H90 -> 34.2 | S20: ='17'!$G$62 -> 0 | T20: ='17'!$G$63 -> 13.72 | U20: ='17'!$G$64 -> 429.93 | V20: ='17'!$G$65 -> 403.89 | W20: ='17'!$G$66 -> 394.95 | X20: ='17'!$G$67 -> 678.64 | Y20: ='17'!$G$68 -> 338.99 | Z20: ='17'!$G$69 -> 307.69 | AA20: ='17'!$G$84 -> 482 | AB20: ='17'!$G$15 -> 930.51 | AC20: ='17'!$G$123 -> 259.15 | AD20: ='17'!$G$124 -> 0 | AE20: ='17'!$G$125 -> 67.6 | AF20: ='17'!$G$126 -> 16.1 | AG20: ='17'!$G$127 -> 4.7 | AH20: =AB20-SUM(AC20:AG20) -> 582.96 | AI20: ='17'!$G$140 -> 0 | AJ20: ='17'!$G$136 -> 9.65 | AK20: ='17'!$G$137 -> 0 | AL20: ='17'!$G$138 -> 4.31 | AM20: =SUM(AJ20:AL20) -> 13.96 | AO20: =AC20-AH20 -> -323.81
A21: 44061 | B21: ='18'!G72 -> 65 | C21: ='18'!$G$73 -> 0 | D21: ='18'!$G$74 -> 52.02 | E21: ='18'!$G$75 -> 200.06 | F21: ='18'!$G$76 -> 87.44 | G21: ='18'!$G$77 -> 51 | H21: ='18'!$G$78 -> 370 | I21: ='18'!$G$79 -> 176 | J21: ='18'!$G$80 -> 337.04 | K21: ='18'!$G$81 -> 94.84 | L21: ='18'!$G$82 -> 20.68 | M21: ='18'!$G$58 -> 214.38 | N21: ='18'!$G$83 -> 499 | O21: ='18'!G86 -> 129 | P21: ='18'!G87 -> 30.3 | Q21: ='18'!G88 -> 76.1 | R21: ='18'!G87+'18'!H90 -> 34.1 | S21: ='18'!$G$62 -> 0 | T21: ='18'!$G$63 -> 13.37 | U21: ='18'!$G$64 -> 429.2 | V21: ='18'!$G$65 -> 397.29 | W21: ='18'!$G$66 -> 398.94 | X21: ='18'!$G$67 -> 665.11 | Y21: ='18'!$G$68 -> 390.13 | Z21: ='18'!$G$69 -> 316.02 | AA21: ='18'!$G$84 -> 482 | AB21: ='18'!$G$15 -> 840.14 | AC21: ='18'!$G$123 -> 260.41 | AD21: ='18'!$G$124 -> 0 | AE21: ='18'!$G$125 -> 77.27 | AF21: ='18'!$G$126 -> 25.7 | AG21: ='18'!$G$127 -> 1.1 | AH21: =AB21-SUM(AC21:AG21) -> 475.66 | AI21: ='18'!$G$140 -> 0 | AJ21: ='18'!$G$136 -> 5.66 | AK21: ='18'!$G$137 -> 2.27 | AL21: ='18'!$G$138 -> 4.38 | AM21: =SUM(AJ21:AL21) -> 12.31 | AO21: =AC21-AH21 -> -215.25
A22: 44062 | B22: ='19'!G72 -> 71 | C22: ='19'!$G$73 -> 0 | D22: ='19'!$G$74 -> 29.22 | E22: ='19'!$G$75 -> 160.39 | F22: ='19'!$G$76 -> 69.06 | G22: ='19'!$G$77 -> 52 | H22: ='19'!$G$78 -> 333 | I22: ='19'!$G$79 -> 178 | J22: ='19'!$G$80 -> 344 | K22: ='19'!$G$81 -> 108 | L22: ='19'!$G$82 -> 25 | M22: ='19'!$G$58 -> 219.31 | N22: ='19'!$G$83 -> 355 | O22: ='19'!G86 -> 142 | P22: ='19'!G87 -> 25 | Q22: ='19'!G88 -> 93 | R22: ='19'!G87+'19'!H90 -> 29.8 | S22: ='19'!$G$62 -> 0.02 | T22: ='19'!$G$63 -> 13.28 | U22: ='19'!$G$64 -> 412.02 | V22: ='19'!$G$65 -> 402.9 | W22: ='19'!$G$66 -> 405.72 | X22: ='19'!$G$67 -> 639 | Y22: ='19'!$G$68 -> 342.7 | Z22: ='19'!$G$69 -> 311.73 | AA22: ='19'!$G$84 -> 499 | AB22: ='19'!$G$15 -> 881.41 | AC22: ='19'!$G$123 -> 241.66 | AD22: ='19'!$G$124 -> -0.4 | AE22: ='19'!$G$125 -> 89.25 | AF22: ='19'!$G$126 -> 23.5 | AG22: ='19'!$G$127 -> 1.8 | AH22: =AB22-SUM(AC22:AG22) -> 525.6 | AI22: ='19'!$G$140 -> 0 | AJ22: ='19'!$G$136 -> 8.1 | AK22: ='19'!$G$137 -> 0 | AL22: ='19'!$G$138 -> 2.84 | AM22: =SUM(AJ22:AL22) -> 10.94 | AO22: =AC22-AH22 -> -283.94
A23: 44063 | B23: ='20'!G72 -> -2180 | C23: ='20'!$G$73 -> -31 | D23: ='20'!$G$74 -> 881628 | E23: ='20'!$G$75 -> 733409 | F23: ='20'!$G$76 -> 685325 | G23: ='20'!$G$77 -> -1639 | H23: ='20'!$G$78 -> -11671 | I23: ='20'!$G$79 -> -5744 | J23: ='20'!$G$80 -> -9569.84 | K23: ='20'!$G$81 -> -3205.56 | L23: ='20'!$G$82 -> -1033.04 | M23: ='20'!$G$58 -> -5469.23 | N23: ='20'!$G$83 -> -11384 | O23: ='20'!G86 -> -3236.64 | P23: ='20'!G87 -> -759.5 | Q23: ='20'!G88 -> -1984.8 | R23: ='20'!G87+'20'!H90 -> -858.7 | S23: ='20'!$G$62 -> 0 | T23: ='20'!$G$63 -> -365.1 | U23: ='20'!$G$64 -> -12642.33 | V23: ='20'!$G$65 -> -11787.16 | W23: ='20'!$G$66 -> -11895.09 | X23: ='20'!$G$67 -> -20453.01 | Y23: ='20'!$G$68 -> -10062.92 | Z23: ='20'!$G$69 -> -9145.35 | AA23: ='20'!$G$84 -> -15159 | AB23: ='20'!$G$15 -> -25919 | AC23: ='20'!$G$123 -> -8157.16 | AD23: ='20'!$G$124 -> -0.7 | AE23: ='20'!$G$125 -> -2235.71 | AF23: ='20'!$G$126 -> -1051.5 | AG23: ='20'!$G$127 -> -93.9 | AH23: =AB23-SUM(AC23:AG23) -> -14380.03 | AI23: ='20'!$G$140 -> 0 | AJ23: ='20'!$G$136 -> -207.79 | AK23: ='20'!$G$137 -> -36 | AL23: ='20'!$G$138 -> -52.91 | AM23: =SUM(AJ23:AL23) -> -296.7 | AO23: =AC23-AH23 -> 6222.87
A24: 44064 | B24: ='21'!G72 -> 50 | C24: ='21'!$G$73 -> 1 | D24: ='21'!$G$74 -> 29 | E24: ='21'!$G$75 -> 186 | F24: ='21'!$G$76 -> 90 | G24: ='21'!$G$77 -> 52 | H24: ='21'!$G$78 -> 327 | I24: ='21'!$G$79 -> 193 | J24: ='21'!$G$80 -> 293.24 | K24: ='21'!$G$81 -> 103.26 | L24: ='21'!$G$82 -> 29.39 | M24: ='21'!$G$58 -> 243.34 | N24: ='21'!$G$83 -> 227 | O24: ='21'!G86 -> 134.04 | P24: ='21'!G87 -> 30.2 | Q24: ='21'!G88 -> 54.59 | R24: ='21'!G87+'21'!H90 -> 34.7 | S24: ='21'!$G$62 -> 0 | T24: ='21'!$G$63 -> 9.24 | U24: ='21'!$G$64 -> 445.95 | V24: ='21'!$G$65 -> 432.76 | W24: ='21'!$G$66 -> 368.81 | X24: ='21'!$G$67 -> 637.36 | Y24: ='21'!$G$68 -> 310.3 | Z24: ='21'!$G$69 -> 291.73 | AA24: ='21'!$G$84 -> 537 | AB24: ='21'!$G$15 -> 906.94 | AC24: ='21'!$G$123 -> 243.01 | AD24: ='21'!$G$124 -> 0 | AE24: ='21'!$G$125 -> 80.73 | AF24: ='21'!$G$126 -> 38.5 | AG24: ='21'!$G$127 -> 1.6 | AH24: =AB24-SUM(AC24:AG24) -> 543.1 | AI24: ='21'!$G$140 -> 0 | AJ24: ='21'!$G$136 -> 0 | AK24: ='21'!$G$137 -> 9.86 | AL24: ='21'!$G$138 -> 0 | AM24: =SUM(AJ24:AL24) -> 9.86 | AO24: =AC24-AH24 -> -300.09
A25: 44065 | B25: ='22'!G72 -> 37 | C25: ='22'!$G$73 -> 1 | D25: ='22'!$G$74 -> 31 | E25: ='22'!$G$75 -> 182 | F25: ='22'!$G$76 -> 79 | G25: ='22'!$G$77 -> 55 | H25: ='22'!$G$78 -> 338 | I25: ='22'!$G$79 -> 186 | J25: ='22'!$G$80 -> 294.6 | K25: ='22'!$G$81 -> 104.3 | L25: ='22'!$G$82 -> 29.65 | M25: ='22'!$G$58 -> 221.17 | N25: ='22'!$G$83 -> 256 | O25: ='22'!G86 -> 96.6 | P25: ='22'!G87 -> 28 | Q25: ='22'!G88 -> 61.21 | R25: ='22'!G87+'22'!H90 -> 32.7 | S25: ='22'!$G$62 -> 0 | T25: ='22'!$G$63 -> 7.85 | U25: ='22'!$G$64 -> 430.26 | V25: ='22'!$G$65 -> 405.02 | W25: ='22'!$G$66 -> 352.06 | X25: ='22'!$G$67 -> 641.65 | Y25: ='22'!$G$68 -> 315.18 | Z25: ='22'!$G$69 -> 300.76 | AA25: ='22'!$G$84 -> 553 | AB25: ='22'!$G$15 -> 904 | AC25: ='22'!$G$123 -> 268.23 | AD25: ='22'!$G$124 -> 0 | AE25: ='22'!$G$125 -> 80.03 | AF25: ='22'!$G$126 -> 39 | AG25: ='22'!$G$127 -> 6.3 | AH25: =AB25-SUM(AC25:AG25) -> 510.44 | AI25: ='22'!$G$140 -> 0 | AJ25: ='22'!$G$136 -> 0 | AK25: ='22'!$G$137 -> 9.52 | AL25: ='22'!$G$138 -> 0 | AM25: =SUM(AJ25:AL25) -> 9.52 | AO25: =AC25-AH25 -> -242.21
A26: 44066 | B26: ='23'!G72 -> 40 | C26: ='23'!G72 -> 40 | D26: ='23'!$G$74 -> 39 | E26: ='23'!$G$75 -> 221 | F26: ='23'!$G$76 -> 80 | G26: ='23'!$G$77 -> 55 | H26: ='23'!$G$78 -> 339 | I26: ='23'!$G$79 -> 193 | J26: ='23'!$G$80 -> 319 | K26: ='23'!$G$81 -> 83 | L26: ='23'!$G$82 -> 58 | M26: ='23'!$G$58 -> 204.78 | N26: ='23'!$G$83 -> 228 | O26: ='23'!$G$86 -> 70 | P26: ='23'!G87 -> 9.6 | Q26: ='23'!G88 -> 50.61 | R26: ='23'!G87+'23'!H90 -> 10.6 | S26: ='23'!$G$62 -> -0.2 | T26: ='23'!$G$63 -> 8.44 | U26: ='23'!$G$64 -> 427.22 | V26: ='23'!$G$65 -> 413.43 | W26: ='23'!$G$66 -> 342.03 | X26: ='23'!$G$67 -> 626.45 | Y26: ='23'!$G$68 -> 315.75 | Z26: ='23'!$G$69 -> 302.13 | AA26: ='23'!$G$84 -> 552 | AB26: ='23'!$G$15 -> 934.94 | AC26: ='23'!$G$123 -> 245.86 | AD26: ='23'!$G$124 -> 0 | AE26: ='23'!$G$125 -> 83.43 | AF26: ='23'!$G$126 -> 40.4 | AG26: ='23'!$G$127 -> 4.1 | AH26: =AB26-SUM(AC26:AG26) -> 561.15 | AI26: ='23'!$G$140 -> 0 | AJ26: ='23'!$G$136 -> 10.18 | AK26: ='23'!$G$137 -> 0 | AL26: ='23'!$G$138 -> 0 | AM26: =SUM(AJ26:AL26) -> 10.18 | AO26: =AC26-AH26 -> -315.29
A27: 44067 | B27: ='23'!G73 -> 13 | C27: ='23'!G73 -> 13 | D27: ='24'!$G$74 -> 38 | E27: ='24'!$G$75 -> 185 | F27: ='24'!$G$76 -> 82 | G27: ='24'!$G$77 -> 55 | H27: ='24'!$G$78 -> 333 | I27: ='24'!$G$79 -> 176 | J27: ='24'!$G$80 -> 317 | K27: ='24'!$G$81 -> 96 | L27: ='24'!$G$82 -> 37 | M27: ='24'!$G$58 -> 122.94 | N27: ='24'!$G$83 -> 233 | O27: ='24'!G86 -> 42 | P27: ='24'!G87 -> 6.7 | Q27: ='24'!G88 -> 35.39 | R27: ='24'!G87+'24'!H90 -> 8.7 | S27: ='24'!$G$62 -> 0.18 | T27: ='24'!$G$63 -> 8.57 | U27: ='24'!$G$64 -> 403.9 | V27: ='24'!$G$65 -> 439.95 | W27: ='24'!$G$66 -> 397.19 | X27: ='24'!$G$67 -> 620.55 | Y27: ='24'!$G$68 -> 350.69 | Z27: ='24'!$G$69 -> 299.73 | AA27: ='24'!$G$84 -> 524 | AB27: ='24'!$G$15 -> 748.12 | AC27: ='24'!$G$123 -> 269.06 | AD27: ='24'!$G$124 -> -0.3 | AE27: ='24'!$G$125 -> 64.89 | AF27: ='24'!$G$126 -> 34.6 | AG27: ='24'!$G$127 -> 3.9 | AH27: =AB27-SUM(AC27:AG27) -> 375.97 | AI27: ='24'!$G$140 -> 0 | AJ27: ='24'!$G$136 -> 6.88 | AK27: ='24'!$G$137 -> 0 | AL27: ='24'!$G$138 -> 0 | AM27: =SUM(AJ27:AL27) -> 6.88 | AO27: =AC27-AH27 -> -106.91
A28: 44068 | B28: ='25'!G72 -> 48 | C28: ='25'!$G$73 -> 0 | D28: ='25'!$G$74 -> 33 | E28: ='25'!$G$75 -> 200 | F28: ='25'!$G$76 -> 95 | G28: ='25'!$G$77 -> 61 | H28: ='25'!$G$78 -> 345 | I28: ='25'!$G$79 -> 196 | J28: ='25'!$G$80 -> 328.56 | K28: ='25'!$G$81 -> 152.56 | L28: ='25'!$G$82 -> 58 | M28: ='25'!$G$58 -> 179.14 | N28: ='25'!$G$83 -> 240 | O28: ='25'!G86 -> 97.69 | P28: ='25'!G87 -> 27.8 | Q28: ='25'!G88 -> 51.76 | R28: ='25'!G87+'25'!H90 -> 29.8 | S28: ='25'!$G$62 -> 0 | T28: ='25'!$G$63 -> 10.31 | U28: ='25'!$G$64 -> 423 | V28: ='25'!$G$65 -> 416 | W28: ='25'!$G$66 -> 434.69 | X28: ='25'!$G$67 -> 672 | Y28: ='25'!$G$68 -> 350.85 | Z28: ='25'!$G$69 -> 304 | AA28: ='25'!$G$84 -> 516 | AB28: ='25'!$G$15 -> 930.86 | AC28: ='25'!$G$123 -> 269.21 | AD28: ='25'!$G$124 -> 0 | AE28: ='25'!$G$125 -> 89.63 | AF28: ='25'!$G$126 -> 34 | AG28: ='25'!$G$127 -> 3.6 | AH28: =AB28-SUM(AC28:AG28) -> 534.42 | AI28: ='25'!$G$140 -> 0 | AJ28: ='25'!$G$136 -> 8.77 | AK28: ='25'!$G$137 -> 0 | AL28: ='25'!$G$138 -> 1.98 | AM28: =SUM(AJ28:AL28) -> 10.75 | AO28: =AC28-AH28 -> -265.21
A29: 44069 | B29: ='26'!G72 -> 83 | C29: ='26'!$G$73 -> 1 | D29: ='26'!$G$74 -> 31 | E29: ='26'!$G$75 -> 198 | F29: ='26'!$G$76 -> 79 | G29: ='26'!$G$77 -> 51 | H29: ='26'!$G$78 -> 371 | I29: ='26'!$G$79 -> 195 | J29: ='26'!$G$80 -> 278.32 | K29: ='26'!$G$81 -> 130.08 | L29: ='26'!$G$82 -> 55.59 | M29: ='26'!$G$58 -> 186.24 | N29: ='26'!$G$83 -> 226 | O29: ='26'!G86 -> 34.31 | P29: ='26'!G87 -> 11 | Q29: ='26'!G88 -> 35.24 | R29: ='26'!G87+'26'!H90 -> 11.4 | S29: ='26'!$G$62 -> 0 | T29: ='26'!$G$63 -> 9.4 | U29: ='26'!$G$64 -> 389 | V29: ='26'!$G$65 -> 411.76 | W29: ='26'!$G$66 -> 413.81 | X29: ='26'!$G$67 -> 667.69 | Y29: ='26'!$G$68 -> 319.09 | Z29: ='26'!$G$69 -> 312 | AA29: ='26'!$G$84 -> 528 | AB29: ='26'!$G$15 -> 855.14 | AC29: ='26'!$G$123 -> 266.14 | AD29: ='26'!$G$124 -> 0 | AE29: ='26'!$G$125 -> 70.56 | AF29: ='26'!$G$126 -> 33 | AG29: ='26'!$G$127 -> 3.4 | AH29: =AB29-SUM(AC29:AG29) -> 482.04 | AI29: ='26'!$G$140 -> 0 | AJ29: ='26'!$G$136 -> 8.68 | AK29: ='26'!$G$137 -> 0 | AL29: ='26'!$G$138 -> 0 | AM29: =SUM(AJ29:AL29) -> 8.68 | AO29: =AC29-AH29 -> -215.9
A30: 44070 | B30: ='27'!G72 -> 91 | C30: ='27'!$G$73 -> 0 | D30: ='27'!$G$74 -> 31 | E30: ='27'!$G$75 -> 186 | F30: ='27'!$G$76 -> 76 | G30: ='27'!$G$77 -> 52 | H30: ='27'!$G$78 -> 338 | I30: ='27'!$G$79 -> 194 | J30: ='27'!$G$80 -> 288.12 | K30: ='27'!$G$81 -> 107.36 | L30: ='27'!$G$82 -> 47.13 | M30: ='27'!$G$58 -> 272.62 | N30: ='27'!$G$83 -> 207 | O30: ='27'!G86 -> 102 | P30: ='27'!G87 -> 29 | Q30: ='27'!G88 -> 117 | R30: ='27'!G87+'27'!H90 -> 33.6 | S30: ='27'!$G$62 -> 0 | T30: ='27'!$G$63 -> 9.29 | U30: ='27'!$G$64 -> 435.79 | V30: ='27'!$G$65 -> 395.24 | W30: ='27'!$G$66 -> 417.11 | X30: ='27'!$G$67 -> 632.31 | Y30: ='27'!$G$68 -> 306.06 | Z30: ='27'!$G$69 -> 307.81 | AA30: ='27'!$G$84 -> 556 | AB30: ='27'!$G$15 -> 843.94 | AC30: ='27'!$G$123 -> 250.61 | AD30: ='27'!$G$124 -> 0 | AE30: ='27'!$G$125 -> 60.44 | AF30: ='27'!$G$126 -> 21 | AG30: ='27'!$G$127 -> 3 | AH30: =AB30-SUM(AC30:AG30) -> 508.89 | AI30: ='27'!$G$140 -> 0 | AJ30: ='27'!$G$136 -> 9.43 | AK30: ='27'!$G$137 -> 0 | AL30: ='27'!$G$138 -> 0 | AM30: =SUM(AJ30:AL30) -> 9.43 | AO30: =AC30-AH30 -> -258.28
A31: 44071 | B31: ='28'!G72 -> 69 | C31: ='28'!$G$73 -> 0 | D31: ='28'!$G$74 -> 31 | E31: ='28'!$G$75 -> 190 | F31: ='28'!$G$76 -> 74 | G31: ='28'!$G$77 -> 54 | H31: ='28'!$G$78 -> 358 | I31: ='28'!$G$79 -> 176 | J31: ='28'!$G$80 -> 335 | K31: ='28'!$G$81 -> 105 | L31: ='28'!$G$82 -> 8.65 | M31: ='28'!$G$58 -> 0 | N31: ='28'!$G$83 -> 293 | O31: ='28'!G86 -> 106 | P31: ='28'!G87 -> 29.1 | Q31: ='28'!G88 -> 38 | R31: ='28'!G87+'28'!H90 -> 32.9 | S31: ='28'!$G$62 -> 0.007 | T31: ='28'!$G$63 -> 10.66 | U31: ='28'!$G$64 -> 463.21 | V31: ='28'!$G$65 -> 391.18 | W31: ='28'!$G$66 -> 416.39 | X31: ='28'!$G$67 -> 648 | Y31: ='28'!$G$68 -> 328 | Z31: ='28'!$G$69 -> 305.19 | AA31: ='28'!$G$84 -> 540 | AB31: ='28'!$G$15 -> 434.06 | AC31: ='28'!$G$123 -> 267.04 | AD31: ='28'!$G$124 -> 0 | AE31: ='28'!$G$125 -> 59 | AF31: ='28'!$G$126 -> 20 | AG31: ='28'!$G$127 -> 2 | AH31: =AB31-SUM(AC31:AG31) -> 86.02 | AI31: ='28'!$G$140 -> 0.47 | AJ31: ='28'!$G$136 -> -0.01 | AK31: ='28'!$G$137 -> 0 | AL31: ='28'!$G$138 -> 0 | AM31: =SUM(AJ31:AL31) -> -0.01 | AO31: =AC31-AH31 -> 181.02
A32: 44072 | B32: ='29'!G72 -> 72 | C32: ='29'!$G$73 -> 1 | D32: ='29'!$G$74 -> 29 | E32: ='29'!$G$75 -> 193 | F32: ='29'!$G$76 -> 75 | G32: ='29'!$G$77 -> 50 | H32: ='29'!$G$78 -> 399 | I32: ='29'!$G$79 -> 199 | J32: ='29'!$G$80 -> 316 | K32: ='29'!$G$81 -> 94 | L32: ='29'!$G$82 -> 59.17 | M32: ='29'!$G$58 -> 176.39 | N32: ='29'!$G$83 -> 385 | O32: ='29'!G86 -> 87 | P32: ='29'!G87 -> 35.1 | Q32: ='29'!G88 -> 116.95 | R32: ='29'!G87+'29'!H90 -> 39.2 | S32: ='29'!$G$62 -> -0.007 | T32: ='29'!$G$63 -> 12.23 | U32: ='29'!$G$64 -> 445.4 | V32: ='29'!$G$65 -> 382.47 | W32: ='29'!$G$66 -> 416.84 | X32: ='29'!$G$67 -> 676.37 | Y32: ='29'!$G$68 -> 329.79 | Z32: ='29'!$G$69 -> 315 | AA32: ='29'!$G$84 -> 547 | AB32: ='29'!$G$15 -> 826.97 | AC32: ='29'!$G$123 -> 242.99 | AD32: ='29'!$G$124 -> 0 | AE32: ='29'!$G$125 -> 70.77 | AF32: ='29'!$G$126 -> 32 | AG32: ='29'!$G$127 -> 2 | AH32: =AB32-SUM(AC32:AG32) -> 479.21 | AI32: ='29'!$G$140 -> 0 | AJ32: ='29'!$G$136 -> 8.93 | AK32: ='29'!$G$137 -> 0 | AL32: ='29'!$G$138 -> 0 | AM32: =SUM(AJ32:AL32) -> 8.93 | AO32: =AC32-AH32 -> -236.22
A33: 44073 | B33: ='30'!G72 -> 84 | C33: ='30'!$G$73 -> 0 | D33: ='30'!$G$74 -> 33 | E33: ='30'!$G$75 -> 182 | F33: ='30'!$G$76 -> 70 | G33: ='30'!$G$77 -> 44 | H33: ='30'!$G$78 -> 376 | I33: ='30'!$G$79 -> 179 | J33: ='30'!$G$80 -> 291 | K33: ='30'!$G$81 -> 94.52 | L33: ='30'!$G$82 -> 48.37 | M33: ='30'!$G$58 -> 107.85 | N33: ='30'!$G$83 -> 374 | O33: ='30'!G86 -> 145 | P33: ='30'!G87 -> 21.5 | Q33: ='30'!G88 -> 81.05 | R33: ='30'!G87+'30'!H90 -> 23.6 | S33: ='30'!$G$62 -> 0 | T33: ='30'!$G$63 -> 12.76 | U33: ='30'!$G$64 -> 401.6 | V33: ='30'!$G$65 -> 389.35 | W33: ='30'!$G$66 -> 423.16 | X33: ='30'!$G$67 -> 677.63 | Y33: ='30'!$G$68 -> 315.21 | Z33: ='30'!$G$69 -> 314.56 | AA33: ='30'!$G$84 -> 489 | AB33: ='30'!$G$15 -> 667.76 | AC33: ='30'!$G$123 -> 270.01 | AD33: ='30'!$G$124 -> 0 | AE33: ='30'!$G$125 -> 52.23 | AF33: ='30'!$G$126 -> 31 | AG33: ='30'!$G$127 -> 5 | AH33: =AB33-SUM(AC33:AG33) -> 309.52 | AI33: ='30'!$G$140 -> 0 | AJ33: ='30'!$G$136 -> 3.75 | AK33: ='30'!$G$137 -> 0 | AL33: ='30'!$G$138 -> 4.11 | AM33: =SUM(AJ33:AL33) -> 7.86 | AO33: =AC33-AH33 -> -39.51
A34: 44074 | B34: ='31'!G72 -> 101 | C34: ='31'!$G$73 -> 0 | D34: ='31'!$G$74 -> 33 | E34: ='31'!$G$74 -> 33 | F34: ='31'!$G$76 -> 74 | G34: ='31'!$G$77 -> 61 | H34: ='31'!$G$78 -> 472 | I34: ='31'!$G$79 -> 189 | J34: ='31'!$G$80 -> 333 | K34: ='31'!$G$81 -> 112.48 | L34: ='31'!$G$82 -> 52.09 | M34: ='31'!$G$58 -> 209.67 | N34: ='31'!$G$83 -> 415 | O34: ='31'!G86 -> 73 | P34: ='31'!G88 -> 38 | Q34: ='31'!G89 -> 64 | R34: ='31'!G87+'31'!H90 -> 17.8 | S34: ='31'!$G$62 -> 0.009 | T34: ='31'!$G$63 -> 13.88 | U34: ='31'!$G$64 -> 420.46 | V34: ='31'!$G$65 -> 395.11 | W34: ='31'!$G$66 -> 415.74 | X34: ='31'!$G$67 -> 727.53 | Y34: ='31'!$G$68 -> 296.86 | Z34: ='31'!$G$69 -> 316.15 | AA34: ='31'!$G$84 -> 504 | AB34: ='31'!$G$15 -> 868.42 | AC34: ='31'!$G$123 -> 282.4 | AD34: ='31'!$G$124 -> 0 | AE34: ='31'!$G$125 -> 56 | AF34: ='31'!$G$126 -> 40.7 | AG34: ='31'!$G$127 -> 4 | AH34: =AB34-SUM(AC34:AG34) -> 485.32 | AI34: ='31'!$G$140 -> 0 | AJ34: ='31'!$G$136 -> 9.48 | AK34: ='31'!$G$137 -> 0 | AL34: ='31'!$G$138 -> 0 | AM34: =SUM(AJ34:AL34) -> 9.48 | AO34: =AC34-AH34 -> -202.92
AC36: 24th Sep | AD36: 191
AD37: 88
AD38: =SUM(AD36:AD37) -> 279 | AE38: Today | AF38: 335
AC40: HWG AVG | AD40: 168
AE41: 20 cub extra
AC42: INR | AD42: =20*38.68 -> 773.6 | AE42: Extra

Sheet 1
A1: Daily Utility Consumption Report
A2: Prepaired by- Prakash | B2: 44228 | C2: occupancy | D2: 0.47 | G2: Occupancy% | H2: Electricity | I2: Water | J2: Gas
C3: Avg temp | D3: 25 | E3: Last year same month avg
C4: humidity | D4: 0.8
A5: Description | D5: Unit | E5: Yesterday | F5: Today | G5: units.consum | H5: MTD | I5: Budgeted | J5: Average/Day
A6: ELECTRICAL CONSUMPTION
A7: BEST Supply 11KV | D7: kwh | E7: 3888198 | F7: 3907489 | G7: =F7-E7 -> 19291 | H7: =G7 -> 19291 | I7: 12000 | J7: =H7/DAY(B2) -> 19291
A8: BEST supply | D8: KVAH | E8: 3912851 | F8: 3932325 | G8: =F8-E8 -> 19474 | H8: =G8 -> 19474 | I8: 12000 | J8: =H8/DAY(B2) -> 19474
A9: Transformer - 1 - 2500KVA | D9: kwh | E9: 2535128.5 | F9: 2542028.5 | G9: =F9-E9 -> 6900 | H9: =G9 -> 6900 | I9: =I8-J8 -> -7474 | J9: =H9/DAY(B2) -> 6900
A10: Transformer - 2 -2500KVA | D10: kwh | E10: 1200874.4 | F10: 1212601.3 | G10: =F10-E10 -> 11726.9 | H10: =G10 -> 11726.9 | J10: =H10/DAY(B2) -> 11726.9
A11: DG set- 1 - 1425KVA | D11: kwh | E11: 35390 | F11: 35390 | G11: =F11-E11 -> 0 | H11: =G11 -> 0 | J11: =H11/DAY(B2) -> 0
A12: DG set- 2 - 1425KVA | D12: kwh | E12: 37630 | F12: 37630 | G12: =F12-E12 -> 0 | H12: =G12 -> 0 | J12: =H12/DAY(B2) -> 0
A13: SubTotal | G13: =G9+G10+G11+G12 -> 18626.9 | H13: =G13 -> 18626.9 | I13: =G7-G13 -> 664.1 | J13: =H13/DAY(B2) -> 18626.9
A14: GAS CONSUMPTION
A15: Gas consumption | D15: m3 | E15: 1594437.1 | F15: 1595235.1 | G15: =(F15-E15) -> 797.95 | H15: =G15 -> 797.95 | I15: 800 | J15: =H15/DAY(B2) -> 797.95
I16: =I15-J15 -> 2.05
A17: WATER CONSUMPTION
A18: Tankers | D18: KL | E18: 12 | F18: 12 | G18: =F18*10 -> 120 | H18: =G18 -> 120 | I18: 65 | J18: =H18/DAY(B2) -> 120
A19: BMC | D19: KL | E19: 133048 | F19: 133099 | G19: =F19-E19 -> 51 | H19: =G19 -> 51 | J19: =H19/DAY(B2) -> 51
A20: Total water | G20: =G18+G19 -> 171 | H20: =G20 -> 171 | I20: =I18-J20 -> -106 | J20: =H20/DAY(B2) -> 171
A21: DIESEL CONSUMPTION
A22: Boiler House (H.S.D) | D22: L | E22: 2250 | F22: 2250 | G22: =(F22-E22) -> 0 | H22: =G22 -> 0 | J22: =H22/DAY(B2) -> 0
A23: D-G Set (H.S.D) | D23: L | E23: 2000 | F23: 2000 | G23: 0 | H23: =G23 -> 0 | J23: =H23/DAY(B2) -> 0
A24: Total HSD (H.S.D.) Stock | D24: L | E24: 4250 | F24: 4250 | G24: =SUM(G22:G23) -> 0 | H24: =G24 -> 0 | J24: =H24/DAY(B2) -> 0
A25: TOTAL CONSUMPTION UNIT &COST
A26: Utilities | D26: Units
A27: Electricity | D27: KVAH | E27: =G8 -> 19474 | F27: 9 | G27: =E27*F27 -> 175266 | H27: =G27 -> 175266 | J27: =H27/DAY(B2) -> 175266
A28: C.N.G | D28: Cu.Mtr | E28: =G15 -> 797.95 | F28: 43.5 | G28: =E28*F28 -> 34710.825 | H28: =G28 -> 34710.825 | J28: =H28/DAY(B2) -> 34710.825
A29: H.S.D | D29: Ltr | E29: =G23 -> 0 | F29: 69 | G29: =E29*F29 -> 0 | H29: =G29 -> 0 | J29: =H29/DAY(B2) -> 0
A30: Water BMC | D30: Kl | E30: =G19 -> 51 | F30: 134 | G30: =E30*F30 -> 6834 | H30: =G30 -> 6834 | J30: =H30/DAY(B2) -> 6834
A31: Water Tanker | D31: KL | E31: =G18 -> 120 | F31: 80 | G31: =E31*F31 -> 9600 | H31: =G31 -> 9600 | J31: =H31/DAY(B2) -> 9600
A32: Total cost | G32: =G27+G28+G29+G30+G31 -> 226410.83 | H32: =G32 -> 226410.83 | J32: =H32/DAY(B2) -> 226410.83
A33: BRANCH READINGS & CONSUMPTION
A34: Transformer No 1 (Sub Feeders)
A35: Main HVAC Power Panel- 800A | D35: kwh | E35: 629027.67 | F35: 629027.67 | G35: =F35-E35 -> 0 | H35: =G35 -> 0 | J35: =H35/DAY(B2) -> 0
A36: Main Panel BALLROOM LVL-2 -2000A | D36: kwh | E36: 276491.45 | F36: 277046.65 | G36: =F36-E36 -> 555.2 | H36: =G36 -> 555.2 | J36: =H36/DAY(B2) -> 555.2
A37: Fire Emergency Power Panel - 1000A | D37: kwh | E37: 415066 | F37: 415066 | G37: =F37-E37 -> 0 | H37: =G37 -> 0 | J37: =H37/DAY(B2) -> 0
A38: Main Power Panel -1600A | D38: kwh | E38: 97.88 | F38: 97.88 | G38: =F38-E38 -> 0 | H38: =G38 -> 0 | J38: =H38/DAY(B2) -> 0
A39: Main Lighting and Small power Panel | D39: kwh | E39: 912480 | F39: 912480 | G39: =F39-E39 -> 0 | H39: =G39 -> 0 | J39: =H39/DAY(B2) -> 0
A40: Capacitor Bank -1 1100KVAR- 2500A | D40: kwh | E40: 0 | F40: 0 | G40: =F40-E40 -> 0 | H40: =G40 -> 0 | J40: =H40/DAY(B2) -> 0
A41: Chiller No 1 | D41: kwh | E41: 44622.52 | F41: 48988.51 | G41: =F41-E41 -> 4365.99 | H41: =G41 -> 4365.99 | J41: =H41/DAY(B2) -> 4365.99
A42: Chiller No 2- | D42: kwh | E42: 58926 | F42: 58926 | G42: =F42-E42 -> 0 | H42: =G42 -> 0 | J42: =H42/DAY(B2) -> 0
A43: Chiller Water pump Panel- 630A | D43: kwh | E43: 767811.91 | F43: 770084.87 | G43: =F43-E43 -> 2272.96 | H43: =G43 -> 2272.96 | J43: =H43/DAY(B2) -> 2272.96
A44: Co-Genrator | D44: kwh | E44: 0 | F44: 0 | G44: =F44-E44 -> 0 | H44: =G44 -> 0 | J44: =H44/DAY(B2) -> 0
A45: Lawn Pantry | D45: kwh | E45: 614.48 | F45: 614.48 | G45: =F45-E45 -> 0 | H45: =G45 -> 0 | J45: =H45/DAY(B2) -> 0
A46: Pavilion Power | D46: kwh | E46: 187.49 | F46: 187.49 | G46: =F46-E46 -> 0 | H46: =G46 -> 0 | J46: =H46/DAY(B2) -> 0
A47: Sub Total | G47: =G35+G36+G37+G38+G39+G40+G41+G42+G43+G44+G45+G46 -> 7194.15 | H47: =G47 -> 7194.15 | J47: =H47/DAY(B2) -> 7194.15
A48: Transformer No 2 (Sub Feeders)
A49: Main HVAC Power Panel- 800A | D49: kwh | E49: 245899.05 | F49: 248895.09 | G49: =F49-E49 -> 2996.04 | H49: =G49 -> 2996.04 | J49: =H49/DAY(B2) -> 2996.04
A50: Main MV PanelBALLROOM LVL-1- 2000A | D50: kwh | E50: 368617.31 | F50: 369638.67 | G50: =F50-E50 -> 1021.36 | H50: =G50 -> 1021.36 | J50: =H50/DAY(B2) -> 1021.36
A51: Fire Emergency Power Panel - 1000A | D51: kwh | E51: 110099.74 | F51: 111537.57 | G51: =F51-E51 -> 1437.83 | H51: =G51 -> 1437.83 | J51: =H51/DAY(B2) -> 1437.83
A52: Main Power Panel -1800A | D52: kwh | E52: 493808.67 | F52: 495823.71 | G52: =F52-E52 -> 2015.04 | H52: =G52 -> 2015.04 | J52: =H52/DAY(B2) -> 2015.04
A53: Main Lighting and Small power Panel | D53: kwh | E53: 304298.27 | F53: 308402.03 | G53: =F53-E53 -> 4103.76 | H53: =G53 -> 4103.76 | J53: =H53/DAY(B2) -> 4103.76
A54: Capacitor Bank -2 1200KVAR- 2500A | D54: kwh | E54: 6316.64 | F54: 6356.96 | G54: =F54-E54 -> 40.32 | H54: =G54 -> 40.32 | J54: =H54/DAY(B2) -> 40.32
A55: Chiller No -3 - 1200A | D55: kwh | E55: 39120.58 | F55: 39120.58 | G55: =F55-E55 -> 0 | H55: =G55 -> 0 | J55: =H55/DAY(B2) -> 0
A56: Chiller No-4 - 1200A | D56: Kwh | E56: 557731.91 | F56: 557732.43 | G56: =F56-E56 -> 0.52 | H56: =G56 -> 0.52 | J56: =H56/DAY(B2) -> 0.52
A57: Chiller Water pump Panel- 630A | D57: kwh | E57: 0 | F57: 0 | G57: =F57-E57 -> 0 | H57: =G57 -> 0 | J57: =H57/DAY(B2) -> 0
A58: B2-Loundry power panel | D58: kwh | E58: 30531.91 | F58: 30706.43 | G58: =F58-E58 -> 174.52 | H58: =G58 -> 174.52 | J58: =H58/DAY(B2) -> 174.52
A59: Sub Total | G59: =G49+G50+G51+G52+G53+G54+G55+G56+G57+G58 -> 11789.39 | H59: =G59 -> 11789.39 | I59: =G7-G60 -> 307.46 | J59: =H59/DAY(B2) -> 11789.39
D60: Total TR1 & TR2 | G60: =G47+G59 -> 18983.54 | H60: =G60 -> 18983.54 | I60: =G13-G60 -> -356.64 | J60: =H60/DAY(B2) -> 18983.54
A61: Floor lighting & Power consumption
A62: 2nd floor plant room | D62: KWh | E62: 20419.189 | F62: 20419.189 | G62: =F62-E62 -> 0 | H62: =G62 -> 0 | J62: =H62/DAY(B2) -> 0
A63: 5th floor spa | D63: KWh | E63: 1332.53 | F63: 1346.99 | G63: =F63-E63 -> 14.46 | H63: =G63 -> 14.46 | J63: =H63/DAY(B2) -> 14.46
A64: 5th Floor | D64: KWh | E64: 111283.46 | F64: 111729.09 | G64: =F64-E64 -> 445.63 | H64: =G64 -> 445.63 | J64: =H64/DAY(B2) -> 445.63
A65: 12th Floor | D65: KWh | E65: 121733.11 | F65: 122116.01 | G65: =F65-E65 -> 382.9 | H65: =G65 -> 382.9 | J65: =H65/DAY(B2) -> 382.9
A66: 20th Floor | D66: KWh | E66: 14159.74 | F66: 14549.83 | G66: =F66-E66 -> 390.09 | H66: =G66 -> 390.09 | J66: =H66/DAY(B2) -> 390.09
A67: 27th Floor | D67: KWh | E67: 188674.53 | F67: 189332.39 | G67: =F67-E67 -> 657.86 | H67: =G67 -> 657.86 | J67: =H67/DAY(B2) -> 657.86
A68: 34th Floor | D68: KWh | E68: 63299.86 | F68: 63627.65 | G68: =F68-E68 -> 327.79 | H68: =G68 -> 327.79 | J68: =H68/DAY(B2) -> 327.79
A69: Sanqi | D69: KWh | E69: 55723.71 | F69: 56043.61 | G69: =F69-E69 -> 319.9 | H69: =G69 -> 319.9 | J69: =H69/DAY(B2) -> 319.9
A70: Consumption of Extra AHU run | D70: KWh | H70: =G70 -> 0 | J70: =H70/DAY(B2) -> 0
A71: Kitchen consumption
A72: Main kitchen power panel no 1 | D72: KWh | E72: 848465 | F72: 848549 | G72: =F72-E72 -> 84 | H72: =G72 -> 84 | J72: =H72/DAY(B2) -> 84
A73: Main kitchen power panel no 2 | D73: KWh | E73: 885728 | F73: 885728 | G73: =F73-E73 -> 0 | H73: =G73 -> 0 | J73: =H73/DAY(B2) -> 0
A74: Prato kitchen power panel | D74: KWh | E74: 882369 | F74: 882392 | G74: =F74-E74 -> 23 | H74: =G74 -> 23 | J74: =H74/DAY(B2) -> 23
A75: San- Qi Indian Kitchen | D75: KWh | E75: 737519 | F75: 737702 | G75: =F75-E75 -> 183 | H75: =G75 -> 183 | J75: =H75/DAY(B2) -> 183
A76: San- Qi Japanese Kitchen | D76: KWh | E76: 687014 | F76: 687088 | G76: =F76-E76 -> 74 | H76: =G76 -> 74 | J76: =H76/DAY(B2) -> 74
A77: The club kitchen | D77: KWh | E77: 697107 | F77: 697155 | G77: =F77-E77 -> 48 | H77: =G77 -> 48 | J77: =H77/DAY(B2) -> 48
A78: AER Kitchen | D78: KWh | E78: 641953 | F78: 642287 | G78: =F78-E78 -> 334 | H78: =G78 -> 334 | J78: =H78/DAY(B2) -> 334
A79: COLD ROOM'S | D79: KWh | E79: 809691 | F79: 809896 | G79: =F79-E79 -> 205 | H79: =G79 -> 205 | J79: =H79/DAY(B2) -> 205
A80: Ball Room 1 kitchen | D80: KWh | E80: 485127 | F80: 485435 | G80: =F80-E80 -> 308 | H80: =G80 -> 308 | J80: =H80/DAY(B2) -> 308
A81: Ball Room 2 kitchen | D81: KWh | E81: 622775 | F81: 622851 | G81: =F81-E81 -> 76 | H81: =G81 -> 76 | J81: =H81/DAY(B2) -> 76
A82: B1 Laundry | D82: kwh | E82: 105440 | F82: 105485 | G82: =F82-E82 -> 45 | H82: =G82 -> 45 | J82: =H82/DAY(B2) -> 45
A83: STP Electrical | D83: kwh | E83: 983741 | F83: 984174 | G83: =F83-E83 -> 433 | H83: =G83 -> 433 | J83: =H83/DAY(B2) -> 433
A84: Cooling Tower | D84: kwh | E84: 416073 | F84: 416594 | G84: =F84-E84 -> 521 | H84: =G84 -> 521 | J84: =H84/DAY(B2) -> 521
A85: Total | G85: =SUM(G71:G84) -> 2334 | H85: =G85 -> 2334 | J85: =H85/DAY(B2) -> 2334
A86: MOCK Up Room | D86: Kwh | E86: 447106 | F86: 447230.36 | G86: =F86-E86 -> 124.36 | H86: =G86 -> 124.36 | J86: =H86/DAY(B2) -> 124.36
A87: 27th Floor | D87: Kwh | E87: 78446.3 | F87: 78477.7 | G87: =F87-E87 -> 31.4 | H87: =G87 -> 31.4 | J87: =H87/DAY(B2) -> 31.4
A88: Physic57 | D88: Kwh | E88: 146502 | F88: 146589 | G88: =F88-E88 -> 87 | H88: =G88 -> 87 | J88: =H88/DAY(B2) -> 87
A89: Pinoor Legal- Power | D89: Kwh | E89: 59802 | F89: 59873.3 | G89: =F89-E89 -> 71.3 | H89: =G89 -> 71.3 | J89: =H89/DAY(B2) -> 71.3
A90: Pinoor Legal- Lighting | D90: Kwh | E90: 3065.9 | F90: 3070.5 | G90: =F90-E90 -> 4.6 | H90: =G90 -> 4.6 | J90: =H90/DAY(B2) -> 4.6
A91: WATER
A92: R.o.plant | D92: KL | E92: 236570 | F92: 236657 | G92: =F92-E92 -> 87 | H92: =G92 -> 87 | J92: =H92/DAY(B2) -> 87
A93: STP Water Prod | D93: KL | E93: 171176 | F93: 171376 | G93: =F93-E93 -> 200 | H93: =G93 -> 200 | J93: =H93/DAY(B2) -> 200
A94: Total water Produce | G94: =G92+G93 -> 287
A95: Domestic Zone-1 | D95: KL | E95: 405876 | F95: 405948 | G95: =F95-E95 -> 72 | H95: =G95 -> 72 | J95: =H95/DAY(B2) -> 72
A96: Domestic Zone-2 | D96: KL | E96: 100534 | F96: 100557 | G96: =F96-E96 -> 23 | H96: =G96 -> 23 | J96: =H96/DAY(B2) -> 23
A97: Domestic Zone-3 | D97: KL | E97: 95677 | F97: 95695 | G97: =F97-E97 -> 18 | H97: =G97 -> 18 | J97: =H97/DAY(B2) -> 18
A98: Flush Zone -1 | D98: KL | E98: 145554 | F98: 145637 | G98: =F98-E98 -> 83 | H98: =G98 -> 83 | J98: =H98/DAY(B2) -> 83
A99: Flush Zone -2 | D99: KL | E99: 5974 | F99: 5987 | G99: =F99-E99 -> 13 | H99: =G99 -> 13 | J99: =H99/DAY(B2) -> 13
A100: Flush Zone -3 | D100: KL | E100: 4237 | F100: 4243 | G100: =F100-E100 -> 6 | H100: =G100 -> 6 | J100: =H100/DAY(B2) -> 6
...

Sheet 2
A1: Daily Utility Consumption Report
A2: Prepaired by- Devendra | B2: 44229 | C2: occupancy | D2: 0.48 | G2: Occupancy% | H2: Electricity | I2: Water | J2: Gas
C3: Avg temp | D3: 27 | E3: Last year same month avg
C4: humidity | D4: 0.75
A5: Description | D5: Unit | E5: Yesterday | F5: Today | G5: units.consum | H5: MTD | I5: Budgeted | J5: Average/Day
A6: ELECTRICAL CONSUMPTION
A7: BEST Supply 11KV | D7: kwh | E7: ='1'!F7 -> 3907489 | F7: 3926870 | G7: =F7-E7 -> 19381 | H7: =G7+'1'!H7 -> 38672 | I7: ='1'!I7 -> 12000 | J7: =H7/DAY(B2) -> 19336
A8: BEST supply | D8: KVAH | E8: ='1'!F8 -> 3932325 | F8: 3951858 | G8: =F8-E8 -> 19533 | H8: =G8+'1'!H8 -> 39007 | I8: 12000 | J8: =H8/DAY(B2) -> 19503.5
A9: Transformer - 1 - 2500KVA | D9: kwh | E9: ='1'!F9 -> 2542028.5 | F9: 2548795 | G9: =F9-E9 -> 6766.5 | H9: =G9+'1'!H9 -> 13666.5 | I9: =I8-J8 -> -7503.5 | J9: =H9/DAY(B2) -> 6833.25
A10: Transformer - 2 -2500KVA | D10: kwh | E10: ='1'!F10 -> 1212601.3 | F10: 1224470 | G10: =F10-E10 -> 11868.7 | H10: =G10+'1'!H10 -> 23595.6 | J10: =H10/DAY(B2) -> 11797.8
A11: DG set- 1 - 1425KVA | D11: kwh | E11: ='1'!F11 -> 35390 | F11: 35390 | G11: =F11-E11 -> 0 | H11: =G11+'1'!H11 -> 0 | J11: =H11/DAY(B2) -> 0
A12: DG set- 2 - 1425KVA | D12: kwh | E12: ='1'!F12 -> 37630 | F12: 37630 | G12: 0 | H12: =G12+'1'!H12 -> 0 | J12: =H12/DAY(B2) -> 0
A13: SubTotal | G13: =G9+G10+G11+G12 -> 18635.2 | H13: =G13+'1'!H13 -> 37262.1 | I13: =G7-G13 -> 745.8 | J13: =H13/DAY(B2) -> 18631.05
A14: GAS CONSUMPTION
A15: Gas consumption | D15: m3 | E15: ='1'!F15 -> 1595235.1 | F15: 1596096 | G15: =(F15-E15) -> 860.9 | H15: =G15+'1'!H15 -> 1658.85 | I15: 800 | J15: =H15/DAY(B2) -> 829.425
I16: =I15-J15 -> -29.425 | O16: =G15-150 -> 710.9
A17: WATER CONSUMPTION
A18: Tankers | D18: KL | E18: ='1'!F18 -> 12 | F18: 12 | G18: =F18*10 -> 120 | H18: =G18+'1'!H18 -> 240 | I18: ='1'!I18 -> 65 | J18: =H18/DAY(B2) -> 120
A19: BMC | D19: KL | E19: ='1'!F19 -> 133099 | F19: 133150 | G19: =F19-E19 -> 51 | H19: =G19+'1'!H19 -> 102 | J19: =H19/DAY(B2) -> 51
A20: Total water | G20: =G18+G19 -> 171 | H20: =G20+'1'!H20 -> 342 | I20: =I18-J20 -> -106 | J20: =H20/DAY(B2) -> 171
A21: DIESEL CONSUMPTION
A22: Boiler House (H.S.D) | D22: L | E22: ='1'!F22 -> 2250 | F22: 2250 | G22: =(F22-E22) -> 0 | H22: =G22+'1'!H22 -> 0 | J22: =H22/DAY(B2) -> 0
A23: D-G Set (H.S.D) | D23: L | E23: ='1'!F23 -> 2000 | F23: 2000 | G23: 0 | H23: =G23+'1'!H23 -> 0 | J23: =H23/DAY(B2) -> 0
A24: Total HSD (H.S.D.) Stock | D24: L | E24: ='1'!F24 -> 4250 | F24: 4250 | G24: 0 | H24: =G24 -> 0 | J24: =H24/DAY(B2) -> 0
A25: TOTAL CONSUMPTION UNIT &COST
A26: Utilities | D26: Units
A27: Electricity | D27: KVAH | E27: =G8 -> 19533 | F27: 9 | G27: =E27*F27 -> 175797 | H27: =G27+'1'!H27 -> 351063 | J27: =H27/DAY(B2) -> 175531.5
A28: C.N.G | D28: Cu.Mtr | E28: =G15 -> 860.9 | F28: 43.5 | G28: =E28*F28 -> 37449.15 | H28: =G28+'1'!H28 -> 72159.975 | J28: =H28/DAY(B2) -> 36079.988
A29: H.S.D | D29: Ltr | E29: =G24 -> 0 | F29: 69 | G29: =E29*F29 -> 0 | H29: =G29+'1'!H29 -> 0 | J29: =H29/DAY(B2) -> 0
A30: Water BMC | D30: Kl | E30: =G19 -> 51 | F30: 134 | G30: =E30*F30 -> 6834 | H30: =G30+'1'!H30 -> 13668 | J30: =H30/DAY(B2) -> 6834
A31: Water Tanker | D31: KL | E31: =G18 -> 120 | F31: 80 | G31: =E31*F31 -> 9600 | H31: =G31+'1'!H31 -> 19200 | J31: =H31/DAY(B2) -> 9600
A32: Total cost | G32: =G27+G28+G29+G30+G31 -> 229680.15 | H32: =G32+'1'!H32 -> 456090.98 | J32: =H32/DAY(B2) -> 228045.49
A33: BRANCH READINGS & CONSUMPTION
A34: Transformer No 1 (Sub Feeders)
A35: Main HVAC Power Panel- 800A | D35: kwh | E35: ='1'!F35 -> 629027.67 | F35: 629027.67 | G35: =F35-E35 -> 0 | H35: =G35+'1'!H35 -> 0 | J35: =H35/DAY(B2) -> 0
A36: Main Panel BALLROOM LVL-2 -2000A | D36: kwh | E36: ='1'!F36 -> 277046.65 | F36: 277668 | G36: =F36-E36 -> 621.35 | H36: =G36+'1'!H36 -> 1176.55 | J36: =H36/DAY(B2) -> 588.275
A37: Fire Emergency Power Panel - 1000A | D37: kwh | E37: ='1'!F37 -> 415066 | F37: 415066 | G37: =F37-E37 -> 0 | H37: =G37+'1'!H37 -> 0 | J37: =H37/DAY(B2) -> 0
A38: Main Power Panel -1600A | D38: kwh | E38: ='1'!F38 -> 97.88 | F38: 97.88 | G38: =F38-E38 -> 0 | H38: =G38+'1'!H38 -> 0 | J38: =H38/DAY(B2) -> 0
A39: Main Lighting and Small power Panel | D39: kwh | E39: ='1'!F39 -> 912480 | F39: 912480 | G39: =F39-E39 -> 0 | H39: =G39+'1'!H39 -> 0 | J39: =H39/DAY(B2) -> 0
A40: Capacitor Bank -1 1100KVAR- 2500A | D40: kwh | E40: ='1'!F40 -> 0 | F40: 0 | G40: =F40-E40 -> 0 | H40: =G40+'1'!H40 -> 0 | J40: =H40/DAY(B2) -> 0
A41: Chiller No 1 | D41: kwh | E41: ='1'!F41 -> 48988.51 | F41: 53159 | G41: =F41-E41 -> 4170.49 | H41: =G41+'1'!H41 -> 8536.48 | J41: =H41/DAY(B2) -> 4268.24
A42: Chiller No 2- | D42: kwh | E42: ='1'!F42 -> 58926 | F42: 58926.09 | G42: =F42-E42 -> 0.09 | H42: =G42+'1'!H42 -> 0.09 | J42: =H42/DAY(B2) -> 0.045
A43: Chiller Water pump Panel- 630A | D43: kwh | E43: ='1'!F43 -> 770084.87 | F43: 772345 | G43: =F43-E43 -> 2260.13 | H43: =G43+'1'!H43 -> 4533.09 | J43: =H43/DAY(B2) -> 2266.545
A44: Co-Genrator | D44: kwh | E44: ='1'!F44 -> 0 | F44: 0 | G44: =F44-E44 -> 0 | H44: =G44+'1'!H44 -> 0 | J44: =H44/DAY(B2) -> 0
A45: Lawn Pantry | D45: kwh | E45: ='1'!F45 -> 614.48 | F45: 614 | G45: =F45-E45 -> -0.48 | H45: =G45+'1'!H45 -> -0.48 | J45: =H45/DAY(B2) -> -0.24
A46: Pavilion Power | D46: kwh | E46: ='1'!F46 -> 187.49 | F46: 187 | G46: =F46-E46 -> -0.49 | H46: =G46+'1'!H46 -> -0.49 | J46: =H46/DAY(B2) -> -0.245
A47: Sub Total | G47: =G35+G36+G37+G38+G39+G40+G41+G42+G43+G44+G45+G46 -> 7051.09 | H47: =G47+'1'!H47 -> 14245.24 | J47: =H47/DAY(B2) -> 7122.62
A48: Transformer No 2 (Sub Feeders)
A49: Main HVAC Power Panel- 800A | D49: kwh | E49: ='1'!F49 -> 248895.09 | F49: 251954 | G49: =F49-E49 -> 3058.91 | H49: =G49+'1'!H49 -> 6054.95 | J49: =H49/DAY(B2) -> 3027.475
A50: Main MV PanelBALLROOM LVL-1- 2000A | D50: kwh | E50: ='1'!F50 -> 369638.67 | F50: 370675 | G50: =F50-E50 -> 1036.33 | H50: =G50+'1'!H50 -> 2057.69 | J50: =H50/DAY(B2) -> 1028.845
A51: Fire Emergency Power Panel - 1000A | D51: kwh | E51: ='1'!F51 -> 111537.57 | F51: 112979 | G51: =F51-E51 -> 1441.43 | H51: =G51+'1'!H51 -> 2879.26 | J51: =H51/DAY(B2) -> 1439.63
A52: Main Power Panel -1800A | D52: kwh | E52: ='1'!F52 -> 495823.71 | F52: 497846 | G52: =F52-E52 -> 2022.29 | H52: =G52+'1'!H52 -> 4037.33 | J52: =H52/DAY(B2) -> 2018.665
A53: Main Lighting and Small power Panel | D53: kwh | E53: ='1'!F53 -> 308402.03 | F53: 312561 | G53: =F53-E53 -> 4158.97 | H53: =G53+'1'!H53 -> 8262.73 | J53: =H53/DAY(B2) -> 4131.365
A54: Capacitor Bank -2 1200KVAR- 2500A | D54: kwh | E54: ='1'!F54 -> 6356.96 | F54: 6396 | G54: =F54-E54 -> 39.04 | H54: =G54+'1'!H54 -> 79.36 | J54: =H54/DAY(B2) -> 39.68
A55: Chiller No -3 - 1200A | D55: kwh | E55: ='1'!F55 -> 39120.58 | F55: 39120.58 | G55: =F55-E55 -> 0 | H55: =G55+'1'!H55 -> 0 | J55: =H55/DAY(B2) -> 0
A56: Chiller No-4 - 1200A | D56: Kwh | E56: ='1'!F56 -> 557732.43 | F56: 557734.43 | G56: =F56-E56 -> 2 | H56: =G56+'1'!H56 -> 2.52 | J56: =H56/DAY(B2) -> 1.26
A57: Chiller Water pump Panel- 630A | D57: kwh | E57: ='1'!F57 -> 0 | F57: 0 | G57: =F57-E57 -> 0 | H57: =G57+'1'!H57 -> 0 | J57: =H57/DAY(B2) -> 0
A58: B2-Loundry power panel | D58: kwh | E58: ='1'!F58 -> 30706.43 | F58: 30860 | G58: =F58-E58 -> 153.57 | H58: =G58+'1'!H58 -> 328.09 | J58: =H58/DAY(B2) -> 164.045
A59: Sub Total | G59: =G49+G50+G51+G52+G53+G54+G55+G56+G57+G58 -> 11912.54 | H59: =G59+'1'!H59 -> 23701.93 | I59: =G7-G60 -> 417.37 | J59: =H59/DAY(B2) -> 11850.965
D60: Total TR1 & TR2 | G60: =G47+G59 -> 18963.63 | H60: =G60+'1'!H60 -> 37947.17 | I60: =G13-G60 -> -328.43 | J60: =H60/DAY(B2) -> 18973.585
A61: Floor lighting & Power consumption
A62: 2nd floor plant room | D62: KWh | E62: ='1'!F62 -> 20419.189 | F62: 20419.189 | G62: =F62-E62 -> 0 | H62: =G62+'1'!H62 -> 0 | J62: =H62/DAY(B2) -> 0
A63: 5th floor spa | D63: KWh | E63: ='1'!F63 -> 1346.99 | F63: 1362 | G63: =F63-E63 -> 15.01 | H63: =G63+'1'!H63 -> 29.47 | J63: =H63/DAY(B2) -> 14.735
A64: 5th Floor | D64: KWh | E64: ='1'!F64 -> 111729.09 | F64: 112165 | G64: =F64-E64 -> 435.91 | H64: =G64+'1'!H64 -> 881.54 | J64: =H64/DAY(B2) -> 440.77
A65: 12th Floor | D65: KWh | E65: ='1'!F65 -> 122116.01 | F65: 122494 | G65: =F65-E65 -> 377.99 | H65: =G65+'1'!H65 -> 760.89 | J65: =H65/DAY(B2) -> 380.445
A66: 20th Floor | D66: KWh | E66: ='1'!F66 -> 14549.83 | F66: 14954 | G66: =F66-E66 -> 404.17 | H66: =G66+'1'!H66 -> 794.26 | J66: =H66/DAY(B2) -> 397.13
A67: 27th Floor | D67: KWh | E67: ='1'!F67 -> 189332.39 | F67: 190003 | G67: =F67-E67 -> 670.61 | H67: =G67+'1'!H67 -> 1328.47 | J67: =H67/DAY(B2) -> 664.235
A68: 34th Floor | D68: KWh | E68: ='1'!F68 -> 63627.65 | F68: 63969 | G68: =F68-E68 -> 341.35 | H68: =G68+'1'!H68 -> 669.14 | J68: =H68/DAY(B2) -> 334.57
A69: Sanqi | D69: KWh | E69: ='1'!F69 -> 56043.61 | F69: 56354 | G69: =F69-E69 -> 310.39 | H69: =G69+'1'!H69 -> 630.29 | J69: =H69/DAY(B2) -> 315.145
A70: Consumption of Extra AHU run | D70: KWh
A71: Kitchen consumption
A72: Main kitchen power panel no 1 | D72: KWh | E72: ='1'!F72 -> 848549 | F72: 848633 | G72: =F72-E72 -> 84 | H72: =G72+'1'!H72 -> 168 | J72: =H72/DAY(B2) -> 84
A73: Main kitchen power panel no 2 | D73: KWh | E73: ='1'!F73 -> 885728 | F73: 885728 | G73: =F73-E73 -> 0 | H73: =G73+'1'!H73 -> 0 | J73: =H73/DAY(B2) -> 0
A74: Prato kitchen power panel | D74: KWh | E74: ='1'!F74 -> 882392 | F74: 882419 | G74: =F74-E74 -> 27 | H74: =G74+'1'!H74 -> 50 | J74: =H74/DAY(B2) -> 25
A75: San- Qi Indian Kitchen | D75: KWh | E75: ='1'!F75 -> 737702 | F75: 737886 | G75: =F75-E75 -> 184 | H75: =G75+'1'!H75 -> 367 | J75: =H75/DAY(B2) -> 183.5
A76: San- Qi Japanese Kitchen | D76: KWh | E76: ='1'!F76 -> 687088 | F76: 687161 | G76: =F76-E76 -> 73 | H76: =G76+'1'!H76 -> 147 | J76: =H76/DAY(B2) -> 73.5
A77: The club kitchen | D77: KWh | E77: ='1'!F77 -> 697155 | F77: 697214 | G77: =F77-E77 -> 59 | H77: =G77+'1'!H77 -> 107 | J77: =H77/DAY(B2) -> 53.5
A78: AER Kitchen | D78: KWh | E78: ='1'!F78 -> 642287 | F78: 642667 | G78: =F78-E78 -> 380 | H78: =G78+'1'!H78 -> 714 | J78: =H78/DAY(B2) -> 357
A79: COLD ROOM'S | D79: KWh | E79: ='1'!F79 -> 809896 | F79: 810092 | G79: =F79-E79 -> 196 | H79: =G79+'1'!H79 -> 401 | J79: =H79/DAY(B2) -> 200.5
A80: Ball Room 1 kitchen | D80: KWh | E80: ='1'!F80 -> 485435 | F80: 485753 | G80: =F80-E80 -> 318 | H80: =G80+'1'!H80 -> 626 | J80: =H80/DAY(B2) -> 313
A81: Ball Room 2 kitchen | D81: KWh | E81: ='1'!F81 -> 622851 | F81: 622953 | G81: =F81-E81 -> 102 | H81: =G81+'1'!H81 -> 178 | J81: =H81/DAY(B2) -> 89
A82: B1 Laundry | D82: kwh | E82: ='1'!F82 -> 105485 | F82: 105540 | G82: =F82-E82 -> 55 | H82: =G82+'1'!H82 -> 100 | J82: =H82/DAY(B2) -> 50
A83: STP Electrical | D83: kwh | E83: ='1'!F83 -> 984174 | F83: 984602 | G83: =F83-E83 -> 428 | H83: =G83+'1'!H83 -> 861 | J83: =H83/DAY(B2) -> 430.5
A84: Cooling Tower | D84: kwh | E84: ='1'!F84 -> 416594 | F84: 417128 | G84: =F84-E84 -> 534 | H84: =G84+'1'!H84 -> 1055 | J84: =H84/DAY(B2) -> 527.5
A85: Total | E85: ='1'!F85 -> 0 | G85: =SUM(G71:G84) -> 2440 | H85: =G85+'1'!H84 -> 2961 | J85: =H85/DAY(B2) -> 1480.5
A86: MOCK Up Room | D86: Kwh | E86: ='1'!F86 -> 447230.36 | F86: 447372 | G86: =F86-E86 -> 141.64 | H86: =G86+'1'!H86 -> 266 | J86: =H86/DAY(B2) -> 133
A87: 27th Floor | D87: Kwh | E87: ='1'!F87 -> 78477.7 | F87: 78512 | G87: =F87-E87 -> 34.3 | H87: =G87+'1'!H87 -> 65.7 | J87: =H87/DAY(B2) -> 32.85
A88: Physic57 | D88: Kwh | E88: ='1'!F88 -> 146589 | F88: 146643 | G88: =F88-E88 -> 54 | H88: =G88+'1'!H88 -> 141 | J88: =H88/DAY(B2) -> 70.5
A89: Pinoor Legal- Lighting | D89: Kwh | E89: ='1'!F89 -> 59873.3 | F89: 59964 | G89: =F89-E89 -> 90.7 | H89: =G89+'1'!H89 -> 162 | J89: =H89/DAY(B2) -> 81
A90: Pinoor Legal- Lighting | D90: Kwh | E90: ='1'!F90 -> 3070.5 | F90: 3075 | G90: =F90-E90 -> 4.5 | H90: =G90+'1'!H90 -> 9.1 | J90: =H90/DAY(B2) -> 4.55
A91: WATER
A92: R.o.plant | D92: KL | E92: ='1'!F92 -> 236657 | F92: 236732 | G92: =F92-E92 -> 75 | H92: =G92+'1'!H92 -> 162 | J92: =H92/DAY(B2) -> 81
A93: STP Water Prod | D93: KL | E93: ='1'!F93 -> 171376 | F93: 171527 | G93: =F93-E93 -> 151 | H93: =G93+'1'!H93 -> 351 | J93: =H93/DAY(B2) -> 175.5
A94: Total water Produce | G94: =G92+G93 -> 226 | H94: =G94+'1'!H94 -> 226 | J94: =H94/DAY(B2) -> 113
A95: Domestic Zone-1 | D95: KL | E95: ='1'!F95 -> 405948 | F95: 406018 | G95: =F95-E95 -> 70 | H95: =G95+'1'!H95 -> 142 | J95: =H95/DAY(B2) -> 71
A96: Domestic Zone-2 | D96: KL | E96: ='1'!F96 -> 100557 | F96: 100587 | G96: =F96-E96 -> 30 | H96: =G96+'1'!H96 -> 53 | J96: =H96/DAY(B2) -> 26.5
A97: Domestic Zone-3 | D97: KL | E97: ='1'!F97 -> 95695 | F97: 95711 | G97: =F97-E97 -> 16 | H97: =G97+'1'!H97 -> 34 | J97: =H97/DAY(B2) -> 17
A98: Flush Zone -1 | D98: KL | E98: ='1'!F98 -> 145637 | F98: 145704 | G98: =F98-E98 -> 67 | H98: =G98+'1'!H98 -> 150 | J98: =H98/DAY(B2) -> 75
A99: Flush Zone -2 | D99: KL | E99: ='1'!F99 -> 5987 | F99: 5995 | G99: =F99-E99 -> 8 | H99: =G99+'1'!H99 -> 21 | J99: =H99/DAY(B2) -> 10.5
A100: Flush Zone -3 | D100: KL | E100: ='1'!F100 -> 4243 | F100: 4248 | G100: =F100-E100 -> 5 | H100: =G100+'1'!H100 -> 11 | J100: =H100/DAY(B2) -> 5.5
...

Sheet 3
A1: Daily Utility Consumption Report
A2: Prepaired by--- Devendra | B2: 44230 | C2: occupancy | D2: 0.35 | G2: Occupancy% | H2: Electricity | I2: Water | J2: Gas
C3: Avg temp | D3: 27 | E3: Last year same month avg
C4: humidity | D4: 0.75
A5: Description | D5: Unit | E5: Yesterday | F5: Today | G5: units.consum | H5: MTD | I5: Budgeted | J5: Average/Day
A6: ELECTRICAL CONSUMPTION
A7: BEST Supply 11KV | D7: kwh | E7: ='2'!F7 -> 3926870 | F7: 3946245 | G7: =F7-E7 -> 19375 | H7: =G7+'2'!H7 -> 58047 | I7: ='1'!I7 -> 12000 | J7: =H7/DAY(B2) -> 19349
A8: BEST supply | D8: KVAH | E8: ='2'!F8 -> 3951858 | F8: 3971529 | G8: =F8-E8 -> 19671 | H8: =G8+'2'!H8 -> 58678 | I8: 12000 | J8: =H8/DAY(B2) -> 19559.333
A9: Transformer - 1 - 2500KVA | D9: kwh | E9: ='2'!F9 -> 2548795 | F9: 2558209 | G9: =F9-E9 -> 9414 | H9: =G9+'2'!H9 -> 23080.5 | I9: =I8-J8 -> -7559.3333 | J9: =H9/DAY(B2) -> 7693.5
A10: Transformer - 2 -2500KVA | D10: kwh | E10: ='2'!F10 -> 1224470 | F10: 1233785 | G10: =F10-E10 -> 9315 | H10: =G10+'2'!H10 -> 32910.6 | J10: =H10/DAY(B2) -> 10970.2
A11: DG set- 1 - 1425KVA | D11: kwh | E11: ='2'!F11 -> 35390 | F11: 35390 | G11: =F11-E11 -> 0 | H11: =G11+'2'!H11 -> 0 | J11: =H11/DAY(B2) -> 0
A12: DG set- 2 - 1425KVA | D12: kwh | E12: ='2'!F12 -> 37630 | F12: 37630 | G12: =F12-E12 -> 0 | H12: =G12+'2'!H12 -> 0 | J12: =H12/DAY(B2) -> 0
A13: SubTotal | G13: =G9+G10+G11+G12 -> 18729 | H13: =G13+'2'!H13 -> 55991.1 | I13: =G7-G13 -> 646 | J13: =H13/DAY(B2) -> 18663.7
A14: GAS CONSUMPTION
A15: Gas consumption | D15: m3 | E15: ='2'!F15 -> 1596096 | F15: 1596969 | G15: =F15-E15 -> 873 | H15: =G15+'2'!H15 -> 2531.85 | I15: 800 | J15: =H15/DAY(B2) -> 843.95
I16: =I15-J15 -> -43.95
A17: WATER CONSUMPTION
A18: Tankers | D18: KL | E18: ='2'!F18 -> 12 | F18: 11 | G18: =F18*10 -> 110 | H18: =G18+'2'!H18 -> 350 | I18: ='1'!I18 -> 65 | J18: =H18/DAY(B2) -> 116.66667
A19: BMC | D19: KL | E19: ='2'!F19 -> 133150 | F19: 133201 | G19: =F19-E19 -> 51 | H19: =G19+'2'!H19 -> 153 | J19: =H19/DAY(B2) -> 51
A20: Total water | G20: =G18+G19 -> 161 | H20: =G20+'2'!H20 -> 503 | I20: =I18-J20 -> -102.66667 | J20: =H20/DAY(B2) -> 167.66667
A21: DIESEL CONSUMPTION
A22: Boiler House (H.S.D) | D22: L | E22: ='2'!F22 -> 2250 | F22: 2250 | G22: =(F22-E22) -> 0 | H22: =G22+'2'!H22 -> 0 | J22: =H22/DAY(B2) -> 0
A23: D-G Set (H.S.D) | D23: L | E23: ='2'!F23 -> 2000 | F23: 2000 | G23: 0 | H23: =G23+'2'!H23 -> 0 | J23: =H23/DAY(B2) -> 0
A24: Total HSD (H.S.D.) Stock | D24: L | E24: ='2'!F24 -> 4250 | F24: 4250 | G24: 0 | H24: =G24 -> 0 | J24: =H24/DAY(B2) -> 0
A25: TOTAL CONSUMPTION UNIT &COST
A26: Utilities | D26: Units
A27: Electricity | D27: KVAH | E27: =G8 -> 19671 | F27: 9 | G27: =E27*F27 -> 177039 | H27: =G27+'2'!H27 -> 528102 | J27: =H27/DAY(B2) -> 176034
A28: C.N.G | D28: Cu.Mtr | E28: =G15 -> 873 | F28: 43.5 | G28: =E28*F28 -> 37975.5 | H28: =G28+'2'!H28 -> 110135.48 | J28: =H28/DAY(B2) -> 36711.825
A29: H.S.D | D29: Ltr | E29: =G24 -> 0 | F29: 69 | G29: =E29*F29 -> 0 | H29: =G29+'2'!H29 -> 0 | J29: =H29/DAY(B2) -> 0
A30: Water BMC | D30: Kl | E30: =G19 -> 51 | F30: 134 | G30: =E30*F30 -> 6834 | H30: =G30+'2'!H30 -> 20502 | J30: =H30/DAY(B2) -> 6834
A31: Water Tanker | D31: KL | E31: =G18 -> 110 | F31: 80 | G31: =E31*F31 -> 8800 | H31: =G31+'2'!H31 -> 28000 | J31: =H31/DAY(B2) -> 9333.3333
A32: Total cost | G32: =G27+G28+G29+G30+G31 -> 230648.5 | H32: =G32+'2'!H32 -> 686739.48 | J32: =H32/DAY(B2) -> 228913.16
A33: BRANCH READINGS & CONSUMPTION
A34: Transformer No 1 (Sub Feeders)
A35: Main HVAC Power Panel- 800A | D35: kwh | E35: ='2'!F35 -> 629027.67 | F35: 631596 | G35: =F35-E35 -> 2568.33 | H35: =G35+'2'!H35 -> 2568.33 | J35: =H35/DAY(B2) -> 856.11
A36: Main Panel BALLROOM LVL-2 -2000A | D36: kwh | E36: ='2'!F36 -> 277668 | F36: 278452 | G36: =F36-E36 -> 784 | H36: =G36+'2'!H36 -> 1960.55 | J36: =H36/DAY(B2) -> 653.51667
A37: Fire Emergency Power Panel - 1000A | D37: kwh | E37: ='2'!F37 -> 415066 | F37: 415066 | G37: =F37-E37 -> 0 | H37: =G37+'2'!H37 -> 0 | J37: =H37/DAY(B2) -> 0
A38: Main Power Panel -1600A | D38: kwh | E38: ='2'!F38 -> 97.88 | F38: 97.88 | G38: =F38-E38 -> 0 | H38: =G38+'2'!H38 -> 0 | J38: =H38/DAY(B2) -> 0
A39: Main Lighting and Small power Panel | D39: kwh | E39: ='2'!F39 -> 912480 | F39: 912480 | G39: =F39-E39 -> 0 | H39: =G39+'2'!H39 -> 0 | J39: =H39/DAY(B2) -> 0
A40: Capacitor Bank -1 1100KVAR- 2500A | D40: kwh | E40: 0.17 | F40: 0.17 | G40: =F40-E40 -> 0 | H40: =G40+'2'!H40 -> 0 | J40: =H40/DAY(B2) -> 0
A41: Chiller No 1 | D41: kwh | E41: ='2'!F41 -> 53159 | F41: 57170 | G41: =F41-E41 -> 4011 | H41: =G41+'2'!H41 -> 12547.48 | J41: =H41/DAY(B2) -> 4182.4933
A42: Chiller No 2- | D42: kwh | E42: ='2'!F42 -> 58926.09 | F42: 58926.09 | G42: =F42-E42 -> 0 | H42: =G42+'2'!H42 -> 0.09 | J42: =H42/DAY(B2) -> 0.03
A43: Chiller Water pump Panel- 630A | D43: kwh | E43: ='2'!F43 -> 772345 | F43: 774638 | G43: =F43-E43 -> 2293 | H43: =G43+'2'!H43 -> 6826.09 | J43: =H43/DAY(B2) -> 2275.3633
A44: Co-Genrator | D44: kwh | E44: ='2'!F44 -> 0 | F44: 0 | G44: =F44-E44 -> 0 | H44: =G44+'2'!H44 -> 0 | J44: =H44/DAY(B2) -> 0
A45: Lawn Pantry | D45: kwh | E45: ='2'!F45 -> 614 | F45: 614 | G45: =F45-E45 -> 0 | H45: =G45+'2'!H45 -> -0.48 | J45: =H45/DAY(B2) -> -0.16
A46: Pavilion Power | D46: kwh | E46: ='2'!F46 -> 187 | F46: 187 | G46: =F46-E46 -> 0 | H46: =G46+'2'!H46 -> -0.49 | J46: =H46/DAY(B2) -> -0.16333333
A47: Sub Total | G47: =G35+G36+G37+G38+G39+G40+G41+G42+G43+G44+G45+G46 -> 9656.33 | H47: =G47+'2'!H47 -> 23901.57 | J47: =H47/DAY(B2) -> 7967.19
A48: Transformer No 2 (Sub Feeders)
A49: Main HVAC Power Panel- 800A | D49: kwh | E49: ='2'!F49 -> 251954 | F49: 251968 | G49: =F49-E49 -> 14 | H49: =G49+'2'!H49 -> 6068.95 | J49: =H49/DAY(B2) -> 2022.9833
A50: Main MV PanelBALLROOM LVL-1- 2000A | D50: kwh | E50: ='2'!F50 -> 370675 | F50: 372061 | G50: =F50-E50 -> 1386 | H50: =G50+'2'!H50 -> 3443.69 | J50: =H50/DAY(B2) -> 1147.8967
A51: Fire Emergency Power Panel - 1000A | D51: kwh | E51: ='2'!F51 -> 112979 | F51: 114511 | G51: =F51-E51 -> 1532 | H51: =G51+'2'!H51 -> 4411.26 | J51: =H51/DAY(B2) -> 1470.42
A52: Main Power Panel -1800A | D52: kwh | E52: ='2'!F52 -> 497846 | F52: 499795 | G52: =F52-E52 -> 1949 | H52: =G52+'2'!H52 -> 5986.33 | J52: =H52/DAY(B2) -> 1995.4433
A53: Main Lighting and Small power Panel | D53: kwh | E53: ='2'!F53 -> 312561 | F53: 316830 | G53: =F53-E53 -> 4269 | H53: =G53+'2'!H53 -> 12531.73 | J53: =H53/DAY(B2) -> 4177.2433
A54: Capacitor Bank -2 1200KVAR- 2500A | D54: kwh | E54: ='2'!F54 -> 6396 | F54: 6411 | G54: =F54-E54 -> 15 | H54: =G54+'2'!H54 -> 94.36 | J54: =H54/DAY(B2) -> 31.453333
A55: Chiller No -3 - 1200A | D55: kwh | E55: ='2'!F55 -> 39120.58 | F55: 39120.58 | G55: =F55-E55 -> 0 | H55: =G55+'2'!H55 -> 0 | J55: =H55/DAY(B2) -> 0
A56: Chiller No-4 - 1200A | D56: Kwh | E56: ='2'!F56 -> 557734.43 | F56: 557734.43 | G56: =F56-E56 -> 0 | H56: =G56+'2'!H56 -> 2.52 | J56: =H56/DAY(B2) -> 0.84
A57: Chiller Water pump Panel- 630A | D57: kwh | E57: ='2'!F57 -> 0 | F57: 0 | G57: =F57-E57 -> 0 | H57: =G57+'2'!H57 -> 0 | J57: =H57/DAY(B2) -> 0
A58: B2-Loundry power panel | D58: kwh | E58: ='2'!F58 -> 30860 | F58: 31030 | G58: =F58-E58 -> 170 | H58: =G58+'2'!H58 -> 498.09 | J58: =H58/DAY(B2) -> 166.03
A59: Sub Total | G59: =G49+G50+G51+G52+G53+G54+G55+G56+G57+G58 -> 9335 | H59: =G59+'2'!H59 -> 33036.93 | I59: =G7-G60 -> 383.67 | J59: =H59/DAY(B2) -> 11012.31
D60: Total TR1 & TR2 | G60: =G47+G59 -> 18991.33 | H60: =G60+'2'!H60 -> 56938.5 | I60: =G13-G60 -> -262.33 | J60: =H60/DAY(B2) -> 18979.5
A61: Floor lighting & Power consumption
A62: 2nd floor plant room | D62: KWh | E62: ='2'!F62 -> 20419.189 | F62: 20419.189 | G62: =F62-E62 -> 0 | H62: =G62+'2'!H62 -> 0 | J62: =H62/DAY(B2) -> 0
A63: 5th floor spa | D63: KWh | E63: ='2'!F63 -> 1362 | F63: 1377 | G63: =F63-E63 -> 15 | H63: =G63+'2'!H63 -> 44.47 | J63: =H63/DAY(B2) -> 14.823333
A64: 5th Floor | D64: KWh | E64: ='2'!F64 -> 112165 | F64: 112583 | G64: =F64-E64 -> 418 | H64: =G64+'2'!H64 -> 1299.54 | J64: =H64/DAY(B2) -> 433.18
A65: 12th Floor | D65: KWh | E65: ='2'!F65 -> 122494 | F65: 122868 | G65: =F65-E65 -> 374 | H65: =G65+'2'!H65 -> 1134.89 | J65: =H65/DAY(B2) -> 378.29667
A66: 20th Floor | D66: KWh | E66: ='2'!F66 -> 14954 | F66: 15373 | G66: =F66-E66 -> 419 | H66: =G66+'2'!H66 -> 1213.26 | J66: =H66/DAY(B2) -> 404.42
A67: 27th Floor | D67: KWh | E67: ='2'!F67 -> 190003 | F67: 190728 | G67: =F67-E67 -> 725 | H67: =G67+'2'!H67 -> 2053.47 | J67: =H67/DAY(B2) -> 684.49
A68: 34th Floor | D68: KWh | E68: ='2'!F68 -> 63969 | F68: 64300 | G68: =F68-E68 -> 331 | H68: =G68+'2'!H68 -> 1000.14 | J68: =H68/DAY(B2) -> 333.38
A69: Sanqi | D69: KWh | E69: ='2'!F69 -> 56354 | F69: 56667 | G69: =F69-E69 -> 313 | H69: =G69+'2'!H69 -> 943.29 | J69: =H69/DAY(B2) -> 314.43
A70: Consumption of Extra AHU run | D70: KWh
A71: Kitchen consumption
A72: Main kitchen power panel no 1 | D72: KWh | E72: ='2'!F72 -> 848633 | F72: 848721 | G72: =F72-E72 -> 88 | H72: =G72+'2'!H72 -> 256 | J72: =H72/DAY(B2) -> 85.333333
A73: Main kitchen power panel no 2 | D73: KWh | E73: ='2'!F73 -> 885728 | F73: 885729 | G73: =F73-E73 -> 1 | H73: =G73+'2'!H73 -> 1 | J73: =H73/DAY(B2) -> 0.33333333
A74: Prato kitchen power panel | D74: KWh | E74: ='2'!F74 -> 882419 | F74: 882443 | G74: =F74-E74 -> 24 | H74: =G74+'2'!H74 -> 74 | J74: =H74/DAY(B2) -> 24.666667
A75: San- Qi Indian Kitchen | D75: KWh | E75: ='2'!F75 -> 737886 | F75: 738078 | G75: =F75-E75 -> 192 | H75: =G75+'2'!H75 -> 559 | J75: =H75/DAY(B2) -> 186.33333
A76: San- Qi Japanese Kitchen | D76: KWh | E76: ='2'!F76 -> 687161 | F76: 687250 | G76: =F76-E76 -> 89 | H76: =G76+'2'!H76 -> 236 | J76: =H76/DAY(B2) -> 78.666667
A77: The club kitchen | D77: KWh | E77: ='2'!F77 -> 697214 | F77: 697261 | G77: =F77-E77 -> 47 | H77: =G77+'2'!H77 -> 154 | J77: =H77/DAY(B2) -> 51.333333
A78: AER Kitchen | D78: KWh | E78: ='2'!F78 -> 642667 | F78: 643092 | G78: =F78-E78 -> 425 | H78: =G78+'2'!H78 -> 1139 | J78: =H78/DAY(B2) -> 379.66667
A79: COLD ROOM'S | D79: KWh | E79: ='2'!F79 -> 810092 | F79: 810295 | G79: =F79-E79 -> 203 | H79: =G79+'2'!H79 -> 604 | J79: =H79/DAY(B2) -> 201.33333
A80: Ball Room 1 kitchen | D80: KWh | E80: ='2'!F80 -> 485753 | F80: 486080 | G80: =F80-E80 -> 327 | H80: =G80+'2'!H80 -> 953 | J80: =H80/DAY(B2) -> 317.66667
A81: Ball Room 2 kitchen | D81: KWh | E81: ='2'!F81 -> 622953 | F81: 623057 | G81: =F81-E81 -> 104 | H81: =G81+'2'!H81 -> 282 | J81: =H81/DAY(B2) -> 94
A82: B1 Laundry | D82: kwh | E82: ='2'!F82 -> 105540 | F82: 105581 | G82: =F82-E82 -> 41 | H82: =G82+'2'!H82 -> 141 | J82: =H82/DAY(B2) -> 47
A83: STP Electrical | D83: kwh | E83: ='2'!F83 -> 984602 | F83: 984996 | G83: =F83-E83 -> 394 | H83: =G83+'2'!H83 -> 1255 | J83: =H83/DAY(B2) -> 418.33333
A84: Cooling Tower | D84: kwh | E84: ='2'!F84 -> 417128 | F84: 417585 | G84: =F84-E84 -> 457 | H84: =G84+'2'!H84 -> 1512 | J84: =H84/DAY(B2) -> 504
A85: Total | G85: =SUM(G71:G84) -> 2392 | H85: =G85+'2'!H85 -> 5353 | J85: =H85/DAY(B2) -> 1784.3333
A86: MOCK Up Room | D86: Kwh | E86: ='2'!F86 -> 447372 | F86: 447518 | G86: =F86-E86 -> 146 | H86: =G86+'2'!H86 -> 412 | J86: =H86/DAY(B2) -> 137.33333
A87: 27th Floor | D87: Kwh | E87: ='2'!F87 -> 78512 | F87: 78543 | G87: =F87-E87 -> 31 | H87: =G87+'2'!H87 -> 96.7 | J87: =H87/DAY(B2) -> 32.233333
A88: Physic57 | D88: Kwh | E88: ='2'!F88 -> 146643 | F88: 146706 | G88: =F88-E88 -> 63 | H88: =G88+'2'!H88 -> 204 | J88: =H88/DAY(B2) -> 68
A89: Pinoor Legal- Lighting | D89: Kwh | E89: 59964 | F89: 60027 | G89: =F89-E89 -> 63 | H89: =G89+'2'!H89 -> 225 | J89: =H89/DAY(B2) -> 75 | K89: =I89/DAY(C3) -> #VALUE!
A90: Pinoor Legal- Lighting | D90: Kwh | E90: 3075 | F90: 3078 | G90: =F90-E90 -> 3 | H90: =G90+'2'!H90 -> 12.1 | J90: =H90/DAY(B2) -> 4.0333333 | K90: =I90/DAY(C4) -> #VALUE!
A91: WATER
A92: R.o.plant | D92: KL | E92: ='2'!F92 -> 236732 | F92: 236820 | G92: =F92-E92 -> 88 | H92: =G92+'2'!H92 -> 250 | J92: =H92/DAY(B2) -> 83.333333
A93: STP Water Prod | D93: KL | E93: ='2'!F93 -> 171527 | F93: 171677 | G93: =F93-E93 -> 150 | H93: =G93+'2'!H93 -> 501 | J93: =H93/DAY(B2) -> 167
A94: Total water Produce | G94: =G92+G93 -> 238 | H94: =G94+'2'!H94 -> 464 | J94: =H94/DAY(B2) -> 154.66667
A95: Domestic Zone-1 | D95: KL | E95: ='2'!F95 -> 406018 | F95: 406082 | G95: =F95-E95 -> 64 | H95: =G95+'2'!H95 -> 206 | J95: =H95/DAY(B2) -> 68.666667
A96: Domestic Zone-2 | D96: KL | E96: ='2'!F96 -> 100587 | F96: 100623 | G96: =F96-E96 -> 36 | H96: =G96+'2'!H96 -> 89 | J96: =H96/DAY(B2) -> 29.666667
A97: Domestic Zone-3 | D97: KL | E97: ='2'!F97 -> 95711 | F97: 95742 | G97: =F97-E97 -> 31 | H97: =G97+'2'!H97 -> 65 | J97: =H97/DAY(B2) -> 21.666667
A98: Flush Zone -1 | D98: KL | E98: ='2'!F98 -> 145704 | F98: 145776 | G98: =F98-E98 -> 72 | H98: =G98+'2'!H98 -> 222 | J98: =H98/DAY(B2) -> 74
A99: Flush Zone -2 | D99: KL | E99: ='2'!F99 -> 5995 | F99: 6005 | G99: =F99-E99 -> 10 | H99: =G99+'2'!H99 -> 31 | J99: =H99/DAY(B2) -> 10.333333
A100: Flush Zone -3 | D100: KL | E100: ='2'!F100 -> 4248 | F100: 4253 | G100: =F100-E100 -> 5 | H100: =G100+'2'!H100 -> 16 | J100: =H100/DAY(B2) -> 5.3333333
...

Sheet 4
A1: Daily Utility Consumption Report
A2: Prepaired by-- Devendra | B2: 44231 | C2: occupancy | D2: 0.38 | G2: Occupancy% | H2: Electricity | I2: Water | J2: Gas
C3: Avg temp | D3: 28 | E3: Last year same month avg
C4: humidity | D4: 0.75
A5: Description | D5: Unit | E5: Yesterday | F5: Today | G5: units.consum | H5: MTD | I5: Budgeted | J5: Average/Day
A6: ELECTRICAL CONSUMPTION
A7: BEST Supply 11KV | D7: kwh | E7: ='3'!F7 -> 3946245 | F7: 3964496 | G7: =F7-E7 -> 18251 | H7: =G7+'3'!H7 -> 76298 | I7: ='1'!I7 -> 12000 | J7: =H7/DAY(B2) -> 19074.5
A8: BEST supply | D8: KVAH | E8: ='3'!F8 -> 3971529 | F8: 3990282 | G8: =F8-E8 -> 18753 | H8: =G8+'3'!H8 -> 77431 | I8: 12000 | J8: =H8/DAY(B2) -> 19357.75 | N8: =G7/G8 -> 0.97323095
A9: Transformer - 1 - 2500KVA | D9: kwh | E9: 9190 | F9: 20960 | G9: =F9-E9 -> 11770 | H9: =G9+'3'!H9 -> 34850.5 | I9: =I8-J8 -> -7357.75 | J9: =H9/DAY(B2) -> 8712.625
A10: Transformer - 2 -2500KVA | D10: kwh | E10: ='3'!F10 -> 1233785 | F10: 1239081 | G10: =F10-E10 -> 5296 | H10: =G10+'3'!H10 -> 38206.6 | J10: =H10/DAY(B2) -> 9551.65
A11: DG set- 1 - 1425KVA | D11: kwh | E11: ='3'!F11 -> 35390 | F11: 35540 | G11: =F11-E11 -> 150 | H11: =G11+'3'!H11 -> 150 | J11: =H11/DAY(B2) -> 37.5
A12: DG set- 2 - 1425KVA | D12: kwh | E12: ='3'!F12 -> 37630 | F12: 38010 | G12: =F12-E12 -> 380 | H12: =G12+'3'!H12 -> 380 | J12: =H12/DAY(B2) -> 95
A13: SubTotal | G13: =G9+G10+G11+G12 -> 17596 | H13: =G13+'3'!H13 -> 73587.1 | I13: =G7-G13 -> 655 | J13: =H13/DAY(B2) -> 18396.775
A14: GAS CONSUMPTION
A15: Gas consumption | D15: m3 | E15: ='3'!F15 -> 1596969 | F15: 1597765 | G15: =(F15-E15) -> 796 | H15: =G15+'3'!H15 -> 3327.85 | I15: 800 | J15: =H15/DAY(B2) -> 831.9625
I16: =I15-J15 -> -31.9625
A17: WATER CONSUMPTION
A18: Tankers | D18: KL | E18: ='3'!F18 -> 11 | F18: 10 | G18: =F18*10 -> 100 | H18: =G18+'3'!H18 -> 450 | I18: ='1'!I18 -> 65 | J18: =H18/DAY(B2) -> 112.5
A19: BMC | D19: KL | E19: ='3'!F19 -> 133201 | F19: 133251 | G19: =F19-E19 -> 50 | H19: =G19+'3'!H19 -> 203 | J19: =H19/DAY(B2) -> 50.75
A20: Total water | G20: =G18+G19 -> 150 | H20: =G20+'3'!H20 -> 653 | I20: =I18-J20 -> -98.25 | J20: =H20/DAY(B2) -> 163.25
A21: DIESEL CONSUMPTION
A22: Boiler House (H.S.D) | D22: L | E22: ='3'!F22 -> 2250 | F22: 2250 | G22: =F22-E22 -> 0 | H22: =G22+'3'!H22 -> 0 | J22: =H22/DAY(B2) -> 0 | M22: `
A23: D-G Set (H.S.D) | D23: L | E23: ='3'!F23 -> 2000 | F23: 1620 | G23: 380 | H23: =G23+'3'!H23 -> 380 | J23: =H23/DAY(B2) -> 95
A24: Total HSD (H.S.D.) Stock | D24: L | E24: ='3'!F24 -> 4250 | F24: 3870 | G24: 380 | H24: =G24+'3'!H24 -> 380 | J24: =H24/DAY(B2) -> 95
A25: TOTAL CONSUMPTION UNIT &COST
A26: Utilities | D26: Units
A27: Electricity | D27: KVAH | E27: =G8 -> 18753 | F27: 9 | G27: =E27*F27 -> 168777 | H27: =G27+'3'!H27 -> 696879 | J27: =H27/DAY(B2) -> 174219.75
A28: C.N.G | D28: Cu.Mtr | E28: =G15 -> 796 | F28: 43.5 | G28: =E28*F28 -> 34626 | H28: =G28+'3'!H28 -> 144761.48 | J28: =H28/DAY(B2) -> 36190.369
A29: H.S.D | D29: Ltr | E29: =G24 -> 380 | F29: 69 | G29: =E29*F29 -> 26220 | H29: =G29+'3'!H29 -> 26220 | J29: =H29/DAY(B2) -> 6555
A30: Water BMC | D30: Kl | E30: =G19 -> 50 | F30: 134 | G30: =E30*F30 -> 6700 | H30: =G30+'3'!H30 -> 27202 | J30: =H30/DAY(B2) -> 6800.5
A31: Water Tanker | D31: KL | E31: =G18 -> 100 | F31: 80 | G31: =E31*F31 -> 8000 | H31: =G31+'3'!H31 -> 36000 | J31: =H31/DAY(B2) -> 9000
A32: Total cost | G32: =G27+G28+G29+G30+G31 -> 244323 | H32: =G32+'3'!H32 -> 931062.48 | J32: =H32/DAY(B2) -> 232765.62
A33: BRANCH READINGS & CONSUMPTION
A34: Transformer No 1 (Sub Feeders)
A35: Main HVAC Power Panel- 800A | D35: kwh | E35: ='3'!F35 -> 631596 | F35: 634203 | G35: =F35-E35 -> 2607 | H35: =G35+'3'!H35 -> 5175.33 | J35: =H35/DAY(B2) -> 1293.8325
A36: Main Panel BALLROOM LVL-2 -2000A | D36: kwh | E36: ='3'!F36 -> 278452 | F36: 279046 | G36: =F36-E36 -> 594 | H36: =G36+'3'!H36 -> 2554.55 | J36: =H36/DAY(B2) -> 638.6375
A37: Fire Emergency Power Panel - 1000A | D37: kwh | E37: 0 | F37: 1302 | G37: =F37-E37 -> 1302 | H37: =G37+'3'!H37 -> 1302 | J37: =H37/DAY(B2) -> 325.5
A38: Main Power Panel -1600A | D38: kwh | E38: ='3'!F38 -> 97.88 | F38: 904 | G38: =F38-E38 -> 806.12 | H38: =G38+'3'!H38 -> 806.12 | J38: =H38/DAY(B2) -> 201.53
A39: Main Lighting and Small power Panel | D39: kwh | E39: 0 | F39: 3521 | G39: =F39-E39 -> 3521 | H39: =G39+'3'!H39 -> 3521 | J39: =H39/DAY(B2) -> 880.25
A40: Capacitor Bank -1 1100KVAR- 2500A | D40: kwh | E40: ='3'!F40 -> 0.17 | F40: 0.17 | G40: =F40-E40 -> 0 | H40: =G40+'3'!H40 -> 0 | J40: =H40/DAY(B2) -> 0
A41: Chiller No 1 | D41: kwh | E41: ='3'!F41 -> 57170 | F41: 58615 | G41: =F41-E41 -> 1445 | H41: =G41+'3'!H41 -> 13992.48 | J41: =H41/DAY(B2) -> 3498.12
A42: Chiller No 2- | D42: kwh | E42: ='3'!F42 -> 58926.09 | F42: 58926 | G42: =F42-E42 -> -0.09 | H42: =G42+'3'!H42 -> 0 | J42: =H42/DAY(B2) -> 0
A43: Chiller Water pump Panel- 630A | D43: kwh | E43: ='3'!F43 -> 774638 | F43: 776889 | G43: =F43-E43 -> 2251 | H43: =G43+'3'!H43 -> 9077.09 | J43: =H43/DAY(B2) -> 2269.2725
A44: Co-Genrator | D44: kwh | E44: ='3'!F44 -> 0 | F44: 0 | G44: =F44-E44 -> 0 | H44: =G44+'3'!H44 -> 0 | J44: =H44/DAY(B2) -> 0
A45: Lawn Pantry | D45: kwh | E45: ='3'!F45 -> 614 | F45: 614 | G45: =F45-E45 -> 0 | H45: =G45+'3'!H45 -> -0.48 | J45: =H45/DAY(B2) -> -0.12
A46: Pavilion Power | D46: kwh | E46: ='3'!F46 -> 187 | F46: 187 | G46: =F46-E46 -> 0 | H46: =G46+'3'!H46 -> -0.49 | J46: =H46/DAY(B2) -> -0.1225
A47: Sub Total | G47: =G35+G36+G37+G38+G39+G40+G41+G42+G43+G44+G45+G46 -> 12526.03 | H47: =G47+'3'!H47 -> 36427.6 | J47: =H47/DAY(B2) -> 9106.9
A48: Transformer No 2 (Sub Feeders)
A49: Main HVAC Power Panel- 800A | D49: kwh | E49: ='3'!F49 -> 251968 | F49: 251968 | G49: =F49-E49 -> 0 | H49: =G49+'3'!H49 -> 6068.95 | J49: =H49/DAY(B2) -> 1517.2375
A50: Main MV PanelBALLROOM LVL-1- 2000A | D50: kwh | E50: ='3'!F50 -> 372061 | F50: 373146 | G50: =F50-E50 -> 1085 | H50: =G50+'3'!H50 -> 4528.69 | J50: =H50/DAY(B2) -> 1132.1725
A51: Fire Emergency Power Panel - 1000A | D51: kwh | E51: ='3'!F51 -> 114511 | F51: 114718 | G51: =F51-E51 -> 207 | H51: =G51+'3'!H51 -> 4618.26 | J51: =H51/DAY(B2) -> 1154.565
A52: Main Power Panel -1800A | D52: kwh | E52: ='3'!F52 -> 499795 | F52: 500900 | G52: =F52-E52 -> 1105 | H52: =G52+'3'!H52 -> 7091.33 | J52: =H52/DAY(B2) -> 1772.8325
A53: Main Lighting and Small power Panel | D53: kwh | E53: ='3'!F53 -> 316830 | F53: 317457 | G53: =F53-E53 -> 627 | H53: =G53+'3'!H53 -> 13158.73 | J53: =H53/DAY(B2) -> 3289.6825
A54: Capacitor Bank -2 1200KVAR- 2500A | D54: kwh | E54: ='3'!F54 -> 6411 | F54: 6419 | G54: =F54-E54 -> 8 | H54: =G54+'3'!H54 -> 102.36 | J54: =H54/DAY(B2) -> 25.59
A55: Chiller No -3 - 1200A | D55: kwh | E55: ='3'!F55 -> 39120.58 | F55: 41404 | G55: =F55-E55 -> 2283.42 | H55: =G55+'3'!H55 -> 2283.42 | J55: =H55/DAY(B2) -> 570.855
A56: Chiller No-4 - 1200A | D56: Kwh | E56: ='3'!F56 -> 557734.43 | F56: 557739 | G56: =F56-E56 -> 4.57 | H56: =G56+'3'!H56 -> 7.09 | J56: =H56/DAY(B2) -> 1.7725
A57: Chiller Water pump Panel- 630A | D57: kwh | E57: ='3'!F57 -> 0 | F57: 0 | G57: =F57-E57 -> 0 | H57: =G57+'3'!H57 -> 0 | J57: =H57/DAY(B2) -> 0
A58: B2-Loundry power panel | D58: kwh | E58: ='3'!F58 -> 31030 | F58: 31209 | G58: =F58-E58 -> 179 | H58: =G58+'3'!H58 -> 677.09 | J58: =H58/DAY(B2) -> 169.2725
A59: Sub Total | G59: =G49+G50+G51+G52+G53+G54+G55+G56+G57+G58 -> 5498.99 | H59: =G59+'3'!H59 -> 38535.92 | I59: =G7-G60 -> 225.98 | J59: =H59/DAY(B2) -> 9633.98
D60: Total TR1 & TR2 | G60: =G47+G59 -> 18025.02 | H60: =G60+'3'!H60 -> 74963.52 | I60: =G13-G60 -> -429.02 | J60: =H60/DAY(B2) -> 18740.88
A61: Floor lighting & Power consumption
A62: 2nd floor plant room | D62: KWh | E62: ='3'!F62 -> 20419.189 | F62: 20419.188 | G62: =F62-E62 -> -0.001 | H62: =G62+'3'!H62 -> -0.001 | J62: =H62/DAY(B2) -> -0.00025
A63: 5th floor spa | D63: KWh | E63: ='3'!F63 -> 1377 | F63: 1391 | G63: =F63-E63 -> 14 | H63: =G63+'3'!H63 -> 58.47 | J63: =H63/DAY(B2) -> 14.6175
A64: 5th Floor | D64: KWh | E64: ='3'!F64 -> 112583 | F64: 113002 | G64: =F64-E64 -> 419 | H64: =G64+'3'!H64 -> 1718.54 | J64: =H64/DAY(B2) -> 429.635
A65: 12th Floor | D65: KWh | E65: ='3'!F65 -> 122868 | F65: 123239 | G65: =F65-E65 -> 371 | H65: =G65+'3'!H65 -> 1505.89 | J65: =H65/DAY(B2) -> 376.4725
A66: 20th Floor | D66: KWh | E66: ='3'!F66 -> 15373 | F66: 15769 | G66: =F66-E66 -> 396 | H66: =G66+'3'!H66 -> 1609.26 | J66: =H66/DAY(B2) -> 402.315
A67: 27th Floor | D67: KWh | E67: ='3'!F67 -> 190728 | F67: 191429 | G67: =F67-E67 -> 701 | H67: =G67+'3'!H67 -> 2754.47 | J67: =H67/DAY(B2) -> 688.6175
A68: 34th Floor | D68: KWh | E68: ='3'!F68 -> 64300 | F68: 64643 | G68: =F68-E68 -> 343 | H68: =G68+'3'!H68 -> 1343.14 | J68: =H68/DAY(B2) -> 335.785
A69: Sanqi | D69: KWh | E69: ='3'!F69 -> 56667 | F69: 56963 | G69: =F69-E69 -> 296 | H69: =G69+'3'!H69 -> 1239.29 | J69: =H69/DAY(B2) -> 309.8225
A70: Consumption of Extra AHU run | D70: KWh | H70: =G70+'3'!H70 -> 0 | J70: =H70/DAY(B2) -> 0
A71: Kitchen consumption
A72: Main kitchen power panel no 1 | D72: KWh | E72: ='3'!F72 -> 848721 | F72: 848804 | G72: =F72-E72 -> 83 | H72: =G72+'3'!H72 -> 339 | J72: =H72/DAY(B2) -> 84.75
A73: Main kitchen power panel no 2 | D73: KWh | E73: ='3'!F73 -> 885729 | F73: 885729 | G73: =F73-E73 -> 0 | H73: =G73+'3'!H73 -> 1 | J73: =H73/DAY(B2) -> 0.25
A74: Prato kitchen power panel | D74: KWh | E74: ='3'!F74 -> 882443 | F74: 882475 | G74: =F74-E74 -> 32 | H74: =G74+'3'!H74 -> 106 | J74: =H74/DAY(B2) -> 26.5
A75: San- Qi Indian Kitchen | D75: KWh | E75: ='3'!F75 -> 738078 | F75: 738251 | G75: =F75-E75 -> 173 | H75: =G75+'3'!H75 -> 732 | J75: =H75/DAY(B2) -> 183
A76: San- Qi Japanese Kitchen | D76: KWh | E76: ='3'!F76 -> 687250 | F76: 687337 | G76: =F76-E76 -> 87 | H76: =G76+'3'!H76 -> 323 | J76: =H76/DAY(B2) -> 80.75
A77: The club kitchen | D77: KWh | E77: ='3'!F77 -> 697261 | F77: 697332 | G77: =F77-E77 -> 71 | H77: =G77+'3'!H77 -> 225 | J77: =H77/DAY(B2) -> 56.25
A78: AER Kitchen | D78: KWh | E78: ='3'!F78 -> 643092 | F78: 643524 | G78: =F78-E78 -> 432 | H78: =G78+'3'!H78 -> 1571 | J78: =H78/DAY(B2) -> 392.75
A79: COLD ROOM'S | D79: KWh | E79: ='3'!F79 -> 810295 | F79: 810488 | G79: =F79-E79 -> 193 | H79: =G79+'3'!H79 -> 797 | J79: =H79/DAY(B2) -> 199.25
A80: Ball Room 1 kitchen | D80: KWh | E80: ='3'!F80 -> 486080 | F80: 486390 | G80: =F80-E80 -> 310 | H80: =G80+'3'!H80 -> 1263 | J80: =H80/DAY(B2) -> 315.75
A81: Ball Room 2 kitchen | D81: KWh | E81: ='3'!F81 -> 623057 | F81: 623152 | G81: =F81-E81 -> 95 | H81: =G81+'3'!H81 -> 377 | J81: =H81/DAY(B2) -> 94.25
A82: B1 Laundry | D82: kwh | E82: ='3'!F82 -> 105581 | F82: 105609 | G82: =F82-E82 -> 28 | H82: =G82+'3'!H82 -> 169 | J82: =H82/DAY(B2) -> 42.25
A83: STP Electrical | D83: kwh | E83: ='3'!F83 -> 984996 | F83: 985414 | G83: =F83-E83 -> 418 | H83: =G83+'3'!H83 -> 1673 | J83: =H83/DAY(B2) -> 418.25
A84: Cooling Tower | D84: kwh | E84: ='3'!F84 -> 417585 | F84: 418059 | G84: =F84-E84 -> 474 | H84: =G84+'3'!H84 -> 1986 | J84: =H84/DAY(B2) -> 496.5
A85: Total | G85: =SUM(G71:G84) -> 2396 | H85: =G85+'3'!H85 -> 7749 | J85: =H85/DAY(B2) -> 1937.25
A86: MOCK Up Room | D86: Kwh | E86: ='3'!F86 -> 447518 | F86: 447651 | G86: =F86-E86 -> 133 | H86: =G86+'3'!H86 -> 545 | J86: =H86/DAY(B2) -> 136.25
A87: 27th Floor | D87: Kwh | E87: ='3'!F87 -> 78543 | F87: 78572 | G87: =F87-E87 -> 29 | H87: =G87+'3'!H87 -> 125.7 | J87: =H87/DAY(B2) -> 31.425
A88: Physic57 | D88: Kwh | E88: ='3'!F88 -> 146706 | F88: 146781 | G88: =F88-E88 -> 75 | H88: =G88+'3'!H88 -> 279 | J88: =H88/DAY(B2) -> 69.75
A89: Pinoor Legal- Lighting | D89: Kwh | E89: ='3'!F89 -> 60027 | F89: 60106 | G89: =F89-E89 -> 79 | H89: =G89+'3'!H89 -> 304 | J89: =H89/DAY(B2) -> 76
A90: Pinoor Legal- Lighting | D90: Kwh | E90: ='3'!F90 -> 3078 | F90: 3082 | G90: =F90-E90 -> 4 | H90: =G90+'3'!H90 -> 16.1 | J90: =H90/DAY(B2) -> 4.025
A91: WATER
A92: R.o.plant | D92: KL | E92: ='3'!F92 -> 236820 | F92: 236922 | G92: =F92-E92 -> 102 | H92: =G92+'3'!H92 -> 352 | J92: =H92/DAY(B2) -> 88
A93: STP Water Prod | D93: KL | E93: ='3'!F93 -> 171677 | F93: 171817 | G93: =F93-E93 -> 140 | H93: =G93+'3'!H93 -> 641 | J93: =H93/DAY(B2) -> 160.25
A94: Total water Produce | G94: =G92+G93 -> 242 | H94: =G94+'3'!H94 -> 706 | J94: =H94/DAY(B2) -> 176.5
A95: Domestic Zone-1 | D95: KL | E95: ='3'!F95 -> 406082 | F95: 406160 | G95: =F95-E95 -> 78 | H95: =G95+'3'!H95 -> 284 | J95: =H95/DAY(B2) -> 71
A96: Domestic Zone-2 | D96: KL | E96: ='3'!F96 -> 100623 | F96: 100658 | G96: =F96-E96 -> 35 | H96: =G96+'3'!H96 -> 124 | J96: =H96/DAY(B2) -> 31
A97: Domestic Zone-3 | D97: KL | E97: ='3'!F97 -> 95742 | F97: 95787 | G97: =F97-E97 -> 45 | H97: =G97+'3'!H97 -> 110 | J97: =H97/DAY(B2) -> 27.5
A98: Flush Zone -1 | D98: KL | E98: ='3'!F98 -> 145776 | F98: 145843 | G98: =F98-E98 -> 67 | H98: =G98+'3'!H98 -> 289 | J98: =H98/DAY(B2) -> 72.25
A99: Flush Zone -2 | D99: KL | E99: ='3'!F99 -> 6005 | F99: 6015 | G99: =F99-E99 -> 10 | H99: =G99+'3'!H99 -> 41 | J99: =H99/DAY(B2) -> 10.25
A100: Flush Zone -3 | D100: KL | E100: ='3'!F100 -> 4253 | F100: 4260 | G100: =F100-E100 -> 7 | H100: =G100+'3'!H100 -> 23 | J100: =H100/DAY(B2) -> 5.75
...

Sheet 5
A1: Daily Utility Consumption Report
A2: Prepaired by --- Devendra | B2: 44201 | C2: occupancy | D2: 0.42 | G2: Occupancy% | H2: Electricity | I2: Water | J2: Gas
C3: Avg temp | D3: 27 | E3: Last year same month avg
C4: humidity | D4: 0.75
A5: Description | D5: Unit | E5: Yesterday | F5: Today | G5: units.consum | H5: MTD | I5: Budgeted | J5: Average/Day
A6: ELECTRICAL CONSUMPTION
A7: BEST Supply 11KV | D7: kwh | E7: ='4'!F7 -> 3964496 | F7: 3983020 | G7: =F7-E7 -> 18524 | H7: =G7+'4'!H7 -> 94822 | I7: ='1'!I7 -> 12000 | J7: =H7/DAY(B2) -> 18964.4
A8: BEST supply | D8: KVAH | E8: ='4'!F8 -> 3990282 | F8: 4008878 | G8: =F8-E8 -> 18596 | H8: =G8+'4'!H8 -> 96027 | I8: 12000 | J8: =H8/DAY(B2) -> 19205.4
A9: Transformer - 1 - 2500KVA | D9: kwh | E9: ='4'!F9 -> 20960 | F9: 22540 | G9: =F9-E9 -> 1580 | H9: =G9+'4'!H9 -> 36430.5 | I9: =I8-J8 -> -7205.4 | J9: =H9/DAY(B2) -> 7286.1
A10: Transformer - 2 -2500KVA | D10: kwh | E10: ='4'!F10 -> 1239081 | F10: 1255235 | G10: =F10-E10 -> 16154 | H10: =G10+'4'!H10 -> 54360.6 | J10: =H10/DAY(B2) -> 10872.12 | N10: 108
A11: DG set- 1 - 1425KVA | D11: kwh | E11: ='4'!F11 -> 35540 | F11: 35540 | G11: =F11-E11 -> 0 | H11: =G11+'4'!H11 -> 150 | J11: =H11/DAY(B2) -> 30 | N11: 28
A12: DG set- 2 - 1425KVA | D12: kwh | E12: ='4'!F12 -> 38010 | F12: 38010 | G12: =F12-E12 -> 0 | H12: =G12+'4'!H12 -> 380 | J12: =H12/DAY(B2) -> 76 | N12: 342
A13: SubTotal | G13: =G9+G10+G11+G12 -> 17734 | H13: =G13+'4'!H13 -> 91321.1 | I13: =G7-G13 -> 790 | J13: =H13/DAY(B2) -> 18264.22 | N13: 349
A14: GAS CONSUMPTION | N14: 432
A15: Gas consumption | D15: m3 | E15: ='4'!F15 -> 1597765 | F15: 1598543 | G15: =F15-E15 -> 778 | H15: =G15+'4'!H15 -> 4105.85 | I15: 800 | J15: =H15/DAY(B2) -> 821.17
I16: =I15-J15 -> -21.17
A17: WATER CONSUMPTION
A18: Tankers | D18: KL | E18: ='4'!F18 -> 10 | F18: 14 | G18: =F18*10 -> 140 | H18: =G18+'4'!H18 -> 590 | I18: ='1'!I18 -> 65 | J18: =H18/DAY(B2) -> 118
A19: BMC | D19: KL | E19: ='4'!F19 -> 133251 | F19: 133292 | G19: =F19-E19 -> 41 | H19: =G19+'4'!H19 -> 244 | J19: =H19/DAY(B2) -> 48.8
A20: Total water | G20: =G18+G19 -> 181 | H20: =G20+'4'!H20 -> 834 | I20: =I18-J20 -> -101.8 | J20: =H20/DAY(B2) -> 166.8
A21: DIESEL CONSUMPTION
A22: Boiler House (H.S.D) | D22: L | E22: ='4'!F22 -> 2250 | F22: 2250 | G22: =(F22-E22) -> 0 | H22: =G22+'4'!H22 -> 0 | J22: =H22/DAY(B2) -> 0
A23: D-G Set (H.S.D) | D23: L | E23: ='4'!F23 -> 1620 | F23: 1620 | G23: 0 | H23: =G23+'4'!H23 -> 380 | J23: =H23/DAY(B2) -> 76
A24: Total HSD (H.S.D.) Stock | D24: L | E24: ='4'!F24 -> 3870 | F24: 3870 | G24: 0 | H24: =G24+'4'!H24 -> 380 | J24: =H24/DAY(B2) -> 76
A25: TOTAL CONSUMPTION UNIT &COST
A26: Utilities | D26: Units
A27: Electricity | D27: KVAH | E27: =G8 -> 18596 | F27: 9 | G27: =E27*F27 -> 167364 | H27: =G27+'4'!H27 -> 864243 | J27: =H27/DAY(B2) -> 172848.6
A28: C.N.G | D28: Cu.Mtr | E28: =G15 -> 778 | F28: 43.5 | G28: =E28*F28 -> 33843 | H28: =G28+'4'!H28 -> 178604.48 | J28: =H28/DAY(B2) -> 35720.895
A29: H.S.D | D29: Ltr | E29: =G24 -> 0 | F29: 69 | G29: =E29*F29 -> 0 | H29: =G29+'4'!H29 -> 26220 | J29: =H29/DAY(B2) -> 5244
A30: Water BMC | D30: Kl | E30: =G19 -> 41 | F30: 134 | G30: =E30*F30 -> 5494 | H30: =G30+'4'!H30 -> 32696 | J30: =H30/DAY(B2) -> 6539.2
A31: Water Tanker | D31: KL | E31: =G18 -> 140 | F31: 80 | G31: =E31*F31 -> 11200 | H31: =G31+'4'!H31 -> 47200 | J31: =H31/DAY(B2) -> 9440
A32: Total cost | G32: =G27+G28+G29+G30+G31 -> 217901 | H32: =G32+'4'!H32 -> 1148963.5 | J32: =H32/DAY(B2) -> 229792.7
A33: BRANCH READINGS & CONSUMPTION
A34: Transformer No 1 (Sub Feeders)
A35: Main HVAC Power Panel- 800A | D35: kwh | E35: ='4'!F35 -> 634203 | F35: 634203 | G35: =F35-E35 -> 0 | H35: =G35+'4'!H35 -> 5175.33 | J35: =H35/DAY(B2) -> 1035.066
A36: Main Panel BALLROOM LVL-2 -2000A | D36: kwh | E36: ='4'!F36 -> 279046 | F36: 279610 | G36: =F36-E36 -> 564 | H36: =G36+'4'!H36 -> 3118.55 | J36: =H36/DAY(B2) -> 623.71
A37: Fire Emergency Power Panel - 1000A | D37: kwh | E37: ='4'!F37 -> 1302 | F37: 1472 | G37: =F37-E37 -> 170 | H37: =G37+'4'!H37 -> 1472 | J37: =H37/DAY(B2) -> 294.4
A38: Main Power Panel -1600A | D38: kwh | E38: ='4'!F38 -> 904 | F38: 904 | G38: =F38-E38 -> 0 | H38: =G38+'4'!H38 -> 806.12 | J38: =H38/DAY(B2) -> 161.224
A39: Main Lighting and Small power Panel | D39: kwh | E39: ='4'!F39 -> 3521 | F39: 4103 | G39: =F39-E39 -> 582 | H39: =G39+'4'!H39 -> 4103 | J39: =H39/DAY(B2) -> 820.6
A40: Capacitor Bank -1 1100KVAR- 2500A | D40: kwh | E40: ='4'!F40 -> 0.17 | F40: 0.17 | G40: =F40-E40 -> 0 | H40: =G40+'4'!H40 -> 0 | J40: =H40/DAY(B2) -> 0
A41: Chiller No 1 | D41: kwh | E41: ='4'!F41 -> 58615 | F41: 58616 | G41: =F41-E41 -> 1 | H41: =G41+'4'!H41 -> 13993.48 | J41: =H41/DAY(B2) -> 2798.696
A42: Chiller No 2- | D42: kwh | E42: ='4'!F42 -> 58926 | F42: 58926 | G42: =F42-E42 -> 0 | H42: =G42+'4'!H42 -> 0 | J42: =H42/DAY(B2) -> 0
A43: Chiller Water pump Panel- 630A | D43: kwh | E43: ='4'!F43 -> 776889 | F43: 777221 | G43: =F43-E43 -> 332 | H43: =G43+'4'!H43 -> 9409.09 | J43: =H43/DAY(B2) -> 1881.818
A44: Co-Genrator | D44: kwh | E44: ='4'!F44 -> 0 | F44: 0 | G44: =F44-E44 -> 0 | H44: =G44+'4'!H44 -> 0 | J44: =H44/DAY(B2) -> 0
A45: Lawn Pantry | D45: kwh | E45: ='4'!F45 -> 614 | F45: 614 | G45: =F45-E45 -> 0 | H45: =G45+'4'!H45 -> -0.48 | J45: =H45/DAY(B2) -> -0.096
A46: Pavilion Power | D46: kwh | E46: ='4'!F46 -> 187 | F46: 187 | G46: =F46-E46 -> 0 | H46: =G46+'4'!H46 -> -0.49 | J46: =H46/DAY(B2) -> -0.098
A47: Sub Total | G47: =G35+G36+G37+G38+G39+G40+G41+G42+G43+G44+G45+G46 -> 1649 | H47: =G47+'4'!H47 -> 38076.6 | J47: =H47/DAY(B2) -> 7615.32
A48: Transformer No 2 (Sub Feeders)
A49: Main HVAC Power Panel- 800A | D49: kwh | E49: ='4'!F49 -> 251968 | F49: 254617 | G49: =F49-E49 -> 2649 | H49: =G49+'4'!H49 -> 8717.95 | J49: =H49/DAY(B2) -> 1743.59
A50: Main MV PanelBALLROOM LVL-1- 2000A | D50: kwh | E50: ='4'!F50 -> 373146 | F50: 374251 | G50: =F50-E50 -> 1105 | H50: =G50+'4'!H50 -> 5633.69 | J50: =H50/DAY(B2) -> 1126.738
A51: Fire Emergency Power Panel - 1000A | D51: kwh | E51: ='4'!F51 -> 114718 | F51: 116006 | G51: =F51-E51 -> 1288 | H51: =G51+'4'!H51 -> 5906.26 | J51: =H51/DAY(B2) -> 1181.252
A52: Main Power Panel -1800A | D52: kwh | E52: ='4'!F52 -> 500900 | F52: 502975 | G52: =F52-E52 -> 2075 | H52: =G52+'4'!H52 -> 9166.33 | J52: =H52/DAY(B2) -> 1833.266
A53: Main Lighting and Small power Panel | D53: kwh | E53: ='4'!F53 -> 317457 | F53: 321103 | G53: =F53-E53 -> 3646 | H53: =G53+'4'!H53 -> 16804.73 | J53: =H53/DAY(B2) -> 3360.946
A54: Capacitor Bank -2 1200KVAR- 2500A | D54: kwh | E54: ='4'!F54 -> 6419 | F54: 6494 | G54: =F54-E54 -> 75 | H54: =G54+'4'!H54 -> 177.36 | J54: =H54/DAY(B2) -> 35.472
A55: Chiller No -3 - 1200A | D55: kwh | E55: ='4'!F55 -> 41404 | F55: 45055 | G55: =F55-E55 -> 3651 | H55: =G55+'4'!H55 -> 5934.42 | J55: =H55/DAY(B2) -> 1186.884
A56: Chiller No-4 - 1200A | D56: Kwh | E56: ='4'!F56 -> 557739 | F56: 557739 | G56: =F56-E56 -> 0 | H56: =G56+'4'!H56 -> 7.09 | J56: =H56/DAY(B2) -> 1.418
A57: Chiller Water pump Panel- 630A | D57: kwh | E57: ='4'!F57 -> 0 | F57: 1933 | G57: =F57-E57 -> 1933 | H57: =G57+'4'!H57 -> 1933 | J57: =H57/DAY(B2) -> 386.6
A58: B2-Loundry power panel | D58: kwh | E58: ='4'!F58 -> 31209 | F58: 31352 | G58: =F58-E58 -> 143 | H58: =G58+'4'!H58 -> 820.09 | J58: =H58/DAY(B2) -> 164.018
A59: Sub Total | G59: =G49+G50+G51+G52+G53+G54+G55+G56+G57+G58 -> 16565 | H59: =G59+'4'!H59 -> 55100.92 | I59: =G7-G60 -> 310 | J59: =H59/DAY(B2) -> 11020.184
D60: Total TR1 & TR2 | G60: =G47+G59 -> 18214 | H60: =G60+'4'!H60 -> 93177.52 | I60: =G13-G60 -> -480 | J60: =H60/DAY(B2) -> 18635.504
A61: Floor lighting & Power consumption
A62: 2nd floor plant room | D62: KWh | E62: ='4'!F62 -> 20419.188 | F62: 20419 | G62: =F62-E62 -> -0.188 | H62: =G62+'4'!H62 -> -0.189 | J62: =H62/DAY(B2) -> -0.0378
A63: 5th floor spa | D63: KWh | E63: ='4'!F63 -> 1391 | F63: 1406 | G63: =F63-E63 -> 15 | H63: =G63+'4'!H63 -> 73.47 | J63: =H63/DAY(B2) -> 14.694
A64: 5th Floor | D64: KWh | E64: ='4'!F64 -> 113002 | F64: 113454 | G64: =F64-E64 -> 452 | H64: =G64+'4'!H64 -> 2170.54 | J64: =H64/DAY(B2) -> 434.108
A65: 12th Floor | D65: KWh | E65: ='4'!F65 -> 123239 | F65: 123609 | G65: =F65-E65 -> 370 | H65: =G65+'4'!H65 -> 1875.89 | J65: =H65/DAY(B2) -> 375.178
A66: 20th Floor | D66: KWh | E66: ='4'!F66 -> 15769 | F66: 16157 | G66: =F66-E66 -> 388 | H66: =G66+'4'!H66 -> 1997.26 | J66: =H66/DAY(B2) -> 399.452
A67: 27th Floor | D67: KWh | E67: ='4'!F67 -> 191429 | F67: 192139 | G67: =F67-E67 -> 710 | H67: =G67+'4'!H67 -> 3464.47 | J67: =H67/DAY(B2) -> 692.894
A68: 34th Floor | D68: KWh | E68: ='4'!F68 -> 64643 | F68: 64987 | G68: =F68-E68 -> 344 | H68: =G68+'4'!H68 -> 1687.14 | J68: =H68/DAY(B2) -> 337.428
A69: Sanqi | D69: KWh | E69: ='4'!F69 -> 56963 | F69: 57260 | G69: =F69-E69 -> 297 | H69: =G69+'4'!H69 -> 1536.29 | J69: =H69/DAY(B2) -> 307.258
A70: Consumption of Extra AHU run | D70: KWh
A71: Kitchen consumption
A72: Main kitchen power panel no 1 | D72: KWh | E72: ='4'!F72 -> 848804 | F72: 848874 | G72: =F72-E72 -> 70 | H72: =G72+'4'!H72 -> 409 | J72: =H72/DAY(B2) -> 81.8
A73: Main kitchen power panel no 2 | D73: KWh | E73: ='4'!F73 -> 885729 | F73: 885730 | G73: =F73-E73 -> 1 | H73: =G73+'4'!H73 -> 2 | J73: =H73/DAY(B2) -> 0.4
A74: Prato kitchen power panel | D74: KWh | E74: ='4'!F74 -> 882475 | F74: 882503 | G74: =F74-E74 -> 28 | H74: =G74+'4'!H74 -> 134 | J74: =H74/DAY(B2) -> 26.8
A75: San- Qi Indian Kitchen | D75: KWh | E75: ='4'!F75 -> 738251 | F75: 738424 | G75: =F75-E75 -> 173 | H75: =G75+'4'!H75 -> 905 | J75: =H75/DAY(B2) -> 181
A76: San- Qi Japanese Kitchen | D76: KWh | E76: ='4'!F76 -> 687337 | F76: 687421 | G76: =F76-E76 -> 84 | H76: =G76+'4'!H76 -> 407 | J76: =H76/DAY(B2) -> 81.4
A77: The club kitchen | D77: KWh | E77: ='4'!F77 -> 697332 | F77: 697414 | G77: =F77-E77 -> 82 | H77: =G77+'4'!H77 -> 307 | J77: =H77/DAY(B2) -> 61.4
A78: AER Kitchen | D78: KWh | E78: ='4'!F78 -> 643524 | F78: 643923 | G78: =F78-E78 -> 399 | H78: =G78+'4'!H78 -> 1970 | J78: =H78/DAY(B2) -> 394
A79: COLD ROOM'S | D79: KWh | E79: ='4'!F79 -> 810488 | F79: 810681 | G79: =F79-E79 -> 193 | H79: =G79+'4'!H79 -> 990 | J79: =H79/DAY(B2) -> 198
A80: Ball Room 1 kitchen | D80: KWh | E80: ='4'!F80 -> 486390 | F80: 486700 | G80: =F80-E80 -> 310 | H80: =G80+'4'!H80 -> 1573 | J80: =H80/DAY(B2) -> 314.6
A81: Ball Room 2 kitchen | D81: KWh | E81: ='4'!F81 -> 623152 | F81: 623252 | G81: =F81-E81 -> 100 | H81: =G81+'4'!H81 -> 477 | J81: =H81/DAY(B2) -> 95.4
A82: B1 Laundry | D82: kwh | E82: ='4'!F82 -> 105609 | F82: 105631 | G82: =F82-E82 -> 22 | H82: =G82+'4'!H82 -> 191 | J82: =H82/DAY(B2) -> 38.2
A83: STP Electrical | D83: kwh | E83: ='4'!F83 -> 985414 | F83: 985917 | G83: =F83-E83 -> 503 | H83: =G83+'4'!H83 -> 2176 | J83: =H83/DAY(B2) -> 435.2
A84: Cooling Tower | D84: kwh | E84: ='4'!F84 -> 418059 | F84: 418526 | G84: =F84-E84 -> 467 | H84: =G84+'4'!H84 -> 2453 | J84: =H84/DAY(B2) -> 490.6
A85: Total | E85: ='4'!F85 -> 0 | G85: =SUM(G71:G84) -> 2432 | H85: =G85+'4'!H85 -> 10181 | J85: =H85/DAY(B2) -> 2036.2
A86: MOCK Up Room | D86: Kwh | E86: ='4'!F86 -> 447651 | F86: 447763 | G86: =F86-E86 -> 112 | H86: =G86+'4'!H86 -> 657 | J86: =H86/DAY(B2) -> 131.4 | N86: =G86-173 -> -61
A87: 27th Floor | D87: Kwh | E87: ='4'!F87 -> 78572 | F87: 78605 | G87: =F87-E87 -> 33 | H87: =G87+'4'!H87 -> 158.7 | J87: =H87/DAY(B2) -> 31.74 | N87: 108
A88: Physic57 | D88: Kwh | E88: ='4'!F88 -> 146781 | F88: 146845 | G88: =F88-E88 -> 64 | H88: =G88+'4'!H88 -> 343 | J88: =H88/DAY(B2) -> 68.6 | N88: 28
A89: Pinoor Legal- Power | D89: Kwh | E89: ='4'!F89 -> 60106 | F89: 60205 | G89: =F89-E89 -> 99 | H89: =G89+'4'!H89 -> 403 | J89: =H89/DAY(B2) -> 80.6 | N89: 342
A90: Pinoor Legal- Lighting | D90: Kwh | E90: ='4'!F90 -> 3082 | F90: 3087 | G90: =F90-E90 -> 5 | H90: =G90+'4'!H90 -> 21.1 | J90: =H90/DAY(B2) -> 4.22 | N90: 349
A91: WATER
A92: R.o.plant | D92: KL | E92: ='4'!F92 -> 236922 | F92: 237032 | G92: =F92-E92 -> 110 | H92: =G92+'4'!H92 -> 462 | J92: =H92/DAY(B2) -> 92.4
A93: STP Water Prod | D93: KL | E93: ='4'!F93 -> 171817 | F93: 171999 | G93: =F93-E93 -> 182 | H93: =G93+'4'!H93 -> 823 | J93: =H93/DAY(B2) -> 164.6
A94: Total water Produce | G94: =G92+G93 -> 292 | H94: =G94+'4'!H94 -> 998 | J94: =H94/DAY(B2) -> 199.6
A95: Domestic Zone-1 | D95: KL | E95: ='4'!F95 -> 406160 | F95: 406215 | G95: =F95-E95 -> 55 | H95: =G95+'4'!H95 -> 339 | J95: =H95/DAY(B2) -> 67.8
A96: Domestic Zone-2 | D96: KL | E96: ='4'!F96 -> 100658 | F96: 100681 | G96: =F96-E96 -> 23 | H96: =G96+'4'!H96 -> 147 | J96: =H96/DAY(B2) -> 29.4
A97: Domestic Zone-3 | D97: KL | E97: ='4'!F97 -> 95787 | F97: 95827 | G97: =F97-E97 -> 40 | H97: =G97+'4'!H97 -> 150 | J97: =H97/DAY(B2) -> 30
A98: Flush Zone -1 | D98: KL | E98: ='4'!F98 -> 145843 | F98: 145883 | G98: =F98-E98 -> 40 | H98: =G98+'4'!H98 -> 329 | J98: =H98/DAY(B2) -> 65.8
A99: Flush Zone -2 | D99: KL | E99: ='4'!F99 -> 6015 | F99: 6022 | G99: =F99-E99 -> 7 | H99: =G99+'4'!H99 -> 48 | J99: =H99/DAY(B2) -> 9.6
A100: Flush Zone -3 | D100: KL | E100: ='4'!F100 -> 4260 | F100: 4266 | G100: =F100-E100 -> 6 | H100: =G100+'4'!H100 -> 29 | J100: =H100/DAY(B2) -> 5.8
...

Sheet 6
A1: Daily Utility Consumption Report
A2: Prepaired by-- Devendra | B2: 44233 | C2: occupancy | D2: 0.36 | G2: Occupancy% | H2: Electricity | I2: Water | J2: Gas
C3: Avg temp | D3: 27 | E3: Last year same month avg
C4: humidity | D4: 0.75
A5: Description | E5: Yesterday | F5: Today | G5: units.consum | H5: MTD | I5: Budgeted | J5: Average/Day
A6: ELECTRICAL CONSUMPTION
A7: BEST Supply 11KV | D7: kwh | E7: ='5'!F7 -> 3983020 | F7: 4002210 | G7: =F7-E7 -> 19190 | H7: =G7+'5'!H7 -> 114012 | I7: ='1'!I7 -> 12000 | J7: =H7/DAY(B2) -> 19002
A8: BEST supply | D8: KVAH | E8: ='5'!F8 -> 4008878 | F8: 4028160 | G8: =F8-E8 -> 19282 | H8: =G8+'5'!H8 -> 115309 | I8: 12000 | J8: =H8/DAY(B2) -> 19218.167
A9: Transformer - 1 - 2500KVA | D9: kwh | E9: ='5'!F9 -> 22540 | F9: 23195 | G9: =F9-E9 -> 655 | H9: =G9+'5'!H9 -> 37085.5 | I9: =I8-J8 -> -7218.1667 | J9: =H9/DAY(B2) -> 6180.9167
A10: Transformer - 2 -2500KVA | D10: kwh | E10: ='5'!F10 -> 1255235 | F10: 1273075 | G10: =F10-E10 -> 17840 | H10: =G10+'5'!H10 -> 72200.6 | J10: =H10/DAY(B2) -> 12033.433
A11: DG set- 1 - 1425KVA | D11: kwh | E11: ='5'!F11 -> 35540 | F11: 35540 | G11: =F11-E11 -> 0 | H11: =G11+'5'!H11 -> 150 | J11: =H11/DAY(B2) -> 25
A12: DG set- 2 - 1425KVA | D12: kwh | E12: ='5'!F12 -> 38010 | F12: 38010 | G12: =F12-E12 -> 0 | H12: =G12+'5'!H12 -> 380 | J12: =H12/DAY(B2) -> 63.333333
A13: SubTotal | G13: =G9+G10+G11+G12 -> 18495 | H13: =G13+'5'!H13 -> 109816.1 | I13: =G7-G13 -> 695 | J13: =H13/DAY(B2) -> 18302.683
A14: GAS CONSUMPTION
A15: Gas consumption | D15: m3 | E15: ='5'!F15 -> 1598543 | F15: 1599357 | G15: =(F15-E15) -> 814 | H15: =G15+'5'!H15 -> 4919.85 | I15: 800 | J15: =H15/DAY(B2) -> 819.975
I16: =I15-J15 -> -19.975
A17: WATER CONSUMPTION
A18: Tankers | D18: KL | E18: ='5'!F18 -> 14 | F18: 22 | G18: =F18*10 -> 220 | H18: =G18+'5'!H18 -> 810 | I18: ='1'!I18 -> 65 | J18: =H18/DAY(B2) -> 135
A19: BMC | D19: KL | E19: ='5'!F19 -> 133292 | F19: 133343 | G19: =F19-E19 -> 51 | H19: =G19+'5'!H19 -> 295 | J19: =H19/DAY(B2) -> 49.166667
A20: Total water | G20: =G18+G19 -> 271 | H20: =G20+'5'!H20 -> 1105 | I20: =I18-J20 -> -119.16667 | J20: =H20/DAY(B2) -> 184.16667
A21: DIESEL CONSUMPTION
A22: Boiler House (H.S.D) | D22: L | E22: ='5'!F22 -> 2250 | F22: 2250 | G22: =(F22-E22) -> 0 | H22: =G22+'5'!H22 -> 0 | J22: =H22/DAY(B2) -> 0
A23: D-G Set (H.S.D) | D23: L | E23: ='5'!F23 -> 1620 | F23: 1620 | G23: 0 | H23: =G23+'5'!H23 -> 380 | J23: =H23/DAY(B2) -> 63.333333
A24: Total HSD (H.S.D.) Stock | D24: L | E24: ='5'!F24 -> 3870 | F24: 3870 | G24: 0 | H24: =G24+'5'!H24 -> 380 | J24: =H24/DAY(B2) -> 63.333333
A25: TOTAL CONSUMPTION UNIT &COST
A26: Utilities | D26: Units
A27: Electricity | D27: KVAH | E27: =G8 -> 19282 | F27: 9 | G27: =E27*F27 -> 173538 | H27: =G27+'5'!H27 -> 1037781 | J27: =H27/DAY(B2) -> 172963.5
A28: C.N.G | D28: Cu.Mtr | E28: =G15 -> 814 | F28: 43.5 | G28: =E28*F28 -> 35409 | H28: =G28+'5'!H28 -> 214013.48 | J28: =H28/DAY(B2) -> 35668.913
A29: H.S.D | D29: Ltr | E29: =G24 -> 0 | F29: 69 | G29: =E29*F29 -> 0 | H29: =G29+'5'!H29 -> 26220 | J29: =H29/DAY(B2) -> 4370
A30: Water BMC | D30: Kl | E30: =G19 -> 51 | F30: 134 | G30: =E30*F30 -> 6834 | H30: =G30+'5'!H30 -> 39530 | J30: =H30/DAY(B2) -> 6588.3333
A31: Water Tanker | D31: KL | E31: =G18 -> 220 | F31: 80 | G31: =E31*F31 -> 17600 | H31: =G31+'5'!H31 -> 64800 | J31: =H31/DAY(B2) -> 10800
A32: Total cost | G32: =G27+G28+G29+G30+G31 -> 233381 | H32: =G32+'5'!H32 -> 1382344.5 | J32: =H32/DAY(B2) -> 230390.75
A33: BRANCH READINGS & CONSUMPTION
A34: Transformer No 1 (Sub Feeders)
A35: Main HVAC Power Panel- 800A | D35: kwh | E35: ='5'!F35 -> 634203 | F35: 634203 | G35: =F35-E35 -> 0 | H35: =G35+'5'!H35 -> 5175.33 | J35: =H35/DAY(B2) -> 862.555
A36: Main Panel BALLROOM LVL-2 -2000A | D36: kwh | E36: ='5'!F36 -> 279610 | F36: 280339 | G36: =F36-E36 -> 729 | H36: =G36+'5'!H36 -> 3847.55 | J36: =H36/DAY(B2) -> 641.25833
A37: Fire Emergency Power Panel - 1000A | D37: kwh | E37: ='5'!F37 -> 1472 | F37: 1472 | G37: =F37-E37 -> 0 | H37: =G37+'5'!H37 -> 1472 | J37: =H37/DAY(B2) -> 245.33333
A38: Main Power Panel -1600A | D38: kwh | E38: ='5'!F38 -> 904 | F38: 904 | G38: =F38-E38 -> 0 | H38: =G38+'5'!H38 -> 806.12 | J38: =H38/DAY(B2) -> 134.35333
A39: Main Lighting and Small power Panel | D39: kwh | E39: ='5'!F39 -> 4103 | F39: 4103 | G39: =F39-E39 -> 0 | H39: =G39+'5'!H39 -> 4103 | J39: =H39/DAY(B2) -> 683.83333
A40: Capacitor Bank -1 1100KVAR- 2500A | D40: kwh | E40: ='5'!F40 -> 0.17 | F40: 0.17 | G40: =F40-E40 -> 0 | H40: =G40+'5'!H40 -> 0 | J40: =H40/DAY(B2) -> 0
A41: Chiller No 1 | D41: kwh | E41: ='5'!F41 -> 58616 | F41: 58616 | G41: =F41-E41 -> 0 | H41: =G41+'5'!H41 -> 13993.48 | J41: =H41/DAY(B2) -> 2332.2467
A42: Chiller No 2- | D42: kwh | E42: ='5'!F42 -> 58926 | F42: 58926 | G42: =F42-E42 -> 0 | H42: =G42+'5'!H42 -> 0 | J42: =H42/DAY(B2) -> 0
A43: Chiller Water pump Panel- 630A | D43: kwh | E43: ='5'!F43 -> 777221 | F43: 777221 | G43: =F43-E43 -> 0 | H43: =G43+'5'!H43 -> 9409.09 | J43: =H43/DAY(B2) -> 1568.1817
A44: Co-Genrator | D44: kwh | E44: ='5'!F44 -> 0 | F44: 0 | G44: =F44-E44 -> 0 | H44: =G44+'5'!H44 -> 0 | J44: =H44/DAY(B2) -> 0
A45: Lawn Pantry | D45: kwh | E45: ='5'!F45 -> 614 | F45: 614 | G45: =F45-E45 -> 0 | H45: =G45+'5'!H45 -> -0.48 | J45: =H45/DAY(B2) -> -0.08
A46: Pavilion Power | D46: kwh | E46: ='5'!F46 -> 187 | F46: 187 | G46: =F46-E46 -> 0 | H46: =G46+'5'!H46 -> -0.49 | J46: =H46/DAY(B2) -> -0.081666667
A47: Sub Total | G47: =G35+G36+G37+G38+G39+G40+G41+G42+G43+G44+G45+G46 -> 729 | H47: =G47+'5'!H47 -> 38805.6 | J47: =H47/DAY(B2) -> 6467.6
A48: Transformer No 2 (Sub Feeders)
A49: Main HVAC Power Panel- 800A | D49: kwh | E49: ='5'!F49 -> 254617 | F49: 257265 | G49: =F49-E49 -> 2648 | H49: =G49+'5'!H49 -> 11365.95 | J49: =H49/DAY(B2) -> 1894.325
A50: Main MV PanelBALLROOM LVL-1- 2000A | D50: kwh | E50: ='5'!F50 -> 374251 | F50: 375731 | G50: =F50-E50 -> 1480 | H50: =G50+'5'!H50 -> 7113.69 | J50: =H50/DAY(B2) -> 1185.615
A51: Fire Emergency Power Panel - 1000A | D51: kwh | E51: ='5'!F51 -> 116006 | F51: 117515 | G51: =F51-E51 -> 1509 | H51: =G51+'5'!H51 -> 7415.26 | J51: =H51/DAY(B2) -> 1235.8767
A52: Main Power Panel -1800A | D52: kwh | E52: ='5'!F52 -> 502975 | F52: 504975 | G52: =F52-E52 -> 2000 | H52: =G52+'5'!H52 -> 11166.33 | J52: =H52/DAY(B2) -> 1861.055
A53: Main Lighting and Small power Panel | D53: kwh | E53: ='5'!F53 -> 321103 | F53: 325256 | G53: =F53-E53 -> 4153 | H53: =G53+'5'!H53 -> 20957.73 | J53: =H53/DAY(B2) -> 3492.955
A54: Capacitor Bank -2 1200KVAR- 2500A | D54: kwh | E54: ='5'!F54 -> 6494 | F54: 6564 | G54: =F54-E54 -> 70 | H54: =G54+'5'!H54 -> 247.36 | J54: =H54/DAY(B2) -> 41.226667
A55: Chiller No -3 - 1200A | D55: kwh | E55: ='5'!F55 -> 45055 | F55: 48960 | G55: =F55-E55 -> 3905 | H55: =G55+'5'!H55 -> 9839.42 | J55: =H55/DAY(B2) -> 1639.9033
A56: Chiller No-4 - 1200A | D56: Kwh | E56: ='5'!F56 -> 557739 | F56: 557739 | G56: =F56-E56 -> 0 | H56: =G56+'5'!H56 -> 7.09 | J56: =H56/DAY(B2) -> 1.1816667
A57: Chiller Water pump Panel- 630A | D57: kwh | E57: ='5'!F57 -> 1933 | F57: 4215 | G57: =F57-E57 -> 2282 | H57: =G57+'5'!H57 -> 4215 | J57: =H57/DAY(B2) -> 702.5
A58: B2-Loundry power panel | D58: kwh | E58: ='5'!F58 -> 31352 | F58: 31510 | G58: =F58-E58 -> 158 | H58: =G58+'5'!H58 -> 978.09 | J58: =H58/DAY(B2) -> 163.015
A59: Sub Total | G59: =G49+G50+G51+G52+G53+G54+G55+G56+G57+G58 -> 18205 | H59: =G59+'5'!H59 -> 73305.92 | I59: =G7-G60 -> 256 | J59: =H59/DAY(B2) -> 12217.653
D60: Total TR1 & TR2 | G60: =G47+G59 -> 18934 | H60: =G60+'5'!H60 -> 112111.52 | I60: =G13-G60 -> -439 | J60: =H60/DAY(B2) -> 18685.253
A61: Floor lighting & Power consumption
A62: 2nd floor plant room | D62: KWh | E62: ='5'!F62 -> 20419 | F62: 20419 | G62: =F62-E62 -> 0 | H62: =G62+'5'!H62 -> -0.189 | J62: =H62/DAY(B2) -> -0.0315
A63: 5th floor spa | D63: KWh | E63: ='5'!F63 -> 1406 | F63: 1420 | G63: =F63-E63 -> 14 | H63: =G63+'5'!H63 -> 87.47 | J63: =H63/DAY(B2) -> 14.578333
A64: 5th Floor | D64: KWh | E64: ='5'!F64 -> 113454 | F64: 113859 | G64: =F64-E64 -> 405 | H64: =G64+'5'!H64 -> 2575.54 | J64: =H64/DAY(B2) -> 429.25667
A65: 12th Floor | D65: KWh | E65: ='5'!F65 -> 123609 | F65: 123976 | G65: =F65-E65 -> 367 | H65: =G65+'5'!H65 -> 2242.89 | J65: =H65/DAY(B2) -> 373.815
A66: 20th Floor | D66: KWh | E66: ='5'!F66 -> 16157 | F66: 16550 | G66: =F66-E66 -> 393 | H66: =G66+'5'!H66 -> 2390.26 | J66: =H66/DAY(B2) -> 398.37667
A67: 27th Floor | D67: KWh | E67: ='5'!F67 -> 192139 | F67: 192854 | G67: =F67-E67 -> 715 | H67: =G67+'5'!H67 -> 4179.47 | J67: =H67/DAY(B2) -> 696.57833
A68: 34th Floor | D68: KWh | E68: ='5'!F68 -> 64987 | F68: 65342 | G68: =F68-E68 -> 355 | H68: =G68+'5'!H68 -> 2042.14 | J68: =H68/DAY(B2) -> 340.35667
A69: Sanqi | D69: KWh | E69: ='5'!F69 -> 57260 | F69: 57540 | G69: =F69-E69 -> 280 | H69: =G69+'5'!H69 -> 1816.29 | J69: =H69/DAY(B2) -> 302.715
A70: Consumption of Extra AHU run | D70: KWh
A71: Kitchen consumption
A72: Main kitchen power panel no 1 | D72: KWh | E72: ='5'!F72 -> 848874 | F72: 848941 | G72: =F72-E72 -> 67 | H72: =G72+'5'!H72 -> 476 | J72: =H72/DAY(B2) -> 79.333333
A73: Main kitchen power panel no 2 | D73: KWh | E73: ='5'!F73 -> 885730 | F73: 885730 | G73: =F73-E73 -> 0 | H73: =G73+'5'!H73 -> 2 | J73: =H73/DAY(B2) -> 0.33333333
A74: Prato kitchen power panel | D74: KWh | E74: ='5'!F74 -> 882503 | F74: 882533 | G74: =F74-E74 -> 30 | H74: =G74+'5'!H74 -> 164 | J74: =H74/DAY(B2) -> 27.333333
A75: San- Qi Indian Kitchen | D75: KWh | E75: ='5'!F75 -> 738424 | F75: 738595 | G75: =F75-E75 -> 171 | H75: =G75+'5'!H75 -> 1076 | J75: =H75/DAY(B2) -> 179.33333
A76: San- Qi Japanese Kitchen | D76: KWh | E76: ='5'!F76 -> 687421 | F76: 687502 | G76: =F76-E76 -> 81 | H76: =G76+'5'!H76 -> 488 | J76: =H76/DAY(B2) -> 81.333333
A77: The club kitchen | D77: KWh | E77: ='5'!F77 -> 697414 | F77: 697478 | G77: =F77-E77 -> 64 | H77: =G77+'5'!H77 -> 371 | J77: =H77/DAY(B2) -> 61.833333
A78: AER Kitchen | D78: KWh | E78: ='5'!F78 -> 643923 | F78: 644391 | G78: =F78-E78 -> 468 | H78: =G78+'5'!H78 -> 2438 | J78: =H78/DAY(B2) -> 406.33333
A79: COLD ROOM'S | D79: KWh | E79: ='5'!F79 -> 810681 | F79: 810884 | G79: =F79-E79 -> 203 | H79: =G79+'5'!H79 -> 1193 | J79: =H79/DAY(B2) -> 198.83333
A80: Ball Room 1 kitchen | D80: KWh | E80: ='5'!F80 -> 486700 | F80: 487008 | G80: =F80-E80 -> 308 | H80: =G80+'5'!H80 -> 1881 | J80: =H80/DAY(B2) -> 313.5
A81: Ball Room 2 kitchen | D81: KWh | E81: ='5'!F81 -> 623252 | F81: 623356 | G81: =F81-E81 -> 104 | H81: =G81+'5'!H81 -> 581 | J81: =H81/DAY(B2) -> 96.833333
A82: B1 Laundry | D82: kwh | E82: ='5'!F82 -> 105631 | F82: 105652 | G82: =F82-E82 -> 21 | H82: =G82+'5'!H82 -> 212 | J82: =H82/DAY(B2) -> 35.333333
A83: STP Electrical | D83: kwh | E83: ='5'!F83 -> 985917 | F83: 986402 | G83: =F83-E83 -> 485 | H83: =G83+'5'!H83 -> 2661 | J83: =H83/DAY(B2) -> 443.5
A84: Cooling Tower | D84: kwh | E84: ='5'!F84 -> 418526 | F84: 419003 | G84: =F84-E84 -> 477 | H84: =G84+'5'!H84 -> 2930 | J84: =H84/DAY(B2) -> 488.33333
A85: Total | G85: =SUM(G71:G84) -> 2479 | H85: =G85+'5'!H85 -> 12660 | J85: =H85/DAY(B2) -> 2110
A86: MOCK Up Room | D86: Kwh | E86: ='5'!F86 -> 447763 | F86: 447922 | G86: =F86-E86 -> 159 | H86: =G86+'5'!H86 -> 816 | J86: =H86/DAY(B2) -> 136
A87: 27th Floor | D87: Kwh | E87: ='5'!F87 -> 78605 | F87: 78625 | G87: =F87-E87 -> 20 | H87: =G87+'5'!H87 -> 178.7 | J87: =H87/DAY(B2) -> 29.783333
A88: Physic57 | D88: Kwh | E88: ='5'!F88 -> 146845 | F88: 146908 | G88: =F88-E88 -> 63 | H88: =G88+'5'!H88 -> 406 | J88: =H88/DAY(B2) -> 67.666667
A89: Pinoor Legal- Lighting | D89: Kwh | E89: ='5'!F89 -> 60205 | F89: 60255 | G89: =F89-E89 -> 50 | H89: =G89+'5'!H89 -> 453 | J89: =H89/DAY(B2) -> 75.5
A90: Pinoor Legal- Lighting | D90: Kwh | E90: ='5'!F90 -> 3087 | F90: 3088 | G90: =F90-E90 -> 1 | H90: =G90+'5'!H90 -> 22.1 | J90: =H90/DAY(B2) -> 3.6833333
A91: WATER
A92: R.o.plant | D92: KL | E92: ='5'!F92 -> 237032 | F92: 237121 | G92: =F92-E92 -> 89 | H92: =G92+'5'!H92 -> 551 | J92: =H92/DAY(B2) -> 91.833333
A93: STP Water Prod | D93: KL | E93: ='5'!F93 -> 171999 | F93: 172100 | G93: =F93-E93 -> 101 | H93: =G93+'5'!H93 -> 924 | J93: =H93/DAY(B2) -> 154
A94: Total water Produce | E94: ='5'!F94 -> 0 | G94: =G92+G93 -> 190 | H94: =G94+'5'!H94 -> 1188 | J94: =H94/DAY(B2) -> 198
A95: Domestic Zone-1 | D95: KL | E95: ='5'!F95 -> 406215 | F95: 406276 | G95: =F95-E95 -> 61 | H95: =G95+'5'!H95 -> 400 | J95: =H95/DAY(B2) -> 66.666667
A96: Domestic Zone-2 | D96: KL | E96: ='5'!F96 -> 100681 | F96: 100715 | G96: =F96-E96 -> 34 | H96: =G96+'5'!H96 -> 181 | J96: =H96/DAY(B2) -> 30.166667
A97: Domestic Zone-3 | D97: KL | E97: ='5'!F97 -> 95827 | F97: 95858 | G97: =F97-E97 -> 31 | H97: =G97+'5'!H97 -> 181 | J97: =H97/DAY(B2) -> 30.166667
A98: Flush Zone -1 | D98: KL | E98: ='5'!F98 -> 145883 | F98: 145955 | G98: =F98-E98 -> 72 | H98: =G98+'5'!H98 -> 401 | J98: =H98/DAY(B2) -> 66.833333
A99: Flush Zone -2 | D99: KL | E99: ='5'!F99 -> 6022 | F99: 6031 | G99: =F99-E99 -> 9 | H99: =G99+'5'!H99 -> 57 | J99: =H99/DAY(B2) -> 9.5
A100: Flush Zone -3 | D100: KL | E100: ='5'!F100 -> 4266 | F100: 4275 | G100: =F100-E100 -> 9 | H100: =G100+'5'!H100 -> 38 | J100: =H100/DAY(B2) -> 6.3333333
...

Sheet 7
A1: Daily Utility Consumption Report
A2: Prepaired by--- Nilesh | B2: 44203 | C2: occupancy | D2: 0.54 | G2: Occupancy% | H2: Electricity | I2: Water | J2: Gas
C3: Avg temp | D3: 26 | E3: Last year same month avg
C4: humidity | D4: 0.78
A5: Description | E5: Yesterday | F5: Today | G5: units.consum | H5: MTD | I5: Budgeted | J5: Average/Day
A6: ELECTRICAL CONSUMPTION
A7: BEST Supply 11KV | D7: kwh | E7: ='6'!F7 -> 4002210 | F7: 4020465 | G7: =F7-E7 -> 18255 | H7: =G7+'6'!H7 -> 132267 | I7: ='1'!I7 -> 12000 | J7: =H7/DAY(B2) -> 18895.286
A8: BEST supply | D8: KVAH | E8: ='6'!F8 -> 4028160 | F8: 4046475 | G8: =F8-E8 -> 18315 | H8: =G8+'6'!H8 -> 133624 | I8: 12000 | J8: =H8/DAY(B2) -> 19089.143
A9: Transformer - 1 - 2500KVA | D9: kwh | E9: 0 | F9: 26.75 | G9: =F9-E9 -> 26.75 | H9: =G9+'6'!H9 -> 37112.25 | I9: =I8-J8 -> -7089.1429 | J9: =H9/DAY(B2) -> 5301.75
A10: Transformer - 2 -2500KVA | D10: kwh | E10: ='6'!F10 -> 1273075 | F10: 1290081 | G10: =F10-E10 -> 17006 | H10: =G10+'6'!H10 -> 89206.6 | J10: =H10/DAY(B2) -> 12743.8
A11: DG set- 1 - 1425KVA | D11: kwh | E11: ='6'!F11 -> 35540 | F11: 35540 | G11: =F11-E11 -> 0 | H11: =G11+'6'!H11 -> 150 | J11: =H11/DAY(B2) -> 21.428571
A12: DG set- 2 - 1425KVA | D12: kwh | E12: ='6'!F12 -> 38010 | F12: 38010 | G12: =F12-E12 -> 0 | H12: =G12+'6'!H12 -> 380 | J12: =H12/DAY(B2) -> 54.285714
A13: SubTotal | G13: =G9+G10+G11+G12 -> 17032.75 | H13: =G13+'6'!H13 -> 126848.85 | I13: =G7-G13 -> 1222.25 | J13: =H13/DAY(B2) -> 18121.264
A14: GAS CONSUMPTION
A15: Gas consumption | D15: m3 | E15: ='6'!F15 -> 1599357 | F15: 1600201.4 | G15: =(F15-E15) -> 844.45 | H15: =G15+'6'!H15 -> 5764.3 | I15: 800 | J15: =H15/DAY(B2) -> 823.47143
I16: =I15-J15 -> -23.471429
A17: WATER CONSUMPTION
A18: Tankers | D18: KL | E18: ='6'!F18 -> 22 | F18: 16 | G18: =F18*10 -> 160 | H18: =G18+'6'!H18 -> 970 | I18: ='1'!I18 -> 65 | J18: =H18/DAY(B2) -> 138.57143
A19: BMC | D19: KL | E19: ='6'!F19 -> 133343 | F19: 133395 | G19: =F19-E19 -> 52 | H19: =G19+'6'!H19 -> 347 | J19: =H19/DAY(B2) -> 49.571429
A20: Total water | G20: =G18+G19 -> 212 | H20: =G20+'6'!H20 -> 1317 | I20: =I18-J20 -> -123.14286 | J20: =H20/DAY(B2) -> 188.14286
A21: DIESEL CONSUMPTION
A22: Boiler House (H.S.D) | D22: L | E22: ='6'!F22 -> 2250 | F22: 2250 | G22: =(F22-E22) -> 0 | H22: =G22+'6'!H22 -> 0 | J22: =H22/DAY(B2) -> 0
A23: D-G Set (H.S.D) | D23: L | E23: ='6'!F23 -> 1620 | F23: 1620 | G23: 0 | H23: =G23+'6'!H23 -> 380 | J23: =H23/DAY(B2) -> 54.285714
A24: Total HSD (H.S.D.) Stock | D24: L | E24: ='6'!F24 -> 3870 | F24: 3870 | G24: 0 | H24: =G24+'6'!H24 -> 380 | J24: =H24/DAY(B2) -> 54.285714
A25: TOTAL CONSUMPTION UNIT &COST
A26: Utilities | D26: Units
A27: Electricity | D27: KVAH | E27: =G8 -> 18315 | F27: 9 | G27: =E27*F27 -> 164835 | H27: =G27+'6'!H27 -> 1202616 | J27: =H27/DAY(B2) -> 171802.29
A28: C.N.G | D28: Cu.Mtr | E28: =G15 -> 844.45 | F28: 43.5 | G28: =E28*F28 -> 36733.575 | H28: =G28+'6'!H28 -> 250747.05 | J28: =H28/DAY(B2) -> 35821.007
A29: H.S.D | D29: Ltr | E29: =G24 -> 0 | F29: 69 | G29: =E29*F29 -> 0 | H29: =G29+'6'!H29 -> 26220 | J29: =H29/DAY(B2) -> 3745.7143
A30: Water BMC | D30: Kl | E30: =G19 -> 52 | F30: 134 | G30: =E30*F30 -> 6968 | H30: =G30+'6'!H30 -> 46498 | J30: =H30/DAY(B2) -> 6642.5714
A31: Water Tanker | D31: KL | E31: =G18 -> 160 | F31: 80 | G31: =E31*F31 -> 12800 | H31: =G31+'6'!H31 -> 77600 | J31: =H31/DAY(B2) -> 11085.714
A32: Total cost | G32: =G27+G28+G29+G30+G31 -> 221336.57 | H32: =G32+'6'!H32 -> 1603681.1 | J32: =H32/DAY(B2) -> 229097.29
A33: BRANCH READINGS & CONSUMPTION
A34: Transformer No 1 (Sub Feeders)
A35: Main HVAC Power Panel- 800A | D35: kwh | E35: ='6'!F35 -> 634203 | F35: 634203 | G35: =F35-E35 -> 0 | H35: =G35+'6'!H35 -> 5175.33 | J35: =H35/DAY(B2) -> 739.33286
A36: Main Panel BALLROOM LVL-2 -2000A | D36: kwh | E36: ='6'!F36 -> 280339 | F36: 280916.81 | G36: =F36-E36 -> 577.81 | H36: =G36+'6'!H36 -> 4425.36 | J36: =H36/DAY(B2) -> 632.19429
A37: Fire Emergency Power Panel - 1000A | D37: kwh | E37: ='6'!F37 -> 1472 | F37: 1472 | G37: =F37-E37 -> 0 | H37: =G37+'6'!H37 -> 1472 | J37: =H37/DAY(B2) -> 210.28571
A38: Main Power Panel -1600A | D38: kwh | E38: ='6'!F38 -> 904 | F38: 904 | G38: =F38-E38 -> 0 | H38: =G38+'6'!H38 -> 806.12 | J38: =H38/DAY(B2) -> 115.16
A39: Main Lighting and Small power Panel | D39: kwh | E39: ='6'!F39 -> 4103 | F39: 4103 | G39: =F39-E39 -> 0 | H39: =G39+'6'!H39 -> 4103 | J39: =H39/DAY(B2) -> 586.14286
A40: Capacitor Bank -1 1100KVAR- 2500A | D40: kwh | E40: ='6'!F40 -> 0.17 | F40: 0.17 | G40: =F40-E40 -> 0 | H40: =G40+'6'!H40 -> 0 | J40: =H40/DAY(B2) -> 0
A41: Chiller No 1 | D41: kwh | E41: ='6'!F41 -> 58616 | F41: 58616 | G41: =F41-E41 -> 0 | H41: =G41+'6'!H41 -> 13993.48 | J41: =H41/DAY(B2) -> 1999.0686
A42: Chiller No 2- | D42: kwh | E42: ='6'!F42 -> 58926 | F42: 58926 | G42: =F42-E42 -> 0 | H42: =G42+'6'!H42 -> 0 | J42: =H42/DAY(B2) -> 0
A43: Chiller Water pump Panel- 630A | D43: kwh | E43: ='6'!F43 -> 777221 | F43: 777221 | G43: =F43-E43 -> 0 | H43: =G43+'6'!H43 -> 9409.09 | J43: =H43/DAY(B2) -> 1344.1557
A44: Co-Genrator | D44: kwh | E44: ='6'!F44 -> 0 | F44: 0 | G44: =F44-E44 -> 0 | H44: =G44+'6'!H44 -> 0 | J44: =H44/DAY(B2) -> 0
A45: Lawn Pantry | D45: kwh | E45: ='6'!F45 -> 614 | F45: 614 | G45: =F45-E45 -> 0 | H45: =G45+'6'!H45 -> -0.48 | J45: =H45/DAY(B2) -> -0.068571429
A46: Pavilion Power | D46: kwh | E46: ='6'!F46 -> 187 | F46: 187 | G46: =F46-E46 -> 0 | H46: =G46+'6'!H46 -> -0.49 | J46: =H46/DAY(B2) -> -0.07
A47: Sub Total | G47: =G35+G36+G37+G38+G39+G40+G41+G42+G43+G44+G45+G46 -> 577.81 | H47: =G47+'6'!H47 -> 39383.41 | J47: =H47/DAY(B2) -> 5626.2014
A48: Transformer No 2 (Sub Feeders)
A49: Main HVAC Power Panel- 800A | D49: kwh | E49: ='6'!F49 -> 257265 | F49: 259764.67 | G49: =F49-E49 -> 2499.67 | H49: =G49+'6'!H49 -> 13865.62 | J49: =H49/DAY(B2) -> 1980.8029
A50: Main MV PanelBALLROOM LVL-1- 2000A | D50: kwh | E50: ='6'!F50 -> 375731 | F50: 376840 | G50: =F50-E50 -> 1109 | H50: =G50+'6'!H50 -> 8222.69 | J50: =H50/DAY(B2) -> 1174.67
A51: Fire Emergency Power Panel - 1000A | D51: kwh | E51: ='6'!F51 -> 117515 | F51: 118942 | G51: =F51-E51 -> 1427 | H51: =G51+'6'!H51 -> 8842.26 | J51: =H51/DAY(B2) -> 1263.18
A52: Main Power Panel -1800A | D52: kwh | E52: ='6'!F52 -> 504975 | F52: 507093 | G52: =F52-E52 -> 2118 | H52: =G52+'6'!H52 -> 13284.33 | J52: =H52/DAY(B2) -> 1897.7614
A53: Main Lighting and Small power Panel | D53: kwh | E53: ='6'!F53 -> 325256 | F53: 329432 | G53: =F53-E53 -> 4176 | H53: =G53+'6'!H53 -> 25133.73 | J53: =H53/DAY(B2) -> 3590.5329
A54: Capacitor Bank -2 1200KVAR- 2500A | D54: kwh | E54: ='6'!F54 -> 6564 | F54: 6635 | G54: =F54-E54 -> 71 | H54: =G54+'6'!H54 -> 318.36 | J54: =H54/DAY(B2) -> 45.48
A55: Chiller No -3 - 1200A | D55: kwh | E55: ='6'!F55 -> 48960 | F55: 52455.98 | G55: =F55-E55 -> 3495.98 | H55: =G55+'6'!H55 -> 13335.4 | J55: =H55/DAY(B2) -> 1905.0571
A56: Chiller No-4 - 1200A | D56: Kwh | E56: ='6'!F56 -> 557739 | F56: 557739 | G56: =F56-E56 -> 0 | H56: =G56+'6'!H56 -> 7.09 | J56: =H56/DAY(B2) -> 1.0128571
A57: Chiller Water pump Panel- 630A | D57: kwh | E57: ='6'!F57 -> 4215 | F57: 6534 | G57: =F57-E57 -> 2319 | H57: =G57+'6'!H57 -> 6534 | J57: =H57/DAY(B2) -> 933.42857
