Workbook

Sheet TOTAL
A1: Site Name | B1: Day | C1: Month | D1: Year | E1: Total Electricity Kwh | F1: Electricity Tariff ($/Kwh) | G1: LPG (Kg) | H1: LPG $/Kg | I1: Total Fuel Oil (Liters) | J1: Fuel Oil $/Liter | K1: Water Utility Supply (m3) m3 | L1: Water Utility Supply (m3) $/m3 | M1: Room Nights | N1: Food Covers
A2: Bali Jimbaran | B2: 1 | C2: 2 | D2: 2021 | E2: ='FS Jimbaran February 2021'!P12 -> 14020 | F2: ='FS Jimbaran February 2021'!O12/'FS Jimbaran February 2021'!P12 -> 1177.5533 | G2: ='FS Jimbaran February 2021'!AG12 -> 62 | H2: ='FS Jimbaran February 2021'!AH12/'FS Jimbaran February 2021'!AG12 -> 11094.54 | I2: ='FS Jimbaran February 2021'!AJ12 -> 182.41 | J2: ='FS Jimbaran February 2021'!AK12/'FS Jimbaran February 2021'!AJ12 -> 8600 | K2: ='FS Jimbaran February 2021'!V12 -> 965 | L2: ='FS Jimbaran February 2021'!AA12/'FS Jimbaran February 2021'!V12 -> 1839.5699 | M2: 42 | N2: 423
A3: Bali Jimbaran | B3: =B2+1 -> 2 | C3: 2 | D3: 2021 | E3: ='FS Jimbaran February 2021'!P13 -> 13680 | F3: ='FS Jimbaran February 2021'!O13/'FS Jimbaran February 2021'!P13 -> 1183.7648 | G3: ='FS Jimbaran February 2021'!AG13 -> 62 | H3: ='FS Jimbaran February 2021'!AH13/'FS Jimbaran February 2021'!AG13 -> 11094.54 | I3: ='FS Jimbaran February 2021'!AJ13 -> 148.09 | J3: ='FS Jimbaran February 2021'!AK13/'FS Jimbaran February 2021'!AJ13 -> 8600 | K3: ='FS Jimbaran February 2021'!V13 -> 903 | L3: ='FS Jimbaran February 2021'!AA13/'FS Jimbaran February 2021'!V13 -> 7496.9092 | M3: 37 | N3: 341
A4: Bali Jimbaran | B4: =B3+1 -> 3 | C4: 2 | D4: 2021 | E4: ='FS Jimbaran February 2021'!P14 -> 17780 | F4: ='FS Jimbaran February 2021'!O14/'FS Jimbaran February 2021'!P14 -> 1157.9123 | G4: ='FS Jimbaran February 2021'!AG14 -> 50 | H4: ='FS Jimbaran February 2021'!AH14/'FS Jimbaran February 2021'!AG14 -> 11094.54 | I4: ='FS Jimbaran February 2021'!AJ14 -> 125.37 | J4: ='FS Jimbaran February 2021'!AK14/'FS Jimbaran February 2021'!AJ14 -> 8600 | K4: ='FS Jimbaran February 2021'!V14 -> 952 | L4: ='FS Jimbaran February 2021'!AA14/'FS Jimbaran February 2021'!V14 -> 828.38445 | M4: 29 | N4: 252
A5: Bali Jimbaran | B5: =B4+1 -> 4 | C5: 2 | D5: 2021 | E5: ='FS Jimbaran February 2021'!P15 -> 11540 | F5: ='FS Jimbaran February 2021'!O15/'FS Jimbaran February 2021'!P15 -> 1196.8914 | G5: ='FS Jimbaran February 2021'!AG15 -> 50 | H5: ='FS Jimbaran February 2021'!AH15/'FS Jimbaran February 2021'!AG15 -> 11094.54 | I5: ='FS Jimbaran February 2021'!AJ15 -> 115.98 | J5: ='FS Jimbaran February 2021'!AK15/'FS Jimbaran February 2021'!AJ15 -> 8600 | K5: ='FS Jimbaran February 2021'!V15 -> 942 | L5: ='FS Jimbaran February 2021'!AA15/'FS Jimbaran February 2021'!V15 -> 8321.3907 | M5: 23 | N5: 199
A6: Bali Jimbaran | B6: =B5+1 -> 5 | C6: 2 | D6: 2021 | E6: ='FS Jimbaran February 2021'!P16 -> 10920 | F6: ='FS Jimbaran February 2021'!O16/'FS Jimbaran February 2021'!P16 -> 1202.1024 | G6: ='FS Jimbaran February 2021'!AG16 -> 62 | H6: ='FS Jimbaran February 2021'!AH16/'FS Jimbaran February 2021'!AG16 -> 11094.54 | I6: ='FS Jimbaran February 2021'!AJ16 -> 246.95 | J6: ='FS Jimbaran February 2021'!AK16/'FS Jimbaran February 2021'!AJ16 -> 8600 | K6: ='FS Jimbaran February 2021'!V16 -> 926 | L6: ='FS Jimbaran February 2021'!AA16/'FS Jimbaran February 2021'!V16 -> 9874.7689 | M6: 18 | N6: 137
A7: Bali Jimbaran | B7: =B6+1 -> 6 | C7: 2 | D7: 2021 | E7: ='FS Jimbaran February 2021'!P17 -> 12920 | F7: ='FS Jimbaran February 2021'!O17/'FS Jimbaran February 2021'!P17 -> 1180.1639 | G7: ='FS Jimbaran February 2021'!AG17 -> 62 | H7: ='FS Jimbaran February 2021'!AH17/'FS Jimbaran February 2021'!AG17 -> 11094.54 | I7: ='FS Jimbaran February 2021'!AJ17 -> 97.09 | J7: ='FS Jimbaran February 2021'!AK17/'FS Jimbaran February 2021'!AJ17 -> 8600 | K7: ='FS Jimbaran February 2021'!V17 -> 927 | L7: ='FS Jimbaran February 2021'!AA17/'FS Jimbaran February 2021'!V17 -> 10015.71 | M7: 14 | N7: 168
A8: Bali Jimbaran | B8: =B7+1 -> 7 | C8: 2 | D8: 2021 | E8: ='FS Jimbaran February 2021'!P18 -> 13400 | F8: ='FS Jimbaran February 2021'!O18/'FS Jimbaran February 2021'!P18 -> 1180.9051 | G8: ='FS Jimbaran February 2021'!AG18 -> 50 | H8: ='FS Jimbaran February 2021'!AH18/'FS Jimbaran February 2021'!AG18 -> 11094.54 | I8: ='FS Jimbaran February 2021'!AJ18 -> 87.4 | J8: ='FS Jimbaran February 2021'!AK18/'FS Jimbaran February 2021'!AJ18 -> 8600 | K8: ='FS Jimbaran February 2021'!V18 -> 934 | L8: ='FS Jimbaran February 2021'!AA18/'FS Jimbaran February 2021'!V18 -> 5764.5375 | M8: 14 | N8: 131
A9: Bali Jimbaran | B9: =B8+1 -> 8 | C9: 2 | D9: 2021 | E9: ='FS Jimbaran February 2021'!P19 -> 13200 | F9: ='FS Jimbaran February 2021'!O19/'FS Jimbaran February 2021'!P19 -> 1182.3193 | G9: ='FS Jimbaran February 2021'!AG19 -> 62 | H9: ='FS Jimbaran February 2021'!AH19/'FS Jimbaran February 2021'!AG19 -> 11094.54 | I9: ='FS Jimbaran February 2021'!AJ19 -> 240.71 | J9: ='FS Jimbaran February 2021'!AK19/'FS Jimbaran February 2021'!AJ19 -> 8600 | K9: ='FS Jimbaran February 2021'!V19 -> 974 | L9: ='FS Jimbaran February 2021'!AA19/'FS Jimbaran February 2021'!V19 -> 712.65298 | M9: 13 | N9: 125
A10: Bali Jimbaran | B10: =B9+1 -> 9 | C10: 2 | D10: 2021 | E10: ='FS Jimbaran February 2021'!P20 -> 13640 | F10: ='FS Jimbaran February 2021'!O20/'FS Jimbaran February 2021'!P20 -> 1182.4522 | G10: ='FS Jimbaran February 2021'!AG20 -> 112 | H10: ='FS Jimbaran February 2021'!AH20/'FS Jimbaran February 2021'!AG20 -> 11094.54 | I10: ='FS Jimbaran February 2021'!AJ20 -> 103.75 | J10: ='FS Jimbaran February 2021'!AK20/'FS Jimbaran February 2021'!AJ20 -> 8600 | K10: ='FS Jimbaran February 2021'!V20 -> 949 | L10: ='FS Jimbaran February 2021'!AA20/'FS Jimbaran February 2021'!V20 -> 9351.9041 | M10: 11 | N10: 146
A11: Bali Jimbaran | B11: =B10+1 -> 10 | C11: 2 | D11: 2021 | E11: ='FS Jimbaran February 2021'!P21 -> 13220 | F11: ='FS Jimbaran February 2021'!O21/'FS Jimbaran February 2021'!P21 -> 1179.708 | G11: ='FS Jimbaran February 2021'!AG21 -> 62 | H11: ='FS Jimbaran February 2021'!AH21/'FS Jimbaran February 2021'!AG21 -> 11094.54 | I11: ='FS Jimbaran February 2021'!AJ21 -> 198.97 | J11: ='FS Jimbaran February 2021'!AK21/'FS Jimbaran February 2021'!AJ21 -> 8600 | K11: ='FS Jimbaran February 2021'!V21 -> 946 | L11: ='FS Jimbaran February 2021'!AA21/'FS Jimbaran February 2021'!V21 -> 9879.685 | M11: 10 | N11: 116
A12: Bali Jimbaran | B12: =B11+1 -> 11 | C12: 2 | D12: 2021 | E12: ='FS Jimbaran February 2021'!P22 -> 13180 | F12: ='FS Jimbaran February 2021'!O22/'FS Jimbaran February 2021'!P22 -> 1183.2883 | G12: ='FS Jimbaran February 2021'!AG22 -> 62 | H12: ='FS Jimbaran February 2021'!AH22/'FS Jimbaran February 2021'!AG22 -> 11094.54 | I12: ='FS Jimbaran February 2021'!AJ22 -> 123.98 | J12: ='FS Jimbaran February 2021'!AK22/'FS Jimbaran February 2021'!AJ22 -> 8600 | K12: ='FS Jimbaran February 2021'!V22 -> 963 | L12: ='FS Jimbaran February 2021'!AA22/'FS Jimbaran February 2021'!V22 -> 9604.6615 | M12: 11 | N12: 79
A13: Bali Jimbaran | B13: =B12+1 -> 12 | C13: 2 | D13: 2021 | E13: ='FS Jimbaran February 2021'!P23 -> 13160 | F13: ='FS Jimbaran February 2021'!O23/'FS Jimbaran February 2021'!P23 -> 1173.5167 | G13: ='FS Jimbaran February 2021'!AG23 -> 112 | H13: ='FS Jimbaran February 2021'!AH23/'FS Jimbaran February 2021'!AG23 -> 11094.54 | I13: ='FS Jimbaran February 2021'!AJ23 -> 292.69 | J13: ='FS Jimbaran February 2021'!AK23/'FS Jimbaran February 2021'!AJ23 -> 8600 | K13: ='FS Jimbaran February 2021'!V23 -> 968 | L13: ='FS Jimbaran February 2021'!AA23/'FS Jimbaran February 2021'!V23 -> 9702.2025 | M13: 10 | N13: 85
A14: Bali Jimbaran | B14: =B13+1 -> 13 | C14: 2 | D14: 2021 | E14: ='FS Jimbaran February 2021'!P24 -> 14520 | F14: ='FS Jimbaran February 2021'!O24/'FS Jimbaran February 2021'!P24 -> 1190.184 | G14: ='FS Jimbaran February 2021'!AG24 -> 112 | H14: ='FS Jimbaran February 2021'!AH24/'FS Jimbaran February 2021'!AG24 -> 11094.54 | I14: ='FS Jimbaran February 2021'!AJ24 -> 0 | J14: ='FS Jimbaran February 2021'!AK24/'FS Jimbaran February 2021'!AJ24 -> #DIV/0! | K14: ='FS Jimbaran February 2021'!V24 -> 987 | L14: ='FS Jimbaran February 2021'!AA24/'FS Jimbaran February 2021'!V24 -> 9276.3414 | M14: 10 | N14: 81
... A22: Bali Jimbaran | B22: =B21+1 -> 21 | C22: 2 | D22: 2021 | E22: ='FS Jimbaran February 2021'!P32 -> 12720 | F22: ='FS Jimbaran February 2021'!O32/'FS Jimbaran February 2021'!P32 -> 1185.8948 | G22: ='FS Jimbaran February 2021'!AG32 -> 62 | H22: ='FS Jimbaran February 2021'!AH32/'FS Jimbaran February 2021'!AG32 -> 11094.54 | I22: ='FS Jimbaran February 2021'!AJ32 -> 92.74 | J22: ='FS Jimbaran February 2021'!AK32/'FS Jimbaran February 2021'!AJ32 -> 8600 | K22: ='FS Jimbaran February 2021'!V32 -> 1000 | L22: ='FS Jimbaran February 2021'!AA32/'FS Jimbaran February 2021'!V32 -> 6956.22 | M22: 2 | N22: 28
A23: Bali Jimbaran | B23: =B22+1 -> 22 | C23: 2 | D23: 2021 | E23: ='FS Jimbaran February 2021'!P33 -> 0 | F23: ='FS Jimbaran February 2021'!O33/'FS Jimbaran February 2021'!P33 -> #DIV/0! | G23: ='FS Jimbaran February 2021'!AG33 -> 0 | H23: ='FS Jimbaran February 2021'!AH33/'FS Jimbaran February 2021'!AG33 -> #DIV/0! | I23: ='FS Jimbaran February 2021'!AJ33 -> 0 | J23: ='FS Jimbaran February 2021'!AK33/'FS Jimbaran February 2021'!AJ33 -> #DIV/0! | K23: ='FS Jimbaran February 2021'!V33 -> 0 | L23: ='FS Jimbaran February 2021'!AA33/'FS Jimbaran February 2021'!V33 -> #DIV/0!
A24: Bali Jimbaran | B24: =B23+1 -> 23 | C24: 2 | D24: 2021 | E24: ='FS Jimbaran February 2021'!P34 -> 0 | F24: ='FS Jimbaran February 2021'!O34/'FS Jimbaran February 2021'!P34 -> #DIV/0! | G24: ='FS Jimbaran February 2021'!AG34 -> 0 | H24: ='FS Jimbaran February 2021'!AH34/'FS Jimbaran February 2021'!AG34 -> #DIV/0! | I24: ='FS Jimbaran February 2021'!AJ34 -> 0 | J24: ='FS Jimbaran February 2021'!AK34/'FS Jimbaran February 2021'!AJ34 -> #DIV/0! | K24: ='FS Jimbaran February 2021'!V34 -> 0 | L24: ='FS Jimbaran February 2021'!AA34/'FS Jimbaran February 2021'!V34 -> #DIV/0!
A25: Bali Jimbaran | B25: =B24+1 -> 24 | C25: 2 | D25: 2021 | E25: ='FS Jimbaran February 2021'!P35 -> 0 | F25: ='FS Jimbaran February 2021'!O35/'FS Jimbaran February 2021'!P35 -> #DIV/0! | G25: ='FS Jimbaran February 2021'!AG35 -> 0 | H25: ='FS Jimbaran February 2021'!AH35/'FS Jimbaran February 2021'!AG35 -> #DIV/0! | I25: ='FS Jimbaran February 2021'!AJ35 -> 0 | J25: ='FS Jimbaran February 2021'!AK35/'FS Jimbaran February 2021'!AJ35 -> #DIV/0! | K25: ='FS Jimbaran February 2021'!V35 -> 0 | L25: ='FS Jimbaran February 2021'!AA35/'FS Jimbaran February 2021'!V35 -> #DIV/0!
A26: Bali Jimbaran | B26: =B25+1 -> 25 | C26: 2 | D26: 2021 | E26: ='FS Jimbaran February 2021'!P36 -> 0 | F26: ='FS Jimbaran February 2021'!O36/'FS Jimbaran February 2021'!P36 -> #DIV/0! | G26: ='FS Jimbaran February 2021'!AG36 -> 0 | H26: ='FS Jimbaran February 2021'!AH36/'FS Jimbaran February 2021'!AG36 -> #DIV/0! | I26: ='FS Jimbaran February 2021'!AJ36 -> 0 | J26: ='FS Jimbaran February 2021'!AK36/'FS Jimbaran February 2021'!AJ36 -> #DIV/0! | K26: ='FS Jimbaran February 2021'!V36 -> 0 | L26: ='FS Jimbaran February 2021'!AA36/'FS Jimbaran February 2021'!V36 -> #DIV/0!
A27: Bali Jimbaran | B27: =B26+1 -> 26 | C27: 2 | D27: 2021 | E27: ='FS Jimbaran February 2021'!P37 -> 0 | F27: ='FS Jimbaran February 2021'!O37/'FS Jimbaran February 2021'!P37 -> #DIV/0! | G27: ='FS Jimbaran February 2021'!AG37 -> 0 | H27: ='FS Jimbaran February 2021'!AH37/'FS Jimbaran February 2021'!AG37 -> #DIV/0! | I27: ='FS Jimbaran February 2021'!AJ37 -> 0 | J27: ='FS Jimbaran February 2021'!AK37/'FS Jimbaran February 2021'!AJ37 -> #DIV/0! | K27: ='FS Jimbaran February 2021'!V37 -> 0 | L27: ='FS Jimbaran February 2021'!AA37/'FS Jimbaran February 2021'!V37 -> #DIV/0!
A28: Bali Jimbaran | B28: =B27+1 -> 27 | C28: 2 | D28: 2021 | E28: ='FS Jimbaran February 2021'!P38 -> 0 | F28: ='FS Jimbaran February 2021'!O38/'FS Jimbaran February 2021'!P38 -> #DIV/0! | G28: ='FS Jimbaran February 2021'!AG38 -> 0 | H28: ='FS Jimbaran February 2021'!AH38/'FS Jimbaran February 2021'!AG38 -> #DIV/0! | I28: ='FS Jimbaran February 2021'!AJ38 -> 0 | J28: ='FS Jimbaran February 2021'!AK38/'FS Jimbaran February 2021'!AJ38 -> #DIV/0! | K28: ='FS Jimbaran February 2021'!V38 -> 0 | L28: ='FS Jimbaran February 2021'!AA38/'FS Jimbaran February 2021'!V38 -> #DIV/0!
A29: Bali Jimbaran | B29: =B28+1 -> 28 | C29: 2 | D29: 2021 | E29: ='FS Jimbaran February 2021'!P39 -> 0 | F29: ='FS Jimbaran February 2021'!O39/'FS Jimbaran February 2021'!P39 -> #DIV/0! | G29: ='FS Jimbaran February 2021'!AG39 -> 0 | H29: ='FS Jimbaran February 2021'!AH39/'FS Jimbaran February 2021'!AG39 -> #DIV/0! | I29: ='FS Jimbaran February 2021'!AJ39 -> 0 | J29: ='FS Jimbaran February 2021'!AK39/'FS Jimbaran February 2021'!AJ39 -> #DIV/0! | K29: ='FS Jimbaran February 2021'!V39 -> 0 | L29: ='FS Jimbaran February 2021'!AA39/'FS Jimbaran February 2021'!V39 -> #DIV/0!

Sheet FS Jimbaran February 2021
B6: Four Seasons Resort Bali at Jimbaran Bay
B7: FEBRUARY 2021
B8: Date | C8: Room Nights | D8: Food Covers | E8: ELECTRICITY Resort, Sundara & Residences | V8: WATER | AC8: GAS
E9: Electricity Resort | J9: Electricity - Sundara | O9: Sub Total (Resort & Sundara) Cost (IDR) | P9: Sub Total (Resort & Sundara), KWh | Q9: Residences- Electricity KWh | R9: Residences- Electricity cost (IDR) | S9: TOTAL Electricity consumption (KWh) | T9: TOTAL Electricity cost | W9: Water (m3) | AA9: Total Water Cost | AC9: LPG | AJ9: Diesel
E10: BASED LOAD KWh (from 10 pm - 6 pm) | F10: Cost (IDR) | G10: PEAK LOAD KWh (from 6 pm - 10 pm) | H10: Cost (IDR) | I10: Resort Cost (IDR) | J10: BASED LOAD KWh (from 10 pm - 6 pm) | K10: Cost (IDR) | L10: PEAK LOAD KWh (from 6 pm - 10 pm) | M10: Cost (IDR) | N10: Sundara Cost (IDR) | T10: IDR | U10: USD | V10: Water consumption (m3) | W10: Municipal Water (m3) | X10: Municipal Water cost (IDR) | Y10: Deepwell Consumption (m3) | Z10: Deepwell water Cost (IDR) | AA10: IDR | AB10: USD | AC10: LPG Bulk (m3) | AD10: 50 Kg (tube) IVD & TW | AE10: Sundara 50 kg (tube) | AF10: 12 Kg (tube) | AG10: Total kg | AH10: IDR | AI10: USD | AJ10: Used (liters) | AK10: IDR | AL10: USD
B12: 1 | C12: - | D12: 38 | E12: 10400 | F12: 11310718 | G12: 2000 | H12: 3262707 | I12: =F12+H12 -> 14573425 | J12: 1300 | K12: 1413839.7 | L12: 320 | M12: 522033.12 | N12: =K12+M12 -> 1935872.8 | O12: =N12+I12 -> 16509297 | P12: =L12+J12+G12+E12 -> 14020 | S12: =P12+Q12 -> 14020 | T12: =O12+R12 -> 16509297 | U12: =T12/AL48 -> 1272.286 | V12: =Y12+W12 -> 965 | W12: 75 | X12: 1348875 | Y12: 890 | Z12: 426310 | AA12: =Z12+X12 -> 1775185 | AB12: =AA12/$AL$48 -> 136.80431 | AC12: 0 | AD12: 0 | AE12: 50 | AF12: 12 | AG12: =SUM(AC12:AF12) -> 62 | AH12: =(AG12*10877)*1.02 -> 687861.48 | AI12: =AH12/$AL$48 -> 53.009919 | AJ12: 182.41 | AK12: 1568726 | AL12: =AK12/$AL$48 -> 120.89358
B13: 2 | C13: 1 | D13: 44 | E13: 10000 | F13: 10875690 | G13: 2080 | H13: 3393215.3 | I13: =F13+H13 -> 14268905 | J13: 1260 | K13: 1370336.9 | L13: 340 | M13: 554660.19 | N13: =K13+M13 -> 1924997.1 | O13: =N13+I13 -> 16193902 | P13: =L13+J13+G13+E13 -> 13680 | S13: =P13+Q13 -> 13680 | T13: =O13+R13 -> 16193902 | U13: =T13/$AL$48 -> 1247.9801 | V13: =Y13+W13 -> 903 | W13: 362 | X13: 6510570 | Y13: 541 | Z13: 259139 | AA13: =Z13+X13 -> 6769709 | AB13: =AA13/$AL$48 -> 521.70638 | AC13: 0 | AD13: 0 | AE13: 50 | AF13: 12 | AG13: =SUM(AC13:AF13) -> 62 | AH13: =(AG13*10877)*1.02 -> 687861.48 | AI13: =AH13/$AL$48 -> 53.009919 | AJ13: 148.09 | AK13: 1273574 | AL13: =AK13/$AL$48 -> 98.147747
B14: 3 | C14: 1 | D14: 27 | E14: 14240 | F14: 15486983 | G14: 2000 | H14: 3262707 | I14: =F14+H14 -> 18749690 | J14: 1240 | K14: 1348585.6 | L14: 300 | M14: 489406.05 | N14: =K14+M14 -> 1837991.6 | O14: =N14+I14 -> 20587681 | P14: =L14+J14+G14+E14 -> 17780 | S14: =P14+Q14 -> 17780 | T14: =O14+R14 -> 20587681 | U14: =T14/$AL$48 -> 1586.5859 | V14: =Y14+W14 -> 952 | W14: 19 | X14: 341715 | Y14: 933 | Z14: 446907 | AA14: =Z14+X14 -> 788622 | AB14: =AA14/$AL$48 -> 60.77501 | AC14: 0 | AD14: 0 | AE14: 50 | AF14: 0 | AG14: =SUM(AC14:AF14) -> 50 | AH14: =(AG14*10877)*1.02 -> 554727 | AI14: =AH14/$AL$48 -> 42.749935 | AJ14: 125.37 | AK14: 1078182 | AL14: =AK14/$AL$48 -> 83.089898
B15: 4 | C15: 1 | D15: 11 | E15: 8000 | F15: 8700552 | G15: 2040 | H15: 3327961.1 | I15: =F15+H15 -> 12028513 | J15: 1220 | K15: 1326834.2 | L15: 280 | M15: 456778.98 | N15: =K15+M15 -> 1783613.2 | O15: =N15+I15 -> 13812126 | P15: =L15+J15+G15+E15 -> 11540 | S15: =P15+Q15 -> 11540 | T15: =O15+R15 -> 13812126 | U15: =T15/$AL$48 -> 1064.429 | V15: =Y15+W15 -> 942 | W15: 422 | X15: 7589670 | Y15: 520 | Z15: 249080 | AA15: =Z15+X15 -> 7838750 | AB15: =AA15/$AL$48 -> 604.09183 | AC15: 0 | AD15: 0 | AE15: 50 | AF15: 0 | AG15: =SUM(AC15:AF15) -> 50 | AH15: =(AG15*10877)*1.02 -> 554727 | AI15: =AH15/$AL$48 -> 42.749935 | AJ15: 115.98 | AK15: 997428 | AL15: =AK15/$AL$48 -> 76.866606
B16: 5 | C16: 1 | D16: 46 | E16: 7160 | F16: 7786994 | G16: 2000 | H16: 3262707 | I16: =F16+H16 -> 11049701 | J16: 1460 | K16: 1587850.7 | L16: 300 | M16: 489406.05 | N16: =K16+M16 -> 2077256.8 | O16: =N16+I16 -> 13126958 | P16: =L16+J16+G16+E16 -> 10920 | S16: =P16+Q16 -> 10920 | T16: =O16+R16 -> 13126958 | U16: =T16/$AL$48 -> 1011.6266 | V16: =Y16+W16 -> 926 | W16: 497 | X16: 8938545 | Y16: 429 | Z16: 205491 | AA16: =Z16+X16 -> 9144036 | AB16: =AA16/$AL$48 -> 704.68346 | AC16: 0 | AD16: 0 | AE16: 50 | AF16: 12 | AG16: =SUM(AC16:AF16) -> 62 | AH16: =(AG16*10877)*1.02 -> 687861.48 | AI16: =AH16/$AL$48 -> 53.009919 | AJ16: 246.95 | AK16: 2123770 | AL16: =AK16/$AL$48 -> 163.66795
B17: 6 | C17: - | D17: 27 | E17: 9480 | F17: 10310154 | G17: 1920 | H17: 3132198.7 | I17: =F17+H17 -> 13442353 | J17: 1240 | K17: 1348585.6 | L17: 280 | M17: 456778.98 | N17: =K17+M17 -> 1805364.5 | O17: =N17+I17 -> 15247717 | P17: =L17+J17+G17+E17 -> 12920 | S17: =P17+Q17 -> 12920 | T17: =O17+R17 -> 15247717 | U17: =T17/$AL$48 -> 1175.0625 | V17: =Y17+W17 -> 927 | W17: 505 | X17: 9082425 | Y17: 422 | Z17: 202138 | AA17: =Z17+X17 -> 9284563 | AB17: =AA17/$AL$48 -> 715.51315 | AC17: 0 | AD17: 0 | AE17: 50 | AF17: 12 | AG17: =SUM(AC17:AF17) -> 62 | AH17: =(AG17*10877)*1.02 -> 687861.48 | AI17: =AH17/$AL$48 -> 53.009919 | AJ17: 97.09 | AK17: 834974 | AL17: =AK17/$AL$48 -> 64.347118
B18: 7 | C18: - | D18: 61 | E18: 9800 | F18: 10658176 | G18: 2000 | H18: 3262707 | I18: =F18+H18 -> 13920883 | J18: 1300 | K18: 1413839.7 | L18: 300 | M18: 489406.05 | N18: =K18+M18 -> 1903245.7 | O18: =N18+I18 -> 15824129 | P18: =L18+J18+G18+E18 -> 13400 | S18: =P18+Q18 -> 13400 | T18: =O18+R18 -> 15824129 | U18: =T18/$AL$48 -> 1219.4836 | V18: =Y18+W18 -> 934 | W18: 282 | X18: 5071770 | Y18: 652 | Z18: 312308 | AA18: =Z18+X18 -> 5384078 | AB18: =AA18/$AL$48 -> 414.92299 | AC18: 0 | AD18: 0 | AE18: 50 | AF18: 0 | AG18: =SUM(AC18:AF18) -> 50 | AH18: =(AG18*10877)*1.02 -> 554727 | AI18: =AH18/$AL$48 -> 42.749935 | AJ18: 87.4 | AK18: 751640 | AL18: =AK18/$AL$48 -> 57.924999
B19: 8 | C19: 1 | D19: 27 | E19: 9720 | F19: 10571171 | G19: 1960 | H19: 3197452.9 | I19: =F19+H19 -> 13768624 | J19: 1180 | K19: 1283331.4 | L19: 340 | M19: 554660.19 | N19: =K19+M19 -> 1837991.6 | O19: =N19+I19 -> 15606615 | P19: =L19+J19+G19+E19 -> 13200 | S19: =P19+Q19 -> 13200 | T19: =O19+R19 -> 15606615 | U19: =T19/$AL$48 -> 1202.7209 | V19: =Y19+W19 -> 974 | W19: 13 | X19: 233805 | Y19: 961 | Z19: 460319 | AA19: =Z19+X19 -> 694124 | AB19: =AA19/$AL$48 -> 53.492539 | AC19: 0 | AD19: 0 | AE19: 50 | AF19: 12 | AG19: =SUM(AC19:AF19) -> 62 | AH19: =(AG19*10877)*1.02 -> 687861.48 | AI19: =AH19/$AL$48 -> 53.009919 | AJ19: 240.71 | AK19: 2070106 | AL19: =AK19/$AL$48 -> 159.53234
B20: 9 | C20: 1 | D20: 47 | E20: 9880 | F20: 10745182 | G20: 2040 | H20: 3327961.1 | I20: =F20+H20 -> 14073143 | J20: 1380 | K20: 1500845.2 | L20: 340 | M20: 554660.19 | N20: =K20+M20 -> 2055505.4 | O20: =N20+I20 -> 16128648 | P20: =L20+J20+G20+E20 -> 13640 | S20: =P20+Q20 -> 13640 | T20: =O20+R20 -> 16128648 | U20: =T20/$AL$48 -> 1242.9513 | V20: =Y20+W20 -> 949 | W20: 481 | X20: 8650785 | Y20: 468 | Z20: 224172 | AA20: =Z20+X20 -> 8874957 | AB20: =AA20/$AL$48 -> 683.94694 | AC20: 0 | AD20: 0 | AE20: 100 | AF20: 12 | AG20: =SUM(AC20:AF20) -> 112 | AH20: =(AG20*10877)*1.02 -> 1242588.5 | AI20: =AH20/$AL$48 -> 95.759854 | AJ20: 103.75 | AK20: 892250 | AL20: =AK20/$AL$48 -> 68.761083
B21: 10 | C21: 3 | D21: 26 | E21: 9800 | F21: 10658176 | G21: 1960 | H21: 3197452.9 | I21: =F21+H21 -> 13855629 | J21: 1180 | K21: 1283331.4 | L21: 280 | M21: 456778.98 | N21: =K21+M21 -> 1740110.4 | O21: =N21+I21 -> 15595739 | P21: =L21+J21+G21+E21 -> 13220 | S21: =P21+Q21 -> 13220 | T21: =O21+R21 -> 15595739 | U21: =T21/$AL$48 -> 1201.8828 | V21: =Y21+W21 -> 946 | W21: 508 | X21: 9136380 | Y21: 438 | Z21: 209802 | AA21: =Z21+X21 -> 9346182 | AB21: =AA21/$AL$48 -> 720.2618 | AC21: 0 | AD21: 0 | AE21: 50 | AF21: 12 | AG21: =SUM(AC21:AF21) -> 62 | AH21: =(AG21*10877)*1.02 -> 687861.48 | AI21: =AH21/$AL$48 -> 53.009919 | AJ21: 198.97 | AK21: 1711142 | AL21: =AK21/$AL$48 -> 131.86884
B22: 11 | C22: 3 | D22: 27 | E22: 9760 | F22: 10614673 | G22: 2040 | H22: 3327961.1 | I22: =F22+H22 -> 13942635 | J22: 1100 | K22: 1196325.9 | L22: 280 | M22: 456778.98 | N22: =K22+M22 -> 1653104.9 | O22: =N22+I22 -> 15595739 | P22: =L22+J22+G22+E22 -> 13180 | S22: =P22+Q22 -> 13180 | T22: =O22+R22 -> 15595739 | U22: =T22/$AL$48 -> 1201.8828 | V22: =Y22+W22 -> 963 | W22: 502 | X22: 9028470 | Y22: 461 | Z22: 220819 | AA22: =Z22+X22 -> 9249289 | AB22: =AA22/$AL$48 -> 712.79476 | AC22: 0 | AD22: 0 | AE22: 50 | AF22: 12 | AG22: =SUM(AC22:AF22) -> 62 | AH22: =(AG22*10877)*1.02 -> 687861.48 | AI22: =AH22/$AL$48 -> 53.009919 | AJ22: 123.98 | AK22: 1066228 | AL22: =AK22/$AL$48 -> 82.168666
B23: 12 | C23: 3 | D23: 53 | E23: 9880 | F23: 10745182 | G23: 1720 | H23: 2805928 | I23: =F23+H23 -> 13551110 | J23: 1200 | K23: 1305082.8 | L23: 360 | M23: 587287.26 | N23: =K23+M23 -> 1892370.1 | O23: =N23+I23 -> 15443480 | P23: =L23+J23+G23+E23 -> 13160 | S23: =P23+Q23 -> 13160 | T23: =O23+R23 -> 15443480 | U23: =T23/$AL$48 -> 1190.1489 | V23: =Y23+W23 -> 968 | W23: 510 | X23: 9172350 | Y23: 458 | Z23: 219382 | AA23: =Z23+X23 -> 9391732 | AB23: =AA23/$AL$48 -> 723.77211 | AC23: 0 | AD23: 0 | AE23: 100 | AF23: 12 | AG23: =SUM(AC23:AF23) -> 112 | AH23: =(AG23*10877)*1.02 -> 1242588.5 | AI23: =AH23/$AL$48 -> 95.759854 | AJ23: 292.69 | AK23: 2517134 | AL23: =AK23/$AL$48 -> 193.98247
B24: 13 | C24: 3 | D24: 69 | E24: 10400 | F24: 11310718 | G24: 2360 | H24: 3849994.3 | I24: =F24+H24 -> 15160712 | J24: 1380 | K24: 1500845.2 | L24: 380 | M24: 619914.33 | N24: =K24+M24 -> 2120759.5 | O24: =N24+I24 -> 17281471 | P24: =L24+J24+G24+E24 -> 14520 | S24: =P24+Q24 -> 14520 | T24: =O24+R24 -> 17281471 | U24: =T24/$AL$48 -> 1331.7934 | V24: =Y24+W24 -> 987 | W24: 496 | X24: 8920560 | Y24: 491 | Z24: 235189 | AA24: =Z24+X24 -> 9155749 | AB24: =AA24/$AL$48 -> 705.58612 | AC24: 0 | AD24: 0 | AE24: 100 | AF24: 12 | AG24: =SUM(AC24:AF24) -> 112 | AH24: =(AG24*10877)*1.02 -> 1242588.5 | AI24: =AH24/$AL$48 -> 95.759854 | AJ24: 0 | AK24: 0 | AL24: =AK24/$AL$48 -> 0
B25: 14 | C25: 3 | D25: 125 | E25: 9720 | F25: 10571171 | G25: 2160 | H25: 3523723.6 | I25: =F25+H25 -> 14094894 | J25: 1540 | K25: 1674856.3 | L25: 380 | M25: 619914.33 | N25: =K25+M25 -> 2294770.6 | O25: =N25+I25 -> 16389665 | P25: =L25+J25+G25+E25 -> 13800 | S25: =P25+Q25 -> 13800 | T25: =O25+R25 -> 16389665 | U25: =T25/$AL$48 -> 1263.0665 | V25: =Y25+W25 -> 981 | W25: 499 | X25: 8974515 | Y25: 482 | Z25: 230878 | AA25: =Z25+X25 -> 9205393 | AB25: =AA25/$AL$48 -> 709.41193 | AC25: 0 | AD25: 0 | AE25: 100 | AF25: 12 | AG25: =SUM(AC25:AF25) -> 112 | AH25: =(AG25*10877)*1.02 -> 1242588.5 | AI25: =AH25/$AL$48 -> 95.759854 | AJ25: 116.47 | AK25: 1001642 | AL25: =AK25/$AL$48 -> 77.191357
B26: 15 | C26: 3 | D26: 40 | E26: 9640 | F26: 10484165 | G26: 1960 | H26: 3197452.9 | I26: =F26+H26 -> 13681618 | J26: 1320 | K26: 1435591.1 | L26: 340 | M26: 554660.19 | N26: =K26+M26 -> 1990251.3 | O26: =N26+I26 -> 15671869 | P26: =L26+J26+G26+E26 -> 13260 | S26: =P26+Q26 -> 13260 | T26: =O26+R26 -> 15671869 | U26: =T26/$AL$48 -> 1207.7497 | V26: =Y26+W26 -> 966 | W26: 414 | X26: 7445790 | Y26: 552 | Z26: 264408 | AA26: =Z26+X26 -> 7710198 | AB26: =AA26/$AL$48 -> 594.185 | AC26: 0 | AD26: 0 | AE26: 50 | AF26: 12 | AG26: =SUM(AC26:AF26) -> 62 | AH26: =(AG26*10877)*1.02 -> 687861.48 | AI26: =AH26/$AL$48 -> 53.009919 | AJ26: 201.71 | AK26: 1734706 | AL26: =AK26/$AL$48 -> 133.6848
B27: 16 | C27: 3 | D27: 45 | E27: 10000 | F27: 10875690 | G27: 2120 | H27: 3458469.4 | I27: =F27+H27 -> 14334159 | J27: 1380 | K27: 1500845.2 | L27: 380 | M27: 619914.33 | N27: =K27+M27 -> 2120759.5 | O27: =N27+I27 -> 16454919 | P27: =L27+J27+G27+E27 -> 13880 | S27: =P27+Q27 -> 13880 | T27: =O27+R27 -> 16454919 | U27: =T27/$AL$48 -> 1268.0953 | V27: =Y27+W27 -> 1016 | W27: 479 | X27: 8614815 | Y27: 537 | Z27: 257223 | AA27: =Z27+X27 -> 8872038 | AB27: =AA27/$AL$48 -> 683.72198 | AC27: 0 | AD27: 0 | AE27: 50 | AF27: 12 | AG27: =SUM(AC27:AF27) -> 62 | AH27: =(AG27*10877)*1.02 -> 687861.48 | AI27: =AH27/$AL$48 -> 53.009919 | AJ27: 92.63 | AK27: 796618 | AL27: =AK27/$AL$48 -> 61.39122
B28: 17 | C28: 3 | D28: 31 | E28: 10480 | F28: 11397723 | G28: 2160 | H28: 3523723.6 | I28: =F28+H28 -> 14921447 | J28: 1500 | K28: 1631353.5 | L28: 300 | M28: 489406.05 | N28: =K28+M28 -> 2120759.5 | O28: =N28+I28 -> 17042206 | P28: =L28+J28+G28+E28 -> 14440 | S28: =P28+Q28 -> 14440 | T28: =O28+R28 -> 17042206 | U28: =T28/$AL$48 -> 1313.3545 | V28: =Y28+W28 -> 1046 | W28: 398 | X28: 7158030 | Y28: 648 | Z28: 310392 | AA28: =Z28+X28 -> 7468422 | AB28: =AA28/$AL$48 -> 575.55257 | AC28: 0 | AD28: 0 | AE28: 50 | AF28: 12 | AG28: =SUM(AC28:AF28) -> 62 | AH28: =(AG28*10877)*1.02 -> 687861.48 | AI28: =AH28/$AL$48 -> 53.009919 | AJ28: 266.69 | AK28: 2293534 | AL28: =AK28/$AL$48 -> 176.75078
B29: 18 | C29: 2 | D29: 28 | E29: 9720 | F29: 10571171 | G29: 2080 | H29: 3393215.3 | I29: =F29+H29 -> 13964386 | J29: 1200 | K29: 1305082.8 | L29: 300 | M29: 489406.05 | N29: =K29+M29 -> 1794488.9 | O29: =N29+I29 -> 15758875 | P29: =L29+J29+G29+E29 -> 13300 | S29: =P29+Q29 -> 13300 | T29: =O29+R29 -> 15758875 | U29: =T29/$AL$48 -> 1214.4548 | V29: =Y29+W29 -> 984 | W29: 506 | X29: 9100410 | Y29: 478 | Z29: 228962 | AA29: =Z29+X29 -> 9329372 | AB29: =AA29/$AL$48 -> 718.96635 | AC29: 0 | AD29: 0 | AE29: 50 | AF29: 12 | AG29: =SUM(AC29:AF29) -> 62 | AH29: =(AG29*10877)*1.02 -> 687861.48 | AI29: =AH29/$AL$48 -> 53.009919 | AJ29: 198.69 | AK29: 1708734 | AL29: =AK29/$AL$48 -> 131.68327
B30: 19 | C30: 2 | D30: 31 | E30: 10080 | F30: 10962696 | G30: 1920 | H30: 3132198.7 | I30: =F30+H30 -> 14094894 | J30: 1300 | K30: 1413839.7 | L30: 300 | M30: 489406.05 | N30: =K30+M30 -> 1903245.7 | O30: =N30+I30 -> 15998140 | P30: =L30+J30+G30+E30 -> 13600 | S30: =P30+Q30 -> 13600 | T30: =O30+R30 -> 15998140 | U30: =T30/$AL$48 -> 1232.8937 | V30: =Y30+W30 -> 981 | W30: 313 | X30: 5629305 | Y30: 668 | Z30: 319972 | AA30: =Z30+X30 -> 5949277 | AB30: =AA30/$AL$48 -> 458.47994 | AC30: 0 | AD30: 0 | AE30: 50 | AF30: 0 | AG30: =SUM(AC30:AF30) -> 50 | AH30: =(AG30*10877)*1.02 -> 554727 | AI30: =AH30/$AL$48 -> 42.749935 | AJ30: 127.29 | AK30: 1094694 | AL30: =AK30/$AL$48 -> 84.362393
... B32: 21 | C32: 2 | D32: 68 | E32: 9880 | F32: 10745182 | G32: 1960 | H32: 3197452.9 | I32: =F32+H32 -> 13942635 | J32: 540 | K32: 587287.26 | L32: 340 | M32: 554660.19 | N32: =K32+M32 -> 1141947.5 | O32: =N32+I32 -> 15084582 | P32: =L32+J32+G32+E32 -> 12720 | S32: =P32+Q32 -> 12720 | T32: =O32+R32 -> 15084582 | U32: =T32/$AL$48 -> 1162.4906 | V32: =Y32+W32 -> 1000 | W32: 370 | X32: 6654450 | Y32: 630 | Z32: 301770 | AA32: =Z32+X32 -> 6956220 | AB32: =AA32/$AL$48 -> 536.07982 | AC32: 0 | AD32: 0 | AE32: 50 | AF32: 12 | AG32: =SUM(AC32:AF32) -> 62 | AH32: =(AG32*10877)*1.02 -> 687861.48 | AI32: =AH32/$AL$48 -> 53.009919 | AJ32: 92.74 | AK32: 797564 | AL32: =AK32/$AL$48 -> 61.464124
B33: 22 | I33: =F33+H33 -> 0 | N33: =K33+M33 -> 0 | O33: =N33+I33 -> 0 | P33: =L33+J33+G33+E33 -> 0 | AA33: =Z33+X33 -> 0 | AB33: =AA33/$AL$48 -> 0 | AG33: =SUM(AC33:AF33) -> 0 | AI33: =AH33/$AL$48 -> 0 | AL33: =AK33/$AL$48 -> 0
B34: 23 | I34: =F34+H34 -> 0 | N34: =K34+M34 -> 0 | O34: =N34+I34 -> 0 | P34: =L34+J34+G34+E34 -> 0 | AA34: =Z34+X34 -> 0 | AB34: =AA34/$AL$48 -> 0 | AG34: =SUM(AC34:AF34) -> 0 | AI34: =AH34/$AL$48 -> 0 | AL34: =AK34/$AL$48 -> 0
B35: 24 | I35: =F35+H35 -> 0 | N35: =K35+M35 -> 0 | O35: =N35+I35 -> 0 | P35: =L35+J35+G35+E35 -> 0 | AA35: =Z35+X35 -> 0 | AB35: =AA35/$AL$48 -> 0 | AG35: =SUM(AC35:AF35) -> 0 | AI35: =AH35/$AL$48 -> 0 | AL35: =AK35/$AL$48 -> 0
B36: 25 | I36: =F36+H36 -> 0 | N36: =K36+M36 -> 0 | O36: =N36+I36 -> 0 | P36: =L36+J36+G36+E36 -> 0 | AA36: =Z36+X36 -> 0 | AB36: =AA36/$AL$48 -> 0 | AG36: =SUM(AC36:AF36) -> 0 | AI36: =AH36/$AL$48 -> 0 | AL36: =AK36/$AL$48 -> 0
B37: 26 | I37: =F37+H37 -> 0 | N37: =K37+M37 -> 0 | O37: =N37+I37 -> 0 | P37: =L37+J37+G37+E37 -> 0 | AA37: =Z37+X37 -> 0 | AB37: =AA37/$AL$48 -> 0 | AG37: =SUM(AC37:AF37) -> 0 | AI37: =AH37/$AL$48 -> 0 | AL37: =AK37/$AL$48 -> 0
B38: 27 | I38: =F38+H38 -> 0 | N38: =K38+M38 -> 0 | O38: =N38+I38 -> 0 | P38: =L38+J38+G38+E38 -> 0 | AA38: =Z38+X38 -> 0 | AB38: =AA38/$AL$48 -> 0 | AG38: =SUM(AC38:AF38) -> 0 | AI38: =AH38/$AL$48 -> 0 | AL38: =AK38/$AL$48 -> 0
B39: 28 | I39: =F39+H39 -> 0 | N39: =K39+M39 -> 0 | O39: =N39+I39 -> 0 | P39: =L39+J39+G39+E39 -> 0 | AA39: =Z39+X39 -> 0 | AB39: =AA39/$AL$48 -> 0 | AG39: =SUM(AC39:AF39) -> 0 | AI39: =AH39/$AL$48 -> 0 | AL39: =AK39/$AL$48 -> 0
C47: =SUM(C12:C43) -> 38 | D47: =SUM(D12:D43) -> 926 | E47: =SUM(E12:E43) -> 207800 | F47: =SUM(F12:F43) -> 2.2599684e+08 | G47: =SUM(G12:G43) -> 42440 | H47: =SUM(H12:H43) -> 69234643 | I47: =SUM(I12:I43) -> 2.9523148e+08 | J47: =SUM(J12:J43) -> 26500 | ... P47: =SUM(P12:P43) -> 283520 | S47: =SUM(S12:S43) -> 283520 | T47: =SUM(T12:T43) -> 3.3511264e+08 | U47: =T47/AL48 -> 25825.394 | V47: =SUM(V12:V42) -> 20321 | W47: =SUM(W12:W42) -> 8035 | X47: =SUM(X12:X42) -> 144509475 | Y47: =SUM(Y12:Y42) -> 12286 | Z47: =SUM(Z12:Z42) -> 5884994 | AA47: =SUM(AA12:AA42) -> 150394469 | AB47: =AA47/$AL$48 -> 11590.122 | AC47: =SUM(AC12:AC41) -> 0 | AD47: =SUM(AD12:AD41) -> 0 | AE47: =SUM(AE12:AE42) -> 1250 | AF47: =SUM(AF12:AF42) -> 192 | AG47: =SUM(AG12:AG42) -> 1442 | AH47: =SUM(AH12:AH43) -> 15998327 | AI47: =AH47/$AL$48 -> 1232.9081 | AJ47: =SUM(AJ12:AJ43) -> 3205.04 | AK47: =SUM(AK12:AK43) -> 27563344 | AL47: =AK47/AL48 -> 2124.1641
T48: kWh rate | U48: =U47/S47 -> 0.091088438 | AL48: 12976.09

Sheet RNs & Covers January 2021
A1: Four Seasons Resort Bali at Jimbaran Bay
A2: 44228
A3: Date | B3: Room Nights | C3: Food Covers
A6: 1 | B6: - | C6: 38
A7: 2 | B7: 1 | C7: 44
A8: =A7+1 -> 3 | B8: 1 | C8: 27
A9: =A8+1 -> 4 | B9: 1 | C9: 11
A10: =A9+1 -> 5 | B10: 1 | C10: 46
A11: =A10+1 -> 6 | B11: - | C11: 27
A12: =A11+1 -> 7 | B12: - | C12: 61
A13: =A12+1 -> 8 | B13: 1 | C13: 27
A14: =A13+1 -> 9 | B14: 1 | C14: 47
A15: =A14+1 -> 10 | B15: 3 | C15: 26
A16: =A15+1 -> 11 | B16: 3 | C16: 27
A17: =A16+1 -> 12 | B17: 3 | C17: 53
A18: =A17+1 -> 13 | B18: 3 | C18: 69
A19: =A18+1 -> 14 | B19: 3 | C19: 125
A20: =A19+1 -> 15 | B20: 3 | C20: 40
A21: =A20+1 -> 16 | B21: 3 | C21: 45
A22: =A21+1 -> 17 | B22: 3 | C22: 31
A23: =A22+1 -> 18 | B23: 2 | C23: 28
A24: =A23+1 -> 19 | B24: 2 | C24: 31
... A26: =A25+1 -> 21 | B26: 2 | C26: 68
A27: =A26+1 -> 22
A28: =A27+1 -> 23
A29: =A28+1 -> 24
A30: =A29+1 -> 25
A31: =A30+1 -> 26
A32: =A31+1 -> 27
A33: =A32+1 -> 28
B38: =SUM(B6:B36) -> 38 | C38: =SUM(C6:C36) -> 926
