Workbook

Sheet Sheet1
A1: Site Name | B1: Day | C1: Month | D1: Year | E1: Total Electricity Kwh | F1: Electricity Tariff ($/Kwh) | G1: LPG (Kg) | H1: LPG $/Kg | I1: District Energy Cooling Kwh | J1: District Energy Cooling $/Kwh | K1: Water Utility Supply (m3) m3 | L1: Water Utility Supply (m3) $/m3 | M1: Irrigation Water (m3) m3 | N1: Irrigation water $/m3 | O1: Room Nights | P1: Total Guests
A2: Bahrain Bay | B2: 1 | C2: 2 | D2: 2021 | E2: ='Feb 2021'!E5 -> 27244 | F2: 0.029 | G2: ='Feb 2021'!J5 -> 0 | H2: 0.112 | I2: ='Feb 2021'!G5*1000 -> 26000 | J2: 0.0361 | K2: ='Feb 2021'!I5 -> 303 | L2: 0.75 | M2: ='Feb 2021'!L5 -> 69 | N2: 0.563 | O2: ='Feb 2021'!D5 -> 57
A3: Bahrain Bay | B3: =B2+1 -> 2 | C3: 2 | D3: 2021 | E3: ='Feb 2021'!E6 -> 27482 | F3: 0.029 | G3: ='Feb 2021'!J6 -> 0 | H3: 0.112 | I3: ='Feb 2021'!G6*1000 -> 19000 | J3: 0.0361 | K3: ='Feb 2021'!I6 -> 354 | L3: 0.75 | M3: ='Feb 2021'!L6 -> 52 | N3: 0.563 | O3: ='Feb 2021'!D6 -> 62
A4: Bahrain Bay | B4: =B3+1 -> 3 | C4: 2 | D4: 2021 | E4: ='Feb 2021'!E7 -> 27384 | F4: 0.029 | G4: ='Feb 2021'!J7 -> 2970 | H4: 0.112 | I4: ='Feb 2021'!G7*1000 -> 21000 | J4: 0.0361 | K4: ='Feb 2021'!I7 -> 242 | L4: 0.75 | M4: ='Feb 2021'!L7 -> 72 | N4: 0.563 | O4: ='Feb 2021'!D7 -> 53
A5: Bahrain Bay | B5: =B4+1 -> 4 | C5: 2 | D5: 2021 | E5: ='Feb 2021'!E8 -> 27648 | F5: 0.029 | G5: ='Feb 2021'!J8 -> 2970 | H5: 0.112 | I5: ='Feb 2021'!G8*1000 -> 24000 | J5: 0.0361 | K5: ='Feb 2021'!I8 -> 322 | L5: 0.75 | M5: ='Feb 2021'!L8 -> 31 | N5: 0.563 | O5: ='Feb 2021'!D8 -> 31
A6: Bahrain Bay | B6: =B5+1 -> 5 | C6: 2 | D6: 2021 | E6: ='Feb 2021'!E9 -> 27462 | F6: 0.029 | G6: ='Feb 2021'!J9 -> 0 | H6: 0.112 | I6: ='Feb 2021'!G9*1000 -> 25000 | J6: 0.0361 | K6: ='Feb 2021'!I9 -> 265 | L6: 0.75 | M6: ='Feb 2021'!L9 -> 72 | N6: 0.563 | O6: ='Feb 2021'!D9 -> 28
A7: Bahrain Bay | B7: =B6+1 -> 6 | C7: 2 | D7: 2021 | E7: ='Feb 2021'!E10 -> 27480 | F7: 0.029 | G7: 0 | H7: 0.112 | I7: ='Feb 2021'!G10*1000 -> 26000 | J7: 0.0361 | K7: ='Feb 2021'!I10 -> 264 | L7: 0.75 | M7: ='Feb 2021'!L10 -> 87 | N7: 0.563 | O7: ='Feb 2021'!D10 -> 21
A8: Bahrain Bay | B8: =B7+1 -> 7 | C8: 2 | D8: 2021 | E8: ='Feb 2021'!E11 -> 26605 | F8: 0.029 | G8: ='Feb 2021'!J11 -> 0 | H8: 0.112 | I8: ='Feb 2021'!G11*1000 -> 24000 | J8: 0.0361 | K8: ='Feb 2021'!I11 -> 249 | L8: 0.75 | M8: ='Feb 2021'!L11 -> 45 | N8: 0.563 | O8: ='Feb 2021'!D11 -> 20
A9: Bahrain Bay | B9: =B8+1 -> 8 | C9: 2 | D9: 2021 | E9: ='Feb 2021'!E12 -> 23644 | F9: 0.029 | G9: ='Feb 2021'!J12 -> 2970 | H9: 0.112 | I9: ='Feb 2021'!G12*1000 -> 20000 | J9: 0.0361 | K9: ='Feb 2021'!I12 -> 229 | L9: 0.75 | M9: ='Feb 2021'!L12 -> 91 | N9: 0.563 | O9: ='Feb 2021'!D12 -> 25
A10: Bahrain Bay | B10: =B9+1 -> 9 | C10: 2 | D10: 2021 | E10: ='Feb 2021'!E13 -> 22369 | F10: 0.029 | G10: ='Feb 2021'!J13 -> 0 | H10: 0.112 | I10: ='Feb 2021'!G13*1000 -> 22000 | J10: 0.0361 | K10: ='Feb 2021'!I13 -> 244 | L10: 0.75 | M10: ='Feb 2021'!L13 -> 72 | N10: 0.563 | O10: ='Feb 2021'!D13 -> 25
A11: Bahrain Bay | B11: =B10+1 -> 10 | C11: 2 | D11: 2021 | E11: ='Feb 2021'!E14 -> 23129 | F11: 0.029 | G11: ='Feb 2021'!J14 -> 0 | H11: 0.112 | I11: ='Feb 2021'!G14*1000 -> 25000 | J11: 0.0361 | K11: ='Feb 2021'!I14 -> 178 | L11: 0.75 | M11: ='Feb 2021'!L14 -> 84 | N11: 0.563 | O11: ='Feb 2021'!D14 -> 70
A12: Bahrain Bay | B12: =B11+1 -> 11 | C12: 2 | D12: 2021 | E12: ='Feb 2021'!E15 -> 23426 | F12: 0.029 | G12: ='Feb 2021'!J15 -> 2970 | H12: 0.112 | I12: ='Feb 2021'!G15*1000 -> 19000 | J12: 0.0361 | K12: ='Feb 2021'!I15 -> 206 | L12: 0.75 | M12: ='Feb 2021'!L15 -> 106 | N12: 0.563 | O12: ='Feb 2021'!D15 -> 34
A13: Bahrain Bay | B13: =B12+1 -> 12 | C13: 2 | D13: 2021 | E13: ='Feb 2021'!E16 -> 22199 | F13: 0.029 | G13: ='Feb 2021'!J16 -> 0 | H13: 0.112 | I13: ='Feb 2021'!G16*1000 -> 23000 | J13: 0.0361 | K13: ='Feb 2021'!I16 -> 188 | L13: 0.75 | M13: ='Feb 2021'!L16 -> 154 | N13: 0.563 | O13: ='Feb 2021'!D16 -> 42
A14: Bahrain Bay | B14: =B13+1 -> 13 | C14: 2 | D14: 2021 | E14: ='Feb 2021'!E17 -> 24321 | F14: 0.029 | G14: ='Feb 2021'!J17 -> 2970 | H14: 0.112 | I14: ='Feb 2021'!G17*1000 -> 22000 | J14: 0.0361 | K14: ='Feb 2021'!I17 -> 412 | L14: 0.75 | M14: ='Feb 2021'!L17 -> 54 | N14: 0.563 | O14: ='Feb 2021'!D17 -> 70
A15: Bahrain Bay | B15: =B14+1 -> 14 | C15: 2 | D15: 2021 | E15: ='Feb 2021'!E18 -> 26182 | F15: 0.029 | G15: ='Feb 2021'!J18 -> 0 | H15: 0.112 | I15: ='Feb 2021'!G18*1000 -> 23000 | J15: 0.0361 | K15: ='Feb 2021'!I18 -> 391 | L15: 0.75 | M15: ='Feb 2021'!L18 -> 0 | N15: 0.563 | O15: ='Feb 2021'!D18 -> 68
A16: Bahrain Bay | B16: =B15+1 -> 15 | C16: 2 | D16: 2021 | E16: ='Feb 2021'!E19 -> 23497 | F16: 0.029 | G16: ='Feb 2021'!J19 -> 0 | H16: 0.112 | I16: ='Feb 2021'!G19*1000 -> 21000 | J16: 0.0361 | K16: ='Feb 2021'!I19 -> 342 | L16: 0.75 | M16: ='Feb 2021'!L19 -> 0 | N16: 0.563 | O16: ='Feb 2021'!D19 -> 65
A17: Bahrain Bay | B17: =B16+1 -> 16 | C17: 2 | D17: 2021 | E17: ='Feb 2021'!E20 -> 23915 | F17: 0.029 | G17: ='Feb 2021'!J20 -> 2970 | H17: 0.112 | I17: ='Feb 2021'!G20*1000 -> 22000 | J17: 0.0361 | K17: ='Feb 2021'!I20 -> 243 | L17: 0.75 | M17: ='Feb 2021'!L20 -> 0 | N17: 0.563 | O17: ='Feb 2021'!D20 -> 34
A18: Bahrain Bay | B18: =B17+1 -> 17 | C18: 2 | D18: 2021 | E18: ='Feb 2021'!E21 -> 23197 | F18: 0.029 | G18: ='Feb 2021'!J21 -> 0 | H18: 0.112 | I18: ='Feb 2021'!G21*1000 -> 22000 | J18: 0.0361 | K18: ='Feb 2021'!I21 -> 199 | L18: 0.75 | M18: ='Feb 2021'!L21 -> 123 | N18: 0.563 | O18: ='Feb 2021'!D21 -> 30
A19: Bahrain Bay | B19: =B18+1 -> 18 | C19: 2 | D19: 2021 | E19: ='Feb 2021'!E22 -> 22981 | F19: 0.029 | G19: ='Feb 2021'!J22 -> 0 | H19: 0.112 | I19: ='Feb 2021'!G22*1000 -> 23000 | J19: 0.0361 | K19: ='Feb 2021'!I22 -> 219 | L19: 0.75 | M19: ='Feb 2021'!L22 -> 128 | N19: 0.563 | O19: ='Feb 2021'!D22 -> 29
... A29: Bahrain Bay | B29: =B28+1 -> 28 | C29: 2 | D29: 2021 | E29: ='Feb 2021'!E32 -> 0 | F29: 0.029 | G29: ='Feb 2021'!J32 -> 0 | H29: 0.112 | I29: ='Feb 2021'!G32*1000 -> 0 | J29: 0.0361 | K29: ='Feb 2021'!I32 -> 0 | L29: 0.75 | M29: ='Feb 2021'!L32 -> 0 | N29: 0.563 | O29: ='Feb 2021'!D32 -> 0
A30: Bahrain Bay
A31: Bahrain Bay
A32: Bahrain Bay

Sheet Feb 2021
B2: Electricity and Utilities Reading
B3: S. No. | C3: Date | E3: Electricity Consumption kWh | F3: Chilled H2O Consumption Reading | G3: Consumption MWh | H3: Potable Water Consumption Reading | I3: Consumption m3 | K3: Irrigation Water Consumption Reading | L3: Consumption m3
D4: RoomNights | J4: LPG (Kg)
B5: 1 | C5: 44228 | D5: 57 | E5: 27244 | F5: 184440 | G5: =F6-F5 -> 26 | H5: 446001 | I5: =H6-H5 -> 303 | J5: 0 | K5: 271330 | L5: =K6-K5 -> 69
B6: 2 | C6: 44229 | D6: 62 | E6: 27482 | F6: 184466 | G6: =F7-F6 -> 19 | H6: 446304 | I6: =H7-H6 -> 354 | J6: 0 | K6: 271399 | L6: =K7-K6 -> 52
B7: 3 | C7: 44230 | D7: 53 | E7: 27384 | F7: 184485 | G7: =F8-F7 -> 21 | H7: 446658 | I7: =H8-H7 -> 242 | J7: 2970 | K7: 271451 | L7: =K8-K7 -> 72
B8: 4 | C8: 44231 | D8: 31 | E8: 27648 | F8: 184506 | G8: =F9-F8 -> 24 | H8: 446900 | I8: =H9-H8 -> 322 | J8: 2970 | K8: 271523 | L8: =K9-K8 -> 31
B9: 5 | C9: 44232 | D9: 28 | E9: 27462 | F9: 184530 | G9: =F10-F9 -> 25 | H9: 447222 | I9: =H10-H9 -> 265 | J9: 0 | K9: 271554 | L9: =K10-K9 -> 72
B10: 6 | C10: 44233 | D10: 21 | E10: 27480 | F10: 184555 | G10: =F11-F10 -> 26 | H10: 447487 | I10: =H11-H10 -> 264 | J10: 2970 | K10: 271626 | L10: =K11-K10 -> 87
B11: 7 | C11: 44234 | D11: 20 | E11: 26605 | F11: 184581 | G11: =F12-F11 -> 24 | H11: 447751 | I11: =H12-H11 -> 249 | J11: 0 | K11: 271713 | L11: =K12-K11 -> 45
B12: 8 | C12: 44235 | D12: 25 | E12: 23644 | F12: 184605 | G12: =F13-F12 -> 20 | H12: 448000 | I12: =H13-H12 -> 229 | J12: 2970 | K12: 271758 | L12: =K13-K12 -> 91
B13: 9 | C13: 44236 | D13: 25 | E13: 22369 | F13: 184625 | G13: =F14-F13 -> 22 | H13: 448229 | I13: =H14-H13 -> 244 | J13: 0 | K13: 271849 | L13: =K14-K13 -> 72
B14: 10 | C14: 44237 | D14: 70 | E14: 23129 | F14: 184647 | G14: =F15-F14 -> 25 | H14: 448473 | I14: =H15-H14 -> 178 | J14: 0 | K14: 271921 | L14: =K16-K14 -> 84
B15: 11 | C15: 44238 | D15: 34 | E15: 23426 | F15: 184672 | G15: =F16-F15 -> 19 | H15: 448651 | I15: =H16-H15 -> 206 | J15: 2970 | K15: 271999 | L15: =K17-K15 -> 106
A16: 1 | B16: 12 | C16: 44239 | D16: 42 | E16: 22199 | F16: 184691 | G16: =F17-F16 -> 23 | H16: 448857 | I16: =H17-H16 -> 188 | J16: 0 | K16: 272005 | L16: =K18-K16 -> 154
B17: 13 | C17: 44240 | D17: 70 | E17: 24321 | F17: 184714 | G17: =F18-F17 -> 22 | H17: 449045 | I17: =H18-H17 -> 412 | J17: 2970 | K17: 272105 | L17: =K18-K17 -> 54
B18: 14 | C18: 44241 | D18: 68 | E18: 26182 | F18: 184736 | G18: =F19-F18 -> 23 | H18: 449457 | I18: =H19-H18 -> 391 | J18: 0 | K18: 272159 | L18: =K19-K18 -> 0
B19: 15 | C19: 44242 | D19: 65 | E19: 23497 | F19: 184759 | G19: =F20-F19 -> 21 | H19: 449848 | I19: =H20-H19 -> 342 | J19: 0 | K19: 272159 | L19: =K20-K19 -> 0
B20: 16 | C20: 44243 | D20: 34 | E20: 23915 | F20: 184780 | G20: =F21-F20 -> 22 | H20: 450190 | I20: =H21-H20 -> 243 | J20: 2970 | K20: 272159 | L20: =K21-K20 -> 0
B21: 17 | C21: 44244 | D21: 30 | E21: 23197 | F21: 184802 | G21: =F22-F21 -> 22 | H21: 450433 | I21: =H22-H21 -> 199 | J21: 0 | K21: 272159 | L21: =K24-K21 -> 123
B22: 18 | C22: 44245 | D22: 29 | E22: 22981 | F22: 184824 | G22: =F23-F22 -> 23 | H22: 450632 | I22: =H23-H22 -> 219 | J22: 0 | K22: 272159 | L22: =K25-K24 -> 128
B23: 19 | C23: 44246 | D23: 29 | E23: 22475 | F23: 184847 | G23: =F24-F23 -> 14 | H23: 450851 | I23: =H24-H23 -> 247 | J23: 0 | K23: 272159 | L23: =K25-K24 -> 128
B24: 20 | C24: 44247 | D24: 23 | E24: 22723 | F24: 184861 | G24: =F25-F24 -> 20 | H24: 451098 | I24: =H25-H24 -> 195 | J24: 2970 | K24: 272282 | L24: =K25-K24 -> 128
B25: 21 | C25: 44248 | D25: 26 | E25: 22759 | F25: 184881 | G25: =F26-F25 -> 17 | H25: 451293 | I25: =H26-H25 -> 254 | J25: 0 | K25: 272410 | L25: =K26-K25 -> 0
B26: 22 | C26: 44249 | D26: 31 | E26: 23180 | F26: 184898 | G26: =F27-F26 -> 19 | H26: 451547 | I26: =H27-H26 -> 235 | J26: 0 | K26: 272410 | L26: =K27-K26 -> 0
B27: 23 | C27: 44250 | D27: 27 | E27: 23118 | F27: 184917 | G27: =F28-F27 -> 19 | H27: 451782 | I27: =H28-H27 -> 193 | J27: 2970 | K27: 272410 | L27: =K28-K27 -> 0
B28: 24 | C28: 44251 | D28: 32 | E28: 22388 | F28: 184936 | G28: =F29-F28 -> 17 | H28: 451975 | I28: =H29-H28 -> 174 | J28: 0 | K28: 272410 | L28: =K29-K28 -> 6
A29: v | B29: 25 | C29: 44252 | F29: 184953 | H29: 452149 | K29: 272416
B30: 26 | C30: 44253
B31: 27 | C31: 44254
B32: 28 | C32: 44255
