Workbook

Sheet TOTAL
A1: Site Name | B1: Day | C1: Month | D1: Year | E1: Total Electricity Kwh | F1: Electricity Tariff ($/Kwh) | G1: Natual Gas (m3) | H1: Natural Gas $/m3 | I1: Water Utility Supply (m3) m3 | J1: Water Utility Supply (m3) $/m3 | K1: Room Nights | L1: Total Guests
A2: Hampshire | B2: 1 | C2: 1 | D2: 2021 | E2: =(Submetering!E2+Submetering!F2) -> 1306 | F2: 0.14 | G2: =Submetering!M2 -> 2545 | H2: 0.16 | I2: =Submetering!N2 -> 56 | J2: 2.06 | K2: ='Hampshire Daily'!B5 -> 10 | L2: ='Hampshire Daily'!C5 -> 10
A3: Hampshire | B3: =B2+1 -> 2 | C3: 1 | D3: 2021 | E3: =Submetering!E3+Submetering!F3 -> 1454 | F3: 0.14 | G3: =Submetering!M3 -> 2435 | H3: 0.16 | I3: =Submetering!N3 -> 26 | J3: 2.06 | K3: ='Hampshire Daily'!B6 -> 10 | L3: ='Hampshire Daily'!C6 -> 10
A4: Hampshire | B4: =B3+1 -> 3 | C4: 1 | D4: 2021 | E4: =Submetering!E4+Submetering!F4 -> 1941 | F4: 0.14 | G4: =Submetering!M4 -> 1767 | H4: 0.16 | I4: =Submetering!N4 -> 22 | J4: 2.06 | K4: ='Hampshire Daily'!B7 -> 10 | L4: ='Hampshire Daily'!C7 -> 10
A5: Hampshire | B5: =B4+1 -> 4 | C5: 1 | D5: 2021 | E5: =Submetering!E5+Submetering!F5 -> 1440 | F5: 0.14 | G5: =Submetering!M5 -> 2086 | H5: 0.16 | I5: =Submetering!N5 -> 23 | J5: 2.06 | K5: ='Hampshire Daily'!B8 -> 10 | L5: ='Hampshire Daily'!C8 -> 10
A6: Hampshire | B6: =B5+1 -> 5 | C6: 1 | D6: 2021 | E6: =Submetering!E6+Submetering!F6 -> 1260 | F6: 0.14 | G6: =Submetering!M6 -> 1969 | H6: 0.16 | I6: =Submetering!N6 -> 13 | J6: 2.06 | K6: ='Hampshire Daily'!B9 -> 10 | L6: ='Hampshire Daily'!C9 -> 10
A7: Hampshire | B7: =B6+1 -> 6 | C7: 1 | D7: 2021 | E7: =Submetering!E7+Submetering!F7 -> 1357 | F7: 0.14 | G7: =Submetering!M7 -> 2006 | H7: 0.16 | I7: =Submetering!N7 -> 22 | J7: 2.06 | K7: ='Hampshire Daily'!B10 -> 10 | L7: ='Hampshire Daily'!C10 -> 10
A8: Hampshire | B8: =B7+1 -> 7 | C8: 1 | D8: 2021 | E8: =Submetering!E8+Submetering!F8 -> 1267 | F8: 0.14 | G8: =Submetering!M8 -> 2113 | H8: 0.16 | I8: =Submetering!N8 -> 24 | J8: 2.06 | K8: ='Hampshire Daily'!B11 -> 10 | L8: ='Hampshire Daily'!C11 -> 10
A9: Hampshire | B9: =B8+1 -> 8 | C9: 1 | D9: 2021 | E9: =Submetering!E9+Submetering!F9 -> 1221 | F9: 0.14 | G9: =Submetering!M9 -> 2534 | H9: 0.16 | I9: =Submetering!N9 -> 27 | J9: 2.06 | K9: ='Hampshire Daily'!B12 -> 10 | L9: ='Hampshire Daily'!C12 -> 10
A10: Hampshire | B10: =B9+1 -> 9 | C10: 1 | D10: 2021 | E10: =Submetering!E10+Submetering!F10 -> 1701 | F10: 0.14 | G10: =Submetering!M10 -> 2993 | H10: 0.16 | I10: =Submetering!N10 -> 24 | J10: 2.06 | K10: ='Hampshire Daily'!B13 -> 10 | L10: ='Hampshire Daily'!C13 -> 10
A11: Hampshire | B11: =B10+1 -> 10 | C11: 1 | D11: 2021 | E11: =Submetering!E11+Submetering!F11 -> 932 | F11: 0.14 | G11: =Submetering!M11 -> 1766 | H11: 0.16 | I11: =Submetering!N11 -> 25 | J11: 2.06 | K11: ='Hampshire Daily'!B14 -> 10 | L11: ='Hampshire Daily'!C14 -> 10
A12: Hampshire | B12: =B11+1 -> 11 | C12: 1 | D12: 2021 | E12: =Submetering!E12+Submetering!F12 -> 1267 | F12: 0.14 | G12: =Submetering!M12 -> 2344 | H12: 0.16 | I12: =Submetering!N12 -> 25 | J12: 2.06 | K12: ='Hampshire Daily'!B15 -> 10 | L12: ='Hampshire Daily'!C15 -> 10
A13: Hampshire | B13: =B12+1 -> 12 | C13: 1 | D13: 2021 | E13: =Submetering!E13+Submetering!F13 -> 1288 | F13: 0.14 | G13: =Submetering!M13 -> 2586 | H13: 0.16 | I13: =Submetering!N13 -> 23 | J13: 2.06 | K13: ='Hampshire Daily'!B16 -> 10 | L13: ='Hampshire Daily'!C16 -> 10
A14: Hampshire | B14: =B13+1 -> 13 | C14: 1 | D14: 2021 | E14: =Submetering!E14+Submetering!F14 -> 1327 | F14: 0.14 | G14: =Submetering!M14 -> 2709 | H14: 0.16 | I14: =Submetering!N14 -> 19 | J14: 2.06 | K14: ='Hampshire Daily'!B17 -> 10 | L14: ='Hampshire Daily'!C17 -> 10
... A29: Hampshire | B29: =B28+1 -> 28 | C29: 1 | D29: 2021 | E29: =Submetering!E29+Submetering!F29 -> 1400 | F29: 0.14 | G29: =Submetering!M29 -> 1969 | H29: 0.16 | I29: =Submetering!N29 -> 34 | J29: 2.06 | K29: ='Hampshire Daily'!B32 -> 10 | L29: ='Hampshire Daily'!C32 -> 10

Sheet Submetering
A1: Site Name | B1: Day | C1: Month | D1: Year | E1: Meter 1- KWh | F1: Meter 2- KWh | G1: East MCC- KWh | H1: South MCC 1- KWh | I1: South MCC 2- KWh | J1: West MCC- KWh | K1: Kitchen - KWh | L1: SPA - KWh | M1: Gas- KWh | N1: Main Site Water Meter - m3 | O1: Chiller 2- m3 | P1: Chiller 3- m3 | Q1: Chiller 4- m3 | R1: Hard Water Supply- m3 | S1: Pool Supply- m3 | T1: CL02- m3 | U1: LTHW SPA- m3 | V1: LTHW East- m3 | W1: Chilled make-up- m3 | X1: Orchard irrigation | Y1: Kids Pool | Z1: Room Nights | AA1: Total Guests
A2: Hampshire | B2: 1 | C2: 1 | D2: 2021 | E2: =IF(('Hampshire Daily'!D5-'Hampshire Daily'!D4<0),"0",('Hampshire Daily'!D5-'Hampshire Daily'!D4)) -> 934 | F2: =IF(('Hampshire Daily'!F5-'Hampshire Daily'!F4<0),"0",('Hampshire Daily'!F5-'Hampshire Daily'!F4)) -> 372 | G2: =IF(('Hampshire Daily'!H5-'Hampshire Daily'!H4<0),"0",('Hampshire Daily'!H5-'Hampshire Daily'!H4)) -> 18 | H2: =IF(('Hampshire Daily'!I5-'Hampshire Daily'!I4<0),"0",('Hampshire Daily'!I5-'Hampshire Daily'!I4)) -> 0 | I2: =IF(('Hampshire Daily'!J5-'Hampshire Daily'!J4<0),"0",('Hampshire Daily'!J5-'Hampshire Daily'!J4)) -> 0 | J2: =IF(('Hampshire Daily'!K5-'Hampshire Daily'!K4<0),"0",('Hampshire Daily'!K5-'Hampshire Daily'!K4)) -> 0 | K2: =IF(('Hampshire Daily'!L5-'Hampshire Daily'!L4<0),"0",('Hampshire Daily'!L5-'Hampshire Daily'!L4)) -> 152 | L2: =IF(('Hampshire Daily'!M5-'Hampshire Daily'!M4<0),"0",('Hampshire Daily'!M5-'Hampshire Daily'!M4)) -> 12 | M2: =IF(('Hampshire Daily'!N5-'Hampshire Daily'!N4<0),"0",('Hampshire Daily'!N5-'Hampshire Daily'!N4)) -> 2545 | N2: =IF(('Hampshire Daily'!O5-'Hampshire Daily'!O4<0),"0",('Hampshire Daily'!O5-'Hampshire Daily'!O4)) -> 56 | ... Q2: =IF(('Hampshire Daily'!R5-'Hampshire Daily'!R4<0),"0",('Hampshire Daily'!R5-'Hampshire Daily'!R4)) -> 0 | R2: =IF(('Hampshire Daily'!U5-'Hampshire Daily'!U4<0),"0",('Hampshire Daily'!U5-'Hampshire Daily'!U4)) -> 1 | S2: =IF(('Hampshire Daily'!V5-'Hampshire Daily'!V4<0),"0",('Hampshire Daily'!V5-'Hampshire Daily'!V4)) -> 10 | T2: =IF(('Hampshire Daily'!W5-'Hampshire Daily'!W4<0),"0",('Hampshire Daily'!W5-'Hampshire Daily'!W4)) -> 0 | U2: =IF(('Hampshire Daily'!X5-'Hampshire Daily'!X4<0),"0",('Hampshire Daily'!X5-'Hampshire Daily'!X4)) -> 0.155 | V2: =IF(('Hampshire Daily'!Y5-'Hampshire Daily'!Y4<0),"0",('Hampshire Daily'!Y5-'Hampshire Daily'!Y4)) -> 0.154 | W2: =IF(('Hampshire Daily'!Z5-'Hampshire Daily'!Z4<0),"0",('Hampshire Daily'!Z5-'Hampshire Daily'!Z4)) -> 0.013 | X2: =IF(('Hampshire Daily'!AA5-'Hampshire Daily'!AA4<0),"0",('Hampshire Daily'!AA5-'Hampshire Daily'!AA4)) -> 0 | Y2: =IF(('Hampshire Daily'!AB5-'Hampshire Daily'!AB4<0),"0",('Hampshire Daily'!AB5-'Hampshire Daily'!AB4)) -> 3 | Z2: ='[1]Hampshire Daily'!C5 -> 0 | AA2: ='[1]Hampshire Daily'!B5 -> 0
A3: Hampshire | B3: =B2+1 -> 2 | C3: 1 | D3: 2021 | E3: =IF(('Hampshire Daily'!D6-'Hampshire Daily'!D5<0),"0",('Hampshire Daily'!D6-'Hampshire Daily'!D5)) -> 1102 | F3: =IF(('Hampshire Daily'!F6-'Hampshire Daily'!F5<0),"0",('Hampshire Daily'!F6-'Hampshire Daily'!F5)) -> 352 | G3: =IF(('Hampshire Daily'!H6-'Hampshire Daily'!H5<0),"0",('Hampshire Daily'!H6-'Hampshire Daily'!H5)) -> 8 | H3: =IF(('Hampshire Daily'!I6-'Hampshire Daily'!I5<0),"0",('Hampshire Daily'!I6-'Hampshire Daily'!I5)) -> 0 | I3: =IF(('Hampshire Daily'!J6-'Hampshire Daily'!J5<0),"0",('Hampshire Daily'!J6-'Hampshire Daily'!J5)) -> 0 | J3: =IF(('Hampshire Daily'!K6-'Hampshire Daily'!K5<0),"0",('Hampshire Daily'!K6-'Hampshire Daily'!K5)) -> 0 | K3: =IF(('Hampshire Daily'!L6-'Hampshire Daily'!L5<0),"0",('Hampshire Daily'!L6-'Hampshire Daily'!L5)) -> 197 | L3: =IF(('Hampshire Daily'!M6-'Hampshire Daily'!M5<0),"0",('Hampshire Daily'!M6-'Hampshire Daily'!M5)) -> 18 | M3: =IF(('Hampshire Daily'!N6-'Hampshire Daily'!N5<0),"0",('Hampshire Daily'!N6-'Hampshire Daily'!N5)) -> 2435 | N3: =IF(('Hampshire Daily'!O6-'Hampshire Daily'!O5<0),"0",('Hampshire Daily'!O6-'Hampshire Daily'!O5)) -> 26 | ... Q3: =IF(('Hampshire Daily'!R6-'Hampshire Daily'!R5<0),"0",('Hampshire Daily'!R6-'Hampshire Daily'!R5)) -> 0 | R3: =IF(('Hampshire Daily'!U6-'Hampshire Daily'!U5<0),"0",('Hampshire Daily'!U6-'Hampshire Daily'!U5)) -> 1 | S3: =IF(('Hampshire Daily'!V6-'Hampshire Daily'!V5<0),"0",('Hampshire Daily'!V6-'Hampshire Daily'!V5)) -> 0 | T3: =IF(('Hampshire Daily'!W6-'Hampshire Daily'!W5<0),"0",('Hampshire Daily'!W6-'Hampshire Daily'!W5)) -> 0 | U3: =IF(('Hampshire Daily'!X6-'Hampshire Daily'!X5<0),"0",('Hampshire Daily'!X6-'Hampshire Daily'!X5)) -> 0.14 | V3: =IF(('Hampshire Daily'!Y6-'Hampshire Daily'!Y5<0),"0",('Hampshire Daily'!Y6-'Hampshire Daily'!Y5)) -> 0.174 | W3: =IF(('Hampshire Daily'!Z6-'Hampshire Daily'!Z5<0),"0",('Hampshire Daily'!Z6-'Hampshire Daily'!Z5)) -> 0.005 | X3: =IF(('Hampshire Daily'!AA6-'Hampshire Daily'!AA5<0),"0",('Hampshire Daily'!AA6-'Hampshire Daily'!AA5)) -> 0 | Y3: =IF(('Hampshire Daily'!AB6-'Hampshire Daily'!AB5<0),"0",('Hampshire Daily'!AB6-'Hampshire Daily'!AB5)) -> 1 | Z3: ='[1]Hampshire Daily'!C6 -> 0 | AA3: ='[1]Hampshire Daily'!B6 -> 0
A4: Hampshire | B4: =B3+1 -> 3 | C4: 1 | D4: 2021 | E4: =IF(('Hampshire Daily'!D7-'Hampshire Daily'!D6<0),"0",('Hampshire Daily'!D7-'Hampshire Daily'!D6)) -> 1185 | F4: =IF(('Hampshire Daily'!F7-'Hampshire Daily'!F6<0),"0",('Hampshire Daily'!F7-'Hampshire Daily'!F6)) -> 756 | G4: =IF(('Hampshire Daily'!H7-'Hampshire Daily'!H6<0),"0",('Hampshire Daily'!H7-'Hampshire Daily'!H6)) -> 122 | H4: =IF(('Hampshire Daily'!I7-'Hampshire Daily'!I6<0),"0",('Hampshire Daily'!I7-'Hampshire Daily'!I6)) -> 0 | I4: =IF(('Hampshire Daily'!J7-'Hampshire Daily'!J6<0),"0",('Hampshire Daily'!J7-'Hampshire Daily'!J6)) -> 0 | J4: =IF(('Hampshire Daily'!K7-'Hampshire Daily'!K6<0),"0",('Hampshire Daily'!K7-'Hampshire Daily'!K6)) -> 0 | K4: =IF(('Hampshire Daily'!L7-'Hampshire Daily'!L6<0),"0",('Hampshire Daily'!L7-'Hampshire Daily'!L6)) -> 197 | L4: =IF(('Hampshire Daily'!M7-'Hampshire Daily'!M6<0),"0",('Hampshire Daily'!M7-'Hampshire Daily'!M6)) -> 79 | M4: =IF(('Hampshire Daily'!N7-'Hampshire Daily'!N6<0),"0",('Hampshire Daily'!N7-'Hampshire Daily'!N6)) -> 1767 | N4: =IF(('Hampshire Daily'!O7-'Hampshire Daily'!O6<0),"0",('Hampshire Daily'!O7-'Hampshire Daily'!O6)) -> 22 | ... Q4: =IF(('Hampshire Daily'!R7-'Hampshire Daily'!R6<0),"0",('Hampshire Daily'!R7-'Hampshire Daily'!R6)) -> 0 | R4: =IF(('Hampshire Daily'!U7-'Hampshire Daily'!U6<0),"0",('Hampshire Daily'!U7-'Hampshire Daily'!U6)) -> 2 | S4: =IF(('Hampshire Daily'!V7-'Hampshire Daily'!V6<0),"0",('Hampshire Daily'!V7-'Hampshire Daily'!V6)) -> 0 | T4: =IF(('Hampshire Daily'!W7-'Hampshire Daily'!W6<0),"0",('Hampshire Daily'!W7-'Hampshire Daily'!W6)) -> 0 | U4: =IF(('Hampshire Daily'!X7-'Hampshire Daily'!X6<0),"0",('Hampshire Daily'!X7-'Hampshire Daily'!X6)) -> 0.111 | V4: =IF(('Hampshire Daily'!Y7-'Hampshire Daily'!Y6<0),"0",('Hampshire Daily'!Y7-'Hampshire Daily'!Y6)) -> 0.133 | W4: =IF(('Hampshire Daily'!Z7-'Hampshire Daily'!Z6<0),"0",('Hampshire Daily'!Z7-'Hampshire Daily'!Z6)) -> 0.021 | X4: =IF(('Hampshire Daily'!AA7-'Hampshire Daily'!AA6<0),"0",('Hampshire Daily'!AA7-'Hampshire Daily'!AA6)) -> 0 | Y4: =IF(('Hampshire Daily'!AB7-'Hampshire Daily'!AB6<0),"0",('Hampshire Daily'!AB7-'Hampshire Daily'!AB6)) -> 4 | Z4: ='[1]Hampshire Daily'!C7 -> 52 | AA4: ='[1]Hampshire Daily'!B7 -> 25
A5: Hampshire | B5: =B4+1 -> 4 | C5: 1 | D5: 2021 | E5: =IF(('Hampshire Daily'!D8-'Hampshire Daily'!D7<0),"0",('Hampshire Daily'!D8-'Hampshire Daily'!D7)) -> 1051 | F5: =IF(('Hampshire Daily'!F8-'Hampshire Daily'!F7<0),"0",('Hampshire Daily'!F8-'Hampshire Daily'!F7)) -> 389 | G5: =IF(('Hampshire Daily'!H8-'Hampshire Daily'!H7<0),"0",('Hampshire Daily'!H8-'Hampshire Daily'!H7)) -> 20 | H5: =IF(('Hampshire Daily'!I8-'Hampshire Daily'!I7<0),"0",('Hampshire Daily'!I8-'Hampshire Daily'!I7)) -> 0 | I5: =IF(('Hampshire Daily'!J8-'Hampshire Daily'!J7<0),"0",('Hampshire Daily'!J8-'Hampshire Daily'!J7)) -> 0 | J5: =IF(('Hampshire Daily'!K8-'Hampshire Daily'!K7<0),"0",('Hampshire Daily'!K8-'Hampshire Daily'!K7)) -> 0 | K5: =IF(('Hampshire Daily'!L8-'Hampshire Daily'!L7<0),"0",('Hampshire Daily'!L8-'Hampshire Daily'!L7)) -> 223 | L5: =IF(('Hampshire Daily'!M8-'Hampshire Daily'!M7<0),"0",('Hampshire Daily'!M8-'Hampshire Daily'!M7)) -> 25 | M5: =IF(('Hampshire Daily'!N8-'Hampshire Daily'!N7<0),"0",('Hampshire Daily'!N8-'Hampshire Daily'!N7)) -> 2086 | N5: =IF(('Hampshire Daily'!O8-'Hampshire Daily'!O7<0),"0",('Hampshire Daily'!O8-'Hampshire Daily'!O7)) -> 23 | ... Q5: =IF(('Hampshire Daily'!R8-'Hampshire Daily'!R7<0),"0",('Hampshire Daily'!R8-'Hampshire Daily'!R7)) -> 0 | R5: =IF(('Hampshire Daily'!U8-'Hampshire Daily'!U7<0),"0",('Hampshire Daily'!U8-'Hampshire Daily'!U7)) -> 1 | S5: =IF(('Hampshire Daily'!V8-'Hampshire Daily'!V7<0),"0",('Hampshire Daily'!V8-'Hampshire Daily'!V7)) -> 0 | T5: =IF(('Hampshire Daily'!W8-'Hampshire Daily'!W7<0),"0",('Hampshire Daily'!W8-'Hampshire Daily'!W7)) -> 0 | U5: =IF(('Hampshire Daily'!X8-'Hampshire Daily'!X7<0),"0",('Hampshire Daily'!X8-'Hampshire Daily'!X7)) -> 0.097 | V5: =IF(('Hampshire Daily'!Y8-'Hampshire Daily'!Y7<0),"0",('Hampshire Daily'!Y8-'Hampshire Daily'!Y7)) -> 0.17 | W5: =IF(('Hampshire Daily'!Z8-'Hampshire Daily'!Z7<0),"0",('Hampshire Daily'!Z8-'Hampshire Daily'!Z7)) -> 0.023 | X5: =IF(('Hampshire Daily'!AA8-'Hampshire Daily'!AA7<0),"0",('Hampshire Daily'!AA8-'Hampshire Daily'!AA7)) -> 0 | Y5: =IF(('Hampshire Daily'!AB8-'Hampshire Daily'!AB7<0),"0",('Hampshire Daily'!AB8-'Hampshire Daily'!AB7)) -> 3 | Z5: ='[1]Hampshire Daily'!C8 -> 133 | AA5: ='[1]Hampshire Daily'!B8 -> 51
A6: Hampshire | B6: =B5+1 -> 5 | C6: 1 | D6: 2021 | E6: =IF(('Hampshire Daily'!D9-'Hampshire Daily'!D8<0),"0",('Hampshire Daily'!D9-'Hampshire Daily'!D8)) -> 909 | F6: =IF(('Hampshire Daily'!F9-'Hampshire Daily'!F8<0),"0",('Hampshire Daily'!F9-'Hampshire Daily'!F8)) -> 351 | G6: =IF(('Hampshire Daily'!H9-'Hampshire Daily'!H8<0),"0",('Hampshire Daily'!H9-'Hampshire Daily'!H8)) -> 20 | H6: =IF(('Hampshire Daily'!I9-'Hampshire Daily'!I8<0),"0",('Hampshire Daily'!I9-'Hampshire Daily'!I8)) -> 0 | I6: =IF(('Hampshire Daily'!J9-'Hampshire Daily'!J8<0),"0",('Hampshire Daily'!J9-'Hampshire Daily'!J8)) -> 0 | J6: =IF(('Hampshire Daily'!K9-'Hampshire Daily'!K8<0),"0",('Hampshire Daily'!K9-'Hampshire Daily'!K8)) -> 0 | K6: =IF(('Hampshire Daily'!L9-'Hampshire Daily'!L8<0),"0",('Hampshire Daily'!L9-'Hampshire Daily'!L8)) -> 197 | L6: =IF(('Hampshire Daily'!M9-'Hampshire Daily'!M8<0),"0",('Hampshire Daily'!M9-'Hampshire Daily'!M8)) -> 2 | M6: =IF(('Hampshire Daily'!N9-'Hampshire Daily'!N8<0),"0",('Hampshire Daily'!N9-'Hampshire Daily'!N8)) -> 1969 | N6: =IF(('Hampshire Daily'!O9-'Hampshire Daily'!O8<0),"0",('Hampshire Daily'!O9-'Hampshire Daily'!O8)) -> 13 | ... Q6: =IF(('Hampshire Daily'!R9-'Hampshire Daily'!R8<0),"0",('Hampshire Daily'!R9-'Hampshire Daily'!R8)) -> 0 | R6: =IF(('Hampshire Daily'!U9-'Hampshire Daily'!U8<0),"0",('Hampshire Daily'!U9-'Hampshire Daily'!U8)) -> 2 | S6: =IF(('Hampshire Daily'!V9-'Hampshire Daily'!V8<0),"0",('Hampshire Daily'!V9-'Hampshire Daily'!V8)) -> 0 | T6: =IF(('Hampshire Daily'!W9-'Hampshire Daily'!W8<0),"0",('Hampshire Daily'!W9-'Hampshire Daily'!W8)) -> 0 | U6: =IF(('Hampshire Daily'!X9-'Hampshire Daily'!X8<0),"0",('Hampshire Daily'!X9-'Hampshire Daily'!X8)) -> 0.11 | V6: =IF(('Hampshire Daily'!Y9-'Hampshire Daily'!Y8<0),"0",('Hampshire Daily'!Y9-'Hampshire Daily'!Y8)) -> 0.165 | W6: =IF(('Hampshire Daily'!Z9-'Hampshire Daily'!Z8<0),"0",('Hampshire Daily'!Z9-'Hampshire Daily'!Z8)) -> 0.006 | X6: =IF(('Hampshire Daily'!AA9-'Hampshire Daily'!AA8<0),"0",('Hampshire Daily'!AA9-'Hampshire Daily'!AA8)) -> 0 | Y6: =IF(('Hampshire Daily'!AB9-'Hampshire Daily'!AB8<0),"0",('Hampshire Daily'!AB9-'Hampshire Daily'!AB8)) -> 3 | Z6: ='[1]Hampshire Daily'!C9 -> 172 | AA6: ='[1]Hampshire Daily'!B9 -> 64
A7: Hampshire | B7: =B6+1 -> 6 | C7: 1 | D7: 2021 | E7: =IF(('Hampshire Daily'!D10-'Hampshire Daily'!D9<0),"0",('Hampshire Daily'!D10-'Hampshire Daily'!D9)) -> 904 | F7: =IF(('Hampshire Daily'!F10-'Hampshire Daily'!F9<0),"0",('Hampshire Daily'!F10-'Hampshire Daily'!F9)) -> 453 | G7: =IF(('Hampshire Daily'!H10-'Hampshire Daily'!H9<0),"0",('Hampshire Daily'!H10-'Hampshire Daily'!H9)) -> 38 | H7: =IF(('Hampshire Daily'!I10-'Hampshire Daily'!I9<0),"0",('Hampshire Daily'!I10-'Hampshire Daily'!I9)) -> 0 | I7: =IF(('Hampshire Daily'!J10-'Hampshire Daily'!J9<0),"0",('Hampshire Daily'!J10-'Hampshire Daily'!J9)) -> 0 | J7: =IF(('Hampshire Daily'!K10-'Hampshire Daily'!K9<0),"0",('Hampshire Daily'!K10-'Hampshire Daily'!K9)) -> 0 | K7: =IF(('Hampshire Daily'!L10-'Hampshire Daily'!L9<0),"0",('Hampshire Daily'!L10-'Hampshire Daily'!L9)) -> 197 | L7: =IF(('Hampshire Daily'!M10-'Hampshire Daily'!M9<0),"0",('Hampshire Daily'!M10-'Hampshire Daily'!M9)) -> 0 | M7: =IF(('Hampshire Daily'!N10-'Hampshire Daily'!N9<0),"0",('Hampshire Daily'!N10-'Hampshire Daily'!N9)) -> 2006 | N7: =IF(('Hampshire Daily'!O10-'Hampshire Daily'!O9<0),"0",('Hampshire Daily'!O10-'Hampshire Daily'!O9)) -> 22 | ... Q7: =IF(('Hampshire Daily'!R10-'Hampshire Daily'!R9<0),"0",('Hampshire Daily'!R10-'Hampshire Daily'!R9)) -> 0 | R7: =IF(('Hampshire Daily'!U10-'Hampshire Daily'!U9<0),"0",('Hampshire Daily'!U10-'Hampshire Daily'!U9)) -> 1 | S7: =IF(('Hampshire Daily'!V10-'Hampshire Daily'!V9<0),"0",('Hampshire Daily'!V10-'Hampshire Daily'!V9)) -> 0 | T7: =IF(('Hampshire Daily'!W10-'Hampshire Daily'!W9<0),"0",('Hampshire Daily'!W10-'Hampshire Daily'!W9)) -> 0 | U7: =IF(('Hampshire Daily'!X10-'Hampshire Daily'!X9<0),"0",('Hampshire Daily'!X10-'Hampshire Daily'!X9)) -> 0.11 | V7: =IF(('Hampshire Daily'!Y10-'Hampshire Daily'!Y9<0),"0",('Hampshire Daily'!Y10-'Hampshire Daily'!Y9)) -> 0.212 | W7: =IF(('Hampshire Daily'!Z10-'Hampshire Daily'!Z9<0),"0",('Hampshire Daily'!Z10-'Hampshire Daily'!Z9)) -> 0.018 | X7: =IF(('Hampshire Daily'!AA10-'Hampshire Daily'!AA9<0),"0",('Hampshire Daily'!AA10-'Hampshire Daily'!AA9)) -> 0 | Y7: =IF(('Hampshire Daily'!AB10-'Hampshire Daily'!AB9<0),"0",('Hampshire Daily'!AB10-'Hampshire Daily'!AB9)) -> 2 | Z7: ='[1]Hampshire Daily'!C10 -> 88 | AA7: ='[1]Hampshire Daily'!B10 -> 35
A8: Hampshire | B8: =B7+1 -> 7 | C8: 1 | D8: 2021 | E8: =IF(('Hampshire Daily'!D11-'Hampshire Daily'!D10<0),"0",('Hampshire Daily'!D11-'Hampshire Daily'!D10)) -> 835 | F8: =IF(('Hampshire Daily'!F11-'Hampshire Daily'!F10<0),"0",('Hampshire Daily'!F11-'Hampshire Daily'!F10)) -> 432 | G8: =IF(('Hampshire Daily'!H11-'Hampshire Daily'!H10<0),"0",('Hampshire Daily'!H11-'Hampshire Daily'!H10)) -> 31 | H8: =IF(('Hampshire Daily'!I11-'Hampshire Daily'!I10<0),"0",('Hampshire Daily'!I11-'Hampshire Daily'!I10)) -> 0 | I8: =IF(('Hampshire Daily'!J11-'Hampshire Daily'!J10<0),"0",('Hampshire Daily'!J11-'Hampshire Daily'!J10)) -> 0 | J8: =IF(('Hampshire Daily'!K11-'Hampshire Daily'!K10<0),"0",('Hampshire Daily'!K11-'Hampshire Daily'!K10)) -> 0 | K8: =IF(('Hampshire Daily'!L11-'Hampshire Daily'!L10<0),"0",('Hampshire Daily'!L11-'Hampshire Daily'!L10)) -> 197 | L8: =IF(('Hampshire Daily'!M11-'Hampshire Daily'!M10<0),"0",('Hampshire Daily'!M11-'Hampshire Daily'!M10)) -> 0 | M8: =IF(('Hampshire Daily'!N11-'Hampshire Daily'!N10<0),"0",('Hampshire Daily'!N11-'Hampshire Daily'!N10)) -> 2113 | N8: =IF(('Hampshire Daily'!O11-'Hampshire Daily'!O10<0),"0",('Hampshire Daily'!O11-'Hampshire Daily'!O10)) -> 24 | ... Q8: =IF(('Hampshire Daily'!R11-'Hampshire Daily'!R10<0),"0",('Hampshire Daily'!R11-'Hampshire Daily'!R10)) -> 0 | R8: =IF(('Hampshire Daily'!U11-'Hampshire Daily'!U10<0),"0",('Hampshire Daily'!U11-'Hampshire Daily'!U10)) -> 1 | S8: =IF(('Hampshire Daily'!V11-'Hampshire Daily'!V10<0),"0",('Hampshire Daily'!V11-'Hampshire Daily'!V10)) -> 0 | T8: =IF(('Hampshire Daily'!W11-'Hampshire Daily'!W10<0),"0",('Hampshire Daily'!W11-'Hampshire Daily'!W10)) -> 0 | U8: =IF(('Hampshire Daily'!X11-'Hampshire Daily'!X10<0),"0",('Hampshire Daily'!X11-'Hampshire Daily'!X10)) -> 0.13 | V8: =IF(('Hampshire Daily'!Y11-'Hampshire Daily'!Y10<0),"0",('Hampshire Daily'!Y11-'Hampshire Daily'!Y10)) -> 0.206 | W8: =IF(('Hampshire Daily'!Z11-'Hampshire Daily'!Z10<0),"0",('Hampshire Daily'!Z11-'Hampshire Daily'!Z10)) -> 0.016 | X8: =IF(('Hampshire Daily'!AA11-'Hampshire Daily'!AA10<0),"0",('Hampshire Daily'!AA11-'Hampshire Daily'!AA10)) -> 0 | Y8: =IF(('Hampshire Daily'!AB11-'Hampshire Daily'!AB10<0),"0",('Hampshire Daily'!AB11-'Hampshire Daily'!AB10)) -> 4 | Z8: ='[1]Hampshire Daily'!C11 -> 75 | AA8: ='[1]Hampshire Daily'!B11 -> 30
A9: Hampshire | B9: =B8+1 -> 8 | C9: 1 | D9: 2021 | E9: =IF(('Hampshire Daily'!D12-'Hampshire Daily'!D11<0),"0",('Hampshire Daily'!D12-'Hampshire Daily'!D11)) -> 859 | F9: =IF(('Hampshire Daily'!F12-'Hampshire Daily'!F11<0),"0",('Hampshire Daily'!F12-'Hampshire Daily'!F11)) -> 362 | G9: =IF(('Hampshire Daily'!H12-'Hampshire Daily'!H11<0),"0",('Hampshire Daily'!H12-'Hampshire Daily'!H11)) -> 0 | H9: =IF(('Hampshire Daily'!I12-'Hampshire Daily'!I11<0),"0",('Hampshire Daily'!I12-'Hampshire Daily'!I11)) -> 0 | I9: =IF(('Hampshire Daily'!J12-'Hampshire Daily'!J11<0),"0",('Hampshire Daily'!J12-'Hampshire Daily'!J11)) -> 0 | J9: =IF(('Hampshire Daily'!K12-'Hampshire Daily'!K11<0),"0",('Hampshire Daily'!K12-'Hampshire Daily'!K11)) -> 0 | K9: =IF(('Hampshire Daily'!L12-'Hampshire Daily'!L11<0),"0",('Hampshire Daily'!L12-'Hampshire Daily'!L11)) -> 197 | L9: =IF(('Hampshire Daily'!M12-'Hampshire Daily'!M11<0),"0",('Hampshire Daily'!M12-'Hampshire Daily'!M11)) -> 0 | M9: =IF(('Hampshire Daily'!N12-'Hampshire Daily'!N11<0),"0",('Hampshire Daily'!N12-'Hampshire Daily'!N11)) -> 2534 | N9: =IF(('Hampshire Daily'!O12-'Hampshire Daily'!O11<0),"0",('Hampshire Daily'!O12-'Hampshire Daily'!O11)) -> 27 | ... Q9: =IF(('Hampshire Daily'!R12-'Hampshire Daily'!R11<0),"0",('Hampshire Daily'!R12-'Hampshire Daily'!R11)) -> 0 | R9: =IF(('Hampshire Daily'!U12-'Hampshire Daily'!U11<0),"0",('Hampshire Daily'!U12-'Hampshire Daily'!U11)) -> 0 | S9: =IF(('Hampshire Daily'!V12-'Hampshire Daily'!V11<0),"0",('Hampshire Daily'!V12-'Hampshire Daily'!V11)) -> 4 | T9: =IF(('Hampshire Daily'!W12-'Hampshire Daily'!W11<0),"0",('Hampshire Daily'!W12-'Hampshire Daily'!W11)) -> 0 | U9: =IF(('Hampshire Daily'!X12-'Hampshire Daily'!X11<0),"0",('Hampshire Daily'!X12-'Hampshire Daily'!X11)) -> 0.173 | V9: =IF(('Hampshire Daily'!Y12-'Hampshire Daily'!Y11<0),"0",('Hampshire Daily'!Y12-'Hampshire Daily'!Y11)) -> 0.208 | W9: =IF(('Hampshire Daily'!Z12-'Hampshire Daily'!Z11<0),"0",('Hampshire Daily'!Z12-'Hampshire Daily'!Z11)) -> 0.039 | X9: =IF(('Hampshire Daily'!AA12-'Hampshire Daily'!AA11<0),"0",('Hampshire Daily'!AA12-'Hampshire Daily'!AA11)) -> 0 | Y9: =IF(('Hampshire Daily'!AB12-'Hampshire Daily'!AB11<0),"0",('Hampshire Daily'!AB12-'Hampshire Daily'!AB11)) -> 5 | Z9: ='[1]Hampshire Daily'!C12 -> 50 | AA9: ='[1]Hampshire Daily'!B12 -> 21
A10: Hampshire | B10: =B9+1 -> 9 | C10: 1 | D10: 2021 | E10: =IF(('Hampshire Daily'!D13-'Hampshire Daily'!D12<0),"0",('Hampshire Daily'!D13-'Hampshire Daily'!D12)) -> 1199 | F10: =IF(('Hampshire Daily'!F13-'Hampshire Daily'!F12<0),"0",('Hampshire Daily'!F13-'Hampshire Daily'!F12)) -> 502 | G10: =IF(('Hampshire Daily'!H13-'Hampshire Daily'!H12<0),"0",('Hampshire Daily'!H13-'Hampshire Daily'!H12)) -> 31 | H10: =IF(('Hampshire Daily'!I13-'Hampshire Daily'!I12<0),"0",('Hampshire Daily'!I13-'Hampshire Daily'!I12)) -> 0 | I10: =IF(('Hampshire Daily'!J13-'Hampshire Daily'!J12<0),"0",('Hampshire Daily'!J13-'Hampshire Daily'!J12)) -> 0 | J10: =IF(('Hampshire Daily'!K13-'Hampshire Daily'!K12<0),"0",('Hampshire Daily'!K13-'Hampshire Daily'!K12)) -> 0 | K10: =IF(('Hampshire Daily'!L13-'Hampshire Daily'!L12<0),"0",('Hampshire Daily'!L13-'Hampshire Daily'!L12)) -> 197 | L10: =IF(('Hampshire Daily'!M13-'Hampshire Daily'!M12<0),"0",('Hampshire Daily'!M13-'Hampshire Daily'!M12)) -> 0 | M10: =IF(('Hampshire Daily'!N13-'Hampshire Daily'!N12<0),"0",('Hampshire Daily'!N13-'Hampshire Daily'!N12)) -> 2993 | N10: =IF(('Hampshire Daily'!O13-'Hampshire Daily'!O12<0),"0",('Hampshire Daily'!O13-'Hampshire Daily'!O12)) -> 24 | ... Q10: =IF(('Hampshire Daily'!R13-'Hampshire Daily'!R12<0),"0",('Hampshire Daily'!R13-'Hampshire Daily'!R12)) -> 0 | R10: =IF(('Hampshire Daily'!U13-'Hampshire Daily'!U12<0),"0",('Hampshire Daily'!U13-'Hampshire Daily'!U12)) -> 0 | S10: =IF(('Hampshire Daily'!V13-'Hampshire Daily'!V12<0),"0",('Hampshire Daily'!V13-'Hampshire Daily'!V12)) -> 0 | T10: =IF(('Hampshire Daily'!W13-'Hampshire Daily'!W12<0),"0",('Hampshire Daily'!W13-'Hampshire Daily'!W12)) -> 0 | U10: =IF(('Hampshire Daily'!X13-'Hampshire Daily'!X12<0),"0",('Hampshire Daily'!X13-'Hampshire Daily'!X12)) -> 0.202 | V10: =IF(('Hampshire Daily'!Y13-'Hampshire Daily'!Y12<0),"0",('Hampshire Daily'!Y13-'Hampshire Daily'!Y12)) -> 0.262 | W10: =IF(('Hampshire Daily'!Z13-'Hampshire Daily'!Z12<0),"0",('Hampshire Daily'!Z13-'Hampshire Daily'!Z12)) -> 0.264 | X10: =IF(('Hampshire Daily'!AA13-'Hampshire Daily'!AA12<0),"0",('Hampshire Daily'!AA13-'Hampshire Daily'!AA12)) -> 0 | Y10: =IF(('Hampshire Daily'!AB13-'Hampshire Daily'!AB12<0),"0",('Hampshire Daily'!AB13-'Hampshire Daily'!AB12)) -> 4 | Z10: ='[1]Hampshire Daily'!C13 -> 49 | AA10: ='[1]Hampshire Daily'!B13 -> 21
A11: Hampshire | B11: =B10+1 -> 10 | C11: 1 | D11: 2021 | E11: =IF(('Hampshire Daily'!D14-'Hampshire Daily'!D13<0),"0",('Hampshire Daily'!D14-'Hampshire Daily'!D13)) -> 696 | F11: =IF(('Hampshire Daily'!F14-'Hampshire Daily'!F13<0),"0",('Hampshire Daily'!F14-'Hampshire Daily'!F13)) -> 236 | G11: =IF(('Hampshire Daily'!H14-'Hampshire Daily'!H13<0),"0",('Hampshire Daily'!H14-'Hampshire Daily'!H13)) -> 30 | H11: =IF(('Hampshire Daily'!I14-'Hampshire Daily'!I13<0),"0",('Hampshire Daily'!I14-'Hampshire Daily'!I13)) -> 0 | I11: =IF(('Hampshire Daily'!J14-'Hampshire Daily'!J13<0),"0",('Hampshire Daily'!J14-'Hampshire Daily'!J13)) -> 0 | J11: =IF(('Hampshire Daily'!K14-'Hampshire Daily'!K13<0),"0",('Hampshire Daily'!K14-'Hampshire Daily'!K13)) -> 0 | K11: =IF(('Hampshire Daily'!L14-'Hampshire Daily'!L13<0),"0",('Hampshire Daily'!L14-'Hampshire Daily'!L13)) -> 197 | L11: =IF(('Hampshire Daily'!M14-'Hampshire Daily'!M13<0),"0",('Hampshire Daily'!M14-'Hampshire Daily'!M13)) -> 23 | M11: =IF(('Hampshire Daily'!N14-'Hampshire Daily'!N13<0),"0",('Hampshire Daily'!N14-'Hampshire Daily'!N13)) -> 1766 | N11: =IF(('Hampshire Daily'!O14-'Hampshire Daily'!O13<0),"0",('Hampshire Daily'!O14-'Hampshire Daily'!O13)) -> 25 | ... Q11: =IF(('Hampshire Daily'!R14-'Hampshire Daily'!R13<0),"0",('Hampshire Daily'!R14-'Hampshire Daily'!R13)) -> 0 | R11: =IF(('Hampshire Daily'!U14-'Hampshire Daily'!U13<0),"0",('Hampshire Daily'!U14-'Hampshire Daily'!U13)) -> 5 | S11: =IF(('Hampshire Daily'!V14-'Hampshire Daily'!V13<0),"0",('Hampshire Daily'!V14-'Hampshire Daily'!V13)) -> 0 | T11: =IF(('Hampshire Daily'!W14-'Hampshire Daily'!W13<0),"0",('Hampshire Daily'!W14-'Hampshire Daily'!W13)) -> 0 | U11: =IF(('Hampshire Daily'!X14-'Hampshire Daily'!X13<0),"0",('Hampshire Daily'!X14-'Hampshire Daily'!X13)) -> 0.151 | V11: =IF(('Hampshire Daily'!Y14-'Hampshire Daily'!Y13<0),"0",('Hampshire Daily'!Y14-'Hampshire Daily'!Y13)) -> 0.163 | W11: =IF(('Hampshire Daily'!Z14-'Hampshire Daily'!Z13<0),"0",('Hampshire Daily'!Z14-'Hampshire Daily'!Z13)) -> 0.643 | X11: =IF(('Hampshire Daily'!AA14-'Hampshire Daily'!AA13<0),"0",('Hampshire Daily'!AA14-'Hampshire Daily'!AA13)) -> 0 | Y11: =IF(('Hampshire Daily'!AB14-'Hampshire Daily'!AB13<0),"0",('Hampshire Daily'!AB14-'Hampshire Daily'!AB13)) -> 2 | Z11: ='[1]Hampshire Daily'!C14 -> 74 | AA11: ='[1]Hampshire Daily'!B14 -> 32
A12: Hampshire | B12: =B11+1 -> 11 | C12: 1 | D12: 2021 | E12: =IF(('Hampshire Daily'!D15-'Hampshire Daily'!D14<0),"0",('Hampshire Daily'!D15-'Hampshire Daily'!D14)) -> 892 | F12: =IF(('Hampshire Daily'!F15-'Hampshire Daily'!F14<0),"0",('Hampshire Daily'!F15-'Hampshire Daily'!F14)) -> 375 | G12: =IF(('Hampshire Daily'!H15-'Hampshire Daily'!H14<0),"0",('Hampshire Daily'!H15-'Hampshire Daily'!H14)) -> 22 | H12: =IF(('Hampshire Daily'!I15-'Hampshire Daily'!I14<0),"0",('Hampshire Daily'!I15-'Hampshire Daily'!I14)) -> 0 | I12: =IF(('Hampshire Daily'!J15-'Hampshire Daily'!J14<0),"0",('Hampshire Daily'!J15-'Hampshire Daily'!J14)) -> 0 | J12: =IF(('Hampshire Daily'!K15-'Hampshire Daily'!K14<0),"0",('Hampshire Daily'!K15-'Hampshire Daily'!K14)) -> 0 | K12: =IF(('Hampshire Daily'!L15-'Hampshire Daily'!L14<0),"0",('Hampshire Daily'!L15-'Hampshire Daily'!L14)) -> 197 | L12: =IF(('Hampshire Daily'!M15-'Hampshire Daily'!M14<0),"0",('Hampshire Daily'!M15-'Hampshire Daily'!M14)) -> 0 | M12: =IF(('Hampshire Daily'!N15-'Hampshire Daily'!N14<0),"0",('Hampshire Daily'!N15-'Hampshire Daily'!N14)) -> 2344 | N12: =IF(('Hampshire Daily'!O15-'Hampshire Daily'!O14<0),"0",('Hampshire Daily'!O15-'Hampshire Daily'!O14)) -> 25 | ... Q12: =IF(('Hampshire Daily'!R15-'Hampshire Daily'!R14<0),"0",('Hampshire Daily'!R15-'Hampshire Daily'!R14)) -> 0 | R12: =IF(('Hampshire Daily'!U15-'Hampshire Daily'!U14<0),"0",('Hampshire Daily'!U15-'Hampshire Daily'!U14)) -> 1 | S12: =IF(('Hampshire Daily'!V15-'Hampshire Daily'!V14<0),"0",('Hampshire Daily'!V15-'Hampshire Daily'!V14)) -> 0 | T12: =IF(('Hampshire Daily'!W15-'Hampshire Daily'!W14<0),"0",('Hampshire Daily'!W15-'Hampshire Daily'!W14)) -> 0 | U12: =IF(('Hampshire Daily'!X15-'Hampshire Daily'!X14<0),"0",('Hampshire Daily'!X15-'Hampshire Daily'!X14)) -> 0.177 | V12: =IF(('Hampshire Daily'!Y15-'Hampshire Daily'!Y14<0),"0",('Hampshire Daily'!Y15-'Hampshire Daily'!Y14)) -> 0.215 | W12: =IF(('Hampshire Daily'!Z15-'Hampshire Daily'!Z14<0),"0",('Hampshire Daily'!Z15-'Hampshire Daily'!Z14)) -> 0.013 | X12: =IF(('Hampshire Daily'!AA15-'Hampshire Daily'!AA14<0),"0",('Hampshire Daily'!AA15-'Hampshire Daily'!AA14)) -> 0 | Y12: =IF(('Hampshire Daily'!AB15-'Hampshire Daily'!AB14<0),"0",('Hampshire Daily'!AB15-'Hampshire Daily'!AB14)) -> 4 | Z12: ='[1]Hampshire Daily'!C15 -> 146 | AA12: ='[1]Hampshire Daily'!B15 -> 59
A13: Hampshire | B13: =B12+1 -> 12 | C13: 1 | D13: 2021 | E13: =IF(('Hampshire Daily'!D16-'Hampshire Daily'!D15<0),"0",('Hampshire Daily'!D16-'Hampshire Daily'!D15)) -> 927 | F13: =IF(('Hampshire Daily'!F16-'Hampshire Daily'!F15<0),"0",('Hampshire Daily'!F16-'Hampshire Daily'!F15)) -> 361 | G13: =IF(('Hampshire Daily'!H16-'Hampshire Daily'!H15<0),"0",('Hampshire Daily'!H16-'Hampshire Daily'!H15)) -> 18 | H13: =IF(('Hampshire Daily'!I16-'Hampshire Daily'!I15<0),"0",('Hampshire Daily'!I16-'Hampshire Daily'!I15)) -> 0 | I13: =IF(('Hampshire Daily'!J16-'Hampshire Daily'!J15<0),"0",('Hampshire Daily'!J16-'Hampshire Daily'!J15)) -> 0 | J13: =IF(('Hampshire Daily'!K16-'Hampshire Daily'!K15<0),"0",('Hampshire Daily'!K16-'Hampshire Daily'!K15)) -> 0 | K13: =IF(('Hampshire Daily'!L16-'Hampshire Daily'!L15<0),"0",('Hampshire Daily'!L16-'Hampshire Daily'!L15)) -> 197 | L13: =IF(('Hampshire Daily'!M16-'Hampshire Daily'!M15<0),"0",('Hampshire Daily'!M16-'Hampshire Daily'!M15)) -> 0 | M13: =IF(('Hampshire Daily'!N16-'Hampshire Daily'!N15<0),"0",('Hampshire Daily'!N16-'Hampshire Daily'!N15)) -> 2586 | N13: =IF(('Hampshire Daily'!O16-'Hampshire Daily'!O15<0),"0",('Hampshire Daily'!O16-'Hampshire Daily'!O15)) -> 23 | ... Q13: =IF(('Hampshire Daily'!R16-'Hampshire Daily'!R15<0),"0",('Hampshire Daily'!R16-'Hampshire Daily'!R15)) -> 0 | R13: =IF(('Hampshire Daily'!U16-'Hampshire Daily'!U15<0),"0",('Hampshire Daily'!U16-'Hampshire Daily'!U15)) -> 2 | S13: =IF(('Hampshire Daily'!V16-'Hampshire Daily'!V15<0),"0",('Hampshire Daily'!V16-'Hampshire Daily'!V15)) -> 0 | T13: =IF(('Hampshire Daily'!W16-'Hampshire Daily'!W15<0),"0",('Hampshire Daily'!W16-'Hampshire Daily'!W15)) -> 0 | U13: =IF(('Hampshire Daily'!X16-'Hampshire Daily'!X15<0),"0",('Hampshire Daily'!X16-'Hampshire Daily'!X15)) -> 0.193 | V13: =IF(('Hampshire Daily'!Y16-'Hampshire Daily'!Y15<0),"0",('Hampshire Daily'!Y16-'Hampshire Daily'!Y15)) -> 0.236 | W13: =IF(('Hampshire Daily'!Z16-'Hampshire Daily'!Z15<0),"0",('Hampshire Daily'!Z16-'Hampshire Daily'!Z15)) -> 0 | X13: =IF(('Hampshire Daily'!AA16-'Hampshire Daily'!AA15<0),"0",('Hampshire Daily'!AA16-'Hampshire Daily'!AA15)) -> 0 | Y13: =IF(('Hampshire Daily'!AB16-'Hampshire Daily'!AB15<0),"0",('Hampshire Daily'!AB16-'Hampshire Daily'!AB15)) -> 3 | Z13: ='[1]Hampshire Daily'!C16 -> 183 | AA13: ='[1]Hampshire Daily'!B16 -> 71
A14: Hampshire | B14: =B13+1 -> 13 | C14: 1 | D14: 2021 | E14: =IF(('Hampshire Daily'!D17-'Hampshire Daily'!D16<0),"0",('Hampshire Daily'!D17-'Hampshire Daily'!D16)) -> 941 | F14: =IF(('Hampshire Daily'!F17-'Hampshire Daily'!F16<0),"0",('Hampshire Daily'!F17-'Hampshire Daily'!F16)) -> 386 | G14: =IF(('Hampshire Daily'!H17-'Hampshire Daily'!H16<0),"0",('Hampshire Daily'!H17-'Hampshire Daily'!H16)) -> 23 | H14: =IF(('Hampshire Daily'!I17-'Hampshire Daily'!I16<0),"0",('Hampshire Daily'!I17-'Hampshire Daily'!I16)) -> 0 | I14: =IF(('Hampshire Daily'!J17-'Hampshire Daily'!J16<0),"0",('Hampshire Daily'!J17-'Hampshire Daily'!J16)) -> 0 | J14: =IF(('Hampshire Daily'!K17-'Hampshire Daily'!K16<0),"0",('Hampshire Daily'!K17-'Hampshire Daily'!K16)) -> 0 | K14: =IF(('Hampshire Daily'!L17-'Hampshire Daily'!L16<0),"0",('Hampshire Daily'!L17-'Hampshire Daily'!L16)) -> 207 | L14: =IF(('Hampshire Daily'!M17-'Hampshire Daily'!M16<0),"0",('Hampshire Daily'!M17-'Hampshire Daily'!M16)) -> 0 | M14: =IF(('Hampshire Daily'!N17-'Hampshire Daily'!N16<0),"0",('Hampshire Daily'!N17-'Hampshire Daily'!N16)) -> 2709 | N14: =IF(('Hampshire Daily'!O17-'Hampshire Daily'!O16<0),"0",('Hampshire Daily'!O17-'Hampshire Daily'!O16)) -> 19 | ... Q14: =IF(('Hampshire Daily'!R17-'Hampshire Daily'!R16<0),"0",('Hampshire Daily'!R17-'Hampshire Daily'!R16)) -> 0 | R14: =IF(('Hampshire Daily'!U17-'Hampshire Daily'!U16<0),"0",('Hampshire Daily'!U17-'Hampshire Daily'!U16)) -> 2 | S14: =IF(('Hampshire Daily'!V17-'Hampshire Daily'!V16<0),"0",('Hampshire Daily'!V17-'Hampshire Daily'!V16)) -> 0 | T14: =IF(('Hampshire Daily'!W17-'Hampshire Daily'!W16<0),"0",('Hampshire Daily'!W17-'Hampshire Daily'!W16)) -> 0 | U14: =IF(('Hampshire Daily'!X17-'Hampshire Daily'!X16<0),"0",('Hampshire Daily'!X17-'Hampshire Daily'!X16)) -> 0.427 | V14: =IF(('Hampshire Daily'!Y17-'Hampshire Daily'!Y16<0),"0",('Hampshire Daily'!Y17-'Hampshire Daily'!Y16)) -> 0.246 | W14: =IF(('Hampshire Daily'!Z17-'Hampshire Daily'!Z16<0),"0",('Hampshire Daily'!Z17-'Hampshire Daily'!Z16)) -> 0 | X14: =IF(('Hampshire Daily'!AA17-'Hampshire Daily'!AA16<0),"0",('Hampshire Daily'!AA17-'Hampshire Daily'!AA16)) -> 0 | Y14: =IF(('Hampshire Daily'!AB17-'Hampshire Daily'!AB16<0),"0",('Hampshire Daily'!AB17-'Hampshire Daily'!AB16)) -> 3 | Z14: ='[1]Hampshire Daily'!C17 -> 141 | AA14: ='[1]Hampshire Daily'!B17 -> 51
... A28: Hampshire | B28: =B27+1 -> 27 | C28: 1 | D28: 2021 | E28: =IF(('Hampshire Daily'!D31-'Hampshire Daily'!D30<0),"0",('Hampshire Daily'!D31-'Hampshire Daily'!D30)) -> 958 | F28: =IF(('Hampshire Daily'!F31-'Hampshire Daily'!F30<0),"0",('Hampshire Daily'!F31-'Hampshire Daily'!F30)) -> 442 | G28: =IF(('Hampshire Daily'!H31-'Hampshire Daily'!H30<0),"0",('Hampshire Daily'!H31-'Hampshire Daily'!H30)) -> 49 | H28: =IF(('Hampshire Daily'!I31-'Hampshire Daily'!I30<0),"0",('Hampshire Daily'!I31-'Hampshire Daily'!I30)) -> 0 | I28: =IF(('Hampshire Daily'!J31-'Hampshire Daily'!J30<0),"0",('Hampshire Daily'!J31-'Hampshire Daily'!J30)) -> 0 | J28: =IF(('Hampshire Daily'!K31-'Hampshire Daily'!K30<0),"0",('Hampshire Daily'!K31-'Hampshire Daily'!K30)) -> 0 | K28: =IF(('Hampshire Daily'!L31-'Hampshire Daily'!L30<0),"0",('Hampshire Daily'!L31-'Hampshire Daily'!L30)) -> 197 | L28: =IF(('Hampshire Daily'!M31-'Hampshire Daily'!M30<0),"0",('Hampshire Daily'!M31-'Hampshire Daily'!M30)) -> 0 | M28: =IF(('Hampshire Daily'!N31-'Hampshire Daily'!N30<0),"0",('Hampshire Daily'!N31-'Hampshire Daily'!N30)) -> 1969 | N28: =IF(('Hampshire Daily'!O31-'Hampshire Daily'!O30<0),"0",('Hampshire Daily'!O31-'Hampshire Daily'!O30)) -> 34 | ... Q28: =IF(('Hampshire Daily'!R31-'Hampshire Daily'!R30<0),"0",('Hampshire Daily'!R31-'Hampshire Daily'!R30)) -> 0 | R28: =IF(('Hampshire Daily'!U31-'Hampshire Daily'!U30<0),"0",('Hampshire Daily'!U31-'Hampshire Daily'!U30)) -> 0 | S28: =IF(('Hampshire Daily'!V31-'Hampshire Daily'!V30<0),"0",('Hampshire Daily'!V31-'Hampshire Daily'!V30)) -> 0 | T28: =IF(('Hampshire Daily'!W31-'Hampshire Daily'!W30<0),"0",('Hampshire Daily'!W31-'Hampshire Daily'!W30)) -> 0 | U28: =IF(('Hampshire Daily'!X31-'Hampshire Daily'!X30<0),"0",('Hampshire Daily'!X31-'Hampshire Daily'!X30)) -> 0.159 | V28: =IF(('Hampshire Daily'!Y31-'Hampshire Daily'!Y30<0),"0",('Hampshire Daily'!Y31-'Hampshire Daily'!Y30)) -> 0.295 | W28: =IF(('Hampshire Daily'!Z31-'Hampshire Daily'!Z30<0),"0",('Hampshire Daily'!Z31-'Hampshire Daily'!Z30)) -> 0 | X28: =IF(('Hampshire Daily'!AA31-'Hampshire Daily'!AA30<0),"0",('Hampshire Daily'!AA31-'Hampshire Daily'!AA30)) -> 0 | Y28: =IF(('Hampshire Daily'!AB31-'Hampshire Daily'!AB30<0),"0",('Hampshire Daily'!AB31-'Hampshire Daily'!AB30)) -> 2 | Z28: ='[1]Hampshire Daily'!C31 -> 1 | AA28: ='[1]Hampshire Daily'!B31 -> 1
A29: Hampshire | B29: =B28+1 -> 28 | C29: 1 | D29: 2021 | E29: =IF(('Hampshire Daily'!D32-'Hampshire Daily'!D31<0),"0",('Hampshire Daily'!D32-'Hampshire Daily'!D31)) -> 958 | F29: =IF(('Hampshire Daily'!F32-'Hampshire Daily'!F31<0),"0",('Hampshire Daily'!F32-'Hampshire Daily'!F31)) -> 442 | G29: =IF(('Hampshire Daily'!H32-'Hampshire Daily'!H31<0),"0",('Hampshire Daily'!H32-'Hampshire Daily'!H31)) -> 49 | H29: =IF(('Hampshire Daily'!I32-'Hampshire Daily'!I31<0),"0",('Hampshire Daily'!I32-'Hampshire Daily'!I31)) -> 0 | I29: =IF(('Hampshire Daily'!J32-'Hampshire Daily'!J31<0),"0",('Hampshire Daily'!J32-'Hampshire Daily'!J31)) -> 0 | J29: =IF(('Hampshire Daily'!K32-'Hampshire Daily'!K31<0),"0",('Hampshire Daily'!K32-'Hampshire Daily'!K31)) -> 0 | K29: =IF(('Hampshire Daily'!L32-'Hampshire Daily'!L31<0),"0",('Hampshire Daily'!L32-'Hampshire Daily'!L31)) -> 197 | L29: =IF(('Hampshire Daily'!M32-'Hampshire Daily'!M31<0),"0",('Hampshire Daily'!M32-'Hampshire Daily'!M31)) -> 0 | M29: =IF(('Hampshire Daily'!N32-'Hampshire Daily'!N31<0),"0",('Hampshire Daily'!N32-'Hampshire Daily'!N31)) -> 1969 | N29: =IF(('Hampshire Daily'!O32-'Hampshire Daily'!O31<0),"0",('Hampshire Daily'!O32-'Hampshire Daily'!O31)) -> 34 | ... Q29: =IF(('Hampshire Daily'!R32-'Hampshire Daily'!R31<0),"0",('Hampshire Daily'!R32-'Hampshire Daily'!R31)) -> 0 | R29: =IF(('Hampshire Daily'!U32-'Hampshire Daily'!U31<0),"0",('Hampshire Daily'!U32-'Hampshire Daily'!U31)) -> 0 | S29: =IF(('Hampshire Daily'!V32-'Hampshire Daily'!V31<0),"0",('Hampshire Daily'!V32-'Hampshire Daily'!V31)) -> 0 | T29: =IF(('Hampshire Daily'!X32-'Hampshire Daily'!W31<0),"0",('Hampshire Daily'!X32-'Hampshire Daily'!W31)) -> 485.891 | U29: =IF(('Hampshire Daily'!Y32-'Hampshire Daily'!X31<0),"0",('Hampshire Daily'!Y32-'Hampshire Daily'!X31)) -> 402.166 | V29: =IF(('Hampshire Daily'!Z32-'Hampshire Daily'!Y31<0),"0",('Hampshire Daily'!Z32-'Hampshire Daily'!Y31)) -> 2997.439 | W29: =IF(('Hampshire Daily'!AA32-'Hampshire Daily'!Z31<0),"0",('Hampshire Daily'!AA32-'Hampshire Daily'!Z31)) -> 0 | X29: =IF(('Hampshire Daily'!AB32-'Hampshire Daily'!AA31<0),"0",('Hampshire Daily'!AB32-'Hampshire Daily'!AA31)) -> 0 | Y29: =IF(('Hampshire Daily'!#REF!-'Hampshire Daily'!AB31<0),"0",('Hampshire Daily'!#REF!-'Hampshire Daily'!AB31)) -> #REF! | Z29: ='[1]Hampshire Daily'!C32 -> 7 | AA29: ='[1]Hampshire Daily'!B32 -> 7

Sheet Hampshire Daily
D1: Electrical | N1: Gas | O1: Main Site Water Meter | S1: Water Softener Meter | U1: Hard Water Supply | V1: Pool Supply | X1: LTHW Spa | Y1: LTHW East | Z1: Chilled make-up | AA1: Orchard irrigation | AB1: Kids pool
B2: Room Night | C2: Guest | D2: Meter 1 | E2: Check 1 | F2: Meter 2 | G2: Check 2 | H2: East MCC | I2: South MCC 1 | J2: South MCC 2 | K2: West MCC | L2: Kitchen sub meter | M2: Spa electric | P2: Chiller | Q2: Chiller | R2: Chiller | W2: CL02 | AC2: Spa CHP Electric generated | AD2: East CHP Electric generated
P3: 2 | Q3: 3 | R3: 4
A4: 44227 | B4: 10 | C4: 10 | D4: 214212 | E4: 214539 | F4: 280076 | G4: 279770 | H4: 218880 | I4: 6931107 | J4: 31845 | K4: 4881159 | L4: 619607 | M4: 2625716 | N4: 754685 | O4: 351864 | P4: 1471374 | Q4: 604172 | R4: 677 | S4: 329383 | T4: 30217 | U4: 50231 | V4: 30427 | X4: 481.264 | Y4: 882.588 | Z4: 3883.981 | AA4: 2153 | AB4: 1019
A5: 44228 | B5: 10 | C5: 10 | D5: 215146 | E5: 215475 | F5: 280448 | G5: 280141 | H5: 218898 | L5: 619759 | M5: 2625728 | N5: 757230 | O5: 351920 | P5: 1471374 | Q5: 604278 | R5: 677 | S5: 329408 | T5: 30250 | U5: 50232 | V5: 30437 | X5: 481.419 | Y5: 882.742 | Z5: 3883.994 | AA5: 2153 | AB5: 1022
A6: 44229 | B6: 10 | C6: 10 | D6: 216248 | E6: 216578 | F6: 280800 | G6: 280493 | H6: 218906 | L6: 619956 | M6: 2625746 | N6: 759665 | O6: 351946 | P6: 1471374 | Q6: 604425 | R6: 677 | S6: 329419 | T6: 30267 | U6: 50233 | V6: 30437 | X6: 481.559 | Y6: 882.916 | Z6: 3883.999 | AA6: 2153 | AB6: 1023
A7: 44230 | B7: 10 | C7: 10 | D7: 217433 | E7: 217764 | F7: 281556 | G7: 281248 | H7: 219028 | L7: 620153 | M7: 2625825 | N7: 761432 | O7: 351968 | P7: 1471374 | Q7: 604620 | R7: 677 | S7: 329422 | T7: 30281 | U7: 50235 | V7: 30437 | X7: 481.67 | Y7: 883.049 | Z7: 3884.02 | AA7: 2153 | AB7: 1027
A8: 44231 | B8: 10 | C8: 10 | D8: 218484 | E8: 218817 | F8: 281945 | G8: 281367 | H8: 219048 | L8: 620376 | M8: 2625850 | N8: 763518 | O8: 351991 | P8: 1471374 | Q8: 604798 | R8: 677 | S8: 329423 | T8: 30294 | U8: 50236 | V8: 30437 | X8: 481.767 | Y8: 883.219 | Z8: 3884.043 | AA8: 2153 | AB8: 1030
A9: 44232 | B9: 10 | C9: 10 | D9: 219393 | E9: 219727 | F9: 282296 | G9: 281987 | H9: 219068 | L9: 620573 | M9: 2625852 | N9: 765487 | O9: 352004 | P9: 1471374 | Q9: 604804 | R9: 677 | S9: 329423 | T9: 30295 | U9: 50238 | V9: 30437 | X9: 481.877 | Y9: 883.384 | Z9: 3884.049 | AA9: 2153 | AB9: 1033
A10: 44233 | B10: 10 | C10: 10 | D10: 220297 | E10: 220633 | F10: 282749 | G10: 282440 | H10: 219106 | L10: 620770 | M10: 2625852 | N10: 767493 | O10: 352026 | P10: 1471374 | Q10: 604804 | R10: 677 | S10: 329434 | T10: 30313 | U10: 50239 | V10: 30437 | X10: 481.987 | Y10: 883.596 | Z10: 3884.067 | AA10: 2153 | AB10: 1035
A11: 44234 | B11: 10 | C11: 10 | D11: 221132 | E11: 221469 | F11: 283181 | G11: 282872 | H11: 219137 | L11: 620967 | M11: 2625852 | N11: 769606 | O11: 352050 | P11: 1471374 | Q11: 604804 | R11: 677 | S11: 329434 | T11: 30319 | U11: 50240 | V11: 30437 | X11: 482.117 | Y11: 883.802 | Z11: 3884.083 | AA11: 2153 | AB11: 1039
A12: 44235 | B12: 10 | C12: 10 | D12: 221991 | E12: 222329 | F12: 283543 | G12: 283234 | H12: 219135 | L12: 621164 | M12: 2625852 | N12: 772140 | O12: 352077 | P12: 1471374 | Q12: 604804 | R12: 677 | S12: 329434 | T12: 30327 | U12: 50240 | V12: 30441 | X12: 482.29 | Y12: 884.01 | Z12: 3884.122 | AA12: 2153 | AB12: 1044
A13: 44236 | B13: 10 | C13: 10 | D13: 223190 | E13: 223530 | F13: 284045 | G13: 283735 | H13: 219166 | L13: 621361 | M13: 2625852 | N13: 775133 | O13: 352101 | P13: 1471374 | Q13: 604804 | R13: 677 | S13: 329435 | T13: 30341 | U13: 50240 | V13: 30441 | X13: 482.492 | Y13: 884.272 | Z13: 3884.386 | AA13: 2153 | AB13: 1048
A14: 44237 | B14: 10 | C14: 10 | D14: 223886 | E14: 224227 | F14: 284281 | G14: 283970 | H14: 219196 | L14: 621558 | M14: 2625875 | N14: 776899 | O14: 352126 | P14: 1471374 | Q14: 604804 | R14: 677 | S14: 329438 | T14: 30350 | U14: 50245 | V14: 30441 | X14: 482.643 | Y14: 884.435 | Z14: 3885.029 | AA14: 2153 | AB14: 1050
A15: 44238 | B15: 10 | C15: 10 | D15: 224778 | E15: 225121 | F15: 284656 | G15: 284354 | H15: 219218 | L15: 621755 | M15: 2625875 | N15: 779243 | O15: 352151 | P15: 1471374 | Q15: 604804 | R15: 677 | S15: 329440 | T15: 30363 | U15: 50246 | V15: 30441 | X15: 482.82 | Y15: 884.65 | Z15: 3885.042 | AA15: 2153 | AB15: 1054
A16: 44239 | B16: 10 | C16: 10 | D16: 225705 | E16: 226049 | F16: 285017 | G16: 284705 | H16: 219236 | L16: 621952 | M16: 2625875 | N16: 781829 | O16: 352174 | P16: 1471374 | Q16: 604804 | R16: 677 | S16: 329446 | T16: 30381 | U16: 50248 | V16: 30441 | X16: 483.013 | Y16: 884.886 | Z16: 3885.042 | AA16: 2153 | AB16: 1057
... A25: 44248 | B25: 10 | C25: 10 | D25: 236552 | E25: 236914 | F25: 288728 | G25: 288414 | H25: 219529 | L25: 623752 | M25: 2626384 | N25: 801322 | O25: 352376 | P25: 1471374 | Q25: 604804 | R25: 677 | S25: 329463 | T25: 30469 | U25: 50261 | V25: 30441 | X25: 484.749 | Y25: 886.429 | Z25: 3885.042 | AA25: 2153 | AB25: 1083
A26: 44249 | B26: 10 | C26: 10 | D26: 237520 | E26: 237884 | F26: 289673 | G26: 289358 | H26: 219705 | I26: 6961487 | J26: 31845 | K26: 4897276 | L26: 623952 | M26: 2626384 | N26: 803256 | O26: 352395 | P26: 1471374 | Q26: 604804 | R26: 677 | S26: 329463 | T26: 30475 | U26: 50262 | V26: 30447 | X26: 484.918 | Y26: 886.619 | Z26: 3885.042 | AA26: 2153 | AB26: 1090
A27: 44250 | B27: 10 | C27: 10 | D27: 238598 | E27: 238963 | F27: 290047 | G27: 289732 | H27: 219724 | I27: 6962837 | J27: 31845 | K27: 4898046 | L27: 624103 | M27: 2626395 | N27: 805329 | O27: 352423 | P27: 1471374 | Q27: 604804 | R27: 677 | S27: 329465 | T27: 30486 | U27: 50264 | V27: 30447 | X27: 485.095 | Y27: 886.798 | Z27: 3885.042 | AA27: 2153 | AB27: 1093
A28: 44251 | B28: 10 | C28: 10 | D28: 240937 | E28: 241305 | F28: 291723 | G28: 291406 | H28: 220119 | L28: 624253 | M28: 2626737 | N28: 806482 | O28: 352443 | P28: 1471374 | Q28: 604804 | R28: 677 | S28: 329470 | T28: 30497 | U28: 50265 | V28: 30447 | X28: 485.232 | Y28: 886.977 | Z28: 3885.042 | AA28: 2153 | AB28: 1096
A29: 44252 | B29: 10 | C29: 10 | D29: 241913 | E29: 242283 | F29: 292064 | G29: 291747 | H29: 220135 | L29: 624447 | M29: 2626737 | N29: 808279 | O29: 352483 | P29: 1471374 | Q29: 604804 | R29: 677 | S29: 329481 | T29: 30526 | U29: 50268 | V29: 30447 | X29: 485.392 | Y29: 887.091 | Z29: 3885.042 | AA29: 2153 | AB29: 1099
A30: 44253 | B30: 10 | C30: 10 | D30: 242891 | E30: 243262 | F30: 292404 | G30: 292087 | H30: 220145 | L30: 624644 | M30: 2626737 | N30: 810339 | O30: 352522 | P30: 1471374 | Q30: 604804 | R30: 677 | S30: 329489 | T30: 30541 | U30: 50270 | V30: 30447 | X30: 485.573 | Y30: 887.308 | Z30: 3885.042 | AA30: 2153 | AB30: 1103
A31: 44254 | B31: 10 | C31: 10 | D31: 243849 | E31: 244222 | F31: 292846 | G31: 292528 | H31: 220194 | L31: 624841 | M31: 2626737 | N31: 812308 | O31: 352556 | P31: 1471374 | Q31: 604804 | R31: 677 | S31: 329499 | T31: 30567 | U31: 30273 | V31: 30447 | X31: 485.732 | Y31: 887.603 | Z31: 3885.042 | AA31: 2153 | AB31: 1105
A32: 44255 | B32: 10 | C32: 10 | D32: 244807 | E32: 245182 | F32: 293288 | G32: 292969 | H32: 220243 | L32: 625038 | M32: 2626737 | N32: 814277 | O32: 352590 | P32: 1471374 | Q32: 604804 | R32: 677 | S32: 329509 | T32: 30593 | U32: 10276 | V32: 30447 | X32: 485.891 | Y32: 887.898 | Z32: 3885.042 | AA32: 2153 | AB32: 1107
