Workbook

Sheet Total Daily 
A1: Site Name | B1: Day | C1: Month | D1: Year | E1: Total Electricity Kwh | F1: Electricity Tariff ($/Kwh) | G1: LPG (Kg) | H1: LPG $/Kg | I1: District Energy Cooling Kwh | J1: District Energy Cooling $/Kwh | K1: Water Utility Supply (m3) m3 | L1: Water Utility Supply (m3) m3 | M1: Water Utility Supply (m3) $/m3 | N1: Room Nights
A2: Dubai DIFC | B2: 1 | C2: 2 | D2: 2021 | E2: ='3 - 2020'!B8-'3 - 2020'!B7+'3 - 2020'!C8-'3 - 2020'!C7 -> 8985 | F2: 0.118 | G2: =(('3 - 2020'!E8-'3 - 2020'!E7)+('3 - 2020'!F8-'3 - 2020'!F7)+('3 - 2020'!G8-'3 - 2020'!G7))*1.81 -> 70.0289 | H2: 0.99 | I2: ='3 - 2020'!J8-'3 - 2020'!J7 -> 11401 | J2: 0.081 | K2: ='3 - 2020'!H8-'3 - 2020'!H7 -> 0 | L2: ='3 - 2020'!I8-'3 - 2020'!I7 -> 79 | M2: 4.3936294 | N2: 49
A3: Dubai DIFC | B3: =B2+1 -> 2 | C3: 2 | D3: 2021 | E3: ='3 - 2020'!B9-'3 - 2020'!B8+'3 - 2020'!C9-'3 - 2020'!C8 -> 8425 | F3: 0.118 | G3: =(('3 - 2020'!E9-'3 - 2020'!E8)+('3 - 2020'!F9-'3 - 2020'!F8)+('3 - 2020'!G9-'3 - 2020'!G8))*1.81 -> 70.2642 | H3: 0.99 | I3: ='3 - 2020'!J9-'3 - 2020'!J8 -> 11670 | J3: 0.081 | K3: ='3 - 2020'!H9-'3 - 2020'!H8 -> 0 | L3: ='3 - 2020'!I9-'3 - 2020'!I8 -> 87 | M3: 4.3936294 | N3: 49
A4: Dubai DIFC | B4: =B3+1 -> 3 | C4: 1 | D4: 2021 | E4: 0 | F4: 0.118 | G4: 0 | H4: 0.99 | I4: 0 | J4: 0.081 | K4: 0 | L4: 0 | M4: 4.3936294
A5: Dubai DIFC | B5: =B4+1 -> 4 | C5: 1 | D5: 2021 | E5: ='3 - 2020'!B11-'3 - 2020'!B10+'3 - 2020'!C11-'3 - 2020'!C10 -> 0 | F5: 0.118 | G5: =(('3 - 2020'!E11-'3 - 2020'!E10)+('3 - 2020'!F11-'3 - 2020'!F10)+('3 - 2020'!G11-'3 - 2020'!G10))*1.81 -> 0 | H5: 0.99 | I5: ='3 - 2020'!J11-'3 - 2020'!J10 -> 0 | J5: 0.081 | K5: ='3 - 2020'!H11-'3 - 2020'!H10 -> 0 | L5: ='3 - 2020'!I11-'3 - 2020'!I10 -> 0 | M5: 4.3936294
A6: Dubai DIFC | B6: =B5+1 -> 5 | C6: 1 | D6: 2021 | E6: ='3 - 2020'!B12-'3 - 2020'!B11+'3 - 2020'!C12-'3 - 2020'!C11 -> 0 | F6: 0.118 | G6: =(('3 - 2020'!E12-'3 - 2020'!E11)+('3 - 2020'!F12-'3 - 2020'!F11)+('3 - 2020'!G12-'3 - 2020'!G11))*1.81 -> 0 | H6: 0.99 | I6: ='3 - 2020'!J12-'3 - 2020'!J11 -> 0 | J6: 0.081 | K6: ='3 - 2020'!H12-'3 - 2020'!H11 -> 0 | L6: ='3 - 2020'!I12-'3 - 2020'!I11 -> 0 | M6: 4.3936294
A7: Dubai DIFC | B7: =B6+1 -> 6 | C7: 1 | D7: 2021 | E7: ='3 - 2020'!B13-'3 - 2020'!B12+'3 - 2020'!C13-'3 - 2020'!C12 -> 0 | F7: 0.118 | G7: =(('3 - 2020'!E13-'3 - 2020'!E12)+('3 - 2020'!F13-'3 - 2020'!F12)+('3 - 2020'!G13-'3 - 2020'!G12))*1.81 -> 0 | H7: 0.99 | I7: ='3 - 2020'!J13-'3 - 2020'!J12 -> 0 | J7: 0.081 | K7: ='3 - 2020'!H13-'3 - 2020'!H12 -> 0 | L7: ='3 - 2020'!I13-'3 - 2020'!I12 -> 0 | M7: 4.3936294
A8: Dubai DIFC | B8: =B7+1 -> 7 | C8: 1 | D8: 2021 | E8: ='3 - 2020'!B14-'3 - 2020'!B13+'3 - 2020'!C14-'3 - 2020'!C13 -> 0 | F8: 0.118 | G8: =(('3 - 2020'!E14-'3 - 2020'!E13)+('3 - 2020'!F14-'3 - 2020'!F13)+('3 - 2020'!G14-'3 - 2020'!G13))*1.81 -> 0 | H8: 0.99 | I8: ='3 - 2020'!J14-'3 - 2020'!J13 -> 0 | J8: 0.081 | K8: ='3 - 2020'!H14-'3 - 2020'!H13 -> 0 | L8: ='3 - 2020'!I14-'3 - 2020'!I13 -> 0 | M8: 4.3936294
A9: Dubai DIFC | B9: =B8+1 -> 8 | C9: 1 | D9: 2021 | E9: ='3 - 2020'!B15-'3 - 2020'!B14+'3 - 2020'!C15-'3 - 2020'!C14 -> 0 | F9: 0.118 | G9: =(('3 - 2020'!E15-'3 - 2020'!E14)+('3 - 2020'!F15-'3 - 2020'!F14)+('3 - 2020'!G15-'3 - 2020'!G14))*1.81 -> 0 | H9: 0.99 | I9: ='3 - 2020'!J15-'3 - 2020'!J14 -> 0 | J9: 0.081 | K9: ='3 - 2020'!H15-'3 - 2020'!H14 -> 0 | L9: ='3 - 2020'!I15-'3 - 2020'!I14 -> 0 | M9: 4.3936294
A10: Dubai DIFC | B10: =B9+1 -> 9 | C10: 1 | D10: 2021 | E10: ='3 - 2020'!B16-'3 - 2020'!B15+'3 - 2020'!C16-'3 - 2020'!C15 -> 0 | F10: 0.118 | G10: =(('3 - 2020'!E16-'3 - 2020'!E15)+('3 - 2020'!F16-'3 - 2020'!F15)+('3 - 2020'!G16-'3 - 2020'!G15))*1.81 -> 0 | H10: 0.99 | I10: ='3 - 2020'!J16-'3 - 2020'!J15 -> 0 | J10: 0.081 | K10: ='3 - 2020'!H16-'3 - 2020'!H15 -> 0 | L10: ='3 - 2020'!I16-'3 - 2020'!I15 -> 0 | M10: 4.3936294
A11: Dubai DIFC | B11: =B10+1 -> 10 | C11: 1 | D11: 2021 | E11: ='3 - 2020'!B17-'3 - 2020'!B16+'3 - 2020'!C17-'3 - 2020'!C16 -> 0 | F11: 0.118 | G11: =(('3 - 2020'!E17-'3 - 2020'!E16)+('3 - 2020'!F17-'3 - 2020'!F16)+('3 - 2020'!G17-'3 - 2020'!G16))*1.81 -> 0 | H11: 0.99 | I11: ='3 - 2020'!J17-'3 - 2020'!J16 -> 0 | J11: 0.081 | K11: ='3 - 2020'!H17-'3 - 2020'!H16 -> 0 | L11: ='3 - 2020'!I17-'3 - 2020'!I16 -> 0 | M11: 4.3936294
A12: Dubai DIFC | B12: =B11+1 -> 11 | C12: 1 | D12: 2021 | E12: ='3 - 2020'!B18-'3 - 2020'!B17+'3 - 2020'!C18-'3 - 2020'!C17 -> 0 | F12: 0.118 | G12: =(('3 - 2020'!E18-'3 - 2020'!E17)+('3 - 2020'!F18-'3 - 2020'!F17)+('3 - 2020'!G18-'3 - 2020'!G17))*1.81 -> 0 | H12: 0.99 | I12: ='3 - 2020'!J18-'3 - 2020'!J17 -> 0 | J12: 0.081 | K12: ='3 - 2020'!H18-'3 - 2020'!H17 -> 0 | L12: ='3 - 2020'!I18-'3 - 2020'!I17 -> 0 | M12: 4.3936294
A13: Dubai DIFC | B13: =B12+1 -> 12 | C13: 1 | D13: 2021 | E13: ='3 - 2020'!B19-'3 - 2020'!B18+'3 - 2020'!C19-'3 - 2020'!C18 -> 0 | F13: 0.118 | G13: =(('3 - 2020'!E19-'3 - 2020'!E18)+('3 - 2020'!F19-'3 - 2020'!F18)+('3 - 2020'!G19-'3 - 2020'!G18))*1.81 -> 0 | H13: 0.99 | I13: ='3 - 2020'!J19-'3 - 2020'!J18 -> 0 | J13: 0.081 | K13: ='3 - 2020'!H19-'3 - 2020'!H18 -> 0 | L13: ='3 - 2020'!I19-'3 - 2020'!I18 -> 0 | M13: 4.3936294
A14: Dubai DIFC | B14: =B13+1 -> 13 | C14: 1 | D14: 2021 | E14: ='3 - 2020'!B20-'3 - 2020'!B19+'3 - 2020'!C20-'3 - 2020'!C19 -> 0 | F14: 0.118 | G14: =(('3 - 2020'!E20-'3 - 2020'!E19)+('3 - 2020'!F20-'3 - 2020'!F19)+('3 - 2020'!G20-'3 - 2020'!G19))*1.81 -> 0 | H14: 0.99 | I14: ='3 - 2020'!J20-'3 - 2020'!J19 -> 0 | J14: 0.081 | K14: ='3 - 2020'!H20-'3 - 2020'!H19 -> 0 | L14: ='3 - 2020'!I20-'3 - 2020'!I19 -> 0 | M14: 4.3936294
A15: Dubai DIFC | B15: =B14+1 -> 14 | C15: 1 | D15: 2021 | E15: ='3 - 2020'!B21-'3 - 2020'!B20+'3 - 2020'!C21-'3 - 2020'!C20 -> 0 | F15: 0.118 | G15: =(('3 - 2020'!E21-'3 - 2020'!E20)+('3 - 2020'!F21-'3 - 2020'!F20)+('3 - 2020'!G21-'3 - 2020'!G20))*1.81 -> 0 | H15: 0.99 | I15: ='3 - 2020'!J21-'3 - 2020'!J20 -> 0 | J15: 0.081 | K15: ='3 - 2020'!H21-'3 - 2020'!H20 -> 0 | L15: ='3 - 2020'!I21-'3 - 2020'!I20 -> 0 | M15: 4.3936294
A16: Dubai DIFC | B16: =B15+1 -> 15 | C16: 1 | D16: 2021 | E16: ='3 - 2020'!B22-'3 - 2020'!B21+'3 - 2020'!C22-'3 - 2020'!C21 -> 0 | F16: 0.118 | G16: =(('3 - 2020'!E22-'3 - 2020'!E21)+('3 - 2020'!F22-'3 - 2020'!F21)+('3 - 2020'!G22-'3 - 2020'!G21))*1.81 -> 0 | H16: 0.99 | I16: ='3 - 2020'!J22-'3 - 2020'!J21 -> 0 | J16: 0.081 | K16: ='3 - 2020'!H22-'3 - 2020'!H21 -> 0 | L16: ='3 - 2020'!I22-'3 - 2020'!I21 -> 0 | M16: 4.3936294
... A29: Dubai DIFC | B29: =B28+1 -> 28 | C29: 1 | D29: 2021 | E29: ='3 - 2020'!B35-'3 - 2020'!B34+'3 - 2020'!C35-'3 - 2020'!C34 -> 0 | F29: 0.118 | G29: =(('3 - 2020'!E35-'3 - 2020'!E34)+('3 - 2020'!F35-'3 - 2020'!F34)+('3 - 2020'!G35-'3 - 2020'!G34))*1.81 -> 0 | H29: 0.99 | I29: ='3 - 2020'!J35-'3 - 2020'!J34 -> 0 | J29: 0.081 | K29: ='3 - 2020'!H35-'3 - 2020'!H34 -> 0 | L29: ='3 - 2020'!I35-'3 - 2020'!I34 -> 0 | M29: 4.3936294

Sheet Submetering Daily 
A1: Site Name | B1: Day | C1: Month | D1: Year | E1: Panel LV1 Kwh | F1: Panel LV2 Kwh | G1: Electricity Tariff ($/Kwh) | H1: Main Kitchen LPG (Kg) | I1: Podium Kitchen LPG (Kg) | J1: Boiler LPG (Kg) | K1: LPG $/Kg | L1: Room Nights
A2: Dubai DIFC | B2: 1 | C2: 3 | D2: 2021 | E2: ='3 - 2020'!B8-'3 - 2020'!B7 -> 3632 | F2: ='3 - 2020'!C8-'3 - 2020'!C7 -> 5353 | G2: 0.118 | H2: ='3 - 2020'!E8-'3 - 2020'!E7 -> 3.69 | I2: ='3 - 2020'!F8-'3 - 2020'!F7 -> 5 | J2: ='3 - 2020'!G8-'3 - 2020'!G7 -> 30 | K2: 0.74 | L2: 49
A3: Dubai DIFC | B3: =B2+1 -> 2 | C3: 3 | D3: 2021 | E3: ='3 - 2020'!B9-'3 - 2020'!B8 -> 3325 | F3: ='3 - 2020'!C9-'3 - 2020'!C8 -> 5100 | G3: 0.118 | H3: ='3 - 2020'!E9-'3 - 2020'!E8 -> 0.82 | I3: ='3 - 2020'!F9-'3 - 2020'!F8 -> 5 | J3: ='3 - 2020'!G9-'3 - 2020'!G8 -> 33 | K3: 0.74 | L3: 49
A4: Dubai DIFC | B4: =B3+1 -> 3 | C4: 3 | D4: 2021 | E4: 0 | F4: 0 | G4: 0.118 | H4: 0 | I4: 0 | J4: 0 | K4: 0.74
A5: Dubai DIFC | B5: =B4+1 -> 4 | C5: 3 | D5: 2021 | E5: ='3 - 2020'!B11-'3 - 2020'!B10 -> 0 | F5: ='3 - 2020'!C11-'3 - 2020'!C10 -> 0 | G5: 0.118 | H5: ='3 - 2020'!E11-'3 - 2020'!E10 -> 0 | I5: ='3 - 2020'!F11-'3 - 2020'!F10 -> 0 | J5: ='3 - 2020'!G11-'3 - 2020'!G10 -> 0 | K5: 0.74
A6: Dubai DIFC | B6: =B5+1 -> 5 | C6: 3 | D6: 2021 | E6: ='3 - 2020'!B12-'3 - 2020'!B11 -> 0 | F6: ='3 - 2020'!C12-'3 - 2020'!C11 -> 0 | G6: 0.118 | H6: ='3 - 2020'!E12-'3 - 2020'!E11 -> 0 | I6: ='3 - 2020'!F12-'3 - 2020'!F11 -> 0 | J6: ='3 - 2020'!G12-'3 - 2020'!G11 -> 0 | K6: 0.74
A7: Dubai DIFC | B7: =B6+1 -> 6 | C7: 3 | D7: 2021 | E7: ='3 - 2020'!B13-'3 - 2020'!B12 -> 0 | F7: ='3 - 2020'!C13-'3 - 2020'!C12 -> 0 | G7: 0.118 | H7: ='3 - 2020'!E13-'3 - 2020'!E12 -> 0 | I7: ='3 - 2020'!F13-'3 - 2020'!F12 -> 0 | J7: ='3 - 2020'!G13-'3 - 2020'!G12 -> 0 | K7: 0.74
A8: Dubai DIFC | B8: =B7+1 -> 7 | C8: 3 | D8: 2021 | E8: ='3 - 2020'!B14-'3 - 2020'!B13 -> 0 | F8: ='3 - 2020'!C14-'3 - 2020'!C13 -> 0 | G8: 0.118 | H8: ='3 - 2020'!E14-'3 - 2020'!E13 -> 0 | I8: ='3 - 2020'!F14-'3 - 2020'!F13 -> 0 | J8: ='3 - 2020'!G14-'3 - 2020'!G13 -> 0 | K8: 0.74
A9: Dubai DIFC | B9: =B8+1 -> 8 | C9: 3 | D9: 2021 | E9: ='3 - 2020'!B15-'3 - 2020'!B14 -> 0 | F9: ='3 - 2020'!C15-'3 - 2020'!C14 -> 0 | G9: 0.118 | H9: ='3 - 2020'!E15-'3 - 2020'!E14 -> 0 | I9: ='3 - 2020'!F15-'3 - 2020'!F14 -> 0 | J9: ='3 - 2020'!G15-'3 - 2020'!G14 -> 0 | K9: 0.74
A10: Dubai DIFC | B10: =B9+1 -> 9 | C10: 3 | D10: 2021 | E10: ='3 - 2020'!B16-'3 - 2020'!B15 -> 0 | F10: ='3 - 2020'!C16-'3 - 2020'!C15 -> 0 | G10: 0.118 | H10: ='3 - 2020'!E16-'3 - 2020'!E15 -> 0 | I10: ='3 - 2020'!F16-'3 - 2020'!F15 -> 0 | J10: ='3 - 2020'!G16-'3 - 2020'!G15 -> 0 | K10: 0.74
A11: Dubai DIFC | B11: =B10+1 -> 10 | C11: 3 | D11: 2021 | E11: ='3 - 2020'!B17-'3 - 2020'!B16 -> 0 | F11: ='3 - 2020'!C17-'3 - 2020'!C16 -> 0 | G11: 0.118 | H11: ='3 - 2020'!E17-'3 - 2020'!E16 -> 0 | I11: ='3 - 2020'!F17-'3 - 2020'!F16 -> 0 | J11: ='3 - 2020'!G17-'3 - 2020'!G16 -> 0 | K11: 0.74
A12: Dubai DIFC | B12: =B11+1 -> 11 | C12: 3 | D12: 2021 | E12: ='3 - 2020'!B18-'3 - 2020'!B17 -> 0 | F12: ='3 - 2020'!C18-'3 - 2020'!C17 -> 0 | G12: 0.118 | H12: ='3 - 2020'!E18-'3 - 2020'!E17 -> 0 | I12: ='3 - 2020'!F18-'3 - 2020'!F17 -> 0 | J12: ='3 - 2020'!G18-'3 - 2020'!G17 -> 0 | K12: 0.74
A13: Dubai DIFC | B13: =B12+1 -> 12 | C13: 3 | D13: 2021 | E13: ='3 - 2020'!B19-'3 - 2020'!B18 -> 0 | F13: ='3 - 2020'!C19-'3 - 2020'!C18 -> 0 | G13: 0.118 | H13: ='3 - 2020'!E19-'3 - 2020'!E18 -> 0 | I13: ='3 - 2020'!F19-'3 - 2020'!F18 -> 0 | J13: ='3 - 2020'!G19-'3 - 2020'!G18 -> 0 | K13: 0.74
A14: Dubai DIFC | B14: =B13+1 -> 13 | C14: 3 | D14: 2021 | E14: ='3 - 2020'!B20-'3 - 2020'!B19 -> 0 | F14: ='3 - 2020'!C20-'3 - 2020'!C19 -> 0 | G14: 0.118 | H14: ='3 - 2020'!E20-'3 - 2020'!E19 -> 0 | I14: ='3 - 2020'!F20-'3 - 2020'!F19 -> 0 | J14: ='3 - 2020'!G20-'3 - 2020'!G19 -> 0 | K14: 0.74
A15: Dubai DIFC | B15: =B14+1 -> 14 | C15: 3 | D15: 2021 | E15: ='3 - 2020'!B21-'3 - 2020'!B20 -> 0 | F15: ='3 - 2020'!C21-'3 - 2020'!C20 -> 0 | G15: 0.118 | H15: ='3 - 2020'!E21-'3 - 2020'!E20 -> 0 | I15: ='3 - 2020'!F21-'3 - 2020'!F20 -> 0 | J15: ='3 - 2020'!G21-'3 - 2020'!G20 -> 0 | K15: 0.74
A16: Dubai DIFC | B16: =B15+1 -> 15 | C16: 3 | D16: 2021 | E16: ='3 - 2020'!B22-'3 - 2020'!B21 -> 0 | F16: ='3 - 2020'!C22-'3 - 2020'!C21 -> 0 | G16: 0.118 | H16: ='3 - 2020'!E22-'3 - 2020'!E21 -> 0 | I16: ='3 - 2020'!F22-'3 - 2020'!F21 -> 0 | J16: ='3 - 2020'!G22-'3 - 2020'!G21 -> 0 | K16: 0.74
... A32: Dubai DIFC | B32: =B31+1 -> 31 | C32: 3 | D32: 2021 | E32: ='3 - 2020'!B38-'3 - 2020'!B37 -> 0 | F32: ='3 - 2020'!C38-'3 - 2020'!C37 -> 0 | G32: 0.118 | H32: ='3 - 2020'!E38-'3 - 2020'!E37 -> 0 | I32: ='3 - 2020'!F38-'3 - 2020'!F37 -> 0 | J32: ='3 - 2020'!G38-'3 - 2020'!G37 -> 0 | K32: 0.74

Sheet 3 - 2020
A3: FOUR SEASONS HOTEL - DIFC
A4: HLP READING MONTH OF MARCH' 2021
B5: Electricity | D5: LPG (cu.m) | H5: Water (cu.m) | J5: BTU
A6: Date | B6: LV-01, 2025952759 | C6: LV-2, 2030235407 | D6: Main Meter % | E6: Main Kitchen | F6: Podium Kitchen | G6: Boiler | H6: B-3 Water Meter (DIFC) | I6: MainWater Meter (DEWA) | J6: Chilled Water (KWH) | K6: Gas Received (Litres) | L6: Remark
A7: 44255 | B7: 407560 | C7: 287607 | D7: 0.42 | E7: 13575 | F7: 3128 | G7: 26534 | H7: 14528 | I7: 111523 | J7: 44506620
A8: =A7+1 -> 44256 | B8: 411192 | C8: 292960 | D8: 0.35 | E8: 13578.69 | F8: 3133 | G8: 26564 | H8: 14528 | I8: 111602 | J8: 44518021
A9: =A8+1 -> 44257 | B9: 414517 | C9: 298060 | D9: 0.28 | E9: 13579.51 | F9: 3138 | G9: 26597 | H9: 14528 | I9: 111689 | J9: 44529691
A10: =A9+1 -> 44258
A11: =A10+1 -> 44259
A12: =A11+1 -> 44260
A13: =A12+1 -> 44261
A14: =A13+1 -> 44262
A15: =A14+1 -> 44263
A16: =A15+1 -> 44264
A17: =A16+1 -> 44265
A18: =A17+1 -> 44266
A19: =A18+1 -> 44267
A20: =A19+1 -> 44268
A21: =A20+1 -> 44269
... A38: =A37+1 -> 44286
A39: Readings | B39: =B35-B7 -> -407560 | C39: =C35-C7 -> -287607 | D39: =D35-D7 -> -0.42 | E39: =E35-E7 -> -13575 | F39: =F35-F7 -> -3128 | G39: =G35-G7 -> -26534 | H39: =H35-H7 -> -14528 | I39: =I35-I7 -> -111523 | J39: =J35-J7 -> -44506620 | K39: =SUM(K7:K35) -> 0
H40: =H39*219.969 -> -3195709.6 | I40: =I39*219.969 -> -24531603
