Workbook

Sheet TOTAL
A1: Site Name | B1: Day | C1: Month | D1: Year | E1: Total Electricity Kwh | F1: Electricity Tariff ($/Kwh) | G1: LPG (Kg) | H1: LPG $/Kg | I1: Water Utility Supply (m3) m3 | J1: Water Utility Supply (m3) $/m3 | K1: Irrigation Water (m3) m3 | L1: Irrigation water $/m3 | M1: Room Nights
A2: Seychelles | B2: 1 | C2: 2 | D2: 2021 | E2: ='Submetering '!O2+'Submetering '!P2+'Submetering '!Q2+'Submetering '!R2+'Submetering '!S2 -> 34479 | F2: =('FS Seychelles'!Q3*'FS Seychelles'!R3)/TOTAL!E2 -> 0.24270425 | G2: ='Submetering '!AB2 -> 173.14286 | H2: 18.9 | I2: ='FS Seychelles'!S3+'FS Seychelles'!U3+'FS Seychelles'!V3+'FS Seychelles'!W3 -> 399 | J2: 0 | K2: ='Submetering '!Z2 -> 29 | L2: 0 | M2: ='FS Seychelles'!B3 -> 29.03
A3: Seychelles | B3: =B2+1 -> 2 | C3: 2 | D3: 2021 | E3: ='Submetering '!O3+'Submetering '!P3+'Submetering '!Q3+'Submetering '!R3+'Submetering '!S3 -> 15235 | F3: =('FS Seychelles'!Q4*'FS Seychelles'!R4)/TOTAL!E3 -> 0.24191008 | G3: ='Submetering '!AB3 -> 173.14286 | H3: =H2 -> 18.9 | I3: ='FS Seychelles'!S4+'FS Seychelles'!U4+'FS Seychelles'!V4+'FS Seychelles'!W4 -> 442 | J3: =J2 -> 0 | K3: ='Submetering '!Z3 -> 90 | L3: =L2 -> 0 | M3: ='FS Seychelles'!B4 -> 33.33
A4: Seychelles | B4: =B3+1 -> 3 | C4: 2 | D4: 2021 | E4: ='Submetering '!O4+'Submetering '!P4+'Submetering '!Q4+'Submetering '!R4+'Submetering '!S4 -> 24606 | F4: =('FS Seychelles'!Q5*'FS Seychelles'!R5)/TOTAL!E4 -> 0.25029261 | G4: ='Submetering '!AB4 -> 173.14286 | H4: =H3 -> 18.9 | I4: ='FS Seychelles'!S5+'FS Seychelles'!U5+'FS Seychelles'!V5+'FS Seychelles'!W5 -> 420 | J4: =J3 -> 0 | K4: ='Submetering '!Z4 -> 95 | L4: =L3 -> 0 | M4: ='FS Seychelles'!B5 -> 31.91
A5: Seychelles | B5: =B4+1 -> 4 | C5: 2 | D5: 2021 | E5: ='Submetering '!O5+'Submetering '!P5+'Submetering '!Q5+'Submetering '!R5+'Submetering '!S5 -> 23932 | F5: =('FS Seychelles'!Q6*'FS Seychelles'!R6)/TOTAL!E5 -> 0.23989219 | G5: ='Submetering '!AB5 -> 173.14286 | H5: =H4 -> 18.9 | I5: ='FS Seychelles'!S6+'FS Seychelles'!U6+'FS Seychelles'!V6+'FS Seychelles'!W6 -> 340 | J5: =J4 -> 0 | K5: ='Submetering '!Z5 -> 102 | L5: =L4 -> 0 | M5: ='FS Seychelles'!B6 -> 33.33
A6: Seychelles | B6: =B5+1 -> 5 | C6: 2 | D6: 2021 | E6: ='Submetering '!O6+'Submetering '!P6+'Submetering '!Q6+'Submetering '!R6+'Submetering '!S6 -> 26056 | F6: =('FS Seychelles'!Q7*'FS Seychelles'!R7)/TOTAL!E6 -> 0.25097482 | G6: ='Submetering '!AB6 -> 173.14286 | H6: =H5 -> 18.9 | I6: ='FS Seychelles'!S7+'FS Seychelles'!U7+'FS Seychelles'!V7+'FS Seychelles'!W7 -> 295 | J6: =J5 -> 0 | K6: ='Submetering '!Z6 -> 56 | L6: =L5 -> 0 | M6: ='FS Seychelles'!B7 -> 37.1
A7: Seychelles | B7: =B6+1 -> 6 | C7: 2 | D7: 2021 | E7: ='Submetering '!O7+'Submetering '!P7+'Submetering '!Q7+'Submetering '!R7+'Submetering '!S7 -> 27019 | F7: =('FS Seychelles'!Q8*'FS Seychelles'!R8)/TOTAL!E7 -> 0.23896517 | G7: ='Submetering '!AB7 -> 173.14286 | H7: =H6 -> 18.9 | I7: ='FS Seychelles'!S8+'FS Seychelles'!U8+'FS Seychelles'!V8+'FS Seychelles'!W8 -> 280 | J7: =J6 -> 0 | K7: ='Submetering '!Z7 -> 0 | L7: =L6 -> 0 | M7: ='FS Seychelles'!B8 -> 32.89
A8: Seychelles | B8: =B7+1 -> 7 | C8: 2 | D8: 2021 | E8: ='Submetering '!O8+'Submetering '!P8+'Submetering '!Q8+'Submetering '!R8+'Submetering '!S8 -> 26242 | F8: =('FS Seychelles'!Q9*'FS Seychelles'!R9)/TOTAL!E8 -> 0.24442878 | G8: ='Submetering '!AB8 -> 173.14286 | H8: =H7 -> 18.9 | I8: ='FS Seychelles'!S9+'FS Seychelles'!U9+'FS Seychelles'!V9+'FS Seychelles'!W9 -> 524 | J8: =J7 -> 0 | K8: ='Submetering '!Z8 -> 104 | L8: =L7 -> 0 | M8: ='FS Seychelles'!B9 -> 37.09
A9: Seychelles | B9: =B8+1 -> 8 | C9: 2 | D9: 2021 | E9: ='Submetering '!O9+'Submetering '!P9+'Submetering '!Q9+'Submetering '!R9+'Submetering '!S9 -> 27312 | F9: =('FS Seychelles'!Q10*'FS Seychelles'!R10)/TOTAL!E9 -> 0.25030756 | G9: ='Submetering '!AB9 -> 173.14286 | H9: =H8 -> 18.9 | I9: ='FS Seychelles'!S10+'FS Seychelles'!U10+'FS Seychelles'!V10+'FS Seychelles'!W10 -> 417 | J9: =J8 -> 0 | K9: ='Submetering '!Z9 -> 103 | L9: =L8 -> 0 | M9: ='FS Seychelles'!B10 -> 37.09
A10: Seychelles | B10: =B9+1 -> 9 | C10: 2 | D10: 2021 | E10: ='Submetering '!O10+'Submetering '!P10+'Submetering '!Q10+'Submetering '!R10+'Submetering '!S10 -> 28697 | F10: =('FS Seychelles'!Q11*'FS Seychelles'!R11)/TOTAL!E10 -> 0.24591072 | G10: ='Submetering '!AB10 -> 173.14286 | H10: =H9 -> 18.9 | I10: ='FS Seychelles'!S11+'FS Seychelles'!U11+'FS Seychelles'!V11+'FS Seychelles'!W11 -> 436 | J10: =J9 -> 0 | K10: ='Submetering '!Z10 -> 106 | L10: =L9 -> 0 | M10: ='FS Seychelles'!B11 -> 39.34
A11: Seychelles | B11: =B10+1 -> 10 | C11: 2 | D11: 2021 | E11: ='Submetering '!O11+'Submetering '!P11+'Submetering '!Q11+'Submetering '!R11+'Submetering '!S11 -> 24475 | F11: =('FS Seychelles'!Q12*'FS Seychelles'!R12)/TOTAL!E11 -> 0.24883759 | G11: ='Submetering '!AB11 -> 173.14286 | H11: =H10 -> 18.9 | I11: ='FS Seychelles'!S12+'FS Seychelles'!U12+'FS Seychelles'!V12+'FS Seychelles'!W12 -> 482 | J11: =J10 -> 0 | K11: ='Submetering '!Z11 -> 60 | L11: =L10 -> 0 | M11: ='FS Seychelles'!B12 -> 37.7
A12: Seychelles | B12: =B11+1 -> 11 | C12: 2 | D12: 2021 | E12: ='Submetering '!O12+'Submetering '!P12+'Submetering '!Q12+'Submetering '!R12+'Submetering '!S12 -> 24600 | F12: =('FS Seychelles'!Q13*'FS Seychelles'!R13)/TOTAL!E12 -> 0.25796341 | G12: ='Submetering '!AB12 -> 173.14286 | H12: =H11 -> 18.9 | I12: ='FS Seychelles'!S13+'FS Seychelles'!U13+'FS Seychelles'!V13+'FS Seychelles'!W13 -> 323 | J12: =J11 -> 0 | K12: ='Submetering '!Z12 -> 105 | L12: =L11 -> 0 | M12: ='FS Seychelles'!B13 -> 28.42
A13: Seychelles | B13: =B12+1 -> 12 | C13: 2 | D13: 2021 | E13: ='Submetering '!O13+'Submetering '!P13+'Submetering '!Q13+'Submetering '!R13+'Submetering '!S13 -> 25705 | F13: =('FS Seychelles'!Q14*'FS Seychelles'!R14)/TOTAL!E13 -> 0.27943591 | G13: ='Submetering '!AB13 -> 173.14286 | H13: =H12 -> 18.9 | I13: ='FS Seychelles'!S14+'FS Seychelles'!U14+'FS Seychelles'!V14+'FS Seychelles'!W14 -> 371 | J13: =J12 -> 0 | K13: ='Submetering '!Z13 -> 1 | L13: =L12 -> 0 | M13: ='FS Seychelles'!B14 -> 27.37
A14: Seychelles | B14: =B13+1 -> 13 | C14: 2 | D14: 2021 | E14: ='Submetering '!O14+'Submetering '!P14+'Submetering '!Q14+'Submetering '!R14+'Submetering '!S14 -> 26412 | F14: =('FS Seychelles'!Q15*'FS Seychelles'!R15)/TOTAL!E14 -> 0.27052476 | G14: ='Submetering '!AB14 -> 173.14286 | H14: =H13 -> 18.9 | I14: ='FS Seychelles'!S15+'FS Seychelles'!U15+'FS Seychelles'!V15+'FS Seychelles'!W15 -> 382 | J14: =J13 -> 0 | K14: ='Submetering '!Z14 -> 38 | L14: =L13 -> 0 | M14: ='FS Seychelles'!B15 -> 27.37
... A29: Seychelles | B29: =B28+1 -> 28 | C29: 2 | D29: 2021 | E29: ='Submetering '!O29+'Submetering '!P29+'Submetering '!Q29+'Submetering '!R29+'Submetering '!S29 -> 26597 | F29: =('FS Seychelles'!Q30*'FS Seychelles'!R30)/TOTAL!E29 -> 0.25433658 | G29: ='Submetering '!AB29 -> 173.14286 | H29: =H28 -> 18.9 | I29: ='FS Seychelles'!S30+'FS Seychelles'!U30+'FS Seychelles'!V30+'FS Seychelles'!W30 -> 804 | J29: =J28 -> 0 | K29: ='Submetering '!Z29 -> 0 | L29: =L28 -> 0 | M29: ='FS Seychelles'!B30 -> 10.17
A30: Seychelles | B30: =B29+1 -> 29 | D30: 2021 | E30: ='Submetering '!O30+'Submetering '!P30+'Submetering '!Q30+'Submetering '!R30+'Submetering '!S30 -> 0 | F30: =('FS Seychelles'!Q31*'FS Seychelles'!R31)/TOTAL!E30 -> #DIV/0! | G30: ='Submetering '!AB30 -> 173.14286 | H30: =H29 -> 18.9 | I30: ='FS Seychelles'!S31+'FS Seychelles'!U31+'FS Seychelles'!V31+'FS Seychelles'!W31 -> 0 | J30: =J29 -> 0 | K30: ='Submetering '!Z30 -> 0 | L30: =L29 -> 0 | M30: ='FS Seychelles'!B31 -> 0
A31: Seychelles | B31: =B30+1 -> 30 | D31: 2021 | E31: ='Submetering '!O31+'Submetering '!P31+'Submetering '!Q31+'Submetering '!R31+'Submetering '!S31 -> 0 | F31: =('FS Seychelles'!Q32*'FS Seychelles'!R32)/TOTAL!E31 -> #DIV/0! | G31: ='Submetering '!AB31 -> 173.14286 | H31: =H30 -> 18.9 | I31: ='FS Seychelles'!S32+'FS Seychelles'!U32+'FS Seychelles'!V32+'FS Seychelles'!W32 -> 0 | J31: =J30 -> 0 | K31: ='Submetering '!Z31 -> 0 | L31: =L30 -> 0 | M31: ='FS Seychelles'!B32 -> 0
A32: Seychelles | B32: =B31+1 -> 31 | D32: 2021 | E32: ='Submetering '!O32+'Submetering '!P32+'Submetering '!Q32+'Submetering '!R32+'Submetering '!S32 -> 0 | F32: =('FS Seychelles'!Q33*'FS Seychelles'!R33)/TOTAL!E32 -> #DIV/0! | G32: ='Submetering '!AB32 -> 173.14286 | H32: =H31 -> 18.9 | I32: ='FS Seychelles'!S33+'FS Seychelles'!U33+'FS Seychelles'!V33+'FS Seychelles'!W33 -> 0 | J32: =J31 -> 0 | K32: ='Submetering '!Z32 -> 0 | L32: =L31 -> 0 | M32: ='FS Seychelles'!B33 -> 0

Sheet Submetering 
A1: Site Name | B1: Day | C1: Month | D1: Year | E1: Room Night | F1: SS-A - KWh | G1: SS-B- KWh | H1: SS-C- KWh | I1: SS-D1- KWh | J1: SS-D2- KWh | K1: SS-E- KWh | L1: FIRE PUMP- KWh | M1: CASINO- KWh | N1: BOH- KWh | O1: Generator#1 - KWh | P1: Generator#2- KWh | Q1: Generator#3- KWh | R1: Generator#4- KWh | S1: Generator#5- KWh | T1: DIESEL - Liter | U1: BOH Water- m3 | V1: E-Resort- m3 | W1: North RVs- m3 | X1: WT59- m3 | Y1: WT08- m3 | Z1: PUC (HOH)- m3 | AA1: PUC (Resort) - m3 | AB1: LPG (Kg)
A2: Seychelles | B2: 1 | C2: 2 | D2: 2021 | E2: ='FS Seychelles'!B3 -> 29.03 | F2: ='FS Seychelles'!C3*1000 -> 3011.84 | G2: ='FS Seychelles'!D3*1000 -> 3620.864 | H2: ='FS Seychelles'!E3*1000 -> 3949.568 | I2: ='FS Seychelles'!F3*1000 -> 1660.928 | J2: ='FS Seychelles'!G3*1000 -> 3227.392 | K2: ='FS Seychelles'!H3*1000 -> 2417.408 | L2: ='FS Seychelles'!I3*1000 -> 1159.936 | M2: ='FS Seychelles'!J3*1000 -> 1337.6 | N2: ='FS Seychelles'!K3*1000 -> 3235.328 | O2: ='FS Seychelles'!L3 -> 6005 | P2: ='FS Seychelles'!M3 -> 9225 | Q2: ='FS Seychelles'!N3 -> 9898 | R2: ='FS Seychelles'!O3 -> 9351 | S2: ='FS Seychelles'!P3 -> 0 | T2: ='FS Seychelles'!Q3 -> 9298 | U2: ='FS Seychelles'!S3 -> 28 | V2: ='FS Seychelles'!T3 -> 47 | W2: ='FS Seychelles'!U3 -> 48 | X2: ='FS Seychelles'!V3 -> 220 | Y2: ='FS Seychelles'!W3 -> 103 | Z2: ='FS Seychelles'!X3 -> 29 | AA2: ='FS Seychelles'!Y3 -> 0 | AB2: =('FS Seychelles'!$AB$9+'FS Seychelles'!$AB$15)/28 -> 173.14286
A3: Seychelles | B3: =B2+1 -> 2 | C3: 2 | D3: 2021 | E3: ='FS Seychelles'!B4 -> 33.33 | F3: ='FS Seychelles'!C4*1000 -> 2795.264 | G3: ='FS Seychelles'!D4*1000 -> 3549.184 | H3: ='FS Seychelles'!E4*1000 -> 3829.248 | I3: ='FS Seychelles'!F4*1000 -> 1682.176 | J3: ='FS Seychelles'!G4*1000 -> 3100.16 | K3: ='FS Seychelles'!H4*1000 -> 2399.232 | L3: ='FS Seychelles'!I4*1000 -> 1176.704 | M3: ='FS Seychelles'!J4*1000 -> 1298.688 | N3: ='FS Seychelles'!K4*1000 -> 3267.584 | O3: ='FS Seychelles'!L4 -> 6652 | P3: ='FS Seychelles'!M4 -> 2827 | Q3: ='FS Seychelles'!N4 -> 5756 | R3: ='FS Seychelles'!O4 -> 0 | S3: ='FS Seychelles'!P4 -> 0 | T3: ='FS Seychelles'!Q4 -> 4095 | U3: ='FS Seychelles'!S4 -> 29 | V3: ='FS Seychelles'!T4 -> 39 | W3: ='FS Seychelles'!U4 -> 56 | X3: ='FS Seychelles'!V4 -> 229 | Y3: ='FS Seychelles'!W4 -> 128 | Z3: ='FS Seychelles'!X4 -> 90 | AA3: ='FS Seychelles'!Y4 -> 0 | AB3: =('FS Seychelles'!$AB$9+'FS Seychelles'!$AB$15)/28 -> 173.14286
A4: Seychelles | B4: =B3+1 -> 3 | C4: 2 | D4: 2021 | E4: ='FS Seychelles'!B5 -> 31.91 | F4: ='FS Seychelles'!C5*1000 -> 2846.208 | G4: ='FS Seychelles'!D5*1000 -> 3675.648 | H4: ='FS Seychelles'!E5*1000 -> 4000.256 | I4: ='FS Seychelles'!F5*1000 -> 1595.648 | J4: ='FS Seychelles'!G5*1000 -> 3098.368 | K4: ='FS Seychelles'!H5*1000 -> 2322.432 | L4: ='FS Seychelles'!I5*1000 -> 1266.304 | M4: ='FS Seychelles'!J5*1000 -> 1307.904 | N4: ='FS Seychelles'!K5*1000 -> 3334.656 | O4: ='FS Seychelles'!L5 -> 6364 | P4: ='FS Seychelles'!M5 -> 4876 | Q4: ='FS Seychelles'!N5 -> 4062 | R4: ='FS Seychelles'!O5 -> 9304 | S4: ='FS Seychelles'!P5 -> 0 | T4: ='FS Seychelles'!Q5 -> 6843 | U4: ='FS Seychelles'!S5 -> 28 | V4: ='FS Seychelles'!T5 -> 11 | W4: ='FS Seychelles'!U5 -> 63 | X4: ='FS Seychelles'!V5 -> 222 | Y4: ='FS Seychelles'!W5 -> 107 | Z4: ='FS Seychelles'!X5 -> 95 | AA4: ='FS Seychelles'!Y5 -> 0 | AB4: =('FS Seychelles'!$AB$9+'FS Seychelles'!$AB$15)/28 -> 173.14286
A5: Seychelles | B5: =B4+1 -> 4 | C5: 2 | D5: 2021 | E5: ='FS Seychelles'!B6 -> 33.33 | F5: ='FS Seychelles'!C6*1000 -> 2851.328 | G5: ='FS Seychelles'!D6*1000 -> 3773.44 | H5: ='FS Seychelles'!E6*1000 -> 4065.28 | I5: ='FS Seychelles'!F6*1000 -> 1585.664 | J5: ='FS Seychelles'!G6*1000 -> 3131.648 | K5: ='FS Seychelles'!H6*1000 -> 2565.632 | L5: ='FS Seychelles'!I6*1000 -> 1256.448 | M5: ='FS Seychelles'!J6*1000 -> 1342.464 | N5: ='FS Seychelles'!K6*1000 -> 3423.488 | O5: ='FS Seychelles'!L6 -> 9511 | P5: ='FS Seychelles'!M6 -> 0 | Q5: ='FS Seychelles'!N6 -> 14421 | R5: ='FS Seychelles'!O6 -> 0 | S5: ='FS Seychelles'!P6 -> 0 | T5: ='FS Seychelles'!Q6 -> 6379 | U5: ='FS Seychelles'!S6 -> 30 | V5: ='FS Seychelles'!T6 -> 33 | W5: ='FS Seychelles'!U6 -> 64 | X5: ='FS Seychelles'!V6 -> 145 | Y5: ='FS Seychelles'!W6 -> 101 | Z5: ='FS Seychelles'!X6 -> 102 | AA5: ='FS Seychelles'!Y6 -> 0 | AB5: =('FS Seychelles'!$AB$9+'FS Seychelles'!$AB$15)/28 -> 173.14286
A6: Seychelles | B6: =B5+1 -> 5 | C6: 2 | D6: 2021 | E6: ='FS Seychelles'!B7 -> 37.1 | F6: ='FS Seychelles'!C7*1000 -> 3264.512 | G6: ='FS Seychelles'!D7*1000 -> 3966.976 | H6: ='FS Seychelles'!E7*1000 -> 3990.528 | I6: ='FS Seychelles'!F7*1000 -> 1740.032 | J6: ='FS Seychelles'!G7*1000 -> 3424.512 | K6: ='FS Seychelles'!H7*1000 -> 2632.96 | L6: ='FS Seychelles'!I7*1000 -> 1172.736 | M6: ='FS Seychelles'!J7*1000 -> 1395.968 | N6: ='FS Seychelles'!K7*1000 -> 3377.152 | O6: ='FS Seychelles'!L7 -> 8773 | P6: ='FS Seychelles'!M7 -> 5303 | Q6: ='FS Seychelles'!N7 -> 7109 | R6: ='FS Seychelles'!O7 -> 4871 | S6: ='FS Seychelles'!P7 -> 0 | T6: ='FS Seychelles'!Q7 -> 7266 | U6: ='FS Seychelles'!S7 -> 30 | V6: ='FS Seychelles'!T7 -> 33 | W6: ='FS Seychelles'!U7 -> 73 | X6: ='FS Seychelles'!V7 -> 192 | Y6: ='FS Seychelles'!W7 -> 0 | Z6: ='FS Seychelles'!X7 -> 56 | AA6: ='FS Seychelles'!Y7 -> 0 | AB6: =('FS Seychelles'!$AB$9+'FS Seychelles'!$AB$15)/28 -> 173.14286
A7: Seychelles | B7: =B6+1 -> 6 | C7: 2 | D7: 2021 | E7: ='FS Seychelles'!B8 -> 32.89 | F7: ='FS Seychelles'!C8*1000 -> 2947.84 | G7: ='FS Seychelles'!D8*1000 -> 3765.76 | H7: ='FS Seychelles'!E8*1000 -> 3766.272 | I7: ='FS Seychelles'!F8*1000 -> 1616.64 | J7: ='FS Seychelles'!G8*1000 -> 3143.168 | K7: ='FS Seychelles'!H8*1000 -> 2481.92 | L7: ='FS Seychelles'!I8*1000 -> 1170.176 | M7: ='FS Seychelles'!J8*1000 -> 1389.056 | N7: ='FS Seychelles'!K8*1000 -> 3543.552 | O7: ='FS Seychelles'!L8 -> 5987 | P7: ='FS Seychelles'!M8 -> 8035 | Q7: ='FS Seychelles'!N8 -> 7968 | R7: ='FS Seychelles'!O8 -> 5029 | S7: ='FS Seychelles'!P8 -> 0 | T7: ='FS Seychelles'!Q8 -> 7174 | U7: ='FS Seychelles'!S8 -> 32 | V7: ='FS Seychelles'!T8 -> 19 | W7: ='FS Seychelles'!U8 -> 53 | X7: ='FS Seychelles'!V8 -> 195 | Y7: ='FS Seychelles'!W8 -> 0 | Z7: ='FS Seychelles'!X8 -> 0 | AA7: ='FS Seychelles'!Y8 -> 0 | AB7: =('FS Seychelles'!$AB$9+'FS Seychelles'!$AB$15)/28 -> 173.14286
A8: Seychelles | B8: =B7+1 -> 7 | C8: 2 | D8: 2021 | E8: ='FS Seychelles'!B9 -> 37.09 | F8: ='FS Seychelles'!C9*1000 -> 3335.424 | G8: ='FS Seychelles'!D9*1000 -> 4044.288 | H8: ='FS Seychelles'!E9*1000 -> 3664.896 | I8: ='FS Seychelles'!F9*1000 -> 1790.72 | J8: ='FS Seychelles'!G9*1000 -> 3468.032 | K8: ='FS Seychelles'!H9*1000 -> 2558.976 | L8: ='FS Seychelles'!I9*1000 -> 1015.424 | M8: ='FS Seychelles'!J9*1000 -> 1401.856 | N8: ='FS Seychelles'!K9*1000 -> 3299.072 | O8: ='FS Seychelles'!L9 -> 8011 | P8: ='FS Seychelles'!M9 -> 3023 | Q8: ='FS Seychelles'!N9 -> 6505 | R8: ='FS Seychelles'!O9 -> 8703 | S8: ='FS Seychelles'!P9 -> 0 | T8: ='FS Seychelles'!Q9 -> 7127 | U8: ='FS Seychelles'!S9 -> 34 | V8: ='FS Seychelles'!T9 -> 13 | W8: ='FS Seychelles'!U9 -> 72 | X8: ='FS Seychelles'!V9 -> 336 | Y8: ='FS Seychelles'!W9 -> 82 | Z8: ='FS Seychelles'!X9 -> 104 | AA8: ='FS Seychelles'!Y9 -> 0 | AB8: =('FS Seychelles'!$AB$9+'FS Seychelles'!$AB$15)/28 -> 173.14286
A9: Seychelles | B9: =B8+1 -> 8 | C9: 2 | D9: 2021 | E9: ='FS Seychelles'!B10 -> 37.09 | F9: ='FS Seychelles'!C10*1000 -> 3539.968 | G9: ='FS Seychelles'!D10*1000 -> 4110.848 | H9: ='FS Seychelles'!E10*1000 -> 4008.448 | I9: ='FS Seychelles'!F10*1000 -> 1884.16 | J9: ='FS Seychelles'!G10*1000 -> 3474.432 | K9: ='FS Seychelles'!H10*1000 -> 2631.168 | L9: ='FS Seychelles'!I10*1000 -> 1212.16 | M9: ='FS Seychelles'!J10*1000 -> 1424.896 | N9: ='FS Seychelles'!K10*1000 -> 3778.816 | O9: ='FS Seychelles'!L10 -> 3208 | P9: ='FS Seychelles'!M10 -> 4652 | Q9: ='FS Seychelles'!N10 -> 10300 | R9: ='FS Seychelles'!O10 -> 9152 | S9: ='FS Seychelles'!P10 -> 0 | T9: ='FS Seychelles'!Q10 -> 7596 | U9: ='FS Seychelles'!S10 -> 33 | V9: ='FS Seychelles'!T10 -> 36 | W9: ='FS Seychelles'!U10 -> 45 | X9: ='FS Seychelles'!V10 -> 221 | Y9: ='FS Seychelles'!W10 -> 118 | Z9: ='FS Seychelles'!X10 -> 103 | AA9: ='FS Seychelles'!Y10 -> 0 | AB9: =('FS Seychelles'!$AB$9+'FS Seychelles'!$AB$15)/28 -> 173.14286
A10: Seychelles | B10: =B9+1 -> 9 | C10: 2 | D10: 2021 | E10: ='FS Seychelles'!B11 -> 39.34 | F10: ='FS Seychelles'!C11*1000 -> 3488.768 | G10: ='FS Seychelles'!D11*1000 -> 4144.128 | H10: ='FS Seychelles'!E11*1000 -> 4133.888 | I10: ='FS Seychelles'!F11*1000 -> 1870.592 | J10: ='FS Seychelles'!G11*1000 -> 3464.96 | K10: ='FS Seychelles'!H11*1000 -> 2899.968 | L10: ='FS Seychelles'!I11*1000 -> 1185.92 | M10: ='FS Seychelles'!J11*1000 -> 1499.904 | N10: ='FS Seychelles'!K11*1000 -> 3875.328 | O10: ='FS Seychelles'!L11 -> 9151 | P10: ='FS Seychelles'!M11 -> 5206 | Q10: ='FS Seychelles'!N11 -> 5024 | R10: ='FS Seychelles'!O11 -> 9316 | S10: ='FS Seychelles'!P11 -> 0 | T10: ='FS Seychelles'!Q11 -> 7841 | U10: ='FS Seychelles'!S11 -> 35 | V10: ='FS Seychelles'!T11 -> 39 | W10: ='FS Seychelles'!U11 -> 66 | X10: ='FS Seychelles'!V11 -> 243 | Y10: ='FS Seychelles'!W11 -> 92 | Z10: ='FS Seychelles'!X11 -> 106 | AA10: ='FS Seychelles'!Y11 -> 0 | AB10: =('FS Seychelles'!$AB$9+'FS Seychelles'!$AB$15)/28 -> 173.14286
A11: Seychelles | B11: =B10+1 -> 10 | C11: 2 | D11: 2021 | E11: ='FS Seychelles'!B12 -> 37.7 | F11: ='FS Seychelles'!C12*1000 -> 3083.008 | G11: ='FS Seychelles'!D12*1000 -> 3624.448 | H11: ='FS Seychelles'!E12*1000 -> 3942.912 | I11: ='FS Seychelles'!F12*1000 -> 1742.848 | J11: ='FS Seychelles'!G12*1000 -> 3202.56 | K11: ='FS Seychelles'!H12*1000 -> 2452.224 | L11: ='FS Seychelles'!I12*1000 -> 1153.024 | M11: ='FS Seychelles'!J12*1000 -> 1464.832 | N11: ='FS Seychelles'!K12*1000 -> 3724.032 | O11: ='FS Seychelles'!L12 -> 5889 | P11: ='FS Seychelles'!M12 -> 4110 | Q11: ='FS Seychelles'!N12 -> 3450 | R11: ='FS Seychelles'!O12 -> 11026 | S11: ='FS Seychelles'!P12 -> 0 | T11: ='FS Seychelles'!Q12 -> 6767 | U11: ='FS Seychelles'!S12 -> 35 | V11: ='FS Seychelles'!T12 -> 16 | W11: ='FS Seychelles'!U12 -> 54 | X11: ='FS Seychelles'!V12 -> 207 | Y11: ='FS Seychelles'!W12 -> 186 | Z11: ='FS Seychelles'!X12 -> 60 | AA11: ='FS Seychelles'!Y12 -> 0 | AB11: =('FS Seychelles'!$AB$9+'FS Seychelles'!$AB$15)/28 -> 173.14286
A12: Seychelles | B12: =B11+1 -> 11 | C12: 2 | D12: 2021 | E12: ='FS Seychelles'!B13 -> 28.42 | F12: ='FS Seychelles'!C13*1000 -> 3053.312 | G12: ='FS Seychelles'!D13*1000 -> 3401.216 | H12: ='FS Seychelles'!E13*1000 -> 3668.48 | I12: ='FS Seychelles'!F13*1000 -> 1613.824 | J12: ='FS Seychelles'!G13*1000 -> 2949.888 | K12: ='FS Seychelles'!H13*1000 -> 2307.84 | L12: ='FS Seychelles'!I13*1000 -> 1118.208 | M12: ='FS Seychelles'!J13*1000 -> 1387.776 | N12: ='FS Seychelles'!K13*1000 -> 3473.92 | O12: ='FS Seychelles'!L13 -> 6854 | P12: ='FS Seychelles'!M13 -> 4854 | Q12: ='FS Seychelles'!N13 -> 8170 | R12: ='FS Seychelles'!O13 -> 4722 | S12: ='FS Seychelles'!P13 -> 0 | T12: ='FS Seychelles'!Q13 -> 7051 | U12: ='FS Seychelles'!S13 -> 33 | V12: ='FS Seychelles'!T13 -> 28 | W12: ='FS Seychelles'!U13 -> 36 | X12: ='FS Seychelles'!V13 -> 164 | Y12: ='FS Seychelles'!W13 -> 90 | Z12: ='FS Seychelles'!X13 -> 105 | AA12: ='FS Seychelles'!Y13 -> 0 | AB12: =('FS Seychelles'!$AB$9+'FS Seychelles'!$AB$15)/28 -> 173.14286
A13: Seychelles | B13: =B12+1 -> 12 | C13: 2 | D13: 2021 | E13: ='FS Seychelles'!B14 -> 27.37 | F13: ='FS Seychelles'!C14*1000 -> 3331.072 | G13: ='FS Seychelles'!D14*1000 -> 3628.032 | H13: ='FS Seychelles'!E14*1000 -> 3796.992 | I13: ='FS Seychelles'!F14*1000 -> 1628.672 | J13: ='FS Seychelles'!G14*1000 -> 3222.528 | K13: ='FS Seychelles'!H14*1000 -> 2703.616 | L13: ='FS Seychelles'!I14*1000 -> 1283.072 | M13: ='FS Seychelles'!J14*1000 -> 1405.696 | N13: ='FS Seychelles'!K14*1000 -> 3633.408 | O13: ='FS Seychelles'!L14 -> 9972 | P13: ='FS Seychelles'!M14 -> 1240 | Q13: ='FS Seychelles'!N14 -> 5699 | R13: ='FS Seychelles'!O14 -> 8794 | S13: ='FS Seychelles'!P14 -> 0 | T13: ='FS Seychelles'!Q14 -> 7981 | U13: ='FS Seychelles'!S14 -> 36 | V13: ='FS Seychelles'!T14 -> 32 | W13: ='FS Seychelles'!U14 -> 38 | X13: ='FS Seychelles'!V14 -> 199 | Y13: ='FS Seychelles'!W14 -> 98 | Z13: ='FS Seychelles'!X14 -> 1 | AA13: ='FS Seychelles'!Y14 -> 0 | AB13: =('FS Seychelles'!$AB$9+'FS Seychelles'!$AB$15)/28 -> 173.14286
A14: Seychelles | B14: =B13+1 -> 13 | C14: 2 | D14: 2021 | E14: ='FS Seychelles'!B15 -> 27.37 | F14: ='FS Seychelles'!C15*1000 -> 3451.648 | G14: ='FS Seychelles'!D15*1000 -> 3828.736 | H14: ='FS Seychelles'!E15*1000 -> 4021.248 | I14: ='FS Seychelles'!F15*1000 -> 1846.016 | J14: ='FS Seychelles'!G15*1000 -> 3434.496 | K14: ='FS Seychelles'!H15*1000 -> 3002.624 | L14: ='FS Seychelles'!I15*1000 -> 1151.104 | M14: ='FS Seychelles'!J15*1000 -> 1412.608 | N14: ='FS Seychelles'!K15*1000 -> 3305.984 | O14: ='FS Seychelles'!L15 -> 9234 | P14: ='FS Seychelles'!M15 -> 743 | Q14: ='FS Seychelles'!N15 -> 6414 | R14: ='FS Seychelles'!O15 -> 10021 | S14: ='FS Seychelles'!P15 -> 0 | T14: ='FS Seychelles'!Q15 -> 7939 | U14: ='FS Seychelles'!S15 -> 33 | V14: ='FS Seychelles'!T15 -> 31 | W14: ='FS Seychelles'!U15 -> 65 | X14: ='FS Seychelles'!V15 -> 193 | Y14: ='FS Seychelles'!W15 -> 91 | Z14: ='FS Seychelles'!X15 -> 38 | AA14: ='FS Seychelles'!Y15 -> 0 | AB14: =('FS Seychelles'!$AB$9+'FS Seychelles'!$AB$15)/28 -> 173.14286
A15: Seychelles | B15: =B14+1 -> 14 | C15: 2 | D15: 2021 | E15: ='FS Seychelles'!B16 -> 28.42 | F15: ='FS Seychelles'!C16*1000 -> 3289.344 | G15: ='FS Seychelles'!D16*1000 -> 3758.592 | H15: ='FS Seychelles'!E16*1000 -> 3838.464 | I15: ='FS Seychelles'!F16*1000 -> 2006.272 | J15: ='FS Seychelles'!G16*1000 -> 3548.672 | K15: ='FS Seychelles'!H16*1000 -> 2622.208 | L15: ='FS Seychelles'!I16*1000 -> 1187.072 | M15: ='FS Seychelles'!J16*1000 -> 1416.192 | N15: ='FS Seychelles'!K16*1000 -> 3291.648 | O15: ='FS Seychelles'!L16 -> 14544 | P15: ='FS Seychelles'!M16 -> 0 | Q15: ='FS Seychelles'!N16 -> 10008 | R15: ='FS Seychelles'!O16 -> 2237 | S15: ='FS Seychelles'!P16 -> 0 | T15: ='FS Seychelles'!Q17 -> 7441 | U15: ='FS Seychelles'!S16 -> 33 | V15: ='FS Seychelles'!T16 -> 22 | W15: ='FS Seychelles'!U16 -> 50 | X15: ='FS Seychelles'!V16 -> 186 | Y15: ='FS Seychelles'!W16 -> 98 | Z15: ='FS Seychelles'!X16 -> 130 | AA15: ='FS Seychelles'!Y16 -> 0 | AB15: =('FS Seychelles'!$AB$9+'FS Seychelles'!$AB$15)/28 -> 173.14286
A16: Seychelles | B16: =B15+1 -> 15 | C16: 2 | D16: 2021 | E16: ='FS Seychelles'!B17 -> 10.52 | F16: ='FS Seychelles'!C17*1000 -> 3257.344 | G16: ='FS Seychelles'!D17*1000 -> 3855.36 | H16: ='FS Seychelles'!E17*1000 -> 3952.64 | I16: ='FS Seychelles'!F17*1000 -> 2050.56 | J16: ='FS Seychelles'!G17*1000 -> 3622.912 | K16: ='FS Seychelles'!H17*1000 -> 2670.848 | L16: ='FS Seychelles'!I17*1000 -> 1202.176 | M16: ='FS Seychelles'!J17*1000 -> 1391.36 | N16: ='FS Seychelles'!K17*1000 -> 3403.264 | O16: ='FS Seychelles'!L17 -> 0 | P16: ='FS Seychelles'!M17 -> 0 | Q16: ='FS Seychelles'!N17 -> 11763 | R16: ='FS Seychelles'!O17 -> 15095 | S16: ='FS Seychelles'!P17 -> 0 | T16: ='FS Seychelles'!Q18 -> 7572 | U16: ='FS Seychelles'!S17 -> 34 | V16: ='FS Seychelles'!T17 -> 23 | W16: ='FS Seychelles'!U17 -> 51 | X16: ='FS Seychelles'!V17 -> 218 | Y16: ='FS Seychelles'!W17 -> 110 | Z16: ='FS Seychelles'!X17 -> 118 | AA16: ='FS Seychelles'!Y17 -> 0 | AB16: =('FS Seychelles'!$AB$9+'FS Seychelles'!$AB$15)/28 -> 173.14286
A17: Seychelles | B17: =B16+1 -> 16 | C17: 2 | D17: 2021 | E17: ='FS Seychelles'!B18 -> 13.33 | F17: ='FS Seychelles'!C18*1000 -> 3371.008 | G17: ='FS Seychelles'!D18*1000 -> 3894.272 | H17: ='FS Seychelles'!E18*1000 -> 4030.464 | I17: ='FS Seychelles'!F18*1000 -> 2010.624 | J17: ='FS Seychelles'!G18*1000 -> 3694.08 | K17: ='FS Seychelles'!H18*1000 -> 2975.232 | L17: ='FS Seychelles'!I18*1000 -> 1321.472 | M17: ='FS Seychelles'!J18*1000 -> 1404.672 | N17: ='FS Seychelles'!K18*1000 -> 3468.032 | O17: ='FS Seychelles'!L18 -> 0 | P17: ='FS Seychelles'!M18 -> 15161 | Q17: ='FS Seychelles'!N18 -> 9215 | R17: ='FS Seychelles'!O18 -> 4498 | S17: ='FS Seychelles'!P18 -> 0 | T17: ='FS Seychelles'!Q18 -> 7572 | U17: ='FS Seychelles'!S18 -> 31 | V17: ='FS Seychelles'!T18 -> 1 | W17: ='FS Seychelles'!U18 -> 87 | X17: ='FS Seychelles'!V18 -> 279 | Y17: ='FS Seychelles'!W18 -> 105 | Z17: ='FS Seychelles'!X18 -> 117 | AA17: ='FS Seychelles'!Y18 -> 0 | AB17: =('FS Seychelles'!$AB$9+'FS Seychelles'!$AB$15)/28 -> 173.14286
A18: Seychelles | B18: =B17+1 -> 17 | C18: 2 | D18: 2021 | E18: ='FS Seychelles'!B19 -> 11.86 | F18: ='FS Seychelles'!C19*1000 -> 3054.08 | G18: ='FS Seychelles'!D19*1000 -> 3553.28 | H18: ='FS Seychelles'!E19*1000 -> 4017.664 | I18: ='FS Seychelles'!F19*1000 -> 1955.584 | J18: ='FS Seychelles'!G19*1000 -> 3595.264 | K18: ='FS Seychelles'!H19*1000 -> 3058.176 | L18: ='FS Seychelles'!I19*1000 -> 1286.912 | M18: ='FS Seychelles'!J19*1000 -> 1397.248 | N18: ='FS Seychelles'!K19*1000 -> 3436.032 | O18: ='FS Seychelles'!L19 -> 0 | P18: ='FS Seychelles'!M19 -> 2254 | Q18: ='FS Seychelles'!N19 -> 8425 | R18: ='FS Seychelles'!O19 -> 12398 | S18: ='FS Seychelles'!P19 -> 0 | T18: ='FS Seychelles'!Q19 -> 8796 | U18: ='FS Seychelles'!S19 -> 35 | V18: ='FS Seychelles'!T19 -> 0 | W18: ='FS Seychelles'!U19 -> 83 | X18: ='FS Seychelles'!V19 -> 257 | Y18: ='FS Seychelles'!W19 -> 76 | Z18: ='FS Seychelles'!X19 -> 112 | AA18: ='FS Seychelles'!Y19 -> 0 | AB18: =('FS Seychelles'!$AB$9+'FS Seychelles'!$AB$15)/28 -> 173.14286
A19: Seychelles | B19: =B18+1 -> 18 | C19: 2 | D19: 2021 | E19: ='FS Seychelles'!B20 -> 11.88 | F19: ='FS Seychelles'!C20*1000 -> 3075.072 | G19: ='FS Seychelles'!D20*1000 -> 3600.384 | H19: ='FS Seychelles'!E20*1000 -> 4042.752 | I19: ='FS Seychelles'!F20*1000 -> 1942.272 | J19: ='FS Seychelles'!G20*1000 -> 3612.416 | K19: ='FS Seychelles'!H20*1000 -> 3241.216 | L19: ='FS Seychelles'!I20*1000 -> 1294.976 | M19: ='FS Seychelles'!J20*1000 -> 1414.912 | N19: ='FS Seychelles'!K20*1000 -> 3384.832 | O19: ='FS Seychelles'!L20 -> 0 | P19: ='FS Seychelles'!M20 -> 9268 | Q19: ='FS Seychelles'!N20 -> 10633 | R19: ='FS Seychelles'!O20 -> 9961 | S19: ='FS Seychelles'!P20 -> 0 | T19: ='FS Seychelles'!Q20 -> 7863 | U19: ='FS Seychelles'!S20 -> 31 | V19: ='FS Seychelles'!T20 -> 0 | W19: ='FS Seychelles'!U20 -> 116 | X19: ='FS Seychelles'!V20 -> 216 | Y19: ='FS Seychelles'!W20 -> 97 | Z19: ='FS Seychelles'!X20 -> 116 | AA19: ='FS Seychelles'!Y20 -> 0 | AB19: =('FS Seychelles'!$AB$9+'FS Seychelles'!$AB$15)/28 -> 173.14286
A20: Seychelles | B20: =B19+1 -> 19 | C20: 2 | D20: 2021 | E20: ='FS Seychelles'!B21 -> 13.11 | F20: ='FS Seychelles'!C21*1000 -> 2690.048 | G20: ='FS Seychelles'!D21*1000 -> 3278.848 | H20: ='FS Seychelles'!E21*1000 -> 3815.936 | I20: ='FS Seychelles'!F21*1000 -> 1733.888 | J20: ='FS Seychelles'!G21*1000 -> 3257.344 | K20: ='FS Seychelles'!H21*1000 -> 2985.216 | L20: ='FS Seychelles'!I21*1000 -> 1308.928 | M20: ='FS Seychelles'!J21*1000 -> 1382.912 | N20: ='FS Seychelles'!K21*1000 -> 3463.168 | O20: ='FS Seychelles'!L21 -> 3009 | P20: ='FS Seychelles'!M21 -> 0 | Q20: ='FS Seychelles'!N21 -> 10815 | R20: ='FS Seychelles'!O21 -> 5123 | S20: ='FS Seychelles'!P21 -> 0 | T20: ='FS Seychelles'!Q21 -> 5891 | U20: ='FS Seychelles'!S21 -> 36 | V20: ='FS Seychelles'!T21 -> 1 | W20: ='FS Seychelles'!U21 -> 80 | X20: ='FS Seychelles'!V21 -> 209 | Y20: ='FS Seychelles'!W21 -> 75 | Z20: ='FS Seychelles'!X21 -> 109 | AA20: ='FS Seychelles'!Y21 -> 0 | AB20: =('FS Seychelles'!$AB$9+'FS Seychelles'!$AB$15)/28 -> 173.14286
A21: Seychelles | B21: =B20+1 -> 20 | C21: 2 | D21: 2021 | E21: ='FS Seychelles'!B22 -> 13.11 | F21: ='FS Seychelles'!C22*1000 -> 3051.52 | G21: ='FS Seychelles'!D22*1000 -> 3375.104 | H21: ='FS Seychelles'!E22*1000 -> 3712 | I21: ='FS Seychelles'!F22*1000 -> 1827.84 | J21: ='FS Seychelles'!G22*1000 -> 3459.584 | K21: ='FS Seychelles'!H22*1000 -> 3262.464 | L21: ='FS Seychelles'!I22*1000 -> 834.304 | M21: ='FS Seychelles'!J22*1000 -> 1372.672 | N21: ='FS Seychelles'!K22*1000 -> 2775.552 | O21: ='FS Seychelles'!L22 -> 8821 | P21: ='FS Seychelles'!M22 -> 3814 | Q21: ='FS Seychelles'!N22 -> 6703 | R21: ='FS Seychelles'!O22 -> 10042 | S21: ='FS Seychelles'!P23 -> 0 | T21: ='FS Seychelles'!Q22 -> 7742 | U21: ='FS Seychelles'!S22 -> 32 | V21: ='FS Seychelles'!T22 -> 15 | W21: ='FS Seychelles'!U22 -> 57 | X21: ='FS Seychelles'!V22 -> 183 | Y21: ='FS Seychelles'!W22 -> 78 | Z21: ='FS Seychelles'!X22 -> 97 | AA21: ='FS Seychelles'!Y22 -> 0 | AB21: =('FS Seychelles'!$AB$9+'FS Seychelles'!$AB$15)/28 -> 173.14286
A22: Seychelles | B22: =B21+1 -> 21 | C22: 2 | D22: 2021 | E22: ='FS Seychelles'!B23 -> 14.75 | F22: ='FS Seychelles'!C23*1000 -> 2910.208 | G22: ='FS Seychelles'!D23*1000 -> 3354.112 | H22: ='FS Seychelles'!E23*1000 -> 3417.088 | I22: ='FS Seychelles'!F23*1000 -> 2016 | J22: ='FS Seychelles'!G23*1000 -> 3401.472 | K22: ='FS Seychelles'!H23*1000 -> 3339.776 | L22: ='FS Seychelles'!I23*1000 -> 1221.76 | M22: ='FS Seychelles'!J23*1000 -> 1391.104 | N22: ='FS Seychelles'!K23*1000 -> 3339.52 | O22: ='FS Seychelles'!L23 -> 4611 | P22: ='FS Seychelles'!M23 -> 3104 | Q22: ='FS Seychelles'!N23 -> 9498 | R22: ='FS Seychelles'!O23 -> 8722 | S22: ='FS Seychelles'!P24 -> 0 | T22: ='FS Seychelles'!Q23 -> 7225 | U22: ='FS Seychelles'!S23 -> 30 | V22: ='FS Seychelles'!T23 -> 53 | W22: ='FS Seychelles'!U23 -> 63 | X22: ='FS Seychelles'!V23 -> 171 | Y22: ='FS Seychelles'!W23 -> 83 | Z22: ='FS Seychelles'!X23 -> 14 | AA22: ='FS Seychelles'!Y23 -> 0 | AB22: =('FS Seychelles'!$AB$9+'FS Seychelles'!$AB$15)/28 -> 173.14286
A23: Seychelles | B23: =B22+1 -> 22 | C23: 2 | D23: 2021 | E23: ='FS Seychelles'!B24 -> 15 | F23: ='FS Seychelles'!C24*1000 -> 3022.336 | G23: ='FS Seychelles'!D24*1000 -> 3516.416 | H23: ='FS Seychelles'!E24*1000 -> 3616.256 | I23: ='FS Seychelles'!F24*1000 -> 2053.632 | J23: ='FS Seychelles'!G24*1000 -> 3415.552 | K23: ='FS Seychelles'!H24*1000 -> 3327.232 | L23: ='FS Seychelles'!I24*1000 -> 1246.976 | M23: ='FS Seychelles'!J24*1000 -> 1376.512 | N23: ='FS Seychelles'!K24*1000 -> 3476.224 | O23: ='FS Seychelles'!L24 -> 0 | P23: ='FS Seychelles'!M24 -> 8429 | Q23: ='FS Seychelles'!N24 -> 6264 | R23: ='FS Seychelles'!O24 -> 11763 | S23: ='FS Seychelles'!P25 -> 0 | T23: ='FS Seychelles'!Q24 -> 7197 | U23: ='FS Seychelles'!S24 -> 36 | V23: ='FS Seychelles'!T24 -> 0 | W23: ='FS Seychelles'!U24 -> 71 | X23: ='FS Seychelles'!V24 -> 278 | Y23: ='FS Seychelles'!W24 -> 137 | Z23: ='FS Seychelles'!X24 -> 44 | AA23: ='FS Seychelles'!Y24 -> 0 | AB23: =('FS Seychelles'!$AB$9+'FS Seychelles'!$AB$15)/28 -> 173.14286
A24: Seychelles | B24: =B23+1 -> 23 | C24: 2 | D24: 2021 | E24: ='FS Seychelles'!B25 -> 15 | F24: ='FS Seychelles'!C25*1000 -> 3171.072 | G24: ='FS Seychelles'!D25*1000 -> 3667.968 | H24: ='FS Seychelles'!E25*1000 -> 3926.016 | I24: ='FS Seychelles'!F25*1000 -> 1872.384 | J24: ='FS Seychelles'!G25*1000 -> 3753.728 | K24: ='FS Seychelles'!H25*1000 -> 3632.384 | L24: ='FS Seychelles'!I25*1000 -> 1256.832 | M24: ='FS Seychelles'!J25*1000 -> 1374.976 | N24: ='FS Seychelles'!K25*1000 -> 3491.84 | O24: ='FS Seychelles'!L25 -> 0 | P24: ='FS Seychelles'!M25 -> 8933 | Q24: ='FS Seychelles'!N25 -> 4968 | R24: ='FS Seychelles'!O25 -> 14338 | S24: ='FS Seychelles'!P25 -> 0 | T24: ='FS Seychelles'!Q25 -> 7644 | U24: ='FS Seychelles'!S25 -> 34 | V24: ='FS Seychelles'!T25 -> 41 | W24: ='FS Seychelles'!U25 -> 93 | X24: ='FS Seychelles'!V25 -> 278 | Y24: ='FS Seychelles'!W25 -> 79 | Z24: ='FS Seychelles'!X25 -> 123 | AA24: ='FS Seychelles'!Y25 -> 0 | AB24: =('FS Seychelles'!$AB$9+'FS Seychelles'!$AB$15)/28 -> 173.14286
A25: Seychelles | B25: =B24+1 -> 24 | C25: 2 | D25: 2021 | E25: ='FS Seychelles'!B26 -> 16.95 | F25: ='FS Seychelles'!C26*1000 -> 3164.672 | G25: ='FS Seychelles'!D26*1000 -> 3662.336 | H25: ='FS Seychelles'!E26*1000 -> 4077.056 | I25: ='FS Seychelles'!F26*1000 -> 1925.12 | J25: ='FS Seychelles'!G26*1000 -> 3712.256 | K25: ='FS Seychelles'!H26*1000 -> 3767.04 | L25: ='FS Seychelles'!I26*1000 -> 1237.376 | M25: ='FS Seychelles'!J26*1000 -> 1395.456 | N25: ='FS Seychelles'!K26*1000 -> 3561.728 | O25: ='FS Seychelles'!L26 -> 0 | P25: ='FS Seychelles'!M26 -> 14011 | Q25: ='FS Seychelles'!N26 -> 8967 | R25: ='FS Seychelles'!O26 -> 4749 | S25: ='FS Seychelles'!P26 -> 0 | T25: ='FS Seychelles'!Q26 -> 7545 | U25: ='FS Seychelles'!S26 -> 30 | V25: ='FS Seychelles'!T26 -> 40 | W25: ='FS Seychelles'!U26 -> 80 | X25: ='FS Seychelles'!V26 -> 278 | Y25: ='FS Seychelles'!W26 -> 98 | Z25: ='FS Seychelles'!X26 -> 117 | AA25: ='FS Seychelles'!Y26 -> 0 | AB25: =('FS Seychelles'!$AB$9+'FS Seychelles'!$AB$15)/28 -> 173.14286
A26: Seychelles | B26: =B25+1 -> 25 | C26: 2 | D26: 2021 | E26: ='FS Seychelles'!B27 -> 11.32 | F26: ='FS Seychelles'!C27*1000 -> 3356.16 | G26: ='FS Seychelles'!D27*1000 -> 3831.296 | H26: ='FS Seychelles'!E27*1000 -> 4172.8 | I26: ='FS Seychelles'!F27*1000 -> 1971.712 | J26: ='FS Seychelles'!G27*1000 -> 3927.296 | K26: ='FS Seychelles'!H27*1000 -> 3982.848 | L26: ='FS Seychelles'!I27*1000 -> 1259.264 | M26: ='FS Seychelles'!J27*1000 -> 1404.672 | N26: ='FS Seychelles'!K27*1000 -> 3623.424 | O26: ='FS Seychelles'!L27 -> 0 | P26: ='FS Seychelles'!M27 -> 8622 | Q26: ='FS Seychelles'!N27 -> 9942 | R26: ='FS Seychelles'!O27 -> 9692 | S26: ='FS Seychelles'!P27 -> 0 | T26: ='FS Seychelles'!Q27 -> 8076 | U26: ='FS Seychelles'!S27 -> 34 | V26: ='FS Seychelles'!T27 -> 29 | W26: ='FS Seychelles'!U27 -> 99 | X26: ='FS Seychelles'!V27 -> 318 | Y26: ='FS Seychelles'!W27 -> 101 | Z26: ='FS Seychelles'!X27 -> 113 | AA26: ='FS Seychelles'!Y27 -> 0 | AB26: =('FS Seychelles'!$AB$9+'FS Seychelles'!$AB$15)/28 -> 173.14286
A27: Seychelles | B27: =B26+1 -> 26 | C27: 2 | D27: 2021 | E27: ='FS Seychelles'!B28 -> 12.06 | F27: ='FS Seychelles'!C28*1000 -> 3413.76 | G27: ='FS Seychelles'!D28*1000 -> 3844.608 | H27: ='FS Seychelles'!E28*1000 -> 3959.296 | I27: ='FS Seychelles'!F28*1000 -> 1913.6 | J27: ='FS Seychelles'!G28*1000 -> 3501.312 | K27: ='FS Seychelles'!H28*1000 -> 3980.288 | L27: ='FS Seychelles'!I28*1000 -> 1271.296 | M27: ='FS Seychelles'!J28*1000 -> 1438.464 | N27: ='FS Seychelles'!K28*1000 -> 3634.176 | O27: ='FS Seychelles'!L28 -> 0 | P27: ='FS Seychelles'!M28 -> 8217 | Q27: ='FS Seychelles'!N28 -> 10658 | R27: ='FS Seychelles'!O28 -> 9481 | S27: ='FS Seychelles'!P28 -> 0 | T27: ='FS Seychelles'!Q28 -> 7493 | U27: ='FS Seychelles'!S28 -> 39 | V27: ='FS Seychelles'!T28 -> 26 | W27: ='FS Seychelles'!U28 -> 61 | X27: ='FS Seychelles'!V28 -> 228 | Y27: ='FS Seychelles'!W28 -> 102 | Z27: ='FS Seychelles'!X28 -> 114 | AA27: ='FS Seychelles'!Y28 -> 0 | AB27: =('FS Seychelles'!$AB$9+'FS Seychelles'!$AB$15)/28 -> 173.14286
A28: Seychelles | B28: =B27+1 -> 27 | C28: 2 | D28: 2021 | E28: ='FS Seychelles'!B29 -> 10.17 | F28: ='FS Seychelles'!C29*1000 -> 3009.28 | G28: ='FS Seychelles'!D29*1000 -> 3487.744 | H28: ='FS Seychelles'!E29*1000 -> 4017.152 | I28: ='FS Seychelles'!F29*1000 -> 1701.888 | J28: ='FS Seychelles'!G29*1000 -> 3134.72 | K28: ='FS Seychelles'!H29*1000 -> 3635.712 | L28: ='FS Seychelles'!I29*1000 -> 1183.744 | M28: ='FS Seychelles'!J29*1000 -> 1366.016 | N28: ='FS Seychelles'!K29*1000 -> 3458.816 | O28: ='FS Seychelles'!L29 -> 734 | P28: ='FS Seychelles'!M29 -> 8947 | Q28: ='FS Seychelles'!N29 -> 5420 | R28: ='FS Seychelles'!O29 -> 9076 | S28: ='FS Seychelles'!P29 -> 0 | T28: ='FS Seychelles'!Q29 -> 7091 | U28: ='FS Seychelles'!S29 -> 32 | V28: ='FS Seychelles'!T29 -> 41 | W28: ='FS Seychelles'!U29 -> 79 | X28: ='FS Seychelles'!V29 -> 240 | Y28: ='FS Seychelles'!W29 -> 94 | Z28: ='FS Seychelles'!X29 -> 76 | AA28: ='FS Seychelles'!Y29 -> 0 | AB28: =('FS Seychelles'!$AB$9+'FS Seychelles'!$AB$15)/28 -> 173.14286
A29: Seychelles | B29: =B28+1 -> 28 | C29: 2 | D29: 2021 | E29: ='FS Seychelles'!B30 -> 10.17 | F29: ='FS Seychelles'!C30*1000 -> 3075.328 | G29: ='FS Seychelles'!D30*1000 -> 3385.344 | H29: ='FS Seychelles'!E30*1000 -> 3789.312 | I29: ='FS Seychelles'!F30*1000 -> 1789.44 | J29: ='FS Seychelles'!G30*1000 -> 2736.384 | K29: ='FS Seychelles'!H30*1000 -> 3722.752 | L29: ='FS Seychelles'!I30*1000 -> 1195.904 | M29: ='FS Seychelles'!J30*1000 -> 1374.464 | N29: ='FS Seychelles'!K30*1000 -> 3318.272 | O29: ='FS Seychelles'!L30 -> 0 | P29: ='FS Seychelles'!M30 -> 11737 | Q29: ='FS Seychelles'!N30 -> 9868 | R29: ='FS Seychelles'!O30 -> 4992 | S29: ='FS Seychelles'!P30 -> 0 | T29: ='FS Seychelles'!Q30 -> 7071 | U29: ='FS Seychelles'!S30 -> 32 | V29: ='FS Seychelles'!T30 -> 30 | W29: ='FS Seychelles'!U30 -> 447 | X29: ='FS Seychelles'!V30 -> 236 | Y29: ='FS Seychelles'!W30 -> 89 | Z29: ='FS Seychelles'!X30 -> 0 | AA29: ='FS Seychelles'!Y30 -> 0 | AB29: =('FS Seychelles'!$AB$9+'FS Seychelles'!$AB$15)/28 -> 173.14286
A30: Seychelles | E30: ='FS Seychelles'!B31 -> 0 | F30: ='FS Seychelles'!C31*1000 -> 0 | G30: ='FS Seychelles'!D31*1000 -> 0 | H30: ='FS Seychelles'!E31*1000 -> 0 | I30: ='FS Seychelles'!F31*1000 -> 0 | J30: ='FS Seychelles'!G31*1000 -> 0 | K30: ='FS Seychelles'!H31*1000 -> 0 | L30: ='FS Seychelles'!I31*1000 -> 0 | M30: ='FS Seychelles'!J31*1000 -> 0 | N30: ='FS Seychelles'!K31*1000 -> 0 | O30: ='FS Seychelles'!L31 -> 0 | P30: ='FS Seychelles'!M31 -> 0 | Q30: ='FS Seychelles'!N31 -> 0 | R30: ='FS Seychelles'!O31 -> 0 | S30: ='FS Seychelles'!P31 -> 0 | T30: ='FS Seychelles'!Q31 -> 0 | U30: ='FS Seychelles'!S31 -> 0 | V30: ='FS Seychelles'!T31 -> 0 | W30: ='FS Seychelles'!U31 -> 0 | X30: ='FS Seychelles'!V31 -> 0 | Y30: ='FS Seychelles'!W31 -> 0 | Z30: ='FS Seychelles'!X31 -> 0 | AA30: ='FS Seychelles'!Y31 -> 0 | AB30: =('FS Seychelles'!$AB$9+'FS Seychelles'!$AB$15)/28 -> 173.14286
A31: Seychelles | E31: ='FS Seychelles'!B32 -> 0 | F31: ='FS Seychelles'!C32*1000 -> 0 | G31: ='FS Seychelles'!D32*1000 -> 0 | H31: ='FS Seychelles'!E32*1000 -> 0 | I31: ='FS Seychelles'!F32*1000 -> 0 | J31: ='FS Seychelles'!G32*1000 -> 0 | K31: ='FS Seychelles'!H32*1000 -> 0 | L31: ='FS Seychelles'!I32*1000 -> 0 | M31: ='FS Seychelles'!J32*1000 -> 0 | N31: ='FS Seychelles'!K32*1000 -> 0 | O31: ='FS Seychelles'!L32 -> 0 | P31: ='FS Seychelles'!M32 -> 0 | Q31: ='FS Seychelles'!N32 -> 0 | R31: ='FS Seychelles'!O32 -> 0 | S31: ='FS Seychelles'!P32 -> 0 | T31: ='FS Seychelles'!Q32 -> 0 | U31: ='FS Seychelles'!S32 -> 0 | V31: ='FS Seychelles'!T32 -> 0 | W31: ='FS Seychelles'!U32 -> 0 | X31: ='FS Seychelles'!V32 -> 0 | Y31: ='FS Seychelles'!W32 -> 0 | Z31: ='FS Seychelles'!X32 -> 0 | AA31: ='FS Seychelles'!Y32 -> 0 | AB31: =('FS Seychelles'!$AB$9+'FS Seychelles'!$AB$15)/28 -> 173.14286
A32: Seychelles | E32: ='FS Seychelles'!B33 -> 0 | F32: ='FS Seychelles'!C33*1000 -> 0 | G32: ='FS Seychelles'!D33*1000 -> 0 | H32: ='FS Seychelles'!E33*1000 -> 0 | I32: ='FS Seychelles'!F33*1000 -> 0 | J32: ='FS Seychelles'!G33*1000 -> 0 | K32: ='FS Seychelles'!H33*1000 -> 0 | L32: ='FS Seychelles'!I33*1000 -> 0 | M32: ='FS Seychelles'!J33*1000 -> 0 | N32: ='FS Seychelles'!K33*1000 -> 0 | O32: ='FS Seychelles'!L33 -> 0 | P32: ='FS Seychelles'!M33 -> 0 | Q32: ='FS Seychelles'!N33 -> 0 | R32: ='FS Seychelles'!O33 -> 0 | S32: ='FS Seychelles'!P33 -> 0 | T32: ='FS Seychelles'!Q33 -> 0 | U32: ='FS Seychelles'!S33 -> 0 | V32: ='FS Seychelles'!T33 -> 0 | W32: ='FS Seychelles'!U33 -> 0 | X32: ='FS Seychelles'!V33 -> 0 | Y32: ='FS Seychelles'!W33 -> 0 | Z32: ='FS Seychelles'!X33 -> 0 | AA32: ='FS Seychelles'!Y33 -> 0 | AB32: =('FS Seychelles'!$AB$9+'FS Seychelles'!$AB$15)/28 -> 173.14286

Sheet FS Seychelles
A2: DATE | B2: Room Night | C2: SS-A (KWH) | D2: SS-B (KWH) | E2: SS-C (KWH) | F2: SS-D1 (KWH) | G2: SS-D2 (KWH) | H2: SS-E (KWH) | I2: FIRE PUMP (KWH) | J2: CASINO (KWH) | K2: BOH (KWH) | L2: Generator#1 (KWH) | M2: Generator#2 (KWH) | N2: Generator#3 (KWH) | O2: Generator#4 (KWH) | P2: Generator#5 (KWH) | Q2: DIESEL (Liter) | R2: DIESEL TARIFF ($/Liter) | S2: BOH Water (m3) | T2: E-Resort (m3) | U2: North RVs (m3) | V2: WT59 (m3) | W2: WT08 (m3) | X2: PUC HOH (m3) | Y2: PUC Eresort (m3) | Z2: LPG (Kg)
A3: 44228 | B3: 29.03 | C3: 3.01184 | D3: 3.620864 | E3: 3.949568 | F3: 1.660928 | G3: 3.227392 | H3: 2.417408 | I3: 1.159936 | J3: 1.3376 | K3: 3.235328 | L3: 6005 | M3: 9225 | N3: 9898 | O3: 9351 | P3: 0 | Q3: =1525+2437+2678+2658 -> 9298 | R3: 0.9 | S3: 28 | T3: 47 | U3: 48 | V3: 220 | W3: 103 | X3: 29 | Y3: 0 | Z3: CYLINDER DELIVERY (KG)
A4: 44229 | B4: 33.33 | C4: 2.795264 | D4: 3.549184 | E4: 3.829248 | F4: 1.682176 | G4: 3.10016 | H4: 2.399232 | I4: 1.176704 | J4: 1.298688 | K4: 3.267584 | L4: 6652 | M4: 2827 | N4: 5756 | O4: 0 | P4: 0 | Q4: =1728+801+1566 -> 4095 | R4: 0.9 | S4: 29 | T4: 39 | U4: 56 | V4: 229 | W4: 128 | X4: 90 | Y4: 0 | Z4: Unit (kg) | AA4: Quantity | AB4: Sub total
A5: 44230 | B5: 31.91 | C5: 2.846208 | D5: 3.675648 | E5: 4.000256 | F5: 1.595648 | G5: 3.098368 | H5: 2.322432 | I5: 1.266304 | J5: 1.307904 | K5: 3.334656 | L5: 6364 | M5: 4876 | N5: 4062 | O5: 9304 | P5: 0 | Q5: =1832+1293+1065+2653 -> 6843 | R5: 0.9 | S5: 28 | T5: 11 | U5: 63 | V5: 222 | W5: 107 | X5: 95 | Y5: 0 | Z5: 4.5 | AA5: 0 | AB5: 0
A6: 44231 | B6: 33.33 | C6: 2.851328 | D6: 3.77344 | E6: 4.06528 | F6: 1.585664 | G6: 3.131648 | H6: 2.565632 | I6: 1.256448 | J6: 1.342464 | K6: 3.423488 | L6: 9511 | M6: 0 | N6: 14421 | O6: 0 | P6: 0 | Q6: =2534+3845 -> 6379 | R6: 0.9 | S6: 30 | T6: 33 | U6: 64 | V6: 145 | W6: 101 | X6: 102 | Y6: 0 | Z6: 9 | AA6: 0 | AB6: 0
A7: 44232 | B7: 37.1 | C7: 3.264512 | D7: 3.966976 | E7: 3.990528 | F7: 1.740032 | G7: 3.424512 | H7: 2.63296 | I7: 1.172736 | J7: 1.395968 | K7: 3.377152 | L7: 8773 | M7: 5303 | N7: 7109 | O7: 4871 | P7: 0 | Q7: =2520+1462+1912+1372 -> 7266 | R7: 0.9 | S7: 30 | T7: 33 | U7: 73 | V7: 192 | W7: 0 | X7: 56 | Y7: 0 | Z7: 5 | AA7: 0 | AB7: 0
A8: 44233 | B8: 32.89 | C8: 2.94784 | D8: 3.76576 | E8: 3.766272 | F8: 1.61664 | G8: 3.143168 | H8: 2.48192 | I8: 1.170176 | J8: 1.389056 | K8: 3.543552 | L8: 5987 | M8: 8035 | N8: 7968 | O8: 5029 | P8: 0 | Q8: =1508+2105+2128+1433 -> 7174 | R8: 0.9 | S8: 32 | T8: 19 | U8: 53 | V8: 195 | W8: 0 | X8: 0 | Y8: 0 | Z8: 20 | AA8: 2 | AB8: 48
A9: 44234 | B9: 37.09 | C9: 3.335424 | D9: 4.044288 | E9: 3.664896 | F9: 1.79072 | G9: 3.468032 | H9: 2.558976 | I9: 1.015424 | J9: 1.401856 | K9: 3.299072 | L9: 8011 | M9: 3023 | N9: 6505 | O9: 8703 | P9: 0 | Q9: =2118+820+1744+2445 -> 7127 | R9: 0.9 | S9: 34 | T9: 13 | U9: 72 | V9: 336 | W9: 82 | X9: 104 | Y9: 0 | AA9: Total | AB9: =SUM(AB5:AB8) -> 48
A10: 44235 | B10: 37.09 | C10: 3.539968 | D10: 4.110848 | E10: 4.008448 | F10: 1.88416 | G10: 3.474432 | H10: 2.631168 | I10: 1.21216 | J10: 1.424896 | K10: 3.778816 | L10: 3208 | M10: 4652 | N10: 10300 | O10: 9152 | P10: 0 | Q10: =932+1292+2757+2615 -> 7596 | R10: 0.9 | S10: 33 | T10: 36 | U10: 45 | V10: 221 | W10: 118 | X10: 103 | Y10: 0
A11: 44236 | B11: 39.34 | C11: 3.488768 | D11: 4.144128 | E11: 4.133888 | F11: 1.870592 | G11: 3.46496 | H11: 2.899968 | I11: 1.18592 | J11: 1.499904 | K11: 3.875328 | L11: 9151 | M11: 5206 | N11: 5024 | O11: 9316 | P11: 0 | Q11: =2421+1384+1375+2661 -> 7841 | R11: 0.9 | S11: 35 | T11: 39 | U11: 66 | V11: 243 | W11: 92 | X11: 106 | Y11: 0 | Z11: TRUCK DELIVERY (KG)
A12: 44237 | B12: 37.7 | C12: 3.083008 | D12: 3.624448 | E12: 3.942912 | F12: 1.742848 | G12: 3.20256 | H12: 2.452224 | I12: 1.153024 | J12: 1.464832 | K12: 3.724032 | L12: 5889 | M12: 4110 | N12: 3450 | O12: 11026 | P12: 0 | Q12: =1586+1088+936+3157 -> 6767 | R12: 0.9 | S12: 35 | T12: 16 | U12: 54 | V12: 207 | W12: 186 | X12: 60 | Y12: 0 | AA12: Sub Total
A13: 44238 | B13: 28.42 | C13: 3.053312 | D13: 3.401216 | E13: 3.66848 | F13: 1.613824 | G13: 2.949888 | H13: 2.30784 | I13: 1.118208 | J13: 1.387776 | K13: 3.47392 | L13: 6854 | M13: 4854 | N13: 8170 | O13: 4722 | P13: 0 | Q13: =1856+1293+2582+1320 -> 7051 | R13: 0.9 | S13: 33 | T13: 28 | U13: 36 | V13: 164 | W13: 90 | X13: 105 | Y13: 0 | Z13: Sitronel | AA13: 2600
A14: 44239 | B14: 27.37 | C14: 3.331072 | D14: 3.628032 | E14: 3.796992 | F14: 1.628672 | G14: 3.222528 | H14: 2.703616 | I14: 1.283072 | J14: 1.405696 | K14: 3.633408 | L14: 9972 | M14: 1240 | N14: 5699 | O14: 8794 | P14: 0 | Q14: =3649+336+1529+2467 -> 7981 | R14: 0.9 | S14: 36 | T14: 32 | U14: 38 | V14: 199 | W14: 98 | X14: 1 | Y14: 0 | Z14: Zez | AA14: 2200
A15: 44240 | B15: 27.37 | C15: 3.451648 | D15: 3.828736 | E15: 4.021248 | F15: 1.846016 | G15: 3.434496 | H15: 3.002624 | I15: 1.151104 | J15: 1.412608 | K15: 3.305984 | L15: 9234 | M15: 743 | N15: 6414 | O15: 10021 | P15: 0 | Q15: =2527+172+1695+3545 -> 7939 | R15: 0.9 | S15: 33 | T15: 31 | U15: 65 | V15: 193 | W15: 91 | X15: 38 | Y15: 0 | AA15: Total | AB15: =SUM(AA13:AB14) -> 4800
A16: 44241 | B16: 28.42 | C16: 3.289344 | D16: 3.758592 | E16: 3.838464 | F16: 2.006272 | G16: 3.548672 | H16: 2.622208 | I16: 1.187072 | J16: 1.416192 | K16: 3.291648 | L16: 14544 | M16: 0 | N16: 10008 | O16: 2237 | P16: 0 | Q16: =3841+2685+565 -> 7091 | R16: 0.9 | S16: 33 | T16: 22 | U16: 50 | V16: 186 | W16: 98 | X16: 130 | Y16: 0
A17: 44242 | B17: 10.52 | C17: 3.257344 | D17: 3.85536 | E17: 3.95264 | F17: 2.05056 | G17: 3.622912 | H17: 2.670848 | I17: 1.202176 | J17: 1.39136 | K17: 3.403264 | L17: 0 | M17: 0 | N17: 11763 | O17: 15095 | P17: 0 | Q17: =3160+4281 -> 7441 | R17: 0.9 | S17: 34 | T17: 23 | U17: 51 | V17: 218 | W17: 110 | X17: 118 | Y17: 0
A18: 44243 | B18: 13.33 | C18: 3.371008 | D18: 3.894272 | E18: 4.030464 | F18: 2.010624 | G18: 3.69408 | H18: 2.975232 | I18: 1.321472 | J18: 1.404672 | K18: 3.468032 | L18: 0 | M18: 15161 | N18: 9215 | O18: 4498 | P18: 0 | Q18: =3832+2461+1279 -> 7572 | R18: 0.9 | S18: 31 | T18: 1 | U18: 87 | V18: 279 | W18: 105 | X18: 117 | Y18: 0
A19: 44244 | B19: 11.86 | C19: 3.05408 | D19: 3.55328 | E19: 4.017664 | F19: 1.955584 | G19: 3.595264 | H19: 3.058176 | I19: 1.286912 | J19: 1.397248 | K19: 3.436032 | L19: 0 | M19: 2254 | N19: 8425 | O19: 12398 | P19: 0 | Q19: =2645+2363+3788 -> 8796 | R19: 0.9 | S19: 35 | T19: 0 | U19: 83 | V19: 257 | W19: 76 | X19: 112 | Y19: 0
A20: 44245 | B20: 11.88 | C20: 3.075072 | D20: 3.600384 | E20: 4.042752 | F20: 1.942272 | G20: 3.612416 | H20: 3.241216 | I20: 1.294976 | J20: 1.414912 | K20: 3.384832 | L20: 0 | M20: 9268 | N20: 10633 | O20: 9961 | P20: 0 | Q20: =2508+2752+2603 -> 7863 | R20: 0.9 | S20: 31 | T20: 0 | U20: 116 | V20: 216 | W20: 97 | X20: 116 | Y20: 0
A21: 44246 | B21: 13.11 | C21: 2.690048 | D21: 3.278848 | E21: 3.815936 | F21: 1.733888 | G21: 3.257344 | H21: 2.985216 | I21: 1.308928 | J21: 1.382912 | K21: 3.463168 | L21: 3009 | M21: 0 | N21: 10815 | O21: 5123 | P21: 0 | Q21: =1238+3157+1496 -> 5891 | R21: 0.9 | S21: 36 | T21: 1 | U21: 80 | V21: 209 | W21: 75 | X21: 109 | Y21: 0
A22: 44247 | B22: 13.11 | C22: 3.05152 | D22: 3.375104 | E22: 3.712 | F22: 1.82784 | G22: 3.459584 | H22: 3.262464 | I22: 0.834304 | J22: 1.372672 | K22: 2.775552 | L22: 8821 | M22: 3814 | N22: 6703 | O22: 10042 | P22: 0 | Q22: =2332+1047+1565+2798 -> 7742 | R22: 0.9 | S22: 32 | T22: 15 | U22: 57 | V22: 183 | W22: 78 | X22: 97 | Y22: 0
A23: 44248 | B23: 14.75 | C23: 2.910208 | D23: 3.354112 | E23: 3.417088 | F23: 2.016 | G23: 3.401472 | H23: 3.339776 | I23: 1.22176 | J23: 1.391104 | K23: 3.33952 | L23: 4611 | M23: 3104 | N23: 9498 | O23: 8722 | P23: 0 | Q23: =1276+896+2560+2493 -> 7225 | R23: 0.9 | S23: 30 | T23: 53 | U23: 63 | V23: 171 | W23: 83 | X23: 14 | Y23: 0
A24: 44249 | B24: 15 | C24: 3.022336 | D24: 3.516416 | E24: 3.616256 | F24: 2.053632 | G24: 3.415552 | H24: 3.327232 | I24: 1.246976 | J24: 1.376512 | K24: 3.476224 | L24: 0 | M24: 8429 | N24: 6264 | O24: 11763 | P24: 0 | Q24: =2208+1666+3323 -> 7197 | R24: =20.09/21 -> 0.95666667 | S24: 36 | T24: 0 | U24: 71 | V24: 278 | W24: 137 | X24: 44 | Y24: 0
A25: 44250 | B25: 15 | C25: 3.171072 | D25: 3.667968 | E25: 3.926016 | F25: 1.872384 | G25: 3.753728 | H25: 3.632384 | I25: 1.256832 | J25: 1.374976 | K25: 3.49184 | L25: 0 | M25: 8933 | N25: 4968 | O25: 14338 | P25: 0 | Q25: =2343+1345+3956 -> 7644 | R25: =20.09/21 -> 0.95666667 | S25: 34 | T25: 41 | U25: 93 | V25: 278 | W25: 79 | X25: 123 | Y25: 0
A26: 44251 | B26: 16.95 | C26: 3.164672 | D26: 3.662336 | E26: 4.077056 | F26: 1.92512 | G26: 3.712256 | H26: 3.76704 | I26: 1.237376 | J26: 1.395456 | K26: 3.561728 | L26: 0 | M26: 14011 | N26: 8967 | O26: 4749 | P26: 0 | Q26: =3813+2380+1352 -> 7545 | R26: =20.09/21 -> 0.95666667 | S26: 30 | T26: 40 | U26: 80 | V26: 278 | W26: 98 | X26: 117 | Y26: 0
A27: 44252 | B27: 11.32 | C27: 3.35616 | D27: 3.831296 | E27: 4.1728 | F27: 1.971712 | G27: 3.927296 | H27: 3.982848 | I27: 1.259264 | J27: 1.404672 | K27: 3.623424 | L27: 0 | M27: 8622 | N27: 9942 | O27: 9692 | P27: 0 | Q27: =2314+2838+2924 -> 8076 | R27: =20.09/21 -> 0.95666667 | S27: 34 | T27: 29 | U27: 99 | V27: 318 | W27: 101 | X27: 113 | Y27: 0
A28: 44253 | B28: 12.06 | C28: 3.41376 | D28: 3.844608 | E28: 3.959296 | F28: 1.9136 | G28: 3.501312 | H28: 3.980288 | I28: 1.271296 | J28: 1.438464 | K28: 3.634176 | L28: 0 | M28: 8217 | N28: 10658 | O28: 9481 | P28: 0 | Q28: =2113+2419+2961 -> 7493 | R28: =20.09/21 -> 0.95666667 | S28: 39 | T28: 26 | U28: 61 | V28: 228 | W28: 102 | X28: 114 | Y28: 0
A29: 44254 | B29: 10.17 | C29: 3.00928 | D29: 3.487744 | E29: 4.017152 | F29: 1.701888 | G29: 3.13472 | H29: 3.635712 | I29: 1.183744 | J29: 1.366016 | K29: 3.458816 | L29: 734 | M29: 8947 | N29: 5420 | O29: 9076 | P29: 0 | Q29: =208+2455+1677+2751 -> 7091 | R29: =20.09/21 -> 0.95666667 | S29: 32 | T29: 41 | U29: 79 | V29: 240 | W29: 94 | X29: 76 | Y29: 0
A30: 44255 | B30: 10.17 | C30: 3.075328 | D30: 3.385344 | E30: 3.789312 | F30: 1.78944 | G30: 2.736384 | H30: 3.722752 | I30: 1.195904 | J30: 1.374464 | K30: 3.318272 | L30: 0 | M30: 11737 | N30: 9868 | O30: 4992 | P30: 0 | Q30: =3162+2499+1410 -> 7071 | R30: =20.09/21 -> 0.95666667 | S30: 32 | T30: 30 | U30: 447 | V30: 236 | W30: 89 | X30: 0 | Y30: 0
