Workbook

Sheet TOTAL
A1: Site Name | B1: Day | C1: Month | D1: Year | E1: Total Electricity Kwh | F1: Electricity Tariff ($/Kwh) | G1: Natual Gas (m3) | H1: Natural Gas $/m3 | I1: Water Utility Supply (m3) m3 | J1: Water Utility Supply (m3) $/m3 | K1: Room Nights
A2: Orlando | B2: 4 | C2: 1 | D2: 2021 | E2: =Submetering!F3+Submetering!H3+Submetering!J3+Submetering!L3+Submetering!N3+Submetering!P3+Submetering!R3+Submetering!T3+Submetering!V3+Submetering!X3+Submetering!Z3+Submetering!AB3+Submetering!AC3+Submetering!AD3+Submetering!AE3 -> 138329 | F2: =((((Submetering!E3+Submetering!AD3)*0.13773+(Submetering!E3+Submetering!AD3)*0.02095)*1.09+(2.85/30)*2)+(((Submetering!F3+Submetering!H3+Submetering!J3+Submetering!L3+Submetering!N3+Submetering!P3+Submetering!R3+Submetering!T3+Submetering!V3+Submetering!X3+Submetering!Z3+Submetering!AB3+Submetering!AC3+Submetering!AE3)*0.05155)+((Submetering!F3+Submetering!H3+Submetering!J3+Submetering!L3+Submetering!N3+Submetering!P3+Submetering!R3+Submetering!T3+Submetering!V3+Submetering!X3+Submetering!Z3+Submetering!AB3+Submetering!AC3+Submetering!AE3)*0.02095)+(20/30)*15)*1.1048)/E2 -> 0.081089886 | G2: =Submetering!AK3+Submetering!AL3+Submetering!AU3 -> 2596.3234 | H2: 0.8166 | I2: =Submetering!AF3+Submetering!AG3+Submetering!AH3+Submetering!AI3+Submetering!AJ3+Submetering!AM3+Submetering!AN3+Submetering!AO3+Submetering!AQ3+Submetering!AR3+Submetering!AS3+Submetering!AT3+Submetering!AV3+Submetering!AY3+Submetering!AW3+Submetering!AZ3+Submetering!BA3 -> 9300.7272 | J2: =((Submetering!AG3+Submetering!BA3)*0.8868+(1712.96+1070.52)/30+(Submetering!AF3+Submetering!AY3+Submetering!AV3+Submetering!AZ3)*1.1251+(2076.11+129.67+207.57+207.57)/30+(11680.53+56.61)/30)/I2 -> 0.46061868
A3: Orlando | B3: 11 | C3: 1 | D3: 2021 | E3: =Submetering!F4+Submetering!H4+Submetering!J4+Submetering!L4+Submetering!N4+Submetering!P4+Submetering!R4+Submetering!T4+Submetering!V4+Submetering!X4+Submetering!Z4+Submetering!AB4+Submetering!AC4+Submetering!AD4+Submetering!AE4 -> 240829 | F3: =((((Submetering!E4+Submetering!AD4)*0.13773+(Submetering!E4+Submetering!AD4)*0.02095)*1.09+(2.85/30)*2)+(((Submetering!F4+Submetering!H4+Submetering!J4+Submetering!L4+Submetering!N4+Submetering!P4+Submetering!R4+Submetering!T4+Submetering!V4+Submetering!X4+Submetering!Z4+Submetering!AB4+Submetering!AC4+Submetering!AE4)*0.05155)+((Submetering!F4+Submetering!H4+Submetering!J4+Submetering!L4+Submetering!N4+Submetering!P4+Submetering!R4+Submetering!T4+Submetering!V4+Submetering!X4+Submetering!Z4+Submetering!AB4+Submetering!AC4+Submetering!AE4)*0.02095)+(20/30)*15)*1.1048)/E3 -> 0.08089305 | G3: =Submetering!AK4+Submetering!AL4+Submetering!AU4 -> 8660.2798 | H3: 0.8166 | I3: =Submetering!AF4+Submetering!AG4+Submetering!AH4+Submetering!AI4+Submetering!AJ4+Submetering!AM4+Submetering!AN4+Submetering!AO4+Submetering!AQ4+Submetering!AR4+Submetering!AS4+Submetering!AT4+Submetering!AV4+Submetering!AY4+Submetering!AW4+Submetering!AZ4+Submetering!BA4 -> 10550.016 | J3: =((Submetering!AG4+Submetering!BA4)*0.8868+(1712.96+1070.52)/30+(Submetering!AF4+Submetering!AY4+Submetering!AV4+Submetering!AZ4)*1.1251+(2076.11+129.67+207.57+207.57)/30+(11680.53+56.61)/30)/I3 -> 0.50520421
A4: Orlando | B4: 18 | C4: 1 | D4: 2021 | E4: =Submetering!F5+Submetering!H5+Submetering!J5+Submetering!L5+Submetering!N5+Submetering!P5+Submetering!R5+Submetering!T5+Submetering!V5+Submetering!X5+Submetering!Z5+Submetering!AB5+Submetering!AC5+Submetering!AD5+Submetering!AE5 -> 243403 | F4: =((((Submetering!E5+Submetering!AD5)*0.13773+(Submetering!E5+Submetering!AD5)*0.02095)*1.09+(2.85/30)*2)+(((Submetering!F5+Submetering!H5+Submetering!J5+Submetering!L5+Submetering!N5+Submetering!P5+Submetering!R5+Submetering!T5+Submetering!V5+Submetering!X5+Submetering!Z5+Submetering!AB5+Submetering!AC5+Submetering!AE5)*0.05155)+((Submetering!F5+Submetering!H5+Submetering!J5+Submetering!L5+Submetering!N5+Submetering!P5+Submetering!R5+Submetering!T5+Submetering!V5+Submetering!X5+Submetering!Z5+Submetering!AB5+Submetering!AC5+Submetering!AE5)*0.02095)+(20/30)*15)*1.1048)/E4 -> 0.080880684 | G4: =Submetering!AK5+Submetering!AL5+Submetering!AU5 -> 8077.7588 | H4: 0.8166 | I4: =Submetering!AF5+Submetering!AG5+Submetering!AH5+Submetering!AI5+Submetering!AJ5+Submetering!AM5+Submetering!AN5+Submetering!AO5+Submetering!AQ5+Submetering!AR5+Submetering!AS5+Submetering!AT5+Submetering!AV5+Submetering!AY5+Submetering!AW5+Submetering!AZ5+Submetering!BA5 -> 10537.991 | J4: =((Submetering!AG5+Submetering!BA5)*0.8868+(1712.96+1070.52)/30+(Submetering!AF5+Submetering!AY5+Submetering!AV5+Submetering!AZ5)*1.1251+(2076.11+129.67+207.57+207.57)/30+(11680.53+56.61)/30)/I4 -> 0.50647949
A5: Orlando | B5: 25 | C5: 1 | D5: 2021 | E5: =Submetering!F6+Submetering!H6+Submetering!J6+Submetering!L6+Submetering!N6+Submetering!P6+Submetering!R6+Submetering!T6+Submetering!V6+Submetering!X6+Submetering!Z6+Submetering!AB6+Submetering!AC6+Submetering!AD6+Submetering!AE6 -> 275379 | F5: =((((Submetering!E6+Submetering!AD6)*0.13773+(Submetering!E6+Submetering!AD6)*0.02095)*1.09+(2.85/30)*2)+(((Submetering!F6+Submetering!H6+Submetering!J6+Submetering!L6+Submetering!N6+Submetering!P6+Submetering!R6+Submetering!T6+Submetering!V6+Submetering!X6+Submetering!Z6+Submetering!AB6+Submetering!AC6+Submetering!AE6)*0.05155)+((Submetering!F6+Submetering!H6+Submetering!J6+Submetering!L6+Submetering!N6+Submetering!P6+Submetering!R6+Submetering!T6+Submetering!V6+Submetering!X6+Submetering!Z6+Submetering!AB6+Submetering!AC6+Submetering!AE6)*0.02095)+(20/30)*15)*1.1048)/E5 -> 0.080649402 | G5: =Submetering!AK6+Submetering!AL6+Submetering!AU6 -> 7589.8046 | H5: 0.8166 | I5: =Submetering!AF6+Submetering!AG6+Submetering!AH6+Submetering!AI6+Submetering!AJ6+Submetering!AM6+Submetering!AN6+Submetering!AO6+Submetering!AQ6+Submetering!AR6+Submetering!AS6+Submetering!AT6+Submetering!AV6+Submetering!AY6+Submetering!AW6+Submetering!AZ6+Submetering!BA6 -> 13604.29 | J5: =((Submetering!AG6+Submetering!BA6)*0.8868+(1712.96+1070.52)/30+(Submetering!AF6+Submetering!AY6+Submetering!AV6+Submetering!AZ6)*1.1251+(2076.11+129.67+207.57+207.57)/30+(11680.53+56.61)/30)/I5 -> 0.44970141
A6: Orlando | B6: 31 | C6: 1 | D6: 2021 | E6: =Submetering!F7+Submetering!H7+Submetering!J7+Submetering!L7+Submetering!N7+Submetering!P7+Submetering!R7+Submetering!T7+Submetering!V7+Submetering!X7+Submetering!Z7+Submetering!AB7+Submetering!AC7+Submetering!AD7+Submetering!AE7 -> 262834 | F6: =((((Submetering!E7+Submetering!AD7)*0.13773+(Submetering!E7+Submetering!AD7)*0.02095)*1.09+(2.85/30)*2)+(((Submetering!F7+Submetering!H7+Submetering!J7+Submetering!L7+Submetering!N7+Submetering!P7+Submetering!R7+Submetering!T7+Submetering!V7+Submetering!X7+Submetering!Z7+Submetering!AB7+Submetering!AC7+Submetering!AE7)*0.05155)+((Submetering!F7+Submetering!H7+Submetering!J7+Submetering!L7+Submetering!N7+Submetering!P7+Submetering!R7+Submetering!T7+Submetering!V7+Submetering!X7+Submetering!Z7+Submetering!AB7+Submetering!AC7+Submetering!AE7)*0.02095)+(20/30)*15)*1.1048)/E6 -> 0.080859183 | G6: =Submetering!AK7+Submetering!AL7+Submetering!AU7 -> 6553.9132 | H6: 0.8166 | I6: =Submetering!AF7+Submetering!AG7+Submetering!AH7+Submetering!AI7+Submetering!AJ7+Submetering!AM7+Submetering!AN7+Submetering!AO7+Submetering!AQ7+Submetering!AR7+Submetering!AS7+Submetering!AT7+Submetering!AV7+Submetering!AY7+Submetering!AW7+Submetering!AZ7+Submetering!BA7 -> 13988.78 | J6: =((Submetering!AG7+Submetering!BA7)*0.8868+(1712.96+1070.52)/30+(Submetering!AF7+Submetering!AY7+Submetering!AV7+Submetering!AZ7)*1.1251+(2076.11+129.67+207.57+207.57)/30+(11680.53+56.61)/30)/I6 -> 0.42314195 | K6: =Occupancy!H4 -> 0
A7: Orlando | B7: 8 | C7: 2 | D7: 2021 | E7: =Submetering!F8+Submetering!H8+Submetering!J8+Submetering!L8+Submetering!N8+Submetering!P8+Submetering!R8+Submetering!T8+Submetering!V8+Submetering!X8+Submetering!Z8+Submetering!AB8+Submetering!AC8+Submetering!AD8+Submetering!AE8 -> 244331 | F7: =((((Submetering!E8+Submetering!AD8)*0.13773+(Submetering!E8+Submetering!AD8)*0.02095)*1.09+(2.85/30)*2)+(((Submetering!F8+Submetering!H8+Submetering!J8+Submetering!L8+Submetering!N8+Submetering!P8+Submetering!R8+Submetering!T8+Submetering!V8+Submetering!X8+Submetering!Z8+Submetering!AB8+Submetering!AC8+Submetering!AE8)*0.05155)+((Submetering!F8+Submetering!H8+Submetering!J8+Submetering!L8+Submetering!N8+Submetering!P8+Submetering!R8+Submetering!T8+Submetering!V8+Submetering!X8+Submetering!Z8+Submetering!AB8+Submetering!AC8+Submetering!AE8)*0.02095)+(20/30)*15)*1.1048)/E7 -> 0.080976043 | G7: =Submetering!AK8+Submetering!AL8+Submetering!AU8 -> 7512.3606 | H7: 0.8166 | I7: =Submetering!AF8+Submetering!AG8+Submetering!AH8+Submetering!AI8+Submetering!AJ8+Submetering!AM8+Submetering!AN8+Submetering!AO8+Submetering!AQ8+Submetering!AR8+Submetering!AS8+Submetering!AT8+Submetering!AV8+Submetering!AY8+Submetering!AW8+Submetering!AZ8+Submetering!BA8 -> 11350.516 | J7: =((Submetering!AG8+Submetering!BA8)*0.8868+(1712.96+1070.52)/30+(Submetering!AF8+Submetering!AY8+Submetering!AV8+Submetering!AZ8)*1.1251+(2076.11+129.67+207.57+207.57)/30+(11680.53+56.61)/30)/I7 -> 0.46108527
A8: Orlando | B8: 15 | C8: 2 | D8: 2021 | E8: =Submetering!F9+Submetering!H9+Submetering!J9+Submetering!L9+Submetering!N9+Submetering!P9+Submetering!R9+Submetering!T9+Submetering!V9+Submetering!X9+Submetering!Z9+Submetering!AB9+Submetering!AC9+Submetering!AD9+Submetering!AE9 -> 294875 | F8: =((((Submetering!E9+Submetering!AD9)*0.13773+(Submetering!E9+Submetering!AD9)*0.02095)*1.09+(2.85/30)*2)+(((Submetering!F9+Submetering!H9+Submetering!J9+Submetering!L9+Submetering!N9+Submetering!P9+Submetering!R9+Submetering!T9+Submetering!V9+Submetering!X9+Submetering!Z9+Submetering!AB9+Submetering!AC9+Submetering!AE9)*0.05155)+((Submetering!F9+Submetering!H9+Submetering!J9+Submetering!L9+Submetering!N9+Submetering!P9+Submetering!R9+Submetering!T9+Submetering!V9+Submetering!X9+Submetering!Z9+Submetering!AB9+Submetering!AC9+Submetering!AE9)*0.02095)+(20/30)*15)*1.1048)/E8 -> 0.080722391 | G8: =Submetering!AK9+Submetering!AL9+Submetering!AU9 -> 4271.618 | H8: 0.8166 | I8: =Submetering!AF9+Submetering!AG9+Submetering!AH9+Submetering!AI9+Submetering!AJ9+Submetering!AM9+Submetering!AN9+Submetering!AO9+Submetering!AQ9+Submetering!AR9+Submetering!AS9+Submetering!AT9+Submetering!AV9+Submetering!AY9+Submetering!AW9+Submetering!AZ9+Submetering!BA9 -> 16571.508 | J8: =((Submetering!AG9+Submetering!BA9)*0.8868+(1712.96+1070.52)/30+(Submetering!AF9+Submetering!AY9+Submetering!AV9+Submetering!AZ9)*1.1251+(2076.11+129.67+207.57+207.57)/30+(11680.53+56.61)/30)/I8 -> 0.34992474
A9: Orlando | B9: 22 | C9: 2 | D9: 2021 | E9: =Submetering!F10+Submetering!H10+Submetering!J10+Submetering!L10+Submetering!N10+Submetering!P10+Submetering!R10+Submetering!T10+Submetering!V10+Submetering!X10+Submetering!Z10+Submetering!AB10+Submetering!AC10+Submetering!AD10+Submetering!AE10 -> 280664 | F9: =((((Submetering!E10+Submetering!AD10)*0.13773+(Submetering!E10+Submetering!AD10)*0.02095)*1.09+(2.85/30)*2)+(((Submetering!F10+Submetering!H10+Submetering!J10+Submetering!L10+Submetering!N10+Submetering!P10+Submetering!R10+Submetering!T10+Submetering!V10+Submetering!X10+Submetering!Z10+Submetering!AB10+Submetering!AC10+Submetering!AE10)*0.05155)+((Submetering!F10+Submetering!H10+Submetering!J10+Submetering!L10+Submetering!N10+Submetering!P10+Submetering!R10+Submetering!T10+Submetering!V10+Submetering!X10+Submetering!Z10+Submetering!AB10+Submetering!AC10+Submetering!AE10)*0.02095)+(20/30)*15)*1.1048)/E9 -> 0.080802235 | G9: =Submetering!AK10+Submetering!AL10+Submetering!AU10 -> 5643.4864 | H9: 0.8166 | I9: =Submetering!AF10+Submetering!AG10+Submetering!AH10+Submetering!AI10+Submetering!AJ10+Submetering!AM10+Submetering!AN10+Submetering!AO10+Submetering!AQ10+Submetering!AR10+Submetering!AS10+Submetering!AT10+Submetering!AV10+Submetering!AY10+Submetering!AW10+Submetering!AZ10+Submetering!BA10 -> 14289.998 | J9: =((Submetering!AG10+Submetering!BA10)*0.8868+(1712.96+1070.52)/30+(Submetering!AF10+Submetering!AY10+Submetering!AV10+Submetering!AZ10)*1.1251+(2076.11+129.67+207.57+207.57)/30+(11680.53+56.61)/30)/I9 -> 0.39440297
A10: Orlando | B10: 28 | C10: 2 | D10: 2021 | E10: =Submetering!F11+Submetering!H11+Submetering!J11+Submetering!L11+Submetering!N11+Submetering!P11+Submetering!R11+Submetering!T11+Submetering!V11+Submetering!X11+Submetering!Z11+Submetering!AB11+Submetering!AC11+Submetering!AD11+Submetering!AE11 -> 290324 | F10: =((((Submetering!E11+Submetering!AD11)*0.13773+(Submetering!E11+Submetering!AD11)*0.02095)*1.09+(2.85/30)*2)+(((Submetering!F11+Submetering!H11+Submetering!J11+Submetering!L11+Submetering!N11+Submetering!P11+Submetering!R11+Submetering!T11+Submetering!V11+Submetering!X11+Submetering!Z11+Submetering!AB11+Submetering!AC11+Submetering!AE11)*0.05155)+((Submetering!F11+Submetering!H11+Submetering!J11+Submetering!L11+Submetering!N11+Submetering!P11+Submetering!R11+Submetering!T11+Submetering!V11+Submetering!X11+Submetering!Z11+Submetering!AB11+Submetering!AC11+Submetering!AE11)*0.02095)+(20/30)*15)*1.1048)/E10 -> 0.08068893 | G10: =Submetering!AK11+Submetering!AL11+Submetering!AU11 -> 5096.8678 | H10: 0.8166 | I10: =Submetering!AF11+Submetering!AG11+Submetering!AH11+Submetering!AI11+Submetering!AJ11+Submetering!AM11+Submetering!AN11+Submetering!AO11+Submetering!AQ11+Submetering!AR11+Submetering!AS11+Submetering!AT11+Submetering!AV11+Submetering!AY11+Submetering!AW11+Submetering!AZ11+Submetering!BA11 -> 15466.665 | J10: =((Submetering!AG11+Submetering!BA11)*0.8868+(1712.96+1070.52)/30+(Submetering!AF11+Submetering!AY11+Submetering!AV11+Submetering!AZ11)*1.1251+(2076.11+129.67+207.57+207.57)/30+(11680.53+56.61)/30)/I10 -> 0.36636379 | K10: =Occupancy!H5 -> 0
A11: Orlando | B11: 8 | C11: 3 | D11: 2021 | E11: =Submetering!F12+Submetering!H12+Submetering!J12+Submetering!L12+Submetering!N12+Submetering!P12+Submetering!R12+Submetering!T12+Submetering!V12+Submetering!X12+Submetering!Z12+Submetering!AB12+Submetering!AC12+Submetering!AD12+Submetering!AE12 -> -122753502 | F11: =((((Submetering!E12+Submetering!AD12)*0.13773+(Submetering!E12+Submetering!AD12)*0.02095)*1.09+(2.85/30)*2)+(((Submetering!F12+Submetering!H12+Submetering!J12+Submetering!L12+Submetering!N12+Submetering!P12+Submetering!R12+Submetering!T12+Submetering!V12+Submetering!X12+Submetering!Z12+Submetering!AB12+Submetering!AC12+Submetering!AE12)*0.05155)+((Submetering!F12+Submetering!H12+Submetering!J12+Submetering!L12+Submetering!N12+Submetering!P12+Submetering!R12+Submetering!T12+Submetering!V12+Submetering!X12+Submetering!Z12+Submetering!AB12+Submetering!AC12+Submetering!AE12)*0.02095)+(20/30)*15)*1.1048)/E11 -> 0.080230847 | G11: =Submetering!AK12+Submetering!AL12+Submetering!AU12 -> -475110.31 | H11: 0.8166 | I11: =Submetering!AF12+Submetering!AG12+Submetering!AH12+Submetering!AI12+Submetering!AJ12+Submetering!AM12+Submetering!AN12+Submetering!AO12+Submetering!AQ12+Submetering!AR12+Submetering!AS12+Submetering!AT12+Submetering!AV12+Submetering!AY12+Submetering!AW12+Submetering!AZ12+Submetering!BA12 -> -4069477 | J11: =((Submetering!AG12+Submetering!BA12)*0.8868+(1712.96+1070.52)/30+(Submetering!AF12+Submetering!AY12+Submetering!AV12+Submetering!AZ12)*1.1251+(2076.11+129.67+207.57+207.57)/30+(11680.53+56.61)/30)/I11 -> 0.54766203
A12: Orlando | B12: 15 | C12: 3 | D12: 2021 | E12: =Submetering!F13+Submetering!H13+Submetering!J13+Submetering!L13+Submetering!N13+Submetering!P13+Submetering!R13+Submetering!T13+Submetering!V13+Submetering!X13+Submetering!Z13+Submetering!AB13+Submetering!AC13+Submetering!AD13+Submetering!AE13 -> 0 | F12: =((((Submetering!E13+Submetering!AD13)*0.13773+(Submetering!E13+Submetering!AD13)*0.02095)*1.09+(2.85/30)*2)+(((Submetering!F13+Submetering!H13+Submetering!J13+Submetering!L13+Submetering!N13+Submetering!P13+Submetering!R13+Submetering!T13+Submetering!V13+Submetering!X13+Submetering!Z13+Submetering!AB13+Submetering!AC13+Submetering!AE13)*0.05155)+((Submetering!F13+Submetering!H13+Submetering!J13+Submetering!L13+Submetering!N13+Submetering!P13+Submetering!R13+Submetering!T13+Submetering!V13+Submetering!X13+Submetering!Z13+Submetering!AB13+Submetering!AC13+Submetering!AE13)*0.02095)+(20/30)*15)*1.1048)/E12 -> #DIV/0! | G12: =Submetering!AK13+Submetering!AL13+Submetering!AU13 -> 0 | H12: 0.8166 | I12: =Submetering!AF13+Submetering!AG13+Submetering!AH13+Submetering!AI13+Submetering!AJ13+Submetering!AM13+Submetering!AN13+Submetering!AO13+Submetering!AQ13+Submetering!AR13+Submetering!AS13+Submetering!AT13+Submetering!AV13+Submetering!AY13+Submetering!AW13+Submetering!AZ13+Submetering!BA13 -> 0 | J12: =((Submetering!AG13+Submetering!BA13)*0.8868+(1712.96+1070.52)/30+(Submetering!AF13+Submetering!AY13+Submetering!AV13+Submetering!AZ13)*1.1251+(2076.11+129.67+207.57+207.57)/30+(11680.53+56.61)/30)/I12 -> #DIV/0!
A13: Orlando | B13: 22 | C13: 3 | D13: 2021 | E13: =Submetering!F14+Submetering!H14+Submetering!J14+Submetering!L14+Submetering!N14+Submetering!P14+Submetering!R14+Submetering!T14+Submetering!V14+Submetering!X14+Submetering!Z14+Submetering!AB14+Submetering!AC14+Submetering!AD14+Submetering!AE14 -> 0 | F13: =((((Submetering!E14+Submetering!AD14)*0.13773+(Submetering!E14+Submetering!AD14)*0.02095)*1.09+(2.85/30)*2)+(((Submetering!F14+Submetering!H14+Submetering!J14+Submetering!L14+Submetering!N14+Submetering!P14+Submetering!R14+Submetering!T14+Submetering!V14+Submetering!X14+Submetering!Z14+Submetering!AB14+Submetering!AC14+Submetering!AE14)*0.05155)+((Submetering!F14+Submetering!H14+Submetering!J14+Submetering!L14+Submetering!N14+Submetering!P14+Submetering!R14+Submetering!T14+Submetering!V14+Submetering!X14+Submetering!Z14+Submetering!AB14+Submetering!AC14+Submetering!AE14)*0.02095)+(20/30)*15)*1.1048)/E13 -> #DIV/0! | G13: =Submetering!AK14+Submetering!AL14+Submetering!AU14 -> 0 | H13: 0.8166 | I13: =Submetering!AF14+Submetering!AG14+Submetering!AH14+Submetering!AI14+Submetering!AJ14+Submetering!AM14+Submetering!AN14+Submetering!AO14+Submetering!AQ14+Submetering!AR14+Submetering!AS14+Submetering!AT14+Submetering!AV14+Submetering!AY14+Submetering!AW14+Submetering!AZ14+Submetering!BA14 -> 0 | J13: =((Submetering!AG14+Submetering!BA14)*0.8868+(1712.96+1070.52)/30+(Submetering!AF14+Submetering!AY14+Submetering!AV14+Submetering!AZ14)*1.1251+(2076.11+129.67+207.57+207.57)/30+(11680.53+56.61)/30)/I13 -> #DIV/0!
A14: Orlando | B14: 29 | C14: 3 | D14: 2021 | E14: =Submetering!F15+Submetering!H15+Submetering!J15+Submetering!L15+Submetering!N15+Submetering!P15+Submetering!R15+Submetering!T15+Submetering!V15+Submetering!X15+Submetering!Z15+Submetering!AB15+Submetering!AC15+Submetering!AD15+Submetering!AE15 -> 0 | F14: =((((Submetering!E15+Submetering!AD15)*0.13773+(Submetering!E15+Submetering!AD15)*0.02095)*1.09+(2.85/30)*2)+(((Submetering!F15+Submetering!H15+Submetering!J15+Submetering!L15+Submetering!N15+Submetering!P15+Submetering!R15+Submetering!T15+Submetering!V15+Submetering!X15+Submetering!Z15+Submetering!AB15+Submetering!AC15+Submetering!AE15)*0.05155)+((Submetering!F15+Submetering!H15+Submetering!J15+Submetering!L15+Submetering!N15+Submetering!P15+Submetering!R15+Submetering!T15+Submetering!V15+Submetering!X15+Submetering!Z15+Submetering!AB15+Submetering!AC15+Submetering!AE15)*0.02095)+(20/30)*15)*1.1048)/E14 -> #DIV/0! | G14: =Submetering!AK15+Submetering!AL15+Submetering!AU15 -> 0 | H14: 0.8166 | I14: =Submetering!AF15+Submetering!AG15+Submetering!AH15+Submetering!AI15+Submetering!AJ15+Submetering!AM15+Submetering!AN15+Submetering!AO15+Submetering!AQ15+Submetering!AR15+Submetering!AS15+Submetering!AT15+Submetering!AV15+Submetering!AY15+Submetering!AW15+Submetering!AZ15+Submetering!BA15 -> 0 | J14: =((Submetering!AG15+Submetering!BA15)*0.8868+(1712.96+1070.52)/30+(Submetering!AF15+Submetering!AY15+Submetering!AV15+Submetering!AZ15)*1.1251+(2076.11+129.67+207.57+207.57)/30+(11680.53+56.61)/30)/I14 -> #DIV/0!
A15: Orlando | B15: 31 | C15: 3 | D15: 2021 | E15: =Submetering!F16+Submetering!H16+Submetering!J16+Submetering!L16+Submetering!N16+Submetering!P16+Submetering!R16+Submetering!T16+Submetering!V16+Submetering!X16+Submetering!Z16+Submetering!AB16+Submetering!AC16+Submetering!AD16+Submetering!AE16 -> 0 | F15: =((((Submetering!E16+Submetering!AD16)*0.13773+(Submetering!E16+Submetering!AD16)*0.02095)*1.09+(2.85/30)*2)+(((Submetering!F16+Submetering!H16+Submetering!J16+Submetering!L16+Submetering!N16+Submetering!P16+Submetering!R16+Submetering!T16+Submetering!V16+Submetering!X16+Submetering!Z16+Submetering!AB16+Submetering!AC16+Submetering!AE16)*0.05155)+((Submetering!F16+Submetering!H16+Submetering!J16+Submetering!L16+Submetering!N16+Submetering!P16+Submetering!R16+Submetering!T16+Submetering!V16+Submetering!X16+Submetering!Z16+Submetering!AB16+Submetering!AC16+Submetering!AE16)*0.02095)+(20/30)*15)*1.1048)/E15 -> #DIV/0! | G15: =Submetering!AK16+Submetering!AL16+Submetering!AU16 -> 0 | H15: 0.8166 | I15: =Submetering!AF16+Submetering!AG16+Submetering!AH16+Submetering!AI16+Submetering!AJ16+Submetering!AM16+Submetering!AN16+Submetering!AO16+Submetering!AQ16+Submetering!AR16+Submetering!AS16+Submetering!AT16+Submetering!AV16+Submetering!AY16+Submetering!AW16+Submetering!AZ16+Submetering!BA16 -> 0 | J15: =((Submetering!AG16+Submetering!BA16)*0.8868+(1712.96+1070.52)/30+(Submetering!AF16+Submetering!AY16+Submetering!AV16+Submetering!AZ16)*1.1251+(2076.11+129.67+207.57+207.57)/30+(11680.53+56.61)/30)/I15 -> #DIV/0! | K15: =Occupancy!H6 -> 0
A16: Orlando | B16: 5 | C16: 4 | D16: 2021 | E16: =Submetering!F17+Submetering!H17+Submetering!J17+Submetering!L17+Submetering!N17+Submetering!P17+Submetering!R17+Submetering!T17+Submetering!V17+Submetering!X17+Submetering!Z17+Submetering!AB17+Submetering!AC17+Submetering!AD17+Submetering!AE17 -> 0 | F16: =((((Submetering!E17+Submetering!AD17)*0.13773+(Submetering!E17+Submetering!AD17)*0.02095)*1.09+(2.85/30)*2)+(((Submetering!F17+Submetering!H17+Submetering!J17+Submetering!L17+Submetering!N17+Submetering!P17+Submetering!R17+Submetering!T17+Submetering!V17+Submetering!X17+Submetering!Z17+Submetering!AB17+Submetering!AC17+Submetering!AE17)*0.05155)+((Submetering!F17+Submetering!H17+Submetering!J17+Submetering!L17+Submetering!N17+Submetering!P17+Submetering!R17+Submetering!T17+Submetering!V17+Submetering!X17+Submetering!Z17+Submetering!AB17+Submetering!AC17+Submetering!AE17)*0.02095)+(20/30)*15)*1.1048)/E16 -> #DIV/0! | G16: =Submetering!AK17+Submetering!AL17+Submetering!AU17 -> 0 | H16: 0.8166 | I16: =Submetering!AF17+Submetering!AG17+Submetering!AH17+Submetering!AI17+Submetering!AJ17+Submetering!AM17+Submetering!AN17+Submetering!AO17+Submetering!AQ17+Submetering!AR17+Submetering!AS17+Submetering!AT17+Submetering!AV17+Submetering!AY17+Submetering!AW17+Submetering!AZ17+Submetering!BA17 -> 0 | J16: =((Submetering!AG17+Submetering!BA17)*0.8868+(1712.96+1070.52)/30+(Submetering!AF17+Submetering!AY17+Submetering!AV17+Submetering!AZ17)*1.1251+(2076.11+129.67+207.57+207.57)/30+(11680.53+56.61)/30)/I16 -> #DIV/0!
A17: Orlando | B17: 12 | C17: 4 | D17: 2021 | E17: =Submetering!F18+Submetering!H18+Submetering!J18+Submetering!L18+Submetering!N18+Submetering!P18+Submetering!R18+Submetering!T18+Submetering!V18+Submetering!X18+Submetering!Z18+Submetering!AB18+Submetering!AC18+Submetering!AD18+Submetering!AE18 -> 0 | F17: =((((Submetering!E18+Submetering!AD18)*0.13773+(Submetering!E18+Submetering!AD18)*0.02095)*1.09+(2.85/30)*2)+(((Submetering!F18+Submetering!H18+Submetering!J18+Submetering!L18+Submetering!N18+Submetering!P18+Submetering!R18+Submetering!T18+Submetering!V18+Submetering!X18+Submetering!Z18+Submetering!AB18+Submetering!AC18+Submetering!AE18)*0.05155)+((Submetering!F18+Submetering!H18+Submetering!J18+Submetering!L18+Submetering!N18+Submetering!P18+Submetering!R18+Submetering!T18+Submetering!V18+Submetering!X18+Submetering!Z18+Submetering!AB18+Submetering!AC18+Submetering!AE18)*0.02095)+(20/30)*15)*1.1048)/E17 -> #DIV/0! | G17: =Submetering!AK18+Submetering!AL18+Submetering!AU18 -> 0 | H17: 0.8166 | I17: =Submetering!AF18+Submetering!AG18+Submetering!AH18+Submetering!AI18+Submetering!AJ18+Submetering!AM18+Submetering!AN18+Submetering!AO18+Submetering!AQ18+Submetering!AR18+Submetering!AS18+Submetering!AT18+Submetering!AV18+Submetering!AY18+Submetering!AW18+Submetering!AZ18+Submetering!BA18 -> 0 | J17: =((Submetering!AG18+Submetering!BA18)*0.8868+(1712.96+1070.52)/30+(Submetering!AF18+Submetering!AY18+Submetering!AV18+Submetering!AZ18)*1.1251+(2076.11+129.67+207.57+207.57)/30+(11680.53+56.61)/30)/I17 -> #DIV/0!
A18: Orlando | B18: 19 | C18: 4 | D18: 2021 | E18: =Submetering!F19+Submetering!H19+Submetering!J19+Submetering!L19+Submetering!N19+Submetering!P19+Submetering!R19+Submetering!T19+Submetering!V19+Submetering!X19+Submetering!Z19+Submetering!AB19+Submetering!AC19+Submetering!AD19+Submetering!AE19 -> 0 | F18: =((((Submetering!E19+Submetering!AD19)*0.13773+(Submetering!E19+Submetering!AD19)*0.02095)*1.09+(2.85/30)*2)+(((Submetering!F19+Submetering!H19+Submetering!J19+Submetering!L19+Submetering!N19+Submetering!P19+Submetering!R19+Submetering!T19+Submetering!V19+Submetering!X19+Submetering!Z19+Submetering!AB19+Submetering!AC19+Submetering!AE19)*0.05155)+((Submetering!F19+Submetering!H19+Submetering!J19+Submetering!L19+Submetering!N19+Submetering!P19+Submetering!R19+Submetering!T19+Submetering!V19+Submetering!X19+Submetering!Z19+Submetering!AB19+Submetering!AC19+Submetering!AE19)*0.02095)+(20/30)*15)*1.1048)/E18 -> #DIV/0! | G18: =Submetering!AK19+Submetering!AL19+Submetering!AU19 -> 0 | H18: 0.8166 | I18: =Submetering!AF19+Submetering!AG19+Submetering!AH19+Submetering!AI19+Submetering!AJ19+Submetering!AM19+Submetering!AN19+Submetering!AO19+Submetering!AQ19+Submetering!AR19+Submetering!AS19+Submetering!AT19+Submetering!AV19+Submetering!AY19+Submetering!AW19+Submetering!AZ19+Submetering!BA19 -> 0 | J18: =((Submetering!AG19+Submetering!BA19)*0.8868+(1712.96+1070.52)/30+(Submetering!AF19+Submetering!AY19+Submetering!AV19+Submetering!AZ19)*1.1251+(2076.11+129.67+207.57+207.57)/30+(11680.53+56.61)/30)/I18 -> #DIV/0!
A19: Orlando | B19: 26 | C19: 4 | D19: 2021 | E19: =Submetering!F20+Submetering!H20+Submetering!J20+Submetering!L20+Submetering!N20+Submetering!P20+Submetering!R20+Submetering!T20+Submetering!V20+Submetering!X20+Submetering!Z20+Submetering!AB20+Submetering!AC20+Submetering!AD20+Submetering!AE20 -> 0 | F19: =((((Submetering!E20+Submetering!AD20)*0.13773+(Submetering!E20+Submetering!AD20)*0.02095)*1.09+(2.85/30)*2)+(((Submetering!F20+Submetering!H20+Submetering!J20+Submetering!L20+Submetering!N20+Submetering!P20+Submetering!R20+Submetering!T20+Submetering!V20+Submetering!X20+Submetering!Z20+Submetering!AB20+Submetering!AC20+Submetering!AE20)*0.05155)+((Submetering!F20+Submetering!H20+Submetering!J20+Submetering!L20+Submetering!N20+Submetering!P20+Submetering!R20+Submetering!T20+Submetering!V20+Submetering!X20+Submetering!Z20+Submetering!AB20+Submetering!AC20+Submetering!AE20)*0.02095)+(20/30)*15)*1.1048)/E19 -> #DIV/0! | G19: =Submetering!AK20+Submetering!AL20+Submetering!AU20 -> 0 | H19: 0.8166 | I19: =Submetering!AF20+Submetering!AG20+Submetering!AH20+Submetering!AI20+Submetering!AJ20+Submetering!AM20+Submetering!AN20+Submetering!AO20+Submetering!AQ20+Submetering!AR20+Submetering!AS20+Submetering!AT20+Submetering!AV20+Submetering!AY20+Submetering!AW20+Submetering!AZ20+Submetering!BA20 -> 0 | J19: =((Submetering!AG20+Submetering!BA20)*0.8868+(1712.96+1070.52)/30+(Submetering!AF20+Submetering!AY20+Submetering!AV20+Submetering!AZ20)*1.1251+(2076.11+129.67+207.57+207.57)/30+(11680.53+56.61)/30)/I19 -> #DIV/0!
A20: Orlando | B20: 30 | C20: 4 | D20: 2021 | E20: =Submetering!F21+Submetering!H21+Submetering!J21+Submetering!L21+Submetering!N21+Submetering!P21+Submetering!R21+Submetering!T21+Submetering!V21+Submetering!X21+Submetering!Z21+Submetering!AB21+Submetering!AC21+Submetering!AD21+Submetering!AE21 -> 0 | F20: =((((Submetering!E21+Submetering!AD21)*0.13773+(Submetering!E21+Submetering!AD21)*0.02095)*1.09+(2.85/30)*2)+(((Submetering!F21+Submetering!H21+Submetering!J21+Submetering!L21+Submetering!N21+Submetering!P21+Submetering!R21+Submetering!T21+Submetering!V21+Submetering!X21+Submetering!Z21+Submetering!AB21+Submetering!AC21+Submetering!AE21)*0.05155)+((Submetering!F21+Submetering!H21+Submetering!J21+Submetering!L21+Submetering!N21+Submetering!P21+Submetering!R21+Submetering!T21+Submetering!V21+Submetering!X21+Submetering!Z21+Submetering!AB21+Submetering!AC21+Submetering!AE21)*0.02095)+(20/30)*15)*1.1048)/E20 -> #DIV/0! | G20: =Submetering!AK21+Submetering!AL21+Submetering!AU21 -> 0 | H20: 0.8166 | I20: =Submetering!AF21+Submetering!AG21+Submetering!AH21+Submetering!AI21+Submetering!AJ21+Submetering!AM21+Submetering!AN21+Submetering!AO21+Submetering!AQ21+Submetering!AR21+Submetering!AS21+Submetering!AT21+Submetering!AV21+Submetering!AY21+Submetering!AW21+Submetering!AZ21+Submetering!BA21 -> 0 | J20: =((Submetering!AG21+Submetering!BA21)*0.8868+(1712.96+1070.52)/30+(Submetering!AF21+Submetering!AY21+Submetering!AV21+Submetering!AZ21)*1.1251+(2076.11+129.67+207.57+207.57)/30+(11680.53+56.61)/30)/I20 -> #DIV/0! | K20: =Occupancy!H7 -> 0
A21: Orlando | B21: 3 | C21: 5 | D21: 2021 | E21: =Submetering!F22+Submetering!H22+Submetering!J22+Submetering!L22+Submetering!N22+Submetering!P22+Submetering!R22+Submetering!T22+Submetering!V22+Submetering!X22+Submetering!Z22+Submetering!AB22+Submetering!AC22+Submetering!AD22+Submetering!AE22 -> 0 | F21: =((((Submetering!E22+Submetering!AD22)*0.13773+(Submetering!E22+Submetering!AD22)*0.02095)*1.09+(2.85/30)*2)+(((Submetering!F22+Submetering!H22+Submetering!J22+Submetering!L22+Submetering!N22+Submetering!P22+Submetering!R22+Submetering!T22+Submetering!V22+Submetering!X22+Submetering!Z22+Submetering!AB22+Submetering!AC22+Submetering!AE22)*0.05155)+((Submetering!F22+Submetering!H22+Submetering!J22+Submetering!L22+Submetering!N22+Submetering!P22+Submetering!R22+Submetering!T22+Submetering!V22+Submetering!X22+Submetering!Z22+Submetering!AB22+Submetering!AC22+Submetering!AE22)*0.02095)+(20/30)*15)*1.1048)/E21 -> #DIV/0! | G21: =Submetering!AK22+Submetering!AL22+Submetering!AU22 -> 0 | H21: 0.8166 | I21: =Submetering!AF22+Submetering!AG22+Submetering!AH22+Submetering!AI22+Submetering!AJ22+Submetering!AM22+Submetering!AN22+Submetering!AO22+Submetering!AQ22+Submetering!AR22+Submetering!AS22+Submetering!AT22+Submetering!AV22+Submetering!AY22+Submetering!AW22+Submetering!AZ22+Submetering!BA22 -> 0 | J21: =((Submetering!AG22+Submetering!BA22)*0.8868+(1712.96+1070.52)/30+(Submetering!AF22+Submetering!AY22+Submetering!AV22+Submetering!AZ22)*1.1251+(2076.11+129.67+207.57+207.57)/30+(11680.53+56.61)/30)/I21 -> #DIV/0!
A22: Orlando | B22: 10 | C22: 5 | D22: 2021 | E22: =Submetering!F23+Submetering!H23+Submetering!J23+Submetering!L23+Submetering!N23+Submetering!P23+Submetering!R23+Submetering!T23+Submetering!V23+Submetering!X23+Submetering!Z23+Submetering!AB23+Submetering!AC23+Submetering!AD23+Submetering!AE23 -> 0 | F22: =((((Submetering!E23+Submetering!AD23)*0.13773+(Submetering!E23+Submetering!AD23)*0.02095)*1.09+(2.85/30)*2)+(((Submetering!F23+Submetering!H23+Submetering!J23+Submetering!L23+Submetering!N23+Submetering!P23+Submetering!R23+Submetering!T23+Submetering!V23+Submetering!X23+Submetering!Z23+Submetering!AB23+Submetering!AC23+Submetering!AE23)*0.05155)+((Submetering!F23+Submetering!H23+Submetering!J23+Submetering!L23+Submetering!N23+Submetering!P23+Submetering!R23+Submetering!T23+Submetering!V23+Submetering!X23+Submetering!Z23+Submetering!AB23+Submetering!AC23+Submetering!AE23)*0.02095)+(20/30)*15)*1.1048)/E22 -> #DIV/0! | G22: =Submetering!AK23+Submetering!AL23+Submetering!AU23 -> 0 | H22: 0.8166 | I22: =Submetering!AF23+Submetering!AG23+Submetering!AH23+Submetering!AI23+Submetering!AJ23+Submetering!AM23+Submetering!AN23+Submetering!AO23+Submetering!AQ23+Submetering!AR23+Submetering!AS23+Submetering!AT23+Submetering!AV23+Submetering!AY23+Submetering!AW23+Submetering!AZ23+Submetering!BA23 -> 0 | J22: =((Submetering!AG23+Submetering!BA23)*0.8868+(1712.96+1070.52)/30+(Submetering!AF23+Submetering!AY23+Submetering!AV23+Submetering!AZ23)*1.1251+(2076.11+129.67+207.57+207.57)/30+(11680.53+56.61)/30)/I22 -> #DIV/0!
A23: Orlando | B23: 17 | C23: 5 | D23: 2021 | E23: =Submetering!F24+Submetering!H24+Submetering!J24+Submetering!L24+Submetering!N24+Submetering!P24+Submetering!R24+Submetering!T24+Submetering!V24+Submetering!X24+Submetering!Z24+Submetering!AB24+Submetering!AC24+Submetering!AD24+Submetering!AE24 -> 0 | F23: =((((Submetering!E24+Submetering!AD24)*0.13773+(Submetering!E24+Submetering!AD24)*0.02095)*1.09+(2.85/30)*2)+(((Submetering!F24+Submetering!H24+Submetering!J24+Submetering!L24+Submetering!N24+Submetering!P24+Submetering!R24+Submetering!T24+Submetering!V24+Submetering!X24+Submetering!Z24+Submetering!AB24+Submetering!AC24+Submetering!AE24)*0.05155)+((Submetering!F24+Submetering!H24+Submetering!J24+Submetering!L24+Submetering!N24+Submetering!P24+Submetering!R24+Submetering!T24+Submetering!V24+Submetering!X24+Submetering!Z24+Submetering!AB24+Submetering!AC24+Submetering!AE24)*0.02095)+(20/30)*15)*1.1048)/E23 -> #DIV/0! | G23: =Submetering!AK24+Submetering!AL24+Submetering!AU24 -> 0 | H23: 0.8166 | I23: =Submetering!AF24+Submetering!AG24+Submetering!AH24+Submetering!AI24+Submetering!AJ24+Submetering!AM24+Submetering!AN24+Submetering!AO24+Submetering!AQ24+Submetering!AR24+Submetering!AS24+Submetering!AT24+Submetering!AV24+Submetering!AY24+Submetering!AW24+Submetering!AZ24+Submetering!BA24 -> 0 | J23: =((Submetering!AG24+Submetering!BA24)*0.8868+(1712.96+1070.52)/30+(Submetering!AF24+Submetering!AY24+Submetering!AV24+Submetering!AZ24)*1.1251+(2076.11+129.67+207.57+207.57)/30+(11680.53+56.61)/30)/I23 -> #DIV/0!
A24: Orlando | B24: 24 | C24: 5 | D24: 2021 | E24: =Submetering!F25+Submetering!H25+Submetering!J25+Submetering!L25+Submetering!N25+Submetering!P25+Submetering!R25+Submetering!T25+Submetering!V25+Submetering!X25+Submetering!Z25+Submetering!AB25+Submetering!AC25+Submetering!AD25+Submetering!AE25 -> 0 | F24: =((((Submetering!E25+Submetering!AD25)*0.13773+(Submetering!E25+Submetering!AD25)*0.02095)*1.09+(2.85/30)*2)+(((Submetering!F25+Submetering!H25+Submetering!J25+Submetering!L25+Submetering!N25+Submetering!P25+Submetering!R25+Submetering!T25+Submetering!V25+Submetering!X25+Submetering!Z25+Submetering!AB25+Submetering!AC25+Submetering!AE25)*0.05155)+((Submetering!F25+Submetering!H25+Submetering!J25+Submetering!L25+Submetering!N25+Submetering!P25+Submetering!R25+Submetering!T25+Submetering!V25+Submetering!X25+Submetering!Z25+Submetering!AB25+Submetering!AC25+Submetering!AE25)*0.02095)+(20/30)*15)*1.1048)/E24 -> #DIV/0! | G24: =Submetering!AK25+Submetering!AL25+Submetering!AU25 -> 0 | H24: 0.8166 | I24: =Submetering!AF25+Submetering!AG25+Submetering!AH25+Submetering!AI25+Submetering!AJ25+Submetering!AM25+Submetering!AN25+Submetering!AO25+Submetering!AQ25+Submetering!AR25+Submetering!AS25+Submetering!AT25+Submetering!AV25+Submetering!AY25+Submetering!AW25+Submetering!AZ25+Submetering!BA25 -> 0 | J24: =((Submetering!AG25+Submetering!BA25)*0.8868+(1712.96+1070.52)/30+(Submetering!AF25+Submetering!AY25+Submetering!AV25+Submetering!AZ25)*1.1251+(2076.11+129.67+207.57+207.57)/30+(11680.53+56.61)/30)/I24 -> #DIV/0!
A25: Orlando | B25: 31 | C25: 5 | D25: 2021 | E25: =Submetering!F26+Submetering!H26+Submetering!J26+Submetering!L26+Submetering!N26+Submetering!P26+Submetering!R26+Submetering!T26+Submetering!V26+Submetering!X26+Submetering!Z26+Submetering!AB26+Submetering!AC26+Submetering!AD26+Submetering!AE26 -> 0 | F25: =((((Submetering!E26+Submetering!AD26)*0.13773+(Submetering!E26+Submetering!AD26)*0.02095)*1.09+(2.85/30)*2)+(((Submetering!F26+Submetering!H26+Submetering!J26+Submetering!L26+Submetering!N26+Submetering!P26+Submetering!R26+Submetering!T26+Submetering!V26+Submetering!X26+Submetering!Z26+Submetering!AB26+Submetering!AC26+Submetering!AE26)*0.05155)+((Submetering!F26+Submetering!H26+Submetering!J26+Submetering!L26+Submetering!N26+Submetering!P26+Submetering!R26+Submetering!T26+Submetering!V26+Submetering!X26+Submetering!Z26+Submetering!AB26+Submetering!AC26+Submetering!AE26)*0.02095)+(20/30)*15)*1.1048)/E25 -> #DIV/0! | G25: =Submetering!AK26+Submetering!AL26+Submetering!AU26 -> 0 | H25: 0.8166 | I25: =Submetering!AF26+Submetering!AG26+Submetering!AH26+Submetering!AI26+Submetering!AJ26+Submetering!AM26+Submetering!AN26+Submetering!AO26+Submetering!AQ26+Submetering!AR26+Submetering!AS26+Submetering!AT26+Submetering!AV26+Submetering!AY26+Submetering!AW26+Submetering!AZ26+Submetering!BA26 -> 0 | J25: =((Submetering!AG26+Submetering!BA26)*0.8868+(1712.96+1070.52)/30+(Submetering!AF26+Submetering!AY26+Submetering!AV26+Submetering!AZ26)*1.1251+(2076.11+129.67+207.57+207.57)/30+(11680.53+56.61)/30)/I25 -> #DIV/0! | K25: =Occupancy!H8 -> 0
A26: Orlando | B26: 7 | C26: 6 | D26: 2021 | E26: =Submetering!F27+Submetering!H27+Submetering!J27+Submetering!L27+Submetering!N27+Submetering!P27+Submetering!R27+Submetering!T27+Submetering!V27+Submetering!X27+Submetering!Z27+Submetering!AB27+Submetering!AC27+Submetering!AD27+Submetering!AE27 -> 0 | F26: =((((Submetering!E27+Submetering!AD27)*0.13773+(Submetering!E27+Submetering!AD27)*0.02095)*1.09+(2.85/30)*2)+(((Submetering!F27+Submetering!H27+Submetering!J27+Submetering!L27+Submetering!N27+Submetering!P27+Submetering!R27+Submetering!T27+Submetering!V27+Submetering!X27+Submetering!Z27+Submetering!AB27+Submetering!AC27+Submetering!AE27)*0.05155)+((Submetering!F27+Submetering!H27+Submetering!J27+Submetering!L27+Submetering!N27+Submetering!P27+Submetering!R27+Submetering!T27+Submetering!V27+Submetering!X27+Submetering!Z27+Submetering!AB27+Submetering!AC27+Submetering!AE27)*0.02095)+(20/30)*15)*1.1048)/E26 -> #DIV/0! | G26: =Submetering!AK27+Submetering!AL27+Submetering!AU27 -> 0 | H26: 0.8166 | I26: =Submetering!AF27+Submetering!AG27+Submetering!AH27+Submetering!AI27+Submetering!AJ27+Submetering!AM27+Submetering!AN27+Submetering!AO27+Submetering!AQ27+Submetering!AR27+Submetering!AS27+Submetering!AT27+Submetering!AV27+Submetering!AY27+Submetering!AW27+Submetering!AZ27+Submetering!BA27 -> 0 | J26: =((Submetering!AG27+Submetering!BA27)*0.8868+(1712.96+1070.52)/30+(Submetering!AF27+Submetering!AY27+Submetering!AV27+Submetering!AZ27)*1.1251+(2076.11+129.67+207.57+207.57)/30+(11680.53+56.61)/30)/I26 -> #DIV/0!
A27: Orlando | B27: 14 | C27: 6 | D27: 2021 | E27: =Submetering!F28+Submetering!H28+Submetering!J28+Submetering!L28+Submetering!N28+Submetering!P28+Submetering!R28+Submetering!T28+Submetering!V28+Submetering!X28+Submetering!Z28+Submetering!AB28+Submetering!AC28+Submetering!AD28+Submetering!AE28 -> 0 | F27: =((((Submetering!E28+Submetering!AD28)*0.13773+(Submetering!E28+Submetering!AD28)*0.02095)*1.09+(2.85/30)*2)+(((Submetering!F28+Submetering!H28+Submetering!J28+Submetering!L28+Submetering!N28+Submetering!P28+Submetering!R28+Submetering!T28+Submetering!V28+Submetering!X28+Submetering!Z28+Submetering!AB28+Submetering!AC28+Submetering!AE28)*0.05155)+((Submetering!F28+Submetering!H28+Submetering!J28+Submetering!L28+Submetering!N28+Submetering!P28+Submetering!R28+Submetering!T28+Submetering!V28+Submetering!X28+Submetering!Z28+Submetering!AB28+Submetering!AC28+Submetering!AE28)*0.02095)+(20/30)*15)*1.1048)/E27 -> #DIV/0! | G27: =Submetering!AK28+Submetering!AL28+Submetering!AU28 -> 0 | H27: 0.8166 | I27: =Submetering!AF28+Submetering!AG28+Submetering!AH28+Submetering!AI28+Submetering!AJ28+Submetering!AM28+Submetering!AN28+Submetering!AO28+Submetering!AQ28+Submetering!AR28+Submetering!AS28+Submetering!AT28+Submetering!AV28+Submetering!AY28+Submetering!AW28+Submetering!AZ28+Submetering!BA28 -> 0 | J27: =((Submetering!AG28+Submetering!BA28)*0.8868+(1712.96+1070.52)/30+(Submetering!AF28+Submetering!AY28+Submetering!AV28+Submetering!AZ28)*1.1251+(2076.11+129.67+207.57+207.57)/30+(11680.53+56.61)/30)/I27 -> #DIV/0!
A28: Orlando | B28: 21 | C28: 6 | D28: 2021 | E28: =Submetering!F29+Submetering!H29+Submetering!J29+Submetering!L29+Submetering!N29+Submetering!P29+Submetering!R29+Submetering!T29+Submetering!V29+Submetering!X29+Submetering!Z29+Submetering!AB29+Submetering!AC29+Submetering!AD29+Submetering!AE29 -> 0 | F28: =((((Submetering!E29+Submetering!AD29)*0.13773+(Submetering!E29+Submetering!AD29)*0.02095)*1.09+(2.85/30)*2)+(((Submetering!F29+Submetering!H29+Submetering!J29+Submetering!L29+Submetering!N29+Submetering!P29+Submetering!R29+Submetering!T29+Submetering!V29+Submetering!X29+Submetering!Z29+Submetering!AB29+Submetering!AC29+Submetering!AE29)*0.05155)+((Submetering!F29+Submetering!H29+Submetering!J29+Submetering!L29+Submetering!N29+Submetering!P29+Submetering!R29+Submetering!T29+Submetering!V29+Submetering!X29+Submetering!Z29+Submetering!AB29+Submetering!AC29+Submetering!AE29)*0.02095)+(20/30)*15)*1.1048)/E28 -> #DIV/0! | G28: =Submetering!AK29+Submetering!AL29+Submetering!AU29 -> 0 | H28: 0.8166 | I28: =Submetering!AF29+Submetering!AG29+Submetering!AH29+Submetering!AI29+Submetering!AJ29+Submetering!AM29+Submetering!AN29+Submetering!AO29+Submetering!AQ29+Submetering!AR29+Submetering!AS29+Submetering!AT29+Submetering!AV29+Submetering!AY29+Submetering!AW29+Submetering!AZ29+Submetering!BA29 -> 0 | J28: =((Submetering!AG29+Submetering!BA29)*0.8868+(1712.96+1070.52)/30+(Submetering!AF29+Submetering!AY29+Submetering!AV29+Submetering!AZ29)*1.1251+(2076.11+129.67+207.57+207.57)/30+(11680.53+56.61)/30)/I28 -> #DIV/0!
A29: Orlando | B29: 28 | C29: 6 | D29: 2021 | E29: =Submetering!F30+Submetering!H30+Submetering!J30+Submetering!L30+Submetering!N30+Submetering!P30+Submetering!R30+Submetering!T30+Submetering!V30+Submetering!X30+Submetering!Z30+Submetering!AB30+Submetering!AC30+Submetering!AD30+Submetering!AE30 -> 0 | F29: =((((Submetering!E30+Submetering!AD30)*0.13773+(Submetering!E30+Submetering!AD30)*0.02095)*1.09+(2.85/30)*2)+(((Submetering!F30+Submetering!H30+Submetering!J30+Submetering!L30+Submetering!N30+Submetering!P30+Submetering!R30+Submetering!T30+Submetering!V30+Submetering!X30+Submetering!Z30+Submetering!AB30+Submetering!AC30+Submetering!AE30)*0.05155)+((Submetering!F30+Submetering!H30+Submetering!J30+Submetering!L30+Submetering!N30+Submetering!P30+Submetering!R30+Submetering!T30+Submetering!V30+Submetering!X30+Submetering!Z30+Submetering!AB30+Submetering!AC30+Submetering!AE30)*0.02095)+(20/30)*15)*1.1048)/E29 -> #DIV/0! | G29: =Submetering!AK30+Submetering!AL30+Submetering!AU30 -> 0 | H29: 0.8166 | I29: =Submetering!AF30+Submetering!AG30+Submetering!AH30+Submetering!AI30+Submetering!AJ30+Submetering!AM30+Submetering!AN30+Submetering!AO30+Submetering!AQ30+Submetering!AR30+Submetering!AS30+Submetering!AT30+Submetering!AV30+Submetering!AY30+Submetering!AW30+Submetering!AZ30+Submetering!BA30 -> 0.4902 | J29: =((Submetering!AG30+Submetering!BA30)*0.8868+(1712.96+1070.52)/30+(Submetering!AF30+Submetering!AY30+Submetering!AV30+Submetering!AZ30)*1.1251+(2076.11+129.67+207.57+207.57)/30+(11680.53+56.61)/30)/I29 -> 1165.6154
A30: Orlando | B30: 30 | C30: 6 | D30: 2021 | E30: =Submetering!F31+Submetering!H31+Submetering!J31+Submetering!L31+Submetering!N31+Submetering!P31+Submetering!R31+Submetering!T31+Submetering!V31+Submetering!X31+Submetering!Z31+Submetering!AB31+Submetering!AC31+Submetering!AD31+Submetering!AE31 -> 0 | F30: =((((Submetering!E31+Submetering!AD31)*0.13773+(Submetering!E31+Submetering!AD31)*0.02095)*1.09+(2.85/30)*2)+(((Submetering!F31+Submetering!H31+Submetering!J31+Submetering!L31+Submetering!N31+Submetering!P31+Submetering!R31+Submetering!T31+Submetering!V31+Submetering!X31+Submetering!Z31+Submetering!AB31+Submetering!AC31+Submetering!AE31)*0.05155)+((Submetering!F31+Submetering!H31+Submetering!J31+Submetering!L31+Submetering!N31+Submetering!P31+Submetering!R31+Submetering!T31+Submetering!V31+Submetering!X31+Submetering!Z31+Submetering!AB31+Submetering!AC31+Submetering!AE31)*0.02095)+(20/30)*15)*1.1048)/E30 -> #DIV/0! | G30: =Submetering!AK31+Submetering!AL31+Submetering!AU31 -> 0 | H30: 0.8166 | I30: =Submetering!AF31+Submetering!AG31+Submetering!AH31+Submetering!AI31+Submetering!AJ31+Submetering!AM31+Submetering!AN31+Submetering!AO31+Submetering!AQ31+Submetering!AR31+Submetering!AS31+Submetering!AT31+Submetering!AV31+Submetering!AY31+Submetering!AW31+Submetering!AZ31+Submetering!BA31 -> 0 | J30: =((Submetering!AG31+Submetering!BA31)*0.8868+(1712.96+1070.52)/30+(Submetering!AF31+Submetering!AY31+Submetering!AV31+Submetering!AZ31)*1.1251+(2076.11+129.67+207.57+207.57)/30+(11680.53+56.61)/30)/I30 -> #DIV/0! | K30: =Occupancy!H9 -> 0
A31: Orlando | B31: 5 | C31: 7 | D31: 2021 | E31: =Submetering!F32+Submetering!H32+Submetering!J32+Submetering!L32+Submetering!N32+Submetering!P32+Submetering!R32+Submetering!T32+Submetering!V32+Submetering!X32+Submetering!Z32+Submetering!AB32+Submetering!AC32+Submetering!AD32+Submetering!AE32 -> 0 | F31: =((((Submetering!E32+Submetering!AD32)*0.13773+(Submetering!E32+Submetering!AD32)*0.02095)*1.09+(2.85/30)*2)+(((Submetering!F32+Submetering!H32+Submetering!J32+Submetering!L32+Submetering!N32+Submetering!P32+Submetering!R32+Submetering!T32+Submetering!V32+Submetering!X32+Submetering!Z32+Submetering!AB32+Submetering!AC32+Submetering!AE32)*0.05155)+((Submetering!F32+Submetering!H32+Submetering!J32+Submetering!L32+Submetering!N32+Submetering!P32+Submetering!R32+Submetering!T32+Submetering!V32+Submetering!X32+Submetering!Z32+Submetering!AB32+Submetering!AC32+Submetering!AE32)*0.02095)+(20/30)*15)*1.1048)/E31 -> #DIV/0! | G31: =Submetering!AK32+Submetering!AL32+Submetering!AU32 -> 0 | H31: 0.8166 | I31: =Submetering!AF32+Submetering!AG32+Submetering!AH32+Submetering!AI32+Submetering!AJ32+Submetering!AM32+Submetering!AN32+Submetering!AO32+Submetering!AQ32+Submetering!AR32+Submetering!AS32+Submetering!AT32+Submetering!AV32+Submetering!AY32+Submetering!AW32+Submetering!AZ32+Submetering!BA32 -> 0 | J31: =((Submetering!AG32+Submetering!BA32)*0.8868+(1712.96+1070.52)/30+(Submetering!AF32+Submetering!AY32+Submetering!AV32+Submetering!AZ32)*1.1251+(2076.11+129.67+207.57+207.57)/30+(11680.53+56.61)/30)/I31 -> #DIV/0!
A32: Orlando | B32: 12 | C32: 7 | D32: 2021 | E32: =Submetering!F33+Submetering!H33+Submetering!J33+Submetering!L33+Submetering!N33+Submetering!P33+Submetering!R33+Submetering!T33+Submetering!V33+Submetering!X33+Submetering!Z33+Submetering!AB33+Submetering!AC33+Submetering!AD33+Submetering!AE33 -> 0 | F32: =((((Submetering!E33+Submetering!AD33)*0.13773+(Submetering!E33+Submetering!AD33)*0.02095)*1.09+(2.85/30)*2)+(((Submetering!F33+Submetering!H33+Submetering!J33+Submetering!L33+Submetering!N33+Submetering!P33+Submetering!R33+Submetering!T33+Submetering!V33+Submetering!X33+Submetering!Z33+Submetering!AB33+Submetering!AC33+Submetering!AE33)*0.05155)+((Submetering!F33+Submetering!H33+Submetering!J33+Submetering!L33+Submetering!N33+Submetering!P33+Submetering!R33+Submetering!T33+Submetering!V33+Submetering!X33+Submetering!Z33+Submetering!AB33+Submetering!AC33+Submetering!AE33)*0.02095)+(20/30)*15)*1.1048)/E32 -> #DIV/0! | G32: =Submetering!AK33+Submetering!AL33+Submetering!AU33 -> 0 | H32: 0.8166 | I32: =Submetering!AF33+Submetering!AG33+Submetering!AH33+Submetering!AI33+Submetering!AJ33+Submetering!AM33+Submetering!AN33+Submetering!AO33+Submetering!AQ33+Submetering!AR33+Submetering!AS33+Submetering!AT33+Submetering!AV33+Submetering!AY33+Submetering!AW33+Submetering!AZ33+Submetering!BA33 -> 0 | J32: =((Submetering!AG33+Submetering!BA33)*0.8868+(1712.96+1070.52)/30+(Submetering!AF33+Submetering!AY33+Submetering!AV33+Submetering!AZ33)*1.1251+(2076.11+129.67+207.57+207.57)/30+(11680.53+56.61)/30)/I32 -> #DIV/0!
A33: Orlando | B33: 19 | C33: 7 | D33: 2021 | E33: =Submetering!F34+Submetering!H34+Submetering!J34+Submetering!L34+Submetering!N34+Submetering!P34+Submetering!R34+Submetering!T34+Submetering!V34+Submetering!X34+Submetering!Z34+Submetering!AB34+Submetering!AC34+Submetering!AD34+Submetering!AE34 -> 0 | F33: =((((Submetering!E34+Submetering!AD34)*0.13773+(Submetering!E34+Submetering!AD34)*0.02095)*1.09+(2.85/30)*2)+(((Submetering!F34+Submetering!H34+Submetering!J34+Submetering!L34+Submetering!N34+Submetering!P34+Submetering!R34+Submetering!T34+Submetering!V34+Submetering!X34+Submetering!Z34+Submetering!AB34+Submetering!AC34+Submetering!AE34)*0.05155)+((Submetering!F34+Submetering!H34+Submetering!J34+Submetering!L34+Submetering!N34+Submetering!P34+Submetering!R34+Submetering!T34+Submetering!V34+Submetering!X34+Submetering!Z34+Submetering!AB34+Submetering!AC34+Submetering!AE34)*0.02095)+(20/30)*15)*1.1048)/E33 -> #DIV/0! | G33: =Submetering!AK34+Submetering!AL34+Submetering!AU34 -> 0 | H33: 0.8166 | I33: =Submetering!AF34+Submetering!AG34+Submetering!AH34+Submetering!AI34+Submetering!AJ34+Submetering!AM34+Submetering!AN34+Submetering!AO34+Submetering!AQ34+Submetering!AR34+Submetering!AS34+Submetering!AT34+Submetering!AV34+Submetering!AY34+Submetering!AW34+Submetering!AZ34+Submetering!BA34 -> 0 | J33: =((Submetering!AG34+Submetering!BA34)*0.8868+(1712.96+1070.52)/30+(Submetering!AF34+Submetering!AY34+Submetering!AV34+Submetering!AZ34)*1.1251+(2076.11+129.67+207.57+207.57)/30+(11680.53+56.61)/30)/I33 -> #DIV/0!
A34: Orlando | B34: 26 | C34: 7 | D34: 2021 | E34: =Submetering!F35+Submetering!H35+Submetering!J35+Submetering!L35+Submetering!N35+Submetering!P35+Submetering!R35+Submetering!T35+Submetering!V35+Submetering!X35+Submetering!Z35+Submetering!AB35+Submetering!AC35+Submetering!AD35+Submetering!AE35 -> 0 | F34: =((((Submetering!E35+Submetering!AD35)*0.13773+(Submetering!E35+Submetering!AD35)*0.02095)*1.09+(2.85/30)*2)+(((Submetering!F35+Submetering!H35+Submetering!J35+Submetering!L35+Submetering!N35+Submetering!P35+Submetering!R35+Submetering!T35+Submetering!V35+Submetering!X35+Submetering!Z35+Submetering!AB35+Submetering!AC35+Submetering!AE35)*0.05155)+((Submetering!F35+Submetering!H35+Submetering!J35+Submetering!L35+Submetering!N35+Submetering!P35+Submetering!R35+Submetering!T35+Submetering!V35+Submetering!X35+Submetering!Z35+Submetering!AB35+Submetering!AC35+Submetering!AE35)*0.02095)+(20/30)*15)*1.1048)/E34 -> #DIV/0! | G34: =Submetering!AK35+Submetering!AL35+Submetering!AU35 -> 0 | H34: 0.8166 | I34: =Submetering!AF35+Submetering!AG35+Submetering!AH35+Submetering!AI35+Submetering!AJ35+Submetering!AM35+Submetering!AN35+Submetering!AO35+Submetering!AQ35+Submetering!AR35+Submetering!AS35+Submetering!AT35+Submetering!AV35+Submetering!AY35+Submetering!AW35+Submetering!AZ35+Submetering!BA35 -> 0 | J34: =((Submetering!AG35+Submetering!BA35)*0.8868+(1712.96+1070.52)/30+(Submetering!AF35+Submetering!AY35+Submetering!AV35+Submetering!AZ35)*1.1251+(2076.11+129.67+207.57+207.57)/30+(11680.53+56.61)/30)/I34 -> #DIV/0!
A35: Orlando | B35: 31 | C35: 7 | D35: 2021 | E35: =Submetering!F36+Submetering!H36+Submetering!J36+Submetering!L36+Submetering!N36+Submetering!P36+Submetering!R36+Submetering!T36+Submetering!V36+Submetering!X36+Submetering!Z36+Submetering!AB36+Submetering!AC36+Submetering!AD36+Submetering!AE36 -> 0 | F35: =((((Submetering!E36+Submetering!AD36)*0.13773+(Submetering!E36+Submetering!AD36)*0.02095)*1.09+(2.85/30)*2)+(((Submetering!F36+Submetering!H36+Submetering!J36+Submetering!L36+Submetering!N36+Submetering!P36+Submetering!R36+Submetering!T36+Submetering!V36+Submetering!X36+Submetering!Z36+Submetering!AB36+Submetering!AC36+Submetering!AE36)*0.05155)+((Submetering!F36+Submetering!H36+Submetering!J36+Submetering!L36+Submetering!N36+Submetering!P36+Submetering!R36+Submetering!T36+Submetering!V36+Submetering!X36+Submetering!Z36+Submetering!AB36+Submetering!AC36+Submetering!AE36)*0.02095)+(20/30)*15)*1.1048)/E35 -> #DIV/0! | G35: =Submetering!AK36+Submetering!AL36+Submetering!AU36 -> 0 | H35: 0.8166 | I35: =Submetering!AF36+Submetering!AG36+Submetering!AH36+Submetering!AI36+Submetering!AJ36+Submetering!AM36+Submetering!AN36+Submetering!AO36+Submetering!AQ36+Submetering!AR36+Submetering!AS36+Submetering!AT36+Submetering!AV36+Submetering!AY36+Submetering!AW36+Submetering!AZ36+Submetering!BA36 -> 0 | J35: =((Submetering!AG36+Submetering!BA36)*0.8868+(1712.96+1070.52)/30+(Submetering!AF36+Submetering!AY36+Submetering!AV36+Submetering!AZ36)*1.1251+(2076.11+129.67+207.57+207.57)/30+(11680.53+56.61)/30)/I35 -> #DIV/0! | K35: =Occupancy!H10 -> 0
A36: Orlando | B36: 2 | C36: 8 | D36: 2021 | E36: =Submetering!F37+Submetering!H37+Submetering!J37+Submetering!L37+Submetering!N37+Submetering!P37+Submetering!R37+Submetering!T37+Submetering!V37+Submetering!X37+Submetering!Z37+Submetering!AB37+Submetering!AC37+Submetering!AD37+Submetering!AE37 -> 0 | F36: =((((Submetering!E37+Submetering!AD37)*0.13773+(Submetering!E37+Submetering!AD37)*0.02095)*1.09+(2.85/30)*2)+(((Submetering!F37+Submetering!H37+Submetering!J37+Submetering!L37+Submetering!N37+Submetering!P37+Submetering!R37+Submetering!T37+Submetering!V37+Submetering!X37+Submetering!Z37+Submetering!AB37+Submetering!AC37+Submetering!AE37)*0.05155)+((Submetering!F37+Submetering!H37+Submetering!J37+Submetering!L37+Submetering!N37+Submetering!P37+Submetering!R37+Submetering!T37+Submetering!V37+Submetering!X37+Submetering!Z37+Submetering!AB37+Submetering!AC37+Submetering!AE37)*0.02095)+(20/30)*15)*1.1048)/E36 -> #DIV/0! | G36: =Submetering!AK37+Submetering!AL37+Submetering!AU37 -> 0 | H36: 0.8166 | I36: =Submetering!AF37+Submetering!AG37+Submetering!AH37+Submetering!AI37+Submetering!AJ37+Submetering!AM37+Submetering!AN37+Submetering!AO37+Submetering!AQ37+Submetering!AR37+Submetering!AS37+Submetering!AT37+Submetering!AV37+Submetering!AY37+Submetering!AW37+Submetering!AZ37+Submetering!BA37 -> 0 | J36: =((Submetering!AG37+Submetering!BA37)*0.8868+(1712.96+1070.52)/30+(Submetering!AF37+Submetering!AY37+Submetering!AV37+Submetering!AZ37)*1.1251+(2076.11+129.67+207.57+207.57)/30+(11680.53+56.61)/30)/I36 -> #DIV/0!
A37: Orlando | B37: 9 | C37: 8 | D37: 2021 | E37: =Submetering!F38+Submetering!H38+Submetering!J38+Submetering!L38+Submetering!N38+Submetering!P38+Submetering!R38+Submetering!T38+Submetering!V38+Submetering!X38+Submetering!Z38+Submetering!AB38+Submetering!AC38+Submetering!AD38+Submetering!AE38 -> 0 | F37: =((((Submetering!E38+Submetering!AD38)*0.13773+(Submetering!E38+Submetering!AD38)*0.02095)*1.09+(2.85/30)*2)+(((Submetering!F38+Submetering!H38+Submetering!J38+Submetering!L38+Submetering!N38+Submetering!P38+Submetering!R38+Submetering!T38+Submetering!V38+Submetering!X38+Submetering!Z38+Submetering!AB38+Submetering!AC38+Submetering!AE38)*0.05155)+((Submetering!F38+Submetering!H38+Submetering!J38+Submetering!L38+Submetering!N38+Submetering!P38+Submetering!R38+Submetering!T38+Submetering!V38+Submetering!X38+Submetering!Z38+Submetering!AB38+Submetering!AC38+Submetering!AE38)*0.02095)+(20/30)*15)*1.1048)/E37 -> #DIV/0! | G37: =Submetering!AK38+Submetering!AL38+Submetering!AU38 -> 0 | H37: 0.8166 | I37: =Submetering!AF38+Submetering!AG38+Submetering!AH38+Submetering!AI38+Submetering!AJ38+Submetering!AM38+Submetering!AN38+Submetering!AO38+Submetering!AQ38+Submetering!AR38+Submetering!AS38+Submetering!AT38+Submetering!AV38+Submetering!AY38+Submetering!AW38+Submetering!AZ38+Submetering!BA38 -> 0 | J37: =((Submetering!AG38+Submetering!BA38)*0.8868+(1712.96+1070.52)/30+(Submetering!AF38+Submetering!AY38+Submetering!AV38+Submetering!AZ38)*1.1251+(2076.11+129.67+207.57+207.57)/30+(11680.53+56.61)/30)/I37 -> #DIV/0!
A38: Orlando | B38: 16 | C38: 8 | D38: 2021 | E38: =Submetering!F39+Submetering!H39+Submetering!J39+Submetering!L39+Submetering!N39+Submetering!P39+Submetering!R39+Submetering!T39+Submetering!V39+Submetering!X39+Submetering!Z39+Submetering!AB39+Submetering!AC39+Submetering!AD39+Submetering!AE39 -> 0 | F38: =((((Submetering!E39+Submetering!AD39)*0.13773+(Submetering!E39+Submetering!AD39)*0.02095)*1.09+(2.85/30)*2)+(((Submetering!F39+Submetering!H39+Submetering!J39+Submetering!L39+Submetering!N39+Submetering!P39+Submetering!R39+Submetering!T39+Submetering!V39+Submetering!X39+Submetering!Z39+Submetering!AB39+Submetering!AC39+Submetering!AE39)*0.05155)+((Submetering!F39+Submetering!H39+Submetering!J39+Submetering!L39+Submetering!N39+Submetering!P39+Submetering!R39+Submetering!T39+Submetering!V39+Submetering!X39+Submetering!Z39+Submetering!AB39+Submetering!AC39+Submetering!AE39)*0.02095)+(20/30)*15)*1.1048)/E38 -> #DIV/0! | G38: =Submetering!AK39+Submetering!AL39+Submetering!AU39 -> 0 | H38: 0.8166 | I38: =Submetering!AF39+Submetering!AG39+Submetering!AH39+Submetering!AI39+Submetering!AJ39+Submetering!AM39+Submetering!AN39+Submetering!AO39+Submetering!AQ39+Submetering!AR39+Submetering!AS39+Submetering!AT39+Submetering!AV39+Submetering!AY39+Submetering!AW39+Submetering!AZ39+Submetering!BA39 -> 0 | J38: =((Submetering!AG39+Submetering!BA39)*0.8868+(1712.96+1070.52)/30+(Submetering!AF39+Submetering!AY39+Submetering!AV39+Submetering!AZ39)*1.1251+(2076.11+129.67+207.57+207.57)/30+(11680.53+56.61)/30)/I38 -> #DIV/0!
A39: Orlando | B39: 23 | C39: 8 | D39: 2021 | E39: =Submetering!F40+Submetering!H40+Submetering!J40+Submetering!L40+Submetering!N40+Submetering!P40+Submetering!R40+Submetering!T40+Submetering!V40+Submetering!X40+Submetering!Z40+Submetering!AB40+Submetering!AC40+Submetering!AD40+Submetering!AE40 -> 0 | F39: =((((Submetering!E40+Submetering!AD40)*0.13773+(Submetering!E40+Submetering!AD40)*0.02095)*1.09+(2.85/30)*2)+(((Submetering!F40+Submetering!H40+Submetering!J40+Submetering!L40+Submetering!N40+Submetering!P40+Submetering!R40+Submetering!T40+Submetering!V40+Submetering!X40+Submetering!Z40+Submetering!AB40+Submetering!AC40+Submetering!AE40)*0.05155)+((Submetering!F40+Submetering!H40+Submetering!J40+Submetering!L40+Submetering!N40+Submetering!P40+Submetering!R40+Submetering!T40+Submetering!V40+Submetering!X40+Submetering!Z40+Submetering!AB40+Submetering!AC40+Submetering!AE40)*0.02095)+(20/30)*15)*1.1048)/E39 -> #DIV/0! | G39: =Submetering!AK40+Submetering!AL40+Submetering!AU40 -> 0 | H39: 0.8166 | I39: =Submetering!AF40+Submetering!AG40+Submetering!AH40+Submetering!AI40+Submetering!AJ40+Submetering!AM40+Submetering!AN40+Submetering!AO40+Submetering!AQ40+Submetering!AR40+Submetering!AS40+Submetering!AT40+Submetering!AV40+Submetering!AY40+Submetering!AW40+Submetering!AZ40+Submetering!BA40 -> 0 | J39: =((Submetering!AG40+Submetering!BA40)*0.8868+(1712.96+1070.52)/30+(Submetering!AF40+Submetering!AY40+Submetering!AV40+Submetering!AZ40)*1.1251+(2076.11+129.67+207.57+207.57)/30+(11680.53+56.61)/30)/I39 -> #DIV/0!
A40: Orlando | B40: 30 | C40: 8 | D40: 2021 | E40: =Submetering!F41+Submetering!H41+Submetering!J41+Submetering!L41+Submetering!N41+Submetering!P41+Submetering!R41+Submetering!T41+Submetering!V41+Submetering!X41+Submetering!Z41+Submetering!AB41+Submetering!AC41+Submetering!AD41+Submetering!AE41 -> 0 | F40: =((((Submetering!E41+Submetering!AD41)*0.13773+(Submetering!E41+Submetering!AD41)*0.02095)*1.09+(2.85/30)*2)+(((Submetering!F41+Submetering!H41+Submetering!J41+Submetering!L41+Submetering!N41+Submetering!P41+Submetering!R41+Submetering!T41+Submetering!V41+Submetering!X41+Submetering!Z41+Submetering!AB41+Submetering!AC41+Submetering!AE41)*0.05155)+((Submetering!F41+Submetering!H41+Submetering!J41+Submetering!L41+Submetering!N41+Submetering!P41+Submetering!R41+Submetering!T41+Submetering!V41+Submetering!X41+Submetering!Z41+Submetering!AB41+Submetering!AC41+Submetering!AE41)*0.02095)+(20/30)*15)*1.1048)/E40 -> #DIV/0! | G40: =Submetering!AK41+Submetering!AL41+Submetering!AU41 -> 0 | H40: 0.8166 | I40: =Submetering!AF41+Submetering!AG41+Submetering!AH41+Submetering!AI41+Submetering!AJ41+Submetering!AM41+Submetering!AN41+Submetering!AO41+Submetering!AQ41+Submetering!AR41+Submetering!AS41+Submetering!AT41+Submetering!AV41+Submetering!AY41+Submetering!AW41+Submetering!AZ41+Submetering!BA41 -> 0 | J40: =((Submetering!AG41+Submetering!BA41)*0.8868+(1712.96+1070.52)/30+(Submetering!AF41+Submetering!AY41+Submetering!AV41+Submetering!AZ41)*1.1251+(2076.11+129.67+207.57+207.57)/30+(11680.53+56.61)/30)/I40 -> #DIV/0!
A41: Orlando | B41: 6 | C41: 9 | D41: 2021 | E41: =Submetering!F42+Submetering!H42+Submetering!J42+Submetering!L42+Submetering!N42+Submetering!P42+Submetering!R42+Submetering!T42+Submetering!V42+Submetering!X42+Submetering!Z42+Submetering!AB42+Submetering!AC42+Submetering!AD42+Submetering!AE42 -> 0 | F41: =((((Submetering!E42+Submetering!AD42)*0.13773+(Submetering!E42+Submetering!AD42)*0.02095)*1.09+(2.85/30)*2)+(((Submetering!F42+Submetering!H42+Submetering!J42+Submetering!L42+Submetering!N42+Submetering!P42+Submetering!R42+Submetering!T42+Submetering!V42+Submetering!X42+Submetering!Z42+Submetering!AB42+Submetering!AC42+Submetering!AE42)*0.05155)+((Submetering!F42+Submetering!H42+Submetering!J42+Submetering!L42+Submetering!N42+Submetering!P42+Submetering!R42+Submetering!T42+Submetering!V42+Submetering!X42+Submetering!Z42+Submetering!AB42+Submetering!AC42+Submetering!AE42)*0.02095)+(20/30)*15)*1.1048)/E41 -> #DIV/0! | G41: =Submetering!AK42+Submetering!AL42+Submetering!AU42 -> 0 | H41: 0.8166 | I41: =Submetering!AF42+Submetering!AG42+Submetering!AH42+Submetering!AI42+Submetering!AJ42+Submetering!AM42+Submetering!AN42+Submetering!AO42+Submetering!AQ42+Submetering!AR42+Submetering!AS42+Submetering!AT42+Submetering!AV42+Submetering!AY42+Submetering!AW42+Submetering!AZ42+Submetering!BA42 -> 0 | J41: =((Submetering!AG42+Submetering!BA42)*0.8868+(1712.96+1070.52)/30+(Submetering!AF42+Submetering!AY42+Submetering!AV42+Submetering!AZ42)*1.1251+(2076.11+129.67+207.57+207.57)/30+(11680.53+56.61)/30)/I41 -> #DIV/0! | K41: =Occupancy!H11 -> 0
A42: Orlando | B42: 13 | C42: 9 | D42: 2021 | E42: =Submetering!F43+Submetering!H43+Submetering!J43+Submetering!L43+Submetering!N43+Submetering!P43+Submetering!R43+Submetering!T43+Submetering!V43+Submetering!X43+Submetering!Z43+Submetering!AB43+Submetering!AC43+Submetering!AD43+Submetering!AE43 -> 0 | F42: =((((Submetering!E43+Submetering!AD43)*0.13773+(Submetering!E43+Submetering!AD43)*0.02095)*1.09+(2.85/30)*2)+(((Submetering!F43+Submetering!H43+Submetering!J43+Submetering!L43+Submetering!N43+Submetering!P43+Submetering!R43+Submetering!T43+Submetering!V43+Submetering!X43+Submetering!Z43+Submetering!AB43+Submetering!AC43+Submetering!AE43)*0.05155)+((Submetering!F43+Submetering!H43+Submetering!J43+Submetering!L43+Submetering!N43+Submetering!P43+Submetering!R43+Submetering!T43+Submetering!V43+Submetering!X43+Submetering!Z43+Submetering!AB43+Submetering!AC43+Submetering!AE43)*0.02095)+(20/30)*15)*1.1048)/E42 -> #DIV/0! | G42: =Submetering!AK43+Submetering!AL43+Submetering!AU43 -> 0 | H42: 0.8166 | I42: =Submetering!AF43+Submetering!AG43+Submetering!AH43+Submetering!AI43+Submetering!AJ43+Submetering!AM43+Submetering!AN43+Submetering!AO43+Submetering!AQ43+Submetering!AR43+Submetering!AS43+Submetering!AT43+Submetering!AV43+Submetering!AY43+Submetering!AW43+Submetering!AZ43+Submetering!BA43 -> 0 | J42: =((Submetering!AG43+Submetering!BA43)*0.8868+(1712.96+1070.52)/30+(Submetering!AF43+Submetering!AY43+Submetering!AV43+Submetering!AZ43)*1.1251+(2076.11+129.67+207.57+207.57)/30+(11680.53+56.61)/30)/I42 -> #DIV/0!
A43: Orlando | B43: 20 | C43: 9 | D43: 2021 | E43: =Submetering!F44+Submetering!H44+Submetering!J44+Submetering!L44+Submetering!N44+Submetering!P44+Submetering!R44+Submetering!T44+Submetering!V44+Submetering!X44+Submetering!Z44+Submetering!AB44+Submetering!AC44+Submetering!AD44+Submetering!AE44 -> 0 | F43: =((((Submetering!E44+Submetering!AD44)*0.13773+(Submetering!E44+Submetering!AD44)*0.02095)*1.09+(2.85/30)*2)+(((Submetering!F44+Submetering!H44+Submetering!J44+Submetering!L44+Submetering!N44+Submetering!P44+Submetering!R44+Submetering!T44+Submetering!V44+Submetering!X44+Submetering!Z44+Submetering!AB44+Submetering!AC44+Submetering!AE44)*0.05155)+((Submetering!F44+Submetering!H44+Submetering!J44+Submetering!L44+Submetering!N44+Submetering!P44+Submetering!R44+Submetering!T44+Submetering!V44+Submetering!X44+Submetering!Z44+Submetering!AB44+Submetering!AC44+Submetering!AE44)*0.02095)+(20/30)*15)*1.1048)/E43 -> #DIV/0! | G43: =Submetering!AK44+Submetering!AL44+Submetering!AU44 -> 0 | H43: 0.8166 | I43: =Submetering!AF44+Submetering!AG44+Submetering!AH44+Submetering!AI44+Submetering!AJ44+Submetering!AM44+Submetering!AN44+Submetering!AO44+Submetering!AQ44+Submetering!AR44+Submetering!AS44+Submetering!AT44+Submetering!AV44+Submetering!AY44+Submetering!AW44+Submetering!AZ44+Submetering!BA44 -> 0 | J43: =((Submetering!AG44+Submetering!BA44)*0.8868+(1712.96+1070.52)/30+(Submetering!AF44+Submetering!AY44+Submetering!AV44+Submetering!AZ44)*1.1251+(2076.11+129.67+207.57+207.57)/30+(11680.53+56.61)/30)/I43 -> #DIV/0!
A44: Orlando | B44: 27 | C44: 9 | D44: 2021 | E44: =Submetering!F45+Submetering!H45+Submetering!J45+Submetering!L45+Submetering!N45+Submetering!P45+Submetering!R45+Submetering!T45+Submetering!V45+Submetering!X45+Submetering!Z45+Submetering!AB45+Submetering!AC45+Submetering!AD45+Submetering!AE45 -> 0 | F44: =((((Submetering!E45+Submetering!AD45)*0.13773+(Submetering!E45+Submetering!AD45)*0.02095)*1.09+(2.85/30)*2)+(((Submetering!F45+Submetering!H45+Submetering!J45+Submetering!L45+Submetering!N45+Submetering!P45+Submetering!R45+Submetering!T45+Submetering!V45+Submetering!X45+Submetering!Z45+Submetering!AB45+Submetering!AC45+Submetering!AE45)*0.05155)+((Submetering!F45+Submetering!H45+Submetering!J45+Submetering!L45+Submetering!N45+Submetering!P45+Submetering!R45+Submetering!T45+Submetering!V45+Submetering!X45+Submetering!Z45+Submetering!AB45+Submetering!AC45+Submetering!AE45)*0.02095)+(20/30)*15)*1.1048)/E44 -> #DIV/0! | G44: =Submetering!AK45+Submetering!AL45+Submetering!AU45 -> 0 | H44: 0.8166 | I44: =Submetering!AF45+Submetering!AG45+Submetering!AH45+Submetering!AI45+Submetering!AJ45+Submetering!AM45+Submetering!AN45+Submetering!AO45+Submetering!AQ45+Submetering!AR45+Submetering!AS45+Submetering!AT45+Submetering!AV45+Submetering!AY45+Submetering!AW45+Submetering!AZ45+Submetering!BA45 -> 0 | J44: =((Submetering!AG45+Submetering!BA45)*0.8868+(1712.96+1070.52)/30+(Submetering!AF45+Submetering!AY45+Submetering!AV45+Submetering!AZ45)*1.1251+(2076.11+129.67+207.57+207.57)/30+(11680.53+56.61)/30)/I44 -> #DIV/0!
A45: Orlando | B45: 30 | C45: 9 | D45: 2021 | E45: =Submetering!F46+Submetering!H46+Submetering!J46+Submetering!L46+Submetering!N46+Submetering!P46+Submetering!R46+Submetering!T46+Submetering!V46+Submetering!X46+Submetering!Z46+Submetering!AB46+Submetering!AC46+Submetering!AD46+Submetering!AE46 -> 0 | F45: =((((Submetering!E46+Submetering!AD46)*0.13773+(Submetering!E46+Submetering!AD46)*0.02095)*1.09+(2.85/30)*2)+(((Submetering!F46+Submetering!H46+Submetering!J46+Submetering!L46+Submetering!N46+Submetering!P46+Submetering!R46+Submetering!T46+Submetering!V46+Submetering!X46+Submetering!Z46+Submetering!AB46+Submetering!AC46+Submetering!AE46)*0.05155)+((Submetering!F46+Submetering!H46+Submetering!J46+Submetering!L46+Submetering!N46+Submetering!P46+Submetering!R46+Submetering!T46+Submetering!V46+Submetering!X46+Submetering!Z46+Submetering!AB46+Submetering!AC46+Submetering!AE46)*0.02095)+(20/30)*15)*1.1048)/E45 -> #DIV/0! | G45: =Submetering!AK46+Submetering!AL46+Submetering!AU46 -> 0 | H45: 0.8166 | I45: =Submetering!AF46+Submetering!AG46+Submetering!AH46+Submetering!AI46+Submetering!AJ46+Submetering!AM46+Submetering!AN46+Submetering!AO46+Submetering!AQ46+Submetering!AR46+Submetering!AS46+Submetering!AT46+Submetering!AV46+Submetering!AY46+Submetering!AW46+Submetering!AZ46+Submetering!BA46 -> 0 | J45: =((Submetering!AG46+Submetering!BA46)*0.8868+(1712.96+1070.52)/30+(Submetering!AF46+Submetering!AY46+Submetering!AV46+Submetering!AZ46)*1.1251+(2076.11+129.67+207.57+207.57)/30+(11680.53+56.61)/30)/I45 -> #DIV/0!
A46: Orlando | B46: 4 | C46: 10 | D46: 2021 | E46: =Submetering!F47+Submetering!H47+Submetering!J47+Submetering!L47+Submetering!N47+Submetering!P47+Submetering!R47+Submetering!T47+Submetering!V47+Submetering!X47+Submetering!Z47+Submetering!AB47+Submetering!AC47+Submetering!AD47+Submetering!AE47 -> 0 | F46: =((((Submetering!E47+Submetering!AD47)*0.13773+(Submetering!E47+Submetering!AD47)*0.02095)*1.09+(2.85/30)*2)+(((Submetering!F47+Submetering!H47+Submetering!J47+Submetering!L47+Submetering!N47+Submetering!P47+Submetering!R47+Submetering!T47+Submetering!V47+Submetering!X47+Submetering!Z47+Submetering!AB47+Submetering!AC47+Submetering!AE47)*0.05155)+((Submetering!F47+Submetering!H47+Submetering!J47+Submetering!L47+Submetering!N47+Submetering!P47+Submetering!R47+Submetering!T47+Submetering!V47+Submetering!X47+Submetering!Z47+Submetering!AB47+Submetering!AC47+Submetering!AE47)*0.02095)+(20/30)*15)*1.1048)/E46 -> #DIV/0! | G46: =Submetering!AK47+Submetering!AL47+Submetering!AU47 -> 0 | H46: 0.8166 | I46: =Submetering!AF47+Submetering!AG47+Submetering!AH47+Submetering!AI47+Submetering!AJ47+Submetering!AM47+Submetering!AN47+Submetering!AO47+Submetering!AQ47+Submetering!AR47+Submetering!AS47+Submetering!AT47+Submetering!AV47+Submetering!AY47+Submetering!AW47+Submetering!AZ47+Submetering!BA47 -> 0 | J46: =((Submetering!AG47+Submetering!BA47)*0.8868+(1712.96+1070.52)/30+(Submetering!AF47+Submetering!AY47+Submetering!AV47+Submetering!AZ47)*1.1251+(2076.11+129.67+207.57+207.57)/30+(11680.53+56.61)/30)/I46 -> #DIV/0!
A47: Orlando | B47: 11 | C47: 10 | D47: 2021 | E47: =Submetering!F48+Submetering!H48+Submetering!J48+Submetering!L48+Submetering!N48+Submetering!P48+Submetering!R48+Submetering!T48+Submetering!V48+Submetering!X48+Submetering!Z48+Submetering!AB48+Submetering!AC48+Submetering!AD48+Submetering!AE48 -> 0 | F47: =((((Submetering!E48+Submetering!AD48)*0.13773+(Submetering!E48+Submetering!AD48)*0.02095)*1.09+(2.85/30)*2)+(((Submetering!F48+Submetering!H48+Submetering!J48+Submetering!L48+Submetering!N48+Submetering!P48+Submetering!R48+Submetering!T48+Submetering!V48+Submetering!X48+Submetering!Z48+Submetering!AB48+Submetering!AC48+Submetering!AE48)*0.05155)+((Submetering!F48+Submetering!H48+Submetering!J48+Submetering!L48+Submetering!N48+Submetering!P48+Submetering!R48+Submetering!T48+Submetering!V48+Submetering!X48+Submetering!Z48+Submetering!AB48+Submetering!AC48+Submetering!AE48)*0.02095)+(20/30)*15)*1.1048)/E47 -> #DIV/0! | G47: =Submetering!AK48+Submetering!AL48+Submetering!AU48 -> 0 | H47: 0.8166 | I47: =Submetering!AF48+Submetering!AG48+Submetering!AH48+Submetering!AI48+Submetering!AJ48+Submetering!AM48+Submetering!AN48+Submetering!AO48+Submetering!AQ48+Submetering!AR48+Submetering!AS48+Submetering!AT48+Submetering!AV48+Submetering!AY48+Submetering!AW48+Submetering!AZ48+Submetering!BA48 -> 0 | J47: =((Submetering!AG48+Submetering!BA48)*0.8868+(1712.96+1070.52)/30+(Submetering!AF48+Submetering!AY48+Submetering!AV48+Submetering!AZ48)*1.1251+(2076.11+129.67+207.57+207.57)/30+(11680.53+56.61)/30)/I47 -> #DIV/0!
A48: Orlando | B48: 18 | C48: 10 | D48: 2021 | E48: =Submetering!F49+Submetering!H49+Submetering!J49+Submetering!L49+Submetering!N49+Submetering!P49+Submetering!R49+Submetering!T49+Submetering!V49+Submetering!X49+Submetering!Z49+Submetering!AB49+Submetering!AC49+Submetering!AD49+Submetering!AE49 -> 0 | F48: =((((Submetering!E49+Submetering!AD49)*0.13773+(Submetering!E49+Submetering!AD49)*0.02095)*1.09+(2.85/30)*2)+(((Submetering!F49+Submetering!H49+Submetering!J49+Submetering!L49+Submetering!N49+Submetering!P49+Submetering!R49+Submetering!T49+Submetering!V49+Submetering!X49+Submetering!Z49+Submetering!AB49+Submetering!AC49+Submetering!AE49)*0.05155)+((Submetering!F49+Submetering!H49+Submetering!J49+Submetering!L49+Submetering!N49+Submetering!P49+Submetering!R49+Submetering!T49+Submetering!V49+Submetering!X49+Submetering!Z49+Submetering!AB49+Submetering!AC49+Submetering!AE49)*0.02095)+(20/30)*15)*1.1048)/E48 -> #DIV/0! | G48: =Submetering!AK49+Submetering!AL49+Submetering!AU49 -> 0 | H48: 0.8166 | I48: =Submetering!AF49+Submetering!AG49+Submetering!AH49+Submetering!AI49+Submetering!AJ49+Submetering!AM49+Submetering!AN49+Submetering!AO49+Submetering!AQ49+Submetering!AR49+Submetering!AS49+Submetering!AT49+Submetering!AV49+Submetering!AY49+Submetering!AW49+Submetering!AZ49+Submetering!BA49 -> 0 | J48: =((Submetering!AG49+Submetering!BA49)*0.8868+(1712.96+1070.52)/30+(Submetering!AF49+Submetering!AY49+Submetering!AV49+Submetering!AZ49)*1.1251+(2076.11+129.67+207.57+207.57)/30+(11680.53+56.61)/30)/I48 -> #DIV/0!
A49: Orlando | B49: 25 | C49: 10 | D49: 2021 | E49: =Submetering!F50+Submetering!H50+Submetering!J50+Submetering!L50+Submetering!N50+Submetering!P50+Submetering!R50+Submetering!T50+Submetering!V50+Submetering!X50+Submetering!Z50+Submetering!AB50+Submetering!AC50+Submetering!AD50+Submetering!AE50 -> 0 | F49: =((((Submetering!E50+Submetering!AD50)*0.13773+(Submetering!E50+Submetering!AD50)*0.02095)*1.09+(2.85/30)*2)+(((Submetering!F50+Submetering!H50+Submetering!J50+Submetering!L50+Submetering!N50+Submetering!P50+Submetering!R50+Submetering!T50+Submetering!V50+Submetering!X50+Submetering!Z50+Submetering!AB50+Submetering!AC50+Submetering!AE50)*0.05155)+((Submetering!F50+Submetering!H50+Submetering!J50+Submetering!L50+Submetering!N50+Submetering!P50+Submetering!R50+Submetering!T50+Submetering!V50+Submetering!X50+Submetering!Z50+Submetering!AB50+Submetering!AC50+Submetering!AE50)*0.02095)+(20/30)*15)*1.1048)/E49 -> #DIV/0! | G49: =Submetering!AK50+Submetering!AL50+Submetering!AU50 -> 0 | H49: 0.8166 | I49: =Submetering!AF50+Submetering!AG50+Submetering!AH50+Submetering!AI50+Submetering!AJ50+Submetering!AM50+Submetering!AN50+Submetering!AO50+Submetering!AQ50+Submetering!AR50+Submetering!AS50+Submetering!AT50+Submetering!AV50+Submetering!AY50+Submetering!AW50+Submetering!AZ50+Submetering!BA50 -> 0 | J49: =((Submetering!AG50+Submetering!BA50)*0.8868+(1712.96+1070.52)/30+(Submetering!AF50+Submetering!AY50+Submetering!AV50+Submetering!AZ50)*1.1251+(2076.11+129.67+207.57+207.57)/30+(11680.53+56.61)/30)/I49 -> #DIV/0!
A50: Orlando | B50: 31 | C50: 10 | D50: 2021 | E50: =Submetering!F51+Submetering!H51+Submetering!J51+Submetering!L51+Submetering!N51+Submetering!P51+Submetering!R51+Submetering!T51+Submetering!V51+Submetering!X51+Submetering!Z51+Submetering!AB51+Submetering!AC51+Submetering!AD51+Submetering!AE51 -> 0 | F50: =((((Submetering!E51+Submetering!AD51)*0.13773+(Submetering!E51+Submetering!AD51)*0.02095)*1.09+(2.85/30)*2)+(((Submetering!F51+Submetering!H51+Submetering!J51+Submetering!L51+Submetering!N51+Submetering!P51+Submetering!R51+Submetering!T51+Submetering!V51+Submetering!X51+Submetering!Z51+Submetering!AB51+Submetering!AC51+Submetering!AE51)*0.05155)+((Submetering!F51+Submetering!H51+Submetering!J51+Submetering!L51+Submetering!N51+Submetering!P51+Submetering!R51+Submetering!T51+Submetering!V51+Submetering!X51+Submetering!Z51+Submetering!AB51+Submetering!AC51+Submetering!AE51)*0.02095)+(20/30)*15)*1.1048)/E50 -> #DIV/0! | G50: =Submetering!AK51+Submetering!AL51+Submetering!AU51 -> 0 | H50: 0.8166 | I50: =Submetering!AF51+Submetering!AG51+Submetering!AH51+Submetering!AI51+Submetering!AJ51+Submetering!AM51+Submetering!AN51+Submetering!AO51+Submetering!AQ51+Submetering!AR51+Submetering!AS51+Submetering!AT51+Submetering!AV51+Submetering!AY51+Submetering!AW51+Submetering!AZ51+Submetering!BA51 -> 0 | J50: =((Submetering!AG51+Submetering!BA51)*0.8868+(1712.96+1070.52)/30+(Submetering!AF51+Submetering!AY51+Submetering!AV51+Submetering!AZ51)*1.1251+(2076.11+129.67+207.57+207.57)/30+(11680.53+56.61)/30)/I50 -> #DIV/0! | K50: =Occupancy!H13 -> 0
A51: Orlando | B51: 1 | C51: 11 | D51: 2021 | E51: =Submetering!F52+Submetering!H52+Submetering!J52+Submetering!L52+Submetering!N52+Submetering!P52+Submetering!R52+Submetering!T52+Submetering!V52+Submetering!X52+Submetering!Z52+Submetering!AB52+Submetering!AC52+Submetering!AD52+Submetering!AE52 -> 0 | F51: =((((Submetering!E52+Submetering!AD52)*0.13773+(Submetering!E52+Submetering!AD52)*0.02095)*1.09+(2.85/30)*2)+(((Submetering!F52+Submetering!H52+Submetering!J52+Submetering!L52+Submetering!N52+Submetering!P52+Submetering!R52+Submetering!T52+Submetering!V52+Submetering!X52+Submetering!Z52+Submetering!AB52+Submetering!AC52+Submetering!AE52)*0.05155)+((Submetering!F52+Submetering!H52+Submetering!J52+Submetering!L52+Submetering!N52+Submetering!P52+Submetering!R52+Submetering!T52+Submetering!V52+Submetering!X52+Submetering!Z52+Submetering!AB52+Submetering!AC52+Submetering!AE52)*0.02095)+(20/30)*15)*1.1048)/E51 -> #DIV/0! | G51: =Submetering!AK52+Submetering!AL52+Submetering!AU52 -> 0 | H51: 0.8166 | I51: =Submetering!AF52+Submetering!AG52+Submetering!AH52+Submetering!AI52+Submetering!AJ52+Submetering!AM52+Submetering!AN52+Submetering!AO52+Submetering!AQ52+Submetering!AR52+Submetering!AS52+Submetering!AT52+Submetering!AV52+Submetering!AY52+Submetering!AW52+Submetering!AZ52+Submetering!BA52 -> 0 | J51: =((Submetering!AG52+Submetering!BA52)*0.8868+(1712.96+1070.52)/30+(Submetering!AF52+Submetering!AY52+Submetering!AV52+Submetering!AZ52)*1.1251+(2076.11+129.67+207.57+207.57)/30+(11680.53+56.61)/30)/I51 -> #DIV/0!
A52: Orlando | B52: 8 | C52: 11 | D52: 2021 | E52: =Submetering!F53+Submetering!H53+Submetering!J53+Submetering!L53+Submetering!N53+Submetering!P53+Submetering!R53+Submetering!T53+Submetering!V53+Submetering!X53+Submetering!Z53+Submetering!AB53+Submetering!AC53+Submetering!AD53+Submetering!AE53 -> 0 | F52: =((((Submetering!E53+Submetering!AD53)*0.13773+(Submetering!E53+Submetering!AD53)*0.02095)*1.09+(2.85/30)*2)+(((Submetering!F53+Submetering!H53+Submetering!J53+Submetering!L53+Submetering!N53+Submetering!P53+Submetering!R53+Submetering!T53+Submetering!V53+Submetering!X53+Submetering!Z53+Submetering!AB53+Submetering!AC53+Submetering!AE53)*0.05155)+((Submetering!F53+Submetering!H53+Submetering!J53+Submetering!L53+Submetering!N53+Submetering!P53+Submetering!R53+Submetering!T53+Submetering!V53+Submetering!X53+Submetering!Z53+Submetering!AB53+Submetering!AC53+Submetering!AE53)*0.02095)+(20/30)*15)*1.1048)/E52 -> #DIV/0! | G52: =Submetering!AK53+Submetering!AL53+Submetering!AU53 -> 0 | H52: 0.8166 | I52: =Submetering!AF53+Submetering!AG53+Submetering!AH53+Submetering!AI53+Submetering!AJ53+Submetering!AM53+Submetering!AN53+Submetering!AO53+Submetering!AQ53+Submetering!AR53+Submetering!AS53+Submetering!AT53+Submetering!AV53+Submetering!AY53+Submetering!AW53+Submetering!AZ53+Submetering!BA53 -> 0 | J52: =((Submetering!AG53+Submetering!BA53)*0.8868+(1712.96+1070.52)/30+(Submetering!AF53+Submetering!AY53+Submetering!AV53+Submetering!AZ53)*1.1251+(2076.11+129.67+207.57+207.57)/30+(11680.53+56.61)/30)/I52 -> #DIV/0!
A53: Orlando | B53: 15 | C53: 11 | D53: 2021 | E53: =Submetering!F54+Submetering!H54+Submetering!J54+Submetering!L54+Submetering!N54+Submetering!P54+Submetering!R54+Submetering!T54+Submetering!V54+Submetering!X54+Submetering!Z54+Submetering!AB54+Submetering!AC54+Submetering!AD54+Submetering!AE54 -> 0 | F53: =((((Submetering!E54+Submetering!AD54)*0.13773+(Submetering!E54+Submetering!AD54)*0.02095)*1.09+(2.85/30)*2)+(((Submetering!F54+Submetering!H54+Submetering!J54+Submetering!L54+Submetering!N54+Submetering!P54+Submetering!R54+Submetering!T54+Submetering!V54+Submetering!X54+Submetering!Z54+Submetering!AB54+Submetering!AC54+Submetering!AE54)*0.05155)+((Submetering!F54+Submetering!H54+Submetering!J54+Submetering!L54+Submetering!N54+Submetering!P54+Submetering!R54+Submetering!T54+Submetering!V54+Submetering!X54+Submetering!Z54+Submetering!AB54+Submetering!AC54+Submetering!AE54)*0.02095)+(20/30)*15)*1.1048)/E53 -> #DIV/0! | G53: =Submetering!AK54+Submetering!AL54+Submetering!AU54 -> 0 | H53: 0.8166 | I53: =Submetering!AF54+Submetering!AG54+Submetering!AH54+Submetering!AI54+Submetering!AJ54+Submetering!AM54+Submetering!AN54+Submetering!AO54+Submetering!AQ54+Submetering!AR54+Submetering!AS54+Submetering!AT54+Submetering!AV54+Submetering!AY54+Submetering!AW54+Submetering!AZ54+Submetering!BA54 -> 0 | J53: =((Submetering!AG54+Submetering!BA54)*0.8868+(1712.96+1070.52)/30+(Submetering!AF54+Submetering!AY54+Submetering!AV54+Submetering!AZ54)*1.1251+(2076.11+129.67+207.57+207.57)/30+(11680.53+56.61)/30)/I53 -> #DIV/0!
A54: Orlando | B54: 22 | C54: 11 | D54: 2021 | E54: =Submetering!F55+Submetering!H55+Submetering!J55+Submetering!L55+Submetering!N55+Submetering!P55+Submetering!R55+Submetering!T55+Submetering!V55+Submetering!X55+Submetering!Z55+Submetering!AB55+Submetering!AC55+Submetering!AD55+Submetering!AE55 -> 0 | F54: =((((Submetering!E55+Submetering!AD55)*0.13773+(Submetering!E55+Submetering!AD55)*0.02095)*1.09+(2.85/30)*2)+(((Submetering!F55+Submetering!H55+Submetering!J55+Submetering!L55+Submetering!N55+Submetering!P55+Submetering!R55+Submetering!T55+Submetering!V55+Submetering!X55+Submetering!Z55+Submetering!AB55+Submetering!AC55+Submetering!AE55)*0.05155)+((Submetering!F55+Submetering!H55+Submetering!J55+Submetering!L55+Submetering!N55+Submetering!P55+Submetering!R55+Submetering!T55+Submetering!V55+Submetering!X55+Submetering!Z55+Submetering!AB55+Submetering!AC55+Submetering!AE55)*0.02095)+(20/30)*15)*1.1048)/E54 -> #DIV/0! | G54: =Submetering!AK55+Submetering!AL55+Submetering!AU55 -> 0 | H54: 0.8166 | I54: =Submetering!AF55+Submetering!AG55+Submetering!AH55+Submetering!AI55+Submetering!AJ55+Submetering!AM55+Submetering!AN55+Submetering!AO55+Submetering!AQ55+Submetering!AR55+Submetering!AS55+Submetering!AT55+Submetering!AV55+Submetering!AY55+Submetering!AW55+Submetering!AZ55+Submetering!BA55 -> 0 | J54: =((Submetering!AG55+Submetering!BA55)*0.8868+(1712.96+1070.52)/30+(Submetering!AF55+Submetering!AY55+Submetering!AV55+Submetering!AZ55)*1.1251+(2076.11+129.67+207.57+207.57)/30+(11680.53+56.61)/30)/I54 -> #DIV/0!
A55: Orlando | B55: 29 | C55: 11 | D55: 2021 | E55: =Submetering!F56+Submetering!H56+Submetering!J56+Submetering!L56+Submetering!N56+Submetering!P56+Submetering!R56+Submetering!T56+Submetering!V56+Submetering!X56+Submetering!Z56+Submetering!AB56+Submetering!AC56+Submetering!AD56+Submetering!AE56 -> 0 | F55: =((((Submetering!E56+Submetering!AD56)*0.13773+(Submetering!E56+Submetering!AD56)*0.02095)*1.09+(2.85/30)*2)+(((Submetering!F56+Submetering!H56+Submetering!J56+Submetering!L56+Submetering!N56+Submetering!P56+Submetering!R56+Submetering!T56+Submetering!V56+Submetering!X56+Submetering!Z56+Submetering!AB56+Submetering!AC56+Submetering!AE56)*0.05155)+((Submetering!F56+Submetering!H56+Submetering!J56+Submetering!L56+Submetering!N56+Submetering!P56+Submetering!R56+Submetering!T56+Submetering!V56+Submetering!X56+Submetering!Z56+Submetering!AB56+Submetering!AC56+Submetering!AE56)*0.02095)+(20/30)*15)*1.1048)/E55 -> #DIV/0! | G55: =Submetering!AK56+Submetering!AL56+Submetering!AU56 -> 0 | H55: 0.8166 | I55: =Submetering!AF56+Submetering!AG56+Submetering!AH56+Submetering!AI56+Submetering!AJ56+Submetering!AM56+Submetering!AN56+Submetering!AO56+Submetering!AQ56+Submetering!AR56+Submetering!AS56+Submetering!AT56+Submetering!AV56+Submetering!AY56+Submetering!AW56+Submetering!AZ56+Submetering!BA56 -> 0 | J55: =((Submetering!AG56+Submetering!BA56)*0.8868+(1712.96+1070.52)/30+(Submetering!AF56+Submetering!AY56+Submetering!AV56+Submetering!AZ56)*1.1251+(2076.11+129.67+207.57+207.57)/30+(11680.53+56.61)/30)/I55 -> #DIV/0!
A56: Orlando | B56: 6 | C56: 12 | D56: 2021 | E56: =Submetering!F57+Submetering!H57+Submetering!J57+Submetering!L57+Submetering!N57+Submetering!P57+Submetering!R57+Submetering!T57+Submetering!V57+Submetering!X57+Submetering!Z57+Submetering!AB57+Submetering!AC57+Submetering!AD57+Submetering!AE57 -> 0 | F56: =((((Submetering!E57+Submetering!AD57)*0.13773+(Submetering!E57+Submetering!AD57)*0.02095)*1.09+(2.85/30)*2)+(((Submetering!F57+Submetering!H57+Submetering!J57+Submetering!L57+Submetering!N57+Submetering!P57+Submetering!R57+Submetering!T57+Submetering!V57+Submetering!X57+Submetering!Z57+Submetering!AB57+Submetering!AC57+Submetering!AE57)*0.05155)+((Submetering!F57+Submetering!H57+Submetering!J57+Submetering!L57+Submetering!N57+Submetering!P57+Submetering!R57+Submetering!T57+Submetering!V57+Submetering!X57+Submetering!Z57+Submetering!AB57+Submetering!AC57+Submetering!AE57)*0.02095)+(20/30)*15)*1.1048)/E56 -> #DIV/0! | G56: =Submetering!AK57+Submetering!AL57+Submetering!AU57 -> 0 | H56: 0.8166 | I56: =Submetering!AF57+Submetering!AG57+Submetering!AH57+Submetering!AI57+Submetering!AJ57+Submetering!AM57+Submetering!AN57+Submetering!AO57+Submetering!AQ57+Submetering!AR57+Submetering!AS57+Submetering!AT57+Submetering!AV57+Submetering!AY57+Submetering!AW57+Submetering!AZ57+Submetering!BA57 -> 0 | J56: =((Submetering!AG57+Submetering!BA57)*0.8868+(1712.96+1070.52)/30+(Submetering!AF57+Submetering!AY57+Submetering!AV57+Submetering!AZ57)*1.1251+(2076.11+129.67+207.57+207.57)/30+(11680.53+56.61)/30)/I56 -> #DIV/0! | K56: =Occupancy!H14 -> 0
A57: Orlando | B57: 13 | C57: 12 | D57: 2021 | E57: =Submetering!F58+Submetering!H58+Submetering!J58+Submetering!L58+Submetering!N58+Submetering!P58+Submetering!R58+Submetering!T58+Submetering!V58+Submetering!X58+Submetering!Z58+Submetering!AB58+Submetering!AC58+Submetering!AD58+Submetering!AE58 -> 0 | F57: =((((Submetering!E58+Submetering!AD58)*0.13773+(Submetering!E58+Submetering!AD58)*0.02095)*1.09+(2.85/30)*2)+(((Submetering!F58+Submetering!H58+Submetering!J58+Submetering!L58+Submetering!N58+Submetering!P58+Submetering!R58+Submetering!T58+Submetering!V58+Submetering!X58+Submetering!Z58+Submetering!AB58+Submetering!AC58+Submetering!AE58)*0.05155)+((Submetering!F58+Submetering!H58+Submetering!J58+Submetering!L58+Submetering!N58+Submetering!P58+Submetering!R58+Submetering!T58+Submetering!V58+Submetering!X58+Submetering!Z58+Submetering!AB58+Submetering!AC58+Submetering!AE58)*0.02095)+(20/30)*15)*1.1048)/E57 -> #DIV/0! | G57: =Submetering!AK58+Submetering!AL58+Submetering!AU58 -> 0 | H57: 0.8166 | I57: =Submetering!AF58+Submetering!AG58+Submetering!AH58+Submetering!AI58+Submetering!AJ58+Submetering!AM58+Submetering!AN58+Submetering!AO58+Submetering!AQ58+Submetering!AR58+Submetering!AS58+Submetering!AT58+Submetering!AV58+Submetering!AY58+Submetering!AW58+Submetering!AZ58+Submetering!BA58 -> 0 | J57: =((Submetering!AG58+Submetering!BA58)*0.8868+(1712.96+1070.52)/30+(Submetering!AF58+Submetering!AY58+Submetering!AV58+Submetering!AZ58)*1.1251+(2076.11+129.67+207.57+207.57)/30+(11680.53+56.61)/30)/I57 -> #DIV/0!
A58: Orlando | B58: 20 | C58: 12 | D58: 2021 | E58: =Submetering!F59+Submetering!H59+Submetering!J59+Submetering!L59+Submetering!N59+Submetering!P59+Submetering!R59+Submetering!T59+Submetering!V59+Submetering!X59+Submetering!Z59+Submetering!AB59+Submetering!AC59+Submetering!AD59+Submetering!AE59 -> 0 | F58: =((((Submetering!E59+Submetering!AD59)*0.13773+(Submetering!E59+Submetering!AD59)*0.02095)*1.09+(2.85/30)*2)+(((Submetering!F59+Submetering!H59+Submetering!J59+Submetering!L59+Submetering!N59+Submetering!P59+Submetering!R59+Submetering!T59+Submetering!V59+Submetering!X59+Submetering!Z59+Submetering!AB59+Submetering!AC59+Submetering!AE59)*0.05155)+((Submetering!F59+Submetering!H59+Submetering!J59+Submetering!L59+Submetering!N59+Submetering!P59+Submetering!R59+Submetering!T59+Submetering!V59+Submetering!X59+Submetering!Z59+Submetering!AB59+Submetering!AC59+Submetering!AE59)*0.02095)+(20/30)*15)*1.1048)/E58 -> #DIV/0! | G58: =Submetering!AK59+Submetering!AL59+Submetering!AU59 -> 0 | H58: 0.8166 | I58: =Submetering!AF59+Submetering!AG59+Submetering!AH59+Submetering!AI59+Submetering!AJ59+Submetering!AM59+Submetering!AN59+Submetering!AO59+Submetering!AQ59+Submetering!AR59+Submetering!AS59+Submetering!AT59+Submetering!AV59+Submetering!AY59+Submetering!AW59+Submetering!AZ59+Submetering!BA59 -> 0 | J58: =((Submetering!AG59+Submetering!BA59)*0.8868+(1712.96+1070.52)/30+(Submetering!AF59+Submetering!AY59+Submetering!AV59+Submetering!AZ59)*1.1251+(2076.11+129.67+207.57+207.57)/30+(11680.53+56.61)/30)/I58 -> #DIV/0!
A59: Orlando | B59: 27 | C59: 12 | D59: 2021 | E59: =Submetering!F60+Submetering!H60+Submetering!J60+Submetering!L60+Submetering!N60+Submetering!P60+Submetering!R60+Submetering!T60+Submetering!V60+Submetering!X60+Submetering!Z60+Submetering!AB60+Submetering!AC60+Submetering!AD60+Submetering!AE60 -> 0 | F59: =((((Submetering!E60+Submetering!AD60)*0.13773+(Submetering!E60+Submetering!AD60)*0.02095)*1.09+(2.85/30)*2)+(((Submetering!F60+Submetering!H60+Submetering!J60+Submetering!L60+Submetering!N60+Submetering!P60+Submetering!R60+Submetering!T60+Submetering!V60+Submetering!X60+Submetering!Z60+Submetering!AB60+Submetering!AC60+Submetering!AE60)*0.05155)+((Submetering!F60+Submetering!H60+Submetering!J60+Submetering!L60+Submetering!N60+Submetering!P60+Submetering!R60+Submetering!T60+Submetering!V60+Submetering!X60+Submetering!Z60+Submetering!AB60+Submetering!AC60+Submetering!AE60)*0.02095)+(20/30)*15)*1.1048)/E59 -> #DIV/0! | G59: =Submetering!AK60+Submetering!AL60+Submetering!AU60 -> 0 | H59: 0.8166 | I59: =Submetering!AF60+Submetering!AG60+Submetering!AH60+Submetering!AI60+Submetering!AJ60+Submetering!AM60+Submetering!AN60+Submetering!AO60+Submetering!AQ60+Submetering!AR60+Submetering!AS60+Submetering!AT60+Submetering!AV60+Submetering!AY60+Submetering!AW60+Submetering!AZ60+Submetering!BA60 -> 0 | J59: =((Submetering!AG60+Submetering!BA60)*0.8868+(1712.96+1070.52)/30+(Submetering!AF60+Submetering!AY60+Submetering!AV60+Submetering!AZ60)*1.1251+(2076.11+129.67+207.57+207.57)/30+(11680.53+56.61)/30)/I59 -> #DIV/0!
A60: Orlando | B60: 31 | C60: 12 | D60: 2021 | E60: =Submetering!F61+Submetering!H61+Submetering!J61+Submetering!L61+Submetering!N61+Submetering!P61+Submetering!R61+Submetering!T61+Submetering!V61+Submetering!X61+Submetering!Z61+Submetering!AB61+Submetering!AC61+Submetering!AD61+Submetering!AE61 -> 0 | F60: =((((Submetering!E61+Submetering!AD61)*0.13773+(Submetering!E61+Submetering!AD61)*0.02095)*1.09+(2.85/30)*2)+(((Submetering!F61+Submetering!H61+Submetering!J61+Submetering!L61+Submetering!N61+Submetering!P61+Submetering!R61+Submetering!T61+Submetering!V61+Submetering!X61+Submetering!Z61+Submetering!AB61+Submetering!AC61+Submetering!AE61)*0.05155)+((Submetering!F61+Submetering!H61+Submetering!J61+Submetering!L61+Submetering!N61+Submetering!P61+Submetering!R61+Submetering!T61+Submetering!V61+Submetering!X61+Submetering!Z61+Submetering!AB61+Submetering!AC61+Submetering!AE61)*0.02095)+(20/30)*15)*1.1048)/E60 -> #DIV/0! | G60: =Submetering!AK61+Submetering!AL61+Submetering!AU61 -> 0 | H60: 0.8166 | I60: =Submetering!AF61+Submetering!AG61+Submetering!AH61+Submetering!AI61+Submetering!AJ61+Submetering!AM61+Submetering!AN61+Submetering!AO61+Submetering!AQ61+Submetering!AR61+Submetering!AS61+Submetering!AT61+Submetering!AV61+Submetering!AY61+Submetering!AW61+Submetering!AZ61+Submetering!BA61 -> 0 | J60: =((Submetering!AG61+Submetering!BA61)*0.8868+(1712.96+1070.52)/30+(Submetering!AF61+Submetering!AY61+Submetering!AV61+Submetering!AZ61)*1.1251+(2076.11+129.67+207.57+207.57)/30+(11680.53+56.61)/30)/I60 -> #DIV/0!

Sheet Submetering
A1: Site Name | B1: Day | C1: Month | D1: Year | E1: 90 630 431 (KWh) | F1: 68 425 010 (KWh) | G1: T2392 (KWh) | H1: 68 425 008 (KWh) | I1: T7384 (KWh) | J1: 68 425 060 (KWh) | K1: T7380 (KWh) | L1: 68 425 097 (KWh) | M1: T7281 (KWh) | N1: 68 425 059 (KWh) | O1: T2390 (KWh) | P1: 68 425 077 (KWh) | Q1: T2395 (KWh) | R1: 68 425 078 (KWh) | S1: T2393 (KWh) | T1: 68 425 071 (KWh) | U1: T7285 (KWh) | V1: 68 425 093 (KWh) | W1: T7382 (KWh) | X1: 68 425 094 (KWh) | Y1: T2391 (KWh) | Z1: 90 625 242 (KWh) | AA1: T7283 (KWh) | AB1: 672 73 163 (KWh) | AC1: 676 62 513 (KWh) | AD1: 61 979 920 (KWh) | AE1: 56 253 208 (KWh) | AF1: Domestic Water from RCES 74860172 (m3) | AG1: Re-use Water from RCES 74860173 (m3) | AH1: Building A Fire Sprinkler System Make-up 44553004 (m3) | AI1: Building A Potable Water Feed 70275191 (m3) | AJ1: Steam Boilers Make-up Water 2130521 (m3) | AK1: Resort Natural Gas Meter 12C004186-C1 (m3) | AL1: Out Buildings Natural Gas Meter 93477704 (m3) | AM1: Cooling Tower Make-up Water 79177804 (m3) | AN1: Cooling Tower Blowdown Line Deduct 79305675 (m3) | AO1: Building E Potable Water Meter 79190041 (m3) | AP1: 7919004D | AQ1: Building J Irrigation Water Meter 79190039 (m3) | AR1: Lazy Pool River Make-up Water 79324776 (m3) | AS1: Pool Hydraunic Boiler Water Make-up 112014001775 (m3) | AT1: SPA Jacuzzi Water Make-up 112014001771 (m3) | AU1: Golf Clubhouse Natural Gas Meter 82SJ729151 (m3) | AV1: 73337589 - 1387142 | AW1: Golf Clubhouse Flushing Valve Deduct 65956268 (m3) | AX1: Clubhouse | AY1: Golf Maintenance Facility 1334021 (m3) | AZ1: Golf Course Comfort Stations 63265094 (m3) | BA1: Golf Course Re-use Irrigation 67327447 (m3)
A2: Orlando | B2: 1 | C2: 1 | D2: 2020 | E2: =Elect!AM4 -> 0 | F2: =Elect!I4 | G2: =Elect!H4 -> 2.299 | H2: =Elect!F4 | I2: =Elect!E4 -> 1.99 | J2: =Elect!U4 | K2: =Elect!T4 -> 1.964 | L2: =Elect!AJ4 | M2: =Elect!AI4 -> 0.331 | N2: =Elect!X4 | O2: =Elect!W4 -> 1.376 | P2: =Elect!O4 | Q2: =Elect!N4 -> 2.48 | R2: =Elect!L4 | S2: =Elect!K4 -> 3.07 | T2: =Elect!R4 | U2: =Elect!Q4 -> 2.77 | V2: =Elect!AA4 | W2: =Elect!Z4 -> 2.56 | X2: =Elect!AD4 | Y2: =Elect!AC4 -> 1.73 | Z2: =Elect!AG4 | AA2: =Elect!AF4 -> 2.162 | AB2: =Elect!AX4 | AC2: =Elect!AV4 | AD2: =Elect!AZ4 | AE2: =Elect!BB4 | AF2: ='Wtr-Gas'!E4 -> 0 | AG2: ='Wtr-Gas'!H4 -> 0 | AH2: ='Wtr-Gas'!K4 -> 0 | AI2: ='Wtr-Gas'!N4 -> 0 | AJ2: ='Wtr-Gas'!Q4 -> 0 | AK2: ='Wtr-Gas'!U4 -> 0 | AL2: ='Wtr-Gas'!X4 -> 0 | AM2: ='Wtr-Gas'!AB4 | AN2: ='Wtr-Gas'!AD4 | AO2: ='Wtr-Gas'!AF4 | AP2: ='Wtr-Gas'!AH4 | AQ2: ='Wtr-Gas'!AJ4 | AR2: ='Wtr-Gas'!AL4 | AS2: ='Wtr-Gas'!AN4 | AT2: ='Wtr-Gas'!AP4 | AU2: ='Wtr-Gas'!AT4 | AV2: ='Wtr-Gas'!AW4 | AW2: ='Wtr-Gas'!AY4 | AX2: ='Wtr-Gas'!AZ4 | AY2: ='Wtr-Gas'!BB4 | AZ2: ='Wtr-Gas'!BD4 | BA2: ='Wtr-Gas'!BF4
A3: Orlando | B3: 4 | C3: 1 | D3: 2021 | E3: =Elect!AM5 -> 251 | F3: =Elect!I5 -> 21440 | G3: =Elect!H5 -> 2.299 | H3: =Elect!F5 -> 19200 | I3: =Elect!E5 -> 1.99 | J3: =Elect!U5 -> 31800 | K3: =Elect!T5 -> 2.067 | L3: =Elect!AJ5 -> -1360 | M3: =Elect!AI5 -> 0.331 | N3: =Elect!X5 -> 18300 | O3: =Elect!W5 -> 1.373 | P3: =Elect!O5 -> 4400 | Q3: =Elect!N5 -> 2.48 | R3: =Elect!L5 -> 5200 | S3: =Elect!K5 -> 3.07 | T3: =Elect!R5 -> 4800 | U3: =Elect!Q5 -> 2.77 | V3: =Elect!AA5 -> 2240 | W3: =Elect!Z5 -> 2.56 | X3: =Elect!AD5 -> 1280 | Y3: =Elect!AC5 -> 1.74 | Z3: =Elect!AG5 -> 21800 | AA3: =Elect!AF5 -> 2.162 | AB3: =Elect!AX5 -> 500 | AC3: =Elect!AV5 -> 5200 | AD3: =Elect!AZ5 -> 889 | AE3: =Elect!BB5 -> 2640 | AF3: =('Wtr-Gas'!E5)*0.0038 -> 2003.588 | AG3: =('Wtr-Gas'!H5)*0.0038 -> 1514.224 | AH3: ='Wtr-Gas'!K5*0.0038 -> 0.228 | AI3: ='Wtr-Gas'!N5*0.0038 -> 1413.6 | AJ3: ='Wtr-Gas'!Q5*0.0038 -> 29.64 | AK3: ='Wtr-Gas'!U5*0.0038 -> 424.46 | AL3: ='Wtr-Gas'!X5*0.0038 -> 2171.7 | AM3: ='Wtr-Gas'!AB5*0.0038 -> 3116 | AN3: ='Wtr-Gas'!AD5*0.0038 -> 695.67664 | AO3: ='Wtr-Gas'!AF5*0.0038 -> 1.9 | AP3: ='Wtr-Gas'!AH5*0.0038 -> 156.332 | AQ3: ='Wtr-Gas'!AJ5*0.0038 -> 15.3596 | AR3: ='Wtr-Gas'!AL5*0.0038 -> 338.2 | AS3: ='Wtr-Gas'!AN5*0.0038 -> 0.0532 | AT3: ='Wtr-Gas'!AP5*0.0038 -> 2.28 | AU3: ='Wtr-Gas'!AT5*0.0038 -> 0.1634 | AV3: ='Wtr-Gas'!AW5*0.0038 -> 83.7786 | AW3: ='Wtr-Gas'!AY5*0.0038 -> 64.7292 | AX3: ='Wtr-Gas'!AZ5*0.0038 -> 19.047614 | AY3: ='Wtr-Gas'!BB5*0.0038 -> 2.28 | AZ3: ='Wtr-Gas'!BD5*0.0038 -> 7.6 | BA3: ='Wtr-Gas'!BF5*0.0038 -> 11.59
A4: Orlando | B4: 11 | C4: 1 | D4: 2021 | E4: =Elect!AM6 -> 554 | F4: =Elect!I6 -> 44320 | G4: =Elect!H6 -> 2.299 | H4: =Elect!F6 -> 40320 | I4: =Elect!E6 -> 1.99 | J4: =Elect!U6 -> 24300 | K4: =Elect!T6 -> 2.067 | L4: =Elect!AJ6 -> 3480 | M4: =Elect!AI6 -> 0.331 | N4: =Elect!X6 -> 24600 | O4: =Elect!W6 -> 1.373 | P4: =Elect!O6 -> 9200 | Q4: =Elect!N6 -> 2.48 | R4: =Elect!L6 -> 10400 | S4: =Elect!K6 -> 3.07 | T4: =Elect!R6 -> 9600 | U4: =Elect!Q6 -> 2.77 | V4: =Elect!AA6 -> 5120 | W4: =Elect!Z6 -> 2.72 | X4: =Elect!AD6 -> 2400 | Y4: =Elect!AC6 -> 1.74 | Z4: =Elect!AG6 -> 50400 | AA4: =Elect!AF6 -> 2.162 | AB4: =Elect!AX6 -> 1500 | AC4: =Elect!AV6 -> 11000 | AD4: =Elect!AZ6 -> 909 | AE4: =Elect!BB6 -> 3280 | AF4: =('Wtr-Gas'!E6)*0.0038 -> 3158.712 | AG4: =('Wtr-Gas'!H6)*0.0038 -> 1080.758 | AH4: ='Wtr-Gas'!K6*0.0038 -> 1.064 | AI4: ='Wtr-Gas'!N6*0.0038 -> 1725.2 | AJ4: ='Wtr-Gas'!Q6*0.0038 -> 79.8 | AK4: ='Wtr-Gas'!U6*0.0038 -> 755.06 | AL4: ='Wtr-Gas'!X6*0.0038 -> 7904.76 | AM4: ='Wtr-Gas'!AB6*0.0038 -> 2432 | AN4: ='Wtr-Gas'!AD6*0.0038 -> 809.4874 | AO4: ='Wtr-Gas'!AF6*0.0038 -> 7.258 | AP4: ='Wtr-Gas'!AH6*0.0038 -> 343.52 | AQ4: ='Wtr-Gas'!AJ6*0.0038 -> 41.0514 | AR4: ='Wtr-Gas'!AL6*0.0038 -> 839.8 | AS4: ='Wtr-Gas'!AN6*0.0038 -> 0.1178 | AT4: ='Wtr-Gas'!AP6*0.0038 -> 4.56 | AU4: ='Wtr-Gas'!AT6*0.0038 -> 0.4598 | AV4: ='Wtr-Gas'!AW6*0.0038 -> 188.4648 | AW4: ='Wtr-Gas'!AY6*0.0038 -> 151.3426 | AX4: ='Wtr-Gas'!AZ6*0.0038 -> 37.121668 | AY4: ='Wtr-Gas'!BB6*0.0038 -> 22.42 | AZ4: ='Wtr-Gas'!BD6*0.0038 -> 7.98 | BA4: ='Wtr-Gas'!BF6*0.0038 -> 0
A5: Orlando | B5: 18 | C5: 1 | D5: 2021 | E5: =Elect!AM7 -> 564 | F5: =Elect!I7 -> 45120 | G5: =Elect!H7 -> 2.299 | H5: =Elect!F7 -> 40800 | I5: =Elect!E7 -> 1.99 | J5: =Elect!U7 -> 17400 | K5: =Elect!T7 -> 2.067 | L5: =Elect!AJ7 -> 1440 | M5: =Elect!AI7 -> 0.346 | N5: =Elect!X7 -> 34500 | O5: =Elect!W7 -> 1.373 | P5: =Elect!O7 -> 8800 | Q5: =Elect!N7 -> 2.48 | R5: =Elect!L7 -> 12800 | S5: =Elect!K7 -> 3.07 | T5: =Elect!R7 -> 9600 | U5: =Elect!Q7 -> 2.77 | V5: =Elect!AA7 -> 6080 | W5: =Elect!Z7 -> 3.03 | X5: =Elect!AD7 -> 3040 | Y5: =Elect!AC7 -> 1.76 | Z5: =Elect!AG7 -> 50600 | AA5: =Elect!AF7 -> 2.162 | AB5: =Elect!AX7 -> 1400 | AC5: =Elect!AV7 -> 10900 | AD5: =Elect!AZ7 -> 880 | AE5: =Elect!BB7 -> 43 | AF5: =('Wtr-Gas'!E7)*0.0038 -> 3168.174 | AG5: =('Wtr-Gas'!H7)*0.0038 -> 1035.652 | AH5: ='Wtr-Gas'!K7*0.0038 -> 1.14 | AI5: ='Wtr-Gas'!N7*0.0038 -> 1824 | AJ5: ='Wtr-Gas'!Q7*0.0038 -> 82.46 | AK5: ='Wtr-Gas'!U7*0.0038 -> 770.64 | AL5: ='Wtr-Gas'!X7*0.0038 -> 7306.64 | AM5: ='Wtr-Gas'!AB7*0.0038 -> 2432 | AN5: ='Wtr-Gas'!AD7*0.0038 -> 742.45008 | AO5: ='Wtr-Gas'!AF7*0.0038 -> 3.952 | AP5: ='Wtr-Gas'!AH7*0.0038 -> 337.288 | AQ5: ='Wtr-Gas'!AJ7*0.0038 -> 34.4014 | AR5: ='Wtr-Gas'!AL7*0.0038 -> 786.6 | AS5: ='Wtr-Gas'!AN7*0.0038 -> 0.1786 | AT5: ='Wtr-Gas'!AP7*0.0038 -> 8.36 | AU5: ='Wtr-Gas'!AT7*0.0038 -> 0.4788 | AV5: ='Wtr-Gas'!AW7*0.0038 -> 190.0076 | AW5: ='Wtr-Gas'!AY7*0.0038 -> 153.9684 | AX5: ='Wtr-Gas'!AZ7*0.0038 -> 36.03787 | AY5: ='Wtr-Gas'!BB7*0.0038 -> 7.98 | AZ5: ='Wtr-Gas'!BD7*0.0038 -> 4.56 | BA5: ='Wtr-Gas'!BF7*0.0038 -> 62.1072
A6: Orlando | B6: 25 | C6: 1 | D6: 2021 | E6: =Elect!AM8 -> 341 | F6: =Elect!I8 -> 47680 | G6: =Elect!H8 -> 2.261 | H6: =Elect!F8 -> 42880 | I6: =Elect!E8 -> 1.963 | J6: =Elect!U8 -> 34500 | K6: =Elect!T8 -> 1.767 | L6: =Elect!AJ8 -> 1560 | M6: =Elect!AI8 -> 0.267 | N6: =Elect!X8 -> 38100 | O6: =Elect!W8 -> 1.7 | P6: =Elect!O8 -> 9600 | Q6: =Elect!N8 -> 1.88 | R6: =Elect!L8 -> 11200 | S6: =Elect!K8 -> 2.63 | T6: =Elect!R8 -> 9600 | U6: =Elect!Q8 -> 2.18 | V6: =Elect!AA8 -> 6560 | W6: =Elect!Z8 -> 3.22 | X6: =Elect!AD8 -> 4160 | Y6: =Elect!AC8 -> 2.96 | Z6: =Elect!AG8 -> 52600 | AA6: =Elect!AF8 -> 2.013 | AB6: =Elect!AX8 -> 1900 | AC6: =Elect!AV8 -> 12800 | AD6: =Elect!AZ8 -> 879 | AE6: =Elect!BB8 -> 1360 | AF6: =('Wtr-Gas'!E8)*0.0038 -> 3898.952 | AG6: =('Wtr-Gas'!H8)*0.0038 -> 1001.946 | AH6: ='Wtr-Gas'!K8*0.0038 -> 2.052 | AI6: ='Wtr-Gas'!N8*0.0038 -> 2470 | AJ6: ='Wtr-Gas'!Q8*0.0038 -> 99.56 | AK6: ='Wtr-Gas'!U8*0.0038 -> 905.16 | AL6: ='Wtr-Gas'!X8*0.0038 -> 6684.2 | AM6: ='Wtr-Gas'!AB8*0.0038 -> 3952 | AN6: ='Wtr-Gas'!AD8*0.0038 -> 912.75392 | AO6: ='Wtr-Gas'!AF8*0.0038 -> 6.27 | AP6: ='Wtr-Gas'!AH8*0.0038 -> 376.01 | AQ6: ='Wtr-Gas'!AJ8*0.0038 -> 48.3208 | AR6: ='Wtr-Gas'!AL8*0.0038 -> 805.6 | AS6: ='Wtr-Gas'!AN8*0.0038 -> 0.1444 | AT6: ='Wtr-Gas'!AP8*0.0038 -> 15.2 | AU6: ='Wtr-Gas'!AT8*0.0038 -> 0.4446 | AV6: ='Wtr-Gas'!AW8*0.0038 -> 217.9072 | AW6: ='Wtr-Gas'!AY8*0.0038 -> 150.404 | AX6: ='Wtr-Gas'!AZ8*0.0038 -> 67.502022 | AY6: ='Wtr-Gas'!BB8*0.0038 -> 19.76 | AZ6: ='Wtr-Gas'!BD8*0.0038 -> 3.42 | BA6: ='Wtr-Gas'!BF8*0.0038 -> 0
A7: Orlando | B7: 31 | C7: 1 | D7: 2021 | E7: =Elect!AM9 -> 601 | F7: =Elect!I9 -> 44960 | G7: =Elect!H9 -> 2.261 | H7: =Elect!F9 -> 38720 | I7: =Elect!E9 -> 1.963 | J7: =Elect!U9 -> 36000 | K7: =Elect!T9 -> 1.978 | L7: =Elect!AJ9 -> 3000 | M7: =Elect!AI9 -> 0.267 | N7: =Elect!X9 -> 38400 | O7: =Elect!W9 -> 1.7 | P7: =Elect!O9 -> 8800 | Q7: =Elect!N9 -> 1.88 | R7: =Elect!L9 -> 9600 | S7: =Elect!K9 -> 2.63 | T7: =Elect!R9 -> 9200 | U7: =Elect!Q9 -> 2.18 | V7: =Elect!AA9 -> 5280 | W7: =Elect!Z9 -> 3.22 | X7: =Elect!AD9 -> 2720 | Y7: =Elect!AC9 -> 2.96 | Z7: =Elect!AG9 -> 49600 | AA7: =Elect!AF9 -> 2.013 | AB7: =Elect!AX9 -> 1400 | AC7: =Elect!AV9 -> 12000 | AD7: =Elect!AZ9 -> 914 | AE7: =Elect!BB9 -> 2240 | AF7: =('Wtr-Gas'!E9)*0.0038 -> 3949.986 | AG7: =('Wtr-Gas'!H9)*0.0038 -> 770.374 | AH7: ='Wtr-Gas'!K9*0.0038 -> 1.216 | AI7: ='Wtr-Gas'!N9*0.0038 -> 2572.6 | AJ7: ='Wtr-Gas'!Q9*0.0038 -> 90.82 | AK7: ='Wtr-Gas'!U9*0.0038 -> 773.68 | AL7: ='Wtr-Gas'!X9*0.0038 -> 5779.8 | AM7: ='Wtr-Gas'!AB9*0.0038 -> 4408 | AN7: ='Wtr-Gas'!AD9*0.0038 -> 1011.066 | AO7: ='Wtr-Gas'!AF9*0.0038 -> 7.828 | AP7: ='Wtr-Gas'!AH9*0.0038 -> 372.856 | AQ7: ='Wtr-Gas'!AJ9*0.0038 -> 43.4074 | AR7: ='Wtr-Gas'!AL9*0.0038 -> 782.8 | AS7: ='Wtr-Gas'!AN9*0.0038 -> 0.0988 | AT7: ='Wtr-Gas'!AP9*0.0038 -> 4.18 | AU7: ='Wtr-Gas'!AT9*0.0038 -> 0.4332 | AV7: ='Wtr-Gas'!AW9*0.0038 -> 184.6344 | AW7: ='Wtr-Gas'!AY9*0.0038 -> 150.3698 | AX7: ='Wtr-Gas'!AZ9*0.0038 -> 34.264714 | AY7: ='Wtr-Gas'!BB9*0.0038 -> 9.88 | AZ7: ='Wtr-Gas'!BD9*0.0038 -> 1.52 | BA7: ='Wtr-Gas'!BF9*0.0038 -> 0
A8: Orlando | B8: 8 | C8: 2 | D8: 2021 | E8: =Elect!AM10 -> 697 | F8: =Elect!I10 -> 44480 | G8: =Elect!H10 -> 2.261 | H8: =Elect!F10 -> 39360 | I8: =Elect!E10 -> 1.963 | J8: =Elect!U10 -> 25800 | K8: =Elect!T10 -> 1.978 | L8: =Elect!AJ10 -> -240 | M8: =Elect!AI10 -> 0.281 | N8: =Elect!X10 -> 34500 | O8: =Elect!W10 -> 1.7 | P8: =Elect!O10 -> 9200 | Q8: =Elect!N10 -> 2.38 | R8: =Elect!L10 -> 10800 | S8: =Elect!K10 -> 3.05 | T8: =Elect!R10 -> 9200 | U8: =Elect!Q10 -> 2.7 | V8: =Elect!AA10 -> 5120 | W8: =Elect!Z10 -> 3.38 | X8: =Elect!AD10 -> 2400 | Y8: =Elect!AC10 -> 2.96 | Z8: =Elect!AG10 -> 48400 | AA8: =Elect!AF10 -> 2.042 | AB8: =Elect!AX10 -> 1400 | AC8: =Elect!AV10 -> 11100 | AD8: =Elect!AZ10 -> 891 | AE8: =Elect!BB10 -> 1920 | AF8: =('Wtr-Gas'!E10)*0.0038 -> 3397.542 | AG8: =('Wtr-Gas'!H10)*0.0038 -> 701.366 | AH8: ='Wtr-Gas'!K10*0.0038 -> 0.798 | AI8: ='Wtr-Gas'!N10*0.0038 -> 2150.8 | AJ8: ='Wtr-Gas'!Q10*0.0038 -> 83.98 | AK8: ='Wtr-Gas'!U10*0.0038 -> 797.24 | AL8: ='Wtr-Gas'!X10*0.0038 -> 6714.6 | AM8: ='Wtr-Gas'!AB10*0.0038 -> 3192 | AN8: ='Wtr-Gas'!AD10*0.0038 -> 877.914 | AO8: ='Wtr-Gas'!AF10*0.0038 -> 4.56 | AP8: ='Wtr-Gas'!AH10*0.0038 -> 433.352 | AQ8: ='Wtr-Gas'!AJ10*0.0038 -> 25.783 | AR8: ='Wtr-Gas'!AL10*0.0038 -> 562.4 | AS8: ='Wtr-Gas'!AN10*0.0038 -> 0.3572 | AT8: ='Wtr-Gas'!AP10*0.0038 -> 8.36 | AU8: ='Wtr-Gas'!AT10*0.0038 -> 0.5206 | AV8: ='Wtr-Gas'!AW10*0.0038 -> 186.2076 | AW8: ='Wtr-Gas'!AY10*0.0038 -> 151.2286 | AX8: ='Wtr-Gas'!AZ10*0.0038 -> 34.977252 | AY8: ='Wtr-Gas'!BB10*0.0038 -> 6.08 | AZ8: ='Wtr-Gas'!BD10*0.0038 -> 1.14 | BA8: ='Wtr-Gas'!BF10*0.0038 -> 0
A9: Orlando | B9: 15 | C9: 2 | D9: 2021 | E9: =Elect!AM11 -> 519 | F9: =Elect!I11 -> 45600 | G9: =Elect!H11 -> 2.261 | H9: =Elect!F11 -> 41440 | I9: =Elect!E11 -> 1.963 | J9: =Elect!U11 -> 68700 | K9: =Elect!T11 -> 2.073 | L9: =Elect!AJ11 -> 1440 | M9: =Elect!AI11 -> 0.297 | N9: =Elect!X11 -> 38700 | O9: =Elect!W11 -> 1.7 | P9: =Elect!O11 -> 9200 | Q9: =Elect!N11 -> 2.38 | R9: =Elect!L11 -> 9200 | S9: =Elect!K11 -> 3.05 | T9: =Elect!R11 -> 8400 | U9: =Elect!Q11 -> 2.7 | V9: =Elect!AA11 -> 5120 | W9: =Elect!Z11 -> 3.38 | X9: =Elect!AD11 -> 2560 | Y9: =Elect!AC11 -> 2.96 | Z9: =Elect!AG11 -> 46600 | AA9: =Elect!AF11 -> 2.042 | AB9: =Elect!AX11 -> 1700 | AC9: =Elect!AV11 -> 13200 | AD9: =Elect!AZ11 -> 895 | AE9: =Elect!BB11 -> 2120 | AF9: =('Wtr-Gas'!E11)*0.0038 -> 3703.822 | AG9: =('Wtr-Gas'!H11)*0.0038 -> 939.436 | AH9: ='Wtr-Gas'!K11*0.0038 -> 2.698 | AI9: ='Wtr-Gas'!N11*0.0038 -> 2929.8 | AJ9: ='Wtr-Gas'!Q11*0.0038 -> 88.92 | AK9: ='Wtr-Gas'!U11*0.0038 -> 824.6 | AL9: ='Wtr-Gas'!X11*0.0038 -> 3446.6 | AM9: ='Wtr-Gas'!AB11*0.0038 -> 6840 | AN9: ='Wtr-Gas'!AD11*0.0038 -> 1379.997 | AO9: ='Wtr-Gas'!AF11*0.0038 -> 3.23 | AP9: ='Wtr-Gas'!AH11*0.0038 -> 410.058 | AQ9: ='Wtr-Gas'!AJ11*0.0038 -> 28.0288 | AR9: ='Wtr-Gas'!AL11*0.0038 -> 254.6 | AS9: ='Wtr-Gas'!AN11*0.0038 -> 0.0874 | AT9: ='Wtr-Gas'!AP11*0.0038 -> 46.74 | AU9: ='Wtr-Gas'!AT11*0.0038 -> 0.418 | AV9: ='Wtr-Gas'!AW11*0.0038 -> 187.4388 | AW9: ='Wtr-Gas'!AY11*0.0038 -> 152.2698 | AX9: ='Wtr-Gas'!AZ11*0.0038 -> 35.16862 | AY9: ='Wtr-Gas'!BB11*0.0038 -> 12.92 | AZ9: ='Wtr-Gas'!BD11*0.0038 -> 1.52 | BA9: ='Wtr-Gas'!BF11*0.0038 -> 0
A10: Orlando | B10: 22 | C10: 2 | D10: 2021 | E10: =Elect!AM12 -> 528 | F10: =Elect!I12 -> 46880 | G10: =Elect!H12 -> 1.586 | H10: =Elect!F12 -> 40800 | I10: =Elect!E12 -> 1.235 | J10: =Elect!U12 -> 56400 | K10: =Elect!T12 -> 2.185 | L10: =Elect!AJ12 -> 1440 | M10: =Elect!AI12 -> 1.71 | N10: =Elect!X12 -> 31200 | O10: =Elect!W12 -> 1.7 | P10: =Elect!O12 -> 9200 | Q10: =Elect!N12 -> 0.068 | R10: =Elect!L12 -> 10800 | S10: =Elect!K12 -> 0.085 | T10: =Elect!R12 -> 9600 | U10: =Elect!Q12 -> 0.071 | V10: =Elect!AA12 -> 4960 | W10: =Elect!Z12 -> 3.38 | X10: =Elect!AD12 -> 2720 | Y10: =Elect!AC12 -> 2.96 | Z10: =Elect!AG12 -> 48000 | AA10: =Elect!AF12 -> 2.7 | AB10: =Elect!AX12 -> 1800 | AC10: =Elect!AV12 -> 14200 | AD10: =Elect!AZ12 -> 1024 | AE10: =Elect!BB12 -> 1640 | AF10: =('Wtr-Gas'!E12)*0.0038 -> 3505.272 | AG10: =('Wtr-Gas'!H12)*0.0038 -> 974.13 | AH10: ='Wtr-Gas'!K12*0.0038 -> 0.608 | AI10: ='Wtr-Gas'!N12*0.0038 -> 2413 | AJ10: ='Wtr-Gas'!Q12*0.0038 -> 99.56 | AK10: ='Wtr-Gas'!U12*0.0038 -> 843.6 | AL10: ='Wtr-Gas'!X12*0.0038 -> 4799.4 | AM10: ='Wtr-Gas'!AB12*0.0038 -> 5320 | AN10: ='Wtr-Gas'!AD12*0.0038 -> 1185.915 | AO10: ='Wtr-Gas'!AF12*0.0038 -> 6.042 | AP10: ='Wtr-Gas'!AH12*0.0038 -> 411.312 | AQ10: ='Wtr-Gas'!AJ12*0.0038 -> 35.15 | AR10: ='Wtr-Gas'!AL12*0.0038 -> 345.8 | AS10: ='Wtr-Gas'!AN12*0.0038 -> 0.114 | AT10: ='Wtr-Gas'!AP12*0.0038 -> 3.42 | AU10: ='Wtr-Gas'!AT12*0.0038 -> 0.4864 | AV10: ='Wtr-Gas'!AW12*0.0038 -> 211.698 | AW10: ='Wtr-Gas'!AY12*0.0038 -> 172.5694 | AX10: ='Wtr-Gas'!AZ12*0.0038 -> 39.129436 | AY10: ='Wtr-Gas'!BB12*0.0038 -> 14.82 | AZ10: ='Wtr-Gas'!BD12*0.0038 -> 1.9 | BA10: ='Wtr-Gas'!BF12*0.0038 -> 0
A11: Orlando | B11: 28 | C11: 2 | D11: 2021 | E11: =Elect!AM13 -> 506 | F11: =Elect!I13 -> 47040 | G11: =Elect!H13 -> 2.188 | H11: =Elect!F13 -> 40800 | I11: =Elect!E13 -> 1.934 | J11: =Elect!U13 -> 49200 | K11: =Elect!T13 -> 2.583 | L11: =Elect!AJ13 -> 1440 | M11: =Elect!AI13 -> 0.301 | N11: =Elect!X13 -> 48000 | O11: =Elect!W13 -> 1.888 | P11: =Elect!O13 -> 9200 | Q11: =Elect!N13 -> 1.79 | R11: =Elect!L13 -> 10000 | S11: =Elect!K13 -> 2.17 | T11: =Elect!R13 -> 9200 | U11: =Elect!Q13 -> 1.87 | V11: =Elect!AA13 -> 6240 | W11: =Elect!Z13 -> 3.74 | X11: =Elect!AD13 -> 3200 | Y11: =Elect!AC13 -> 2.06 | Z11: =Elect!AG13 -> 48200 | AA11: =Elect!AF13 -> 1.896 | AB11: =Elect!AX13 -> 1500 | AC11: =Elect!AV13 -> 11600 | AD11: =Elect!AZ13 -> 784 | AE11: =Elect!BB13 -> 3920 | AF11: =('Wtr-Gas'!E13)*0.0038 -> 3780.848 | AG11: =('Wtr-Gas'!H13)*0.0038 -> 717.668 | AH11: ='Wtr-Gas'!K13*0.0038 -> 1.026 | AI11: ='Wtr-Gas'!N13*0.0038 -> 2717 | AJ11: ='Wtr-Gas'!Q13*0.0038 -> 101.84 | AK11: ='Wtr-Gas'!U13*0.0038 -> 855.76 | AL11: ='Wtr-Gas'!X13*0.0038 -> 4240.8 | AM11: ='Wtr-Gas'!AB13*0.0038 -> 6232 | AN11: ='Wtr-Gas'!AD13*0.0038 -> 1208.59 | AO11: ='Wtr-Gas'!AF13*0.0038 -> 7.22 | AP11: ='Wtr-Gas'!AH13*0.0038 -> 412.718 | AQ11: ='Wtr-Gas'!AJ13*0.0038 -> 30.3164 | AR11: ='Wtr-Gas'!AL13*0.0038 -> 345.8 | AS11: ='Wtr-Gas'!AN13*0.0038 -> 0.0798 | AT11: ='Wtr-Gas'!AP13*0.0038 -> 14.06 | AU11: ='Wtr-Gas'!AT13*0.0038 -> 0.3078 | AV11: ='Wtr-Gas'!AW13*0.0038 -> 162.6286 | AW11: ='Wtr-Gas'!AY13*0.0038 -> 128.2044 | AX11: ='Wtr-Gas'!AZ13*0.0038 -> 34.42439 | AY11: ='Wtr-Gas'!BB13*0.0038 -> 18.24 | AZ11: ='Wtr-Gas'!BD13*0.0038 -> 1.14 | BA11: ='Wtr-Gas'!BF13*0.0038 -> 0.0038
A12: Orlando | B12: 8 | C12: 3 | D12: 2021 | E12: =Elect!AM14 -> -74901 | F12: =Elect!I14 -> -15543200 | G12: =Elect!H14 -> 0 | H12: =Elect!F14 -> -16051200 | I12: =Elect!E14 -> 0 | J12: =Elect!U14 -> -23439900 | K12: =Elect!T14 -> 0 | L12: =Elect!AJ14 -> -711240 | M12: =Elect!AI14 -> 0 | N12: =Elect!X14 -> -22370700 | O12: =Elect!W14 -> 0 | P12: =Elect!O14 -> -4391200 | Q12: =Elect!N14 -> 0 | R12: =Elect!L14 -> -4437600 | S12: =Elect!K14 -> 0 | T12: =Elect!R14 -> -4646400 | U12: =Elect!Q14 -> 0 | V12: =Elect!AA14 -> -2898560 | W12: =Elect!Z14 -> 0 | X12: =Elect!AD14 -> -1914560 | Y12: =Elect!AC14 -> 0 | Z12: =Elect!AG14 -> -19066000 | AA12: =Elect!AF14 -> 0 | AB12: =Elect!AX14 -> -819600 | AC12: =Elect!AV14 -> -6412200 | AD12: =Elect!AZ14 -> -36222 | AE12: =Elect!BB14 -> -14920 | AF12: =('Wtr-Gas'!E14)*0.0038 -> -1591131.6 | AG12: =('Wtr-Gas'!H14)*0.0038 -> -189727.16 | AH12: ='Wtr-Gas'!K14*0.0038 -> -650.674 | AI12: ='Wtr-Gas'!N14*0.0038 -> -1152745.2 | AJ12: ='Wtr-Gas'!Q14*0.0038 -> -2912.7 | AK12: ='Wtr-Gas'!U14*0.0038 -> -270237.38 | AL12: ='Wtr-Gas'!X14*0.0038 -> -204835.2 | AM12: ='Wtr-Gas'!AB14*0.0038 -> -580868 | AN12: ='Wtr-Gas'!AD14*0.0038 -> -157167.58 | AO12: ='Wtr-Gas'!AF14*0.0038 -> -4025.72 | AP12: ='Wtr-Gas'!AH14*0.0038 -> -124138.1 | AQ12: ='Wtr-Gas'!AJ14*0.0038 -> -15563.246 | AR12: ='Wtr-Gas'!AL14*0.0038 -> -74442 | AS12: ='Wtr-Gas'!AN14*0.0038 -> -2048.2 | AT12: ='Wtr-Gas'!AP14*0.0038 -> -4571.78 | AU12: ='Wtr-Gas'!AT14*0.0038 -> -37.7264 | AV12: ='Wtr-Gas'!AW14*0.0038 -> -70542.353 | AW12: ='Wtr-Gas'!AY14*0.0038 -> -18140.743 | AX12: ='Wtr-Gas'!AZ14*0.0038 -> -52401.609 | AY12: ='Wtr-Gas'!BB14*0.0038 -> -26557.06 | AZ12: ='Wtr-Gas'!BD14*0.0038 -> -14270.52 | BA12: ='Wtr-Gas'!BF14*0.0038 -> -164112.43
A13: Orlando | B13: 15 | C13: 3 | D13: 2021 | E13: =Elect!AM15 -> 0 | F13: =Elect!I15 -> 0 | G13: =Elect!H15 -> 0 | H13: =Elect!F15 -> 0 | I13: =Elect!E15 -> 0 | J13: =Elect!U15 -> 0 | K13: =Elect!T15 -> 0 | L13: =Elect!AJ15 -> 0 | M13: =Elect!AI15 -> 0 | N13: =Elect!X15 -> 0 | O13: =Elect!W15 -> 0 | P13: =Elect!O15 -> 0 | Q13: =Elect!N15 -> 0 | R13: =Elect!L15 -> 0 | S13: =Elect!K15 -> 0 | T13: =Elect!R15 -> 0 | U13: =Elect!Q15 -> 0 | V13: =Elect!AA15 -> 0 | W13: =Elect!Z15 -> 0 | X13: =Elect!AD15 -> 0 | Y13: =Elect!AC15 -> 0 | Z13: =Elect!AG15 -> 0 | AA13: =Elect!AF15 -> 0 | AB13: =Elect!AX15 -> 0 | AC13: =Elect!AV15 -> 0 | AD13: =Elect!AZ15 -> 0 | AE13: =Elect!BB15 -> 0 | AF13: =('Wtr-Gas'!E15)*0.0038 -> 0 | AG13: =('Wtr-Gas'!H15)*0.0038 -> 0 | AH13: ='Wtr-Gas'!K15*0.0038 -> 0 | AI13: ='Wtr-Gas'!N15*0.0038 -> 0 | AJ13: ='Wtr-Gas'!Q15*0.0038 -> 0 | AK13: ='Wtr-Gas'!U15*0.0038 -> 0 | AL13: ='Wtr-Gas'!X15*0.0038 -> 0 | AM13: ='Wtr-Gas'!AB15*0.0038 -> 0 | AN13: ='Wtr-Gas'!AD15*0.0038 -> 0 | AO13: ='Wtr-Gas'!AF15*0.0038 -> 0 | AP13: ='Wtr-Gas'!AH15*0.0038 -> 0 | AQ13: ='Wtr-Gas'!AJ15*0.0038 -> 0 | AR13: ='Wtr-Gas'!AL15*0.0038 -> 0 | AS13: ='Wtr-Gas'!AN15*0.0038 -> 0 | AT13: ='Wtr-Gas'!AP15*0.0038 -> 0 | AU13: ='Wtr-Gas'!AT15*0.0038 -> 0 | AV13: ='Wtr-Gas'!AW15*0.0038 -> 0 | AW13: ='Wtr-Gas'!AY15*0.0038 -> 0 | AX13: ='Wtr-Gas'!AZ15*0.0038 -> 0 | AY13: ='Wtr-Gas'!BB15*0.0038 -> 0 | AZ13: ='Wtr-Gas'!BD15*0.0038 -> 0 | BA13: ='Wtr-Gas'!BF15*0.0038 -> 0
A14: Orlando | B14: 22 | C14: 3 | D14: 2021 | E14: =Elect!AM16 -> 0 | F14: =Elect!I16 -> 0 | G14: =Elect!H16 -> 0 | H14: =Elect!F16 -> 0 | I14: =Elect!E16 -> 0 | J14: =Elect!U16 -> 0 | K14: =Elect!T16 -> 0 | L14: =Elect!AJ16 -> 0 | M14: =Elect!AI16 -> 0 | N14: =Elect!X16 -> 0 | O14: =Elect!W16 -> 0 | P14: =Elect!O16 -> 0 | Q14: =Elect!N16 -> 0 | R14: =Elect!L16 -> 0 | S14: =Elect!K16 -> 0 | T14: =Elect!R16 -> 0 | U14: =Elect!Q16 -> 0 | V14: =Elect!AA16 -> 0 | W14: =Elect!Z16 -> 0 | X14: =Elect!AD16 -> 0 | Y14: =Elect!AC16 -> 0 | Z14: =Elect!AG16 -> 0 | AA14: =Elect!AF16 -> 0 | AB14: =Elect!AX16 -> 0 | AC14: =Elect!AV16 -> 0 | AD14: =Elect!AZ16 -> 0 | AE14: =Elect!BB16 -> 0 | AF14: =('Wtr-Gas'!E16)*0.0038 -> 0 | AG14: =('Wtr-Gas'!H16)*0.0038 -> 0 | AH14: ='Wtr-Gas'!K16*0.0038 -> 0 | AI14: ='Wtr-Gas'!N16*0.0038 -> 0 | AJ14: ='Wtr-Gas'!Q16*0.0038 -> 0 | AK14: ='Wtr-Gas'!U16*0.0038 -> 0 | AL14: ='Wtr-Gas'!X16*0.0038 -> 0 | AM14: ='Wtr-Gas'!AB16*0.0038 -> 0 | AN14: ='Wtr-Gas'!AD16*0.0038 -> 0 | AO14: ='Wtr-Gas'!AF16*0.0038 -> 0 | AP14: ='Wtr-Gas'!AH16*0.0038 -> 0 | AQ14: ='Wtr-Gas'!AJ16*0.0038 -> 0 | AR14: ='Wtr-Gas'!AL16*0.0038 -> 0 | AS14: ='Wtr-Gas'!AN16*0.0038 -> 0 | AT14: ='Wtr-Gas'!AP16*0.0038 -> 0 | AU14: ='Wtr-Gas'!AT16*0.0038 -> 0 | AV14: ='Wtr-Gas'!AW16*0.0038 -> 0 | AW14: ='Wtr-Gas'!AY16*0.0038 -> 0 | AX14: ='Wtr-Gas'!AZ16*0.0038 -> 0 | AY14: ='Wtr-Gas'!BB16*0.0038 -> 0 | AZ14: ='Wtr-Gas'!BD16*0.0038 -> 0 | BA14: ='Wtr-Gas'!BF16*0.0038 -> 0
... A62: Orlando | B62: 31 | C62: 12 | D62: 2021 | E62: =Elect!AM64 -> 0 | F62: =Elect!I64 -> 0 | G62: =Elect!H64 -> 0 | H62: =Elect!F64 -> 0 | I62: =Elect!E64 -> 0 | J62: =Elect!U64 -> 0 | K62: =Elect!T64 -> 0 | L62: =Elect!AJ64 -> 0 | M62: =Elect!AI64 -> 0 | N62: =Elect!X64 -> 0 | O62: =Elect!W64 -> 0 | P62: =Elect!O64 -> 0 | Q62: =Elect!N64 -> 0 | R62: =Elect!L64 -> 0 | S62: =Elect!K64 -> 0 | T62: =Elect!R64 -> 0 | U62: =Elect!Q64 -> 0 | V62: =Elect!AA64 -> 0 | W62: =Elect!Z64 -> 0 | X62: =Elect!AD64 -> 0 | Y62: =Elect!AC64 -> 0 | Z62: =Elect!AG64 -> 0 | AA62: =Elect!AF64 -> 0 | AB62: =Elect!AX64 -> 0 | AC62: =Elect!AV64 -> 0 | AD62: =Elect!AZ64 -> 0 | AE62: =Elect!BB64 -> 0 | AF62: =('Wtr-Gas'!E64)*0.0038 -> 0 | AG62: =('Wtr-Gas'!H64)*0.0038 -> 0 | AH62: ='Wtr-Gas'!K64*0.0038 -> 0 | AI62: ='Wtr-Gas'!N64*0.0038 -> 0 | AJ62: ='Wtr-Gas'!Q64*0.0038 -> 0 | AK62: ='Wtr-Gas'!U64*0.0038 -> 0 | AL62: ='Wtr-Gas'!X64*0.0038 -> 0 | AM62: ='Wtr-Gas'!AB64*0.0038 -> 0 | AN62: ='Wtr-Gas'!AD64*0.0038 -> 0 | AO62: ='Wtr-Gas'!AF64*0.0038 -> 0 | AP62: ='Wtr-Gas'!AH64*0.0038 -> 0 | AQ62: ='Wtr-Gas'!AJ64*0.0038 -> 0 | AR62: ='Wtr-Gas'!AL64*0.0038 -> 0 | AS62: ='Wtr-Gas'!AN64*0.0038 -> 0 | AT62: ='Wtr-Gas'!AP64*0.0038 -> 0 | AU62: ='Wtr-Gas'!AT64*0.0038 -> 0 | AV62: ='Wtr-Gas'!AW64*0.0038 -> 0 | AW62: ='Wtr-Gas'!AY64*0.0038 -> 0 | AX62: ='Wtr-Gas'!AZ64*0.0038 -> 0 | AY62: ='Wtr-Gas'!BB64*0.0038 -> 0 | AZ62: ='Wtr-Gas'!BD64*0.0038 -> 0 | BA62: ='Wtr-Gas'!BF64*0.0038 -> 0

Sheet Info
B4: Electrical
B5: Location | C5: Transformer # | D5: Meter Serial # | E5: Reedy Creek # | F5: Service Area | G5: Multiplier | I5: Reedy Creek Description
B6: Service Yard #2 | C6: T7384 | D6: 68 425 008 | E6: CC0913A018 | G6: 160 | I6: HSB2 Section 1&2, Building A
B7: Service Yard #2 | C7: T2392 | D7: 68 425 010 | E7: CC0913A020 | G7: 160 | I7: HSB2 Section 4&5, Building A
B8: Service Yard #2 | C8: T2393 | D8: 68 425 078 | E8: CC0913A060 | G8: 400 | I8: LSB2 Building A - T2395
B9: Service Yard #2 | C9: T2395 | D9: 68 425 077 | E9: CC0913A059 | G9: 400 | I9: LSB2 Building A - T2393
B10: Service Yard #2 | C10: T7285 | D10: 68 425 071 | E10: CC0913A081 | G10: 400 | I10: LSB2 Building A - T7285
B11: Service Yard #1 | C11: T7380 | D11: 68 425 060 | E11: CC0913A054 | G11: 300 | I11: Main Electric Room #1
B12: Service Yard #1 | C12: T2390 | D12: 68 425 059 | E12: CC0913A053 | G12: 300 | I12: Service Yard #1
B13: Service Yard #1 | C13: T7382 | D13: 68 425 093 | E13: CC0913A075 | G13: 160 | I13: Main Electric Room #1 South
B14: Service Yard #1 | C14: T2391 | D14: 68 425 094 | E14: CC0913A076 | G14: 160 | I14: Main Electric Room #1 South
B15: Servcie Yard #3 | C15: T7283 | D15: 90 625 242 | E15: CC0912A18 | G15: 200 | I15: Out Buildings
B16: Servcie Yard #3 | C16: T7281 | D16: 68 425 097 | E16: CC0913A095 | G16: 40 | I16: Out Buildings
B17: Remote Parking Lot Lights | C17: T2009 | D17: 90 630 431 | E17: CS0212A003 | G17: 1 | I17: Employee Parking Lot Lights
B18: Golf Maintenance | D18: 67273163 | E18: CC0612A036 | I18: Golf Maintenace
B19: Golf Clubhouse | D19: 67662513 | E19: CG0612A084 | I19: Golf Clubhouse
B20: Golf Comfort Stations | D20: 61979920 | E20: CS0210A030 | I20: Comfort Stations
B21: Golf Irrigation Pump House | D21: 56253208 | E21: IC0608A03 | I21: Irrigation Pump House
B24: Water
B25: Service Entry | D25: 74860172 | E25: x10 | F25: Main Potable Water Feed | I25: Water
B26: Service Entry | D26: 74860173 | E26: x10 | F26: Re-use Water Feed | I26: Reclaimed Water
B27: Pump Room | D27: 44553004 | E27: x10 | F27: Fire System Make-up Feed
B28: Pump Room | D28: 70275191 | E28: x100 | F28: PW Feed for Bldg A | I28: Installed 1/31/14
B29: Boiler Room | D29: 2130521 | E29: x100 | F29: Steam Boiler M/U Water | I29: Installed 4/15/14
B31: Deduct Meters | C31: Added 7/15
B32: Chiller Room | D32: 79177804 | E32: x1 | F32: Make-up to Cooling Towers
B33: Chiller Room | D33: 79305675 | E33: x1 | F33: Cooling Tower Blowdown
B34: Building E | D34: 7919004D | E34: x1000 | F34: Irrigation Water
B35: Building E | D35: 79190041 | E35: x1000 | F35: Potable Water
B36: Building J | D36: 79190039 | E36: x1 | F36: Irrigation Water
B37: Lazy River | C37: Added 10/20/15 | D37: 79324776 | E37: x1000 | F37: Potable make-up water for Lazy River
B38: Building E - Inside | C38: Added 11/24/15 | D38: 112014001775 | E38: x100 | F38: Pool Hydranic Heater Make-up Water
B39: Service Yard #2 | C39: Added 11/24/15 | D39: 112014001771 | E39: x100 | F39: Mens and Womens Spa Pool Make-up Water
B43: Changes to Meters
B44: Exterior Pump Room | D44: 12C004186-C1 | E44: x100 | F44: Main Gas Feed | I44: Meter changed on 11/19/14
D45: 04B000408 | E45: 41962 | I45: New Meter Serial Number - Start Number 4668
B46: Golf Course Irrigation | D46: 80606729 | E46: 42522 | I46: New Meter Serial Number - Start Number 0
B48: Cooling Tower M/U Meter | D48: 85492530 | E48: 43698 | I48: Meter Changed by RCID
B51: Disputed Bill | D51: Customer # | E51: Account #
D52: 10816233 | E52: 2236896 | I52: ???

Sheet Logsheet
B1: Four Seasons Utility Readings
N2: updated 9/1/19
B3: Water Meters
B4: 74860172 | D4: 74860173 | F4: 44553004 | H4: 70275191 | J4: 2130521 | L4: 04B000408 | N4: 93477704
B6: Main PW Feed | D6: Main RW Feed | F6: Fire Prot Water Feed | H6: Potable Wtr Bldg A | J6: Steam Boiler M/U | L6: Main Gas Meter 2# | N6: Main Gas Meter 5#
B9: 85492530 | D9: 79305675 | F9: 79190041 | H9: 7919004D | J9: 79190039 | L9: 79324776
B10: Chiller Room | D10: Chiller Room | F10: Building E | H10: Building E | J10: Building J | L10: Lazy River | N10: Capa Terrace
B11: Cooling Tower M/U | D11: Cooling Tower Bleed | F11: Potable Water | H11: Irrigation | J11: Irrigation | L11: Potable Water | N11: Landscaping Mtr
B14: Electric Meters Service Yard #2
B15: CC0913A018 | D15: CC0913A020 | F15: CC0913A060 | H15: CC0913A059 | J15: CC0913A081
B16: 68 425 008 | C16: T7384 | D16: 68 425 010 | E16: T2392 | F16: 68 425 078 | G16: T2393 | H16: 68 425 077 | I16: T2395 | J16: 68 425 071 | K16: T7285
B17: KWH | C17: Demand | D17: KWH | E17: Demand | F17: KWH | G17: Demand | H17: KWH | I17: Demand | J17: KWH | K17: Demand
B20: Central Plant Service Yard | J20: Building E
B21: CC0913A054 | D21: CC0913A053 | F21: CC0913A075 | H21: CC0913A076 | J21: CC0912A18 | L21: CC0913A095
B22: 68 425 060 | C22: T7380 | D22: 68 425 059 | E22: T2390 | F22: 68 425 093 | G22: T7382 | H22: 68 425 094 | I22: T2391 | J22: 90 625 242 | K22: T7283 | L22: 68 425 097 | M22: T7281
B23: KWH | C23: Demand | D23: KWH | E23: Demand | F23: KWH | G23: Demand | H23: KWH | I23: Demand | J23: KWH | K23: Demand | L23: KWH | M23: Demand
B26: Employee Parking | D26: Emerg Generator | J26: 112014001775 | L26: 112014001771
B27: CS0212A003 | D27: GEN01 | J27: Building E - Inside | L27: Service Yard #2
B28: 90 630 431 | C28: T2009 | D28: Tank Level | J28: Pool Hydranic Heater | L28: Spa Jacuzzi's
B29: KWH | D29: 1/4-3/4 | J29: Make-up Water | L29: Make-up Water

Sheet Golf Logsheet
B2: Water Meters
B3: 73337589 | D3: 65956268 | F3: 1334021 | H3: 63265094 | J3: 80606729
B5: Club House | D5: Club House Deduct | F5: Golf Maintenance | H5: Comfort Stations | J5: Irrigation Reclaim Water
B8: Electric Meters
B9: CG0612A084 | D9: CC0612A036 | H9: CS0210A0300 | J9: IC0608A03
B10: 676 62 513 | D10: 672 73 163 | H10: 61 979 920 | J10: 56 253 208
B11: Club House | D11: Golf Maintenance | H11: Comfort Stations | J11: Irrigation Pump House
B14: Natural Gas / Petroleum
B15: 82SJ729151 | D15: Propane Tank #1 | F15: Propane Tank #2 | H15: Unleaded Tank | J15: Diesel Tank | L15: Lube Oil Tank
B16: 46801014
B17: Nat Gas-Clubhouse | D17: Golf Maintenance | F17: Golf Maintenance | H17: Golf Mainenance | J17: Golf Maintenance | L17: Golf Maintenance

Sheet Graphs
B2: Jan | C2: Feb | D2: Mar | E2: Apr | F2: May | G2: Jun | H2: Jul | I2: Aug | J2: Sep | K2: Oct | L2: Nov | M2: Dec | O2: KWH | P2: Fuel Surcharge | Q2: Demand
Z3: Electric | AA3: Gas
Y5: 2015 | Z5: =([1]Elect!#REF!) -> #REF!
Y6: 2016 | Z6: =([1]Elect!#REF!) -> #REF!
Y7: 2017 | Z7: =([1]Elect!#REF!) -> #REF!
Y8: 2018 | Z8: =([1]Elect!#REF!) -> #REF!
Y9: 2019 | Z9: =([1]Elect!#REF!) -> #REF!
X21: hi

Sheet Drawing
B3: Utility Distribution
B4: Four Seasons Resort Orlando at Walt Disney World Resort
B5: Electrical, Potable Water, Re-use Water, Natural Gas
AU14: Water Deduct Meters downstream | BX14: Golf Course Water
AU15: of the main water meter for the Resort | BX15: Distribution
AU16: Meter Numbers Listed | BX16: Meter Numbers Listed
AY18: Bldg A Fire | CL18: Golf Clubhouse
AY19: Sprinkler System | BY19: Golf Clubhouse | CL19: Flushing Valve
AY20: Make-up | BY20: 73337589 | CL20: Deduct
AY21: 44553004 | CL21: 65956268
G22: 12" Potable Water Line | AA22: Domestic Water
G23: Feed from | AA23: from RCES
G24: RCES | AA24: 74860172
AY25: Bdlg A Potable | BY25: Golf Maint
AY26: Water Feed | BY26: Facility
AY27: 70275191 | BY27: 1334021
CK28: Golf Course
M29: 8" Re-use Water Line | AA29: Re-use Water | CK29: Re-Use Irrigation
M30: Feed from | AA30: from RCES | CK30: 67327447
M31: RCES | AA31: 74860173
BY32: Golf Course
AY33: Steam Boilers | BY33: Comfort Stations
AY34: Make-up Water | BY34: 63265094
AY35: 2130521
AJ36: Landscaping
AJ37: Re-use System
AY40: Cooling Tower | BL40: Cooling Twr
AA41: Out Buildings | AY41: Make-up Water | BL41: Blowdown
AA42: Natural Gas Meter | AY42: 79177804 | BL42: Line Deduct
AA43: 93477704 | BL43: 79305675
M45: Natural Gas
M46: Feed at 50 PSI
M47: Reduced to 2 PSI | AY47: Bldg E Potable
M48: for building | AA48: Resort Natural | AY48: Water Meter
M49: Distribution | AA49: Gas Meter | AY49: 79190041
AA50: 12C004186-C1
AY54: Bldg J Irrigation
AY55: Water Meter
AA56: Golf Clubhouse | AY56: 79190039
AA57: Natural Gas
AA58: Meter
AA59: 82SJ729151
E61: Electrical Distribution | AY61: Lazy River
E62: 12470 Volts distributed by RCES on 2 separate feeders to the Resort | AY62: Pool Make-up
AY63: 79324776
F66: Service
F67: Yard | P67: T7380 | W67: T2390 | AD67: T7382 | AK67: T2391
F68: #1 | P68: 68 425 060 | W68: 68 425 059 | AD68: 68 425 093 | AK68: 68 425 094 | AY68: Pool Hydraunic
AY69: Boiler Water
AY70: Make-up
AY71: 112014001775
D75: Service | AY75: Spa Jacuzzi
D76: Yard | J76: T7384 | Q76: T2392 | X76: T2393 | AE76: T2395 | AL76: T7285 | AY76: Water
D77: #2 | J77: 68 425 008 | Q77: 68 425 010 | X77: 68 425 078 | AE77: 68 425 077 | AL77: 68 425 071 | AY77: Make-up
AY78: 112014001771
J84: Service
J85: Yard | Q85: T7283 | X85: T7281
J86: #3 | Q86: 90 625 242 | X86: 68 425 097
G93: Golf
G94: Course & | O94: Club House | V94: Golf Maint. | AB94: Cmft Stations | AJ94: Irrigation
G95: Clubhouse | O95: 676 62 513 | V95: 672 73 163 | AC95: 61 979 920 | AJ95: 56 253 208

Sheet Occupancy
P1: Rooms Dept. | Q1: Total Occupied
P2: Room Nights Input
B3: CDD | C3: HDD | E3: % Occ | F3: 2021 | N3: 01 | O3: Month: January | Q3: =+P3/444 -> 0
A4: Jan | G4: 13764 | H4: =SUM(F4*G4) -> 0 | N4: 02 | O4: Month: January | Q4: =+P4/444 -> 0
A5: Feb | G5: 12432 | H5: =SUM(F5*G5) -> 0 | N5: 03 | O5: Month: January | Q5: =+P5/444 -> 0
A6: Mar | G6: 13764 | H6: =SUM(F6*G6) -> 0 | N6: 04 | O6: Month: January | Q6: =+P6/444 -> 0
A7: Apr | G7: 13320 | H7: =SUM(F7*G7) -> 0 | N7: 05 | O7: Month: January | Q7: =+P7/444 -> 0
A8: May | G8: 13764 | H8: =SUM(F8*G8) -> 0 | N8: 06 | O8: Month: January | Q8: =+P8/444 -> 0
A9: Jun | G9: 13320 | H9: =SUM(F9*G9) -> 0 | N9: 07 | O9: Month: January | Q9: =+P9/444 -> 0
A10: Jul | G10: 13764 | H10: =SUM(F10*G10) -> 0 | N10: 08 | O10: Month: January | Q10: =+P10/444 -> 0
A11: Aug | G11: 13764 | H11: =SUM(F11*G11) -> 0 | N11: 09 | O11: Month: January | Q11: =+P11/444 -> 0
A12: Sep | G12: 13320 | H12: =SUM(F12*G12) -> 0 | N12: 10 | O12: Month: January | Q12: =+P12/444 -> 0
A13: Oct | G13: 13764 | H13: =SUM(F13*G13) -> 0 | N13: 11 | O13: Month: January | Q13: =+P13/444 -> 0
A14: Nov | G14: 13320 | H14: =SUM(F14*G14) -> 0 | N14: 12 | O14: Month: January | Q14: =+P14/444 -> 0
A15: Dec | G15: 13764 | H15: =SUM(F15*G15) -> 0 | N15: 13 | O15: Month: January | Q15: =+P15/444 -> 0
G16: =SUM(G4:G15) -> 162060 | H16: =SUM(H4:H15) -> 0 | N16: 14 | O16: Month: January | Q16: =+P16/444 -> 0
N17: 15 | O17: Month: January | Q17: =+P17/444 -> 0
N18: 16 | O18: Month: January | Q18: =+P18/444 -> 0
N19: 17 | O19: Month: January | Q19: =+P19/444 -> 0
N20: 18 | O20: Month: January | Q20: =+P20/444 -> 0
N21: 19 | O21: Month: January | Q21: =+P21/444 -> 0
N22: 20 | O22: Month: January | Q22: =+P22/444 -> 0
N23: 21 | O23: Month: January | Q23: =+P23/444 -> 0
N24: 22 | O24: Month: January | Q24: =+P24/444 -> 0
J25: 2017 | K25: 2018 | L25: 2019 | N25: 23 | O25: Month: January | Q25: =+P25/444 -> 0
I26: Occupied Guest Rooms | J26: 120328 | K26: 119350 | L26: 91868 | N26: 24 | O26: Month: January | Q26: =+P26/444 -> 0
I27: Electric KWH | J27: 17910500 | K27: 17636409 | L27: 13838299 | N27: 25 | O27: Month: January | Q27: =+P27/444 -> 0
I28: Electrical Use per Occupied Room | J28: =SUM(J27/J26) -> 148.84732 | K28: =SUM(K27/K26) -> 147.7705 | L28: =SUM(L27/L26) -> 150.63242 | N28: 26 | O28: Month: January | Q28: =+P28/444 -> 0
I29: Gas CCF | J29: 600069 | K29: 584640 | L29: 432248 | N29: 27 | O29: Month: January | Q29: =+P29/444 -> 0
I30: Gas Use Per Occupied Room | J30: =SUM(J29/J26) -> 4.986944 | K30: =SUM(K29/K26) -> 4.8985337 | L30: =SUM(L29/L26) -> 4.7050986 | N30: 28 | O30: Month: January | Q30: =+P30/444 -> 0
N31: 29 | O31: Month: January | Q31: =+P31/444 -> 0
I32: 2019 Totals are through Sept 30th | N32: 30 | O32: Month: January | Q32: =+P32/444 -> 0
N33: 31 | O33: Month: January | Q33: =+P33/444 -> 0
N34: 01 | O34: Month: February | Q34: =+P34/444 -> 0
N35: 02 | O35: Month: February | Q35: =+P35/444 -> 0
N36: 03 | O36: Month: February | Q36: =+P36/444 -> 0
N37: 04 | O37: Month: February | Q37: =+P37/444 -> 0
N38: 05 | O38: Month: February | Q38: =+P38/444 -> 0
N39: 06 | O39: Month: February | Q39: =+P39/444 -> 0
N40: 07 | O40: Month: February | Q40: =+P40/444 -> 0
N41: 08 | O41: Month: February | Q41: =+P41/444 -> 0
N42: 09 | O42: Month: February | Q42: =+P42/444 -> 0
N43: 10 | O43: Month: February | Q43: =+P43/444 -> 0
N44: 11 | O44: Month: February | Q44: =+P44/444 -> 0
... N306: 30 | O306: Month: October | Q306: =+P306/444 -> 0

Sheet Elect
B1: 2021 | D1: CC0913A018 | G1: CC0913A020 | J1: CC0913A060 | M1: CC0913A059 | P1: CC0913A081 | S1: CC0913A054 | V1: CC0913A053 | Y1: CC0913A075 | AB1: CC0913A076 | AE1: CC0912A18 | AH1: CC0913A095 | AK1: CS0212A003 | AP1: Water Pk | AQ1: % of KWH | AU1: CG0612A084 | AW1: CC0612A036 | AY1: CS0210A030 | BA1: IIC0608A03 | BF1: KWH | BJ1: Account # - 02230191 | BN1: Meter # - CC0913A020 | BW1: Meter # - CC0913A018 | CF1: Meter # - CC0913A054 | CO1: Meter # - CC0913A095 | CX1: Meter # - CC0913A053 | DG1: Meter # - CC0913A059 | DP1: Meter # - CC0913A060 | DY1: Meter # - CC0913A081 | EH1: Meter # - CC0913A075 | EQ1: Meter # - CC0913A076 | EZ1: Meter # - CC90625425 | FK1: Amount | FP1: Meter # - 672 73 163 | FY1: Meter # - 676 62 513 | GH1: Meter # - 61 979 920 | GN1: Meter # - 56 253 208
B2: Date | C2: Occupancy | D2: 68 425 008 | E2: T7384 | F2: KWH Total | G2: 68 425 010 | H2: T2392 | I2: KWH Total | J2: 68 425 078 | K2: T2393 | L2: KWH Total | M2: 68 425 077 | N2: T2395 | O2: KWH Total | P2: 68 425 071 | Q2: T7285 | R2: KWH Total | S2: 68 425 060 | T2: T7380 | U2: KWH Total | V2: 68 425 059 | W2: T2390 | X2: KWH Total | Y2: 68 425 093 | Z2: T7382 | AA2: KWH Total | AB2: 68 425 094 | AC2: T2391 | AD2: KWH Total | AE2: 90 625 242 | AF2: T7283 | AG2: KWH Total | AH2: 68 425 097 | AI2: T7281 | AJ2: KWH Total | AK2: 90 630 431 | AM2: KWH Total | AO2: Total KWH | AP2: KWH | AR2: Total Mnth | AU2: 676 62 513 | AV2: KWH Total | AW2: 672 73 163 | AX2: KWH Total | AY2: 61 979 920 | AZ2: KWH Total | BA2: 56 253 208 | BB2: KWH Total | BD2: Total KWH | BE2: Total Mnth | BF2: Total | BJ2: Meter # - CS0212A003 | BN2: Meter | BO2: Bill | BQ2: KWH | BR2: Demand | BS2: KWH | BT2: Fuel Charge | BU2: Demand | BV2: Total | BW2: Meter | BX2: Bill | BZ2: KWH | CA2: Demand | CB2: KWH | CC2: Fuel Charge | CD2: Demand | CE2: Total | CF2: Meter | CG2: Bill | CI2: KWH | CJ2: Demand | CK2: KWH | CL2: Fuel Charge | CM2: Demand | CN2: Total | CO2: Meter | CP2: Bill | CR2: KWH | CS2: Demand | CT2: KWH | CU2: Fuel Charge | CV2: Demand | CW2: Total | CX2: Meter | CY2: Bill | DA2: KWH | DB2: Demand | DC2: KWH | DD2: Fuel Charge | DE2: Demand | DF2: Total | DG2: Meter | DH2: Bill | DJ2: KWH | DK2: Demand | DL2: KWH | DM2: Fuel Charge | DN2: Demand | DO2: Total | DP2: Meter | DQ2: Bill | DS2: KWH | DT2: Demand | DU2: KWH | DV2: Fuel Charge | DW2: Demand | DX2: Total | DY2: Meter | DZ2: Bill | EB2: KWH | EC2: Demand | ED2: KWH | EE2: Fuel Charge | EF2: Demand | EG2: Total | EH2: Meter | EI2: Bill | EK2: KWH | EL2: Demand | EM2: KWH | EN2: Fuel Charge | EO2: Demand | EP2: Total | EQ2: Meter | ER2: Bill | ET2: KWH | EU2: Demand | EV2: KWH | EW2: Fuel Charge | EX2: Demand | EY2: Total | EZ2: Meter | FA2: Bill | FC2: KWH | FD2: Demand | FE2: KWH | FF2: Fuel Charge | FG2: Demand | FH2: Total | FJ2: Total | FK2: Total | FL2: Demand | FM2: Total | FP2: Meter | FQ2: Bill | FS2: KWH | FT2: Demand | FU2: KWH | FV2: Fuel Charge | FW2: Demand | FX2: Total | FY2: Meter | FZ2: Bill | GB2: KWH | GC2: Demand | GD2: KWH | GE2: Fuel Charge | GF2: Demand | GG2: Total | GH2: Meter | GI2: Bill | GJ2: KWH | GK2: KWH | GL2: Fuel Charge | GM2: Total | GN2: Meter | GO2: Bill | GQ2: KWH | GR2: Demand | GS2: KWH | GT2: Fuel Charge | GU2: Demand | GV2: Total | GW2: Total | GX2: Total | GY2: Total | GZ2: Total | HB2: Total Resort | HC2: Total Resort | HD2: Total Resort | HE2: Total Resort
C3: Room Nights | D3: KWH | E3: Demand | F3: (x160) | G3: KWH | H3: Demand | I3: (x160) | J3: KWH | K3: Demand | L3: (x400) | M3: KWH | N3: Demand | O3: (x400) | P3: KWH | Q3: Demand | R3: (x400) | S3: KWH | T3: Demand | U3: (x300) | V3: KWH | W3: Demand | X3: (x300) | Y3: KWH | Z3: Demand | AA3: (x160) | AB3: KWH | AC3: Demand | AD3: (x160) | AE3: KWH | AF3: Demand | AG3: (X200) | AH3: KWH | AI3: Demand | AJ3: (x40) | AK3: KWH | AM3: (x1) | AR3: KWH | AU3: KWH | AV3: (x100) | AW3: KWH | AX3: (x100) | AY3: KWH | AZ3: (x1) | BA3: KWH | BB3: (x40) | BD3: Golf | BE3: Golf | BF3: Resort | BJ3: Meter Read | BK3: Bill Read | BL3: Amount | BM3: Total | BN3: Read | BO3: Read | BP3: Demand | BQ3: Amount | BR3: Amount | BS3: Total | BT3: Total | BU3: Total | BV3: Amount | BW3: Read | BX3: Read | BY3: Demand | BZ3: Amount | CA3: Amount | CB3: Total | CC3: Total | CD3: Total | CE3: Amount | CF3: Read | CG3: Read | CH3: Demand | CI3: Amount | CJ3: Amount | CK3: Total | CL3: Total | CM3: Total | CN3: Amount | CO3: Read | CP3: Read | CQ3: Demand | CR3: Amount | CS3: Amount | CT3: Total | CU3: Total | CV3: Total | CW3: Amount | CX3: Read | CY3: Read | CZ3: Demand | DA3: Amount | DB3: Amount | DC3: Total | DD3: Total | DE3: Total | DF3: Amount | DG3: Read | DH3: Read | DI3: Demand | DJ3: Amount | DK3: Amount | DL3: Total | DM3: Total | DN3: Total | DO3: Amount | DP3: Read | DQ3: Read | DR3: Demand | DS3: Amount | DT3: Amount | DU3: Total | DV3: Total | DW3: Total | DX3: Amount | DY3: Read | DZ3: Read | EA3: Demand | EB3: Amount | EC3: Amount | ED3: Total | EE3: Total | EF3: Total | EG3: Amount | EH3: Read | EI3: Read | EJ3: Demand | EK3: Amount | EL3: Amount | EM3: Total | EN3: Total | EO3: Total | EP3: Amount | EQ3: Read | ER3: Read | ES3: Demand | ET3: Amount | EU3: Amount | EV3: Total | EW3: Total | EX3: Total | EY3: Amount | EZ3: Read | FA3: Read | FB3: Demand | FC3: Amount | FD3: Amount | FE3: Total | FF3: Total | FG3: Total | FH3: Amount | FJ3: KHW | FK3: KWH Costs | FL3: Total | FM3: Electric | FP3: Read | FQ3: Read | FR3: Demand | FS3: Amount | FT3: Amount | FU3: Total | FV3: Total | FW3: Total | FX3: Amount | FY3: Read | FZ3: Read | GA3: Demand | GB3: Amount | GC3: Amount | GD3: Total | GE3: Total | GF3: Total | GG3: Amount | GH3: Read | GI3: Read | GJ3: Amount | GK3: Total | GL3: Total | GM3: Amount | GN3: Read | GO3: Read | GP3: Demand | GQ3: Amount | GR3: Amount | GS3: Total | GT3: Total | GU3: Total | GV3: Amount | GW3: KWH | GX3: KWH Costs | GY3: Demand | GZ3: Costs | HB3: KWH | HC3: KWH Costs | HD3: Demand | HE3: Costs
B4: 44197 | C4: 0 | D4: 98168 | E4: 1.99 | G4: 94723 | H4: 2.299 | J4: 10869 | K4: 3.07 | M4: 10784 | N4: 2.48 | P4: 11418 | Q4: 2.77 | S4: 76986 | T4: 1.964 | V4: 73548 | W4: 1.376 | Y4: 17824 | Z4: 2.56 | AB4: 11813 | AC4: 1.73 | AE4: 93249 | AF4: 2.162 | AH4: 17476 | AI4: 0.331 | AK4: 70340 | AM4: 0 | AO4: 0 | AP4: 0 | AQ4: 0 | AT4: =B4 -> 44197 | AU4: 63102 | AW4: 8065 | AY4: 28157 | BA4: 50430 | BD4: 0 | BJ4: =SUM(AK4) -> 70340 | BN4: =SUM(G4) -> 94723 | BW4: =SUM(D4) -> 98168 | CF4: =SUM(S4) -> 76986 | CO4: =SUM(AH4) -> 17476 | CX4: =SUM(V4) -> 73548 | DG4: =SUM(M4) -> 10784 | DP4: =SUM(S4) -> 76986 | DY4: =SUM(P4) -> 11418 | EH4: =SUM(Y4) -> 17824 | EQ4: =SUM(AB4) -> 11813 | EZ4: =SUM(AE4) -> 93249 | FP4: =SUM(AW4) -> 8065 | FY4: =SUM(AU4) -> 63102 | GH4: =SUM(AY4) -> 28157 | GN4: =SUM(BA4) -> 50430
B5: 44200 | C5: =SUM(Essbase!J8,Essbase!J9,Essbase!J10,Essbase!J11,Essbase!J12) -> 756 | D5: 98288 | E5: 1.99 | F5: 19200 | G5: 94857 | H5: 2.299 | I5: 21440 | J5: 10882 | K5: 3.07 | L5: 5200 | M5: 10795 | N5: 2.48 | O5: 4400 | P5: 11430 | Q5: 2.77 | R5: 4800 | S5: 77092 | T5: 2.067 | U5: 31800 | V5: 73609 | W5: 1.373 | X5: 18300 | Y5: 17838 | Z5: 2.56 | AA5: 2240 | AB5: 11821 | AC5: 1.74 | AD5: 1280 | AE5: 93358 | AF5: 2.162 | AG5: 21800 | AH5: 17442 | AI5: 0.331 | AJ5: -1360 | AK5: 70591 | AL5: 251 | AM5: =SUM(AK5-AK4) -> 251 | AO5: =SUM(AG5+AD5+AA5+X5+U5+R5+O5+L5+I5+F5+AJ5+AM5) -> 129351 | AP5: =SUM(AG5+AJ5) -> 20440 | AQ5: =SUM(AP5/AO5) -> 0.15801965 | AT5: =B5 -> 44200 | AU5: 63154 | AV5: 5200 | AW5: 8070 | AX5: 500 | AY5: 29046 | AZ5: 889 | BA5: 50496 | BB5: 2640 | BD5: =SUM(AV5+AX5,AZ5,BB5) -> 9229 | BJ5: =SUM(AK5) -> 70591 | BN5: =SUM(G5) -> 94857 | BW5: =SUM(D5) -> 98288 | CF5: =SUM(S5) -> 77092 | CO5: =SUM(AH5) -> 17442 | CX5: =SUM(V5) -> 73609 | DG5: =SUM(M5) -> 10795 | DP5: =SUM(S5) -> 77092 | DY5: =SUM(P5) -> 11430 | EH5: =SUM(Y5) -> 17838 | EQ5: =SUM(AB5) -> 11821 | EZ5: =SUM(AE5) -> 93358 | FP5: =SUM(AW5) -> 8070 | FY5: =SUM(AU5) -> 63154 | GH5: =SUM(AY5) -> 29046 | GN5: =SUM(BA5) -> 50496
B6: 44207 | C6: =SUM(Essbase!J12,Essbase!J13,Essbase!J14,Essbase!J15,Essbase!J16,Essbase!J17,Essbase!J18) -> 724 | D6: 98540 | E6: 1.99 | F6: 40320 | G6: 95134 | H6: 2.299 | I6: 44320 | J6: 10908 | K6: 3.07 | L6: 10400 | M6: 10818 | N6: 2.48 | O6: 9200 | P6: 11454 | Q6: 2.77 | R6: 9600 | S6: 77173 | T6: 2.067 | U6: 24300 | V6: 73691 | W6: 1.373 | X6: 24600 | Y6: 17870 | Z6: 2.72 | AA6: 5120 | AB6: 11836 | AC6: 1.74 | AD6: 2400 | AE6: 93610 | AF6: 2.162 | AG6: 50400 | AH6: 17529 | AI6: 0.331 | AJ6: 3480 | AK6: 71145 | AL6: 554 | AM6: =SUM(AK6-AK5) -> 554 | AO6: =SUM(AG6+AD6+AA6+X6+U6+R6+O6+L6+I6+F6+AJ6+AM6) -> 224694 | AP6: =SUM(AG6+AJ6) -> 53880 | AQ6: =SUM(AP6/AO6) -> 0.23979278 | AT6: =B6 -> 44207 | AU6: 63264 | AV6: 11000 | AW6: 8085 | AX6: 1500 | AY6: 29955 | AZ6: 909 | BA6: 50578 | BB6: 3280 | BD6: =SUM(AV6+AX6,AZ6,BB6) -> 16689 | BJ6: =SUM(AK6) -> 71145 | BN6: =SUM(G6) -> 95134 | BW6: =SUM(D6) -> 98540 | CF6: =SUM(S6) -> 77173 | CO6: =SUM(AH6) -> 17529 | CX6: =SUM(V6) -> 73691 | DG6: =SUM(M6) -> 10818 | DP6: =SUM(S6) -> 77173 | DY6: =SUM(P6) -> 11454 | EH6: =SUM(Y6) -> 17870 | EQ6: =SUM(AB6) -> 11836 | EZ6: =SUM(AE6) -> 93610 | FP6: =SUM(AW6) -> 8085 | FY6: =SUM(AU6) -> 63264 | GH6: =SUM(AY6) -> 29955 | GN6: =SUM(BA6) -> 50578
B7: 44214 | C7: =SUM(Essbase!J19,Essbase!J20,Essbase!J21,Essbase!J22,Essbase!J23,Essbase!J24,Essbase!J25) -> 772 | D7: 98795 | E7: 1.99 | F7: 40800 | G7: 95416 | H7: 2.299 | I7: 45120 | J7: 10940 | K7: 3.07 | L7: 12800 | M7: 10840 | N7: 2.48 | O7: 8800 | P7: 11478 | Q7: 2.77 | R7: 9600 | S7: 77231 | T7: 2.067 | U7: 17400 | V7: 73806 | W7: 1.373 | X7: 34500 | Y7: 17908 | Z7: 3.03 | AA7: 6080 | AB7: 11855 | AC7: 1.76 | AD7: 3040 | AE7: 93863 | AF7: 2.162 | AG7: 50600 | AH7: 17565 | AI7: 0.346 | AJ7: 1440 | AK7: 71709 | AL7: 564 | AM7: =SUM(AK7-AK6) -> 564 | AO7: =SUM(AG7+AD7+AA7+X7+U7+R7+O7+L7+I7+F7+AJ7+AM7) -> 230744 | AP7: =SUM(AG7+AJ7) -> 52040 | AQ7: =SUM(AP7/AO7) -> 0.22553132 | AT7: =B7 -> 44214 | AU7: 63373 | AV7: 10900 | AW7: 8099 | AX7: 1400 | AY7: 30835 | AZ7: 880 | BA7: 43 | BB7: 43 | BD7: =SUM(AV7+AX7,AZ7,BB7) -> 13223 | BJ7: =SUM(AK7) -> 71709 | BN7: =SUM(G7) -> 95416 | BW7: =SUM(D7) -> 98795 | CF7: =SUM(S7) -> 77231 | CO7: =SUM(AH7) -> 17565 | CX7: =SUM(V7) -> 73806 | DG7: =SUM(M7) -> 10840 | DP7: =SUM(S7) -> 77231 | DY7: =SUM(P7) -> 11478 | EH7: =SUM(Y7) -> 17908 | EQ7: =SUM(AB7) -> 11855 | EZ7: =SUM(AE7) -> 93863 | FP7: =SUM(AW7) -> 8099 | FY7: =SUM(AU7) -> 63373 | GH7: =SUM(AY7) -> 30835 | GN7: =SUM(BA7) -> 43
B8: 44221 | C8: =SUM(Essbase!J26,Essbase!J27,Essbase!J28,Essbase!J29,Essbase!J30,Essbase!J31,Essbase!J32) -> 1454 | D8: 99063 | E8: 1.963 | F8: 42880 | G8: 95714 | H8: 2.261 | I8: 47680 | J8: 10968 | K8: 2.63 | L8: 11200 | M8: 10864 | N8: 1.88 | O8: 9600 | P8: 11502 | Q8: 2.18 | R8: 9600 | S8: 77346 | T8: 1.767 | U8: 34500 | V8: 73933 | W8: 1.7 | X8: 38100 | Y8: 17949 | Z8: 3.22 | AA8: 6560 | AB8: 11881 | AC8: 2.96 | AD8: 4160 | AE8: 94126 | AF8: 2.013 | AG8: 52600 | AH8: 17604 | AI8: 0.267 | AJ8: 1560 | AK8: 72050 | AL8: 341 | AM8: =SUM(AK8-AK7) -> 341 | AO8: =SUM(AG8+AD8+AA8+X8+U8+R8+O8+L8+I8+F8+AJ8+AM8) -> 258781 | AP8: =SUM(AG8+AJ8) -> 54160 | AQ8: =SUM(AP8/AO8) -> 0.20928894 | AT8: =B8 -> 44221 | AU8: 63501 | AV8: 12800 | AW8: 8118 | AX8: 1900 | AY8: 31714 | AZ8: 879 | BA8: 77 | BB8: 1360 | BD8: =SUM(AV8+AX8,AZ8,BB8) -> 16939 | BJ8: =SUM(AK8) -> 72050 | BN8: =SUM(G8) -> 95714 | BW8: =SUM(D8) -> 99063 | CF8: =SUM(S8) -> 77346 | CO8: =SUM(AH8) -> 17604 | CX8: =SUM(V8) -> 73933 | DG8: =SUM(M8) -> 10864 | DP8: =SUM(S8) -> 77346 | DY8: =SUM(P8) -> 11502 | EH8: =SUM(Y8) -> 17949 | EQ8: =SUM(AB8) -> 11881 | EZ8: =SUM(AE8) -> 94126 | FP8: =SUM(AW8) -> 8118 | FY8: =SUM(AU8) -> 63501 | GH8: =SUM(AY8) -> 31714 | GN8: =SUM(BA8) -> 77
B9: 44228 | C9: =SUM(Essbase!J33,Essbase!J34,Essbase!J35,Essbase!J36,Essbase!J37,Essbase!J38) -> 591 | D9: 99305 | E9: 1.963 | F9: 38720 | G9: 95995 | H9: 2.261 | I9: 44960 | J9: 10992 | K9: 2.63 | L9: 9600 | M9: 10886 | N9: 1.88 | O9: 8800 | P9: 11525 | Q9: 2.18 | R9: 9200 | S9: 77466 | T9: 1.978 | U9: 36000 | V9: 74061 | W9: 1.7 | X9: 38400 | Y9: 17982 | Z9: 3.22 | AA9: 5280 | AB9: 11898 | AC9: 2.96 | AD9: 2720 | AE9: 94374 | AF9: 2.013 | AG9: 49600 | AH9: 17679 | AI9: 0.267 | AJ9: 3000 | AK9: 72651 | AL9: 601 | AM9: =SUM(AK9-AK8) -> 601 | AO9: =SUM(AG9+AD9+AA9+X9+U9+R9+O9+L9+I9+F9+AJ9+AM9) -> 246881 | AP9: =SUM(AG9+AJ9) -> 52600 | AQ9: =SUM(AP9/AO9) -> 0.21305811 | AR9: =SUM(AO5:AO9) -> 1090451 | AT9: =B9 -> 44228 | AU9: 63621 | AV9: 12000 | AW9: 8132 | AX9: 1400 | AY9: 32628 | AZ9: 914 | BA9: 133 | BB9: 2240 | BD9: =SUM(AV9+AX9,AZ9,BB9) -> 16554 | BE9: =SUM(BD5:BD9) -> 72634 | BF9: =SUM(AR9+BE9) -> 1163085 | BJ9: =SUM(AK9) -> 72651 | BL9: =SUM(BK9-BK4) -> 0 | BM9: =SUM(BL9*0.11895+BL9*0.02531)*1.09+2.85 -> 2.85 | BN9: =SUM(G9) -> 95995 | BQ9: =SUM(BO9-BO4)*160 -> 0 | BR9: =(BP9)*160 -> 0 | BS9: =SUM(BQ9*0.0406) -> 0 | BT9: =SUM(BQ9*0.02531) -> 0 | BU9: =SUM(BR9*6.99) -> 0 | BV9: =SUM(BS9+BT9)*1.09 -> 0 | BW9: =SUM(D9) -> 99305 | BZ9: =SUM(BX9-BX4)*160 -> 0 | CA9: =(BY9)*160 -> 0 | CB9: =SUM(BZ9*0.0406) -> 0 | CC9: =SUM(BZ9*0.02531) -> 0 | CD9: =SUM(CA9*6.99) -> 0 | CE9: =SUM((CB9+CC9)+20)* 1.08 -> 21.6 | CF9: =SUM(S9) -> 77466 | CI9: =SUM(CG9-CG4)*300 -> 0 | CJ9: =(CH9)*300 -> 0 | CK9: =SUM(CI9*0.0406) -> 0 | CL9: =SUM(CI9*0.02531) -> 0 | CM9: =SUM(CJ9*6.99) -> 0 | CN9: =SUM((CK9+CL9)+20)*1.09 -> 21.8 | CO9: =SUM(AH9) -> 17679 | CR9: =(CP9-CP4)*40 -> 0 | CS9: =(CQ9)*40 -> 0 | CT9: =SUM(CR9*0.0406) -> 0 | CU9: =SUM(CR9*0.02531) -> 0 | CV9: =SUM(CS9*6.99) -> 0 | CW9: =SUM((CT9+CU9)+20)*1.09 -> 21.8 | CX9: =SUM(V9) -> 74061 | DA9: =SUM(CY9-CY4)*300 -> 0 | DB9: =(CZ9)*300 -> 0 | DC9: =SUM(DA9*0.0406) -> 0 | DD9: =SUM(DA9*0.02531) -> 0 | DE9: =SUM(DB9*6.99) -> 0 | DF9: =SUM((DC9+DD9)+20)*1.085 -> 21.7 | DG9: =SUM(M9) -> 10886 | DJ9: =SUM(DH9-DH4)*400 -> 0 | DK9: =(DI9)*400 -> 0 | DL9: =SUM(DJ9*0.0406) -> 0 | DM9: =SUM(DJ9*0.02531) -> 0 | DN9: =SUM(DK9*6.99) -> 0 | DO9: =SUM((DL9+DM9)+20)*1.09 -> 21.8 | DP9: =SUM(S9) -> 77466 | DS9: =SUM(DQ9-DQ4)*400 -> 0 | DT9: =(DR9)*400 -> 0 | DU9: =SUM(DS9*0.0406) -> 0 | DV9: =SUM(DS9*0.02531) -> 0 | DW9: =SUM(DT9*6.99) -> 0 | DX9: =SUM((DU9+DV9)+20)*1.09 -> 21.8 | DY9: =SUM(P9) -> 11525 | EB9: =SUM(DZ9-DZ4)*400 -> 0 | EC9: =(EA9)*400 -> 0 | ED9: =SUM(EB9*0.0406) -> 0 | EE9: =SUM(EB9*0.02531) -> 0 | EF9: =SUM(EC9*6.99) -> 0 | EG9: =SUM((ED9+EE9)+20)*1.09 -> 21.8 | EH9: =SUM(Y9) -> 17982 | EK9: =SUM(EI9-EI4)*160 -> 0 | EL9: =(EJ9)*160 -> 0 | EM9: =SUM(EK9*0.0406) -> 0 | EN9: =SUM(EK9*0.02531) -> 0 | EO9: =SUM(EL9*6.99) -> 0 | EP9: =SUM((EM9+EN9)+20)*1.09 -> 21.8 | EQ9: =SUM(AB9) -> 11898 | ET9: =SUM(ER9-ER4)*160 -> 0 | EU9: =(ES9)*160 -> 0 | EV9: =SUM(ET9*0.0406) -> 0 | EW9: =SUM(ET9*0.02531) -> 0 | EX9: =SUM(EU9*6.99) -> 0 | EY9: =SUM((EV9+EW9)+20)*1.09 -> 21.8 | EZ9: =SUM(AE9) -> 94374 | FC9: =SUM(FA9-FA4)*200 -> 0 | FD9: =(FB9)*200 -> 0 | FE9: =SUM(FC9*0.0406) -> 0 | FF9: =SUM(FC9*0.02531) -> 0 | FG9: =SUM(FD9*6.99) -> 0 | FH9: =SUM((FE9+FF9)+20)*1.09 -> 21.8 | FJ9: =SUM(BL9+BQ9+BZ9+CI9+CR9+DA9+DJ9+DS9+EB9+EK9+ET9+FC9) -> 0 | FK9: =SUM(BM9+BV9,CE9,CN9,CW9,DF9,DO9,DX9,EG9,EP9,EY9+FH9) -> 220.55 | FL9: =SUM(BU9,CD9,CM9,CV9,DE9,DN9,DW9,EF9,EO9,EX9,FG9) -> 0 | FM9: =SUM(FK9:FL9) -> 220.55 | FP9: =SUM(AW9) -> 8132 | FS9: =SUM(FQ9-FQ4)*100 -> 0 | FT9: =SUM(FR9)*100 -> 0 | FU9: =SUM(FS9*0.0406) -> 0 | FV9: =SUM(FS9*0.02531) -> 0 | FW9: =SUM(FT9*6.99) -> 0 | FX9: =SUM(FV9+FU9+20)*1.1048 -> 22.096 | FY9: =SUM(AU9) -> 63621 | GB9: =SUM(FZ9-FZ4)*100 -> 0 | GC9: =SUM(GA9)*100 -> 0 | GD9: =SUM(GB9*0.0406) -> 0 | GE9: =SUM(GB9*0.02531) -> 0 | GF9: =SUM(GC9*6.99) -> 0 | GG9: =SUM(GE9+GD9+20)*1.1048 -> 22.096 | GH9: =SUM(AY9) -> 32628 | GJ9: =SUM(GI9-GI4) -> 0 | GK9: =SUM(GJ9*0.11895) -> 0 | GL9: =SUM(GJ9*0.02531) -> 0 | GM9: =SUM(GK9+GL9+2.32)*1.07 -> 2.4824 | GN9: =SUM(BA9) -> 133 | GQ9: =SUM(GO9-GO4)*40 -> 0 | GR9: =SUM(GP9)*40 -> 0 | GS9: =SUM(GQ9*0.0406) -> 0 | GT9: =SUM(GQ9*0.02531) -> 0 | GU9: =SUM(GR9*6.99) -> 0 | GV9: =SUM(GT9+GS9+20)*1.2 -> 24 | GW9: =SUM(FS9+GB9+GJ9+GQ9) -> 0 | GX9: =SUM(GV9+GM9+GG9+FX9) -> 70.6744 | GY9: =SUM(FW9+GF9+GU9) -> 0 | GZ9: =SUM(GX9:GY9) -> 70.6744 | HB9: =(FJ9+GW9) -> 0 | HC9: =(FK9+GX9) -> 291.2244 | HD9: =(FL9+GY9) -> 0 | HE9: =(HC9+HD9) -> 291.2244
B10: 44235 | C10: =SUM(Essbase!J39,Essbase!J40,Essbase!J41,Essbase!J42,Essbase!J43,Essbase!J44,Essbase!J45,) -> 749 | D10: 99551 | E10: 1.963 | F10: 39360 | G10: 96273 | H10: 2.261 | I10: 44480 | J10: 11019 | K10: 3.05 | L10: 10800 | M10: 10909 | N10: 2.38 | O10: 9200 | P10: 11548 | Q10: 2.7 | R10: 9200 | S10: 77552 | T10: 1.978 | U10: 25800 | V10: 74176 | W10: 1.7 | X10: 34500 | Y10: 18014 | Z10: 3.38 | AA10: 5120 | AB10: 11913 | AC10: 2.96 | AD10: 2400 | AE10: 94616 | AF10: 2.042 | AG10: 48400 | AH10: 17673 | AI10: 0.281 | AJ10: -240 | AK10: 73348 | AL10: 697 | AM10: =SUM(AK10-AK9) -> 697 | AO10: =SUM(AG10+AD10+AA10+X10+U10+R10+O10+L10+I10+F10+AJ10+AM10) -> 229717 | AP10: =SUM(AG10+AJ10) -> 48160 | AQ10: =SUM(AP10/AO10) -> 0.20964926 | AT10: =B10 -> 44235 | AU10: 63732 | AV10: 11100 | AW10: 8146 | AX10: 1400 | AY10: 33519 | AZ10: 891 | BA10: 181 | BB10: 1920 | BD10: =SUM(AV10+AX10,AZ10,BB10) -> 15311 | BJ10: =SUM(AK10) -> 73348 | BN10: =SUM(G10) -> 96273 | BW10: =SUM(D10) -> 99551 | CF10: =SUM(S10) -> 77552 | CO10: =SUM(AH10) -> 17673 | CX10: =SUM(V10) -> 74176 | DG10: =SUM(M10) -> 10909 | DP10: =SUM(S10) -> 77552 | DY10: =SUM(P10) -> 11548 | EH10: =SUM(Y10) -> 18014 | EQ10: =SUM(AB10) -> 11913 | EZ10: =SUM(AE10) -> 94616 | FP10: =SUM(AW10) -> 8146 | FY10: =SUM(AU10) -> 63732 | GH10: =SUM(AY10) -> 33519 | GN10: =SUM(BA10) -> 181
B11: 44242 | C11: =SUM(Essbase!J46:J52) -> 949 | D11: 99810 | E11: 1.963 | F11: 41440 | G11: 96558 | H11: 2.261 | I11: 45600 | J11: 11042 | K11: 3.05 | L11: 9200 | M11: 10932 | N11: 2.38 | O11: 9200 | P11: 11569 | Q11: 2.7 | R11: 8400 | S11: 77781 | T11: 2.073 | U11: 68700 | V11: 74305 | W11: 1.7 | X11: 38700 | Y11: 18046 | Z11: 3.38 | AA11: 5120 | AB11: 11929 | AC11: 2.96 | AD11: 2560 | AE11: 94849 | AF11: 2.042 | AG11: 46600 | AH11: 17709 | AI11: 0.297 | AJ11: 1440 | AK11: 73867 | AL11: 519 | AM11: =SUM(AK11-AK10) -> 519 | AO11: =SUM(AG11+AD11+AA11+X11+U11+R11+O11+L11+I11+F11+AJ11+AM11) -> 277479 | AP11: =SUM(AG11+AJ11) -> 48040 | AQ11: =SUM(AP11/AO11) -> 0.17313022 | AT11: =B11 -> 44242 | AU11: 63864 | AV11: 13200 | AW11: 8163 | AX11: 1700 | AY11: 34414 | AZ11: 895 | BA11: 234 | BB11: 2120 | BD11: =SUM(AV11+AX11,AZ11,BB11) -> 17915 | BJ11: =SUM(AK11) -> 73867 | BN11: =SUM(G11) -> 96558 | BW11: =SUM(D11) -> 99810 | CF11: =SUM(S11) -> 77781 | CO11: =SUM(AH11) -> 17709 | CX11: =SUM(V11) -> 74305 | DG11: =SUM(M11) -> 10932 | DP11: =SUM(S11) -> 77781 | DY11: =SUM(P11) -> 11569 | EH11: =SUM(Y11) -> 18046 | EQ11: =SUM(AB11) -> 11929 | EZ11: =SUM(AE11) -> 94849 | FP11: =SUM(AW11) -> 8163 | FY11: =SUM(AU11) -> 63864 | GH11: =SUM(AY11) -> 34414 | GN11: =SUM(BA11) -> 234
B12: 44249 | C12: =SUM(Essbase!J53,Essbase!J54,Essbase!J55,Essbase!J56,Essbase!J57,Essbase!J58:J59) -> 1084 | D12: 100065 | E12: 1.235 | F12: 40800 | G12: 96851 | H12: 1.586 | I12: 46880 | J12: 11069 | K12: 0.085 | L12: 10800 | M12: 10955 | N12: 0.068 | O12: 9200 | P12: 11593 | Q12: 0.071 | R12: 9600 | S12: 77969 | T12: 2.185 | U12: 56400 | V12: 74409 | W12: 1.7 | X12: 31200 | Y12: 18077 | Z12: 3.38 | AA12: 4960 | AB12: 11946 | AC12: 2.96 | AD12: 2720 | AE12: 95089 | AF12: 2.7 | AG12: 48000 | AH12: 17745 | AI12: 1.71 | AJ12: 1440 | AK12: 74395 | AL12: 528 | AM12: =SUM(AK12-AK11) -> 528 | AO12: =SUM(AG12+AD12+AA12+X12+U12+R12+O12+L12+I12+F12+AJ12+AM12) -> 262528 | AP12: =SUM(AG12+AJ12) -> 49440 | AQ12: =SUM(AP12/AO12) -> 0.18832277 | AT12: =B12 -> 44249 | AU12: 64006 | AV12: 14200 | AW12: 8181 | AX12: 1800 | AY12: 35438 | AZ12: 1024 | BA12: 275 | BB12: 1640 | BD12: =SUM(AV12+AX12,AZ12,BB12) -> 18664 | BJ12: =SUM(AK12) -> 74395 | BN12: =SUM(G12) -> 96851 | BW12: =SUM(D12) -> 100065 | CF12: =SUM(S12) -> 77969 | CO12: =SUM(AH12) -> 17745 | CX12: =SUM(V12) -> 74409 | DG12: =SUM(M12) -> 10955 | DP12: =SUM(S12) -> 77969 | DY12: =SUM(P12) -> 11593 | EH12: =SUM(Y12) -> 18077 | EQ12: =SUM(AB12) -> 11946 | EZ12: =SUM(AE12) -> 95089 | FP12: =SUM(AW12) -> 8181 | FY12: =SUM(AU12) -> 64006 | GH12: =SUM(AY12) -> 35438 | GN12: =SUM(BA12) -> 275
B13: 44256 | C13: =SUM(Essbase!J60:J67) -> 1355 | D13: 100320 | E13: 1.934 | F13: 40800 | G13: 97145 | H13: 2.188 | I13: 47040 | J13: 11094 | K13: 2.17 | L13: 10000 | M13: 10978 | N13: 1.79 | O13: 9200 | P13: 11616 | Q13: 1.87 | R13: 9200 | S13: 78133 | T13: 2.583 | U13: 49200 | V13: 74569 | W13: 1.888 | X13: 48000 | Y13: 18116 | Z13: 3.74 | AA13: 6240 | AB13: 11966 | AC13: 2.06 | AD13: 3200 | AE13: 95330 | AF13: 1.896 | AG13: 48200 | AH13: 17781 | AI13: 0.301 | AJ13: 1440 | AK13: 74901 | AL13: 506 | AM13: =SUM(AK13-AK12) -> 506 | AO13: =SUM(AG13+AD13+AA13+X13+U13+R13+O13+L13+I13+F13+AJ13+AM13) -> 273026 | AP13: =SUM(AG13+AJ13) -> 49640 | AQ13: =SUM(AP13/AO13) -> 0.18181419 | AR13: =SUM(AO10:AO13) -> 1042750 | AT13: =B13 -> 44256 | AU13: 64122 | AV13: 11600 | AW13: 8196 | AX13: 1500 | AY13: 36222 | AZ13: 784 | BA13: 373 | BB13: 3920 | BD13: =SUM(AV13+AX13,AZ13,BB13) -> 17804 | BE13: =SUM(BD10:BD13) -> 69694 | BF13: =SUM(AR13+BE13) -> 1112444 | BJ13: =SUM(AK13) -> 74901 | BL13: =SUM(BK13-BK9) -> 0 | BM13: =SUM(BL13*0.11895+BL13*0.02531)*1.09+2.85 -> 2.85 | BN13: =SUM(G13) -> 97145 | BQ13: =SUM(BO13-BO9)*160 -> 0 | BR13: =(BP13)*160 -> 0 | BS13: =SUM(BQ13*0.0406) -> 0 | BT13: =SUM(BQ13*0.02531) -> 0 | BU13: =SUM(BR13*6.99) -> 0 | BV13: =SUM(BS13+BT13)*1.09 -> 0 | BW13: =SUM(D13) -> 100320 | BZ13: =SUM(BX13-BX9)*160 -> 0 | CA13: =(BY13)*160 -> 0 | CB13: =SUM(BZ13*0.0406) -> 0 | CC13: =SUM(BZ13*0.02531) -> 0 | CD13: =SUM(CA13*6.99) -> 0 | CE13: =SUM((CB13+CC13)+20)* 1.08 -> 21.6 | CF13: =SUM(S13) -> 78133 | CI13: =SUM(CG13-CG9)*300 -> 0 | CJ13: =(CH13)*300 -> 0 | CK13: =SUM(CI13*0.0406) -> 0 | CL13: =SUM(CI13*0.02531) -> 0 | CM13: =SUM(CJ13*6.99) -> 0 | CN13: =SUM((CK13+CL13)+20)*1.09 -> 21.8 | CO13: =SUM(AH13) -> 17781 | CR13: =(CP13-CP9)*40 -> 0 | CS13: =(CQ13)*40 -> 0 | CT13: =SUM(CR13*0.0406) -> 0 | CU13: =SUM(CR13*0.02531) -> 0 | CV13: =SUM(CS13*6.99) -> 0 | CW13: =SUM((CT13+CU13)+20)*1.09 -> 21.8 | CX13: =SUM(V13) -> 74569 | DA13: =SUM(CY13-CY9)*300 -> 0 | DB13: =(CZ13)*300 -> 0 | DC13: =SUM(DA13*0.0406) -> 0 | DD13: =SUM(DA13*0.02531) -> 0 | DE13: =SUM(DB13*6.99) -> 0 | DF13: =SUM((DC13+DD13)+20)*1.085 -> 21.7 | DG13: =SUM(M13) -> 10978 | DJ13: =SUM(DH13-DH9)*400 -> 0 | DK13: =(DI13)*400 -> 0 | DL13: =SUM(DJ13*0.0406) -> 0 | DM13: =SUM(DJ13*0.02531) -> 0 | DN13: =SUM(DK13*6.99) -> 0 | DO13: =SUM((DL13+DM13)+20)*1.09 -> 21.8 | DP13: =SUM(S13) -> 78133 | DS13: =SUM(DQ13-DQ9)*400 -> 0 | DT13: =(DR13)*400 -> 0 | DU13: =SUM(DS13*0.0406) -> 0 | DV13: =SUM(DS13*0.02531) -> 0 | DW13: =SUM(DT13*6.99) -> 0 | DX13: =SUM((DU13+DV13)+20)*1.09 -> 21.8 | DY13: =SUM(P13) -> 11616 | EB13: =SUM(DZ13-DZ9)*400 -> 0 | EC13: =(EA13)*400 -> 0 | ED13: =SUM(EB13*0.0406) -> 0 | EE13: =SUM(EB13*0.02531) -> 0 | EF13: =SUM(EC13*6.99) -> 0 | EG13: =SUM((ED13+EE13)+20)*1.09 -> 21.8 | EH13: =SUM(Y13) -> 18116 | EK13: =SUM(EI13-EI9)*160 -> 0 | EL13: =(EJ13)*160 -> 0 | EM13: =SUM(EK13*0.0406) -> 0 | EN13: =SUM(EK13*0.02531) -> 0 | EO13: =SUM(EL13*6.99) -> 0 | EP13: =SUM((EM13+EN13)+20)*1.09 -> 21.8 | EQ13: =SUM(AB13) -> 11966 | ET13: =SUM(ER13-ER9)*160 -> 0 | EU13: =(ES13)*160 -> 0 | EV13: =SUM(ET13*0.0406) -> 0 | EW13: =SUM(ET13*0.02531) -> 0 | EX13: =SUM(EU13*6.99) -> 0 | EY13: =SUM((EV13+EW13)+20)*1.09 -> 21.8 | EZ13: =SUM(AE13) -> 95330 | FC13: =SUM(FA13-FA9)*200 -> 0 | FD13: =(FB13)*200 -> 0 | FE13: =SUM(FC13*0.0406) -> 0 | FF13: =SUM(FC13*0.02531) -> 0 | FG13: =SUM(FD13*6.99) -> 0 | FH13: =SUM((FE13+FF13)+20)*1.09 -> 21.8 | FJ13: =SUM(BL13+BQ13+BZ13+CI13+CR13+DA13+DJ13+DS13+EB13+EK13+ET13+FC13) -> 0 | FK13: =SUM(BM13+BV13,CE13,CN13,CW13,DF13,DO13,DX13,EG13,EP13,EY13+FH13) -> 220.55 | FL13: =SUM(BU13,CD13,CM13,CV13,DE13,DN13,DW13,EF13,EO13,EX13,FG13) -> 0 | FM13: =SUM(FK13:FL13) -> 220.55 | FP13: =SUM(AW13) -> 8196 | FS13: =SUM(FQ13-FQ9)*100 -> 0 | FT13: =SUM(FR13)*100 -> 0 | FU13: =SUM(FS13*0.0406) -> 0 | FV13: =SUM(FS13*0.02531) -> 0 | FW13: =SUM(FT13*6.99) -> 0 | FX13: =SUM(FV13+FU13+20)*1.1048 -> 22.096 | FY13: =SUM(AU13) -> 64122 | GB13: =SUM(FZ13-FZ9)*100 -> 0 | GC13: =SUM(GA13)*100 -> 0 | GD13: =SUM(GB13*0.0406) -> 0 | GE13: =SUM(GB13*0.02531) -> 0 | GF13: =SUM(GC13*6.99) -> 0 | GG13: =SUM(GE13+GD13+20)*1.1048 -> 22.096 | GH13: =SUM(AY13) -> 36222 | GJ13: =SUM(GI13-GI9) -> 0 | GK13: =SUM(GJ13*0.11895) -> 0 | GL13: =SUM(GJ13*0.02531) -> 0 | GM13: =SUM(GK13+GL13+2.32)*1.07 -> 2.4824 | GN13: =SUM(BA13) -> 373 | GQ13: =SUM(GO13-GO9)*40 -> 0 | GR13: =SUM(GP13)*40 -> 0 | GS13: =SUM(GQ13*0.0406) -> 0 | GT13: =SUM(GQ13*0.02531) -> 0 | GU13: =SUM(GR13*6.99) -> 0 | GV13: =SUM(GT13+GS13+20)*1.2 -> 24 | GW13: =SUM(FS13+GB13+GJ13+GQ13) -> 0 | GX13: =SUM(GV13+GM13+GG13+FX13) -> 70.6744 | GY13: =SUM(FW13+GF13+GU13) -> 0 | GZ13: =SUM(GX13:GY13) -> 70.6744 | HB13: =(FJ13+GW13) -> 0 | HC13: =(FK13+GX13) -> 291.2244 | HD13: =(FL13+GY13) -> 0 | HE13: =(HC13+HD13) -> 291.2244
B14: 44263 | C14: =SUM(Essbase!J68:J74) -> 901 | F14: =SUM(D14-D13)*160 -> -16051200 | I14: =SUM(G14-G13)*160 -> -15543200 | L14: =SUM(J14-J13)*400 -> -4437600 | O14: =SUM(M14-M13)*400 -> -4391200 | R14: =SUM(P14-P13)*400 -> -4646400 | U14: =SUM(S14-S13)*300 -> -23439900 | X14: =SUM(V14-V13)*300 -> -22370700 | AA14: =SUM(Y14-Y13)*160 -> -2898560 | AD14: =SUM(AB14-AB13)*160 -> -1914560 | AG14: =SUM(AE14-AE13)*200 -> -19066000 | AJ14: =SUM(AH14-AH13)*40 -> -711240 | AM14: =SUM(AK14-AK13) -> -74901 | AO14: =SUM(AG14+AD14+AA14+X14+U14+R14+O14+L14+I14+F14+AJ14+AM14) -> -115545461 | AP14: =SUM(AG14+AJ14) -> -19777240 | AQ14: =SUM(AP14/AO14) -> 0.17116414 | AT14: =B14 -> 44263 | AV14: =SUM(AU14-AU13)*100 -> -6412200 | AX14: =SUM(AW14-AW13)*100 -> -819600 | AZ14: =SUM(AY14-AY13) -> -36222 | BB14: =SUM(BA14-BA13)*40 -> -14920 | BD14: =SUM(AV14+AX14,AZ14,BB14) -> -7282942 | BJ14: =SUM(AK14) -> 0 | BN14: =SUM(G14) -> 0 | BW14: =SUM(D14) -> 0 | CF14: =SUM(S14) -> 0 | CO14: =SUM(AH14) -> 0 | CX14: =SUM(V14) -> 0 | DG14: =SUM(M14) -> 0 | DP14: =SUM(S14) -> 0 | DY14: =SUM(P14) -> 0 | EH14: =SUM(Y14) -> 0 | EQ14: =SUM(AB14) -> 0 | EZ14: =SUM(AE14) -> 0 | FP14: =SUM(AW14) -> 0 | FY14: =SUM(AU14) -> 0 | GH14: =SUM(AY14) -> 0 | GN14: =SUM(BA14) -> 0
B15: 44270 | C15: =SUM(Essbase!J75:J81) -> 1079 | F15: =SUM(D15-D14)*160 -> 0 | I15: =SUM(G15-G14)*160 -> 0 | L15: =SUM(J15-J14)*400 -> 0 | O15: =SUM(M15-M14)*400 -> 0 | R15: =SUM(P15-P14)*400 -> 0 | U15: =SUM(S15-S14)*300 -> 0 | X15: =SUM(V15-V14)*300 -> 0 | AA15: =SUM(Y15-Y14)*160 -> 0 | AD15: =SUM(AB15-AB14)*160 -> 0 | AG15: =SUM(AE15-AE14)*200 -> 0 | AJ15: =SUM(AH15-AH14)*40 -> 0 | AM15: =SUM(AK15-AK14) -> 0 | AO15: =SUM(AG15+AD15+AA15+X15+U15+R15+O15+L15+I15+F15+AJ15+AM15) -> 0 | AP15: =SUM(AG15+AJ15) -> 0 | AQ15: =SUM(AP15/AO15) -> #DIV/0! | AT15: =B15 -> 44270 | AV15: =SUM(AU15-AU14)*100 -> 0 | AX15: =SUM(AW15-AW14)*100 -> 0 | AZ15: =SUM(AY15-AY14) -> 0 | BB15: =SUM(BA15-BA14)*40 -> 0 | BD15: =SUM(AV15+AX15,AZ15,BB15) -> 0 | BJ15: =SUM(AK15) -> 0 | BN15: =SUM(G15) -> 0 | BW15: =SUM(D15) -> 0 | CF15: =SUM(S15) -> 0 | CO15: =SUM(AH15) -> 0 | CX15: =SUM(V15) -> 0 | DG15: =SUM(M15) -> 0 | DP15: =SUM(S15) -> 0 | DY15: =SUM(P15) -> 0 | EH15: =SUM(Y15) -> 0 | EQ15: =SUM(AB15) -> 0 | EZ15: =SUM(AE15) -> 0 | FP15: =SUM(AW15) -> 0 | FY15: =SUM(AU15) -> 0 | GH15: =SUM(AY15) -> 0 | GN15: =SUM(BA15) -> 0
B16: 44277 | C16: =SUM(Essbase!J82:J89) -> 1767 | F16: =SUM(D16-D15)*160 -> 0 | I16: =SUM(G16-G15)*160 -> 0 | L16: =SUM(J16-J15)*400 -> 0 | O16: =SUM(M16-M15)*400 -> 0 | R16: =SUM(P16-P15)*400 -> 0 | U16: =SUM(S16-S15)*300 -> 0 | X16: =SUM(V16-V15)*300 -> 0 | AA16: =SUM(Y16-Y15)*160 -> 0 | AD16: =SUM(AB16-AB15)*160 -> 0 | AG16: =SUM(AE16-AE15)*200 -> 0 | AJ16: =SUM(AH16-AH15)*40 -> 0 | AM16: =SUM(AK16-AK15) -> 0 | AO16: =SUM(AG16+AD16+AA16+X16+U16+R16+O16+L16+I16+F16+AJ16+AM16) -> 0 | AP16: =SUM(AG16+AJ16) -> 0 | AQ16: =SUM(AP16/AO16) -> #DIV/0! | AT16: =B16 -> 44277 | AV16: =SUM(AU16-AU15)*100 -> 0 | AX16: =SUM(AW16-AW15)*100 -> 0 | AZ16: =SUM(AY16-AY15) -> 0 | BB16: =SUM(BA16-BA15)*40 -> 0 | BD16: =SUM(AV16+AX16,AZ16,BB16) -> 0 | BJ16: =SUM(AK16) -> 0 | BN16: =SUM(G16) -> 0 | BW16: =SUM(D16) -> 0 | CF16: =SUM(S16) -> 0 | CO16: =SUM(AH16) -> 0 | CX16: =SUM(V16) -> 0 | DG16: =SUM(M16) -> 0 | DP16: =SUM(S16) -> 0 | DY16: =SUM(P16) -> 0 | EH16: =SUM(Y16) -> 0 | EQ16: =SUM(AB16) -> 0 | EZ16: =SUM(AE16) -> 0 | FP16: =SUM(AW16) -> 0 | FY16: =SUM(AU16) -> 0 | GH16: =SUM(AY16) -> 0 | GN16: =SUM(BA16) -> 0
B17: 44284 | C17: =SUM(Essbase!J90:J96) -> 1630 | F17: =SUM(D17-D16)*160 -> 0 | I17: =SUM(G17-G16)*160 -> 0 | L17: =SUM(J17-J16)*400 -> 0 | O17: =SUM(M17-M16)*400 -> 0 | R17: =SUM(P17-P16)*400 -> 0 | U17: =SUM(S17-S16)*300 -> 0 | X17: =SUM(V17-V16)*300 -> 0 | AA17: =SUM(Y17-Y16)*160 -> 0 | AD17: =SUM(AB17-AB16)*160 -> 0 | AG17: =SUM(AE17-AE16)*200 -> 0 | AJ17: =SUM(AH17-AH16)*40 -> 0 | AM17: =SUM(AK17-AK16) -> 0 | AO17: =SUM(AG17+AD17+AA17+X17+U17+R17+O17+L17+I17+F17+AJ17+AM17) -> 0 | AP17: =SUM(AG17+AJ17) -> 0 | AQ17: =SUM(AP17/AO17) -> #DIV/0! | AT17: =B17 -> 44284 | AV17: =SUM(AU17-AU16)*100 -> 0 | AX17: =SUM(AW17-AW16)*100 -> 0 | AZ17: =SUM(AY17-AY16) -> 0 | BB17: =SUM(BA17-BA16)*40 -> 0 | BD17: =SUM(AV17+AX17,AZ17,BB17) -> 0 | BJ17: =SUM(AK17) -> 0 | BL17: =SUM(BK17-BK13) -> 0 | BM17: =SUM(BL17*0.11895+BL17*0.02531)*1.09+2.85 -> 2.85 | BN17: =SUM(G17) -> 0 | BQ17: =SUM(BO17-BO13)*160 -> 0 | BR17: =(BP17)*160 -> 0 | BS17: =SUM(BQ17*0.0406) -> 0 | BT17: =SUM(BQ17*0.02531) -> 0 | BU17: =SUM(BR17*6.99) -> 0 | BV17: =SUM(BS17+BT17)*1.09 -> 0 | BW17: =SUM(D17) -> 0 | BZ17: =SUM(BX17-BX13)*160 -> 0 | CA17: =(BY17)*160 -> 0 | CB17: =SUM(BZ17*0.0406) -> 0 | CC17: =SUM(BZ17*0.02531) -> 0 | CD17: =SUM(CA17*6.99) -> 0 | CE17: =SUM((CB17+CC17)+20)* 1.08 -> 21.6 | CF17: =SUM(S17) -> 0 | CI17: =SUM(CG17-CG13)*300 -> 0 | CJ17: =(CH17)*300 -> 0 | CK17: =SUM(CI17*0.0406) -> 0 | CL17: =SUM(CI17*0.02531) -> 0 | CM17: =SUM(CJ17*6.99) -> 0 | CN17: =SUM((CK17+CL17)+20)*1.09 -> 21.8 | CO17: =SUM(AH17) -> 0 | CR17: =(CP17-CP13)*40 -> 0 | CS17: =(CQ17)*40 -> 0 | CT17: =SUM(CR17*0.0406) -> 0 | CU17: =SUM(CR17*0.02531) -> 0 | CV17: =SUM(CS17*6.99) -> 0 | CW17: =SUM((CT17+CU17)+20)*1.09 -> 21.8 | CX17: =SUM(V17) -> 0 | DA17: =SUM(CY17-CY13)*300 -> 0 | DB17: =(CZ17)*300 -> 0 | DC17: =SUM(DA17*0.0406) -> 0 | DD17: =SUM(DA17*0.02531) -> 0 | DE17: =SUM(DB17*6.99) -> 0 | DF17: =SUM((DC17+DD17)+20)*1.085 -> 21.7 | DG17: =SUM(M17) -> 0 | DJ17: =SUM(DH17-DH13)*400 -> 0 | DK17: =(DI17)*400 -> 0 | DL17: =SUM(DJ17*0.0406) -> 0 | DM17: =SUM(DJ17*0.02531) -> 0 | DN17: =SUM(DK17*6.99) -> 0 | DO17: =SUM((DL17+DM17)+20)*1.09 -> 21.8 | DP17: =SUM(S17) -> 0 | DS17: =SUM(DQ17-DQ13)*400 -> 0 | DT17: =(DR17)*400 -> 0 | DU17: =SUM(DS17*0.0406) -> 0 | DV17: =SUM(DS17*0.02531) -> 0 | DW17: =SUM(DT17*6.99) -> 0 | DX17: =SUM((DU17+DV17)+20)*1.09 -> 21.8 | DY17: =SUM(P17) -> 0 | EB17: =SUM(DZ17-DZ13)*400 -> 0 | EC17: =(EA17)*400 -> 0 | ED17: =SUM(EB17*0.0406) -> 0 | EE17: =SUM(EB17*0.02531) -> 0 | EF17: =SUM(EC17*6.99) -> 0 | EG17: =SUM((ED17+EE17)+20)*1.09 -> 21.8 | EH17: =SUM(Y17) -> 0 | EK17: =SUM(EI17-EI13)*160 -> 0 | EL17: =(EJ17)*160 -> 0 | EM17: =SUM(EK17*0.0406) -> 0 | EN17: =SUM(EK17*0.02531) -> 0 | EO17: =SUM(EL17*6.99) -> 0 | EP17: =SUM((EM17+EN17)+20)*1.09 -> 21.8 | EQ17: =SUM(AB17) -> 0 | ET17: =SUM(ER17-ER13)*160 -> 0 | EU17: =(ES17)*160 -> 0 | EV17: =SUM(ET17*0.0406) -> 0 | EW17: =SUM(ET17*0.02531) -> 0 | EX17: =SUM(EU17*6.99) -> 0 | EY17: =SUM((EV17+EW17)+20)*1.09 -> 21.8 | EZ17: =SUM(AE17) -> 0 | FC17: =SUM(FA17-FA13)*200 -> 0 | FD17: =(FB17)*200 -> 0 | FE17: =SUM(FC17*0.0406) -> 0 | FF17: =SUM(FC17*0.02531) -> 0 | FG17: =SUM(FD17*6.99) -> 0 | FH17: =SUM((FE17+FF17)+20)*1.09 -> 21.8 | FJ17: =SUM(BL17+BQ17+BZ17+CI17+CR17+DA17+DJ17+DS17+EB17+EK17+ET17+FC17) -> 0 | FK17: =SUM(BM17+BV17,CE17,CN17,CW17,DF17,DO17,DX17,EG17,EP17,EY17+FH17) -> 220.55 | FL17: =SUM(BU17,CD17,CM17,CV17,DE17,DN17,DW17,EF17,EO17,EX17,FG17) -> 0 | FM17: =SUM(FK17:FL17) -> 220.55 | FP17: =SUM(AW17) -> 0 | FS17: =SUM(FQ17-FQ13)*100 -> 0 | FT17: =SUM(FR17)*100 -> 0 | FU17: =SUM(FS17*0.0406) -> 0 | FV17: =SUM(FS17*0.02531) -> 0 | FW17: =SUM(FT17*6.99) -> 0 | FX17: =SUM(FV17+FU17+20)*1.1048 -> 22.096 | FY17: =SUM(AU17) -> 0 | GB17: =SUM(FZ17-FZ13)*100 -> 0 | GC17: =SUM(GA17)*100 -> 0 | GD17: =SUM(GB17*0.0406) -> 0 | GE17: =SUM(GB17*0.02531) -> 0 | GF17: =SUM(GC17*6.99) -> 0 | GG17: =SUM(GE17+GD17+20)*1.1048 -> 22.096 | GH17: =SUM(AY17) -> 0 | GJ17: =SUM(GI17-GI13) -> 0 | GK17: =SUM(GJ17*0.11895) -> 0 | GL17: =SUM(GJ17*0.02531) -> 0 | GM17: =SUM(GK17+GL17+2.32)*1.07 -> 2.4824 | GN17: =SUM(BA17) -> 0 | GQ17: =SUM(GO17-GO13)*40 -> 0 | GR17: =SUM(GP17)*40 -> 0 | GS17: =SUM(GQ17*0.0406) -> 0 | GT17: =SUM(GQ17*0.02531) -> 0 | GU17: =SUM(GR17*6.99) -> 0 | GV17: =SUM(GT17+GS17+20)*1.2 -> 24 | GW17: =SUM(FS17+GB17+GJ17+GQ17) -> 0 | GX17: =SUM(GV17+GM17+GG17+FX17) -> 70.6744 | GY17: =SUM(FW17+GF17+GU17) -> 0 | GZ17: =SUM(GX17:GY17) -> 70.6744 | HB17: =(FJ17+GW17) -> 0 | HC17: =(FK17+GX17) -> 291.2244 | HD17: =(FL17+GY17) -> 0 | HE17: =(HC17+HD17) -> 291.2244
B18: 44287 | F18: =SUM(D18-D17)*160 -> 0 | I18: =SUM(G18-G17)*160 -> 0 | L18: =SUM(J18-J17)*400 -> 0 | O18: =SUM(M18-M17)*400 -> 0 | R18: =SUM(P18-P17)*400 -> 0 | U18: =SUM(S18-S17)*300 -> 0 | X18: =SUM(V18-V17)*300 -> 0 | AA18: =SUM(Y18-Y17)*160 -> 0 | AD18: =SUM(AB18-AB17)*160 -> 0 | AG18: =SUM(AE18-AE17)*200 -> 0 | AJ18: =SUM(AH18-AH17)*40 -> 0 | AM18: =SUM(AK18-AK17) -> 0 | AO18: =SUM(AG18+AD18+AA18+X18+U18+R18+O18+L18+I18+F18+AJ18+AM18) -> 0 | AP18: =SUM(AG18+AJ18) -> 0 | AQ18: =SUM(AP18/AO18) -> #DIV/0! | AR18: =SUM(AO14:AO18) -> -115545461 | AT18: =B18 -> 44287 | AV18: =SUM(AU18-AU17)*100 -> 0 | AX18: =SUM(AW18-AW17)*100 -> 0 | AZ18: =SUM(AY18-AY17) -> 0 | BB18: =SUM(BA18-BA17)*40 -> 0 | BD18: =SUM(AV18+AX18,AZ18,BB18) -> 0 | BE18: =SUM(BC14:BD18) -> -7282942 | BF18: =SUM(AR18+BE18) -> -122828403 | BJ18: =SUM(AK18) -> 0 | BN18: =SUM(G18) -> 0 | BW18: =SUM(D18) -> 0 | CF18: =SUM(S18) -> 0 | CO18: =SUM(AH18) -> 0 | CX18: =SUM(V18) -> 0 | DG18: =SUM(M18) -> 0 | DP18: =SUM(S18) -> 0 | DY18: =SUM(P18) -> 0 | EH18: =SUM(Y18) -> 0 | EQ18: =SUM(AB18) -> 0 | EZ18: =SUM(AE18) -> 0 | FP18: =SUM(AW18) -> 0 | FY18: =SUM(AU18) -> 0 | GH18: =SUM(AY18) -> 0 | GN18: =SUM(BA18) -> 0
B19: 44291 | F19: =SUM(D19-D18)*160 -> 0 | I19: =SUM(G19-G18)*160 -> 0 | L19: =SUM(J19-J18)*400 -> 0 | O19: =SUM(M19-M18)*400 -> 0 | R19: =SUM(P19-P18)*400 -> 0 | U19: =SUM(S19-S18)*300 -> 0 | X19: =SUM(V19-V18)*300 -> 0 | AA19: =SUM(Y19-Y18)*160 -> 0 | AD19: =SUM(AB19-AB18)*160 -> 0 | AG19: =SUM(AE19-AE18)*200 -> 0 | AJ19: =SUM(AH19-AH18)*40 -> 0 | AM19: =SUM(AK19-AK18) -> 0 | AO19: =SUM(AG19+AD19+AA19+X19+U19+R19+O19+L19+I19+F19+AJ19+AM19) -> 0 | AP19: =SUM(AG19+AJ19) -> 0 | AQ19: =SUM(AP19/AO19) -> #DIV/0! | AT19: =B19 -> 44291 | AV19: =SUM(AU19-AU18)*100 -> 0 | AX19: =SUM(AW19-AW18)*100 -> 0 | AZ19: =SUM(AY19-AY18) -> 0 | BB19: =SUM(BA19-BA18)*40 -> 0 | BD19: =SUM(AV19+AX19,AZ19,BB19) -> 0 | BJ19: =SUM(AK19) -> 0 | BN19: =SUM(G19) -> 0 | BW19: =SUM(D19) -> 0 | CF19: =SUM(S19) -> 0 | CO19: =SUM(AH19) -> 0 | CX19: =SUM(V19) -> 0 | DG19: =SUM(M19) -> 0 | DP19: =SUM(S19) -> 0 | DY19: =SUM(P19) -> 0 | EH19: =SUM(Y19) -> 0 | EQ19: =SUM(AB19) -> 0 | EZ19: =SUM(AE19) -> 0 | FP19: =SUM(AW19) -> 0 | FY19: =SUM(AU19) -> 0 | GH19: =SUM(AY19) -> 0 | GN19: =SUM(BA19) -> 0
B20: 44298 | F20: =SUM(D20-D19)*160 -> 0 | I20: =SUM(G20-G19)*160 -> 0 | L20: =SUM(J20-J19)*400 -> 0 | O20: =SUM(M20-M19)*400 -> 0 | R20: =SUM(P20-P19)*400 -> 0 | U20: =SUM(S20-S19)*300 -> 0 | X20: =SUM(V20-V19)*300 -> 0 | AA20: =SUM(Y20-Y19)*160 -> 0 | AD20: =SUM(AB20-AB19)*160 -> 0 | AG20: =SUM(AE20-AE19)*200 -> 0 | AJ20: =SUM(AH20-AH19)*40 -> 0 | AM20: =SUM(AK20-AK19) -> 0 | AO20: =SUM(AG20+AD20+AA20+X20+U20+R20+O20+L20+I20+F20+AJ20+AM20) -> 0 | AP20: =SUM(AG20+AJ20) -> 0 | AQ20: =SUM(AP20/AO20) -> #DIV/0! | AT20: =B20 -> 44298 | AV20: =SUM(AU20-AU19)*100 -> 0 | AX20: =SUM(AW20-AW19)*100 -> 0 | AZ20: =SUM(AY20-AY19) -> 0 | BB20: =SUM(BA20-BA19)*40 -> 0 | BD20: =SUM(AV20+AX20,AZ20,BB20) -> 0 | BJ20: =SUM(AK20) -> 0 | BN20: =SUM(G20) -> 0 | BW20: =SUM(D20) -> 0 | CF20: =SUM(S20) -> 0 | CO20: =SUM(AH20) -> 0 | CX20: =SUM(V20) -> 0 | DG20: =SUM(M20) -> 0 | DP20: =SUM(S20) -> 0 | DY20: =SUM(P20) -> 0 | EH20: =SUM(Y20) -> 0 | EQ20: =SUM(AB20) -> 0 | EZ20: =SUM(AE20) -> 0 | FP20: =SUM(AW20) -> 0 | FY20: =SUM(AU20) -> 0 | GH20: =SUM(AY20) -> 0 | GN20: =SUM(BA20) -> 0
B21: 44305 | F21: =SUM(D21-D20)*160 -> 0 | I21: =SUM(G21-G20)*160 -> 0 | L21: =SUM(J21-J20)*400 -> 0 | O21: =SUM(M21-M20)*400 -> 0 | R21: =SUM(P21-P20)*400 -> 0 | U21: =SUM(S21-S20)*300 -> 0 | X21: =SUM(V21-V20)*300 -> 0 | AA21: =SUM(Y21-Y20)*160 -> 0 | AD21: =SUM(AB21-AB20)*160 -> 0 | AG21: =SUM(AE21-AE20)*200 -> 0 | AJ21: =SUM(AH21-AH20)*40 -> 0 | AM21: =SUM(AK21-AK20) -> 0 | AO21: =SUM(AG21+AD21+AA21+X21+U21+R21+O21+L21+I21+F21+AJ21+AM21) -> 0 | AP21: =SUM(AG21+AJ21) -> 0 | AQ21: =SUM(AP21/AO21) -> #DIV/0! | AT21: =B21 -> 44305 | AV21: =SUM(AU21-AU20)*100 -> 0 | AX21: =SUM(AW21-AW20)*100 -> 0 | AZ21: =SUM(AY21-AY20) -> 0 | BB21: =SUM(BA21-BA20)*40 -> 0 | BD21: =SUM(AV21+AX21,AZ21,BB21) -> 0 | BJ21: =SUM(AK21) -> 0 | BN21: =SUM(G21) -> 0 | BW21: =SUM(D21) -> 0 | CF21: =SUM(S21) -> 0 | CO21: =SUM(AH21) -> 0 | CX21: =SUM(V21) -> 0 | DG21: =SUM(M21) -> 0 | DP21: =SUM(S21) -> 0 | DY21: =SUM(P21) -> 0 | EH21: =SUM(Y21) -> 0 | EQ21: =SUM(AB21) -> 0 | EZ21: =SUM(AE21) -> 0 | FP21: =SUM(AW21) -> 0 | FY21: =SUM(AU21) -> 0 | GH21: =SUM(AY21) -> 0 | GN21: =SUM(BA21) -> 0
B22: 44312 | F22: =SUM(D22-D21)*160 -> 0 | I22: =SUM(G22-G21)*160 -> 0 | L22: =SUM(J22-J21)*400 -> 0 | O22: =SUM(M22-M21)*400 -> 0 | R22: =SUM(P22-P21)*400 -> 0 | U22: =SUM(S22-S21)*300 -> 0 | X22: =SUM(V22-V21)*300 -> 0 | AA22: =SUM(Y22-Y21)*160 -> 0 | AD22: =SUM(AB22-AB21)*160 -> 0 | AG22: =SUM(AE22-AE21)*200 -> 0 | AJ22: =SUM(AH22-AH21)*40 -> 0 | AM22: =SUM(AK22-AK21) -> 0 | AO22: =SUM(AG22+AD22+AA22+X22+U22+R22+O22+L22+I22+F22+AJ22+AM22) -> 0 | AP22: =SUM(AG22+AJ22) -> 0 | AQ22: =SUM(AP22/AO22) -> #DIV/0! | AT22: =B22 -> 44312 | AV22: =SUM(AU22-AU21)*100 -> 0 | AX22: =SUM(AW22-AW21)*100 -> 0 | AZ22: =SUM(AY22-AY21) -> 0 | BB22: =SUM(BA22-BA21)*40 -> 0 | BD22: =SUM(AV22+AX22,AZ22,BB22) -> 0 | BJ22: =SUM(AK22) -> 0 | BN22: =SUM(G22) -> 0 | BW22: =SUM(D22) -> 0 | CF22: =SUM(S22) -> 0 | CO22: =SUM(AH22) -> 0 | CX22: =SUM(V22) -> 0 | DG22: =SUM(M22) -> 0 | DP22: =SUM(S22) -> 0 | DY22: =SUM(P22) -> 0 | EH22: =SUM(Y22) -> 0 | EQ22: =SUM(AB22) -> 0 | EZ22: =SUM(AE22) -> 0 | FP22: =SUM(AW22) -> 0 | FY22: =SUM(AU22) -> 0 | GH22: =SUM(AY22) -> 0 | GN22: =SUM(BA22) -> 0
B23: 44317 | F23: =SUM(D23-D22)*160 -> 0 | I23: =SUM(G23-G22)*160 -> 0 | L23: =SUM(J23-J22)*400 -> 0 | O23: =SUM(M23-M22)*400 -> 0 | R23: =SUM(P23-P22)*400 -> 0 | U23: =SUM(S23-S22)*300 -> 0 | X23: =SUM(V23-V22)*300 -> 0 | AA23: =SUM(Y23-Y22)*160 -> 0 | AD23: =SUM(AB23-AB22)*160 -> 0 | AG23: =SUM(AE23-AE22)*200 -> 0 | AJ23: =SUM(AH23-AH22)*40 -> 0 | AM23: =SUM(AK23-AK22) -> 0 | AO23: =SUM(AG23+AD23+AA23+X23+U23+R23+O23+L23+I23+F23+AJ23+AM23) -> 0 | AP23: =SUM(AG23+AJ23) -> 0 | AQ23: =SUM(AP23/AO23) -> #DIV/0! | AR23: =SUM(AO19:AO23) -> 0 | AT23: =B23 -> 44317 | AV23: =SUM(AU23-AU22)*100 -> 0 | AX23: =SUM(AW23-AW22)*100 -> 0 | AZ23: =SUM(AY23-AY22) -> 0 | BB23: =SUM(BA23-BA22)*40 -> 0 | BD23: =SUM(AV23+AX23,AZ23,BB23) -> 0 | BE23: =SUM(BC19:BD23) -> 0 | BF23: =SUM(AR23+BE23) -> 0 | BJ23: =SUM(AK23) -> 0 | BL23: =SUM(BK23-BK17) -> 0 | BM23: =SUM(BL23*0.13773+BL23*0.02095)*1.09+2.85 -> 2.85 | BN23: =SUM(G23) -> 0 | BQ23: =SUM(BO23-BO17)*160 -> 0 | BR23: =(BP23)*160 -> 0 | BS23: =SUM(BQ23*0.05155) -> 0 | BT23: =SUM(BQ23*0.02095) -> 0 | BU23: =SUM(BR23*7.689) -> 0 | BV23: =SUM(BS23+BT23)*1.11 -> 0 | BW23: =SUM(D23) -> 0 | BZ23: =SUM(BX23-BX17)*160 -> 0 | CA23: =(BY23)*160 -> 0 | CB23: =SUM(BZ23*0.05155) -> 0 | CC23: =SUM(BZ23*0.02095) -> 0 | CD23: =SUM(CA23*7.689) -> 0 | CE23: =SUM((CB23+CC23)+20)* 1.11 -> 22.2 | CF23: =SUM(S23) -> 0 | CI23: =SUM(CG23-CG17)*300 -> 0 | CJ23: =(CH23)*300 -> 0 | CK23: =SUM(CI23*0.05155) -> 0 | CL23: =SUM(CI23*0.02095) -> 0 | CM23: =SUM(CJ23*7.689) -> 0 | CN23: =SUM((CK23+CL23)+20)*1.11 -> 22.2 | CO23: =SUM(AH23) -> 0 | CR23: =(CP23-CP17)*40 -> 0 | CS23: =(CQ23)*40 -> 0 | CT23: =SUM(CR23*0.05155) -> 0 | CU23: =SUM(CR23*0.02095) -> 0 | CV23: =SUM(CS23*7.689) -> 0 | CW23: =SUM((CT23+CU23)+20)*1.11 -> 22.2 | CX23: =SUM(V23) -> 0 | DA23: =SUM(CY23-CY17)*300 -> 0 | DB23: =(CZ23)*300 -> 0 | DC23: =SUM(DA23*0.05155) -> 0 | DD23: =SUM(DA23*0.02095) -> 0 | DE23: =SUM(DB23*7.689) -> 0 | DF23: =SUM((DC23+DD23)+20)*1.12 -> 22.4 | DG23: =SUM(M23) -> 0 | DJ23: =SUM(DH23-DH17)*400 -> 0 | DK23: =(DI23)*400 -> 0 | DL23: =SUM(DJ23*0.05155) -> 0 | DM23: =SUM(DJ23*0.02095) -> 0 | DN23: =SUM(DK23*7.689) -> 0 | DO23: =SUM((DL23+DM23)+20)*1.12 -> 22.4 | DP23: =SUM(S23) -> 0 | DS23: =SUM(DQ23-DQ17)*400 -> 0 | DT23: =(DR23)*400 -> 0 | DU23: =SUM(DS23*0.05155) -> 0 | DV23: =SUM(DS23*0.02095) -> 0 | DW23: =SUM(DT23*7.689) -> 0 | DX23: =SUM((DU23+DV23)+20)*1.12 -> 22.4 | DY23: =SUM(P23) -> 0 | EB23: =SUM(DZ23-DZ17)*400 -> 0 | EC23: =(EA23)*400 -> 0 | ED23: =SUM(EB23*0.05155) -> 0 | EE23: =SUM(EB23*0.02095) -> 0 | EF23: =SUM(EC23*7.689) -> 0 | EG23: =SUM((ED23+EE23)+20)*1.12 -> 22.4 | EH23: =SUM(Y23) -> 0 | EK23: =SUM(EI23-EI17)*160 -> 0 | EL23: =(EJ23)*160 -> 0 | EM23: =SUM(EK23*0.05155) -> 0 | EN23: =SUM(EK23*0.02095) -> 0 | EO23: =SUM(EL23*7.689) -> 0 | EP23: =SUM((EM23+EN23)+20)*1.12 -> 22.4 | EQ23: =SUM(AB23) -> 0 | ET23: =SUM(ER23-ER17)*160 -> 0 | EU23: =(ES23)*160 -> 0 | EV23: =SUM(ET23*0.05155) -> 0 | EW23: =SUM(ET23*0.02095) -> 0 | EX23: =SUM(EU23*7.689) -> 0 | EY23: =SUM((EV23+EW23)+20)*1.12 -> 22.4 | EZ23: =SUM(AE23) -> 0 | FC23: =SUM(FA23-FA17)*200 -> 0 | FD23: =(FB23)*200 -> 0 | FE23: =SUM(FC23*0.05155) -> 0 | FF23: =SUM(FC23*0.02095) -> 0 | FG23: =SUM(FD23*7.689) -> 0 | FH23: =SUM((FE23+FF23)+20)*1.12 -> 22.4 | FJ23: =SUM(BL23+BQ23+BZ23+CI23+CR23+DA23+DJ23+DS23+EB23+EK23+ET23+FC23) -> 0 | FK23: =SUM(BM23+BV23,CE23,CN23,CW23,DF23,DO23,DX23,EG23,EP23,EY23+FH23) -> 226.25 | FL23: =SUM(BU23,CD23,CM23,CV23,DE23,DN23,DW23,EF23,EO23,EX23,FG23) -> 0 | FM23: =SUM(FK23:FL23) -> 226.25 | FP23: =SUM(AW23) -> 0 | FS23: =SUM(FQ23-FQ17)*100 -> 0 | FT23: =SUM(FR23)*100 -> 0 | FU23: =SUM(FS23*0.05155) -> 0 | FV23: =SUM(FS23*0.02095) -> 0 | FW23: =SUM(FT23*7.689) -> 0 | FX23: =SUM(FV23+FU23+20)*1.1048 -> 22.096 | FY23: =SUM(AU23) -> 0 | GB23: =SUM(FZ23-FZ17)*100 -> 0 | GC23: =SUM(GA23)*100 -> 0 | GD23: =SUM(GB23*0.05155) -> 0 | GE23: =SUM(GB23*0.02095) -> 0 | GF23: =SUM(GC23*7.689) -> 0 | GG23: =SUM(GE23+GD23+20)*1.1048 -> 22.096 | GH23: =SUM(AY23) -> 0 | GJ23: =SUM(GI23-GI17) -> 0 | GK23: =SUM(GJ23*0.13773) -> 0 | GL23: =SUM(GJ23*0.02095) -> 0 | GM23: =SUM(GK23+GL23+2.32)*1.07 -> 2.4824 | GN23: =SUM(BA23) -> 0 | GQ23: =SUM(GO23-GO17)*40 -> 0 | GR23: =SUM(GP23)*40 -> 0 | GS23: =SUM(GQ23*0.05155) -> 0 | GT23: =SUM(GQ23*0.02095) -> 0 | GU23: =SUM(GR23*7.689) -> 0 | GV23: =SUM(GT23+GS23+20)*1.2 -> 24 | GW23: =SUM(FS23+GB23+GJ23+GQ23) -> 0 | GX23: =SUM(GV23+GM23+GG23+FX23) -> 70.6744 | GY23: =SUM(FW23+GF23+GU23) -> 0 | GZ23: =SUM(GX23:GY23) -> 70.6744 | HB23: =(FJ23+GW23) -> 0 | HC23: =(FK23+GX23) -> 296.9244 | HD23: =(FL23+GY23) -> 0 | HE23: =(HC23+HD23) -> 296.9244 | HG23: 0.05155 | HH23: 0.02095 | HI23: 7.689
B24: 44319 | F24: =SUM(D24-D23)*160 -> 0 | I24: =SUM(G24-G23)*160 -> 0 | L24: =SUM(J24-J23)*400 -> 0 | O24: =SUM(M24-M23)*400 -> 0 | R24: =SUM(P24-P23)*400 -> 0 | U24: =SUM(S24-S23)*300 -> 0 | X24: =SUM(V24-V23)*300 -> 0 | AA24: =SUM(Y24-Y23)*160 -> 0 | AD24: =SUM(AB24-AB23)*160 -> 0 | AG24: =SUM(AE24-AE23)*200 -> 0 | AJ24: =SUM(AH24-AH23)*40 -> 0 | AM24: =SUM(AK24-AK23) -> 0 | AO24: =SUM(AG24+AD24+AA24+X24+U24+R24+O24+L24+I24+F24+AJ24+AM24) -> 0 | AP24: =SUM(AG24+AJ24) -> 0 | AQ24: =SUM(AP24/AO24) -> #DIV/0! | AT24: =B24 -> 44319 | AV24: =SUM(AU24-AU23)*100 -> 0 | AX24: =SUM(AW24-AW23)*100 -> 0 | AZ24: =SUM(AY24-AY23) -> 0 | BB24: =SUM(BA24-BA23)*40 -> 0 | BD24: =SUM(AV24+AX24,AZ24,BB24) -> 0 | BJ24: =SUM(AK24) -> 0 | BN24: =SUM(G24) -> 0 | BW24: =SUM(D24) -> 0 | CF24: =SUM(S24) -> 0 | CO24: =SUM(AH24) -> 0 | CX24: =SUM(V24) -> 0 | DG24: =SUM(M24) -> 0 | DP24: =SUM(S24) -> 0 | DY24: =SUM(P24) -> 0 | EH24: =SUM(Y24) -> 0 | EQ24: =SUM(AB24) -> 0 | EZ24: =SUM(AE24) -> 0 | FP24: =SUM(AW24) -> 0 | FY24: =SUM(AU24) -> 0 | GH24: =SUM(AY24) -> 0 | GN24: =SUM(BA24) -> 0 | HG24: =SUM(HG23/#REF!) -> #REF! | HH24: =SUM(HH23/#REF!) -> #REF! | HI24: =SUM(HI23/#REF!) -> #REF!
B25: 44326 | F25: =SUM(D25-D24)*160 -> 0 | I25: =SUM(G25-G24)*160 -> 0 | L25: =SUM(J25-J24)*400 -> 0 | O25: =SUM(M25-M24)*400 -> 0 | R25: =SUM(P25-P24)*400 -> 0 | U25: =SUM(S25-S24)*300 -> 0 | X25: =SUM(V25-V24)*300 -> 0 | AA25: =SUM(Y25-Y24)*160 -> 0 | AD25: =SUM(AB25-AB24)*160 -> 0 | AG25: =SUM(AE25-AE24)*200 -> 0 | AJ25: =SUM(AH25-AH24)*40 -> 0 | AM25: =SUM(AK25-AK24) -> 0 | AO25: =SUM(AG25+AD25+AA25+X25+U25+R25+O25+L25+I25+F25+AJ25+AM25) -> 0 | AP25: =SUM(AG25+AJ25) -> 0 | AQ25: =SUM(AP25/AO25) -> #DIV/0! | AT25: =B25 -> 44326 | AV25: =SUM(AU25-AU24)*100 -> 0 | AX25: =SUM(AW25-AW24)*100 -> 0 | AZ25: =SUM(AY25-AY24) -> 0 | BB25: =SUM(BA25-BA24)*40 -> 0 | BD25: =SUM(AV25+AX25,AZ25,BB25) -> 0 | BJ25: =SUM(AK25) -> 0 | BN25: =SUM(G25) -> 0 | BW25: =SUM(D25) -> 0 | CF25: =SUM(S25) -> 0 | CO25: =SUM(AH25) -> 0 | CX25: =SUM(V25) -> 0 | DG25: =SUM(M25) -> 0 | DP25: =SUM(S25) -> 0 | DY25: =SUM(P25) -> 0 | EH25: =SUM(Y25) -> 0 | EQ25: =SUM(AB25) -> 0 | EZ25: =SUM(AE25) -> 0 | FP25: =SUM(AW25) -> 0 | FY25: =SUM(AU25) -> 0 | GH25: =SUM(AY25) -> 0 | GN25: =SUM(BA25) -> 0
B26: 44333 | F26: =SUM(D26-D25)*160 -> 0 | I26: =SUM(G26-G25)*160 -> 0 | L26: =SUM(J26-J25)*400 -> 0 | O26: =SUM(M26-M25)*400 -> 0 | R26: =SUM(P26-P25)*400 -> 0 | U26: =SUM(S26-S25)*300 -> 0 | X26: =SUM(V26-V25)*300 -> 0 | AA26: =SUM(Y26-Y25)*160 -> 0 | AD26: =SUM(AB26-AB25)*160 -> 0 | AG26: =SUM(AE26-AE25)*200 -> 0 | AJ26: =SUM(AH26-AH25)*40 -> 0 | AM26: =SUM(AK26-AK25) -> 0 | AO26: =SUM(AG26+AD26+AA26+X26+U26+R26+O26+L26+I26+F26+AJ26+AM26) -> 0 | AP26: =SUM(AG26+AJ26) -> 0 | AQ26: =SUM(AP26/AO26) -> #DIV/0! | AT26: =B26 -> 44333 | AV26: =SUM(AU26-AU25)*100 -> 0 | AX26: =SUM(AW26-AW25)*100 -> 0 | AZ26: =SUM(AY26-AY25) -> 0 | BB26: =SUM(BA26-BA25)*40 -> 0 | BD26: =SUM(AV26+AX26,AZ26,BB26) -> 0 | BJ26: =SUM(AK26) -> 0 | BN26: =SUM(G26) -> 0 | BW26: =SUM(D26) -> 0 | CF26: =SUM(S26) -> 0 | CO26: =SUM(AH26) -> 0 | CX26: =SUM(V26) -> 0 | DG26: =SUM(M26) -> 0 | DP26: =SUM(S26) -> 0 | DY26: =SUM(P26) -> 0 | EH26: =SUM(Y26) -> 0 | EQ26: =SUM(AB26) -> 0 | EZ26: =SUM(AE26) -> 0 | FP26: =SUM(AW26) -> 0 | FY26: =SUM(AU26) -> 0 | GH26: =SUM(AY26) -> 0 | GN26: =SUM(BA26) -> 0
B27: 44340 | F27: =SUM(D27-D26)*160 -> 0 | I27: =SUM(G27-G26)*160 -> 0 | L27: =SUM(J27-J26)*400 -> 0 | O27: =SUM(M27-M26)*400 -> 0 | R27: =SUM(P27-P26)*400 -> 0 | U27: =SUM(S27-S26)*300 -> 0 | X27: =SUM(V27-V26)*300 -> 0 | AA27: =SUM(Y27-Y26)*160 -> 0 | AD27: =SUM(AB27-AB26)*160 -> 0 | AG27: =SUM(AE27-AE26)*200 -> 0 | AJ27: =SUM(AH27-AH26)*40 -> 0 | AM27: =SUM(AK27-AK26) -> 0 | AO27: =SUM(AG27+AD27+AA27+X27+U27+R27+O27+L27+I27+F27+AJ27+AM27) -> 0 | AP27: =SUM(AG27+AJ27) -> 0 | AQ27: =SUM(AP27/AO27) -> #DIV/0! | AT27: =B27 -> 44340 | AV27: =SUM(AU27-AU26)*100 -> 0 | AX27: =SUM(AW27-AW26)*100 -> 0 | AZ27: =SUM(AY27-AY26) -> 0 | BB27: =SUM(BA27-BA26)*40 -> 0 | BD27: =SUM(AV27+AX27,AZ27,BB27) -> 0 | BJ27: =SUM(AK27) -> 0 | BN27: =SUM(G27) -> 0 | BW27: =SUM(D27) -> 0 | CF27: =SUM(S27) -> 0 | CO27: =SUM(AH27) -> 0 | CX27: =SUM(V27) -> 0 | DG27: =SUM(M27) -> 0 | DP27: =SUM(S27) -> 0 | DY27: =SUM(P27) -> 0 | EH27: =SUM(Y27) -> 0 | EQ27: =SUM(AB27) -> 0 | EZ27: =SUM(AE27) -> 0 | FP27: =SUM(AW27) -> 0 | FY27: =SUM(AU27) -> 0 | GH27: =SUM(AY27) -> 0 | GN27: =SUM(BA27) -> 0
B28: 44348 | F28: =SUM(D28-D27)*160 -> 0 | I28: =SUM(G28-G27)*160 -> 0 | L28: =SUM(J28-J27)*400 -> 0 | O28: =SUM(M28-M27)*400 -> 0 | R28: =SUM(P28-P27)*400 -> 0 | U28: =SUM(S28-S27)*300 -> 0 | X28: =SUM(V28-V27)*300 -> 0 | AA28: =SUM(Y28-Y27)*160 -> 0 | AD28: =SUM(AB28-AB27)*160 -> 0 | AG28: =SUM(AE28-AE27)*200 -> 0 | AJ28: =SUM(AH28-AH27)*40 -> 0 | AM28: =SUM(AK28-AK27) -> 0 | AO28: =SUM(AG28+AD28+AA28+X28+U28+R28+O28+L28+I28+F28+AJ28+AM28) -> 0 | AP28: =SUM(AG28+AJ28) -> 0 | AQ28: =SUM(AP28/AO28) -> #DIV/0! | AR28: =SUM(AO24:AO28) -> 0 | AT28: =B28 -> 44348 | AV28: =SUM(AU28-AU27)*100 -> 0 | AX28: =SUM(AW28-AW27)*100 -> 0 | AZ28: =SUM(AY28-AY27) -> 0 | BB28: =SUM(BA28-BA27)*40 -> 0 | BD28: =SUM(AV28+AX28,AZ28,BB28) -> 0 | BE28: =SUM(BC24:BD28) -> 0 | BF28: =SUM(AR28+BE28) -> 0 | BJ28: =SUM(AK28) -> 0 | BL28: =SUM(BK28-BK23) -> 0 | BM28: =SUM(BL28*0.13773+BL28*0.02095)*1.09+2.85 -> 2.85 | BN28: =SUM(G28) -> 0 | BQ28: =SUM(BO28-BO23)*160 -> 0 | BR28: =(BP28)*160 -> 0 | BS28: =SUM(BQ28*0.05155) -> 0 | BT28: =SUM(BQ28*0.02095) -> 0 | BU28: =SUM(BR28*7.689) -> 0 | BV28: =SUM(BS28+BT28)*1.11 -> 0 | BW28: =SUM(D28) -> 0 | BZ28: =SUM(BX28-BX23)*160 -> 0 | CA28: =(BY28)*160 -> 0 | CB28: =SUM(BZ28*0.05155) -> 0 | CC28: =SUM(BZ28*0.02095) -> 0 | CD28: =SUM(CA28*7.689) -> 0 | CE28: =SUM((CB28+CC28)+20)* 1.11 -> 22.2 | CF28: =SUM(S28) -> 0 | CI28: =SUM(CG28-CG23)*300 -> 0 | CJ28: =(CH28)*300 -> 0 | CK28: =SUM(CI28*0.05155) -> 0 | CL28: =SUM(CI28*0.02095) -> 0 | CM28: =SUM(CJ28*7.689) -> 0 | CN28: =SUM((CK28+CL28)+20)*1.11 -> 22.2 | CO28: =SUM(AH28) -> 0 | CR28: =(CP28-CP23)*40 -> 0 | CS28: =(CQ28)*40 -> 0 | CT28: =SUM(CR28*0.05155) -> 0 | CU28: =SUM(CR28*0.02095) -> 0 | CV28: =SUM(CS28*7.689) -> 0 | CW28: =SUM((CT28+CU28)+20)*1.11 -> 22.2 | CX28: =SUM(V28) -> 0 | DA28: =SUM(CY28-CY23)*300 -> 0 | DB28: =(CZ28)*300 -> 0 | DC28: =SUM(DA28*0.05155) -> 0 | DD28: =SUM(DA28*0.02095) -> 0 | DE28: =SUM(DB28*7.689) -> 0 | DF28: =SUM((DC28+DD28)+20)*1.12 -> 22.4 | DG28: =SUM(M28) -> 0 | DJ28: =SUM(DH28-DH23)*400 -> 0 | DK28: =(DI28)*400 -> 0 | DL28: =SUM(DJ28*0.05155) -> 0 | DM28: =SUM(DJ28*0.02095) -> 0 | DN28: =SUM(DK28*7.689) -> 0 | DO28: =SUM((DL28+DM28)+20)*1.12 -> 22.4 | DP28: =SUM(S28) -> 0 | DS28: =SUM(DQ28-DQ23)*400 -> 0 | DT28: =(DR28)*400 -> 0 | DU28: =SUM(DS28*0.05155) -> 0 | DV28: =SUM(DS28*0.02095) -> 0 | DW28: =SUM(DT28*7.689) -> 0 | DX28: =SUM((DU28+DV28)+20)*1.12 -> 22.4 | DY28: =SUM(P28) -> 0 | EB28: =SUM(DZ28-DZ23)*400 -> 0 | EC28: =(EA28)*400 -> 0 | ED28: =SUM(EB28*0.05155) -> 0 | EE28: =SUM(EB28*0.02095) -> 0 | EF28: =SUM(EC28*7.689) -> 0 | EG28: =SUM((ED28+EE28)+20)*1.12 -> 22.4 | EH28: =SUM(Y28) -> 0 | EK28: =SUM(EI28-EI23)*160 -> 0 | EL28: =(EJ28)*160 -> 0 | EM28: =SUM(EK28*0.05155) -> 0 | EN28: =SUM(EK28*0.02095) -> 0 | EO28: =SUM(EL28*7.689) -> 0 | EP28: =SUM((EM28+EN28)+20)*1.12 -> 22.4 | EQ28: =SUM(AB28) -> 0 | ET28: =SUM(ER28-ER23)*160 -> 0 | EU28: =(ES28)*160 -> 0 | EV28: =SUM(ET28*0.05155) -> 0 | EW28: =SUM(ET28*0.02095) -> 0 | EX28: =SUM(EU28*7.689) -> 0 | EY28: =SUM((EV28+EW28)+20)*1.12 -> 22.4 | EZ28: =SUM(AE28) -> 0 | FC28: =SUM(FA28-FA23)*200 -> 0 | FD28: =(FB28)*200 -> 0 | FE28: =SUM(FC28*0.05155) -> 0 | FF28: =SUM(FC28*0.02095) -> 0 | FG28: =SUM(FD28*7.689) -> 0 | FH28: =SUM((FE28+FF28)+20)*1.12 -> 22.4 | FJ28: =SUM(BL28+BQ28+BZ28+CI28+CR28+DA28+DJ28+DS28+EB28+EK28+ET28+FC28) -> 0 | FK28: =SUM(BM28+BV28,CE28,CN28,CW28,DF28,DO28,DX28,EG28,EP28,EY28+FH28) -> 226.25 | FL28: =SUM(BU28,CD28,CM28,CV28,DE28,DN28,DW28,EF28,EO28,EX28,FG28) -> 0 | FM28: =SUM(FK28:FL28) -> 226.25 | FP28: =SUM(AW28) -> 0 | FS28: =SUM(FQ28-FQ23)*100 -> 0 | FT28: =SUM(FR28)*100 -> 0 | FU28: =SUM(FS28*0.05155) -> 0 | FV28: =SUM(FS28*0.02095) -> 0 | FW28: =SUM(FT28*7.689) -> 0 | FX28: =SUM(FV28+FU28+20)*1.1048 -> 22.096 | FY28: =SUM(AU28) -> 0 | GB28: =SUM(FZ28-FZ23)*100 -> 0 | GC28: =SUM(GA28)*100 -> 0 | GD28: =SUM(GB28*0.05155) -> 0 | GE28: =SUM(GB28*0.02095) -> 0 | GF28: =SUM(GC28*7.689) -> 0 | GG28: =SUM(GE28+GD28+20)*1.1048 -> 22.096 | GH28: =SUM(AY28) -> 0 | GJ28: 2618 | GK28: =SUM(GJ28*0.13773) -> 360.57714 | GL28: =SUM(GJ28*0.02095) -> 54.8471 | GM28: =SUM(GK28+GL28+2.32)*1.07 -> 446.98634 | GN28: =SUM(BA28) -> 0 | GQ28: =SUM(GO28-GO23)*40 -> 0 | GR28: =SUM(GP28)*40 -> 0 | GS28: =SUM(GQ28*0.05155) -> 0 | GT28: =SUM(GQ28*0.02095) -> 0 | GU28: =SUM(GR28*7.689) -> 0 | GV28: =SUM(GT28+GS28+20)*1.2 -> 24 | GW28: =SUM(FS28+GB28+GJ28+GQ28) -> 2618 | GX28: =SUM(GV28+GM28+GG28+FX28) -> 515.17834 | GY28: =SUM(FW28+GF28+GU28) -> 0 | GZ28: =SUM(GX28:GY28) -> 515.17834 | HB28: =(FJ28+GW28) -> 2618 | HC28: =(FK28+GX28) -> 741.42834 | HD28: =(FL28+GY28) -> 0 | HE28: =(HC28+HD28) -> 741.42834
B29: 44354 | F29: =SUM(D29-D28)*160 -> 0 | I29: =SUM(G29-G28)*160 -> 0 | L29: =SUM(J29-J28)*400 -> 0 | O29: =SUM(M29-M28)*400 -> 0 | R29: =SUM(P29-P28)*400 -> 0 | U29: =SUM(S29-S28)*300 -> 0 | X29: =SUM(V29-V28)*300 -> 0 | AA29: =SUM(Y29-Y28)*160 -> 0 | AD29: =SUM(AB29-AB28)*160 -> 0 | AG29: =SUM(AE29-AE28)*200 -> 0 | AJ29: =SUM(AH29-AH28)*40 -> 0 | AM29: =SUM(AK29-AK28) -> 0 | AO29: =SUM(AG29+AD29+AA29+X29+U29+R29+O29+L29+I29+F29+AJ29+AM29) -> 0 | AP29: =SUM(AG29+AJ29) -> 0 | AQ29: =SUM(AP29/AO29) -> #DIV/0! | AT29: =B29 -> 44354 | AV29: =SUM(AU29-AU28)*100 -> 0 | AX29: =SUM(AW29-AW28)*100 -> 0 | AZ29: =SUM(AY29-AY28) -> 0 | BB29: =SUM(BA29-BA28)*40 -> 0 | BD29: =SUM(AV29+AX29,AZ29,BB29) -> 0 | BJ29: =SUM(AK29) -> 0 | BN29: =SUM(G29) -> 0 | BW29: =SUM(D29) -> 0 | CF29: =SUM(S29) -> 0 | CO29: =SUM(AH29) -> 0 | CX29: =SUM(V29) -> 0 | DG29: =SUM(M29) -> 0 | DP29: =SUM(S29) -> 0 | DY29: =SUM(P29) -> 0 | EH29: =SUM(Y29) -> 0 | EQ29: =SUM(AB29) -> 0 | EZ29: =SUM(AE29) -> 0 | FP29: =SUM(AW29) -> 0 | FY29: =SUM(AU29) -> 0 | GH29: =SUM(AY29) -> 0 | GN29: =SUM(BA29) -> 0
B30: 44361 | F30: =SUM(D30-D29)*160 -> 0 | I30: =SUM(G30-G29)*160 -> 0 | L30: =SUM(J30-J29)*400 -> 0 | O30: =SUM(M30-M29)*400 -> 0 | R30: =SUM(P30-P29)*400 -> 0 | U30: =SUM(S30-S29)*300 -> 0 | X30: =SUM(V30-V29)*300 -> 0 | AA30: =SUM(Y30-Y29)*160 -> 0 | AD30: =SUM(AB30-AB29)*160 -> 0 | AG30: =SUM(AE30-AE29)*200 -> 0 | AJ30: =SUM(AH30-AH29)*40 -> 0 | AM30: =SUM(AK30-AK29) -> 0 | AO30: =SUM(AG30+AD30+AA30+X30+U30+R30+O30+L30+I30+F30+AJ30+AM30) -> 0 | AP30: =SUM(AG30+AJ30) -> 0 | AQ30: =SUM(AP30/AO30) -> #DIV/0! | AT30: =B30 -> 44361 | AV30: =SUM(AU30-AU29)*100 -> 0 | AX30: =SUM(AW30-AW29)*100 -> 0 | AZ30: =SUM(AY30-AY29) -> 0 | BB30: =SUM(BA30-BA29)*40 -> 0 | BD30: =SUM(AV30+AX30,AZ30,BB30) -> 0 | BJ30: =SUM(AK30) -> 0 | BN30: =SUM(G30) -> 0 | BW30: =SUM(D30) -> 0 | CF30: =SUM(S30) -> 0 | CO30: =SUM(AH30) -> 0 | CX30: =SUM(V30) -> 0 | DG30: =SUM(M30) -> 0 | DP30: =SUM(S30) -> 0 | DY30: =SUM(P30) -> 0 | EH30: =SUM(Y30) -> 0 | EQ30: =SUM(AB30) -> 0 | EZ30: =SUM(AE30) -> 0 | FP30: =SUM(AW30) -> 0 | FY30: =SUM(AU30) -> 0 | GH30: =SUM(AY30) -> 0 | GN30: =SUM(BA30) -> 0
B31: 44368 | F31: =SUM(D31-D30)*160 -> 0 | I31: =SUM(G31-G30)*160 -> 0 | L31: =SUM(J31-J30)*400 -> 0 | O31: =SUM(M31-M30)*400 -> 0 | R31: =SUM(P31-P30)*400 -> 0 | U31: =SUM(S31-S30)*300 -> 0 | X31: =SUM(V31-V30)*300 -> 0 | AA31: =SUM(Y31-Y30)*160 -> 0 | AD31: =SUM(AB31-AB30)*160 -> 0 | AG31: =SUM(AE31-AE30)*200 -> 0 | AJ31: =SUM(AH31-AH30)*40 -> 0 | AM31: =SUM(AK31-AK30) -> 0 | AO31: =SUM(AG31+AD31+AA31+X31+U31+R31+O31+L31+I31+F31+AJ31+AM31) -> 0 | AP31: =SUM(AG31+AJ31) -> 0 | AQ31: =SUM(AP31/AO31) -> #DIV/0! | AT31: =B31 -> 44368 | AV31: =SUM(AU31-AU30)*100 -> 0 | AX31: =SUM(AW31-AW30)*100 -> 0 | AZ31: =SUM(AY31-AY30) -> 0 | BB31: =SUM(BA31-BA30)*40 -> 0 | BD31: =SUM(AV31+AX31,AZ31,BB31) -> 0 | BJ31: =SUM(AK31) -> 0 | BN31: =SUM(G31) -> 0 | BW31: =SUM(D31) -> 0 | CF31: =SUM(S31) -> 0 | CO31: =SUM(AH31) -> 0 | CX31: =SUM(V31) -> 0 | DG31: =SUM(M31) -> 0 | DP31: =SUM(S31) -> 0 | DY31: =SUM(P31) -> 0 | EH31: =SUM(Y31) -> 0 | EQ31: =SUM(AB31) -> 0 | EZ31: =SUM(AE31) -> 0 | FP31: =SUM(AW31) -> 0 | FY31: =SUM(AU31) -> 0 | GH31: =SUM(AY31) -> 0 | GN31: =SUM(BA31) -> 0
B32: 44375 | F32: =SUM(D32-D31)*160 -> 0 | I32: =SUM(G32-G31)*160 -> 0 | L32: =SUM(J32-J31)*400 -> 0 | O32: =SUM(M32-M31)*400 -> 0 | R32: =SUM(P32-P31)*400 -> 0 | U32: =SUM(S32-S31)*300 -> 0 | X32: =SUM(V32-V31)*300 -> 0 | AA32: =SUM(Y32-Y31)*160 -> 0 | AD32: =SUM(AB32-AB31)*160 -> 0 | AG32: =SUM(AE32-AE31)*200 -> 0 | AJ32: =SUM(AH32-AH31)*40 -> 0 | AM32: =SUM(AK32-AK31) -> 0 | AO32: =SUM(AG32+AD32+AA32+X32+U32+R32+O32+L32+I32+F32+AJ32+AM32) -> 0 | AP32: =SUM(AG32+AJ32) -> 0 | AQ32: =SUM(AP32/AO32) -> #DIV/0! | AT32: =B32 -> 44375 | AV32: =SUM(AU32-AU31)*100 -> 0 | AX32: =SUM(AW32-AW31)*100 -> 0 | AZ32: =SUM(AY32-AY31) -> 0 | BB32: =SUM(BA32-BA31)*40 -> 0 | BD32: =SUM(AV32+AX32,AZ32,BB32) -> 0 | BJ32: =SUM(AK32) -> 0 | BN32: =SUM(G32) -> 0 | BW32: =SUM(D32) -> 0 | CF32: =SUM(S32) -> 0 | CO32: =SUM(AH32) -> 0 | CX32: =SUM(V32) -> 0 | DG32: =SUM(M32) -> 0 | DP32: =SUM(S32) -> 0 | DY32: =SUM(P32) -> 0 | EH32: =SUM(Y32) -> 0 | EQ32: =SUM(AB32) -> 0 | EZ32: =SUM(AE32) -> 0 | FP32: =SUM(AW32) -> 0 | FY32: =SUM(AU32) -> 0 | GH32: =SUM(AY32) -> 0 | GN32: =SUM(BA32) -> 0
B33: 44378 | F33: =SUM(D33-D32)*160 -> 0 | I33: =SUM(G33-G32)*160 -> 0 | L33: =SUM(J33-J32)*400 -> 0 | O33: =SUM(M33-M32)*400 -> 0 | R33: =SUM(P33-P32)*400 -> 0 | U33: =SUM(S33-S32)*300 -> 0 | X33: =SUM(V33-V32)*300 -> 0 | AA33: =SUM(Y33-Y32)*160 -> 0 | AD33: =SUM(AB33-AB32)*160 -> 0 | AG33: =SUM(AE33-AE32)*200 -> 0 | AJ33: =SUM(AH33-AH32)*40 -> 0 | AM33: =SUM(AK33-AK32) -> 0 | AO33: =SUM(AG33+AD33+AA33+X33+U33+R33+O33+L33+I33+F33+AJ33+AM33) -> 0 | AP33: =SUM(AG33+AJ33) -> 0 | AQ33: =SUM(AP33/AO33) -> #DIV/0! | AR33: =SUM(AO29:AO33) -> 0 | AT33: =B33 -> 44378 | AV33: =SUM(AU33-AU32)*100 -> 0 | AX33: =SUM(AW33-AW32)*100 -> 0 | AZ33: =SUM(AY33-AY32) -> 0 | BB33: =SUM(BA33-BA32)*40 -> 0 | BD33: =SUM(AV33+AX33,AZ33,BB33) -> 0 | BE33: =SUM(BC29:BD33) -> 0 | BF33: =SUM(AR33+BE33) -> 0 | BJ33: =SUM(AK33) -> 0 | BL33: =SUM(BK33-BK28) -> 0 | BM33: =SUM(BL33*0.13773+BL33*0.02095)*1.09+2.85 -> 2.85 | BN33: =SUM(G33) -> 0 | BQ33: =SUM(BO33-BO28)*160 -> 0 | BR33: =(BP33)*160 -> 0 | BS33: =SUM(BQ33*0.05155) -> 0 | BT33: =SUM(BQ33*0.02095) -> 0 | BU33: =SUM(BR33*7.689) -> 0 | BV33: =SUM(BS33+BT33)*1.11 -> 0 | BW33: =SUM(D33) -> 0 | BZ33: =SUM(BX33-BX28)*160 -> 0 | CA33: =(BY33)*160 -> 0 | CB33: =SUM(BZ33*0.05155) -> 0 | CC33: =SUM(BZ33*0.02095) -> 0 | CD33: =SUM(CA33*7.689) -> 0 | CE33: =SUM((CB33+CC33)+20)* 1.11 -> 22.2 | CF33: =SUM(S33) -> 0 | CI33: =SUM(CG33-CG28)*300 -> 0 | CJ33: =(CH33)*300 -> 0 | CK33: =SUM(CI33*0.05155) -> 0 | CL33: =SUM(CI33*0.02095) -> 0 | CM33: =SUM(CJ33*7.689) -> 0 | CN33: =SUM((CK33+CL33)+20)*1.11 -> 22.2 | CO33: =SUM(AH33) -> 0 | CR33: =(CP33-CP28)*40 -> 0 | CS33: =(CQ33)*40 -> 0 | CT33: =SUM(CR33*0.05155) -> 0 | CU33: =SUM(CR33*0.02095) -> 0 | CV33: =SUM(CS33*7.689) -> 0 | CW33: =SUM((CT33+CU33)+20)*1.11 -> 22.2 | CX33: =SUM(V33) -> 0 | DA33: =SUM(CY33-CY28)*300 -> 0 | DB33: =(CZ33)*300 -> 0 | DC33: =SUM(DA33*0.05155) -> 0 | DD33: =SUM(DA33*0.02095) -> 0 | DE33: =SUM(DB33*7.689) -> 0 | DF33: =SUM((DC33+DD33)+20)*1.12 -> 22.4 | DG33: =SUM(M33) -> 0 | DJ33: =SUM(DH33-DH28)*400 -> 0 | DK33: =(DI33)*400 -> 0 | DL33: =SUM(DJ33*0.05155) -> 0 | DM33: =SUM(DJ33*0.02095) -> 0 | DN33: =SUM(DK33*7.689) -> 0 | DO33: =SUM((DL33+DM33)+20)*1.12 -> 22.4 | DP33: =SUM(S33) -> 0 | DS33: =SUM(DQ33-DQ28)*400 -> 0 | DT33: =(DR33)*400 -> 0 | DU33: =SUM(DS33*0.05155) -> 0 | DV33: =SUM(DS33*0.02095) -> 0 | DW33: =SUM(DT33*7.689) -> 0 | DX33: =SUM((DU33+DV33)+20)*1.12 -> 22.4 | DY33: =SUM(P33) -> 0 | EB33: =SUM(DZ33-DZ28)*400 -> 0 | EC33: =(EA33)*400 -> 0 | ED33: =SUM(EB33*0.05155) -> 0 | EE33: =SUM(EB33*0.02095) -> 0 | EF33: =SUM(EC33*7.689) -> 0 | EG33: =SUM((ED33+EE33)+20)*1.12 -> 22.4 | EH33: =SUM(Y33) -> 0 | EK33: =SUM(EI33-EI28)*160 -> 0 | EL33: =(EJ33)*160 -> 0 | EM33: =SUM(EK33*0.05155) -> 0 | EN33: =SUM(EK33*0.02095) -> 0 | EO33: =SUM(EL33*7.689) -> 0 | EP33: =SUM((EM33+EN33)+20)*1.12 -> 22.4 | EQ33: =SUM(AB33) -> 0 | ET33: =SUM(ER33-ER28)*160 -> 0 | EU33: =(ES33)*160 -> 0 | EV33: =SUM(ET33*0.05155) -> 0 | EW33: =SUM(ET33*0.02095) -> 0 | EX33: =SUM(EU33*7.689) -> 0 | EY33: =SUM((EV33+EW33)+20)*1.12 -> 22.4 | EZ33: =SUM(AE33) -> 0 | FC33: =SUM(FA33-FA28)*200 -> 0 | FD33: =(FB33)*200 -> 0 | FE33: =SUM(FC33*0.05155) -> 0 | FF33: =SUM(FC33*0.02095) -> 0 | FG33: =SUM(FD33*7.689) -> 0 | FH33: =SUM((FE33+FF33)+20)*1.12 -> 22.4 | FJ33: =SUM(BL33+BQ33+BZ33+CI33+CR33+DA33+DJ33+DS33+EB33+EK33+ET33+FC33) -> 0 | FK33: =SUM(BM33+BV33,CE33,CN33,CW33,DF33,DO33,DX33,EG33,EP33,EY33+FH33) -> 226.25 | FL33: =SUM(BU33,CD33,CM33,CV33,DE33,DN33,DW33,EF33,EO33,EX33,FG33) -> 0 | FM33: =SUM(FK33:FL33) -> 226.25 | FP33: =SUM(AW33) -> 0 | FS33: =SUM(FQ33-FQ28)*100 -> 0 | FT33: =SUM(FR33)*100 -> 0 | FU33: =SUM(FS33*0.05155) -> 0 | FV33: =SUM(FS33*0.02095) -> 0 | FW33: =SUM(FT33*7.689) -> 0 | FX33: =SUM(FV33+FU33+20)*1.1048 -> 22.096 | FY33: =SUM(AU33) -> 0 | GB33: =SUM(FZ33-FZ28)*100 -> 0 | GC33: =SUM(GA33)*100 -> 0 | GD33: =SUM(GB33*0.05155) -> 0 | GE33: =SUM(GB33*0.02095) -> 0 | GF33: =SUM(GC33*7.689) -> 0 | GG33: =SUM(GE33+GD33+20)*1.1048 -> 22.096 | GH33: =SUM(AY33) -> 0 | GJ33: =SUM(GI33-GI28) -> 0 | GK33: =SUM(GJ33*0.13773) -> 0 | GL33: =SUM(GJ33*0.02095) -> 0 | GM33: =SUM(GK33+GL33+2.32)*1.07 -> 2.4824 | GN33: =SUM(BA33) -> 0 | GQ33: =SUM(GO33-GO28)*40 -> 0 | GR33: =SUM(GP33)*40 -> 0 | GS33: =SUM(GQ33*0.05155) -> 0 | GT33: =SUM(GQ33*0.02095) -> 0 | GU33: =SUM(GR33*7.689) -> 0 | GV33: =SUM(GT33+GS33+20)*1.2 -> 24 | GW33: =SUM(FS33+GB33+GJ33+GQ33) -> 0 | GX33: =SUM(GV33+GM33+GG33+FX33) -> 70.6744 | GY33: =SUM(FW33+GF33+GU33) -> 0 | GZ33: =SUM(GX33:GY33) -> 70.6744 | HB33: =(FJ33+GW33) -> 0 | HC33: =(FK33+GX33) -> 296.9244 | HD33: =(FL33+GY33) -> 0 | HE33: =(HC33+HD33) -> 296.9244
B34: 44382 | F34: =SUM(D34-D33)*160 -> 0 | I34: =SUM(G34-G33)*160 -> 0 | L34: =SUM(J34-J33)*400 -> 0 | O34: =SUM(M34-M33)*400 -> 0 | R34: =SUM(P34-P33)*400 -> 0 | U34: =SUM(S34-S33)*300 -> 0 | X34: =SUM(V34-V33)*300 -> 0 | AA34: =SUM(Y34-Y33)*160 -> 0 | AD34: =SUM(AB34-AB33)*160 -> 0 | AG34: =SUM(AE34-AE33)*200 -> 0 | AJ34: =SUM(AH34-AH33)*40 -> 0 | AM34: =SUM(AK34-AK33) -> 0 | AO34: =SUM(AG34+AD34+AA34+X34+U34+R34+O34+L34+I34+F34+AJ34+AM34) -> 0 | AP34: =SUM(AG34+AJ34) -> 0 | AQ34: =SUM(AP34/AO34) -> #DIV/0! | AT34: =B34 -> 44382 | AV34: =SUM(AU34-AU33)*100 -> 0 | AX34: =SUM(AW34-AW33)*100 -> 0 | AZ34: =SUM(AY34-AY33) -> 0 | BB34: =SUM(BA34-BA33)*40 -> 0 | BD34: =SUM(AV34+AX34,AZ34,BB34) -> 0 | BJ34: =SUM(AK34) -> 0 | BN34: =SUM(G34) -> 0 | BW34: =SUM(D34) -> 0 | CF34: =SUM(S34) -> 0 | CO34: =SUM(AH34) -> 0 | CX34: =SUM(V34) -> 0 | DG34: =SUM(M34) -> 0 | DP34: =SUM(S34) -> 0 | DY34: =SUM(P34) -> 0 | EH34: =SUM(Y34) -> 0 | EQ34: =SUM(AB34) -> 0 | EZ34: =SUM(AE34) -> 0 | FP34: =SUM(AW34) -> 0 | FY34: =SUM(AU34) -> 0 | GH34: =SUM(AY34) -> 0 | GN34: =SUM(BA34) -> 0
B35: 44389 | F35: =SUM(D35-D34)*160 -> 0 | I35: =SUM(G35-G34)*160 -> 0 | L35: =SUM(J35-J34)*400 -> 0 | O35: =SUM(M35-M34)*400 -> 0 | R35: =SUM(P35-P34)*400 -> 0 | U35: =SUM(S35-S34)*300 -> 0 | X35: =SUM(V35-V34)*300 -> 0 | AA35: =SUM(Y35-Y34)*160 -> 0 | AD35: =SUM(AB35-AB34)*160 -> 0 | AG35: =SUM(AE35-AE34)*200 -> 0 | AJ35: =SUM(AH35-AH34)*40 -> 0 | AM35: =SUM(AK35-AK34) -> 0 | AO35: =SUM(AG35+AD35+AA35+X35+U35+R35+O35+L35+I35+F35+AJ35+AM35) -> 0 | AP35: =SUM(AG35+AJ35) -> 0 | AQ35: =SUM(AP35/AO35) -> #DIV/0! | AT35: =B35 -> 44389 | AV35: =SUM(AU35-AU34)*100 -> 0 | AX35: =SUM(AW35-AW34)*100 -> 0 | AZ35: =SUM(AY35-AY34) -> 0 | BB35: =SUM(BA35-BA34)*40 -> 0 | BD35: =SUM(AV35+AX35,AZ35,BB35) -> 0 | BJ35: =SUM(AK35) -> 0 | BN35: =SUM(G35) -> 0 | BW35: =SUM(D35) -> 0 | CF35: =SUM(S35) -> 0 | CO35: =SUM(AH35) -> 0 | CX35: =SUM(V35) -> 0 | DG35: =SUM(M35) -> 0 | DP35: =SUM(S35) -> 0 | DY35: =SUM(P35) -> 0 | EH35: =SUM(Y35) -> 0 | EQ35: =SUM(AB35) -> 0 | EZ35: =SUM(AE35) -> 0 | FP35: =SUM(AW35) -> 0 | FY35: =SUM(AU35) -> 0 | GH35: =SUM(AY35) -> 0 | GN35: =SUM(BA35) -> 0
B36: 44396 | F36: =SUM(D36-D35)*160 -> 0 | I36: =SUM(G36-G35)*160 -> 0 | L36: =SUM(J36-J35)*400 -> 0 | O36: =SUM(M36-M35)*400 -> 0 | R36: =SUM(P36-P35)*400 -> 0 | U36: =SUM(S36-S35)*300 -> 0 | X36: =SUM(V36-V35)*300 -> 0 | AA36: =SUM(Y36-Y35)*160 -> 0 | AD36: =SUM(AB36-AB35)*160 -> 0 | AG36: =SUM(AE36-AE35)*200 -> 0 | AJ36: =SUM(AH36-AH35)*40 -> 0 | AM36: =SUM(AK36-AK35) -> 0 | AO36: =SUM(AG36+AD36+AA36+X36+U36+R36+O36+L36+I36+F36+AJ36+AM36) -> 0 | AP36: =SUM(AG36+AJ36) -> 0 | AQ36: =SUM(AP36/AO36) -> #DIV/0! | AT36: =B36 -> 44396 | AV36: =SUM(AU36-AU35)*100 -> 0 | AX36: =SUM(AW36-AW35)*100 -> 0 | AZ36: =SUM(AY36-AY35) -> 0 | BB36: =SUM(BA36-BA35)*40 -> 0 | BD36: =SUM(AV36+AX36,AZ36,BB36) -> 0 | BJ36: =SUM(AK36) -> 0 | BN36: =SUM(G36) -> 0 | BW36: =SUM(D36) -> 0 | CF36: =SUM(S36) -> 0 | CO36: =SUM(AH36) -> 0 | CX36: =SUM(V36) -> 0 | DG36: =SUM(M36) -> 0 | DP36: =SUM(S36) -> 0 | DY36: =SUM(P36) -> 0 | EH36: =SUM(Y36) -> 0 | EQ36: =SUM(AB36) -> 0 | EZ36: =SUM(AE36) -> 0 | FP36: =SUM(AW36) -> 0 | FY36: =SUM(AU36) -> 0 | GH36: =SUM(AY36) -> 0 | GN36: =SUM(BA36) -> 0
B37: 44403 | F37: =SUM(D37-D36)*160 -> 0 | I37: =SUM(G37-G36)*160 -> 0 | L37: =SUM(J37-J36)*400 -> 0 | O37: =SUM(M37-M36)*400 -> 0 | R37: =SUM(P37-P36)*400 -> 0 | U37: =SUM(S37-S36)*300 -> 0 | X37: =SUM(V37-V36)*300 -> 0 | AA37: =SUM(Y37-Y36)*160 -> 0 | AD37: =SUM(AB37-AB36)*160 -> 0 | AG37: =SUM(AE37-AE36)*200 -> 0 | AJ37: =SUM(AH37-AH36)*40 -> 0 | AM37: =SUM(AK37-AK36) -> 0 | AO37: =SUM(AG37+AD37+AA37+X37+U37+R37+O37+L37+I37+F37+AJ37+AM37) -> 0 | AP37: =SUM(AG37+AJ37) -> 0 | AQ37: =SUM(AP37/AO37) -> #DIV/0! | AT37: =B37 -> 44403 | AV37: =SUM(AU37-AU36)*100 -> 0 | AX37: =SUM(AW37-AW36)*100 -> 0 | AZ37: =SUM(AY37-AY36) -> 0 | BB37: =SUM(BA37-BA36)*40 -> 0 | BD37: =SUM(AV37+AX37,AZ37,BB37) -> 0 | BJ37: =SUM(AK37) -> 0 | BN37: =SUM(G37) -> 0 | BW37: =SUM(D37) -> 0 | CF37: =SUM(S37) -> 0 | CO37: =SUM(AH37) -> 0 | CX37: =SUM(V37) -> 0 | DG37: =SUM(M37) -> 0 | DP37: =SUM(S37) -> 0 | DY37: =SUM(P37) -> 0 | EH37: =SUM(Y37) -> 0 | EQ37: =SUM(AB37) -> 0 | EZ37: =SUM(AE37) -> 0 | FP37: =SUM(AW37) -> 0 | FY37: =SUM(AU37) -> 0 | GH37: =SUM(AY37) -> 0 | GN37: =SUM(BA37) -> 0
B38: 44409 | F38: =SUM(D38-D37)*160 -> 0 | I38: =SUM(G38-G37)*160 -> 0 | L38: =SUM(J38-J37)*400 -> 0 | O38: =SUM(M38-M37)*400 -> 0 | R38: =SUM(P38-P37)*400 -> 0 | U38: =SUM(S38-S37)*300 -> 0 | X38: =SUM(V38-V37)*300 -> 0 | AA38: =SUM(Y38-Y37)*160 -> 0 | AD38: =SUM(AB38-AB37)*160 -> 0 | AG38: =SUM(AE38-AE37)*200 -> 0 | AJ38: =SUM(AH38-AH37)*40 -> 0 | AM38: =SUM(AK38-AK37) -> 0 | AO38: =SUM(AG38+AD38+AA38+X38+U38+R38+O38+L38+I38+F38+AJ38+AM38) -> 0 | AP38: =SUM(AG38+AJ38) -> 0 | AQ38: =SUM(AP38/AO38) -> #DIV/0! | AR38: =SUM(AO34:AO38) -> 0 | AT38: =B38 -> 44409 | AV38: =SUM(AU38-AU37)*100 -> 0 | AX38: =SUM(AW38-AW37)*100 -> 0 | AZ38: =SUM(AY38-AY37) -> 0 | BB38: =SUM(BA38-BA37)*40 -> 0 | BD38: =SUM(AV38+AX38,AZ38,BB38) -> 0 | BE38: =SUM(BC34:BD38) -> 0 | BF38: =SUM(AR38+BE38) -> 0 | BJ38: =SUM(AK38) -> 0 | BL38: =SUM(BK38-BK33) -> 0 | BM38: =SUM(BL38*0.13773+BL38*0.02095)*1.09+2.85 -> 2.85 | BN38: =SUM(G38) -> 0 | BQ38: =SUM(BO38-BO33)*160 -> 0 | BR38: =(BP38)*160 -> 0 | BS38: =SUM(BQ38*0.05155) -> 0 | BT38: =SUM(BQ38*0.02095) -> 0 | BU38: =SUM(BR38*7.689) -> 0 | BV38: =SUM(BS38+BT38)*1.11 -> 0 | BW38: =SUM(D38) -> 0 | BZ38: =SUM(BX38-BX33)*160 -> 0 | CA38: =(BY38)*160 -> 0 | CB38: =SUM(BZ38*0.05155) -> 0 | CC38: =SUM(BZ38*0.02095) -> 0 | CD38: =SUM(CA38*7.689) -> 0 | CE38: =SUM((CB38+CC38)+20)* 1.11 -> 22.2 | CF38: =SUM(S38) -> 0 | CI38: =SUM(CG38-CG33)*300 -> 0 | CJ38: =(CH38)*300 -> 0 | CK38: =SUM(CI38*0.05155) -> 0 | CL38: =SUM(CI38*0.02095) -> 0 | CM38: =SUM(CJ38*7.689) -> 0 | CN38: =SUM((CK38+CL38)+20)*1.11 -> 22.2 | CO38: =SUM(AH38) -> 0 | CR38: =(CP38-CP33)*40 -> 0 | CS38: =(CQ38)*40 -> 0 | CT38: =SUM(CR38*0.05155) -> 0 | CU38: =SUM(CR38*0.02095) -> 0 | CV38: =SUM(CS38*7.689) -> 0 | CW38: =SUM((CT38+CU38)+20)*1.11 -> 22.2 | CX38: =SUM(V38) -> 0 | DA38: =SUM(CY38-CY33)*300 -> 0 | DB38: =(CZ38)*300 -> 0 | DC38: =SUM(DA38*0.05155) -> 0 | DD38: =SUM(DA38*0.02095) -> 0 | DE38: =SUM(DB38*7.689) -> 0 | DF38: =SUM((DC38+DD38)+20)*1.12 -> 22.4 | DG38: =SUM(M38) -> 0 | DJ38: =SUM(DH38-DH33)*400 -> 0 | DK38: =(DI38)*400 -> 0 | DL38: =SUM(DJ38*0.05155) -> 0 | DM38: =SUM(DJ38*0.02095) -> 0 | DN38: =SUM(DK38*7.689) -> 0 | DO38: =SUM((DL38+DM38)+20)*1.12 -> 22.4 | DP38: =SUM(S38) -> 0 | DS38: =SUM(DQ38-DQ33)*400 -> 0 | DT38: =(DR38)*400 -> 0 | DU38: =SUM(DS38*0.05155) -> 0 | DV38: =SUM(DS38*0.02095) -> 0 | DW38: =SUM(DT38*7.689) -> 0 | DX38: =SUM((DU38+DV38)+20)*1.12 -> 22.4 | DY38: =SUM(P38) -> 0 | EB38: =SUM(DZ38-DZ33)*400 -> 0 | EC38: =(EA38)*400 -> 0 | ED38: =SUM(EB38*0.05155) -> 0 | EE38: =SUM(EB38*0.02095) -> 0 | EF38: =SUM(EC38*7.689) -> 0 | EG38: =SUM((ED38+EE38)+20)*1.12 -> 22.4 | EH38: =SUM(Y38) -> 0 | EK38: =SUM(EI38-EI33)*160 -> 0 | EL38: =(EJ38)*160 -> 0 | EM38: =SUM(EK38*0.05155) -> 0 | EN38: =SUM(EK38*0.02095) -> 0 | EO38: =SUM(EL38*7.689) -> 0 | EP38: =SUM((EM38+EN38)+20)*1.12 -> 22.4 | EQ38: =SUM(AB38) -> 0 | ET38: =SUM(ER38-ER33)*160 -> 0 | EU38: =(ES38)*160 -> 0 | EV38: =SUM(ET38*0.05155) -> 0 | EW38: =SUM(ET38*0.02095) -> 0 | EX38: =SUM(EU38*7.689) -> 0 | EY38: =SUM((EV38+EW38)+20)*1.12 -> 22.4 | EZ38: =SUM(AE38) -> 0 | FC38: =SUM(FA38-FA33)*200 -> 0 | FD38: =(FB38)*200 -> 0 | FE38: =SUM(FC38*0.05155) -> 0 | FF38: =SUM(FC38*0.02095) -> 0 | FG38: =SUM(FD38*7.689) -> 0 | FH38: =SUM((FE38+FF38)+20)*1.12 -> 22.4 | FJ38: =SUM(BL38+BQ38+BZ38+CI38+CR38+DA38+DJ38+DS38+EB38+EK38+ET38+FC38) -> 0 | FK38: =SUM(BM38+BV38,CE38,CN38,CW38,DF38,DO38,DX38,EG38,EP38,EY38+FH38) -> 226.25 | FL38: =SUM(BU38,CD38,CM38,CV38,DE38,DN38,DW38,EF38,EO38,EX38,FG38) -> 0 | FM38: =SUM(FK38:FL38) -> 226.25 | FP38: =SUM(AW38) -> 0 | FS38: =SUM(FQ38-FQ33)*100 -> 0 | FT38: =SUM(FR38)*100 -> 0 | FU38: =SUM(FS38*0.05155) -> 0 | FV38: =SUM(FS38*0.02095) -> 0 | FW38: =SUM(FT38*7.689) -> 0 | FX38: =SUM(FV38+FU38+20)*1.1048 -> 22.096 | FY38: =SUM(AU38) -> 0 | GB38: =SUM(FZ38-FZ33)*100 -> 0 | GC38: =SUM(GA38)*100 -> 0 | GD38: =SUM(GB38*0.05155) -> 0 | GE38: =SUM(GB38*0.02095) -> 0 | GF38: =SUM(GC38*7.689) -> 0 | GG38: =SUM(GE38+GD38+20)*1.1048 -> 22.096 | GH38: =SUM(AY38) -> 0 | GJ38: =SUM(GI38-GI33) -> 0 | GK38: =SUM(GJ38*0.13773) -> 0 | GL38: =SUM(GJ38*0.02095) -> 0 | GM38: =SUM(GK38+GL38+2.32)*1.07 -> 2.4824 | GN38: =SUM(BA38) -> 0 | GQ38: =SUM(GO38-GO33)*40 -> 0 | GR38: =SUM(GP38)*40 -> 0 | GS38: =SUM(GQ38*0.05155) -> 0 | GT38: =SUM(GQ38*0.02095) -> 0 | GU38: =SUM(GR38*7.689) -> 0 | GV38: =SUM(GT38+GS38+20)*1.2 -> 24 | GW38: =SUM(FS38+GB38+GJ38+GQ38) -> 0 | GX38: =SUM(GV38+GM38+GG38+FX38) -> 70.6744 | GY38: =SUM(FW38+GF38+GU38) -> 0 | GZ38: =SUM(GX38:GY38) -> 70.6744 | HB38: =(FJ38+GW38) -> 0 | HC38: =(FK38+GX38) -> 296.9244 | HD38: =(FL38+GY38) -> 0 | HE38: =(HC38+HD38) -> 296.9244
B39: 44410 | F39: =SUM(D39-D38)*160 -> 0 | I39: =SUM(G39-G38)*160 -> 0 | L39: =SUM(J39-J38)*400 -> 0 | O39: =SUM(M39-M38)*400 -> 0 | R39: =SUM(P39-P38)*400 -> 0 | U39: =SUM(S39-S38)*300 -> 0 | X39: =SUM(V39-V38)*300 -> 0 | AA39: =SUM(Y39-Y38)*160 -> 0 | AD39: =SUM(AB39-AB38)*160 -> 0 | AG39: =SUM(AE39-AE38)*200 -> 0 | AJ39: =SUM(AH39-AH38)*40 -> 0 | AM39: =SUM(AK39-AK38) -> 0 | AO39: =SUM(AG39+AD39+AA39+X39+U39+R39+O39+L39+I39+F39+AJ39+AM39) -> 0 | AP39: =SUM(AG39+AJ39) -> 0 | AQ39: =SUM(AP39/AO39) -> #DIV/0! | AT39: =B39 -> 44410 | AV39: =SUM(AU39-AU38)*100 -> 0 | AX39: =SUM(AW39-AW38)*100 -> 0 | AZ39: =SUM(AY39-AY38) -> 0 | BB39: =SUM(BA39-BA38)*40 -> 0 | BD39: =SUM(AV39+AX39,AZ39,BB39) -> 0 | BJ39: =SUM(AK39) -> 0 | BN39: =SUM(G39) -> 0 | BW39: =SUM(D39) -> 0 | CF39: =SUM(S39) -> 0 | CO39: =SUM(AH39) -> 0 | CX39: =SUM(V39) -> 0 | DG39: =SUM(M39) -> 0 | DP39: =SUM(S39) -> 0 | DY39: =SUM(P39) -> 0 | EH39: =SUM(Y39) -> 0 | EQ39: =SUM(AB39) -> 0 | EZ39: =SUM(AE39) -> 0 | FP39: =SUM(AW39) -> 0 | FY39: =SUM(AU39) -> 0 | GH39: =SUM(AY39) -> 0 | GN39: =SUM(BA39) -> 0
B40: 44417 | F40: =SUM(D40-D39)*160 -> 0 | I40: =SUM(G40-G39)*160 -> 0 | L40: =SUM(J40-J39)*400 -> 0 | O40: =SUM(M40-M39)*400 -> 0 | R40: =SUM(P40-P39)*400 -> 0 | U40: =SUM(S40-S39)*300 -> 0 | X40: =SUM(V40-V39)*300 -> 0 | AA40: =SUM(Y40-Y39)*160 -> 0 | AD40: =SUM(AB40-AB39)*160 -> 0 | AG40: =SUM(AE40-AE39)*200 -> 0 | AJ40: =SUM(AH40-AH39)*40 -> 0 | AM40: =SUM(AK40-AK39) -> 0 | AO40: =SUM(AG40+AD40+AA40+X40+U40+R40+O40+L40+I40+F40+AJ40+AM40) -> 0 | AP40: =SUM(AG40+AJ40) -> 0 | AQ40: =SUM(AP40/AO40) -> #DIV/0! | AT40: =B40 -> 44417 | AV40: =SUM(AU40-AU39)*100 -> 0 | AX40: =SUM(AW40-AW39)*100 -> 0 | AZ40: =SUM(AY40-AY39) -> 0 | BB40: =SUM(BA40-BA39)*40 -> 0 | BD40: =SUM(AV40+AX40,AZ40,BB40) -> 0 | BJ40: =SUM(AK40) -> 0 | BN40: =SUM(G40) -> 0 | BW40: =SUM(D40) -> 0 | CF40: =SUM(S40) -> 0 | CO40: =SUM(AH40) -> 0 | CX40: =SUM(V40) -> 0 | DG40: =SUM(M40) -> 0 | DP40: =SUM(S40) -> 0 | DY40: =SUM(P40) -> 0 | EH40: =SUM(Y40) -> 0 | EQ40: =SUM(AB40) -> 0 | EZ40: =SUM(AE40) -> 0 | FP40: =SUM(AW40) -> 0 | FY40: =SUM(AU40) -> 0 | GH40: =SUM(AY40) -> 0 | GN40: =SUM(BA40) -> 0
