Workbook

Sheet TOTAL
A1: Site Name | B1: Day | C1: Month | D1: Year | E1: Total Electricity Kwh | F1: Electricity Tariff ($/Kwh) | G1: Natual Gas (m3) | H1: Natural Gas $/m3 | I1: Water Utility Supply (m3) m3 | J1: Water Utility Supply (m3) $/m3 | K1: Room Nights
A2: Istanbul at Sulatanahmet | B2: 1 | C2: 3 | D2: 2021 | E2: 1250.3 | F2: 0.62 | G2: =IF(Gas!J4<0,"0",Gas!J4) -> 0 | H2: 1.65 | I2: =IF(Water!H4<0,"0",Water!H4) -> 2 | J2: 12.28 | K2: 0
A3: Istanbul at Sulatanahmet | B3: =B2+1 -> 2 | C3: 3 | D3: 2021 | E3: 1495.9 | F3: 0.62 | G3: =IF(Gas!J5<0,"0",Gas!J5) -> 0 | H3: 1.65 | I3: =IF(Water!H5<0,"0",Water!H5) -> 2 | J3: 12.28 | K3: 0
A4: Istanbul at Sulatanahmet | B4: =B3+1 -> 3 | C4: 3 | D4: 2021 | E4: 1598 | F4: 0.62 | G4: =IF(Gas!J6<0,"0",Gas!J6) -> 0 | H4: 1.65 | I4: =IF(Water!H6<0,"0",Water!H6) -> 4 | J4: 12.28 | K4: 0
A5: Istanbul at Sulatanahmet | B5: =B4+1 -> 4 | C5: 3 | D5: 2021 | E5: =Electricity!I8 -> 0 | F5: 0.62 | G5: =IF(Gas!J7<0,"0",Gas!J7) -> 0 | H5: 1.65 | I5: =IF(Water!H7<0,"0",Water!H7) -> 0 | J5: 12.28 | K5: 0
A6: Istanbul at Sulatanahmet | B6: =B5+1 -> 5 | C6: 3 | D6: 2021 | E6: =Electricity!I9 -> 0 | F6: 0.62 | G6: =IF(Gas!J8<0,"0",Gas!J8) -> 0 | H6: 1.65 | I6: =IF(Water!H8<0,"0",Water!H8) -> 0 | J6: 12.28 | K6: 0
A7: Istanbul at Sulatanahmet | B7: =B6+1 -> 6 | C7: 3 | D7: 2021 | E7: =Electricity!I10 -> 0 | F7: 0.62 | G7: =IF(Gas!J9<0,"0",Gas!J9) -> 0 | H7: 1.65 | I7: =IF(Water!H9<0,"0",Water!H9) -> 0 | J7: 12.28 | K7: 0
A8: Istanbul at Sulatanahmet | B8: =B7+1 -> 7 | C8: 3 | D8: 2021 | E8: =Electricity!I11 -> 0 | F8: 0.62 | G8: =IF(Gas!J10<0,"0",Gas!J10) -> 0 | H8: 1.65 | I8: =IF(Water!H10<0,"0",Water!H10) -> 0 | J8: 12.28 | K8: 0
A9: Istanbul at Sulatanahmet | B9: =B8+1 -> 8 | C9: 3 | D9: 2021 | E9: =Electricity!I12 -> 0 | F9: 0.62 | G9: =IF(Gas!J11<0,"0",Gas!J11) -> 0 | H9: 1.65 | I9: =IF(Water!H11<0,"0",Water!H11) -> 0 | J9: 12.28 | K9: 0
A10: Istanbul at Sulatanahmet | B10: =B9+1 -> 9 | C10: 3 | D10: 2021 | E10: =Electricity!I13 -> 0 | F10: 0.62 | G10: =IF(Gas!J12<0,"0",Gas!J12) -> 0 | H10: 1.65 | I10: =IF(Water!H12<0,"0",Water!H12) -> 0 | J10: 12.28 | K10: 0
A11: Istanbul at Sulatanahmet | B11: =B10+1 -> 10 | C11: 3 | D11: 2021 | E11: =Electricity!I14 -> 0 | F11: 0.62 | G11: =IF(Gas!J13<0,"0",Gas!J13) -> 0 | H11: 1.65 | I11: =IF(Water!H13<0,"0",Water!H13) -> 0 | J11: 12.28 | K11: 0
A12: Istanbul at Sulatanahmet | B12: =B11+1 -> 11 | C12: 3 | D12: 2021 | E12: =Electricity!I15 -> 0 | F12: 0.62 | G12: =IF(Gas!J14<0,"0",Gas!J14) -> 0 | H12: 1.65 | I12: =IF(Water!H14<0,"0",Water!H14) -> 0 | J12: 12.28 | K12: 0
A13: Istanbul at Sulatanahmet | B13: =B12+1 -> 12 | C13: 3 | D13: 2021 | E13: =Electricity!I16 -> 0 | F13: 0.62 | G13: =IF(Gas!J15<0,"0",Gas!J15) -> 0 | H13: 1.65 | I13: =IF(Water!H15<0,"0",Water!H15) -> 0 | J13: 12.28 | K13: 0
A14: Istanbul at Sulatanahmet | B14: =B13+1 -> 13 | C14: 3 | D14: 2021 | E14: =Electricity!I17 -> 0 | F14: 0.62 | G14: =IF(Gas!J16<0,"0",Gas!J16) -> 0 | H14: 1.65 | I14: =IF(Water!H16<0,"0",Water!H16) -> 0 | J14: 12.28 | K14: 0
A15: Istanbul at Sulatanahmet | B15: =B14+1 -> 14 | C15: 3 | D15: 2021 | E15: =Electricity!I18 -> 0 | F15: 0.62 | G15: =IF(Gas!J17<0,"0",Gas!J17) -> 0 | H15: 1.65 | I15: =IF(Water!H17<0,"0",Water!H17) -> 0 | J15: 12.28 | K15: 0
A16: Istanbul at Sulatanahmet | B16: =B15+1 -> 15 | C16: 3 | D16: 2021 | E16: =Electricity!I19 -> 0 | F16: 0.62 | G16: =IF(Gas!J18<0,"0",Gas!J18) -> 0 | H16: 1.65 | I16: =IF(Water!H18<0,"0",Water!H18) -> 0 | J16: 12.28 | K16: 0
... A32: Istanbul at Sulatanahmet | B32: =B31+1 -> 31 | C32: 3 | D32: 2021 | E32: =Electricity!I35 -> 0 | F32: 0.62 | G32: =IF(Gas!J34<0,"0",Gas!J34) -> 0 | H32: 1.65 | I32: =IF(Water!H34<0,"0",Water!H34) -> 0 | J32: 12.28 | K32: 0

Sheet Water
D1: WATER CONSUMPTION , MAR.2021
B3: Occ | C3: Weather | D3: DATE | E3: İSKİ Meter Reading | F3: Tanker Meter Reading | G3: Total (cu.m.) | H3: Daily Consumption (cu.m.) | I3: Daily Target (cu.m.) | J3: 2020 | K3: 2019 | L3: 2018 | M3: 2017 | N3: 2016
D4: 44256 | E4: 8927 | F4: 1065 | G4: =E4+F4 -> 9992 | H4: =G4-[1]Feb.2021!$G$31 -> 2 | I4: 48.387 | J4: 91 | K4: 61 | L4: 44 | M4: 38 | N4: 43
D5: 44257 | E5: 8929 | F5: 1065 | G5: =E5+F5 -> 9994 | H5: =G5-G4 -> 2 | I5: 48.387 | J5: 33 | K5: 47 | L5: 46 | M5: 36 | N5: 37
D6: 44258 | E6: 8933 | F6: 1065 | G6: =E6+F6 -> 9998 | H6: =G6-G5 -> 4 | I6: 48.387 | J6: 39 | K6: 54 | L6: 42 | M6: 43 | N6: 36
D7: 44259 | F7: 1065 | G7: =E7+F7 -> 1065 | H7: =G7-G6 -> -8933 | I7: 48.387 | J7: 37 | K7: 51 | L7: 49 | M7: 32 | N7: 41
D8: 44260 | F8: 1065 | G8: =E8+F8 -> 1065 | H8: =G8-G7 -> 0 | I8: 48.387 | J8: 34 | K8: 53 | L8: 39 | M8: 37 | N8: 14
D9: 44261 | F9: 1065 | G9: =E9+F9 -> 1065 | H9: =G9-G8 -> 0 | I9: 48.387 | J9: 46 | K9: 51 | L9: 43 | M9: 24 | N9: 41
D10: 44262 | F10: 1065 | G10: =E10+F10 -> 1065 | H10: =G10-G9 -> 0 | I10: 48.387 | J10: 42 | K10: 59 | L10: 46 | M10: 39 | N10: 21
D11: 44263 | F11: 1065 | G11: =E11+F11 -> 1065 | H11: =G11-G10 -> 0 | I11: 48.387 | J11: 46 | K11: 29 | L11: 50 | M11: 39 | N11: 20
D12: 44264 | F12: 1065 | G12: =E12+F12 -> 1065 | H12: =G12-G11 -> 0 | I12: 48.387 | J12: 51 | K12: 19 | L12: 48 | M12: 35 | N12: 49
D13: 44265 | F13: 1065 | G13: =E13+F13 -> 1065 | H13: =G13-G12 -> 0 | I13: 48.387 | J13: 41 | K13: 47 | L13: 40 | M13: 45 | N13: 44
D14: 44266 | F14: 1065 | G14: =E14+F14 -> 1065 | H14: =G14-G13 -> 0 | I14: 48.387 | J14: 81 | K14: 59 | L14: 39 | M14: 34 | N14: 12
D15: 44267 | F15: 1065 | G15: =E15+F15 -> 1065 | H15: =G15-G14 -> 0 | I15: 48.387 | J15: 27 | K15: 17 | L15: 40 | M15: 32 | N15: 40
D16: 44268 | F16: 1065 | G16: =E16+F16 -> 1065 | H16: =G16-G15 -> 0 | I16: 48.387 | J16: 18 | K16: 39 | L16: 43 | M16: 32 | N16: 30
D17: 44269 | F17: 1065 | G17: =E17+F17 -> 1065 | H17: =G17-G16 -> 0 | I17: 48.387 | J17: 44 | K17: 33 | L17: 44 | M17: 27 | N17: 27
D18: 44270 | F18: 1065 | G18: =E18+F18 -> 1065 | H18: =G18-G17 -> 0 | I18: 48.387 | J18: 11 | K18: 49 | L18: 54 | M18: 44 | N18: 27
... D25: 44277 | F25: 1065 | G25: =E25+F25 -> 1065 | H25: =G25-G24 -> 0 | I25: 48.387 | J25: 23 | K25: 58 | L25: 48 | M25: 36 | N25: 31
D26: 44278 | F26: 1065 | G26: =E26+F26 -> 1065 | H26: =G26-G25 -> 0 | I26: 48.387 | J26: 8 | K26: 53 | L26: 48 | M26: 44 | N26: 29 | O26: yangın pmp test
D27: 44279 | F27: 1065 | G27: =E27+F27 -> 1065 | H27: =G27-G26 -> 0 | I27: 48.387 | J27: 8 | K27: 61 | L27: 48 | M27: 44 | N27: 27
D28: 44280 | F28: 1065 | G28: =E28+F28 -> 1065 | H28: =G28-G27 -> 0 | I28: 48.387 | J28: 9 | K28: 56 | L28: 47 | M28: 53 | N28: 38
D29: 44281 | F29: 1065 | G29: =E29+F29 -> 1065 | H29: =G29-G28 -> 0 | I29: 48.387 | J29: 12 | K29: 53 | L29: 59 | M29: 34 | N29: 35
D30: 44282 | F30: 1065 | G30: =E30+F30 -> 1065 | H30: =G30-G29 -> 0 | I30: 48.387 | J30: 8 | K30: 67 | L30: 56 | M30: 43 | N30: 47
D31: 44283 | F31: 1065 | G31: =E31+F31 -> 1065 | H31: =G31-G30 -> 0 | I31: 48.387 | J31: 10 | K31: 58 | L31: 48 | M31: 48 | N31: 48
D32: 44284 | F32: 1065 | G32: =E32+F32 -> 1065 | H32: =G32-G31 -> 0 | I32: 48.387 | J32: 21 | K32: 57 | L32: 54 | M32: 39 | N32: 36
D33: 44285 | F33: 1065 | G33: =E33+F33 -> 1065 | H33: =G33-G32 -> 0 | I33: 48.387 | J33: 9 | K33: 49 | L33: 54 | M33: 47 | N33: 32
D34: 44286 | F34: 1065 | G34: =E34+F34 -> 1065 | H34: =G34-G33 -> 0 | I34: 48.387 | J34: 13 | K34: 60 | L34: 54 | M34: 56 | N34: 72
D35: TOTAL | H35: =SUM(H4:H34) -> -8925 | I35: =SUM(I4:I34) -> 1499.997 | J35: 903 | K35: 1501 | L35: 1439 | M35: 1230 | N35: 1059
D37: BİRİM FİYAT : 12.28 TL/m3 + KDV x 91,0 = 1116,6 TL + KDV
D39: Meter readings corresponding to the dates shown above are taken the next day in the morning.

Sheet Gas
D1: NATURAL GAS CONSUMPTION , MAR.2021
B3: OCCC | C3: WEATHER | D3: DATE | E3: Boiler Room Reading | F3: Kitchen Reading | G3: Total Reading | H3: Correct. Factor | I3: Total (cu.m.) | J3: Daily Cons. (cu.m.) | K3: Daily Target (cu.m.) | L3: 2015 | M3: 2014 | N3: 2013 | O3: 2020 | P3: 2019 | Q3: 2018 | R3: 2017
D4: 44256 | E4: 760637 | F4: 172062 | G4: =E4+F4 -> 932699 | H4: 1.301116 | I4: =H4*G4 -> 1213549.6 | J4: =I4-[2]Feb.2021!$I$31 -> 0 | K4: 951.6129 | L4: 1289 | M4: 886.25 | N4: 898.738 | O4: 597 | P4: 588.8897 | Q4: 894.4 | R4: 565.07618
D5: 44257 | E5: 760637 | F5: 172062 | G5: =E5+F5 -> 932699 | H5: 1.301116 | I5: =H5*G5 -> 1213549.6 | J5: =I5-I4 -> 0 | K5: 951.6129 | L5: 1336.671 | M5: 893.75 | N5: 906.376 | O5: 740.4758 | P5: 696.42608 | Q5: 965.31345 | R5: 562.52505
D6: 44258 | E6: 760637 | F6: 172062 | G6: =E6+F6 -> 932699 | H6: 1.301116 | I6: =H6*G6 -> 1213549.6 | J6: =I6-I5 -> 0 | K6: 951.6129 | L6: 1422.405 | M6: 846.25 | N6: 956.023 | O6: 737.90023 | P6: 655.45984 | Q6: 779.72582 | R6: 514.0535
D7: 44259 | G7: =E7+F7 -> 0 | H7: 1.301116 | I7: =H7*G7 -> 0 | J7: =I7-I6 -> -1213549.6 | K7: 951.6129 | L7: 1354.857 | M7: 832.5 | N7: 933.109 | O7: 645.17978 | P7: 673.38257 | Q7: 743.63933 | R7: 484.71546
D8: 44260 | G8: =E8+F8 -> 0 | H8: 1.301116 | I8: =H8*G8 -> 0 | J8: =I8-I7 -> 0 | K8: 951.6129 | L8: 1241.844 | M8: 721.25 | N8: 882.189 | O8: 596.24399 | P8: 742.5131 | Q8: 783.59222 | R8: 553.59608
D9: 44261 | G9: =E9+F9 -> 0 | H9: 1.301116 | I9: =H9*G9 -> 0 | J9: =I9-I8 -> 0 | K9: 951.6129 | L9: 1287.309 | M9: 746.25 | N9: 846.545 | O9: 669.64768 | P9: 761.71603 | Q9: 784.88103 | R9: 769.2
D10: 44262 | G10: =E10+F10 -> 0 | H10: 1.301116 | I10: =H10*G10 -> 0 | J10: =I10-I9 -> 0 | K10: 951.6129 | L10: 1354.857 | M10: 788.75 | N10: 1033.676 | O10: 463.60224 | P10: 709.22803 | Q10: 887.98527 | R10: 802.2695
D11: 44263 | G11: =E11+F11 -> 0 | H11: 1.301116 | I11: =H11*G11 -> 0 | J11: =I11-I10 -> 0 | K11: 951.6129 | L11: 1331.475 | M11: 751.25 | N11: 1000.578 | O11: 910.46329 | P11: 716.9092 | Q11: 1047.7968 | R11: 822.87353
D12: 44264 | G12: =E12+F12 -> 0 | H12: 1.301116 | I12: =H12*G12 -> 0 | J12: =I12-I11 -> 0 | K12: 951.6129 | L12: 1383.435 | M12: 782.5 | N12: 892.373 | O12: 594.95621 | P12: 677.22316 | Q12: 939.53739 | R12: 743.0329
D13: 44265 | G13: =E13+F13 -> 0 | H13: 1.301116 | I13: =H13*G13 -> 0 | J13: =I13-I12 -> 0 | K13: 951.6129 | L13: 1326.279 | M13: 783.75 | N13: 990.394 | O13: 631.01416 | P13: 668.26179 | Q13: 845.45477 | R13: 642.58825
D14: 44266 | G14: =E14+F14 -> 0 | H14: 1.301116 | I14: =H14*G14 -> 0 | J14: =I14-I13 -> 0 | K14: 951.6129 | L14: 1226.256 | M14: 857.5 | N14: 1173.706 | O14: 697.97893 | P14: 741.2329 | Q14: 759.10497 | R14: 788.10422
D15: 44267 | G15: =E15+F15 -> 0 | H15: 1.301116 | I15: =H15*G15 -> 0 | J15: =I15-I14 -> 0 | K15: 951.6129 | L15: 935.28 | M15: 786.25 | N15: 1264.089 | O15: 637.45308 | P15: 730.99134 | Q15: 831.27794 | R15: 573.04964
D16: 44268 | G16: =E16+F16 -> 0 | H16: 1.301116 | I16: =H16*G16 -> 0 | J16: =I16-I15 -> 0 | K16: 951.6129 | L16: 1063.881 | M16: 825 | N16: 1218.261 | O16: 602.68291 | P16: 700.26667 | Q16: 973.04627 | R16: 633.57398
D17: 44269 | G17: =E17+F17 -> 0 | H17: 1.301116 | I17: =H17*G17 -> 0 | J17: =I17-I16 -> 0 | K17: 951.6129 | L17: 1088.562 | M17: 845 | N17: 1138.062 | O17: 627.15081 | P17: 684.90433 | Q17: 930.51577 | R17: 619.40871
D18: 44270 | G18: =E18+F18 -> 0 | H18: 1.301116 | I18: =H18*G18 -> 0 | J18: =I18-I17 -> 0 | K18: 951.6129 | L18: 1121.037 | M18: 845 | N18: 1089.688 | O18: 721.15904 | P18: 645.21828 | Q18: 947.2702 | R18: 593.65367
... D34: 44286 | G34: =E34+F34 -> 0 | H34: 1.301116 | I34: =H34*G34 -> 0 | J34: =I34-I33 -> 0 | K34: 951.6129 | L34: 846.296 | M34: 1239.246 | N34: 1206.804 | O34: 257.5568 | P34: 1017.9987 | Q34: 869.94202 | R34: 803.55725
D35: TOTAL | J35: =SUM(J4:J34) -> -1213549.6 | K35: =SUM(K4:K34) -> 29500 | L35: 32854.127 | M35: 33137.478 | N35: 33122.187 | O35: 16725.207 | P35: 22329.487 | Q35: 27269.753 | R35: 21972.191
L37: =+AVERAGE(J4:J8) -> -242709.92 | M37: =+(L37*31) -> -7524007.5
D38: BİRİM FİYAT : 1.655 TL/m3 + KDV x 1764,5 = 2796,4 TL + KDV
D39: Meter readings corresponding to the dates shown above are taken the next day in the morning.

Sheet Electricity
E1: ELECTRICITY CONSUMPTION , MART.2021 | Q1: REACTIVE / ACTIVE CONSUMPTIONS , MART.2021 | Z1: CAPACITIVE / ACTIVE CONSUMPTIONS , MART.2021 | AI1: ELECTRICITY CONSUMPTION , MART.2021
C3: Occ. Rooms | D3: Weather C | E3: DATE | F3: Meter Reading (Active) | G3: Meter Multiplier | H3: Total (kWh) | I3: Daily Consumption (kWh) | J3: Daily Target (kWh) | K3: 2020 | L3: 2019 | M3: 2018 | N3: 2017 | Q3: DATE | R3: Meter Reading (Reactive) | S3: Meter Multiplier | T3: Total Reactive (kWh) | U3: Daily Reactive Cons. (kWh) | V3: Daily Active Cons. (kWh) | W3: Reactive / Active (%) | X3: Limit (%) | Z3: DATE | AA3: Meter Reading (Reactive) | AB3: Meter Multiplier | AC3: Total Reactive (kWh) | AD3: Daily Capacitive Cons. (kWh) | AE3: Daily Active Cons. (kWh) | AF3: Capacitive / Active (%) | AG3: Limit (%) | AI3: DATE | AJ3: Meter Reading (Active) | AK3: T1 | AL3: T2 | AM3: T3 | AN3: Meter Multiplier | AO3: T1 | AQ3: T2 | AS3: T3 | AV3: Total (kWh) | AW3: Daily Consumption (kWh) | AX3: Daily Target (kWh)
C4: 1300 | D4: 3200 | E4: 44256 | F4: 4638.014 | G4: 2760 | H4: =G4*F4 -> 12800919 | I4: =+(H4-[4]Feb.2021!$G$31) -> 1250.28 | N4: 4603.68 | Q4: 44256 | R4: 123.986 | S4: 2760 | T4: =S4*R4 -> 342201.36 | U4: =+(T4-[4]Feb.2021!$R$31) -> 52.44 | V4: =I4 -> 1250.28 | W4: =U4/V4 -> 0.041942605 | X4: 0.2 | Z4: 44256 | AA4: 164.654 | AB4: 2760 | AC4: =AB4*AA4 -> 454445.04 | AD4: =+(AC4-[4]Feb.2021!$AA$31) -> 49.68 | AE4: =I4 -> 1250.28 | AF4: =AD4/AE4 -> 0.039735099 | AG4: 0.15 | AI4: 44256 | AJ4: 4586.832 | AK4: 2347.685 | AL4: 1013.643 | AM4: 1225.504 | AN4: 2760 | AO4: =+(AK4*$AN$4) -> 6479610.6 | AP4: 4523.64 | AQ4: =+(AL4*$AN$4) -> 2797654.7 | AR4: 1686.36 | AS4: =+(AM4*$AN$4) -> 3382391 | AT4: 1959.6 | AU4: =+(AP4+AR4+AT4) -> 8169.6 | AV4: =AN4*AJ4 -> 12659656 | AW4: =+(I4) -> 1250.28 | AX4: =+(J4) -> 0
C5: 1000 | D5: 3400 | E5: 44257 | F5: 4638.556 | G5: 2760 | H5: =G5*F5 -> 12802415 | I5: =+(H5-H4) -> 1495.92 | J5: 7258.0645 | K5: 6541.2 | L5: 6414.24 | M5: 5956.08 | N5: 4584.36 | Q5: 44257 | R5: 124.027 | S5: 2760 | T5: =S5*R5 -> 342314.52 | U5: =T5-T4 -> 113.16 | V5: =I5 -> 1495.92 | W5: =U5/V5 -> 0.075645756 | X5: 0.2 | Z5: 44257 | AA5: 164.674 | AB5: 2760 | AC5: =AB5*AA5 -> 454500.24 | AD5: =AC5-AC4 -> 55.2 | AE5: =I5 -> 1495.92 | AF5: =AD5/AE5 -> 0.036900369 | AG5: 0.15 | AI5: 44257 | AJ5: 4587.477 | AK5: 2348.005 | AL5: 1013.77 | AM5: 1225.703 | AN5: 2760 | AO5: =+(AK5*$AN$4) -> 6480493.8 | AP5: =+(AO5-AO4) -> 883.2 | AQ5: =+(AL5*$AN$4) -> 2798005.2 | AR5: =+(AQ5-AQ4) -> 350.52 | AS5: =+(AM5*$AN$4) -> 3382940.3 | AT5: =+(AS5-AS4) -> 549.24 | AU5: =+(AP5+AR5+AT5) -> 1782.96 | AV5: =AN5*AJ5 -> 12661437 | AW5: =+(I5) -> 1495.92 | AX5: =+(J5) -> 7258.0645
C6: 1000 | D6: 3200 | E6: 44258 | F6: 4639.135 | G6: 2760 | H6: =G6*F6 -> 12804013 | I6: =+(H6-H5) -> 1598.04 | J6: 7258.0645 | K6: 6127.2 | L6: 6524.64 | M6: 5889.84 | N6: 4438.08 | Q6: 44258 | R6: 124.063 | S6: 2760 | T6: =S6*R6 -> 342413.88 | U6: =T6-T5 -> 99.36 | V6: =I6 -> 1598.04 | W6: =U6/V6 -> 0.062176166 | X6: 0.2 | Z6: 44258 | AA6: 164.693 | AB6: 2760 | AC6: =AB6*AA6 -> 454552.68 | AD6: =AC6-AC5 -> 52.44 | AE6: =I6 -> 1598.04 | AF6: =AD6/AE6 -> 0.032815199 | AG6: 0.15 | AI6: 44258 | AJ6: 4588.068 | AK6: 2348.324 | AL6: 1013.877 | AM6: 1225.865 | AN6: 2760 | AO6: =+(AK6*$AN$4) -> 6481374.2 | AP6: =+(AO6-AO5) -> 880.44 | AQ6: =+(AL6*$AN$4) -> 2798300.5 | AR6: =+(AQ6-AQ5) -> 295.32 | AS6: =+(AM6*$AN$4) -> 3383387.4 | AT6: =+(AS6-AS5) -> 447.12 | AU6: =+(AP6+AR6+AT6) -> 1622.88 | AV6: =AN6*AJ6 -> 12663068 | AW6: =+(I6) -> 1598.04 | AX6: =+(J6) -> 7258.0645
C7: 700 | D7: 3300 | E7: 44259 | G7: 2760 | H7: =G7*F7 -> 0 | I7: =+(H7-H6) -> -12804013 | J7: 7258.0645 | K7: 6599.16 | L7: 6248.64 | M7: 6080.28 | N7: 4559.52 | Q7: 44259 | S7: 2760 | T7: =S7*R7 -> 0 | U7: =T7-T6 -> -342413.88 | V7: =I7 -> -12804013 | W7: =U7/V7 -> 0.026742701 | X7: 0.2 | Z7: 44259 | AB7: 2760 | AC7: =AB7*AA7 -> 0 | AD7: =AC7-AC6 -> -454552.68 | AE7: =I7 -> -12804013 | AF7: =AD7/AE7 -> 0.035500799 | AG7: 0.15 | AI7: 44259 | AN7: 2760 | AO7: =+(AK7*$AN$4) -> 0 | AP7: =+(AO7-AO6) -> -6481374.2 | AQ7: =+(AL7*$AN$4) -> 0 | AR7: =+(AQ7-AQ6) -> -2798300.5 | AS7: =+(AM7*$AN$4) -> 0 | AT7: =+(AS7-AS6) -> -3383387.4 | AU7: =+(AP7+AR7+AT7) -> -12663062 | AV7: =AN7*AJ7 -> 0 | AW7: =+(I7) -> -12804013 | AX7: =+(J7) -> 7258.0645
C8: 700 | D8: 2900 | E8: 44260 | G8: 2760 | H8: =G8*F8 -> 0 | I8: =+(H8-H7) -> 0 | J8: 7258.0645 | K8: 6292.8 | L8: 5986.44 | M8: 5544.84 | N8: 4562.28 | Q8: 44260 | S8: 2760 | T8: =S8*R8 -> 0 | U8: =T8-T7 -> 0 | V8: =I8 -> 0 | W8: =U8/V8 -> #DIV/0! | X8: 0.2 | Z8: 44260 | AB8: 2760 | AC8: =AB8*AA8 -> 0 | AD8: =AC8-AC7 -> 0 | AE8: =I8 -> 0 | AF8: =AD8/AE8 -> #DIV/0! | AG8: 0.15 | AI8: 44260 | AN8: 2760 | AO8: =+(AK8*$AN$4) -> 0 | AP8: =+(AO8-AO7) -> 0 | AQ8: =+(AL8*$AN$4) -> 0 | AR8: =+(AQ8-AQ7) -> 0 | AS8: =+(AM8*$AN$4) -> 0 | AT8: =+(AS8-AS7) -> 0 | AU8: =+(AP8+AR8+AT8) -> 0 | AV8: =AN8*AJ8 -> 0 | AW8: =+(I8) -> 0 | AX8: =+(#REF!) -> #REF!
C9: 1500 | D9: 2600 | E9: 44261 | G9: 2760 | H9: =G9*F9 -> 0 | I9: =+(H9-H8) -> 0 | J9: 7258.0645 | K9: 6552.24 | L9: 6524.64 | M9: 5898.12 | N9: 4805.16 | Q9: 44261 | S9: 2760 | T9: =S9*R9 -> 0 | U9: =T9-T8 -> 0 | V9: =I9 -> 0 | W9: =U9/V9 -> #DIV/0! | X9: 0.2 | Z9: 44261 | AB9: 2760 | AC9: =AB9*AA9 -> 0 | AD9: =AC9-AC8 -> 0 | AE9: =I9 -> 0 | AF9: =AD9/AE9 -> #DIV/0! | AG9: 0.15 | AI9: 44261 | AN9: 2760 | AO9: =+(AK9*$AN$4) -> 0 | AP9: =+(AO9-AO8) -> 0 | AQ9: =+(AL9*$AN$4) -> 0 | AR9: =+(AQ9-AQ8) -> 0 | AS9: =+(AM9*$AN$4) -> 0 | AT9: =+(AS9-AS8) -> 0 | AU9: =+(AP9+AR9+AT9) -> 0 | AV9: =AN9*AJ9 -> 0 | AW9: =+(I9) -> 0 | AX9: =+(J9) -> 7258.0645
C10: 1900 | D10: 2700 | E10: 44262 | G10: 2760 | H10: =G10*F10 -> 0 | I10: =+(H10-H9) -> 0 | J10: 7258.0645 | K10: 6381.12 | L10: 6240.36 | M10: 5796 | N10: 4305.6 | Q10: 44262 | S10: 2760 | T10: =S10*R10 -> 0 | U10: =T10-T9 -> 0 | V10: =I10 -> 0 | W10: =U10/V10 -> #DIV/0! | X10: 0.2 | Z10: 44262 | AB10: 2760 | AC10: =AB10*AA10 -> 0 | AD10: =AC10-AC9 -> 0 | AE10: =I10 -> 0 | AF10: =AD10/AE10 -> #DIV/0! | AG10: 0.15 | AI10: 44262 | AN10: 2760 | AO10: =+(AK10*$AN$4) -> 0 | AP10: =+(AO10-AO9) -> 0 | AQ10: =+(AL10*$AN$4) -> 0 | AR10: =+(AQ10-AQ9) -> 0 | AS10: =+(AM10*$AN$4) -> 0 | AT10: =+(AS10-AS9) -> 0 | AU10: =+(AP10+AR10+AT10) -> 0 | AV10: =AN10*AJ10 -> 0 | AW10: =+(I10) -> 0 | AX10: =+(J10) -> 7258.0645
C11: 2200 | D11: 2700 | E11: 44263 | G11: 2760 | H11: =G11*F11 -> 0 | I11: =+(H11-H10) -> 0 | J11: 7258.0645 | K11: 6546.72 | L11: 6866.88 | M11: 5820.84 | N11: 4222.8 | Q11: 44263 | S11: 2760 | T11: =S11*R11 -> 0 | U11: =T11-T10 -> 0 | V11: =I11 -> 0 | W11: =U11/V11 -> #DIV/0! | X11: 0.2 | Z11: 44263 | AB11: 2760 | AC11: =AB11*AA11 -> 0 | AD11: =AC11-AC10 -> 0 | AE11: =I11 -> 0 | AF11: =AD11/AE11 -> #DIV/0! | AG11: 0.15 | AI11: 44263 | AN11: 2760 | AO11: =+(AK11*$AN$4) -> 0 | AP11: =+(AO11-AO10) -> 0 | AQ11: =+(AL11*$AN$4) -> 0 | AR11: =+(AQ11-AQ10) -> 0 | AS11: =+(AM11*$AN$4) -> 0 | AT11: =+(AS11-AS10) -> 0 | AU11: =+(AP11+AR11+AT11) -> 0 | AV11: =AN11*AJ11 -> 0 | AW11: =+(I11) -> 0 | AX11: =+(J11) -> 7258.0645
C12: 2600 | D12: 2700 | E12: 44264 | G12: 2760 | H12: =G12*F12 -> 0 | I12: =+(H12-H11) -> 0 | J12: 7258.0645 | K12: 6461.16 | L12: 6455.64 | M12: 5942.28 | N12: 4222.8 | Q12: 44264 | S12: 2760 | T12: =S12*R12 -> 0 | U12: =T12-T11 -> 0 | V12: =I12 -> 0 | W12: =U12/V12 -> #DIV/0! | X12: 0.2 | Z12: 44264 | AB12: 2760 | AC12: =AB12*AA12 -> 0 | AD12: =AC12-AC11 -> 0 | AE12: =I12 -> 0 | AF12: =AD12/AE12 -> #DIV/0! | AG12: 0.15 | AI12: 44264 | AN12: 2760 | AO12: =+(AK12*$AN$4) -> 0 | AP12: =+(AO12-AO11) -> 0 | AQ12: =+(AL12*$AN$4) -> 0 | AR12: =+(AQ12-AQ11) -> 0 | AS12: =+(AM12*$AN$4) -> 0 | AT12: =+(AS12-AS11) -> 0 | AU12: =+(AP12+AR12+AT12) -> 0 | AV12: =AN12*AJ12 -> 0 | AW12: =+(I12) -> 0 | AX12: =+(J12) -> 7258.0645
C13: 1500 | D13: 2700 | E13: 44265 | G13: 2760 | H13: =G13*F13 -> 0 | I13: =+(H13-H12) -> 0 | J13: 7258.0645 | K13: 6229.32 | L13: 6982.8 | M13: 6279 | N13: 4460.16 | Q13: 44265 | S13: 2760 | T13: =S13*R13 -> 0 | U13: =T13-T12 -> 0 | V13: =I13 -> 0 | W13: =U13/V13 -> #DIV/0! | X13: 0.2 | Z13: 44265 | AB13: 2760 | AC13: =AB13*AA13 -> 0 | AD13: =AC13-AC12 -> 0 | AE13: =I13 -> 0 | AF13: =AD13/AE13 -> #DIV/0! | AG13: 0.15 | AI13: 44265 | AN13: 2760 | AO13: =+(AK13*$AN$4) -> 0 | AP13: =+(AO13-AO12) -> 0 | AQ13: =+(AL13*$AN$4) -> 0 | AR13: =+(AQ13-AQ12) -> 0 | AS13: =+(AM13*$AN$4) -> 0 | AT13: =+(AS13-AS12) -> 0 | AU13: =+(AP13+AR13+AT13) -> 0 | AV13: =AN13*AJ13 -> 0 | AW13: =+(I13) -> 0 | AX13: =+(J13) -> 7258.0645
C14: 1800 | D14: 2700 | E14: 44266 | G14: 2760 | H14: =G14*F14 -> 0 | I14: =+(H14-H13) -> 0 | J14: 7258.0645 | K14: 6662.64 | L14: 5798.76 | M14: 6428.04 | N14: 4416 | Q14: 44266 | S14: 2760 | T14: =S14*R14 -> 0 | U14: =T14-T13 -> 0 | V14: =I14 -> 0 | W14: =U14/V14 -> #DIV/0! | X14: 0.2 | Z14: 44266 | AB14: 2760 | AC14: =AB14*AA14 -> 0 | AD14: =AC14-AC13 -> 0 | AE14: =I14 -> 0 | AF14: =AD14/AE14 -> #DIV/0! | AG14: 0.15 | AI14: 44266 | AN14: 2760 | AO14: =+(AK14*$AN$4) -> 0 | AP14: =+(AO14-AO13) -> 0 | AQ14: =+(AL14*$AN$4) -> 0 | AR14: =+(AQ14-AQ13) -> 0 | AS14: =+(AM14*$AN$4) -> 0 | AT14: =+(AS14-AS13) -> 0 | AU14: =+(AP14+AR14+AT14) -> 0 | AV14: =AN14*AJ14 -> 0 | AW14: =+(I14) -> 0 | AX14: =+(J14) -> 7258.0645
C15: 1400 | D15: 2800 | E15: 44267 | G15: 2760 | H15: =G15*F15 -> 0 | I15: =+(H15-H14) -> 0 | J15: 7258.0645 | K15: 6298.32 | L15: 5903.64 | M15: 6221.04 | N15: 4821.72 | Q15: 44267 | S15: 2760 | T15: =S15*R15 -> 0 | U15: =T15-T14 -> 0 | V15: =I15 -> 0 | W15: =U15/V15 -> #DIV/0! | X15: 0.2 | Z15: 44267 | AB15: 2760 | AC15: =AB15*AA15 -> 0 | AD15: =AC15-AC14 -> 0 | AE15: =I15 -> 0 | AF15: =AD15/AE15 -> #DIV/0! | AG15: 0.15 | AI15: 44267 | AN15: 2760 | AO15: =+(AK15*$AN$4) -> 0 | AP15: =+(AO15-AO14) -> 0 | AQ15: =+(AL15*$AN$4) -> 0 | AR15: =+(AQ15-AQ14) -> 0 | AS15: =+(AM15*$AN$4) -> 0 | AT15: =+(AS15-AS14) -> 0 | AU15: =+(AP15+AR15+AT15) -> 0 | AV15: =AN15*AJ15 -> 0 | AW15: =+(I15) -> 0 | AX15: =+(J15) -> 7258.0645
C16: 1600 | D16: 2900 | E16: 44268 | G16: 2760 | H16: =G16*F16 -> 0 | I16: =+(H16-H15) -> 0 | J16: 7258.0645 | K16: 6085.8 | L16: 6198.96 | M16: 5680.08 | N16: 4683.72 | Q16: 44268 | S16: 2760 | T16: =S16*R16 -> 0 | U16: =T16-T15 -> 0 | V16: =I16 -> 0 | W16: =U16/V16 -> #DIV/0! | X16: 0.2 | Z16: 44268 | AB16: 2760 | AC16: =AB16*AA16 -> 0 | AD16: =AC16-AC15 -> 0 | AE16: =I16 -> 0 | AF16: =AD16/AE16 -> #DIV/0! | AG16: 0.15 | AI16: 44268 | AN16: 2760 | AO16: =+(AK16*$AN$4) -> 0 | AP16: =+(AO16-AO15) -> 0 | AQ16: =+(AL16*$AN$4) -> 0 | AR16: =+(AQ16-AQ15) -> 0 | AS16: =+(AM16*$AN$4) -> 0 | AT16: =+(AS16-AS15) -> 0 | AU16: =+(AP16+AR16+AT16) -> 0 | AV16: =AN16*AJ16 -> 0 | AW16: =+(I16) -> 0 | AX16: =+(J16) -> 7258.0645
C17: 1700 | D17: 3000 | E17: 44269 | G17: 2760 | H17: =G17*F17 -> 0 | I17: =+(H17-H16) -> 0 | J17: 7258.0645 | K17: 6030.6 | L17: 6532.92 | M17: 5942.28 | N17: 4264.2 | Q17: 44269 | S17: 2760 | T17: =S17*R17 -> 0 | U17: =T17-T16 -> 0 | V17: =I17 -> 0 | W17: =U17/V17 -> #DIV/0! | X17: 0.2 | Z17: 44269 | AB17: 2760 | AC17: =AB17*AA17 -> 0 | AD17: =AC17-AC16 -> 0 | AE17: =I17 -> 0 | AF17: =AD17/AE17 -> #DIV/0! | AG17: 0.15 | AI17: 44269 | AN17: 2760 | AO17: =+(AK17*$AN$4) -> 0 | AP17: =+(AO17-AO16) -> 0 | AQ17: =+(AL17*$AN$4) -> 0 | AR17: =+(AQ17-AQ16) -> 0 | AS17: =+(AM17*$AN$4) -> 0 | AT17: =+(AS17-AS16) -> 0 | AU17: =+(AP17+AR17+AT17) -> 0 | AV17: =AN17*AJ17 -> 0 | AW17: =+(I17) -> 0 | AX17: =+(J17) -> 7258.0645
C18: 1100 | D18: 3000 | E18: 44270 | G18: 2760 | H18: =G18*F18 -> 0 | I18: =+(H18-H17) -> 0 | J18: 7258.0645 | K18: 6027.84 | L18: 6292.8 | M18: 6005.76 | N18: 4468.44 | Q18: 44270 | S18: 2760 | T18: =S18*R18 -> 0 | U18: =T18-T17 -> 0 | V18: =I18 -> 0 | W18: =U18/V18 -> #DIV/0! | X18: 0.2 | Z18: 44270 | AB18: 2760 | AC18: =AB18*AA18 -> 0 | AD18: =AC18-AC17 -> 0 | AE18: =I18 -> 0 | AF18: =AD18/AE18 -> #DIV/0! | AG18: 0.15 | AI18: 44270 | AN18: 2760 | AO18: =+(AK18*$AN$4) -> 0 | AP18: =+(AO18-AO17) -> 0 | AQ18: =+(AL18*$AN$4) -> 0 | AR18: =+(AQ18-AQ17) -> 0 | AS18: =+(AM18*$AN$4) -> 0 | AT18: =+(AS18-AS17) -> 0 | AU18: =+(AP18+AR18+AT18) -> 0 | AV18: =AN18*AJ18 -> 0 | AW18: =+(I18) -> 0 | AX18: =+(J18) -> 7258.0645
C19: 500 | D19: 3500 | E19: 44271 | G19: 2760 | H19: =G19*F19 -> 0 | I19: =+(H19-H18) -> 0 | J19: 7258.0645 | K19: 5807.04 | L19: 6240.36 | M19: 5782.2 | N19: 4509.84 | Q19: 44271 | S19: 2760 | T19: =S19*R19 -> 0 | U19: =T19-T18 -> 0 | V19: =I19 -> 0 | W19: =U19/V19 -> #DIV/0! | X19: 0.2 | Z19: 44271 | AB19: 2760 | AC19: =AB19*AA19 -> 0 | AD19: =AC19-AC18 -> 0 | AE19: =I19 -> 0 | AF19: =AD19/AE19 -> #DIV/0! | AG19: 0.15 | AI19: 44271 | AN19: 2760 | AO19: =+(AK19*$AN$4) -> 0 | AP19: =+(AO19-AO18) -> 0 | AQ19: =+(AL19*$AN$4) -> 0 | AR19: =+(AQ19-AQ18) -> 0 | AS19: =+(AM19*$AN$4) -> 0 | AT19: =+(AS19-AS18) -> 0 | AU19: =+(AP19+AR19+AT19) -> 0 | AV19: =AN19*AJ19 -> 0 | AW19: =+(I19) -> 0 | AX19: =+(J19) -> 7258.0645
C20: 500 | D20: 2700 | E20: 44272 | G20: 2760 | H20: =G20*F20 -> 0 | I20: =+(H20-H19) -> 0 | J20: 7258.0645 | K20: 5666.28 | L20: 6105.12 | M20: 5856.72 | N20: 4255.92 | Q20: 44272 | S20: 2760 | T20: =S20*R20 -> 0 | U20: =T20-T19 -> 0 | V20: =I20 -> 0 | W20: =U20/V20 -> #DIV/0! | X20: 0.2 | Z20: 44272 | AB20: 2760 | AC20: =AB20*AA20 -> 0 | AD20: =AC20-AC19 -> 0 | AE20: =I20 -> 0 | AF20: =AD20/AE20 -> #DIV/0! | AG20: 0.15 | AI20: 44272 | AN20: 2760 | AO20: =+(AK20*$AN$4) -> 0 | AP20: =+(AO20-AO19) -> 0 | AQ20: =+(AL20*$AN$4) -> 0 | AR20: =+(AQ20-AQ19) -> 0 | AS20: =+(AM20*$AN$4) -> 0 | AT20: =+(AS20-AS19) -> 0 | AU20: =+(AP20+AR20+AT20) -> 0 | AV20: =AN20*AJ20 -> 0 | AW20: =+(I20) -> 0 | AX20: =+(J20) -> 7258.0645
... C33: 900 | D33: 3000 | E33: 44285 | G33: 2760 | H33: =G33*F33 -> 0 | I33: =+(H33-H32) -> 0 | J33: 7258.0645 | K33: 2663.4 | L33: 6127.2 | M33: 6483.24 | N33: 4493.28 | Q33: 44285 | S33: 2760 | T33: =S33*R33 -> 0 | U33: =T33-T32 -> 0 | V33: =I33 -> 0 | W33: =U33/V33 -> #DIV/0! | X33: 0.2 | Z33: 44285 | AB33: 2760 | AC33: =AB33*AA33 -> 0 | AD33: =AC33-AC32 -> 0 | AE33: =I33 -> 0 | AF33: =AD33/AE33 -> #DIV/0! | AG33: 0.15 | AI33: 44285 | AN33: 2760 | AO33: =+(AK33*$AN$4) -> 0 | AP33: =+(AO33-AO32) -> 0 | AQ33: =+(AL33*$AN$4) -> 0 | AR33: =+(AQ33-AQ32) -> 0 | AS33: =+(AM33*$AN$4) -> 0 | AT33: =+(AS33-AS32) -> 0 | AU33: =+(AP33+AR33+AT33) -> 0 | AV33: =AN33*AJ33 -> 0 | AW33: =+(I33) -> 0 | AX33: =+(J33) -> 7258.0645
E34: 44286 | G34: 2760 | H34: =G34*F34 -> 0 | I34: =+(H34-H33) -> 0 | J34: 7258.0645 | K34: 2566.8 | L34: 6033.36 | M34: 5931.24 | N34: 5075.64 | Q34: 44286 | S34: 2760 | T34: =S34*R34 -> 0 | U34: =T34-T33 -> 0 | V34: =I34 -> 0 | W34: =U34/V34 -> #DIV/0! | X34: 0.2 | Z34: 44286 | AB34: 2760 | AC34: =AB34*AA34 -> 0 | AD34: =AC34-AC33 -> 0 | AE34: =I34 -> 0 | AF34: =AD34/AE34 -> #DIV/0! | AG34: 0.15 | AI34: 44286 | AN34: 2760 | AO34: =+(AK34*$AN$4) -> 0 | AP34: =+(AO34-AO33) -> 0 | AQ34: =+(AL34*$AN$4) -> 0 | AR34: =+(AQ34-AQ33) -> 0 | AS34: =+(AM34*$AN$4) -> 0 | AT34: =+(AS34-AS33) -> 0 | AU34: =+(AP34+AR34+AT34) -> 0 | AV34: =AN34*AJ34 -> 0 | AW34: =+(I34) -> 0 | AX34: =+(J34) -> 7258.0645
E35: 44287 | G35: 2760 | H35: =G35*F35 -> 0 | I35: =+(H35-H34) -> 0 | J35: 7258.0645 | K35: 2417.76 | L35: 6124.44 | M35: 6386.64 | S35: 2760 | T35: =S35*R35 -> 0 | U35: =T35-T34 -> 0 | V35: =I35 -> 0 | W35: =U35/V35 -> #DIV/0! | X35: 0.2 | AB35: 2760 | AC35: =AB35*AA35 -> 0 | AD35: =AC35-AC34 -> 0 | AE35: =I35 -> 0 | AF35: =AD35/AE35 -> #DIV/0! | AG35: 0.15 | AN35: 2760 | AO35: =+(AK35*$AN$4) -> 0 | AP35: =+(AO35-AO34) -> 0 | AQ35: =+(AL35*$AN$4) -> 0 | AR35: =+(AQ35-AQ34) -> 0 | AS35: =+(AM35*$AN$4) -> 0 | AT35: =+(AS35-AS34) -> 0 | AU35: =+(AP35+AR35+AT35) -> 0 | AV35: =AN35*AJ35 -> 0 | AW35: =+(I35) -> 0 | AX35: =+(J35) -> 7258.0645
E36: TOTAL | I36: =SUM(I5:I35) -> -12800919 | J36: =SUM(J5:J35) -> 225000 | K36: 146415.24 | L36: 177672.24 | M36: 141234.72 | N36: 158076.24 | Q36: TOTAL | V36: =I36 -> -12800919 | W36: =U36/V36 -> 0 | X36: 0.2 | Z36: TOTAL | AE36: =V36 -> -12800919 | AF36: =AD36/AE36 -> 0 | AG36: 0.15 | AI36: TOTAL | AP36: =SUM(AP4:AP34) -> -6475087 | AR36: =SUM(AR4:AR34) -> -2795968.3 | AT36: =SUM(AT4:AT34) -> -3380431.4 | AU36: =+(AP36+AR36+AT36) -> -12651487 | AW36: =SUM(AW4:AW33) -> -12799668 | AX36: =SUM(AX4:AX34) -> #REF!
D38: BİRİM FİYAT : 0.29 TL/m3 + KDV | E38: BİRİM FİYAT : 0.62 x 44794,8 =28668,6 TL/Kwh+KDV
