Workbook

Sheet TOTAL
A1: Site Name | B1: Day | C1: Month | D1: Year | E1: Total Electricity Kwh | F1: Electricity Tariff ($/Kwh) | G1: Natual Gas (m3) | H1: Natural Gas $/m3 | I1: Water Utility Supply (m3) m3 | J1: Water Utility Supply (m3) $/m3 | K1: Total Guests | L1: Room Nights
A2: Prague | B2: 1 | C2: 2 | D2: 2021 | E2: ='FS Prague'!B4 -> 4152 | F2: 0.099 | G2: ='FS Prague'!C4 -> 763 | H2: 0.28 | I2: ='FS Prague'!D4 -> 4 | J2: 3.272 | K2: ='FS Prague'!F4 -> 0 | L2: ='FS Prague'!G4 -> 0
A3: Prague | B3: =B2+1 -> 2 | C3: 2 | D3: 2021 | E3: ='FS Prague'!B5 -> 4128 | F3: 0.099 | G3: ='FS Prague'!C5 -> 694 | H3: 0.28 | I3: ='FS Prague'!D5 -> 5 | J3: 3.272 | K3: ='FS Prague'!F5 -> 0 | L3: ='FS Prague'!G5 -> 0
A4: Prague | B4: =B3+1 -> 3 | C4: 2 | D4: 2021 | E4: ='FS Prague'!B6 -> 4099 | F4: 0.099 | G4: ='FS Prague'!C6 -> 603 | H4: 0.28 | I4: ='FS Prague'!D6 -> 5 | J4: 3.272 | K4: ='FS Prague'!F6 -> 0 | L4: ='FS Prague'!G6 -> 0
A5: Prague | B5: =B4+1 -> 4 | C5: 2 | D5: 2021 | E5: ='FS Prague'!B7 -> 4059 | F5: 0.099 | G5: ='FS Prague'!C7 -> 659 | H5: 0.28 | I5: ='FS Prague'!D7 -> 5 | J5: 3.272 | K5: ='FS Prague'!F7 -> 0 | L5: ='FS Prague'!G7 -> 0
A6: Prague | B6: =B5+1 -> 5 | C6: 2 | D6: 2021 | E6: ='FS Prague'!B8 -> 4360 | F6: 0.099 | G6: ='FS Prague'!C8 -> 782 | H6: 0.28 | I6: ='FS Prague'!D8 -> 4 | J6: 3.272 | K6: ='FS Prague'!F8 -> 0 | L6: ='FS Prague'!G8 -> 0
A7: Prague | B7: =B6+1 -> 6 | C7: 2 | D7: 2021 | E7: ='FS Prague'!B9 -> 4217 | F7: 0.099 | G7: ='FS Prague'!C9 -> 748 | H7: 0.28 | I7: ='FS Prague'!D9 -> 4 | J7: 3.272 | K7: ='FS Prague'!F9 -> 0 | L7: ='FS Prague'!G9 -> 0
A8: Prague | B8: =B7+1 -> 7 | C8: 2 | D8: 2021 | E8: ='FS Prague'!B10 -> 4344 | F8: 0.099 | G8: ='FS Prague'!C10 -> 781 | H8: 0.28 | I8: ='FS Prague'!D10 -> 4 | J8: 3.272 | K8: ='FS Prague'!F10 -> 0 | L8: ='FS Prague'!G10 -> 0
A9: Prague | B9: =B8+1 -> 8 | C9: 2 | D9: 2021 | E9: ='FS Prague'!B11 -> 4372 | F9: 0.099 | G9: ='FS Prague'!C11 -> 842 | H9: 0.28 | I9: ='FS Prague'!D11 -> 3 | J9: 3.272 | K9: ='FS Prague'!F11 -> 0 | L9: ='FS Prague'!G11 -> 0
A10: Prague | B10: =B9+1 -> 9 | C10: 2 | D10: 2021 | E10: ='FS Prague'!B12 -> 4564 | F10: 0.099 | G10: ='FS Prague'!C12 -> 987 | H10: 0.28 | I10: ='FS Prague'!D12 -> 25 | J10: 3.272 | K10: ='FS Prague'!F12 -> 0 | L10: ='FS Prague'!G12 -> 0
A11: Prague | B11: =B10+1 -> 10 | C11: 2 | D11: 2021 | E11: ='FS Prague'!B13 -> 4409 | F11: 0.099 | G11: ='FS Prague'!C13 -> 1043 | H11: 0.28 | I11: ='FS Prague'!D13 -> 4 | J11: 3.272 | K11: ='FS Prague'!F13 -> 0 | L11: ='FS Prague'!G13 -> 0
A12: Prague | B12: =B11+1 -> 11 | C12: 2 | D12: 2021 | E12: ='FS Prague'!B14 -> 4385 | F12: 0.099 | G12: ='FS Prague'!C14 -> 992 | H12: 0.28 | I12: ='FS Prague'!D14 -> 4 | J12: 3.272 | K12: ='FS Prague'!F14 -> 0 | L12: ='FS Prague'!G14 -> 0
A13: Prague | B13: =B12+1 -> 12 | C13: 2 | D13: 2021 | E13: ='FS Prague'!B15 -> 4414 | F13: 0.099 | G13: ='FS Prague'!C15 -> 1019 | H13: 0.28 | I13: ='FS Prague'!D15 -> 3 | J13: 3.272 | K13: ='FS Prague'!F15 -> 0 | L13: ='FS Prague'!G15 -> 0
A14: Prague | B14: =B13+1 -> 13 | C14: 2 | D14: 2021 | E14: ='FS Prague'!B16 -> 4323 | F14: 0.099 | G14: ='FS Prague'!C16 -> 1011 | H14: 0.28 | I14: ='FS Prague'!D16 -> 4 | J14: 3.272 | K14: ='FS Prague'!F16 -> 0 | L14: ='FS Prague'!G16 -> 0
... A32: Prague | B32: =B31+1 -> 31 | C32: 2 | D32: 2021 | E32: ='FS Prague'!B34 -> 0 | F32: 0.099 | G32: ='FS Prague'!C34 -> 0 | H32: 0.28 | I32: ='FS Prague'!D34 -> 0 | J32: 3.272 | K32: ='FS Prague'!F34 -> 0 | L32: ='FS Prague'!G34 -> 0

Sheet FS Prague
A1: Four Seasons Hotel Prague - Utilities Daily Consumption - FEBRUARY 2021
A2: DATE | B2: Electricity | C2: Gas | D2: Water | F2: Guests | G2: Room Night | H2: MTG
B3: [kWh] | C3: [m3] | D3: [m3] | F3: in house | G3: rooms | H3: rooms
A4: 1 | B4: 4152 | C4: 763 | D4: 4 | F4: 0 | G4: 0 | H4: 0
A5: 2 | B5: 4128 | C5: 694 | D5: 5 | F5: 0 | G5: 0 | H5: 0
A6: 3 | B6: 4099 | C6: 603 | D6: 5 | F6: 0 | G6: 0 | H6: 0
A7: 4 | B7: 4059 | C7: 659 | D7: 5 | F7: 0 | G7: 0 | H7: 0
A8: 5 | B8: 4360 | C8: 782 | D8: 4 | F8: 0 | G8: 0 | H8: 0
A9: 6 | B9: 4217 | C9: 748 | D9: 4 | F9: 0 | G9: 0 | H9: 0
A10: 7 | B10: 4344 | C10: 781 | D10: 4 | F10: 0 | G10: 0 | H10: 0
A11: 8 | B11: 4372 | C11: 842 | D11: 3 | F11: 0 | G11: 0 | H11: 0
A12: 9 | B12: 4564 | C12: 987 | D12: 25 | F12: 0 | G12: 0 | H12: 0
A13: 10 | B13: 4409 | C13: 1043 | D13: 4 | F13: 0 | G13: 0 | H13: 0
A14: 11 | B14: 4385 | C14: 992 | D14: 4 | F14: 0 | G14: 0 | H14: 0
A15: 12 | B15: 4414 | C15: 1019 | D15: 3 | F15: 0 | G15: 0 | H15: 0
... A31: 28 | B31: 4246 | C31: 811 | D31: 4 | F31: 0 | G31: 0 | H31: 0
A32: 29 | F32: 0 | G32: 0 | H32: 0
A33: 30 | F33: 0 | G33: 0 | H33: 0
A34: 31 | F34: 0 | G34: 0 | H34: 0
A35: TOTAL | B35: =SUM(B4:B34) -> 118802 | C35: =SUM(C4:C34) -> 22751 | D35: =SUM(D4:D34) -> 160 | F35: =SUM(F4:F34) -> 0 | G35: =SUM(G4:G34) -> 0 | H35: =SUM(H4:H34) -> 0
A36: AVG | B36: =AVERAGE(B4:B34) -> 4242.9286 | C36: =AVERAGE(C4:C34) -> 812.53571 | D36: =AVERAGE(D4:D34) -> 5.7142857
B37: Average consumption per guest
B38: =B35/F35 -> #DIV/0! | C38: =C35/F35 -> #DIV/0! | D38: =D35/F35 -> #DIV/0!
A41: OpticLab | B41: 71908
A42: Stefano Ricci | B42: 52852
