Workbook

Sheet Total Daily 
A1: Site Name | B1: Day | C1: Month | D1: Year | E1: Total Electricity Kwh | F1: Electricity Tariff ($/Kwh) | G1: LPG (Kg) | H1: LPG $/Kg | I1: District Energy Cooling Kwh | J1: District Energy Cooling $/Kwh | K1: Water Utility Supply (m3) m3 | L1: Water Utility Supply (m3) m3 | M1: Water Utility Supply (m3) $/m3 | N1: Room Nights
A2: Dubai DIFC | B2: 1 | C2: 3 | D2: 2021 | E2: ='3 - 2021'!B8-'3 - 2021'!B7+'3 - 2021'!C8-'3 - 2021'!C7 -> 8985 | F2: 0.118 | G2: =(('3 - 2021'!E8-'3 - 2021'!E7)+('3 - 2021'!F8-'3 - 2021'!F7)+('3 - 2021'!G8-'3 - 2021'!G7))*1.81 -> 70.0289 | H2: 0.99 | I2: ='3 - 2021'!J8-'3 - 2021'!J7 -> 11401 | J2: 0.081 | K2: ='3 - 2021'!H8-'3 - 2021'!H7 -> 0 | L2: ='3 - 2021'!I8-'3 - 2021'!I7 -> 79 | M2: 4.3936294 | N2: 49
A3: Dubai DIFC | B3: =B2+1 -> 2 | C3: 3 | D3: 2021 | E3: ='3 - 2021'!B9-'3 - 2021'!B8+'3 - 2021'!C9-'3 - 2021'!C8 -> 8425 | F3: 0.118 | G3: =(('3 - 2021'!E9-'3 - 2021'!E8)+('3 - 2021'!F9-'3 - 2021'!F8)+('3 - 2021'!G9-'3 - 2021'!G8))*1.81 -> 70.2642 | H3: 0.99 | I3: ='3 - 2021'!J9-'3 - 2021'!J8 -> 11670 | J3: 0.081 | K3: ='3 - 2021'!H9-'3 - 2021'!H8 -> 0 | L3: ='3 - 2021'!I9-'3 - 2021'!I8 -> 87 | M3: 4.3936294 | N3: 49
A4: Dubai DIFC | B4: =B3+1 -> 3 | C4: 3 | D4: 2021 | E4: ='3 - 2021'!B10-'3 - 2021'!B9+'3 - 2021'!C10-'3 - 2021'!C9 -> 8849 | F4: 0.118 | G4: =(('3 - 2021'!E10-'3 - 2021'!E9)+('3 - 2021'!F10-'3 - 2021'!F9)+('3 - 2021'!G10-'3 - 2021'!G9))*1.81 -> 78.7169 | H4: 0.99 | I4: ='3 - 2021'!J10-'3 - 2021'!J9 -> 13587 | J4: 0.081 | K4: ='3 - 2021'!H10-'3 - 2021'!H9 -> 0 | L4: ='3 - 2021'!I10-'3 - 2021'!I9 -> 92 | M4: 4.3936294 | N4: 55
A5: Dubai DIFC | B5: =B4+1 -> 4 | C5: 3 | D5: 2021 | E5: ='3 - 2021'!B11-'3 - 2021'!B10+'3 - 2021'!C11-'3 - 2021'!C10 -> 9129 | F5: 0.118 | G5: =(('3 - 2021'!E11-'3 - 2021'!E10)+('3 - 2021'!F11-'3 - 2021'!F10)+('3 - 2021'!G11-'3 - 2021'!G10))*1.81 -> 77.1241 | H5: 0.99 | I5: ='3 - 2021'!J11-'3 - 2021'!J10 -> 16782 | J5: 0.081 | K5: ='3 - 2021'!H11-'3 - 2021'!H10 -> 0 | L5: ='3 - 2021'!I11-'3 - 2021'!I10 -> 87 | M5: 4.3936294 | N5: 67
A6: Dubai DIFC | B6: =B5+1 -> 5 | C6: 3 | D6: 2021 | E6: ='3 - 2021'!B12-'3 - 2021'!B11+'3 - 2021'!C12-'3 - 2021'!C11 -> 8080 | F6: 0.118 | G6: =(('3 - 2021'!E12-'3 - 2021'!E11)+('3 - 2021'!F12-'3 - 2021'!F11)+('3 - 2021'!G12-'3 - 2021'!G11))*1.81 -> 77.7938 | H6: 0.99 | I6: ='3 - 2021'!J12-'3 - 2021'!J11 -> 14959 | J6: 0.081 | K6: ='3 - 2021'!H12-'3 - 2021'!H11 -> 0 | L6: ='3 - 2021'!I12-'3 - 2021'!I11 -> 112 | M6: 4.3936294 | N6: 78
A7: Dubai DIFC | B7: =B6+1 -> 6 | C7: 3 | D7: 2021 | E7: ='3 - 2021'!B13-'3 - 2021'!B12+'3 - 2021'!C13-'3 - 2021'!C12 -> 8255 | F7: 0.118 | G7: =(('3 - 2021'!E13-'3 - 2021'!E12)+('3 - 2021'!F13-'3 - 2021'!F12)+('3 - 2021'!G13-'3 - 2021'!G12))*1.81 -> 74.2462 | H7: 0.99 | I7: ='3 - 2021'!J13-'3 - 2021'!J12 -> 16593 | J7: 0.081 | K7: ='3 - 2021'!H13-'3 - 2021'!H12 -> 0 | L7: ='3 - 2021'!I13-'3 - 2021'!I12 -> 108 | M7: 4.3936294 | N7: 72
A8: Dubai DIFC | B8: =B7+1 -> 7 | C8: 3 | D8: 2021 | E8: ='3 - 2021'!B14-'3 - 2021'!B13+'3 - 2021'!C14-'3 - 2021'!C13 -> 8141 | F8: 0.118 | G8: =(('3 - 2021'!E14-'3 - 2021'!E13)+('3 - 2021'!F14-'3 - 2021'!F13)+('3 - 2021'!G14-'3 - 2021'!G13))*1.81 -> 65.8659 | H8: 0.99 | I8: ='3 - 2021'!J14-'3 - 2021'!J13 -> 15315 | J8: 0.081 | K8: ='3 - 2021'!H14-'3 - 2021'!H13 -> 0 | L8: ='3 - 2021'!I14-'3 - 2021'!I13 -> 87 | M8: 4.3936294 | N8: 69
A9: Dubai DIFC | B9: =B8+1 -> 8 | C9: 3 | D9: 2021 | E9: ='3 - 2021'!B15-'3 - 2021'!B14+'3 - 2021'!C15-'3 - 2021'!C14 -> 8615 | F9: 0.118 | G9: =(('3 - 2021'!E15-'3 - 2021'!E14)+('3 - 2021'!F15-'3 - 2021'!F14)+('3 - 2021'!G15-'3 - 2021'!G14))*1.81 -> 72.4 | H9: 0.99 | I9: ='3 - 2021'!J15-'3 - 2021'!J14 -> 13428 | J9: 0.081 | K9: ='3 - 2021'!H15-'3 - 2021'!H14 -> 0 | L9: ='3 - 2021'!I15-'3 - 2021'!I14 -> 87 | M9: 4.3936294 | N9: 74
A10: Dubai DIFC | B10: =B9+1 -> 9 | C10: 3 | D10: 2021 | E10: ='3 - 2021'!B16-'3 - 2021'!B15+'3 - 2021'!C16-'3 - 2021'!C15 -> 9350 | F10: 0.118 | G10: =(('3 - 2021'!E16-'3 - 2021'!E15)+('3 - 2021'!F16-'3 - 2021'!F15)+('3 - 2021'!G16-'3 - 2021'!G15))*1.81 -> 75.115 | H10: 0.99 | I10: ='3 - 2021'!J16-'3 - 2021'!J15 -> 13461 | J10: 0.081 | K10: ='3 - 2021'!H16-'3 - 2021'!H15 -> 0 | L10: ='3 - 2021'!I16-'3 - 2021'!I15 -> 114 | M10: 4.3936294 | N10: 72
A11: Dubai DIFC | B11: =B10+1 -> 10 | C11: 3 | D11: 2021 | E11: ='3 - 2021'!B17-'3 - 2021'!B16+'3 - 2021'!C17-'3 - 2021'!C16 -> 8849 | F11: 0.118 | G11: =(('3 - 2021'!E17-'3 - 2021'!E16)+('3 - 2021'!F17-'3 - 2021'!F16)+('3 - 2021'!G17-'3 - 2021'!G16))*1.81 -> 81.3414 | H11: 0.99 | I11: ='3 - 2021'!J17-'3 - 2021'!J16 -> 13614 | J11: 0.081 | K11: ='3 - 2021'!H17-'3 - 2021'!H16 -> 0 | L11: ='3 - 2021'!I17-'3 - 2021'!I16 -> 69 | M11: 4.3936294 | N11: 75
A12: Dubai DIFC | B12: =B11+1 -> 11 | C12: 3 | D12: 2021 | E12: 0 | F12: 0.118 | G12: 0 | H12: 0.99 | I12: 0 | J12: 0.081 | K12: 0 | L12: 0 | M12: 4.3936294
A13: Dubai DIFC | B13: =B12+1 -> 12 | C13: 3 | D13: 2021 | E13: ='3 - 2021'!B19-'3 - 2021'!B18+'3 - 2021'!C19-'3 - 2021'!C18 -> 0 | F13: 0.118 | G13: =(('3 - 2021'!E19-'3 - 2021'!E18)+('3 - 2021'!F19-'3 - 2021'!F18)+('3 - 2021'!G19-'3 - 2021'!G18))*1.81 -> 0 | H13: 0.99 | I13: ='3 - 2021'!J19-'3 - 2021'!J18 -> 0 | J13: 0.081 | K13: ='3 - 2021'!H19-'3 - 2021'!H18 -> 0 | L13: ='3 - 2021'!I19-'3 - 2021'!I18 -> 0 | M13: 4.3936294
A14: Dubai DIFC | B14: =B13+1 -> 13 | C14: 3 | D14: 2021 | E14: ='3 - 2021'!B20-'3 - 2021'!B19+'3 - 2021'!C20-'3 - 2021'!C19 -> 0 | F14: 0.118 | G14: =(('3 - 2021'!E20-'3 - 2021'!E19)+('3 - 2021'!F20-'3 - 2021'!F19)+('3 - 2021'!G20-'3 - 2021'!G19))*1.81 -> 0 | H14: 0.99 | I14: ='3 - 2021'!J20-'3 - 2021'!J19 -> 0 | J14: 0.081 | K14: ='3 - 2021'!H20-'3 - 2021'!H19 -> 0 | L14: ='3 - 2021'!I20-'3 - 2021'!I19 -> 0 | M14: 4.3936294
A15: Dubai DIFC | B15: =B14+1 -> 14 | C15: 3 | D15: 2021 | E15: ='3 - 2021'!B21-'3 - 2021'!B20+'3 - 2021'!C21-'3 - 2021'!C20 -> 0 | F15: 0.118 | G15: =(('3 - 2021'!E21-'3 - 2021'!E20)+('3 - 2021'!F21-'3 - 2021'!F20)+('3 - 2021'!G21-'3 - 2021'!G20))*1.81 -> 0 | H15: 0.99 | I15: ='3 - 2021'!J21-'3 - 2021'!J20 -> 0 | J15: 0.081 | K15: ='3 - 2021'!H21-'3 - 2021'!H20 -> 0 | L15: ='3 - 2021'!I21-'3 - 2021'!I20 -> 0 | M15: 4.3936294
A16: Dubai DIFC | B16: =B15+1 -> 15 | C16: 3 | D16: 2021 | E16: ='3 - 2021'!B22-'3 - 2021'!B21+'3 - 2021'!C22-'3 - 2021'!C21 -> 0 | F16: 0.118 | G16: =(('3 - 2021'!E22-'3 - 2021'!E21)+('3 - 2021'!F22-'3 - 2021'!F21)+('3 - 2021'!G22-'3 - 2021'!G21))*1.81 -> 0 | H16: 0.99 | I16: ='3 - 2021'!J22-'3 - 2021'!J21 -> 0 | J16: 0.081 | K16: ='3 - 2021'!H22-'3 - 2021'!H21 -> 0 | L16: ='3 - 2021'!I22-'3 - 2021'!I21 -> 0 | M16: 4.3936294
A17: Dubai DIFC | B17: =B16+1 -> 16 | C17: 3 | D17: 2021 | E17: ='3 - 2021'!B23-'3 - 2021'!B22+'3 - 2021'!C23-'3 - 2021'!C22 -> 0 | F17: 0.118 | G17: =(('3 - 2021'!E23-'3 - 2021'!E22)+('3 - 2021'!F23-'3 - 2021'!F22)+('3 - 2021'!G23-'3 - 2021'!G22))*1.81 -> 0 | H17: 0.99 | I17: ='3 - 2021'!J23-'3 - 2021'!J22 -> 0 | J17: 0.081 | K17: ='3 - 2021'!H23-'3 - 2021'!H22 -> 0 | L17: ='3 - 2021'!I23-'3 - 2021'!I22 -> 0 | M17: 4.3936294
A18: Dubai DIFC | B18: =B17+1 -> 17 | C18: 3 | D18: 2021 | E18: ='3 - 2021'!B24-'3 - 2021'!B23+'3 - 2021'!C24-'3 - 2021'!C23 -> 0 | F18: 0.118 | G18: =(('3 - 2021'!E24-'3 - 2021'!E23)+('3 - 2021'!F24-'3 - 2021'!F23)+('3 - 2021'!G24-'3 - 2021'!G23))*1.81 -> 0 | H18: 0.99 | I18: ='3 - 2021'!J24-'3 - 2021'!J23 -> 0 | J18: 0.081 | K18: ='3 - 2021'!H24-'3 - 2021'!H23 -> 0 | L18: ='3 - 2021'!I24-'3 - 2021'!I23 -> 0 | M18: 4.3936294
A19: Dubai DIFC | B19: =B18+1 -> 18 | C19: 3 | D19: 2021 | E19: ='3 - 2021'!B25-'3 - 2021'!B24+'3 - 2021'!C25-'3 - 2021'!C24 -> 0 | F19: 0.118 | G19: =(('3 - 2021'!E25-'3 - 2021'!E24)+('3 - 2021'!F25-'3 - 2021'!F24)+('3 - 2021'!G25-'3 - 2021'!G24))*1.81 -> 0 | H19: 0.99 | I19: ='3 - 2021'!J25-'3 - 2021'!J24 -> 0 | J19: 0.081 | K19: ='3 - 2021'!H25-'3 - 2021'!H24 -> 0 | L19: ='3 - 2021'!I25-'3 - 2021'!I24 -> 0 | M19: 4.3936294
A20: Dubai DIFC | B20: =B19+1 -> 19 | C20: 3 | D20: 2021 | E20: ='3 - 2021'!B26-'3 - 2021'!B25+'3 - 2021'!C26-'3 - 2021'!C25 -> 0 | F20: 0.118 | G20: =(('3 - 2021'!E26-'3 - 2021'!E25)+('3 - 2021'!F26-'3 - 2021'!F25)+('3 - 2021'!G26-'3 - 2021'!G25))*1.81 -> 0 | H20: 0.99 | I20: ='3 - 2021'!J26-'3 - 2021'!J25 -> 0 | J20: 0.081 | K20: ='3 - 2021'!H26-'3 - 2021'!H25 -> 0 | L20: ='3 - 2021'!I26-'3 - 2021'!I25 -> 0 | M20: 4.3936294
A21: Dubai DIFC | B21: =B20+1 -> 20 | C21: 3 | D21: 2021 | E21: ='3 - 2021'!B27-'3 - 2021'!B26+'3 - 2021'!C27-'3 - 2021'!C26 -> 0 | F21: 0.118 | G21: =(('3 - 2021'!E27-'3 - 2021'!E26)+('3 - 2021'!F27-'3 - 2021'!F26)+('3 - 2021'!G27-'3 - 2021'!G26))*1.81 -> 0 | H21: 0.99 | I21: ='3 - 2021'!J27-'3 - 2021'!J26 -> 0 | J21: 0.081 | K21: ='3 - 2021'!H27-'3 - 2021'!H26 -> 0 | L21: ='3 - 2021'!I27-'3 - 2021'!I26 -> 0 | M21: 4.3936294
A22: Dubai DIFC | B22: =B21+1 -> 21 | C22: 3 | D22: 2021 | E22: ='3 - 2021'!B28-'3 - 2021'!B27+'3 - 2021'!C28-'3 - 2021'!C27 -> 0 | F22: 0.118 | G22: =(('3 - 2021'!E28-'3 - 2021'!E27)+('3 - 2021'!F28-'3 - 2021'!F27)+('3 - 2021'!G28-'3 - 2021'!G27))*1.81 -> 0 | H22: 0.99 | I22: ='3 - 2021'!J28-'3 - 2021'!J27 -> 0 | J22: 0.081 | K22: ='3 - 2021'!H28-'3 - 2021'!H27 -> 0 | L22: ='3 - 2021'!I28-'3 - 2021'!I27 -> 0 | M22: 4.3936294
A23: Dubai DIFC | B23: =B22+1 -> 22 | C23: 3 | D23: 2021 | E23: ='3 - 2021'!B29-'3 - 2021'!B28+'3 - 2021'!C29-'3 - 2021'!C28 -> 0 | F23: 0.118 | G23: =(('3 - 2021'!E29-'3 - 2021'!E28)+('3 - 2021'!F29-'3 - 2021'!F28)+('3 - 2021'!G29-'3 - 2021'!G28))*1.81 -> 0 | H23: 0.99 | I23: ='3 - 2021'!J29-'3 - 2021'!J28 -> 0 | J23: 0.081 | K23: ='3 - 2021'!H29-'3 - 2021'!H28 -> 0 | L23: ='3 - 2021'!I29-'3 - 2021'!I28 -> 0 | M23: 4.3936294
A24: Dubai DIFC | B24: =B23+1 -> 23 | C24: 3 | D24: 2021 | E24: ='3 - 2021'!B30-'3 - 2021'!B29+'3 - 2021'!C30-'3 - 2021'!C29 -> 0 | F24: 0.118 | G24: =(('3 - 2021'!E30-'3 - 2021'!E29)+('3 - 2021'!F30-'3 - 2021'!F29)+('3 - 2021'!G30-'3 - 2021'!G29))*1.81 -> 0 | H24: 0.99 | I24: ='3 - 2021'!J30-'3 - 2021'!J29 -> 0 | J24: 0.081 | K24: ='3 - 2021'!H30-'3 - 2021'!H29 -> 0 | L24: ='3 - 2021'!I30-'3 - 2021'!I29 -> 0 | M24: 4.3936294
... A32: Dubai DIFC | B32: =B31+1 -> 31 | C32: 3 | D32: 2021 | E32: ='3 - 2021'!B38-'3 - 2021'!B37+'3 - 2021'!C38-'3 - 2021'!C37 -> 0 | F32: 0.118 | G32: =(('3 - 2021'!E38-'3 - 2021'!E37)+('3 - 2021'!F38-'3 - 2021'!F37)+('3 - 2021'!G38-'3 - 2021'!G37))*1.81 -> 0 | H32: 0.99 | I32: ='3 - 2021'!J38-'3 - 2021'!J37 -> 0 | J32: 0.081 | K32: ='3 - 2021'!H38-'3 - 2021'!H37 -> 0 | L32: ='3 - 2021'!I38-'3 - 2021'!I37 -> 0 | M32: 4.3936294

Sheet Submetering Daily 
A1: Site Name | B1: Day | C1: Month | D1: Year | E1: Panel LV1 Kwh | F1: Panel LV2 Kwh | G1: Electricity Tariff ($/Kwh) | H1: Main Kitchen LPG (Kg) | I1: Podium Kitchen LPG (Kg) | J1: Boiler LPG (Kg) | K1: LPG $/Kg | L1: Room Nights
A2: Dubai DIFC | B2: 1 | C2: 3 | D2: 2021 | E2: ='3 - 2021'!B8-'3 - 2021'!B7 -> 3632 | F2: ='3 - 2021'!C8-'3 - 2021'!C7 -> 5353 | G2: 0.118 | H2: ='3 - 2021'!E8-'3 - 2021'!E7 -> 3.69 | I2: ='3 - 2021'!F8-'3 - 2021'!F7 -> 5 | J2: ='3 - 2021'!G8-'3 - 2021'!G7 -> 30 | K2: 0.74 | L2: 49
A3: Dubai DIFC | B3: =B2+1 -> 2 | C3: 3 | D3: 2021 | E3: ='3 - 2021'!B9-'3 - 2021'!B8 -> 3325 | F3: ='3 - 2021'!C9-'3 - 2021'!C8 -> 5100 | G3: 0.118 | H3: ='3 - 2021'!E9-'3 - 2021'!E8 -> 0.82 | I3: ='3 - 2021'!F9-'3 - 2021'!F8 -> 5 | J3: ='3 - 2021'!G9-'3 - 2021'!G8 -> 33 | K3: 0.74 | L3: 49
A4: Dubai DIFC | B4: =B3+1 -> 3 | C4: 3 | D4: 2021 | E4: ='3 - 2021'!B10-'3 - 2021'!B9 -> 3501 | F4: ='3 - 2021'!C10-'3 - 2021'!C9 -> 5348 | G4: 0.118 | H4: ='3 - 2021'!E10-'3 - 2021'!E9 -> 4.49 | I4: ='3 - 2021'!F10-'3 - 2021'!F9 -> 6 | J4: ='3 - 2021'!G10-'3 - 2021'!G9 -> 33 | K4: 0.74 | L4: 55
A5: Dubai DIFC | B5: =B4+1 -> 4 | C5: 3 | D5: 2021 | E5: ='3 - 2021'!B11-'3 - 2021'!B10 -> 3535 | F5: ='3 - 2021'!C11-'3 - 2021'!C10 -> 5594 | G5: 0.118 | H5: ='3 - 2021'!E11-'3 - 2021'!E10 -> 3.73 | I5: ='3 - 2021'!F11-'3 - 2021'!F10 -> 4.88 | J5: ='3 - 2021'!G11-'3 - 2021'!G10 -> 34 | K5: 0.74 | L5: 67
A6: Dubai DIFC | B6: =B5+1 -> 5 | C6: 3 | D6: 2021 | E6: ='3 - 2021'!B12-'3 - 2021'!B11 -> 3166 | F6: ='3 - 2021'!C12-'3 - 2021'!C11 -> 4914 | G6: 0.118 | H6: ='3 - 2021'!E12-'3 - 2021'!E11 -> 3.85 | I6: ='3 - 2021'!F12-'3 - 2021'!F11 -> 5.13 | J6: ='3 - 2021'!G12-'3 - 2021'!G11 -> 34 | K6: 0.74 | L6: 78
A7: Dubai DIFC | B7: =B6+1 -> 6 | C7: 3 | D7: 2021 | E7: ='3 - 2021'!B13-'3 - 2021'!B12 -> 2987 | F7: ='3 - 2021'!C13-'3 - 2021'!C12 -> 5268 | G7: 0.118 | H7: ='3 - 2021'!E13-'3 - 2021'!E12 -> 2.62 | I7: ='3 - 2021'!F13-'3 - 2021'!F12 -> 5.19 | J7: ='3 - 2021'!G13-'3 - 2021'!G12 -> 33.21 | K7: 0.74 | L7: 72
A8: Dubai DIFC | B8: =B7+1 -> 7 | C8: 3 | D8: 2021 | E8: ='3 - 2021'!B14-'3 - 2021'!B13 -> 2953 | F8: ='3 - 2021'!C14-'3 - 2021'!C13 -> 5188 | G8: 0.118 | H8: ='3 - 2021'!E14-'3 - 2021'!E13 -> 2.8 | I8: ='3 - 2021'!F14-'3 - 2021'!F13 -> 2.8 | J8: ='3 - 2021'!G14-'3 - 2021'!G13 -> 30.79 | K8: 0.74 | L8: 69
A9: Dubai DIFC | B9: =B8+1 -> 8 | C9: 3 | D9: 2021 | E9: ='3 - 2021'!B15-'3 - 2021'!B14 -> 3382 | F9: ='3 - 2021'!C15-'3 - 2021'!C14 -> 5233 | G9: 0.118 | H9: ='3 - 2021'!E15-'3 - 2021'!E14 -> 4 | I9: ='3 - 2021'!F15-'3 - 2021'!F14 -> 5 | J9: ='3 - 2021'!G15-'3 - 2021'!G14 -> 31 | K9: 0.74 | L9: 74
A10: Dubai DIFC | B10: =B9+1 -> 9 | C10: 3 | D10: 2021 | E10: ='3 - 2021'!B16-'3 - 2021'!B15 -> 3855 | F10: ='3 - 2021'!C16-'3 - 2021'!C15 -> 5495 | G10: 0.118 | H10: ='3 - 2021'!E16-'3 - 2021'!E15 -> 5.14 | I10: ='3 - 2021'!F16-'3 - 2021'!F15 -> 5.02 | J10: ='3 - 2021'!G16-'3 - 2021'!G15 -> 31.34 | K10: 0.74 | L10: 72
A11: Dubai DIFC | B11: =B10+1 -> 10 | C11: 3 | D11: 2021 | E11: ='3 - 2021'!B17-'3 - 2021'!B16 -> 3457 | F11: ='3 - 2021'!C17-'3 - 2021'!C16 -> 5392 | G11: 0.118 | H11: ='3 - 2021'!E17-'3 - 2021'!E16 -> 3.39 | I11: ='3 - 2021'!F17-'3 - 2021'!F16 -> 5.07 | J11: ='3 - 2021'!G17-'3 - 2021'!G16 -> 36.48 | K11: 0.74 | L11: 75
A12: Dubai DIFC | B12: =B11+1 -> 11 | C12: 3 | D12: 2021 | E12: 0 | F12: 0 | G12: 0.118 | H12: 0 | I12: 0 | J12: 0 | K12: 0.74
A13: Dubai DIFC | B13: =B12+1 -> 12 | C13: 3 | D13: 2021 | E13: ='3 - 2021'!B19-'3 - 2021'!B18 -> 0 | F13: ='3 - 2021'!C19-'3 - 2021'!C18 -> 0 | G13: 0.118 | H13: ='3 - 2021'!E19-'3 - 2021'!E18 -> 0 | I13: ='3 - 2021'!F19-'3 - 2021'!F18 -> 0 | J13: ='3 - 2021'!G19-'3 - 2021'!G18 -> 0 | K13: 0.74
A14: Dubai DIFC | B14: =B13+1 -> 13 | C14: 3 | D14: 2021 | E14: ='3 - 2021'!B20-'3 - 2021'!B19 -> 0 | F14: ='3 - 2021'!C20-'3 - 2021'!C19 -> 0 | G14: 0.118 | H14: ='3 - 2021'!E20-'3 - 2021'!E19 -> 0 | I14: ='3 - 2021'!F20-'3 - 2021'!F19 -> 0 | J14: ='3 - 2021'!G20-'3 - 2021'!G19 -> 0 | K14: 0.74
A15: Dubai DIFC | B15: =B14+1 -> 14 | C15: 3 | D15: 2021 | E15: ='3 - 2021'!B21-'3 - 2021'!B20 -> 0 | F15: ='3 - 2021'!C21-'3 - 2021'!C20 -> 0 | G15: 0.118 | H15: ='3 - 2021'!E21-'3 - 2021'!E20 -> 0 | I15: ='3 - 2021'!F21-'3 - 2021'!F20 -> 0 | J15: ='3 - 2021'!G21-'3 - 2021'!G20 -> 0 | K15: 0.74
A16: Dubai DIFC | B16: =B15+1 -> 15 | C16: 3 | D16: 2021 | E16: ='3 - 2021'!B22-'3 - 2021'!B21 -> 0 | F16: ='3 - 2021'!C22-'3 - 2021'!C21 -> 0 | G16: 0.118 | H16: ='3 - 2021'!E22-'3 - 2021'!E21 -> 0 | I16: ='3 - 2021'!F22-'3 - 2021'!F21 -> 0 | J16: ='3 - 2021'!G22-'3 - 2021'!G21 -> 0 | K16: 0.74
A17: Dubai DIFC | B17: =B16+1 -> 16 | C17: 3 | D17: 2021 | E17: ='3 - 2021'!B23-'3 - 2021'!B22 -> 0 | F17: ='3 - 2021'!C23-'3 - 2021'!C22 -> 0 | G17: 0.118 | H17: ='3 - 2021'!E23-'3 - 2021'!E22 -> 0 | I17: ='3 - 2021'!F23-'3 - 2021'!F22 -> 0 | J17: ='3 - 2021'!G23-'3 - 2021'!G22 -> 0 | K17: 0.74
A18: Dubai DIFC | B18: =B17+1 -> 17 | C18: 3 | D18: 2021 | E18: ='3 - 2021'!B24-'3 - 2021'!B23 -> 0 | F18: ='3 - 2021'!C24-'3 - 2021'!C23 -> 0 | G18: 0.118 | H18: ='3 - 2021'!E24-'3 - 2021'!E23 -> 0 | I18: ='3 - 2021'!F24-'3 - 2021'!F23 -> 0 | J18: ='3 - 2021'!G24-'3 - 2021'!G23 -> 0 | K18: 0.74
A19: Dubai DIFC | B19: =B18+1 -> 18 | C19: 3 | D19: 2021 | E19: ='3 - 2021'!B25-'3 - 2021'!B24 -> 0 | F19: ='3 - 2021'!C25-'3 - 2021'!C24 -> 0 | G19: 0.118 | H19: ='3 - 2021'!E25-'3 - 2021'!E24 -> 0 | I19: ='3 - 2021'!F25-'3 - 2021'!F24 -> 0 | J19: ='3 - 2021'!G25-'3 - 2021'!G24 -> 0 | K19: 0.74
A20: Dubai DIFC | B20: =B19+1 -> 19 | C20: 3 | D20: 2021 | E20: ='3 - 2021'!B26-'3 - 2021'!B25 -> 0 | F20: ='3 - 2021'!C26-'3 - 2021'!C25 -> 0 | G20: 0.118 | H20: ='3 - 2021'!E26-'3 - 2021'!E25 -> 0 | I20: ='3 - 2021'!F26-'3 - 2021'!F25 -> 0 | J20: ='3 - 2021'!G26-'3 - 2021'!G25 -> 0 | K20: 0.74
A21: Dubai DIFC | B21: =B20+1 -> 20 | C21: 3 | D21: 2021 | E21: ='3 - 2021'!B27-'3 - 2021'!B26 -> 0 | F21: ='3 - 2021'!C27-'3 - 2021'!C26 -> 0 | G21: 0.118 | H21: ='3 - 2021'!E27-'3 - 2021'!E26 -> 0 | I21: ='3 - 2021'!F27-'3 - 2021'!F26 -> 0 | J21: ='3 - 2021'!G27-'3 - 2021'!G26 -> 0 | K21: 0.74
A22: Dubai DIFC | B22: =B21+1 -> 21 | C22: 3 | D22: 2021 | E22: ='3 - 2021'!B28-'3 - 2021'!B27 -> 0 | F22: ='3 - 2021'!C28-'3 - 2021'!C27 -> 0 | G22: 0.118 | H22: ='3 - 2021'!E28-'3 - 2021'!E27 -> 0 | I22: ='3 - 2021'!F28-'3 - 2021'!F27 -> 0 | J22: ='3 - 2021'!G28-'3 - 2021'!G27 -> 0 | K22: 0.74
A23: Dubai DIFC | B23: =B22+1 -> 22 | C23: 3 | D23: 2021 | E23: ='3 - 2021'!B29-'3 - 2021'!B28 -> 0 | F23: ='3 - 2021'!C29-'3 - 2021'!C28 -> 0 | G23: 0.118 | H23: ='3 - 2021'!E29-'3 - 2021'!E28 -> 0 | I23: ='3 - 2021'!F29-'3 - 2021'!F28 -> 0 | J23: ='3 - 2021'!G29-'3 - 2021'!G28 -> 0 | K23: 0.74
A24: Dubai DIFC | B24: =B23+1 -> 23 | C24: 3 | D24: 2021 | E24: ='3 - 2021'!B30-'3 - 2021'!B29 -> 0 | F24: ='3 - 2021'!C30-'3 - 2021'!C29 -> 0 | G24: 0.118 | H24: ='3 - 2021'!E30-'3 - 2021'!E29 -> 0 | I24: ='3 - 2021'!F30-'3 - 2021'!F29 -> 0 | J24: ='3 - 2021'!G30-'3 - 2021'!G29 -> 0 | K24: 0.74
... A32: Dubai DIFC | B32: =B31+1 -> 31 | C32: 3 | D32: 2021 | E32: ='3 - 2021'!B38-'3 - 2021'!B37 -> 0 | F32: ='3 - 2021'!C38-'3 - 2021'!C37 -> 0 | G32: 0.118 | H32: ='3 - 2021'!E38-'3 - 2021'!E37 -> 0 | I32: ='3 - 2021'!F38-'3 - 2021'!F37 -> 0 | J32: ='3 - 2021'!G38-'3 - 2021'!G37 -> 0 | K32: 0.74

Sheet 3 - 2021
A3: FOUR SEASONS HOTEL - DIFC
A4: HLP READING MONTH OF MARCH' 2021
B5: Electricity | D5: LPG (cu.m) | H5: Water (cu.m) | J5: BTU
A6: Date | B6: LV-01, 2025952759 | C6: LV-2, 2030235407 | D6: Main Meter % | E6: Main Kitchen | F6: Podium Kitchen | G6: Boiler | H6: B-3 Water Meter (DIFC) | I6: MainWater Meter (DEWA) | J6: Chilled Water (KWH) | K6: Gas Received (Litres) | L6: Remark
A7: 44255 | B7: 407560 | C7: 287607 | D7: 0.42 | E7: 13575 | F7: 3128 | G7: 26534 | H7: 14528 | I7: 111523 | J7: 44506620
A8: =A7+1 -> 44256 | B8: 411192 | C8: 292960 | D8: 0.35 | E8: 13578.69 | F8: 3133 | G8: 26564 | H8: 14528 | I8: 111602 | J8: 44518021
A9: =A8+1 -> 44257 | B9: 414517 | C9: 298060 | D9: 0.28 | E9: 13579.51 | F9: 3138 | G9: 26597 | H9: 14528 | I9: 111689 | J9: 44529691
A10: =A9+1 -> 44258 | B10: 418018 | C10: 303408 | D10: 0.8 | E10: 13584 | F10: 3144 | G10: 26630 | H10: 14528 | I10: 111781 | J10: 44543278
A11: =A10+1 -> 44259 | B11: 421553 | C11: 309002 | D11: 0.74 | E11: 13587.73 | F11: 3148.88 | G11: 26664 | H11: 14528 | I11: 111868 | J11: 44560060
A12: =A11+1 -> 44260 | B12: 424719 | C12: 313916 | D12: 0.68 | E12: 13591.58 | F12: 3154.01 | G12: 26698 | H12: 14528 | I12: 111980 | J12: 44575019
A13: =A12+1 -> 44261 | B13: 427706 | C13: 319184 | D13: 0.61 | E13: 13594.2 | F13: 3159.2 | G13: 26731.21 | H13: 14528 | I13: 112088 | J13: 44591612
A14: =A13+1 -> 44262 | B14: 430659 | C14: 324372 | D14: 0.55 | E14: 13597 | F14: 3162 | G14: 26762 | H14: 14528 | I14: 112175 | J14: 44606927
A15: =A14+1 -> 44263 | B15: 434041 | C15: 329605 | D15: 0.5 | E15: 13601 | F15: 3167 | G15: 26793 | H15: 14528 | I15: 112262 | J15: 44620355
A16: =A15+1 -> 44264 | B16: 437896 | C16: 335100 | D16: 0.44 | E16: 13606.14 | F16: 3172.02 | G16: 26824.34 | H16: 14528 | I16: 112376 | J16: 44633816
A17: =A16+1 -> 44265 | B17: 441353 | C17: 340492 | D17: 0.37 | E17: 13609.53 | F17: 3177.09 | G17: 26860.82 | H17: 14528 | I17: 112445 | J17: 44647430
A18: =A17+1 -> 44266
A19: =A18+1 -> 44267
A20: =A19+1 -> 44268
A21: =A20+1 -> 44269
A22: =A21+1 -> 44270
A23: =A22+1 -> 44271
A24: =A23+1 -> 44272
A25: =A24+1 -> 44273
A26: =A25+1 -> 44274
A27: =A26+1 -> 44275
A28: =A27+1 -> 44276
A29: =A28+1 -> 44277
... A38: =A37+1 -> 44286
A39: Readings | B39: =B35-B7 -> -407560 | C39: =C35-C7 -> -287607 | D39: =D35-D7 -> -0.42 | E39: =E35-E7 -> -13575 | F39: =F35-F7 -> -3128 | G39: =G35-G7 -> -26534 | H39: =H35-H7 -> -14528 | I39: =I35-I7 -> -111523 | J39: =J35-J7 -> -44506620 | K39: =SUM(K7:K35) -> 0
H40: =H39*219.969 -> -3195709.6 | I40: =I39*219.969 -> -24531603
