Workbook

Sheet TOTAL
A1: Site Name | B1: Day | C1: Month | D1: Year | E1: Total Electricity Kwh | F1: Electricity Tariff ($/Kwh) | G1: LPG (Kg) | H1: LPG $/Kg | I1: District Energy Heating Kwh | J1: District Energy Heating $/Kwh | K1: Water Utility Supply (m3) m3 | L1: Water Utility Supply (m3) $/m3 | M1: Room Nights | N1: Total Guests | O1: Utilities day cost dh
A2: Marrakech | B2: 1 | C2: 3 | D2: 2021 | E2: ='Consommation du 01.03 au 31.03'!M10 -> 8728 | F2: 1.002 | G2: ='Consommation du 01.03 au 31.03'!U10 -> 259.7 | H2: 9.247 | I2: ='Consommation du 01.03 au 31.03'!Y10*1000 -> 11270 | J2: 0.53 | K2: ='Consommation du 01.03 au 31.03'!D10 -> 218 | L2: 12.67 | M2: ='Consommation du 01.03 au 31.03'!AC10 -> 17 | N2: 17 | O2: =E2*F2+G2*H2+I2*J2+K2*L2 -> 19882.062
A3: Marrakech | B3: =B2+1 -> 2 | C3: 3 | D3: 2021 | E3: ='Consommation du 01.03 au 31.03'!M11 -> 9218 | F3: 1.002 | G3: ='Consommation du 01.03 au 31.03'!U11 -> 185.5 | H3: 9.247 | I3: ='Consommation du 01.03 au 31.03'!Y11*1000 -> 12490 | J3: 0.53 | K3: ='Consommation du 01.03 au 31.03'!D11 -> 187 | L3: 12.67 | M3: ='Consommation du 01.03 au 31.03'!AC11 -> 16 | N3: 16 | O3: =E3*F3+G3*H3+I3*J3+K3*L3 -> 19940.744
A4: Marrakech | B4: =B3+1 -> 3 | C4: 3 | D4: 2021 | E4: ='Consommation du 01.03 au 31.03'!M12 -> 9527 | F4: 1.002 | G4: ='Consommation du 01.03 au 31.03'!U12 -> 148.4 | H4: 9.247 | I4: ='Consommation du 01.03 au 31.03'!Y12*1000 -> 13040 | J4: 0.53 | K4: ='Consommation du 01.03 au 31.03'!D12 -> 241 | L4: 12.67 | M4: ='Consommation du 01.03 au 31.03'!AC12 -> 17 | N4: 17 | O4: =E4*F4+G4*H4+I4*J4+K4*L4 -> 20882.979
A5: Marrakech | B5: =B4+1 -> 4 | C5: 3 | D5: 2021 | E5: ='Consommation du 01.03 au 31.03'!M13 -> 8986 | F5: 1.002 | G5: ='Consommation du 01.03 au 31.03'!U13 -> 148.4 | H5: 9.247 | I5: ='Consommation du 01.03 au 31.03'!Y13*1000 -> 11900 | J5: 0.53 | K5: ='Consommation du 01.03 au 31.03'!D13 -> 217 | L5: 12.67 | M5: ='Consommation du 01.03 au 31.03'!AC13 -> 15 | N5: 15 | O5: =E5*F5+G5*H5+I5*J5+K5*L5 -> 19432.617
A6: Marrakech | B6: =B5+1 -> 5 | C6: 3 | D6: 2021 | E6: ='Consommation du 01.03 au 31.03'!M14 -> 9171 | F6: 1.002 | G6: ='Consommation du 01.03 au 31.03'!U14 -> 37.1 | H6: 9.247 | I6: ='Consommation du 01.03 au 31.03'!Y14*1000 -> 15940 | J6: 0.53 | K6: ='Consommation du 01.03 au 31.03'!D14 -> 235 | L6: 12.67 | M6: ='Consommation du 01.03 au 31.03'!AC14 -> 30 | N6: 30 | O6: =E6*F6+G6*H6+I6*J6+K6*L6 -> 20958.056
A7: Marrakech | B7: =B6+1 -> 6 | C7: 3 | D7: 2021 | E7: ='Consommation du 01.03 au 31.03'!M15 -> 9077 | F7: 1.002 | G7: ='Consommation du 01.03 au 31.03'!U15 -> 37.1 | H7: 9.247 | I7: ='Consommation du 01.03 au 31.03'!Y15*1000 -> 13250 | J7: 0.53 | K7: ='Consommation du 01.03 au 31.03'!D15 -> 269 | L7: 12.67 | M7: ='Consommation du 01.03 au 31.03'!AC15 -> 21 | N7: 21 | O7: =E7*F7+G7*H7+I7*J7+K7*L7 -> 19868.948
A8: Marrakech | B8: =B7+1 -> 7 | C8: 3 | D8: 2021 | E8: ='Consommation du 01.03 au 31.03'!M16 -> 9071 | F8: 1.002 | G8: ='Consommation du 01.03 au 31.03'!U16 -> 148.4 | H8: 9.247 | I8: ='Consommation du 01.03 au 31.03'!Y16*1000 -> 13530 | J8: 0.53 | K8: ='Consommation du 01.03 au 31.03'!D16 -> 169 | L8: 12.67 | M8: ='Consommation du 01.03 au 31.03'!AC16 -> 7 | N8: 7 | O8: =E8*F8+G8*H8+I8*J8+K8*L8 -> 19773.527
A9: Marrakech | B9: =B8+1 -> 8 | C9: 3 | D9: 2021 | E9: ='Consommation du 01.03 au 31.03'!M17 -> 9483 | F9: 1.002 | G9: ='Consommation du 01.03 au 31.03'!U17 -> 185.5 | H9: 9.247 | I9: ='Consommation du 01.03 au 31.03'!Y17*1000 -> 14210 | J9: 0.53 | K9: ='Consommation du 01.03 au 31.03'!D17 -> 323 | L9: 12.67 | M9: ='Consommation du 01.03 au 31.03'!AC17 -> 7 | N9: 7 | O9: =E9*F9+G9*H9+I9*J9+K9*L9 -> 22840.994
A10: Marrakech | B10: =B9+1 -> 9 | C10: 3 | D10: 2021 | E10: ='Consommation du 01.03 au 31.03'!M18 -> 9430 | F10: 1.002 | G10: ='Consommation du 01.03 au 31.03'!U18 -> 185.5 | H10: 9.247 | I10: ='Consommation du 01.03 au 31.03'!Y18*1000 -> 14410 | J10: 0.53 | K10: ='Consommation du 01.03 au 31.03'!D18 -> 220 | L10: 12.67 | M10: ='Consommation du 01.03 au 31.03'!AC18 -> 11 | N10: 11 | O10: =E10*F10+G10*H10+I10*J10+K10*L10 -> 21588.878
A11: Marrakech | B11: =B10+1 -> 10 | C11: 3 | D11: 2021 | E11: ='Consommation du 01.03 au 31.03'!M19 -> 9785 | F11: 1.002 | G11: ='Consommation du 01.03 au 31.03'!U19 -> 445.2 | H11: 9.247 | I11: ='Consommation du 01.03 au 31.03'!Y19*1000 -> 13910 | J11: 0.53 | K11: ='Consommation du 01.03 au 31.03'!D19 -> 199 | L11: 12.67 | M11: ='Consommation du 01.03 au 31.03'!AC19 -> 13 | N11: 13 | O11: =E11*F11+G11*H11+I11*J11+K11*L11 -> 23814.964
A12: Marrakech | B12: =B11+1 -> 11 | C12: 3 | D12: 2021 | E12: ='Consommation du 01.03 au 31.03'!M20 -> 9021 | F12: 1.002 | G12: ='Consommation du 01.03 au 31.03'!U20 -> 222.6 | H12: 9.247 | I12: ='Consommation du 01.03 au 31.03'!Y20*1000 -> 11260 | J12: 0.53 | K12: ='Consommation du 01.03 au 31.03'!D20 -> 234 | L12: 12.67 | M12: ='Consommation du 01.03 au 31.03'!AC20 -> 16 | N12: 16 | O12: =E12*F12+G12*H12+I12*J12+K12*L12 -> 20030.004
A13: Marrakech | B13: =B12+1 -> 12 | C13: 3 | D13: 2021 | E13: ='Consommation du 01.03 au 31.03'!M21 -> 9342 | F13: 1.002 | G13: ='Consommation du 01.03 au 31.03'!U21 -> 259.7 | H13: 9.247 | I13: ='Consommation du 01.03 au 31.03'!Y21*1000 -> 16270 | J13: 0.53 | K13: ='Consommation du 01.03 au 31.03'!D21 -> 359 | L13: 12.67 | M13: ='Consommation du 01.03 au 31.03'!AC21 -> 37 | N13: 37 | O13: =E13*F13+G13*H13+I13*J13+K13*L13 -> 24933.76
A14: Marrakech | B14: =B13+1 -> 13 | C14: 3 | D14: 2021 | E14: ='Consommation du 01.03 au 31.03'!M22 -> 10082 | F14: 1.002 | G14: ='Consommation du 01.03 au 31.03'!U22 -> 185.5 | H14: 9.247 | I14: ='Consommation du 01.03 au 31.03'!Y22*1000 -> 17850 | J14: 0.53 | K14: ='Consommation du 01.03 au 31.03'!D22 -> 233 | L14: 12.67 | M14: ='Consommation du 01.03 au 31.03'!AC22 -> 39 | N14: 39 | O14: =E14*F14+G14*H14+I14*J14+K14*L14 -> 24230.092
A15: Marrakech | B15: =B14+1 -> 14 | C15: 3 | D15: 2021 | E15: ='Consommation du 01.03 au 31.03'!M23 -> 0 | F15: 1.002 | G15: ='Consommation du 01.03 au 31.03'!U23 -> 0 | H15: 9.247 | I15: ='Consommation du 01.03 au 31.03'!Y23*1000 -> 0 | J15: 0.53 | K15: ='Consommation du 01.03 au 31.03'!D23 -> 0 | L15: 12.67 | M15: ='Consommation du 01.03 au 31.03'!AC23 -> 0 | O15: =E15*F15+G15*H15+I15*J15+K15*L15 -> 0
A16: Marrakech | B16: =B15+1 -> 15 | C16: 3 | D16: 2021 | E16: ='Consommation du 01.03 au 31.03'!M24 -> 0 | F16: 1.002 | G16: ='Consommation du 01.03 au 31.03'!U24 -> 0 | H16: 9.247 | I16: ='Consommation du 01.03 au 31.03'!Y24*1000 -> 0 | J16: 0.53 | K16: ='Consommation du 01.03 au 31.03'!D24 -> 0 | L16: 12.67 | M16: ='Consommation du 01.03 au 31.03'!AC24 -> 0 | O16: =E16*F16+G16*H16+I16*J16+K16*L16 -> 0
A17: Marrakech | B17: =B16+1 -> 16 | C17: 3 | D17: 2021 | E17: ='Consommation du 01.03 au 31.03'!M25 -> 0 | F17: 1.002 | G17: ='Consommation du 01.03 au 31.03'!U25 -> 0 | H17: 9.247 | I17: ='Consommation du 01.03 au 31.03'!Y25*1000 -> 0 | J17: 0.53 | K17: ='Consommation du 01.03 au 31.03'!D25 -> 0 | L17: 12.67 | M17: ='Consommation du 01.03 au 31.03'!AC25 -> 0 | O17: =E17*F17+G17*H17+I17*J17+K17*L17 -> 0
A18: Marrakech | B18: =B17+1 -> 17 | C18: 3 | D18: 2021 | E18: ='Consommation du 01.03 au 31.03'!M26 -> 0 | F18: 1.002 | G18: ='Consommation du 01.03 au 31.03'!U26 -> 0 | H18: 9.247 | I18: ='Consommation du 01.03 au 31.03'!Y26*1000 -> 0 | J18: 0.53 | K18: ='Consommation du 01.03 au 31.03'!D26 -> 0 | L18: 12.67 | M18: ='Consommation du 01.03 au 31.03'!AC26 -> 0 | O18: =E18*F18+G18*H18+I18*J18+K18*L18 -> 0
A19: Marrakech | B19: =B18+1 -> 18 | C19: 3 | D19: 2021 | E19: ='Consommation du 01.03 au 31.03'!M27 -> 0 | F19: 1.002 | G19: ='Consommation du 01.03 au 31.03'!U27 -> 0 | H19: 9.247 | I19: ='Consommation du 01.03 au 31.03'!Y27*1000 -> 0 | J19: 0.53 | K19: ='Consommation du 01.03 au 31.03'!D27 -> 0 | L19: 12.67 | M19: ='Consommation du 01.03 au 31.03'!AC27 -> 0 | O19: =E19*F19+G19*H19+I19*J19+K19*L19 -> 0
A20: Marrakech | B20: =B19+1 -> 19 | C20: 3 | D20: 2021 | E20: ='Consommation du 01.03 au 31.03'!M28 -> 0 | F20: 1.002 | G20: ='Consommation du 01.03 au 31.03'!U28 -> 0 | H20: 9.247 | I20: ='Consommation du 01.03 au 31.03'!Y28*1000 -> 0 | J20: 0.53 | K20: ='Consommation du 01.03 au 31.03'!D28 -> 0 | L20: 12.67 | M20: ='Consommation du 01.03 au 31.03'!AC28 -> 0 | O20: =E20*F20+G20*H20+I20*J20+K20*L20 -> 0
A21: Marrakech | B21: =B20+1 -> 20 | C21: 3 | D21: 2021 | E21: ='Consommation du 01.03 au 31.03'!M29 -> 0 | F21: 1.002 | G21: ='Consommation du 01.03 au 31.03'!U29 -> 0 | H21: 9.247 | I21: ='Consommation du 01.03 au 31.03'!Y29*1000 -> 0 | J21: 0.53 | K21: ='Consommation du 01.03 au 31.03'!D29 -> 0 | L21: 12.67 | M21: ='Consommation du 01.03 au 31.03'!AC29 -> 0 | O21: =E21*F21+G21*H21+I21*J21+K21*L21 -> 0
A22: Marrakech | B22: =B21+1 -> 21 | C22: 3 | D22: 2021 | E22: ='Consommation du 01.03 au 31.03'!M30 -> 0 | F22: 1.002 | G22: ='Consommation du 01.03 au 31.03'!U30 -> 0 | H22: 9.247 | I22: ='Consommation du 01.03 au 31.03'!Y30*1000 -> 0 | J22: 0.53 | K22: ='Consommation du 01.03 au 31.03'!D30 -> 0 | L22: 12.67 | M22: ='Consommation du 01.03 au 31.03'!AC30 -> 0 | O22: =E22*F22+G22*H22+I22*J22+K22*L22 -> 0
A23: Marrakech | B23: =B22+1 -> 22 | C23: 3 | D23: 2021 | E23: ='Consommation du 01.03 au 31.03'!M31 -> 0 | F23: 1.002 | G23: ='Consommation du 01.03 au 31.03'!U31 -> 0 | H23: 9.247 | I23: ='Consommation du 01.03 au 31.03'!Y31*1000 -> 0 | J23: 0.53 | K23: ='Consommation du 01.03 au 31.03'!D31 -> 0 | L23: 12.67 | M23: ='Consommation du 01.03 au 31.03'!AC31 -> 0 | O23: =E23*F23+G23*H23+I23*J23+K23*L23 -> 0
A24: Marrakech | B24: =B23+1 -> 23 | C24: 3 | D24: 2021 | E24: ='Consommation du 01.03 au 31.03'!M32 -> 0 | F24: 1.002 | G24: ='Consommation du 01.03 au 31.03'!U32 -> 0 | H24: 9.247 | I24: ='Consommation du 01.03 au 31.03'!Y32*1000 -> 0 | J24: 0.53 | K24: ='Consommation du 01.03 au 31.03'!D32 -> 0 | L24: 12.67 | M24: ='Consommation du 01.03 au 31.03'!AC32 -> 0 | O24: =E24*F24+G24*H24+I24*J24+K24*L24 -> 0
A25: Marrakech | B25: =B24+1 -> 24 | C25: 3 | D25: 2021 | E25: ='Consommation du 01.03 au 31.03'!M33 -> 0 | F25: 1.002 | G25: ='Consommation du 01.03 au 31.03'!U33 -> 0 | H25: 9.247 | I25: ='Consommation du 01.03 au 31.03'!Y33*1000 -> 0 | J25: 0.53 | K25: ='Consommation du 01.03 au 31.03'!D33 -> 0 | L25: 12.67 | M25: ='Consommation du 01.03 au 31.03'!AC33 -> 0 | O25: =E25*F25+G25*H25+I25*J25+K25*L25 -> 0
A26: Marrakech | B26: =B25+1 -> 25 | C26: 3 | D26: 2021 | E26: ='Consommation du 01.03 au 31.03'!M34 -> 0 | F26: 1.002 | G26: ='Consommation du 01.03 au 31.03'!U34 -> 0 | H26: 9.247 | I26: ='Consommation du 01.03 au 31.03'!Y34*1000 -> 0 | J26: 0.53 | K26: ='Consommation du 01.03 au 31.03'!D34 -> 0 | L26: 12.67 | M26: ='Consommation du 01.03 au 31.03'!AC34 -> 0 | O26: =E26*F26+G26*H26+I26*J26+K26*L26 -> 0
... A32: Marrakech | B32: =B31+1 -> 31 | C32: 3 | D32: 2021 | E32: ='Consommation du 01.03 au 31.03'!M40 -> 0 | F32: 1.002 | G32: ='Consommation du 01.03 au 31.03'!U40 -> 0 | H32: 9.247 | I32: ='Consommation du 01.03 au 31.03'!Y40*1000 -> 0 | J32: 0.53 | K32: ='Consommation du 01.03 au 31.03'!D40 -> 0 | L32: 12.67 | M32: ='Consommation du 01.03 au 31.03'!AC40 -> 0 | O32: =E32*F32+G32*H32+I32*J32+K32*L32 -> 0

Sheet Consommation du 01.03 au 31.03
B8: Date | D8: Cons Eau/Hotel | F8: Consommation du jour en DH | M8: total | O8: Consommation du jour en DH | Q8: Cons Elec/Villa | S8: Cons Elec/RIAD | U8: GAZ en Kg | W8: Consommation du jour en DH | X8: Compteur AVEO Mwh | Y8: consommation eau choud en Mwh | Z8: consommation du jour en DH | AB8: Température moyenne du jour °C | AC8: Total Occupation | AD8: % Occupation | AE8: Température Piscine Adulte à 7h00 °C | AF8: Température Piscine Adulte à 15h00 °C | AG8: Température Piscine famille à 07h00 ° C | AH8: Température Piscine famille à 15h00 ° C
J9: creuse 81 | K9: pleine 82 | L9: pointe 83 | AJ9: Consommation totale du jour | AK9: Consommation/Chambre
B10: 44256 | D10: ='Suivi EAU-ELEC'!C13 -> 218 | F10: =D10*12.67 -> 2762.06 | J10: ='Suivi EAU-ELEC'!E13 -> 2692 | K10: ='Suivi EAU-ELEC'!G13 -> 4257 | L10: ='Suivi EAU-ELEC'!I13 -> 1779 | M10: =L10+K10+J10 -> 8728 | O10: =J10*0.99+K10*0.99+L10*0.99 -> 8640.72 | U10: ='Suivi Gaz'!O8 -> 259.7 | W10: =U10*9.247 -> 2401.4459 | X10: 19119.63 | Y10: =IF(X11<X10,0,X11-X10) -> 11.27 | Z10: =Y10*0.53*1000 -> 5973.1 | AB10: 16 | AC10: 17 | AD10: 0.1382 | AE10: 28 | AF10: 28 | AG10: 24 | AH10: 26 | AJ10: =(F10+O10+W10+Z10) -> 19777.326 | AK10: =AJ10/AC10 -> 1163.3721
B11: =(B10+1) -> 44257 | D11: ='Suivi EAU-ELEC'!C14 -> 187 | F11: =D11*12.67 -> 2369.29 | J11: ='Suivi EAU-ELEC'!E14 -> 3026 | K11: ='Suivi EAU-ELEC'!G14 -> 4263 | L11: ='Suivi EAU-ELEC'!I14 -> 1929 | M11: =L11+K11+J11 -> 9218 | O11: =J11*0.99+K11*0.99+L11*0.99 -> 9125.82 | U11: ='Suivi Gaz'!O9 -> 185.5 | W11: =U11*9.247 -> 1715.3185 | X11: 19130.9 | Y11: =IF(X12<X11,0,X12-X11) -> 12.49 | Z11: =Y11*0.53*1000 -> 6619.7 | AB11: 17 | AC11: 16 | AD11: 0.129 | AE11: 26.6 | AF11: 28 | AG11: 20 | AH11: 20 | AJ11: =(F11+O11+W11+Z11) -> 19830.128 | AK11: =AJ11/AC11 -> 1239.383
B12: =(B11+1) -> 44258 | D12: ='Suivi EAU-ELEC'!C15 -> 241 | F12: =D12*12.67 -> 3053.47 | J12: ='Suivi EAU-ELEC'!E15 -> 2658 | K12: ='Suivi EAU-ELEC'!G15 -> 4751 | L12: ='Suivi EAU-ELEC'!I15 -> 2118 | M12: =L12+K12+J12 -> 9527 | O12: =J12*0.99+K12*0.99+L12*0.99 -> 9431.73 | U12: ='Suivi Gaz'!O10 -> 148.4 | W12: =U12*9.247 -> 1372.2548 | X12: 19143.39 | Y12: =IF(X13<X12,0,X13-X12) -> 13.04 | Z12: =Y12*0.53*1000 -> 6911.2 | AB12: 16 | AC12: 17 | AD12: 0.1339 | AE12: 26 | AF12: 27 | AG12: 20 | AH12: 20 | AJ12: =(F12+O12+W12+Z12) -> 20768.655 | AK12: =AJ12/AC12 -> 1221.6856
B13: =(B12+1) -> 44259 | D13: ='Suivi EAU-ELEC'!C16 -> 217 | F13: =D13*12.67 -> 2749.39 | J13: ='Suivi EAU-ELEC'!E16 -> 2810 | K13: ='Suivi EAU-ELEC'!G16 -> 4340 | L13: ='Suivi EAU-ELEC'!I16 -> 1836 | M13: =L13+K13+J13 -> 8986 | O13: =J13*0.99+K13*0.99+L13*0.99 -> 8896.14 | U13: ='Suivi Gaz'!O11 -> 148.4 | W13: =U13*9.247 -> 1372.2548 | X13: 19156.43 | Y13: =IF(X14<X13,0,X14-X13) -> 11.9 | Z13: =Y13*0.53*1000 -> 6307 | AB13: 17 | AC13: 15 | AD13: 0.121 | AE13: 26 | AF13: 27 | AG13: 20 | AH13: 20 | AJ13: =(F13+O13+W13+Z13) -> 19324.785 | AK13: =AJ13/AC13 -> 1288.319
B14: =(B13+1) -> 44260 | D14: ='Suivi EAU-ELEC'!C17 -> 235 | F14: =D14*12.67 -> 2977.45 | J14: ='Suivi EAU-ELEC'!E17 -> 2839 | K14: ='Suivi EAU-ELEC'!G17 -> 4373 | L14: ='Suivi EAU-ELEC'!I17 -> 1959 | M14: =L14+K14+J14 -> 9171 | O14: =J14*0.99+K14*0.99+L14*0.99 -> 9079.29 | U14: ='Suivi Gaz'!O12 -> 37.1 | W14: =U14*9.247 -> 343.0637 | X14: 19168.33 | Y14: =IF(X15<X14,0,X15-X14) -> 15.94 | Z14: =Y14*0.53*1000 -> 8448.2 | AB14: 17 | AC14: 30 | AD14: 0.2381 | AE14: 26 | AF14: 28 | AG14: 20 | AH14: 24 | AJ14: =(F14+O14+W14+Z14) -> 20848.004 | AK14: =AJ14/AC14 -> 694.93346
B15: =(B14+1) -> 44261 | D15: ='Suivi EAU-ELEC'!C18 -> 269 | F15: =D15*12.67 -> 3408.23 | J15: ='Suivi EAU-ELEC'!E18 -> 2877 | K15: ='Suivi EAU-ELEC'!G18 -> 4291 | L15: ='Suivi EAU-ELEC'!I18 -> 1909 | M15: =L15+K15+J15 -> 9077 | O15: =J15*0.99+K15*0.99+L15*0.99 -> 8986.23 | U15: ='Suivi Gaz'!O13 -> 37.1 | W15: =U15*9.247 -> 343.0637 | X15: 19184.27 | Y15: =IF(X16<X15,0,X16-X15) -> 13.25 | Z15: =Y15*0.53*1000 -> 7022.5 | AB15: 16 | AC15: 21 | AD15: 0.1654 | AE15: 27.5 | AF15: 27.5 | AG15: 20 | AH15: 20 | AJ15: =(F15+O15+W15+Z15) -> 19760.024 | AK15: =AJ15/AC15 -> 940.95351
B16: =(B15+1) -> 44262 | D16: ='Suivi EAU-ELEC'!C19 -> 169 | F16: =D16*12.67 -> 2141.23 | J16: ='Suivi EAU-ELEC'!E19 -> 2793 | K16: ='Suivi EAU-ELEC'!G19 -> 4522 | L16: ='Suivi EAU-ELEC'!I19 -> 1756 | M16: =L16+K16+J16 -> 9071 | O16: =J16*0.99+K16*0.99+L16*0.99 -> 8980.29 | U16: ='Suivi Gaz'!O14 -> 148.4 | W16: =U16*9.247 -> 1372.2548 | X16: 19197.52 | Y16: =IF(X17<X16,0,X17-X16) -> 13.53 | Z16: =Y16*0.53*1000 -> 7170.9 | AB16: 16 | AC16: 7 | AD16: 0.0551 | AE16: 26.5 | AF16: 26.5 | AG16: 20 | AH16: 20 | AJ16: =(F16+O16+W16+Z16) -> 19664.675 | AK16: =AJ16/AC16 -> 2809.2393
B17: =(B16+1) -> 44263 | D17: ='Suivi EAU-ELEC'!C20 -> 323 | F17: =D17*12.67 -> 4092.41 | J17: ='Suivi EAU-ELEC'!E20 -> 2820 | K17: ='Suivi EAU-ELEC'!G20 -> 4801 | L17: ='Suivi EAU-ELEC'!I20 -> 1862 | M17: =L17+K17+J17 -> 9483 | O17: =J17*0.99+K17*0.99+L17*0.99 -> 9388.17 | U17: ='Suivi Gaz'!O15 -> 185.5 | W17: =U17*9.247 -> 1715.3185 | X17: 19211.05 | Y17: =IF(X18<X17,0,X18-X17) -> 14.21 | Z17: =Y17*0.53*1000 -> 7531.3 | AB17: 15 | AC17: 7 | AD17: 0.0511 | AE17: 26.5 | AF17: 27.5 | AG17: 20 | AH17: 20 | AJ17: =(F17+O17+W17+Z17) -> 22727.198 | AK17: =AJ17/AC17 -> 3246.7426
B18: =(B17+1) -> 44264 | D18: ='Suivi EAU-ELEC'!C21 -> 220 | F18: =D18*12.67 -> 2787.4 | J18: ='Suivi EAU-ELEC'!E21 -> 2772 | K18: ='Suivi EAU-ELEC'!G21 -> 4689 | L18: ='Suivi EAU-ELEC'!I21 -> 1969 | M18: =L18+K18+J18 -> 9430 | O18: =J18*0.99+K18*0.99+L18*0.99 -> 9335.7 | U18: ='Suivi Gaz'!O16 -> 185.5 | W18: =U18*9.247 -> 1715.3185 | X18: 19225.26 | Y18: =IF(X19<X18,0,X19-X18) -> 14.41 | Z18: =Y18*0.53*1000 -> 7637.3 | AB18: 14 | AC18: 11 | AD18: 0.0833 | AE18: 26.5 | AF18: 26.8 | AG18: 20 | AH18: 21 | AJ18: =(F18+O18+W18+Z18) -> 21475.718 | AK18: =AJ18/AC18 -> 1952.338
B19: =(B18+1) -> 44265 | D19: ='Suivi EAU-ELEC'!C22 -> 199 | F19: =D19*12.67 -> 2521.33 | J19: ='Suivi EAU-ELEC'!E22 -> 2851 | K19: ='Suivi EAU-ELEC'!G22 -> 4819 | L19: ='Suivi EAU-ELEC'!I22 -> 2115 | M19: =L19+K19+J19 -> 9785 | O19: =J19*0.99+K19*0.99+L19*0.99 -> 9687.15 | U19: ='Suivi Gaz'!O17 -> 445.2 | W19: =U19*9.247 -> 4116.7644 | X19: 19239.67 | Y19: =IF(X20<X19,0,X20-X19) -> 13.91 | Z19: =Y19*0.53*1000 -> 7372.3 | AB19: 16 | AC19: 13 | AD19: 0.0985 | AE19: 26 | AF19: 27 | AG19: 20 | AH19: 20 | AJ19: =(F19+O19+W19+Z19) -> 23697.544 | AK19: =AJ19/AC19 -> 1822.888
B20: =(B19+1) -> 44266 | D20: ='Suivi EAU-ELEC'!C23 -> 234 | F20: =D20*12.67 -> 2964.78 | J20: ='Suivi EAU-ELEC'!E23 -> 2728 | K20: ='Suivi EAU-ELEC'!G23 -> 4536 | L20: ='Suivi EAU-ELEC'!I23 -> 1757 | M20: =L20+K20+J20 -> 9021 | O20: =J20*0.99+K20*0.99+L20*0.99 -> 8930.79 | U20: ='Suivi Gaz'!O18 -> 222.6 | W20: =U20*9.247 -> 2058.3822 | X20: 19253.58 | Y20: =IF(X21<X20,0,X21-X20) -> 11.26 | Z20: =Y20*0.53*1000 -> 5967.8 | AA20: 14 | AB20: 18 | AC20: 16 | AD20: 0.125 | AE20: 26 | AF20: 27.5 | AG20: 20 | AH20: 21 | AJ20: =(F20+O20+W20+Z20) -> 19921.752 | AK20: =AJ20/AC20 -> 1245.1095
B21: =(B20+1) -> 44267 | D21: ='Suivi EAU-ELEC'!C24 -> 359 | F21: =D21*12.67 -> 4548.53 | J21: ='Suivi EAU-ELEC'!E24 -> 2846 | K21: ='Suivi EAU-ELEC'!G24 -> 4615 | L21: ='Suivi EAU-ELEC'!I24 -> 1881 | M21: =L21+K21+J21 -> 9342 | O21: =J21*0.99+K21*0.99+L21*0.99 -> 9248.58 | U21: ='Suivi Gaz'!O19 -> 259.7 | W21: =U21*9.247 -> 2401.4459 | X21: 19264.84 | Y21: =IF(X22<X21,0,X22-X21) -> 16.27 | Z21: =Y21*0.53*1000 -> 8623.1 | AA21: 14 | AB21: 19 | AC21: 37 | AD21: 0.2761 | AE21: 26.6 | AF21: 27 | AG21: 20 | AH21: 22 | AJ21: =(F21+O21+W21+Z21) -> 24821.656 | AK21: =AJ21/AC21 -> 670.85556
B22: =(B21+1) -> 44268 | D22: ='Suivi EAU-ELEC'!C25 -> 233 | F22: =D22*12.67 -> 2952.11 | J22: ='Suivi EAU-ELEC'!E25 -> 3181 | K22: ='Suivi EAU-ELEC'!G25 -> 4917 | L22: ='Suivi EAU-ELEC'!I25 -> 1984 | M22: =L22+K22+J22 -> 10082 | O22: =J22*0.99+K22*0.99+L22*0.99 -> 9981.18 | U22: ='Suivi Gaz'!O20 -> 185.5 | W22: =U22*9.247 -> 1715.3185 | X22: 19281.11 | Y22: =IF(X23<X22,0,X23-X22) -> 17.85 | Z22: =Y22*0.53*1000 -> 9460.5 | AB22: 21 | AC22: 39 | AD22: 0.3 | AE22: 27 | AF22: 28 | AG22: 20 | AH22: 22 | AJ22: =(F22+O22+W22+Z22) -> 24109.108 | AK22: =AJ22/AC22 -> 618.18227
B23: =(B22+1) -> 44269 | D23: ='Suivi EAU-ELEC'!C26 -> 0 | F23: =D23*12.67 -> 0 | J23: ='Suivi EAU-ELEC'!E26 -> 0 | K23: ='Suivi EAU-ELEC'!G26 -> 0 | L23: ='Suivi EAU-ELEC'!I26 -> 0 | M23: =L23+K23+J23 -> 0 | O23: =J23*0.99+K23*0.99+L23*0.99 -> 0 | U23: ='Suivi Gaz'!O21 -> 0 | W23: =U23*9.247 -> 0 | X23: 19298.96 | Y23: =IF(X24<X23,0,X24-X23) -> 0 | Z23: =Y23*0.53*1000 -> 0 | AJ23: =(F23+O23+W23+Z23) -> 0 | AK23: =AJ23/AC23 -> #DIV/0!
B24: =(B23+1) -> 44270 | D24: ='Suivi EAU-ELEC'!C27 -> 0 | F24: =D24*12.67 -> 0 | J24: ='Suivi EAU-ELEC'!E27 -> 0 | K24: ='Suivi EAU-ELEC'!G27 -> 0 | L24: ='Suivi EAU-ELEC'!I27 -> 0 | M24: =L24+K24+J24 -> 0 | O24: =J24*0.99+K24*0.99+L24*0.99 -> 0 | U24: ='Suivi Gaz'!O22 -> 0 | W24: =U24*9.247 -> 0 | Y24: =IF(X25<X24,0,X25-X24) -> 0 | Z24: =Y24*0.53*1000 -> 0 | AJ24: =(F24+O24+W24+Z24) -> 0 | AK24: =AJ24/AC24 -> #DIV/0!
B25: =(B24+1) -> 44271 | D25: ='Suivi EAU-ELEC'!C28 -> 0 | F25: =D25*12.67 -> 0 | J25: ='Suivi EAU-ELEC'!E28 -> 0 | K25: ='Suivi EAU-ELEC'!G28 -> 0 | L25: ='Suivi EAU-ELEC'!I28 -> 0 | M25: =L25+K25+J25 -> 0 | O25: =J25*0.99+K25*0.99+L25*0.99 -> 0 | U25: ='Suivi Gaz'!O23 -> 0 | W25: =U25*9.247 -> 0 | Y25: =IF(X26<X25,0,X26-X25) -> 0 | Z25: =Y25*0.53*1000 -> 0 | AJ25: =(F25+O25+W25+Z25) -> 0 | AK25: =AJ25/AC25 -> #DIV/0!
B26: =(B25+1) -> 44272 | D26: ='Suivi EAU-ELEC'!C29 -> 0 | F26: =D26*12.67 -> 0 | J26: ='Suivi EAU-ELEC'!E29 -> 0 | K26: ='Suivi EAU-ELEC'!G29 -> 0 | L26: ='Suivi EAU-ELEC'!I29 -> 0 | M26: =L26+K26+J26 -> 0 | O26: =J26*0.99+K26*0.99+L26*0.99 -> 0 | U26: ='Suivi Gaz'!O24 -> 0 | W26: =U26*9.247 -> 0 | Y26: =IF(X27<X26,0,X27-X26) -> 0 | Z26: =Y26*0.53*1000 -> 0 | AJ26: =(F26+O26+W26+Z26) -> 0 | AK26: =AJ26/AC26 -> #DIV/0!
B27: =(B26+1) -> 44273 | D27: ='Suivi EAU-ELEC'!C30 -> 0 | F27: =D27*12.67 -> 0 | J27: ='Suivi EAU-ELEC'!E30 -> 0 | K27: ='Suivi EAU-ELEC'!G30 -> 0 | L27: ='Suivi EAU-ELEC'!I30 -> 0 | M27: =L27+K27+J27 -> 0 | O27: =J27*0.99+K27*0.99+L27*0.99 -> 0 | U27: ='Suivi Gaz'!O25 -> 0 | W27: =U27*9.247 -> 0 | Y27: =IF(X28<X27,0,X28-X27) -> 0 | Z27: =Y27*0.53*1000 -> 0 | AJ27: =(F27+O27+W27+Z27) -> 0 | AK27: =AJ27/AC27 -> #DIV/0!
B28: =(B27+1) -> 44274 | D28: ='Suivi EAU-ELEC'!C31 -> 0 | F28: =D28*12.67 -> 0 | J28: ='Suivi EAU-ELEC'!E31 -> 0 | K28: ='Suivi EAU-ELEC'!G31 -> 0 | L28: ='Suivi EAU-ELEC'!I31 -> 0 | M28: =L28+K28+J28 -> 0 | O28: =J28*0.99+K28*0.99+L28*0.99 -> 0 | U28: ='Suivi Gaz'!O26 -> 0 | W28: =U28*9.247 -> 0 | Y28: =IF(X29<X28,0,X29-X28) -> 0 | Z28: =Y28*0.53*1000 -> 0 | AJ28: =(F28+O28+W28+Z28) -> 0 | AK28: =AJ28/AC28 -> #DIV/0!
B29: =(B28+1) -> 44275 | D29: ='Suivi EAU-ELEC'!C32 -> 0 | F29: =D29*12.67 -> 0 | J29: ='Suivi EAU-ELEC'!E32 -> 0 | K29: ='Suivi EAU-ELEC'!G32 -> 0 | L29: ='Suivi EAU-ELEC'!I32 -> 0 | M29: =L29+K29+J29 -> 0 | O29: =J29*0.99+K29*0.99+L29*0.99 -> 0 | U29: ='Suivi Gaz'!O27 -> 0 | W29: =U29*9.247 -> 0 | Y29: =IF(X30<X29,0,X30-X29) -> 0 | Z29: =Y29*0.53*1000 -> 0 | AJ29: =(F29+O29+W29+Z29) -> 0 | AK29: =AJ29/AC29 -> #DIV/0!
B30: =(B29+1) -> 44276 | D30: ='Suivi EAU-ELEC'!C33 -> 0 | F30: =D30*12.67 -> 0 | J30: ='Suivi EAU-ELEC'!E33 -> 0 | K30: ='Suivi EAU-ELEC'!G33 -> 0 | L30: ='Suivi EAU-ELEC'!I33 -> 0 | M30: =L30+K30+J30 -> 0 | O30: =J30*0.99+K30*0.99+L30*0.99 -> 0 | U30: ='Suivi Gaz'!O28 -> 0 | W30: =U30*9.247 -> 0 | Y30: =IF(X31<X30,0,X31-X30) -> 0 | Z30: =Y30*0.53*1000 -> 0 | AJ30: =(F30+O30+W30+Z30) -> 0 | AK30: =AJ30/AC30 -> #DIV/0!
B31: =(B30+1) -> 44277 | D31: ='Suivi EAU-ELEC'!C34 -> 0 | F31: =D31*12.67 -> 0 | J31: ='Suivi EAU-ELEC'!E34 -> 0 | K31: ='Suivi EAU-ELEC'!G34 -> 0 | L31: ='Suivi EAU-ELEC'!I34 -> 0 | M31: =L31+K31+J31 -> 0 | O31: =J31*0.99+K31*0.99+L31*0.99 -> 0 | U31: ='Suivi Gaz'!O29 -> 0 | W31: =U31*9.247 -> 0 | Y31: =IF(X32<X31,0,X32-X31) -> 0 | Z31: =Y31*0.53*1000 -> 0 | AJ31: =(F31+O31+W31+Z31) -> 0 | AK31: =AJ31/AC31 -> #DIV/0!
B32: =(B31+1) -> 44278 | D32: ='Suivi EAU-ELEC'!C35 -> 0 | F32: =D32*12.67 -> 0 | J32: ='Suivi EAU-ELEC'!E35 -> 0 | K32: ='Suivi EAU-ELEC'!G35 -> 0 | L32: ='Suivi EAU-ELEC'!I35 -> 0 | M32: =L32+K32+J32 -> 0 | O32: =J32*0.99+K32*0.99+L32*0.99 -> 0 | U32: ='Suivi Gaz'!O30 -> 0 | W32: =U32*9.247 -> 0 | Y32: =IF(X33<X32,0,X33-X32) -> 0 | Z32: =Y32*0.53*1000 -> 0 | AJ32: =(F32+O32+W32+Z32) -> 0 | AK32: =AJ32/AC32 -> #DIV/0!
B33: =(B32+1) -> 44279 | D33: ='Suivi EAU-ELEC'!C36 -> 0 | F33: =D33*12.67 -> 0 | J33: ='Suivi EAU-ELEC'!E36 -> 0 | K33: ='Suivi EAU-ELEC'!G36 -> 0 | L33: ='Suivi EAU-ELEC'!I36 -> 0 | M33: =L33+K33+J33 -> 0 | O33: =J33*0.99+K33*0.99+L33*0.99 -> 0 | U33: ='Suivi Gaz'!O31 -> 0 | W33: =U33*9.247 -> 0 | Y33: =IF(X34<X33,0,X34-X33) -> 0 | Z33: =Y33*0.53*1000 -> 0 | AJ33: =(F33+O33+W33+Z33) -> 0 | AK33: =AJ33/AC33 -> #DIV/0!
B34: =(B33+1) -> 44280 | D34: ='Suivi EAU-ELEC'!C37 -> 0 | F34: =D34*12.67 -> 0 | J34: ='Suivi EAU-ELEC'!E37 -> 0 | K34: ='Suivi EAU-ELEC'!G37 -> 0 | L34: ='Suivi EAU-ELEC'!I37 -> 0 | M34: =L34+K34+J34 -> 0 | O34: =J34*0.99+K34*0.99+L34*0.99 -> 0 | U34: ='Suivi Gaz'!O32 -> 0 | W34: =U34*9.247 -> 0 | Y34: =IF(X35<X34,0,X35-X34) -> 0 | Z34: =Y34*0.53*1000 -> 0 | AJ34: =(F34+O34+W34+Z34) -> 0 | AK34: =AJ34/AC34 -> #DIV/0!
B35: =(B34+1) -> 44281 | D35: ='Suivi EAU-ELEC'!C38 -> 0 | F35: =D35*12.67 -> 0 | J35: ='Suivi EAU-ELEC'!E38 -> 0 | K35: ='Suivi EAU-ELEC'!G38 -> 0 | L35: ='Suivi EAU-ELEC'!I38 -> 0 | M35: =L35+K35+J35 -> 0 | O35: =J35*0.99+K35*0.99+L35*0.99 -> 0 | U35: ='Suivi Gaz'!O33 -> 0 | W35: =U35*9.247 -> 0 | Y35: =IF(X36<X35,0,X36-X35) -> 0 | Z35: =Y35*0.53*1000 -> 0 | AJ35: =(F35+O35+W35+Z35) -> 0 | AK35: =AJ35/AC35 -> #DIV/0!
... B40: =(B39+1) -> 44286 | D40: ='Suivi EAU-ELEC'!C43 -> 0 | F40: =D40*12.67 -> 0 | J40: ='Suivi EAU-ELEC'!E43 -> 0 | K40: ='Suivi EAU-ELEC'!G43 -> 0 | L40: ='Suivi EAU-ELEC'!I43 -> 0 | M40: =L40+K40+J40 -> 0 | O40: =J40*0.99+K40*0.99+L40*0.99 -> 0 | U40: ='Suivi Gaz'!O38 -> 0 | W40: =U40*9.247 -> 0 | Y40: =IF(X41<X40,0,X41-X40) -> 0 | Z40: =Y40*0.53*1000 -> 0 | AJ40: =(F40+O40+W40+Z40) -> 0 | AK40: =AJ40/AC40 -> #DIV/0!
D41: =SUM(D10:D40) -> 3104 | F41: =SUM(F10:H40) -> 39327.68 | J41: =SUM(J10:J40) -> 36893 | K41: =SUM(K10:K40) -> 59174 | L41: =SUM(L10:L40) -> 24854 | M41: =SUM(M10:M40) -> 120921 | O41: =SUM(O10:O40) -> 119711.79 | Q41: =SUM(Q10:Q40) -> 0 | S41: =SUM(S10:S40) -> 0 | U41: =SUM(U10:U40) -> 2448.6 | W41: =SUM(W10:W40) -> 22642.204 | Y41: =SUM(Y10:Y40) -> 179.33 | Z41: =SUM(Z10:Z40) -> 95044.9 | AJ41: =SUM(AJ10:AJ38) -> 276726.57 | AK41: =SUM(AK10:AK38) -> #DIV/0!
A43: ELECTRICITE / Kw/h | D43: creuse 81 | F43: 0.64895 | G43: =J41 -> 36893 | J43: =G43*F43 -> 23941.712 | L43: =J43+J44+J45 -> 107237.53
D44: pleine 82 | F44: 0.88605 | G44: =K41 -> 59174 | J44: =G44*F44 -> 52431.123
D45: pointe 83 | F45: 1.24184 | G45: =L41 -> 24854 | J45: =G45*F45 -> 30864.691
A46: EAU HOTEL M3 | F46: 12.67 | G46: =D41 -> 3104 | J46: =G46*F46 -> 39327.68 | L46: =J46 -> 39327.68
A47: GAZ Kg | F47: 9.247 | G47: =U41 -> 2448.6 | J47: =G47*F47 -> 22642.204 | L47: =J47 -> 22642.204

Sheet Suivi Gaz
D1: suivi Gaz
Q2: 803 | T2: 519 | W2: 800 | Z2: 802
B3: Relvé C1 | C3: cons C1 | D3: Relvé C2 | E3: cons C2 | F3: Relvé C3 | G3: cons C3 | H3: Relvé C4 | I3: cons C4 | J3: ∑ des relevés | K3: moyen general % | L3: con.j | M3: ∑ de volume en L | N3: cons./jen L | O3: cons./jen Kg | P3: cons./jen DH | Q3: livraison C1 | R3: %Avant | S3: % Après | T3: livraison C2 | U3: %Avant | V3: % Après | W3: livraison C3 | X3: %Avant | Y3: % Après | Z3: livraison C4 | AA3: %Avant | AB3: % Après | AC3: total livraison | AD3: moyen general % Avant L | AE3: moyen general % Aaprés L
A4: 44252 | B4: 85 | C4: =IF(AC4>0,((B4-R4)+(S4-B5)),IF(B5=0, ,(B4-B5))) -> 3 | D4: 85 | E4: =IF(AC4>0,((D4-U4)+(V4-D5)),IF(D5=0, ,(D4-D5))) -> 0 | F4: 81 | G4: =IF(AC4>0,((F4-X4)+(Y4-F5)),IF(F5=0, ,(F4-F5))) -> 1 | H4: 83 | I4: =IF(AC4>0,((H4-AA4)+(AB4-H5)),IF(H5=0, ,(H4-H5))) -> 3 | J4: =B4+D4+F4+H4 -> 334 | K4: =J4/4 -> 83.5 | L4: =IF(AC4>0,((K4-AD4)+(AE4-K5)),IF(K5=0, ,(K4-K5))) -> 1.75 | M4: =7000*4 -> 28000 | N4: =L4*M4/100 -> 490 | O4: =N4*0.53 -> 259.7 | P4: =O4*9.247 -> 2401.4459 | AC4: =Q4+T4+W4+Z4 -> 0 | AD4: =(R4+U4+X4+AA4)/4 -> 0 | AE4: =(S4+V4+Y4+AB4)/4 -> 0
A5: =(A4+1) -> 44253 | B5: 82 | C5: =IF(AC5>0,((B5-R5)+(S5-B6)),IF(B6=0, ,(B5-B6))) -> 2 | D5: 85 | E5: =IF(AC5>0,((D5-U5)+(V5-D6)),IF(D6=0, ,(D5-D6))) -> 5 | F5: 80 | G5: =IF(AC5>0,((F5-X5)+(Y5-F6)),IF(F6=0, ,(F5-F6))) -> 4 | H5: 80 | I5: =IF(AC5>0,((H5-AA5)+(AB5-H6)),IF(H6=0, ,(H5-H6))) -> 0 | J5: =B5+D5+F5+H5 -> 327 | K5: =J5/4 -> 81.75 | L5: =IF(AC5>0,((K5-AD5)+(AE5-K6)),IF(K6=0, ,(K5-K6))) -> 2.75 | M5: =7000*4 -> 28000 | N5: =L5*M5/100 -> 770 | O5: =N5*0.53 -> 408.1 | P5: =O5*9.247 -> 3773.7007 | AC5: =Q5+T5+W5+Z5 -> 0 | AD5: =(R5+U5+X5+AA5)/4 -> 0 | AE5: =(S5+V5+Y5+AB5)/4 -> 0
A6: =(A5+1) -> 44254 | B6: 80 | C6: =IF(AC6>0,((B6-R6)+(S6-B7)),IF(B7=0, ,(B6-B7))) -> 2 | D6: 80 | E6: =IF(AC6>0,((D6-U6)+(V6-D7)),IF(D7=0, ,(D6-D7))) -> 1 | F6: 76 | G6: =IF(AC6>0,((F6-X6)+(Y6-F7)),IF(F7=0, ,(F6-F7))) -> 2 | H6: 80 | I6: =IF(AC6>0,((H6-AA6)+(AB6-H7)),IF(H7=0, ,(H6-H7))) -> 5 | J6: =B6+D6+F6+H6 -> 316 | K6: =J6/4 -> 79 | L6: =IF(AC6>0,((K6-AD6)+(AE6-K7)),IF(K7=0, ,(K6-K7))) -> 2.5 | M6: =7000*4 -> 28000 | N6: =L6*M6/100 -> 700 | O6: =N6*0.53 -> 371 | P6: =O6*9.247 -> 3430.637 | AC6: =Q6+T6+W6+Z6 -> 0 | AD6: =(R6+U6+X6+AA6)/4 -> 0 | AE6: =(S6+V6+Y6+AB6)/4 -> 0
A7: =(A6+1) -> 44255 | B7: 78 | C7: =IF(AC7>0,((B7-R7)+(S7-B8)),IF(B8=0, ,(B7-B8))) -> 3 | D7: 79 | E7: =IF(AC7>0,((D7-U7)+(V7-D8)),IF(D8=0, ,(D7-D8))) -> 1 | F7: 74 | G7: =IF(AC7>0,((F7-X7)+(Y7-F8)),IF(F8=0, ,(F7-F8))) -> 2 | H7: 75 | I7: =IF(AC7>0,((H7-AA7)+(AB7-H8)),IF(H8=0, ,(H7-H8))) -> 5 | J7: =B7+D7+F7+H7 -> 306 | K7: =J7/4 -> 76.5 | L7: =IF(AC7>0,((K7-AD7)+(AE7-K8)),IF(K8=0, ,(K7-K8))) -> 2.75 | M7: =7000*4 -> 28000 | N7: =L7*M7/100 -> 770 | O7: =N7*0.53 -> 408.1 | P7: =O7*9.247 -> 3773.7007 | AC7: =Q7+T7+W7+Z7 -> 0 | AD7: =(R7+U7+X7+AA7)/4 -> 0 | AE7: =(S7+V7+Y7+AB7)/4 -> 0
A8: =(A7+1) -> 44256 | B8: 75 | C8: =IF(AC8>0,((B8-R8)+(S8-B9)),IF(B9=0, ,(B8-B9))) -> 3 | D8: 78 | E8: =IF(AC8>0,((D8-U8)+(V8-D9)),IF(D9=0, ,(D8-D9))) -> 3 | F8: 72 | G8: =IF(AC8>0,((F8-X8)+(Y8-F9)),IF(F9=0, ,(F8-F9))) -> 1 | H8: 70 | I8: =IF(AC8>0,((H8-AA8)+(AB8-H9)),IF(H9=0, ,(H8-H9))) -> 0 | J8: =B8+D8+F8+H8 -> 295 | K8: =J8/4 -> 73.75 | L8: =IF(AC8>0,((K8-AD8)+(AE8-K9)),IF(K9=0, ,(K8-K9))) -> 1.75 | M8: =7000*4 -> 28000 | N8: =L8*M8/100 -> 490 | O8: =N8*0.53 -> 259.7 | P8: =O8*9.247 -> 2401.4459 | AC8: =Q8+T8+W8+Z8 -> 0 | AD8: =(R8+U8+X8+AA8)/4 -> 0 | AE8: =(S8+V8+Y8+AB8)/4 -> 0
A9: =(A8+1) -> 44257 | B9: 72 | C9: =IF(AC9>0,((B9-R9)+(S9-B10)),IF(B10=0, ,(B9-B10))) -> 1 | D9: 75 | E9: =IF(AC9>0,((D9-U9)+(V9-D10)),IF(D10=0, ,(D9-D10))) -> 2 | F9: 71 | G9: =IF(AC9>0,((F9-X9)+(Y9-F10)),IF(F10=0, ,(F9-F10))) -> 2 | H9: 70 | I9: =IF(AC9>0,((H9-AA9)+(AB9-H10)),IF(H10=0, ,(H9-H10))) -> 0 | J9: =B9+D9+F9+H9 -> 288 | K9: =J9/4 -> 72 | L9: =IF(AC9>0,((K9-AD9)+(AE9-K10)),IF(K10=0, ,(K9-K10))) -> 1.25 | M9: =7000*4 -> 28000 | N9: =L9*M9/100 -> 350 | O9: =N9*0.53 -> 185.5 | P9: =O9*9.247 -> 1715.3185 | AC9: =Q9+T9+W9+Z9 -> 0 | AD9: =(R9+U9+X9+AA9)/4 -> 0 | AE9: =(S9+V9+Y9+AB9)/4 -> 0
A10: =(A9+1) -> 44258 | B10: 71 | C10: =IF(AC10>0,((B10-R10)+(S10-B11)),IF(B11=0, ,(B10-B11))) -> 1 | D10: 73 | E10: =IF(AC10>0,((D10-U10)+(V10-D11)),IF(D11=0, ,(D10-D11))) -> -1 | F10: 69 | G10: =IF(AC10>0,((F10-X10)+(Y10-F11)),IF(F11=0, ,(F10-F11))) -> 1 | H10: 70 | I10: =IF(AC10>0,((H10-AA10)+(AB10-H11)),IF(H11=0, ,(H10-H11))) -> 3 | J10: =B10+D10+F10+H10 -> 283 | K10: =J10/4 -> 70.75 | L10: =IF(AC10>0,((K10-AD10)+(AE10-K11)),IF(K11=0, ,(K10-K11))) -> 1 | M10: =7000*4 -> 28000 | N10: =L10*M10/100 -> 280 | O10: =N10*0.53 -> 148.4 | P10: =O10*9.247 -> 1372.2548 | AC10: =Q10+T10+W10+Z10 -> 0 | AD10: =(R10+U10+X10+AA10)/4 -> 0 | AE10: =(S10+V10+Y10+AB10)/4 -> 0
A11: =(A10+1) -> 44259 | B11: 70 | C11: =IF(AC11>0,((B11-R11)+(S11-B12)),IF(B12=0, ,(B11-B12))) -> 0 | D11: 74 | E11: =IF(AC11>0,((D11-U11)+(V11-D12)),IF(D12=0, ,(D11-D12))) -> 0 | F11: 68 | G11: =IF(AC11>0,((F11-X11)+(Y11-F12)),IF(F12=0, ,(F11-F12))) -> 2 | H11: 67 | I11: =IF(AC11>0,((H11-AA11)+(AB11-H12)),IF(H12=0, ,(H11-H12))) -> 2 | J11: =B11+D11+F11+H11 -> 279 | K11: =J11/4 -> 69.75 | L11: =IF(AC11>0,((K11-AD11)+(AE11-K12)),IF(K12=0, ,(K11-K12))) -> 1 | M11: =7000*4 -> 28000 | N11: =L11*M11/100 -> 280 | O11: =N11*0.53 -> 148.4 | P11: =O11*9.247 -> 1372.2548 | Q11: 1526 | R11: 70 | S11: 85 | T11: 1277 | U11: 74 | V11: 85 | W11: 1590 | X11: 67 | Y11: 85 | Z11: 1417 | AA11: 67 | AB11: 85 | AC11: =Q11+T11+W11+Z11 -> 5810 | AD11: =(R11+U11+X11+AA11)/4 -> 69.5 | AE11: =(S11+V11+Y11+AB11)/4 -> 85
A12: =(A11+1) -> 44260 | B12: 85 | C12: =IF(AC12>0,((B12-R12)+(S12-B13)),IF(B13=0, ,(B12-B13))) -> 1 | D12: 85 | E12: =IF(AC12>0,((D12-U12)+(V12-D13)),IF(D13=0, ,(D12-D13))) -> 0 | F12: 84 | G12: =IF(AC12>0,((F12-X12)+(Y12-F13)),IF(F13=0, ,(F12-F13))) -> 0 | H12: 83 | I12: =IF(AC12>0,((H12-AA12)+(AB12-H13)),IF(H13=0, ,(H12-H13))) -> 0 | J12: =B12+D12+F12+H12 -> 337 | K12: =J12/4 -> 84.25 | L12: =IF(AC12>0,((K12-AD12)+(AE12-K13)),IF(K13=0, ,(K12-K13))) -> 0.25 | M12: =7000*4 -> 28000 | N12: =L12*M12/100 -> 70 | O12: =N12*0.53 -> 37.1 | P12: =O12*9.247 -> 343.0637 | AC12: =Q12+T12+W12+Z12 -> 0 | AD12: =(R12+U12+X12+AA12)/4 -> 0 | AE12: =(S12+V12+Y12+AB12)/4 -> 0
A13: =(A12+1) -> 44261 | B13: 84 | C13: 0 | D13: 85 | E13: 1 | F13: 84 | G13: 0 | H13: 83 | I13: 0 | J13: =B13+D13+F13+H13 -> 336 | K13: =J13/4 -> 84 | L13: =IF(AC13>0,((K13-AD13)+(AE13-K14)),IF(K14=0, ,(K13-K14))) -> 0.25 | M13: =7000*4 -> 28000 | N13: =L13*M13/100 -> 70 | O13: =N13*0.53 -> 37.1 | P13: =O13*9.247 -> 343.0637 | AC13: =Q13+T13+W13+Z13 -> 0 | AD13: =(R13+U13+X13+AA13)/4 -> 0 | AE13: =(S13+V13+Y13+AB13)/4 -> 0
A14: =(A13+1) -> 44262 | B14: 84 | C14: 0 | D14: 84 | E14: 0 | F14: 84 | G14: 1 | H14: 83 | I14: =IF(AC14>0,((H14-AA14)+(AB14-H15)),IF(H15=0, ,(H14-H15))) -> 3 | J14: =B14+D14+F14+H14 -> 335 | K14: =J14/4 -> 83.75 | L14: =IF(AC14>0,((K14-AD14)+(AE14-K15)),IF(K15=0, ,(K14-K15))) -> 1 | M14: =7000*4 -> 28000 | N14: =L14*M14/100 -> 280 | O14: =N14*0.53 -> 148.4 | P14: =O14*9.247 -> 1372.2548 | AC14: =Q14+T14+W14+Z14 -> 0 | AD14: =(R14+U14+X14+AA14)/4 -> 0 | AE14: =(S14+V14+Y14+AB14)/4 -> 0
A15: =(A14+1) -> 44263 | B15: 84 | C15: 0 | D15: 84 | E15: 0 | F15: 83 | G15: 0 | H15: 80 | I15: 0 | J15: =B15+D15+F15+H15 -> 331 | K15: =J15/4 -> 82.75 | L15: =IF(AC15>0,((K15-AD15)+(AE15-K16)),IF(K16=0, ,(K15-K16))) -> 1.25 | M15: =7000*4 -> 28000 | N15: =L15*M15/100 -> 350 | O15: =N15*0.53 -> 185.5 | P15: =O15*9.247 -> 1715.3185 | AC15: =Q15+T15+W15+Z15 -> 0 | AD15: =(R15+U15+X15+AA15)/4 -> 0 | AE15: =(S15+V15+Y15+AB15)/4 -> 0
A16: =(A15+1) -> 44264 | B16: 82 | C16: =IF(AC16>0,((B16-R16)+(S16-B17)),IF(B17=0, ,(B16-B17))) -> 2 | D16: 84 | E16: =IF(AC16>0,((D16-U16)+(V16-D17)),IF(D17=0, ,(D16-D17))) -> 1 | F16: 80 | G16: =IF(AC16>0,((F16-X16)+(Y16-F17)),IF(F17=0, ,(F16-F17))) -> 0 | H16: 80 | I16: =IF(AC16>0,((H16-AA16)+(AB16-H17)),IF(H17=0, ,(H16-H17))) -> 2 | J16: =B16+D16+F16+H16 -> 326 | K16: =J16/4 -> 81.5 | L16: =IF(AC16>0,((K16-AD16)+(AE16-K17)),IF(K17=0, ,(K16-K17))) -> 1.25 | M16: =7000*4 -> 28000 | N16: =L16*M16/100 -> 350 | O16: =N16*0.53 -> 185.5 | P16: =O16*9.247 -> 1715.3185 | AC16: =Q16+T16+W16+Z16 -> 0 | AD16: =(R16+U16+X16+AA16)/4 -> 0 | AE16: =(S16+V16+Y16+AB16)/4 -> 0
A17: =(A16+1) -> 44265 | B17: 80 | C17: =IF(AC17>0,((B17-R17)+(S17-B18)),IF(B18=0, ,(B17-B18))) -> 1 | D17: 83 | E17: =IF(AC17>0,((D17-U17)+(V17-D18)),IF(D18=0, ,(D17-D18))) -> 3 | F17: 80 | G17: =IF(AC17>0,((F17-X17)+(Y17-F18)),IF(F18=0, ,(F17-F18))) -> 5 | H17: 78 | I17: =IF(AC17>0,((H17-AA17)+(AB17-H18)),IF(H18=0, ,(H17-H18))) -> 3 | J17: =B17+D17+F17+H17 -> 321 | K17: =J17/4 -> 80.25 | L17: =IF(AC17>0,((K17-AD17)+(AE17-K18)),IF(K18=0, ,(K17-K18))) -> 3 | M17: =7000*4 -> 28000 | N17: =L17*M17/100 -> 840 | O17: =N17*0.53 -> 445.2 | P17: =O17*9.247 -> 4116.7644 | AC17: =Q17+T17+W17+Z17 -> 0 | AD17: =(R17+U17+X17+AA17)/4 -> 0 | AE17: =(S17+V17+Y17+AB17)/4 -> 0
A18: =(A17+1) -> 44266 | B18: 79 | C18: =IF(AC18>0,((B18-R18)+(S18-B19)),IF(B19=0, ,(B18-B19))) -> 3 | D18: 80 | E18: =IF(AC18>0,((D18-U18)+(V18-D19)),IF(D19=0, ,(D18-D19))) -> 2 | F18: 75 | G18: =IF(AC18>0,((F18-X18)+(Y18-F19)),IF(F19=0, ,(F18-F19))) -> 1 | H18: 75 | I18: =IF(AC18>0,((H18-AA18)+(AB18-H19)),IF(H19=0, ,(H18-H19))) -> 0 | J18: =B18+D18+F18+H18 -> 309 | K18: =J18/4 -> 77.25 | L18: =IF(AC18>0,((K18-AD18)+(AE18-K19)),IF(K19=0, ,(K18-K19))) -> 1.5 | M18: =7000*4 -> 28000 | N18: =L18*M18/100 -> 420 | O18: =N18*0.53 -> 222.6 | P18: =O18*9.247 -> 2058.3822 | AC18: =Q18+T18+W18+Z18 -> 0 | AD18: =(R18+U18+X18+AA18)/4 -> 0 | AE18: =(S18+V18+Y18+AB18)/4 -> 0
A19: =(A18+1) -> 44267 | B19: 76 | C19: =IF(AC19>0,((B19-R19)+(S19-B20)),IF(B20=0, ,(B19-B20))) -> 2 | D19: 78 | E19: =IF(AC19>0,((D19-U19)+(V19-D20)),IF(D20=0, ,(D19-D20))) -> 1 | F19: 74 | G19: =IF(AC19>0,((F19-X19)+(Y19-F20)),IF(F20=0, ,(F19-F20))) -> 3 | H19: 75 | I19: =IF(AC19>0,((H19-AA19)+(AB19-H20)),IF(H20=0, ,(H19-H20))) -> 1 | J19: =B19+D19+F19+H19 -> 303 | K19: =J19/4 -> 75.75 | L19: =IF(AC19>0,((K19-AD19)+(AE19-K20)),IF(K20=0, ,(K19-K20))) -> 1.75 | M19: =7000*4 -> 28000 | N19: =L19*M19/100 -> 490 | O19: =N19*0.53 -> 259.7 | P19: =O19*9.247 -> 2401.4459 | AC19: =Q19+T19+W19+Z19 -> 0 | AD19: =(R19+U19+X19+AA19)/4 -> 0 | AE19: =(S19+V19+Y19+AB19)/4 -> 0
A20: =(A19+1) -> 44268 | B20: 74 | C20: =IF(AC20>0,((B20-R20)+(S20-B21)),IF(B21=0, ,(B20-B21))) -> 1 | D20: 77 | E20: =IF(AC20>0,((D20-U20)+(V20-D21)),IF(D21=0, ,(D20-D21))) -> 1 | F20: 71 | G20: =IF(AC20>0,((F20-X20)+(Y20-F21)),IF(F21=0, ,(F20-F21))) -> 1 | H20: 74 | I20: =IF(AC20>0,((H20-AA20)+(AB20-H21)),IF(H21=0, ,(H20-H21))) -> 2 | J20: =B20+D20+F20+H20 -> 296 | K20: =J20/4 -> 74 | L20: =IF(AC20>0,((K20-AD20)+(AE20-K21)),IF(K21=0, ,(K20-K21))) -> 1.25 | M20: =7000*4 -> 28000 | N20: =L20*M20/100 -> 350 | O20: =N20*0.53 -> 185.5 | P20: =O20*9.247 -> 1715.3185 | Q20: 1036 | R20: 74 | S20: 85 | T20: 934 | U20: 77 | V20: 85 | W20: 1237 | X20: 71 | Y20: 85 | Z20: 1225 | AA20: 74 | AB20: 85 | AC20: =Q20+T20+W20+Z20 -> 4432 | AD20: =(R20+U20+X20+AA20)/4 -> 74 | AE20: =(S20+V20+Y20+AB20)/4 -> 85
A21: =(A20+1) -> 44269 | B21: 84 | C21: =IF(AC21>0,((B21-R21)+(S21-B22)),IF(B22=0, ,(B21-B22))) -> 0 | D21: 84 | E21: =IF(AC21>0,((D21-U21)+(V21-D22)),IF(D22=0, ,(D21-D22))) -> 0 | F21: 84 | G21: =IF(AC21>0,((F21-X21)+(Y21-F22)),IF(F22=0, ,(F21-F22))) -> 0 | H21: 83 | I21: =IF(AC21>0,((H21-AA21)+(AB21-H22)),IF(H22=0, ,(H21-H22))) -> 0 | J21: =B21+D21+F21+H21 -> 335 | K21: =J21/4 -> 83.75 | L21: =IF(AC21>0,((K21-AD21)+(AE21-K22)),IF(K22=0, ,(K21-K22))) -> 0 | M21: =7000*4 -> 28000 | N21: =L21*M21/100 -> 0 | O21: =N21*0.53 -> 0 | P21: =O21*9.247 -> 0 | AC21: =Q21+T21+W21+Z21 -> 0 | AD21: =(R21+U21+X21+AA21)/4 -> 0 | AE21: =(S21+V21+Y21+AB21)/4 -> 0
A22: =(A21+1) -> 44270 | C22: =IF(AC22>0,((B22-R22)+(S22-B23)),IF(B23=0, ,(B22-B23))) -> 0 | E22: =IF(AC22>0,((D22-U22)+(V22-D23)),IF(D23=0, ,(D22-D23))) -> 0 | G22: =IF(AC22>0,((F22-X22)+(Y22-F23)),IF(F23=0, ,(F22-F23))) -> 0 | I22: =IF(AC22>0,((H22-AA22)+(AB22-H23)),IF(H23=0, ,(H22-H23))) -> 0 | J22: =B22+D22+F22+H22 -> 0 | K22: =J22/4 -> 0 | L22: =IF(AC22>0,((K22-AD22)+(AE22-K23)),IF(K23=0, ,(K22-K23))) -> 0 | M22: =7000*4 -> 28000 | N22: =L22*M22/100 -> 0 | O22: =N22*0.53 -> 0 | P22: =O22*9.247 -> 0 | AC22: =Q22+T22+W22+Z22 -> 0 | AD22: =(R22+U22+X22+AA22)/4 -> 0 | AE22: =(S22+V22+Y22+AB22)/4 -> 0
A23: =(A22+1) -> 44271 | C23: =IF(AC23>0,((B23-R23)+(S23-B24)),IF(B24=0, ,(B23-B24))) -> 0 | E23: =IF(AC23>0,((D23-U23)+(V23-D24)),IF(D24=0, ,(D23-D24))) -> 0 | G23: =IF(AC23>0,((F23-X23)+(Y23-F24)),IF(F24=0, ,(F23-F24))) -> 0 | I23: =IF(AC23>0,((H23-AA23)+(AB23-H24)),IF(H24=0, ,(H23-H24))) -> 0 | J23: =B23+D23+F23+H23 -> 0 | K23: =J23/4 -> 0 | L23: =IF(AC23>0,((K23-AD23)+(AE23-K24)),IF(K24=0, ,(K23-K24))) -> 0 | M23: =7000*4 -> 28000 | N23: =L23*M23/100 -> 0 | O23: =N23*0.53 -> 0 | P23: =O23*9.247 -> 0 | AC23: =Q23+T23+W23+Z23 -> 0 | AD23: =(R23+U23+X23+AA23)/4 -> 0 | AE23: =(S23+V23+Y23+AB23)/4 -> 0
A24: =(A23+1) -> 44272 | C24: =IF(AC24>0,((B24-R24)+(S24-B25)),IF(B25=0, ,(B24-B25))) -> 0 | E24: =IF(AC24>0,((D24-U24)+(V24-D25)),IF(D25=0, ,(D24-D25))) -> 0 | G24: =IF(AC24>0,((F24-X24)+(Y24-F25)),IF(F25=0, ,(F24-F25))) -> 0 | I24: =IF(AC24>0,((H24-AA24)+(AB24-H25)),IF(H25=0, ,(H24-H25))) -> 0 | J24: =B24+D24+F24+H24 -> 0 | K24: =J24/4 -> 0 | L24: =IF(AC24>0,((K24-AD24)+(AE24-K25)),IF(K25=0, ,(K24-K25))) -> 0 | M24: =7000*4 -> 28000 | N24: =L24*M24/100 -> 0 | O24: =N24*0.53 -> 0 | P24: =O24*9.247 -> 0 | AC24: =Q24+T24+W24+Z24 -> 0 | AD24: =(R24+U24+X24+AA24)/4 -> 0 | AE24: =(S24+V24+Y24+AB24)/4 -> 0
A25: =(A24+1) -> 44273 | C25: =IF(AC25>0,((B25-R25)+(S25-B26)),IF(B26=0, ,(B25-B26))) -> 0 | E25: =IF(AC25>0,((D25-U25)+(V25-D26)),IF(D26=0, ,(D25-D26))) -> 0 | G25: =IF(AC25>0,((F25-X25)+(Y25-F26)),IF(F26=0, ,(F25-F26))) -> 0 | I25: =IF(AC25>0,((H25-AA25)+(AB25-H26)),IF(H26=0, ,(H25-H26))) -> 0 | J25: =B25+D25+F25+H25 -> 0 | K25: =J25/4 -> 0 | L25: =IF(AC25>0,((K25-AD25)+(AE25-K26)),IF(K26=0, ,(K25-K26))) -> 0 | M25: =7000*4 -> 28000 | N25: =L25*M25/100 -> 0 | O25: =N25*0.53 -> 0 | P25: =O25*9.247 -> 0 | AC25: =Q25+T25+W25+Z25 -> 0 | AD25: =(R25+U25+X25+AA25)/4 -> 0 | AE25: =(S25+V25+Y25+AB25)/4 -> 0
A26: =(A25+1) -> 44274 | C26: =IF(AC26>0,((B26-R26)+(S26-B27)),IF(B27=0, ,(B26-B27))) -> 0 | E26: =IF(AC26>0,((D26-U26)+(V26-D27)),IF(D27=0, ,(D26-D27))) -> 0 | G26: =IF(AC26>0,((F26-X26)+(Y26-F27)),IF(F27=0, ,(F26-F27))) -> 0 | I26: =IF(AC26>0,((H26-AA26)+(AB26-H27)),IF(H27=0, ,(H26-H27))) -> 0 | J26: =B26+D26+F26+H26 -> 0 | K26: =J26/4 -> 0 | L26: =IF(AC26>0,((K26-AD26)+(AE26-K27)),IF(K27=0, ,(K26-K27))) -> 0 | M26: =7000*4 -> 28000 | N26: =L26*M26/100 -> 0 | O26: =N26*0.53 -> 0 | P26: =O26*9.247 -> 0 | AC26: =Q26+T26+W26+Z26 -> 0 | AD26: =(R26+U26+X26+AA26)/4 -> 0 | AE26: =(S26+V26+Y26+AB26)/4 -> 0
A27: =(A26+1) -> 44275 | C27: =IF(AC27>0,((B27-R27)+(S27-B28)),IF(B28=0, ,(B27-B28))) -> 0 | E27: =IF(AC27>0,((D27-U27)+(V27-D28)),IF(D28=0, ,(D27-D28))) -> 0 | G27: =IF(AC27>0,((F27-X27)+(Y27-F28)),IF(F28=0, ,(F27-F28))) -> 0 | I27: =IF(AC27>0,((H27-AA27)+(AB27-H28)),IF(H28=0, ,(H27-H28))) -> 0 | J27: =B27+D27+F27+H27 -> 0 | K27: =J27/4 -> 0 | L27: =IF(AC27>0,((K27-AD27)+(AE27-K28)),IF(K28=0, ,(K27-K28))) -> 0 | M27: =7000*4 -> 28000 | N27: =L27*M27/100 -> 0 | O27: =N27*0.53 -> 0 | P27: =O27*9.247 -> 0 | AC27: =Q27+T27+W27+Z27 -> 0 | AD27: =(R27+U27+X27+AA27)/4 -> 0 | AE27: =(S27+V27+Y27+AB27)/4 -> 0
A28: =(A27+1) -> 44276 | C28: =IF(AC28>0,((B28-R28)+(S28-B29)),IF(B29=0, ,(B28-B29))) -> 0 | E28: =IF(AC28>0,((D28-U28)+(V28-D29)),IF(D29=0, ,(D28-D29))) -> 0 | G28: =IF(AC28>0,((F28-X28)+(Y28-F29)),IF(F29=0, ,(F28-F29))) -> 0 | I28: =IF(AC28>0,((H28-AA28)+(AB28-H29)),IF(H29=0, ,(H28-H29))) -> 0 | J28: =B28+D28+F28+H28 -> 0 | K28: =J28/4 -> 0 | L28: =IF(AC28>0,((K28-AD28)+(AE28-K29)),IF(K29=0, ,(K28-K29))) -> 0 | M28: =7000*4 -> 28000 | N28: =L28*M28/100 -> 0 | O28: =N28*0.53 -> 0 | P28: =O28*9.247 -> 0 | AC28: =Q28+T28+W28+Z28 -> 0 | AD28: =(R28+U28+X28+AA28)/4 -> 0 | AE28: =(S28+V28+Y28+AB28)/4 -> 0
A29: =(A28+1) -> 44277 | C29: =IF(AC29>0,((B29-R29)+(S29-B30)),IF(B30=0, ,(B29-B30))) -> 0 | E29: =IF(AC29>0,((D29-U29)+(V29-D30)),IF(D30=0, ,(D29-D30))) -> 0 | G29: =IF(AC29>0,((F29-X29)+(Y29-F30)),IF(F30=0, ,(F29-F30))) -> 0 | I29: =IF(AC29>0,((H29-AA29)+(AB29-H30)),IF(H30=0, ,(H29-H30))) -> 0 | J29: =B29+D29+F29+H29 -> 0 | K29: =J29/4 -> 0 | L29: =IF(AC29>0,((K29-AD29)+(AE29-K30)),IF(K30=0, ,(K29-K30))) -> 0 | M29: =7000*4 -> 28000 | N29: =L29*M29/100 -> 0 | O29: =N29*0.53 -> 0 | P29: =O29*9.247 -> 0 | AC29: =Q29+T29+W29+Z29 -> 0 | AD29: =(R29+U29+X29+AA29)/4 -> 0 | AE29: =(S29+V29+Y29+AB29)/4 -> 0
A30: =(A29+1) -> 44278 | C30: =IF(AC30>0,((B30-R30)+(S30-B31)),IF(B31=0, ,(B30-B31))) -> 0 | E30: =IF(AC30>0,((D30-U30)+(V30-D31)),IF(D31=0, ,(D30-D31))) -> 0 | G30: =IF(AC30>0,((F30-X30)+(Y30-F31)),IF(F31=0, ,(F30-F31))) -> 0 | I30: =IF(AC30>0,((H30-AA30)+(AB30-H31)),IF(H31=0, ,(H30-H31))) -> 0 | J30: =B30+D30+F30+H30 -> 0 | K30: =J30/4 -> 0 | L30: =IF(AC30>0,((K30-AD30)+(AE30-K31)),IF(K31=0, ,(K30-K31))) -> 0 | M30: =7000*4 -> 28000 | N30: =L30*M30/100 -> 0 | O30: =N30*0.53 -> 0 | P30: =O30*9.247 -> 0 | AC30: =Q30+T30+W30+Z30 -> 0 | AD30: =(R30+U30+X30+AA30)/4 -> 0 | AE30: =(S30+V30+Y30+AB30)/4 -> 0
A31: =(A30+1) -> 44279 | C31: =IF(AC31>0,((B31-R31)+(S31-B32)),IF(B32=0, ,(B31-B32))) -> 0 | E31: =IF(AC31>0,((D31-U31)+(V31-D32)),IF(D32=0, ,(D31-D32))) -> 0 | G31: =IF(AC31>0,((F31-X31)+(Y31-F32)),IF(F32=0, ,(F31-F32))) -> 0 | I31: =IF(AC31>0,((H31-AA31)+(AB31-H32)),IF(H32=0, ,(H31-H32))) -> 0 | J31: =B31+D31+F31+H31 -> 0 | K31: =J31/4 -> 0 | L31: =IF(AC31>0,((K31-AD31)+(AE31-K32)),IF(K32=0, ,(K31-K32))) -> 0 | M31: =7000*4 -> 28000 | N31: =L31*M31/100 -> 0 | O31: =N31*0.53 -> 0 | P31: =O31*9.247 -> 0 | AC31: =Q31+T31+W31+Z31 -> 0 | AD31: =(R31+U31+X31+AA31)/4 -> 0 | AE31: =(S31+V31+Y31+AB31)/4 -> 0
A32: =(A31+1) -> 44280 | C32: =IF(AC32>0,((B32-R32)+(S32-B33)),IF(B33=0, ,(B32-B33))) -> 0 | E32: =IF(AC32>0,((D32-U32)+(V32-D33)),IF(D33=0, ,(D32-D33))) -> 0 | G32: =IF(AC32>0,((F32-X32)+(Y32-F33)),IF(F33=0, ,(F32-F33))) -> 0 | I32: =IF(AC32>0,((H32-AA32)+(AB32-H33)),IF(H33=0, ,(H32-H33))) -> 0 | J32: =B32+D32+F32+H32 -> 0 | K32: =J32/4 -> 0 | L32: =IF(AC32>0,((K32-AD32)+(AE32-K33)),IF(K33=0, ,(K32-K33))) -> 0 | M32: =7000*4 -> 28000 | N32: =L32*M32/100 -> 0 | O32: =N32*0.53 -> 0 | P32: =O32*9.247 -> 0 | AC32: =Q32+T32+W32+Z32 -> 0 | AD32: =(R32+U32+X32+AA32)/4 -> 0 | AE32: =(S32+V32+Y32+AB32)/4 -> 0
A33: =(A32+1) -> 44281 | C33: =IF(AC33>0,((B33-R33)+(S33-B34)),IF(B34=0, ,(B33-B34))) -> 0 | E33: =IF(AC33>0,((D33-U33)+(V33-D34)),IF(D34=0, ,(D33-D34))) -> 0 | G33: =IF(AC33>0,((F33-X33)+(Y33-F34)),IF(F34=0, ,(F33-F34))) -> 0 | I33: =IF(AC33>0,((H33-AA33)+(AB33-H34)),IF(H34=0, ,(H33-H34))) -> 0 | J33: =B33+D33+F33+H33 -> 0 | K33: =J33/4 -> 0 | L33: =IF(AC33>0,((K33-AD33)+(AE33-K34)),IF(K34=0, ,(K33-K34))) -> 0 | M33: =7000*4 -> 28000 | N33: =L33*M33/100 -> 0 | O33: =N33*0.53 -> 0 | P33: =O33*9.247 -> 0 | AC33: =Q33+T33+W33+Z33 -> 0 | AD33: =(R33+U33+X33+AA33)/4 -> 0 | AE33: =(S33+V33+Y33+AB33)/4 -> 0
... A42: =(A41+1) -> 44290 | C42: =IF(AC42>0,((B42-R42)+(S42-B43)),IF(B43=0, ,(B42-B43))) -> 0 | E42: =IF(AC42>0,((D42-U42)+(V42-D43)),IF(D43=0, ,(D42-D43))) -> 0 | G42: =IF(AC42>0,((F42-X42)+(Y42-F43)),IF(F43=0, ,(F42-F43))) -> 0 | I42: =IF(AC42>0,((H42-AA42)+(AB42-H43)),IF(H43=0, ,(H42-H43))) -> 0 | J42: =B42+D42+F42+H42 -> 0 | K42: =J42/4 -> 0 | L42: =IF(AC42>0,((K42-AD42)+(AE42-K43)),IF(K43=0, ,(K42-K43))) -> 0 | M42: =7000*4 -> 28000 | N42: =L42*M42/100 -> 0 | O42: =N42*0.53 -> 0 | P42: =O42*9.247 -> 0 | AC42: =Q42+T42+W42+Z42 -> 0 | AD42: =(R42+U42+X42+AA42)/4 -> 0 | AE42: =(S42+V42+Y42+AB42)/4 -> 0
C43: =SUM(C8:C38) -> 15 | E43: =SUM(E8:E38) -> 13 | G43: =SUM(G8:G38) -> 17 | I43: =SUM(I8:I38) -> 16 | N43: =SUM(N8:N38) -> 4620 | O43: =N43*0.53 -> 2448.6 | P43: =O43*9.247 -> 22642.204 | Q43: =SUM(Q8:Q38) -> 2562 | T43: =SUM(T8:T38) -> 2211 | W43: =SUM(W8:W38) -> 2827 | Z43: =SUM(Z8:Z38) -> 2642 | AC43: =SUM(AC8:AC38) -> 10242
Q44: =Q43+T43+W43+Z43 -> 10242 | AC44: =Q43+T43+W43+Z43 -> 10242
K46: Litre | L46: Kg | M46: DH
H47: Consommation du mois | K47: =N43 -> 4620 | L47: =O43 -> 2448.6 | M47: =P43 -> 22642.204
H48: Livraison du mois | K48: =AC43 -> 10242 | L48: =K48*0.53 -> 5428.26 | M48: =L48*9.247 -> 50195.12

Sheet Suivi EAU-ELEC
C1: Suivi Compteur d'Eau- électricité RADEEMA -
D5: =SUM(C16:C45) -> 2458
A7: Date | B7: Eau m3 | D7: Electricité Kw/h
B8: Compteur | C8: Consommation | D8: Compteur H.Creuse | E8: Consommation H.Creuse | F8: Compteur H.Pleine | G8: Consommation H.Pleine | H8: Compteur H.Pointe | I8: Consommation H.Pointe
A9: 44252 | B9: 10895 | C9: =IF(B10<B9,0,B10-B9) -> 293 | D9: 19110867 | E9: =IF(D10<D9,0,D10-D9) -> 2938 | F9: 34190567 | G9: =IF(F10<F9,0,F10-F9) -> 5070 | H9: 15144196 | I9: =IF(H10<H9,0,H10-H9) -> 2003
A10: =(A9+1) -> 44253 | B10: 11188 | C10: =IF(B11<B10,0,B11-B10) -> 292 | D10: 19113805 | E10: =IF(D11<D10,0,D11-D10) -> 3187 | F10: 34195637 | G10: =IF(F11<F10,0,F11-F10) -> 5164 | H10: 15146199 | I10: =IF(H11<H10,0,H11-H10) -> 2165
A11: =(A10+1) -> 44254 | B11: 11480 | C11: =IF(B12<B11,0,B12-B11) -> 283 | D11: 19116992 | E11: =IF(D12<D11,0,D12-D11) -> 3159 | F11: 34200801 | G11: =IF(F12<F11,0,F12-F11) -> 5073 | H11: 15148364 | I11: =IF(H12<H11,0,H12-H11) -> 2315
A12: =(A11+1) -> 44255 | B12: 11763 | C12: =IF(B13<B12,0,B13-B12) -> 196 | D12: 19120151 | E12: =IF(D13<D12,0,D13-D12) -> 3073 | F12: 34205874 | G12: =IF(F13<F12,0,F13-F12) -> 4956 | H12: 15150679 | I12: =IF(H13<H12,0,H13-H12) -> 2143
A13: =(A12+1) -> 44256 | B13: 11959 | C13: =IF(B14<B13,0,B14-B13) -> 218 | D13: 19123224 | E13: =IF(D14<D13,0,D14-D13) -> 2692 | F13: 34210830 | G13: =IF(F14<F13,0,F14-F13) -> 4257 | H13: 15152822 | I13: =IF(H14<H13,0,H14-H13) -> 1779
A14: =(A13+1) -> 44257 | B14: 12177 | C14: =IF(B15<B14,0,B15-B14) -> 187 | D14: 19125916 | E14: =IF(D15<D14,0,D15-D14) -> 3026 | F14: 34215087 | G14: =IF(F15<F14,0,F15-F14) -> 4263 | H14: 15154601 | I14: =IF(H15<H14,0,H15-H14) -> 1929
A15: =(A14+1) -> 44258 | B15: 12364 | C15: =IF(B16<B15,0,B16-B15) -> 241 | D15: 19128942 | E15: =IF(D16<D15,0,D16-D15) -> 2658 | F15: 34219350 | G15: =IF(F16<F15,0,F16-F15) -> 4751 | H15: 15156530 | I15: =IF(H16<H15,0,H16-H15) -> 2118
A16: =(A15+1) -> 44259 | B16: 12605 | C16: =IF(B17<B16,0,B17-B16) -> 217 | D16: 19131600 | E16: =IF(D17<D16,0,D17-D16) -> 2810 | F16: 34224101 | G16: =IF(F17<F16,0,F17-F16) -> 4340 | H16: 15158648 | I16: =IF(H17<H16,0,H17-H16) -> 1836
A17: =(A16+1) -> 44260 | B17: 12822 | C17: =IF(B18<B17,0,B18-B17) -> 235 | D17: 19134410 | E17: =IF(D18<D17,0,D18-D17) -> 2839 | F17: 34228441 | G17: =IF(F18<F17,0,F18-F17) -> 4373 | H17: 15160484 | I17: =IF(H18<H17,0,H18-H17) -> 1959
A18: =(A17+1) -> 44261 | B18: 13057 | C18: =IF(B19<B18,0,B19-B18) -> 269 | D18: 19137249 | E18: =IF(D19<D18,0,D19-D18) -> 2877 | F18: 34232814 | G18: =IF(F19<F18,0,F19-F18) -> 4291 | H18: 15162443 | I18: =IF(H19<H18,0,H19-H18) -> 1909
A19: =(A18+1) -> 44262 | B19: 13326 | C19: =IF(B20<B19,0,B20-B19) -> 169 | D19: 19140126 | E19: =IF(D20<D19,0,D20-D19) -> 2793 | F19: 34237105 | G19: =IF(F20<F19,0,F20-F19) -> 4522 | H19: 15164352 | I19: =IF(H20<H19,0,H20-H19) -> 1756
A20: =(A19+1) -> 44263 | B20: 13495 | C20: =IF(B21<B20,0,B21-B20) -> 323 | D20: 19142919 | E20: =IF(D21<D20,0,D21-D20) -> 2820 | F20: 34241627 | G20: =IF(F21<F20,0,F21-F20) -> 4801 | H20: 15166108 | I20: =IF(H21<H20,0,H21-H20) -> 1862
A21: =(A20+1) -> 44264 | B21: 13818 | C21: =IF(B22<B21,0,B22-B21) -> 220 | D21: 19145739 | E21: =IF(D22<D21,0,D22-D21) -> 2772 | F21: 34246428 | G21: =IF(F22<F21,0,F22-F21) -> 4689 | H21: 15167970 | I21: =IF(H22<H21,0,H22-H21) -> 1969
... A26: =(A25+1) -> 44269 | B26: 15063 | C26: =IF(B27<B26,0,B27-B26) -> 0 | D26: 19160117 | E26: =IF(D27<D26,0,D27-D26) -> 0 | F26: 34270004 | G26: =IF(F27<F26,0,F27-F26) -> 0 | H26: 15177676 | I26: =IF(H27<H26,0,H27-H26) -> 0
A27: =(A26+1) -> 44270 | C27: =IF(B28<B27,0,B28-B27) -> 0 | E27: =IF(D28<D27,0,D28-D27) -> 0 | G27: =IF(F28<F27,0,F28-F27) -> 0 | I27: =IF(H28<H27,0,H28-H27) -> 0
A28: =(A27+1) -> 44271 | C28: =IF(B29<B28,0,B29-B28) -> 0 | E28: =IF(D29<D28,0,D29-D28) -> 0 | G28: =IF(F29<F28,0,F29-F28) -> 0 | I28: =IF(H29<H28,0,H29-H28) -> 0
A29: =(A28+1) -> 44272 | C29: =IF(B30<B29,0,B30-B29) -> 0 | E29: =IF(D30<D29,0,D30-D29) -> 0 | G29: =IF(F30<F29,0,F30-F29) -> 0 | I29: =IF(H30<H29,0,H30-H29) -> 0
A30: =(A29+1) -> 44273 | C30: =IF(B31<B30,0,B31-B30) -> 0 | E30: =IF(D31<D30,0,D31-D30) -> 0 | G30: =IF(F31<F30,0,F31-F30) -> 0 | I30: =IF(H31<H30,0,H31-H30) -> 0
A31: =(A30+1) -> 44274 | C31: =IF(B32<B31,0,B32-B31) -> 0 | E31: =IF(D32<D31,0,D32-D31) -> 0 | G31: =IF(F32<F31,0,F32-F31) -> 0 | I31: =IF(H32<H31,0,H32-H31) -> 0
A32: =(A31+1) -> 44275 | C32: =IF(B33<B32,0,B33-B32) -> 0 | E32: =IF(D33<D32,0,D33-D32) -> 0 | G32: =IF(F33<F32,0,F33-F32) -> 0 | I32: =IF(H33<H32,0,H33-H32) -> 0
A33: =(A32+1) -> 44276 | C33: =IF(B34<B33,0,B34-B33) -> 0 | E33: =IF(D34<D33,0,D34-D33) -> 0 | G33: =IF(F34<F33,0,F34-F33) -> 0 | I33: =IF(H34<H33,0,H34-H33) -> 0
A34: =(A33+1) -> 44277 | C34: =IF(B35<B34,0,B35-B34) -> 0 | E34: =IF(D35<D34,0,D35-D34) -> 0 | G34: =IF(F35<F34,0,F35-F34) -> 0 | I34: =IF(H35<H34,0,H35-H34) -> 0
A35: =(A34+1) -> 44278 | C35: =IF(B36<B35,0,B36-B35) -> 0 | E35: =IF(D36<D35,0,D36-D35) -> 0 | G35: =IF(F36<F35,0,F36-F35) -> 0 | I35: =IF(H36<H35,0,H36-H35) -> 0
A36: =(A35+1) -> 44279 | C36: =IF(B37<B36,0,B37-B36) -> 0 | E36: =IF(D37<D36,0,D37-D36) -> 0 | G36: =IF(F37<F36,0,F37-F36) -> 0 | I36: =IF(H37<H36,0,H37-H36) -> 0
A37: =(A36+1) -> 44280 | C37: =IF(B38<B37,0,B38-B37) -> 0 | E37: =IF(D38<D37,0,D38-D37) -> 0 | G37: =IF(F38<F37,0,F38-F37) -> 0 | I37: =IF(H38<H37,0,H38-H37) -> 0
A38: =(A37+1) -> 44281 | C38: =IF(B39<B38,0,B39-B38) -> 0 | E38: =IF(D39<D38,0,D39-D38) -> 0 | G38: =IF(F39<F38,0,F39-F38) -> 0 | I38: =IF(H39<H38,0,H39-H38) -> 0
... A47: =(A46+1) -> 44290 | C47: =IF(B48<B47,0,B48-B47) -> 0 | E47: =IF(D48<D47,0,D48-D47) -> 0 | G47: =IF(F48<F47,0,F48-F47) -> 0 | I47: =IF(H48<H47,0,H48-H47) -> 0
C48: =SUM(C13:C43) -> 3104 | E48: =SUM(E13:E43) -> 36893 | G48: =SUM(G13:G43) -> 59174 | I48: =SUM(I13:I43) -> 24854

Sheet Feuil1
