Workbook

Sheet TOTAL
A1: Site Name | B1: Day | C1: Month | D1: Year | E1: Total Electricity Kwh | F1: Electricity Tariff ($/Kwh) | G1: Natual Gas (m3) | H1: Natural Gas $/m3 | I1: Water Utility Supply (m3) m3 | J1: Water Utility Supply (m3) $/m3 | K1: Room Nights | L1: Total Guests | M1: Utilities day cost dh
A2: Mumbai | B2: 1 | C2: 2 | D2: 2021 | E2: ='Daily HLP'!I4 -> 19291 | F2: ='Daily HLP'!J4 -> 9 | G2: ='Daily HLP'!M4 -> 797.95 | H2: 44 | I2: ='Daily HLP'!P4 -> 171 | J2: 100 | K2: =Occupancy!G2 -> 91 | L2: 327 | M2: =E2*F2+G2*H2+#REF!*#REF!+I2*J2 -> #REF!
A3: Mumbai | B3: =B2+1 -> 2 | C3: 2 | D3: 2021 | E3: ='Daily HLP'!I5 -> 19381 | F3: =F2 -> 9 | G3: ='Daily HLP'!M5 -> 860.9 | H3: 44 | I3: ='Daily HLP'!P5 -> 171 | J3: 100 | K3: =Occupancy!G3 -> 120 | L3: 310 | M3: =E3*F3+G3*H3+#REF!*#REF!+I3*J3 -> #REF!
A4: Mumbai | B4: =B3+1 -> 3 | C4: 2 | D4: 2021 | E4: ='Daily HLP'!I6 -> 19375 | F4: =F3 -> 9 | G4: ='Daily HLP'!M6 -> 873 | H4: 44 | I4: ='Daily HLP'!P6 -> 161 | J4: 100 | K4: =Occupancy!G4 -> 112 | L4: 386 | M4: =E4*F4+G4*H4+#REF!*#REF!+I4*J4 -> #REF!
A5: Mumbai | B5: =B4+1 -> 4 | C5: 2 | D5: 2021 | E5: ='Daily HLP'!I7 -> 18251 | F5: =F4 -> 9 | G5: ='Daily HLP'!M7 -> 796 | H5: 44 | I5: ='Daily HLP'!P7 -> 150 | J5: 100 | K5: =Occupancy!G5 -> 112 | L5: 558 | M5: =E5*F5+G5*H5+#REF!*#REF!+I5*J5 -> #REF!
A6: Mumbai | B6: =B5+1 -> 5 | C6: 2 | D6: 2021 | E6: ='Daily HLP'!I8 -> 18524 | F6: =F5 -> 9 | G6: ='Daily HLP'!M8 -> 778 | H6: 44 | I6: ='Daily HLP'!P8 -> 181 | J6: 100 | K6: =Occupancy!G6 -> 105 | L6: 416 | M6: =E6*F6+G6*H6+#REF!*#REF!+I6*J6 -> #REF!
A7: Mumbai | B7: =B6+1 -> 6 | C7: 2 | D7: 2021 | E7: ='Daily HLP'!I9 -> 19190 | F7: =F6 -> 9 | G7: ='Daily HLP'!M9 -> 814 | H7: 44 | I7: ='Daily HLP'!P9 -> 271 | J7: 100 | K7: =Occupancy!G7 -> 150 | L7: 582 | M7: =E7*F7+G7*H7+#REF!*#REF!+I7*J7 -> #REF!
A8: Mumbai | B8: =B7+1 -> 7 | C8: 2 | D8: 2021 | E8: ='Daily HLP'!I10 -> 18255 | F8: =F7 -> 9 | G8: ='Daily HLP'!M10 -> 844.45 | H8: 44 | I8: ='Daily HLP'!P10 -> 212 | J8: 100 | K8: =Occupancy!G8 -> 107 | L8: 437 | M8: =E8*F8+G8*H8+#REF!*#REF!+I8*J8 -> #REF!
A9: Mumbai | B9: =B8+1 -> 8 | C9: 2 | D9: 2021 | E9: ='Daily HLP'!I11 -> 15387 | F9: =F8 -> 9 | G9: ='Daily HLP'!M11 -> 816.28 | H9: 44 | I9: ='Daily HLP'!P11 -> 211 | J9: 100 | K9: =Occupancy!G9 -> 120 | L9: 355 | M9: =E9*F9+G9*H9+#REF!*#REF!+I9*J9 -> #REF!
A10: Mumbai | B10: =B9+1 -> 9 | C10: 2 | D10: 2021 | E10: ='Daily HLP'!I12 -> 18397 | F10: =F9 -> 9 | G10: ='Daily HLP'!M12 -> 637.05 | H10: 44 | I10: ='Daily HLP'!P12 -> 192 | J10: 100 | K10: =Occupancy!G10 -> 125 | L10: 382 | M10: =E10*F10+G10*H10+#REF!*#REF!+I10*J10 -> #REF!
A11: Mumbai | B11: =B10+1 -> 10 | C11: 2 | D11: 2021 | E11: ='Daily HLP'!I13 -> 18869 | F11: =F10 -> 9 | G11: ='Daily HLP'!M13 -> 899.1 | H11: 44 | I11: ='Daily HLP'!P13 -> 250 | J11: 100 | K11: =Occupancy!G11 -> 142 | L11: 434 | M11: =E11*F11+G11*H11+#REF!*#REF!+I11*J11 -> #REF!
A12: Mumbai | B12: =B11+1 -> 11 | C12: 2 | D12: 2021 | E12: ='Daily HLP'!I14 -> 18625 | F12: =F11 -> 9 | G12: ='Daily HLP'!M14 -> 887.12 | H12: 44 | I12: ='Daily HLP'!P14 -> 211 | J12: 100 | K12: =Occupancy!G12 -> 122 | L12: 309 | M12: =E12*F12+G12*H12+#REF!*#REF!+I12*J12 -> #REF!
A13: Mumbai | B13: =B12+1 -> 12 | C13: 2 | D13: 2021 | E13: ='Daily HLP'!I15 -> 19448 | F13: =F12 -> 9 | G13: ='Daily HLP'!M15 -> 914.918 | H13: 44 | I13: ='Daily HLP'!P15 -> 211 | J13: 100 | K13: =Occupancy!G13 -> 131 | L13: 505 | M13: =E13*F13+G13*H13+#REF!*#REF!+I13*J13 -> #REF!
A14: Mumbai | B14: =B13+1 -> 13 | C14: 2 | D14: 2021 | E14: ='Daily HLP'!I16 -> 20224 | F14: =F13 -> 9 | G14: ='Daily HLP'!M16 -> 1043.67 | H14: 44 | I14: ='Daily HLP'!P16 -> 272 | J14: 100 | K14: =Occupancy!G14 -> 195 | L14: 581 | M14: =E14*F14+G14*H14+#REF!*#REF!+I14*J14 -> #REF!
... A20: Mumbai | B20: =B19+1 -> 19 | C20: 2 | D20: 2021 | E20: ='Daily HLP'!I22 -> 19578 | F20: =F19 -> 9 | G20: ='Daily HLP'!M22 -> 881.41 | H20: 44 | I20: ='Daily HLP'!P22 -> 190 | J20: 100 | K20: =Occupancy!G20 -> 163 | L20: 459 | M20: =E20*F20+G20*H20+#REF!*#REF!+I20*J20 -> #REF!
A21: Mumbai | B21: =B20+1 -> 20 | C21: 2 | D21: 2021 | E21: ='Daily HLP'!I23 -> 19799 | F21: =F20 -> 9 | G21: ='Daily HLP'!M23 -> 1086 | H21: 44 | I21: ='Daily HLP'!P23 -> 191 | J21: 100 | K21: =Occupancy!G21 -> 197 | L21: =Occupancy!F21 -> 537 | M21: =E21*F21+G21*H21+#REF!*#REF!+I21*J21 -> #REF!
A22: Mumbai | B22: =B21+1 -> 21 | C22: 2 | D22: 2021 | E22: ='Daily HLP'!I24 -> 20106 | F22: =F21 -> 9 | G22: ='Daily HLP'!M24 -> 940 | H22: 44 | I22: ='Daily HLP'!P24 -> 231 | J22: 100 | K22: =Occupancy!G22 -> 99 | L22: =Occupancy!F22 -> 561 | M22: =E22*F22+G22*H22+#REF!*#REF!+I22*J22 -> #REF!
A23: Mumbai | B23: =B22+1 -> 22 | C23: 2 | D23: 2021 | E23: ='Daily HLP'!I25 -> 20271 | F23: =F22 -> 9 | G23: ='Daily HLP'!M25 -> 935 | H23: 44 | I23: ='Daily HLP'!P25 -> 201 | J23: 100 | K23: =Occupancy!G23 -> 107 | L23: =Occupancy!F23 -> 344 | M23: =E23*F23+G23*H23+#REF!*#REF!+I23*J23 -> #REF!
A24: Mumbai | B24: =B23+1 -> 23 | C24: 2 | D24: 2021 | E24: ='Daily HLP'!I26 -> 21273 | F24: =F23 -> 9 | G24: ='Daily HLP'!M26 -> 972.81 | H24: 44 | I24: ='Daily HLP'!P26 -> 211 | J24: 100 | K24: =Occupancy!G24 -> 116 | L24: =Occupancy!F24 -> 379 | M24: =E24*F24+G24*H24+#REF!*#REF!+I24*J24 -> #REF!
A25: Mumbai | B25: =B24+1 -> 24 | C25: 2 | D25: 2021 | E25: ='Daily HLP'!I27 -> 22810 | F25: =F24 -> 9 | G25: ='Daily HLP'!M27 -> 787.75 | H25: 44 | I25: ='Daily HLP'!P27 -> 192 | J25: 100 | K25: =Occupancy!G25 -> 107 | L25: =Occupancy!F25 -> 628 | M25: =E25*F25+G25*H25+#REF!*#REF!+I25*J25 -> #REF!
A26: Mumbai | B26: =B25+1 -> 25 | C26: 2 | D26: 2021 | E26: ='Daily HLP'!I28 -> 20603 | F26: =F25 -> 9 | G26: ='Daily HLP'!M28 -> 861.99 | H26: 44 | I26: ='Daily HLP'!P28 -> 192 | J26: 100 | K26: =Occupancy!G26 -> 93 | L26: =Occupancy!F26 -> 326 | M26: =E26*F26+G26*H26+#REF!*#REF!+I26*J26 -> #REF!
A27: Mumbai | B27: =B26+1 -> 26 | C27: 2 | D27: 2021 | E27: ='Daily HLP'!I29 -> 20278 | F27: =F26 -> 9 | G27: ='Daily HLP'!M29 -> 838.45 | H27: 44 | I27: ='Daily HLP'!P29 -> 171 | J27: 100 | K27: =Occupancy!G27 -> 109 | L27: =Occupancy!F27 -> 408 | M27: =E27*F27+G27*H27+#REF!*#REF!+I27*J27 -> #REF!
A28: Mumbai | B28: =B27+1 -> 27 | C28: 2 | D28: 2021 | E28: ='Daily HLP'!I30 -> 20601 | F28: =F27 -> 9 | G28: ='Daily HLP'!M30 -> 961.603 | H28: 44 | I28: ='Daily HLP'!P30 -> 234 | J28: 100 | K28: =Occupancy!G28 -> 0 | L28: =Occupancy!F28 -> 0 | M28: =E28*F28+G28*H28+#REF!*#REF!+I28*J28 -> #REF!
A29: Mumbai | B29: =B28+1 -> 28 | C29: 2 | D29: 2021 | E29: ='Daily HLP'!I31 -> 21818 | F29: =F28 -> 9 | G29: ='Daily HLP'!M31 -> 1060.007 | H29: 44 | I29: ='Daily HLP'!P31 -> 222 | J29: 100 | K29: =Occupancy!G29 -> 0 | L29: =Occupancy!F29 -> 0 | M29: =E29*F29+G29*H29+#REF!*#REF!+I29*J29 -> #REF!
A30: Mumbai | B30: =B29+1 -> 29 | C30: 2 | D30: 2021 | E30: ='Daily HLP'!I32 -> -594257 | F30: =F29 -> 9 | G30: ='Daily HLP'!M32 -> -26977.64 | H30: 44 | I30: ='Daily HLP'!P32 -> -1425 | J30: 100 | K30: =Occupancy!G30 -> 0 | L30: =Occupancy!F30 -> 0 | M30: =E30*F30+G30*H30+#REF!*#REF!+I30*J30 -> #REF!
A31: Mumbai | B31: =B30+1 -> 30 | C31: 2 | D31: 2021 | E31: ='Daily HLP'!I33 -> 18917 | F31: =F30 -> 9 | G31: ='Daily HLP'!M33 -> 667.76 | H31: 44 | I31: ='Daily HLP'!P33 -> 171 | J31: 100 | K31: =Occupancy!G31 -> 0 | L31: =Occupancy!F31 -> 0 | M31: =E31*F31+G31*H31+#REF!*#REF!+I31*J31 -> #REF!

Sheet Submetering
A1: Site Name | B1: Day | C1: Month | D1: Year | E1: ='Section Load'!B4 -> HVAC | F1: ='Section Load'!C4 -> Fire & Emergency PP | G1: ='Section Load'!D4 -> Main PP | H1: ='Section Load'!E4 -> Lighting PP | I1: ='Section Load'!F4 -> CH-1+ CH2+CH3+CH4 | J1: ='Section Load'!G4 -> Chilled water Pump | K1: ='Section Load'!H4 -> Ball Room-1 | L1: ='Section Load'!I4 -> Ball Room-2 | ... AL1: ='Section Load'!AI4 -> Cooling Tower | AM1: R.o.plant | AN1: STP Water Prod | AO1: Domestic Zone-1 | AP1: Domestic Zone-2 | AQ1: Domestic Zone-3 | AR1: Flush Zone -1 | AS1: Flush Zone -2 | AT1: Flush Zone -3 | AU1: Swimming pool | AV1: B2 Laundry | AW1: Boiler Feed Water | AX1: cooling tower filling water | AY1: STP flush(new water meter) | AZ1: Garden Water Pump | BA1: Flush Zone 2 pump meter | BB1: Flush Zone 3 Pump Meter (wtp transfer ) | BC1: Flush Tanker | BD1: Total Domestic Water (R.O +BMC) | BE1: Total Domestic Consumption | BF1: Total STP Consumption | BG1: ='Section Load'!AJ4 -> MGL | BH1: ='Section Load'!AK4 -> HWG | BI1: ='Section Load'!AL4 -> Prato | BJ1: ='Section Load'!AM4 -> BR-1 | BK1: ='Section Load'!AN4 -> SanQi IND | BL1: ='Section Load'!AO4 -> SanQi JPN | BM1: ='Section Load'!AP4 -> Boiler
A2: Mumbai | B2: 1 | C2: 2 | D2: 2021 | E2: ='Section Load'!B5 -> 2996.04 | F2: ='Section Load'!C5 -> 1437.83 | G2: ='Section Load'!D5 -> 2015.04 | H2: ='Section Load'!E5 -> 4103.76 | I2: ='Section Load'!F5 -> 4366.51 | J2: ='Section Load'!G5 -> 2272.96 | K2: ='Section Load'!H5 -> 1021.36 | L2: ='Section Load'!I5 -> 555.2 | ... AL2: ='Section Load'!AI5 -> 521 | AM2: ='[1]1'!$H$92 -> 87 | AN2: ='[1]1'!$H$93 -> 200 | AO2: ='[1]1'!$H$95 -> 72 | AP2: ='[1]1'!$H$96 -> 23 | AQ2: ='[1]1'!$H$97 -> 18 | AR2: ='[1]1'!$H$98 -> 83 | AS2: ='[1]1'!$H$99 -> 13 | AT2: ='[1]1'!$H$100 -> 6 | AU2: ='[1]1'!$H$104 -> 0 | AV2: ='[1]1'!$H$105 -> 8 | AW2: ='[1]1'!$H$106 -> 7 | AX2: ='[1]1'!$H$109 -> 41 | AY2: ='[1]1'!$H$110 -> 79 | AZ2: ='[1]1'!$H$111 -> 0 | BA2: ='[1]1'!$H$114 -> 16 | BB2: ='[1]1'!$H$115 -> 5 | BC2: ='[1]1'!$H$116 -> 0 | BD2: ='[1]1'!$H$118 -> 138 | BE2: ='[1]1'!$H$119 -> 132 | BF2: ='[1]1'!$H$120 -> 120 | BG2: ='Section Load'!AJ5 -> 797.95 | BH2: ='Section Load'!AK5 -> 270.38 | BI2: ='Section Load'!AL5 -> 0 | BJ2: ='Section Load'!AM5 -> 59 | BK2: ='Section Load'!AN5 -> 28.2 | BL2: ='Section Load'!AO5 -> 0 | BM2: ='Section Load'!AP5 -> 440.37
A3: Mumbai | B3: =B2+1 -> 2 | C3: 2 | D3: 2021 | E3: ='Section Load'!B6 -> 3058.91 | F3: ='Section Load'!C6 -> 1441.43 | G3: ='Section Load'!D6 -> 2022.29 | H3: ='Section Load'!E6 -> 4158.97 | I3: ='Section Load'!F6 -> 4172.58 | J3: ='Section Load'!G6 -> 2260.13 | K3: ='Section Load'!H6 -> 1036.33 | L3: ='Section Load'!I6 -> 621.35 | ... AL3: ='Section Load'!AI6 -> 534 | AM3: ='[1]2'!$H$92 -> 162 | AN3: ='[1]2'!$H$93 -> 351 | AO3: ='[1]2'!$H$95 -> 142 | AP3: ='[1]2'!$H$96 -> 53 | AQ3: ='[1]2'!$H$97 -> 34 | AR3: ='[1]2'!$H$98 -> 150 | AS3: ='[1]2'!$H$99 -> 21 | AT3: ='[1]2'!$H$100 -> 11 | AU3: ='[1]2'!$H$104 -> 0 | AV3: ='[1]2'!$H$105 -> 16 | AW3: ='[1]2'!$H$106 -> 12 | AX3: ='[1]2'!$H$109 -> 102 | AY3: ='[1]2'!$H$110 -> 118 | AZ3: ='[1]2'!$H$111 -> 16 | BA3: ='[1]2'!$H$114 -> 27 | BB3: ='[1]2'!$H$115 -> 8 | BC3: ='[1]2'!$H$116 -> 0 | BD3: ='[1]2'!$H$118 -> 264 | BE3: ='[1]2'!$H$119 -> 261 | BF3: ='[1]2'!$H$120 -> 236 | BG3: ='Section Load'!AJ6 -> 860.9 | BH3: ='Section Load'!AK6 -> 258.22 | BI3: ='Section Load'!AL6 -> 0 | BJ3: ='Section Load'!AM6 -> 62 | BK3: ='Section Load'!AN6 -> 52.1 | BL3: ='Section Load'!AO6 -> 3 | BM3: ='Section Load'!AP6 -> 485.58
A4: Mumbai | B4: =B3+1 -> 3 | C4: 2 | D4: 2021 | E4: ='Section Load'!B7 -> 2582.33 | F4: ='Section Load'!C7 -> 1532 | G4: ='Section Load'!D7 -> 1949 | H4: ='Section Load'!E7 -> 4269 | I4: ='Section Load'!F7 -> 4011 | J4: ='Section Load'!G7 -> 2293 | K4: ='Section Load'!H7 -> 1386 | L4: ='Section Load'!I7 -> 784 | ... AL4: ='Section Load'!AI7 -> 457 | AM4: ='[1]3'!$H$92 -> 250 | AN4: ='[1]3'!$H$93 -> 501 | AO4: ='[1]3'!$H$95 -> 206 | AP4: ='[1]3'!$H$96 -> 89 | AQ4: ='[1]3'!$H$97 -> 65 | AR4: ='[1]3'!$H$98 -> 222 | AS4: ='[1]3'!$H$99 -> 31 | AT4: ='[1]3'!$H$100 -> 16 | AU4: ='[1]3'!$H$104 -> 0 | AV4: ='[1]3'!$H$105 -> 22 | AW4: ='[1]3'!$H$106 -> 17 | AX4: ='[1]3'!$H$109 -> 160 | AY4: ='[1]3'!$H$110 -> 211 | AZ4: ='[1]3'!$H$111 -> 16 | BA4: ='[1]3'!$H$114 -> 39 | BB4: ='[1]3'!$H$115 -> 14 | BC4: ='[1]3'!$H$116 -> 0 | BD4: ='[1]3'!$H$118 -> 403 | BE4: ='[1]3'!$H$119 -> 407 | BF4: ='[1]3'!$H$120 -> 387 | BG4: ='Section Load'!AJ7 -> 873 | BH4: ='Section Load'!AK7 -> 265 | BI4: ='Section Load'!AL7 -> 0 | BJ4: ='Section Load'!AM7 -> 83 | BK4: ='Section Load'!AN7 -> 57 | BL4: ='Section Load'!AO7 -> 4 | BM4: ='Section Load'!AP7 -> 464
A5: Mumbai | B5: =B4+1 -> 4 | C5: 2 | D5: 2021 | E5: ='Section Load'!B8 -> 2607 | F5: ='Section Load'!C8 -> 1509 | G5: ='Section Load'!D8 -> 1911.12 | H5: ='Section Load'!E8 -> 4148 | I5: ='Section Load'!F8 -> 3732.9 | J5: ='Section Load'!G8 -> 2251 | K5: ='Section Load'!H8 -> 1085 | L5: ='Section Load'!I8 -> 594 | ... AL5: ='Section Load'!AI8 -> 474 | AM5: ='[1]4'!$H$92 -> 352 | AN5: ='[1]4'!$H$93 -> 641 | AO5: ='[1]4'!$H$95 -> 284 | AP5: ='[1]4'!$H$96 -> 124 | AQ5: ='[1]4'!$H$97 -> 110 | AR5: ='[1]4'!$H$98 -> 289 | AS5: ='[1]4'!$H$99 -> 41 | AT5: ='[1]4'!$H$100 -> 23 | AU5: ='[1]4'!$H$104 -> 0 | AV5: ='[1]4'!$H$105 -> 28 | AW5: ='[1]4'!$H$106 -> 23 | AX5: ='[1]4'!$H$109 -> 215 | AY5: ='[1]4'!$H$110 -> 258 | AZ5: ='[1]4'!$H$111 -> 30 | BA5: ='[1]4'!$H$114 -> 53 | BB5: ='[1]4'!$H$115 -> 21 | BC5: ='[1]4'!$H$116 -> 0 | BD5: ='[1]4'!$H$118 -> 555 | BE5: ='[1]4'!$H$119 -> 582 | BF5: ='[1]4'!$H$120 -> 503 | BG5: ='Section Load'!AJ8 -> 796 | BH5: ='Section Load'!AK8 -> 275 | BI5: ='Section Load'!AL8 -> 0 | BJ5: ='Section Load'!AM8 -> 68 | BK5: ='Section Load'!AN8 -> 32 | BL5: ='Section Load'!AO8 -> 1 | BM5: ='Section Load'!AP8 -> 420
A6: Mumbai | B6: =B5+1 -> 5 | C6: 2 | D6: 2021 | E6: ='Section Load'!B9 -> 2649 | F6: ='Section Load'!C9 -> 1458 | G6: ='Section Load'!D9 -> 2075 | H6: ='Section Load'!E9 -> 4228 | I6: ='Section Load'!F9 -> 3652 | J6: ='Section Load'!G9 -> 2265 | K6: ='Section Load'!H9 -> 1105 | L6: ='Section Load'!I9 -> 564 | ... AL6: ='Section Load'!AI9 -> 467 | AM6: ='[1]5'!$H$92 -> 462 | AN6: ='[1]5'!$H$93 -> 823 | AO6: ='[1]5'!$H$95 -> 339 | AP6: ='[1]5'!$H$96 -> 147 | AQ6: ='[1]5'!$H$97 -> 150 | AR6: ='[1]5'!$H$98 -> 329 | AS6: ='[1]5'!$H$99 -> 48 | AT6: ='[1]5'!$H$100 -> 29 | AU6: ='[1]5'!$H$104 -> 0 | AV6: ='[1]5'!$H$105 -> 42 | AW6: ='[1]5'!$H$106 -> 32 | AX6: ='[1]5'!$H$109 -> 330 | AY6: ='[1]5'!$H$110 -> 337 | AZ6: ='[1]5'!$H$111 -> 30 | BA6: ='[1]5'!$H$114 -> 74 | BB6: ='[1]5'!$H$115 -> 32 | BC6: ='[1]5'!$H$116 -> 0 | BD6: ='[1]5'!$H$118 -> 706 | BE6: ='[1]5'!$H$119 -> 713 | BF6: ='[1]5'!$H$120 -> 697 | BG6: ='Section Load'!AJ9 -> 778 | BH6: ='Section Load'!AK9 -> 269 | BI6: ='Section Load'!AL9 -> 0 | BJ6: ='Section Load'!AM9 -> 77 | BK6: ='Section Load'!AN9 -> 30 | BL6: ='Section Load'!AO9 -> 5 | BM6: ='Section Load'!AP9 -> 397
A7: Mumbai | B7: =B6+1 -> 6 | C7: 2 | D7: 2021 | E7: ='Section Load'!B10 -> 2648 | F7: ='Section Load'!C10 -> 1509 | G7: ='Section Load'!D10 -> 2000 | H7: ='Section Load'!E10 -> 4153 | I7: ='Section Load'!F10 -> 3905 | J7: ='Section Load'!G10 -> 2282 | K7: ='Section Load'!H10 -> 1480 | L7: ='Section Load'!I10 -> 729 | ... AL7: ='Section Load'!AI10 -> 477 | AM7: ='[1]6'!$H$92 -> 551 | AN7: ='[1]6'!$H$93 -> 924 | AO7: ='[1]6'!$H$95 -> 400 | AP7: ='[1]6'!$H$96 -> 181 | AQ7: ='[1]6'!$H$97 -> 181 | AR7: ='[1]6'!$H$98 -> 401 | AS7: ='[1]6'!$H$99 -> 57 | AT7: ='[1]6'!$H$100 -> 38 | AU7: ='[1]6'!$H$104 -> 0 | AV7: ='[1]6'!$H$105 -> 48 | AW7: ='[1]6'!$H$106 -> 38 | AX7: ='[1]6'!$H$109 -> 370 | AY7: ='[1]6'!$H$110 -> 382 | AZ7: ='[1]6'!$H$111 -> 62 | BA7: ='[1]6'!$H$114 -> 85 | BB7: ='[1]6'!$H$115 -> 38 | BC7: ='[1]6'!$H$116 -> 0 | BD7: ='[1]6'!$H$118 -> 846 | BE7: ='[1]6'!$H$119 -> 857 | BF7: ='[1]6'!$H$120 -> 814 | BG7: ='Section Load'!AJ10 -> 814 | BH7: ='Section Load'!AK10 -> 288 | BI7: ='Section Load'!AL10 -> 0 | BJ7: ='Section Load'!AM10 -> 63 | BK7: ='Section Load'!AN10 -> 43 | BL7: ='Section Load'!AO10 -> 3 | BM7: ='Section Load'!AP10 -> 417
A8: Mumbai | B8: =B7+1 -> 7 | C8: 2 | D8: 2021 | E8: ='Section Load'!B11 -> 2499.67 | F8: ='Section Load'!C11 -> 1427 | G8: ='Section Load'!D11 -> 2118 | H8: ='Section Load'!E11 -> 4176 | I8: ='Section Load'!F11 -> 3495.98 | J8: ='Section Load'!G11 -> 2319 | K8: ='Section Load'!H11 -> 1109 | L8: ='Section Load'!I11 -> 577.81 | ... AL8: ='Section Load'!AI11 -> 466 | AM8: ='[1]7'!$H$92 -> 655 | AN8: ='[1]7'!$H$93 -> 1131 | AO8: ='[1]7'!$H$95 -> 457 | AP8: ='[1]7'!$H$96 -> 224 | AQ8: ='[1]7'!$H$97 -> 204 | AR8: ='[1]7'!$H$98 -> 459 | AS8: ='[1]7'!$H$99 -> 71 | AT8: ='[1]7'!$H$100 -> 46 | AU8: ='[1]7'!$H$104 -> 0 | AV8: ='[1]7'!$H$105 -> 54 | AW8: ='[1]7'!$H$106 -> 42 | AX8: ='[1]7'!$H$109 -> 409 | AY8: ='[1]7'!$H$110 -> 483 | AZ8: ='[1]7'!$H$111 -> 62 | BA8: ='[1]7'!$H$114 -> 101 | BB8: ='[1]7'!$H$115 -> 45 | BC8: ='[1]7'!$H$116 -> 0 | BD8: ='[1]7'!$H$118 -> 1002 | BE8: ='[1]7'!$H$119 -> 1002 | BF8: ='[1]7'!$H$120 -> 954 | BG8: ='Section Load'!AJ11 -> 844.45 | BH8: ='Section Load'!AK11 -> 296 | BI8: ='Section Load'!AL11 -> 1.4 | BJ8: ='Section Load'!AM11 -> 60.97 | BK8: ='Section Load'!AN11 -> 40 | BL8: ='Section Load'!AO11 -> 2 | BM8: ='Section Load'!AP11 -> 444.08
A9: Mumbai | B9: =B8+1 -> 8 | C9: 2 | D9: 2021 | E9: ='Section Load'!B12 -> 2518.24 | F9: ='Section Load'!C12 -> 1776.19 | G9: ='Section Load'!D12 -> 2039.63 | H9: ='Section Load'!E12 -> 4170.29 | I9: ='Section Load'!F12 -> 3857.89 | J9: ='Section Load'!G12 -> 2339.67 | K9: ='Section Load'!H12 -> 1081 | L9: ='Section Load'!I12 -> 628.6 | ... AL9: ='Section Load'!AI12 -> 476 | AM9: ='[1]8'!$H$92 -> 750 | AN9: ='[1]8'!$H$93 -> 1338 | AO9: ='[1]8'!$H$95 -> 528 | AP9: ='[1]8'!$H$96 -> 275 | AQ9: ='[1]8'!$H$97 -> 224 | AR9: ='[1]8'!$H$98 -> 537 | AS9: ='[1]8'!$H$99 -> 83 | AT9: ='[1]8'!$H$100 -> 54 | AU9: ='[1]8'!$H$104 -> 0 | AV9: ='[1]8'!$H$105 -> 63 | AW9: ='[1]8'!$H$106 -> 47 | AX9: ='[1]8'!$H$109 -> 483 | AY9: ='[1]8'!$H$110 -> 526 | AZ9: ='[1]8'!$H$111 -> 62 | BA9: ='[1]8'!$H$114 -> 117 | BB9: ='[1]8'!$H$115 -> 52 | BC9: ='[1]8'!$H$116 -> 0 | BD9: ='[1]8'!$H$118 -> 1148 | BE9: ='[1]8'!$H$119 -> 1164 | BF9: ='[1]8'!$H$120 -> 1071 | BG9: ='Section Load'!AJ12 -> 816.28 | BH9: ='Section Load'!AK12 -> 274.98 | BI9: ='Section Load'!AL12 -> 0 | BJ9: ='Section Load'!AM12 -> 56.75 | BK9: ='Section Load'!AN12 -> 32.3 | BL9: ='Section Load'!AO12 -> 2 | BM9: ='Section Load'!AP12 -> 450.25
A10: Mumbai | B10: =B9+1 -> 9 | C10: 2 | D10: 2021 | E10: ='Section Load'!B13 -> 2513.92 | F10: ='Section Load'!C13 -> 1433.25 | G10: ='Section Load'!D13 -> 1896.54 | H10: ='Section Load'!E13 -> 4116.22 | I10: ='Section Load'!F13 -> 3536 | J10: ='Section Load'!G13 -> 2539.33 | K10: ='Section Load'!H13 -> 1173 | L10: ='Section Load'!I13 -> 645.4 | ... AL10: ='Section Load'!AI13 -> 482 | AM10: ='[1]9'!$H$92 -> 854 | AN10: ='[1]9'!$H$93 -> 1444 | AO10: ='[1]9'!$H$95 -> 590 | AP10: ='[1]9'!$H$96 -> 315 | AQ10: ='[1]9'!$H$97 -> 253 | AR10: ='[1]9'!$H$98 -> 604 | AS10: ='[1]9'!$H$99 -> 96 | AT10: ='[1]9'!$H$100 -> 63 | AU10: ='[1]9'!$H$104 -> 0 | AV10: ='[1]9'!$H$105 -> 63 | AW10: ='[1]9'!$H$106 -> 51 | AX10: ='[1]9'!$H$109 -> 536 | AY10: ='[1]9'!$H$110 -> 589 | AZ10: ='[1]9'!$H$111 -> 99 | BA10: ='[1]9'!$H$114 -> 132 | BB10: ='[1]9'!$H$115 -> 59 | BC10: ='[1]9'!$H$116 -> 0 | BD10: ='[1]9'!$H$118 -> 1304 | BE10: ='[1]9'!$H$119 -> 1317 | BF10: ='[1]9'!$H$120 -> 1224 | BG10: ='Section Load'!AJ13 -> 637.05 | BH10: ='Section Load'!AK13 -> 310.02 | BI10: ='Section Load'!AL13 -> 0 | BJ10: ='Section Load'!AM13 -> 47.86 | BK10: ='Section Load'!AN13 -> 31.7 | BL10: ='Section Load'!AO13 -> 1.8 | BM10: ='Section Load'!AP13 -> 245.67
A11: Mumbai | B11: =B10+1 -> 10 | C11: 2 | D11: 2021 | E11: ='Section Load'!B14 -> 2661.17 | F11: ='Section Load'!C14 -> 1454.97 | G11: ='Section Load'!D14 -> 1901.54 | H11: ='Section Load'!E14 -> 4189.47 | I11: ='Section Load'!F14 -> 3867.4 | J11: ='Section Load'!G14 -> 2548 | K11: ='Section Load'!H14 -> 1043 | L11: ='Section Load'!I14 -> 614.08 | ... AL11: ='Section Load'!AI14 -> 496 | AM11: ='[1]10'!$H$92 -> 991 | AN11: ='[1]10'!$H$93 -> 1599 | AO11: ='[1]10'!$H$95 -> 667 | AP11: ='[1]10'!$H$96 -> 355 | AQ11: ='[1]10'!$H$97 -> 299 | AR11: ='[1]10'!$H$98 -> 684 | AS11: ='[1]10'!$H$99 -> 108 | AT11: ='[1]10'!$H$100 -> 75 | AU11: ='[1]10'!$H$104 -> 0 | AV11: ='[1]10'!$H$105 -> 75 | AW11: ='[1]10'!$H$106 -> 54 | AX11: ='[1]10'!$H$109 -> 597 | AY11: ='[1]10'!$H$110 -> 653 | AZ11: ='[1]10'!$H$111 -> 105 | BA11: ='[1]10'!$H$114 -> 146 | BB11: ='[1]10'!$H$115 -> 72 | BC11: ='[1]10'!$H$116 -> 0 | BD11: ='[1]10'!$H$118 -> 1491 | BE11: ='[1]10'!$H$119 -> 1504 | BF11: ='[1]10'!$H$120 -> 1355 | BG11: ='Section Load'!AJ14 -> 899.1 | BH11: ='Section Load'!AK14 -> 286 | BI11: ='Section Load'!AL14 -> 0 | BJ11: ='Section Load'!AM14 -> 78.26 | BK11: ='Section Load'!AN14 -> 32 | BL11: ='Section Load'!AO14 -> 1.2 | BM11: ='Section Load'!AP14 -> 501.64
A12: Mumbai | B12: =B11+1 -> 11 | C12: 2 | D12: 2021 | E12: ='Section Load'!B15 -> 2358 | F12: ='Section Load'!C15 -> 1472.32 | G12: ='Section Load'!D15 -> 1831 | H12: ='Section Load'!E15 -> 4103.53 | I12: ='Section Load'!F15 -> 4051.6 | J12: ='Section Load'!G15 -> 2543 | K12: ='Section Load'!H15 -> 1038.71 | L12: ='Section Load'!I15 -> 697.11 | ... AL12: ='Section Load'!AI15 -> 447 | AM12: ='[1]11'!$H$92 -> 1092 | AN12: ='[1]11'!$H$93 -> 1733 | AO12: ='[1]11'!$H$95 -> 738 | AP12: ='[1]11'!$H$96 -> 404 | AQ12: ='[1]11'!$H$97 -> 322 | AR12: ='[1]11'!$H$98 -> 759 | AS12: ='[1]11'!$H$99 -> 118 | AT12: ='[1]11'!$H$100 -> 84 | AU12: ='[1]11'!$H$104 -> 74 | AV12: ='[1]11'!$H$105 -> 55 | AW12: ='[1]11'!$H$106 -> 340 | AX12: ='[1]11'!$H$109 -> 181 | AY12: ='[1]11'!$H$110 -> 144 | AZ12: ='[1]11'!$H$111 -> 445 | BA12: ='[1]11'!$H$114 -> 12 | BB12: ='[1]11'!$H$115 -> 90 | BC12: ='[1]11'!$H$116 -> 200 | BD12: ='[1]11'!$H$118 -> 175 | BE12: ='[1]11'!$H$119 -> 245 | BF12: ='[1]11'!$H$120 -> 222 | BG12: ='Section Load'!AJ15 -> 887.12 | BH12: ='Section Load'!AK15 -> 302.86 | BI12: ='Section Load'!AL15 -> 0 | BJ12: ='Section Load'!AM15 -> 65.02 | BK12: ='Section Load'!AN15 -> 38.8 | BL12: ='Section Load'!AO15 -> 0 | BM12: ='Section Load'!AP15 -> 480.44
A13: Mumbai | B13: =B12+1 -> 12 | C13: 2 | D13: 2021 | E13: ='Section Load'!B16 -> 2407.08 | F13: ='Section Load'!C16 -> 1504.2 | G13: ='Section Load'!D16 -> 1990.94 | H13: ='Section Load'!E16 -> 4063.9 | I13: ='Section Load'!F16 -> 4885.574 | J13: ='Section Load'!G16 -> 2400.03 | K13: ='Section Load'!H16 -> 1046.04 | L13: ='Section Load'!I16 -> 611.75 | ... AL13: ='Section Load'!AI16 -> 348 | AM13: ='[1]12'!$H$92 -> 1221 | AN13: ='[1]12'!$H$93 -> 1850 | AO13: ='[1]12'!$H$95 -> 824 | AP13: ='[1]12'!$H$96 -> 442 | AQ13: ='[1]12'!$H$97 -> 349 | AR13: ='[1]12'!$H$98 -> 842 | AS13: ='[1]12'!$H$99 -> 128 | AT13: ='[1]12'!$H$100 -> 91 | AU13: ='[1]12'!$H$104 -> 74 | AV13: ='[1]12'!$H$105 -> 57 | AW13: ='[1]12'!$H$106 -> 346 | AX13: ='[1]12'!$H$109 -> 140 | AY13: ='[1]12'!$H$110 -> 104 | AZ13: ='[1]12'!$H$111 -> 433 | BA13: ='[1]12'!$H$114 -> 14 | BB13: ='[1]12'!$H$115 -> 95 | BC13: ='[1]12'!$H$116 -> 200 | BD13: ='[1]12'!$H$118 -> 203 | BE13: ='[1]12'!$H$119 -> 251 | BF13: ='[1]12'!$H$120 -> 129 | BG13: ='Section Load'!AJ16 -> 914.918 | BH13: ='Section Load'!AK16 -> 274.02 | BI13: ='Section Load'!AL16 -> 0 | BJ13: ='Section Load'!AM16 -> 78.14 | BK13: ='Section Load'!AN16 -> 37.7 | BL13: ='Section Load'!AO16 -> 3.4 | BM13: ='Section Load'!AP16 -> 521.658
A14: Mumbai | B14: =B13+1 -> 13 | C14: 2 | D14: 2021 | E14: ='Section Load'!B17 -> 2703.72 | F14: ='Section Load'!C17 -> 1599.92 | G14: ='Section Load'!D17 -> 2319.92 | H14: ='Section Load'!E17 -> 4383.8 | I14: ='Section Load'!F17 -> 4412.46 | J14: ='Section Load'!G17 -> 2375.49 | K14: ='Section Load'!H17 -> 1132.16 | L14: ='Section Load'!I17 -> 685.58 | ... AL14: ='Section Load'!AI17 -> 512 | AM14: ='[1]13'!$H$92 -> 1370 | AN14: ='[1]13'!$H$93 -> 2099 | AO14: ='[1]13'!$H$95 -> 912 | AP14: ='[1]13'!$H$96 -> 485 | AQ14: ='[1]13'!$H$97 -> 395 | AR14: ='[1]13'!$H$98 -> 905 | AS14: ='[1]13'!$H$99 -> 144 | AT14: ='[1]13'!$H$100 -> 105 | AU14: ='[1]13'!$H$104 -> 74 | AV14: ='[1]13'!$H$105 -> 59 | AW14: ='[1]13'!$H$106 -> 340 | AX14: ='[1]13'!$H$109 -> 136 | AY14: ='[1]13'!$H$110 -> 131 | AZ14: ='[1]13'!$H$111 -> 446 | BA14: ='[1]13'!$H$114 -> 20 | BB14: ='[1]13'!$H$115 -> 93 | BC14: ='[1]13'!$H$116 -> 200 | BD14: ='[1]13'!$H$118 -> 224 | BE14: ='[1]13'!$H$119 -> 290 | BF14: ='[1]13'!$H$120 -> 165 | BG14: ='Section Load'!AJ17 -> 1043.67 | BH14: ='Section Load'!AK17 -> 293.52 | BI14: ='Section Load'!AL17 -> 0 | BJ14: ='Section Load'!AM17 -> 99.25 | BK14: ='Section Load'!AN17 -> 48.8 | BL14: ='Section Load'!AO17 -> 4.9 | BM14: ='Section Load'!AP17 -> 597.2
A15: Mumbai | B15: =B14+1 -> 14 | C15: 2 | D15: 2021 | E15: ='Section Load'!B18 -> 2968.2 | F15: ='Section Load'!C18 -> 1580.23 | G15: ='Section Load'!D18 -> 2441.06 | H15: ='Section Load'!E18 -> 4655.14 | I15: ='Section Load'!F18 -> 5638.755 | J15: ='Section Load'!G18 -> 2360.08 | K15: ='Section Load'!H18 -> 1369.28 | L15: ='Section Load'!I18 -> 864.62 | ... AL15: ='Section Load'!AI18 -> 498 | AM15: ='[1]14'!$H$92 -> 1536 | AN15: ='[1]14'!$H$93 -> 2273 | AO15: ='[1]14'!$H$95 -> 1033 | AP15: ='[1]14'!$H$96 -> 532 | AQ15: ='[1]14'!$H$97 -> 441 | AR15: ='[1]14'!$H$98 -> 976 | AS15: ='[1]14'!$H$99 -> 163 | AT15: ='[1]14'!$H$100 -> 129 | AU15: ='[1]14'!$H$104 -> 161 | AV15: ='[1]14'!$H$105 -> 59 | AW15: ='[1]14'!$H$106 -> 339 | AX15: ='[1]14'!$H$109 -> 136 | AY15: ='[1]14'!$H$110 -> 87 | AZ15: ='[1]14'!$H$111 -> 433 | BA15: ='[1]14'!$H$114 -> 22 | BB15: ='[1]14'!$H$115 -> 107 | BC15: ='[1]14'!$H$116 -> 200 | BD15: ='[1]14'!$H$118 -> 240 | BE15: ='[1]14'!$H$119 -> 340 | BF15: ='[1]14'!$H$120 -> 108 | BG15: ='Section Load'!AJ18 -> 1135.493 | BH15: ='Section Load'!AK18 -> 307.53 | BI15: ='Section Load'!AL18 -> 0 | BJ15: ='Section Load'!AM18 -> 112.34 | BK15: ='Section Load'!AN18 -> 52.1 | BL15: ='Section Load'!AO18 -> 8.5 | BM15: ='Section Load'!AP18 -> 655.023
A16: Mumbai | B16: =B15+1 -> 15 | C16: 2 | D16: 2021 | E16: ='Section Load'!B19 -> 2919.76 | F16: ='Section Load'!C19 -> 1580.09 | G16: ='Section Load'!D19 -> 2468.9 | H16: ='Section Load'!E19 -> 4654.59 | I16: ='Section Load'!F19 -> 5582.971 | J16: ='Section Load'!G19 -> 2346.16 | K16: ='Section Load'!H19 -> 1990 | L16: ='Section Load'!I19 -> 941.52 | ... AL16: ='Section Load'!AI19 -> 536 | AM16: ='[1]15'!$H$92 -> 1728 | AN16: ='[1]15'!$H$93 -> 2467 | AO16: ='[1]15'!$H$95 -> 1164 | AP16: ='[1]15'!$H$96 -> 557 | AQ16: ='[1]15'!$H$97 -> 476 | AR16: ='[1]15'!$H$98 -> 1052 | AS16: ='[1]15'!$H$99 -> 193 | AT16: ='[1]15'!$H$100 -> 152 | AU16: ='[1]15'!$H$104 -> 74 | AV16: ='[1]15'!$H$105 -> 65 | AW16: ='[1]15'!$H$106 -> 345 | AX16: ='[1]15'!$H$109 -> 159 | AY16: ='[1]15'!$H$110 -> 131 | AZ16: ='[1]15'!$H$111 -> 446 | BA16: ='[1]15'!$H$114 -> 35 | BB16: ='[1]15'!$H$115 -> 100 | BC16: ='[1]15'!$H$116 -> 200 | BD16: ='[1]15'!$H$118 -> 267 | BE16: ='[1]15'!$H$119 -> 327 | BF16: ='[1]15'!$H$120 -> 188 | BG16: ='Section Load'!AJ19 -> 1235.289 | BH16: ='Section Load'!AK19 -> 276.41 | BI16: ='Section Load'!AL19 -> 0 | BJ16: ='Section Load'!AM19 -> 135.35 | BK16: ='Section Load'!AN19 -> 41.5 | BL16: ='Section Load'!AO19 -> 5.5 | BM16: ='Section Load'!AP19 -> 776.529
A17: Mumbai | B17: =B16+1 -> 16 | C17: 2 | D17: 2021 | E17: ='Section Load'!B20 -> 3038.52 | F17: ='Section Load'!C20 -> 1517.11 | G17: ='Section Load'!D20 -> 2233.65 | H17: ='Section Load'!E20 -> 4228.12 | I17: ='Section Load'!F20 -> 4709.02 | J17: ='Section Load'!G20 -> 2361.36 | K17: ='Section Load'!H20 -> 1255 | L17: ='Section Load'!I20 -> 957.28 | ... AL17: ='Section Load'!AI20 -> 659 | AM17: ='[1]16'!$H$92 -> 1860 | AN17: ='[1]16'!$H$93 -> 2621 | AO17: ='[1]16'!$H$95 -> 1261 | AP17: ='[1]16'!$H$96 -> 575 | AQ17: ='[1]16'!$H$97 -> 500 | AR17: ='[1]16'!$H$98 -> 1108 | AS17: ='[1]16'!$H$99 -> 210 | AT17: ='[1]16'!$H$100 -> 158 | AU17: ='[1]16'!$H$104 -> 74 | AV17: ='[1]16'!$H$105 -> 60 | AW17: ='[1]16'!$H$106 -> 340 | AX17: ='[1]16'!$H$109 -> 136 | AY17: ='[1]16'!$H$110 -> 103 | AZ17: ='[1]16'!$H$111 -> 433 | BA17: ='[1]16'!$H$114 -> 21 | BB17: ='[1]16'!$H$115 -> 100 | BC17: ='[1]16'!$H$116 -> 200 | BD17: ='[1]16'!$H$118 -> 205 | BE17: ='[1]16'!$H$119 -> 245 | BF17: ='[1]16'!$H$120 -> 124 | BG17: ='Section Load'!AJ20 -> 1012.57 | BH17: ='Section Load'!AK20 -> 274.44 | BI17: ='Section Load'!AL20 -> 0 | BJ17: ='Section Load'!AM20 -> 87.94 | BK17: ='Section Load'!AN20 -> 24.8 | BL17: ='Section Load'!AO20 -> 2.1 | BM17: ='Section Load'!AP20 -> 623.29
A18: Mumbai | B18: =B17+1 -> 17 | C18: 2 | D18: 2021 | E18: ='Section Load'!B21 -> 2711.64 | F18: ='Section Load'!C21 -> 1476.62 | G18: ='Section Load'!D21 -> 2001.39 | H18: ='Section Load'!E21 -> 4187.63 | I18: ='Section Load'!F21 -> 4529.17 | J18: ='Section Load'!G21 -> 2334.8 | K18: ='Section Load'!H21 -> 1128.56 | L18: ='Section Load'!I21 -> 883.8 | ... AL18: ='Section Load'!AI21 -> 482 | AM18: ='[1]17'!$H$92 -> 1944 | AN18: ='[1]17'!$H$93 -> 2755 | AO18: ='[1]17'!$H$95 -> 1333 | AP18: ='[1]17'!$H$96 -> 590 | AQ18: ='[1]17'!$H$97 -> 520 | AR18: ='[1]17'!$H$98 -> 1143 | AS18: ='[1]17'!$H$99 -> 224 | AT18: ='[1]17'!$H$100 -> 164 | AU18: ='[1]17'!$H$104 -> 74 | AV18: ='[1]17'!$H$105 -> 57 | AW18: ='[1]17'!$H$106 -> 339 | AX18: ='[1]17'!$H$109 -> 116 | AY18: ='[1]17'!$H$110 -> 82 | AZ18: ='[1]17'!$H$111 -> 455 | BA18: ='[1]17'!$H$114 -> 17 | BB18: ='[1]17'!$H$115 -> 93 | BC18: ='[1]17'!$H$116 -> 200 | BD18: ='[1]17'!$H$118 -> 158 | BE18: ='[1]17'!$H$119 -> 210 | BF18: ='[1]17'!$H$120 -> 105 | BG18: ='Section Load'!AJ21 -> 930.51 | BH18: ='Section Load'!AK21 -> 259.15 | BI18: ='Section Load'!AL21 -> 0 | BJ18: ='Section Load'!AM21 -> 67.6 | BK18: ='Section Load'!AN21 -> 16.1 | BL18: ='Section Load'!AO21 -> 4.7 | BM18: ='Section Load'!AP21 -> 582.96
A19: Mumbai | B19: =B18+1 -> 18 | C19: 2 | D19: 2021 | E19: ='Section Load'!B22 -> 2740.16 | F19: ='Section Load'!C22 -> 1468.93 | G19: ='Section Load'!D22 -> 2050.54 | H19: ='Section Load'!E22 -> 4281.18 | I19: ='Section Load'!F22 -> 4586.87 | J19: ='Section Load'!G22 -> 2334.16 | K19: ='Section Load'!H22 -> 1128.56 | L19: ='Section Load'!I22 -> 883.8 | ... AL19: ='Section Load'!AI22 -> 482 | AM19: ='[1]18'!$H$92 -> 2025 | AN19: ='[1]18'!$H$93 -> 2892 | AO19: ='[1]18'!$H$95 -> 1407 | AP19: ='[1]18'!$H$96 -> 606 | AQ19: ='[1]18'!$H$97 -> 537 | AR19: ='[1]18'!$H$98 -> 1221 | AS19: ='[1]18'!$H$99 -> 246 | AT19: ='[1]18'!$H$100 -> 169 | AU19: ='[1]18'!$H$104 -> 74 | AV19: ='[1]18'!$H$105 -> 56 | AW19: ='[1]18'!$H$106 -> 344 | AX19: ='[1]18'!$H$109 -> 136 | AY19: ='[1]18'!$H$110 -> 137 | AZ19: ='[1]18'!$H$111 -> 440 | BA19: ='[1]18'!$H$114 -> 25 | BB19: ='[1]18'!$H$115 -> 92 | BC19: ='[1]18'!$H$116 -> 200 | BD19: ='[1]18'!$H$118 -> 151 | BE19: ='[1]18'!$H$119 -> 217 | BF19: ='[1]18'!$H$120 -> 165 | BG19: ='Section Load'!AJ22 -> 840.14 | BH19: ='Section Load'!AK22 -> 260.41 | BI19: ='Section Load'!AL22 -> 0 | BJ19: ='Section Load'!AM22 -> 77.27 | BK19: ='Section Load'!AN22 -> 25.7 | BL19: ='Section Load'!AO22 -> 1.1 | BM19: ='Section Load'!AP22 -> 475.66
A20: Mumbai | B20: =B19+1 -> 19 | C20: 2 | D20: 2021 | E20: ='Section Load'!B23 -> 2680.92 | F20: ='Section Load'!C23 -> 1478.17 | G20: ='Section Load'!D23 -> 1916.89 | H20: ='Section Load'!E23 -> 4163.13 | I20: ='Section Load'!F23 -> 4133.31 | J20: ='Section Load'!G23 -> 2308.92 | K20: ='Section Load'!H23 -> 1435.97 | L20: ='Section Load'!I23 -> 664.45 | ... AL20: ='Section Load'!AI23 -> 499 | AM20: ='[1]19'!$H$92 -> 2120 | AN20: ='[1]19'!$H$93 -> 3034 | AO20: ='[1]19'!$H$95 -> 1486 | AP20: ='[1]19'!$H$96 -> 615 | AQ20: ='[1]19'!$H$97 -> 561 | AR20: ='[1]19'!$H$98 -> 1284 | AS20: ='[1]19'!$H$99 -> 269 | AT20: ='[1]19'!$H$100 -> 175 | AU20: ='[1]19'!$H$104 -> 74 | AV20: ='[1]19'!$H$105 -> 63 | AW20: ='[1]19'!$H$106 -> 350 | AX20: ='[1]19'!$H$109 -> 176 | AY20: ='[1]19'!$H$110 -> 168 | AZ20: ='[1]19'!$H$111 -> 440 | BA20: ='[1]19'!$H$114 -> 51 | BB20: ='[1]19'!$H$115 -> 94 | BC20: ='[1]19'!$H$116 -> 200 | BD20: ='[1]19'!$H$118 -> 296 | BE20: ='[1]19'!$H$119 -> 358 | BF20: ='[1]19'!$H$120 -> 236 | BG20: ='Section Load'!AJ23 -> 881.41 | BH20: ='Section Load'!AK23 -> 241.66 | BI20: ='Section Load'!AL23 -> -0.4 | BJ20: ='Section Load'!AM23 -> 89.25 | BK20: ='Section Load'!AN23 -> 23.5 | BL20: ='Section Load'!AO23 -> 1.8 | BM20: ='Section Load'!AP23 -> 525.6
A21: Mumbai | B21: =B20+1 -> 20 | C21: 2 | D21: 2021 | E21: ='Section Load'!B24 -> 2854 | F21: ='Section Load'!C24 -> 1511 | G21: ='Section Load'!D24 -> 1965 | H21: ='Section Load'!E24 -> 4389 | I21: ='Section Load'!F24 -> 4051 | J21: ='Section Load'!G24 -> 2302 | K21: ='Section Load'!H24 -> 1156 | L21: ='Section Load'!I24 -> 625 | ... AL21: ='Section Load'!AI24 -> 562 | AM21: ='[1]20'!$H$92 -> 2227 | AN21: ='[1]20'!$H$93 -> 3167 | AO21: ='[1]20'!$H$95 -> 1572 | AP21: ='[1]20'!$H$96 -> 637 | AQ21: ='[1]20'!$H$97 -> 593 | AR21: ='[1]20'!$H$98 -> 1352 | AS21: ='[1]20'!$H$99 -> 290 | AT21: ='[1]20'!$H$100 -> 183 | AU21: ='[1]20'!$H$104 -> 74 | AV21: ='[1]20'!$H$105 -> 76 | AW21: ='[1]20'!$H$106 -> 358 | AX21: ='[1]20'!$H$109 -> 235 | AY21: ='[1]20'!$H$110 -> 243 | AZ21: ='[1]20'!$H$111 -> 460 | BA21: ='[1]20'!$H$114 -> 77 | BB21: ='[1]20'!$H$115 -> 102 | BC21: ='[1]20'!$H$116 -> 200 | BD21: ='[1]20'!$H$118 -> 454 | BE21: ='[1]20'!$H$119 -> 527 | BF21: ='[1]20'!$H$120 -> 390 | BG21: ='Section Load'!AJ24 -> 1086 | BH21: ='Section Load'!AK24 -> 300 | BI21: ='Section Load'!AL24 -> 0 | BJ21: ='Section Load'!AM24 -> 86 | BK21: ='Section Load'!AN24 -> 30 | BL21: ='Section Load'!AO24 -> 3 | BM21: ='Section Load'!AP24 -> 667
A22: Mumbai | B22: =B21+1 -> 21 | C22: 2 | D22: 2021 | E22: ='Section Load'!B25 -> 3035 | F22: ='Section Load'!C25 -> 1522 | G22: ='Section Load'!D25 -> 2026 | H22: ='Section Load'!E25 -> 4214 | I22: ='Section Load'!F25 -> 4354 | J22: ='Section Load'!G25 -> 2354 | K22: ='Section Load'!H25 -> 1111 | L22: ='Section Load'!I25 -> 776 | ... AL22: ='Section Load'!AI25 -> 568 | AM22: ='[1]21'!$H$92 -> 2349 | AN22: ='[1]21'!$H$93 -> 3277 | AO22: ='[1]21'!$H$95 -> 1644 | AP22: ='[1]21'!$H$96 -> 664 | AQ22: ='[1]21'!$H$97 -> 628 | AR22: ='[1]21'!$H$98 -> 1439 | AS22: ='[1]21'!$H$99 -> 305 | AT22: ='[1]21'!$H$100 -> 195 | AU22: ='[1]21'!$H$104 -> 74 | AV22: ='[1]21'!$H$105 -> 83 | AW22: ='[1]21'!$H$106 -> 364 | AX22: ='[1]21'!$H$109 -> 295 | AY22: ='[1]21'!$H$110 -> 343 | AZ22: ='[1]21'!$H$111 -> 466 | BA22: ='[1]21'!$H$114 -> 94 | BB22: ='[1]21'!$H$115 -> 111 | BC22: ='[1]21'!$H$116 -> 200 | BD22: ='[1]21'!$H$118 -> 627 | BE22: ='[1]21'!$H$119 -> 688 | BF22: ='[1]21'!$H$120 -> 556 | BG22: ='Section Load'!AJ25 -> 940 | BH22: ='Section Load'!AK25 -> 283 | BI22: ='Section Load'!AL25 -> 0 | BJ22: ='Section Load'!AM25 -> 80 | BK22: ='Section Load'!AN25 -> 30 | BL22: ='Section Load'!AO25 -> 2 | BM22: ='Section Load'!AP25 -> 545
A23: Mumbai | B23: =B22+1 -> 22 | C23: 2 | D23: 2021 | E23: ='Section Load'!B26 -> 2796 | F23: ='Section Load'!C26 -> 1467 | G23: ='Section Load'!D26 -> 2080 | H23: ='Section Load'!E26 -> 4115 | I23: ='Section Load'!F26 -> 4684 | J23: ='Section Load'!G26 -> 2349 | K23: ='Section Load'!H26 -> 1196 | L23: ='Section Load'!I26 -> 729 | ... AL23: ='Section Load'!AI26 -> 565 | AM23: ='[1]22'!$H$92 -> -791 | AN23: ='[1]22'!$H$93 -> -1243 | AO23: ='[1]22'!$H$95 -> -591 | AP23: ='[1]22'!$H$96 -> -221 | AQ23: ='[1]22'!$H$97 -> -204 | AR23: ='[1]22'!$H$98 -> -533 | AS23: ='[1]22'!$H$99 -> -170 | AT23: ='[1]22'!$H$100 -> -72 | AU23: ='[1]22'!$H$104 -> -13 | AV23: ='[1]22'!$H$105 -> -202 | AW23: ='[1]22'!$H$106 -> 161 | AX23: ='[1]22'!$H$109 -> -1623 | AY23: ='[1]22'!$H$110 -> -1822 | AZ23: ='[1]22'!$H$111 -> 189 | BA23: ='[1]22'!$H$114 -> -566 | BB23: ='[1]22'!$H$115 -> -136 | BC23: ='[1]22'!$H$116 -> 200 | BD23: ='[1]22'!$H$118 -> -4632 | BE23: ='[1]22'!$H$119 -> -4611 | BF23: ='[1]22'!$H$120 -> -3804 | BG23: ='Section Load'!AJ26 -> 935 | BH23: ='Section Load'!AK26 -> 252 | BI23: ='Section Load'!AL26 -> 0 | BJ23: ='Section Load'!AM26 -> 76 | BK23: ='Section Load'!AN26 -> 18 | BL23: ='Section Load'!AO26 -> 2 | BM23: ='Section Load'!AP26 -> 587
A24: Mumbai | B24: =B23+1 -> 23 | C24: 2 | D24: 2021 | E24: ='Section Load'!B27 -> 3006 | F24: ='Section Load'!C27 -> 1462 | G24: ='Section Load'!D27 -> 2020 | H24: ='Section Load'!E27 -> 4149.83 | I24: ='Section Load'!F27 -> 5151 | J24: ='Section Load'!G27 -> 2348 | K24: ='Section Load'!H27 -> 1384.71 | L24: ='Section Load'!I27 -> 911 | ... AL24: ='Section Load'!AI27 -> 533 | AM24: ='[1]23'!$H$92 -> -688 | AN24: ='[1]23'!$H$93 -> -1123 | AO24: ='[1]23'!$H$95 -> -516 | AP24: ='[1]23'!$H$96 -> -203 | AQ24: ='[1]23'!$H$97 -> -178 | AR24: ='[1]23'!$H$98 -> -477 | AS24: ='[1]23'!$H$99 -> -160 | AT24: ='[1]23'!$H$100 -> -59 | AU24: ='[1]23'!$H$104 -> 74 | AV24: ='[1]23'!$H$105 -> 54 | AW24: ='[1]23'!$H$106 -> 342 | AX24: ='[1]23'!$H$109 -> 121 | AY24: ='[1]23'!$H$110 -> 86 | AZ24: ='[1]23'!$H$111 -> 446 | BA24: ='[1]23'!$H$114 -> 12 | BB24: ='[1]23'!$H$115 -> 99 | BC24: ='[1]23'!$H$116 -> 200 | BD24: ='[1]23'!$H$118 -> 169 | BE24: ='[1]23'!$H$119 -> 225 | BF24: ='[1]23'!$H$120 -> 105 | BG24: ='Section Load'!AJ27 -> 972.81 | BH24: ='Section Load'!AK27 -> 252 | BI24: ='Section Load'!AL27 -> 0 | BJ24: ='Section Load'!AM27 -> 77 | BK24: ='Section Load'!AN27 -> 22 | BL24: ='Section Load'!AO27 -> 2 | BM24: ='Section Load'!AP27 -> 619.81
A25: Mumbai | B25: =B24+1 -> 24 | C25: 2 | D25: 2021 | E25: ='Section Load'!B28 -> 3198 | F25: ='Section Load'!C28 -> 1506 | G25: ='Section Load'!D28 -> 2074 | H25: ='Section Load'!E28 -> 4084.17 | I25: ='Section Load'!F28 -> 5857 | J25: ='Section Load'!G28 -> 2469 | K25: ='Section Load'!H28 -> 1749.29 | L25: ='Section Load'!I28 -> 1101 | ... AL25: ='Section Load'!AI28 -> 602 | AM25: ='[1]24'!$H$92 -> -585 | AN25: ='[1]24'!$H$93 -> -974 | AO25: ='[1]24'!$H$95 -> -445 | AP25: ='[1]24'!$H$96 -> -178 | AQ25: ='[1]24'!$H$97 -> -145 | AR25: ='[1]24'!$H$98 -> -432 | AS25: ='[1]24'!$H$99 -> -148 | AT25: ='[1]24'!$H$100 -> -50 | AU25: ='[1]24'!$H$104 -> 74 | AV25: ='[1]24'!$H$105 -> 54 | AW25: ='[1]24'!$H$106 -> 339 | AX25: ='[1]24'!$H$109 -> 137 | AY25: ='[1]24'!$H$110 -> 80 | AZ25: ='[1]24'!$H$111 -> 433 | BA25: ='[1]24'!$H$114 -> 15 | BB25: ='[1]24'!$H$115 -> 95 | BC25: ='[1]24'!$H$116 -> 200 | BD25: ='[1]24'!$H$118 -> 176 | BE25: ='[1]24'!$H$119 -> 233 | BF25: ='[1]24'!$H$120 -> 102 | BG25: ='Section Load'!AJ28 -> 787.75 | BH25: ='Section Load'!AK28 -> 260 | BI25: ='Section Load'!AL28 -> 0 | BJ25: ='Section Load'!AM28 -> 74 | BK25: ='Section Load'!AN28 -> 16 | BL25: ='Section Load'!AO28 -> 2 | BM25: ='Section Load'!AP28 -> 435.75
A26: Mumbai | B26: =B25+1 -> 25 | C26: 2 | D26: 2021 | E26: ='Section Load'!B29 -> 3189 | F26: ='Section Load'!C29 -> 1492 | G26: ='Section Load'!D29 -> 1987 | H26: ='Section Load'!E29 -> 4098 | I26: ='Section Load'!F29 -> 5048 | J26: ='Section Load'!G29 -> 2279 | K26: ='Section Load'!H29 -> 1200 | L26: ='Section Load'!I29 -> 743 | ... AL26: ='Section Load'!AI29 -> 554 | AM26: ='[1]25'!$H$92 -> -489 | AN26: ='[1]25'!$H$93 -> -813 | AO26: ='[1]25'!$H$95 -> -362 | AP26: ='[1]25'!$H$96 -> -154 | AQ26: ='[1]25'!$H$97 -> -120 | AR26: ='[1]25'!$H$98 -> -382 | AS26: ='[1]25'!$H$99 -> -131 | AT26: ='[1]25'!$H$100 -> -42 | AU26: ='[1]25'!$H$104 -> 74 | AV26: ='[1]25'!$H$105 -> 62 | AW26: ='[1]25'!$H$106 -> 341 | AX26: ='[1]25'!$H$109 -> 117 | AY26: ='[1]25'!$H$110 -> 105 | AZ26: ='[1]25'!$H$111 -> 447 | BA26: ='[1]25'!$H$114 -> 20 | BB26: ='[1]25'!$H$115 -> 93 | BC26: ='[1]25'!$H$116 -> 200 | BD26: ='[1]25'!$H$118 -> 172 | BE26: ='[1]25'!$H$119 -> 240 | BF26: ='[1]25'!$H$120 -> 121 | BG26: ='Section Load'!AJ29 -> 861.99 | BH26: ='Section Load'!AK29 -> 265 | BI26: ='Section Load'!AL29 -> 0 | BJ26: ='Section Load'!AM29 -> 67 | BK26: ='Section Load'!AN29 -> 22 | BL26: ='Section Load'!AO29 -> 0 | BM26: ='Section Load'!AP29 -> 507.99
A27: Mumbai | B27: =B26+1 -> 26 | C27: 2 | D27: 2021 | E27: ='Section Load'!B30 -> 3115 | F27: ='Section Load'!C30 -> 1421 | G27: ='Section Load'!D30 -> 1988 | H27: ='Section Load'!E30 -> 4202 | I27: ='Section Load'!F30 -> 5077 | J27: ='Section Load'!G30 -> 2292 | K27: ='Section Load'!H30 -> 1005 | L27: ='Section Load'!I30 -> 610 | ... AL27: ='Section Load'!AI30 -> 617 | AM27: ='[1]26'!$H$92 -> -381 | AN27: ='[1]26'!$H$93 -> -708 | AO27: ='[1]26'!$H$95 -> -302 | AP27: ='[1]26'!$H$96 -> -135 | AQ27: ='[1]26'!$H$97 -> -95 | AR27: ='[1]26'!$H$98 -> -320 | AS27: ='[1]26'!$H$99 -> -92 | AT27: ='[1]26'!$H$100 -> -32 | AU27: ='[1]26'!$H$104 -> 74 | AV27: ='[1]26'!$H$105 -> 55 | AW27: ='[1]26'!$H$106 -> 337 | AX27: ='[1]26'!$H$109 -> 118 | AY27: ='[1]26'!$H$110 -> 105 | AZ27: ='[1]26'!$H$111 -> 433 | BA27: ='[1]26'!$H$114 -> 44 | BB27: ='[1]26'!$H$115 -> 97 | BC27: ='[1]26'!$H$116 -> 200 | BD27: ='[1]26'!$H$118 -> 180 | BE27: ='[1]26'!$H$119 -> 236 | BF27: ='[1]26'!$H$120 -> 108 | BG27: ='Section Load'!AJ30 -> 838.45 | BH27: ='Section Load'!AK30 -> 251 | BI27: ='Section Load'!AL30 -> 0 | BJ27: ='Section Load'!AM30 -> 57 | BK27: ='Section Load'!AN30 -> 23 | BL27: ='Section Load'!AO30 -> 1 | BM27: ='Section Load'!AP30 -> 506.45
A28: Mumbai | B28: =B27+1 -> 27 | C28: 2 | D28: 2021 | E28: ='Section Load'!B31 -> 3121.48 | F28: ='Section Load'!C31 -> 1489.99 | G28: ='Section Load'!D31 -> 2224.465 | H28: ='Section Load'!E31 -> 4174.96 | I28: ='Section Load'!F31 -> 5238.66 | J28: ='Section Load'!G31 -> 2278.56 | K28: ='Section Load'!H31 -> 972.27 | L28: ='Section Load'!I31 -> 562.33 | ... AL28: ='Section Load'!AI31 -> 672 | AM28: ='[1]27'!$H$92 -> -291 | AN28: ='[1]27'!$H$93 -> -595 | AO28: ='[1]27'!$H$95 -> -231 | AP28: ='[1]27'!$H$96 -> -120 | AQ28: ='[1]27'!$H$97 -> -82 | AR28: ='[1]27'!$H$98 -> -256 | AS28: ='[1]27'!$H$99 -> -60 | AT28: ='[1]27'!$H$100 -> -27 | AU28: ='[1]27'!$H$104 -> 74 | AV28: ='[1]27'!$H$105 -> 60 | AW28: ='[1]27'!$H$106 -> 341 | AX28: ='[1]27'!$H$109 -> 118 | AY28: ='[1]27'!$H$110 -> 104 | AZ28: ='[1]27'!$H$111 -> 438 | BA28: ='[1]27'!$H$114 -> 37 | BB28: ='[1]27'!$H$115 -> 92 | BC28: ='[1]27'!$H$116 -> 200 | BD28: ='[1]27'!$H$118 -> 167 | BE28: ='[1]27'!$H$119 -> 219 | BF28: ='[1]27'!$H$120 -> 112 | BG28: ='Section Load'!AJ31 -> 961.603 | BH28: ='Section Load'!AK31 -> 252.098 | BI28: ='Section Load'!AL31 -> 0.4 | BJ28: ='Section Load'!AM31 -> 78.53 | BK28: ='Section Load'!AN31 -> 25.5 | BL28: ='Section Load'!AO31 -> 2.4 | BM28: ='Section Load'!AP31 -> 602.675
A29: Mumbai | B29: =B28+1 -> 28 | C29: 2 | D29: 2021 | E29: ='Section Load'!B32 -> 3316.24 | F29: ='Section Load'!C32 -> 1486.03 | G29: ='Section Load'!D32 -> 2272.735 | H29: ='Section Load'!E32 -> 4370.94 | I29: ='Section Load'!F32 -> 5659.28 | J29: ='Section Load'!G32 -> 2391.6 | K29: ='Section Load'!H32 -> 1090.76 | L29: ='Section Load'!I32 -> 614.24 | ... AL29: ='Section Load'!AI32 -> 739 | AM29: ='[1]28'!$H$92 -> -234 | AN29: ='[1]28'!$H$93 -> -495 | AO29: ='[1]28'!$H$95 -> -188 | AP29: ='[1]28'!$H$96 -> -97 | AQ29: ='[1]28'!$H$97 -> -71 | AR29: ='[1]28'!$H$98 -> -197 | AS29: ='[1]28'!$H$99 -> -38 | AT29: ='[1]28'!$H$100 -> -19 | AU29: ='[1]28'!$H$104 -> 74 | AV29: ='[1]28'!$H$105 -> 48 | AW29: ='[1]28'!$H$106 -> 334 | AX29: ='[1]28'!$H$109 -> 139 | AY29: ='[1]28'!$H$110 -> 93 | AZ29: ='[1]28'!$H$111 -> 433 | BA29: ='[1]28'!$H$114 -> 25 | BB29: ='[1]28'!$H$115 -> 94 | BC29: ='[1]28'!$H$116 -> 200 | BD29: ='[1]28'!$H$118 -> 133 | BE29: ='[1]28'!$H$119 -> 190 | BF29: ='[1]28'!$H$120 -> 117 | BG29: ='Section Load'!AJ32 -> 1060.007 | BH29: ='Section Load'!AK32 -> 273.742 | BI29: ='Section Load'!AL32 -> 0 | BJ29: ='Section Load'!AM32 -> 67.81 | BK29: ='Section Load'!AN32 -> 41.4 | BL29: ='Section Load'!AO32 -> 2.4 | BM29: ='Section Load'!AP32 -> 674.655

Sheet Daily HLP
A2: Date | B2: Date | C2: Min.Tem (Degee) | D2: Avg.Temp (Degree) | E2: Hum % | F2: Occu. | G2: KWAH | I2: Electricity | M2: Gas | P2: Water | S2: Water per occiped room | T2: Diesel | W2: Water Consumption Zone | AA2: Chiller Running Hrs | AF2: Chiller Total | AG2: Chiller Avg. Laod | AH2: Boiler Running Hrs | AK2: Total boiler | AL2: Hot Water Generator | AO2: Total HWG RH | AP2: HWG Gas consumption | AQ2: Transformer -1 | BA2: Transformer -2 | BO2: Total HLP Cost | BQ2: Chiller lock at 70%
F3: % | H3: KVAH | I3: Units (Kwh) | J3: Rate | K3: Total Cost(Rs) | L3: Per room | M3: Total Units(CuM) | N3: Rate | O3: Total Cost(Rs) | P3: Units(KL) | Q3: Rate | R3: Total Cost(Rs) | T3: Ltrs | U3: Rate | V3: Total Cost(Rs) | W3: Zone-1 | X3: Zone-2 | Y3: Zone-3 | AA3: CH1 | AB3: CH2 | AC3: CH3 | AD3: CH4 | AE3: Total chiller | AH3: Boiler1 | AI3: Boiler2 | AJ3: Boiler3 | AL3: HWG1 | AM3: HWG2 | AQ3: HVAC-1 | AR3: FPP-1 | AS3: MPP | AT3: Lighting-1 | AU3: Cap bank 1100KVAR-1 | AV3: CH-1 | AW3: CH-2 | AX3: Chilled water Pump | AY3: Co Generator | AZ3: Ball Room-2 | BA3: HVAC-2 | BB3: FPP-2 | BC3: MPP | BD3: Lighting-2 | BE3: Cap bank 1200KVAR-2 | BF3: CH-3 | BG3: CH-4 | BH3: Chilled water Pump | BI3: Ball Room-1 | BK3: Cooling Tower consumption | BL3: HVAC% | BM3: Lighting% | BN3: Power% | BP3: Chiller Plant IKW
A4: 1 | B4: 1 | D4: ='1'!D3 -> 25 | E4: ='1'!D4 -> 0.8 | F4: ='1'!D2 -> 0.47 | G4: ='1'!G8 -> 19474 | H4: ='1'!G8 -> 19474 | I4: ='1'!G7 -> 19291 | J4: ='1'!F27 -> 9 | K4: =H4*J4 -> 175266 | L4: =I4/202 -> 95.5 | M4: ='1'!G15 -> 797.95 | N4: 35 | O4: =M4*N4 -> 27928.25 | P4: ='1'!G20 -> 171 | Q4: 134 | R4: =P4*Q4 -> 22914 | S4: =P4/(F4*202/100) -> 180.11376 | T4: ='1'!G24 -> 0 | U4: 69 | V4: =T4*U4 -> 0 | W4: ='1'!G95 -> 72 | X4: ='1'!G96 -> 23 | Y4: ='1'!G97 -> 18 | Z4: =W4+X4+Y4 -> 113 | AA4: ='1'!G132 -> 24.04 | AB4: ='1'!G133 -> 0 | AC4: ='1'!G134 -> 0 | AD4: ='1'!G135 -> 0 | AE4: =AA4+AB4+AC4+AD4 -> 24.04 | AF4: =AV4+AW4+BF4+BG4 -> 4366.51 | AG4: =AF4/AE4 -> 181.63519 | AH4: ='1'!G136 -> 7.89 | AI4: ='1'!G137 -> 0.4 | AJ4: ='1'!G138 -> 0 | AK4: =AH4+AI4+AJ4 -> 8.29 | AL4: ='1'!G139 -> 7.95 | AM4: ='1'!G140 -> 0 | AO4: =AL4+AM4 -> 7.95 | AP4: ='1'!G123 -> 270.38 | AQ4: ='1'!G35 -> 0 | AR4: ='1'!G37 -> 0 | AS4: ='1'!G38 -> 0 | AT4: ='1'!G39 -> 0 | AU4: ='1'!G40 -> 0 | AV4: ='1'!G41 -> 4365.99 | AW4: ='1'!G42 -> 0 | AX4: ='1'!G43 -> 2272.96 | AY4: ='1'!G44 -> 0 | AZ4: ='1'!G36 -> 555.2 | BA4: ='1'!G49 -> 2996.04 | BB4: ='1'!G51 -> 1437.83 | BC4: ='1'!G52 -> 2015.04 | BD4: ='1'!G53 -> 4103.76 | BE4: ='1'!G54 -> 40.32 | BF4: ='1'!G55 -> 0 | BG4: ='1'!G56 -> 0.52 | BH4: ='1'!G57 -> 0 | BI4: ='1'!G50 -> 1021.36 | BJ4: =SUM(AV4,AW4,BF4,BG4) -> 4366.51 | BK4: ='1'!G84 -> 521 | BL4: =SUM(AQ4,AV4,AW4,AX4,BA4,BF4,BG4,BH4)/I4% -> 49.948214 | BM4: =SUM(AT4,BD4)/I4% -> 21.272925 | BN4: =(AS4+BC4)/I4 -> 0.10445493 | BO4: =K4+O4+R4+V4 -> 226108.25 | BP4: =SUM(AV4,AW4,AX4,BF4,BG4,BH4,BK4) -> 7160.47 | BQ4: =BP4/(AE4*280) -> 1.0637732 | BR4: =SUM(AV4,AW4,BF4,BG4)/(AE4*400) -> 0.45408798
A5: 2 | B5: 2 | D5: ='2'!D3 -> 27 | E5: ='2'!D4 -> 0.75 | F5: ='2'!D2 -> 0.48 | G5: ='2'!G8 -> 19533 | H5: ='2'!G8 -> 19533 | I5: ='2'!G7 -> 19381 | J5: 10 | K5: =H5*J5 -> 195330 | L5: =I5/202 -> 95.945545 | M5: ='2'!G15 -> 860.9 | N5: 35 | O5: =M5*N5 -> 30131.5 | P5: ='2'!G20 -> 171 | Q5: 134 | R5: =P5*Q5 -> 22914 | S5: =P5/(F5*202/100) -> 176.36139 | T5: ='2'!G24 -> 0 | U5: 69 | V5: =T5*U5 -> 0 | W5: ='2'!G95 -> 70 | X5: ='2'!G96 -> 30 | Y5: ='2'!G97 -> 16 | Z5: =W5+X5+Y5 -> 116 | AA5: ='2'!G132 -> 23.52 | AB5: ='2'!G133 -> 0 | AC5: ='2'!G134 -> 0 | AD5: ='2'!G135 -> 0 | AE5: =AA5+AB5+AC5+AD5 -> 23.52 | AF5: =AV5+AW5+BF5+BG5 -> 4172.58 | AG5: =AF5/AE5 -> 177.40561 | AH5: ='2'!G136 -> 8.73 | AI5: ='2'!G137 -> 0.19 | AJ5: ='2'!G138 -> 0 | AK5: =AH5+AI5+AJ5 -> 8.92 | AL5: ='2'!G139 -> 7.63 | AM5: ='2'!G140 -> 0 | AO5: =AL5+AM5 -> 7.63 | AP5: ='2'!G123 -> 258.22 | AQ5: ='2'!G35 -> 0 | AR5: ='2'!G37 -> 0 | AS5: ='2'!G38 -> 0 | AT5: ='2'!G39 -> 0 | AU5: ='2'!G40 -> 0 | AV5: ='2'!G41 -> 4170.49 | AW5: ='2'!G42 -> 0.09 | AX5: ='2'!G43 -> 2260.13 | AY5: ='2'!G44 -> 0 | AZ5: ='2'!G36 -> 621.35 | BA5: ='2'!G49 -> 3058.91 | BB5: ='2'!G51 -> 1441.43 | BC5: ='2'!G52 -> 2022.29 | BD5: ='2'!G53 -> 4158.97 | BE5: ='2'!G54 -> 39.04 | BF5: ='2'!G55 -> 0 | BG5: ='2'!G56 -> 2 | BH5: ='2'!G57 -> 0 | BI5: ='2'!G50 -> 1036.33 | BJ5: =SUM(AV5,AW5,BF5,BG5) -> 4172.58 | BK5: ='2'!G84 -> 534 | BL5: =SUM(AQ5,AV5,AW5,AX5,BA5,BF5,BG5,BH5)/I5% -> 48.97384 | BM5: =SUM(AT5,BD5)/I5% -> 21.459006 | BN5: =(AS5+BC5)/I5 -> 0.10434395 | BO5: =K5+O5+R5+V5 -> 248375.5 | BP5: =SUM(AV5,AW5,AX5,BF5,BG5,BH5,BK5) -> 6966.71 | BQ5: =BP5/(AE5*280) -> 1.0578702
A6: 3 | B6: 3 | D6: ='3'!D3 -> 27 | E6: ='3'!D4 -> 0.75 | F6: ='3'!D2 -> 0.35 | G6: ='3'!G8 -> 19671 | H6: ='3'!G8 -> 19671 | I6: ='3'!G7 -> 19375 | J6: 10 | K6: =H6*J6 -> 196710 | L6: =I6/202 -> 95.915842 | M6: ='3'!G15 -> 873 | N6: 35 | O6: =M6*N6 -> 30555 | P6: ='3'!G20 -> 161 | Q6: 134 | R6: =P6*Q6 -> 21574 | S6: =P6/(F6*202/100) -> 227.72277 | T6: ='3'!G24 -> 0 | U6: 69 | V6: =T6*U6 -> 0 | W6: ='3'!G95 -> 64 | X6: ='3'!G96 -> 36 | Y6: ='3'!G97 -> 31 | Z6: =W6+X6+Y6 -> 131 | AA6: ='3'!G132 -> 24 | AB6: ='3'!G133 -> 0 | AC6: ='3'!G134 -> 0 | AD6: ='3'!G135 -> 0 | AE6: =AA6+AB6+AC6+AD6 -> 24 | AF6: =AV6+AW6+BF6+BG6 -> 4011 | AG6: =AF6/AE6 -> 167.125 | AH6: ='3'!G136 -> 3.42 | AI6: ='3'!G137 -> 4.47 | AJ6: ='3'!G138 -> 0 | AK6: =AH6+AI6+AJ6 -> 7.89 | AL6: ='3'!G139 -> 7.78 | AM6: ='3'!G140 -> 0 | AO6: =AL6+AM6 -> 7.78 | AP6: ='3'!G123 -> 265 | AQ6: ='3'!G35 -> 2568.33 | AR6: ='3'!G37 -> 0 | AS6: ='3'!G38 -> 0 | AT6: ='3'!G39 -> 0 | AU6: ='3'!G40 -> 0 | AV6: ='3'!G41 -> 4011 | AW6: ='3'!G42 -> 0 | AX6: ='3'!G43 -> 2293 | AY6: ='3'!G44 -> 0 | AZ6: ='3'!G36 -> 784 | BA6: ='3'!G49 -> 14 | BB6: ='3'!G51 -> 1532 | BC6: ='3'!G52 -> 1949 | BD6: ='3'!G53 -> 4269 | BE6: ='3'!G54 -> 15 | BF6: ='3'!G55 -> 0 | BG6: ='3'!G56 -> 0 | BH6: ='3'!G57 -> 0 | BI6: ='3'!G50 -> 1386 | BJ6: =SUM(AV6,AW6,BF6,BG6) -> 4011 | BK6: ='3'!G84 -> 457 | BL6: =SUM(AQ6,AV6,AW6,AX6,BA6,BF6,BG6,BH6)/I6% -> 45.864929 | BM6: =SUM(AT6,BD6)/I6% -> 22.033548 | BN6: =(AS6+BC6)/I6 -> 0.10059355 | BO6: =K6+O6+R6+V6 -> 248839 | BP6: =SUM(AV6,AW6,AX6,BF6,BG6,BH6,BK6) -> 6761 | BQ6: =BP6/(AE6*280) -> 1.0061012
A7: 4 | B7: 4 | D7: ='4'!D3 -> 28 | E7: ='4'!D4 -> 0.75 | F7: ='4'!D2 -> 0.38 | G7: ='4'!G8 -> 18753 | H7: ='4'!G8 -> 18753 | I7: ='4'!G7 -> 18251 | J7: 10 | K7: =H7*J7 -> 187530 | L7: =I7/202 -> 90.351485 | M7: ='4'!G15 -> 796 | N7: 35 | O7: =M7*N7 -> 27860 | P7: ='4'!G20 -> 150 | Q7: 134 | R7: =P7*Q7 -> 20100 | S7: =P7/(F7*202/100) -> 195.41428 | T7: ='4'!G24 -> 380 | U7: 69 | V7: =T7*U7 -> 26220 | W7: ='4'!G95 -> 78 | X7: ='4'!G96 -> 35 | Y7: ='4'!G97 -> 45 | Z7: =W7+X7+Y7 -> 158 | AA7: ='4'!G132 -> 12 | AB7: ='4'!G133 -> 0 | AC7: ='4'!G134 -> 12 | AD7: ='4'!G135 -> 0 | AE7: =AA7+AB7+AC7+AD7 -> 24 | AF7: =AV7+AW7+BF7+BG7 -> 3732.9 | AG7: =AF7/AE7 -> 155.5375 | AH7: ='4'!G136 -> 5.23 | AI7: ='4'!G137 -> 2.17 | AJ7: ='4'!G138 -> 0 | AK7: =AH7+AI7+AJ7 -> 7.4 | AL7: ='4'!G139 -> 8.05 | AM7: ='4'!G140 -> 0 | AO7: =AL7+AM7 -> 8.05 | AP7: ='4'!G123 -> 275 | AQ7: ='4'!G35 -> 2607 | AR7: ='4'!G37 -> 1302 | AS7: ='4'!G38 -> 806.12 | AT7: ='4'!G39 -> 3521 | AU7: ='4'!G40 -> 0 | AV7: ='4'!G41 -> 1445 | AW7: ='4'!G42 -> -0.09 | AX7: ='4'!G43 -> 2251 | AY7: ='4'!G44 -> 0 | AZ7: ='4'!G36 -> 594 | BA7: ='4'!G49 -> 0 | BB7: ='4'!G51 -> 207 | BC7: ='4'!G52 -> 1105 | BD7: ='4'!G53 -> 627 | BE7: ='4'!G54 -> 8 | BF7: ='4'!G55 -> 2283.42 | BG7: ='4'!G56 -> 4.57 | BH7: ='4'!G57 -> 0 | BI7: ='4'!G50 -> 1085 | BJ7: =SUM(AV7,AW7,BF7,BG7) -> 3732.9 | BK7: ='3'!G84 -> 457 | BL7: =SUM(AQ7,AV7,AW7,AX7,BA7,BF7,BG7,BH7)/I7% -> 47.070845 | BM7: =SUM(AT7,BD7)/I7% -> 22.727522 | BN7: =(AS7+BC7)/I7 -> 0.10471317 | BO7: =K7+O7+R7+V7 -> 261710 | BP7: =SUM(AV7,AW7,AX7,BF7,BG7,BH7,BK7) -> 6440.9 | BQ7: =BP7/(AE7*280) -> 0.95846726
A8: 5 | B8: 5 | D8: ='5'!D3 -> 27 | E8: ='5'!D4 -> 0.75 | F8: ='5'!D2 -> 0.42 | G8: ='5'!G8 -> 18596 | H8: ='5'!G8 -> 18596 | I8: ='5'!G7 -> 18524 | J8: 10 | K8: =H8*J8 -> 185960 | L8: =I8/202 -> 91.70297 | M8: ='5'!G15 -> 778 | N8: 35 | O8: =M8*N8 -> 27230 | P8: ='5'!G20 -> 181 | Q8: 134 | R8: =P8*Q8 -> 24254 | S8: =P8/(F8*202/100) -> 213.34276 | T8: ='5'!G24 -> 0 | U8: 69 | V8: =T8*U8 -> 0 | W8: ='5'!G95 -> 55 | X8: ='5'!G96 -> 23 | Y8: ='5'!G97 -> 40 | Z8: =W8+X8+Y8 -> 118 | AA8: ='5'!G132 -> 0 | AB8: ='5'!G133 -> 0 | AC8: ='5'!G134 -> 24 | AD8: ='5'!G135 -> 0 | AE8: =AA8+AB8+AC8+AD8 -> 24 | AF8: =AV8+AW8+BF8+BG8 -> 3652 | AG8: =AF8/AE8 -> 152.16667 | AH8: ='5'!G136 -> 5.99 | AI8: ='5'!G137 -> 0.61 | AJ8: ='5'!G138 -> 0 | AK8: =AH8+AI8+AJ8 -> 6.6 | AL8: ='5'!G139 -> 7.38 | AM8: ='5'!G140 -> 0 | AO8: =AL8+AM8 -> 7.38 | AP8: ='5'!G123 -> 269 | AQ8: ='5'!G35 -> 0 | AR8: ='5'!G37 -> 170 | AS8: ='5'!G38 -> 0 | AT8: ='5'!G39 -> 582 | AU8: ='5'!G40 -> 0 | AV8: ='5'!G41 -> 1 | AW8: ='5'!G42 -> 0 | AX8: ='5'!G43 -> 332 | AY8: ='5'!G44 -> 0 | AZ8: ='5'!G36 -> 564 | BA8: ='5'!G49 -> 2649 | BB8: ='5'!G51 -> 1288 | BC8: ='5'!G52 -> 2075 | BD8: ='5'!G53 -> 3646 | BE8: ='5'!G54 -> 75 | BF8: ='5'!G55 -> 3651 | BG8: ='5'!G56 -> 0 | BH8: ='5'!G57 -> 1933 | BI8: ='5'!G50 -> 1105 | BJ8: =SUM(AV8,AW8,BF8,BG8) -> 3652 | BK8: ='5'!G84 -> 467 | BL8: =SUM(AQ8,AV8,AW8,AX8,BA8,BF8,BG8,BH8)/I8% -> 46.242712 | BM8: =SUM(AT8,BD8)/I8% -> 22.824444 | BN8: =(AS8+BC8)/I8 -> 0.11201684 | BO8: =K8+O8+R8+V8 -> 237444 | BP8: =SUM(AV8,AW8,AX8,BF8,BG8,BH8,BK8) -> 6384 | BQ8: =BP8/(AE8*280) -> 0.95
A9: 6 | B9: 6 | D9: ='6'!D3 -> 27 | E9: ='6'!D4 -> 0.75 | F9: ='6'!D2 -> 0.36 | G9: ='6'!G8 -> 19282 | H9: ='6'!G8 -> 19282 | I9: ='6'!G7 -> 19190 | J9: 10 | K9: =H9*J9 -> 192820 | L9: =I9/202 -> 95 | M9: ='6'!G15 -> 814 | N9: 35 | O9: =M9*N9 -> 28490 | P9: ='6'!G20 -> 271 | Q9: 134 | R9: =P9*Q9 -> 36314 | S9: =P9/(F9*202/100) -> 372.66227 | T9: ='6'!G24 -> 0 | U9: 69 | V9: =T9*U9 -> 0 | W9: ='6'!G95 -> 61 | X9: ='6'!G96 -> 34 | Y9: ='6'!G97 -> 31 | Z9: =W9+X9+Y9 -> 126 | AA9: ='6'!G132 -> 0 | AB9: ='6'!G133 -> 0 | AC9: ='6'!G134 -> 24 | AD9: ='6'!G135 -> 0 | AE9: =AA9+AB9+AC9+AD9 -> 24 | AF9: =AV9+AW9+BF9+BG9 -> 3905 | AG9: =AF9/AE9 -> 162.70833 | AH9: ='6'!G136 -> 4.8 | AI9: ='6'!G137 -> 2.25 | AJ9: ='6'!G138 -> 0 | AK9: =AH9+AI9+AJ9 -> 7.05 | AL9: ='6'!G139 -> 8.99 | AM9: ='6'!G140 -> 0 | AO9: =AL9+AM9 -> 8.99 | AP9: ='6'!G123 -> 288 | AQ9: ='6'!G35 -> 0 | AR9: ='6'!G37 -> 0 | AS9: ='6'!G38 -> 0 | AT9: ='6'!G39 -> 0 | AU9: ='6'!G40 -> 0 | AV9: ='6'!G41 -> 0 | AW9: ='6'!G42 -> 0 | AX9: ='6'!G43 -> 0 | AY9: ='6'!G44 -> 0 | AZ9: ='6'!G36 -> 729 | BA9: ='6'!G49 -> 2648 | BB9: ='6'!G51 -> 1509 | BC9: ='6'!G52 -> 2000 | BD9: ='6'!G53 -> 4153 | BE9: ='6'!G54 -> 70 | BF9: ='6'!G55 -> 3905 | BG9: ='6'!G56 -> 0 | BH9: ='6'!G57 -> 2282 | BI9: ='6'!G50 -> 1480 | BJ9: =SUM(AV9,AW9,BF9,BG9) -> 3905 | BK9: ='6'!G84 -> 477 | BL9: =SUM(AQ9,AV9,AW9,AX9,BA9,BF9,BG9,BH9)/I9% -> 46.039604 | BM9: =SUM(AT9,BD9)/I9% -> 21.64148 | BN9: =(AS9+BC9)/I9 -> 0.10422095 | BO9: =K9+O9+R9+V9 -> 257624 | BP9: =SUM(AV9,AW9,AX9,BF9,BG9,BH9,BK9) -> 6664 | BQ9: =BP9/(AE9*280) -> 0.99166667
A10: 7 | B10: 7 | D10: ='7'!D3 -> 26 | E10: ='7'!D4 -> 0.78 | F10: ='7'!D2 -> 0.54 | G10: ='7'!G8 -> 18315 | H10: ='7'!G8 -> 18315 | I10: ='7'!G7 -> 18255 | J10: 10 | K10: =H10*J10 -> 183150 | L10: =I10/202 -> 90.371287 | M10: ='7'!G15 -> 844.45 | N10: 35 | O10: =M10*N10 -> 29555.75 | P10: ='7'!G20 -> 212 | Q10: 134 | R10: =P10*Q10 -> 28408 | S10: =P10/(F10*202/100) -> 194.35277 | T10: ='7'!G24 -> 0 | U10: 69 | V10: =T10*U10 -> 0 | W10: ='7'!G95 -> 57 | X10: ='7'!G96 -> 43 | Y10: ='7'!G97 -> 23 | Z10: =W10+X10+Y10 -> 123 | AA10: ='7'!G132 -> 0 | AB10: ='7'!G133 -> 0 | AC10: ='7'!G134 -> 24 | AD10: ='7'!G135 -> 0 | AE10: =AA10+AB10+AC10+AD10 -> 24 | AF10: =AV10+AW10+BF10+BG10 -> 3495.98 | AG10: =AF10/AE10 -> 145.66583 | AH10: ='7'!G136 -> 7.92 | AI10: ='7'!G137 -> -0.03 | AJ10: ='7'!G138 -> 0 | AK10: =AH10+AI10+AJ10 -> 7.89 | AL10: ='7'!G139 -> 8.63 | AM10: ='7'!G140 -> 0 | AO10: =AL10+AM10 -> 8.63 | AP10: ='7'!G123 -> 296 | AQ10: ='7'!G35 -> 0 | AR10: ='7'!G37 -> 0 | AS10: ='7'!G38 -> 0 | AT10: ='7'!G39 -> 0 | AU10: ='7'!G40 -> 0 | AV10: ='7'!G41 -> 0 | AW10: ='7'!G42 -> 0 | AX10: ='7'!G43 -> 0 | AY10: ='7'!G44 -> 0 | AZ10: ='7'!G36 -> 577.81 | BA10: ='7'!G49 -> 2499.67 | BB10: ='7'!G51 -> 1427 | BC10: ='7'!G52 -> 2118 | BD10: ='7'!G53 -> 4176 | BE10: ='7'!G54 -> 71 | BF10: ='7'!G55 -> 3495.98 | BG10: ='7'!G56 -> 0 | BH10: ='7'!G57 -> 2319 | BI10: ='7'!G50 -> 1109 | BJ10: =SUM(AV10,AW10,BF10,BG10) -> 3495.98 | BK10: ='7'!G84 -> 466 | BL10: =SUM(AQ10,AV10,AW10,AX10,BA10,BF10,BG10,BH10)/I10% -> 45.547247 | BM10: =SUM(AT10,BD10)/I10% -> 22.875924 | BN10: =(AS10+BC10)/I10 -> 0.11602301 | BO10: =K10+O10+R10+V10 -> 241113.75 | BP10: =SUM(AV10,AW10,AX10,BF10,BG10,BH10,BK10) -> 6280.98 | BQ10: =BP10/(AE10*280) -> 0.93466964
A11: 8 | B11: 8 | D11: ='8'!D3 -> 25 | E11: ='8'!D4 -> 0.77 | F11: ='8'!D2 -> 0.63 | G11: ='8'!G8 -> 15437 | H11: ='8'!G8 -> 15437 | I11: ='8'!G7 -> 15387 | J11: 10 | K11: =H11*J11 -> 154370 | L11: =I11/202 -> 76.173267 | M11: ='8'!G15 -> 816.28 | N11: 35 | O11: =M11*N11 -> 28569.8 | P11: ='8'!G20 -> 211 | Q11: 134 | R11: =P11*Q11 -> 28274 | S11: =P11/(F11*202/100) -> 165.80229 | T11: ='8'!G24 -> 1970 | U11: 69 | V11: =T11*U11 -> 135930 | W11: ='8'!G95 -> 71 | X11: ='8'!G96 -> 51 | Y11: ='8'!G97 -> 20 | Z11: =W11+X11+Y11 -> 142 | AA11: ='8'!G132 -> 3.29 | AB11: ='8'!G133 -> 0 | AC11: ='8'!G134 -> 20.45 | AD11: ='8'!G135 -> 0 | AE11: =AA11+AB11+AC11+AD11 -> 23.74 | AF11: =AV11+AW11+BF11+BG11 -> 3857.89 | AG11: =AF11/AE11 -> 162.5059 | AH11: ='8'!G136 -> 8.63 | AI11: ='8'!G137 -> 0.03 | AJ11: ='8'!G138 -> 0 | AK11: =AH11+AI11+AJ11 -> 8.66 | AL11: ='8'!G139 -> 8 | AM11: ='8'!G140 -> 0 | AO11: =AL11+AM11 -> 8 | AP11: ='8'!G123 -> 274.98 | AQ11: ='8'!G35 -> 1550.91 | AR11: ='8'!G37 -> 667.27 | AS11: ='8'!G38 -> 1219.92 | AT11: ='8'!G39 -> 1747.78 | AU11: ='8'!G40 -> 0 | AV11: ='8'!G41 -> 643.87 | AW11: ='8'!G42 -> 0 | AX11: ='8'!G43 -> 1162.67 | AY11: ='8'!G44 -> 0 | AZ11: ='8'!G36 -> 628.6 | BA11: ='8'!G49 -> 967.33 | BB11: ='8'!G51 -> 1108.92 | BC11: ='8'!G52 -> 819.71 | BD11: ='8'!G53 -> 2422.51 | BE11: ='8'!G54 -> 60 | BF11: ='8'!G55 -> 3214.02 | BG11: ='8'!G56 -> 0 | BH11: ='8'!G57 -> 1177 | BI11: ='8'!G50 -> 1081 | BJ11: =SUM(AV11,AW11,BF11,BG11) -> 3857.89 | BK11: ='8'!G84 -> 476 | BL11: =SUM(AQ11,AV11,AW11,AX11,BA11,BF11,BG11,BH11)/I11% -> 56.64392 | BM11: =SUM(AT11,BD11)/I11% -> 27.102684 | BN11: =(AS11+BC11)/I11 -> 0.1325554 | BO11: =K11+O11+R11+V11 -> 347143.8 | BP11: =SUM(AV11,AW11,AX11,BF11,BG11,BH11,BK11) -> 6673.56 | BQ11: =BP11/(AE11*280) -> 1.0039656
A12: 9 | B12: 9 | D12: ='9'!D3 -> 25 | E12: ='9'!D4 -> 0.77 | F12: ='9'!D2 -> 0.65 | G12: ='9'!G8 -> 18453 | H12: ='9'!G8 -> 18453 | I12: ='9'!G7 -> 18397 | J12: 10 | K12: =H12*J12 -> 184530 | L12: =I12/202 -> 91.074257 | M12: ='9'!G15 -> 637.05 | N12: 35 | O12: =M12*N12 -> 22296.75 | P12: ='9'!G20 -> 192 | Q12: 134 | R12: =P12*Q12 -> 25728 | S12: =P12/(F12*202/100) -> 146.23001 | T12: ='9'!G24 -> 0 | U12: 69 | V12: =T12*U12 -> 0 | W12: ='9'!G95 -> 62 | X12: ='9'!G96 -> 40 | Y12: ='9'!G97 -> 29 | Z12: =W12+X12+Y12 -> 131 | AA12: ='9'!G132 -> 0 | AB12: ='9'!G133 -> 0 | AC12: ='9'!G134 -> 24.04 | AD12: ='9'!G135 -> 0 | AE12: =AA12+AB12+AC12+AD12 -> 24.04 | AF12: =AV12+AW12+BF12+BG12 -> 3536 | AG12: =AF12/AE12 -> 147.08819 | AH12: ='9'!G136 -> 0.25 | AI12: ='9'!G137 -> -0.03 | AJ12: ='9'!G138 -> 9.08 | AK12: =AH12+AI12+AJ12 -> 9.3 | AL12: ='9'!G139 -> 9 | AM12: ='9'!G140 -> 0 | AO12: =AL12+AM12 -> 9 | AP12: ='9'!G123 -> 310.02 | AQ12: ='9'!G35 -> 2513.92 | AR12: ='9'!G37 -> 1433.25 | AS12: ='9'!G38 -> 1896.54 | AT12: ='9'!G39 -> 4116.22 | AU12: ='9'!G40 -> 0 | AV12: ='9'!G41 -> 0 | AW12: ='9'!G42 -> 0 | AX12: ='9'!G43 -> 2539.33 | AY12: ='9'!G44 -> 0 | AZ12: ='9'!G36 -> 645.4 | BA12: ='9'!G49 -> 0 | BB12: ='9'!G51 -> 0 | BC12: ='9'!G52 -> 0 | BD12: ='9'!G53 -> 0 | BE12: ='9'!G54 -> 69.84 | BF12: ='9'!G55 -> 3536 | BG12: ='9'!G56 -> 0 | BH12: ='9'!G57 -> 0 | BI12: ='9'!G50 -> 1173 | BJ12: =SUM(AV12,AW12,BF12,BG12) -> 3536 | BK12: ='8'!G84 -> 476 | BL12: =SUM(AQ12,AV12,AW12,AX12,BA12,BF12,BG12,BH12)/I12% -> 46.688319 | BM12: =SUM(AT12,BD12)/I12% -> 22.374409 | BN12: =(AS12+BC12)/I12 -> 0.10308963 | BO12: =K12+O12+R12+V12 -> 232554.75 | BP12: =SUM(AV12,AW12,AX12,BF12,BG12,BH12,BK12) -> 6551.33 | BQ12: =BP12/(AE12*280) -> 0.97327817
A13: 10 | B13: 10 | D13: ='10'!D3 -> 25 | E13: ='10'!D4 -> 0.77 | F13: ='10'!D2 -> 0.72 | G13: ='10'!G8 -> 18938 | H13: ='10'!G8 -> 18938 | I13: ='10'!G7 -> 18869 | J13: 10 | K13: =H13*J13 -> 189380 | L13: =I13/202 -> 93.410891 | M13: ='10'!G15 -> 899.1 | N13: 35 | O13: =M13*N13 -> 31468.5 | P13: ='10'!G20 -> 250 | Q13: 134 | R13: =P13*Q13 -> 33500 | S13: =P13/(F13*202/100) -> 171.89219 | T13: ='10'!G24 -> 0 | U13: 69 | V13: =T13*U13 -> 0 | W13: ='10'!G95 -> 77 | X13: ='10'!G96 -> 40 | Y13: ='10'!G97 -> 46 | Z13: =W13+X13+Y13 -> 163 | AA13: ='10'!G132 -> 0 | AB13: ='10'!G133 -> 0 | AC13: ='10'!G134 -> 24.04 | AD13: ='10'!G135 -> 0 | AE13: =AA13+AB13+AC13+AD13 -> 24.04 | AF13: =AV13+AW13+BF13+BG13 -> 3867.4 | AG13: =AF13/AE13 -> 160.87354 | AH13: ='10'!G136 -> 8.62 | AI13: ='10'!G137 -> 0 | AJ13: ='10'!G138 -> 2.03 | AK13: =AH13+AI13+AJ13 -> 10.65 | AL13: ='10'!G139 -> 8.38 | AM13: ='10'!G140 -> 0 | AO13: =AL13+AM13 -> 8.38 | AP13: ='10'!G123 -> 286 | AQ13: ='10'!G35 -> 2661.17 | AR13: ='10'!G37 -> 1454.97 | AS13: ='10'!G38 -> 1901.54 | AT13: ='10'!G39 -> 4189.47 | AU13: ='10'!G40 -> 0 | AV13: ='10'!G41 -> 0 | AW13: ='10'!G42 -> 0 | AX13: ='10'!G43 -> 2548 | AY13: ='10'!G44 -> 0 | AZ13: ='10'!G36 -> 614.08 | BA13: ='10'!G49 -> 0 | BB13: ='10'!G51 -> 0 | BC13: ='10'!G52 -> 0 | BD13: ='10'!G53 -> 0 | BE13: ='10'!G54 -> 72.16 | BF13: ='10'!G55 -> 3867.4 | BG13: ='10'!G56 -> 0 | BH13: ='10'!G57 -> 0 | BI13: ='10'!G50 -> 1043 | BJ13: =SUM(AV13,AW13,BF13,BG13) -> 3867.4 | BK13: ='8'!G84 -> 476 | BL13: =SUM(AQ13,AV13,AW13,AX13,BA13,BF13,BG13,BH13)/I13% -> 48.103079 | BM13: =SUM(AT13,BD13)/I13% -> 22.202925 | BN13: =(AS13+BC13)/I13 -> 0.10077588 | BO13: =K13+O13+R13+V13 -> 254348.5 | BP13: =SUM(AV13,AW13,AX13,BF13,BG13,BH13,BK13) -> 6891.4 | BQ13: =BP13/(AE13*280) -> 1.0237996
A14: 11 | B14: 11 | D14: ='11'!D3 -> 24 | E14: ='11'!D4 -> 0.77 | F14: ='11'!D2 -> 0.64 | G14: ='11'!G8 -> 18689 | H14: ='11'!G8 -> 18689 | I14: ='11'!G7 -> 18625 | J14: 10 | K14: =H14*J14 -> 186890 | L14: =I14/202 -> 92.20297 | M14: ='11'!G15 -> 887.12 | N14: 35 | O14: =M14*N14 -> 31049.2 | P14: ='11'!G20 -> 211 | Q14: 134 | R14: =P14*Q14 -> 28274 | S14: =P14/(F14*202/100) -> 163.21163 | T14: ='11'!G24 -> 0 | U14: 69 | V14: =T14*U14 -> 0 | W14: ='11'!G95 -> 71 | X14: ='11'!G96 -> 49 | Y14: ='11'!G97 -> 23 | Z14: =W14+X14+Y14 -> 143 | AA14: ='11'!G132 -> 0 | AB14: ='11'!G133 -> 0 | AC14: ='11'!G134 -> 24.49 | AD14: ='11'!G135 -> 0 | AE14: =AA14+AB14+AC14+AD14 -> 24.49 | AF14: =AV14+AW14+BF14+BG14 -> 4051.6 | AG14: =AF14/AE14 -> 165.43895 | AH14: ='11'!G136 -> 7.84 | AI14: ='11'!G137 -> 0 | AJ14: ='11'!G138 -> 3 | AK14: =AH14+AI14+AJ14 -> 10.84 | AL14: ='11'!G139 -> 9.41 | AM14: ='11'!G140 -> 0 | AO14: =AL14+AM14 -> 9.41 | AP14: ='11'!G123 -> 302.86 | AQ14: ='11'!G35 -> 2358 | AR14: ='11'!G37 -> 1472.32 | AS14: ='11'!G38 -> 1831 | AT14: ='11'!G39 -> 4103.53 | AU14: ='11'!G40 -> 0 | AV14: ='11'!G41 -> 0 | AW14: ='11'!G42 -> 0 | AX14: ='11'!G43 -> 2543 | AY14: ='11'!G44 -> 0 | AZ14: ='11'!G36 -> 697.11 | BA14: ='11'!G49 -> 0 | BB14: ='11'!G51 -> 0 | BC14: ='11'!G52 -> 0 | BD14: ='11'!G53 -> 0 | BE14: ='11'!G54 -> 70.71 | BF14: ='11'!G55 -> 4051.6 | BG14: ='11'!G56 -> 0 | BH14: ='11'!G57 -> 0 | BI14: ='11'!G50 -> 1038.71 | BJ14: =SUM(AV14,AW14,BF14,BG14) -> 4051.6 | BK14: ='11'!G84 -> 447 | BL14: =SUM(AQ14,AV14,AW14,AX14,BA14,BF14,BG14,BH14)/I14% -> 48.067651 | BM14: =SUM(AT14,BD14)/I14% -> 22.032376 | BN14: =(AS14+BC14)/I14 -> 0.098308725 | BO14: =K14+O14+R14+V14 -> 246213.2 | BP14: =SUM(AV14,AW14,AX14,BF14,BG14,BH14,BK14) -> 7041.6 | BQ14: =BP14/(AE14*280) -> 1.0268914
A15: 12 | B15: 12 | D15: ='12'!D3 -> 24 | E15: ='12'!D4 -> 0.68 | F15: ='12'!D2 -> 0.72 | G15: ='12'!G8 -> 19531 | H15: ='12'!G8 -> 19531 | I15: ='12'!G7 -> 19448 | J15: 10 | K15: =H15*J15 -> 195310 | L15: =I15/202 -> 96.277228 | M15: ='12'!G15 -> 914.918 | N15: 35 | O15: =M15*N15 -> 32022.13 | P15: ='12'!G20 -> 211 | Q15: 134 | R15: =P15*Q15 -> 28274 | S15: =P15/(F15*202/100) -> 145.07701 | T15: ='12'!G24 -> 0 | U15: 69 | V15: =T15*U15 -> 0 | W15: ='12'!G95 -> 86 | X15: ='12'!G96 -> 38 | Y15: ='12'!G97 -> 27 | Z15: =W15+X15+Y15 -> 151 | AA15: ='12'!G132 -> 0 | AB15: ='12'!G133 -> 0 | AC15: ='12'!G134 -> 23.98 | AD15: ='12'!G135 -> 0 | AE15: =AA15+AB15+AC15+AD15 -> 23.98 | AF15: =AV15+AW15+BF15+BG15 -> 4885.574 | AG15: =AF15/AE15 -> 203.73536 | AH15: ='12'!G136 -> 8.86 | AI15: ='12'!G137 -> 0.03 | AJ15: ='12'!G138 -> 5.52 | AK15: =AH15+AI15+AJ15 -> 14.41 | AL15: ='12'!G139 -> 7.28 | AM15: ='12'!G140 -> -0.47 | AO15: =AL15+AM15 -> 6.81 | AP15: ='12'!G123 -> 274.02 | AQ15: ='12'!G35 -> 2406.95 | AR15: ='12'!G37 -> 1504.2 | AS15: ='12'!G38 -> 1990.94 | AT15: ='12'!G39 -> 4063.9 | AU15: ='12'!G40 -> -0.06 | AV15: ='12'!G41 -> 0 | AW15: ='12'!G42 -> 0.099 | AX15: ='12'!G43 -> 2400.03 | AY15: ='12'!G44 -> 0 | AZ15: ='12'!G36 -> 611.75 | BA15: ='12'!G49 -> 0.13 | BB15: ='12'!G51 -> 0 | BC15: ='12'!G52 -> 0 | BD15: ='12'!G53 -> 0 | BE15: ='12'!G54 -> 70.33 | BF15: ='12'!G55 -> 4885.475 | BG15: ='12'!G56 -> 0 | BH15: ='12'!G57 -> 0 | BI15: ='12'!G50 -> 1046.04 | BJ15: =SUM(AV15,AW15,BF15,BG15) -> 4885.574 | BK15: ='12'!G84 -> 348 | BL15: =SUM(AQ15,AV15,AW15,AX15,BA15,BF15,BG15,BH15)/I15% -> 49.838976 | BM15: =SUM(AT15,BD15)/I15% -> 20.896236 | BN15: =(AS15+BC15)/I15 -> 0.10237248 | BO15: =K15+O15+R15+V15 -> 255606.13 | BP15: =SUM(AV15,AW15,AX15,BF15,BG15,BH15,BK15) -> 7633.604 | BQ15: =BP15/(AE15*280) -> 1.1369004
A16: 13 | B16: 13 | D16: ='13'!D3 -> 26 | E16: ='13'!D4 -> 0.74 | F16: ='13'!D2 -> 0.71 | G16: ='13'!G8 -> 20296 | H16: ='13'!G8 -> 20296 | I16: ='13'!G7 -> 20224 | J16: 10 | K16: =H16*J16 -> 202960 | L16: =I16/202 -> 100.11881 | M16: ='13'!G15 -> 1043.67 | N16: 35 | O16: =M16*N16 -> 36528.45 | P16: ='13'!G20 -> 272 | Q16: 134 | R16: =P16*Q16 -> 36448 | S16: =P16/(F16*202/100) -> 189.65277 | T16: ='13'!G24 -> 0 | U16: 69 | V16: =T16*U16 -> 0 | W16: ='13'!G95 -> 88 | X16: ='13'!G96 -> 43 | Y16: ='13'!G97 -> 46 | Z16: =W16+X16+Y16 -> 177 | AA16: ='13'!G132 -> 0 | AB16: ='13'!G133 -> 0 | AC16: ='13'!G134 -> 24.08 | AD16: ='13'!G135 -> 0 | AE16: =AA16+AB16+AC16+AD16 -> 24.08 | AF16: =AV16+AW16+BF16+BG16 -> 4412.46 | AG16: =AF16/AE16 -> 183.24169 | AH16: ='13'!G136 -> 9.3 | AI16: ='13'!G137 -> 0 | AJ16: ='13'!G138 -> 2.97 | AK16: =AH16+AI16+AJ16 -> 12.27 | AL16: ='13'!G139 -> 8.51 | AM16: ='13'!G140 -> 0 | AO16: =AL16+AM16 -> 8.51 | AP16: ='13'!G123 -> 293.52 | AQ16: ='13'!G35 -> 2703.72 | AR16: ='13'!G37 -> 1599.92 | AS16: ='13'!G38 -> 2319.92 | AT16: ='13'!G39 -> 4383.8 | AU16: ='13'!G40 -> 0 | AV16: ='13'!G41 -> 0 | AW16: ='13'!G42 -> 0 | AX16: ='13'!G43 -> 2375.16 | AY16: ='13'!G44 -> 0 | AZ16: ='13'!G36 -> 685.58 | BA16: ='13'!G49 -> 0 | BB16: ='13'!G51 -> 0 | BC16: ='13'!G52 -> 0 | BD16: ='13'!G53 -> 0 | BE16: ='13'!G54 -> 71.44 | BF16: ='13'!G55 -> 4412.46 | BG16: ='13'!G56 -> 0 | BH16: ='13'!G57 -> 0.33 | BI16: ='13'!G50 -> 1132.16 | BJ16: =SUM(AV16,AW16,BF16,BG16) -> 4412.46 | BK16: ='13'!G84 -> 512 | BL16: =SUM(AQ16,AV16,AW16,AX16,BA16,BF16,BG16,BH16)/I16% -> 46.932704 | BM16: =SUM(AT16,BD16)/I16% -> 21.676226 | BN16: =(AS16+BC16)/I16 -> 0.11471123 | BO16: =K16+O16+R16+V16 -> 275936.45 | BP16: =SUM(AV16,AW16,AX16,BF16,BG16,BH16,BK16) -> 7299.95 | BQ16: =BP16/(AE16*280) -> 1.0826931
A17: 14 | B17: 14 | D17: ='14'!D3 -> 24 | E17: ='14'!D4 -> 0.64 | F17: ='14'!D2 -> 0.6683 | G17: ='14'!G8 -> 22679 | H17: ='14'!G8 -> 22679 | I17: ='14'!G7 -> 22577 | J17: 10 | K17: =H17*J17 -> 226790 | L17: =I17/202 -> 111.76733 | M17: ='14'!G15 -> 1135.493 | N17: 35 | O17: =M17*N17 -> 39742.255 | P17: ='14'!G20 -> 241 | Q17: 134 | R17: =P17*Q17 -> 32294 | S17: =P17/(F17*202/100) -> 178.52301 | T17: ='14'!G24 -> 0 | U17: 69 | V17: =T17*U17 -> 0 | W17: ='14'!G95 -> 121 | X17: ='14'!G96 -> 47 | Y17: ='14'!G97 -> 46 | Z17: =W17+X17+Y17 -> 214 | AA17: ='14'!G132 -> 0 | AB17: ='14'!G133 -> 0 | AC17: ='14'!G134 -> 24.17 | AD17: ='14'!G135 -> 0 | AE17: =AA17+AB17+AC17+AD17 -> 24.17 | AF17: =AV17+AW17+BF17+BG17 -> 5638.755 | AG17: =AF17/AE17 -> 233.29561 | AH17: ='14'!G136 -> 9.97 | AI17: ='14'!G137 -> 0 | AJ17: ='14'!G138 -> 7.41 | AK17: =AH17+AI17+AJ17 -> 17.38 | AL17: ='14'!G139 -> 8.95 | AM17: ='14'!G140 -> 0 | AO17: =AL17+AM17 -> 8.95 | AP17: ='14'!G123 -> 307.53 | AQ17: ='14'!G35 -> 2968.2 | AR17: ='14'!G37 -> 1580.23 | AS17: ='14'!G38 -> 2441.06 | AT17: ='14'!G39 -> 4655.14 | AU17: ='14'!G40 -> 0 | AV17: ='14'!G41 -> 0 | AW17: ='14'!G42 -> 0 | AX17: ='14'!G43 -> 2360.08 | AY17: ='14'!G44 -> 0 | AZ17: ='14'!G36 -> 864.62 | BA17: ='14'!G49 -> 0 | BB17: ='14'!G51 -> 0 | BC17: ='14'!G52 -> 0 | BD17: ='14'!G53 -> 0 | BE17: ='14'!G54 -> 71.36 | BF17: ='14'!G55 -> 5638.755 | BG17: ='14'!G56 -> 0 | BH17: ='14'!G57 -> 0 | BI17: ='14'!G50 -> 1369.28 | BJ17: =SUM(AV17,AW17,BF17,BG17) -> 5638.755 | BK17: ='14'!G84 -> 498 | BL17: =SUM(AQ17,AV17,AW17,AX17,BA17,BF17,BG17,BH17)/I17% -> 48.576139 | BM17: =SUM(AT17,BD17)/I17% -> 20.618948 | BN17: =(AS17+BC17)/I17 -> 0.10812154 | BO17: =K17+O17+R17+V17 -> 298826.26 | BP17: =SUM(AV17,AW17,AX17,BF17,BG17,BH17,BK17) -> 8496.835 | BQ17: =BP17/(AE17*280) -> 1.2555167
A18: 15 | B18: 15 | D18: ='15'!D3 -> 24 | E18: ='15'!D4 -> 0.64 | F18: ='15'!D2 -> 0.67 | G18: ='15'!G8 -> 23355 | H18: ='15'!G8 -> 23355 | I18: ='15'!G7 -> 23207 | J18: 10 | K18: =H18*J18 -> 233550 | L18: =I18/202 -> 114.88614 | M18: ='15'!G15 -> 1235.289 | N18: 35 | O18: =M18*N18 -> 43235.115 | P18: ='15'!G20 -> 372 | Q18: 134 | R18: =P18*Q18 -> 49848 | S18: =P18/(F18*202/100) -> 274.86331 | T18: ='15'!G24 -> 0 | U18: 69 | V18: =T18*U18 -> 0 | W18: ='15'!G95 -> 131 | X18: ='15'!G96 -> 25 | Y18: ='15'!G97 -> 35 | Z18: =W18+X18+Y18 -> 191 | AA18: ='15'!G132 -> 0 | AB18: ='15'!G133 -> 0 | AC18: ='15'!G134 -> 23.99 | AD18: ='15'!G135 -> 0 | AE18: =AA18+AB18+AC18+AD18 -> 23.99 | AF18: =AV18+AW18+BF18+BG18 -> 5582.971 | AG18: =AF18/AE18 -> 232.72076 | AH18: ='15'!G136 -> 10.5 | AI18: ='15'!G137 -> 4.26 | AJ18: ='15'!G138 -> 0.69 | AK18: =AH18+AI18+AJ18 -> 15.45 | AL18: ='15'!G139 -> 7.79 | AM18: ='15'!G140 -> 0 | AO18: =AL18+AM18 -> 7.79 | AP18: ='15'!G123 -> 276.41 | AQ18: ='15'!G35 -> 2919.76 | AR18: ='15'!G37 -> 1580.09 | AS18: ='15'!G38 -> 2468.9 | AT18: ='15'!G39 -> 4654.59 | AU18: ='15'!G40 -> 0 | AV18: ='15'!G41 -> 0 | AW18: ='15'!G42 -> -0.099 | AX18: ='15'!G43 -> 2346.16 | AY18: ='15'!G44 -> 0 | AZ18: ='15'!G36 -> 941.52 | BA18: ='15'!G49 -> 0 | BB18: ='15'!G51 -> 0 | BC18: ='15'!G52 -> 0 | BD18: ='15'!G53 -> 0 | BE18: ='15'!G54 -> 68.98 | BF18: ='15'!G55 -> 5532.32 | BG18: ='15'!G56 -> 50.75 | BH18: ='15'!G57 -> 0 | BI18: ='15'!G50 -> 1990 | BJ18: =SUM(AV18,AW18,BF18,BG18) -> 5582.971 | BK18: ='15'!G84 -> 536 | BL18: =SUM(AQ18,AV18,AW18,AX18,BA18,BF18,BG18,BH18)/I18% -> 46.748356 | BM18: =SUM(AT18,BD18)/I18% -> 20.056836 | BN18: =(AS18+BC18)/I18 -> 0.106386 | BO18: =K18+O18+R18+V18 -> 326633.12 | BP18: =SUM(AV18,AW18,AX18,BF18,BG18,BH18,BK18) -> 8465.131 | BQ18: =BP18/(AE18*280) -> 1.2602172
A19: 16 | B19: 16 | D19: ='16'!D3 -> 24 | E19: ='16'!D4 -> 0.64 | F19: ='16'!D2 -> 0.6345 | G19: ='16'!G8 -> 21087 | H19: ='16'!G8 -> 21087 | I19: ='16'!G7 -> 20975 | J19: 10 | K19: =H19*J19 -> 210870 | L19: =I19/202 -> 103.83663 | M19: ='16'!G15 -> 1012.57 | N19: 35 | O19: =M19*N19 -> 35439.95 | P19: ='16'!G20 -> 250 | Q19: 134 | R19: =P19*Q19 -> 33500 | S19: =P19/(F19*202/100) -> 195.05497 | T19: ='16'!G24 -> 0 | U19: 69 | V19: =T19*U19 -> 0 | W19: ='16'!G95 -> 97 | X19: ='16'!G96 -> 18 | Y19: ='16'!G97 -> 24 | Z19: =W19+X19+Y19 -> 139 | AA19: ='16'!G132 -> 0 | AB19: ='16'!G133 -> 0 | AC19: ='16'!G134 -> 24.07 | AD19: ='16'!G135 -> 0 | AE19: =AA19+AB19+AC19+AD19 -> 24.07 | AF19: =AV19+AW19+BF19+BG19 -> 4709.02 | AG19: =AF19/AE19 -> 195.63855 | AH19: ='16'!G136 -> 10.34 | AI19: ='16'!G137 -> 0 | AJ19: ='16'!G138 -> 4.59 | AK19: =AH19+AI19+AJ19 -> 14.93 | AL19: ='16'!G139 -> 7.89 | AM19: ='16'!G140 -> 0 | AO19: =AL19+AM19 -> 7.89 | AP19: ='16'!G123 -> 274.44 | AQ19: ='16'!G35 -> 3038.52 | AR19: ='16'!G37 -> 1517.11 | AS19: ='16'!G38 -> 2233.65 | AT19: ='16'!G39 -> 4228.12 | AU19: ='16'!G40 -> 0 | AV19: ='16'!G41 -> 0 | AW19: ='16'!G42 -> 0 | AX19: ='16'!G43 -> 2361.36 | AY19: ='16'!G44 -> 0 | AZ19: ='16'!G36 -> 957.28 | BA19: ='16'!G49 -> 0 | BB19: ='16'!G51 -> 0 | BC19: ='16'!G52 -> 0 | BD19: ='16'!G53 -> 0 | BE19: ='16'!G54 -> 69.78 | BF19: ='16'!G55 -> 4702.66 | BG19: ='16'!G56 -> 6.36 | BH19: ='16'!G57 -> 0 | BI19: ='16'!G50 -> 1255 | BJ19: =SUM(AV19,AW19,BF19,BG19) -> 4709.02 | BK19: ='16'!G84 -> 659 | BL19: =SUM(AQ19,AV19,AW19,AX19,BA19,BF19,BG19,BH19)/I19% -> 48.194994 | BM19: =SUM(AT19,BD19)/I19% -> 20.157902 | BN19: =(AS19+BC19)/I19 -> 0.10649106 | BO19: =K19+O19+R19+V19 -> 279809.95 | BP19: =SUM(AV19,AW19,AX19,BF19,BG19,BH19,BK19) -> 7729.38 | BQ19: =BP19/(AE19*280) -> 1.1468603
A20: 17 | B20: 17 | D20: ='17'!D3 -> 28 | E20: ='17'!D4 -> 0.8 | F20: ='17'!D2 -> 0.49 | G20: ='17'!G8 -> 19692 | H20: ='17'!G8 -> 19692 | I20: ='17'!G7 -> 19571 | J20: 10 | K20: =H20*J20 -> 196920 | L20: =I20/202 -> 96.886139 | M20: ='17'!G15 -> 930.51 | N20: 35 | O20: =M20*N20 -> 32567.85 | P20: ='17'!G20 -> 191 | Q20: 134 | R20: =P20*Q20 -> 25594 | S20: =P20/(F20*202/100) -> 192.96828 | T20: ='17'!G24 -> 0 | U20: 69 | V20: =T20*U20 -> 0 | W20: ='17'!G95 -> 72 | X20: ='17'!G96 -> 15 | Y20: ='17'!G97 -> 20 | Z20: =W20+X20+Y20 -> 107 | AA20: ='17'!G132 -> 12.1 | AB20: ='17'!G133 -> 0 | AC20: ='17'!G134 -> 12.06 | AD20: ='17'!G135 -> 0 | AE20: =AA20+AB20+AC20+AD20 -> 24.16 | AF20: =AV20+AW20+BF20+BG20 -> 4529.17 | AG20: =AF20/AE20 -> 187.46565 | AH20: ='17'!G136 -> 9.65 | AI20: ='17'!G137 -> 0 | AJ20: ='17'!G138 -> 4.31 | AK20: =AH20+AI20+AJ20 -> 13.96 | AL20: ='17'!G139 -> 7.47 | AM20: ='17'!G140 -> 0 | AO20: =AL20+AM20 -> 7.47 | AP20: ='17'!G123 -> 259.15 | AQ20: ='17'!G35 -> 2711.64 | AR20: ='17'!G37 -> 1476.62 | AS20: ='17'!G38 -> 2001.39 | AT20: ='17'!G39 -> 4187.63 | AU20: ='17'!G40 -> 0 | AV20: ='17'!G41 -> 2601.02 | AW20: ='17'!G42 -> 0 | AX20: ='17'!G43 -> 2334.8 | AY20: ='17'!G44 -> 0 | AZ20: ='17'!G36 -> 663 | BA20: ='17'!G49 -> 0 | BB20: ='17'!G51 -> 0 | BC20: ='17'!G52 -> 0 | BD20: ='17'!G53 -> 0 | BE20: ='17'!G54 -> 69.77 | BF20: ='17'!G55 -> 1921.75 | BG20: ='17'!G56 -> 6.4 | BH20: ='17'!G57 -> 0 | BI20: ='17'!G50 -> 1065.28 | BJ20: =SUM(AV20,AW20,BF20,BG20) -> 4529.17 | BK20: ='17'!G84 -> 482 | BL20: =SUM(AQ20,AV20,AW20,AX20,BA20,BF20,BG20,BH20)/I20% -> 48.927546 | BM20: =SUM(AT20,BD20)/I20% -> 21.397118 | BN20: =(AS20+BC20)/I20 -> 0.10226304 | BO20: =K20+O20+R20+V20 -> 255081.85 | BP20: =SUM(AV20,AW20,AX20,BF20,BG20,BH20,BK20) -> 7345.97 | BQ20: =BP20/(AE20*280) -> 1.0859109
A21: 18 | B21: 18 | D21: ='18'!D3 -> 29 | E21: ='18'!D4 -> 0.8 | F21: ='18'!D2 -> 0.46 | G21: ='18'!G8 -> 20349 | H21: ='18'!G8 -> 20349 | I21: ='18'!G7 -> 20195 | J21: 10 | K21: =H21*J21 -> 203490 | L21: =I21/202 -> 99.975248 | M21: ='18'!G15 -> 840.14 | N21: 35 | O21: =M21*N21 -> 29404.9 | P21: ='18'!G20 -> 167 | Q21: 134 | R21: =P21*Q21 -> 22378 | S21: =P21/(F21*202/100) -> 179.72449 | T21: ='18'!G24 -> 0 | U21: 69 | V21: =T21*U21 -> 0 | W21: ='18'!G95 -> 74 | X21: ='18'!G96 -> 16 | Y21: ='18'!G97 -> 17 | Z21: =W21+X21+Y21 -> 107 | AA21: ='18'!G132 -> 12.14 | AB21: ='18'!G133 -> 0.52 | AC21: ='18'!G134 -> 0.15 | AD21: ='18'!G135 -> 11.34 | AE21: =AA21+AB21+AC21+AD21 -> 24.15 | AF21: =AV21+AW21+BF21+BG21 -> 4586.87 | AG21: =AF21/AE21 -> 189.93251 | AH21: ='18'!G136 -> 5.66 | AI21: ='18'!G137 -> 2.27 | AJ21: ='18'!G138 -> 4.38 | AK21: =AH21+AI21+AJ21 -> 12.31 | AL21: ='18'!G139 -> 7.56 | AM21: ='18'!G140 -> 0 | AO21: =AL21+AM21 -> 7.56 | AP21: ='18'!G123 -> 260.41 | AQ21: ='18'!G35 -> 2740.16 | AR21: ='18'!G37 -> 1468.93 | AS21: ='18'!G38 -> 2050.54 | AT21: ='18'!G39 -> 4281.18 | AU21: ='18'!G40 -> 0 | AV21: ='18'!G41 -> 2021.48 | AW21: ='18'!G42 -> 202.85 | AX21: ='18'!G43 -> 2334.16 | AY21: ='18'!G44 -> 0 | AZ21: ='18'!G36 -> 883.8 | BA21: ='18'!G49 -> 0 | BB21: ='18'!G51 -> 0 | BC21: ='18'!G52 -> 0 | BD21: ='18'!G53 -> 0 | BE21: ='18'!G54 -> 70.03 | BF21: ='18'!G55 -> 51.98 | BG21: ='18'!G56 -> 2310.56 | BH21: ='18'!G57 -> 0 | BI21: ='18'!G50 -> 1128.56 | BJ21: =SUM(AV21,AW21,BF21,BG21) -> 4586.87 | BK21: ='18'!G84 -> 482 | BL21: =SUM(AQ21,AV21,AW21,AX21,BA21,BF21,BG21,BH21)/I21% -> 47.839515 | BM21: =SUM(AT21,BD21)/I21% -> 21.199208 | BN21: =(AS21+BC21)/I21 -> 0.10153701 | BO21: =K21+O21+R21+V21 -> 255272.9 | BP21: =SUM(AV21,AW21,AX21,BF21,BG21,BH21,BK21) -> 7403.03 | BQ21: =BP21/(AE21*280) -> 1.0947989
A22: 19 | B22: 19 | D22: ='19'!D3 -> 28 | E22: ='19'!D4 -> 0.75 | F22: ='19'!D2 -> 0.65 | G22: ='19'!G8 -> 19675 | H22: ='19'!G8 -> 19675 | I22: ='19'!G7 -> 19578 | J22: 10 | K22: =H22*J22 -> 196750 | L22: =I22/202 -> 96.920792 | M22: ='19'!G15 -> 881.41 | N22: 35 | O22: =M22*N22 -> 30849.35 | P22: ='19'!G20 -> 190 | Q22: 134 | R22: =P22*Q22 -> 25460 | S22: =P22/(F22*202/100) -> 144.70678 | T22: ='19'!G24 -> 0 | U22: 69 | V22: =T22*U22 -> 0 | W22: ='19'!G95 -> 79 | X22: ='19'!G96 -> 9 | Y22: ='19'!G97 -> 24 | Z22: =W22+X22+Y22 -> 112 | AA22: ='19'!G132 -> 0 | AB22: ='19'!G133 -> 0 | AC22: ='19'!G134 -> 0 | AD22: ='19'!G135 -> 23.66 | AE22: =AA22+AB22+AC22+AD22 -> 23.66 | AF22: =AV22+AW22+BF22+BG22 -> 4133.31 | AG22: =AF22/AE22 -> 174.69611 | AH22: ='19'!G136 -> 8.1 | AI22: ='19'!G137 -> 0 | AJ22: ='19'!G138 -> 2.84 | AK22: =AH22+AI22+AJ22 -> 10.94 | AL22: ='19'!G139 -> 6.97 | AM22: ='19'!G140 -> 0 | AO22: =AL22+AM22 -> 6.97 | AP22: ='19'!G123 -> 241.66 | AQ22: ='19'!G35 -> 2681.05 | AR22: ='19'!G37 -> 1478.09 | AS22: ='19'!G38 -> 1916.6 | AT22: ='19'!G39 -> 4162.64 | AU22: ='19'!G40 -> 0 | AV22: ='19'!G41 -> -0.37 | AW22: ='19'!G42 -> 0.15 | AX22: ='19'!G43 -> 2309.25 | AY22: ='19'!G44 -> 0 | AZ22: ='19'!G36 -> 664.45 | BA22: ='19'!G49 -> -0.13 | BB22: ='19'!G51 -> 0.08 | BC22: ='19'!G52 -> 0.29 | BD22: ='19'!G53 -> 0.49 | BE22: ='19'!G54 -> 68.6 | BF22: ='19'!G55 -> -0.4 | BG22: ='19'!G56 -> 4133.93 | BH22: ='19'!G57 -> -0.33 | BI22: ='19'!G50 -> 1435.97 | BJ22: =SUM(AV22,AW22,BF22,BG22) -> 4133.31 | BK22: ='19'!G84 -> 499 | BL22: =SUM(AQ22,AV22,AW22,AX22,BA22,BF22,BG22,BH22)/I22% -> 46.598989 | BM22: =SUM(AT22,BD22)/I22% -> 21.264327 | BN22: =(AS22+BC22)/I22 -> 0.09791041 | BO22: =K22+O22+R22+V22 -> 253059.35 | BP22: =SUM(AV22,AW22,AX22,BF22,BG22,BH22,BK22) -> 6941.23 | BQ22: =BP22/(AE22*280) -> 1.0477645
A23: 20 | B23: 20 | D23: ='20'!D3 -> 28 | E23: ='20'!D4 -> 0.72 | F23: ='20'!D2 -> 0.98 | G23: ='20'!G8 -> 19871 | H23: ='20'!G8 -> 19871 | I23: ='20'!G7 -> 19799 | J23: 10 | K23: =H23*J23 -> 198710 | L23: =I23/202 -> 98.014851 | M23: ='20'!G15 -> 1086 | N23: 35 | O23: =M23*N23 -> 38010 | P23: ='20'!G20 -> 191 | Q23: 134 | R23: =P23*Q23 -> 25594 | S23: =P23/(F23*202/100) -> 96.484138 | T23: ='20'!G24 -> 0 | U23: 69 | V23: =T23*U23 -> 0 | W23: ='20'!G95 -> 86 | X23: ='20'!G96 -> 22 | Y23: ='20'!G97 -> 32 | Z23: =W23+X23+Y23 -> 140 | AA23: ='20'!G132 -> 0 | AB23: ='20'!G133 -> 0 | AC23: ='20'!G134 -> 0 | AD23: ='20'!G135 -> 24 | AE23: =AA23+AB23+AC23+AD23 -> 24 | AF23: =AV23+AW23+BF23+BG23 -> 4051 | AG23: =AF23/AE23 -> 168.79167 | AH23: ='20'!G136 -> 10.88 | AI23: ='20'!G137 -> 0 | AJ23: ='20'!G138 -> 5.87 | AK23: =AH23+AI23+AJ23 -> 16.75 | AL23: ='20'!G139 -> 8.62 | AM23: ='20'!G140 -> 0 | AO23: =AL23+AM23 -> 8.62 | AP23: ='20'!G123 -> 300 | AQ23: ='20'!G35 -> 2854 | AR23: ='20'!G37 -> 1511 | AS23: ='20'!G38 -> 1965 | AT23: ='20'!G39 -> 4389 | AU23: ='20'!G40 -> 0 | AV23: ='20'!G41 -> 0 | AW23: ='20'!G42 -> 0 | AX23: ='20'!G43 -> 2302 | AY23: ='20'!G44 -> 0 | AZ23: ='20'!G36 -> 625 | BA23: ='20'!G49 -> 0 | BB23: ='20'!G51 -> 0 | BC23: ='20'!G52 -> 0 | BD23: ='20'!G576 -> 0 | BE23: ='20'!G54 -> 70 | BF23: ='20'!G55 -> 0 | BG23: ='20'!G56 -> 4051 | BH23: ='20'!G57 -> 0 | BI23: ='20'!G50 -> 1156 | BJ23: =SUM(AV23,AW23,BF23,BG23) -> 4051 | BK23: ='20'!G84 -> 562 | BL23: =SUM(AQ23,AV23,AW23,AX23,BA23,BF23,BG23,BH23)/I23% -> 46.502349 | BM23: =SUM(AT23,BD23)/I23% -> 22.167786 | BN23: =(AS23+BC23)/I23 -> 0.099247437 | BO23: =K23+O23+R23+V23 -> 262314 | BP23: =SUM(AV23,AW23,AX23,BF23,BG23,BH23,BK23) -> 6915 | BQ23: =BP23/(AE23*280) -> 1.0290179
A24: 21 | B24: 21 | D24: 21 | E24: ='21'!D4 -> 0.75 | F24: ='21'!D2 -> 0.48 | G24: ='21'!G8 -> 20194 | H24: ='21'!G8 -> 20194 | I24: ='21'!G7 -> 20106 | J24: 10 | K24: =H24*J24 -> 201940 | L24: =I24/202 -> 99.534653 | M24: ='21'!G15 -> 940 | N24: 35 | O24: =M24*N24 -> 32900 | P24: ='21'!G20 -> 231 | Q24: 134 | R24: =P24*Q24 -> 30954 | S24: =P24/(F24*202/100) -> 238.24257 | T24: ='21'!G24 -> 0 | U24: 69 | V24: =T24*U24 -> 0 | W24: ='21'!G95 -> 72 | X24: ='21'!G96 -> 27 | Y24: ='21'!G97 -> 35 | Z24: =W24+X24+Y24 -> 134 | AA24: ='21'!G132 -> 0 | AB24: ='21'!G133 -> 0 | AC24: ='21'!G134 -> 0 | AD24: ='21'!G135 -> 24 | AE24: =AA24+AB24+AC24+AD24 -> 24 | AF24: =AV24+AW24+BF24+BG24 -> 4354 | AG24: =AF24/AE24 -> 181.41667 | AH24: ='21'!G136 -> 8.46 | AI24: ='21'!G137 -> 0 | AJ24: ='21'!G138 -> 3.6 | AK24: =AH24+AI24+AJ24 -> 12.06 | AL24: ='21'!G139 -> 8.15 | AM24: ='21'!G140 -> 0 | AO24: =AL24+AM24 -> 8.15 | AP24: ='21'!G123 -> 283 | AQ24: ='21'!G35 -> 3035 | AR24: ='21'!G37 -> 1522 | AS24: ='21'!G38 -> 2026 | AT24: ='21'!G39 -> 4214 | AU24: ='21'!G40 -> 0 | AV24: ='21'!G41 -> 0 | AW24: ='21'!G42 -> 0 | AX24: ='21'!G43 -> 2354 | AY24: ='21'!G44 -> 0 | AZ24: ='21'!G36 -> 776 | BA24: ='21'!G49 -> 0 | BB24: ='21'!G51 -> 0 | BC24: ='21'!G52 -> 0 | BD24: ='21'!G53 -> 0 | BE24: ='21'!G54 -> 69 | BF24: ='21'!G55 -> 0 | BG24: ='21'!G56 -> 4354 | BH24: ='21'!G57 -> 0 | BI24: ='21'!G50 -> 1111 | BJ24: =SUM(AV24,AW24,BF24,BG24) -> 4354 | BK24: ='21'!G84 -> 568 | BL24: =SUM(AQ24,AV24,AW24,AX24,BA24,BF24,BG24,BH24)/I24% -> 48.458172 | BM24: =SUM(AT24,BD24)/I24% -> 20.958918 | BN24: =(AS24+BC24)/I24 -> 0.10076594 | BO24: =K24+O24+R24+V24 -> 265794 | BP24: =SUM(AV24,AW24,AX24,BF24,BG24,BH24,BK24) -> 7276 | BQ24: =BP24/(AE24*280) -> 1.0827381
A25: 22 | B25: 22 | D25: ='22'!D3 -> 28 | E25: ='22'!D4 -> 0.75 | F25: ='22'!D2 -> 0.38 | G25: ='22'!G8 -> 20360 | H25: ='22'!G8 -> 20360 | I25: ='22'!G7 -> 20271 | J25: 10 | K25: =H25*J25 -> 203600 | L25: =I25/202 -> 100.35149 | M25: ='22'!G15 -> 935 | N25: 35 | O25: =M25*N25 -> 32725 | P25: ='22'!G20 -> 201 | Q25: 134 | R25: =P25*Q25 -> 26934 | S25: =P25/(F25*202/100) -> 261.85513 | T25: ='22'!G24 -> 0 | U25: 69 | V25: =T25*U25 -> 0 | W25: ='22'!G95 -> 107 | X25: ='22'!G96 -> 21 | Y25: ='22'!G97 -> 17 | Z25: =W25+X25+Y25 -> 145 | AA25: ='22'!G132 -> 0 | AB25: ='22'!G133 -> 0 | AC25: ='22'!G134 -> 0 | AD25: ='22'!G135 -> 24 | AE25: =AA25+AB25+AC25+AD25 -> 24 | AF25: =AV25+AW25+BF25+BG25 -> 4684 | AG25: =AF25/AE25 -> 195.16667 | AH25: ='22'!G136 -> 10.49 | AI25: ='22'!G137 -> 0 | AJ25: ='22'!G138 -> 4.73 | AK25: =AH25+AI25+AJ25 -> 15.22 | AL25: ='22'!G139 -> 7.3 | AM25: ='22'!G140 -> 0 | AO25: =AL25+AM25 -> 7.3 | AP25: ='22'!G123 -> 252 | AQ25: ='22'!G35 -> 2796 | AR25: ='22'!G37 -> 1467 | AS25: ='22'!G38 -> 2080 | AT25: ='22'!G39 -> 4115 | AU25: ='22'!G40 -> 0 | AV25: ='22'!G41 -> 0 | AW25: ='22'!G42 -> 0 | AX25: ='22'!G43 -> 2349 | AY25: ='22'!G44 -> 0 | AZ25: ='22'!G36 -> 729 | BA25: ='22'!G49 -> 0 | BB25: ='22'!G51 -> 0 | BC25: ='22'!G52 -> 0 | BD25: ='22'!G53 -> 0 | BE25: ='22'!G54 -> 70 | BF25: ='22'!G55 -> 0 | BG25: ='22'!G56 -> 4684 | BH25: ='22'!G57 -> 0 | BI25: ='22'!G50 -> 1196 | BJ25: =SUM(AV25,AW25,BF25,BG25) -> 4684 | BK25: ='22'!G84 -> 565 | BL25: =SUM(AQ25,AV25,AW25,AX25,BA25,BF25,BG25,BH25)/I25% -> 48.487988 | BM25: =SUM(AT25,BD25)/I25% -> 20.299936 | BN25: =(AS25+BC25)/I25 -> 0.10260964 | BO25: =K25+O25+R25+V25 -> 263259 | BP25: =SUM(AV25,AW25,AX25,BF25,BG25,BH25,BK25) -> 7598 | BQ25: =BP25/(AE25*280) -> 1.1306548
A26: 23 | B26: 23 | D26: ='23'!D3 -> 30 | E26: ='23'!D4 -> 0.76 | F26: ='23'!D2 -> 0.58 | G26: ='23'!G8 -> 21404 | H26: ='23'!G8 -> 21404 | I26: ='23'!G7 -> 21273 | J26: 10 | K26: =H26*J26 -> 214040 | L26: =I26/202 -> 105.31188 | M26: ='23'!G15 -> 972.81 | N26: 35 | O26: =M26*N26 -> 34048.35 | P26: ='23'!G20 -> 211 | Q26: 134 | R26: =P26*Q26 -> 28274 | S26: =P26/(F26*202/100) -> 180.0956 | T26: ='23'!G24 -> 0 | U26: 69 | V26: =T26*U26 -> 0 | W26: ='23'!G95 -> 101 | X26: ='23'!G96 -> 18 | Y26: ='23'!G97 -> 14 | Z26: =W26+X26+Y26 -> 133 | AA26: ='23'!G132 -> 0 | AB26: ='23'!G133 -> 0 | AC26: ='23'!G134 -> 0 | AD26: ='23'!G135 -> 24.48 | AE26: =AA26+AB26+AC26+AD26 -> 24.48 | AF26: =AV26+AW26+BF26+BG26 -> 5151 | AG26: =AF26/AE26 -> 210.41667 | AH26: ='23'!G136 -> 9.51 | AI26: ='23'!G137 -> 0 | AJ26: ='23'!G138 -> 5.94 | AK26: =AH26+AI26+AJ26 -> 15.45 | AL26: ='23'!G139 -> 7.23 | AM26: ='23'!G140 -> 0 | AO26: =AL26+AM26 -> 7.23 | AP26: ='23'!G123 -> 252 | AQ26: ='23'!G35 -> 3006 | AR26: ='23'!G37 -> 1462 | AS26: ='23'!G38 -> 2020 | AT26: ='23'!G39 -> 4149.83 | AU26: ='23'!G40 -> 0 | AV26: ='23'!G41 -> 0 | AW26: ='23'!G42 -> 0 | AX26: ='23'!G43 -> 2348 | AY26: ='23'!G44 -> 0 | AZ26: ='23'!G36 -> 911 | BA26: ='23'!G49 -> 0 | BB26: ='23'!G51 -> 0 | BC26: ='23'!G52 -> 0 | BD26: ='23'!G53 -> 0 | BE26: ='23'!G54 -> 70 | BF26: ='23'!G55 -> 0 | BG26: ='23'!G56 -> 5151 | BH26: ='23'!G57 -> 0 | BI26: ='23'!G50 -> 1384.71 | BJ26: =SUM(AV26,AW26,BF26,BG26) -> 5151 | BK26: ='23'!G84 -> 533 | BL26: =SUM(AQ26,AV26,AW26,AX26,BA26,BF26,BG26,BH26)/I26% -> 49.381846 | BM26: =SUM(AT26,BD26)/I26% -> 19.507498 | BN26: =(AS26+BC26)/I26 -> 0.094956048 | BO26: =K26+O26+R26+V26 -> 276362.35 | BP26: =SUM(AV26,AW26,AX26,BF26,BG26,BH26,BK26) -> 8032 | BQ26: =BP26/(AE26*280) -> 1.1718021
A27: 24 | B27: 24 | D27: ='24'!D3 -> 29 | E27: ='24'!D4 -> 0.78 | F27: ='24'!D2 -> 0.55 | G27: ='24'!G8 -> 22956 | H27: ='24'!G8 -> 22956 | I27: ='24'!G7 -> 22810 | J27: 10 | K27: =H27*J27 -> 229560 | L27: =I27/202 -> 112.92079 | M27: ='24'!G15 -> 787.75 | N27: 35 | O27: =M27*N27 -> 27571.25 | P27: ='24'!G20 -> 192 | Q27: 134 | R27: =P27*Q27 -> 25728 | S27: =P27/(F27*202/100) -> 172.81728 | T27: ='24'!G24 -> 0 | U27: 69 | V27: =T27*U27 -> 0 | W27: ='24'!G95 -> 71 | X27: ='24'!G96 -> 13 | Y27: ='24'!G97 -> 18 | Z27: =W27+X27+Y27 -> 102 | AA27: ='24'!G132 -> 0 | AB27: ='24'!G133 -> 0 | AC27: ='24'!G134 -> 10.04 | AD27: ='24'!G135 -> 16.88 | AE27: =AA27+AB27+AC27+AD27 -> 26.92 | AF27: =AV27+AW27+BF27+BG27 -> 5857 | AG27: =AF27/AE27 -> 217.57058 | AH27: ='24'!G136 -> 0 | AI27: ='24'!G137 -> 7.75 | AJ27: ='24'!G138 -> 1.15 | AK27: =AH27+AI27+AJ27 -> 8.9 | AL27: ='24'!G139 -> 7.6 | AM27: ='24'!G140 -> 0 | AO27: =AL27+AM27 -> 7.6 | AP27: ='24'!G123 -> 260 | AQ27: ='24'!G35 -> 3198 | AR27: ='24'!G37 -> 1506 | AS27: ='24'!G38 -> 2074 | AT27: ='24'!G39 -> 4084.17 | AU27: ='24'!G40 -> 0 | AV27: ='24'!G41 -> 0 | AW27: ='24'!G42 -> 0 | AX27: ='24'!G43 -> 2469 | AY27: ='24'!G44 -> 0 | AZ27: ='24'!G36 -> 1101 | BA27: ='24'!G49 -> 0 | BB27: ='24'!G51 -> 0 | BC27: ='24'!G52 -> 0 | BD27: ='24'!G53 -> 0 | BE27: ='24'!G54 -> 68 | BF27: ='24'!G55 -> 2321 | BG27: ='24'!G56 -> 3536 | BH27: ='24'!G57 -> 0 | BI27: ='24'!G50 -> 1749.29 | BJ27: =SUM(AV27,AW27,BF27,BG27) -> 5857 | BK27: ='24'!G84 -> 602 | BL27: =SUM(AQ27,AV27,AW27,AX27,BA27,BF27,BG27,BH27)/I27% -> 50.521701 | BM27: =SUM(AT27,BD27)/I27% -> 17.905173 | BN27: =(AS27+BC27)/I27 -> 0.090925033 | BO27: =K27+O27+R27+V27 -> 282859.25 | BP27: =SUM(AV27,AW27,AX27,BF27,BG27,BH27,BK27) -> 8928 | BQ27: =BP27/(AE27*280) -> 1.1844619
A28: 25 | B28: 25 | D28: ='25'!D3 -> 31 | E28: ='25'!D4 -> 0.8 | F28: ='25'!D2 -> 0.54 | G28: ='25'!G8 -> 20694 | H28: ='25'!G8 -> 20694 | I28: ='25'!G7 -> 20603 | J28: 10 | K28: =H28*J28 -> 206940 | L28: =I28/202 -> 101.99505 | M28: ='25'!G15 -> 861.99 | N28: 35 | O28: =M28*N28 -> 30169.65 | P28: ='25'!G20 -> 192 | Q28: 134 | R28: =P28*Q28 -> 25728 | S28: =P28/(F28*202/100) -> 176.0176 | T28: ='25'!G24 -> 0 | U28: 69 | V28: =T28*U28 -> 0 | W28: ='25'!G95 -> 103 | X28: ='25'!G96 -> 14 | Y28: ='25'!G97 -> 15 | Z28: =W28+X28+Y28 -> 132 | AA28: ='25'!G132 -> 0 | AB28: ='25'!G133 -> 0 | AC28: ='25'!G134 -> 24.44 | AD28: ='25'!G135 -> -0.36 | AE28: =AA28+AB28+AC28+AD28 -> 24.08 | AF28: =AV28+AW28+BF28+BG28 -> 5048 | AG28: =AF28/AE28 -> 209.63455 | AH28: ='24'!G136 -> 0 | AI28: ='24'!G137 -> 7.75 | AJ28: ='24'!G138 -> 1.15 | AK28: =AH28+AI28+AJ28 -> 8.9 | AL28: ='23'!G139 -> 7.23 | AM28: ='24'!G140 -> 0 | AO28: =AL28+AM28 -> 7.23 | AP28: ='25'!G123 -> 265 | AQ28: ='25'!G35 -> 3189 | AR28: ='25'!G37 -> 1492 | AS28: ='25'!G38 -> 1987 | AT28: ='25'!G39 -> 4098 | AU28: ='25'!G40 -> 0 | AV28: ='25'!G41 -> 0 | AX28: ='25'!G43 -> 2279 | AY28: ='25'!G44 -> 0 | AZ28: ='25'!G36 -> 743 | BA28: ='25'!G49 -> 0 | BB28: ='25'!G51 -> 0 | BC28: ='25'!G52 -> 0 | BD28: ='25'!G53 -> 0 | BE28: ='24'!G54 -> 68 | BF28: ='25'!G55 -> 5048 | BG28: ='25'!G56 -> 0 | BH28: ='25'!G57 -> 0 | BI28: ='25'!G50 -> 1200 | BJ28: =SUM(AV28,AW28,BF28,BG28) -> 5048 | BK28: ='25'!G84 -> 554 | BL28: =SUM(AQ28,AV28,AW28,AX28,BA28,BF28,BG28,BH28)/I28% -> 51.041111 | BM28: =SUM(AT28,BD28)/I28% -> 19.890307 | BN28: =(AS28+BC28)/I28 -> 0.096442266 | BO28: =K28+O28+R28+V28 -> 262837.65 | BP28: =SUM(AV28,AW28,AX28,BF28,BG28,BH28,BK28) -> 7881 | BQ28: =BP28/(AE28*280) -> 1.1688716
A29: 26 | B29: 26 | D29: ='26'!D3 -> 28 | E29: ='26'!D4 -> 0.74 | F29: ='26'!D2 -> 0.54 | G29: ='26'!G8 -> 20381 | H29: ='26'!G8 -> 20381 | I29: ='26'!G7 -> 20278 | J29: 10 | K29: =H29*J29 -> 203810 | L29: =I29/202 -> 100.38614 | M29: ='26'!G15 -> 838.45 | N29: 35 | O29: =M29*N29 -> 29345.75 | P29: ='26'!G20 -> 171 | Q29: 134 | R29: =P29*Q29 -> 22914 | S29: =P29/(F29*202/100) -> 156.76568 | T29: ='26'!G24 -> 0 | U29: 69 | V29: =T29*U29 -> 0 | W29: ='26'!G95 -> 79 | X29: ='26'!G96 -> 12 | Y29: ='26'!G97 -> 19 | Z29: =W29+X29+Y29 -> 110 | AA29: ='26'!G132 -> 0 | AB29: ='26'!G133 -> 0 | AC29: ='26'!G134 -> 24.12 | AD29: ='26'!G135 -> 0 | AE29: =AA29+AB29+AC29+AD29 -> 24.12 | AF29: =AV29+AW29+BF29+BG29 -> 5077 | AG29: =AF29/AE29 -> 210.48922 | AH29: ='26'!G136 -> 8.6 | AI29: ='26'!G137 -> 0.31 | AJ29: ='26'!G138 -> 4.81 | AK29: =AH29+AI29+AJ29 -> 13.72 | AL29: ='26'!G139 -> 7.24 | AM29: ='26'!G140 -> 0 | AO29: =AL29+AM29 -> 7.24 | AP29: ='26'!G123 -> 251 | AQ29: ='26'!G35 -> 3115 | AR29: ='26'!G37 -> 1421 | AS29: ='26'!G38 -> 1988 | AT29: ='26'!G39 -> 4202 | AU29: ='26'!G40 -> 0 | AV29: ='26'!G41 -> 0 | AW29: ='26'!G42 -> 0 | AX29: ='26'!G43 -> 2292 | AY29: ='26'!G44 -> 0 | AZ29: ='26'!G36 -> 610 | BA29: ='26'!G49 -> 0 | BB29: ='26'!G51 -> 0 | BC29: ='26'!G52 -> 0 | BD29: ='26'!G53 -> 0 | BE29: ='26'!G54 -> 72 | BF29: ='26'!G55 -> 5077 | BG29: ='26'!G56 -> 0 | BH29: ='26'!G57 -> 0 | BI29: ='26'!G50 -> 1005 | BJ29: =SUM(AV29,AW29,BF29,BG29) -> 5077 | BK29: ='26'!G84 -> 617 | BL29: =SUM(AQ29,AV29,AW29,AX29,BA29,BF29,BG29,BH29)/I29% -> 51.701351 | BM29: =SUM(AT29,BD29)/I29% -> 20.721965 | BN29: =(AS29+BC29)/I29 -> 0.098037282 | BO29: =K29+O29+R29+V29 -> 256069.75 | BP29: =SUM(AV29,AW29,AX29,BF29,BG29,BH29,BK29) -> 7986 | BQ29: =BP29/(AE29*280) -> 1.1824805
A30: 27 | B30: 27 | D30: ='27'!D3 -> 22 | E30: ='27'!D4 -> 0.76 | F30: ='27'!D2 -> 0.49 | G30: ='27'!G8 -> 20698 | H30: ='27'!G8 -> 20698 | I30: ='27'!G7 -> 20601 | J30: 10 | K30: =H30*J30 -> 206980 | L30: =I30/202 -> 101.98515 | M30: ='27'!G15 -> 961.603 | N30: 35 | O30: =M30*N30 -> 33656.105 | P30: ='27'!G20 -> 234 | Q30: 134 | R30: =P30*Q30 -> 31356 | S30: =P30/(F30*202/100) -> 236.4114 | T30: ='27'!G24 -> 0 | U30: 69 | V30: =T30*U30 -> 0 | W30: ='27'!G95 -> 85 | X30: ='27'!G96 -> 16 | Y30: ='27'!G97 -> 31 | Z30: =W30+X30+Y30 -> 132 | AA30: ='27'!G132 -> 0 | AB30: ='27'!G133 -> 0 | AC30: ='27'!G134 -> 23.88 | AD30: ='27'!G135 -> 0 | AE30: =AA30+AB30+AC30+AD30 -> 23.88 | AF30: =AV30+AW30+BF30+BG30 -> 5238.66 | AG30: =AF30/AE30 -> 219.37437 | AH30: ='27'!G136 -> 11.94 | AI30: ='27'!G137 -> 0 | AJ30: ='27'!G138 -> 4.09 | AK30: =AH30+AI30+AJ30 -> 16.03 | AL30: ='27'!G139 -> 7.3 | AM30: ='27'!G140 -> 0 | AO30: =AL30+AM30 -> 7.3 | AP30: ='27'!G123 -> 252.098 | AQ30: ='27'!G35 -> 3121.35 | AR30: ='27'!G37 -> 1490.07 | AS30: ='27'!G38 -> 2224.755 | AT30: ='27'!G39 -> 4175.45 | AU30: ='27'!G40 -> 0 | AV30: ='27'!G41 -> 0.37 | AW30: ='27'!G42 -> -0.15 | AX30: ='27'!G43 -> 2278.23 | AY30: ='27'!G44 -> 0 | AZ30: ='27'!G36 -> 562.33 | BA30: ='27'!G49 -> 0.13 | BB30: ='27'!G51 -> -0.08 | BC30: ='27'!G52 -> -0.29 | BD30: ='27'!G53 -> -0.49 | BE30: ='27'!G54 -> 69.47 | BF30: ='27'!G55 -> 5217.89 | BG30: ='27'!G56 -> 20.55 | BH30: ='27'!G57 -> 0.33 | BI30: ='27'!G50 -> 972.27 | BJ30: =SUM(AV30,AW30,BF30,BG30) -> 5238.66 | BK30: ='27'!G84 -> 672 | BL30: =SUM(AQ30,AV30,AW30,AX30,BA30,BF30,BG30,BH30)/I30% -> 51.641668 | BM30: =SUM(AT30,BD30)/I30% -> 20.265812 | BN30: =(AS30+BC30)/I30 -> 0.1079785 | BO30: =K30+O30+R30+V30 -> 271992.1 | BP30: =SUM(AV30,AW30,AX30,BF30,BG30,BH30,BK30) -> 8189.22 | BQ30: =BP30/(AE30*280) -> 1.2247577
A31: 28 | B31: 28 | D31: ='28'!D3 -> 23 | E31: ='28'!D4 -> 0.77 | F31: ='28'!D2 -> 0.52 | G31: ='28'!G8 -> 21942 | H31: ='28'!G8 -> 21942 | I31: ='28'!G7 -> 21818 | J31: 10 | K31: =H31*J31 -> 219420 | L31: =I31/202 -> 108.0099 | M31: ='28'!G15 -> 1060.007 | N31: 35 | O31: =M31*N31 -> 37100.245 | P31: ='28'!G20 -> 222 | Q31: 134 | R31: =P31*Q31 -> 29748 | S31: =P31/(F31*202/100) -> 211.34806 | T31: ='28'!G24 -> 0 | U31: 69 | V31: =T31*U31 -> 0 | W31: ='28'!G95 -> 90 | X31: ='28'!G96 -> 40 | Y31: ='28'!G97 -> 30 | Z31: =W31+X31+Y31 -> 160 | AA31: ='28'!G132 -> -0.48 | AB31: ='28'!G133 -> 0.48 | AC31: ='28'!G134 -> 24.14 | AD31: ='28'!G135 -> 0 | AE31: =AA31+AB31+AC31+AD31 -> 24.14 | AF31: =AV31+AW31+BF31+BG31 -> 5659.28 | AG31: =AF31/AE31 -> 234.43579 | AH31: ='28'!G136 -> 9.67 | AI31: ='28'!G137 -> 0 | AJ31: ='28'!G138 -> 5.44 | AK31: =AH31+AI31+AJ31 -> 15.11 | AL31: ='28'!G139 -> 7.84 | AM31: ='28'!G140 -> 0.47 | AO31: =AL31+AM31 -> 8.31 | AP31: ='28'!G123 -> 273.742 | AQ31: ='28'!G35 -> 3316.24 | AR31: ='28'!G37 -> 1486.03 | AS31: ='28'!G38 -> 2272.735 | AT31: ='28'!G39 -> 4370.94 | AU31: ='28'!G40 -> 0 | AV31: ='28'!G41 -> 0 | AW31: ='28'!G42 -> 0 | AX31: ='28'!G43 -> 2391.6 | AY31: ='28'!G44 -> 0 | AZ31: ='28'!G36 -> 614.24 | BA31: ='28'!G49 -> 0 | BB31: ='28'!G51 -> 0 | BC31: ='28'!G52 -> 0 | BD31: ='28'!G53 -> 0 | BE31: ='28'!G54 -> 70.16 | BF31: ='28'!G55 -> 5651.8 | BG31: ='28'!G56 -> 7.48 | BH31: ='28'!G57 -> 0 | BI31: ='28'!G50 -> 1090.76 | BJ31: =SUM(AV31,AW31,BF31,BG31) -> 5659.28 | BK31: ='28'!G84 -> 739 | BL31: =SUM(AQ31,AV31,AW31,AX31,BA31,BF31,BG31,BH31)/I31% -> 52.099734 | BM31: =SUM(AT31,BD31)/I31% -> 20.033642 | BN31: =(AS31+BC31)/I31 -> 0.10416789 | BO31: =K31+O31+R31+V31 -> 286268.25 | BP31: =SUM(AV31,AW31,AX31,BF31,BG31,BH31,BK31) -> 8789.88 | BQ31: =BP31/(AE31*280) -> 1.300432
A32: 29 | B32: 29 | D32: ='29'!D3 -> 24 | E32: ='29'!D4 -> 0.78 | F32: ='29'!D2 -> 0.66 | G32: ='29'!G8 -> -598081 | I32: ='29'!G7 -> -594257 | J32: 10 | K32: =H32*J32 -> 0 | L32: =I32/202 -> -2941.8663 | M32: ='29'!G15 -> -26977.64 | N32: 35 | O32: =M32*N32 -> -944217.4 | P32: ='29'!G20 -> -1425 | Q32: 134 | R32: =P32*Q32 -> -190950 | S32: =P32/(F32*202/100) -> -1068.8569 | T32: ='29'!G24 -> 0 | U32: 69 | V32: =T32*U32 -> 0 | W32: ='29'!G95 -> -2403 | X32: ='29'!G96 -> -862 | Y32: ='29'!G97 -> -824 | Z32: =W32+X32+Y32 -> -4089 | AA32: ='29'!G132 -> 227.54 | AB32: ='29'!G133 -> -1 | AC32: ='29'!G134 -> -416.14 | AD32: ='29'!G135 -> -148 | AE32: =AA32+AB32+AC32+AD32 -> -337.6 | AF32: =AV32+AW32+BF32+BG32 -> -133650.94 | AG32: =AF32/AE32 -> 395.88549 | AH32: ='29'!G136 -> -233.48 | AI32: ='29'!G137 -> -24.37 | AJ32: ='29'!G138 -> -87.56 | AK32: =AH32+AI32+AJ32 -> -345.41 | AL32: ='29'!G139 -> -238.72 | AM32: ='29'!G140 -> 0 | AO32: =AL32+AM32 -> -238.72 | AP32: ='29'!G123 -> -8223.85 | AQ32: ='29'!G35 -> -64059.59 | AR32: ='29'!G37 -> 383003.9 | AS32: ='29'!G38 -> 106900.51 | AT32: ='29'!G39 -> 821804.61 | AU32: ='29'!G40 -> 0 | AV32: ='29'!G41 -> -26662.37 | AW32: ='29'!G42 -> -202.85 | AX32: ='29'!G43 -> -62735.2 | AY32: ='29'!G44 -> 0 | AZ32: ='29'!G36 -> -21072.84 | BA32: ='29'!G49 -> -20746.58 | BB32: ='29'!G51 -> -13015.92 | BC32: ='29'!G52 -> -18110.71 | BD32: ='29'!G53 -> -35921.54 | BE32: ='29'!G54 -> -1866.83 | BF32: ='29'!G55 -> -78464.69 | BG32: ='29'!G56 -> -28321.03 | BH32: ='29'!G57 -> -7711.33 | BI32: ='29'!G50 -> -35982.06 | BJ32: =SUM(AV32,AW32,BF32,BG32) -> -133650.94 | BK32: ='29'!G84 -> -15718 | BL32: =SUM(AQ32,AV32,AW32,AX32,BA32,BF32,BG32,BH32)/I32% -> 48.615942 | BM32: =SUM(AT32,BD32)/I32% -> -132.24633 | BN32: =(AS32+BC32)/I32 -> -0.14941313 | BO32: =K32+O32+R32+V32 -> -1135167.4 | BP32: =SUM(AV32,AW32,AX32,BF32,BG32,BH32,BK32) -> -219815.47 | BQ32: =BP32/(AE32*280) -> 2.3254006
A33: 30 | B33: 30 | D33: ='30'!D33 -> 0 | E33: ='30'!D4 -> 0.8 | F33: ='30'!D2 -> 0.83 | G33: ='30'!G8 -> 19123 | I33: ='30'!G7 -> 18917 | J33: 10 | K33: =H33*J33 -> 0 | L33: =I33/202 -> 93.648515 | M33: ='30'!G15 -> 667.76 | N33: 35 | O33: =M33*N33 -> 23371.6 | P33: ='30'!G20 -> 171 | Q33: 134 | R33: =P33*Q33 -> 22914 | S33: =P33/(F33*202/100) -> 101.99213 | T33: ='30'!G24 -> 0 | U33: 69 | V33: =T33*U33 -> 0 | W33: ='30'!G95 -> 54 | X33: ='30'!G96 -> 38 | Y33: ='30'!G97 -> 23 | Z33: =W33+X33+Y33 -> 115 | AA33: ='30'!G132 -> 23.87 | AB33: ='30'!G133 -> 0 | AC33: ='30'!G134 -> 0 | AD33: ='30'!G135 -> 0 | AE33: =AA33+AB33+AC33+AD33 -> 23.87 | AF33: =AV33+AW33+BF33+BG33 -> 3768.95 | AG33: =AF33/AE33 -> 157.89485 | AH33: ='30'!G136 -> 3.75 | AI33: ='30'!G137 -> 0 | AJ33: ='30'!G138 -> 4.11 | AK33: =AH33+AI33+AJ33 -> 7.86 | AL33: ='30'!G139 -> 7.92 | AM33: ='30'!G140 -> 0 | AO33: =AL33+AM33 -> 7.92 | AP33: ='30'!G123 -> 270.01 | AQ33: ='30'!G35 -> 0 | AR33: ='30'!G37 -> 0 | AS33: ='30'!G38 -> 0 | AT33: ='30'!G39 -> 0 | AU33: ='30'!G40 -> 0 | AV33: ='30'!G41 -> 3768.95 | AW33: ='30'!G42 -> 0 | AX33: ='30'!G43 -> 2336.88 | AY33: ='30'!G44 -> 0 | AZ33: ='30'!G36 -> 587.2 | BA33: ='30'!BA33 -> 0 | BB33: ='30'!BA4 -> 0 | BC33: ='30'!BA2 -> 0 | BD33: ='30'!BD8 -> 0 | BE33: ='30'!BC7 -> 0 | BF33: ='30'!BD7 -> 0 | BG33: ='30'!G57 -> 0 | BH33: ='30'!H57 -> 0 | BI33: =BF33/202 -> 0 | BJ33: =SUM(AV33,AW33,BF33,BG33) -> 3768.95 | BK33: ='31'!G84 -> 504 | BL33: =SUM(AQ33,AV33,AW33,AX33,BA33,BF33,BG33,BH33)/I33% -> 32.276947 | BM33: =SUM(AT33,BD33)/I33% -> 0 | BN33: =(AS33+BC33)/I33 -> 0 | BO33: =K33+O33+R33+V33 -> 46285.6 | BP33: =SUM(AV33,AW33,AX33,BF33,BG33,BH33,BK33) -> 6609.83 | BQ33: =BP33/(AE33*280) -> 0.98896254
A34: 31 | B34: 31 | D34: ='[2]30'!D34 -> 0 | E34: ='[2]31'!D5 -> Unit | F34: ='[2]31'!D3 -> 30 | G34: ='[2]31'!G8 -> 19595 | I34: ='[2]31'!G7 -> 19398 | J34: 10 | K34: =H34*J34 -> 0 | L34: =I34/202 -> 96.029703 | M34: ='[2]10'!G15 -> 827.65 | N34: 35 | O34: =M34*N34 -> 28967.75 | P34: ='[2]31'!G20 -> 184 | Q34: 134 | R34: =P34*Q34 -> 24656 | S34: =P34/(F34*202/100) -> 3.0363036 | T34: ='[2]31'!G24 -> 0 | U34: 69 | V34: =T34*U34 -> 0 | W34: ='[2]31'!G95 -> 63 | X34: ='[2]31'!G96 -> 15 | Y34: ='[2]31'!G97 -> 22 | Z34: =W34+X34+Y34 -> 100 | AA34: ='[2]31'!G132 -> 0 | AB34: ='[2]31'!G133 -> 0 | AC34: ='[2]31'!G134 -> 0 | AD34: ='[2]31'!G135 -> 23.92 | AE34: =AA34+AB34+AC34+AD34 -> 23.92 | AF34: =AV34+AW34+BF34+BG34 -> 4263.21 | AG34: =AF34/AE34 -> 178.22784 | AH34: ='[2]31'!G136 -> 6.33 | AI34: ='[2]31'!G137 -> 0 | AJ34: ='[2]31'!G138 -> 0 | AK34: =AH34+AI34+AJ34 -> 6.33 | AL34: ='[2]31'!G139 -> 0 | AM34: ='[2]31'!G140 -> 7.92 | AO34: =AL34+AM34 -> 7.92 | AP34: ='[2]31'!G123 -> 241.35 | AQ34: ='[2]31'!G35 -> 0 | AR34: ='[2]31'!G37 -> 0 | AS34: ='[2]31'!G38 -> 0 | AT34: ='[2]31'!G39 -> 0 | AU34: ='[2]31'!G40 -> 0 | AV34: ='[2]31'!G41 -> 0 | AW34: ='[2]31'!G42 -> 0.09 | AX34: ='[2]31'!G43 -> 1972.72 | AY34: ='[2]31'!G44 -> 0 | AZ34: ='[2]31'!G36 -> 668.58 | BA34: ='[2]31'!G49 -> 2791.39 | BB34: ='[2]31'!G51 -> 1472.34 | BC34: ='[2]31'!G52 -> 2047.28 | BD34: ='[2]31'!G53 -> 4400.97 | BE34: ='[2]31'!G54 -> 79.99 | BF34: ='[2]31'!BD7 -> 0 | BG34: ='[2]31'!G56 -> 4263.12 | BH34: ='[2]31'!H57 -> 0 | BI34: ='[2]31'!G50 -> 1070.44 | BJ34: =SUM(AV34,AW34,BF34,BG34) -> 4263.21 | BK34: ='[2]31'!G84 -> 377 | BL34: =SUM(AQ34,AV34,AW34,AX34,BA34,BF34,BG34,BH34)/I34% -> 46.537375 | BM34: =SUM(AT34,BD34)/I34% -> 22.687751 | BN34: =(AS34+BC34)/I34 -> 0.10554078 | BO34: =K34+O34+R34+V34 -> 53623.75 | BP34: =SUM(AV34,AW34,AX34,BF34,BG34,BH34,BK34) -> 6612.93 | BQ34: =BP34/(AE34*280) -> 0.98735816
A35: Total | D35: =AVERAGE(D4:D34) -> 24.419355 | F35: =AVERAGE(F4:F34) -> 1.5223484 | G35: =SUM(G4:G34) -> 942 | H35: =SUM(H4:H34) -> 560305 | I35: =SUM(I4:I34) -> 937 | J35: =SUM(J4:J34) -> 309 | K35: =SUM(K4:K34) -> 5583576 | L35: =SUM(L4:L34) -> 4.6386139 | M35: =SUM(M4:M34) -> -40.77 | N35: =SUM(N4:N34) -> 1085 | ... BO35: =SUM(BO4:BO34) -> 6394199.1 | BP35: =SUM(AV35,AW35,AX35,BF35,BG35,BH35,BK35) -> 133.47 | BQ35: =BP35/(AE35*280) -> 0.0012351106
B36: =B18-B17 -> 1 | C36: =C18-C17 -> 0 | D36: =D18-D17 -> 0 | E36: =E18-E17 -> 0 | F36: =F18-F17 -> 0.0017 | I36: =I18-I17 -> 630 | J36: =J18-J17 -> 0 | K36: =K18-K17 -> 6760 | L36: =L18-L17 -> 3.1188119 | M36: =M18-M17 -> 99.796 | N36: =N18-N17 -> 0 | O36: =O18-O17 -> 3492.86 | P36: =P18-P17 -> 131 | ... AO36: =AO18-AO17 -> -1.16 | AQ36: =AQ18-AQ17 -> -48.44 | AR36: =AR18-AR17 -> -0.14 | AS36: =AS18-AS17 -> 27.84 | AT36: =AT18-AT17 -> -0.55 | AU36: =AU18-AU17 -> 0 | AV36: =AV18-AV17 -> 0 | AW36: =AW18-AW17 -> -0.099 | AX36: =AX18-AX17 -> -13.92 | BA36: =BA18-BA17 -> 0 | BB36: =BB18-BB17 -> 0 | BC36: =BC18-BC17 -> 0 | BD36: =BD18-BD17 -> 0 | BE36: =BE18-BE17 -> -2.38 | BF36: =BF18-BF17 -> -106.435 | BG36: =BG18-BG17 -> 50.75 | BH36: =BH18-BH17 -> 0 | BL36: =BL18-BL17 -> -1.8277833 | BM36: =BM18-BM17 -> -0.56211219 | BO36: =BO18-BO17 -> 27806.86 | BP36: =BP18-BP17 -> -31.704
F37: =AVERAGE(F4:F35) -> 1.5223484 | I37: =AVERAGE(I4:I35) -> 58.5625
B38: Guest complaint | F38: =AVERAGE(F4:F35) -> 1.5223484
BJ41: =(BJ31+BK31)/400 -> 15.9957

Sheet Occupancy
B1: Hotel Occupancy Occ% | C1: Room Nights | D1: Comp Night | E1: Cummulative % | F1: Total Covers Guests | G1: Total Room Nights
A2: 1 | C2: 71 | D2: 20 | E2: =SUM(C2:D2)/202% -> 45.049505 | F2: 327 | G2: =C2+D2 -> 91
A3: 2 | C3: 98 | D3: 22 | E3: =SUM(C3:D3)/202% -> 59.405941 | F3: 310 | G3: =C3+D3 -> 120
A4: 3 | C4: 92 | D4: 20 | E4: =SUM(C4:D4)/202% -> 55.445545 | F4: 386 | G4: =C4+D4 -> 112
A5: 4 | C5: 92 | D5: 20 | E5: =SUM(C5:D5)/202% -> 55.445545 | F5: 558 | G5: =C5+D5 -> 112
A6: 5 | C6: 85 | D6: 20 | E6: =SUM(C6:D6)/202% -> 51.980198 | F6: 416 | G6: =C6+D6 -> 105
A7: 6 | C7: 133 | D7: 17 | E7: =SUM(C7:D7)/202% -> 74.257426 | F7: 582 | G7: =C7+D7 -> 150
A8: 7 | C8: 90 | D8: 17 | E8: =SUM(C8:D8)/202% -> 52.970297 | F8: 437 | G8: =C8+D8 -> 107
A9: 8 | C9: 102 | D9: 18 | E9: =SUM(C9:D9)/202% -> 59.405941 | F9: 355 | G9: =C9+D9 -> 120
A10: 9 | C10: 108 | D10: 17 | E10: =SUM(C10:D10)/202% -> 61.881188 | F10: 382 | G10: =C10+D10 -> 125
A11: 10 | C11: 127 | D11: 15 | E11: =SUM(C11:D11)/202% -> 70.29703 | F11: 434 | G11: =C11+D11 -> 142
A12: 11 | C12: 114 | D12: 8 | E12: =SUM(C12:D12)/202% -> 60.39604 | F12: 309 | G12: =C12+D12 -> 122
A13: 12 | C13: 129 | D13: 2 | E13: =SUM(C13:D13)/202% -> 64.851485 | F13: 505 | G13: =C13+D13 -> 131
... A27: 26 | C27: 108 | D27: 1 | E27: =SUM(C27:D27)/202% -> 53.960396 | F27: 408 | G27: =C27+D27 -> 109
A28: 27 | E28: =SUM(C28:D28)/202% -> 0 | G28: =C28+D28 -> 0
A29: 28 | E29: =SUM(C29:D29)/202% -> 0 | G29: =C29+D29 -> 0
A30: 29 | E30: =SUM(C30:D30)/202% -> 0 | G30: =C30+D30 -> 0
A31: 30
A32: 31

Sheet Water Report
C3: Date | D3: 1 | E3: 2 | F3: 3 | G3: 4 | H3: 5 | I3: 6 | J3: 7 | K3: 8 | L3: 9 | M3: 10 | N3: 11 | O3: 12 | P3: 13 | Q3: 14 | R3: 15 | S3: 16 | T3: 17 | U3: 18 | V3: 19 | W3: 20 | X3: 21 | Y3: 22 | Z3: 23 | AA3: 24 | AB3: 25 | AC3: 26 | AD3: 27 | AE3: 28 | AF3: 29 | AG3: 30 | AH3: 31
C4: occupancy | D4: ='[3]1'!F3 -> 0.5 | E4: ='[3]2'!F3 -> 0.1 | F4: ='[3]3'!F3 -> 0.5
C5: Tanker | D5: ='1'!G18 -> 120 | E5: ='2'!G18 -> 120 | F5: ='3'!G18 -> 110 | G5: ='4'!G18 -> 100 | H5: ='5'!G18 -> 140 | I5: ='6'!G18 -> 220 | J5: ='7'!G18 -> 160 | K5: ='8'!G18 -> 160 | L5: ='9'!G18 -> 140 | M5: ='10'!G18 -> 200 | N5: ='11'!G18 -> 160 | O5: ='12'!G18 -> 160 | P5: ='13'!G18 -> 220 | Q5: ='14'!G18 -> 190 | R5: ='15'!G18 -> 320 | S5: ='16'!G18 -> 200 | T5: ='17'!G18 -> 140 | U5: ='18'!G18 -> 120 | V5: ='19'!G18 -> 140 | W5: ='20'!G18 -> 140 | X5: ='21'!G18 -> 180 | Y5: ='22'!G18 -> 150 | Z5: ='23'!G18 -> 160 | AA5: ='24'!G18 -> 140 | AB5: ='25'!G18 -> 140 | AC5: ='26'!G18 -> 120 | AD5: ='27'!G18 -> 180 | AE5: ='28'!G18 -> 170 | AF5: ='29'!G18 -> 100 | AG5: ='30'!G18 -> 120 | AH5: ='31'!G18 -> 120
C6: BMC | D6: ='1'!G19 -> 51 | E6: ='2'!G19 -> 51 | F6: ='3'!G19 -> 51 | G6: ='4'!G19 -> 50 | H6: ='5'!G19 -> 41 | I6: ='6'!G19 -> 51 | J6: ='7'!G19 -> 52 | K6: ='8'!G19 -> 51 | L6: ='9'!G19 -> 52 | M6: ='10'!G19 -> 50 | N6: ='11'!G19 -> 51 | O6: ='12'!G19 -> 51 | P6: ='13'!G19 -> 52 | Q6: ='14'!G19 -> 51 | R6: ='15'!G19 -> 52 | S6: ='16'!G19 -> 50 | T6: ='17'!G19 -> 51 | U6: ='18'!G19 -> 47 | V6: ='19'!G19 -> 50 | W6: ='20'!G19 -> 51 | X6: ='21'!G19 -> 51 | Y6: ='22'!G19 -> 51 | Z6: ='23'!G19 -> 51 | AA6: ='24'!G19 -> 52 | AB6: ='25'!G19 -> 52 | AC6: ='26'!G19 -> 51 | AD6: ='27'!G19 -> 54 | AE6: ='28'!G19 -> 52 | AF6: ='29'!G19 -> -1525 | AG6: ='30'!G19 -> 51 | AH6: ='31'!G19 -> 54
C7: R.O. Plant Production | D7: ='1'!G92 -> 87 | E7: ='2'!G92 -> 75 | F7: ='3'!G92 -> 88 | G7: ='4'!G92 -> 102 | H7: ='5'!G92 -> 110 | I7: ='6'!G92 -> 89 | J7: ='7'!G92 -> 104 | K7: ='8'!G92 -> 95 | L7: ='9'!G92 -> 104 | M7: ='10'!G92 -> 137 | N7: ='11'!G92 -> 101 | O7: ='12'!G92 -> 129 | P7: ='13'!G92 -> 149 | Q7: ='14'!G92 -> 166 | R7: ='15'!G92 -> 192 | S7: ='16'!G92 -> 132 | T7: ='17'!G92 -> 84 | U7: ='18'!G92 -> 81 | V7: ='19'!G92 -> 95 | W7: ='20'!G92 -> 107 | X7: ='21'!G92 -> 122 | Y7: ='22'!G92 -> 122 | Z7: ='23'!G92 -> 104 | AA7: ='24'!G92 -> 88 | AB7: ='25'!G92 -> 103 | AC7: ='26'!G92 -> 69 | AD7: ='27'!G92 -> 146 | AE7: ='28'!G92 -> 144 | AF7: ='29'!G92 -> -3290 | AG7: ='30'!G92 -> 74 | AH7: ='31'!G92 -> 91
B8: Domestic Water | C8: Zone-1 | D8: ='1'!G95 -> 72 | E8: ='2'!G95 -> 70 | F8: ='3'!G95 -> 64 | G8: ='4'!G95 -> 78 | H8: ='5'!G95 -> 55 | I8: ='6'!G95 -> 61 | J8: ='7'!G95 -> 57 | K8: ='8'!G95 -> 71 | L8: ='9'!G95 -> 62 | M8: ='10'!G95 -> 77 | N8: ='11'!G95 -> 71 | O8: ='12'!G95 -> 86 | P8: ='13'!G95 -> 88 | Q8: ='14'!G95 -> 121 | R8: ='15'!G95 -> 131 | S8: ='16'!G95 -> 97 | T8: ='17'!G95 -> 72 | U8: ='18'!G95 -> 74 | V8: ='19'!G95 -> 79 | W8: ='20'!G95 -> 86 | X8: ='21'!G95 -> 72 | Y8: ='22'!G95 -> 107 | Z8: ='23'!G95 -> 101 | AA8: ='24'!G95 -> 71 | AB8: ='25'!G95 -> 103 | AC8: ='26'!G95 -> 79 | AD8: ='27'!G95 -> 85 | AE8: ='28'!G95 -> 90 | AF8: ='29'!G95 -> -2403 | AG8: ='30'!G95 -> 54 | AH8: ='31'!G95 -> 69
C9: Zone-2 | D9: ='1'!G96 -> 23 | E9: ='2'!G96 -> 30 | F9: ='3'!G96 -> 36 | G9: ='4'!G96 -> 35 | H9: ='5'!G96 -> 23 | I9: ='6'!G96 -> 34 | J9: ='7'!G96 -> 43 | K9: ='8'!G96 -> 51 | L9: ='9'!G96 -> 40 | M9: ='10'!G96 -> 40 | N9: ='11'!G96 -> 49 | O9: ='12'!G96 -> 38 | P9: ='13'!G96 -> 43 | Q9: ='14'!G96 -> 47 | R9: ='15'!G96 -> 25 | S9: ='16'!G96 -> 18 | T9: ='17'!G96 -> 15 | U9: ='18'!G96 -> 16 | V9: ='19'!G96 -> 9 | W9: ='20'!G96 -> 22 | X9: ='21'!G96 -> 27 | Y9: ='22'!G96 -> 21 | Z9: ='23'!G96 -> 18 | AA9: ='24'!G96 -> 13 | AB9: ='25'!G96 -> 14 | AC9: ='26'!G96 -> 12 | AD9: ='27'!G96 -> 16 | AE9: ='28'!G96 -> 40 | AF9: ='29'!G96 -> -862 | AG9: ='30'!G96 -> 38 | AH9: ='31'!G96 -> 26
C10: Zone-3 | D10: ='1'!G97 -> 18 | E10: ='2'!G97 -> 16 | F10: ='3'!G97 -> 31 | G10: ='4'!G97 -> 45 | H10: ='5'!G97 -> 40 | I10: ='6'!G97 -> 31 | J10: ='7'!G97 -> 23 | K10: ='8'!G97 -> 20 | L10: ='9'!G97 -> 29 | M10: ='10'!G97 -> 46 | N10: ='11'!G97 -> 23 | O10: ='12'!G97 -> 27 | P10: ='13'!G97 -> 46 | Q10: ='14'!G97 -> 46 | R10: ='15'!G97 -> 35 | S10: ='16'!G97 -> 24 | T10: ='17'!G97 -> 20 | U10: ='18'!G97 -> 17 | V10: ='19'!G97 -> 24 | W10: ='20'!G97 -> 32 | X10: ='21'!G97 -> 35 | Y10: ='22'!G97 -> 17 | Z10: ='23'!G97 -> 14 | AA10: ='24'!G97 -> 18 | AB10: ='25'!G97 -> 15 | AC10: ='26'!G97 -> 19 | AD10: ='27'!G97 -> 31 | AE10: ='28'!G97 -> 30 | AF10: ='29'!G97 -> -824 | AG10: ='30'!G97 -> 23 | AH10: ='31'!G97 -> 29
B12: Flushing Water | C12: Zone-1 | D12: ='1'!G98 -> 83 | E12: ='2'!G98 -> 67 | F12: ='3'!G98 -> 72 | G12: ='4'!G98 -> 67 | H12: ='5'!G98 -> 40 | I12: ='6'!G98 -> 72 | J12: ='7'!G98 -> 58 | K12: ='8'!G98 -> 78 | L12: ='9'!G98 -> 67 | M12: ='10'!G98 -> 80 | N12: ='11'!G98 -> 75 | O12: ='12'!G98 -> 83 | P12: ='13'!G98 -> 63 | Q12: ='14'!G98 -> 71 | R12: ='15'!G98 -> 76 | S12: ='16'!G98 -> 56 | T12: ='17'!G98 -> 35 | U12: ='18'!G98 -> 78 | V12: ='19'!G98 -> 63 | W12: ='20'!G98 -> 68 | X12: ='21'!G98 -> 87 | Y12: ='22'!G98 -> 71 | Z12: ='23'!G98 -> 82 | AA12: ='24'!G98 -> 94 | AB12: ='25'!G98 -> 108 | AC12: ='26'!G98 -> 129 | AD12: ='27'!G98 -> 62 | AE12: ='28'!G98 -> 69 | AF12: ='29'!G98 -> -2186 | AG12: ='30'!G98 -> 57 | AH12: ='31'!G98 -> 75
C13: Zone-2 | D13: ='1'!G114 -> 16 | E13: ='2'!G114 -> 11 | F13: ='3'!G114 -> 12 | G13: ='4'!G114 -> 14 | H13: ='5'!G114 -> 21 | I13: ='6'!G114 -> 11 | J13: ='7'!G114 -> 16 | K13: ='8'!G114 -> 16 | L13: ='9'!G114 -> 15 | M13: ='10'!G114 -> 14 | N13: ='11'!G114 -> 12 | O13: ='12'!G114 -> 14 | P13: ='13'!G114 -> 20 | Q13: ='14'!G114 -> 22 | R13: ='15'!G114 -> 35 | S13: ='16'!G114 -> 21 | T13: ='17'!G114 -> 17 | U13: ='18'!G114 -> 25 | V13: ='19'!G114 -> 26 | W13: ='20'!G114 -> 26 | X13: ='21'!G114 -> 17 | Y13: ='22'!G114 -> 21 | Z13: ='23'!G114 -> 14 | AA13: ='24'!G114 -> 30 | AB13: ='25'!G114 -> 19 | AC13: ='26'!G114 -> 16 | AD13: ='27'!G114 -> 22 | AE13: ='28'!G114 -> 32 | AF13: ='29'!G114 -> -554 | AG13: ='30'!G114 -> 13 | AH13: ='31'!G114 -> 20
C14: Zone-3 | D14: ='1'!G115 -> 5 | E14: ='2'!G115 -> 3 | F14: ='3'!G115 -> 6 | G14: ='4'!G115 -> 7 | H14: ='5'!G115 -> 11 | I14: ='6'!G115 -> 6 | J14: ='7'!G115 -> 7 | K14: ='8'!G115 -> 7 | L14: ='9'!G115 -> 7 | M14: ='10'!G115 -> 13 | N14: ='11'!G115 -> 3 | O14: ='12'!G115 -> 8 | P14: ='13'!G115 -> 6 | Q14: ='14'!G115 -> 20 | R14: ='15'!G115 -> 13 | S14: ='16'!G115 -> 13 | T14: ='17'!G115 -> 6 | U14: ='18'!G115 -> 5 | V14: ='19'!G115 -> 2 | W14: ='20'!G115 -> 8 | X14: ='21'!G115 -> 9 | Y14: ='22'!G115 -> 10 | Z14: ='23'!G115 -> 2 | AA14: ='24'!G115 -> 11 | AB14: ='25'!G115 -> 5 | AC14: ='26'!G115 -> 6 | AD14: ='27'!G115 -> 25 | AE14: ='28'!G115 -> 23 | AF14: ='29'!G115 -> -252 | AG14: ='30'!G115 -> 6 | AH14: ='31'!G115 -> 6
B16: Branches ( Domestic water ) | C16: Pool | D16: ='1'!G104 -> 0 | E16: ='2'!G104 -> 0 | F16: ='3'!G104 -> 0 | G16: ='4'!G104 -> 0 | H16: ='5'!G104 -> 0 | I16: ='6'!G104 -> 0 | J16: ='7'!G104 -> 0 | K16: ='8'!G104 -> 0 | L16: ='9'!G104 -> 0 | M16: ='10'!G104 -> 0 | N16: ='11'!G104 -> 0 | O16: ='12'!G104 -> 0 | P16: ='13'!G104 -> 0 | Q16: ='14'!G104 -> 87 | R16: ='15'!G104 -> 0 | S16: ='16'!G104 -> 0 | T16: ='17'!G104 -> 0 | U16: ='18'!G104 -> 0 | V16: ='19'!G104 -> 0 | W16: ='20'!G104 -> 0 | X16: ='21'!G104 -> 0 | Y16: ='22'!G104 -> 8 | Z16: ='23'!G104 -> 10 | AA16: ='24'!G104 -> 10 | AB16: ='25'!G104 -> 0 | AC16: ='26'!G104 -> 3 | AD16: ='27'!G104 -> 0 | AE16: ='28'!G104 -> 0 | AF16: ='29'!G104 -> -118 | AG16: ='30'!G104 -> 0 | AH16: ='31'!G104 -> 0
C17: B2 Laundry | D17: ='1'!G105 -> 8 | E17: ='2'!G105 -> 8 | F17: ='3'!G105 -> 6 | G17: ='4'!G105 -> 6 | H17: ='5'!G105 -> 14 | I17: ='6'!G105 -> 6 | J17: ='7'!G105 -> 6 | K17: ='8'!G105 -> 9 | L17: ='9'!G105 -> 0 | M17: ='10'!G105 -> 12 | N17: ='11'!G105 -> 7 | O17: ='12'!G105 -> 9 | P17: ='13'!G105 -> 11 | Q17: ='14'!G105 -> 11 | R17: ='15'!G105 -> 17 | S17: ='16'!G105 -> 12 | T17: ='17'!G105 -> 9 | U17: ='18'!G105 -> 8 | V17: ='19'!G105 -> 7 | W17: ='20'!G105 -> 13 | X17: ='21'!G105 -> 7 | Y17: ='22'!G105 -> 12 | Z17: ='23'!G105 -> 13 | AA17: ='24'!G105 -> 9 | AB17: ='25'!G105 -> 6 | AC17: ='26'!G105 -> 9 | AD17: ='27'!G105 -> 8 | AE17: ='28'!G105 -> 9 | AF17: ='29'!G105 -> -261 | AG17: ='30'!G105 -> 3 | AH17: ='31'!G105 -> 12
C18: Boiler Feed Water | D18: ='1'!G106 -> 7 | E18: ='2'!G106 -> 5 | F18: ='3'!G106 -> 5 | G18: ='4'!G106 -> 6 | H18: ='5'!G106 -> 9 | I18: ='6'!G106 -> 6 | J18: ='7'!G106 -> 4 | K18: ='8'!G106 -> 5 | L18: ='9'!G106 -> 4 | M18: ='10'!G106 -> 3 | N18: ='11'!G106 -> 6 | O18: ='12'!G106 -> 12 | P18: ='13'!G106 -> 6 | Q18: ='14'!G106 -> 5 | R18: ='15'!G106 -> 11 | S18: ='16'!G106 -> 6 | T18: ='17'!G106 -> 5 | U18: ='18'!G106 -> 10 | V18: ='19'!G106 -> 6 | W18: ='20'!G106 -> 8 | X18: ='21'!G106 -> 6 | Y18: ='22'!G106 -> 5 | Z18: ='23'!G106 -> 6 | AA18: ='24'!G106 -> 5 | AB18: ='25'!G106 -> 4 | AC18: ='26'!G106 -> 6 | AD18: ='27'!G106 -> 6 | AE18: ='28'!G106 -> 6 | AF18: ='29'!G106 -> -177 | AG18: ='30'!G106 -> 5 | AH18: ='31'!G106 -> 5
B20: Branches ( STP Water ) | C20: CT water | D20: ='1'!G109 -> 41 | E20: ='2'!G109 -> 61 | F20: ='3'!G109 -> 58 | G20: ='4'!G109 -> 55 | H20: ='5'!G109 -> 115 | I20: ='6'!G109 -> 40 | J20: ='7'!G109 -> 39 | K20: ='8'!G109 -> 74 | L20: ='9'!G109 -> 53 | M20: ='10'!G109 -> 61 | N20: ='11'!G109 -> 105 | O20: ='12'!G109 -> 64 | P20: ='13'!G109 -> 60 | Q20: ='14'!G109 -> 60 | R20: ='15'!G109 -> 83 | S20: ='16'!G109 -> 60 | T20: ='17'!G109 -> 40 | U20: ='18'!G109 -> 60 | V20: ='19'!G109 -> 40 | W20: ='20'!G109 -> 59 | X20: ='21'!G109 -> 60 | Y20: ='22'!G109 -> 62 | Z20: ='23'!G109 -> 59 | AA20: ='24'!G109 -> 82 | AB20: ='25'!G109 -> 40 | AC20: ='26'!G109 -> 60 | AD20: ='27'!G109 -> 82 | AE20: ='28'!G109 -> 61 | AF20: ='29'!G109 -> -1808 | AG20: ='30'!G109 -> 63 | AH20: ='31'!G109 -> 66
C21: STP flush | D21: ='1'!G110 -> 79 | E21: ='2'!G110 -> 39 | F21: ='3'!G110 -> 93 | G21: ='4'!G110 -> 47 | H21: ='5'!G110 -> 79 | I21: ='6'!G110 -> 45 | J21: ='7'!G110 -> 101 | K21: ='8'!G110 -> 43 | L21: ='9'!G110 -> 63 | M21: ='10'!G110 -> 64 | N21: ='11'!G110 -> 99 | O21: ='12'!G110 -> 59 | P21: ='13'!G110 -> 86 | Q21: ='14'!G110 -> 42 | R21: ='15'!G110 -> 86 | S21: ='16'!G110 -> 58 | T21: ='17'!G110 -> 37 | U21: ='18'!G110 -> 92 | V21: ='19'!G110 -> 31 | W21: ='20'!G110 -> 75 | X21: ='21'!G110 -> 100 | Y21: ='22'!G110 -> 70 | Z21: ='23'!G110 -> 89 | AA21: ='24'!G110 -> 41 | AB21: ='25'!G110 -> 148 | AC21: ='26'!G110 -> 123 | AD21: ='27'!G110 -> 95 | AE21: ='28'!G110 -> 49 | AF21: ='29'!G110 -> -2144 | AG21: ='30'!G110 -> 91 | AH21: ='31'!G110 -> 67
C22: Garden | D22: ='1'!G111 -> 0 | E22: ='2'!G111 -> 16 | F22: ='3'!G111 -> 0 | G22: ='4'!G111 -> 14 | H22: ='5'!G111 -> 0 | I22: ='6'!G111 -> 32 | J22: ='7'!G111 -> 0 | K22: ='8'!G111 -> 0 | L22: ='9'!G111 -> 37 | M22: ='10'!G111 -> 6 | N22: ='11'!G111 -> 12 | O22: ='12'!G111 -> 0 | P22: ='13'!G111 -> 13 | Q22: ='14'!G111 -> 0 | R22: ='15'!G111 -> 13 | S22: ='16'!G111 -> 0 | T22: ='17'!G111 -> 22 | U22: ='18'!G111 -> 7 | V22: ='19'!G111 -> 0 | W22: ='20'!G111 -> 20 | X22: ='21'!G111 -> 6 | Y22: ='22'!G111 -> 8 | Z22: ='23'!G111 -> 5 | AA22: ='24'!G111 -> 10 | AB22: ='25'!G111 -> 0 | AC22: ='26'!G111 -> 12 | AD22: ='27'!G111 -> 7 | AE22: ='28'!G111 -> 0 | AF22: ='29'!G111 -> -254 | AG22: ='30'!G111 -> 28 | AH22: ='31'!G111 -> 0
B24: Domestic consumption | D24: =SUM(D8:D10,D13:D14,) -> 134 | E24: =SUM(E8:E10,E13:E14,) -> 130 | F24: =SUM(F8:F10,F13:F14,) -> 149 | G24: =SUM(G8:G10,G13:G14,) -> 179 | H24: =SUM(H8:H10,H13:H14,) -> 150 | I24: =SUM(I8:I10,I13:I14,) -> 143 | J24: =SUM(J8:J10,J13:J14,) -> 146 | K24: =SUM(K8:K10,K13:K14,) -> 165 | ... AI24: =SUM(AI8:AI10,AI13:AI14,) -> 0
B26: STP +Flush Consumption | D26: =SUM(D12,D20,D22) -> 124 | E26: =SUM(E12,E20,E22) -> 144 | F26: =SUM(F12,F20,F22) -> 130 | G26: =SUM(G12,G20,G22) -> 136 | H26: =SUM(H12,H20,H22) -> 155 | I26: =SUM(I12,I20,I22) -> 144 | J26: =SUM(J12,J20,J22) -> 97 | K26: =SUM(K12,K20,K22) -> 152 | ... AH26: =SUM(AH12,AH20,AH22) -> 141 | AI26: =SUM(AI12) -> 0
B28: BOH | D28: =D8 -> 72 | E28: =E8 -> 70 | F28: =F8 -> 64 | G28: =G8 -> 78 | H28: =H8 -> 55 | I28: =I8 -> 61 | J28: =J8 -> 57 | K28: =K8 -> 71 | ... AH28: =AH8 -> 69
B29: Guest Floor | D29: =SUM(D9:D10,D13:D14) -> 62 | E29: =SUM(E9:E10,E13:E14) -> 60 | F29: =SUM(F9:F10,F13:F14) -> 85 | G29: =SUM(G9:G10,G13:G14) -> 101 | H29: =SUM(H9:H10,H13:H14) -> 95 | I29: =SUM(I9:I10,I13:I14) -> 82 | J29: =SUM(J9:J10,J13:J14) -> 89 | K29: =SUM(K9:K10,K13:K14) -> 94 | ... AH29: =SUM(AH9:AH10,AH13:AH14) -> 81
B30: Guest floor% | D30: =D29/SUM(D28:D29)% -> 46.268657 | E30: =E29/SUM(E28:E29)% -> 46.153846 | F30: =F29/SUM(F28:F29)% -> 57.04698 | G30: =G29/SUM(G28:G29)% -> 56.424581 | H30: =H29/SUM(H28:H29)% -> 63.333333 | I30: =I29/SUM(I28:I29)% -> 57.342657 | J30: =J29/SUM(J28:J29)% -> 60.958904 | K30: =K29/SUM(K28:K29)% -> 56.969697 | ... AH30: =AH29/SUM(AH28:AH29)% -> 54

Sheet Section Load
B2: Transformer -1 | J2: Electrical | AR2: Boiler Running
AJ3: Gas consumption | AQ3: Boiler Running Hours
B4: HVAC | C4: Fire & Emergency PP | D4: Main PP | E4: Lighting PP | F4: CH-1+ CH2+CH3+CH4 | G4: Chilled water Pump | H4: Ball Room-1 | I4: Ball Room-2 | J4: MK-1 | K4: MK-2 | L4: Prato | M4: San- Qi Indian | N4: San- Qi Japanese | O4: The club | P4: AER | Q4: COLD ROOM'S | R4: Ball Room 1 | S4: Ball Room 2 | T4: B1 Laundry | U4: B2 Laundry | V4: STP | W4: MOCK Up Room | X4: 27th Floor | Y4: Physic57 | Z4: Pinoor Legal- Power+lighting | AA4: 2nd floor plant room | AB4: 5th Floor | AC4: 5th Floor | AD4: 12th Floor | AE4: 20th Floor | AF4: 27th Floor | AG4: 34th Floor | AH4: Sanqi | AI4: Cooling Tower | AJ4: MGL | AK4: HWG | AL4: Prato | AM4: BR-1 | AN4: SanQi IND | AO4: SanQi JPN | AP4: Boiler | AQ4: HWG | AR4: Boiler1 | AS4: Boiler2 | AT4: Boiler3 (400Kg) | AU4: Total
A5: 43862 | B5: =SUM('1'!G35,'1'!G49) -> 2996.04 | C5: =SUM('1'!H37,'1'!H51) -> 1437.83 | D5: =SUM('1'!G38,'1'!G52) -> 2015.04 | E5: =SUM('1'!G39,'1'!G53) -> 4103.76 | F5: =SUM('1'!G41,'1'!G42,'1'!G55,'1'!G56) -> 4366.51 | G5: =SUM('1'!G43,'1'!G57) -> 2272.96 | H5: ='1'!G50 -> 1021.36 | I5: ='1'!G36 -> 555.2 | J5: ='1'!G72 -> 84 | K5: ='1'!$G$73 -> 0 | L5: ='1'!$G$74 -> 23 | M5: ='1'!$G$75 -> 183 | N5: ='1'!$G$76 -> 74 | O5: ='1'!$G$77 -> 48 | P5: ='1'!$G$78 -> 334 | Q5: ='1'!$G$79 -> 205 | R5: ='1'!$G$80 -> 308 | S5: ='1'!$G$81 -> 76 | T5: ='1'!$G$82 -> 45 | U5: ='1'!$G$58 -> 174.52 | V5: ='1'!$G$83 -> 433 | W5: ='1'!G86 -> 124.36 | X5: ='1'!G87 -> 31.4 | Y5: ='1'!G88 -> 87 | Z5: ='1'!G89+'1'!G90 -> 75.9 | AA5: ='1'!$G$62 -> 0 | AB5: ='1'!$G$63 -> 14.46 | AC5: ='1'!$G$64 -> 445.63 | AD5: ='1'!$G$65 -> 382.9 | AE5: ='1'!$G$66 -> 390.09 | AF5: ='1'!$G$67 -> 657.86 | AG5: ='1'!$G$68 -> 327.79 | AH5: ='1'!$G$69 -> 319.9 | AI5: ='1'!$G$84 -> 521 | AJ5: ='1'!$G$15 -> 797.95 | AK5: ='1'!$G$123 -> 270.38 | AL5: ='1'!$G$124 -> 0 | AM5: ='1'!$G$125 -> 59 | AN5: ='1'!$G$126 -> 28.2 | AO5: ='1'!$G$127 -> 0 | AP5: =AJ5-SUM(AK5:AO5) -> 440.37 | AQ5: =SUM('1'!G139:G140) -> 7.95 | AR5: ='1'!$G$136 -> 7.89 | AS5: ='1'!$G$137 -> 0.4 | AT5: ='1'!$G$138 -> 0 | AU5: =SUM(AR5:AT5) -> 8.29
A6: 43863 | B6: =SUM('2'!G35,'2'!G49) -> 3058.91 | C6: =SUM('2'!G37,'2'!G51) -> 1441.43 | D6: =SUM('2'!G38,'2'!G52) -> 2022.29 | E6: =SUM('2'!G39,'2'!G53) -> 4158.97 | F6: =SUM('2'!G41,'2'!G42,'2'!G55,'2'!G56) -> 4172.58 | G6: =SUM('2'!G43,'2'!G57) -> 2260.13 | H6: ='2'!G50 -> 1036.33 | I6: ='2'!G36 -> 621.35 | J6: ='2'!G72 -> 84 | K6: ='2'!$G$73 -> 0 | L6: ='2'!$G$74 -> 27 | M6: ='2'!$G$75 -> 184 | N6: ='2'!$G$76 -> 73 | O6: ='2'!$G$77 -> 59 | P6: ='2'!$G$78 -> 380 | Q6: ='2'!$G$79 -> 196 | R6: ='2'!$G$80 -> 318 | S6: ='2'!$G$81 -> 102 | T6: ='2'!$G$82 -> 55 | U6: ='2'!$G$58 -> 153.57 | V6: ='2'!$G$83 -> 428 | W6: ='2'!G86 -> 141.64 | X6: ='2'!G87 -> 34.3 | Y6: ='2'!G88 -> 54 | Z6: ='2'!G89+'2'!G90 -> 95.2 | AA6: ='2'!$G$62 -> 0 | AB6: ='2'!$G$63 -> 15.01 | AC6: ='2'!$G$64 -> 435.91 | AD6: ='2'!$G$65 -> 377.99 | AE6: ='2'!$G$66 -> 404.17 | AF6: ='2'!$G$67 -> 670.61 | AG6: ='2'!$G$68 -> 341.35 | AH6: ='2'!$G$69 -> 310.39 | AI6: ='2'!$G$84 -> 534 | AJ6: ='2'!$G$15 -> 860.9 | AK6: ='2'!$G$123 -> 258.22 | AL6: ='2'!$G$124 -> 0 | AM6: ='2'!$G$125 -> 62 | AN6: ='2'!$G$126 -> 52.1 | AO6: ='2'!$G$127 -> 3 | AP6: =AJ6-SUM(AK6:AO6) -> 485.58 | AQ6: =SUM('2'!G139:G140) -> 7.63 | AR6: ='2'!$G$136 -> 8.73 | AS6: ='2'!$G$137 -> 0.19 | AT6: ='2'!$G$138 -> 0 | AU6: =SUM(AR6:AT6) -> 8.92
A7: 43864 | B7: =SUM('3'!G35,'3'!G49) -> 2582.33 | C7: =SUM('3'!G37,'3'!G51) -> 1532 | D7: =SUM('3'!G38,'3'!G52) -> 1949 | E7: =SUM('3'!G39,'3'!G53) -> 4269 | F7: =SUM('3'!G41,'3'!G42,'3'!G55,'3'!G56) -> 4011 | G7: =SUM('3'!G43,'3'!G57) -> 2293 | H7: ='3'!G50 -> 1386 | I7: ='3'!G36 -> 784 | J7: ='3'!G72 -> 88 | K7: ='3'!$G$73 -> 1 | L7: ='3'!$G$74 -> 24 | M7: ='3'!$G$75 -> 192 | N7: ='3'!$G$76 -> 89 | O7: ='3'!$G$77 -> 47 | P7: ='3'!$G$78 -> 425 | Q7: ='3'!$G$79 -> 203 | R7: ='3'!$G$80 -> 327 | S7: ='3'!$G$81 -> 104 | T7: ='3'!$G$82 -> 41 | U7: ='3'!$G$58 -> 170 | V7: ='3'!$G$83 -> 394 | W7: ='3'!G86 -> 146 | X7: ='1'!G87 -> 31.4 | Y7: ='3'!G88 -> 63 | Z7: ='3'!G89+'3'!G90 -> 66 | AA7: ='3'!$G$62 -> 0 | AB7: ='3'!$G$63 -> 15 | AC7: ='3'!$G$64 -> 418 | AD7: ='3'!$G$65 -> 374 | AE7: ='3'!$G$66 -> 419 | AF7: ='3'!$G$67 -> 725 | AG7: ='3'!$G$68 -> 331 | AH7: ='3'!$G$69 -> 313 | AI7: ='3'!$G$84 -> 457 | AJ7: ='3'!$G$15 -> 873 | AK7: ='3'!$G$123 -> 265 | AL7: ='3'!$G$124 -> 0 | AM7: ='3'!$G$125 -> 83 | AN7: ='3'!$G$126 -> 57 | AO7: ='3'!$G$127 -> 4 | AP7: =AJ7-SUM(AK7:AO7) -> 464 | AQ7: =SUM('3'!G139:G140) -> 7.78 | AR7: ='3'!$G$136 -> 3.42 | AS7: ='3'!$G$137 -> 4.47 | AT7: ='3'!$G$138 -> 0 | AU7: =SUM(AR7:AT7) -> 7.89
A8: 43865 | B8: =SUM('4'!G35,'4'!G49) -> 2607 | C8: =SUM('4'!G37,'4'!G51) -> 1509 | D8: =SUM('4'!G38,'4'!G52) -> 1911.12 | E8: =SUM('4'!G39,'4'!G53) -> 4148 | F8: =SUM('4'!G41,'4'!G42,'4'!G55,'4'!G56) -> 3732.9 | G8: =SUM('4'!G43,'4'!G57) -> 2251 | H8: ='4'!G50 -> 1085 | I8: ='4'!G36 -> 594 | J8: ='4'!G72 -> 83 | K8: ='4'!$G$73 -> 0 | L8: ='4'!$G$74 -> 32 | M8: ='4'!$G$74 -> 32 | N8: ='4'!$G$76 -> 87 | O8: ='4'!$G$77 -> 71 | P8: ='4'!$G$78 -> 432 | Q8: ='4'!$G$79 -> 193 | R8: ='4'!$G$80 -> 310 | S8: ='4'!$G$81 -> 95 | T8: ='4'!$G$82 -> 28 | U8: ='4'!$G$58 -> 179 | V8: ='4'!$G$83 -> 418 | W8: ='4'!G86 -> 133 | X8: ='4'!G87 -> 29 | Y8: ='4'!G88 -> 75 | Z8: ='4'!G89+'4'!G90 -> 83 | AA8: ='4'!$G$62 -> -0.001 | AB8: ='4'!$G$63 -> 14 | AC8: ='4'!$G$64 -> 419 | AD8: ='4'!$G$65 -> 371 | AE8: ='4'!$G$66 -> 396 | AF8: ='4'!$G$67 -> 701 | AG8: ='4'!$G$68 -> 343 | AH8: ='4'!$G$69 -> 296 | AI8: ='4'!$G$84 -> 474 | AJ8: ='4'!$G$15 -> 796 | AK8: ='4'!$G$123 -> 275 | AL8: ='4'!$G$124 -> 0 | AM8: ='4'!$G$125 -> 68 | AN8: ='4'!$G$126 -> 32 | AO8: ='4'!$G$127 -> 1 | AP8: =AJ8-SUM(AK8:AO8) -> 420 | AQ8: =SUM('4'!G139:G140) -> 8.05 | AR8: ='4'!$G$136 -> 5.23 | AS8: ='4'!$G$137 -> 2.17 | AT8: ='4'!$G$138 -> 0 | AU8: =SUM(AR8:AT8) -> 7.4
A9: 43866 | B9: =SUM('5'!G35,'5'!G49) -> 2649 | C9: =SUM('5'!G37,'5'!G51) -> 1458 | D9: =SUM('5'!G38,'5'!G52) -> 2075 | E9: =SUM('5'!G39,'5'!G53) -> 4228 | F9: =SUM('5'!G41,'5'!G42,'5'!G55,'5'!G56) -> 3652 | G9: =SUM('5'!G43,'5'!G57) -> 2265 | H9: ='5'!G50 -> 1105 | I9: ='5'!G36 -> 564 | J9: ='5'!G72 -> 70 | K9: ='5'!$G$73 -> 1 | L9: ='5'!$G$74 -> 28 | M9: ='5'!$G$75 -> 173 | N9: ='5'!$G$76 -> 84 | O9: ='5'!$G$77 -> 82 | P9: ='5'!$G$78 -> 399 | Q9: ='5'!$G$79 -> 193 | R9: ='5'!$G$80 -> 310 | S9: ='5'!$G$81 -> 100 | T9: ='5'!$G$82 -> 22 | U9: ='5'!$G$58 -> 143 | V9: ='5'!$G$83 -> 503 | W9: ='5'!G86 -> 112 | X9: ='5'!G87 -> 33 | Y9: ='5'!G88 -> 64 | Z9: ='5'!G89+'5'!G90 -> 104 | AA9: ='5'!$G$62 -> -0.188 | AB9: ='5'!$G$63 -> 15 | AC9: ='5'!$G$64 -> 452 | AD9: ='5'!$G$65 -> 370 | AE9: ='5'!$G$66 -> 388 | AF9: ='5'!$G$67 -> 710 | AG9: ='5'!$G$68 -> 344 | AH9: ='5'!$G$69 -> 297 | AI9: ='5'!$G$84 -> 467 | AJ9: ='5'!$G$15 -> 778 | AK9: ='5'!$G$123 -> 269 | AL9: ='5'!$G$124 -> 0 | AM9: ='5'!$G$125 -> 77 | AN9: ='5'!$G$126 -> 30 | AO9: ='5'!$G$127 -> 5 | AP9: =AJ9-SUM(AK9:AO9) -> 397 | AQ9: =SUM('5'!G139:G140) -> 7.38 | AR9: ='5'!$G$136 -> 5.99 | AS9: ='5'!$G$137 -> 0.61 | AT9: ='5'!$G$138 -> 0 | AU9: =SUM(AR9:AT9) -> 6.6
A10: 43867 | B10: =SUM('6'!G35,'6'!G49) -> 2648 | C10: =SUM('6'!G37,'6'!G51) -> 1509 | D10: =SUM('6'!G38,'6'!G52) -> 2000 | E10: =SUM('6'!G39,'6'!G53) -> 4153 | F10: =SUM('6'!G41,'6'!G42,'6'!G55,'6'!G56) -> 3905 | G10: =SUM('6'!G43,'6'!G57) -> 2282 | H10: ='6'!G50 -> 1480 | I10: ='6'!G36 -> 729 | J10: ='6'!G72 -> 67 | K10: ='6'!$G$73 -> 0 | L10: ='6'!$G$74 -> 30 | M10: ='6'!$G$75 -> 171 | N10: ='6'!$G$76 -> 81 | O10: ='6'!$G$77 -> 64 | P10: ='6'!$G$78 -> 468 | Q10: ='6'!$G$79 -> 203 | R10: ='6'!$G$80 -> 308 | S10: ='6'!$G$81 -> 104 | T10: ='6'!$G$82 -> 21 | U10: ='6'!$G$58 -> 158 | V10: ='6'!$G$83 -> 485 | W10: ='6'!G86 -> 159 | X10: ='6'!G87 -> 20 | Y10: ='6'!G88 -> 63 | Z10: ='6'!G89+'6'!G90 -> 51 | AA10: ='6'!$G$62 -> 0 | AB10: ='6'!$G$63 -> 14 | AC10: ='6'!$G$64 -> 405 | AD10: ='6'!$G$65 -> 367 | AE10: ='6'!$G$66 -> 393 | AF10: ='6'!$G$67 -> 715 | AG10: ='6'!$G$68 -> 355 | AH10: ='6'!$G$69 -> 280 | AI10: ='6'!$G$84 -> 477 | AJ10: ='6'!$G$15 -> 814 | AK10: ='6'!$G$123 -> 288 | AL10: ='6'!$G$124 -> 0 | AM10: ='6'!$G$125 -> 63 | AN10: ='6'!$G$126 -> 43 | AO10: ='6'!$G$127 -> 3 | AP10: =AJ10-SUM(AK10:AO10) -> 417 | AQ10: =SUM('6'!G139:G140) -> 8.99 | AR10: ='6'!$G$136 -> 4.8 | AS10: ='6'!$G$137 -> 2.25 | AT10: ='6'!$G$138 -> 0 | AU10: =SUM(AR10:AT10) -> 7.05
A11: 43868 | B11: =SUM('7'!G35,'7'!G49) -> 2499.67 | C11: =SUM('7'!G37,'7'!G51) -> 1427 | D11: =SUM('7'!G38,'7'!G52) -> 2118 | E11: =SUM('7'!G39,'7'!G53) -> 4176 | F11: =SUM('7'!G41,'7'!G42,'7'!G55,'7'!G56) -> 3495.98 | G11: =SUM('7'!G43,'7'!G57) -> 2319 | H11: ='7'!G50 -> 1109 | I11: ='7'!G36 -> 577.81 | J11: ='7'!G72 -> 82 | K11: ='7'!$G$73 -> 0 | L11: ='7'!$G$74 -> 24 | M11: ='7'!$G$75 -> 179 | N11: ='7'!$G$76 -> 87 | O11: ='7'!$G$77 -> 51 | P11: ='7'!$G$78 -> 458 | Q11: ='7'!$G$79 -> 194 | R11: ='7'!$G$80 -> 317 | S11: ='7'!$G$81 -> 103 | T11: ='7'!$G$82 -> 26 | U11: ='7'!$G$58 -> 169 | V11: ='7'!$G$83 -> 481 | W11: ='7'!G86 -> 114 | X11: ='7'!G87 -> 0.5 | Y11: ='7'!G88 -> 30 | Z11: ='7'!G89+'7'!G90 -> 49 | AA11: ='7'!$G$62 -> 0 | AB11: ='7'!$G$63 -> 14 | AC11: ='7'!$G$64 -> 374.6 | AD11: ='7'!$G$65 -> 378.67 | AE11: ='7'!$G$66 -> 409 | AF11: ='7'!$G$67 -> 727.99 | AG11: ='7'!$G$68 -> 330 | AH11: ='7'!$G$69 -> 310 | AI11: ='7'!$G$84 -> 466 | AJ11: ='7'!$G$15 -> 844.45 | AK11: ='7'!$G$123 -> 296 | AL11: ='7'!$G$124 -> 1.4 | AM11: ='7'!$G$125 -> 60.97 | AN11: ='7'!$G$126 -> 40 | AO11: ='7'!$G$127 -> 2 | AP11: =AJ11-SUM(AK11:AO11) -> 444.08 | AQ11: =SUM('7'!G139:G140) -> 8.63 | AR11: ='7'!$G$136 -> 7.92 | AS11: ='7'!$G$137 -> -0.03 | AT11: ='7'!$G$138 -> 0 | AU11: =SUM(AR11:AT11) -> 7.89
A12: 43869 | B12: =SUM('8'!G35,'8'!G49) -> 2518.24 | C12: =SUM('8'!G37,'8'!G51) -> 1776.19 | D12: =SUM('8'!G38,'8'!G52) -> 2039.63 | E12: =SUM('8'!G39,'8'!G53) -> 4170.29 | F12: =SUM('8'!G41,'8'!G42,'8'!G55,'8'!G56) -> 3857.89 | G12: =SUM('8'!G43,'8'!G57) -> 2339.67 | H12: ='8'!G50 -> 1081 | I12: ='8'!G36 -> 628.6 | J12: ='8'!G72 -> 67 | K12: ='8'!$G$73 -> 0 | L12: ='8'!$G$74 -> 23 | M12: ='8'!$G$75 -> 178 | N12: ='8'!$G$76 -> 95 | O12: ='8'!$G$77 -> 49 | P12: ='8'!$G$78 -> 413 | Q12: ='8'!$G$79 -> 170 | R12: ='8'!$G$80 -> 264.96 | S12: ='8'!$G$81 -> 89 | T12: ='8'!$G$82 -> 24.8 | U12: ='8'!$G$58 -> 201.56 | V12: ='8'!$G$83 -> 484 | W12: ='8'!G86 -> 131 | X12: ='8'!G87 -> 32 | Y12: ='8'!G88 -> 65.56 | Z12: ='8'!G89+'8'!G90 -> 68 | AA12: ='8'!$G$62 -> 0 | AB12: ='8'!$G$63 -> 14 | AC12: ='8'!$G$64 -> 418.4 | AD12: ='8'!$G$65 -> 388.9 | AE12: ='8'!$G$66 -> 393 | AF12: ='8'!$G$67 -> 697.54 | AG12: ='8'!$G$68 -> 344 | AH12: ='8'!$G$69 -> 284 | AI12: ='8'!$G$84 -> 476 | AJ12: ='8'!$G$15 -> 816.28 | AK12: ='8'!$G$123 -> 274.98 | AL12: ='8'!$G$124 -> 0 | AM12: ='8'!$G$125 -> 56.75 | AN12: ='8'!$G$126 -> 32.3 | AO12: ='8'!$G$127 -> 2 | AP12: =AJ12-SUM(AK12:AO12) -> 450.25 | AQ12: =SUM('8'!G139:G140) -> 8 | AR12: ='8'!$G$136 -> 8.63 | AS12: ='8'!$G$137 -> 0.03 | AT12: ='8'!$G$138 -> 0 | AU12: =SUM(AR12:AT12) -> 8.66
A13: 43870 | B13: =SUM('9'!G35,'9'!G49) -> 2513.92 | C13: =SUM('9'!G37,'9'!G51) -> 1433.25 | D13: =SUM('9'!G38,'9'!G52) -> 1896.54 | E13: =SUM('9'!G39,'9'!G53) -> 4116.22 | F13: =SUM('9'!G41,'9'!G42,'9'!G55,'9'!G56) -> 3536 | G13: =SUM('9'!G43,'9'!G57) -> 2539.33 | H13: ='9'!G50 -> 1173 | I13: ='9'!G36 -> 645.4 | J13: ='9'!G72 -> 50 | K13: ='9'!$G$73 -> 0 | L13: ='9'!$G$74 -> 24 | M13: ='9'!$G$75 -> 175 | N13: ='9'!$G$76 -> 143 | O13: ='9'!$G$77 -> 44 | P13: ='9'!$G$78 -> 412 | Q13: ='9'!$G$79 -> 190 | R13: ='9'!$G$80 -> 286.04 | S13: ='9'!$G$81 -> 102.92 | T13: ='9'!$G$82 -> 32.02 | U13: ='9'!$G$58 -> 100.23 | V13: ='9'!$G$83 -> 413 | W13: ='9'!G86 -> 134.8 | X13: ='9'!G87 -> 35.8 | Y13: ='9'!G88 -> 50.44 | Z13: ='9'!G89+'9'!H90 -> 65 | AA13: ='9'!$G$62 -> 0 | AB13: ='9'!$G$63 -> 13.25 | AC13: ='9'!$G$64 -> 406 | AD13: ='9'!$G$65 -> 377.31 | AE13: ='9'!$G$66 -> 378 | AF13: ='9'!$G$67 -> 693.47 | AG13: ='9'!$G$68 -> 343 | AH13: ='9'!$G$69 -> 276 | AI13: ='9'!$G$84 -> 482 | AJ13: ='9'!$G$15 -> 637.05 | AK13: ='9'!$G$123 -> 310.02 | AL13: ='9'!$G$124 -> 0 | AM13: ='9'!$G$125 -> 47.86 | AN13: ='9'!$G$126 -> 31.7 | AO13: ='9'!$G$127 -> 1.8 | AP13: =AJ13-SUM(AK13:AO13) -> 245.67 | AQ13: =SUM('9'!G139:G140) -> 9 | AR13: ='9'!$G$136 -> 0.25 | AS13: ='9'!$G$137 -> -0.03 | AT13: ='9'!$G$138 -> 9.08 | AU13: =SUM(AR13:AT13) -> 9.3
A14: 43871 | B14: =SUM('10'!G35,'10'!G49) -> 2661.17 | C14: =SUM('10'!G37,'10'!G51) -> 1454.97 | D14: =SUM('10'!G38,'10'!G52) -> 1901.54 | E14: =SUM('10'!G39,'10'!G53) -> 4189.47 | F14: =SUM('10'!G41,'10'!G42,'10'!G55,'10'!G56) -> 3867.4 | G14: =SUM('10'!G43,'10'!G57) -> 2548 | H14: ='10'!G50 -> 1043 | I14: ='10'!G36 -> 614.08 | J14: ='10'!G72 -> 44 | K14: ='10'!$G$73 -> 0 | L14: ='10'!$G$74 -> 15.21 | M14: ='10'!$G$75 -> 183.85 | N14: ='10'!$G$76 -> 80.05 | O14: ='10'!$G$77 -> 48 | P14: ='10'!$G$78 -> 433 | Q14: ='10'!$G$79 -> 185 | R14: ='10'!$G$80 -> 284.76 | S14: ='10'!$G$81 -> 103.08 | T14: ='10'!$G$82 -> 25.16 | U14: ='10'!$G$58 -> 197.63 | V14: ='10'!$G$83 -> 262 | W14: ='10'!G86 -> 147.2 | X14: ='10'!G87 -> 36.1 | Y14: ='10'!G88 -> 83 | Z14: ='10'!G87+'10'!H90 -> 49.8 | AA14: ='10'!$G$62 -> 0 | AB14: ='10'!$G$63 -> 12.45 | AC14: ='10'!$G$64 -> 440.71 | AD14: ='10'!$G$65 -> 374.12 | AE14: ='10'!$G$66 -> 374 | AF14: ='10'!$G$67 -> 725 | AG14: ='10'!$G$68 -> 345 | AH14: ='10'!$G$69 -> 295.8 | AI14: ='10'!$G$84 -> 496 | AJ14: ='10'!$G$15 -> 899.1 | AK14: ='10'!$G$123 -> 286 | AL14: ='10'!$G$124 -> 0 | AM14: ='10'!$G$125 -> 78.26 | AN14: ='10'!$G$126 -> 32 | AO14: ='10'!$G$127 -> 1.2 | AP14: =AJ14-SUM(AK14:AO14) -> 501.64 | AQ14: =SUM('10'!G139:G140) -> 8.38 | AR14: ='10'!$G$136 -> 8.62 | AS14: ='10'!$G$137 -> 0 | AT14: ='10'!$G$138 -> 2.03 | AU14: =SUM(AR14:AT14) -> 10.65
A15: 43872 | B15: =SUM('11'!G35,'11'!G49) -> 2358 | C15: =SUM('11'!G37,'11'!G51) -> 1472.32 | D15: =SUM('11'!G38,'11'!G52) -> 1831 | E15: =SUM('11'!G39,'11'!G53) -> 4103.53 | F15: =SUM('11'!G41,'11'!G42,'11'!G55,'11'!G56) -> 4051.6 | G15: =SUM('11'!G43,'11'!G57) -> 2543 | H15: ='11'!G50 -> 1038.71 | I15: ='11'!G36 -> 697.11 | J15: ='11'!G72 -> 50 | K15: ='11'!$G$73 -> 1 | L15: ='11'!$G$74 -> 15.12 | M15: ='11'!$G$75 -> 171.48 | N15: ='11'!$G$76 -> 60.67 | O15: ='11'!$G$77 -> 58 | P15: ='11'!$G$78 -> 434 | Q15: ='11'!$G$79 -> 186 | R15: ='11'!$G$80 -> 318.16 | S15: ='11'!$G$81 -> 122.52 | T15: ='11'!$G$82 -> 23.48 | U15: ='11'!$G$58 -> 167.58 | V15: ='11'!$G$83 -> 306 | W15: ='11'!G86 -> 114.88 | X15: ='11'!G87 -> 30.9 | Y15: ='11'!G88 -> 67.7 | Z15: ='11'!G87+'11'!H90 -> 34.6 | AA15: ='11'!$G$62 -> 0 | AB15: ='11'!$G$63 -> 12.3 | AC15: ='11'!$G$64 -> 394.29 | AD15: ='11'!$G$65 -> 370 | AE15: ='11'!$G$66 -> 381 | AF15: ='11'!$G$67 -> 708 | AG15: ='11'!$G$68 -> 322 | AH15: ='11'!$G$69 -> 312.2 | AI15: ='11'!$G$84 -> 447 | AJ15: ='11'!$G$15 -> 887.12 | AK15: ='11'!$G$123 -> 302.86 | AL15: ='11'!$G$124 -> 0 | AM15: ='11'!$G$125 -> 65.02 | AN15: ='11'!$G$126 -> 38.8 | AO15: ='11'!$G$127 -> 0 | AP15: =AJ15-SUM(AK15:AO15) -> 480.44 | AQ15: =SUM('11'!G139:G140) -> 9.41 | AR15: ='11'!$G$136 -> 7.84 | AS15: ='11'!$G$137 -> 0 | AT15: ='11'!$G$138 -> 3 | AU15: =SUM(AR15:AT15) -> 10.84
A16: 43873 | B16: =SUM('12'!G35,'12'!G49) -> 2407.08 | C16: =SUM('12'!G37,'12'!G51) -> 1504.2 | D16: =SUM('12'!G38,'12'!G52) -> 1990.94 | E16: =SUM('12'!G39,'12'!G53) -> 4063.9 | F16: =SUM('12'!G41,'12'!G42,'12'!G55,'12'!G56) -> 4885.574 | G16: =SUM('12'!G43,'12'!G57) -> 2400.03 | H16: ='12'!G50 -> 1046.04 | I16: ='12'!G36 -> 611.75 | J16: ='12'!G72 -> 100 | K16: ='12'!$G$73 -> 3 | L16: ='12'!$G$74 -> 14.78 | M16: ='12'!$G$75 -> 182.45 | N16: ='12'!$G$76 -> 81.21 | O16: ='12'!$G$77 -> 54 | P16: ='12'!$G$78 -> 368 | Q16: ='12'!$G$79 -> 174 | R16: ='12'!$G$80 -> 295.52 | S16: ='12'!$G$81 -> 103.92 | T16: ='12'!$G$82 -> 23.23 | U16: ='12'!$G$58 -> 180.08 | V16: ='12'!$G$83 -> 303 | W16: ='12'!G86 -> 119.04 | X16: ='12'!G87 -> 27.3 | Y16: ='12'!G88 -> 75.46 | Z16: ='12'!G87+'12'!H90 -> 32 | AA16: ='12'!$G$62 -> 0 | AB16: ='12'!$G$63 -> 7.87 | AC16: ='12'!$G$64 -> 424.59 | AD16: ='12'!$G$65 -> 376.2 | AE16: ='12'!$G$66 -> 359.145 | AF16: ='12'!$G$67 -> 665.71 | AG16: ='12'!$G$68 -> 349.86 | AH16: ='12'!$G$69 -> 306.55 | AI16: ='12'!$G$84 -> 348 | AJ16: ='12'!$G$15 -> 914.918 | AK16: ='12'!$G$123 -> 274.02 | AL16: ='12'!$G$124 -> 0 | AM16: ='12'!$G$125 -> 78.14 | AN16: ='12'!$G$126 -> 37.7 | AO16: ='12'!$G$127 -> 3.4 | AP16: =AJ16-SUM(AK16:AO16) -> 521.658 | AQ16: =SUM('12'!G139:G140) -> 6.81 | AR16: ='12'!$G$136 -> 8.86 | AS16: ='12'!$G$137 -> 0.03 | AT16: ='12'!$G$138 -> 5.52 | AU16: =SUM(AR16:AT16) -> 14.41 | AW16: =AK16-AM16 -> 195.88
A17: 43874 | B17: =SUM('13'!G35,'13'!G49) -> 2703.72 | C17: =SUM('13'!G37,'13'!G51) -> 1599.92 | D17: =SUM('13'!G38,'13'!G52) -> 2319.92 | E17: =SUM('13'!G39,'13'!G53) -> 4383.8 | F17: =SUM('13'!G41,'13'!G42,'13'!G55,'13'!G56) -> 4412.46 | G17: =SUM('13'!G43,'13'!G57) -> 2375.49 | H17: ='13'!G50 -> 1132.16 | I17: ='13'!G36 -> 685.58 | J17: ='13'!G72 -> 87 | K17: ='13'!$G$73 -> 3 | L17: ='13'!$G$74 -> 23.935 | M17: ='13'!$G$75 -> 190.3 | N17: ='13'!$G$76 -> 81.1 | O17: ='13'!$G$77 -> 55 | P17: ='13'!$G$78 -> 416 | Q17: ='13'!$G$79 -> 215 | R17: ='13'!$G$80 -> 314.24 | S17: ='13'!$G$81 -> 127.68 | T17: ='13'!$G$82 -> 27.33 | U17: ='13'!$G$58 -> 193.89 | V17: ='13'!$G$83 -> 561 | W17: ='13'!G86 -> 107.52 | X17: ='13'!G87 -> 25.4 | Y17: ='13'!G88 -> 75.83 | Z17: ='13'!G87+'13'!H90 -> 26.4 | AA17: ='13'!$G$62 -> 0.18 | AB17: ='13'!$G$63 -> 13.38 | AC17: ='13'!$G$64 -> 400.85 | AD17: ='13'!$G$65 -> 392.64 | AE17: ='13'!$G$66 -> 399.958 | AF17: ='13'!$G$67 -> 714.62 | AG17: ='13'!$G$68 -> 366.91 | AH17: ='13'!$G$69 -> 319.49 | AI17: ='13'!$G$84 -> 512 | AJ17: ='13'!$G$15 -> 1043.67 | AK17: ='13'!$G$123 -> 293.52 | AL17: ='13'!$G$124 -> 0 | AM17: ='13'!$G$125 -> 99.25 | AN17: ='13'!$G$126 -> 48.8 | AO17: ='13'!$G$127 -> 4.9 | AP17: =AJ17-SUM(AK17:AO17) -> 597.2 | AQ17: =SUM('13'!G139:G140) -> 8.51 | AR17: ='13'!$G$136 -> 9.3 | AS17: ='13'!$G$137 -> 0 | AT17: ='13'!$G$138 -> 2.97 | AU17: =SUM(AR17:AT17) -> 12.27 | AW17: =AK17-AP17 -> -303.68
A18: 43875 | B18: =SUM('14'!G35,'14'!G49) -> 2968.2 | C18: =SUM('14'!G37,'14'!G51) -> 1580.23 | D18: =SUM('14'!G38,'14'!G52) -> 2441.06 | E18: =SUM('14'!G39,'14'!G53) -> 4655.14 | F18: =SUM('14'!G41,'14'!G42,'14'!G55,'14'!G56) -> 5638.755 | G18: =SUM('14'!G43,'14'!G57) -> 2360.08 | H18: ='14'!G50 -> 1369.28 | I18: ='14'!G36 -> 864.62 | J18: ='14'!G72 -> 103 | K18: ='14'!$G$73 -> 1 | L18: ='14'!$G$74 -> 61.495 | M18: ='14'!$G$75 -> 207.68 | N18: ='14'!$G$76 -> 90.51 | O18: ='14'!$G$77 -> 54 | P18: ='14'!$G$78 -> 454 | Q18: ='14'!$G$79 -> 192 | R18: ='14'!$G$80 -> 386.88 | S18: ='14'!$G$81 -> 135.2 | T18: ='14'!$G$82 -> 26.93 | U18: ='14'!$G$58 -> 225.37 | V18: ='14'!$G$83 -> 490 | W18: ='14'!G86 -> 22 | X18: ='14'!G87 -> 10.5 | Y18: ='14'!G88 -> 41.82 | Z18: ='14'!G87+'14'!H90 -> 11.5 | AA18: ='14'!$G$62 -> 0 | AB18: ='14'!$G$63 -> 13.23 | AC18: ='14'!$G$64 -> 391.26 | AD18: ='14'!$G$65 -> 404.09 | AE18: ='14'!$G$66 -> 402.837 | AF18: ='14'!$G$67 -> 738.36 | AG18: ='14'!$G$68 -> 357.767 | AH18: ='14'!$G$69 -> 312.35 | AI18: ='14'!$G$84 -> 498 | AJ18: ='14'!$G$15 -> 1135.493 | AK18: ='14'!$G$123 -> 307.53 | AL18: ='14'!$G$124 -> 0 | AM18: ='14'!$G$125 -> 112.34 | AN18: ='14'!$G$126 -> 52.1 | AO18: ='14'!$G$127 -> 8.5 | AP18: =AJ18-SUM(AK18:AO18) -> 655.023 | AQ18: =SUM('14'!G139:G140) -> 8.95 | AR18: ='14'!$G$136 -> 9.97 | AS18: ='14'!$G$137 -> 0 | AT18: ='14'!$G$138 -> 7.41 | AU18: =SUM(AR18:AT18) -> 17.38 | AW18: =AK18-AP18 -> -347.493
A19: 43876 | B19: =SUM('15'!G35,'15'!G49) -> 2919.76 | C19: =SUM('15'!G37,'15'!G51) -> 1580.09 | D19: =SUM('15'!G38,'15'!G52) -> 2468.9 | E19: =SUM('15'!G39,'15'!G53) -> 4654.59 | F19: =SUM('15'!G41,'15'!G42,'15'!G55,'15'!G56) -> 5582.971 | G19: =SUM('15'!G43,'15'!G57) -> 2346.16 | H19: ='15'!G50 -> 1990 | I19: ='15'!G36 -> 941.52 | J19: ='15'!G72 -> 93 | K19: ='15'!$G$73 -> 1 | L19: ='15'!$G$74 -> 63.38 | M19: ='15'!$G$75 -> 209.36 | N19: ='15'!$G$76 -> 79.01 | O19: ='15'!$G$77 -> 54 | P19: ='15'!$G$78 -> 401 | Q19: ='15'!$G$79 -> 211 | R19: ='15'!$G$80 -> 412.96 | S19: ='15'!$G$81 -> 139.72 | T19: ='15'!$G$82 -> 28.06 | U19: ='15'!$G$58 -> 286.33 | V19: ='15'!$G$83 -> 538 | W19: ='15'!G86 -> 104.4 | X19: ='15'!G87 -> 34.3 | Y19: ='15'!G88 -> 77.08 | Z19: ='15'!G87+'15'!H90 -> 38.3 | AA19: ='15'!$G$62 -> 0 | AB19: ='15'!$G$63 -> 12.22 | AC19: ='15'!$G$64 -> 426.88 | AD19: ='15'!$G$65 -> 404.42 | AE19: ='15'!$G$66 -> 400.69 | AF19: ='15'!$G$67 -> 714.48 | AG19: ='15'!$G$68 -> 337.843 | AH19: ='15'!$G$69 -> 305.82 | AI19: ='15'!$G$84 -> 536 | AJ19: ='15'!$G$15 -> 1235.289 | AK19: ='15'!$G$123 -> 276.41 | AL19: ='15'!$G$124 -> 0 | AM19: ='15'!$G$125 -> 135.35 | AN19: ='15'!$G$126 -> 41.5 | AO19: ='15'!$G$127 -> 5.5 | AP19: =AJ19-SUM(AK19:AO19) -> 776.529 | AQ19: =SUM('15'!G139:G140) -> 7.79 | AR19: ='15'!$G$136 -> 10.5 | AS19: ='15'!$G$137 -> 4.26 | AT19: ='15'!$G$138 -> 0.69 | AU19: =SUM(AR19:AT19) -> 15.45 | AW19: =AK19-AP19 -> -500.119
A20: 43877 | B20: =SUM('16'!G35,'16'!G49) -> 3038.52 | C20: =SUM('16'!G37,'16'!G51) -> 1517.11 | D20: =SUM('16'!G38,'16'!G52) -> 2233.65 | E20: =SUM('16'!G39,'16'!G53) -> 4228.12 | F20: =SUM('16'!G41,'16'!G42,'16'!G55,'16'!G56) -> 4709.02 | G20: =SUM('16'!G43,'16'!G57) -> 2361.36 | H20: ='16'!G50 -> 1255 | I20: ='16'!G36 -> 957.28 | J20: ='16'!G72 -> 96 | K20: ='16'!$G$73 -> 1 | L20: ='16'!$G$74 -> 49.52 | M20: ='16'!$G$75 -> 202.61 | N20: ='16'!$G$76 -> 72.6 | O20: ='16'!$G$77 -> 54 | P20: ='16'!$G$78 -> 383 | Q20: ='16'!$G$79 -> 212 | R20: ='16'!$G$80 -> 391.48 | S20: ='16'!$G$81 -> 120.96 | T20: ='16'!$G$82 -> 26.43 | U20: ='16'!$G$58 -> 210.53 | V20: ='16'!$G$83 -> 497 | W20: ='16'!G86 -> 108.2 | X20: ='16'!G87 -> 20.2 | Y20: ='16'!G88 -> 80.02 | Z20: ='16'!G87+'16'!H90 -> 25 | AA20: ='16'!$G$62 -> 0 | AB20: ='16'!$G$63 -> 11.93 | AC20: ='16'!$G$64 -> 432.27 | AD20: ='16'!$G$65 -> 401.57 | AE20: ='16'!$G$66 -> 409.76 | AF20: ='16'!$G$67 -> 678.08 | AG20: ='16'!$G$68 -> 314.8 | AH20: ='16'!$G$69 -> 302.35 | AI20: ='16'!$G$84 -> 659 | AJ20: ='16'!$G$15 -> 1012.57 | AK20: ='16'!$G$123 -> 274.44 | AL20: ='16'!$G$124 -> 0 | AM20: ='16'!$G$125 -> 87.94 | AN20: ='16'!$G$126 -> 24.8 | AO20: ='16'!$G$127 -> 2.1 | AP20: =AJ20-SUM(AK20:AO20) -> 623.29 | AQ20: =SUM('16'!G139:G140) -> 7.89 | AR20: ='16'!$G$136 -> 10.34 | AS20: ='16'!$G$137 -> 0 | AT20: ='16'!$G$138 -> 4.59 | AU20: =SUM(AR20:AT20) -> 14.93 | AW20: =AK20-AP20 -> -348.85
A21: 43878 | B21: =SUM('17'!G35,'17'!G49) -> 2711.64 | C21: =SUM('17'!G37,'17'!G51) -> 1476.62 | D21: =SUM('17'!G38,'17'!G52) -> 2001.39 | E21: =SUM('17'!G39,'17'!G53) -> 4187.63 | F21: =SUM('17'!G41,'17'!G42,'17'!G55,'17'!G56) -> 4529.17 | G21: =SUM('17'!G43,'17'!G57) -> 2334.8 | H21: ='18'!G50 -> 1128.56 | I21: ='18'!G36 -> 883.8 | J21: ='18'!G72 -> 65 | K21: ='17'!$G$73 -> 0 | L21: ='17'!$G$74 -> 52.42 | M21: ='17'!$G$75 -> 190.22 | N21: ='17'!$G$76 -> 77.5 | O21: ='17'!$G$77 -> 54 | P21: ='17'!$G$78 -> 362 | Q21: ='17'!$G$79 -> 192 | R21: ='17'!$G$80 -> 341.96 | S21: ='17'!$G$81 -> 91.16 | T21: ='17'!$G$82 -> 28.88 | U21: ='17'!$G$58 -> 201.11 | V21: ='17'!$G$83 -> 450 | W21: ='17'!G86 -> 58.96 | X21: ='17'!G87 -> 30.7 | Y21: ='17'!G88 -> 82.99 | Z21: ='17'!G87+'17'!H90 -> 34.2 | AA21: ='17'!$G$62 -> 0 | AB21: ='17'!$G$63 -> 13.72 | AC21: ='17'!$G$64 -> 429.93 | AD21: ='17'!$G$65 -> 403.89 | AE21: ='17'!$G$66 -> 394.95 | AF21: ='17'!$G$67 -> 678.64 | AG21: ='17'!$G$68 -> 338.99 | AH21: ='17'!$G$69 -> 307.69 | AI21: ='17'!$G$84 -> 482 | AJ21: ='17'!$G$15 -> 930.51 | AK21: ='17'!$G$123 -> 259.15 | AL21: ='17'!$G$124 -> 0 | AM21: ='17'!$G$125 -> 67.6 | AN21: ='17'!$G$126 -> 16.1 | AO21: ='17'!$G$127 -> 4.7 | AP21: =AJ21-SUM(AK21:AO21) -> 582.96 | AQ21: =SUM('17'!G139:G140) -> 7.47 | AR21: ='17'!$G$136 -> 9.65 | AS21: ='17'!$G$137 -> 0 | AT21: ='17'!$G$138 -> 4.31 | AU21: =SUM(AR21:AT21) -> 13.96 | AW21: =AK21-AP21 -> -323.81
A22: 43879 | B22: =SUM('18'!G35,'18'!G49) -> 2740.16 | C22: =SUM('18'!G37,'18'!G51) -> 1468.93 | D22: =SUM('18'!G38,'18'!G52) -> 2050.54 | E22: =SUM('18'!G39,'18'!G53) -> 4281.18 | F22: =SUM('18'!G41,'18'!G42,'18'!G55,'18'!G56) -> 4586.87 | G22: =SUM('18'!G43,'18'!G57) -> 2334.16 | H22: ='18'!G50 -> 1128.56 | I22: ='18'!G36 -> 883.8 | J22: ='18'!G72 -> 65 | K22: ='18'!$G$73 -> 0 | L22: ='18'!$G$74 -> 52.02 | M22: ='18'!$G$75 -> 200.06 | N22: ='18'!$G$76 -> 87.44 | O22: ='18'!$G$77 -> 51 | P22: ='18'!$G$78 -> 370 | Q22: ='18'!$G$79 -> 176 | R22: ='18'!$G$80 -> 337.04 | S22: ='18'!$G$81 -> 94.84 | T22: ='18'!$G$82 -> 20.68 | U22: ='18'!$G$58 -> 214.38 | V22: ='18'!$G$83 -> 499 | W22: ='18'!G86 -> 129 | X22: ='18'!G87 -> 30.3 | Y22: ='18'!G88 -> 76.1 | Z22: ='18'!G87+'18'!H90 -> 34.1 | AA22: ='18'!$G$62 -> 0 | AB22: ='18'!$G$63 -> 13.37 | AC22: ='18'!$G$64 -> 429.2 | AD22: ='18'!$G$65 -> 397.29 | AE22: ='18'!$G$66 -> 398.94 | AF22: ='18'!$G$67 -> 665.11 | AG22: ='18'!$G$68 -> 390.13 | AH22: ='18'!$G$69 -> 316.02 | AI22: ='18'!$G$84 -> 482 | AJ22: ='18'!$G$15 -> 840.14 | AK22: ='18'!$G$123 -> 260.41 | AL22: ='18'!$G$124 -> 0 | AM22: ='18'!$G$125 -> 77.27 | AN22: ='18'!$G$126 -> 25.7 | AO22: ='18'!$G$127 -> 1.1 | AP22: =AJ22-SUM(AK22:AO22) -> 475.66 | AQ22: =SUM('18'!G139:G140) -> 7.56 | AR22: ='18'!$G$136 -> 5.66 | AS22: ='18'!$G$137 -> 2.27 | AT22: ='18'!$G$138 -> 4.38 | AU22: =SUM(AR22:AT22) -> 12.31 | AW22: =AK22-AP22 -> -215.25
A23: 43880 | B23: =SUM('19'!G35,'19'!G49) -> 2680.92 | C23: =SUM('19'!G37,'19'!G51) -> 1478.17 | D23: =SUM('19'!G38,'19'!G52) -> 1916.89 | E23: =SUM('19'!G39,'19'!G53) -> 4163.13 | F23: =SUM('19'!G41,'19'!G42,'19'!G55,'19'!G56) -> 4133.31 | G23: =SUM('19'!G43,'19'!G57) -> 2308.92 | H23: ='19'!G50 -> 1435.97 | I23: ='19'!G36 -> 664.45 | J23: ='19'!G72 -> 71 | K23: ='19'!$G$73 -> 0 | L23: ='19'!$G$74 -> 29.22 | M23: ='19'!$G$75 -> 160.39 | N23: ='19'!$G$76 -> 69.06 | O23: ='19'!$G$77 -> 52 | P23: ='19'!$G$78 -> 333 | Q23: ='19'!$G$79 -> 178 | R23: ='19'!$G$80 -> 344 | S23: ='19'!$G$81 -> 108 | T23: ='19'!$G$82 -> 25 | U23: ='19'!$G$58 -> 219.31 | V23: ='19'!$G$83 -> 355 | W23: ='19'!G86 -> 142 | X23: ='19'!G87 -> 25 | Y23: ='19'!G88 -> 93 | Z23: ='19'!G87+'19'!H90 -> 29.8 | AA23: ='19'!$G$62 -> 0.02 | AB23: ='19'!$G$63 -> 13.28 | AC23: ='19'!$G$64 -> 412.02 | AD23: ='19'!$G$65 -> 402.9 | AE23: ='19'!$G$66 -> 405.72 | AF23: ='19'!$G$67 -> 639 | AG23: ='19'!$G$68 -> 342.7 | AH23: ='19'!$G$69 -> 311.73 | AI23: ='19'!$G$84 -> 499 | AJ23: ='19'!$G$15 -> 881.41 | AK23: ='19'!$G$123 -> 241.66 | AL23: ='19'!$G$124 -> -0.4 | AM23: ='19'!$G$125 -> 89.25 | AN23: ='19'!$G$126 -> 23.5 | AO23: ='19'!$G$127 -> 1.8 | AP23: =AJ23-SUM(AK23:AO23) -> 525.6 | AQ23: =SUM('19'!G139:G140) -> 6.97 | AR23: ='19'!$G$136 -> 8.1 | AS23: ='19'!$G$137 -> 0 | AT23: ='19'!$G$138 -> 2.84 | AU23: =SUM(AR23:AT23) -> 10.94 | AW23: =AK23-AP23 -> -283.94
A24: 43881 | B24: =SUM('20'!G35,'20'!G49) -> 2854 | C24: =SUM('20'!G37,'20'!G51) -> 1511 | D24: =SUM('20'!G38,'20'!G52) -> 1965 | E24: =SUM('20'!G39,'20'!G53) -> 4389 | F24: =SUM('20'!G41,'20'!G42,'20'!G55,'20'!G56) -> 4051 | G24: =SUM('20'!G43,'20'!G57) -> 2302 | H24: ='20'!G50 -> 1156 | I24: ='20'!G36 -> 625 | J24: ='20'!G72 -> 66 | K24: ='20'!$G$73 -> 1 | L24: ='20'!$G$74 -> 20 | M24: ='20'!$G$75 -> 178 | N24: ='20'!$G$76 -> 78 | O24: ='20'!$G$77 -> 48 | P24: ='20'!$G$78 -> 402 | Q24: ='20'!$G$79 -> 191 | R24: ='20'!$G$80 -> 356 | S24: ='20'!$G$81 -> 90 | T24: ='20'!$G$82 -> 26 | U24: ='20'!$G$58 -> 251 | V24: ='20'!$G$83 -> 399 | W24: ='20'!G86 -> 115 | X24: ='20'!G87 -> 14 | Y24: ='20'!G88 -> 67 | Z24: ='20'!G87+'20'!H90 -> 19.8 | AA24: ='20'!$G$62 -> 0 | AB24: ='20'!$G$63 -> 12 | AC24: ='20'!$G$64 -> 400 | AD24: ='20'!$G$65 -> 404 | AE24: ='20'!$G$66 -> 411 | AF24: ='20'!$G$67 -> 695 | AG24: ='20'!$G$68 -> 1350 | AH24: ='20'!$G$69 -> 318 | AI24: ='20'!$G$84 -> 562 | AJ24: ='20'!$G$15 -> 1086 | AK24: ='20'!$G$123 -> 300 | AL24: ='20'!$G$124 -> 0 | AM24: ='20'!$G$125 -> 86 | AN24: ='20'!$G$126 -> 30 | AO24: ='20'!$G$127 -> 3 | AP24: =AJ24-SUM(AK24:AO24) -> 667 | AQ24: =SUM('20'!G139:G140) -> 8.62 | AR24: ='20'!$G$136 -> 10.88 | AS24: ='20'!$G$137 -> 0 | AT24: ='20'!$G$138 -> 5.87 | AU24: =SUM(AR24:AT24) -> 16.75 | AW24: =AK24-AP24 -> -367
A25: 43882 | B25: =SUM('21'!G35,'21'!G49) -> 3035 | C25: =SUM('21'!G37,'21'!G51) -> 1522 | D25: =SUM('21'!G38,'21'!G52) -> 2026 | E25: =SUM('21'!G39,'21'!G53) -> 4214 | F25: =SUM('21'!G41,'21'!G42,'21'!G55,'21'!G56) -> 4354 | G25: =SUM('21'!G43,'21'!G57) -> 2354 | H25: ='21'!G50 -> 1111 | I25: ='21'!G36 -> 776 | J25: ='21'!G72 -> 22 | K25: ='21'!$G$73 -> 22 | L25: ='21'!$G$74 -> 35 | M25: ='21'!$G$75 -> 175 | N25: ='21'!$G$76 -> 76 | O25: ='21'!$G$77 -> 50 | P25: ='21'!$G$78 -> 454 | Q25: ='21'!$G$79 -> 172 | R25: ='21'!$G$80 -> 386 | S25: ='21'!$G$81 -> 110 | T25: ='21'!$G$82 -> 22 | U25: ='21'!$G$58 -> 188 | V25: ='21'!$G$83 -> 429 | W25: ='21'!G86 -> 73 | X25: ='21'!G87 -> 9 | Y25: ='21'!G88 -> 35 | Z25: ='21'!G87+'21'!H90 -> 15.8 | AA25: ='21'!$G$62 -> 0 | AB25: ='21'!$G$63 -> 14 | AC25: ='21'!$G$64 -> 398 | AD25: ='21'!$G$65 -> 400 | AE25: ='21'!$G$66 -> 372 | AF25: ='21'!$G$67 -> 716 | AG25: ='21'!$G$68 -> 310 | AH25: ='21'!$G$69 -> 339 | AI25: ='21'!$G$84 -> 568 | AJ25: ='21'!$G$15 -> 940 | AK25: ='21'!$G$123 -> 283 | AL25: ='21'!$G$124 -> 0 | AM25: ='21'!$G$125 -> 80 | AN25: ='21'!$G$126 -> 30 | AO25: ='21'!$G$127 -> 2 | AP25: =AJ25-SUM(AK25:AO25) -> 545 | AQ25: =SUM('21'!G139:G140) -> 8.15 | AR25: ='21'!$G$136 -> 8.46 | AS25: ='21'!$G$137 -> 0 | AT25: ='21'!$G$138 -> 3.6 | AU25: =SUM(AR25:AT25) -> 12.06 | AW25: =AK25-AP25 -> -262
A26: 43883 | B26: =SUM('22'!G35,'22'!G49) -> 2796 | C26: =SUM('22'!G37,'22'!G51) -> 1467 | D26: =SUM('22'!G38,'22'!G52) -> 2080 | E26: =SUM('22'!G39,'22'!G53) -> 4115 | F26: =SUM('22'!G41,'22'!G42,'22'!G55,'22'!G56) -> 4684 | G26: =SUM('22'!G43,'22'!G57) -> 2349 | H26: ='22'!G50 -> 1196 | I26: ='22'!G36 -> 729 | J26: ='22'!G72 -> 83 | K26: ='22'!$G$73 -> 0 | L26: ='22'!$G$74 -> 17 | M26: ='22'!$G$75 -> 187 | N26: ='22'!$G$76 -> 71 | O26: ='22'!$G$77 -> 51 | P26: ='22'!$G$78 -> 384 | Q26: ='22'!$G$79 -> 186 | R26: ='22'!$G$80 -> 367 | S26: ='22'!$G$81 -> 132 | T26: ='22'!$G$82 -> 28 | U26: ='22'!$G$58 -> 205 | V26: ='22'!$G$83 -> 514 | W26: ='22'!G86 -> 138 | X26: ='22'!G87 -> 33 | Y26: ='22'!G88 -> 60 | Z26: ='22'!G87+'22'!H90 -> 45.8 | AA26: ='22'!$G$62 -> 0 | AB26: ='22'!$G$63 -> 13 | AC26: ='22'!$G$64 -> 470 | AD26: ='22'!$G$65 -> 376 | AE26: ='22'!$G$66 -> 379 | AF26: ='22'!$G$67 -> 671 | AG26: ='22'!$G$68 -> 308 | AH26: ='22'!$G$69 -> 330 | AI26: ='22'!$G$84 -> 565 | AJ26: ='22'!$G$15 -> 935 | AK26: ='22'!$G$123 -> 252 | AL26: ='22'!$G$124 -> 0 | AM26: ='22'!$G$125 -> 76 | AN26: ='22'!$G$126 -> 18 | AO26: ='22'!$G$127 -> 2 | AP26: =AJ26-SUM(AK26:AO26) -> 587 | AQ26: =SUM('22'!G139:G140) -> 7.3 | AR26: ='22'!$G$136 -> 10.49 | AS26: ='22'!$G$137 -> 0 | AT26: ='22'!$G$138 -> 4.73 | AU26: =SUM(AR26:AT26) -> 15.22 | AW26: =AK26-AP26 -> -335
A27: 43884 | B27: =SUM('23'!G35,'23'!G49) -> 3006 | C27: =SUM('23'!G37,'23'!G51) -> 1462 | D27: =SUM('23'!G38,'23'!G52) -> 2020 | E27: =SUM('23'!G39,'23'!G53) -> 4149.83 | F27: =SUM('23'!G41,'23'!G42,'23'!G55,'23'!G56) -> 5151 | G27: =SUM('23'!G43,'23'!G57) -> 2348 | H27: ='23'!G50 -> 1384.71 | I27: ='23'!G36 -> 911 | J27: ='23'!G72 -> 110 | K27: ='23'!G72 -> 110 | L27: ='23'!$G$74 -> 15 | M27: ='23'!$G$75 -> 174 | N27: ='23'!$G$76 -> 74 | O27: ='23'!$G$77 -> 47 | P27: ='23'!$G$78 -> 309 | Q27: ='23'!$G$79 -> 198 | R27: ='23'!$G$80 -> 368 | S27: ='23'!$G$81 -> 144 | T27: ='23'!$G$82 -> 22 | U27: ='23'!$G$58 -> 208 | V27: ='23'!$G$83 -> 502 | W27: ='23'!$G$86 -> 147 | X27: ='23'!G87 -> 38.3 | Y27: ='23'!G88 -> 36 | Z27: ='23'!G87+'23'!H90 -> 42.3 | AA27: ='23'!$G$62 -> -0.2 | AB27: ='23'!$G$63 -> 11 | AC27: ='23'!$G$64 -> 539 | AD27: ='23'!$G$65 -> 381 | AE27: ='23'!$G$66 -> 375 | AF27: ='23'!$G$67 -> 639 | AG27: ='23'!$G$68 -> 292 | AH27: ='23'!$G$69 -> 327 | AI27: ='23'!$G$84 -> 533 | AJ27: ='23'!$G$15 -> 972.81 | AK27: ='23'!$G$123 -> 252 | AL27: ='23'!$G$124 -> 0 | AM27: ='23'!$G$125 -> 77 | AN27: ='23'!$G$126 -> 22 | AO27: ='23'!$G$127 -> 2 | AP27: =AJ27-SUM(AK27:AO27) -> 619.81 | AQ27: =SUM('23'!G139:G140) -> 7.23 | AR27: ='23'!$G$136 -> 9.51 | AS27: ='23'!$G$137 -> 0 | AT27: ='23'!$G$138 -> 5.94 | AU27: =SUM(AR27:AT27) -> 15.45 | AW27: =AK27-AP27 -> -367.81
A28: 43885 | B28: =SUM('24'!G35,'24'!G49) -> 3198 | C28: =SUM('24'!G37,'24'!G51) -> 1506 | D28: =SUM('24'!G38,'24'!G52) -> 2074 | E28: =SUM('24'!G39,'24'!G53) -> 4084.17 | F28: =SUM('24'!G41,'24'!G42,'24'!G55,'24'!G56) -> 5857 | G28: =SUM('24'!G43,'24'!G57) -> 2469 | H28: ='24'!G50 -> 1749.29 | I28: ='24'!G36 -> 1101 | J28: ='23'!G73 -> 5 | K28: ='23'!G73 -> 5 | L28: ='24'!$G$74 -> 16 | M28: ='24'!$G$75 -> 175 | N28: ='24'!$G$76 -> 82 | O28: ='24'!$G$77 -> 52 | P28: ='24'!$G$78 -> 319 | Q28: ='24'!$G$79 -> 182 | R28: ='24'!$G$80 -> 394 | S28: ='24'!$G$81 -> 151 | T28: ='24'!$G$82 -> 28 | U28: ='24'!$G$58 -> 190 | V28: ='24'!$G$83 -> 502 | W28: ='24'!G86 -> 166 | X28: ='24'!G87 -> 36.1 | Y28: ='24'!G88 -> 51 | Z28: ='24'!G87+'24'!H90 -> 42.1 | AA28: ='24'!$G$62 -> 0.18 | AB28: ='24'!$G$63 -> 14 | AC28: ='24'!$G$64 -> 514 | AD28: ='24'!$G$65 -> 391 | AE28: ='24'!$G$66 -> 391 | AF28: ='24'!$G$67 -> 610 | AG28: ='24'!$G$68 -> 289 | AH28: ='24'!$G$69 -> 321 | AI28: ='24'!$G$84 -> 602 | AJ28: ='24'!$G$15 -> 787.75 | AK28: ='24'!$G$123 -> 260 | AL28: ='24'!$G$124 -> 0 | AM28: ='24'!$G$125 -> 74 | AN28: ='24'!$G$126 -> 16 | AO28: ='24'!$G$127 -> 2 | AP28: =AJ28-SUM(AK28:AO28) -> 435.75 | AQ28: =SUM('24'!G139:G140) -> 7.6 | AR28: ='24'!$G$136 -> 0 | AS28: ='24'!$G$137 -> 7.75 | AT28: ='24'!$G$138 -> 1.15 | AU28: =SUM(AR28:AT28) -> 8.9 | AW28: =AK28-AP28 -> -175.75
A29: 43886 | B29: =SUM('25'!G35,'25'!G49) -> 3189 | C29: =SUM('25'!G37,'25'!G51) -> 1492 | D29: =SUM('25'!G38,'25'!G52) -> 1987 | E29: =SUM('25'!G39,'25'!G53) -> 4098 | F29: =SUM('25'!G41,'25'!G42,'25'!G55,'25'!G56) -> 5048 | G29: =SUM('25'!G43,'25'!G57) -> 2279 | H29: ='25'!G50 -> 1200 | I29: ='25'!G36 -> 743 | J29: ='25'!G72 -> 75 | K29: ='25'!$G$73 -> 1 | L29: ='25'!$G$74 -> 15 | M29: ='25'!$G$75 -> 153 | N29: ='25'!$G$76 -> 77 | O29: ='25'!$G$77 -> 44 | P29: ='25'!$G$78 -> 284 | Q29: ='25'!$G$79 -> 204 | R29: ='25'!$G$80 -> 369 | S29: ='25'!$G$81 -> 126 | T29: ='25'!$G$82 -> 24 | U29: ='25'!$G$58 -> 158 | V29: ='25'!$G$83 -> 480 | W29: ='25'!G86 -> 135 | X29: ='25'!G87 -> 35.6 | Y29: ='25'!G88 -> 46 | Z29: ='25'!G87+'25'!H90 -> 38.6 | AA29: ='25'!$G$62 -> 0 | AB29: ='25'!$G$63 -> 14 | AC29: ='25'!$G$64 -> 532 | AD29: ='25'!$G$65 -> 392 | AE29: ='25'!$G$66 -> 394 | AF29: ='25'!$G$67 -> 599 | AG29: ='25'!$G$68 -> 295 | AH29: ='25'!$G$69 -> 324 | AI29: ='25'!$G$84 -> 554 | AJ29: ='25'!$G$15 -> 861.99 | AK29: ='25'!$G$123 -> 265 | AL29: ='25'!$G$124 -> 0 | AM29: ='25'!$G$125 -> 67 | AN29: ='25'!$G$126 -> 22 | AO29: ='25'!$G$127 -> 0 | AP29: =AJ29-SUM(AK29:AO29) -> 507.99 | AQ29: =SUM('25'!G139:G140) -> 7.65 | AR29: ='25'!$G$136 -> 9 | AS29: ='25'!$G$137 -> -0.31 | AT29: ='25'!$G$138 -> 1 | AU29: =SUM(AR29:AT29) -> 9.69 | AW29: =AK29-AP29 -> -242.99
A30: 43887 | B30: =SUM('26'!G35,'26'!G49) -> 3115 | C30: =SUM('26'!G37,'26'!G51) -> 1421 | D30: =SUM('26'!G38,'26'!G52) -> 1988 | E30: =SUM('26'!G39,'26'!G53) -> 4202 | F30: =SUM('26'!G41,'26'!G42,'26'!G55,'26'!G56) -> 5077 | G30: =SUM('26'!G43,'26'!G57) -> 2292 | H30: ='26'!G50 -> 1005 | I30: ='26'!G36 -> 610 | J30: ='26'!G72 -> 68 | K30: ='26'!$G$73 -> 0 | L30: ='26'!$G$74 -> 15 | M30: ='26'!$G$75 -> 172 | N30: ='26'!$G$76 -> 82 | O30: ='26'!$G$77 -> 47 | P30: ='26'!$G$78 -> 345 | Q30: ='26'!$G$79 -> 198 | R30: ='26'!$G$80 -> 353 | S30: ='26'!$G$81 -> 123 | T30: ='26'!$G$82 -> 19 | U30: ='26'!$G$58 -> 177 | V30: ='26'!$G$83 -> 495 | W30: ='26'!G86 -> 90 | X30: ='26'!G87 -> 37.2 | Y30: ='26'!G88 -> 99 | Z30: ='26'!G87+'26'!H90 -> 42.2 | AA30: ='26'!$G$62 -> 0 | AB30: ='26'!$G$63 -> 15 | AC30: ='26'!$G$64 -> 556 | AD30: ='26'!$G$65 -> 396 | AE30: ='26'!$G$66 -> 390 | AF30: ='26'!$G$67 -> 657 | AG30: ='26'!$G$68 -> 306 | AH30: ='26'!$G$69 -> 333 | AI30: ='26'!$G$84 -> 617 | AJ30: ='26'!$G$15 -> 838.45 | AK30: ='26'!$G$123 -> 251 | AL30: ='26'!$G$124 -> 0 | AM30: ='26'!$G$125 -> 57 | AN30: ='26'!$G$126 -> 23 | AO30: ='26'!$G$127 -> 1 | AP30: =AJ30-SUM(AK30:AO30) -> 506.45 | AQ30: =SUM('26'!G139:G140) -> 7.24 | AR30: ='26'!$G$136 -> 8.6 | AS30: ='26'!$G$137 -> 0.31 | AT30: ='26'!$G$138 -> 4.81 | AU30: =SUM(AR30:AT30) -> 13.72 | AW30: =AK30-AP30 -> -255.45
A31: 43888 | B31: =SUM('27'!G35,'27'!G49) -> 3121.48 | C31: =SUM('27'!G37,'27'!G51) -> 1489.99 | D31: =SUM('27'!G38,'27'!G52) -> 2224.465 | E31: =SUM('27'!G39,'27'!G53) -> 4174.96 | F31: =SUM('27'!G41,'27'!G42,'27'!G55,'27'!G56) -> 5238.66 | G31: =SUM('27'!G43,'27'!G57) -> 2278.56 | H31: ='27'!G50 -> 972.27 | I31: ='27'!G36 -> 562.33 | J31: ='27'!G72 -> 79 | K31: ='27'!$G$73 -> 0 | L31: ='27'!$G$74 -> 21.3 | M31: ='27'!$G$75 -> 172.88 | N31: ='27'!$G$76 -> 78.17 | O31: ='27'!$G$77 -> 45 | P31: ='27'!$G$78 -> 325 | Q31: ='27'!$G$79 -> 181 | R31: ='27'!$G$80 -> 369.84 | S31: ='27'!$G$81 -> 124.52 | T31: ='27'!$G$82 -> 26.82 | U31: ='27'!$G$58 -> 219.66 | V31: ='27'!$G$83 -> 476 | W31: ='27'!G86 -> 64.44 | X31: ='27'!G87 -> 27.4 | Y31: ='27'!G88 -> 32.9 | Z31: ='27'!G87+'27'!H90 -> 29.3 | AA31: ='27'!$G$62 -> 0 | AB31: ='27'!$G$63 -> 14.01 | AC31: ='27'!$G$64 -> 487.85 | AD31: ='27'!$G$65 -> 392.92 | AE31: ='27'!$G$66 -> 386.44 | AF31: ='27'!$G$67 -> 661.43 | AG31: ='27'!$G$68 -> 332.6 | AH31: ='27'!$G$69 -> 318.66 | AI31: ='27'!$G$84 -> 672 | AJ31: ='27'!$G$15 -> 961.603 | AK31: ='27'!$G$123 -> 252.098 | AL31: ='27'!$G$124 -> 0.4 | AM31: ='27'!$G$125 -> 78.53 | AN31: ='27'!$G$126 -> 25.5 | AO31: ='27'!$G$127 -> 2.4 | AP31: =AJ31-SUM(AK31:AO31) -> 602.675 | AQ31: =SUM('27'!G139:G140) -> 7.3 | AR31: ='27'!$G$136 -> 11.94 | AS31: ='27'!$G$137 -> 0 | AT31: ='27'!$G$138 -> 4.09 | AU31: =SUM(AR31:AT31) -> 16.03 | AW31: =AK31-AP31 -> -350.577
A32: 43889 | B32: =SUM('28'!G35,'28'!G49) -> 3316.24 | C32: =SUM('28'!G37,'28'!G51) -> 1486.03 | D32: =SUM('28'!G38,'28'!G52) -> 2272.735 | E32: =SUM('28'!G39,'28'!G53) -> 4370.94 | F32: =SUM('28'!G41,'28'!G42,'28'!G55,'28'!G56) -> 5659.28 | G32: =SUM('28'!G43,'28'!G57) -> 2391.6 | H32: ='28'!G50 -> 1090.76 | I32: ='28'!G36 -> 614.24 | J32: ='28'!G72 -> 81 | K32: ='28'!$G$73 -> 1 | L32: ='28'!$G$74 -> 48.87 | M32: ='28'!$G$75 -> 162.34 | N32: ='28'!$G$76 -> 81.17 | O32: ='28'!$G$77 -> 48 | P32: ='28'!$G$78 -> 413 | Q32: ='28'!$G$79 -> 238 | R32: ='28'!$G$80 -> 407.8 | S32: ='28'!$G$81 -> 145.32 | T32: ='28'!$G$82 -> 16.66 | U32: ='28'!$G$58 -> 195.04 | V32: ='28'!$G$83 -> 611 | W32: ='28'!G86 -> 85.09 | X32: ='28'!G87 -> 13.1 | Y32: ='28'!G88 -> 30.71 | Z32: ='28'!G87+'28'!H90 -> 14.1 | AA32: ='28'!$G$62 -> 0.007 | AB32: ='28'!$G$63 -> 15.35 | AC32: ='28'!$G$64 -> 490.45 | AD32: ='28'!$G$65 -> 416.38 | AE32: ='28'!$G$66 -> 404.31 | AF32: ='28'!$G$67 -> 693.4 | AG32: ='28'!$G$68 -> 370.92 | AH32: ='28'!$G$69 -> 341.43 | AI32: ='28'!$G$84 -> 739 | AJ32: ='28'!$G$15 -> 1060.007 | AK32: ='28'!$G$123 -> 273.742 | AL32: ='28'!$G$124 -> 0 | AM32: ='28'!$G$125 -> 67.81 | AN32: ='28'!$G$126 -> 41.4 | AO32: ='28'!$G$127 -> 2.4 | AP32: =AJ32-SUM(AK32:AO32) -> 674.655 | AQ32: =SUM('28'!G139:G140) -> 8.31 | AR32: ='28'!$G$136 -> 9.67 | AS32: ='28'!$G$137 -> 0 | AT32: ='28'!$G$138 -> 5.44 | AU32: =SUM(AR32:AT32) -> 15.11 | AW32: =AK32-AP32 -> -400.913
A33: 43890 | B33: =SUM('29'!G35,'29'!G49) -> -84806.17 | C33: =SUM('29'!G37,'29'!G51) -> 369987.98 | D33: =SUM('29'!G38,'29'!G52) -> 88789.8 | E33: =SUM('29'!G39,'29'!G53) -> 785883.07 | F33: =SUM('29'!G41,'29'!G42,'29'!G55,'3'!G56) -> -105329.91 | G33: =SUM('29'!G43,'29'!G57) -> -70446.53 | H33: ='29'!G50 -> -35982.06 | I33: ='29'!G36 -> -21072.84 | J33: ='29'!G72 -> -2312 | K33: ='29'!$G$73 -> -44 | L33: ='29'!$G$74 -> 881716.83 | M33: ='29'!$G$75 -> 733600.78 | N33: ='29'!$G$76 -> 685355.66 | O33: ='29'!$G$77 -> -1586 | P33: ='29'!$G$78 -> -11758 | Q33: ='29'!$G$79 -> -5786 | R33: ='29'!$G$80 -> -10170.64 | S33: ='29'!$G$81 -> -3375.84 | T33: ='29'!$G$82 -> -862.94 | U33: ='29'!$G$58 -> -5654.31 | V33: ='29'!$G$83 -> -13497 | W33: ='29'!G86 -> -3480.53 | X33: ='29'!G87 -> -796.7 | Y33: ='29'!G88 -> -1881.66 | Z33: ='29'!G87+'29'!H90 -> -897.7 | AA33: ='29'!$G$62 -> -0.007 | AB33: ='29'!$G$63 -> -401.47 | AC33: ='29'!$G$64 -> -13165.9 | AD33: ='29'!$G$65 -> -11648.65 | AE33: ='29'!$G$66 -> -11838.91 | AF33: ='29'!$G$67 -> -20572.46 | AG33: ='29'!$G$68 -> -9990.73 | AH33: ='29'!$G$69 -> -9359.09 | AI33: ='29'!$G$84 -> -15718 | AJ33: ='29'!$G$15 -> -26977.64 | AK33: ='29'!$G$123 -> -8223.85 | AL33: ='29'!$G$124 -> -1.4 | AM33: ='29'!$G$125 -> -2239.57 | AN33: ='29'!$G$126 -> -986.9 | AO33: ='29'!$G$127 -> -80.8 | AP33: =AJ33-SUM(AK33:AO33) -> -15445.12 | AQ33: =SUM('29'!G139:G140) -> -238.72 | AR33: ='29'!$G$136 -> -233.48 | AS33: ='29'!$G$137 -> -24.37 | AT33: ='29'!$G$138 -> -87.56 | AU33: =SUM(AR33:AT33) -> -345.41 | AW33: =AK33-AP33 -> 7221.27
A34: 43891 | B34: =SUM('30'!G49,'30'!G49) -> 5940 | C34: =SUM('30'!G51,'30'!G51) -> 3031.72 | D34: =SUM('30'!G52,'30'!G52) -> 3993.82 | E34: =SUM('30'!G53,'30'!G53) -> 8318.06 | F34: =SUM('30'!G41,'30'!G42,'30'!G55,'30'!G56) -> 3768.95 | G34: =SUM('30'!G57,'30'!G57) -> 0 | H34: ='30'!G50 -> 1114.03 | I34: ='30'!G36 -> 587.2 | J34: ='30'!G72 -> 84 | K34: ='30'!$G$73 -> 0 | L34: ='30'!$G$74 -> 33 | M34: ='30'!$G$75 -> 182 | N34: ='30'!$G$76 -> 70 | O34: ='30'!$G$77 -> 44 | P34: ='30'!$G$78 -> 376 | Q34: ='30'!$G$79 -> 179 | R34: ='30'!$G$80 -> 291 | S34: ='30'!$G$81 -> 94.52 | T34: ='30'!$G$82 -> 48.37 | U34: ='30'!$G$58 -> 107.85 | V34: ='30'!$G$83 -> 374 | W34: ='30'!G86 -> 145 | X34: ='30'!G87 -> 21.5 | Y34: ='30'!G88 -> 81.05 | Z34: ='30'!G87+'30'!H90 -> 23.6 | AA34: ='30'!$G$62 -> 0 | AB34: ='30'!$G$63 -> 12.76 | AC34: ='30'!$G$64 -> 401.6 | AD34: ='30'!$G$65 -> 389.35 | AE34: ='30'!$G$66 -> 423.16 | AF34: ='30'!$G$67 -> 677.63 | AG34: ='30'!$G$68 -> 315.21 | AH34: ='30'!$G$69 -> 314.56 | AI34: ='30'!$G$84 -> 489 | AJ34: ='30'!$G$15 -> 667.76 | AK34: ='30'!$G$123 -> 270.01 | AL34: ='30'!$G$124 -> 0 | AM34: ='30'!$G$125 -> 52.23 | AN34: ='30'!$G$126 -> 31 | AO34: ='30'!$G$127 -> 5 | AP34: =AJ34-SUM(AK34:AO34) -> 309.52 | AQ34: =SUM('30'!G139:G140) -> 7.92 | AR34: ='30'!$G$136 -> 3.75 | AS34: ='30'!$G$137 -> 0 | AT34: ='30'!$G$138 -> 4.11 | AU34: =SUM(AR34:AT34) -> 7.86 | AW34: =AK34-AP34 -> -39.51
A35: 43892 | B35: =SUM('31'!G35,'31'!G49) -> 2943.17 | C35: =SUM('31'!G37,'31'!G51) -> 1548.88 | D35: =SUM('31'!G38,'31'!G52) -> 2107.64 | E35: =SUM('31'!G39,'31'!G53) -> 4206.27 | F35: =SUM('31'!G41,'31'!G42,'31'!G55,'31'!G56) -> 3635.06 | G35: =SUM('31'!G43,'31'!G57) -> 2312.4 | H35: ='31'!G50 -> 1022.31 | I35: ='31'!G36 -> 531.52 | J35: ='31'!G72 -> 101 | K35: ='31'!$G$73 -> 0 | L35: ='31'!$G$74 -> 33 | M35: ='31'!$G$74 -> 33 | N35: ='31'!$G$76 -> 74 | O35: ='31'!$G$77 -> 61 | P35: ='31'!$G$78 -> 472 | Q35: ='31'!$G$79 -> 189 | R35: ='31'!$G$80 -> 333 | S35: ='31'!$G$81 -> 112.48 | T35: ='31'!$G$82 -> 52.09 | U35: ='31'!$G$58 -> 209.67 | V35: ='31'!$G$83 -> 415 | W35: ='31'!G86 -> 73 | X35: ='31'!G88 -> 38 | Y35: ='31'!G89 -> 64 | Z35: ='31'!G87+'31'!H90 -> 17.8 | AA35: ='31'!$G$62 -> 0.009 | AB35: ='31'!$G$63 -> 13.88 | AC35: ='31'!$G$64 -> 420.46 | AD35: ='31'!$G$65 -> 395.11 | AE35: ='31'!$G$66 -> 415.74 | AF35: ='31'!$G$67 -> 727.53 | AG35: ='31'!$G$68 -> 296.86 | AH35: ='31'!$G$69 -> 316.15 | AI35: ='31'!$G$84 -> 504 | AJ35: ='31'!$G$15 -> 868.42 | AK35: ='31'!$G$123 -> 282.4 | AL35: ='31'!$G$124 -> 0 | AM35: ='31'!$G$125 -> 56 | AN35: ='31'!$G$126 -> 40.7 | AO35: ='31'!$G$127 -> 4 | AP35: =AJ35-SUM(AK35:AO35) -> 485.32 | AQ35: =SUM('31'!G139:G140) -> 8.25 | AR35: ='31'!$G$136 -> 9.48 | AS35: ='31'!$G$137 -> 0 | AT35: ='31'!$G$138 -> 0 | AU35: =SUM(AR35:AT35) -> 9.48 | AW35: =AK35-AP35 -> -202.92
B36: =SUM(B5:B35) -> 2970 | C36: =SUM(C5:C35) -> 416581.86 | D36: =SUM(D5:D35) -> 152710.91 | E36: =SUM(E5:E35) -> 916639.03 | F36: =SUM(F5:F35) -> 28321.03 | G36: =SUM(G5:G35) -> -2336.88
B37: =B19-B18 -> -48.44 | C37: =C19-C18 -> -0.14 | D37: =D19-D18 -> 27.84 | E37: =E19-E18 -> -0.55 | F37: =F19-F18 -> -55.784 | G37: =G19-G18 -> -13.92 | AK37: 24th Sep | AL37: 191
AL38: 88
AL39: =SUM(AL37:AL38) -> 279 | AM39: Today | AN39: 335
AK41: HWG AVG | AL41: 168
AM42: 20 cub extra
AK43: INR | AL43: =20*38.68 -> 773.6 | AM43: Extra

Sheet 1
A1: Daily Utility Consumption Report
A2: Prepaired by- Prakash | B2: 44228 | C2: occupancy | D2: 0.47 | G2: Occupancy% | H2: Electricity | I2: Water | J2: Gas
C3: Avg temp | D3: 25 | E3: Last year same month avg
C4: humidity | D4: 0.8
A5: Description | D5: Unit | E5: Yesterday | F5: Today | G5: units.consum | H5: MTD | I5: Budgeted | J5: Average/Day
A6: ELECTRICAL CONSUMPTION
A7: BEST Supply 11KV | D7: kwh | E7: 3888198 | F7: 3907489 | G7: =F7-E7 -> 19291 | H7: =G7 -> 19291 | I7: 12000 | J7: =H7/DAY(B2) -> 19291
A8: BEST supply | D8: KVAH | E8: 3912851 | F8: 3932325 | G8: =F8-E8 -> 19474 | H8: =G8 -> 19474 | I8: 12000 | J8: =H8/DAY(B2) -> 19474
A9: Transformer - 1 - 2500KVA | D9: kwh | E9: 2535128.5 | F9: 2542028.5 | G9: =F9-E9 -> 6900 | H9: =G9 -> 6900 | I9: =I8-J8 -> -7474 | J9: =H9/DAY(B2) -> 6900
A10: Transformer - 2 -2500KVA | D10: kwh | E10: 1200874.4 | F10: 1212601.3 | G10: =F10-E10 -> 11726.9 | H10: =G10 -> 11726.9 | J10: =H10/DAY(B2) -> 11726.9
A11: DG set- 1 - 1425KVA | D11: kwh | E11: 35390 | F11: 35390 | G11: =F11-E11 -> 0 | H11: =G11 -> 0 | J11: =H11/DAY(B2) -> 0
A12: DG set- 2 - 1425KVA | D12: kwh | E12: 37630 | F12: 37630 | G12: =F12-E12 -> 0 | H12: =G12 -> 0 | J12: =H12/DAY(B2) -> 0
A13: SubTotal | G13: =G9+G10+G11+G12 -> 18626.9 | H13: =G13 -> 18626.9 | I13: =G7-G13 -> 664.1 | J13: =H13/DAY(B2) -> 18626.9
A14: GAS CONSUMPTION
A15: Gas consumption | D15: m3 | E15: 1594437.1 | F15: 1595235.1 | G15: =(F15-E15) -> 797.95 | H15: =G15 -> 797.95 | I15: 800 | J15: =H15/DAY(B2) -> 797.95
I16: =I15-J15 -> 2.05
A17: WATER CONSUMPTION
A18: Tankers | D18: KL | E18: 12 | F18: 12 | G18: =F18*10 -> 120 | H18: =G18 -> 120 | I18: 65 | J18: =H18/DAY(B2) -> 120
A19: BMC | D19: KL | E19: 133048 | F19: 133099 | G19: =F19-E19 -> 51 | H19: =G19 -> 51 | J19: =H19/DAY(B2) -> 51
A20: Total water | G20: =G18+G19 -> 171 | H20: =G20 -> 171 | I20: =I18-J20 -> -106 | J20: =H20/DAY(B2) -> 171
A21: DIESEL CONSUMPTION
A22: Boiler House (H.S.D) | D22: L | E22: 2250 | F22: 2250 | G22: =(F22-E22) -> 0 | H22: =G22 -> 0 | J22: =H22/DAY(B2) -> 0
A23: D-G Set (H.S.D) | D23: L | E23: 2000 | F23: 2000 | G23: 0 | H23: =G23 -> 0 | J23: =H23/DAY(B2) -> 0
A24: Total HSD (H.S.D.) Stock | D24: L | E24: 4250 | F24: 4250 | G24: =SUM(G22:G23) -> 0 | H24: =G24 -> 0 | J24: =H24/DAY(B2) -> 0
A25: TOTAL CONSUMPTION UNIT &COST
A26: Utilities | D26: Units
A27: Electricity | D27: KVAH | E27: =G8 -> 19474 | F27: 9 | G27: =E27*F27 -> 175266 | H27: =G27 -> 175266 | J27: =H27/DAY(B2) -> 175266
A28: C.N.G | D28: Cu.Mtr | E28: =G15 -> 797.95 | F28: 43.5 | G28: =E28*F28 -> 34710.825 | H28: =G28 -> 34710.825 | J28: =H28/DAY(B2) -> 34710.825
A29: H.S.D | D29: Ltr | E29: =G23 -> 0 | F29: 69 | G29: =E29*F29 -> 0 | H29: =G29 -> 0 | J29: =H29/DAY(B2) -> 0
A30: Water BMC | D30: Kl | E30: =G19 -> 51 | F30: 134 | G30: =E30*F30 -> 6834 | H30: =G30 -> 6834 | J30: =H30/DAY(B2) -> 6834
A31: Water Tanker | D31: KL | E31: =G18 -> 120 | F31: 80 | G31: =E31*F31 -> 9600 | H31: =G31 -> 9600 | J31: =H31/DAY(B2) -> 9600
A32: Total cost | G32: =G27+G28+G29+G30+G31 -> 226410.83 | H32: =G32 -> 226410.83 | J32: =H32/DAY(B2) -> 226410.83
A33: BRANCH READINGS & CONSUMPTION
A34: Transformer No 1 (Sub Feeders)
A35: Main HVAC Power Panel- 800A | D35: kwh | E35: 629027.67 | F35: 629027.67 | G35: =F35-E35 -> 0 | H35: =G35 -> 0 | J35: =H35/DAY(B2) -> 0
A36: Main Panel BALLROOM LVL-2 -2000A | D36: kwh | E36: 276491.45 | F36: 277046.65 | G36: =F36-E36 -> 555.2 | H36: =G36 -> 555.2 | J36: =H36/DAY(B2) -> 555.2
A37: Fire Emergency Power Panel - 1000A | D37: kwh | E37: 415066 | F37: 415066 | G37: =F37-E37 -> 0 | H37: =G37 -> 0 | J37: =H37/DAY(B2) -> 0
A38: Main Power Panel -1600A | D38: kwh | E38: 97.88 | F38: 97.88 | G38: =F38-E38 -> 0 | H38: =G38 -> 0 | J38: =H38/DAY(B2) -> 0
A39: Main Lighting and Small power Panel | D39: kwh | E39: 912480 | F39: 912480 | G39: =F39-E39 -> 0 | H39: =G39 -> 0 | J39: =H39/DAY(B2) -> 0
A40: Capacitor Bank -1 1100KVAR- 2500A | D40: kwh | E40: 0 | F40: 0 | G40: =F40-E40 -> 0 | H40: =G40 -> 0 | J40: =H40/DAY(B2) -> 0
A41: Chiller No 1 | D41: kwh | E41: 44622.52 | F41: 48988.51 | G41: =F41-E41 -> 4365.99 | H41: =G41 -> 4365.99 | J41: =H41/DAY(B2) -> 4365.99
A42: Chiller No 2- | D42: kwh | E42: 58926 | F42: 58926 | G42: =F42-E42 -> 0 | H42: =G42 -> 0 | J42: =H42/DAY(B2) -> 0
A43: Chiller Water pump Panel- 630A | D43: kwh | E43: 767811.91 | F43: 770084.87 | G43: =F43-E43 -> 2272.96 | H43: =G43 -> 2272.96 | J43: =H43/DAY(B2) -> 2272.96
A44: Co-Genrator | D44: kwh | E44: 0 | F44: 0 | G44: =F44-E44 -> 0 | H44: =G44 -> 0 | J44: =H44/DAY(B2) -> 0
A45: Lawn Pantry | D45: kwh | E45: 614.48 | F45: 614.48 | G45: =F45-E45 -> 0 | H45: =G45 -> 0 | J45: =H45/DAY(B2) -> 0
A46: Pavilion Power | D46: kwh | E46: 187.49 | F46: 187.49 | G46: =F46-E46 -> 0 | H46: =G46 -> 0 | J46: =H46/DAY(B2) -> 0
A47: Sub Total | G47: =G35+G36+G37+G38+G39+G40+G41+G42+G43+G44+G45+G46 -> 7194.15 | H47: =G47 -> 7194.15 | J47: =H47/DAY(B2) -> 7194.15
A48: Transformer No 2 (Sub Feeders)
A49: Main HVAC Power Panel- 800A | D49: kwh | E49: 245899.05 | F49: 248895.09 | G49: =F49-E49 -> 2996.04 | H49: =G49 -> 2996.04 | J49: =H49/DAY(B2) -> 2996.04
A50: Main MV PanelBALLROOM LVL-1- 2000A | D50: kwh | E50: 368617.31 | F50: 369638.67 | G50: =F50-E50 -> 1021.36 | H50: =G50 -> 1021.36 | J50: =H50/DAY(B2) -> 1021.36
A51: Fire Emergency Power Panel - 1000A | D51: kwh | E51: 110099.74 | F51: 111537.57 | G51: =F51-E51 -> 1437.83 | H51: =G51 -> 1437.83 | J51: =H51/DAY(B2) -> 1437.83
A52: Main Power Panel -1800A | D52: kwh | E52: 493808.67 | F52: 495823.71 | G52: =F52-E52 -> 2015.04 | H52: =G52 -> 2015.04 | J52: =H52/DAY(B2) -> 2015.04
A53: Main Lighting and Small power Panel | D53: kwh | E53: 304298.27 | F53: 308402.03 | G53: =F53-E53 -> 4103.76 | H53: =G53 -> 4103.76 | J53: =H53/DAY(B2) -> 4103.76
A54: Capacitor Bank -2 1200KVAR- 2500A | D54: kwh | E54: 6316.64 | F54: 6356.96 | G54: =F54-E54 -> 40.32 | H54: =G54 -> 40.32 | J54: =H54/DAY(B2) -> 40.32
A55: Chiller No -3 - 1200A | D55: kwh | E55: 39120.58 | F55: 39120.58 | G55: =F55-E55 -> 0 | H55: =G55 -> 0 | J55: =H55/DAY(B2) -> 0
A56: Chiller No-4 - 1200A | D56: Kwh | E56: 557731.91 | F56: 557732.43 | G56: =F56-E56 -> 0.52 | H56: =G56 -> 0.52 | J56: =H56/DAY(B2) -> 0.52
A57: Chiller Water pump Panel- 630A | D57: kwh | E57: 0 | F57: 0 | G57: =F57-E57 -> 0 | H57: =G57 -> 0 | J57: =H57/DAY(B2) -> 0
A58: B2-Loundry power panel | D58: kwh | E58: 30531.91 | F58: 30706.43 | G58: =F58-E58 -> 174.52 | H58: =G58 -> 174.52 | J58: =H58/DAY(B2) -> 174.52
A59: Sub Total | G59: =G49+G50+G51+G52+G53+G54+G55+G56+G57+G58 -> 11789.39 | H59: =G59 -> 11789.39 | I59: =G7-G60 -> 307.46 | J59: =H59/DAY(B2) -> 11789.39
D60: Total TR1 & TR2 | G60: =G47+G59 -> 18983.54 | H60: =G60 -> 18983.54 | I60: =G13-G60 -> -356.64 | J60: =H60/DAY(B2) -> 18983.54
A61: Floor lighting & Power consumption
A62: 2nd floor plant room | D62: KWh | E62: 20419.189 | F62: 20419.189 | G62: =F62-E62 -> 0 | H62: =G62 -> 0 | J62: =H62/DAY(B2) -> 0
A63: 5th floor spa | D63: KWh | E63: 1332.53 | F63: 1346.99 | G63: =F63-E63 -> 14.46 | H63: =G63 -> 14.46 | J63: =H63/DAY(B2) -> 14.46
A64: 5th Floor | D64: KWh | E64: 111283.46 | F64: 111729.09 | G64: =F64-E64 -> 445.63 | H64: =G64 -> 445.63 | J64: =H64/DAY(B2) -> 445.63
A65: 12th Floor | D65: KWh | E65: 121733.11 | F65: 122116.01 | G65: =F65-E65 -> 382.9 | H65: =G65 -> 382.9 | J65: =H65/DAY(B2) -> 382.9
A66: 20th Floor | D66: KWh | E66: 14159.74 | F66: 14549.83 | G66: =F66-E66 -> 390.09 | H66: =G66 -> 390.09 | J66: =H66/DAY(B2) -> 390.09
A67: 27th Floor | D67: KWh | E67: 188674.53 | F67: 189332.39 | G67: =F67-E67 -> 657.86 | H67: =G67 -> 657.86 | J67: =H67/DAY(B2) -> 657.86
A68: 34th Floor | D68: KWh | E68: 63299.86 | F68: 63627.65 | G68: =F68-E68 -> 327.79 | H68: =G68 -> 327.79 | J68: =H68/DAY(B2) -> 327.79
A69: Sanqi | D69: KWh | E69: 55723.71 | F69: 56043.61 | G69: =F69-E69 -> 319.9 | H69: =G69 -> 319.9 | J69: =H69/DAY(B2) -> 319.9
A70: Consumption of Extra AHU run | D70: KWh | H70: =G70 -> 0 | J70: =H70/DAY(B2) -> 0
A71: Kitchen consumption
A72: Main kitchen power panel no 1 | D72: KWh | E72: 848465 | F72: 848549 | G72: =F72-E72 -> 84 | H72: =G72 -> 84 | J72: =H72/DAY(B2) -> 84
A73: Main kitchen power panel no 2 | D73: KWh | E73: 885728 | F73: 885728 | G73: =F73-E73 -> 0 | H73: =G73 -> 0 | J73: =H73/DAY(B2) -> 0
A74: Prato kitchen power panel | D74: KWh | E74: 882369 | F74: 882392 | G74: =F74-E74 -> 23 | H74: =G74 -> 23 | J74: =H74/DAY(B2) -> 23
A75: San- Qi Indian Kitchen | D75: KWh | E75: 737519 | F75: 737702 | G75: =F75-E75 -> 183 | H75: =G75 -> 183 | J75: =H75/DAY(B2) -> 183
A76: San- Qi Japanese Kitchen | D76: KWh | E76: 687014 | F76: 687088 | G76: =F76-E76 -> 74 | H76: =G76 -> 74 | J76: =H76/DAY(B2) -> 74
A77: The club kitchen | D77: KWh | E77: 697107 | F77: 697155 | G77: =F77-E77 -> 48 | H77: =G77 -> 48 | J77: =H77/DAY(B2) -> 48
A78: AER Kitchen | D78: KWh | E78: 641953 | F78: 642287 | G78: =F78-E78 -> 334 | H78: =G78 -> 334 | J78: =H78/DAY(B2) -> 334
A79: COLD ROOM'S | D79: KWh | E79: 809691 | F79: 809896 | G79: =F79-E79 -> 205 | H79: =G79 -> 205 | J79: =H79/DAY(B2) -> 205
A80: Ball Room 1 kitchen | D80: KWh | E80: 485127 | F80: 485435 | G80: =F80-E80 -> 308 | H80: =G80 -> 308 | J80: =H80/DAY(B2) -> 308
A81: Ball Room 2 kitchen | D81: KWh | E81: 622775 | F81: 622851 | G81: =F81-E81 -> 76 | H81: =G81 -> 76 | J81: =H81/DAY(B2) -> 76
A82: B1 Laundry | D82: kwh | E82: 105440 | F82: 105485 | G82: =F82-E82 -> 45 | H82: =G82 -> 45 | J82: =H82/DAY(B2) -> 45
A83: STP Electrical | D83: kwh | E83: 983741 | F83: 984174 | G83: =F83-E83 -> 433 | H83: =G83 -> 433 | J83: =H83/DAY(B2) -> 433
A84: Cooling Tower | D84: kwh | E84: 416073 | F84: 416594 | G84: =F84-E84 -> 521 | H84: =G84 -> 521 | J84: =H84/DAY(B2) -> 521
A85: Total | G85: =SUM(G71:G84) -> 2334 | H85: =G85 -> 2334 | J85: =H85/DAY(B2) -> 2334
A86: MOCK Up Room | D86: Kwh | E86: 447106 | F86: 447230.36 | G86: =F86-E86 -> 124.36 | H86: =G86 -> 124.36 | J86: =H86/DAY(B2) -> 124.36
A87: 27th Floor | D87: Kwh | E87: 78446.3 | F87: 78477.7 | G87: =F87-E87 -> 31.4 | H87: =G87 -> 31.4 | J87: =H87/DAY(B2) -> 31.4
A88: Physic57 | D88: Kwh | E88: 146502 | F88: 146589 | G88: =F88-E88 -> 87 | H88: =G88 -> 87 | J88: =H88/DAY(B2) -> 87
A89: Pinoor Legal- Power | D89: Kwh | E89: 59802 | F89: 59873.3 | G89: =F89-E89 -> 71.3 | H89: =G89 -> 71.3 | J89: =H89/DAY(B2) -> 71.3
A90: Pinoor Legal- Lighting | D90: Kwh | E90: 3065.9 | F90: 3070.5 | G90: =F90-E90 -> 4.6 | H90: =G90 -> 4.6 | J90: =H90/DAY(B2) -> 4.6
A91: WATER
A92: R.o.plant | D92: KL | E92: 236570 | F92: 236657 | G92: =F92-E92 -> 87 | H92: =G92 -> 87 | J92: =H92/DAY(B2) -> 87
A93: STP Water Prod | D93: KL | E93: 171176 | F93: 171376 | G93: =F93-E93 -> 200 | H93: =G93 -> 200 | J93: =H93/DAY(B2) -> 200
A94: Total water Produce | G94: =G92+G93 -> 287
A95: Domestic Zone-1 | D95: KL | E95: 405876 | F95: 405948 | G95: =F95-E95 -> 72 | H95: =G95 -> 72 | J95: =H95/DAY(B2) -> 72
A96: Domestic Zone-2 | D96: KL | E96: 100534 | F96: 100557 | G96: =F96-E96 -> 23 | H96: =G96 -> 23 | J96: =H96/DAY(B2) -> 23
A97: Domestic Zone-3 | D97: KL | E97: 95677 | F97: 95695 | G97: =F97-E97 -> 18 | H97: =G97 -> 18 | J97: =H97/DAY(B2) -> 18
A98: Flush Zone -1 | D98: KL | E98: 145554 | F98: 145637 | G98: =F98-E98 -> 83 | H98: =G98 -> 83 | J98: =H98/DAY(B2) -> 83
A99: Flush Zone -2 | D99: KL | E99: 5974 | F99: 5987 | G99: =F99-E99 -> 13 | H99: =G99 -> 13 | J99: =H99/DAY(B2) -> 13
A100: Flush Zone -3 | D100: KL | E100: 4237 | F100: 4243 | G100: =F100-E100 -> 6 | H100: =G100 -> 6 | J100: =H100/DAY(B2) -> 6
...

Sheet 2
A1: Daily Utility Consumption Report
A2: Prepaired by- Devendra | B2: 44229 | C2: occupancy | D2: 0.48 | G2: Occupancy% | H2: Electricity | I2: Water | J2: Gas
C3: Avg temp | D3: 27 | E3: Last year same month avg
C4: humidity | D4: 0.75
A5: Description | D5: Unit | E5: Yesterday | F5: Today | G5: units.consum | H5: MTD | I5: Budgeted | J5: Average/Day
A6: ELECTRICAL CONSUMPTION
A7: BEST Supply 11KV | D7: kwh | E7: ='1'!F7 -> 3907489 | F7: 3926870 | G7: =F7-E7 -> 19381 | H7: =G7+'1'!H7 -> 38672 | I7: ='1'!I7 -> 12000 | J7: =H7/DAY(B2) -> 19336
A8: BEST supply | D8: KVAH | E8: ='1'!F8 -> 3932325 | F8: 3951858 | G8: =F8-E8 -> 19533 | H8: =G8+'1'!H8 -> 39007 | I8: 12000 | J8: =H8/DAY(B2) -> 19503.5
A9: Transformer - 1 - 2500KVA | D9: kwh | E9: ='1'!F9 -> 2542028.5 | F9: 2548795 | G9: =F9-E9 -> 6766.5 | H9: =G9+'1'!H9 -> 13666.5 | I9: =I8-J8 -> -7503.5 | J9: =H9/DAY(B2) -> 6833.25
A10: Transformer - 2 -2500KVA | D10: kwh | E10: ='1'!F10 -> 1212601.3 | F10: 1224470 | G10: =F10-E10 -> 11868.7 | H10: =G10+'1'!H10 -> 23595.6 | J10: =H10/DAY(B2) -> 11797.8
A11: DG set- 1 - 1425KVA | D11: kwh | E11: ='1'!F11 -> 35390 | F11: 35390 | G11: =F11-E11 -> 0 | H11: =G11+'1'!H11 -> 0 | J11: =H11/DAY(B2) -> 0
A12: DG set- 2 - 1425KVA | D12: kwh | E12: ='1'!F12 -> 37630 | F12: 37630 | G12: 0 | H12: =G12+'1'!H12 -> 0 | J12: =H12/DAY(B2) -> 0
A13: SubTotal | G13: =G9+G10+G11+G12 -> 18635.2 | H13: =G13+'1'!H13 -> 37262.1 | I13: =G7-G13 -> 745.8 | J13: =H13/DAY(B2) -> 18631.05
A14: GAS CONSUMPTION
A15: Gas consumption | D15: m3 | E15: ='1'!F15 -> 1595235.1 | F15: 1596096 | G15: =(F15-E15) -> 860.9 | H15: =G15+'1'!H15 -> 1658.85 | I15: 800 | J15: =H15/DAY(B2) -> 829.425
I16: =I15-J15 -> -29.425 | O16: =G15-150 -> 710.9
A17: WATER CONSUMPTION
A18: Tankers | D18: KL | E18: ='1'!F18 -> 12 | F18: 12 | G18: =F18*10 -> 120 | H18: =G18+'1'!H18 -> 240 | I18: ='1'!I18 -> 65 | J18: =H18/DAY(B2) -> 120
A19: BMC | D19: KL | E19: ='1'!F19 -> 133099 | F19: 133150 | G19: =F19-E19 -> 51 | H19: =G19+'1'!H19 -> 102 | J19: =H19/DAY(B2) -> 51
A20: Total water | G20: =G18+G19 -> 171 | H20: =G20+'1'!H20 -> 342 | I20: =I18-J20 -> -106 | J20: =H20/DAY(B2) -> 171
A21: DIESEL CONSUMPTION
A22: Boiler House (H.S.D) | D22: L | E22: ='1'!F22 -> 2250 | F22: 2250 | G22: =(F22-E22) -> 0 | H22: =G22+'1'!H22 -> 0 | J22: =H22/DAY(B2) -> 0
A23: D-G Set (H.S.D) | D23: L | E23: ='1'!F23 -> 2000 | F23: 2000 | G23: 0 | H23: =G23+'1'!H23 -> 0 | J23: =H23/DAY(B2) -> 0
A24: Total HSD (H.S.D.) Stock | D24: L | E24: ='1'!F24 -> 4250 | F24: 4250 | G24: 0 | H24: =G24 -> 0 | J24: =H24/DAY(B2) -> 0
A25: TOTAL CONSUMPTION UNIT &COST
A26: Utilities | D26: Units
A27: Electricity | D27: KVAH | E27: =G8 -> 19533 | F27: 9 | G27: =E27*F27 -> 175797 | H27: =G27+'1'!H27 -> 351063 | J27: =H27/DAY(B2) -> 175531.5
A28: C.N.G | D28: Cu.Mtr | E28: =G15 -> 860.9 | F28: 43.5 | G28: =E28*F28 -> 37449.15 | H28: =G28+'1'!H28 -> 72159.975 | J28: =H28/DAY(B2) -> 36079.988
A29: H.S.D | D29: Ltr | E29: =G24 -> 0 | F29: 69 | G29: =E29*F29 -> 0 | H29: =G29+'1'!H29 -> 0 | J29: =H29/DAY(B2) -> 0
A30: Water BMC | D30: Kl | E30: =G19 -> 51 | F30: 134 | G30: =E30*F30 -> 6834 | H30: =G30+'1'!H30 -> 13668 | J30: =H30/DAY(B2) -> 6834
A31: Water Tanker | D31: KL | E31: =G18 -> 120 | F31: 80 | G31: =E31*F31 -> 9600 | H31: =G31+'1'!H31 -> 19200 | J31: =H31/DAY(B2) -> 9600
A32: Total cost | G32: =G27+G28+G29+G30+G31 -> 229680.15 | H32: =G32+'1'!H32 -> 456090.98 | J32: =H32/DAY(B2) -> 228045.49
A33: BRANCH READINGS & CONSUMPTION
A34: Transformer No 1 (Sub Feeders)
A35: Main HVAC Power Panel- 800A | D35: kwh | E35: ='1'!F35 -> 629027.67 | F35: 629027.67 | G35: =F35-E35 -> 0 | H35: =G35+'1'!H35 -> 0 | J35: =H35/DAY(B2) -> 0
A36: Main Panel BALLROOM LVL-2 -2000A | D36: kwh | E36: ='1'!F36 -> 277046.65 | F36: 277668 | G36: =F36-E36 -> 621.35 | H36: =G36+'1'!H36 -> 1176.55 | J36: =H36/DAY(B2) -> 588.275
A37: Fire Emergency Power Panel - 1000A | D37: kwh | E37: ='1'!F37 -> 415066 | F37: 415066 | G37: =F37-E37 -> 0 | H37: =G37+'1'!H37 -> 0 | J37: =H37/DAY(B2) -> 0
A38: Main Power Panel -1600A | D38: kwh | E38: ='1'!F38 -> 97.88 | F38: 97.88 | G38: =F38-E38 -> 0 | H38: =G38+'1'!H38 -> 0 | J38: =H38/DAY(B2) -> 0
A39: Main Lighting and Small power Panel | D39: kwh | E39: ='1'!F39 -> 912480 | F39: 912480 | G39: =F39-E39 -> 0 | H39: =G39+'1'!H39 -> 0 | J39: =H39/DAY(B2) -> 0
A40: Capacitor Bank -1 1100KVAR- 2500A | D40: kwh | E40: ='1'!F40 -> 0 | F40: 0 | G40: =F40-E40 -> 0 | H40: =G40+'1'!H40 -> 0 | J40: =H40/DAY(B2) -> 0
A41: Chiller No 1 | D41: kwh | E41: ='1'!F41 -> 48988.51 | F41: 53159 | G41: =F41-E41 -> 4170.49 | H41: =G41+'1'!H41 -> 8536.48 | J41: =H41/DAY(B2) -> 4268.24
A42: Chiller No 2- | D42: kwh | E42: ='1'!F42 -> 58926 | F42: 58926.09 | G42: =F42-E42 -> 0.09 | H42: =G42+'1'!H42 -> 0.09 | J42: =H42/DAY(B2) -> 0.045
A43: Chiller Water pump Panel- 630A | D43: kwh | E43: ='1'!F43 -> 770084.87 | F43: 772345 | G43: =F43-E43 -> 2260.13 | H43: =G43+'1'!H43 -> 4533.09 | J43: =H43/DAY(B2) -> 2266.545
A44: Co-Genrator | D44: kwh | E44: ='1'!F44 -> 0 | F44: 0 | G44: =F44-E44 -> 0 | H44: =G44+'1'!H44 -> 0 | J44: =H44/DAY(B2) -> 0
A45: Lawn Pantry | D45: kwh | E45: ='1'!F45 -> 614.48 | F45: 614 | G45: =F45-E45 -> -0.48 | H45: =G45+'1'!H45 -> -0.48 | J45: =H45/DAY(B2) -> -0.24
A46: Pavilion Power | D46: kwh | E46: ='1'!F46 -> 187.49 | F46: 187 | G46: =F46-E46 -> -0.49 | H46: =G46+'1'!H46 -> -0.49 | J46: =H46/DAY(B2) -> -0.245
A47: Sub Total | G47: =G35+G36+G37+G38+G39+G40+G41+G42+G43+G44+G45+G46 -> 7051.09 | H47: =G47+'1'!H47 -> 14245.24 | J47: =H47/DAY(B2) -> 7122.62
A48: Transformer No 2 (Sub Feeders)
A49: Main HVAC Power Panel- 800A | D49: kwh | E49: ='1'!F49 -> 248895.09 | F49: 251954 | G49: =F49-E49 -> 3058.91 | H49: =G49+'1'!H49 -> 6054.95 | J49: =H49/DAY(B2) -> 3027.475
A50: Main MV PanelBALLROOM LVL-1- 2000A | D50: kwh | E50: ='1'!F50 -> 369638.67 | F50: 370675 | G50: =F50-E50 -> 1036.33 | H50: =G50+'1'!H50 -> 2057.69 | J50: =H50/DAY(B2) -> 1028.845
A51: Fire Emergency Power Panel - 1000A | D51: kwh | E51: ='1'!F51 -> 111537.57 | F51: 112979 | G51: =F51-E51 -> 1441.43 | H51: =G51+'1'!H51 -> 2879.26 | J51: =H51/DAY(B2) -> 1439.63
A52: Main Power Panel -1800A | D52: kwh | E52: ='1'!F52 -> 495823.71 | F52: 497846 | G52: =F52-E52 -> 2022.29 | H52: =G52+'1'!H52 -> 4037.33 | J52: =H52/DAY(B2) -> 2018.665
A53: Main Lighting and Small power Panel | D53: kwh | E53: ='1'!F53 -> 308402.03 | F53: 312561 | G53: =F53-E53 -> 4158.97 | H53: =G53+'1'!H53 -> 8262.73 | J53: =H53/DAY(B2) -> 4131.365
A54: Capacitor Bank -2 1200KVAR- 2500A | D54: kwh | E54: ='1'!F54 -> 6356.96 | F54: 6396 | G54: =F54-E54 -> 39.04 | H54: =G54+'1'!H54 -> 79.36 | J54: =H54/DAY(B2) -> 39.68
A55: Chiller No -3 - 1200A | D55: kwh | E55: ='1'!F55 -> 39120.58 | F55: 39120.58 | G55: =F55-E55 -> 0 | H55: =G55+'1'!H55 -> 0 | J55: =H55/DAY(B2) -> 0
A56: Chiller No-4 - 1200A | D56: Kwh | E56: ='1'!F56 -> 557732.43 | F56: 557734.43 | G56: =F56-E56 -> 2 | H56: =G56+'1'!H56 -> 2.52 | J56: =H56/DAY(B2) -> 1.26
A57: Chiller Water pump Panel- 630A | D57: kwh | E57: ='1'!F57 -> 0 | F57: 0 | G57: =F57-E57 -> 0 | H57: =G57+'1'!H57 -> 0 | J57: =H57/DAY(B2) -> 0
A58: B2-Loundry power panel | D58: kwh | E58: ='1'!F58 -> 30706.43 | F58: 30860 | G58: =F58-E58 -> 153.57 | H58: =G58+'1'!H58 -> 328.09 | J58: =H58/DAY(B2) -> 164.045
A59: Sub Total | G59: =G49+G50+G51+G52+G53+G54+G55+G56+G57+G58 -> 11912.54 | H59: =G59+'1'!H59 -> 23701.93 | I59: =G7-G60 -> 417.37 | J59: =H59/DAY(B2) -> 11850.965
D60: Total TR1 & TR2 | G60: =G47+G59 -> 18963.63 | H60: =G60+'1'!H60 -> 37947.17 | I60: =G13-G60 -> -328.43 | J60: =H60/DAY(B2) -> 18973.585
A61: Floor lighting & Power consumption
A62: 2nd floor plant room | D62: KWh | E62: ='1'!F62 -> 20419.189 | F62: 20419.189 | G62: =F62-E62 -> 0 | H62: =G62+'1'!H62 -> 0 | J62: =H62/DAY(B2) -> 0
A63: 5th floor spa | D63: KWh | E63: ='1'!F63 -> 1346.99 | F63: 1362 | G63: =F63-E63 -> 15.01 | H63: =G63+'1'!H63 -> 29.47 | J63: =H63/DAY(B2) -> 14.735
A64: 5th Floor | D64: KWh | E64: ='1'!F64 -> 111729.09 | F64: 112165 | G64: =F64-E64 -> 435.91 | H64: =G64+'1'!H64 -> 881.54 | J64: =H64/DAY(B2) -> 440.77
A65: 12th Floor | D65: KWh | E65: ='1'!F65 -> 122116.01 | F65: 122494 | G65: =F65-E65 -> 377.99 | H65: =G65+'1'!H65 -> 760.89 | J65: =H65/DAY(B2) -> 380.445
A66: 20th Floor | D66: KWh | E66: ='1'!F66 -> 14549.83 | F66: 14954 | G66: =F66-E66 -> 404.17 | H66: =G66+'1'!H66 -> 794.26 | J66: =H66/DAY(B2) -> 397.13
A67: 27th Floor | D67: KWh | E67: ='1'!F67 -> 189332.39 | F67: 190003 | G67: =F67-E67 -> 670.61 | H67: =G67+'1'!H67 -> 1328.47 | J67: =H67/DAY(B2) -> 664.235
A68: 34th Floor | D68: KWh | E68: ='1'!F68 -> 63627.65 | F68: 63969 | G68: =F68-E68 -> 341.35 | H68: =G68+'1'!H68 -> 669.14 | J68: =H68/DAY(B2) -> 334.57
A69: Sanqi | D69: KWh | E69: ='1'!F69 -> 56043.61 | F69: 56354 | G69: =F69-E69 -> 310.39 | H69: =G69+'1'!H69 -> 630.29 | J69: =H69/DAY(B2) -> 315.145
A70: Consumption of Extra AHU run | D70: KWh
A71: Kitchen consumption
A72: Main kitchen power panel no 1 | D72: KWh | E72: ='1'!F72 -> 848549 | F72: 848633 | G72: =F72-E72 -> 84 | H72: =G72+'1'!H72 -> 168 | J72: =H72/DAY(B2) -> 84
A73: Main kitchen power panel no 2 | D73: KWh | E73: ='1'!F73 -> 885728 | F73: 885728 | G73: =F73-E73 -> 0 | H73: =G73+'1'!H73 -> 0 | J73: =H73/DAY(B2) -> 0
A74: Prato kitchen power panel | D74: KWh | E74: ='1'!F74 -> 882392 | F74: 882419 | G74: =F74-E74 -> 27 | H74: =G74+'1'!H74 -> 50 | J74: =H74/DAY(B2) -> 25
A75: San- Qi Indian Kitchen | D75: KWh | E75: ='1'!F75 -> 737702 | F75: 737886 | G75: =F75-E75 -> 184 | H75: =G75+'1'!H75 -> 367 | J75: =H75/DAY(B2) -> 183.5
A76: San- Qi Japanese Kitchen | D76: KWh | E76: ='1'!F76 -> 687088 | F76: 687161 | G76: =F76-E76 -> 73 | H76: =G76+'1'!H76 -> 147 | J76: =H76/DAY(B2) -> 73.5
A77: The club kitchen | D77: KWh | E77: ='1'!F77 -> 697155 | F77: 697214 | G77: =F77-E77 -> 59 | H77: =G77+'1'!H77 -> 107 | J77: =H77/DAY(B2) -> 53.5
A78: AER Kitchen | D78: KWh | E78: ='1'!F78 -> 642287 | F78: 642667 | G78: =F78-E78 -> 380 | H78: =G78+'1'!H78 -> 714 | J78: =H78/DAY(B2) -> 357
A79: COLD ROOM'S | D79: KWh | E79: ='1'!F79 -> 809896 | F79: 810092 | G79: =F79-E79 -> 196 | H79: =G79+'1'!H79 -> 401 | J79: =H79/DAY(B2) -> 200.5
A80: Ball Room 1 kitchen | D80: KWh | E80: ='1'!F80 -> 485435 | F80: 485753 | G80: =F80-E80 -> 318 | H80: =G80+'1'!H80 -> 626 | J80: =H80/DAY(B2) -> 313
A81: Ball Room 2 kitchen | D81: KWh | E81: ='1'!F81 -> 622851 | F81: 622953 | G81: =F81-E81 -> 102 | H81: =G81+'1'!H81 -> 178 | J81: =H81/DAY(B2) -> 89
A82: B1 Laundry | D82: kwh | E82: ='1'!F82 -> 105485 | F82: 105540 | G82: =F82-E82 -> 55 | H82: =G82+'1'!H82 -> 100 | J82: =H82/DAY(B2) -> 50
A83: STP Electrical | D83: kwh | E83: ='1'!F83 -> 984174 | F83: 984602 | G83: =F83-E83 -> 428 | H83: =G83+'1'!H83 -> 861 | J83: =H83/DAY(B2) -> 430.5
A84: Cooling Tower | D84: kwh | E84: ='1'!F84 -> 416594 | F84: 417128 | G84: =F84-E84 -> 534 | H84: =G84+'1'!H84 -> 1055 | J84: =H84/DAY(B2) -> 527.5
A85: Total | E85: ='1'!F85 -> 0 | G85: =SUM(G71:G84) -> 2440 | H85: =G85+'1'!H84 -> 2961 | J85: =H85/DAY(B2) -> 1480.5
A86: MOCK Up Room | D86: Kwh | E86: ='1'!F86 -> 447230.36 | F86: 447372 | G86: =F86-E86 -> 141.64 | H86: =G86+'1'!H86 -> 266 | J86: =H86/DAY(B2) -> 133
A87: 27th Floor | D87: Kwh | E87: ='1'!F87 -> 78477.7 | F87: 78512 | G87: =F87-E87 -> 34.3 | H87: =G87+'1'!H87 -> 65.7 | J87: =H87/DAY(B2) -> 32.85
A88: Physic57 | D88: Kwh | E88: ='1'!F88 -> 146589 | F88: 146643 | G88: =F88-E88 -> 54 | H88: =G88+'1'!H88 -> 141 | J88: =H88/DAY(B2) -> 70.5
A89: Pinoor Legal- Lighting | D89: Kwh | E89: ='1'!F89 -> 59873.3 | F89: 59964 | G89: =F89-E89 -> 90.7 | H89: =G89+'1'!H89 -> 162 | J89: =H89/DAY(B2) -> 81
A90: Pinoor Legal- Lighting | D90: Kwh | E90: ='1'!F90 -> 3070.5 | F90: 3075 | G90: =F90-E90 -> 4.5 | H90: =G90+'1'!H90 -> 9.1 | J90: =H90/DAY(B2) -> 4.55
A91: WATER
A92: R.o.plant | D92: KL | E92: ='1'!F92 -> 236657 | F92: 236732 | G92: =F92-E92 -> 75 | H92: =G92+'1'!H92 -> 162 | J92: =H92/DAY(B2) -> 81
A93: STP Water Prod | D93: KL | E93: ='1'!F93 -> 171376 | F93: 171527 | G93: =F93-E93 -> 151 | H93: =G93+'1'!H93 -> 351 | J93: =H93/DAY(B2) -> 175.5
A94: Total water Produce | G94: =G92+G93 -> 226 | H94: =G94+'1'!H94 -> 226 | J94: =H94/DAY(B2) -> 113
A95: Domestic Zone-1 | D95: KL | E95: ='1'!F95 -> 405948 | F95: 406018 | G95: =F95-E95 -> 70 | H95: =G95+'1'!H95 -> 142 | J95: =H95/DAY(B2) -> 71
A96: Domestic Zone-2 | D96: KL | E96: ='1'!F96 -> 100557 | F96: 100587 | G96: =F96-E96 -> 30 | H96: =G96+'1'!H96 -> 53 | J96: =H96/DAY(B2) -> 26.5
A97: Domestic Zone-3 | D97: KL | E97: ='1'!F97 -> 95695 | F97: 95711 | G97: =F97-E97 -> 16 | H97: =G97+'1'!H97 -> 34 | J97: =H97/DAY(B2) -> 17
A98: Flush Zone -1 | D98: KL | E98: ='1'!F98 -> 145637 | F98: 145704 | G98: =F98-E98 -> 67 | H98: =G98+'1'!H98 -> 150 | J98: =H98/DAY(B2) -> 75
A99: Flush Zone -2 | D99: KL | E99: ='1'!F99 -> 5987 | F99: 5995 | G99: =F99-E99 -> 8 | H99: =G99+'1'!H99 -> 21 | J99: =H99/DAY(B2) -> 10.5
A100: Flush Zone -3 | D100: KL | E100: ='1'!F100 -> 4243 | F100: 4248 | G100: =F100-E100 -> 5 | H100: =G100+'1'!H100 -> 11 | J100: =H100/DAY(B2) -> 5.5
...

Sheet 3
A1: Daily Utility Consumption Report
A2: Prepaired by--- Devendra | B2: 44230 | C2: occupancy | D2: 0.35 | G2: Occupancy% | H2: Electricity | I2: Water | J2: Gas
C3: Avg temp | D3: 27 | E3: Last year same month avg
C4: humidity | D4: 0.75
A5: Description | D5: Unit | E5: Yesterday | F5: Today | G5: units.consum | H5: MTD | I5: Budgeted | J5: Average/Day
A6: ELECTRICAL CONSUMPTION
A7: BEST Supply 11KV | D7: kwh | E7: ='2'!F7 -> 3926870 | F7: 3946245 | G7: =F7-E7 -> 19375 | H7: =G7+'2'!H7 -> 58047 | I7: ='1'!I7 -> 12000 | J7: =H7/DAY(B2) -> 19349
A8: BEST supply | D8: KVAH | E8: ='2'!F8 -> 3951858 | F8: 3971529 | G8: =F8-E8 -> 19671 | H8: =G8+'2'!H8 -> 58678 | I8: 12000 | J8: =H8/DAY(B2) -> 19559.333
A9: Transformer - 1 - 2500KVA | D9: kwh | E9: ='2'!F9 -> 2548795 | F9: 2558209 | G9: =F9-E9 -> 9414 | H9: =G9+'2'!H9 -> 23080.5 | I9: =I8-J8 -> -7559.3333 | J9: =H9/DAY(B2) -> 7693.5
A10: Transformer - 2 -2500KVA | D10: kwh | E10: ='2'!F10 -> 1224470 | F10: 1233785 | G10: =F10-E10 -> 9315 | H10: =G10+'2'!H10 -> 32910.6 | J10: =H10/DAY(B2) -> 10970.2
A11: DG set- 1 - 1425KVA | D11: kwh | E11: ='2'!F11 -> 35390 | F11: 35390 | G11: =F11-E11 -> 0 | H11: =G11+'2'!H11 -> 0 | J11: =H11/DAY(B2) -> 0
A12: DG set- 2 - 1425KVA | D12: kwh | E12: ='2'!F12 -> 37630 | F12: 37630 | G12: =F12-E12 -> 0 | H12: =G12+'2'!H12 -> 0 | J12: =H12/DAY(B2) -> 0
A13: SubTotal | G13: =G9+G10+G11+G12 -> 18729 | H13: =G13+'2'!H13 -> 55991.1 | I13: =G7-G13 -> 646 | J13: =H13/DAY(B2) -> 18663.7
A14: GAS CONSUMPTION
A15: Gas consumption | D15: m3 | E15: ='2'!F15 -> 1596096 | F15: 1596969 | G15: =F15-E15 -> 873 | H15: =G15+'2'!H15 -> 2531.85 | I15: 800 | J15: =H15/DAY(B2) -> 843.95
I16: =I15-J15 -> -43.95
A17: WATER CONSUMPTION
A18: Tankers | D18: KL | E18: ='2'!F18 -> 12 | F18: 11 | G18: =F18*10 -> 110 | H18: =G18+'2'!H18 -> 350 | I18: ='1'!I18 -> 65 | J18: =H18/DAY(B2) -> 116.66667
A19: BMC | D19: KL | E19: ='2'!F19 -> 133150 | F19: 133201 | G19: =F19-E19 -> 51 | H19: =G19+'2'!H19 -> 153 | J19: =H19/DAY(B2) -> 51
A20: Total water | G20: =G18+G19 -> 161 | H20: =G20+'2'!H20 -> 503 | I20: =I18-J20 -> -102.66667 | J20: =H20/DAY(B2) -> 167.66667
A21: DIESEL CONSUMPTION
A22: Boiler House (H.S.D) | D22: L | E22: ='2'!F22 -> 2250 | F22: 2250 | G22: =(F22-E22) -> 0 | H22: =G22+'2'!H22 -> 0 | J22: =H22/DAY(B2) -> 0
A23: D-G Set (H.S.D) | D23: L | E23: ='2'!F23 -> 2000 | F23: 2000 | G23: 0 | H23: =G23+'2'!H23 -> 0 | J23: =H23/DAY(B2) -> 0
A24: Total HSD (H.S.D.) Stock | D24: L | E24: ='2'!F24 -> 4250 | F24: 4250 | G24: 0 | H24: =G24 -> 0 | J24: =H24/DAY(B2) -> 0
A25: TOTAL CONSUMPTION UNIT &COST
A26: Utilities | D26: Units
A27: Electricity | D27: KVAH | E27: =G8 -> 19671 | F27: 9 | G27: =E27*F27 -> 177039 | H27: =G27+'2'!H27 -> 528102 | J27: =H27/DAY(B2) -> 176034
A28: C.N.G | D28: Cu.Mtr | E28: =G15 -> 873 | F28: 43.5 | G28: =E28*F28 -> 37975.5 | H28: =G28+'2'!H28 -> 110135.48 | J28: =H28/DAY(B2) -> 36711.825
A29: H.S.D | D29: Ltr | E29: =G24 -> 0 | F29: 69 | G29: =E29*F29 -> 0 | H29: =G29+'2'!H29 -> 0 | J29: =H29/DAY(B2) -> 0
A30: Water BMC | D30: Kl | E30: =G19 -> 51 | F30: 134 | G30: =E30*F30 -> 6834 | H30: =G30+'2'!H30 -> 20502 | J30: =H30/DAY(B2) -> 6834
A31: Water Tanker | D31: KL | E31: =G18 -> 110 | F31: 80 | G31: =E31*F31 -> 8800 | H31: =G31+'2'!H31 -> 28000 | J31: =H31/DAY(B2) -> 9333.3333
A32: Total cost | G32: =G27+G28+G29+G30+G31 -> 230648.5 | H32: =G32+'2'!H32 -> 686739.48 | J32: =H32/DAY(B2) -> 228913.16
A33: BRANCH READINGS & CONSUMPTION
A34: Transformer No 1 (Sub Feeders)
A35: Main HVAC Power Panel- 800A | D35: kwh | E35: ='2'!F35 -> 629027.67 | F35: 631596 | G35: =F35-E35 -> 2568.33 | H35: =G35+'2'!H35 -> 2568.33 | J35: =H35/DAY(B2) -> 856.11
A36: Main Panel BALLROOM LVL-2 -2000A | D36: kwh | E36: ='2'!F36 -> 277668 | F36: 278452 | G36: =F36-E36 -> 784 | H36: =G36+'2'!H36 -> 1960.55 | J36: =H36/DAY(B2) -> 653.51667
A37: Fire Emergency Power Panel - 1000A | D37: kwh | E37: ='2'!F37 -> 415066 | F37: 415066 | G37: =F37-E37 -> 0 | H37: =G37+'2'!H37 -> 0 | J37: =H37/DAY(B2) -> 0
A38: Main Power Panel -1600A | D38: kwh | E38: ='2'!F38 -> 97.88 | F38: 97.88 | G38: =F38-E38 -> 0 | H38: =G38+'2'!H38 -> 0 | J38: =H38/DAY(B2) -> 0
A39: Main Lighting and Small power Panel | D39: kwh | E39: ='2'!F39 -> 912480 | F39: 912480 | G39: =F39-E39 -> 0 | H39: =G39+'2'!H39 -> 0 | J39: =H39/DAY(B2) -> 0
A40: Capacitor Bank -1 1100KVAR- 2500A | D40: kwh | E40: 0.17 | F40: 0.17 | G40: =F40-E40 -> 0 | H40: =G40+'2'!H40 -> 0 | J40: =H40/DAY(B2) -> 0
A41: Chiller No 1 | D41: kwh | E41: ='2'!F41 -> 53159 | F41: 57170 | G41: =F41-E41 -> 4011 | H41: =G41+'2'!H41 -> 12547.48 | J41: =H41/DAY(B2) -> 4182.4933
A42: Chiller No 2- | D42: kwh | E42: ='2'!F42 -> 58926.09 | F42: 58926.09 | G42: =F42-E42 -> 0 | H42: =G42+'2'!H42 -> 0.09 | J42: =H42/DAY(B2) -> 0.03
A43: Chiller Water pump Panel- 630A | D43: kwh | E43: ='2'!F43 -> 772345 | F43: 774638 | G43: =F43-E43 -> 2293 | H43: =G43+'2'!H43 -> 6826.09 | J43: =H43/DAY(B2) -> 2275.3633
A44: Co-Genrator | D44: kwh | E44: ='2'!F44 -> 0 | F44: 0 | G44: =F44-E44 -> 0 | H44: =G44+'2'!H44 -> 0 | J44: =H44/DAY(B2) -> 0
A45: Lawn Pantry | D45: kwh | E45: ='2'!F45 -> 614 | F45: 614 | G45: =F45-E45 -> 0 | H45: =G45+'2'!H45 -> -0.48 | J45: =H45/DAY(B2) -> -0.16
A46: Pavilion Power | D46: kwh | E46: ='2'!F46 -> 187 | F46: 187 | G46: =F46-E46 -> 0 | H46: =G46+'2'!H46 -> -0.49 | J46: =H46/DAY(B2) -> -0.16333333
A47: Sub Total | G47: =G35+G36+G37+G38+G39+G40+G41+G42+G43+G44+G45+G46 -> 9656.33 | H47: =G47+'2'!H47 -> 23901.57 | J47: =H47/DAY(B2) -> 7967.19
A48: Transformer No 2 (Sub Feeders)
A49: Main HVAC Power Panel- 800A | D49: kwh | E49: ='2'!F49 -> 251954 | F49: 251968 | G49: =F49-E49 -> 14 | H49: =G49+'2'!H49 -> 6068.95 | J49: =H49/DAY(B2) -> 2022.9833
A50: Main MV PanelBALLROOM LVL-1- 2000A | D50: kwh | E50: ='2'!F50 -> 370675 | F50: 372061 | G50: =F50-E50 -> 1386 | H50: =G50+'2'!H50 -> 3443.69 | J50: =H50/DAY(B2) -> 1147.8967
A51: Fire Emergency Power Panel - 1000A | D51: kwh | E51: ='2'!F51 -> 112979 | F51: 114511 | G51: =F51-E51 -> 1532 | H51: =G51+'2'!H51 -> 4411.26 | J51: =H51/DAY(B2) -> 1470.42
A52: Main Power Panel -1800A | D52: kwh | E52: ='2'!F52 -> 497846 | F52: 499795 | G52: =F52-E52 -> 1949 | H52: =G52+'2'!H52 -> 5986.33 | J52: =H52/DAY(B2) -> 1995.4433
A53: Main Lighting and Small power Panel | D53: kwh | E53: ='2'!F53 -> 312561 | F53: 316830 | G53: =F53-E53 -> 4269 | H53: =G53+'2'!H53 -> 12531.73 | J53: =H53/DAY(B2) -> 4177.2433
A54: Capacitor Bank -2 1200KVAR- 2500A | D54: kwh | E54: ='2'!F54 -> 6396 | F54: 6411 | G54: =F54-E54 -> 15 | H54: =G54+'2'!H54 -> 94.36 | J54: =H54/DAY(B2) -> 31.453333
A55: Chiller No -3 - 1200A | D55: kwh | E55: ='2'!F55 -> 39120.58 | F55: 39120.58 | G55: =F55-E55 -> 0 | H55: =G55+'2'!H55 -> 0 | J55: =H55/DAY(B2) -> 0
A56: Chiller No-4 - 1200A | D56: Kwh | E56: ='2'!F56 -> 557734.43 | F56: 557734.43 | G56: =F56-E56 -> 0 | H56: =G56+'2'!H56 -> 2.52 | J56: =H56/DAY(B2) -> 0.84
A57: Chiller Water pump Panel- 630A | D57: kwh | E57: ='2'!F57 -> 0 | F57: 0 | G57: =F57-E57 -> 0 | H57: =G57+'2'!H57 -> 0 | J57: =H57/DAY(B2) -> 0
A58: B2-Loundry power panel | D58: kwh | E58: ='2'!F58 -> 30860 | F58: 31030 | G58: =F58-E58 -> 170 | H58: =G58+'2'!H58 -> 498.09 | J58: =H58/DAY(B2) -> 166.03
A59: Sub Total | G59: =G49+G50+G51+G52+G53+G54+G55+G56+G57+G58 -> 9335 | H59: =G59+'2'!H59 -> 33036.93 | I59: =G7-G60 -> 383.67 | J59: =H59/DAY(B2) -> 11012.31
D60: Total TR1 & TR2 | G60: =G47+G59 -> 18991.33 | H60: =G60+'2'!H60 -> 56938.5 | I60: =G13-G60 -> -262.33 | J60: =H60/DAY(B2) -> 18979.5
A61: Floor lighting & Power consumption
A62: 2nd floor plant room | D62: KWh | E62: ='2'!F62 -> 20419.189 | F62: 20419.189 | G62: =F62-E62 -> 0 | H62: =G62+'2'!H62 -> 0 | J62: =H62/DAY(B2) -> 0
A63: 5th floor spa | D63: KWh | E63: ='2'!F63 -> 1362 | F63: 1377 | G63: =F63-E63 -> 15 | H63: =G63+'2'!H63 -> 44.47 | J63: =H63/DAY(B2) -> 14.823333
A64: 5th Floor | D64: KWh | E64: ='2'!F64 -> 112165 | F64: 112583 | G64: =F64-E64 -> 418 | H64: =G64+'2'!H64 -> 1299.54 | J64: =H64/DAY(B2) -> 433.18
A65: 12th Floor | D65: KWh | E65: ='2'!F65 -> 122494 | F65: 122868 | G65: =F65-E65 -> 374 | H65: =G65+'2'!H65 -> 1134.89 | J65: =H65/DAY(B2) -> 378.29667
A66: 20th Floor | D66: KWh | E66: ='2'!F66 -> 14954 | F66: 15373 | G66: =F66-E66 -> 419 | H66: =G66+'2'!H66 -> 1213.26 | J66: =H66/DAY(B2) -> 404.42
A67: 27th Floor | D67: KWh | E67: ='2'!F67 -> 190003 | F67: 190728 | G67: =F67-E67 -> 725 | H67: =G67+'2'!H67 -> 2053.47 | J67: =H67/DAY(B2) -> 684.49
A68: 34th Floor | D68: KWh | E68: ='2'!F68 -> 63969 | F68: 64300 | G68: =F68-E68 -> 331 | H68: =G68+'2'!H68 -> 1000.14 | J68: =H68/DAY(B2) -> 333.38
A69: Sanqi | D69: KWh | E69: ='2'!F69 -> 56354 | F69: 56667 | G69: =F69-E69 -> 313 | H69: =G69+'2'!H69 -> 943.29 | J69: =H69/DAY(B2) -> 314.43
A70: Consumption of Extra AHU run | D70: KWh
A71: Kitchen consumption
A72: Main kitchen power panel no 1 | D72: KWh | E72: ='2'!F72 -> 848633 | F72: 848721 | G72: =F72-E72 -> 88 | H72: =G72+'2'!H72 -> 256 | J72: =H72/DAY(B2) -> 85.333333
A73: Main kitchen power panel no 2 | D73: KWh | E73: ='2'!F73 -> 885728 | F73: 885729 | G73: =F73-E73 -> 1 | H73: =G73+'2'!H73 -> 1 | J73: =H73/DAY(B2) -> 0.33333333
A74: Prato kitchen power panel | D74: KWh | E74: ='2'!F74 -> 882419 | F74: 882443 | G74: =F74-E74 -> 24 | H74: =G74+'2'!H74 -> 74 | J74: =H74/DAY(B2) -> 24.666667
A75: San- Qi Indian Kitchen | D75: KWh | E75: ='2'!F75 -> 737886 | F75: 738078 | G75: =F75-E75 -> 192 | H75: =G75+'2'!H75 -> 559 | J75: =H75/DAY(B2) -> 186.33333
A76: San- Qi Japanese Kitchen | D76: KWh | E76: ='2'!F76 -> 687161 | F76: 687250 | G76: =F76-E76 -> 89 | H76: =G76+'2'!H76 -> 236 | J76: =H76/DAY(B2) -> 78.666667
A77: The club kitchen | D77: KWh | E77: ='2'!F77 -> 697214 | F77: 697261 | G77: =F77-E77 -> 47 | H77: =G77+'2'!H77 -> 154 | J77: =H77/DAY(B2) -> 51.333333
A78: AER Kitchen | D78: KWh | E78: ='2'!F78 -> 642667 | F78: 643092 | G78: =F78-E78 -> 425 | H78: =G78+'2'!H78 -> 1139 | J78: =H78/DAY(B2) -> 379.66667
A79: COLD ROOM'S | D79: KWh | E79: ='2'!F79 -> 810092 | F79: 810295 | G79: =F79-E79 -> 203 | H79: =G79+'2'!H79 -> 604 | J79: =H79/DAY(B2) -> 201.33333
A80: Ball Room 1 kitchen | D80: KWh | E80: ='2'!F80 -> 485753 | F80: 486080 | G80: =F80-E80 -> 327 | H80: =G80+'2'!H80 -> 953 | J80: =H80/DAY(B2) -> 317.66667
A81: Ball Room 2 kitchen | D81: KWh | E81: ='2'!F81 -> 622953 | F81: 623057 | G81: =F81-E81 -> 104 | H81: =G81+'2'!H81 -> 282 | J81: =H81/DAY(B2) -> 94
A82: B1 Laundry | D82: kwh | E82: ='2'!F82 -> 105540 | F82: 105581 | G82: =F82-E82 -> 41 | H82: =G82+'2'!H82 -> 141 | J82: =H82/DAY(B2) -> 47
A83: STP Electrical | D83: kwh | E83: ='2'!F83 -> 984602 | F83: 984996 | G83: =F83-E83 -> 394 | H83: =G83+'2'!H83 -> 1255 | J83: =H83/DAY(B2) -> 418.33333
A84: Cooling Tower | D84: kwh | E84: ='2'!F84 -> 417128 | F84: 417585 | G84: =F84-E84 -> 457 | H84: =G84+'2'!H84 -> 1512 | J84: =H84/DAY(B2) -> 504
A85: Total | G85: =SUM(G71:G84) -> 2392 | H85: =G85+'2'!H85 -> 5353 | J85: =H85/DAY(B2) -> 1784.3333
A86: MOCK Up Room | D86: Kwh | E86: ='2'!F86 -> 447372 | F86: 447518 | G86: =F86-E86 -> 146 | H86: =G86+'2'!H86 -> 412 | J86: =H86/DAY(B2) -> 137.33333
A87: 27th Floor | D87: Kwh | E87: ='2'!F87 -> 78512 | F87: 78543 | G87: =F87-E87 -> 31 | H87: =G87+'2'!H87 -> 96.7 | J87: =H87/DAY(B2) -> 32.233333
A88: Physic57 | D88: Kwh | E88: ='2'!F88 -> 146643 | F88: 146706 | G88: =F88-E88 -> 63 | H88: =G88+'2'!H88 -> 204 | J88: =H88/DAY(B2) -> 68
A89: Pinoor Legal- Lighting | D89: Kwh | E89: 59964 | F89: 60027 | G89: =F89-E89 -> 63 | H89: =G89+'2'!H89 -> 225 | J89: =H89/DAY(B2) -> 75 | K89: =I89/DAY(C3) -> #VALUE!
A90: Pinoor Legal- Lighting | D90: Kwh | E90: 3075 | F90: 3078 | G90: =F90-E90 -> 3 | H90: =G90+'2'!H90 -> 12.1 | J90: =H90/DAY(B2) -> 4.0333333 | K90: =I90/DAY(C4) -> #VALUE!
A91: WATER
A92: R.o.plant | D92: KL | E92: ='2'!F92 -> 236732 | F92: 236820 | G92: =F92-E92 -> 88 | H92: =G92+'2'!H92 -> 250 | J92: =H92/DAY(B2) -> 83.333333
A93: STP Water Prod | D93: KL | E93: ='2'!F93 -> 171527 | F93: 171677 | G93: =F93-E93 -> 150 | H93: =G93+'2'!H93 -> 501 | J93: =H93/DAY(B2) -> 167
A94: Total water Produce | G94: =G92+G93 -> 238 | H94: =G94+'2'!H94 -> 464 | J94: =H94/DAY(B2) -> 154.66667
A95: Domestic Zone-1 | D95: KL | E95: ='2'!F95 -> 406018 | F95: 406082 | G95: =F95-E95 -> 64 | H95: =G95+'2'!H95 -> 206 | J95: =H95/DAY(B2) -> 68.666667
A96: Domestic Zone-2 | D96: KL | E96: ='2'!F96 -> 100587 | F96: 100623 | G96: =F96-E96 -> 36 | H96: =G96+'2'!H96 -> 89 | J96: =H96/DAY(B2) -> 29.666667
A97: Domestic Zone-3 | D97: KL | E97: ='2'!F97 -> 95711 | F97: 95742 | G97: =F97-E97 -> 31 | H97: =G97+'2'!H97 -> 65 | J97: =H97/DAY(B2) -> 21.666667
A98: Flush Zone -1 | D98: KL | E98: ='2'!F98 -> 145704 | F98: 145776 | G98: =F98-E98 -> 72 | H98: =G98+'2'!H98 -> 222 | J98: =H98/DAY(B2) -> 74
A99: Flush Zone -2 | D99: KL | E99: ='2'!F99 -> 5995 | F99: 6005 | G99: =F99-E99 -> 10 | H99: =G99+'2'!H99 -> 31 | J99: =H99/DAY(B2) -> 10.333333
A100: Flush Zone -3 | D100: KL | E100: ='2'!F100 -> 4248 | F100: 4253 | G100: =F100-E100 -> 5 | H100: =G100+'2'!H100 -> 16 | J100: =H100/DAY(B2) -> 5.3333333
...

Sheet 4
A1: Daily Utility Consumption Report
A2: Prepaired by-- Devendra | B2: 44231 | C2: occupancy | D2: 0.38 | G2: Occupancy% | H2: Electricity | I2: Water | J2: Gas
C3: Avg temp | D3: 28 | E3: Last year same month avg
C4: humidity | D4: 0.75
A5: Description | D5: Unit | E5: Yesterday | F5: Today | G5: units.consum | H5: MTD | I5: Budgeted | J5: Average/Day
A6: ELECTRICAL CONSUMPTION
A7: BEST Supply 11KV | D7: kwh | E7: ='3'!F7 -> 3946245 | F7: 3964496 | G7: =F7-E7 -> 18251 | H7: =G7+'3'!H7 -> 76298 | I7: ='1'!I7 -> 12000 | J7: =H7/DAY(B2) -> 19074.5
A8: BEST supply | D8: KVAH | E8: ='3'!F8 -> 3971529 | F8: 3990282 | G8: =F8-E8 -> 18753 | H8: =G8+'3'!H8 -> 77431 | I8: 12000 | J8: =H8/DAY(B2) -> 19357.75 | N8: =G7/G8 -> 0.97323095
A9: Transformer - 1 - 2500KVA | D9: kwh | E9: 9190 | F9: 20960 | G9: =F9-E9 -> 11770 | H9: =G9+'3'!H9 -> 34850.5 | I9: =I8-J8 -> -7357.75 | J9: =H9/DAY(B2) -> 8712.625
A10: Transformer - 2 -2500KVA | D10: kwh | E10: ='3'!F10 -> 1233785 | F10: 1239081 | G10: =F10-E10 -> 5296 | H10: =G10+'3'!H10 -> 38206.6 | J10: =H10/DAY(B2) -> 9551.65
A11: DG set- 1 - 1425KVA | D11: kwh | E11: ='3'!F11 -> 35390 | F11: 35540 | G11: =F11-E11 -> 150 | H11: =G11+'3'!H11 -> 150 | J11: =H11/DAY(B2) -> 37.5
A12: DG set- 2 - 1425KVA | D12: kwh | E12: ='3'!F12 -> 37630 | F12: 38010 | G12: =F12-E12 -> 380 | H12: =G12+'3'!H12 -> 380 | J12: =H12/DAY(B2) -> 95
A13: SubTotal | G13: =G9+G10+G11+G12 -> 17596 | H13: =G13+'3'!H13 -> 73587.1 | I13: =G7-G13 -> 655 | J13: =H13/DAY(B2) -> 18396.775
A14: GAS CONSUMPTION
A15: Gas consumption | D15: m3 | E15: ='3'!F15 -> 1596969 | F15: 1597765 | G15: =(F15-E15) -> 796 | H15: =G15+'3'!H15 -> 3327.85 | I15: 800 | J15: =H15/DAY(B2) -> 831.9625
I16: =I15-J15 -> -31.9625
A17: WATER CONSUMPTION
A18: Tankers | D18: KL | E18: ='3'!F18 -> 11 | F18: 10 | G18: =F18*10 -> 100 | H18: =G18+'3'!H18 -> 450 | I18: ='1'!I18 -> 65 | J18: =H18/DAY(B2) -> 112.5
A19: BMC | D19: KL | E19: ='3'!F19 -> 133201 | F19: 133251 | G19: =F19-E19 -> 50 | H19: =G19+'3'!H19 -> 203 | J19: =H19/DAY(B2) -> 50.75
A20: Total water | G20: =G18+G19 -> 150 | H20: =G20+'3'!H20 -> 653 | I20: =I18-J20 -> -98.25 | J20: =H20/DAY(B2) -> 163.25
A21: DIESEL CONSUMPTION
A22: Boiler House (H.S.D) | D22: L | E22: ='3'!F22 -> 2250 | F22: 2250 | G22: =F22-E22 -> 0 | H22: =G22+'3'!H22 -> 0 | J22: =H22/DAY(B2) -> 0 | M22: `
A23: D-G Set (H.S.D) | D23: L | E23: ='3'!F23 -> 2000 | F23: 1620 | G23: 380 | H23: =G23+'3'!H23 -> 380 | J23: =H23/DAY(B2) -> 95
A24: Total HSD (H.S.D.) Stock | D24: L | E24: ='3'!F24 -> 4250 | F24: 3870 | G24: 380 | H24: =G24+'3'!H24 -> 380 | J24: =H24/DAY(B2) -> 95
