Workbook

Sheet Sheet1
A1: Site Name | B1: Day | C1: Month | D1: Year | E1: Total Electricity Kwh | F1: Electricity Tariff ($/Kwh) | G1: LPG (Kg) | H1: LPG $/Kg | I1: District Energy Cooling Kwh | J1: District Energy Cooling $/Kwh | K1: Water Utility Supply (m3) m3 | L1: Water Utility Supply (m3) $/m3 | M1: Irrigation Water (m3) m3 | N1: Irrigation water $/m3 | O1: Room Nights | P1: Total Guests
A2: Bahrain Bay | B2: 1 | C2: 3 | D2: 2021 | E2: ='March 2021'!E5 -> 21699 | F2: 0.029 | G2: ='March 2021'!J5 -> 0 | H2: 0.112 | I2: ='March 2021'!G5*1000 -> 37000 | J2: 0.0361 | K2: ='March 2021'!I5 -> 275 | L2: 0.75 | M2: ='March 2021'!L5 -> 1 | N2: 0.563 | O2: ='March 2021'!D5 -> 37
A3: Bahrain Bay | B3: =B2+1 -> 2 | C3: 3 | D3: 2021 | E3: ='March 2021'!E6 -> 22893 | F3: 0.029 | G3: ='March 2021'!J6 -> 0 | H3: 0.112 | I3: ='March 2021'!G6*1000 -> 23000 | J3: 0.0361 | K3: ='March 2021'!I6 -> 230 | L3: 0.75 | M3: ='March 2021'!L6 -> 296 | N3: 0.563 | O3: ='March 2021'!D6 -> 32
A4: Bahrain Bay | B4: =B3+1 -> 3 | C4: 3 | D4: 2021 | E4: ='March 2021'!E7 -> 23778 | F4: 0.029 | G4: ='March 2021'!J7 -> 2970 | H4: 0.112 | I4: ='March 2021'!G7*1000 -> 22000 | J4: 0.0361 | K4: ='March 2021'!I7 -> 196 | L4: 0.75 | M4: ='March 2021'!L7 -> 101 | N4: 0.563 | O4: ='March 2021'!D7 -> 30
A5: Bahrain Bay | B5: =B4+1 -> 4 | C5: 3 | D5: 2021 | E5: ='March 2021'!E8 -> 25198 | F5: 0.029 | G5: ='March 2021'!J8 -> 0 | H5: 0.112 | I5: ='March 2021'!G8*1000 -> 25000 | J5: 0.0361 | K5: ='March 2021'!I8 -> 192 | L5: 0.75 | M5: ='March 2021'!L8 -> 39 | N5: 0.563 | O5: ='March 2021'!D8 -> 38
A6: Bahrain Bay | B6: =B5+1 -> 5 | C6: 3 | D6: 2021 | E6: ='March 2021'!E9 -> 24167 | F6: 0.029 | G6: ='March 2021'!J9 -> 0 | H6: 0.112 | I6: ='March 2021'!G9*1000 -> 25000 | J6: 0.0361 | K6: ='March 2021'!I9 -> 385 | L6: 0.75 | M6: ='March 2021'!L9 -> 63 | N6: 0.563 | O6: ='March 2021'!D9 -> 40
A7: Bahrain Bay | B7: =B6+1 -> 6 | C7: 3 | D7: 2021 | E7: ='March 2021'!E10 -> 23198 | F7: 0.029 | G7: 0 | H7: 0.112 | I7: ='March 2021'!G10*1000 -> 21000 | J7: 0.0361 | K7: ='March 2021'!I10 -> 591 | L7: 0.75 | M7: ='March 2021'!L10 -> 32 | N7: 0.563 | O7: ='March 2021'!D10 -> 34
A8: Bahrain Bay | B8: =B7+1 -> 7 | C8: 3 | D8: 2021 | E8: ='March 2021'!E11 -> 22999 | F8: 0.029 | G8: ='March 2021'!J11 -> 2970 | H8: 0.112 | I8: ='March 2021'!G11*1000 -> 20000 | J8: 0.0361 | K8: ='March 2021'!I11 -> 160 | L8: 0.75 | M8: ='March 2021'!L11 -> 176 | N8: 0.563 | O8: ='March 2021'!D11 -> 40
A9: Bahrain Bay | B9: =B8+1 -> 8 | C9: 3 | D9: 2021 | E9: ='March 2021'!E12 -> 24802 | F9: 0.029 | G9: ='March 2021'!J12 -> 0 | H9: 0.112 | I9: ='March 2021'!G12*1000 -> 22000 | J9: 0.0361 | K9: ='March 2021'!I12 -> 253 | L9: 0.75 | M9: ='March 2021'!L12 -> 161 | N9: 0.563 | O9: ='March 2021'!D12 -> 57
A10: Bahrain Bay | B10: =B9+1 -> 9 | C10: 3 | D10: 2021 | E10: ='March 2021'!E13 -> 21834 | F10: 0.029 | G10: ='March 2021'!J13 -> 0 | H10: 0.112 | I10: ='March 2021'!G13*1000 -> 25000 | J10: 0.0361 | K10: ='March 2021'!I13 -> 288 | L10: 0.75 | M10: ='March 2021'!L13 -> 43 | N10: 0.563 | O10: ='March 2021'!D13 -> 120
A11: Bahrain Bay | B11: =B10+1 -> 10 | C11: 3 | D11: 2021 | E11: ='March 2021'!E14 -> 21834 | F11: 0.029 | G11: ='March 2021'!J14 -> 2970 | H11: 0.112 | I11: ='March 2021'!G14*1000 -> 24000 | J11: 0.0361 | K11: ='March 2021'!I14 -> 233 | L11: 0.75 | M11: ='March 2021'!L14 -> 171 | N11: 0.563 | O11: ='March 2021'!D14 -> 134
A12: Bahrain Bay | B12: =B11+1 -> 11 | C12: 3 | D12: 2021 | E12: ='March 2021'!E15 -> 26654 | F12: 0.029 | G12: ='March 2021'!J15 -> 0 | H12: 0.112 | I12: ='March 2021'!G15*1000 -> 25000 | J12: 0.0361 | K12: ='March 2021'!I15 -> 239 | L12: 0.75 | M12: ='March 2021'!L15 -> 52 | N12: 0.563 | O12: ='March 2021'!D15 -> 131
A13: Bahrain Bay | B13: =B12+1 -> 12 | C13: 3 | D13: 2021 | E13: ='March 2021'!E16 -> 27034 | F13: 0.029 | G13: ='March 2021'!J16 -> 0 | H13: 0.112 | I13: ='March 2021'!G16*1000 -> 33000 | J13: 0.0361 | K13: ='March 2021'!I16 -> 324 | L13: 0.75 | M13: ='March 2021'!L16 -> 42 | N13: 0.563 | O13: ='March 2021'!D16 -> 148
A14: Bahrain Bay | B14: =B13+1 -> 13 | C14: 3 | D14: 2021 | E14: ='March 2021'!E17 -> 27023 | F14: 0.029 | G14: ='March 2021'!J17 -> 2970 | H14: 0.112 | I14: ='March 2021'!G17*1000 -> 27000 | J14: 0.0361 | K14: ='March 2021'!I17 -> 474 | L14: 0.75 | M14: ='March 2021'!L17 -> 24 | N14: 0.563 | O14: ='March 2021'!D17 -> 155
A15: Bahrain Bay | B15: =B14+1 -> 14 | C15: 3 | D15: 2021 | E15: ='March 2021'!E18 -> 28734 | F15: 0.029 | G15: ='March 2021'!J18 -> 0 | H15: 0.112 | I15: ='March 2021'!G18*1000 -> 49000 | J15: 0.0361 | K15: ='March 2021'!I18 -> 977 | L15: 0.75 | M15: ='March 2021'!L18 -> 111 | N15: 0.563 | O15: ='March 2021'!D18 -> 125
A16: Bahrain Bay | B16: =B15+1 -> 15 | C16: 3 | D16: 2021 | E16: ='March 2021'!E19 -> 29743 | F16: 0.029 | G16: ='March 2021'!J20 -> 2970 | H16: 0.112 | I16: ='March 2021'!G20*1000 -> 0 | J16: 0.0361 | K16: ='March 2021'!I20 -> 0 | L16: 0.75 | M16: ='March 2021'!L19 -> 32 | N16: 0.563 | O16: ='March 2021'!D19 -> 139
A17: Bahrain Bay | B17: =B16+1 -> 16 | C17: 3 | D17: 2021 | E17: ='March 2021'!E20 -> 0 | F17: 0.029 | G17: ='March 2021'!J19 -> 0 | H17: 0.112 | I17: ='March 2021'!G19*1000 -> 24000 | J17: 0.0361 | K17: ='March 2021'!I19 -> 491 | L17: 0.75 | M17: ='March 2021'!L20 -> 0 | N17: 0.563 | O17: ='March 2021'!D20 -> 0
A18: Bahrain Bay | B18: =B17+1 -> 17 | C18: 3 | D18: 2021 | E18: ='March 2021'!E21 -> 0 | F18: 0.029 | G18: ='March 2021'!#REF! -> #REF! | H18: 0.112 | I18: ='March 2021'!#REF!*1000 -> #REF! | J18: 0.0361 | K18: ='March 2021'!#REF! -> #REF! | L18: 0.75 | M18: ='March 2021'!L21 -> 0 | N18: 0.563 | O18: ='March 2021'!D21 -> 0
A19: Bahrain Bay | B19: =B18+1 -> 18 | C19: 3 | D19: 2021 | E19: ='March 2021'!E22 -> 0 | F19: 0.029 | G19: ='March 2021'!J22 -> 0 | H19: 0.112 | I19: ='March 2021'!G22*1000 -> 0 | J19: 0.0361 | K19: ='March 2021'!I22 -> 0 | L19: 0.75 | M19: ='March 2021'!L22 -> 0 | N19: 0.563 | O19: ='March 2021'!D22 -> 0
A20: Bahrain Bay | B20: =B19+1 -> 19 | C20: 3 | D20: 2021 | E20: ='March 2021'!E23 -> 0 | F20: 0.029 | G20: ='March 2021'!J23 -> 0 | H20: 0.112 | I20: ='March 2021'!G23*1000 -> 0 | J20: 0.0361 | K20: ='March 2021'!I23 -> 0 | L20: 0.75 | M20: ='March 2021'!L23 -> 0 | N20: 0.563 | O20: ='March 2021'!D23 -> 0
A21: Bahrain Bay | B21: =B20+1 -> 20 | C21: 3 | D21: 2021 | E21: ='March 2021'!E24 -> 0 | F21: 0.029 | G21: ='March 2021'!J24 -> 0 | H21: 0.112 | I21: ='March 2021'!G24*1000 -> 0 | J21: 0.0361 | K21: ='March 2021'!I24 -> 0 | L21: 0.75 | M21: ='March 2021'!L24 -> 0 | N21: 0.563 | O21: ='March 2021'!D24 -> 0
A22: Bahrain Bay | B22: =B21+1 -> 21 | C22: 3 | D22: 2021 | E22: ='March 2021'!E25 -> 0 | F22: 0.029 | G22: ='March 2021'!J25 -> 0 | H22: 0.112 | I22: ='March 2021'!G25*1000 -> 0 | J22: 0.0361 | K22: ='March 2021'!I25 -> 0 | L22: 0.75 | M22: ='March 2021'!L25 -> 0 | N22: 0.563 | O22: ='March 2021'!D25 -> 0
A23: Bahrain Bay | B23: =B22+1 -> 22 | C23: 3 | D23: 2021 | E23: ='March 2021'!E26 -> 0 | F23: 0.029 | G23: ='March 2021'!J26 -> 0 | H23: 0.112 | I23: ='March 2021'!G26*1000 -> 0 | J23: 0.0361 | K23: ='March 2021'!I26 -> 0 | L23: 0.75 | M23: ='March 2021'!L26 -> 0 | N23: 0.563 | O23: ='March 2021'!D26 -> 0
A24: Bahrain Bay | B24: =B23+1 -> 23 | C24: 3 | D24: 2021 | E24: ='March 2021'!E27 -> 0 | F24: 0.029 | G24: ='March 2021'!J27 -> 0 | H24: 0.112 | I24: ='March 2021'!G27*1000 -> 0 | J24: 0.0361 | K24: ='March 2021'!I27 -> 0 | L24: 0.75 | M24: ='March 2021'!L27 -> 0 | N24: 0.563 | O24: ='March 2021'!D27 -> 0
A25: Bahrain Bay | B25: =B24+1 -> 24 | C25: 3 | D25: 2021 | E25: ='March 2021'!E28 -> 0 | F25: 0.029 | G25: ='March 2021'!J28 -> 0 | H25: 0.112 | I25: ='March 2021'!G28*1000 -> 0 | J25: 0.0361 | K25: ='March 2021'!I28 -> 0 | L25: 0.75 | M25: ='March 2021'!L28 -> 0 | N25: 0.563 | O25: ='March 2021'!D28 -> 0
A26: Bahrain Bay | B26: =B25+1 -> 25 | C26: 3 | D26: 2021 | E26: ='March 2021'!E29 -> 0 | F26: 0.029 | G26: ='March 2021'!J29 -> 0 | H26: 0.112 | I26: ='March 2021'!G29*1000 -> 0 | J26: 0.0361 | K26: ='March 2021'!I29 -> 0 | L26: 0.75 | M26: ='March 2021'!L29 -> 0 | N26: 0.563 | O26: ='March 2021'!D29 -> 0
A27: Bahrain Bay | B27: =B26+1 -> 26 | C27: 3 | D27: 2021 | E27: ='March 2021'!E30 -> 0 | F27: 0.029 | G27: ='March 2021'!J30 -> 0 | H27: 0.112 | I27: ='March 2021'!G30*1000 -> 0 | J27: 0.0361 | K27: ='March 2021'!I30 -> 0 | L27: 0.75 | M27: ='March 2021'!L30 -> 0 | N27: 0.563 | O27: ='March 2021'!D30 -> 0
A28: Bahrain Bay | B28: =B27+1 -> 27 | C28: 3 | D28: 2021 | E28: ='March 2021'!E31 -> 0 | F28: 0.029 | G28: ='March 2021'!J31 -> 0 | H28: 0.112 | I28: ='March 2021'!G31*1000 -> 0 | J28: 0.0361 | K28: ='March 2021'!I31 -> 0 | L28: 0.75 | M28: ='March 2021'!L31 -> 0 | N28: 0.563 | O28: ='March 2021'!D31 -> 0
A29: Bahrain Bay | B29: =B28+1 -> 28 | C29: 3 | D29: 2021 | E29: ='March 2021'!E32 -> 0 | F29: 0.029 | G29: ='March 2021'!J32 -> 0 | H29: 0.112 | I29: ='March 2021'!G32*1000 -> 0 | J29: 0.0361 | K29: ='March 2021'!I32 -> 0 | L29: 0.75 | M29: ='March 2021'!L32 -> 0 | N29: 0.563 | O29: ='March 2021'!D32 -> 0
A30: Bahrain Bay | B30: 29 | C30: 3 | D30: 2021 | E30: ='March 2021'!E33 -> 0 | F30: 0.029 | G30: ='March 2021'!J33 -> 0 | H30: 0.112 | I30: ='March 2021'!G33*1000 -> 0 | J30: 0.0361 | K30: ='March 2021'!I33 -> 0 | L30: 0.75 | M30: ='March 2021'!L33 -> 0 | N30: 0.563 | O30: ='March 2021'!D33 -> 0
A31: Bahrain Bay | B31: 30 | C31: 3 | D31: 2021 | E31: ='March 2021'!E34 -> 0 | F31: 0.029 | G31: ='March 2021'!J34 -> 0 | H31: 0.112 | I31: ='March 2021'!G34*1000 -> 0 | J31: 0.0361 | K31: ='March 2021'!I34 -> 0 | L31: 0.75 | M31: ='March 2021'!L34 -> 0 | N31: 0.563 | O31: ='March 2021'!D34 -> 0
A32: Bahrain Bay | B32: 31 | C32: 3 | D32: 2021 | E32: ='March 2021'!E35 -> 0 | F32: 0.029 | G32: ='March 2021'!J35 -> 0 | H32: 0.112 | I32: ='March 2021'!G35*1000 -> 0 | J32: 0.0361 | K32: ='March 2021'!I35 -> 0 | L32: 0.75 | M32: ='March 2021'!L35 -> 0 | N32: 0.563 | O32: ='March 2021'!D35 -> 0

Sheet March 2021
B2: Electricity and Utilities Reading
B3: S. No. | C3: Date | E3: Electricity Consumption kWh | F3: Chilled H2O Consumption Reading | G3: Consumption MWh | H3: Potable Water Consumption Reading | I3: Consumption m3 | K3: Irrigation Water Consumption Reading | L3: Consumption m3
D4: RoomNights | J4: LPG (Kg)
B5: 1 | C5: 44256 | D5: 37 | E5: 21699 | F5: 185002 | G5: =F6-F5 -> 37 | H5: 452884 | I5: =H6-H5 -> 275 | J5: 0 | K5: 272594 | L5: =K6-K5 -> 1
B6: 2 | C6: 44257 | D6: 32 | E6: 22893 | F6: 185039 | G6: =F7-F6 -> 23 | H6: 453159 | I6: =H7-H6 -> 230 | J6: 0 | K6: 272595 | L6: =K7-K6 -> 296
B7: 3 | C7: 44258 | D7: 30 | E7: 23778 | F7: 185062 | G7: =F8-F7 -> 22 | H7: 453389 | I7: =H8-H7 -> 196 | J7: 2970 | K7: 272891 | L7: =K8-K7 -> 101
B8: 4 | C8: 44259 | D8: 38 | E8: 25198 | F8: 185084 | G8: =F9-F8 -> 25 | H8: 453585 | I8: =H9-H8 -> 192 | J8: 0 | K8: 272992 | L8: =K9-K8 -> 39
B9: 5 | C9: 44260 | D9: 40 | E9: 24167 | F9: 185109 | G9: =F10-F9 -> 25 | H9: 453777 | I9: =H10-H9 -> 385 | J9: 0 | K9: 273031 | L9: =K10-K9 -> 63
B10: 6 | C10: 44261 | D10: 34 | E10: 23198 | F10: 185134 | G10: =F11-F10 -> 21 | H10: 454162 | I10: =H11-H10 -> 591 | J10: 0 | K10: 273094 | L10: =K11-K10 -> 32
B11: 7 | C11: 44262 | D11: 40 | E11: 22999 | F11: 185155 | G11: =F12-F11 -> 20 | H11: 454753 | I11: =H12-H11 -> 160 | J11: 2970 | K11: 273126 | L11: =K12-K11 -> 176
B12: 8 | C12: 44263 | D12: 57 | E12: 24802 | F12: 185175 | G12: =F13-F12 -> 22 | H12: 454913 | I12: =H13-H12 -> 253 | J12: 0 | K12: 273302 | L12: =K13-K12 -> 161
B13: 9 | C13: 44264 | D13: 120 | E13: 21834 | F13: 185197 | G13: =F14-F13 -> 25 | H13: 455166 | I13: =H14-H13 -> 288 | J13: 0 | K13: 273463 | L13: =K14-K13 -> 43
B14: 10 | C14: 44265 | D14: 134 | E14: 21834 | F14: 185222 | G14: =F15-F14 -> 24 | H14: 455454 | I14: =H15-H14 -> 233 | J14: 2970 | K14: 273506 | L14: =K15-K14 -> 171
B15: 11 | C15: 44266 | D15: 131 | E15: 26654 | F15: 185246 | G15: =F16-F15 -> 25 | H15: 455687 | I15: =H16-H15 -> 239 | J15: 0 | K15: 273677 | L15: =K16-K15 -> 52
A16: 1 | B16: 12 | C16: 44267 | D16: 148 | E16: 27034 | F16: 185271 | G16: =F17-F16 -> 33 | H16: 455926 | I16: =H17-H16 -> 324 | J16: 0 | K16: 273729 | L16: =K17-K16 -> 42
B17: 13 | C17: 44268 | D17: 155 | E17: 27023 | F17: 185304 | G17: =F18-F17 -> 27 | H17: 456250 | I17: =H18-H17 -> 474 | J17: 2970 | K17: 273771 | L17: =K18-K17 -> 24
B18: 14 | C18: 44269 | D18: 125 | E18: 28734 | F18: 185331 | G18: =F20-F18 -> 49 | H18: 456724 | I18: =H20-H18 -> 977 | J18: 0 | K18: 273795 | L18: =K20-K18 -> 111
B19: 15 | C19: 44270 | D19: 139 | E19: 29743 | F19: 185356 | G19: =F20-F19 -> 24 | H19: 457210 | I19: =H20-H19 -> 491 | J19: 0 | K19: 273874 | L19: =K20-K19 -> 32
B20: 16 | C20: 44271 | F20: 185380 | H20: 457701 | J20: 2970 | K20: 273906
B21: 17 | C21: 44272
B22: 18 | C22: 44273
B23: 19 | C23: 44274
B24: 20 | C24: 44275
B25: 21 | C25: 44276
B26: 22 | C26: 44277
B27: 23 | C27: 44278
B28: 24 | C28: 44279
A29: v | B29: 25 | C29: 44280
B30: 26 | C30: 44281
B31: 27 | C31: 44282
B32: 28 | C32: 44283
B33: 29 | C33: 44284
B34: 30 | C34: 44285
B35: 31 | C35: 44286
