Workbook

Sheet TOTAL
A1: Site Name | B1: Day | C1: Month | D1: Year | E1: Total Electricity Kwh | F1: Electricity Tariff ($/Kwh) | G1: Natual Gas (m3) | H1: Natural Gas $/m3 | I1: Water Utility Supply (m3) m3 | J1: Water Utility Supply (m3) $/m3 | K1: Room Nights
A2: Cairo at Nile Plaza | B2: 1 | C2: 2 | D2: 2021 | E2: =(((Submetering!O2+Submetering!P2)*0.842284+Submetering!Q2+(Submetering!M2+Submetering!N2+Submetering!Y2)*0.7362)+(Submetering!O2+Submetering!P2+Submetering!Q2)*0.1488+(Submetering!M2+Submetering!N2+Submetering!Y2)*0.1167+(Submetering!K2+Submetering!L2-Submetering!Z2-Submetering!AA2-Submetering!AB2-Submetering!AC2-Submetering!Q2)+(Submetering!M2+Submetering!N2+Submetering!Y2)*0.1139) -> 90191.939 | F2: 1.27 | G2: =Gas!C3*0.9147 -> 0 | H2: 3.65 | I2: =Submetering!AE2+Submetering!AD2+Submetering!H2 -> 1416 | J2: 10.03 | K2: =ELECT.!B3 -> 69.35
A3: Cairo at Nile Plaza | B3: =B2+1 -> 2 | C3: 2 | D3: 2021 | E3: =(((Submetering!O3+Submetering!P3)*0.842284+Submetering!Q3+(Submetering!M3+Submetering!N3+Submetering!Y3)*0.7362)+(Submetering!O3+Submetering!P3+Submetering!Q3)*0.1488+(Submetering!M3+Submetering!N3+Submetering!Y3)*0.1167+(Submetering!K3+Submetering!L3-Submetering!Z3-Submetering!AA3-Submetering!AB3-Submetering!AC3-Submetering!Q3)+(Submetering!M3+Submetering!N3+Submetering!Y3)*0.1139) -> 49685.37 | F3: 1.27 | G3: =Gas!C4*0.9147 -> 2126.6775 | H3: 3.65 | I3: =Submetering!AE3+Submetering!AD3+Submetering!H3 -> 296 | J3: 10.03 | K3: =ELECT.!B4 -> 69.35
A4: Cairo at Nile Plaza | B4: =B3+1 -> 3 | C4: 2 | D4: 2021 | E4: 0 | F4: 1.27 | G4: =Gas!C5*0.9147 -> 0 | H4: 3.65 | I4: =Submetering!AE4+Submetering!AD4+Submetering!H4 -> 326 | J4: 10.03 | K4: =ELECT.!B5 -> 80
A5: Cairo at Nile Plaza | B5: =B4+1 -> 4 | C5: 2 | D5: 2021 | E5: =(((Submetering!O5+Submetering!P5)*0.842284+Submetering!Q5+(Submetering!M5+Submetering!N5+Submetering!Y5)*0.7362)+(Submetering!O5+Submetering!P5+Submetering!Q5)*0.1488+(Submetering!M5+Submetering!N5+Submetering!Y5)*0.1167+(Submetering!K5+Submetering!L5-Submetering!Z5-Submetering!AA5-Submetering!AB5-Submetering!AC5-Submetering!Q5)+(Submetering!M5+Submetering!N5+Submetering!Y5)*0.1139) -> 89995.149 | F5: 1.27 | G5: =Gas!C6*0.9147 -> 0 | H5: 3.65 | I5: =Submetering!AE5+Submetering!AD5+Submetering!H5 -> 306 | J5: 10.03 | K5: =ELECT.!B6 -> 62.05
A6: Cairo at Nile Plaza | B6: =B5+1 -> 5 | C6: 2 | D6: 2021 | E6: =(((Submetering!O6+Submetering!P6)*0.842284+Submetering!Q6+(Submetering!M6+Submetering!N6+Submetering!Y6)*0.7362)+(Submetering!O6+Submetering!P6+Submetering!Q6)*0.1488+(Submetering!M6+Submetering!N6+Submetering!Y6)*0.1167+(Submetering!K6+Submetering!L6-Submetering!Z6-Submetering!AA6-Submetering!AB6-Submetering!AC6-Submetering!Q6)+(Submetering!M6+Submetering!N6+Submetering!Y6)*0.1139) -> 76197.077 | F6: 1.27 | G6: =Gas!C7*0.9147 -> 0 | H6: 3.65 | I6: =Submetering!AE6+Submetering!AD6+Submetering!H6 -> 476 | J6: 10.03 | K6: =ELECT.!B7 -> 62.05
A7: Cairo at Nile Plaza | B7: =B6+1 -> 6 | C7: 2 | D7: 2021 | E7: =(((Submetering!O7+Submetering!P7)*0.842284+Submetering!Q7+(Submetering!M7+Submetering!N7+Submetering!Y7)*0.7362)+(Submetering!O7+Submetering!P7+Submetering!Q7)*0.1488+(Submetering!M7+Submetering!N7+Submetering!Y7)*0.1167+(Submetering!K7+Submetering!L7-Submetering!Z7-Submetering!AA7-Submetering!AB7-Submetering!AC7-Submetering!Q7)+(Submetering!M7+Submetering!N7+Submetering!Y7)*0.1139) -> 23073.915 | F7: 1.27 | G7: =Gas!C8*0.9147 -> 0 | H7: 3.65 | I7: =Submetering!AE7+Submetering!AD7+Submetering!H7 -> 296 | J7: 10.03 | K7: =ELECT.!B8 -> 58.4
A8: Cairo at Nile Plaza | B8: =B7+1 -> 7 | C8: 2 | D8: 2021 | E8: =(((Submetering!O8+Submetering!P8)*0.842284+Submetering!Q8+(Submetering!M8+Submetering!N8+Submetering!Y8)*0.7362)+(Submetering!O8+Submetering!P8+Submetering!Q8)*0.1488+(Submetering!M8+Submetering!N8+Submetering!Y8)*0.1167+(Submetering!K8+Submetering!L8-Submetering!Z8-Submetering!AA8-Submetering!AB8-Submetering!AC8-Submetering!Q8)+(Submetering!M8+Submetering!N8+Submetering!Y8)*0.1139) -> 49729.028 | F8: 1.27 | G8: =Gas!C9*0.9147 -> 0 | H8: 3.65 | I8: =Submetering!AE8+Submetering!AD8+Submetering!H8 -> 216 | J8: 10.03 | K8: =ELECT.!B9 -> 58.4
A9: Cairo at Nile Plaza | B9: =B8+1 -> 8 | C9: 2 | D9: 2021 | E9: =(((Submetering!O9+Submetering!P9)*0.842284+Submetering!Q9+(Submetering!M9+Submetering!N9+Submetering!Y9)*0.7362)+(Submetering!O9+Submetering!P9+Submetering!Q9)*0.1488+(Submetering!M9+Submetering!N9+Submetering!Y9)*0.1167+(Submetering!K9+Submetering!L9-Submetering!Z9-Submetering!AA9-Submetering!AB9-Submetering!AC9-Submetering!Q9)+(Submetering!M9+Submetering!N9+Submetering!Y9)*0.1139) -> 41927.049 | F9: 1.27 | G9: =Gas!C10*0.9147 -> 15519.715 | H9: 3.65 | I9: =Submetering!AE9+Submetering!AD9+Submetering!H9 -> 326 | J9: 10.03 | K9: =ELECT.!B10 -> 88
A10: Cairo at Nile Plaza | B10: =B9+1 -> 9 | C10: 2 | D10: 2021 | E10: =(((Submetering!O10+Submetering!P10)*0.842284+Submetering!Q10+(Submetering!M10+Submetering!N10+Submetering!Y10)*0.7362)+(Submetering!O10+Submetering!P10+Submetering!Q10)*0.1488+(Submetering!M10+Submetering!N10+Submetering!Y10)*0.1167+(Submetering!K10+Submetering!L10-Submetering!Z10-Submetering!AA10-Submetering!AB10-Submetering!AC10-Submetering!Q10)+(Submetering!M10+Submetering!N10+Submetering!Y10)*0.1139) -> 58770.885 | F10: 1.27 | G10: =Gas!C11*0.9147 -> 2745.0147 | H10: 3.65 | I10: =Submetering!AE10+Submetering!AD10+Submetering!H10 -> 356 | J10: 10.03 | K10: =ELECT.!B11 -> 73
A11: Cairo at Nile Plaza | B11: =B10+1 -> 10 | C11: 2 | D11: 2021 | E11: =(((Submetering!O11+Submetering!P11)*0.842284+Submetering!Q11+(Submetering!M11+Submetering!N11+Submetering!Y11)*0.7362)+(Submetering!O11+Submetering!P11+Submetering!Q11)*0.1488+(Submetering!M11+Submetering!N11+Submetering!Y11)*0.1167+(Submetering!K11+Submetering!L11-Submetering!Z11-Submetering!AA11-Submetering!AB11-Submetering!AC11-Submetering!Q11)+(Submetering!M11+Submetering!N11+Submetering!Y11)*0.1139) -> 40243.24 | F11: 1.27 | G11: =Gas!C12*0.9147 -> 1884.282 | H11: 3.65 | I11: =Submetering!AE11+Submetering!AD11+Submetering!H11 -> 346 | J11: 10.03 | K11: =ELECT.!B12 -> 73
A12: Cairo at Nile Plaza | B12: =B11+1 -> 11 | C12: 2 | D12: 2021 | E12: =(((Submetering!O12+Submetering!P12)*0.842284+Submetering!Q12+(Submetering!M12+Submetering!N12+Submetering!Y12)*0.7362)+(Submetering!O12+Submetering!P12+Submetering!Q12)*0.1488+(Submetering!M12+Submetering!N12+Submetering!Y12)*0.1167+(Submetering!K12+Submetering!L12-Submetering!Z12-Submetering!AA12-Submetering!AB12-Submetering!AC12-Submetering!Q12)+(Submetering!M12+Submetering!N12+Submetering!Y12)*0.1139) -> 45905.617 | F12: 1.27 | G12: =Gas!C13*0.9147 -> 1721.4654 | H12: 3.65 | I12: =Submetering!AE12+Submetering!AD12+Submetering!H12 -> 326 | J12: 10.03 | K12: =ELECT.!B13 -> 54.75
A13: Cairo at Nile Plaza | B13: =B12+1 -> 12 | C13: 2 | D13: 2021 | E13: =(((Submetering!O13+Submetering!P13)*0.842284+Submetering!Q13+(Submetering!M13+Submetering!N13+Submetering!Y13)*0.7362)+(Submetering!O13+Submetering!P13+Submetering!Q13)*0.1488+(Submetering!M13+Submetering!N13+Submetering!Y13)*0.1167+(Submetering!K13+Submetering!L13-Submetering!Z13-Submetering!AA13-Submetering!AB13-Submetering!AC13-Submetering!Q13)+(Submetering!M13+Submetering!N13+Submetering!Y13)*0.1139) -> 66057.998 | F13: 1.27 | G13: =Gas!C14*0.9147 -> 2198.0241 | H13: 3.65 | I13: =Submetering!AE13+Submetering!AD13+Submetering!H13 -> 446 | J13: 10.03 | K13: =ELECT.!B14 -> 54.75
A14: Cairo at Nile Plaza | B14: =B13+1 -> 13 | C14: 2 | D14: 2021 | E14: =(((Submetering!O14+Submetering!P14)*0.842284+Submetering!Q14+(Submetering!M14+Submetering!N14+Submetering!Y14)*0.7362)+(Submetering!O14+Submetering!P14+Submetering!Q14)*0.1488+(Submetering!M14+Submetering!N14+Submetering!Y14)*0.1167+(Submetering!K14+Submetering!L14-Submetering!Z14-Submetering!AA14-Submetering!AB14-Submetering!AC14-Submetering!Q14)+(Submetering!M14+Submetering!N14+Submetering!Y14)*0.1139) -> 40860.419 | F14: 1.27 | G14: =Gas!C15*0.9147 -> 2122.104 | H14: 3.65 | I14: =Submetering!AE14+Submetering!AD14+Submetering!H14 -> 386 | J14: 10.03 | K14: =ELECT.!B15 -> 54.75
A15: Cairo at Nile Plaza | B15: =B14+1 -> 14 | C15: 2 | D15: 2021 | E15: =(((Submetering!O15+Submetering!P15)*0.842284+Submetering!Q15+(Submetering!M15+Submetering!N15+Submetering!Y15)*0.7362)+(Submetering!O15+Submetering!P15+Submetering!Q15)*0.1488+(Submetering!M15+Submetering!N15+Submetering!Y15)*0.1167+(Submetering!K15+Submetering!L15-Submetering!Z15-Submetering!AA15-Submetering!AB15-Submetering!AC15-Submetering!Q15)+(Submetering!M15+Submetering!N15+Submetering!Y15)*0.1139) -> 45938.445 | F15: 1.27 | G15: =Gas!C16*0.9147 -> 2135.8245 | H15: 3.65 | I15: =Submetering!AE15+Submetering!AD15+Submetering!H15 -> 446 | J15: 10.03 | K15: =ELECT.!B16 -> 78
A16: Cairo at Nile Plaza | B16: =B15+1 -> 15 | C16: 2 | D16: 2021 | E16: =(((Submetering!O16+Submetering!P16)*0.842284+Submetering!Q16+(Submetering!M16+Submetering!N16+Submetering!Y16)*0.7362)+(Submetering!O16+Submetering!P16+Submetering!Q16)*0.1488+(Submetering!M16+Submetering!N16+Submetering!Y16)*0.1167+(Submetering!K16+Submetering!L16-Submetering!Z16-Submetering!AA16-Submetering!AB16-Submetering!AC16-Submetering!Q16)+(Submetering!M16+Submetering!N16+Submetering!Y16)*0.1139) -> 49773.083 | F16: 1.27 | G16: =Gas!C17*0.9147 -> 2233.6974 | H16: 3.65 | I16: =Submetering!AE16+Submetering!AD16+Submetering!H16 -> 296 | J16: 10.03 | K16: =ELECT.!B17 -> 65.7
... A29: Cairo at Nile Plaza | B29: =B28+1 -> 28 | C29: 2 | D29: 2021 | E29: =(((Submetering!O29+Submetering!P29)*0.842284+Submetering!Q29+(Submetering!M29+Submetering!N29+Submetering!Y29)*0.7362)+(Submetering!O29+Submetering!P29+Submetering!Q29)*0.1488+(Submetering!M29+Submetering!N29+Submetering!Y29)*0.1167+(Submetering!K29+Submetering!L29-Submetering!Z29-Submetering!AA29-Submetering!AB29-Submetering!AC29-Submetering!Q29)+(Submetering!M29+Submetering!N29+Submetering!Y29)*0.1139) -> 33203.034 | F29: 1.27 | G29: =Gas!C30*0.9147 -> 2734.0383 | H29: 3.65 | I29: =Submetering!AE29+Submetering!AD29+Submetering!H29 -> 276 | J29: 10.03 | K29: =ELECT.!B30 -> 73

Sheet Submetering
A1: Site Name | B1: Day | C1: Month | D1: Year | E1: Main (m3) | F1: Podium (m3) | G1: Hotel (m3) | H1: Large (m3) | I1: Feeder 1 (KWh) | J1: Feeder 2 (KWh) | K1: T1 (KWh) | L1: T2 (KWh) | M1: T3 (KWh) | N1: T4 (KWh) | O1: T5 (KWh) | P1: T7 (KWh) | Q1: New Chiller (KWh) | R1: Hotel (BTU) | S1: B.S (BTU) | T1: LS (BTU) | U1: Mall (BTU) | V1: AHU#25 (BTU) | W1: AHU#9 (BTU) | X1: Room Nights | Y1: Loss (KWH) | Z1: Mall (KWH) | AA1: Citadel (KWH) | AB1: Rotana (KWH) | AC1: CIB (KWH) | AD1: Plaza suits water consumption (M3) | AE1: Hotel water consumption (M3)
A2: Cairo at Nile Plaza | B2: 1 | C2: 2 | D2: 2021 | E2: =Water!C3 -> 1610 | F2: =Water!E3 -> 445.5 | G2: =Water!G3 -> 337.5 | H2: =Water!I3 -> 8.829 | I2: =ELECT.!F3 -> 14596 | J2: =ELECT.!H3 -> 80974 | K2: =ELECT.!K3 -> 11068 | L2: =ELECT.!M3 -> 11167 | M2: =ELECT.!O3 -> 3144 | N2: =ELECT.!Q3 -> 14328 | O2: =ELECT.!S3 -> 16552 | P2: =ELECT.!W3*2 -> 37550 | Q2: =ELECT.!D3 -> 960 | R2: =BTU!C3 -> 6.627 | S2: =BTU!F3 -> 1.914 | T2: =BTU!I3 -> 9 | U2: =BTU!O3 -> 1.737 | V2: =BTU!L3 -> 2.02 | W2: =BTU!R3 -> 0.03 | X2: =ELECT.!B3 -> 69.35 | Y2: =I2+J2-(K2+L2+M2+N2+O2+P2) -> 1761 | Z2: ='Mall, Citadel, Rotana'!C3+'Mall, Citadel, Rotana'!E3+'Mall, Citadel, Rotana'!G3+'Mall, Citadel, Rotana'!I3 -> 2564 | AA2: ='Mall, Citadel, Rotana'!K3+'Mall, Citadel, Rotana'!M3 -> 1440 | AB2: ='Mall, Citadel, Rotana'!O3 -> 268 | AC2: ='Mall, Citadel, Rotana'!Q3+'Mall, Citadel, Rotana'!S3 -> 128 | AD2: =(E2-H2-194)*0.1318 -> 185.46514 | AE2: =E2-H2-AD2-194 -> 1221.7059
A3: Cairo at Nile Plaza | B3: =B2+1 -> 2 | C3: 2 | D3: 2021 | E3: =Water!C4 -> 490 | F3: =Water!E4 -> 305.1 | G3: =Water!G4 -> 245.7 | H3: =Water!I4 -> 6.075 | I3: =ELECT.!F4 -> 8139 | J3: =ELECT.!H4 -> 44555 | K3: =ELECT.!K4 -> 6347 | L3: =ELECT.!M4 -> 5518 | M3: =ELECT.!O4 -> 2454 | N3: =ELECT.!Q4 -> 7332 | O3: =ELECT.!S4 -> 9352 | P3: =ELECT.!W4*2 -> 20638 | Q3: =ELECT.!D4 -> 320 | R3: =BTU!C4 -> 3.33 | S3: =BTU!F4 -> 0.893 | T3: =BTU!I4 -> 4 | U3: =BTU!O4 -> 0.863 | V3: =BTU!L4 -> 0.041 | W3: =BTU!R4 -> 0 | X3: =ELECT.!B4 -> 69.35 | Y3: =I3+J3-(K3+L3+M3+N3+O3+P3) -> 1053 | Z3: ='Mall, Citadel, Rotana'!C4+'Mall, Citadel, Rotana'!E4+'Mall, Citadel, Rotana'!G4+'Mall, Citadel, Rotana'!I4 -> 1391 | AA3: ='Mall, Citadel, Rotana'!K4+'Mall, Citadel, Rotana'!M4 -> 960 | AB3: ='Mall, Citadel, Rotana'!O4 -> 78 | AC3: ='Mall, Citadel, Rotana'!Q4+'Mall, Citadel, Rotana'!S4 -> 0 | AD3: =(E3-H3-194)*0.1318 -> 38.212115 | AE3: =E3-H3-AD3-194 -> 251.71289
A4: Cairo at Nile Plaza | B4: =B3+1 -> 3 | C4: 2 | D4: 2021 | E4: =Water!C5 -> 520 | F4: =Water!E5 -> 256.5 | G4: =Water!G5 -> 186.3 | H4: =Water!I5 -> 5.022 | I4: =ELECT.!F5 -> 0 | J4: =ELECT.!H5 -> 0 | K4: =ELECT.!K5 -> 0 | L4: =ELECT.!M5 -> 0 | M4: =ELECT.!O5 -> 0 | N4: =ELECT.!Q5 -> 0 | O4: =ELECT.!S5 -> 0 | P4: =ELECT.!W5*2 -> 0 | Q4: =ELECT.!D5 -> 320 | R4: =BTU!C5 -> 0 | S4: =BTU!F5 -> 0 | T4: =BTU!I5 -> 0 | U4: =BTU!O5 -> 0 | V4: =BTU!L5 -> 0 | W4: =BTU!R5 -> 0 | X4: =ELECT.!B5 -> 80 | Y4: =I4+J4-(K4+L4+M4+N4+O4+P4) -> 0 | Z4: ='Mall, Citadel, Rotana'!C5+'Mall, Citadel, Rotana'!E5+'Mall, Citadel, Rotana'!G5+'Mall, Citadel, Rotana'!I5 -> 1653 | AA4: ='Mall, Citadel, Rotana'!K5+'Mall, Citadel, Rotana'!M5 -> 320 | AB4: ='Mall, Citadel, Rotana'!O5 -> 90 | AC4: ='Mall, Citadel, Rotana'!Q5+'Mall, Citadel, Rotana'!S5 -> 101 | AD4: =(E4-H4-194)*0.1318 -> 42.3049 | AE4: =E4-H4-AD4-194 -> 278.6731
A5: Cairo at Nile Plaza | B5: =B4+1 -> 4 | C5: 2 | D5: 2021 | E5: =Water!C6 -> 500 | F5: =Water!E6 -> 383.4 | G5: =Water!G6 -> 189 | H5: =Water!I6 -> 5.4 | I5: =ELECT.!F6 -> 15054 | J5: =ELECT.!H6 -> 77640 | K5: =ELECT.!K6 -> 10727 | L5: =ELECT.!M6 -> 10427 | M5: =ELECT.!O6 -> 4324 | N5: =ELECT.!Q6 -> 12734 | O5: =ELECT.!S6 -> 16354 | P5: =ELECT.!W6*2 -> 36226 | Q5: =ELECT.!D6 -> 480 | R5: =BTU!C6 -> 6.876 | S5: =BTU!F6 -> 2.077 | T5: =BTU!I6 -> 9 | U5: =BTU!O6 -> 1.834 | V5: =BTU!L6 -> 3.359 | W5: =BTU!R6 -> 0 | X5: =ELECT.!B6 -> 62.05 | Y5: =I5+J5-(K5+L5+M5+N5+O5+P5) -> 1902 | Z5: ='Mall, Citadel, Rotana'!C6+'Mall, Citadel, Rotana'!E6+'Mall, Citadel, Rotana'!G6+'Mall, Citadel, Rotana'!I6 -> 1251 | AA5: ='Mall, Citadel, Rotana'!K6+'Mall, Citadel, Rotana'!M6 -> 320 | AB5: ='Mall, Citadel, Rotana'!O6 -> 24 | AC5: ='Mall, Citadel, Rotana'!Q6+'Mall, Citadel, Rotana'!S6 -> 77 | AD5: =(E5-H5-194)*0.1318 -> 39.61908 | AE5: =E5-H5-AD5-194 -> 260.98092
A6: Cairo at Nile Plaza | B6: =B5+1 -> 5 | C6: 2 | D6: 2021 | E6: =Water!C7 -> 670 | F6: =Water!E7 -> 191.7 | G6: =Water!G7 -> 221.4 | H6: =Water!I7 -> 4.59 | I6: =ELECT.!F7 -> 7154 | J6: =ELECT.!H7 -> 71772 | K6: =ELECT.!K7 -> 7830 | L6: =ELECT.!M7 -> 7085 | M6: =ELECT.!O7 -> 3464 | N6: =ELECT.!Q7 -> 10340 | O6: =ELECT.!S7 -> 12968 | P6: =ELECT.!W7*2 -> 29292 | Q6: =ELECT.!D7 -> 0 | R6: =BTU!C7 -> 3.186 | S6: =BTU!F7 -> 0.461 | T6: =BTU!I7 -> 3 | U6: =BTU!O7 -> 0.933 | V6: =BTU!L7 -> 1.41 | W6: =BTU!R7 -> 0 | X6: =ELECT.!B7 -> 62.05 | Y6: =I6+J6-(K6+L6+M6+N6+O6+P6) -> 7947 | Z6: ='Mall, Citadel, Rotana'!C7+'Mall, Citadel, Rotana'!E7+'Mall, Citadel, Rotana'!G7+'Mall, Citadel, Rotana'!I7 -> 1068 | AA6: ='Mall, Citadel, Rotana'!K7+'Mall, Citadel, Rotana'!M7 -> 480 | AB6: ='Mall, Citadel, Rotana'!O7 -> 82 | AC6: ='Mall, Citadel, Rotana'!Q7+'Mall, Citadel, Rotana'!S7 -> 0 | AD6: =(E6-H6-194)*0.1318 -> 62.131838 | AE6: =E6-H6-AD6-194 -> 409.27816
A7: Cairo at Nile Plaza | B7: =B6+1 -> 6 | C7: 2 | D7: 2021 | E7: =Water!C8 -> 490 | F7: =Water!E8 -> 224.1 | G7: =Water!G8 -> 189 | H7: =Water!I8 -> 4.914 | I7: =ELECT.!F8 -> 9045 | J7: =ELECT.!H8 -> 15682 | K7: =ELECT.!K8 -> 3375 | L7: =ELECT.!M8 -> 3958 | M7: =ELECT.!O8 -> 1356 | N7: =ELECT.!Q8 -> 4344 | O7: =ELECT.!S8 -> 5390 | P7: =ELECT.!W8*2 -> 12118 | Q7: =ELECT.!D8 -> 640 | R7: =BTU!C8 -> 3.256 | S7: =BTU!F8 -> 0.561 | T7: =BTU!I8 -> 5 | U7: =BTU!O8 -> 0.989 | V7: =BTU!L8 -> 1.28 | W7: =BTU!R8 -> 0 | X7: =ELECT.!B8 -> 58.4 | Y7: =I7+J7-(K7+L7+M7+N7+O7+P7) -> -5814 | Z7: ='Mall, Citadel, Rotana'!C8+'Mall, Citadel, Rotana'!E8+'Mall, Citadel, Rotana'!G8+'Mall, Citadel, Rotana'!I8 -> 1062 | AA7: ='Mall, Citadel, Rotana'!K8+'Mall, Citadel, Rotana'!M8 -> 320 | AB7: ='Mall, Citadel, Rotana'!O8 -> 214 | AC7: ='Mall, Citadel, Rotana'!Q8+'Mall, Citadel, Rotana'!S8 -> 0 | AD7: =(E7-H7-194)*0.1318 -> 38.365135 | AE7: =E7-H7-AD7-194 -> 252.72087
A8: Cairo at Nile Plaza | B8: =B7+1 -> 7 | C8: 2 | D8: 2021 | E8: =Water!C9 -> 410 | F8: =Water!E9 -> 205.2 | G8: =Water!G9 -> 135 | H8: =Water!I9 -> 4.32 | I8: =ELECT.!F9 -> 8099 | J8: =ELECT.!H9 -> 43934 | K8: =ELECT.!K9 -> 5902 | L8: =ELECT.!M9 -> 5625 | M8: =ELECT.!O9 -> 2318 | N8: =ELECT.!Q9 -> 8445 | O8: =ELECT.!S9 -> 9062 | P8: =ELECT.!W9*2 -> 24302 | Q8: =ELECT.!D9 -> 320 | R8: =BTU!C9 -> 3.419 | S8: =BTU!F9 -> 1.233 | T8: =BTU!I9 -> 4 | U8: =BTU!O9 -> 0.982 | V8: =BTU!L9 -> 1.36 | W8: =BTU!R9 -> 0 | X8: =ELECT.!B9 -> 58.4 | Y8: =I8+J8-(K8+L8+M8+N8+O8+P8) -> -3621 | Z8: ='Mall, Citadel, Rotana'!C9+'Mall, Citadel, Rotana'!E9+'Mall, Citadel, Rotana'!G9+'Mall, Citadel, Rotana'!I9 -> 1054 | AA8: ='Mall, Citadel, Rotana'!K9+'Mall, Citadel, Rotana'!M9 -> 640 | AB8: ='Mall, Citadel, Rotana'!O9 -> 123 | AC8: ='Mall, Citadel, Rotana'!Q9+'Mall, Citadel, Rotana'!S9 -> 0 | AD8: =(E8-H8-194)*0.1318 -> 27.899424 | AE8: =E8-H8-AD8-194 -> 183.78058
A9: Cairo at Nile Plaza | B9: =B8+1 -> 8 | C9: 2 | D9: 2021 | E9: =Water!C10 -> 520 | F9: =Water!E10 -> 261.9 | G9: =Water!G10 -> 170.1 | H9: =Water!I10 -> 4.941 | I9: =ELECT.!F10 -> 6442 | J9: =ELECT.!H10 -> 38105 | K9: =ELECT.!K10 -> 4962 | L9: =ELECT.!M10 -> 4277 | M9: =ELECT.!O10 -> 2024 | N9: =ELECT.!Q10 -> 5912 | O9: =ELECT.!S10 -> 7773 | P9: =ELECT.!W10*2 -> 14038 | Q9: =ELECT.!D10 -> 320 | R9: =BTU!C10 -> 3.863 | S9: =BTU!F10 -> 1.161 | T9: =BTU!I10 -> 4 | U9: =BTU!O10 -> 1.086 | V9: =BTU!L10 -> 0.24 | W9: =BTU!R10 -> 1.3 | X9: =ELECT.!B10 -> 88 | Y9: =I9+J9-(K9+L9+M9+N9+O9+P9) -> 5561 | Z9: ='Mall, Citadel, Rotana'!C10+'Mall, Citadel, Rotana'!E10+'Mall, Citadel, Rotana'!G10+'Mall, Citadel, Rotana'!I10 -> 1168 | AA9: ='Mall, Citadel, Rotana'!K10+'Mall, Citadel, Rotana'!M10 -> 480 | AB9: ='Mall, Citadel, Rotana'!O10 -> 54 | AC9: ='Mall, Citadel, Rotana'!Q10+'Mall, Citadel, Rotana'!S10 -> 323 | AD9: =(E9-H9-194)*0.1318 -> 42.315576 | AE9: =E9-H9-AD9-194 -> 278.74342
A10: Cairo at Nile Plaza | B10: =B9+1 -> 9 | C10: 2 | D10: 2021 | E10: =Water!C11 -> 550 | F10: =Water!E11 -> 278.1 | G10: =Water!G11 -> 186.3 | H10: =Water!I11 -> 4.752 | I10: =ELECT.!F11 -> 9356 | J10: =ELECT.!H11 -> 52416 | K10: =ELECT.!K11 -> 6907 | L10: =ELECT.!M11 -> 6424 | M10: =ELECT.!O11 -> 2754 | N10: =ELECT.!Q11 -> 9271 | O10: =ELECT.!S11 -> 10727 | P10: =ELECT.!W11*2 -> 24420 | Q10: =ELECT.!D11 -> 320 | R10: =BTU!C11 -> 4.616 | S10: =BTU!F11 -> 1.287 | T10: =BTU!I11 -> 5 | U10: =BTU!O11 -> 1.205 | V10: =BTU!L11 -> 1.17 | W10: =BTU!R11 -> 0.53 | X10: =ELECT.!B11 -> 73 | Y10: =I10+J10-(K10+L10+M10+N10+O10+P10) -> 1269 | Z10: ='Mall, Citadel, Rotana'!C11+'Mall, Citadel, Rotana'!E11+'Mall, Citadel, Rotana'!G11+'Mall, Citadel, Rotana'!I11 -> 1338 | AA10: ='Mall, Citadel, Rotana'!K11+'Mall, Citadel, Rotana'!M11 -> 800 | AB10: ='Mall, Citadel, Rotana'!O11 -> 62 | AC10: ='Mall, Citadel, Rotana'!Q11+'Mall, Citadel, Rotana'!S11 -> 94 | AD10: =(E10-H10-194)*0.1318 -> 46.294486 | AE10: =E10-H10-AD10-194 -> 304.95351
A11: Cairo at Nile Plaza | B11: =B10+1 -> 10 | C11: 2 | D11: 2021 | E11: =Water!C12 -> 540 | F11: =Water!E12 -> 410.4 | G11: =Water!G12 -> 216 | H11: =Water!I12 -> 6.102 | I11: =ELECT.!F12 -> 6593 | J11: =ELECT.!H12 -> 35584 | K11: =ELECT.!K12 -> 4660 | L11: =ELECT.!M12 -> 4648 | M11: =ELECT.!O12 -> 1806 | N11: =ELECT.!Q12 -> 6516 | O11: =ELECT.!S12 -> 7165 | P11: =ELECT.!W12*2 -> 16310 | Q11: =ELECT.!D12 -> 480 | R11: =BTU!C12 -> 4.564 | S11: =BTU!F12 -> 1.324 | T11: =BTU!I12 -> 5 | U11: =BTU!O12 -> 1.007 | V11: =BTU!L12 -> 1.38 | W11: =BTU!R12 -> 0.65 | X11: =ELECT.!B12 -> 73 | Y11: =I11+J11-(K11+L11+M11+N11+O11+P11) -> 1072 | Z11: ='Mall, Citadel, Rotana'!C12+'Mall, Citadel, Rotana'!E12+'Mall, Citadel, Rotana'!G12+'Mall, Citadel, Rotana'!I12 -> 709 | AA11: ='Mall, Citadel, Rotana'!K12+'Mall, Citadel, Rotana'!M12 -> 480 | AB11: ='Mall, Citadel, Rotana'!O12 -> 45 | AC11: ='Mall, Citadel, Rotana'!Q12+'Mall, Citadel, Rotana'!S12 -> 250 | AD11: =(E11-H11-194)*0.1318 -> 44.798556 | AE11: =E11-H11-AD11-194 -> 295.09944
A12: Cairo at Nile Plaza | B12: =B11+1 -> 11 | C12: 2 | D12: 2021 | E12: =Water!C13 -> 520 | F12: =Water!E13 -> 283.5 | G12: =Water!G13 -> 137.7 | H12: =Water!I13 -> 4.779 | I12: =ELECT.!F13 -> 7485 | J12: =ELECT.!H13 -> 41788 | K12: =ELECT.!K13 -> 5380 | L12: =ELECT.!M13 -> 5183 | M12: =ELECT.!O13 -> 2154 | N12: =ELECT.!Q13 -> 7245 | O12: =ELECT.!S13 -> 8501 | P12: =ELECT.!W13*2 -> 19714 | Q12: =ELECT.!D13 -> 320 | R12: =BTU!C13 -> 1.363 | S12: =BTU!F13 -> 1.179 | T12: =BTU!I13 -> 5 | U12: =BTU!O13 -> 1.047 | V12: =BTU!L13 -> 1.5 | W12: =BTU!R13 -> 0.73 | X12: =ELECT.!B13 -> 54.75 | Y12: =I12+J12-(K12+L12+M12+N12+O12+P12) -> 1096 | Z12: ='Mall, Citadel, Rotana'!C13+'Mall, Citadel, Rotana'!E13+'Mall, Citadel, Rotana'!G13+'Mall, Citadel, Rotana'!I13 -> 2320 | AA12: ='Mall, Citadel, Rotana'!K13+'Mall, Citadel, Rotana'!M13 -> 320 | AB12: ='Mall, Citadel, Rotana'!O13 -> 39 | AC12: ='Mall, Citadel, Rotana'!Q13+'Mall, Citadel, Rotana'!S13 -> 136 | AD12: =(E12-H12-194)*0.1318 -> 42.336928 | AE12: =E12-H12-AD12-194 -> 278.88407
A13: Cairo at Nile Plaza | B13: =B12+1 -> 12 | C13: 2 | D13: 2021 | E13: =Water!C14 -> 640 | F13: =Water!E14 -> 234.9 | G13: =Water!G14 -> 135 | H13: =Water!I14 -> 3.942 | I13: =ELECT.!F14 -> 10714 | J13: =ELECT.!H14 -> 57739 | K13: =ELECT.!K14 -> 7098 | L13: =ELECT.!M14 -> 7402 | M13: =ELECT.!O14 -> 3090 | N13: =ELECT.!Q14 -> 10301 | O13: =ELECT.!S14 -> 12050 | P13: =ELECT.!W14*2 -> 27096 | Q13: =ELECT.!D14 -> 320 | R13: =BTU!C14 -> 7.323 | S13: =BTU!F14 -> 0.494 | T13: =BTU!I14 -> 5 | U13: =BTU!O14 -> 0.989 | V13: =BTU!L14 -> 1.42 | W13: =BTU!R14 -> 0.82 | X13: =ELECT.!B14 -> 54.75 | Y13: =I13+J13-(K13+L13+M13+N13+O13+P13) -> 1416 | Z13: ='Mall, Citadel, Rotana'!C14+'Mall, Citadel, Rotana'!E14+'Mall, Citadel, Rotana'!G14+'Mall, Citadel, Rotana'!I14 -> 1029 | AA13: ='Mall, Citadel, Rotana'!K14+'Mall, Citadel, Rotana'!M14 -> 480 | AB13: ='Mall, Citadel, Rotana'!O14 -> 67 | AC13: ='Mall, Citadel, Rotana'!Q14+'Mall, Citadel, Rotana'!S14 -> 26 | AD13: =(E13-H13-194)*0.1318 -> 58.263244 | AE13: =E13-H13-AD13-194 -> 383.79476
A14: Cairo at Nile Plaza | B14: =B13+1 -> 13 | C14: 2 | D14: 2021 | E14: =Water!C15 -> 580 | F14: =Water!E15 -> 253.8 | G14: =Water!G15 -> 159.3 | H14: =Water!I15 -> 4.671 | I14: =ELECT.!F15 -> 7020 | J14: =ELECT.!H15 -> 36178 | K14: =ELECT.!K15 -> 4578 | L14: =ELECT.!M15 -> 4927 | M14: =ELECT.!O15 -> 1958 | N14: =ELECT.!Q15 -> 6294 | O14: =ELECT.!S15 -> 7544 | P14: =ELECT.!W15*2 -> 17114 | Q14: =ELECT.!D15 -> 640 | R14: =BTU!C15 -> 4.216 | S14: =BTU!F15 -> 0.535 | T14: =BTU!I15 -> 5 | U14: =BTU!O15 -> 1.062 | V14: =BTU!L15 -> 1.24 | W14: =BTU!R15 -> 0.74 | X14: =ELECT.!B15 -> 54.75 | Y14: =I14+J14-(K14+L14+M14+N14+O14+P14) -> 783 | Z14: ='Mall, Citadel, Rotana'!C15+'Mall, Citadel, Rotana'!E15+'Mall, Citadel, Rotana'!G15+'Mall, Citadel, Rotana'!I15 -> 982 | AA14: ='Mall, Citadel, Rotana'!K15+'Mall, Citadel, Rotana'!M15 -> 480 | AB14: ='Mall, Citadel, Rotana'!O15 -> 375 | AC14: ='Mall, Citadel, Rotana'!Q15+'Mall, Citadel, Rotana'!S15 -> 76 | AD14: =(E14-H14-194)*0.1318 -> 50.259162 | AE14: =E14-H14-AD14-194 -> 331.06984
... A29: Cairo at Nile Plaza | B29: =B28+1 -> 28 | C29: 2 | D29: 2021 | E29: =Water!C30 -> 470 | F29: =Water!E30 -> 256.5 | G29: =Water!G30 -> 148.5 | H29: =Water!I30 -> 3.456 | I29: =ELECT.!F30 -> 8924 | J29: =ELECT.!H30 -> 26259 | K29: =ELECT.!K30 -> 6518 | L29: =ELECT.!M30 -> 6172 | M29: =ELECT.!O30 -> 2586 | N29: =ELECT.!Q30 -> 7891 | O29: =ELECT.!S30 -> 9177 | P29: =ELECT.!W30*2 -> 21872 | Q29: =ELECT.!D30 -> 160 | R29: =BTU!C30 -> 3.798 | S29: =BTU!F30 -> 0.999 | T29: =BTU!I30 -> 5 | U29: =BTU!O30 -> 0.951 | V29: =BTU!L30 -> 0.77 | W29: =BTU!R30 -> 0.23 | X29: =ELECT.!B30 -> 73 | Y29: =I29+J29-(K29+L29+M29+N29+O29+P29) -> -19033 | Z29: ='Mall, Citadel, Rotana'!C30+'Mall, Citadel, Rotana'!E30+'Mall, Citadel, Rotana'!G30+'Mall, Citadel, Rotana'!I30 -> 1217 | AA29: ='Mall, Citadel, Rotana'!K30+'Mall, Citadel, Rotana'!M30 -> 640 | AB29: ='Mall, Citadel, Rotana'!O30 -> 113 | AC29: ='Mall, Citadel, Rotana'!Q30+'Mall, Citadel, Rotana'!S30 -> 41 | AD29: =(E29-H29-194)*0.1318 -> 35.921299 | AE29: =E29-H29-AD29-194 -> 236.6227

Sheet Mall, Citadel, Rotana
A1: Day | B1: R1 | C1: Cons | D1: R2 | E1: Cons | F1: R3 | G1: Cons | H1: R4 | I1: Cons | J1: RO1 | K1: Cons | L1: RO2 | M1: Cons | N1: ROE | O1: Cons | P1: CIB. 1 | Q1: Cons | R1: CIB. E | S1: Cons | T1: Co | U1: Cons
A2: Last | B2: 44752 | C2: 0 | D2: 39227 | E2: 0 | F2: 20014 | G2: 0 | H2: 238893 | I2: 0 | J2: 303517 | K2: 0 | L2: 24568 | M2: 0 | N2: 206458 | O2: 0 | P2: 91688 | Q2: 0 | R2: 55047 | S2: 0 | T2: 3501 | U2: 0
A3: 44228 | B3: 44762 | C3: =(B3-B2)*800/5 -> 1600 | D3: 39233 | E3: =(D3-D2)*800/5 -> 960 | F3: 20023 | G3: =(F3-F2)*100/5 -> 180 | H3: 238717 | I3: =(H3-H2) -> -176 | J3: 303517 | K3: =(J3-J2)*800/5 -> 0 | L3: 24577 | M3: =(L3-L2)*800/5 -> 1440 | N3: 206726 | O3: =N3-N2 -> 268 | P3: 91816 | Q3: =P3-P2 -> 128 | R3: 55047 | S3: 0 | T3: 3504 | U3: =(T3-T2)*800/5 -> 480
A4: 44229 | B4: 44767 | C4: =(B4-B3)*800/5 -> 800 | D4: 39236 | E4: =(D4-D3)*800/5 -> 480 | F4: 20028 | G4: =(F4-F3)*100/5 -> 100 | H4: 238728 | I4: =(H4-H3) -> 11 | J4: 303517 | K4: =(J4-J3)*800/5 -> 0 | L4: 24583 | M4: =(L4-L3)*800/5 -> 960 | N4: 206804 | O4: =N4-N3 -> 78 | P4: 91816 | Q4: =P4-P3 -> 0 | R4: 55047 | S4: =R4-R3 -> 0 | T4: 3506 | U4: =(T4-T3)*800/5 -> 320
A5: 44230 | B5: 44771 | C5: =(B5-B4)*800/5 -> 640 | D5: 39242 | E5: =(D5-D4)*800/5 -> 960 | F5: 20030 | G5: =(F5-F4)*100/5 -> 40 | H5: 238741 | I5: =(H5-H4) -> 13 | J5: 303517 | K5: =(J5-J4)*800/5 -> 0 | L5: 24585 | M5: =(L5-L4)*800/5 -> 320 | N5: 206894 | O5: =N5-N4 -> 90 | P5: 91917 | Q5: =P5-P4 -> 101 | R5: 55047 | S5: =R5-R4 -> 0 | T5: 3508 | U5: =(T5-T4)*800/5 -> 320
A6: 44231 | B6: 44774 | C6: =(B6-B5)*800/5 -> 480 | D6: 39246 | E6: =(D6-D5)*800/5 -> 640 | F6: 20035 | G6: =(F6-F5)*100/5 -> 100 | H6: 238772 | I6: =(H6-H5) -> 31 | J6: 303517 | K6: =(J6-J5)*800/5 -> 0 | L6: 24587 | M6: =(L6-L5)*800/5 -> 320 | N6: 206918 | O6: =N6-N5 -> 24 | P6: 91994 | Q6: =P6-P5 -> 77 | R6: 55047 | S6: =R30-R5 -> 0 | T6: 3509 | U6: =(T6-T5)*800/5 -> 160
A7: 44232 | B7: 44779 | C7: =(B7-B6)*800/5 -> 800 | D7: 39247 | E7: =(D7-D6)*800/5 -> 160 | F7: 20039 | G7: =(F7-F6)*100/5 -> 80 | H7: 238800 | I7: =(H7-H6) -> 28 | J7: 303517 | K7: =(J7-J6)*800/5 -> 0 | L7: 24590 | M7: =(L7-L6)*800/5 -> 480 | N7: 207000 | O7: =N7-N6 -> 82 | P7: 91994 | Q7: =P7-P6 -> 0 | R7: 55047 | S7: =R7-R30 -> 0 | T7: 3510 | U7: =(T7-T6)*800/5 -> 160
A8: 44233 | B8: 44783 | C8: =(B8-B7)*800/5 -> 640 | D8: 39249 | E8: =(D8-D7)*800/5 -> 320 | F8: 20043 | G8: =(F8-F7)*100/5 -> 80 | H8: 238822 | I8: =(H8-H7) -> 22 | J8: 303517 | K8: =(J8-J7)*800/5 -> 0 | L8: 24592 | M8: =(L8-L7)*800/5 -> 320 | N8: 207214 | O8: =N8-N7 -> 214 | P8: 91994 | Q8: =P8-P7 -> 0 | R8: 55047 | S8: =R8-R7 -> 0 | T8: 3510 | U8: =(T8-T7)*800/5 -> 0
A9: 44234 | B9: 44788 | C9: =(B9-B8)*800/5 -> 800 | D9: 39250 | E9: =(D9-D8)*800/5 -> 160 | F9: 20047 | G9: =(F9-F8)*100/5 -> 80 | H9: 238836 | I9: =(H9-H8) -> 14 | J9: 303517 | K9: =(J9-J8)*800/5 -> 0 | L9: 24596 | M9: =(L9-L8)*800/5 -> 640 | N9: 207337 | O9: =N9-N8 -> 123 | P9: 91994 | Q9: =P9-P8 -> 0 | R9: 55047 | S9: =R9-R8 -> 0 | T9: 3511 | U9: =(T9-T8)*800/5 -> 160
A10: 44235 | B10: 44791 | C10: =(B10-B9)*800/5 -> 480 | D10: 39254 | E10: =(D10-D9)*800/5 -> 640 | F10: 20049 | G10: =(F10-F9)*100/5 -> 40 | H10: 238844 | I10: =(H10-H9) -> 8 | J10: 303517 | K10: =(J10-J9)*800/5 -> 0 | L10: 24599 | M10: =(L10-L9)*800/5 -> 480 | N10: 207391 | O10: =N10-N9 -> 54 | P10: 92317 | Q10: =P10-P9 -> 323 | R10: 55047 | S10: =R10-R9 -> 0 | T10: 3513 | U10: =(T10-T9)*800/5 -> 320
A11: 44236 | B11: 44796 | C11: =(B11-B10)*800/5 -> 800 | D11: 39257 | E11: =(D11-D10)*800/5 -> 480 | F11: 20051 | G11: =(F11-F10)*100/5 -> 40 | H11: 238862 | I11: =(H11-H10) -> 18 | J11: 303517 | K11: =(J11-J10)*800/5 -> 0 | L11: 24604 | M11: =(L11-L10)*800/5 -> 800 | N11: 207453 | O11: =N11-N10 -> 62 | P11: 92411 | Q11: =P11-P10 -> 94 | R11: 55047 | S11: =R11-R10 -> 0 | T11: 3515 | U11: =(T11-T10)*800/5 -> 320
A12: 44237 | B12: 44798 | C12: =(B12-B11)*800/5 -> 320 | D12: 39259 | E12: =(D12-D11)*800/5 -> 320 | F12: 20054 | G12: =(F12-F11)*100/5 -> 60 | H12: 238871 | I12: =(H12-H11) -> 9 | J12: 303517 | K12: =(J12-J11)*800/5 -> 0 | L12: 24607 | M12: =(L12-L11)*800/5 -> 480 | N12: 207498 | O12: =N12-N11 -> 45 | P12: 92661 | Q12: =P12-P11 -> 250 | R12: 55047 | S12: =R12-R11 -> 0 | T12: 3517 | U12: =(T12-T11)*800/5 -> 320
A13: 44238 | B13: 44810 | C13: =(B13-B12)*800/5 -> 1920 | D13: 39261 | E13: =(D13-D12)*800/5 -> 320 | F13: 20057 | G13: =(F13-F12)*100/5 -> 60 | H13: 238891 | I13: =(H13-H12) -> 20 | J13: 303517 | K13: =(J13-J12)*800/5 -> 0 | L13: 24609 | M13: =(L13-L12)*800/5 -> 320 | N13: 207537 | O13: =N13-N12 -> 39 | P13: 92797 | Q13: =P13-P12 -> 136 | R13: 55047 | S13: =R13-R12 -> 0 | T13: 3519 | U13: =(T13-T12)*800/5 -> 320
A14: 44239 | B14: 44813 | C14: =(B14-B13)*800/5 -> 480 | D14: 39264 | E14: =(D14-D13)*800/5 -> 480 | F14: 20059 | G14: =(F14-F13)*100/5 -> 40 | H14: 238920 | I14: =(H14-H13) -> 29 | J14: =J13 -> 303517 | K14: =(J14-J13)*800/5 -> 0 | L14: 24612 | M14: =(L14-L13)*800/5 -> 480 | N14: 207604 | O14: =N14-N13 -> 67 | P14: 92823 | Q14: =P14-P13 -> 26 | R14: =R13 -> 55047 | S14: =R14-R13 -> 0 | T14: 3518 | U14: =(T14-T13)*800/5 -> -160
A15: 44240 | B15: 44815 | C15: =(B15-B14)*800/5 -> 320 | D15: 39267 | E15: =(D15-D14)*800/5 -> 480 | F15: 20068 | G15: =(F15-F14)*100/5 -> 180 | H15: 238922 | I15: =(H15-H14) -> 2 | J15: =J14 -> 303517 | K15: =(J15-J14)*800/5 -> 0 | L15: 24615 | M15: =(L15-L14)*800/5 -> 480 | N15: 207979 | O15: =N15-N14 -> 375 | P15: 92899 | Q15: =P15-P14 -> 76 | R15: =R14 -> 55047 | S15: =R15-R14 -> 0 | T15: 3519 | U15: =(T15-T14)*800/5 -> 160
A16: 44241 | B16: 44820 | C16: =(B16-B15)*800/5 -> 800 | D16: 39270 | E16: =(D16-D15)*800/5 -> 480 | F16: 20071 | G16: =(F16-F15)*100/5 -> 60 | H16: 238937 | I16: =(H16-H15) -> 15 | J16: 303517 | K16: =(J16-J15)*800/5 -> 0 | L16: 24619 | M16: =(L16-L15)*800/5 -> 640 | N16: 208094 | O16: =N16-N15 -> 115 | P16: 92899 | Q16: =P16-P15 -> 0 | R16: 55047 | S16: =R16-R15 -> 0 | T16: 3520 | U16: =(T16-T15)*800/5 -> 160
A17: 44242 | B17: 44825 | C17: =(B17-B16)*800/5 -> 800 | D17: 39273 | E17: =(D17-D16)*800/5 -> 480 | F17: 20074 | G17: =(F17-F16)*100/5 -> 60 | H17: 238954 | I17: =(H17-H16) -> 17 | J17: 303517 | K17: =(J17-J16)*800/5 -> 0 | L17: 24623 | M17: =(L17-L16)*800/5 -> 640 | N17: 208219 | O17: =N17-N16 -> 125 | P17: 92899 | Q17: =P17-P16 -> 0 | R17: 55047 | S17: =S16 -> 0 | T17: 3523 | U17: =(T17-T16)*800/5 -> 480
A18: 44243 | B18: 44830 | C18: =(B18-B17)*800/5 -> 800 | D18: 39276 | E18: =(D18-D17)*800/5 -> 480 | F18: 20078 | G18: =(F18-F17)*100/5 -> 80 | H18: 238972 | I18: =(H18-H17) -> 18 | J18: 303517 | K18: =(J18-J17)*800/5 -> 0 | L18: 24626 | M18: =(L18-L17)*800/5 -> 480 | N18: 208334 | O18: =N18-N17 -> 115 | P18: 93561 | Q18: =P18-P17 -> 662 | R18: 55047 | S18: =R18-R17 -> 0 | T18: 3523 | U18: =(T18-T17)*800/5 -> 0
A19: 44244 | B19: 44835 | C19: =(B19-B18)*800/5 -> 800 | D19: 39278 | E19: =(D19-D18)*800/5 -> 320 | F19: 20082 | G19: =(F19-F18)*100/5 -> 80 | H19: 238992 | I19: =(H19-H18) -> 20 | J19: 303517 | K19: =(J19-J18)*800/5 -> 0 | L19: 24630 | M19: =(L19-L18)*800/5 -> 640 | N19: 208455 | O19: =N19-N18 -> 121 | P19: 93612 | Q19: =P19-P18 -> 51 | R19: 55047 | S19: =R19-R18 -> 0 | T19: 3524 | U19: =(T19-T18)*800/5 -> 160
A20: 44245 | B20: 44840 | C20: =(B20-B19)*800/5 -> 800 | D20: 39281 | E20: =(D20-D19)*800/5 -> 480 | F20: 20084 | G20: =(F20-F19)*100/5 -> 40 | H20: 239007 | I20: =(H20-H19) -> 15 | J20: 303517 | K20: 0 | L20: 24633 | M20: =(L20-L19)*800/5 -> 480 | N20: 208582 | O20: =N20-N19 -> 127 | P20: 93789 | Q20: =P20-P19 -> 177 | R20: 55047 | S20: =R20-R19 -> 0 | T20: 3526 | U20: =(T20-T19)*800/5 -> 320
A21: 44246 | B21: 44845 | C21: =(B21-B20)*800/5 -> 800 | D21: 39284 | E21: =(D21-D20)*800/5 -> 480 | F21: 20088 | G21: =(F21-F20)*100/5 -> 80 | H21: 239024 | I21: =(H21-H20) -> 17 | J21: =J20 -> 303517 | K21: =(J21-J20)*800/5 -> 0 | L21: 24636 | M21: =(L21-L20)*800/5 -> 480 | N21: 208651 | O21: =N21-N20 -> 69 | P21: 93861 | Q21: =P21-P20 -> 72 | R21: =R20 -> 55047 | S21: =R21-R20 -> 0 | T21: 3527 | U21: =(T21-T20)*800/5 -> 160
A22: 44247 | B22: 44849 | C22: =(B22-B21)*800/5 -> 640 | D22: 39287 | E22: =(D22-D21)*800/5 -> 480 | F22: 20091 | G22: =(F22-F21)*100/5 -> 60 | H22: 239031 | I22: =(H22-H21) -> 7 | J22: =J21 -> 303517 | K22: =(J22-J21)*800/5 -> 0 | L22: 24639 | M22: =(L22-L21)*800/5 -> 480 | N22: 208695 | O22: =N22-N21 -> 44 | P22: 93954 | Q22: =P22-P21 -> 93 | R22: =R21 -> 55047 | S22: =R22-R21 -> 0 | T22: 3528 | U22: =(T22-T21)*800/5 -> 160
A23: 44248 | B23: 44855 | C23: =(B23-B22)*800/5 -> 960 | D23: 39289 | E23: =(D23-D22)*800/5 -> 320 | F23: 20095 | G23: =(F23-F22)*100/5 -> 80 | H23: 239058 | I23: =(H23-H22) -> 27 | J23: =J22 -> 303517 | K23: =(J23-J22)*800/5 -> 0 | L23: 24642 | M23: =(L23-L22)*800/5 -> 480 | N23: 208857 | O23: =N23-N22 -> 162 | P23: 94044 | Q23: =P23-P22 -> 90 | R23: =R22 -> 55047 | S23: =R23-R22 -> 0 | T23: 3529 | U23: =(T23-T22)*800/5 -> 160
A24: 44249 | B24: 44858 | C24: =(B24-B23)*800/5 -> 480 | D24: 39292 | E24: =(D24-D23)*800/5 -> 480 | F24: 20097 | G24: =(F24-F23)*100/5 -> 40 | H24: 239069 | I24: =(H24-H23) -> 11 | J24: =J23 -> 303517 | K24: =(J24-J23)*800/5 -> 0 | L24: 24646 | M24: =(L24-L23)*800/5 -> 640 | N24: 208909 | O24: =N24-N23 -> 52 | P24: 94193 | Q24: =P24-P23 -> 149 | R24: =R23 -> 55047 | S24: =R24-R23 -> 0 | T24: 3530 | U24: =(T24-T23)*800/5 -> 160
A25: 44250 | B25: 44861 | C25: =(B25-B24)*800/5 -> 480 | D25: 39296 | E25: =(D25-D24)*800/5 -> 640 | F25: 20099 | G25: =(F25-F24)*100/5 -> 40 | H25: 239092 | I25: =(H25-H24) -> 23 | J25: =J24 -> 303517 | K25: =(J25-J24)*800/5 -> 0 | L25: 24651 | M25: =(L25-L24)*800/5 -> 800 | N25: 208951 | O25: =N25-N24 -> 42 | P25: 94275 | Q25: =P25-P24 -> 82 | R25: =R24 -> 55047 | S25: =R25-R24 -> 0 | T25: 3531 | U25: =(T25-T24)*800/5 -> 160
A26: 44251 | B26: 44863 | C26: =(B26-B25)*800/5 -> 320 | D26: 39298 | E26: =(D26-D25)*800/5 -> 320 | F26: 20101 | G26: =(F26-F25)*100/5 -> 40 | H26: 239095 | I26: =(H26-H25) -> 3 | J26: =J25 -> 303517 | K26: =(J26-J25)*800/5 -> 0 | L26: 24657 | M26: =(L26-L25)*800/5 -> 960 | N26: 208978 | O26: =N26-N25 -> 27 | P26: 94404 | Q26: =P26-P25 -> 129 | R26: =R25 -> 55047 | S26: =R26-R25 -> 0 | T26: 3532 | U26: =(T26-T25)*800/5 -> 160
A27: 44252 | B27: 44865 | C27: =(B27-B26)*800/5 -> 320 | D27: 39301 | E27: =(D27-D26)*800/5 -> 480 | F27: 20104 | G27: =(F27-F26)*100/5 -> 60 | H27: 239098 | I27: =(H27-H26) -> 3 | J27: =J26 -> 303517 | K27: =(J27-J26)*800/5 -> 0 | L27: 24659 | M27: =(L27-L26)*800/5 -> 320 | N27: 209007 | O27: =N27-N26 -> 29 | P27: 94578 | Q27: =P27-P26 -> 174 | R27: =R26 -> 55047 | S27: =R27-R26 -> 0 | T27: 3533 | U27: =(T27-T26)*800/5 -> 160
A28: 44253 | B28: 44867 | C28: =(B28-B27)*800/5 -> 320 | D28: 39303 | E28: =(D28-D27)*800/5 -> 320 | F28: 20107 | G28: =(F28-F27)*100/5 -> 60 | H28: 239104 | I28: =(H28-H27) -> 6 | J28: =J27 -> 303517 | K28: =(J28-J27)*800/5 -> 0 | L28: 24663 | M28: =(L28-L27)*800/5 -> 640 | N28: 209028 | O28: =N28-N27 -> 21 | P28: 94683 | Q28: =P28-P27 -> 105 | R28: =R27 -> 55047 | S28: =R28-R27 -> 0 | T28: 3535 | U28: =(T28-T27)*800/5 -> 320
A29: 44254 | B29: 44885 | C29: =(B29-B28)*800/5 -> 2880 | D29: 39306 | E29: =(D29-D28)*800/5 -> 480 | F29: 20116 | G29: =(F29-F28)*100/5 -> 180 | H29: 239166 | I29: =(H29-H28) -> 62 | J29: =J28 -> 303517 | K29: =(J29-J28)*800/5 -> 0 | L29: 24666 | M29: =(L29-L28)*800/5 -> 480 | N29: 209525 | O29: =N29-N28 -> 497 | P29: 94729 | Q29: =P29-P28 -> 46 | R29: =R28 -> 55047 | S29: =R29-R28 -> 0 | T29: 3537 | U29: =(T29-T28)*800/5 -> 320
A30: 44255 | B30: 44890 | C30: =(B30-B29)*800/5 -> 800 | D30: 39308 | E30: =(D30-D29)*800/5 -> 320 | F30: 20120 | G30: =(F30-F29)*100/5 -> 80 | H30: 239183 | I30: =(H30-H29) -> 17 | J30: =J29 -> 303517 | K30: =(J30-J29)*800/5 -> 0 | L30: 24670 | M30: =(L30-L29)*800/5 -> 640 | N30: 209638 | O30: =N30-N29 -> 113 | P30: 94770 | Q30: =P30-P29 -> 41 | R30: =R29 -> 55047 | S30: =R30-R29 -> 0 | T30: 3539 | U30: =(T30-T29)*800/5 -> 320
B31: 44890 | C31: =(B31-B30)*800/5 -> 0 | D31: 39308 | E31: =(D31-D30)*800/5 -> 0 | F31: 20120 | G31: =(F31-F30)*100/5 -> 0 | H31: 239183 | I31: =(H31-H30) -> 0 | J31: =J30 -> 303517 | K31: =(J31-J30)*800/5 -> 0 | L31: 24670 | M31: =(L31-L30)*800/5 -> 0 | N31: 209638 | O31: =N31-N30 -> 0 | P31: 94770 | Q31: =P31-P30 -> 0 | R31: =R30 -> 55047 | S31: =R31-R30 -> 0 | T31: 3539 | U31: =(T31-T30)*800/5 -> 0
B32: 44890 | C32: =(B32-B31)*800/5 -> 0 | D32: 39308 | E32: =(D32-D31)*800/5 -> 0 | F32: 20120 | G32: =(F32-F31)*100/5 -> 0 | H32: 239183 | I32: =(H32-H31) -> 0 | J32: =J31 -> 303517 | K32: =(J32-J31)*800/5 -> 0 | L32: 24670 | M32: =(L32-L31)*800/5 -> 0 | N32: 209638 | O32: =N32-N31 -> 0 | P32: 94770 | Q32: =P32-P31 -> 0 | R32: =R31 -> 55047 | S32: =R32-R31 -> 0 | T32: 3539 | U32: =(T32-T31)*800/5 -> 0
B33: 44890 | D33: 39308 | E33: =(D33-D32)*800/5 -> 0 | F33: 20120 | H33: 239183 | I33: =(H33-H32) -> 0 | J33: =J32 -> 303517 | L33: 24670 | M33: =(L33-L32)*800/5 -> 0 | N33: 209638 | O33: =N33-N32 -> 0 | P33: 94770 | R33: =R32 -> 55047 | T33: 3539
A34: Total | C34: =SUM(C3:C33) -> 22080 | E34: =SUM(E3:E33) -> 12960 | G34: =SUM(G3:G33) -> 2120 | I34: =SUM(I3:I33) -> 290 | K34: =SUM(K3:K33) -> 0 | M34: =SUM(M3:M33) -> 16320 | O34: =SUM(O3:O33) -> 3180 | Q34: =SUM(Q3:Q33) -> 3082 | S34: =SUM(S3:S33) -> 0 | U34: =SUM(U3:U33) -> 6080

Sheet Water
A1: Day | B1: Main Reading | C1: Cons. | D1: Podium | E1: Cons. | F1: Hotel | G1: Cons. | H1: Large | I1: Cons. | J1: Total | K1: cost.LE
A2: Last | B2: 404038 | C2: 0 | D2: 3128500 | E2: 0 | F2: 2097500 | G2: 0 | H2: 716673 | I2: 0 | J2: 0 | K2: 0
A3: 44228 | B3: 404199 | C3: =(IF((B3-B2)<0,"0",(B3-B2)))*10 -> 1610 | D3: 3145000 | E3: =(IF((D3-D2)<0,"0",(D3-D2)))*0.027 -> 445.5 | F3: 2110000 | G3: =(IF((F3-F2)<0,"0",(F3-F2)))*0.027 -> 337.5 | H3: 717000 | I3: =(IF((H3-H2)<0,"0",(H3-H2)))*0.027 -> 8.829 | J3: =C3+E3+G3+I3 -> 2401.829 | K3: =J3*5.86 -> 14074.718
A4: 44229 | B4: 404248 | C4: =(IF((B4-B3)<0,"0",(B4-B3)))*10 -> 490 | D4: 3156300 | E4: =(IF((D4-D3)<0,"0",(D4-D3)))*0.027 -> 305.1 | F4: 2119100 | G4: =(IF((F4-F3)<0,"0",(F4-F3)))*0.027 -> 245.7 | H4: 717225 | I4: =(IF((H4-H3)<0,"0",(H4-H3)))*0.027 -> 6.075 | J4: =C4+E4+G4+I4 -> 1046.875 | K4: =J4*5.86 -> 6134.6875
A5: 44230 | B5: 404300 | C5: =(IF((B5-B4)<0,"0",(B5-B4)))*10 -> 520 | D5: 3165800 | E5: =(IF((D5-D4)<0,"0",(D5-D4)))*0.027 -> 256.5 | F5: 2126000 | G5: =(IF((F5-F4)<0,"0",(F5-F4)))*0.027 -> 186.3 | H5: 717411 | I5: =(IF((H5-H4)<0,"0",(H5-H4)))*0.027 -> 5.022 | J5: =C5+E5+G5+I5 -> 967.822 | K5: =J5*5.86 -> 5671.4369
A6: 44231 | B6: 404350 | C6: =(IF((B6-B5)<0,"0",(B6-B5)))*10 -> 500 | D6: 3180000 | E6: =(IF((D6-D5)<0,"0",(D6-D5)))*0.027 -> 383.4 | F6: 2133000 | G6: =(IF((F6-F5)<0,"0",(F6-F5)))*0.027 -> 189 | H6: 717611 | I6: =(IF((H6-H5)<0,"0",(H6-H5)))*0.027 -> 5.4 | J6: =C6+E6+G6+I6 -> 1077.8 | K6: =J6*5.86 -> 6315.908
A7: 44232 | B7: 404417 | C7: =(IF((B7-B6)<0,"0",(B7-B6)))*10 -> 670 | D7: 3187100 | E7: =(IF((D7-D6)<0,"0",(D7-D6)))*0.027 -> 191.7 | F7: 2141200 | G7: =(IF((F7-F6)<0,"0",(F7-F6)))*0.027 -> 221.4 | H7: 717781 | I7: =(IF((H7-H6)<0,"0",(H7-H6)))*0.027 -> 4.59 | J7: =C7+E7+G7+I7 -> 1087.69 | K7: =J7*5.86 -> 6373.8634
A8: 44233 | B8: 404466 | C8: =(IF((B8-B7)<0,"0",(B8-B7)))*10 -> 490 | D8: 3195400 | E8: =(IF((D8-D7)<0,"0",(D8-D7)))*0.027 -> 224.1 | F8: 2148200 | G8: =(IF((F8-F7)<0,"0",(F8-F7)))*0.027 -> 189 | H8: 717963 | I8: =(IF((H8-H7)<0,"0",(H8-H7)))*0.027 -> 4.914 | J8: =C8+E8+G8+I8 -> 908.014 | K8: =J8*5.86 -> 5320.962
A9: 44234 | B9: 404507 | C9: =(IF((B9-B8)<0,"0",(B9-B8)))*10 -> 410 | D9: 3203000 | E9: =(IF((D9-D8)<0,"0",(D9-D8)))*0.027 -> 205.2 | F9: 2153200 | G9: =(IF((F9-F8)<0,"0",(F9-F8)))*0.027 -> 135 | H9: 718123 | I9: =(IF((H9-H8)<0,"0",(H9-H8)))*0.027 -> 4.32 | J9: =C9+E9+G9+I9 -> 754.52 | K9: =J9*5.86 -> 4421.4872
A10: 44235 | B10: 404559 | C10: =(IF((B10-B9)<0,"0",(B10-B9)))*10 -> 520 | D10: 3212700 | E10: =(IF((D10-D9)<0,"0",(D10-D9)))*0.027 -> 261.9 | F10: 2159500 | G10: =(IF((F10-F9)<0,"0",(F10-F9)))*0.027 -> 170.1 | H10: 718306 | I10: =(IF((H10-H9)<0,"0",(H10-H9)))*0.027 -> 4.941 | J10: =C10+E10+G10+I10 -> 956.941 | K10: =J10*5.86 -> 5607.6743
A11: 44236 | B11: 404614 | C11: =(IF((B11-B10)<0,"0",(B11-B10)))*10 -> 550 | D11: 3223000 | E11: =(IF((D11-D10)<0,"0",(D11-D10)))*0.027 -> 278.1 | F11: 2166400 | G11: =(IF((F11-F10)<0,"0",(F11-F10)))*0.027 -> 186.3 | H11: 718482 | I11: =(IF((H11-H10)<0,"0",(H11-H10)))*0.027 -> 4.752 | J11: =C11+E11+G11+I11 -> 1019.152 | K11: =J11*5.86 -> 5972.2307
A12: 44237 | B12: 404668 | C12: =(IF((B12-B11)<0,"0",(B12-B11)))*10 -> 540 | D12: 3238200 | E12: =(IF((D12-D11)<0,"0",(D12-D11)))*0.027 -> 410.4 | F12: 2174400 | G12: =(IF((F12-F11)<0,"0",(F12-F11)))*0.027 -> 216 | H12: 718708 | I12: =(IF((H12-H11)<0,"0",(H12-H11)))*0.027 -> 6.102 | J12: =C12+E12+G12+I12 -> 1172.502 | K12: =J12*5.86 -> 6870.8617
A13: 44238 | B13: 404720 | C13: =(IF((B13-B12)<0,"0",(B13-B12)))*10 -> 520 | D13: 3248700 | E13: =(IF((D13-D12)<0,"0",(D13-D12)))*0.027 -> 283.5 | F13: 2179500 | G13: =(IF((F13-F12)<0,"0",(F13-F12)))*0.027 -> 137.7 | H13: 718885 | I13: =(IF((H13-H12)<0,"0",(H13-H12)))*0.027 -> 4.779 | J13: =C13+E13+G13+I13 -> 945.979 | K13: =J13*5.86 -> 5543.4369
A14: 44239 | B14: 404784 | C14: =(IF((B14-B13)<0,"0",(B14-B13)))*10 -> 640 | D14: 3257400 | E14: =(IF((D14-D13)<0,"0",(D14-D13)))*0.027 -> 234.9 | F14: 2184500 | G14: =(IF((F14-F13)<0,"0",(F14-F13)))*0.027 -> 135 | H14: 719031 | I14: =(IF((H14-H13)<0,"0",(H14-H13)))*0.027 -> 3.942 | J14: =C14+E14+G14+I14 -> 1013.842 | K14: =J14*5.86 -> 5941.1141
... A17: 44242 | B17: 404955 | C17: =(IF((B17-B16)<0,"0",(B17-B16)))*10 -> 490 | D17: 3289000 | E17: =(IF((D17-D16)<0,"0",(D17-D16)))*0.027 -> 251.1 | F17: 2206800 | G17: =(IF((F17-F16)<0,"0",(F17-F16)))*0.027 -> 172.8 | H17: 719608 | I17: =(IF((H17-H16)<0,"0",(H17-H16)))*0.027 -> 4.617 | J17: =C17+E17+G17+I17 -> 918.517 | K17: =J17*5.86 -> 5382.5096
A18: 44243 | B18: 405005 | C18: =(IF((B18-B17)<0,"0",(B18-B17)))*10 -> 500 | D18: 3299000 | E18: =(IF((D18-D17)<0,"0",(D18-D17)))*0.027 -> 270 | F18: 2212200 | G18: =(IF((F18-F17)<0,"0",(F18-F17)))*0.027 -> 145.8 | H18: 719792 | I18: =(IF((H18-H17)<0,"0",(H18-H17)))*0.027 -> 4.968 | J18: =C18+E18+G18+I18 -> 920.768 | K18: =J18*5.86 -> 5395.7005 | Q18: `
A19: 44244 | B19: 405055 | C19: =(IF((B19-B18)<0,"0",(B19-B18)))*10 -> 500 | D19: 3310700 | E19: =(IF((D19-D18)<0,"0",(D19-D18)))*0.027 -> 315.9 | F19: 2217100 | G19: =(IF((F19-F18)<0,"0",(F19-F18)))*0.027 -> 132.3 | H19: 719978 | I19: =(IF((H19-H18)<0,"0",(H19-H18)))*0.027 -> 5.022 | J19: =C19+E19+G19+I19 -> 953.222 | K19: =J19*5.86 -> 5585.8809
A20: 44245 | B20: 405100 | C20: =(IF((B20-B19)<0,"0",(B20-B19)))*10 -> 450 | D20: 3320700 | E20: =(IF((D20-D19)<0,"0",(D20-D19)))*0.027 -> 270 | F20: 2221100 | G20: =(IF((F20-F19)<0,"0",(F20-F19)))*0.027 -> 108 | H20: 720128 | I20: =(IF((H20-H19)<0,"0",(H20-H19)))*0.027 -> 4.05 | J20: =C20+E20+G20+I20 -> 832.05 | K20: =J20*5.86 -> 4875.813
A21: 44246 | B21: 405158 | C21: =(IF((B21-B20)<0,"0",(B21-B20)))*10 -> 580 | D21: 3332000 | E21: =(IF((D21-D20)<0,"0",(D21-D20)))*0.027 -> 305.1 | F21: 2225500 | G21: =(IF((F21-F20)<0,"0",(F21-F20)))*0.027 -> 118.8 | H21: 720257 | I21: =(IF((H21-H20)<0,"0",(H21-H20)))*0.027 -> 3.483 | J21: =C21+E21+G21+I21 -> 1007.383 | K21: =J21*5.86 -> 5903.2644
A22: 44247 | B22: 405210 | C22: =(IF((B22-B21)<0,"0",(B22-B21)))*10 -> 520 | D22: 3342300 | E22: =(IF((D22-D21)<0,"0",(D22-D21)))*0.027 -> 278.1 | F22: 2232000 | G22: =(IF((F22-F21)<0,"0",(F22-F21)))*0.027 -> 175.5 | H22: 720394 | I22: =(IF((H22-H21)<0,"0",(H22-H21)))*0.027 -> 3.699 | J22: =C22+E22+G22+I22 -> 977.299 | K22: =J22*5.86 -> 5726.9721
A23: 44248 | B23: 405260 | C23: =(IF((B23-B22)<0,"0",(B23-B22)))*10 -> 500 | D23: 3352000 | E23: =(IF((D23-D22)<0,"0",(D23-D22)))*0.027 -> 261.9 | F23: 2237400 | G23: =(IF((F23-F22)<0,"0",(F23-F22)))*0.027 -> 145.8 | H23: 720563 | I23: =(IF((H23-H22)<0,"0",(H23-H22)))*0.027 -> 4.563 | J23: =C23+E23+G23+I23 -> 912.263 | K23: =J23*5.86 -> 5345.8612
A24: 44249 | B24: 405305 | C24: =(IF((B24-B23)<0,"0",(B24-B23)))*10 -> 450 | D24: 3360800 | E24: =(IF((D24-D23)<0,"0",(D24-D23)))*0.027 -> 237.6 | F24: 2241800 | G24: =(IF((F24-F23)<0,"0",(F24-F23)))*0.027 -> 118.8 | H24: 720726 | I24: =(IF((H24-H23)<0,"0",(H24-H23)))*0.027 -> 4.401 | J24: =C24+E24+G24+I24 -> 810.801 | K24: =J24*5.86 -> 4751.2939
A25: 44250 | B25: 405350 | C25: =(IF((B25-B24)<0,"0",(B25-B24)))*10 -> 450 | D25: 3372800 | E25: =(IF((D25-D24)<0,"0",(D25-D24)))*0.027 -> 324 | F25: 2247000 | G25: =(IF((F25-F24)<0,"0",(F25-F24)))*0.027 -> 140.4 | H25: 720890 | I25: =(IF((H25-H24)<0,"0",(H25-H24)))*0.027 -> 4.428 | J25: =C25+E25+G25+I25 -> 918.828 | K25: =J25*5.86 -> 5384.3321
A26: 44251 | B26: 405400 | C26: =(IF((B26-B25)<0,"0",(B26-B25)))*10 -> 500 | D26: 3383000 | E26: =(IF((D26-D25)<0,"0",(D26-D25)))*0.027 -> 275.4 | F26: 2253400 | G26: =(IF((F26-F25)<0,"0",(F26-F25)))*0.027 -> 172.8 | H26: 721070 | I26: =(IF((H26-H25)<0,"0",(H26-H25)))*0.027 -> 4.86 | J26: =C26+E26+G26+I26 -> 953.06 | K26: =J26*5.86 -> 5584.9316
A27: 44252 | B27: 405451 | C27: =(IF((B27-B26)<0,"0",(B27-B26)))*10 -> 510 | D27: 3391000 | E27: =(IF((D27-D26)<0,"0",(D27-D26)))*0.027 -> 216 | F27: 2259900 | G27: =(IF((F27-F26)<0,"0",(F27-F26)))*0.027 -> 175.5 | H27: 721198 | I27: =(IF((H27-H26)<0,"0",(H27-H26)))*0.027 -> 3.456 | J27: =C27+E27+G27+I27 -> 904.956 | K27: =J27*5.86 -> 5303.0422
A28: 44253 | B28: 405524 | C28: =(IF((B28-B27)<0,"0",(B28-B27)))*10 -> 730 | D28: 3404000 | E28: =(IF((D28-D27)<0,"0",(D28-D27)))*0.027 -> 351 | F28: 2266700 | G28: =(IF((F28-F27)<0,"0",(F28-F27)))*0.027 -> 183.6 | H28: 721382 | I28: =(IF((H28-H27)<0,"0",(H28-H27)))*0.027 -> 4.968 | J28: =C28+E28+G28+I28 -> 1269.568 | K28: =J28*5.86 -> 7439.6685
A29: 44254 | B29: 405567 | C29: =(IF((B29-B28)<0,"0",(B29-B28)))*10 -> 430 | D29: 3412500 | E29: =(IF((D29-D28)<0,"0",(D29-D28)))*0.027 -> 229.5 | F29: 2272000 | G29: =(IF((F29-F28)<0,"0",(F29-F28)))*0.027 -> 143.1 | H29: 721490 | I29: =(IF((H29-H28)<0,"0",(H29-H28)))*0.027 -> 2.916 | J29: =C29+E29+G29+I29 -> 805.516 | K29: =J29*5.86 -> 4720.3238
A30: 44255 | B30: 405614 | C30: =(IF((B30-B29)<0,"0",(B30-B29)))*10 -> 470 | D30: 3422000 | E30: =(IF((D30-D29)<0,"0",(D30-D29)))*0.027 -> 256.5 | F30: 2277500 | G30: =(IF((F30-F29)<0,"0",(F30-F29)))*0.027 -> 148.5 | H30: 721618 | I30: =(IF((H30-H29)<0,"0",(H30-H29)))*0.027 -> 3.456 | J30: =C30+E30+G30+I30 -> 878.456 | K30: =J30*5.86 -> 5147.7522
A31: Total | C31: =SUM(C3:C30) -> 15760 | E31: =SUM(E3:E30) -> 7924.5 | G31: =SUM(G3:G30) -> 4860 | I31: =SUM(I3:I30) -> 133.515 | J31: =SUM(J3:J30) -> 28678.015 | K31: =SUM(K3:K30) -> 168053.17

Sheet ELECT.
A1: Day | B1: Rooms Sold | C1: New Chillers | D1: Cons | E1: F-1 | F1: Cons. | G1: F-2 | H1: Cons. | I1: Total | J1: T-1 | K1: Cons. | L1: T-2 | M1: Cons. | N1: T-3 | O1: Cons. | P1: T-4 | Q1: Cons. | R1: T-5 | S1: Cons. | T1: T-6 | U1: Cons. | V1: T-7 | W1: Cons. | X1: Total | Y1: Diff | Z1: Daily Money Value | AA1: MTD Total Money
A2: Last | C2: 17929 | D2: 0 | E2: 24958787 | F2: 0 | G2: 77289999 | H2: 0 | I2: 0 | J2: 7430512 | K2: 0 | L2: 7442711 | M2: 0 | N2: 4942119 | O2: 0 | P2: 2437148 | Q2: 0 | R2: 16464700 | S2: 0 | V2: 3978655 | W2: 0 | X2: 0 | Y2: 0 | Z2: 0 | AA2: 17124.033
A3: 44228 | B3: 69.35 | C3: 17935 | D3: =IF((C3-C2)<0,"0",(C3-C2))*160 -> 960 | E3: 24973383 | F3: =IF((E3-E2)<0,"0",(E3-E2)) -> 14596 | G3: 77370973 | H3: =IF((G3-G2)<0,"0",(G3-G2)) -> 80974 | I3: =F3+H3 -> 95570 | J3: 7441580 | K3: =IF((J3-J2)<0,"0",(J3-J2)) -> 11068 | L3: 7453878 | M3: =IF((L3-L2)<0,"0",(L3-L2)) -> 11167 | N3: 4943691 | O3: =(IF((N3-N2)<0,"0",(N3-N2)))*2 -> 3144 | P3: 2451476 | Q3: =IF((P3-P2)<0,"0",(P3-P2)) -> 14328 | R3: 16481252 | S3: =IF((R3-R2)<0,"0",(R3-R2)) -> 16552 | T3: 0 | V3: 3997430 | W3: =IF((V3-V2)<0,"0",(V3-V2)) -> 18775 | X3: =K3+M3+O3+Q3+S3+U3+W3 -> 75034 | Y3: =I3-X3 -> 20536 | Z3: =(0.93352*(W3+S3)+0.5568*(Q3+O3))*0.26 -> 11103.786 | AA3: =SUM(Z1:Z3) -> 11103.786
A4: 44229 | B4: 69.35 | C4: 17937 | D4: =IF((C4-C3)<0,"0",(C4-C3))*160 -> 320 | E4: 24981522 | F4: =IF((E4-E3)<0,"0",(E4-E3)) -> 8139 | G4: 77415528 | H4: =IF((G4-G3)<0,"0",(G4-G3)) -> 44555 | I4: =F4+H4 -> 52694 | J4: 7447927 | K4: =IF((J4-J3)<0,"0",(J4-J3)) -> 6347 | L4: 7459396 | M4: =IF((L4-L3)<0,"0",(L4-L3)) -> 5518 | N4: 4944918 | O4: =(IF((N4-N3)<P96,"0",(N4-N3)))*2 -> 2454 | P4: 2458808 | Q4: =IF((P4-P3)<0,"0",(P4-P3)) -> 7332 | R4: 16490604 | S4: =IF((R4-R3)<0,"0",(R4-R3)) -> 9352 | T4: 0 | V4: 4007749 | W4: =IF((V4-V3)<0,"0",(V4-V3)) -> 10319 | X4: =K4+M4+O4+Q4+S4+U4+W4 -> 41322 | Y4: =I4-X4 -> 11372 | Z4: =(0.93352*(W4+S4)+0.5568*(Q4+O4))*0.26 -> 6191.1503 | AA4: =SUM(Z2:Z4) -> 17294.937
A5: 44230 | B5: 80 | C5: 17939 | D5: =IF((C5-C4)<0,"0",(C5-C4))*160 -> 320 | E5: 24981522 | F5: =IF((E5-E4)<0,"0",(E5-E4)) -> 0 | G5: 77415528 | H5: =IF((G5-G4)<0,"0",(G5-G4)) -> 0 | I5: =F5+H5 -> 0 | J5: 7447927 | K5: =IF((J5-J4)<0,"0",(J5-J4)) -> 0 | L5: 7459396 | M5: =IF((L5-L4)<0,"0",(L5-L4)) -> 0 | N5: 4944918 | O5: =(IF((N5-N4)<0,"0",(N5-N4)))*2 -> 0 | P5: 2458808 | Q5: =IF((P5-P4)<0,"0",(P5-P4)) -> 0 | R5: 16490604 | S5: =IF((R5-R4)<0,"0",(R5-R4)) -> 0 | T5: 0 | V5: 4007749 | W5: =IF((V5-V4)<0,"0",(V5-V4)) -> 0 | X5: =K5+M5+O5+Q5+S5+U5+W5 -> 0 | Y5: =I5-X5 -> 0 | Z5: =(0.93352*(W5+S5)+0.5568*(Q5+O5))*0.26 -> 0 | AA5: =SUM(Z3:Z5) -> 17294.937
A6: 44231 | B6: 62.05 | C6: 17942 | D6: =IF((C6-C5)<0,"0",(C6-C5))*160 -> 480 | E6: 24996576 | F6: =IF((E6-E5)<0,"0",(E6-E5)) -> 15054 | G6: 77493168 | H6: =IF((G6-G5)<0,"0",(G6-G5)) -> 77640 | I6: =F6+H6 -> 92694 | J6: 7458654 | K6: =IF((J6-J5)<0,"0",(J6-J5)) -> 10727 | L6: 7469823 | M6: =IF((L6-L5)<0,"0",(L6-L5)) -> 10427 | N6: 4947080 | O6: =(IF((N6-N5)<0,"0",(N6-N5)))*2 -> 4324 | P6: 2471542 | Q6: =IF((P6-P5)<0,"0",(P6-P5)) -> 12734 | R6: 16506958 | S6: =IF((R6-R5)<0,"0",(R6-R5)) -> 16354 | T6: 0 | V6: 4025862 | W6: =IF((V6-V5)<0,"0",(V6-V5)) -> 18113 | X6: =K6+M6+O6+Q6+S6+U6+W6 -> 72679 | Y6: =I6-X6 -> 20015 | Z6: =(0.93352*(W6+S6)+0.5568*(Q6+O6))*0.26 -> 10835.117 | AA6: =SUM(Z4:Z6) -> 17026.268
A7: 44232 | B7: 62.05 | C7: 17942 | D7: =IF((C7-C6)<0,"0",(C7-C6))*160 -> 0 | E7: 25003730 | F7: =IF((E7-E6)<0,"0",(E7-E6)) -> 7154 | G7: 77564940 | H7: =IF((G7-G6)<0,"0",(G7-G6)) -> 71772 | I7: =F7+H7 -> 78926 | J7: 7466484 | K7: =IF((J7-J6)<0,"0",(J7-J6)) -> 7830 | L7: 7476908 | M7: =IF((L7-L6)<0,"0",(L7-L6)) -> 7085 | N7: 4948812 | O7: =(IF((N7-N6)<0,"0",(N7-N6)))*2 -> 3464 | P7: 2481882 | Q7: =IF((P7-P6)<0,"0",(P7-P6)) -> 10340 | R7: 16519926 | S7: =IF((R7-R6)<0,"0",(R7-R6)) -> 12968 | T7: 0 | V7: 4040508 | W7: =IF((V7-V6)<0,"0",(V7-V6)) -> 14646 | X7: =K7+M7+O7+Q7+S7+U7+W7 -> 56333 | Y7: =I7-X7 -> 22593 | Z7: =(0.93352*(W7+S7)+0.5568*(Q7+O7))*0.26 -> 8700.715 | AA7: =SUM(Z4:Z7) -> 25726.983
A8: 44233 | B8: 58.4 | C8: 17946 | D8: =IF((C8-C7)<0,"0",(C8-C7))*160 -> 640 | E8: 25012775 | F8: =IF((E8-E7)<0,"0",(E8-E7)) -> 9045 | G8: 77580622 | H8: =IF((G8-G7)<0,"0",(G8-G7)) -> 15682 | I8: =F8+H8 -> 24727 | J8: 7469859 | K8: =IF((J8-J7)<0,"0",(J8-J7)) -> 3375 | L8: 7480866 | M8: =IF((L8-L7)<0,"0",(L8-L7)) -> 3958 | N8: 4949490 | O8: =(IF((N8-N7)<0,"0",(N8-N7)))*2 -> 1356 | P8: 2486226 | Q8: =IF((P8-P7)<0,"0",(P8-P7)) -> 4344 | R8: 16525316 | S8: =IF((R8-R7)<0,"0",(R8-R7)) -> 5390 | T8: 0 | V8: 4046567 | W8: =IF((V8-V7)<0,"0",(V8-V7)) -> 6059 | X8: =K8+M8+O8+Q8+S8+U8+W8 -> 24482 | Y8: =I8-X8 -> 245 | Z8: =(0.93352*(W8+S8)+0.5568*(Q8+O8))*0.26 -> 3604.0239 | AA8: =SUM(Z5:Z8) -> 23139.856
A9: 44234 | B9: 58.4 | C9: 17948 | D9: =IF((C9-C8)<0,"0",(C9-C8))*160 -> 320 | E9: 25020874 | F9: =IF((E9-E8)<0,"0",(E9-E8)) -> 8099 | G9: 77624556 | H9: =IF((G9-G8)<0,"0",(G9-G8)) -> 43934 | I9: =F9+H9 -> 52033 | J9: 7475761 | K9: =IF((J9-J8)<0,"0",(J9-J8)) -> 5902 | L9: 7486491 | M9: =IF((L9-L8)<0,"0",(L9-L8)) -> 5625 | N9: 4950649 | O9: =(IF((N9-N8)<0,"0",(N9-N8)))*2 -> 2318 | P9: 2494671 | Q9: =IF((P9-P8)<0,"0",(P9-P8)) -> 8445 | R9: 16534378 | S9: =IF((R9-R8)<0,"0",(R9-R8)) -> 9062 | T9: 0 | V9: 4058718 | W9: =IF((V9-V8)<0,"0",(V9-V8)) -> 12151 | X9: =K9+M9+O9+Q9+S9+U9+W9 -> 43503 | Y9: =I9-X9 -> 8530 | Z9: =(0.93352*(W9+S9)+0.5568*(Q9+O9))*0.26 -> 6706.8555 | AA9: =SUM(Z6:Z9) -> 29846.712
A10: 44235 | B10: 88 | C10: 17950 | D10: =IF((C10-C9)<0,"0",(C10-C9))*160 -> 320 | E10: 25027316 | F10: =IF((E10-E9)<0,"0",(E10-E9)) -> 6442 | G10: 77662661 | H10: =IF((G10-G9)<0,"0",(G10-G9)) -> 38105 | I10: =F10+H10 -> 44547 | J10: 7480723 | K10: =IF((J10-J9)<0,"0",(J10-J9)) -> 4962 | L10: 7490768 | M10: =IF((L10-L9)<0,"0",(L10-L9)) -> 4277 | N10: 4951661 | O10: =(IF((N10-N9)<0,"0",(N10-N9)))*2 -> 2024 | P10: 2500583 | Q10: =IF((P10-P9)<0,"0",(P10-P9)) -> 5912 | R10: 16542151 | S10: =IF((R10-R9)<0,"0",(R10-R9)) -> 7773 | T10: 0 | V10: 4065737 | W10: =IF((V10-V9)<0,"0",(V10-V9)) -> 7019 | X10: =K10+M10+O10+Q10+S10+U10+W10 -> 31967 | Y10: =I10-X10 -> 12580 | Z10: =(0.93352*(W10+S10)+0.5568*(Q10+O10))*0.26 -> 4739.1221 | AA10: =SUM(Z7:Z10) -> 23750.717
A11: 44236 | B11: 73 | C11: 17952 | D11: =IF((C11-C10)<0,"0",(C11-C10))*160 -> 320 | E11: 25036672 | F11: =IF((E11-E10)<0,"0",(E11-E10)) -> 9356 | G11: 77715077 | H11: =IF((G11-G10)<0,"0",(G11-G10)) -> 52416 | I11: =F11+H11 -> 61772 | J11: 7487630 | K11: =IF((J11-J10)<0,"0",(J11-J10)) -> 6907 | L11: 7497192 | M11: =IF((L11-L10)<0,"0",(L11-L10)) -> 6424 | N11: 4953038 | O11: =(IF((N11-N10)<0,"0",(N11-N10)))*2 -> 2754 | P11: 2509854 | Q11: =IF((P11-P10)<0,"0",(P11-P10)) -> 9271 | R11: 16552878 | S11: =IF((R11-R10)<0,"0",(R11-R10)) -> 10727 | T11: 0 | V11: 4077947 | W11: =IF((V11-V10)<0,"0",(V11-V10)) -> 12210 | X11: =K11+M11+O11+Q11+S11+U11+W11 -> 48293 | Y11: =I11-X11 -> 13479 | Z11: =(0.93352*(W11+S11)+0.5568*(Q11+O11))*0.26 -> 7307.9937 | AA11: =SUM(Z8:Z11) -> 22357.995
A12: 44237 | B12: 73 | C12: 17955 | D12: =IF((C12-C11)<0,"0",(C12-C11))*160 -> 480 | E12: 25043265 | F12: =IF((E12-E11)<0,"0",(E12-E11)) -> 6593 | G12: 77750661 | H12: =IF((G12-G11)<0,"0",(G12-G11)) -> 35584 | I12: =F12+H12 -> 42177 | J12: 7492290 | K12: =IF((J12-J11)<0,"0",(J12-J11)) -> 4660 | L12: 7501840 | M12: =IF((L12-L11)<0,"0",(L12-L11)) -> 4648 | N12: 4953941 | O12: =(IF((N12-N11)<0,"0",(N12-N11)))*2 -> 1806 | P12: 2516370 | Q12: =IF((P12-P11)<0,"0",(P12-P11)) -> 6516 | R12: 16560043 | S12: =IF((R12-R11)<0,"0",(R12-R11)) -> 7165 | T12: 0 | V12: 4086102 | W12: =IF((V12-V11)<0,"0",(V12-V11)) -> 8155 | X12: =K12+M12+O12+Q12+S12+U12+W12 -> 32950 | Y12: =I12-X12 -> 9227 | Z12: =(0.93352*(W12+S12)+0.5568*(Q12+O12))*0.26 -> 4923.1562 | AA12: =SUM(Z9:Z12) -> 23677.128
A13: 44238 | B13: 54.75 | C13: 17957 | D13: =IF((C13-C12)<0,"0",(C13-C12))*160 -> 320 | E13: 25050750 | F13: =IF((E13-E12)<0,"0",(E13-E12)) -> 7485 | G13: 77792449 | H13: =IF((G13-G12)<0,"0",(G13-G12)) -> 41788 | I13: =F13+H13 -> 49273 | J13: 7497670 | K13: =IF((J13-J12)<0,"0",(J13-J12)) -> 5380 | L13: 7507023 | M13: =IF((L13-L12)<0,"0",(L13-L12)) -> 5183 | N13: 4955018 | O13: =(IF((N13-N12)<0,"0",(N13-N12)))*2 -> 2154 | P13: 2523615 | Q13: =IF((P13-P12)<0,"0",(P13-P12)) -> 7245 | R13: 16568544 | S13: =IF((R13-R12)<0,"0",(R13-R12)) -> 8501 | T13: 0 | V13: 4095959 | W13: =IF((V13-V12)<0,"0",(V13-V12)) -> 9857 | X13: =K13+M13+O13+Q13+S13+U13+W13 -> 38320 | Y13: =I13-X13 -> 10953 | Z13: =(0.93352*(W13+S13)+0.5568*(Q13+O13))*0.26 -> 5816.4401 | AA13: =SUM(Z10:Z13) -> 22786.712
A14: 44239 | B14: 54.75 | C14: 17959 | D14: =IF((C14-C13)<0,"0",(C14-C13))*160 -> 320 | E14: 25061464 | F14: =IF((E14-E13)<0,"0",(E14-E13)) -> 10714 | G14: 77850188 | H14: =IF((G14-G13)<0,"0",(G14-G13)) -> 57739 | I14: =F14+H14 -> 68453 | J14: 7504768 | K14: =IF((J14-J13)<0,"0",(J14-J13)) -> 7098 | L14: 7514425 | M14: =IF((L14-L13)<0,"0",(L14-L13)) -> 7402 | N14: 4956563 | O14: =(IF((N14-N13)<0,"0",(N14-N13)))*2 -> 3090 | P14: 2533916 | Q14: =IF((P14-P13)<0,"0",(P14-P13)) -> 10301 | R14: 16580594 | S14: =IF((R14-R13)<0,"0",(R14-R13)) -> 12050 | T14: 0 | V14: 4109507 | W14: =IF((V14-V13)<0,"0",(V14-V13)) -> 13548 | X14: =K14+M14+O14+Q14+S14+U14+W14 -> 53489 | Y14: =I14-X14 -> 14964 | Z14: =(0.93352*(W14+S14)+0.5568*(Q14+O14))*0.26 -> 8151.612 | AA14: =SUM(Z11:Z14) -> 26199.202
A15: 44240 | B15: 54.75 | C15: 17963 | D15: =IF((C15-C14)<0,"0",(C15-C14))*160 -> 640 | E15: 25068484 | F15: =IF((E15-E14)<0,"0",(E15-E14)) -> 7020 | G15: 77886366 | H15: =IF((G15-G14)<0,"0",(G15-G14)) -> 36178 | I15: =F15+H15 -> 43198 | J15: 7509346 | K15: =IF((J15-J14)<0,"0",(J15-J14)) -> 4578 | L15: 7519352 | M15: =IF((L15-L14)<0,"0",(L15-L14)) -> 4927 | N15: 4957542 | O15: =(IF((N15-N14)<0,"0",(N15-N14)))*2 -> 1958 | P15: 2540210 | Q15: =IF((P15-P14)<0,"0",(P15-P14)) -> 6294 | R15: 16588138 | S15: =IF((R15-R14)<0,"0",(R15-R14)) -> 7544 | T15: 0 | V15: 4118064 | W15: =IF((V15-V14)<0,"0",(V15-V14)) -> 8557 | X15: =K15+M15+O15+Q15+S15+U15+W15 -> 33858 | Y15: =I15-X15 -> 9340 | Z15: =(0.93352*(W15+S15)+0.5568*(Q15+O15))*0.26 -> 5102.583 | AA15: =SUM(Z12:Z15) -> 23993.791
A16: 44241 | B16: 78 | C16: 17965 | D16: =IF((C16-C15)<0,"0",(C16-C15))*160 -> 320 | E16: 25076116 | F16: =IF((E16-E15)<0,"0",(E16-E15)) -> 7632 | G16: 77927566 | H16: =IF((G16-G15)<0,"0",(G16-G15)) -> 41200 | I16: =F16+H16 -> 48832 | J16: 7514840 | K16: =IF((J16-J15)<0,"0",(J16-J15)) -> 5494 | L16: 7524654 | M16: =IF((L16-L15)<0,"0",(L16-L15)) -> 5302 | N16: 4958634 | O16: =(IF((N16-N15)<0,"0",(N16-N15)))*2 -> 2184 | P16: 2547388 | Q16: =IF((P16-P15)<0,"0",(P16-P15)) -> 7178 | R16: 16596600 | S16: =IF((R16-R15)<0,"0",(R16-R15)) -> 8462 | T16: 0 | V16: 4122720 | W16: =IF((V16-V15)<0,"0",(V16-V15)) -> 4656 | X16: =K16+M16+O16+Q16+S16+U16+W16 -> 33276 | Y16: =I16-X16 -> 15556 | Z16: =(0.93352*(W16+S16)+0.5568*(Q16+O16))*0.26 -> 4539.256 | AA16: =SUM(Z13:Z16) -> 23609.891
A17: 44242 | B17: 65.7 | C17: 17968 | D17: =IF((C17-C16)<0,"0",(C17-C16))*160 -> 480 | E17: 25084370 | F17: =IF((E17-E16)<0,"0",(E17-E16)) -> 8254 | G17: 77971520 | H17: =IF((G17-G16)<0,"0",(G17-G16)) -> 43954 | I17: =F17+H17 -> 52208 | J17: 7520508 | K17: =IF((J17-J16)<0,"0",(J17-J16)) -> 5668 | L17: 7530424 | M17: =IF((L17-L16)<0,"0",(L17-L16)) -> 5770 | N17: 4959796 | O17: =(IF((N17-N16)<0,"0",(N17-N16)))*2 -> 2324 | P17: 2554815 | Q17: =IF((P17-P16)<0,"0",(P17-P16)) -> 7427 | R17: 16605364 | S17: =IF((R17-R16)<0,"0",(R17-R16)) -> 8764 | T17: 0 | V17: 4138294 | W17: =IF((V17-V16)<0,"0",(V17-V16)) -> 15574 | X17: =K17+M17+O17+Q17+S17+U17+W17 -> 45527 | Y17: =I17-X17 -> 6681 | Z17: =(0.93352*(W17+S17)+0.5568*(Q17+O17))*0.26 -> 7318.8353 | AA17: =SUM(Z14:Z17) -> 25112.286
A18: 44243 | B18: 73 | C18: 17970 | D18: =IF((C18-C17)<0,"0",(C18-C17))*160 -> 320 | E18: 25091456 | F18: =IF((E18-E17)<0,"0",(E18-E17)) -> 7086 | G18: 78010731 | H18: =IF((G18-G17)<0,"0",(G18-G17)) -> 39211 | I18: =F18+H18 -> 46297 | J18: 7525801 | K18: =IF((J18-J17)<0,"0",(J18-J17)) -> 5293 | L18: 7535296 | M18: =IF((L18-L17)<0,"0",(L18-L17)) -> 4872 | N18: 4960829 | O18: =(IF((N18-N17)<0,"0",(N18-N17)))*2 -> 2066 | P18: 2560912 | Q18: =IF((P18-P17)<0,"0",(P18-P17)) -> 6097 | R18: 16613423 | S18: =IF((R18-R17)<0,"0",(R18-R17)) -> 8059 | T18: 0 | V18: 4147784 | W18: =IF((V18-V17)<0,"0",(V18-V17)) -> 9490 | X18: =K18+M18+O18+Q18+S18+U18+W18 -> 35877 | Y18: =I18-X18 -> 10420 | Z18: =(0.93352*(W18+S18)+0.5568*(Q18+O18))*0.26 -> 5441.1502 | AA18: =SUM(Z15:Z18) -> 22401.825
... A30: 44255 | B30: 73 | C30: 17997 | D30: =IF((C30-C29)<0,"0",(C30-C29))*160 -> 160 | E30: 25181492 | F30: =IF((E30-E29)<0,"0",(E30-E29)) -> 8924 | G30: 78500836 | H30: =IF((G30-G29)<0,"0",(G30-G29)) -> 26259 | I30: =F30+H30 -> 35183 | J30: 7595749 | K30: =IF((J30-J29)<0,"0",(J30-J29)) -> 6518 | L30: 7600315 | M30: =IF((L30-L29)<0,"0",(L30-L29)) -> 6172 | N30: 4972415 | O30: =(IF((N30-N29)<0,"0",(N30-N29)))*2 -> 2586 | P30: 2644726 | Q30: =IF((P30-P29)<0,"0",(P30-P29)) -> 7891 | R30: 16718530 | S30: =IF((R30-R29)<0,"0",(R30-R29)) -> 9177 | T30: 0 | V30: 4268410 | W30: =IF((V30-V29)<0,"0",(V30-V29)) -> 10936 | X30: =K30+M30+O30+Q30+S30+U30+W30 -> 43280 | Y30: =I30-X30 -> -8097 | Z30: =(0.93352*(W30+S30)+0.5568*(Q30+O30))*0.26 -> 6398.4652 | AA30: =SUM(Z27:Z30) -> 24722.171
A31: Total | C31: =C30 -> 17997 | D31: =SUM(D2:D30) -> 10880 | E31: =E30 -> 25181492 | F31: =IF((E31-E30)<0,"0",(E31-E30)) -> 0 | G31: 78101521 | H31: =SUM(H2:H30) -> 1210837 | I31: =F31+H31 -> 1210837 | K31: =SUM(K2:K30) -> 165237 | M31: =SUM(M2:M30) -> 157604 | O31: =SUM(O2:O30) -> 60592 | Q31: =SUM(Q2:Q30) -> 207578 | S31: =SUM(S2:S30) -> 253830 | W31: =SUM(W2:W30) -> 289755 | X31: =SUM(X3:X30) -> 1134596 | Y31: =SUM(Y3:Y30) -> 298946 | Z31: =SUM(Z4:Z30) -> 159654.99

Sheet Gas
A1: Day | B1: Main | C1: Cons.
A2: Last | B2: 17100707
A3: 44228 | B3: 17100707 | C3: 0
A4: 44229 | B4: 17103032 | C4: =IF((B4-B3)<0,"0",(B4-B3)) -> 2325
A5: 44230 | B5: 17103032 | C5: =IF((B5-B4)<0,"0",(B5-B4)) -> 0
A6: 44231 | B6: 17103032 | C6: =IF((B6-B5)<0,"0",(B6-B5)) -> 0
A7: 44232 | B7: 17103032 | C7: =IF((B7-B6)<0,"0",(B7-B6)) -> 0
A8: 44233 | B8: 17103032 | C8: =IF((B8-B7)<0,"0",(B8-B7)) -> 0
A9: 44234 | B9: 17103032 | C9: =IF((B9-B8)<0,"0",(B9-B8)) -> 0
A10: 44235 | B10: 17119999 | C10: =IF((B10-B9)<0,"0",(B10-B9)) -> 16967
A11: 44236 | B11: 17123000 | C11: =IF((B11-B10)<0,"0",(B11-B10)) -> 3001
A12: 44237 | B12: 17125060 | C12: =IF((B12-B11)<0,"0",(B12-B11)) -> 2060
A13: 44238 | B13: 17126942 | C13: =IF((B13-B12)<0,"0",(B13-B12)) -> 1882
A14: 44239 | B14: 17129345 | C14: =IF((B14-B13)<0,"0",(B14-B13)) -> 2403
A15: 44240 | B15: 17131665 | C15: =IF((B15-B14)<0,"0",(B15-B14)) -> 2320
... A30: 44255 | B30: 17175001 | C30: =IF((B30-B29)<0,"0",(B30-B29)) -> 2989
A31: Total | C31: =SUM(C3:C30) -> 74294

Sheet BTU
A1: Day | B1: Hotel | C1: Cons. Mwh | D1: Cost (LE) | E1: B.S | F1: Cons. Mwh | G1: Cost (LE) | H1: LS | I1: Cons.Mwh | J1: Cost (LE) | K1: AHU # 25 | L1: Cons.Mwh | M1: Cost (LE) | N1: Mall | O1: Cons.Mwh | P1: Cost (LE) | Q1: AHU # 9 | R1: Cons.Mwh | S1: Cost (LE) | T1: Total Cons. | U1: Total Cost (LE)
A2: Last | B2: 20044.1 | C2: 0 | D2: 0 | E2: 3450.2 | F2: 0 | G2: 0 | H2: 2441 | I2: 0 | J2: 0 | K2: 13265.1 | L2: 0 | M2: 0 | N2: 2906.6 | O2: 0 | P2: 0 | Q2: 4697.2 | R2: 0 | S2: 0 | T2: 0 | U2: 0
A3: 44228 | B3: 20050.727 | C3: =IF((B3-B2)<0,"0",(B3-B2)) -> 6.627 | D3: =C3*1.9*1000 -> 12591.3 | E3: 3452.114 | F3: =IF((E3-E2)<0,"0",(E3-E2)) -> 1.914 | G3: =F3*1.9*1000 -> 3636.6 | H3: 2450 | I3: =IF((H3-H2)<0,"0",(H3-H2)) -> 9 | J3: =I3*1.9*1000 -> 17100 | K3: 13267.12 | L3: =IF((K3-K2)<0,"0",(K3-K2)) -> 2.02 | M3: =L3*1.9*1000 -> 3838 | N3: 2908.337 | O3: =IF((N3-N2)<0,"0",(N3-N2)) -> 1.737 | P3: =O3*1.9*1000 -> 3300.3 | Q3: 4697.23 | R3: =IF((Q3-Q2)<0,"0",(Q3-Q2)) -> 0.03 | S3: =R3*1.9*1000 -> 57 | T3: =C3+F3+I3+L3+O3+R3 -> 21.328 | U3: =T3*1.9*1000 -> 40523.2
A4: 44229 | B4: 20054.057 | C4: =IF((B4-B3)<0,"0",(B4-B3)) -> 3.33 | D4: =C4*1.9*1000 -> 6327 | E4: 3453.007 | F4: =IF((E4-E3)<0,"0",(E4-E3)) -> 0.893 | G4: =F4*1.9*1000 -> 1696.7 | H4: 2454 | I4: =IF((H4-H3)<0,"0",(H4-H3)) -> 4 | J4: =I4*1.9*1000 -> 7600 | K4: 13267.161 | L4: =IF((K4-K3)<0,"0",(K4-K3)) -> 0.041 | M4: =L4*1.9*1000 -> 77.9 | N4: 2909.2 | O4: =IF((N4-N3)<0,"0",(N4-N3)) -> 0.863 | P4: =O4*1.9*1000 -> 1639.7 | Q4: 4697.23 | R4: =IF((Q4-Q3)<0,"0",(Q4-Q3)) -> 0 | S4: =R4*1.9*1000 -> 0 | T4: =C4+F4+I4+L4+O4+R4 -> 9.127 | U4: =T4*1.9*1000 -> 17341.3
A5: 44230 | B5: 20054.057 | C5: =IF((B5-B4)<0,"0",(B5-B4)) -> 0 | D5: =C5*1.9*1000 -> 0 | E5: 3453.007 | F5: =IF((E5-E4)<0,"0",(E5-E4)) -> 0 | G5: =F5*1.9*1000 -> 0 | H5: 2454 | I5: =IF((H5-H4)<0,"0",(H5-H4)) -> 0 | J5: =I5*1.9*1000 -> 0 | K5: 13267.161 | L5: =IF((K5-K4)<0,"0",(K5-K4)) -> 0 | M5: =L5*1.9*1000 -> 0 | N5: 2909.2 | O5: =IF((N5-N4)<0,"0",(N5-N4)) -> 0 | P5: =O5*1.9*1000 -> 0 | Q5: 4697.23 | R5: =IF((Q5-Q4)<0,"0",(Q5-Q4)) -> 0 | S5: =R5*1.9*1000 -> 0 | T5: =C5+F5+I5+L5+O5+R5 -> 0 | U5: =T5*1.9*1000 -> 0
A6: 44231 | B6: 20060.933 | C6: =IF((B6-B5)<0,"0",(B6-B5)) -> 6.876 | D6: =C6*1.9*1000 -> 13064.4 | E6: 3455.084 | F6: =IF((E6-E5)<0,"0",(E6-E5)) -> 2.077 | G6: =F6*1.9*1000 -> 3946.3 | H6: 2463 | I6: =IF((H6-H5)<0,"0",(H6-H5)) -> 9 | J6: =I6*1.9*1000 -> 17100 | K6: 13270.52 | L6: =IF((K6-K5)<0,"0",(K6-K5)) -> 3.359 | M6: =L6*1.9*1000 -> 6382.1 | N6: 2911.034 | O6: =IF((N6-N5)<0,"0",(N6-N5)) -> 1.834 | P6: =O6*1.9*1000 -> 3484.6 | Q6: 4697.23 | R6: =IF((Q6-Q5)<0,"0",(Q6-Q5)) -> 0 | S6: =R6*1.9*1000 -> 0 | T6: =C6+F6+I6+L6+O6+R6 -> 23.146 | U6: =T6*1.9*1000 -> 43977.4
A7: 44232 | B7: 20064.119 | C7: =IF((B7-B6)<0,"0",(B7-B6)) -> 3.186 | D7: =C7*1.9*1000 -> 6053.4 | E7: 3455.545 | F7: =IF((E7-E6)<0,"0",(E7-E6)) -> 0.461 | G7: =F7*1.9*1000 -> 875.9 | H7: 2466 | I7: =IF((H7-H6)<0,"0",(H7-H6)) -> 3 | J7: =I7*1.9*1000 -> 5700 | K7: 13271.93 | L7: =IF((K7-K6)<0,"0",(K7-K6)) -> 1.41 | M7: =L7*1.9*1000 -> 2679 | N7: 2911.967 | O7: =IF((N7-N6)<0,"0",(N7-N6)) -> 0.933 | P7: =O7*1.9*1000 -> 1772.7 | Q7: 4697.23 | R7: =IF((Q7-Q6)<0,"0",(Q7-Q6)) -> 0 | S7: =R7*1.9*1000 -> 0 | T7: =C7+F7+I7+L7+O7+R7 -> 8.99 | U7: =T7*1.9*1000 -> 17081
A8: 44233 | B8: 20067.375 | C8: =IF((B8-B7)<0,"0",(B8-B7)) -> 3.256 | D8: =C8*1.9*1000 -> 6186.4 | E8: 3456.106 | F8: =IF((E8-E7)<0,"0",(E8-E7)) -> 0.561 | G8: =F8*1.9*1000 -> 1065.9 | H8: 2471 | I8: =IF((H8-H7)<0,"0",(H8-H7)) -> 5 | J8: =I8*1.9*1000 -> 9500 | K8: 13273.21 | L8: =IF((K8-K7)<0,"0",(K8-K7)) -> 1.28 | M8: =L8*1.9*1000 -> 2432 | N8: 2912.956 | O8: =IF((N8-N7)<0,"0",(N8-N7)) -> 0.989 | P8: =O8*1.9*1000 -> 1879.1 | Q8: 4697.23 | R8: =IF((Q8-Q7)<0,"0",(Q8-Q7)) -> 0 | S8: =R8*1.9*1000 -> 0 | T8: =C8+F8+I8+L8+O8+R8 -> 11.086 | U8: =T8*1.9*1000 -> 21063.4
A9: 44234 | B9: 20070.794 | C9: =IF((B9-B8)<0,"0",(B9-B8)) -> 3.419 | D9: =C9*1.9*1000 -> 6496.1 | E9: 3457.339 | F9: =IF((E9-E8)<0,"0",(E9-E8)) -> 1.233 | G9: =F9*1.9*1000 -> 2342.7 | H9: 2475 | I9: =IF((H9-H8)<0,"0",(H9-H8)) -> 4 | J9: =I9*1.9*1000 -> 7600 | K9: 13274.57 | L9: =IF((K9-K8)<0,"0",(K9-K8)) -> 1.36 | M9: =L9*1.9*1000 -> 2584 | N9: 2913.938 | O9: =IF((N9-N8)<0,"0",(N9-N8)) -> 0.982 | P9: =O9*1.9*1000 -> 1865.8 | Q9: 4697.23 | R9: =IF((Q9-Q8)<0,"0",(Q9-Q8)) -> 0 | S9: =R9*1.9*1000 -> 0 | T9: =C9+F9+I9+L9+O9+R9 -> 10.994 | U9: =T9*1.9*1000 -> 20888.6
A10: 44235 | B10: 20074.657 | C10: =IF((B10-B9)<0,"0",(B10-B9)) -> 3.863 | D10: =C10*1.9*1000 -> 7339.7 | E10: 3458.5 | F10: =IF((E10-E9)<0,"0",(E10-E9)) -> 1.161 | G10: =F10*1.9*1000 -> 2205.9 | H10: 2479 | I10: =IF((H10-H9)<0,"0",(H10-H9)) -> 4 | J10: =I10*1.9*1000 -> 7600 | K10: 13274.81 | L10: =IF((K10-K9)<0,"0",(K10-K9)) -> 0.24 | M10: =L10*1.9*1000 -> 456 | N10: 2915.024 | O10: =IF((N10-N9)<0,"0",(N10-N9)) -> 1.086 | P10: =O10*1.9*1000 -> 2063.4 | Q10: 4698.53 | R10: =IF((Q10-Q9)<0,"0",(Q10-Q9)) -> 1.3 | S10: =R10*1.9*1000 -> 2470 | T10: =C10+F10+I10+L10+O10+R10 -> 11.65 | U10: =T10*1.9*1000 -> 22135
A11: 44236 | B11: 20079.273 | C11: =IF((B11-B10)<0,"0",(B11-B10)) -> 4.616 | D11: =C11*1.9*1000 -> 8770.4 | E11: 3459.787 | F11: =IF((E11-E10)<0,"0",(E11-E10)) -> 1.287 | G11: =F11*1.9*1000 -> 2445.3 | H11: 2484 | I11: =IF((H11-H10)<0,"0",(H11-H10)) -> 5 | J11: =I11*1.9*1000 -> 9500 | K11: 13275.98 | L11: =IF((K11-K10)<0,"0",(K11-K10)) -> 1.17 | M11: =L11*1.9*1000 -> 2223 | N11: 2916.229 | O11: =IF((N11-N10)<0,"0",(N11-N10)) -> 1.205 | P11: =O11*1.9*1000 -> 2289.5 | Q11: 4699.06 | R11: =IF((Q11-Q10)<0,"0",(Q11-Q10)) -> 0.53 | S11: =R11*1.9*1000 -> 1007 | T11: =C11+F11+I11+L11+O11+R11 -> 13.808 | U11: =T11*1.9*1000 -> 26235.2
A12: 44237 | B12: 20083.837 | C12: =IF((B12-B11)<0,"0",(B12-B11)) -> 4.564 | D12: =C12*1.9*1000 -> 8671.6 | E12: 3461.111 | F12: =IF((E12-E11)<0,"0",(E12-E11)) -> 1.324 | G12: =F12*1.9*1000 -> 2515.6 | H12: 2489 | I12: =IF((H12-H11)<0,"0",(H12-H11)) -> 5 | J12: =I12*1.9*1000 -> 9500 | K12: 13277.36 | L12: =IF((K12-K11)<0,"0",(K12-K11)) -> 1.38 | M12: =L12*1.9*1000 -> 2622 | N12: 2917.236 | O12: =IF((N12-N11)<0,"0",(N12-N11)) -> 1.007 | P12: =O12*1.9*1000 -> 1913.3 | Q12: 4699.71 | R12: =IF((Q12-Q11)<0,"0",(Q12-Q11)) -> 0.65 | S12: =R12*1.9*1000 -> 1235 | T12: =C12+F12+I12+L12+O12+R12 -> 13.925 | U12: =T12*1.9*1000 -> 26457.5
A13: 44238 | B13: 20085.2 | C13: =IF((B13-B12)<0,"0",(B13-B12)) -> 1.363 | D13: =C13*1.9*1000 -> 2589.7 | E13: 3462.29 | F13: =IF((E13-E12)<0,"0",(E13-E12)) -> 1.179 | G13: =F13*1.9*1000 -> 2240.1 | H13: 2494 | I13: =IF((H13-H12)<0,"0",(H13-H12)) -> 5 | J13: =I13*1.9*1000 -> 9500 | K13: 13278.86 | L13: =IF((K13-K12)<0,"0",(K13-K12)) -> 1.5 | M13: =L13*1.9*1000 -> 2850 | N13: 2918.283 | O13: =IF((N13-N12)<0,"0",(N13-N12)) -> 1.047 | P13: =O13*1.9*1000 -> 1989.3 | Q13: 4700.44 | R13: =IF((Q13-Q12)<0,"0",(Q13-Q12)) -> 0.73 | S13: =R13*1.9*1000 -> 1387 | T13: =C13+F13+I13+L13+O13+R13 -> 10.819 | U13: =T13*1.9*1000 -> 20556.1
A14: 44239 | B14: 20092.523 | C14: =IF((B14-B13)<0,"0",(B14-B13)) -> 7.323 | D14: =C14*1.9*1000 -> 13913.7 | E14: 3462.784 | F14: =IF((E14-E13)<0,"0",(E14-E13)) -> 0.494 | G14: =F14*1.9*1000 -> 938.6 | H14: 2499 | I14: =IF((H14-H13)<0,"0",(H14-H13)) -> 5 | J14: =I14*1.9*1000 -> 9500 | K14: 13280.28 | L14: =IF((K14-K13)<0,"0",(K14-K13)) -> 1.42 | M14: =L14*1.9*1000 -> 2698 | N14: 2919.272 | O14: =IF((N14-N13)<0,"0",(N14-N13)) -> 0.989 | P14: =O14*1.9*1000 -> 1879.1 | Q14: 4701.26 | R14: =IF((Q14-Q13)<0,"0",(Q14-Q13)) -> 0.82 | S14: =R14*1.9*1000 -> 1558 | T14: =C14+F14+I14+L14+O14+R14 -> 16.046 | U14: =T14*1.9*1000 -> 30487.4
... A19: 44244 | B19: 20111.554 | C19: =IF((B19-B18)<0,"0",(B19-B18)) -> 3.081 | D19: =C19*1.9*1000 -> 5853.9 | E19: 3467.447 | F19: =IF((E19-E18)<0,"0",(E19-E18)) -> 0.658 | G19: =F19*1.9*1000 -> 1250.2 | H19: 2522 | I19: =IF((H19-H18)<0,"0",(H19-H18)) -> 4 | J19: =I19*1.9*1000 -> 7600 | K19: 13285.1 | L19: =IF((K19-K18)<0,"0",(K19-K18)) -> 0.01 | M19: =L19*1.9*1000 -> 19 | N19: 2924.33 | O19: =IF((N19-N18)<0,"0",(N19-N18)) -> 0.92 | P19: =O19*1.9*1000 -> 1748 | Q19: 4703.41 | R19: =IF((Q19-Q18)<0,"0",(Q19-Q18)) -> 0 | S19: =R19*1.9*1000 -> 0 | T19: =C19+F19+I19+L19+O19+R19 -> 8.669 | U19: =T19*1.9*1000 -> 16471.1
A20: 44245 | B20: 20114.686 | C20: =IF((B20-B19)<0,"0",(B20-B19)) -> 3.132 | D20: =C20*1.9*1000 -> 5950.8 | E20: 3468.112 | F20: =IF((E20-E19)<0,"0",(E20-E19)) -> 0.665 | G20: =F20*1.9*1000 -> 1263.5 | H20: 2526 | I20: =IF((H20-H19)<0,"0",(H20-H19)) -> 4 | J20: =I20*1.9*1000 -> 7600 | K20: 13285.1 | L20: =IF((K20-K19)<0,"0",(K20-K19)) -> 0 | M20: =L20*1.9*1000 -> 0 | N20: 2925.322 | O20: =IF((N20-N19)<0,"0",(N20-N19)) -> 0.992 | P20: =O20*1.9*1000 -> 1884.8 | Q20: 4703.58 | R20: 0 | S20: =R20*1.9*1000 -> 0 | T20: =C20+F20+I20+L20+O20+R20 -> 8.789 | U20: =T20*1.9*1000 -> 16699.1
A21: 44246 | B21: 20117.769 | C21: =IF((B21-B20)<0,"0",(B21-B20)) -> 3.083 | D21: =C21*1.9*1000 -> 5857.7 | E21: 3468.485 | F21: =IF((E21-E20)<0,"0",(E21-E20)) -> 0.373 | G21: =F21*1.9*1000 -> 708.7 | H21: 2531 | I21: =IF((H21-H20)<0,"0",(H21-H20)) -> 5 | J21: =I21*1.9*1000 -> 9500 | K21: 13285.15 | L21: =IF((K21-K20)<0,"0",(K21-K20)) -> 0.05 | M21: =L21*1.9*1000 -> 95 | N21: 2926.148 | O21: =IF((N21-N20)<0,"0",(N21-N20)) -> 0.826 | P21: =O21*1.9*1000 -> 1569.4 | Q21: 4703.92 | R21: =IF((Q21-Q20)<0,"0",(Q21-Q20)) -> 0.34 | S21: =R21*1.9*1000 -> 646 | T21: =C21+F21+I21+L21+O21+R21 -> 9.672 | U21: =T21*1.9*1000 -> 18376.8
A22: 44247 | B22: 20121.062 | C22: =IF((B22-B21)<0,"0",(B22-B21)) -> 3.293 | D22: =C22*1.9*1000 -> 6256.7 | E22: 3468.957 | F22: =IF((E22-E21)<0,"0",(E22-E21)) -> 0.472 | G22: =F22*1.9*1000 -> 896.8 | H22: 2535 | I22: =IF((H22-H21)<0,"0",(H22-H21)) -> 4 | J22: =I22*1.9*1000 -> 7600 | K22: 13285.1 | L22: =IF((K22-K21)<0,"0",(K22-K21)) -> 0 | M22: =L22*1.9*1000 -> 0 | N22: 2926.954 | O22: =IF((N22-N21)<0,"0",(N22-N21)) -> 0.806 | P22: =O22*1.9*1000 -> 1531.4 | Q22: 4703.92 | R22: =IF((Q22-Q21)<0,"0",(Q22-Q21)) -> 0 | S22: =R22*1.9*1000 -> 0 | T22: =C22+F22+I22+L22+O22+R22 -> 8.571 | U22: =T22*1.9*1000 -> 16284.9
A23: 44248 | B23: 20124.394 | C23: =IF((B23-B22)<0,"0",(B23-B22)) -> 3.332 | D23: =C23*1.9*1000 -> 6330.8 | E23: 3469.884 | F23: =IF((E23-E22)<0,"0",(E23-E22)) -> 0.927 | G23: =F23*1.9*1000 -> 1761.3 | H23: 2539 | I23: =IF((H23-H22)<0,"0",(H23-H22)) -> 4 | J23: =I23*1.9*1000 -> 7600 | K23: 13285.1 | L23: =IF((K23-K22)<0,"0",(K23-K22)) -> 0 | M23: =L23*1.9*1000 -> 0 | N23: 2927.783 | O23: =IF((N23-N22)<0,"0",(N23-N22)) -> 0.829 | P23: =O23*1.9*1000 -> 1575.1 | Q23: 4704.34 | R23: =IF((Q23-Q22)<0,"0",(Q23-Q22)) -> 0.42 | S23: =R23*1.9*1000 -> 798 | T23: =C23+F23+I23+L23+O23+R23 -> 9.508 | U23: =T23*1.9*1000 -> 18065.2
A24: 44249 | B24: 20127.749 | C24: =IF((B24-B23)<0,"0",(B24-B23)) -> 3.355 | D24: =C24*1.9*1000 -> 6374.5 | E24: 3470.759 | F24: =IF((E24-E23)<0,"0",(E24-E23)) -> 0.875 | G24: =F24*1.9*1000 -> 1662.5 | H24: 2544 | I24: =IF((H24-H23)<0,"0",(H24-H23)) -> 5 | J24: =I24*1.9*1000 -> 9500 | K24: 13285.41 | L24: =IF((K24-K23)<0,"0",(K24-K23)) -> 0.31 | M24: =L24*1.9*1000 -> 589 | N24: 2928.553 | O24: =IF((N24-N23)<0,"0",(N24-N23)) -> 0.77 | P24: =O24*1.9*1000 -> 1463 | Q24: 4704.91 | R24: =IF((Q24-Q23)<0,"0",(Q24-Q23)) -> 0.57 | S24: =R24*1.9*1000 -> 1083 | T24: =C24+F24+I24+L24+O24+R24 -> 10.88 | U24: =T24*1.9*1000 -> 20672
A25: 44250 | B25: 20131.248 | C25: =IF((B25-B24)<0,"0",(B25-B24)) -> 3.499 | D25: =C25*1.9*1000 -> 6648.1 | E25: 3471.513 | F25: =IF((E25-E24)<0,"0",(E25-E24)) -> 0.754 | G25: =F25*1.9*1000 -> 1432.6 | H25: 2549 | I25: =IF((H25-H24)<0,"0",(H25-H24)) -> 5 | J25: =I25*1.9*1000 -> 9500 | K25: 13285.86 | L25: =IF((K25-K24)<0,"0",(K25-K24)) -> 0.45 | M25: =L25*1.9*1000 -> 855 | N25: 2929.312 | O25: =IF((N25-N24)<0,"0",(N25-N24)) -> 0.759 | P25: =O25*1.9*1000 -> 1442.1 | Q25: 4705.42 | R25: =IF((Q25-Q24)<0,"0",(Q25-Q24)) -> 0.51 | S25: =R25*1.9*1000 -> 969 | T25: =C25+F25+I25+L25+O25+R25 -> 10.972 | U25: =T25*1.9*1000 -> 20846.8
A26: 44251 | B26: 20134.858 | C26: =IF((B26-B25)<0,"0",(B26-B25)) -> 3.61 | D26: =C26*1.9*1000 -> 6859 | E26: 3472.547 | F26: =IF((E26-E25)<0,"0",(E26-E25)) -> 1.034 | G26: =F26*1.9*1000 -> 1964.6 | H26: 2553 | I26: =IF((H26-H25)<0,"0",(H26-H25)) -> 4 | J26: =I26*1.9*1000 -> 7600 | K26: 13286.3 | L26: =IF((K26-K25)<0,"0",(K26-K25)) -> 0.44 | M26: =L26*1.9*1000 -> 836 | N26: 2930.147 | O26: =IF((N26-N25)<0,"0",(N26-N25)) -> 0.835 | P26: =O26*1.9*1000 -> 1586.5 | Q26: 4706.01 | R26: =IF((Q26-Q25)<0,"0",(Q26-Q25)) -> 0.59 | S26: =R26*1.9*1000 -> 1121 | T26: =C26+F26+I26+L26+O26+R26 -> 10.509 | U26: =T26*1.9*1000 -> 19967.1
A27: 44252 | B27: 20138.361 | C27: =IF((B27-B26)<0,"0",(B27-B26)) -> 3.503 | D27: =C27*1.9*1000 -> 6655.7 | E27: 3473.726 | F27: =IF((E27-E26)<0,"0",(E27-E26)) -> 1.179 | G27: =F27*1.9*1000 -> 2240.1 | H27: 2557 | I27: =IF((H27-H26)<0,"0",(H27-H26)) -> 4 | J27: =I27*1.9*1000 -> 7600 | K27: 13286.8 | L27: =IF((K27-K26)<0,"0",(K27-K26)) -> 0.5 | M27: =L27*1.9*1000 -> 950 | N27: 2931.102 | O27: =IF((N27-N26)<0,"0",(N27-N26)) -> 0.955 | P27: =O27*1.9*1000 -> 1814.5 | Q27: 4706.67 | R27: =IF((Q27-Q26)<0,"0",(Q27-Q26)) -> 0.66 | S27: =R27*1.9*1000 -> 1254 | T27: =C27+F27+I27+L27+O27+R27 -> 10.797 | U27: =T27*1.9*1000 -> 20514.3
A28: 44253 | B28: 20141.9 | C28: =IF((B28-B27)<0,"0",(B28-B27)) -> 3.539 | D28: =C28*1.9*1000 -> 6724.1 | E28: 3474.286 | F28: =IF((E28-E27)<0,"0",(E28-E27)) -> 0.56 | G28: =F28*1.9*1000 -> 1064 | H28: 2561 | I28: =IF((H28-H27)<0,"0",(H28-H27)) -> 4 | J28: =I28*1.9*1000 -> 7600 | K28: 13287.59 | L28: =IF((K28-K27)<0,"0",(K28-K27)) -> 0.79 | M28: =L28*1.9*1000 -> 1501 | N28: 2932.082 | O28: =IF((N28-N27)<0,"0",(N28-N27)) -> 0.98 | P28: =O28*1.9*1000 -> 1862 | Q28: 4707.09 | R28: =IF((Q28-Q27)<0,"0",(Q28-Q27)) -> 0.42 | S28: =R28*1.9*1000 -> 798 | T28: =C28+F28+I28+L28+O28+R28 -> 10.289 | U28: =T28*1.9*1000 -> 19549.1
A29: 44254 | B29: 20145.523 | C29: =IF((B29-B28)<0,"0",(B29-B28)) -> 3.623 | D29: =C29*1.9*1000 -> 6883.7 | E29: 3474.994 | F29: =IF((E29-E28)<0,"0",(E29-E28)) -> 0.708 | G29: =F29*1.9*1000 -> 1345.2 | H29: 2565 | I29: =IF((H29-H28)<0,"0",(H29-H28)) -> 4 | J29: =I29*1.9*1000 -> 7600 | K29: 13288.47 | L29: =IF((K29-K28)<0,"0",(K29-K28)) -> 0.88 | M29: =L29*1.9*1000 -> 1672 | N29: 2932.944 | O29: =IF((N29-N28)<0,"0",(N29-N28)) -> 0.862 | P29: =O29*1.9*1000 -> 1637.8 | Q29: 4707.33 | R29: =IF((Q29-Q28)<0,"0",(Q29-Q28)) -> 0.24 | S29: =R29*1.9*1000 -> 456 | T29: =C29+F29+I29+L29+O29+R29 -> 10.313 | U29: =T29*1.9*1000 -> 19594.7
A30: 44255 | B30: 20149.321 | C30: =IF((B30-B29)<0,"0",(B30-B29)) -> 3.798 | D30: =C30*1.9*1000 -> 7216.2 | E30: 3475.993 | F30: =IF((E30-E29)<0,"0",(E30-E29)) -> 0.999 | G30: =F30*1.9*1000 -> 1898.1 | H30: 2570 | I30: =IF((H30-H29)<0,"0",(H30-H29)) -> 5 | J30: =I30*1.9*1000 -> 9500 | K30: 13289.24 | L30: =IF((K30-K29)<0,"0",(K30-K29)) -> 0.77 | M30: =L30*1.9*1000 -> 1463 | N30: 2933.895 | O30: =IF((N30-N29)<0,"0",(N30-N29)) -> 0.951 | P30: =O30*1.9*1000 -> 1806.9 | Q30: 4707.56 | R30: =IF((Q30-Q29)<0,"0",(Q30-Q29)) -> 0.23 | S30: =R30*1.9*1000 -> 437 | T30: =C30+F30+I30+L30+O30+R30 -> 11.748 | U30: =T30*1.9*1000 -> 22321.2
C31: =IF((B31-B30)<0,"0",(B31-B30)) -> 0 | D31: =C31*1.9*1000 -> 0 | E31: 3475.993 | F31: =IF((E31-E30)<0,"0",(E31-E30)) -> 0 | G31: =F31*1.9*1000 -> 0 | H31: 2570 | I31: =IF((H31-H30)<0,"0",(H31-H30)) -> 0 | J31: =I31*1.9*1000 -> 0 | K31: 13289.24 | L31: =IF((K31-K30)<0,"0",(K31-K30)) -> 0 | M31: =L31*1.9*1000 -> 0 | N31: 2933.895 | O31: =IF((N31-N30)<0,"0",(N31-N30)) -> 0 | P31: =O31*1.9*1000 -> 0 | Q31: 4707.56 | R31: =IF((Q31-Q30)<0,"0",(Q31-Q30)) -> 0 | S31: =R31*1.9*1000 -> 0 | T31: =C31+F31+I31+L31+O31+R31 -> 0
C32: =SUM(C3:C30) -> 105.221 | D32: =SUM(D3:D30) -> 199919.9 | F32: =SUM(F3:F30) -> 25.793 | G32: =SUM(G2:G30) -> 49006.7 | I32: =SUM(I3:I30) -> 129 | J32: =SUM(J2:J30) -> 245100 | L32: =SUM(L3:L30) -> 24.19 | M32: =SUM(M2:M30) -> 45961 | O32: =SUM(O3:O30) -> 27.295 | P32: =SUM(P2:P30) -> 51860.5 | R32: =SUM(R3:R30) -> 10.19 | S32: =SUM(S2:S30) -> 19361 | T32: =SUM(T2:T30) -> 321.689 | U32: =SUM(U3:U30) -> 611209.1

Sheet Energy Monthly Statement
A1: Energy Monthly Statement Feb 2021
B2: Plant room | C2: =K8+K9+K14 -> 277361 | D2: =C2*1.27 -> 352248.47 | H2: Electric
H3: Feeder 1 | I3: =ELECT.!E2 -> 24958787 | J3: =ELECT.!E30 -> 25181492 | K3: =J3-I3 -> 222705
B4: With out Plant room | C4: Kwh | D4: LE | H4: Feeder 2 | I4: =ELECT.!G2 -> 77289999 | J4: =ELECT.!G30 -> 78500836 | K4: =J4-I4 -> 1210837
B5: Hotel | C5: =(K10+K12)*0.842284+K26 -> 712788.95 | D5: =C5*1.27 -> 905241.96 | H5: Total | K5: =K3+K4 -> 1433542
B6: Plaza | C6: =(K10+K12+K26)*0.1488 -> 125619.94 | D6: =C6*1.27 -> 159537.32 | H6: Tr1 | I6: =ELECT.!J2 -> 7430512 | J6: =ELECT.!J30 -> 7595749 | K6: =J6-I6 -> 165237
B7: Large s. | C7: =(K6+K7)-(C8+C9+C10+C11+K26) -> 251369 | D7: =C7*1.27 -> 319238.63 | H7: Tr2 | I7: =ELECT.!L2 -> 7442711 | J7: =ELECT.!L30 -> 7600315 | K7: =J7-I7 -> 157604
B8: Mall | C8: =K21+K22+K23+K24 -> 31930 | D8: =C8*1.27 -> 40551.1 | H8: Tr3 | I8: =ELECT.!N2 -> 4942119 | J8: =ELECT.!N30 -> 4972415 | K8: =(J8-I8)*2 -> 60592
B9: EZZ | C9: =K25+K16+K17 -> 9260 | D9: =C9*1.27 -> 11760.2 | H9: Tr4 | I9: =ELECT.!P2 -> 2437148 | J9: =ELECT.!P30 -> 2644726 | K9: =J9-I9 -> 207578
B10: Citadle | C10: =K18 -> 16320 | D10: =C10*1.27 -> 20726.4 | H10: Tr5 | I10: =ELECT.!R2 -> 16464700 | J10: =ELECT.!R30 -> 16718530 | K10: =J10-I10 -> 253830
B11: CIB Bank | C11: =K19+K20 -> 3082 | D11: =C11*1.27 -> 3914.14 | H11: Tr6 | I11: 0 | J11: 0 | K11: =J11-I11 -> 0
H12: Tr7 | I12: =ELECT.!V2 -> 3978655 | J12: =ELECT.!V30 -> 4268410 | K12: =(J12-I12)*2 -> 579510
B13: Water | C13: M3 | D13: LE | H13: Total | K13: =SUM(K6:K12) -> 1424351
B14: Main | C14: =K29 -> 15760 | D14: =C14*10.03 -> 158072.8 | H14: loss | K14: =K5-K13 -> 9191
B15: Large suite | C15: =K30 -> 133.515 | D15: =C15*10.03 -> 1339.1554
B16: Plaza | C16: =(C14-C15-C17-C18-C19-C20-C21)*0.1318 -> 1292.4947 | D16: =C16*10.03 -> 12963.722 | H16: CO | I16: ='Mall, Citadel, Rotana'!T2 -> 3501 | J16: ='Mall, Citadel, Rotana'!T33 -> 3539 | K16: =(J16-I16)*160 -> 6080
B17: Mall | C17: 1420 | D17: =C17*10.03 -> 14242.6 | H17: RO1 | I17: ='Mall, Citadel, Rotana'!J2 -> 303517 | J17: ='Mall, Citadel, Rotana'!J33 -> 303517 | K17: =(J17-I17)*120 -> 0
B18: CIB Bank | C18: 200 | D18: =C18*10.03 -> 2006 | H18: RO2 | I18: ='Mall, Citadel, Rotana'!L2 -> 24568 | J18: ='Mall, Citadel, Rotana'!L33 -> 24670 | K18: =(J18-I18)*160 -> 16320
B19: EZZ | C19: 600 | D19: =C19*10.03 -> 6018 | E19: Estimated value as there is no water Flow meter | H19: CIB 1 | I19: ='Mall, Citadel, Rotana'!P2 -> 91688 | J19: ='Mall, Citadel, Rotana'!P33 -> 94770 | K19: =J19-I19 -> 3082
B20: Citadle | C20: 600 | D20: =C20*10.03 -> 6018 | H20: CIB E | I20: ='Mall, Citadel, Rotana'!R2 -> 55047 | J20: ='Mall, Citadel, Rotana'!R33 -> 55047 | K20: =J20-I20 -> 0
B21: Plant room | C21: 3000 | D21: =C21*10.03 -> 30090 | H21: R1 | I21: ='Mall, Citadel, Rotana'!B2 -> 44752 | J21: ='Mall, Citadel, Rotana'!B33 -> 44890 | K21: =(J21-I21)*120 -> 16560
B22: Hotel | C22: =C14-(C15+C16+C17+C18+C19+C20+C21) -> 8513.9903 | D22: =C22*10.03 -> 85395.322 | H22: R2 | I22: ='Mall, Citadel, Rotana'!D2 -> 39227 | J22: ='Mall, Citadel, Rotana'!D33 -> 39308 | K22: =(J22-I22)*160 -> 12960
H23: R3 | I23: ='Mall, Citadel, Rotana'!F2 -> 20014 | J23: ='Mall, Citadel, Rotana'!F33 -> 20120 | K23: =(J23-I23)*20 -> 2120
B24: Gas | H24: R4 | I24: ='Mall, Citadel, Rotana'!H2 -> 238893 | J24: ='Mall, Citadel, Rotana'!H33 -> 239183 | K24: =J24-I24 -> 290
C25: M3 | D25: L.E | H25: RO.E | I25: ='Mall, Citadel, Rotana'!N2 -> 206458 | J25: ='Mall, Citadel, Rotana'!N33 -> 209638 | K25: =J25-I25 -> 3180
B26: Main | C26: =K35 -> 74294 | D26: =C26*3.65 -> 271173.1 | H26: New chiller | I26: =ELECT.!C2 -> 17929 | J26: =ELECT.!C30 -> 17997 | K26: =(J26-I26)*160 -> 10880
B27: Plant Room | C27: =C26 -> 74294 | D27: =C27*3.65 -> 271173.1
H28: Water
H29: Main Reading | I29: =Water!B2 -> 404038 | J29: =Water!B30 -> 405614 | K29: =(J29-I29)*10 -> 15760
H30: Large Reading | I30: =Water!H2 -> 716673 | J30: =Water!H30 -> 721618 | K30: =(J30-I30)*0.027 -> 133.515
H31: Pdium Reading | I31: =Water!D2 -> 3128500 | J31: =Water!D30 -> 3422000 | K31: =(J31-I31)*0.027 -> 7924.5
H32: Hotel reading | I32: =Water!F2 -> 2097500 | J32: =Water!F30 -> 2277500 | K32: =(J32-I32)*0.027 -> 4860
H34: Gas
H35: Main | I35: =Gas!B2 -> 17100707 | J35: =Gas!B30 -> 17175001 | K35: =J35-I35 -> 74294

Sheet Plaza and residential
C1: Floor | D1: Type | E1: Acutal till Dec 2020 | F1: Acutal till January 2021 | G1: Consumption | H1: Note | J1: Floor | K1: Type | L1: Acutal till January 2021 | M1: Acutal till Februry 2021 | N1: Consumption | O1: Note
C2: 6 | D2: Jade | E2: 270755 | F2: 272089 | G2: =F2-E2 -> 1334 | J2: 6 | K2: Jade | L2: 272089 | M2: 274698 | N2: =M2-L2 -> 2609
D3: Pearl | E3: 236173 | F3: 237334 | G3: =F3-E3 -> 1161 | K3: Pearl | L3: 237334 | M3: 238756 | N3: =M3-L3 -> 1422
D4: Topaz | E4: 185908 | F4: 186678 | G4: =F4-E4 -> 770 | K4: Topaz | L4: 186678 | M4: 187896 | N4: =M4-L4 -> 1218
C5: 7 | D5: Jade | E5: 233921 | F5: 234919 | G5: =F5-E5 -> 998 | J5: 7 | K5: Jade | L5: 234919 | M5: 235909 | N5: =M5-L5 -> 990
D6: Pearl | E6: 153394 | F6: 153441 | G6: =F6-E6 -> 47 | K6: Pearl | L6: 153441 | M6: 153504 | N6: =M6-L6 -> 63
D7: Topaz | E7: 115378 | F7: 115849 | G7: =F7-E7 -> 471 | K7: Topaz | L7: 115849 | M7: 116610 | N7: =M7-L7 -> 761
C8: 8 | D8: Jade | E8: 71698 | F8: 71827 | G8: =F8-E8 -> 129 | J8: 8 | K8: Jade | L8: 71827 | M8: 72003 | N8: =M8-L8 -> 176
D9: Pearl | E9: 1580 | F9: 1580 | G9: =F9-E9 -> 0 | K9: Pearl | L9: 1580 | M9: 1580 | N9: =M9-L9 -> 0
D10: Topaz | E10: 93468 | F10: 94047 | G10: =F10-E10 -> 579 | K10: Topaz | L10: 94047 | M10: 94510 | N10: =M10-L10 -> 463
C11: 9 | D11: Jade | E11: 34434 | F11: 34479 | G11: =F11-E11 -> 45 | J11: 9 | K11: Jade | L11: 34479 | M11: 39500 | N11: =M11-L11 -> 5021
D12: Pearl | E12: 0 | F12: 0 | G12: =F12-E12 -> 0 | K12: Pearl | L12: 0 | M12: 0 | N12: =M12-L12 -> 0
D13: Topaz | E13: 28056 | F13: 28176 | G13: =F13-E13 -> 120 | K13: Topaz | L13: 28176 | M13: 28245 | N13: =M13-L13 -> 69
C14: 10 | D14: Jade | E14: 183139 | F14: 185278 | G14: =F14-E14 -> 2139 | J14: 10 | K14: Jade | L14: 185278 | M14: 187336 | N14: =M14-L14 -> 2058
D15: Pearl | E15: 7704 | F15: 7705 | G15: =F15-E15 -> 1 | K15: Pearl | L15: 7705 | M15: 7717 | N15: =M15-L15 -> 12
D16: Topaz | E16: 178384 | F16: 179162 | G16: =F16-E16 -> 778 | K16: Topaz | L16: 179162 | M16: 180413 | N16: =M16-L16 -> 1251
C17: 11 | D17: Jade | E17: 62703 | F17: 62746 | G17: =F17-E17 -> 43 | J17: 11 | K17: Jade | L17: 62746 | M17: 62793 | N17: =M17-L17 -> 47
D18: Pearl | E18: 205627 | F18: 206185 | G18: =F18-E18 -> 558 | K18: Pearl | L18: 206185 | M18: 208087 | N18: =M18-L18 -> 1902
D19: Topaz | E19: 30363 | F19: 30413 | G19: =F19-E19 -> 50 | K19: Topaz | L19: 30413 | M19: 30454 | N19: =M19-L19 -> 41
C20: 12 | D20: Jade | E20: 144862 | F20: 144889 | G20: =F20-E20 -> 27 | J20: 12 | K20: Jade | L20: 144889 | M20: 144946 | N20: =M20-L20 -> 57
D21: Pearl | E21: 22244 | F21: 22263 | G21: =F21-E21 -> 19 | K21: Pearl | L21: 22263 | M21: 22284 | N21: =M21-L21 -> 21
D22: Topaz | E22: 232489 | F22: 234818 | G22: =F22-E22 -> 2329 | K22: Topaz | L22: 234818 | M22: 235976 | N22: =M22-L22 -> 1158
C23: 14 | D23: Jade | E23: 115826 | F23: 115980 | G23: =F23-E23 -> 154 | J23: 14 | K23: Jade | L23: 115980 | M23: 116112 | N23: =M23-L23 -> 132
D24: Pearl | E24: 23756 | F24: 23756 | G24: =F24-E24 -> 0 | K24: Pearl | L24: 23756 | M24: 23763 | N24: =M24-L24 -> 7
D25: Topaz | E25: 1916 | F25: 1916 | G25: =F25-E25 -> 0 | K25: Topaz | L25: 1916 | M25: 1916 | N25: =M25-L25 -> 0
C26: 15 | D26: Jade | E26: 39380 | F26: 39380 | G26: =F26-E26 -> 0 | J26: 15 | K26: Jade | L26: 39380 | M26: 39380 | N26: =M26-L26 -> 0
D27: Pearl | E27: 78308 | F27: 78699 | G27: =F27-E27 -> 391 | K27: Pearl | L27: 78699 | M27: 78845 | N27: =M27-L27 -> 146
D28: Topaz | E28: 147995 | F28: 148592 | G28: =F28-E28 -> 597 | K28: Topaz | L28: 148592 | M28: 149338 | N28: =M28-L28 -> 746
C29: 16 | D29: Jade | E29: 97765 | F29: 97965 | G29: =F29-E29 -> 200 | J29: 16 | K29: Jade | L29: 97965 | M29: 97965 | N29: =M29-L29 -> 0
D30: Pearl | E30: 58480 | F30: 58630 | G30: =F30-E30 -> 150 | K30: Pearl | L30: 58630 | M30: 58630 | N30: =M30-L30 -> 0
D31: Topaz | E31: 68411 | F31: 68411 | G31: =F31-E31 -> 0 | K31: Topaz | L31: 68411 | M31: 68462 | N31: =M31-L31 -> 51
C32: 17 | D32: Jade | E32: 31077 | F32: 31309 | G32: =F32-E32 -> 232 | J32: 17 | K32: Jade | L32: 31309 | M32: 31484 | N32: =M32-L32 -> 175
D33: Pearl | E33: 64144 | F33: 64144 | G33: =F33-E33 -> 0 | K33: Pearl | L33: 64144 | M33: 64144 | N33: =M33-L33 -> 0
D34: Topaz | E34: 11217 | F34: 11259 | G34: =F34-E34 -> 42 | K34: Topaz | L34: 11259 | M34: 11261 | N34: =M34-L34 -> 2
C35: 18 | D35: Jade | E35: 229292 | F35: 230291 | G35: =F35-E35 -> 999 | J35: 18 | K35: Jade | L35: 230291 | M35: 231326 | N35: =M35-L35 -> 1035
D36: Pearl | E36: 16700 | F36: 16753 | G36: =F36-E36 -> 53 | K36: Pearl | L36: 16753 | M36: 16753 | N36: =M36-L36 -> 0
D37: Topaz | E37: 70356 | F37: 71607 | G37: =F37-E37 -> 1251 | K37: Topaz | L37: 71607 | M37: 72822 | N37: =M37-L37 -> 1215
C38: 19 | D38: Jade | E38: 20551 | F38: 20678 | G38: =F38-E38 -> 127 | J38: 19 | K38: Jade | L38: 20678 | M38: 20813 | N38: =M38-L38 -> 135
D39: Pearl | E39: 81361 | F39: 81679 | G39: =F39-E39 -> 318 | K39: Pearl | L39: 81679 | M39: 81825 | N39: =M39-L39 -> 146
D40: Topaz | E40: 52876 | F40: 52908 | G40: =F40-E40 -> 32 | K40: Topaz | L40: 52908 | M40: 52948 | N40: =M40-L40 -> 40
C41: 20 | D41: Jade | E41: 115736 | F41: 116094 | G41: =F41-E41 -> 358 | J41: 20 | K41: Jade | L41: 116094 | M41: 116595 | N41: =M41-L41 -> 501
D42: Pearl | E42: 68152 | F42: 68225 | G42: =F42-E42 -> 73 | K42: Pearl | L42: 68225 | M42: 68333 | N42: =M42-L42 -> 108
D43: Topaz | E43: 3221 | F43: 3223 | G43: =F43-E43 -> 2 | K43: Topaz | L43: 3223 | M43: 3224 | N43: =M43-L43 -> 1
C45: 21 | D45: Emerald | E45: 3065 | F45: 3114 | G45: =F45-E45 -> 49 | J45: 21 | K45: Emerald | L45: 3114 | M45: 3182 | N45: =M45-L45 -> 68
D46: Topaz | E46: 38096 | F46: 38096 | G46: =F46-E46 -> 0 | K46: Topaz | L46: 38096 | M46: 38125 | N46: =M46-L46 -> 29
C47: 22 | D47: Emerald | E47: 13917 | F47: 13917 | G47: =F47-E47 -> 0 | J47: 22 | K47: Emerald | L47: 13917 | M47: 13917 | N47: =M47-L47 -> 0
D48: Topaz | E48: 18753 | F48: 18873 | G48: =F48-E48 -> 120 | K48: Topaz | L48: 18873 | M48: 19003 | N48: =M48-L48 -> 130
C49: 23 | D49: Emerald | G49: =F49-E49 -> 0 | J49: 23 | K49: Emerald | N49: =M49-L49 -> 0
D50: Topaz | G50: =F50-E50 -> 0 | K50: Topaz | N50: =M50-L50 -> 0
C52: 24 | D52: Sapphire | E52: 235390 | F52: 236508 | G52: =F52-E52 -> 1118 | J52: 24 | K52: Sapphire | L52: 236508 | M52: 237611 | N52: =M52-L52 -> 1103
D53: Ruby | E53: 532941 | F53: 533385 | G53: =F53-E53 -> 444 | K53: Ruby | L53: 533385 | M53: 533854 | N53: =M53-L53 -> 469
D54: Sapphire | E54: 34567 | F54: 34567 | G54: =F54-E54 -> 0 | K54: Sapphire | L54: 34567 | M54: 34567 | N54: =M54-L54 -> 0
C55: 25 | D55: Sapphire | E55: 318 | F55: 330 | G55: =F55-E55 -> 12 | J55: 25 | K55: Sapphire | L55: 330 | M55: 330 | N55: =M55-L55 -> 0
D56: Ruby | E56: 3 | F56: 3 | G56: =F56-E56 -> 0 | K56: Ruby | L56: 3 | M56: 3 | N56: =M56-L56 -> 0
C57: 26 | D57: Sapphire | E57: 681813 | F57: 685258 | G57: =F57-E57 -> 3445 | J57: 26 | K57: Sapphire | L57: 685258 | M57: 688763 | N57: =M57-L57 -> 3505
D58: Ruby | E58: 746041 | F58: 750021 | G58: =F58-E58 -> 3980 | K58: Ruby | L58: 750021 | M58: 754384 | N58: =M58-L58 -> 4363
C59: 27 | D59: Sapphire | E59: 232217 | F59: 233248 | G59: =F59-E59 -> 1031 | J59: 27 | K59: Sapphire | L59: 233248 | M59: 234450 | N59: =M59-L59 -> 1202
D60: Ruby | E60: 93345 | F60: 93345 | G60: =F60-E60 -> 0 | K60: Ruby | L60: 93345 | M60: 95207 | N60: =M60-L60 -> 1862
C62: 28 | D62: Diamond | H62: without & occupied should be install meter | J62: 28 | K62: Diamond | O62: without
C64: Total Electricity Consumption KW | G64: =SUM(G2:G63) -> 26776 | J64: Total Electricity Consumption KW | N64: =SUM(N2:N63) -> 36510
B69: 44197 | G69: 44228 | L69: Cons.
B70: Floor | C70: 30 | D70: 35,40 | E70: 45,50 | G70: Floor | H70: 30 | I70: 35,40 | J70: 45,50 | L70: Floor | M70: 30 | N70: 35,40 | O70: 45,50
B71: 6 | C71: 90678 | D71: 54792 | E71: 78552 | G71: 6 | H71: 90775 | I71: 54843 | J71: 78552 | L71: 6 | M71: =H71-C71 -> 97 | N71: =I71-D71 -> 51 | O71: =J71-E71 -> 0
B72: 7 | C72: 94735 | D72: 102964 | E72: 62374 | G72: 7 | H72: 94967 | I72: 103139 | J72: 62576 | L72: 7 | M72: =H72-C72 -> 232 | N72: =I72-D72 -> 175 | O72: =J72-E72 -> 202
B73: 8 | C73: 109747 | D73: 241895 | E73: 105127 | G73: 8 | H73: 110347 | I73: 242489 | J73: 105323 | L73: 8 | M73: =H73-C73 -> 600 | N73: =I73-D73 -> 594 | O73: =J73-E73 -> 196
B74: 9 | C74: 67905 | D74: 147618 | E74: 146632 | G74: 9 | H74: 67954 | I74: 148472 | J74: 147276 | L74: 9 | M74: =H74-C74 -> 49 | N74: =I74-D74 -> 854 | O74: =J74-E74 -> 644
B75: 10 | C75: 68482 | D75: 109850 | E75: 140195 | G75: 10 | H75: 68687 | I75: 110346 | J75: 140694 | L75: 10 | M75: =H75-C75 -> 205 | N75: =I75-D75 -> 496 | O75: =J75-E75 -> 499
B76: 11 | C76: 150647 | D76: 177826 | E76: 209971 | G76: 11 | H76: 150937 | I76: 179158 | J76: 210113 | L76: 11 | M76: =H76-C76 -> 290 | N76: =I76-D76 -> 1332 | O76: =J76-E76 -> 142
B77: 12 | C77: 145627 | D77: 95452 | E77: 99993 | G77: 12 | H77: 146499 | I77: 95492 | J77: 100024 | L77: 12 | M77: =H77-C77 -> 872 | N77: =I77-D77 -> 40 | O77: =J77-E77 -> 31
B78: 14 | C78: 123642 | D78: 47599 | E78: 50516 | G78: 14 | H78: 123654 | I78: 47628 | J78: 50623 | L78: 14 | M78: =H78-C78 -> 12 | N78: =I78-D78 -> 29 | O78: =J78-E78 -> 107
B79: 15 | C79: 164067 | D79: 142463 | E79: 154931 | G79: 15 | H79: 164622 | I79: 143229 | J79: 155553 | L79: 15 | M79: =H79-C79 -> 555 | N79: =I79-D79 -> 766 | O79: =J79-E79 -> 622
B80: 16 | C80: 120303 | D80: 144031 | E80: 214643 | G80: 16 | H80: 120434 | I80: 144955 | J80: 214702 | L80: 16 | M80: =H80-C80 -> 131 | N80: =I80-D80 -> 924 | O80: =J80-E80 -> 59
B81: 17 | C81: 38476 | D81: 83922 | E81: 200771 | G81: 17 | H81: 38476 | I81: 84120 | J81: 201146 | L81: 17 | M81: =H81-C81 -> 0 | N81: =I81-D81 -> 198 | O81: =J81-E81 -> 375
B82: 18 | C82: 135686 | D82: 71715 | E82: 161410 | G82: 18 | H82: 135815 | I82: 71782 | J82: 161761 | L82: 18 | M82: =H82-C82 -> 129 | N82: =I82-D82 -> 67 | O82: =J82-E82 -> 351
... B92: 28 | C92: 191012 | D92: 101877 | E92: 109038 | G92: 28 | H92: 192744 | I92: 101904 | J92: 109404 | L92: 28 | M92: =H92-C92 -> 1732 | N92: =I92-D92 -> 27 | O92: =J92-E92 -> 366
B93: 29 | D93: 79720 | G93: 29 | I93: 79720 | L93: 29 | M93: =H93-C93 -> 0 | N93: =I93-D93 -> 0
B94: 30 | D94: 14818 | G94: 30 | I94: 14818 | L94: 30 | M94: =H94-C94 -> 0 | N94: =I94-D94 -> 0
