Workbook

Sheet TOTAL
A1: Site Name | B1: Day | C1: Month | D1: Year | E1: Total Electricity Kwh | F1: Electricity Tariff ($/Kwh) | G1: Natural Gas (m3) | H1: Natural Gas $/m3 | I1: Water Utility Supply (m3) m3 | J1: Water Utility Supply (m3) $/m3 | K1: Room Nights | L1: Food Covers
A2: Whistler | B2: 1 | C2: 3 | D2: 2021 | E2: ='FSRW Meter Readings'!J7 -> 12000 | F2: 0.06 | G2: ='FSRW Meter Readings'!H7 -> 2189.5936 | H2: 0.4 | I2: ='FSRW Meter Readings'!K7 -> 3 | K2: ='FSRW Meter Readings'!L7 -> 0 | L2: ='FSRW Meter Readings'!M7 -> 0
A3: Whistler | B3: =B2+1 -> 2 | C3: 3 | D3: 2021 | E3: ='FSRW Meter Readings'!J8 -> 15600 | F3: 0.06 | G3: ='FSRW Meter Readings'!H8 -> 2802.6798 | H3: 0.4 | I3: ='FSRW Meter Readings'!K8 -> 1 | K3: ='FSRW Meter Readings'!L8 -> 0 | L3: ='FSRW Meter Readings'!M8 -> 0
A4: Whistler | B4: =B3+1 -> 3 | C4: 3 | D4: 2021 | E4: ='FSRW Meter Readings'!J9 -> 14400 | F4: 0.06 | G4: ='FSRW Meter Readings'!H9 -> 2773.4852 | H4: 0.4 | I4: ='FSRW Meter Readings'!K9 -> 3 | K4: ='FSRW Meter Readings'!L9 -> 0 | L4: ='FSRW Meter Readings'!M9 -> 0
A5: Whistler | B5: =B4+1 -> 4 | C5: 3 | D5: 2021 | E5: ='FSRW Meter Readings'!J10 -> 14400 | F5: 0.06 | G5: ='FSRW Meter Readings'!H10 -> 2773.4852 | H5: 0.4 | I5: ='FSRW Meter Readings'!K10 -> 6 | K5: ='FSRW Meter Readings'!L10 -> 0 | L5: ='FSRW Meter Readings'!M10 -> 0
A6: Whistler | B6: =B5+1 -> 5 | C6: 3 | D6: 2021 | E6: ='FSRW Meter Readings'!J11 -> 16800 | F6: 0.06 | G6: ='FSRW Meter Readings'!H11 -> 3240.5985 | H6: 0.4 | I6: ='FSRW Meter Readings'!K11 -> 7 | K6: ='FSRW Meter Readings'!L11 -> 0 | L6: ='FSRW Meter Readings'!M11 -> 0
A7: Whistler | B7: =B6+1 -> 6 | C7: 3 | D7: 2021 | E7: ='FSRW Meter Readings'!J12 -> 15600 | F7: 0.06 | G7: ='FSRW Meter Readings'!H12 -> 3007.0418 | H7: 0.4 | I7: ='FSRW Meter Readings'!K12 -> 7 | K7: ='FSRW Meter Readings'!L12 -> 0 | L7: ='FSRW Meter Readings'!M12 -> 0
A8: Whistler | B8: =B7+1 -> 7 | C8: 3 | D8: 2021 | E8: ='FSRW Meter Readings'!J13 -> 15600 | F8: 0.06 | G8: ='FSRW Meter Readings'!H13 -> 4700.3275 | H8: 0.4 | I8: ='FSRW Meter Readings'!K13 -> 3.5 | K8: ='FSRW Meter Readings'!L13 -> 0 | L8: ='FSRW Meter Readings'!M13 -> 0
A9: Whistler | B9: =B8+1 -> 8 | C9: 3 | D9: 2021 | E9: ='FSRW Meter Readings'!J14 -> 13200 | F9: 0.06 | G9: ='FSRW Meter Readings'!H14 -> 846.64284 | H9: 0.4 | I9: ='FSRW Meter Readings'!K14 -> 6.5 | K9: ='FSRW Meter Readings'!L14 -> 0 | L9: ='FSRW Meter Readings'!M14 -> 0
A10: Whistler | B10: =B9+1 -> 9 | C10: 3 | D10: 2021 | E10: ='FSRW Meter Readings'!J15 -> 15600 | F10: 0.06 | G10: ='FSRW Meter Readings'!H15 -> 3007.0418 | H10: 0.4 | I10: ='FSRW Meter Readings'!K15 -> 3 | K10: ='FSRW Meter Readings'!L15 -> 0 | L10: ='FSRW Meter Readings'!M15 -> 0
A11: Whistler | B11: =B10+1 -> 10 | C11: 3 | D11: 2021 | E11: ='FSRW Meter Readings'!J16 -> 15600 | F11: 0.06 | G11: ='FSRW Meter Readings'!H16 -> 2773.4852 | H11: 0.4 | I11: ='FSRW Meter Readings'!K16 -> 4 | K11: ='FSRW Meter Readings'!L16 -> 0 | L11: ='FSRW Meter Readings'!M16 -> 0
A12: Whistler | B12: =B11+1 -> 11 | C12: 3 | D12: 2021 | E12: ='FSRW Meter Readings'!J17 -> 14400 | F12: 0.06 | G12: ='FSRW Meter Readings'!H17 -> 2831.8743 | H12: 0.4 | I12: ='FSRW Meter Readings'!K17 -> 2 | K12: ='FSRW Meter Readings'!L17 -> 0 | L12: ='FSRW Meter Readings'!M17 -> 0
A13: Whistler | B13: =B12+1 -> 12 | C13: 3 | D13: 2021 | E13: ='FSRW Meter Readings'!J18 -> 16800 | F13: 0.06 | G13: ='FSRW Meter Readings'!H18 -> 3328.1822 | H13: 0.4 | I13: ='FSRW Meter Readings'!K18 -> 7 | K13: ='FSRW Meter Readings'!L18 -> 0 | L13: ='FSRW Meter Readings'!M18 -> 0
A14: Whistler | B14: =B13+1 -> 13 | C14: 3 | D14: 2021 | E14: ='FSRW Meter Readings'!J19 -> 16800 | F14: 0.06 | G14: ='FSRW Meter Readings'!H19 -> 2656.7069 | H14: 0.4 | I14: ='FSRW Meter Readings'!K19 -> 4 | K14: ='FSRW Meter Readings'!L19 -> 0 | L14: ='FSRW Meter Readings'!M19 -> 0
... A32: Whistler | B32: =B31+1 -> 31 | C32: 3 | D32: 2021 | E32: ='FSRW Meter Readings'!J37 -> 0 | F32: 0.06 | G32: ='FSRW Meter Readings'!H37 -> 0 | H32: 0.4 | I32: ='FSRW Meter Readings'!K37 -> 0 | K32: ='FSRW Meter Readings'!L37 -> 0 | L32: ='FSRW Meter Readings'!M37 -> 0

Sheet FSRW Meter Readings
A1: Daily Meter Readings
A2: Hotel | D2: March | E2: 2021
D4: Daily Readings | G4: Calculated usage from previous reading
A5: Day | B5: Month | C5: Year | D5: Gas (GJ) | E5: Hydro (Kw/h) | F5: Water (M³) | G5: Gas (GJ) | H5: Gas (M³) | I5: Hydro (Kw/h) | J5: Kw/h with multiplier | K5: Water (M³) | L5: Room Nights | M5: Food Covers
A6: Prev Month: | D6: 150678 | E6: 45176 | F6: 98211 | L6: 0 | M6: 0
A7: 1 | B7: =MONTH(DATEVALUE(D2&"1")) -> 3 | C7: =(E2) -> 2021 | D7: 150753 | E7: 45186 | F7: 98214 | G7: =IF(D7,SUM(D7-(LOOKUP(2,1/(D6:D6<>""),D6:D6))),0) -> 75 | H7: =IF(G7,SUM((G7*1.153936)*25.3),0) -> 2189.5936 | I7: =IF(E7,SUM(E7-(LOOKUP(2,1/(E6:E6<>""),E6:E6))),0) -> 10 | J7: =SUM(I7*1200) -> 12000 | K7: =IF(F7,SUM(F7-(LOOKUP(2,1/(F6:F6<>""),F6:F6))),0) -> 3 | L7: 0 | M7: 0
A8: 2 | B8: =MONTH(DATEVALUE(D2&"1")) -> 3 | C8: =(E2) -> 2021 | D8: 150849 | E8: 45199 | F8: 98215 | G8: =IF(D8,SUM(D8-(LOOKUP(2,1/(D6:D7<>""),D6:D7))),0) -> 96 | H8: =IF(G8,SUM((G8*1.153936)*25.3),0) -> 2802.6798 | I8: =IF(E8,SUM(E8-(LOOKUP(2,1/(E6:E7<>""),E6:E7))),0) -> 13 | J8: =SUM(I8*1200) -> 15600 | K8: =IF(F8,SUM(F8-(LOOKUP(2,1/(F6:F7<>""),F6:F7))),0) -> 1 | L8: 0 | M8: 0
A9: 3 | B9: =MONTH(DATEVALUE(D2&"1")) -> 3 | C9: =(E2) -> 2021 | D9: 150944 | E9: 45211 | F9: 98218 | G9: =IF(D9,SUM(D9-(LOOKUP(2,1/(D6:D8<>""),D6:D8))),0) -> 95 | H9: =IF(G9,SUM((G9*1.153936)*25.3),0) -> 2773.4852 | I9: =IF(E9,SUM(E9-(LOOKUP(2,1/(E6:E8<>""),E6:E8))),0) -> 12 | J9: =SUM(I9*1200) -> 14400 | K9: =IF(F9,SUM(F9-(LOOKUP(2,1/(F6:F8<>""),F6:F8))),0) -> 3 | L9: 0 | M9: 0
A10: 4 | B10: =MONTH(DATEVALUE(D2&"1")) -> 3 | C10: =(E2) -> 2021 | D10: 151039 | E10: 45223 | F10: 98224 | G10: =IF(D10,SUM(D10-(LOOKUP(2,1/(D6:D9<>""),D6:D9))),0) -> 95 | H10: =IF(G10,SUM((G10*1.153936)*25.3),0) -> 2773.4852 | I10: =IF(E10,SUM(E10-(LOOKUP(2,1/(E9:E9<>""),E9:E9))),0) -> 12 | J10: =SUM(I10*1200) -> 14400 | K10: =IF(F10,SUM(F10-(LOOKUP(2,1/(F6:F9<>""),F6:F9))),0) -> 6 | L10: 0 | M10: 0
A11: 5 | B11: =MONTH(DATEVALUE(D2&"1")) -> 3 | C11: =(E2) -> 2021 | D11: 151150 | E11: 45237 | F11: 98231 | G11: =IF(D11,SUM(D11-(LOOKUP(2,1/(D6:D10<>""),D6:D10))),0) -> 111 | H11: =IF(G11,SUM((G11*1.153936)*25.3),0) -> 3240.5985 | I11: =IF(E11,SUM(E11-(LOOKUP(2,1/(E6:E10<>""),E6:E10))),0) -> 14 | J11: =SUM(I11*1200) -> 16800 | K11: =IF(F11,SUM(F11-(LOOKUP(2,1/(F6:F10<>""),F6:F10))),0) -> 7 | L11: 0 | M11: 0
A12: 6 | B12: =MONTH(DATEVALUE(D2&"1")) -> 3 | C12: =(E2) -> 2021 | D12: 151253 | E12: 45250 | F12: 98238 | G12: =IF(D12,SUM(D12-(LOOKUP(2,1/(D6:D11<>""),D6:D11))),0) -> 103 | H12: =IF(G12,SUM((G12*1.153936)*25.3),0) -> 3007.0418 | I12: =IF(E12,SUM(E12-(LOOKUP(2,1/(E6:E11<>""),E6:E11))),0) -> 13 | J12: =SUM(I12*1200) -> 15600 | K12: =IF(F12,SUM(F12-(LOOKUP(2,1/(F6:F11<>""),F6:F11))),0) -> 7 | L12: 0 | M12: 0
A13: 7 | B13: =MONTH(DATEVALUE(D2&"1")) -> 3 | C13: =(E2) -> 2021 | D13: 151414 | E13: 45263 | F13: 98241.5 | G13: =IF(D13,SUM(D13-(LOOKUP(2,1/(D6:D12<>""),D6:D12))),0) -> 161 | H13: =IF(G13,SUM((G13*1.153936)*25.3),0) -> 4700.3275 | I13: =IF(E13,SUM(E13-(LOOKUP(2,1/(E12:E12<>""),E12:E12))),0) -> 13 | J13: =SUM(I13*1200) -> 15600 | K13: =IF(F13,SUM(F13-(LOOKUP(2,1/(F6:F12<>""),F6:F12))),0) -> 3.5 | L13: 0 | M13: 0
A14: 8 | B14: =MONTH(DATEVALUE(D2&"1")) -> 3 | C14: =(E2) -> 2021 | D14: 151443 | E14: 45274 | F14: 98248 | G14: =IF(D14,SUM(D14-(LOOKUP(2,1/(D6:D13<>""),D6:D13))),0) -> 29 | H14: =IF(G14,SUM((G14*1.153936)*25.3),0) -> 846.64284 | I14: =IF(E14,SUM(E14-(LOOKUP(2,1/(E6:E13<>""),E6:E13))),0) -> 11 | J14: =SUM(I14*1200) -> 13200 | K14: =IF(F14,SUM(F14-(LOOKUP(2,1/(F6:F13<>""),F6:F13))),0) -> 6.5 | L14: 0 | M14: 0
A15: 9 | B15: =MONTH(DATEVALUE(D2&"1")) -> 3 | C15: =(E2) -> 2021 | D15: 151546 | E15: 45287 | F15: 98251 | G15: =IF(D15,SUM(D15-(LOOKUP(2,1/(D6:D14<>""),D6:D14))),0) -> 103 | H15: =IF(G15,SUM((G15*1.153936)*25.3),0) -> 3007.0418 | I15: =IF(E15,SUM(E15-(LOOKUP(2,1/(E6:E14<>""),E6:E14))),0) -> 13 | J15: =SUM(I15*1200) -> 15600 | K15: =IF(F15,SUM(F15-(LOOKUP(2,1/(F6:F14<>""),F6:F14))),0) -> 3 | L15: 0 | M15: 0
A16: 10 | B16: =MONTH(DATEVALUE(D2&"1")) -> 3 | C16: =(E2) -> 2021 | D16: 151641 | E16: 45300 | F16: 98255 | G16: =IF(D16,SUM(D16-(LOOKUP(2,1/(D6:D15<>""),D6:D15))),0) -> 95 | H16: =IF(G16,SUM((G16*1.153936)*25.3),0) -> 2773.4852 | I16: =IF(E16,SUM(E16-(LOOKUP(2,1/(E6:E15<>""),E6:E15))),0) -> 13 | J16: =SUM(I16*1200) -> 15600 | K16: =IF(F16,SUM(F16-(LOOKUP(2,1/(F6:F15<>""),F6:F15))),0) -> 4 | L16: 0 | M16: 0
A17: 11 | B17: =MONTH(DATEVALUE(D2&"1")) -> 3 | C17: =(E2) -> 2021 | D17: 151738 | E17: 45312 | F17: 98257 | G17: =IF(D17,SUM(D17-(LOOKUP(2,1/(D6:D16<>""),D6:D16))),0) -> 97 | H17: =IF(G17,SUM((G17*1.153936)*25.3),0) -> 2831.8743 | I17: =IF(E17,SUM(E17-(LOOKUP(2,1/(E6:E16<>""),E6:E16))),0) -> 12 | J17: =SUM(I17*1200) -> 14400 | K17: =IF(F17,SUM(F17-(LOOKUP(2,1/(F6:F16<>""),F6:F16))),0) -> 2 | L17: 0 | M17: 0
A18: 12 | B18: =MONTH(DATEVALUE(D2&"1")) -> 3 | C18: =(E2) -> 2021 | D18: 151852 | E18: 45326 | F18: 98264 | G18: =IF(D18,SUM(D18-(LOOKUP(2,1/(D6:D17<>""),D6:D17))),0) -> 114 | H18: =IF(G18,SUM((G18*1.153936)*25.3),0) -> 3328.1822 | I18: =IF(E18,SUM(E18-(LOOKUP(2,1/(E6:E17<>""),E6:E17))),0) -> 14 | J18: =SUM(I18*1200) -> 16800 | K18: =IF(F18,SUM(F18-(LOOKUP(2,1/(F6:F17<>""),F6:F17))),0) -> 7 | L18: 0 | M18: 0
A19: 13 | B19: =MONTH(DATEVALUE(D2&"1")) -> 3 | C19: =(E2) -> 2021 | D19: 151943 | E19: 45340 | F19: 98268 | G19: =IF(D19,SUM(D19-(LOOKUP(2,1/(D6:D18<>""),D6:D18))),0) -> 91 | H19: =IF(G19,SUM((G19*1.153936)*25.3),0) -> 2656.7069 | I19: =IF(E19,SUM(E19-(LOOKUP(2,1/(E6:E18<>""),E6:E18))),0) -> 14 | J19: =SUM(I19*1200) -> 16800 | K19: =IF(F19,SUM(F19-(LOOKUP(2,1/(F6:F18<>""),F6:F18))),0) -> 4 | L19: 0 | M19: 0
A20: 14 | B20: =MONTH(DATEVALUE(D2&"1")) -> 3 | C20: =(E2) -> 2021 | D20: 152023 | E20: 45352 | F20: 98275 | G20: =IF(D20,SUM(D20-(LOOKUP(2,1/(D6:D19<>""),D6:D19))),0) -> 80 | H20: =IF(G20,SUM((G20*1.153936)*25.3),0) -> 2335.5665 | I20: =IF(E20,SUM(E20-(LOOKUP(2,1/(E6:E19<>""),E6:E19))),0) -> 12 | J20: =SUM(I20*1200) -> 14400 | K20: =IF(F20,SUM(F20-(LOOKUP(2,1/(F6:F19<>""),F6:F19))),0) -> 7 | L20: 0 | M20: 0
A21: 15 | B21: =MONTH(DATEVALUE(D2&"1")) -> 3 | C21: =(E2) -> 2021 | D21: 152113 | E21: 45363 | F21: 98281 | G21: =IF(D21,SUM(D21-(LOOKUP(2,1/(D6:D20<>""),D6:D20))),0) -> 90 | H21: =IF(G21,SUM((G21*1.153936)*25.3),0) -> 2627.5123 | I21: =IF(E21,SUM(E21-(LOOKUP(2,1/(E6:E20<>""),E6:E20))),0) -> 11 | J21: =SUM(I21*1200) -> 13200 | K21: =IF(F21,SUM(F21-(LOOKUP(2,1/(F6:F20<>""),F6:F20))),0) -> 6 | L21: 0 | M21: 0
A22: 16 | B22: =MONTH(DATEVALUE(D2&"1")) -> 3 | C22: =(E2) -> 2021 | D22: 152205 | E22: 45376 | F22: 98290 | G22: =IF(D22,SUM(D22-(LOOKUP(2,1/(D6:D21<>""),D6:D21))),0) -> 92 | H22: =IF(G22,SUM((G22*1.153936)*25.3),0) -> 2685.9014 | I22: =IF(E22,SUM(E22-(LOOKUP(2,1/(E6:E21<>""),E6:E21))),0) -> 13 | J22: =SUM(I22*1200) -> 15600 | K22: =IF(F22,SUM(F22-(LOOKUP(2,1/(F6:F21<>""),F6:F21))),0) -> 9 | L22: 0 | M22: 0
A23: 17 | B23: =MONTH(DATEVALUE(D2&"1")) -> 3 | C23: =(E2) -> 2021 | D23: 152316 | E23: 45391 | F23: 98304 | G23: =IF(D23,SUM(D23-(LOOKUP(2,1/(D6:D22<>""),D6:D22))),0) -> 111 | H23: =IF(G23,SUM((G23*1.153936)*25.3),0) -> 3240.5985 | I23: =IF(E23,SUM(E23-(LOOKUP(2,1/(E6:E22<>""),E6:E22))),0) -> 15 | J23: =SUM(I23*1200) -> 18000 | K23: =IF(F23,SUM(F23-(LOOKUP(2,1/(F6:F22<>""),F6:F22))),0) -> 14 | L23: 0 | M23: 0
A24: 18 | B24: =MONTH(DATEVALUE(D2&"1")) -> 3 | C24: =(E2) -> 2021 | D24: 152404 | E24: 45403 | F24: 98314 | G24: =IF(D24,SUM(D24-(LOOKUP(2,1/(D6:D23<>""),D6:D23))),0) -> 88 | H24: =IF(G24,SUM((G24*1.153936)*25.3),0) -> 2569.1231 | I24: =IF(E24,SUM(E24-(LOOKUP(2,1/(E6:E23<>""),E6:E23))),0) -> 12 | J24: =SUM(I24*1200) -> 14400 | K24: =IF(F24,SUM(F24-(LOOKUP(2,1/(F6:F23<>""),F6:F23))),0) -> 10 | L24: 0 | M24: 0
A25: 19 | B25: =MONTH(DATEVALUE(D2&"1")) -> 3 | C25: =(E2) -> 2021 | D25: 152494 | E25: 45415 | F25: 98324 | G25: =IF(D25,SUM(D25-(LOOKUP(2,1/(D6:D24<>""),D6:D24))),0) -> 90 | H25: =IF(G25,SUM((G25*1.153936)*25.3),0) -> 2627.5123 | I25: =IF(E25,SUM(E25-(LOOKUP(2,1/(E6:E24<>""),E6:E24))),0) -> 12 | J25: =SUM(I25*1200) -> 14400 | K25: =IF(F25,SUM(F25-(LOOKUP(2,1/(F6:F24<>""),F6:F24))),0) -> 10 | L25: 0 | M25: 0
A26: 20 | B26: =MONTH(DATEVALUE(D2&"1")) -> 3 | C26: =(E2) -> 2021 | D26: 152590 | E26: 45428 | F26: 98336 | G26: =IF(D26,SUM(D26-(LOOKUP(2,1/(D6:D25<>""),D6:D25))),0) -> 96 | H26: =IF(G26,SUM((G26*1.153936)*25.3),0) -> 2802.6798 | I26: =IF(E26,SUM(E26-(LOOKUP(2,1/(E6:E25<>""),E6:E25))),0) -> 13 | J26: =SUM(I26*1200) -> 15600 | K26: =IF(F26,SUM(F26-(LOOKUP(2,1/(F6:F25<>""),F6:F25))),0) -> 12 | L26: 0 | M26: 0
A27: 21 | B27: =MONTH(DATEVALUE(D2&"1")) -> 3 | C27: =(E2) -> 2021 | D27: 152685 | E27: 45440 | F27: 98351 | G27: =IF(D27,SUM(D27-(LOOKUP(2,1/(D6:D26<>""),D6:D26))),0) -> 95 | H27: =IF(G27,SUM((G27*1.153936)*25.3),0) -> 2773.4852 | I27: =IF(E27,SUM(E27-(LOOKUP(2,1/(E6:E26<>""),E6:E26))),0) -> 12 | J27: =SUM(I27*1200) -> 14400 | K27: =IF(F27,SUM(F27-(LOOKUP(2,1/(F6:F26<>""),F6:F26))),0) -> 15 | L27: 0 | M27: 0
A28: 22 | B28: =MONTH(DATEVALUE(D2&"1")) -> 3 | C28: =(E2) -> 2021 | D28: 152787 | E28: 45453 | F28: 98359 | G28: =IF(D28,SUM(D28-(LOOKUP(2,1/(D6:D27<>""),D6:D27))),0) -> 102 | H28: =IF(G28,SUM((G28*1.153936)*25.3),0) -> 2977.8472 | I28: =IF(E28,SUM(E28-(LOOKUP(2,1/(E6:E27<>""),E6:E27))),0) -> 13 | J28: =SUM(I28*1200) -> 15600 | K28: =IF(F28,SUM(F28-(LOOKUP(2,1/(F6:F27<>""),F6:F27))),0) -> 8 | L28: 0 | M28: 0
A29: 23 | B29: =MONTH(DATEVALUE(D2&"1")) -> 3 | C29: =(E2) -> 2021 | G29: =IF(D29,SUM(D29-(LOOKUP(2,1/(D6:D28<>""),D6:D28))),0) -> 0 | H29: =IF(G29,SUM((G29*1.153936)*25.3),0) -> 0 | I29: =IF(E29,SUM(E29-(LOOKUP(2,1/(E6:E28<>""),E6:E28))),0) -> 0 | J29: =SUM(I29*1200) -> 0 | K29: =IF(F29,SUM(F29-(LOOKUP(2,1/(F6:F28<>""),F6:F28))),0) -> 0 | L29: 0 | M29: 0
A30: 24 | B30: =MONTH(DATEVALUE(D2&"1")) -> 3 | C30: =(E2) -> 2021 | G30: =IF(D30,SUM(D30-(LOOKUP(2,1/(D6:D29<>""),D6:D29))),0) -> 0 | H30: =IF(G30,SUM((G30*1.153936)*25.3),0) -> 0 | I30: =IF(E30,SUM(E30-(LOOKUP(2,1/(E6:E29<>""),E6:E29))),0) -> 0 | J30: =SUM(I30*1200) -> 0 | K30: =IF(F30,SUM(F30-(LOOKUP(2,1/(F6:F29<>""),F6:F29))),0) -> 0 | L30: 0 | M30: 0
A31: 25 | B31: =MONTH(DATEVALUE(D2&"1")) -> 3 | C31: =(E2) -> 2021 | G31: =IF(D31,SUM(D31-(LOOKUP(2,1/(D6:D30<>""),D6:D30))),0) -> 0 | H31: =IF(G31,SUM((G31*1.153936)*25.3),0) -> 0 | I31: =IF(E31,SUM(E31-(LOOKUP(2,1/(E6:E30<>""),E6:E30))),0) -> 0 | J31: =SUM(I31*1200) -> 0 | K31: =IF(F31,SUM(F31-(LOOKUP(2,1/(F6:F30<>""),F6:F30))),0) -> 0 | L31: 0 | M31: 0
A32: 26 | B32: =MONTH(DATEVALUE(D2&"1")) -> 3 | C32: =(E2) -> 2021 | G32: =IF(D32,SUM(D32-(LOOKUP(2,1/(D6:D31<>""),D6:D31))),0) -> 0 | H32: =IF(G32,SUM((G32*1.153936)*25.3),0) -> 0 | I32: =IF(E32,SUM(E32-(LOOKUP(2,1/(E6:E31<>""),E6:E31))),0) -> 0 | J32: =SUM(I32*1200) -> 0 | K32: =IF(F32,SUM(F32-(LOOKUP(2,1/(F6:F31<>""),F6:F31))),0) -> 0 | L32: 0 | M32: 0
A33: 27 | B33: =MONTH(DATEVALUE(#REF!&"1")) -> #REF! | C33: =(#REF!) -> #REF! | G33: =IF(D33,SUM(D33-(LOOKUP(2,1/(D6:D32<>""),D6:D32))),0) -> 0 | H33: =IF(G33,SUM((G33*1.153936)*25.3),0) -> 0 | I33: =IF(E33,SUM(E33-(LOOKUP(2,1/(E6:E32<>""),E6:E32))),0) -> 0 | J33: =SUM(I33*1200) -> 0 | K33: =IF(F33,SUM(F33-(LOOKUP(2,1/(F6:F32<>""),F6:F32))),0) -> 0 | L33: 0 | M33: 0
A34: 28 | B34: =MONTH(DATEVALUE(#REF!&"1")) -> #REF! | C34: =(#REF!) -> #REF! | G34: =IF(D34,SUM(D34-(LOOKUP(2,1/(D6:D33<>""),D6:D33))),0) -> 0 | H34: =IF(G34,SUM((G34*1.153936)*25.3),0) -> 0 | I34: =IF(E34,SUM(E34-(LOOKUP(2,1/(E6:E33<>""),E6:E33))),0) -> 0 | J34: =SUM(I34*1200) -> 0 | K34: =IF(F34,SUM(F34-(LOOKUP(2,1/(F6:F33<>""),F6:F33))),0) -> 0 | L34: 0 | M34: 0
A35: 29 | B35: =MONTH(DATEVALUE(D1&"1")) -> #VALUE! | C35: =(E1) -> 0 | G35: =IF(D35,SUM(D35-(LOOKUP(2,1/(D6:D34<>""),D6:D34))),0) -> 0 | H35: =IF(G35,SUM((G35*1.153936)*25.3),0) -> 0 | I35: =IF(E35,SUM(E35-(LOOKUP(2,1/(E6:E34<>""),E6:E34))),0) -> 0 | J35: =SUM(I35*1200) -> 0 | K35: =IF(F35,SUM(F35-(LOOKUP(2,1/(F6:F34<>""),F6:F34))),0) -> 0 | L35: 0 | M35: 0
A36: 30 | B36: =MONTH(DATEVALUE(D2&"1")) -> 3 | C36: =(E2) -> 2021 | G36: =IF(D36,SUM(D36-(LOOKUP(2,1/(D6:D35<>""),D6:D35))),0) -> 0 | H36: =IF(G36,SUM((G36*1.153936)*25.3),0) -> 0 | I36: =IF(E36,SUM(E36-(LOOKUP(2,1/(E6:E35<>""),E6:E35))),0) -> 0 | J36: =SUM(I36*1200) -> 0 | K36: =IF(F36,SUM(F36-(LOOKUP(2,1/(F6:F35<>""),F6:F35))),0) -> 0 | L36: 0 | M36: 0
A37: 31 | B37: =MONTH(DATEVALUE(D2&"1")) -> 3 | C37: =(E2) -> 2021 | G37: =IF(D37,SUM(D37-(LOOKUP(2,1/(D6:D36<>""),D6:D36))),0) -> 0 | H37: =IF(G37,SUM((G37*1.153936)*25.3),0) -> 0 | I37: =IF(E37,SUM(E37-(LOOKUP(2,1/(E6:E36<>""),E6:E36))),0) -> 0 | J37: =SUM(I37*1200) -> 0 | K37: =IF(F37,SUM(F37-(LOOKUP(2,1/(F6:F36<>""),F6:F36))),0) -> 0 | L37: 0 | M37: 0
F38: Totals: | G38: =SUM(G7:G37) -> 2109 | H38: =SUM(H7:H37) -> 61571.371 | I38: =SUM(I7:I37) -> 277 | J38: =SUM(J7:J37) -> 332400 | K38: =SUM(K7:K37) -> 148 | L38: =SUM(L7:L37) -> 0 | M38: =SUM(M7:M37) -> 0
