Workbook

Sheet Sheet3
A1: Site Name | B1: Day | C1: Month | D1: Year | E1: Total Electricity Kwh | F1: Electricity Tariff ($/Kwh) | G1: Natual Gas (m3) | H1: Natural Gas $/m3 | I1: Water Utility Supply (m3) m3 | J1: Water Utility Supply (m3) $/m3 | K1: Room Nights | L1: Food Covers
A2: Whistler | B2: 1 | C2: 3 | D2: 2021 | E2: =Sheet1!E2 -> 12000 | F2: 0.06 | G2: =Sheet1!G2 -> 2189.5936 | H2: 0.4 | I2: =Sheet1!I2 -> 3 | K2: 0 | L2: 0
A3: Whistler | B3: =B2+1 -> 2 | C3: 3 | D3: 2021 | E3: =Sheet1!E3 -> 15600 | F3: 0.06 | G3: =Sheet1!G3 -> 2802.6798 | H3: 0.4 | I3: =Sheet1!I3 -> 1 | K3: 0 | L3: 0
A4: Whistler | B4: =B3+1 -> 3 | C4: 3 | D4: 2021 | E4: =Sheet1!E4 -> 14400 | F4: 0.06 | G4: =Sheet1!G4 -> 2773.4852 | H4: 0.4 | I4: =Sheet1!I4 -> 3 | K4: 0 | L4: 0
A5: Whistler | B5: =B4+1 -> 4 | C5: 3 | D5: 2021 | E5: =Sheet1!E5 -> 14400 | F5: 0.06 | G5: =Sheet1!G5 -> 2773.4852 | H5: 0.4 | I5: =Sheet1!I5 -> 6 | K5: 0 | L5: 0
A6: Whistler | B6: =B5+1 -> 5 | C6: 3 | D6: 2021 | E6: =Sheet1!E6 -> 16800 | F6: 0.06 | G6: =Sheet1!G6 -> 3240.5985 | H6: 0.4 | I6: =Sheet1!I6 -> 7 | K6: 0 | L6: 0
A7: Whistler | B7: =B6+1 -> 6 | C7: 3 | D7: 2021 | E7: =Sheet1!E7 -> 15600 | F7: 0.06 | G7: =Sheet1!G7 -> 3007.0418 | H7: 0.4 | I7: =Sheet1!I7 -> 7 | K7: 0 | L7: 0
A8: Whistler | B8: =B7+1 -> 7 | C8: 3 | D8: 2021 | E8: =Sheet1!E8 -> 15600 | F8: 0.06 | G8: =Sheet1!G8 -> 4700.3275 | H8: 0.4 | I8: =Sheet1!I8 -> 3.5 | K8: 0 | L8: 0
A9: Whistler | B9: =B8+1 -> 8 | C9: 3 | D9: 2021 | E9: =Sheet1!E9 -> 13200 | F9: 0.06 | G9: =Sheet1!G9 -> 846.64284 | H9: 0.4 | I9: =Sheet1!I9 -> 6.5 | K9: 0 | L9: 0
A10: Whistler | B10: =B9+1 -> 9 | C10: 3 | D10: 2021 | E10: =Sheet1!E10 -> 15600 | F10: 0.06 | G10: =Sheet1!G10 -> 3007.0418 | H10: 0.4 | I10: =Sheet1!I10 -> 3 | K10: 0 | L10: 0
A11: Whistler | B11: =B10+1 -> 10 | C11: 3 | D11: 2021 | E11: =Sheet1!E11 -> 15600 | F11: 0.06 | G11: =Sheet1!G11 -> 2773.4852 | H11: 0.4 | I11: =Sheet1!I11 -> 4 | K11: 0 | L11: 0
A12: Whistler | B12: =B11+1 -> 11 | C12: 3 | D12: 2021 | E12: =Sheet1!E12 -> 14400 | F12: 0.06 | G12: =Sheet1!G12 -> 2831.8743 | H12: 0.4 | I12: =Sheet1!I12 -> 2 | K12: 0 | L12: 0
A13: Whistler | B13: =B12+1 -> 12 | C13: 3 | D13: 2021 | E13: =Sheet1!E13 -> 16800 | F13: 0.06 | G13: =Sheet1!G13 -> 3328.1822 | H13: 0.4 | I13: =Sheet1!I13 -> 7 | K13: 0 | L13: 0
A14: Whistler | B14: =B13+1 -> 13 | C14: 3 | D14: 2021 | E14: =Sheet1!E14 -> 16800 | F14: 0.06 | G14: =Sheet1!G14 -> 2656.7069 | H14: 0.4 | I14: =Sheet1!I14 -> 4 | K14: 0 | L14: 0
... A32: Whistler | B32: =B31+1 -> 31 | C32: 3 | D32: 2021 | E32: =Sheet1!E32 -> 0 | F32: 0.06 | G32: =Sheet1!G32 -> 0 | H32: 0.4 | I32: =Sheet1!I32 -> 0 | K32: 0 | L32: 0

Sheet Sheet1
A1: Site Name | B1: Day | C1: Month | D1: Year | E1: Total Electricity Kwh | F1: Electricity Tariff ($/Kwh) | G1: Natual Gas (m3) | H1: Natural Gas $/m3 | I1: Water Utility Supply (m3) m3 | J1: Water Utility Supply (m3) $/m3 | K1: Room Nights | L1: Food Covers
A2: Whistler | B2: 1 | C2: 3 | D2: 2021 | E2: =Sheet2!J4 -> 12000 | F2: 0.06 | G2: =Sheet2!H4 -> 2189.5936 | H2: 0.4 | I2: =Sheet2!K4 -> 3 | K2: 0 | L2: 0
A3: Whistler | B3: =B2+1 -> 2 | C3: 3 | D3: 2021 | E3: =Sheet2!J5 -> 15600 | F3: 0.06 | G3: =Sheet2!H5 -> 2802.6798 | H3: 0.4 | I3: =Sheet2!K5 -> 1 | K3: 0 | L3: 0
A4: Whistler | B4: =B3+1 -> 3 | C4: 3 | D4: 2021 | E4: =Sheet2!J6 -> 14400 | F4: 0.06 | G4: =Sheet2!H6 -> 2773.4852 | H4: 0.4 | I4: =Sheet2!K6 -> 3 | K4: 0 | L4: 0
A5: Whistler | B5: =B4+1 -> 4 | C5: 3 | D5: 2021 | E5: =Sheet2!J7 -> 14400 | F5: 0.06 | G5: =Sheet2!H7 -> 2773.4852 | H5: 0.4 | I5: =Sheet2!K7 -> 6 | K5: 0 | L5: 0
A6: Whistler | B6: =B5+1 -> 5 | C6: 3 | D6: 2021 | E6: =Sheet2!J8 -> 16800 | F6: 0.06 | G6: =Sheet2!H8 -> 3240.5985 | H6: 0.4 | I6: =Sheet2!K8 -> 7 | K6: 0 | L6: 0
A7: Whistler | B7: =B6+1 -> 6 | C7: 3 | D7: 2021 | E7: =Sheet2!J9 -> 15600 | F7: 0.06 | G7: =Sheet2!H9 -> 3007.0418 | H7: 0.4 | I7: =Sheet2!K9 -> 7 | K7: 0 | L7: 0
A8: Whistler | B8: =B7+1 -> 7 | C8: 3 | D8: 2021 | E8: =Sheet2!J10 -> 15600 | F8: 0.06 | G8: =Sheet2!H10 -> 4700.3275 | H8: 0.4 | I8: =Sheet2!K10 -> 3.5 | K8: 0 | L8: 0
A9: Whistler | B9: =B8+1 -> 8 | C9: 3 | D9: 2021 | E9: =Sheet2!J11 -> 13200 | F9: 0.06 | G9: =Sheet2!H11 -> 846.64284 | H9: 0.4 | I9: =Sheet2!K11 -> 6.5 | K9: 0 | L9: 0
A10: Whistler | B10: =B9+1 -> 9 | C10: 3 | D10: 2021 | E10: =Sheet2!J12 -> 15600 | F10: 0.06 | G10: =Sheet2!H12 -> 3007.0418 | H10: 0.4 | I10: =Sheet2!K12 -> 3 | K10: 0 | L10: 0
A11: Whistler | B11: =B10+1 -> 10 | C11: 3 | D11: 2021 | E11: =Sheet2!J13 -> 15600 | F11: 0.06 | G11: =Sheet2!H13 -> 2773.4852 | H11: 0.4 | I11: =Sheet2!K13 -> 4 | K11: 0 | L11: 0
A12: Whistler | B12: =B11+1 -> 11 | C12: 3 | D12: 2021 | E12: =Sheet2!J14 -> 14400 | F12: 0.06 | G12: =Sheet2!H14 -> 2831.8743 | H12: 0.4 | I12: =Sheet2!K14 -> 2 | K12: 0 | L12: 0
A13: Whistler | B13: =B12+1 -> 12 | C13: 3 | D13: 2021 | E13: =Sheet2!J15 -> 16800 | F13: 0.06 | G13: =Sheet2!H15 -> 3328.1822 | H13: 0.4 | I13: =Sheet2!K15 -> 7 | K13: 0 | L13: 0
A14: Whistler | B14: =B13+1 -> 13 | C14: 3 | D14: 2021 | E14: =Sheet2!J16 -> 16800 | F14: 0.06 | G14: =Sheet2!H16 -> 2656.7069 | H14: 0.4 | I14: =Sheet2!K16 -> 4 | K14: 0 | L14: 0
... A32: Whistler | B32: =B31+1 -> 31 | C32: 3 | D32: 2021 | E32: =Sheet2!J34 -> 0 | F32: 0.06 | G32: =Sheet2!H34 -> 0 | H32: 0.4 | I32: =Sheet2!K34 -> 0 | K32: 0 | L32: 0

Sheet Sheet2
D1: Daily Readings | G1: Calculated usage from previous reading
A2: Day | B2: Month | C2: Year | D2: Gas (GJ) | E2: Hydro (Kw/h) | F2: Water (M³) | G2: Gas (GJ) | H2: Gas (M³) | I2: Hydro (Kw/h) | J2: Kw/h with multiplier | K2: Water (M³) | L2: Room Nights | M2: Food Covers
A3: Prev Month: | D3: 150678 | E3: 45176 | F3: 98211 | L3: 0 | M3: 0
A4: 1 | B4: 3 | C4: 2021 | D4: 150753 | E4: 45186 | F4: 98214 | G4: =IF(D4,SUM(D4-(LOOKUP(2,1/(D3:D3<>""),D3:D3))),0) -> 75 | H4: =IF(G4,SUM((G4*1.153936)*25.3),0) -> 2189.5936 | I4: =IF(E4,SUM(E4-(LOOKUP(2,1/(E3:E3<>""),E3:E3))),0) -> 10 | J4: =SUM(I4*1200) -> 12000 | K4: =IF(F4,SUM(F4-(LOOKUP(2,1/(F3:F3<>""),F3:F3))),0) -> 3 | L4: 0 | M4: 0
A5: 2 | B5: 3 | C5: 2021 | D5: 150849 | E5: 45199 | F5: 98215 | G5: =IF(D5,SUM(D5-(LOOKUP(2,1/(D3:D4<>""),D3:D4))),0) -> 96 | H5: =IF(G5,SUM((G5*1.153936)*25.3),0) -> 2802.6798 | I5: =IF(E5,SUM(E5-(LOOKUP(2,1/(E3:E4<>""),E3:E4))),0) -> 13 | J5: =SUM(I5*1200) -> 15600 | K5: =IF(F5,SUM(F5-(LOOKUP(2,1/(F3:F4<>""),F3:F4))),0) -> 1 | L5: 0 | M5: 0
A6: 3 | B6: 3 | C6: 2021 | D6: 150944 | E6: 45211 | F6: 98218 | G6: =IF(D6,SUM(D6-(LOOKUP(2,1/(D3:D5<>""),D3:D5))),0) -> 95 | H6: =IF(G6,SUM((G6*1.153936)*25.3),0) -> 2773.4852 | I6: =IF(E6,SUM(E6-(LOOKUP(2,1/(E3:E5<>""),E3:E5))),0) -> 12 | J6: =SUM(I6*1200) -> 14400 | K6: =IF(F6,SUM(F6-(LOOKUP(2,1/(F3:F5<>""),F3:F5))),0) -> 3 | L6: 0 | M6: 0
A7: 4 | B7: 3 | C7: 2021 | D7: 151039 | E7: 45223 | F7: 98224 | G7: =IF(D7,SUM(D7-(LOOKUP(2,1/(D3:D6<>""),D3:D6))),0) -> 95 | H7: =IF(G7,SUM((G7*1.153936)*25.3),0) -> 2773.4852 | I7: =IF(E7,SUM(E7-(LOOKUP(2,1/(E6:E6<>""),E6:E6))),0) -> 12 | J7: =SUM(I7*1200) -> 14400 | K7: =IF(F7,SUM(F7-(LOOKUP(2,1/(F3:F6<>""),F3:F6))),0) -> 6 | L7: 0 | M7: 0
A8: 5 | B8: 3 | C8: 2021 | D8: 151150 | E8: 45237 | F8: 98231 | G8: =IF(D8,SUM(D8-(LOOKUP(2,1/(D3:D7<>""),D3:D7))),0) -> 111 | H8: =IF(G8,SUM((G8*1.153936)*25.3),0) -> 3240.5985 | I8: =IF(E8,SUM(E8-(LOOKUP(2,1/(E3:E7<>""),E3:E7))),0) -> 14 | J8: =SUM(I8*1200) -> 16800 | K8: =IF(F8,SUM(F8-(LOOKUP(2,1/(F3:F7<>""),F3:F7))),0) -> 7 | L8: 0 | M8: 0
A9: 6 | B9: 3 | C9: 2021 | D9: 151253 | E9: 45250 | F9: 98238 | G9: =IF(D9,SUM(D9-(LOOKUP(2,1/(D3:D8<>""),D3:D8))),0) -> 103 | H9: =IF(G9,SUM((G9*1.153936)*25.3),0) -> 3007.0418 | I9: =IF(E9,SUM(E9-(LOOKUP(2,1/(E3:E8<>""),E3:E8))),0) -> 13 | J9: =SUM(I9*1200) -> 15600 | K9: =IF(F9,SUM(F9-(LOOKUP(2,1/(F3:F8<>""),F3:F8))),0) -> 7 | L9: 0 | M9: 0
A10: 7 | B10: 3 | C10: 2021 | D10: 151414 | E10: 45263 | F10: 98241.5 | G10: =IF(D10,SUM(D10-(LOOKUP(2,1/(D3:D9<>""),D3:D9))),0) -> 161 | H10: =IF(G10,SUM((G10*1.153936)*25.3),0) -> 4700.3275 | I10: =IF(E10,SUM(E10-(LOOKUP(2,1/(E9:E9<>""),E9:E9))),0) -> 13 | J10: =SUM(I10*1200) -> 15600 | K10: =IF(F10,SUM(F10-(LOOKUP(2,1/(F3:F9<>""),F3:F9))),0) -> 3.5 | L10: 0 | M10: 0
A11: 8 | B11: 3 | C11: 2021 | D11: 151443 | E11: 45274 | F11: 98248 | G11: =IF(D11,SUM(D11-(LOOKUP(2,1/(D3:D10<>""),D3:D10))),0) -> 29 | H11: =IF(G11,SUM((G11*1.153936)*25.3),0) -> 846.64284 | I11: =IF(E11,SUM(E11-(LOOKUP(2,1/(E3:E10<>""),E3:E10))),0) -> 11 | J11: =SUM(I11*1200) -> 13200 | K11: =IF(F11,SUM(F11-(LOOKUP(2,1/(F3:F10<>""),F3:F10))),0) -> 6.5 | L11: 0 | M11: 0
A12: 9 | B12: 3 | C12: 2021 | D12: 151546 | E12: 45287 | F12: 98251 | G12: =IF(D12,SUM(D12-(LOOKUP(2,1/(D3:D11<>""),D3:D11))),0) -> 103 | H12: =IF(G12,SUM((G12*1.153936)*25.3),0) -> 3007.0418 | I12: =IF(E12,SUM(E12-(LOOKUP(2,1/(E3:E11<>""),E3:E11))),0) -> 13 | J12: =SUM(I12*1200) -> 15600 | K12: =IF(F12,SUM(F12-(LOOKUP(2,1/(F3:F11<>""),F3:F11))),0) -> 3 | L12: 0 | M12: 0
A13: 10 | B13: 3 | C13: 2021 | D13: 151641 | E13: 45300 | F13: 98255 | G13: =IF(D13,SUM(D13-(LOOKUP(2,1/(D3:D12<>""),D3:D12))),0) -> 95 | H13: =IF(G13,SUM((G13*1.153936)*25.3),0) -> 2773.4852 | I13: =IF(E13,SUM(E13-(LOOKUP(2,1/(E3:E12<>""),E3:E12))),0) -> 13 | J13: =SUM(I13*1200) -> 15600 | K13: =IF(F13,SUM(F13-(LOOKUP(2,1/(F3:F12<>""),F3:F12))),0) -> 4 | L13: 0 | M13: 0
A14: 11 | B14: 3 | C14: 2021 | D14: 151738 | E14: 45312 | F14: 98257 | G14: =IF(D14,SUM(D14-(LOOKUP(2,1/(D3:D13<>""),D3:D13))),0) -> 97 | H14: =IF(G14,SUM((G14*1.153936)*25.3),0) -> 2831.8743 | I14: =IF(E14,SUM(E14-(LOOKUP(2,1/(E3:E13<>""),E3:E13))),0) -> 12 | J14: =SUM(I14*1200) -> 14400 | K14: =IF(F14,SUM(F14-(LOOKUP(2,1/(F3:F13<>""),F3:F13))),0) -> 2 | L14: 0 | M14: 0
A15: 12 | B15: 3 | C15: 2021 | D15: 151852 | E15: 45326 | F15: 98264 | G15: =IF(D15,SUM(D15-(LOOKUP(2,1/(D3:D14<>""),D3:D14))),0) -> 114 | H15: =IF(G15,SUM((G15*1.153936)*25.3),0) -> 3328.1822 | I15: =IF(E15,SUM(E15-(LOOKUP(2,1/(E3:E14<>""),E3:E14))),0) -> 14 | J15: =SUM(I15*1200) -> 16800 | K15: =IF(F15,SUM(F15-(LOOKUP(2,1/(F3:F14<>""),F3:F14))),0) -> 7 | L15: 0 | M15: 0
A16: 13 | B16: 3 | C16: 2021 | D16: 151943 | E16: 45340 | F16: 98268 | G16: =IF(D16,SUM(D16-(LOOKUP(2,1/(D3:D15<>""),D3:D15))),0) -> 91 | H16: =IF(G16,SUM((G16*1.153936)*25.3),0) -> 2656.7069 | I16: =IF(E16,SUM(E16-(LOOKUP(2,1/(E3:E15<>""),E3:E15))),0) -> 14 | J16: =SUM(I16*1200) -> 16800 | K16: =IF(F16,SUM(F16-(LOOKUP(2,1/(F3:F15<>""),F3:F15))),0) -> 4 | L16: 0 | M16: 0
A17: 14 | B17: 3 | C17: 2021 | D17: 152023 | E17: 45352 | F17: 98275 | G17: =IF(D17,SUM(D17-(LOOKUP(2,1/(D3:D16<>""),D3:D16))),0) -> 80 | H17: =IF(G17,SUM((G17*1.153936)*25.3),0) -> 2335.5665 | I17: =IF(E17,SUM(E17-(LOOKUP(2,1/(E3:E16<>""),E3:E16))),0) -> 12 | J17: =SUM(I17*1200) -> 14400 | K17: =IF(F17,SUM(F17-(LOOKUP(2,1/(F3:F16<>""),F3:F16))),0) -> 7 | L17: 0 | M17: 0
A18: 15 | B18: 3 | C18: 2021 | D18: 152113 | E18: 45363 | F18: 98281 | G18: =IF(D18,SUM(D18-(LOOKUP(2,1/(D3:D17<>""),D3:D17))),0) -> 90 | H18: =IF(G18,SUM((G18*1.153936)*25.3),0) -> 2627.5123 | I18: =IF(E18,SUM(E18-(LOOKUP(2,1/(E3:E17<>""),E3:E17))),0) -> 11 | J18: =SUM(I18*1200) -> 13200 | K18: =IF(F18,SUM(F18-(LOOKUP(2,1/(F3:F17<>""),F3:F17))),0) -> 6 | L18: 0 | M18: 0
A19: 16 | B19: 3 | C19: 2021 | D19: 152205 | E19: 45376 | F19: 98290 | G19: =IF(D19,SUM(D19-(LOOKUP(2,1/(D3:D18<>""),D3:D18))),0) -> 92 | H19: =IF(G19,SUM((G19*1.153936)*25.3),0) -> 2685.9014 | I19: =IF(E19,SUM(E19-(LOOKUP(2,1/(E3:E18<>""),E3:E18))),0) -> 13 | J19: =SUM(I19*1200) -> 15600 | K19: =IF(F19,SUM(F19-(LOOKUP(2,1/(F3:F18<>""),F3:F18))),0) -> 9 | L19: 0 | M19: 0
A20: 17 | B20: 3 | C20: 2021 | D20: 152316 | E20: 45391 | F20: 98304 | G20: =IF(D20,SUM(D20-(LOOKUP(2,1/(D3:D19<>""),D3:D19))),0) -> 111 | H20: =IF(G20,SUM((G20*1.153936)*25.3),0) -> 3240.5985 | I20: =IF(E20,SUM(E20-(LOOKUP(2,1/(E3:E19<>""),E3:E19))),0) -> 15 | J20: =SUM(I20*1200) -> 18000 | K20: =IF(F20,SUM(F20-(LOOKUP(2,1/(F3:F19<>""),F3:F19))),0) -> 14 | L20: 0 | M20: 0
A21: 18 | B21: 3 | C21: 2021 | D21: 152404 | E21: 45403 | F21: 98314 | G21: =IF(D21,SUM(D21-(LOOKUP(2,1/(D3:D20<>""),D3:D20))),0) -> 88 | H21: =IF(G21,SUM((G21*1.153936)*25.3),0) -> 2569.1231 | I21: =IF(E21,SUM(E21-(LOOKUP(2,1/(E3:E20<>""),E3:E20))),0) -> 12 | J21: =SUM(I21*1200) -> 14400 | K21: =IF(F21,SUM(F21-(LOOKUP(2,1/(F3:F20<>""),F3:F20))),0) -> 10 | L21: 0 | M21: 0
A22: 19 | B22: 3 | C22: 2021 | D22: 152494 | E22: 45415 | F22: 98324 | G22: =IF(D22,SUM(D22-(LOOKUP(2,1/(D3:D21<>""),D3:D21))),0) -> 90 | H22: =IF(G22,SUM((G22*1.153936)*25.3),0) -> 2627.5123 | I22: =IF(E22,SUM(E22-(LOOKUP(2,1/(E3:E21<>""),E3:E21))),0) -> 12 | J22: =SUM(I22*1200) -> 14400 | K22: =IF(F22,SUM(F22-(LOOKUP(2,1/(F3:F21<>""),F3:F21))),0) -> 10 | L22: 0 | M22: 0
A23: 20 | B23: 3 | C23: 2021 | D23: 152590 | E23: 45428 | F23: 98336 | G23: =IF(D23,SUM(D23-(LOOKUP(2,1/(D3:D22<>""),D3:D22))),0) -> 96 | H23: =IF(G23,SUM((G23*1.153936)*25.3),0) -> 2802.6798 | I23: =IF(E23,SUM(E23-(LOOKUP(2,1/(E3:E22<>""),E3:E22))),0) -> 13 | J23: =SUM(I23*1200) -> 15600 | K23: =IF(F23,SUM(F23-(LOOKUP(2,1/(F3:F22<>""),F3:F22))),0) -> 12 | L23: 0 | M23: 0
A24: 21 | B24: 3 | C24: 2021 | D24: 152685 | E24: 45440 | F24: 98351 | G24: =IF(D24,SUM(D24-(LOOKUP(2,1/(D3:D23<>""),D3:D23))),0) -> 95 | H24: =IF(G24,SUM((G24*1.153936)*25.3),0) -> 2773.4852 | I24: =IF(E24,SUM(E24-(LOOKUP(2,1/(E3:E23<>""),E3:E23))),0) -> 12 | J24: =SUM(I24*1200) -> 14400 | K24: =IF(F24,SUM(F24-(LOOKUP(2,1/(F3:F23<>""),F3:F23))),0) -> 15 | L24: 0 | M24: 0
A25: 22 | B25: 3 | C25: 2021 | D25: 152787 | E25: 45453 | F25: 98359 | G25: =IF(D25,SUM(D25-(LOOKUP(2,1/(D3:D24<>""),D3:D24))),0) -> 102 | H25: =IF(G25,SUM((G25*1.153936)*25.3),0) -> 2977.8472 | I25: =IF(E25,SUM(E25-(LOOKUP(2,1/(E3:E24<>""),E3:E24))),0) -> 13 | J25: =SUM(I25*1200) -> 15600 | K25: =IF(F25,SUM(F25-(LOOKUP(2,1/(F3:F24<>""),F3:F24))),0) -> 8 | L25: 0 | M25: 0
A26: 23 | B26: 3 | C26: 2021 | G26: =IF(D26,SUM(D26-(LOOKUP(2,1/(D3:D25<>""),D3:D25))),0) -> 0 | H26: =IF(G26,SUM((G26*1.153936)*25.3),0) -> 0 | I26: =IF(E26,SUM(E26-(LOOKUP(2,1/(E3:E25<>""),E3:E25))),0) -> 0 | J26: =SUM(I26*1200) -> 0 | K26: =IF(F26,SUM(F26-(LOOKUP(2,1/(F3:F25<>""),F3:F25))),0) -> 0 | L26: 0 | M26: 0
A27: 24 | B27: 3 | C27: 2021 | G27: =IF(D27,SUM(D27-(LOOKUP(2,1/(D3:D26<>""),D3:D26))),0) -> 0 | H27: =IF(G27,SUM((G27*1.153936)*25.3),0) -> 0 | I27: =IF(E27,SUM(E27-(LOOKUP(2,1/(E3:E26<>""),E3:E26))),0) -> 0 | J27: =SUM(I27*1200) -> 0 | K27: =IF(F27,SUM(F27-(LOOKUP(2,1/(F3:F26<>""),F3:F26))),0) -> 0 | L27: 0 | M27: 0
A28: 25 | B28: 3 | C28: 2021 | G28: =IF(D28,SUM(D28-(LOOKUP(2,1/(D3:D27<>""),D3:D27))),0) -> 0 | H28: =IF(G28,SUM((G28*1.153936)*25.3),0) -> 0 | I28: =IF(E28,SUM(E28-(LOOKUP(2,1/(E3:E27<>""),E3:E27))),0) -> 0 | J28: =SUM(I28*1200) -> 0 | K28: =IF(F28,SUM(F28-(LOOKUP(2,1/(F3:F27<>""),F3:F27))),0) -> 0 | L28: 0 | M28: 0
A29: 26 | B29: 3 | C29: 2021 | G29: =IF(D29,SUM(D29-(LOOKUP(2,1/(D3:D28<>""),D3:D28))),0) -> 0 | H29: =IF(G29,SUM((G29*1.153936)*25.3),0) -> 0 | I29: =IF(E29,SUM(E29-(LOOKUP(2,1/(E3:E28<>""),E3:E28))),0) -> 0 | J29: =SUM(I29*1200) -> 0 | K29: =IF(F29,SUM(F29-(LOOKUP(2,1/(F3:F28<>""),F3:F28))),0) -> 0 | L29: 0 | M29: 0
A30: 27 | B30: 3 | C30: 2021 | G30: =IF(D30,SUM(D30-(LOOKUP(2,1/(D3:D29<>""),D3:D29))),0) -> 0 | H30: =IF(G30,SUM((G30*1.153936)*25.3),0) -> 0 | I30: =IF(E30,SUM(E30-(LOOKUP(2,1/(E3:E29<>""),E3:E29))),0) -> 0 | J30: =SUM(I30*1200) -> 0 | K30: =IF(F30,SUM(F30-(LOOKUP(2,1/(F3:F29<>""),F3:F29))),0) -> 0 | L30: 0 | M30: 0
A31: 28 | B31: 3 | C31: 2021 | G31: =IF(D31,SUM(D31-(LOOKUP(2,1/(D3:D30<>""),D3:D30))),0) -> 0 | H31: =IF(G31,SUM((G31*1.153936)*25.3),0) -> 0 | I31: =IF(E31,SUM(E31-(LOOKUP(2,1/(E3:E30<>""),E3:E30))),0) -> 0 | J31: =SUM(I31*1200) -> 0 | K31: =IF(F31,SUM(F31-(LOOKUP(2,1/(F3:F30<>""),F3:F30))),0) -> 0 | L31: 0 | M31: 0
A32: 29 | B32: 3 | C32: 2021 | G32: =IF(D32,SUM(D32-(LOOKUP(2,1/(D3:D31<>""),D3:D31))),0) -> 0 | H32: =IF(G32,SUM((G32*1.153936)*25.3),0) -> 0 | I32: =IF(E32,SUM(E32-(LOOKUP(2,1/(E3:E31<>""),E3:E31))),0) -> 0 | J32: =SUM(I32*1200) -> 0 | K32: =IF(F32,SUM(F32-(LOOKUP(2,1/(F3:F31<>""),F3:F31))),0) -> 0 | L32: 0 | M32: 0
A33: 30 | B33: 3 | C33: 2021 | G33: =IF(D33,SUM(D33-(LOOKUP(2,1/(D3:D32<>""),D3:D32))),0) -> 0 | H33: =IF(G33,SUM((G33*1.153936)*25.3),0) -> 0 | I33: =IF(E33,SUM(E33-(LOOKUP(2,1/(E3:E32<>""),E3:E32))),0) -> 0 | J33: =SUM(I33*1200) -> 0 | K33: =IF(F33,SUM(F33-(LOOKUP(2,1/(F3:F32<>""),F3:F32))),0) -> 0 | L33: 0 | M33: 0
A34: 31 | B34: 3 | C34: 2021 | G34: =IF(D34,SUM(D34-(LOOKUP(2,1/(D3:D33<>""),D3:D33))),0) -> 0 | H34: =IF(G34,SUM((G34*1.153936)*25.3),0) -> 0 | I34: =IF(E34,SUM(E34-(LOOKUP(2,1/(E3:E33<>""),E3:E33))),0) -> 0 | J34: =SUM(I34*1200) -> 0 | K34: =IF(F34,SUM(F34-(LOOKUP(2,1/(F3:F33<>""),F3:F33))),0) -> 0 | L34: 0 | M34: 0
F35: Totals: | G35: =SUM(G4:G34) -> 2109 | H35: =SUM(H4:H34) -> 61571.371 | I35: =SUM(I4:I34) -> 277 | J35: =SUM(J4:J34) -> 332400 | K35: =SUM(K4:K34) -> 148 | L35: =SUM(L4:L34) -> 0 | M35: =SUM(M4:M34) -> 0
