Workbook

Sheet TOTAL
A1: Site Name | B1: Day | C1: Month | D1: Year | E1: Total Electricity Kwh | F1: Electricity Tariff ($/Kwh) | G1: Natual Gas (m3) | H1: Natural Gas $/m3 | I1: Water Utility Supply (m3) m3 | J1: Water Utility Supply (m3) $/m3 | K1: Room Nights | L1: Food Covers
A2: Whistler | B2: 1 | C2: 2 | D2: 2021 | E2: ='FSRW Meter Readings'!I4 -> 12000 | F2: 0.06 | G2: ='FSRW Meter Readings'!F4 -> 2173.23 | H2: 0.4 | I2: ='FSRW Meter Readings'!K4 -> 0 | K2: ='FSRW Meter Readings'!C4 -> 0 | L2: ='FSRW Meter Readings'!C4 -> 0
A3: Whistler | B3: =B2+1 -> 2 | C3: 2 | D3: 2021 | E3: ='FSRW Meter Readings'!I5 -> 16800 | F3: 0.06 | G3: ='FSRW Meter Readings'!F5 -> 2951.3 | H3: 0.4 | I3: ='FSRW Meter Readings'!K5 -> 0 | K3: ='FSRW Meter Readings'!C5 -> 0 | L3: ='FSRW Meter Readings'!C5 -> 0
A4: Whistler | B4: =B3+1 -> 3 | C4: 2 | D4: 2021 | E4: ='FSRW Meter Readings'!I6 -> 13200 | F4: 0.06 | G4: ='FSRW Meter Readings'!F6 -> 2414.7 | H4: 0.4 | I4: ='FSRW Meter Readings'!K6 -> 0 | K4: ='FSRW Meter Readings'!C6 -> 0 | L4: ='FSRW Meter Readings'!C6 -> 0
A5: Whistler | B5: =B4+1 -> 4 | C5: 2 | D5: 2021 | E5: ='FSRW Meter Readings'!I7 -> 15600 | F5: 0.06 | G5: ='FSRW Meter Readings'!F7 -> 2468.36 | H5: 0.4 | I5: ='FSRW Meter Readings'!K7 -> 0 | K5: ='FSRW Meter Readings'!C7 -> 0 | L5: ='FSRW Meter Readings'!C7 -> 0
A6: Whistler | B6: =B5+1 -> 5 | C6: 2 | D6: 2021 | E6: ='FSRW Meter Readings'!I8 -> 16800 | F6: 0.06 | G6: ='FSRW Meter Readings'!F8 -> 2978.13 | H6: 0.4 | I6: ='FSRW Meter Readings'!K8 -> 0 | K6: ='FSRW Meter Readings'!C8 -> 0 | L6: ='FSRW Meter Readings'!C8 -> 0
A7: Whistler | B7: =B6+1 -> 6 | C7: 2 | D7: 2021 | E7: ='FSRW Meter Readings'!I9 -> 15600 | F7: 0.06 | G7: ='FSRW Meter Readings'!F9 -> 2656.17 | H7: 0.4 | I7: ='FSRW Meter Readings'!K9 -> 0 | K7: ='FSRW Meter Readings'!C9 -> 0 | L7: ='FSRW Meter Readings'!C9 -> 0
A8: Whistler | B8: =B7+1 -> 7 | C8: 2 | D8: 2021 | E8: ='FSRW Meter Readings'!I10 -> 19200 | F8: 0.06 | G8: ='FSRW Meter Readings'!F10 -> 3246.43 | H8: 0.4 | I8: ='FSRW Meter Readings'!K10 -> 0 | K8: ='FSRW Meter Readings'!C10 -> 0 | L8: ='FSRW Meter Readings'!C10 -> 0
A9: Whistler | B9: =B8+1 -> 8 | C9: 2 | D9: 2021 | E9: ='FSRW Meter Readings'!I11 -> 13200 | F9: 0.06 | G9: ='FSRW Meter Readings'!F11 -> 1770.78 | H9: 0.4 | I9: ='FSRW Meter Readings'!K11 -> 0 | K9: ='FSRW Meter Readings'!C11 -> 0 | L9: ='FSRW Meter Readings'!C11 -> 0
A10: Whistler | B10: =B9+1 -> 9 | C10: 2 | D10: 2021 | E10: ='FSRW Meter Readings'!I12 -> 13200 | F10: 0.06 | G10: ='FSRW Meter Readings'!F12 -> 3246.43 | H10: 0.4 | I10: ='FSRW Meter Readings'!K12 -> 0 | K10: ='FSRW Meter Readings'!C12 -> 0 | L10: ='FSRW Meter Readings'!C12 -> 0
A11: Whistler | B11: =B10+1 -> 10 | C11: 2 | D11: 2021 | E11: ='FSRW Meter Readings'!I13 -> 12000 | F11: 0.06 | G11: ='FSRW Meter Readings'!F13 -> 3461.07 | H11: 0.4 | I11: ='FSRW Meter Readings'!K13 -> 0 | K11: ='FSRW Meter Readings'!C13 -> 0 | L11: ='FSRW Meter Readings'!C13 -> 0
A12: Whistler | B12: =B11+1 -> 11 | C12: 2 | D12: 2021 | E12: ='FSRW Meter Readings'!I14 -> 14400 | F12: 0.06 | G12: ='FSRW Meter Readings'!F14 -> 4695.25 | H12: 0.4 | I12: ='FSRW Meter Readings'!K14 -> 0 | K12: ='FSRW Meter Readings'!C14 -> 0 | L12: ='FSRW Meter Readings'!C14 -> 0
A13: Whistler | B13: =B12+1 -> 12 | C13: 2 | D13: 2021 | E13: ='FSRW Meter Readings'!I15 -> 15600 | F13: 0.06 | G13: ='FSRW Meter Readings'!F15 -> 4480.61 | H13: 0.4 | I13: ='FSRW Meter Readings'!K15 -> 0 | K13: ='FSRW Meter Readings'!C15 -> 0 | L13: ='FSRW Meter Readings'!C15 -> 0
A14: Whistler | B14: =B13+1 -> 13 | C14: 2 | D14: 2021 | E14: ='FSRW Meter Readings'!I16 -> 19200 | F14: 0.06 | G14: ='FSRW Meter Readings'!F16 -> 4453.78 | H14: 0.4 | I14: ='FSRW Meter Readings'!K16 -> 0 | K14: ='FSRW Meter Readings'!C16 -> 0 | L14: ='FSRW Meter Readings'!C16 -> 0
... A32: Whistler | B32: =B31+1 -> 31 | C32: 2 | D32: 2021 | E32: ='FSRW Meter Readings'!I34 -> 0 | F32: 0.06 | G32: ='FSRW Meter Readings'!F34 -> 0 | H32: 0.4 | I32: ='FSRW Meter Readings'!K34 -> 0 | K32: ='FSRW Meter Readings'!C34 -> 0 | L32: ='FSRW Meter Readings'!C34 -> 0

Sheet FSRW Meter Readings
A1: Date | B1: Room Night | C1: Food Covers | D1: Natural Gas | G1: Electricity (Hydro) | J1: Water
D2: Gas (GJ) | E2: Daily consumption GJ | F2: Daily consumption m3 | G2: Reading KWh | H2: Hydro (Kw/h) | I2: Kw/h with multiplier | J2: Reading M³ | K2: Daily consumption M³
A3: 44227 | D3: 147473 | G3: 44819
A4: 44228 | B4: 0 | C4: 0 | D4: 147554 | E4: =IF(D4-D3<0,"0",D4-D3) -> 81 | F4: =E4*26.83 -> 2173.23 | G4: 44829 | H4: =IF(G4-G3<0,"0",G4-G3) -> 10 | I4: =H4*1200 -> 12000 | K4: =IF(J4-J3<0,"0",J4-J3) -> 0
A5: 44229 | B5: 0 | C5: 0 | D5: 147664 | E5: =IF(D5-D4<0,"0",D5-D4) -> 110 | F5: =E5*26.83 -> 2951.3 | G5: 44843 | H5: =IF(G5-G4<0,"0",G5-G4) -> 14 | I5: =H5*1200 -> 16800 | K5: =IF(J5-J4<0,"0",J5-J4) -> 0
A6: 44230 | B6: 0 | C6: 0 | D6: 147754 | E6: =IF(D6-D5<0,"0",D6-D5) -> 90 | F6: =E6*26.83 -> 2414.7 | G6: 44854 | H6: =IF(G6-G5<0,"0",G6-G5) -> 11 | I6: =H6*1200 -> 13200 | K6: =IF(J6-J5<0,"0",J6-J5) -> 0
A7: 44231 | B7: 0 | C7: 0 | D7: 147846 | E7: =IF(D7-D6<0,"0",D7-D6) -> 92 | F7: =E7*26.83 -> 2468.36 | G7: 44867 | H7: =IF(G7-G6<0,"0",G7-G6) -> 13 | I7: =H7*1200 -> 15600 | K7: =IF(J7-J6<0,"0",J7-J6) -> 0
A8: 44232 | B8: 0 | C8: 0 | D8: 147957 | E8: =IF(D8-D7<0,"0",D8-D7) -> 111 | F8: =E8*26.83 -> 2978.13 | G8: 44881 | H8: =IF(G8-G7<0,"0",G8-G7) -> 14 | I8: =H8*1200 -> 16800 | K8: =IF(J8-J7<0,"0",J8-J7) -> 0
A9: 44233 | B9: 0 | C9: 0 | D9: 148056 | E9: =IF(D9-D8<0,"0",D9-D8) -> 99 | F9: =E9*26.83 -> 2656.17 | G9: 44894 | H9: =IF(G9-G8<0,"0",G9-G8) -> 13 | I9: =H9*1200 -> 15600 | K9: =IF(J9-J8<0,"0",J9-J8) -> 0
A10: 44234 | B10: 0 | C10: 0 | D10: 148177 | E10: =IF(D10-D9<0,"0",D10-D9) -> 121 | F10: =E10*26.83 -> 3246.43 | G10: 44910 | H10: =IF(G10-G9<0,"0",G10-G9) -> 16 | I10: =H10*1200 -> 19200 | K10: =IF(J10-J9<0,"0",J10-J9) -> 0
A11: 44235 | B11: 0 | C11: 0 | D11: 148243 | E11: =IF(D11-D10<0,"0",D11-D10) -> 66 | F11: =E11*26.83 -> 1770.78 | G11: 44921 | H11: =IF(G11-G10<0,"0",G11-G10) -> 11 | I11: =H11*1200 -> 13200 | K11: =IF(J11-J10<0,"0",J11-J10) -> 0
A12: 44236 | B12: 0 | C12: 0 | D12: 148364 | E12: =IF(D12-D11<0,"0",D12-D11) -> 121 | F12: =E12*26.83 -> 3246.43 | G12: 44932 | H12: =IF(G12-G11<0,"0",G12-G11) -> 11 | I12: =H12*1200 -> 13200 | K12: =IF(J12-J11<0,"0",J12-J11) -> 0
A13: 44237 | B13: 0 | C13: 0 | D13: 148493 | E13: =IF(D13-D12<0,"0",D13-D12) -> 129 | F13: =E13*26.83 -> 3461.07 | G13: 44942 | H13: =IF(G13-G12<0,"0",G13-G12) -> 10 | I13: =H13*1200 -> 12000 | K13: =IF(J13-J12<0,"0",J13-J12) -> 0
A14: 44238 | B14: 0 | C14: 0 | D14: 148668 | E14: =IF(D14-D13<0,"0",D14-D13) -> 175 | F14: =E14*26.83 -> 4695.25 | G14: 44954 | H14: =IF(G14-G13<0,"0",G14-G13) -> 12 | I14: =H14*1200 -> 14400 | K14: =IF(J14-J13<0,"0",J14-J13) -> 0
A15: 44239 | B15: 0 | C15: 0 | D15: 148835 | E15: =IF(D15-D14<0,"0",D15-D14) -> 167 | F15: =E15*26.83 -> 4480.61 | G15: 44967 | H15: =IF(G15-G14<0,"0",G15-G14) -> 13 | I15: =H15*1200 -> 15600 | K15: =IF(J15-J14<0,"0",J15-J14) -> 0
... A31: 44255 | B31: 0 | C31: 0 | D31: 150678 | E31: =IF(D31-D30<0,"0",D31-D30) -> 110 | F31: =E31*26.83 -> 2951.3 | G31: 45176 | H31: =IF(G31-G30<0,"0",G31-G30) -> 14 | I31: =H31*1200 -> 16800 | K31: =IF(J31-J30<0,"0",J31-J30) -> 0
B32: 0 | C32: 0 | D32: 0 | E32: =IF(D32-D31<0,"0",D32-D31) -> 0 | F32: =E32*26.83 -> 0 | G32: 0 | H32: =IF(G32-G31<0,"0",G32-G31) -> 0 | I32: =H32*1200 -> 0 | K32: =IF(J32-J31<0,"0",J32-J31) -> 0
B33: 0 | C33: 0 | D33: 0 | E33: =IF(D33-D32<0,"0",D33-D32) -> 0 | F33: =E33*26.83 -> 0 | G33: 0 | H33: =IF(G33-G32<0,"0",G33-G32) -> 0 | I33: =H33*1200 -> 0 | K33: =IF(J33-J32<0,"0",J33-J32) -> 0
B34: 0 | C34: 0 | D34: 0 | E34: =IF(D34-D33<0,"0",D34-D33) -> 0 | F34: =E34*26.83 -> 0 | G34: 0 | H34: =IF(G34-G33<0,"0",G34-G33) -> 0 | I34: =H34*1200 -> 0 | K34: =IF(J34-J33<0,"0",J34-J33) -> 0
