Workbook

Sheet TOTAL
A1: Site Name | B1: Day | C1: Month | D1: Year | E1: Total Electricity Kwh | F1: Electricity Tariff ($/Kwh) | G1: Natual Gas (m3) | H1: Natural Gas $/m3 | I1: Water Utility Supply (m3) m3 | J1: Water Utility Supply (m3) $/m3 | K1: Room Nights | L1: Total Guests | M1: Utilities day cost dh
A2: Mumbai | B2: 1 | C2: 3 | D2: 2021 | E2: ='Daily HLP'!I4 -> 22397 | F2: =9.17*0.014 -> 0.12838 | G2: ='Daily HLP'!M4 -> 880.632 | H2: =48.88*0.014 -> 0.68432 | I2: ='Daily HLP'!P4 -> 228 | J2: =100*0.014 -> 1.4 | K2: =Occupancy!G2 -> 1 | L2: =Occupancy!F2 -> 0 | M2: =E2*F2+G2*H2+#REF!*#REF!+I2*J2 -> #REF!
A3: Mumbai | B3: =B2+1 -> 2 | C3: 3 | D3: 2021 | E3: ='Daily HLP'!I5 -> 22379 | F3: =9.17*0.014 -> 0.12838 | G3: ='Daily HLP'!M5 -> 993.178 | H3: =48.88*0.014 -> 0.68432 | I3: ='Daily HLP'!P5 -> 192 | J3: =100*0.014 -> 1.4 | K3: =Occupancy!G3 -> 121 | L3: =Occupancy!F3 -> 349 | M3: =E3*F3+G3*H3+#REF!*#REF!+I3*J3 -> #REF!
A4: Mumbai | B4: =B3+1 -> 3 | C4: 3 | D4: 2021 | E4: ='Daily HLP'!I6 -> 21109 | F4: =9.17*0.014 -> 0.12838 | G4: ='Daily HLP'!M6 -> 830.41 | H4: =48.88*0.014 -> 0.68432 | I4: ='Daily HLP'!P6 -> 192 | J4: =100*0.014 -> 1.4 | K4: =Occupancy!G4 -> 84 | L4: =Occupancy!F4 -> 399 | M4: =E4*F4+G4*H4+#REF!*#REF!+I4*J4 -> #REF!
A5: Mumbai | B5: =B4+1 -> 4 | C5: 3 | D5: 2021 | E5: ='Daily HLP'!I7 -> 19792 | F5: =9.17*0.014 -> 0.12838 | G5: ='Daily HLP'!M7 -> 884.17 | H5: =48.88*0.014 -> 0.68432 | I5: ='Daily HLP'!P7 -> 192 | J5: =100*0.014 -> 1.4 | K5: =Occupancy!G5 -> 86 | L5: =Occupancy!F5 -> 369 | M5: =E5*F5+G5*H5+#REF!*#REF!+I5*J5 -> #REF!
A6: Mumbai | B6: =B5+1 -> 5 | C6: 3 | D6: 2021 | E6: ='Daily HLP'!I8 -> 20391 | F6: =9.17*0.014 -> 0.12838 | G6: ='Daily HLP'!M8 -> 893.64 | H6: =48.88*0.014 -> 0.68432 | I6: ='Daily HLP'!P8 -> 191 | J6: =100*0.014 -> 1.4 | K6: =Occupancy!G6 -> 97 | L6: =Occupancy!F6 -> 328 | M6: =E6*F6+G6*H6+#REF!*#REF!+I6*J6 -> #REF!
A7: Mumbai | B7: =B6+1 -> 6 | C7: 3 | D7: 2021 | E7: ='Daily HLP'!I9 -> 21871 | F7: =9.17*0.014 -> 0.12838 | G7: ='Daily HLP'!M9 -> 944.36 | H7: =48.88*0.014 -> 0.68432 | I7: ='Daily HLP'!P9 -> 191 | J7: =100*0.014 -> 1.4 | K7: =Occupancy!G7 -> 162 | L7: =Occupancy!F7 -> 506 | M7: =E7*F7+G7*H7+#REF!*#REF!+I7*J7 -> #REF!
A8: Mumbai | B8: =B7+1 -> 7 | C8: 3 | D8: 2021 | E8: ='Daily HLP'!I10 -> 21611 | F8: =9.17*0.014 -> 0.12838 | G8: ='Daily HLP'!M10 -> 931 | H8: =48.88*0.014 -> 0.68432 | I8: ='Daily HLP'!P10 -> 251 | J8: =100*0.014 -> 1.4 | K8: =Occupancy!G8 -> 99 | L8: =Occupancy!F8 -> 607 | M8: =E8*F8+G8*H8+#REF!*#REF!+I8*J8 -> #REF!
A9: Mumbai | B9: =B8+1 -> 8 | C9: 3 | D9: 2021 | E9: ='Daily HLP'!I11 -> 22521 | F9: =9.17*0.014 -> 0.12838 | G9: ='Daily HLP'!M11 -> 859.85 | H9: =48.88*0.014 -> 0.68432 | I9: ='Daily HLP'!P11 -> 193 | J9: =100*0.014 -> 1.4 | K9: =Occupancy!G9 -> 82 | L9: =Occupancy!F9 -> 406 | M9: =E9*F9+G9*H9+#REF!*#REF!+I9*J9 -> #REF!
A10: Mumbai | B10: =B9+1 -> 9 | C10: 3 | D10: 2021 | E10: ='Daily HLP'!I12 -> 20912 | F10: =9.17*0.014 -> 0.12838 | G10: ='Daily HLP'!M12 -> 779.02 | H10: =48.88*0.014 -> 0.68432 | I10: ='Daily HLP'!P12 -> 172 | J10: =100*0.014 -> 1.4 | K10: =Occupancy!G10 -> 84 | L10: =Occupancy!F10 -> 328 | M10: =E10*F10+G10*H10+#REF!*#REF!+I10*J10 -> #REF!
A11: Mumbai | B11: =B10+1 -> 10 | C11: 3 | D11: 2021 | E11: ='Daily HLP'!I13 -> 21790 | F11: =9.17*0.014 -> 0.12838 | G11: ='Daily HLP'!M13 -> 847.13 | H11: =48.88*0.014 -> 0.68432 | I11: ='Daily HLP'!P13 -> 152 | J11: =100*0.014 -> 1.4 | K11: =Occupancy!G11 -> 81 | L11: =Occupancy!F11 -> 362 | M11: =E11*F11+G11*H11+#REF!*#REF!+I11*J11 -> #REF!
A12: Mumbai | B12: =B11+1 -> 11 | C12: 3 | D12: 2021 | E12: ='Daily HLP'!I14 -> 21316 | F12: =9.17*0.014 -> 0.12838 | G12: ='Daily HLP'!M14 -> 852 | H12: =48.88*0.014 -> 0.68432 | I12: ='Daily HLP'!P14 -> 171 | J12: =100*0.014 -> 1.4 | K12: =Occupancy!G12 -> 69 | L12: =Occupancy!F12 -> 305 | M12: =E12*F12+G12*H12+#REF!*#REF!+I12*J12 -> #REF!
A13: Mumbai | B13: =B12+1 -> 12 | C13: 3 | D13: 2021 | E13: ='Daily HLP'!I15 -> 21182 | F13: =9.17*0.014 -> 0.12838 | G13: ='Daily HLP'!M15 -> 804.77 | H13: =48.88*0.014 -> 0.68432 | I13: ='Daily HLP'!P15 -> 154 | J13: =100*0.014 -> 1.4 | K13: =Occupancy!G13 -> 78 | L13: =Occupancy!F13 -> 455 | M13: =E13*F13+G13*H13+#REF!*#REF!+I13*J13 -> #REF!
A14: Mumbai | B14: =B13+1 -> 13 | C14: 3 | D14: 2021 | E14: ='Daily HLP'!I16 -> 21531 | F14: =9.17*0.014 -> 0.12838 | G14: ='Daily HLP'!M16 -> 836.23 | H14: =48.88*0.014 -> 0.68432 | I14: ='Daily HLP'!P16 -> 213 | J14: =100*0.014 -> 1.4 | K14: =Occupancy!G14 -> 140 | L14: =Occupancy!F14 -> 415 | M14: =E14*F14+G14*H14+#REF!*#REF!+I14*J14 -> #REF!
... A31: Mumbai | B31: =B30+1 -> 30 | C31: 3 | D31: 2021 | E31: ='Daily HLP'!I33 -> 0 | F31: =9.17*0.014 -> 0.12838 | G31: ='Daily HLP'!M33 -> 0 | H31: =48.88*0.014 -> 0.68432 | I31: ='Daily HLP'!P33 -> 0 | J31: =100*0.014 -> 1.4 | K31: =Occupancy!G31 -> 0 | L31: =Occupancy!F31 -> 0 | M31: =E31*F31+G31*H31+#REF!*#REF!+I31*J31 -> #REF!

Sheet Submetering
A1: Site Name | B1: Day | C1: Month | D1: Year | E1: ='Section Load'!B4 -> HVAC | F1: ='Section Load'!C4 -> Fire & Emergency PP | G1: ='Section Load'!D4 -> Main PP | H1: ='Section Load'!E4 -> Lighting PP | I1: ='Section Load'!F4 -> CH-1+ CH2+CH3+CH4 | J1: ='Section Load'!G4 -> Chilled water Pump | K1: ='Section Load'!H4 -> Ball Room-1 | L1: ='Section Load'!I4 -> Ball Room-2 | ... AL1: ='Section Load'!AI4 -> Cooling Tower | AM1: R.o.plant | AN1: STP Water Prod | AO1: Domestic Zone-1 | AP1: Domestic Zone-2 | AQ1: Domestic Zone-3 | AR1: Flush Zone -1 | AS1: Flush Zone -2 | AT1: Flush Zone -3 | AU1: Swimming pool | AV1: B2 Laundry | AW1: Boiler Feed Water | AX1: cooling tower filling water | AY1: STP flush(new water meter) | AZ1: Garden Water Pump | BA1: Flush Zone 2 pump meter | BB1: Flush Zone 3 Pump Meter (wtp transfer ) | BC1: Flush Tanker | BD1: Total Domestic Water (R.O +BMC) | BE1: Total Domestic Consumption | BF1: Total STP Consumption | BG1: ='Section Load'!AJ4 -> MGL | BH1: ='Section Load'!AK4 -> HWG | BI1: ='Section Load'!AL4 -> Prato | BJ1: ='Section Load'!AM4 -> BR-1 | BK1: ='Section Load'!AN4 -> SanQi IND | BL1: ='Section Load'!AO4 -> SanQi JPN | BM1: ='Section Load'!AP4 -> Boiler
A2: Mumbai | B2: 1 | C2: 3 | D2: 2021 | E2: ='Section Load'!B5 -> 3193.12 | F2: ='Section Load'!C5 -> 1450.45 | G2: ='Section Load'!D5 -> 2140.42 | H2: ='Section Load'!E5 -> 4328.8 | I2: ='Section Load'!F5 -> 5749.65 | J2: ='Section Load'!G5 -> 2455.36 | K2: ='Section Load'!H5 -> 1635.92 | L2: ='Section Load'!I5 -> 759.24 | ... AL2: ='Section Load'!AI5 -> 690 | AM2: ='[1]1'!$G$92 -> 87 | AN2: ='[1]1'!$G$93 -> 200 | AO2: ='[1]1'!$G$95 -> 72 | AP2: ='[1]1'!$G$96 -> 23 | AQ2: ='[1]1'!$G$97 -> 18 | AR2: ='[1]1'!$G$98 -> 83 | AS2: ='[1]1'!$G$99 -> 13 | AT2: ='[1]1'!$G$100 -> 6 | AU2: ='[1]1'!$G$104 -> 0 | AV2: ='[1]1'!$G$105 -> 8 | AW2: ='[1]1'!$G$106 -> 7 | AX2: ='[1]1'!$G$109 -> 41 | AY2: ='[1]1'!$G$110 -> 79 | AZ2: ='[1]1'!$G$111 -> 0 | BA2: ='[1]1'!$G$114 -> 16 | BB2: ='[1]1'!$G$115 -> 5 | BC2: ='[1]1'!$G$116 -> 0 | BD2: ='[1]1'!$G$118 -> 138 | BE2: ='[1]1'!$G$119 -> 132 | BF2: ='[1]1'!$G$120 -> 120 | BG2: ='Section Load'!AJ5 -> 880.632 | BH2: ='Section Load'!AK5 -> 266.26 | BI2: ='Section Load'!AL5 -> 0 | BJ2: ='Section Load'!AM5 -> 63.95 | BK2: ='Section Load'!AN5 -> 25.1 | BL2: ='Section Load'!AO5 -> 2.1 | BM2: ='Section Load'!AP5 -> 523.222
A3: Mumbai | B3: =B2+1 -> 2 | C3: 3 | D3: 2021 | E3: ='Section Load'!B6 -> 3503.76 | F3: ='Section Load'!C6 -> 1456.84 | G3: ='Section Load'!D6 -> 2089.51 | H3: ='Section Load'!E6 -> 4368.93 | I3: ='Section Load'!F6 -> 5632.661 | J3: ='Section Load'!G6 -> 2485.52 | K3: ='Section Load'!H6 -> 1600.36 | L3: ='Section Load'!I6 -> 669.28 | ... AL3: ='Section Load'!AI6 -> 727 | AM3: ='[1]2'!$G$92 -> 75 | AN3: ='[1]2'!$G$93 -> 151 | AO3: ='[1]2'!$G$95 -> 70 | AP3: ='[1]2'!$G$96 -> 30 | AQ3: ='[1]2'!$G$97 -> 16 | AR3: ='[1]2'!$G$98 -> 67 | AS3: ='[1]2'!$G$99 -> 8 | AT3: ='[1]2'!$G$100 -> 5 | AU3: ='[1]2'!$G$104 -> 0 | AV3: ='[1]2'!$G$105 -> 8 | AW3: ='[1]2'!$G$106 -> 5 | AX3: ='[1]2'!$G$109 -> 61 | AY3: ='[1]2'!$G$110 -> 39 | AZ3: ='[1]2'!$G$111 -> 16 | BA3: ='[1]2'!$G$114 -> 11 | BB3: ='[1]2'!$G$115 -> 3 | BC3: ='[1]2'!$G$116 -> 0 | BD3: ='[1]2'!$G$118 -> 126 | BE3: ='[1]2'!$G$119 -> 129 | BF3: ='[1]2'!$G$120 -> 116 | BG3: ='Section Load'!AJ6 -> 993.178 | BH3: ='Section Load'!AK6 -> 278.29 | BI3: ='Section Load'!AL6 -> 0 | BJ3: ='Section Load'!AM6 -> 81.7 | BK3: ='Section Load'!AN6 -> 26.9 | BL3: ='Section Load'!AO6 -> 0.5 | BM3: ='Section Load'!AP6 -> 605.788
A4: Mumbai | B4: =B3+1 -> 3 | C4: 3 | D4: 2021 | E4: ='Section Load'!B7 -> 3426.88 | F4: ='Section Load'!C7 -> 1469.49 | G4: ='Section Load'!D7 -> 2172.05 | H4: ='Section Load'!E7 -> 4356.42 | I4: ='Section Load'!F7 -> 4924.529 | J4: ='Section Load'!G7 -> 2463.82 | K4: ='Section Load'!H7 -> 1065.36 | L4: ='Section Load'!I7 -> 626.42 | ... AL4: ='Section Load'!AI7 -> 553 | AM4: ='[1]3'!$G$92 -> 88 | AN4: ='[1]3'!$G$93 -> 150 | AO4: ='[1]3'!$G$95 -> 64 | AP4: ='[1]3'!$G$96 -> 36 | AQ4: ='[1]3'!$G$97 -> 31 | AR4: ='[1]3'!$G$98 -> 72 | AS4: ='[1]3'!$G$99 -> 10 | AT4: ='[1]3'!$G$100 -> 5 | AU4: ='[1]3'!$G$104 -> 0 | AV4: ='[1]3'!$G$105 -> 6 | AW4: ='[1]3'!$G$106 -> 5 | AX4: ='[1]3'!$G$109 -> 58 | AY4: ='[1]3'!$G$110 -> 93 | AZ4: ='[1]3'!$G$111 -> 0 | BA4: ='[1]3'!$G$114 -> 12 | BB4: ='[1]3'!$G$115 -> 6 | BC4: ='[1]3'!$G$116 -> 0 | BD4: ='[1]3'!$G$118 -> 139 | BE4: ='[1]3'!$G$119 -> 146 | BF4: ='[1]3'!$G$120 -> 151 | BG4: ='Section Load'!AJ7 -> 830.41 | BH4: ='Section Load'!AK7 -> 245.65 | BI4: ='Section Load'!AL7 -> 0 | BJ4: ='Section Load'!AM7 -> 63.66 | BK4: ='Section Load'!AN7 -> 18.7 | BL4: ='Section Load'!AO7 -> 3.7 | BM4: ='Section Load'!AP7 -> 498.7
A5: Mumbai | B5: =B4+1 -> 4 | C5: 3 | D5: 2021 | E5: ='Section Load'!B8 -> 3260.52 | F5: ='Section Load'!C8 -> 1488.38 | G5: ='Section Load'!D8 -> 2010.82 | H5: ='Section Load'!E8 -> 4163.23 | I5: ='Section Load'!F8 -> 4227.22 | J5: ='Section Load'!G8 -> 2461.14 | K5: ='Section Load'!H8 -> 1029.33 | L5: ='Section Load'!I8 -> 622.49 | ... AL5: ='Section Load'!AI8 -> 700 | AM5: ='[1]4'!$G$92 -> 102 | AN5: ='[1]4'!$G$93 -> 140 | AO5: ='[1]4'!$G$95 -> 78 | AP5: ='[1]4'!$G$96 -> 35 | AQ5: ='[1]4'!$G$97 -> 45 | AR5: ='[1]4'!$G$98 -> 67 | AS5: ='[1]4'!$G$99 -> 10 | AT5: ='[1]4'!$G$100 -> 7 | AU5: ='[1]4'!$G$104 -> 0 | AV5: ='[1]4'!$G$105 -> 6 | AW5: ='[1]4'!$G$106 -> 6 | AX5: ='[1]4'!$G$109 -> 55 | AY5: ='[1]4'!$G$110 -> 47 | AZ5: ='[1]4'!$G$111 -> 14 | BA5: ='[1]4'!$G$114 -> 14 | BB5: ='[1]4'!$G$115 -> 7 | BC5: ='[1]4'!$G$116 -> 0 | BD5: ='[1]4'!$G$118 -> 152 | BE5: ='[1]4'!$G$119 -> 175 | BF5: ='[1]4'!$G$120 -> 116 | BG5: ='Section Load'!AJ8 -> 884.17 | BH5: ='Section Load'!AK8 -> 244.96 | BI5: ='Section Load'!AL8 -> -0.4 | BJ5: ='Section Load'!AM8 -> 71.35 | BK5: ='Section Load'!AN8 -> 29.4 | BL5: ='Section Load'!AO8 -> 1.9 | BM5: ='Section Load'!AP8 -> 536.96
A6: Mumbai | B6: =B5+1 -> 5 | C6: 3 | D6: 2021 | E6: ='Section Load'!B9 -> 3368 | F6: ='Section Load'!C9 -> 36659 | G6: ='Section Load'!D9 -> 1822 | H6: ='Section Load'!E9 -> 104331 | I6: ='Section Load'!F9 -> 4900.74 | J6: ='Section Load'!G9 -> 2387 | K6: ='Section Load'!H9 -> 1011 | L6: ='Section Load'!I9 -> 577 | ... AL6: ='Section Load'!AI9 -> 954 | AM6: ='[1]5'!$G$92 -> 110 | AN6: ='[1]5'!$G$93 -> 182 | AO6: ='[1]5'!$G$95 -> 55 | AP6: ='[1]5'!$G$96 -> 23 | AQ6: ='[1]5'!$G$97 -> 40 | AR6: ='[1]5'!$G$98 -> 40 | AS6: ='[1]5'!$G$99 -> 7 | AT6: ='[1]5'!$G$100 -> 6 | AU6: ='[1]5'!$G$104 -> 0 | AV6: ='[1]5'!$G$105 -> 14 | AW6: ='[1]5'!$G$106 -> 9 | AX6: ='[1]5'!$G$109 -> 115 | AY6: ='[1]5'!$G$110 -> 79 | AZ6: ='[1]5'!$G$111 -> 0 | BA6: ='[1]5'!$G$114 -> 21 | BB6: ='[1]5'!$G$115 -> 11 | BC6: ='[1]5'!$G$116 -> 0 | BD6: ='[1]5'!$G$118 -> 151 | BE6: ='[1]5'!$G$119 -> 131 | BF6: ='[1]5'!$G$120 -> 194 | BG6: ='Section Load'!AJ9 -> 893.64 | BH6: ='Section Load'!AK9 -> 245 | BI6: ='Section Load'!AL9 -> 0 | BJ6: ='Section Load'!AM9 -> 61 | BK6: ='Section Load'!AN9 -> 21 | BL6: ='Section Load'!AO9 -> 2 | BM6: ='Section Load'!AP9 -> 564.64
A7: Mumbai | B7: =B6+1 -> 6 | C7: 3 | D7: 2021 | E7: ='Section Load'!B10 -> 3484 | F7: ='Section Load'!C10 -> 1518 | G7: ='Section Load'!D10 -> 2123 | H7: ='Section Load'!E10 -> 4237 | I7: ='Section Load'!F10 -> 5904 | J7: ='Section Load'!G10 -> 2437 | K7: ='Section Load'!H10 -> 1043 | L7: ='Section Load'!I10 -> 624 | ... AL7: ='Section Load'!AI10 -> 644 | AM7: ='[1]6'!$G$92 -> 89 | AN7: ='[1]6'!$G$93 -> 101 | AO7: ='[1]6'!$G$95 -> 61 | AP7: ='[1]6'!$G$96 -> 34 | AQ7: ='[1]6'!$G$97 -> 31 | AR7: ='[1]6'!$G$98 -> 72 | AS7: ='[1]6'!$G$99 -> 9 | AT7: ='[1]6'!$G$100 -> 9 | AU7: ='[1]6'!$G$104 -> 0 | AV7: ='[1]6'!$G$105 -> 6 | AW7: ='[1]6'!$G$106 -> 6 | AX7: ='[1]6'!$G$109 -> 40 | AY7: ='[1]6'!$G$110 -> 45 | AZ7: ='[1]6'!$G$111 -> 32 | BA7: ='[1]6'!$G$114 -> 11 | BB7: ='[1]6'!$G$115 -> 6 | BC7: ='[1]6'!$G$116 -> 0 | BD7: ='[1]6'!$G$118 -> 140 | BE7: ='[1]6'!$G$119 -> 144 | BF7: ='[1]6'!$G$120 -> 117 | BG7: ='Section Load'!AJ10 -> 944.36 | BH7: ='Section Load'!AK10 -> 264 | BI7: ='Section Load'!AL10 -> 0 | BJ7: ='Section Load'!AM10 -> 71 | BK7: ='Section Load'!AN10 -> 32 | BL7: ='Section Load'!AO10 -> 3 | BM7: ='Section Load'!AP10 -> 574.36
A8: Mumbai | B8: =B7+1 -> 7 | C8: 3 | D8: 2021 | E8: ='Section Load'!B11 -> 3319 | F8: ='Section Load'!C11 -> 1500 | G8: ='Section Load'!D11 -> 2331 | H8: ='Section Load'!E11 -> 4230 | I8: ='Section Load'!F11 -> 5494 | J8: ='Section Load'!G11 -> 2417 | K8: ='Section Load'!H11 -> 1230 | L8: ='Section Load'!I11 -> 611 | ... AL8: ='Section Load'!AI11 -> 834 | AM8: ='[1]7'!$G$92 -> 104 | AN8: ='[1]7'!$G$93 -> 207 | AO8: ='[1]7'!$G$95 -> 57 | AP8: ='[1]7'!$G$96 -> 43 | AQ8: ='[1]7'!$G$97 -> 23 | AR8: ='[1]7'!$G$98 -> 58 | AS8: ='[1]7'!$G$99 -> 14 | AT8: ='[1]7'!$G$100 -> 8 | AU8: ='[1]7'!$G$104 -> 0 | AV8: ='[1]7'!$G$105 -> 6 | AW8: ='[1]7'!$G$106 -> 4 | AX8: ='[1]7'!$G$109 -> 39 | AY8: ='[1]7'!$G$110 -> 101 | AZ8: ='[1]7'!$G$111 -> 0 | BA8: ='[1]7'!$G$114 -> 16 | BB8: ='[1]7'!$G$115 -> 7 | BC8: ='[1]7'!$G$116 -> 0 | BD8: ='[1]7'!$G$118 -> 156 | BE8: ='[1]7'!$G$119 -> 145 | BF8: ='[1]7'!$G$120 -> 140 | BG8: ='Section Load'!AJ11 -> 931 | BH8: ='Section Load'!AK11 -> 275 | BI8: ='Section Load'!AL11 -> 0 | BJ8: ='Section Load'!AM11 -> 72 | BK8: ='Section Load'!AN11 -> 38 | BL8: ='Section Load'!AO11 -> 4 | BM8: ='Section Load'!AP11 -> 542
A9: Mumbai | B9: =B8+1 -> 8 | C9: 3 | D9: 2021 | E9: ='Section Load'!B12 -> 3394 | F9: ='Section Load'!C12 -> 1483 | G9: ='Section Load'!D12 -> 2160 | H9: ='Section Load'!E12 -> 4272 | I9: ='Section Load'!F12 -> 5838.26 | J9: ='Section Load'!G12 -> 2516 | K9: ='Section Load'!H12 -> 1538 | L9: ='Section Load'!I12 -> 676 | ... AL9: ='Section Load'!AI12 -> 793 | AM9: ='[1]8'!$G$92 -> 95 | AN9: ='[1]8'!$G$93 -> 207 | AO9: ='[1]8'!$G$95 -> 71 | AP9: ='[1]8'!$G$96 -> 51 | AQ9: ='[1]8'!$G$97 -> 20 | AR9: ='[1]8'!$G$98 -> 78 | AS9: ='[1]8'!$G$99 -> 12 | AT9: ='[1]8'!$G$100 -> 8 | AU9: ='[1]8'!$G$104 -> 0 | AV9: ='[1]8'!$G$105 -> 9 | AW9: ='[1]8'!$G$106 -> 5 | AX9: ='[1]8'!$G$109 -> 74 | AY9: ='[1]8'!$G$110 -> 43 | AZ9: ='[1]8'!$G$111 -> 0 | BA9: ='[1]8'!$G$114 -> 16 | BB9: ='[1]8'!$G$115 -> 7 | BC9: ='[1]8'!$G$116 -> 0 | BD9: ='[1]8'!$G$118 -> 146 | BE9: ='[1]8'!$G$119 -> 162 | BF9: ='[1]8'!$G$120 -> 117 | BG9: ='Section Load'!AJ12 -> 859.85 | BH9: ='Section Load'!AK12 -> 241 | BI9: ='Section Load'!AL12 -> 0.4 | BJ9: ='Section Load'!AM12 -> 63 | BK9: ='Section Load'!AN12 -> 16 | BL9: ='Section Load'!AO12 -> 1 | BM9: ='Section Load'!AP12 -> 538.45
A10: Mumbai | B10: =B9+1 -> 9 | C10: 3 | D10: 2021 | E10: ='Section Load'!B13 -> 3381 | F10: ='Section Load'!C13 -> 1491 | G10: ='Section Load'!D13 -> 2121 | H10: ='Section Load'!E13 -> 4195 | I10: ='Section Load'!F13 -> 5115 | J10: ='Section Load'!G13 -> 2377 | K10: ='Section Load'!H13 -> 1028 | L10: ='Section Load'!I13 -> 667 | ... AL10: ='Section Load'!AI13 -> 882 | AM10: ='[1]9'!$G$92 -> 104 | AN10: ='[1]9'!$G$93 -> 106 | AO10: ='[1]9'!$G$95 -> 62 | AP10: ='[1]9'!$G$96 -> 40 | AQ10: ='[1]9'!$G$97 -> 29 | AR10: ='[1]9'!$G$98 -> 67 | AS10: ='[1]9'!$G$99 -> 13 | AT10: ='[1]9'!$G$100 -> 9 | AU10: ='[1]9'!$G$104 -> 0 | AV10: ='[1]9'!$G$105 -> 0 | AW10: ='[1]9'!$G$106 -> 4 | AX10: ='[1]9'!$G$109 -> 53 | AY10: ='[1]9'!$G$110 -> 63 | AZ10: ='[1]9'!$G$111 -> 37 | BA10: ='[1]9'!$G$114 -> 15 | BB10: ='[1]9'!$G$115 -> 7 | BC10: ='[1]9'!$G$116 -> 0 | BD10: ='[1]9'!$G$118 -> 156 | BE10: ='[1]9'!$G$119 -> 153 | BF10: ='[1]9'!$G$120 -> 153 | BG10: ='Section Load'!AJ13 -> 779.02 | BH10: ='Section Load'!AK13 -> 253 | BI10: ='Section Load'!AL13 -> 0 | BJ10: ='Section Load'!AM13 -> 43 | BK10: ='Section Load'!AN13 -> 85 | BL10: ='Section Load'!AO13 -> 2 | BM10: ='Section Load'!AP13 -> 396.02
A11: Mumbai | B11: =B10+1 -> 10 | C11: 3 | D11: 2021 | E11: ='Section Load'!B14 -> 3447 | F11: ='Section Load'!C14 -> 1549 | G11: ='Section Load'!D14 -> 2046 | H11: ='Section Load'!E14 -> 4185 | I11: ='Section Load'!F14 -> 4999 | J11: ='Section Load'!G14 -> 2507 | K11: ='Section Load'!H14 -> 1194 | L11: ='Section Load'!I14 -> 702 | ... AL11: ='Section Load'!AI14 -> 885 | AM11: ='[1]10'!$G$92 -> 137 | AN11: ='[1]10'!$G$93 -> 155 | AO11: ='[1]10'!$G$95 -> 77 | AP11: ='[1]10'!$G$96 -> 40 | AQ11: ='[1]10'!$G$97 -> 46 | AR11: ='[1]10'!$G$98 -> 80 | AS11: ='[1]10'!$G$99 -> 12 | AT11: ='[1]10'!$G$100 -> 12 | AU11: ='[1]10'!$G$104 -> 0 | AV11: ='[1]10'!$G$105 -> 12 | AW11: ='[1]10'!$G$106 -> 3 | AX11: ='[1]10'!$G$109 -> 61 | AY11: ='[1]10'!$G$110 -> 64 | AZ11: ='[1]10'!$G$111 -> 6 | BA11: ='[1]10'!$G$114 -> 14 | BB11: ='[1]10'!$G$115 -> 13 | BC11: ='[1]10'!$G$116 -> 0 | BD11: ='[1]10'!$G$118 -> 187 | BE11: ='[1]10'!$G$119 -> 187 | BF11: ='[1]10'!$G$120 -> 131 | BG11: ='Section Load'!AJ14 -> 847.13 | BH11: ='Section Load'!AK14 -> 247 | BI11: ='Section Load'!AL14 -> -0.4 | BJ11: ='Section Load'!AM14 -> 76 | BK11: ='Section Load'!AN14 -> 51 | BL11: ='Section Load'!AO14 -> 3 | BM11: ='Section Load'!AP14 -> 470.53
A12: Mumbai | B12: =B11+1 -> 11 | C12: 3 | D12: 2021 | E12: ='Section Load'!B15 -> 3850 | F12: ='Section Load'!C15 -> 1551 | G12: ='Section Load'!D15 -> 2085 | H12: ='Section Load'!E15 -> 4105 | I12: ='Section Load'!F15 -> 5075 | J12: ='Section Load'!G15 -> 2394 | K12: ='Section Load'!H15 -> 1135 | L12: ='Section Load'!I15 -> 598 | ... AL12: ='Section Load'!AI15 -> 998 | AM12: ='[1]11'!$G$92 -> 101 | AN12: ='[1]11'!$G$93 -> 134 | AO12: ='[1]11'!$G$95 -> 71 | AP12: ='[1]11'!$G$96 -> 49 | AQ12: ='[1]11'!$G$97 -> 23 | AR12: ='[1]11'!$G$98 -> 75 | AS12: ='[1]11'!$G$99 -> 10 | AT12: ='[1]11'!$G$100 -> 9 | AU12: ='[1]11'!$G$104 -> 0 | AV12: ='[1]11'!$G$105 -> 7 | AW12: ='[1]11'!$G$106 -> 6 | AX12: ='[1]11'!$G$109 -> 105 | AY12: ='[1]11'!$G$110 -> 99 | AZ12: ='[1]11'!$G$111 -> 12 | BA12: ='[1]11'!$G$114 -> 12 | BB12: ='[1]11'!$G$115 -> 3 | BC12: ='[1]11'!$G$116 -> 0 | BD12: ='[1]11'!$G$118 -> 152 | BE12: ='[1]11'!$G$119 -> 162 | BF12: ='[1]11'!$G$120 -> 216 | BG12: ='Section Load'!AJ15 -> 852 | BH12: ='Section Load'!AK15 -> 233 | BI12: ='Section Load'!AL15 -> 0 | BJ12: ='Section Load'!AM15 -> 68 | BK12: ='Section Load'!AN15 -> 17 | BL12: ='Section Load'!AO15 -> 3 | BM12: ='Section Load'!AP15 -> 531
A13: Mumbai | B13: =B12+1 -> 12 | C13: 3 | D13: 2021 | E13: ='Section Load'!B16 -> 3783 | F13: ='Section Load'!C16 -> 1569 | G13: ='Section Load'!D16 -> 1820 | H13: ='Section Load'!E16 -> 4165 | I13: ='Section Load'!F16 -> 5122 | J13: ='Section Load'!G16 -> 2392 | K13: ='Section Load'!H16 -> 1179 | L13: ='Section Load'!I16 -> 629 | ... AL13: ='Section Load'!AI16 -> 991 | AM13: ='[1]12'!$G$92 -> 129 | AN13: ='[1]12'!$G$93 -> 117 | AO13: ='[1]12'!$G$95 -> 86 | AP13: ='[1]12'!$G$96 -> 38 | AQ13: ='[1]12'!$G$97 -> 27 | AR13: ='[1]12'!$G$98 -> 83 | AS13: ='[1]12'!$G$99 -> 10 | AT13: ='[1]12'!$G$100 -> 7 | AU13: ='[1]12'!$G$104 -> 0 | AV13: ='[1]12'!$G$105 -> 9 | AW13: ='[1]12'!$G$106 -> 12 | AX13: ='[1]12'!$G$109 -> 64 | AY13: ='[1]12'!$G$110 -> 59 | AZ13: ='[1]12'!$G$111 -> 0 | BA13: ='[1]12'!$G$114 -> 14 | BB13: ='[1]12'!$G$115 -> 8 | BC13: ='[1]12'!$G$116 -> 0 | BD13: ='[1]12'!$G$118 -> 180 | BE13: ='[1]12'!$G$119 -> 168 | BF13: ='[1]12'!$G$120 -> 123 | BG13: ='Section Load'!AJ16 -> 804.77 | BH13: ='Section Load'!AK16 -> 245 | BI13: ='Section Load'!AL16 -> 0 | BJ13: ='Section Load'!AM16 -> 60 | BK13: ='Section Load'!AN16 -> 20 | BL13: ='Section Load'!AO16 -> 3 | BM13: ='Section Load'!AP16 -> 476.77
A14: Mumbai | B14: =B13+1 -> 13 | C14: 3 | D14: 2021 | E14: ='Section Load'!B17 -> 3627 | F14: ='Section Load'!C17 -> 1606 | G14: ='Section Load'!D17 -> 2030 | H14: ='Section Load'!E17 -> 4243 | I14: ='Section Load'!F17 -> 5361 | J14: ='Section Load'!G17 -> 2397.33 | K14: ='Section Load'!H17 -> 1073 | L14: ='Section Load'!I17 -> 667 | ... AL14: ='Section Load'!AI17 -> 758 | AM14: ='[1]13'!$G$92 -> 149 | AN14: ='[1]13'!$G$93 -> 249 | AO14: ='[1]13'!$G$95 -> 88 | AP14: ='[1]13'!$G$96 -> 43 | AQ14: ='[1]13'!$G$97 -> 46 | AR14: ='[1]13'!$G$98 -> 63 | AS14: ='[1]13'!$G$99 -> 16 | AT14: ='[1]13'!$G$100 -> 14 | AU14: ='[1]13'!$G$104 -> 0 | AV14: ='[1]13'!$G$105 -> 11 | AW14: ='[1]13'!$G$106 -> 6 | AX14: ='[1]13'!$G$109 -> 60 | AY14: ='[1]13'!$G$110 -> 86 | AZ14: ='[1]13'!$G$111 -> 13 | BA14: ='[1]13'!$G$114 -> 20 | BB14: ='[1]13'!$G$115 -> 6 | BC14: ='[1]13'!$G$116 -> 0 | BD14: ='[1]13'!$G$118 -> 201 | BE14: ='[1]13'!$G$119 -> 207 | BF14: ='[1]13'!$G$120 -> 159 | BG14: ='Section Load'!AJ17 -> 836.23 | BH14: ='Section Load'!AK17 -> 246 | BI14: ='Section Load'!AL17 -> 0.4 | BJ14: ='Section Load'!AM17 -> 63 | BK14: ='Section Load'!AN17 -> 28 | BL14: ='Section Load'!AO17 -> 3 | BM14: ='Section Load'!AP17 -> 495.83
A15: Mumbai | B15: =B14+1 -> 14 | C15: 3 | D15: 2021 | E15: ='Section Load'!B18 -> 3483 | F15: ='Section Load'!C18 -> 1563 | G15: ='Section Load'!D18 -> 2010 | H15: ='Section Load'!E18 -> 4133 | I15: ='Section Load'!F18 -> 5010 | J15: ='Section Load'!G18 -> 2407 | K15: ='Section Load'!H18 -> 1184 | L15: ='Section Load'!I18 -> 659 | ... AL15: ='Section Load'!AI18 -> 742 | AM15: ='[1]14'!$G$92 -> 166 | AN15: ='[1]14'!$G$93 -> 174 | AO15: ='[1]14'!$G$95 -> 121 | AP15: ='[1]14'!$G$96 -> 47 | AQ15: ='[1]14'!$G$97 -> 46 | AR15: ='[1]14'!$G$98 -> 71 | AS15: ='[1]14'!$G$99 -> 19 | AT15: ='[1]14'!$G$100 -> 24 | AU15: ='[1]14'!$G$104 -> 87 | AV15: ='[1]14'!$G$105 -> 11 | AW15: ='[1]14'!$G$106 -> 5 | AX15: ='[1]14'!$G$109 -> 60 | AY15: ='[1]14'!$G$110 -> 42 | AZ15: ='[1]14'!$G$111 -> 0 | BA15: ='[1]14'!$G$114 -> 22 | BB15: ='[1]14'!$G$115 -> 20 | BC15: ='[1]14'!$G$116 -> 0 | BD15: ='[1]14'!$G$118 -> 217 | BE15: ='[1]14'!$G$119 -> 257 | BF15: ='[1]14'!$G$120 -> 102 | BG15: ='Section Load'!AJ18 -> 855 | BH15: ='Section Load'!AK18 -> 245 | BI15: ='Section Load'!AL18 -> 0 | BJ15: ='Section Load'!AM18 -> 61.21 | BK15: ='Section Load'!AN18 -> -66.5 | BL15: ='Section Load'!AO18 -> 3.3 | BM15: ='Section Load'!AP18 -> 611.99
A16: Mumbai | B16: =B15+1 -> 15 | C16: 3 | D16: 2021 | E16: ='Section Load'!B19 -> 3462.76 | F16: ='Section Load'!C19 -> 1624.67 | G16: ='Section Load'!D19 -> 1887.91 | H16: ='Section Load'!E19 -> 4262.21 | I16: ='Section Load'!F19 -> 5696.453 | J16: ='Section Load'!G19 -> 2431.55 | K16: ='Section Load'!H19 -> 1168.67 | L16: ='Section Load'!I19 -> 718 | ... AL16: ='Section Load'!AI19 -> 731 | AM16: ='[1]15'!$G$92 -> 192 | AN16: ='[1]15'!$G$93 -> 194 | AO16: ='[1]15'!$G$95 -> 131 | AP16: ='[1]15'!$G$96 -> 25 | AQ16: ='[1]15'!$G$97 -> 35 | AR16: ='[1]15'!$G$98 -> 76 | AS16: ='[1]15'!$G$99 -> 30 | AT16: ='[1]15'!$G$100 -> 23 | AU16: ='[1]15'!$G$104 -> 0 | AV16: ='[1]15'!$G$105 -> 17 | AW16: ='[1]15'!$G$106 -> 11 | AX16: ='[1]15'!$G$109 -> 83 | AY16: ='[1]15'!$G$110 -> 86 | AZ16: ='[1]15'!$G$111 -> 13 | BA16: ='[1]15'!$G$114 -> 35 | BB16: ='[1]15'!$G$115 -> 13 | BC16: ='[1]15'!$G$116 -> 0 | BD16: ='[1]15'!$G$118 -> 244 | BE16: ='[1]15'!$G$119 -> 244 | BF16: ='[1]15'!$G$120 -> 182 | BG16: ='Section Load'!AJ19 -> 827.709 | BH16: ='Section Load'!AK19 -> 248.97 | BI16: ='Section Load'!AL19 -> 0 | BJ16: ='Section Load'!AM19 -> 61.67 | BK16: ='Section Load'!AN19 -> 14.4 | BL16: ='Section Load'!AO19 -> 2.5 | BM16: ='Section Load'!AP19 -> 500.169
A17: Mumbai | B17: =B16+1 -> 16 | C17: 3 | D17: 2021 | E17: ='Section Load'!B20 -> 3222.48 | F17: ='Section Load'!C20 -> 1585.1 | G17: ='Section Load'!D20 -> 1760.32 | H17: ='Section Load'!E20 -> 4153.46 | I17: ='Section Load'!F20 -> 5084.16 | J17: ='Section Load'!G20 -> 2381.44 | K17: ='Section Load'!H20 -> 1068.24 | L17: ='Section Load'!I20 -> 616.75 | ... AL17: ='Section Load'!AI20 -> 692 | AM17: ='[1]16'!$G$92 -> 132 | AN17: ='[1]16'!$G$93 -> 154 | AO17: ='[1]16'!$G$95 -> 97 | AP17: ='[1]16'!$G$96 -> 18 | AQ17: ='[1]16'!$G$97 -> 24 | AR17: ='[1]16'!$G$98 -> 56 | AS17: ='[1]16'!$G$99 -> 17 | AT17: ='[1]16'!$G$100 -> 6 | AU17: ='[1]16'!$G$104 -> 0 | AV17: ='[1]16'!$G$105 -> 12 | AW17: ='[1]16'!$G$106 -> 6 | AX17: ='[1]16'!$G$109 -> 60 | AY17: ='[1]16'!$G$110 -> 58 | AZ17: ='[1]16'!$G$111 -> 0 | BA17: ='[1]16'!$G$114 -> 21 | BB17: ='[1]16'!$G$115 -> 13 | BC17: ='[1]16'!$G$116 -> 0 | BD17: ='[1]16'!$G$118 -> 182 | BE17: ='[1]16'!$G$119 -> 162 | BF17: ='[1]16'!$G$120 -> 118 | BG17: ='Section Load'!AJ20 -> 821.111 | BH17: ='Section Load'!AK20 -> 235.94 | BI17: ='Section Load'!AL20 -> 0 | BJ17: ='Section Load'!AM20 -> 50.3 | BK17: ='Section Load'!AN20 -> 16.1 | BL17: ='Section Load'!AO20 -> 0.6 | BM17: ='Section Load'!AP20 -> 518.171
A18: Mumbai | B18: =B17+1 -> 17 | C18: 3 | D18: 2021 | E18: ='Section Load'!B21 -> 3306.64 | F18: ='Section Load'!C21 -> 1574.53 | G18: ='Section Load'!D21 -> 1736.4 | H18: ='Section Load'!E21 -> 4104.48 | I18: ='Section Load'!F21 -> 4907.517 | J18: ='Section Load'!G21 -> 2358 | K18: ='Section Load'!H21 -> 1167.56 | L18: ='Section Load'!I21 -> 641.94 | ... AL18: ='Section Load'!AI21 -> 661 | AM18: ='[1]17'!$G$92 -> 84 | AN18: ='[1]17'!$G$93 -> 134 | AO18: ='[1]17'!$G$95 -> 72 | AP18: ='[1]17'!$G$96 -> 15 | AQ18: ='[1]17'!$G$97 -> 20 | AR18: ='[1]17'!$G$98 -> 35 | AS18: ='[1]17'!$G$99 -> 14 | AT18: ='[1]17'!$G$100 -> 6 | AU18: ='[1]17'!$G$104 -> 0 | AV18: ='[1]17'!$G$105 -> 9 | AW18: ='[1]17'!$G$106 -> 5 | AX18: ='[1]17'!$G$109 -> 40 | AY18: ='[1]17'!$G$110 -> 37 | AZ18: ='[1]17'!$G$111 -> 22 | BA18: ='[1]17'!$G$114 -> 17 | BB18: ='[1]17'!$G$115 -> 6 | BC18: ='[1]17'!$G$116 -> 0 | BD18: ='[1]17'!$G$118 -> 135 | BE18: ='[1]17'!$G$119 -> 127 | BF18: ='[1]17'!$G$120 -> 99 | BG18: ='Section Load'!AJ21 -> 780.709 | BH18: ='Section Load'!AK21 -> 236.1 | BI18: ='Section Load'!AL21 -> 0 | BJ18: ='Section Load'!AM21 -> 72.25 | BK18: ='Section Load'!AN21 -> 16.8 | BL18: ='Section Load'!AO21 -> 4.5 | BM18: ='Section Load'!AP21 -> 451.059
A19: Mumbai | B19: =B18+1 -> 18 | C19: 3 | D19: 2021 | E19: ='Section Load'!B22 -> 3524.64 | F19: ='Section Load'!C22 -> 1640.26 | G19: ='Section Load'!D22 -> 1769.36 | H19: ='Section Load'!E22 -> 4365.4 | I19: ='Section Load'!F22 -> 6598.273 | J19: ='Section Load'!G22 -> 2617.36 | K19: ='Section Load'!H22 -> 1567.92 | L19: ='Section Load'!I22 -> 789.31 | ... AL19: ='Section Load'!AI22 -> 727 | AM19: ='[1]18'!$G$92 -> 81 | AN19: ='[1]18'!$G$93 -> 137 | AO19: ='[1]18'!$G$95 -> 74 | AP19: ='[1]18'!$G$96 -> 16 | AQ19: ='[1]18'!$G$97 -> 17 | AR19: ='[1]18'!$G$98 -> 78 | AS19: ='[1]18'!$G$99 -> 22 | AT19: ='[1]18'!$G$100 -> 5 | AU19: ='[1]18'!$G$104 -> 0 | AV19: ='[1]18'!$G$105 -> 8 | AW19: ='[1]18'!$G$106 -> 10 | AX19: ='[1]18'!$G$109 -> 60 | AY19: ='[1]18'!$G$110 -> 92 | AZ19: ='[1]18'!$G$111 -> 7 | BA19: ='[1]18'!$G$114 -> 25 | BB19: ='[1]18'!$G$115 -> 5 | BC19: ='[1]18'!$G$116 -> 0 | BD19: ='[1]18'!$G$118 -> 128 | BE19: ='[1]18'!$G$119 -> 134 | BF19: ='[1]18'!$G$120 -> 159 | BG19: ='Section Load'!AJ22 -> 810.475 | BH19: ='Section Load'!AK22 -> 261.28 | BI19: ='Section Load'!AL22 -> 0 | BJ19: ='Section Load'!AM22 -> 73.05 | BK19: ='Section Load'!AN22 -> 16.5 | BL19: ='Section Load'!AO22 -> 1.4 | BM19: ='Section Load'!AP22 -> 458.245
A20: Mumbai | B20: =B19+1 -> 19 | C20: 3 | D20: 2021 | E20: ='Section Load'!B23 -> 3067.2 | F20: ='Section Load'!C23 -> 1459.42 | G20: ='Section Load'!D23 -> 1724.9 | H20: ='Section Load'!E23 -> 4021.53 | I20: ='Section Load'!F23 -> 4813.65 | J20: ='Section Load'!G23 -> 2380.95 | K20: ='Section Load'!H23 -> 1178.96 | L20: ='Section Load'!I23 -> 604.67 | ... AL20: ='Section Load'!AI23 -> 715 | AM20: ='[1]19'!$G$92 -> 95 | AN20: ='[1]19'!$G$93 -> 142 | AO20: ='[1]19'!$G$95 -> 79 | AP20: ='[1]19'!$G$96 -> 9 | AQ20: ='[1]19'!$G$97 -> 24 | AR20: ='[1]19'!$G$98 -> 63 | AS20: ='[1]19'!$G$99 -> 23 | AT20: ='[1]19'!$G$100 -> 6 | AU20: ='[1]19'!$G$104 -> 0 | AV20: ='[1]19'!$G$105 -> 7 | AW20: ='[1]19'!$G$106 -> 6 | AX20: ='[1]19'!$G$109 -> 40 | AY20: ='[1]19'!$G$110 -> 31 | AZ20: ='[1]19'!$G$111 -> 0 | BA20: ='[1]19'!$G$114 -> 26 | BB20: ='[1]19'!$G$115 -> 2 | BC20: ='[1]19'!$G$116 -> 0 | BD20: ='[1]19'!$G$118 -> 145 | BE20: ='[1]19'!$G$119 -> 141 | BF20: ='[1]19'!$G$120 -> 71 | BG20: ='Section Load'!AJ23 -> 806.656 | BH20: ='Section Load'!AK23 -> 244.44 | BI20: ='Section Load'!AL23 -> -0.4 | BJ20: ='Section Load'!AM23 -> 75.65 | BK20: ='Section Load'!AN23 -> 14.3 | BL20: ='Section Load'!AO23 -> 1.6 | BM20: ='Section Load'!AP23 -> 471.066
A21: Mumbai | B21: =B20+1 -> 20 | C21: 3 | D21: 2021 | E21: ='Section Load'!B24 -> 3354 | F21: ='Section Load'!C24 -> 1568.42 | G21: ='Section Load'!D24 -> 1803.91 | H21: ='Section Load'!E24 -> 4428.92 | I21: ='Section Load'!F24 -> 5278.36 | J21: ='Section Load'!G24 -> 2443.92 | K21: ='Section Load'!H24 -> 1405.48 | L21: ='Section Load'!I24 -> 603.14 | ... AL21: ='Section Load'!AI24 -> 686 | AM21: ='[1]20'!$G$92 -> 107 | AN21: ='[1]20'!$G$93 -> 133 | AO21: ='[1]20'!$G$95 -> 86 | AP21: ='[1]20'!$G$96 -> 22 | AQ21: ='[1]20'!$G$97 -> 32 | AR21: ='[1]20'!$G$98 -> 68 | AS21: ='[1]20'!$G$99 -> 21 | AT21: ='[1]20'!$G$100 -> 8 | AU21: ='[1]20'!$G$104 -> 0 | AV21: ='[1]20'!$G$105 -> 13 | AW21: ='[1]20'!$G$106 -> 8 | AX21: ='[1]20'!$G$109 -> 59 | AY21: ='[1]20'!$G$110 -> 75 | AZ21: ='[1]20'!$G$111 -> 20 | BA21: ='[1]20'!$G$114 -> 26 | BB21: ='[1]20'!$G$115 -> 8 | BC21: ='[1]20'!$G$116 -> 0 | BD21: ='[1]20'!$G$118 -> 158 | BE21: ='[1]20'!$G$119 -> 169 | BF21: ='[1]20'!$G$120 -> 154 | BG21: ='Section Load'!AJ24 -> 922.34 | BH21: ='Section Load'!AK24 -> 267.74 | BI21: ='Section Load'!AL24 -> 0 | BJ21: ='Section Load'!AM24 -> 76.88 | BK21: ='Section Load'!AN24 -> 24.2 | BL21: ='Section Load'!AO24 -> 4.5 | BM21: ='Section Load'!AP24 -> 549.02
A22: Mumbai | B22: =B21+1 -> 21 | C22: 3 | D22: 2021 | E22: ='Section Load'!B25 -> 3387.04 | F22: ='Section Load'!C25 -> 1605.37 | G22: ='Section Load'!D25 -> 1861.43 | H22: ='Section Load'!E25 -> 4385.28 | I22: ='Section Load'!F25 -> 5380.737 | J22: ='Section Load'!G25 -> 2440.45 | K22: ='Section Load'!H25 -> 1212.48 | L22: ='Section Load'!I25 -> 605.14 | ... AL22: ='Section Load'!AI25 -> 683 | AM22: ='[1]21'!$G$92 -> 122 | AN22: ='[1]21'!$G$93 -> 110 | AO22: ='[1]21'!$G$95 -> 72 | AP22: ='[1]21'!$G$96 -> 27 | AQ22: ='[1]21'!$G$97 -> 35 | AR22: ='[1]21'!$G$98 -> 87 | AS22: ='[1]21'!$G$99 -> 15 | AT22: ='[1]21'!$G$100 -> 12 | AU22: ='[1]21'!$G$104 -> 0 | AV22: ='[1]21'!$G$105 -> 7 | AW22: ='[1]21'!$G$106 -> 6 | AX22: ='[1]21'!$G$109 -> 60 | AY22: ='[1]21'!$G$110 -> 100 | AZ22: ='[1]21'!$G$111 -> 6 | BA22: ='[1]21'!$G$114 -> 17 | BB22: ='[1]21'!$G$115 -> 9 | BC22: ='[1]21'!$G$116 -> 0 | BD22: ='[1]21'!$G$118 -> 173 | BE22: ='[1]21'!$G$119 -> 161 | BF22: ='[1]21'!$G$120 -> 166 | BG22: ='Section Load'!AJ25 -> 979.97 | BH22: ='Section Load'!AK25 -> 300.25 | BI22: ='Section Load'!AL25 -> 0 | BJ22: ='Section Load'!AM25 -> 73.28 | BK22: ='Section Load'!AN25 -> 29.8 | BL22: ='Section Load'!AO25 -> 2.5 | BM22: ='Section Load'!AP25 -> 574.14
A23: Mumbai | B23: =B22+1 -> 22 | C23: 3 | D23: 2021 | E23: ='Section Load'!B26 -> 3337.84 | F23: ='Section Load'!C26 -> 1553.18 | G23: ='Section Load'!D26 -> 1793.54 | H23: ='Section Load'!E26 -> 4335.4 | I23: ='Section Load'!F26 -> 5689.22 | J23: ='Section Load'!G26 -> 2399.47 | K23: ='Section Load'!H26 -> 1248.44 | L23: ='Section Load'!I26 -> 664.16 | ... AL23: ='Section Load'!AI26 -> 675 | AM23: ='[1]22'!$G$92 -> 122 | AN23: ='[1]22'!$G$93 -> 186 | AO23: ='[1]22'!$G$95 -> 107 | AP23: ='[1]22'!$G$96 -> 21 | AQ23: ='[1]22'!$G$97 -> 17 | AR23: ='[1]22'!$G$98 -> 71 | AS23: ='[1]22'!$G$99 -> 17 | AT23: ='[1]22'!$G$100 -> 8 | AU23: ='[1]22'!$G$104 -> 8 | AV23: ='[1]22'!$G$105 -> 12 | AW23: ='[1]22'!$G$106 -> 5 | AX23: ='[1]22'!$G$109 -> 62 | AY23: ='[1]22'!$G$110 -> 70 | AZ23: ='[1]22'!$G$111 -> 8 | BA23: ='[1]22'!$G$114 -> 21 | BB23: ='[1]22'!$G$115 -> 10 | BC23: ='[1]22'!$G$116 -> 0 | BD23: ='[1]22'!$G$118 -> 173 | BE23: ='[1]22'!$G$119 -> 170 | BF23: ='[1]22'!$G$120 -> 140 | BG23: ='Section Load'!AJ26 -> 949.8 | BH23: ='Section Load'!AK26 -> 281.96 | BI23: ='Section Load'!AL26 -> 0 | BJ23: ='Section Load'!AM26 -> 65.19 | BK23: ='Section Load'!AN26 -> 16.6 | BL23: ='Section Load'!AO26 -> 1.6 | BM23: ='Section Load'!AP26 -> 584.45
A24: Mumbai | B24: =B23+1 -> 23 | C24: 3 | D24: 2021 | E24: ='Section Load'!B27 -> 3280.4 | F24: ='Section Load'!C27 -> 1487.92 | G24: ='Section Load'!D27 -> 1823.23 | H24: ='Section Load'!E27 -> 4120.79 | I24: ='Section Load'!F27 -> 5237.78 | J24: ='Section Load'!G27 -> 2358.53 | K24: ='Section Load'!H27 -> 1181.25 | L24: ='Section Load'!I27 -> 620.89 | ... AL24: ='Section Load'!AI27 -> 708 | AM24: ='[1]23'!$G$92 -> 104 | AN24: ='[1]23'!$G$93 -> 179 | AO24: ='[1]23'!$G$95 -> 101 | AP24: ='[1]23'!$G$96 -> 18 | AQ24: ='[1]23'!$G$97 -> 14 | AR24: ='[1]23'!$G$98 -> 82 | AS24: ='[1]23'!$G$99 -> 12 | AT24: ='[1]23'!$G$100 -> 7 | AU24: ='[1]23'!$G$104 -> 10 | AV24: ='[1]23'!$G$105 -> 13 | AW24: ='[1]23'!$G$106 -> 6 | AX24: ='[1]23'!$G$109 -> 59 | AY24: ='[1]23'!$G$110 -> 89 | AZ24: ='[1]23'!$G$111 -> 5 | BA24: ='[1]23'!$G$114 -> 14 | BB24: ='[1]23'!$G$115 -> 2 | BC24: ='[1]23'!$G$116 -> 0 | BD24: ='[1]23'!$G$118 -> 155 | BE24: ='[1]23'!$G$119 -> 152 | BF24: ='[1]23'!$G$120 -> 153 | BG24: ='Section Load'!AJ27 -> 913.23 | BH24: ='Section Load'!AK27 -> 273.32 | BI24: ='Section Load'!AL27 -> 0 | BJ24: ='Section Load'!AM27 -> 78.52 | BK24: ='Section Load'!AN27 -> 22.8 | BL24: ='Section Load'!AO27 -> 1.5 | BM24: ='Section Load'!AP27 -> 537.09
A25: Mumbai | B25: =B24+1 -> 24 | C25: 3 | D25: 2021 | E25: ='Section Load'!B28 -> 3119 | F25: ='Section Load'!C28 -> 1480.13 | G25: ='Section Load'!D28 -> 1763 | H25: ='Section Load'!E28 -> 4090.53 | I25: ='Section Load'!F28 -> 5174.85 | J25: ='Section Load'!G28 -> 2354 | K25: ='Section Load'!H28 -> 1818 | L25: ='Section Load'!I28 -> 598 | ... AL25: ='Section Load'!AI28 -> 738 | AM25: ='[1]24'!$G$92 -> 88 | AN25: ='[1]24'!$G$93 -> 142 | AO25: ='[1]24'!$G$95 -> 71 | AP25: ='[1]24'!$G$96 -> 13 | AQ25: ='[1]24'!$G$97 -> 18 | AR25: ='[1]24'!$G$98 -> 94 | AS25: ='[1]24'!$G$99 -> 25 | AT25: ='[1]24'!$G$100 -> 13 | AU25: ='[1]24'!$G$104 -> 10 | AV25: ='[1]24'!$G$105 -> 9 | AW25: ='[1]24'!$G$106 -> 5 | AX25: ='[1]24'!$G$109 -> 82 | AY25: ='[1]24'!$G$110 -> 41 | AZ25: ='[1]24'!$G$111 -> 10 | BA25: ='[1]24'!$G$114 -> 30 | BB25: ='[1]24'!$G$115 -> 11 | BC25: ='[1]24'!$G$116 -> 0 | BD25: ='[1]24'!$G$118 -> 140 | BE25: ='[1]24'!$G$119 -> 140 | BF25: ='[1]24'!$G$120 -> 133 | BG25: ='Section Load'!AJ28 -> 296 | BH25: ='Section Load'!AK28 -> 101 | BI25: ='Section Load'!AL28 -> 0 | BJ25: ='Section Load'!AM28 -> 23.58 | BK25: ='Section Load'!AN28 -> 3 | BL25: ='Section Load'!AO28 -> 0 | BM25: ='Section Load'!AP28 -> 168.42
A26: Mumbai | B26: =B25+1 -> 25 | C26: 3 | D26: 2021 | E26: ='Section Load'!B29 -> -1035402 | F26: ='Section Load'!C29 -> -188879 | G26: ='Section Load'!D29 -> -598611 | H26: ='Section Load'!E29 -> -524043 | I26: ='Section Load'!F29 -> -953862 | J26: ='Section Load'!G29 -> -891872 | K26: ='Section Load'!H29 -> -432426 | L26: ='Section Load'!I29 -> -311995 | ... AL26: ='Section Load'!AI29 -> -448965 | AM26: ='[1]25'!$G$92 -> 103 | AN26: ='[1]25'!$G$93 -> 190 | AO26: ='[1]25'!$G$95 -> 103 | AP26: ='[1]25'!$G$96 -> 14 | AQ26: ='[1]25'!$G$97 -> 15 | AR26: ='[1]25'!$G$98 -> 108 | AS26: ='[1]25'!$G$99 -> 16 | AT26: ='[1]25'!$G$100 -> 5 | AU26: ='[1]25'!$G$104 -> 0 | AV26: ='[1]25'!$G$105 -> 6 | AW26: ='[1]25'!$G$106 -> 4 | AX26: ='[1]25'!$G$109 -> 40 | AY26: ='[1]25'!$G$110 -> 148 | AZ26: ='[1]25'!$G$111 -> 0 | BA26: ='[1]25'!$G$114 -> 19 | BB26: ='[1]25'!$G$115 -> 5 | BC26: ='[1]25'!$G$116 -> 0 | BD26: ='[1]25'!$G$118 -> 155 | BE26: ='[1]25'!$G$119 -> 153 | BF26: ='[1]25'!$G$120 -> 188 | BG26: ='Section Load'!AJ29 -> -1640178 | BH26: ='Section Load'!AK29 -> -816987 | BI26: ='Section Load'!AL29 -> -73583 | BJ26: ='Section Load'!AM29 -> -141548.58 | BK26: ='Section Load'!AN29 -> -59823 | BL26: ='Section Load'!AO29 -> -8944 | BM26: ='Section Load'!AP29 -> -539292.42
A27: Mumbai | B27: =B26+1 -> 26 | C27: 3 | D27: 2021 | E27: ='Section Load'!B30 -> 0 | F27: ='Section Load'!C30 -> 0 | G27: ='Section Load'!D30 -> 0 | H27: ='Section Load'!E30 -> 0 | I27: ='Section Load'!F30 -> 0 | J27: ='Section Load'!G30 -> 0 | K27: ='Section Load'!H30 -> 0 | L27: ='Section Load'!I30 -> 0 | ... AL27: ='Section Load'!AI30 -> 0 | AM27: ='[1]26'!$G$92 -> 69 | AN27: ='[1]26'!$G$93 -> 158 | AO27: ='[1]26'!$G$95 -> 79 | AP27: ='[1]26'!$G$96 -> 12 | AQ27: ='[1]26'!$G$97 -> 19 | AR27: ='[1]26'!$G$98 -> 129 | AS27: ='[1]26'!$G$99 -> 13 | AT27: ='[1]26'!$G$100 -> 12 | AU27: ='[1]26'!$G$104 -> 3 | AV27: ='[1]26'!$G$105 -> 9 | AW27: ='[1]26'!$G$106 -> 6 | AX27: ='[1]26'!$G$109 -> 60 | AY27: ='[1]26'!$G$110 -> 123 | AZ27: ='[1]26'!$G$111 -> 12 | BA27: ='[1]26'!$G$114 -> 16 | BB27: ='[1]26'!$G$115 -> 6 | BC27: ='[1]26'!$G$116 -> 0 | BD27: ='[1]26'!$G$118 -> 120 | BE27: ='[1]26'!$G$119 -> 135 | BF27: ='[1]26'!$G$120 -> 195 | BG27: ='Section Load'!AJ30 -> 0 | BH27: ='Section Load'!AK30 -> 0 | BI27: ='Section Load'!AL30 -> 0 | BJ27: ='Section Load'!AM30 -> 0 | BK27: ='Section Load'!AN30 -> 0 | BL27: ='Section Load'!AO30 -> 0 | BM27: ='Section Load'!AP30 -> 0
A28: Mumbai | B28: =B27+1 -> 27 | C28: 3 | D28: 2021 | E28: ='Section Load'!B31 -> 0 | F28: ='Section Load'!C31 -> 0 | G28: ='Section Load'!D31 -> 0 | H28: ='Section Load'!E31 -> 0 | I28: ='Section Load'!F31 -> 0 | J28: ='Section Load'!G31 -> 0 | K28: ='Section Load'!H31 -> 0 | L28: ='Section Load'!I31 -> 0 | ... AL28: ='Section Load'!AI31 -> 0 | AM28: ='[1]27'!$G$92 -> 146 | AN28: ='[1]27'!$G$93 -> 152 | AO28: ='[1]27'!$G$95 -> 85 | AP28: ='[1]27'!$G$96 -> 16 | AQ28: ='[1]27'!$G$97 -> 31 | AR28: ='[1]27'!$G$98 -> 62 | AS28: ='[1]27'!$G$99 -> 19 | AT28: ='[1]27'!$G$100 -> 34 | AU28: ='[1]27'!$G$104 -> 0 | AV28: ='[1]27'!$G$105 -> 8 | AW28: ='[1]27'!$G$106 -> 6 | AX28: ='[1]27'!$G$109 -> 82 | AY28: ='[1]27'!$G$110 -> 95 | AZ28: ='[1]27'!$G$111 -> 7 | BA28: ='[1]27'!$G$114 -> 22 | BB28: ='[1]27'!$G$115 -> 25 | BC28: ='[1]27'!$G$116 -> 0 | BD28: ='[1]27'!$G$118 -> 200 | BE28: ='[1]27'!$G$119 -> 185 | BF28: ='[1]27'!$G$120 -> 184 | BG28: ='Section Load'!AJ31 -> 0 | BH28: ='Section Load'!AK31 -> 0 | BI28: ='Section Load'!AL31 -> 0 | BJ28: ='Section Load'!AM31 -> 0 | BK28: ='Section Load'!AN31 -> 0 | BL28: ='Section Load'!AO31 -> 0 | BM28: ='Section Load'!AP31 -> 0
A29: Mumbai | B29: =B28+1 -> 28 | C29: 3 | D29: 2021 | E29: ='Section Load'!B32 -> 0 | F29: ='Section Load'!C32 -> 0 | G29: ='Section Load'!D32 -> 0 | H29: ='Section Load'!E32 -> 0 | I29: ='Section Load'!F32 -> 0 | J29: ='Section Load'!G32 -> 0 | K29: ='Section Load'!H32 -> 0 | L29: ='Section Load'!I32 -> 0 | ... AL29: ='Section Load'!AI32 -> 0 | AM29: ='[1]28'!$G$92 -> 144 | AN29: ='[1]28'!$G$93 -> 201 | AO29: ='[1]28'!$G$95 -> 90 | AP29: ='[1]28'!$G$96 -> 40 | AQ29: ='[1]28'!$G$97 -> 30 | AR29: ='[1]28'!$G$98 -> 69 | AS29: ='[1]28'!$G$99 -> 27 | AT29: ='[1]28'!$G$100 -> 32 | AU29: ='[1]28'!$G$104 -> 0 | AV29: ='[1]28'!$G$105 -> 9 | AW29: ='[1]28'!$G$106 -> 6 | AX29: ='[1]28'!$G$109 -> 61 | AY29: ='[1]28'!$G$110 -> 49 | AZ29: ='[1]28'!$G$111 -> 0 | BA29: ='[1]28'!$G$114 -> 32 | BB29: ='[1]28'!$G$115 -> 23 | BC29: ='[1]28'!$G$116 -> 0 | BD29: ='[1]28'!$G$118 -> 196 | BE29: ='[1]28'!$G$119 -> 219 | BF29: ='[1]28'!$G$120 -> 110 | BG29: ='Section Load'!AJ32 -> 0 | BH29: ='Section Load'!AK32 -> 0 | BI29: ='Section Load'!AL32 -> 0 | BJ29: ='Section Load'!AM32 -> 0 | BK29: ='Section Load'!AN32 -> 0 | BL29: ='Section Load'!AO32 -> 0 | BM29: ='Section Load'!AP32 -> 0
A30: Mumbai | B30: =B29+1 -> 29 | C30: 3 | D30: 2021 | E30: ='Section Load'!B33 -> 0 | F30: ='Section Load'!C33 -> 0 | G30: ='Section Load'!D33 -> 0 | H30: ='Section Load'!E33 -> 0 | I30: ='Section Load'!F33 -> 7.92 | J30: ='Section Load'!G33 -> 0 | K30: ='Section Load'!H33 -> 0 | L30: ='Section Load'!I33 -> 0 | ... AL30: ='Section Load'!AI33 -> 0 | AM30: ='[1]28'!$G$92 -> 144 | AN30: ='[1]28'!$G$93 -> 201 | AO30: ='[1]28'!$G$95 -> 90 | AP30: ='[1]28'!$G$96 -> 40 | AQ30: ='[1]28'!$G$97 -> 30 | AR30: ='[1]28'!$G$98 -> 69 | AS30: ='[1]28'!$G$99 -> 27 | AT30: ='[1]28'!$G$100 -> 32 | AU30: ='[1]28'!$G$104 -> 0 | AV30: ='[1]28'!$G$105 -> 9 | AW30: ='[1]28'!$G$106 -> 6 | AX30: ='[1]28'!$G$109 -> 61 | AY30: ='[1]28'!$G$110 -> 49 | AZ30: ='[1]28'!$G$111 -> 0 | BA30: ='[1]28'!$G$114 -> 32 | BB30: ='[1]28'!$G$115 -> 23 | BC30: ='[1]28'!$G$116 -> 0 | BD30: ='[1]28'!$G$118 -> 196 | BE30: ='[1]28'!$G$119 -> 219 | BF30: ='[1]28'!$G$120 -> 110 | BG30: ='Section Load'!AJ33 -> 0 | BH30: ='Section Load'!AK33 -> 0 | BI30: ='Section Load'!AL33 -> 0 | BJ30: ='Section Load'!AM33 -> 0 | BK30: ='Section Load'!AN33 -> 0 | BL30: ='Section Load'!AO33 -> 0 | BM30: ='Section Load'!AP33 -> 0
A31: Mumbai | B31: =B30+1 -> 30 | C31: 3 | D31: 2021 | E31: ='Section Load'!B34 -> 0 | F31: ='Section Load'!C34 -> 0 | G31: ='Section Load'!D34 -> 0 | H31: ='Section Load'!E34 -> 0 | I31: ='Section Load'!F34 -> 0 | J31: ='Section Load'!G34 -> 0 | K31: ='Section Load'!H34 -> 0 | L31: ='Section Load'!I34 -> 0 | ... AL31: ='Section Load'!AI34 -> 0 | AM31: ='[1]28'!$G$92 -> 144 | AN31: ='[1]28'!$G$93 -> 201 | AO31: ='[1]28'!$G$95 -> 90 | AP31: ='[1]28'!$G$96 -> 40 | AQ31: ='[1]28'!$G$97 -> 30 | AR31: ='[1]28'!$G$98 -> 69 | AS31: ='[1]28'!$G$99 -> 27 | AT31: ='[1]28'!$G$100 -> 32 | AU31: ='[1]28'!$G$104 -> 0 | AV31: ='[1]28'!$G$105 -> 9 | AW31: ='[1]28'!$G$106 -> 6 | AX31: ='[1]28'!$G$109 -> 61 | AY31: ='[1]28'!$G$110 -> 49 | AZ31: ='[1]28'!$G$111 -> 0 | BA31: ='[1]28'!$G$114 -> 32 | BB31: ='[1]28'!$G$115 -> 23 | BC31: ='[1]28'!$G$116 -> 0 | BD31: ='[1]28'!$G$118 -> 196 | BE31: ='[1]28'!$G$119 -> 219 | BF31: ='[1]28'!$G$120 -> 110 | BG31: ='Section Load'!AJ34 -> 0 | BH31: ='Section Load'!AK34 -> 0 | BI31: ='Section Load'!AL34 -> 0 | BJ31: ='Section Load'!AM34 -> 0 | BK31: ='Section Load'!AN34 -> 0 | BL31: ='Section Load'!AO34 -> 0 | BM31: ='Section Load'!AP34 -> 0
A32: Mumbai | B32: =B31+1 -> 31 | C32: 3 | D32: 2021 | E32: ='Section Load'!B35 -> 0 | F32: ='Section Load'!C35 -> 0 | G32: ='Section Load'!D35 -> 0 | H32: ='Section Load'!E35 -> 0 | I32: ='Section Load'!F35 -> 0 | J32: ='Section Load'!G35 -> 0 | K32: ='Section Load'!H35 -> 0 | L32: ='Section Load'!I35 -> 0 | ... AL32: ='Section Load'!AI35 -> 0 | AM32: ='[1]28'!$G$92 -> 144 | AN32: ='[1]28'!$G$93 -> 201 | AO32: ='[1]28'!$G$95 -> 90 | AP32: ='[1]28'!$G$96 -> 40 | AQ32: ='[1]28'!$G$97 -> 30 | AR32: ='[1]28'!$G$98 -> 69 | AS32: ='[1]28'!$G$99 -> 27 | AT32: ='[1]28'!$G$100 -> 32 | AU32: ='[1]28'!$G$104 -> 0 | AV32: ='[1]28'!$G$105 -> 9 | AW32: ='[1]28'!$G$106 -> 6 | AX32: ='[1]28'!$G$109 -> 61 | AY32: ='[1]28'!$G$110 -> 49 | AZ32: ='[1]28'!$G$111 -> 0 | BA32: ='[1]28'!$G$114 -> 32 | BB32: ='[1]28'!$G$115 -> 23 | BC32: ='[1]28'!$G$116 -> 0 | BD32: ='[1]28'!$G$118 -> 196 | BE32: ='[1]28'!$G$119 -> 219 | BF32: ='[1]28'!$G$120 -> 110 | BG32: ='Section Load'!AJ35 -> 0 | BH32: ='Section Load'!AK35 -> 0 | BI32: ='Section Load'!AL35 -> 0 | BJ32: ='Section Load'!AM35 -> 0 | BK32: ='Section Load'!AN35 -> 0 | BL32: ='Section Load'!AO35 -> 0 | BM32: ='Section Load'!AP35 -> 0

Sheet Daily HLP
A2: Date | B2: Date | C2: Min.Tem (Degee) | D2: Avg.Temp (Degree) | E2: Hum % | F2: Occu. | G2: KWAH | I2: Electricity | M2: Gas | P2: Water | S2: Water per occiped room | T2: Diesel | W2: Water Consumption Zone | AA2: Chiller Running Hrs | AF2: Chiller Total | AG2: Chiller Avg. Laod | AH2: Boiler Running Hrs | AK2: Total boiler | AL2: Hot Water Generator | AO2: Total HWG RH | AP2: HWG Gas consumption | AQ2: Transformer -1 | BA2: Transformer -2 | BO2: Total HLP Cost | BQ2: Chiller lock at 70%
F3: % | H3: KVAH | I3: Units (Kwh) | J3: Rate | K3: Total Cost(Rs) | L3: Per room | M3: Total Units(CuM) | N3: Rate | O3: Total Cost(Rs) | P3: Units(KL) | Q3: Rate | R3: Total Cost(Rs) | T3: Ltrs | U3: Rate | V3: Total Cost(Rs) | W3: Zone-1 | X3: Zone-2 | Y3: Zone-3 | AA3: CH1 | AB3: CH2 | AC3: CH3 | AD3: CH4 | AE3: Total chiller | AH3: Boiler1 | AI3: Boiler2 | AJ3: Boiler3 | AL3: HWG1 | AM3: HWG2 | AQ3: HVAC-1 | AR3: FPP-1 | AS3: MPP | AT3: Lighting-1 | AU3: Cap bank 1100KVAR-1 | AV3: CH-1 | AW3: CH-2 | AX3: Chilled water Pump | AY3: Co Generator | AZ3: Ball Room-2 | BA3: HVAC-2 | BB3: FPP-2 | BC3: MPP | BD3: Lighting-2 | BE3: Cap bank 1200KVAR-2 | BF3: CH-3 | BG3: CH-4 | BH3: Chilled water Pump | BI3: Ball Room-1 | BK3: Cooling Tower consumption | BL3: HVAC% | BM3: Lighting% | BN3: Power% | BP3: Chiller Plant IKW
A4: 1 | B4: 1 | D4: ='1'!D3 -> 25 | E4: ='1'!D4 -> 0.8 | F4: ='1'!D2 -> 0.47 | G4: ='1'!G8 -> 22554 | H4: ='1'!G8 -> 22554 | I4: ='1'!G7 -> 22397 | J4: ='1'!F27 -> 9 | K4: =H4*J4 -> 202986 | L4: =I4/202 -> 110.87624 | M4: ='1'!G15 -> 880.632 | N4: 35 | O4: =M4*N4 -> 30822.12 | P4: ='1'!G20 -> 228 | Q4: 134 | R4: =P4*Q4 -> 30552 | S4: =P4/(F4*202/100) -> 240.15167 | T4: ='1'!G24 -> 0 | U4: 69 | V4: =T4*U4 -> 0 | W4: ='1'!G95 -> 76 | X4: ='1'!G96 -> 13 | Y4: ='1'!G97 -> 24 | Z4: =W4+X4+Y4 -> 113 | AA4: ='1'!G132 -> 0 | AB4: ='1'!G133 -> 0 | AC4: ='1'!G134 -> 24 | AD4: ='1'!G135 -> 3.44 | AE4: =AA4+AB4+AC4+AD4 -> 27.44 | AF4: =AV4+AW4+BF4+BG4 -> 5749.65 | AG4: =AF4/AE4 -> 209.53535 | AH4: ='1'!G136 -> 8.77 | AI4: ='1'!G137 -> 0 | AJ4: ='1'!G138 -> 5.37 | AK4: =AH4+AI4+AJ4 -> 14.14 | AL4: ='1'!G139 -> 7.71 | AM4: ='1'!G140 -> -0.47 | AO4: =AL4+AM4 -> 7.24 | AP4: ='1'!G123 -> 266.26 | AQ4: ='1'!G35 -> 3193.12 | AR4: ='1'!G37 -> 1450.45 | AS4: ='1'!G38 -> 2140.42 | AT4: ='1'!G39 -> 4328.8 | AU4: ='1'!G40 -> 0 | AV4: ='1'!G41 -> 0 | AW4: ='1'!G42 -> 0 | AX4: ='1'!G43 -> 2455.36 | AY4: ='1'!G44 -> 0 | AZ4: ='1'!G36 -> 759.24 | BA4: ='1'!G49 -> 0 | BB4: ='1'!G51 -> 0 | BC4: ='1'!G52 -> 0 | BD4: ='1'!G53 -> 0 | BE4: ='1'!G54 -> 68.19 | BF4: ='1'!G55 -> 5092.77 | BG4: ='1'!G56 -> 656.88 | BH4: ='1'!G57 -> 0 | BI4: ='1'!G50 -> 1635.92 | BJ4: =SUM(AV4,AW4,BF4,BG4) -> 5749.65 | BK4: ='1'!G84 -> 690 | BL4: =SUM(AQ4,AV4,AW4,AX4,BA4,BF4,BG4,BH4)/I4% -> 50.891325 | BM4: =SUM(AT4,BD4)/I4% -> 19.327589 | BN4: =(AS4+BC4)/I4 -> 0.095567263 | BO4: =K4+O4+R4+V4 -> 264360.12 | BP4: =SUM(AV4,AW4,AX4,BF4,BG4,BH4,BK4) -> 8895.01 | BQ4: =BP4/(AE4*280) -> 1.157722 | BR4: =SUM(AV4,AW4,BF4,BG4)/(AE4*400) -> 0.52383837
A5: 2 | B5: 2 | D5: ='2'!D3 -> 27 | E5: ='2'!D4 -> 0.75 | F5: ='2'!D2 -> 0.48 | G5: ='2'!G8 -> 22596 | H5: ='2'!G8 -> 22596 | I5: ='2'!G7 -> 22379 | J5: 10 | K5: =H5*J5 -> 225960 | L5: =I5/202 -> 110.78713 | M5: ='2'!G15 -> 993.178 | N5: 35 | O5: =M5*N5 -> 34761.23 | P5: ='2'!G20 -> 192 | Q5: 134 | R5: =P5*Q5 -> 25728 | S5: =P5/(F5*202/100) -> 198.0198 | T5: ='2'!G24 -> 0 | U5: 69 | V5: =T5*U5 -> 0 | W5: ='2'!G95 -> 85 | X5: ='2'!G96 -> 18 | Y5: ='2'!G97 -> 19 | Z5: =W5+X5+Y5 -> 122 | AA5: ='2'!G132 -> 0 | AB5: ='2'!G133 -> 0 | AC5: ='2'!G134 -> 19 | AD5: ='2'!G135 -> 7.65 | AE5: =AA5+AB5+AC5+AD5 -> 26.65 | AF5: =AV5+AW5+BF5+BG5 -> 5632.661 | AG5: =AF5/AE5 -> 211.35689 | AH5: ='2'!G136 -> 8.84 | AI5: ='2'!G137 -> 0 | AJ5: ='2'!G138 -> 6.64 | AK5: =AH5+AI5+AJ5 -> 15.48 | AL5: ='2'!G139 -> 8.06 | AM5: ='2'!G140 -> 0.47 | AO5: =AL5+AM5 -> 8.53 | AP5: ='2'!G123 -> 278.29 | AQ5: ='2'!G35 -> 3503.76 | AR5: ='2'!G37 -> 1456.84 | AS5: ='2'!G38 -> 2089.51 | AT5: ='2'!G39 -> 4368.93 | AU5: ='2'!G40 -> 0 | AV5: ='2'!G41 -> 0 | AW5: ='2'!G42 -> 0.001 | AX5: ='2'!G43 -> 2485.52 | AY5: ='2'!G44 -> 0 | AZ5: ='2'!G36 -> 669.28 | BA5: ='2'!G49 -> 0 | BB5: ='2'!G51 -> 0 | BC5: ='2'!G52 -> 0 | BD5: ='2'!G53 -> 0 | BE5: ='2'!G54 -> 36.21 | BF5: ='2'!G55 -> 3791.54 | BG5: ='2'!G56 -> 1841.12 | BH5: ='2'!G57 -> 0 | BI5: ='2'!G50 -> 1600.36 | BJ5: =SUM(AV5,AW5,BF5,BG5) -> 5632.661 | BK5: ='2'!G84 -> 727 | BL5: =SUM(AQ5,AV5,AW5,AX5,BA5,BF5,BG5,BH5)/I5% -> 51.932352 | BM5: =SUM(AT5,BD5)/I5% -> 19.522454 | BN5: =(AS5+BC5)/I5 -> 0.09336923 | BO5: =K5+O5+R5+V5 -> 286449.23 | BP5: =SUM(AV5,AW5,AX5,BF5,BG5,BH5,BK5) -> 8845.181 | BQ5: =BP5/(AE5*280) -> 1.1853633
A6: 3 | B6: 3 | D6: ='3'!D3 -> 27 | E6: ='3'!D4 -> 0.75 | F6: ='3'!D2 -> 0.4352 | G6: ='3'!G8 -> 21194 | H6: ='3'!G8 -> 21194 | I6: ='3'!G7 -> 21109 | J6: 10 | K6: =H6*J6 -> 211940 | L6: =I6/202 -> 104.5 | M6: ='3'!G15 -> 830.41 | N6: 35 | O6: =M6*N6 -> 29064.35 | P6: ='3'!G20 -> 192 | Q6: 134 | R6: =P6*Q6 -> 25728 | S6: =P6/(F6*202/100) -> 218.40419 | T6: ='3'!G24 -> 0 | U6: 69 | V6: =T6*U6 -> 0 | W6: ='3'!G95 -> 76 | X6: ='3'!G96 -> 17 | Y6: ='3'!G97 -> 16 | Z6: =W6+X6+Y6 -> 109 | AA6: ='3'!G132 -> 0 | AB6: ='3'!G133 -> -0.48 | AC6: ='3'!G134 -> 24.06 | AD6: ='3'!G135 -> 0 | AE6: =AA6+AB6+AC6+AD6 -> 23.58 | AF6: =AV6+AW6+BF6+BG6 -> 4924.529 | AG6: =AF6/AE6 -> 208.84347 | AH6: ='3'!G136 -> 8.53 | AI6: ='3'!G137 -> 0 | AJ6: ='3'!G138 -> 5.46 | AK6: =AH6+AI6+AJ6 -> 13.99 | AL6: ='3'!G139 -> 7.06 | AM6: ='3'!G140 -> 0 | AO6: =AL6+AM6 -> 7.06 | AP6: ='3'!G123 -> 245.65 | AQ6: ='3'!G35 -> 3426.88 | AR6: ='3'!G37 -> 197.79 | AS6: ='3'!G38 -> 290.09 | AT6: ='3'!G39 -> 695.16 | AU6: ='3'!G40 -> 0 | AV6: ='3'!G41 -> 0 | AW6: ='3'!G42 -> -0.001 | AX6: ='3'!G43 -> 2463.82 | AY6: ='3'!G44 -> 0 | AZ6: ='3'!G36 -> 626.42 | BA6: ='3'!G49 -> 0 | BB6: ='3'!G51 -> 1271.7 | BC6: ='3'!G52 -> 1881.96 | BD6: ='3'!G53 -> 3661.26 | BE6: ='3'!G54 -> -0.03 | BF6: ='3'!G55 -> 4916.61 | BG6: ='3'!G56 -> 7.92 | BH6: ='3'!G57 -> 0 | BI6: ='3'!G50 -> 1065.36 | BJ6: =SUM(AV6,AW6,BF6,BG6) -> 4924.529 | BK6: ='3'!G84 -> 553 | BL6: =SUM(AQ6,AV6,AW6,AX6,BA6,BF6,BG6,BH6)/I6% -> 51.235156 | BM6: =SUM(AT6,BD6)/I6% -> 20.637737 | BN6: =(AS6+BC6)/I6 -> 0.10289687 | BO6: =K6+O6+R6+V6 -> 266732.35 | BP6: =SUM(AV6,AW6,AX6,BF6,BG6,BH6,BK6) -> 7941.349 | BQ6: =BP6/(AE6*280) -> 1.2027973
A7: 4 | B7: 4 | D7: ='4'!D3 -> 28 | E7: ='4'!D4 -> 0.78 | F7: ='4'!D2 -> 0.45 | G7: ='4'!G8 -> 19927 | H7: ='4'!G8 -> 19927 | I7: ='4'!G7 -> 19792 | J7: 10 | K7: =H7*J7 -> 199270 | L7: =I7/202 -> 97.980198 | M7: ='4'!G15 -> 884.17 | N7: 35 | O7: =M7*N7 -> 30945.95 | P7: ='4'!G20 -> 192 | Q7: 134 | R7: =P7*Q7 -> 25728 | S7: =P7/(F7*202/100) -> 211.22112 | T7: ='4'!G24 -> 0 | U7: 69 | V7: =T7*U7 -> 0 | W7: ='4'!G95 -> 98 | X7: ='4'!G96 -> 10 | Y7: ='4'!G97 -> 16 | Z7: =W7+X7+Y7 -> 124 | AA7: ='4'!G132 -> 0 | AB7: ='4'!G133 -> 0.48 | AC7: ='4'!G134 -> 23.8 | AD7: ='4'!G135 -> -0.09 | AE7: =AA7+AB7+AC7+AD7 -> 24.19 | AF7: =AV7+AW7+BF7+BG7 -> 4227.22 | AG7: =AF7/AE7 -> 174.75072 | AH7: ='4'!G136 -> 8.08 | AI7: ='4'!G137 -> 0 | AJ7: ='4'!G138 -> 3.19 | AK7: =AH7+AI7+AJ7 -> 11.27 | AL7: ='4'!G139 -> 7.03 | AM7: ='4'!G140 -> 0 | AO7: =AL7+AM7 -> 7.03 | AP7: ='4'!G123 -> 244.96 | AQ7: ='4'!G35 -> 3260.65 | AR7: ='4'!G37 -> 0 | AS7: ='4'!G38 -> 0.49 | AT7: ='4'!G39 -> 0 | AU7: ='4'!G40 -> 0 | AV7: ='4'!G41 -> -0.37 | AW7: ='4'!G42 -> 0.15 | AX7: ='4'!G43 -> 2461.47 | AY7: ='4'!G44 -> 0 | AZ7: ='4'!G36 -> 622.49 | BA7: ='4'!G49 -> -0.13 | BB7: ='4'!G51 -> 1488.38 | BC7: ='4'!G52 -> 2010.33 | BD7: ='4'!G53 -> 4163.23 | BE7: ='4'!G54 -> 0 | BF7: ='4'!G55 -> 4227.39 | BG7: ='4'!G56 -> 0.05 | BH7: ='4'!G57 -> -0.33 | BI7: ='4'!G50 -> 1029.33 | BJ7: =SUM(AV7,AW7,BF7,BG7) -> 4227.22 | BK7: ='3'!G84 -> 553 | BL7: =SUM(AQ7,AV7,AW7,AX7,BA7,BF7,BG7,BH7)/I7% -> 50.267179 | BM7: =SUM(AT7,BD7)/I7% -> 21.034913 | BN7: =(AS7+BC7)/I7 -> 0.10159762 | BO7: =K7+O7+R7+V7 -> 255943.95 | BP7: =SUM(AV7,AW7,AX7,BF7,BG7,BH7,BK7) -> 7241.36 | BQ7: =BP7/(AE7*280) -> 1.0691195
A8: 5 | B8: 5 | D8: ='5'!D3 -> 28 | E8: ='5'!D4 -> 0.78 | F8: ='5'!D2 -> 0.48 | G8: ='5'!G8 -> 20535 | H8: ='5'!G8 -> 20535 | I8: ='5'!G7 -> 20391 | J8: 10 | K8: =H8*J8 -> 205350 | L8: =I8/202 -> 100.94554 | M8: ='5'!G15 -> 893.64 | N8: 35 | O8: =M8*N8 -> 31277.4 | P8: ='5'!G20 -> 191 | Q8: 134 | R8: =P8*Q8 -> 25594 | S8: =P8/(F8*202/100) -> 196.98845 | T8: ='5'!G24 -> 0 | U8: 69 | V8: =T8*U8 -> 0 | W8: ='5'!G95 -> 83 | X8: ='5'!G96 -> 11 | Y8: ='5'!G97 -> 11 | Z8: =W8+X8+Y8 -> 105 | AA8: ='5'!G132 -> 386 | AB8: ='5'!G133 -> -1 | AC8: ='5'!G134 -> 24 | AD8: ='5'!G135 -> -0.45 | AE8: =AA8+AB8+AC8+AD8 -> 408.55 | AF8: =AV8+AW8+BF8+BG8 -> 4900.74 | AG8: =AF8/AE8 -> 11.995447 | AH8: ='5'!G136 -> 9.25 | AI8: ='5'!G137 -> -0.31 | AJ8: ='5'!G138 -> 5 | AK8: =AH8+AI8+AJ8 -> 13.94 | AL8: ='5'!G139 -> 7 | AM8: ='5'!G140 -> 0 | AO8: =AL8+AM8 -> 7 | AP8: ='5'!G123 -> 245 | AQ8: ='5'!G35 -> 3368 | AR8: ='5'!G37 -> 35167 | AS8: ='5'!G38 -> -1 | AT8: ='5'!G39 -> 100066 | AU8: ='5'!G40 -> 0 | AV8: ='5'!G41 -> -0.26 | AW8: ='5'!G42 -> -1 | AX8: ='5'!G43 -> 2387 | AY8: ='5'!G44 -> 0 | AZ8: ='5'!G36 -> 577 | BA8: ='5'!G49 -> 0 | BB8: ='5'!G51 -> 1492 | BC8: ='5'!G52 -> 1823 | BD8: ='5'!G53 -> 4265 | BE8: ='5'!G54 -> 0 | BF8: ='5'!G55 -> 4924 | BG8: ='5'!G56 -> -22 | BH8: ='5'!G57 -> 0 | BI8: ='5'!G50 -> 1011 | BJ8: =SUM(AV8,AW8,BF8,BG8) -> 4900.74 | BK8: ='5'!G84 -> 954 | BL8: =SUM(AQ8,AV8,AW8,AX8,BA8,BF8,BG8,BH8)/I8% -> 52.257074 | BM8: =SUM(AT8,BD8)/I8% -> 511.6522 | BN8: =(AS8+BC8)/I8 -> 0.089353146 | BO8: =K8+O8+R8+V8 -> 262221.4 | BP8: =SUM(AV8,AW8,AX8,BF8,BG8,BH8,BK8) -> 8241.74 | BQ8: =BP8/(AE8*280) -> 0.072046961
A9: 6 | B9: 6 | D9: ='6'!D3 -> 29 | E9: ='6'!D4 -> 0.8 | F9: ='6'!D2 -> 0.8 | G9: ='6'!G8 -> 21971 | H9: ='6'!G8 -> 21971 | I9: ='6'!G7 -> 21871 | J9: 10 | K9: =H9*J9 -> 219710 | L9: =I9/202 -> 108.27228 | M9: ='6'!G15 -> 944.36 | N9: 35 | O9: =M9*N9 -> 33052.6 | P9: ='6'!G20 -> 191 | Q9: 134 | R9: =P9*Q9 -> 25594 | S9: =P9/(F9*202/100) -> 118.19307 | T9: ='6'!G24 -> 0 | U9: 69 | V9: =T9*U9 -> 0 | W9: ='6'!G95 -> 120 | X9: ='6'!G96 -> 21 | Y9: ='6'!G97 -> 25 | Z9: =W9+X9+Y9 -> 166 | AA9: ='6'!G132 -> 0 | AB9: ='6'!G133 -> 0 | AC9: ='6'!G134 -> 24 | AD9: ='6'!G135 -> 1.01 | AE9: =AA9+AB9+AC9+AD9 -> 25.01 | AF9: =AV9+AW9+BF9+BG9 -> 5904 | AG9: =AF9/AE9 -> 236.06557 | AH9: ='6'!G136 -> 8.32 | AI9: ='6'!G137 -> 0 | AJ9: ='6'!G138 -> 6 | AK9: =AH9+AI9+AJ9 -> 14.32 | AL9: ='6'!G139 -> 8 | AM9: ='6'!G140 -> 0 | AO9: =AL9+AM9 -> 8 | AP9: ='6'!G123 -> 264 | AQ9: ='6'!G35 -> 3484 | AR9: ='6'!G37 -> 0 | AS9: ='6'!G38 -> 0 | AT9: ='6'!G39 -> 0 | AU9: ='6'!G40 -> 0 | AV9: ='6'!G41 -> 0 | AW9: ='6'!G42 -> 0 | AX9: ='6'!G43 -> 2437 | AY9: ='6'!G44 -> 0 | AZ9: ='6'!G36 -> 624 | BA9: ='6'!G49 -> 0 | BB9: ='6'!G51 -> 1518 | BC9: ='6'!G52 -> 2123 | BD9: ='6'!G53 -> 4237 | BE9: ='6'!G54 -> 0 | BF9: ='6'!G55 -> 5678 | BG9: ='6'!G56 -> 226 | BH9: ='6'!G57 -> 0 | BI9: ='6'!G50 -> 1043 | BJ9: =SUM(AV9,AW9,BF9,BG9) -> 5904 | BK9: ='6'!G84 -> 644 | BL9: =SUM(AQ9,AV9,AW9,AX9,BA9,BF9,BG9,BH9)/I9% -> 54.067029 | BM9: =SUM(AT9,BD9)/I9% -> 19.372685 | BN9: =(AS9+BC9)/I9 -> 0.097069178 | BO9: =K9+O9+R9+V9 -> 278356.6 | BP9: =SUM(AV9,AW9,AX9,BF9,BG9,BH9,BK9) -> 8985 | BQ9: =BP9/(AE9*280) -> 1.2830582
A10: 7 | B10: 7 | D10: ='7'!D3 -> 29 | E10: ='7'!D4 -> 0.82 | F10: ='7'!D2 -> 0.51 | G10: ='7'!G8 -> 21681 | H10: ='7'!G8 -> 21681 | I10: ='7'!G7 -> 21611 | J10: 10 | K10: =H10*J10 -> 216810 | L10: =I10/202 -> 106.98515 | M10: ='7'!G15 -> 931 | N10: 35 | O10: =M10*N10 -> 32585 | P10: ='7'!G20 -> 251 | Q10: 134 | R10: =P10*Q10 -> 33634 | S10: =P10/(F10*202/100) -> 243.64201 | T10: ='7'!G24 -> 0 | U10: 69 | V10: =T10*U10 -> 0 | W10: ='7'!G95 -> 119 | X10: ='7'!G96 -> 32 | Y10: ='7'!G97 -> 28 | Z10: =W10+X10+Y10 -> 179 | AA10: ='7'!G132 -> 0 | AB10: ='7'!G133 -> 0 | AC10: ='7'!G134 -> 24 | AD10: ='7'!G135 -> 0 | AE10: =AA10+AB10+AC10+AD10 -> 24 | AF10: =AV10+AW10+BF10+BG10 -> 5494 | AG10: =AF10/AE10 -> 228.91667 | AH10: ='7'!G136 -> 9.92 | AI10: ='7'!G137 -> 0 | AJ10: ='7'!G138 -> 3 | AK10: =AH10+AI10+AJ10 -> 12.92 | AL10: ='7'!G139 -> 8 | AM10: ='7'!G140 -> 0 | AO10: =AL10+AM10 -> 8 | AP10: ='7'!G123 -> 275 | AQ10: ='7'!G35 -> 3319 | AR10: ='7'!G37 -> 0 | AS10: ='7'!G38 -> 0 | AT10: ='7'!G39 -> 0 | AU10: ='7'!G40 -> 0 | AV10: ='7'!G41 -> 0 | AW10: ='7'!G42 -> 0 | AX10: ='7'!G43 -> 2417 | AY10: ='7'!G44 -> 0 | AZ10: ='7'!G36 -> 611 | BA10: ='7'!G49 -> 0 | BB10: ='7'!G51 -> 1500 | BC10: ='7'!G52 -> 2331 | BD10: ='7'!G53 -> 4230 | BE10: ='7'!G54 -> 0 | BF10: ='7'!G55 -> 5494 | BG10: ='7'!G56 -> 0 | BH10: ='7'!G57 -> 0 | BI10: ='7'!G50 -> 1230 | BJ10: =SUM(AV10,AW10,BF10,BG10) -> 5494 | BK10: ='7'!G84 -> 834 | BL10: =SUM(AQ10,AV10,AW10,AX10,BA10,BF10,BG10,BH10)/I10% -> 51.964277 | BM10: =SUM(AT10,BD10)/I10% -> 19.573365 | BN10: =(AS10+BC10)/I10 -> 0.10786174 | BO10: =K10+O10+R10+V10 -> 283029 | BP10: =SUM(AV10,AW10,AX10,BF10,BG10,BH10,BK10) -> 8745 | BQ10: =BP10/(AE10*280) -> 1.3013393
A11: 8 | B11: 8 | D11: ='8'!D3 -> 27 | E11: ='8'!D4 -> 0.78 | F11: ='8'!D2 -> 0.41 | G11: ='8'!G8 -> 22672 | H11: ='8'!G8 -> 22672 | I11: ='8'!G7 -> 22521 | J11: 10 | K11: =H11*J11 -> 226720 | L11: =I11/202 -> 111.4901 | M11: ='8'!G15 -> 859.85 | N11: 35 | O11: =M11*N11 -> 30094.75 | P11: ='8'!G20 -> 193 | Q11: 134 | R11: =P11*Q11 -> 25862 | S11: =P11/(F11*202/100) -> 233.0355 | T11: ='8'!G24 -> 0 | U11: 69 | V11: =T11*U11 -> 0 | W11: ='8'!G95 -> 72 | X11: ='8'!G96 -> 13 | Y11: ='8'!G97 -> 13 | Z11: =W11+X11+Y11 -> 98 | AA11: ='8'!G132 -> 4.35 | AB11: ='8'!G133 -> 0 | AC11: ='8'!G134 -> 24 | AD11: ='8'!G135 -> 0 | AE11: =AA11+AB11+AC11+AD11 -> 28.35 | AF11: =AV11+AW11+BF11+BG11 -> 5838.26 | AG11: =AF11/AE11 -> 205.9351 | AH11: ='8'!G136 -> 9.69 | AI11: ='8'!G137 -> 0 | AJ11: ='8'!G138 -> 1.82 | AK11: =AH11+AI11+AJ11 -> 11.51 | AL11: ='8'!G139 -> 6.68 | AM11: ='8'!G140 -> 0 | AO11: =AL11+AM11 -> 6.68 | AP11: ='8'!G123 -> 241 | AQ11: ='8'!G35 -> 3394 | AR11: ='8'!G37 -> 0 | AS11: ='8'!G38 -> 0 | AT11: ='8'!G39 -> 0 | AU11: ='8'!G40 -> 0 | AV11: ='8'!G41 -> 885.26 | AW11: ='8'!G42 -> 0 | AX11: ='8'!G43 -> 2516 | AY11: ='8'!G44 -> 0 | AZ11: ='8'!G36 -> 676 | BA11: ='8'!G49 -> 0 | BB11: ='8'!G51 -> 1483 | BC11: ='8'!G52 -> 2160 | BD11: ='8'!G53 -> 4272 | BE11: ='8'!G54 -> 0 | BF11: ='8'!G55 -> 4953 | BG11: ='8'!G56 -> 0 | BH11: ='8'!G57 -> 0 | BI11: ='8'!G50 -> 1538 | BJ11: =SUM(AV11,AW11,BF11,BG11) -> 5838.26 | BK11: ='8'!G84 -> 793 | BL11: =SUM(AQ11,AV11,AW11,AX11,BA11,BF11,BG11,BH11)/I11% -> 52.165801 | BM11: =SUM(AT11,BD11)/I11% -> 18.968962 | BN11: =(AS11+BC11)/I11 -> 0.095910484 | BO11: =K11+O11+R11+V11 -> 282676.75 | BP11: =SUM(AV11,AW11,AX11,BF11,BG11,BH11,BK11) -> 9147.26 | BQ11: =BP11/(AE11*280) -> 1.1523381
A12: 9 | B12: 9 | D12: ='9'!D3 -> 29 | E12: ='9'!D4 -> 0.78 | F12: ='9'!D2 -> 0.45 | G12: ='9'!G8 -> 21123 | H12: ='9'!G8 -> 21123 | I12: ='9'!G7 -> 20912 | J12: 10 | K12: =H12*J12 -> 211230 | L12: =I12/202 -> 103.52475 | M12: ='9'!G15 -> 779.02 | N12: 35 | O12: =M12*N12 -> 27265.7 | P12: ='9'!G20 -> 172 | Q12: 134 | R12: =P12*Q12 -> 23048 | S12: =P12/(F12*202/100) -> 189.21892 | T12: ='9'!G24 -> 0 | U12: 69 | V12: =T12*U12 -> 0 | W12: ='9'!G95 -> 91 | X12: ='9'!G96 -> 12 | Y12: ='9'!G97 -> 17 | Z12: =W12+X12+Y12 -> 120 | AA12: ='9'!G132 -> 0 | AB12: ='9'!G133 -> 0 | AC12: ='9'!G134 -> 24.42 | AD12: ='9'!G135 -> 0 | AE12: =AA12+AB12+AC12+AD12 -> 24.42 | AF12: =AV12+AW12+BF12+BG12 -> 5115 | AG12: =AF12/AE12 -> 209.45946 | AH12: ='9'!G136 -> 8.22 | AI12: ='9'!G137 -> 0 | AJ12: ='9'!G138 -> 3 | AK12: =AH12+AI12+AJ12 -> 11.22 | AL12: ='9'!G139 -> 7.32 | AM12: ='9'!G140 -> 0 | AO12: =AL12+AM12 -> 7.32 | AP12: ='9'!G123 -> 253 | AQ12: ='9'!G35 -> 3381 | AR12: ='9'!G37 -> 0 | AS12: ='9'!G38 -> 0 | AT12: ='9'!G39 -> 0 | AU12: ='9'!G40 -> 0 | AV12: ='9'!G41 -> 0 | AW12: ='9'!G42 -> 0 | AX12: ='9'!G43 -> 2377 | AY12: ='9'!G44 -> 0 | AZ12: ='9'!G36 -> 667 | BA12: ='9'!G49 -> 0 | BB12: ='9'!G51 -> 1491 | BC12: ='9'!G52 -> 2121 | BD12: ='9'!G53 -> 4195 | BE12: ='9'!G54 -> 0 | BF12: ='9'!G55 -> 5115 | BG12: ='9'!G56 -> 0 | BH12: ='9'!G57 -> 0 | BI12: ='9'!G50 -> 1028 | BJ12: =SUM(AV12,AW12,BF12,BG12) -> 5115 | BK12: ='8'!G84 -> 793 | BL12: =SUM(AQ12,AV12,AW12,AX12,BA12,BF12,BG12,BH12)/I12% -> 51.99407 | BM12: =SUM(AT12,BD12)/I12% -> 20.060252 | BN12: =(AS12+BC12)/I12 -> 0.10142502 | BO12: =K12+O12+R12+V12 -> 261543.7 | BP12: =SUM(AV12,AW12,AX12,BF12,BG12,BH12,BK12) -> 8285 | BQ12: =BP12/(AE12*280) -> 1.2116825
A13: 10 | B13: 10 | D13: ='10'!D3 -> 28 | E13: ='10'!D4 -> 0.78 | F13: ='10'!D2 -> 0.42 | G13: ='10'!G8 -> 21940 | H13: ='10'!G8 -> 21940 | I13: ='10'!G7 -> 21790 | J13: 10 | K13: =H13*J13 -> 219400 | L13: =I13/202 -> 107.87129 | M13: ='10'!G15 -> 847.13 | N13: 35 | O13: =M13*N13 -> 29649.55 | P13: ='10'!G20 -> 152 | Q13: 134 | R13: =P13*Q13 -> 20368 | S13: =P13/(F13*202/100) -> 179.16077 | T13: ='10'!G24 -> 0 | U13: 69 | V13: =T13*U13 -> 0 | W13: ='10'!G95 -> 68 | X13: ='10'!G96 -> 11 | Y13: ='10'!G97 -> 18 | Z13: =W13+X13+Y13 -> 97 | AA13: ='10'!G132 -> 0 | AB13: ='10'!G133 -> 0 | AC13: ='10'!G134 -> 24.01 | AD13: ='10'!G135 -> 0 | AE13: =AA13+AB13+AC13+AD13 -> 24.01 | AF13: =AV13+AW13+BF13+BG13 -> 4999 | AG13: =AF13/AE13 -> 208.20491 | AH13: ='10'!G136 -> 8.17 | AI13: ='10'!G137 -> 0 | AJ13: ='10'!G138 -> 3.18 | AK13: =AH13+AI13+AJ13 -> 11.35 | AL13: ='10'!G139 -> 7 | AM13: ='10'!G140 -> 0 | AO13: =AL13+AM13 -> 7 | AP13: ='10'!G123 -> 247 | AQ13: ='10'!G35 -> 3447 | AR13: ='10'!G37 -> 0 | AS13: ='10'!G38 -> 0 | AT13: ='10'!G39 -> 0 | AU13: ='10'!G40 -> 0 | AV13: ='10'!G41 -> 0 | AW13: ='10'!G42 -> 0 | AX13: ='10'!G43 -> 2507 | AY13: ='10'!G44 -> 0 | AZ13: ='10'!G36 -> 702 | BA13: ='10'!G49 -> 0 | BB13: ='10'!G51 -> 1549 | BC13: ='10'!G52 -> 2046 | BD13: ='10'!G53 -> 4185 | BE13: ='10'!G54 -> 0 | BF13: ='10'!G55 -> 4999 | BG13: ='10'!G56 -> 0 | BH13: ='10'!G57 -> 0 | BI13: ='10'!G50 -> 1194 | BJ13: =SUM(AV13,AW13,BF13,BG13) -> 4999 | BK13: ='8'!G84 -> 793 | BL13: =SUM(AQ13,AV13,AW13,AX13,BA13,BF13,BG13,BH13)/I13% -> 50.266177 | BM13: =SUM(AT13,BD13)/I13% -> 19.206058 | BN13: =(AS13+BC13)/I13 -> 0.093896283 | BO13: =K13+O13+R13+V13 -> 269417.55 | BP13: =SUM(AV13,AW13,AX13,BF13,BG13,BH13,BK13) -> 8299 | BQ13: =BP13/(AE13*280) -> 1.2344559
A14: 11 | B14: 11 | D14: ='11'!D3 -> 24 | E14: ='11'!D4 -> 0.8 | F14: ='11'!D2 -> 0.37 | G14: ='11'!G8 -> 21398 | H14: ='11'!G8 -> 21398 | I14: ='11'!G7 -> 21316 | J14: 10 | K14: =H14*J14 -> 213980 | L14: =I14/202 -> 105.52475 | M14: ='11'!G15 -> 852 | N14: 35 | O14: =M14*N14 -> 29820 | P14: ='11'!G20 -> 171 | Q14: 134 | R14: =P14*Q14 -> 22914 | S14: =P14/(F14*202/100) -> 228.79315 | T14: ='11'!G24 -> 0 | U14: 69 | V14: =T14*U14 -> 0 | W14: ='11'!G95 -> 79 | X14: ='11'!G96 -> 10 | Y14: ='11'!G97 -> 22 | Z14: =W14+X14+Y14 -> 111 | AA14: ='11'!G132 -> 0 | AB14: ='11'!G133 -> 0 | AC14: ='11'!G134 -> 24.08 | AD14: ='11'!G135 -> 0 | AE14: =AA14+AB14+AC14+AD14 -> 24.08 | AF14: =AV14+AW14+BF14+BG14 -> 5075 | AG14: =AF14/AE14 -> 210.75581 | AH14: ='11'!G136 -> 8 | AI14: ='11'!G137 -> 0.31 | AJ14: ='11'!G138 -> 6 | AK14: =AH14+AI14+AJ14 -> 14.31 | AL14: ='11'!G139 -> 7 | AM14: ='11'!G140 -> 0 | AO14: =AL14+AM14 -> 7 | AP14: ='11'!G123 -> 233 | AQ14: ='11'!G35 -> 3850 | AR14: ='11'!G37 -> 0 | AS14: ='11'!G38 -> 0 | AT14: ='11'!G39 -> 0 | AU14: ='11'!G40 -> 0 | AV14: ='11'!G41 -> 0 | AW14: ='11'!G42 -> 0 | AX14: ='11'!G43 -> 2394 | AY14: ='11'!G44 -> 0 | AZ14: ='11'!G36 -> 598 | BA14: ='11'!G49 -> 0 | BB14: ='11'!G51 -> 1551 | BC14: ='11'!G52 -> 2085 | BD14: ='11'!G53 -> 4105 | BE14: ='11'!G54 -> 0 | BF14: ='11'!G55 -> 5075 | BG14: ='11'!G56 -> 0 | BH14: ='11'!G57 -> 0 | BI14: ='11'!G50 -> 1135 | BJ14: =SUM(AV14,AW14,BF14,BG14) -> 5075 | BK14: ='11'!G84 -> 998 | BL14: =SUM(AQ14,AV14,AW14,AX14,BA14,BF14,BG14,BH14)/I14% -> 53.100957 | BM14: =SUM(AT14,BD14)/I14% -> 19.257834 | BN14: =(AS14+BC14)/I14 -> 0.097813849 | BO14: =K14+O14+R14+V14 -> 266714 | BP14: =SUM(AV14,AW14,AX14,BF14,BG14,BH14,BK14) -> 8467 | BQ14: =BP14/(AE14*280) -> 1.2557843
A15: 12 | B15: 12 | D15: ='12'!D3 -> 32 | E15: ='12'!D4 -> 0.8 | F15: ='12'!D2 -> 0.42 | G15: ='12'!G8 -> 21271 | H15: ='12'!G8 -> 21271 | I15: ='12'!G7 -> 21182 | J15: 10 | K15: =H15*J15 -> 212710 | L15: =I15/202 -> 104.86139 | M15: ='12'!G15 -> 804.77 | N15: 35 | O15: =M15*N15 -> 28166.95 | P15: ='12'!G20 -> 154 | Q15: 134 | R15: =P15*Q15 -> 20636 | S15: =P15/(F15*202/100) -> 181.51815 | T15: ='12'!G24 -> 0 | U15: 69 | V15: =T15*U15 -> 0 | W15: ='12'!G95 -> 71 | X15: ='12'!G96 -> 8 | Y15: ='12'!G97 -> 18 | Z15: =W15+X15+Y15 -> 97 | AA15: ='12'!G132 -> 0 | AB15: ='12'!G133 -> 0 | AC15: ='12'!G134 -> 24.06 | AD15: ='12'!G135 -> 0 | AE15: =AA15+AB15+AC15+AD15 -> 24.06 | AF15: =AV15+AW15+BF15+BG15 -> 5122 | AG15: =AF15/AE15 -> 212.88446 | AH15: ='12'!G136 -> 8 | AI15: ='12'!G137 -> 0 | AJ15: ='12'!G138 -> 3.86 | AK15: =AH15+AI15+AJ15 -> 11.86 | AL15: ='12'!G139 -> 7 | AM15: ='12'!G140 -> 0 | AO15: =AL15+AM15 -> 7 | AP15: ='12'!G123 -> 245 | AQ15: ='12'!G35 -> 3783 | AR15: ='12'!G37 -> 0 | AS15: ='12'!G38 -> 0 | AT15: ='12'!G39 -> 0 | AU15: ='12'!G40 -> 0 | AV15: ='12'!G41 -> 0 | AW15: ='12'!G42 -> 0 | AX15: ='12'!G43 -> 2392 | AY15: ='12'!G44 -> 0 | AZ15: ='12'!G36 -> 629 | BA15: ='12'!G49 -> 0 | BB15: ='12'!G51 -> 1569 | BC15: ='12'!G52 -> 1820 | BD15: ='12'!G53 -> 4165 | BE15: ='12'!G54 -> 0 | BF15: ='12'!G55 -> 5122 | BG15: ='12'!G56 -> 0 | BH15: ='12'!G57 -> 0 | BI15: ='12'!G50 -> 1179 | BJ15: =SUM(AV15,AW15,BF15,BG15) -> 5122 | BK15: ='12'!G84 -> 991 | BL15: =SUM(AQ15,AV15,AW15,AX15,BA15,BF15,BG15,BH15)/I15% -> 53.333019 | BM15: =SUM(AT15,BD15)/I15% -> 19.662921 | BN15: =(AS15+BC15)/I15 -> 0.085922009 | BO15: =K15+O15+R15+V15 -> 261512.95 | BP15: =SUM(AV15,AW15,AX15,BF15,BG15,BH15,BK15) -> 8505 | BQ15: =BP15/(AE15*280) -> 1.2624688
A16: 13 | B16: 13 | D16: ='13'!D3 -> 28 | E16: ='13'!D4 -> 0.78 | F16: ='13'!D2 -> 0.73 | G16: ='13'!G8 -> 21585 | H16: ='13'!G8 -> 21585 | I16: ='13'!G7 -> 21531 | J16: 10 | K16: =H16*J16 -> 215850 | L16: =I16/202 -> 106.58911 | M16: ='13'!G15 -> 836.23 | N16: 35 | O16: =M16*N16 -> 29268.05 | P16: ='13'!G20 -> 213 | Q16: 134 | R16: =P16*Q16 -> 28542 | S16: =P16/(F16*202/100) -> 144.44595 | T16: ='13'!G24 -> 0 | U16: 69 | V16: =T16*U16 -> 0 | W16: ='13'!G95 -> 105 | X16: ='13'!G96 -> 22 | Y16: ='13'!G97 -> 21 | Z16: =W16+X16+Y16 -> 148 | AA16: ='13'!G132 -> -0.35 | AB16: ='13'!G133 -> 0 | AC16: ='13'!G134 -> 24.43 | AD16: ='13'!G135 -> 0 | AE16: =AA16+AB16+AC16+AD16 -> 24.08 | AF16: =AV16+AW16+BF16+BG16 -> 5361 | AG16: =AF16/AE16 -> 222.63289 | AH16: ='13'!G136 -> 8.98 | AI16: ='13'!G137 -> -0.31 | AJ16: ='13'!G138 -> 2.14 | AK16: =AH16+AI16+AJ16 -> 10.81 | AL16: ='13'!G139 -> 7 | AM16: ='13'!G140 -> 0 | AO16: =AL16+AM16 -> 7 | AP16: ='13'!G123 -> 246 | AQ16: ='13'!G35 -> 3627 | AR16: ='13'!G37 -> 0 | AS16: ='13'!G38 -> 0 | AT16: ='13'!G39 -> 0 | AU16: ='13'!G40 -> 0 | AV16: ='13'!G41 -> 0 | AW16: ='13'!G42 -> 0 | AX16: ='13'!G43 -> 2397 | AY16: ='13'!G44 -> 0 | AZ16: ='13'!G36 -> 667 | BA16: ='13'!G49 -> 0 | BB16: ='13'!G51 -> 1606 | BC16: ='13'!G52 -> 2030 | BD16: ='13'!G53 -> 4243 | BE16: ='13'!G54 -> 0 | BF16: ='13'!G55 -> 5361 | BG16: ='13'!G56 -> 0 | BH16: ='13'!G57 -> 0.33 | BI16: ='13'!G50 -> 1073 | BJ16: =SUM(AV16,AW16,BF16,BG16) -> 5361 | BK16: ='13'!G84 -> 758 | BL16: =SUM(AQ16,AV16,AW16,AX16,BA16,BF16,BG16,BH16)/I16% -> 52.878779 | BM16: =SUM(AT16,BD16)/I16% -> 19.70647 | BN16: =(AS16+BC16)/I16 -> 0.094282662 | BO16: =K16+O16+R16+V16 -> 273660.05 | BP16: =SUM(AV16,AW16,AX16,BF16,BG16,BH16,BK16) -> 8516.33 | BQ16: =BP16/(AE16*280) -> 1.2631007
A17: 14 | B17: 14 | D17: ='14'!D3 -> 30 | E17: ='14'!D4 -> 0.78 | F17: ='14'!D2 -> 0.4 | G17: ='14'!G8 -> 21025 | H17: ='14'!G8 -> 21025 | I17: ='14'!G7 -> 20968 | J17: 10 | K17: =H17*J17 -> 210250 | L17: =I17/202 -> 103.80198 | M17: ='14'!G15 -> 855 | N17: 35 | O17: =M17*N17 -> 29925 | P17: ='14'!G20 -> 232 | Q17: 134 | R17: =P17*Q17 -> 31088 | S17: =P17/(F17*202/100) -> 287.12871 | T17: ='14'!G24 -> 0 | U17: 69 | V17: =T17*U17 -> 0 | W17: ='14'!G95 -> 74 | X17: ='14'!G96 -> 22 | Y17: ='14'!G97 -> 26 | Z17: =W17+X17+Y17 -> 122 | AA17: ='14'!G132 -> 0 | AB17: ='14'!G133 -> 0 | AC17: ='14'!G134 -> 24 | AD17: ='14'!G135 -> 0.42 | AE17: =AA17+AB17+AC17+AD17 -> 24.42 | AF17: =AV17+AW17+BF17+BG17 -> 5010 | AG17: =AF17/AE17 -> 205.15971 | AH17: ='14'!G136 -> 8.36 | AI17: ='14'!G137 -> 0.31 | AJ17: ='14'!G138 -> 3.67 | AK17: =AH17+AI17+AJ17 -> 12.34 | AL17: ='14'!G139 -> 7 | AM17: ='14'!G140 -> 0 | AO17: =AL17+AM17 -> 7 | AP17: ='14'!G123 -> 245 | AQ17: ='14'!G35 -> 3483 | AR17: ='14'!G37 -> 0 | AS17: ='14'!G38 -> 0 | AT17: ='14'!G39 -> 0 | AU17: ='14'!G40 -> 0 | AV17: ='14'!G41 -> 0 | AW17: ='14'!G42 -> 0 | AX17: ='14'!G43 -> 2407 | AY17: ='14'!G44 -> 0 | AZ17: ='14'!G36 -> 659 | BA17: ='14'!G49 -> 0 | BB17: ='14'!G51 -> 1563 | BC17: ='14'!G52 -> 2010 | BD17: ='14'!G53 -> 4133 | BE17: ='14'!G54 -> 0 | BF17: ='14'!G55 -> 5010 | BG17: ='14'!G56 -> 0 | BH17: ='14'!G57 -> 0 | BI17: ='14'!G50 -> 1184 | BJ17: =SUM(AV17,AW17,BF17,BG17) -> 5010 | BK17: ='14'!G84 -> 742 | BL17: =SUM(AQ17,AV17,AW17,AX17,BA17,BF17,BG17,BH17)/I17% -> 51.983976 | BM17: =SUM(AT17,BD17)/I17% -> 19.710988 | BN17: =(AS17+BC17)/I17 -> 0.095860359 | BO17: =K17+O17+R17+V17 -> 271263 | BP17: =SUM(AV17,AW17,AX17,BF17,BG17,BH17,BK17) -> 8159 | BQ17: =BP17/(AE17*280) -> 1.1932549
A18: 15 | B18: 15 | D18: ='15'!D3 -> 24 | E18: ='15'!D4 -> 0.64 | F18: ='15'!D2 -> 0.67 | G18: ='15'!G8 -> 21074 | H18: ='15'!G8 -> 21074 | I18: ='15'!G7 -> 20985 | J18: 10 | K18: =H18*J18 -> 210740 | L18: =I18/202 -> 103.88614 | M18: ='15'!G15 -> 827.709 | N18: 35 | O18: =M18*N18 -> 28969.815 | P18: ='15'!G20 -> 175 | Q18: 134 | R18: =P18*Q18 -> 23450 | S18: =P18/(F18*202/100) -> 129.30398 | T18: ='15'!G24 -> 0 | U18: 69 | V18: =T18*U18 -> 0 | W18: ='15'!G95 -> 72 | X18: ='15'!G96 -> 8 | Y18: ='15'!G97 -> 0 | Z18: =W18+X18+Y18 -> 80 | AA18: ='15'!G132 -> 0 | AB18: ='15'!G133 -> 0 | AC18: ='15'!G134 -> 24 | AD18: ='15'!G135 -> 0 | AE18: =AA18+AB18+AC18+AD18 -> 24 | AF18: =AV18+AW18+BF18+BG18 -> 5696.453 | AG18: =AF18/AE18 -> 237.35221 | AH18: ='15'!G136 -> 7.94 | AI18: ='15'!G137 -> 0.06 | AJ18: ='15'!G138 -> 4.79 | AK18: =AH18+AI18+AJ18 -> 12.79 | AL18: ='15'!G139 -> 7.37 | AM18: ='15'!G140 -> -0.47 | AO18: =AL18+AM18 -> 6.9 | AP18: ='15'!G123 -> 248.97 | AQ18: ='15'!G35 -> 3462.63 | AR18: ='15'!G37 -> 0 | AS18: ='15'!G38 -> 0 | AT18: ='15'!G39 -> 0 | AU18: ='15'!G40 -> -0.06 | AV18: ='15'!G41 -> 612.01 | AW18: ='15'!G42 -> 0.163 | AX18: ='15'!G43 -> 2431.55 | AY18: ='15'!G44 -> 0 | AZ18: ='15'!G36 -> 718 | BA18: ='15'!G49 -> 0.13 | BB18: ='15'!G51 -> 1624.67 | BC18: ='15'!G52 -> 1887.91 | BD18: ='15'!G53 -> 4262.21 | BE18: ='15'!G54 -> 0.29 | BF18: ='15'!G55 -> 5012.17 | BG18: ='15'!G56 -> 72.11 | BH18: ='15'!G57 -> 0 | BI18: ='15'!G50 -> 1168.67 | BJ18: =SUM(AV18,AW18,BF18,BG18) -> 5696.453 | BK18: ='15'!G84 -> 731 | BL18: =SUM(AQ18,AV18,AW18,AX18,BA18,BF18,BG18,BH18)/I18% -> 55.233562 | BM18: =SUM(AT18,BD18)/I18% -> 20.310746 | BN18: =(AS18+BC18)/I18 -> 0.089964737 | BO18: =K18+O18+R18+V18 -> 263159.82 | BP18: =SUM(AV18,AW18,AX18,BF18,BG18,BH18,BK18) -> 8859.003 | BQ18: =BP18/(AE18*280) -> 1.318304
A19: 16 | B19: 16 | D19: ='16'!D3 -> 24 | E19: ='16'!D4 -> 0.64 | F19: ='16'!D2 -> 0.6345 | G19: ='16'!G8 -> 20521 | H19: ='16'!G8 -> 20521 | I19: ='16'!G7 -> 20449 | J19: 10 | K19: =H19*J19 -> 205210 | L19: =I19/202 -> 101.23267 | M19: ='16'!G15 -> 821.111 | N19: 35 | O19: =M19*N19 -> 28738.885 | P19: ='16'!G20 -> 154 | Q19: 134 | R19: =P19*Q19 -> 20636 | S19: =P19/(F19*202/100) -> 120.15386 | T19: ='16'!G24 -> 0 | U19: 69 | V19: =T19*U19 -> 0 | W19: ='16'!G95 -> 72 | X19: ='16'!G96 -> 7 | Y19: ='16'!G97 -> -91 | Z19: =W19+X19+Y19 -> -12 | AA19: ='16'!G132 -> 0 | AB19: ='16'!G133 -> 0 | AC19: ='16'!G134 -> 24.29 | AD19: ='16'!G135 -> -0.06 | AE19: =AA19+AB19+AC19+AD19 -> 24.23 | AF19: =AV19+AW19+BF19+BG19 -> 5084.16 | AG19: =AF19/AE19 -> 209.82914 | AH19: ='16'!G136 -> 8.73 | AI19: ='16'!G137 -> -0.06 | AJ19: ='16'!G138 -> 3.1 | AK19: =AH19+AI19+AJ19 -> 11.77 | AL19: ='16'!G139 -> 4.15 | AM19: ='16'!G140 -> 2.96 | AO19: =AL19+AM19 -> 7.11 | AP19: ='16'!G123 -> 235.94 | AQ19: ='16'!G35 -> 3222.48 | AR19: ='16'!G37 -> 0 | AS19: ='16'!G38 -> 0 | AT19: ='16'!G39 -> 0 | AU19: ='16'!G40 -> 0 | AV19: ='16'!G41 -> 0 | AW19: ='16'!G42 -> 0 | AX19: ='16'!G43 -> 2381.44 | AY19: ='16'!G44 -> 0 | AZ19: ='16'!G36 -> 616.75 | BA19: ='16'!G49 -> 0 | BB19: ='16'!G51 -> 1585.1 | BC19: ='16'!G52 -> 1760.32 | BD19: ='16'!G53 -> 4153.46 | BE19: ='16'!G54 -> 0 | BF19: ='16'!G55 -> 5075.6 | BG19: ='16'!G56 -> 8.56 | BH19: ='16'!G57 -> 0 | BI19: ='16'!G50 -> 1068.24 | BJ19: =SUM(AV19,AW19,BF19,BG19) -> 5084.16 | BK19: ='16'!G84 -> 692 | BL19: =SUM(AQ19,AV19,AW19,AX19,BA19,BF19,BG19,BH19)/I19% -> 52.267006 | BM19: =SUM(AT19,BD19)/I19% -> 20.311311 | BN19: =(AS19+BC19)/I19 -> 0.086083427 | BO19: =K19+O19+R19+V19 -> 254584.89 | BP19: =SUM(AV19,AW19,AX19,BF19,BG19,BH19,BK19) -> 8157.6 | BQ19: =BP19/(AE19*280) -> 1.2024055
A20: 17 | B20: 17 | D20: ='17'!D3 -> 28 | E20: ='17'!D4 -> 0.8 | F20: ='17'!D2 -> 0.49 | G20: ='17'!G8 -> 20325 | H20: ='17'!G8 -> 20325 | I20: ='17'!G7 -> 20248 | J20: 10 | K20: =H20*J20 -> 203250 | L20: =I20/202 -> 100.23762 | M20: ='17'!G15 -> 780.709 | N20: 35 | O20: =M20*N20 -> 27324.815 | P20: ='17'!G20 -> 173 | Q20: 134 | R20: =P20*Q20 -> 23182 | S20: =P20/(F20*202/100) -> 174.78278 | T20: ='17'!G24 -> 0 | U20: 69 | V20: =T20*U20 -> 0 | W20: ='17'!G95 -> 97 | X20: ='17'!G96 -> 14 | Y20: ='17'!G97 -> 0 | Z20: =W20+X20+Y20 -> 111 | AA20: ='17'!G132 -> 0 | AB20: ='17'!G133 -> 0 | AC20: ='17'!G134 -> 23.85 | AD20: ='17'!G135 -> 0 | AE20: =AA20+AB20+AC20+AD20 -> 23.85 | AF20: =AV20+AW20+BF20+BG20 -> 4907.517 | AG20: =AF20/AE20 -> 205.76591 | AH20: ='17'!G136 -> 6.74 | AI20: ='17'!G137 -> 0 | AJ20: ='17'!G138 -> 4.61 | AK20: =AH20+AI20+AJ20 -> 11.35 | AL20: ='17'!G139 -> 0 | AM20: ='17'!G140 -> 7.94 | AO20: =AL20+AM20 -> 7.94 | AP20: ='17'!G123 -> 236.1 | AQ20: ='17'!G35 -> 3306.64 | AR20: ='17'!G37 -> 0 | AS20: ='17'!G38 -> 0 | AT20: ='17'!G39 -> 0 | AU20: ='17'!G40 -> 0 | AV20: ='17'!G41 -> 0 | AW20: ='17'!G42 -> -0.003 | AX20: ='17'!G43 -> 2358 | AY20: ='17'!G44 -> 0 | AZ20: ='17'!G36 -> 641.94 | BA20: ='17'!G49 -> 0 | BB20: ='17'!G51 -> 1574.53 | BC20: ='17'!G52 -> 1736.4 | BD20: ='17'!G53 -> 4104.48 | BE20: ='17'!G54 -> 0 | BF20: ='17'!G55 -> 4898.96 | BG20: ='17'!G56 -> 8.56 | BH20: ='17'!G57 -> 0 | BI20: ='17'!G50 -> 1167.56 | BJ20: =SUM(AV20,AW20,BF20,BG20) -> 4907.517 | BK20: ='17'!G84 -> 661 | BL20: =SUM(AQ20,AV20,AW20,AX20,BA20,BF20,BG20,BH20)/I20% -> 52.21334 | BM20: =SUM(AT20,BD20)/I20% -> 20.271039 | BN20: =(AS20+BC20)/I20 -> 0.085756618 | BO20: =K20+O20+R20+V20 -> 253756.82 | BP20: =SUM(AV20,AW20,AX20,BF20,BG20,BH20,BK20) -> 7926.517 | BQ20: =BP20/(AE20*280) -> 1.1869597
A21: 18 | B21: 18 | D21: ='18'!D3 -> 29 | E21: ='18'!D4 -> 0.8 | F21: ='18'!D2 -> 0.46 | G21: ='18'!G8 -> 23577 | H21: ='18'!G8 -> 23577 | I21: ='18'!G7 -> 23409 | J21: 10 | K21: =H21*J21 -> 235770 | L21: =I21/202 -> 115.88614 | M21: ='18'!G15 -> 810.475 | N21: 35 | O21: =M21*N21 -> 28366.625 | P21: ='18'!G20 -> 133 | Q21: 134 | R21: =P21*Q21 -> 17822 | S21: =P21/(F21*202/100) -> 143.13388 | T21: ='18'!G24 -> 0 | U21: 69 | V21: =T21*U21 -> 0 | W21: ='18'!G95 -> 71 | X21: ='18'!G96 -> 13 | Y21: ='18'!G97 -> 13 | Z21: =W21+X21+Y21 -> 97 | AA21: ='18'!G132 -> 2 | AB21: ='18'!G133 -> 0 | AC21: ='18'!G134 -> 21.89 | AD21: ='18'!G135 -> 0 | AE21: =AA21+AB21+AC21+AD21 -> 23.89 | AF21: =AV21+AW21+BF21+BG21 -> 6598.273 | AG21: =AF21/AE21 -> 276.19393 | AH21: ='18'!G136 -> 6.56 | AI21: ='18'!G137 -> 0 | AJ21: ='18'!G138 -> 5.18 | AK21: =AH21+AI21+AJ21 -> 11.74 | AL21: ='18'!G139 -> 0 | AM21: ='18'!G140 -> 8.8 | AO21: =AL21+AM21 -> 8.8 | AP21: ='18'!G123 -> 261.28 | AQ21: ='18'!G35 -> 3524.64 | AR21: ='18'!G37 -> 0.07 | AS21: ='18'!G38 -> 0 | AT21: ='18'!G39 -> 0 | AU21: ='18'!G40 -> 0 | AV21: ='18'!G41 -> 1922.59 | AW21: ='18'!G42 -> 0.003 | AX21: ='18'!G43 -> 2617.36 | AY21: ='18'!G44 -> 0 | AZ21: ='18'!G36 -> 789.31 | BA21: ='18'!G49 -> 0 | BB21: ='18'!G51 -> 1640.19 | BC21: ='18'!G52 -> 1769.36 | BD21: ='18'!G53 -> 4365.4 | BE21: ='18'!G54 -> 0 | BF21: ='18'!G55 -> 4666.88 | BG21: ='18'!G56 -> 8.8 | BH21: ='18'!G57 -> 0 | BI21: ='18'!G50 -> 1567.92 | BJ21: =SUM(AV21,AW21,BF21,BG21) -> 6598.273 | BK21: ='18'!G84 -> 727 | BL21: =SUM(AQ21,AV21,AW21,AX21,BA21,BF21,BG21,BH21)/I21% -> 54.424679 | BM21: =SUM(AT21,BD21)/I21% -> 18.648383 | BN21: =(AS21+BC21)/I21 -> 0.075584604 | BO21: =K21+O21+R21+V21 -> 281958.62 | BP21: =SUM(AV21,AW21,AX21,BF21,BG21,BH21,BK21) -> 9942.633 | BQ21: =BP21/(AE21*280) -> 1.486371
A22: 19 | B22: 19 | D22: ='19'!D3 -> 28 | E22: ='19'!D4 -> 0.75 | F22: ='19'!D2 -> 0.65 | G22: ='19'!G8 -> 19886 | H22: ='19'!G8 -> 19886 | I22: ='19'!G7 -> 19811 | J22: 10 | K22: =H22*J22 -> 198860 | L22: =I22/202 -> 98.074257 | M22: ='19'!G15 -> 806.656 | N22: 35 | O22: =M22*N22 -> 28232.96 | P22: ='19'!G20 -> 171 | Q22: 134 | R22: =P22*Q22 -> 22914 | S22: =P22/(F22*202/100) -> 130.2361 | T22: ='19'!G24 -> 0 | U22: 69 | V22: =T22*U22 -> 0 | W22: ='19'!G95 -> 76 | X22: ='19'!G96 -> 15 | Y22: ='19'!G97 -> 16 | Z22: =W22+X22+Y22 -> 107 | AA22: ='19'!G132 -> 19.03 | AB22: ='19'!G133 -> 0 | AC22: ='19'!G134 -> 4.97 | AD22: ='19'!G135 -> 0 | AE22: =AA22+AB22+AC22+AD22 -> 24 | AF22: =AV22+AW22+BF22+BG22 -> 4813.65 | AG22: =AF22/AE22 -> 200.56875 | AH22: ='19'!G136 -> 7.59 | AI22: ='19'!G137 -> 0 | AJ22: ='19'!G138 -> 3.79 | AK22: =AH22+AI22+AJ22 -> 11.38 | AL22: ='19'!G139 -> 0 | AM22: ='19'!G140 -> 8.46 | AO22: =AL22+AM22 -> 8.46 | AP22: ='19'!G123 -> 244.44 | AQ22: ='19'!G35 -> 3067.2 | AR22: ='19'!G37 -> 1377.04 | AS22: ='19'!G38 -> 1626.82 | AT22: ='19'!G39 -> 3777.97 | AU22: ='19'!G40 -> 0.23 | AV22: ='19'!G41 -> 3748.49 | AW22: ='19'!G42 -> 0 | AX22: ='19'!G43 -> 2381.28 | AY22: ='19'!G44 -> 0 | AZ22: ='19'!G36 -> 604.67 | BA22: ='19'!G49 -> 0 | BB22: ='19'!G51 -> 82.38 | BC22: ='19'!G52 -> 98.08 | BD22: ='19'!G53 -> 243.56 | BE22: ='19'!G54 -> 73.1 | BF22: ='19'!G55 -> 1056.6 | BG22: ='19'!G56 -> 8.56 | BH22: ='19'!G57 -> -0.33 | BI22: ='19'!G50 -> 1178.96 | BJ22: =SUM(AV22,AW22,BF22,BG22) -> 4813.65 | BK22: ='19'!G84 -> 715 | BL22: =SUM(AQ22,AV22,AW22,AX22,BA22,BF22,BG22,BH22)/I22% -> 51.798496 | BM22: =SUM(AT22,BD22)/I22% -> 20.29948 | BN22: =(AS22+BC22)/I22 -> 0.087067791 | BO22: =K22+O22+R22+V22 -> 250006.96 | BP22: =SUM(AV22,AW22,AX22,BF22,BG22,BH22,BK22) -> 7909.6 | BQ22: =BP22/(AE22*280) -> 1.1770238
A23: 20 | B23: 20 | D23: ='20'!D3 -> 28 | E23: ='20'!D4 -> 0.51 | F23: ='20'!D2 -> 0.6022 | G23: ='20'!G8 -> 21614 | H23: ='20'!G8 -> 21614 | I23: ='20'!G7 -> 21543 | J23: 10 | K23: =H23*J23 -> 216140 | L23: =I23/202 -> 106.64851 | M23: ='20'!G15 -> 922.34 | N23: 35 | O23: =M23*N23 -> 32281.9 | P23: ='20'!G20 -> 152 | Q23: 134 | R23: =P23*Q23 -> 20368 | S23: =P23/(F23*202/100) -> 124.95438 | T23: ='20'!G24 -> 0 | U23: 69 | V23: =T23*U23 -> 0 | W23: ='20'!G95 -> 77 | X23: ='20'!G96 -> 16 | Y23: ='20'!G97 -> 20 | Z23: =W23+X23+Y23 -> 113 | AA23: ='20'!G132 -> 19.79 | AB23: ='20'!G133 -> 0.52 | AC23: ='20'!G134 -> 4 | AD23: ='20'!G135 -> 0 | AE23: =AA23+AB23+AC23+AD23 -> 24.31 | AF23: =AV23+AW23+BF23+BG23 -> 5278.36 | AG23: =AF23/AE23 -> 217.12711 | AH23: ='20'!G136 -> 9.85 | AI23: ='20'!G137 -> 0 | AJ23: ='20'!G138 -> 2.48 | AK23: =AH23+AI23+AJ23 -> 12.33 | AL23: ='20'!G139 -> 0 | AM23: ='20'!G140 -> 9.16 | AO23: =AL23+AM23 -> 9.16 | AP23: ='20'!G123 -> 267.74 | AQ23: ='20'!G35 -> 3354 | AR23: ='20'!G37 -> 1568.42 | AS23: ='20'!G38 -> 1803.91 | AT23: ='20'!G39 -> 4253.4 | AU23: ='20'!G40 -> 0 | AV23: ='20'!G41 -> 4344.18 | AW23: ='20'!G42 -> 0 | AX23: ='20'!G43 -> 2443.92 | AY23: ='20'!G44 -> 0 | AZ23: ='20'!G36 -> 603.14 | BA23: ='20'!G49 -> 0 | BB23: ='20'!G51 -> 0 | BC23: ='20'!G52 -> 0 | BD23: ='20'!G576 -> 0 | BE23: ='20'!G54 -> 81.17 | BF23: ='20'!G55 -> 925.34 | BG23: ='20'!G56 -> 8.84 | BH23: ='20'!G57 -> 0 | BI23: ='20'!G50 -> 1405.48 | BJ23: =SUM(AV23,AW23,BF23,BG23) -> 5278.36 | BK23: ='20'!G84 -> 686 | BL23: =SUM(AQ23,AV23,AW23,AX23,BA23,BF23,BG23,BH23)/I23% -> 51.414752 | BM23: =SUM(AT23,BD23)/I23% -> 19.743768 | BN23: =(AS23+BC23)/I23 -> 0.08373532 | BO23: =K23+O23+R23+V23 -> 268789.9 | BP23: =SUM(AV23,AW23,AX23,BF23,BG23,BH23,BK23) -> 8408.28 | BQ23: =BP23/(AE23*280) -> 1.2352765
A24: 21 | B24: 21 | D24: 21 | E24: ='21'!D4 -> 0.75 | F24: ='21'!D2 -> 0.48 | G24: ='21'!G8 -> 21610 | H24: ='21'!G8 -> 21610 | I24: ='21'!G7 -> 21518 | J24: 10 | K24: =H24*J24 -> 216100 | L24: =I24/202 -> 106.52475 | M24: ='21'!G15 -> 979.97 | N24: 35 | O24: =M24*N24 -> 34298.95 | P24: ='21'!G20 -> 203 | Q24: 134 | R24: =P24*Q24 -> 27202 | S24: =P24/(F24*202/100) -> 209.36469 | T24: ='21'!G24 -> 0 | U24: 69 | V24: =T24*U24 -> 0 | W24: ='21'!G95 -> 80 | X24: ='21'!G96 -> 26 | Y24: ='21'!G97 -> 28 | Z24: =W24+X24+Y24 -> 134 | AA24: ='21'!G132 -> 24.35 | AB24: ='21'!G133 -> 0 | AC24: ='21'!G134 -> 0 | AD24: ='21'!G135 -> 0 | AE24: =AA24+AB24+AC24+AD24 -> 24.35 | AF24: =AV24+AW24+BF24+BG24 -> 5380.737 | AG24: =AF24/AE24 -> 220.97483 | AH24: ='21'!G136 -> 9.57 | AI24: ='21'!G137 -> 0 | AJ24: ='21'!G138 -> 1.98 | AK24: =AH24+AI24+AJ24 -> 11.55 | AL24: ='21'!G139 -> 0 | AM24: ='21'!G140 -> 9.82 | AO24: =AL24+AM24 -> 9.82 | AP24: ='21'!G123 -> 300.25 | AQ24: ='21'!G35 -> 3387.04 | AR24: ='21'!G37 -> 1605.37 | AS24: ='21'!G38 -> 1861.43 | AT24: ='21'!G39 -> 4179.66 | AU24: ='21'!G40 -> 0 | AV24: ='21'!G41 -> 5371.58 | AW24: ='21'!G42 -> 0.437 | AX24: ='21'!G43 -> 2440.45 | AY24: ='21'!G44 -> 0 | AZ24: ='21'!G36 -> 605.14 | BA24: ='21'!G49 -> 0 | BB24: ='21'!G51 -> 0 | BC24: ='21'!G52 -> 0 | BD24: ='21'!G53 -> 205.62 | BE24: ='21'!G54 -> 78.49 | BF24: ='21'!G55 -> 0 | BG24: ='21'!G56 -> 8.72 | BH24: ='21'!G57 -> 0 | BI24: ='21'!G50 -> 1212.48 | BJ24: =SUM(AV24,AW24,BF24,BG24) -> 5380.737 | BK24: ='21'!G84 -> 683 | BL24: =SUM(AQ24,AV24,AW24,AX24,BA24,BF24,BG24,BH24)/I24% -> 52.08768 | BM24: =SUM(AT24,BD24)/I24% -> 20.379589 | BN24: =(AS24+BC24)/I24 -> 0.086505716 | BO24: =K24+O24+R24+V24 -> 277600.95 | BP24: =SUM(AV24,AW24,AX24,BF24,BG24,BH24,BK24) -> 8504.187 | BQ24: =BP24/(AE24*280) -> 1.247314
A25: 22 | B25: 22 | D25: ='22'!D3 -> 28 | E25: ='22'!D4 -> 0.75 | F25: ='22'!D2 -> 0.38 | G25: ='22'!G8 -> 21749 | H25: ='22'!G8 -> 21749 | I25: ='22'!G7 -> 21653 | J25: 10 | K25: =H25*J25 -> 217490 | L25: =I25/202 -> 107.19307 | M25: ='22'!G15 -> 949.8 | N25: 35 | O25: =M25*N25 -> 33243 | P25: ='22'!G20 -> 174 | Q25: 134 | R25: =P25*Q25 -> 23316 | S25: =P25/(F25*202/100) -> 226.68056 | T25: ='22'!G24 -> 0 | U25: 69 | V25: =T25*U25 -> 0 | W25: ='22'!G95 -> 85 | X25: ='22'!G96 -> 17 | Y25: ='22'!G97 -> 21 | Z25: =W25+X25+Y25 -> 123 | AA25: ='22'!G132 -> 24.22 | AB25: ='22'!G133 -> 0 | AC25: ='22'!G134 -> 0 | AD25: ='22'!G135 -> 0.01 | AE25: =AA25+AB25+AC25+AD25 -> 24.23 | AF25: =AV25+AW25+BF25+BG25 -> 5689.22 | AG25: =AF25/AE25 -> 234.80066 | AH25: ='22'!G136 -> 9.95 | AI25: ='22'!G137 -> 0.06 | AJ25: ='22'!G138 -> 3.77 | AK25: =AH25+AI25+AJ25 -> 13.78 | AL25: ='22'!G139 -> 0 | AM25: ='22'!G140 -> 9.25 | AO25: =AL25+AM25 -> 9.25 | AP25: ='22'!G123 -> 281.96 | AQ25: ='22'!G35 -> 3337.84 | AR25: ='22'!G37 -> 1553.18 | AS25: ='22'!G38 -> 1793.54 | AT25: ='22'!G39 -> 4121.18 | AU25: ='22'!G40 -> 0 | AV25: ='22'!G41 -> 5680.22 | AW25: ='22'!G42 -> 0 | AX25: ='22'!G43 -> 2399.47 | AY25: ='22'!G44 -> 0 | AZ25: ='22'!G36 -> 664.16 | BA25: ='22'!G49 -> 0 | BB25: ='22'!G51 -> 0 | BC25: ='22'!G52 -> 0 | BD25: ='22'!G53 -> 214.22 | BE25: ='22'!G54 -> 77.81 | BF25: ='22'!G55 -> 0 | BG25: ='22'!G56 -> 9 | BH25: ='22'!G57 -> 0 | BI25: ='22'!G50 -> 1248.44 | BJ25: =SUM(AV25,AW25,BF25,BG25) -> 5689.22 | BK25: ='22'!G84 -> 675 | BL25: =SUM(AQ25,AV25,AW25,AX25,BA25,BF25,BG25,BH25)/I25% -> 52.771117 | BM25: =SUM(AT25,BD25)/I25% -> 20.022168 | BN25: =(AS25+BC25)/I25 -> 0.082831016 | BO25: =K25+O25+R25+V25 -> 274049 | BP25: =SUM(AV25,AW25,AX25,BF25,BG25,BH25,BK25) -> 8763.69 | BQ25: =BP25/(AE25*280) -> 1.2917413
A26: 23 | B26: 23 | D26: ='23'!D3 -> 30 | E26: ='23'!D4 -> 0.78 | F26: ='23'!D2 -> 0.52 | G26: ='23'!G8 -> 21024 | H26: ='23'!G8 -> 21024 | I26: ='23'!G7 -> 20933 | J26: 10 | K26: =H26*J26 -> 210240 | L26: =I26/202 -> 103.62871 | M26: ='23'!G15 -> 913.23 | N26: 35 | O26: =M26*N26 -> 31963.05 | P26: ='23'!G20 -> 152 | Q26: 134 | R26: =P26*Q26 -> 20368 | S26: =P26/(F26*202/100) -> 144.70678 | T26: ='23'!G24 -> 0 | U26: 69 | V26: =T26*U26 -> 0 | W26: ='23'!G95 -> 76 | X26: ='23'!G96 -> 16 | Y26: ='23'!G97 -> 14 | Z26: =W26+X26+Y26 -> 106 | AA26: ='23'!G132 -> 23.58 | AB26: ='23'!G133 -> 0 | AC26: ='23'!G134 -> 0 | AD26: ='23'!G135 -> 0 | AE26: =AA26+AB26+AC26+AD26 -> 23.58 | AF26: =AV26+AW26+BF26+BG26 -> 5237.78 | AG26: =AF26/AE26 -> 222.12807 | AH26: ='23'!G136 -> 8.58 | AI26: ='23'!G137 -> -0.06 | AJ26: ='23'!G138 -> 2.63 | AK26: =AH26+AI26+AJ26 -> 11.15 | AL26: ='23'!G139 -> 0 | AM26: ='23'!G140 -> 9.74 | AO26: =AL26+AM26 -> 9.74 | AP26: ='23'!G123 -> 273.32 | AQ26: ='23'!G35 -> 3280.53 | AR26: ='23'!G37 -> 1487.92 | AS26: ='23'!G38 -> 1823.3 | AT26: ='23'!G39 -> 4120.79 | AU26: ='23'!G40 -> 0 | AV26: ='23'!G41 -> 5237.93 | AW26: ='23'!G42 -> 0 | AX26: ='23'!G43 -> 2358.53 | AY26: ='23'!G44 -> 0 | AZ26: ='23'!G36 -> 620.89 | BA26: ='23'!G49 -> -0.13 | BB26: ='23'!G51 -> 0 | BC26: ='23'!G52 -> -0.07 | BD26: ='23'!G53 -> 0 | BE26: ='23'!G54 -> 76.14 | BF26: ='23'!G55 -> 0 | BG26: ='23'!G56 -> -0.15 | BH26: ='23'!G57 -> 0 | BI26: ='23'!G50 -> 1181.25 | BJ26: =SUM(AV26,AW26,BF26,BG26) -> 5237.78 | BK26: ='23'!G84 -> 708 | BL26: =SUM(AQ26,AV26,AW26,AX26,BA26,BF26,BG26,BH26)/I26% -> 51.959633 | BM26: =SUM(AT26,BD26)/I26% -> 19.685616 | BN26: =(AS26+BC26)/I26 -> 0.087098361 | BO26: =K26+O26+R26+V26 -> 262571.05 | BP26: =SUM(AV26,AW26,AX26,BF26,BG26,BH26,BK26) -> 8304.31 | BQ26: =BP26/(AE26*280) -> 1.2577714
A27: 24 | B27: 24 | D27: ='24'!D3 -> 28 | E27: ='24'!D4 -> 0.8 | F27: ='24'!D2 -> 0.63 | G27: ='24'!G8 -> 21369 | H27: ='24'!G8 -> 21369 | I27: ='24'!G7 -> 21281 | J27: 10 | K27: =H27*J27 -> 213690 | L27: =I27/202 -> 105.35149 | M27: ='24'!G15 -> 296 | N27: 35 | O27: =M27*N27 -> 10360 | P27: ='24'!G20 -> 194 | Q27: 134 | R27: =P27*Q27 -> 25996 | S27: =P27/(F27*202/100) -> 152.44382 | T27: ='24'!G24 -> 1290 | U27: 69 | V27: =T27*U27 -> 89010 | W27: ='24'!G95 -> 85 | X27: ='24'!G96 -> 15 | Y27: ='24'!G97 -> 13 | Z27: =W27+X27+Y27 -> 113 | AA27: ='24'!G132 -> 23.98 | AB27: ='24'!G133 -> 0 | AC27: ='24'!G134 -> 0 | AD27: ='24'!G135 -> 0 | AE27: =AA27+AB27+AC27+AD27 -> 23.98 | AF27: =AV27+AW27+BF27+BG27 -> 5174.85 | AG27: =AF27/AE27 -> 215.79858 | AH27: ='24'!G136 -> 3.4 | AI27: ='24'!G137 -> 4.66 | AJ27: ='24'!G138 -> 0 | AK27: =AH27+AI27+AJ27 -> 8.06 | AL27: ='24'!G139 -> 0 | AM27: ='24'!G140 -> 8.71 | AO27: =AL27+AM27 -> 8.71 | AP27: ='24'!G123 -> 101 | AQ27: ='24'!G35 -> 3119 | AR27: ='24'!G37 -> 1480 | AS27: ='24'!G38 -> 1763 | AT27: ='24'!G39 -> 4091 | AU27: ='24'!G40 -> 0 | AV27: ='24'!G41 -> 5174 | AW27: ='24'!G42 -> 0.4 | AX27: ='24'!G43 -> 2354 | AY27: ='24'!G44 -> 0 | AZ27: ='24'!G36 -> 598 | BA27: ='24'!G49 -> 0 | BB27: ='24'!G51 -> 0.13 | BC27: ='24'!G52 -> 0 | BD27: ='24'!G53 -> -0.47 | BE27: ='24'!G54 -> 70 | BF27: ='24'!G55 -> 0.45 | BG27: ='24'!G56 -> 0 | BH27: ='24'!G57 -> 0 | BI27: ='24'!G50 -> 1818 | BJ27: =SUM(AV27,AW27,BF27,BG27) -> 5174.85 | BK27: ='24'!G84 -> 738 | BL27: =SUM(AQ27,AV27,AW27,AX27,BA27,BF27,BG27,BH27)/I27% -> 50.034538 | BM27: =SUM(AT27,BD27)/I27% -> 19.221512 | BN27: =(AS27+BC27)/I27 -> 0.082843851 | BO27: =K27+O27+R27+V27 -> 339056 | BP27: =SUM(AV27,AW27,AX27,BF27,BG27,BH27,BK27) -> 8266.85 | BQ27: =BP27/(AE27*280) -> 1.231212
A28: 25 | B28: 25 | D28: ='25'!D3 -> 31 | E28: ='25'!D4 -> 0.8 | F28: ='25'!D2 -> 0.54 | G28: ='25'!G8 -> -4987377 | H28: ='25'!G8 -> -4987377 | I28: ='25'!G7 -> -4956677 | J28: 10 | K28: =H28*J28 -> -49873770 | L28: =I28/202 -> -24538.005 | M28: ='25'!G15 -> -1640178 | N28: 35 | O28: =M28*N28 -> -57406230 | P28: ='25'!G20 -> -135723 | Q28: 134 | R28: =P28*Q28 -> -18186882 | S28: =P28/(F28*202/100) -> -124425.19 | T28: ='25'!G24 -> 0 | U28: 69 | V28: =T28*U28 -> 0 | W28: ='25'!G95 -> -410164 | X28: ='25'!G96 -> -101699 | Y28: ='25'!G97 -> -96757 | Z28: =W28+X28+Y28 -> -608620 | AA28: ='25'!G132 -> -39365.28 | AB28: ='25'!G133 -> -299.52 | AC28: ='25'!G134 -> -40802 | AD28: ='25'!G135 -> -32582.93 | AE28: =AA28+AB28+AC28+AD28 -> -113049.73 | AF28: =AV28+AW28+BF28+BG28 -> -894733 | AG28: =AF28/AE28 -> 7.9145081 | AH28: ='24'!G136 -> 3.4 | AI28: ='24'!G137 -> 4.66 | AJ28: ='24'!G138 -> 0 | AK28: =AH28+AI28+AJ28 -> 8.06 | AL28: ='23'!G139 -> 0 | AM28: ='24'!G140 -> 8.71 | AO28: =AL28+AM28 -> 8.71 | AP28: ='25'!G123 -> -816987 | AQ28: ='25'!G35 -> -774670 | AR28: ='25'!G37 -> -44239 | AS28: ='25'!G38 -> -59005 | AT28: ='25'!G39 -> -124610 | AU28: ='25'!G40 -> -0.23 | AV28: ='25'!G41 -> -96858 | AX28: ='25'!G43 -> -884161 | AY28: ='25'!G44 -> 0 | AZ28: ='25'!G36 -> -311995 | BA28: ='25'!G49 -> -260732 | BB28: ='25'!G51 -> -144640 | BC28: ='25'!G52 -> -539606 | BD28: ='25'!G53 -> -399433 | BE28: ='24'!G54 -> 70 | BF28: ='25'!G55 -> -208981 | BG28: ='25'!G56 -> -588894 | BH28: ='25'!G57 -> -7711 | BI28: ='25'!G50 -> -432426 | BJ28: =SUM(AV28,AW28,BF28,BG28) -> -894733 | BK28: ='25'!G84 -> -448965 | BL28: =SUM(AQ28,AV28,AW28,AX28,BA28,BF28,BG28,BH28)/I28% -> 56.933446 | BM28: =SUM(AT28,BD28)/I28% -> 10.572466 | BN28: =(AS28+BC28)/I28 -> 0.12076861 | BO28: =K28+O28+R28+V28 -> -125466882 | BP28: =SUM(AV28,AW28,AX28,BF28,BG28,BH28,BK28) -> -2235570 | BQ28: =BP28/(AE28*280) -> 0.070625366
A29: 26 | B29: 26 | D29: ='26'!D3 -> 28 | E29: ='26'!D4 -> 0.74 | F29: ='26'!D2 -> 0.54 | G29: ='26'!G8 -> 0 | H29: ='26'!G8 -> 0 | I29: ='26'!G7 -> 0 | J29: 10 | K29: =H29*J29 -> 0 | L29: =I29/202 -> 0 | M29: ='26'!G15 -> 0 | N29: 35 | O29: =M29*N29 -> 0 | P29: ='26'!G20 -> 0 | Q29: 134 | R29: =P29*Q29 -> 0 | S29: =P29/(F29*202/100) -> 0 | T29: ='26'!G24 -> 0 | U29: 69 | V29: =T29*U29 -> 0 | W29: ='26'!G95 -> 0 | X29: ='26'!G96 -> 0 | Y29: ='26'!G97 -> 0 | Z29: =W29+X29+Y29 -> 0 | AA29: ='26'!G132 -> 0 | AB29: ='26'!G133 -> 0 | AC29: ='26'!G134 -> 0 | AD29: ='26'!G135 -> 0 | AE29: =AA29+AB29+AC29+AD29 -> 0 | AF29: =AV29+AW29+BF29+BG29 -> 0 | AG29: =AF29/AE29 -> #DIV/0! | AH29: ='26'!G136 -> 0 | AI29: ='26'!G137 -> 0 | AJ29: ='26'!G138 -> 0 | AK29: =AH29+AI29+AJ29 -> 0 | AL29: ='26'!G139 -> 0 | AM29: ='26'!G140 -> 0 | AO29: =AL29+AM29 -> 0 | AP29: ='26'!G123 -> 0 | AQ29: ='26'!G35 -> 0 | AR29: ='26'!G37 -> 0 | AS29: ='26'!G38 -> 0 | AT29: ='26'!G39 -> 0 | AU29: ='26'!G40 -> 0 | AV29: ='26'!G41 -> 0 | AW29: ='26'!G42 -> 0 | AX29: ='26'!G43 -> 0 | AY29: ='26'!G44 -> 0 | AZ29: ='26'!G36 -> 0 | BA29: ='26'!G49 -> 0 | BB29: ='26'!G51 -> 0 | BC29: ='26'!G52 -> 0 | BD29: ='26'!G53 -> 0 | BE29: ='26'!G54 -> 0 | BF29: ='26'!G55 -> 0 | BG29: ='26'!G56 -> 0 | BH29: ='26'!G57 -> 0 | BI29: ='26'!G50 -> 0 | BJ29: =SUM(AV29,AW29,BF29,BG29) -> 0 | BK29: ='26'!G84 -> 0 | BL29: =SUM(AQ29,AV29,AW29,AX29,BA29,BF29,BG29,BH29)/I29% -> #DIV/0! | BM29: =SUM(AT29,BD29)/I29% -> #DIV/0! | BN29: =(AS29+BC29)/I29 -> #DIV/0! | BO29: =K29+O29+R29+V29 -> 0 | BP29: =SUM(AV29,AW29,AX29,BF29,BG29,BH29,BK29) -> 0 | BQ29: =BP29/(AE29*280) -> #DIV/0!
A30: 27 | B30: 27 | D30: ='27'!D3 -> 22 | E30: ='27'!D4 -> 0.76 | F30: ='27'!D2 -> 0.49 | G30: ='27'!G8 -> 0 | H30: ='27'!G8 -> 0 | I30: ='27'!G7 -> 0 | J30: 10 | K30: =H30*J30 -> 0 | L30: =I30/202 -> 0 | M30: ='27'!G15 -> 0 | N30: 35 | O30: =M30*N30 -> 0 | P30: ='27'!G20 -> 0 | Q30: 134 | R30: =P30*Q30 -> 0 | S30: =P30/(F30*202/100) -> 0 | T30: ='27'!G24 -> 0 | U30: 69 | V30: =T30*U30 -> 0 | W30: ='27'!G95 -> 0 | X30: ='27'!G96 -> 0 | Y30: ='27'!G97 -> 0 | Z30: =W30+X30+Y30 -> 0 | AA30: ='27'!G132 -> 0 | AB30: ='27'!G133 -> 0 | AC30: ='27'!G134 -> 0 | AD30: ='27'!G135 -> 0 | AE30: =AA30+AB30+AC30+AD30 -> 0 | AF30: =AV30+AW30+BF30+BG30 -> 0 | AG30: =AF30/AE30 -> #DIV/0! | AH30: ='27'!G136 -> 0 | AI30: ='27'!G137 -> 0 | AJ30: ='27'!G138 -> 0 | AK30: =AH30+AI30+AJ30 -> 0 | AL30: ='27'!G139 -> 0 | AM30: ='27'!G140 -> 0 | AO30: =AL30+AM30 -> 0 | AP30: ='27'!G123 -> 0 | AQ30: ='27'!G35 -> 0 | AR30: ='27'!G37 -> 0 | AS30: ='27'!G38 -> 0 | AT30: ='27'!G39 -> 0 | AU30: ='27'!G40 -> 0 | AV30: ='27'!G41 -> 0 | AW30: ='27'!G42 -> 0 | AX30: ='27'!G43 -> 0 | AY30: ='27'!G44 -> 0 | AZ30: ='27'!G36 -> 0 | BA30: ='27'!G49 -> 0 | BB30: ='27'!G51 -> 0 | BC30: ='27'!G52 -> 0 | BD30: ='27'!G53 -> 0 | BE30: ='27'!G54 -> 0 | BF30: ='27'!G55 -> 0 | BG30: ='27'!G56 -> 0 | BH30: ='27'!G57 -> 0 | BI30: ='27'!G50 -> 0 | BJ30: =SUM(AV30,AW30,BF30,BG30) -> 0 | BK30: ='27'!G84 -> 0 | BL30: =SUM(AQ30,AV30,AW30,AX30,BA30,BF30,BG30,BH30)/I30% -> #DIV/0! | BM30: =SUM(AT30,BD30)/I30% -> #DIV/0! | BN30: =(AS30+BC30)/I30 -> #DIV/0! | BO30: =K30+O30+R30+V30 -> 0 | BP30: =SUM(AV30,AW30,AX30,BF30,BG30,BH30,BK30) -> 0 | BQ30: =BP30/(AE30*280) -> #DIV/0!
A31: 28 | B31: 28 | D31: ='28'!D3 -> 23 | E31: ='28'!D4 -> 0.77 | F31: ='28'!D2 -> 0.52 | G31: ='28'!G8 -> 0 | H31: ='28'!G8 -> 0 | I31: ='28'!G7 -> 0 | J31: 10 | K31: =H31*J31 -> 0 | L31: =I31/202 -> 0 | M31: ='28'!G15 -> 0 | N31: 35 | O31: =M31*N31 -> 0 | P31: ='28'!G20 -> 0 | Q31: 134 | R31: =P31*Q31 -> 0 | S31: =P31/(F31*202/100) -> 0 | T31: ='28'!G24 -> 0 | U31: 69 | V31: =T31*U31 -> 0 | W31: ='28'!G95 -> 0 | X31: ='28'!G96 -> 0 | Y31: ='28'!G97 -> 0 | Z31: =W31+X31+Y31 -> 0 | AA31: ='28'!G132 -> 0 | AB31: ='28'!G133 -> 0 | AC31: ='28'!G134 -> 0 | AD31: ='28'!G135 -> 0 | AE31: =AA31+AB31+AC31+AD31 -> 0 | AF31: =AV31+AW31+BF31+BG31 -> 0 | AG31: =AF31/AE31 -> #DIV/0! | AH31: ='28'!G136 -> 0 | AI31: ='28'!G137 -> 0 | AJ31: ='28'!G138 -> 0 | AK31: =AH31+AI31+AJ31 -> 0 | AL31: ='28'!G139 -> 0 | AM31: ='28'!G140 -> 0 | AO31: =AL31+AM31 -> 0 | AP31: ='28'!G123 -> 0 | AQ31: ='28'!G35 -> 0 | AR31: ='28'!G37 -> 0 | AS31: ='28'!G38 -> 0 | AT31: ='28'!G39 -> 0 | AU31: ='28'!G40 -> 0 | AV31: ='28'!G41 -> 0 | AW31: ='28'!G42 -> 0 | AX31: ='28'!G43 -> 0 | AY31: ='28'!G44 -> 0 | AZ31: ='28'!G36 -> 0 | BA31: ='28'!G49 -> 0 | BB31: ='28'!G51 -> 0 | BC31: ='28'!G52 -> 0 | BD31: ='28'!G53 -> 0 | BE31: ='28'!G54 -> 0 | BF31: ='28'!G55 -> 0 | BG31: ='28'!G56 -> 0 | BH31: ='28'!G57 -> 0 | BI31: ='28'!G50 -> 0 | BJ31: =SUM(AV31,AW31,BF31,BG31) -> 0 | BK31: ='28'!G84 -> 0 | BL31: =SUM(AQ31,AV31,AW31,AX31,BA31,BF31,BG31,BH31)/I31% -> #DIV/0! | BM31: =SUM(AT31,BD31)/I31% -> #DIV/0! | BN31: =(AS31+BC31)/I31 -> #DIV/0! | BO31: =K31+O31+R31+V31 -> 0 | BP31: =SUM(AV31,AW31,AX31,BF31,BG31,BH31,BK31) -> 0 | BQ31: =BP31/(AE31*280) -> #DIV/0!
A32: 29 | B32: 29 | D32: ='29'!D3 -> 24 | E32: ='29'!D4 -> 0.78 | F32: ='29'!D2 -> 0.66 | G32: ='29'!G8 -> 0 | I32: ='29'!G7 -> 0 | J32: 10 | K32: =H32*J32 -> 0 | L32: =I32/202 -> 0 | M32: ='29'!G15 -> 0 | N32: 35 | O32: =M32*N32 -> 0 | P32: ='29'!G20 -> 0 | Q32: 134 | R32: =P32*Q32 -> 0 | S32: =P32/(F32*202/100) -> 0 | T32: ='29'!G24 -> 0 | U32: 69 | V32: =T32*U32 -> 0 | W32: ='29'!G95 -> 0 | X32: ='29'!G96 -> 0 | Y32: ='29'!G97 -> 0 | Z32: =W32+X32+Y32 -> 0 | AA32: ='29'!G132 -> 0 | AB32: ='29'!G133 -> 0 | AC32: ='29'!G134 -> 0 | AD32: ='29'!G135 -> 0 | AE32: =AA32+AB32+AC32+AD32 -> 0 | AF32: =AV32+AW32+BF32+BG32 -> 0 | AG32: =AF32/AE32 -> #DIV/0! | AH32: ='29'!G136 -> 0 | AI32: ='29'!G137 -> 0 | AJ32: ='29'!G138 -> 0 | AK32: =AH32+AI32+AJ32 -> 0 | AL32: ='29'!G139 -> 0 | AM32: ='29'!G140 -> 0 | AO32: =AL32+AM32 -> 0 | AP32: ='29'!G123 -> 0 | AQ32: ='29'!G35 -> 0 | AR32: ='29'!G37 -> 0 | AS32: ='29'!G38 -> 0 | AT32: ='29'!G39 -> 0 | AU32: ='29'!G40 -> 0 | AV32: ='29'!G41 -> 0 | AW32: ='29'!G42 -> 0 | AX32: ='29'!G43 -> 0 | AY32: ='29'!G44 -> 0 | AZ32: ='29'!G36 -> 0 | BA32: ='29'!G49 -> 0 | BB32: ='29'!G51 -> 0 | BC32: ='29'!G52 -> 0 | BD32: ='29'!G53 -> 0 | BE32: ='29'!G54 -> 0 | BF32: ='29'!G55 -> 0 | BG32: ='29'!G56 -> 0 | BH32: ='29'!G57 -> 0 | BI32: ='29'!G50 -> 0 | BJ32: =SUM(AV32,AW32,BF32,BG32) -> 0 | BK32: ='29'!G84 -> 0 | BL32: =SUM(AQ32,AV32,AW32,AX32,BA32,BF32,BG32,BH32)/I32% -> #DIV/0! | BM32: =SUM(AT32,BD32)/I32% -> #DIV/0! | BN32: =(AS32+BC32)/I32 -> #DIV/0! | BO32: =K32+O32+R32+V32 -> 0 | BP32: =SUM(AV32,AW32,AX32,BF32,BG32,BH32,BK32) -> 0 | BQ32: =BP32/(AE32*280) -> #DIV/0!
A33: 30 | B33: 30 | D33: ='30'!D33 -> 0 | E33: ='30'!D4 -> 0.8 | F33: ='30'!D2 -> 0.83 | G33: ='30'!G8 -> 0 | I33: ='30'!G7 -> 0 | J33: 10 | K33: =H33*J33 -> 0 | L33: =I33/202 -> 0 | M33: ='30'!G15 -> 0 | N33: 35 | O33: =M33*N33 -> 0 | P33: ='30'!G20 -> 0 | Q33: 134 | R33: =P33*Q33 -> 0 | S33: =P33/(F33*202/100) -> 0 | T33: ='30'!G24 -> 0 | U33: 69 | V33: =T33*U33 -> 0 | W33: ='30'!G95 -> 0 | X33: ='30'!G96 -> 0 | Y33: ='30'!G97 -> 0 | Z33: =W33+X33+Y33 -> 0 | AA33: ='30'!G132 -> 0 | AB33: ='30'!G133 -> 0 | AC33: ='30'!G134 -> 0 | AD33: ='30'!G135 -> 0 | AE33: =AA33+AB33+AC33+AD33 -> 0 | AF33: =AV33+AW33+BF33+BG33 -> 0 | AG33: =AF33/AE33 -> #DIV/0! | AH33: ='30'!G136 -> 0 | AI33: ='30'!G137 -> 0 | AJ33: ='30'!G138 -> 0 | AK33: =AH33+AI33+AJ33 -> 0 | AL33: ='30'!G139 -> 0 | AM33: ='30'!G140 -> 0 | AO33: =AL33+AM33 -> 0 | AP33: ='30'!G123 -> 0 | AQ33: ='30'!G35 -> 0 | AR33: ='30'!G37 -> 0 | AS33: ='30'!G38 -> 0 | AT33: ='30'!G39 -> 0 | AU33: ='30'!G40 -> 0 | AV33: ='30'!G41 -> 0 | AW33: ='30'!G42 -> 0 | AX33: ='30'!G43 -> 0 | AY33: ='30'!G44 -> 0 | AZ33: ='30'!G36 -> 0 | BA33: ='30'!BA33 -> 0 | BB33: ='30'!BA4 -> 0 | BC33: ='30'!BA2 -> 0 | BD33: ='30'!BD8 -> 0 | BE33: ='30'!BC7 -> 0 | BF33: ='30'!BD7 -> 0 | BG33: ='30'!G57 -> 0 | BH33: ='30'!H57 -> -7711.33 | BI33: =BF33/202 -> 0 | BJ33: =SUM(AV33,AW33,BF33,BG33) -> 0 | BK33: ='31'!G84 -> 0 | BL33: =SUM(AQ33,AV33,AW33,AX33,BA33,BF33,BG33,BH33)/I33% -> #DIV/0! | BM33: =SUM(AT33,BD33)/I33% -> #DIV/0! | BN33: =(AS33+BC33)/I33 -> #DIV/0! | BO33: =K33+O33+R33+V33 -> 0 | BP33: =SUM(AV33,AW33,AX33,BF33,BG33,BH33,BK33) -> -7711.33 | BQ33: =BP33/(AE33*280) -> #DIV/0!
A34: 31 | B34: 31 | D34: ='[2]30'!D34 -> 0 | E34: ='[2]31'!D5 -> Unit | F34: ='[2]31'!D3 -> 30 | G34: ='[2]31'!G8 -> 19595 | I34: ='[2]31'!G7 -> 19398 | J34: 10 | K34: =H34*J34 -> 0 | L34: =I34/202 -> 96.029703 | M34: ='[2]10'!G15 -> 827.65 | N34: 35 | O34: =M34*N34 -> 28967.75 | P34: ='[2]31'!G20 -> 184 | Q34: 134 | R34: =P34*Q34 -> 24656 | S34: =P34/(F34*202/100) -> 3.0363036 | T34: ='[2]31'!G24 -> 0 | U34: 69 | V34: =T34*U34 -> 0 | W34: ='[2]31'!G95 -> 63 | X34: ='[2]31'!G96 -> 15 | Y34: ='[2]31'!G97 -> 22 | Z34: =W34+X34+Y34 -> 100 | AA34: ='[2]31'!G132 -> 0 | AB34: ='[2]31'!G133 -> 0 | AC34: ='[2]31'!G134 -> 0 | AD34: ='[2]31'!G135 -> 23.92 | AE34: =AA34+AB34+AC34+AD34 -> 23.92 | AF34: =AV34+AW34+BF34+BG34 -> 4263.21 | AG34: =AF34/AE34 -> 178.22784 | AH34: ='[2]31'!G136 -> 6.33 | AI34: ='[2]31'!G137 -> 0 | AJ34: ='[2]31'!G138 -> 0 | AK34: =AH34+AI34+AJ34 -> 6.33 | AL34: ='[2]31'!G139 -> 0 | AM34: ='[2]31'!G140 -> 7.92 | AO34: =AL34+AM34 -> 7.92 | AP34: ='[2]31'!G123 -> 241.35 | AQ34: ='[2]31'!G35 -> 0 | AR34: ='[2]31'!G37 -> 0 | AS34: ='[2]31'!G38 -> 0 | AT34: ='[2]31'!G39 -> 0 | AU34: ='[2]31'!G40 -> 0 | AV34: ='[2]31'!G41 -> 0 | AW34: ='[2]31'!G42 -> 0.09 | AX34: ='[2]31'!G43 -> 1972.72 | AY34: ='[2]31'!G44 -> 0 | AZ34: ='[2]31'!G36 -> 668.58 | BA34: ='[2]31'!G49 -> 2791.39 | BB34: ='[2]31'!G51 -> 1472.34 | BC34: ='[2]31'!G52 -> 2047.28 | BD34: ='[2]31'!G53 -> 4400.97 | BE34: ='[2]31'!G54 -> 79.99 | BF34: ='[2]31'!BD7 -> 0 | BG34: ='[2]31'!G56 -> 4263.12 | BH34: ='[2]31'!H57 -> 0 | BI34: ='[2]31'!G50 -> 1070.44 | BJ34: =SUM(AV34,AW34,BF34,BG34) -> 4263.21 | BK34: ='[2]31'!G84 -> 377 | BL34: =SUM(AQ34,AV34,AW34,AX34,BA34,BF34,BG34,BH34)/I34% -> 46.537375 | BM34: =SUM(AT34,BD34)/I34% -> 22.687751 | BN34: =(AS34+BC34)/I34 -> 0.10554078 | BO34: =K34+O34+R34+V34 -> 53623.75 | BP34: =SUM(AV34,AW34,AX34,BF34,BG34,BH34,BK34) -> 6612.93 | BQ34: =BP34/(AE34*280) -> 0.98735816
A35: Total | D35: =AVERAGE(D4:D34) -> 25.387097 | F35: =AVERAGE(F4:F34) -> 1.4813516 | G35: =SUM(G4:G34) -> -4453561 | H35: =SUM(H4:H34) -> -4473156 | I35: =SUM(I4:I34) -> -4425679 | J35: =SUM(J4:J34) -> 309 | K35: =SUM(K4:K34) -> -44754114 | L35: =SUM(L4:L34) -> -21909.302 | M35: =SUM(M4:M34) -> -1619051 | N35: =SUM(N4:N34) -> 1085 | ... BO35: =SUM(BO4:BO34) -> -1.1890384e+08 | BP35: =SUM(AV35,AW35,AX35,BF35,BG35,BH35,BK35) -> -2033352.5 | BQ35: =BP35/(AE35*280) -> 0.064808639
B36: =B18-B17 -> 1 | C36: =C18-C17 -> 0 | D36: =D18-D17 -> -6 | E36: =E18-E17 -> -0.14 | F36: =F18-F17 -> 0.27 | I36: =I18-I17 -> 17 | J36: =J18-J17 -> 0 | K36: =K18-K17 -> 490 | L36: =L18-L17 -> 0.084158416 | M36: =M18-M17 -> -27.291 | N36: =N18-N17 -> 0 | O36: =O18-O17 -> -955.185 | P36: =P18-P17 -> -57 | ... AO36: =AO18-AO17 -> -0.1 | AQ36: =AQ18-AQ17 -> -20.37 | AR36: =AR18-AR17 -> 0 | AS36: =AS18-AS17 -> 0 | AT36: =AT18-AT17 -> 0 | AU36: =AU18-AU17 -> -0.06 | AV36: =AV18-AV17 -> 612.01 | AW36: =AW18-AW17 -> 0.163 | AX36: =AX18-AX17 -> 24.55 | BA36: =BA18-BA17 -> 0.13 | BB36: =BB18-BB17 -> 61.67 | BC36: =BC18-BC17 -> -122.09 | BD36: =BD18-BD17 -> 129.21 | BE36: =BE18-BE17 -> 0.29 | BF36: =BF18-BF17 -> 2.17 | BG36: =BG18-BG17 -> 72.11 | BH36: =BH18-BH17 -> 0 | BL36: =BL18-BL17 -> 3.2495865 | BM36: =BM18-BM17 -> 0.5997576 | BO36: =BO18-BO17 -> -8103.185 | BP36: =BP18-BP17 -> 700.003
F37: =AVERAGE(F4:F35) -> 1.4813516 | I37: =AVERAGE(I4:I35) -> -276604.94
B38: Guest complaint | F38: =AVERAGE(F4:F35) -> 1.4813516
BJ41: =(BJ31+BK31)/400 -> 0

Sheet Occupancy
B1: Hotel Occupancy Occ% | C1: Room Nights | D1: Comp Night | E1: Cummulative % | F1: Total Covers Guests | G1: Total Room Nights
A2: 1 | D2: 1 | E2: =SUM(C2:D2)/202% -> 0.4950495 | G2: =C2+D2 -> 1
A3: 2 | C3: 120 | D3: 1 | E3: =SUM(C3:D3)/202% -> 59.90099 | F3: 349 | G3: =C3+D3 -> 121
A4: 3 | C4: 83 | D4: 1 | E4: =SUM(C4:D4)/202% -> 41.584158 | F4: 399 | G4: =C4+D4 -> 84
A5: 4 | C5: 86 | D5: 0 | E5: =SUM(C5:D5)/202% -> 42.574257 | F5: 369 | G5: =C5+D5 -> 86
A6: 5 | C6: 96 | D6: 1 | E6: =SUM(C6:D6)/202% -> 48.019802 | F6: 328 | G6: =C6+D6 -> 97
A7: 6 | C7: 161 | D7: 1 | E7: =SUM(C7:D7)/202% -> 80.19802 | F7: 506 | G7: =C7+D7 -> 162
A8: 7 | C8: 98 | D8: 1 | E8: =SUM(C8:D8)/202% -> 49.009901 | F8: 607 | G8: =C8+D8 -> 99
A9: 8 | C9: 81 | D9: 1 | E9: =SUM(C9:D9)/202% -> 40.594059 | F9: 406 | G9: =C9+D9 -> 82
A10: 9 | C10: 82 | D10: 2 | E10: =SUM(C10:D10)/202% -> 41.584158 | F10: 328 | G10: =C10+D10 -> 84
A11: 10 | C11: 80 | D11: 1 | E11: =SUM(C11:D11)/202% -> 40.09901 | F11: 362 | G11: =C11+D11 -> 81
A12: 11 | C12: 68 | D12: 1 | E12: =SUM(C12:D12)/202% -> 34.158416 | F12: 305 | G12: =C12+D12 -> 69
A13: 12 | C13: 78 | D13: 0 | E13: =SUM(C13:D13)/202% -> 38.613861 | F13: 455 | G13: =C13+D13 -> 78
A14: 13 | C14: 140 | D14: 0 | E14: =SUM(C14:D14)/202% -> 69.306931 | F14: 415 | G14: =C14+D14 -> 140
... A25: 24 | C25: 98 | D25: 17 | E25: =SUM(C25:D25)/202% -> 56.930693 | F25: 410 | G25: =C25+D25 -> 115
A26: 25 | E26: =SUM(C26:D26)/202% -> 0 | G26: =C26+D26 -> 0
A27: 26 | E27: =SUM(C27:D27)/202% -> 0 | G27: =C27+D27 -> 0
A28: 27 | E28: =SUM(C28:D28)/202% -> 0 | G28: =C28+D28 -> 0
A29: 28 | E29: =SUM(C29:D29)/202% -> 0 | G29: =C29+D29 -> 0
A30: 29 | E30: =SUM(C30:D30)/202% -> 0 | G30: =C30+D30 -> 0
A31: 30
A32: 31

Sheet Water Report
C3: Date | D3: 1 | E3: 2 | F3: 3 | G3: 4 | H3: 5 | I3: 6 | J3: 7 | K3: 8 | L3: 9 | M3: 10 | N3: 11 | O3: 12 | P3: 13 | Q3: 14 | R3: 15 | S3: 16 | T3: 17 | U3: 18 | V3: 19 | W3: 20 | X3: 21 | Y3: 22 | Z3: 23 | AA3: 24 | AB3: 25 | AC3: 26 | AD3: 27 | AE3: 28 | AF3: 29 | AG3: 30 | AH3: 31
C4: occupancy | D4: ='[3]1'!F3 -> 0.5 | E4: ='[3]2'!F3 -> 0.1 | F4: ='[3]3'!F3 -> 0.5
C5: Tanker | D5: ='1'!G18 -> 180 | E5: ='2'!G18 -> 140 | F5: ='3'!G18 -> 140 | G5: ='4'!G18 -> 140 | H5: ='5'!G18 -> 140 | I5: ='6'!G18 -> 140 | J5: ='7'!G18 -> 200 | K5: ='8'!G18 -> 140 | L5: ='9'!G18 -> 120 | M5: ='10'!G18 -> 100 | N5: ='11'!G18 -> 120 | O5: ='12'!G18 -> 100 | P5: ='13'!G18 -> 160 | Q5: ='14'!G18 -> 180 | R5: ='15'!G18 -> 120 | S5: ='16'!G18 -> 100 | T5: ='17'!G18 -> 120 | U5: ='18'!G18 -> 80 | V5: ='19'!G18 -> 120 | W5: ='20'!G18 -> 100 | X5: ='21'!G18 -> 150 | Y5: ='22'!G18 -> 120 | Z5: ='23'!G18 -> 100 | AA5: ='24'!G18 -> 140 | AB5: ='25'!G18 -> 0 | AC5: ='26'!G18 -> 0 | AD5: ='27'!G18 -> 0 | AE5: ='28'!G18 -> 0 | AF5: ='29'!G18 -> 0 | AG5: ='30'!G18 -> 0 | AH5: ='31'!G18 -> 0
C6: BMC | D6: ='1'!G19 -> 48 | E6: ='2'!G19 -> 52 | F6: ='3'!G19 -> 52 | G6: ='4'!G19 -> 52 | H6: ='5'!G19 -> 51 | I6: ='6'!G19 -> 51 | J6: ='7'!G19 -> 51 | K6: ='8'!G19 -> 53 | L6: ='9'!G19 -> 52 | M6: ='10'!G19 -> 52 | N6: ='11'!G19 -> 51 | O6: ='12'!G19 -> 54 | P6: ='13'!G19 -> 53 | Q6: ='14'!G19 -> 52 | R6: ='15'!G19 -> 55 | S6: ='16'!G19 -> 54 | T6: ='17'!G19 -> 53 | U6: ='18'!G19 -> 53 | V6: ='19'!G19 -> 51 | W6: ='20'!G19 -> 52 | X6: ='21'!G19 -> 53 | Y6: ='22'!G19 -> 54 | Z6: ='23'!G19 -> 52 | AA6: ='24'!G19 -> 54 | AB6: ='25'!G19 -> -135723 | AC6: ='26'!G19 -> 0 | AD6: ='27'!G19 -> 0 | AE6: ='28'!G19 -> 0 | AF6: ='29'!G19 -> 0 | AG6: ='30'!G19 -> 0 | AH6: ='31'!G19 -> 0
C7: R.O. Plant Production | D7: ='1'!G92 -> 122 | E7: ='2'!G92 -> 95 | F7: ='3'!G92 -> 82 | G7: ='4'!G92 -> 99 | H7: ='5'!G92 -> 73 | I7: ='6'!G92 -> 116 | J7: ='7'!G92 -> 162 | K7: ='8'!G92 -> 93 | L7: ='9'!G92 -> 96 | M7: ='10'!G92 -> 47 | N7: ='11'!G92 -> 79 | O7: ='12'!G92 -> 68 | P7: ='13'!G92 -> 119 | Q7: ='14'!G92 -> 110 | R7: ='15'!G92 -> 83 | S7: ='16'!G92 -> 75 | T7: ='17'!G92 -> 77 | U7: ='18'!G92 -> 59 | V7: ='19'!G92 -> 70 | W7: ='20'!G92 -> 77 | X7: ='21'!G92 -> 115 | Y7: ='22'!G92 -> 84 | Z7: ='23'!G92 -> 88 | AA7: ='24'!G92 -> 79 | AB7: ='25'!G92 -> -241863 | AC7: ='26'!G92 -> 0 | AD7: ='27'!G92 -> 0 | AE7: ='28'!G92 -> 0 | AF7: ='29'!G92 -> 0 | AG7: ='30'!G92 -> 0 | AH7: ='31'!G92 -> 0
B8: Domestic Water | C8: Zone-1 | D8: ='1'!G95 -> 76 | E8: ='2'!G95 -> 85 | F8: ='3'!G95 -> 76 | G8: ='4'!G95 -> 98 | H8: ='5'!G95 -> 83 | I8: ='6'!G95 -> 120 | J8: ='7'!G95 -> 119 | K8: ='8'!G95 -> 72 | L8: ='9'!G95 -> 91 | M8: ='10'!G95 -> 68 | N8: ='11'!G95 -> 79 | O8: ='12'!G95 -> 71 | P8: ='13'!G95 -> 105 | Q8: ='14'!G95 -> 74 | R8: ='15'!G95 -> 72 | S8: ='16'!G95 -> 72 | T8: ='17'!G95 -> 97 | U8: ='18'!G95 -> 71 | V8: ='19'!G95 -> 76 | W8: ='20'!G95 -> 77 | X8: ='21'!G95 -> 80 | Y8: ='22'!G95 -> 85 | Z8: ='23'!G95 -> 76 | AA8: ='24'!G95 -> 85 | AB8: ='25'!G95 -> -410164 | AC8: ='26'!G95 -> 0 | AD8: ='27'!G95 -> 0 | AE8: ='28'!G95 -> 0 | AF8: ='29'!G95 -> 0 | AG8: ='30'!G95 -> 0 | AH8: ='31'!G95 -> 0
C9: Zone-2 | D9: ='1'!G96 -> 13 | E9: ='2'!G96 -> 18 | F9: ='3'!G96 -> 17 | G9: ='4'!G96 -> 10 | H9: ='5'!G96 -> 11 | I9: ='6'!G96 -> 21 | J9: ='7'!G96 -> 32 | K9: ='8'!G96 -> 13 | L9: ='9'!G96 -> 12 | M9: ='10'!G96 -> 11 | N9: ='11'!G96 -> 10 | O9: ='12'!G96 -> 8 | P9: ='13'!G96 -> 22 | Q9: ='14'!G96 -> 22 | R9: ='15'!G96 -> 8 | S9: ='16'!G96 -> 7 | T9: ='17'!G96 -> 14 | U9: ='18'!G96 -> 13 | V9: ='19'!G96 -> 15 | W9: ='20'!G96 -> 16 | X9: ='21'!G96 -> 26 | Y9: ='22'!G96 -> 17 | Z9: ='23'!G96 -> 16 | AA9: ='24'!G96 -> 15 | AB9: ='25'!G96 -> -101699 | AC9: ='26'!G96 -> 0 | AD9: ='27'!G96 -> 0 | AE9: ='28'!G96 -> 0 | AF9: ='29'!G96 -> 0 | AG9: ='30'!G96 -> 0 | AH9: ='31'!G96 -> 0
C10: Zone-3 | D10: ='1'!G97 -> 24 | E10: ='2'!G97 -> 19 | F10: ='3'!G97 -> 16 | G10: ='4'!G97 -> 16 | H10: ='5'!G97 -> 11 | I10: ='6'!G97 -> 25 | J10: ='7'!G97 -> 28 | K10: ='8'!G97 -> 13 | L10: ='9'!G97 -> 17 | M10: ='10'!G97 -> 18 | N10: ='11'!G97 -> 22 | O10: ='12'!G97 -> 18 | P10: ='13'!G97 -> 21 | Q10: ='14'!G97 -> 26 | R10: ='15'!G97 -> 0 | S10: ='16'!G97 -> -91 | T10: ='17'!G97 -> 0 | U10: ='18'!G97 -> 13 | V10: ='19'!G97 -> 16 | W10: ='20'!G97 -> 20 | X10: ='21'!G97 -> 28 | Y10: ='22'!G97 -> 21 | Z10: ='23'!G97 -> 14 | AA10: ='24'!G97 -> 13 | AB10: ='25'!G97 -> -96757 | AC10: ='26'!G97 -> 0 | AD10: ='27'!G97 -> 0 | AE10: ='28'!G97 -> 0 | AF10: ='29'!G97 -> 0 | AG10: ='30'!G97 -> 0 | AH10: ='31'!G97 -> 0
B12: Flushing Water | C12: Zone-1 | D12: ='1'!G98 -> 70 | E12: ='2'!G98 -> 101 | F12: ='3'!G98 -> 87 | G12: ='4'!G98 -> 49 | H12: ='5'!G98 -> 19 | I12: ='6'!G98 -> 37 | J12: ='7'!G98 -> 28 | K12: ='8'!G98 -> 39 | L12: ='9'!G98 -> 78 | M12: ='10'!G98 -> 44 | N12: ='11'!G98 -> 72 | O12: ='12'!G98 -> 67 | P12: ='13'!G98 -> 48 | Q12: ='14'!G98 -> 29 | R12: ='15'!G98 -> 39 | S12: ='16'!G98 -> 10 | T12: ='17'!G98 -> 18 | U12: ='18'!G98 -> 16 | V12: ='19'!G98 -> 32 | W12: ='20'!G98 -> 19 | X12: ='21'!G98 -> 37 | Y12: ='22'!G98 -> 36 | Z12: ='23'!G98 -> 46 | AA12: ='24'!G98 -> 58 | AB12: ='25'!G98 -> -148687 | AC12: ='26'!G98 -> 0 | AD12: ='27'!G98 -> 0 | AE12: ='28'!G98 -> 0 | AF12: ='29'!G98 -> 0 | AG12: ='30'!G98 -> 0 | AH12: ='31'!G98 -> 0
C13: Zone-2 | D13: ='1'!G114 -> 19 | E13: ='2'!G114 -> 22 | F13: ='3'!G114 -> 16 | G13: ='4'!G114 -> 8 | H13: ='5'!G114 -> 20 | I13: ='6'!G114 -> 11 | J13: ='7'!G114 -> 26 | K13: ='8'!G114 -> 26 | L13: ='9'!G114 -> 18 | M13: ='10'!G114 -> 8 | N13: ='11'!G114 -> 14 | O13: ='12'!G114 -> 17 | P13: ='13'!G114 -> 8 | Q13: ='14'!G114 -> 26 | R13: ='15'!G114 -> 22 | S13: ='16'!G114 -> 32 | T13: ='17'!G114 -> 11 | U13: ='18'!G114 -> 7 | V13: ='19'!G114 -> 14 | W13: ='20'!G114 -> 9 | X13: ='21'!G114 -> 17 | Y13: ='22'!G114 -> 14 | Z13: ='23'!G114 -> 12 | AA13: ='24'!G114 -> 10 | AB13: ='25'!G114 -> -10701 | AC13: ='26'!G114 -> 0 | AD13: ='27'!G114 -> 0 | AE13: ='28'!G114 -> 0 | AF13: ='29'!G114 -> 0 | AG13: ='30'!G114 -> 0 | AH13: ='31'!G114 -> 0
C14: Zone-3 | D14: ='1'!G115 -> 13 | E14: ='2'!G115 -> 10 | F14: ='3'!G115 -> 13 | G14: ='4'!G115 -> 11 | H14: ='5'!G115 -> 19 | I14: ='6'!G115 -> 7 | J14: ='7'!G115 -> 6 | K14: ='8'!G115 -> 6 | L14: ='9'!G115 -> 5 | M14: ='10'!G115 -> 3 | N14: ='11'!G115 -> 13 | O14: ='12'!G115 -> 8 | P14: ='13'!G115 -> 12 | Q14: ='14'!G115 -> 26 | R14: ='15'!G115 -> 17 | S14: ='16'!G115 -> 0 | T14: ='17'!G115 -> 6 | U14: ='18'!G115 -> 6 | V14: ='19'!G115 -> 3 | W14: ='20'!G115 -> 9 | X14: ='21'!G115 -> 4 | Y14: ='22'!G115 -> 16 | Z14: ='23'!G115 -> 16 | AA14: ='24'!G115 -> 13 | AB14: ='25'!G115 -> -7898 | AC14: ='26'!G115 -> 0 | AD14: ='27'!G115 -> 0 | AE14: ='28'!G115 -> 0 | AF14: ='29'!G115 -> 0 | AG14: ='30'!G115 -> 0 | AH14: ='31'!G115 -> 0
B16: Branches ( Domestic water ) | C16: Pool | D16: ='1'!G104 -> 0 | E16: ='2'!G104 -> 0 | F16: ='3'!G104 -> 0 | G16: ='4'!G104 -> 3 | H16: ='5'!G104 -> 3 | I16: ='6'!G104 -> 3 | J16: ='7'!G104 -> 5 | K16: ='8'!G104 -> 6 | L16: ='9'!G104 -> 10 | M16: ='10'!G104 -> 8 | N16: ='11'!G104 -> 0 | O16: ='12'!G104 -> 0 | P16: ='13'!G104 -> 3 | Q16: ='14'!G104 -> 4 | R16: ='15'!G104 -> 0 | S16: ='16'!G104 -> 0 | T16: ='17'!G104 -> 0 | U16: ='18'!G104 -> 41 | V16: ='19'!G104 -> 0 | W16: ='20'!G104 -> 0 | X16: ='21'!G104 -> 0 | Y16: ='22'!G104 -> 0 | Z16: ='23'!G104 -> 3 | AA16: ='24'!G104 -> 3 | AB16: ='25'!G104 -> -7287 | AC16: ='26'!G104 -> 0 | AD16: ='27'!G104 -> 0 | AE16: ='28'!G104 -> 0 | AF16: ='29'!G104 -> 0 | AG16: ='30'!G104 -> 0 | AH16: ='31'!G104 -> 0
C17: B2 Laundry | D17: ='1'!G105 -> 9 | E17: ='2'!G105 -> 9 | F17: ='3'!G105 -> 9 | G17: ='4'!G105 -> 9 | H17: ='5'!G105 -> 9 | I17: ='6'!G105 -> 12 | J17: ='7'!G105 -> 9 | K17: ='8'!G105 -> 10 | L17: ='9'!G105 -> 7 | M17: ='10'!G105 -> 7 | N17: ='11'!G105 -> 6 | O17: ='12'!G105 -> 6 | P17: ='13'!G105 -> 8 | Q17: ='14'!G105 -> 7 | R17: ='15'!G105 -> 6 | S17: ='16'!G105 -> 8 | T17: ='17'!G105 -> 5 | U17: ='18'!G105 -> 7 | V17: ='19'!G105 -> 7 | W17: ='20'!G105 -> 10 | X17: ='21'!G105 -> 9 | Y17: ='22'!G105 -> 10 | Z17: ='23'!G105 -> 10 | AA17: ='24'!G105 -> 7 | AB17: ='25'!G105 -> -35594 | AC17: ='26'!G105 -> 0 | AD17: ='27'!G105 -> 0 | AE17: ='28'!G105 -> 0 | AF17: ='29'!G105 -> 0 | AG17: ='30'!G105 -> 0 | AH17: ='31'!G105 -> 0
C18: Boiler Feed Water | D18: ='1'!G106 -> 5 | E18: ='2'!G106 -> 5 | F18: ='3'!G106 -> 6 | G18: ='4'!G106 -> 6 | H18: ='5'!G106 -> 11 | I18: ='6'!G106 -> 4 | J18: ='7'!G106 -> 6 | K18: ='8'!G106 -> 3 | L18: ='9'!G106 -> 5 | M18: ='10'!G106 -> 5 | N18: ='11'!G106 -> 11 | O18: ='12'!G106 -> 4 | P18: ='13'!G106 -> 6 | Q18: ='14'!G106 -> 5 | R18: ='15'!G106 -> 6 | S18: ='16'!G106 -> 7 | T18: ='17'!G106 -> 4 | U18: ='18'!G106 -> 5 | V18: ='19'!G106 -> 4 | W18: ='20'!G106 -> 7 | X18: ='21'!G106 -> 6 | Y18: ='22'!G106 -> 6 | Z18: ='23'!G106 -> 6 | AA18: ='24'!G106 -> 7 | AB18: ='25'!G106 -> -19381 | AC18: ='26'!G106 -> 0 | AD18: ='27'!G106 -> 0 | AE18: ='28'!G106 -> 0 | AF18: ='29'!G106 -> 0 | AG18: ='30'!G106 -> 0 | AH18: ='31'!G106 -> 0
B20: Branches ( STP Water ) | C20: CT water | D20: ='1'!G109 -> 82 | E20: ='2'!G109 -> 81 | F20: ='3'!G109 -> 90 | G20: ='4'!G109 -> 82 | H20: ='5'!G109 -> 172 | I20: ='6'!G109 -> 76 | J20: ='7'!G109 -> 83 | K20: ='8'!G109 -> 84 | L20: ='9'!G109 -> 40 | M20: ='10'!G109 -> 83 | N20: ='11'!G109 -> 82 | O20: ='12'!G109 -> 41 | P20: ='13'!G109 -> 98 | Q20: ='14'!G109 -> 78 | R20: ='15'!G109 -> 81 | S20: ='16'!G109 -> 53 | T20: ='17'!G109 -> 64 | U20: ='18'!G109 -> 76 | V20: ='19'!G109 -> 107 | W20: ='20'!G109 -> 43 | X20: ='21'!G109 -> 95 | Y20: ='22'!G109 -> 85 | Z20: ='23'!G109 -> 85 | AA20: ='24'!G109 -> 63 | AB20: ='25'!G109 -> -58195 | AC20: ='26'!G109 -> 0 | AD20: ='27'!G109 -> 0 | AE20: ='28'!G109 -> 0 | AF20: ='29'!G109 -> 0 | AG20: ='30'!G109 -> 0 | AH20: ='31'!G109 -> 0
C21: STP flush | D21: ='1'!G110 -> 66 | E21: ='2'!G110 -> 97 | F21: ='3'!G110 -> 105 | G21: ='4'!G110 -> 39 | H21: ='5'!G110 -> 39 | I21: ='6'!G110 -> 65 | J21: ='7'!G110 -> 24 | K21: ='8'!G110 -> 56 | L21: ='9'!G110 -> 81 | M21: ='10'!G110 -> 38 | N21: ='11'!G110 -> 58 | O21: ='12'!G110 -> 31 | P21: ='13'!G110 -> 25 | Q21: ='14'!G110 -> 23 | R21: ='15'!G110 -> 21 | S21: ='16'!G110 -> 26 | T21: ='17'!G110 -> 0 | U21: ='18'!G110 -> 0 | V21: ='19'!G110 -> 25 | W21: ='20'!G110 -> 28 | X21: ='21'!G110 -> 22 | Y21: ='22'!G110 -> 36 | Z21: ='23'!G110 -> 58 | AA21: ='24'!G110 -> 38 | AB21: ='25'!G110 -> -31489 | AC21: ='26'!G110 -> 0 | AD21: ='27'!G110 -> 0 | AE21: ='28'!G110 -> 0 | AF21: ='29'!G110 -> 0 | AG21: ='30'!G110 -> 0 | AH21: ='31'!G110 -> 0
C22: Garden | D22: ='1'!G111 -> 7 | E22: ='2'!G111 -> 0 | F22: ='3'!G111 -> 25 | G22: ='4'!G111 -> 0 | H22: ='5'!G111 -> 0 | I22: ='6'!G111 -> 17 | J22: ='7'!G111 -> 0 | K22: ='8'!G111 -> 6 | L22: ='9'!G111 -> 8 | M22: ='10'!G111 -> 4 | N22: ='11'!G111 -> 0 | O22: ='12'!G111 -> 7 | P22: ='13'!G111 -> 0 | Q22: ='14'!G111 -> 0 | R22: ='15'!G111 -> 10 | S22: ='16'!G111 -> 0 | T22: ='17'!G111 -> 20 | U22: ='18'!G111 -> 0 | V22: ='19'!G111 -> 0 | W22: ='20'!G111 -> 14 | X22: ='21'!G111 -> 0 | Y22: ='22'!G111 -> 8 | Z22: ='23'!G111 -> 11 | AA22: ='24'!G111 -> 0 | AB22: ='25'!G111 -> -4117 | AC22: ='26'!G111 -> 0 | AD22: ='27'!G111 -> 0 | AE22: ='28'!G111 -> 0 | AF22: ='29'!G111 -> 0 | AG22: ='30'!G111 -> 0 | AH22: ='31'!G111 -> 0
B24: Domestic consumption | D24: =SUM(D8:D10,D13:D14,) -> 145 | E24: =SUM(E8:E10,E13:E14,) -> 154 | F24: =SUM(F8:F10,F13:F14,) -> 138 | G24: =SUM(G8:G10,G13:G14,) -> 143 | H24: =SUM(H8:H10,H13:H14,) -> 144 | I24: =SUM(I8:I10,I13:I14,) -> 184 | J24: =SUM(J8:J10,J13:J14,) -> 211 | K24: =SUM(K8:K10,K13:K14,) -> 130 | ... AI24: =SUM(AI8:AI10,AI13:AI14,) -> 0
B26: STP +Flush Consumption | D26: =SUM(D12,D20,D22) -> 159 | E26: =SUM(E12,E20,E22) -> 182 | F26: =SUM(F12,F20,F22) -> 202 | G26: =SUM(G12,G20,G22) -> 131 | H26: =SUM(H12,H20,H22) -> 191 | I26: =SUM(I12,I20,I22) -> 130 | J26: =SUM(J12,J20,J22) -> 111 | K26: =SUM(K12,K20,K22) -> 129 | ... AH26: =SUM(AH12,AH20,AH22) -> 0 | AI26: =SUM(AI12) -> 0
B28: BOH | D28: =D8 -> 76 | E28: =E8 -> 85 | F28: =F8 -> 76 | G28: =G8 -> 98 | H28: =H8 -> 83 | I28: =I8 -> 120 | J28: =J8 -> 119 | K28: =K8 -> 72 | ... AH28: =AH8 -> 0
B29: Guest Floor | D29: =SUM(D9:D10,D13:D14) -> 69 | E29: =SUM(E9:E10,E13:E14) -> 69 | F29: =SUM(F9:F10,F13:F14) -> 62 | G29: =SUM(G9:G10,G13:G14) -> 45 | H29: =SUM(H9:H10,H13:H14) -> 61 | I29: =SUM(I9:I10,I13:I14) -> 64 | J29: =SUM(J9:J10,J13:J14) -> 92 | K29: =SUM(K9:K10,K13:K14) -> 58 | ... AH29: =SUM(AH9:AH10,AH13:AH14) -> 0
B30: Guest floor% | D30: =D29/SUM(D28:D29)% -> 47.586207 | E30: =E29/SUM(E28:E29)% -> 44.805195 | F30: =F29/SUM(F28:F29)% -> 44.927536 | G30: =G29/SUM(G28:G29)% -> 31.468531 | H30: =H29/SUM(H28:H29)% -> 42.361111 | I30: =I29/SUM(I28:I29)% -> 34.782609 | J30: =J29/SUM(J28:J29)% -> 43.601896 | K30: =K29/SUM(K28:K29)% -> 44.615385 | ... AH30: =AH29/SUM(AH28:AH29)% -> #DIV/0!

Sheet Section Load
B2: Transformer -1 | J2: Electrical | AR2: Boiler Running
AJ3: Gas consumption | AQ3: Boiler Running Hours
B4: HVAC | C4: Fire & Emergency PP | D4: Main PP | E4: Lighting PP | F4: CH-1+ CH2+CH3+CH4 | G4: Chilled water Pump | H4: Ball Room-1 | I4: Ball Room-2 | J4: MK-1 | K4: MK-2 | L4: Prato | M4: San- Qi Indian | N4: San- Qi Japanese | O4: The club | P4: AER | Q4: COLD ROOM'S | R4: Ball Room 1 | S4: Ball Room 2 | T4: B1 Laundry | U4: B2 Laundry | V4: STP | W4: MOCK Up Room | X4: 27th Floor | Y4: Physic57 | Z4: Pinoor Legal- Power+lighting | AA4: 2nd floor plant room | AB4: 5th Floor | AC4: 5th Floor | AD4: 12th Floor | AE4: 20th Floor | AF4: 27th Floor | AG4: 34th Floor | AH4: Sanqi | AI4: Cooling Tower | AJ4: MGL | AK4: HWG | AL4: Prato | AM4: BR-1 | AN4: SanQi IND | AO4: SanQi JPN | AP4: Boiler | AQ4: HWG | AR4: Boiler1 | AS4: Boiler2 | AT4: Boiler3 (400Kg) | AU4: Total
A5: 43862 | B5: =SUM('1'!G35,'1'!G49) -> 3193.12 | C5: =SUM('1'!H37,'1'!H51) -> 1450.45 | D5: =SUM('1'!G38,'1'!G52) -> 2140.42 | E5: =SUM('1'!G39,'1'!G53) -> 4328.8 | F5: =SUM('1'!G41,'1'!G42,'1'!G55,'1'!G56) -> 5749.65 | G5: =SUM('1'!G43,'1'!G57) -> 2455.36 | H5: ='1'!G50 -> 1635.92 | I5: ='1'!G36 -> 759.24 | J5: ='1'!G72 -> 70 | K5: ='1'!$G$73 -> 0 | L5: ='1'!$G$74 -> 38.85 | M5: ='1'!$G$75 -> 144.65 | N5: ='1'!$G$76 -> 79.15 | O5: ='1'!$G$77 -> 45 | P5: ='1'!$G$78 -> 390 | Q5: ='1'!$G$79 -> 192 | R5: ='1'!$G$80 -> 415 | S5: ='1'!$G$81 -> 112.56 | T5: ='1'!$G$82 -> 18.17 | U5: ='1'!$G$58 -> 230.74 | V5: ='1'!$G$83 -> 520 | W5: ='1'!G86 -> 138.31 | X5: ='1'!G87 -> 39.2 | Y5: ='1'!G88 -> 51.68 | Z5: ='1'!G89+'1'!G90 -> 63.1 | AA5: ='1'!$G$62 -> 0.002 | AB5: ='1'!$G$63 -> 14.21 | AC5: ='1'!$G$64 -> 500.55 | AD5: ='1'!$G$65 -> 399.06 | AE5: ='1'!$G$66 -> 406.61 | AF5: ='1'!$G$67 -> 704.24 | AG5: ='1'!$G$68 -> 348.9 | AH5: ='1'!$G$69 -> 324.001 | AI5: ='1'!$G$84 -> 690 | AJ5: ='1'!$G$15 -> 880.632 | AK5: ='1'!$G$123 -> 266.26 | AL5: ='1'!$G$124 -> 0 | AM5: ='1'!$G$125 -> 63.95 | AN5: ='1'!$G$126 -> 25.1 | AO5: ='1'!$G$127 -> 2.1 | AP5: =AJ5-SUM(AK5:AO5) -> 523.222 | AQ5: =SUM('1'!G139:G140) -> 7.24 | AR5: ='1'!$G$136 -> 8.77 | AS5: ='1'!$G$137 -> 0 | AT5: ='1'!$G$138 -> 5.37 | AU5: =SUM(AR5:AT5) -> 14.14
A6: 43863 | B6: =SUM('2'!G35,'2'!G49) -> 3503.76 | C6: =SUM('2'!G37,'2'!G51) -> 1456.84 | D6: =SUM('2'!G38,'2'!G52) -> 2089.51 | E6: =SUM('2'!G39,'2'!G53) -> 4368.93 | F6: =SUM('2'!G41,'2'!G42,'2'!G55,'2'!G56) -> 5632.661 | G6: =SUM('2'!G43,'2'!G57) -> 2485.52 | H6: ='2'!G50 -> 1600.36 | I6: ='2'!G36 -> 669.28 | J6: ='2'!G72 -> 73 | K6: ='2'!$G$73 -> 0 | L6: ='2'!$G$74 -> 31.14 | M6: ='2'!$G$75 -> 150.39 | N6: ='2'!$G$76 -> 80.63 | O6: ='2'!$G$77 -> 45 | P6: ='2'!$G$78 -> 377 | Q6: ='2'!$G$79 -> 298 | R6: ='2'!$G$80 -> 399.72 | S6: ='2'!$G$81 -> 101.24 | T6: ='2'!$G$82 -> 21.48 | U6: ='2'!$G$58 -> 212.68 | V6: ='2'!$G$83 -> 547 | W6: ='2'!G86 -> 140.36 | X6: ='2'!G87 -> 38.2 | Y6: ='2'!G88 -> 72.12 | Z6: ='2'!G89+'2'!G90 -> 89.9 | AA6: ='2'!$G$62 -> 0 | AB6: ='2'!$G$63 -> 11.88 | AC6: ='2'!$G$64 -> 529.49 | AD6: ='2'!$G$65 -> 396.3 | AE6: ='2'!$G$66 -> 414.14 | AF6: ='2'!$G$67 -> 702.93 | AG6: ='2'!$G$68 -> 364.49 | AH6: ='2'!$G$69 -> 327.029 | AI6: ='2'!$G$84 -> 727 | AJ6: ='2'!$G$15 -> 993.178 | AK6: ='2'!$G$123 -> 278.29 | AL6: ='2'!$G$124 -> 0 | AM6: ='2'!$G$125 -> 81.7 | AN6: ='2'!$G$126 -> 26.9 | AO6: ='2'!$G$127 -> 0.5 | AP6: =AJ6-SUM(AK6:AO6) -> 605.788 | AQ6: =SUM('2'!G139:G140) -> 8.53 | AR6: ='2'!$G$136 -> 8.84 | AS6: ='2'!$G$137 -> 0 | AT6: ='2'!$G$138 -> 6.64 | AU6: =SUM(AR6:AT6) -> 15.48
A7: 43864 | B7: =SUM('3'!G35,'3'!G49) -> 3426.88 | C7: =SUM('3'!G37,'3'!G51) -> 1469.49 | D7: =SUM('3'!G38,'3'!G52) -> 2172.05 | E7: =SUM('3'!G39,'3'!G53) -> 4356.42 | F7: =SUM('3'!G41,'3'!G42,'3'!G55,'3'!G56) -> 4924.529 | G7: =SUM('3'!G43,'3'!G57) -> 2463.82 | H7: ='3'!G50 -> 1065.36 | I7: ='3'!G36 -> 626.42 | J7: ='3'!G72 -> 98 | K7: ='3'!$G$73 -> 0 | L7: ='3'!$G$74 -> 27.4 | M7: ='3'!$G$75 -> 154.08 | N7: ='3'!$G$76 -> 83.18 | O7: ='3'!$G$77 -> 47 | P7: ='3'!$G$78 -> 329 | Q7: ='3'!$G$79 -> 116 | R7: ='3'!$G$80 -> 347.64 | S7: ='3'!$G$81 -> 100.36 | T7: ='3'!$G$82 -> 18.87 | U7: ='3'!$G$58 -> 188.79 | V7: ='3'!$G$83 -> 523 | W7: ='3'!G86 -> 117.8 | X7: ='1'!G87 -> 39.2 | Y7: ='3'!G88 -> 25.85 | Z7: ='3'!G89+'3'!G90 -> 88 | AA7: ='3'!$G$62 -> 0 | AB7: ='3'!$G$63 -> 11.92 | AC7: ='3'!$G$64 -> 522.82 | AD7: ='3'!$G$65 -> 378.18 | AE7: ='3'!$G$66 -> 433.43 | AF7: ='3'!$G$67 -> 659.33 | AG7: ='3'!$G$68 -> 359.24 | AH7: ='3'!$G$69 -> 321.97 | AI7: ='3'!$G$84 -> 553 | AJ7: ='3'!$G$15 -> 830.41 | AK7: ='3'!$G$123 -> 245.65 | AL7: ='3'!$G$124 -> 0 | AM7: ='3'!$G$125 -> 63.66 | AN7: ='3'!$G$126 -> 18.7 | AO7: ='3'!$G$127 -> 3.7 | AP7: =AJ7-SUM(AK7:AO7) -> 498.7 | AQ7: =SUM('3'!G139:G140) -> 7.06 | AR7: ='3'!$G$136 -> 8.53 | AS7: ='3'!$G$137 -> 0 | AT7: ='3'!$G$138 -> 5.46 | AU7: =SUM(AR7:AT7) -> 13.99
A8: 43865 | B8: =SUM('4'!G35,'4'!G49) -> 3260.52 | C8: =SUM('4'!G37,'4'!G51) -> 1488.38 | D8: =SUM('4'!G38,'4'!G52) -> 2010.82 | E8: =SUM('4'!G39,'4'!G53) -> 4163.23 | F8: =SUM('4'!G41,'4'!G42,'4'!G55,'4'!G56) -> 4227.22 | G8: =SUM('4'!G43,'4'!G57) -> 2461.14 | H8: ='4'!G50 -> 1029.33 | I8: ='4'!G36 -> 622.49 | J8: ='4'!G72 -> 90 | K8: ='4'!$G$73 -> 1 | L8: ='4'!$G$74 -> 17.44 | M8: ='4'!$G$74 -> 17.44 | N8: ='4'!$G$76 -> 84.7 | O8: ='4'!$G$77 -> 50 | P8: ='4'!$G$78 -> 388 | Q8: ='4'!$G$79 -> 250 | R8: ='4'!$G$80 -> 350 | S8: ='4'!$G$81 -> 120 | T8: ='4'!$G$82 -> 22 | U8: ='4'!$G$58 -> 164.09 | V8: ='4'!$G$83 -> 493 | W8: ='4'!G86 -> 106 | X8: ='4'!G87 -> 37.2 | Y8: ='4'!G88 -> 107.74 | Z8: ='4'!G89+'4'!G90 -> 67 | AA8: ='4'!$G$62 -> -0.001 | AB8: ='4'!$G$63 -> 14.63 | AC8: ='4'!$G$64 -> 487.84 | AD8: ='4'!$G$65 -> 355.16 | AE8: ='4'!$G$66 -> 401.07 | AF8: ='4'!$G$67 -> 671.67 | AG8: ='4'!$G$68 -> 331.85 | AH8: ='4'!$G$69 -> 314.91 | AI8: ='4'!$G$84 -> 700 | AJ8: ='4'!$G$15 -> 884.17 | AK8: ='4'!$G$123 -> 244.96 | AL8: ='4'!$G$124 -> -0.4 | AM8: ='4'!$G$125 -> 71.35 | AN8: ='4'!$G$126 -> 29.4 | AO8: ='4'!$G$127 -> 1.9 | AP8: =AJ8-SUM(AK8:AO8) -> 536.96 | AQ8: =SUM('4'!G139:G140) -> 7.03 | AR8: ='4'!$G$136 -> 8.08 | AS8: ='4'!$G$137 -> 0 | AT8: ='4'!$G$138 -> 3.19 | AU8: =SUM(AR8:AT8) -> 11.27
A9: 43866 | B9: =SUM('5'!G35,'5'!G49) -> 3368 | C9: =SUM('5'!G37,'5'!G51) -> 36659 | D9: =SUM('5'!G38,'5'!G52) -> 1822 | E9: =SUM('5'!G39,'5'!G53) -> 104331 | F9: =SUM('5'!G41,'5'!G42,'5'!G55,'5'!G56) -> 4900.74 | G9: =SUM('5'!G43,'5'!G57) -> 2387 | H9: ='5'!G50 -> 1011 | I9: ='5'!G36 -> 577 | J9: ='5'!G72 -> 75 | K9: ='5'!$G$73 -> 0 | L9: ='5'!$G$74 -> 18 | M9: ='5'!$G$75 -> 160 | N9: ='5'!$G$76 -> 84 | O9: ='5'!$G$77 -> 57 | P9: ='5'!$G$78 -> 332 | Q9: ='5'!$G$79 -> 216 | R9: ='5'!$G$80 -> 265 | S9: ='5'!$G$81 -> -189 | T9: ='5'!$G$82 -> 21 | U9: ='5'!$G$58 -> 209 | V9: ='5'!$G$83 -> 356 | W9: ='5'!G86 -> 134 | X9: ='5'!G87 -> 24.6 | Y9: ='5'!G88 -> 69 | Z9: ='5'!G89+'5'!G90 -> 77 | AA9: ='5'!$G$62 -> -0.188 | AB9: ='5'!$G$63 -> 11 | AC9: ='5'!$G$64 -> 542 | AD9: ='5'!$G$65 -> 373 | AE9: ='5'!$G$66 -> 395 | AF9: ='5'!$G$67 -> 674 | AG9: ='5'!$G$68 -> 329 | AH9: ='5'!$G$69 -> 321 | AI9: ='5'!$G$84 -> 954 | AJ9: ='5'!$G$15 -> 893.64 | AK9: ='5'!$G$123 -> 245 | AL9: ='5'!$G$124 -> 0 | AM9: ='5'!$G$125 -> 61 | AN9: ='5'!$G$126 -> 21 | AO9: ='5'!$G$127 -> 2 | AP9: =AJ9-SUM(AK9:AO9) -> 564.64 | AQ9: =SUM('5'!G139:G140) -> 7 | AR9: ='5'!$G$136 -> 9.25 | AS9: ='5'!$G$137 -> -0.31 | AT9: ='5'!$G$138 -> 5 | AU9: =SUM(AR9:AT9) -> 13.94
A10: 43867 | B10: =SUM('6'!G35,'6'!G49) -> 3484 | C10: =SUM('6'!G37,'6'!G51) -> 1518 | D10: =SUM('6'!G38,'6'!G52) -> 2123 | E10: =SUM('6'!G39,'6'!G53) -> 4237 | F10: =SUM('6'!G41,'6'!G42,'6'!G55,'6'!G56) -> 5904 | G10: =SUM('6'!G43,'6'!G57) -> 2437 | H10: ='6'!G50 -> 1043 | I10: ='6'!G36 -> 624 | J10: ='6'!G72 -> 75 | K10: ='6'!$G$73 -> 1 | L10: ='6'!$G$74 -> 33 | M10: ='6'!$G$75 -> 183 | N10: ='6'!$G$76 -> 88 | O10: ='6'!$G$77 -> 51 | P10: ='6'!$G$78 -> 415 | Q10: ='6'!$G$79 -> 235 | R10: ='6'!$G$80 -> 412 | S10: ='6'!$G$81 -> 412 | T10: ='6'!$G$82 -> 23 | U10: ='6'!$G$58 -> 194 | V10: ='6'!$G$83 -> 468 | W10: ='6'!G86 -> 88 | X10: ='6'!G87 -> 29 | Y10: ='6'!G88 -> 91 | Z10: ='6'!G89+'6'!G90 -> 102 | AA10: ='6'!$G$62 -> 0 | AB10: ='6'!$G$63 -> 14 | AC10: ='6'!$G$64 -> 502 | AD10: ='6'!$G$65 -> 364 | AE10: ='6'!$G$66 -> 387 | AF10: ='6'!$G$67 -> 705 | AG10: ='6'!$G$68 -> 335 | AH10: ='6'!$G$69 -> 332 | AI10: ='6'!$G$84 -> 644 | AJ10: ='6'!$G$15 -> 944.36 | AK10: ='6'!$G$123 -> 264 | AL10: ='6'!$G$124 -> 0 | AM10: ='6'!$G$125 -> 71 | AN10: ='6'!$G$126 -> 32 | AO10: ='6'!$G$127 -> 3 | AP10: =AJ10-SUM(AK10:AO10) -> 574.36 | AQ10: =SUM('6'!G139:G140) -> 8 | AR10: ='6'!$G$136 -> 8.32 | AS10: ='6'!$G$137 -> 0 | AT10: ='6'!$G$138 -> 6 | AU10: =SUM(AR10:AT10) -> 14.32
A11: 43868 | B11: =SUM('7'!G35,'7'!G49) -> 3319 | C11: =SUM('7'!G37,'7'!G51) -> 1500 | D11: =SUM('7'!G38,'7'!G52) -> 2331 | E11: =SUM('7'!G39,'7'!G53) -> 4230 | F11: =SUM('7'!G41,'7'!G42,'7'!G55,'7'!G56) -> 5494 | G11: =SUM('7'!G43,'7'!G57) -> 2417 | H11: ='7'!G50 -> 1230 | I11: ='7'!G36 -> 611 | J11: ='7'!G72 -> 72 | K11: ='7'!$G$73 -> 0 | L11: ='7'!$G$74 -> 46 | M11: ='7'!$G$75 -> 181 | N11: ='7'!$G$76 -> 94 | O11: ='7'!$G$77 -> 52 | P11: ='7'!$G$78 -> 428 | Q11: ='7'!$G$79 -> 216 | R11: ='7'!$G$80 -> 359 | S11: ='7'!$G$81 -> 123 | T11: ='7'!$G$82 -> 21 | U11: ='7'!$G$58 -> 191 | V11: ='7'!$G$83 -> 496 | W11: ='7'!G86 -> 100 | X11: ='7'!G87 -> 8 | Y11: ='7'!G88 -> 37 | Z11: ='7'!G89+'7'!G90 -> 69 | AA11: ='7'!$G$62 -> 0 | AB11: ='7'!$G$63 -> 12 | AC11: ='7'!$G$64 -> 553 | AD11: ='7'!$G$65 -> 371 | AE11: ='7'!$G$66 -> 369 | AF11: ='7'!$G$67 -> 665 | AG11: ='7'!$G$68 -> 324 | AH11: ='7'!$G$69 -> 329 | AI11: ='7'!$G$84 -> 834 | AJ11: ='7'!$G$15 -> 931 | AK11: ='7'!$G$123 -> 275 | AL11: ='7'!$G$124 -> 0 | AM11: ='7'!$G$125 -> 72 | AN11: ='7'!$G$126 -> 38 | AO11: ='7'!$G$127 -> 4 | AP11: =AJ11-SUM(AK11:AO11) -> 542 | AQ11: =SUM('7'!G139:G140) -> 8 | AR11: ='7'!$G$136 -> 9.92 | AS11: ='7'!$G$137 -> 0 | AT11: ='7'!$G$138 -> 3 | AU11: =SUM(AR11:AT11) -> 12.92
A12: 43869 | B12: =SUM('8'!G35,'8'!G49) -> 3394 | C12: =SUM('8'!G37,'8'!G51) -> 1483 | D12: =SUM('8'!G38,'8'!G52) -> 2160 | E12: =SUM('8'!G39,'8'!G53) -> 4272 | F12: =SUM('8'!G41,'8'!G42,'8'!G55,'8'!G56) -> 5838.26 | G12: =SUM('8'!G43,'8'!G57) -> 2516 | H12: ='8'!G50 -> 1538 | I12: ='8'!G36 -> 676 | J12: ='8'!G72 -> 106 | K12: ='8'!$G$73 -> 0 | L12: ='8'!$G$74 -> 25 | M12: ='8'!$G$75 -> 170 | N12: ='8'!$G$76 -> 74 | O12: ='8'!$G$77 -> 58 | P12: ='8'!$G$78 -> 372 | Q12: ='8'!$G$79 -> 210 | R12: ='8'!$G$80 -> 397 | S12: ='8'!$G$81 -> 122 | T12: ='8'!$G$82 -> 24 | U12: ='8'!$G$58 -> 201 | V12: ='8'!$G$83 -> 361 | W12: ='8'!G86 -> 100 | X12: ='8'!G87 -> 36 | Y12: ='8'!G88 -> 95 | Z12: ='8'!G89+'8'!G90 -> 83 | AA12: ='8'!$G$62 -> 0 | AB12: ='8'!$G$63 -> 12 | AC12: ='8'!$G$64 -> 527 | AD12: ='8'!$G$65 -> 378 | AE12: ='8'!$G$66 -> 379 | AF12: ='8'!$G$67 -> 678 | AG12: ='8'!$G$68 -> 343 | AH12: ='8'!$G$69 -> 331 | AI12: ='8'!$G$84 -> 793 | AJ12: ='8'!$G$15 -> 859.85 | AK12: ='8'!$G$123 -> 241 | AL12: ='8'!$G$124 -> 0.4 | AM12: ='8'!$G$125 -> 63 | AN12: ='8'!$G$126 -> 16 | AO12: ='8'!$G$127 -> 1 | AP12: =AJ12-SUM(AK12:AO12) -> 538.45 | AQ12: =SUM('8'!G139:G140) -> 6.68 | AR12: ='8'!$G$136 -> 9.69 | AS12: ='8'!$G$137 -> 0 | AT12: ='8'!$G$138 -> 1.82 | AU12: =SUM(AR12:AT12) -> 11.51
A13: 43870 | B13: =SUM('9'!G35,'9'!G49) -> 3381 | C13: =SUM('9'!G37,'9'!G51) -> 1491 | D13: =SUM('9'!G38,'9'!G52) -> 2121 | E13: =SUM('9'!G39,'9'!G53) -> 4195 | F13: =SUM('9'!G41,'9'!G42,'9'!G55,'9'!G56) -> 5115 | G13: =SUM('9'!G43,'9'!G57) -> 2377 | H13: ='9'!G50 -> 1028 | I13: ='9'!G36 -> 667 | J13: ='9'!G72 -> 100 | K13: ='9'!$G$73 -> 1 | L13: ='9'!$G$74 -> 24 | M13: ='9'!$G$75 -> 174 | N13: ='9'!$G$76 -> 81 | O13: ='9'!$G$77 -> 65 | P13: ='9'!$G$78 -> 471 | Q13: ='9'!$G$79 -> 192 | R13: ='9'!$G$80 -> 134 | S13: ='9'!$G$81 -> 82 | T13: ='9'!$G$82 -> 22 | U13: ='9'!$G$58 -> 186 | V13: ='9'!$G$83 -> 422 | W13: ='9'!G86 -> 101 | X13: ='9'!G87 -> 33 | Y13: ='9'!G88 -> 102 | Z13: ='9'!G89+'9'!H90 -> 85 | AA13: ='9'!$G$62 -> 0 | AB13: ='9'!$G$63 -> 16 | AC13: ='9'!$G$64 -> 504 | AD13: ='9'!$G$65 -> 375 | AE13: ='9'!$G$66 -> 378 | AF13: ='9'!$G$67 -> 676 | AG13: ='9'!$G$68 -> 337 | AH13: ='9'!$G$69 -> 332 | AI13: ='9'!$G$84 -> 882 | AJ13: ='9'!$G$15 -> 779.02 | AK13: ='9'!$G$123 -> 253 | AL13: ='9'!$G$124 -> 0 | AM13: ='9'!$G$125 -> 43 | AN13: ='9'!$G$126 -> 85 | AO13: ='9'!$G$127 -> 2 | AP13: =AJ13-SUM(AK13:AO13) -> 396.02 | AQ13: =SUM('9'!G139:G140) -> 7.32 | AR13: ='9'!$G$136 -> 8.22 | AS13: ='9'!$G$137 -> 0 | AT13: ='9'!$G$138 -> 3 | AU13: =SUM(AR13:AT13) -> 11.22
A14: 43871 | B14: =SUM('10'!G35,'10'!G49) -> 3447 | C14: =SUM('10'!G37,'10'!G51) -> 1549 | D14: =SUM('10'!G38,'10'!G52) -> 2046 | E14: =SUM('10'!G39,'10'!G53) -> 4185 | F14: =SUM('10'!G41,'10'!G42,'10'!G55,'10'!G56) -> 4999 | G14: =SUM('10'!G43,'10'!G57) -> 2507 | H14: ='10'!G50 -> 1194 | I14: ='10'!G36 -> 702 | J14: ='10'!G72 -> 87 | K14: ='10'!$G$73 -> 0 | L14: ='10'!$G$74 -> 25 | M14: ='10'!$G$75 -> 161 | N14: ='10'!$G$76 -> 90 | O14: ='10'!$G$77 -> 56 | P14: ='10'!$G$78 -> 409 | Q14: ='10'!$G$79 -> 205 | R14: ='10'!$G$80 -> 517 | S14: ='10'!$G$81 -> 89 | T14: ='10'!$G$82 -> 25 | U14: ='10'!$G$58 -> 196 | V14: ='10'!$G$83 -> 491 | W14: ='10'!G86 -> 159 | X14: ='10'!G87 -> 27 | Y14: ='10'!G88 -> 96 | Z14: ='10'!G87+'10'!H90 -> 43 | AA14: ='10'!$G$62 -> 0 | AB14: ='10'!$G$63 -> 14 | AC14: ='10'!$G$64 -> 545 | AD14: ='10'!$G$65 -> 371 | AE14: ='10'!$G$66 -> 355 | AF14: ='10'!$G$67 -> 657 | AG14: ='10'!$G$68 -> 328 | AH14: ='10'!$G$69 -> 327 | AI14: ='10'!$G$84 -> 885 | AJ14: ='10'!$G$15 -> 847.13 | AK14: ='10'!$G$123 -> 247 | AL14: ='10'!$G$124 -> -0.4 | AM14: ='10'!$G$125 -> 76 | AN14: ='10'!$G$126 -> 51 | AO14: ='10'!$G$127 -> 3 | AP14: =AJ14-SUM(AK14:AO14) -> 470.53 | AQ14: =SUM('10'!G139:G140) -> 7 | AR14: ='10'!$G$136 -> 8.17 | AS14: ='10'!$G$137 -> 0 | AT14: ='10'!$G$138 -> 3.18 | AU14: =SUM(AR14:AT14) -> 11.35
A15: 43872 | B15: =SUM('11'!G35,'11'!G49) -> 3850 | C15: =SUM('11'!G37,'11'!G51) -> 1551 | D15: =SUM('11'!G38,'11'!G52) -> 2085 | E15: =SUM('11'!G39,'11'!G53) -> 4105 | F15: =SUM('11'!G41,'11'!G42,'11'!G55,'11'!G56) -> 5075 | G15: =SUM('11'!G43,'11'!G57) -> 2394 | H15: ='11'!G50 -> 1135 | I15: ='11'!G36 -> 598 | J15: ='11'!G72 -> 95 | K15: ='11'!$G$73 -> 0 | L15: ='11'!$G$74 -> 26 | M15: ='11'!$G$75 -> 164 | N15: ='11'!$G$76 -> 91 | O15: ='11'!$G$77 -> 55 | P15: ='11'!$G$78 -> 411 | Q15: ='11'!$G$79 -> 173 | R15: ='11'!$G$80 -> 97 | S15: ='11'!$G$81 -> 84 | T15: ='11'!$G$82 -> 26 | U15: ='11'!$G$58 -> 161 | V15: ='11'!$G$83 -> 407 | W15: ='11'!G86 -> 169 | X15: ='11'!G87 -> 25 | Y15: ='11'!G88 -> 83 | Z15: ='11'!G87+'11'!H90 -> 30 | AA15: ='11'!$G$62 -> 0 | AB15: ='11'!$G$63 -> 14 | AC15: ='11'!$G$64 -> 507 | AD15: ='11'!$G$65 -> 354 | AE15: ='11'!$G$66 -> 346 | AF15: ='11'!$G$67 -> 664 | AG15: ='11'!$G$68 -> 302 | AH15: ='11'!$G$69 -> 330 | AI15: ='11'!$G$84 -> 998 | AJ15: ='11'!$G$15 -> 852 | AK15: ='11'!$G$123 -> 233 | AL15: ='11'!$G$124 -> 0 | AM15: ='11'!$G$125 -> 68 | AN15: ='11'!$G$126 -> 17 | AO15: ='11'!$G$127 -> 3 | AP15: =AJ15-SUM(AK15:AO15) -> 531 | AQ15: =SUM('11'!G139:G140) -> 7 | AR15: ='11'!$G$136 -> 8 | AS15: ='11'!$G$137 -> 0.31 | AT15: ='11'!$G$138 -> 6 | AU15: =SUM(AR15:AT15) -> 14.31
A16: 43873 | B16: =SUM('12'!G35,'12'!G49) -> 3783 | C16: =SUM('12'!G37,'12'!G51) -> 1569 | D16: =SUM('12'!G38,'12'!G52) -> 1820 | E16: =SUM('12'!G39,'12'!G53) -> 4165 | F16: =SUM('12'!G41,'12'!G42,'12'!G55,'12'!G56) -> 5122 | G16: =SUM('12'!G43,'12'!G57) -> 2392 | H16: ='12'!G50 -> 1179 | I16: ='12'!G36 -> 629 | J16: ='12'!G72 -> 87 | K16: ='12'!$G$73 -> 1 | L16: ='12'!$G$74 -> 24 | M16: ='12'!$G$75 -> 168 | N16: ='12'!$G$76 -> 87 | O16: ='12'!$G$77 -> 53 | P16: ='12'!$G$78 -> 407 | Q16: ='12'!$G$79 -> 190 | R16: ='12'!$G$80 -> 576 | S16: ='12'!$G$81 -> 88 | T16: ='12'!$G$82 -> 23 | U16: ='12'!$G$58 -> 173 | V16: ='12'!$G$83 -> 211 | W16: ='12'!G86 -> 249 | X16: ='12'!G87 -> 28 | Y16: ='12'!G88 -> 74 | Z16: ='12'!G87+'12'!H90 -> 32 | AA16: ='12'!$G$62 -> 0 | AB16: ='12'!$G$63 -> 12 | AC16: ='12'!$G$64 -> 514 | AD16: ='12'!$G$65 -> 352 | AE16: ='12'!$G$66 -> 366 | AF16: ='12'!$G$67 -> 675 | AG16: ='12'!$G$68 -> 333 | AH16: ='12'!$G$69 -> 328 | AI16: ='12'!$G$84 -> 991 | AJ16: ='12'!$G$15 -> 804.77 | AK16: ='12'!$G$123 -> 245 | AL16: ='12'!$G$124 -> 0 | AM16: ='12'!$G$125 -> 60 | AN16: ='12'!$G$126 -> 20 | AO16: ='12'!$G$127 -> 3 | AP16: =AJ16-SUM(AK16:AO16) -> 476.77 | AQ16: =SUM('12'!G139:G140) -> 7 | AR16: ='12'!$G$136 -> 8 | AS16: ='12'!$G$137 -> 0 | AT16: ='12'!$G$138 -> 3.86 | AU16: =SUM(AR16:AT16) -> 11.86 | AW16: =AK16-AM16 -> 185
A17: 43874 | B17: =SUM('13'!G35,'13'!G49) -> 3627 | C17: =SUM('13'!G37,'13'!G51) -> 1606 | D17: =SUM('13'!G38,'13'!G52) -> 2030 | E17: =SUM('13'!G39,'13'!G53) -> 4243 | F17: =SUM('13'!G41,'13'!G42,'13'!G55,'13'!G56) -> 5361 | G17: =SUM('13'!G43,'13'!G57) -> 2397.33 | H17: ='13'!G50 -> 1073 | I17: ='13'!G36 -> 667 | J17: ='13'!G72 -> 90 | K17: ='13'!$G$73 -> 0 | L17: ='13'!$G$74 -> 35 | M17: ='13'!$G$75 -> 176 | N17: ='13'!$G$76 -> 83 | O17: ='13'!$G$77 -> 53 | P17: ='13'!$G$78 -> 472 | Q17: ='13'!$G$79 -> 198 | R17: ='13'!$G$80 -> 362 | S17: ='13'!$G$81 -> 104 | T17: ='13'!$G$82 -> 24 | U17: ='13'!$G$58 -> 176 | V17: ='13'!$G$83 -> 264 | W17: ='13'!G86 -> 83 | X17: ='13'!G87 -> 25 | Y17: ='13'!G88 -> 66 | Z17: ='13'!G87+'13'!H90 -> 27 | AA17: ='13'!$G$62 -> 0.18 | AB17: ='13'!$G$63 -> 12 | AC17: ='13'!$G$64 -> 479 | AD17: ='13'!$G$65 -> 358 | AE17: ='13'!$G$66 -> 369 | AF17: ='13'!$G$67 -> 703 | AG17: ='13'!$G$68 -> 354 | AH17: ='13'!$G$69 -> 329 | AI17: ='13'!$G$84 -> 758 | AJ17: ='13'!$G$15 -> 836.23 | AK17: ='13'!$G$123 -> 246 | AL17: ='13'!$G$124 -> 0.4 | AM17: ='13'!$G$125 -> 63 | AN17: ='13'!$G$126 -> 28 | AO17: ='13'!$G$127 -> 3 | AP17: =AJ17-SUM(AK17:AO17) -> 495.83 | AQ17: =SUM('13'!G139:G140) -> 7 | AR17: ='13'!$G$136 -> 8.98 | AS17: ='13'!$G$137 -> -0.31 | AT17: ='13'!$G$138 -> 2.14 | AU17: =SUM(AR17:AT17) -> 10.81 | AW17: =AK17-AP17 -> -249.83
A18: 43875 | B18: =SUM('14'!G35,'14'!G49) -> 3483 | C18: =SUM('14'!G37,'14'!G51) -> 1563 | D18: =SUM('14'!G38,'14'!G52) -> 2010 | E18: =SUM('14'!G39,'14'!G53) -> 4133 | F18: =SUM('14'!G41,'14'!G42,'14'!G55,'14'!G56) -> 5010 | G18: =SUM('14'!G43,'14'!G57) -> 2407 | H18: ='14'!G50 -> 1184 | I18: ='14'!G36 -> 659 | J18: ='14'!G72 -> 90 | K18: ='14'!$G$73 -> 0 | L18: ='14'!$G$74 -> 49 | M18: ='14'!$G$75 -> 187 | N18: ='14'!$G$76 -> 76 | O18: ='14'!$G$77 -> 49 | P18: ='14'!$G$78 -> 388 | Q18: ='14'!$G$79 -> 200 | R18: ='14'!$G$80 -> 362 | S18: ='14'!$G$81 -> 132 | T18: ='14'!$G$82 -> 25 | U18: ='14'!$G$58 -> 173 | V18: ='14'!$G$83 -> 249 | W18: ='14'!G86 -> 60 | X18: ='14'!G87 -> 15 | Y18: ='14'!G88 -> 31 | Z18: ='14'!G87+'14'!H90 -> 16 | AA18: ='14'!$G$62 -> 0 | AB18: ='14'!$G$63 -> 15 | AC18: ='14'!$G$64 -> 488 | AD18: ='14'!$G$65 -> 382 | AE18: ='14'!$G$66 -> 371 | AF18: ='14'!$G$67 -> 646 | AG18: ='14'!$G$68 -> 350 | AH18: ='14'!$G$69 -> 313 | AI18: ='14'!$G$84 -> 742 | AJ18: ='14'!$G$15 -> 855 | AK18: ='14'!$G$123 -> 245 | AL18: ='14'!$G$124 -> 0 | AM18: ='14'!$G$125 -> 61.21 | AN18: ='14'!$G$126 -> -66.5 | AO18: ='14'!$G$127 -> 3.3 | AP18: =AJ18-SUM(AK18:AO18) -> 611.99 | AQ18: =SUM('14'!G139:G140) -> 7 | AR18: ='14'!$G$136 -> 8.36 | AS18: ='14'!$G$137 -> 0.31 | AT18: ='14'!$G$138 -> 3.67 | AU18: =SUM(AR18:AT18) -> 12.34 | AW18: =AK18-AP18 -> -366.99
A19: 43876 | B19: =SUM('15'!G35,'15'!G49) -> 3462.76 | C19: =SUM('15'!G37,'15'!G51) -> 1624.67 | D19: =SUM('15'!G38,'15'!G52) -> 1887.91 | E19: =SUM('15'!G39,'15'!G53) -> 4262.21 | F19: =SUM('15'!G41,'15'!G42,'15'!G55,'15'!G56) -> 5696.453 | G19: =SUM('15'!G43,'15'!G57) -> 2431.55 | H19: ='15'!G50 -> 1168.67 | I19: ='15'!G36 -> 718 | J19: ='15'!G72 -> 103 | K19: ='15'!$G$73 -> 1 | L19: ='15'!$G$74 -> 20.95 | M19: ='15'!$G$75 -> 168.29 | N19: ='15'!$G$76 -> 72.62 | O19: ='15'!$G$77 -> 57 | P19: ='15'!$G$78 -> 443 | Q19: ='15'!$G$79 -> 194 | R19: ='15'!$G$80 -> 347.52 | S19: ='15'!$G$81 -> 134.16 | T19: ='15'!$G$82 -> 20.94 | U19: ='15'!$G$58 -> 161.55 | V19: ='15'!$G$83 -> 280 | W19: ='15'!G86 -> 106.52 | X19: ='15'!G87 -> 32.5 | Y19: ='15'!G88 -> 89.45 | Z19: ='15'!G87+'15'!H90 -> 37.7 | AA19: ='15'!$G$62 -> 0 | AB19: ='15'!$G$63 -> 14.77 | AC19: ='15'!$G$64 -> 518.11 | AD19: ='15'!$G$65 -> 379.46 | AE19: ='15'!$G$66 -> 393.73 | AF19: ='15'!$G$67 -> 716.53 | AG19: ='15'!$G$68 -> 346.17 | AH19: ='15'!$G$69 -> 307.4 | AI19: ='15'!$G$84 -> 731 | AJ19: ='15'!$G$15 -> 827.709 | AK19: ='15'!$G$123 -> 248.97 | AL19: ='15'!$G$124 -> 0 | AM19: ='15'!$G$125 -> 61.67 | AN19: ='15'!$G$126 -> 14.4 | AO19: ='15'!$G$127 -> 2.5 | AP19: =AJ19-SUM(AK19:AO19) -> 500.169 | AQ19: =SUM('15'!G139:G140) -> 6.9 | AR19: ='15'!$G$136 -> 7.94 | AS19: ='15'!$G$137 -> 0.06 | AT19: ='15'!$G$138 -> 4.79 | AU19: =SUM(AR19:AT19) -> 12.79 | AW19: =AK19-AP19 -> -251.199
A20: 43877 | B20: =SUM('16'!G35,'16'!G49) -> 3222.48 | C20: =SUM('16'!G37,'16'!G51) -> 1585.1 | D20: =SUM('16'!G38,'16'!G52) -> 1760.32 | E20: =SUM('16'!G39,'16'!G53) -> 4153.46 | F20: =SUM('16'!G41,'16'!G42,'16'!G55,'16'!G56) -> 5084.16 | G20: =SUM('16'!G43,'16'!G57) -> 2381.44 | H20: ='16'!G50 -> 1068.24 | I20: ='16'!G36 -> 616.75 | J20: ='16'!G72 -> 100 | K20: ='16'!$G$73 -> 0 | L20: ='16'!$G$74 -> 18.44 | M20: ='16'!$G$75 -> 163.93 | N20: ='16'!$G$76 -> 67.68 | O20: ='16'!$G$77 -> 58 | P20: ='16'!$G$78 -> 423 | Q20: ='16'!$G$79 -> 206 | R20: ='16'!$G$80 -> 353.84 | S20: ='16'!$G$81 -> 108.16 | T20: ='16'!$G$82 -> 24.29 | U20: ='16'!$G$58 -> 174.3 | V20: ='16'!$G$83 -> 241 | W20: ='16'!G86 -> 113.04 | X20: ='16'!G87 -> 29.9 | Y20: ='16'!G88 -> 117.51 | Z20: ='16'!G87+'16'!H90 -> 33.5 | AA20: ='16'!$G$62 -> 0 | AB20: ='16'!$G$63 -> 14.95 | AC20: ='16'!$G$64 -> 493.83 | AD20: ='16'!$G$65 -> 375.7 | AE20: ='16'!$G$66 -> 391.4 | AF20: ='16'!$G$67 -> 670.18 | AG20: ='16'!$G$68 -> 323.42 | AH20: ='16'!$G$69 -> 305.08 | AI20: ='16'!$G$84 -> 692 | AJ20: ='16'!$G$15 -> 821.111 | AK20: ='16'!$G$123 -> 235.94 | AL20: ='16'!$G$124 -> 0 | AM20: ='16'!$G$125 -> 50.3 | AN20: ='16'!$G$126 -> 16.1 | AO20: ='16'!$G$127 -> 0.6 | AP20: =AJ20-SUM(AK20:AO20) -> 518.171 | AQ20: =SUM('16'!G139:G140) -> 7.11 | AR20: ='16'!$G$136 -> 8.73 | AS20: ='16'!$G$137 -> -0.06 | AT20: ='16'!$G$138 -> 3.1 | AU20: =SUM(AR20:AT20) -> 11.77 | AW20: =AK20-AP20 -> -282.231
A21: 43878 | B21: =SUM('17'!G35,'17'!G49) -> 3306.64 | C21: =SUM('17'!G37,'17'!G51) -> 1574.53 | D21: =SUM('17'!G38,'17'!G52) -> 1736.4 | E21: =SUM('17'!G39,'17'!G53) -> 4104.48 | F21: =SUM('17'!G41,'17'!G42,'17'!G55,'17'!G56) -> 4907.517 | G21: =SUM('17'!G43,'17'!G57) -> 2358 | H21: ='17'!G50 -> 1167.56 | I21: ='17'!G36 -> 641.94 | J21: ='18'!G72 -> 86 | K21: ='17'!$G$73 -> 0 | L21: ='17'!$G$74 -> 17.56 | M21: ='17'!$G$75 -> 153.09 | N21: ='17'!$G$76 -> 65.33 | O21: ='17'!$G$77 -> 59 | P21: ='17'!$G$78 -> 391 | Q21: ='17'!$G$79 -> 201 | R21: ='17'!$G$80 -> 334.8 | S21: ='17'!$G$81 -> 112.64 | T21: ='17'!$G$82 -> 21.28 | U21: ='17'!$G$58 -> 148.99 | V21: ='17'!$G$83 -> 240 | W21: ='17'!G86 -> 115.12 | X21: ='17'!G87 -> 28.4 | Y21: ='17'!G88 -> 82.74 | Z21: ='17'!G87+'17'!H90 -> 33.2 | AA21: ='17'!$G$62 -> 0 | AB21: ='17'!$G$63 -> 12.38 | AC21: ='17'!$G$64 -> 505.82 | AD21: ='17'!$G$65 -> 373.58 | AE21: ='17'!$G$66 -> 384.3 | AF21: ='17'!$G$67 -> 642.52 | AG21: ='17'!$G$68 -> 313.22 | AH21: ='17'!$G$69 -> 309.02 | AI21: ='17'!$G$84 -> 661 | AJ21: ='17'!$G$15 -> 780.709 | AK21: ='17'!$G$123 -> 236.1 | AL21: ='17'!$G$124 -> 0 | AM21: ='17'!$G$125 -> 72.25 | AN21: ='17'!$G$126 -> 16.8 | AO21: ='17'!$G$127 -> 4.5 | AP21: =AJ21-SUM(AK21:AO21) -> 451.059 | AQ21: =SUM('17'!G139:G140) -> 7.94 | AR21: ='17'!$G$136 -> 6.74 | AS21: ='17'!$G$137 -> 0 | AT21: ='17'!$G$138 -> 4.61 | AU21: =SUM(AR21:AT21) -> 11.35 | AW21: =AK21-AP21 -> -214.959
A22: 43879 | B22: =SUM('18'!G35,'18'!G49) -> 3524.64 | C22: =SUM('18'!G37,'18'!G51) -> 1640.26 | D22: =SUM('18'!G38,'18'!G52) -> 1769.36 | E22: =SUM('18'!G39,'18'!G53) -> 4365.4 | F22: =SUM('18'!G41,'18'!G42,'18'!G55,'18'!G56) -> 6598.273 | G22: =SUM('18'!G43,'18'!G57) -> 2617.36 | H22: ='18'!G50 -> 1567.92 | I22: ='18'!G36 -> 789.31 | J22: ='18'!G72 -> 86 | K22: ='18'!$G$73 -> 1 | L22: ='18'!$G$74 -> 20.09 | M22: ='18'!$G$75 -> 171.19 | N22: ='18'!$G$76 -> 81.72 | O22: ='18'!$G$77 -> 54 | P22: ='18'!$G$78 -> 465 | Q22: ='18'!$G$79 -> 199 | R22: ='18'!$G$80 -> 255.84 | S22: ='18'!$G$81 -> 129.08 | T22: ='18'!$G$82 -> 21.36 | U22: ='18'!$G$58 -> 155.26 | V22: ='18'!$G$83 -> 239 | W22: ='18'!G86 -> 148.56 | X22: ='18'!G87 -> 38.9 | Y22: ='18'!G88 -> 82.53 | Z22: ='18'!G87+'18'!H90 -> 43 | AA22: ='18'!$G$62 -> 0 | AB22: ='18'!$G$63 -> 12.48 | AC22: ='18'!$G$64 -> 516.09 | AD22: ='18'!$G$65 -> 385.03 | AE22: ='18'!$G$66 -> 401.47 | AF22: ='18'!$G$67 -> 737.88 | AG22: ='18'!$G$68 -> 335.46 | AH22: ='18'!$G$69 -> 321.59 | AI22: ='18'!$G$84 -> 727 | AJ22: ='18'!$G$15 -> 810.475 | AK22: ='18'!$G$123 -> 261.28 | AL22: ='18'!$G$124 -> 0 | AM22: ='18'!$G$125 -> 73.05 | AN22: ='18'!$G$126 -> 16.5 | AO22: ='18'!$G$127 -> 1.4 | AP22: =AJ22-SUM(AK22:AO22) -> 458.245 | AQ22: =SUM('18'!G139:G140) -> 8.8 | AR22: ='18'!$G$136 -> 6.56 | AS22: ='18'!$G$137 -> 0 | AT22: ='18'!$G$138 -> 5.18 | AU22: =SUM(AR22:AT22) -> 11.74 | AW22: =AK22-AP22 -> -196.965
A23: 43880 | B23: =SUM('19'!G35,'19'!G49) -> 3067.2 | C23: =SUM('19'!G37,'19'!G51) -> 1459.42 | D23: =SUM('19'!G38,'19'!G52) -> 1724.9 | E23: =SUM('19'!G39,'19'!G53) -> 4021.53 | F23: =SUM('19'!G41,'19'!G42,'19'!G55,'19'!G56) -> 4813.65 | G23: =SUM('19'!G43,'19'!G57) -> 2380.95 | H23: ='19'!G50 -> 1178.96 | I23: ='19'!G36 -> 604.67 | J23: ='19'!G72 -> 83 | K23: ='19'!$G$73 -> 0 | L23: ='19'!$G$74 -> 18.13 | M23: ='19'!$G$75 -> 159.5 | N23: ='19'!G76 -> 83.01 | O23: ='19'!$G$77 -> 56 | P23: ='19'!$G$78 -> 466 | Q23: ='19'!$G$79 -> 200 | R23: ='19'!$G$80 -> 440.04 | S23: ='19'!$G$81 -> 107.08 | T23: ='19'!$G$82 -> 20.72 | U23: ='19'!$G$58 -> 165.07 | V23: ='19'!$G$83 -> 254 | W23: ='19'!G86 -> 170.48 | X23: ='19'!G87 -> 33.43 | Y23: ='19'!G88 -> 90.28 | Z23: ='19'!G87+'19'!H90 -> 37.63 | AA23: ='19'!$G$62 -> 0.02 | AB23: ='19'!$G$63 -> 10.63 | AC23: ='19'!$G$64 -> 499.66 | AD23: ='19'!$G$65 -> 362.18 | AE23: ='19'!$G$66 -> 338.51 | AF23: ='19'!$G$67 -> 688.72 | AG23: ='19'!$G$68 -> 300.2 | AH23: ='19'!$G$69 -> 294.54 | AI23: ='19'!$G$84 -> 715 | AJ23: ='19'!$G$15 -> 806.656 | AK23: ='19'!$G$123 -> 244.44 | AL23: ='19'!$G$124 -> -0.4 | AM23: ='19'!$G$125 -> 75.65 | AN23: ='19'!$G$126 -> 14.3 | AO23: ='19'!$G$127 -> 1.6 | AP23: =AJ23-SUM(AK23:AO23) -> 471.066 | AQ23: =SUM('19'!G139:G140) -> 8.46 | AR23: ='19'!$G$136 -> 7.59 | AS23: ='19'!$G$137 -> 0 | AT23: ='19'!$G$138 -> 3.79 | AU23: =SUM(AR23:AT23) -> 11.38 | AW23: =AK23-AP23 -> -226.626
A24: 43881 | B24: =SUM('20'!G35,'20'!G49) -> 3354 | C24: =SUM('20'!G37,'20'!G51) -> 1568.42 | D24: =SUM('20'!G38,'20'!G52) -> 1803.91 | E24: =SUM('20'!G39,'20'!G53) -> 4428.92 | F24: =SUM('20'!G41,'20'!G42,'20'!G55,'20'!G56) -> 5278.36 | G24: =SUM('20'!G43,'20'!G57) -> 2443.92 | H24: ='20'!G50 -> 1405.48 | I24: ='20'!G36 -> 603.14 | J24: ='20'!G72 -> 109 | K24: ='20'!$G$73 -> 8 | L24: ='20'!$G$74 -> 18.93 | M24: ='20'!$G$75 -> 198 | N24: ='20'!$G$76 -> 78.11 | O24: ='20'!$G$77 -> 49 | P24: ='20'!$G$78 -> 519 | Q24: ='20'!$G$79 -> 187 | R24: ='20'!$G$80 -> 396.51 | S24: ='20'!$G$81 -> 94.8 | T24: ='20'!$G$82 -> 21.09 | U24: ='20'!$G$58 -> 182.08 | V24: ='20'!$G$83 -> 229 | W24: ='20'!G86 -> 93.32 | X24: ='20'!G87 -> 29.17 | Y24: ='20'!G88 -> 82.78 | Z24: ='20'!G87+'20'!H90 -> 34.47 | AA24: ='20'!$G$62 -> 0 | AB24: ='20'!$G$63 -> 10.74 | AC24: ='20'!$G$64 -> 499.86 | AD24: ='20'!$G$65 -> 364.34 | AE24: ='20'!$G$66 -> 343.39 | AF24: ='20'!$G$67 -> 770 | AG24: ='20'!$G$68 -> 328.03 | AH24: ='20'!$G$69 -> 314.08 | AI24: ='20'!$G$84 -> 686 | AJ24: ='20'!$G$15 -> 922.34 | AK24: ='20'!$G$123 -> 267.74 | AL24: ='20'!$G$124 -> 0 | AM24: ='20'!$G$125 -> 76.88 | AN24: ='20'!$G$126 -> 24.2 | AO24: ='20'!$G$127 -> 4.5 | AP24: =AJ24-SUM(AK24:AO24) -> 549.02 | AQ24: =SUM('20'!G139:G140) -> 9.16 | AR24: ='20'!$G$136 -> 9.85 | AS24: ='20'!$G$137 -> 0 | AT24: ='20'!$G$138 -> 2.48 | AU24: =SUM(AR24:AT24) -> 12.33 | AW24: =AK24-AP24 -> -281.28
A25: 43882 | B25: =SUM('21'!G35,'21'!G49) -> 3387.04 | C25: =SUM('21'!G37,'21'!G51) -> 1605.37 | D25: =SUM('21'!G38,'21'!G52) -> 1861.43 | E25: =SUM('21'!G39,'21'!G53) -> 4385.28 | F25: =SUM('21'!G41,'21'!G42,'21'!G55,'21'!G56) -> 5380.737 | G25: =SUM('21'!G43,'21'!G57) -> 2440.45 | H25: ='21'!G50 -> 1212.48 | I25: ='21'!G36 -> 605.14 | J25: ='21'!G72 -> 90 | K25: ='21'!$G$73 -> 2 | L25: ='21'!$G$74 -> 38.6 | M25: ='21'!$G$75 -> 158.55 | N25: ='21'!$G$76 -> 77.44 | O25: ='21'!$G$77 -> 48 | P25: ='21'!$G$78 -> 411 | Q25: ='21'!$G$79 -> 169 | R25: ='21'!$G$80 -> 383.21 | S25: ='21'!$G$81 -> 114.88 | T25: ='21'!$G$82 -> 21.03 | U25: ='21'!$G$58 -> 183.42 | V25: ='21'!$G$83 -> 252 | W25: ='21'!G86 -> 51.48 | X25: ='21'!G87 -> 22.3 | Y25: ='21'!G88 -> 31.22 | Z25: ='21'!G87+'21'!H90 -> 29.2 | AA25: ='21'!$G$62 -> 0 | AB25: ='21'!$G$63 -> 10.68 | AC25: ='21'!$G$64 -> 499.63 | AD25: ='21'!$G$65 -> 386.34 | AE25: ='21'!$G$66 -> 393.31 | AF25: ='21'!$G$67 -> 671.34 | AG25: ='21'!$G$68 -> 337.57 | AH25: ='21'!$G$69 -> 318.88 | AI25: ='21'!$G$84 -> 683 | AJ25: ='21'!$G$15 -> 979.97 | AK25: ='21'!$G$123 -> 300.25 | AL25: ='21'!$G$124 -> 0 | AM25: ='21'!$G$125 -> 73.28 | AN25: ='21'!$G$126 -> 29.8 | AO25: ='21'!$G$127 -> 2.5 | AP25: =AJ25-SUM(AK25:AO25) -> 574.14 | AQ25: =SUM('21'!G139:G140) -> 9.82 | AR25: ='21'!$G$136 -> 9.57 | AS25: ='21'!$G$137 -> 0 | AT25: ='21'!$G$138 -> 1.98 | AU25: =SUM(AR25:AT25) -> 11.55 | AW25: =AK25-AP25 -> -273.89
A26: 43883 | B26: =SUM('22'!G35,'22'!G49) -> 3337.84 | C26: =SUM('22'!G37,'22'!G51) -> 1553.18 | D26: =SUM('22'!G38,'22'!G52) -> 1793.54 | E26: =SUM('22'!G39,'22'!G53) -> 4335.4 | F26: =SUM('22'!G41,'22'!G42,'22'!G55,'22'!G56) -> 5689.22 | G26: =SUM('22'!G43,'22'!G57) -> 2399.47 | H26: ='22'!G50 -> 1248.44 | I26: ='22'!G36 -> 664.16 | J26: ='22'!G72 -> 103 | K26: ='22'!$G$73 -> 1 | L26: ='22'!$G$74 -> 18.51 | M26: ='22'!$G$75 -> 159.42 | N26: ='22'!$G$76 -> 77.99 | O26: ='22'!$G$77 -> 50 | P26: ='22'!$G$78 -> 405 | Q26: ='22'!$G$79 -> 169 | R26: ='22'!$G$80 -> 337.88 | S26: ='22'!$G$81 -> 123.84 | T26: ='22'!$G$82 -> 22.3 | U26: ='22'!$G$58 -> 192.76 | V26: ='22'!$G$83 -> 242 | W26: ='22'!G86 -> 197.62 | X26: ='22'!G87 -> 31.4 | Y26: ='22'!G88 -> 102.59 | Z26: ='22'!G87+'22'!H90 -> 41.7 | AA26: ='22'!$G$62 -> 0 | AB26: ='22'!$G$63 -> 10.67 | AC26: ='22'!$G$64 -> 558 | AD26: ='22'!$G$65 -> 383.08 | AE26: ='22'!$G$66 -> 392.26 | AF26: ='22'!$G$67 -> 690.52 | AG26: ='22'!$G$68 -> 308 | AH26: ='22'!$G$69 -> 309.82 | AI26: ='22'!$G$84 -> 675 | AJ26: ='22'!$G$15 -> 949.8 | AK26: ='22'!$G$123 -> 281.96 | AL26: ='22'!$G$124 -> 0 | AM26: ='22'!$G$125 -> 65.19 | AN26: ='22'!$G$126 -> 16.6 | AO26: ='22'!$G$127 -> 1.6 | AP26: =AJ26-SUM(AK26:AO26) -> 584.45 | AQ26: =SUM('22'!G139:G140) -> 9.25 | AR26: ='22'!$G$136 -> 9.95 | AS26: ='22'!$G$137 -> 0.06 | AT26: ='22'!$G$138 -> 3.77 | AU26: =SUM(AR26:AT26) -> 13.78 | AW26: =AK26-AP26 -> -302.49
A27: 43884 | B27: =SUM('23'!G35,'23'!G49) -> 3280.4 | C27: =SUM('23'!G37,'23'!G51) -> 1487.92 | D27: =SUM('23'!G38,'23'!G52) -> 1823.23 | E27: =SUM('23'!G39,'23'!G53) -> 4120.79 | F27: =SUM('23'!G41,'23'!G42,'23'!G55,'23'!G56) -> 5237.78 | G27: =SUM('23'!G43,'23'!G57) -> 2358.53 | H27: ='23'!G50 -> 1181.25 | I27: ='23'!G36 -> 620.89 | J27: ='23'!G72 -> 100 | K27: ='23'!G73 -> 0 | L27: ='23'!$G$74 -> 17.79 | M27: ='23'!$G$75 -> 154.03 | N27: ='23'!$G$76 -> 75.1 | O27: ='23'!$G$77 -> 50 | P27: ='23'!$G$78 -> 415 | Q27: ='23'!$G$79 -> 199 | R27: ='23'!$G$80 -> 354.36 | S27: ='23'!$G$81 -> 118.36 | T27: ='23'!$G$82 -> 19.99 | U27: ='23'!$G$58 -> 190.57 | V27: ='23'!$G$83 -> 295 | W27: ='23'!$G$86 -> 113.86 | X27: ='23'!G87 -> 37 | Y27: ='23'!G88 -> 88.9 | Z27: ='23'!G87+'23'!H90 -> 42 | AA27: ='23'!$G$62 -> -0.2 | AB27: ='23'!$G$63 -> 10.7 | AC27: ='23'!$G$64 -> 497 | AD27: ='23'!$G$65 -> 372.29 | AE27: ='23'!$G$66 -> 379.63 | AF27: ='23'!$G$67 -> 701.31 | AG27: ='23'!$G$68 -> 9626 | AH27: ='23'!$G$69 -> 314.59 | AI27: ='23'!$G$84 -> 708 | AJ27: ='23'!$G$15 -> 913.23 | AK27: ='23'!$G$123 -> 273.32 | AL27: ='23'!$G$124 -> 0 | AM27: ='23'!$G$125 -> 78.52 | AN27: ='23'!$G$126 -> 22.8 | AO27: ='23'!$G$127 -> 1.5 | AP27: =AJ27-SUM(AK27:AO27) -> 537.09 | AQ27: =SUM('23'!G139:G140) -> 9.74 | AR27: ='23'!$G$136 -> 8.58 | AS27: ='23'!$G$137 -> -0.06 | AT27: ='23'!$G$138 -> 2.63 | AU27: =SUM(AR27:AT27) -> 11.15 | AW27: =AK27-AP27 -> -263.77
A28: 43885 | B28: =SUM('24'!G35,'24'!G49) -> 3119 | C28: =SUM('24'!G37,'24'!G51) -> 1480.13 | D28: =SUM('24'!G38,'24'!G52) -> 1763 | E28: =SUM('24'!G39,'24'!G53) -> 4090.53 | F28: =SUM('24'!G41,'24'!G42,'24'!G55,'24'!G56) -> 5174.85 | G28: =SUM('24'!G43,'24'!G57) -> 2354 | H28: ='24'!G50 -> 1818 | I28: ='24'!G36 -> 598 | J28: ='24'!G72 -> 85 | K28: ='24'!G73 -> 1 | L28: ='24'!$G$74 -> 19 | M28: ='24'!$G$75 -> 174 | N28: ='24'!$G$76 -> 82 | O28: ='24'!$G$77 -> 49 | P28: ='24'!$G$78 -> 409 | Q28: ='24'!$G$79 -> 183 | R28: ='24'!$G$80 -> 408 | S28: ='24'!$G$81 -> 137 | T28: ='24'!$G$82 -> 22 | U28: ='24'!$G$58 -> 205 | V28: ='24'!$G$83 -> 237 | W28: ='24'!G86 -> 167 | X28: ='24'!G87 -> 45 | Y28: ='24'!G88 -> 80 | Z28: ='24'!G87+'24'!H90 -> 49 | AA28: ='24'!$G$62 -> 0 | AB28: ='24'!$G$63 -> 12 | AC28: ='24'!$G$64 -> 490 | AD28: ='24'!$G$65 -> 393 | AE28: ='24'!$G$66 -> 376 | AF28: ='24'!$G$67 -> 716 | AG28: ='24'!$G$68 -> 347 | AH28: ='24'!$G$69 -> 317 | AI28: ='24'!$G$84 -> 738 | AJ28: ='24'!$G$15 -> 296 | AK28: ='24'!$G$123 -> 101 | AL28: ='24'!$G$124 -> 0 | AM28: ='24'!$G$125 -> 23.58 | AN28: ='24'!$G$126 -> 3 | AO28: ='24'!$G$127 -> 0 | AP28: =AJ28-SUM(AK28:AO28) -> 168.42 | AQ28: =SUM('24'!G139:G140) -> 8.71 | AR28: ='24'!$G$136 -> 3.4 | AS28: ='24'!$G$137 -> 4.66 | AT28: ='24'!$G$138 -> 0 | AU28: =SUM(AR28:AT28) -> 8.06 | AW28: =AK28-AP28 -> -67.42
A29: 43886 | B29: =SUM('25'!G35,'25'!G49) -> -1035402 | C29: =SUM('25'!G37,'25'!G51) -> -188879 | D29: =SUM('25'!G38,'25'!G52) -> -598611 | E29: =SUM('25'!G39,'25'!G53) -> -524043 | F29: =SUM('25'!G41,'25'!G42,'25'!G55,'25'!G56) -> -953862 | G29: =SUM('25'!G43,'25'!G57) -> -891872 | H29: ='25'!G50 -> -432426 | I29: ='25'!G36 -> -311995 | J29: ='25'!G72 -> -852740 | K29: ='25'!$G$73 -> -885790 | L29: ='25'!$G$74 -> -1214 | M29: ='25'!$G$75 -> -7505 | N29: ='25'!$G$76 -> -3451 | O29: ='25'!$G$77 -> -699854 | P29: ='25'!$G$78 -> -662799 | Q29: ='25'!$G$79 -> -819907 | R29: ='25'!$G$80 -> -503279 | S29: ='25'!$G$81 -> -628605 | T29: ='25'!$G$82 -> -106732 | U29: ='25'!$G$58 -> -40284 | V29: ='25'!$G$83 -> -4914 | W29: ='25'!G86 -> -453391 | X29: ='25'!G87 -> -79939 | Y29: ='25'!G88 -> -150114 | Z29: ='25'!G87+'25'!H90 -> -83197 | AA29: ='25'!$G$62 -> -20419 | AB29: ='25'!$G$63 -> -2012 | AC29: ='25'!$G$64 -> -135907 | AD29: ='25'!$G$65 -> -141579 | AE29: ='25'!$G$66 -> -34324 | AF29: ='25'!$G$67 -> -224328 | AG29: ='25'!$G$68 -> -80766 | AH29: ='25'!$G$69 -> -72124 | AI29: ='25'!$G$84 -> -448965 | AJ29: ='25'!$G$15 -> -1640178 | AK29: ='25'!$G$123 -> -816987 | AL29: ='25'!$G$124 -> -73583 | AM29: ='25'!$G$125 -> -141548.58 | AN29: ='25'!$G$126 -> -59823 | AO29: ='25'!$G$127 -> -8944 | AP29: =AJ29-SUM(AK29:AO29) -> -539292.42 | AQ29: =SUM('25'!G139:G140) -> -5944.89 | AR29: ='25'!$G$136 -> -22422.25 | AS29: ='25'!$G$137 -> -25048.97 | AT29: ='25'!$G$138 -> -70238 | AU29: =SUM(AR29:AT29) -> -117709.22 | AW29: =AK29-AP29 -> -277694.58
A30: 43887 | B30: =SUM('26'!G35,'26'!G49) -> 0 | C30: =SUM('26'!G37,'26'!G51) -> 0 | D30: =SUM('26'!G38,'26'!G52) -> 0 | E30: =SUM('26'!G39,'26'!G53) -> 0 | F30: =SUM('26'!G41,'26'!G42,'26'!G55,'26'!G56) -> 0 | G30: =SUM('26'!G43,'26'!G57) -> 0 | H30: ='26'!G50 -> 0 | I30: ='26'!G36 -> 0 | J30: ='26'!G72 -> 0 | K30: ='26'!$G$73 -> 0 | L30: ='26'!$G$74 -> 0 | M30: ='26'!$G$75 -> 0 | N30: ='26'!$G$76 -> 0 | O30: ='26'!$G$77 -> 0 | P30: ='26'!$G$78 -> 0 | Q30: ='26'!$G$79 -> 0 | R30: ='26'!$G$80 -> 0 | S30: ='26'!$G$81 -> 0 | T30: ='26'!$G$82 -> 0 | U30: ='26'!$G$58 -> 0 | V30: ='26'!$G$83 -> 0 | W30: ='26'!G86 -> 0 | X30: ='26'!G87 -> 0 | Y30: ='26'!G88 -> 0 | Z30: ='26'!G87+'26'!H90 -> 0 | AA30: ='26'!$G$62 -> 0 | AB30: ='26'!$G$63 -> 0 | AC30: ='26'!$G$64 -> 0 | AD30: ='26'!$G$65 -> 0 | AE30: ='26'!$G$66 -> 0 | AF30: ='26'!$G$67 -> 0 | AG30: ='26'!$G$68 -> 0 | AH30: ='26'!$G$69 -> 0 | AI30: ='26'!$G$84 -> 0 | AJ30: ='26'!$G$15 -> 0 | AK30: ='26'!$G$123 -> 0 | AL30: ='26'!$G$124 -> 0 | AM30: ='26'!$G$125 -> 0 | AN30: ='26'!$G$126 -> 0 | AO30: ='26'!$G$127 -> 0 | AP30: =AJ30-SUM(AK30:AO30) -> 0 | AQ30: =SUM('26'!G139:G140) -> 0 | AR30: ='26'!$G$136 -> 0 | AS30: ='26'!$G$137 -> 0 | AT30: ='26'!$G$138 -> 0 | AU30: =SUM(AR30:AT30) -> 0 | AW30: =AK30-AP30 -> 0
A31: 43888 | B31: =SUM('27'!G35,'27'!G49) -> 0 | C31: =SUM('27'!G37,'27'!G51) -> 0 | D31: =SUM('27'!G38,'27'!G52) -> 0 | E31: =SUM('27'!G39,'27'!G53) -> 0 | F31: =SUM('27'!G41,'27'!G42,'27'!G55,'27'!G56) -> 0 | G31: =SUM('27'!G43,'27'!G57) -> 0 | H31: ='27'!G50 -> 0 | I31: ='27'!G36 -> 0 | J31: ='27'!G72 -> 0 | K31: ='27'!$G$73 -> 0 | L31: ='27'!$G$74 -> 0 | M31: ='27'!$G$75 -> 0 | N31: ='27'!$G$76 -> 0 | O31: ='27'!$G$77 -> 0 | P31: ='27'!$G$78 -> 0 | Q31: ='27'!$G$79 -> 0 | R31: ='27'!$G$80 -> 0 | S31: ='27'!$G$81 -> 0 | T31: ='27'!$G$82 -> 0 | U31: ='27'!$G$58 -> 0 | V31: ='27'!$G$83 -> 0 | W31: ='27'!G86 -> 0 | X31: ='27'!G87 -> 0 | Y31: ='27'!G88 -> 0 | Z31: ='27'!G87+'27'!H90 -> 0 | AA31: ='27'!$G$62 -> 0 | AB31: ='27'!$G$63 -> 0 | AC31: ='27'!$G$64 -> 0 | AD31: ='27'!$G$65 -> 0 | AE31: ='27'!$G$66 -> 0 | AF31: ='27'!$G$67 -> 0 | AG31: ='27'!$G$68 -> 0 | AH31: ='27'!$G$69 -> 0 | AI31: ='27'!$G$84 -> 0 | AJ31: ='27'!$G$15 -> 0 | AK31: ='27'!$G$123 -> 0 | AL31: ='27'!$G$124 -> 0 | AM31: ='27'!$G$125 -> 0 | AN31: ='27'!$G$126 -> 0 | AO31: ='27'!$G$127 -> 0 | AP31: =AJ31-SUM(AK31:AO31) -> 0 | AQ31: =SUM('27'!G139:G140) -> 0 | AR31: ='27'!$G$136 -> 0 | AS31: ='27'!$G$137 -> 0 | AT31: ='27'!$G$138 -> 0 | AU31: =SUM(AR31:AT31) -> 0 | AW31: =AK31-AP31 -> 0
A32: 43889 | B32: =SUM('28'!G35,'28'!G49) -> 0 | C32: =SUM('28'!G37,'28'!G51) -> 0 | D32: =SUM('28'!G38,'28'!G52) -> 0 | E32: =SUM('28'!G39,'28'!G53) -> 0 | F32: =SUM('28'!G41,'28'!G42,'28'!G55,'28'!G56) -> 0 | G32: =SUM('28'!G43,'28'!G57) -> 0 | H32: ='28'!G50 -> 0 | I32: ='28'!G36 -> 0 | J32: ='28'!G72 -> 0 | K32: ='28'!$G$73 -> 0 | L32: ='28'!$G$74 -> 0 | M32: ='28'!$G$75 -> 0 | N32: ='28'!$G$76 -> 0 | O32: ='28'!$G$77 -> 0 | P32: ='28'!$G$78 -> 0 | Q32: ='28'!$G$79 -> 0 | R32: ='28'!$G$80 -> 0 | S32: ='28'!$G$81 -> 0 | T32: ='28'!$G$82 -> 0 | U32: ='28'!$G$58 -> 0 | V32: ='28'!$G$83 -> 0 | W32: ='28'!G86 -> 0 | X32: ='28'!G87 -> 0 | Y32: ='28'!G88 -> 0 | Z32: ='28'!G87+'28'!H90 -> 0 | AA32: ='28'!$G$62 -> 0 | AB32: ='28'!$G$63 -> 0 | AC32: ='28'!$G$64 -> 0 | AD32: ='28'!$G$65 -> 0 | AE32: ='28'!$G$66 -> 0 | AF32: ='28'!$G$67 -> 0 | AG32: ='28'!$G$68 -> 0 | AH32: ='28'!$G$69 -> 0 | AI32: ='28'!$G$84 -> 0 | AJ32: ='28'!$G$15 -> 0 | AK32: ='28'!$G$123 -> 0 | AL32: ='28'!$G$124 -> 0 | AM32: ='28'!$G$125 -> 0 | AN32: ='28'!$G$126 -> 0 | AO32: ='28'!$G$127 -> 0 | AP32: =AJ32-SUM(AK32:AO32) -> 0 | AQ32: =SUM('28'!G139:G140) -> 0 | AR32: ='28'!$G$136 -> 0 | AS32: ='28'!$G$137 -> 0 | AT32: ='28'!$G$138 -> 0 | AU32: =SUM(AR32:AT32) -> 0 | AW32: =AK32-AP32 -> 0
A33: 43890 | B33: =SUM('29'!G35,'29'!G49) -> 0 | C33: =SUM('29'!G37,'29'!G51) -> 0 | D33: =SUM('29'!G38,'29'!G52) -> 0 | E33: =SUM('29'!G39,'29'!G53) -> 0 | F33: =SUM('29'!G41,'29'!G42,'29'!G55,'3'!G56) -> 7.92 | G33: =SUM('29'!G43,'29'!G57) -> 0 | H33: ='29'!G50 -> 0 | I33: ='29'!G36 -> 0 | J33: ='29'!G72 -> 0 | K33: ='29'!$G$73 -> 0 | L33: ='29'!$G$74 -> 0 | M33: ='29'!$G$75 -> 0 | N33: ='29'!$G$76 -> 0 | O33: ='29'!$G$77 -> 0 | P33: ='29'!$G$78 -> 0 | Q33: ='29'!$G$79 -> 0 | R33: ='29'!$G$80 -> 0 | S33: ='29'!$G$81 -> 0 | T33: ='29'!$G$82 -> 0 | U33: ='29'!$G$58 -> 0 | V33: ='29'!$G$83 -> 0 | W33: ='29'!G86 -> 0 | X33: ='29'!G87 -> 0 | Y33: ='29'!G88 -> 0 | Z33: ='29'!G87+'29'!H90 -> 0 | AA33: ='29'!$G$62 -> 0 | AB33: ='29'!$G$63 -> 0 | AC33: ='29'!$G$64 -> 0 | AD33: ='29'!$G$65 -> 0 | AE33: ='29'!$G$66 -> 0 | AF33: ='29'!$G$67 -> 0 | AG33: ='29'!$G$68 -> 0 | AH33: ='29'!$G$69 -> 0 | AI33: ='29'!$G$84 -> 0 | AJ33: ='29'!$G$15 -> 0 | AK33: ='29'!$G$123 -> 0 | AL33: ='29'!$G$124 -> 0 | AM33: ='29'!$G$125 -> 0 | AN33: ='29'!$G$126 -> 0 | AO33: ='29'!$G$127 -> 0 | AP33: =AJ33-SUM(AK33:AO33) -> 0 | AQ33: =SUM('29'!G139:G140) -> 0 | AR33: ='29'!$G$136 -> 0 | AS33: ='29'!$G$137 -> 0 | AT33: ='29'!$G$138 -> 0 | AU33: =SUM(AR33:AT33) -> 0 | AW33: =AK33-AP33 -> 0
A34: 43891 | B34: =SUM('30'!G49,'30'!G49) -> 0 | C34: =SUM('30'!G51,'30'!G51) -> 0 | D34: =SUM('30'!G52,'30'!G52) -> 0 | E34: =SUM('30'!G53,'30'!G53) -> 0 | F34: =SUM('30'!G41,'30'!G42,'30'!G55,'30'!G56) -> 0 | G34: =SUM('30'!G57,'30'!G57) -> 0 | H34: ='30'!G50 -> 0 | I34: ='30'!G36 -> 0 | J34: ='30'!G72 -> 0 | K34: ='30'!$G$73 -> 0 | L34: ='30'!$G$74 -> 0 | M34: ='30'!$G$75 -> 0 | N34: ='30'!$G$76 -> 0 | O34: ='30'!$G$77 -> 0 | P34: ='30'!$G$78 -> 0 | Q34: ='30'!$G$79 -> 0 | R34: ='30'!$G$80 -> 0 | S34: ='30'!$G$81 -> 0 | T34: ='30'!$G$82 -> 0 | U34: ='30'!$G$58 -> 0 | V34: ='30'!$G$83 -> 0 | W34: ='30'!G86 -> 0 | X34: ='30'!G87 -> 0 | Y34: ='30'!G88 -> 0 | Z34: ='30'!G87+'30'!H90 -> 0 | AA34: ='30'!$G$62 -> 0 | AB34: ='30'!$G$63 -> 0 | AC34: ='30'!$G$64 -> 0 | AD34: ='30'!$G$65 -> 0 | AE34: ='30'!$G$66 -> 0 | AF34: ='30'!$G$67 -> 0 | AG34: ='30'!$G$68 -> 0 | AH34: ='30'!$G$69 -> 0 | AI34: ='30'!$G$84 -> 0 | AJ34: ='30'!$G$15 -> 0 | AK34: ='30'!$G$123 -> 0 | AL34: ='30'!$G$124 -> 0 | AM34: ='30'!$G$125 -> 0 | AN34: ='30'!$G$126 -> 0 | AO34: ='30'!$G$127 -> 0 | AP34: =AJ34-SUM(AK34:AO34) -> 0 | AQ34: =SUM('30'!G139:G140) -> 0 | AR34: ='30'!$G$136 -> 0 | AS34: ='30'!$G$137 -> 0 | AT34: ='30'!$G$138 -> 0 | AU34: =SUM(AR34:AT34) -> 0 | AW34: =AK34-AP34 -> 0
A35: 43892 | B35: =SUM('31'!G35,'31'!G49) -> 0 | C35: =SUM('31'!G37,'31'!G51) -> 0 | D35: =SUM('31'!G38,'31'!G52) -> 0 | E35: =SUM('31'!G39,'31'!G53) -> 0 | F35: =SUM('31'!G41,'31'!G42,'31'!G55,'31'!G56) -> 0 | G35: =SUM('31'!G43,'31'!G57) -> 0 | H35: ='31'!G50 -> 0 | I35: ='31'!G36 -> 0 | J35: ='31'!G72 -> 0 | K35: ='31'!$G$73 -> 0 | L35: ='31'!$G$74 -> 0 | M35: ='31'!$G$74 -> 0 | N35: ='31'!$G$76 -> 0 | O35: ='31'!$G$77 -> 0 | P35: ='31'!$G$78 -> 0 | Q35: ='31'!$G$79 -> 0 | R35: ='31'!$G$80 -> 0 | S35: ='31'!$G$81 -> 0 | T35: ='31'!$G$82 -> 0 | U35: ='31'!$G$58 -> 0 | V35: ='31'!$G$83 -> 0 | W35: ='31'!G86 -> 0 | X35: ='31'!G88 -> 0 | Y35: ='31'!G89 -> 0 | Z35: ='31'!G87+'31'!H90 -> 0 | AA35: ='31'!$G$62 -> 0 | AB35: ='31'!$G$63 -> 0 | AC35: ='31'!$G$64 -> 0 | AD35: ='31'!$G$65 -> 0 | AE35: ='31'!$G$66 -> 0 | AF35: ='31'!$G$67 -> 0 | AG35: ='31'!$G$68 -> 0 | AH35: ='31'!$G$69 -> 0 | AI35: ='31'!$G$84 -> 0 | AJ35: ='31'!$G$15 -> 0 | AK35: ='31'!$G$123 -> 0 | AL35: ='31'!$G$124 -> 0 | AM35: ='31'!$G$125 -> 0 | AN35: ='31'!$G$126 -> 0 | AO35: ='31'!$G$127 -> 0 | AP35: =AJ35-SUM(AK35:AO35) -> 0 | AQ35: =SUM('31'!G139:G140) -> 0 | AR35: ='31'!$G$136 -> 0 | AS35: ='31'!$G$137 -> 0 | AT35: ='31'!$G$138 -> 0 | AU35: =SUM(AR35:AT35) -> 0 | AW35: =AK35-AP35 -> 0
B36: =SUM(B5:B35) -> -953819.72 | C36: =SUM(C5:C35) -> -116945.84 | D36: =SUM(D5:D35) -> -551726.2 | E36: =SUM(E5:E35) -> -322461.62 | F36: =SUM(F5:F35) -> -826640.02 | G36: =SUM(G5:G35) -> -833609.16
B37: =B19-B18 -> -20.24 | C37: =C19-C18 -> 61.67 | D37: =D19-D18 -> -122.09 | E37: =E19-E18 -> 129.21 | F37: =F19-F18 -> 686.453 | G37: =G19-G18 -> 24.55 | AK37: 24th Sep | AL37: 191
AL38: 88
AL39: =SUM(AL37:AL38) -> 279 | AM39: Today | AN39: 335
AK41: HWG AVG | AL41: 168
AM42: 20 cub extra
AK43: INR | AL43: =20*38.68 -> 773.6 | AM43: Extra

Sheet 1
A1: Daily Utility Consumption Report
A2: Prepaired by- Ramesh | B2: 44256 | C2: occupancy | D2: 0.47 | G2: Occupancy% | H2: Electricity | I2: Water | J2: Gas
C3: Avg temp | D3: 25 | E3: Last year same month avg
C4: humidity | D4: 0.8
A5: Description | D5: Unit | E5: Yesterday | F5: Today | G5: units.consum | H5: MTD | I5: Budgeted | J5: Average/Day
A6: ELECTRICAL CONSUMPTION
A7: BEST Supply 11KV | D7: kwh | E7: 4445077 | F7: 4467474 | G7: =F7-E7 -> 22397 | H7: =G7 -> 22397 | I7: 12000 | J7: =H7/DAY(B2) -> 22397
A8: BEST supply | D8: KVAH | E8: 4473156 | F8: 4495710 | G8: =F8-E8 -> 22554 | H8: =G8 -> 22554 | I8: 12000 | J8: =H8/DAY(B2) -> 22554
A9: Transformer - 1 - 2500KVA | D9: kwh | E9: 86909.01 | F9: 101235.16 | G9: =F9-E9 -> 14326.15 | H9: =G9 -> 14326.15 | I9: =I8-J8 -> -10554 | J9: =H9/DAY(B2) -> 14326.15
A10: Transformer - 2 -2500KVA | D10: kwh | E10: 25695.56 | F10: 33103.08 | G10: =F10-E10 -> 7407.52 | H10: =G10 -> 7407.52 | J10: =H10/DAY(B2) -> 7407.52
A11: DG set- 1 - 1425KVA | D11: kwh | E11: 37000 | F11: 37000 | G11: =F11-E11 -> 0 | H11: =G11 -> 0 | J11: =H11/DAY(B2) -> 0
A12: DG set- 2 - 1425KVA | D12: kwh | E12: 40010 | F12: 40010 | G12: =F12-E12 -> 0 | H12: =G12 -> 0 | J12: =H12/DAY(B2) -> 0
A13: SubTotal | G13: =G9+G10+G11+G12 -> 21733.67 | H13: =G13 -> 21733.67 | I13: =G7-G13 -> 663.33 | J13: =H13/DAY(B2) -> 21733.67
A14: GAS CONSUMPTION
A15: Gas consumption | D15: m3 | E15: 1619878.6 | F15: 1620759.2 | G15: =(F15-E15) -> 880.632 | H15: =G15 -> 880.632 | I15: 800 | J15: =H15/DAY(B2) -> 880.632
I16: =I15-J15 -> -80.632
A17: WATER CONSUMPTION
A18: Tankers | D18: KL | E18: 17 | F18: 18 | G18: =F18*10 -> 180 | H18: =G18 -> 180 | I18: 65 | J18: =H18/DAY(B2) -> 180
A19: BMC | D19: KL | E19: 134468 | F19: 134516 | G19: =F19-E19 -> 48 | H19: =G19 -> 48 | J19: =H19/DAY(B2) -> 48
A20: Total water | G20: =G18+G19 -> 228 | H20: =G20 -> 228 | I20: =I18-J20 -> -163 | J20: =H20/DAY(B2) -> 228
A21: DIESEL CONSUMPTION
A22: Boiler House (H.S.D) | D22: L | E22: 2970 | F22: 2970 | G22: =(F22-E22) -> 0 | H22: =G22 -> 0 | J22: =H22/DAY(B2) -> 0
A23: D-G Set (H.S.D) | D23: L | E23: 1900 | F23: 1900 | G23: =(F23-E23) -> 0 | H23: =G23 -> 0 | J23: =H23/DAY(B2) -> 0
A24: Total HSD (H.S.D.) Stock | D24: L | E24: 4970 | F24: 4250 | G24: =SUM(G22:G23) -> 0 | H24: =G24 -> 0 | J24: =H24/DAY(B2) -> 0
A25: TOTAL CONSUMPTION UNIT &COST
A26: Utilities | D26: Units
A27: Electricity | D27: KVAH | E27: =G8 -> 22554 | F27: 9 | G27: =E27*F27 -> 202986 | H27: =G27 -> 202986 | J27: =H27/DAY(B2) -> 202986
A28: C.N.G | D28: Cu.Mtr | E28: =G15 -> 880.632 | F28: 48.88 | G28: =E28*F28 -> 43045.292 | H28: =G28 -> 43045.292 | J28: =H28/DAY(B2) -> 43045.292
A29: H.S.D | D29: Ltr | E29: =G24 -> 0 | F29: 69 | G29: =E29*F29 -> 0 | H29: =G29 -> 0 | J29: =H29/DAY(B2) -> 0
A30: Water BMC | D30: Kl | E30: =G18 -> 180 | F30: 134 | G30: =E30*F30 -> 24120 | H30: =G30 -> 24120 | J30: =H30/DAY(B2) -> 24120
A31: Water Tanker | D31: KL | E31: =G19 -> 48 | F31: 80 | G31: =E31*F31 -> 3840 | H31: =G31 -> 3840 | J31: =H31/DAY(B2) -> 3840
A32: Total cost | G32: =G27+G28+G29+G30+G31 -> 273991.29 | H32: =G32 -> 273991.29 | J32: =H32/DAY(B2) -> 273991.29
A33: BRANCH READINGS & CONSUMPTION
A34: Transformer No 1 (Sub Feeders)
A35: Main HVAC Power Panel- 800A | D35: kwh | E35: 693087.59 | F35: 696280.71 | G35: =F35-E35 -> 3193.12 | H35: =G35 -> 3193.12 | J35: =H35/DAY(B2) -> 3193.12
A36: Main Panel BALLROOM LVL-2 -2000A | D36: kwh | E36: 296445.57 | F36: 297204.81 | G36: =F36-E36 -> 759.24 | H36: =G36 -> 759.24 | J36: =H36/DAY(B2) -> 759.24
A37: Fire Emergency Power Panel - 1000A | D37: kwh | E37: 32062.1 | F37: 33512.55 | G37: =F37-E37 -> 1450.45 | H37: =G37 -> 1450.45 | J37: =H37/DAY(B2) -> 1450.45
A38: Main Power Panel -1600A | D38: kwh | E38: 43813.49 | F38: 45953.91 | G38: =F38-E38 -> 2140.42 | H38: =G38 -> 2140.42 | J38: =H38/DAY(B2) -> 2140.42
A39: Main Lighting and Small power Panel | D39: kwh | E39: 90675.39 | F39: 95004.19 | G39: =F39-E39 -> 4328.8 | H39: =G39 -> 4328.8 | J39: =H39/DAY(B2) -> 4328.8
A40: Capacitor Bank -1 1100KVAR- 2500A | D40: kwh | E40: 0 | F40: 0 | G40: =F40-E40 -> 0 | H40: =G40 -> 0 | J40: =H40/DAY(B2) -> 0
A41: Chiller No 1 | D41: kwh | E41: 63882.37 | F41: 63882.37 | G41: =F41-E41 -> 0 | H41: =G41 -> 0 | J41: =H41/DAY(B2) -> 0
A42: Chiller No 2- | D42: kwh | E42: 59128.85 | F42: 59128.85 | G42: =F42-E42 -> 0 | H42: =G42 -> 0 | J42: =H42/DAY(B2) -> 0
A43: Chiller Water pump Panel- 630A | D43: kwh | E43: 825897.83 | F43: 828353.19 | G43: =F43-E43 -> 2455.36 | H43: =G43 -> 2455.36 | J43: =H43/DAY(B2) -> 2455.36
A44: Co-Genrator | D44: kwh | E44: 0 | F44: 0 | G44: =F44-E44 -> 0 | H44: =G44 -> 0 | J44: =H44/DAY(B2) -> 0
A45: Lawn Pantry | D45: kwh | E45: 614 | F45: 614.48 | G45: =F45-E45 -> 0.48 | H45: =G45 -> 0.48 | J45: =H45/DAY(B2) -> 0.48
A46: Pavilion Power | D46: kwh | E46: 187 | F46: 187.49 | G46: =F46-E46 -> 0.49 | H46: =G46 -> 0.49 | J46: =H46/DAY(B2) -> 0.49
A47: Sub Total | G47: =G35+G36+G37+G38+G39+G40+G41+G42+G43+G44+G45+G46 -> 14328.36 | H47: =G47 -> 14328.36 | J47: =H47/DAY(B2) -> 14328.36
A48: Transformer No 2 (Sub Feeders)
A49: Main HVAC Power Panel- 800A | D49: kwh | E49: 260732.13 | F49: 260732.13 | G49: =F49-E49 -> 0 | H49: =G49 -> 0 | J49: =H49/DAY(B2) -> 0
A50: Main MV PanelBALLROOM LVL-1- 2000A | D50: kwh | E50: 402463.03 | F50: 404098.95 | G50: =F50-E50 -> 1635.92 | H50: =G50 -> 1635.92 | J50: =H50/DAY(B2) -> 1635.92
A51: Fire Emergency Power Panel - 1000A | D51: kwh | E51: 120050.92 | F51: 120050.92 | G51: =F51-E51 -> 0 | H51: =G51 -> 0 | J51: =H51/DAY(B2) -> 0
A52: Main Power Panel -1800A | D52: kwh | E52: 507912.71 | F52: 507912.71 | G52: =F52-E52 -> 0 | H52: =G52 -> 0 | J52: =H52/DAY(B2) -> 0
A53: Main Lighting and Small power Panel | D53: kwh | E53: 331854.51 | F53: 331854.51 | G53: =F53-E53 -> 0 | H53: =G53 -> 0 | J53: =H53/DAY(B2) -> 0
A54: Capacitor Bank -2 1200KVAR- 2500A | D54: kwh | E54: 8095.63 | F54: 8163.82 | G54: =F54-E54 -> 68.19 | H54: =G54 -> 68.19 | J54: =H54/DAY(B2) -> 68.19
A55: Chiller No -3 - 1200A | D55: kwh | E55: 117585.69 | F55: 122678.46 | G55: =F55-E55 -> 5092.77 | H55: =G55 -> 5092.77 | J55: =H55/DAY(B2) -> 5092.77
A56: Chiller No-4 - 1200A | D56: Kwh | E56: 586051.03 | F56: 586707.91 | G56: =F56-E56 -> 656.88 | H56: =G56 -> 656.88 | J56: =H56/DAY(B2) -> 656.88
A57: Chiller Water pump Panel- 630A | D57: kwh | E57: 7711.33 | F57: 7711.33 | G57: =F57-E57 -> 0 | H57: =G57 -> 0 | J57: =H57/DAY(B2) -> 0
A58: B2-Loundry power panel | D58: kwh | E58: 35868.7 | F58: 36099.44 | G58: =F58-E58 -> 230.74 | H58: =G58 -> 230.74 | J58: =H58/DAY(B2) -> 230.74
A59: Sub Total | G59: =G49+G50+G51+G52+G53+G54+G55+G56+G57+G58 -> 7684.5 | H59: =G59 -> 7684.5 | I59: =G7-G60 -> 384.14 | J59: =H59/DAY(B2) -> 7684.5
D60: Total TR1 & TR2 | G60: =G47+G59 -> 22012.86 | H60: =G60 -> 22012.86 | I60: =G13-G60 -> -279.19 | J60: =H60/DAY(B2) -> 22012.86
A61: Floor lighting & Power consumption
A62: 2nd floor plant room | D62: KWh | E62: 20419.187 | F62: 20419.189 | G62: =F62-E62 -> 0.002 | H62: =G62 -> 0.002 | J62: =H62/DAY(B2) -> 0.002
A63: 5th floor spa | D63: KWh | E63: 1707.36 | F63: 1721.57 | G63: =F63-E63 -> 14.21 | H63: =G63 -> 14.21 | J63: =H63/DAY(B2) -> 14.21
A64: 5th Floor | D64: KWh | E64: 123627.3 | F64: 124127.85 | G64: =F64-E64 -> 500.55 | H64: =G64 -> 500.55 | J64: =H64/DAY(B2) -> 500.55
A65: 12th Floor | D65: KWh | E65: 132597.3 | F65: 132996.36 | G65: =F65-E65 -> 399.06 | H65: =G65 -> 399.06 | J65: =H65/DAY(B2) -> 399.06
A66: 20th Floor | D66: KWh | E66: 25159.75 | F66: 25566.36 | G66: =F66-E66 -> 406.61 | H66: =G66 -> 406.61 | J66: =H66/DAY(B2) -> 406.61
A67: 27th Floor | D67: KWh | E67: 207841.83 | F67: 208546.07 | G67: =F67-E67 -> 704.24 | H67: =G67 -> 704.24 | J67: =H67/DAY(B2) -> 704.24
A68: 34th Floor | D68: KWh | E68: 72678.52 | F68: 73027.42 | G68: =F68-E68 -> 348.9 | H68: =G68 -> 348.9 | J68: =H68/DAY(B2) -> 348.9
A69: Sanqi | D69: KWh | E69: 64452.09 | F69: 64776.091 | G69: =F69-E69 -> 324.001 | H69: =G69 -> 324.001 | J69: =H69/DAY(B2) -> 324.001
A70: Consumption of Extra AHU run | D70: KWh | H70: =G70 -> 0 | J70: =H70/DAY(B2) -> 0
A71: Kitchen consumption
A72: Main kitchen power panel no 1 | D72: KWh | E72: 850592 | F72: 850662 | G72: =F72-E72 -> 70 | H72: =G72 -> 70 | J72: =H72/DAY(B2) -> 70
A73: Main kitchen power panel no 2 | D73: KWh | E73: 885772 | F73: 885772 | G73: =F73-E73 -> 0 | H73: =G73 -> 0 | J73: =H73/DAY(B2) -> 0
A74: Prato kitchen power panel | D74: KWh | E74: 586.17 | F74: 625.02 | G74: =F74-E74 -> 38.85 | H74: =G74 -> 38.85 | J74: =H74/DAY(B2) -> 38.85
A75: San- Qi Indian Kitchen | D75: KWh | E75: 3519.22 | F75: 3663.87 | G75: =F75-E75 -> 144.65 | H75: =G75 -> 144.65 | J75: =H75/DAY(B2) -> 144.65
A76: San- Qi Japanese Kitchen | D76: KWh | E76: 1514.34 | F76: 1593.49 | G76: =F76-E76 -> 79.15 | H76: =G76 -> 79.15 | J76: =H76/DAY(B2) -> 79.15
A77: The club kitchen | D77: KWh | E77: 698588 | F77: 698633 | G77: =F77-E77 -> 45 | H77: =G77 -> 45 | J77: =H77/DAY(B2) -> 45
A78: AER Kitchen | D78: KWh | E78: 652863 | F78: 653253 | G78: =F78-E78 -> 390 | H78: =G78 -> 390 | J78: =H78/DAY(B2) -> 390
A79: COLD ROOM'S | D79: KWh | E79: 815109 | F79: 815301 | G79: =F79-E79 -> 192 | H79: =G79 -> 192 | J79: =H79/DAY(B2) -> 192
A80: Ball Room 1 kitchen | D80: KWh | E80: 494673.64 | F80: 495088.64 | G80: =F80-E80 -> 415 | H80: =G80 -> 415 | J80: =H80/DAY(B2) -> 415
A81: Ball Room 2 kitchen | D81: KWh | E81: 625943.84 | F81: 626056.4 | G81: =F81-E81 -> 112.56 | H81: =G81 -> 112.56 | J81: =H81/DAY(B2) -> 112.56
A82: B1 Laundry | D82: kwh | E82: 106202.48 | F82: 106220.65 | G82: =F82-E82 -> 18.17 | H82: =G82 -> 18.17 | J82: =H82/DAY(B2) -> 18.17
A83: STP Electrical | D83: kwh | E83: 996449 | F83: 996969 | G83: =F83-E83 -> 520 | H83: =G83 -> 520 | J83: =H83/DAY(B2) -> 520
A84: Cooling Tower | D84: kwh | E84: 430798 | F84: 431488 | G84: =F84-E84 -> 690 | H84: =G84 -> 690 | J84: =H84/DAY(B2) -> 690
A85: Total | G85: =SUM(G71:G84) -> 2715.38 | H85: =G85 -> 2715.38 | J85: =H85/DAY(B2) -> 2715.38
A86: MOCK Up Room | D86: Kwh | E86: 450368.53 | F86: 450506.84 | G86: =F86-E86 -> 138.31 | H86: =G86 -> 138.31 | J86: =H86/DAY(B2) -> 138.31
A87: 27th Floor | D87: Kwh | E87: 79207.7 | F87: 79246.9 | G87: =F87-E87 -> 39.2 | H87: =G87 -> 39.2 | J87: =H87/DAY(B2) -> 39.2
A88: Physic57 | D88: Kwh | E88: 148264.61 | F88: 148316.29 | G88: =F88-E88 -> 51.68 | H88: =G88 -> 51.68 | J88: =H88/DAY(B2) -> 51.68
A89: Pinoor Legal- Power | D89: Kwh | E89: 61675.1 | F89: 61732.8 | G89: =F89-E89 -> 57.7 | H89: =G89 -> 57.7 | J89: =H89/DAY(B2) -> 57.7
A90: Pinoor Legal- Lighting | D90: Kwh | E90: 3162.9 | F90: 3168.3 | G90: =F90-E90 -> 5.4 | H90: =G90 -> 5.4 | J90: =H90/DAY(B2) -> 5.4
A91: WATER
A92: R.o.plant | D92: KL | E92: 239695 | F92: 239817 | G92: =F92-E92 -> 122 | H92: =G92 -> 122 | J92: =H92/DAY(B2) -> 122
A93: STP Water Prod | D93: KL | E93: 175661 | F93: 175805 | G93: =F93-E93 -> 144 | H93: =G93 -> 144 | J93: =H93/DAY(B2) -> 144
A94: Total water Produce | G94: =G92+G93 -> 266
A95: Domestic Zone-1 | D95: KL | E95: 408156 | F95: 408232 | G95: =F95-E95 -> 76 | H95: =G95 -> 76 | J95: =H95/DAY(B2) -> 76
A96: Domestic Zone-2 | D96: KL | E96: 101332 | F96: 101345 | G96: =F96-E96 -> 13 | H96: =G96 -> 13 | J96: =H96/DAY(B2) -> 13
A97: Domestic Zone-3 | D97: KL | E97: 96449 | F97: 96473 | G97: =F97-E97 -> 24 | H97: =G97 -> 24 | J97: =H97/DAY(B2) -> 24
A98: Flush Zone -1 | D98: KL | E98: 147608 | F98: 147678 | G98: =F98-E98 -> 70 | H98: =G98 -> 70 | J98: =H98/DAY(B2) -> 70
A99: Flush Zone -2 | D99: KL | E99: 6408 | F99: 6425 | G99: =F99-E99 -> 17 | H99: =G99 -> 17 | J99: =H99/DAY(B2) -> 17
A100: Flush Zone -3 | D100: KL | E100: 4543 | F100: 4557 | G100: =F100-E100 -> 14 | H100: =G100 -> 14 | J100: =H100/DAY(B2) -> 14
...

Sheet 2
A1: Daily Utility Consumption Report
A2: Prepaired by- Ramesh | B2: 44230 | C2: occupancy | D2: 0.48 | G2: Occupancy% | H2: Electricity | I2: Water | J2: Gas
C3: Avg temp | D3: 27 | E3: Last year same month avg
C4: humidity | D4: 0.75
A5: Description | D5: Unit | E5: Yesterday | F5: Today | G5: units.consum | H5: MTD | I5: Budgeted | J5: Average/Day
A6: ELECTRICAL CONSUMPTION
A7: BEST Supply 11KV | D7: kwh | E7: ='[4]1'!F7 -> 4467474 | F7: 4489853 | G7: =F7-E7 -> 22379 | H7: =G7+'[4]1'!H7 -> 44776 | I7: ='[4]1'!I7 -> 12000 | J7: =H7/DAY(B2) -> 14925.333
A8: BEST supply | D8: KVAH | E8: ='[4]1'!F8 -> 4495710 | F8: 4518306 | G8: =F8-E8 -> 22596 | H8: =G8+'[4]1'!H8 -> 45150 | I8: 12000 | J8: =H8/DAY(B2) -> 15050
A9: Transformer - 1 - 2500KVA | D9: kwh | E9: ='[4]1'!F9 -> 101235.16 | F9: 115804.21 | G9: =F9-E9 -> 14569.05 | H9: =G9+'[4]1'!H9 -> 28895.2 | I9: =I8-J8 -> -3050 | J9: =H9/DAY(B2) -> 9631.7333
A10: Transformer - 2 -2500KVA | D10: kwh | E10: ='[4]1'!F10 -> 33103.08 | F10: 40262.76 | G10: =F10-E10 -> 7159.68 | H10: =G10+'[4]1'!H10 -> 14567.2 | J10: =H10/DAY(B2) -> 4855.7333
A11: DG set- 1 - 1425KVA | D11: kwh | E11: ='[4]1'!F11 -> 37000 | F11: 37000 | G11: =F11-E11 -> 0 | H11: =G11+'[4]1'!H11 -> 0 | J11: =H11/DAY(B2) -> 0
A12: DG set- 2 - 1425KVA | D12: kwh | E12: ='[4]1'!F12 -> 40010 | F12: 40010 | G12: 0 | H12: =G12+'[4]1'!H12 -> 0 | J12: =H12/DAY(B2) -> 0
A13: SubTotal | G13: =G9+G10+G11+G12 -> 21728.73 | H13: =G13+'[4]1'!H13 -> 43462.4 | I13: =G7-G13 -> 650.27 | J13: =H13/DAY(B2) -> 14487.467
A14: GAS CONSUMPTION
A15: Gas consumption | D15: m3 | E15: ='[4]1'!F15 -> 1620759.2 | F15: 1621752.4 | G15: =(F15-E15) -> 993.178 | H15: =G15+'[4]1'!H15 -> 1873.81 | I15: 800 | J15: =H15/DAY(B2) -> 624.60333
I16: =I15-J15 -> 175.39667 | O16: =G15-150 -> 843.178
A17: WATER CONSUMPTION
A18: Tankers | D18: KL | E18: ='[4]1'!F18 -> 18 | F18: 14 | G18: =F18*10 -> 140 | H18: =G18+'[4]1'!H18 -> 320 | I18: ='[4]1'!I18 -> 65 | J18: =H18/DAY(B2) -> 106.66667
A19: BMC | D19: KL | E19: ='[4]1'!F19 -> 134516 | F19: 134568 | G19: =F19-E19 -> 52 | H19: =G19+'[4]1'!H19 -> 100 | J19: =H19/DAY(B2) -> 33.333333
A20: Total water | G20: =G18+G19 -> 192 | H20: =G20+'[4]1'!H20 -> 420 | I20: =I18-J20 -> -75 | J20: =H20/DAY(B2) -> 140
A21: DIESEL CONSUMPTION
A22: Boiler House (H.S.D) | D22: L | E22: ='[4]1'!F22 -> 2970 | F22: 2970 | G22: =(F22-E22) -> 0 | H22: =G22+'[4]1'!H22 -> 0 | J22: =H22/DAY(B2) -> 0
A23: D-G Set (H.S.D) | D23: L | E23: ='[4]1'!F23 -> 1900 | F23: 1900 | G23: 0 | H23: =G23+'[4]1'!H23 -> 0 | J23: =H23/DAY(B2) -> 0
A24: Total HSD (H.S.D.) Stock | D24: L | E24: ='[4]1'!F24 -> 4250 | F24: 4250 | G24: 0 | H24: =G24 -> 0 | J24: =H24/DAY(B2) -> 0
A25: TOTAL CONSUMPTION UNIT &COST
A26: Utilities | D26: Units
A27: Electricity | D27: KVAH | E27: =G8 -> 22596 | F27: 9 | G27: =E27*F27 -> 203364 | H27: =G27+'[4]1'!H27 -> 406350 | J27: =H27/DAY(B2) -> 135450
A28: C.N.G | D28: Cu.Mtr | E28: =G15 -> 993.178 | F28: 48.88 | G28: =E28*F28 -> 48546.541 | H28: =G28+'[4]1'!H28 -> 91591.833 | J28: =H28/DAY(B2) -> 30530.611
A29: H.S.D | D29: Ltr | E29: =G24 -> 0 | F29: 69 | G29: =E29*F29 -> 0 | H29: =G29+'[4]1'!H29 -> 0 | J29: =H29/DAY(B2) -> 0
A30: Water BMC | D30: Kl | E30: =G19 -> 52 | F30: 134 | G30: =E30*F30 -> 6968 | H30: =G30+'[4]1'!H30 -> 31088 | J30: =H30/DAY(B2) -> 10362.667
A31: Water Tanker | D31: KL | E31: =G18 -> 140 | F31: 80 | G31: =E31*F31 -> 11200 | H31: =G31+'[4]1'!H31 -> 15040 | J31: =H31/DAY(B2) -> 5013.3333
A32: Total cost | G32: =G27+G28+G29+G30+G31 -> 270078.54 | H32: =G32+'[4]1'!H32 -> 544069.83 | J32: =H32/DAY(B2) -> 181356.61
A33: BRANCH READINGS & CONSUMPTION
A34: Transformer No 1 (Sub Feeders)
A35: Main HVAC Power Panel- 800A | D35: kwh | E35: ='[4]1'!F35 -> 696280.71 | F35: 699784.47 | G35: =F35-E35 -> 3503.76 | H35: =G35+'[4]1'!H35 -> 6696.88 | J35: =H35/DAY(B2) -> 2232.2933
A36: Main Panel BALLROOM LVL-2 -2000A | D36: kwh | E36: ='[4]1'!F36 -> 297204.81 | F36: 297874.09 | G36: =F36-E36 -> 669.28 | H36: =G36+'[4]1'!H36 -> 1428.52 | J36: =H36/DAY(B2) -> 476.17333
A37: Fire Emergency Power Panel - 1000A | D37: kwh | E37: ='[4]1'!F37 -> 33512.55 | F37: 34969.39 | G37: =F37-E37 -> 1456.84 | H37: =G37+'[4]1'!H37 -> 2907.29 | J37: =H37/DAY(B2) -> 969.09667
A38: Main Power Panel -1600A | D38: kwh | E38: ='[4]1'!F38 -> 45953.91 | F38: 48043.42 | G38: =F38-E38 -> 2089.51 | H38: =G38+'[4]1'!H38 -> 4229.93 | J38: =H38/DAY(B2) -> 1409.9767
A39: Main Lighting and Small power Panel | D39: kwh | E39: ='[4]1'!F39 -> 95004.19 | F39: 99373.12 | G39: =F39-E39 -> 4368.93 | H39: =G39+'[4]1'!H39 -> 8697.73 | J39: =H39/DAY(B2) -> 2899.2433
A40: Capacitor Bank -1 1100KVAR- 2500A | D40: kwh | E40: ='[4]1'!F40 -> 0 | F40: 0 | G40: =F40-E40 -> 0 | H40: =G40+'[4]1'!H40 -> 0 | J40: =H40/DAY(B2) -> 0
A41: Chiller No 1 | D41: kwh | E41: ='[4]1'!F41 -> 63882.37 | F41: 63882.37 | G41: =F41-E41 -> 0 | H41: =G41+'[4]1'!H41 -> 0 | J41: =H41/DAY(B2) -> 0
A42: Chiller No 2- | D42: kwh | E42: ='[4]1'!F42 -> 59128.85 | F42: 59128.851 | G42: =F42-E42 -> 0.001 | H42: =G42+'[4]1'!H42 -> 0.001 | J42: =H42/DAY(B2) -> 0.00033333333
A43: Chiller Water pump Panel- 630A | D43: kwh | E43: ='[4]1'!F43 -> 828353.19 | F43: 830838.71 | G43: =F43-E43 -> 2485.52 | H43: =G43+'[4]1'!H43 -> 4940.88 | J43: =H43/DAY(B2) -> 1646.96
A44: Co-Genrator | D44: kwh | E44: ='[4]1'!F44 -> 0 | F44: 0 | G44: =F44-E44 -> 0 | H44: =G44+'[4]1'!H44 -> 0 | J44: =H44/DAY(B2) -> 0
A45: Lawn Pantry | D45: kwh | E45: ='[4]1'!F45 -> 614.48 | F45: 614 | G45: =F45-E45 -> -0.48 | H45: =G45+'[4]1'!H45 -> 0 | J45: =H45/DAY(B2) -> 0
A46: Pavilion Power | D46: kwh | E46: ='[4]1'!F46 -> 187.49 | F46: 187 | G46: =F46-E46 -> -0.49 | H46: =G46+'[4]1'!H46 -> 0 | J46: =H46/DAY(B2) -> 0
A47: Sub Total | G47: =G35+G36+G37+G38+G39+G40+G41+G42+G43+G44+G45+G46 -> 14572.871 | H47: =G47+'[4]1'!H47 -> 28901.231 | J47: =H47/DAY(B2) -> 9633.7437
A48: Transformer No 2 (Sub Feeders)
A49: Main HVAC Power Panel- 800A | D49: kwh | E49: ='[4]1'!F49 -> 260732.13 | F49: 260732.13 | G49: =F49-E49 -> 0 | H49: =G49+'[4]1'!H49 -> 0 | J49: =H49/DAY(B2) -> 0
A50: Main MV PanelBALLROOM LVL-1- 2000A | D50: kwh | E50: ='[4]1'!F50 -> 404098.95 | F50: 405699.31 | G50: =F50-E50 -> 1600.36 | H50: =G50+'[4]1'!H50 -> 3236.28 | J50: =H50/DAY(B2) -> 1078.76
A51: Fire Emergency Power Panel - 1000A | D51: kwh | E51: ='[4]1'!F51 -> 120050.92 | F51: 120050.92 | G51: =F51-E51 -> 0 | H51: =G51+'[4]1'!H51 -> 0 | J51: =H51/DAY(B2) -> 0
A52: Main Power Panel -1800A | D52: kwh | E52: ='[4]1'!F52 -> 507912.71 | F52: 507912.71 | G52: =F52-E52 -> 0 | H52: =G52+'[4]1'!H52 -> 0 | J52: =H52/DAY(B2) -> 0
A53: Main Lighting and Small power Panel | D53: kwh | E53: ='[4]1'!F53 -> 331854.51 | F53: 331854.51 | G53: =F53-E53 -> 0 | H53: =G53+'[4]1'!H53 -> 0 | J53: =H53/DAY(B2) -> 0
A54: Capacitor Bank -2 1200KVAR- 2500A | D54: kwh | E54: ='[4]1'!F54 -> 8163.82 | F54: 8200.03 | G54: =F54-E54 -> 36.21 | H54: =G54+'[4]1'!H54 -> 104.4 | J54: =H54/DAY(B2) -> 34.8
A55: Chiller No -3 - 1200A | D55: kwh | E55: ='[4]1'!F55 -> 122678.46 | F55: 126470 | G55: =F55-E55 -> 3791.54 | H55: =G55+'[4]1'!H55 -> 8884.31 | J55: =H55/DAY(B2) -> 2961.4367
A56: Chiller No-4 - 1200A | D56: Kwh | E56: ='[4]1'!F56 -> 586707.91 | F56: 588549.03 | G56: =F56-E56 -> 1841.12 | H56: =G56+'[4]1'!H56 -> 2498 | J56: =H56/DAY(B2) -> 832.66667
A57: Chiller Water pump Panel- 630A | D57: kwh | E57: ='[4]1'!F57 -> 7711.33 | F57: 7711.33 | G57: =F57-E57 -> 0 | H57: =G57+'[4]1'!H57 -> 0 | J57: =H57/DAY(B2) -> 0
A58: B2-Loundry power panel | D58: kwh | E58: ='[4]1'!F58 -> 36099.44 | F58: 36312.12 | G58: =F58-E58 -> 212.68 | H58: =G58+'[4]1'!H58 -> 443.42 | J58: =H58/DAY(B2) -> 147.80667
A59: Sub Total | G59: =G49+G50+G51+G52+G53+G54+G55+G56+G57+G58 -> 7481.91 | H59: =G59+'[4]1'!H59 -> 15166.41 | I59: =G7-G60 -> 324.219 | J59: =H59/DAY(B2) -> 5055.47
D60: Total TR1 & TR2 | G60: =G47+G59 -> 22054.781 | H60: =G60+'[4]1'!H60 -> 44067.641 | I60: =G13-G60 -> -326.051 | J60: =H60/DAY(B2) -> 14689.214
A61: Floor lighting & Power consumption
A62: 2nd floor plant room | D62: KWh | E62: ='[4]1'!F62 -> 20419.189 | F62: 20419.189 | G62: =F62-E62 -> 0 | H62: =G62+'[4]1'!H62 -> 0.002 | J62: =H62/DAY(B2) -> 0.00066666667
A63: 5th floor spa | D63: KWh | E63: ='[4]1'!F63 -> 1721.57 | F63: 1733.45 | G63: =F63-E63 -> 11.88 | H63: =G63+'[4]1'!H63 -> 26.09 | J63: =H63/DAY(B2) -> 8.6966667
A64: 5th Floor | D64: KWh | E64: ='[4]1'!F64 -> 124127.85 | F64: 124657.34 | G64: =F64-E64 -> 529.49 | H64: =G64+'[4]1'!H64 -> 1030.04 | J64: =H64/DAY(B2) -> 343.34667
A65: 12th Floor | D65: KWh | E65: ='[4]1'!F65 -> 132996.36 | F65: 133392.66 | G65: =F65-E65 -> 396.3 | H65: =G65+'[4]1'!H65 -> 795.36 | J65: =H65/DAY(B2) -> 265.12
A66: 20th Floor | D66: KWh | E66: ='[4]1'!F66 -> 25566.36 | F66: 25980.5 | G66: =F66-E66 -> 414.14 | H66: =G66+'[4]1'!H66 -> 820.75 | J66: =H66/DAY(B2) -> 273.58333
A67: 27th Floor | D67: KWh | E67: ='[4]1'!F67 -> 208546.07 | F67: 209249 | G67: =F67-E67 -> 702.93 | H67: =G67+'[4]1'!H67 -> 1407.17 | J67: =H67/DAY(B2) -> 469.05667
A68: 34th Floor | D68: KWh | E68: ='[4]1'!F68 -> 73027.42 | F68: 73391.91 | G68: =F68-E68 -> 364.49 | H68: =G68+'[4]1'!H68 -> 713.39 | J68: =H68/DAY(B2) -> 237.79667
A69: Sanqi | D69: KWh | E69: ='[4]1'!F69 -> 64776.091 | F69: 65103.12 | G69: =F69-E69 -> 327.029 | H69: =G69+'[4]1'!H69 -> 651.03 | J69: =H69/DAY(B2) -> 217.01
A70: Consumption of Extra AHU run | D70: KWh
A71: Kitchen consumption
A72: Main kitchen power panel no 1 | D72: KWh | E72: ='[4]1'!F72 -> 850662 | F72: 850735 | G72: =F72-E72 -> 73 | H72: =G72+'[4]1'!H72 -> 143 | J72: =H72/DAY(B2) -> 47.666667
A73: Main kitchen power panel no 2 | D73: KWh | E73: ='[4]1'!F73 -> 885772 | F73: 885772 | G73: =F73-E73 -> 0 | H73: =G73+'[4]1'!H73 -> 0 | J73: =H73/DAY(B2) -> 0
A74: Prato kitchen power panel | D74: KWh | E74: ='[4]1'!F74 -> 625.02 | F74: 656.16 | G74: =F74-E74 -> 31.14 | H74: =G74+'[4]1'!H74 -> 69.99 | J74: =H74/DAY(B2) -> 23.33
A75: San- Qi Indian Kitchen | D75: KWh | E75: ='[4]1'!F75 -> 3663.87 | F75: 3814.26 | G75: =F75-E75 -> 150.39 | H75: =G75+'[4]1'!H75 -> 295.04 | J75: =H75/DAY(B2) -> 98.346667
A76: San- Qi Japanese Kitchen | D76: KWh | E76: ='[4]1'!F76 -> 1593.49 | F76: 1674.12 | G76: =F76-E76 -> 80.63 | H76: =G76+'[4]1'!H76 -> 159.78 | J76: =H76/DAY(B2) -> 53.26
A77: The club kitchen | D77: KWh | E77: ='[4]1'!F77 -> 698633 | F77: 698678 | G77: =F77-E77 -> 45 | H77: =G77+'[4]1'!H77 -> 90 | J77: =H77/DAY(B2) -> 30
A78: AER Kitchen | D78: KWh | E78: ='[4]1'!F78 -> 653253 | F78: 653630 | G78: =F78-E78 -> 377 | H78: =G78+'[4]1'!H78 -> 767 | J78: =H78/DAY(B2) -> 255.66667
A79: COLD ROOM'S | D79: KWh | E79: ='[4]1'!F79 -> 815301 | F79: 815599 | G79: =F79-E79 -> 298 | H79: =G79+'[4]1'!H79 -> 490 | J79: =H79/DAY(B2) -> 163.33333
A80: Ball Room 1 kitchen | D80: KWh | E80: ='[4]1'!F80 -> 495088.64 | F80: 495488.36 | G80: =F80-E80 -> 399.72 | H80: =G80+'[4]1'!H80 -> 814.72 | J80: =H80/DAY(B2) -> 271.57333
A81: Ball Room 2 kitchen | D81: KWh | E81: ='[4]1'!F81 -> 626056.4 | F81: 626157.64 | G81: =F81-E81 -> 101.24 | H81: =G81+'[4]1'!H81 -> 213.8 | J81: =H81/DAY(B2) -> 71.266667
A82: B1 Laundry | D82: kwh | E82: ='[4]1'!F82 -> 106220.65 | F82: 106242.13 | G82: =F82-E82 -> 21.48 | H82: =G82+'[4]1'!H82 -> 39.65 | J82: =H82/DAY(B2) -> 13.216667
A83: STP Electrical | D83: kwh | E83: ='[4]1'!F83 -> 996969 | F83: 997516 | G83: =F83-E83 -> 547 | H83: =G83+'[4]1'!H83 -> 1067 | J83: =H83/DAY(B2) -> 355.66667
A84: Cooling Tower | D84: kwh | E84: ='[4]1'!F84 -> 431488 | F84: 432215 | G84: =F84-E84 -> 727 | H84: =G84+'[4]1'!H84 -> 1417 | J84: =H84/DAY(B2) -> 472.33333
A85: Total | E85: ='[4]1'!F85 -> 0 | G85: =SUM(G71:G84) -> 2851.6 | H85: =G85+'[4]1'!H84 -> 3541.6 | J85: =H85/DAY(B2) -> 1180.5333
A86: MOCK Up Room | D86: Kwh | E86: ='[4]1'!F86 -> 450506.84 | F86: 450647.2 | G86: =F86-E86 -> 140.36 | H86: =G86+'[4]1'!H86 -> 278.67 | J86: =H86/DAY(B2) -> 92.89
A87: 27th Floor | D87: Kwh | E87: ='[4]1'!F87 -> 79246.9 | F87: 79285.1 | G87: =F87-E87 -> 38.2 | H87: =G87+'[4]1'!H87 -> 77.4 | J87: =H87/DAY(B2) -> 25.8
A88: Physic57 | D88: Kwh | E88: ='[4]1'!F88 -> 148316.29 | F88: 148388.41 | G88: =F88-E88 -> 72.12 | H88: =G88+'[4]1'!H88 -> 123.8 | J88: =H88/DAY(B2) -> 41.266667
A89: Pinoor Legal- Lighting | D89: Kwh | E89: ='[4]1'!F89 -> 61732.8 | F89: 61817.8 | G89: =F89-E89 -> 85 | H89: =G89+'[4]1'!H89 -> 142.7 | J89: =H89/DAY(B2) -> 47.566667
A90: Pinoor Legal- Lighting | D90: Kwh | E90: ='[4]1'!F90 -> 3168.3 | F90: 3173.2 | G90: =F90-E90 -> 4.9 | H90: =G90+'[4]1'!H90 -> 10.3 | J90: =H90/DAY(B2) -> 3.4333333
A91: WATER
A92: R.o.plant | D92: KL | E92: ='[4]1'!F92 -> 239817 | F92: 239912 | G92: =F92-E92 -> 95 | H92: =G92+'[4]1'!H92 -> 217 | J92: =H92/DAY(B2) -> 72.333333
A93: STP Water Prod | D93: KL | E93: ='[4]1'!F93 -> 175805 | F93: 175994 | G93: =F93-E93 -> 189 | H93: =G93+'[4]1'!H93 -> 333 | J93: =H93/DAY(B2) -> 111
A94: Total water Produce | G94: =G92+G93 -> 284 | H94: =G94+'[4]1'!H94 -> 284 | J94: =H94/DAY(B2) -> 94.666667
A95: Domestic Zone-1 | D95: KL | E95: ='[4]1'!F95 -> 408232 | F95: 408317 | G95: =F95-E95 -> 85 | H95: =G95+'[4]1'!H95 -> 161 | J95: =H95/DAY(B2) -> 53.666667
A96: Domestic Zone-2 | D96: KL | E96: ='[4]1'!F96 -> 101345 | F96: 101363 | G96: =F96-E96 -> 18 | H96: =G96+'[4]1'!H96 -> 31 | J96: =H96/DAY(B2) -> 10.333333
A97: Domestic Zone-3 | D97: KL | E97: ='[4]1'!F97 -> 96473 | F97: 96492 | G97: =F97-E97 -> 19 | H97: =G97+'[4]1'!H97 -> 43 | J97: =H97/DAY(B2) -> 14.333333
A98: Flush Zone -1 | D98: KL | E98: ='[4]1'!F98 -> 147678 | F98: 147779 | G98: =F98-E98 -> 101 | H98: =G98+'[4]1'!H98 -> 171 | J98: =H98/DAY(B2) -> 57
A99: Flush Zone -2 | D99: KL | E99: ='[4]1'!F99 -> 6425 | F99: 6444 | G99: =F99-E99 -> 19 | H99: =G99+'[4]1'!H99 -> 36 | J99: =H99/DAY(B2) -> 12
A100: Flush Zone -3 | D100: KL | E100: ='[4]1'!F100 -> 4557 | F100: 4574 | G100: =F100-E100 -> 17 | H100: =G100+'[4]1'!H100 -> 31 | J100: =H100/DAY(B2) -> 10.333333
...

Sheet 3
A1: Daily Utility Consumption Report
A2: Prepaired by--- Prakash | B2: 44258 | C2: occupancy | D2: 0.4352 | G2: Occupancy% | H2: Electricity | I2: Water | J2: Gas
C3: Avg temp | D3: 27 | E3: Last year same month avg
C4: humidity | D4: 0.75
A5: Description | D5: Unit | E5: Yesterday | F5: Today | G5: units.consum | H5: MTD | I5: Budgeted | J5: Average/Day
A6: ELECTRICAL CONSUMPTION
A7: BEST Supply 11KV | D7: kwh | E7: ='[4]2'!F7 -> 4489853 | F7: 4510962 | G7: =F7-E7 -> 21109 | H7: =G7+'[4]2'!H7 -> 65885 | I7: ='[4]1'!I7 -> 12000 | J7: =H7/DAY(B2) -> 21961.667
A8: BEST supply | D8: KVAH | E8: ='[4]2'!F8 -> 4518306 | F8: 4539500 | G8: =F8-E8 -> 21194 | H8: =G8+'[4]2'!H8 -> 66344 | I8: 12000 | J8: =H8/DAY(B2) -> 22114.667
A9: Transformer - 1 - 2500KVA | D9: kwh | E9: ='[4]2'!F9 -> 115804.21 | F9: 123403.31 | G9: =F9-E9 -> 7599.1 | H9: =G9+'[4]2'!H9 -> 36494.3 | I9: =I8-J8 -> -10114.667 | J9: =H9/DAY(B2) -> 12164.767
A10: Transformer - 2 -2500KVA | D10: kwh | E10: ='[4]2'!F10 -> 40262.76 | F10: 53107.95 | G10: =F10-E10 -> 12845.19 | H10: =G10+'[4]2'!H10 -> 27412.39 | J10: =H10/DAY(B2) -> 9137.4633
A11: DG set- 1 - 1425KVA | D11: kwh | E11: ='[4]2'!F11 -> 37000 | F11: 37000 | G11: =F11-E11 -> 0 | H11: =G11+'[4]2'!H11 -> 0 | J11: =H11/DAY(B2) -> 0
A12: DG set- 2 - 1425KVA | D12: kwh | E12: ='[4]2'!F12 -> 40010 | F12: 40010 | G12: =F12-E12 -> 0 | H12: =G12+'[4]2'!H12 -> 0 | J12: =H12/DAY(B2) -> 0
A13: SubTotal | G13: =G9+G10+G11+G12 -> 20444.29 | H13: =G13+'[4]2'!H13 -> 63906.69 | I13: =G7-G13 -> 664.71 | J13: =H13/DAY(B2) -> 21302.23
A14: GAS CONSUMPTION
A15: Gas consumption | D15: m3 | E15: ='[4]2'!F15 -> 1621752.4 | F15: 1622582.8 | G15: =F15-E15 -> 830.41 | H15: =G15+'[4]2'!H15 -> 2704.22 | I15: 800 | J15: =H15/DAY(B2) -> 901.40667
I16: =I15-J15 -> -101.40667
A17: WATER CONSUMPTION
A18: Tankers | D18: KL | E18: ='[4]2'!F18 -> 14 | F18: 14 | G18: =F18*10 -> 140 | H18: =G18+'[4]2'!H18 -> 460 | I18: ='[4]1'!I18 -> 65 | J18: =H18/DAY(B2) -> 153.33333
A19: BMC | D19: KL | E19: ='[4]2'!F19 -> 134568 | F19: 134620 | G19: =F19-E19 -> 52 | H19: =G19+'[4]2'!H19 -> 152 | J19: =H19/DAY(B2) -> 50.666667
A20: Total water | G20: =G18+G19 -> 192 | H20: =G20+'[4]2'!H20 -> 612 | I20: =I18-J20 -> -139 | J20: =H20/DAY(B2) -> 204
A21: DIESEL CONSUMPTION
A22: Boiler House (H.S.D) | D22: L | E22: ='[4]2'!F22 -> 2970 | F22: 2970 | G22: =(F22-E22) -> 0 | H22: =G22+'[4]2'!H22 -> 0 | J22: =H22/DAY(B2) -> 0
A23: D-G Set (H.S.D) | D23: L | E23: ='[4]2'!F23 -> 1900 | F23: 1900 | G23: 0 | H23: =G23+'[4]2'!H23 -> 0 | J23: =H23/DAY(B2) -> 0
A24: Total HSD (H.S.D.) Stock | D24: L | E24: ='[4]2'!F24 -> 4250 | F24: 4250 | G24: 0 | H24: =G24 -> 0 | J24: =H24/DAY(B2) -> 0
A25: TOTAL CONSUMPTION UNIT &COST
A26: Utilities | D26: Units
A27: Electricity | D27: KVAH | E27: =G8 -> 21194 | F27: 9 | G27: =E27*F27 -> 190746 | H27: =G27+'[4]2'!H27 -> 597096 | J27: =H27/DAY(B2) -> 199032
A28: C.N.G | D28: Cu.Mtr | E28: =G15 -> 830.41 | F28: 48.88 | G28: =E28*F28 -> 40590.441 | H28: =G28+'[4]2'!H28 -> 132182.27 | J28: =H28/DAY(B2) -> 44060.758
A29: H.S.D | D29: Ltr | E29: =G24 -> 0 | F29: 69 | G29: =E29*F29 -> 0 | H29: =G29+'[4]2'!H29 -> 0 | J29: =H29/DAY(B2) -> 0
A30: Water BMC | D30: Kl | E30: =G19 -> 52 | F30: 134 | G30: =E30*F30 -> 6968 | H30: =G30+'[4]2'!H30 -> 38056 | J30: =H30/DAY(B2) -> 12685.333
A31: Water Tanker | D31: KL | E31: =G18 -> 140 | F31: 80 | G31: =E31*F31 -> 11200 | H31: =G31+'[4]2'!H31 -> 26240 | J31: =H31/DAY(B2) -> 8746.6667
A32: Total cost | G32: =G27+G28+G29+G30+G31 -> 249504.44 | H32: =G32+'[4]2'!H32 -> 793574.27 | J32: =H32/DAY(B2) -> 264524.76
A33: BRANCH READINGS & CONSUMPTION
A34: Transformer No 1 (Sub Feeders)
A35: Main HVAC Power Panel- 800A | D35: kwh | E35: ='[4]2'!F35 -> 699784.47 | F35: 703211.35 | G35: =F35-E35 -> 3426.88 | H35: =G35+'[4]2'!H35 -> 10123.76 | J35: =H35/DAY(B2) -> 3374.5867
A36: Main Panel BALLROOM LVL-2 -2000A | D36: kwh | E36: ='[4]2'!F36 -> 297874.09 | F36: 298500.51 | G36: =F36-E36 -> 626.42 | H36: =G36+'[4]2'!H36 -> 2054.94 | J36: =H36/DAY(B2) -> 684.98
A37: Fire Emergency Power Panel - 1000A | D37: kwh | E37: ='[4]2'!F37 -> 34969.39 | F37: 35167.18 | G37: =F37-E37 -> 197.79 | H37: =G37+'[4]2'!H37 -> 3105.08 | J37: =H37/DAY(B2) -> 1035.0267
A38: Main Power Panel -1600A | D38: kwh | E38: ='[4]2'!F38 -> 48043.42 | F38: 48333.51 | G38: =F38-E38 -> 290.09 | H38: =G38+'[4]2'!H38 -> 4520.02 | J38: =H38/DAY(B2) -> 1506.6733
A39: Main Lighting and Small power Panel | D39: kwh | E39: ='[4]2'!F39 -> 99373.12 | F39: 100068.28 | G39: =F39-E39 -> 695.16 | H39: =G39+'[4]2'!H39 -> 9392.89 | J39: =H39/DAY(B2) -> 3130.9633
A40: Capacitor Bank -1 1100KVAR- 2500A | D40: kwh | E40: 0.17 | F40: 0.17 | G40: =F40-E40 -> 0 | H40: =G40+'[4]2'!H40 -> 0 | J40: =H40/DAY(B2) -> 0
A41: Chiller No 1 | D41: kwh | E41: ='[4]2'!F41 -> 63882.37 | F41: 63882.37 | G41: =F41-E41 -> 0 | H41: =G41+'[4]2'!H41 -> 0 | J41: =H41/DAY(B2) -> 0
A42: Chiller No 2- | D42: kwh | E42: ='[4]2'!F42 -> 59128.851 | F42: 59128.85 | G42: =F42-E42 -> -0.001 | H42: =G42+'[4]2'!H42 -> 0 | J42: =H42/DAY(B2) -> 0
A43: Chiller Water pump Panel- 630A | D43: kwh | E43: ='[4]2'!F43 -> 830838.71 | F43: 833302.53 | G43: =F43-E43 -> 2463.82 | H43: =G43+'[4]2'!H43 -> 7404.7 | J43: =H43/DAY(B2) -> 2468.2333
A44: Co-Genrator | D44: kwh | E44: ='[4]2'!F44 -> 0 | F44: 0 | G44: =F44-E44 -> 0 | H44: =G44+'[4]2'!H44 -> 0 | J44: =H44/DAY(B2) -> 0
A45: Lawn Pantry | D45: kwh | E45: ='[4]2'!F45 -> 614 | F45: 614 | G45: =F45-E45 -> 0 | H45: =G45+'[4]2'!H45 -> 0 | J45: =H45/DAY(B2) -> 0
A46: Pavilion Power | D46: kwh | E46: ='[4]2'!F46 -> 187 | F46: 187 | G46: =F46-E46 -> 0 | H46: =G46+'[4]2'!H46 -> 0 | J46: =H46/DAY(B2) -> 0
A47: Sub Total | G47: =G35+G36+G37+G38+G39+G40+G41+G42+G43+G44+G45+G46 -> 7700.159 | H47: =G47+'[4]2'!H47 -> 36601.39 | J47: =H47/DAY(B2) -> 12200.463
A48: Transformer No 2 (Sub Feeders)
A49: Main HVAC Power Panel- 800A | D49: kwh | E49: ='[4]2'!F49 -> 260732.13 | F49: 260732.13 | G49: =F49-E49 -> 0 | H49: =G49+'[4]2'!H49 -> 0 | J49: =H49/DAY(B2) -> 0
A50: Main MV PanelBALLROOM LVL-1- 2000A | D50: kwh | E50: ='[4]2'!F50 -> 405699.31 | F50: 406764.67 | G50: =F50-E50 -> 1065.36 | H50: =G50+'[4]2'!H50 -> 4301.64 | J50: =H50/DAY(B2) -> 1433.88
A51: Fire Emergency Power Panel - 1000A | D51: kwh | E51: ='[4]2'!F51 -> 120050.92 | F51: 121322.62 | G51: =F51-E51 -> 1271.7 | H51: =G51+'[4]2'!H51 -> 1271.7 | J51: =H51/DAY(B2) -> 423.9
A52: Main Power Panel -1800A | D52: kwh | E52: ='[4]2'!F52 -> 507912.71 | F52: 509794.67 | G52: =F52-E52 -> 1881.96 | H52: =G52+'[4]2'!H52 -> 1881.96 | J52: =H52/DAY(B2) -> 627.32
A53: Main Lighting and Small power Panel | D53: kwh | E53: ='[4]2'!F53 -> 331854.51 | F53: 335515.77 | G53: =F53-E53 -> 3661.26 | H53: =G53+'[4]2'!H53 -> 3661.26 | J53: =H53/DAY(B2) -> 1220.42
A54: Capacitor Bank -2 1200KVAR- 2500A | D54: kwh | E54: ='[4]2'!F54 -> 8200.03 | F54: 8200 | G54: =F54-E54 -> -0.03 | H54: =G54+'[4]2'!H54 -> 104.37 | J54: =H54/DAY(B2) -> 34.79
A55: Chiller No -3 - 1200A | D55: kwh | E55: ='[4]2'!F55 -> 126470 | F55: 131386.61 | G55: =F55-E55 -> 4916.61 | H55: =G55+'[4]2'!H55 -> 13800.92 | J55: =H55/DAY(B2) -> 4600.3067
A56: Chiller No-4 - 1200A | D56: Kwh | E56: ='[4]2'!F56 -> 588549.03 | F56: 588556.95 | G56: =F56-E56 -> 7.92 | H56: =G56+'[4]2'!H56 -> 2505.92 | J56: =H56/DAY(B2) -> 835.30667
A57: Chiller Water pump Panel- 630A | D57: kwh | E57: ='[4]2'!F57 -> 7711.33 | F57: 7711.33 | G57: =F57-E57 -> 0 | H57: =G57+'[4]2'!H57 -> 0 | J57: =H57/DAY(B2) -> 0
A58: B2-Loundry power panel | D58: kwh | E58: ='[4]2'!F58 -> 36312.12 | F58: 36500.91 | G58: =F58-E58 -> 188.79 | H58: =G58+'[4]2'!H58 -> 632.21 | J58: =H58/DAY(B2) -> 210.73667
A59: Sub Total | G59: =G49+G50+G51+G52+G53+G54+G55+G56+G57+G58 -> 12993.57 | H59: =G59+'[4]2'!H59 -> 28159.98 | I59: =G7-G60 -> 415.271 | J59: =H59/DAY(B2) -> 9386.66
D60: Total TR1 & TR2 | G60: =G47+G59 -> 20693.729 | H60: =G60+'[4]2'!H60 -> 64761.37 | I60: =G13-G60 -> -249.439 | J60: =H60/DAY(B2) -> 21587.123
A61: Floor lighting & Power consumption
A62: 2nd floor plant room | D62: KWh | E62: ='[4]2'!F62 -> 20419.189 | F62: 20419.189 | G62: =F62-E62 -> 0 | H62: =G62+'[4]2'!H62 -> 0.002 | J62: =H62/DAY(B2) -> 0.00066666667
A63: 5th floor spa | D63: KWh | E63: ='[4]2'!F63 -> 1733.45 | F63: 1745.37 | G63: =F63-E63 -> 11.92 | H63: =G63+'[4]2'!H63 -> 38.01 | J63: =H63/DAY(B2) -> 12.67
A64: 5th Floor | D64: KWh | E64: ='[4]2'!F64 -> 124657.34 | F64: 125180.16 | G64: =F64-E64 -> 522.82 | H64: =G64+'[4]2'!H64 -> 1552.86 | J64: =H64/DAY(B2) -> 517.62
A65: 12th Floor | D65: KWh | E65: ='[4]2'!F65 -> 133392.66 | F65: 133770.84 | G65: =F65-E65 -> 378.18 | H65: =G65+'[4]2'!H65 -> 1173.54 | J65: =H65/DAY(B2) -> 391.18
A66: 20th Floor | D66: KWh | E66: ='[4]2'!F66 -> 25980.5 | F66: 26413.93 | G66: =F66-E66 -> 433.43 | H66: =G66+'[4]2'!H66 -> 1254.18 | J66: =H66/DAY(B2) -> 418.06
A67: 27th Floor | D67: KWh | E67: ='[4]2'!F67 -> 209249 | F67: 209908.33 | G67: =F67-E67 -> 659.33 | H67: =G67+'[4]2'!H67 -> 2066.5 | J67: =H67/DAY(B2) -> 688.83333
A68: 34th Floor | D68: KWh | E68: ='[4]2'!F68 -> 73391.91 | F68: 73751.15 | G68: =F68-E68 -> 359.24 | H68: =G68+'[4]2'!H68 -> 1072.63 | J68: =H68/DAY(B2) -> 357.54333
A69: Sanqi | D69: KWh | E69: ='[4]2'!F69 -> 65103.12 | F69: 65425.09 | G69: =F69-E69 -> 321.97 | H69: =G69+'[4]2'!H69 -> 973 | J69: =H69/DAY(B2) -> 324.33333
A70: Consumption of Extra AHU run | D70: KWh
A71: Kitchen consumption
A72: Main kitchen power panel no 1 | D72: KWh | E72: ='[4]2'!F72 -> 850735 | F72: 850833 | G72: =F72-E72 -> 98 | H72: =G72+'[4]2'!H72 -> 241 | J72: =H72/DAY(B2) -> 80.333333
A73: Main kitchen power panel no 2 | D73: KWh | E73: ='[4]2'!F73 -> 885772 | F73: 885772 | G73: =F73-E73 -> 0 | H73: =G73+'[4]2'!H73 -> 0 | J73: =H73/DAY(B2) -> 0
A74: Prato kitchen power panel | D74: KWh | E74: ='[4]2'!F74 -> 656.16 | F74: 683.56 | G74: =F74-E74 -> 27.4 | H74: =G74+'[4]2'!H74 -> 97.39 | J74: =H74/DAY(B2) -> 32.463333
A75: San- Qi Indian Kitchen | D75: KWh | E75: ='[4]2'!F75 -> 3814.26 | F75: 3968.34 | G75: =F75-E75 -> 154.08 | H75: =G75+'[4]2'!H75 -> 449.12 | J75: =H75/DAY(B2) -> 149.70667
A76: San- Qi Japanese Kitchen | D76: KWh | E76: ='[4]2'!F76 -> 1674.12 | F76: 1757.3 | G76: =F76-E76 -> 83.18 | H76: =G76+'[4]2'!H76 -> 242.96 | J76: =H76/DAY(B2) -> 80.986667
A77: The club kitchen | D77: KWh | E77: ='[4]2'!F77 -> 698678 | F77: 698725 | G77: =F77-E77 -> 47 | H77: =G77+'[4]2'!H77 -> 137 | J77: =H77/DAY(B2) -> 45.666667
A78: AER Kitchen | D78: KWh | E78: ='[4]2'!F78 -> 653630 | F78: 653959 | G78: =F78-E78 -> 329 | H78: =G78+'[4]2'!H78 -> 1096 | J78: =H78/DAY(B2) -> 365.33333
A79: COLD ROOM'S | D79: KWh | E79: ='[4]2'!F79 -> 815599 | F79: 815715 | G79: =F79-E79 -> 116 | H79: =G79+'[4]2'!H79 -> 606 | J79: =H79/DAY(B2) -> 202
A80: Ball Room 1 kitchen | D80: KWh | E80: ='[4]2'!F80 -> 495488.36 | F80: 495836 | G80: =F80-E80 -> 347.64 | H80: =G80+'[4]2'!H80 -> 1162.36 | J80: =H80/DAY(B2) -> 387.45333
A81: Ball Room 2 kitchen | D81: KWh | E81: ='[4]2'!F81 -> 626157.64 | F81: 626258 | G81: =F81-E81 -> 100.36 | H81: =G81+'[4]2'!H81 -> 314.16 | J81: =H81/DAY(B2) -> 104.72
A82: B1 Laundry | D82: kwh | E82: ='[4]2'!F82 -> 106242.13 | F82: 106261 | G82: =F82-E82 -> 18.87 | H82: =G82+'[4]2'!H82 -> 58.52 | J82: =H82/DAY(B2) -> 19.506667
A83: STP Electrical | D83: kwh | E83: ='[4]2'!F83 -> 997516 | F83: 998039 | G83: =F83-E83 -> 523 | H83: =G83+'[4]2'!H83 -> 1590 | J83: =H83/DAY(B2) -> 530
A84: Cooling Tower | D84: kwh | E84: ='[4]2'!F84 -> 432215 | F84: 432768 | G84: =F84-E84 -> 553 | H84: =G84+'[4]2'!H84 -> 1970 | J84: =H84/DAY(B2) -> 656.66667
A85: Total | G85: =SUM(G71:G84) -> 2397.53 | H85: =G85+'[4]2'!H85 -> 5939.13 | J85: =H85/DAY(B2) -> 1979.71
A86: MOCK Up Room | D86: Kwh | E86: ='[4]2'!F86 -> 450647.2 | F86: 450765 | G86: =F86-E86 -> 117.8 | H86: =G86+'[4]2'!H86 -> 396.47 | J86: =H86/DAY(B2) -> 132.15667
A87: 27th Floor | D87: Kwh | E87: ='[4]2'!F87 -> 79285.1 | F87: 79323.2 | G87: =F87-E87 -> 38.1 | H87: =G87+'[4]2'!H87 -> 115.5 | J87: =H87/DAY(B2) -> 38.5
A88: Physic57 | D88: Kwh | E88: ='[4]2'!F88 -> 148388.41 | F88: 148414.26 | G88: =F88-E88 -> 25.85 | H88: =G88+'[4]2'!H88 -> 149.65 | J88: =H88/DAY(B2) -> 49.883333
A89: Pinoor Legal- Lighting | D89: Kwh | E89: ='[4]2'!F89 -> 61817.8 | F89: 61900.4 | G89: =F89-E89 -> 82.6 | H89: =G89+'[4]2'!H89 -> 225.3 | J89: =H89/DAY(B2) -> 75.1 | K89: =I89/DAY(C3) -> #VALUE!
A90: Pinoor Legal- Lighting | D90: Kwh | E90: ='[4]2'!F90 -> 3173.2 | F90: 3178.6 | G90: =F90-E90 -> 5.4 | H90: =G90+'[4]2'!H90 -> 15.7 | J90: =H90/DAY(B2) -> 5.2333333 | K90: =I90/DAY(C4) -> #VALUE!
A91: WATER
A92: R.o.plant | D92: KL | E92: ='[4]2'!F92 -> 239912 | F92: 239994 | G92: =F92-E92 -> 82 | H92: =G92+'[4]2'!H92 -> 299 | J92: =H92/DAY(B2) -> 99.666667
A93: STP Water Prod | D93: KL | E93: ='[4]2'!F93 -> 175994 | F93: 176158 | G93: =F93-E93 -> 164 | H93: =G93+'[4]2'!H93 -> 497 | J93: =H93/DAY(B2) -> 165.66667
A94: Total water Produce | G94: =G92+G93 -> 246 | H94: =G94+'[4]2'!H94 -> 530 | J94: =H94/DAY(B2) -> 176.66667
A95: Domestic Zone-1 | D95: KL | E95: ='[4]2'!F95 -> 408317 | F95: 408393 | G95: =F95-E95 -> 76 | H95: =G95+'[4]2'!H95 -> 237 | J95: =H95/DAY(B2) -> 79
A96: Domestic Zone-2 | D96: KL | E96: ='[4]2'!F96 -> 101363 | F96: 101380 | G96: =F96-E96 -> 17 | H96: =G96+'[4]2'!H96 -> 48 | J96: =H96/DAY(B2) -> 16
A97: Domestic Zone-3 | D97: KL | E97: ='[4]2'!F97 -> 96492 | F97: 96508 | G97: =F97-E97 -> 16 | H97: =G97+'[4]2'!H97 -> 59 | J97: =H97/DAY(B2) -> 19.666667
A98: Flush Zone -1 | D98: KL | E98: ='[4]2'!F98 -> 147779 | F98: 147866 | G98: =F98-E98 -> 87 | H98: =G98+'[4]2'!H98 -> 258 | J98: =H98/DAY(B2) -> 86
A99: Flush Zone -2 | D99: KL | E99: ='[4]2'!F99 -> 6444 | F99: 6457 | G99: =F99-E99 -> 13 | H99: =G99+'[4]2'!H99 -> 49 | J99: =H99/DAY(B2) -> 16.333333
A100: Flush Zone -3 | D100: KL | E100: ='[4]2'!F100 -> 4574 | F100: 4587 | G100: =F100-E100 -> 13 | H100: =G100+'[4]2'!H100 -> 44 | J100: =H100/DAY(B2) -> 14.666667
...

Sheet 4
A1: Daily Utility Consumption Report
A2: Prepaired by-- Nilesh | B2: 44259 | C2: occupancy | D2: 0.45 | G2: Occupancy% | H2: Electricity | I2: Water | J2: Gas
C3: Avg temp | D3: 28 | E3: Last year same month avg
C4: humidity | D4: 0.78
A5: Description | D5: Unit | E5: Yesterday | F5: Today | G5: units.consum | H5: MTD | I5: Budgeted | J5: Average/Day
A6: ELECTRICAL CONSUMPTION
A7: BEST Supply 11KV | D7: kwh | E7: ='[4]3'!F7 -> 4510962 | F7: 4530754 | G7: =F7-E7 -> 19792 | H7: =G7+'[4]3'!H7 -> 85677 | I7: ='[4]1'!I7 -> 12000 | J7: =H7/DAY(B2) -> 21419.25
A8: BEST supply | D8: KVAH | E8: ='[4]3'!F8 -> 4539500 | F8: 4559427 | G8: =F8-E8 -> 19927 | H8: =G8+'[4]3'!H8 -> 86271 | I8: 12000 | J8: =H8/DAY(B2) -> 21567.75 | N8: =G7/G8 -> 0.99322527
A9: Transformer - 1 - 2500KVA | D9: kwh | E9: ='[4]3'!F9 -> 123403.31 | F9: 124354 | G9: =F9-E9 -> 950.69 | H9: =G9+'[4]3'!H9 -> 37444.99 | I9: =I8-J8 -> -9567.75 | J9: =H9/DAY(B2) -> 9361.2475
A10: Transformer - 2 -2500KVA | D10: kwh | E10: ='[4]3'!F10 -> 53107.95 | F10: 71239 | G10: =F10-E10 -> 18131.05 | H10: =G10+'[4]3'!H10 -> 45543.44 | J10: =H10/DAY(B2) -> 11385.86
A11: DG set- 1 - 1425KVA | D11: kwh | E11: ='[4]3'!F11 -> 37000 | F11: 37000 | G11: =F11-E11 -> 0 | H11: =G11+'[4]3'!H11 -> 0 | J11: =H11/DAY(B2) -> 0
A12: DG set- 2 - 1425KVA | D12: kwh | E12: ='[4]3'!F12 -> 40010 | F12: 40010 | G12: =F12-E12 -> 0 | H12: =G12+'[4]3'!H12 -> 0 | J12: =H12/DAY(B2) -> 0
