Workbook

Sheet TOTAL
A1: Site Name | B1: Day | C1: Month | D1: Year | E1: Total Electricity Kwh | F1: Electricity Tariff ($/Kwh) | G1: Natual Gas (m3) | H1: Natural Gas $/m3 | I1: Water Utility Supply (m3) m3 | J1: Water Utility Supply (m3) $/m3 | K1: Room Nights
A2: Cairo at Nile Plaza | B2: 1 | C2: 3 | D2: 2021 | E2: =(((Submetering!O2+Submetering!P2)*0.842284+Submetering!Q2+(Submetering!M2+Submetering!N2+Submetering!Y2)*0.7362)+(Submetering!O2+Submetering!P2+Submetering!Q2)*0.1488+(Submetering!M2+Submetering!N2+Submetering!Y2)*0.1167+(Submetering!K2+Submetering!L2-Submetering!Z2-Submetering!AA2-Submetering!AB2-Submetering!AC2-Submetering!Q2)+(Submetering!M2+Submetering!N2+Submetering!Y2)*0.1139) -> 69872.762 | F2: 1.27 | G2: =Gas!C3*0.9147 -> 2258.3943 | H2: 3.65 | I2: =Water!C3 -> 680 | J2: 10.03 | K2: =ELECT.!B3 -> 96
A3: Cairo at Nile Plaza | B3: =B2+1 -> 2 | C3: 3 | D3: 2021 | E3: =(((Submetering!O3+Submetering!P3)*0.842284+Submetering!Q3+(Submetering!M3+Submetering!N3+Submetering!Y3)*0.7362)+(Submetering!O3+Submetering!P3+Submetering!Q3)*0.1488+(Submetering!M3+Submetering!N3+Submetering!Y3)*0.1167+(Submetering!K3+Submetering!L3-Submetering!Z3-Submetering!AA3-Submetering!AB3-Submetering!AC3-Submetering!Q3)+(Submetering!M3+Submetering!N3+Submetering!Y3)*0.1139) -> 0 | F3: 1.27 | G3: =Gas!C4*0.9147 -> 0 | H3: 3.65 | I3: =Water!C4 -> 0 | J3: 10.03 | K3: =ELECT.!B4 -> 108
A4: Cairo at Nile Plaza | B4: =B3+1 -> 3 | C4: 3 | D4: 2021 | E4: =(((Submetering!O4+Submetering!P4)*0.842284+Submetering!Q4+(Submetering!M4+Submetering!N4+Submetering!Y4)*0.7362)+(Submetering!O4+Submetering!P4+Submetering!Q4)*0.1488+(Submetering!M4+Submetering!N4+Submetering!Y4)*0.1167+(Submetering!K4+Submetering!L4-Submetering!Z4-Submetering!AA4-Submetering!AB4-Submetering!AC4-Submetering!Q4)+(Submetering!M4+Submetering!N4+Submetering!Y4)*0.1139) -> 0 | F4: 1.27 | G4: =Gas!C5*0.9147 -> 0 | H4: 3.65 | I4: =Water!C5 -> 0 | J4: 10.03 | K4: =ELECT.!B5 -> 98
A5: Cairo at Nile Plaza | B5: =B4+1 -> 4 | C5: 3 | D5: 2021 | E5: =(((Submetering!O5+Submetering!P5)*0.842284+Submetering!Q5+(Submetering!M5+Submetering!N5+Submetering!Y5)*0.7362)+(Submetering!O5+Submetering!P5+Submetering!Q5)*0.1488+(Submetering!M5+Submetering!N5+Submetering!Y5)*0.1167+(Submetering!K5+Submetering!L5-Submetering!Z5-Submetering!AA5-Submetering!AB5-Submetering!AC5-Submetering!Q5)+(Submetering!M5+Submetering!N5+Submetering!Y5)*0.1139) -> 151044.44 | F5: 1.27 | G5: =Gas!C6*0.9147 -> 7345.9557 | H5: 3.65 | I5: =Water!C6 -> 1630 | J5: 10.03 | K5: =ELECT.!B6 -> 108
A6: Cairo at Nile Plaza | B6: =B5+1 -> 5 | C6: 3 | D6: 2021 | E6: =(((Submetering!O6+Submetering!P6)*0.842284+Submetering!Q6+(Submetering!M6+Submetering!N6+Submetering!Y6)*0.7362)+(Submetering!O6+Submetering!P6+Submetering!Q6)*0.1488+(Submetering!M6+Submetering!N6+Submetering!Y6)*0.1167+(Submetering!K6+Submetering!L6-Submetering!Z6-Submetering!AA6-Submetering!AB6-Submetering!AC6-Submetering!Q6)+(Submetering!M6+Submetering!N6+Submetering!Y6)*0.1139) -> 47152.711 | F6: 1.27 | G6: =Gas!C7*0.9147 -> 2672.7534 | H6: 3.65 | I6: =Water!C7 -> 550 | J6: 10.03 | K6: =ELECT.!B7 -> 119
A7: Cairo at Nile Plaza | B7: =B6+1 -> 6 | C7: 3 | D7: 2021 | E7: =(((Submetering!O7+Submetering!P7)*0.842284+Submetering!Q7+(Submetering!M7+Submetering!N7+Submetering!Y7)*0.7362)+(Submetering!O7+Submetering!P7+Submetering!Q7)*0.1488+(Submetering!M7+Submetering!N7+Submetering!Y7)*0.1167+(Submetering!K7+Submetering!L7-Submetering!Z7-Submetering!AA7-Submetering!AB7-Submetering!AC7-Submetering!Q7)+(Submetering!M7+Submetering!N7+Submetering!Y7)*0.1139) -> 33244.983 | F7: 1.27 | G7: =Gas!C8*0.9147 -> 2560.2453 | H7: 3.65 | I7: =Water!C8 -> 540 | J7: 10.03 | K7: =ELECT.!B8 -> 106
A8: Cairo at Nile Plaza | B8: =B7+1 -> 7 | C8: 3 | D8: 2021 | E8: =(((Submetering!O8+Submetering!P8)*0.842284+Submetering!Q8+(Submetering!M8+Submetering!N8+Submetering!Y8)*0.7362)+(Submetering!O8+Submetering!P8+Submetering!Q8)*0.1488+(Submetering!M8+Submetering!N8+Submetering!Y8)*0.1167+(Submetering!K8+Submetering!L8-Submetering!Z8-Submetering!AA8-Submetering!AB8-Submetering!AC8-Submetering!Q8)+(Submetering!M8+Submetering!N8+Submetering!Y8)*0.1139) -> 68321.108 | F8: 1.27 | G8: =Gas!C9*0.9147 -> 3043.2069 | H8: 3.65 | I8: =Water!C9 -> 480 | J8: 10.03 | K8: =ELECT.!B9 -> 93
A9: Cairo at Nile Plaza | B9: =B8+1 -> 8 | C9: 3 | D9: 2021 | E9: =(((Submetering!O9+Submetering!P9)*0.842284+Submetering!Q9+(Submetering!M9+Submetering!N9+Submetering!Y9)*0.7362)+(Submetering!O9+Submetering!P9+Submetering!Q9)*0.1488+(Submetering!M9+Submetering!N9+Submetering!Y9)*0.1167+(Submetering!K9+Submetering!L9-Submetering!Z9-Submetering!AA9-Submetering!AB9-Submetering!AC9-Submetering!Q9)+(Submetering!M9+Submetering!N9+Submetering!Y9)*0.1139) -> 35554.339 | F9: 1.27 | G9: =Gas!C10*0.9147 -> 2746.8441 | H9: 3.65 | I9: =Water!C10 -> 570 | J9: 10.03 | K9: =ELECT.!B10 -> 114
A10: Cairo at Nile Plaza | B10: =B9+1 -> 9 | C10: 3 | D10: 2021 | E10: =(((Submetering!O10+Submetering!P10)*0.842284+Submetering!Q10+(Submetering!M10+Submetering!N10+Submetering!Y10)*0.7362)+(Submetering!O10+Submetering!P10+Submetering!Q10)*0.1488+(Submetering!M10+Submetering!N10+Submetering!Y10)*0.1167+(Submetering!K10+Submetering!L10-Submetering!Z10-Submetering!AA10-Submetering!AB10-Submetering!AC10-Submetering!Q10)+(Submetering!M10+Submetering!N10+Submetering!Y10)*0.1139) -> 62887.392 | F10: 1.27 | G10: =Gas!C11*0.9147 -> 2659.9476 | H10: 3.65 | I10: =Water!C11 -> 1050 | J10: 10.03 | K10: =ELECT.!B11 -> 118
A11: Cairo at Nile Plaza | B11: =B10+1 -> 10 | C11: 3 | D11: 2021 | E11: =(((Submetering!O11+Submetering!P11)*0.842284+Submetering!Q11+(Submetering!M11+Submetering!N11+Submetering!Y11)*0.7362)+(Submetering!O11+Submetering!P11+Submetering!Q11)*0.1488+(Submetering!M11+Submetering!N11+Submetering!Y11)*0.1167+(Submetering!K11+Submetering!L11-Submetering!Z11-Submetering!AA11-Submetering!AB11-Submetering!AC11-Submetering!Q11)+(Submetering!M11+Submetering!N11+Submetering!Y11)*0.1139) -> 52575.471 | F11: 1.27 | G11: =Gas!C12*0.9147 -> 2259.309 | H11: 3.65 | I11: =Water!C12 -> 50 | J11: 10.03 | K11: =ELECT.!B12 -> 146
A12: Cairo at Nile Plaza | B12: =B11+1 -> 11 | C12: 3 | D12: 2021 | E12: =(((Submetering!O12+Submetering!P12)*0.842284+Submetering!Q12+(Submetering!M12+Submetering!N12+Submetering!Y12)*0.7362)+(Submetering!O12+Submetering!P12+Submetering!Q12)*0.1488+(Submetering!M12+Submetering!N12+Submetering!Y12)*0.1167+(Submetering!K12+Submetering!L12-Submetering!Z12-Submetering!AA12-Submetering!AB12-Submetering!AC12-Submetering!Q12)+(Submetering!M12+Submetering!N12+Submetering!Y12)*0.1139) -> 50997.527 | F12: 1.27 | G12: =Gas!C13*0.9147 -> 2627.9331 | H12: 3.65 | I12: =Water!C13 -> 830 | J12: 10.03 | K12: =ELECT.!B13 -> 116
A13: Cairo at Nile Plaza | B13: =B12+1 -> 12 | C13: 3 | D13: 2021 | E13: =(((Submetering!O13+Submetering!P13)*0.842284+Submetering!Q13+(Submetering!M13+Submetering!N13+Submetering!Y13)*0.7362)+(Submetering!O13+Submetering!P13+Submetering!Q13)*0.1488+(Submetering!M13+Submetering!N13+Submetering!Y13)*0.1167+(Submetering!K13+Submetering!L13-Submetering!Z13-Submetering!AA13-Submetering!AB13-Submetering!AC13-Submetering!Q13)+(Submetering!M13+Submetering!N13+Submetering!Y13)*0.1139) -> 50755.12 | F13: 1.27 | G13: =Gas!C14*0.9147 -> 1562.3076 | H13: 3.65 | I13: =Water!C14 -> 180 | J13: 10.03 | K13: =ELECT.!B14 -> 110
A14: Cairo at Nile Plaza | B14: =B13+1 -> 13 | C14: 3 | D14: 2021 | E14: =(((Submetering!O14+Submetering!P14)*0.842284+Submetering!Q14+(Submetering!M14+Submetering!N14+Submetering!Y14)*0.7362)+(Submetering!O14+Submetering!P14+Submetering!Q14)*0.1488+(Submetering!M14+Submetering!N14+Submetering!Y14)*0.1167+(Submetering!K14+Submetering!L14-Submetering!Z14-Submetering!AA14-Submetering!AB14-Submetering!AC14-Submetering!Q14)+(Submetering!M14+Submetering!N14+Submetering!Y14)*0.1139) -> 44332.741 | F14: 1.27 | G14: =Gas!C15*0.9147 -> 0 | H14: 3.65 | I14: =Water!C15 -> 400 | J14: 10.03 | K14: =ELECT.!B15 -> 103
A15: Cairo at Nile Plaza | B15: =B14+1 -> 14 | C15: 3 | D15: 2021 | E15: 98 | F15: 1.27 | G15: =Gas!C16*0.9147 -> 0 | H15: 3.65 | I15: =Water!C16 -> 0 | J15: 10.03 | K15: =ELECT.!B16 -> 114
A16: Cairo at Nile Plaza | B16: =B15+1 -> 15 | C16: 3 | D16: 2021 | E16: =(((Submetering!O16+Submetering!P16)*0.842284+Submetering!Q16+(Submetering!M16+Submetering!N16+Submetering!Y16)*0.7362)+(Submetering!O16+Submetering!P16+Submetering!Q16)*0.1488+(Submetering!M16+Submetering!N16+Submetering!Y16)*0.1167+(Submetering!K16+Submetering!L16-Submetering!Z16-Submetering!AA16-Submetering!AB16-Submetering!AC16-Submetering!Q16)+(Submetering!M16+Submetering!N16+Submetering!Y16)*0.1139) -> 323.62992 | F16: 1.27 | G16: =Gas!C17*0.9147 -> 0 | H16: 3.65 | I16: =Water!C17 -> 0 | J16: 10.03 | K16: =ELECT.!B17 -> 132
A17: Cairo at Nile Plaza | B17: =B16+1 -> 16 | C17: 3 | D17: 2021 | E17: =(((Submetering!O17+Submetering!P17)*0.842284+Submetering!Q17+(Submetering!M17+Submetering!N17+Submetering!Y17)*0.7362)+(Submetering!O17+Submetering!P17+Submetering!Q17)*0.1488+(Submetering!M17+Submetering!N17+Submetering!Y17)*0.1167+(Submetering!K17+Submetering!L17-Submetering!Z17-Submetering!AA17-Submetering!AB17-Submetering!AC17-Submetering!Q17)+(Submetering!M17+Submetering!N17+Submetering!Y17)*0.1139) -> 136229.49 | F17: 1.27 | G17: =Gas!C18*0.9147 -> 9136.9383 | H17: 3.65 | I17: =Water!C18 -> 2500 | J17: 10.03 | K17: =ELECT.!B18 -> 97
A18: Cairo at Nile Plaza | B18: =B17+1 -> 17 | C18: 3 | D18: 2021 | E18: 101 | F18: 1.27 | G18: =Gas!C19*0.9147 -> 0 | H18: 3.65 | I18: =Water!C19 -> 0 | J18: 10.03 | K18: =ELECT.!B19 -> 97
A19: Cairo at Nile Plaza | B19: =B18+1 -> 18 | C19: 3 | D19: 2021 | E19: 99 | F19: 1.27 | G19: =Gas!C20*0.9147 -> 0 | H19: 3.65 | I19: =Water!C20 -> 0 | J19: 10.03 | K19: =ELECT.!B20 -> 95
A20: Cairo at Nile Plaza | B20: =B19+1 -> 19 | C20: 3 | D20: 2021 | E20: =(((Submetering!O20+Submetering!P20)*0.842284+Submetering!Q20+(Submetering!M20+Submetering!N20+Submetering!Y20)*0.7362)+(Submetering!O20+Submetering!P20+Submetering!Q20)*0.1488+(Submetering!M20+Submetering!N20+Submetering!Y20)*0.1167+(Submetering!K20+Submetering!L20-Submetering!Z20-Submetering!AA20-Submetering!AB20-Submetering!AC20-Submetering!Q20)+(Submetering!M20+Submetering!N20+Submetering!Y20)*0.1139) -> 170099.94 | F20: 1.27 | G20: =Gas!C21*0.9147 -> 6969.0993 | H20: 3.65 | I20: =Water!C21 -> 1740 | J20: 10.03 | K20: =ELECT.!B21 -> 77
A21: Cairo at Nile Plaza | B21: =B20+1 -> 20 | C21: 3 | D21: 2021 | E21: =(((Submetering!O21+Submetering!P21)*0.842284+Submetering!Q21+(Submetering!M21+Submetering!N21+Submetering!Y21)*0.7362)+(Submetering!O21+Submetering!P21+Submetering!Q21)*0.1488+(Submetering!M21+Submetering!N21+Submetering!Y21)*0.1167+(Submetering!K21+Submetering!L21-Submetering!Z21-Submetering!AA21-Submetering!AB21-Submetering!AC21-Submetering!Q21)+(Submetering!M21+Submetering!N21+Submetering!Y21)*0.1139) -> 45556.535 | F21: 1.27 | G21: =Gas!C22*0.9147 -> 2475.1782 | H21: 3.65 | I21: =Water!C22 -> 580 | J21: 10.03 | K21: =ELECT.!B22 -> 124
A22: Cairo at Nile Plaza | B22: =B21+1 -> 21 | C22: 3 | D22: 2021 | E22: =(((Submetering!O22+Submetering!P22)*0.842284+Submetering!Q22+(Submetering!M22+Submetering!N22+Submetering!Y22)*0.7362)+(Submetering!O22+Submetering!P22+Submetering!Q22)*0.1488+(Submetering!M22+Submetering!N22+Submetering!Y22)*0.1167+(Submetering!K22+Submetering!L22-Submetering!Z22-Submetering!AA22-Submetering!AB22-Submetering!AC22-Submetering!Q22)+(Submetering!M22+Submetering!N22+Submetering!Y22)*0.1139) -> 44139.948 | F22: 1.27 | G22: =Gas!C23*0.9147 -> 2494.3869 | H22: 3.65 | I22: =Water!C23 -> 620 | J22: 10.03 | K22: =ELECT.!B23 -> 111
A23: Cairo at Nile Plaza | B23: =B22+1 -> 22 | C23: 3 | D23: 2021 | E23: =(((Submetering!O23+Submetering!P23)*0.842284+Submetering!Q23+(Submetering!M23+Submetering!N23+Submetering!Y23)*0.7362)+(Submetering!O23+Submetering!P23+Submetering!Q23)*0.1488+(Submetering!M23+Submetering!N23+Submetering!Y23)*0.1167+(Submetering!K23+Submetering!L23-Submetering!Z23-Submetering!AA23-Submetering!AB23-Submetering!AC23-Submetering!Q23)+(Submetering!M23+Submetering!N23+Submetering!Y23)*0.1139) -> 58384.683 | F23: 1.27 | G23: =Gas!C24*0.9147 -> 2624.2743 | H23: 3.65 | I23: =Water!C24 -> 550 | J23: 10.03 | K23: =ELECT.!B24 -> 115
A24: Cairo at Nile Plaza | B24: =B23+1 -> 23 | C24: 3 | D24: 2021 | E24: =(((Submetering!O24+Submetering!P24)*0.842284+Submetering!Q24+(Submetering!M24+Submetering!N24+Submetering!Y24)*0.7362)+(Submetering!O24+Submetering!P24+Submetering!Q24)*0.1488+(Submetering!M24+Submetering!N24+Submetering!Y24)*0.1167+(Submetering!K24+Submetering!L24-Submetering!Z24-Submetering!AA24-Submetering!AB24-Submetering!AC24-Submetering!Q24)+(Submetering!M24+Submetering!N24+Submetering!Y24)*0.1139) -> 53573.23 | F24: 1.27 | G24: =Gas!C25*0.9147 -> 2723.0619 | H24: 3.65 | I24: =Water!C25 -> 800 | J24: 10.03 | K24: =ELECT.!B25 -> 111
A25: Cairo at Nile Plaza | B25: =B24+1 -> 24 | C25: 3 | D25: 2021 | E25: =(((Submetering!O25+Submetering!P25)*0.842284+Submetering!Q25+(Submetering!M25+Submetering!N25+Submetering!Y25)*0.7362)+(Submetering!O25+Submetering!P25+Submetering!Q25)*0.1488+(Submetering!M25+Submetering!N25+Submetering!Y25)*0.1167+(Submetering!K25+Submetering!L25-Submetering!Z25-Submetering!AA25-Submetering!AB25-Submetering!AC25-Submetering!Q25)+(Submetering!M25+Submetering!N25+Submetering!Y25)*0.1139) -> 42704.661 | F25: 1.27 | G25: =Gas!C26*0.9147 -> 1739.7594 | H25: 3.65 | I25: =Water!C26 -> 650 | J25: 10.03 | K25: =ELECT.!B26 -> 89
A26: Cairo at Nile Plaza | B26: =B25+1 -> 25 | C26: 3 | D26: 2021 | E26: =(((Submetering!O26+Submetering!P26)*0.842284+Submetering!Q26+(Submetering!M26+Submetering!N26+Submetering!Y26)*0.7362)+(Submetering!O26+Submetering!P26+Submetering!Q26)*0.1488+(Submetering!M26+Submetering!N26+Submetering!Y26)*0.1167+(Submetering!K26+Submetering!L26-Submetering!Z26-Submetering!AA26-Submetering!AB26-Submetering!AC26-Submetering!Q26)+(Submetering!M26+Submetering!N26+Submetering!Y26)*0.1139) -> 56054.627 | F26: 1.27 | G26: =Gas!C27*0.9147 -> 1419.6144 | H26: 3.65 | I26: =Water!C27 -> 310 | J26: 10.03 | K26: =ELECT.!B27 -> 87
A27: Cairo at Nile Plaza | B27: =B26+1 -> 26 | C27: 3 | D27: 2021 | E27: =(((Submetering!O27+Submetering!P27)*0.842284+Submetering!Q27+(Submetering!M27+Submetering!N27+Submetering!Y27)*0.7362)+(Submetering!O27+Submetering!P27+Submetering!Q27)*0.1488+(Submetering!M27+Submetering!N27+Submetering!Y27)*0.1167+(Submetering!K27+Submetering!L27-Submetering!Z27-Submetering!AA27-Submetering!AB27-Submetering!AC27-Submetering!Q27)+(Submetering!M27+Submetering!N27+Submetering!Y27)*0.1139) -> 39679.483 | F27: 1.27 | G27: =Gas!C28*0.9147 -> 1598.8956 | H27: 3.65 | I27: =Water!C28 -> 980 | J27: 10.03 | K27: =ELECT.!B28 -> 90
A28: Cairo at Nile Plaza | B28: =B27+1 -> 27 | C28: 3 | D28: 2021 | E28: =(((Submetering!O28+Submetering!P28)*0.842284+Submetering!Q28+(Submetering!M28+Submetering!N28+Submetering!Y28)*0.7362)+(Submetering!O28+Submetering!P28+Submetering!Q28)*0.1488+(Submetering!M28+Submetering!N28+Submetering!Y28)*0.1167+(Submetering!K28+Submetering!L28-Submetering!Z28-Submetering!AA28-Submetering!AB28-Submetering!AC28-Submetering!Q28)+(Submetering!M28+Submetering!N28+Submetering!Y28)*0.1139) -> 51621.524 | F28: 1.27 | G28: =Gas!C29*0.9147 -> 1839.4617 | H28: 3.65 | I28: =Water!C29 -> 620 | J28: 10.03 | K28: =ELECT.!B29 -> 91
A29: Cairo at Nile Plaza | B29: =B28+1 -> 28 | C29: 3 | D29: 2021 | E29: =(((Submetering!O29+Submetering!P29)*0.842284+Submetering!Q29+(Submetering!M29+Submetering!N29+Submetering!Y29)*0.7362)+(Submetering!O29+Submetering!P29+Submetering!Q29)*0.1488+(Submetering!M29+Submetering!N29+Submetering!Y29)*0.1167+(Submetering!K29+Submetering!L29-Submetering!Z29-Submetering!AA29-Submetering!AB29-Submetering!AC29-Submetering!Q29)+(Submetering!M29+Submetering!N29+Submetering!Y29)*0.1139) -> 42173.298 | F29: 1.27 | G29: =Gas!C30*0.9147 -> 1819.3383 | H29: 3.65 | I29: =Water!C30 -> 600 | J29: 10.03 | K29: =ELECT.!B30 -> 92
A30: Cairo at Nile Plaza | B30: =B29+1 -> 29 | C30: 3 | D30: 2021 | E30: =(((Submetering!O30+Submetering!P30)*0.842284+Submetering!Q30+(Submetering!M30+Submetering!N30+Submetering!Y30)*0.7362)+(Submetering!O30+Submetering!P30+Submetering!Q30)*0.1488+(Submetering!M30+Submetering!N30+Submetering!Y30)*0.1167+(Submetering!K30+Submetering!L30-Submetering!Z30-Submetering!AA30-Submetering!AB30-Submetering!AC30-Submetering!Q30)+(Submetering!M30+Submetering!N30+Submetering!Y30)*0.1139) -> 33717.642 | F30: 1.27 | G30: =Gas!C31*0.9147 -> 1737.0153 | H30: 3.65 | I30: =Water!C31 -> 720 | J30: 10.03 | K30: =ELECT.!B31 -> 90
A31: Cairo at Nile Plaza | B31: =B30+1 -> 30 | C31: 3 | D31: 2021 | E31: =(((Submetering!O31+Submetering!P31)*0.842284+Submetering!Q31+(Submetering!M31+Submetering!N31+Submetering!Y31)*0.7362)+(Submetering!O31+Submetering!P31+Submetering!Q31)*0.1488+(Submetering!M31+Submetering!N31+Submetering!Y31)*0.1167+(Submetering!K31+Submetering!L31-Submetering!Z31-Submetering!AA31-Submetering!AB31-Submetering!AC31-Submetering!Q31)+(Submetering!M31+Submetering!N31+Submetering!Y31)*0.1139) -> 47066.004 | F31: 1.27 | G31: =Gas!C32*0.9147 -> 2709.3414 | H31: 3.65 | I31: =Water!C32 -> 660 | J31: 10.03 | K31: =ELECT.!B32 -> 112
A32: Cairo at Nile Plaza | B32: =B31+1 -> 31 | C32: 3 | D32: 2021 | E32: =(((Submetering!O32+Submetering!P32)*0.842284+Submetering!Q32+(Submetering!M32+Submetering!N32+Submetering!Y32)*0.7362)+(Submetering!O32+Submetering!P32+Submetering!Q32)*0.1488+(Submetering!M32+Submetering!N32+Submetering!Y32)*0.1167+(Submetering!K32+Submetering!L32-Submetering!Z32-Submetering!AA32-Submetering!AB32-Submetering!AC32-Submetering!Q32)+(Submetering!M32+Submetering!N32+Submetering!Y32)*0.1139) -> 41489.547 | F32: 1.27 | G32: =Gas!C33*0.9147 -> 1723.2948 | H32: 3.65 | I32: =Water!C33 -> 740 | J32: 10.03 | K32: =ELECT.!B33 -> 160

Sheet Submetering
A1: Site Name | B1: Day | C1: Month | D1: Year | E1: Main (m3) | F1: Podium (m3) | G1: Hotel (m3) | H1: Large (m3) | I1: Feeder 1 (KWh) | J1: Feeder 2 (KWh) | K1: T1 (KWh) | L1: T2 (KWh) | M1: T3 (KWh) | N1: T4 (KWh) | O1: T5 (KWh) | P1: T7 (KWh) | Q1: New Chiller (KWh) | R1: Hotel (BTU) | S1: B.S (BTU) | T1: LS (BTU) | U1: Mall (BTU) | V1: AHU#25 (BTU) | W1: AHU#9 (BTU) | X1: Room Nights | Y1: Loss (KWH) | Z1: Mall (KWH) | AA1: Citadel (KWH) | AB1: Rotana (KWH) | AC1: CIB (KWH) | AD1: Plaza suits water consumption (M3) | AE1: Hotel water consumption (M3)
A2: Cairo at Nile Plaza | B2: 1 | C2: 3 | D2: 2021 | E2: =Water!C3 -> 680 | F2: =Water!E3 -> 413.1 | G2: =Water!G3 -> 159.3 | H2: =Water!I3 -> 5.994 | I2: =ELECT.!F3 -> 8627 | J2: =ELECT.!H3 -> 65314 | K2: =ELECT.!K3 -> 6009 | L2: =ELECT.!M3 -> 5968 | M2: =ELECT.!O3 -> 2502 | N2: =ELECT.!Q3 -> 7811 | O2: =ELECT.!S3 -> 8799 | P2: =ELECT.!W3 -> 10858 | Q2: =ELECT.!D3 -> 320 | R2: =BTU!C3 -> 4.006 | S2: =BTU!F3 -> 1 | T2: =BTU!I3 -> 4 | U2: =BTU!O3 -> 0.901 | V2: =BTU!L3 -> 0.75 | W2: =BTU!R3 -> 0.91 | X2: =ELECT.!B3 -> 96 | Y2: =(I2+J2)-(K2+L2+M2+N2+O2+P2) -> 31994 | Z2: ='Mall, Citadel, Rotana'!C3+'Mall, Citadel, Rotana'!E3+'Mall, Citadel, Rotana'!G3+'Mall, Citadel, Rotana'!I3 -> 1689 | AA2: ='Mall, Citadel, Rotana'!K3+'Mall, Citadel, Rotana'!M3 -> 640 | AB2: ='Mall, Citadel, Rotana'!O3 -> 73 | AC2: ='Mall, Citadel, Rotana'!Q3+'Mall, Citadel, Rotana'!S3 -> 134 | AD2: =(E2-H2-194)*0.1318 -> 63.264791 | AE2: =E2-H2-AD2-194 -> 416.74121
A3: Cairo at Nile Plaza | B3: =B2+1 -> 2 | C3: 3 | D3: 2021 | E3: =Water!C4 -> 0 | F3: =Water!E4 -> 0 | G3: =Water!G4 -> 0 | H3: =Water!I4 -> 0 | I3: =ELECT.!F4 -> 0 | J3: =ELECT.!H4 -> 0 | K3: =ELECT.!K4 -> 0 | L3: =ELECT.!M4 -> 0 | M3: =ELECT.!O4 -> 0 | N3: =ELECT.!Q4 -> 0 | O3: =ELECT.!S4 -> 0 | P3: =ELECT.!W4*2 -> 0 | Q3: =ELECT.!D4 -> 0 | R3: =BTU!C4 -> 0 | S3: =BTU!F4 -> 0 | T3: =BTU!I4 -> 0 | U3: =BTU!O4 -> 0 | V3: =BTU!L4 -> 0 | W3: =BTU!R4 -> 0 | X3: =ELECT.!B4 -> 108 | Y3: =(I3+J3)-(K3+L3+M3+N3+O3+P3) -> 0 | Z3: ='Mall, Citadel, Rotana'!C4+'Mall, Citadel, Rotana'!E4+'Mall, Citadel, Rotana'!G4+'Mall, Citadel, Rotana'!I4 -> 0 | AA3: ='Mall, Citadel, Rotana'!K4+'Mall, Citadel, Rotana'!M4 -> 0 | AB3: ='Mall, Citadel, Rotana'!O4 -> 0 | AC3: ='Mall, Citadel, Rotana'!Q4+'Mall, Citadel, Rotana'!S4 -> 0 | AD3: =(E3-H3-194)*0.1318 -> -25.5692 | AE3: =E3-H3-AD3-194 -> -168.4308
A4: Cairo at Nile Plaza | B4: =B3+1 -> 3 | C4: 3 | D4: 2021 | E4: =Water!C5 -> 0 | F4: =Water!E5 -> 0 | G4: =Water!G5 -> 0 | H4: =Water!I5 -> 0 | I4: =ELECT.!F5 -> 0 | J4: =ELECT.!H5 -> 0 | K4: =ELECT.!K5 -> 0 | L4: =ELECT.!M5 -> 0 | M4: =ELECT.!O5 -> 0 | N4: =ELECT.!Q5 -> 0 | O4: =ELECT.!S5 -> 0 | P4: =ELECT.!W5*2 -> 0 | Q4: =ELECT.!D5 -> 0 | R4: =BTU!C5 -> 0 | S4: =BTU!F5 -> 0 | T4: =BTU!I5 -> 0 | U4: =BTU!O5 -> 0 | V4: =BTU!L5 -> 0 | W4: =BTU!R5 -> 0 | X4: =ELECT.!B5 -> 98 | Y4: =(I4+J4)-(K4+L4+M4+N4+O4+P4) -> 0 | Z4: ='Mall, Citadel, Rotana'!C5+'Mall, Citadel, Rotana'!E5+'Mall, Citadel, Rotana'!G5+'Mall, Citadel, Rotana'!I5 -> 0 | AA4: ='Mall, Citadel, Rotana'!K5+'Mall, Citadel, Rotana'!M5 -> 0 | AB4: ='Mall, Citadel, Rotana'!O5 -> 0 | AC4: ='Mall, Citadel, Rotana'!Q5+'Mall, Citadel, Rotana'!S5 -> 0 | AD4: =(E4-H4-194)*0.1318 -> -25.5692 | AE4: =E4-H4-AD4-194 -> -168.4308
A5: Cairo at Nile Plaza | B5: =B4+1 -> 4 | C5: 3 | D5: 2021 | E5: =Water!C6 -> 1630 | F5: =Water!E6 -> 731.7 | G5: =Water!G6 -> 502.2 | H5: =Water!I6 -> 13.554 | I5: =ELECT.!F6 -> 25400 | J5: =ELECT.!H6 -> 132340 | K5: =ELECT.!K6 -> 17501 | L5: =ELECT.!M6 -> 18494 | M5: =ELECT.!O6 -> 6416 | N5: =ELECT.!Q6 -> 21474 | O5: =ELECT.!S6 -> 26933 | P5: =ELECT.!W6*2 -> 63864 | Q5: =ELECT.!D6 -> 1280 | R5: =BTU!C6 -> 11.097 | S5: =BTU!F6 -> 2.994 | T5: =BTU!I6 -> 12 | U5: =BTU!O6 -> 28.537 | V5: =BTU!L6 -> 1.34 | W5: =BTU!R6 -> 1.58 | X5: =ELECT.!B6 -> 108 | Y5: =(I5+J5)-(K5+L5+M5+N5+O5+P5) -> 3058 | Z5: ='Mall, Citadel, Rotana'!C6+'Mall, Citadel, Rotana'!E6+'Mall, Citadel, Rotana'!G6+'Mall, Citadel, Rotana'!I6 -> 3237 | AA5: ='Mall, Citadel, Rotana'!K6+'Mall, Citadel, Rotana'!M6 -> 1440 | AB5: ='Mall, Citadel, Rotana'!O6 -> 276 | AC5: ='Mall, Citadel, Rotana'!Q6+'Mall, Citadel, Rotana'!S6 -> 96 | AD5: =(E5-H5-194)*0.1318 -> 187.47838 | AE5: =E5-H5-AD5-194 -> 1234.9676
A6: Cairo at Nile Plaza | B6: =B5+1 -> 5 | C6: 3 | D6: 2021 | E6: =Water!C7 -> 550 | F6: =Water!E7 -> 426.6 | G6: =Water!G7 -> 180.9 | H6: =Water!I7 -> 3.753 | I6: =ELECT.!F7 -> 6938 | J6: =ELECT.!H7 -> 42033 | K6: =ELECT.!K7 -> 5230 | L6: =ELECT.!M7 -> 4953 | M6: =ELECT.!O7 -> 1838 | N6: =ELECT.!Q7 -> 7097 | O6: =ELECT.!S7 -> 8314 | P6: =ELECT.!W7*2 -> 20588 | Q6: =ELECT.!D7 -> 320 | R6: =BTU!C7 -> 3.645 | S6: =BTU!F7 -> 0.543 | T6: =BTU!I7 -> 4 | U6: =BTU!O7 -> 0.985 | V6: =BTU!L7 -> 0.06 | W6: =BTU!R7 -> 0.07 | X6: =ELECT.!B7 -> 119 | Y6: =(I6+J6)-(K6+L6+M6+N6+O6+P6) -> 951 | Z6: ='Mall, Citadel, Rotana'!C7+'Mall, Citadel, Rotana'!E7+'Mall, Citadel, Rotana'!G7+'Mall, Citadel, Rotana'!I7 -> 846 | AA6: ='Mall, Citadel, Rotana'!K7+'Mall, Citadel, Rotana'!M7 -> 320 | AB6: ='Mall, Citadel, Rotana'!O7 -> 12 | AC6: ='Mall, Citadel, Rotana'!Q7+'Mall, Citadel, Rotana'!S7 -> 102 | AD6: =(E6-H6-194)*0.1318 -> 46.426155 | AE6: =E6-H6-AD6-194 -> 305.82085
A7: Cairo at Nile Plaza | B7: =B6+1 -> 6 | C7: 3 | D7: 2021 | E7: =Water!C8 -> 540 | F7: =Water!E8 -> 275.4 | G7: =Water!G8 -> 170.1 | H7: =Water!I8 -> 4.833 | I7: =ELECT.!F8 -> 5398 | J7: =ELECT.!H8 -> 32455 | K7: =ELECT.!K8 -> 4355 | L7: =ELECT.!M8 -> 3725 | M7: =ELECT.!O8 -> 1562 | N7: =ELECT.!Q8 -> 5716 | O7: =ELECT.!S8 -> 6294 | P7: =ELECT.!W8*2 -> 15532 | Q7: =ELECT.!D8 -> 480 | R7: =BTU!C8 -> 3.843 | S7: =BTU!F8 -> 0.679 | T7: =BTU!I8 -> 4 | U7: =BTU!O8 -> 1.117 | V7: =BTU!L8 -> 0 | W7: =BTU!R8 -> 0.1 | X7: =ELECT.!B8 -> 106 | Y7: =(I7+J7)-(K7+L7+M7+N7+O7+P7) -> 669 | Z7: ='Mall, Citadel, Rotana'!C8+'Mall, Citadel, Rotana'!E8+'Mall, Citadel, Rotana'!G8+'Mall, Citadel, Rotana'!I8 -> 2653 | AA7: ='Mall, Citadel, Rotana'!K8+'Mall, Citadel, Rotana'!M8 -> 1120 | AB7: ='Mall, Citadel, Rotana'!O8 -> 305 | AC7: ='Mall, Citadel, Rotana'!Q8+'Mall, Citadel, Rotana'!S8 -> 143 | AD7: =(E7-H7-194)*0.1318 -> 44.965811 | AE7: =E7-H7-AD7-194 -> 296.20119
A8: Cairo at Nile Plaza | B8: =B7+1 -> 7 | C8: 3 | D8: 2021 | E8: =Water!C9 -> 480 | F8: =Water!E9 -> 270 | G8: =Water!G9 -> 197.1 | H8: =Water!I9 -> 4.968 | I8: =ELECT.!F9 -> 10737 | J8: =ELECT.!H9 -> 60010 | K8: =ELECT.!K9 -> 7737 | L8: =ELECT.!M9 -> 7470 | M8: =ELECT.!O9 -> 3044 | N8: =ELECT.!Q9 -> 10599 | O8: =ELECT.!S9 -> 11803 | P8: =ELECT.!W9*2 -> 28776 | Q8: =ELECT.!D9 -> 320 | R8: =BTU!C9 -> 3.954 | S8: =BTU!F9 -> 1.154 | T8: =BTU!I9 -> 5 | U8: =BTU!O9 -> 1.158 | V8: =BTU!L9 -> 0.83 | W8: =BTU!R9 -> 0.33 | X8: =ELECT.!B9 -> 93 | Y8: =(I8+J8)-(K8+L8+M8+N8+O8+P8) -> 1318 | Z8: ='Mall, Citadel, Rotana'!C9+'Mall, Citadel, Rotana'!E9+'Mall, Citadel, Rotana'!G9+'Mall, Citadel, Rotana'!I9 -> 893 | AA8: ='Mall, Citadel, Rotana'!K9+'Mall, Citadel, Rotana'!M9 -> 640 | AB8: ='Mall, Citadel, Rotana'!O9 -> 17 | AC8: ='Mall, Citadel, Rotana'!Q9+'Mall, Citadel, Rotana'!S9 -> 65 | AD8: =(E8-H8-194)*0.1318 -> 37.040018 | AE8: =E8-H8-AD8-194 -> 243.99198
A9: Cairo at Nile Plaza | B9: =B8+1 -> 8 | C9: 3 | D9: 2021 | E9: =Water!C10 -> 570 | F9: =Water!E10 -> 245.7 | G9: =Water!G10 -> 194.4 | H9: =Water!I10 -> 4.563 | I9: =ELECT.!F10 -> 6139 | J9: =ELECT.!H10 -> 32747 | K9: =ELECT.!K10 -> 4110 | L9: =ELECT.!M10 -> 4467 | M9: =ELECT.!O10 -> 1570 | N9: =ELECT.!Q10 -> 5995 | O9: =ELECT.!S10 -> 6513 | P9: =ELECT.!W10*2 -> 16382 | Q9: =ELECT.!D10 -> 320 | R9: =BTU!C10 -> 3.945 | S9: =BTU!F10 -> 1.245 | T9: =BTU!I10 -> 4 | U9: =BTU!O10 -> 1.15 | V9: =BTU!L10 -> 1.07 | W9: =BTU!R10 -> 0.94 | X9: =ELECT.!B10 -> 114 | Y9: =(I9+J9)-(K9+L9+M9+N9+O9+P9) -> -151 | Z9: ='Mall, Citadel, Rotana'!C10+'Mall, Citadel, Rotana'!E10+'Mall, Citadel, Rotana'!G10+'Mall, Citadel, Rotana'!I10 -> 1802 | AA9: ='Mall, Citadel, Rotana'!K10+'Mall, Citadel, Rotana'!M10 -> 800 | AB9: ='Mall, Citadel, Rotana'!O10 -> 217 | AC9: ='Mall, Citadel, Rotana'!Q10+'Mall, Citadel, Rotana'!S10 -> 110 | AD9: =(E9-H9-194)*0.1318 -> 48.955397 | AE9: =E9-H9-AD9-194 -> 322.4816
A10: Cairo at Nile Plaza | B10: =B9+1 -> 9 | C10: 3 | D10: 2021 | E10: =Water!C11 -> 1050 | F10: =Water!E11 -> 275.4 | G10: =Water!G11 -> 234.9 | H10: =Water!I11 -> 3.699 | I10: =ELECT.!F11 -> 10231 | J10: =ELECT.!H11 -> 55876 | K10: =ELECT.!K11 -> 7791 | L10: =ELECT.!M11 -> 6747 | M10: =ELECT.!O11 -> 3304 | N10: =ELECT.!Q11 -> 10425 | O10: =ELECT.!S11 -> 10778 | P10: =ELECT.!W11*2 -> 25372 | Q10: =ELECT.!D11 -> 320 | R10: =BTU!C11 -> 3.927 | S10: =BTU!F11 -> 1.375 | T10: =BTU!I11 -> 5 | U10: =BTU!O11 -> 1.293 | V10: =BTU!L11 -> 0.14 | W10: =BTU!R11 -> 0.55 | X10: =ELECT.!B11 -> 118 | Y10: =(I10+J10)-(K10+L10+M10+N10+O10+P10) -> 1690 | Z10: ='Mall, Citadel, Rotana'!C11+'Mall, Citadel, Rotana'!E11+'Mall, Citadel, Rotana'!G11+'Mall, Citadel, Rotana'!I11 -> 1545 | AA10: ='Mall, Citadel, Rotana'!K11+'Mall, Citadel, Rotana'!M11 -> 640 | AB10: ='Mall, Citadel, Rotana'!O11 -> 119 | AC10: ='Mall, Citadel, Rotana'!Q11+'Mall, Citadel, Rotana'!S11 -> 129 | AD10: =(E10-H10-194)*0.1318 -> 112.33327 | AE10: =E10-H10-AD10-194 -> 739.96773
A11: Cairo at Nile Plaza | B11: =B10+1 -> 10 | C11: 3 | D11: 2021 | E11: =Water!C12 -> 50 | F11: =Water!E12 -> 318.6 | G11: =Water!G12 -> 340.2 | H11: =Water!I12 -> 4.158 | I11: =ELECT.!F12 -> 8878 | J11: =ELECT.!H12 -> 46476 | K11: =ELECT.!K12 -> 5637 | L11: =ELECT.!M12 -> 6376 | M11: =ELECT.!O12 -> 2340 | N11: =ELECT.!Q12 -> 9581 | O11: =ELECT.!S12 -> 8946 | P11: =ELECT.!W12*2 -> 21196 | Q11: =ELECT.!D12 -> 480 | R11: =BTU!C12 -> 4.89 | S11: =BTU!F12 -> 1.566 | T11: =BTU!I12 -> 6 | U11: =BTU!O12 -> 1.508 | V11: =BTU!L12 -> 1.35 | W11: =BTU!R12 -> 0.76 | X11: =ELECT.!B12 -> 146 | Y11: =(I11+J11)-(K11+L11+M11+N11+O11+P11) -> 1278 | Z11: ='Mall, Citadel, Rotana'!C12+'Mall, Citadel, Rotana'!E12+'Mall, Citadel, Rotana'!G12+'Mall, Citadel, Rotana'!I12 -> 1495 | AA11: ='Mall, Citadel, Rotana'!K12+'Mall, Citadel, Rotana'!M12 -> 480 | AB11: ='Mall, Citadel, Rotana'!O12 -> 118 | AC11: ='Mall, Citadel, Rotana'!Q12+'Mall, Citadel, Rotana'!S12 -> 50 | AD11: =(E11-H11-194)*0.1318 -> -19.527224 | AE11: =E11-H11-AD11-194 -> -128.63078
A12: Cairo at Nile Plaza | B12: =B11+1 -> 11 | C12: 3 | D12: 2021 | E12: =Water!C13 -> 830 | F12: =Water!E13 -> 291.6 | G12: =Water!G13 -> 275.4 | H12: =Water!I13 -> 4.212 | I12: =ELECT.!F13 -> 9078 | J12: =ELECT.!H13 -> 44509 | K12: =ELECT.!K13 -> 3907 | L12: =ELECT.!M13 -> 6661 | M12: =ELECT.!O13 -> 2240 | N12: =ELECT.!Q13 -> 9256 | O12: =ELECT.!S13 -> 8991 | P12: =ELECT.!W13*2 -> 20664 | Q12: =ELECT.!D13 -> 320 | R12: =BTU!C13 -> 4.427 | S12: =BTU!F13 -> 1.614 | T12: =BTU!I13 -> 5 | U12: =BTU!O13 -> 1.445 | V12: =BTU!L13 -> 1.25 | W12: =BTU!R13 -> 0.66 | X12: =ELECT.!B13 -> 116 | Y12: =(I12+J12)-(K12+L12+M12+N12+O12+P12) -> 1868 | Z12: ='Mall, Citadel, Rotana'!C13+'Mall, Citadel, Rotana'!E13+'Mall, Citadel, Rotana'!G13+'Mall, Citadel, Rotana'!I13 -> 1334 | AA12: ='Mall, Citadel, Rotana'!K13+'Mall, Citadel, Rotana'!M13 -> 480 | AB12: ='Mall, Citadel, Rotana'!O13 -> 16 | AC12: ='Mall, Citadel, Rotana'!Q13+'Mall, Citadel, Rotana'!S13 -> 99 | AD12: =(E12-H12-194)*0.1318 -> 83.269658 | AE12: =E12-H12-AD12-194 -> 548.51834
A13: Cairo at Nile Plaza | B13: =B12+1 -> 12 | C13: 3 | D13: 2021 | E13: =Water!C14 -> 180 | F13: =Water!E14 -> 310.5 | G13: =Water!G14 -> 234.9 | H13: =Water!I14 -> 3.753 | I13: =ELECT.!F14 -> 8539 | J13: =ELECT.!H14 -> 44609 | K13: =ELECT.!K14 -> 5121 | L13: =ELECT.!M14 -> 5982 | M13: =ELECT.!O14 -> 2390 | N13: =ELECT.!Q14 -> 8379 | O13: =ELECT.!S14 -> 9591 | P13: =ELECT.!W14*2 -> 21530 | Q13: =ELECT.!D14 -> 1440 | R13: =BTU!C14 -> 4.318 | S13: =BTU!F14 -> 0.637 | T13: =BTU!I14 -> 5 | U13: =BTU!O14 -> 1.183 | V13: =BTU!L14 -> 1.26 | W13: =BTU!R14 -> 0.43 | X13: =ELECT.!B14 -> 110 | Y13: =(I13+J13)-(K13+L13+M13+N13+O13+P13) -> 155 | Z13: ='Mall, Citadel, Rotana'!C14+'Mall, Citadel, Rotana'!E14+'Mall, Citadel, Rotana'!G14+'Mall, Citadel, Rotana'!I14 -> 1100 | AA13: ='Mall, Citadel, Rotana'!K14+'Mall, Citadel, Rotana'!M14 -> 640 | AB13: ='Mall, Citadel, Rotana'!O14 -> 175 | AC13: ='Mall, Citadel, Rotana'!Q14+'Mall, Citadel, Rotana'!S14 -> 52 | AD13: =(E13-H13-194)*0.1318 -> -2.3398454 | AE13: =E13-H13-AD13-194 -> -15.413155
A14: Cairo at Nile Plaza | B14: =B13+1 -> 13 | C14: 3 | D14: 2021 | E14: =Water!C15 -> 400 | F14: =Water!E15 -> 310.5 | G14: =Water!G15 -> 224.1 | H14: =Water!I15 -> 3.564 | I14: =ELECT.!F15 -> 7137 | J14: =ELECT.!H15 -> 39568 | K14: =ELECT.!K15 -> 3996 | L14: =ELECT.!M15 -> 4868 | M14: =ELECT.!O15 -> 2138 | N14: =ELECT.!Q15 -> 7232 | O14: =ELECT.!S15 -> 8249 | P14: =ELECT.!W15*2 -> 19434 | Q14: =ELECT.!D15 -> 160 | R14: =BTU!C15 -> 4.001 | S14: =BTU!F15 -> 0.628 | T14: =BTU!I15 -> 5 | U14: =BTU!O15 -> 1.312 | V14: =BTU!L15 -> 0.2 | W14: =BTU!R15 -> 0.14 | X14: =ELECT.!B15 -> 103 | Y14: =(I14+J14)-(K14+L14+M14+N14+O14+P14) -> 788 | Z14: ='Mall, Citadel, Rotana'!C15+'Mall, Citadel, Rotana'!E15+'Mall, Citadel, Rotana'!G15+'Mall, Citadel, Rotana'!I15 -> 1200 | AA14: ='Mall, Citadel, Rotana'!K15+'Mall, Citadel, Rotana'!M15 -> 480 | AB14: ='Mall, Citadel, Rotana'!O15 -> 82 | AC14: ='Mall, Citadel, Rotana'!Q15+'Mall, Citadel, Rotana'!S15 -> 50 | AD14: =(E14-H14-194)*0.1318 -> 26.681065 | AE14: =E14-H14-AD14-194 -> 175.75494
... A29: Cairo at Nile Plaza | B29: =B28+1 -> 28 | C29: 3 | D29: 2021 | E29: =Water!C30 -> 600 | F29: =Water!E30 -> 329.4 | G29: =Water!G30 -> 218.7 | H29: =Water!I30 -> 3.159 | I29: =ELECT.!F30 -> 7885 | J29: =ELECT.!H30 -> 36907 | K29: =ELECT.!K30 -> 3907 | L29: =ELECT.!M30 -> 5464 | M29: =ELECT.!O30 -> 2286 | N29: =ELECT.!Q30 -> 4620 | O29: =ELECT.!S30 -> 7744 | P29: =ELECT.!W30*2 -> 17732 | Q29: =ELECT.!D30 -> 320 | R29: =BTU!C30 -> 4.458 | S29: =BTU!F30 -> 1.049 | T29: =BTU!I30 -> 5 | U29: =BTU!O30 -> 1.353 | V29: =BTU!L30 -> 0 | W29: =BTU!R30 -> 0.51 | X29: =ELECT.!B30 -> 92 | Y29: =(I29+J29)-(K29+L29+M29+N29+O29+P29) -> 3039 | Z29: ='Mall, Citadel, Rotana'!C30+'Mall, Citadel, Rotana'!E30+'Mall, Citadel, Rotana'!G30+'Mall, Citadel, Rotana'!I30 -> 1257 | AA29: ='Mall, Citadel, Rotana'!K30+'Mall, Citadel, Rotana'!M30 -> 640 | AB29: ='Mall, Citadel, Rotana'!O30 -> 117 | AC29: ='Mall, Citadel, Rotana'!Q30+'Mall, Citadel, Rotana'!S30 -> 95 | AD29: =(E29-H29-194)*0.1318 -> 53.094444 | AE29: =E29-H29-AD29-194 -> 349.74656
A30: Cairo at Nile Plaza | B30: =B29+1 -> 29 | C30: 3 | D30: 2021 | E30: =Water!C31 -> 720 | F30: =Water!E31 -> 356.4 | G30: =Water!E31 -> 356.4 | H30: =Water!I31 -> 3.456 | I30: =Water!G31 -> 278.1 | J30: =ELECT.!H31 -> 36820 | K30: =Water!I31 -> 3.456 | L30: =Water!J31 -> 1357.956 | M30: =Water!K31 -> 7957.6222 | N30: =Water!L31 -> 0 | O30: =Water!M31 -> 0 | P30: =Water!N31 -> 0 | Q30: =Water!O31 -> 0 | R30: =BTU!C31 -> 4.332 | S30: =BTU!F31 -> 1.188 | T30: =BTU!I31 -> 6 | U30: =BTU!O31 -> 1.391 | V30: =BTU!L31 -> 0 | W30: =BTU!R31 -> 0 | X30: =ELECT.!B31 -> 90 | Y30: =(I30+J30)-(K30+L30+M30+N30+O30+P30) -> 27779.066 | Z30: ='Mall, Citadel, Rotana'!C31+'Mall, Citadel, Rotana'!E31+'Mall, Citadel, Rotana'!G31+'Mall, Citadel, Rotana'!I31 -> 1382 | AA30: ='Mall, Citadel, Rotana'!K31+'Mall, Citadel, Rotana'!M31 -> 480 | AB30: ='Mall, Citadel, Rotana'!O31 -> 123 | AC30: ='Mall, Citadel, Rotana'!Q31+'Mall, Citadel, Rotana'!S31 -> 209 | AD30: =(E30-H30-194)*0.1318 -> 68.871299 | AE30: =E30-H30-AD30-194 -> 453.6727
A31: Cairo at Nile Plaza | B31: =B30+1 -> 30 | C31: 3 | D31: 2021 | E31: =Water!C32 -> 660 | F31: =Water!E32 -> 334.8 | G31: =Water!E32 -> 334.8 | H31: =Water!I32 -> 4.644 | I31: =Water!G32 -> 270 | J31: =ELECT.!H32 -> 50010 | K31: =Water!I32 -> 4.644 | L31: =Water!J32 -> 1269.444 | M31: =Water!K32 -> 7438.9418 | N31: =Water!L32 -> 0 | O31: =Water!M32 -> 0 | P31: =Water!N32 -> 0 | Q31: =Water!O32 -> 0 | R31: =BTU!C32 -> 3.29 | S31: =BTU!F32 -> 1.116 | T31: =BTU!I32 -> 4 | U31: =BTU!O32 -> 1.101 | V31: =BTU!L32 -> 0.74 | W31: =BTU!R32 -> 0.88 | X31: =ELECT.!B32 -> 112 | Y31: =(I31+J31)-(K31+L31+M31+N31+O31+P31) -> 41566.97 | Z31: ='Mall, Citadel, Rotana'!C32+'Mall, Citadel, Rotana'!E32+'Mall, Citadel, Rotana'!G32+'Mall, Citadel, Rotana'!I32 -> 871 | AA31: ='Mall, Citadel, Rotana'!K32+'Mall, Citadel, Rotana'!M32 -> 640 | AB31: ='Mall, Citadel, Rotana'!O32 -> 76 | AC31: ='Mall, Citadel, Rotana'!Q32+'Mall, Citadel, Rotana'!S32 -> 0 | AD31: =(E31-H31-194)*0.1318 -> 60.806721 | AE31: =E31-H31-AD31-194 -> 400.54928
A32: Cairo at Nile Plaza | B32: =B31+1 -> 31 | C32: 3 | D32: 2021 | E32: =Water!C33 -> 740 | F32: =Water!E33 -> 359.1 | G32: =Water!E33 -> 359.1 | H32: =Water!I33 -> 3.348 | I32: =Water!G33 -> 191.7 | J32: =ELECT.!H33 -> 45508 | K32: =Water!I33 -> 3.348 | L32: =Water!J33 -> 1294.148 | M32: =Water!K33 -> 7583.7073 | N32: =Water!L33 -> 0 | O32: =Water!M33 -> 0 | P32: =Water!N33 -> 0 | Q32: =Water!O33 -> 0 | R32: =BTU!C33 -> 4.125 | S32: =BTU!F33 -> 1.291 | T32: =BTU!I33 -> 5 | U32: =BTU!O33 -> 1.172 | V32: =BTU!L33 -> 0.81 | W32: =BTU!R33 -> 0.115 | X32: =ELECT.!B33 -> 160 | Y32: =(I32+J32)-(K32+L32+M32+N32+O32+P32) -> 36818.497 | Z32: ='Mall, Citadel, Rotana'!C33+'Mall, Citadel, Rotana'!E33+'Mall, Citadel, Rotana'!G33+'Mall, Citadel, Rotana'!I33 -> 1712 | AA32: ='Mall, Citadel, Rotana'!K33+'Mall, Citadel, Rotana'!M33 -> 800 | AB32: ='Mall, Citadel, Rotana'!O33 -> 163 | AC32: ='Mall, Citadel, Rotana'!Q33+'Mall, Citadel, Rotana'!S33 -> 61 | AD32: =(E32-H32-194)*0.1318 -> 71.521534 | AE32: =E32-H32-AD32-194 -> 471.13047

Sheet Mall, Citadel, Rotana
A1: Day | B1: R1 | C1: Cons | D1: R2 | E1: Cons | F1: R3 | G1: Cons | H1: R4 | I1: Cons | J1: RO1 | K1: Cons | L1: RO2 | M1: Cons | N1: ROE | O1: Cons | P1: CIB. 1 | Q1: Cons | R1: CIB. E | S1: Cons | T1: Co | U1: Cons
A2: Last | B2: 44890 | D2: 39308 | F2: 20120 | H2: 239183 | J2: 303517 | L2: 24670 | N2: 209638 | P2: 94770 | R2: 55047 | T2: 3539
A3: 44256 | B3: 44897 | C3: =(B3-B2)*800/5 -> 1120 | D3: 39311 | E3: =(D3-D2)*800/5 -> 480 | F3: 20124 | G3: =(F3-F2)*100/5 -> 80 | H3: 239192 | I3: =(H3-H2) -> 9 | J3: =J2 -> 303517 | K3: =(J3-J2)*800/5 -> 0 | L3: 24674 | M3: =(L3-L2)*800/5 -> 640 | N3: 209711 | O3: =N3-N2 -> 73 | P3: 94904 | Q3: =P3-P2 -> 134 | R3: 55047 | S3: 0 | T3: 3541 | U3: =(T3-T2)*800/5 -> 320
A4: 44257 | B4: =B3 -> 44897 | C4: =(B4-B3)*800/5 -> 0 | D4: =D3 -> 39311 | E4: =(D4-D3)*800/5 -> 0 | F4: =F3 -> 20124 | G4: =(F4-F3)*100/5 -> 0 | H4: =H3 -> 239192 | I4: =(H4-H3) -> 0 | J4: =J3 -> 303517 | K4: =(J4-J3)*800/5 -> 0 | L4: =L3 -> 24674 | M4: =(L4-L3)*800/5 -> 0 | N4: =N3 -> 209711 | O4: =N4-N3 -> 0 | P4: =P3 -> 94904 | Q4: =P4-P3 -> 0 | R4: =R3 -> 55047 | S4: =R4-R3 -> 0 | T4: =T3 -> 3541 | U4: =(T4-T3)*800/5 -> 0
A5: 44258 | B5: =B4 -> 44897 | C5: =(B5-B4)*800/5 -> 0 | D5: =D4 -> 39311 | E5: =(D5-D4)*800/5 -> 0 | F5: =F4 -> 20124 | G5: =(F5-F4)*100/5 -> 0 | H5: =H4 -> 239192 | I5: =(H5-H4) -> 0 | J5: =J4 -> 303517 | K5: =(J5-J4)*800/5 -> 0 | L5: =L4 -> 24674 | M5: =(L5-L4)*800/5 -> 0 | N5: =N4 -> 209711 | O5: =N5-N4 -> 0 | P5: =P4 -> 94904 | Q5: =P5-P4 -> 0 | R5: =R4 -> 55047 | S5: =R5-R4 -> 0 | T5: =T4 -> 3541 | U5: =(T5-T4)*800/5 -> 0
A6: 44259 | B6: 44906 | C6: =(B6-B5)*800/5 -> 1440 | D6: 39321 | E6: =(D6-D5)*800/5 -> 1600 | F6: 20131 | G6: =(F6-F5)*100/5 -> 140 | H6: 239249 | I6: =(H6-H5) -> 57 | J6: =J5 -> 303517 | K6: =(J6-J5)*800/5 -> 0 | L6: 24683 | M6: =(L6-L5)*800/5 -> 1440 | N6: 209987 | O6: =N6-N5 -> 276 | P6: 95000 | Q6: =P6-P5 -> 96 | R6: =R5 -> 55047 | S6: =R30-R5 -> 0 | T6: 3546 | U6: =(T6-T5)*800/5 -> 800
A7: 44260 | B7: 44908 | C7: =(B7-B6)*800/5 -> 320 | D7: 39324 | E7: =(D7-D6)*800/5 -> 480 | F7: 20133 | G7: =(F7-F6)*100/5 -> 40 | H7: 239255 | I7: =(H7-H6) -> 6 | J7: =J6 -> 303517 | K7: =(J7-J6)*800/5 -> 0 | L7: 24685 | M7: =(L7-L6)*800/5 -> 320 | N7: 209999 | O7: =N7-N6 -> 12 | P7: 95102 | Q7: =P7-P6 -> 102 | R7: =R6 -> 55047 | S7: =R7-R30 -> 0 | T7: 3547 | U7: =(T7-T6)*800/5 -> 160
A8: 44261 | B8: 44921 | C8: =(B8-B7)*800/5 -> 2080 | D8: 39326 | E8: =(D8-D7)*800/5 -> 320 | F8: 20143 | G8: =(F8-F7)*100/5 -> 200 | H8: 239308 | I8: =(H8-H7) -> 53 | J8: =J7 -> 303517 | K8: =(J8-J7)*800/5 -> 0 | L8: 24692 | M8: =(L8-L7)*800/5 -> 1120 | N8: 210304 | O8: =N8-N7 -> 305 | P8: 95245 | Q8: =P8-P7 -> 143 | R8: =R7 -> 55047 | S8: =R8-R7 -> 0 | T8: 3548 | U8: =(T8-T7)*800/5 -> 160
A9: 44262 | B9: 44923 | C9: =(B9-B8)*800/5 -> 320 | D9: 39329 | E9: =(D9-D8)*800/5 -> 480 | F9: 20147 | G9: =(F9-F8)*100/5 -> 80 | H9: 239321 | I9: =(H9-H8) -> 13 | J9: =J8 -> 303517 | K9: =(J9-J8)*800/5 -> 0 | L9: 24696 | M9: =(L9-L8)*800/5 -> 640 | N9: 210321 | O9: =N9-N8 -> 17 | P9: 95310 | Q9: =P9-P8 -> 65 | R9: =R8 -> 55047 | S9: =R9-R8 -> 0 | T9: 3549 | U9: =(T9-T8)*800/5 -> 160
A10: 44263 | B10: 44931 | C10: =(B10-B9)*800/5 -> 1280 | D10: 39332 | E10: =(D10-D9)*800/5 -> 480 | F10: 20148 | G10: =(F10-F9)*100/5 -> 20 | H10: 239343 | I10: =(H10-H9) -> 22 | J10: =J9 -> 303517 | K10: =(J10-J9)*800/5 -> 0 | L10: 24701 | M10: =(L10-L9)*800/5 -> 800 | N10: 210538 | O10: =N10-N9 -> 217 | P10: 95420 | Q10: =P10-P9 -> 110 | R10: =R9 -> 55047 | S10: =R10-R9 -> 0 | T10: 3550 | U10: =(T10-T9)*800/5 -> 160
A11: 44264 | B11: 44937 | C11: =(B11-B10)*800/5 -> 960 | D11: 39335 | E11: =(D11-D10)*800/5 -> 480 | F11: 20152 | G11: =(F11-F10)*100/5 -> 80 | H11: 239368 | I11: =(H11-H10) -> 25 | J11: =J10 -> 303517 | K11: =(J11-J10)*800/5 -> 0 | L11: 24705 | M11: =(L11-L10)*800/5 -> 640 | N11: 210657 | O11: =N11-N10 -> 119 | P11: 95549 | Q11: =P11-P10 -> 129 | R11: =R10 -> 55047 | S11: =R11-R10 -> 0 | T11: 3552 | U11: =(T11-T10)*800/5 -> 320
A12: 44265 | B12: 44942 | C12: =(B12-B11)*800/5 -> 800 | D12: 39339 | E12: =(D12-D11)*800/5 -> 640 | F12: 20154 | G12: =(F12-F11)*100/5 -> 40 | H12: 239383 | I12: =(H12-H11) -> 15 | J12: =J11 -> 303517 | K12: =(J12-J11)*800/5 -> 0 | L12: 24708 | M12: =(L12-L11)*800/5 -> 480 | N12: 210775 | O12: =N12-N11 -> 118 | P12: 95599 | Q12: =P12-P11 -> 50 | R12: =R11 -> 55047 | S12: =R12-R11 -> 0 | T12: 3553 | U12: =(T12-T11)*800/5 -> 160
A13: 44266 | B13: 44947 | C13: =(B13-B12)*800/5 -> 800 | D13: 39342 | E13: =(D13-D12)*800/5 -> 480 | F13: 20156 | G13: =(F13-F12)*100/5 -> 40 | H13: 239397 | I13: =(H13-H12) -> 14 | J13: =J12 -> 303517 | K13: =(J13-J12)*800/5 -> 0 | L13: 24711 | M13: =(L13-L12)*800/5 -> 480 | N13: 210791 | O13: =N13-N12 -> 16 | P13: 95698 | Q13: =P13-P12 -> 99 | R13: =R12 -> 55047 | S13: =R13-R12 -> 0 | T13: 3554 | U13: =(T13-T12)*800/5 -> 160
A14: 44267 | B14: 44952 | C14: =(B14-B13)*800/5 -> 800 | D14: 39343 | E14: =(D14-D13)*800/5 -> 160 | F14: 20161 | G14: =(F14-F13)*100/5 -> 100 | H14: 239437 | I14: =(H14-H13) -> 40 | J14: =J13 -> 303517 | K14: =(J14-J13)*800/5 -> 0 | L14: 24715 | M14: =(L14-L13)*800/5 -> 640 | N14: 210966 | O14: =N14-N13 -> 175 | P14: 95750 | Q14: =P14-P13 -> 52 | R14: =R13 -> 55047 | S14: =R14-R13 -> 0 | T14: 3555 | U14: =(T14-T13)*800/5 -> 160
A15: 44268 | B15: 44956 | C15: =(B15-B14)*800/5 -> 640 | D15: 39346 | E15: =(D15-D14)*800/5 -> 480 | F15: 20164 | G15: =(F15-F14)*100/5 -> 60 | H15: 239457 | I15: =(H15-H14) -> 20 | J15: =J14 -> 303517 | K15: =(J15-J14)*800/5 -> 0 | L15: 24718 | M15: =(L15-L14)*800/5 -> 480 | N15: 211048 | O15: =N15-N14 -> 82 | P15: 95800 | Q15: =P15-P14 -> 50 | R15: =R14 -> 55047 | S15: =R15-R14 -> 0 | T15: 3557 | U15: =(T15-T14)*800/5 -> 320
A16: 44269 | B16: =B15 -> 44956 | C16: =(B16-B15)*800/5 -> 0 | D16: =D15 -> 39346 | E16: =(D16-D15)*800/5 -> 0 | F16: =F15 -> 20164 | G16: =(F16-F15)*100/5 -> 0 | H16: =H15 -> 239457 | I16: =(H16-H15) -> 0 | J16: =J15 -> 303517 | K16: =(J16-J15)*800/5 -> 0 | L16: =L15 -> 24718 | M16: =(L16-L15)*800/5 -> 0 | N16: =N15 -> 211048 | O16: =N16-N15 -> 0 | P16: 95898 | Q16: =P16-P15 -> 98 | R16: =R15 -> 55047 | S16: =R16-R15 -> 0 | T16: =T15 -> 3557 | U16: =(T16-T15)*800/5 -> 0
A17: 44270 | B17: =B16 -> 44956 | C17: =(B17-B16)*800/5 -> 0 | D17: =D16 -> 39346 | E17: =(D17-D16)*800/5 -> 0 | F17: =F16 -> 20164 | G17: =(F17-F16)*100/5 -> 0 | H17: =H16 -> 239457 | I17: =(H17-H16) -> 0 | J17: =J16 -> 303517 | K17: =(J17-J16)*800/5 -> 0 | L17: =L16 -> 24718 | M17: =(L17-L16)*800/5 -> 0 | N17: =N16 -> 211048 | O17: =N17-N16 -> 0 | P17: 95960 | Q17: =P17-P16 -> 62 | R17: =R16 -> 55047 | S17: =S16 -> 0 | T17: =T16 -> 3557 | U17: =(T17-T16)*800/5 -> 0
A18: 44271 | B18: 44971 | C18: =(B18-B17)*800/5 -> 2400 | D18: 39355 | E18: =(D18-D17)*800/5 -> 1440 | F18: 20174 | G18: =(F18-F17)*100/5 -> 200 | H18: 239545 | I18: =(H18-H17) -> 88 | J18: =J17 -> 303517 | K18: =(J18-J17)*800/5 -> 0 | L18: 24731 | M18: =(L18-L17)*800/5 -> 2080 | N18: 211419 | O18: =N18-N17 -> 371 | P18: 96099 | Q18: =P18-P17 -> 139 | R18: 55047 | S18: =R18-R17 -> 0 | T18: 3560 | U18: =(T18-T17)*800/5 -> 480
A19: 44272 | B19: =B18 -> 44971 | C19: =(B19-B18)*800/5 -> 0 | D19: =D18 -> 39355 | E19: =(D19-D18)*800/5 -> 0 | F19: =F18 -> 20174 | G19: =(F19-F18)*100/5 -> 0 | H19: =H18 -> 239545 | I19: =(H19-H18) -> 0 | J19: =J18 -> 303517 | K19: =(J19-J18)*800/5 -> 0 | L19: =L18 -> 24731 | M19: =(L19-L18)*800/5 -> 0 | N19: =N18 -> 211419 | O19: =N19-N18 -> 0 | P19: 96200 | Q19: =P19-P18 -> 101 | R19: =R18 -> 55047 | S19: =R19-R18 -> 0 | T19: =T18 -> 3560 | U19: =(T19-T18)*800/5 -> 0
A20: 44273 | B20: =B19 -> 44971 | C20: =(B20-B19)*800/5 -> 0 | D20: =D19 -> 39355 | E20: =(D20-D19)*800/5 -> 0 | F20: =F19 -> 20174 | G20: =(F20-F19)*100/5 -> 0 | H20: =H19 -> 239545 | I20: =(H20-H19) -> 0 | J20: =J19 -> 303517 | K20: 0 | L20: =L19 -> 24731 | M20: =(L20-L19)*800/5 -> 0 | N20: =N19 -> 211419 | O20: =N20-N19 -> 0 | P20: 96299 | Q20: =P20-P19 -> 99 | R20: =R19 -> 55047 | S20: =R20-R19 -> 0 | T20: =T19 -> 3560 | U20: =(T20-T19)*800/5 -> 0
A21: 44274 | B21: 44978 | C21: =(B21-B20)*800/5 -> 1120 | D21: 39363 | E21: =(D21-D20)*800/5 -> 1280 | F21: 20182 | G21: =(F21-F20)*100/5 -> 160 | H21: 239571 | I21: =(H21-H20) -> 26 | J21: =J20 -> 303517 | K21: =(J21-J20)*800/5 -> 0 | L21: 24741 | M21: =(L21-L20)*800/5 -> 1600 | N21: 211522 | O21: =N21-N20 -> 103 | P21: 96390 | Q21: =P21-P20 -> 91 | R21: =R20 -> 55047 | S21: =R21-R20 -> 0 | T21: 3566 | U21: =(T21-T20)*800/5 -> 960
A22: 44275 | B22: 44992 | C22: =(B22-B21)*800/5 -> 2240 | D22: 39366 | E22: =(D22-D21)*800/5 -> 480 | F22: 20189 | G22: =(F22-F21)*100/5 -> 140 | H22: 239630 | I22: =(H22-H21) -> 59 | J22: =J21 -> 303517 | K22: =(J22-J21)*800/5 -> 0 | L22: 24744 | M22: =(L22-L21)*800/5 -> 480 | N22: 211833 | O22: =N22-N21 -> 311 | P22: 96469 | Q22: =P22-P21 -> 79 | R22: =R21 -> 55047 | S22: =R22-R21 -> 0 | T22: 3567 | U22: =(T22-T21)*800/5 -> 160
A23: 44276 | B23: 44997 | C23: =(B23-B22)*800/5 -> 800 | D23: 39368 | E23: =(D23-D22)*800/5 -> 320 | F23: 20192 | G23: =(F23-F22)*100/5 -> 60 | H23: 239650 | I23: =(H23-H22) -> 20 | J23: =J22 -> 303517 | K23: =(J23-J22)*800/5 -> 0 | L23: 24747 | M23: =(L23-L22)*800/5 -> 480 | N23: 211946 | O23: =N23-N22 -> 113 | P23: 96550 | Q23: =P23-P22 -> 81 | R23: =R22 -> 55047 | S23: =R23-R22 -> 0 | T23: 3568 | U23: =(T23-T22)*800/5 -> 160
A24: 44277 | B24: 45002 | C24: =(B24-B23)*800/5 -> 800 | D24: 39371 | E24: =(D24-D23)*800/5 -> 480 | F24: 20195 | G24: =(F24-F23)*100/5 -> 60 | H24: 239689 | I24: =(H24-H23) -> 39 | J24: =J23 -> 303517 | K24: =(J24-J23)*800/5 -> 0 | L24: 24751 | M24: =(L24-L23)*800/5 -> 640 | N24: 212070 | O24: =N24-N23 -> 124 | P24: 96745 | Q24: =P24-P23 -> 195 | R24: =R23 -> 55047 | S24: =R24-R23 -> 0 | T24: 3570 | U24: =(T24-T23)*800/5 -> 320
A25: 44278 | B25: 45006 | C25: =(B25-B24)*800/5 -> 640 | D25: 39373 | E25: =(D25-D24)*800/5 -> 320 | F25: 20198 | G25: =(F25-F24)*100/5 -> 60 | H25: 239719 | I25: =(H25-H24) -> 30 | J25: =J24 -> 303517 | K25: =(J25-J24)*800/5 -> 0 | L25: 24754 | M25: =(L25-L24)*800/5 -> 480 | N25: 212184 | O25: =N25-N24 -> 114 | P25: 97200 | Q25: =P25-P24 -> 455 | R25: =R24 -> 55047 | S25: =R25-R24 -> 0 | T25: 3571 | U25: =(T25-T24)*800/5 -> 160
A26: 44279 | B26: 45009 | C26: =(B26-B25)*800/5 -> 480 | D26: 39375 | E26: =(D26-D25)*800/5 -> 320 | F26: 20201 | G26: =(F26-F25)*100/5 -> 60 | H26: 239802 | I26: =(H26-H25) -> 83 | J26: 303517 | K26: =(J26-J25)*800/5 -> 0 | L26: 24757 | M26: =(L26-L25)*800/5 -> 480 | N26: 212257 | O26: =N26-N25 -> 73 | P26: 97495 | Q26: =P26-P25 -> 295 | R26: =R25 -> 55047 | S26: =R26-R25 -> 0 | T26: 3572 | U26: =(T26-T25)*800/5 -> 160
A27: 44280 | B27: 45011 | C27: =(B27-B26)*800/5 -> 320 | D27: 39378 | E27: =(D27-D26)*800/5 -> 480 | F27: 20203 | G27: =(F27-F26)*100/5 -> 40 | H27: 239881 | I27: =(H27-H26) -> 79 | J27: 303517 | K27: =(J27-J26)*800/5 -> 0 | L27: 24759 | M27: =(L27-L26)*800/5 -> 320 | N27: 212298 | O27: =N27-N26 -> 41 | P27: 97631 | Q27: =P27-P26 -> 136 | R27: 55047 | S27: =R27-R26 -> 0 | T27: 3573 | U27: =(T27-T26)*800/5 -> 160
A28: 44281 | B28: 45022 | C28: =(B28-B27)*800/5 -> 1760 | D28: 39383 | E28: =(D28-D27)*800/5 -> 800 | F28: 20208 | G28: =(F28-F27)*100/5 -> 100 | H28: 239888 | I28: =(H28-H27) -> 7 | J28: 303517 | K28: =(J28-J27)*800/5 -> 0 | L28: 24764 | M28: =(L28-L27)*800/5 -> 800 | N28: 212505 | O28: =N28-N27 -> 207 | P28: 97714 | Q28: =P28-P27 -> 83 | R28: 55047 | S28: =R28-R27 -> 0 | T28: 3576 | U28: =(T28-T27)*800/5 -> 480
A29: 44282 | B29: 45027 | C29: =(B29-B28)*800/5 -> 800 | D29: 39384 | E29: =(D29-D28)*800/5 -> 160 | F29: 20211 | G29: =(F29-F28)*100/5 -> 60 | H29: 239899 | I29: =(H29-H28) -> 11 | J29: =J28 -> 303517 | K29: =(J29-J28)*800/5 -> 0 | L29: 24767 | M29: =(L29-L28)*800/5 -> 480 | N29: 212588 | O29: =N29-N28 -> 83 | P29: 97806 | Q29: =P29-P28 -> 92 | R29: =R28 -> 55047 | S29: =R29-R28 -> 0 | T29: 3577 | U29: =(T29-T28)*800/5 -> 160
A30: 44283 | B30: 45032 | C30: =(B30-B29)*800/5 -> 800 | D30: 39387 | E30: =(D30-D29)*800/5 -> 480 | F30: 20214 | G30: =(F30-F29)*100/5 -> 60 | H30: 239816 | I30: =(H30-H29) -> -83 | J30: 303517 | K30: =(J30-J29)*800/5 -> 0 | L30: 24771 | M30: =(L30-L29)*800/5 -> 640 | N30: 212705 | O30: =N30-N29 -> 117 | P30: 97901 | Q30: =P30-P29 -> 95 | R30: 55047 | S30: =R30-R29 -> 0 | T30: 3578 | U30: =(T30-T29)*800/5 -> 160
A31: 44284 | B31: 45037 | C31: =(B31-B30)*800/5 -> 800 | D31: 39390 | E31: =(D31-D30)*800/5 -> 480 | F31: 20218 | G31: =(F31-F30)*100/5 -> 80 | H31: 239838 | I31: =(H31-H30) -> 22 | J31: =J30 -> 303517 | K31: =(J31-J30)*800/5 -> 0 | L31: 24774 | M31: =(L31-L30)*800/5 -> 480 | N31: 212828 | O31: =N31-N30 -> 123 | P31: 98110 | Q31: =P31-P30 -> 209 | R31: =R30 -> 55047 | S31: =R31-R30 -> 0 | T31: =T30 -> 3578 | U31: =(T31-T30)*800/5 -> 0
A32: 44285 | B32: 45039 | C32: =(B32-B31)*800/5 -> 320 | D32: 39393 | E32: =(D32-D31)*800/5 -> 480 | F32: 20221 | G32: =(F32-F31)*100/5 -> 60 | H32: 239849 | I32: =(H32-H31) -> 11 | J32: 303517 | K32: =(J32-J31)*800/5 -> 0 | L32: 24778 | M32: =(L32-L31)*800/5 -> 640 | N32: 212904 | O32: =N32-N31 -> 76 | P32: =P31 -> 98110 | Q32: =P32-P31 -> 0 | R32: 55047 | S32: =R32-R31 -> 0 | T32: 3580 | U32: =(T32-T31)*800/5 -> 320
A33: 44286 | B33: 45047 | C33: 1280 | D33: 39395 | E33: 320 | F33: 20224 | G33: 60 | H33: 239901 | I33: 52 | J33: 303517 | K33: 0 | L33: 24783 | M33: 800 | N33: 213067 | O33: 163 | P33: 98551 | Q33: 61 | R33: 55047 | S33: 0 | T33: 3583 | U33: 160
A34: Total | C34: =SUM(C3:C33) -> 25120 | E34: =SUM(E3:E33) -> 13920 | G34: =SUM(G3:G33) -> 2080 | I34: =SUM(I3:I33) -> 718 | K34: =SUM(K3:K33) -> 0 | M34: =SUM(M3:M33) -> 18080 | O34: =SUM(O3:O33) -> 3429 | Q34: =SUM(Q3:Q33) -> 3401 | S34: =SUM(S3:S33) -> 0 | U34: =SUM(U3:U33) -> 6720

Sheet Water
A1: Day | B1: Main Reading | C1: Cons. | D1: Podium | E1: Cons. | F1: Hotel | G1: Cons. | H1: Large | I1: Cons. | J1: Total | K1: cost.LE
A2: Last | B2: 405614 | D2: 3422000 | F2: 2277500 | H2: 721618
A3: 44256 | B3: 405682 | C3: =(IF((B3-B2)<0,"0",(B3-B2)))*10 -> 680 | D3: 3437300 | E3: =(IF((D3-D2)<0,"0",(D3-D2)))*0.027 -> 413.1 | F3: 2283400 | G3: =(IF((F3-F2)<0,"0",(F3-F2)))*0.027 -> 159.3 | H3: 721840 | I3: =(IF((H3-H2)<0,"0",(H3-H2)))*0.027 -> 5.994 | J3: =C3+E3+G3+I3 -> 1258.394 | K3: =J3*5.86 -> 7374.1888
A4: 44257 | B4: =B3 -> 405682 | C4: =(IF((B4-B3)<0,"0",(B4-B3)))*10 -> 0 | D4: =D3 -> 3437300 | E4: =(IF((D4-D3)<0,"0",(D4-D3)))*0.027 -> 0 | F4: =F3 -> 2283400 | G4: =(IF((F4-F3)<0,"0",(F4-F3)))*0.027 -> 0 | H4: =H3 -> 721840 | I4: =(IF((H4-H3)<0,"0",(H4-H3)))*0.027 -> 0 | J4: =C4+E4+G4+I4 -> 0 | K4: =J4*5.86 -> 0
A5: 44258 | B5: =B4 -> 405682 | C5: =(IF((B5-B4)<0,"0",(B5-B4)))*10 -> 0 | D5: =D4 -> 3437300 | E5: =(IF((D5-D4)<0,"0",(D5-D4)))*0.027 -> 0 | F5: =F4 -> 2283400 | G5: =(IF((F5-F4)<0,"0",(F5-F4)))*0.027 -> 0 | H5: =H4 -> 721840 | I5: =(IF((H5-H4)<0,"0",(H5-H4)))*0.027 -> 0 | J5: =C5+E5+G5+I5 -> 0 | K5: =J5*5.86 -> 0
A6: 44259 | B6: 405845 | C6: =(IF((B6-B5)<0,"0",(B6-B5)))*10 -> 1630 | D6: 3464400 | E6: =(IF((D6-D5)<0,"0",(D6-D5)))*0.027 -> 731.7 | F6: 2302000 | G6: =(IF((F6-F5)<0,"0",(F6-F5)))*0.027 -> 502.2 | H6: 722342 | I6: =(IF((H6-H5)<0,"0",(H6-H5)))*0.027 -> 13.554 | J6: =C6+E6+G6+I6 -> 2877.454 | K6: =J6*5.86 -> 16861.88
A7: 44260 | B7: 405900 | C7: =(IF((B7-B6)<0,"0",(B7-B6)))*10 -> 550 | D7: 3480200 | E7: =(IF((D7-D6)<0,"0",(D7-D6)))*0.027 -> 426.6 | F7: 2308700 | G7: =(IF((F7-F6)<0,"0",(F7-F6)))*0.027 -> 180.9 | H7: 722481 | I7: =(IF((H7-H6)<0,"0",(H7-H6)))*0.027 -> 3.753 | J7: =C7+E7+G7+I7 -> 1161.253 | K7: =J7*5.86 -> 6804.9426
A8: 44261 | B8: 405954 | C8: =(IF((B8-B7)<0,"0",(B8-B7)))*10 -> 540 | D8: 3490400 | E8: =(IF((D8-D7)<0,"0",(D8-D7)))*0.027 -> 275.4 | F8: 2315000 | G8: =(IF((F8-F7)<0,"0",(F8-F7)))*0.027 -> 170.1 | H8: 722660 | I8: =(IF((H8-H7)<0,"0",(H8-H7)))*0.027 -> 4.833 | J8: =C8+E8+G8+I8 -> 990.333 | K8: =J8*5.86 -> 5803.3514
A9: 44262 | B9: 406002 | C9: =(IF((B9-B8)<0,"0",(B9-B8)))*10 -> 480 | D9: 3500400 | E9: =(IF((D9-D8)<0,"0",(D9-D8)))*0.027 -> 270 | F9: 2322300 | G9: =(IF((F9-F8)<0,"0",(F9-F8)))*0.027 -> 197.1 | H9: 722844 | I9: =(IF((H9-H8)<0,"0",(H9-H8)))*0.027 -> 4.968 | J9: =C9+E9+G9+I9 -> 952.068 | K9: =J9*5.86 -> 5579.1185
A10: 44263 | B10: 406059 | C10: =(IF((B10-B9)<0,"0",(B10-B9)))*10 -> 570 | D10: 3509500 | E10: =(IF((D10-D9)<0,"0",(D10-D9)))*0.027 -> 245.7 | F10: 2329500 | G10: =(IF((F10-F9)<0,"0",(F10-F9)))*0.027 -> 194.4 | H10: 723013 | I10: =(IF((H10-H9)<0,"0",(H10-H9)))*0.027 -> 4.563 | J10: =C10+E10+G10+I10 -> 1014.663 | K10: =J10*5.86 -> 5945.9252
A11: 44264 | B11: 406164 | C11: =(IF((B11-B10)<0,"0",(B11-B10)))*10 -> 1050 | D11: 3519700 | E11: =(IF((D11-D10)<0,"0",(D11-D10)))*0.027 -> 275.4 | F11: 2338200 | G11: =(IF((F11-F10)<0,"0",(F11-F10)))*0.027 -> 234.9 | H11: 723150 | I11: =(IF((H11-H10)<0,"0",(H11-H10)))*0.027 -> 3.699 | J11: =C11+E11+G11+I11 -> 1563.999 | K11: =J11*5.86 -> 9165.0341
A12: 44265 | B12: 406169 | C12: =(IF((B12-B11)<0,"0",(B12-B11)))*10 -> 50 | D12: 3531500 | E12: =(IF((D12-D11)<0,"0",(D12-D11)))*0.027 -> 318.6 | F12: 2350800 | G12: =(IF((F12-F11)<0,"0",(F12-F11)))*0.027 -> 340.2 | H12: 723304 | I12: =(IF((H12-H11)<0,"0",(H12-H11)))*0.027 -> 4.158 | J12: =C12+E12+G12+I12 -> 712.958 | K12: =J12*5.86 -> 4177.9339
A13: 44266 | B13: 406252 | C13: =(IF((B13-B12)<0,"0",(B13-B12)))*10 -> 830 | D13: 3542300 | E13: =(IF((D13-D12)<0,"0",(D13-D12)))*0.027 -> 291.6 | F13: 2361000 | G13: =(IF((F13-F12)<0,"0",(F13-F12)))*0.027 -> 275.4 | H13: 723460 | I13: =(IF((H13-H12)<0,"0",(H13-H12)))*0.027 -> 4.212 | J13: =C13+E13+G13+I13 -> 1401.212 | K13: =J13*5.86 -> 8211.1023
A14: 44267 | B14: 406270 | C14: =(IF((B14-B13)<0,"0",(B14-B13)))*10 -> 180 | D14: 3553800 | E14: =(IF((D14-D13)<0,"0",(D14-D13)))*0.027 -> 310.5 | F14: 2369700 | G14: =(IF((F14-F13)<0,"0",(F14-F13)))*0.027 -> 234.9 | H14: 723599 | I14: =(IF((H14-H13)<0,"0",(H14-H13)))*0.027 -> 3.753 | J14: =C14+E14+G14+I14 -> 729.153 | K14: =J14*5.86 -> 4272.8366
A15: 44268 | B15: 406310 | C15: =(IF((B15-B14)<0,"0",(B15-B14)))*10 -> 400 | D15: 3565300 | E15: =(IF((D15-D14)<0,"0",(D15-D14)))*0.027 -> 310.5 | F15: 2378000 | G15: =(IF((F15-F14)<0,"0",(F15-F14)))*0.027 -> 224.1 | H15: 723731 | I15: =(IF((H15-H14)<0,"0",(H15-H14)))*0.027 -> 3.564 | J15: =C15+E15+G15+I15 -> 938.164 | K15: =J15*5.86 -> 5497.641
A16: 44269 | B16: =B15 -> 406310 | C16: =(IF((B16-B15)<0,"0",(B16-B15)))*10 -> 0 | D16: =D15 -> 3565300 | E16: =(IF((D16-D15)<0,"0",(D16-D15)))*0.027 -> 0 | F16: =F15 -> 2378000 | G16: =(IF((F16-F15)<0,"0",(F16-F15)))*0.027 -> 0 | H16: =H15 -> 723731 | I16: =(IF((H16-H15)<0,"0",(H16-H15)))*0.027 -> 0 | J16: =C16+E16+G16+I16 -> 0 | K16: =J16*5.86 -> 0
A17: 44270 | B17: =B16 -> 406310 | C17: =(IF((B17-B16)<0,"0",(B17-B16)))*10 -> 0 | D17: =D16 -> 3565300 | E17: =(IF((D17-D16)<0,"0",(D17-D16)))*0.027 -> 0 | F17: =F16 -> 2378000 | G17: =(IF((F17-F16)<0,"0",(F17-F16)))*0.027 -> 0 | H17: =H16 -> 723731 | I17: =(IF((H17-H16)<0,"0",(H17-H16)))*0.027 -> 0 | J17: =C17+E17+G17+I17 -> 0 | K17: =J17*5.86 -> 0
A18: 44271 | B18: 406560 | C18: =(IF((B18-B17)<0,"0",(B18-B17)))*10 -> 2500 | D18: 3601500 | E18: =(IF((D18-D17)<0,"0",(D18-D17)))*0.027 -> 977.4 | F18: 2402400 | G18: =(IF((F18-F17)<0,"0",(F18-F17)))*0.027 -> 658.8 | H18: 724200 | I18: =(IF((H18-H17)<0,"0",(H18-H17)))*0.027 -> 12.663 | J18: =C18+E18+G18+I18 -> 4148.863 | K18: =J18*5.86 -> 24312.337 | Q18: `
A19: 44272 | B19: =B18 -> 406560 | C19: =(IF((B19-B18)<0,"0",(B19-B18)))*10 -> 0 | D19: =D18 -> 3601500 | E19: =(IF((D19-D18)<0,"0",(D19-D18)))*0.027 -> 0 | F19: =F18 -> 2402400 | G19: =(IF((F19-F18)<0,"0",(F19-F18)))*0.027 -> 0 | H19: =H18 -> 724200 | I19: =(IF((H19-H18)<0,"0",(H19-H18)))*0.027 -> 0 | J19: =C19+E19+G19+I19 -> 0 | K19: =J19*5.86 -> 0
A20: 44273 | B20: =B19 -> 406560 | C20: =(IF((B20-B19)<0,"0",(B20-B19)))*10 -> 0 | D20: =D19 -> 3601500 | E20: =(IF((D20-D19)<0,"0",(D20-D19)))*0.027 -> 0 | F20: =F19 -> 2402400 | G20: =(IF((F20-F19)<0,"0",(F20-F19)))*0.027 -> 0 | H20: =H19 -> 724200 | I20: =(IF((H20-H19)<0,"0",(H20-H19)))*0.027 -> 0 | J20: =C20+E20+G20+I20 -> 0 | K20: =J20*5.86 -> 0
A21: 44274 | B21: 406734 | C21: =(IF((B21-B20)<0,"0",(B21-B20)))*10 -> 1740 | D21: 3634300 | E21: =(IF((D21-D20)<0,"0",(D21-D20)))*0.027 -> 885.6 | F21: 2427400 | G21: =(IF((F21-F20)<0,"0",(F21-F20)))*0.027 -> 675 | H21: 724580 | I21: =(IF((H21-H20)<0,"0",(H21-H20)))*0.027 -> 10.26 | J21: =C21+E21+G21+I21 -> 3310.86 | K21: =J21*5.86 -> 19401.64
A22: 44275 | B22: 406792 | C22: =(IF((B22-B21)<0,"0",(B22-B21)))*10 -> 580 | D22: 3645100 | E22: =(IF((D22-D21)<0,"0",(D22-D21)))*0.027 -> 291.6 | F22: 2435800 | G22: =(IF((F22-F21)<0,"0",(F22-F21)))*0.027 -> 226.8 | H22: 724697 | I22: =(IF((H22-H21)<0,"0",(H22-H21)))*0.027 -> 3.159 | J22: =C22+E22+G22+I22 -> 1101.559 | K22: =J22*5.86 -> 6455.1357
A23: 44276 | B23: 406854 | C23: =(IF((B23-B22)<0,"0",(B23-B22)))*10 -> 620 | D23: 3657400 | E23: =(IF((D23-D22)<0,"0",(D23-D22)))*0.027 -> 332.1 | F23: 2444800 | G23: =(IF((F23-F22)<0,"0",(F23-F22)))*0.027 -> 243 | H23: 724823 | I23: =(IF((H23-H22)<0,"0",(H23-H22)))*0.027 -> 3.402 | J23: =C23+E23+G23+I23 -> 1198.502 | K23: =J23*5.86 -> 7023.2217
A24: 44277 | B24: 406909 | C24: =(IF((B24-B23)<0,"0",(B24-B23)))*10 -> 550 | D24: 3667700 | E24: =(IF((D24-D23)<0,"0",(D24-D23)))*0.027 -> 278.1 | F24: 2454800 | G24: =(IF((F24-F23)<0,"0",(F24-F23)))*0.027 -> 270 | H24: 724943 | I24: =(IF((H24-H23)<0,"0",(H24-H23)))*0.027 -> 3.24 | J24: =C24+E24+G24+I24 -> 1101.34 | K24: =J24*5.86 -> 6453.8524
A25: 44278 | B25: 406989 | C25: =(IF((B25-B24)<0,"0",(B25-B24)))*10 -> 800 | D25: 3680600 | E25: =(IF((D25-D24)<0,"0",(D25-D24)))*0.027 -> 348.3 | F25: 2454800 | G25: =F25-F24 -> 0 | H25: 726081 | I25: =(IF((H25-H24)<0,"0",(H25-H24)))*0.027 -> 30.726 | J25: =C25+E25+G25+I25 -> 1179.026 | K25: =J25*5.86 -> 6909.0924
A26: 44279 | B26: 407054 | C26: =(IF((B26-B25)<0,"0",(B26-B25)))*10 -> 650 | D26: 3692500 | E26: =(IF((D26-D25)<0,"0",(D26-D25)))*0.027 -> 321.3 | F26: 2474400 | G26: =(IF((F26-F25)<0,"0",(F26-F25)))*0.027 -> 529.2 | H26: 726218 | I26: =(IF((H26-H25)<0,"0",(H26-H25)))*0.027 -> 3.699 | J26: =C26+E26+G26+I26 -> 1504.199 | K26: =J26*5.86 -> 8814.6061
A27: 44280 | B27: 407085 | C27: =(IF((B27-B26)<0,"0",(B27-B26)))*10 -> 310 | D27: 3705400 | E27: =(IF((D27-D26)<0,"0",(D27-D26)))*0.027 -> 348.3 | F27: 2483100 | G27: =(IF((F27-F26)<0,"0",(F27-F26)))*0.027 -> 234.9 | H27: 725385 | I27: =(IF((H27-H26)<0,"0",(H27-H26)))*0.027 -> 0 | J27: =C27+E27+G27+I27 -> 893.2 | K27: =J27*5.86 -> 5234.152
A28: 44281 | B28: 407183 | C28: =(IF((B28-B27)<0,"0",(B28-B27)))*10 -> 980 | D28: 3717700 | E28: =(IF((D28-D27)<0,"0",(D28-D27)))*0.027 -> 332.1 | F28: 2491000 | G28: =(IF((F28-F27)<0,"0",(F28-F27)))*0.027 -> 213.3 | H28: 725495 | I28: =(IF((H28-H27)<0,"0",(H28-H27)))*0.027 -> 2.97 | J28: =C28+E28+G28+I28 -> 1528.37 | K28: =J28*5.86 -> 8956.2482
A29: 44282 | B29: 407245 | C29: =(IF((B29-B28)<0,"0",(B29-B28)))*10 -> 620 | D29: 3730000 | E29: =(IF((D29-D28)<0,"0",(D29-D28)))*0.027 -> 332.1 | F29: 2499000 | G29: =(IF((F29-F28)<0,"0",(F29-F28)))*0.027 -> 216 | H29: 725607 | I29: =(IF((H29-H28)<0,"0",(H29-H28)))*0.027 -> 3.024 | J29: =C29+E29+G29+I29 -> 1171.124 | K29: =J29*5.86 -> 6862.7866
A30: 44283 | B30: 407305 | C30: =(IF((B30-B29)<0,"0",(B30-B29)))*10 -> 600 | D30: 3742200 | E30: =(IF((D30-D29)<0,"0",(D30-D29)))*0.027 -> 329.4 | F30: 2507100 | G30: =(IF((F30-F29)<0,"0",(F30-F29)))*0.027 -> 218.7 | H30: 725724 | I30: =(IF((H30-H29)<0,"0",(H30-H29)))*0.027 -> 3.159 | J30: =C30+E30+G30+I30 -> 1151.259 | K30: =J30*5.86 -> 6746.3777
A31: 44284 | B31: 407377 | C31: =(IF((B31-B30)<0,"0",(B31-B30)))*10 -> 720 | D31: 3755400 | E31: =(IF((D31-D30)<0,"0",(D31-D30)))*0.027 -> 356.4 | F31: 2517400 | G31: =(IF((F31-F30)<0,"0",(F31-F30)))*0.027 -> 278.1 | H31: 725852 | I31: =(IF((H31-H30)<0,"0",(H31-H30)))*0.027 -> 3.456 | J31: =C31+E31+G31+I31 -> 1357.956 | K31: =J31*5.86 -> 7957.6222
A32: 44285 | B32: 407443 | C32: =(IF((B32-B31)<0,"0",(B32-B31)))*10 -> 660 | D32: 3767800 | E32: =(IF((D32-D31)<0,"0",(D32-D31)))*0.027 -> 334.8 | F32: 2527400 | G32: =(IF((F32-F31)<0,"0",(F32-F31)))*0.027 -> 270 | H32: 726024 | I32: =(IF((H32-H31)<0,"0",(H32-H31)))*0.027 -> 4.644 | J32: =C32+E32+G32+I32 -> 1269.444 | K32: =J32*5.86 -> 7438.9418
A33: 44286 | B33: 407517 | C33: 740 | D33: 3781100 | E33: 359.1 | F33: 2534500 | G33: 191.7 | H33: 726148 | I33: 3.348 | J33: 1294.148 | K33: 7583.7073
A34: Total | C34: =SUM(C3:C33) -> 19030 | E34: =SUM(E3:E33) -> 9695.7 | G34: =SUM(G3:G33) -> 6939 | I34: =SUM(I3:I33) -> 144.801 | J34: =SUM(J3:J33) -> 35809.501 | K34: =SUM(K3:K33) -> 209843.68

Sheet ELECT.
A1: Day | B1: Rooms Sold | C1: New Chillers | D1: Cons | E1: F-1 | F1: Cons. | G1: F-2 | H1: Cons. | I1: Total | J1: T-1 | K1: Cons. | L1: T-2 | M1: Cons. | N1: T-3 | O1: Cons. | P1: T-4 | Q1: Cons. | R1: T-5 | S1: Cons. | T1: T-6 | U1: Cons. | V1: T-7 | W1: Cons. | X1: Total | Y1: Diff | Z1: Daily Money Value | AA1: MTD Total Money
A2: Last | C2: 17997 | E2: 25181492 | G2: 78500836 | I2: =F2+H2 -> 0 | J2: 7595749 | L2: 7600315 | N2: 4972415 | P2: 2644726 | R2: 16718530 | T2: 0 | V2: 4268410 | Y2: =I2-X2 -> 0 | Z2: =(0.93352*(W2+S2)+0.5568*(Q2+O2))*0.26 -> 0
A3: 44256 | B3: 96 | C3: 17999 | D3: =IF((C3-C2)<0,"0",(C3-C2))*160 -> 320 | E3: 25190119 | F3: =IF((E3-E2)<0,"0",(E3-E2)) -> 8627 | G3: 78566150 | H3: =IF((G3-G2)<0,"0",(G3-G2)) -> 65314 | I3: =F3+H3 -> 73941 | J3: 7601758 | K3: =IF((J3-J2)<0,"0",(J3-J2)) -> 6009 | L3: 7606283 | M3: =IF((L3-L2)<0,"0",(L3-L2)) -> 5968 | N3: 4973666 | O3: =(IF((N3-N2)<0,"0",(N3-N2)))*2 -> 2502 | P3: 2652537 | Q3: =IF((P3-P2)<0,"0",(P3-P2)) -> 7811 | R3: 16727329 | S3: =IF((R3-R2)<0,"0",(R3-R2)) -> 8799 | T3: 0 | V3: 4279268 | W3: =IF((V3-V2)<0,"0",(V3-V2)) -> 10858 | X3: =K3+M3+O3+Q3+S3+U3+W3 -> 41947 | Y3: =I3-X3 -> 31994 | Z3: =(0.93352*(W3+S3)+0.5568*(Q3+O3))*0.26 -> 6264.0451 | AA3: =SUM(Z1:Z3) -> 6264.0451
A4: 44257 | B4: 108 | C4: =C3 -> 17999 | D4: =IF((C4-C3)<0,"0",(C4-C3))*160 -> 0 | E4: =E3 -> 25190119 | F4: =IF((E4-E3)<0,"0",(E4-E3)) -> 0 | G4: =G3 -> 78566150 | H4: =IF((G4-G3)<0,"0",(G4-G3)) -> 0 | I4: =F4+H4 -> 0 | J4: =J3 -> 7601758 | K4: =IF((J4-J3)<0,"0",(J4-J3)) -> 0 | L4: =L3 -> 7606283 | M4: =IF((L4-L3)<0,"0",(L4-L3)) -> 0 | N4: =N3 -> 4973666 | O4: =(IF((N4-N3)<P96,"0",(N4-N3)))*2 -> 0 | P4: =P3 -> 2652537 | Q4: =IF((P4-P3)<0,"0",(P4-P3)) -> 0 | R4: =R3 -> 16727329 | S4: =IF((R4-R3)<0,"0",(R4-R3)) -> 0 | T4: 0 | V4: =V3 -> 4279268 | W4: =IF((V4-V3)<0,"0",(V4-V3)) -> 0 | X4: =K4+M4+O4+Q4+S4+U4+W4 -> 0 | Y4: =I4-X4 -> 0 | Z4: =(0.93352*(W4+S4)+0.5568*(Q4+O4))*0.26 -> 0 | AA4: =SUM(Z2:Z4) -> 6264.0451
A5: 44258 | B5: 98 | C5: =C4 -> 17999 | D5: =IF((C5-C4)<0,"0",(C5-C4))*160 -> 0 | E5: =E4 -> 25190119 | F5: =IF((E5-E4)<0,"0",(E5-E4)) -> 0 | G5: =G4 -> 78566150 | H5: =IF((G5-G4)<0,"0",(G5-G4)) -> 0 | I5: =F5+H5 -> 0 | J5: =J4 -> 7601758 | K5: =IF((J5-J4)<0,"0",(J5-J4)) -> 0 | L5: =L4 -> 7606283 | M5: =IF((L5-L4)<0,"0",(L5-L4)) -> 0 | N5: =N4 -> 4973666 | O5: =(IF((N5-N4)<0,"0",(N5-N4)))*2 -> 0 | P5: =P4 -> 2652537 | Q5: =IF((P5-P4)<0,"0",(P5-P4)) -> 0 | R5: =R4 -> 16727329 | S5: =IF((R5-R4)<0,"0",(R5-R4)) -> 0 | T5: 0 | V5: =V4 -> 4279268 | W5: =IF((V5-V4)<0,"0",(V5-V4)) -> 0 | X5: =K5+M5+O5+Q5+S5+U5+W5 -> 0 | Y5: =I5-X5 -> 0 | Z5: =(0.93352*(W5+S5)+0.5568*(Q5+O5))*0.26 -> 0 | AA5: =SUM(Z3:Z5) -> 6264.0451
A6: 44259 | B6: 108 | C6: 18007 | D6: =IF((C6-C5)<0,"0",(C6-C5))*160 -> 1280 | E6: 25215519 | F6: =IF((E6-E5)<0,"0",(E6-E5)) -> 25400 | G6: 78698490 | H6: =IF((G6-G5)<0,"0",(G6-G5)) -> 132340 | I6: =F6+H6 -> 157740 | J6: 7619259 | K6: =IF((J6-J5)<0,"0",(J6-J5)) -> 17501 | L6: 7624777 | M6: =IF((L6-L5)<0,"0",(L6-L5)) -> 18494 | N6: 4976874 | O6: =(IF((N6-N5)<0,"0",(N6-N5)))*2 -> 6416 | P6: 2674011 | Q6: =IF((P6-P5)<0,"0",(P6-P5)) -> 21474 | R6: 16754262 | S6: =IF((R6-R5)<0,"0",(R6-R5)) -> 26933 | T6: 0 | V6: 4311200 | W6: =IF((V6-V5)<0,"0",(V6-V5)) -> 31932 | X6: =K6+M6+O6+Q6+S6+U6+W6 -> 122750 | Y6: =I6-X6 -> 34990 | Z6: =(0.93352*(W6+S6)+0.5568*(Q6+O6))*0.26 -> 18325.01 | AA6: =SUM(Z4:Z6) -> 18325.01
A7: 44260 | B7: 119 | C7: 18009 | D7: =IF((C7-C6)<0,"0",(C7-C6))*160 -> 320 | E7: 25222457 | F7: =IF((E7-E6)<0,"0",(E7-E6)) -> 6938 | G7: 78740523 | H7: =IF((G7-G6)<0,"0",(G7-G6)) -> 42033 | I7: =F7+H7 -> 48971 | J7: 7624489 | K7: =IF((J7-J6)<0,"0",(J7-J6)) -> 5230 | L7: 7629730 | M7: =IF((L7-L6)<0,"0",(L7-L6)) -> 4953 | N7: 4977793 | O7: =(IF((N7-N6)<0,"0",(N7-N6)))*2 -> 1838 | P7: 2681108 | Q7: =IF((P7-P6)<0,"0",(P7-P6)) -> 7097 | R7: 16762576 | S7: =IF((R7-R6)<0,"0",(R7-R6)) -> 8314 | T7: 0 | V7: 4321494 | W7: =IF((V7-V6)<0,"0",(V7-V6)) -> 10294 | X7: =K7+M7+O7+Q7+S7+U7+W7 -> 37726 | Y7: =I7-X7 -> 11245 | Z7: =(0.93352*(W7+S7)+0.5568*(Q7+O7))*0.26 -> 5809.9465 | AA7: =SUM(Z4:Z7) -> 24134.956
A8: 44261 | B8: 106 | C8: 18012 | D8: =IF((C8-C7)<0,"0",(C8-C7))*160 -> 480 | E8: 25227855 | F8: =IF((E8-E7)<0,"0",(E8-E7)) -> 5398 | G8: 78772978 | H8: =IF((G8-G7)<0,"0",(G8-G7)) -> 32455 | I8: =F8+H8 -> 37853 | J8: 7628844 | K8: =IF((J8-J7)<0,"0",(J8-J7)) -> 4355 | L8: 7633455 | M8: =IF((L8-L7)<0,"0",(L8-L7)) -> 3725 | N8: 4978574 | O8: =(IF((N8-N7)<0,"0",(N8-N7)))*2 -> 1562 | P8: 2686824 | Q8: =IF((P8-P7)<0,"0",(P8-P7)) -> 5716 | R8: 16768870 | S8: =IF((R8-R7)<0,"0",(R8-R7)) -> 6294 | T8: 0 | V8: 4329260 | W8: =IF((V8-V7)<0,"0",(V8-V7)) -> 7766 | X8: =K8+M8+O8+Q8+S8+U8+W8 -> 29418 | Y8: =I8-X8 -> 8435 | Z8: =(0.93352*(W8+S8)+0.5568*(Q8+O8))*0.26 -> 4466.1972 | AA8: =SUM(Z5:Z8) -> 28601.154
A9: 44262 | B9: 93 | C9: 18014 | D9: =IF((C9-C8)<0,"0",(C9-C8))*160 -> 320 | E9: 25238592 | F9: =IF((E9-E8)<0,"0",(E9-E8)) -> 10737 | G9: 78832988 | H9: =IF((G9-G8)<0,"0",(G9-G8)) -> 60010 | I9: =F9+H9 -> 70747 | J9: 7636581 | K9: =IF((J9-J8)<0,"0",(J9-J8)) -> 7737 | L9: 7640925 | M9: =IF((L9-L8)<0,"0",(L9-L8)) -> 7470 | N9: 4980096 | O9: =(IF((N9-N8)<0,"0",(N9-N8)))*2 -> 3044 | P9: 2697423 | Q9: =IF((P9-P8)<0,"0",(P9-P8)) -> 10599 | R9: 16780673 | S9: =IF((R9-R8)<0,"0",(R9-R8)) -> 11803 | T9: 0 | V9: 4343648 | W9: =IF((V9-V8)<0,"0",(V9-V8)) -> 14388 | X9: =K9+M9+O9+Q9+S9+U9+W9 -> 55041 | Y9: =I9-X9 -> 15706 | Z9: =(0.93352*(W9+S9)+0.5568*(Q9+O9))*0.26 -> 8332.0236 | AA9: =SUM(Z6:Z9) -> 36933.177
A10: 44263 | B10: 114 | C10: 18016 | D10: =IF((C10-C9)<0,"0",(C10-C9))*160 -> 320 | E10: 25244731 | F10: =IF((E10-E9)<0,"0",(E10-E9)) -> 6139 | G10: 78865735 | H10: =IF((G10-G9)<0,"0",(G10-G9)) -> 32747 | I10: =F10+H10 -> 38886 | J10: 7640691 | K10: =IF((J10-J9)<0,"0",(J10-J9)) -> 4110 | L10: 7645392 | M10: =IF((L10-L9)<0,"0",(L10-L9)) -> 4467 | N10: 4980881 | O10: =(IF((N10-N9)<0,"0",(N10-N9)))*2 -> 1570 | P10: 2703418 | Q10: =IF((P10-P9)<0,"0",(P10-P9)) -> 5995 | R10: 16787186 | S10: =IF((R10-R9)<0,"0",(R10-R9)) -> 6513 | T10: 0 | V10: 4351839 | W10: =IF((V10-V9)<0,"0",(V10-V9)) -> 8191 | X10: =K10+M10+O10+Q10+S10+U10+W10 -> 30846 | Y10: =I10-X10 -> 8040 | Z10: =(0.93352*(W10+S10)+0.5568*(Q10+O10))*0.26 -> 4664.0542 | AA10: =SUM(Z7:Z10) -> 23272.222
A11: 44264 | B11: 118 | C11: 18018 | D11: =IF((C11-C10)<0,"0",(C11-C10))*160 -> 320 | E11: 25254962 | F11: =IF((E11-E10)<0,"0",(E11-E10)) -> 10231 | G11: 78921611 | H11: =IF((G11-G10)<0,"0",(G11-G10)) -> 55876 | I11: =F11+H11 -> 66107 | J11: 7648482 | K11: =IF((J11-J10)<0,"0",(J11-J10)) -> 7791 | L11: 7652139 | M11: =IF((L11-L10)<0,"0",(L11-L10)) -> 6747 | N11: 4982533 | O11: =(IF((N11-N10)<0,"0",(N11-N10)))*2 -> 3304 | P11: 2713843 | Q11: =IF((P11-P10)<0,"0",(P11-P10)) -> 10425 | R11: 16797964 | S11: =IF((R11-R10)<0,"0",(R11-R10)) -> 10778 | T11: 0 | V11: 4364525 | W11: =IF((V11-V10)<0,"0",(V11-V10)) -> 12686 | X11: =K11+M11+O11+Q11+S11+U11+W11 -> 51731 | Y11: =I11-X11 -> 14376 | Z11: =(0.93352*(W11+S11)+0.5568*(Q11+O11))*0.26 -> 7682.5893 | AA11: =SUM(Z8:Z11) -> 25144.864
A12: 44265 | B12: 146 | C12: 18021 | D12: =IF((C12-C11)<0,"0",(C12-C11))*160 -> 480 | E12: 25263840 | F12: =IF((E12-E11)<0,"0",(E12-E11)) -> 8878 | G12: 78968087 | H12: =IF((G12-G11)<0,"0",(G12-G11)) -> 46476 | I12: =F12+H12 -> 55354 | J12: 7654119 | K12: =IF((J12-J11)<0,"0",(J12-J11)) -> 5637 | L12: 7658515 | M12: =IF((L12-L11)<0,"0",(L12-L11)) -> 6376 | N12: 4983703 | O12: =(IF((N12-N11)<0,"0",(N12-N11)))*2 -> 2340 | P12: 2723424 | Q12: =IF((P12-P11)<0,"0",(P12-P11)) -> 9581 | R12: 16806910 | S12: =IF((R12-R11)<0,"0",(R12-R11)) -> 8946 | T12: 0 | V12: 4375123 | W12: =IF((V12-V11)<0,"0",(V12-V11)) -> 10598 | X12: =K12+M12+O12+Q12+S12+U12+W12 -> 43478 | Y12: =I12-X12 -> 11876 | Z12: =(0.93352*(W12+S12)+0.5568*(Q12+O12))*0.26 -> 6469.4052 | AA12: =SUM(Z9:Z12) -> 27148.072
A13: 44266 | B13: 116 | C13: 18023 | D13: =IF((C13-C12)<0,"0",(C13-C12))*160 -> 320 | E13: 25272918 | F13: =IF((E13-E12)<0,"0",(E13-E12)) -> 9078 | G13: 79012596 | H13: =IF((G13-G12)<0,"0",(G13-G12)) -> 44509 | I13: =F13+H13 -> 53587 | J13: 7658026 | K13: =IF((J13-J12)<0,"0",(J13-J12)) -> 3907 | L13: 7665176 | M13: =IF((L13-L12)<0,"0",(L13-L12)) -> 6661 | N13: 4984823 | O13: =(IF((N13-N12)<0,"0",(N13-N12)))*2 -> 2240 | P13: 2732680 | Q13: =IF((P13-P12)<0,"0",(P13-P12)) -> 9256 | R13: 16815901 | S13: =IF((R13-R12)<0,"0",(R13-R12)) -> 8991 | T13: 0 | V13: 4385455 | W13: =IF((V13-V12)<0,"0",(V13-V12)) -> 10332 | X13: =K13+M13+O13+Q13+S13+U13+W13 -> 41387 | Y13: =I13-X13 -> 12200 | Z13: =(0.93352*(W13+S13)+0.5568*(Q13+O13))*0.26 -> 6354.2387 | AA13: =SUM(Z10:Z13) -> 25170.287
A14: 44267 | B14: 110 | C14: 18032 | D14: =IF((C14-C13)<0,"0",(C14-C13))*160 -> 1440 | E14: 25281457 | F14: =IF((E14-E13)<0,"0",(E14-E13)) -> 8539 | G14: 79057205 | H14: =IF((G14-G13)<0,"0",(G14-G13)) -> 44609 | I14: =F14+H14 -> 53148 | J14: 7663147 | K14: =IF((J14-J13)<0,"0",(J14-J13)) -> 5121 | L14: 7671158 | M14: =IF((L14-L13)<0,"0",(L14-L13)) -> 5982 | N14: 4986018 | O14: =(IF((N14-N13)<0,"0",(N14-N13)))*2 -> 2390 | P14: 2741059 | Q14: =IF((P14-P13)<0,"0",(P14-P13)) -> 8379 | R14: 16825492 | S14: =IF((R14-R13)<0,"0",(R14-R13)) -> 9591 | T14: 0 | V14: 4396220 | W14: =IF((V14-V13)<0,"0",(V14-V13)) -> 10765 | X14: =K14+M14+O14+Q14+S14+U14+W14 -> 42228 | Y14: =I14-X14 -> 10920 | Z14: =(0.93352*(W14+S14)+0.5568*(Q14+O14))*0.26 -> 6499.7172 | AA14: =SUM(Z11:Z14) -> 27005.95
A15: 44268 | B15: 103 | C15: 18033 | D15: =IF((C15-C14)<0,"0",(C15-C14))*160 -> 160 | E15: 25288594 | F15: =IF((E15-E14)<0,"0",(E15-E14)) -> 7137 | G15: 79096773 | H15: =IF((G15-G14)<0,"0",(G15-G14)) -> 39568 | I15: =F15+H15 -> 46705 | J15: 7667143 | K15: =IF((J15-J14)<0,"0",(J15-J14)) -> 3996 | L15: 7676026 | M15: =IF((L15-L14)<0,"0",(L15-L14)) -> 4868 | N15: 4987087 | O15: =(IF((N15-N14)<0,"0",(N15-N14)))*2 -> 2138 | P15: 2748291 | Q15: =IF((P15-P14)<0,"0",(P15-P14)) -> 7232 | R15: 16833741 | S15: =IF((R15-R14)<0,"0",(R15-R14)) -> 8249 | T15: 0 | V15: 4405937 | W15: =IF((V15-V14)<0,"0",(V15-V14)) -> 9717 | X15: =K15+M15+O15+Q15+S15+U15+W15 -> 36200 | Y15: =I15-X15 -> 10505 | Z15: =(0.93352*(W15+S15)+0.5568*(Q15+O15))*0.26 -> 5717.0974 | AA15: =SUM(Z12:Z15) -> 25040.459
A16: 44269 | B16: 114 | C16: =C15 -> 18033 | D16: =IF((C16-C15)<0,"0",(C16-C15))*160 -> 0 | E16: =E15 -> 25288594 | F16: =IF((E16-E15)<0,"0",(E16-E15)) -> 0 | G16: =G15 -> 79096773 | H16: =IF((G16-G15)<0,"0",(G16-G15)) -> 0 | I16: =F16+H16 -> 0 | J16: =J15 -> 7667143 | K16: =IF((J16-J15)<0,"0",(J16-J15)) -> 0 | L16: =L15 -> 7676026 | M16: =IF((L16-L15)<0,"0",(L16-L15)) -> 0 | N16: =N15 -> 4987087 | O16: =(IF((N16-N15)<0,"0",(N16-N15)))*2 -> 0 | P16: =P15 -> 2748291 | Q16: =IF((P16-P15)<0,"0",(P16-P15)) -> 0 | R16: =R15 -> 16833741 | S16: =IF((R16-R15)<0,"0",(R16-R15)) -> 0 | T16: 0 | V16: =V15 -> 4405937 | W16: =IF((V16-V15)<0,"0",(V16-V15)) -> 0 | X16: =K16+M16+O16+Q16+S16+U16+W16 -> 0 | Y16: =I16-X16 -> 0 | Z16: =(0.93352*(W16+S16)+0.5568*(Q16+O16))*0.26 -> 0 | AA16: =SUM(Z13:Z16) -> 18571.053
A17: 44270 | B17: 132 | C17: =C16 -> 18033 | D17: =IF((C17-C16)<0,"0",(C17-C16))*160 -> 0 | E17: =E16 -> 25288594 | F17: =IF((E17-E16)<0,"0",(E17-E16)) -> 0 | G17: =G16 -> 79096773 | H17: =IF((G17-G16)<0,"0",(G17-G16)) -> 0 | I17: =F17+H17 -> 0 | J17: =J16 -> 7667143 | K17: =IF((J17-J16)<0,"0",(J17-J16)) -> 0 | L17: =L16 -> 7676026 | M17: =IF((L17-L16)<0,"0",(L17-L16)) -> 0 | N17: =N16 -> 4987087 | O17: =(IF((N17-N16)<0,"0",(N17-N16)))*2 -> 0 | P17: =P16 -> 2748291 | Q17: =IF((P17-P16)<0,"0",(P17-P16)) -> 0 | R17: 16849621 | S17: =IF((R17-R16)<0,"0",(R17-R16)) -> 15880 | T17: 0 | V17: =V16 -> 4405937 | W17: =IF((V17-V16)<0,"0",(V17-V16)) -> 0 | X17: =K17+M17+O17+Q17+S17+U17+W17 -> 15880 | Y17: =I17-X17 -> -15880 | Z17: =(0.93352*(W17+S17)+0.5568*(Q17+O17))*0.26 -> 3854.3174 | AA17: =SUM(Z14:Z17) -> 16071.132
A18: 44271 | B18: 97 | C18: 18036 | D18: =IF((C18-C17)<0,"0",(C18-C17))*160 -> 480 | E18: 25311544 | F18: =IF((E18-E17)<0,"0",(E18-E17)) -> 22950 | G18: 79218925 | H18: =IF((G18-G17)<0,"0",(G18-G17)) -> 122152 | I18: =F18+H18 -> 145102 | J18: 7679687 | K18: =IF((J18-J17)<0,"0",(J18-J17)) -> 12544 | L18: 7692327 | M18: =IF((L18-L17)<0,"0",(L18-L17)) -> 16301 | N18: 4990189 | O18: =(IF((N18-N17)<0,"0",(N18-N17)))*2 -> 6204 | P18: 2772568 | Q18: =IF((P18-P17)<0,"0",(P18-P17)) -> 24277 | R18: 16858366 | S18: =IF((R18-R17)<0,"0",(R18-R17)) -> 8745 | T18: 0 | V18: 4435204 | W18: =IF((V18-V17)<0,"0",(V18-V17)) -> 29267 | X18: =K18+M18+O18+Q18+S18+U18+W18 -> 97338 | Y18: =I18-X18 -> 47764 | Z18: =(0.93352*(W18+S18)+0.5568*(Q18+O18))*0.26 -> 13638.764 | AA18: =SUM(Z15:Z18) -> 23210.178
A19: 44272 | B19: 97 | C19: =C18 -> 18036 | D19: =IF((C19-C18)<0,"0",(C19-C18))*160 -> 0 | E19: =E18 -> 25311544 | F19: =IF((E19-E18)<0,"0",(E19-E18)) -> 0 | G19: =G18 -> 79218925 | H19: =IF((G19-G18)<0,"0",(G19-G18)) -> 0 | I19: =F19+H19 -> 0 | J19: =J18 -> 7679687 | K19: =IF((J19-J18)<0,"0",(J19-J18)) -> 0 | L19: =L18 -> 7692327 | M19: =IF((L19-L18)<0,"0",(L19-L18)) -> 0 | N19: =N18 -> 4990189 | O19: =(IF((N19-N18)<0,"0",(N19-N18)))*2 -> 0 | P19: =P18 -> 2772568 | Q19: =IF((P19-P18)<0,"0",(P19-P18)) -> 0 | R19: =R18 -> 16858366 | S19: =IF((R19-R18)<0,"0",(R19-R18)) -> 0 | T19: 0 | V19: =V18 -> 4435204 | W19: =IF((V19-V18)<0,"0",(V19-V18)) -> 0 | X19: =K19+M19+O19+Q19+S19+U19+W19 -> 0 | Y19: =I19-X19 -> 0 | Z19: =(0.93352*(W19+S19)+0.5568*(Q19+O19))*0.26 -> 0 | AA19: =SUM(Z16:Z19) -> 17493.081
A20: 44273 | B20: 95 | C20: =C19 -> 18036 | D20: =IF((C20-C19)<0,"0",(C20-C19))*160 -> 0 | E20: =E19 -> 25311544 | F20: =IF((E20-E19)<0,"0",(E20-E19)) -> 0 | G20: =G19 -> 79218925 | H20: =IF((G20-G19)<0,"0",(G20-G19)) -> 0 | I20: =F20+H20 -> 0 | J20: =J19 -> 7679687 | K20: =IF((J20-J19)<0,"0",(J20-J19)) -> 0 | L20: =L19 -> 7692327 | M20: =IF((L20-L19)<0,"0",(L20-L19)) -> 0 | N20: 4992861 | O20: =(IF((N20-N19)<0,"0",(N20-N19)))*2 -> 5344 | P20: =P19 -> 2772568 | Q20: =IF((P20-P19)<0,"0",(P20-P19)) -> 0 | R20: =R19 -> 16858366 | S20: =IF((R20-R19)<0,"0",(R20-R19)) -> 0 | T20: 0 | V20: =V19 -> 4435204 | W20: =IF((V20-V19)<0,"0",(V20-V19)) -> 0 | X20: =K20+M20+O20+Q20+S20+U20+W20 -> 5344 | Y20: =I20-X20 -> -5344 | Z20: =(0.93352*(W20+S20)+0.5568*(Q20+O20))*0.26 -> 773.64019 | AA20: =SUM(Z17:Z20) -> 18266.721
A21: 44274 | B21: 77 | C21: 18041 | D21: =IF((C21-C20)<0,"0",(C21-C20))*160 -> 800 | E21: 25339035 | F21: =IF((E21-E20)<0,"0",(E21-E20)) -> 27491 | G21: 79367997 | H21: =IF((G21-G20)<0,"0",(G21-G20)) -> 149072 | I21: =F21+H21 -> 176563 | J21: 7697365 | K21: =IF((J21-J20)<0,"0",(J21-J20)) -> 17678 | L21: 7711971 | M21: =IF((L21-L20)<0,"0",(L21-L20)) -> 19644 | N21: 4993850 | O21: =(IF((N21-N20)<0,"0",(N21-N20)))*2 -> 1978 | P21: 2801580 | Q21: =IF((P21-P20)<0,"0",(P21-P20)) -> 29012 | R21: 16887317 | S21: =IF((R21-R20)<0,"0",(R21-R20)) -> 28951 | T21: 0 | V21: 4470570 | W21: =IF((V21-V20)<0,"0",(V21-V20)) -> 35366 | X21: =K21+M21+O21+Q21+S21+U21+W21 -> 132629 | Y21: =I21-X21 -> 43934 | Z21: =(0.93352*(W21+S21)+0.5568*(Q21+O21))*0.26 -> 20097.074 | AA21: =SUM(Z18:Z21) -> 34509.478
A22: 44275 | B22: 124 | C22: 18044 | D22: =IF((C22-C21)<0,"0",(C22-C21))*160 -> 480 | E22: 25346284 | F22: =IF((E22-E21)<0,"0",(E22-E21)) -> 7249 | G22: 79410654 | H22: =IF((G22-G21)<0,"0",(G22-G21)) -> 42657 | I22: =F22+H22 -> 49906 | J22: 7702876 | K22: =IF((J22-J21)<0,"0",(J22-J21)) -> 5511 | L22: 7716980 | M22: =IF((L22-L21)<0,"0",(L22-L21)) -> 5009 | N22: 4994904 | O22: =(IF((N22-N21)<0,"0",(N22-N21)))*2 -> 2108 | P22: 2810259 | Q22: =IF((P22-P21)<0,"0",(P22-P21)) -> 8679 | R22: 16895915 | S22: =IF((R22-R21)<0,"0",(R22-R21)) -> 8598 | T22: 0 | V22: 4480184 | W22: =IF((V22-V21)<0,"0",(V22-V21)) -> 9614 | X22: =K22+M22+O22+Q22+S22+U22+W22 -> 39519 | Y22: =I22-X22 -> 10387 | Z22: =(0.93352*(W22+S22)+0.5568*(Q22+O22))*0.26 -> 5981.9416 | AA22: =SUM(Z19:Z22) -> 26852.656
A23: 44276 | B23: 111 | C23: 18046 | D23: =IF((C23-C22)<0,"0",(C23-C22))*160 -> 320 | E23: 25353833 | F23: =IF((E23-E22)<0,"0",(E23-E22)) -> 7549 | G23: 79449652 | H23: =IF((G23-G22)<0,"0",(G23-G22)) -> 38998 | I23: =F23+H23 -> 46547 | J23: 7708054 | K23: =IF((J23-J22)<0,"0",(J23-J22)) -> 5178 | L23: 7722262 | M23: =IF((L23-L22)<0,"0",(L23-L22)) -> 5282 | N23: 4995966 | O23: =(IF((N23-N22)<0,"0",(N23-N22)))*2 -> 2124 | P23: 2818927 | Q23: =IF((P23-P22)<0,"0",(P23-P22)) -> 8668 | R23: 16903776 | S23: =IF((R23-R22)<0,"0",(R23-R22)) -> 7861 | T23: 0 | V23: 4488966 | W23: =IF((V23-V22)<0,"0",(V23-V22)) -> 8782 | X23: =K23+M23+O23+Q23+S23+U23+W23 -> 37895 | Y23: =I23-X23 -> 8652 | Z23: =(0.93352*(W23+S23)+0.5568*(Q23+O23))*0.26 -> 5601.8453 | AA23: =SUM(Z20:Z23) -> 32454.501
A24: 44277 | B24: 115 | C24: 18049 | D24: =IF((C24-C23)<0,"0",(C24-C23))*160 -> 480 | E24: 25363895 | F24: =IF((E24-E23)<0,"0",(E24-E23)) -> 10062 | G24: 79501077 | H24: =IF((G24-G23)<0,"0",(G24-G23)) -> 51425 | I24: =F24+H24 -> 61487 | J24: 7714669 | K24: =IF((J24-J23)<0,"0",(J24-J23)) -> 6615 | L24: 7728606 | M24: =IF((L24-L23)<0,"0",(L24-L23)) -> 6344 | N24: 4997742 | O24: =(IF((N24-N23)<0,"0",(N24-N23)))*2 -> 3552 | P24: 2829925 | Q24: =IF((P24-P23)<0,"0",(P24-P23)) -> 10998 | R24: 16913518 | S24: =IF((R24-R23)<0,"0",(R24-R23)) -> 9742 | T24: 0 | V24: 4500060 | W24: =IF((V24-V23)<0,"0",(V24-V23)) -> 11094 | X24: =K24+M24+O24+Q24+S24+U24+W24 -> 48345 | Y24: =I24-X24 -> 13142 | Z24: =(0.93352*(W24+S24)+0.5568*(Q24+O24))*0.26 -> 7163.5883 | AA24: =SUM(Z21:Z24) -> 38844.449
A25: 44278 | B25: 111 | C25: 18051 | D25: =IF((C25-C24)<0,"0",(C25-C24))*160 -> 320 | E25: 25373723 | F25: =IF((E25-E24)<0,"0",(E25-E24)) -> 9828 | G25: 79547535 | H25: =IF((G25-G24)<0,"0",(G25-G24)) -> 46458 | I25: =F25+H25 -> 56286 | J25: 7720724 | K25: =IF((J25-J24)<0,"0",(J25-J24)) -> 6055 | L25: 7737785 | M25: =IF((L25-L24)<0,"0",(L25-L24)) -> 9179 | N25: 4999488 | O25: =(IF((N25-N24)<0,"0",(N25-N24)))*2 -> 3492 | P25: 2840621 | Q25: =IF((P25-P24)<0,"0",(P25-P24)) -> 10696 | R25: 16922637 | S25: =IF((R25-R24)<0,"0",(R25-R24)) -> 9119 | T25: 0 | V25: 4509945 | W25: =IF((V25-V24)<0,"0",(V25-V24)) -> 9885 | X25: =K25+M25+O25+Q25+S25+U25+W25 -> 48426 | Y25: =I25-X25 -> 7860 | Z25: =(0.93352*(W25+S25)+0.5568*(Q25+O25))*0.26 -> 6666.528 | AA25: =SUM(Z22:Z25) -> 25413.903
A26: 44279 | B26: 89 | C26: 18053 | D26: =IF((C26-C25)<0,"0",(C26-C25))*160 -> 320 | E26: 25382080 | F26: =IF((E26-E25)<0,"0",(E26-E25)) -> 8357 | G26: 79584313 | H26: =IF((G26-G25)<0,"0",(G26-G25)) -> 36778 | I26: =F26+H26 -> 45135 | J26: 7725355 | K26: =IF((J26-J25)<0,"0",(J26-J25)) -> 4631 | L26: 7739822 | M26: =IF((L26-L25)<0,"0",(L26-L25)) -> 2037 | N26: 5001079 | O26: =(IF((N26-N25)<0,"0",(N26-N25)))*2 -> 3182 | P26: 2847818 | Q26: =IF((P26-P25)<0,"0",(P26-P25)) -> 7197 | R26: 16930243 | S26: =IF((R26-R25)<0,"0",(R26-R25)) -> 7606 | T26: 0 | V26: 4518293 | W26: =IF((V26-V25)<0,"0",(V26-V25)) -> 8348 | X26: =K26+M26+O26+Q26+S26+U26+W26 -> 33001 | Y26: =I26-X26 -> 12134 | Z26: =(0.93352*(W26+S26)+0.5568*(Q26+O26))*0.26 -> 5374.8254 | AA26: =SUM(Z23:Z26) -> 24806.787
A27: 44280 | B27: 87 | C27: 18056 | D27: =IF((C27-C26)<0,"0",(C27-C26))*160 -> 480 | E27: 25392935 | F27: =IF((E27-E26)<0,"0",(E27-E26)) -> 10855 | G27: 79631594 | H27: =IF((G27-G26)<0,"0",(G27-G26)) -> 47281 | I27: =F27+H27 -> 58136 | J27: 7730705 | K27: =IF((J27-J26)<0,"0",(J27-J26)) -> 5350 | L27: 7747061 | M27: =IF((L27-L26)<0,"0",(L27-L26)) -> 7239 | N27: 5002800 | O27: =(IF((N27-N26)<0,"0",(N27-N26)))*2 -> 3442 | P27: 2856970 | Q27: =IF((P27-P26)<0,"0",(P27-P26)) -> 9152 | R27: 16940274 | S27: =IF((R27-R26)<0,"0",(R27-R26)) -> 10031 | T27: 0 | V27: 4529242 | W27: =IF((V27-V26)<0,"0",(V27-V26)) -> 10949 | X27: =K27+M27+O27+Q27+S27+U27+W27 -> 46163 | Y27: =I27-X27 -> 11973 | Z27: =(0.93352*(W27+S27)+0.5568*(Q27+O27))*0.26 -> 6915.3731 | AA27: =SUM(Z24:Z27) -> 26120.315
A28: 44281 | B28: 90 | C28: 18059 | D28: =IF((C28-C27)<0,"0",(C28-C27))*160 -> 480 | E28: 25400009 | F28: =IF((E28-E27)<0,"0",(E28-E27)) -> 7074 | G28: 79668441 | H28: =IF((G28-G27)<0,"0",(G28-G27)) -> 36847 | I28: =F28+H28 -> 43921 | J28: 7734421 | K28: =IF((J28-J27)<0,"0",(J28-J27)) -> 3716 | L28: 7751836 | M28: =IF((L28-L27)<0,"0",(L28-L27)) -> 4775 | N28: 5003868 | O28: =(IF((N28-N27)<0,"0",(N28-N27)))*2 -> 2136 | P28: 2863784 | Q28: =IF((P28-P27)<0,"0",(P28-P27)) -> 6814 | R28: 16948367 | S28: =IF((R28-R27)<0,"0",(R28-R27)) -> 8093 | T28: 0 | V28: 4537968 | W28: =IF((V28-V27)<0,"0",(V28-V27)) -> 8726 | X28: =K28+M28+O28+Q28+S28+U28+W28 -> 34260 | Y28: =I28-X28 -> 9661 | Z28: =(0.93352*(W28+S28)+0.5568*(Q28+O28))*0.26 -> 5377.9005 | AA28: =SUM(Z25:Z28) -> 24334.627
A29: 44282 | B29: 91 | C29: 18061 | D29: =IF((C29-C28)<0,"0",(C29-C28))*160 -> 320 | E29: 25408487 | F29: =IF((E29-E28)<0,"0",(E29-E28)) -> 8478 | G29: 79713898 | H29: =IF((G29-G28)<0,"0",(G29-G28)) -> 45457 | I29: =F29+H29 -> 53935 | J29: 7739047 | K29: =IF((J29-J28)<0,"0",(J29-J28)) -> 4626 | L29: 7757213 | M29: =IF((L29-L28)<0,"0",(L29-L28)) -> 5377 | N29: 5005342 | O29: =(IF((N29-N28)<0,"0",(N29-N28)))*2 -> 2948 | P29: 2871843 | Q29: =IF((P29-P28)<0,"0",(P29-P28)) -> 8059 | R29: 16958575 | S29: =IF((R29-R28)<0,"0",(R29-R28)) -> 10208 | T29: 0 | V29: 4548995 | W29: =IF((V29-V28)<0,"0",(V29-V28)) -> 11027 | X29: =K29+M29+O29+Q29+S29+U29+W29 -> 42245 | Y29: =I29-X29 -> 11690 | Z29: =(0.93352*(W29+S29)+0.5568*(Q29+O29))*0.26 -> 6747.5186 | AA29: =SUM(Z26:Z29) -> 24415.618
A30: 44283 | B30: 92 | C30: 18063 | D30: =IF((C30-C29)<0,"0",(C30-C29))*160 -> 320 | E30: 25416372 | F30: =IF((E30-E29)<0,"0",(E30-E29)) -> 7885 | G30: 79750805 | H30: =IF((G30-G29)<0,"0",(G30-G29)) -> 36907 | I30: =F30+H30 -> 44792 | J30: 7742954 | K30: =IF((J30-J29)<0,"0",(J30-J29)) -> 3907 | L30: 7762677 | M30: =IF((L30-L29)<0,"0",(L30-L29)) -> 5464 | N30: 5006485 | O30: =(IF((N30-N29)<0,"0",(N30-N29)))*2 -> 2286 | P30: 2876463 | Q30: =IF((P30-P29)<0,"0",(P30-P29)) -> 4620 | R30: 16966319 | S30: =IF((R30-R29)<0,"0",(R30-R29)) -> 7744 | T30: 0 | V30: 4557861 | W30: =IF((V30-V29)<0,"0",(V30-V29)) -> 8866 | X30: =K30+M30+O30+Q30+S30+U30+W30 -> 32887 | Y30: =I30-X30 -> 11905 | Z30: =(0.93352*(W30+S30)+0.5568*(Q30+O30))*0.26 -> 5031.2673 | AA30: =SUM(Z27:Z30) -> 24072.06
A31: 44284 | B31: 90 | C31: 18065 | D31: =IF((C31-C30)<0,"0",(C31-C30))*160 -> 320 | E31: 25423936 | F31: =IF((E31-E30)<0,"0",(E31-E30)) -> 7564 | G31: 79787625 | H31: =IF((G31-G30)<0,"0",(G31-G30)) -> 36820 | I31: =F31+H31 -> 44384 | J31: 7746870 | K31: =IF((J31-J30)<0,"0",(J31-J30)) -> 3916 | L31: 7767837 | M31: =IF((L31-L30)<0,"0",(L31-L30)) -> 5160 | N31: 5007617 | O31: =(IF((N31-N30)<0,"0",(N31-N30)))*2 -> 2264 | P31: 2885194 | Q31: =IF((P31-P30)<0,"0",(P31-P30)) -> 8731 | R31: 16974389 | S31: =IF((R31-R30)<0,"0",(R31-R30)) -> 8070 | T31: 0 | V31: 4566636 | W31: =IF((V31-V30)<0,"0",(V31-V30)) -> 8775 | X31: =K31+M31+O31+Q31+S31+U31+W31 -> 36916 | Y31: =I31-X31 -> 7468 | Z31: =(0.93352*(W31+S31)+0.5568*(Q31+O31))*0.26 -> 5680.2617 | AA31: =SUM(Z28:Z31) -> 22836.948
A32: 44285 | B32: 112 | C32: 18067 | D32: =IF((C32-C31)<0,"0",(C32-C31))*160 -> 320 | E32: 25433539 | F32: =IF((E32-E31)<0,"0",(E32-E31)) -> 9603 | G32: 79837635 | H32: =IF((G32-G31)<0,"0",(G32-G31)) -> 50010 | I32: =F32+H32 -> 59613 | J32: 7752235 | K32: =IF((J32-J31)<0,"0",(J32-J31)) -> 5365 | L32: 7774835 | M32: =IF((L32-L31)<0,"0",(L32-L31)) -> 6998 | N32: 5008835 | O32: =(IF((N32-N31)<0,"0",(N32-N31)))*2 -> 2436 | P32: 2893394 | Q32: =IF((P32-P31)<0,"0",(P32-P31)) -> 8200 | R32: 16985908 | S32: =IF((R32-R31)<0,"0",(R32-R31)) -> 11519 | T32: 0 | V32: 4578564 | W32: =IF((V32-V31)<0,"0",(V32-V31)) -> 11928 | X32: =K32+M32+O32+Q32+S32+U32+W32 -> 46446 | Y32: =I32-X32 -> 13167 | Z32: =(0.93352*(W32+S32)+0.5568*(Q32+O32))*0.26 -> 7230.6957 | AA32: =SUM(Z29:Z32) -> 24689.743
A33: 44286 | B33: 160 | C33: 18069 | D33: 320 | E33: 25442432 | F33: 8893 | G33: 79883133 | H33: 45508 | I33: 54401 | J33: 7757089 | K33: 4854 | L33: 7781096 | M33: 6261 | N33: 5010068 | O33: 2466 | P33: 2901868 | Q33: 8474 | R33: 16995683 | S33: 9775 | T33: 0 | V33: 4589219 | W33: 10650 | X33: 42480 | Y33: 11921 | Z33: 6541.2199 | AA33: 24533.201
A34: Total | B34: =SUM(B3:B33) -> 3319 | C34: =SUM(C2:C33) -> 577077 | D34: =SUM(D3:D33) -> 11520 | E34: 0 | F34: =SUM(F3:F33) -> 260940 | G34: 0 | H34: =SUM(H3:H33) -> 1382307 | I34: =SUM(I5:I33) -> 1569306 | J34: 0 | K34: =SUM(K3:K33) -> 161340 | L34: 0 | M34: =SUM(M3:M33) -> 180781 | N34: 0 | O34: =SUM(O3:O33) -> 75306 | P34: 0 | Q34: =SUM(Q3:Q33) -> 257142 | R34: 0 | S34: =SUM(S3:S33) -> 277153 | T34: =SUM(T5:T33) -> 0 | U34: =SUM(U5:U33) -> 0 | V34: 0 | W34: =SUM(W3:W33) -> 320804 | X34: =SUM(X3:X33) -> 1272526 | Y34: =SUM(Y3:Y33) -> 370721 | Z34: =SUM(Z3:Z33) -> 193261.08 | AA34: =SUM(AA5:AA33) -> 714536.65

Sheet Gas
A1: Day | B1: Main | C1: Cons.
A2: Last | B2: 17175001
A3: 44256 | B3: 17177470 | C3: =IF((B3-B2)<0,"0",(B3-B2)) -> 2469
A4: 44257 | B4: =B3 -> 17177470 | C4: =IF((B4-B3)<0,"0",(B4-B3)) -> 0
A5: 44258 | B5: =B4 -> 17177470 | C5: =IF((B5-B4)<0,"0",(B5-B4)) -> 0
A6: 44259 | B6: 17185501 | C6: =IF((B6-B5)<0,"0",(B6-B5)) -> 8031
A7: 44260 | B7: 17188423 | C7: =IF((B7-B6)<0,"0",(B7-B6)) -> 2922
A8: 44261 | B8: 17191222 | C8: =IF((B8-B7)<0,"0",(B8-B7)) -> 2799
A9: 44262 | B9: 17194549 | C9: =IF((B9-B8)<0,"0",(B9-B8)) -> 3327
A10: 44263 | B10: 17197552 | C10: =IF((B10-B9)<0,"0",(B10-B9)) -> 3003
A11: 44264 | B11: 17200460 | C11: =IF((B11-B10)<0,"0",(B11-B10)) -> 2908
A12: 44265 | B12: 17202930 | C12: =IF((B12-B11)<0,"0",(B12-B11)) -> 2470
A13: 44266 | B13: 17205803 | C13: =IF((B13-B12)<0,"0",(B13-B12)) -> 2873
A14: 44267 | B14: 17207511 | C14: =IF((B14-B13)<0,"0",(B14-B13)) -> 1708
A15: 44268 | B15: 17207511 | C15: =IF((B15-B14)<0,"0",(B15-B14)) -> 0
A16: 44269 | B16: 17207511 | C16: =IF((B16-B15)<0,"0",(B16-B15)) -> 0
A17: 44270 | B17: 17207511 | C17: =IF((B17-B16)<0,"0",(B17-B16)) -> 0
A18: 44271 | B18: 17217500 | C18: =IF((B18-B17)<0,"0",(B18-B17)) -> 9989
A19: 44272 | B19: =B18 -> 17217500 | C19: =IF((B19-B18)<0,"0",(B19-B18)) -> 0
A20: 44273 | B20: =B19 -> 17217500 | C20: =IF((B20-B19)<0,"0",(B20-B19)) -> 0
A21: 44274 | B21: 17225119 | C21: =IF((B21-B20)<0,"0",(B21-B20)) -> 7619
A22: 44275 | B22: 17227825 | C22: =IF((B22-B21)<0,"0",(B22-B21)) -> 2706
A23: 44276 | B23: 17230552 | C23: =IF((B23-B22)<0,"0",(B23-B22)) -> 2727
A24: 44277 | B24: 17233421 | C24: =IF((B24-B23)<0,"0",(B24-B23)) -> 2869
A25: 44278 | B25: 17236398 | C25: =IF((B25-B24)<0,"0",(B25-B24)) -> 2977
A26: 44279 | B26: 17238300 | C26: =IF((B26-B25)<0,"0",(B26-B25)) -> 1902
A27: 44280 | B27: 17239852 | C27: =IF((B27-B26)<0,"0",(B27-B26)) -> 1552
A28: 44281 | B28: 17241600 | C28: =IF((B28-B27)<0,"0",(B28-B27)) -> 1748
A29: 44282 | B29: 17243611 | C29: =IF((B29-B28)<0,"0",(B29-B28)) -> 2011
A30: 44283 | B30: 17245600 | C30: =IF((B30-B29)<0,"0",(B30-B29)) -> 1989
A31: 44284 | B31: 17247499 | C31: =IF((B31-B30)<0,"0",(B31-B30)) -> 1899
A32: 44285 | B32: 17250461 | C32: =IF((B32-B31)<0,"0",(B32-B31)) -> 2962
A33: 44286 | B33: 17252345 | C33: =IF((B33-B32)<0,"0",(B33-B32)) -> 1884
A34: Total | C34: =SUM(C6:C33) -> 74875

Sheet BTU
A1: Day | B1: Hotel | C1: Cons. Mwh | D1: Cost (LE) | E1: B.S | F1: Cons. Mwh | G1: Cost (LE) | H1: LS | I1: Cons.Mwh | J1: Cost (LE) | K1: AHU # 25 | L1: Cons.Mwh | M1: Cost (LE) | N1: Mall | O1: Cons.Mwh | P1: Cost (LE) | Q1: AHU # 9 | R1: Cons.Mwh | S1: Cost (LE) | T1: Total Cons. | U1: Total Cost (LE)
A2: Last | B2: 20149.321 | C2: 0 | D2: =C2*1.9*1000 -> 0 | E2: 3475.993 | F2: 0 | G2: =F2*1.9*1000 -> 0 | H2: 2570 | I2: 0 | J2: =I2*1.9*1000 -> 0 | K2: 13289.24 | L2: 0 | M2: =L2*1.9*1000 -> 0 | N2: 2933.895 | O2: 0 | P2: =O2*1.9*1000 -> 0 | Q2: 4707.56 | R2: 0 | S2: =R2*1.9*1000 -> 0 | T2: 0 | U2: =T2*1.9*1000 -> 0
A3: 44256 | B3: 20153.327 | C3: =IF((B3-B2)<0,"0",(B3-B2)) -> 4.006 | D3: =C3*1.9*1000 -> 7611.4 | E3: 3476.993 | F3: =IF((E3-E2)<0,"0",(E3-E2)) -> 1 | G3: =F3*1.9*1000 -> 1900 | H3: 2574 | I3: =IF((H3-H2)<0,"0",(H3-H2)) -> 4 | J3: =I3*1.9*1000 -> 7600 | K3: 13289.99 | L3: =IF((K3-K2)<0,"0",(K3-K2)) -> 0.75 | M3: =L3*1.9*1000 -> 1425 | N3: 2934.796 | O3: =IF((N3-N2)<0,"0",(N3-N2)) -> 0.901 | P3: =O3*1.9*1000 -> 1711.9 | Q3: 4708.47 | R3: =IF((Q3-Q2)<0,"0",(Q3-Q2)) -> 0.91 | S3: =R3*1.9*1000 -> 1729 | T3: =C3+F3+I3+L3+O3+R3 -> 11.567 | U3: =T3*1.9*1000 -> 21977.3
A4: 44257 | B4: =B3 -> 20153.327 | C4: =IF((B4-B3)<0,"0",(B4-B3)) -> 0 | D4: =C4*1.9*1000 -> 0 | E4: =E3 -> 3476.993 | F4: =IF((E4-E3)<0,"0",(E4-E3)) -> 0 | G4: =F4*1.9*1000 -> 0 | H4: =H3 -> 2574 | I4: =IF((H4-H3)<0,"0",(H4-H3)) -> 0 | J4: =I4*1.9*1000 -> 0 | K4: =K3 -> 13289.99 | L4: =IF((K4-K3)<0,"0",(K4-K3)) -> 0 | M4: =L4*1.9*1000 -> 0 | N4: 2909.2 | O4: =IF((N4-N3)<0,"0",(N4-N3)) -> 0 | P4: 0 | Q4: =Q3 -> 4708.47 | R4: =IF((Q4-Q3)<0,"0",(Q4-Q3)) -> 0 | S4: =R4*1.9*1000 -> 0 | T4: 0 | U4: =T4*1.9*1000 -> 0
A5: 44258 | B5: =B4 -> 20153.327 | C5: =IF((B5-B4)<0,"0",(B5-B4)) -> 0 | D5: =C5*1.9*1000 -> 0 | E5: =E4 -> 3476.993 | F5: =IF((E5-E4)<0,"0",(E5-E4)) -> 0 | G5: =F5*1.9*1000 -> 0 | H5: =H4 -> 2574 | I5: =IF((H5-H4)<0,"0",(H5-H4)) -> 0 | J5: =I5*1.9*1000 -> 0 | K5: =K4 -> 13289.99 | L5: =IF((K5-K4)<0,"0",(K5-K4)) -> 0 | M5: =L5*1.9*1000 -> 0 | N5: =N4 -> 2909.2 | O5: =IF((N5-N4)<0,"0",(N5-N4)) -> 0 | P5: =O5*1.9*1000 -> 0 | Q5: =Q4 -> 4708.47 | R5: =IF((Q5-Q4)<0,"0",(Q5-Q4)) -> 0 | S5: =R5*1.9*1000 -> 0 | T5: =C5+F5+I5+L5+O5+R5 -> 0 | U5: =T5*1.9*1000 -> 0
A6: 44259 | B6: 20164.424 | C6: =IF((B6-B5)<0,"0",(B6-B5)) -> 11.097 | D6: =C6*1.9*1000 -> 21084.3 | E6: 3479.987 | F6: =IF((E6-E5)<0,"0",(E6-E5)) -> 2.994 | G6: =F6*1.9*1000 -> 5688.6 | H6: 2586 | I6: =IF((H6-H5)<0,"0",(H6-H5)) -> 12 | J6: =I6*1.9*1000 -> 22800 | K6: 13291.33 | L6: =IF((K6-K5)<0,"0",(K6-K5)) -> 1.34 | M6: =L6*1.9*1000 -> 2546 | N6: 2937.737 | O6: =IF((N6-N5)<0,"0",(N6-N5)) -> 28.537 | P6: =O6*1.9*1000 -> 54220.3 | Q6: 4710.05 | R6: =IF((Q6-Q5)<0,"0",(Q6-Q5)) -> 1.58 | S6: =R6*1.9*1000 -> 3002 | T6: =C6+F6+I6+L6+O6+R6 -> 57.548 | U6: =T6*1.9*1000 -> 109341.2
A7: 44260 | B7: 20168.069 | C7: =IF((B7-B6)<0,"0",(B7-B6)) -> 3.645 | D7: =C7*1.9*1000 -> 6925.5 | E7: 3480.53 | F7: =IF((E7-E6)<0,"0",(E7-E6)) -> 0.543 | G7: =F7*1.9*1000 -> 1031.7 | H7: 2590 | I7: =IF((H7-H6)<0,"0",(H7-H6)) -> 4 | J7: =I7*1.9*1000 -> 7600 | K7: 13291.39 | L7: =IF((K7-K6)<0,"0",(K7-K6)) -> 0.06 | M7: =L7*1.9*1000 -> 114 | N7: 2938.722 | O7: =IF((N7-N6)<0,"0",(N7-N6)) -> 0.985 | P7: =O7*1.9*1000 -> 1871.5 | Q7: 4710.12 | R7: =IF((Q7-Q6)<0,"0",(Q7-Q6)) -> 0.07 | S7: =R7*1.9*1000 -> 133 | T7: =C7+F7+I7+L7+O7+R7 -> 9.303 | U7: =T7*1.9*1000 -> 17675.7
A8: 44261 | B8: 20171.912 | C8: =IF((B8-B7)<0,"0",(B8-B7)) -> 3.843 | D8: =C8*1.9*1000 -> 7301.7 | E8: 3481.209 | F8: =IF((E8-E7)<0,"0",(E8-E7)) -> 0.679 | G8: =F8*1.9*1000 -> 1290.1 | H8: 2594 | I8: =IF((H8-H7)<0,"0",(H8-H7)) -> 4 | J8: =I8*1.9*1000 -> 7600 | K8: 13291.39 | L8: =IF((K8-K7)<0,"0",(K8-K7)) -> 0 | M8: =L8*1.9*1000 -> 0 | N8: 2939.839 | O8: =IF((N8-N7)<0,"0",(N8-N7)) -> 1.117 | P8: =O8*1.9*1000 -> 2122.3 | Q8: 4710.22 | R8: =IF((Q8-Q7)<0,"0",(Q8-Q7)) -> 0.1 | S8: =R8*1.9*1000 -> 190 | T8: =C8+F8+I8+L8+O8+R8 -> 9.739 | U8: =T8*1.9*1000 -> 18504.1
A9: 44262 | B9: 20175.866 | C9: =IF((B9-B8)<0,"0",(B9-B8)) -> 3.954 | D9: =C9*1.9*1000 -> 7512.6 | E9: 3482.363 | F9: =IF((E9-E8)<0,"0",(E9-E8)) -> 1.154 | G9: =F9*1.9*1000 -> 2192.6 | H9: 2599 | I9: =IF((H9-H8)<0,"0",(H9-H8)) -> 5 | J9: =I9*1.9*1000 -> 9500 | K9: 13292.22 | L9: =IF((K9-K8)<0,"0",(K9-K8)) -> 0.83 | M9: =L9*1.9*1000 -> 1577 | N9: 2940.997 | O9: =IF((N9-N8)<0,"0",(N9-N8)) -> 1.158 | P9: =O9*1.9*1000 -> 2200.2 | Q9: 4710.55 | R9: =IF((Q9-Q8)<0,"0",(Q9-Q8)) -> 0.33 | S9: =R9*1.9*1000 -> 627 | T9: =C9+F9+I9+L9+O9+R9 -> 12.426 | U9: =T9*1.9*1000 -> 23609.4
A10: 44263 | B10: 20179.811 | C10: =IF((B10-B9)<0,"0",(B10-B9)) -> 3.945 | D10: =C10*1.9*1000 -> 7495.5 | E10: 3483.608 | F10: =IF((E10-E9)<0,"0",(E10-E9)) -> 1.245 | G10: =F10*1.9*1000 -> 2365.5 | H10: 2603 | I10: =IF((H10-H9)<0,"0",(H10-H9)) -> 4 | J10: =I10*1.9*1000 -> 7600 | K10: 13293.29 | L10: =IF((K10-K9)<0,"0",(K10-K9)) -> 1.07 | M10: =L10*1.9*1000 -> 2033 | N10: 2942.147 | O10: =IF((N10-N9)<0,"0",(N10-N9)) -> 1.15 | P10: =O10*1.9*1000 -> 2185 | Q10: 4711.49 | R10: =IF((Q10-Q9)<0,"0",(Q10-Q9)) -> 0.94 | S10: =R10*1.9*1000 -> 1786 | T10: =C10+F10+I10+L10+O10+R10 -> 12.35 | U10: =T10*1.9*1000 -> 23465
A11: 44264 | B11: 20183.738 | C11: =IF((B11-B10)<0,"0",(B11-B10)) -> 3.927 | D11: =C11*1.9*1000 -> 7461.3 | E11: 3484.983 | F11: =IF((E11-E10)<0,"0",(E11-E10)) -> 1.375 | G11: =F11*1.9*1000 -> 2612.5 | H11: 2608 | I11: =IF((H11-H10)<0,"0",(H11-H10)) -> 5 | J11: =I11*1.9*1000 -> 9500 | K11: 13293.43 | L11: =IF((K11-K10)<0,"0",(K11-K10)) -> 0.14 | M11: =L11*1.9*1000 -> 266 | N11: 2943.44 | O11: =IF((N11-N10)<0,"0",(N11-N10)) -> 1.293 | P11: =O11*1.9*1000 -> 2456.7 | Q11: 4712.04 | R11: =IF((Q11-Q10)<0,"0",(Q11-Q10)) -> 0.55 | S11: =R11*1.9*1000 -> 1045 | T11: =C11+F11+I11+L11+O11+R11 -> 12.285 | U11: =T11*1.9*1000 -> 23341.5
A12: 44265 | B12: 20188.628 | C12: =IF((B12-B11)<0,"0",(B12-B11)) -> 4.89 | D12: =C12*1.9*1000 -> 9291 | E12: 3486.549 | F12: =IF((E12-E11)<0,"0",(E12-E11)) -> 1.566 | G12: =F12*1.9*1000 -> 2975.4 | H12: 2614 | I12: =IF((H12-H11)<0,"0",(H12-H11)) -> 6 | J12: =I12*1.9*1000 -> 11400 | K12: 13294.78 | L12: =IF((K12-K11)<0,"0",(K12-K11)) -> 1.35 | M12: =L12*1.9*1000 -> 2565 | N12: 2944.948 | O12: =IF((N12-N11)<0,"0",(N12-N11)) -> 1.508 | P12: =O12*1.9*1000 -> 2865.2 | Q12: 4712.8 | R12: =IF((Q12-Q11)<0,"0",(Q12-Q11)) -> 0.76 | S12: =R12*1.9*1000 -> 1444 | T12: =C12+F12+I12+L12+O12+R12 -> 16.074 | U12: =T12*1.9*1000 -> 30540.6
A13: 44266 | B13: 20193.055 | C13: =IF((B13-B12)<0,"0",(B13-B12)) -> 4.427 | D13: =C13*1.9*1000 -> 8411.3 | E13: 3488.163 | F13: =IF((E13-E12)<0,"0",(E13-E12)) -> 1.614 | G13: =F13*1.9*1000 -> 3066.6 | H13: 2619 | I13: =IF((H13-H12)<0,"0",(H13-H12)) -> 5 | J13: =I13*1.9*1000 -> 9500 | K13: 13296.03 | L13: =IF((K13-K12)<0,"0",(K13-K12)) -> 1.25 | M13: =L13*1.9*1000 -> 2375 | N13: 2946.393 | O13: =IF((N13-N12)<0,"0",(N13-N12)) -> 1.445 | P13: =O13*1.9*1000 -> 2745.5 | Q13: 4713.46 | R13: =IF((Q13-Q12)<0,"0",(Q13-Q12)) -> 0.66 | S13: =R13*1.9*1000 -> 1254 | T13: =C13+F13+I13+L13+O13+R13 -> 14.396 | U13: =T13*1.9*1000 -> 27352.4
A14: 44267 | B14: 20197.373 | C14: =IF((B14-B13)<0,"0",(B14-B13)) -> 4.318 | D14: =C14*1.9*1000 -> 8204.2 | E14: 3488.8 | F14: =IF((E14-E13)<0,"0",(E14-E13)) -> 0.637 | G14: =F14*1.9*1000 -> 1210.3 | H14: 2624 | I14: =IF((H14-H13)<0,"0",(H14-H13)) -> 5 | J14: =I14*1.9*1000 -> 9500 | K14: 13297.29 | L14: =IF((K14-K13)<0,"0",(K14-K13)) -> 1.26 | M14: =L14*1.9*1000 -> 2394 | N14: 2947.576 | O14: =IF((N14-N13)<0,"0",(N14-N13)) -> 1.183 | P14: =O14*1.9*1000 -> 2247.7 | Q14: 4713.89 | R14: =IF((Q14-Q13)<0,"0",(Q14-Q13)) -> 0.43 | S14: =R14*1.9*1000 -> 817 | T14: =C14+F14+I14+L14+O14+R14 -> 12.828 | U14: =T14*1.9*1000 -> 24373.2
A15: 44268 | B15: 20201.374 | C15: =IF((B15-B14)<0,"0",(B15-B14)) -> 4.001 | D15: =C15*1.9*1000 -> 7601.9 | E15: 3489.428 | F15: =IF((E15-E14)<0,"0",(E15-E14)) -> 0.628 | G15: =F15*1.9*1000 -> 1193.2 | H15: 2629 | I15: =IF((H15-H14)<0,"0",(H15-H14)) -> 5 | J15: =I15*1.9*1000 -> 9500 | K15: 13297.49 | L15: =IF((K15-K14)<0,"0",(K15-K14)) -> 0.2 | M15: =L15*1.9*1000 -> 380 | N15: 2948.888 | O15: =IF((N15-N14)<0,"0",(N15-N14)) -> 1.312 | P15: =O15*1.9*1000 -> 2492.8 | Q15: 4714.03 | R15: =IF((Q15-Q14)<0,"0",(Q15-Q14)) -> 0.14 | S15: =R15*1.9*1000 -> 266 | T15: =C15+F15+I15+L15+O15+R15 -> 11.281 | U15: =T15*1.9*1000 -> 21433.9
A16: 44269 | B16: =B15 -> 20201.374 | C16: =IF((B16-B15)<0,"0",(B16-B15)) -> 0 | D16: =C16*1.9*1000 -> 0 | E16: =E15 -> 3489.428 | F16: =IF((E16-E15)<0,"0",(E16-E15)) -> 0 | G16: =F16*1.9*1000 -> 0 | H16: =H15 -> 2629 | I16: =IF((H16-H15)<0,"0",(H16-H15)) -> 0 | J16: =I16*1.9*1000 -> 0 | K16: =K15 -> 13297.49 | L16: =IF((K16-K15)<0,"0",(K16-K15)) -> 0 | M16: =L16*1.9*1000 -> 0 | N16: =N15 -> 2948.888 | O16: =IF((N16-N15)<0,"0",(N16-N15)) -> 0 | P16: =O16*1.9*1000 -> 0 | Q16: =Q15 -> 4714.03 | R16: =IF((Q16-Q15)<0,"0",(Q16-Q15)) -> 0 | S16: =R16*1.9*1000 -> 0 | T16: =C16+F16+I16+L16+O16+R16 -> 0 | U16: =T16*1.9*1000 -> 0
A17: 44270 | B17: =B16 -> 20201.374 | C17: =IF((B17-B16)<0,"0",(B17-B16)) -> 0 | D17: =C17*1.9*1000 -> 0 | E17: =E16 -> 3489.428 | F17: =IF((E17-E16)<0,"0",(E17-E16)) -> 0 | G17: =F17*1.9*1000 -> 0 | H17: =H16 -> 2629 | I17: =IF((H17-H16)<0,"0",(H17-H16)) -> 0 | J17: =I17*1.9*1000 -> 0 | K17: =K16 -> 13297.49 | L17: =IF((K17-K16)<0,"0",(K17-K16)) -> 0 | M17: =L17*1.9*1000 -> 0 | N17: =N16 -> 2948.888 | O17: =IF((N17-N16)<0,"0",(N17-N16)) -> 0 | P17: =O17*1.9*1000 -> 0 | Q17: =Q16 -> 4714.03 | R17: =IF((Q17-Q16)<0,"0",(Q17-Q16)) -> 0 | S17: =R17*1.9*1000 -> 0 | T17: =C17+F17+I17+L17+O17+R17 -> 0 | U17: =T17*1.9*1000 -> 0
A18: 44271 | B18: 20212.95 | C18: =IF((B18-B17)<0,"0",(B18-B17)) -> 11.576 | D18: =C18*1.9*1000 -> 21994.4 | E18: 3493.223 | F18: =IF((E18-E17)<0,"0",(E18-E17)) -> 3.795 | G18: =F18*1.9*1000 -> 7210.5 | H18: 2645 | I18: =IF((H18-H17)<0,"0",(H18-H17)) -> 16 | J18: =I18*1.9*1000 -> 30400 | K18: 13301.56 | L18: =IF((K18-K17)<0,"0",(K18-K17)) -> 4.07 | M18: =L18*1.9*1000 -> 7733 | N18: 2952.279 | O18: =IF((N18-N17)<0,"0",(N18-N17)) -> 3.391 | P18: =O18*1.9*1000 -> 6442.9 | Q18: 4715.53 | R18: =IF((Q18-Q17)<0,"0",(Q18-Q17)) -> 1.5 | S18: =R18*1.9*1000 -> 2850 | T18: =C18+F18+I18+L18+O18+R18 -> 40.332 | U18: =T18*1.9*1000 -> 76630.8
A19: 44272 | B19: =B18 -> 20212.95 | C19: =IF((B19-B18)<0,"0",(B19-B18)) -> 0 | D19: =C19*1.9*1000 -> 0 | E19: =E18 -> 3493.223 | F19: =IF((E19-E18)<0,"0",(E19-E18)) -> 0 | G19: =F19*1.9*1000 -> 0 | H19: =H18 -> 2645 | I19: =IF((H19-H18)<0,"0",(H19-H18)) -> 0 | J19: =I19*1.9*1000 -> 0 | K19: =K18 -> 13301.56 | L19: =IF((K19-K18)<0,"0",(K19-K18)) -> 0 | M19: =L19*1.9*1000 -> 0 | N19: =N18 -> 2952.279 | O19: =IF((N19-N18)<0,"0",(N19-N18)) -> 0 | P19: =O19*1.9*1000 -> 0 | Q19: =Q18 -> 4715.53 | R19: =IF((Q19-Q18)<0,"0",(Q19-Q18)) -> 0 | S19: =R19*1.9*1000 -> 0 | T19: =C19+F19+I19+L19+O19+R19 -> 0 | U19: =T19*1.9*1000 -> 0
A20: 44273 | B20: =B19 -> 20212.95 | C20: =IF((B20-B19)<0,"0",(B20-B19)) -> 0 | D20: =C20*1.9*1000 -> 0 | E20: =E19 -> 3493.223 | F20: =IF((E20-E19)<0,"0",(E20-E19)) -> 0 | G20: =F20*1.9*1000 -> 0 | H20: =H19 -> 2645 | I20: =IF((H20-H19)<0,"0",(H20-H19)) -> 0 | J20: =I20*1.9*1000 -> 0 | K20: =K19 -> 13301.56 | L20: =IF((K20-K19)<0,"0",(K20-K19)) -> 0 | M20: =L20*1.9*1000 -> 0 | N20: =N19 -> 2952.279 | O20: =IF((N20-N19)<0,"0",(N20-N19)) -> 0 | P20: =O20*1.9*1000 -> 0 | Q20: =Q19 -> 4715.53 | R20: 0 | S20: =R20*1.9*1000 -> 0 | T20: =C20+F20+I20+L20+O20+R20 -> 0 | U20: =T20*1.9*1000 -> 0
A21: 44274 | B21: 20225.706 | C21: =IF((B21-B20)<0,"0",(B21-B20)) -> 12.756 | D21: =C21*1.9*1000 -> 24236.4 | E21: 3496.668 | F21: =IF((E21-E20)<0,"0",(E21-E20)) -> 3.445 | G21: =F21*1.9*1000 -> 6545.5 | H21: 2659 | I21: =IF((H21-H20)<0,"0",(H21-H20)) -> 14 | J21: =I21*1.9*1000 -> 26600 | K21: 13305.58 | L21: =IF((K21-K20)<0,"0",(K21-K20)) -> 4.02 | M21: =L21*1.9*1000 -> 7638 | N21: 2955.735 | O21: =IF((N21-N20)<0,"0",(N21-N20)) -> 3.456 | P21: =O21*1.9*1000 -> 6566.4 | Q21: 4717.81 | R21: =IF((Q21-Q20)<0,"0",(Q21-Q20)) -> 2.28 | S21: =R21*1.9*1000 -> 4332 | T21: =C21+F21+I21+L21+O21+R21 -> 39.957 | U21: =T21*1.9*1000 -> 75918.3
A22: 44275 | B22: 20229.497 | C22: =IF((B22-B21)<0,"0",(B22-B21)) -> 3.791 | D22: =C22*1.9*1000 -> 7202.9 | E22: 3497.238 | F22: =IF((E22-E21)<0,"0",(E22-E21)) -> 0.57 | G22: =F22*1.9*1000 -> 1083 | H22: 2664 | I22: =IF((H22-H21)<0,"0",(H22-H21)) -> 5 | J22: =I22*1.9*1000 -> 9500 | K22: 13306.92 | L22: =IF((K22-K21)<0,"0",(K22-K21)) -> 1.34 | M22: =L22*1.9*1000 -> 2546 | N22: 2956.831 | O22: =IF((N22-N21)<0,"0",(N22-N21)) -> 1.096 | P22: =O22*1.9*1000 -> 2082.4 | Q22: 4718.28 | R22: =IF((Q22-Q21)<0,"0",(Q22-Q21)) -> 0.47 | S22: =R22*1.9*1000 -> 893 | T22: =C22+F22+I22+L22+O22+R22 -> 12.267 | U22: =T22*1.9*1000 -> 23307.3
A23: 44276 | B23: 20233.906 | C23: =IF((B23-B22)<0,"0",(B23-B22)) -> 4.409 | D23: =C23*1.9*1000 -> 8377.1 | E23: 3498.737 | F23: =IF((E23-E22)<0,"0",(E23-E22)) -> 1.499 | G23: =F23*1.9*1000 -> 2848.1 | H23: 2670 | I23: =IF((H23-H22)<0,"0",(H23-H22)) -> 6 | J23: =I23*1.9*1000 -> 11400 | K23: 13308.56 | L23: =IF((K23-K22)<0,"0",(K23-K22)) -> 1.64 | M23: =L23*1.9*1000 -> 3116 | N23: 2958.271 | O23: =IF((N23-N22)<0,"0",(N23-N22)) -> 1.44 | P23: =O23*1.9*1000 -> 2736 | Q23: 4718.49 | R23: =IF((Q23-Q22)<0,"0",(Q23-Q22)) -> 0.21 | S23: =R23*1.9*1000 -> 399 | T23: =C23+F23+I23+L23+O23+R23 -> 15.198 | U23: =T23*1.9*1000 -> 28876.2
A24: 44277 | B24: 20239.584 | C24: =IF((B24-B23)<0,"0",(B24-B23)) -> 5.678 | D24: =C24*1.9*1000 -> 10788.2 | E24: 3500.484 | F24: =IF((E24-E23)<0,"0",(E24-E23)) -> 1.747 | G24: =F24*1.9*1000 -> 3319.3 | H24: 2676 | I24: =IF((H24-H23)<0,"0",(H24-H23)) -> 6 | J24: =I24*1.9*1000 -> 11400 | K24: 13310.24 | L24: =IF((K24-K23)<0,"0",(K24-K23)) -> 1.68 | M24: =L24*1.9*1000 -> 3192 | N24: 2959.802 | O24: =IF((N24-N23)<0,"0",(N24-N23)) -> 1.531 | P24: =O24*1.9*1000 -> 2908.9 | Q24: 4719.2 | R24: =IF((Q24-Q23)<0,"0",(Q24-Q23)) -> 0.71 | S24: =R24*1.9*1000 -> 1349 | T24: =C24+F24+I24+L24+O24+R24 -> 17.346 | U24: =T24*1.9*1000 -> 32957.4
A25: 44278 | B25: 20245.671 | C25: =IF((B25-B24)<0,"0",(B25-B24)) -> 6.087 | D25: =C25*1.9*1000 -> 11565.3 | E25: 3502.41 | F25: =IF((E25-E24)<0,"0",(E25-E24)) -> 1.926 | G25: =F25*1.9*1000 -> 3659.4 | H25: 2683 | I25: =IF((H25-H24)<0,"0",(H25-H24)) -> 7 | J25: =I25*1.9*1000 -> 13300 | K25: 13311.81 | L25: =IF((K25-K24)<0,"0",(K25-K24)) -> 1.57 | M25: =L25*1.9*1000 -> 2983 | N25: 2961.191 | O25: =IF((N25-N24)<0,"0",(N25-N24)) -> 1.389 | P25: =O25*1.9*1000 -> 2639.1 | Q25: 4720.06 | R25: =IF((Q25-Q24)<0,"0",(Q25-Q24)) -> 0.86 | S25: =R25*1.9*1000 -> 1634 | T25: =C25+F25+I25+L25+O25+R25 -> 18.832 | U25: =T25*1.9*1000 -> 35780.8
A26: 44279 | B26: 20251.09 | C26: =IF((B26-B25)<0,"0",(B26-B25)) -> 5.419 | D26: =C26*1.9*1000 -> 10296.1 | E26: 3503.88 | F26: =IF((E26-E25)<0,"0",(E26-E25)) -> 1.47 | G26: =F26*1.9*1000 -> 2793 | H26: 2690 | I26: =IF((H26-H25)<0,"0",(H26-H25)) -> 7 | J26: =I26*1.9*1000 -> 13300 | K26: 13313.12 | L26: =IF((K26-K25)<0,"0",(K26-K25)) -> 1.31 | M26: =L26*1.9*1000 -> 2489 | N26: 2962.845 | O26: =IF((N26-N25)<0,"0",(N26-N25)) -> 1.654 | P26: =O26*1.9*1000 -> 3142.6 | Q26: 4721 | R26: =IF((Q26-Q25)<0,"0",(Q26-Q25)) -> 0.94 | S26: =R26*1.9*1000 -> 1786 | T26: =C26+F26+I26+L26+O26+R26 -> 17.793 | U26: =T26*1.9*1000 -> 33806.7
A27: 44280 | B27: 20255.174 | C27: =IF((B27-B26)<0,"0",(B27-B26)) -> 4.084 | D27: =C27*1.9*1000 -> 7759.6 | E27: 3505.017 | F27: =IF((E27-E26)<0,"0",(E27-E26)) -> 1.137 | G27: =F27*1.9*1000 -> 2160.3 | H27: 2695 | I27: =IF((H27-H26)<0,"0",(H27-H26)) -> 5 | J27: =I27*1.9*1000 -> 9500 | K27: 13314.25 | L27: =IF((K27-K26)<0,"0",(K27-K26)) -> 1.13 | M27: =L27*1.9*1000 -> 2147 | N27: 2964.454 | O27: =IF((N27-N26)<0,"0",(N27-N26)) -> 1.609 | P27: =O27*1.9*1000 -> 3057.1 | Q27: 4721.65 | R27: =IF((Q27-Q26)<0,"0",(Q27-Q26)) -> 0.65 | S27: =R27*1.9*1000 -> 1235 | T27: =C27+F27+I27+L27+O27+R27 -> 13.61 | U27: =T27*1.9*1000 -> 25859
A28: 44281 | B28: 20259.758 | C28: =IF((B28-B27)<0,"0",(B28-B27)) -> 4.584 | D28: =C28*1.9*1000 -> 8709.6 | E28: 3505.577 | F28: =IF((E28-E27)<0,"0",(E28-E27)) -> 0.56 | G28: =F28*1.9*1000 -> 1064 | H28: 2701 | I28: =IF((H28-H27)<0,"0",(H28-H27)) -> 6 | J28: =I28*1.9*1000 -> 11400 | K28: 13315.17 | L28: =IF((K28-K27)<0,"0",(K28-K27)) -> 0.92 | M28: =L28*1.9*1000 -> 1748 | N28: 2965.702 | O28: =IF((N28-N27)<0,"0",(N28-N27)) -> 1.248 | P28: =O28*1.9*1000 -> 2371.2 | Q28: 4721.98 | R28: =IF((Q28-Q27)<0,"0",(Q28-Q27)) -> 0.33 | S28: =R28*1.9*1000 -> 627 | T28: =C28+F28+I28+L28+O28+R28 -> 13.642 | U28: =T28*1.9*1000 -> 25919.8
A29: 44282 | B29: 20264.183 | C29: =IF((B29-B28)<0,"0",(B29-B28)) -> 4.425 | D29: =C29*1.9*1000 -> 8407.5 | E29: 3506.213 | F29: =IF((E29-E28)<0,"0",(E29-E28)) -> 0.636 | G29: =F29*1.9*1000 -> 1208.4 | H29: 2706 | I29: =IF((H29-H28)<0,"0",(H29-H28)) -> 5 | J29: =I29*1.9*1000 -> 9500 | K29: 13315.17 | L29: =IF((K29-K28)<0,"0",(K29-K28)) -> 0 | M29: =L29*1.9*1000 -> 0 | N29: 2967.017 | O29: =IF((N29-N28)<0,"0",(N29-N28)) -> 1.315 | P29: =O29*1.9*1000 -> 2498.5 | Q29: 4722.53 | R29: =IF((Q29-Q28)<0,"0",(Q29-Q28)) -> 0.55 | S29: =R29*1.9*1000 -> 1045 | T29: =C29+F29+I29+L29+O29+R29 -> 11.926 | U29: =T29*1.9*1000 -> 22659.4
A30: 44283 | B30: 20268.641 | C30: =IF((B30-B29)<0,"0",(B30-B29)) -> 4.458 | D30: =C30*1.9*1000 -> 8470.2 | E30: 3507.262 | F30: =IF((E30-E29)<0,"0",(E30-E29)) -> 1.049 | G30: =F30*1.9*1000 -> 1993.1 | H30: 2711 | I30: =IF((H30-H29)<0,"0",(H30-H29)) -> 5 | J30: =I30*1.9*1000 -> 9500 | K30: 13315.17 | L30: =IF((K30-K29)<0,"0",(K30-K29)) -> 0 | M30: =L30*1.9*1000 -> 0 | N30: 2968.37 | O30: =IF((N30-N29)<0,"0",(N30-N29)) -> 1.353 | P30: =O30*1.9*1000 -> 2570.7 | Q30: 4723.04 | R30: =IF((Q30-Q29)<0,"0",(Q30-Q29)) -> 0.51 | S30: =R30*1.9*1000 -> 969 | T30: =C30+F30+I30+L30+O30+R30 -> 12.37 | U30: =T30*1.9*1000 -> 23503
A31: 44284 | B31: 20272.973 | C31: =IF((B31-B30)<0,"0",(B31-B30)) -> 4.332 | D31: =C31*1.9*1000 -> 8230.8 | E31: 3508.45 | F31: =IF((E31-E30)<0,"0",(E31-E30)) -> 1.188 | G31: =F31*1.9*1000 -> 2257.2 | H31: 2717 | I31: =IF((H31-H30)<0,"0",(H31-H30)) -> 6 | J31: =I31*1.9*1000 -> 11400 | K31: 13315.17 | L31: =IF((K31-K30)<0,"0",(K31-K30)) -> 0 | M31: =L31*1.9*1000 -> 0 | N31: 2969.761 | O31: =IF((N31-N30)<0,"0",(N31-N30)) -> 1.391 | P31: =O31*1.9*1000 -> 2642.9 | Q31: 4722.79 | R31: =IF((Q31-Q30)<0,"0",(Q31-Q30)) -> 0 | S31: =R31*1.9*1000 -> 0 | T31: =C31+F31+I31+L31+O31+R31 -> 12.911 | U31: =T31*1.9*1000 -> 24530.9
A32: 44285 | B32: 20276.263 | C32: =IF((B32-B31)<0,"0",(B32-B31)) -> 3.29 | D32: =C32*1.9*1000 -> 6251 | E32: 3509.566 | F32: =IF((E32-E31)<0,"0",(E32-E31)) -> 1.116 | G32: =F32*1.9*1000 -> 2120.4 | H32: 2721 | I32: =IF((H32-H31)<0,"0",(H32-H31)) -> 4 | J32: =I32*1.9*1000 -> 7600 | K32: 13315.91 | L32: =IF((K32-K31)<0,"0",(K32-K31)) -> 0.74 | M32: =L32*1.9*1000 -> 1406 | N32: 2970.862 | O32: =IF((N32-N31)<0,"0",(N32-N31)) -> 1.101 | P32: =O32*1.9*1000 -> 2091.9 | Q32: 4723.67 | R32: =IF((Q32-Q31)<0,"0",(Q32-Q31)) -> 0.88 | S32: =R32*1.9*1000 -> 1672 | T32: =C32+F32+I32+L32+O32+R32 -> 11.127 | U32: =T32*1.9*1000 -> 21141.3
A33: 44286 | B33: 20280.445 | C33: 4.125 | D33: 7837.5 | E33: 3510.631 | F33: 1.291 | G33: 2452.9 | H33: 2727 | I33: 5 | J33: 9500 | K33: 13318.56 | L33: 0.81 | M33: 1539 | N33: 2972.187 | O33: 1.172 | P33: 2226.8 | Q33: 4724.13 | R33: 0.115 | S33: 218.5 | T33: 12.513 | U33: 23774.7
A34: Total | B34: =SUM(B2:B33) -> 646778.04 | C34: =SUM(C2:C33) -> 131.067 | D34: =SUM(D2:D33) -> 249027.3 | E34: =SUM(E2:E33) -> 111763.25 | F34: =SUM(F2:F33) -> 34.864 | G34: =SUM(G2:G33) -> 66241.6 | H34: =SUM(H2:H33) -> 84571 | I34: =SUM(I5:I33) -> 152 | J34: =SUM(J2:J33) -> 296400 | K34: =SUM(K2:K33) -> 425663.14 | L34: =SUM(L2:L33) -> 27.48 | M34: =SUM(M2:M33) -> 52212 | N34: =SUM(N2:N33) -> 94405.419 | O34: =SUM(O2:O33) -> 63.735 | P34: =SUM(P2:P33) -> 121096.5 | Q34: =SUM(Q2:Q33) -> 150900.9 | ... U34: =SUM(U2:U33) -> 816279.9

Sheet Energy Monthly Statement
A1: Energy Monthly Statement March 2021
B2: Plant room | C2: =K8+K9+K14 -> 382345 | D2: =C2*1.27 -> 485578.15 | H2: Electric
H3: Feeder 1 | I3: =ELECT.!E2 -> 25181492 | J3: =ELECT.!E33 -> 25442432 | K3: =J3-I3 -> 260940
B4: With out Plant room | C4: Kwh | D4: LE | H4: Feeder 2 | I4: =ELECT.!G2 -> 78500836 | J4: =ELECT.!G33 -> 79883133 | K4: =J4-I4 -> 1382297
B5: Hotel | C5: =(K10+K12)*0.842284+K26 -> 785386.11 | D5: =C5*1.27 -> 997440.36 | H5: Total | K5: =K3+K4 -> 1643237
B6: Plaza | C6: =(K10+K12+K26)*0.1488 -> 138427.3 | D6: =C6*1.27 -> 175802.67 | H6: Tr1 | I6: =ELECT.!J2 -> 7595749 | J6: =ELECT.!J33 -> 7757089 | K6: =J6-I6 -> 161340
B7: Large s. | C7: =(K6+K7)-(C8+C9+C10+C11+K26) -> 262713 | D7: =C7*1.27 -> 333645.51 | H7: Tr2 | I7: =ELECT.!L2 -> 7600315 | J7: =ELECT.!L33 -> 7781096 | K7: =J7-I7 -> 180781
B8: Mall | C8: =K21+K22+K23+K24 -> 35558 | D8: =C8*1.27 -> 45158.66 | H8: Tr3 | I8: =ELECT.!N2 -> 4972415 | J8: =ELECT.!N33 -> 5010068 | K8: =(J8-I8)*2 -> 75306
B9: EZZ | C9: =K25+K16+K17 -> 10469 | D9: =C9*1.27 -> 13295.63 | H9: Tr4 | I9: =ELECT.!P2 -> 2644726 | J9: =ELECT.!P33 -> 2901868 | K9: =J9-I9 -> 257142
B10: Citadle | C10: =K18 -> 18080 | D10: =C10*1.27 -> 22961.6 | H10: Tr5 | I10: =ELECT.!R2 -> 16718530 | J10: =ELECT.!R33 -> 16995683 | K10: =J10-I10 -> 277153
B11: CIB Bank | C11: =K19+K20 -> 3781 | D11: =C11*1.27 -> 4801.87 | H11: Tr6 | I11: 0 | J11: =ELECT.!J38 -> 0 | K11: =J11-I11 -> 0
H12: Tr7 | I12: =ELECT.!V2 -> 4268410 | J12: =ELECT.!V33 -> 4589219 | K12: =(J12-I12)*2 -> 641618
B13: Water | C13: M3 | D13: LE | H13: Total | K13: =SUM(K6:K12) -> 1593340
B14: Main | C14: =K29 -> 19030 | D14: =C14*10.03 -> 190870.9 | H14: loss | K14: =K5-K13 -> 49897
B15: Large suite | C15: =K30 -> 122.31 | D15: =C15*10.03 -> 1226.7693
B16: Plaza | C16: =(C14-C15-C17-C18-C19-C20-C21)*0.1318 -> 1724.9575 | D16: =C16*10.03 -> 17301.324 | H16: CO | I16: ='Mall, Citadel, Rotana'!T2 -> 3539 | J16: ='Mall, Citadel, Rotana'!T33 -> 3583 | K16: =(J16-I16)*160 -> 7040
B17: Mall | C17: 1420 | D17: =C17*10.03 -> 14242.6 | H17: RO1 | I17: ='Mall, Citadel, Rotana'!J2 -> 303517 | J17: ='Mall, Citadel, Rotana'!J33 -> 303517 | K17: =(J17-I17)*160 -> 0
B18: CIB Bank | C18: 200 | D18: =C18*10.03 -> 2006 | H18: RO2 | I18: ='Mall, Citadel, Rotana'!L2 -> 24670 | J18: ='Mall, Citadel, Rotana'!L33 -> 24783 | K18: =(J18-I18)*160 -> 18080
B19: EZZ | C19: 600 | D19: =C19*10.03 -> 6018 | E19: Estimated value as there is no water Flow meter | H19: CIB 1 | I19: ='Mall, Citadel, Rotana'!P2 -> 94770 | J19: ='Mall, Citadel, Rotana'!P33 -> 98551 | K19: =J19-I19 -> 3781
B20: Citadle | C20: 600 | D20: =C20*10.03 -> 6018 | H20: CIB E | I20: ='Mall, Citadel, Rotana'!R2 -> 55047 | J20: ='Mall, Citadel, Rotana'!R33 -> 55047 | K20: =J20-I20 -> 0
B21: Plant room | C21: 3000 | D21: =C21*10.03 -> 30090 | H21: R1 | I21: ='Mall, Citadel, Rotana'!B2 -> 44890 | J21: ='Mall, Citadel, Rotana'!B33 -> 45047 | K21: =(J21-I21)*120 -> 18840
B22: Hotel | C22: =C14-(C15+C16+C17+C18+C19+C20+C21) -> 11362.732 | D22: =C22*10.03 -> 113968.21 | H22: R2 | I22: ='Mall, Citadel, Rotana'!D2 -> 39308 | J22: ='Mall, Citadel, Rotana'!D33 -> 39395 | K22: =(J22-I22)*160 -> 13920
H23: R3 | I23: ='Mall, Citadel, Rotana'!F2 -> 20120 | J23: ='Mall, Citadel, Rotana'!F33 -> 20224 | K23: =(J23-I23)*20 -> 2080
B24: Gas | H24: R4 | I24: ='Mall, Citadel, Rotana'!H2 -> 239183 | J24: ='Mall, Citadel, Rotana'!H33 -> 239901 | K24: =J24-I24 -> 718
C25: M3 | D25: L.E | H25: RO.E | I25: ='Mall, Citadel, Rotana'!N2 -> 209638 | J25: ='Mall, Citadel, Rotana'!N33 -> 213067 | K25: =J25-I25 -> 3429
B26: Main | C26: =K35 -> 77344 | D26: =C26*3.65 -> 282305.6 | H26: New chiller | I26: =ELECT.!C2 -> 17997 | J26: =ELECT.!C33 -> 18069 | K26: =(J26-I26)*160 -> 11520
B27: Plant Room | C27: =C26 -> 77344 | D27: =C27*3.65 -> 282305.6
H28: Water
H29: Main Reading | I29: =Water!B2 -> 405614 | J29: =Water!B33 -> 407517 | K29: =(J29-I29)*10 -> 19030
H30: Large Reading | I30: =Water!H2 -> 721618 | J30: =Water!H33 -> 726148 | K30: =(J30-I30)*0.027 -> 122.31
H31: Pdium Reading | I31: =Water!D2 -> 3422000 | J31: =Water!D33 -> 3781100 | K31: =(J31-I31)*0.027 -> 9695.7
H32: Hotel reading | I32: =Water!F2 -> 2277500 | J32: =Water!F33 -> 2534500 | K32: =(J32-I32)*0.027 -> 6939
H34: Gas
H35: Main | I35: =Gas!B2 -> 17175001 | J35: =Gas!B33 -> 17252345 | K35: =J35-I35 -> 77344

Sheet Plaza and residential
C1: Floor | D1: Type | E1: Acutal till January 2021 | F1: Acutal till Februry 2021 | G1: Consumption | H1: Note | J1: Floor | K1: Type | L1: Acutal till Februry 2021 | M1: Acutal till March 2021 | N1: Consumption | O1: Note
C2: 6 | D2: Jade | E2: 272089 | F2: 274698 | G2: =F2-E2 -> 2609 | J2: 6 | K2: Jade | L2: 274698 | M2: 275850 | N2: =M2-L2 -> 1152
D3: Pearl | E3: 237334 | F3: 238756 | G3: =F3-E3 -> 1422 | K3: Pearl | L3: 238756 | M3: 239970 | N3: =M3-L3 -> 1214
D4: Topaz | E4: 186678 | F4: 187896 | G4: =F4-E4 -> 1218 | K4: Topaz | L4: 187896 | M4: 188683 | N4: =M4-L4 -> 787
C5: 7 | D5: Jade | E5: 234919 | F5: 235909 | G5: =F5-E5 -> 990 | J5: 7 | K5: Jade | L5: 235909 | M5: 236863 | N5: =M5-L5 -> 954
D6: Pearl | E6: 153441 | F6: 153504 | G6: =F6-E6 -> 63 | K6: Pearl | L6: 153504 | M6: 153544 | N6: =M6-L6 -> 40
D7: Topaz | E7: 115849 | F7: 116610 | G7: =F7-E7 -> 761 | K7: Topaz | L7: 116610 | M7: 117142 | N7: =M7-L7 -> 532
C8: 8 | D8: Jade | E8: 71827 | F8: 72003 | G8: =F8-E8 -> 176 | J8: 8 | K8: Jade | L8: 72003 | M8: 72212 | N8: =M8-L8 -> 209
D9: Pearl | E9: 1580 | F9: 1580 | G9: =F9-E9 -> 0 | K9: Pearl | L9: 158 | M9: 158 | N9: =M9-L9 -> 0
D10: Topaz | E10: 94047 | F10: 94510 | G10: =F10-E10 -> 463 | K10: Topaz | L10: 94510 | M10: 94935 | N10: =M10-L10 -> 425
C11: 9 | D11: Jade | E11: 34479 | F11: 39500 | G11: =F11-E11 -> 5021 | J11: 9 | K11: Jade | L11: 39500 | M11: 39500 | N11: =M11-L11 -> 0
D12: Pearl | E12: 0 | F12: 0 | G12: =F12-E12 -> 0 | K12: Pearl | L12: 0 | M12: 0 | N12: =M12-L12 -> 0
D13: Topaz | E13: 28176 | F13: 28245 | G13: =F13-E13 -> 69 | K13: Topaz | L13: 28245 | M13: 28318 | N13: =M13-L13 -> 73
C14: 10 | D14: Jade | E14: 185278 | F14: 187336 | G14: =F14-E14 -> 2058 | J14: 10 | K14: Jade | L14: 187336 | M14: 189237 | N14: =M14-L14 -> 1901
D15: Pearl | E15: 7705 | F15: 7717 | G15: =F15-E15 -> 12 | K15: Pearl | L15: 7717 | M15: 7717 | N15: =M15-L15 -> 0
D16: Topaz | E16: 179162 | F16: 180413 | G16: =F16-E16 -> 1251 | K16: Topaz | L16: 180413 | M16: 181852 | N16: =M16-L16 -> 1439
C17: 11 | D17: Jade | E17: 62746 | F17: 62793 | G17: =F17-E17 -> 47 | J17: 11 | K17: Jade | L17: 62793 | M17: 62836 | N17: =M17-L17 -> 43
D18: Pearl | E18: 206185 | F18: 208087 | G18: =F18-E18 -> 1902 | K18: Pearl | L18: 208087 | M18: 209562 | N18: =M18-L18 -> 1475
D19: Topaz | E19: 30413 | F19: 30454 | G19: =F19-E19 -> 41 | K19: Topaz | L19: 30454 | M19: 30495 | N19: =M19-L19 -> 41
C20: 12 | D20: Jade | E20: 144889 | F20: 144946 | G20: =F20-E20 -> 57 | J20: 12 | K20: Jade | L20: 144946 | M20: 145081 | N20: =M20-L20 -> 135
D21: Pearl | E21: 22263 | F21: 22284 | G21: =F21-E21 -> 21 | K21: Pearl | L21: 22284 | M21: 22318 | N21: =M21-L21 -> 34
D22: Topaz | E22: 234818 | F22: 235976 | G22: =F22-E22 -> 1158 | K22: Topaz | L22: 235976 | M22: 237679 | N22: =M22-L22 -> 1703
C23: 14 | D23: Jade | E23: 115980 | F23: 116112 | G23: =F23-E23 -> 132 | J23: 14 | K23: Jade | L23: 116112 | M23: 116245 | N23: =M23-L23 -> 133
D24: Pearl | E24: 23756 | F24: 23763 | G24: =F24-E24 -> 7 | K24: Pearl | L24: 23763 | M24: 23763 | N24: =M24-L24 -> 0
D25: Topaz | E25: 1916 | F25: 1916 | G25: =F25-E25 -> 0 | K25: Topaz | L25: 1916 | M25: 1957 | N25: =M25-L25 -> 41
C26: 15 | D26: Jade | E26: 39380 | F26: 39380 | G26: =F26-E26 -> 0 | J26: 15 | K26: Jade | L26: 39380 | M26: 39380 | N26: =M26-L26 -> 0
D27: Pearl | E27: 78699 | F27: 78845 | G27: =F27-E27 -> 146 | K27: Pearl | L27: 78845 | M27: 78969 | N27: =M27-L27 -> 124
D28: Topaz | E28: 148592 | F28: 149338 | G28: =F28-E28 -> 746 | K28: Topaz | L28: 149338 | M28: 150141 | N28: =M28-L28 -> 803
C29: 16 | D29: Jade | E29: 97965 | F29: 97965 | G29: =F29-E29 -> 0 | J29: 16 | K29: Jade | L29: 97965 | M29: 97965 | N29: =M29-L29 -> 0
D30: Pearl | E30: 58630 | F30: 58630 | G30: =F30-E30 -> 0 | K30: Pearl | L30: 58630 | M30: 58979 | N30: =M30-L30 -> 349
D31: Topaz | E31: 68411 | F31: 68462 | G31: =F31-E31 -> 51 | K31: Topaz | L31: 68462 | M31: 68462 | N31: =M31-L31 -> 0
C32: 17 | D32: Jade | E32: 31309 | F32: 31484 | G32: =F32-E32 -> 175 | J32: 17 | K32: Jade | L32: 31484 | M32: 31649 | N32: =M32-L32 -> 165
D33: Pearl | E33: 64144 | F33: 64144 | G33: =F33-E33 -> 0 | K33: Pearl | L33: 64144 | M33: 64144 | N33: =M33-L33 -> 0
D34: Topaz | E34: 11259 | F34: 11261 | G34: =F34-E34 -> 2 | K34: Topaz | L34: 11261 | M34: 11309 | N34: =M34-L34 -> 48
C35: 18 | D35: Jade | E35: 230291 | F35: 231326 | G35: =F35-E35 -> 1035 | J35: 18 | K35: Jade | L35: 231326 | M35: 232437 | N35: =M35-L35 -> 1111
D36: Pearl | E36: 16753 | F36: 16753 | G36: =F36-E36 -> 0 | K36: Pearl | L36: 16753 | M36: 16753 | N36: =M36-L36 -> 0
D37: Topaz | E37: 71607 | F37: 72822 | G37: =F37-E37 -> 1215 | K37: Topaz | L37: 72822 | M37: 74162 | N37: =M37-L37 -> 1340
C38: 19 | D38: Jade | E38: 20678 | F38: 20813 | G38: =F38-E38 -> 135 | J38: 19 | K38: Jade | L38: 20813 | M38: 20948 | N38: =M38-L38 -> 135
D39: Pearl | E39: 81679 | F39: 81825 | G39: =F39-E39 -> 146 | K39: Pearl | L39: 81825 | M39: 82016 | N39: =M39-L39 -> 191
D40: Topaz | E40: 52908 | F40: 52948 | G40: =F40-E40 -> 40 | K40: Topaz | L40: 52948 | M40: 53012 | N40: =M40-L40 -> 64
C41: 20 | D41: Jade | E41: 116094 | F41: 116595 | G41: =F41-E41 -> 501 | J41: 20 | K41: Jade | L41: 116595 | M41: 117288 | N41: =M41-L41 -> 693
D42: Pearl | E42: 68225 | F42: 68333 | G42: =F42-E42 -> 108 | K42: Pearl | L42: 68333 | M42: 68478 | N42: =M42-L42 -> 145
D43: Topaz | E43: 3223 | F43: 3224 | G43: =F43-E43 -> 1 | K43: Topaz | L43: 3224 | M43: 3234 | N43: =M43-L43 -> 10
C45: 21 | D45: Emerald | E45: 3114 | F45: 3182 | G45: =F45-E45 -> 68 | J45: 21 | K45: Emerald | L45: 3182 | M45: 3182 | N45: =M45-L45 -> 0
D46: Topaz | E46: 38096 | F46: 38125 | G46: =F46-E46 -> 29 | K46: Topaz | L46: 38125 | M46: 38125 | N46: =M46-L46 -> 0
C47: 22 | D47: Emerald | E47: 13917 | F47: 13917 | G47: =F47-E47 -> 0 | J47: 22 | K47: Emerald | L47: 13917 | M47: 13917 | N47: =M47-L47 -> 0
D48: Topaz | E48: 18873 | F48: 19003 | G48: =F48-E48 -> 130 | K48: Topaz | L48: 19003 | M48: 19003 | N48: =M48-L48 -> 0
C49: 23 | D49: Emerald | G49: =F49-E49 -> 0 | J49: 23 | K49: Emerald | N49: =M49-L49 -> 0
D50: Topaz | G50: =F50-E50 -> 0 | K50: Topaz | N50: =M50-L50 -> 0
C52: 24 | D52: Sapphire | E52: 236508 | F52: 237611 | G52: =F52-E52 -> 1103 | J52: 24 | K52: Sapphire | L52: 237611 | M52: 238619 | N52: =M52-L52 -> 1008
D53: Ruby | E53: 533385 | F53: 533854 | G53: =F53-E53 -> 469 | K53: Ruby | L53: 533854 | M53: 534339 | N53: =M53-L53 -> 485
D54: Sapphire | E54: 34567 | F54: 34567 | G54: =F54-E54 -> 0 | K54: Sapphire | L54: 34567 | M54: 34567 | N54: =M54-L54 -> 0
C55: 25 | D55: Sapphire | E55: 330 | F55: 330 | G55: =F55-E55 -> 0 | J55: 25 | K55: Sapphire | L55: 330 | M55: 330 | N55: =M55-L55 -> 0
D56: Ruby | E56: 3 | F56: 3 | G56: =F56-E56 -> 0 | K56: Ruby | L56: 3 | M56: 3 | N56: =M56-L56 -> 0
C57: 26 | D57: Sapphire | E57: 685258 | F57: 688763 | G57: =F57-E57 -> 3505 | J57: 26 | K57: Sapphire | L57: 688763 | M57: 692347 | N57: =M57-L57 -> 3584
D58: Ruby | E58: 750021 | F58: 754384 | G58: =F58-E58 -> 4363 | K58: Ruby | L58: 754384 | M58: 758854 | N58: =M58-L58 -> 4470
C59: 27 | D59: Sapphire | E59: 233248 | F59: 234450 | G59: =F59-E59 -> 1202 | J59: 27 | K59: Sapphire | L59: 234450 | M59: 235568 | N59: =M59-L59 -> 1118
D60: Ruby | E60: 93345 | F60: 95207 | G60: =F60-E60 -> 1862 | K60: Ruby | L60: 95207 | M60: 96054 | N60: =M60-L60 -> 847
C62: 28 | D62: Diamond | H62: without | J62: 28 | K62: Diamond | O62: without
C64: Total Electricity Consumption KW | G64: =SUM(G2:G63) -> 36510 | J64: Total Electricity Consumption KW | N64: =SUM(N2:N63) -> 29021
B69: 44228 | G69: 44256 | L69: Cons.
B70: Floor | C70: 30 | D70: 35,40 | E70: 45,50 | G70: Floor | H70: 30 | I70: 35,40 | J70: 45,50 | L70: Floor | M70: 30 | N70: 35,40 | O70: 45,50
B71: 6 | C71: 90775 | D71: 54843 | E71: 78552 | G71: 6 | H71: 91470 | I71: 54889 | J71: 78552 | L71: 6 | M71: =H71-C71 -> 695 | N71: =I71-D71 -> 46 | O71: =J71-E71 -> 0
B72: 7 | C72: 94967 | D72: 103139 | E72: 62576 | G72: 7 | H72: 95126 | I72: 103305 | J72: 62782 | L72: 7 | M72: =H72-C72 -> 159 | N72: =I72-D72 -> 166 | O72: =J72-E72 -> 206
B73: 8 | C73: 110347 | D73: 242489 | E73: 105323 | G73: 8 | H73: 110953 | I73: 242857 | J73: 105408 | L73: 8 | M73: =H73-C73 -> 606 | N73: =I73-D73 -> 368 | O73: =J73-E73 -> 85
B74: 9 | C74: 67954 | D74: 148472 | E74: 147276 | G74: 9 | H74: 68063 | I74: 149328 | J74: 148112 | L74: 9 | M74: =H74-C74 -> 109 | N74: =I74-D74 -> 856 | O74: =J74-E74 -> 836
B75: 10 | C75: 68687 | D75: 110346 | E75: 140694 | G75: 10 | H75: 69195 | I75: 110744 | J75: 141284 | L75: 10 | M75: =H75-C75 -> 508 | N75: =I75-D75 -> 398 | O75: =J75-E75 -> 590
B76: 11 | C76: 150937 | D76: 179158 | E76: 210113 | G76: 11 | H76: 151372 | I76: 179549 | J76: 210251 | L76: 11 | M76: =H76-C76 -> 435 | N76: =I76-D76 -> 391 | O76: =J76-E76 -> 138
B77: 12 | C77: 146499 | D77: 95492 | E77: 100024 | G77: 12 | H77: 147165 | I77: 95707 | J77: 100054 | L77: 12 | M77: =H77-C77 -> 666 | N77: =I77-D77 -> 215 | O77: =J77-E77 -> 30
B78: 14 | C78: 123654 | D78: 47628 | E78: 50623 | G78: 14 | H78: 123657 | I78: 47659 | J78: 50711 | L78: 14 | M78: =H78-C78 -> 3 | N78: =I78-D78 -> 31 | O78: =J78-E78 -> 88
B79: 15 | C79: 164622 | D79: 143229 | E79: 155553 | G79: 15 | H79: 165166 | I79: 144390 | J79: 156136 | L79: 15 | M79: =H79-C79 -> 544 | N79: =I79-D79 -> 1161 | O79: =J79-E79 -> 583
B80: 16 | C80: 120434 | D80: 144955 | E80: 214702 | G80: 16 | H80: 120591 | I80: 145481 | J80: 214855 | L80: 16 | M80: =H80-C80 -> 157 | N80: =I80-D80 -> 526 | O80: =J80-E80 -> 153
B81: 17 | C81: 38476 | D81: 84120 | E81: 201146 | G81: 17 | H81: 38476 | I81: 84399 | J81: 201455 | L81: 17 | M81: =H81-C81 -> 0 | N81: =I81-D81 -> 279 | O81: =J81-E81 -> 309
B82: 18 | C82: 135815 | D82: 71782 | E82: 161761 | G82: 18 | H82: 135942 | I82: 71992 | J82: 162109 | L82: 18 | M82: =H82-C82 -> 127 | N82: =I82-D82 -> 210 | O82: =J82-E82 -> 348
... B92: 28 | C92: 192744 | D92: 101904 | E92: 109404 | G92: 28 | H92: 193617 | I92: 101990 | J92: 109763 | L92: 28 | M92: =H92-C92 -> 873 | N92: =I92-D92 -> 86 | O92: =J92-E92 -> 359
B93: 29 | D93: 79720 | G93: 29 | I93: 79720 | L93: 29 | M93: =H93-C93 -> 0 | N93: =I93-D93 -> 0
B94: 30 | D94: 14818 | G94: 30 | I94: 14818 | L94: 30 | M94: =H94-C94 -> 0 | N94: =I94-D94 -> 0
