Workbook

Sheet TOTAL
A1: Site Name | B1: Day | C1: Month | D1: Year | E1: Total Electricity Kwh | F1: Electricity Tariff ($/Kwh) | G1: Natual Gas (m3) | H1: Natural Gas $/m3 | I1: Water Utility Supply (m3) m3 | J1: Water Utility Supply (m3) $/m3 | K1: Room Nights | L1: Total Guests | M1: Utilities day cost dh
A2: Jakarta | B2: 1 | C2: 3 | D2: 2021 | E2: =Electricity!H6 -> 19356 | F2: =Electricity!O6/Electricity!H6 -> 1172.0726 | G2: =Gas!D5 -> 79.81 | H2: 27.16 | I2: =Water!C5 -> 162 | J2: 0.895 | K2: 101 | L2: 202 | M2: =E2*F2+G2*H2+#REF!*#REF!+I2*J2 -> #REF!
A3: Jakarta | B3: =B2+1 -> 2 | C3: 3 | D3: 2021 | E3: =Electricity!H7 -> 19448 | F3: =Electricity!O7/Electricity!H7 -> 1162.9624 | G3: =Gas!D6 -> 77.64 | H3: 27.16 | I3: =Water!C6 -> 165 | J3: 0.895 | K3: 89 | L3: 177 | M3: =E3*F3+G3*H3+#REF!*#REF!+I3*J3 -> #REF!
A4: Jakarta | B4: =B3+1 -> 3 | C4: 3 | D4: 2021 | E4: =Electricity!H8 -> 19984 | F4: =Electricity!O8/Electricity!H8 -> 1153.7648 | G4: =Gas!D7 -> 99.29 | H4: 27.16 | I4: =Water!C7 -> 178 | J4: 0.895 | K4: 68 | L4: 134 | M4: =E4*F4+G4*H4+#REF!*#REF!+I4*J4 -> #REF!
A5: Jakarta | B5: =B4+1 -> 4 | C5: 3 | D5: 2021 | E5: =Electricity!H9 -> 19118 | F5: =Electricity!O9/Electricity!H9 -> 1157.2552 | G5: =Gas!D8 -> 83.75 | H5: 27.16 | I5: =Water!C8 -> 152 | J5: 0.895 | K5: 48 | L5: 95 | M5: =E5*F5+G5*H5+#REF!*#REF!+I5*J5 -> #REF!
A6: Jakarta | B6: =B5+1 -> 5 | C6: 3 | D6: 2021 | E6: =Electricity!H10 -> 19854 | F6: =Electricity!O10/Electricity!H10 -> 1159.6536 | G6: =Gas!D9 -> 125.84 | H6: 27.16 | I6: =Water!C9 -> 138 | J6: 0.895 | K6: 41 | L6: 77 | M6: =E6*F6+G6*H6+#REF!*#REF!+I6*J6 -> #REF!
A7: Jakarta | B7: =B6+1 -> 6 | C7: 3 | D7: 2021 | E7: =Electricity!H11 -> 21212 | F7: =Electricity!O11/Electricity!H11 -> 1160.0497 | G7: =Gas!D10 -> 121.79 | H7: 27.16 | I7: =Water!C10 -> 155 | J7: 0.895 | K7: 40 | L7: 70 | M7: =E7*F7+G7*H7+#REF!*#REF!+I7*J7 -> #REF!
A8: Jakarta | B8: =B7+1 -> 7 | C8: 3 | D8: 2021 | E8: =Electricity!H12 -> 21326 | F8: =Electricity!O12/Electricity!H12 -> 1159.4014 | G8: =Gas!D11 -> 134.66 | H8: 27.16 | I8: =Water!C11 -> 172 | J8: 0.895 | K8: 57 | L8: 100 | M8: =E8*F8+G8*H8+#REF!*#REF!+I8*J8 -> #REF!
A9: Jakarta | B9: =B8+1 -> 8 | C9: 3 | D9: 2021 | E9: =Electricity!H13 -> 19726 | F9: =Electricity!O13/Electricity!H13 -> 1162.2569 | G9: =Gas!D12 -> 93.73 | H9: 27.16 | I9: =Water!C12 -> 137 | J9: 0.895 | K9: 60 | L9: 105 | M9: =E9*F9+G9*H9+#REF!*#REF!+I9*J9 -> #REF!
A10: Jakarta | B10: =B9+1 -> 9 | C10: 3 | D10: 2021 | E10: =Electricity!H14 -> 19198 | F10: =Electricity!O14/Electricity!H14 -> 1161.1575 | G10: =Gas!D13 -> 91.51 | H10: 27.16 | I10: =Water!C13 -> 156 | J10: 0.895 | K10: 44 | L10: 80 | M10: =E10*F10+G10*H10+#REF!*#REF!+I10*J10 -> #REF!
A11: Jakarta | B11: =B10+1 -> 10 | C11: 3 | D11: 2021 | E11: =Electricity!H15 -> 19080 | F11: =Electricity!O15/Electricity!H15 -> 1159.1127 | G11: =Gas!D14 -> 73.7 | H11: 27.16 | I11: =Water!C14 -> 185 | J11: 0.895 | K11: 69 | L11: 132 | M11: =E11*F11+G11*H11+#REF!*#REF!+I11*J11 -> #REF!
A12: Jakarta | B12: =B11+1 -> 11 | C12: 3 | D12: 2021 | E12: =Electricity!H16 -> 19532 | F12: =Electricity!O16/Electricity!H16 -> 1153.1543 | G12: =Gas!D15 -> 89.92 | H12: 27.16 | I12: =Water!C15 -> 171 | J12: 0.895 | K12: 34 | L12: 69 | M12: =E12*F12+G12*H12+#REF!*#REF!+I12*J12 -> #REF!
A13: Jakarta | B13: =B12+1 -> 12 | C13: 3 | D13: 2021 | E13: =Electricity!H17 -> 20208 | F13: =Electricity!O17/Electricity!H17 -> 1159.5062 | G13: =Gas!D16 -> 134.73 | H13: 27.16 | I13: =Water!C16 -> 121 | J13: 0.895 | K13: 29 | L13: 54 | M13: =E13*F13+G13*H13+#REF!*#REF!+I13*J13 -> #REF!
A14: Jakarta | B14: =B13+1 -> 13 | C14: 3 | D14: 2021 | E14: =Electricity!H18 -> 20754 | F14: =Electricity!O18/Electricity!H18 -> 1158.9706 | G14: =Gas!D17 -> 146.48 | H14: 27.16 | I14: =Water!C17 -> 137 | J14: 0.895 | K14: 19 | L14: 33 | M14: =E14*F14+G14*H14+#REF!*#REF!+I14*J14 -> #REF!
... A31: Jakarta | B31: =B30+1 -> 30 | C31: 3 | D31: 2021 | E31: =Electricity!H35 -> 19156 | F31: =Electricity!O35/Electricity!H35 -> 1156.6304 | G31: =Gas!D34 -> 114.29 | H31: 27.16 | I31: =Water!C34 -> 150 | J31: 0.895 | K31: 65 | L31: 120 | M31: =E31*F31+G31*H31+#REF!*#REF!+I31*J31 -> #REF!
A32: Jakarta | B32: =B31+1 -> 31 | C32: 3 | D32: 2021 | E32: =Electricity!H36 -> 18604 | F32: =Electricity!O36/Electricity!H36 -> 1158.3766 | G32: =Gas!D35 -> 87.77 | H32: 27.16 | I32: =Water!C35 -> 204 | J32: 0.895 | K32: 63 | L32: 118

Sheet Electricity
B1: Electricity Distribution 2021
B2: Date | E2: Cost per kWh in Rupiah ( Rp) | F2: HOTEL DAILY ELECTRICITY METER
F3: Peak Hour | G3: Low Peak Hour | H3: Total Metering | I3: Sub Metering | K3: Total Cost | N3: Tax for public service3% | O3: TOTAL BILL
F4: ( 17:01-22:00) | G4: ( 22:01 -17:00) | H4: 24 Hour | I4: Chiller | J4: Other | K4: Peak Hour | L4: Low Peak Hour | M4: Total (Rp)
C5: Room Nights | D5: Total Guests | E5: 1035.78 | F5: kWh | G5: kWh | H5: kWh | I5: kWh | J5: kWh | K5: Rupiah | L5: Rupiah | M5: Rupiah | N5: Rupiah | O5: Rupiah
B6: 43831 | C6: 101 | D6: 202 | E6: =$E$5 -> 1035.78 | F6: 3818 | G6: 15538 | H6: =G6+F6 -> 19356 | I6: 6663 | J6: =+H6-I6 -> 12693 | K6: =F6*1.5*E6 -> 5931912.1 | L6: =G6*E6 -> 16093950 | M6: =L6+K6 -> 22025862 | N6: =M6*0.03 -> 660775.85 | O6: =M6+N6 -> 22686638
B7: 43832 | C7: 89 | D7: 177 | E7: =$E$5 -> 1035.78 | F7: 3504 | G7: 15944 | H7: =G7+F7 -> 19448 | I7: 6795 | J7: =+H7-I7 -> 12653 | K7: =F7*1.5*E7 -> 5444059.7 | L7: =G7*E7 -> 16514476 | M7: =L7+K7 -> 21958536 | N7: =M7*0.03 -> 658756.08 | O7: =M7+N7 -> 22617292
B8: 43833 | C8: 68 | D8: 134 | E8: =$E$5 -> 1035.78 | F8: 3256 | G8: 16728 | H8: =G8+F8 -> 19984 | I8: 6795 | J8: =+H8-I8 -> 13189 | K8: =F8*1.5*E8 -> 5058749.5 | L8: =G8*E8 -> 17326528 | M8: =L8+K8 -> 22385277 | N8: =M8*0.03 -> 671558.32 | O8: =M8+N8 -> 23056836
B9: 43834 | C9: 48 | D9: 95 | E9: =$E$5 -> 1035.78 | F9: 3240 | G9: 15878 | H9: =G9+F9 -> 19118 | I9: 6795 | J9: =+H9-I9 -> 12323 | K9: =F9*1.5*E9 -> 5033890.8 | L9: =G9*E9 -> 16446115 | M9: =L9+K9 -> 21480006 | N9: =M9*0.03 -> 644400.17 | O9: =M9+N9 -> 22124406
B10: 43835 | C10: 41 | D10: 77 | E10: =$E$5 -> 1035.78 | F10: 3454 | G10: 16400 | H10: =G10+F10 -> 19854 | I10: 6795 | J10: =+H10-I10 -> 13059 | K10: =F10*1.5*E10 -> 5366376.2 | L10: =G10*E10 -> 16986792 | M10: =L10+K10 -> 22353168 | N10: =M10*0.03 -> 670595.05 | O10: =M10+N10 -> 23023763
B11: 43836 | C11: 40 | D11: 70 | E11: =$E$5 -> 1035.78 | F11: 3706 | G11: 17506 | H11: =G11+F11 -> 21212 | I11: 6795 | J11: =+H11-I11 -> 14417 | K11: =F11*1.5*E11 -> 5757901 | L11: =G11*E11 -> 18132365 | M11: =L11+K11 -> 23890266 | N11: =M11*0.03 -> 716707.97 | O11: =M11+N11 -> 24606974
B12: 43837 | C12: 57 | D12: 100 | E12: =$E$5 -> 1035.78 | F12: 3700 | G12: 17626 | H12: =G12+F12 -> 21326 | I12: 6795 | J12: =+H12-I12 -> 14531 | K12: =F12*1.5*E12 -> 5748579 | L12: =G12*E12 -> 18256658 | M12: =L12+K12 -> 24005237 | N12: =M12*0.03 -> 720157.12 | O12: =M12+N12 -> 24725394
B13: 43838 | C13: 60 | D13: 105 | E13: =$E$5 -> 1035.78 | F13: 3528 | G13: 16198 | H13: =G13+F13 -> 19726 | I13: 6795 | J13: =+H13-I13 -> 12931 | K13: =F13*1.5*E13 -> 5481347.8 | L13: =G13*E13 -> 16777564 | M13: =L13+K13 -> 22258912 | N13: =M13*0.03 -> 667767.37 | O13: =M13+N13 -> 22926680
B14: 43839 | C14: 44 | D14: 80 | E14: =$E$5 -> 1035.78 | F14: 3394 | G14: 15804 | H14: =G14+F14 -> 19198 | I14: 6795 | J14: =+H14-I14 -> 12403 | K14: =F14*1.5*E14 -> 5273156 | L14: =G14*E14 -> 16369467 | M14: =L14+K14 -> 21642623 | N14: =M14*0.03 -> 649278.69 | O14: =M14+N14 -> 22291902
B15: 43840 | C15: 69 | D15: 132 | E15: =$E$5 -> 1035.78 | F15: 3300 | G15: 15780 | H15: =G15+F15 -> 19080 | I15: 6795 | J15: =+H15-I15 -> 12285 | K15: =F15*1.5*E15 -> 5127111 | L15: =G15*E15 -> 16344608 | M15: =L15+K15 -> 21471719 | N15: =M15*0.03 -> 644151.58 | O15: =M15+N15 -> 22115871
B16: 43841 | C16: 34 | D16: 69 | E16: =$E$5 -> 1035.78 | F16: 3160 | G16: 16372 | H16: =G16+F16 -> 19532 | I16: 6795 | J16: =+H16-I16 -> 12737 | K16: =F16*1.5*E16 -> 4909597.2 | L16: =G16*E16 -> 16957790 | M16: =L16+K16 -> 21867387 | N16: =M16*0.03 -> 656021.62 | O16: =M16+N16 -> 22523409
B17: 43842 | C17: 29 | D17: 54 | E17: =$E$5 -> 1035.78 | F17: 3510 | G17: 16698 | H17: =G17+F17 -> 20208 | I17: 6795 | J17: =+H17-I17 -> 13413 | K17: =F17*1.5*E17 -> 5453381.7 | L17: =G17*E17 -> 17295454 | M17: =L17+K17 -> 22748836 | N17: =M17*0.03 -> 682465.08 | O17: =M17+N17 -> 23431301
... B36: 43861 | C36: 63 | D36: 118 | E36: =$E$5 -> 1035.78 | F36: 3192 | G36: 15412 | H36: =G36+F36 -> 18604 | I36: 7666.82 | J36: =+H36-I36 -> 10937.18 | K36: =F36*1.5*E36 -> 4959314.6 | L36: =G36*E36 -> 15963441 | M36: =L36+K36 -> 20922756 | N36: =M36*0.03 -> 627682.68 | O36: =M36+N36 -> 21550439
B37: 01 Feb'20 00-07pagi | E37: =$E$5 -> 1035.78 | G37: 299 | H37: =G37+F37 -> 299 | J37: =+H37-I37 -> 299 | K37: =F37*1.5*E37 -> 0 | L37: =G37*E37 -> 309698.22 | M37: =L37+K37 -> 309698.22 | N37: =M37*0.03 -> 9290.9466 | O37: =M37+N37 -> 318989.17
E38: Hotel | F38: =SUM(F6:F37) -> 103768 | G38: =SUM(G6:G37) -> 498153 | H38: =SUM(H6:H37) -> 601921 | I38: =SUM(I6:I37) -> 225600.91 | J38: =SUM(J6:J37) -> 376320.09 | K38: =SUM(K6:K37) -> 1.6122123e+08 | L38: =SUM(L6:L37) -> 5.1597691e+08 | M38: =SUM(M6:M37) -> 6.7719814e+08 | ... O38: =SUM(O6:O37) -> 6.9751409e+08
M40: Hotel usage for Heat Pump, Escalator & Ballroom Lift | N40: 55985137
M41: Mixed used Hotel & Office | N41: 17744976 | O41: =N40+N41 -> 73730113 | P41: Mixed used Hotel area B3-B5
O42: =O38+O41 -> 7.712442e+08
M43: MRA (Lala Restaurant) | N43: 42856377
M44: Food Court | N44: 72524343
M45: Charge to GRU Estate | N45: 100000000
M46: Total | N46: =N43+N44+N45 -> 215380720 | O46: =N46 -> 215380720 | P46: Biaya perhitungan listrik parkir + listrik ruangan
M48: TOTAL BILL | O48: =O42-O46 -> 5.5586348e+08 | P48: Total Cost of Electric billing for the month of January 2020

Sheet Water
B1: WATER METER READING
B3: Date | C3: Total Metering | D3: Sub metering
C4: m3 | D4: Clean water Level 22 | E4: CW Public Area | F4: Recycle Water share 20% | G4: Recycle Water
B5: 43831 | C5: =ROUNDUP(D5+E5+G5,0) -> 162 | D5: 62 | E5: 55 | F5: =+G5*0.2 -> 9 | G5: 45
B6: 43832 | C6: =ROUNDUP(D6+E6+G6,0) -> 165 | D6: 64.1 | E6: 54.7 | F6: =+G6*0.2 -> 9.06 | G6: 45.3
B7: 43833 | C7: =ROUNDUP(D7+E7+G7,0) -> 178 | D7: 67.1 | E7: 59.7 | F7: =+G7*0.2 -> 10.24 | G7: 51.2
B8: 43834 | C8: =ROUNDUP(D8+E8+G8,0) -> 152 | D8: 34.8 | E8: 61.8 | F8: =+G8*0.2 -> 10.9 | G8: 54.5
B9: 43835 | C9: =ROUNDUP(D9+E9+G9,0) -> 138 | D9: 19.9 | E9: 69.1 | F9: =+G9*0.2 -> 9.7 | G9: 48.5
B10: 43836 | C10: =ROUNDUP(D10+E10+G10,0) -> 155 | D10: 5.2 | E10: 91.4 | F10: =+G10*0.2 -> 11.48 | G10: 57.4
B11: 43837 | C11: =ROUNDUP(D11+E11+G11,0) -> 172 | D11: 42.5 | E11: 70.9 | F11: =+G11*0.2 -> 11.6 | G11: 58
B12: 43838 | C12: =ROUNDUP(D12+E12+G12,0) -> 137 | D12: 15.6 | E12: 64.7 | F12: =+G12*0.2 -> 11.22 | G12: 56.1
B13: 43839 | C13: =ROUNDUP(D13+E13+G13,0) -> 156 | D13: 53.1 | E13: 47.3 | F13: =+G13*0.2 -> 11.08 | G13: 55.4
B14: 43840 | C14: =ROUNDUP(D14+E14+G14,0) -> 185 | D14: 55.5 | E14: 74.2 | F14: =+G14*0.2 -> 10.92 | G14: 54.6
B15: 43841 | C15: =ROUNDUP(D15+E15+G15,0) -> 171 | D15: 26.8 | E15: 88.2 | F15: =+G15*0.2 -> 11.1 | G15: 55.5
B16: 43842 | C16: =ROUNDUP(D16+E16+G16,0) -> 121 | D16: 8.4 | E16: 87.7 | F16: =+G16*0.2 -> 4.84 | G16: 24.2
... B35: 43861 | C35: =ROUNDUP(D35+E35+G35,0) -> 204 | D35: 63.2 | E35: 90 | F35: =+G35*0.2 -> 10.14 | G35: 50.7
C37: =+D37+E37+F37 -> 3638.6 | D37: =SUM(D5:D35) -> 989.7 | E37: =SUM(E5:E35) -> 2325.1 | F37: =SUM(F5:F35) -> 323.8 | G37: =SUM(G5:G35) -> 1619
B41: Total Consumption CW Hotel + Public Area + Recycle Water commond share ( 20% ) | G41: =+C37+(G37*20%)-G37 -> 2343.4
B44: Unit Price | E44: Rupiah ( Rp) | G44: 12500
B47: Total Bill | G47: =+G41*G44 -> 29292500

Sheet Gas
B1: WATER METER READING
B3: Date | C3: Main metering | E3: Sub metering ( m3)
C4: Mmbtu | D4: Sm3 | E4: Kitchen B1 | F4: Palm court Kitchen | G4: Ballroom Kitchen | H4: Alto Kitchen
B5: 43831 | C5: 2.92 | D5: 79.81
B6: 43832 | C6: 2.86 | D6: 77.64
B7: 43833 | C7: 3.65 | D7: 99.29
B8: 43834 | C8: 3.05 | D8: 83.75
B9: 43835 | C9: 4.58 | D9: 125.84
B10: 43836 | C10: 4.42 | D10: 121.79
B11: 43837 | C11: 4.88 | D11: 134.66
B12: 43838 | C12: 3.39 | D12: 93.73
B13: 43839 | C13: 3.32 | D13: 91.51
B14: 43840 | C14: 2.67 | D14: 73.7
B15: 43841 | C15: 3.26 | D15: 89.92
B16: 43842 | C16: 4.88 | D16: 134.73
... B23: 43849 | C23: 4.4 | D23: 120.79
B24: 43850 | C24: 4.97 | D24: 136.51
B25: 43851 | C25: 5.83 | D25: 159.72
B26: 43852 | C26: 6.64 | D26: 182.34
B27: 43853 | C27: 6.48 | D27: 178.12
B28: 43854 | C28: 4.12 | D28: 113.11
B29: 43855 | C29: 4.56 | D29: 125.33
B30: 43856 | C30: 5.34 | D30: 146.74
B31: 43857 | C31: 5.17 | D31: 142.08
B32: 43858 | C32: 5.55 | D32: 152.32
B33: 43859 | C33: 4.6 | D33: 126.43
B34: 43860 | C34: 4.15 | D34: 114.29
B35: 43861 | C35: 3.19 | D35: 87.77
C37: =SUM(C5:C35) -> 130.97 | D37: =SUM(D5:D35) -> 3736.31 | E37: =SUM(E5:E35) -> 0 | F37: =SUM(F5:F35) -> 0 | G37: =SUM(G5:G35) -> 0 | H37: =SUM(H5:H35) -> 0
H38: =H37*80% -> 0
C43: Unit Price | D43: US $ | E43: 10.2
C44: mimimum contract | D44: Mmbtu | E44: 350
C46: Total Bill | D46: US $ | E46: =IF(C37>E44,(C37*E43),(E44*E43)) -> 3570
