Workbook

Sheet TOTAL
A1: Site Name | B1: Day | C1: Month | D1: Year | E1: Total Electricity Kwh | F1: Electricity Tariff ($/Kwh) | G1: Natual Gas (m3) | H1: Natural Gas $/m3 | I1: Water Utility Supply (m3) m3 | J1: Water Utility Supply (m3) $/m3 | K1: District Energy Cooling Kwh | L1: District Energy Cooling $/Kwh | M1: Room Nights | N1: Total Guests | O1: Utilities day cost dh
A2: Guangzhou | B2: 1 | C2: 12 | D2: 2020 | E2: =SUBMETERING!O5+SUBMETERING!M5 -> 31987 | F2: 0.675169 | G2: =SUBMETERING!K5 -> 4584 | H2: 3.95 | I2: =SUBMETERING!S5 -> 248.06 | J2: 3.46 | K2: =SUBMETERING!Q5*1000 -> 4000 | L2: =SUBMETERING!R5/TOTAL!K2 -> 0.417 | M2: =(SUBMETERING!D5/100)*344 -> 321.6056 | N2: ='[1]Consommation mensuel énergie'!E10 -> 0 | O2: =E2*F2+G2*H2+#REF!*#REF!+I2*J2 -> #REF!
A3: Guangzhou | B3: =B2+1 -> 2 | C3: 12 | D3: 2020 | E3: =SUBMETERING!O6+SUBMETERING!M6 -> 32121 | F3: =F2 -> 0.675169 | G3: =SUBMETERING!K6 -> 4252 | H3: =H2 -> 3.95 | I3: =SUBMETERING!S6 -> 295.46 | J3: =J2 -> 3.46 | K3: =SUBMETERING!Q6*1000 -> 5000 | L3: =SUBMETERING!R6/TOTAL!K3 -> 0.417 | M3: =(SUBMETERING!D6/100)*344 -> 291.2304 | N3: ='[1]Consommation mensuel énergie'!E11 -> 0 | O3: =E3*F3+G3*H3+#REF!*#REF!+I3*J3 -> #REF!
A4: Guangzhou | B4: =B3+1 -> 3 | C4: 12 | D4: 2020 | E4: =SUBMETERING!O7+SUBMETERING!M7 -> 31974 | F4: =F3 -> 0.675169 | G4: =SUBMETERING!K7 -> 4048 | H4: =H3 -> 3.95 | I4: =SUBMETERING!S7 -> 229.1 | J4: =J3 -> 3.46 | K4: =SUBMETERING!Q7*1000 -> 4000 | L4: =SUBMETERING!R7/TOTAL!K4 -> 0.417 | M4: =(SUBMETERING!D7/100)*344 -> 201.9968 | N4: ='[1]Consommation mensuel énergie'!E12 -> 0 | O4: =E4*F4+G4*H4+#REF!*#REF!+I4*J4 -> #REF!
A5: Guangzhou | B5: =B4+1 -> 4 | C5: 12 | D5: 2020 | E5: =SUBMETERING!O8+SUBMETERING!M8 -> 31774 | F5: =F4 -> 0.675169 | G5: =SUBMETERING!K8 -> 3768 | H5: =H4 -> 3.95 | I5: =SUBMETERING!S8 -> 203.82 | J5: =J4 -> 3.46 | K5: =SUBMETERING!Q8*1000 -> 5000 | L5: =SUBMETERING!R8/TOTAL!K5 -> 0.417 | M5: =(SUBMETERING!D8/100)*344 -> 190.9888 | N5: ='[1]Consommation mensuel énergie'!E13 -> 0 | O5: =E5*F5+G5*H5+#REF!*#REF!+I5*J5 -> #REF!
A6: Guangzhou | B6: =B5+1 -> 5 | C6: 12 | D6: 2020 | E6: =SUBMETERING!O9+SUBMETERING!M9 -> 31886 | F6: =F5 -> 0.675169 | G6: =SUBMETERING!K9 -> 3219 | H6: =H5 -> 3.95 | I6: =SUBMETERING!S9 -> 181.7 | J6: =J5 -> 3.46 | K6: =SUBMETERING!Q9*1000 -> 6000 | L6: =SUBMETERING!R9/TOTAL!K6 -> 0.417 | M6: =(SUBMETERING!D9/100)*344 -> 281.0136 | N6: ='[1]Consommation mensuel énergie'!E14 -> 0 | O6: =E6*F6+G6*H6+#REF!*#REF!+I6*J6 -> #REF!
A7: Guangzhou | B7: =B6+1 -> 6 | C7: 12 | D7: 2020 | E7: =SUBMETERING!O10+SUBMETERING!M10 -> 32983 | F7: =F6 -> 0.675169 | G7: =SUBMETERING!K10 -> 3625 | H7: =H6 -> 3.95 | I7: =SUBMETERING!S10 -> 221.2 | J7: =J6 -> 3.46 | K7: =SUBMETERING!Q10*1000 -> 7000 | L7: =SUBMETERING!R10/TOTAL!K7 -> 0.417 | M7: =(SUBMETERING!D10/100)*344 -> 252.0144 | N7: ='[1]Consommation mensuel énergie'!E15 -> 0 | O7: =E7*F7+G7*H7+#REF!*#REF!+I7*J7 -> #REF!
A8: Guangzhou | B8: =B7+1 -> 7 | C8: 12 | D8: 2020 | E8: =SUBMETERING!O11+SUBMETERING!M11 -> 31951 | F8: =F7 -> 0.675169 | G8: =SUBMETERING!K11 -> 4027 | H8: =H7 -> 3.95 | I8: =SUBMETERING!S11 -> 162.74 | J8: =J7 -> 3.46 | K8: =SUBMETERING!Q11*1000 -> 5000 | L8: =SUBMETERING!R11/TOTAL!K8 -> 0.417 | M8: =(SUBMETERING!D11/100)*344 -> 258.9976 | N8: ='[1]Consommation mensuel énergie'!E16 -> 0 | O8: =E8*F8+G8*H8+#REF!*#REF!+I8*J8 -> #REF!
A9: Guangzhou | B9: =B8+1 -> 8 | C9: 12 | D9: 2020 | E9: =SUBMETERING!O12+SUBMETERING!M12 -> 27860 | F9: =F8 -> 0.675169 | G9: =SUBMETERING!K12 -> 4516 | H9: =H8 -> 3.95 | I9: =SUBMETERING!S12 -> 210.14 | J9: =J8 -> 3.46 | K9: =SUBMETERING!Q12*1000 -> 5000 | L9: =SUBMETERING!R12/TOTAL!K9 -> 0.417 | M9: =(SUBMETERING!D12/100)*344 -> 264.9832 | N9: ='[1]Consommation mensuel énergie'!E17 -> 0 | O9: =E9*F9+G9*H9+#REF!*#REF!+I9*J9 -> #REF!
A10: Guangzhou | B10: =B9+1 -> 9 | C10: 12 | D10: 2020 | E10: =SUBMETERING!O13+SUBMETERING!M13 -> 27721 | F10: =F9 -> 0.675169 | G10: =SUBMETERING!K13 -> 4304 | H10: =H9 -> 3.95 | I10: =SUBMETERING!S13 -> 268.6 | J10: =J9 -> 3.46 | K10: =SUBMETERING!Q13*1000 -> 3000 | L10: =SUBMETERING!R13/TOTAL!K10 -> 0.417 | M10: =(SUBMETERING!D13/100)*344 -> 234.4016 | N10: ='[1]Consommation mensuel énergie'!E18 -> 0 | O10: =E10*F10+G10*H10+#REF!*#REF!+I10*J10 -> #REF!
A11: Guangzhou | B11: =B10+1 -> 10 | C11: 12 | D11: 2020 | E11: =SUBMETERING!O14+SUBMETERING!M14 -> 27530 | F11: =F10 -> 0.675169 | G11: =SUBMETERING!K14 -> 4284 | H11: =H10 -> 3.95 | I11: =SUBMETERING!S14 -> 205.4 | J11: =J10 -> 3.46 | K11: =SUBMETERING!Q14*1000 -> 3000 | L11: =SUBMETERING!R14/TOTAL!K11 -> 0.417 | M11: =(SUBMETERING!D14/100)*344 -> 221.2264 | N11: ='[1]Consommation mensuel énergie'!E19 -> 0 | O11: =E11*F11+G11*H11+#REF!*#REF!+I11*J11 -> #REF!
A12: Guangzhou | B12: =B11+1 -> 11 | C12: 12 | D12: 2020 | E12: =SUBMETERING!O15+SUBMETERING!M15 -> 26525 | F12: =F11 -> 0.675169 | G12: =SUBMETERING!K15 -> 4500 | H12: =H11 -> 3.95 | I12: =SUBMETERING!S15 -> 271.76 | J12: =J11 -> 3.46 | K12: =SUBMETERING!Q15*1000 -> 4000 | L12: =SUBMETERING!R15/TOTAL!K12 -> 0.417 | M12: =(SUBMETERING!D15/100)*344 -> 215.9976 | N12: ='[1]Consommation mensuel énergie'!E20 -> 0 | O12: =E12*F12+G12*H12+#REF!*#REF!+I12*J12 -> #REF!
A13: Guangzhou | B13: =B12+1 -> 12 | C13: 12 | D13: 2020 | E13: =SUBMETERING!O16+SUBMETERING!M16 -> 28248 | F13: =F12 -> 0.675169 | G13: =SUBMETERING!K16 -> 4385 | H13: =H12 -> 3.95 | I13: =SUBMETERING!S16 -> 202.24 | J13: =J12 -> 3.46 | K13: =SUBMETERING!Q16*1000 -> 3000 | L13: =SUBMETERING!R16/TOTAL!K13 -> 0.417 | M13: =(SUBMETERING!D16/100)*344 -> 242.004 | N13: ='[1]Consommation mensuel énergie'!E21 -> 0 | O13: =E13*F13+G13*H13+#REF!*#REF!+I13*J13 -> #REF!
A14: Guangzhou | B14: =B13+1 -> 13 | C14: 12 | D14: 2020 | E14: =SUBMETERING!O17+SUBMETERING!M17 -> 30614 | F14: =F13 -> 0.675169 | G14: =SUBMETERING!K17 -> 4069 | H14: =H13 -> 3.95 | I14: =SUBMETERING!S17 -> 262.28 | J14: =J13 -> 3.46 | K14: =SUBMETERING!Q17*1000 -> 4000 | L14: =SUBMETERING!R17/TOTAL!K14 -> 0.417 | M14: =(SUBMETERING!D17/100)*344 -> 269.008 | N14: ='[1]Consommation mensuel énergie'!E22 -> 0 | O14: =E14*F14+G14*H14+#REF!*#REF!+I14*J14 -> #REF!
... A31: Guangzhou | B31: =B30+1 -> 30 | C31: 12 | D31: 2020 | E31: =SUBMETERING!O34+SUBMETERING!M34 -> 33159 | F31: =F30 -> 0.675169 | G31: =SUBMETERING!K34 -> 3666 | H31: =H30 -> 3.95 | I31: =SUBMETERING!S34 -> 188.02 | J31: =J30 -> 3.46 | K31: =SUBMETERING!Q34*1000 -> 9000 | L31: =SUBMETERING!R34/TOTAL!K31 -> 0.417 | M31: =(SUBMETERING!D34/100)*344 -> 191.9864 | N31: ='[1]Consommation mensuel énergie'!E39 -> 0 | O31: =E31*F31+G31*H31+#REF!*#REF!+I31*J31 -> #REF!
A32: Guangzhou | B32: =B31+1 -> 31 | C32: 12 | D32: 2020 | E32: =SUBMETERING!O35+SUBMETERING!M35 -> 33088 | F32: =F31 -> 0.675169 | G32: =SUBMETERING!K35 -> 3353 | H32: =H31 -> 3.95 | I32: =SUBMETERING!S35 -> 170.64 | J32: =J31 -> 3.46 | K32: =SUBMETERING!Q35*1000 -> 7000 | L32: =SUBMETERING!R35/TOTAL!K32 -> 0.417 | M32: =(SUBMETERING!D35/100)*344 -> 433.44 | N32: 0

Sheet SUBMETERING
A1: UTILITIES CONSUMPTION REPORT(2020-11) 电费从2019年8月1号开始下降改为0.675169/Kwh，天然气从2020年9月1号开始下降改为3.95/m³2020年裙楼空调冷量价格为291.66/Mw.h+每天固定人工等1655.02元
A2: DATE 日期 | B2: Out door Temp℃ 户外 温度 | C2: Event Cover 宴会 人数 | D2: RoomOcc.% 客房率 | E2: Kitchen Gas 厨房天然气 (RMB3.95/m³) | G2: Boiler Gas 锅炉天然气(蒸汽) (RMB3.95/m³) | I2: Boiler Gas 锅炉天然气(热水) (RMB3.95/m³) | K2: General Gas 总天然气 (RMB3.95/m³) | M2: Chiller Electricity Consumption 空调主机用电量 (RMB0.675169/Kwh) | O2: General electricity 总电量(*10000)(RMB0.675169/Kwh) | Q2: Podium AC Consumption 裙楼空调用量 (Mw/h)Rmb291.66/MwH+1655.02/天 | S2: Water Consumption 水用量 | U2: Daily Total Utility Expense(RMB) 每日能耗总费用
S3: domestic Water 生活水RMB3.46/m3
E4: Totalgas (m³) | F4: Total RMB | G4: Totalgas (m³) | H4: Total RMB | I4: Totalgas(m³) | J4: Total RMB | K4: Totalgas (m³) | L4: Total RMB | M4: Total electric (KWH) | N4: Total RMB | O4: Total electric (KWH) | P4: Total RMB | Q4: Total (Mw/h0 | R4: Total RMB | S4: Total Water (m3) | T4: Total RMB
A5: 1 | B5: 7\18 | C5: 390 | D5: 93.49 | E5: =SUM([2]厨房燃气!BH7) -> 815 | F5: =IF(E5>0,E5*4.17,0) -> 3398.55 | G5: =SUM('[2]B1 & 102F 锅炉房'!C7) -> 1755 | H5: =IF(G5>0,G5*4.17,0) -> 7318.35 | I5: =SUM('[2]B1 & 102F 锅炉房'!G7) -> 2014 | J5: =IF(I5>0,I5*4.17,0) -> 8398.38 | K5: =SUM(I5+G5+E5) -> 4584 | L5: =IF(K5>0,K5*4.17,0) -> 19115.28 | M5: =SUM([2]主塔楼空调用电量!V4) -> 3787 | N5: =M5*0.675169 -> 2556.865 | O5: =SUM('[2]68F 高压F13&F30'!F7) -> 28200 | P5: =IF(O5>0,O5*0.675169) -> 19039.766 | Q5: =SUM([2]裙楼空调用量!L4) -> 4 | R5: =IF(Q5*417>0,Q5*417,0) -> 1668 | S5: =SUM('[2]B4 水表'!C7) -> 248.06 | T5: =S5*3.7287 -> 924.94132 | U5: =SUM(L5+P5+R5+T5) -> 40747.987
A6: 2 | B6: 11\22 | C6: 0 | D6: 84.66 | E6: =SUM([2]厨房燃气!BH8) -> 766 | F6: =IF(E6>0,E6*4.17,0) -> 3194.22 | G6: =SUM('[2]B1 & 102F 锅炉房'!C8) -> 1831 | H6: =IF(G6>0,G6*4.17,0) -> 7635.27 | I6: =SUM('[2]B1 & 102F 锅炉房'!G8) -> 1655 | J6: =IF(I6>0,I6*4.17,0) -> 6901.35 | K6: =SUM(I6+G6+E6) -> 4252 | L6: =IF(K6>0,K6*4.17,0) -> 17730.84 | M6: =SUM([2]主塔楼空调用电量!V5) -> 3821 | N6: =M6*0.675169 -> 2579.8207 | O6: =SUM('[2]68F 高压F13&F30'!F8) -> 28300 | P6: =IF(O6>0,O6*0.675169) -> 19107.283 | Q6: =SUM([2]裙楼空调用量!L5) -> 5 | R6: =IF(Q6*417>0,Q6*417,0) -> 2085 | S6: =SUM('[2]B4 水表'!C8) -> 295.46 | T6: =S6*3.7287 -> 1101.6817 | U6: =SUM(L6+P6+R6+T6) -> 40024.804
A7: 3 | B7: 11\20 | C7: 15 | D7: 58.72 | E7: =SUM([2]厨房燃气!BH9) -> 544 | F7: =IF(E7>0,E7*4.17,0) -> 2268.48 | G7: =SUM('[2]B1 & 102F 锅炉房'!C9) -> 1692 | H7: =IF(G7>0,G7*4.17,0) -> 7055.64 | I7: =SUM('[2]B1 & 102F 锅炉房'!G9) -> 1812 | J7: =IF(I7>0,I7*4.17,0) -> 7556.04 | K7: =SUM(I7+G7+E7) -> 4048 | L7: =IF(K7>0,K7*4.17,0) -> 16880.16 | M7: =SUM([2]主塔楼空调用电量!V6) -> 4074 | N7: =M7*0.675169 -> 2750.6385 | O7: =SUM('[2]68F 高压F13&F30'!F9) -> 27900 | P7: =IF(O7>0,O7*0.675169) -> 18837.215 | Q7: =SUM([2]裙楼空调用量!L6) -> 4 | R7: =IF(Q7*417>0,Q7*417,0) -> 1668 | S7: =SUM('[2]B4 水表'!C9) -> 229.1 | T7: =S7*3.7287 -> 854.24517 | U7: =SUM(L7+P7+R7+T7) -> 38239.62
A8: 4 | B8: 12\21 | C8: 137 | D8: 55.52 | E8: =SUM([2]厨房燃气!BH10) -> 552 | F8: =IF(E8>0,E8*4.17,0) -> 2301.84 | G8: =SUM('[2]B1 & 102F 锅炉房'!C10) -> 1631 | H8: =IF(G8>0,G8*4.17,0) -> 6801.27 | I8: =SUM('[2]B1 & 102F 锅炉房'!G10) -> 1585 | J8: =IF(I8>0,I8*4.17,0) -> 6609.45 | K8: =SUM(I8+G8+E8) -> 3768 | L8: =IF(K8>0,K8*4.17,0) -> 15712.56 | M8: =SUM([2]主塔楼空调用电量!V7) -> 4374 | N8: =M8*0.675169 -> 2953.1892 | O8: =SUM('[2]68F 高压F13&F30'!F10) -> 27400 | P8: =IF(O8>0,O8*0.675169) -> 18499.631 | Q8: =SUM([2]裙楼空调用量!L7) -> 5 | R8: =IF(Q8*417>0,Q8*417,0) -> 2085 | S8: =SUM('[2]B4 水表'!C10) -> 203.82 | T8: =S8*3.7287 -> 759.98363 | U8: =SUM(L8+P8+R8+T8) -> 37057.174
A9: 5 | B9: 10\20 | C9: 258 | D9: 81.69 | E9: =SUM([2]厨房燃气!BH11) -> 632 | F9: =IF(E9>0,E9*4.17,0) -> 2635.44 | G9: =SUM('[2]B1 & 102F 锅炉房'!C11) -> 1552 | H9: =IF(G9>0,G9*4.17,0) -> 6471.84 | I9: =SUM('[2]B1 & 102F 锅炉房'!G11) -> 1035 | J9: =IF(I9>0,I9*4.17,0) -> 4315.95 | K9: =SUM(I9+G9+E9) -> 3219 | L9: =IF(K9>0,K9*4.17,0) -> 13423.23 | M9: =SUM([2]主塔楼空调用电量!V8) -> 4386 | N9: =M9*0.675169 -> 2961.2912 | O9: =SUM('[2]68F 高压F13&F30'!F11) -> 27500 | P9: =IF(O9>0,O9*0.675169) -> 18567.147 | Q9: =SUM([2]裙楼空调用量!L8) -> 6 | R9: =IF(Q9*417>0,Q9*417,0) -> 2502 | S9: =SUM('[2]B4 水表'!C11) -> 181.7 | T9: =S9*3.7287 -> 677.50479 | U9: =SUM(L9+P9+R9+T9) -> 35169.882
A10: 6 | B10: 6\14 | C10: 326 | D10: 73.26 | E10: =SUM([2]厨房燃气!BH12) -> 720 | F10: =IF(E10>0,E10*4.17,0) -> 3002.4 | G10: =SUM('[2]B1 & 102F 锅炉房'!C12) -> 1602 | H10: =IF(G10>0,G10*4.17,0) -> 6680.34 | I10: =SUM('[2]B1 & 102F 锅炉房'!G12) -> 1303 | J10: =IF(I10>0,I10*4.17,0) -> 5433.51 | K10: =SUM(I10+G10+E10) -> 3625 | L10: =IF(K10>0,K10*4.17,0) -> 15116.25 | M10: =SUM([2]主塔楼空调用电量!V9) -> 4483 | N10: =M10*0.675169 -> 3026.7826 | O10: =SUM('[2]68F 高压F13&F30'!F12) -> 28500 | P10: =IF(O10>0,O10*0.675169) -> 19242.316 | Q10: =SUM([2]裙楼空调用量!L9) -> 7 | R10: =IF(Q10*417>0,Q10*417,0) -> 2919 | S10: =SUM('[2]B4 水表'!C12) -> 221.2 | T10: =S10*3.7287 -> 824.78844 | U10: =SUM(L10+P10+R10+T10) -> 38102.355
A11: 7 | B11: 5\10 | C11: 500 | D11: 75.29 | E11: =SUM([2]厨房燃气!BH13) -> 754 | F11: =IF(E11>0,E11*4.17,0) -> 3144.18 | G11: =SUM('[2]B1 & 102F 锅炉房'!C13) -> 1558 | H11: =IF(G11>0,G11*4.17,0) -> 6496.86 | I11: =SUM('[2]B1 & 102F 锅炉房'!G13) -> 1715 | J11: =IF(I11>0,I11*4.17,0) -> 7151.55 | K11: =SUM(I11+G11+E11) -> 4027 | L11: =IF(K11>0,K11*4.17,0) -> 16792.59 | M11: =SUM([2]主塔楼空调用电量!V10) -> 4351 | N11: =M11*0.675169 -> 2937.6603 | O11: =SUM('[2]68F 高压F13&F30'!F13) -> 27600 | P11: =IF(O11>0,O11*0.675169) -> 18634.664 | Q11: =SUM([2]裙楼空调用量!L10) -> 5 | R11: =IF(Q11*417>0,Q11*417,0) -> 2085 | S11: =SUM('[2]B4 水表'!C13) -> 162.74 | T11: =S11*3.7287 -> 606.80864 | U11: =SUM(L11+P11+R11+T11) -> 38119.063
A12: 8 | B12: 8\12 | C12: 100 | D12: 77.03 | E12: =SUM([2]厨房燃气!BH14) -> 777 | F12: =IF(E12>0,E12*4.17,0) -> 3240.09 | G12: =SUM('[2]B1 & 102F 锅炉房'!C14) -> 1649 | H12: =IF(G12>0,G12*4.17,0) -> 6876.33 | I12: =SUM('[2]B1 & 102F 锅炉房'!G14) -> 2090 | J12: =IF(I12>0,I12*4.17,0) -> 8715.3 | K12: =SUM(I12+G12+E12) -> 4516 | L12: =IF(K12>0,K12*4.17,0) -> 18831.72 | M12: =SUM([2]主塔楼空调用电量!V11) -> 2560 | N12: =M12*0.675169 -> 1728.4326 | O12: =SUM('[2]68F 高压F13&F30'!F14) -> 25300 | P12: =IF(O12>0,O12*0.675169) -> 17081.776 | Q12: =SUM([2]裙楼空调用量!L11) -> 5 | R12: =IF(Q12*417>0,Q12*417,0) -> 2085 | S12: =SUM('[2]B4 水表'!C14) -> 210.14 | T12: =S12*3.7287 -> 783.54902 | U12: =SUM(L12+P12+R12+T12) -> 38782.045
A13: 9 | B13: 8\12 | C13: 596 | D13: 68.14 | E13: =SUM([2]厨房燃气!BH15) -> 596 | F13: =IF(E13>0,E13*4.17,0) -> 2485.32 | G13: =SUM('[2]B1 & 102F 锅炉房'!C15) -> 1644 | H13: =IF(G13>0,G13*4.17,0) -> 6855.48 | I13: =SUM('[2]B1 & 102F 锅炉房'!G15) -> 2064 | J13: =IF(I13>0,I13*4.17,0) -> 8606.88 | K13: =SUM(I13+G13+E13) -> 4304 | L13: =IF(K13>0,K13*4.17,0) -> 17947.68 | M13: =SUM([2]主塔楼空调用电量!V12) -> 2321 | N13: =M13*0.675169 -> 1567.0672 | O13: =SUM('[2]68F 高压F13&F30'!F15) -> 25400 | P13: =IF(O13>0,O13*0.675169) -> 17149.293 | Q13: =SUM([2]裙楼空调用量!L12) -> 3 | R13: =IF(Q13*417>0,Q13*417,0) -> 1251 | S13: =SUM('[2]B4 水表'!C15) -> 268.6 | T13: =S13*3.7287 -> 1001.5288 | U13: =SUM(L13+P13+R13+T13) -> 37349.501
A14: 10 | B14: 6\12 | C14: 1690 | D14: 64.31 | E14: =SUM([2]厨房燃气!BH16) -> 619 | F14: =IF(E14>0,E14*4.17,0) -> 2581.23 | G14: =SUM('[2]B1 & 102F 锅炉房'!C16) -> 1605 | H14: =IF(G14>0,G14*4.17,0) -> 6692.85 | I14: =SUM('[2]B1 & 102F 锅炉房'!G16) -> 2060 | J14: =IF(I14>0,I14*4.17,0) -> 8590.2 | K14: =SUM(I14+G14+E14) -> 4284 | L14: =IF(K14>0,K14*4.17,0) -> 17864.28 | M14: =SUM([2]主塔楼空调用电量!V13) -> 2530 | N14: =M14*0.675169 -> 1708.1776 | O14: =SUM('[2]68F 高压F13&F30'!F16) -> 25000 | P14: =IF(O14>0,O14*0.675169) -> 16879.225 | Q14: =SUM([2]裙楼空调用量!L13) -> 3 | R14: =IF(Q14*417>0,Q14*417,0) -> 1251 | S14: =SUM('[2]B4 水表'!C16) -> 205.4 | T14: =S14*3.7287 -> 765.87498 | U14: =SUM(L14+P14+R14+T14) -> 36760.38
A15: 11 | B15: 3\17 | C15: 165 | D15: 62.79 | E15: =SUM([2]厨房燃气!BH17) -> 641 | F15: =IF(E15>0,E15*4.17,0) -> 2672.97 | G15: =SUM('[2]B1 & 102F 锅炉房'!C17) -> 1599 | H15: =IF(G15>0,G15*4.17,0) -> 6667.83 | I15: =SUM('[2]B1 & 102F 锅炉房'!G17) -> 2260 | J15: =IF(I15>0,I15*4.17,0) -> 9424.2 | K15: =SUM(I15+G15+E15) -> 4500 | L15: =IF(K15>0,K15*4.17,0) -> 18765 | M15: =SUM([2]主塔楼空调用电量!V14) -> 2425 | N15: =M15*0.675169 -> 1637.2848 | O15: =SUM('[2]68F 高压F13&F30'!F17) -> 24100 | P15: =IF(O15>0,O15*0.675169) -> 16271.573 | Q15: =SUM([2]裙楼空调用量!L14) -> 4 | R15: =IF(Q15*417>0,Q15*417,0) -> 1668 | S15: =SUM('[2]B4 水表'!C17) -> 271.76 | T15: =S15*3.7287 -> 1013.3115 | U15: =SUM(L15+P15+R15+T15) -> 37717.884
A16: 12 | B16: 8\18 | C16: 510 | D16: 70.35 | E16: =SUM([2]厨房燃气!BH18) -> 642 | F16: =IF(E16>0,E16*4.17,0) -> 2677.14 | G16: =SUM('[2]B1 & 102F 锅炉房'!C18) -> 1677 | H16: =IF(G16>0,G16*4.17,0) -> 6993.09 | I16: =SUM('[2]B1 & 102F 锅炉房'!G18) -> 2066 | J16: =IF(I16>0,I16*4.17,0) -> 8615.22 | K16: =SUM(I16+G16+E16) -> 4385 | L16: =IF(K16>0,K16*4.17,0) -> 18285.45 | M16: =SUM([2]主塔楼空调用电量!V15) -> 3148 | N16: =M16*0.675169 -> 2125.432 | O16: =SUM('[2]68F 高压F13&F30'!F18) -> 25100 | P16: =IF(O16>0,O16*0.675169) -> 16946.742 | Q16: =SUM([2]裙楼空调用量!L15) -> 3 | R16: =IF(Q16*417>0,Q16*417,0) -> 1251 | S16: =SUM('[2]B4 水表'!C18) -> 202.24 | T16: =S16*3.7287 -> 754.09229 | U16: =SUM(L16+P16+R16+T16) -> 37237.284
... A18: 14 | B18: 11\23 | C18: 266 | D18: 84.3 | E18: =SUM([2]厨房燃气!BH20) -> 724 | F18: =IF(E18>0,E18*4.17,0) -> 3019.08 | G18: =SUM('[2]B1 & 102F 锅炉房'!C20) -> 1663 | H18: =IF(G18>0,G18*4.17,0) -> 6934.71 | I18: =SUM('[2]B1 & 102F 锅炉房'!G20) -> 1775 | J18: =IF(I18>0,I18*4.17,0) -> 7401.75 | K18: =SUM(I18+G18+E18) -> 4162 | L18: =IF(K18>0,K18*4.17,0) -> 17355.54 | M18: =SUM([2]主塔楼空调用电量!V17) -> 4602 | N18: =M18*0.675169 -> 3107.1277 | O18: =SUM('[2]68F 高压F13&F30'!F20) -> 26300 | P18: =IF(O18>0,O18*0.675169) -> 17756.945 | Q18: =SUM([2]裙楼空调用量!L17) -> 5 | R18: =IF(Q18*417>0,Q18*417,0) -> 2085 | S18: =SUM('[2]B4 水表'!C20) -> 216.46 | T18: =S18*3.7287 -> 807.1144 | U18: =SUM(L18+P18+R18+T18) -> 38004.599
A19: 15 | B19: 12\23 | C19: 314 | D19: 68.31 | E19: =SUM([2]厨房燃气!BH21) -> 722 | F19: =IF(E19>0,E19*4.17,0) -> 3010.74 | G19: =SUM('[2]B1 & 102F 锅炉房'!C21) -> 1657 | H19: =IF(G19>0,G19*4.17,0) -> 6909.69 | I19: =SUM('[2]B1 & 102F 锅炉房'!G21) -> 1541 | J19: =IF(I19>0,I19*4.17,0) -> 6425.97 | K19: =SUM(I19+G19+E19) -> 3920 | L19: =IF(K19>0,K19*4.17,0) -> 16346.4 | M19: =SUM([2]主塔楼空调用电量!V18) -> 5240 | N19: =M19*0.675169 -> 3537.8856 | O19: =SUM('[2]68F 高压F13&F30'!F21) -> 28300 | P19: =IF(O19>0,O19*0.675169) -> 19107.283 | Q19: =SUM([2]裙楼空调用量!L18) -> 5 | R19: =SUM(Q19*417) -> 2085 | S19: =SUM('[2]B4 水表'!C21) -> 271.76 | T19: =S19*3.7287 -> 1013.3115 | U19: =SUM(L19+P19+R19+T19) -> 38551.994
A20: 16 | B20: 8\18 | C20: 294 | D20: 68.02 | E20: =SUM([2]厨房燃气!BH22) -> 758 | F20: =IF(E20>0,E20*4.17,0) -> 3160.86 | G20: =SUM('[2]B1 & 102F 锅炉房'!C22) -> 1647 | H20: =IF(G20>0,G20*4.17,0) -> 6867.99 | I20: =SUM('[2]B1 & 102F 锅炉房'!G22) -> 1421 | J20: =IF(I20>0,I20*4.17,0) -> 5925.57 | K20: =SUM(I20+G20+E20) -> 3826 | L20: =IF(K20>0,K20*4.17,0) -> 15954.42 | M20: =SUM([2]主塔楼空调用电量!V19) -> 4481 | N20: =M20*0.675169 -> 3025.4323 | O20: =SUM('[2]68F 高压F13&F30'!F22) -> 27000 | P20: =IF(O20>0,O20*0.675169) -> 18229.563 | Q20: =SUM([2]裙楼空调用量!L19) -> 6 | R20: =SUM(Q20*417) -> 2502 | S20: =SUM('[2]B4 水表'!C22) -> 219.62 | T20: =S20*3.7287 -> 818.89709 | U20: =SUM(L20+P20+R20+T20) -> 37504.88
A21: 17 | B21: 8\19 | C21: 0 | D21: 49.13 | E21: =SUM([2]厨房燃气!BH23) -> 557 | F21: =IF(E21>0,E21*4.17,0) -> 2322.69 | G21: =SUM('[2]B1 & 102F 锅炉房'!C23) -> 1659 | H21: =IF(G21>0,G21*4.17,0) -> 6918.03 | I21: =SUM('[2]B1 & 102F 锅炉房'!G23) -> 1552 | J21: =IF(I21>0,I21*4.17,0) -> 6471.84 | K21: =SUM(E21+G21+I21) -> 3768 | L21: =IF(K21>0,K21*4.17,0) -> 15712.56 | M21: =SUM([2]主塔楼空调用电量!V20) -> 3988 | N21: =M21*0.675169 -> 2692.574 | O21: =SUM('[2]68F 高压F13&F30'!F23) -> 26600 | P21: =IF(O21>0,O21*0.675169) -> 17959.495 | Q21: =SUM([2]裙楼空调用量!L20) -> 4 | R21: =SUM(Q21*417) -> 1668 | S21: =SUM('[2]B4 水表'!C23) -> 232.26 | T21: =S21*3.7287 -> 866.02786 | U21: =SUM(L21+P21+R21+T21) -> 36206.083
A22: 18 | B22: 16/22 | C22: 283 | D22: 56.98 | E22: =SUM([2]厨房燃气!BH24) -> 760 | F22: =IF(E22>0,E22*4.17,0) -> 3169.2 | G22: =SUM('[2]B1 & 102F 锅炉房'!C24) -> 1391 | H22: =IF(G22>0,G22*4.17,0) -> 5800.47 | I22: =SUM('[2]B1 & 102F 锅炉房'!G24) -> 1628 | J22: =IF(I22>0,I22*4.17,0) -> 6788.76 | K22: =SUM(I22+G22+E22) -> 3779 | L22: =IF(K22>0,K22*4.17,0) -> 15758.43 | M22: =SUM([2]主塔楼空调用电量!V21) -> 4203 | N22: =M22*0.675169 -> 2837.7353 | O22: =SUM('[2]68F 高压F13&F30'!F24) -> 25600 | P22: =IF(O22>0,O22*0.675169) -> 17284.326 | Q22: =SUM([2]裙楼空调用量!L21) -> 5 | R22: =SUM(Q22*417) -> 2085 | S22: =SUM('[2]B4 水表'!C24) -> 218.04 | T22: =S22*3.7287 -> 813.00575 | U22: =SUM(L22+P22+R22+T22) -> 35940.762
A23: 19 | B23: 16/23 | C23: 240 | D23: 61.05 | E23: =SUM([2]厨房燃气!BH25) -> 597 | F23: =IF(E23>0,E23*4.17,0) -> 2489.49 | G23: =SUM('[2]B1 & 102F 锅炉房'!C25) -> 1484 | H23: =IF(G23>0,G23*4.17,0) -> 6188.28 | I23: =SUM('[2]B1 & 102F 锅炉房'!G25) -> 1535 | J23: =IF(I23>0,I23*4.17,0) -> 6400.95 | K23: =SUM(I23+G23+E23) -> 3616 | L23: =IF(K23>0,K23*4.17,0) -> 15078.72 | M23: =SUM([2]主塔楼空调用电量!V22) -> 4077 | N23: =M23*0.675169 -> 2752.664 | O23: =SUM('[2]68F 高压F13&F30'!F25) -> 26800 | P23: =IF(O23>0,O23*0.675169) -> 18094.529 | Q23: =SUM([2]裙楼空调用量!L22) -> 4 | R23: =SUM(Q23*417) -> 1668 | S23: =SUM('[2]B4 水表'!C25) -> 214.88 | T23: =S23*3.7287 -> 801.22306 | U23: =SUM(L23+P23+R23+T23) -> 35642.472
A24: 20 | B24: 17/24 | C24: 0 | D24: 62.79 | E24: =SUM([2]厨房燃气!BH26) -> 578 | F24: =IF(E24>0,E24*4.17,0) -> 2410.26 | G24: =SUM('[2]B1 & 102F 锅炉房'!C26) -> 1527 | H24: =IF(G24>0,G24*4.17,0) -> 6367.59 | I24: =SUM('[2]B1 & 102F 锅炉房'!G26) -> 1439 | J24: =IF(I24>0,I24*4.17,0) -> 6000.63 | K24: =SUM(I24+G24+E24) -> 3544 | L24: =IF(K24>0,K24*4.17,0) -> 14778.48 | M24: =SUM([2]主塔楼空调用电量!V23) -> 4822 | N24: =M24*0.675169 -> 3255.6649 | O24: =SUM('[2]68F 高压F13&F30'!F26) -> 27100 | P24: =IF(O24>0,O24*0.675169) -> 18297.08 | Q24: =SUM([2]裙楼空调用量!L23) -> 5 | R24: =SUM(Q24*417) -> 2085 | S24: =SUM('[2]B4 水表'!C26) -> 227.52 | T24: =S24*3.7287 -> 848.35382 | U24: =SUM(L24+P24+R24+T24) -> 36008.914
A25: 21 | B25: 17/24 | C25: 452 | D25: 70.35 | E25: =SUM([2]厨房燃气!BH27) -> 572 | F25: =IF(E25>0,E25*4.17,0) -> 2385.24 | G25: =SUM('[2]B1 & 102F 锅炉房'!C27) -> 1474 | H25: =IF(G25>0,G25*4.17,0) -> 6146.58 | I25: =SUM('[2]B1 & 102F 锅炉房'!G27) -> 1316 | J25: =IF(I25>0,I25*4.17,0) -> 5487.72 | K25: =SUM(I25+G25+E25) -> 3362 | L25: =IF(K25>0,K25*4.17,0) -> 14019.54 | M25: =SUM([2]主塔楼空调用电量!V24) -> 5225 | N25: =M25*0.675169 -> 3527.758 | O25: =SUM('[2]68F 高压F13&F30'!F27) -> 28100 | P25: =IF(O25>0,O25*0.675169) -> 18972.249 | Q25: =SUM([2]裙楼空调用量!L24) -> 6 | R25: =SUM(Q25*417) -> 2502 | S25: =SUM('[2]B4 水表'!C27) -> 211.72 | T25: =S25*3.7287 -> 789.44036 | U25: =SUM(L25+P25+R25+T25) -> 36283.229
A26: 22 | B26: 13/26 | C26: 160 | D26: 79.94 | E26: =SUM([2]厨房燃气!BH28) -> 740 | F26: =IF(E26>0,E26*4.17,0) -> 3085.8 | G26: =SUM('[2]B1 & 102F 锅炉房'!C28) -> 1543 | H26: =IF(G26>0,G26*4.17,0) -> 6434.31 | I26: =SUM('[2]B1 & 102F 锅炉房'!G28) -> 1478 | J26: =IF(I26>0,I26*4.17,0) -> 6163.26 | K26: =SUM(I26+G26+E26) -> 3761 | L26: =IF(K26>0,K26*4.17,0) -> 15683.37 | M26: =SUM([2]主塔楼空调用电量!V25) -> 5645 | N26: =M26*0.675169 -> 3811.329 | O26: =SUM('[2]68F 高压F13&F30'!F28) -> 28600 | P26: =IF(O26>0,O26*0.675169) -> 19309.833 | Q26: =SUM([2]裙楼空调用量!L25) -> 8 | R26: =SUM(Q26*417) -> 3336 | S26: =SUM('[2]B4 水表'!C28) -> 224.36 | T26: =S26*3.7287 -> 836.57113 | U26: =SUM(L26+P26+R26+T26) -> 39165.775
A27: 23 | B27: 16/24 | C27: 120 | D27: 76.76 | E27: =SUM([2]厨房燃气!BH29) -> 680 | F27: =IF(E27>0,E27*4.17,0) -> 2835.6 | G27: =SUM('[2]B1 & 102F 锅炉房'!C29) -> 1602 | H27: =IF(G27>0,G27*4.17,0) -> 6680.34 | I27: =SUM('[2]B1 & 102F 锅炉房'!G29) -> 1483 | J27: =IF(I27>0,I27*4.17,0) -> 6184.11 | K27: =SUM(I27+G27+E27) -> 3765 | L27: =IF(K27>0,K27*4.17,0) -> 15700.05 | M27: =SUM([2]主塔楼空调用电量!V26) -> 5484 | N27: =M27*0.675169 -> 3702.6268 | O27: =SUM('[2]68F 高压F13&F30'!F29) -> 28800 | P27: =IF(O27>0,O27*0.675169) -> 19444.867 | Q27: =SUM([2]裙楼空调用量!L26) -> 6 | R27: =SUM(Q27*417) -> 2502 | S27: =SUM('[2]B4 水表'!C29) -> 252.8 | T27: =S27*3.7287 -> 942.61536 | U27: =SUM(L27+P27+R27+T27) -> 38589.533
A28: 24 | B28: 16/26 | C28: 145 | D28: 56.64 | E28: =SUM([2]厨房燃气!BH30) -> 572 | F28: =IF(E28>0,E28*4.17,0) -> 2385.24 | G28: =SUM('[2]B1 & 102F 锅炉房'!C30) -> 1531 | H28: =IF(G28>0,G28*4.17,0) -> 6384.27 | I28: =SUM('[2]B1 & 102F 锅炉房'!G30) -> 1321 | J28: =IF(I28>0,I28*4.17,0) -> 5508.57 | K28: =SUM(I28+G28+E28) -> 3424 | L28: =IF(K28>0,K28*4.17,0) -> 14278.08 | M28: =SUM([2]主塔楼空调用电量!V27) -> 4714 | N28: =M28*0.675169 -> 3182.7467 | O28: =SUM('[2]68F 高压F13&F30'!F30) -> 27600 | P28: =IF(O28>0,O28*0.675169) -> 18634.664 | Q28: =SUM([2]裙楼空调用量!L27) -> 7 | R28: =SUM(Q28*417) -> 2919 | S28: =SUM('[2]B4 水表'!C30) -> 206.98 | T28: =S28*3.7287 -> 771.76633 | U28: =SUM(L28+P28+R28+T28) -> 36603.511
A29: 25 | B29: 14/25 | C29: 141 | D29: 51.45 | E29: =SUM([2]厨房燃气!BH31) -> 564 | F29: =IF(E29>0,E29*4.17,0) -> 2351.88 | G29: =SUM('[2]B1 & 102F 锅炉房'!C31) -> 1495 | H29: =IF(G29>0,G29*4.17,0) -> 6234.15 | I29: =SUM('[2]B1 & 102F 锅炉房'!G31) -> 1361 | J29: =IF(I29>0,I29*4.17,0) -> 5675.37 | K29: =SUM(I29+G29+E29) -> 3420 | L29: =IF(K29>0,K29*4.17,0) -> 14261.4 | M29: =SUM([2]主塔楼空调用电量!V28) -> 5630 | N29: =M29*0.675169 -> 3801.2015 | O29: =SUM('[2]68F 高压F13&F30'!F31) -> 27900 | P29: =IF(O29>0,O29*0.675169) -> 18837.215 | Q29: =SUM([2]裙楼空调用量!L28) -> 9 | R29: =SUM(Q29*417) -> 3753 | S29: =SUM('[2]B4 水表'!C31) -> 154.84 | T29: =S29*3.7287 -> 577.35191 | U29: =SUM(L29+P29+R29+T29) -> 37428.967
A30: 26 | B30: 16/24 | C30: 177 | D30: 56.1 | E30: =SUM([2]厨房燃气!BH32) -> 648 | F30: =IF(E30>0,E30*4.17,0) -> 2702.16 | G30: =SUM('[2]B1 & 102F 锅炉房'!C32) -> 1625 | H30: =IF(G30>0,G30*4.17,0) -> 6776.25 | I30: =SUM('[2]B1 & 102F 锅炉房'!G32) -> 1118 | J30: =IF(I30>0,I30*4.17,0) -> 4662.06 | K30: =SUM(I30+G30+E30) -> 3391 | L30: =IF(K30>0,K30*4.17,0) -> 14140.47 | M30: =SUM([2]主塔楼空调用电量!V29) -> 5878 | N30: =M30*0.675169 -> 3968.6434 | O30: =SUM('[2]68F 高压F13&F30'!F32) -> 28000 | P30: =IF(O30>0,O30*0.675169) -> 18904.732 | Q30: =SUM([2]裙楼空调用量!L29) -> 8 | R30: =SUM(Q30*417) -> 3336 | S30: =SUM('[2]B4 水表'!C32) -> 205.4 | T30: =S30*3.7287 -> 765.87498 | U30: =SUM(L30+P30+R30+T30) -> 37147.077
A31: 27 | B31: 11\21 | C31: 214 | D31: 58.14 | E31: =SUM([2]厨房燃气!BH33) -> 661 | F31: =IF(E31>0,E31*4.17,0) -> 2756.37 | G31: =SUM('[2]B1 & 102F 锅炉房'!C33) -> 1515 | H31: =IF(G31>0,G31*4.17,0) -> 6317.55 | I31: =SUM('[2]B1 & 102F 锅炉房'!G33) -> 1218 | J31: =IF(I31>0,I31*4.17,0) -> 5079.06 | K31: =SUM(I31+G31+E31) -> 3394 | L31: =IF(K31>0,K31*4.17,0) -> 14152.98 | M31: =SUM([2]主塔楼空调用电量!V30) -> 5571 | N31: =M31*0.675169 -> 3761.3665 | O31: =SUM('[2]68F 高压F13&F30'!F33) -> 28600 | P31: =IF(O31>0,O31*0.675169) -> 19309.833 | Q31: =SUM([2]裙楼空调用量!L30) -> 9 | R31: =SUM(Q31*417) -> 3753 | S31: =SUM('[2]B4 水表'!C33) -> 151.68 | T31: =S31*3.7287 -> 565.56922 | U31: =SUM(L31+P31+R31+T31) -> 37781.383
A32: 28 | B32: 11\21 | C32: 63 | D32: 52.91 | E32: =SUM([2]厨房燃气!BH34) -> 660 | F32: =IF(E32>0,E32*4.17,0) -> 2752.2 | G32: =SUM('[2]B1 & 102F 锅炉房'!C34) -> 1613 | H32: =IF(G32>0,G32*4.17,0) -> 6726.21 | I32: =SUM('[2]B1 & 102F 锅炉房'!G34) -> 1243 | J32: =IF(I32>0,I32*4.17,0) -> 5183.31 | K32: =SUM(I32+G32+E32) -> 3516 | L32: =IF(K32>0,K32*4.17,0) -> 14661.72 | M32: =SUM([2]主塔楼空调用电量!V31) -> 4848 | N32: =M32*0.675169 -> 3273.2193 | O32: =SUM('[2]68F 高压F13&F30'!F34) -> 28600 | P32: =IF(O32>0,O32*0.675169) -> 19309.833 | Q32: =SUM([2]裙楼空调用量!L31) -> 8 | R32: =SUM(Q32*417) -> 3336 | S32: =SUM('[2]B4 水表'!C34) -> 202.24 | T32: =S32*3.7287 -> 754.09229 | U32: =SUM(L32+P32+R32+T32) -> 38061.646
A33: 29 | B33: 12\22 | C33: 625 | D33: 52.33 | E33: =SUM([2]厨房燃气!BH35) -> 684 | F33: =IF(E33>0,E33*4.17,0) -> 2852.28 | G33: =SUM('[2]B1 & 102F 锅炉房'!C35) -> 1525 | H33: =IF(G33>0,G33*4.17,0) -> 6359.25 | I33: =SUM('[2]B1 & 102F 锅炉房'!G35) -> 1155 | J33: =IF(I33>0,I33*4.17,0) -> 4816.35 | K33: =SUM(I33+G33+E33) -> 3364 | L33: =IF(K33>0,K33*4.17,0) -> 14027.88 | M33: =SUM([2]主塔楼空调用电量!V32) -> 4933 | N33: =M33*0.675169 -> 3330.6087 | O33: =SUM('[2]68F 高压F13&F30'!F35) -> 26100 | P33: =IF(O33>0,O33*0.675169) -> 17621.911 | Q33: =SUM([2]裙楼空调用量!L32) -> 7 | R33: =SUM(Q33*417) -> 2919 | S33: =SUM('[2]B4 水表'!C35) -> 197.5 | T33: =S33*3.7287 -> 736.41825 | U33: =SUM(L33+P33+R33+T33) -> 35305.209
... A35: 31 | B35: 16\26 | C35: 42.15 | D35: 126 | E35: =SUM([2]厨房燃气!BH37) -> 560 | F35: =IF(E35>0,E35*4.17,0) -> 2335.2 | G35: =SUM('[2]B1 & 102F 锅炉房'!C37) -> 1628 | H35: =IF(G35>0,G35*4.17,0) -> 6788.76 | I35: =SUM('[2]B1 & 102F 锅炉房'!G37) -> 1165 | J35: =IF(I35>0,I35*4.17,0) -> 4858.05 | K35: =SUM(I35+G35+E35) -> 3353 | L35: =IF(K35>0,K35*4.17,0) -> 13982.01 | M35: =SUM([2]主塔楼空调用电量!V34) -> 5388 | N35: =M35*0.675169 -> 3637.8106 | O35: =SUM('[2]68F 高压F13&F30'!F37) -> 27700 | P35: =IF(O35>0,O35*0.675169) -> 18702.181 | Q35: =SUM([2]裙楼空调用量!L34) -> 7 | R35: =SUM(Q35*417) -> 2919 | S35: =SUM('[2]B4 水表'!C37) -> 170.64 | T35: =S35*3.7287 -> 636.26537 | U35: =SUM(L35+P35+R35+T35) -> 36239.457
A36: Aver.
A37: Total | E37: =SUM(E5:E35) -> 20602 | F37: =SUM(F5:F35) -> 85910.34 | G37: =SUM(G5:G35) -> 49308 | H37: =SUM(H5:H35) -> 205614.36 | I37: =SUM(I5:I35) -> 48702 | J37: =SUM(J5:J35) -> 203087.34 | K37: =SUM(K5:K35) -> 118612 | L37: =SUM(L5:L35) -> 494612.04 | ... U37: =SUM(U5:U35) -> 1161992.7
