Workbook

Sheet Sheet1
A1: Site Name | B1: Day | C1: Month | D1: Year | E1: Total Electricity Kwh | F1: Electricity Tariff ($/Kwh) | G1: LPG (Kg) | H1: LPG $/Kg | I1: District Energy Cooling Kwh | J1: District Energy Cooling $/Kwh | K1: Water Utility Supply (m3) m3 | L1: Water Utility Supply (m3) $/m3 | M1: Irrigation Water (m3) m3 | N1: Irrigation water $/m3 | O1: Room Nights | P1: Total Guests
A2: Bahrain Bay | B2: 1 | C2: 4 | D2: 2021 | E2: ='April 2021'!E5 -> 30192 | F2: 0.029 | G2: ='April 2021'!J5 -> 0 | H2: 0.112 | I2: ='April 2021'!G5*1000 -> 39000 | J2: 0.0361 | K2: ='April 2021'!I5 -> 424 | L2: 0.75 | M2: ='April 2021'!L5 -> 122 | N2: 0.563 | O2: ='April 2021'!D5 -> 141
A3: Bahrain Bay | B3: =B2+1 -> 2 | C3: 4 | D3: 2021 | E3: ='April 2021'!E6 -> 30191 | F3: 0.029 | G3: ='April 2021'!J6 -> 0 | H3: 0.112 | I3: ='April 2021'!G6*1000 -> 46000 | J3: 0.0361 | K3: ='April 2021'!I6 -> 389 | L3: 0.75 | M3: ='April 2021'!L6 -> 64 | N3: 0.563 | O3: ='April 2021'!D6 -> 176
A4: Bahrain Bay | B4: =B3+1 -> 3 | C4: 4 | D4: 2021 | E4: ='April 2021'!E7 -> 31210 | F4: 0.029 | G4: ='April 2021'!J7 -> 2970 | H4: 0.112 | I4: ='April 2021'!G7*1000 -> 43000 | J4: 0.0361 | K4: ='April 2021'!I7 -> 430 | L4: 0.75 | M4: ='April 2021'!L7 -> 84 | N4: 0.563 | O4: ='April 2021'!D7 -> 143
A5: Bahrain Bay | B5: =B4+1 -> 4 | C5: 4 | D5: 2021 | E5: ='April 2021'!E8 -> 30182 | F5: 0.029 | G5: ='April 2021'!J8 -> 0 | H5: 0.112 | I5: ='April 2021'!G8*1000 -> 39000 | J5: 0.0361 | K5: ='April 2021'!I8 -> 432 | L5: 0.75 | M5: ='April 2021'!L8 -> 99 | N5: 0.563 | O5: ='April 2021'!D8 -> 142
A6: Bahrain Bay | B6: =B5+1 -> 5 | C6: 4 | D6: 2021 | E6: ='April 2021'!E9 -> 30981 | F6: 0.029 | G6: ='April 2021'!J9 -> 2970 | H6: 0.112 | I6: ='April 2021'!G9*1000 -> 37000 | J6: 0.0361 | K6: ='April 2021'!I9 -> 409 | L6: 0.75 | M6: ='April 2021'!L9 -> 141 | N6: 0.563 | O6: ='April 2021'!D9 -> 153
A7: Bahrain Bay | B7: =B6+1 -> 6 | C7: 4 | D7: 2021 | E7: ='April 2021'!E10 -> 30645 | F7: 0.029 | G7: 0 | H7: 0.112 | I7: ='April 2021'!G10*1000 -> 39000 | J7: 0.0361 | K7: ='April 2021'!I10 -> 383 | L7: 0.75 | M7: ='April 2021'!L10 -> 131 | N7: 0.563 | O7: ='April 2021'!D10 -> 135
A8: Bahrain Bay | B8: =B7+1 -> 7 | C8: 4 | D8: 2021 | E8: ='April 2021'!E11 -> 30761 | F8: 0.029 | G8: ='April 2021'!J11 -> 0 | H8: 0.112 | I8: ='April 2021'!G11*1000 -> 37000 | J8: 0.0361 | K8: ='April 2021'!I11 -> 393 | L8: 0.75 | M8: ='April 2021'!L11 -> 86 | N8: 0.563 | O8: ='April 2021'!D11 -> 147
A9: Bahrain Bay | B9: =B8+1 -> 8 | C9: 4 | D9: 2021 | E9: ='April 2021'!E12 -> 31657 | F9: 0.029 | G9: ='April 2021'!J12 -> 2970 | H9: 0.112 | I9: ='April 2021'!G12*1000 -> 41000 | J9: 0.0361 | K9: ='April 2021'!I12 -> 110 | L9: 0.75 | M9: ='April 2021'!L12 -> 179 | N9: 0.563 | O9: ='April 2021'!D12 -> 153
A10: Bahrain Bay | B10: =B9+1 -> 9 | C10: 4 | D10: 2021 | E10: ='April 2021'!E13 -> 29981 | F10: 0.029 | G10: ='April 2021'!J13 -> 0 | H10: 0.112 | I10: ='April 2021'!G13*1000 -> 44000 | J10: 0.0361 | K10: ='April 2021'!I13 -> 712 | L10: 0.75 | M10: ='April 2021'!L13 -> 51 | N10: 0.563 | O10: ='April 2021'!D13 -> 164
A11: Bahrain Bay | B11: =B10+1 -> 10 | C11: 4 | D11: 2021 | E11: ='April 2021'!E14 -> 30345 | F11: 0.029 | G11: ='April 2021'!J14 -> 2970 | H11: 0.112 | I11: ='April 2021'!G14*1000 -> 43000 | J11: 0.0361 | K11: ='April 2021'!I14 -> 432 | L11: 0.75 | M11: ='April 2021'!L14 -> 107 | N11: 0.563 | O11: ='April 2021'!D14 -> 131
A12: Bahrain Bay | B12: =B11+1 -> 11 | C12: 4 | D12: 2021 | E12: ='April 2021'!E15 -> 31701 | F12: 0.029 | G12: ='April 2021'!J15 -> 2970 | H12: 0.112 | I12: ='April 2021'!G15*1000 -> 45000 | J12: 0.0361 | K12: ='April 2021'!I15 -> 427 | L12: 0.75 | M12: ='April 2021'!L15 -> 120 | N12: 0.563 | O12: ='April 2021'!D15 -> 109
A13: Bahrain Bay | B13: =B12+1 -> 12 | C13: 4 | D13: 2021 | E13: ='April 2021'!E16 -> 31561 | F13: 0.029 | G13: ='April 2021'!J16 -> 2970 | H13: 0.112 | I13: ='April 2021'!G16*1000 -> 44000 | J13: 0.0361 | K13: ='April 2021'!I16 -> 381 | L13: 0.75 | M13: ='April 2021'!L16 -> 141 | N13: 0.563 | O13: ='April 2021'!D16 -> 81
A14: Bahrain Bay | B14: =B13+1 -> 13 | C14: 4 | D14: 2021 | E14: ='April 2021'!E17 -> 30754 | F14: 0.029 | G14: ='April 2021'!J17 -> 0 | H14: 0.112 | I14: ='April 2021'!G17*1000 -> 42000 | J14: 0.0361 | K14: ='April 2021'!I17 -> 250 | L14: 0.75 | M14: ='April 2021'!L17 -> 116 | N14: 0.563 | O14: ='April 2021'!D17 -> 80
A15: Bahrain Bay | B15: =B14+1 -> 14 | C15: 4 | D15: 2021 | E15: ='April 2021'!E18 -> 0 | F15: 0.029 | G15: ='April 2021'!J18 -> 0 | H15: 0.112 | I15: ='April 2021'!G18*1000 -> 0 | J15: 0.0361 | K15: ='April 2021'!I18 -> 0 | L15: 0.75 | M15: ='April 2021'!L18 -> 0 | N15: 0.563 | O15: ='April 2021'!D18 -> 0
A16: Bahrain Bay | B16: =B15+1 -> 15 | C16: 4 | D16: 2021 | E16: ='April 2021'!E19 -> 0 | F16: 0.029 | G16: ='April 2021'!J19 -> 0 | H16: 0.112 | I16: ='April 2021'!G20*1000 -> 0 | J16: 0.0361 | K16: ='April 2021'!I19 -> 0 | L16: 0.75 | M16: ='April 2021'!L19 -> 0 | N16: 0.563 | O16: ='April 2021'!D19 -> 0
A17: Bahrain Bay | B17: =B16+1 -> 16 | C17: 4 | D17: 2021 | E17: ='April 2021'!E20 -> 0 | F17: 0.029 | G17: ='April 2021'!J20 -> 0 | H17: 0.112 | I17: ='April 2021'!G21*1000 -> 0 | J17: 0.0361 | K17: ='April 2021'!I20 -> 0 | L17: 0.75 | M17: ='April 2021'!L20 -> 0 | N17: 0.563 | O17: ='April 2021'!D20 -> 0
A18: Bahrain Bay | B18: =B17+1 -> 17 | C18: 4 | D18: 2021 | E18: ='April 2021'!E21 -> 0 | F18: 0.029 | G18: ='April 2021'!J21 -> 0 | H18: 0.112 | I18: ='April 2021'!G22*1000 -> 0 | J18: 0.0361 | K18: ='April 2021'!I21 -> 0 | L18: 0.75 | M18: ='April 2021'!L21 -> 0 | N18: 0.563 | O18: ='April 2021'!D21 -> 0
A19: Bahrain Bay | B19: =B18+1 -> 18 | C19: 4 | D19: 2021 | E19: ='April 2021'!E22 -> 0 | F19: 0.029 | G19: ='April 2021'!J22 -> 0 | H19: 0.112 | I19: ='April 2021'!G23*1000 -> 0 | J19: 0.0361 | K19: ='April 2021'!I22 -> 0 | L19: 0.75 | M19: ='April 2021'!L22 -> 0 | N19: 0.563 | O19: ='April 2021'!D22 -> 0
A20: Bahrain Bay | B20: =B19+1 -> 19 | C20: 4 | D20: 2021 | E20: ='April 2021'!E23 -> 0 | F20: 0.029 | G20: ='April 2021'!J23 -> 0 | H20: 0.112 | I20: ='April 2021'!G24*1000 -> 0 | J20: 0.0361 | K20: ='April 2021'!I23 -> 0 | L20: 0.75 | M20: ='April 2021'!L23 -> 0 | N20: 0.563 | O20: ='April 2021'!D23 -> 0
A21: Bahrain Bay | B21: =B20+1 -> 20 | C21: 4 | D21: 2021 | E21: ='April 2021'!E24 -> 0 | F21: 0.029 | G21: ='April 2021'!J23 -> 0 | H21: 0.112 | I21: ='April 2021'!G25*1000 -> 0 | J21: 0.0361 | K21: ='April 2021'!I23 -> 0 | L21: 0.75 | M21: ='April 2021'!L24 -> 0 | N21: 0.563 | O21: ='April 2021'!D24 -> 0
A22: Bahrain Bay | B22: =B21+1 -> 21 | C22: 4 | D22: 2021 | E22: ='April 2021'!E25 -> 0 | F22: 0.029 | G22: ='April 2021'!J24 -> 0 | H22: 0.112 | I22: ='April 2021'!G26*1000 -> 0 | J22: 0.0361 | K22: ='April 2021'!I24 -> 0 | L22: 0.75 | M22: ='April 2021'!L25 -> 0 | N22: 0.563 | O22: ='April 2021'!D25 -> 0
A23: Bahrain Bay | B23: =B22+1 -> 22 | C23: 4 | D23: 2021 | E23: ='April 2021'!E26 -> 0 | F23: 0.029 | G23: ='April 2021'!J25 -> 0 | H23: 0.112 | I23: ='April 2021'!G27*1000 -> 0 | J23: 0.0361 | K23: ='April 2021'!I26 -> 0 | L23: 0.75 | M23: ='April 2021'!L26 -> 0 | N23: 0.563 | O23: ='April 2021'!D26 -> 0
A24: Bahrain Bay | B24: =B23+1 -> 23 | C24: 4 | D24: 2021 | E24: ='April 2021'!E27 -> 0 | F24: 0.029 | G24: ='April 2021'!J27 -> 0 | H24: 0.112 | I24: ='April 2021'!G27*1000 -> 0 | J24: 0.0361 | K24: ='April 2021'!I27 -> 0 | L24: 0.75 | M24: ='April 2021'!L27 -> 0 | N24: 0.563 | O24: ='April 2021'!D27 -> 0
A25: Bahrain Bay | B25: =B24+1 -> 24 | C25: 4 | D25: 2021 | E25: ='April 2021'!E28 -> 0 | F25: 0.029 | G25: ='April 2021'!J28 -> 0 | H25: 0.112 | I25: ='April 2021'!G28*1000 -> 0 | J25: 0.0361 | K25: ='April 2021'!I28 -> 0 | L25: 0.75 | M25: ='April 2021'!L28 -> 0 | N25: 0.563 | O25: ='April 2021'!D28 -> 0
A26: Bahrain Bay | B26: =B25+1 -> 25 | C26: 4 | D26: 2021 | E26: ='April 2021'!E29 -> 0 | F26: 0.029 | G26: ='April 2021'!J29 -> 0 | H26: 0.112 | I26: ='April 2021'!G29*1000 -> 0 | J26: 0.0361 | K26: ='April 2021'!I29 -> 0 | L26: 0.75 | M26: ='April 2021'!L29 -> 0 | N26: 0.563 | O26: ='April 2021'!D29 -> 0
A27: Bahrain Bay | B27: =B26+1 -> 26 | C27: 4 | D27: 2021 | E27: ='April 2021'!E30 -> 0 | F27: 0.029 | G27: ='April 2021'!J30 -> 0 | H27: 0.112 | I27: ='April 2021'!G30*1000 -> 0 | J27: 0.0361 | K27: ='April 2021'!I30 -> 0 | L27: 0.75 | M27: ='April 2021'!L30 -> 0 | N27: 0.563 | O27: ='April 2021'!D30 -> 0
A28: Bahrain Bay | B28: =B27+1 -> 27 | C28: 4 | D28: 2021 | E28: ='April 2021'!E31 -> 0 | F28: 0.029 | G28: ='April 2021'!J31 -> 0 | H28: 0.112 | I28: ='April 2021'!G31*1000 -> 0 | J28: 0.0361 | K28: ='April 2021'!I31 -> 0 | L28: 0.75 | M28: ='April 2021'!L31 -> 0 | N28: 0.563 | O28: ='April 2021'!D31 -> 0
A29: Bahrain Bay | B29: =B28+1 -> 28 | C29: 4 | D29: 2021 | E29: ='April 2021'!E32 -> 0 | F29: 0.029 | G29: ='April 2021'!J32 -> 0 | H29: 0.112 | I29: ='April 2021'!G32*1000 -> 0 | J29: 0.0361 | K29: ='April 2021'!I32 -> 0 | L29: 0.75 | M29: ='April 2021'!L32 -> 0 | N29: 0.563 | O29: ='April 2021'!D32 -> 0
A30: Bahrain Bay | B30: 29 | C30: 4 | D30: 2021 | E30: ='April 2021'!E33 -> 0 | F30: 0.029 | G30: ='April 2021'!J33 -> 0 | H30: 0.112 | I30: ='April 2021'!G33*1000 -> 0 | J30: 0.0361 | K30: ='April 2021'!I33 -> 0 | L30: 0.75 | M30: ='April 2021'!L33 -> 0 | N30: 0.563 | O30: ='April 2021'!D33 -> 0
A31: Bahrain Bay | B31: 30 | C31: 4 | D31: 2021 | E31: ='April 2021'!E34 -> 0 | F31: 0.029 | G31: ='April 2021'!J34 -> 0 | H31: 0.112 | I31: ='April 2021'!G34*1000 -> 0 | J31: 0.0361 | K31: ='April 2021'!I34 -> 0 | L31: 0.75 | M31: ='April 2021'!L34 -> 0 | N31: 0.563 | O31: ='April 2021'!D34 -> 0
A32: Bahrain Bay | D32: 2021 | E32: ='April 2021'!E35 -> 0 | F32: 0.029 | G32: ='April 2021'!J35 -> 0 | H32: 0.112 | I32: ='April 2021'!G35*1000 -> 0 | J32: 0.0361 | K32: ='April 2021'!I35 -> 0 | L32: 0.75 | M32: ='April 2021'!L35 -> 0 | N32: 0.563 | O32: ='April 2021'!D35 -> 0

Sheet April 2021
B2: Electricity and Utilities Reading
B3: S. No. | C3: Date | E3: Electricity Consumption kWh | F3: Chilled H2O Consumption Reading | G3: Consumption MWh | H3: Potable Water Consumption Reading | I3: Consumption m3 | K3: Irrigation Water Consumption Reading | L3: Consumption m3
D4: RoomNights | J4: LPG (Kg)
B5: 1 | C5: 44287 | D5: 141 | E5: 30192 | F5: 185928 | G5: =F6-F5 -> 39 | H5: 463524 | I5: =H6-H5 -> 424 | J5: 0 | K5: 275528 | L5: =K6-K5 -> 122
B6: 2 | C6: 44288 | D6: 176 | E6: 30191 | F6: 185967 | G6: =F7-F6 -> 46 | H6: 463948 | I6: =H7-H6 -> 389 | J6: 0 | K6: 275650 | L6: =K7-K6 -> 64
B7: 3 | C7: 44289 | D7: 143 | E7: 31210 | F7: 186013 | G7: =F8-F7 -> 43 | H7: 464337 | I7: =H8-H7 -> 430 | J7: 2970 | K7: 275714 | L7: =K8-K7 -> 84
B8: 4 | C8: 44290 | D8: 142 | E8: 30182 | F8: 186056 | G8: =F9-F8 -> 39 | H8: 464767 | I8: =H9-H8 -> 432 | J8: 0 | K8: 275798 | L8: =K9-K8 -> 99
B9: 5 | C9: 44291 | D9: 153 | E9: 30981 | F9: 186095 | G9: =F10-F9 -> 37 | H9: 465199 | I9: =H10-H9 -> 409 | J9: 2970 | K9: 275897 | L9: =K10-K9 -> 141
B10: 6 | C10: 44292 | D10: 135 | E10: 30645 | F10: 186132 | G10: =F11-F10 -> 39 | H10: 465608 | I10: =H11-H10 -> 383 | J10: 0 | K10: 276038 | L10: =K11-K10 -> 131
B11: 7 | C11: 44293 | D11: 147 | E11: 30761 | F11: 186171 | G11: =F12-F11 -> 37 | H11: 465991 | I11: =H12-H11 -> 393 | J11: 0 | K11: 276169 | L11: =K12-K11 -> 86
B12: 8 | C12: 44294 | D12: 153 | E12: 31657 | F12: 186208 | G12: =F13-F12 -> 41 | H12: 466384 | I12: =H13-H12 -> 110 | J12: 2970 | K12: 276255 | L12: =K13-K12 -> 179
B13: 9 | C13: 44295 | D13: 164 | E13: 29981 | F13: 186249 | G13: =F14-F13 -> 44 | H13: 466494 | I13: =H14-H13 -> 712 | J13: 0 | K13: 276434 | L13: =K14-K13 -> 51
B14: 10 | C14: 44296 | D14: 131 | E14: 30345 | F14: 186293 | G14: =F15-F14 -> 43 | H14: 467206 | I14: =H15-H14 -> 432 | J14: 2970 | K14: 276485 | L14: =K15-K14 -> 107
B15: 11 | C15: 44297 | D15: 109 | E15: 31701 | F15: 186336 | G15: =F16-F15 -> 45 | H15: 467638 | I15: =H16-H15 -> 427 | J15: 2970 | K15: 276592 | L15: =K16-K15 -> 120
A16: 1 | B16: 12 | C16: 44298 | D16: 81 | E16: 31561 | F16: 186381 | G16: =F17-F16 -> 44 | H16: 468065 | I16: =H17-H16 -> 381 | J16: 2970 | K16: 276712 | L16: =K17-K16 -> 141
B17: 13 | C17: 44299 | D17: 80 | E17: 30754 | F17: 186425 | G17: =F18-F17 -> 42 | H17: 468446 | I17: =H18-H17 -> 250 | J17: 0 | K17: 276853 | L17: =K18-K17 -> 116
B18: 14 | C18: 44300 | F18: 186467 | H18: 468696 | J18: 0 | K18: 276969
B19: 15 | C19: 44301
B20: 16 | C20: 44302
B21: 17 | C21: 44303
B22: 18 | C22: 44304
B23: 19 | C23: 44305
B24: 20 | C24: 44306
B25: 21 | C25: 44307
B26: 22 | C26: 44308
B27: 23 | C27: 44309
B28: 24 | C28: 44310
A29: v | B29: 25 | C29: 44311
B30: 26 | C30: 44312
B31: 27 | C31: 44313
B32: 28 | C32: 44314
B33: 29 | C33: 44315
B34: 30 | C34: 44316
B35: 31 | C35: 44317
