Workbook

Sheet TOTAL
A1: Site Name | B1: Day | C1: Month | D1: Year | E1: Total Electricity Kwh | F1: Electricity Tariff ($/Kwh) | G1: Total Fuel Oil (Liters) | H1: Fuel Oil $/Liter | I1: Water Utility Supply (m3) m3 | J1: Water Utility Supply (m3) $/m3 | K1: LPG (Kg) | L1: LPG $/Kg | M1: Room Nights | N1: Total Guests | O1: Food Covers
A2: Maldives at Kuda Huraa | B2: 1 | C2: 4 | D2: 2021 | E2: 25520 | F2: 0.14 | G2: 7195 | H2: 0.44534802 | I2: 349 | J2: 0.4 | K2: =K33/31 -> 0 | L2: 1.5287028 | M2: 61 | N2: 168 | O2: 434
A3: Maldives at Kuda Huraa | B3: =B2+1 -> 2 | C3: 4 | D3: 2021 | E3: 25880 | F3: 0.14 | G3: 7289 | H3: 0.44534802 | I3: 296 | J3: 0.4 | K3: 0 | L3: 1.5287028 | M3: 67 | N3: 182 | O3: 486
A4: Maldives at Kuda Huraa | B4: =B3+1 -> 3 | C4: 4 | D4: 2021 | E4: 25550 | F4: 0.14 | G4: 6971 | H4: 0.44534802 | I4: 381 | J4: 0.4 | K4: 0 | L4: 1.5287028 | M4: 65 | N4: 176 | O4: 535
A5: Maldives at Kuda Huraa | B5: =B4+1 -> 4 | C5: 4 | D5: 2021 | E5: 26880 | F5: 0.14 | G5: 7461 | H5: 0.44534802 | I5: 370 | J5: 0.4 | K5: 0 | L5: 1.5287028 | M5: 62 | N5: 172 | O5: 452
A6: Maldives at Kuda Huraa | B6: =B5+1 -> 5 | C6: 4 | D6: 2021 | E6: 25850 | F6: 0.14 | G6: 7045 | H6: 0.44534802 | I6: 350 | J6: 0.4 | K6: 0 | L6: 1.5287028 | M6: 53 | N6: 148 | O6: 419
A7: Maldives at Kuda Huraa | B7: =B6+1 -> 6 | C7: 4 | D7: 2021 | E7: 25300 | F7: 0.14 | G7: 6830 | H7: 0.44534802 | I7: 309 | J7: 0.4 | K7: 0 | L7: 1.5287028 | M7: 52 | N7: 147 | O7: 431
A8: Maldives at Kuda Huraa | B8: =B7+1 -> 7 | C8: 4 | D8: 2021 | E8: 20730 | F8: 0.14 | G8: 6845 | H8: 0.44534802 | I8: 331 | J8: 0.4 | K8: 0 | L8: 1.5287028 | M8: 43 | N8: 118 | O8: 319
A9: Maldives at Kuda Huraa | B9: =B8+1 -> 8 | C9: 4 | D9: 2021 | E9: 24890 | F9: 0.14 | G9: 6819 | H9: 0.44534802 | I9: 266 | J9: 0.4 | K9: 0 | L9: 1.5287028 | M9: 39 | N9: 109 | O9: 296
A10: Maldives at Kuda Huraa | B10: =B9+1 -> 9 | C10: 4 | D10: 2021 | E10: 22380 | F10: 0.14 | G10: 6513 | H10: 0.44534802 | I10: 316 | J10: 0.4 | K10: 0 | L10: 1.5287028 | M10: 31 | N10: 92 | O10: 287
A11: Maldives at Kuda Huraa | B11: =B10+1 -> 10 | C11: 4 | D11: 2021 | E11: 24860 | F11: 0.14 | G11: 6382 | H11: 0.44534802 | I11: 316 | J11: 0.4 | K11: 0 | L11: 1.5287028
A12: Maldives at Kuda Huraa | B12: =B11+1 -> 11 | C12: 4 | D12: 2021 | E12: 23700 | F12: 0.14 | G12: 6520 | H12: 0.44534802 | I12: 326 | J12: 0.4 | K12: 0 | L12: 1.5287028
A13: Maldives at Kuda Huraa | B13: =B12+1 -> 12 | C13: 4 | D13: 2021 | E13: 23130 | F13: 0.14 | G13: 6351 | H13: 0.44534802 | I13: 274 | J13: 0.4 | K13: 0 | L13: 1.5287028
A14: Maldives at Kuda Huraa | B14: =B13+1 -> 13 | C14: 4 | D14: 2021 | E14: 24080 | F14: 0.14 | G14: 6658 | H14: 0.44534802 | I14: 332 | J14: 0.4 | K14: 0 | L14: 1.5287028
A15: Maldives at Kuda Huraa | B15: =B14+1 -> 14 | C15: 4 | D15: 2021 | F15: 0.14 | H15: 0.44534802 | J15: 0.4 | K15: 0 | L15: 1.5287028
A16: Maldives at Kuda Huraa | B16: =B15+1 -> 15 | C16: 4 | D16: 2021 | F16: 0.14 | H16: 0.44534802 | J16: 0.4 | K16: 0 | L16: 1.5287028
A17: Maldives at Kuda Huraa | B17: =B16+1 -> 16 | C17: 4 | D17: 2021 | F17: 0.14 | H17: 0.44534802 | J17: 0.4 | K17: 0 | L17: 1.5287028
A18: Maldives at Kuda Huraa | B18: =B17+1 -> 17 | C18: 4 | D18: 2021 | F18: 0.14 | H18: 0.44534802 | J18: 0.4 | K18: 0 | L18: 1.5287028
A19: Maldives at Kuda Huraa | B19: =B18+1 -> 18 | C19: 4 | D19: 2021 | F19: 0.14 | H19: 0.44534802 | J19: 0.4 | K19: 0 | L19: 1.5287028
A20: Maldives at Kuda Huraa | B20: =B19+1 -> 19 | C20: 4 | D20: 2021 | F20: 0.14 | H20: 0.44534802 | J20: 0.4 | K20: 0 | L20: 1.5287028
A21: Maldives at Kuda Huraa | B21: =B20+1 -> 20 | C21: 4 | D21: 2021 | F21: 0.14 | H21: 0.44534802 | J21: 0.4 | K21: 0 | L21: 1.5287028
A22: Maldives at Kuda Huraa | B22: =B21+1 -> 21 | C22: 4 | D22: 2021 | F22: 0.14 | H22: 0.44534802 | J22: 0.4 | K22: 0 | L22: 1.5287028
A23: Maldives at Kuda Huraa | B23: =B22+1 -> 22 | C23: 4 | D23: 2021 | F23: 0.14 | H23: 0.44534802 | J23: 0.4 | K23: 0 | L23: 1.5287028
A24: Maldives at Kuda Huraa | B24: =B23+1 -> 23 | C24: 4 | D24: 2021 | F24: 0.14 | H24: 0.44534802 | J24: 0.4 | K24: 0 | L24: 1.5287028
A25: Maldives at Kuda Huraa | B25: =B24+1 -> 24 | C25: 4 | D25: 2021 | F25: 0.14 | H25: 0.44534802 | J25: 0.4 | K25: 0 | L25: 1.5287028
A26: Maldives at Kuda Huraa | B26: =B25+1 -> 25 | C26: 4 | D26: 2021 | F26: 0.14 | H26: 0.44534802 | J26: 0.4 | K26: 0 | L26: 1.5287028
... A32: Maldives at Kuda Huraa | B32: =B31+1 -> 31 | C32: 4 | D32: 2021 | F32: 0.14 | H32: 0.44534802 | J32: 0.4 | K32: 0 | L32: 1.5287028
A33: Total | E33: =SUM(E2:E32) -> 318750 | F33: 0 | G33: =SUM(G2:G32) -> 88879 | H33: 0 | I33: =SUM(I2:I32) -> 4216 | J33: 0 | K33: 0 | L33: 0 | M33: =SUM(M2:M32) -> 473 | N33: =SUM(N2:N32) -> 1312 | O33: =SUM(O2:O32) -> 3659

Sheet Kwh Reading
A1: Electric Consumption Record (4pm)
A2: Month | B2: BOH-1/ B&C Block MWH | C2: Pastry MWH | D2: Feeder 401-419 KWH | E2: Feeder 301-319 KWH | F2: Kitchen GWH | G2: Feeder 201-208 MWH | H2: Feeder 113-123 | I2: M - Block /PC MWH | J2: Laundry MWH | M2: Feeder 101-112 MWH | N2: Feeder 217-224 | O2: Spa MWH | P2: Feeder 124-134 | Q2: Feeder 209-216 | R2: STP -1 &2 MWH | S2: STP -3 MWH | T2: Reef Club MWH | V2: Room Nights | W2: Total Guests | X2: Food Covers
J3: A | K3: B | L3: C
A4: 44287 | B4: 860.77 | C4: 209.57 | D4: 7259830 | E4: 7898651.4 | F4: 2.1588 | G4: 662.88 | H4: 558.3 | I4: 206.17 | J4: 298.13 | K4: 316.49 | L4: 216.26 | M4: 448.28 | N4: 400.92 | O4: 128.64 | P4: 524.32 | Q4: 393.27 | R4: 130.52 | S4: 103.33 | T4: 378.95 | V4: 61 | W4: 168 | X4: 434
A5: 44288 | B5: 862.1 | C5: 209.82 | D5: 7262447.8 | E5: 7902483.7 | F5: 2.1614 | G5: 663.9 | H5: 559.18 | I5: 206.43 | J5: 298.46 | K5: 316.93 | L5: 216.53 | M5: 449.09 | N5: 401.76 | O5: 128.91 | P5: 525.43 | Q5: 394.02 | R5: 130.83 | S5: 103.49 | T5: 379.49 | V5: 67 | W5: 182 | X5: 486
A6: 44289 | B6: 863.48 | C6: 210.07 | D6: 7265219.9 | E6: 7906464.5 | F6: 2.164 | G6: 664.95 | H6: 560.12 | I6: 206.76 | J6: 298.81 | K6: 317.39 | L6: 216.8 | M6: 449.89 | N6: 402.71 | O6: 129.19 | P6: 526.56 | Q6: 394.89 | R6: 131.03 | S6: 103.63 | T6: 380.04 | V6: 65 | W6: 176 | X6: 535
A7: 44290 | B7: 864.83 | C7: 210.34 | D7: 7267990.1 | E7: 7910306.6 | F7: 2.1668 | G7: 665.96 | H7: 561.05 | I7: 207.05 | J7: 299.21 | K7: 317.9 | L7: 217.12 | M7: 450.65 | N7: 403.61 | O7: 129.48 | P7: 527.71 | Q7: 395.75 | R7: 131.27 | S7: 103.75 | T7: 380.66 | V7: 62 | W7: 172 | X7: 452
A8: 44291 | B8: 866.08 | C8: 210.56 | D8: 7270854.6 | E8: 7914233.4 | F8: 2.1693 | G8: 666.94 | H8: 562.09 | I8: 207.36 | J8: 299.56 | K8: 318.31 | L8: 217.39 | M8: 451.42 | N8: 404.5 | O8: 129.72 | P8: 528.76 | Q8: 396.63 | R8: 131.59 | S8: 103.89 | T8: 381.23 | V8: 53 | W8: 148 | X8: 419
A9: 44292 | B9: 867.44 | C9: 210.82 | D9: 7273739 | E9: 7918241.9 | F9: 2.1721 | G9: 667.98 | H9: 563.18 | I9: 207.7 | J9: 300.02 | K9: 318.81 | L9: 217.68 | M9: 452.23 | N9: 405.46 | O9: 130 | P9: 529.92 | Q9: 397.47 | R9: 131.91 | S9: 104.02 | T9: 381.8 | V9: 52 | W9: 147 | X9: 431
A10: 44293 | B10: 868.73 | C10: 211.06 | D10: 7276083 | E10: 7921697.8 | F10: 2.1746 | G10: 668.87 | H10: 564.16 | I10: 208.01 | J10: 300.34 | K10: 319.19 | L10: 217.92 | M10: 452.98 | N10: 406.27 | O10: 130.23 | P10: 530.91 | Q10: 398.26 | R10: 132.24 | S10: 104.14 | T10: 382.37 | V10: 43 | W10: 118 | X10: 319
A11: 44294 | B11: 870.09 | C11: 211.29 | D11: 7278703.2 | E11: 7925228 | F11: 2.1771 | G11: 669.79 | H11: 565.24 | I11: 208.33 | J11: 300.69 | K11: 319.6 | L11: 218.17 | M11: 453.82 | N11: 406.95 | O11: 130.49 | P11: 531.85 | Q11: 399.18 | R11: 132.54 | S11: 104.27 | T11: 382.9 | V11: 39 | W11: 109 | X11: 296
A12: 44295 | B12: 871.46 | C12: 211.53 | D12: 7281406.1 | E12: 7928757.1 | F12: 2.1797 | G12: 670.74 | H12: 566.31 | I12: 208.64 | J12: 300.98 | K12: 320 | L12: 218.38 | M12: 454.73 | N12: 407.62 | O12: 130.8 | P12: 532.89 | Q12: 400.13 | R12: 132.87 | S12: 104.39 | T12: 383.45 | V12: 31 | W12: 92 | X12: 287
A13: 44296 | B13: 872.81 | C13: 211.76 | D13: 7283841.8 | E13: 7931531 | F13: 2.1822 | G13: 671.61 | H13: 567.26 | I13: 208.97 | J13: 301.31 | K13: 320.32 | L13: 218.61 | M13: 455.61 | N13: 408.21 | O13: 131.07 | P13: 533.81 | Q13: 400.84 | R13: 133.2 | S13: 104.52 | T13: 383.71
A14: 44297 | B14: 874.27 | C14: 211.99 | D14: 7286342.5 | E14: 7934889.8 | F14: 2.1847 | G14: 672.65 | H14: 568.34 | I14: 209.32 | J14: 301.64 | K14: 320.7 | L14: 218.86 | M14: 456.53 | N14: 409.01 | O14: 131.34 | P14: 534.8 | Q14: 401.6 | R14: 133.53 | S14: 104.65 | T14: 384.25
A15: 44298 | B15: 875.6 | C15: 212.19 | D15: 7288764.9 | E15: 7937789.4 | F15: 2.187 | G15: 673.64 | H15: 569.29 | I15: 209.66 | J15: 301.89 | K15: 320.97 | L15: 219.04 | M15: 457.38 | N15: 409.88 | O15: 131.58 | P15: 535.65 | Q15: 402.35 | R15: 133.81 | S15: 104.78 | T15: 384.73
A16: 44299 | B16: 876.99 | C16: 212.42 | D16: 7291266.1 | E16: 7940809.6 | F16: 2.1895 | G16: 674.59 | H16: 570.23 | I16: 210.03 | J16: 302.14 | K16: 321.32 | L16: 219.24 | M16: 458.15 | N16: 410.86 | O16: 131.82 | P16: 536.6 | Q16: 403.12 | R16: 134.11 | S16: 104.91 | T16: 385.23
A17: 44300 | B17: 878.33 | C17: 212.66 | D17: 7293555.9 | E17: 7943907.5 | F17: 2.1917 | G17: 675.45 | H17: 571.18 | I17: 210.36 | J17: 302.3 | K17: 321.6 | L17: 219.42 | M17: 458.94 | N17: 411.74 | O17: 132.04 | P17: 537.51 | Q17: 403.84 | R17: 134.36 | S17: 105.05 | T17: 385.72
A18: 44301
A19: 44302
A20: 44303
A21: 44304
A22: 44305
A23: 44306
A24: 44307
A25: 44308
A26: 44309
A27: 44310
A28: 44311
A29: 44312
... A34: 44317
V35: =SUM(V4:V34) -> 473 | W35: =SUM(W4:W34) -> 1312 | X35: =SUM(X4:X34) -> 3659
T42: ……..

Sheet Kwh Consumption
A2: Date | B2: Total KWH | C2: Reef Club KWH | D2: Kitchen KWH | E2: Pastry KWH | F2: Laundry KWH | I2: STP -1 &2 KWH | J2: STP -3 KWH | K2: M - Block /PC KWH | L2: B&C Block KWH | M2: Guest Room Beach Pavilion & Beach Bungalow KWH | S2: Guest Room Water Bungalow KWH | U2: Spa KWH | V2: Others KWH
F3: A | G3: B | H3: C | M3: Feeder -101-112 | N3: Feeder -113-123 | O3: Feeder -124-134 | P3: Feeder -201-208 | Q3: Feeder -209-216 | R3: Feeder -217-224 | S3: Feeder -301-319 | T3: Feeder 401-419
A4: ='Kwh Reading'!A4 -> 44287 | B4: 25520 | C4: =('Kwh Reading'!T5-'Kwh Reading'!T4)*1000 -> 540 | D4: =('Kwh Reading'!F5-'Kwh Reading'!F4)*1000000 -> 2600 | E4: =('Kwh Reading'!C5-'Kwh Reading'!C4)*1000 -> 250 | F4: =('Kwh Reading'!J5-'Kwh Reading'!J4)*1000 -> 330 | G4: =('Kwh Reading'!K5-'Kwh Reading'!K4)*1000 -> 440 | H4: =('Kwh Reading'!L5-'Kwh Reading'!L4)*1000 -> 270 | I4: =('Kwh Reading'!R5-'Kwh Reading'!R4)*1000 -> 310 | J4: =('Kwh Reading'!S5-'Kwh Reading'!S4)*1000 -> 160 | K4: =('Kwh Reading'!I5-'Kwh Reading'!I4)*1000 -> 260 | L4: =('Kwh Reading'!B5-'Kwh Reading'!B4)*1000 -> 1330 | M4: =('Kwh Reading'!M5-'Kwh Reading'!M4)*1000 -> 810 | N4: =('Kwh Reading'!H5-'Kwh Reading'!H4)*1000 -> 880 | O4: =('Kwh Reading'!P5-'Kwh Reading'!P4)*1000 -> 1110 | P4: =('Kwh Reading'!G5-'Kwh Reading'!G4)*1000 -> 1020 | Q4: =('Kwh Reading'!Q5-'Kwh Reading'!Q4)*1000 -> 750 | R4: =('Kwh Reading'!N5-'Kwh Reading'!N4)*1000 -> 840 | S4: ='Kwh Reading'!E5-'Kwh Reading'!E4 -> 3832.3 | T4: ='Kwh Reading'!D5-'Kwh Reading'!D4 -> 2617.74 | U4: =('Kwh Reading'!O5-'Kwh Reading'!O4)*1000 -> 270 | V4: =B4-(SUM(C4:U4)) -> 6899.96
A5: ='Kwh Reading'!A5 -> 44288 | B5: =TOTAL!E3 -> 25880 | C5: =('Kwh Reading'!T6-'Kwh Reading'!T5)*1000 -> 550 | D5: =('Kwh Reading'!F6-'Kwh Reading'!F5)*1000000 -> 2600 | E5: =('Kwh Reading'!C6-'Kwh Reading'!C5)*1000 -> 250 | F5: =('Kwh Reading'!J6-'Kwh Reading'!J5)*1000 -> 350 | G5: =('Kwh Reading'!K6-'Kwh Reading'!K5)*1000 -> 460 | H5: =('Kwh Reading'!L6-'Kwh Reading'!L5)*1000 -> 270 | I5: =('Kwh Reading'!R6-'Kwh Reading'!R5)*1000 -> 200 | J5: =('Kwh Reading'!S6-'Kwh Reading'!S5)*1000 -> 140 | K5: =('Kwh Reading'!I6-'Kwh Reading'!I5)*1000 -> 330 | L5: =('Kwh Reading'!B6-'Kwh Reading'!B5)*1000 -> 1380 | M5: =('Kwh Reading'!M6-'Kwh Reading'!M5)*1000 -> 800 | N5: =('Kwh Reading'!H6-'Kwh Reading'!H5)*1000 -> 940 | O5: =('Kwh Reading'!P6-'Kwh Reading'!P5)*1000 -> 1130 | P5: =('Kwh Reading'!G6-'Kwh Reading'!G5)*1000 -> 1050 | Q5: =('Kwh Reading'!Q6-'Kwh Reading'!Q5)*1000 -> 870 | R5: =('Kwh Reading'!N6-'Kwh Reading'!N5)*1000 -> 950 | S5: ='Kwh Reading'!E6-'Kwh Reading'!E5 -> 3980.85 | T5: ='Kwh Reading'!D6-'Kwh Reading'!D5 -> 2772.15 | U5: =('Kwh Reading'!O6-'Kwh Reading'!O5)*1000 -> 280 | V5: =B5-(SUM(C5:U5)) -> 6577
A6: ='Kwh Reading'!A6 -> 44289 | B6: =TOTAL!E4 -> 25550 | C6: =('Kwh Reading'!T7-'Kwh Reading'!T6)*1000 -> 620 | D6: =('Kwh Reading'!F7-'Kwh Reading'!F6)*1000000 -> 2800 | E6: =('Kwh Reading'!C7-'Kwh Reading'!C6)*1000 -> 270 | F6: =('Kwh Reading'!J7-'Kwh Reading'!J6)*1000 -> 400 | G6: =('Kwh Reading'!K7-'Kwh Reading'!K6)*1000 -> 510 | H6: =('Kwh Reading'!L7-'Kwh Reading'!L6)*1000 -> 320 | I6: =('Kwh Reading'!R7-'Kwh Reading'!R6)*1000 -> 240 | J6: =('Kwh Reading'!S7-'Kwh Reading'!S6)*1000 -> 120 | K6: =('Kwh Reading'!I7-'Kwh Reading'!I6)*1000 -> 290 | L6: =('Kwh Reading'!B7-'Kwh Reading'!B6)*1000 -> 1350 | M6: =('Kwh Reading'!M7-'Kwh Reading'!M6)*1000 -> 760 | N6: =('Kwh Reading'!H7-'Kwh Reading'!H6)*1000 -> 930 | O6: =('Kwh Reading'!P7-'Kwh Reading'!P6)*1000 -> 1150 | P6: =('Kwh Reading'!G7-'Kwh Reading'!G6)*1000 -> 1010 | Q6: =('Kwh Reading'!Q7-'Kwh Reading'!Q6)*1000 -> 860 | R6: =('Kwh Reading'!N7-'Kwh Reading'!N6)*1000 -> 900 | S6: ='Kwh Reading'!E7-'Kwh Reading'!E6 -> 3842.08 | T6: ='Kwh Reading'!D7-'Kwh Reading'!D6 -> 2770.21 | U6: =('Kwh Reading'!O7-'Kwh Reading'!O6)*1000 -> 290 | V6: =B6-(SUM(C6:U6)) -> 6117.71
A7: ='Kwh Reading'!A7 -> 44290 | B7: =TOTAL!E5 -> 26880 | C7: =('Kwh Reading'!T8-'Kwh Reading'!T7)*1000 -> 570 | D7: =('Kwh Reading'!F8-'Kwh Reading'!F7)*1000000 -> 2500 | E7: =('Kwh Reading'!C8-'Kwh Reading'!C7)*1000 -> 220 | F7: =('Kwh Reading'!J8-'Kwh Reading'!J7)*1000 -> 350 | G7: =('Kwh Reading'!K8-'Kwh Reading'!K7)*1000 -> 410 | H7: =('Kwh Reading'!L8-'Kwh Reading'!L7)*1000 -> 270 | I7: =('Kwh Reading'!R8-'Kwh Reading'!R7)*1000 -> 320 | J7: =('Kwh Reading'!S8-'Kwh Reading'!S7)*1000 -> 140 | K7: =('Kwh Reading'!I8-'Kwh Reading'!I7)*1000 -> 310 | L7: =('Kwh Reading'!B8-'Kwh Reading'!B7)*1000 -> 1250 | M7: =('Kwh Reading'!M8-'Kwh Reading'!M7)*1000 -> 770 | N7: =('Kwh Reading'!H8-'Kwh Reading'!H7)*1000 -> 1040 | O7: =('Kwh Reading'!P8-'Kwh Reading'!P7)*1000 -> 1050 | P7: =('Kwh Reading'!G8-'Kwh Reading'!G7)*1000 -> 980 | Q7: =('Kwh Reading'!Q8-'Kwh Reading'!Q7)*1000 -> 880 | R7: =('Kwh Reading'!N8-'Kwh Reading'!N7)*1000 -> 890 | S7: ='Kwh Reading'!E8-'Kwh Reading'!E7 -> 3926.75 | T7: ='Kwh Reading'!D8-'Kwh Reading'!D7 -> 2864.49 | U7: =('Kwh Reading'!O8-'Kwh Reading'!O7)*1000 -> 240 | V7: =B7-(SUM(C7:U7)) -> 7898.76
A8: ='Kwh Reading'!A8 -> 44291 | B8: =TOTAL!E6 -> 25850 | C8: =('Kwh Reading'!T9-'Kwh Reading'!T8)*1000 -> 570 | D8: =('Kwh Reading'!F9-'Kwh Reading'!F8)*1000000 -> 2800 | E8: =('Kwh Reading'!C9-'Kwh Reading'!C8)*1000 -> 260 | F8: =('Kwh Reading'!J9-'Kwh Reading'!J8)*1000 -> 460 | G8: =('Kwh Reading'!K9-'Kwh Reading'!K8)*1000 -> 500 | H8: =('Kwh Reading'!L9-'Kwh Reading'!L8)*1000 -> 290 | I8: =('Kwh Reading'!R9-'Kwh Reading'!R8)*1000 -> 320 | J8: =('Kwh Reading'!S9-'Kwh Reading'!S8)*1000 -> 130 | K8: =('Kwh Reading'!I9-'Kwh Reading'!I8)*1000 -> 340 | L8: =('Kwh Reading'!B9-'Kwh Reading'!B8)*1000 -> 1360 | M8: =('Kwh Reading'!M9-'Kwh Reading'!M8)*1000 -> 810 | N8: =('Kwh Reading'!H9-'Kwh Reading'!H8)*1000 -> 1090 | O8: =('Kwh Reading'!P9-'Kwh Reading'!P8)*1000 -> 1160 | P8: =('Kwh Reading'!G9-'Kwh Reading'!G8)*1000 -> 1040 | Q8: =('Kwh Reading'!Q9-'Kwh Reading'!Q8)*1000 -> 840 | R8: =('Kwh Reading'!N9-'Kwh Reading'!N8)*1000 -> 960 | S8: ='Kwh Reading'!E9-'Kwh Reading'!E8 -> 4008.57 | T8: ='Kwh Reading'!D9-'Kwh Reading'!D8 -> 2884.4 | U8: =('Kwh Reading'!O9-'Kwh Reading'!O8)*1000 -> 280 | V8: =B8-(SUM(C8:U8)) -> 5747.03
A9: ='Kwh Reading'!A9 -> 44292 | B9: =TOTAL!E7 -> 25300 | C9: =('Kwh Reading'!T10-'Kwh Reading'!T9)*1000 -> 570 | D9: =('Kwh Reading'!F10-'Kwh Reading'!F9)*1000000 -> 2500 | E9: =('Kwh Reading'!C10-'Kwh Reading'!C9)*1000 -> 240 | F9: =('Kwh Reading'!J10-'Kwh Reading'!J9)*1000 -> 320 | G9: =('Kwh Reading'!K10-'Kwh Reading'!K9)*1000 -> 380 | H9: =('Kwh Reading'!L10-'Kwh Reading'!L9)*1000 -> 240 | I9: =('Kwh Reading'!R10-'Kwh Reading'!R9)*1000 -> 330 | J9: =('Kwh Reading'!S10-'Kwh Reading'!S9)*1000 -> 120 | K9: =('Kwh Reading'!I10-'Kwh Reading'!I9)*1000 -> 310 | L9: =('Kwh Reading'!B10-'Kwh Reading'!B9)*1000 -> 1290 | M9: =('Kwh Reading'!M10-'Kwh Reading'!M9)*1000 -> 750 | N9: =('Kwh Reading'!H10-'Kwh Reading'!H9)*1000 -> 980 | O9: =('Kwh Reading'!P10-'Kwh Reading'!P9)*1000 -> 990 | P9: =('Kwh Reading'!G10-'Kwh Reading'!G9)*1000 -> 890 | Q9: =('Kwh Reading'!Q10-'Kwh Reading'!Q9)*1000 -> 790 | R9: =('Kwh Reading'!N10-'Kwh Reading'!N9)*1000 -> 810 | S9: ='Kwh Reading'!E10-'Kwh Reading'!E9 -> 3455.83 | T9: ='Kwh Reading'!D10-'Kwh Reading'!D9 -> 2344.05 | U9: =('Kwh Reading'!O10-'Kwh Reading'!O9)*1000 -> 230 | V9: =B9-(SUM(C9:U9)) -> 7760.12
A10: ='Kwh Reading'!A10 -> 44293 | B10: =TOTAL!E8 -> 20730 | C10: =('Kwh Reading'!T11-'Kwh Reading'!T10)*1000 -> 530 | D10: =('Kwh Reading'!F11-'Kwh Reading'!F10)*1000000 -> 2500 | E10: =('Kwh Reading'!C11-'Kwh Reading'!C10)*1000 -> 230 | F10: =('Kwh Reading'!J11-'Kwh Reading'!J10)*1000 -> 350 | G10: =('Kwh Reading'!K11-'Kwh Reading'!K10)*1000 -> 410 | H10: =('Kwh Reading'!L11-'Kwh Reading'!L10)*1000 -> 250 | I10: =('Kwh Reading'!R11-'Kwh Reading'!R10)*1000 -> 300 | J10: =('Kwh Reading'!S11-'Kwh Reading'!S10)*1000 -> 130 | K10: =('Kwh Reading'!I11-'Kwh Reading'!I10)*1000 -> 320 | L10: =('Kwh Reading'!B11-'Kwh Reading'!B10)*1000 -> 1360 | M10: =('Kwh Reading'!M11-'Kwh Reading'!M10)*1000 -> 840 | N10: =('Kwh Reading'!H11-'Kwh Reading'!H10)*1000 -> 1080 | O10: =('Kwh Reading'!P11-'Kwh Reading'!P10)*1000 -> 940 | P10: =('Kwh Reading'!G11-'Kwh Reading'!G10)*1000 -> 920 | Q10: =('Kwh Reading'!Q11-'Kwh Reading'!Q10)*1000 -> 920 | R10: =('Kwh Reading'!N11-'Kwh Reading'!N10)*1000 -> 680 | S10: ='Kwh Reading'!E11-'Kwh Reading'!E10 -> 3530.22 | T10: ='Kwh Reading'!D11-'Kwh Reading'!D10 -> 2620.14 | U10: =('Kwh Reading'!O11-'Kwh Reading'!O10)*1000 -> 260 | V10: =B10-(SUM(C10:U10)) -> 2559.64
A11: ='Kwh Reading'!A11 -> 44294 | B11: =TOTAL!E9 -> 24890 | C11: =('Kwh Reading'!T12-'Kwh Reading'!T11)*1000 -> 550 | D11: =('Kwh Reading'!F12-'Kwh Reading'!F11)*1000000 -> 2600 | E11: =('Kwh Reading'!C12-'Kwh Reading'!C11)*1000 -> 240 | F11: =('Kwh Reading'!J12-'Kwh Reading'!J11)*1000 -> 290 | G11: =('Kwh Reading'!K12-'Kwh Reading'!K11)*1000 -> 400 | H11: =('Kwh Reading'!L12-'Kwh Reading'!L11)*1000 -> 210 | I11: =('Kwh Reading'!R12-'Kwh Reading'!R11)*1000 -> 330 | J11: =('Kwh Reading'!S12-'Kwh Reading'!S11)*1000 -> 120 | K11: =('Kwh Reading'!I12-'Kwh Reading'!I11)*1000 -> 310 | L11: =('Kwh Reading'!B12-'Kwh Reading'!B11)*1000 -> 1370 | M11: =('Kwh Reading'!M12-'Kwh Reading'!M11)*1000 -> 910 | N11: =('Kwh Reading'!H12-'Kwh Reading'!H11)*1000 -> 1070 | O11: =('Kwh Reading'!P12-'Kwh Reading'!P11)*1000 -> 1040 | P11: =('Kwh Reading'!G12-'Kwh Reading'!G11)*1000 -> 950 | Q11: =('Kwh Reading'!Q12-'Kwh Reading'!Q11)*1000 -> 950 | R11: =('Kwh Reading'!N12-'Kwh Reading'!N11)*1000 -> 670 | S11: ='Kwh Reading'!E12-'Kwh Reading'!E11 -> 3529.09 | T11: ='Kwh Reading'!D12-'Kwh Reading'!D11 -> 2702.93 | U11: =('Kwh Reading'!O12-'Kwh Reading'!O11)*1000 -> 310 | V11: =B11-(SUM(C11:U11)) -> 6337.98
A12: ='Kwh Reading'!A12 -> 44295 | B12: =TOTAL!E10 -> 22380 | C12: =('Kwh Reading'!T13-'Kwh Reading'!T12)*1000 -> 260 | D12: =('Kwh Reading'!F13-'Kwh Reading'!F12)*1000000 -> 2500 | E12: =('Kwh Reading'!C13-'Kwh Reading'!C12)*1000 -> 230 | F12: =('Kwh Reading'!J13-'Kwh Reading'!J12)*1000 -> 330 | G12: =('Kwh Reading'!K13-'Kwh Reading'!K12)*1000 -> 320 | H12: =('Kwh Reading'!L13-'Kwh Reading'!L12)*1000 -> 230 | I12: =('Kwh Reading'!R13-'Kwh Reading'!R12)*1000 -> 330 | J12: =('Kwh Reading'!S13-'Kwh Reading'!S12)*1000 -> 130 | K12: =('Kwh Reading'!I13-'Kwh Reading'!I12)*1000 -> 330 | L12: =('Kwh Reading'!B13-'Kwh Reading'!B12)*1000 -> 1350 | M12: =('Kwh Reading'!M13-'Kwh Reading'!M12)*1000 -> 880 | N12: =('Kwh Reading'!H13-'Kwh Reading'!H12)*1000 -> 950 | O12: =('Kwh Reading'!P13-'Kwh Reading'!P12)*1000 -> 920 | P12: =('Kwh Reading'!G13-'Kwh Reading'!G12)*1000 -> 870 | Q12: =('Kwh Reading'!Q13-'Kwh Reading'!Q12)*1000 -> 710 | R12: =('Kwh Reading'!N13-'Kwh Reading'!N12)*1000 -> 590 | S12: ='Kwh Reading'!E13-'Kwh Reading'!E12 -> 2773.92 | T12: ='Kwh Reading'!D13-'Kwh Reading'!D12 -> 2435.68 | U12: =('Kwh Reading'!O13-'Kwh Reading'!O12)*1000 -> 270 | V12: =B12-(SUM(C12:U12)) -> 5970.4
A13: ='Kwh Reading'!A13 -> 44296 | B13: =TOTAL!E11 -> 24860 | C13: =('Kwh Reading'!T14-'Kwh Reading'!T13)*1000 -> 540 | D13: =('Kwh Reading'!F14-'Kwh Reading'!F13)*1000000 -> 2500 | E13: =('Kwh Reading'!C14-'Kwh Reading'!C13)*1000 -> 230 | F13: =('Kwh Reading'!J14-'Kwh Reading'!J13)*1000 -> 330 | G13: =('Kwh Reading'!K14-'Kwh Reading'!K13)*1000 -> 380 | H13: =('Kwh Reading'!L14-'Kwh Reading'!L13)*1000 -> 250 | I13: =('Kwh Reading'!R14-'Kwh Reading'!R13)*1000 -> 330 | J13: =('Kwh Reading'!S14-'Kwh Reading'!S13)*1000 -> 130 | K13: =('Kwh Reading'!I14-'Kwh Reading'!I13)*1000 -> 350 | L13: =('Kwh Reading'!B14-'Kwh Reading'!B13)*1000 -> 1460 | M13: =('Kwh Reading'!M14-'Kwh Reading'!M13)*1000 -> 920 | N13: =('Kwh Reading'!H14-'Kwh Reading'!H13)*1000 -> 1080 | O13: =('Kwh Reading'!P14-'Kwh Reading'!P13)*1000 -> 990 | P13: =('Kwh Reading'!G14-'Kwh Reading'!G13)*1000 -> 1040 | Q13: =('Kwh Reading'!Q14-'Kwh Reading'!Q13)*1000 -> 760 | R13: =('Kwh Reading'!N14-'Kwh Reading'!N13)*1000 -> 800 | S13: ='Kwh Reading'!E14-'Kwh Reading'!E13 -> 3358.85 | T13: ='Kwh Reading'!D14-'Kwh Reading'!D13 -> 2500.69 | U13: =('Kwh Reading'!O14-'Kwh Reading'!O13)*1000 -> 270 | V13: =B13-(SUM(C13:U13)) -> 6640.46
A14: ='Kwh Reading'!A14 -> 44297 | B14: =TOTAL!E12 -> 23700 | C14: =('Kwh Reading'!T15-'Kwh Reading'!T14)*1000 -> 480 | D14: =('Kwh Reading'!F15-'Kwh Reading'!F14)*1000000 -> 2300 | E14: =('Kwh Reading'!C15-'Kwh Reading'!C14)*1000 -> 200 | F14: =('Kwh Reading'!J15-'Kwh Reading'!J14)*1000 -> 250 | G14: =('Kwh Reading'!K15-'Kwh Reading'!K14)*1000 -> 270 | H14: =('Kwh Reading'!L15-'Kwh Reading'!L14)*1000 -> 180 | I14: =('Kwh Reading'!R15-'Kwh Reading'!R14)*1000 -> 280 | J14: =('Kwh Reading'!S15-'Kwh Reading'!S14)*1000 -> 130 | K14: =('Kwh Reading'!I15-'Kwh Reading'!I14)*1000 -> 340 | L14: =('Kwh Reading'!B15-'Kwh Reading'!B14)*1000 -> 1330 | M14: =('Kwh Reading'!M15-'Kwh Reading'!M14)*1000 -> 850 | N14: =('Kwh Reading'!H15-'Kwh Reading'!H14)*1000 -> 950 | O14: =('Kwh Reading'!P15-'Kwh Reading'!P14)*1000 -> 850 | P14: =('Kwh Reading'!G15-'Kwh Reading'!G14)*1000 -> 990 | Q14: =('Kwh Reading'!Q15-'Kwh Reading'!Q14)*1000 -> 750 | R14: =('Kwh Reading'!N15-'Kwh Reading'!N14)*1000 -> 870 | S14: ='Kwh Reading'!E15-'Kwh Reading'!E14 -> 2899.56 | T14: ='Kwh Reading'!D15-'Kwh Reading'!D14 -> 2422.45 | U14: =('Kwh Reading'!O15-'Kwh Reading'!O14)*1000 -> 240 | V14: =B14-(SUM(C14:U14)) -> 7117.99
A15: ='Kwh Reading'!A15 -> 44298 | B15: =TOTAL!E13 -> 23130 | C15: =('Kwh Reading'!T16-'Kwh Reading'!T15)*1000 -> 500 | D15: =('Kwh Reading'!F16-'Kwh Reading'!F15)*1000000 -> 2500 | E15: =('Kwh Reading'!C16-'Kwh Reading'!C15)*1000 -> 230 | F15: =('Kwh Reading'!J16-'Kwh Reading'!J15)*1000 -> 250 | G15: =('Kwh Reading'!K16-'Kwh Reading'!K15)*1000 -> 350 | H15: =('Kwh Reading'!L16-'Kwh Reading'!L15)*1000 -> 200 | I15: =('Kwh Reading'!R16-'Kwh Reading'!R15)*1000 -> 300 | J15: =('Kwh Reading'!S16-'Kwh Reading'!S15)*1000 -> 130 | K15: =('Kwh Reading'!I16-'Kwh Reading'!I15)*1000 -> 370 | L15: =('Kwh Reading'!B16-'Kwh Reading'!B15)*1000 -> 1390 | M15: =('Kwh Reading'!M16-'Kwh Reading'!M15)*1000 -> 770 | N15: =('Kwh Reading'!H16-'Kwh Reading'!H15)*1000 -> 940 | O15: =('Kwh Reading'!P16-'Kwh Reading'!P15)*1000 -> 950 | P15: =('Kwh Reading'!G16-'Kwh Reading'!G15)*1000 -> 950 | Q15: =('Kwh Reading'!Q16-'Kwh Reading'!Q15)*1000 -> 770 | R15: =('Kwh Reading'!N16-'Kwh Reading'!N15)*1000 -> 980 | S15: ='Kwh Reading'!E16-'Kwh Reading'!E15 -> 3020.22 | T15: ='Kwh Reading'!D16-'Kwh Reading'!D15 -> 2501.12 | U15: =('Kwh Reading'!O16-'Kwh Reading'!O15)*1000 -> 240 | V15: =B15-(SUM(C15:U15)) -> 5788.66
A16: ='Kwh Reading'!A16 -> 44299 | B16: =TOTAL!E14 -> 24080 | C16: =('Kwh Reading'!T17-'Kwh Reading'!T16)*1000 -> 490 | D16: =('Kwh Reading'!F17-'Kwh Reading'!F16)*1000000 -> 2200 | E16: =('Kwh Reading'!C17-'Kwh Reading'!C16)*1000 -> 240 | F16: =('Kwh Reading'!J17-'Kwh Reading'!J16)*1000 -> 160 | G16: =('Kwh Reading'!K17-'Kwh Reading'!K16)*1000 -> 280 | H16: =('Kwh Reading'!L17-'Kwh Reading'!L16)*1000 -> 180 | I16: =('Kwh Reading'!R17-'Kwh Reading'!R16)*1000 -> 250 | J16: =('Kwh Reading'!S17-'Kwh Reading'!S16)*1000 -> 140 | K16: =('Kwh Reading'!I17-'Kwh Reading'!I16)*1000 -> 330 | L16: =('Kwh Reading'!B17-'Kwh Reading'!B16)*1000 -> 1340 | M16: =('Kwh Reading'!M17-'Kwh Reading'!M16)*1000 -> 790 | N16: =('Kwh Reading'!H17-'Kwh Reading'!H16)*1000 -> 950 | O16: =('Kwh Reading'!P17-'Kwh Reading'!P16)*1000 -> 910 | P16: =('Kwh Reading'!G17-'Kwh Reading'!G16)*1000 -> 860 | Q16: =('Kwh Reading'!Q17-'Kwh Reading'!Q16)*1000 -> 720 | R16: =('Kwh Reading'!N17-'Kwh Reading'!N16)*1000 -> 880 | S16: ='Kwh Reading'!E17-'Kwh Reading'!E16 -> 3097.84 | T16: ='Kwh Reading'!D17-'Kwh Reading'!D16 -> 2289.84 | U16: =('Kwh Reading'!O17-'Kwh Reading'!O16)*1000 -> 220 | V16: =B16-(SUM(C16:U16)) -> 7752.32
... A34: ='Kwh Reading'!A34 -> 44317 | B34: =TOTAL!E32 -> 0 | C34: =('Kwh Reading'!T35-'Kwh Reading'!T34)*1000 -> 0 | D34: =('Kwh Reading'!F35-'Kwh Reading'!F34)*1000000 -> 0 | E34: =('Kwh Reading'!C35-'Kwh Reading'!C34)*1000 -> 0 | F34: =('Kwh Reading'!J35-'Kwh Reading'!J34)*1000 -> 0 | G34: =('Kwh Reading'!K35-'Kwh Reading'!K34)*1000 -> 0 | H34: =('Kwh Reading'!L35-'Kwh Reading'!L34)*1000 -> 0 | I34: =('Kwh Reading'!R35-'Kwh Reading'!R34)*1000 -> 0 | J34: =('Kwh Reading'!S35-'Kwh Reading'!S34)*1000 -> 0 | K34: =('Kwh Reading'!I35-'Kwh Reading'!I34)*1000 -> 0 | L34: =('Kwh Reading'!B35-'Kwh Reading'!B34)*1000 -> 0 | M34: =('Kwh Reading'!M35-'Kwh Reading'!M34)*1000 -> 0 | N34: =('Kwh Reading'!H35-'Kwh Reading'!H34)*1000 -> 0 | O34: =('Kwh Reading'!P35-'Kwh Reading'!P34)*1000 -> 0 | P34: =('Kwh Reading'!G35-'Kwh Reading'!G34)*1000 -> 0 | Q34: =('Kwh Reading'!Q35-'Kwh Reading'!Q34)*1000 -> 0 | R34: =('Kwh Reading'!N35-'Kwh Reading'!N34)*1000 -> 0 | S34: ='Kwh Reading'!E35-'Kwh Reading'!E34 -> 0 | T34: ='Kwh Reading'!D35-'Kwh Reading'!D34 -> 0 | U34: =('Kwh Reading'!O35-'Kwh Reading'!O34)*1000 -> 0 | V34: =B34-(SUM(C34:U34)) -> 0
A35: Total | B35: =SUM(B4:B34) -> 318750 | C35: =SUM(C4:C34) -> -378950 | D35: =SUM(D4:D34) -> -2158800 | E35: =SUM(E4:E34) -> -209570 | F35: =SUM(F4:F34) -> -298130 | G35: =SUM(G4:G34) -> -316490 | H35: =SUM(H4:H34) -> -216260 | I35: =SUM(I4:I34) -> -130520 | ... V35: =SUM(V4:V34) -> 23472831

Sheet Kwh area wise 
A2: Month | B2: Total KWH | C2: Reef Club Kitchen KWH | D2: Main Kitchen KWH | E2: Pastry Kitchen KWH | F2: Laundry KWH | G2: STP KWH | H2: Kuda Huraa Accomodation KWH | I2: Guest Room Beach Pavilion & Beach Bungalow KWH | J2: Guest Room Water Bungalow KWH | K2: Spa KWH | L2: Others KWH
A3: ='Kwh Reading'!A4 -> 44287 | B3: =TOTAL!E2 -> 25520 | C3: ='Kwh Consumption'!C4 -> 540 | D3: ='Kwh Consumption'!D4 -> 2600 | E3: ='Kwh Consumption'!E4 -> 250 | F3: =('Kwh Consumption'!F4+'Kwh Consumption'!G4+'Kwh Consumption'!H4) -> 1040 | G3: =('Kwh Consumption'!I4+'Kwh Consumption'!J4) -> 470 | H3: =('Kwh Consumption'!K4+'Kwh Consumption'!L4) -> 1590 | I3: =('Kwh Consumption'!M4+'Kwh Consumption'!N4+'Kwh Consumption'!O4+'Kwh Consumption'!P4+'Kwh Consumption'!Q4+'Kwh Consumption'!R4) -> 5410 | J3: =('Kwh Consumption'!S4+'Kwh Consumption'!T4) -> 6450.04 | K3: ='Kwh Consumption'!U4 -> 270 | L3: =B3-C3-D3-E3-F3-G3-H3-I3-J3-K3 -> 6899.96
A4: ='Kwh Reading'!A5 -> 44288 | B4: =TOTAL!E3 -> 25880 | C4: ='Kwh Consumption'!C5 -> 550 | D4: ='Kwh Consumption'!D5 -> 2600 | E4: ='Kwh Consumption'!E5 -> 250 | F4: =('Kwh Consumption'!F5+'Kwh Consumption'!G5+'Kwh Consumption'!H5) -> 1080 | G4: =('Kwh Consumption'!I5+'Kwh Consumption'!J5) -> 340 | H4: =('Kwh Consumption'!K5+'Kwh Consumption'!L5) -> 1710 | I4: =('Kwh Consumption'!M5+'Kwh Consumption'!N5+'Kwh Consumption'!O5+'Kwh Consumption'!P5+'Kwh Consumption'!Q5+'Kwh Consumption'!R5) -> 5740 | J4: =('Kwh Consumption'!S5+'Kwh Consumption'!T5) -> 6753 | K4: ='Kwh Consumption'!U5 -> 280 | L4: =B4-C4-D4-E4-F4-G4-H4-I4-J4-K4 -> 6577
A5: ='Kwh Reading'!A6 -> 44289 | B5: =TOTAL!E4 -> 25550 | C5: ='Kwh Consumption'!C6 -> 620 | D5: ='Kwh Consumption'!D6 -> 2800 | E5: ='Kwh Consumption'!E6 -> 270 | F5: =('Kwh Consumption'!F6+'Kwh Consumption'!G6+'Kwh Consumption'!H6) -> 1230 | G5: =('Kwh Consumption'!I6+'Kwh Consumption'!J6) -> 360 | H5: =('Kwh Consumption'!K6+'Kwh Consumption'!L6) -> 1640 | I5: =('Kwh Consumption'!M6+'Kwh Consumption'!N6+'Kwh Consumption'!O6+'Kwh Consumption'!P6+'Kwh Consumption'!Q6+'Kwh Consumption'!R6) -> 5610 | J5: =('Kwh Consumption'!S6+'Kwh Consumption'!T6) -> 6612.29 | K5: ='Kwh Consumption'!U6 -> 290 | L5: =B5-C5-D5-E5-F5-G5-H5-I5-J5-K5 -> 6117.71
A6: ='Kwh Reading'!A7 -> 44290 | B6: =TOTAL!E5 -> 26880 | C6: ='Kwh Consumption'!C7 -> 570 | D6: ='Kwh Consumption'!D7 -> 2500 | E6: ='Kwh Consumption'!E7 -> 220 | F6: =('Kwh Consumption'!F7+'Kwh Consumption'!G7+'Kwh Consumption'!H7) -> 1030 | G6: =('Kwh Consumption'!I7+'Kwh Consumption'!J7) -> 460 | H6: =('Kwh Consumption'!K7+'Kwh Consumption'!L7) -> 1560 | I6: =('Kwh Consumption'!M7+'Kwh Consumption'!N7+'Kwh Consumption'!O7+'Kwh Consumption'!P7+'Kwh Consumption'!Q7+'Kwh Consumption'!R7) -> 5610 | J6: =('Kwh Consumption'!S7+'Kwh Consumption'!T7) -> 6791.24 | K6: ='Kwh Consumption'!U7 -> 240 | L6: =B6-C6-D6-E6-F6-G6-H6-I6-J6-K6 -> 7898.76
A7: ='Kwh Reading'!A8 -> 44291 | B7: =TOTAL!E6 -> 25850 | C7: ='Kwh Consumption'!C8 -> 570 | D7: ='Kwh Consumption'!D8 -> 2800 | E7: ='Kwh Consumption'!E8 -> 260 | F7: =('Kwh Consumption'!F8+'Kwh Consumption'!G8+'Kwh Consumption'!H8) -> 1250 | G7: =('Kwh Consumption'!I8+'Kwh Consumption'!J8) -> 450 | H7: =('Kwh Consumption'!K8+'Kwh Consumption'!L8) -> 1700 | I7: =('Kwh Consumption'!M8+'Kwh Consumption'!N8+'Kwh Consumption'!O8+'Kwh Consumption'!P8+'Kwh Consumption'!Q8+'Kwh Consumption'!R8) -> 5900 | J7: =('Kwh Consumption'!S8+'Kwh Consumption'!T8) -> 6892.97 | K7: ='Kwh Consumption'!U8 -> 280 | L7: =B7-C7-D7-E7-F7-G7-H7-I7-J7-K7 -> 5747.03
A8: ='Kwh Reading'!A9 -> 44292 | B8: =TOTAL!E7 -> 25300 | C8: ='Kwh Consumption'!C9 -> 570 | D8: ='Kwh Consumption'!D9 -> 2500 | E8: ='Kwh Consumption'!E9 -> 240 | F8: =('Kwh Consumption'!F9+'Kwh Consumption'!G9+'Kwh Consumption'!H9) -> 940 | G8: =('Kwh Consumption'!I9+'Kwh Consumption'!J9) -> 450 | H8: =('Kwh Consumption'!K9+'Kwh Consumption'!L9) -> 1600 | I8: =('Kwh Consumption'!M9+'Kwh Consumption'!N9+'Kwh Consumption'!O9+'Kwh Consumption'!P9+'Kwh Consumption'!Q9+'Kwh Consumption'!R9) -> 5210 | J8: =('Kwh Consumption'!S9+'Kwh Consumption'!T9) -> 5799.88 | K8: ='Kwh Consumption'!U9 -> 230 | L8: =B8-C8-D8-E8-F8-G8-H8-I8-J8-K8 -> 7760.12
A9: ='Kwh Reading'!A10 -> 44293 | B9: =TOTAL!E8 -> 20730 | C9: ='Kwh Consumption'!C10 -> 530 | D9: ='Kwh Consumption'!D10 -> 2500 | E9: ='Kwh Consumption'!E10 -> 230 | F9: =('Kwh Consumption'!F10+'Kwh Consumption'!G10+'Kwh Consumption'!H10) -> 1010 | G9: =('Kwh Consumption'!I10+'Kwh Consumption'!J10) -> 430 | H9: =('Kwh Consumption'!K10+'Kwh Consumption'!L10) -> 1680 | I9: =('Kwh Consumption'!M10+'Kwh Consumption'!N10+'Kwh Consumption'!O10+'Kwh Consumption'!P10+'Kwh Consumption'!Q10+'Kwh Consumption'!R10) -> 5380 | J9: =('Kwh Consumption'!S10+'Kwh Consumption'!T10) -> 6150.36 | K9: ='Kwh Consumption'!U10 -> 260 | L9: =B9-C9-D9-E9-F9-G9-H9-I9-J9-K9 -> 2559.64
A10: ='Kwh Reading'!A11 -> 44294 | B10: =TOTAL!E9 -> 24890 | C10: ='Kwh Consumption'!C11 -> 550 | D10: ='Kwh Consumption'!D11 -> 2600 | E10: ='Kwh Consumption'!E11 -> 240 | F10: =('Kwh Consumption'!F11+'Kwh Consumption'!G11+'Kwh Consumption'!H11) -> 900 | G10: =('Kwh Consumption'!I11+'Kwh Consumption'!J11) -> 450 | H10: =('Kwh Consumption'!K11+'Kwh Consumption'!L11) -> 1680 | I10: =('Kwh Consumption'!M11+'Kwh Consumption'!N11+'Kwh Consumption'!O11+'Kwh Consumption'!P11+'Kwh Consumption'!Q11+'Kwh Consumption'!R11) -> 5590 | J10: =('Kwh Consumption'!S11+'Kwh Consumption'!T11) -> 6232.02 | K10: ='Kwh Consumption'!U11 -> 310 | L10: =B10-C10-D10-E10-F10-G10-H10-I10-J10-K10 -> 6337.98
A11: ='Kwh Reading'!A12 -> 44295 | B11: =TOTAL!E10 -> 22380 | C11: ='Kwh Consumption'!C12 -> 260 | D11: ='Kwh Consumption'!D12 -> 2500 | E11: ='Kwh Consumption'!E12 -> 230 | F11: =('Kwh Consumption'!F12+'Kwh Consumption'!G12+'Kwh Consumption'!H12) -> 880 | G11: =('Kwh Consumption'!I12+'Kwh Consumption'!J12) -> 460 | H11: =('Kwh Consumption'!K12+'Kwh Consumption'!L12) -> 1680 | I11: =('Kwh Consumption'!M12+'Kwh Consumption'!N12+'Kwh Consumption'!O12+'Kwh Consumption'!P12+'Kwh Consumption'!Q12+'Kwh Consumption'!R12) -> 4920 | J11: =('Kwh Consumption'!S12+'Kwh Consumption'!T12) -> 5209.6 | K11: ='Kwh Consumption'!U12 -> 270 | L11: =B11-C11-D11-E11-F11-G11-H11-I11-J11-K11 -> 5970.4
A12: ='Kwh Reading'!A13 -> 44296 | B12: =TOTAL!E11 -> 24860 | C12: ='Kwh Consumption'!C13 -> 540 | D12: ='Kwh Consumption'!D13 -> 2500 | E12: ='Kwh Consumption'!E13 -> 230 | F12: =('Kwh Consumption'!F13+'Kwh Consumption'!G13+'Kwh Consumption'!H13) -> 960 | G12: =('Kwh Consumption'!I13+'Kwh Consumption'!J13) -> 460 | H12: =('Kwh Consumption'!K13+'Kwh Consumption'!L13) -> 1810 | I12: =('Kwh Consumption'!M13+'Kwh Consumption'!N13+'Kwh Consumption'!O13+'Kwh Consumption'!P13+'Kwh Consumption'!Q13+'Kwh Consumption'!R13) -> 5590 | J12: =('Kwh Consumption'!S13+'Kwh Consumption'!T13) -> 5859.54 | K12: ='Kwh Consumption'!U13 -> 270 | L12: =B12-C12-D12-E12-F12-G12-H12-I12-J12-K12 -> 6640.46
A13: ='Kwh Reading'!A14 -> 44297 | B13: =TOTAL!E12 -> 23700 | C13: ='Kwh Consumption'!C14 -> 480 | D13: ='Kwh Consumption'!D14 -> 2300 | E13: ='Kwh Consumption'!E14 -> 200 | F13: =('Kwh Consumption'!F14+'Kwh Consumption'!G14+'Kwh Consumption'!H14) -> 700 | G13: =('Kwh Consumption'!I14+'Kwh Consumption'!J14) -> 410 | H13: =('Kwh Consumption'!K14+'Kwh Consumption'!L14) -> 1670 | I13: =('Kwh Consumption'!M14+'Kwh Consumption'!N14+'Kwh Consumption'!O14+'Kwh Consumption'!P14+'Kwh Consumption'!Q14+'Kwh Consumption'!R14) -> 5260 | J13: =('Kwh Consumption'!S14+'Kwh Consumption'!T14) -> 5322.01 | K13: ='Kwh Consumption'!U14 -> 240 | L13: =B13-C13-D13-E13-F13-G13-H13-I13-J13-K13 -> 7117.99
A14: ='Kwh Reading'!A15 -> 44298 | B14: =TOTAL!E13 -> 23130 | C14: ='Kwh Consumption'!C15 -> 500 | D14: ='Kwh Consumption'!D15 -> 2500 | E14: ='Kwh Consumption'!E15 -> 230 | F14: =('Kwh Consumption'!F15+'Kwh Consumption'!G15+'Kwh Consumption'!H15) -> 800 | G14: =('Kwh Consumption'!I15+'Kwh Consumption'!J15) -> 430 | H14: =('Kwh Consumption'!K15+'Kwh Consumption'!L15) -> 1760 | I14: =('Kwh Consumption'!M15+'Kwh Consumption'!N15+'Kwh Consumption'!O15+'Kwh Consumption'!P15+'Kwh Consumption'!Q15+'Kwh Consumption'!R15) -> 5360 | J14: =('Kwh Consumption'!S15+'Kwh Consumption'!T15) -> 5521.34 | K14: ='Kwh Consumption'!U15 -> 240 | L14: =B14-C14-D14-E14-F14-G14-H14-I14-J14-K14 -> 5788.66
... A33: ='Kwh Reading'!A34 -> 44317 | B33: =TOTAL!E32 -> 0 | C33: ='Kwh Consumption'!C34 -> 0 | D33: ='Kwh Consumption'!D34 -> 0 | E33: ='Kwh Consumption'!E34 -> 0 | F33: =('Kwh Consumption'!F34+'Kwh Consumption'!G34+'Kwh Consumption'!H34) -> 0 | G33: =('Kwh Consumption'!I34+'Kwh Consumption'!J34) -> 0 | H33: =('Kwh Consumption'!K34+'Kwh Consumption'!L34) -> 0 | I33: =('Kwh Consumption'!M34+'Kwh Consumption'!N34+'Kwh Consumption'!O34+'Kwh Consumption'!P34+'Kwh Consumption'!Q34+'Kwh Consumption'!R34) -> 0 | J33: =('Kwh Consumption'!S34+'Kwh Consumption'!T34) -> 0 | K33: ='Kwh Consumption'!U34 -> 0 | L33: =B33-C33-D33-E33-F33-G33-H33-I33-J33-K33 -> 0
A34: Total kwh | B34: =SUM(B3:B33) -> 318750 | C34: =SUM(C3:C33) -> -378950 | D34: =SUM(D3:D33) -> -2158800 | E34: =SUM(E3:E33) -> -209570 | F34: =SUM(F3:F33) -> -830880 | G34: =SUM(G3:G33) -> -233850 | H34: =SUM(H3:H33) -> -1066940 | I34: =SUM(I3:I33) -> -2987970 | ... L34: =SUM(L3:L33) -> 23472831 | M34: =C34+D34+E34+F34+G34+H34+I34+J34+K34+L34 -> 318750
A36: Total $ | B36: =TOTAL!F2 -> 0.14 | C36: =C34*B36 -> -53053 | D36: =D34*B36 -> -302232 | E36: =E34*B36 -> -29339.8 | F36: =F34*B36 -> -116323.2 | G36: =G34*B36 -> -32739 | H36: =H34*B36 -> -149371.6 | I36: =I34*B36 -> -418315.8 | J36: =J34*B36 -> -2122187.4 | K36: =K34*B36 -> -18009.6 | L36: =L34*B36 -> 3286196.4 | M36: =C36+D36+E36+F36+G36+H36+I36+J36+K36+L36 -> 44625

Sheet  Kwh area wise $ 
A2: Month | B2: $ /Per KWH | C2: Total $ | D2: Reef Club $ | E2: Kitchen $ | F2: Pastry $ | G2: Laundry $ | H2: STP $ | I2: Kuda Huraa Accomodation $ | J2: Guest Room Beach Pavilion & Beach Bungalow $ | K2: Guest Room Water Bungalow $ | L2: Spa $ | M2: Others $
A3: ='Kwh Reading'!A4 -> 44287 | B3: =TOTAL!F2 -> 0.14 | C3: ='Kwh Consumption'!B4*' Kwh area wise $ '!B3 -> 3572.8 | D3: ='Kwh Consumption'!C4*' Kwh area wise $ '!B3 -> 75.6 | E3: ='Kwh Consumption'!D4*' Kwh area wise $ '!B3 -> 364 | F3: ='Kwh Consumption'!E4*' Kwh area wise $ '!B3 -> 35 | G3: =('Kwh Consumption'!F4+'Kwh Consumption'!G4+'Kwh Consumption'!H4)*' Kwh area wise $ '!B3 -> 145.6 | H3: =('Kwh Consumption'!I4+'Kwh Consumption'!J4)*' Kwh area wise $ '!B3 -> 65.8 | I3: =('Kwh Consumption'!K4+'Kwh Consumption'!L4)*' Kwh area wise $ '!B3 -> 222.6 | J3: =('Kwh Consumption'!M4+'Kwh Consumption'!N4+'Kwh Consumption'!O4+'Kwh Consumption'!P4+'Kwh Consumption'!Q4+'Kwh Consumption'!R4)*' Kwh area wise $ '!B3 -> 757.4 | K3: =('Kwh Consumption'!S4+'Kwh Consumption'!T4)*' Kwh area wise $ '!B3 -> 903.0056 | L3: ='Kwh Consumption'!U4*' Kwh area wise $ '!B3 -> 37.8 | M3: ='Kwh Consumption'!V4*' Kwh area wise $ '!B3 -> 965.9944
A4: ='Kwh Reading'!A5 -> 44288 | B4: =TOTAL!F3 -> 0.14 | C4: ='Kwh Consumption'!B5*' Kwh area wise $ '!B4 -> 3623.2 | D4: ='Kwh Consumption'!C5*' Kwh area wise $ '!B4 -> 77 | E4: ='Kwh Consumption'!D5*' Kwh area wise $ '!B4 -> 364 | F4: ='Kwh Consumption'!E5*' Kwh area wise $ '!B4 -> 35 | G4: =('Kwh Consumption'!F5+'Kwh Consumption'!G5+'Kwh Consumption'!H5)*' Kwh area wise $ '!B4 -> 151.2 | H4: =('Kwh Consumption'!I5+'Kwh Consumption'!J5)*' Kwh area wise $ '!B4 -> 47.6 | I4: =('Kwh Consumption'!K5+'Kwh Consumption'!L5)*' Kwh area wise $ '!B4 -> 239.4 | J4: =('Kwh Consumption'!M5+'Kwh Consumption'!N5+'Kwh Consumption'!O5+'Kwh Consumption'!P5+'Kwh Consumption'!Q5+'Kwh Consumption'!R5)*' Kwh area wise $ '!B4 -> 803.6 | K4: =('Kwh Consumption'!S5+'Kwh Consumption'!T5)*' Kwh area wise $ '!B4 -> 945.42 | L4: ='Kwh Consumption'!U5*' Kwh area wise $ '!B4 -> 39.2 | M4: ='Kwh Consumption'!V5*' Kwh area wise $ '!B4 -> 920.78
A5: ='Kwh Reading'!A6 -> 44289 | B5: =TOTAL!F4 -> 0.14 | C5: ='Kwh Consumption'!B6*' Kwh area wise $ '!B5 -> 3577 | D5: ='Kwh Consumption'!C6*' Kwh area wise $ '!B5 -> 86.8 | E5: ='Kwh Consumption'!D6*' Kwh area wise $ '!B5 -> 392 | F5: ='Kwh Consumption'!E6*' Kwh area wise $ '!B5 -> 37.8 | G5: =('Kwh Consumption'!F6+'Kwh Consumption'!G6+'Kwh Consumption'!H6)*' Kwh area wise $ '!B5 -> 172.2 | H5: =('Kwh Consumption'!I6+'Kwh Consumption'!J6)*' Kwh area wise $ '!B5 -> 50.4 | I5: =('Kwh Consumption'!K6+'Kwh Consumption'!L6)*' Kwh area wise $ '!B5 -> 229.6 | J5: =('Kwh Consumption'!M6+'Kwh Consumption'!N6+'Kwh Consumption'!O6+'Kwh Consumption'!P6+'Kwh Consumption'!Q6+'Kwh Consumption'!R6)*' Kwh area wise $ '!B5 -> 785.4 | K5: =('Kwh Consumption'!S6+'Kwh Consumption'!T6)*' Kwh area wise $ '!B5 -> 925.7206 | L5: ='Kwh Consumption'!U6*' Kwh area wise $ '!B5 -> 40.6 | M5: ='Kwh Consumption'!V6*' Kwh area wise $ '!B5 -> 856.4794
A6: ='Kwh Reading'!A7 -> 44290 | B6: =TOTAL!F5 -> 0.14 | C6: ='Kwh Consumption'!B7*' Kwh area wise $ '!B6 -> 3763.2 | D6: ='Kwh Consumption'!C7*' Kwh area wise $ '!B6 -> 79.8 | E6: ='Kwh Consumption'!D7*' Kwh area wise $ '!B6 -> 350 | F6: ='Kwh Consumption'!E7*' Kwh area wise $ '!B6 -> 30.8 | G6: =('Kwh Consumption'!F7+'Kwh Consumption'!G7+'Kwh Consumption'!H7)*' Kwh area wise $ '!B6 -> 144.2 | H6: =('Kwh Consumption'!I7+'Kwh Consumption'!J7)*' Kwh area wise $ '!B6 -> 64.4 | I6: =('Kwh Consumption'!K7+'Kwh Consumption'!L7)*' Kwh area wise $ '!B6 -> 218.4 | J6: =('Kwh Consumption'!M7+'Kwh Consumption'!N7+'Kwh Consumption'!O7+'Kwh Consumption'!P7+'Kwh Consumption'!Q7+'Kwh Consumption'!R7)*' Kwh area wise $ '!B6 -> 785.4 | K6: =('Kwh Consumption'!S7+'Kwh Consumption'!T7)*' Kwh area wise $ '!B6 -> 950.7736 | L6: ='Kwh Consumption'!U7*' Kwh area wise $ '!B6 -> 33.6 | M6: ='Kwh Consumption'!V7*' Kwh area wise $ '!B6 -> 1105.8264
A7: ='Kwh Reading'!A8 -> 44291 | B7: =TOTAL!F6 -> 0.14 | C7: ='Kwh Consumption'!B8*' Kwh area wise $ '!B7 -> 3619 | D7: ='Kwh Consumption'!C8*' Kwh area wise $ '!B7 -> 79.8 | E7: ='Kwh Consumption'!D8*' Kwh area wise $ '!B7 -> 392 | F7: ='Kwh Consumption'!E8*' Kwh area wise $ '!B7 -> 36.4 | G7: =('Kwh Consumption'!F8+'Kwh Consumption'!G8+'Kwh Consumption'!H8)*' Kwh area wise $ '!B7 -> 175 | H7: =('Kwh Consumption'!I8+'Kwh Consumption'!J8)*' Kwh area wise $ '!B7 -> 63 | I7: =('Kwh Consumption'!K8+'Kwh Consumption'!L8)*' Kwh area wise $ '!B7 -> 238 | J7: =('Kwh Consumption'!M8+'Kwh Consumption'!N8+'Kwh Consumption'!O8+'Kwh Consumption'!P8+'Kwh Consumption'!Q8+'Kwh Consumption'!R8)*' Kwh area wise $ '!B7 -> 826 | K7: =('Kwh Consumption'!S8+'Kwh Consumption'!T8)*' Kwh area wise $ '!B7 -> 965.0158 | L7: ='Kwh Consumption'!U8*' Kwh area wise $ '!B7 -> 39.2 | M7: ='Kwh Consumption'!V8*' Kwh area wise $ '!B7 -> 804.5842
A8: ='Kwh Reading'!A9 -> 44292 | B8: =TOTAL!F7 -> 0.14 | C8: ='Kwh Consumption'!B9*' Kwh area wise $ '!B8 -> 3542 | D8: ='Kwh Consumption'!C9*' Kwh area wise $ '!B8 -> 79.8 | E8: ='Kwh Consumption'!D9*' Kwh area wise $ '!B8 -> 350 | F8: ='Kwh Consumption'!E9*' Kwh area wise $ '!B8 -> 33.6 | G8: =('Kwh Consumption'!F9+'Kwh Consumption'!G9+'Kwh Consumption'!H9)*' Kwh area wise $ '!B8 -> 131.6 | H8: =('Kwh Consumption'!I9+'Kwh Consumption'!J9)*' Kwh area wise $ '!B8 -> 63 | I8: =('Kwh Consumption'!K9+'Kwh Consumption'!L9)*' Kwh area wise $ '!B8 -> 224 | J8: =('Kwh Consumption'!M9+'Kwh Consumption'!N9+'Kwh Consumption'!O9+'Kwh Consumption'!P9+'Kwh Consumption'!Q9+'Kwh Consumption'!R9)*' Kwh area wise $ '!B8 -> 729.4 | K8: =('Kwh Consumption'!S9+'Kwh Consumption'!T9)*' Kwh area wise $ '!B8 -> 811.9832 | L8: ='Kwh Consumption'!U9*' Kwh area wise $ '!B8 -> 32.2 | M8: ='Kwh Consumption'!V9*' Kwh area wise $ '!B8 -> 1086.4168
A9: ='Kwh Reading'!A10 -> 44293 | B9: =TOTAL!F8 -> 0.14 | C9: ='Kwh Consumption'!B10*' Kwh area wise $ '!B9 -> 2902.2 | D9: ='Kwh Consumption'!C10*' Kwh area wise $ '!B9 -> 74.2 | E9: ='Kwh Consumption'!D10*' Kwh area wise $ '!B9 -> 350 | F9: ='Kwh Consumption'!E10*' Kwh area wise $ '!B9 -> 32.2 | G9: =('Kwh Consumption'!F10+'Kwh Consumption'!G10+'Kwh Consumption'!H10)*' Kwh area wise $ '!B9 -> 141.4 | H9: =('Kwh Consumption'!I10+'Kwh Consumption'!J10)*' Kwh area wise $ '!B9 -> 60.2 | I9: =('Kwh Consumption'!K10+'Kwh Consumption'!L10)*' Kwh area wise $ '!B9 -> 235.2 | J9: =('Kwh Consumption'!M10+'Kwh Consumption'!N10+'Kwh Consumption'!O10+'Kwh Consumption'!P10+'Kwh Consumption'!Q10+'Kwh Consumption'!R10)*' Kwh area wise $ '!B9 -> 753.2 | K9: =('Kwh Consumption'!S10+'Kwh Consumption'!T10)*' Kwh area wise $ '!B9 -> 861.0504 | L9: ='Kwh Consumption'!U10*' Kwh area wise $ '!B9 -> 36.4 | M9: ='Kwh Consumption'!V10*' Kwh area wise $ '!B9 -> 358.3496
A10: ='Kwh Reading'!A11 -> 44294 | B10: =TOTAL!F9 -> 0.14 | C10: ='Kwh Consumption'!B11*' Kwh area wise $ '!B10 -> 3484.6 | D10: ='Kwh Consumption'!C11*' Kwh area wise $ '!B10 -> 77 | E10: ='Kwh Consumption'!D11*' Kwh area wise $ '!B10 -> 364 | F10: ='Kwh Consumption'!E11*' Kwh area wise $ '!B10 -> 33.6 | G10: =('Kwh Consumption'!F11+'Kwh Consumption'!G11+'Kwh Consumption'!H11)*' Kwh area wise $ '!B10 -> 126 | H10: =('Kwh Consumption'!I11+'Kwh Consumption'!J11)*' Kwh area wise $ '!B10 -> 63 | I10: =('Kwh Consumption'!K11+'Kwh Consumption'!L11)*' Kwh area wise $ '!B10 -> 235.2 | J10: =('Kwh Consumption'!M11+'Kwh Consumption'!N11+'Kwh Consumption'!O11+'Kwh Consumption'!P11+'Kwh Consumption'!Q11+'Kwh Consumption'!R11)*' Kwh area wise $ '!B10 -> 782.6 | K10: =('Kwh Consumption'!S11+'Kwh Consumption'!T11)*' Kwh area wise $ '!B10 -> 872.4828 | L10: ='Kwh Consumption'!U11*' Kwh area wise $ '!B10 -> 43.4 | M10: ='Kwh Consumption'!V11*' Kwh area wise $ '!B10 -> 887.3172
A11: ='Kwh Reading'!A12 -> 44295 | B11: =TOTAL!F10 -> 0.14 | C11: ='Kwh Consumption'!B12*' Kwh area wise $ '!B11 -> 3133.2 | D11: ='Kwh Consumption'!C12*' Kwh area wise $ '!B11 -> 36.4 | E11: ='Kwh Consumption'!D12*' Kwh area wise $ '!B11 -> 350 | F11: ='Kwh Consumption'!E12*' Kwh area wise $ '!B11 -> 32.2 | G11: =('Kwh Consumption'!F12+'Kwh Consumption'!G12+'Kwh Consumption'!H12)*' Kwh area wise $ '!B11 -> 123.2 | H11: =('Kwh Consumption'!I12+'Kwh Consumption'!J12)*' Kwh area wise $ '!B11 -> 64.4 | I11: =('Kwh Consumption'!K12+'Kwh Consumption'!L12)*' Kwh area wise $ '!B11 -> 235.2 | J11: =('Kwh Consumption'!M12+'Kwh Consumption'!N12+'Kwh Consumption'!O12+'Kwh Consumption'!P12+'Kwh Consumption'!Q12+'Kwh Consumption'!R12)*' Kwh area wise $ '!B11 -> 688.8 | K11: =('Kwh Consumption'!S12+'Kwh Consumption'!T12)*' Kwh area wise $ '!B11 -> 729.344 | L11: ='Kwh Consumption'!U12*' Kwh area wise $ '!B11 -> 37.8 | M11: ='Kwh Consumption'!V12*' Kwh area wise $ '!B11 -> 835.856
A12: ='Kwh Reading'!A13 -> 44296 | B12: =TOTAL!F11 -> 0.14 | C12: ='Kwh Consumption'!B13*' Kwh area wise $ '!B12 -> 3480.4 | D12: ='Kwh Consumption'!C13*' Kwh area wise $ '!B12 -> 75.6 | E12: ='Kwh Consumption'!D13*' Kwh area wise $ '!B12 -> 350 | F12: ='Kwh Consumption'!E13*' Kwh area wise $ '!B12 -> 32.2 | G12: =('Kwh Consumption'!F13+'Kwh Consumption'!G13+'Kwh Consumption'!H13)*' Kwh area wise $ '!B12 -> 134.4 | H12: =('Kwh Consumption'!I13+'Kwh Consumption'!J13)*' Kwh area wise $ '!B12 -> 64.4 | I12: =('Kwh Consumption'!K13+'Kwh Consumption'!L13)*' Kwh area wise $ '!B12 -> 253.4 | J12: =('Kwh Consumption'!M13+'Kwh Consumption'!N13+'Kwh Consumption'!O13+'Kwh Consumption'!P13+'Kwh Consumption'!Q13+'Kwh Consumption'!R13)*' Kwh area wise $ '!B12 -> 782.6 | K12: =('Kwh Consumption'!S13+'Kwh Consumption'!T13)*' Kwh area wise $ '!B12 -> 820.3356 | L12: ='Kwh Consumption'!U13*' Kwh area wise $ '!B12 -> 37.8 | M12: ='Kwh Consumption'!V13*' Kwh area wise $ '!B12 -> 929.6644
A13: ='Kwh Reading'!A14 -> 44297 | B13: =TOTAL!F12 -> 0.14 | C13: ='Kwh Consumption'!B14*' Kwh area wise $ '!B13 -> 3318 | D13: ='Kwh Consumption'!C14*' Kwh area wise $ '!B13 -> 67.2 | E13: ='Kwh Consumption'!D14*' Kwh area wise $ '!B13 -> 322 | F13: ='Kwh Consumption'!E14*' Kwh area wise $ '!B13 -> 28 | G13: =('Kwh Consumption'!F14+'Kwh Consumption'!G14+'Kwh Consumption'!H14)*' Kwh area wise $ '!B13 -> 98 | H13: =('Kwh Consumption'!I14+'Kwh Consumption'!J14)*' Kwh area wise $ '!B13 -> 57.4 | I13: =('Kwh Consumption'!K14+'Kwh Consumption'!L14)*' Kwh area wise $ '!B13 -> 233.8 | J13: =('Kwh Consumption'!M14+'Kwh Consumption'!N14+'Kwh Consumption'!O14+'Kwh Consumption'!P14+'Kwh Consumption'!Q14+'Kwh Consumption'!R14)*' Kwh area wise $ '!B13 -> 736.4 | K13: =('Kwh Consumption'!S14+'Kwh Consumption'!T14)*' Kwh area wise $ '!B13 -> 745.0814 | L13: ='Kwh Consumption'!U14*' Kwh area wise $ '!B13 -> 33.6 | M13: ='Kwh Consumption'!V14*' Kwh area wise $ '!B13 -> 996.5186
A14: ='Kwh Reading'!A15 -> 44298 | B14: =TOTAL!F13 -> 0.14 | C14: ='Kwh Consumption'!B15*' Kwh area wise $ '!B14 -> 3238.2 | D14: ='Kwh Consumption'!C15*' Kwh area wise $ '!B14 -> 70 | E14: ='Kwh Consumption'!D15*' Kwh area wise $ '!B14 -> 350 | F14: ='Kwh Consumption'!E15*' Kwh area wise $ '!B14 -> 32.2 | G14: =('Kwh Consumption'!F15+'Kwh Consumption'!G15+'Kwh Consumption'!H15)*' Kwh area wise $ '!B14 -> 112 | H14: =('Kwh Consumption'!I15+'Kwh Consumption'!J15)*' Kwh area wise $ '!B14 -> 60.2 | I14: =('Kwh Consumption'!K15+'Kwh Consumption'!L15)*' Kwh area wise $ '!B14 -> 246.4 | J14: =('Kwh Consumption'!M15+'Kwh Consumption'!N15+'Kwh Consumption'!O15+'Kwh Consumption'!P15+'Kwh Consumption'!Q15+'Kwh Consumption'!R15)*' Kwh area wise $ '!B14 -> 750.4 | K14: =('Kwh Consumption'!S15+'Kwh Consumption'!T15)*' Kwh area wise $ '!B14 -> 772.9876 | L14: ='Kwh Consumption'!U15*' Kwh area wise $ '!B14 -> 33.6 | M14: ='Kwh Consumption'!V15*' Kwh area wise $ '!B14 -> 810.4124
... A33: ='Kwh Reading'!A34 -> 44317 | B33: =TOTAL!F32 -> 0.14 | C33: ='Kwh Consumption'!B34*' Kwh area wise $ '!B33 -> 0 | D33: ='Kwh Consumption'!C34*' Kwh area wise $ '!B33 -> 0 | E33: ='Kwh Consumption'!D34*' Kwh area wise $ '!B33 -> 0 | F33: ='Kwh Consumption'!E34*' Kwh area wise $ '!B33 -> 0 | G33: =('Kwh Consumption'!F34+'Kwh Consumption'!G34+'Kwh Consumption'!H34)*' Kwh area wise $ '!B33 -> 0 | H33: =('Kwh Consumption'!I34+'Kwh Consumption'!J34)*' Kwh area wise $ '!B33 -> 0 | I33: =('Kwh Consumption'!K34+'Kwh Consumption'!L34)*' Kwh area wise $ '!B33 -> 0 | J33: =('Kwh Consumption'!M34+'Kwh Consumption'!N34+'Kwh Consumption'!O34+'Kwh Consumption'!P34+'Kwh Consumption'!Q34+'Kwh Consumption'!R34)*' Kwh area wise $ '!B33 -> 0 | K33: =('Kwh Consumption'!S34+'Kwh Consumption'!T34)*' Kwh area wise $ '!B33 -> 0 | L33: ='Kwh Consumption'!U34*' Kwh area wise $ '!B33 -> 0 | M33: ='Kwh Consumption'!V34*' Kwh area wise $ '!B33 -> 0
A34: Total | C34: =SUM(C3:C33) -> 44625 | D34: =SUM(D3:D33) -> -53053 | E34: =SUM(E3:E33) -> -302232 | F34: =SUM(F3:F33) -> -29339.8 | G34: =SUM(G3:G33) -> -116323.2 | H34: =SUM(H3:H33) -> -32739 | I34: =SUM(I3:I33) -> -149371.6 | J34: =SUM(J3:J33) -> -418315.8 | ... M34: =SUM(M3:M33) -> 3286196.4 | N34: =D34+E34+F34+G34+H34+I34+J34+K34+L34+M34 -> 44625

Sheet Water Reading
B1: Meter 1 | C1: Meter 2 | D1: Meter 6 | E1: Meter 8 | F1: Meter 7 | G1: Meter 9 | H1: Meter 3 | I1: Meter 5 | J1: Meter 10 | K1: Meter 13 | L1: Meter 16 | M1: Meter 17 | N1: Meter 15 | O1: Meter 14 | P1: Meter 4 | Q1: Meter 11 | R1: Meter 12
A2: Date | B2: Main Meter 1 | C2: Main Meter 2 | D2: Beach Bunglow | E2: Kuda Huraa staff | F2: Bodu hura staff | G2: Laundry | H2: Water Bunglow | I2: Main Kitchen | J2: Second stage | K2: Supply jetty | L2: Staff housing A | M2: Staff housing B | N2: Spa | O2: Staff jetty | P2: Main pool | Q2: Reef club pool | R2: Reef club kitchen
A3: 44287 | B3: 150806 | C3: 108815 | D3: 195982 | E3: 242368 | F3: 66868 | G3: 110066 | H3: 48022 | I3: 59209 | J3: 19008 | K3: 1024 | L3: 16640 | M3: 22889 | N3: 6642 | O3: 1592 | P3: 26141 | Q3: 297 | R3: 5832
A4: 44288 | B4: 150946 | C4: 109025 | D4: 196125 | E4: 242429 | F4: 66868 | G4: 110092 | H4: 48062 | I4: 59254 | J4: 19018 | K4: 1024 | L4: 16648 | M4: 22903 | N4: 6845 | O4: 1592 | P4: 26141 | Q4: 299 | R4: 5838
A5: 44289 | B5: 151094 | C5: 109249 | D5: 196281 | E5: 242492 | F5: 66868 | G5: 110119 | H5: 48105 | I5: 59303 | J5: 19030 | K5: 1024 | L5: 16656 | M5: 22917 | N5: 6848 | O5: 1594 | P5: 26141 | Q5: 304 | R5: 5845
A6: 44290 | B6: 151263 | C6: 109508 | D6: 196482 | E6: 242552 | F6: 66868 | G6: 110150 | H6: 48154 | I6: 59362 | J6: 19041 | K6: 1024 | L6: 16664 | M6: 22929 | N6: 6850 | O6: 1595 | P6: 26141 | Q6: 305 | R6: 5851
A7: 44291 | B7: 151446 | C7: 109807 | D7: 196691 | E7: 242624 | F7: 66868 | G7: 110180 | H7: 48208 | I7: 59460 | J7: 19054 | K7: 1024 | L7: 16672 | M7: 22942 | N7: 6851 | O7: 1595 | P7: 26177 | Q7: 309.1 | R7: 5862
A8: 44292 | B8: 151611 | C8: 110074 | D8: 196896 | E8: 242687 | F8: 66868 | G8: 110208 | H8: 48260 | I8: 59526 | J8: 19066 | K8: 1024 | L8: 16678 | M8: 22954 | N8: 6854 | O8: 1597 | P8: 26182 | Q8: 313 | R8: 5869
A9: 44293 | B9: 151727 | C9: 110272 | D9: 196985 | E9: 242747 | F9: 66868 | G9: 110232 | H9: 48304 | I9: 59603 | J9: 19078 | K9: 1024 | L9: 16685 | M9: 22978 | N9: 6857 | O9: 1598 | P9: 26197 | Q9: 317 | R9: 5877
A10: 44294 | B10: 151865 | C10: 110497 | D10: 197120 | E10: 242813 | F10: 66869 | G10: 110257 | H10: 48358 | I10: 59674 | J10: 19089 | K10: 1024 | L10: 16693 | M10: 22984 | N10: 6661 | O10: 1601 | P10: 26205 | Q10: 323 | R10: 5885
A11: 44295 | B11: 152004 | C11: 110716 | D11: 197248 | E11: 242876 | F11: 66870 | G11: 110280 | H11: 48401 | I11: 59747 | J11: 19100 | K11: 1024 | L11: 16700 | M11: 22697 | N11: 6865 | O11: 1602 | P11: 26211 | Q11: 327 | R11: 5890
A12: 44296 | B12: 152192 | C12: 111001 | D12: 197468 | E12: 242941 | F12: 66871 | G12: 110305 | H12: 48463 | I12: 59824 | J12: 19113 | K12: 1024 | L12: 16708 | M12: 23010 | N12: 6867 | O12: 1603 | P12: 26214 | Q12: 329 | R12: 5891
A13: 44297 | B13: 152328 | C13: 111221 | D13: 197616 | E13: 243002 | F13: 66871 | G13: 110325 | H13: 48505 | I13: 59897 | J13: 19126 | K13: 1024 | L13: 16715 | M13: 23024 | N13: 6869 | O13: 1603 | P13: 26219 | Q13: 335 | R13: 5896
A14: 44298 | B14: 152450 | C14: 111422 | D14: 197725 | E14: 243061 | F14: 66872 | G14: 110342 | H14: 48549 | I14: 59972 | J14: 19140 | K14: 1024 | L14: 16723 | M14: 23037 | N14: 6871 | O14: 1603 | P14: 26234 | Q14: 339 | R14: 5900
... A16: 44300 | B16: 152830 | C16: 111873 | D16: 197979 | E16: 243204 | F16: 66874 | G16: 110378 | H16: 48631 | I16: 60184 | J16: 19161 | K16: 1024 | L16: 16738 | M16: 23068 | N16: 6878 | O16: 1603 | P16: 26289 | Q16: 347 | R16: 5909
A17: 44301
A18: 44302
A19: 44303
A20: 44304
A21: 44305
A22: 44306
A23: 44307
A24: 44308
A25: 44309
A26: 44310
A27: 44311
A28: 44312
... A33: 44317

Sheet Water consumption
A2: Date | B2: RO production (Ro 1 : 4) | C2: Total Consumption M3 (Meter 1 : 2) | E2: Water Bunglow | G2: Beach bunglow | I2: Main Pool | K2: Main kitchen | M2: Reef club kitchen | O2: Reef club pool | Q2: Bodu Huraa staff | S2: Kuda Huraa staff | U2: Laundry | W2: Second stage | Y2: Total
C3: M3 | D3: % of Total production | E3: M3 | F3: % | G3: M3 | H3: % | I3: M3 | J3: % | K3: M3 | L3: % | M3: M3 | N3: % | O3: M3 | P3: % | Q3: M3 | R3: % | S3: M3 | T3: % | U3: M3 | V3: % | W3: M3 | X3: % | Y3: M3 | Z3: %
A4: ='Water Reading'!A3 -> 44287 | B4: 469 | C4: =('Water Reading'!B4-'Water Reading'!B3)+('Water Reading'!C4-'Water Reading'!C3) -> 350 | D4: =C4/B4 -> 0.74626866 | E4: ='Water Reading'!H4-'Water Reading'!H3 -> 40 | F4: =E4/C4 -> 0.11428571 | G4: =('Water Reading'!D4-'Water Reading'!D3)-('Water Reading'!R4-'Water Reading'!R3)-('Water Reading'!Q4-'Water Reading'!Q3) -> 135 | H4: =G4/C4 -> 0.38571429 | I4: ='Water Reading'!P4-'Water Reading'!P3 -> 0 | J4: =I4/C4 -> 0 | K4: =('Water Reading'!I4-'Water Reading'!I3) -> 45 | L4: =K4/C4 -> 0.12857143 | M4: ='Water Reading'!R4-'Water Reading'!R3 -> 6 | N4: =M4/C4 -> 0.017142857 | O4: ='Water Reading'!Q4-'Water Reading'!Q3 -> 2 | P4: =O4/C4 -> 0.0057142857 | Q4: ='Water Reading'!F4-'Water Reading'!F3 -> 0 | R4: =Q4/C4 -> 0 | S4: ='Water Reading'!E4-'Water Reading'!E3 -> 61 | T4: =S4/C4 -> 0.17428571 | U4: ='Water Reading'!G4-'Water Reading'!G3 -> 26 | V4: =U4/C4 -> 0.074285714 | W4: ='Water Reading'!J4-'Water Reading'!J3 -> 10 | X4: =W4/C4 -> 0.028571429 | Y4: =E4+I4+K4+M4+O4+G4+Q4+S4+U4+W4 -> 325 | Z4: =Y4/B4 -> 0.69296375
A5: ='Water Reading'!A4 -> 44288 | B5: =TOTAL!I3 -> 296 | C5: =('Water Reading'!B5-'Water Reading'!B4)+('Water Reading'!C5-'Water Reading'!C4) -> 372 | D5: =C5/B5 -> 1.2567568 | E5: ='Water Reading'!H5-'Water Reading'!H4 -> 43 | F5: =E5/C5 -> 0.1155914 | G5: =('Water Reading'!D5-'Water Reading'!D4)-('Water Reading'!R5-'Water Reading'!R4)-('Water Reading'!Q5-'Water Reading'!Q4) -> 144 | H5: =G5/C5 -> 0.38709677 | I5: ='Water Reading'!P5-'Water Reading'!P4 -> 0 | J5: =I5/C5 -> 0 | K5: =('Water Reading'!I5-'Water Reading'!I4) -> 49 | L5: =K5/C5 -> 0.13172043 | M5: ='Water Reading'!R5-'Water Reading'!R4 -> 7 | N5: =M5/C5 -> 0.018817204 | O5: ='Water Reading'!Q5-'Water Reading'!Q4 -> 5 | P5: =O5/C5 -> 0.01344086 | Q5: ='Water Reading'!F5-'Water Reading'!F4 -> 0 | R5: =Q5/C5 -> 0 | S5: ='Water Reading'!E5-'Water Reading'!E4 -> 63 | T5: =S5/C5 -> 0.16935484 | U5: ='Water Reading'!G5-'Water Reading'!G4 -> 27 | V5: =U5/C5 -> 0.072580645 | W5: ='Water Reading'!J5-'Water Reading'!J4 -> 12 | X5: =W5/C5 -> 0.032258065 | Y5: =E5+I5+K5+M5+O5+G5+Q5+S5+U5+W5 -> 350 | Z5: =Y5/B5 -> 1.1824324
A6: ='Water Reading'!A5 -> 44289 | B6: =TOTAL!I4 -> 381 | C6: =('Water Reading'!B6-'Water Reading'!B5)+('Water Reading'!C6-'Water Reading'!C5) -> 428 | D6: =C6/B6 -> 1.1233596 | E6: ='Water Reading'!H6-'Water Reading'!H5 -> 49 | F6: =E6/C6 -> 0.11448598 | G6: =('Water Reading'!D6-'Water Reading'!D5)-('Water Reading'!R6-'Water Reading'!R5)-('Water Reading'!Q6-'Water Reading'!Q5) -> 194 | H6: =G6/C6 -> 0.45327103 | I6: ='Water Reading'!P6-'Water Reading'!P5 -> 0 | J6: =I6/C6 -> 0 | K6: =('Water Reading'!I6-'Water Reading'!I5) -> 59 | L6: =K6/C6 -> 0.13785047 | M6: ='Water Reading'!R6-'Water Reading'!R5 -> 6 | N6: =M6/C6 -> 0.014018692 | O6: ='Water Reading'!Q6-'Water Reading'!Q5 -> 1 | P6: =O6/C6 -> 0.0023364486 | Q6: ='Water Reading'!F6-'Water Reading'!F5 -> 0 | R6: =Q6/C6 -> 0 | S6: ='Water Reading'!E6-'Water Reading'!E5 -> 60 | T6: =S6/C6 -> 0.14018692 | U6: ='Water Reading'!G6-'Water Reading'!G5 -> 31 | V6: =U6/C6 -> 0.072429907 | W6: ='Water Reading'!J6-'Water Reading'!J5 -> 11 | X6: =W6/C6 -> 0.025700935 | Y6: =E6+I6+K6+M6+O6+G6+Q6+S6+U6+W6 -> 411 | Z6: =Y6/B6 -> 1.0787402
A7: ='Water Reading'!A6 -> 44290 | B7: =TOTAL!I5 -> 370 | C7: =('Water Reading'!B7-'Water Reading'!B6)+('Water Reading'!C7-'Water Reading'!C6) -> 482 | D7: =C7/B7 -> 1.3027027 | E7: ='Water Reading'!H7-'Water Reading'!H6 -> 54 | F7: =E7/C7 -> 0.1120332 | G7: =('Water Reading'!D7-'Water Reading'!D6)-('Water Reading'!R7-'Water Reading'!R6)-('Water Reading'!Q7-'Water Reading'!Q6) -> 193.9 | H7: =G7/C7 -> 0.40228216 | I7: ='Water Reading'!P7-'Water Reading'!P6 -> 36 | J7: =I7/C7 -> 0.074688797 | K7: =('Water Reading'!I7-'Water Reading'!I6)-I7 -> 62 | L7: =K7/C7 -> 0.12863071 | M7: ='Water Reading'!R7-'Water Reading'!R6 -> 11 | N7: =M7/C7 -> 0.022821577 | O7: ='Water Reading'!Q7-'Water Reading'!Q6 -> 4.1 | P7: =O7/C7 -> 0.0085062241 | Q7: ='Water Reading'!F7-'Water Reading'!F6 -> 0 | R7: =Q7/C7 -> 0 | S7: ='Water Reading'!E7-'Water Reading'!E6 -> 72 | T7: =S7/C7 -> 0.14937759 | U7: ='Water Reading'!G7-'Water Reading'!G6 -> 30 | V7: =U7/C7 -> 0.062240664 | W7: ='Water Reading'!J7-'Water Reading'!J6 -> 13 | X7: =W7/C7 -> 0.026970954 | Y7: =E7+I7+K7+M7+O7+G7+Q7+S7+U7+W7 -> 476 | Z7: =Y7/B7 -> 1.2864865
A8: ='Water Reading'!A7 -> 44291 | B8: =TOTAL!I6 -> 350 | C8: =('Water Reading'!B8-'Water Reading'!B7)+('Water Reading'!C8-'Water Reading'!C7) -> 432 | D8: =C8/B8 -> 1.2342857 | E8: ='Water Reading'!H8-'Water Reading'!H7 -> 52 | F8: =E8/C8 -> 0.12037037 | G8: =('Water Reading'!D8-'Water Reading'!D7)-('Water Reading'!R8-'Water Reading'!R7)-('Water Reading'!Q8-'Water Reading'!Q7) -> 194.1 | H8: =G8/C8 -> 0.44930556 | I8: ='Water Reading'!P8-'Water Reading'!P7 -> 5 | J8: =I8/C8 -> 0.011574074 | K8: =('Water Reading'!I8-'Water Reading'!I7)-I8 -> 61 | L8: =K8/C8 -> 0.1412037 | M8: ='Water Reading'!R8-'Water Reading'!R7 -> 7 | N8: =M8/C8 -> 0.016203704 | O8: ='Water Reading'!Q8-'Water Reading'!Q7 -> 3.9 | P8: =O8/C8 -> 0.0090277778 | Q8: ='Water Reading'!F8-'Water Reading'!F7 -> 0 | R8: =Q8/C8 -> 0 | S8: ='Water Reading'!E8-'Water Reading'!E7 -> 63 | T8: =S8/C8 -> 0.14583333 | U8: ='Water Reading'!G8-'Water Reading'!G7 -> 28 | V8: =U8/C8 -> 0.064814815 | W8: ='Water Reading'!J8-'Water Reading'!J7 -> 12 | X8: =W8/C8 -> 0.027777778 | Y8: =E8+I8+K8+M8+O8+G8+Q8+S8+U8+W8 -> 426 | Z8: =Y8/B8 -> 1.2171429
A9: ='Water Reading'!A8 -> 44292 | B9: =TOTAL!I7 -> 309 | C9: =('Water Reading'!B9-'Water Reading'!B8)+('Water Reading'!C9-'Water Reading'!C8) -> 314 | D9: =C9/B9 -> 1.0161812 | E9: ='Water Reading'!H9-'Water Reading'!H8 -> 44 | F9: =E9/C9 -> 0.14012739 | G9: =('Water Reading'!D9-'Water Reading'!D8)-('Water Reading'!R9-'Water Reading'!R8)-('Water Reading'!Q9-'Water Reading'!Q8) -> 77 | H9: =G9/C9 -> 0.24522293 | I9: ='Water Reading'!P9-'Water Reading'!P8 -> 15 | J9: =I9/C9 -> 0.047770701 | K9: =('Water Reading'!I9-'Water Reading'!I8)-I9 -> 62 | L9: =K9/C9 -> 0.19745223 | M9: ='Water Reading'!R9-'Water Reading'!R8 -> 8 | N9: =M9/C9 -> 0.025477707 | O9: ='Water Reading'!Q9-'Water Reading'!Q8 -> 4 | P9: =O9/C9 -> 0.012738854 | Q9: ='Water Reading'!F9-'Water Reading'!F8 -> 0 | R9: =Q9/C9 -> 0 | S9: ='Water Reading'!E9-'Water Reading'!E8 -> 60 | T9: =S9/C9 -> 0.1910828 | U9: ='Water Reading'!G9-'Water Reading'!G8 -> 24 | V9: =U9/C9 -> 0.076433121 | W9: ='Water Reading'!J9-'Water Reading'!J8 -> 12 | X9: =W9/C9 -> 0.038216561 | Y9: =E9+I9+K9+M9+O9+G9+Q9+S9+U9+W9 -> 306 | Z9: =Y9/B9 -> 0.99029126
A10: ='Water Reading'!A9 -> 44293 | B10: =TOTAL!I8 -> 331 | C10: =('Water Reading'!B10-'Water Reading'!B9)+('Water Reading'!C10-'Water Reading'!C9) -> 363 | D10: =C10/B10 -> 1.0966767 | E10: ='Water Reading'!H10-'Water Reading'!H9 -> 54 | F10: =E10/C10 -> 0.14876033 | G10: =('Water Reading'!D10-'Water Reading'!D9)-('Water Reading'!R10-'Water Reading'!R9)-('Water Reading'!Q10-'Water Reading'!Q9) -> 121 | H10: =G10/C10 -> 0.33333333 | I10: ='Water Reading'!P10-'Water Reading'!P9 -> 8 | J10: =I10/C10 -> 0.022038567 | K10: =('Water Reading'!I10-'Water Reading'!I9)-I10 -> 63 | L10: =K10/C10 -> 0.17355372 | M10: ='Water Reading'!R10-'Water Reading'!R9 -> 8 | N10: =M10/C10 -> 0.022038567 | O10: ='Water Reading'!Q10-'Water Reading'!Q9 -> 6 | P10: =O10/C10 -> 0.016528926 | Q10: ='Water Reading'!F10-'Water Reading'!F9 -> 1 | R10: =Q10/C10 -> 0.0027548209 | S10: ='Water Reading'!E10-'Water Reading'!E9 -> 66 | T10: =S10/C10 -> 0.18181818 | U10: ='Water Reading'!G10-'Water Reading'!G9 -> 25 | V10: =U10/C10 -> 0.068870523 | W10: ='Water Reading'!J10-'Water Reading'!J9 -> 11 | X10: =W10/C10 -> 0.03030303 | Y10: =E10+I10+K10+M10+O10+G10+Q10+S10+U10+W10 -> 363 | Z10: =Y10/B10 -> 1.0966767
A11: ='Water Reading'!A10 -> 44294 | B11: =TOTAL!I9 -> 266 | C11: =('Water Reading'!B11-'Water Reading'!B10)+('Water Reading'!C11-'Water Reading'!C10) -> 358 | D11: =C11/B11 -> 1.3458647 | E11: ='Water Reading'!H11-'Water Reading'!H10 -> 43 | F11: =E11/C11 -> 0.12011173 | G11: =('Water Reading'!D11-'Water Reading'!D10)-('Water Reading'!R11-'Water Reading'!R10)-('Water Reading'!Q11-'Water Reading'!Q10) -> 119 | H11: =G11/C11 -> 0.33240223 | I11: ='Water Reading'!P11-'Water Reading'!P10 -> 6 | J11: =I11/C11 -> 0.016759777 | K11: =('Water Reading'!I11-'Water Reading'!I10)-I11 -> 67 | L11: =K11/C11 -> 0.18715084 | M11: ='Water Reading'!R11-'Water Reading'!R10 -> 5 | N11: =M11/C11 -> 0.01396648 | O11: ='Water Reading'!Q11-'Water Reading'!Q10 -> 4 | P11: =O11/C11 -> 0.011173184 | Q11: ='Water Reading'!F11-'Water Reading'!F10 -> 1 | R11: =Q11/C11 -> 0.0027932961 | S11: ='Water Reading'!E11-'Water Reading'!E10 -> 63 | T11: =S11/C11 -> 0.17597765 | U11: ='Water Reading'!G11-'Water Reading'!G10 -> 23 | V11: =U11/C11 -> 0.06424581 | W11: ='Water Reading'!J11-'Water Reading'!J10 -> 11 | X11: =W11/C11 -> 0.030726257 | Y11: =E11+I11+K11+M11+O11+G11+Q11+S11+U11+W11 -> 342 | Z11: =Y11/B11 -> 1.2857143
A12: ='Water Reading'!A11 -> 44295 | B12: =TOTAL!I10 -> 316 | C12: =('Water Reading'!B12-'Water Reading'!B11)+('Water Reading'!C12-'Water Reading'!C11) -> 473 | D12: =C12/B12 -> 1.4968354 | E12: ='Water Reading'!H12-'Water Reading'!H11 -> 62 | F12: =E12/C12 -> 0.13107822 | G12: =('Water Reading'!D12-'Water Reading'!D11)-('Water Reading'!R12-'Water Reading'!R11)-('Water Reading'!Q12-'Water Reading'!Q11) -> 217 | H12: =G12/C12 -> 0.45877378 | I12: ='Water Reading'!P12-'Water Reading'!P11 -> 3 | J12: =I12/C12 -> 0.0063424947 | K12: =('Water Reading'!I12-'Water Reading'!I11)-I12 -> 74 | L12: =K12/C12 -> 0.1564482 | M12: ='Water Reading'!R12-'Water Reading'!R11 -> 1 | N12: =M12/C12 -> 0.0021141649 | O12: ='Water Reading'!Q12-'Water Reading'!Q11 -> 2 | P12: =O12/C12 -> 0.0042283298 | Q12: ='Water Reading'!F12-'Water Reading'!F11 -> 1 | R12: =Q12/C12 -> 0.0021141649 | S12: ='Water Reading'!E12-'Water Reading'!E11 -> 65 | T12: =S12/C12 -> 0.13742072 | U12: ='Water Reading'!G12-'Water Reading'!G11 -> 25 | V12: =U12/C12 -> 0.052854123 | W12: ='Water Reading'!J12-'Water Reading'!J11 -> 13 | X12: =W12/C12 -> 0.027484144 | Y12: =E12+I12+K12+M12+O12+G12+Q12+S12+U12+W12 -> 463 | Z12: =Y12/B12 -> 1.4651899
A13: ='Water Reading'!A12 -> 44296 | B13: =TOTAL!I11 -> 316 | C13: =('Water Reading'!B13-'Water Reading'!B12)+('Water Reading'!C13-'Water Reading'!C12) -> 356 | D13: =C13/B13 -> 1.1265823 | E13: ='Water Reading'!H13-'Water Reading'!H12 -> 42 | F13: =E13/C13 -> 0.11797753 | G13: =('Water Reading'!D13-'Water Reading'!D12)-('Water Reading'!R13-'Water Reading'!R12)-('Water Reading'!Q13-'Water Reading'!Q12) -> 137 | H13: =G13/C13 -> 0.38483146 | I13: ='Water Reading'!P13-'Water Reading'!P12 -> 5 | J13: =I13/C13 -> 0.014044944 | K13: =('Water Reading'!I13-'Water Reading'!I12)-I13 -> 68 | L13: =K13/C13 -> 0.19101124 | M13: ='Water Reading'!R13-'Water Reading'!R12 -> 5 | N13: =M13/C13 -> 0.014044944 | O13: ='Water Reading'!Q13-'Water Reading'!Q12 -> 6 | P13: =O13/C13 -> 0.016853933 | Q13: ='Water Reading'!F13-'Water Reading'!F12 -> 0 | R13: =Q13/C13 -> 0 | S13: ='Water Reading'!E13-'Water Reading'!E12 -> 61 | T13: =S13/C13 -> 0.17134831 | U13: ='Water Reading'!G13-'Water Reading'!G12 -> 20 | V13: =U13/C13 -> 0.056179775 | W13: ='Water Reading'!J13-'Water Reading'!J12 -> 13 | X13: =W13/C13 -> 0.036516854 | Y13: =E13+I13+K13+M13+O13+G13+Q13+S13+U13+W13 -> 357 | Z13: =Y13/B13 -> 1.1297468
A14: ='Water Reading'!A13 -> 44297 | B14: =TOTAL!I12 -> 326 | C14: =('Water Reading'!B14-'Water Reading'!B13)+('Water Reading'!C14-'Water Reading'!C13) -> 323 | D14: =C14/B14 -> 0.99079755 | E14: ='Water Reading'!H14-'Water Reading'!H13 -> 44 | F14: =E14/C14 -> 0.13622291 | G14: =('Water Reading'!D14-'Water Reading'!D13)-('Water Reading'!R14-'Water Reading'!R13)-('Water Reading'!Q14-'Water Reading'!Q13) -> 101 | H14: =G14/C14 -> 0.3126935 | I14: ='Water Reading'!P14-'Water Reading'!P13 -> 15 | J14: =I14/C14 -> 0.046439628 | K14: =('Water Reading'!I14-'Water Reading'!I13)-I14 -> 60 | L14: =K14/C14 -> 0.18575851 | M14: ='Water Reading'!R14-'Water Reading'!R13 -> 4 | N14: =M14/C14 -> 0.012383901 | O14: ='Water Reading'!Q14-'Water Reading'!Q13 -> 4 | P14: =O14/C14 -> 0.012383901 | Q14: ='Water Reading'!F14-'Water Reading'!F13 -> 1 | R14: =Q14/C14 -> 0.0030959752 | S14: ='Water Reading'!E14-'Water Reading'!E13 -> 59 | T14: =S14/C14 -> 0.18266254 | U14: ='Water Reading'!G14-'Water Reading'!G13 -> 17 | V14: =U14/C14 -> 0.052631579 | W14: ='Water Reading'!J14-'Water Reading'!J13 -> 14 | X14: =W14/C14 -> 0.043343653 | Y14: =E14+I14+K14+M14+O14+G14+Q14+S14+U14+W14 -> 319 | Z14: =Y14/B14 -> 0.97852761
A15: ='Water Reading'!A14 -> 44298 | B15: =TOTAL!I13 -> 274 | C15: =('Water Reading'!B15-'Water Reading'!B14)+('Water Reading'!C15-'Water Reading'!C14) -> 538 | D15: =C15/B15 -> 1.9635036 | E15: ='Water Reading'!H15-'Water Reading'!H14 -> 43 | F15: =E15/C15 -> 0.079925651 | G15: =('Water Reading'!D15-'Water Reading'!D14)-('Water Reading'!R15-'Water Reading'!R14)-('Water Reading'!Q15-'Water Reading'!Q14) -> 114 | H15: =G15/C15 -> 0.21189591 | I15: ='Water Reading'!P15-'Water Reading'!P14 -> 22 | J15: =I15/C15 -> 0.040892193 | K15: =('Water Reading'!I15-'Water Reading'!I14)-I15 -> 78 | L15: =K15/C15 -> 0.14498141 | M15: ='Water Reading'!R15-'Water Reading'!R14 -> 5 | N15: =M15/C15 -> 0.0092936803 | O15: ='Water Reading'!Q15-'Water Reading'!Q14 -> 3 | P15: =O15/C15 -> 0.0055762082 | Q15: ='Water Reading'!F15-'Water Reading'!F14 -> 1 | R15: =Q15/C15 -> 0.0018587361 | S15: ='Water Reading'!E15-'Water Reading'!E14 -> 70 | T15: =S15/C15 -> 0.13011152 | U15: ='Water Reading'!G15-'Water Reading'!G14 -> 20 | V15: =U15/C15 -> 0.037174721 | W15: ='Water Reading'!J15-'Water Reading'!J14 -> 11 | X15: =W15/C15 -> 0.020446097 | Y15: =E15+I15+K15+M15+O15+G15+Q15+S15+U15+W15 -> 367 | Z15: =Y15/B15 -> 1.3394161
A16: ='Water Reading'!A15 -> 44299 | B16: =TOTAL!I14 -> 332 | C16: =('Water Reading'!B16-'Water Reading'!B15)+('Water Reading'!C16-'Water Reading'!C15) -> 293 | D16: =C16/B16 -> 0.88253012 | E16: ='Water Reading'!H16-'Water Reading'!H15 -> 39 | F16: =E16/C16 -> 0.1331058 | G16: =('Water Reading'!D16-'Water Reading'!D15)-('Water Reading'!R16-'Water Reading'!R15)-('Water Reading'!Q16-'Water Reading'!Q15) -> 123 | H16: =G16/C16 -> 0.41979522 | I16: ='Water Reading'!P16-'Water Reading'!P15 -> 33 | J16: =I16/C16 -> 0.11262799 | K16: =('Water Reading'!I16-'Water Reading'!I15)-I16 -> 79 | L16: =K16/C16 -> 0.26962457 | M16: ='Water Reading'!R16-'Water Reading'!R15 -> 4 | N16: =M16/C16 -> 0.013651877 | O16: ='Water Reading'!Q16-'Water Reading'!Q15 -> 5 | P16: =O16/C16 -> 0.017064846 | Q16: ='Water Reading'!F16-'Water Reading'!F15 -> 1 | R16: =Q16/C16 -> 0.0034129693 | S16: ='Water Reading'!E16-'Water Reading'!E15 -> 73 | T16: =S16/C16 -> 0.24914676 | U16: ='Water Reading'!G16-'Water Reading'!G15 -> 16 | V16: =U16/C16 -> 0.054607509 | W16: ='Water Reading'!J16-'Water Reading'!J15 -> 10 | X16: =W16/C16 -> 0.034129693 | Y16: =E16+I16+K16+M16+O16+G16+Q16+S16+U16+W16 -> 383 | Z16: =Y16/B16 -> 1.1536145
A17: ='Water Reading'!A16 -> 44300 | B17: =TOTAL!I15 -> 0 | C17: =('Water Reading'!B17-'Water Reading'!B16)+('Water Reading'!C17-'Water Reading'!C16) -> -264703 | D17: =C17/B17 -> #DIV/0! | E17: ='Water Reading'!H17-'Water Reading'!H16 -> -48631 | F17: =E17/C17 -> 0.18371911 | G17: =('Water Reading'!D17-'Water Reading'!D16)-('Water Reading'!R17-'Water Reading'!R16)-('Water Reading'!Q17-'Water Reading'!Q16) -> -191723 | H17: =G17/C17 -> 0.72429478 | I17: ='Water Reading'!P17-'Water Reading'!P16 -> -26289 | J17: =I17/C17 -> 0.099315081 | K17: =('Water Reading'!I17-'Water Reading'!I16)-('Water Reading'!P17-'Water Reading'!P16) -> -33895 | L17: =K17/C17 -> 0.12804917 | M17: ='Water Reading'!R17-'Water Reading'!R16 -> -5909 | N17: =M17/C17 -> 0.022323132 | O17: ='Water Reading'!Q17-'Water Reading'!Q16 -> -347 | P17: =O17/C17 -> 0.0013109032 | Q17: ='Water Reading'!F17-'Water Reading'!F16 -> -66874 | R17: =Q17/C17 -> 0.25263786 | S17: ='Water Reading'!E17-'Water Reading'!E16 -> -243204 | T17: =S17/C17 -> 0.91878067 | U17: ='Water Reading'!G17-'Water Reading'!G16 -> -110378 | V17: =U17/C17 -> 0.4169881 | W17: ='Water Reading'!J17-'Water Reading'!J16 -> -19161 | X17: =W17/C17 -> 0.072386788 | Y17: =E17+I17+K17+M17+O17+G17+Q17+S17+U17+W17 -> -746411 | Z17: =Y17/B17 -> #DIV/0!
A18: ='Water Reading'!A17 -> 44301 | B18: =TOTAL!I16 -> 0 | C18: =('Water Reading'!B18-'Water Reading'!B17)+('Water Reading'!C18-'Water Reading'!C17) -> 0 | D18: =C18/B18 -> #DIV/0! | E18: ='Water Reading'!H18-'Water Reading'!H17 -> 0 | F18: =E18/C18 -> #DIV/0! | G18: =('Water Reading'!D18-'Water Reading'!D17)-('Water Reading'!R18-'Water Reading'!R17)-('Water Reading'!Q18-'Water Reading'!Q17) -> 0 | H18: =G18/C18 -> #DIV/0! | I18: ='Water Reading'!P18-'Water Reading'!P17 -> 0 | J18: =I18/C18 -> #DIV/0! | K18: =('Water Reading'!I18-'Water Reading'!I17)-('Water Reading'!P18-'Water Reading'!P17) -> 0 | L18: =K18/C18 -> #DIV/0! | M18: ='Water Reading'!R18-'Water Reading'!R17 -> 0 | N18: =M18/C18 -> #DIV/0! | O18: ='Water Reading'!Q18-'Water Reading'!Q17 -> 0 | P18: =O18/C18 -> #DIV/0! | Q18: ='Water Reading'!F18-'Water Reading'!F17 -> 0 | R18: =Q18/C18 -> #DIV/0! | S18: ='Water Reading'!E18-'Water Reading'!E17 -> 0 | T18: =S18/C18 -> #DIV/0! | U18: ='Water Reading'!G18-'Water Reading'!G17 -> 0 | V18: =U18/C18 -> #DIV/0! | W18: ='Water Reading'!J18-'Water Reading'!J17 -> 0 | X18: =W18/C18 -> #DIV/0! | Y18: =E18+I18+K18+M18+O18+G18+Q18+S18+U18+W18 -> 0 | Z18: =Y18/B18 -> #DIV/0!
A19: ='Water Reading'!A18 -> 44302 | B19: =TOTAL!I17 -> 0 | C19: =('Water Reading'!B19-'Water Reading'!B18)+('Water Reading'!C19-'Water Reading'!C18) -> 0 | D19: =C19/B19 -> #DIV/0! | E19: ='Water Reading'!H19-'Water Reading'!H18 -> 0 | F19: =E19/C19 -> #DIV/0! | G19: =('Water Reading'!D19-'Water Reading'!D18)-('Water Reading'!R19-'Water Reading'!R18)-('Water Reading'!Q19-'Water Reading'!Q18) -> 0 | H19: =G19/C19 -> #DIV/0! | I19: ='Water Reading'!P19-'Water Reading'!P18 -> 0 | J19: =I19/C19 -> #DIV/0! | K19: =('Water Reading'!I19-'Water Reading'!I18) -> 0 | L19: =K19/C19 -> #DIV/0! | M19: ='Water Reading'!R19-'Water Reading'!R18 -> 0 | N19: =M19/C19 -> #DIV/0! | O19: ='Water Reading'!Q19-'Water Reading'!Q18 -> 0 | P19: =O19/C19 -> #DIV/0! | Q19: ='Water Reading'!F19-'Water Reading'!F18 -> 0 | R19: =Q19/C19 -> #DIV/0! | S19: ='Water Reading'!E19-'Water Reading'!E18 -> 0 | T19: =S19/C19 -> #DIV/0! | U19: ='Water Reading'!G19-'Water Reading'!G18 -> 0 | V19: =U19/C19 -> #DIV/0! | W19: ='Water Reading'!J19-'Water Reading'!J18 -> 0 | X19: =W19/C19 -> #DIV/0! | Y19: =E19+I19+K19+M19+O19+G19+Q19+S19+U19+W19 -> 0 | Z19: =Y19/B19 -> #DIV/0!
A20: ='Water Reading'!A19 -> 44303 | B20: =TOTAL!I18 -> 0 | C20: =('Water Reading'!B20-'Water Reading'!B19)+('Water Reading'!C20-'Water Reading'!C19) -> 0 | D20: =C20/B20 -> #DIV/0! | E20: ='Water Reading'!H20-'Water Reading'!H19 -> 0 | F20: =E20/C20 -> #DIV/0! | G20: =('Water Reading'!D20-'Water Reading'!D19)-('Water Reading'!R20-'Water Reading'!R19)-('Water Reading'!Q20-'Water Reading'!Q19) -> 0 | H20: =G20/C20 -> #DIV/0! | I20: ='Water Reading'!P20-'Water Reading'!P19 -> 0 | J20: =I20/C20 -> #DIV/0! | K20: =('Water Reading'!I20-'Water Reading'!I19) -> 0 | L20: =K20/C20 -> #DIV/0! | M20: ='Water Reading'!R20-'Water Reading'!R19 -> 0 | N20: =M20/C20 -> #DIV/0! | O20: ='Water Reading'!Q20-'Water Reading'!Q19 -> 0 | P20: =O20/C20 -> #DIV/0! | Q20: ='Water Reading'!F20-'Water Reading'!F19 -> 0 | R20: =Q20/C20 -> #DIV/0! | S20: ='Water Reading'!E20-'Water Reading'!E19 -> 0 | T20: =S20/C20 -> #DIV/0! | U20: ='Water Reading'!G20-'Water Reading'!G19 -> 0 | V20: =U20/C20 -> #DIV/0! | W20: ='Water Reading'!J20-'Water Reading'!J19 -> 0 | X20: =W20/C20 -> #DIV/0! | Y20: =E20+I20+K20+M20+O20+G20+Q20+S20+U20+W20 -> 0 | Z20: =Y20/B20 -> #DIV/0!
A21: ='Water Reading'!A20 -> 44304 | B21: =TOTAL!I19 -> 0 | C21: =('Water Reading'!B21-'Water Reading'!B20)+('Water Reading'!C21-'Water Reading'!C20) -> 0 | D21: =C21/B21 -> #DIV/0! | E21: ='Water Reading'!H21-'Water Reading'!H20 -> 0 | F21: =E21/C21 -> #DIV/0! | G21: =('Water Reading'!D21-'Water Reading'!D20)-('Water Reading'!R21-'Water Reading'!R20)-('Water Reading'!Q21-'Water Reading'!Q20) -> 0 | H21: =G21/C21 -> #DIV/0! | I21: ='Water Reading'!P21-'Water Reading'!P20 -> 0 | J21: =I21/C21 -> #DIV/0! | K21: =('Water Reading'!I21-'Water Reading'!I20)-('Water Reading'!P21-'Water Reading'!P20) -> 0 | L21: =K21/C21 -> #DIV/0! | M21: ='Water Reading'!R21-'Water Reading'!R20 -> 0 | N21: =M21/C21 -> #DIV/0! | O21: ='Water Reading'!Q21-'Water Reading'!Q20 -> 0 | P21: =O21/C21 -> #DIV/0! | Q21: ='Water Reading'!F21-'Water Reading'!F20 -> 0 | R21: =Q21/C21 -> #DIV/0! | S21: ='Water Reading'!E21-'Water Reading'!E20 -> 0 | T21: =S21/C21 -> #DIV/0! | U21: ='Water Reading'!G21-'Water Reading'!G20 -> 0 | V21: =U21/C21 -> #DIV/0! | W21: ='Water Reading'!J21-'Water Reading'!J20 -> 0 | X21: =W21/C21 -> #DIV/0! | Y21: =E21+I21+K21+M21+O21+G21+Q21+S21+U21+W21 -> 0 | Z21: =Y21/B21 -> #DIV/0!
A22: ='Water Reading'!A21 -> 44305 | B22: =TOTAL!I20 -> 0 | C22: =('Water Reading'!B22-'Water Reading'!B21)+('Water Reading'!C22-'Water Reading'!C21) -> 0 | D22: =C22/B22 -> #DIV/0! | E22: ='Water Reading'!H22-'Water Reading'!H21 -> 0 | F22: =E22/C22 -> #DIV/0! | G22: =('Water Reading'!D22-'Water Reading'!D21)-('Water Reading'!R22-'Water Reading'!R21)-('Water Reading'!Q22-'Water Reading'!Q21) -> 0 | H22: =G22/C22 -> #DIV/0! | I22: ='Water Reading'!P22-'Water Reading'!P21 -> 0 | J22: =I22/C22 -> #DIV/0! | K22: =('Water Reading'!I22-'Water Reading'!I21)-('Water Reading'!P22-'Water Reading'!P21) -> 0 | L22: =K22/C22 -> #DIV/0! | M22: ='Water Reading'!R22-'Water Reading'!R21 -> 0 | N22: =M22/C22 -> #DIV/0! | O22: ='Water Reading'!Q22-'Water Reading'!Q21 -> 0 | P22: =O22/C22 -> #DIV/0! | Q22: ='Water Reading'!F22-'Water Reading'!F21 -> 0 | R22: =Q22/C22 -> #DIV/0! | S22: ='Water Reading'!E22-'Water Reading'!E21 -> 0 | T22: =S22/C22 -> #DIV/0! | U22: ='Water Reading'!G22-'Water Reading'!G21 -> 0 | V22: =U22/C22 -> #DIV/0! | W22: ='Water Reading'!J22-'Water Reading'!J21 -> 0 | X22: =W22/C22 -> #DIV/0! | Y22: =E22+I22+K22+M22+O22+G22+Q22+S22+U22+W22 -> 0 | Z22: =Y22/B22 -> #DIV/0!
A23: ='Water Reading'!A22 -> 44306 | B23: =TOTAL!I21 -> 0 | C23: =('Water Reading'!B23-'Water Reading'!B22)+('Water Reading'!C23-'Water Reading'!C22) -> 0 | D23: =C23/B23 -> #DIV/0! | E23: ='Water Reading'!H23-'Water Reading'!H22 -> 0 | F23: =E23/C23 -> #DIV/0! | G23: =('Water Reading'!D23-'Water Reading'!D22)-('Water Reading'!R23-'Water Reading'!R22)-('Water Reading'!Q23-'Water Reading'!Q22) -> 0 | H23: =G23/C23 -> #DIV/0! | I23: ='Water Reading'!P23-'Water Reading'!P22 -> 0 | J23: =I23/C23 -> #DIV/0! | K23: =('Water Reading'!I23-'Water Reading'!I22)-('Water Reading'!P23-'Water Reading'!P22) -> 0 | L23: =K23/C23 -> #DIV/0! | M23: ='Water Reading'!R23-'Water Reading'!R22 -> 0 | N23: =M23/C23 -> #DIV/0! | O23: ='Water Reading'!Q23-'Water Reading'!Q22 -> 0 | P23: =O23/C23 -> #DIV/0! | Q23: ='Water Reading'!F23-'Water Reading'!F22 -> 0 | R23: =Q23/C23 -> #DIV/0! | S23: ='Water Reading'!E23-'Water Reading'!E22 -> 0 | T23: =S23/C23 -> #DIV/0! | U23: ='Water Reading'!G23-'Water Reading'!G22 -> 0 | V23: =U23/C23 -> #DIV/0! | W23: ='Water Reading'!J23-'Water Reading'!J22 -> 0 | X23: =W23/C23 -> #DIV/0! | Y23: =E23+I23+K23+M23+O23+G23+Q23+S23+U23+W23 -> 0 | Z23: =Y23/B23 -> #DIV/0!
A24: ='Water Reading'!A23 -> 44307 | B24: =TOTAL!I22 -> 0 | C24: =('Water Reading'!B24-'Water Reading'!B23)+('Water Reading'!C24-'Water Reading'!C23) -> 0 | D24: =C24/B24 -> #DIV/0! | E24: ='Water Reading'!H24-'Water Reading'!H23 -> 0 | F24: =E24/C24 -> #DIV/0! | G24: =('Water Reading'!D24-'Water Reading'!D23)-('Water Reading'!R24-'Water Reading'!R23)-('Water Reading'!Q24-'Water Reading'!Q23) -> 0 | H24: =G24/C24 -> #DIV/0! | I24: ='Water Reading'!P24-'Water Reading'!P23 -> 0 | J24: =I24/C24 -> #DIV/0! | K24: =('Water Reading'!I24-'Water Reading'!I23) -> 0 | L24: =K24/C24 -> #DIV/0! | M24: ='Water Reading'!R24-'Water Reading'!R23 -> 0 | N24: =M24/C24 -> #DIV/0! | O24: ='Water Reading'!Q24-'Water Reading'!Q23 -> 0 | P24: =O24/C24 -> #DIV/0! | Q24: ='Water Reading'!F24-'Water Reading'!F23 -> 0 | R24: =Q24/C24 -> #DIV/0! | S24: ='Water Reading'!E24-'Water Reading'!E23 -> 0 | T24: =S24/C24 -> #DIV/0! | U24: ='Water Reading'!G24-'Water Reading'!G23 -> 0 | V24: =U24/C24 -> #DIV/0! | W24: ='Water Reading'!J24-'Water Reading'!J23 -> 0 | X24: =W24/C24 -> #DIV/0! | Y24: =E24+I24+K24+M24+O24+G24+Q24+S24+U24+W24 -> 0 | Z24: =Y24/B24 -> #DIV/0!
A25: ='Water Reading'!A24 -> 44308 | B25: =TOTAL!I23 -> 0 | C25: =('Water Reading'!B25-'Water Reading'!B24)+('Water Reading'!C25-'Water Reading'!C24) -> 0 | D25: =C25/B25 -> #DIV/0! | E25: ='Water Reading'!H25-'Water Reading'!H24 -> 0 | F25: =E25/C25 -> #DIV/0! | G25: =('Water Reading'!D25-'Water Reading'!D24)-('Water Reading'!R25-'Water Reading'!R24)-('Water Reading'!Q25-'Water Reading'!Q24) -> 0 | H25: =G25/C25 -> #DIV/0! | I25: ='Water Reading'!P25-'Water Reading'!P24 -> 0 | J25: =I25/C25 -> #DIV/0! | K25: =('Water Reading'!I25-'Water Reading'!I24) -> 0 | L25: =K25/C25 -> #DIV/0! | M25: ='Water Reading'!R25-'Water Reading'!R24 -> 0 | N25: =M25/C25 -> #DIV/0! | O25: ='Water Reading'!Q25-'Water Reading'!Q24 -> 0 | P25: =O25/C25 -> #DIV/0! | Q25: ='Water Reading'!F25-'Water Reading'!F24 -> 0 | R25: =Q25/C25 -> #DIV/0! | S25: ='Water Reading'!E25-'Water Reading'!E24 -> 0 | T25: =S25/C25 -> #DIV/0! | U25: ='Water Reading'!G25-'Water Reading'!G24 -> 0 | V25: =U25/C25 -> #DIV/0! | W25: ='Water Reading'!J25-'Water Reading'!J24 -> 0 | X25: =W25/C25 -> #DIV/0! | Y25: =E25+I25+K25+M25+O25+G25+Q25+S25+U25+W25 -> 0 | Z25: =Y25/B25 -> #DIV/0!
A26: ='Water Reading'!A25 -> 44309 | B26: =TOTAL!I24 -> 0 | C26: =('Water Reading'!B26-'Water Reading'!B25)+('Water Reading'!C26-'Water Reading'!C25) -> 0 | D26: =C26/B26 -> #DIV/0! | E26: ='Water Reading'!H26-'Water Reading'!H25 -> 0 | F26: =E26/C26 -> #DIV/0! | G26: =('Water Reading'!D26-'Water Reading'!D25)-('Water Reading'!R26-'Water Reading'!R25)-('Water Reading'!Q26-'Water Reading'!Q25) -> 0 | H26: =G26/C26 -> #DIV/0! | I26: ='Water Reading'!P26-'Water Reading'!P25 -> 0 | J26: =I26/C26 -> #DIV/0! | K26: =('Water Reading'!I26-'Water Reading'!I25)-('Water Reading'!P26-'Water Reading'!P25) -> 0 | L26: =K26/C26 -> #DIV/0! | M26: ='Water Reading'!R26-'Water Reading'!R25 -> 0 | N26: =M26/C26 -> #DIV/0! | O26: ='Water Reading'!Q26-'Water Reading'!Q25 -> 0 | P26: =O26/C26 -> #DIV/0! | Q26: ='Water Reading'!F26-'Water Reading'!F25 -> 0 | R26: =Q26/C26 -> #DIV/0! | S26: ='Water Reading'!E26-'Water Reading'!E25 -> 0 | T26: =S26/C26 -> #DIV/0! | U26: ='Water Reading'!G26-'Water Reading'!G25 -> 0 | V26: =U26/C26 -> #DIV/0! | W26: ='Water Reading'!J26-'Water Reading'!J25 -> 0 | X26: =W26/C26 -> #DIV/0! | Y26: =E26+I26+K26+M26+O26+G26+Q26+S26+U26+W26 -> 0 | Z26: =Y26/B26 -> #DIV/0!
A27: ='Water Reading'!A26 -> 44310 | B27: =TOTAL!I25 -> 0 | C27: =('Water Reading'!B27-'Water Reading'!B26)+('Water Reading'!C27-'Water Reading'!C26) -> 0 | D27: =C27/B27 -> #DIV/0! | E27: ='Water Reading'!H27-'Water Reading'!H26 -> 0 | F27: =E27/C27 -> #DIV/0! | G27: =('Water Reading'!D27-'Water Reading'!D26)-('Water Reading'!R27-'Water Reading'!R26)-('Water Reading'!Q27-'Water Reading'!Q26) -> 0 | H27: =G27/C27 -> #DIV/0! | I27: ='Water Reading'!P27-'Water Reading'!P26 -> 0 | J27: =I27/C27 -> #DIV/0! | K27: =('Water Reading'!I27-'Water Reading'!I26)-('Water Reading'!P27-'Water Reading'!P26) -> 0 | L27: =K27/C27 -> #DIV/0! | M27: ='Water Reading'!R27-'Water Reading'!R26 -> 0 | N27: =M27/C27 -> #DIV/0! | O27: ='Water Reading'!Q27-'Water Reading'!Q26 -> 0 | P27: =O27/C27 -> #DIV/0! | Q27: ='Water Reading'!F27-'Water Reading'!F26 -> 0 | R27: =Q27/C27 -> #DIV/0! | S27: ='Water Reading'!E27-'Water Reading'!E26 -> 0 | T27: =S27/C27 -> #DIV/0! | U27: ='Water Reading'!G27-'Water Reading'!G26 -> 0 | V27: =U27/C27 -> #DIV/0! | W27: ='Water Reading'!J27-'Water Reading'!J26 -> 0 | X27: =W27/C27 -> #DIV/0! | Y27: =E27+I27+K27+M27+O27+G27+Q27+S27+U27+W27 -> 0 | Z27: =Y27/B27 -> #DIV/0!
A28: ='Water Reading'!A27 -> 44311 | B28: =TOTAL!I26 -> 0 | C28: =('Water Reading'!B28-'Water Reading'!B27)+('Water Reading'!C28-'Water Reading'!C27) -> 0 | D28: =C28/B28 -> #DIV/0! | E28: ='Water Reading'!H28-'Water Reading'!H27 -> 0 | F28: =E28/C28 -> #DIV/0! | G28: =('Water Reading'!D28-'Water Reading'!D27)-('Water Reading'!R28-'Water Reading'!R27)-('Water Reading'!Q28-'Water Reading'!Q27) -> 0 | H28: =G28/C28 -> #DIV/0! | I28: ='Water Reading'!P28-'Water Reading'!P27 -> 0 | J28: =I28/C28 -> #DIV/0! | K28: =('Water Reading'!I28-'Water Reading'!I27) -> 0 | L28: =K28/C28 -> #DIV/0! | M28: ='Water Reading'!R28-'Water Reading'!R27 -> 0 | N28: =M28/C28 -> #DIV/0! | O28: ='Water Reading'!Q28-'Water Reading'!Q27 -> 0 | P28: =O28/C28 -> #DIV/0! | Q28: ='Water Reading'!F28-'Water Reading'!F27 -> 0 | R28: =Q28/C28 -> #DIV/0! | S28: ='Water Reading'!E28-'Water Reading'!E27 -> 0 | T28: =S28/C28 -> #DIV/0! | U28: ='Water Reading'!G28-'Water Reading'!G27 -> 0 | V28: =U28/C28 -> #DIV/0! | W28: ='Water Reading'!J28-'Water Reading'!J27 -> 0 | X28: =W28/C28 -> #DIV/0! | Y28: =E28+I28+K28+M28+O28+G28+Q28+S28+U28+W28 -> 0 | Z28: =Y28/B28 -> #DIV/0!
A29: ='Water Reading'!A28 -> 44312 | B29: =TOTAL!I27 -> 0 | C29: =('Water Reading'!B29-'Water Reading'!B28)+('Water Reading'!C29-'Water Reading'!C28) -> 0 | D29: =C29/B29 -> #DIV/0! | E29: ='Water Reading'!H29-'Water Reading'!H28 -> 0 | F29: =E29/C29 -> #DIV/0! | G29: =('Water Reading'!D29-'Water Reading'!D28)-('Water Reading'!R29-'Water Reading'!R28)-('Water Reading'!Q29-'Water Reading'!Q28) -> 0 | H29: =G29/C29 -> #DIV/0! | I29: ='Water Reading'!P29-'Water Reading'!P28 -> 0 | J29: =I29/C29 -> #DIV/0! | K29: =('Water Reading'!I29-'Water Reading'!I28) -> 0 | L29: =K29/C29 -> #DIV/0! | M29: ='Water Reading'!R29-'Water Reading'!R28 -> 0 | N29: =M29/C29 -> #DIV/0! | O29: ='Water Reading'!Q29-'Water Reading'!Q28 -> 0 | P29: =O29/C29 -> #DIV/0! | Q29: ='Water Reading'!F29-'Water Reading'!F28 -> 0 | R29: =Q29/C29 -> #DIV/0! | S29: ='Water Reading'!E29-'Water Reading'!E28 -> 0 | T29: =S29/C29 -> #DIV/0! | U29: ='Water Reading'!G29-'Water Reading'!G28 -> 0 | V29: =U29/C29 -> #DIV/0! | W29: ='Water Reading'!J29-'Water Reading'!J28 -> 0 | X29: =W29/C29 -> #DIV/0! | Y29: =E29+I29+K29+M29+O29+G29+Q29+S29+U29+W29 -> 0 | Z29: =Y29/B29 -> #DIV/0!
A30: ='Water Reading'!A29 -> 44313 | B30: =TOTAL!I28 -> 0 | C30: =('Water Reading'!B30-'Water Reading'!B29)+('Water Reading'!C30-'Water Reading'!C29) -> 0 | D30: =C30/B30 -> #DIV/0! | E30: ='Water Reading'!H30-'Water Reading'!H29 -> 0 | F30: =E30/C30 -> #DIV/0! | G30: =('Water Reading'!D30-'Water Reading'!D29)-('Water Reading'!R30-'Water Reading'!R29)-('Water Reading'!Q30-'Water Reading'!Q29) -> 0 | H30: =G30/C30 -> #DIV/0! | I30: ='Water Reading'!P30-'Water Reading'!P29 -> 0 | J30: =I30/C30 -> #DIV/0! | K30: =('Water Reading'!I30-'Water Reading'!I29)-('Water Reading'!P30-'Water Reading'!P29) -> 0 | L30: =K30/C30 -> #DIV/0! | M30: ='Water Reading'!R30-'Water Reading'!R29 -> 0 | N30: =M30/C30 -> #DIV/0! | O30: ='Water Reading'!Q30-'Water Reading'!Q29 -> 0 | P30: =O30/C30 -> #DIV/0! | Q30: ='Water Reading'!F30-'Water Reading'!F29 -> 0 | R30: =Q30/C30 -> #DIV/0! | S30: ='Water Reading'!E30-'Water Reading'!E29 -> 0 | T30: =S30/C30 -> #DIV/0! | U30: ='Water Reading'!G30-'Water Reading'!G29 -> 0 | V30: =U30/C30 -> #DIV/0! | W30: ='Water Reading'!J30-'Water Reading'!J29 -> 0 | X30: =W30/C30 -> #DIV/0! | Y30: =E30+I30+K30+M30+O30+G30+Q30+S30+U30+W30 -> 0 | Z30: =Y30/B30 -> #DIV/0!
A31: ='Water Reading'!A30 -> 44314 | B31: =TOTAL!I29 -> 0 | C31: =('Water Reading'!B31-'Water Reading'!B30)+('Water Reading'!C31-'Water Reading'!C30) -> 0 | D31: =C31/B31 -> #DIV/0! | E31: ='Water Reading'!H31-'Water Reading'!H30 -> 0 | F31: =E31/C31 -> #DIV/0! | G31: =('Water Reading'!D31-'Water Reading'!D30)-('Water Reading'!R31-'Water Reading'!R30)-('Water Reading'!Q31-'Water Reading'!Q30) -> 0 | H31: =G31/C31 -> #DIV/0! | I31: ='Water Reading'!P31-'Water Reading'!P30 -> 0 | J31: =I31/C31 -> #DIV/0! | K31: =('Water Reading'!I31-'Water Reading'!I30)-('Water Reading'!P31-'Water Reading'!P30) -> 0 | L31: =K31/C31 -> #DIV/0! | M31: ='Water Reading'!R31-'Water Reading'!R30 -> 0 | N31: =M31/C31 -> #DIV/0! | O31: ='Water Reading'!Q31-'Water Reading'!Q30 -> 0 | P31: =O31/C31 -> #DIV/0! | Q31: ='Water Reading'!F31-'Water Reading'!F30 -> 0 | R31: =Q31/C31 -> #DIV/0! | S31: ='Water Reading'!E31-'Water Reading'!E30 -> 0 | T31: =S31/C31 -> #DIV/0! | U31: ='Water Reading'!G31-'Water Reading'!G30 -> 0 | V31: =U31/C31 -> #DIV/0! | W31: ='Water Reading'!J31-'Water Reading'!J30 -> 0 | X31: =W31/C31 -> #DIV/0! | Y31: =E31+I31+K31+M31+O31+G31+Q31+S31+U31+W31 -> 0 | Z31: =Y31/B31 -> #DIV/0!
A32: ='Water Reading'!A31 -> 44315 | B32: =TOTAL!I30 -> 0 | C32: =('Water Reading'!B32-'Water Reading'!B31)+('Water Reading'!C32-'Water Reading'!C31) -> 0 | D32: =C32/B32 -> #DIV/0! | E32: ='Water Reading'!H32-'Water Reading'!H31 -> 0 | F32: =E32/C32 -> #DIV/0! | G32: =('Water Reading'!D32-'Water Reading'!D31)-('Water Reading'!R32-'Water Reading'!R31)-('Water Reading'!Q32-'Water Reading'!Q31) -> 0 | H32: =G32/C32 -> #DIV/0! | I32: ='Water Reading'!P32-'Water Reading'!P31 -> 0 | J32: =I32/C32 -> #DIV/0! | K32: =('Water Reading'!I32-'Water Reading'!I31)-('Water Reading'!P32-'Water Reading'!P31) -> 0 | L32: =K32/C32 -> #DIV/0! | M32: ='Water Reading'!R32-'Water Reading'!R31 -> 0 | N32: =M32/C32 -> #DIV/0! | O32: ='Water Reading'!Q32-'Water Reading'!Q31 -> 0 | P32: =O32/C32 -> #DIV/0! | Q32: ='Water Reading'!F32-'Water Reading'!F31 -> 0 | R32: =Q32/C32 -> #DIV/0! | S32: ='Water Reading'!E32-'Water Reading'!E31 -> 0 | T32: =S32/C32 -> #DIV/0! | U32: ='Water Reading'!G32-'Water Reading'!G31 -> 0 | V32: =U32/C32 -> #DIV/0! | W32: ='Water Reading'!J32-'Water Reading'!J31 -> 0 | X32: =W32/C32 -> #DIV/0! | Y32: =E32+I32+K32+M32+O32+G32+Q32+S32+U32+W32 -> 0 | Z32: =Y32/B32 -> #DIV/0!
A33: ='Water Reading'!A32 -> 44316 | B33: =TOTAL!I31 -> 0 | C33: =('Water Reading'!B33-'Water Reading'!B32)+('Water Reading'!C33-'Water Reading'!C32) -> 0 | D33: =C33/B33 -> #DIV/0! | E33: ='Water Reading'!H33-'Water Reading'!H32 -> 0 | F33: =E33/C33 -> #DIV/0! | G33: =('Water Reading'!D33-'Water Reading'!D32)-('Water Reading'!R33-'Water Reading'!R32)-('Water Reading'!Q33-'Water Reading'!Q32) -> 0 | H33: =G33/C33 -> #DIV/0! | I33: ='Water Reading'!P33-'Water Reading'!P32 -> 0 | J33: =I33/C33 -> #DIV/0! | K33: =('Water Reading'!I33-'Water Reading'!I32)-('Water Reading'!P33-'Water Reading'!P32) -> 0 | L33: =K33/C33 -> #DIV/0! | M33: ='Water Reading'!R33-'Water Reading'!R32 -> 0 | N33: =M33/C33 -> #DIV/0! | O33: ='Water Reading'!Q33-'Water Reading'!Q32 -> 0 | P33: =O33/C33 -> #DIV/0! | Q33: ='Water Reading'!F33-'Water Reading'!F32 -> 0 | R33: =Q33/C33 -> #DIV/0! | S33: ='Water Reading'!E33-'Water Reading'!E32 -> 0 | T33: =S33/C33 -> #DIV/0! | U33: ='Water Reading'!G33-'Water Reading'!G32 -> 0 | V33: =U33/C33 -> #DIV/0! | W33: ='Water Reading'!J33-'Water Reading'!J32 -> 0 | X33: =W33/C33 -> #DIV/0! | Y33: =E33+I33+K33+M33+O33+G33+Q33+S33+U33+W33 -> 0 | Z33: =Y33/B33 -> #DIV/0!
A34: ='Water Reading'!A33 -> 44317 | B34: =TOTAL!I32 -> 0 | C34: =('Water Reading'!B34-'Water Reading'!B33)+('Water Reading'!C34-'Water Reading'!C33) -> 0 | D34: =C34/B34 -> #DIV/0! | E34: ='Water Reading'!H34-'Water Reading'!H33 -> 0 | F34: =E34/C34 -> #DIV/0! | G34: =('Water Reading'!D34-'Water Reading'!D33)-('Water Reading'!R34-'Water Reading'!R33)-('Water Reading'!Q34-'Water Reading'!Q33) -> 0 | H34: =G34/C34 -> #DIV/0! | I34: ='Water Reading'!P34-'Water Reading'!P33 -> 0 | J34: =I34/C34 -> #DIV/0! | K34: =('Water Reading'!I34-'Water Reading'!I33)-('Water Reading'!P34-'Water Reading'!P33) -> 0 | L34: =K34/C34 -> #DIV/0! | M34: ='Water Reading'!R34-'Water Reading'!R33 -> 0 | N34: =M34/C34 -> #DIV/0! | O34: ='Water Reading'!Q34-'Water Reading'!Q33 -> 0 | P34: =O34/C34 -> #DIV/0! | Q34: ='Water Reading'!F34-'Water Reading'!F33 -> 0 | R34: =Q34/C34 -> #DIV/0! | S34: ='Water Reading'!E34-'Water Reading'!E33 -> 0 | T34: =S34/C34 -> #DIV/0! | U34: ='Water Reading'!G34-'Water Reading'!G33 -> 0 | V34: =U34/C34 -> #DIV/0! | W34: ='Water Reading'!J34-'Water Reading'!J33 -> 0 | X34: =W34/C34 -> #DIV/0! | Y34: =E34+I34+K34+M34+O34+G34+Q34+S34+U34+W34 -> 0 | Z34: =Y34/B34 -> #DIV/0!
A35: Total | B35: =SUM(B4:B34) -> 4336 | C35: =SUM(C4:C34) -> -259621 | D35: =C35/B35 -> -59.875692 | E35: =SUM(E4:E34) -> -48022 | F35: =E35/C35 -> 0.18496963 | G35: =SUM(G4:G34) -> -189853 | H35: =G35/C35 -> 0.73126981 | I35: =SUM(I4:I34) -> -26141 | J35: =I35/C35 -> 0.10068908 | K35: =SUM(K4:K34) -> -33068 | L35: =K35/C35 -> 0.12737028 | M35: =SUM(M4:M34) -> -5832 | N35: =M35/C35 -> 0.022463514 | O35: =SUM(O4:O34) -> -297 | P35: =O35/C35 -> 0.0011439753 | Q35: =SUM(Q4:Q34) -> -66868 | R35: =Q35/C35 -> 0.25756006 | S35: =SUM(S4:S34) -> -242368 | T35: =S35/C35 -> 0.93354544 | U35: =SUM(U4:U34) -> -110066 | V35: =U35/C35 -> 0.42394876 | W35: =SUM(W4:W34) -> -19008 | X35: =W35/C35 -> 0.073214416 | Y35: =SUM(Y4:Y34) -> -741523 | Z35: =Y35/B35 -> -171.01545
