Workbook

Sheet TOTAL
A1: Site Name | B1: Day | C1: Month | D1: Year | E1: Total Electricity Kwh | F1: Peak hour Kwh | G1: Low Peak Hour Kwh | H1: Electricity Tariff ($/Kwh) | I1: Electricity Total Tariff (Rupiah) | J1: Natual Gas (m3) | K1: Natural Gas $/m3 | L1: Water Utility Supply (m3) | M1: Water Utility Supply (m3) $/m3 | N1: Room Nights | O1: Total Guests | P1: Utilities day cost dh
A2: Jakarta | B2: 1 | C2: 3 | D2: 2021 | E2: =Electricity!H6 -> 18814 | F2: =+Electricity!F6 -> 3220 | G2: =+Electricity!G6 -> 15594 | H2: =+Electricity!E6 -> 1035.78 | I2: =+Electricity!O6 -> 21789414 | J2: =Gas!D5 -> 79.81 | K2: 5362.3188 | L2: =Water!C5 -> 162 | M2: 12500 | N2: 21 | O2: 40 | P2: =E2*H2+J2*K2+#REF!*#REF!+L2*M2 -> #REF!
A3: Jakarta | B3: =B2+1 -> 2 | C3: 3 | D3: 2021 | E3: =Electricity!H7 -> 19014 | F3: =+Electricity!F7 -> 3458 | G3: =+Electricity!G7 -> 15556 | H3: =+Electricity!E7 -> 1035.78 | I3: =+Electricity!O7 -> 22129740 | J3: =Gas!D6 -> 77.64 | K3: 5362.3188 | L3: =Water!C6 -> 165 | M3: 12500 | N3: 32 | O3: 62 | P3: =E3*H3+J3*K3+#REF!*#REF!+L3*M3 -> #REF!
A4: Jakarta | B4: =B3+1 -> 3 | C4: 3 | D4: 2021 | E4: =Electricity!H8 -> 18756 | F4: =+Electricity!F8 -> 3452 | G4: =+Electricity!G8 -> 15304 | H4: =+Electricity!E8 -> 1035.78 | I4: =+Electricity!O8 -> 21851291 | J4: =Gas!D7 -> 99.29 | K4: 5362.3188 | L4: =Water!C7 -> 178 | M4: 12500 | N4: 34 | O4: 65 | P4: =E4*H4+J4*K4+#REF!*#REF!+L4*M4 -> #REF!
A5: Jakarta | B5: =B4+1 -> 4 | C5: 3 | D5: 2021 | E5: =Electricity!H9 -> 21283 | F5: =+Electricity!F9 -> 3671 | G5: =+Electricity!G9 -> 17612 | H5: =+Electricity!E9 -> 1035.78 | I5: =+Electricity!O9 -> 24664050 | J5: =Gas!D8 -> 83.75 | K5: 5362.3188 | L5: =Water!C8 -> 152 | M5: 12500 | N5: 37 | O5: 73 | P5: =E5*H5+J5*K5+#REF!*#REF!+L5*M5 -> #REF!
A6: Jakarta | B6: =B5+1 -> 5 | C6: 3 | D6: 2021 | E6: =Electricity!H10 -> 18882 | F6: =+Electricity!F10 -> 3344 | G6: =+Electricity!G10 -> 15538 | H6: =+Electricity!E10 -> 1035.78 | I6: =+Electricity!O10 -> 21928105 | J6: =Gas!D9 -> 125.84 | K6: 5362.3188 | L6: =Water!C9 -> 138 | M6: 12500 | N6: 50 | O6: 103 | P6: =E6*H6+J6*K6+#REF!*#REF!+L6*M6 -> #REF!
A7: Jakarta | B7: =B6+1 -> 6 | C7: 3 | D7: 2021 | E7: =Electricity!H11 -> 19338 | F7: =+Electricity!F11 -> 3486 | G7: =+Electricity!G11 -> 15852 | H7: =+Electricity!E11 -> 1035.78 | I7: =+Electricity!O11 -> 22490337 | J7: =Gas!D10 -> 121.79 | K7: 5362.3188 | L7: =Water!C10 -> 155 | M7: 12500 | N7: 85 | O7: 176 | P7: =E7*H7+J7*K7+#REF!*#REF!+L7*M7 -> #REF!
A8: Jakarta | B8: =B7+1 -> 7 | C8: 3 | D8: 2021 | E8: =Electricity!H12 -> 18664 | F8: =+Electricity!F12 -> 3066 | G8: =+Electricity!G12 -> 15598 | H8: =+Electricity!E12 -> 1035.78 | I8: =+Electricity!O12 -> 21547238 | J8: =Gas!D11 -> 134.66 | K8: 5362.3188 | L8: =Water!C11 -> 172 | M8: 12500 | N8: 37 | O8: 71 | P8: =E8*H8+J8*K8+#REF!*#REF!+L8*M8 -> #REF!
A9: Jakarta | B9: =B8+1 -> 8 | C9: 3 | D9: 2021 | E9: =Electricity!H13 -> 17829 | F9: =+Electricity!F13 -> 3110 | G9: =+Electricity!G13 -> 14719 | H9: =+Electricity!E13 -> 1035.78 | I9: =+Electricity!O13 -> 20679886 | J9: =Gas!D12 -> 93.73 | K9: 5362.3188 | L9: =Water!C12 -> 137 | M9: 12500 | N9: 42 | O9: 81 | P9: =E9*H9+J9*K9+#REF!*#REF!+L9*M9 -> #REF!
A10: Jakarta | B10: =B9+1 -> 9 | C10: 3 | D10: 2021 | E10: =Electricity!H14 -> 17452 | F10: =+Electricity!F14 -> 3146 | G10: =+Electricity!G14 -> 14306 | H10: =+Electricity!E14 -> 1035.78 | I10: =+Electricity!O14 -> 20296886 | J10: =Gas!D13 -> 91.51 | K10: 5362.3188 | L10: =Water!C13 -> 156 | M10: 12500 | N10: 38 | O10: 74 | P10: =E10*H10+J10*K10+#REF!*#REF!+L10*M10 -> #REF!
A11: Jakarta | B11: =B10+1 -> 10 | C11: 3 | D11: 2021 | E11: =Electricity!H15 -> 19586 | F11: =+Electricity!F15 -> 3590 | G11: =+Electricity!G15 -> 15996 | H11: =+Electricity!E15 -> 1035.78 | I11: =+Electricity!O15 -> 22810393 | J11: =Gas!D14 -> 73.7 | K11: 5362.3188 | L11: =Water!C14 -> 185 | M11: 12500 | N11: 70 | O11: 136 | P11: =E11*H11+J11*K11+#REF!*#REF!+L11*M11 -> #REF!
A12: Jakarta | B12: =B11+1 -> 11 | C12: 3 | D12: 2021 | E12: =Electricity!H16 -> 19064 | F12: =+Electricity!F16 -> 3462 | G12: =+Electricity!G16 -> 15602 | H12: =+Electricity!E16 -> 1035.78 | I12: =+Electricity!O16 -> 22185216 | J12: =Gas!D15 -> 89.92 | K12: 5362.3188 | L12: =Water!C15 -> 171 | M12: 12500 | N12: 79 | O12: 158 | P12: =E12*H12+J12*K12+#REF!*#REF!+L12*M12 -> #REF!
A13: Jakarta | B13: =B12+1 -> 12 | C13: 3 | D13: 2021 | E13: =Electricity!H17 -> 20570 | F13: =+Electricity!F17 -> 3578 | G13: =+Electricity!G17 -> 16992 | H13: =+Electricity!E17 -> 1035.78 | I13: =+Electricity!O17 -> 23853775 | J13: =Gas!D16 -> 134.73 | K13: 5362.3188 | L13: =Water!C16 -> 121 | M13: 12500 | N13: 68 | O13: 134 | P13: =E13*H13+J13*K13+#REF!*#REF!+L13*M13 -> #REF!
A14: Jakarta | B14: =B13+1 -> 13 | C14: 3 | D14: 2021 | E14: =Electricity!H18 -> 19736 | F14: =+Electricity!F18 -> 3620 | G14: =+Electricity!G18 -> 16116 | H14: =+Electricity!E18 -> 1035.78 | I14: =+Electricity!O18 -> 22986423 | J14: =Gas!D17 -> 146.48 | K14: 5362.3188 | L14: =Water!C17 -> 137 | M14: 12500 | N14: 92 | O14: 189 | P14: =E14*H14+J14*K14+#REF!*#REF!+L14*M14 -> #REF!
... A31: Jakarta | B31: =B30+1 -> 30 | C31: 3 | D31: 2021 | E31: =Electricity!H35 -> 20739 | F31: =+Electricity!F35 -> 3608 | G31: =+Electricity!G35 -> 17131 | H31: =+Electricity!E35 -> 1035.78 | I31: =+Electricity!O35 -> 24050076 | J31: =Gas!D34 -> 114.29 | K31: 5362.3188 | L31: =Water!C34 -> 150 | M31: 12500 | N31: 74 | O31: 137 | P31: =E31*H31+J31*K31+#REF!*#REF!+L31*M31 -> #REF!
A32: Jakarta | B32: =B31+1 -> 31 | C32: 3 | D32: 2021 | E32: =Electricity!H36 -> 23596 | F32: =+Electricity!F36 -> 3976 | G32: =+Electricity!G36 -> 19620 | H32: =+Electricity!E36 -> 1035.78 | I32: =+Electricity!O36 -> 27294377 | J32: =Gas!D35 -> 87.77 | K32: 5362.3188 | L32: =Water!C35 -> 204 | M32: 12500 | N32: 80 | O32: 159

Sheet Electricity
B1: Electricity Distribution 2021
B2: Date | E2: Cost per kWh in Rupiah ( Rp) | F2: HOTEL DAILY ELECTRICITY METER
F3: Peak Hour | G3: Low Peak Hour | H3: Total Metering | I3: Sub Metering | K3: Total Cost | N3: Tax for public service3% | O3: TOTAL BILL
F4: ( 17:01-22:00) | G4: ( 22:01 -17:00) | H4: 24 Hour | I4: Chiller | J4: Other | K4: Peak Hour | L4: Low Peak Hour | M4: Total (Rp)
C5: Room Nights | D5: Total Guests | E5: 1035.78 | F5: kWh | G5: kWh | H5: kWh | I5: kWh | J5: kWh | K5: Rupiah | L5: Rupiah | M5: Rupiah | N5: Rupiah | O5: Rupiah
B6: 43891 | E6: =$E$5 -> 1035.78 | F6: 3220 | G6: 15594 | H6: =G6+F6 -> 18814 | I6: 7677 | J6: =+H6-I6 -> 11137 | K6: =F6*1.5*E6 -> 5002817.4 | L6: =G6*E6 -> 16151953 | M6: =L6+K6 -> 21154771 | N6: =M6*0.03 -> 634643.12 | O6: =M6+N6 -> 21789414
B7: 43892 | E7: =$E$5 -> 1035.78 | F7: 3458 | G7: 15556 | H7: =G7+F7 -> 19014 | I7: 7652 | J7: =+H7-I7 -> 11362 | K7: =F7*1.5*E7 -> 5372590.9 | L7: =G7*E7 -> 16112594 | M7: =L7+K7 -> 21485185 | N7: =M7*0.03 -> 644555.54 | O7: =M7+N7 -> 22129740
B8: 43893 | E8: =$E$5 -> 1035.78 | F8: 3452 | G8: 15304 | H8: =G8+F8 -> 18756 | I8: 7690 | J8: =+H8-I8 -> 11066 | K8: =F8*1.5*E8 -> 5363268.8 | L8: =G8*E8 -> 15851577 | M8: =L8+K8 -> 21214846 | N8: =M8*0.03 -> 636445.38 | O8: =M8+N8 -> 21851291
B9: 43894 | E9: =$E$5 -> 1035.78 | F9: 3671 | G9: 17612 | H9: =G9+F9 -> 21283 | I9: 8942 | J9: =+H9-I9 -> 12341 | K9: =F9*1.5*E9 -> 5703522.6 | L9: =G9*E9 -> 18242157 | M9: =L9+K9 -> 23945680 | N9: =M9*0.03 -> 718370.4 | O9: =M9+N9 -> 24664050
B10: 43895 | E10: =$E$5 -> 1035.78 | F10: 3344 | G10: 15538 | H10: =G10+F10 -> 18882 | I10: 7426 | J10: =+H10-I10 -> 11456 | K10: =F10*1.5*E10 -> 5195472.5 | L10: =G10*E10 -> 16093950 | M10: =L10+K10 -> 21289422 | N10: =M10*0.03 -> 638682.66 | O10: =M10+N10 -> 21928105
B11: 43896 | E11: =$E$5 -> 1035.78 | F11: 3486 | G11: 15852 | H11: =G11+F11 -> 19338 | I11: 7383 | J11: =+H11-I11 -> 11955 | K11: =F11*1.5*E11 -> 5416093.6 | L11: =G11*E11 -> 16419185 | M11: =L11+K11 -> 21835278 | N11: =M11*0.03 -> 655058.35 | O11: =M11+N11 -> 22490337
B12: 43897 | E12: =$E$5 -> 1035.78 | F12: 3066 | G12: 15598 | H12: =G12+F12 -> 18664 | I12: 7491 | J12: =+H12-I12 -> 11173 | K12: =F12*1.5*E12 -> 4763552.2 | L12: =G12*E12 -> 16156096 | M12: =L12+K12 -> 20919649 | N12: =M12*0.03 -> 627589.46 | O12: =M12+N12 -> 21547238
B13: 43898 | E13: =$E$5 -> 1035.78 | F13: 3110 | G13: 14719 | H13: =G13+F13 -> 17829 | I13: 6929 | J13: =+H13-I13 -> 10900 | K13: =F13*1.5*E13 -> 4831913.7 | L13: =G13*E13 -> 15245646 | M13: =L13+K13 -> 20077560 | N13: =M13*0.03 -> 602326.79 | O13: =M13+N13 -> 20679886
B14: 43899 | E14: =$E$5 -> 1035.78 | F14: 3146 | G14: 14306 | H14: =G14+F14 -> 17452 | I14: 6767 | J14: =+H14-I14 -> 10685 | K14: =F14*1.5*E14 -> 4887845.8 | L14: =G14*E14 -> 14817869 | M14: =L14+K14 -> 19705714 | N14: =M14*0.03 -> 591171.43 | O14: =M14+N14 -> 20296886
B15: 43900 | E15: =$E$5 -> 1035.78 | F15: 3590 | G15: 15996 | H15: =G15+F15 -> 19586 | I15: 8969 | J15: =+H15-I15 -> 10617 | K15: =F15*1.5*E15 -> 5577675.3 | L15: =G15*E15 -> 16568337 | M15: =L15+K15 -> 22146012 | N15: =M15*0.03 -> 664380.37 | O15: =M15+N15 -> 22810393
B16: 43901 | E16: =$E$5 -> 1035.78 | F16: 3462 | G16: 15602 | H16: =G16+F16 -> 19064 | I16: 7512 | J16: =+H16-I16 -> 11552 | K16: =F16*1.5*E16 -> 5378805.5 | L16: =G16*E16 -> 16160240 | M16: =L16+K16 -> 21539045 | N16: =M16*0.03 -> 646171.35 | O16: =M16+N16 -> 22185216
B17: 43902 | E17: =$E$5 -> 1035.78 | F17: 3578 | G17: 16992 | H17: =G17+F17 -> 20570 | I17: 8196 | J17: =+H17-I17 -> 12374 | K17: =F17*1.5*E17 -> 5559031.3 | L17: =G17*E17 -> 17599974 | M17: =L17+K17 -> 23159005 | N17: =M17*0.03 -> 694770.15 | O17: =M17+N17 -> 23853775
... B35: 43920 | E35: =$E$5 -> 1035.78 | F35: 3608 | G35: 17131 | H35: =G35+F35 -> 20739 | I35: 23812 | J35: =+H35-I35 -> -3073 | K35: =F35*1.5*E35 -> 5605641.4 | L35: =G35*E35 -> 17743947 | M35: =L35+K35 -> 23349589 | N35: =M35*0.03 -> 700487.66 | O35: =M35+N35 -> 24050076
B36: 43921 | E36: =$E$5 -> 1035.78 | F36: 3976 | G36: 19620 | H36: =G36+F36 -> 23596 | J36: =+H36-I36 -> 23596 | K36: =F36*1.5*E36 -> 6177391.9 | L36: =G36*E36 -> 20322004 | M36: =L36+K36 -> 26499396 | N36: =M36*0.03 -> 794981.87 | O36: =M36+N36 -> 27294377
B37: 01 Feb'20 00-07pagi | E37: =$E$5 -> 1035.78 | G37: 299 | H37: =G37+F37 -> 299 | J37: =+H37-I37 -> 299 | K37: =F37*1.5*E37 -> 0 | L37: =G37*E37 -> 309698.22 | M37: =L37+K37 -> 309698.22 | N37: =M37*0.03 -> 9290.9466 | O37: =M37+N37 -> 318989.17
E38: Hotel | F38: =SUM(F6:F37) -> 114617 | G38: =SUM(G6:G37) -> 523917 | H38: =SUM(H6:H37) -> 638534 | I38: =SUM(I6:I37) -> 303263 | J38: =SUM(J6:J37) -> 335271 | K38: =SUM(K6:K37) -> 1.7807699e+08 | L38: =SUM(L6:L37) -> 5.4266275e+08 | M38: =SUM(M6:M37) -> 7.2073974e+08 | ... O38: =SUM(O6:O37) -> 7.4236194e+08
M40: Hotel usage for Heat Pump, Escalator & Ballroom Lift | N40: 55985137
M41: Mixed used Hotel & Office | N41: 17744976 | O41: =N40+N41 -> 73730113 | P41: Mixed used Hotel area B3-B5
O42: =O38+O41 -> 8.1609205e+08
M43: MRA (Lala Restaurant) | N43: 42856377
M44: Food Court | N44: 72524343
M45: Charge to GRU Estate | N45: 100000000
M46: Total | N46: =N43+N44+N45 -> 215380720 | O46: =N46 -> 215380720 | P46: Biaya perhitungan listrik parkir + listrik ruangan
M48: TOTAL BILL | O48: =O42-O46 -> 6.0071133e+08 | P48: Total Cost of Electric billing for the month of January 2020

Sheet Water
B1: WATER METER READING
B3: Date | C3: Total Metering | D3: Sub metering
C4: m3 | D4: Clean water Level 22 | E4: CW Public Area | F4: Recycle Water share 20% | G4: Recycle Water
B5: 43891 | C5: =ROUNDUP(D5+E5+G5,0) -> 162 | D5: 62 | E5: 55 | F5: =+G5*0.2 -> 9 | G5: 45
B6: 43892 | C6: =ROUNDUP(D6+E6+G6,0) -> 165 | D6: 64.1 | E6: 54.7 | F6: =+G6*0.2 -> 9.06 | G6: 45.3
B7: 43893 | C7: =ROUNDUP(D7+E7+G7,0) -> 178 | D7: 67.1 | E7: 59.7 | F7: =+G7*0.2 -> 10.24 | G7: 51.2
B8: 43894 | C8: =ROUNDUP(D8+E8+G8,0) -> 152 | D8: 34.8 | E8: 61.8 | F8: =+G8*0.2 -> 10.9 | G8: 54.5
B9: 43895 | C9: =ROUNDUP(D9+E9+G9,0) -> 138 | D9: 19.9 | E9: 69.1 | F9: =+G9*0.2 -> 9.7 | G9: 48.5
B10: 43896 | C10: =ROUNDUP(D10+E10+G10,0) -> 155 | D10: 5.2 | E10: 91.4 | F10: =+G10*0.2 -> 11.48 | G10: 57.4
B11: 43897 | C11: =ROUNDUP(D11+E11+G11,0) -> 172 | D11: 42.5 | E11: 70.9 | F11: =+G11*0.2 -> 11.6 | G11: 58
B12: 43898 | C12: =ROUNDUP(D12+E12+G12,0) -> 137 | D12: 15.6 | E12: 64.7 | F12: =+G12*0.2 -> 11.22 | G12: 56.1
B13: 43899 | C13: =ROUNDUP(D13+E13+G13,0) -> 156 | D13: 53.1 | E13: 47.3 | F13: =+G13*0.2 -> 11.08 | G13: 55.4
B14: 43900 | C14: =ROUNDUP(D14+E14+G14,0) -> 185 | D14: 55.5 | E14: 74.2 | F14: =+G14*0.2 -> 10.92 | G14: 54.6
B15: 43901 | C15: =ROUNDUP(D15+E15+G15,0) -> 171 | D15: 26.8 | E15: 88.2 | F15: =+G15*0.2 -> 11.1 | G15: 55.5
B16: 43902 | C16: =ROUNDUP(D16+E16+G16,0) -> 121 | D16: 8.4 | E16: 87.7 | F16: =+G16*0.2 -> 4.84 | G16: 24.2
... B35: 43921 | C35: =ROUNDUP(D35+E35+G35,0) -> 204 | D35: 63.2 | E35: 90 | F35: =+G35*0.2 -> 10.14 | G35: 50.7
C37: =+D37+E37+F37 -> 3638.6 | D37: =SUM(D5:D35) -> 989.7 | E37: =SUM(E5:E35) -> 2325.1 | F37: =SUM(F5:F35) -> 323.8 | G37: =SUM(G5:G35) -> 1619
B41: Total Consumption CW Hotel + Public Area + Recycle Water commond share ( 20% ) | G41: =+C37+(G37*20%)-G37 -> 2343.4
B44: Unit Price | E44: Rupiah ( Rp) | G44: 12500
B47: Total Bill | G47: =+G41*G44 -> 29292500

Sheet Gas
B1: WATER METER READING
B3: Date | C3: Main metering | E3: Sub metering ( m3)
C4: Mmbtu | D4: Sm3 | E4: Kitchen B1 | F4: Palm court Kitchen | G4: Ballroom Kitchen | H4: Alto Kitchen
B5: 43831 | C5: 2.92 | D5: 79.81
B6: 43832 | C6: 2.86 | D6: 77.64
B7: 43833 | C7: 3.65 | D7: 99.29
B8: 43834 | C8: 3.05 | D8: 83.75
B9: 43835 | C9: 4.58 | D9: 125.84
B10: 43836 | C10: 4.42 | D10: 121.79
B11: 43837 | C11: 4.88 | D11: 134.66
B12: 43838 | C12: 3.39 | D12: 93.73
B13: 43839 | C13: 3.32 | D13: 91.51
B14: 43840 | C14: 2.67 | D14: 73.7
B15: 43841 | C15: 3.26 | D15: 89.92
B16: 43842 | C16: 4.88 | D16: 134.73
... B35: 43861 | C35: 3.19 | D35: 87.77
C37: =SUM(C5:C35) -> 135.95 | D37: =SUM(D5:D35) -> 3736.31 | E37: =SUM(E5:E35) -> 0 | F37: =SUM(F5:F35) -> 0 | G37: =SUM(G5:G35) -> 0 | H37: =SUM(H5:H35) -> 0
H38: =H37*80% -> 0
C43: Unit Price | D43: US $ | E43: 10.2
C44: mimimum contract | D44: Mmbtu | E44: 350
C46: Total Bill | D46: US $ | E46: =IF(C37>E44,(C37*E43),(E44*E43)) -> 3570
