Workbook

Sheet TOTAL
A1: Site Name | B1: Day | C1: Month | D1: Year | E1: Total Electricity Kwh | F1: Electricity Tariff ($/Kwh) | G1: Natual Gas (m3) | H1: Natural Gas $/m3 | I1: Water Utility Supply (m3) m3 | J1: Water Utility Supply (m3) $/m3 | K1: Room Nights
A2: Istanbul at Sultanahmet | B2: 1 | C2: 4 | D2: 2021 | E2: =Electricity!I4 -> 1771.9 | F2: 0.72 | G2: 0 | H2: 1.66 | I2: 2 | J2: 12.93 | K2: 0
A3: Istanbul at Sultanahmet | B3: =B2+1 -> 2 | C3: 4 | D3: 2021 | E3: =Electricity!I5 -> 1863 | F3: 0.72 | G3: =Gas!J5 -> 0 | H3: 1.66 | I3: 2 | J3: 12.93 | K3: 0
A4: Istanbul at Sultanahmet | B4: =B3+1 -> 3 | C4: 4 | D4: 2021 | E4: =Electricity!I6 -> 1534.56 | F4: 0.72 | G4: =Gas!J6 -> 0 | H4: 1.66 | I4: 4 | J4: 12.93 | K4: 0
A5: Istanbul at Sultanahmet | B5: =B4+1 -> 4 | C5: 4 | D5: 2021 | E5: =Electricity!I7 -> 1297.2 | F5: 0.72 | G5: =Gas!J7 -> 0 | H5: 1.66 | I5: =Water!H7 -> 2 | J5: 12.93 | K5: 0
A6: Istanbul at Sultanahmet | B6: =B5+1 -> 5 | C6: 4 | D6: 2021 | E6: =Electricity!I8 -> 1752.6 | F6: 0.72 | G6: =Gas!J8 -> 0 | H6: 1.66 | I6: =Water!H8 -> 2 | J6: 12.93 | K6: 0
A7: Istanbul at Sultanahmet | B7: =B6+1 -> 6 | C7: 4 | D7: 2021 | E7: =Electricity!I9 -> 1349.64 | F7: 0.72 | G7: =Gas!J9 -> 0 | H7: 1.66 | I7: =Water!H9 -> 3 | J7: 12.93 | K7: 0
A8: Istanbul at Sultanahmet | B8: =B7+1 -> 7 | C8: 4 | D8: 2021 | E8: =Electricity!I10 -> 1587 | F8: 0.72 | G8: =Gas!J10 -> 0 | H8: 1.66 | I8: =Water!H10 -> 2 | J8: 12.93 | K8: 0
A9: Istanbul at Sultanahmet | B9: =B8+1 -> 8 | C9: 4 | D9: 2021 | E9: =Electricity!I11 -> 1410.36 | F9: 0.72 | G9: =Gas!J11 -> 0 | H9: 1.66 | I9: =Water!H11 -> 2 | J9: 12.93 | K9: 0
A10: Istanbul at Sultanahmet | B10: =B9+1 -> 9 | C10: 4 | D10: 2021 | E10: =Electricity!I12 -> 1661.52 | F10: 0.72 | G10: =Gas!J12 -> 0 | H10: 1.66 | I10: =Water!H12 -> 3 | J10: 12.93 | K10: 0
A11: Istanbul at Sultanahmet | B11: =B10+1 -> 10 | C11: 4 | D11: 2021 | E11: =Electricity!I13 -> 1592.52 | F11: 0.72 | G11: =Gas!J13 -> 0 | H11: 1.66 | I11: =Water!H13 -> 3 | J11: 12.93 | K11: 0
A12: Istanbul at Sultanahmet | B12: =B11+1 -> 11 | C12: 4 | D12: 2021 | E12: =Electricity!I14 -> 1504.2 | F12: 0.72 | G12: =Gas!J14 -> 0 | H12: 1.66 | I12: =Water!H14 -> 4 | J12: 12.93 | K12: 0
A13: Istanbul at Sultanahmet | B13: =B12+1 -> 12 | C13: 4 | D13: 2021 | E13: =Electricity!I15 -> 1255.8 | F13: 0.72 | G13: =Gas!J15 -> 23.180112 | H13: 1.66 | I13: =Water!H15 -> 2 | J13: 12.93 | K13: 0
A14: Istanbul at Sultanahmet | B14: =B13+1 -> 13 | C14: 4 | D14: 2021 | E14: =Electricity!I16 -> 1468.32 | F14: 0.72 | G14: =Gas!J16 -> 15.453408 | H14: 1.66 | I14: =Water!H16 -> 3 | J14: 12.93 | K14: 0
A15: Istanbul at Sultanahmet | B15: =B14+1 -> 14 | C15: 4 | D15: 2021 | E15: =Electricity!I17 -> 1446.24 | F15: 0.72 | G15: =Gas!J17 -> 0 | H15: 1.66 | I15: =Water!H17 -> 7 | J15: 12.93 | K15: 0
A16: Istanbul at Sultanahmet | B16: =B15+1 -> 15 | C16: 4 | D16: 2021 | E16: =Electricity!I18 -> 1426.92 | F16: 0.72 | G16: =Gas!J18 -> 0 | H16: 1.66 | I16: =Water!H18 -> 54 | J16: 12.93 | K16: 0
... A31: Istanbul at Sultanahmet | B31: =B30+1 -> 30 | C31: 4 | D31: 2021 | E31: =Electricity!I33 -> 1253.04 | F31: 0.72 | G31: =Gas!J33 -> 0 | H31: 1.66 | I31: =Water!H33 -> 5 | J31: 12.93 | K31: 0

Sheet Water
D1: WATER CONSUMPTION , APRIL.2021
B3: Occ | C3: Weather | D3: DATE | E3: İSKİ Meter Reading | F3: Tanker Meter Reading | G3: Total (cu.m.) | H3: Daily Consumption (cu.m.) | I3: Daily Target (cu.m.) | J3: 2020 | K3: 2019 | L3: 2018 | M3: 2017
D4: 44287 | E4: 9041 | F4: 1065 | G4: =E4+F4 -> 10106 | H4: =+(G4-[1]Mar.2021!G34) -> 2 | I4: 64.16 | J4: 16 | K4: 63 | L4: 71 | M4: 45
D5: 44288 | E5: 9045 | F5: 1065 | G5: =E5+F5 -> 10110 | H5: =G5-G4 -> 4 | I5: 64.16 | J5: 11 | K5: 70 | L5: 63 | M5: 42
D6: 44289 | E6: 9047 | F6: 1065 | G6: =E6+F6 -> 10112 | H6: =G6-G5 -> 2 | I6: 64.16 | J6: 0 | K6: 57 | L6: 62 | M6: 44
D7: 44290 | E7: 9049 | F7: 1065 | G7: =E7+F7 -> 10114 | H7: =G7-G6 -> 2 | I7: 64.16 | J7: 10 | K7: 67 | L7: 58 | M7: 40
D8: 44291 | E8: 9051 | F8: 1065 | G8: =E8+F8 -> 10116 | H8: =G8-G7 -> 2 | I8: 64.16 | J8: 11 | K8: 60 | L8: 66 | M8: 45
D9: 44292 | E9: 9054 | F9: 1065 | G9: =E9+F9 -> 10119 | H9: =G9-G8 -> 3 | I9: 64.16 | J9: 0 | K9: 61 | L9: 46 | M9: 52
D10: 44293 | E10: 9056 | F10: 1065 | G10: =E10+F10 -> 10121 | H10: =G10-G9 -> 2 | I10: 64.16 | J10: 5 | K10: 68 | L10: 61 | M10: 41
D11: 44294 | E11: 9058 | F11: 1065 | G11: =E11+F11 -> 10123 | H11: =G11-G10 -> 2 | I11: 64.16 | J11: 14 | K11: 56 | L11: 54 | M11: 54
D12: 44295 | E12: 9061 | F12: 1065 | G12: =E12+F12 -> 10126 | H12: =G12-G11 -> 3 | I12: 64.16 | J12: 0 | K12: 65 | L12: 64 | M12: 53
D13: 44296 | E13: 9064 | F13: 1065 | G13: =E13+F13 -> 10129 | H13: =G13-G12 -> 3 | I13: 64.16 | J13: 9 | K13: 43 | L13: 49 | M13: 49
D14: 44297 | E14: 9068 | F14: 1065 | G14: =E14+F14 -> 10133 | H14: =G14-G13 -> 4 | I14: 64.16 | J14: 15 | K14: 57 | L14: 66 | M14: 50
D15: 44298 | E15: 9070 | F15: 1065 | G15: =E15+F15 -> 10135 | H15: =G15-G14 -> 2 | I15: 64.16 | J15: 10 | K15: 53 | L15: 41 | M15: 59
D16: 44299 | E16: 9073 | F16: 1065 | G16: =E16+F16 -> 10138 | H16: =G16-G15 -> 3 | I16: 64.16 | J16: 0 | K16: 66 | L16: 52 | M16: 62
... D33: 44316 | E33: 9256 | F33: 1065 | G33: =E33+F33 -> 10321 | H33: =G33-G32 -> 5 | I33: 64.16 | J33: 4 | K33: 79 | L33: 53 | M33: 59
D34: TOTAL | H34: =SUM(H4:H33) -> 217 | I34: =SUM(I4:I33) -> 1924.8 | J34: 405 | K34: 1898 | L34: 1640 | M34: 1431
D36: BİRİM FİYAT : 12.93 TL/m3 + KDV x 91,0 = 1116,6 TL + KDV

Sheet Gas
D1: NATURAL GAS CONSUMPTION , APRIL.2021
B3: OCCC | C3: WEATHER | D3: DATE | E3: Boiler Room Reading | F3: Kitchen Reading | G3: Total Reading | H3: Correct. Factor | I3: Total (cu.m.) | J3: Daily Cons. (cu.m.) | K3: Daily Target (cu.m.) | L3: 2015 | M3: 2014 | N3: 2013 | O3: 2020 | P3: 2019 | Q3: 2018 | R3: 2017
D4: 44287 | E4: 760788 | F4: 172103 | G4: =E4+F4 -> 932891 | H4: 1.287784 | I4: =H4*G4 -> 1201362.1 | J4: 0 | K4: 641.66 | L4: 288 | M4: 658 | N4: 569.85438 | O4: 486
D5: 44288 | E5: 760788 | F5: 172103 | G5: =E5+F5 -> 932891 | H5: 1.287784 | I5: =H5*G5 -> 1201362.1 | J5: =I5-I4 -> 0 | K5: 641.66 | L5: 276.87356 | M5: 618.85056 | N5: 545.41367 | O5: 490.48399
D6: 44289 | E6: 760788 | F6: 172103 | G6: =E6+F6 -> 932891 | H6: 1.287784 | I6: =H6*G6 -> 1201362.1 | J6: =I6-I5 -> 0 | K6: 641.66 | L6: 320.65822 | M6: 617.56129 | N6: 564.70897 | O6: 433.54126
D7: 44290 | E7: 760788 | F7: 172103 | G7: =E7+F7 -> 932891 | H7: 1.287784 | I7: =H7*G7 -> 1201362.1 | J7: =I7-I6 -> 0 | K7: 641.66 | L7: 146.80738 | M7: 594.35439 | N7: 591.72238 | O7: 388.2
D8: 44291 | E8: 760788 | F8: 172103 | G8: =E8+F8 -> 932891 | H8: 1.287784 | I8: =H8*G8 -> 1201362.1 | J8: =I8-I7 -> 0 | K8: 641.66 | L8: 82.418176 | M8: 560.83332 | N8: 593.00873 | O8: 188.9
D9: 44292 | E9: 760788 | F9: 172103 | G9: =E9+F9 -> 932891 | H9: 1.287784 | I9: =H9*G9 -> 1201362.1 | J9: =I9-I8 -> 0 | K9: 641.66 | L9: 72.115904 | M9: 581.46167 | N9: 559.56356 | O9: 883.9
D10: 44293 | E10: 760788 | F10: 172103 | G10: =E10+F10 -> 932891 | H10: 1.287784 | I10: =H10*G10 -> 1201362.1 | J10: =I10-I9 -> 0 | K10: 641.66 | L10: 78.554824 | M10: 568.56895 | N10: 545.8 | O10: 545.55125
D11: 44294 | E11: 760788 | F11: 172103 | G11: =E11+F11 -> 932891 | H11: 1.287784 | I11: =H11*G11 -> 1201362.1 | J11: =I11-I10 -> 0 | K11: 641.66 | L11: 75.979256 | M11: 545.36206 | N11: 572.42708 | O11: 598.1809
D12: 44295 | E12: 760788 | F12: 172103 | G12: =E12+F12 -> 932891 | H12: 1.287784 | I12: =H12*G12 -> 1201362.1 | J12: =I12-I11 -> 0 | K12: 641.66 | L12: 56.662496 | M12: 529.89079 | N12: 585.29062 | O12: 539.133
D13: 44296 | E13: 760788 | F13: 172103 | G13: =E13+F13 -> 932891 | H13: 1.287784 | I13: =H13*G13 -> 1201362.1 | J13: =I13-I12 -> 0 | K13: 641.66 | L13: 72.115904 | M13: 564.70114 | N13: 541.55461 | O13: 559.6714
D14: 44297 | E14: 760788 | F14: 172103 | G14: =E14+F14 -> 932891 | H14: 1.287784 | I14: =H14*G14 -> 1201362.1 | J14: =I14-I13 -> 0 | K14: 641.66 | L14: 159.68522 | M14: 581.46167 | N14: 586.57697 | O14: 505.7581
D15: 44298 | E15: 760788 | F15: 172121 | G15: =E15+F15 -> 932909 | H15: 1.287784 | I15: =H15*G15 -> 1201385.3 | J15: =I15-I14 -> 23.180112 | K15: 641.66 | L15: 248.54231 | M15: 572.43677 | N15: 528.69108 | O15: 526.2965
D16: 44299 | E16: 760788 | F16: 172133 | G16: =E16+F16 -> 932921 | H16: 1.287784 | I16: =H16*G16 -> 1201400.7 | J16: =I16-I15 -> 15.453408 | K16: 641.66 | L16: 167.41192 | M16: 589.1973 | N16: 472.09155 | O16: 562.2387
... D33: 44316 | E33: 760788 | F33: 172133 | G33: =E33+F33 -> 932921 | H33: 1.287784 | I33: =H33*G33 -> 1201400.7 | J33: =I33-I32 -> 0 | K33: 641.66 | L33: 51.51136 | M33: 513.83951 | N33: 465.43778 | O33: 422.32085
D34: TOTAL | J34: =SUM(J4:J33) -> 38.63352 | K34: =SUM(K4:K33) -> 19249.8 | L34: 3410.8762 | M34: 17792.947 | N34: 15720.214 | O34: 13954.059
L36: =+AVERAGE(J4:J8) -> 0 | M36: =+(L36*31) -> 0
D37: BİRİM FİYAT : 1.655 TL/m3 + KDV x 1764,5 = 2796,4 TL + KDV

Sheet Electricity
E1: ELECTRICITY CONSUMPTION , APRIL.2021 | Q1: REACTIVE / ACTIVE CONSUMPTIONS , MART.2021 | Z1: CAPACITIVE / ACTIVE CONSUMPTIONS , MART.2021 | AI1: ELECTRICITY CONSUMPTION , MART.2021
C3: Occ. Rooms | D3: Weather C | E3: DATE | F3: Meter Reading (Active) | G3: Meter Multiplier | H3: Total (kWh) | I3: Daily Consumption (kWh) | J3: Daily Target (kWh) | K3: 2020 | L3: 2019 | M3: 2018 | N3: 2017 | Q3: DATE | R3: Meter Reading (Reactive) | S3: Meter Multiplier | T3: Total Reactive (kWh) | U3: Daily Reactive Cons. (kWh) | V3: Daily Active Cons. (kWh) | W3: Reactive / Active (%) | X3: Limit (%) | Z3: DATE | AA3: Meter Reading (Reactive) | AB3: Meter Multiplier | AC3: Total Reactive (kWh) | AD3: Daily Capacitive Cons. (kWh) | AE3: Daily Active Cons. (kWh) | AF3: Capacitive / Active (%) | AG3: Limit (%) | AI3: DATE | AJ3: Meter Reading (Active) | AK3: T1 | AL3: T2 | AM3: T3 | AN3: Meter Multiplier | AO3: T1 | AQ3: T2 | AS3: T3 | AV3: Total (kWh) | AW3: Daily Consumption (kWh) | AX3: Daily Target (kWh)
C4: 1300 | D4: 3200 | E4: 44287 | F4: 4656.632 | G4: 2760 | H4: =G4*F4 -> 12852304 | I4: 1771.9 | J4: 6695.133 | N4: 4584.36 | Q4: 44256 | R4: 123.986 | S4: 2760 | T4: =S4*R4 -> 342201.36 | U4: =+(T4-[3]Feb.2021!$R$31) -> 52.44 | V4: =I4 -> 1771.9 | W4: =U4/V4 -> 0.02959535 | X4: 0.2 | Z4: 44256 | AA4: 164.654 | AB4: 2760 | AC4: =AB4*AA4 -> 454445.04 | AD4: =+(AC4-[3]Feb.2021!$AA$31) -> 49.68 | AE4: =I4 -> 1771.9 | AF4: =AD4/AE4 -> 0.0280377 | AG4: 0.15 | AI4: 44256 | AJ4: 4586.832 | AK4: 2347.685 | AL4: 1013.643 | AM4: 1225.504 | AN4: 2760 | AO4: =+(AK4*$AN$4) -> 6479610.6 | AP4: 4523.64 | AQ4: =+(AL4*$AN$4) -> 2797654.7 | AR4: 1686.36 | AS4: =+(AM4*$AN$4) -> 3382391 | AT4: 1959.6 | AU4: =+(AP4+AR4+AT4) -> 8169.6 | AV4: =AN4*AJ4 -> 12659656 | AW4: =+(I4) -> 1771.9 | AX4: =+(J4) -> 6695.133
C5: 1000 | D5: 3400 | E5: 44288 | F5: 4657.307 | G5: 2760 | H5: =G5*F5 -> 12854167 | I5: =H5-H4 -> 1863 | J5: 6695.133 | K5: 2550.24 | L5: 6102.36 | M5: 5760.12 | N5: 4730.64 | Q5: 44257 | R5: 124.027 | S5: 2760 | T5: =S5*R5 -> 342314.52 | U5: =T5-T4 -> 113.16 | V5: =I5 -> 1863 | W5: =U5/V5 -> 0.060740741 | X5: 0.2 | Z5: 44257 | AA5: 164.674 | AB5: 2760 | AC5: =AB5*AA5 -> 454500.24 | AD5: =AC5-AC4 -> 55.2 | AE5: =I5 -> 1863 | AF5: =AD5/AE5 -> 0.02962963 | AG5: 0.15 | AI5: 44257 | AJ5: 4587.477 | AK5: 2348.005 | AL5: 1013.77 | AM5: 1225.703 | AN5: 2760 | AO5: =+(AK5*$AN$4) -> 6480493.8 | AP5: =+(AO5-AO4) -> 883.2 | AQ5: =+(AL5*$AN$4) -> 2798005.2 | AR5: =+(AQ5-AQ4) -> 350.52 | AS5: =+(AM5*$AN$4) -> 3382940.3 | AT5: =+(AS5-AS4) -> 549.24 | AU5: =+(AP5+AR5+AT5) -> 1782.96 | AV5: =AN5*AJ5 -> 12661437 | AW5: =+(I5) -> 1863 | AX5: =+(J5) -> 6695.133
C6: 1000 | D6: 3200 | E6: 44289 | F6: 4657.863 | G6: 2760 | H6: =G6*F6 -> 12855702 | I6: =H6-H5 -> 1534.56 | J6: 6695.133 | K6: 2553 | L6: 5892.6 | M6: 5760.12 | N6: 4661.64 | Q6: 44258 | R6: 124.063 | S6: 2760 | T6: =S6*R6 -> 342413.88 | U6: =T6-T5 -> 99.36 | V6: =I6 -> 1534.56 | W6: =U6/V6 -> 0.064748201 | X6: 0.2 | Z6: 44258 | AA6: 164.693 | AB6: 2760 | AC6: =AB6*AA6 -> 454552.68 | AD6: =AC6-AC5 -> 52.44 | AE6: =I6 -> 1534.56 | AF6: =AD6/AE6 -> 0.034172662 | AG6: 0.15 | AI6: 44258 | AJ6: 4588.068 | AK6: 2348.324 | AL6: 1013.877 | AM6: 1225.865 | AN6: 2760 | AO6: =+(AK6*$AN$4) -> 6481374.2 | AP6: =+(AO6-AO5) -> 880.44 | AQ6: =+(AL6*$AN$4) -> 2798300.5 | AR6: =+(AQ6-AQ5) -> 295.32 | AS6: =+(AM6*$AN$4) -> 3383387.4 | AT6: =+(AS6-AS5) -> 447.12 | AU6: =+(AP6+AR6+AT6) -> 1622.88 | AV6: =AN6*AJ6 -> 12663068 | AW6: =+(I6) -> 1534.56 | AX6: =+(J6) -> 6695.133
C7: 700 | D7: 3300 | E7: 44290 | F7: 4658.333 | G7: 2760 | H7: =G7*F7 -> 12856999 | I7: =H7-H6 -> 1297.2 | J7: 6695.133 | K7: 1934.76 | L7: 6096.84 | M7: 5922.96 | N7: 4355.28 | Q7: 44259 | S7: 2760 | T7: =S7*R7 -> 0 | U7: =T7-T6 -> -342413.88 | V7: =I7 -> 1297.2 | W7: =U7/V7 -> -263.96383 | X7: 0.2 | Z7: 44259 | AB7: 2760 | AC7: =AB7*AA7 -> 0 | AD7: =AC7-AC6 -> -454552.68 | AE7: =I7 -> 1297.2 | AF7: =AD7/AE7 -> -350.41064 | AG7: 0.15 | AI7: 44259 | AN7: 2760 | AO7: =+(AK7*$AN$4) -> 0 | AP7: =+(AO7-AO6) -> -6481374.2 | AQ7: =+(AL7*$AN$4) -> 0 | AR7: =+(AQ7-AQ6) -> -2798300.5 | AS7: =+(AM7*$AN$4) -> 0 | AT7: =+(AS7-AS6) -> -3383387.4 | AU7: =+(AP7+AR7+AT7) -> -12663062 | AV7: =AN7*AJ7 -> 0 | AW7: =+(I7) -> 1297.2 | AX7: =+(J7) -> 6695.133
C8: 700 | D8: 2900 | E8: 44291 | F8: 4658.968 | G8: 2760 | H8: =G8*F8 -> 12858752 | I8: =H8-H7 -> 1752.6 | J8: 6695.133 | K8: 1854.72 | L8: 6403.2 | M8: 6254.16 | N8: 3397.56 | Q8: 44260 | S8: 2760 | T8: =S8*R8 -> 0 | U8: =T8-T7 -> 0 | V8: =I8 -> 1752.6 | W8: =U8/V8 -> 0 | X8: 0.2 | Z8: 44260 | AB8: 2760 | AC8: =AB8*AA8 -> 0 | AD8: =AC8-AC7 -> 0 | AE8: =I8 -> 1752.6 | AF8: =AD8/AE8 -> 0 | AG8: 0.15 | AI8: 44260 | AN8: 2760 | AO8: =+(AK8*$AN$4) -> 0 | AP8: =+(AO8-AO7) -> 0 | AQ8: =+(AL8*$AN$4) -> 0 | AR8: =+(AQ8-AQ7) -> 0 | AS8: =+(AM8*$AN$4) -> 0 | AT8: =+(AS8-AS7) -> 0 | AU8: =+(AP8+AR8+AT8) -> 0 | AV8: =AN8*AJ8 -> 0 | AW8: =+(I8) -> 1752.6 | AX8: =+(#REF!) -> #REF!
C9: 1500 | D9: 2600 | E9: 44292 | F9: 4659.457 | G9: 2760 | H9: =G9*F9 -> 12860101 | I9: =H9-H8 -> 1349.64 | J9: 6695.133 | K9: 1818.84 | L9: 6132.72 | M9: 5796 | N9: 4852.08 | Q9: 44261 | S9: 2760 | T9: =S9*R9 -> 0 | U9: =T9-T8 -> 0 | V9: =I9 -> 1349.64 | W9: =U9/V9 -> 0 | X9: 0.2 | Z9: 44261 | AB9: 2760 | AC9: =AB9*AA9 -> 0 | AD9: =AC9-AC8 -> 0 | AE9: =I9 -> 1349.64 | AF9: =AD9/AE9 -> 0 | AG9: 0.15 | AI9: 44261 | AN9: 2760 | AO9: =+(AK9*$AN$4) -> 0 | AP9: =+(AO9-AO8) -> 0 | AQ9: =+(AL9*$AN$4) -> 0 | AR9: =+(AQ9-AQ8) -> 0 | AS9: =+(AM9*$AN$4) -> 0 | AT9: =+(AS9-AS8) -> 0 | AU9: =+(AP9+AR9+AT9) -> 0 | AV9: =AN9*AJ9 -> 0 | AW9: =+(I9) -> 1349.64 | AX9: =+(J9) -> 6695.133
C10: 1900 | D10: 2700 | E10: 44293 | F10: 4660.032 | G10: 2760 | H10: =G10*F10 -> 12861688 | I10: =H10-H9 -> 1587 | J10: 6695.133 | K10: 1805.04 | L10: 6055.44 | M10: 6003 | N10: 4824.48 | Q10: 44262 | S10: 2760 | T10: =S10*R10 -> 0 | U10: =T10-T9 -> 0 | V10: =I10 -> 1587 | W10: =U10/V10 -> 0 | X10: 0.2 | Z10: 44262 | AB10: 2760 | AC10: =AB10*AA10 -> 0 | AD10: =AC10-AC9 -> 0 | AE10: =I10 -> 1587 | AF10: =AD10/AE10 -> 0 | AG10: 0.15 | AI10: 44262 | AN10: 2760 | AO10: =+(AK10*$AN$4) -> 0 | AP10: =+(AO10-AO9) -> 0 | AQ10: =+(AL10*$AN$4) -> 0 | AR10: =+(AQ10-AQ9) -> 0 | AS10: =+(AM10*$AN$4) -> 0 | AT10: =+(AS10-AS9) -> 0 | AU10: =+(AP10+AR10+AT10) -> 0 | AV10: =AN10*AJ10 -> 0 | AW10: =+(I10) -> 1587 | AX10: =+(J10) -> 6695.133
C11: 2200 | D11: 2700 | E11: 44294 | F11: 4660.543 | G11: 2760 | H11: =G11*F11 -> 12863099 | I11: =H11-H10 -> 1410.36 | J11: 6695.133 | K11: 1683.6 | L11: 6077.52 | M11: 6041.64 | N11: 4545.72 | Q11: 44263 | S11: 2760 | T11: =S11*R11 -> 0 | U11: =T11-T10 -> 0 | V11: =I11 -> 1410.36 | W11: =U11/V11 -> 0 | X11: 0.2 | Z11: 44263 | AB11: 2760 | AC11: =AB11*AA11 -> 0 | AD11: =AC11-AC10 -> 0 | AE11: =I11 -> 1410.36 | AF11: =AD11/AE11 -> 0 | AG11: 0.15 | AI11: 44263 | AN11: 2760 | AO11: =+(AK11*$AN$4) -> 0 | AP11: =+(AO11-AO10) -> 0 | AQ11: =+(AL11*$AN$4) -> 0 | AR11: =+(AQ11-AQ10) -> 0 | AS11: =+(AM11*$AN$4) -> 0 | AT11: =+(AS11-AS10) -> 0 | AU11: =+(AP11+AR11+AT11) -> 0 | AV11: =AN11*AJ11 -> 0 | AW11: =+(I11) -> 1410.36 | AX11: =+(J11) -> 6695.133
C12: 2600 | D12: 2700 | E12: 44295 | F12: 4661.145 | G12: 2760 | H12: =G12*F12 -> 12864760 | I12: =H12-H11 -> 1661.52 | J12: 6695.133 | K12: 1741.56 | L12: 5967.12 | M12: 5909.16 | N12: 4554 | Q12: 44264 | S12: 2760 | T12: =S12*R12 -> 0 | U12: =T12-T11 -> 0 | V12: =I12 -> 1661.52 | W12: =U12/V12 -> 0 | X12: 0.2 | Z12: 44264 | AB12: 2760 | AC12: =AB12*AA12 -> 0 | AD12: =AC12-AC11 -> 0 | AE12: =I12 -> 1661.52 | AF12: =AD12/AE12 -> 0 | AG12: 0.15 | AI12: 44264 | AN12: 2760 | AO12: =+(AK12*$AN$4) -> 0 | AP12: =+(AO12-AO11) -> 0 | AQ12: =+(AL12*$AN$4) -> 0 | AR12: =+(AQ12-AQ11) -> 0 | AS12: =+(AM12*$AN$4) -> 0 | AT12: =+(AS12-AS11) -> 0 | AU12: =+(AP12+AR12+AT12) -> 0 | AV12: =AN12*AJ12 -> 0 | AW12: =+(I12) -> 1661.52 | AX12: =+(J12) -> 6695.133
C13: 1500 | D13: 2700 | E13: 44296 | F13: 4661.722 | G13: 2760 | H13: =G13*F13 -> 12866353 | I13: =H13-H12 -> 1592.52 | J13: 6695.133 | K13: 1780.2 | L13: 6320.4 | M13: 5492.4 | N13: 4529.16 | Q13: 44265 | S13: 2760 | T13: =S13*R13 -> 0 | U13: =T13-T12 -> 0 | V13: =I13 -> 1592.52 | W13: =U13/V13 -> 0 | X13: 0.2 | Z13: 44265 | AB13: 2760 | AC13: =AB13*AA13 -> 0 | AD13: =AC13-AC12 -> 0 | AE13: =I13 -> 1592.52 | AF13: =AD13/AE13 -> 0 | AG13: 0.15 | AI13: 44265 | AN13: 2760 | AO13: =+(AK13*$AN$4) -> 0 | AP13: =+(AO13-AO12) -> 0 | AQ13: =+(AL13*$AN$4) -> 0 | AR13: =+(AQ13-AQ12) -> 0 | AS13: =+(AM13*$AN$4) -> 0 | AT13: =+(AS13-AS12) -> 0 | AU13: =+(AP13+AR13+AT13) -> 0 | AV13: =AN13*AJ13 -> 0 | AW13: =+(I13) -> 1592.52 | AX13: =+(J13) -> 6695.133
C14: 1800 | D14: 2700 | E14: 44297 | F14: 4662.267 | G14: 2760 | H14: =G14*F14 -> 12867857 | I14: =H14-H13 -> 1504.2 | J14: 6695.133 | K14: 2086.56 | L14: 6342.48 | M14: 5950.56 | N14: 4805.16 | Q14: 44266 | S14: 2760 | T14: =S14*R14 -> 0 | U14: =T14-T13 -> 0 | V14: =I14 -> 1504.2 | W14: =U14/V14 -> 0 | X14: 0.2 | Z14: 44266 | AB14: 2760 | AC14: =AB14*AA14 -> 0 | AD14: =AC14-AC13 -> 0 | AE14: =I14 -> 1504.2 | AF14: =AD14/AE14 -> 0 | AG14: 0.15 | AI14: 44266 | AN14: 2760 | AO14: =+(AK14*$AN$4) -> 0 | AP14: =+(AO14-AO13) -> 0 | AQ14: =+(AL14*$AN$4) -> 0 | AR14: =+(AQ14-AQ13) -> 0 | AS14: =+(AM14*$AN$4) -> 0 | AT14: =+(AS14-AS13) -> 0 | AU14: =+(AP14+AR14+AT14) -> 0 | AV14: =AN14*AJ14 -> 0 | AW14: =+(I14) -> 1504.2 | AX14: =+(J14) -> 6695.133
C15: 1400 | D15: 2800 | E15: 44298 | F15: 4662.722 | G15: 2760 | H15: =G15*F15 -> 12869113 | I15: =H15-H14 -> 1255.8 | J15: 6695.133 | K15: 1749.84 | L15: 6411.48 | M15: 5760.12 | N15: 5856.72 | Q15: 44267 | S15: 2760 | T15: =S15*R15 -> 0 | U15: =T15-T14 -> 0 | V15: =I15 -> 1255.8 | W15: =U15/V15 -> 0 | X15: 0.2 | Z15: 44267 | AB15: 2760 | AC15: =AB15*AA15 -> 0 | AD15: =AC15-AC14 -> 0 | AE15: =I15 -> 1255.8 | AF15: =AD15/AE15 -> 0 | AG15: 0.15 | AI15: 44267 | AN15: 2760 | AO15: =+(AK15*$AN$4) -> 0 | AP15: =+(AO15-AO14) -> 0 | AQ15: =+(AL15*$AN$4) -> 0 | AR15: =+(AQ15-AQ14) -> 0 | AS15: =+(AM15*$AN$4) -> 0 | AT15: =+(AS15-AS14) -> 0 | AU15: =+(AP15+AR15+AT15) -> 0 | AV15: =AN15*AJ15 -> 0 | AW15: =+(I15) -> 1255.8 | AX15: =+(J15) -> 6695.133
C16: 1600 | D16: 2900 | E16: 44299 | F16: 4663.254 | G16: 2760 | H16: =G16*F16 -> 12870581 | I16: =H16-H15 -> 1468.32 | J16: 6695.133 | K16: 1818.84 | L16: 6303.84 | M16: 6138.24 | N16: 5037 | Q16: 44268 | S16: 2760 | T16: =S16*R16 -> 0 | U16: =T16-T15 -> 0 | V16: =I16 -> 1468.32 | W16: =U16/V16 -> 0 | X16: 0.2 | Z16: 44268 | AB16: 2760 | AC16: =AB16*AA16 -> 0 | AD16: =AC16-AC15 -> 0 | AE16: =I16 -> 1468.32 | AF16: =AD16/AE16 -> 0 | AG16: 0.15 | AI16: 44268 | AN16: 2760 | AO16: =+(AK16*$AN$4) -> 0 | AP16: =+(AO16-AO15) -> 0 | AQ16: =+(AL16*$AN$4) -> 0 | AR16: =+(AQ16-AQ15) -> 0 | AS16: =+(AM16*$AN$4) -> 0 | AT16: =+(AS16-AS15) -> 0 | AU16: =+(AP16+AR16+AT16) -> 0 | AV16: =AN16*AJ16 -> 0 | AW16: =+(I16) -> 1468.32 | AX16: =+(J16) -> 6695.133
C17: 1700 | D17: 3000 | E17: 44300 | F17: 4663.778 | G17: 2760 | H17: =G17*F17 -> 12872027 | I17: =H17-H16 -> 1446.24 | J17: 6695.133 | K17: 1777.44 | L17: 6350.76 | M17: 6085.8 | N17: 4995.6 | Q17: 44269 | S17: 2760 | T17: =S17*R17 -> 0 | U17: =T17-T16 -> 0 | V17: =I17 -> 1446.24 | W17: =U17/V17 -> 0 | X17: 0.2 | Z17: 44269 | AB17: 2760 | AC17: =AB17*AA17 -> 0 | AD17: =AC17-AC16 -> 0 | AE17: =I17 -> 1446.24 | AF17: =AD17/AE17 -> 0 | AG17: 0.15 | AI17: 44269 | AN17: 2760 | AO17: =+(AK17*$AN$4) -> 0 | AP17: =+(AO17-AO16) -> 0 | AQ17: =+(AL17*$AN$4) -> 0 | AR17: =+(AQ17-AQ16) -> 0 | AS17: =+(AM17*$AN$4) -> 0 | AT17: =+(AS17-AS16) -> 0 | AU17: =+(AP17+AR17+AT17) -> 0 | AV17: =AN17*AJ17 -> 0 | AW17: =+(I17) -> 1446.24 | AX17: =+(J17) -> 6695.133
C18: 1100 | D18: 3000 | E18: 44301 | F18: 4664.295 | G18: 2760 | H18: =G18*F18 -> 12873454 | I18: =H18-H17 -> 1426.92 | J18: 6695.133 | K18: 1711.2 | L18: 6096.84 | M18: 6568.8 | N18: 4915.56 | Q18: 44270 | S18: 2760 | T18: =S18*R18 -> 0 | U18: =T18-T17 -> 0 | V18: =I18 -> 1426.92 | W18: =U18/V18 -> 0 | X18: 0.2 | Z18: 44270 | AB18: 2760 | AC18: =AB18*AA18 -> 0 | AD18: =AC18-AC17 -> 0 | AE18: =I18 -> 1426.92 | AF18: =AD18/AE18 -> 0 | AG18: 0.15 | AI18: 44270 | AN18: 2760 | AO18: =+(AK18*$AN$4) -> 0 | AP18: =+(AO18-AO17) -> 0 | AQ18: =+(AL18*$AN$4) -> 0 | AR18: =+(AQ18-AQ17) -> 0 | AS18: =+(AM18*$AN$4) -> 0 | AT18: =+(AS18-AS17) -> 0 | AU18: =+(AP18+AR18+AT18) -> 0 | AV18: =AN18*AJ18 -> 0 | AW18: =+(I18) -> 1426.92 | AX18: =+(J18) -> 6695.133
C19: 500 | D19: 3500 | E19: 44302 | F19: 4664.873 | G19: 2760 | H19: =G19*F19 -> 12875049 | I19: =H19-H18 -> 1595.28 | J19: 6695.133 | K19: 1857.48 | L19: 6025.08 | M19: 5848.44 | N19: 4308.36 | Q19: 44271 | S19: 2760 | T19: =S19*R19 -> 0 | U19: =T19-T18 -> 0 | V19: =I19 -> 1595.28 | W19: =U19/V19 -> 0 | X19: 0.2 | Z19: 44271 | AB19: 2760 | AC19: =AB19*AA19 -> 0 | AD19: =AC19-AC18 -> 0 | AE19: =I19 -> 1595.28 | AF19: =AD19/AE19 -> 0 | AG19: 0.15 | AI19: 44271 | AN19: 2760 | AO19: =+(AK19*$AN$4) -> 0 | AP19: =+(AO19-AO18) -> 0 | AQ19: =+(AL19*$AN$4) -> 0 | AR19: =+(AQ19-AQ18) -> 0 | AS19: =+(AM19*$AN$4) -> 0 | AT19: =+(AS19-AS18) -> 0 | AU19: =+(AP19+AR19+AT19) -> 0 | AV19: =AN19*AJ19 -> 0 | AW19: =+(I19) -> 1595.28 | AX19: =+(J19) -> 6695.133
C20: 500 | D20: 2700 | E20: 44303 | F20: 4665.436 | G20: 2760 | H20: =G20*F20 -> 12876603 | I20: =H20-H19 -> 1553.88 | J20: 6695.133 | K20: 1471.08 | L20: 6041.64 | M20: 5566.92 | N20: 4992.84 | Q20: 44272 | S20: 2760 | T20: =S20*R20 -> 0 | U20: =T20-T19 -> 0 | V20: =I20 -> 1553.88 | W20: =U20/V20 -> 0 | X20: 0.2 | Z20: 44272 | AB20: 2760 | AC20: =AB20*AA20 -> 0 | AD20: =AC20-AC19 -> 0 | AE20: =I20 -> 1553.88 | AF20: =AD20/AE20 -> 0 | AG20: 0.15 | AI20: 44272 | AN20: 2760 | AO20: =+(AK20*$AN$4) -> 0 | AP20: =+(AO20-AO19) -> 0 | AQ20: =+(AL20*$AN$4) -> 0 | AR20: =+(AQ20-AQ19) -> 0 | AS20: =+(AM20*$AN$4) -> 0 | AT20: =+(AS20-AS19) -> 0 | AU20: =+(AP20+AR20+AT20) -> 0 | AV20: =AN20*AJ20 -> 0 | AW20: =+(I20) -> 1553.88 | AX20: =+(J20) -> 6695.133
... C33: 900 | D33: 3000 | E33: 44316 | F33: 4672.004 | G33: 2760 | H33: =G33*F33 -> 12894731 | I33: =H33-H32 -> 1253.04 | J33: 6695.133 | K33: 1600.8 | L33: 6941.4 | M33: 7145.64 | N33: 6441.84 | Q33: 44285 | S33: 2760 | T33: =S33*R33 -> 0 | U33: =T33-T32 -> 0 | V33: =I33 -> 1253.04 | W33: =U33/V33 -> 0 | X33: 0.2 | Z33: 44285 | AB33: 2760 | AC33: =AB33*AA33 -> 0 | AD33: =AC33-AC32 -> 0 | AE33: =I33 -> 1253.04 | AF33: =AD33/AE33 -> 0 | AG33: 0.15 | AI33: 44285 | AN33: 2760 | AO33: =+(AK33*$AN$4) -> 0 | AP33: =+(AO33-AO32) -> 0 | AQ33: =+(AL33*$AN$4) -> 0 | AR33: =+(AQ33-AQ32) -> 0 | AS33: =+(AM33*$AN$4) -> 0 | AT33: =+(AS33-AS32) -> 0 | AU33: =+(AP33+AR33+AT33) -> 0 | AV33: =AN33*AJ33 -> 0 | AW33: =+(I33) -> 1253.04 | AX33: =+(J33) -> 6695.133
K34: 1661.52 | L34: 7153.92 | M34: 6847.56 | N34: 5914.68 | Z34: 44286 | AB34: 2760 | AC34: =AB34*AA34 -> 0 | AD34: =AC34-AC33 -> 0 | AE34: =I34 -> 0 | AF34: =AD34/AE34 -> #DIV/0! | AG34: 0.15 | AI34: 44286 | AN34: 2760 | AO34: =+(AK34*$AN$4) -> 0 | AP34: =+(AO34-AO33) -> 0 | AQ34: =+(AL34*$AN$4) -> 0 | AR34: =+(AQ34-AQ33) -> 0 | AS34: =+(AM34*$AN$4) -> 0 | AT34: =+(AS34-AS33) -> 0 | AU34: =+(AP34+AR34+AT34) -> 0 | AV34: =AN34*AJ34 -> 0 | AW34: =+(I34) -> 0 | AX34: =+(J34) -> 0
E35: TOTAL | I35: =SUM(I4:I34) -> 44198.62 | J35: =SUM(J5:J34) -> 194158.86 | K35: 53844.84 | L35: 190854 | M35: 183625.56 | N35: 150480.72 | Q35: TOTAL | V35: =I35 -> 44198.62 | W35: =U35/V35 -> 0 | X35: 0.2 | AB35: 2760 | AC35: =AB35*AA35 -> 0 | AD35: =AC35-AC34 -> 0 | AE35: =I35 -> 44198.62 | AF35: =AD35/AE35 -> 0 | AG35: 0.15 | AN35: 2760 | AO35: =+(AK35*$AN$4) -> 0 | AP35: =+(AO35-AO34) -> 0 | AQ35: =+(AL35*$AN$4) -> 0 | AR35: =+(AQ35-AQ34) -> 0 | AS35: =+(AM35*$AN$4) -> 0 | AT35: =+(AS35-AS34) -> 0 | AU35: =+(AP35+AR35+AT35) -> 0 | AV35: =AN35*AJ35 -> 0 | AW35: =+(I35) -> 44198.62 | AX35: =+(J35) -> 194158.86
D37: BİRİM FİYAT : 0.29 TL/m3 + KDV | E37: BİRİM FİYAT : 0.70 x 44794,8 =28668,6 TL/Kwh+KDV
