Workbook

Sheet TOTAL
A1: Site Name | B1: Day | C1: Month | D1: Year | E1: Total Electricity Kwh | F1: Electricity Tariff ($/Kwh) | G1: LPG (Kg) | H1: LPG $/Kg | I1: Water Utility Supply (m3) m3 | J1: Water Utility Supply (m3) $/m3 | K1: Irrigation Water (m3) m3 | L1: Irrigation water $/m3 | M1: Room Nights
A2: Seychelles | B2: 1 | C2: 4 | D2: 2021 | E2: ='Submetering '!O2+'Submetering '!P2+'Submetering '!Q2+'Submetering '!R2+'Submetering '!S2 -> 34194 | F2: =('FS Seychelles'!V3*'FS Seychelles'!W3)/TOTAL!E2 -> 0.23610425 | G2: ='Submetering '!AB2 -> 243.8 | H2: 18.9 | I2: ='FS Seychelles'!X3+'FS Seychelles'!Z3+'FS Seychelles'!AA3+'FS Seychelles'!AB3 -> 465 | J2: 0 | K2: ='Submetering '!Z2 -> 85 | L2: 0 | M2: ='FS Seychelles'!B3 -> 66.07
A3: Seychelles | B3: =B2+1 -> 2 | C3: 4 | D3: 2021 | E3: ='Submetering '!O3+'Submetering '!P3+'Submetering '!Q3+'Submetering '!R3+'Submetering '!S3 -> 30904 | F3: =('FS Seychelles'!V4*'FS Seychelles'!W4)/TOTAL!E3 -> 0.24033049 | G3: ='Submetering '!AB3 -> 243.8 | H3: =H2 -> 18.9 | I3: ='FS Seychelles'!X4+'FS Seychelles'!Z4+'FS Seychelles'!AA4+'FS Seychelles'!AB4 -> 470 | J3: =J2 -> 0 | K3: ='Submetering '!Z3 -> 105 | L3: =L2 -> 0 | M3: ='FS Seychelles'!B4 -> 78.84
A4: Seychelles | B4: =B3+1 -> 3 | C4: 4 | D4: 2021 | E4: ='Submetering '!O4+'Submetering '!P4+'Submetering '!Q4+'Submetering '!R4+'Submetering '!S4 -> 33629 | F4: =('FS Seychelles'!V5*'FS Seychelles'!W5)/TOTAL!E4 -> 0.23999489 | G4: ='Submetering '!AB4 -> 243.8 | H4: =H3 -> 18.9 | I4: ='FS Seychelles'!X5+'FS Seychelles'!Z5+'FS Seychelles'!AA5+'FS Seychelles'!AB5 -> 432 | J4: =J3 -> 0 | K4: ='Submetering '!Z4 -> 80 | L4: =L3 -> 0 | M4: ='FS Seychelles'!B5 -> 65.45
A5: Seychelles | B5: =B4+1 -> 4 | C5: 4 | D5: 2021 | E5: ='Submetering '!O5+'Submetering '!P5+'Submetering '!Q5+'Submetering '!R5+'Submetering '!S5 -> 34281 | F5: =('FS Seychelles'!V6*'FS Seychelles'!W6)/TOTAL!E5 -> 0.23396125 | G5: ='Submetering '!AB5 -> 243.8 | H5: =H4 -> 18.9 | I5: ='FS Seychelles'!X6+'FS Seychelles'!Z6+'FS Seychelles'!AA6+'FS Seychelles'!AB6 -> 364 | J5: =J4 -> 0 | K5: ='Submetering '!Z5 -> 3 | L5: =L4 -> 0 | M5: ='FS Seychelles'!B6 -> 50
A6: Seychelles | B6: =B5+1 -> 5 | C6: 4 | D6: 2021 | E6: ='Submetering '!O6+'Submetering '!P6+'Submetering '!Q6+'Submetering '!R6+'Submetering '!S6 -> 33117 | F6: =('FS Seychelles'!V7*'FS Seychelles'!W7)/TOTAL!E6 -> 0.24084423 | G6: ='Submetering '!AB6 -> 243.8 | H6: =H5 -> 18.9 | I6: ='FS Seychelles'!X7+'FS Seychelles'!Z7+'FS Seychelles'!AA7+'FS Seychelles'!AB7 -> 431 | J6: =J5 -> 0 | K6: ='Submetering '!Z6 -> 18 | L6: =L5 -> 0 | M6: ='FS Seychelles'!B7 -> 47.37
A7: Seychelles | B7: =B6+1 -> 6 | C7: 4 | D7: 2021 | E7: ='Submetering '!O7+'Submetering '!P7+'Submetering '!Q7+'Submetering '!R7+'Submetering '!S7 -> 29861 | F7: =('FS Seychelles'!V8*'FS Seychelles'!W8)/TOTAL!E7 -> 0.24157843 | G7: ='Submetering '!AB7 -> 243.8 | H7: =H6 -> 18.9 | I7: ='FS Seychelles'!X8+'FS Seychelles'!Z8+'FS Seychelles'!AA8+'FS Seychelles'!AB8 -> 338 | J7: =J6 -> 0 | K7: ='Submetering '!Z7 -> 87 | L7: =L6 -> 0 | M7: ='FS Seychelles'!B8 -> 52.63
A8: Seychelles | B8: =B7+1 -> 7 | C8: 4 | D8: 2021 | E8: ='Submetering '!O8+'Submetering '!P8+'Submetering '!Q8+'Submetering '!R8+'Submetering '!S8 -> 33358 | F8: =('FS Seychelles'!V9*'FS Seychelles'!W9)/TOTAL!E8 -> 0.23145308 | G8: ='Submetering '!AB8 -> 243.8 | H8: =H7 -> 18.9 | I8: ='FS Seychelles'!X9+'FS Seychelles'!Z9+'FS Seychelles'!AA9+'FS Seychelles'!AB9 -> 342 | J8: =J7 -> 0 | K8: ='Submetering '!Z8 -> 0 | L8: =L7 -> 0 | M8: ='FS Seychelles'!B9 -> 57.69
A9: Seychelles | B9: =B8+1 -> 8 | C9: 4 | D9: 2021 | E9: ='Submetering '!O9+'Submetering '!P9+'Submetering '!Q9+'Submetering '!R9+'Submetering '!S9 -> 32636 | F9: =('FS Seychelles'!V10*'FS Seychelles'!W10)/TOTAL!E9 -> 0.23581498 | G9: ='Submetering '!AB9 -> 243.8 | H9: =H8 -> 18.9 | I9: ='FS Seychelles'!X10+'FS Seychelles'!Z10+'FS Seychelles'!AA10+'FS Seychelles'!AB10 -> 346 | J9: =J8 -> 0 | K9: ='Submetering '!Z9 -> 0 | L9: =L8 -> 0 | M9: ='FS Seychelles'!B10 -> 51.9
A10: Seychelles | B10: =B9+1 -> 9 | C10: 4 | D10: 2021 | E10: ='Submetering '!O10+'Submetering '!P10+'Submetering '!Q10+'Submetering '!R10+'Submetering '!S10 -> 32817 | F10: =('FS Seychelles'!V11*'FS Seychelles'!W11)/TOTAL!E10 -> 0.2465314 | G10: ='Submetering '!AB10 -> 243.8 | H10: =H9 -> 18.9 | I10: ='FS Seychelles'!X11+'FS Seychelles'!Z11+'FS Seychelles'!AA11+'FS Seychelles'!AB11 -> 327 | J10: =J9 -> 0 | K10: ='Submetering '!Z10 -> 0 | L10: =L9 -> 0 | M10: ='FS Seychelles'!B11 -> 48.75
A11: Seychelles | B11: =B10+1 -> 10 | C11: 4 | D11: 2021 | E11: ='Submetering '!O11+'Submetering '!P11+'Submetering '!Q11+'Submetering '!R11+'Submetering '!S11 -> 32930 | F11: =('FS Seychelles'!V12*'FS Seychelles'!W12)/TOTAL!E11 -> 0.2375201 | G11: ='Submetering '!AB11 -> 243.8 | H11: =H10 -> 18.9 | I11: ='FS Seychelles'!X12+'FS Seychelles'!Z12+'FS Seychelles'!AA12+'FS Seychelles'!AB12 -> 380 | J11: =J10 -> 0 | K11: ='Submetering '!Z11 -> 70 | L11: =L10 -> 0 | M11: ='FS Seychelles'!B12 -> 41.98
A12: Seychelles | B12: =B11+1 -> 11 | C12: 4 | D12: 2021 | E12: ='Submetering '!O12+'Submetering '!P12+'Submetering '!Q12+'Submetering '!R12+'Submetering '!S12 -> 32752 | F12: =('FS Seychelles'!V13*'FS Seychelles'!W13)/TOTAL!E12 -> 0.24571754 | G12: ='Submetering '!AB12 -> 243.8 | H12: =H11 -> 18.9 | I12: ='FS Seychelles'!X13+'FS Seychelles'!Z13+'FS Seychelles'!AA13+'FS Seychelles'!AB13 -> 398 | J12: =J11 -> 0 | K12: ='Submetering '!Z12 -> 42 | L12: =L11 -> 0 | M12: ='FS Seychelles'!B13 -> 42.68
A13: Seychelles | B13: =B12+1 -> 12 | C13: 4 | D13: 2021 | E13: ='Submetering '!O13+'Submetering '!P13+'Submetering '!Q13+'Submetering '!R13+'Submetering '!S13 -> 30989 | F13: =('FS Seychelles'!V14*'FS Seychelles'!W14)/TOTAL!E13 -> 0.23706799 | G13: ='Submetering '!AB13 -> 243.8 | H13: =H12 -> 18.9 | I13: ='FS Seychelles'!X14+'FS Seychelles'!Z14+'FS Seychelles'!AA14+'FS Seychelles'!AB14 -> 330 | J13: =J12 -> 0 | K13: ='Submetering '!Z13 -> 0 | L13: =L12 -> 0 | M13: ='FS Seychelles'!B14 -> 32.89
A14: Seychelles | B14: =B13+1 -> 13 | C14: 4 | D14: 2021 | E14: ='Submetering '!O14+'Submetering '!P14+'Submetering '!Q14+'Submetering '!R14+'Submetering '!S14 -> 28189 | F14: =('FS Seychelles'!V15*'FS Seychelles'!W15)/TOTAL!E14 -> 0.23068225 | G14: ='Submetering '!AB14 -> 243.8 | H14: =H13 -> 18.9 | I14: ='FS Seychelles'!X15+'FS Seychelles'!Z15+'FS Seychelles'!AA15+'FS Seychelles'!AB15 -> 338 | J14: =J13 -> 0 | K14: ='Submetering '!Z14 -> 43 | L14: =L13 -> 0 | M14: ='FS Seychelles'!B15 -> 22.36
... A32: Seychelles | B32: =B31+1 -> 31 | C32: 4 | D32: 2021 | E32: ='Submetering '!O32+'Submetering '!P32+'Submetering '!Q32+'Submetering '!R32+'Submetering '!S32 -> 0 | F32: =('FS Seychelles'!V33*'FS Seychelles'!W33)/TOTAL!E32 -> #DIV/0! | G32: ='Submetering '!AB32 -> 243.8 | H32: =H31 -> 18.9 | I32: ='FS Seychelles'!X33+'FS Seychelles'!Z33+'FS Seychelles'!AA33+'FS Seychelles'!AB33 -> 0 | J32: =J31 -> 0 | K32: ='Submetering '!Z32 -> 0 | L32: =L31 -> 0 | M32: ='FS Seychelles'!B33 -> 0

Sheet Submetering 
A1: Site Name | B1: Day | C1: Month | D1: Year | E1: Room Night | F1: SS-A - KWh | G1: SS-B- KWh | H1: SS-C- KWh | I1: SS-D1- KWh | J1: SS-D2- KWh | K1: SS-E- KWh | L1: FIRE PUMP- KWh | M1: CASINO- KWh | N1: BOH- KWh | O1: Generator#1 - KWh | P1: Generator#2- KWh | Q1: Generator#3- KWh | R1: Generator#4- KWh | S1: Generator#5- KWh | T1: DIESEL - Liter | U1: BOH Water- m3 | V1: E-Resort- m3 | W1: North RVs- m3 | X1: WT59- m3 | Y1: WT08- m3 | Z1: PUC (HOH)- m3 | AA1: PUC (Resort) - m3 | AB1: LPG (Kg)
A2: Seychelles | B2: 1 | C2: 4 | D2: 2021 | E2: ='FS Seychelles'!B3 -> 66.07 | F2: ='FS Seychelles'!C3*1000 -> 5921.792 | G2: ='FS Seychelles'!D3*1000 -> 5921.792 | H2: ='FS Seychelles'!E3*1000 -> 5470.72 | I2: ='FS Seychelles'!F3*1000 -> 1987.328 | J2: ='FS Seychelles'!G3*1000 -> 3916.8 | K2: ='FS Seychelles'!H3*1000 -> 3279.872 | L2: ='FS Seychelles'!I3*1000 -> 1460.608 | M2: ='FS Seychelles'!J3*1000 -> 1697.536 | N2: ='FS Seychelles'!K3*1000 -> 4147.2 | O2: ='FS Seychelles'!L3 -> 3315 | P2: ='FS Seychelles'!M3 -> 13527 | Q2: ='FS Seychelles'!N3 -> 7070 | R2: ='FS Seychelles'!O3 -> 10282 | S2: ='FS Seychelles'!P3 -> 0 | T2: ='FS Seychelles'!V3 -> 9458 | U2: ='FS Seychelles'!X3 -> 47 | V2: ='FS Seychelles'!Y3 -> 16 | W2: ='FS Seychelles'!Z3 -> 106 | X2: ='FS Seychelles'!AA3 -> 117 | Y2: ='FS Seychelles'!AB3 -> 195 | Z2: ='FS Seychelles'!AC3 -> 85 | AA2: ='FS Seychelles'!AD3 -> 0 | AB2: =('FS Seychelles'!$AG$10+'FS Seychelles'!$AG$15)/30 -> 243.8
A3: Seychelles | B3: =B2+1 -> 2 | C3: 4 | D3: 2021 | E3: ='FS Seychelles'!B4 -> 78.84 | F3: ='FS Seychelles'!C4*1000 -> 5106.176 | G3: ='FS Seychelles'!D4*1000 -> 5106.176 | H3: ='FS Seychelles'!E4*1000 -> 5318.144 | I3: ='FS Seychelles'!F4*1000 -> 1844.48 | J3: ='FS Seychelles'!G4*1000 -> 3202.816 | K3: ='FS Seychelles'!H4*1000 -> 2833.92 | L3: ='FS Seychelles'!I4*1000 -> 1486.72 | M3: ='FS Seychelles'!J4*1000 -> 1712.384 | N3: ='FS Seychelles'!K4*1000 -> 4149.248 | O3: ='FS Seychelles'!L4 -> 7699 | P3: ='FS Seychelles'!M4 -> 583 | Q3: ='FS Seychelles'!N4 -> 11873 | R3: ='FS Seychelles'!O4 -> 10749 | S3: ='FS Seychelles'!P4 -> 0 | T3: ='FS Seychelles'!V4 -> 8701 | U3: ='FS Seychelles'!X4 -> 67 | V3: ='FS Seychelles'!Y4 -> 26 | W3: ='FS Seychelles'!Z4 -> 94 | X3: ='FS Seychelles'!AA4 -> 115 | Y3: ='FS Seychelles'!AB4 -> 194 | Z3: ='FS Seychelles'!AC4 -> 105 | AA3: ='FS Seychelles'!AD4 -> 0 | AB3: =('FS Seychelles'!$AG$10+'FS Seychelles'!$AG$15)/30 -> 243.8
A4: Seychelles | B4: =B3+1 -> 3 | C4: 4 | D4: 2021 | E4: ='FS Seychelles'!B5 -> 65.45 | F4: ='FS Seychelles'!C5*1000 -> 5678.592 | G4: ='FS Seychelles'!D5*1000 -> 5678.592 | H4: ='FS Seychelles'!E5*1000 -> 5789.184 | I4: ='FS Seychelles'!F5*1000 -> 2212.608 | J4: ='FS Seychelles'!G5*1000 -> 3600.896 | K4: ='FS Seychelles'!H5*1000 -> 3117.312 | L4: ='FS Seychelles'!I5*1000 -> 1448.704 | M4: ='FS Seychelles'!J5*1000 -> 1574.656 | N4: ='FS Seychelles'!K5*1000 -> 4025.344 | O4: ='FS Seychelles'!L5 -> 4563 | P4: ='FS Seychelles'!M5 -> 8674 | Q4: ='FS Seychelles'!N5 -> 9742 | R4: ='FS Seychelles'!O5 -> 10650 | S4: ='FS Seychelles'!P5 -> 0 | T4: ='FS Seychelles'!V5 -> 9455 | U4: ='FS Seychelles'!X5 -> 26 | V4: ='FS Seychelles'!Y5 -> 57 | W4: ='FS Seychelles'!Z5 -> 107 | X4: ='FS Seychelles'!AA5 -> 111 | Y4: ='FS Seychelles'!AB5 -> 188 | Z4: ='FS Seychelles'!AC5 -> 80 | AA4: ='FS Seychelles'!AD5 -> 0 | AB4: =('FS Seychelles'!$AG$10+'FS Seychelles'!$AG$15)/30 -> 243.8
A5: Seychelles | B5: =B4+1 -> 4 | C5: 4 | D5: 2021 | E5: ='FS Seychelles'!B6 -> 50 | F5: ='FS Seychelles'!C6*1000 -> 6061.568 | G5: ='FS Seychelles'!D6*1000 -> 6061.568 | H5: ='FS Seychelles'!E6*1000 -> 5786.624 | I5: ='FS Seychelles'!F6*1000 -> 2350.336 | J5: ='FS Seychelles'!G6*1000 -> 3847.68 | K5: ='FS Seychelles'!H6*1000 -> 3193.344 | L5: ='FS Seychelles'!I6*1000 -> 1301.376 | M5: ='FS Seychelles'!J6*1000 -> 1592.32 | N5: ='FS Seychelles'!K6*1000 -> 3892.224 | O5: ='FS Seychelles'!L6 -> 3942 | P5: ='FS Seychelles'!M6 -> 11015 | Q5: ='FS Seychelles'!N6 -> 8272 | R5: ='FS Seychelles'!O6 -> 11052 | S5: ='FS Seychelles'!P6 -> 0 | T5: ='FS Seychelles'!V6 -> 9396 | U5: ='FS Seychelles'!X6 -> 48 | V5: ='FS Seychelles'!Y6 -> 63 | W5: ='FS Seychelles'!Z6 -> 74 | X5: ='FS Seychelles'!AA6 -> 38 | Y5: ='FS Seychelles'!AB6 -> 204 | Z5: ='FS Seychelles'!AC6 -> 3 | AA5: ='FS Seychelles'!AD6 -> 0 | AB5: =('FS Seychelles'!$AG$10+'FS Seychelles'!$AG$15)/30 -> 243.8
A6: Seychelles | B6: =B5+1 -> 5 | C6: 4 | D6: 2021 | E6: ='FS Seychelles'!B7 -> 47.37 | F6: ='FS Seychelles'!C7*1000 -> 5733.376 | G6: ='FS Seychelles'!D7*1000 -> 5733.376 | H6: ='FS Seychelles'!E7*1000 -> 5962.24 | I6: ='FS Seychelles'!F7*1000 -> 2403.328 | J6: ='FS Seychelles'!G7*1000 -> 3860.992 | K6: ='FS Seychelles'!H7*1000 -> 3065.088 | L6: ='FS Seychelles'!I7*1000 -> 621.824 | M6: ='FS Seychelles'!J7*1000 -> 1627.392 | N6: ='FS Seychelles'!K7*1000 -> 3109.376 | O6: ='FS Seychelles'!L7 -> 8495 | P6: ='FS Seychelles'!M7 -> 9835 | Q6: ='FS Seychelles'!N7 -> 6810 | R6: ='FS Seychelles'!O7 -> 7977 | S6: ='FS Seychelles'!P7 -> 0 | T6: ='FS Seychelles'!V7 -> 9344 | U6: ='FS Seychelles'!X7 -> 52 | V6: ='FS Seychelles'!Y7 -> 18 | W6: ='FS Seychelles'!Z7 -> 85 | X6: ='FS Seychelles'!AA7 -> 47 | Y6: ='FS Seychelles'!AB7 -> 247 | Z6: ='FS Seychelles'!AC7 -> 18 | AA6: ='FS Seychelles'!AD7 -> 0 | AB6: =('FS Seychelles'!$AG$10+'FS Seychelles'!$AG$15)/30 -> 243.8
A7: Seychelles | B7: =B6+1 -> 6 | C7: 4 | D7: 2021 | E7: ='FS Seychelles'!B8 -> 52.63 | F7: ='FS Seychelles'!C8*1000 -> 4737.536 | G7: ='FS Seychelles'!D8*1000 -> 4737.536 | H7: ='FS Seychelles'!E8*1000 -> 5299.712 | I7: ='FS Seychelles'!F8*1000 -> 1946.368 | J7: ='FS Seychelles'!G8*1000 -> 3403.776 | K7: ='FS Seychelles'!H8*1000 -> 2541.824 | L7: ='FS Seychelles'!I8*1000 -> 1310.08 | M7: ='FS Seychelles'!J8*1000 -> 1704.704 | N7: ='FS Seychelles'!K8*1000 -> 3814.4 | O7: ='FS Seychelles'!L8 -> 2215 | P7: ='FS Seychelles'!M8 -> 11318 | Q7: ='FS Seychelles'!N8 -> 3546 | R7: ='FS Seychelles'!O8 -> 12782 | S7: ='FS Seychelles'!P8 -> 0 | T7: ='FS Seychelles'!V8 -> 8451 | U7: ='FS Seychelles'!X8 -> 45 | V7: ='FS Seychelles'!Y8 -> 15 | W7: ='FS Seychelles'!Z8 -> 64 | X7: ='FS Seychelles'!AA8 -> 26 | Y7: ='FS Seychelles'!AB8 -> 203 | Z7: ='FS Seychelles'!AC8 -> 87 | AA7: ='FS Seychelles'!AD8 -> 0 | AB7: =('FS Seychelles'!$AG$10+'FS Seychelles'!$AG$15)/30 -> 243.8
A8: Seychelles | B8: =B7+1 -> 7 | C8: 4 | D8: 2021 | E8: ='FS Seychelles'!B9 -> 57.69 | F8: ='FS Seychelles'!C9*1000 -> 5410.816 | G8: ='FS Seychelles'!D9*1000 -> 5410.816 | H8: ='FS Seychelles'!E9*1000 -> 5563.392 | I8: ='FS Seychelles'!F9*1000 -> 2138.112 | J8: ='FS Seychelles'!G9*1000 -> 3905.792 | K8: ='FS Seychelles'!H9*1000 -> 2871.808 | L8: ='FS Seychelles'!I9*1000 -> 1492.608 | M8: ='FS Seychelles'!J9*1000 -> 1711.872 | N8: ='FS Seychelles'!K9*1000 -> 4050.432 | O8: ='FS Seychelles'!L9 -> 4839 | P8: ='FS Seychelles'!M9 -> 11828 | Q8: ='FS Seychelles'!N9 -> 4904 | R8: ='FS Seychelles'!O9 -> 11787 | S8: ='FS Seychelles'!P9 -> 0 | T8: ='FS Seychelles'!V9 -> 9045 | U8: ='FS Seychelles'!X9 -> 51 | V8: ='FS Seychelles'!Y9 -> 15 | W8: ='FS Seychelles'!Z9 -> 68 | X8: ='FS Seychelles'!AA9 -> 49 | Y8: ='FS Seychelles'!AB9 -> 174 | Z8: ='FS Seychelles'!AC9 -> 0 | AA8: ='FS Seychelles'!AD9 -> 0 | AB8: =('FS Seychelles'!$AG$10+'FS Seychelles'!$AG$15)/30 -> 243.8
A9: Seychelles | B9: =B8+1 -> 8 | C9: 4 | D9: 2021 | E9: ='FS Seychelles'!B10 -> 51.9 | F9: ='FS Seychelles'!C10*1000 -> 5454.848 | G9: ='FS Seychelles'!D10*1000 -> 5454.848 | H9: ='FS Seychelles'!E10*1000 -> 5557.76 | I9: ='FS Seychelles'!F10*1000 -> 2360.832 | J9: ='FS Seychelles'!G10*1000 -> 3735.296 | K9: ='FS Seychelles'!H10*1000 -> 2872.32 | L9: ='FS Seychelles'!I10*1000 -> 1497.472 | M9: ='FS Seychelles'!J10*1000 -> 1673.472 | N9: ='FS Seychelles'!K10*1000 -> 4049.92 | O9: ='FS Seychelles'!L10 -> 5310 | P9: ='FS Seychelles'!M10 -> 10711 | Q9: ='FS Seychelles'!N10 -> 5831 | R9: ='FS Seychelles'!O10 -> 10784 | S9: ='FS Seychelles'!P10 -> 0 | T9: ='FS Seychelles'!V10 -> 9016 | U9: ='FS Seychelles'!X10 -> 47 | V9: ='FS Seychelles'!Y10 -> 37 | W9: ='FS Seychelles'!Z10 -> 46 | X9: ='FS Seychelles'!AA10 -> 50 | Y9: ='FS Seychelles'!AB10 -> 203 | Z9: ='FS Seychelles'!AC10 -> 0 | AA9: ='FS Seychelles'!AD10 -> 0 | AB9: =('FS Seychelles'!$AG$10+'FS Seychelles'!$AG$15)/30 -> 243.8
A10: Seychelles | B10: =B9+1 -> 9 | C10: 4 | D10: 2021 | E10: ='FS Seychelles'!B11 -> 48.75 | F10: ='FS Seychelles'!C11*1000 -> 5682.176 | G10: ='FS Seychelles'!D11*1000 -> 5682.176 | H10: ='FS Seychelles'!E11*1000 -> 5542.912 | I10: ='FS Seychelles'!F11*1000 -> 2049.28 | J10: ='FS Seychelles'!G11*1000 -> 3239.424 | K10: ='FS Seychelles'!H11*1000 -> 2935.04 | L10: ='FS Seychelles'!I11*1000 -> 1462.4 | M10: ='FS Seychelles'!J11*1000 -> 1728.256 | N10: ='FS Seychelles'!K11*1000 -> 4036.608 | O10: ='FS Seychelles'!L11 -> 7169 | P10: ='FS Seychelles'!M11 -> 9210 | Q10: ='FS Seychelles'!N11 -> 5774 | R10: ='FS Seychelles'!O11 -> 10664 | S10: ='FS Seychelles'!P11 -> 0 | T10: ='FS Seychelles'!V11 -> 9478 | U10: ='FS Seychelles'!X11 -> 26 | V10: ='FS Seychelles'!Y11 -> 27 | W10: ='FS Seychelles'!Z11 -> 50 | X10: ='FS Seychelles'!AA11 -> 60 | Y10: ='FS Seychelles'!AB11 -> 191 | Z10: ='FS Seychelles'!AC11 -> 0 | AA10: ='FS Seychelles'!AD11 -> 0 | AB10: =('FS Seychelles'!$AG$10+'FS Seychelles'!$AG$15)/30 -> 243.8
A11: Seychelles | B11: =B10+1 -> 10 | C11: 4 | D11: 2021 | E11: ='FS Seychelles'!B12 -> 41.98 | F11: ='FS Seychelles'!C12*1000 -> 5630.464 | G11: ='FS Seychelles'!D12*1000 -> 5630.464 | H11: ='FS Seychelles'!E12*1000 -> 5711.36 | I11: ='FS Seychelles'!F12*1000 -> 2418.176 | J11: ='FS Seychelles'!G12*1000 -> 3438.336 | K11: ='FS Seychelles'!H12*1000 -> 3108.352 | L11: ='FS Seychelles'!I12*1000 -> 1460.224 | M11: ='FS Seychelles'!J12*1000 -> 1722.88 | N11: ='FS Seychelles'!K12*1000 -> 3942.912 | O11: ='FS Seychelles'!L12 -> 5879 | P11: ='FS Seychelles'!M12 -> 11366 | Q11: ='FS Seychelles'!N12 -> 4369 | R11: ='FS Seychelles'!O12 -> 11316 | S11: ='FS Seychelles'!P12 -> 0 | T11: ='FS Seychelles'!V12 -> 9163 | U11: ='FS Seychelles'!X12 -> 38 | V11: ='FS Seychelles'!Y12 -> 32 | W11: ='FS Seychelles'!Z12 -> 50 | X11: ='FS Seychelles'!AA12 -> 68 | Y11: ='FS Seychelles'!AB12 -> 224 | Z11: ='FS Seychelles'!AC12 -> 70 | AA11: ='FS Seychelles'!AD12 -> 0 | AB11: =('FS Seychelles'!$AG$10+'FS Seychelles'!$AG$15)/30 -> 243.8
A12: Seychelles | B12: =B11+1 -> 11 | C12: 4 | D12: 2021 | E12: ='FS Seychelles'!B13 -> 42.68 | F12: ='FS Seychelles'!C13*1000 -> 5416.96 | G12: ='FS Seychelles'!D13*1000 -> 5416.96 | H12: ='FS Seychelles'!E13*1000 -> 5579.264 | I12: ='FS Seychelles'!F13*1000 -> 2435.584 | J12: ='FS Seychelles'!G13*1000 -> 3473.152 | K12: ='FS Seychelles'!H13*1000 -> 3095.808 | L12: ='FS Seychelles'!I13*1000 -> 1473.536 | M12: ='FS Seychelles'!J13*1000 -> 1550.848 | N12: ='FS Seychelles'!K13*1000 -> 3879.936 | O12: ='FS Seychelles'!L13 -> 0 | P12: ='FS Seychelles'!M13 -> 12700 | Q12: ='FS Seychelles'!N13 -> 4654 | R12: ='FS Seychelles'!O13 -> 15398 | S12: ='FS Seychelles'!P13 -> 0 | T12: ='FS Seychelles'!V13 -> 9428 | U12: ='FS Seychelles'!X13 -> 50 | V12: ='FS Seychelles'!Y13 -> 44 | W12: ='FS Seychelles'!Z13 -> 54 | X12: ='FS Seychelles'!AA13 -> 75 | Y12: ='FS Seychelles'!AB13 -> 219 | Z12: ='FS Seychelles'!AC13 -> 42 | AA12: ='FS Seychelles'!AD13 -> 0 | AB12: =('FS Seychelles'!$AG$10+'FS Seychelles'!$AG$15)/30 -> 243.8
A13: Seychelles | B13: =B12+1 -> 12 | C13: 4 | D13: 2021 | E13: ='FS Seychelles'!B14 -> 32.89 | F13: ='FS Seychelles'!C14*1000 -> 4878.848 | G13: ='FS Seychelles'!D14*1000 -> 4878.848 | H13: ='FS Seychelles'!E14*1000 -> 5521.408 | I13: ='FS Seychelles'!F14*1000 -> 2446.08 | J13: ='FS Seychelles'!G14*1000 -> 3061.504 | K13: ='FS Seychelles'!H14*1000 -> 2854.144 | L13: ='FS Seychelles'!I14*1000 -> 1476.864 | M13: ='FS Seychelles'!J14*1000 -> 1600.256 | N13: ='FS Seychelles'!K14*1000 -> 3964.928 | O13: ='FS Seychelles'!L14 -> 0 | P13: ='FS Seychelles'!M14 -> 12170 | Q13: ='FS Seychelles'!N14 -> 8259 | R13: ='FS Seychelles'!O14 -> 10560 | S13: ='FS Seychelles'!P14 -> 0 | T13: ='FS Seychelles'!V14 -> 8750 | U13: ='FS Seychelles'!X14 -> 41 | V13: ='FS Seychelles'!Y14 -> 32 | W13: ='FS Seychelles'!Z14 -> 55 | X13: ='FS Seychelles'!AA14 -> 48 | Y13: ='FS Seychelles'!AB14 -> 186 | Z13: ='FS Seychelles'!AC14 -> 0 | AA13: ='FS Seychelles'!AD14 -> 0 | AB13: =('FS Seychelles'!$AG$10+'FS Seychelles'!$AG$15)/30 -> 243.8
A14: Seychelles | B14: =B13+1 -> 13 | C14: 4 | D14: 2021 | E14: ='FS Seychelles'!B15 -> 22.36 | F14: ='FS Seychelles'!C15*1000 -> 4172.8 | G14: ='FS Seychelles'!D15*1000 -> 4172.8 | H14: ='FS Seychelles'!E15*1000 -> 5078.016 | I14: ='FS Seychelles'!F15*1000 -> 2081.536 | J14: ='FS Seychelles'!G15*1000 -> 2782.208 | K14: ='FS Seychelles'!H15*1000 -> 2531.328 | L14: ='FS Seychelles'!I15*1000 -> 1477.632 | M14: ='FS Seychelles'!J15*1000 -> 1545.984 | N14: ='FS Seychelles'!K15*1000 -> 3937.792 | O14: ='FS Seychelles'!L15 -> 0 | P14: ='FS Seychelles'!M15 -> 10082 | Q14: ='FS Seychelles'!N15 -> 14094 | R14: ='FS Seychelles'!O15 -> 4013 | S14: ='FS Seychelles'!P15 -> 0 | T14: ='FS Seychelles'!V15 -> 7745 | U14: ='FS Seychelles'!X15 -> 50 | V14: ='FS Seychelles'!Y15 -> 28 | W14: ='FS Seychelles'!Z15 -> 43 | X14: ='FS Seychelles'!AA15 -> 55 | Y14: ='FS Seychelles'!AB15 -> 190 | Z14: ='FS Seychelles'!AC15 -> 43 | AA14: ='FS Seychelles'!AD15 -> 0 | AB14: =('FS Seychelles'!$AG$10+'FS Seychelles'!$AG$15)/30 -> 243.8
A15: Seychelles | B15: =B14+1 -> 14 | C15: 4 | D15: 2021 | E15: ='FS Seychelles'!B16 -> 21.05 | F15: ='FS Seychelles'!C16*1000 -> 4389.888 | G15: ='FS Seychelles'!D16*1000 -> 4389.888 | H15: ='FS Seychelles'!E16*1000 -> 4860.416 | I15: ='FS Seychelles'!F16*1000 -> 2300.672 | J15: ='FS Seychelles'!G16*1000 -> 3115.776 | K15: ='FS Seychelles'!H16*1000 -> 2734.08 | L15: ='FS Seychelles'!I16*1000 -> 1458.432 | M15: ='FS Seychelles'!J16*1000 -> 1702.4 | N15: ='FS Seychelles'!K16*1000 -> 3955.712 | O15: ='FS Seychelles'!L16 -> 0 | P15: ='FS Seychelles'!M16 -> 5012 | Q15: ='FS Seychelles'!N16 -> 9128 | R15: ='FS Seychelles'!O16 -> 2889 | S15: ='FS Seychelles'!P16 -> 0 | T15: ='FS Seychelles'!V17 -> 8939 | U15: ='FS Seychelles'!X16 -> 47 | V15: ='FS Seychelles'!Y16 -> 44 | W15: ='FS Seychelles'!Z16 -> 51 | X15: ='FS Seychelles'!AA16 -> 56 | Y15: ='FS Seychelles'!AB16 -> 200 | Z15: ='FS Seychelles'!AC16 -> 17 | AA15: ='FS Seychelles'!AD16 -> 0 | AB15: =('FS Seychelles'!$AG$10+'FS Seychelles'!$AG$15)/30 -> 243.8
A16: Seychelles | B16: =B15+1 -> 15 | C16: 4 | D16: 2021 | E16: ='FS Seychelles'!B17 -> 23.68 | F16: ='FS Seychelles'!C17*1000 -> 4706.304 | G16: ='FS Seychelles'!D17*1000 -> 4706.304 | H16: ='FS Seychelles'!E17*1000 -> 5283.84 | I16: ='FS Seychelles'!F17*1000 -> 2473.728 | J16: ='FS Seychelles'!G17*1000 -> 3492.096 | K16: ='FS Seychelles'!H17*1000 -> 2988.8 | L16: ='FS Seychelles'!I17*1000 -> 1415.552 | M16: ='FS Seychelles'!J17*1000 -> 1832.192 | N16: ='FS Seychelles'!K17*1000 -> 3973.632 | O16: ='FS Seychelles'!L17 -> 0 | P16: ='FS Seychelles'!M17 -> 15041 | Q16: ='FS Seychelles'!N17 -> 5539 | R16: ='FS Seychelles'!O17 -> 10929 | S16: ='FS Seychelles'!P17 -> 0 | T16: ='FS Seychelles'!V18 -> 8691 | U16: ='FS Seychelles'!X17 -> 43 | V16: ='FS Seychelles'!Y17 -> 31 | W16: ='FS Seychelles'!Z17 -> 58 | X16: ='FS Seychelles'!AA17 -> 29 | Y16: ='FS Seychelles'!AB17 -> 195 | Z16: ='FS Seychelles'!AC17 -> 0 | AA16: ='FS Seychelles'!AD17 -> 0 | AB16: =('FS Seychelles'!$AG$10+'FS Seychelles'!$AG$15)/30 -> 243.8
A17: Seychelles | B17: =B16+1 -> 16 | C17: 4 | D17: 2021 | E17: ='FS Seychelles'!B18 -> 25 | F17: ='FS Seychelles'!C18*1000 -> 4752.384 | G17: ='FS Seychelles'!D18*1000 -> 4752.384 | H17: ='FS Seychelles'!E18*1000 -> 5048.832 | I17: ='FS Seychelles'!F18*1000 -> 2064.896 | J17: ='FS Seychelles'!G18*1000 -> 3111.168 | K17: ='FS Seychelles'!H18*1000 -> 3030.272 | L17: ='FS Seychelles'!I18*1000 -> 1464.064 | M17: ='FS Seychelles'!J18*1000 -> 1789.184 | N17: ='FS Seychelles'!K18*1000 -> 3975.168 | O17: ='FS Seychelles'!L18 -> 0 | P17: ='FS Seychelles'!M18 -> 11919 | Q17: ='FS Seychelles'!N18 -> 7377 | R17: ='FS Seychelles'!O18 -> 11116 | S17: ='FS Seychelles'!P18 -> 0 | T17: ='FS Seychelles'!V18 -> 8691 | U17: ='FS Seychelles'!X18 -> 40 | V17: ='FS Seychelles'!Y18 -> 12 | W17: ='FS Seychelles'!Z18 -> 158 | X17: ='FS Seychelles'!AA18 -> 101 | Y17: ='FS Seychelles'!AB18 -> 168 | Z17: ='FS Seychelles'!AC18 -> 123 | AA17: ='FS Seychelles'!AD18 -> 0 | AB17: =('FS Seychelles'!$AG$10+'FS Seychelles'!$AG$15)/30 -> 243.8
A18: Seychelles | B18: =B17+1 -> 17 | C18: 4 | D18: 2021 | E18: ='FS Seychelles'!B19 -> 28.95 | F18: ='FS Seychelles'!C19*1000 -> 5130.24 | G18: ='FS Seychelles'!D19*1000 -> 5130.24 | H18: ='FS Seychelles'!E19*1000 -> 5164.544 | I18: ='FS Seychelles'!F19*1000 -> 2438.656 | J18: ='FS Seychelles'!G19*1000 -> 3340.288 | K18: ='FS Seychelles'!H19*1000 -> 3152.64 | L18: ='FS Seychelles'!I19*1000 -> 1183.744 | M18: ='FS Seychelles'!J19*1000 -> 1924.608 | N18: ='FS Seychelles'!K19*1000 -> 3575.808 | O18: ='FS Seychelles'!L19 -> 0 | P18: ='FS Seychelles'!M19 -> 15396 | Q18: ='FS Seychelles'!N19 -> 8058 | R18: ='FS Seychelles'!O19 -> 8349 | S18: ='FS Seychelles'!P19 -> 0 | T18: ='FS Seychelles'!V19 -> 8831 | U18: ='FS Seychelles'!X19 -> 40 | V18: ='FS Seychelles'!Y19 -> 0 | W18: ='FS Seychelles'!Z19 -> 115 | X18: ='FS Seychelles'!AA19 -> 233 | Y18: ='FS Seychelles'!AB19 -> 110 | Z18: ='FS Seychelles'!AC19 -> 92 | AA18: ='FS Seychelles'!AD19 -> 0 | AB18: =('FS Seychelles'!$AG$10+'FS Seychelles'!$AG$15)/30 -> 243.8
A19: Seychelles | B19: =B18+1 -> 18 | C19: 4 | D19: 2021 | E19: ='FS Seychelles'!B20 -> 32.89 | F19: ='FS Seychelles'!C20*1000 -> 4962.304 | G19: ='FS Seychelles'!D20*1000 -> 4962.304 | H19: ='FS Seychelles'!E20*1000 -> 4941.312 | I19: ='FS Seychelles'!F20*1000 -> 2129.408 | J19: ='FS Seychelles'!G20*1000 -> 2860.8 | K19: ='FS Seychelles'!H20*1000 -> 2911.744 | L19: ='FS Seychelles'!I20*1000 -> 1496.448 | M19: ='FS Seychelles'!J20*1000 -> 1814.784 | N19: ='FS Seychelles'!K20*1000 -> 3896.832 | O19: ='FS Seychelles'!L20 -> 0 | P19: ='FS Seychelles'!M20 -> 13522 | Q19: ='FS Seychelles'!N20 -> 11862 | R19: ='FS Seychelles'!O20 -> 4230 | S19: ='FS Seychelles'!P20 -> 0 | T19: ='FS Seychelles'!V20 -> 8289 | U19: ='FS Seychelles'!X20 -> 40 | V19: ='FS Seychelles'!Y20 -> 38 | W19: ='FS Seychelles'!Z20 -> 137 | X19: ='FS Seychelles'!AA20 -> 69 | Y19: ='FS Seychelles'!AB20 -> 135 | Z19: ='FS Seychelles'!AC20 -> 47 | AA19: ='FS Seychelles'!AD20 -> 0 | AB19: =('FS Seychelles'!$AG$10+'FS Seychelles'!$AG$15)/30 -> 243.8
A20: Seychelles | B20: =B19+1 -> 19 | C20: 4 | D20: 2021 | E20: ='FS Seychelles'!B21 -> 40.79 | F20: ='FS Seychelles'!C21*1000 -> 4634.112 | G20: ='FS Seychelles'!D21*1000 -> 4634.112 | H20: ='FS Seychelles'!E21*1000 -> 5011.968 | I20: ='FS Seychelles'!F21*1000 -> 1952.768 | J20: ='FS Seychelles'!G21*1000 -> 2766.848 | K20: ='FS Seychelles'!H21*1000 -> 2607.104 | L20: ='FS Seychelles'!I21*1000 -> 1520.384 | M20: ='FS Seychelles'!J21*1000 -> 1614.336 | N20: ='FS Seychelles'!K21*1000 -> 3936.768 | O20: ='FS Seychelles'!L21 -> 0 | P20: ='FS Seychelles'!M21 -> 4069 | Q20: ='FS Seychelles'!N21 -> 10585 | R20: ='FS Seychelles'!O21 -> 13125 | S20: ='FS Seychelles'!P21 -> 0 | T20: ='FS Seychelles'!V21 -> 7969 | U20: ='FS Seychelles'!X21 -> 43 | V20: ='FS Seychelles'!Y21 -> 36 | W20: ='FS Seychelles'!Z21 -> 101 | X20: ='FS Seychelles'!AA21 -> 76 | Y20: ='FS Seychelles'!AB21 -> 121 | Z20: ='FS Seychelles'!AC21 -> 82 | AA20: ='FS Seychelles'!AD21 -> 0 | AB20: =('FS Seychelles'!$AG$10+'FS Seychelles'!$AG$15)/30 -> 243.8
A21: Seychelles | B21: =B20+1 -> 20 | C21: 4 | D21: 2021 | E21: ='FS Seychelles'!B22 -> 43.42 | F21: ='FS Seychelles'!C22*1000 -> 5256.704 | G21: ='FS Seychelles'!D22*1000 -> 5256.704 | H21: ='FS Seychelles'!E22*1000 -> 5301.76 | I21: ='FS Seychelles'!F22*1000 -> 2034.944 | J21: ='FS Seychelles'!G22*1000 -> 3218.176 | K21: ='FS Seychelles'!H22*1000 -> 2962.176 | L21: ='FS Seychelles'!I22*1000 -> 1506.56 | M21: ='FS Seychelles'!J22*1000 -> 1682.176 | N21: ='FS Seychelles'!K22*1000 -> 4007.424 | O21: ='FS Seychelles'!L22 -> 0 | P21: ='FS Seychelles'!M22 -> 11256 | Q21: ='FS Seychelles'!N22 -> 7940 | R21: ='FS Seychelles'!O22 -> 4325 | S21: ='FS Seychelles'!P23 -> 8353 | T21: ='FS Seychelles'!V22 -> 8172 | U21: ='FS Seychelles'!X22 -> 46 | V21: ='FS Seychelles'!Y22 -> 24 | W21: ='FS Seychelles'!Z22 -> 164 | X21: ='FS Seychelles'!AA22 -> 97 | Y21: ='FS Seychelles'!AB22 -> 125 | Z21: ='FS Seychelles'!AC22 -> 0 | AA21: ='FS Seychelles'!AD22 -> 0 | AB21: =('FS Seychelles'!$AG$10+'FS Seychelles'!$AG$15)/30 -> 243.8
A22: Seychelles | B22: =B21+1 -> 21 | C22: 4 | D22: 2021 | E22: ='FS Seychelles'!B23 -> 52.63 | F22: ='FS Seychelles'!C23*1000 -> 4254.208 | G22: ='FS Seychelles'!D23*1000 -> 4254.208 | H22: ='FS Seychelles'!E23*1000 -> 4769.792 | I22: ='FS Seychelles'!F23*1000 -> 1658.112 | J22: ='FS Seychelles'!G23*1000 -> 2482.688 | K22: ='FS Seychelles'!H23*1000 -> 2368.768 | L22: ='FS Seychelles'!I23*1000 -> 1512.192 | M22: ='FS Seychelles'!J23*1000 -> 1531.392 | N22: ='FS Seychelles'!K23*1000 -> 3828.736 | O22: ='FS Seychelles'!L23 -> 0 | P22: ='FS Seychelles'!M23 -> 14257 | Q22: ='FS Seychelles'!N23 -> 0 | R22: ='FS Seychelles'!O23 -> 4215 | S22: ='FS Seychelles'!P24 -> 0 | T22: ='FS Seychelles'!V23 -> 7381 | U22: ='FS Seychelles'!X23 -> 43 | V22: ='FS Seychelles'!Y23 -> 46 | W22: ='FS Seychelles'!Z23 -> 101 | X22: ='FS Seychelles'!AA23 -> 80 | Y22: ='FS Seychelles'!AB23 -> 173 | Z22: ='FS Seychelles'!AC23 -> 51 | AA22: ='FS Seychelles'!AD23 -> 0 | AB22: =('FS Seychelles'!$AG$10+'FS Seychelles'!$AG$15)/30 -> 243.8
A23: Seychelles | B23: =B22+1 -> 22 | C23: 4 | D23: 2021 | E23: ='FS Seychelles'!B24 -> 62.3 | F23: ='FS Seychelles'!C24*1000 -> 4888.576 | G23: ='FS Seychelles'!D24*1000 -> 4888.576 | H23: ='FS Seychelles'!E24*1000 -> 5152.768 | I23: ='FS Seychelles'!F24*1000 -> 1848.832 | J23: ='FS Seychelles'!G24*1000 -> 2811.136 | K23: ='FS Seychelles'!H24*1000 -> 2686.208 | L23: ='FS Seychelles'!I24*1000 -> 1291.904 | M23: ='FS Seychelles'!J24*1000 -> 1623.296 | N23: ='FS Seychelles'!K24*1000 -> 3714.56 | O23: ='FS Seychelles'!L24 -> 0 | P23: ='FS Seychelles'!M24 -> 10308 | Q23: ='FS Seychelles'!N24 -> 11275 | R23: ='FS Seychelles'!O24 -> 7665 | S23: ='FS Seychelles'!P25 -> 7833 | T23: ='FS Seychelles'!V24 -> 7695 | U23: ='FS Seychelles'!X24 -> 47 | V23: ='FS Seychelles'!Y24 -> 13 | W23: ='FS Seychelles'!Z24 -> 94 | X23: ='FS Seychelles'!AA24 -> 7 | Y23: ='FS Seychelles'!AB24 -> 135 | Z23: ='FS Seychelles'!AC24 -> 77 | AA23: ='FS Seychelles'!AD24 -> 0 | AB23: =('FS Seychelles'!$AG$10+'FS Seychelles'!$AG$15)/30 -> 243.8
A24: Seychelles | B24: =B23+1 -> 23 | C24: 4 | D24: 2021 | E24: ='FS Seychelles'!B25 -> 60.66 | F24: ='FS Seychelles'!C25*1000 -> 5488.128 | G24: ='FS Seychelles'!D25*1000 -> 5488.128 | H24: ='FS Seychelles'!E25*1000 -> 5365.76 | I24: ='FS Seychelles'!F25*1000 -> 2078.464 | J24: ='FS Seychelles'!G25*1000 -> 3297.792 | K24: ='FS Seychelles'!H25*1000 -> 3007.232 | L24: ='FS Seychelles'!I25*1000 -> 1461.632 | M24: ='FS Seychelles'!J25*1000 -> 1749.76 | N24: ='FS Seychelles'!K25*1000 -> 4020.224 | O24: ='FS Seychelles'!L25 -> 0 | P24: ='FS Seychelles'!M25 -> 10976 | Q24: ='FS Seychelles'!N25 -> 8072 | R24: ='FS Seychelles'!O25 -> 4807 | S24: ='FS Seychelles'!P25 -> 7833 | T24: ='FS Seychelles'!V25 -> 8666 | U24: 47 | V24: 13 | W24: ='FS Seychelles'!Z25 -> 98 | X24: ='FS Seychelles'!AA25 -> 135 | Y24: ='FS Seychelles'!AB25 -> 146 | Z24: ='FS Seychelles'!AC25 -> 89 | AA24: ='FS Seychelles'!AD25 -> 0 | AB24: =('FS Seychelles'!$AG$10+'FS Seychelles'!$AG$15)/30 -> 243.8
A25: Seychelles | B25: =B24+1 -> 24 | C25: 4 | D25: 2021 | E25: ='FS Seychelles'!B26 -> 59.02 | F25: ='FS Seychelles'!C26*1000 -> 5324.8 | G25: ='FS Seychelles'!D26*1000 -> 5324.8 | H25: ='FS Seychelles'!E26*1000 -> 5353.472 | I25: ='FS Seychelles'!F26*1000 -> 2099.712 | J25: ='FS Seychelles'!G26*1000 -> 3177.216 | K25: ='FS Seychelles'!H26*1000 -> 2957.312 | L25: ='FS Seychelles'!I26*1000 -> 1161.6 | M25: ='FS Seychelles'!J26*1000 -> 1938.432 | N25: ='FS Seychelles'!K26*1000 -> 3774.464 | O25: ='FS Seychelles'!L26 -> 0 | P25: ='FS Seychelles'!M26 -> 8448 | Q25: ='FS Seychelles'!N26 -> 10723 | R25: ='FS Seychelles'!O26 -> 0 | S25: ='FS Seychelles'!P26 -> 10307 | T25: ='FS Seychelles'!V26 -> 7509 | U25: ='FS Seychelles'!X26 -> 41 | V25: ='FS Seychelles'!Y26 -> 29 | W25: ='FS Seychelles'!Z26 -> 93 | X25: ='FS Seychelles'!AA26 -> 152 | Y25: ='FS Seychelles'!AB26 -> 131 | Z25: ='FS Seychelles'!AC26 -> 121 | AA25: ='FS Seychelles'!AD26 -> 0 | AB25: =('FS Seychelles'!$AG$10+'FS Seychelles'!$AG$15)/30 -> 243.8
A26: Seychelles | B26: =B25+1 -> 25 | C26: 4 | D26: 2021 | E26: ='FS Seychelles'!B27 -> 56.45 | F26: ='FS Seychelles'!C27*1000 -> 5231.616 | G26: ='FS Seychelles'!D27*1000 -> 5231.616 | H26: ='FS Seychelles'!E27*1000 -> 5074.944 | I26: ='FS Seychelles'!F27*1000 -> 2037.76 | J26: ='FS Seychelles'!G27*1000 -> 3009.536 | K26: ='FS Seychelles'!H27*1000 -> 2708.992 | L26: ='FS Seychelles'!I27*1000 -> 1458.048 | M26: ='FS Seychelles'!J27*1000 -> 1789.952 | N26: ='FS Seychelles'!K27*1000 -> 4017.664 | O26: ='FS Seychelles'!L27 -> 0 | P26: ='FS Seychelles'!M27 -> 11171 | Q26: ='FS Seychelles'!N27 -> 11167 | R26: ='FS Seychelles'!O27 -> 4504 | S26: ='FS Seychelles'!P27 -> 3763 | T26: ='FS Seychelles'!V27 -> 8339 | U26: ='FS Seychelles'!X27 -> 50 | V26: ='FS Seychelles'!Y27 -> 29 | W26: ='FS Seychelles'!Z27 -> 84 | X26: ='FS Seychelles'!AA27 -> 234 | Y26: ='FS Seychelles'!AB27 -> 134 | Z26: ='FS Seychelles'!AC27 -> 121 | AA26: ='FS Seychelles'!AD27 -> 0 | AB26: =('FS Seychelles'!$AG$10+'FS Seychelles'!$AG$15)/30 -> 243.8
A27: Seychelles | B27: =B26+1 -> 26 | C27: 4 | D27: 2021 | E27: ='FS Seychelles'!B28 -> 50 | F27: ='FS Seychelles'!C28*1000 -> 5393.92 | G27: ='FS Seychelles'!D28*1000 -> 5393.92 | H27: ='FS Seychelles'!E28*1000 -> 5302.272 | I27: ='FS Seychelles'!F28*1000 -> 1874.432 | J27: ='FS Seychelles'!G28*1000 -> 3075.84 | K27: ='FS Seychelles'!H28*1000 -> 2841.6 | L27: ='FS Seychelles'!I28*1000 -> 1392.896 | M27: ='FS Seychelles'!J28*1000 -> 1705.984 | N27: ='FS Seychelles'!K28*1000 -> 4127.744 | O27: ='FS Seychelles'!L28 -> 0 | P27: ='FS Seychelles'!M28 -> 4229 | Q27: ='FS Seychelles'!N28 -> 4342 | R27: ='FS Seychelles'!O28 -> 12292 | S27: ='FS Seychelles'!P28 -> 0 | T27: ='FS Seychelles'!V28 -> 6254 | U27: ='FS Seychelles'!X28 -> 50 | V27: ='FS Seychelles'!Y28 -> 31 | W27: ='FS Seychelles'!Z28 -> 95 | X27: ='FS Seychelles'!AA28 -> 133 | Y27: ='FS Seychelles'!AB28 -> 136 | Z27: ='FS Seychelles'!AC28 -> 64 | AA27: ='FS Seychelles'!AD28 -> 0 | AB27: =('FS Seychelles'!$AG$10+'FS Seychelles'!$AG$15)/30 -> 243.8
A28: Seychelles | B28: =B27+1 -> 27 | C28: 4 | D28: 2021 | E28: ='FS Seychelles'!B29 -> 42.31 | F28: ='FS Seychelles'!C29*1000 -> 5528.064 | G28: ='FS Seychelles'!D29*1000 -> 5528.064 | H28: ='FS Seychelles'!E29*1000 -> 5366.272 | I28: ='FS Seychelles'!F29*1000 -> 2061.824 | J28: ='FS Seychelles'!G29*1000 -> 3201.024 | K28: ='FS Seychelles'!H29*1000 -> 3021.568 | L28: ='FS Seychelles'!I29*1000 -> 1430.016 | M28: ='FS Seychelles'!J29*1000 -> 1667.328 | N28: ='FS Seychelles'!K29*1000 -> 4161.024 | O28: ='FS Seychelles'!L29 -> 0 | P28: ='FS Seychelles'!M29 -> 16092 | Q28: ='FS Seychelles'!N29 -> 2219 | R28: ='FS Seychelles'!O29 -> 11296 | S28: ='FS Seychelles'!P29 -> 11600 | T28: ='FS Seychelles'!V29 -> 11400 | U28: ='FS Seychelles'!X29 -> 47 | V28: ='FS Seychelles'!Y29 -> 32 | W28: ='FS Seychelles'!Z29 -> 96 | X28: ='FS Seychelles'!AA29 -> 63 | Y28: ='FS Seychelles'!AB29 -> 147 | Z28: ='FS Seychelles'!AC29 -> 14 | AA28: ='FS Seychelles'!AD29 -> 0 | AB28: =('FS Seychelles'!$AG$10+'FS Seychelles'!$AG$15)/30 -> 243.8
A29: Seychelles | B29: =B28+1 -> 28 | C29: 4 | D29: 2021 | E29: ='FS Seychelles'!B30 -> 40.51 | F29: ='FS Seychelles'!C30*1000 -> 5111.808 | G29: ='FS Seychelles'!D30*1000 -> 5111.808 | H29: ='FS Seychelles'!E30*1000 -> 5253.632 | I29: ='FS Seychelles'!F30*1000 -> 1920.256 | J29: ='FS Seychelles'!G30*1000 -> 3119.104 | K29: ='FS Seychelles'!H30*1000 -> 2798.08 | L29: ='FS Seychelles'!I30*1000 -> 1451.264 | M29: ='FS Seychelles'!J30*1000 -> 1797.888 | N29: ='FS Seychelles'!K30*1000 -> 4069.888 | O29: ='FS Seychelles'!L30 -> 0 | P29: ='FS Seychelles'!M30 -> 3885 | Q29: ='FS Seychelles'!N30 -> 7253 | R29: ='FS Seychelles'!O30 -> 0 | S29: ='FS Seychelles'!P30 -> 10085 | T29: ='FS Seychelles'!V30 -> 5539 | U29: ='FS Seychelles'!X30 -> 44 | V29: ='FS Seychelles'!Y30 -> 26 | W29: ='FS Seychelles'!Z30 -> 80 | X29: ='FS Seychelles'!AA30 -> 89 | Y29: ='FS Seychelles'!AB30 -> 129 | Z29: ='FS Seychelles'!AC30 -> 23 | AA29: ='FS Seychelles'!AD30 -> 0 | AB29: =('FS Seychelles'!$AG$10+'FS Seychelles'!$AG$15)/30 -> 243.8
A30: Seychelles | B30: =B29+1 -> 29 | C30: 4 | D30: 2021 | E30: ='FS Seychelles'!B31 -> 39.24 | F30: ='FS Seychelles'!C31*1000 -> 5668.864 | G30: ='FS Seychelles'!D31*1000 -> 5668.864 | H30: ='FS Seychelles'!E31*1000 -> 5506.048 | I30: ='FS Seychelles'!F31*1000 -> 1952 | J30: ='FS Seychelles'!G31*1000 -> 3434.24 | K30: ='FS Seychelles'!H31*1000 -> 3149.824 | L30: ='FS Seychelles'!I31*1000 -> 1439.36 | M30: ='FS Seychelles'!J31*1000 -> 1886.72 | N30: ='FS Seychelles'!K31*1000 -> 4012.544 | O30: ='FS Seychelles'!L31 -> 0 | P30: ='FS Seychelles'!M31 -> 13354 | Q30: ='FS Seychelles'!N31 -> 4870 | R30: ='FS Seychelles'!O31 -> 10342 | S30: ='FS Seychelles'!P31 -> 4811 | T30: ='FS Seychelles'!V31 -> 16454 | U30: ='FS Seychelles'!X31 -> 50 | V30: ='FS Seychelles'!Y31 -> 29 | W30: ='FS Seychelles'!Z31 -> 82 | X30: ='FS Seychelles'!AA31 -> 105 | Y30: ='FS Seychelles'!AB31 -> 144 | Z30: ='FS Seychelles'!AC31 -> 12 | AA30: ='FS Seychelles'!AD31 -> 0 | AB30: =('FS Seychelles'!$AG$10+'FS Seychelles'!$AG$15)/30 -> 243.8
A31: Seychelles | B31: =B30+1 -> 30 | C31: 4 | D31: 2021 | E31: ='FS Seychelles'!B32 -> 45 | F31: ='FS Seychelles'!C32*1000 -> 5671.424 | G31: ='FS Seychelles'!D32*1000 -> 5671.424 | H31: ='FS Seychelles'!E32*1000 -> 5392.384 | I31: ='FS Seychelles'!F32*1000 -> 1936.896 | J31: ='FS Seychelles'!G32*1000 -> 3221.248 | K31: ='FS Seychelles'!H32*1000 -> 3106.048 | L31: ='FS Seychelles'!I32*1000 -> 1442.304 | M31: ='FS Seychelles'!J32*1000 -> 1846.528 | N31: ='FS Seychelles'!K32*1000 -> 4113.92 | O31: ='FS Seychelles'!L32 -> 0 | P31: ='FS Seychelles'!M32 -> 3480 | Q31: ='FS Seychelles'!N32 -> 1730 | R31: ='FS Seychelles'!O32 -> 14589 | S31: ='FS Seychelles'!P32 -> 8801 | T31: ='FS Seychelles'!V32 -> 8268 | U31: ='FS Seychelles'!X32 -> 48 | V31: ='FS Seychelles'!Y32 -> 11 | W31: ='FS Seychelles'!Z32 -> 56 | X31: ='FS Seychelles'!AA32 -> 98 | Y31: ='FS Seychelles'!AB32 -> 149 | Z31: ='FS Seychelles'!AC32 -> 5 | AA31: ='FS Seychelles'!AD32 -> 0 | AB31: =('FS Seychelles'!$AG$10+'FS Seychelles'!$AG$15)/30 -> 243.8
A32: Seychelles | E32: ='FS Seychelles'!B33 -> 0 | F32: ='FS Seychelles'!C33*1000 -> 0 | G32: ='FS Seychelles'!D33*1000 -> 0 | H32: ='FS Seychelles'!E33*1000 -> 0 | I32: ='FS Seychelles'!F33*1000 -> 0 | J32: ='FS Seychelles'!G33*1000 -> 0 | K32: ='FS Seychelles'!H33*1000 -> 0 | L32: ='FS Seychelles'!I33*1000 -> 0 | M32: ='FS Seychelles'!J33*1000 -> 0 | N32: ='FS Seychelles'!K33*1000 -> 0 | O32: ='FS Seychelles'!L33 -> 0 | P32: ='FS Seychelles'!M33 -> 0 | Q32: ='FS Seychelles'!N33 -> 0 | R32: ='FS Seychelles'!O33 -> 0 | S32: ='FS Seychelles'!P33 -> 0 | T32: ='FS Seychelles'!V33 -> 0 | U32: ='FS Seychelles'!X33 -> 0 | V32: ='FS Seychelles'!Y33 -> 0 | W32: ='FS Seychelles'!Z33 -> 0 | X32: ='FS Seychelles'!AA33 -> 0 | Y32: ='FS Seychelles'!AB33 -> 0 | Z32: ='FS Seychelles'!AC33 -> 0 | AA32: ='FS Seychelles'!AD33 -> 0 | AB32: =('FS Seychelles'!$AG$10+'FS Seychelles'!$AG$15)/30 -> 243.8
O33: =SUM(O2:O32) -> 53426 | P33: =SUM(P2:P32) -> 305434 | Q33: =SUM(Q2:Q32) -> 217338 | R33: =SUM(R2:R32) -> 262687
R35: =SUM(O33:R33) -> 838885

Sheet FS Seychelles
A2: DATE | B2: Room Night % | C2: SS-A (KWH) | D2: SS-B (KWH) | E2: SS-C (KWH) | F2: SS-D1 (KWH) | G2: SS-D2 (KWH) | H2: SS-E (KWH) | I2: FIRE PUMP (KWH) | J2: CASINO (KWH) | K2: BOH (KWH) | L2: Generator#1 (KWH) | M2: Generator#2 (KWH) | N2: Generator#3 (KWH) | O2: Generator#4 (KWH) | P2: Generator#5 (KWH) | Q2: Generator#1 (Liter) | R2: Generator#2 (Liter) | S2: Generator#3 (Liter) | T2: Generator#4 (Liter) | U2: Generator#5 (Liter) | V2: DIESEL (Liter) | W2: DIESEL TARIFF (Euro/Liter) | X2: BOH Water (m3) | Y2: E-Resort (m3) | Z2: North RVs (m3) | AA2: WT59 (m3) | AB2: WT08 (m3) | AC2: PUC HOH (m3) | AD2: PUC Eresort (m3) | AE2: LPG (Kg)
A3: 44287 | B3: 66.07 | C3: 5.921792 | D3: 5.921792 | E3: 5.47072 | F3: 1.987328 | G3: 3.9168 | H3: 3.279872 | I3: 1.460608 | J3: 1.697536 | K3: 4.1472 | L3: 3315 | M3: 13527 | N3: 7070 | O3: 10282 | P3: 0 | Q3: 989 | R3: 3585 | S3: 1863 | T3: 3021 | U3: 0 | V3: =SUM(Q3:U3) -> 9458 | W3: =21.34*0.04 -> 0.8536 | X3: 47 | Y3: 16 | Z3: 106 | AA3: 117 | AB3: 195 | AC3: 85 | AD3: 0 | AE3: CYLINDER DELIVERY (KG)
A4: 44288 | B4: 78.84 | C4: 5.106176 | D4: 5.106176 | E4: 5.318144 | F4: 1.84448 | G4: 3.202816 | H4: 2.83392 | I4: 1.48672 | J4: 1.712384 | K4: 4.149248 | L4: 7699 | M4: 583 | N4: 11873 | O4: 10749 | P4: 0 | Q4: 2100 | R4: 109 | S4: 3232 | T4: 3260 | U4: 0 | V4: =SUM(Q4:U4) -> 8701 | W4: =21.34*0.04 -> 0.8536 | X4: 67 | Y4: 26 | Z4: 94 | AA4: 115 | AB4: 194 | AC4: 105 | AD4: 0 | AE4: Unit (kg) | AF4: Quantity | AG4: Sub total
A5: 44289 | B5: 65.45 | C5: 5.678592 | D5: 5.678592 | E5: 5.789184 | F5: 2.212608 | G5: 3.600896 | H5: 3.117312 | I5: 1.448704 | J5: 1.574656 | K5: 4.025344 | L5: 4563 | M5: 8674 | N5: 9742 | O5: 10650 | P5: 0 | Q5: 1302 | R5: 2344 | S5: 2605 | T5: 3204 | U5: 0 | V5: =SUM(Q5:U5) -> 9455 | W5: =21.34*0.04 -> 0.8536 | X5: 26 | Y5: 57 | Z5: 107 | AA5: 111 | AB5: 188 | AC5: 80 | AD5: 0 | AE5: 4.5 | AF5: 4 | AG5: =AF5*AE5 -> 18
A6: 44290 | B6: 50 | C6: 6.061568 | D6: 6.061568 | E6: 5.786624 | F6: 2.350336 | G6: 3.84768 | H6: 3.193344 | I6: 1.301376 | J6: 1.59232 | K6: 3.892224 | L6: 3942 | M6: 11015 | N6: 8272 | O6: 11052 | P6: 0 | Q6: 1078 | R6: 2849 | S6: 2213 | T6: 3256 | U6: 0 | V6: =SUM(Q6:U6) -> 9396 | W6: =21.34*0.04 -> 0.8536 | X6: 48 | Y6: 63 | Z6: 74 | AA6: 38 | AB6: 204 | AC6: 3 | AD6: 0 | AE6: 9 | AF6: 1 | AG6: =AF6*AE6 -> 9
A7: 44291 | B7: 47.37 | C7: 5.733376 | D7: 5.733376 | E7: 5.96224 | F7: 2.403328 | G7: 3.860992 | H7: 3.065088 | I7: 0.621824 | J7: 1.627392 | K7: 3.109376 | L7: 8495 | M7: 9835 | N7: 6810 | O7: 7977 | P7: 0 | Q7: 2423 | R7: 2624 | S7: 1836 | T7: 2461 | U7: 0 | V7: =SUM(Q7:U7) -> 9344 | W7: =21.34*0.04 -> 0.8536 | X7: 52 | Y7: 18 | Z7: 85 | AA7: 47 | AB7: 247 | AC7: 18 | AD7: 0 | AE7: 5 | AF7: 9 | AG7: =AF7*AE7 -> 45
A8: 44292 | B8: 52.63 | C8: 4.737536 | D8: 4.737536 | E8: 5.299712 | F8: 1.946368 | G8: 3.403776 | H8: 2.541824 | I8: 1.31008 | J8: 1.704704 | K8: 3.8144 | L8: 2215 | M8: 11318 | N8: 3546 | O8: 12782 | P8: 0 | Q8: 623 | R8: 3021 | S8: 952 | T8: 3855 | U8: 0 | V8: =SUM(Q8:U8) -> 8451 | W8: =21.34*0.04 -> 0.8536 | X8: 45 | Y8: 15 | Z8: 64 | AA8: 26 | AB8: 203 | AC8: 87 | AD8: 0 | AE8: 20 | AF8: 68 | AG8: =AF8*AE8 -> 1360
A9: 44293 | B9: 57.69 | C9: 5.410816 | D9: 5.410816 | E9: 5.563392 | F9: 2.138112 | G9: 3.905792 | H9: 2.871808 | I9: 1.492608 | J9: 1.711872 | K9: 4.050432 | L9: 4839 | M9: 11828 | N9: 4904 | O9: 11787 | P9: 0 | Q9: 1357 | R9: 2878 | S9: 1294 | T9: 3516 | U9: 0 | V9: =SUM(Q9:U9) -> 9045 | W9: =21.34*0.04 -> 0.8536 | X9: 51 | Y9: 15 | Z9: 68 | AA9: 49 | AB9: 174 | AC9: 0 | AD9: 0 | AE9: 10 | AF9: 20 | AG9: =AF9*AE9 -> 200
A10: 44294 | B10: 51.9 | C10: 5.454848 | D10: 5.454848 | E10: 5.55776 | F10: 2.360832 | G10: 3.735296 | H10: 2.87232 | I10: 1.497472 | J10: 1.673472 | K10: 4.04992 | L10: 5310 | M10: 10711 | N10: 5831 | O10: 10784 | P10: 0 | Q10: 1399 | R10: 2900 | S10: 1508 | T10: 3209 | U10: 0 | V10: =SUM(Q10:U10) -> 9016 | W10: =21.34*0.04 -> 0.8536 | X10: 47 | Y10: 37 | Z10: 46 | AA10: 50 | AB10: 203 | AC10: 0 | AD10: 0 | AF10: Total | AG10: =SUM(AG6:AG9) -> 1614
A11: 44295 | B11: 48.75 | C11: 5.682176 | D11: 5.682176 | E11: 5.542912 | F11: 2.04928 | G11: 3.239424 | H11: 2.93504 | I11: 1.4624 | J11: 1.728256 | K11: 4.036608 | L11: 7169 | M11: 9210 | N11: 5774 | O11: 10664 | P11: 0 | Q11: 1995 | R11: 2357 | S11: 1534 | T11: 3592 | U11: 0 | V11: =SUM(Q11:U11) -> 9478 | W11: =21.34*0.04 -> 0.8536 | X11: 26 | Y11: 27 | Z11: 50 | AA11: 60 | AB11: 191 | AC11: 0 | AD11: 0 | AE11: TRUCK DELIVERY (KG)
A12: 44296 | B12: 41.98 | C12: 5.630464 | D12: 5.630464 | E12: 5.71136 | F12: 2.418176 | G12: 3.438336 | H12: 3.108352 | I12: 1.460224 | J12: 1.72288 | K12: 3.942912 | L12: 5879 | M12: 11366 | N12: 4369 | O12: 11316 | P12: 0 | Q12: 1785 | R12: 2935 | S12: 1201 | T12: 3242 | U12: 0 | V12: =SUM(Q12:U12) -> 9163 | W12: =21.34*0.04 -> 0.8536 | X12: 38 | Y12: 32 | Z12: 50 | AA12: 68 | AB12: 224 | AC12: 70 | AD12: 0 | AF12: Sub Total
A13: 44297 | B13: 42.68 | C13: 5.41696 | D13: 5.41696 | E13: 5.579264 | F13: 2.435584 | G13: 3.473152 | H13: 3.095808 | I13: 1.473536 | J13: 1.550848 | K13: 3.879936 | L13: 0 | M13: 12700 | N13: 4654 | O13: 15398 | P13: 0 | Q13: 0 | R13: 3365 | S13: 1199 | T13: 4864 | U13: 0 | V13: =SUM(Q13:U13) -> 9428 | W13: =21.34*0.04 -> 0.8536 | X13: 50 | Y13: 44 | Z13: 54 | AA13: 75 | AB13: 219 | AC13: 42 | AD13: 0 | AE13: Sitronel | AF13: 3900
A14: 44298 | B14: 32.89 | C14: 4.878848 | D14: 4.878848 | E14: 5.521408 | F14: 2.44608 | G14: 3.061504 | H14: 2.854144 | I14: 1.476864 | J14: 1.600256 | K14: 3.964928 | L14: 0 | M14: 12170 | N14: 8259 | O14: 10560 | P14: 0 | Q14: 0 | R14: 3230 | S14: 2218 | T14: 3302 | U14: 0 | V14: =SUM(Q14:U14) -> 8750 | W14: =20.99*0.04 -> 0.8396 | X14: 41 | Y14: 32 | Z14: 55 | AA14: 48 | AB14: 186 | AC14: 0 | AD14: 0 | AE14: Zez | AF14: 1800
A15: 44299 | B15: 22.36 | C15: 4.1728 | D15: 4.1728 | E15: 5.078016 | F15: 2.081536 | G15: 2.782208 | H15: 2.531328 | I15: 1.477632 | J15: 1.545984 | K15: 3.937792 | L15: 0 | M15: 10082 | N15: 14094 | O15: 4013 | P15: 0 | Q15: 0 | R15: 2640 | S15: 3814 | T15: 1291 | U15: 0 | V15: =SUM(Q15:U15) -> 7745 | W15: =20.99*0.04 -> 0.8396 | X15: 50 | Y15: 28 | Z15: 43 | AA15: 55 | AB15: 190 | AC15: 43 | AD15: 0 | AF15: Total | AG15: =SUM(AF13:AG14) -> 5700
A16: 44300 | B16: 21.05 | C16: 4.389888 | D16: 4.389888 | E16: 4.860416 | F16: 2.300672 | G16: 3.115776 | H16: 2.73408 | I16: 1.458432 | J16: 1.7024 | K16: 3.955712 | L16: 0 | M16: 5012 | N16: 9128 | O16: 2889 | P16: 0 | Q16: 0 | R16: 1290 | S16: 2436 | T16: 913 | U16: 0 | V16: =SUM(Q16:U16) -> 4639 | W16: =20.99*0.04 -> 0.8396 | X16: 47 | Y16: 44 | Z16: 51 | AA16: 56 | AB16: 200 | AC16: 17 | AD16: 0
A17: 44301 | B17: 23.68 | C17: 4.706304 | D17: 4.706304 | E17: 5.28384 | F17: 2.473728 | G17: 3.492096 | H17: 2.9888 | I17: 1.415552 | J17: 1.832192 | K17: 3.973632 | L17: 0 | M17: 15041 | N17: 5539 | O17: 10929 | P17: 0 | Q17: 0 | R17: 3978 | S17: 1513 | T17: 3448 | U17: 0 | V17: =SUM(Q17:U17) -> 8939 | W17: =20.99*0.04 -> 0.8396 | X17: 43 | Y17: 31 | Z17: 58 | AA17: 29 | AB17: 195 | AC17: 0 | AD17: 0
A18: 44302 | B18: 25 | C18: 4.752384 | D18: 4.752384 | E18: 5.048832 | F18: 2.064896 | G18: 3.111168 | H18: 3.030272 | I18: 1.464064 | J18: 1.789184 | K18: 3.975168 | L18: 0 | M18: 11919 | N18: 7377 | O18: 11116 | P18: 0 | Q18: 0 | R18: 3226 | S18: 1993 | T18: 3472 | U18: 0 | V18: =SUM(Q18:U18) -> 8691 | W18: =20.99*0.04 -> 0.8396 | X18: 40 | Y18: 12 | Z18: 158 | AA18: 101 | AB18: 168 | AC18: 123 | AD18: 0
A19: 44303 | B19: 28.95 | C19: 5.13024 | D19: 5.13024 | E19: 5.164544 | F19: 2.438656 | G19: 3.340288 | H19: 3.15264 | I19: 1.183744 | J19: 1.924608 | K19: 3.575808 | L19: 0 | M19: 15396 | N19: 8058 | O19: 8349 | P19: 0 | Q19: 0 | R19: 4034 | S19: 2186 | T19: 2611 | U19: 0 | V19: =SUM(Q19:U19) -> 8831 | W19: =20.99*0.04 -> 0.8396 | X19: 40 | Y19: 0 | Z19: 115 | AA19: 233 | AB19: 110 | AC19: 92 | AD19: 0
A20: 44304 | B20: 32.89 | C20: 4.962304 | D20: 4.962304 | E20: 4.941312 | F20: 2.129408 | G20: 2.8608 | H20: 2.911744 | I20: 1.496448 | J20: 1.814784 | K20: 3.896832 | L20: 0 | M20: 13522 | N20: 11862 | O20: 4230 | P20: 0 | Q20: 0 | R20: 3771 | S20: 3197 | T20: 1321 | U20: 0 | V20: =SUM(Q20:U20) -> 8289 | W20: =20.99*0.04 -> 0.8396 | X20: 40 | Y20: 38 | Z20: 137 | AA20: 69 | AB20: 135 | AC20: 47 | AD20: 0
A21: 44305 | B21: 40.79 | C21: 4.634112 | D21: 4.634112 | E21: 5.011968 | F21: 1.952768 | G21: 2.766848 | H21: 2.607104 | I21: 1.520384 | J21: 1.614336 | K21: 3.936768 | L21: 0 | M21: 4069 | N21: 10585 | O21: 13125 | P21: 0 | Q21: 0 | R21: 955 | S21: 2864 | T21: 4150 | U21: 0 | V21: =SUM(Q21:U21) -> 7969 | W21: =19.78*0.06 -> 1.1868 | X21: 43 | Y21: 36 | Z21: 101 | AA21: 76 | AB21: 121 | AC21: 82 | AD21: 0
A22: 44306 | B22: 43.42 | C22: 5.256704 | D22: 5.256704 | E22: 5.30176 | F22: 2.034944 | G22: 3.218176 | H22: 2.962176 | I22: 1.50656 | J22: 1.682176 | K22: 4.007424 | L22: 0 | M22: 11256 | N22: 7940 | O22: 4325 | P22: 6977 | Q22: 0 | R22: 2873 | S22: 2138 | T22: 1335 | U22: 1826 | V22: =SUM(Q22:U22) -> 8172 | W22: =19.78*0.06 -> 1.1868 | X22: 46 | Y22: 24 | Z22: 164 | AA22: 97 | AB22: 125 | AC22: 0 | AD22: 0
A23: 44307 | B23: 52.63 | C23: 4.254208 | D23: 4.254208 | E23: 4.769792 | F23: 1.658112 | G23: 2.482688 | H23: 2.368768 | I23: 1.512192 | J23: 1.531392 | K23: 3.828736 | L23: 0 | M23: 14257 | N23: 0 | O23: 4215 | P23: 8353 | Q23: 0 | R23: 3813 | S23: 0 | T23: 1327 | U23: 2241 | V23: =SUM(Q23:U23) -> 7381 | W23: =19.78*0.06 -> 1.1868 | X23: 43 | Y23: 46 | Z23: 101 | AA23: 80 | AB23: 173 | AC23: 51 | AD23: 0
A24: 44308 | B24: 62.3 | C24: 4.888576 | D24: 4.888576 | E24: 5.152768 | F24: 1.848832 | G24: 2.811136 | H24: 2.686208 | I24: 1.291904 | J24: 1.623296 | K24: 3.71456 | L24: 0 | M24: 10308 | N24: 11275 | O24: 7665 | P24: 0 | Q24: 0 | R24: 2222 | S24: 3053 | T24: 2420 | U24: 0 | V24: =SUM(Q24:U24) -> 7695 | W24: =19.78*0.06 -> 1.1868 | X24: 47 | Y24: 13 | Z24: 94 | AA24: 7 | AB24: 135 | AC24: 77 | AD24: 0
A25: 44309 | B25: 60.66 | C25: 5.488128 | D25: 5.488128 | E25: 5.36576 | F25: 2.078464 | G25: 3.297792 | H25: 3.007232 | I25: 1.461632 | J25: 1.74976 | K25: 4.020224 | L25: 0 | M25: 10976 | N25: 8072 | O25: 4807 | P25: 7833 | Q25: 0 | R25: 2761 | S25: 2179 | T25: 1595 | U25: 2131 | V25: =SUM(Q25:U25) -> 8666 | W25: =19.78*0.06 -> 1.1868 | X25: 47 | Y25: 13 | Z25: 98 | AA25: 135 | AB25: 146 | AC25: 89 | AD25: 0
A26: 44310 | B26: 59.02 | C26: 5.3248 | D26: 5.3248 | E26: 5.353472 | F26: 2.099712 | G26: 3.177216 | H26: 2.957312 | I26: 1.1616 | J26: 1.938432 | K26: 3.774464 | L26: 0 | M26: 8448 | N26: 10723 | O26: 0 | P26: 10307 | Q26: 0 | R26: 2228 | S26: 2655 | T26: 0 | U26: 2626 | V26: =SUM(Q26:U26) -> 7509 | W26: =19.78*0.06 -> 1.1868 | X26: 41 | Y26: 29 | Z26: 93 | AA26: 152 | AB26: 131 | AC26: 121 | AD26: 0
A27: 44311 | B27: 56.45 | C27: 5.231616 | D27: 5.231616 | E27: 5.074944 | F27: 2.03776 | G27: 3.009536 | H27: 2.708992 | I27: 1.458048 | J27: 1.789952 | K27: 4.017664 | L27: 0 | M27: 11171 | N27: 11167 | O27: 4504 | P27: 3763 | Q27: 0 | R27: 2907 | S27: 2964 | T27: 1437 | U27: 1031 | V27: =SUM(Q27:U27) -> 8339 | W27: =19.78*0.06 -> 1.1868 | X27: 50 | Y27: 29 | Z27: 84 | AA27: 234 | AB27: 134 | AC27: 121 | AD27: 0
A28: 44312 | B28: 50 | C28: 5.39392 | D28: 5.39392 | E28: 5.302272 | F28: 1.874432 | G28: 3.07584 | H28: 2.8416 | I28: 1.392896 | J28: 1.705984 | K28: 4.127744 | L28: 0 | M28: 4229 | N28: 4342 | O28: 12292 | P28: 0 | Q28: 0 | R28: 1170 | S28: 1225 | T28: 3859 | U28: 0 | V28: =SUM(Q28:U28) -> 6254 | W28: =19.78*0.06 -> 1.1868 | X28: 50 | Y28: 31 | Z28: 95 | AA28: 133 | AB28: 136 | AC28: 64 | AD28: 0
A29: 44313 | B29: 42.31 | C29: 5.528064 | D29: 5.528064 | E29: 5.366272 | F29: 2.061824 | G29: 3.201024 | H29: 3.021568 | I29: 1.430016 | J29: 1.667328 | K29: 4.161024 | L29: 0 | M29: 16092 | N29: 2219 | O29: 11296 | P29: 11600 | Q29: 0 | R29: 4192 | S29: 586 | T29: 3446 | U29: 3176 | V29: =SUM(Q29:U29) -> 11400 | W29: =19.78*0.06 -> 1.1868 | X29: 47 | Y29: 32 | Z29: 96 | AA29: 63 | AB29: 147 | AC29: 14 | AD29: 0
A30: 44314 | B30: 40.51 | C30: 5.111808 | D30: 5.111808 | E30: 5.253632 | F30: 1.920256 | G30: 3.119104 | H30: 2.79808 | I30: 1.451264 | J30: 1.797888 | K30: 4.069888 | L30: 0 | M30: 3885 | N30: 7253 | O30: 0 | P30: 10085 | Q30: 0 | R30: 1071 | S30: 1950 | T30: 0 | U30: 2518 | V30: =SUM(Q30:U30) -> 5539 | W30: =19.78*0.06 -> 1.1868 | X30: 44 | Y30: 26 | Z30: 80 | AA30: 89 | AB30: 129 | AC30: 23 | AD30: 0
A31: 44315 | B31: 39.24 | C31: 5.668864 | D31: 5.668864 | E31: 5.506048 | F31: 1.952 | G31: 3.43424 | H31: 3.149824 | I31: 1.43936 | J31: 1.88672 | K31: 4.012544 | L31: 0 | M31: 13354 | N31: 4870 | O31: 10342 | P31: 4811 | Q31: 0 | R31: 3386 | S31: 1314 | T31: 10342 | U31: 1412 | V31: =SUM(Q31:U31) -> 16454 | W31: =19.78*0.06 -> 1.1868 | X31: 50 | Y31: 29 | Z31: 82 | AA31: 105 | AB31: 144 | AC31: 12 | AD31: 0
A32: 44316 | B32: 45 | C32: 5.671424 | D32: 5.671424 | E32: 5.392384 | F32: 1.936896 | G32: 3.221248 | H32: 3.106048 | I32: 1.442304 | J32: 1.846528 | K32: 4.11392 | L32: 0 | M32: 3480 | N32: 1730 | O32: 14589 | P32: 8801 | Q32: 0 | R32: 1066 | S32: 488 | T32: 4385 | U32: 2329 | V32: =SUM(Q32:U32) -> 8268 | W32: =19.78*0.06 -> 1.1868 | X32: 48 | Y32: 11 | Z32: 56 | AA32: 98 | AB32: 149 | AC32: 5 | AD32: 0
J34: KWH CONSUMED | K34: PER ENGINE | L34: =SUM(L3:L33) -> 53426 | M34: =SUM(M3:M33) -> 305434 | N34: =SUM(N3:N33) -> 217338 | O34: =SUM(O3:O33) -> 262687 | P34: =SUM(P3:P33) -> 72530
J35: FUEL BURN | K35: PER ENGINE | Q35: =SUM(Q3:Q33) -> 15051 | R35: =SUM(R3:R33) -> 79780 | S35: =SUM(S3:S33) -> 58210 | T35: =SUM(T3:T33) -> 88134 | U35: =SUM(U3:U33) -> 19290 | V35: =SUM(V3:V33) -> 260465
