Workbook

Sheet TOTAL
A1: Site Name | B1: Day | C1: Month | D1: Year | E1: Total Electricity Kwh | F1: Electricity Tariff ($/Kwh) | G1: Natual Gas (m3) | H1: Natural Gas $/m3 | I1: Water Utility Supply (m3) m3 | J1: Water Utility Supply (m3) $/m3 | K1: Total Guests | L1: Room Nights
A2: Prague | B2: 1 | C2: 12 | D2: 2020 | E2: ='FS Prague'!B4 -> 6389 | F2: 0.099 | G2: ='FS Prague'!C4 -> 659 | H2: 0.28 | I2: ='FS Prague'!D4 -> 14 | J2: 3.272 | K2: ='FS Prague'!J4 -> 30 | L2: ='FS Prague'!K4 -> 27
A3: Prague | B3: =B2+1 -> 2 | C3: 12 | D3: 2020 | E3: ='FS Prague'!B5 -> 6570 | F3: 0.099 | G3: ='FS Prague'!C5 -> 910 | H3: 0.28 | I3: ='FS Prague'!D5 -> 17 | J3: 3.272 | K3: ='FS Prague'!J5 -> 25 | L3: ='FS Prague'!K5 -> 25
A4: Prague | B4: =B3+1 -> 3 | C4: 12 | D4: 2020 | E4: ='FS Prague'!B6 -> 6082 | F4: 0.099 | G4: ='FS Prague'!C6 -> 931 | H4: 0.28 | I4: ='FS Prague'!D6 -> 11 | J4: 3.272 | K4: ='FS Prague'!J6 -> 7 | L4: ='FS Prague'!K6 -> 3
A5: Prague | B5: =B4+1 -> 4 | C5: 12 | D5: 2020 | E5: ='FS Prague'!B7 -> 5710 | F5: 0.099 | G5: ='FS Prague'!C7 -> 852 | H5: 0.28 | I5: ='FS Prague'!D7 -> 6 | J5: 3.272 | K5: ='FS Prague'!J7 -> 5 | L5: ='FS Prague'!K7 -> 2
A6: Prague | B6: =B5+1 -> 5 | C6: 12 | D6: 2020 | E6: ='FS Prague'!B8 -> 5693 | F6: 0.099 | G6: ='FS Prague'!C8 -> 990 | H6: 0.28 | I6: ='FS Prague'!D8 -> 6 | J6: 3.272 | K6: ='FS Prague'!J8 -> 0 | L6: ='FS Prague'!K8 -> 0
A7: Prague | B7: =B6+1 -> 6 | C7: 12 | D7: 2020 | E7: ='FS Prague'!B9 -> 5964 | F7: 0.099 | G7: ='FS Prague'!C9 -> 1172 | H7: 0.28 | I7: ='FS Prague'!D9 -> 9 | J7: 3.272 | K7: ='FS Prague'!J9 -> 0 | L7: ='FS Prague'!K9 -> 0
A8: Prague | B8: =B7+1 -> 7 | C8: 12 | D8: 2020 | E8: ='FS Prague'!B10 -> 5517 | F8: 0.099 | G8: ='FS Prague'!C10 -> 1109 | H8: 0.28 | I8: ='FS Prague'!D10 -> 8 | J8: 3.272 | K8: ='FS Prague'!J10 -> 0 | L8: ='FS Prague'!K10 -> 0
A9: Prague | B9: =B8+1 -> 8 | C9: 12 | D9: 2020 | E9: ='FS Prague'!B11 -> 5391 | F9: 0.099 | G9: ='FS Prague'!C11 -> 948 | H9: 0.28 | I9: ='FS Prague'!D11 -> 7 | J9: 3.272 | K9: ='FS Prague'!J11 -> 0 | L9: ='FS Prague'!K11 -> 0
A10: Prague | B10: =B9+1 -> 9 | C10: 12 | D10: 2020 | E10: ='FS Prague'!B12 -> 5418 | F10: 0.099 | G10: ='FS Prague'!C12 -> 652 | H10: 0.28 | I10: ='FS Prague'!D12 -> 8 | J10: 3.272 | K10: ='FS Prague'!J12 -> 0 | L10: ='FS Prague'!K12 -> 0
A11: Prague | B11: =B10+1 -> 10 | C11: 12 | D11: 2020 | E11: ='FS Prague'!B13 -> 4893 | F11: 0.099 | G11: ='FS Prague'!C13 -> 504 | H11: 0.28 | I11: ='FS Prague'!D13 -> 7 | J11: 3.272 | K11: ='FS Prague'!J13 -> 0 | L11: ='FS Prague'!K13 -> 0
A12: Prague | B12: =B11+1 -> 11 | C12: 12 | D12: 2020 | E12: ='FS Prague'!B14 -> 4055 | F12: 0.099 | G12: ='FS Prague'!C14 -> 487 | H12: 0.28 | I12: ='FS Prague'!D14 -> 6 | J12: 3.272 | K12: ='FS Prague'!J14 -> 0 | L12: ='FS Prague'!K14 -> 0
A13: Prague | B13: =B12+1 -> 12 | C13: 12 | D13: 2020 | E13: ='FS Prague'!B15 -> 4658 | F13: 0.099 | G13: ='FS Prague'!C15 -> 844 | H13: 0.28 | I13: ='FS Prague'!D15 -> 6 | J13: 3.272 | K13: ='FS Prague'!J15 -> 1 | L13: ='FS Prague'!K15 -> 1
A14: Prague | B14: =B13+1 -> 13 | C14: 12 | D14: 2020 | E14: ='FS Prague'!B16 -> 5121 | F14: 0.099 | G14: ='FS Prague'!C16 -> 833 | H14: 0.28 | I14: ='FS Prague'!D16 -> 10 | J14: 3.272 | K14: ='FS Prague'!J16 -> 1 | L14: ='FS Prague'!K16 -> 1
... A32: Prague | B32: =B31+1 -> 31 | C32: 12 | D32: 2020 | E32: ='FS Prague'!B34 -> 0 | F32: 0.099 | G32: ='FS Prague'!C34 -> 0 | H32: 0.28 | I32: ='FS Prague'!D34 -> 0 | J32: 3.272 | K32: ='FS Prague'!J34 -> 0 | L32: ='FS Prague'!K34 -> 0

Sheet FS Prague
A1: Four Seasons Hotel Prague - Utilities Daily Consumption - APRIL 2021
A2: DATE | B2: Electricity | C2: Gas | D2: Water | F2: Temperature °C | J2: Guests | K2: Room Night | L2: MTG
B3: [kWh] | C3: [m3] | D3: [m3] | F3: min. ČR | G3: max. ČR | H3: FSHP-max | J3: in house | K3: rooms | L3: rooms
A4: 1 | B4: 6389 | C4: 659 | D4: 14 | F4: 6 | G4: 22 | H4: 20 | J4: 30 | K4: 27 | L4: 0
A5: 2 | B5: 6570 | C5: 910 | D5: 17 | F5: 5 | G5: 9 | H5: 9 | J5: 25 | K5: 25 | L5: 0
A6: 3 | B6: 6082 | C6: 931 | D6: 11 | F6: 3 | G6: 8 | H6: 8 | J6: 7 | K6: 3 | L6: 0
A7: 4 | B7: 5710 | C7: 852 | D7: 6 | F7: -2 | G7: 11 | H7: 12 | J7: 5 | K7: 2 | L7: 0
A8: 5 | B8: 5693 | C8: 990 | D8: 6 | F8: -2 | G8: 12 | H8: 12 | J8: 0 | K8: 0 | L8: 0
A9: 6 | B9: 5964 | C9: 1172 | D9: 9 | F9: -3 | G9: 5 | H9: 5 | J9: 0 | K9: 0 | L9: 0
A10: 7 | B10: 5517 | C10: 1109 | D10: 8 | F10: -2 | G10: 6 | H10: 6 | J10: 0 | K10: 0 | L10: 0
A11: 8 | B11: 5391 | C11: 948 | D11: 7 | F11: 0 | G11: 7 | H11: 7 | J11: 0 | K11: 0 | L11: 0
A12: 9 | B12: 5418 | C12: 652 | D12: 8 | F12: -1 | G12: 15 | H12: 15 | J12: 0 | K12: 0 | L12: 0
A13: 10 | B13: 4893 | C13: 504 | D13: 7 | F13: 5 | G13: 14 | H13: 14 | J13: 0 | K13: 0 | L13: 0
A14: 11 | B14: 4055 | C14: 487 | D14: 6 | F14: 3 | G14: 19 | H14: 18 | J14: 0 | K14: 0 | L14: 0
A15: 12 | B15: 4658 | C15: 844 | D15: 6 | F15: 2 | G15: 12 | H15: 14 | J15: 1 | K15: 1 | L15: 0
... A33: 30 | B33: 5530 | C33: 518 | D33: 15 | F33: 7 | G33: 18 | H33: 18 | J33: 14 | K33: 8 | L33: 0
A35: TOTAL | B35: =SUM(B4:B34) -> 151399 | C35: =SUM(C4:C34) -> 22341 | D35: =SUM(D4:D34) -> 261 | F35: =AVERAGE(F4:F34) -> 2.1666667 | G35: =AVERAGE(G4:G34) -> 11.866667 | H35: =AVERAGE(H4:H34) -> 12.166667 | J35: =SUM(J4:J34) -> 149 | K35: =SUM(K4:K34) -> 124 | L35: =SUM(L4:L34) -> 0
A36: AVG | B36: =AVERAGE(B4:B34) -> 5046.6333 | C36: =AVERAGE(C4:C34) -> 744.7 | D36: =AVERAGE(D4:D34) -> 8.7
B37: Average consumption per guest
B38: =B35/J35 -> 1016.1007 | C38: =C35/J35 -> 149.9396 | D38: =D35/J35 -> 1.7516779
A41: OpticLab | B41: 72046
A42: Stefano Ricci | B42: 56648
