Workbook

Sheet TOTAL
A1: Site Name | B1: Day | C1: Month | D1: Year | E1: Total Electricity Kwh | F1: Electricity Tariff ($/Kwh) | G1: LPG (Kg) | H1: LPG $/Kg | I1: Water Utility Supply (m3) m3 | J1: Water Utility Supply (m3) $/m3 | K1: Irrigation Water (m3) m3 | L1: Irrigation water $/m3 | M1: Room Nights
A2: Seychelles | B2: 1 | C2: 5 | D2: 2021 | E2: ='Submetering '!O2+'Submetering '!P2+'Submetering '!Q2+'Submetering '!R2+'Submetering '!S2 -> 35076 | F2: =('FS Seychelles'!W3*'FS Seychelles'!X3)/TOTAL!E2 -> 0.2551741 | G2: ='Submetering '!AB2 -> 0 | H2: 18.9 | I2: ='FS Seychelles'!Y3+'FS Seychelles'!AA3+'FS Seychelles'!AB3+'FS Seychelles'!AC3 -> 310 | J2: 0 | K2: ='Submetering '!Z2 -> 4 | L2: 0 | M2: ='FS Seychelles'!B3 -> 45
A3: Seychelles | B3: =B2+1 -> 2 | C3: 5 | D3: 2021 | E3: ='Submetering '!O3+'Submetering '!P3+'Submetering '!Q3+'Submetering '!R3+'Submetering '!S3 -> 32383 | F3: =('FS Seychelles'!W4*'FS Seychelles'!X4)/TOTAL!E3 -> 0.27195585 | G3: ='Submetering '!AB3 -> 0 | H3: =H2 -> 18.9 | I3: ='FS Seychelles'!Y4+'FS Seychelles'!AA4+'FS Seychelles'!AB4+'FS Seychelles'!AC4 -> 375 | J3: =J2 -> 0 | K3: ='Submetering '!Z3 -> 4 | L3: =L2 -> 0 | M3: ='FS Seychelles'!B4 -> 55.26
A4: Seychelles | B4: =B3+1 -> 3 | C4: 5 | D4: 2021 | E4: ='Submetering '!O4+'Submetering '!P4+'Submetering '!Q4+'Submetering '!R4+'Submetering '!S4 -> 34173 | F4: =('FS Seychelles'!W5*'FS Seychelles'!X5)/TOTAL!E4 -> 0.268805 | G4: ='Submetering '!AB4 -> 0 | H4: =H3 -> 18.9 | I4: ='FS Seychelles'!Y5+'FS Seychelles'!AA5+'FS Seychelles'!AB5+'FS Seychelles'!AC5 -> 328 | J4: =J3 -> 0 | K4: ='Submetering '!Z4 -> 3 | L4: =L3 -> 0 | M4: ='FS Seychelles'!B5 -> 52.63
A5: Seychelles | B5: =B4+1 -> 4 | C5: 5 | D5: 2021 | E5: ='Submetering '!O5+'Submetering '!P5+'Submetering '!Q5+'Submetering '!R5+'Submetering '!S5 -> 25537 | F5: =('FS Seychelles'!W6*'FS Seychelles'!X6)/TOTAL!E5 -> 0.26779803 | G5: ='Submetering '!AB5 -> 0 | H5: =H4 -> 18.9 | I5: ='FS Seychelles'!Y6+'FS Seychelles'!AA6+'FS Seychelles'!AB6+'FS Seychelles'!AC6 -> 428 | J5: =J4 -> 0 | K5: ='Submetering '!Z5 -> 62 | L5: =L4 -> 0 | M5: ='FS Seychelles'!B6 -> 60.53
A6: Seychelles | B6: =B5+1 -> 5 | C6: 5 | D6: 2021 | E6: ='Submetering '!O6+'Submetering '!P6+'Submetering '!Q6+'Submetering '!R6+'Submetering '!S6 -> 31490 | F6: =('FS Seychelles'!W7*'FS Seychelles'!X7)/TOTAL!E6 -> 0.27050813 | G6: ='Submetering '!AB6 -> 0 | H6: =H5 -> 18.9 | I6: ='FS Seychelles'!Y7+'FS Seychelles'!AA7+'FS Seychelles'!AB7+'FS Seychelles'!AC7 -> 370 | J6: =J5 -> 0 | K6: ='Submetering '!Z6 -> 91 | L6: =L5 -> 0 | M6: ='FS Seychelles'!B7 -> 57.89
A7: Seychelles | B7: =B6+1 -> 6 | C7: 5 | D7: 2021 | E7: ='Submetering '!O7+'Submetering '!P7+'Submetering '!Q7+'Submetering '!R7+'Submetering '!S7 -> 44518 | F7: =('FS Seychelles'!W8*'FS Seychelles'!X8)/TOTAL!E7 -> 0.26465432 | G7: ='Submetering '!AB7 -> 0 | H7: =H6 -> 18.9 | I7: ='FS Seychelles'!Y8+'FS Seychelles'!AA8+'FS Seychelles'!AB8+'FS Seychelles'!AC8 -> 410 | J7: =J6 -> 0 | K7: ='Submetering '!Z7 -> 46 | L7: =L6 -> 0 | M7: ='FS Seychelles'!B8 -> 61.84
A8: Seychelles | B8: =B7+1 -> 7 | C8: 5 | D8: 2021 | E8: ='Submetering '!O8+'Submetering '!P8+'Submetering '!Q8+'Submetering '!R8+'Submetering '!S8 -> 20892 | F8: =('FS Seychelles'!W9*'FS Seychelles'!X9)/TOTAL!E8 -> 0.25844466 | G8: ='Submetering '!AB8 -> 0 | H8: =H7 -> 18.9 | I8: ='FS Seychelles'!Y9+'FS Seychelles'!AA9+'FS Seychelles'!AB9+'FS Seychelles'!AC9 -> 414 | J8: =J7 -> 0 | K8: ='Submetering '!Z8 -> 86 | L8: =L7 -> 0 | M8: ='FS Seychelles'!B9 -> 68.42
A9: Seychelles | B9: =B8+1 -> 8 | C9: 5 | D9: 2021 | E9: ='Submetering '!O9+'Submetering '!P9+'Submetering '!Q9+'Submetering '!R9+'Submetering '!S9 -> 30487 | F9: =('FS Seychelles'!W10*'FS Seychelles'!X10)/TOTAL!E9 -> 0.26940846 | G9: ='Submetering '!AB9 -> 0 | H9: =H8 -> 18.9 | I9: ='FS Seychelles'!Y10+'FS Seychelles'!AA10+'FS Seychelles'!AB10+'FS Seychelles'!AC10 -> 435 | J9: =J8 -> 0 | K9: ='Submetering '!Z9 -> 128 | L9: =L8 -> 0 | M9: ='FS Seychelles'!B10 -> 69.73
A10: Seychelles | B10: =B9+1 -> 9 | C10: 5 | D10: 2021 | E10: ='Submetering '!O10+'Submetering '!P10+'Submetering '!Q10+'Submetering '!R10+'Submetering '!S10 -> 21171 | F10: =('FS Seychelles'!W11*'FS Seychelles'!X14)/TOTAL!E10 -> 0 | G10: ='Submetering '!AB10 -> 0 | H10: =H9 -> 18.9 | I10: ='FS Seychelles'!Y11+'FS Seychelles'!AA11+'FS Seychelles'!AB11+'FS Seychelles'!AC11 -> 352 | J10: =J9 -> 0 | K10: ='Submetering '!Z10 -> 74 | L10: =L9 -> 0 | M10: ='FS Seychelles'!B11 -> 64.47
A11: Seychelles | B11: =B10+1 -> 10 | C11: 5 | D11: 2021 | E11: ='Submetering '!O11+'Submetering '!P11+'Submetering '!Q11+'Submetering '!R11+'Submetering '!S11 -> 28949 | F11: =('FS Seychelles'!W12*'FS Seychelles'!X12)/TOTAL!E11 -> 0.26406034 | G11: ='Submetering '!AB11 -> 0 | H11: =H10 -> 18.9 | I11: ='FS Seychelles'!Y12+'FS Seychelles'!AA12+'FS Seychelles'!AB12+'FS Seychelles'!AC12 -> 0 | J11: =J10 -> 0 | K11: ='Submetering '!Z11 -> 0 | L11: =L10 -> 0 | M11: ='FS Seychelles'!B12 -> 44.74
A12: Seychelles | B12: =B11+1 -> 11 | C12: 5 | D12: 2021 | E12: ='Submetering '!O12+'Submetering '!P12+'Submetering '!Q12+'Submetering '!R12+'Submetering '!S12 -> 30508 | F12: =('FS Seychelles'!W13*'FS Seychelles'!X13)/TOTAL!E12 -> 0.2675967 | G12: ='Submetering '!AB12 -> 0 | H12: =H11 -> 18.9 | I12: ='FS Seychelles'!Y13+'FS Seychelles'!AA13+'FS Seychelles'!AB13+'FS Seychelles'!AC13 -> 370 | J12: =J11 -> 0 | K12: ='Submetering '!Z12 -> 52 | L12: =L11 -> 0 | M12: ='FS Seychelles'!B13 -> 46.05
A13: Seychelles | B13: =B12+1 -> 12 | C13: 5 | D13: 2021 | E13: ='Submetering '!O13+'Submetering '!P13+'Submetering '!Q13+'Submetering '!R13+'Submetering '!S13 -> 0 | F13: =('FS Seychelles'!W14*'FS Seychelles'!#REF!)/TOTAL!E13 -> #REF! | G13: ='Submetering '!AB13 -> 0 | H13: =H12 -> 18.9 | I13: ='FS Seychelles'!Y14+'FS Seychelles'!AA14+'FS Seychelles'!AB14+'FS Seychelles'!AC14 -> 0 | J13: =J12 -> 0 | K13: ='Submetering '!Z13 -> 0 | L13: =L12 -> 0 | M13: ='FS Seychelles'!B14 -> 0
A14: Seychelles | B14: =B13+1 -> 13 | C14: 5 | D14: 2021 | E14: ='Submetering '!O14+'Submetering '!P14+'Submetering '!Q14+'Submetering '!R14+'Submetering '!S14 -> 0 | F14: =('FS Seychelles'!W15*'FS Seychelles'!X15)/TOTAL!E14 -> #DIV/0! | G14: ='Submetering '!AB14 -> 0 | H14: =H13 -> 18.9 | I14: ='FS Seychelles'!Y15+'FS Seychelles'!AA15+'FS Seychelles'!AB15+'FS Seychelles'!AC15 -> 0 | J14: =J13 -> 0 | K14: ='Submetering '!Z14 -> 0 | L14: =L13 -> 0 | M14: ='FS Seychelles'!B15 -> 0
A15: Seychelles | B15: =B14+1 -> 14 | C15: 5 | D15: 2021 | E15: ='Submetering '!O15+'Submetering '!P15+'Submetering '!Q15+'Submetering '!R15+'Submetering '!S15 -> 0 | F15: =('FS Seychelles'!W16*'FS Seychelles'!X16)/TOTAL!E15 -> #DIV/0! | G15: ='Submetering '!AB15 -> 0 | H15: =H14 -> 18.9 | I15: ='FS Seychelles'!Y16+'FS Seychelles'!AA16+'FS Seychelles'!AB16+'FS Seychelles'!AC16 -> 0 | J15: =J14 -> 0 | K15: ='Submetering '!Z15 -> 0 | L15: =L14 -> 0 | M15: ='FS Seychelles'!B16 -> 0
A16: Seychelles | B16: =B15+1 -> 15 | C16: 5 | D16: 2021 | E16: ='Submetering '!O16+'Submetering '!P16+'Submetering '!Q16+'Submetering '!R16+'Submetering '!S16 -> 0 | F16: =('FS Seychelles'!W17*'FS Seychelles'!X17)/TOTAL!E16 -> #DIV/0! | G16: ='Submetering '!AB16 -> 0 | H16: =H15 -> 18.9 | I16: ='FS Seychelles'!Y17+'FS Seychelles'!AA17+'FS Seychelles'!AB17+'FS Seychelles'!AC17 -> 0 | J16: =J15 -> 0 | K16: ='Submetering '!Z16 -> 0 | L16: =L15 -> 0 | M16: ='FS Seychelles'!B17 -> 0
A17: Seychelles | B17: =B16+1 -> 16 | C17: 5 | D17: 2021 | E17: ='Submetering '!O17+'Submetering '!P17+'Submetering '!Q17+'Submetering '!R17+'Submetering '!S17 -> 0 | F17: =('FS Seychelles'!W18*'FS Seychelles'!X18)/TOTAL!E17 -> #DIV/0! | G17: ='Submetering '!AB17 -> 0 | H17: =H16 -> 18.9 | I17: ='FS Seychelles'!Y18+'FS Seychelles'!AA18+'FS Seychelles'!AB18+'FS Seychelles'!AC18 -> 0 | J17: =J16 -> 0 | K17: ='Submetering '!Z17 -> 0 | L17: =L16 -> 0 | M17: ='FS Seychelles'!B18 -> 0
A18: Seychelles | B18: =B17+1 -> 17 | C18: 5 | D18: 2021 | E18: ='Submetering '!O18+'Submetering '!P18+'Submetering '!Q18+'Submetering '!R18+'Submetering '!S18 -> 0 | F18: =('FS Seychelles'!W19*'FS Seychelles'!X19)/TOTAL!E18 -> #DIV/0! | G18: ='Submetering '!AB18 -> 0 | H18: =H17 -> 18.9 | I18: ='FS Seychelles'!Y19+'FS Seychelles'!AA19+'FS Seychelles'!AB19+'FS Seychelles'!AC19 -> 0 | J18: =J17 -> 0 | K18: ='Submetering '!Z18 -> 0 | L18: =L17 -> 0 | M18: ='FS Seychelles'!B19 -> 0
A19: Seychelles | B19: =B18+1 -> 18 | C19: 5 | D19: 2021 | E19: ='Submetering '!O19+'Submetering '!P19+'Submetering '!Q19+'Submetering '!R19+'Submetering '!S19 -> 0 | F19: =('FS Seychelles'!W20*'FS Seychelles'!X20)/TOTAL!E19 -> #DIV/0! | G19: ='Submetering '!AB19 -> 0 | H19: =H18 -> 18.9 | I19: ='FS Seychelles'!Y20+'FS Seychelles'!AA20+'FS Seychelles'!AB20+'FS Seychelles'!AC20 -> 0 | J19: =J18 -> 0 | K19: ='Submetering '!Z19 -> 0 | L19: =L18 -> 0 | M19: ='FS Seychelles'!B20 -> 0
A20: Seychelles | B20: =B19+1 -> 19 | C20: 5 | D20: 2021 | E20: ='Submetering '!O20+'Submetering '!P20+'Submetering '!Q20+'Submetering '!R20+'Submetering '!S20 -> 0 | F20: =('FS Seychelles'!W21*'FS Seychelles'!X21)/TOTAL!E20 -> #DIV/0! | G20: ='Submetering '!AB20 -> 0 | H20: =H19 -> 18.9 | I20: ='FS Seychelles'!Y21+'FS Seychelles'!AA21+'FS Seychelles'!AB21+'FS Seychelles'!AC21 -> 0 | J20: =J19 -> 0 | K20: ='Submetering '!Z20 -> 0 | L20: =L19 -> 0 | M20: ='FS Seychelles'!B21 -> 0
A21: Seychelles | B21: =B20+1 -> 20 | C21: 5 | D21: 2021 | E21: ='Submetering '!O21+'Submetering '!P21+'Submetering '!Q21+'Submetering '!R21+'Submetering '!S21 -> 0 | F21: =('FS Seychelles'!W22*'FS Seychelles'!X22)/TOTAL!E21 -> #DIV/0! | G21: ='Submetering '!AB21 -> 0 | H21: =H20 -> 18.9 | I21: ='FS Seychelles'!Y22+'FS Seychelles'!AA22+'FS Seychelles'!AB22+'FS Seychelles'!AC22 -> 0 | J21: =J20 -> 0 | K21: ='Submetering '!Z21 -> 0 | L21: =L20 -> 0 | M21: ='FS Seychelles'!B22 -> 0
A22: Seychelles | B22: =B21+1 -> 21 | C22: 5 | D22: 2021 | E22: ='Submetering '!O22+'Submetering '!P22+'Submetering '!Q22+'Submetering '!R22+'Submetering '!S22 -> 0 | F22: =('FS Seychelles'!W23*'FS Seychelles'!X23)/TOTAL!E22 -> #DIV/0! | G22: ='Submetering '!AB22 -> #REF! | H22: =H21 -> 18.9 | I22: ='FS Seychelles'!Y23+'FS Seychelles'!AA23+'FS Seychelles'!AB23+'FS Seychelles'!AC23 -> 0 | J22: =J21 -> 0 | K22: ='Submetering '!Z22 -> 0 | L22: =L21 -> 0 | M22: ='FS Seychelles'!B23 -> 0
A23: Seychelles | B23: =B22+1 -> 22 | C23: 5 | D23: 2021 | E23: ='Submetering '!O23+'Submetering '!P23+'Submetering '!Q23+'Submetering '!R23+'Submetering '!S23 -> 0 | F23: =('FS Seychelles'!W24*'FS Seychelles'!X24)/TOTAL!E23 -> #DIV/0! | G23: ='Submetering '!AB23 -> #REF! | H23: =H22 -> 18.9 | I23: ='FS Seychelles'!Y24+'FS Seychelles'!AA24+'FS Seychelles'!AB24+'FS Seychelles'!AC24 -> 0 | J23: =J22 -> 0 | K23: ='Submetering '!Z23 -> 0 | L23: =L22 -> 0 | M23: ='FS Seychelles'!B24 -> 0
A24: Seychelles | B24: =B23+1 -> 23 | C24: 5 | D24: 2021 | E24: ='Submetering '!O24+'Submetering '!P24+'Submetering '!Q24+'Submetering '!R24+'Submetering '!S24 -> 0 | F24: =('FS Seychelles'!W25*'FS Seychelles'!X25)/TOTAL!E24 -> #DIV/0! | G24: ='Submetering '!AB24 -> #REF! | H24: =H23 -> 18.9 | I24: ='FS Seychelles'!Y25+'FS Seychelles'!AA25+'FS Seychelles'!AB25+'FS Seychelles'!AC25 -> 0 | J24: =J23 -> 0 | K24: ='Submetering '!Z24 -> 0 | L24: =L23 -> 0 | M24: ='FS Seychelles'!B25 -> 0
A25: Seychelles | B25: =B24+1 -> 24 | C25: 5 | D25: 2021 | E25: ='Submetering '!O25+'Submetering '!P25+'Submetering '!Q25+'Submetering '!R25+'Submetering '!S25 -> 0 | F25: =('FS Seychelles'!W26*'FS Seychelles'!X26)/TOTAL!E25 -> #DIV/0! | G25: ='Submetering '!AB25 -> #REF! | H25: =H24 -> 18.9 | I25: ='FS Seychelles'!Y26+'FS Seychelles'!AA26+'FS Seychelles'!AB26+'FS Seychelles'!AC26 -> 0 | J25: =J24 -> 0 | K25: ='Submetering '!Z25 -> 0 | L25: =L24 -> 0 | M25: ='FS Seychelles'!B26 -> 0
... A32: Seychelles | B32: =B31+1 -> 31 | C32: 5 | D32: 2021 | E32: ='Submetering '!O32+'Submetering '!P32+'Submetering '!Q32+'Submetering '!R32+'Submetering '!S32 -> 0 | F32: =('FS Seychelles'!W33*'FS Seychelles'!X33)/TOTAL!E32 -> #DIV/0! | G32: ='Submetering '!AB32 -> #REF! | H32: =H31 -> 18.9 | I32: ='FS Seychelles'!Y33+'FS Seychelles'!AA33+'FS Seychelles'!AB33+'FS Seychelles'!AC33 -> 0 | J32: =J31 -> 0 | K32: ='Submetering '!Z32 -> 0 | L32: =L31 -> 0 | M32: ='FS Seychelles'!B33 -> 0

Sheet Submetering 
A1: Site Name | B1: Day | C1: Month | D1: Year | E1: Room Night | F1: SS-A - KWh | G1: SS-B- KWh | H1: SS-C- KWh | I1: SS-D1- KWh | J1: SS-D2- KWh | K1: SS-E- KWh | L1: FIRE PUMP- KWh | M1: CASINO- KWh | N1: BOH- KWh | O1: Generator#1 - KWh | P1: Generator#2- KWh | Q1: Generator#3- KWh | R1: Generator#4- KWh | S1: Generator#5- KWh | T1: DIESEL - Liter | U1: BOH Water- m3 | V1: E-Resort- m3 | W1: North RVs- m3 | X1: WT59- m3 | Y1: WT08- m3 | Z1: PUC (HOH)- m3 | AA1: PUC (Resort) - m3 | AB1: LPG (Kg)
A2: Seychelles | B2: 1 | C2: 5 | D2: 2021 | E2: ='FS Seychelles'!B3 -> 45 | F2: ='FS Seychelles'!D3*1000 -> 0 | G2: ='FS Seychelles'!E3*1000 -> 0 | H2: ='FS Seychelles'!F3*1000 -> 0 | I2: ='FS Seychelles'!G3*1000 -> 0 | J2: ='FS Seychelles'!H3*1000 -> 0 | K2: ='FS Seychelles'!I3*1000 -> 0 | L2: ='FS Seychelles'!J3*1000 -> 0 | M2: ='FS Seychelles'!K3*1000 -> 0 | N2: ='FS Seychelles'!L3*1000 -> 0 | O2: ='FS Seychelles'!M3 -> 0 | P2: ='FS Seychelles'!N3 -> 6868 | Q2: ='FS Seychelles'!O3 -> 7735 | R2: ='FS Seychelles'!P3 -> 11302 | S2: ='FS Seychelles'!Q3 -> 9171 | T2: ='FS Seychelles'!W3 -> 9278 | U2: ='FS Seychelles'!Y3 -> 51 | V2: ='FS Seychelles'!Z3 -> 47 | W2: ='FS Seychelles'!AA3 -> 38 | X2: ='FS Seychelles'!AB3 -> 77 | Y2: ='FS Seychelles'!AC3 -> 144 | Z2: ='FS Seychelles'!AD3 -> 4 | AA2: ='FS Seychelles'!AE3 -> 0 | AB2: =('FS Seychelles'!AH9+'FS Seychelles'!AH15)/30 -> 0
A3: Seychelles | B3: =B2+1 -> 2 | C3: 5 | D3: 2021 | E3: ='FS Seychelles'!B4 -> 55.26 | F3: ='FS Seychelles'!D4*1000 -> 0 | G3: ='FS Seychelles'!E4*1000 -> 0 | H3: ='FS Seychelles'!F4*1000 -> 0 | I3: ='FS Seychelles'!G4*1000 -> 0 | J3: ='FS Seychelles'!H4*1000 -> 0 | K3: ='FS Seychelles'!I4*1000 -> 0 | L3: ='FS Seychelles'!J4*1000 -> 0 | M3: ='FS Seychelles'!K4*1000 -> 0 | N3: ='FS Seychelles'!L4*1000 -> 0 | O3: ='FS Seychelles'!M4 -> 0 | P3: ='FS Seychelles'!N4 -> 9662 | Q3: ='FS Seychelles'!O4 -> 6534 | R3: ='FS Seychelles'!P4 -> 16187 | S3: ='FS Seychelles'!Q4 -> 0 | T3: ='FS Seychelles'!W4 -> 9129 | U3: ='FS Seychelles'!Y4 -> 54 | V3: ='FS Seychelles'!Z4 -> 26 | W3: ='FS Seychelles'!AA4 -> 73 | X3: ='FS Seychelles'!AB4 -> 101 | Y3: ='FS Seychelles'!AC4 -> 147 | Z3: ='FS Seychelles'!AD4 -> 4 | AA3: ='FS Seychelles'!AE4 -> 0 | AB3: =('FS Seychelles'!AH10+'FS Seychelles'!AH16)/30 -> 0
A4: Seychelles | B4: =B3+1 -> 3 | C4: 5 | D4: 2021 | E4: ='FS Seychelles'!B5 -> 52.63 | F4: ='FS Seychelles'!D5*1000 -> 0 | G4: ='FS Seychelles'!E5*1000 -> 0 | H4: ='FS Seychelles'!F5*1000 -> 0 | I4: ='FS Seychelles'!G5*1000 -> 0 | J4: ='FS Seychelles'!H5*1000 -> 0 | K4: ='FS Seychelles'!I5*1000 -> 0 | L4: ='FS Seychelles'!J5*1000 -> 0 | M4: ='FS Seychelles'!K5*1000 -> 0 | N4: ='FS Seychelles'!L5*1000 -> 0 | O4: ='FS Seychelles'!M5 -> 0 | P4: ='FS Seychelles'!N5 -> 9674 | Q4: ='FS Seychelles'!O5 -> 6545 | R4: ='FS Seychelles'!P5 -> 9089 | S4: ='FS Seychelles'!Q5 -> 8865 | T4: ='FS Seychelles'!W5 -> 9522 | U4: ='FS Seychelles'!Y5 -> 55 | V4: ='FS Seychelles'!Z5 -> 20 | W4: ='FS Seychelles'!AA5 -> 57 | X4: ='FS Seychelles'!AB5 -> 87 | Y4: ='FS Seychelles'!AC5 -> 129 | Z4: ='FS Seychelles'!AD5 -> 3 | AA4: ='FS Seychelles'!AE5 -> 0 | AB4: =('FS Seychelles'!AH11+'FS Seychelles'!AH17)/30 -> 0
A5: Seychelles | B5: =B4+1 -> 4 | C5: 5 | D5: 2021 | E5: ='FS Seychelles'!B6 -> 60.53 | F5: ='FS Seychelles'!D6*1000 -> 0 | G5: ='FS Seychelles'!E6*1000 -> 0 | H5: ='FS Seychelles'!F6*1000 -> 0 | I5: ='FS Seychelles'!G6*1000 -> 0 | J5: ='FS Seychelles'!H6*1000 -> 0 | K5: ='FS Seychelles'!I6*1000 -> 0 | L5: ='FS Seychelles'!J6*1000 -> 0 | M5: ='FS Seychelles'!K6*1000 -> 0 | N5: ='FS Seychelles'!L6*1000 -> 0 | O5: ='FS Seychelles'!M6 -> 0 | P5: ='FS Seychelles'!N6 -> 5980 | Q5: ='FS Seychelles'!O6 -> 11921 | R5: ='FS Seychelles'!P6 -> 7636 | S5: ='FS Seychelles'!Q6 -> 0 | T5: ='FS Seychelles'!W6 -> 7089 | U5: ='FS Seychelles'!Y6 -> 53 | V5: ='FS Seychelles'!Z6 -> 31 | W5: ='FS Seychelles'!AA6 -> 106 | X5: ='FS Seychelles'!AB6 -> 97 | Y5: ='FS Seychelles'!AC6 -> 172 | Z5: ='FS Seychelles'!AD6 -> 62 | AA5: ='FS Seychelles'!AE6 -> 0 | AB5: =('FS Seychelles'!AH12+'FS Seychelles'!AH18)/30 -> 0
A6: Seychelles | B6: =B5+1 -> 5 | C6: 5 | D6: 2021 | E6: ='FS Seychelles'!B7 -> 57.89 | F6: ='FS Seychelles'!D7*1000 -> 0 | G6: ='FS Seychelles'!E7*1000 -> 0 | H6: ='FS Seychelles'!F7*1000 -> 0 | I6: ='FS Seychelles'!G7*1000 -> 0 | J6: ='FS Seychelles'!H7*1000 -> 0 | K6: ='FS Seychelles'!I7*1000 -> 0 | L6: ='FS Seychelles'!J7*1000 -> 0 | M6: ='FS Seychelles'!K7*1000 -> 0 | N6: ='FS Seychelles'!L7*1000 -> 0 | O6: ='FS Seychelles'!M7 -> 0 | P6: ='FS Seychelles'!N7 -> 9975 | Q6: ='FS Seychelles'!O7 -> 4629 | R6: ='FS Seychelles'!P7 -> 8474 | S6: ='FS Seychelles'!Q7 -> 8412 | T6: ='FS Seychelles'!W7 -> 8830 | U6: ='FS Seychelles'!Y7 -> 57 | V6: ='FS Seychelles'!Z7 -> 64 | W6: ='FS Seychelles'!AA7 -> 72 | X6: ='FS Seychelles'!AB7 -> 97 | Y6: ='FS Seychelles'!AC7 -> 144 | Z6: ='FS Seychelles'!AD7 -> 91 | AA6: ='FS Seychelles'!AE7 -> 0 | AB6: =('FS Seychelles'!AH13+'FS Seychelles'!AH19)/30 -> 0
A7: Seychelles | B7: =B6+1 -> 6 | C7: 5 | D7: 2021 | E7: ='FS Seychelles'!B8 -> 61.84 | F7: ='FS Seychelles'!D8*1000 -> 0 | G7: ='FS Seychelles'!E8*1000 -> 0 | H7: ='FS Seychelles'!F8*1000 -> 0 | I7: ='FS Seychelles'!G8*1000 -> 0 | J7: ='FS Seychelles'!H8*1000 -> 0 | K7: ='FS Seychelles'!I8*1000 -> 0 | L7: ='FS Seychelles'!J8*1000 -> 0 | M7: ='FS Seychelles'!K8*1000 -> 0 | N7: ='FS Seychelles'!L8*1000 -> 0 | O7: ='FS Seychelles'!M8 -> 0 | P7: ='FS Seychelles'!N8 -> 10607 | Q7: ='FS Seychelles'!O8 -> 9131 | R7: ='FS Seychelles'!P8 -> 12870 | S7: ='FS Seychelles'!Q8 -> 11910 | T7: ='FS Seychelles'!W8 -> 12213 | U7: ='FS Seychelles'!Y8 -> 58 | V7: ='FS Seychelles'!Z8 -> 22 | W7: ='FS Seychelles'!AA8 -> 78 | X7: ='FS Seychelles'!AB8 -> 123 | Y7: ='FS Seychelles'!AC8 -> 151 | Z7: ='FS Seychelles'!AD8 -> 46 | AA7: ='FS Seychelles'!AE8 -> 0 | AB7: =('FS Seychelles'!AH14+'FS Seychelles'!AH20)/30 -> 0
A8: Seychelles | B8: =B7+1 -> 7 | C8: 5 | D8: 2021 | E8: ='FS Seychelles'!B9 -> 68.42 | F8: ='FS Seychelles'!D9*1000 -> 0 | G8: ='FS Seychelles'!E9*1000 -> 0 | H8: ='FS Seychelles'!F9*1000 -> 0 | I8: ='FS Seychelles'!G9*1000 -> 0 | J8: ='FS Seychelles'!H9*1000 -> 0 | K8: ='FS Seychelles'!I9*1000 -> 0 | L8: ='FS Seychelles'!J9*1000 -> 0 | M8: ='FS Seychelles'!K9*1000 -> 0 | N8: ='FS Seychelles'!L9*1000 -> 0 | O8: ='FS Seychelles'!M9 -> 0 | P8: ='FS Seychelles'!N9 -> 12118 | Q8: ='FS Seychelles'!O9 -> 4235 | R8: ='FS Seychelles'!P9 -> 0 | S8: ='FS Seychelles'!Q9 -> 4539 | T8: ='FS Seychelles'!W9 -> 5597 | U8: ='FS Seychelles'!Y9 -> 52 | V8: ='FS Seychelles'!Z9 -> 19 | W8: ='FS Seychelles'!AA9 -> 68 | X8: ='FS Seychelles'!AB9 -> 108 | Y8: ='FS Seychelles'!AC9 -> 186 | Z8: ='FS Seychelles'!AD9 -> 86 | AA8: ='FS Seychelles'!AE9 -> 0 | AB8: =('FS Seychelles'!AH15+'FS Seychelles'!AH21)/30 -> 0
A9: Seychelles | B9: =B8+1 -> 8 | C9: 5 | D9: 2021 | E9: ='FS Seychelles'!B10 -> 69.73 | F9: ='FS Seychelles'!D10*1000 -> 0 | G9: ='FS Seychelles'!E10*1000 -> 0 | H9: ='FS Seychelles'!F10*1000 -> 0 | I9: ='FS Seychelles'!G10*1000 -> 0 | J9: ='FS Seychelles'!H10*1000 -> 0 | K9: ='FS Seychelles'!I10*1000 -> 0 | L9: ='FS Seychelles'!J10*1000 -> 0 | M9: ='FS Seychelles'!K10*1000 -> 0 | N9: ='FS Seychelles'!L10*1000 -> 0 | O9: ='FS Seychelles'!M10 -> 0 | P9: ='FS Seychelles'!N10 -> 10401 | Q9: ='FS Seychelles'!O10 -> 5213 | R9: ='FS Seychelles'!P10 -> 11081 | S9: ='FS Seychelles'!Q10 -> 3792 | T9: ='FS Seychelles'!W10 -> 8514 | U9: ='FS Seychelles'!Y10 -> 53 | V9: ='FS Seychelles'!Z10 -> 23 | W9: ='FS Seychelles'!AA10 -> 64 | X9: ='FS Seychelles'!AB10 -> 155 | Y9: ='FS Seychelles'!AC10 -> 163 | Z9: ='FS Seychelles'!AD10 -> 128 | AA9: ='FS Seychelles'!AE10 -> 0 | AB9: =('FS Seychelles'!AH16+'FS Seychelles'!AH22)/30 -> 0
A10: Seychelles | B10: =B9+1 -> 9 | C10: 5 | D10: 2021 | E10: ='FS Seychelles'!B11 -> 64.47 | F10: ='FS Seychelles'!D11*1000 -> 0 | G10: ='FS Seychelles'!E11*1000 -> 0 | H10: ='FS Seychelles'!F11*1000 -> 0 | I10: ='FS Seychelles'!G11*1000 -> 0 | J10: ='FS Seychelles'!H11*1000 -> 0 | K10: ='FS Seychelles'!I11*1000 -> 0 | L10: ='FS Seychelles'!J11*1000 -> 0 | M10: ='FS Seychelles'!K11*1000 -> 0 | N10: ='FS Seychelles'!L11*1000 -> 0 | O10: ='FS Seychelles'!M11 -> 0 | P10: ='FS Seychelles'!N11 -> 0 | Q10: ='FS Seychelles'!O11 -> 7612 | R10: ='FS Seychelles'!P11 -> 12353 | S10: ='FS Seychelles'!Q11 -> 1206 | T10: ='FS Seychelles'!W11 -> 6940 | U10: ='FS Seychelles'!Y11 -> 49 | V10: ='FS Seychelles'!Z11 -> 27 | W10: ='FS Seychelles'!AA11 -> 54 | X10: ='FS Seychelles'!AB11 -> 83 | Y10: ='FS Seychelles'!AC11 -> 166 | Z10: ='FS Seychelles'!AD11 -> 74 | AA10: ='FS Seychelles'!AE11 -> 0 | AB10: =('FS Seychelles'!AH17+'FS Seychelles'!AH23)/30 -> 0
A11: Seychelles | B11: =B10+1 -> 10 | C11: 5 | D11: 2021 | E11: ='FS Seychelles'!B12 -> 44.74 | F11: ='FS Seychelles'!D12*1000 -> 0 | G11: ='FS Seychelles'!E12*1000 -> 0 | H11: ='FS Seychelles'!F12*1000 -> 0 | I11: ='FS Seychelles'!G12*1000 -> 0 | J11: ='FS Seychelles'!H12*1000 -> 0 | K11: ='FS Seychelles'!I12*1000 -> 0 | L11: ='FS Seychelles'!J12*1000 -> 0 | M11: ='FS Seychelles'!K12*1000 -> 0 | N11: ='FS Seychelles'!L12*1000 -> 0 | O11: ='FS Seychelles'!M12 -> 0 | P11: ='FS Seychelles'!N12 -> 8861 | Q11: ='FS Seychelles'!O12 -> 5932 | R11: ='FS Seychelles'!P12 -> 8844 | S11: ='FS Seychelles'!Q12 -> 5312 | T11: ='FS Seychelles'!W12 -> 7924 | U11: ='FS Seychelles'!Y12 -> 0 | V11: ='FS Seychelles'!Z12 -> 0 | W11: ='FS Seychelles'!AA12 -> 0 | X11: ='FS Seychelles'!AB12 -> 0 | Y11: ='FS Seychelles'!AC12 -> 0 | Z11: ='FS Seychelles'!AD12 -> 0 | AA11: ='FS Seychelles'!AE12 -> 0 | AB11: =('FS Seychelles'!AH18+'FS Seychelles'!AH24)/30 -> 0
A12: Seychelles | B12: =B11+1 -> 11 | C12: 5 | D12: 2021 | E12: ='FS Seychelles'!B13 -> 46.05 | F12: ='FS Seychelles'!D13*1000 -> 0 | G12: ='FS Seychelles'!E13*1000 -> 0 | H12: ='FS Seychelles'!F13*1000 -> 0 | I12: ='FS Seychelles'!G13*1000 -> 0 | J12: ='FS Seychelles'!H13*1000 -> 0 | K12: ='FS Seychelles'!I13*1000 -> 0 | L12: ='FS Seychelles'!J13*1000 -> 0 | M12: ='FS Seychelles'!K13*1000 -> 0 | N12: ='FS Seychelles'!L13*1000 -> 0 | O12: ='FS Seychelles'!M13 -> 0 | P12: ='FS Seychelles'!N13 -> 10450 | Q12: ='FS Seychelles'!O13 -> 5287 | R12: ='FS Seychelles'!P13 -> 10291 | S12: ='FS Seychelles'!Q13 -> 4480 | T12: ='FS Seychelles'!W13 -> 8504 | U12: ='FS Seychelles'!Y13 -> 55 | V12: ='FS Seychelles'!Z13 -> 36 | W12: ='FS Seychelles'!AA13 -> 67 | X12: ='FS Seychelles'!AB13 -> 118 | Y12: ='FS Seychelles'!AC13 -> 130 | Z12: ='FS Seychelles'!AD13 -> 52 | AA12: ='FS Seychelles'!AE13 -> 0 | AB12: =('FS Seychelles'!AH19+'FS Seychelles'!AH25)/30 -> 0
A13: Seychelles | B13: =B12+1 -> 12 | C13: 5 | D13: 2021 | E13: ='FS Seychelles'!B14 -> 0 | F13: ='FS Seychelles'!D14*1000 -> 0 | G13: ='FS Seychelles'!E14*1000 -> 0 | H13: ='FS Seychelles'!F14*1000 -> 0 | I13: ='FS Seychelles'!G14*1000 -> 0 | J13: ='FS Seychelles'!H14*1000 -> 0 | K13: ='FS Seychelles'!I14*1000 -> 0 | L13: ='FS Seychelles'!J14*1000 -> 0 | M13: ='FS Seychelles'!K14*1000 -> 0 | N13: ='FS Seychelles'!L14*1000 -> 0 | O13: ='FS Seychelles'!M14 -> 0 | P13: ='FS Seychelles'!N14 -> 0 | Q13: ='FS Seychelles'!O14 -> 0 | R13: ='FS Seychelles'!P14 -> 0 | S13: ='FS Seychelles'!Q14 -> 0 | T13: ='FS Seychelles'!W14 -> 0 | U13: ='FS Seychelles'!Y14 -> 0 | V13: ='FS Seychelles'!Z14 -> 0 | W13: ='FS Seychelles'!AA14 -> 0 | X13: ='FS Seychelles'!AB14 -> 0 | Y13: ='FS Seychelles'!AC14 -> 0 | Z13: ='FS Seychelles'!AD14 -> 0 | AA13: ='FS Seychelles'!AE14 -> 0 | AB13: =('FS Seychelles'!AH20+'FS Seychelles'!AH26)/30 -> 0
A14: Seychelles | B14: =B13+1 -> 13 | C14: 5 | D14: 2021 | E14: ='FS Seychelles'!B15 -> 0 | F14: ='FS Seychelles'!D15*1000 -> 0 | G14: ='FS Seychelles'!E15*1000 -> 0 | H14: ='FS Seychelles'!F15*1000 -> 0 | I14: ='FS Seychelles'!G15*1000 -> 0 | J14: ='FS Seychelles'!H15*1000 -> 0 | K14: ='FS Seychelles'!I15*1000 -> 0 | L14: ='FS Seychelles'!J15*1000 -> 0 | M14: ='FS Seychelles'!K15*1000 -> 0 | N14: ='FS Seychelles'!L15*1000 -> 0 | O14: ='FS Seychelles'!M15 -> 0 | P14: ='FS Seychelles'!N15 -> 0 | Q14: ='FS Seychelles'!O15 -> 0 | R14: ='FS Seychelles'!P15 -> 0 | S14: ='FS Seychelles'!Q15 -> 0 | T14: ='FS Seychelles'!W15 -> 0 | U14: ='FS Seychelles'!Y15 -> 0 | V14: ='FS Seychelles'!Z15 -> 0 | W14: ='FS Seychelles'!AA15 -> 0 | X14: ='FS Seychelles'!AB15 -> 0 | Y14: ='FS Seychelles'!AC15 -> 0 | Z14: ='FS Seychelles'!AD15 -> 0 | AA14: ='FS Seychelles'!AE15 -> 0 | AB14: =('FS Seychelles'!AH21+'FS Seychelles'!AH27)/30 -> 0
A15: Seychelles | B15: =B14+1 -> 14 | C15: 5 | D15: 2021 | E15: ='FS Seychelles'!B16 -> 0 | F15: ='FS Seychelles'!D16*1000 -> 0 | G15: ='FS Seychelles'!E16*1000 -> 0 | H15: ='FS Seychelles'!F16*1000 -> 0 | I15: ='FS Seychelles'!G16*1000 -> 0 | J15: ='FS Seychelles'!H16*1000 -> 0 | K15: ='FS Seychelles'!I16*1000 -> 0 | L15: ='FS Seychelles'!J16*1000 -> 0 | M15: ='FS Seychelles'!K16*1000 -> 0 | N15: ='FS Seychelles'!L16*1000 -> 0 | O15: ='FS Seychelles'!M16 -> 0 | P15: ='FS Seychelles'!N16 -> 0 | Q15: ='FS Seychelles'!O16 -> 0 | R15: ='FS Seychelles'!P16 -> 0 | S15: ='FS Seychelles'!Q16 -> 0 | T15: ='FS Seychelles'!W17 -> 0 | U15: ='FS Seychelles'!Y16 -> 0 | V15: ='FS Seychelles'!Z16 -> 0 | W15: ='FS Seychelles'!AA16 -> 0 | X15: ='FS Seychelles'!AB16 -> 0 | Y15: ='FS Seychelles'!AC16 -> 0 | Z15: ='FS Seychelles'!AD16 -> 0 | AA15: ='FS Seychelles'!AE16 -> 0 | AB15: =('FS Seychelles'!AH22+'FS Seychelles'!AH28)/30 -> 0
A16: Seychelles | B16: =B15+1 -> 15 | C16: 5 | D16: 2021 | E16: ='FS Seychelles'!B17 -> 0 | F16: ='FS Seychelles'!D17*1000 -> 0 | G16: ='FS Seychelles'!E17*1000 -> 0 | H16: ='FS Seychelles'!F17*1000 -> 0 | I16: ='FS Seychelles'!G17*1000 -> 0 | J16: ='FS Seychelles'!H17*1000 -> 0 | K16: ='FS Seychelles'!I17*1000 -> 0 | L16: ='FS Seychelles'!J17*1000 -> 0 | M16: ='FS Seychelles'!K17*1000 -> 0 | N16: ='FS Seychelles'!L17*1000 -> 0 | O16: ='FS Seychelles'!M17 -> 0 | P16: ='FS Seychelles'!N17 -> 0 | Q16: ='FS Seychelles'!O17 -> 0 | R16: ='FS Seychelles'!P17 -> 0 | S16: ='FS Seychelles'!Q17 -> 0 | T16: ='FS Seychelles'!W18 -> 0 | U16: ='FS Seychelles'!Y17 -> 0 | V16: ='FS Seychelles'!Z17 -> 0 | W16: ='FS Seychelles'!AA17 -> 0 | X16: ='FS Seychelles'!AB17 -> 0 | Y16: ='FS Seychelles'!AC17 -> 0 | Z16: ='FS Seychelles'!AD17 -> 0 | AA16: ='FS Seychelles'!AE17 -> 0 | AB16: =('FS Seychelles'!AH23+'FS Seychelles'!AH29)/30 -> 0
A17: Seychelles | B17: =B16+1 -> 16 | C17: 5 | D17: 2021 | E17: ='FS Seychelles'!B18 -> 0 | F17: ='FS Seychelles'!D18*1000 -> 0 | G17: ='FS Seychelles'!E18*1000 -> 0 | H17: ='FS Seychelles'!F18*1000 -> 0 | I17: ='FS Seychelles'!G18*1000 -> 0 | J17: ='FS Seychelles'!H18*1000 -> 0 | K17: ='FS Seychelles'!I18*1000 -> 0 | L17: ='FS Seychelles'!J18*1000 -> 0 | M17: ='FS Seychelles'!K18*1000 -> 0 | N17: ='FS Seychelles'!L18*1000 -> 0 | O17: ='FS Seychelles'!M18 -> 0 | P17: ='FS Seychelles'!N18 -> 0 | Q17: ='FS Seychelles'!O18 -> 0 | R17: ='FS Seychelles'!P18 -> 0 | S17: ='FS Seychelles'!Q18 -> 0 | T17: ='FS Seychelles'!W18 -> 0 | U17: ='FS Seychelles'!Y18 -> 0 | V17: ='FS Seychelles'!Z18 -> 0 | W17: ='FS Seychelles'!AA18 -> 0 | X17: ='FS Seychelles'!AB18 -> 0 | Y17: ='FS Seychelles'!AC18 -> 0 | Z17: ='FS Seychelles'!AD18 -> 0 | AA17: ='FS Seychelles'!AE18 -> 0 | AB17: =('FS Seychelles'!AH24+'FS Seychelles'!AH30)/30 -> 0
A18: Seychelles | B18: =B17+1 -> 17 | C18: 5 | D18: 2021 | E18: ='FS Seychelles'!B19 -> 0 | F18: ='FS Seychelles'!D19*1000 -> 0 | G18: ='FS Seychelles'!E19*1000 -> 0 | H18: ='FS Seychelles'!F19*1000 -> 0 | I18: ='FS Seychelles'!G19*1000 -> 0 | J18: ='FS Seychelles'!H19*1000 -> 0 | K18: ='FS Seychelles'!I19*1000 -> 0 | L18: ='FS Seychelles'!J19*1000 -> 0 | M18: ='FS Seychelles'!K19*1000 -> 0 | N18: ='FS Seychelles'!L19*1000 -> 0 | O18: ='FS Seychelles'!M19 -> 0 | P18: ='FS Seychelles'!N19 -> 0 | Q18: ='FS Seychelles'!O19 -> 0 | R18: ='FS Seychelles'!P19 -> 0 | S18: ='FS Seychelles'!Q19 -> 0 | T18: ='FS Seychelles'!W19 -> 0 | U18: ='FS Seychelles'!Y19 -> 0 | V18: ='FS Seychelles'!Z19 -> 0 | W18: ='FS Seychelles'!AA19 -> 0 | X18: ='FS Seychelles'!AB19 -> 0 | Y18: ='FS Seychelles'!AC19 -> 0 | Z18: ='FS Seychelles'!AD19 -> 0 | AA18: ='FS Seychelles'!AE19 -> 0 | AB18: =('FS Seychelles'!AH25+'FS Seychelles'!AH31)/30 -> 0
A19: Seychelles | B19: =B18+1 -> 18 | C19: 5 | D19: 2021 | E19: ='FS Seychelles'!B20 -> 0 | F19: ='FS Seychelles'!D20*1000 -> 0 | G19: ='FS Seychelles'!E20*1000 -> 0 | H19: ='FS Seychelles'!F20*1000 -> 0 | I19: ='FS Seychelles'!G20*1000 -> 0 | J19: ='FS Seychelles'!H20*1000 -> 0 | K19: ='FS Seychelles'!I20*1000 -> 0 | L19: ='FS Seychelles'!J20*1000 -> 0 | M19: ='FS Seychelles'!K20*1000 -> 0 | N19: ='FS Seychelles'!L20*1000 -> 0 | O19: ='FS Seychelles'!M20 -> 0 | P19: ='FS Seychelles'!N20 -> 0 | Q19: ='FS Seychelles'!O20 -> 0 | R19: ='FS Seychelles'!P20 -> 0 | S19: ='FS Seychelles'!Q20 -> 0 | T19: ='FS Seychelles'!W20 -> 0 | U19: ='FS Seychelles'!Y20 -> 0 | V19: ='FS Seychelles'!Z20 -> 0 | W19: ='FS Seychelles'!AA20 -> 0 | X19: ='FS Seychelles'!AB20 -> 0 | Y19: ='FS Seychelles'!AC20 -> 0 | Z19: ='FS Seychelles'!AD20 -> 0 | AA19: ='FS Seychelles'!AE20 -> 0 | AB19: =('FS Seychelles'!AH26+'FS Seychelles'!AH32)/30 -> 0
A20: Seychelles | B20: =B19+1 -> 19 | C20: 5 | D20: 2021 | E20: ='FS Seychelles'!B21 -> 0 | F20: ='FS Seychelles'!D21*1000 -> 0 | G20: ='FS Seychelles'!E21*1000 -> 0 | H20: ='FS Seychelles'!F21*1000 -> 0 | I20: ='FS Seychelles'!G21*1000 -> 0 | J20: ='FS Seychelles'!H21*1000 -> 0 | K20: ='FS Seychelles'!I21*1000 -> 0 | L20: ='FS Seychelles'!J21*1000 -> 0 | M20: ='FS Seychelles'!K21*1000 -> 0 | N20: ='FS Seychelles'!L21*1000 -> 0 | O20: ='FS Seychelles'!M21 -> 0 | P20: ='FS Seychelles'!N21 -> 0 | Q20: ='FS Seychelles'!O21 -> 0 | R20: ='FS Seychelles'!P21 -> 0 | S20: ='FS Seychelles'!Q21 -> 0 | T20: ='FS Seychelles'!W21 -> 0 | U20: ='FS Seychelles'!Y21 -> 0 | V20: ='FS Seychelles'!Z21 -> 0 | W20: ='FS Seychelles'!AA21 -> 0 | X20: ='FS Seychelles'!AB21 -> 0 | Y20: ='FS Seychelles'!AC21 -> 0 | Z20: ='FS Seychelles'!AD21 -> 0 | AA20: ='FS Seychelles'!AE21 -> 0 | AB20: =('FS Seychelles'!AH27+'FS Seychelles'!AH33)/30 -> 0
A21: Seychelles | B21: =B20+1 -> 20 | C21: 5 | D21: 2021 | E21: ='FS Seychelles'!B22 -> 0 | F21: ='FS Seychelles'!D22*1000 -> 0 | G21: ='FS Seychelles'!E22*1000 -> 0 | H21: ='FS Seychelles'!F22*1000 -> 0 | I21: ='FS Seychelles'!G22*1000 -> 0 | J21: ='FS Seychelles'!H22*1000 -> 0 | K21: ='FS Seychelles'!I22*1000 -> 0 | L21: ='FS Seychelles'!J22*1000 -> 0 | M21: ='FS Seychelles'!K22*1000 -> 0 | N21: ='FS Seychelles'!L22*1000 -> 0 | O21: ='FS Seychelles'!M22 -> 0 | P21: ='FS Seychelles'!N22 -> 0 | Q21: ='FS Seychelles'!O22 -> 0 | R21: ='FS Seychelles'!P22 -> 0 | S21: ='FS Seychelles'!Q23 -> 0 | T21: ='FS Seychelles'!W22 -> 0 | U21: ='FS Seychelles'!Y22 -> 0 | V21: ='FS Seychelles'!Z22 -> 0 | W21: ='FS Seychelles'!AA22 -> 0 | X21: ='FS Seychelles'!AB22 -> 0 | Y21: ='FS Seychelles'!AC22 -> 0 | Z21: ='FS Seychelles'!AD22 -> 0 | AA21: ='FS Seychelles'!AE22 -> 0 | AB21: =('FS Seychelles'!AH28+'FS Seychelles'!AH34)/30 -> 0
A22: Seychelles | B22: =B21+1 -> 21 | C22: 5 | D22: 2021 | E22: ='FS Seychelles'!B23 -> 0 | F22: ='FS Seychelles'!D23*1000 -> 0 | G22: ='FS Seychelles'!E23*1000 -> 0 | H22: ='FS Seychelles'!F23*1000 -> 0 | I22: ='FS Seychelles'!G23*1000 -> 0 | J22: ='FS Seychelles'!H23*1000 -> 0 | K22: ='FS Seychelles'!I23*1000 -> 0 | L22: ='FS Seychelles'!J23*1000 -> 0 | M22: ='FS Seychelles'!K23*1000 -> 0 | N22: ='FS Seychelles'!L23*1000 -> 0 | O22: ='FS Seychelles'!M23 -> 0 | P22: ='FS Seychelles'!N23 -> 0 | Q22: ='FS Seychelles'!O23 -> 0 | R22: ='FS Seychelles'!P23 -> 0 | S22: ='FS Seychelles'!Q24 -> 0 | T22: ='FS Seychelles'!W23 -> 0 | U22: ='FS Seychelles'!Y23 -> 0 | V22: ='FS Seychelles'!Z23 -> 0 | W22: ='FS Seychelles'!AA23 -> 0 | X22: ='FS Seychelles'!AB23 -> 0 | Y22: ='FS Seychelles'!AC23 -> 0 | Z22: ='FS Seychelles'!AD23 -> 0 | AA22: ='FS Seychelles'!AE23 -> 0 | AB22: =('FS Seychelles'!AH29+'FS Seychelles'!#REF!)/30 -> #REF!
A23: Seychelles | B23: =B22+1 -> 22 | C23: 5 | D23: 2021 | E23: ='FS Seychelles'!B24 -> 0 | F23: ='FS Seychelles'!D24*1000 -> 0 | G23: ='FS Seychelles'!E24*1000 -> 0 | H23: ='FS Seychelles'!F24*1000 -> 0 | I23: ='FS Seychelles'!G24*1000 -> 0 | J23: ='FS Seychelles'!H24*1000 -> 0 | K23: ='FS Seychelles'!I24*1000 -> 0 | L23: ='FS Seychelles'!J24*1000 -> 0 | M23: ='FS Seychelles'!K24*1000 -> 0 | N23: ='FS Seychelles'!L24*1000 -> 0 | O23: ='FS Seychelles'!M24 -> 0 | P23: ='FS Seychelles'!N24 -> 0 | Q23: ='FS Seychelles'!O24 -> 0 | R23: ='FS Seychelles'!P24 -> 0 | S23: ='FS Seychelles'!Q25 -> 0 | T23: ='FS Seychelles'!W24 -> 0 | U23: ='FS Seychelles'!Y24 -> 0 | V23: ='FS Seychelles'!Z24 -> 0 | W23: ='FS Seychelles'!AA24 -> 0 | X23: ='FS Seychelles'!AB24 -> 0 | Y23: ='FS Seychelles'!AC24 -> 0 | Z23: ='FS Seychelles'!AD24 -> 0 | AA23: ='FS Seychelles'!AE24 -> 0 | AB23: =('FS Seychelles'!AH30+'FS Seychelles'!#REF!)/30 -> #REF!
A24: Seychelles | B24: =B23+1 -> 23 | C24: 5 | D24: 2021 | E24: ='FS Seychelles'!B25 -> 0 | F24: ='FS Seychelles'!D25*1000 -> 0 | G24: ='FS Seychelles'!E25*1000 -> 0 | H24: ='FS Seychelles'!F25*1000 -> 0 | I24: ='FS Seychelles'!G25*1000 -> 0 | J24: ='FS Seychelles'!H25*1000 -> 0 | K24: ='FS Seychelles'!I25*1000 -> 0 | L24: ='FS Seychelles'!J25*1000 -> 0 | M24: ='FS Seychelles'!K25*1000 -> 0 | N24: ='FS Seychelles'!L25*1000 -> 0 | O24: ='FS Seychelles'!M25 -> 0 | P24: ='FS Seychelles'!N25 -> 0 | Q24: ='FS Seychelles'!O25 -> 0 | R24: ='FS Seychelles'!P25 -> 0 | S24: ='FS Seychelles'!Q25 -> 0 | T24: ='FS Seychelles'!W25 -> 0 | U24: ='FS Seychelles'!Y25 -> 0 | V24: ='FS Seychelles'!Z25 -> 0 | W24: ='FS Seychelles'!AA25 -> 0 | X24: ='FS Seychelles'!AB25 -> 0 | Y24: ='FS Seychelles'!AC25 -> 0 | Z24: ='FS Seychelles'!AD25 -> 0 | AA24: ='FS Seychelles'!AE25 -> 0 | AB24: =('FS Seychelles'!AH31+'FS Seychelles'!#REF!)/30 -> #REF!
A25: Seychelles | B25: =B24+1 -> 24 | C25: 5 | D25: 2021 | E25: ='FS Seychelles'!B26 -> 0 | F25: ='FS Seychelles'!D26*1000 -> 0 | G25: ='FS Seychelles'!E26*1000 -> 0 | H25: ='FS Seychelles'!F26*1000 -> 0 | I25: ='FS Seychelles'!G26*1000 -> 0 | J25: ='FS Seychelles'!H26*1000 -> 0 | K25: ='FS Seychelles'!I26*1000 -> 0 | L25: ='FS Seychelles'!J26*1000 -> 0 | M25: ='FS Seychelles'!K26*1000 -> 0 | N25: ='FS Seychelles'!L26*1000 -> 0 | O25: ='FS Seychelles'!M26 -> 0 | P25: ='FS Seychelles'!N26 -> 0 | Q25: ='FS Seychelles'!O26 -> 0 | R25: ='FS Seychelles'!P26 -> 0 | S25: ='FS Seychelles'!Q26 -> 0 | T25: ='FS Seychelles'!W26 -> 0 | U25: ='FS Seychelles'!Y26 -> 0 | V25: ='FS Seychelles'!Z26 -> 0 | W25: ='FS Seychelles'!AA26 -> 0 | X25: ='FS Seychelles'!AB26 -> 0 | Y25: ='FS Seychelles'!AC26 -> 0 | Z25: ='FS Seychelles'!AD26 -> 0 | AA25: ='FS Seychelles'!AE26 -> 0 | AB25: =('FS Seychelles'!AH32+'FS Seychelles'!#REF!)/30 -> #REF!
A26: Seychelles | B26: =B25+1 -> 25 | C26: 5 | D26: 2021 | E26: ='FS Seychelles'!B27 -> 0 | F26: ='FS Seychelles'!D27*1000 -> 0 | G26: ='FS Seychelles'!E27*1000 -> 0 | H26: ='FS Seychelles'!F27*1000 -> 0 | I26: ='FS Seychelles'!G27*1000 -> 0 | J26: ='FS Seychelles'!H27*1000 -> 0 | K26: ='FS Seychelles'!I27*1000 -> 0 | L26: ='FS Seychelles'!J27*1000 -> 0 | M26: ='FS Seychelles'!K27*1000 -> 0 | N26: ='FS Seychelles'!L27*1000 -> 0 | O26: ='FS Seychelles'!M27 -> 0 | P26: ='FS Seychelles'!N27 -> 0 | Q26: ='FS Seychelles'!O27 -> 0 | R26: ='FS Seychelles'!P27 -> 0 | S26: ='FS Seychelles'!Q27 -> 0 | T26: ='FS Seychelles'!W27 -> 0 | U26: ='FS Seychelles'!Y27 -> 0 | V26: ='FS Seychelles'!Z27 -> 0 | W26: ='FS Seychelles'!AA27 -> 0 | X26: ='FS Seychelles'!AB27 -> 0 | Y26: ='FS Seychelles'!AC27 -> 0 | Z26: ='FS Seychelles'!AD27 -> 0 | AA26: ='FS Seychelles'!AE27 -> 0 | AB26: =('FS Seychelles'!AH33+'FS Seychelles'!#REF!)/30 -> #REF!
A27: Seychelles | B27: =B26+1 -> 26 | C27: 5 | D27: 2021 | E27: ='FS Seychelles'!B28 -> 0 | F27: ='FS Seychelles'!D28*1000 -> 0 | G27: ='FS Seychelles'!E28*1000 -> 0 | H27: ='FS Seychelles'!F28*1000 -> 0 | I27: ='FS Seychelles'!G28*1000 -> 0 | J27: ='FS Seychelles'!H28*1000 -> 0 | K27: ='FS Seychelles'!I28*1000 -> 0 | L27: ='FS Seychelles'!J28*1000 -> 0 | M27: ='FS Seychelles'!K28*1000 -> 0 | N27: ='FS Seychelles'!L28*1000 -> 0 | O27: ='FS Seychelles'!M28 -> 0 | P27: ='FS Seychelles'!N28 -> 0 | Q27: ='FS Seychelles'!O28 -> 0 | R27: ='FS Seychelles'!P28 -> 0 | S27: ='FS Seychelles'!Q28 -> 0 | T27: ='FS Seychelles'!W28 -> 0 | U27: ='FS Seychelles'!Y28 -> 0 | V27: ='FS Seychelles'!Z28 -> 0 | W27: ='FS Seychelles'!AA28 -> 0 | X27: ='FS Seychelles'!AB28 -> 0 | Y27: ='FS Seychelles'!AC28 -> 0 | Z27: ='FS Seychelles'!AD28 -> 0 | AA27: ='FS Seychelles'!AE28 -> 0 | AB27: =('FS Seychelles'!AH34+'FS Seychelles'!#REF!)/30 -> #REF!
A28: Seychelles | B28: =B27+1 -> 27 | C28: 5 | D28: 2021 | E28: ='FS Seychelles'!B29 -> 0 | F28: ='FS Seychelles'!D29*1000 -> 0 | G28: ='FS Seychelles'!E29*1000 -> 0 | H28: ='FS Seychelles'!F29*1000 -> 0 | I28: ='FS Seychelles'!G29*1000 -> 0 | J28: ='FS Seychelles'!H29*1000 -> 0 | K28: ='FS Seychelles'!I29*1000 -> 0 | L28: ='FS Seychelles'!J29*1000 -> 0 | M28: ='FS Seychelles'!K29*1000 -> 0 | N28: ='FS Seychelles'!L29*1000 -> 0 | O28: ='FS Seychelles'!M29 -> 0 | P28: ='FS Seychelles'!N29 -> 0 | Q28: ='FS Seychelles'!O29 -> 0 | R28: ='FS Seychelles'!P29 -> 0 | S28: ='FS Seychelles'!Q29 -> 0 | T28: ='FS Seychelles'!W29 -> 0 | U28: ='FS Seychelles'!Y29 -> 0 | V28: ='FS Seychelles'!Z29 -> 0 | W28: ='FS Seychelles'!AA29 -> 0 | X28: ='FS Seychelles'!AB29 -> 0 | Y28: ='FS Seychelles'!AC29 -> 0 | Z28: ='FS Seychelles'!AD29 -> 0 | AA28: ='FS Seychelles'!AE29 -> 0 | AB28: =('FS Seychelles'!#REF!+'FS Seychelles'!AH35)/30 -> #REF!
A29: Seychelles | B29: =B28+1 -> 28 | C29: 5 | D29: 2021 | E29: ='FS Seychelles'!B30 -> 0 | F29: ='FS Seychelles'!D30*1000 -> 0 | G29: ='FS Seychelles'!E30*1000 -> 0 | H29: ='FS Seychelles'!F30*1000 -> 0 | I29: ='FS Seychelles'!G30*1000 -> 0 | J29: ='FS Seychelles'!H30*1000 -> 0 | K29: ='FS Seychelles'!I30*1000 -> 0 | L29: ='FS Seychelles'!J30*1000 -> 0 | M29: ='FS Seychelles'!K30*1000 -> 0 | N29: ='FS Seychelles'!L30*1000 -> 0 | O29: ='FS Seychelles'!M30 -> 0 | P29: ='FS Seychelles'!N30 -> 0 | Q29: ='FS Seychelles'!O30 -> 0 | R29: ='FS Seychelles'!P30 -> 0 | S29: ='FS Seychelles'!Q30 -> 0 | T29: ='FS Seychelles'!W30 -> 0 | U29: ='FS Seychelles'!Y30 -> 0 | V29: ='FS Seychelles'!Z30 -> 0 | W29: ='FS Seychelles'!AA30 -> 0 | X29: ='FS Seychelles'!AB30 -> 0 | Y29: ='FS Seychelles'!AC30 -> 0 | Z29: ='FS Seychelles'!AD30 -> 0 | AA29: ='FS Seychelles'!AE30 -> 0 | AB29: =('FS Seychelles'!#REF!+'FS Seychelles'!AH36)/30 -> #REF!
A30: Seychelles | B30: =B29+1 -> 29 | C30: 5 | D30: 2021 | E30: ='FS Seychelles'!B31 -> 0 | F30: ='FS Seychelles'!D31*1000 -> 0 | G30: ='FS Seychelles'!E31*1000 -> 0 | H30: ='FS Seychelles'!F31*1000 -> 0 | I30: ='FS Seychelles'!G31*1000 -> 0 | J30: ='FS Seychelles'!H31*1000 -> 0 | K30: ='FS Seychelles'!I31*1000 -> 0 | L30: ='FS Seychelles'!J31*1000 -> 0 | M30: ='FS Seychelles'!K31*1000 -> 0 | N30: ='FS Seychelles'!L31*1000 -> 0 | O30: ='FS Seychelles'!M31 -> 0 | P30: ='FS Seychelles'!N31 -> 0 | Q30: ='FS Seychelles'!O31 -> 0 | R30: ='FS Seychelles'!P31 -> 0 | S30: ='FS Seychelles'!Q31 -> 0 | T30: ='FS Seychelles'!W31 -> 0 | U30: ='FS Seychelles'!Y31 -> 0 | V30: ='FS Seychelles'!Z31 -> 0 | W30: ='FS Seychelles'!AA31 -> 0 | X30: ='FS Seychelles'!AB31 -> 0 | Y30: ='FS Seychelles'!AC31 -> 0 | Z30: ='FS Seychelles'!AD31 -> 0 | AA30: ='FS Seychelles'!AE31 -> 0 | AB30: =('FS Seychelles'!#REF!+'FS Seychelles'!AH37)/30 -> #REF!
A31: Seychelles | B31: =B30+1 -> 30 | C31: 5 | D31: 2021 | E31: ='FS Seychelles'!B32 -> 0 | F31: ='FS Seychelles'!D32*1000 -> 0 | G31: ='FS Seychelles'!E32*1000 -> 0 | H31: ='FS Seychelles'!F32*1000 -> 0 | I31: ='FS Seychelles'!G32*1000 -> 0 | J31: ='FS Seychelles'!H32*1000 -> 0 | K31: ='FS Seychelles'!I32*1000 -> 0 | L31: ='FS Seychelles'!J32*1000 -> 0 | M31: ='FS Seychelles'!K32*1000 -> 0 | N31: ='FS Seychelles'!L32*1000 -> 0 | O31: ='FS Seychelles'!M32 -> 0 | P31: ='FS Seychelles'!N32 -> 0 | Q31: ='FS Seychelles'!O32 -> 0 | R31: ='FS Seychelles'!P32 -> 0 | S31: ='FS Seychelles'!Q32 -> 0 | T31: ='FS Seychelles'!W32 -> 0 | U31: ='FS Seychelles'!Y32 -> 0 | V31: ='FS Seychelles'!Z32 -> 0 | W31: ='FS Seychelles'!AA32 -> 0 | X31: ='FS Seychelles'!AB32 -> 0 | Y31: ='FS Seychelles'!AC32 -> 0 | Z31: ='FS Seychelles'!AD32 -> 0 | AA31: ='FS Seychelles'!AE32 -> 0 | AB31: =('FS Seychelles'!#REF!+'FS Seychelles'!AH38)/30 -> #REF!
A32: Seychelles | B32: =B31+1 -> 31 | C32: 5 | D32: 2021 | E32: ='FS Seychelles'!B33 -> 0 | F32: ='FS Seychelles'!D33*1000 -> 0 | G32: ='FS Seychelles'!E33*1000 -> 0 | H32: ='FS Seychelles'!F33*1000 -> 0 | I32: ='FS Seychelles'!G33*1000 -> 0 | J32: ='FS Seychelles'!H33*1000 -> 0 | K32: ='FS Seychelles'!I33*1000 -> 0 | L32: ='FS Seychelles'!J33*1000 -> 0 | M32: ='FS Seychelles'!K33*1000 -> 0 | N32: ='FS Seychelles'!L33*1000 -> 0 | O32: ='FS Seychelles'!M33 -> 0 | P32: ='FS Seychelles'!N33 -> 0 | Q32: ='FS Seychelles'!O33 -> 0 | R32: ='FS Seychelles'!P33 -> 0 | S32: ='FS Seychelles'!Q33 -> 0 | T32: ='FS Seychelles'!W33 -> 0 | U32: ='FS Seychelles'!Y33 -> 0 | V32: ='FS Seychelles'!Z33 -> 0 | W32: ='FS Seychelles'!AA33 -> 0 | X32: ='FS Seychelles'!AB33 -> 0 | Y32: ='FS Seychelles'!AC33 -> 0 | Z32: ='FS Seychelles'!AD33 -> 0 | AA32: ='FS Seychelles'!AE33 -> 0 | AB32: =('FS Seychelles'!#REF!+'FS Seychelles'!AH39)/30 -> #REF!
O33: =SUM(O2:O32) -> 0 | P33: =SUM(P2:P32) -> 94596 | Q33: =SUM(Q2:Q32) -> 74774 | R33: =SUM(R2:R32) -> 108127
R35: =SUM(O33:R33) -> 277497

Sheet FS Seychelles
A2: DATE | B2: Room Night % | C2: Food Covers | D2: SS-A (KWH) | E2: SS-B (KWH) | F2: SS-C (KWH) | G2: SS-D1 (KWH) | H2: SS-D2 (KWH) | I2: SS-E (KWH) | J2: FIRE PUMP (KWH) | K2: CASINO (KWH) | L2: BOH (KWH) | M2: Generator#1 (KWH) | N2: Generator#2 (KWH) | O2: Generator#3 (KWH) | P2: Generator#4 (KWH) | Q2: Generator#5 (KWH) | R2: Generator#1 (Liter) | S2: Generator#2 (Liter) | T2: Generator#3 (Liter) | U2: Generator#4 (Liter) | V2: Generator#5 (Liter) | W2: DIESEL (Liter) | X2: DIESEL TARIFF (Euro/Liter) | Y2: BOH Water (m3) | Z2: E-Resort (m3) | AA2: North RVs (m3) | AB2: WT59 (m3) | AC2: WT08 (m3) | AD2: PUC HOH (m3) | AE2: PUC Eresort (m3) | AF2: LPG (Kg)
A3: 44317 | B3: 45 | M3: 0 | N3: 6868 | O3: 7735 | P3: 11302 | Q3: 9171 | R3: 0 | S3: 1626 | T3: 1998 | U3: 3337 | V3: 2317 | W3: =SUM(R3:V3) -> 9278 | X3: =17.54*0.055 -> 0.9647 | Y3: 51 | Z3: 47 | AA3: 38 | AB3: 77 | AC3: 144 | AD3: 4 | AE3: 0 | AF3: CYLINDER DELIVERY (KG)
A4: 44318 | B4: 55.26 | M4: 0 | N4: 9662 | O4: 6534 | P4: 16187 | Q4: 0 | R4: 0 | S4: 2512 | T4: 1835 | U4: 4782 | V4: 0 | W4: =SUM(R4:V4) -> 9129 | X4: =17.54*0.055 -> 0.9647 | Y4: 54 | Z4: 26 | AA4: 73 | AB4: 101 | AC4: 147 | AD4: 4 | AE4: 0 | AF4: Unit (kg) | AG4: Quantity | AH4: Sub total
A5: 44319 | B5: 52.63 | M5: 0 | N5: 9674 | O5: 6545 | P5: 9089 | Q5: 8865 | R5: 0 | S5: 2565 | T5: 1764 | U5: 2689 | V5: 2504 | W5: =SUM(R5:V5) -> 9522 | X5: =17.54*0.055 -> 0.9647 | Y5: 55 | Z5: 20 | AA5: 57 | AB5: 87 | AC5: 129 | AD5: 3 | AE5: 0 | AF5: 4.5
A6: 44320 | B6: 60.53 | M6: 0 | N6: 5980 | O6: 11921 | P6: 7636 | Q6: 0 | R6: 0 | S6: 1576 | T6: 3208 | U6: 2305 | V6: 0 | W6: =SUM(R6:V6) -> 7089 | X6: =17.54*0.055 -> 0.9647 | Y6: 53 | Z6: 31 | AA6: 106 | AB6: 97 | AC6: 172 | AD6: 62 | AE6: 0 | AF6: 9
A7: 44321 | B7: 57.89 | M7: 0 | N7: 9975 | O7: 4629 | P7: 8474 | Q7: 8412 | R7: 0 | S7: 2673 | T7: 1244 | U7: 2573 | V7: 2340 | W7: =SUM(R7:V7) -> 8830 | X7: =17.54*0.055 -> 0.9647 | Y7: 57 | Z7: 64 | AA7: 72 | AB7: 97 | AC7: 144 | AD7: 91 | AE7: 0 | AF7: 5
A8: 44322 | B8: 61.84 | M8: 0 | N8: 10607 | O8: 9131 | P8: 12870 | Q8: 11910 | R8: 0 | S8: 2734 | T8: 2436 | U8: 3827 | V8: 3216 | W8: =SUM(R8:V8) -> 12213 | X8: =17.54*0.055 -> 0.9647 | Y8: 58 | Z8: 22 | AA8: 78 | AB8: 123 | AC8: 151 | AD8: 46 | AE8: 0 | AF8: 20
A9: 44323 | B9: 68.42 | M9: 0 | N9: 12118 | O9: 4235 | P9: 0 | Q9: 4539 | R9: 0 | S9: 3215 | T9: 1128 | U9: 0 | V9: 1254 | W9: =SUM(R9:V9) -> 5597 | X9: =17.54*0.055 -> 0.9647 | Y9: 52 | Z9: 19 | AA9: 68 | AB9: 108 | AC9: 186 | AD9: 86 | AE9: 0 | AF9: 10
A10: 44324 | B10: 69.73 | M10: 0 | N10: 10401 | O10: 5213 | P10: 11081 | Q10: 3792 | R10: 0 | S10: 2719 | T10: 1392 | U10: 3333 | V10: 1070 | W10: =SUM(R10:V10) -> 8514 | X10: =17.54*0.055 -> 0.9647 | Y10: 53 | Z10: 23 | AA10: 64 | AB10: 155 | AC10: 163 | AD10: 128 | AE10: 0 | AG10: Total | AH10: =SUM(AH6:AH9) -> 0
A11: 44325 | B11: 64.47 | M11: 0 | N11: 0 | O11: 7612 | P11: 12353 | Q11: 1206 | R11: 0 | S11: 0 | T11: 2067 | U11: 3667 | V11: 1206 | W11: =SUM(R11:V11) -> 6940 | X11: =17.54*0.055 -> 0.9647 | Y11: 49 | Z11: 27 | AA11: 54 | AB11: 83 | AC11: 166 | AD11: 74 | AE11: 0 | AF11: TRUCK DELIVERY (KG)
A12: 44326 | B12: 44.74 | M12: 0 | N12: 8861 | O12: 5932 | P12: 8844 | Q12: 5312 | R12: 0 | S12: 2307 | T12: 1596 | U12: 2663 | V12: 1358 | W12: =SUM(R12:V12) -> 7924 | X12: =17.54*0.055 -> 0.9647 | AE12: 0 | AG12: Sub Total
A13: 44327 | B13: 46.05 | M13: 0 | N13: 10450 | O13: 5287 | P13: 10291 | Q13: 4480 | R13: 0 | S13: 2737 | T13: 1425 | U13: 3094 | V13: 1248 | W13: =SUM(R13:V13) -> 8504 | X13: 0.96 | Y13: 55 | Z13: 36 | AA13: 67 | AB13: 118 | AC13: 130 | AD13: 52 | AE13: 0 | AF13: Sitronel
A14: 44328 | W14: =SUM(R14:V14) -> 0 | AE14: 0 | AF14: Zez
A15: 44329 | W15: =SUM(R15:V15) -> 0 | AE15: 0 | AG15: Total | AH15: =SUM(AG13:AH14) -> 0
A16: 44330 | W16: =SUM(R16:V16) -> 0 | AE16: 0
A17: 44331 | W17: =SUM(R17:V17) -> 0 | AE17: 0
A18: 44332 | W18: =SUM(R18:V18) -> 0 | AE18: 0
A19: 44333 | W19: =SUM(R19:V19) -> 0 | AE19: 0
A20: 44334 | W20: =SUM(R20:V20) -> 0 | AE20: 0
A21: 44335 | W21: =SUM(R21:V21) -> 0 | AE21: 0
A22: 44336 | W22: =SUM(R22:V22) -> 0 | AE22: 0
A23: 44337 | W23: =SUM(R23:V23) -> 0 | AE23: 0
A24: 44338 | W24: =SUM(R24:V24) -> 0 | AE24: 0
A25: 44339 | W25: =SUM(R25:V25) -> 0 | AE25: 0
A26: 44340 | W26: =SUM(R26:V26) -> 0 | AE26: 0
A27: 44341 | W27: =SUM(R27:V27) -> 0 | AE27: 0
... A32: 44346 | W32: =SUM(R32:V32) -> 0 | AE32: 0
A33: 44347 | W33: =SUM(R33:V33) -> 0
K34: KWH CONSUMED | L34: PER ENGINE | M34: =SUM(M3:M33) -> 0 | N34: =SUM(N3:N33) -> 94596 | O34: =SUM(O3:O33) -> 74774 | P34: =SUM(P3:P33) -> 108127 | Q34: =SUM(Q3:Q33) -> 57687
K35: FUEL BURN | L35: PER ENGINE | R35: =SUM(R3:R33) -> 0 | S35: =SUM(S3:S33) -> 24664 | T35: =SUM(T3:T33) -> 20093 | U35: =SUM(U3:U33) -> 32270 | V35: =SUM(V3:V33) -> 16513 | W35: =SUM(W3:W33) -> 93540
