Workbook

Sheet TOTAL
A1: Site Name | B1: Day | C1: Month | D1: Year | E1: Total Electricity Kwh | F1: Electricity Tariff ($/Kwh) | G1: LPG (Kg) | H1: LPG $/Kg | I1: Water Utility Supply (m3) m3 | J1: Water Utility Supply (m3) $/m3 | K1: Room Nights | L1: Food Covers
A2: Maldives at Landaa Giraavaru | B2: 1 | C2: 5 | D2: 2021 | E2: ='Maldives at LG Daily'!D5 -> 30133 | F2: 0.93 | G2: ='Maldives at LG Daily'!F5 -> 225 | H2: 1.24 | I2: ='Maldives at LG Daily'!H5 -> 418 | J2: 2.16 | K2: ='Maldives at LG Daily'!I5 -> 45 | L2: ='Maldives at LG Daily'!J5 -> 318
A3: Maldives at Landaa Giraavaru | B3: =B2+1 -> 2 | C3: 5 | D3: 2021 | E3: ='Maldives at LG Daily'!D6 -> 31397 | F3: 0.93 | G3: ='Maldives at LG Daily'!F6 -> 0 | H3: 1.24 | I3: ='Maldives at LG Daily'!H6 -> 361 | J3: 2.16 | K3: ='Maldives at LG Daily'!I6 -> 48 | L3: ='Maldives at LG Daily'!J6 -> 391
A4: Maldives at Landaa Giraavaru | B4: =B3+1 -> 3 | C4: 5 | D4: 2021 | E4: ='Maldives at LG Daily'!D7 -> 30147 | F4: 0.93 | G4: ='Maldives at LG Daily'!F7 -> 90 | H4: 1.24 | I4: ='Maldives at LG Daily'!H7 -> 385 | J4: 2.16 | K4: ='Maldives at LG Daily'!I7 -> 34 | L4: ='Maldives at LG Daily'!J7 -> 252
A5: Maldives at Landaa Giraavaru | B5: =B4+1 -> 4 | C5: 5 | D5: 2021 | E5: ='Maldives at LG Daily'!D8 -> 28804 | F5: 0.93 | G5: ='Maldives at LG Daily'!F8 -> 45 | H5: 1.24 | I5: ='Maldives at LG Daily'!H8 -> 368 | J5: 2.16 | K5: ='Maldives at LG Daily'!I8 -> 54 | L5: ='Maldives at LG Daily'!J8 -> 379
A6: Maldives at Landaa Giraavaru | B6: =B5+1 -> 5 | C6: 5 | D6: 2021 | E6: ='Maldives at LG Daily'!D9 -> 30365 | F6: 0.93 | G6: ='Maldives at LG Daily'!F9 -> 0 | H6: 1.24 | I6: ='Maldives at LG Daily'!H9 -> 356 | J6: 2.16 | K6: ='Maldives at LG Daily'!I9 -> 53 | L6: ='Maldives at LG Daily'!J9 -> 402
A7: Maldives at Landaa Giraavaru | B7: =B6+1 -> 6 | C7: 5 | D7: 2021 | E7: ='Maldives at LG Daily'!D10 -> 29900 | F7: 0.93 | G7: ='Maldives at LG Daily'!F10 -> 0 | H7: 1.24 | I7: ='Maldives at LG Daily'!H10 -> 379 | J7: 2.16 | K7: ='Maldives at LG Daily'!I10 -> 45 | L7: ='Maldives at LG Daily'!J10 -> 427
A8: Maldives at Landaa Giraavaru | B8: =B7+1 -> 7 | C8: 5 | D8: 2021 | E8: ='Maldives at LG Daily'!D11 -> 30587 | F8: 0.93 | G8: ='Maldives at LG Daily'!F11 -> 0 | H8: 1.24 | I8: ='Maldives at LG Daily'!H11 -> 417 | J8: 2.16 | K8: ='Maldives at LG Daily'!I11 -> 48 | L8: ='Maldives at LG Daily'!J11 -> 376
A9: Maldives at Landaa Giraavaru | B9: =B8+1 -> 8 | C9: 5 | D9: 2021 | E9: ='Maldives at LG Daily'!D12 -> 30219 | F9: 0.93 | G9: ='Maldives at LG Daily'!F12 -> 45 | H9: 1.24 | I9: ='Maldives at LG Daily'!H12 -> 390 | J9: 2.16 | K9: ='Maldives at LG Daily'!I12 -> 47 | L9: ='Maldives at LG Daily'!J12 -> 351
A10: Maldives at Landaa Giraavaru | B10: =B9+1 -> 9 | C10: 5 | D10: 2021 | E10: ='Maldives at LG Daily'!D13 -> 30190 | F10: 0.93 | G10: ='Maldives at LG Daily'!F13 -> 0 | H10: 1.24 | I10: ='Maldives at LG Daily'!H13 -> 381 | J10: 2.16 | K10: ='Maldives at LG Daily'!I13 -> 47 | L10: ='Maldives at LG Daily'!J13 -> 391
A11: Maldives at Landaa Giraavaru | B11: =B10+1 -> 10 | C11: 5 | D11: 2021 | E11: ='Maldives at LG Daily'!D14 -> 30007 | F11: 0.93 | G11: ='Maldives at LG Daily'!F14 -> 0 | H11: 1.24 | I11: ='Maldives at LG Daily'!H14 -> 353 | J11: 2.16 | K11: ='Maldives at LG Daily'!I14 -> 46 | L11: ='Maldives at LG Daily'!J14 -> 342
A12: Maldives at Landaa Giraavaru | B12: =B11+1 -> 11 | C12: 5 | D12: 2021 | E12: ='Maldives at LG Daily'!D15 -> 29374 | F12: 0.93 | G12: ='Maldives at LG Daily'!F15 -> 0 | H12: 1.24 | I12: ='Maldives at LG Daily'!H15 -> 387 | J12: 2.16 | K12: ='Maldives at LG Daily'!I15 -> 46 | L12: ='Maldives at LG Daily'!J15 -> 343
A13: Maldives at Landaa Giraavaru | B13: =B12+1 -> 12 | C13: 5 | D13: 2021 | E13: ='Maldives at LG Daily'!D16 -> 29062 | F13: 0.93 | G13: ='Maldives at LG Daily'!F16 -> 0 | H13: 1.24 | I13: ='Maldives at LG Daily'!H16 -> 328 | J13: 2.16 | K13: ='Maldives at LG Daily'!I16 -> 45 | L13: ='Maldives at LG Daily'!J16 -> 350
A14: Maldives at Landaa Giraavaru | B14: =B13+1 -> 13 | C14: 5 | D14: 2021 | E14: ='Maldives at LG Daily'!D17 -> 28176 | F14: 0.93 | G14: ='Maldives at LG Daily'!F17 -> 0 | H14: 1.24 | I14: ='Maldives at LG Daily'!H17 -> 408 | J14: 2.16 | K14: ='Maldives at LG Daily'!I17 -> 48 | L14: ='Maldives at LG Daily'!J17 -> 422
... A30: Maldives at Landaa Giraavaru | B30: =B29+1 -> 29 | C30: 5 | D30: 2021 | E30: ='Maldives at LG Daily'!D33 -> 0 | F30: 0.93 | G30: ='Maldives at LG Daily'!F33 -> 0 | H30: 2.24 | I30: ='Maldives at LG Daily'!H33 -> 0 | J30: 2.16 | K30: ='Maldives at LG Daily'!I33 -> 0 | L30: ='Maldives at LG Daily'!J33 -> 0
A31: Maldives at Landaa Giraavaru | B31: 30 | C31: 5 | D31: 2021 | E31: ='Maldives at LG Daily'!D34 -> 0 | F31: 1.93 | G31: ='Maldives at LG Daily'!F34 -> 0 | H31: 3.24 | I31: ='Maldives at LG Daily'!H34 -> 0 | J31: 2.16 | K31: ='Maldives at LG Daily'!I34 -> 0 | L31: ='Maldives at LG Daily'!J34 -> 0
A32: Maldives at Landaa Giraavaru | B32: 31 | C32: 5 | D32: 2021 | E32: ='Maldives at LG Daily'!D35 -> 0 | F32: 2.93 | G32: ='Maldives at LG Daily'!F35 -> 0 | H32: 4.24 | I32: ='Maldives at LG Daily'!H35 -> 0 | J32: 2.16 | K32: ='Maldives at LG Daily'!I35 -> 0 | L32: ='Maldives at LG Daily'!J35 -> 0

Sheet Maldives at LG Daily
A2: Days | C2: Electricity Meter (KWh) | E2: Gas Kg | G2: Water m3
A3: Date | C3: Reading KWH | D3: Difference KWH | E3: Reading Kg | F3: Difference Kg | G3: Reading m³ | H3: Daily Consumption m³ | I3: ROOM NIGHTS | J3: TOTAL GUESTS
A4: 44316 | C4: =SUM('GENSET #1'!B10+'GENSET #2'!B10+'GENSET #3'!B10+'GENSET #4'!B10+'GENSET #5'!B10) -> 89581707 | D4: 30577 | E4: ='Gas-2'!G5 -> 0 | F4: 90 | G4: =SUM(WATER!G6,WATER!L6,WATER!Q6,WATER!B6) -> 946438 | H4: 423
A5: =A4+1 -> 44317 | C5: =SUM('GENSET #1'!C10+'GENSET #2'!C10+'GENSET #3'!C10+'GENSET #4'!C10+'GENSET #5'!C10) -> 89611840 | D5: =IF((C5-C4<0), "0",C5-C4) -> 30133 | E5: ='Gas-2'!G6 -> 225 | F5: =IF((E5-E4<0), "0",E5-E4) -> 225 | G5: =SUM(WATER!C6,WATER!H6,WATER!M6,WATER!R6) -> 946813 | H5: 418 | I5: 45 | J5: 318
A6: =A5+1 -> 44318 | C6: =SUM('GENSET #1'!C11+'GENSET #2'!C11+'GENSET #3'!C11+'GENSET #4'!C11+'GENSET #5'!C11) -> 89643237 | D6: =IF((C6-C5<0), "0",C6-C5) -> 31397 | E6: ='Gas-2'!G7 -> 180 | F6: =IF((E6-E5<0), "0",E6-E5) -> 0 | G6: =SUM(WATER!C7,WATER!H7,WATER!M7,WATER!R7) -> 947174 | H6: =IF((G6-G5<0), "0",G6-G5) -> 361 | I6: 48 | J6: 391
A7: =A6+1 -> 44319 | C7: =SUM('GENSET #1'!C12+'GENSET #2'!C12+'GENSET #3'!C12+'GENSET #4'!C12+'GENSET #5'!C12) -> 89673384 | D7: =IF((C7-C6<0), "0",C7-C6) -> 30147 | E7: ='Gas-2'!G8 -> 270 | F7: =IF((E7-E6<0), "0",E7-E6) -> 90 | G7: =SUM(WATER!C8,WATER!H8,WATER!M8,WATER!R8) -> 947559 | H7: =IF((G7-G6<0), "0",G7-G6) -> 385 | I7: 34 | J7: 252
A8: =A7+1 -> 44320 | C8: =SUM('GENSET #1'!C13+'GENSET #2'!C13+'GENSET #3'!C13+'GENSET #4'!C13+'GENSET #5'!C13) -> 89702188 | D8: =IF((C8-C7<0), "0",C8-C7) -> 28804 | E8: ='Gas-2'!G9 -> 315 | F8: =IF((E8-E7<0), "0",E8-E7) -> 45 | G8: =SUM(WATER!C9,WATER!H9,WATER!M9,WATER!R9) -> 947927 | H8: =IF((G8-G7<0), "0",G8-G7) -> 368 | I8: 54 | J8: 379
A9: =A8+1 -> 44321 | C9: =SUM('GENSET #1'!C14+'GENSET #2'!C14+'GENSET #3'!C14+'GENSET #4'!C14+'GENSET #5'!C14) -> 89732553 | D9: =IF((C9-C8<0), "0",C9-C8) -> 30365 | E9: ='Gas-2'!G10 -> 270 | F9: =IF((E9-E8<0), "0",E9-E8) -> 0 | G9: =SUM(WATER!C10,WATER!H10,WATER!M10,WATER!R10) -> 948283 | H9: =IF((G9-G8<0), "0",G9-G8) -> 356 | I9: 53 | J9: 402
A10: =A9+1 -> 44322 | C10: =SUM('GENSET #1'!C15+'GENSET #2'!C15+'GENSET #3'!C15+'GENSET #4'!C15+'GENSET #5'!C15) -> 89762453 | D10: =IF((C10-C9<0), "0",C10-C9) -> 29900 | E10: ='Gas-2'!G11 -> 270 | F10: =IF((E10-E9<0), "0",E10-E9) -> 0 | G10: =SUM(WATER!C11,WATER!H11,WATER!M11,WATER!R11) -> 948662 | H10: =IF((G10-G9<0), "0",G10-G9) -> 379 | I10: 45 | J10: 427
A11: =A10+1 -> 44323 | C11: =SUM('GENSET #1'!C16+'GENSET #2'!C16+'GENSET #3'!C16+'GENSET #4'!C16+'GENSET #5'!C16) -> 89793040 | D11: =IF((C11-C10<0), "0",C11-C10) -> 30587 | E11: ='Gas-2'!G12 -> 270 | F11: =IF((E11-E10<0), "0",E11-E10) -> 0 | G11: =SUM(WATER!C12,WATER!H12,WATER!M12,WATER!R12) -> 949079 | H11: =IF((G11-G10<0), "0",G11-G10) -> 417 | I11: 48 | J11: 376
A12: =A11+1 -> 44324 | C12: =SUM('GENSET #1'!C17+'GENSET #2'!C17+'GENSET #3'!C17+'GENSET #4'!C17+'GENSET #5'!C17) -> 89823259 | D12: =IF((C12-C11<0), "0",C12-C11) -> 30219 | E12: ='Gas-2'!G13 -> 315 | F12: =IF((E12-E11<0), "0",E12-E11) -> 45 | G12: =SUM(WATER!C13,WATER!H13,WATER!M13,WATER!R13) -> 949469 | H12: =IF((G12-G11<0), "0",G12-G11) -> 390 | I12: 47 | J12: 351
A13: =A12+1 -> 44325 | C13: =SUM('GENSET #1'!C18+'GENSET #2'!C18+'GENSET #3'!C18+'GENSET #4'!C18+'GENSET #5'!C18) -> 89853449 | D13: =IF((C13-C12<0), "0",C13-C12) -> 30190 | E13: ='Gas-2'!G14 -> 315 | F13: =IF((E13-E12<0), "0",E13-E12) -> 0 | G13: =SUM(WATER!C14,WATER!H14,WATER!M14,WATER!R14) -> 949850 | H13: =IF((G13-G12<0), "0",G13-G12) -> 381 | I13: 47 | J13: 391
A14: =A13+1 -> 44326 | C14: =SUM('GENSET #1'!C19+'GENSET #2'!C19+'GENSET #3'!C19+'GENSET #4'!C19+'GENSET #5'!C19) -> 89883456 | D14: =IF((C14-C13<0), "0",C14-C13) -> 30007 | E14: ='Gas-2'!G15 -> 270 | F14: =IF((E14-E13<0), "0",E14-E13) -> 0 | G14: =SUM(WATER!C15,WATER!H15,WATER!M15,WATER!R15) -> 950203 | H14: =IF((G14-G13<0), "0",G14-G13) -> 353 | I14: 46 | J14: 342
A15: =A14+1 -> 44327 | C15: =SUM('GENSET #1'!C20+'GENSET #2'!C20+'GENSET #3'!C20+'GENSET #4'!C20+'GENSET #5'!C20) -> 89912830 | D15: =IF((C15-C14<0), "0",C15-C14) -> 29374 | E15: ='Gas-2'!G16 -> 270 | F15: =IF((E15-E14<0), "0",E15-E14) -> 0 | G15: =SUM(WATER!C16,WATER!H16,WATER!M16,WATER!R16) -> 950590 | H15: =IF((G15-G14<0), "0",G15-G14) -> 387 | I15: 46 | J15: 343
A16: =A15+1 -> 44328 | C16: =SUM('GENSET #1'!C21+'GENSET #2'!C21+'GENSET #3'!C21+'GENSET #4'!C21+'GENSET #5'!C21) -> 89941892 | D16: =IF((C16-C15<0), "0",C16-C15) -> 29062 | E16: ='Gas-2'!G17 -> 225 | F16: =IF((E16-E15<0), "0",E16-E15) -> 0 | G16: =SUM(WATER!C17,WATER!H17,WATER!M17,WATER!R17) -> 950918 | H16: =IF((G16-G15<0), "0",G16-G15) -> 328 | I16: 45 | J16: 350
A17: =A16+1 -> 44329 | C17: =SUM('GENSET #1'!C22+'GENSET #2'!C22+'GENSET #3'!C22+'GENSET #4'!C22+'GENSET #5'!C22) -> 89970068 | D17: =IF((C17-C16<0), "0",C17-C16) -> 28176 | E17: ='Gas-2'!G18 -> 180 | F17: =IF((E17-E16<0), "0",E17-E16) -> 0 | G17: =SUM(WATER!C18,WATER!H18,WATER!M18,WATER!R18) -> 951326 | H17: =IF((G17-G16<0), "0",G17-G16) -> 408 | I17: 48 | J17: 422
... A23: =A22+1 -> 44335 | C23: =SUM('GENSET #1'!C28+'GENSET #2'!C28+'GENSET #3'!C28+'GENSET #4'!C28+'GENSET #5'!C28) -> 90150529 | D23: =IF((C23-C22<0), "0",C23-C22) -> 30366 | E23: ='Gas-2'!G24 -> 405 | F23: =IF((E23-E22<0), "0",E23-E22) -> 135 | G23: =SUM(WATER!C24,WATER!H24,WATER!M24,WATER!R24) -> 953458 | H23: =IF((G23-G22<0), "0",G23-G22) -> 367 | I23: 36 | J23: 304
A24: =A23+1 -> 44336 | C24: =SUM('GENSET #1'!C29+'GENSET #2'!C29+'GENSET #3'!C29+'GENSET #4'!C29+'GENSET #5'!C29) -> 90179769 | D24: =IF((C24-C23<0), "0",C24-C23) -> 29240 | E24: ='Gas-2'!G25 -> 0 | F24: =IF((E24-E23<0), "0",E24-E23) -> 0 | G24: =SUM(WATER!C25,WATER!H25,WATER!M25,WATER!R25) -> 953814 | H24: =IF((G24-G23<0), "0",G24-G23) -> 356
A25: =A24+1 -> 44337 | C25: =SUM('GENSET #1'!C30+'GENSET #2'!C30+'GENSET #3'!C30+'GENSET #4'!C30+'GENSET #5'!C30) -> 0 | D25: =IF((C25-C24<0), "0",C25-C24) -> 0 | E25: ='Gas-2'!G26 -> 0 | F25: =IF((E25-E24<0), "0",E25-E24) -> 0 | G25: =SUM(WATER!C26,WATER!H26,WATER!M26,WATER!R26) -> 954134 | H25: =IF((G25-G24<0), "0",G25-G24) -> 320
A26: =A25+1 -> 44338 | C26: =SUM('GENSET #1'!C31+'GENSET #2'!C31+'GENSET #3'!C31+'GENSET #4'!C31+'GENSET #5'!C31) -> 0 | D26: =IF((C26-C25<0), "0",C26-C25) -> 0 | E26: ='Gas-2'!G27 -> 0 | F26: =IF((E26-E25<0), "0",E26-E25) -> 0 | G26: =SUM(WATER!C27,WATER!H27,WATER!M27,WATER!R27) -> 0 | H26: =IF((G26-G25<0), "0",G26-G25) -> 0
A27: =A26+1 -> 44339 | C27: =SUM('GENSET #1'!C32+'GENSET #2'!C32+'GENSET #3'!C32+'GENSET #4'!C32+'GENSET #5'!C32) -> 0 | D27: =IF((C27-C26<0), "0",C27-C26) -> 0 | E27: ='Gas-2'!G28 -> 0 | F27: =IF((E27-E26<0), "0",E27-E26) -> 0 | G27: =SUM(WATER!C28,WATER!H28,WATER!M28,WATER!R28) -> 0 | H27: =IF((G27-G26<0), "0",G27-G26) -> 0
A28: =A27+1 -> 44340 | C28: =SUM('GENSET #1'!C33+'GENSET #2'!C33+'GENSET #3'!C33+'GENSET #4'!C33+'GENSET #5'!C33) -> 0 | D28: =IF((C28-C27<0), "0",C28-C27) -> 0 | E28: ='Gas-2'!G29 -> 0 | F28: =IF((E28-E27<0), "0",E28-E27) -> 0 | G28: =SUM(WATER!C29,WATER!H29,WATER!M29,WATER!R29) -> 0 | H28: =IF((G28-G27<0), "0",G28-G27) -> 0
A29: =A28+1 -> 44341 | C29: =SUM('GENSET #1'!C34+'GENSET #2'!C34+'GENSET #3'!C34+'GENSET #4'!C34+'GENSET #5'!C34) -> 0 | D29: =IF((C29-C28<0), "0",C29-C28) -> 0 | E29: ='Gas-2'!G30 -> 0 | F29: =IF((E29-E28<0), "0",E29-E28) -> 0 | G29: =SUM(WATER!C30,WATER!H30,WATER!M30,WATER!R30) -> 0 | H29: =IF((G29-G28<0), "0",G29-G28) -> 0
A30: =A29+1 -> 44342 | C30: =SUM('GENSET #1'!C35+'GENSET #2'!C35+'GENSET #3'!C35+'GENSET #4'!C35+'GENSET #5'!C35) -> 0 | D30: =IF((C30-C29<0), "0",C30-C29) -> 0 | E30: ='Gas-2'!G31 -> 0 | F30: =IF((E30-E29<0), "0",E30-E29) -> 0 | G30: =SUM(WATER!C31,WATER!H31,WATER!M31,WATER!R31) -> 0 | H30: =IF((G30-G29<0), "0",G30-G29) -> 0
A31: =A30+1 -> 44343 | C31: =SUM('GENSET #1'!C36+'GENSET #2'!C36+'GENSET #3'!C36+'GENSET #4'!C36+'GENSET #5'!C36) -> 0 | D31: =IF((C31-C30<0), "0",C31-C30) -> 0 | E31: ='Gas-2'!G32 -> 0 | F31: =IF((E31-E30<0), "0",E31-E30) -> 0 | G31: =SUM(WATER!C32,WATER!H32,WATER!M32,WATER!R32) -> 0 | H31: =IF((G31-G30<0), "0",G31-G30) -> 0
A32: =A31+1 -> 44344 | C32: =SUM('GENSET #1'!C37+'GENSET #2'!C37+'GENSET #3'!C37+'GENSET #4'!C37+'GENSET #5'!C37) -> 0 | D32: =IF((C32-C31<0), "0",C32-C31) -> 0 | E32: ='Gas-2'!G33 -> 0 | F32: =IF((E32-E31<0), "0",E32-E31) -> 0 | G32: =SUM(WATER!C33,WATER!H33,WATER!M33,WATER!R33) -> 0 | H32: =IF((G32-G31<0), "0",G32-G31) -> 0
A33: =A32+1 -> 44345 | C33: =SUM('GENSET #1'!C38+'GENSET #2'!C38+'GENSET #3'!C38+'GENSET #4'!C38+'GENSET #5'!C38) -> 0 | D33: =IF((C33-C32<0), "0",C33-C32) -> 0 | E33: ='Gas-2'!G34 -> 0 | F33: =IF((E33-E32<0), "0",E33-E32) -> 0 | G33: =SUM(WATER!C34,WATER!H34,WATER!M34,WATER!R34) -> 0 | H33: =IF((G33-G32<0), "0",G33-G32) -> 0
A34: =A33+1 -> 44346 | C34: =SUM('GENSET #1'!C39+'GENSET #2'!C39+'GENSET #3'!C39+'GENSET #4'!C39+'GENSET #5'!C39) -> 0 | D34: =IF((C34-C33<0), "0",C34-C33) -> 0 | E34: ='Gas-2'!G35 -> 0 | F34: =IF((E34-E33<0), "0",E34-E33) -> 0 | G34: =SUM(WATER!C35,WATER!H35,WATER!M35,WATER!R35) -> 0 | H34: =IF((G34-G33<0), "0",G34-G33) -> 0
A35: =A34+1 -> 44347 | C35: =SUM('GENSET #1'!C40+'GENSET #2'!C40+'GENSET #3'!C40+'GENSET #4'!C40+'GENSET #5'!C40) -> 0 | D35: =IF((C35-C34<0), "0",C35-C34) -> 0 | E35: ='Gas-2'!G36 -> 0 | F35: =IF((E35-E34<0), "0",E35-E34) -> 0 | G35: =SUM(WATER!C36,WATER!H36,WATER!M36,WATER!R36) -> 0 | H35: =IF((G35-G34<0), "0",G35-G34) -> 0

Sheet Finance Only
A1: Four Seasons Landaa Giraavaru
A3: Property | B3: MLG
A4: Month | B4: May
A5: Year | B5: 2021
A7: DAY | B7: Electricity Consumption ( kwh) | C7: Diesel Consumption (Liters) | D7: Solar Power Consumption(kwh) | E7: Gas Consumption (kg) | F7: Water Consumption ( m3) | G7: Occupancy | H7: Weather
A8: 1 | B8: =SUM('GENSET #1:GENSET #5'!D10) -> 30133 | C8: ='Diesel consumption'!D5 -> 8220 | D8: ='SOLAR METER READING'!D9 -> 3180 | E8: ='Gas-2'!G6 -> 225 | F8: =WATER!V6 -> 291 | G8: =WATER!W6 -> 45 | H8: ='SOLAR METER READING'!E9 -> partly sunny
A9: 2 | B9: =SUM('GENSET #1:GENSET #5'!D11) -> 31397 | C9: ='Diesel consumption'!D6 -> 8710 | D9: ='SOLAR METER READING'!D10 -> 3214 | E9: ='Gas-2'!G7 -> 180 | F9: =WATER!V7 -> 361 | G9: =WATER!W7 -> 48 | H9: ='SOLAR METER READING'!E10 -> partly sunny
A10: 3 | B10: =SUM('GENSET #1:GENSET #5'!D12) -> 30147 | C10: ='Diesel consumption'!D7 -> 8430 | D10: ='SOLAR METER READING'!D11 -> 2336 | E10: ='Gas-2'!G8 -> 270 | F10: =WATER!V8 -> 385 | G10: =WATER!W8 -> 34 | H10: ='SOLAR METER READING'!E11 -> partly cloudy
A11: 4 | B11: =SUM('GENSET #1:GENSET #5'!D13) -> 28804 | C11: ='Diesel consumption'!D8 -> 8070 | D11: ='SOLAR METER READING'!D12 -> 3076 | E11: ='Gas-2'!G9 -> 315 | F11: =WATER!V9 -> 368 | G11: =WATER!W9 -> 54 | H11: ='SOLAR METER READING'!E12 -> partly sunny
A12: 5 | B12: =SUM('GENSET #1:GENSET #5'!D14) -> 30365 | C12: ='Diesel consumption'!D9 -> 8200 | D12: ='SOLAR METER READING'!D13 -> 3178 | E12: ='Gas-2'!G10 -> 270 | F12: =WATER!V10 -> 356 | G12: =WATER!W10 -> 53 | H12: ='SOLAR METER READING'!E13 -> partly sunny
A13: 6 | B13: =SUM('GENSET #1:GENSET #5'!D15) -> 29900 | C13: ='Diesel consumption'!D10 -> 8570 | D13: ='SOLAR METER READING'!D14 -> 2974 | E13: ='Gas-2'!G11 -> 270 | F13: =WATER!V11 -> 379 | G13: =WATER!W11 -> 45 | H13: ='SOLAR METER READING'!E14 -> partlu cloudly
A14: 7 | B14: =SUM('GENSET #1:GENSET #5'!D16) -> 30587 | C14: ='Diesel consumption'!D11 -> 8380 | D14: ='SOLAR METER READING'!D15 -> 2854 | E14: ='Gas-2'!G12 -> 270 | F14: =WATER!V12 -> 417 | G14: =WATER!W12 -> 48 | H14: ='SOLAR METER READING'!E15 -> partly cloudy
A15: 8 | B15: =SUM('GENSET #1:GENSET #5'!D17) -> 30219 | C15: ='Diesel consumption'!D12 -> 8650 | D15: ='SOLAR METER READING'!D16 -> 2674 | E15: ='Gas-2'!G13 -> 315 | F15: =WATER!V13 -> 390 | G15: =WATER!W13 -> 47 | H15: ='SOLAR METER READING'!E16 -> partly cloudy
A16: 9 | B16: =SUM('GENSET #1:GENSET #5'!D18) -> 30190 | C16: ='Diesel consumption'!D13 -> 8350 | D16: ='SOLAR METER READING'!D17 -> 3112 | E16: ='Gas-2'!G14 -> 315 | F16: =WATER!V14 -> 381 | G16: =WATER!W14 -> 47 | H16: ='SOLAR METER READING'!E17 -> sunny
A17: 10 | B17: =SUM('GENSET #1:GENSET #5'!D19) -> 30007 | C17: ='Diesel consumption'!D14 -> 8460 | D17: ='SOLAR METER READING'!D18 -> 2430 | E17: ='Gas-2'!G15 -> 270 | F17: =WATER!V15 -> 353 | G17: =WATER!W15 -> 46 | H17: ='SOLAR METER READING'!E18 -> cloudy
A18: 11 | B18: =SUM('GENSET #1:GENSET #5'!D20) -> 29374 | C18: ='Diesel consumption'!D15 -> 8140 | D18: ='SOLAR METER READING'!D19 -> 1801 | E18: ='Gas-2'!G16 -> 270 | F18: =WATER!V16 -> 387 | G18: =WATER!W16 -> 46 | H18: ='SOLAR METER READING'!E19 -> rainy
A19: 12 | B19: =SUM('GENSET #1:GENSET #5'!D21) -> 29062 | C19: ='Diesel consumption'!D16 -> 8070 | D19: ='SOLAR METER READING'!D20 -> 1981 | E19: ='Gas-2'!G17 -> 225 | F19: =WATER!V17 -> 328 | G19: =WATER!W17 -> 45 | H19: ='SOLAR METER READING'!E20 -> rainy
... A37: 30 | B37: =SUM('GENSET #1:GENSET #5'!D39) -> 0 | C37: ='Diesel consumption'!D34 -> 0 | D37: ='SOLAR METER READING'!D38 -> 0 | E37: ='Gas-2'!G35 -> 0 | F37: =WATER!V35 -> 0 | G37: =WATER!W35 -> 0 | H37: ='SOLAR METER READING'!E38 -> 0
A38: Total | B38: =SUM(B8:B37) -> -89581707 | C38: =SUM(C8:C37) -> -43850220 | D38: =SUM(D8:D37) -> -2596702 | E38: =SUM(E8:E37) -> 5085 | F38: =SUM(F8:F37) -> -946522 | G38: =SUM(G8:G37)/30 -> 27.8
A39: Avg | B39: =B38/30 -> -2986056.9 | C39: =C38/30 -> -1461674 | D39: =D38/30 -> -86556.733 | E39: =E38/30 -> 169.5 | F39: =F38/31 -> -30532.968

Sheet GENSET #1
C1: 1000 KVA
C3: NO#1
A6: 44317
B8: GENSET NO 1
A9: DAY | B9: YESTARDAY | C9: TODAY | D9: Final Electricity Consumption( KWh)
A10: 1 | B10: 17082256 | C10: 17082256 | D10: =C10-B10 -> 0
A11: 2 | B11: =C10 -> 17082256 | C11: 17082256 | D11: =C11-B11 -> 0
A12: 3 | B12: =C11 -> 17082256 | C12: 17082256 | D12: =C12-B12 -> 0
A13: 4 | B13: =C12 -> 17082256 | C13: 17082256 | D13: =C13-B13 -> 0
A14: 5 | B14: =C13 -> 17082256 | C14: 17083389 | D14: =C14-B14 -> 1133
A15: 6 | B15: =C14 -> 17083389 | C15: 17086149 | D15: =C15-B15 -> 2760
A16: 7 | B16: =C15 -> 17086149 | C16: 17086941 | D16: =C16-B16 -> 792
A17: 8 | B17: =C16 -> 17086941 | C17: 17095994 | D17: =C17-B17 -> 9053
A18: 9 | B18: =C17 -> 17095994 | C18: 17095994 | D18: =C18-B18 -> 0
A19: 10 | B19: =C18 -> 17095994 | C19: 17099926 | D19: =C19-B19 -> 3932
A20: 11 | B20: =C19 -> 17099926 | C20: 17103659 | D20: =C20-B20 -> 3733
A21: 12 | B21: =C20 -> 17103659 | C21: 17107039 | D21: =C21-B21 -> 3380
A22: 13 | B22: =C21 -> 17107039 | C22: 17115559 | D22: =C22-B22 -> 8520
... A29: 20 | B29: =C28 -> 17155529 | C29: 17163352 | D29: =C29-B29 -> 7823
A30: 21 | B30: =C29 -> 17163352 | D30: =C30-B30 -> -17163352
A31: 22 | B31: =C30 -> 0 | D31: =C31-B31 -> 0
A32: 23 | B32: =C31 -> 0 | D32: =C32-B32 -> 0
A33: 24 | B33: =C32 -> 0 | D33: =C33-B33 -> 0
A34: 25 | B34: =C33 -> 0 | D34: =C34-B34 -> 0
A35: 26 | B35: =C34 -> 0 | D35: =C35-B35 -> 0
A36: 27 | B36: =C35 -> 0 | D36: =C36-B36 -> 0
A37: 28 | B37: =C36 -> 0 | D37: =C37-B37 -> 0
A38: 29 | B38: =C37 -> 0 | D38: =C38-B38 -> 0
A39: 30 | B39: =C38 -> 0 | D39: =C39-B39 -> 0 | G39: NEW ENGINE PURCHASED FROM UK
A40: 31 | B40: =C39 -> 0 | D40: =C40-B40 -> 0
A41: Total | D41: =SUM(D10:D39) -> -17082256 | G41: INSTALLED: NOV 30 2013

Sheet GENSET #2
C1: 1600 KVA
C3: NO#2
A6: 44317
B8: GENSET NO 2
A9: DAY | B9: YESTARDAY | C9: TODAY | D9: Final Electricity Consumption( KW h)
A10: 1 | B10: 29671872 | C10: 29685141 | D10: =C10-B10 -> 13269
A11: 2 | B11: =C10 -> 29685141 | C11: 29698820 | D11: =C11-B11 -> 13679
A12: 3 | B12: =C11 -> 29698820 | C12: 29712638 | D12: =C12-B12 -> 13818
A13: 4 | B13: =C12 -> 29712638 | C13: 29724999 | D13: =C13-B13 -> 12361
A14: 5 | B14: =C13 -> 29724999 | C14: 29736711 | D14: =C14-B14 -> 11712
A15: 6 | B15: =C14 -> 29736711 | C15: 29747996 | D15: =C15-B15 -> 11285
A16: 7 | B16: =C15 -> 29747996 | C16: 29759772 | D16: =C16-B16 -> 11776
A17: 8 | B17: =C16 -> 29759772 | C17: 29770905 | D17: =C17-B17 -> 11133
A18: 9 | B18: =C17 -> 29770905 | C18: 29782326 | D18: =C18-B18 -> 11421
A19: 10 | B19: =C18 -> 29782326 | C19: 29794460 | D19: =C19-B19 -> 12134
A20: 11 | B20: =C19 -> 29794460 | C20: 29807543 | D20: =C20-B20 -> 13083
A21: 12 | B21: =C20 -> 29807543 | C21: 29819893 | D21: =C21-B21 -> 12350
A22: 13 | B22: =C21 -> 29819893 | C22: 29832611 | D22: =C22-B22 -> 12718
... A29: 20 | B29: =C28 -> 29914882 | C29: 29928357 | D29: =C29-B29 -> 13475
A30: 21 | B30: =C29 -> 29928357 | D30: =C30-B30 -> -29928357
A31: 22 | B31: =C30 -> 0 | D31: =C31-B31 -> 0
A32: 23 | B32: =C31 -> 0 | D32: =C32-B32 -> 0
A33: 24 | B33: =C32 -> 0 | D33: =C33-B33 -> 0
A34: 25 | B34: =C33 -> 0 | D34: =C34-B34 -> 0
A35: 26 | B35: =C34 -> 0 | D35: =C35-B35 -> 0
A36: 27 | B36: =C35 -> 0 | D36: =C36-B36 -> 0
A37: 28 | B37: =C36 -> 0 | D37: =C37-B37 -> 0
A38: 29 | B38: =C37 -> 0 | D38: =C38-B38 -> 0
A39: 30 | B39: =C38 -> 0 | D39: =C39-B39 -> 0
A40: 31 | B40: =C39 -> 0 | D40: =C40-B40 -> 0
A41: Total | B41: =#REF! -> #REF! | D41: =SUM(D10:D39) -> -29671872

Sheet GENSET #3
C1: 900 KVA
C3: NO#3
A6: 44317
B8: GENSET NO 3
A9: DAY | B9: YESTARDAY | C9: TODAY | D9: Final Electricity Consumption( KW h)
A10: 1 | B10: 13036646 | C10: 13046723 | D10: =C10-B10 -> 10077
A11: 2 | B11: =C10 -> 13046723 | C11: 13050027 | D11: =C11-B11 -> 3304
A12: 3 | B12: =C11 -> 13050027 | C12: 13060064 | D12: =C12-B12 -> 10037
A13: 4 | B13: =C12 -> 13060064 | C13: 13065269 | D13: =C13-B13 -> 5205
A14: 5 | B14: =C13 -> 13065269 | C14: 13072553 | D14: =C14-B14 -> 7284
A15: 6 | B15: =C14 -> 13072553 | C15: 13076609 | D15: =C15-B15 -> 4056
A16: 7 | B16: =C15 -> 13076609 | C16: 13087086 | D16: =C16-B16 -> 10477
A17: 8 | B17: =C16 -> 13087086 | C17: 13087232 | D17: =C17-B17 -> 146
A18: 9 | B18: =C17 -> 13087232 | C18: 13097423 | D18: =C18-B18 -> 10191
A19: 10 | B19: =C18 -> 13097423 | C19: 13097895 | D19: =C19-B19 -> 472
A20: 11 | B20: =C19 -> 13097895 | C20: 13101261 | D20: =C20-B20 -> 3366
A21: 12 | B21: =C20 -> 13101261 | C21: 13108418 | D21: =C21-B21 -> 7157
A22: 13 | B22: =C21 -> 13108418 | C22: 13112001 | D22: =C22-B22 -> 3583
... A29: 20 | B29: =C28 -> 13127906 | C29: 13134204 | D29: =C29-B29 -> 6298
A30: 21 | B30: =C29 -> 13134204 | D30: =C30-B30 -> -13134204
A31: 22 | B31: =C30 -> 0 | D31: =C31-B31 -> 0
A32: 23 | B32: =C31 -> 0 | D32: =C32-B32 -> 0
A33: 24 | B33: =C32 -> 0 | D33: =C33-B33 -> 0
A34: 25 | B34: =C33 -> 0 | D34: =C34-B34 -> 0
A35: 26 | B35: =C34 -> 0 | D35: =C35-B35 -> 0
A36: 27 | B36: =C35 -> 0 | D36: =C36-B36 -> 0
A37: 28 | B37: =C36 -> 0 | D37: =C37-B37 -> 0
A38: 29 | B38: =C37 -> 0 | D38: =C38-B38 -> 0
A39: 30 | B39: =C38 -> 0 | D39: =C39-B39 -> 0
A40: 31 | B40: =C39 -> 0 | D40: =C40-B40 -> 0
A41: Total | B41: =#REF! -> #REF! | D41: =SUM(D10:D39) -> -13036646

Sheet GENSET #4
C1: 500 KVA
C3: NO#4
A6: 44317
B8: GENSET NO 4
A9: DAY | B9: YESTARDAY | C9: TODAY | D9: Final Electricity Consumption( KW h)
A10: 1 | B10: 11639934 | C10: 11643159 | D10: =C10-B10 -> 3225
A11: 2 | B11: =C10 -> 11643159 | C11: 11645947 | D11: =C11-B11 -> 2788
A12: 3 | B12: =C11 -> 11645947 | C12: 11649082 | D12: =C12-B12 -> 3135
A13: 4 | B13: =C12 -> 11649082 | C13: 11651119 | D13: =C13-B13 -> 2037
A14: 5 | B14: =C13 -> 11651119 | C14: 11654066 | D14: =C14-B14 -> 2947
A15: 6 | B15: =C14 -> 11654066 | C15: 11656700 | D15: =C15-B15 -> 2634
A16: 7 | B16: =C15 -> 11656700 | C16: 11660022 | D16: =C16-B16 -> 3322
A17: 8 | B17: =C16 -> 11660022 | C17: 11663033 | D17: =C17-B17 -> 3011
A18: 9 | B18: =C17 -> 11663033 | C18: 11667340 | D18: =C18-B18 -> 4307
A19: 10 | B19: =C18 -> 11667340 | C19: 11669968 | D19: =C19-B19 -> 2628
A20: 11 | B20: =C19 -> 11669968 | C20: 11671066 | D20: =C20-B20 -> 1098
A21: 12 | B21: =C20 -> 11671066 | C21: 11673429 | D21: =C21-B21 -> 2363
A22: 13 | B22: =C21 -> 11673429 | C22: 11673429 | D22: =C22-B22 -> 0
... A29: 20 | B29: =C28 -> 11691520 | C29: 11693164 | D29: =C29-B29 -> 1644
A30: 21 | B30: =C29 -> 11693164 | D30: =C30-B30 -> -11693164
A31: 22 | B31: =C30 -> 0 | D31: =C31-B31 -> 0
A32: 23 | B32: =C31 -> 0 | D32: =C32-B32 -> 0
A33: 24 | B33: =C32 -> 0 | D33: =C33-B33 -> 0
A34: 25 | B34: =C33 -> 0 | D34: =C34-B34 -> 0
A35: 26 | B35: =C34 -> 0 | D35: =C35-B35 -> 0
A36: 27 | B36: =C35 -> 0 | D36: =C36-B36 -> 0
A37: 28 | B37: =C36 -> 0 | D37: =C37-B37 -> 0
A38: 29 | B38: =C37 -> 0 | D38: =C38-B38 -> 0
A39: 30 | B39: =C38 -> 0 | D39: =C39-B39 -> 0
A40: 31 | B40: =C39 -> 0 | D40: =C40-B40 -> 0
A41: Total | B41: =#REF! -> #REF! | D41: =SUM(D10:D39) -> -11639934

Sheet GENSET #5
C1: 1000 KVA
C3: NO#5
A6: 44317
B8: GENSET NO 5
A9: DAY | B9: YESTARDAY | C9: TODAY | D9: Final Electricity Consumption( KWh)
A10: 1 | B10: 18150999 | C10: 18154561 | D10: =C10-B10 -> 3562
A11: 2 | B11: =C10 -> 18154561 | C11: 18166187 | D11: =C11-B11 -> 11626
A12: 3 | B12: =C11 -> 18166187 | C12: 18169344 | D12: =C12-B12 -> 3157
A13: 4 | B13: =C12 -> 18169344 | C13: 18178545 | D13: =C13-B13 -> 9201
A14: 5 | B14: =C13 -> 18178545 | C14: 18185834 | D14: =C14-B14 -> 7289
A15: 6 | B15: =C14 -> 18185834 | C15: 18194999 | D15: =C15-B15 -> 9165
A16: 7 | B16: =C15 -> 18194999 | C16: 18199219 | D16: =C16-B16 -> 4220
A17: 8 | B17: =C16 -> 18199219 | C17: 18206095 | D17: =C17-B17 -> 6876
A18: 9 | B18: =C17 -> 18206095 | C18: 18210366 | D18: =C18-B18 -> 4271
A19: 10 | B19: =C18 -> 18210366 | C19: 18221207 | D19: =C19-B19 -> 10841
A20: 11 | B20: =C19 -> 18221207 | C20: 18229301 | D20: =C20-B20 -> 8094
A21: 12 | B21: =C20 -> 18229301 | C21: 18233113 | D21: =C21-B21 -> 3812
A22: 13 | B22: =C21 -> 18233113 | C22: 18236468 | D22: =C22-B22 -> 3355
... A29: 20 | B29: =C28 -> 18260692 | C29: 18260692 | D29: =C29-B29 -> 0
A30: 21 | B30: =C29 -> 18260692 | D30: =C30-B30 -> -18260692
A31: 22 | B31: =C30 -> 0 | D31: =C31-B31 -> 0
A32: 23 | B32: =C31 -> 0 | D32: =C32-B32 -> 0
A33: 24 | B33: =C32 -> 0 | D33: =C33-B33 -> 0
A34: 25 | B34: =C33 -> 0 | D34: =C34-B34 -> 0
A35: 26 | B35: =C34 -> 0 | D35: =C35-B35 -> 0
A36: 27 | B36: =C35 -> 0 | D36: =C36-B36 -> 0
A37: 28 | B37: =C36 -> 0 | D37: =C37-B37 -> 0
A38: 29 | B38: =C37 -> 0 | D38: =C38-B38 -> 0
A39: 30 | B39: =C38 -> 0 | D39: =C39-B39 -> 0
A40: 31 | B40: =C39 -> 0 | D40: =C40-B40 -> 0
A41: Total | D41: =SUM(D10:D39) -> -18150999

Sheet Diesel consumption
A1: Diesel Consumption - Powerhouse | F1: Diesel usage by Boats
A2: 44317
D3: Liters | F3: Boat meter Reading
A4: Date | B4: Yesterday | C4: Today | D4: ConsumptionIn 24 hrs | F4: Yesterday | G4: Today | H4: Consumption (Liters) | J4: In Barrels | L4: Carbon Emmision
A5: 1 | B5: 43850220 | C5: 43858440 | D5: =C5-B5 -> 8220 | F5: 360610 | G5: 361070 | H5: =G5-F5 -> 460 | J5: =D5/200 -> 41.1 | L5: =2.68*D5 -> 22029.6 | M5: =L5/1000 -> 22.0296
A6: 2 | B6: =C5 -> 43858440 | C6: 43867150 | D6: =C6-B6 -> 8710 | F6: =G5 -> 361070 | G6: 361480 | H6: =G6-F6 -> 410 | J6: =D6/200 -> 43.55 | L6: =2.68*D6 -> 23342.8 | M6: =L6/1000 -> 23.3428
A7: 3 | B7: =C6 -> 43867150 | C7: 43875580 | D7: =C7-B7 -> 8430 | F7: =G6 -> 361480 | G7: 361980 | H7: =G7-F7 -> 500 | J7: =D7/200 -> 42.15 | L7: =2.68*D7 -> 22592.4 | M7: =L7/1000 -> 22.5924
A8: 4 | B8: =C7 -> 43875580 | C8: 43883650 | D8: =C8-B8 -> 8070 | F8: =G7 -> 361980 | G8: 362430 | H8: =G8-F8 -> 450 | J8: =D8/200 -> 40.35 | L8: =2.68*D8 -> 21627.6 | M8: =L8/1000 -> 21.6276
A9: 5 | B9: =C8 -> 43883650 | C9: 43891850 | D9: =C9-B9 -> 8200 | F9: =G8 -> 362430 | G9: 362860 | H9: =G9-F9 -> 430 | J9: =D9/200 -> 41 | L9: =2.68*D9 -> 21976 | M9: =L9/1000 -> 21.976
A10: 6 | B10: =C9 -> 43891850 | C10: 43900420 | D10: =C10-B10 -> 8570 | F10: =G9 -> 362860 | G10: 363310 | H10: =G10-F10 -> 450 | J10: =D10/200 -> 42.85 | L10: =2.68*D10 -> 22967.6 | M10: =L10/1000 -> 22.9676
A11: 7 | B11: =C10 -> 43900420 | C11: 43908800 | D11: =C11-B11 -> 8380 | F11: =G10 -> 363310 | G11: 363740 | H11: =G11-F11 -> 430 | J11: =D11/200 -> 41.9 | L11: =2.68*D11 -> 22458.4 | M11: =L11/1000 -> 22.4584
A12: 8 | B12: =C11 -> 43908800 | C12: 43917450 | D12: =C12-B12 -> 8650 | F12: =G11 -> 363740 | G12: 364230 | H12: =G12-F12 -> 490 | J12: =D12/200 -> 43.25 | L12: =2.68*D12 -> 23182 | M12: =L12/1000 -> 23.182
A13: 9 | B13: =C12 -> 43917450 | C13: 43925800 | D13: =C13-B13 -> 8350 | F13: =G12 -> 364230 | G13: 364630 | H13: =G13-F13 -> 400 | J13: =D13/200 -> 41.75 | L13: =2.68*D13 -> 22378 | M13: =L13/1000 -> 22.378
A14: 10 | B14: =C13 -> 43925800 | C14: 43934260 | D14: =C14-B14 -> 8460 | F14: =G13 -> 364630 | G14: 365130 | H14: =G14-F14 -> 500 | J14: =D14/200 -> 42.3 | L14: =2.68*D14 -> 22672.8 | M14: =L14/1000 -> 22.6728
A15: 11 | B15: =C14 -> 43934260 | C15: 43942400 | D15: =C15-B15 -> 8140 | F15: =G14 -> 365130 | G15: 365620 | H15: =G15-F15 -> 490 | J15: =D15/200 -> 40.7 | L15: =2.68*D15 -> 21815.2 | M15: =L15/1000 -> 21.8152
A16: 12 | B16: =C15 -> 43942400 | C16: 43950470 | D16: =C16-B16 -> 8070 | F16: =G15 -> 365620 | G16: 366050 | H16: =G16-F16 -> 430 | J16: =D16/200 -> 40.35 | L16: =2.68*D16 -> 21627.6 | M16: =L16/1000 -> 21.6276
A17: 13 | B17: =C16 -> 43950470 | C17: 43958430 | D17: =C17-B17 -> 7960 | F17: =G16 -> 366050 | G17: 366530 | H17: =G17-F17 -> 480 | J17: =D17/200 -> 39.8 | L17: =2.68*D17 -> 21332.8 | M17: =L17/1000 -> 21.3328
... A24: 20 | B24: =C23 -> 44009420 | C24: 44017890 | D24: =C24-B24 -> 8470 | F24: =G23 -> 368950 | G24: 369380 | H24: =G24-F24 -> 430 | J24: =D24/200 -> 42.35 | L24: =2.68*D24 -> 22699.6 | M24: =L24/1000 -> 22.6996
A25: 21 | B25: =C24 -> 44017890 | D25: =C25-B25 -> -44017890 | F25: =G24 -> 369380 | H25: =G25-F25 -> -369380 | J25: =D25/200 -> -220089.45 | L25: =2.68*D25 -> -1.1796795e+08 | M25: =L25/1000 -> -117967.95
A26: 22 | B26: =C25 -> 0 | D26: =C26-B26 -> 0 | F26: =G25 -> 0 | H26: =G26-F26 -> 0 | J26: =D26/200 -> 0 | L26: =2.68*D26 -> 0 | M26: =L26/1000 -> 0
A27: 23 | B27: =C26 -> 0 | D27: =C27-B27 -> 0 | F27: =G26 -> 0 | H27: =G27-F27 -> 0 | J27: =D27/200 -> 0 | L27: =2.68*D27 -> 0 | M27: =L27/1000 -> 0
A28: 24 | B28: =C27 -> 0 | D28: =C28-B28 -> 0 | F28: =G27 -> 0 | H28: =G28-F28 -> 0 | J28: =D28/200 -> 0 | L28: =2.68*D28 -> 0 | M28: =L28/1000 -> 0
A29: 25 | B29: =C28 -> 0 | D29: =C29-B29 -> 0 | F29: =G28 -> 0 | H29: =G29-F29 -> 0 | J29: =D29/200 -> 0 | L29: =2.68*D29 -> 0 | M29: =L29/1000 -> 0
A30: 26 | B30: =C29 -> 0 | D30: =C30-B30 -> 0 | F30: =G29 -> 0 | H30: =G30-F30 -> 0 | J30: =D30/200 -> 0 | L30: =2.68*D30 -> 0 | M30: =L30/1000 -> 0
A31: 27 | B31: =C30 -> 0 | D31: =C31-B31 -> 0 | F31: =G30 -> 0 | H31: =G31-F31 -> 0 | J31: =D31/200 -> 0 | L31: =2.68*D31 -> 0 | M31: =L31/1000 -> 0
A32: 28 | B32: =C31 -> 0 | D32: =C32-B32 -> 0 | F32: =G31 -> 0 | H32: =G32-F32 -> 0 | J32: =D32/200 -> 0 | L32: =2.68*D32 -> 0 | M32: =L32/1000 -> 0
A33: 29 | B33: =C32 -> 0 | D33: =C33-B33 -> 0 | F33: =G32 -> 0 | H33: =G33-F33 -> 0 | J33: =D33/200 -> 0 | L33: =2.68*D33 -> 0 | M33: =L33/1000 -> 0
A34: 30 | B34: =C33 -> 0 | D34: =C34-B34 -> 0 | F34: =G33 -> 0 | H34: =G34-F34 -> 0 | J34: =D34/200 -> 0 | L34: =2.68*D34 -> 0 | M34: =L34/1000 -> 0
D35: =SUM(D5:D34) -> -43850220 | J35: =SUM(J5:J34) -> -219251.1 | L35: =2.68*D35 -> -1.1751859e+08 | M35: =L35/1000 -> -117518.59

Sheet SOLAR METER READING
C3: solar reading
B5: 44317
B7: solar meter reading
A8: DAY | B8: YESTARDAY | C8: TODAY | D8: Final Electricity Consumption( KW h) | E8: Weather Condition
A9: 1 | B9: 2596702 | C9: 2599882 | D9: =C9-B9 -> 3180 | E9: partly sunny
A10: 2 | B10: =C9 -> 2599882 | C10: 2603096 | D10: =C10-B10 -> 3214 | E10: partly sunny
A11: 3 | B11: =C10 -> 2603096 | C11: 2605432 | D11: =C11-B11 -> 2336 | E11: partly cloudy
A12: 4 | B12: =C11 -> 2605432 | C12: 2608508 | D12: =C12-B12 -> 3076 | E12: partly sunny
A13: 5 | B13: =C12 -> 2608508 | C13: 2611686 | D13: =C13-B13 -> 3178 | E13: partly sunny | J13: 1 liter diesel | K13: 11.1 kwh
A14: 6 | B14: =C13 -> 2611686 | C14: 2614660 | D14: =C14-B14 -> 2974 | E14: partlu cloudly | J14: 212.88 diesel | K14: 2363 kwh
A15: 7 | B15: =C14 -> 2614660 | C15: 2617514 | D15: =C15-B15 -> 2854 | E15: partly cloudy
A16: 8 | B16: =C15 -> 2617514 | C16: 2620188 | D16: =C16-B16 -> 2674 | E16: partly cloudy
A17: 9 | B17: =C16 -> 2620188 | C17: 2623300 | D17: =C17-B17 -> 3112 | E17: sunny
A18: 10 | B18: =C17 -> 2623300 | C18: 2625730 | D18: =C18-B18 -> 2430 | E18: cloudy
A19: 11 | B19: =C18 -> 2625730 | C19: 2627531 | D19: =C19-B19 -> 1801 | E19: rainy
A20: 12 | B20: =C19 -> 2627531 | C20: 2629512 | D20: =C20-B20 -> 1981 | E20: rainy
A21: 13 | B21: =C20 -> 2629512 | C21: 2630510 | D21: =C21-B21 -> 998 | E21: heavy rain
A22: 14 | B22: =C21 -> 2630510 | C22: 2631046 | D22: =C22-B22 -> 536 | E22: heavy rain
A23: 15 | B23: =C22 -> 2631046 | C23: 2632696 | D23: =C23-B23 -> 1650 | E23: rainy
A24: 16 | B24: =C23 -> 2632696 | C24: 2635837 | D24: =C24-B24 -> 3141 | E24: partly sunny
A25: 17 | B25: =C24 -> 2635837 | C25: 2639105 | D25: =C25-B25 -> 3268 | E25: sunny
A26: 18 | B26: =C25 -> 2639105 | C26: 2642373 | D26: =C26-B26 -> 3268 | E26: sunny
... A28: 20 | B28: =C27 -> 2645683 | C28: 2648567 | D28: =C28-B28 -> 2884 | E28: cloudy
A29: 21 | B29: =C28 -> 2648567 | D29: =C29-B29 -> -2648567
A30: 22 | B30: =C29 -> 0 | D30: =C30-B30 -> 0
A31: 23 | B31: =C30 -> 0 | D31: =C31-B31 -> 0
A32: 24 | B32: =C31 -> 0 | D32: =C32-B32 -> 0
A33: 25 | B33: =C32 -> 0 | D33: =C33-B33 -> 0
A34: 26 | B34: =C33 -> 0 | D34: =C34-B34 -> 0
A35: 27 | B35: =C34 -> 0 | D35: =C35-B35 -> 0
A36: 28 | B36: =C35 -> 0 | D36: =C36-B36 -> 0
A37: 29 | B37: =C36 -> 0 | D37: =C37-B37 -> 0
A38: 30 | B38: =C37 -> 0 | D38: =C38-B38 -> 0
A39: Total | D39: =SUM(D9:D38) -> -2596702

Sheet FEEDER Consumption 
A1: 44317
A2: POWER HOUSE FEEDER READING
B3: BLU FEEDER PANEL 1 | G3: BLU FEEDER PANEL 2 | L3: POWER HOUSE FEEDER PANEL NO:3 | Q3: Main Kitchen -7 | V3: Main Kitchen -10 | AA3: Water treatment Plant | AF3: Sewage treatment Plant | AK3: Laundry--8SSB | AP3: Laundry-9 | AU3: New staff accomodation (E0) | AZ3: Staff block-16(E2-E3) | BE3: Staff Block Feeder-3(E4-E5) | BJ3: Management block-5 | BO3: SNR STAFF BLOCK | BT3: RECEPTION | BY3: DIVE CENTER | CD3: DIESEL TANK JETTY METER | CI3: 301-307 | CN3: 308-314 | CS3: 315-320 | CX3: 401-407 | DC3: 408-414 | DH3: 415-420 | DM3: SPA - 1 | DR3: SPA - 2 | DW3: BLU KITCHEN - 1 | EB3: BLU KITCHEN - 2 | EG3: AL BARAKATH | EL3: STAFF KITCHEN | EQ3: MANAGR BLOCK GARDEN
A4: DAY | B4: Yesterday | C4: Today | D4: Consumption | E4: Variance (Tdy vs Ystdy) | F4: % | G4: Yesterday | H4: Today | I4: Consumption | J4: Var(Tdy vs Ystdy) | K4: % | L4: Yesterday | M4: Today | N4: Consumption | O4: Var (Tdy vs Ystdy) | P4: % | Q4: Yesterday | R4: Today | S4: Consumption | T4: Var(Tdy vs Ystdy) | U4: % | V4: Yesterday | W4: Today | X4: Consumption | Y4: Var(Tdy vs Ystdy) | Z4: % | AA4: Yesterday | AB4: Today | AC4: Consumption | AD4: Var(Tdy vs Ystdy) | AE4: % | AF4: Yesterday | AG4: Today | AH4: Consumption | AI4: Var(Tdy vs Ystdy) | AJ4: % | AK4: Yesterday | AL4: Today | AM4: Consumption | AN4: Var(Tdy vs Ystdy) | AO4: % | AP4: Yesterday | AQ4: Today | AR4: Consumption | AS4: Var(Tdy vs Ystdy) | AT4: % | AU4: Yesterday | AV4: Today | AW4: Consumption | AX4: Var(Tdy vs Ystdy) | AY4: % | AZ4: Yesterday | BA4: Today | BB4: Consumption | BC4: Var(Tdy vs Ystdy) | BD4: % | BE4: Yesterday | BF4: Today | BG4: Consumption | BH4: Var(Tdy vs Ystdy) | BI4: % | BJ4: Yesterday | BK4: Today | BL4: Consumption | BM4: Var(Tdy vs Ystdy) | BN4: % | BO4: Yesterday | BP4: Today | BQ4: Consumption | BR4: Var(Tdy vs Ystdy) | BS4: % | BT4: Yesterday | BU4: Today | BV4: Consumption | BW4: Var(Tdy vs Ystdy) | BX4: % | BY4: Yesterday | BZ4: Today | CA4: Consumption | CB4: Var(Tdy vs Ystdy) | CC4: % | CD4: Yesterday | CE4: Today | CF4: Consumption | CG4: Var(Tdy vs Ystdy) | CH4: % | CI4: Yesterday | CJ4: Today | CK4: Consumption | CL4: Var(Tdy vs Ystdy) | CM4: % | CN4: Yesterday | CO4: Today | CP4: Consumption | CQ4: Var(Tdy vs Ystdy) | CR4: % | CS4: Yesterday | CT4: Today | CU4: Consumption | CV4: Var(Tdy vs Ystdy) | CW4: % | CX4: Yesterday | CY4: Today | CZ4: Consumption | DA4: Var(Tdy vs Ystdy) | DB4: % | DC4: Yesterday | DD4: Today | DE4: Consumption | DF4: Var(Tdy vs Ystdy) | DG4: % | DH4: Yesterday | DI4: Today | DJ4: Consumption | DK4: Var(Tdy vs Ystdy) | DL4: % | DM4: Yesterday | DN4: Today | DO4: Consumption | DP4: Var(Tdy vs Ystdy) | DQ4: % | DR4: Yesterday | DS4: Today | DT4: Consumption | DU4: Var(Tdy vs Ystdy) | DV4: % | DW4: Yesterday | DX4: Today | DY4: Consumption | DZ4: Var(Tdy vs Ystdy) | EA4: % | EB4: Yesterday | EC4: Today | ED4: Consumption | EE4: Var(Tdy vs Ystdy) | EF4: % | EG4: Yesterday | EH4: Today | EI4: Consumption | EJ4: Var(Tdy vs Ystdy) | EK4: % | EL4: Yesterday | EM4: Today | EN4: Consumption | EO4: Var(Tdy vs Ystdy) | EP4: % | EQ4: Yesterday | ER4: Today | ES4: Consumption | ET4: Var(Tdy vs Ystdy) | EU4: %
A5: 1 | B5: 25532712 | C5: 25536808 | D5: =C5-B5 -> 4096 | G5: 22576918 | H5: 22582098 | I5: =H5-G5 -> 5180 | L5: 85421095 | M5: 85436113 | N5: =M5-L5 -> 15018 | Q5: 1966900 | R5: 1968900 | S5: =R5-Q5 -> 2000 | V5: 2662097 | W5: 2664993 | X5: =W5-V5 -> 2896 | AA5: 1618900 | AB5: 1620600 | AC5: =AB5-AA5 -> 1700 | AF5: 734522 | AG5: 735223 | AH5: =AG5-AF5 -> 701 | AK5: 7600100 | AL5: 7607100 | AM5: =AL5-AK5 -> 7000 | AP5: 1732600 | AQ5: 1733800 | AR5: =AQ5-AP5 -> 1200 | AU5: 494210 | AV5: 494652 | AW5: =AV5-AU5 -> 442 | AZ5: 628570 | BA5: 629570 | BB5: =BA5-AZ5 -> 1000 | BE5: 725910 | BF5: 727000 | BG5: =BF5-BE5 -> 1090 | BJ5: 1136100 | BK5: 1137600 | BL5: =BK5-BJ5 -> 1500 | BO5: 596350 | BP5: 598180 | BQ5: =BP5-BO5 -> 1830 | BT5: 457080 | BU5: 458360 | BV5: =BU5-BT5 -> 1280 | BY5: 1326100 | BZ5: 1331000 | CA5: =BZ5-BY5 -> 4900 | CD5: 626490 | CE5: 626890 | CF5: =CE5-CD5 -> 400 | CI5: 29873 | CJ5: 30083 | CK5: =CJ5-CI5 -> 210 | CN5: 23966 | CO5: 24227 | CP5: =CO5-CN5 -> 261 | CS5: 21609 | CT5: 21760 | CU5: =CT5-CS5 -> 151 | CX5: 33989 | CY5: 34228 | CZ5: =CY5-CX5 -> 239 | DC5: 25598 | DD5: 25857 | DE5: =DD5-DC5 -> 259 | DH5: 24150 | DI5: 24309 | DJ5: =DI5-DH5 -> 159 | DM5: 16546 | DN5: 16640 | DO5: =DN5-DM5 -> 94 | DR5: 44409 | DS5: 44672 | DT5: =DS5-DR5 -> 263 | DW5: 32323 | DX5: 32462 | DY5: =DX5-DW5 -> 139 | EB5: 97564 | EC5: 98073 | ED5: =EC5-EB5 -> 509 | EG5: 77254 | EH5: 78016 | EI5: =EH5-EG5 -> 762 | EL5: 16706 | EM5: 16803 | EN5: =EM5-EL5 -> 97 | EQ5: 202860 | ER5: 210970 | ES5: =ER5-EQ5 -> 8110
A6: 2 | B6: =C5 -> 25536808 | C6: 25540997 | D6: =C6-B6 -> 4189 | E6: =D6-D5 -> 93 | F6: =(D6/'Finance Only'!B9)*100 -> 13.342039 | G6: =H5 -> 22582098 | H6: 22587381 | I6: =H6-G6 -> 5283 | J6: =I6-I5 -> 103 | K6: =(I6/'Finance Only'!B9)*100 -> 16.826448 | L6: =M5 -> 85436113 | M6: 85452122 | N6: =M6-L6 -> 16009 | O6: =N6-N5 -> 991 | P6: =(N6/'Finance Only'!B9)*100 -> 50.988948 | Q6: =R5 -> 1968900 | R6: 1971000 | S6: =R6-Q6 -> 2100 | T6: =S6-S5 -> 100 | U6: =(S6/'Finance Only'!B9)*100 -> 6.6885371 | V6: =W5 -> 2664993 | W6: 2667886 | X6: =W6-V6 -> 2893 | Y6: =X6-X5 -> -3 | Z6: =(X6/'Finance Only'!B9)*100 -> 9.2142561 | AA6: =AB5 -> 1620600 | AB6: 1622400 | AC6: =AB6-AA6 -> 1800 | AD6: =AC6-AC5 -> 100 | AE6: =(AC6/'Finance Only'!B9)*100 -> 5.7330318 | AF6: =AG5 -> 735223 | AG6: 736018 | AH6: =AG6-AF6 -> 795 | AI6: =AH6-AH5 -> 94 | AJ6: =(AH6/'Finance Only'!B9)*100 -> 2.5320891 | AK6: =AL5 -> 7607100 | AL6: 7614500 | AM6: =AL6-AK6 -> 7400 | AN6: =AM6-AM5 -> 400 | AO6: =(AM6/'Finance Only'!B9)*100 -> 23.569131 | AP6: =AQ5 -> 1733800 | AQ6: 1735100 | AR6: =AQ6-AP6 -> 1300 | AS6: =AR6-AR5 -> 100 | AT6: =(AR6/'Finance Only'!B9)*100 -> 4.140523 | AU6: =AV5 -> 494652 | AV6: 495105 | AW6: =AV6-AU6 -> 453 | AX6: =AW6-AW5 -> 11 | AY6: =(AW6/'Finance Only'!B9)*100 -> 1.442813 | AZ6: =BA5 -> 629570 | BA6: 630630 | BB6: =BA6-AZ6 -> 1060 | BC6: =BB6-BB5 -> 60 | BD6: =(BB6/'Finance Only'!B9)*100 -> 3.3761187 | BE6: =BF5 -> 727000 | BF6: 728130 | BG6: =BF6-BE6 -> 1130 | BH6: =BG6-BG5 -> 40 | BI6: =(BG6/'Finance Only'!B9)*100 -> 3.59907 | BJ6: =BK5 -> 1137600 | BK6: 1139200 | BL6: =BK6-BJ6 -> 1600 | BM6: =BL6-BL5 -> 100 | BN6: =(BL6/'Finance Only'!B9)*100 -> 5.0960283 | BO6: =BP5 -> 598180 | BP6: 599950 | BQ6: =BP6-BO6 -> 1770 | BR6: =BQ6-BQ5 -> -60 | BS6: =(BQ6/'Finance Only'!B9)*100 -> 5.6374813 | BT6: =BU5 -> 458360 | BU6: 459700 | BV6: =BU6-BT6 -> 1340 | BW6: =BV6-BV5 -> 60 | BX6: =(BV6/'Finance Only'!B9)*100 -> 4.2679237 | BY6: =BZ5 -> 1331000 | BZ6: 1336100 | CA6: =BZ6-BY6 -> 5100 | CB6: =CA6-CA5 -> 200 | CC6: =(CA6/'Finance Only'!B9)*100 -> 16.24359 | CD6: =CE5 -> 626890 | CE6: 627530 | CF6: =CE6-CD6 -> 640 | CG6: =CF6-CF5 -> 240 | CH6: =(CF6/'Finance Only'!B9)*100 -> 2.0384113 | CI6: =CJ5 -> 30083 | CJ6: 30182 | CK6: =CJ6-CI6 -> 99 | CL6: =CK6-CK5 -> -111 | CM6: =(CK6/'Finance Only'!B9)*100 -> 0.31531675 | CN6: =CO5 -> 24227 | CO6: 24304 | CP6: =CO6-CN6 -> 77 | CQ6: =CP6-CP5 -> -184 | CR6: =(CP6/'Finance Only'!B9)*100 -> 0.24524636 | CS6: =CT5 -> 21760 | CT6: 21822 | CU6: =CT6-CS6 -> 62 | CV6: =CU6-CU5 -> -89 | CW6: =(CU6/'Finance Only'!B9)*100 -> 0.1974711 | CX6: =CY5 -> 34228 | CY6: 34346 | CZ6: =CY6-CX6 -> 118 | DA6: =CZ6-CZ5 -> -121 | DB6: =(CZ6/'Finance Only'!B9)*100 -> 0.37583209 | DC6: =DD5 -> 25857 | DD6: 25979 | DE6: =DD6-DC6 -> 122 | DF6: =DE6-DE5 -> -137 | DG6: =(DE6/'Finance Only'!B9)*100 -> 0.38857216 | DH6: =DI5 -> 24309 | DI6: 24384 | DJ6: =DI6-DH6 -> 75 | DK6: =DJ6-DJ5 -> -84 | DL6: =(DJ6/'Finance Only'!B9)*100 -> 0.23887633 | DM6: =DN5 -> 16640 | DN6: 16686 | DO6: =DN6-DM6 -> 46 | DP6: =DO6-DO5 -> -48 | DQ6: =(DO6/'Finance Only'!B9)*100 -> 0.14651081 | DR6: =DS5 -> 44672 | DS6: 44781 | DT6: =DS6-DR6 -> 109 | DU6: =DT6-DT5 -> -154 | DV6: =(DT6/'Finance Only'!B9)*100 -> 0.34716693 | DW6: =DX5 -> 32462 | DX6: 32528 | DY6: =DX6-DW6 -> 66 | DZ6: =DY6-DY5 -> -73 | EA6: =(DY6/'Finance Only'!B9)*100 -> 0.21021117 | EB6: =EC5 -> 98073 | EC6: 98334 | ED6: =EC6-EB6 -> 261 | EE6: =ED6-ED5 -> -248 | EF6: =(ED6/'Finance Only'!B9)*100 -> 0.83128961 | EG6: =EH5 -> 78016 | EH6: 78413 | EI6: =EH6-EG6 -> 397 | EJ6: =EI6-EI5 -> -365 | EK6: =(EI6/'Finance Only'!B9)*100 -> 1.264452 | EL6: =EM5 -> 16803 | EM6: 16841 | EN6: =EM6-EL6 -> 38 | EO6: =EN6-EN5 -> -59 | EP6: =(EN6/'Finance Only'!B9)*100 -> 0.12103067 | EQ6: =ER5 -> 210970 | ER6: 215130 | ES6: =ER6-EQ6 -> 4160 | ET6: =ES6-ES5 -> -3950 | EU6: =(ES6/'Finance Only'!B9)*100 -> 13.249674
A7: 3 | B7: =C6 -> 25540997 | C7: 25544804 | D7: =C7-B7 -> 3807 | E7: =D7-D6 -> -382 | F7: =(D7/'Finance Only'!B10)*100 -> 12.628122 | G7: =H6 -> 22587381 | H7: 22592255 | I7: =H7-G7 -> 4874 | J7: =I7-I6 -> -409 | K7: =(I7/'Finance Only'!B10)*100 -> 16.167446 | L7: =M6 -> 85452122 | M7: 85467711 | N7: =M7-L7 -> 15589 | O7: =N7-N6 -> -420 | P7: =(N7/'Finance Only'!B10)*100 -> 51.709955 | Q7: =R6 -> 1971000 | R7: 1973000 | S7: =R7-Q7 -> 2000 | T7: =S7-S6 -> -100 | U7: =(S7/'Finance Only'!B10)*100 -> 6.6341593 | V7: =W6 -> 2667886 | W7: 2670757 | X7: =W7-V7 -> 2871 | Y7: =X7-X6 -> -22 | Z7: =(X7/'Finance Only'!B10)*100 -> 9.5233357 | AA7: =AB6 -> 1622400 | AB7: 1624200 | AC7: =AB7-AA7 -> 1800 | AD7: =AC7-AC6 -> 0 | AE7: =(AC7/'Finance Only'!B10)*100 -> 5.9707434 | AF7: =AG6 -> 736018 | AG7: 736831 | AH7: =AG7-AF7 -> 813 | AI7: =AH7-AH6 -> 18 | AJ7: =(AH7/'Finance Only'!B10)*100 -> 2.6967857 | AK7: =AL6 -> 7614500 | AL7: 7621100 | AM7: =AL7-AK7 -> 6600 | AN7: =AM7-AM6 -> -800 | AO7: =(AM7/'Finance Only'!B10)*100 -> 21.892726 | AP7: =AQ6 -> 1735100 | AQ7: 1736500 | AR7: =AQ7-AP7 -> 1400 | AS7: =AR7-AR6 -> 100 | AT7: =(AR7/'Finance Only'!B10)*100 -> 4.6439115 | AU7: =AV6 -> 495105 | AV7: 495543 | AW7: =AV7-AU7 -> 438 | AX7: =AW7-AW6 -> -15 | AY7: =(AW7/'Finance Only'!B10)*100 -> 1.4528809 | AZ7: =BA6 -> 630630 | BA7: 631730 | BB7: =BA7-AZ7 -> 1100 | BC7: =BB7-BB6 -> 40 | BD7: =(BB7/'Finance Only'!B10)*100 -> 3.6487876 | BE7: =BF6 -> 728130 | BF7: 729280 | BG7: =BF7-BE7 -> 1150 | BH7: =BG7-BG6 -> 20 | BI7: =(BG7/'Finance Only'!B10)*100 -> 3.8146416 | BJ7: =BK6 -> 1139200 | BK7: 1140800 | BL7: =BK7-BJ7 -> 1600 | BM7: =BL7-BL6 -> 0 | BN7: =(BL7/'Finance Only'!B10)*100 -> 5.3073274 | BO7: =BP6 -> 599950 | BP7: 601740 | BQ7: =BP7-BO7 -> 1790 | BR7: =BQ7-BQ6 -> 20 | BS7: =(BQ7/'Finance Only'!B10)*100 -> 5.9375726 | BT7: =BU6 -> 459700 | BU7: 460950 | BV7: =BU7-BT7 -> 1250 | BW7: =BV7-BV6 -> -90 | BX7: =(BV7/'Finance Only'!B10)*100 -> 4.1463496 | BY7: =BZ6 -> 1336100 | BZ7: 1340800 | CA7: =BZ7-BY7 -> 4700 | CB7: =CA7-CA6 -> -400 | CC7: =(CA7/'Finance Only'!B10)*100 -> 15.590274 | CD7: =CE6 -> 627530 | CE7: 631240 | CF7: =CE7-CD7 -> 3710 | CG7: =CF7-CF6 -> 3070 | CH7: =(CF7/'Finance Only'!B10)*100 -> 12.306365 | CI7: =CJ6 -> 30182 | CJ7: 30268 | CK7: =CJ7-CI7 -> 86 | CL7: =CK7-CK6 -> -13 | CM7: =(CK7/'Finance Only'!B10)*100 -> 0.28526885 | CN7: =CO6 -> 24304 | CO7: 24381 | CP7: =CO7-CN7 -> 77 | CQ7: =CP7-CP6 -> 0 | CR7: =(CP7/'Finance Only'!B10)*100 -> 0.25541513 | CS7: =CT6 -> 21822 | CT7: 21878 | CU7: =CT7-CS7 -> 56 | CV7: =CU7-CU6 -> -6 | CW7: =(CU7/'Finance Only'!B10)*100 -> 0.18575646 | CX7: =CY6 -> 34346 | CY7: 34463 | CZ7: =CY7-CX7 -> 117 | DA7: =CZ7-CZ6 -> -1 | DB7: =(CZ7/'Finance Only'!B10)*100 -> 0.38809832 | DC7: =DD6 -> 25979 | DD7: 26091 | DE7: =DD7-DC7 -> 112 | DF7: =DE7-DE6 -> -10 | DG7: =(DE7/'Finance Only'!B10)*100 -> 0.37151292 | DH7: =DI6 -> 24384 | DI7: 24465 | DJ7: =DI7-DH7 -> 81 | DK7: =DJ7-DJ6 -> 6 | DL7: =(DJ7/'Finance Only'!B10)*100 -> 0.26868345 | DM7: =DN6 -> 16686 | DN7: 16732 | DO7: =DN7-DM7 -> 46 | DP7: =DO7-DO6 -> 0 | DQ7: =(DO7/'Finance Only'!B10)*100 -> 0.15258566 | DR7: =DS6 -> 44781 | DS7: 44913 | DT7: =DS7-DR7 -> 132 | DU7: =DT7-DT6 -> 23 | DV7: =(DT7/'Finance Only'!B10)*100 -> 0.43785451 | DW7: =DX6 -> 32528 | DX7: 32594 | DY7: =DX7-DW7 -> 66 | DZ7: =DY7-DY6 -> 0 | EA7: =(DY7/'Finance Only'!B10)*100 -> 0.21892726 | EB7: =EC6 -> 98334 | EC7: 98598 | ED7: =EC7-EB7 -> 264 | EE7: =ED7-ED6 -> 3 | EF7: =(ED7/'Finance Only'!B10)*100 -> 0.87570903 | EG7: =EH6 -> 78413 | EH7: 78841 | EI7: =EH7-EG7 -> 428 | EJ7: =EI7-EI6 -> 31 | EK7: =(EI7/'Finance Only'!B10)*100 -> 1.4197101 | EL7: =EM6 -> 16841 | EM7: 16898 | EN7: =EM7-EL7 -> 57 | EO7: =EN7-EN6 -> 19 | EP7: =(EN7/'Finance Only'!B10)*100 -> 0.18907354 | EQ7: =ER6 -> 215130 | ER7: 218430 | ES7: =ER7-EQ7 -> 3300 | ET7: =ES7-ES6 -> -860 | EU7: =(ES7/'Finance Only'!B10)*100 -> 10.946363
A8: 4 | B8: =C7 -> 25544804 | C8: 25548484 | D8: =C8-B8 -> 3680 | E8: =D8-D7 -> -127 | F8: =(D8/'Finance Only'!B11)*100 -> 12.776003 | G8: =H7 -> 22592255 | H8: 22596872 | I8: =H8-G8 -> 4617 | J8: =I8-I7 -> -257 | K8: =(I8/'Finance Only'!B11)*100 -> 16.029024 | L8: =M7 -> 85467711 | M8: 85482286 | N8: =M8-L8 -> 14575 | O8: =N8-N7 -> -1014 | P8: =(N8/'Finance Only'!B11)*100 -> 50.600611 | Q8: =R7 -> 1973000 | R8: 1975100 | S8: =R8-Q8 -> 2100 | T8: =S8-S7 -> 100 | U8: =(S8/'Finance Only'!B11)*100 -> 7.2906541 | V8: =W7 -> 2670757 | W8: 2673580 | X8: =W8-V8 -> 2823 | Y8: =X8-X7 -> -48 | Z8: =(X8/'Finance Only'!B11)*100 -> 9.8007221 | AA8: =AB7 -> 1624200 | AB8: 1625700 | AC8: =AB8-AA8 -> 1500 | AD8: =AC8-AC7 -> -300 | AE8: =(AC8/'Finance Only'!B11)*100 -> 5.2076101 | AF8: =AG7 -> 736831 | AG8: 737577 | AH8: =AG8-AF8 -> 746 | AI8: =AH8-AH7 -> -67 | AJ8: =(AH8/'Finance Only'!B11)*100 -> 2.5899181 | AK8: =AL7 -> 7621100 | AL8: 7627400 | AM8: =AL8-AK8 -> 6300 | AN8: =AM8-AM7 -> -300 | AO8: =(AM8/'Finance Only'!B11)*100 -> 21.871962 | AP8: =AQ7 -> 1736500 | AQ8: 1738000 | AR8: =AQ8-AP8 -> 1500 | AS8: =AR8-AR7 -> 100 | AT8: =(AR8/'Finance Only'!B11)*100 -> 5.2076101 | AU8: =AV7 -> 495543 | AV8: 495952 | AW8: =AV8-AU8 -> 409 | AX8: =AW8-AW7 -> -29 | AY8: =(AW8/'Finance Only'!B11)*100 -> 1.4199417 | AZ8: =BA7 -> 631730 | BA8: 632650 | BB8: =BA8-AZ8 -> 920 | BC8: =BB8-BB7 -> -180 | BD8: =(BB8/'Finance Only'!B11)*100 -> 3.1940008 | BE8: =BF7 -> 729280 | BF8: 730280 | BG8: =BF8-BE8 -> 1000 | BH8: =BG8-BG7 -> -150 | BI8: =(BG8/'Finance Only'!B11)*100 -> 3.47174 | BJ8: =BK7 -> 1140800 | BK8: 1142200 | BL8: =BK8-BJ8 -> 1400 | BM8: =BL8-BL7 -> -200 | BN8: =(BL8/'Finance Only'!B11)*100 -> 4.8604361 | BO8: =BP7 -> 601740 | BP8: 603270 | BQ8: =BP8-BO8 -> 1530 | BR8: =BQ8-BQ7 -> -260 | BS8: =(BQ8/'Finance Only'!B11)*100 -> 5.3117623 | BT8: =BU7 -> 460950 | BU8: 462230 | BV8: =BU8-BT8 -> 1280 | BW8: =BV8-BV7 -> 30 | BX8: =(BV8/'Finance Only'!B11)*100 -> 4.4438272 | BY8: =BZ7 -> 1340800 | BZ8: 1345100 | CA8: =BZ8-BY8 -> 4300 | CB8: =CA8-CA7 -> -400 | CC8: =(CA8/'Finance Only'!B11)*100 -> 14.928482 | CD8: =CE7 -> 631240 | CE8: 631740 | CF8: =CE8-CD8 -> 500 | CG8: =CF8-CF7 -> -3210 | CH8: =(CF8/'Finance Only'!B11)*100 -> 1.73587 | CI8: =CJ7 -> 30268 | CJ8: 30380 | CK8: =CJ8-CI8 -> 112 | CL8: =CK8-CK7 -> 26 | CM8: =(CK8/'Finance Only'!B11)*100 -> 0.38883488 | CN8: =CO7 -> 24381 | CO8: 24472 | CP8: =CO8-CN8 -> 91 | CQ8: =CP8-CP7 -> 14 | CR8: =(CP8/'Finance Only'!B11)*100 -> 0.31592834 | CS8: =CT7 -> 21878 | CT8: 21948 | CU8: =CT8-CS8 -> 70 | CV8: =CU8-CU7 -> 14 | CW8: =(CU8/'Finance Only'!B11)*100 -> 0.2430218 | CX8: =CY7 -> 34463 | CY8: 34578 | CZ8: =CY8-CX8 -> 115 | DA8: =CZ8-CZ7 -> -2 | DB8: =(CZ8/'Finance Only'!B11)*100 -> 0.3992501 | DC8: =DD7 -> 26091 | DD8: 26216 | DE8: =DD8-DC8 -> 125 | DF8: =DE8-DE7 -> 13 | DG8: =(DE8/'Finance Only'!B11)*100 -> 0.4339675 | DH8: =DI7 -> 24465 | DI8: 24549 | DJ8: =DI8-DH8 -> 84 | DK8: =DJ8-DJ7 -> 3 | DL8: =(DJ8/'Finance Only'!B11)*100 -> 0.29162616 | DM8: =DN7 -> 16732 | DN8: 16777 | DO8: =DN8-DM8 -> 45 | DP8: =DO8-DO7 -> -1 | DQ8: =(DO8/'Finance Only'!B11)*100 -> 0.1562283 | DR8: =DS7 -> 44913 | DS8: 45198 | DT8: =DS8-DR8 -> 285 | DU8: =DT8-DT7 -> 153 | DV8: =(DT8/'Finance Only'!B11)*100 -> 0.98944591 | DW8: =DX7 -> 32594 | DX8: 32668 | DY8: =DX8-DW8 -> 74 | DZ8: =DY8-DY7 -> 8 | EA8: =(DY8/'Finance Only'!B11)*100 -> 0.25690876 | EB8: =EC7 -> 98598 | EC8: 98881 | ED8: =EC8-EB8 -> 283 | EE8: =ED8-ED7 -> 19 | EF8: =(ED8/'Finance Only'!B11)*100 -> 0.98250243 | EG8: =EH7 -> 78841 | EH8: 79248 | EI8: =EH8-EG8 -> 407 | EJ8: =EI8-EI7 -> -21 | EK8: =(EI8/'Finance Only'!B11)*100 -> 1.4129982 | EL8: =EM7 -> 16898 | EM8: 16949 | EN8: =EM8-EL8 -> 51 | EO8: =EN8-EN7 -> -6 | EP8: =(EN8/'Finance Only'!B11)*100 -> 0.17705874 | EQ8: =ER7 -> 218430 | ER8: 221950 | ES8: =ER8-EQ8 -> 3520 | ET8: =ES8-ES7 -> 220 | EU8: =(ES8/'Finance Only'!B11)*100 -> 12.220525
A9: 5 | B9: =C8 -> 25548484 | C9: 25552440 | D9: =C9-B9 -> 3956 | E9: =D9-D8 -> 276 | F9: =(D9/'Finance Only'!B12)*100 -> 13.028157 | G9: =H8 -> 22596872 | H9: 22601861 | I9: =H9-G9 -> 4989 | J9: =I9-I8 -> 372 | K9: =(I9/'Finance Only'!B12)*100 -> 16.4301 | L9: =M8 -> 85482286 | M9: 85497398 | N9: =M9-L9 -> 15112 | O9: =N9-N8 -> 537 | P9: =(N9/'Finance Only'!B12)*100 -> 49.767825 | Q9: =R8 -> 1975100 | R9: 1977100 | S9: =R9-Q9 -> 2000 | T9: =S9-S8 -> -100 | U9: =(S9/'Finance Only'!B12)*100 -> 6.5865305 | V9: =W8 -> 2673580 | W9: 2676481 | X9: =W9-V9 -> 2901 | Y9: =X9-X8 -> 78 | Z9: =(X9/'Finance Only'!B12)*100 -> 9.5537626 | AA9: =AB8 -> 1625700 | AB9: 1627500 | AC9: =AB9-AA9 -> 1800 | AD9: =AC9-AC8 -> 300 | AE9: =(AC9/'Finance Only'!B12)*100 -> 5.9278775 | AF9: =AG8 -> 737577 | AG9: 738347 | AH9: =AG9-AF9 -> 770 | AI9: =AH9-AH8 -> 24 | AJ9: =(AH9/'Finance Only'!B12)*100 -> 2.5358143 | AK9: =AL8 -> 7627400 | AL9: 7634400 | AM9: =AL9-AK9 -> 7000 | AN9: =AM9-AM8 -> 700 | AO9: =(AM9/'Finance Only'!B12)*100 -> 23.052857 | AP9: =AQ8 -> 1738000 | AQ9: 1739400 | AR9: =AQ9-AP9 -> 1400 | AS9: =AR9-AR8 -> -100 | AT9: =(AR9/'Finance Only'!B12)*100 -> 4.6105714 | AU9: =AV8 -> 495952 | AV9: 496399 | AW9: =AV9-AU9 -> 447 | AX9: =AW9-AW8 -> 38 | AY9: =(AW9/'Finance Only'!B12)*100 -> 1.4720896 | AZ9: =BA8 -> 632650 | BA9: 633580 | BB9: =BA9-AZ9 -> 930 | BC9: =BB9-BB8 -> 10 | BD9: =(BB9/'Finance Only'!B12)*100 -> 3.0627367 | BE9: =BF8 -> 730280 | BF9: 731310 | BG9: =BF9-BE9 -> 1030 | BH9: =BG9-BG8 -> 30 | BI9: =(BG9/'Finance Only'!B12)*100 -> 3.3920632 | BJ9: =BK8 -> 1142200 | BK9: 1143700 | BL9: =BK9-BJ9 -> 1500 | BM9: =BL9-BL8 -> 100 | BN9: =(BL9/'Finance Only'!B12)*100 -> 4.9398979 | BO9: =BP8 -> 603270 | BP9: 605040 | BQ9: =BP9-BO9 -> 1770 | BR9: =BQ9-BQ8 -> 240 | BS9: =(BQ9/'Finance Only'!B12)*100 -> 5.8290795 | BT9: =BU8 -> 462230 | BU9: 463460 | BV9: =BU9-BT9 -> 1230 | BW9: =BV9-BV8 -> -50 | BX9: =(BV9/'Finance Only'!B12)*100 -> 4.0507163 | BY9: =BZ8 -> 1345100 | BZ9: 1349400 | CA9: =BZ9-BY9 -> 4300 | CB9: =CA9-CA8 -> 0 | CC9: =(CA9/'Finance Only'!B12)*100 -> 14.161041 | CD9: =CE8 -> 631740 | CE9: 632940 | CF9: =CE9-CD9 -> 1200 | CG9: =CF9-CF8 -> 700 | CH9: =(CF9/'Finance Only'!B12)*100 -> 3.9519183 | CI9: =CJ8 -> 30380 | CJ9: 30401 | CK9: =CJ9-CI9 -> 21 | CL9: =CK9-CK8 -> -91 | CM9: =(CK9/'Finance Only'!B12)*100 -> 0.069158571 | CN9: =CO8 -> 24472 | CO9: 24511 | CP9: =CO9-CN9 -> 39 | CQ9: =CP9-CP8 -> -52 | CR9: =(CP9/'Finance Only'!B12)*100 -> 0.12843735 | CS9: =CT8 -> 21948 | CT9: 22001 | CU9: =CT9-CS9 -> 53 | CV9: =CU9-CU8 -> -17 | CW9: =(CU9/'Finance Only'!B12)*100 -> 0.17454306 | CX9: =CY8 -> 34578 | CY9: 34612 | CZ9: =CY9-CX9 -> 34 | DA9: =CZ9-CZ8 -> -81 | DB9: =(CZ9/'Finance Only'!B12)*100 -> 0.11197102 | DC9: =DD8 -> 26216 | DD9: 26291 | DE9: =DD9-DC9 -> 75 | DF9: =DE9-DE8 -> -50 | DG9: =(DE9/'Finance Only'!B12)*100 -> 0.2469949 | DH9: =DI8 -> 24549 | DI9: 24612 | DJ9: =DI9-DH9 -> 63 | DK9: =DJ9-DJ8 -> -21 | DL9: =(DJ9/'Finance Only'!B12)*100 -> 0.20747571 | DM9: =DN8 -> 16777 | DN9: 16801 | DO9: =DN9-DM9 -> 24 | DP9: =DO9-DO8 -> -21 | DQ9: =(DO9/'Finance Only'!B12)*100 -> 0.079038367 | DR9: =DS8 -> 45198 | DS9: =45198+132 -> 45330 | DT9: =DS9-DR9 -> 132 | DU9: =DT9-DT8 -> -153 | DV9: =(DT9/'Finance Only'!B12)*100 -> 0.43471102 | DW9: =DX8 -> 32668 | DX9: 32600 | DY9: =DX9-DW9 -> -68 | DZ9: =DY9-DY8 -> -142 | EA9: =(DY9/'Finance Only'!B12)*100 -> -0.22394204 | EB9: =EC8 -> 98881 | EC9: 98991 | ED9: =EC9-EB9 -> 110 | EE9: =ED9-ED8 -> -173 | EF9: =(ED9/'Finance Only'!B12)*100 -> 0.36225918 | EG9: =EH8 -> 79248 | EH9: 79615 | EI9: =EH9-EG9 -> 367 | EJ9: =EI9-EI8 -> -40 | EK9: =(EI9/'Finance Only'!B12)*100 -> 1.2086284 | EL9: =EM8 -> 16949 | EM9: 16991 | EN9: =EM9-EL9 -> 42 | EO9: =EN9-EN8 -> -9 | EP9: =(EN9/'Finance Only'!B12)*100 -> 0.13831714 | EQ9: =ER8 -> 221950 | ER9: 224110 | ES9: =ER9-EQ9 -> 2160 | ET9: =ES9-ES8 -> -1360 | EU9: =(ES9/'Finance Only'!B12)*100 -> 7.113453
A10: 6 | B10: =C9 -> 25552440 | C10: 25556240 | D10: =C10-B10 -> 3800 | E10: =D10-D9 -> -156 | F10: =(D10/'Finance Only'!B13)*100 -> 12.70903 | G10: =H9 -> 22601861 | H10: 22606998 | I10: =H10-G10 -> 5137 | J10: =I10-I9 -> 148 | K10: =(I10/'Finance Only'!B13)*100 -> 17.180602 | L10: =M9 -> 85497398 | M10: 85512707 | N10: =M10-L10 -> 15309 | O10: =N10-N9 -> 197 | P10: =(N10/'Finance Only'!B13)*100 -> 51.200669 | Q10: =R9 -> 1977100 | R10: 1979200 | S10: =R10-Q10 -> 2100 | T10: =S10-S9 -> 100 | U10: =(S10/'Finance Only'!B13)*100 -> 7.0234114 | V10: =W9 -> 2676481 | W10: 2679281 | X10: =W10-V10 -> 2800 | Y10: =X10-X9 -> -101 | Z10: =(X10/'Finance Only'!B13)*100 -> 9.3645485 | AA10: =AB9 -> 1627500 | AB10: 1629400 | AC10: =AB10-AA10 -> 1900 | AD10: =AC10-AC9 -> 100 | AE10: =(AC10/'Finance Only'!B13)*100 -> 6.3545151 | AF10: =AG9 -> 738347 | AG10: 739125 | AH10: =AG10-AF10 -> 778 | AI10: =AH10-AH9 -> 8 | AJ10: =(AH10/'Finance Only'!B13)*100 -> 2.6020067 | AK10: =AL9 -> 7634400 | AL10: 7641300 | AM10: =AL10-AK10 -> 6900 | AN10: =AM10-AM9 -> -100 | AO10: =(AM10/'Finance Only'!B13)*100 -> 23.076923 | AP10: =AQ9 -> 1739400 | AQ10: 1740800 | AR10: =AQ10-AP10 -> 1400 | AS10: =AR10-AR9 -> 0 | AT10: =(AR10/'Finance Only'!B13)*100 -> 4.6822742 | AU10: =AV9 -> 496399 | AV10: 496808 | AW10: =AV10-AU10 -> 409 | AX10: =AW10-AW9 -> -38 | AY10: =(AW10/'Finance Only'!B13)*100 -> 1.367893 | AZ10: =BA9 -> 633580 | BA10: 634570 | BB10: =BA10-AZ10 -> 990 | BC10: =BB10-BB9 -> 60 | BD10: =(BB10/'Finance Only'!B13)*100 -> 3.3110368 | BE10: =BF9 -> 731310 | BF10: 732360 | BG10: =BF10-BE10 -> 1050 | BH10: =BG10-BG9 -> 20 | BI10: =(BG10/'Finance Only'!B13)*100 -> 3.5117057 | BJ10: =BK9 -> 1143700 | BK10: 1145200 | BL10: =BK10-BJ10 -> 1500 | BM10: =BL10-BL9 -> 0 | BN10: =(BL10/'Finance Only'!B13)*100 -> 5.0167224 | BO10: =BP9 -> 605040 | BP10: 607010 | BQ10: =BP10-BO10 -> 1970 | BR10: =BQ10-BQ9 -> 200 | BS10: =(BQ10/'Finance Only'!B13)*100 -> 6.5886288 | BT10: =BU9 -> 463460 | BU10: 464770 | BV10: =BU10-BT10 -> 1310 | BW10: =BV10-BV9 -> 80 | BX10: =(BV10/'Finance Only'!B13)*100 -> 4.3812709 | BY10: =BZ9 -> 1349400 | BZ10: 1354100 | CA10: =BZ10-BY10 -> 4700 | CB10: =CA10-CA9 -> 400 | CC10: =(CA10/'Finance Only'!B13)*100 -> 15.719064 | CD10: =CE9 -> 632940 | CE10: 634840 | CF10: =CE10-CD10 -> 1900 | CG10: =CF10-CF9 -> 700 | CH10: =(CF10/'Finance Only'!B13)*100 -> 6.3545151 | CI10: =CJ9 -> 30401 | CJ10: 30480 | CK10: =CJ10-CI10 -> 79 | CL10: =CK10-CK9 -> 58 | CM10: =(CK10/'Finance Only'!B13)*100 -> 0.26421405 | CN10: =CO9 -> 24511 | CO10: 24556 | CP10: =CO10-CN10 -> 45 | CQ10: =CP10-CP9 -> 6 | CR10: =(CP10/'Finance Only'!B13)*100 -> 0.15050167 | CS10: =CT9 -> 22001 | CT10: 22043 | CU10: =CT10-CS10 -> 42 | CV10: =CU10-CU9 -> -11 | CW10: =(CU10/'Finance Only'!B13)*100 -> 0.14046823 | CX10: =CY9 -> 34612 | CY10: 34700 | CZ10: =CY10-CX10 -> 88 | DA10: =CZ10-CZ9 -> 54 | DB10: =(CZ10/'Finance Only'!B13)*100 -> 0.29431438 | DC10: =DD9 -> 26291 | DD10: 26347 | DE10: =DD10-DC10 -> 56 | DF10: =DE10-DE9 -> -19 | DG10: =(DE10/'Finance Only'!B13)*100 -> 0.18729097 | DH10: =DI9 -> 24612 | DI10: 24643 | DJ10: =DI10-DH10 -> 31 | DK10: =DJ10-DJ9 -> -32 | DL10: =(DJ10/'Finance Only'!B13)*100 -> 0.10367893 | DM10: =DN9 -> 16801 | DN10: 16825 | DO10: =DN10-DM10 -> 24 | DP10: =DO10-DO9 -> 0 | DQ10: =(DO10/'Finance Only'!B13)*100 -> 0.080267559 | DR10: =DS9 -> 45330 | DS10: =45330+132 -> 45462 | DT10: =DS10-DR10 -> 132 | DU10: =DT10-DT9 -> 0 | DV10: =(DT10/'Finance Only'!B13)*100 -> 0.44147157 | DW10: =DX9 -> 32600 | DX10: 32736 | DY10: =DX10-DW10 -> 136 | DZ10: =DY10-DY9 -> 204 | EA10: =(DY10/'Finance Only'!B13)*100 -> 0.4548495 | EB10: =EC9 -> 98991 | EC10: 99138 | ED10: =EC10-EB10 -> 147 | EE10: =ED10-ED9 -> 37 | EF10: =(ED10/'Finance Only'!B13)*100 -> 0.4916388 | EG10: =EH9 -> 79615 | EH10: 79611 | EI10: =EH10-EG10 -> -4 | EJ10: =EI10-EI9 -> -371 | EK10: =(EI10/'Finance Only'!B13)*100 -> -0.013377926 | EL10: =EM9 -> 16991 | EM10: 16999 | EN10: =EM10-EL10 -> 8 | EO10: =EN10-EN9 -> -34 | EP10: =(EN10/'Finance Only'!B13)*100 -> 0.026755853 | EQ10: =ER9 -> 224110 | ER10: 225370 | ES10: =ER10-EQ10 -> 1260 | ET10: =ES10-ES9 -> -900 | EU10: =(ES10/'Finance Only'!B13)*100 -> 4.2140468
A11: 7 | B11: =C10 -> 25556240 | C11: 25560028 | D11: =C11-B11 -> 3788 | E11: =D11-D10 -> -12 | F11: =(D11/'Finance Only'!B14)*100 -> 12.384346 | G11: =H10 -> 22606998 | H11: 22611897 | I11: =H11-G11 -> 4899 | J11: =I11-I10 -> -238 | K11: =(I11/'Finance Only'!B14)*100 -> 16.016608 | L11: =M10 -> 85512707 | M11: 85528586 | N11: =M11-L11 -> 15879 | O11: =N11-N10 -> 570 | P11: =(N11/'Finance Only'!B14)*100 -> 51.914212 | Q11: =R10 -> 1979200 | R11: 1981300 | S11: =R11-Q11 -> 2100 | T11: =S11-S10 -> 0 | U11: =(S11/'Finance Only'!B14)*100 -> 6.8656619 | V11: =W10 -> 2679281 | W11: 2682089 | X11: =W11-V11 -> 2808 | Y11: =X11-X10 -> 8 | Z11: =(X11/'Finance Only'!B14)*100 -> 9.1803707 | AA11: =AB10 -> 1629400 | AB11: 1631600 | AC11: =AB11-AA11 -> 2200 | AD11: =AC11-AC10 -> 300 | AE11: =(AC11/'Finance Only'!B14)*100 -> 7.1925982 | AF11: =AG10 -> 739125 | AG11: 739904 | AH11: =AG11-AF11 -> 779 | AI11: =AH11-AH10 -> 1 | AJ11: =(AH11/'Finance Only'!B14)*100 -> 2.5468336 | AK11: =AL10 -> 7641300 | AL11: 7648000 | AM11: =AL11-AK11 -> 6700 | AN11: =AM11-AM10 -> -200 | AO11: =(AM11/'Finance Only'!B14)*100 -> 21.904731 | AP11: =AQ10 -> 1740800 | AQ11: 1742300 | AR11: =AQ11-AP11 -> 1500 | AS11: =AR11-AR10 -> 100 | AT11: =(AR11/'Finance Only'!B14)*100 -> 4.9040442 | AU11: =AV10 -> 496808 | AV11: 497283 | AW11: =AV11-AU11 -> 475 | AX11: =AW11-AW10 -> 66 | AY11: =(AW11/'Finance Only'!B14)*100 -> 1.5529473 | AZ11: =BA10 -> 634570 | BA11: 635570 | BB11: =BA11-AZ11 -> 1000 | BC11: =BB11-BB10 -> 10 | BD11: =(BB11/'Finance Only'!B14)*100 -> 3.2693628 | BE11: =BF10 -> 732360 | BF11: 733460 | BG11: =BF11-BE11 -> 1100 | BH11: =BG11-BG10 -> 50 | BI11: =(BG11/'Finance Only'!B14)*100 -> 3.5962991 | BJ11: =BK10 -> 1145200 | BK11: 1146800 | BL11: =BK11-BJ11 -> 1600 | BM11: =BL11-BL10 -> 100 | BN11: =(BL11/'Finance Only'!B14)*100 -> 5.2309805 | BO11: =BP10 -> 607010 | BP11: 608540 | BQ11: =BP11-BO11 -> 1530 | BR11: =BQ11-BQ10 -> -440 | BS11: =(BQ11/'Finance Only'!B14)*100 -> 5.0021251 | BT11: =BU10 -> 464770 | BU11: 466050 | BV11: =BU11-BT11 -> 1280 | BW11: =BV11-BV10 -> -30 | BX11: =(BV11/'Finance Only'!B14)*100 -> 4.1847844 | BY11: =BZ10 -> 1354100 | BZ11: 1359100 | CA11: =BZ11-BY11 -> 5000 | CB11: =CA11-CA10 -> 300 | CC11: =(CA11/'Finance Only'!B14)*100 -> 16.346814 | CD11: =CE10 -> 634840 | CE11: 635590 | CF11: =CE11-CD11 -> 750 | CG11: =CF11-CF10 -> -1150 | CH11: =(CF11/'Finance Only'!B14)*100 -> 2.4520221 | CI11: =CJ10 -> 30480 | CJ11: 30584 | CK11: =CJ11-CI11 -> 104 | CL11: =CK11-CK10 -> 25 | CM11: =(CK11/'Finance Only'!B14)*100 -> 0.34001373 | CN11: =CO10 -> 24556 | CO11: 24641 | CP11: =CO11-CN11 -> 85 | CQ11: =CP11-CP10 -> 40 | CR11: =(CP11/'Finance Only'!B14)*100 -> 0.27789584 | CS11: =CT10 -> 22043 | CT11: 22079 | CU11: =CT11-CS11 -> 36 | CV11: =CU11-CU10 -> -6 | CW11: =(CU11/'Finance Only'!B14)*100 -> 0.11769706 | CX11: =CY10 -> 34700 | CY11: 34817 | CZ11: =CY11-CX11 -> 117 | DA11: =CZ11-CZ10 -> 29 | DB11: =(CZ11/'Finance Only'!B14)*100 -> 0.38251545 | DC11: =DD10 -> 26347 | DD11: 26459 | DE11: =DD11-DC11 -> 112 | DF11: =DE11-DE10 -> 56 | DG11: =(DE11/'Finance Only'!B14)*100 -> 0.36616863 | DH11: =DI10 -> 24643 | DI11: 24689 | DJ11: =DI11-DH11 -> 46 | DK11: =DJ11-DJ10 -> 15 | DL11: =(DJ11/'Finance Only'!B14)*100 -> 0.15039069 | DM11: =DN10 -> 16825 | DN11: 16870 | DO11: =DN11-DM11 -> 45 | DP11: =DO11-DO10 -> 21 | DQ11: =(DO11/'Finance Only'!B14)*100 -> 0.14712133 | DR11: =DS10 -> 45462 | DS11: =45462+139 -> 45601 | DT11: =DS11-DR11 -> 139 | DU11: =DT11-DT10 -> 7 | DV11: =(DT11/'Finance Only'!B14)*100 -> 0.45444143 | DW11: =DX10 -> 32736 | DX11: 32805 | DY11: =DX11-DW11 -> 69 | DZ11: =DY11-DY10 -> -67 | EA11: =(DY11/'Finance Only'!B14)*100 -> 0.22558603 | EB11: =EC10 -> 99138 | EC11: 99394 | ED11: =EC11-EB11 -> 256 | EE11: =ED11-ED10 -> 109 | EF11: =(ED11/'Finance Only'!B14)*100 -> 0.83695688 | EG11: =EH10 -> 79611 | EH11: 79955 | EI11: =EH11-EG11 -> 344 | EJ11: =EI11-EI10 -> 348 | EK11: =(EI11/'Finance Only'!B14)*100 -> 1.1246608 | EL11: =EM10 -> 16999 | EM11: 17043 | EN11: =EM11-EL11 -> 44 | EO11: =EN11-EN10 -> 36 | EP11: =(EN11/'Finance Only'!B14)*100 -> 0.14385196 | EQ11: =ER10 -> 225370 | ER11: 228700 | ES11: =ER11-EQ11 -> 3330 | ET11: =ES11-ES10 -> 2070 | EU11: =(ES11/'Finance Only'!B14)*100 -> 10.886978
A12: 8 | B12: =C11 -> 25560028 | C12: 25563757 | D12: =C12-B12 -> 3729 | E12: =D12-D11 -> -59 | F12: =(D12/'Finance Only'!B15)*100 -> 12.339919 | G12: =H11 -> 22611897 | H12: 22616873 | I12: =H12-G12 -> 4976 | J12: =I12-I11 -> 77 | K12: =(I12/'Finance Only'!B15)*100 -> 16.466461 | L12: =M11 -> 85528586 | M12: 85544114 | N12: =M12-L12 -> 15528 | O12: =N12-N11 -> -351 | P12: =(N12/'Finance Only'!B15)*100 -> 51.38489 | Q12: =R11 -> 1981300 | R12: 1983400 | S12: =R12-Q12 -> 2100 | T12: =S12-S11 -> 0 | U12: =(S12/'Finance Only'!B15)*100 -> 6.9492703 | V12: =W11 -> 2682089 | W12: 2685051 | X12: =W12-V12 -> 2962 | Y12: =X12-X11 -> 154 | Z12: =(X12/'Finance Only'!B15)*100 -> 9.8017803 | AA12: =AB11 -> 1631600 | AB12: 1633500 | AC12: =AB12-AA12 -> 1900 | AD12: =AC12-AC11 -> -300 | AE12: =(AC12/'Finance Only'!B15)*100 -> 6.2874351 | AF12: =AG11 -> 739904 | AG12: 740654 | AH12: =AG12-AF12 -> 750 | AI12: =AH12-AH11 -> -29 | AJ12: =(AH12/'Finance Only'!B15)*100 -> 2.4818823 | AK12: =AL11 -> 7648000 | AL12: 7654700 | AM12: =AL12-AK12 -> 6700 | AN12: =AM12-AM11 -> 0 | AO12: =(AM12/'Finance Only'!B15)*100 -> 22.171482 | AP12: =AQ11 -> 1742300 | AQ12: 1743900 | AR12: =AQ12-AP12 -> 1600 | AS12: =AR12-AR11 -> 100 | AT12: =(AR12/'Finance Only'!B15)*100 -> 5.2946822 | AU12: =AV11 -> 497283 | AV12: 497705 | AW12: =AV12-AU12 -> 422 | AX12: =AW12-AW11 -> -53 | AY12: =(AW12/'Finance Only'!B15)*100 -> 1.3964724 | AZ12: =BA11 -> 635570 | BA12: 636630 | BB12: =BA12-AZ12 -> 1060 | BC12: =BB12-BB11 -> 60 | BD12: =(BB12/'Finance Only'!B15)*100 -> 3.5077269 | BE12: =BF11 -> 733460 | BF12: 734590 | BG12: =BF12-BE12 -> 1130 | BH12: =BG12-BG11 -> 30 | BI12: =(BG12/'Finance Only'!B15)*100 -> 3.7393693 | BJ12: =BK11 -> 1146800 | BK12: 1148400 | BL12: =BK12-BJ12 -> 1600 | BM12: =BL12-BL11 -> 0 | BN12: =(BL12/'Finance Only'!B15)*100 -> 5.2946822 | BO12: =BP11 -> 608540 | BP12: 610310 | BQ12: =BP12-BO12 -> 1770 | BR12: =BQ12-BQ11 -> 240 | BS12: =(BQ12/'Finance Only'!B15)*100 -> 5.8572421 | BT12: =BU11 -> 466050 | BU12: 467350 | BV12: =BU12-BT12 -> 1300 | BW12: =BV12-BV11 -> 20 | BX12: =(BV12/'Finance Only'!B15)*100 -> 4.3019292 | BY12: =BZ11 -> 1359100 | BZ12: 1363500 | CA12: =BZ12-BY12 -> 4400 | CB12: =CA12-CA11 -> -600 | CC12: =(CA12/'Finance Only'!B15)*100 -> 14.560376 | CD12: =CE11 -> 635590 | CE12: 637400 | CF12: =CE12-CD12 -> 1810 | CG12: =CF12-CF11 -> 1060 | CH12: =(CF12/'Finance Only'!B15)*100 -> 5.9896092 | CI12: =CJ11 -> 30584 | CJ12: 30683 | CK12: =CJ12-CI12 -> 99 | CL12: =CK12-CK11 -> -5 | CM12: =(CK12/'Finance Only'!B15)*100 -> 0.32760846 | CN12: =CO11 -> 24641 | CO12: 24725 | CP12: =CO12-CN12 -> 84 | CQ12: =CP12-CP11 -> -1 | CR12: =(CP12/'Finance Only'!B15)*100 -> 0.27797081 | CS12: =CT11 -> 22079 | CT12: 22158 | CU12: =CT12-CS12 -> 79 | CV12: =CU12-CU11 -> 43 | CW12: =(CU12/'Finance Only'!B15)*100 -> 0.26142493 | CX12: =CY11 -> 34817 | CY12: 34933 | CZ12: =CY12-CX12 -> 116 | DA12: =CZ12-CZ11 -> -1 | DB12: =(CZ12/'Finance Only'!B15)*100 -> 0.38386446 | DC12: =DD11 -> 26459 | DD12: 26571 | DE12: =DD12-DC12 -> 112 | DF12: =DE12-DE11 -> 0 | DG12: =(DE12/'Finance Only'!B15)*100 -> 0.37062775 | DH12: =DI11 -> 24689 | DI12: 24761 | DJ12: =DI12-DH12 -> 72 | DK12: =DJ12-DJ11 -> 26 | DL12: =(DJ12/'Finance Only'!B15)*100 -> 0.2382607 | DM12: =DN11 -> 16870 | DN12: 16915 | DO12: =DN12-DM12 -> 45 | DP12: =DO12-DO11 -> 0 | DQ12: =(DO12/'Finance Only'!B15)*100 -> 0.14891294 | DR12: =DS11 -> 45601 | DS12: 45495 | DT12: =DS12-DR12 -> -106 | DU12: =DT12-DT11 -> -245 | DV12: =(DT12/'Finance Only'!B15)*100 -> -0.35077269 | DW12: =DX11 -> 32805 | DX12: 32873 | DY12: =DX12-DW12 -> 68 | DZ12: =DY12-DY11 -> -1 | EA12: =(DY12/'Finance Only'!B15)*100 -> 0.22502399 | EB12: =EC11 -> 99394 | EC12: 99661 | ED12: =EC12-EB12 -> 267 | EE12: =ED12-ED11 -> 11 | EF12: =(ED12/'Finance Only'!B15)*100 -> 0.88355008 | EG12: =EH11 -> 79955 | EH12: 80327 | EI12: =EH12-EG12 -> 372 | EJ12: =EI12-EI11 -> 28 | EK12: =(EI12/'Finance Only'!B15)*100 -> 1.2310136 | EL12: =EM11 -> 17043 | EM12: 17090 | EN12: =EM12-EL12 -> 47 | EO12: =EN12-EN11 -> 3 | EP12: =(EN12/'Finance Only'!B15)*100 -> 0.15553129 | EQ12: =ER11 -> 228700 | ER12: 232090 | ES12: =ER12-EQ12 -> 3390 | ET12: =ES12-ES11 -> 60 | EU12: =(ES12/'Finance Only'!B15)*100 -> 11.218108
A13: 9 | B13: =C12 -> 25563757 | C13: 25567592 | D13: =C13-B13 -> 3835 | E13: =D13-D12 -> 106 | F13: =(D13/'Finance Only'!B16)*100 -> 12.702882 | G13: =H12 -> 22616873 | H13: 22622044 | I13: =H13-G13 -> 5171 | J13: =I13-I12 -> 195 | K13: =(I13/'Finance Only'!B16)*100 -> 17.128188 | L13: =M12 -> 85544114 | M13: 85559380 | N13: =M13-L13 -> 15266 | O13: =N13-N12 -> -262 | P13: =(N13/'Finance Only'!B16)*100 -> 50.566413 | Q13: =R12 -> 1983400 | R13: 1985300 | S13: =R13-Q13 -> 1900 | T13: =S13-S12 -> -200 | U13: =(S13/'Finance Only'!B16)*100 -> 6.2934747 | V13: =W12 -> 2685051 | W13: 2687885 | X13: =W13-V13 -> 2834 | Y13: =X13-X12 -> -128 | Z13: =(X13/'Finance Only'!B16)*100 -> 9.3872143 | AA13: =AB12 -> 1633500 | AB13: 1635500 | AC13: =AB13-AA13 -> 2000 | AD13: =AC13-AC12 -> 100 | AE13: =(AC13/'Finance Only'!B16)*100 -> 6.6247102 | AF13: =AG12 -> 740654 | AG13: 741424 | AH13: =AG13-AF13 -> 770 | AI13: =AH13-AH12 -> 20 | AJ13: =(AH13/'Finance Only'!B16)*100 -> 2.5505134 | AK13: =AL12 -> 7654700 | AL13: 7661400 | AM13: =AL13-AK13 -> 6700 | AN13: =AM13-AM12 -> 0 | AO13: =(AM13/'Finance Only'!B16)*100 -> 22.192779 | AP13: =AQ12 -> 1743900 | AQ13: 1745600 | AR13: =AQ13-AP13 -> 1700 | AS13: =AR13-AR12 -> 100 | AT13: =(AR13/'Finance Only'!B16)*100 -> 5.6310036 | AU13: =AV12 -> 497705 | AV13: =497705+422 -> 498127 | AW13: =AV13-AU13 -> 422 | AX13: =AW13-AW12 -> 0 | AY13: =(AW13/'Finance Only'!B16)*100 -> 1.3978138 | AZ13: =BA12 -> 636630 | BA13: 637630 | BB13: =BA13-AZ13 -> 1000 | BC13: =BB13-BB12 -> -60 | BD13: =(BB13/'Finance Only'!B16)*100 -> 3.3123551 | BE13: =BF12 -> 734590 | BF13: 735640 | BG13: =BF13-BE13 -> 1050 | BH13: =BG13-BG12 -> -80 | BI13: =(BG13/'Finance Only'!B16)*100 -> 3.4779728 | BJ13: =BK12 -> 1148400 | BK13: 1150000 | BL13: =BK13-BJ13 -> 1600 | BM13: =BL13-BL12 -> 0 | BN13: =(BL13/'Finance Only'!B16)*100 -> 5.2997681 | BO13: =BP12 -> 610310 | BP13: 612100 | BQ13: =BP13-BO13 -> 1790 | BR13: =BQ13-BQ12 -> 20 | BS13: =(BQ13/'Finance Only'!B16)*100 -> 5.9291156 | BT13: =BU12 -> 467350 | BU13: 468620 | BV13: =BU13-BT13 -> 1270 | BW13: =BV13-BV12 -> -30 | BX13: =(BV13/'Finance Only'!B16)*100 -> 4.206691 | BY13: =BZ12 -> 1363500 | BZ13: 1367900 | CA13: =BZ13-BY13 -> 4400 | CB13: =CA13-CA12 -> 0 | CC13: =(CA13/'Finance Only'!B16)*100 -> 14.574362 | CD13: =CE12 -> 637400 | CE13: 638350 | CF13: =CE13-CD13 -> 950 | CG13: =CF13-CF12 -> -860 | CH13: =(CF13/'Finance Only'!B16)*100 -> 3.1467373 | CI13: =CJ12 -> 30683 | CJ13: 30775 | CK13: =CJ13-CI13 -> 92 | CL13: =CK13-CK12 -> -7 | CM13: =(CK13/'Finance Only'!B16)*100 -> 0.30473667 | CN13: =CO12 -> 24725 | CO13: 24809 | CP13: =CO13-CN13 -> 84 | CQ13: =CP13-CP12 -> 0 | CR13: =(CP13/'Finance Only'!B16)*100 -> 0.27823783 | CS13: =CT12 -> 22158 | CT13: 22241 | CU13: =CT13-CS13 -> 83 | CV13: =CU13-CU12 -> 4 | CW13: =(CU13/'Finance Only'!B16)*100 -> 0.27492547 | CX13: =CY12 -> 34933 | CY13: 35053 | CZ13: =CY13-CX13 -> 120 | DA13: =CZ13-CZ12 -> 4 | DB13: =(CZ13/'Finance Only'!B16)*100 -> 0.39748261 | DC13: =DD12 -> 26571 | DD13: 26685 | DE13: =DD13-DC13 -> 114 | DF13: =DE13-DE12 -> 2 | DG13: =(DE13/'Finance Only'!B16)*100 -> 0.37760848 | DH13: =DI12 -> 24761 | DI13: 24841 | DJ13: =DI13-DH13 -> 80 | DK13: =DJ13-DJ12 -> 8 | DL13: =(DJ13/'Finance Only'!B16)*100 -> 0.26498841 | DM13: =DN12 -> 16915 | DN13: 16961 | DO13: =DN13-DM13 -> 46 | DP13: =DO13-DO12 -> 1 | DQ13: =(DO13/'Finance Only'!B16)*100 -> 0.15236833 | DR13: =DS12 -> 45495 | DS13: 45657 | DT13: =DS13-DR13 -> 162 | DU13: =DT13-DT12 -> 268 | DV13: =(DT13/'Finance Only'!B16)*100 -> 0.53660152 | DW13: =DX12 -> 32873 | DX13: 32939 | DY13: =DX13-DW13 -> 66 | DZ13: =DY13-DY12 -> -2 | EA13: =(DY13/'Finance Only'!B16)*100 -> 0.21861544 | EB13: =EC12 -> 99661 | EC13: 99923 | ED13: =EC13-EB13 -> 262 | EE13: =ED13-ED12 -> -5 | EF13: =(ED13/'Finance Only'!B16)*100 -> 0.86783703 | EG13: =EH12 -> 80327 | EH13: 81100 | EI13: =EH13-EG13 -> 773 | EJ13: =EI13-EI12 -> 401 | EK13: =(EI13/'Finance Only'!B16)*100 -> 2.5604505 | EL13: =EM12 -> 17090 | EM13: 17137 | EN13: =EM13-EL13 -> 47 | EO13: =EN13-EN12 -> 0 | EP13: =(EN13/'Finance Only'!B16)*100 -> 0.15568069 | EQ13: =ER12 -> 232090 | ER13: 235570 | ES13: =ER13-EQ13 -> 3480 | ET13: =ES13-ES12 -> 90 | EU13: =(ES13/'Finance Only'!B16)*100 -> 11.526996
A14: 10 | B14: =C13 -> 25567592 | C14: 25571360 | D14: =C14-B14 -> 3768 | E14: =D14-D13 -> -67 | F14: =(D14/'Finance Only'!B17)*100 -> 12.55707 | G14: =H13 -> 22622044 | H14: 22626957 | I14: =H14-G14 -> 4913 | J14: =I14-I13 -> -258 | K14: =(I14/'Finance Only'!B17)*100 -> 16.372846 | L14: =M13 -> 85559380 | M14: 85574984 | N14: =M14-L14 -> 15604 | O14: =N14-N13 -> 338 | P14: =(N14/'Finance Only'!B17)*100 -> 52.0012 | Q14: =R13 -> 1985300 | R14: 1987500 | S14: =R14-Q14 -> 2200 | T14: =S14-S13 -> 300 | U14: =(S14/'Finance Only'!B17)*100 -> 7.3316226 | V14: =W13 -> 2687885 | W14: 2690574 | X14: =W14-V14 -> 2689 | Y14: =X14-X13 -> -145 | Z14: =(X14/'Finance Only'!B17)*100 -> 8.9612424 | AA14: =AB13 -> 1635500 | AB14: 1637200 | AC14: =AB14-AA14 -> 1700 | AD14: =AC14-AC13 -> -300 | AE14: =(AC14/'Finance Only'!B17)*100 -> 5.6653448 | AF14: =AG13 -> 741424 | AG14: 742252 | AH14: =AG14-AF14 -> 828 | AI14: =AH14-AH13 -> 58 | AJ14: =(AH14/'Finance Only'!B17)*100 -> 2.7593562 | AK14: =AL13 -> 7661400 | AL14: 7667700 | AM14: =AL14-AK14 -> 6300 | AN14: =AM14-AM13 -> -400 | AO14: =(AM14/'Finance Only'!B17)*100 -> 20.995101 | AP14: =AQ13 -> 1745600 | AQ14: 1747100 | AR14: =AQ14-AP14 -> 1500 | AS14: =AR14-AR13 -> -200 | AT14: =(AR14/'Finance Only'!B17)*100 -> 4.9988336 | AU14: =AV13 -> 498127 | AV14: 498575 | AW14: =AV14-AU14 -> 448 | AX14: =AW14-AW13 -> 26 | AY14: =(AW14/'Finance Only'!B17)*100 -> 1.492985 | AZ14: =BA13 -> 637630 | BA14: 638750 | BB14: =BA14-AZ14 -> 1120 | BC14: =BB14-BB13 -> 120 | BD14: =(BB14/'Finance Only'!B17)*100 -> 3.7324624 | BE14: =BF13 -> 735640 | BF14: 736800 | BG14: =BF14-BE14 -> 1160 | BH14: =BG14-BG13 -> 110 | BI14: =(BG14/'Finance Only'!B17)*100 -> 3.8657647 | BJ14: =BK13 -> 1150000 | BK14: 1151700 | BL14: =BK14-BJ14 -> 1700 | BM14: =BL14-BL13 -> 100 | BN14: =(BL14/'Finance Only'!B17)*100 -> 5.6653448 | BO14: =BP13 -> 612100 | BP14: 613900 | BQ14: =BP14-BO14 -> 1800 | BR14: =BQ14-BQ13 -> 10 | BS14: =(BQ14/'Finance Only'!B17)*100 -> 5.9986003 | BT14: =BU13 -> 468620 | BU14: 469920 | BV14: =BU14-BT14 -> 1300 | BW14: =BV14-BV13 -> 30 | BX14: =(BV14/'Finance Only'!B17)*100 -> 4.3323225 | BY14: =BZ13 -> 1367900 | BZ14: 1372600 | CA14: =BZ14-BY14 -> 4700 | CB14: =CA14-CA13 -> 300 | CC14: =(CA14/'Finance Only'!B17)*100 -> 15.663012 | CD14: =CE13 -> 638350 | CE14: 639300 | CF14: =CE14-CD14 -> 950 | CG14: =CF14-CF13 -> 0 | CH14: =(CF14/'Finance Only'!B17)*100 -> 3.165928 | CI14: =CJ13 -> 30775 | CJ14: 30864 | CK14: =CJ14-CI14 -> 89 | CL14: =CK14-CK13 -> -3 | CM14: =(CK14/'Finance Only'!B17)*100 -> 0.29659746 | CN14: =CO13 -> 24809 | CO14: 24888 | CP14: =CO14-CN14 -> 79 | CQ14: =CP14-CP13 -> -5 | CR14: =(CP14/'Finance Only'!B17)*100 -> 0.2632719 | CS14: =CT13 -> 22241 | CT14: 22316 | CU14: =CT14-CS14 -> 75 | CV14: =CU14-CU13 -> -8 | CW14: =(CU14/'Finance Only'!B17)*100 -> 0.24994168 | CX14: =CY13 -> 35053 | CY14: 35174 | CZ14: =CY14-CX14 -> 121 | DA14: =CZ14-CZ13 -> 1 | DB14: =(CZ14/'Finance Only'!B17)*100 -> 0.40323924 | DC14: =DD13 -> 26685 | DD14: 26801 | DE14: =DD14-DC14 -> 116 | DF14: =DE14-DE13 -> 2 | DG14: =(DE14/'Finance Only'!B17)*100 -> 0.38657647 | DH14: =DI13 -> 24841 | DI14: 24915 | DJ14: =DI14-DH14 -> 74 | DK14: =DJ14-DJ13 -> -6 | DL14: =(DJ14/'Finance Only'!B17)*100 -> 0.24660912 | DM14: =DN13 -> 16961 | DN14: 17005 | DO14: =DN14-DM14 -> 44 | DP14: =DO14-DO13 -> -2 | DQ14: =(DO14/'Finance Only'!B17)*100 -> 0.14663245 | DR14: =DS13 -> 45657 | DS14: 45795 | DT14: =DS14-DR14 -> 138 | DU14: =DT14-DT13 -> -24 | DV14: =(DT14/'Finance Only'!B17)*100 -> 0.45989269 | DW14: =DX13 -> 32939 | DX14: 33013 | DY14: =DX14-DW14 -> 74 | DZ14: =DY14-DY13 -> 8 | EA14: =(DY14/'Finance Only'!B17)*100 -> 0.24660912 | EB14: =EC13 -> 99923 | EC14: 100190 | ED14: =EC14-EB14 -> 267 | EE14: =ED14-ED13 -> 5 | EF14: =(ED14/'Finance Only'!B17)*100 -> 0.88979238 | EG14: =EH13 -> 81100 | EH14: 81459 | EI14: =EH14-EG14 -> 359 | EJ14: =EI14-EI13 -> -414 | EK14: =(EI14/'Finance Only'!B17)*100 -> 1.1963875 | EL14: =EM13 -> 17137 | EM14: 17185 | EN14: =EM14-EL14 -> 48 | EO14: =EN14-EN13 -> 1 | EP14: =(EN14/'Finance Only'!B17)*100 -> 0.15996268 | EQ14: =ER13 -> 235570 | ER14: 238660 | ES14: =ER14-EQ14 -> 3090 | ET14: =ES14-ES13 -> -390 | EU14: =(ES14/'Finance Only'!B17)*100 -> 10.297597
A15: 11 | B15: =C14 -> 25571360 | C15: 25574765 | D15: =C15-B15 -> 3405 | E15: =D15-D14 -> -363 | F15: =(D15/'Finance Only'!B18)*100 -> 11.591884 | G15: =H14 -> 22626957 | H15: 22632110 | I15: =H15-G15 -> 5153 | J15: =I15-I14 -> 240 | K15: =(I15/'Finance Only'!B18)*100 -> 17.542725 | L15: =M14 -> 85574984 | M15: 85589831 | N15: =M15-L15 -> 14847 | O15: =N15-N14 -> -757 | P15: =(N15/'Finance Only'!B18)*100 -> 50.544699 | Q15: =R14 -> 1987500 | R15: 1989500 | S15: =R15-Q15 -> 2000 | T15: =S15-S14 -> -200 | U15: =(S15/'Finance Only'!B18)*100 -> 6.8087424 | V15: =W14 -> 2690574 | W15: 2693298 | X15: =W15-V15 -> 2724 | Y15: =X15-X14 -> 35 | Z15: =(X15/'Finance Only'!B18)*100 -> 9.2735072 | AA15: =AB14 -> 1637200 | AB15: 1638900 | AC15: =AB15-AA15 -> 1700 | AD15: =AC15-AC14 -> 0 | AE15: =(AC15/'Finance Only'!B18)*100 -> 5.7874311 | AF15: =AG14 -> 742252 | AG15: 742969 | AH15: =AG15-AF15 -> 717 | AI15: =AH15-AH14 -> -111 | AJ15: =(AH15/'Finance Only'!B18)*100 -> 2.4409342 | AK15: =AL14 -> 7667700 | AL15: 7673500 | AM15: =AL15-AK15 -> 5800 | AN15: =AM15-AM14 -> -500 | AO15: =(AM15/'Finance Only'!B18)*100 -> 19.745353 | AP15: =AQ14 -> 1747100 | AQ15: 1748700 | AR15: =AQ15-AP15 -> 1600 | AS15: =AR15-AR14 -> 100 | AT15: =(AR15/'Finance Only'!B18)*100 -> 5.4469939 | AU15: =AV14 -> 498575 | AV15: 499002 | AW15: =AV15-AU15 -> 427 | AX15: =AW15-AW14 -> -21 | AY15: =(AW15/'Finance Only'!B18)*100 -> 1.4536665 | AZ15: =BA14 -> 638750 | BA15: 639780 | BB15: =BA15-AZ15 -> 1030 | BC15: =BB15-BB14 -> -90 | BD15: =(BB15/'Finance Only'!B18)*100 -> 3.5065023 | BE15: =BF14 -> 736800 | BF15: 737840 | BG15: =BF15-BE15 -> 1040 | BH15: =BG15-BG14 -> -120 | BI15: =(BG15/'Finance Only'!B18)*100 -> 3.5405461 | BJ15: =BK14 -> 1151700 | BK15: 1153200 | BL15: =BK15-BJ15 -> 1500 | BM15: =BL15-BL14 -> -200 | BN15: =(BL15/'Finance Only'!B18)*100 -> 5.1065568 | BO15: =BP14 -> 613900 | BP15: 615360 | BQ15: =BP15-BO15 -> 1460 | BR15: =BQ15-BQ14 -> -340 | BS15: =(BQ15/'Finance Only'!B18)*100 -> 4.970382 | BT15: =BU14 -> 469920 | BU15: 471170 | BV15: =BU15-BT15 -> 1250 | BW15: =BV15-BV14 -> -50 | BX15: =(BV15/'Finance Only'!B18)*100 -> 4.255464 | BY15: =BZ14 -> 1372600 | BZ15: 1376600 | CA15: =BZ15-BY15 -> 4000 | CB15: =CA15-CA14 -> -700 | CC15: =(CA15/'Finance Only'!B18)*100 -> 13.617485 | CD15: =CE14 -> 639300 | CE15: 640000 | CF15: =CE15-CD15 -> 700 | CG15: =CF15-CF14 -> -250 | CH15: =(CF15/'Finance Only'!B18)*100 -> 2.3830598 | CI15: =CJ14 -> 30864 | CJ15: 30959 | CK15: =CJ15-CI15 -> 95 | CL15: =CK15-CK14 -> 6 | CM15: =(CK15/'Finance Only'!B18)*100 -> 0.32341527 | CN15: =CO14 -> 24888 | CO15: 24958 | CP15: =CO15-CN15 -> 70 | CQ15: =CP15-CP14 -> -9 | CR15: =(CP15/'Finance Only'!B18)*100 -> 0.23830598 | CS15: =CT14 -> 22316 | CT15: 22384 | CU15: =CT15-CS15 -> 68 | CV15: =CU15-CU14 -> -7 | CW15: =(CU15/'Finance Only'!B18)*100 -> 0.23149724 | CX15: =CY14 -> 35174 | CY15: 35339 | CZ15: =CY15-CX15 -> 165 | DA15: =CZ15-CZ14 -> 44 | DB15: =(CZ15/'Finance Only'!B18)*100 -> 0.56172125 | DC15: =DD14 -> 26801 | DD15: 26923 | DE15: =DD15-DC15 -> 122 | DF15: =DE15-DE14 -> 6 | DG15: =(DE15/'Finance Only'!B18)*100 -> 0.41533329 | DH15: =DI14 -> 24915 | DI15: 24994 | DJ15: =DI15-DH15 -> 79 | DK15: =DJ15-DJ14 -> 5 | DL15: =(DJ15/'Finance Only'!B18)*100 -> 0.26894533 | DM15: =DN14 -> 17005 | DN15: 17052 | DO15: =DN15-DM15 -> 47 | DP15: =DO15-DO14 -> 3 | DQ15: =(DO15/'Finance Only'!B18)*100 -> 0.16000545 | DR15: =DS14 -> 45795 | DS15: 45939 | DT15: =DS15-DR15 -> 144 | DU15: =DT15-DT14 -> 6 | DV15: =(DT15/'Finance Only'!B18)*100 -> 0.49022945 | DW15: =DX14 -> 33013 | DX15: 33083 | DY15: =DX15-DW15 -> 70 | DZ15: =DY15-DY14 -> -4 | EA15: =(DY15/'Finance Only'!B18)*100 -> 0.23830598 | EB15: =EC14 -> 100190 | EC15: 100440 | ED15: =EC15-EB15 -> 250 | EE15: =ED15-ED14 -> -17 | EF15: =(ED15/'Finance Only'!B18)*100 -> 0.8510928 | EG15: =EH14 -> 81459 | EH15: 81798 | EI15: =EH15-EG15 -> 339 | EJ15: =EI15-EI14 -> -20 | EK15: =(EI15/'Finance Only'!B18)*100 -> 1.1540818 | EL15: =EM14 -> 17185 | EM15: 17236 | EN15: =EM15-EL15 -> 51 | EO15: =EN15-EN14 -> 3 | EP15: =(EN15/'Finance Only'!B18)*100 -> 0.17362293 | EQ15: =ER14 -> 238660 | ER15: 240940 | ES15: =ER15-EQ15 -> 2280 | ET15: =ES15-ES14 -> -810 | EU15: =(ES15/'Finance Only'!B18)*100 -> 7.7619664
A16: 12 | B16: =C15 -> 25574765 | C16: 25578064 | D16: =C16-B16 -> 3299 | E16: =D16-D15 -> -106 | F16: =(D16/'Finance Only'!B19)*100 -> 11.351593 | G16: =H15 -> 22632110 | H16: 22637491 | I16: =H16-G16 -> 5381 | J16: =I16-I15 -> 228 | K16: =(I16/'Finance Only'!B19)*100 -> 18.515587 | L16: =M15 -> 85589831 | M16: 85604394 | N16: =M16-L16 -> 14563 | O16: =N16-N15 -> -284 | P16: =(N16/'Finance Only'!B19)*100 -> 50.110109 | Q16: =R15 -> 1989500 | R16: 1991400 | S16: =R16-Q16 -> 1900 | T16: =S16-S15 -> -100 | U16: =(S16/'Finance Only'!B19)*100 -> 6.5377469 | V16: =W15 -> 2693298 | W16: 2695946 | X16: =W16-V16 -> 2648 | Y16: =X16-X15 -> -76 | Z16: =(X16/'Finance Only'!B19)*100 -> 9.1115546 | AA16: =AB15 -> 1638900 | AB16: 1640800 | AC16: =AB16-AA16 -> 1900 | AD16: =AC16-AC15 -> 200 | AE16: =(AC16/'Finance Only'!B19)*100 -> 6.5377469 | AF16: =AG15 -> 742969 | AG16: 743678 | AH16: =AG16-AF16 -> 709 | AI16: =AH16-AH15 -> -8 | AJ16: =(AH16/'Finance Only'!B19)*100 -> 2.4396119 | AK16: =AL15 -> 7673500 | AL16: 7679300 | AM16: =AL16-AK16 -> 5800 | AN16: =AM16-AM15 -> 0 | AO16: =(AM16/'Finance Only'!B19)*100 -> 19.957333 | AP16: =AQ15 -> 1748700 | AQ16: 1750300 | AR16: =AQ16-AP16 -> 1600 | AS16: =AR16-AR15 -> 0 | AT16: =(AR16/'Finance Only'!B19)*100 -> 5.5054711 | AU16: =AV15 -> 499002 | AV16: 499415 | AW16: =AV16-AU16 -> 413 | AX16: =AW16-AW15 -> -14 | AY16: =(AW16/'Finance Only'!B19)*100 -> 1.4210997 | AZ16: =BA15 -> 639780 | BA16: 640720 | BB16: =BA16-AZ16 -> 940 | BC16: =BB16-BB15 -> -90 | BD16: =(BB16/'Finance Only'!B19)*100 -> 3.2344642 | BE16: =BF15 -> 737840 | BF16: 738840 | BG16: =BF16-BE16 -> 1000 | BH16: =BG16-BG15 -> -40 | BI16: =(BG16/'Finance Only'!B19)*100 -> 3.4409194 | BJ16: =BK15 -> 1153200 | BK16: 1154600 | BL16: =BK16-BJ16 -> 1400 | BM16: =BL16-BL15 -> -100 | BN16: =(BL16/'Finance Only'!B19)*100 -> 4.8172872 | BO16: =BP15 -> 615360 | BP16: 617020 | BQ16: =BP16-BO16 -> 1660 | BR16: =BQ16-BQ15 -> 200 | BS16: =(BQ16/'Finance Only'!B19)*100 -> 5.7119262 | BT16: =BU15 -> 471170 | BU16: 472420 | BV16: =BU16-BT16 -> 1250 | BW16: =BV16-BV15 -> 0 | BX16: =(BV16/'Finance Only'!B19)*100 -> 4.3011493 | BY16: =BZ15 -> 1376600 | BZ16: 1381000 | CA16: =BZ16-BY16 -> 4400 | CB16: =CA16-CA15 -> 400 | CC16: =(CA16/'Finance Only'!B19)*100 -> 15.140045 | CD16: =CE15 -> 640000 | CE16: 640090 | CF16: =CE16-CD16 -> 90 | CG16: =CF16-CF15 -> -610 | CH16: =(CF16/'Finance Only'!B19)*100 -> 0.30968275 | CI16: =CJ15 -> 30959 | CJ16: 31069 | CK16: =CJ16-CI16 -> 110 | CL16: =CK16-CK15 -> 15 | CM16: =(CK16/'Finance Only'!B19)*100 -> 0.37850114 | CN16: =CO15 -> 24958 | CO16: 25029 | CP16: =CO16-CN16 -> 71 | CQ16: =CP16-CP15 -> 1 | CR16: =(CP16/'Finance Only'!B19)*100 -> 0.24430528 | CS16: =CT15 -> 22384 | CT16: 22455 | CU16: =CT16-CS16 -> 71 | CV16: =CU16-CU15 -> 3 | CW16: =(CU16/'Finance Only'!B19)*100 -> 0.24430528 | CX16: =CY15 -> 35339 | CY16: 35498 | CZ16: =CY16-CX16 -> 159 | DA16: =CZ16-CZ15 -> -6 | DB16: =(CZ16/'Finance Only'!B19)*100 -> 0.54710619 | DC16: =DD15 -> 26923 | DD16: 27019 | DE16: =DD16-DC16 -> 96 | DF16: =DE16-DE15 -> -26 | DG16: =(DE16/'Finance Only'!B19)*100 -> 0.33032826 | DH16: =DI15 -> 24994 | DI16: 25083 | DJ16: =DI16-DH16 -> 89 | DK16: =DJ16-DJ15 -> 10 | DL16: =(DJ16/'Finance Only'!B19)*100 -> 0.30624183 | DM16: =DN15 -> 17052 | DN16: 17109 | DO16: =DN16-DM16 -> 57 | DP16: =DO16-DO15 -> 10 | DQ16: =(DO16/'Finance Only'!B19)*100 -> 0.19613241 | DR16: =DS15 -> 45939 | DS16: 46090 | DT16: =DS16-DR16 -> 151 | DU16: =DT16-DT15 -> 7 | DV16: =(DT16/'Finance Only'!B19)*100 -> 0.51957883 | DW16: =DX15 -> 33083 | DX16: 33149 | DY16: =DX16-DW16 -> 66 | DZ16: =DY16-DY15 -> -4 | EA16: =(DY16/'Finance Only'!B19)*100 -> 0.22710068 | EB16: =EC15 -> 100440 | EC16: 100750 | ED16: =EC16-EB16 -> 310 | EE16: =ED16-ED15 -> 60 | EF16: =(ED16/'Finance Only'!B19)*100 -> 1.066685 | EG16: =EH15 -> 81798 | EH16: 82172 | EI16: =EH16-EG16 -> 374 | EJ16: =EI16-EI15 -> 35 | EK16: =(EI16/'Finance Only'!B19)*100 -> 1.2869039 | EL16: =EM15 -> 17236 | EM16: 17283 | EN16: =EM16-EL16 -> 47 | EO16: =EN16-EN15 -> -4 | EP16: =(EN16/'Finance Only'!B19)*100 -> 0.16172321 | EQ16: =ER15 -> 240940 | ER16: 243170 | ES16: =ER16-EQ16 -> 2230 | ET16: =ES16-ES15 -> -50 | EU16: =(ES16/'Finance Only'!B19)*100 -> 7.6732503
A17: 13 | B17: =C16 -> 25578064 | C17: 25581172 | D17: =C17-B17 -> 3108 | E17: =D17-D16 -> -191 | F17: =(D17/'Finance Only'!B20)*100 -> 11.030664 | G17: =H16 -> 22637491 | H17: 22642149 | I17: =H17-G17 -> 4658 | J17: =I17-I16 -> -723 | K17: =(I17/'Finance Only'!B20)*100 -> 16.5318 | L17: =M16 -> 85604394 | M17: 85618908 | N17: =M17-L17 -> 14514 | O17: =N17-N16 -> -49 | P17: =(N17/'Finance Only'!B20)*100 -> 51.511925 | Q17: =R16 -> 1991400 | R17: 1993400 | S17: =R17-Q17 -> 2000 | T17: =S17-S16 -> 100 | U17: =(S17/'Finance Only'!B20)*100 -> 7.0982396 | V17: =W16 -> 2695946 | W17: 2698458 | X17: =W17-V17 -> 2512 | Y17: =X17-X16 -> -136 | Z17: =(X17/'Finance Only'!B20)*100 -> 8.915389 | AA17: =AB16 -> 1640800 | AB17: 1642800 | AC17: =AB17-AA17 -> 2000 | AD17: =AC17-AC16 -> 100 | AE17: =(AC17/'Finance Only'!B20)*100 -> 7.0982396 | AF17: =AG16 -> 743678 | AG17: 744373 | AH17: =AG17-AF17 -> 695 | AI17: =AH17-AH16 -> -14 | AJ17: =(AH17/'Finance Only'!B20)*100 -> 2.4666383 | AK17: =AL16 -> 7679300 | AL17: 7684500 | AM17: =AL17-AK17 -> 5200 | AN17: =AM17-AM16 -> -600 | AO17: =(AM17/'Finance Only'!B20)*100 -> 18.455423 | AP17: =AQ16 -> 1750300 | AQ17: 1752200 | AR17: =AQ17-AP17 -> 1900 | AS17: =AR17-AR16 -> 300 | AT17: =(AR17/'Finance Only'!B20)*100 -> 6.7433277 | AU17: =AV16 -> 499415 | AV17: 499806 | AW17: =AV17-AU17 -> 391 | AX17: =AW17-AW16 -> -22 | AY17: =(AW17/'Finance Only'!B20)*100 -> 1.3877058 | AZ17: =BA16 -> 640720 | BA17: 641650 | BB17: =BA17-AZ17 -> 930 | BC17: =BB17-BB16 -> -10 | BD17: =(BB17/'Finance Only'!B20)*100 -> 3.3006814 | BE17: =BF16 -> 738840 | BF17: 739810 | BG17: =BF17-BE17 -> 970 | BH17: =BG17-BG16 -> -30 | BI17: =(BG17/'Finance Only'!B20)*100 -> 3.4426462 | BJ17: =BK16 -> 1154600 | BK17: 1156000 | BL17: =BK17-BJ17 -> 1400 | BM17: =BL17-BL16 -> 0 | BN17: =(BL17/'Finance Only'!B20)*100 -> 4.9687677 | BO17: =BP16 -> 617020 | BP17: 618420 | BQ17: =BP17-BO17 -> 1400 | BR17: =BQ17-BQ16 -> -260 | BS17: =(BQ17/'Finance Only'!B20)*100 -> 4.9687677 | BT17: =BU16 -> 472420 | BU17: 473600 | BV17: =BU17-BT17 -> 1180 | BW17: =BV17-BV16 -> -70 | BX17: =(BV17/'Finance Only'!B20)*100 -> 4.1879614 | BY17: =BZ16 -> 1381000 | BZ17: 1384500 | CA17: =BZ17-BY17 -> 3500 | CB17: =CA17-CA16 -> -900 | CC17: =(CA17/'Finance Only'!B20)*100 -> 12.421919 | CD17: =CE16 -> 640090 | CE17: 642000 | CF17: =CE17-CD17 -> 1910 | CG17: =CF17-CF16 -> 1820 | CH17: =(CF17/'Finance Only'!B20)*100 -> 6.7788189 | CI17: =CJ16 -> 31069 | CJ17: 31170 | CK17: =CJ17-CI17 -> 101 | CL17: =CK17-CK16 -> -9 | CM17: =(CK17/'Finance Only'!B20)*100 -> 0.3584611 | CN17: =CO16 -> 25029 | CO17: 25153 | CP17: =CO17-CN17 -> 124 | CQ17: =CP17-CP16 -> 53 | CR17: =(CP17/'Finance Only'!B20)*100 -> 0.44009086 | CS17: =CT16 -> 22455 | CT17: 22507 | CU17: =CT17-CS17 -> 52 | CV17: =CU17-CU16 -> -19 | CW17: =(CU17/'Finance Only'!B20)*100 -> 0.18455423 | CX17: =CY16 -> 35498 | CY17: 35644 | CZ17: =CY17-CX17 -> 146 | DA17: =CZ17-CZ16 -> -13 | DB17: =(CZ17/'Finance Only'!B20)*100 -> 0.51817149 | DC17: =DD16 -> 27019 | DD17: 27106 | DE17: =DD17-DC17 -> 87 | DF17: =DE17-DE16 -> -9 | DG17: =(DE17/'Finance Only'!B20)*100 -> 0.30877342 | DH17: =DI16 -> 25083 | DI17: 25092 | DJ17: =DI17-DH17 -> 9 | DK17: =DJ17-DJ16 -> -80 | DL17: =(DJ17/'Finance Only'!B20)*100 -> 0.031942078 | DM17: =DN16 -> 17109 | DN17: 17162 | DO17: =DN17-DM17 -> 53 | DP17: =DO17-DO16 -> -4 | DQ17: =(DO17/'Finance Only'!B20)*100 -> 0.18810335 | DR17: =DS16 -> 46090 | DS17: 46243 | DT17: =DS17-DR17 -> 153 | DU17: =DT17-DT16 -> 2 | DV17: =(DT17/'Finance Only'!B20)*100 -> 0.54301533 | DW17: =DX16 -> 33149 | DX17: 33215 | DY17: =DX17-DW17 -> 66 | DZ17: =DY17-DY16 -> 0 | EA17: =(DY17/'Finance Only'!B20)*100 -> 0.23424191 | EB17: =EC16 -> 100750 | EC17: 100990 | ED17: =EC17-EB17 -> 240 | EE17: =ED17-ED16 -> -70 | EF17: =(ED17/'Finance Only'!B20)*100 -> 0.85178876 | EG17: =EH16 -> 82172 | EI17: =EH17-EG17 -> -82172 | EJ17: =EI17-EI16 -> -82546 | EK17: =(EI17/'Finance Only'!B20)*100 -> -291.63827 | EL17: =EM16 -> 17283 | EM17: 17334 | EN17: =EM17-EL17 -> 51 | EO17: =EN17-EN16 -> 4 | EP17: =(EN17/'Finance Only'!B20)*100 -> 0.18100511 | EQ17: =ER16 -> 243170 | ER17: 244920 | ES17: =ER17-EQ17 -> 1750 | ET17: =ES17-ES16 -> -480 | EU17: =(ES17/'Finance Only'!B20)*100 -> 6.2109597
A18: 14 | B18: =C17 -> 25581172 | C18: 25584441 | D18: =C18-B18 -> 3269 | E18: =D18-D17 -> 161 | F18: =(D18/'Finance Only'!B21)*100 -> 11.486297 | G18: =H17 -> 22642149 | H18: 22647359 | I18: =H18-G18 -> 5210 | J18: =I18-I17 -> 552 | K18: =(I18/'Finance Only'!B21)*100 -> 18.306395 | L18: =M17 -> 85618908 | M18: 85633105 | N18: =M18-L18 -> 14197 | O18: =N18-N17 -> -317 | P18: =(N18/'Finance Only'!B21)*100 -> 49.884048 | Q18: =R17 -> 1993400 | R18: 1995500 | S18: =R18-Q18 -> 2100 | T18: =S18-S17 -> 100 | U18: =(S18/'Finance Only'!B21)*100 -> 7.3787772 | V18: =W17 -> 2698458 | W18: 2701016 | X18: =W18-V18 -> 2558 | Y18: =X18-X17 -> 46 | Z18: =(X18/'Finance Only'!B21)*100 -> 8.9880534 | AA18: =AB17 -> 1642800 | AB18: 1644500 | AC18: =AB18-AA18 -> 1700 | AD18: =AC18-AC17 -> -300 | AE18: =(AC18/'Finance Only'!B21)*100 -> 5.9732959 | AF18: =AG17 -> 744373 | AG18: 745129 | AH18: =AG18-AF18 -> 756 | AI18: =AH18-AH17 -> 61 | AJ18: =(AH18/'Finance Only'!B21)*100 -> 2.6563598 | AK18: =AL17 -> 7684500 | AL18: 7689500 | AM18: =AL18-AK18 -> 5000 | AN18: =AM18-AM17 -> -200 | AO18: =(AM18/'Finance Only'!B21)*100 -> 17.568517 | AP18: =AQ17 -> 1752200 | AQ18: 1754000 | AR18: =AQ18-AP18 -> 1800 | AS18: =AR18-AR17 -> -100 | AT18: =(AR18/'Finance Only'!B21)*100 -> 6.3246662 | AU18: =AV17 -> 499806 | AV18: 500201 | AW18: =AV18-AU18 -> 395 | AX18: =AW18-AW17 -> 4 | AY18: =(AW18/'Finance Only'!B21)*100 -> 1.3879129 | AZ18: =BA17 -> 641650 | BA18: 642690 | BB18: =BA18-AZ18 -> 1040 | BC18: =BB18-BB17 -> 110 | BD18: =(BB18/'Finance Only'!B21)*100 -> 3.6542516 | BE18: =BF17 -> 739810 | BF18: 740910 | BG18: =BF18-BE18 -> 1100 | BH18: =BG18-BG17 -> 130 | BI18: =(BG18/'Finance Only'!B21)*100 -> 3.8650738 | BJ18: =BK17 -> 1156000 | BK18: 1157500 | BL18: =BK18-BJ18 -> 1500 | BM18: =BL18-BL17 -> 100 | BN18: =(BL18/'Finance Only'!B21)*100 -> 5.2705552 | BO18: =BP17 -> 618420 | BP18: 620140 | BQ18: =BP18-BO18 -> 1720 | BR18: =BQ18-BQ17 -> 320 | BS18: =(BQ18/'Finance Only'!B21)*100 -> 6.0435699 | BT18: =BU17 -> 473600 | BU18: 474770 | BV18: =BU18-BT18 -> 1170 | BW18: =BV18-BV17 -> -10 | BX18: =(BV18/'Finance Only'!B21)*100 -> 4.111033 | BY18: =BZ17 -> 1384500 | BZ18: 1387800 | CA18: =BZ18-BY18 -> 3300 | CB18: =CA18-CA17 -> -200 | CC18: =(CA18/'Finance Only'!B21)*100 -> 11.595221 | CD18: =CE17 -> 642000 | CE18: 642320 | CF18: =CE18-CD18 -> 320 | CG18: =CF18-CF17 -> -1590 | CH18: =(CF18/'Finance Only'!B21)*100 -> 1.1243851 | CI18: =CJ17 -> 31170 | CK18: =CJ18-CI18 -> -31170 | CL18: =CK18-CK17 -> -31271 | CM18: =(CK18/'Finance Only'!B21)*100 -> -109.52214 | CN18: =CO17 -> 25153 | CP18: =CO18-CN18 -> -25153 | CQ18: =CP18-CP17 -> -25277 | CR18: =(CP18/'Finance Only'!B21)*100 -> -88.380183 | CS18: =CT17 -> 22507 | CU18: =CT18-CS18 -> -22507 | CV18: =CU18-CU17 -> -22559 | CW18: =(CU18/'Finance Only'!B21)*100 -> -79.082923 | CX18: =CY17 -> 35644 | CZ18: =CY18-CX18 -> -35644 | DA18: =CZ18-CZ17 -> -35790 | DB18: =(CZ18/'Finance Only'!B21)*100 -> -125.24245 | DC18: =DD17 -> 27106 | DE18: =DD18-DC18 -> -27106 | DF18: =DE18-DE17 -> -27193 | DG18: =(DE18/'Finance Only'!B21)*100 -> -95.242446 | DH18: =DI17 -> 25092 | DJ18: =DI18-DH18 -> -25092 | DK18: =DJ18-DJ17 -> -25101 | DL18: =(DJ18/'Finance Only'!B21)*100 -> -88.165847 | DM18: =DN17 -> 17162 | DO18: =DN18-DM18 -> -17162 | DP18: =DO18-DO17 -> -17215 | DQ18: =(DO18/'Finance Only'!B21)*100 -> -60.302178 | DR18: =DS17 -> 46243 | DT18: =DS18-DR18 -> -46243 | DU18: =DT18-DT17 -> -46396 | DV18: =(DT18/'Finance Only'!B21)*100 -> -162.48419 | DW18: =DX17 -> 33215 | DY18: =DX18-DW18 -> -33215 | DZ18: =DY18-DY17 -> -33281 | EA18: =(DY18/'Finance Only'!B21)*100 -> -116.70766 | EB18: =EC17 -> 100990 | ED18: =EC18-EB18 -> -100990 | EE18: =ED18-ED17 -> -101230 | EF18: =(ED18/'Finance Only'!B21)*100 -> -354.84891 | EG18: =EH17 -> 0 | EI18: =EH18-EG18 -> 0 | EJ18: =EI18-EI17 -> 82172 | EK18: =(EI18/'Finance Only'!B21)*100 -> 0 | EL18: =EM17 -> 17334 | EN18: =EM18-EL18 -> -17334 | EO18: =EN18-EN17 -> -17385 | EP18: =(EN18/'Finance Only'!B21)*100 -> -60.906535 | EQ18: =ER17 -> 244920 | ES18: =ER18-EQ18 -> -244920 | ET18: =ES18-ES17 -> -246670 | EU18: =(ES18/'Finance Only'!B21)*100 -> -860.57625
A19: 15 | B19: =C18 -> 25584441 | C19: 25587946 | D19: =C19-B19 -> 3505 | E19: =D19-D18 -> 236 | F19: =(D19/'Finance Only'!B22)*100 -> 11.789042 | G19: =H18 -> 22647359 | H19: 22653133 | I19: =H19-G19 -> 5774 | J19: =I19-I18 -> 564 | K19: =(I19/'Finance Only'!B22)*100 -> 19.420807 | L19: =M18 -> 85633105 | M19: 85647330 | N19: =M19-L19 -> 14225 | O19: =N19-N18 -> 28 | P19: =(N19/'Finance Only'!B22)*100 -> 47.845683 | Q19: =R18 -> 1995500 | R19: 1997400 | S19: =R19-Q19 -> 1900 | T19: =S19-S18 -> -200 | U19: =(S19/'Finance Only'!B22)*100 -> 6.390636 | V19: =W18 -> 2701016 | W19: 2703650 | X19: =W19-V19 -> 2634 | Y19: =X19-X18 -> 76 | Z19: =(X19/'Finance Only'!B22)*100 -> 8.8594396 | AA19: =AB18 -> 1644500 | AB19: 1646300 | AC19: =AB19-AA19 -> 1800 | AD19: =AC19-AC18 -> 100 | AE19: =(AC19/'Finance Only'!B22)*100 -> 6.0542868 | AF19: =AG18 -> 745129 | AG19: 745822 | AH19: =AG19-AF19 -> 693 | AI19: =AH19-AH18 -> -63 | AJ19: =(AH19/'Finance Only'!B22)*100 -> 2.3309004 | AK19: =AL18 -> 7689500 | AL19: 7694700 | AM19: =AL19-AK19 -> 5200 | AN19: =AM19-AM18 -> 200 | AO19: =(AM19/'Finance Only'!B22)*100 -> 17.490162 | AP19: =AQ18 -> 1754000 | AQ19: 1756000 | AR19: =AQ19-AP19 -> 2000 | AS19: =AR19-AR18 -> 200 | AT19: =(AR19/'Finance Only'!B22)*100 -> 6.7269853 | AU19: =AV18 -> 500201 | AV19: 501035 | AW19: =AV19-AU19 -> 834 | AX19: =AW19-AW18 -> 439 | AY19: =(AW19/'Finance Only'!B22)*100 -> 2.8051529 | AZ19: =BA18 -> 642690 | BA19: 643680 | BB19: =BA19-AZ19 -> 990 | BC19: =BB19-BB18 -> -50 | BD19: =(BB19/'Finance Only'!B22)*100 -> 3.3298577 | BE19: =BF18 -> 740910 | BF19: 741930 | BG19: =BF19-BE19 -> 1020 | BH19: =BG19-BG18 -> -80 | BI19: =(BG19/'Finance Only'!B22)*100 -> 3.4307625 | BJ19: =BK18 -> 1157500 | BK19: 1158800 | BL19: =BK19-BJ19 -> 1300 | BM19: =BL19-BL18 -> -200 | BN19: =(BL19/'Finance Only'!B22)*100 -> 4.3725404 | BO19: =BP18 -> 620140 | BP19: 621660 | BQ19: =BP19-BO19 -> 1520 | BR19: =BQ19-BQ18 -> -200 | BS19: =(BQ19/'Finance Only'!B22)*100 -> 5.1125088 | BT19: =BU18 -> 474770 | BU19: 475930 | BV19: =BU19-BT19 -> 1160 | BW19: =BV19-BV18 -> -10 | BX19: =(BV19/'Finance Only'!B22)*100 -> 3.9016515 | BY19: =BZ18 -> 1387800 | BZ19: 1391400 | CA19: =BZ19-BY19 -> 3600 | CB19: =CA19-CA18 -> 300 | CC19: =(CA19/'Finance Only'!B22)*100 -> 12.108574 | CD19: =CE18 -> 642320 | CE19: 642320 | CF19: =CE19-CD19 -> 0 | CG19: =CF19-CF18 -> -320 | CH19: =(CF19/'Finance Only'!B22)*100 -> 0 | CI19: =CJ18 -> 0 | CK19: =CJ19-CI19 -> 0 | CL19: =CK19-CK18 -> 31170 | CM19: =(CK19/'Finance Only'!B22)*100 -> 0 | CN19: =CO18 -> 0 | CP19: =CO19-CN19 -> 0 | CQ19: =CP19-CP18 -> 25153 | CR19: =(CP19/'Finance Only'!B22)*100 -> 0 | CS19: =CT18 -> 0 | CU19: =CT19-CS19 -> 0 | CV19: =CU19-CU18 -> 22507 | CW19: =(CU19/'Finance Only'!B22)*100 -> 0 | CX19: =CY18 -> 0 | CZ19: =CY19-CX19 -> 0 | DA19: =CZ19-CZ18 -> 35644 | DB19: =(CZ19/'Finance Only'!B22)*100 -> 0 | DC19: =DD18 -> 0 | DE19: =DD19-DC19 -> 0 | DF19: =DE19-DE18 -> 27106 | DG19: =(DE19/'Finance Only'!B22)*100 -> 0 | DH19: =DI18 -> 0 | DJ19: =DI19-DH19 -> 0 | DK19: =DJ19-DJ18 -> 25092 | DL19: =(DJ19/'Finance Only'!B22)*100 -> 0 | DM19: =DN18 -> 0 | DO19: =DN19-DM19 -> 0 | DP19: =DO19-DO18 -> 17162 | DQ19: =(DO19/'Finance Only'!B22)*100 -> 0 | DR19: =DS18 -> 0 | DT19: =DS19-DR19 -> 0 | DU19: =DT19-DT18 -> 46243 | DV19: =(DT19/'Finance Only'!B22)*100 -> 0 | DW19: =DX18 -> 0 | DY19: =DX19-DW19 -> 0 | DZ19: =DY19-DY18 -> 33215 | EA19: =(DY19/'Finance Only'!B22)*100 -> 0 | EB19: =EC18 -> 0 | ED19: =EC19-EB19 -> 0 | EE19: =ED19-ED18 -> 100990 | EF19: =(ED19/'Finance Only'!B22)*100 -> 0 | EG19: =EH18 -> 0 | EI19: =EH19-EG19 -> 0 | EJ19: =EI19-EI18 -> 0 | EK19: =(EI19/'Finance Only'!B22)*100 -> 0 | EL19: =EM18 -> 0 | EN19: =EM19-EL19 -> 0 | EO19: =EN19-EN18 -> 17334 | EP19: =(EN19/'Finance Only'!B22)*100 -> 0 | EQ19: =ER18 -> 0 | ES19: =ER19-EQ19 -> 0 | ET19: =ES19-ES18 -> 244920 | EU19: =(ES19/'Finance Only'!B22)*100 -> 0
A20: 16 | B20: =C19 -> 25587946 | C20: 25591624 | D20: =C20-B20 -> 3678 | E20: =D20-D19 -> 173 | F20: =(D20/'Finance Only'!B23)*100 -> 12.095899 | G20: =H19 -> 22653133 | H20: 22659290 | I20: =H20-G20 -> 6157 | J20: =I20-I19 -> 383 | K20: =(I20/'Finance Only'!B23)*100 -> 20.248627 | L20: =M19 -> 85647330 | M20: 85661653 | N20: =M20-L20 -> 14323 | O20: =N20-N19 -> 98 | P20: =(N20/'Finance Only'!B23)*100 -> 47.104285 | Q20: =R19 -> 1997400 | R20: 1999500 | S20: =R20-Q20 -> 2100 | T20: =S20-S19 -> 200 | U20: =(S20/'Finance Only'!B23)*100 -> 6.9063045 | V20: =W19 -> 2703650 | W20: 2706414 | X20: =W20-V20 -> 2764 | Y20: =X20-X19 -> 130 | Z20: =(X20/'Finance Only'!B23)*100 -> 9.0900122 | AA20: =AB19 -> 1646300 | AB20: 1648000 | AC20: =AB20-AA20 -> 1700 | AD20: =AC20-AC19 -> -100 | AE20: =(AC20/'Finance Only'!B23)*100 -> 5.5908179 | AF20: =AG19 -> 745822 | AG20: 746534 | AH20: =AG20-AF20 -> 712 | AI20: =AH20-AH19 -> 19 | AJ20: =(AH20/'Finance Only'!B23)*100 -> 2.3415661 | AK20: =AL19 -> 7694700 | AL20: 7701200 | AM20: =AL20-AK20 -> 6500 | AN20: =AM20-AM19 -> 1300 | AO20: =(AM20/'Finance Only'!B23)*100 -> 21.376657 | AP20: =AQ19 -> 1756000 | AQ20: 1757900 | AR20: =AQ20-AP20 -> 1900 | AS20: =AR20-AR19 -> -100 | AT20: =(AR20/'Finance Only'!B23)*100 -> 6.2485612 | AU20: =AV19 -> 501035 | AV20: 501456 | AW20: =AV20-AU20 -> 421 | AX20: =AW20-AW19 -> -413 | AY20: =(AW20/'Finance Only'!B23)*100 -> 1.3845496 | AZ20: =BA19 -> 643680 | BA20: 644570 | BB20: =BA20-AZ20 -> 890 | BC20: =BB20-BB19 -> -100 | BD20: =(BB20/'Finance Only'!B23)*100 -> 2.9269576 | BE20: =BF19 -> 741930 | BF20: 742870 | BG20: =BF20-BE20 -> 940 | BH20: =BG20-BG19 -> -80 | BI20: =(BG20/'Finance Only'!B23)*100 -> 3.0913934 | BJ20: =BK19 -> 1158800 | BK20: 1160200 | BL20: =BK20-BJ20 -> 1400 | BM20: =BL20-BL19 -> 100 | BN20: =(BL20/'Finance Only'!B23)*100 -> 4.604203 | BO20: =BP19 -> 621660 | BP20: 623380 | BQ20: =BP20-BO20 -> 1720 | BR20: =BQ20-BQ19 -> 200 | BS20: =(BQ20/'Finance Only'!B23)*100 -> 5.6565922 | BT20: =BU19 -> 475930 | BU20: 477130 | BV20: =BU20-BT20 -> 1200 | BW20: =BV20-BV19 -> 40 | BX20: =(BV20/'Finance Only'!B23)*100 -> 3.9464597 | BY20: =BZ19 -> 1391400 | BZ20: 1396300 | CA20: =BZ20-BY20 -> 4900 | CB20: =CA20-CA19 -> 1300 | CC20: =(CA20/'Finance Only'!B23)*100 -> 16.11471 | CD20: =CE19 -> 642320 | CE20: 642800 | CF20: =CE20-CD20 -> 480 | CG20: =CF20-CF19 -> 480 | CH20: =(CF20/'Finance Only'!B23)*100 -> 1.5785839 | CI20: =CJ19 -> 0 | CK20: =CJ20-CI20 -> 0 | CL20: =CK20-CK19 -> 0 | CM20: =(CK20/'Finance Only'!B23)*100 -> 0 | CN20: =CO19 -> 0 | CP20: =CO20-CN20 -> 0 | CQ20: =CP20-CP19 -> 0 | CR20: =(CP20/'Finance Only'!B23)*100 -> 0 | CS20: =CT19 -> 0 | CU20: =CT20-CS20 -> 0 | CV20: =CU20-CU19 -> 0 | CW20: =(CU20/'Finance Only'!B23)*100 -> 0 | CX20: =CY19 -> 0 | CZ20: =CY20-CX20 -> 0 | DA20: =CZ20-CZ19 -> 0 | DB20: =(CZ20/'Finance Only'!B23)*100 -> 0 | DC20: =DD19 -> 0 | DE20: =DD20-DC20 -> 0 | DF20: =DE20-DE19 -> 0 | DG20: =(DE20/'Finance Only'!B23)*100 -> 0 | DH20: =DI19 -> 0 | DJ20: =DI20-DH20 -> 0 | DK20: =DJ20-DJ19 -> 0 | DL20: =(DJ20/'Finance Only'!B23)*100 -> 0 | DM20: =DN19 -> 0 | DO20: =DN20-DM20 -> 0 | DP20: =DO20-DO19 -> 0 | DQ20: =(DO20/'Finance Only'!B23)*100 -> 0 | DR20: =DS19 -> 0 | DT20: =DS20-DR20 -> 0 | DU20: =DT20-DT19 -> 0 | DV20: =(DT20/'Finance Only'!B23)*100 -> 0 | DW20: =DX19 -> 0 | DY20: =DX20-DW20 -> 0 | DZ20: =DY20-DY19 -> 0 | EA20: =(DY20/'Finance Only'!B23)*100 -> 0 | EB20: =EC19 -> 0 | ED20: =EC20-EB20 -> 0 | EE20: =ED20-ED19 -> 0 | EF20: =(ED20/'Finance Only'!B23)*100 -> 0 | EG20: =EH19 -> 0 | EI20: =EH20-EG20 -> 0 | EJ20: =EI20-EI19 -> 0 | EK20: =(EI20/'Finance Only'!B23)*100 -> 0 | EL20: =EM19 -> 0 | EN20: =EM20-EL20 -> 0 | EO20: =EN20-EN19 -> 0 | EP20: =(EN20/'Finance Only'!B23)*100 -> 0 | EQ20: =ER19 -> 0 | ES20: =ER20-EQ20 -> 0 | ET20: =ES20-ES19 -> 0 | EU20: =(ES20/'Finance Only'!B23)*100 -> 0
A21: 17 | B21: =C20 -> 25591624 | C21: 25595279 | D21: =C21-B21 -> 3655 | E21: =D21-D20 -> -23 | F21: =(D21/'Finance Only'!B24)*100 -> 11.815478 | G21: =H20 -> 22659290 | H21: 22665414 | I21: =H21-G21 -> 6124 | J21: =I21-I20 -> -33 | K21: =(I21/'Finance Only'!B24)*100 -> 19.796987 | L21: =M20 -> 85661653 | M21: 85675925 | N21: =M21-L21 -> 14272 | O21: =N21-N20 -> -51 | P21: =(N21/'Finance Only'!B24)*100 -> 46.136937 | Q21: =R20 -> 1999500 | R21: 2001600 | S21: =R21-Q21 -> 2100 | T21: =S21-S20 -> 0 | U21: =(S21/'Finance Only'!B24)*100 -> 6.7886468 | V21: =W20 -> 2706414 | W21: 2709318 | X21: =W21-V21 -> 2904 | Y21: =X21-X20 -> 140 | Z21: =(X21/'Finance Only'!B24)*100 -> 9.3877287 | AA21: =AB20 -> 1648000 | AB21: 1649400 | AC21: =AB21-AA21 -> 1400 | AD21: =AC21-AC20 -> -300 | AE21: =(AC21/'Finance Only'!B24)*100 -> 4.5257645 | AF21: =AG20 -> 746534 | AG21: 747157 | AH21: =AG21-AF21 -> 623 | AI21: =AH21-AH20 -> -89 | AJ21: =(AH21/'Finance Only'!B24)*100 -> 2.0139652 | AK21: =AL20 -> 7701200 | AL21: 7707600 | AM21: =AL21-AK21 -> 6400 | AN21: =AM21-AM20 -> -100 | AO21: =(AM21/'Finance Only'!B24)*100 -> 20.689209 | AP21: =AQ20 -> 1757900 | AQ21: 1759900 | AR21: =AQ21-AP21 -> 2000 | AS21: =AR21-AR20 -> 100 | AT21: =(AR21/'Finance Only'!B24)*100 -> 6.4653779 | AU21: =AV20 -> 501456 | AV21: 501920 | AW21: =AV21-AU21 -> 464 | AX21: =AW21-AW20 -> 43 | AY21: =(AW21/'Finance Only'!B24)*100 -> 1.4999677 | AZ21: =BA20 -> 644570 | BA21: 644570 | BB21: =BA21-AZ21 -> 0 | BC21: =BB21-BB20 -> -890 | BD21: =(BB21/'Finance Only'!B24)*100 -> 0 | BE21: =BF20 -> 742870 | BF21: 743830 | BG21: =BF21-BE21 -> 960 | BH21: =BG21-BG20 -> 20 | BI21: =(BG21/'Finance Only'!B24)*100 -> 3.1033814 | BJ21: =BK20 -> 1160200 | BK21: 1161600 | BL21: =BK21-BJ21 -> 1400 | BM21: =BL21-BL20 -> 0 | BN21: =(BL21/'Finance Only'!B24)*100 -> 4.5257645 | BO21: =BP20 -> 623380 | BP21: 623380 | BQ21: =BP21-BO21 -> 0 | BR21: =BQ21-BQ20 -> -1720 | BS21: =(BQ21/'Finance Only'!B24)*100 -> 0 | BT21: =BU20 -> 477130 | BU21: 478340 | BV21: =BU21-BT21 -> 1210 | BW21: =BV21-BV20 -> 10 | BX21: =(BV21/'Finance Only'!B24)*100 -> 3.9115536 | BY21: =BZ20 -> 1396300 | BZ21: 1400500 | CA21: =BZ21-BY21 -> 4200 | CB21: =CA21-CA20 -> -700 | CC21: =(CA21/'Finance Only'!B24)*100 -> 13.577294 | CD21: =CE20 -> 642800 | CE21: 645290 | CF21: =CE21-CD21 -> 2490 | CG21: =CF21-CF20 -> 2010 | CH21: =(CF21/'Finance Only'!B24)*100 -> 8.0493955 | CI21: =CJ20 -> 0 | CK21: =CJ21-CI21 -> 0 | CL21: =CK21-CK20 -> 0 | CM21: =(CK21/'Finance Only'!B24)*100 -> 0 | CN21: =CO20 -> 0 | CP21: =CO21-CN21 -> 0 | CQ21: =CP21-CP20 -> 0 | CR21: =(CP21/'Finance Only'!B24)*100 -> 0 | CS21: =CT20 -> 0 | CU21: =CT21-CS21 -> 0 | CV21: =CU21-CU20 -> 0 | CW21: =(CU21/'Finance Only'!B24)*100 -> 0 | CX21: =CY20 -> 0 | CZ21: =CY21-CX21 -> 0 | DA21: =CZ21-CZ20 -> 0 | DB21: =(CZ21/'Finance Only'!B24)*100 -> 0 | DC21: =DD20 -> 0 | DE21: =DD21-DC21 -> 0 | DF21: =DE21-DE20 -> 0 | DG21: =(DE21/'Finance Only'!B24)*100 -> 0 | DH21: =DI20 -> 0 | DJ21: =DI21-DH21 -> 0 | DK21: =DJ21-DJ20 -> 0 | DL21: =(DJ21/'Finance Only'!B24)*100 -> 0 | DM21: =DN20 -> 0 | DO21: =DN21-DM21 -> 0 | DP21: =DO21-DO20 -> 0 | DQ21: =(DO21/'Finance Only'!B24)*100 -> 0 | DR21: =DS20 -> 0 | DT21: =DS21-DR21 -> 0 | DU21: =DT21-DT20 -> 0 | DV21: =(DT21/'Finance Only'!B24)*100 -> 0 | DW21: =DX20 -> 0 | DY21: =DX21-DW21 -> 0 | DZ21: =DY21-DY20 -> 0 | EA21: =(DY21/'Finance Only'!B24)*100 -> 0 | EB21: =EC20 -> 0 | ED21: =EC21-EB21 -> 0 | EE21: =ED21-ED20 -> 0 | EF21: =(ED21/'Finance Only'!B24)*100 -> 0 | EG21: =EH20 -> 0 | EI21: =EH21-EG21 -> 0 | EJ21: =EI21-EI20 -> 0 | EK21: =(EI21/'Finance Only'!B24)*100 -> 0 | EL21: =EM20 -> 0 | EN21: =EM21-EL21 -> 0 | EO21: =EN21-EN20 -> 0 | EP21: =(EN21/'Finance Only'!B24)*100 -> 0 | EQ21: =ER20 -> 0 | ES21: =ER21-EQ21 -> 0 | ET21: =ES21-ES20 -> 0 | EU21: =(ES21/'Finance Only'!B24)*100 -> 0
A22: 18 | B22: =C21 -> 25595279 | C22: 25599085 | D22: =C22-B22 -> 3806 | E22: =D22-D21 -> 151 | F22: =(D22/'Finance Only'!B25)*100 -> 12.452966 | G22: =H21 -> 22665414 | H22: 22671704 | I22: =H22-G22 -> 6290 | J22: =I22-I21 -> 166 | K22: =(I22/'Finance Only'!B25)*100 -> 20.58044 | L22: =M21 -> 85675925 | M22: 85690840 | N22: =M22-L22 -> 14915 | O22: =N22-N21 -> 643 | P22: =(N22/'Finance Only'!B25)*100 -> 48.800838 | Q22: =R21 -> 2001600 | R22: 2003800 | S22: =R22-Q22 -> 2200 | T22: =S22-S21 -> 100 | U22: =(S22/'Finance Only'!B25)*100 -> 7.1982462 | V22: =W21 -> 2709318 | W22: 2712143 | X22: =W22-V22 -> 2825 | Y22: =X22-X21 -> -79 | Z22: =(X22/'Finance Only'!B25)*100 -> 9.2432026 | AA22: =AB21 -> 1649400 | AB22: 1651000 | AC22: =AB22-AA22 -> 1600 | AD22: =AC22-AC21 -> 200 | AE22: =(AC22/'Finance Only'!B25)*100 -> 5.2350882 | AF22: =AG21 -> 747157 | AG22: 747827 | AH22: =AG22-AF22 -> 670 | AI22: =AH22-AH21 -> 47 | AJ22: =(AH22/'Finance Only'!B25)*100 -> 2.1921932 | AK22: =AL21 -> 7707600 | AL22: 7714100 | AM22: =AL22-AK22 -> 6500 | AN22: =AM22-AM21 -> 100 | AO22: =(AM22/'Finance Only'!B25)*100 -> 21.267546 | AP22: =AQ21 -> 1759900 | AQ22: 1761300 | AR22: =AQ22-AP22 -> 1400 | AS22: =AR22-AR21 -> -600 | AT22: =(AR22/'Finance Only'!B25)*100 -> 4.5807022 | AU22: =AV21 -> 501920 | AV22: 502366 | AW22: =AV22-AU22 -> 446 | AX22: =AW22-AW21 -> -18 | AY22: =(AW22/'Finance Only'!B25)*100 -> 1.4592808 | AZ22: =BA21 -> 644570 | BA22: 645450 | BB22: =BA22-AZ22 -> 880 | BC22: =BB22-BB21 -> 880 | BD22: =(BB22/'Finance Only'!B25)*100 -> 2.8792985 | BE22: =BF21 -> 743830 | BF22: 744820 | BG22: =BF22-BE22 -> 990 | BH22: =BG22-BG21 -> 30 | BI22: =(BG22/'Finance Only'!B25)*100 -> 3.2392108 | BJ22: =BK21 -> 1161600 | BK22: 1163100 | BL22: =BK22-BJ22 -> 1500 | BM22: =BL22-BL21 -> 100 | BN22: =(BL22/'Finance Only'!B25)*100 -> 4.9078952 | BO22: =BP21 -> 623380 | BP22: 624900 | BQ22: =BP22-BO22 -> 1520 | BR22: =BQ22-BQ21 -> 1520 | BS22: =(BQ22/'Finance Only'!B25)*100 -> 4.9733338 | BT22: =BU21 -> 478340 | BU22: 479590 | BV22: =BU22-BT22 -> 1250 | BW22: =BV22-BV21 -> 40 | BX22: =(BV22/'Finance Only'!B25)*100 -> 4.0899126 | BY22: =BZ21 -> 1400500 | BZ22: 1405500 | CA22: =BZ22-BY22 -> 5000 | CB22: =CA22-CA21 -> 800 | CC22: =(CA22/'Finance Only'!B25)*100 -> 16.359651 | CD22: =CE21 -> 645290 | CE22: 645790 | CF22: =CE22-CD22 -> 500 | CG22: =CF22-CF21 -> -1990 | CH22: =(CF22/'Finance Only'!B25)*100 -> 1.6359651 | CI22: =CJ21 -> 0 | CK22: =CJ22-CI22 -> 0 | CL22: =CK22-CK21 -> 0 | CM22: =(CK22/'Finance Only'!B25)*100 -> 0 | CN22: =CO21 -> 0 | CP22: =CO22-CN22 -> 0 | CQ22: =CP22-CP21 -> 0 | CR22: =(CP22/'Finance Only'!B25)*100 -> 0 | CS22: =CT21 -> 0 | CU22: =CT22-CS22 -> 0 | CV22: =CU22-CU21 -> 0 | CW22: =(CU22/'Finance Only'!B25)*100 -> 0 | CX22: =CY21 -> 0 | CZ22: =CY22-CX22 -> 0 | DA22: =CZ22-CZ21 -> 0 | DB22: =(CZ22/'Finance Only'!B25)*100 -> 0 | DC22: =DD21 -> 0 | DE22: =DD22-DC22 -> 0 | DF22: =DE22-DE21 -> 0 | DG22: =(DE22/'Finance Only'!B25)*100 -> 0 | DH22: =DI21 -> 0 | DJ22: =DI22-DH22 -> 0 | DK22: =DJ22-DJ21 -> 0 | DL22: =(DJ22/'Finance Only'!B25)*100 -> 0 | DM22: =DN21 -> 0 | DO22: =DN22-DM22 -> 0 | DP22: =DO22-DO21 -> 0 | DQ22: =(DO22/'Finance Only'!B25)*100 -> 0 | DR22: =DS21 -> 0 | DT22: =DS22-DR22 -> 0 | DU22: =DT22-DT21 -> 0 | DV22: =(DT22/'Finance Only'!B25)*100 -> 0 | DW22: =DX21 -> 0 | DY22: =DX22-DW22 -> 0 | DZ22: =DY22-DY21 -> 0 | EA22: =(DY22/'Finance Only'!B25)*100 -> 0 | EB22: =EC21 -> 0 | ED22: =EC22-EB22 -> 0 | EE22: =ED22-ED21 -> 0 | EF22: =(ED22/'Finance Only'!B25)*100 -> 0 | EG22: =EH21 -> 0 | EI22: =EH22-EG22 -> 0 | EJ22: =EI22-EI21 -> 0 | EK22: =(EI22/'Finance Only'!B25)*100 -> 0 | EL22: =EM21 -> 0 | EN22: =EM22-EL22 -> 0 | EO22: =EN22-EN21 -> 0 | EP22: =(EN22/'Finance Only'!B25)*100 -> 0 | EQ22: =ER21 -> 0 | ES22: =ER22-EQ22 -> 0 | ET22: =ES22-ES21 -> 0 | EU22: =(ES22/'Finance Only'!B25)*100 -> 0
A23: 19 | B23: =C22 -> 25599085 | C23: 25602913 | D23: =C23-B23 -> 3828 | E23: =D23-D22 -> 22 | F23: =(D23/'Finance Only'!B26)*100 -> 12.606204 | G23: =H22 -> 22671704 | H23: 22677318 | I23: =H23-G23 -> 5614 | J23: =I23-I22 -> -676 | K23: =(I23/'Finance Only'!B26)*100 -> 18.487782 | L23: =M22 -> 85690840 | M23: 85705893 | N23: =M23-L23 -> 15053 | O23: =N23-N22 -> 138 | P23: =(N23/'Finance Only'!B26)*100 -> 49.57189 | Q23: =R22 -> 2003800 | R23: 2005800 | S23: =R23-Q23 -> 2000 | T23: =S23-S22 -> -200 | U23: =(S23/'Finance Only'!B26)*100 -> 6.5863136 | V23: =W22 -> 2712143 | W23: 2714919 | X23: =W23-V23 -> 2776 | Y23: =X23-X22 -> -49 | Z23: =(X23/'Finance Only'!B26)*100 -> 9.1418033 | AA23: =AB22 -> 1651000 | AB23: 1653200 | AC23: =AB23-AA23 -> 2200 | AD23: =AC23-AC22 -> 600 | AE23: =(AC23/'Finance Only'!B26)*100 -> 7.244945 | AF23: =AG22 -> 747827 | AG23: 748540 | AH23: =AG23-AF23 -> 713 | AI23: =AH23-AH22 -> 43 | AJ23: =(AH23/'Finance Only'!B26)*100 -> 2.3480208 | AK23: =AL22 -> 7714100 | AL23: 7720500 | AM23: =AL23-AK23 -> 6400 | AN23: =AM23-AM22 -> -100 | AO23: =(AM23/'Finance Only'!B26)*100 -> 21.076204 | AP23: =AQ22 -> 1761300 | AQ23: 1762700 | AR23: =AQ23-AP23 -> 1400 | AS23: =AR23-AR22 -> 0 | AT23: =(AR23/'Finance Only'!B26)*100 -> 4.6104195 | AU23: =AV22 -> 502366 | AV23: 502823 | AW23: =AV23-AU23 -> 457 | AX23: =AW23-AW22 -> 11 | AY23: =(AW23/'Finance Only'!B26)*100 -> 1.5049727 | AZ23: =BA22 -> 645450 | BA23: 646420 | BB23: =BA23-AZ23 -> 970 | BC23: =BB23-BB22 -> 90 | BD23: =(BB23/'Finance Only'!B26)*100 -> 3.1943621 | BE23: =BF22 -> 744820 | BF23: 745760 | BG23: =BF23-BE23 -> 940 | BH23: =BG23-BG22 -> -50 | BI23: =(BG23/'Finance Only'!B26)*100 -> 3.0955674 | BJ23: =BK22 -> 1163100 | BK23: 1164500 | BL23: =BK23-BJ23 -> 1400 | BM23: =BL23-BL22 -> -100 | BN23: =(BL23/'Finance Only'!B26)*100 -> 4.6104195 | BO23: =BP22 -> 624900 | BP23: 626630 | BQ23: =BP23-BO23 -> 1730 | BR23: =BQ23-BQ22 -> 210 | BS23: =(BQ23/'Finance Only'!B26)*100 -> 5.6971613 | BT23: =BU22 -> 479590 | BU23: 480840 | BV23: =BU23-BT23 -> 1250 | BW23: =BV23-BV22 -> 0 | BX23: =(BV23/'Finance Only'!B26)*100 -> 4.116446 | BY23: =BZ22 -> 1405500 | BZ23: 1409900 | CA23: =BZ23-BY23 -> 4400 | CB23: =CA23-CA22 -> -600 | CC23: =(CA23/'Finance Only'!B26)*100 -> 14.48989 | CD23: =CE22 -> 645790 | CE23: 647690 | CF23: =CE23-CD23 -> 1900 | CG23: =CF23-CF22 -> 1400 | CH23: =(CF23/'Finance Only'!B26)*100 -> 6.256998 | CI23: =CJ22 -> 0 | CK23: =CJ23-CI23 -> 0 | CL23: =CK23-CK22 -> 0 | CM23: =(CK23/'Finance Only'!B26)*100 -> 0 | CN23: =CO22 -> 0 | CP23: =CO23-CN23 -> 0 | CQ23: =CP23-CP22 -> 0 | CR23: =(CP23/'Finance Only'!B26)*100 -> 0 | CS23: =CT22 -> 0 | CU23: =CT23-CS23 -> 0 | CV23: =CU23-CU22 -> 0 | CW23: =(CU23/'Finance Only'!B26)*100 -> 0 | CX23: =CY22 -> 0 | CZ23: =CY23-CX23 -> 0 | DA23: =CZ23-CZ22 -> 0 | DB23: =(CZ23/'Finance Only'!B26)*100 -> 0 | DC23: =DD22 -> 0 | DE23: =DD23-DC23 -> 0 | DF23: =DE23-DE22 -> 0 | DG23: =(DE23/'Finance Only'!B26)*100 -> 0 | DH23: =DI22 -> 0 | DJ23: =DI23-DH23 -> 0 | DK23: =DJ23-DJ22 -> 0 | DL23: =(DJ23/'Finance Only'!B26)*100 -> 0 | DM23: =DN22 -> 0 | DO23: =DN23-DM23 -> 0 | DP23: =DO23-DO22 -> 0 | DQ23: =(DO23/'Finance Only'!B26)*100 -> 0 | DR23: =DS22 -> 0 | DT23: =DS23-DR23 -> 0 | DU23: =DT23-DT22 -> 0 | DV23: =(DT23/'Finance Only'!B26)*100 -> 0 | DW23: =DX22 -> 0 | DY23: =DX23-DW23 -> 0 | DZ23: =DY23-DY22 -> 0 | EA23: =(DY23/'Finance Only'!B26)*100 -> 0 | EB23: =EC22 -> 0 | ED23: =EC23-EB23 -> 0 | EE23: =ED23-ED22 -> 0 | EF23: =(ED23/'Finance Only'!B26)*100 -> 0 | EG23: =EH22 -> 0 | EI23: =EH23-EG23 -> 0 | EJ23: =EI23-EI22 -> 0 | EK23: =(EI23/'Finance Only'!B26)*100 -> 0 | EL23: =EM22 -> 0 | EN23: =EM23-EL23 -> 0 | EO23: =EN23-EN22 -> 0 | EP23: =(EN23/'Finance Only'!B26)*100 -> 0 | EQ23: =ER22 -> 0 | ES23: =ER23-EQ23 -> 0 | ET23: =ES23-ES22 -> 0 | EU23: =(ES23/'Finance Only'!B26)*100 -> 0
A24: 20 | B24: =C23 -> 25602913 | C24: 25606569 | D24: =C24-B24 -> 3656 | E24: =D24-D23 -> -172 | F24: =(D24/'Finance Only'!B27)*100 -> 12.50342 | G24: =H23 -> 22677318 | H24: 22682734 | I24: =H24-G24 -> 5416 | J24: =I24-I23 -> -198 | K24: =(I24/'Finance Only'!B27)*100 -> 18.522572 | L24: =M23 -> 85705893 | M24: 85720653 | N24: =M24-L24 -> 14760 | O24: =N24-N23 -> -293 | P24: =(N24/'Finance Only'!B27)*100 -> 50.478796 | Q24: =R23 -> 2005800 | R24: 2007900 | S24: =R24-Q24 -> 2100 | T24: =S24-S23 -> 100 | U24: =(S24/'Finance Only'!B27)*100 -> 7.1819425 | V24: =W23 -> 2714919 | W24: 2717592 | X24: =W24-V24 -> 2673 | Y24: =X24-X23 -> -103 | Z24: =(X24/'Finance Only'!B27)*100 -> 9.1415869 | AA24: =AB23 -> 1653200 | AB24: 1654900 | AC24: =AB24-AA24 -> 1700 | AD24: =AC24-AC23 -> -500 | AE24: =(AC24/'Finance Only'!B27)*100 -> 5.8139535 | AF24: =AG23 -> 748540 | AG24: 749201 | AH24: =AG24-AF24 -> 661 | AI24: =AH24-AH23 -> -52 | AJ24: =(AH24/'Finance Only'!B27)*100 -> 2.2606019 | AK24: =AL23 -> 7720500 | AL24: 7726700 | AM24: =AL24-AK24 -> 6200 | AN24: =AM24-AM23 -> -200 | AO24: =(AM24/'Finance Only'!B27)*100 -> 21.20383 | AP24: =AQ23 -> 1762700 | AQ24: 1764500 | AR24: =AQ24-AP24 -> 1800 | AS24: =AR24-AR23 -> 400 | AT24: =(AR24/'Finance Only'!B27)*100 -> 6.1559508 | AU24: =AV23 -> 502823 | AW24: =AV24-AU24 -> -502823 | AX24: =AW24-AW23 -> -503280 | AY24: =(AW24/'Finance Only'!B27)*100 -> -1719.6409 | AZ24: =BA23 -> 646420 | BA24: 647340 | BB24: =BA24-AZ24 -> 920 | BC24: =BB24-BB23 -> -50 | BD24: =(BB24/'Finance Only'!B27)*100 -> 3.1463748 | BE24: =BF23 -> 745760 | BF24: 746760 | BG24: =BF24-BE24 -> 1000 | BH24: =BG24-BG23 -> 60 | BI24: =(BG24/'Finance Only'!B27)*100 -> 3.4199726 | BJ24: =BK23 -> 1164500 | BK24: 1166100 | BL24: =BK24-BJ24 -> 1600 | BM24: =BL24-BL23 -> 200 | BN24: =(BL24/'Finance Only'!B27)*100 -> 5.4719562 | BO24: =BP23 -> 626630 | BP24: 628150 | BQ24: =BP24-BO24 -> 1520 | BR24: =BQ24-BQ23 -> -210 | BS24: =(BQ24/'Finance Only'!B27)*100 -> 5.1983584 | BT24: =BU23 -> 480840 | BU24: 482090 | BV24: =BU24-BT24 -> 1250 | BW24: =BV24-BV23 -> 0 | BX24: =(BV24/'Finance Only'!B27)*100 -> 4.2749658 | BY24: =BZ23 -> 1409900 | BZ24: 1414100 | CA24: =BZ24-BY24 -> 4200 | CB24: =CA24-CA23 -> -200 | CC24: =(CA24/'Finance Only'!B27)*100 -> 14.363885 | CD24: =CE23 -> 647690 | CE24: 649650 | CF24: =CE24-CD24 -> 1960 | CG24: =CF24-CF23 -> 60 | CH24: =(CF24/'Finance Only'!B27)*100 -> 6.7031464 | CI24: =CJ23 -> 0 | CK24: =CJ24-CI24 -> 0 | CL24: =CK24-CK23 -> 0 | CM24: =(CK24/'Finance Only'!B27)*100 -> 0 | CN24: =CO23 -> 0 | CP24: =CO24-CN24 -> 0 | CQ24: =CP24-CP23 -> 0 | CR24: =(CP24/'Finance Only'!B27)*100 -> 0 | CS24: =CT23 -> 0 | CU24: =CT24-CS24 -> 0 | CV24: =CU24-CU23 -> 0 | CW24: =(CU24/'Finance Only'!B27)*100 -> 0 | CX24: =CY23 -> 0 | CZ24: =CY24-CX24 -> 0 | DA24: =CZ24-CZ23 -> 0 | DB24: =(CZ24/'Finance Only'!B27)*100 -> 0 | DC24: =DD23 -> 0 | DE24: =DD24-DC24 -> 0 | DF24: =DE24-DE23 -> 0 | DG24: =(DE24/'Finance Only'!B27)*100 -> 0 | DH24: =DI23 -> 0 | DJ24: =DI24-DH24 -> 0 | DK24: =DJ24-DJ23 -> 0 | DL24: =(DJ24/'Finance Only'!B27)*100 -> 0 | DM24: =DN23 -> 0 | DO24: =DN24-DM24 -> 0 | DP24: =DO24-DO23 -> 0 | DQ24: =(DO24/'Finance Only'!B27)*100 -> 0 | DR24: =DS23 -> 0 | DT24: =DS24-DR24 -> 0 | DU24: =DT24-DT23 -> 0 | DV24: =(DT24/'Finance Only'!B27)*100 -> 0 | DW24: =DX23 -> 0 | DY24: =DX24-DW24 -> 0 | DZ24: =DY24-DY23 -> 0 | EA24: =(DY24/'Finance Only'!B27)*100 -> 0 | EB24: =EC23 -> 0 | ED24: =EC24-EB24 -> 0 | EE24: =ED24-ED23 -> 0 | EF24: =(ED24/'Finance Only'!B27)*100 -> 0 | EG24: =EH23 -> 0 | EI24: =EH24-EG24 -> 0 | EJ24: =EI24-EI23 -> 0 | EK24: =(EI24/'Finance Only'!B27)*100 -> 0 | EL24: =EM23 -> 0 | EN24: =EM24-EL24 -> 0 | EO24: =EN24-EN23 -> 0 | EP24: =(EN24/'Finance Only'!B27)*100 -> 0 | EQ24: =ER23 -> 0 | ES24: =ER24-EQ24 -> 0 | ET24: =ES24-ES23 -> 0 | EU24: =(ES24/'Finance Only'!B27)*100 -> 0
A25: 21 | B25: =C24 -> 25606569 | D25: =C25-B25 -> -25606569 | E25: =D25-D24 -> -25610225 | F25: =(D25/'Finance Only'!B28)*100 -> 28.395026 | G25: =H24 -> 22682734 | I25: =H25-G25 -> -22682734 | J25: =I25-I24 -> -22688150 | K25: =(I25/'Finance Only'!B28)*100 -> 25.152797 | L25: =M24 -> 85720653 | N25: =M25-L25 -> -85720653 | O25: =N25-N24 -> -85735413 | P25: =(N25/'Finance Only'!B28)*100 -> 95.055303 | Q25: =R24 -> 2007900 | S25: =R25-Q25 -> -2007900 | T25: =S25-S24 -> -2010000 | U25: =(S25/'Finance Only'!B28)*100 -> 2.2265526 | V25: =W24 -> 2717592 | X25: =W25-V25 -> -2717592 | Y25: =X25-X24 -> -2720265 | Z25: =(X25/'Finance Only'!B28)*100 -> 3.0135273 | AA25: =AB24 -> 1654900 | AC25: =AB25-AA25 -> -1654900 | AD25: =AC25-AC24 -> -1656600 | AE25: =(AC25/'Finance Only'!B28)*100 -> 1.8351123 | AF25: =AG24 -> 749201 | AH25: =AG25-AF25 -> -749201 | AI25: =AH25-AH24 -> -749862 | AJ25: =(AH25/'Finance Only'!B28)*100 -> 0.83078612 | AK25: =AL24 -> 7726700 | AM25: =AL25-AK25 -> -7726700 | AN25: =AM25-AM24 -> -7732900 | AO25: =(AM25/'Finance Only'!B28)*100 -> 8.568108 | AP25: =AQ24 -> 1764500 | AR25: =AQ25-AP25 -> -1764500 | AS25: =AR25-AR24 -> -1766300 | AT25: =(AR25/'Finance Only'!B28)*100 -> 1.9566473 | AU25: =AV24 -> 0 | AW25: =AV25-AU25 -> 0 | AX25: =AW25-AW24 -> 502823 | AY25: =(AW25/'Finance Only'!B28)*100 -> 0 | AZ25: =BA24 -> 647340 | BA25: 648320 | BB25: =BA25-AZ25 -> 980 | BC25: =BB25-BB24 -> 60 | BD25: =(BB25/'Finance Only'!B28)*100 -> -0.0010867182 | BE25: =BF24 -> 746760 | BG25: =BF25-BE25 -> -746760 | BH25: =BG25-BG24 -> -747760 | BI25: =(BG25/'Finance Only'!B28)*100 -> 0.8280793 | BJ25: =BK24 -> 1166100 | BL25: =BK25-BJ25 -> -1166100 | BM25: =BL25-BL24 -> -1167700 | BN25: =(BL25/'Finance Only'!B28)*100 -> 1.2930838 | BO25: =BP24 -> 628150 | BP25: 629790 | BQ25: =BP25-BO25 -> 1640 | BR25: =BQ25-BQ24 -> 120 | BS25: =(BQ25/'Finance Only'!B28)*100 -> -0.0018185897 | BT25: =BU24 -> 482090 | BV25: =BU25-BT25 -> -482090 | BW25: =BV25-BV24 -> -483340 | BX25: =(BV25/'Finance Only'!B28)*100 -> 0.53458775 | BY25: =BZ24 -> 1414100 | CA25: =BZ25-BY25 -> -1414100 | CB25: =CA25-CA24 -> -1418300 | CC25: =(CA25/'Finance Only'!B28)*100 -> 1.5680901 | CD25: =CE24 -> 649650 | CF25: =CE25-CD25 -> -649650 | CG25: =CF25-CF24 -> -651610 | CH25: =(CF25/'Finance Only'!B28)*100 -> 0.72039439 | CI25: =CJ24 -> 0 | CK25: =CJ25-CI25 -> 0 | CL25: =CK25-CK24 -> 0 | CM25: =(CK25/'Finance Only'!B28)*100 -> 0 | CN25: =CO24 -> 0 | CP25: =CO25-CN25 -> 0 | CQ25: =CP25-CP24 -> 0 | CR25: =(CP25/'Finance Only'!B28)*100 -> 0 | CS25: =CT24 -> 0 | CU25: =CT25-CS25 -> 0 | CV25: =CU25-CU24 -> 0 | CW25: =(CU25/'Finance Only'!B28)*100 -> 0 | CX25: =CY24 -> 0 | CZ25: =CY25-CX25 -> 0 | DA25: =CZ25-CZ24 -> 0 | DB25: =(CZ25/'Finance Only'!B28)*100 -> 0 | DC25: =DD24 -> 0 | DE25: =DD25-DC25 -> 0 | DF25: =DE25-DE24 -> 0 | DG25: =(DE25/'Finance Only'!B28)*100 -> 0 | DH25: =DI24 -> 0 | DJ25: =DI25-DH25 -> 0 | DK25: =DJ25-DJ24 -> 0 | DL25: =(DJ25/'Finance Only'!B28)*100 -> 0 | DM25: =DN24 -> 0 | DO25: =DN25-DM25 -> 0 | DP25: =DO25-DO24 -> 0 | DQ25: =(DO25/'Finance Only'!B28)*100 -> 0 | DR25: =DS24 -> 0 | DT25: =DS25-DR25 -> 0 | DU25: =DT25-DT24 -> 0 | DV25: =(DT25/'Finance Only'!B28)*100 -> 0 | DW25: =DX24 -> 0 | DY25: =DX25-DW25 -> 0 | DZ25: =DY25-DY24 -> 0 | EA25: =(DY25/'Finance Only'!B28)*100 -> 0 | EB25: =EC24 -> 0 | ED25: =EC25-EB25 -> 0 | EE25: =ED25-ED24 -> 0 | EF25: =(ED25/'Finance Only'!B28)*100 -> 0 | EG25: =EH24 -> 0 | EI25: =EH25-EG25 -> 0 | EJ25: =EI25-EI24 -> 0 | EK25: =(EI25/'Finance Only'!B28)*100 -> 0 | EL25: =EM24 -> 0 | EN25: =EM25-EL25 -> 0 | EO25: =EN25-EN24 -> 0 | EP25: =(EN25/'Finance Only'!B28)*100 -> 0 | EQ25: =ER24 -> 0 | ES25: =ER25-EQ25 -> 0 | ET25: =ES25-ES24 -> 0 | EU25: =(ES25/'Finance Only'!B28)*100 -> 0
A26: 22 | B26: =C25 -> 0 | D26: =C26-B26 -> 0 | E26: =D26-D25 -> 25606569 | F26: =(D26/'Finance Only'!B29)*100 -> #DIV/0! | G26: =H25 -> 0 | I26: =H26-G26 -> 0 | J26: =I26-I25 -> 22682734 | K26: =(I26/'Finance Only'!B29)*100 -> #DIV/0! | L26: =M25 -> 0 | N26: =M26-L26 -> 0 | O26: =N26-N25 -> 85720653 | P26: =(N26/'Finance Only'!B29)*100 -> #DIV/0! | Q26: =R25 -> 0 | S26: =R26-Q26 -> 0 | T26: =S26-S25 -> 2007900 | U26: =(S26/'Finance Only'!B29)*100 -> #DIV/0! | V26: =W25 -> 0 | X26: =W26-V26 -> 0 | Y26: =X26-X25 -> 2717592 | Z26: =(X26/'Finance Only'!B29)*100 -> #DIV/0! | AA26: =AB25 -> 0 | AC26: =AB26-AA26 -> 0 | AD26: =AC26-AC25 -> 1654900 | AE26: =(AC26/'Finance Only'!B29)*100 -> #DIV/0! | AF26: =AG25 -> 0 | AH26: =AG26-AF26 -> 0 | AI26: =AH26-AH25 -> 749201 | AJ26: =(AH26/'Finance Only'!B29)*100 -> #DIV/0! | AK26: =AL25 -> 0 | AM26: =AL26-AK26 -> 0 | AN26: =AM26-AM25 -> 7726700 | AO26: =(AM26/'Finance Only'!B29)*100 -> #DIV/0! | AP26: =AQ25 -> 0 | AR26: =AQ26-AP26 -> 0 | AS26: =AR26-AR25 -> 1764500 | AT26: =(AR26/'Finance Only'!B29)*100 -> #DIV/0! | AU26: =AV25 -> 0 | AW26: =AV26-AU26 -> 0 | AX26: =AW26-AW25 -> 0 | AY26: =(AW26/'Finance Only'!B29)*100 -> #DIV/0! | AZ26: =BA25 -> 648320 | BB26: =BA26-AZ26 -> -648320 | BC26: =BB26-BB25 -> -649300 | BD26: =(BB26/'Finance Only'!B29)*100 -> #DIV/0! | BE26: =BF25 -> 0 | BG26: =BF26-BE26 -> 0 | BH26: =BG26-BG25 -> 746760 | BI26: =(BG26/'Finance Only'!B29)*100 -> #DIV/0! | BJ26: =BK25 -> 0 | BL26: =BK26-BJ26 -> 0 | BM26: =BL26-BL25 -> 1166100 | BN26: =(BL26/'Finance Only'!B29)*100 -> #DIV/0! | BO26: =BP25 -> 629790 | BQ26: =BP26-BO26 -> -629790 | BR26: =BQ26-BQ25 -> -631430 | BS26: =(BQ26/'Finance Only'!B29)*100 -> #DIV/0! | BT26: =BU25 -> 0 | BV26: =BU26-BT26 -> 0 | BW26: =BV26-BV25 -> 482090 | BX26: =(BV26/'Finance Only'!B29)*100 -> #DIV/0! | BY26: =BZ25 -> 0 | CA26: =BZ26-BY26 -> 0 | CB26: =CA26-CA25 -> 1414100 | CC26: =(CA26/'Finance Only'!B29)*100 -> #DIV/0! | CD26: =CE25 -> 0 | CF26: =CE26-CD26 -> 0 | CG26: =CF26-CF25 -> 649650 | CH26: =(CF26/'Finance Only'!B29)*100 -> #DIV/0! | CI26: =CJ25 -> 0 | CK26: =CJ26-CI26 -> 0 | CL26: =CK26-CK25 -> 0 | CM26: =(CK26/'Finance Only'!B29)*100 -> #DIV/0! | CN26: =CO25 -> 0 | CP26: =CO26-CN26 -> 0 | CQ26: =CP26-CP25 -> 0 | CR26: =(CP26/'Finance Only'!B29)*100 -> #DIV/0! | CS26: =CT25 -> 0 | CU26: =CT26-CS26 -> 0 | CV26: =CU26-CU25 -> 0 | CW26: =(CU26/'Finance Only'!B29)*100 -> #DIV/0! | CX26: =CY25 -> 0 | CZ26: =CY26-CX26 -> 0 | DA26: =CZ26-CZ25 -> 0 | DB26: =(CZ26/'Finance Only'!B29)*100 -> #DIV/0! | DC26: =DD25 -> 0 | DE26: =DD26-DC26 -> 0 | DF26: =DE26-DE25 -> 0 | DG26: =(DE26/'Finance Only'!B29)*100 -> #DIV/0! | DH26: =DI25 -> 0 | DJ26: =DI26-DH26 -> 0 | DK26: =DJ26-DJ25 -> 0 | DL26: =(DJ26/'Finance Only'!B29)*100 -> #DIV/0! | DM26: =DN25 -> 0 | DO26: =DN26-DM26 -> 0 | DP26: =DO26-DO25 -> 0 | DQ26: =(DO26/'Finance Only'!B29)*100 -> #DIV/0! | DR26: =DS25 -> 0 | DT26: =DS26-DR26 -> 0 | DU26: =DT26-DT25 -> 0 | DV26: =(DT26/'Finance Only'!B29)*100 -> #DIV/0! | DW26: =DX25 -> 0 | DY26: =DX26-DW26 -> 0 | DZ26: =DY26-DY25 -> 0 | EA26: =(DY26/'Finance Only'!B29)*100 -> #DIV/0! | EB26: =EC25 -> 0 | ED26: =EC26-EB26 -> 0 | EE26: =ED26-ED25 -> 0 | EF26: =(ED26/'Finance Only'!B29)*100 -> #DIV/0! | EG26: =EH25 -> 0 | EI26: =EH26-EG26 -> 0 | EJ26: =EI26-EI25 -> 0 | EK26: =(EI26/'Finance Only'!B29)*100 -> #DIV/0! | EL26: =EM25 -> 0 | EN26: =EM26-EL26 -> 0 | EO26: =EN26-EN25 -> 0 | EP26: =(EN26/'Finance Only'!B29)*100 -> #DIV/0! | EQ26: =ER25 -> 0 | ES26: =ER26-EQ26 -> 0 | ET26: =ES26-ES25 -> 0 | EU26: =(ES26/'Finance Only'!B29)*100 -> #DIV/0!
A27: 23 | B27: =C26 -> 0 | D27: =C27-B27 -> 0 | E27: =D27-D26 -> 0 | F27: =(D27/'Finance Only'!B30)*100 -> #DIV/0! | G27: =H26 -> 0 | I27: =H27-G27 -> 0 | J27: =I27-I26 -> 0 | K27: =(I27/'Finance Only'!B30)*100 -> #DIV/0! | L27: =M26 -> 0 | N27: =M27-L27 -> 0 | O27: =N27-N26 -> 0 | P27: =(N27/'Finance Only'!B30)*100 -> #DIV/0! | Q27: =R26 -> 0 | S27: =R27-Q27 -> 0 | T27: =S27-S26 -> 0 | U27: =(S27/'Finance Only'!B30)*100 -> #DIV/0! | V27: =W26 -> 0 | X27: =W27-V27 -> 0 | Y27: =X27-X26 -> 0 | Z27: =(X27/'Finance Only'!B30)*100 -> #DIV/0! | AA27: =AB26 -> 0 | AC27: =AB27-AA27 -> 0 | AD27: =AC27-AC26 -> 0 | AE27: =(AC27/'Finance Only'!B30)*100 -> #DIV/0! | AF27: =AG26 -> 0 | AH27: =AG27-AF27 -> 0 | AI27: =AH27-AH26 -> 0 | AJ27: =(AH27/'Finance Only'!B30)*100 -> #DIV/0! | AK27: =AL26 -> 0 | AM27: =AL27-AK27 -> 0 | AN27: =AM27-AM26 -> 0 | AO27: =(AM27/'Finance Only'!B30)*100 -> #DIV/0! | AP27: =AQ26 -> 0 | AR27: =AQ27-AP27 -> 0 | AS27: =AR27-AR26 -> 0 | AT27: =(AR27/'Finance Only'!B30)*100 -> #DIV/0! | AU27: =AV26 -> 0 | AW27: =AV27-AU27 -> 0 | AX27: =AW27-AW26 -> 0 | AY27: =(AW27/'Finance Only'!B30)*100 -> #DIV/0! | AZ27: =BA26 -> 0 | BB27: =BA27-AZ27 -> 0 | BC27: =BB27-BB26 -> 648320 | BD27: =(BB27/'Finance Only'!B30)*100 -> #DIV/0! | BE27: =BF26 -> 0 | BG27: =BF27-BE27 -> 0 | BH27: =BG27-BG26 -> 0 | BI27: =(BG27/'Finance Only'!B30)*100 -> #DIV/0! | BJ27: =BK26 -> 0 | BL27: =BK27-BJ27 -> 0 | BM27: =BL27-BL26 -> 0 | BN27: =(BL27/'Finance Only'!B30)*100 -> #DIV/0! | BO27: =BP26 -> 0 | BQ27: =BP27-BO27 -> 0 | BR27: =BQ27-BQ26 -> 629790 | BS27: =(BQ27/'Finance Only'!B30)*100 -> #DIV/0! | BT27: =BU26 -> 0 | BV27: =BU27-BT27 -> 0 | BW27: =BV27-BV26 -> 0 | BX27: =(BV27/'Finance Only'!B30)*100 -> #DIV/0! | BY27: =BZ26 -> 0 | CA27: =BZ27-BY27 -> 0 | CB27: =CA27-CA26 -> 0 | CC27: =(CA27/'Finance Only'!B30)*100 -> #DIV/0! | CD27: =CE26 -> 0 | CF27: =CE27-CD27 -> 0 | CG27: =CF27-CF26 -> 0 | CH27: =(CF27/'Finance Only'!B30)*100 -> #DIV/0! | CI27: =CJ26 -> 0 | CK27: =CJ27-CI27 -> 0 | CL27: =CK27-CK26 -> 0 | CM27: =(CK27/'Finance Only'!B30)*100 -> #DIV/0! | CN27: =CO26 -> 0 | CP27: =CO27-CN27 -> 0 | CQ27: =CP27-CP26 -> 0 | CR27: =(CP27/'Finance Only'!B30)*100 -> #DIV/0! | CS27: =CT26 -> 0 | CU27: =CT27-CS27 -> 0 | CV27: =CU27-CU26 -> 0 | CW27: =(CU27/'Finance Only'!B30)*100 -> #DIV/0! | CX27: =CY26 -> 0 | CZ27: =CY27-CX27 -> 0 | DA27: =CZ27-CZ26 -> 0 | DB27: =(CZ27/'Finance Only'!B30)*100 -> #DIV/0! | DC27: =DD26 -> 0 | DE27: =DD27-DC27 -> 0 | DF27: =DE27-DE26 -> 0 | DG27: =(DE27/'Finance Only'!B30)*100 -> #DIV/0! | DH27: =DI26 -> 0 | DJ27: =DI27-DH27 -> 0 | DK27: =DJ27-DJ26 -> 0 | DL27: =(DJ27/'Finance Only'!B30)*100 -> #DIV/0! | DM27: =DN26 -> 0 | DO27: =DN27-DM27 -> 0 | DP27: =DO27-DO26 -> 0 | DQ27: =(DO27/'Finance Only'!B30)*100 -> #DIV/0! | DR27: =DS26 -> 0 | DT27: =DS27-DR27 -> 0 | DU27: =DT27-DT26 -> 0 | DV27: =(DT27/'Finance Only'!B30)*100 -> #DIV/0! | DW27: =DX26 -> 0 | DY27: =DX27-DW27 -> 0 | DZ27: =DY27-DY26 -> 0 | EA27: =(DY27/'Finance Only'!B30)*100 -> #DIV/0! | EB27: =EC26 -> 0 | ED27: =EC27-EB27 -> 0 | EE27: =ED27-ED26 -> 0 | EF27: =(ED27/'Finance Only'!B30)*100 -> #DIV/0! | EG27: =EH26 -> 0 | EI27: =EH27-EG27 -> 0 | EJ27: =EI27-EI26 -> 0 | EK27: =(EI27/'Finance Only'!B30)*100 -> #DIV/0! | EL27: =EM26 -> 0 | EN27: =EM27-EL27 -> 0 | EO27: =EN27-EN26 -> 0 | EP27: =(EN27/'Finance Only'!B30)*100 -> #DIV/0! | EQ27: =ER26 -> 0 | ES27: =ER27-EQ27 -> 0 | ET27: =ES27-ES26 -> 0 | EU27: =(ES27/'Finance Only'!B30)*100 -> #DIV/0!
A28: 24 | B28: =C27 -> 0 | D28: =C28-B28 -> 0 | E28: =D28-D27 -> 0 | F28: =(D28/'Finance Only'!B31)*100 -> #DIV/0! | G28: =H27 -> 0 | I28: =H28-G28 -> 0 | J28: =I28-I27 -> 0 | K28: =(I28/'Finance Only'!B31)*100 -> #DIV/0! | L28: =M27 -> 0 | N28: =M28-L28 -> 0 | O28: =N28-N27 -> 0 | P28: =(N28/'Finance Only'!B31)*100 -> #DIV/0! | Q28: =R27 -> 0 | S28: =R28-Q28 -> 0 | T28: =S28-S27 -> 0 | U28: =(S28/'Finance Only'!B31)*100 -> #DIV/0! | V28: =W27 -> 0 | X28: =W28-V28 -> 0 | Y28: =X28-X27 -> 0 | Z28: =(X28/'Finance Only'!B31)*100 -> #DIV/0! | AA28: =AB27 -> 0 | AC28: =AB28-AA28 -> 0 | AD28: =AC28-AC27 -> 0 | AE28: =(AC28/'Finance Only'!B31)*100 -> #DIV/0! | AF28: =AG27 -> 0 | AH28: =AG28-AF28 -> 0 | AI28: =AH28-AH27 -> 0 | AJ28: =(AH28/'Finance Only'!B31)*100 -> #DIV/0! | AK28: =AL27 -> 0 | AM28: =AL28-AK28 -> 0 | AN28: =AM28-AM27 -> 0 | AO28: =(AM28/'Finance Only'!B31)*100 -> #DIV/0! | AP28: =AQ27 -> 0 | AR28: =AQ28-AP28 -> 0 | AS28: =AR28-AR27 -> 0 | AT28: =(AR28/'Finance Only'!B31)*100 -> #DIV/0! | AU28: =AV27 -> 0 | AW28: =AV28-AU28 -> 0 | AX28: =AW28-AW27 -> 0 | AY28: =(AW28/'Finance Only'!B31)*100 -> #DIV/0! | AZ28: =BA27 -> 0 | BB28: =BA28-AZ28 -> 0 | BC28: =BB28-BB27 -> 0 | BD28: =(BB28/'Finance Only'!B31)*100 -> #DIV/0! | BE28: =BF27 -> 0 | BG28: =BF28-BE28 -> 0 | BH28: =BG28-BG27 -> 0 | BI28: =(BG28/'Finance Only'!B31)*100 -> #DIV/0! | BJ28: =BK27 -> 0 | BL28: =BK28-BJ28 -> 0 | BM28: =BL28-BL27 -> 0 | BN28: =(BL28/'Finance Only'!B31)*100 -> #DIV/0! | BO28: =BP27 -> 0 | BQ28: =BP28-BO28 -> 0 | BR28: =BQ28-BQ27 -> 0 | BS28: =(BQ28/'Finance Only'!B31)*100 -> #DIV/0! | BT28: =BU27 -> 0 | BV28: =BU28-BT28 -> 0 | BW28: =BV28-BV27 -> 0 | BX28: =(BV28/'Finance Only'!B31)*100 -> #DIV/0! | BY28: =BZ27 -> 0 | CA28: =BZ28-BY28 -> 0 | CB28: =CA28-CA27 -> 0 | CC28: =(CA28/'Finance Only'!B31)*100 -> #DIV/0! | CD28: =CE27 -> 0 | CF28: =CE28-CD28 -> 0 | CG28: =CF28-CF27 -> 0 | CH28: =(CF28/'Finance Only'!B31)*100 -> #DIV/0! | CI28: =CJ27 -> 0 | CK28: =CJ28-CI28 -> 0 | CL28: =CK28-CK27 -> 0 | CM28: =(CK28/'Finance Only'!B31)*100 -> #DIV/0! | CN28: =CO27 -> 0 | CP28: =CO28-CN28 -> 0 | CQ28: =CP28-CP27 -> 0 | CR28: =(CP28/'Finance Only'!B31)*100 -> #DIV/0! | CS28: =CT27 -> 0 | CU28: =CT28-CS28 -> 0 | CV28: =CU28-CU27 -> 0 | CW28: =(CU28/'Finance Only'!B31)*100 -> #DIV/0! | CX28: =CY27 -> 0 | CZ28: =CY28-CX28 -> 0 | DA28: =CZ28-CZ27 -> 0 | DB28: =(CZ28/'Finance Only'!B31)*100 -> #DIV/0! | DC28: =DD27 -> 0 | DE28: =DD28-DC28 -> 0 | DF28: =DE28-DE27 -> 0 | DG28: =(DE28/'Finance Only'!B31)*100 -> #DIV/0! | DH28: =DI27 -> 0 | DJ28: =DI28-DH28 -> 0 | DK28: =DJ28-DJ27 -> 0 | DL28: =(DJ28/'Finance Only'!B31)*100 -> #DIV/0! | DM28: =DN27 -> 0 | DO28: =DN28-DM28 -> 0 | DP28: =DO28-DO27 -> 0 | DQ28: =(DO28/'Finance Only'!B31)*100 -> #DIV/0! | DR28: =DS27 -> 0 | DT28: =DS28-DR28 -> 0 | DU28: =DT28-DT27 -> 0 | DV28: =(DT28/'Finance Only'!B31)*100 -> #DIV/0! | DW28: =DX27 -> 0 | DY28: =DX28-DW28 -> 0 | DZ28: =DY28-DY27 -> 0 | EA28: =(DY28/'Finance Only'!B31)*100 -> #DIV/0! | EB28: =EC27 -> 0 | ED28: =EC28-EB28 -> 0 | EE28: =ED28-ED27 -> 0 | EF28: =(ED28/'Finance Only'!B31)*100 -> #DIV/0! | EG28: =EH27 -> 0 | EI28: =EH28-EG28 -> 0 | EJ28: =EI28-EI27 -> 0 | EK28: =(EI28/'Finance Only'!B31)*100 -> #DIV/0! | EL28: =EM27 -> 0 | EN28: =EM28-EL28 -> 0 | EO28: =EN28-EN27 -> 0 | EP28: =(EN28/'Finance Only'!B31)*100 -> #DIV/0! | EQ28: =ER27 -> 0 | ES28: =ER28-EQ28 -> 0 | ET28: =ES28-ES27 -> 0 | EU28: =(ES28/'Finance Only'!B31)*100 -> #DIV/0!
A29: 25 | B29: =C28 -> 0 | D29: =C29-B29 -> 0 | E29: =D29-D28 -> 0 | F29: =(D29/'Finance Only'!B32)*100 -> #DIV/0! | G29: =H28 -> 0 | I29: =H29-G29 -> 0 | J29: =I29-I28 -> 0 | K29: =(I29/'Finance Only'!B32)*100 -> #DIV/0! | L29: =M28 -> 0 | N29: =M29-L29 -> 0 | O29: =N29-N28 -> 0 | P29: =(N29/'Finance Only'!B32)*100 -> #DIV/0! | Q29: =R28 -> 0 | S29: =R29-Q29 -> 0 | T29: =S29-S28 -> 0 | U29: =(S29/'Finance Only'!B32)*100 -> #DIV/0! | V29: =W28 -> 0 | X29: =W29-V29 -> 0 | Y29: =X29-X28 -> 0 | Z29: =(X29/'Finance Only'!B32)*100 -> #DIV/0! | AA29: =AB28 -> 0 | AC29: =AB29-AA29 -> 0 | AD29: =AC29-AC28 -> 0 | AE29: =(AC29/'Finance Only'!B32)*100 -> #DIV/0! | AF29: =AG28 -> 0 | AH29: =AG29-AF29 -> 0 | AI29: =AH29-AH28 -> 0 | AJ29: =(AH29/'Finance Only'!B32)*100 -> #DIV/0! | AK29: =AL28 -> 0 | AM29: =AL29-AK29 -> 0 | AN29: =AM29-AM28 -> 0 | AO29: =(AM29/'Finance Only'!B32)*100 -> #DIV/0! | AP29: =AQ28 -> 0 | AR29: =AQ29-AP29 -> 0 | AS29: =AR29-AR28 -> 0 | AT29: =(AR29/'Finance Only'!B32)*100 -> #DIV/0! | AU29: =AV28 -> 0 | AW29: =AV29-AU29 -> 0 | AX29: =AW29-AW28 -> 0 | AY29: =(AW29/'Finance Only'!B32)*100 -> #DIV/0! | AZ29: =BA28 -> 0 | BB29: =BA29-AZ29 -> 0 | BC29: =BB29-BB28 -> 0 | BD29: =(BB29/'Finance Only'!B32)*100 -> #DIV/0! | BE29: =BF28 -> 0 | BG29: =BF29-BE29 -> 0 | BH29: =BG29-BG28 -> 0 | BI29: =(BG29/'Finance Only'!B32)*100 -> #DIV/0! | BJ29: =BK28 -> 0 | BL29: =BK29-BJ29 -> 0 | BM29: =BL29-BL28 -> 0 | BN29: =(BL29/'Finance Only'!B32)*100 -> #DIV/0! | BO29: =BP28 -> 0 | BQ29: =BP29-BO29 -> 0 | BR29: =BQ29-BQ28 -> 0 | BS29: =(BQ29/'Finance Only'!B32)*100 -> #DIV/0! | BT29: =BU28 -> 0 | BV29: =BU29-BT29 -> 0 | BW29: =BV29-BV28 -> 0 | BX29: =(BV29/'Finance Only'!B32)*100 -> #DIV/0! | BY29: =BZ28 -> 0 | CA29: =BZ29-BY29 -> 0 | CB29: =CA29-CA28 -> 0 | CC29: =(CA29/'Finance Only'!B32)*100 -> #DIV/0! | CD29: =CE28 -> 0 | CF29: =CE29-CD29 -> 0 | CG29: =CF29-CF28 -> 0 | CH29: =(CF29/'Finance Only'!B32)*100 -> #DIV/0! | CI29: =CJ28 -> 0 | CK29: =CJ29-CI29 -> 0 | CL29: =CK29-CK28 -> 0 | CM29: =(CK29/'Finance Only'!B32)*100 -> #DIV/0! | CN29: =CO28 -> 0 | CP29: =CO29-CN29 -> 0 | CQ29: =CP29-CP28 -> 0 | CR29: =(CP29/'Finance Only'!B32)*100 -> #DIV/0! | CS29: =CT28 -> 0 | CU29: =CT29-CS29 -> 0 | CV29: =CU29-CU28 -> 0 | CW29: =(CU29/'Finance Only'!B32)*100 -> #DIV/0! | CX29: =CY28 -> 0 | CZ29: =CY29-CX29 -> 0 | DA29: =CZ29-CZ28 -> 0 | DB29: =(CZ29/'Finance Only'!B32)*100 -> #DIV/0! | DC29: =DD28 -> 0 | DE29: =DD29-DC29 -> 0 | DF29: =DE29-DE28 -> 0 | DG29: =(DE29/'Finance Only'!B32)*100 -> #DIV/0! | DH29: =DI28 -> 0 | DJ29: =DI29-DH29 -> 0 | DK29: =DJ29-DJ28 -> 0 | DL29: =(DJ29/'Finance Only'!B32)*100 -> #DIV/0! | DM29: =DN28 -> 0 | DO29: =DN29-DM29 -> 0 | DP29: =DO29-DO28 -> 0 | DQ29: =(DO29/'Finance Only'!B32)*100 -> #DIV/0! | DR29: =DS28 -> 0 | DT29: =DS29-DR29 -> 0 | DU29: =DT29-DT28 -> 0 | DV29: =(DT29/'Finance Only'!B32)*100 -> #DIV/0! | DW29: =DX28 -> 0 | DY29: =DX29-DW29 -> 0 | DZ29: =DY29-DY28 -> 0 | EA29: =(DY29/'Finance Only'!B32)*100 -> #DIV/0! | EB29: =EC28 -> 0 | ED29: =EC29-EB29 -> 0 | EE29: =ED29-ED28 -> 0 | EF29: =(ED29/'Finance Only'!B32)*100 -> #DIV/0! | EG29: =EH28 -> 0 | EI29: =EH29-EG29 -> 0 | EJ29: =EI29-EI28 -> 0 | EK29: =(EI29/'Finance Only'!B32)*100 -> #DIV/0! | EL29: =EM28 -> 0 | EN29: =EM29-EL29 -> 0 | EO29: =EN29-EN28 -> 0 | EP29: =(EN29/'Finance Only'!B32)*100 -> #DIV/0! | EQ29: =ER28 -> 0 | ES29: =ER29-EQ29 -> 0 | ET29: =ES29-ES28 -> 0 | EU29: =(ES29/'Finance Only'!B32)*100 -> #DIV/0!
A30: 26 | B30: =C29 -> 0 | D30: =C30-B30 -> 0 | E30: =D30-D29 -> 0 | F30: =(D30/'Finance Only'!B33)*100 -> #DIV/0! | G30: =H29 -> 0 | I30: =H30-G30 -> 0 | J30: =I30-I29 -> 0 | K30: =(I30/'Finance Only'!B33)*100 -> #DIV/0! | L30: =M29 -> 0 | N30: =M30-L30 -> 0 | O30: =N30-N29 -> 0 | P30: =(N30/'Finance Only'!B33)*100 -> #DIV/0! | Q30: =R29 -> 0 | S30: =R30-Q30 -> 0 | T30: =S30-S29 -> 0 | U30: =(S30/'Finance Only'!B33)*100 -> #DIV/0! | V30: =W29 -> 0 | X30: =W30-V30 -> 0 | Y30: =X30-X29 -> 0 | Z30: =(X30/'Finance Only'!B33)*100 -> #DIV/0! | AA30: =AB29 -> 0 | AC30: =AB30-AA30 -> 0 | AD30: =AC30-AC29 -> 0 | AE30: =(AC30/'Finance Only'!B33)*100 -> #DIV/0! | AF30: =AG29 -> 0 | AH30: =AG30-AF30 -> 0 | AI30: =AH30-AH29 -> 0 | AJ30: =(AH30/'Finance Only'!B33)*100 -> #DIV/0! | AK30: =AL29 -> 0 | AM30: =AL30-AK30 -> 0 | AN30: =AM30-AM29 -> 0 | AO30: =(AM30/'Finance Only'!B33)*100 -> #DIV/0! | AP30: =AQ29 -> 0 | AR30: =AQ30-AP30 -> 0 | AS30: =AR30-AR29 -> 0 | AT30: =(AR30/'Finance Only'!B33)*100 -> #DIV/0! | AU30: =AV29 -> 0 | AW30: =AV30-AU30 -> 0 | AX30: =AW30-AW29 -> 0 | AY30: =(AW30/'Finance Only'!B33)*100 -> #DIV/0! | AZ30: =BA29 -> 0 | BB30: =BA30-AZ30 -> 0 | BC30: =BB30-BB29 -> 0 | BD30: =(BB30/'Finance Only'!B33)*100 -> #DIV/0! | BE30: =BF29 -> 0 | BG30: =BF30-BE30 -> 0 | BH30: =BG30-BG29 -> 0 | BI30: =(BG30/'Finance Only'!B33)*100 -> #DIV/0! | BJ30: =BK29 -> 0 | BL30: =BK30-BJ30 -> 0 | BM30: =BL30-BL29 -> 0 | BN30: =(BL30/'Finance Only'!B33)*100 -> #DIV/0! | BO30: =BP29 -> 0 | BQ30: =BP30-BO30 -> 0 | BR30: =BQ30-BQ29 -> 0 | BS30: =(BQ30/'Finance Only'!B33)*100 -> #DIV/0! | BT30: =BU29 -> 0 | BV30: =BU30-BT30 -> 0 | BW30: =BV30-BV29 -> 0 | BX30: =(BV30/'Finance Only'!B33)*100 -> #DIV/0! | BY30: =BZ29 -> 0 | CA30: =BZ30-BY30 -> 0 | CB30: =CA30-CA29 -> 0 | CC30: =(CA30/'Finance Only'!B33)*100 -> #DIV/0! | CD30: =CE29 -> 0 | CF30: =CE30-CD30 -> 0 | CG30: =CF30-CF29 -> 0 | CH30: =(CF30/'Finance Only'!B33)*100 -> #DIV/0! | CI30: =CJ29 -> 0 | CK30: =CJ30-CI30 -> 0 | CL30: =CK30-CK29 -> 0 | CM30: =(CK30/'Finance Only'!B33)*100 -> #DIV/0! | CN30: =CO29 -> 0 | CP30: =CO30-CN30 -> 0 | CQ30: =CP30-CP29 -> 0 | CR30: =(CP30/'Finance Only'!B33)*100 -> #DIV/0! | CS30: =CT29 -> 0 | CU30: =CT30-CS30 -> 0 | CV30: =CU30-CU29 -> 0 | CW30: =(CU30/'Finance Only'!B33)*100 -> #DIV/0! | CX30: =CY29 -> 0 | CZ30: =CY30-CX30 -> 0 | DA30: =CZ30-CZ29 -> 0 | DB30: =(CZ30/'Finance Only'!B33)*100 -> #DIV/0! | DC30: =DD29 -> 0 | DE30: =DD30-DC30 -> 0 | DF30: =DE30-DE29 -> 0 | DG30: =(DE30/'Finance Only'!B33)*100 -> #DIV/0! | DH30: =DI29 -> 0 | DJ30: =DI30-DH30 -> 0 | DK30: =DJ30-DJ29 -> 0 | DL30: =(DJ30/'Finance Only'!B33)*100 -> #DIV/0! | DM30: =DN29 -> 0 | DO30: =DN30-DM30 -> 0 | DP30: =DO30-DO29 -> 0 | DQ30: =(DO30/'Finance Only'!B33)*100 -> #DIV/0! | DR30: =DS29 -> 0 | DT30: =DS30-DR30 -> 0 | DU30: =DT30-DT29 -> 0 | DV30: =(DT30/'Finance Only'!B33)*100 -> #DIV/0! | DW30: =DX29 -> 0 | DY30: =DX30-DW30 -> 0 | DZ30: =DY30-DY29 -> 0 | EA30: =(DY30/'Finance Only'!B33)*100 -> #DIV/0! | EB30: =EC29 -> 0 | ED30: =EC30-EB30 -> 0 | EE30: =ED30-ED29 -> 0 | EF30: =(ED30/'Finance Only'!B33)*100 -> #DIV/0! | EG30: =EH29 -> 0 | EI30: =EH30-EG30 -> 0 | EJ30: =EI30-EI29 -> 0 | EK30: =(EI30/'Finance Only'!B33)*100 -> #DIV/0! | EL30: =EM29 -> 0 | EN30: =EM30-EL30 -> 0 | EO30: =EN30-EN29 -> 0 | EP30: =(EN30/'Finance Only'!B33)*100 -> #DIV/0! | EQ30: =ER29 -> 0 | ES30: =ER30-EQ30 -> 0 | ET30: =ES30-ES29 -> 0 | EU30: =(ES30/'Finance Only'!B33)*100 -> #DIV/0!
A31: 27 | B31: =C30 -> 0 | D31: =C31-B31 -> 0 | E31: =D31-D30 -> 0 | F31: =(D31/'Finance Only'!B34)*100 -> #DIV/0! | G31: =H30 -> 0 | I31: =H31-G31 -> 0 | J31: =I31-I30 -> 0 | K31: =(I31/'Finance Only'!B34)*100 -> #DIV/0! | L31: =M30 -> 0 | N31: =M31-L31 -> 0 | O31: =N31-N30 -> 0 | P31: =(N31/'Finance Only'!B34)*100 -> #DIV/0! | Q31: =R30 -> 0 | S31: =R31-Q31 -> 0 | T31: =S31-S30 -> 0 | U31: =(S31/'Finance Only'!B34)*100 -> #DIV/0! | V31: =W30 -> 0 | X31: =W31-V31 -> 0 | Y31: =X31-X30 -> 0 | Z31: =(X31/'Finance Only'!B34)*100 -> #DIV/0! | AA31: =AB30 -> 0 | AC31: =AB31-AA31 -> 0 | AD31: =AC31-AC30 -> 0 | AE31: =(AC31/'Finance Only'!B34)*100 -> #DIV/0! | AF31: =AG30 -> 0 | AH31: =AG31-AF31 -> 0 | AI31: =AH31-AH30 -> 0 | AJ31: =(AH31/'Finance Only'!B34)*100 -> #DIV/0! | AK31: =AL30 -> 0 | AM31: =AL31-AK31 -> 0 | AN31: =AM31-AM30 -> 0 | AO31: =(AM31/'Finance Only'!B34)*100 -> #DIV/0! | AP31: =AQ30 -> 0 | AR31: =AQ31-AP31 -> 0 | AS31: =AR31-AR30 -> 0 | AT31: =(AR31/'Finance Only'!B34)*100 -> #DIV/0! | AU31: =AV30 -> 0 | AW31: =AV31-AU31 -> 0 | AX31: =AW31-AW30 -> 0 | AY31: =(AW31/'Finance Only'!B34)*100 -> #DIV/0! | AZ31: =BA30 -> 0 | BB31: =BA31-AZ31 -> 0 | BC31: =BB31-BB30 -> 0 | BD31: =(BB31/'Finance Only'!B34)*100 -> #DIV/0! | BE31: =BF30 -> 0 | BG31: =BF31-BE31 -> 0 | BH31: =BG31-BG30 -> 0 | BI31: =(BG31/'Finance Only'!B34)*100 -> #DIV/0! | BJ31: =BK30 -> 0 | BL31: =BK31-BJ31 -> 0 | BM31: =BL31-BL30 -> 0 | BN31: =(BL31/'Finance Only'!B34)*100 -> #DIV/0! | BO31: =BP30 -> 0 | BQ31: =BP31-BO31 -> 0 | BR31: =BQ31-BQ30 -> 0 | BS31: =(BQ31/'Finance Only'!B34)*100 -> #DIV/0! | BT31: =BU30 -> 0 | BV31: =BU31-BT31 -> 0 | BW31: =BV31-BV30 -> 0 | BX31: =(BV31/'Finance Only'!B34)*100 -> #DIV/0! | BY31: =BZ30 -> 0 | CA31: =BZ31-BY31 -> 0 | CB31: =CA31-CA30 -> 0 | CC31: =(CA31/'Finance Only'!B34)*100 -> #DIV/0! | CD31: =CE30 -> 0 | CF31: =CE31-CD31 -> 0 | CG31: =CF31-CF30 -> 0 | CH31: =(CF31/'Finance Only'!B34)*100 -> #DIV/0! | CI31: =CJ30 -> 0 | CK31: =CJ31-CI31 -> 0 | CL31: =CK31-CK30 -> 0 | CM31: =(CK31/'Finance Only'!B34)*100 -> #DIV/0! | CN31: =CO30 -> 0 | CP31: =CO31-CN31 -> 0 | CQ31: =CP31-CP30 -> 0 | CR31: =(CP31/'Finance Only'!B34)*100 -> #DIV/0! | CS31: =CT30 -> 0 | CU31: =CT31-CS31 -> 0 | CV31: =CU31-CU30 -> 0 | CW31: =(CU31/'Finance Only'!B34)*100 -> #DIV/0! | CX31: =CY30 -> 0 | CZ31: =CY31-CX31 -> 0 | DA31: =CZ31-CZ30 -> 0 | DB31: =(CZ31/'Finance Only'!B34)*100 -> #DIV/0! | DC31: =DD30 -> 0 | DE31: =DD31-DC31 -> 0 | DF31: =DE31-DE30 -> 0 | DG31: =(DE31/'Finance Only'!B34)*100 -> #DIV/0! | DH31: =DI30 -> 0 | DJ31: =DI31-DH31 -> 0 | DK31: =DJ31-DJ30 -> 0 | DL31: =(DJ31/'Finance Only'!B34)*100 -> #DIV/0! | DM31: =DN30 -> 0 | DO31: =DN31-DM31 -> 0 | DP31: =DO31-DO30 -> 0 | DQ31: =(DO31/'Finance Only'!B34)*100 -> #DIV/0! | DR31: =DS30 -> 0 | DT31: =DS31-DR31 -> 0 | DU31: =DT31-DT30 -> 0 | DV31: =(DT31/'Finance Only'!B34)*100 -> #DIV/0! | DW31: =DX30 -> 0 | DY31: =DX31-DW31 -> 0 | DZ31: =DY31-DY30 -> 0 | EA31: =(DY31/'Finance Only'!B34)*100 -> #DIV/0! | EB31: =EC30 -> 0 | ED31: =EC31-EB31 -> 0 | EE31: =ED31-ED30 -> 0 | EF31: =(ED31/'Finance Only'!B34)*100 -> #DIV/0! | EG31: =EH30 -> 0 | EI31: =EH31-EG31 -> 0 | EJ31: =EI31-EI30 -> 0 | EK31: =(EI31/'Finance Only'!B34)*100 -> #DIV/0! | EL31: =EM30 -> 0 | EN31: =EM31-EL31 -> 0 | EO31: =EN31-EN30 -> 0 | EP31: =(EN31/'Finance Only'!B34)*100 -> #DIV/0! | EQ31: =ER30 -> 0 | ES31: =ER31-EQ31 -> 0 | ET31: =ES31-ES30 -> 0 | EU31: =(ES31/'Finance Only'!B34)*100 -> #DIV/0!
A32: 28 | B32: =C31 -> 0 | D32: =C32-B32 -> 0 | E32: =D32-D31 -> 0 | F32: =(D32/'Finance Only'!B35)*100 -> #DIV/0! | G32: =H31 -> 0 | I32: =H32-G32 -> 0 | J32: =I32-I31 -> 0 | K32: =(I32/'Finance Only'!B35)*100 -> #DIV/0! | L32: =M31 -> 0 | N32: =M32-L32 -> 0 | O32: =N32-N31 -> 0 | P32: =(N32/'Finance Only'!B35)*100 -> #DIV/0! | Q32: =R31 -> 0 | S32: =R32-Q32 -> 0 | T32: =S32-S31 -> 0 | U32: =(S32/'Finance Only'!B35)*100 -> #DIV/0! | V32: =W31 -> 0 | X32: =W32-V32 -> 0 | Y32: =X32-X31 -> 0 | Z32: =(X32/'Finance Only'!B35)*100 -> #DIV/0! | AA32: =AB31 -> 0 | AC32: =AB32-AA32 -> 0 | AD32: =AC32-AC31 -> 0 | AE32: =(AC32/'Finance Only'!B35)*100 -> #DIV/0! | AF32: =AG31 -> 0 | AH32: =AG32-AF32 -> 0 | AI32: =AH32-AH31 -> 0 | AJ32: =(AH32/'Finance Only'!B35)*100 -> #DIV/0! | AK32: =AL31 -> 0 | AM32: =AL32-AK32 -> 0 | AN32: =AM32-AM31 -> 0 | AO32: =(AM32/'Finance Only'!B35)*100 -> #DIV/0! | AP32: =AQ31 -> 0 | AR32: =AQ32-AP32 -> 0 | AS32: =AR32-AR31 -> 0 | AT32: =(AR32/'Finance Only'!B35)*100 -> #DIV/0! | AU32: =AV31 -> 0 | AW32: =AV32-AU32 -> 0 | AX32: =AW32-AW31 -> 0 | AY32: =(AW32/'Finance Only'!B35)*100 -> #DIV/0! | AZ32: =BA31 -> 0 | BB32: =BA32-AZ32 -> 0 | BC32: =BB32-BB31 -> 0 | BD32: =(BB32/'Finance Only'!B35)*100 -> #DIV/0! | BE32: =BF31 -> 0 | BG32: =BF32-BE32 -> 0 | BH32: =BG32-BG31 -> 0 | BI32: =(BG32/'Finance Only'!B35)*100 -> #DIV/0! | BJ32: =BK31 -> 0 | BL32: =BK32-BJ32 -> 0 | BM32: =BL32-BL31 -> 0 | BN32: =(BL32/'Finance Only'!B35)*100 -> #DIV/0! | BO32: =BP31 -> 0 | BQ32: =BP32-BO32 -> 0 | BR32: =BQ32-BQ31 -> 0 | BS32: =(BQ32/'Finance Only'!B35)*100 -> #DIV/0! | BT32: =BU31 -> 0 | BV32: =BU32-BT32 -> 0 | BW32: =BV32-BV31 -> 0 | BX32: =(BV32/'Finance Only'!B35)*100 -> #DIV/0! | BY32: =BZ31 -> 0 | CA32: =BZ32-BY32 -> 0 | CB32: =CA32-CA31 -> 0 | CC32: =(CA32/'Finance Only'!B35)*100 -> #DIV/0! | CD32: =CE31 -> 0 | CF32: =CE32-CD32 -> 0 | CG32: =CF32-CF31 -> 0 | CH32: =(CF32/'Finance Only'!B35)*100 -> #DIV/0! | CI32: =CJ31 -> 0 | CK32: =CJ32-CI32 -> 0 | CL32: =CK32-CK31 -> 0 | CM32: =(CK32/'Finance Only'!B35)*100 -> #DIV/0! | CN32: =CO31 -> 0 | CP32: =CO32-CN32 -> 0 | CQ32: =CP32-CP31 -> 0 | CR32: =(CP32/'Finance Only'!B35)*100 -> #DIV/0! | CS32: =CT31 -> 0 | CU32: =CT32-CS32 -> 0 | CV32: =CU32-CU31 -> 0 | CW32: =(CU32/'Finance Only'!B35)*100 -> #DIV/0! | CX32: =CY31 -> 0 | CZ32: =CY32-CX32 -> 0 | DA32: =CZ32-CZ31 -> 0 | DB32: =(CZ32/'Finance Only'!B35)*100 -> #DIV/0! | DC32: =DD31 -> 0 | DE32: =DD32-DC32 -> 0 | DF32: =DE32-DE31 -> 0 | DG32: =(DE32/'Finance Only'!B35)*100 -> #DIV/0! | DH32: =DI31 -> 0 | DJ32: =DI32-DH32 -> 0 | DK32: =DJ32-DJ31 -> 0 | DL32: =(DJ32/'Finance Only'!B35)*100 -> #DIV/0! | DM32: =DN31 -> 0 | DO32: =DN32-DM32 -> 0 | DP32: =DO32-DO31 -> 0 | DQ32: =(DO32/'Finance Only'!B35)*100 -> #DIV/0! | DR32: =DS31 -> 0 | DT32: =DS32-DR32 -> 0 | DU32: =DT32-DT31 -> 0 | DV32: =(DT32/'Finance Only'!B35)*100 -> #DIV/0! | DW32: =DX31 -> 0 | DY32: =DX32-DW32 -> 0 | DZ32: =DY32-DY31 -> 0 | EA32: =(DY32/'Finance Only'!B35)*100 -> #DIV/0! | EB32: =EC31 -> 0 | ED32: =EC32-EB32 -> 0 | EE32: =ED32-ED31 -> 0 | EF32: =(ED32/'Finance Only'!B35)*100 -> #DIV/0! | EG32: =EH31 -> 0 | EI32: =EH32-EG32 -> 0 | EJ32: =EI32-EI31 -> 0 | EK32: =(EI32/'Finance Only'!B35)*100 -> #DIV/0! | EL32: =EM31 -> 0 | EN32: =EM32-EL32 -> 0 | EO32: =EN32-EN31 -> 0 | EP32: =(EN32/'Finance Only'!B35)*100 -> #DIV/0! | EQ32: =ER31 -> 0 | ES32: =ER32-EQ32 -> 0 | ET32: =ES32-ES31 -> 0 | EU32: =(ES32/'Finance Only'!B35)*100 -> #DIV/0!
A33: 29 | B33: =C32 -> 0 | D33: =C33-B33 -> 0 | E33: =D33-D32 -> 0 | F33: =(D33/'Finance Only'!B36)*100 -> #DIV/0! | G33: =H32 -> 0 | I33: =H33-G33 -> 0 | J33: =I33-I32 -> 0 | K33: =(I33/'Finance Only'!B36)*100 -> #DIV/0! | L33: =M32 -> 0 | N33: =M33-L33 -> 0 | O33: =N33-N32 -> 0 | P33: =(N33/'Finance Only'!B36)*100 -> #DIV/0! | Q33: =R32 -> 0 | S33: =R33-Q33 -> 0 | T33: =S33-S32 -> 0 | U33: =(S33/'Finance Only'!B36)*100 -> #DIV/0! | V33: =W32 -> 0 | X33: =W33-V33 -> 0 | Y33: =X33-X32 -> 0 | Z33: =(X33/'Finance Only'!B36)*100 -> #DIV/0! | AA33: =AB32 -> 0 | AC33: =AB33-AA33 -> 0 | AD33: =AC33-AC32 -> 0 | AE33: =(AC33/'Finance Only'!B36)*100 -> #DIV/0! | AF33: =AG32 -> 0 | AH33: =AG33-AF33 -> 0 | AI33: =AH33-AH32 -> 0 | AJ33: =(AH33/'Finance Only'!B36)*100 -> #DIV/0! | AK33: =AL32 -> 0 | AM33: =AL33-AK33 -> 0 | AN33: =AM33-AM32 -> 0 | AO33: =(AM33/'Finance Only'!B36)*100 -> #DIV/0! | AP33: =AQ32 -> 0 | AR33: =AQ33-AP33 -> 0 | AS33: =AR33-AR32 -> 0 | AT33: =(AR33/'Finance Only'!B36)*100 -> #DIV/0! | AU33: =AV32 -> 0 | AW33: =AV33-AU33 -> 0 | AX33: =AW33-AW32 -> 0 | AY33: =(AW33/'Finance Only'!B36)*100 -> #DIV/0! | AZ33: =BA32 -> 0 | BB33: =BA33-AZ33 -> 0 | BC33: =BB33-BB32 -> 0 | BD33: =(BB33/'Finance Only'!B36)*100 -> #DIV/0! | BE33: =BF32 -> 0 | BG33: =BF33-BE33 -> 0 | BH33: =BG33-BG32 -> 0 | BI33: =(BG33/'Finance Only'!B36)*100 -> #DIV/0! | BJ33: =BK32 -> 0 | BL33: =BK33-BJ33 -> 0 | BM33: =BL33-BL32 -> 0 | BN33: =(BL33/'Finance Only'!B36)*100 -> #DIV/0! | BO33: =BP32 -> 0 | BQ33: =BP33-BO33 -> 0 | BR33: =BQ33-BQ32 -> 0 | BS33: =(BQ33/'Finance Only'!B36)*100 -> #DIV/0! | BT33: =BU32 -> 0 | BV33: =BU33-BT33 -> 0 | BW33: =BV33-BV32 -> 0 | BX33: =(BV33/'Finance Only'!B36)*100 -> #DIV/0! | BY33: =BZ32 -> 0 | CA33: =BZ33-BY33 -> 0 | CB33: =CA33-CA32 -> 0 | CC33: =(CA33/'Finance Only'!B36)*100 -> #DIV/0! | CD33: =CE32 -> 0 | CF33: =CE33-CD33 -> 0 | CG33: =CF33-CF32 -> 0 | CH33: =(CF33/'Finance Only'!B36)*100 -> #DIV/0! | CI33: =CJ32 -> 0 | CK33: =CJ33-CI33 -> 0 | CL33: =CK33-CK32 -> 0 | CM33: =(CK33/'Finance Only'!B36)*100 -> #DIV/0! | CN33: =CO32 -> 0 | CP33: =CO33-CN33 -> 0 | CQ33: =CP33-CP32 -> 0 | CR33: =(CP33/'Finance Only'!B36)*100 -> #DIV/0! | CS33: =CT32 -> 0 | CU33: =CT33-CS33 -> 0 | CV33: =CU33-CU32 -> 0 | CW33: =(CU33/'Finance Only'!B36)*100 -> #DIV/0! | CX33: =CY32 -> 0 | CZ33: =CY33-CX33 -> 0 | DA33: =CZ33-CZ32 -> 0 | DB33: =(CZ33/'Finance Only'!B36)*100 -> #DIV/0! | DC33: =DD32 -> 0 | DE33: =DD33-DC33 -> 0 | DF33: =DE33-DE32 -> 0 | DG33: =(DE33/'Finance Only'!B36)*100 -> #DIV/0! | DH33: =DI32 -> 0 | DJ33: =DI33-DH33 -> 0 | DK33: =DJ33-DJ32 -> 0 | DL33: =(DJ33/'Finance Only'!B36)*100 -> #DIV/0! | DM33: =DN32 -> 0 | DO33: =DN33-DM33 -> 0 | DP33: =DO33-DO32 -> 0 | DQ33: =(DO33/'Finance Only'!B36)*100 -> #DIV/0! | DR33: =DS32 -> 0 | DT33: =DS33-DR33 -> 0 | DU33: =DT33-DT32 -> 0 | DV33: =(DT33/'Finance Only'!B36)*100 -> #DIV/0! | DW33: =DX32 -> 0 | DY33: =DX33-DW33 -> 0 | DZ33: =DY33-DY32 -> 0 | EA33: =(DY33/'Finance Only'!B36)*100 -> #DIV/0! | EB33: =EC32 -> 0 | ED33: =EC33-EB33 -> 0 | EE33: =ED33-ED32 -> 0 | EF33: =(ED33/'Finance Only'!B36)*100 -> #DIV/0! | EG33: =EH32 -> 0 | EI33: =EH33-EG33 -> 0 | EJ33: =EI33-EI32 -> 0 | EK33: =(EI33/'Finance Only'!B36)*100 -> #DIV/0! | EL33: =EM32 -> 0 | EN33: =EM33-EL33 -> 0 | EO33: =EN33-EN32 -> 0 | EP33: =(EN33/'Finance Only'!B36)*100 -> #DIV/0! | EQ33: =ER32 -> 0 | ES33: =ER33-EQ33 -> 0 | ET33: =ES33-ES32 -> 0 | EU33: =(ES33/'Finance Only'!B36)*100 -> #DIV/0!
A34: 30 | B34: =C33 -> 0 | D34: =C34-B34 -> 0 | E34: =D34-D33 -> 0 | F34: =(D34/'Finance Only'!B37)*100 -> #DIV/0! | G34: =H33 -> 0 | I34: =H34-G34 -> 0 | J34: =I34-I33 -> 0 | K34: =(I34/'Finance Only'!B37)*100 -> #DIV/0! | L34: =M33 -> 0 | N34: =M34-L34 -> 0 | O34: =N34-N33 -> 0 | P34: =(N34/'Finance Only'!B37)*100 -> #DIV/0! | Q34: =R33 -> 0 | S34: =R34-Q34 -> 0 | T34: =S34-S33 -> 0 | U34: =(S34/'Finance Only'!B37)*100 -> #DIV/0! | V34: =W33 -> 0 | X34: =W34-V34 -> 0 | Y34: =X34-X33 -> 0 | Z34: =(X34/'Finance Only'!B37)*100 -> #DIV/0! | AA34: =AB33 -> 0 | AC34: =AB34-AA34 -> 0 | AD34: =AC34-AC33 -> 0 | AE34: =(AC34/'Finance Only'!B37)*100 -> #DIV/0! | AF34: =AG33 -> 0 | AH34: =AG34-AF34 -> 0 | AI34: =AH34-AH33 -> 0 | AJ34: =(AH34/'Finance Only'!B37)*100 -> #DIV/0! | AK34: =AL33 -> 0 | AM34: =AL34-AK34 -> 0 | AN34: =AM34-AM33 -> 0 | AO34: =(AM34/'Finance Only'!B37)*100 -> #DIV/0! | AP34: =AQ33 -> 0 | AR34: =AQ34-AP34 -> 0 | AS34: =AR34-AR33 -> 0 | AT34: =(AR34/'Finance Only'!B37)*100 -> #DIV/0! | AU34: =AV33 -> 0 | AW34: =AV34-AU34 -> 0 | AX34: =AW34-AW33 -> 0 | AY34: =(AW34/'Finance Only'!B37)*100 -> #DIV/0! | AZ34: =BA33 -> 0 | BB34: =BA34-AZ34 -> 0 | BC34: =BB34-BB33 -> 0 | BD34: =(BB34/'Finance Only'!B37)*100 -> #DIV/0! | BE34: =BF33 -> 0 | BG34: =BF34-BE34 -> 0 | BH34: =BG34-BG33 -> 0 | BI34: =(BG34/'Finance Only'!B37)*100 -> #DIV/0! | BJ34: =BK33 -> 0 | BL34: =BK34-BJ34 -> 0 | BM34: =BL34-BL33 -> 0 | BN34: =(BL34/'Finance Only'!B37)*100 -> #DIV/0! | BO34: =BP33 -> 0 | BQ34: =BP34-BO34 -> 0 | BR34: =BQ34-BQ33 -> 0 | BS34: =(BQ34/'Finance Only'!B37)*100 -> #DIV/0! | BT34: =BU33 -> 0 | BV34: =BU34-BT34 -> 0 | BW34: =BV34-BV33 -> 0 | BX34: =(BV34/'Finance Only'!B37)*100 -> #DIV/0! | BY34: =BZ33 -> 0 | CA34: =BZ34-BY34 -> 0 | CB34: =CA34-CA33 -> 0 | CC34: =(CA34/'Finance Only'!B37)*100 -> #DIV/0! | CD34: =CE33 -> 0 | CF34: =CE34-CD34 -> 0 | CG34: =CF34-CF33 -> 0 | CH34: =(CF34/'Finance Only'!B37)*100 -> #DIV/0! | CI34: =CJ33 -> 0 | CK34: =CJ34-CI34 -> 0 | CL34: =CK34-CK33 -> 0 | CM34: =(CK34/'Finance Only'!B37)*100 -> #DIV/0! | CN34: =CO33 -> 0 | CP34: =CO34-CN34 -> 0 | CQ34: =CP34-CP33 -> 0 | CR34: =(CP34/'Finance Only'!B37)*100 -> #DIV/0! | CS34: =CT33 -> 0 | CU34: =CT34-CS34 -> 0 | CV34: =CU34-CU33 -> 0 | CW34: =(CU34/'Finance Only'!B37)*100 -> #DIV/0! | CX34: =CY33 -> 0 | CZ34: =CY34-CX34 -> 0 | DA34: =CZ34-CZ33 -> 0 | DB34: =(CZ34/'Finance Only'!B37)*100 -> #DIV/0! | DC34: =DD33 -> 0 | DE34: =DD34-DC34 -> 0 | DF34: =DE34-DE33 -> 0 | DG34: =(DE34/'Finance Only'!B37)*100 -> #DIV/0! | DH34: =DI33 -> 0 | DJ34: =DI34-DH34 -> 0 | DK34: =DJ34-DJ33 -> 0 | DL34: =(DJ34/'Finance Only'!B37)*100 -> #DIV/0! | DM34: =DN33 -> 0 | DO34: =DN34-DM34 -> 0 | DP34: =DO34-DO33 -> 0 | DQ34: =(DO34/'Finance Only'!B37)*100 -> #DIV/0! | DR34: =DS33 -> 0 | DT34: =DS34-DR34 -> 0 | DU34: =DT34-DT33 -> 0 | DV34: =(DT34/'Finance Only'!B37)*100 -> #DIV/0! | DW34: =DX33 -> 0 | DY34: =DX34-DW34 -> 0 | DZ34: =DY34-DY33 -> 0 | EA34: =(DY34/'Finance Only'!B37)*100 -> #DIV/0! | EB34: =EC33 -> 0 | ED34: =EC34-EB34 -> 0 | EE34: =ED34-ED33 -> 0 | EF34: =(ED34/'Finance Only'!B37)*100 -> #DIV/0! | EG34: =EH33 -> 0 | EI34: =EH34-EG34 -> 0 | EJ34: =EI34-EI33 -> 0 | EK34: =(EI34/'Finance Only'!B37)*100 -> #DIV/0! | EL34: =EM33 -> 0 | EN34: =EM34-EL34 -> 0 | EO34: =EN34-EN33 -> 0 | EP34: =(EN34/'Finance Only'!B37)*100 -> #DIV/0! | EQ34: =ER33 -> 0 | ES34: =ER34-EQ34 -> 0 | ET34: =ES34-ES33 -> 0 | EU34: =(ES34/'Finance Only'!B37)*100 -> #DIV/0!
A35: Total | D35: =SUM(D5:D34) -> -25532712 | I35: =SUM(I5:I34) -> -22576918 | N35: =SUM(N5:N34) -> -85421095 | S35: =SUM(S5:S34) -> -1966900 | X35: =SUM(X5:X34) -> -2662097 | AC35: =SUM(AC5:AC34) -> -1618900 | AH35: =SUM(AH5:AH34) -> -734522 | AM35: =SUM(AM5:AM34) -> -7600100 | AR35: =SUM(AR5:AR34) -> -1732600 | AW35: =SUM(AW5:AW34) -> -494210 | BB35: =SUM(BB5:BB34) -> -628570 | BG35: =SUM(BG5:BG34) -> -725910 | BL35: =SUM(BL5:BL34) -> -1136100 | BQ35: =SUM(BQ5:BQ34) -> -596350 | BV35: =SUM(BV5:BV34) -> -457080 | CA35: =SUM(CA5:CA34) -> -1326100 | CF35: =SUM(CF5:CF34) -> -626490 | CK35: =SUM(CK5:CK34) -> -29873 | CP35: =SUM(CP5:CP34) -> -23966 | CU35: =SUM(CU5:CU34) -> -21609 | CZ35: =SUM(CZ5:CZ34) -> -33989 | DE35: =SUM(DE5:DE34) -> -25598 | DJ35: =SUM(DJ5:DJ34) -> -24150 | DO35: =SUM(DO5:DO34) -> -16546 | DT35: =SUM(DT5:DT34) -> -44409 | DY35: =SUM(DY5:DY34) -> -32323 | ED35: =SUM(ED5:ED34) -> -97564 | EI35: =SUM(EI5:EI34) -> -77254 | EN35: =SUM(EN5:EN34) -> -16706 | ES35: =SUM(ES5:ES34) -> -202860

Sheet WATER
A1: RO Plant Water Production Reading | Z1: Water Consumption by locations
A3: Month | C3: 44317 | Z3: Date: | AD3: 44299
A4: R/O Plant A | F4: R/O Plant B | K4: R/O Plant C | P4: R/O Plant D | U4: Total Production | Z4: Laundry | AD4: Staff Block - E0 | AG4: Staff Block - E1 | AJ4: Staff Block - E2 | AM4: Staff Block - E3 | AP4: Staff Block - E4 | AS4: Staff Block - E5 | AV4: Management Block | AY4: PC Block | BB4: GM Bungalow | BE4: Boat Dock | BH4: Supply Jetty | BK4: Main Kitchen | BN4: Day Facility | BQ4: Reception | BT4: Main Pool | BW4: Dive Center | BZ4: Albarakthu | CC4: Blu Resturant | CF4: Main Jetty | CI4: Landaa Estate
A5: DAY | B5: YESTARDAY | C5: TODAY | D5: Production (M3) | F5: DAY | G5: YESTARDAY | H5: TODAY | I5: Production (M3) | K5: DAY | L5: YESTARDAY | M5: TODAY | N5: Production (M3) | P5: DAY | Q5: YESTARDAY | R5: TODAY | S5: Production (M3) | U5: Day | V5: Water | W5: Occ% | X5: ADR $ | Z5: DAY | AA5: Yesterday | AB5: Today | AC5: Usage | AD5: Yesterday | AE5: Today | AF5: Usage | AG5: Yesterday | AH5: Today | AI5: Usage | AJ5: Yesterday | AK5: Today | AL5: Usage | AM5: Yesterday | AN5: Today | AO5: Usage | AP5: Yesterday | AQ5: Today | AR5: Usage | AS5: Yesterday | AT5: Today | AU5: Usage | AV5: Yesterday | AW5: Today | AX5: Usage | AY5: Yesterday | AZ5: Today | BA5: Usage | BB5: Yesterday | BC5: Today | BD5: Usage | BE5: Yesterday | BF5: Today | BG5: Usage | BH5: Yesterday | BI5: Today | BJ5: Usage | BK5: Yesterday | BL5: Today | BM5: Usage | BN5: Yesterday | BO5: Today | BP5: Usage | BQ5: Yesterday | BR5: Today | BS5: Usage | BT5: Yesterday | BU5: Today | BV5: Usage | BW5: Yesterday | BX5: Today | BY5: Usage | BZ5: Yesterday | CA5: Today | CB5: Usage | CC5: Yesterday | CD5: Today | CE5: Usage | CF5: Yesterday | CG5: Today | CH5: Usage | CI5: Yesterday | CJ5: Today | CK5: Usage
A6: 1 | B6: 6146 | C6: 6264 | D6: 34 | F6: 1 | G6: 3418 | H6: 3418 | I6: =H6-G6 -> 0 | K6: 1 | L6: 735063 | M6: 735257 | N6: =M6-L6 -> 194 | P6: 1 | Q6: 201811 | R6: 201874 | S6: =R6-Q6 -> 63 | U6: 1 | V6: =SUM(S6+N6+I6+D6) -> 291 | W6: ='Maldives at LG Daily'!I5 -> 45 | Z6: 1 | AA6: 35804 | AB6: 35824 | AC6: =AB6-AA6 -> 20 | AD6: 7532 | AE6: 7544 | AF6: =AE6-AD6 -> 12 | AG6: 5202 | AH6: 5202 | AI6: =AH6-AG6 -> 0 | AJ6: 13166 | AK6: 13179 | AL6: =AK6-AJ6 -> 13 | AM6: 31413 | AN6: 31421 | AO6: =AN6-AM6 -> 8 | AP6: 5604 | AQ6: 5610 | AR6: =AQ6-AP6 -> 6 | AS6: 21244 | AT6: 21256 | AU6: =AT6-AS6 -> 12 | AV6: 5509 | AW6: 5516 | AX6: =AW6-AV6 -> 7 | AY6: 3242 | AZ6: 3243 | BA6: =AZ6-AY6 -> 1 | BB6: 1505 | BC6: 1506 | BD6: =BC6-BB6 -> 1 | BE6: 26451 | BF6: 26451 | BG6: =BF6-BE6 -> 0 | BH6: 2261 | BI6: 2261 | BJ6: =BI6-BH6 -> 0 | BK6: 69860 | BL6: 69881 | BM6: =BL6-BK6 -> 21 | BN6: 22964 | BO6: 22967 | BP6: =BO6-BN6 -> 3 | BQ6: 12323 | BR6: 12323 | BS6: =BR6-BQ6 -> 0 | BT6: 16700 | BU6: 16708 | BV6: =BU6-BT6 -> 8 | BW6: 19209 | BX6: 19211 | BY6: =BX6-BW6 -> 2 | BZ6: 8202 | CA6: 8205 | CB6: =CA6-BZ6 -> 3 | CC6: 16920 | CD6: 16935 | CE6: =CD6-CC6 -> 15 | CF6: 1666 | CG6: 1667 | CH6: =CG6-CF6 -> 1 | CI6: 9286 | CJ6: 9292 | CK6: =CJ6-CI6 -> 6
A7: 2 | B7: =C6 -> 6264 | C7: 6386 | D7: =C7-B7 -> 122 | F7: 2 | G7: =H6 -> 3418 | H7: 3418 | I7: =H7-G7 -> 0 | K7: 2 | L7: =M6 -> 735257 | M7: 735453 | N7: =M7-L7 -> 196 | P7: 2 | Q7: =R6 -> 201874 | R7: 201917 | S7: =R7-Q7 -> 43 | U7: 2 | V7: =SUM(S7+N7+I7+D7) -> 361 | W7: ='Maldives at LG Daily'!I6 -> 48 | Z7: 2 | AA7: =AB6 -> 35824 | AB7: 35843 | AC7: =AB7-AA7 -> 19 | AD7: =AE6 -> 7544 | AE7: 7550 | AF7: =AE7-AD7 -> 6 | AG7: =AH6 -> 5202 | AH7: 5202 | AI7: =AH7-AG7 -> 0 | AJ7: =AK6 -> 13179 | AK7: 13193 | AL7: =AK7-AJ7 -> 14 | AM7: =AN6 -> 31421 | AN7: 31429 | AO7: =AN7-AM7 -> 8 | AP7: =AQ6 -> 5610 | AQ7: 5617 | AR7: =AQ7-AP7 -> 7 | AS7: =AT6 -> 21256 | AT7: 21268 | AU7: =AT7-AS7 -> 12 | AV7: =AW6 -> 5516 | AW7: 5523 | AX7: =AW7-AV7 -> 7 | AY7: =AZ6 -> 3243 | AZ7: 3244 | BA7: =AZ7-AY7 -> 1 | BB7: =BC6 -> 1506 | BC7: 1507 | BD7: =BC7-BB7 -> 1 | BE7: =BF6 -> 26451 | BF7: 26452 | BG7: =BF7-BE7 -> 1 | BH7: =BI6 -> 2261 | BI7: 2263 | BJ7: =BI7-BH7 -> 2 | BK7: =BL6 -> 69881 | BL7: 69904 | BM7: =BL7-BK7 -> 23 | BN7: =BO6 -> 22967 | BO7: 22970 | BP7: =BO7-BN7 -> 3 | BQ7: =BR6 -> 12323 | BR7: 12324 | BS7: =BR7-BQ7 -> 1 | BT7: =BU6 -> 16708 | BU7: 16714 | BV7: =BU7-BT7 -> 6 | BW7: =BX6 -> 19211 | BX7: 19214 | BY7: =BX7-BW7 -> 3 | BZ7: =CA6 -> 8205 | CA7: 8207 | CB7: =CA7-BZ7 -> 2 | CC7: =CD6 -> 16935 | CD7: 16951 | CE7: =CD7-CC7 -> 16 | CF7: =CG6 -> 1667 | CG7: 1669 | CH7: =CG7-CF7 -> 2 | CI7: =CJ6 -> 9292 | CJ7: 9297 | CK7: =CJ7-CI7 -> 5
A8: 3 | B8: =C7 -> 6386 | C8: 6499 | D8: =C8-B8 -> 113 | F8: 3 | G8: =H7 -> 3418 | H8: 3418 | I8: =H8-G8 -> 0 | K8: 3 | L8: =M7 -> 735453 | M8: 735645 | N8: =M8-L8 -> 192 | P8: 3 | Q8: =R7 -> 201917 | R8: 201997 | S8: =R8-Q8 -> 80 | U8: 3 | V8: =SUM(S8+N8+I8+D8) -> 385 | W8: ='Maldives at LG Daily'!I7 -> 34 | Z8: 3 | AA8: =AB7 -> 35843 | AB8: 35864 | AC8: =AB8-AA8 -> 21 | AD8: =AE7 -> 7550 | AE8: 7558 | AF8: =AE8-AD8 -> 8 | AG8: =AH7 -> 5202 | AH8: 5211 | AI8: =AH8-AG8 -> 9 | AJ8: =AK7 -> 13193 | AK8: 13207 | AL8: =AK8-AJ8 -> 14 | AM8: =AN7 -> 31429 | AN8: 31437 | AO8: =AN8-AM8 -> 8 | AP8: =AQ7 -> 5617 | AQ8: 5625 | AR8: =AQ8-AP8 -> 8 | AS8: =AT7 -> 21268 | AT8: 21280 | AU8: =AT8-AS8 -> 12 | AV8: =AW7 -> 5523 | AW8: 5531 | AX8: =AW8-AV8 -> 8 | AY8: =AZ7 -> 3244 | AZ8: 3246 | BA8: =AZ8-AY8 -> 2 | BB8: =BC7 -> 1507 | BC8: 1508 | BD8: =BC8-BB8 -> 1 | BE8: =BF7 -> 26452 | BF8: 26453 | BG8: =BF8-BE8 -> 1 | BH8: =BI7 -> 2263 | BI8: 2263 | BJ8: =BI8-BH8 -> 0 | BK8: =BL7 -> 69904 | BL8: 69926 | BM8: =BL8-BK8 -> 22 | BN8: =BO7 -> 22970 | BO8: 22972 | BP8: =BO8-BN8 -> 2 | BQ8: =BR7 -> 12324 | BR8: 12325 | BS8: =BR8-BQ8 -> 1 | BT8: =BU7 -> 16714 | BU8: 16721 | BV8: =BU8-BT8 -> 7 | BW8: =BX7 -> 19214 | BX8: 19217 | BY8: =BX8-BW8 -> 3 | BZ8: =CA7 -> 8207 | CA8: 8212 | CB8: =CA8-BZ8 -> 5 | CC8: =CD7 -> 16951 | CD8: 16967 | CE8: =CD8-CC8 -> 16 | CF8: =CG7 -> 1669 | CG8: 1670 | CH8: =CG8-CF8 -> 1 | CI8: =CJ7 -> 9297 | CJ8: 9304 | CK8: =CJ8-CI8 -> 7
A9: 4 | B9: =C8 -> 6499 | C9: 6555 | D9: =C9-B9 -> 56 | F9: 4 | G9: =H8 -> 3418 | H9: 3418 | I9: =H9-G9 -> 0 | K9: 4 | L9: =M8 -> 735645 | M9: 735857 | N9: =M9-L9 -> 212 | P9: 4 | Q9: =R8 -> 201997 | R9: 202097 | S9: =R9-Q9 -> 100 | U9: 4 | V9: =SUM(S9+N9+I9+D9) -> 368 | W9: ='Maldives at LG Daily'!I8 -> 54 | Z9: 4 | AA9: =AB8 -> 35864 | AB9: 35884 | AC9: =AB9-AA9 -> 20 | AD9: =AE8 -> 7558 | AE9: 7565 | AF9: =AE9-AD9 -> 7 | AG9: =AH8 -> 5211 | AH9: 5220 | AI9: =AH9-AG9 -> 9 | AJ9: =AK8 -> 13207 | AK9: 13221 | AL9: =AK9-AJ9 -> 14 | AM9: =AN8 -> 31437 | AN9: 31444 | AO9: =AN9-AM9 -> 7 | AP9: =AQ8 -> 5625 | AQ9: 5631 | AR9: =AQ9-AP9 -> 6 | AS9: =AT8 -> 21280 | AT9: 21292 | AU9: =AT9-AS9 -> 12 | AV9: =AW8 -> 5531 | AW9: 5538 | AX9: =AW9-AV9 -> 7 | AY9: =AZ8 -> 3246 | AZ9: 3247 | BA9: =AZ9-AY9 -> 1 | BB9: =BC8 -> 1508 | BC9: 1509 | BD9: =BC9-BB9 -> 1 | BE9: =BF8 -> 26453 | BF9: 26456 | BG9: =BF9-BE9 -> 3 | BH9: =BI8 -> 2263 | BI9: 2268 | BJ9: =BI9-BH9 -> 5 | BK9: =BL8 -> 69926 | BL9: 69951 | BM9: =BL9-BK9 -> 25 | BN9: =BO8 -> 22972 | BO9: 22974 | BP9: =BO9-BN9 -> 2 | BQ9: =BR8 -> 12325 | BR9: 12326 | BS9: =BR9-BQ9 -> 1 | BT9: =BU8 -> 16721 | BU9: 16726 | BV9: =BU9-BT9 -> 5 | BW9: =BX8 -> 19217 | BX9: 19219 | BY9: =BX9-BW9 -> 2 | BZ9: =CA8 -> 8212 | CA9: 8215 | CB9: =CA9-BZ9 -> 3 | CC9: =CD8 -> 16967 | CD9: 16982 | CE9: =CD9-CC9 -> 15 | CF9: =CG8 -> 1670 | CG9: 1672 | CH9: =CG9-CF9 -> 2 | CI9: =CJ8 -> 9304 | CJ9: 9311 | CK9: =CJ9-CI9 -> 7
A10: 5 | B10: =C9 -> 6555 | C10: 6681 | D10: =C10-B10 -> 126 | F10: 5 | G10: =H9 -> 3418 | H10: 3418 | I10: =H10-G10 -> 0 | K10: 5 | L10: =M9 -> 735857 | M10: 736049 | N10: =M10-L10 -> 192 | P10: 5 | Q10: =R9 -> 202097 | R10: 202135 | S10: =R10-Q10 -> 38 | U10: 5 | V10: =SUM(S10+N10+I10+D10) -> 356 | W10: ='Maldives at LG Daily'!I9 -> 53 | Z10: 5 | AA10: =AB9 -> 35884 | AB10: 35904 | AC10: =AB10-AA10 -> 20 | AD10: =AE9 -> 7565 | AE10: 7572 | AF10: =AE10-AD10 -> 7 | AG10: =AH9 -> 5220 | AH10: 5228 | AI10: =AH10-AG10 -> 8 | AJ10: =AK9 -> 13221 | AK10: 13233 | AL10: =AK10-AJ10 -> 12 | AM10: =AN9 -> 31444 | AN10: 31452 | AO10: =AN10-AM10 -> 8 | AP10: =AQ9 -> 5631 | AQ10: 5638 | AR10: =AQ10-AP10 -> 7 | AS10: =AT9 -> 21292 | AT10: 21305 | AU10: =AT10-AS10 -> 13 | AV10: =AW9 -> 5538 | AW10: 5546 | AX10: =AW10-AV10 -> 8 | AY10: =AZ9 -> 3247 | AZ10: 3248 | BA10: =AZ10-AY10 -> 1 | BB10: =BC9 -> 1509 | BC10: 1509 | BD10: =BC10-BB10 -> 0 | BE10: =BF9 -> 26456 | BF10: 26456 | BG10: =BF10-BE10 -> 0 | BH10: =BI9 -> 2268 | BI10: 2268 | BJ10: =BI10-BH10 -> 0 | BK10: =BL9 -> 69951 | BL10: 69976 | BM10: =BL10-BK10 -> 25 | BN10: =BO9 -> 22974 | BO10: 22977 | BP10: =BO10-BN10 -> 3 | BQ10: =BR9 -> 12326 | BR10: 12326 | BS10: =BR10-BQ10 -> 0 | BT10: =BU9 -> 16726 | BU10: 16727 | BV10: =BU10-BT10 -> 1 | BW10: =BX9 -> 19219 | BX10: 19222 | BY10: =BX10-BW10 -> 3 | BZ10: =CA9 -> 8215 | CA10: 8217 | CB10: =CA10-BZ10 -> 2 | CC10: =CD9 -> 16982 | CD10: 17000 | CE10: =CD10-CC10 -> 18 | CF10: =CG9 -> 1672 | CG10: 1673 | CH10: =CG10-CF10 -> 1 | CI10: =CJ9 -> 9311 | CJ10: 9317 | CK10: =CJ10-CI10 -> 6
A11: 6 | B11: =C10 -> 6681 | C11: 6783 | D11: =C11-B11 -> 102 | F11: 6 | G11: =H10 -> 3418 | H11: 3418 | I11: =H11-G11 -> 0 | K11: 6 | L11: =M10 -> 736049 | M11: 736237 | N11: =M11-L11 -> 188 | P11: 6 | Q11: =R10 -> 202135 | R11: 202224 | S11: =R11-Q11 -> 89 | U11: 6 | V11: =SUM(S11+N11+I11+D11) -> 379 | W11: ='Maldives at LG Daily'!I10 -> 45 | Z11: 6 | AA11: =AB10 -> 35904 | AB11: 35924 | AC11: =AB11-AA11 -> 20 | AD11: =AE10 -> 7572 | AE11: 7578 | AF11: =AE11-AD11 -> 6 | AG11: =AH10 -> 5228 | AH11: 5238 | AI11: =AH11-AG11 -> 10 | AJ11: =AK10 -> 13233 | AK11: 13244 | AL11: =AK11-AJ11 -> 11 | AM11: =AN10 -> 31452 | AN11: 31459 | AO11: =AN11-AM11 -> 7 | AP11: =AQ10 -> 5638 | AQ11: 5645 | AR11: =AQ11-AP11 -> 7 | AS11: =AT10 -> 21305 | AT11: 21317 | AU11: =AT11-AS11 -> 12 | AV11: =AW10 -> 5546 | AW11: 5553 | AX11: =AW11-AV11 -> 7 | AY11: =AZ10 -> 3248 | AZ11: 3249 | BA11: =AZ11-AY11 -> 1 | BB11: =BC10 -> 1509 | BC11: 1509 | BD11: =BC11-BB11 -> 0 | BE11: =BF10 -> 26456 | BF11: 26458 | BG11: =BF11-BE11 -> 2 | BH11: =BI10 -> 2268 | BI11: 2271 | BJ11: =BI11-BH11 -> 3 | BK11: =BL10 -> 69976 | BL11: 70000 | BM11: =BL11-BK11 -> 24 | BN11: =BO10 -> 22977 | BO11: 22979 | BP11: =BO11-BN11 -> 2 | BQ11: =BR10 -> 12326 | BR11: 12326 | BS11: =BR11-BQ11 -> 0 | BT11: =BU10 -> 16727 | BU11: 16751 | BV11: =BU11-BT11 -> 24 | BW11: =BX10 -> 19222 | BX11: 19225 | BY11: =BX11-BW11 -> 3 | BZ11: =CA10 -> 8217 | CA11: 8220 | CB11: =CA11-BZ11 -> 3 | CC11: =CD10 -> 17000 | CD11: 17020 | CE11: =CD11-CC11 -> 20 | CF11: =CG10 -> 1673 | CG11: 1678 | CH11: =CG11-CF11 -> 5 | CI11: =CJ10 -> 9317 | CJ11: 9325 | CK11: =CJ11-CI11 -> 8
A12: 7 | B12: =C11 -> 6783 | C12: 6907 | D12: =C12-B12 -> 124 | F12: 7 | G12: =H11 -> 3418 | H12: 3418 | I12: =H12-G12 -> 0 | K12: 7 | L12: =M11 -> 736237 | M12: 736435 | N12: =M12-L12 -> 198 | P12: 7 | Q12: =R11 -> 202224 | R12: 202319 | S12: =R12-Q12 -> 95 | U12: 7 | V12: =SUM(S12+N12+I12+D12) -> 417 | W12: ='Maldives at LG Daily'!I11 -> 48 | Z12: 7 | AA12: =AB11 -> 35924 | AB12: 35948 | AC12: =AB12-AA12 -> 24 | AD12: =AE11 -> 7578 | AE12: 7584 | AF12: =AE12-AD12 -> 6 | AG12: =AH11 -> 5238 | AH12: 5247 | AI12: =AH12-AG12 -> 9 | AJ12: =AK11 -> 13244 | AK12: 13257 | AL12: =AK12-AJ12 -> 13 | AM12: =AN11 -> 31459 | AN12: 31466 | AO12: =AN12-AM12 -> 7 | AP12: =AQ11 -> 5645 | AQ12: 5652 | AR12: =AQ12-AP12 -> 7 | AS12: =AT11 -> 21317 | AT12: 21329 | AU12: =AT12-AS12 -> 12 | AV12: =AW11 -> 5553 | AW12: 5560 | AX12: =AW12-AV12 -> 7 | AY12: =AZ11 -> 3249 | AZ12: 3250 | BA12: =AZ12-AY12 -> 1 | BB12: =BC11 -> 1509 | BC12: 1509 | BD12: =BC12-BB12 -> 0 | BE12: =BF11 -> 26458 | BF12: 26460 | BG12: =BF12-BE12 -> 2 | BH12: =BI11 -> 2271 | BI12: 2275 | BJ12: =BI12-BH12 -> 4 | BK12: =BL11 -> 70000 | BL12: 70025 | BM12: =BL12-BK12 -> 25 | BN12: =BO11 -> 22979 | BO12: 22981 | BP12: =BO12-BN12 -> 2 | BQ12: =BR11 -> 12326 | BR12: 12327 | BS12: =BR12-BQ12 -> 1 | BT12: =BU11 -> 16751 | BU12: 16764 | BV12: =BU12-BT12 -> 13 | BW12: =BX11 -> 19225 | BX12: 19228 | BY12: =BX12-BW12 -> 3 | BZ12: =CA11 -> 8220 | CA12: 8223 | CB12: =CA12-BZ12 -> 3 | CC12: =CD11 -> 17020 | CD12: 17044 | CE12: =CD12-CC12 -> 24 | CF12: =CG11 -> 1678 | CG12: 1680 | CH12: =CG12-CF12 -> 2 | CI12: =CJ11 -> 9325 | CJ12: 9335 | CK12: =CJ12-CI12 -> 10
A13: 8 | B13: =C12 -> 6907 | C13: 7001 | D13: =C13-B13 -> 94 | F13: 8 | G13: =H12 -> 3418 | H13: 3418 | I13: =H13-G13 -> 0 | K13: 8 | L13: =M12 -> 736435 | M13: 736627 | N13: =M13-L13 -> 192 | P13: 8 | Q13: =R12 -> 202319 | R13: 202423 | S13: =R13-Q13 -> 104 | U13: 8 | V13: =SUM(S13+N13+I13+D13) -> 390 | W13: ='Maldives at LG Daily'!I12 -> 47 | Z13: 8 | AA13: =AB12 -> 35948 | AB13: 35969 | AC13: =AB13-AA13 -> 21 | AD13: =AE12 -> 7584 | AE13: 7590 | AF13: =AE13-AD13 -> 6 | AG13: =AH12 -> 5247 | AH13: 5255 | AI13: =AH13-AG13 -> 8 | AJ13: =AK12 -> 13257 | AK13: 13270 | AL13: =AK13-AJ13 -> 13 | AM13: =AN12 -> 31466 | AN13: 31474 | AO13: =AN13-AM13 -> 8 | AP13: =AQ12 -> 5652 | AQ13: 5658 | AR13: =AQ13-AP13 -> 6 | AS13: =AT12 -> 21329 | AT13: 21340 | AU13: =AT13-AS13 -> 11 | AV13: =AW12 -> 5560 | AW13: 5568 | AX13: =AW13-AV13 -> 8 | AY13: =AZ12 -> 3250 | AZ13: 3251 | BA13: =AZ13-AY13 -> 1 | BB13: =BC12 -> 1509 | BC13: 1510 | BD13: =BC13-BB13 -> 1 | BE13: =BF12 -> 26460 | BF13: 26460 | BG13: =BF13-BE13 -> 0 | BH13: =BI12 -> 2275 | BI13: 2276 | BJ13: =BI13-BH13 -> 1 | BK13: =BL12 -> 70025 | BL13: 70048 | BM13: =BL13-BK13 -> 23 | BN13: =BO12 -> 22981 | BO13: 22984 | BP13: =BO13-BN13 -> 3 | BQ13: =BR12 -> 12327 | BR13: 12328 | BS13: =BR13-BQ13 -> 1 | BT13: =BU12 -> 16764 | BU13: 16775 | BV13: =BU13-BT13 -> 11 | BW13: =BX12 -> 19228 | BX13: 19230 | BY13: =BX13-BW13 -> 2 | BZ13: =CA12 -> 8223 | CA13: 8226 | CB13: =CA13-BZ13 -> 3 | CC13: =CD12 -> 17044 | CD13: 17061 | CE13: =CD13-CC13 -> 17 | CF13: =CG12 -> 1680 | CG13: 1682 | CH13: =CG13-CF13 -> 2 | CI13: =CJ12 -> 9335 | CJ13: 9343 | CK13: =CJ13-CI13 -> 8
A14: 9 | B14: =C13 -> 7001 | C14: 7109 | D14: =C14-B14 -> 108 | F14: 9 | G14: =H13 -> 3418 | H14: 3418 | I14: =H14-G14 -> 0 | K14: 9 | L14: =M13 -> 736627 | M14: 736822 | N14: =M14-L14 -> 195 | P14: 9 | Q14: =R13 -> 202423 | R14: 202501 | S14: =R14-Q14 -> 78 | U14: 9 | V14: =SUM(S14+N14+I14+D14) -> 381 | W14: ='Maldives at LG Daily'!I13 -> 47 | Z14: 9 | AA14: =AB13 -> 35969 | AB14: 35994 | AC14: =AB14-AA14 -> 25 | AD14: =AE13 -> 7590 | AE14: 7595 | AF14: =AE14-AD14 -> 5 | AG14: =AH13 -> 5255 | AH14: 5264 | AI14: =AH14-AG14 -> 9 | AJ14: =AK13 -> 13270 | AK14: 13283 | AL14: =AK14-AJ14 -> 13 | AM14: =AN13 -> 31474 | AN14: 31481 | AO14: =AN14-AM14 -> 7 | AP14: =AQ13 -> 5658 | AQ14: 5665 | AR14: =AQ14-AP14 -> 7 | AS14: =AT13 -> 21340 | AT14: 21351 | AU14: =AT14-AS14 -> 11 | AV14: =AW13 -> 5568 | AW14: 5575 | AX14: =AW14-AV14 -> 7 | AY14: =AZ13 -> 3251 | AZ14: 3252 | BA14: =AZ14-AY14 -> 1 | BB14: =BC13 -> 1510 | BC14: 1510 | BD14: =BC14-BB14 -> 0 | BE14: =BF13 -> 26460 | BF14: 26461 | BG14: =BF14-BE14 -> 1 | BH14: =BI13 -> 2276 | BI14: 2276 | BJ14: =BI14-BH14 -> 0 | BK14: =BL13 -> 70048 | BL14: 70074 | BM14: =BL14-BK14 -> 26 | BN14: =BO13 -> 22984 | BO14: 22986 | BP14: =BO14-BN14 -> 2 | BQ14: =BR13 -> 12328 | BR14: 12328 | BS14: =BR14-BQ14 -> 0 | BT14: =BU13 -> 16775 | BU14: 16781 | BV14: =BU14-BT14 -> 6 | BW14: =BX13 -> 19230 | BX14: 19232 | BY14: =BX14-BW14 -> 2 | BZ14: =CA13 -> 8226 | CA14: 8229 | CB14: =CA14-BZ14 -> 3 | CC14: =CD13 -> 17061 | CD14: 17076 | CE14: =CD14-CC14 -> 15 | CF14: =CG13 -> 1682 | CG14: 1685 | CH14: =CG14-CF14 -> 3 | CI14: =CJ13 -> 9343 | CJ14: 9354 | CK14: =CJ14-CI14 -> 11
A15: 10 | B15: =C14 -> 7109 | C15: 7195 | D15: =C15-B15 -> 86 | F15: 10 | G15: =H14 -> 3418 | H15: 3418 | I15: =H15-G15 -> 0 | K15: 10 | L15: =M14 -> 736822 | M15: 737006 | N15: =M15-L15 -> 184 | P15: 10 | Q15: =R14 -> 202501 | R15: 202584 | S15: =R15-Q15 -> 83 | U15: 10 | V15: =SUM(S15+N15+I15+D15) -> 353 | W15: ='Maldives at LG Daily'!I14 -> 46 | Z15: 10 | AA15: =AB14 -> 35994 | AB15: 36017 | AC15: =AB15-AA15 -> 23 | AD15: =AE14 -> 7595 | AE15: 7602 | AF15: =AE15-AD15 -> 7 | AG15: =AH14 -> 5264 | AH15: 5272 | AI15: =AH15-AG15 -> 8 | AJ15: =AK14 -> 13283 | AK15: 13296 | AL15: =AK15-AJ15 -> 13 | AM15: =AN14 -> 31481 | AN15: 31489 | AO15: =AN15-AM15 -> 8 | AP15: =AQ14 -> 5665 | AQ15: 5673 | AR15: =AQ15-AP15 -> 8 | AS15: =AT14 -> 21351 | AT15: 21363 | AU15: =AT15-AS15 -> 12 | AV15: =AW14 -> 5575 | AW15: 5582 | AX15: =AW15-AV15 -> 7 | AY15: =AZ14 -> 3252 | AZ15: 3253 | BA15: =AZ15-AY15 -> 1 | BB15: =BC14 -> 1510 | BC15: 1510 | BD15: =BC15-BB15 -> 0 | BE15: =BF14 -> 26461 | BF15: 26462 | BG15: =BF15-BE15 -> 1 | BH15: =BI14 -> 2276 | BI15: 2278 | BJ15: =BI15-BH15 -> 2 | BK15: =BL14 -> 70074 | BL15: 70098 | BM15: =BL15-BK15 -> 24 | BN15: =BO14 -> 22986 | BO15: 22989 | BP15: =BO15-BN15 -> 3 | BQ15: =BR14 -> 12328 | BR15: 12329 | BS15: =BR15-BQ15 -> 1 | BT15: =BU14 -> 16781 | BU15: 16791 | BV15: =BU15-BT15 -> 10 | BW15: =BX14 -> 19232 | BX15: 19234 | BY15: =BX15-BW15 -> 2 | BZ15: =CA14 -> 8229 | CA15: 8231 | CB15: =CA15-BZ15 -> 2 | CC15: =CD14 -> 17076 | CD15: 17093 | CE15: =CD15-CC15 -> 17 | CF15: =CG14 -> 1685 | CG15: 1686 | CH15: =CG15-CF15 -> 1 | CI15: =CJ14 -> 9354 | CJ15: 9362 | CK15: =CJ15-CI15 -> 8
A16: 11 | B16: =C15 -> 7195 | C16: 7295 | D16: =C16-B16 -> 100 | F16: 11 | G16: =H15 -> 3418 | H16: 3418 | I16: =H16-G16 -> 0 | K16: 11 | L16: =M15 -> 737006 | M16: 737209 | N16: =M16-L16 -> 203 | P16: 11 | Q16: =R15 -> 202584 | R16: 202668 | S16: =R16-Q16 -> 84 | U16: 11 | V16: =SUM(S16+N16+I16+D16) -> 387 | W16: ='Maldives at LG Daily'!I15 -> 46 | Z16: 11 | AA16: =AB15 -> 36017 | AB16: 36037 | AC16: =AB16-AA16 -> 20 | AD16: =AE15 -> 7602 | AE16: 7608 | AF16: =AE16-AD16 -> 6 | AG16: =AH15 -> 5272 | AH16: 5281 | AI16: =AH16-AG16 -> 9 | AJ16: =AK15 -> 13296 | AK16: 13309 | AL16: =AK16-AJ16 -> 13 | AM16: =AN15 -> 31489 | AN16: 31497 | AO16: =AN16-AM16 -> 8 | AP16: =AQ15 -> 5673 | AQ16: 5680 | AR16: =AQ16-AP16 -> 7 | AS16: =AT15 -> 21363 | AT16: 21373 | AU16: =AT16-AS16 -> 10 | AV16: =AW15 -> 5582 | AW16: 5590 | AX16: =AW16-AV16 -> 8 | AY16: =AZ15 -> 3253 | AZ16: 3254 | BA16: =AZ16-AY16 -> 1 | BB16: =BC15 -> 1510 | BC16: 1510 | BD16: =BC16-BB16 -> 0 | BE16: =BF15 -> 26462 | BF16: 26464 | BG16: =BF16-BE16 -> 2 | BH16: =BI15 -> 2278 | BI16: 2281 | BJ16: =BI16-BH16 -> 3 | BK16: =BL15 -> 70098 | BL16: 70120 | BM16: =BL16-BK16 -> 22 | BN16: =BO15 -> 22989 | BO16: 22991 | BP16: =BO16-BN16 -> 2 | BQ16: =BR15 -> 12329 | BR16: 12330 | BS16: =BR16-BQ16 -> 1 | BT16: =BU15 -> 16791 | BU16: 16798 | BV16: =BU16-BT16 -> 7 | BW16: =BX15 -> 19234 | BX16: 19237 | BY16: =BX16-BW16 -> 3 | BZ16: =CA15 -> 8231 | CA16: 8234 | CB16: =CA16-BZ16 -> 3 | CC16: =CD15 -> 17093 | CD16: 17107 | CE16: =CD16-CC16 -> 14 | CF16: =CG15 -> 1686 | CG16: 1689 | CH16: =CG16-CF16 -> 3 | CI16: =CJ15 -> 9362 | CJ16: 9375 | CK16: =CJ16-CI16 -> 13
A17: 12 | B17: =C16 -> 7295 | C17: 7366 | D17: =C17-B17 -> 71 | F17: 12 | G17: =H16 -> 3418 | H17: 3418 | I17: =H17-G17 -> 0 | K17: 12 | L17: =M16 -> 737209 | M17: 737404 | N17: =M17-L17 -> 195 | P17: 12 | Q17: =R16 -> 202668 | R17: 202730 | S17: =R17-Q17 -> 62 | U17: 12 | V17: =SUM(S17+N17+I17+D17) -> 328 | W17: ='Maldives at LG Daily'!I16 -> 45 | Z17: 12 | AA17: =AB16 -> 36037 | AB17: 36062 | AC17: =AB17-AA17 -> 25 | AD17: =AE16 -> 7608 | AE17: 7616 | AF17: =AE17-AD17 -> 8 | AG17: =AH16 -> 5281 | AH17: 5290 | AI17: =AH17-AG17 -> 9 | AJ17: =AK16 -> 13309 | AK17: 13323 | AL17: =AK17-AJ17 -> 14 | AM17: =AN16 -> 31497 | AN17: =31497+8 -> 31505 | AO17: =AN17-AM17 -> 8 | AP17: =AQ16 -> 5680 | AQ17: 5687 | AR17: =AQ17-AP17 -> 7 | AS17: =AT16 -> 21373 | AT17: 21385 | AU17: =AT17-AS17 -> 12 | AV17: =AW16 -> 5590 | AW17: 5599 | AX17: =AW17-AV17 -> 9 | AY17: =AZ16 -> 3254 | AZ17: 3254 | BA17: =AZ17-AY17 -> 0 | BB17: =BC16 -> 1510 | BC17: 1510 | BD17: =BC17-BB17 -> 0 | BE17: =BF16 -> 26464 | BF17: 26465 | BG17: =BF17-BE17 -> 1 | BH17: =BI16 -> 2281 | BI17: 2283 | BJ17: =BI17-BH17 -> 2 | BK17: =BL16 -> 70120 | BL17: 70144 | BM17: =BL17-BK17 -> 24 | BN17: =BO16 -> 22991 | BO17: 22994 | BP17: =BO17-BN17 -> 3 | BQ17: =BR16 -> 12330 | BR17: 12331 | BS17: =BR17-BQ17 -> 1 | BT17: =BU16 -> 16798 | BU17: 16798 | BV17: =BU17-BT17 -> 0 | BW17: =BX16 -> 19237 | BX17: 19240 | BY17: =BX17-BW17 -> 3 | BZ17: =CA16 -> 8234 | CA17: 8237 | CB17: =CA17-BZ17 -> 3 | CC17: =CD16 -> 17107 | CD17: 17115 | CE17: =CD17-CC17 -> 8 | CF17: =CG16 -> 1689 | CG17: 1691 | CH17: =CG17-CF17 -> 2 | CI17: =CJ16 -> 9375 | CJ17: 9385 | CK17: =CJ17-CI17 -> 10
A18: 13 | B18: =C17 -> 7366 | C18: 7476 | D18: =C18-B18 -> 110 | F18: 13 | G18: =H17 -> 3418 | H18: 3418 | I18: =H18-G18 -> 0 | K18: 13 | L18: =M17 -> 737404 | M18: 737609 | N18: =M18-L18 -> 205 | P18: 13 | Q18: =R17 -> 202730 | R18: 202823 | S18: =R18-Q18 -> 93 | U18: 13 | V18: =SUM(S18+N18+I18+D18) -> 408 | W18: ='Maldives at LG Daily'!I17 -> 48 | Z18: 13 | AA18: =AB17 -> 36062 | AB18: 36084 | AC18: =AB18-AA18 -> 22 | AD18: =AE17 -> 7616 | AE18: 7624 | AF18: =AE18-AD18 -> 8 | AG18: =AH17 -> 5290 | AH18: 5300 | AI18: =AH18-AG18 -> 10 | AJ18: =AK17 -> 13323 | AK18: 13336 | AL18: =AK18-AJ18 -> 13 | AM18: =AN17 -> 31505 | AN18: =31505+8 -> 31513 | AO18: =AN18-AM18 -> 8 | AP18: =AQ17 -> 5687 | AQ18: 5692 | AR18: =AQ18-AP18 -> 5 | AS18: =AT17 -> 21385 | AT18: 21397 | AU18: =AT18-AS18 -> 12 | AV18: =AW17 -> 5599 | AW18: 5608 | AX18: =AW18-AV18 -> 9 | AY18: =AZ17 -> 3254 | AZ18: 3255 | BA18: =AZ18-AY18 -> 1 | BB18: =BC17 -> 1510 | BC18: 1511 | BD18: =BC18-BB18 -> 1 | BE18: =BF17 -> 26465 | BF18: 26467 | BG18: =BF18-BE18 -> 2 | BH18: =BI17 -> 2283 | BI18: 2284 | BJ18: =BI18-BH18 -> 1 | BK18: =BL17 -> 70144 | BL18: 70168 | BM18: =BL18-BK18 -> 24 | BN18: =BO17 -> 22994 | BO18: 22997 | BP18: =BO18-BN18 -> 3 | BQ18: =BR17 -> 12331 | BR18: 12332 | BS18: =BR18-BQ18 -> 1 | BT18: =BU17 -> 16798 | BU18: 16803 | BV18: =BU18-BT18 -> 5 | BW18: =BX17 -> 19240 | BX18: 19243 | BY18: =BX18-BW18 -> 3 | BZ18: =CA17 -> 8237 | CA18: 8241 | CB18: =CA18-BZ18 -> 4 | CC18: =CD17 -> 17115 | CD18: 17159 | CE18: =CD18-CC18 -> 44 | CF18: =CG17 -> 1691 | CG18: 1691 | CH18: =CG18-CF18 -> 0 | CI18: =CJ17 -> 9385 | CJ18: 9390 | CK18: =CJ18-CI18 -> 5
A19: 14 | B19: =C18 -> 7476 | C19: 7570 | D19: =C19-B19 -> 94 | F19: 14 | G19: =H18 -> 3418 | H19: 3418 | I19: =H19-G19 -> 0 | K19: 14 | L19: =M18 -> 737609 | M19: 737795 | N19: =M19-L19 -> 186 | P19: 14 | Q19: =R18 -> 202823 | R19: 202907 | S19: =R19-Q19 -> 84 | U19: 14 | V19: =SUM(S19+N19+I19+D19) -> 364 | W19: ='Maldives at LG Daily'!I18 -> 46 | Z19: 14 | AA19: =AB18 -> 36084 | AB19: 36109 | AC19: =AB19-AA19 -> 25 | AD19: =AE18 -> 7624 | AE19: 7637 | AF19: =AE19-AD19 -> 13 | AG19: =AH18 -> 5300 | AH19: 5308 | AI19: =AH19-AG19 -> 8 | AJ19: =AK18 -> 13336 | AK19: 13349 | AL19: =AK19-AJ19 -> 13 | AM19: =AN18 -> 31513 | AN19: 31519 | AO19: =AN19-AM19 -> 6 | AP19: =AQ18 -> 5692 | AQ19: 5700 | AR19: =AQ19-AP19 -> 8 | AS19: =AT18 -> 21397 | AT19: 21409 | AU19: =AT19-AS19 -> 12 | AV19: =AW18 -> 5608 | AW19: 5616 | AX19: =AW19-AV19 -> 8 | AY19: =AZ18 -> 3255 | AZ19: 3257 | BA19: =AZ19-AY19 -> 2 | BB19: =BC18 -> 1511 | BC19: 1511 | BD19: =BC19-BB19 -> 0 | BE19: =BF18 -> 26467 | BF19: 26470 | BG19: =BF19-BE19 -> 3 | BH19: =BI18 -> 2284 | BI19: 2286 | BJ19: =BI19-BH19 -> 2 | BK19: =BL18 -> 70168 | BL19: 70191 | BM19: =BL19-BK19 -> 23 | BN19: =BO18 -> 22997 | BO19: 23000 | BP19: =BO19-BN19 -> 3 | BQ19: =BR18 -> 12332 | BR19: 12333 | BS19: =BR19-BQ19 -> 1 | BT19: =BU18 -> 16803 | BU19: 16803 | BV19: =BU19-BT19 -> 0 | BW19: =BX18 -> 19243 | BX19: 19246 | BY19: =BX19-BW19 -> 3 | BZ19: =CA18 -> 8241 | CA19: 8244 | CB19: =CA19-BZ19 -> 3 | CC19: =CD18 -> 17159 | CD19: 17190 | CE19: =CD19-CC19 -> 31 | CF19: =CG18 -> 1691 | CG19: 1693 | CH19: =CG19-CF19 -> 2 | CI19: =CJ18 -> 9390 | CJ19: 9394 | CK19: =CJ19-CI19 -> 4
A20: 15 | B20: =C19 -> 7570 | C20: 7605 | D20: =C20-B20 -> 35 | F20: 15 | G20: =H19 -> 3418 | H20: 3418 | I20: =H20-G20 -> 0 | K20: 15 | L20: =M19 -> 737795 | M20: 737998 | N20: =M20-L20 -> 203 | P20: 15 | Q20: =R19 -> 202907 | R20: 203000 | S20: =R20-Q20 -> 93 | U20: 15 | V20: =SUM(S20+N20+I20+D20) -> 331 | W20: ='Maldives at LG Daily'!I19 -> 41 | Z20: 15 | AA20: =AB19 -> 36109 | AB20: 36155 | AC20: =AB20-AA20 -> 46 | AD20: =AE19 -> 7637 | AE20: 7637 | AF20: =AE20-AD20 -> 0 | AG20: =AH19 -> 5308 | AH20: 5311 | AI20: =AH20-AG20 -> 3 | AJ20: =AK19 -> 13349 | AK20: 13349 | AL20: =AK20-AJ20 -> 0 | AM20: =AN19 -> 31519 | AN20: 31528 | AO20: =AN20-AM20 -> 9 | AP20: =AQ19 -> 5700 | AQ20: =5700+8 -> 5708 | AR20: =AQ20-AP20 -> 8 | AS20: =AT19 -> 21409 | AT20: =21409+10 -> 21419 | AU20: =AT20-AS20 -> 10 | AV20: =AW19 -> 5616 | AW20: 5618 | AX20: =AW20-AV20 -> 2 | AY20: =AZ19 -> 3257 | AZ20: 3258 | BA20: =AZ20-AY20 -> 1 | BB20: =BC19 -> 1511 | BC20: 1512 | BD20: =BC20-BB20 -> 1 | BE20: =BF19 -> 26470 | BF20: 26472 | BG20: =BF20-BE20 -> 2 | BH20: =BI19 -> 2286 | BI20: 2287 | BJ20: =BI20-BH20 -> 1 | BK20: =BL19 -> 70191 | BL20: 70213 | BM20: =BL20-BK20 -> 22 | BN20: =BO19 -> 23000 | BO20: =23000+3 -> 23003 | BP20: =BO20-BN20 -> 3 | BQ20: =BR19 -> 12333 | BR20: 12333 | BS20: =BR20-BQ20 -> 0 | BT20: =BU19 -> 16803 | BU20: 16804 | BV20: =BU20-BT20 -> 1 | BW20: =BX19 -> 19246 | BX20: 19248 | BY20: =BX20-BW20 -> 2 | BZ20: =CA19 -> 8244 | CA20: 8244 | CB20: =CA20-BZ20 -> 0 | CC20: =CD19 -> 17190 | CD20: 17214 | CE20: =CD20-CC20 -> 24 | CF20: =CG19 -> 1693 | CG20: 1694 | CH20: =CG20-CF20 -> 1 | CI20: =CJ19 -> 9394 | CJ20: 9395 | CK20: =CJ20-CI20 -> 1
A21: 16 | B21: =C20 -> 7605 | C21: 7681 | D21: =C21-B21 -> 76 | F21: 16 | G21: =H20 -> 3418 | H21: 3422 | I21: =H21-G21 -> 4 | K21: 16 | L21: =M20 -> 737998 | M21: 738166 | N21: =M21-L21 -> 168 | P21: 16 | Q21: =R20 -> 203000 | R21: 203077 | S21: =R21-Q21 -> 77 | U21: 16 | V21: =SUM(S21+N21+I21+D21) -> 325 | W21: ='Maldives at LG Daily'!I20 -> 34 | Z21: 16 | AA21: =AB20 -> 36155 | AB21: 36159 | AC21: =AB21-AA21 -> 4 | AD21: =AE20 -> 7637 | AE21: 7634 | AF21: =AE21-AD21 -> -3 | AG21: =AH20 -> 5311 | AH21: 5318 | AI21: =AH21-AG21 -> 7 | AJ21: =AK20 -> 13349 | AK21: 13369 | AL21: =AK21-AJ21 -> 20 | AM21: =AN20 -> 31528 | AN21: 31535 | AO21: =AN21-AM21 -> 7 | AP21: =AQ20 -> 5708 | AQ21: 5708 | AR21: =AQ21-AP21 -> 0 | AS21: =AT20 -> 21419 | AT21: 21419 | AU21: =AT21-AS21 -> 0 | AV21: =AW20 -> 5618 | AW21: 5620 | AX21: =AW21-AV21 -> 2 | AY21: =AZ20 -> 3258 | AZ21: 3258 | BA21: =AZ21-AY21 -> 0 | BB21: =BC20 -> 1512 | BC21: 1512 | BD21: =BC21-BB21 -> 0 | BE21: =BF20 -> 26472 | BF21: 26473 | BG21: =BF21-BE21 -> 1 | BH21: =BI20 -> 2287 | BI21: 2288 | BJ21: =BI21-BH21 -> 1 | BK21: =BL20 -> 70213 | BL21: 70213 | BM21: =BL21-BK21 -> 0 | BN21: =BO20 -> 23003 | BO21: 23003 | BP21: =BO21-BN21 -> 0 | BQ21: =BR20 -> 12333 | BR21: 12334 | BS21: =BR21-BQ21 -> 1 | BT21: =BU20 -> 16804 | BU21: 16805 | BV21: =BU21-BT21 -> 1 | BW21: =BX20 -> 19248 | BX21: 19248 | BY21: =BX21-BW21 -> 0 | BZ21: =CA20 -> 8244 | CA21: 8248 | CB21: =CA21-BZ21 -> 4 | CC21: =CD20 -> 17214 | CD21: 17239 | CE21: =CD21-CC21 -> 25 | CF21: =CG20 -> 1694 | CG21: 1717 | CH21: =CG21-CF21 -> 23 | CI21: =CJ20 -> 9395 | CJ21: 9395 | CK21: =CJ21-CI21 -> 0
A22: 17 | B22: =C21 -> 7681 | C22: 7774 | D22: =C22-B22 -> 93 | F22: 17 | G22: =H21 -> 3422 | H22: 3422 | I22: =H22-G22 -> 0 | K22: 17 | L22: =M21 -> 738166 | M22: 738369 | N22: =M22-L22 -> 203 | P22: 17 | Q22: =R21 -> 203077 | R22: 203168 | S22: =R22-Q22 -> 91 | U22: 17 | V22: =SUM(S22+N22+I22+D22) -> 387 | W22: ='Maldives at LG Daily'!I21 -> 31 | Z22: 17 | AA22: =AB21 -> 36159 | AB22: 36170 | AC22: =AB22-AA22 -> 11 | AD22: =AE21 -> 7634 | AE22: 7639 | AF22: =AE22-AD22 -> 5 | AG22: =AH21 -> 5318 | AH22: 5325 | AI22: =AH22-AG22 -> 7 | AJ22: =AK21 -> 13369 | AK22: 13379 | AL22: =AK22-AJ22 -> 10 | AM22: =AN21 -> 31535 | AN22: 31542 | AO22: =AN22-AM22 -> 7 | AP22: =AQ21 -> 5708 | AQ22: 5719 | AR22: =AQ22-AP22 -> 11 | AS22: =AT21 -> 21419 | AT22: 21419 | AU22: =AT22-AS22 -> 0 | AV22: =AW21 -> 5620 | AW22: 5626 | AX22: =AW22-AV22 -> 6 | AY22: =AZ21 -> 3258 | AZ22: 3261 | BA22: =AZ22-AY22 -> 3 | BB22: =BC21 -> 1512 | BC22: 1512 | BD22: =BC22-BB22 -> 0 | BE22: =BF21 -> 26473 | BF22: 26474 | BG22: =BF22-BE22 -> 1 | BH22: =BI21 -> 2288 | BI22: 2290 | BJ22: =BI22-BH22 -> 2 | BK22: =BL21 -> 70213 | BL22: 70258 | BM22: =BL22-BK22 -> 45 | BN22: =BO21 -> 23003 | BO22: 23005 | BP22: =BO22-BN22 -> 2 | BQ22: =BR21 -> 12334 | BR22: 12334 | BS22: =BR22-BQ22 -> 0 | BT22: =BU21 -> 16805 | BU22: 16805 | BV22: =BU22-BT22 -> 0 | BW22: =BX21 -> 19248 | BX22: 19248 | BY22: =BX22-BW22 -> 0 | BZ22: =CA21 -> 8248 | CA22: 8252 | CB22: =CA22-BZ22 -> 4 | CC22: =CD21 -> 17239 | CD22: 17239 | CE22: =CD22-CC22 -> 0 | CF22: =CG21 -> 1717 | CG22: 1719 | CH22: =CG22-CF22 -> 2 | CI22: =CJ21 -> 9395 | CJ22: 9399 | CK22: =CJ22-CI22 -> 4
A23: 18 | B23: =C22 -> 7774 | C23: 7817 | D23: =C23-B23 -> 43 | F23: 18 | G23: =H22 -> 3422 | H23: 3422 | I23: =H23-G23 -> 0 | K23: 18 | L23: =M22 -> 738369 | M23: 738594 | N23: =M23-L23 -> 225 | P23: 18 | Q23: =R22 -> 203168 | R23: 203258 | S23: =R23-Q23 -> 90 | U23: 18 | V23: =SUM(S23+N23+I23+D23) -> 358 | W23: ='Maldives at LG Daily'!I22 -> 40 | Z23: 18 | AA23: =AB22 -> 36170 | AB23: 36194 | AC23: =AB23-AA23 -> 24 | AD23: =AE22 -> 7639 | AE23: 7645 | AF23: =AE23-AD23 -> 6 | AG23: =AH22 -> 5325 | AH23: 5332 | AI23: =AH23-AG23 -> 7 | AJ23: =AK22 -> 13379 | AK23: 13391 | AL23: =AK23-AJ23 -> 12 | AM23: =AN22 -> 31542 | AN23: 31549 | AO23: =AN23-AM23 -> 7 | AP23: =AQ22 -> 5719 | AQ23: 5726 | AR23: =AQ23-AP23 -> 7 | AS23: =AT22 -> 21419 | AT23: 21419 | AU23: =AT23-AS23 -> 0 | AV23: =AW22 -> 5626 | AW23: 5632 | AX23: =AW23-AV23 -> 6 | AY23: =AZ22 -> 3261 | AZ23: 3262 | BA23: =AZ23-AY23 -> 1 | BB23: =BC22 -> 1512 | BC23: 1512 | BD23: =BC23-BB23 -> 0 | BE23: =BF22 -> 26474 | BF23: 26478 | BG23: =BF23-BE23 -> 4 | BH23: =BI22 -> 2290 | BI23: 2296 | BJ23: =BI23-BH23 -> 6 | BK23: =BL22 -> 70258 | BL23: 70281 | BM23: =BL23-BK23 -> 23 | BN23: =BO22 -> 23005 | BO23: 23008 | BP23: =BO23-BN23 -> 3 | BQ23: =BR22 -> 12334 | BR23: 12334 | BS23: =BR23-BQ23 -> 0 | BT23: =BU22 -> 16805 | BU23: 16806 | BV23: =BU23-BT23 -> 1 | BW23: =BX22 -> 19248 | BX23: 19250 | BY23: =BX23-BW23 -> 2 | BZ23: =CA22 -> 8252 | CA23: 8255 | CB23: =CA23-BZ23 -> 3 | CC23: =CD22 -> 17239 | CD23: 17239 | CE23: =CD23-CC23 -> 0 | CF23: =CG22 -> 1719 | CG23: 1720 | CH23: =CG23-CF23 -> 1 | CI23: =CJ22 -> 9399 | CJ23: 9399 | CK23: =CJ23-CI23 -> 0
A24: 19 | B24: =C23 -> 7817 | C24: 7852 | D24: =C24-B24 -> 35 | F24: 19 | G24: =H23 -> 3422 | H24: 3438 | I24: =H24-G24 -> 16 | K24: 19 | L24: =M23 -> 738594 | M24: 738798 | N24: =M24-L24 -> 204 | P24: 19 | Q24: =R23 -> 203258 | R24: 203370 | S24: =R24-Q24 -> 112 | U24: 19 | V24: =SUM(S24+N24+I24+D24) -> 367 | W24: ='Maldives at LG Daily'!I23 -> 36 | Z24: 19 | AA24: =AB23 -> 36194 | AB24: 36213 | AC24: =AB24-AA24 -> 19 | AD24: =AE23 -> 7645 | AE24: 7650 | AF24: =AE24-AD24 -> 5 | AG24: =AH23 -> 5332 | AH24: 5339 | AI24: =AH24-AG24 -> 7 | AJ24: =AK23 -> 13391 | AK24: 13402 | AL24: =AK24-AJ24 -> 11 | AM24: =AN23 -> 31549 | AN24: 31557 | AO24: =AN24-AM24 -> 8 | AP24: =AQ23 -> 5726 | AQ24: 5732 | AR24: =AQ24-AP24 -> 6 | AS24: =AT23 -> 21419 | AT24: 21419 | AU24: =AT24-AS24 -> 0 | AV24: =AW23 -> 5632 | AW24: 5640 | AX24: =AW24-AV24 -> 8 | AY24: =AZ23 -> 3262 | AZ24: 3263 | BA24: =AZ24-AY24 -> 1 | BB24: =BC23 -> 1512 | BC24: 1513 | BD24: =BC24-BB24 -> 1 | BE24: =BF23 -> 26478 | BF24: 26480 | BG24: =BF24-BE24 -> 2 | BH24: =BI23 -> 2296 | BI24: 2296 | BJ24: =BI24-BH24 -> 0 | BK24: =BL23 -> 70281 | BL24: 70303 | BM24: =BL24-BK24 -> 22 | BN24: =BO23 -> 23008 | BO24: 23011 | BP24: =BO24-BN24 -> 3 | BQ24: =BR23 -> 12334 | BR24: 12335 | BS24: =BR24-BQ24 -> 1 | BT24: =BU23 -> 16806 | BU24: 16806 | BV24: =BU24-BT24 -> 0 | BW24: =BX23 -> 19250 | BX24: 19252 | BY24: =BX24-BW24 -> 2 | BZ24: =CA23 -> 8255 | CA24: 8259 | CB24: =CA24-BZ24 -> 4 | CC24: =CD23 -> 17239 | CD24: 17288 | CE24: =CD24-CC24 -> 49 | CF24: =CG23 -> 1720 | CG24: 1722 | CH24: =CG24-CF24 -> 2 | CI24: =CJ23 -> 9399 | CJ24: 9403 | CK24: =CJ24-CI24 -> 4
A25: 20 | B25: =C24 -> 7852 | C25: =7852+88 -> 7940 | D25: =C25-B25 -> 88 | F25: 20 | G25: =H24 -> 3438 | H25: 3448 | I25: =H25-G25 -> 10 | K25: 20 | L25: =M24 -> 738798 | M25: 738963 | N25: =M25-L25 -> 165 | P25: 20 | Q25: =R24 -> 203370 | R25: 203463 | S25: =R25-Q25 -> 93 | U25: 20 | V25: =SUM(S25+N25+I25+D25) -> 356 | W25: ='Maldives at LG Daily'!I24 -> 0 | Z25: 20 | AA25: =AB24 -> 36213 | AB25: 36233 | AC25: =AB25-AA25 -> 20 | AD25: =AE24 -> 7650 | AE25: 7656 | AF25: =AE25-AD25 -> 6 | AG25: =AH24 -> 5339 | AH25: 5346 | AI25: =AH25-AG25 -> 7 | AJ25: =AK24 -> 13402 | AK25: 13413 | AL25: =AK25-AJ25 -> 11 | AM25: =AN24 -> 31557 | AN25: 31563 | AO25: =AN25-AM25 -> 6 | AP25: =AQ24 -> 5732 | AQ25: 5738 | AR25: =AQ25-AP25 -> 6 | AS25: =AT24 -> 21419 | AT25: 21419 | AU25: =AT25-AS25 -> 0 | AV25: =AW24 -> 5640 | AW25: 5648 | AX25: =AW25-AV25 -> 8 | AY25: =AZ24 -> 3263 | AZ25: 3264 | BA25: =AZ25-AY25 -> 1 | BB25: =BC24 -> 1513 | BC25: 1513 | BD25: =BC25-BB25 -> 0 | BE25: =BF24 -> 26480 | BF25: 26481 | BG25: =BF25-BE25 -> 1 | BH25: =BI24 -> 2296 | BI25: 2301 | BJ25: =BI25-BH25 -> 5 | BK25: =BL24 -> 70303 | BL25: 70324 | BM25: =BL25-BK25 -> 21 | BN25: =BO24 -> 23011 | BO25: 23015 | BP25: =BO25-BN25 -> 4 | BQ25: =BR24 -> 12335 | BR25: 12336 | BS25: =BR25-BQ25 -> 1 | BT25: =BU24 -> 16806 | BU25: 16807 | BV25: =BU25-BT25 -> 1 | BW25: =BX24 -> 19252 | BX25: 19254 | BY25: =BX25-BW25 -> 2 | BZ25: =CA24 -> 8259 | CA25: 8262 | CB25: =CA25-BZ25 -> 3 | CC25: =CD24 -> 17288 | CD25: 17308 | CE25: =CD25-CC25 -> 20 | CF25: =CG24 -> 1722 | CG25: 1723 | CH25: =CG25-CF25 -> 1 | CI25: =CJ24 -> 9403 | CJ25: 9405 | CK25: =CJ25-CI25 -> 2
A26: 21 | B26: =C25 -> 7940 | C26: 8020 | D26: =C26-B26 -> 80 | F26: 21 | G26: =H25 -> 3448 | H26: 3457 | I26: =H26-G26 -> 9 | K26: 21 | L26: =M25 -> 738963 | M26: 739120 | N26: =M26-L26 -> 157 | P26: 21 | Q26: =R25 -> 203463 | R26: 203537 | S26: =R26-Q26 -> 74 | U26: 21 | V26: =SUM(S26+N26+I26+D26) -> 320 | W26: ='Maldives at LG Daily'!I25 -> 0 | Z26: 21 | AA26: =AB25 -> 36233 | AC26: =AB26-AA26 -> -36233 | AD26: =AE25 -> 7656 | AF26: =AE26-AD26 -> -7656 | AG26: =AH25 -> 5346 | AI26: =AH26-AG26 -> -5346 | AJ26: =AK25 -> 13413 | AL26: =AK26-AJ26 -> -13413 | AM26: =AN25 -> 31563 | AO26: =AN26-AM26 -> -31563 | AP26: =AQ25 -> 5738 | AR26: =AQ26-AP26 -> -5738 | AS26: =AT25 -> 21419 | AU26: =AT26-AS26 -> -21419 | AV26: =AW25 -> 5648 | AX26: =AW26-AV26 -> -5648 | AY26: =AZ25 -> 3264 | BA26: =AZ26-AY26 -> -3264 | BB26: =BC25 -> 1513 | BD26: =BC26-BB26 -> -1513 | BE26: =BF25 -> 26481 | BG26: =BF26-BE26 -> -26481 | BH26: =BI25 -> 2301 | BJ26: =BI26-BH26 -> -2301 | BK26: =BL25 -> 70324 | BM26: =BL26-BK26 -> -70324 | BN26: =BO25 -> 23015 | BP26: =BO26-BN26 -> -23015 | BQ26: =BR25 -> 12336 | BS26: =BR26-BQ26 -> -12336 | BT26: =BU25 -> 16807 | BV26: =BU26-BT26 -> -16807 | BW26: =BX25 -> 19254 | BY26: =BX26-BW26 -> -19254 | BZ26: =CA25 -> 8262 | CB26: =CA26-BZ26 -> -8262 | CC26: =CD25 -> 17308 | CE26: =CD26-CC26 -> -17308 | CF26: =CG25 -> 1723 | CH26: =CG26-CF26 -> -1723 | CI26: =CJ25 -> 9405 | CK26: =CJ26-CI26 -> -9405
A27: 22 | B27: =C26 -> 8020 | D27: =C27-B27 -> -8020 | F27: 22 | G27: =H26 -> 3457 | I27: =H27-G27 -> -3457 | K27: 22 | L27: =M26 -> 739120 | N27: =M27-L27 -> -739120 | P27: 22 | Q27: =R26 -> 203537 | S27: =R27-Q27 -> -203537 | U27: 22 | V27: =SUM(S27+N27+I27+D27) -> -954134 | W27: ='Maldives at LG Daily'!I26 -> 0 | Z27: 22 | AA27: =AB26 -> 0 | AC27: =AB27-AA27 -> 0 | AD27: =AE26 -> 0 | AF27: =AE27-AD27 -> 0 | AG27: =AH26 -> 0 | AI27: =AH27-AG27 -> 0 | AJ27: =AK26 -> 0 | AL27: =AK27-AJ27 -> 0 | AM27: =AN26 -> 0 | AO27: =AN27-AM27 -> 0 | AP27: =AQ26 -> 0 | AR27: =AQ27-AP27 -> 0 | AS27: =AT26 -> 0 | AU27: =AT27-AS27 -> 0 | AV27: =AW26 -> 0 | AX27: =AW27-AV27 -> 0 | AY27: =AZ26 -> 0 | BA27: =AZ27-AY27 -> 0 | BB27: =BC26 -> 0 | BD27: =BC27-BB27 -> 0 | BE27: =BF26 -> 0 | BG27: =BF27-BE27 -> 0 | BH27: =BI26 -> 0 | BJ27: =BI27-BH27 -> 0 | BK27: =BL26 -> 0 | BM27: =BL27-BK27 -> 0 | BN27: =BO26 -> 0 | BP27: =BO27-BN27 -> 0 | BQ27: =BR26 -> 0 | BS27: =BR27-BQ27 -> 0 | BT27: =BU26 -> 0 | BV27: =BU27-BT27 -> 0 | BW27: =BX26 -> 0 | BY27: =BX27-BW27 -> 0 | BZ27: =CA26 -> 0 | CB27: =CA27-BZ27 -> 0 | CC27: =CD26 -> 0 | CE27: =CD27-CC27 -> 0 | CF27: =CG26 -> 0 | CH27: =CG27-CF27 -> 0 | CI27: =CJ26 -> 0 | CK27: =CJ27-CI27 -> 0
A28: 23 | B28: =C27 -> 0 | D28: =C28-B28 -> 0 | F28: 23 | G28: =H27 -> 0 | I28: =H28-G28 -> 0 | K28: 23 | L28: =M27 -> 0 | N28: =M28-L28 -> 0 | P28: 23 | Q28: =R27 -> 0 | S28: =R28-Q28 -> 0 | U28: 23 | V28: =SUM(S28+N28+I28+D28) -> 0 | W28: ='Maldives at LG Daily'!I27 -> 0 | Z28: 23 | AA28: =AB27 -> 0 | AC28: =AB28-AA28 -> 0 | AD28: =AE27 -> 0 | AF28: =AE28-AD28 -> 0 | AG28: =AH27 -> 0 | AI28: =AH28-AG28 -> 0 | AJ28: =AK27 -> 0 | AL28: =AK28-AJ28 -> 0 | AM28: =AN27 -> 0 | AO28: =AN28-AM28 -> 0 | AP28: =AQ27 -> 0 | AR28: =AQ28-AP28 -> 0 | AS28: =AT27 -> 0 | AU28: =AT28-AS28 -> 0 | AV28: =AW27 -> 0 | AX28: =AW28-AV28 -> 0 | AY28: =AZ27 -> 0 | BA28: =AZ28-AY28 -> 0 | BB28: =BC27 -> 0 | BD28: =BC28-BB28 -> 0 | BE28: =BF27 -> 0 | BG28: =BF28-BE28 -> 0 | BH28: =BI27 -> 0 | BJ28: =BI28-BH28 -> 0 | BK28: =BL27 -> 0 | BM28: =BL28-BK28 -> 0 | BN28: =BO27 -> 0 | BP28: =BO28-BN28 -> 0 | BQ28: =BR27 -> 0 | BS28: =BR28-BQ28 -> 0 | BT28: =BU27 -> 0 | BV28: =BU28-BT28 -> 0 | BW28: =BX27 -> 0 | BY28: =BX28-BW28 -> 0 | BZ28: =CA27 -> 0 | CB28: =CA28-BZ28 -> 0 | CC28: =CD27 -> 0 | CE28: =CD28-CC28 -> 0 | CF28: =CG27 -> 0 | CH28: =CG28-CF28 -> 0 | CI28: =CJ27 -> 0 | CK28: =CJ28-CI28 -> 0
A29: 24 | B29: =C28 -> 0 | D29: =C29-B29 -> 0 | F29: 24 | G29: =H28 -> 0 | I29: =H29-G29 -> 0 | K29: 24 | L29: =M28 -> 0 | N29: =M29-L29 -> 0 | P29: 24 | Q29: =R28 -> 0 | S29: =R29-Q29 -> 0 | U29: 24 | V29: =SUM(S29+N29+I29+D29) -> 0 | W29: ='Maldives at LG Daily'!I28 -> 0 | Z29: 24 | AA29: =AB28 -> 0 | AC29: =AB29-AA29 -> 0 | AD29: =AE28 -> 0 | AF29: =AE29-AD29 -> 0 | AG29: =AH28 -> 0 | AI29: =AH29-AG29 -> 0 | AJ29: =AK28 -> 0 | AL29: =AK29-AJ29 -> 0 | AM29: =AN28 -> 0 | AO29: =AN29-AM29 -> 0 | AP29: =AQ28 -> 0 | AR29: =AQ29-AP29 -> 0 | AS29: =AT28 -> 0 | AU29: =AT29-AS29 -> 0 | AV29: =AW28 -> 0 | AX29: =AW29-AV29 -> 0 | AY29: =AZ28 -> 0 | BA29: =AZ29-AY29 -> 0 | BB29: =BC28 -> 0 | BD29: =BC29-BB29 -> 0 | BE29: =BF28 -> 0 | BG29: =BF29-BE29 -> 0 | BH29: =BI28 -> 0 | BJ29: =BI29-BH29 -> 0 | BK29: =BL28 -> 0 | BM29: =BL29-BK29 -> 0 | BN29: =BO28 -> 0 | BP29: =BO29-BN29 -> 0 | BQ29: =BR28 -> 0 | BS29: =BR29-BQ29 -> 0 | BT29: =BU28 -> 0 | BV29: =BU29-BT29 -> 0 | BW29: =BX28 -> 0 | BY29: =BX29-BW29 -> 0 | BZ29: =CA28 -> 0 | CB29: =CA29-BZ29 -> 0 | CC29: =CD28 -> 0 | CE29: =CD29-CC29 -> 0 | CF29: =CG28 -> 0 | CH29: =CG29-CF29 -> 0 | CI29: =CJ28 -> 0 | CK29: =CJ29-CI29 -> 0
A30: 25 | B30: =C29 -> 0 | D30: =C30-B30 -> 0 | F30: 25 | G30: =H29 -> 0 | I30: =H30-G30 -> 0 | K30: 25 | L30: =M29 -> 0 | N30: =M30-L30 -> 0 | P30: 25 | Q30: =R29 -> 0 | S30: =R30-Q30 -> 0 | U30: 25 | V30: =SUM(S30+N30+I30+D30) -> 0 | W30: ='Maldives at LG Daily'!I29 -> 0 | Z30: 25 | AA30: =AB29 -> 0 | AC30: =AB30-AA30 -> 0 | AD30: =AE29 -> 0 | AF30: =AE30-AD30 -> 0 | AG30: =AH29 -> 0 | AI30: =AH30-AG30 -> 0 | AJ30: =AK29 -> 0 | AL30: =AK30-AJ30 -> 0 | AM30: =AN29 -> 0 | AO30: =AN30-AM30 -> 0 | AP30: =AQ29 -> 0 | AR30: =AQ30-AP30 -> 0 | AS30: =AT29 -> 0 | AU30: =AT30-AS30 -> 0 | AV30: =AW29 -> 0 | AX30: =AW30-AV30 -> 0 | AY30: =AZ29 -> 0 | BA30: =AZ30-AY30 -> 0 | BB30: =BC29 -> 0 | BD30: =BC30-BB30 -> 0 | BE30: =BF29 -> 0 | BG30: =BF30-BE30 -> 0 | BH30: =BI29 -> 0 | BJ30: =BI30-BH30 -> 0 | BK30: =BL29 -> 0 | BM30: =BL30-BK30 -> 0 | BN30: =BO29 -> 0 | BP30: =BO30-BN30 -> 0 | BQ30: =BR29 -> 0 | BS30: =BR30-BQ30 -> 0 | BT30: =BU29 -> 0 | BV30: =BU30-BT30 -> 0 | BW30: =BX29 -> 0 | BY30: =BX30-BW30 -> 0 | BZ30: =CA29 -> 0 | CB30: =CA30-BZ30 -> 0 | CC30: =CD29 -> 0 | CE30: =CD30-CC30 -> 0 | CF30: =CG29 -> 0 | CH30: =CG30-CF30 -> 0 | CI30: =CJ29 -> 0 | CK30: =CJ30-CI30 -> 0
A31: 26 | B31: =C30 -> 0 | D31: =C31-B31 -> 0 | F31: 26 | G31: =H30 -> 0 | I31: =H31-G31 -> 0 | K31: 26 | L31: =M30 -> 0 | N31: =M31-L31 -> 0 | P31: 26 | Q31: =R30 -> 0 | S31: =R31-Q31 -> 0 | U31: 26 | V31: =SUM(S31+N31+I31+D31) -> 0 | W31: ='Maldives at LG Daily'!I30 -> 0 | Z31: 26 | AA31: =AB30 -> 0 | AC31: =AB31-AA31 -> 0 | AD31: =AE30 -> 0 | AF31: =AE31-AD31 -> 0 | AG31: =AH30 -> 0 | AI31: =AH31-AG31 -> 0 | AJ31: =AK30 -> 0 | AL31: =AK31-AJ31 -> 0 | AM31: =AN30 -> 0 | AO31: =AN31-AM31 -> 0 | AP31: =AQ30 -> 0 | AR31: =AQ31-AP31 -> 0 | AS31: =AT30 -> 0 | AU31: =AT31-AS31 -> 0 | AV31: =AW30 -> 0 | AX31: =AW31-AV31 -> 0 | AY31: =AZ30 -> 0 | BA31: =AZ31-AY31 -> 0 | BB31: =BC30 -> 0 | BD31: =BC31-BB31 -> 0 | BE31: =BF30 -> 0 | BG31: =BF31-BE31 -> 0 | BH31: =BI30 -> 0 | BJ31: =BI31-BH31 -> 0 | BK31: =BL30 -> 0 | BM31: =BL31-BK31 -> 0 | BN31: =BO30 -> 0 | BP31: =BO31-BN31 -> 0 | BQ31: =BR30 -> 0 | BS31: =BR31-BQ31 -> 0 | BT31: =BU30 -> 0 | BV31: =BU31-BT31 -> 0 | BW31: =BX30 -> 0 | BY31: =BX31-BW31 -> 0 | BZ31: =CA30 -> 0 | CB31: =CA31-BZ31 -> 0 | CC31: =CD30 -> 0 | CE31: =CD31-CC31 -> 0 | CF31: =CG30 -> 0 | CH31: =CG31-CF31 -> 0 | CI31: =CJ30 -> 0 | CK31: =CJ31-CI31 -> 0
A32: 27 | B32: =C31 -> 0 | D32: =C32-B32 -> 0 | F32: 27 | G32: =H31 -> 0 | I32: =H32-G32 -> 0 | K32: 27 | L32: =M31 -> 0 | N32: =M32-L32 -> 0 | P32: 27 | Q32: =R31 -> 0 | S32: =R32-Q32 -> 0 | U32: 27 | V32: =SUM(S32+N32+I32+D32) -> 0 | W32: ='Maldives at LG Daily'!I31 -> 0 | Z32: 27 | AA32: =AB31 -> 0 | AC32: =AB32-AA32 -> 0 | AD32: =AE31 -> 0 | AF32: =AE32-AD32 -> 0 | AG32: =AH31 -> 0 | AI32: =AH32-AG32 -> 0 | AJ32: =AK31 -> 0 | AL32: =AK32-AJ32 -> 0 | AM32: =AN31 -> 0 | AO32: =AN32-AM32 -> 0 | AP32: =AQ31 -> 0 | AR32: =AQ32-AP32 -> 0 | AS32: =AT31 -> 0 | AU32: =AT32-AS32 -> 0 | AV32: =AW31 -> 0 | AX32: =AW32-AV32 -> 0 | AY32: =AZ31 -> 0 | BA32: =AZ32-AY32 -> 0 | BB32: =BC31 -> 0 | BD32: =BC32-BB32 -> 0 | BE32: =BF31 -> 0 | BG32: =BF32-BE32 -> 0 | BH32: =BI31 -> 0 | BJ32: =BI32-BH32 -> 0 | BK32: =BL31 -> 0 | BM32: =BL32-BK32 -> 0 | BN32: =BO31 -> 0 | BP32: =BO32-BN32 -> 0 | BQ32: =BR31 -> 0 | BS32: =BR32-BQ32 -> 0 | BT32: =BU31 -> 0 | BV32: =BU32-BT32 -> 0 | BW32: =BX31 -> 0 | BY32: =BX32-BW32 -> 0 | BZ32: =CA31 -> 0 | CB32: =CA32-BZ32 -> 0 | CC32: =CD31 -> 0 | CE32: =CD32-CC32 -> 0 | CF32: =CG31 -> 0 | CH32: =CG32-CF32 -> 0 | CI32: =CJ31 -> 0 | CK32: =CJ32-CI32 -> 0
A33: 28 | B33: =C32 -> 0 | D33: =C33-B33 -> 0 | F33: 28 | G33: =H32 -> 0 | I33: =H33-G33 -> 0 | K33: 28 | L33: =M32 -> 0 | N33: =M33-L33 -> 0 | P33: 28 | Q33: =R32 -> 0 | S33: =R33-Q33 -> 0 | U33: 28 | V33: =SUM(S33+N33+I33+D33) -> 0 | W33: ='Maldives at LG Daily'!I32 -> 0 | Z33: 28 | AA33: =AB32 -> 0 | AC33: =AB33-AA33 -> 0 | AD33: =AE32 -> 0 | AF33: =AE33-AD33 -> 0 | AG33: =AH32 -> 0 | AI33: =AH33-AG33 -> 0 | AJ33: =AK32 -> 0 | AL33: =AK33-AJ33 -> 0 | AM33: =AN32 -> 0 | AO33: =AN33-AM33 -> 0 | AP33: =AQ32 -> 0 | AR33: =AQ33-AP33 -> 0 | AS33: =AT32 -> 0 | AU33: =AT33-AS33 -> 0 | AV33: =AW32 -> 0 | AX33: =AW33-AV33 -> 0 | AY33: =AZ32 -> 0 | BA33: =AZ33-AY33 -> 0 | BB33: =BC32 -> 0 | BD33: =BC33-BB33 -> 0 | BE33: =BF32 -> 0 | BG33: =BF33-BE33 -> 0 | BH33: =BI32 -> 0 | BJ33: =BI33-BH33 -> 0 | BK33: =BL32 -> 0 | BM33: =BL33-BK33 -> 0 | BN33: =BO32 -> 0 | BP33: =BO33-BN33 -> 0 | BQ33: =BR32 -> 0 | BS33: =BR33-BQ33 -> 0 | BT33: =BU32 -> 0 | BV33: =BU33-BT33 -> 0 | BW33: =BX32 -> 0 | BY33: =BX33-BW33 -> 0 | BZ33: =CA32 -> 0 | CB33: =CA33-BZ33 -> 0 | CC33: =CD32 -> 0 | CE33: =CD33-CC33 -> 0 | CF33: =CG32 -> 0 | CH33: =CG33-CF33 -> 0 | CI33: =CJ32 -> 0 | CK33: =CJ33-CI33 -> 0
A34: 29 | B34: =C33 -> 0 | D34: =C34-B34 -> 0 | F34: 29 | G34: =H33 -> 0 | I34: =H34-G34 -> 0 | K34: 29 | L34: =M33 -> 0 | N34: =M34-L34 -> 0 | P34: 29 | Q34: =R33 -> 0 | S34: =R34-Q34 -> 0 | U34: 29 | V34: =SUM(S34+N34+I34+D34) -> 0 | W34: ='Maldives at LG Daily'!I33 -> 0 | Z34: 29 | AA34: =AB33 -> 0 | AC34: =AB34-AA34 -> 0 | AD34: =AE33 -> 0 | AF34: =AE34-AD34 -> 0 | AG34: =AH33 -> 0 | AI34: =AH34-AG34 -> 0 | AJ34: =AK33 -> 0 | AL34: =AK34-AJ34 -> 0 | AM34: =AN33 -> 0 | AO34: =AN34-AM34 -> 0 | AP34: =AQ33 -> 0 | AR34: =AQ34-AP34 -> 0 | AS34: =AT33 -> 0 | AU34: =AT34-AS34 -> 0 | AV34: =AW33 -> 0 | AX34: =AW34-AV34 -> 0 | AY34: =AZ33 -> 0 | BA34: =AZ34-AY34 -> 0 | BB34: =BC33 -> 0 | BD34: =BC34-BB34 -> 0 | BE34: =BF33 -> 0 | BG34: =BF34-BE34 -> 0 | BH34: =BI33 -> 0 | BJ34: =BI34-BH34 -> 0 | BK34: =BL33 -> 0 | BM34: =BL34-BK34 -> 0 | BN34: =BO33 -> 0 | BP34: =BO34-BN34 -> 0 | BQ34: =BR33 -> 0 | BS34: =BR34-BQ34 -> 0 | BT34: =BU33 -> 0 | BV34: =BU34-BT34 -> 0 | BW34: =BX33 -> 0 | BY34: =BX34-BW34 -> 0 | BZ34: =CA33 -> 0 | CB34: =CA34-BZ34 -> 0 | CC34: =CD33 -> 0 | CE34: =CD34-CC34 -> 0 | CF34: =CG33 -> 0 | CH34: =CG34-CF34 -> 0 | CI34: =CJ33 -> 0 | CK34: =CJ34-CI34 -> 0
A35: 30 | B35: =C34 -> 0 | D35: =C35-B35 -> 0 | F35: 30 | G35: =H34 -> 0 | I35: =H35-G35 -> 0 | K35: 30 | L35: =M34 -> 0 | N35: =M35-L35 -> 0 | P35: 30 | Q35: =R34 -> 0 | S35: =R35-Q35 -> 0 | U35: 30 | V35: =SUM(S35+N35+I35+D35) -> 0 | W35: ='Maldives at LG Daily'!I34 -> 0 | Z35: 30 | AA35: =AB34 -> 0 | AD35: =AE34 -> 0 | AG35: =AH34 -> 0 | AJ35: =AK34 -> 0 | AM35: =AN34 -> 0 | AP35: =AQ34 -> 0 | AS35: =AT34 -> 0 | AV35: =AW34 -> 0 | AY35: =AZ34 -> 0 | BB35: =BC34 -> 0 | BE35: =BF34 -> 0 | BH35: =BI34 -> 0 | BK35: =BL34 -> 0 | BN35: =BO34 -> 0 | BQ35: =BR34 -> 0 | BV35: =BU35-BT35 -> 0 | BW35: =BX34 -> 0 | BZ35: =CA34 -> 0 | CC35: =CD34 -> 0 | CF35: =CG34 -> 0 | CI35: =CJ34 -> 0
A36: 31 | B36: =C35 -> 0 | F36: 31 | G36: =H35 -> 0 | K36: 31 | L36: =M35 -> 0 | P36: 31 | Q36: =R35 -> 0 | U36: 31 | V36: =SUM(S36+N36+I36+D36) -> 0 | W36: ='Maldives at LG Daily'!I35 -> 0 | Z36: 31 | AA36: =AB35 -> 0 | AC36: =AB36-AA36 -> 0 | AD36: =AE35 -> 0 | AF36: =AE36-AD36 -> 0 | AG36: =AH35 -> 0 | AI36: =AH36-AG36 -> 0 | AJ36: =AK35 -> 0 | AL36: =AK36-AJ36 -> 0 | AM36: =AN35 -> 0 | AO36: =AN36-AM36 -> 0 | AP36: =AQ35 -> 0 | AR36: =AQ36-AP36 -> 0 | AS36: =AT35 -> 0 | AU36: =AT36-AS36 -> 0 | AV36: =AW35 -> 0 | AX36: =AW36-AV36 -> 0 | AY36: =AZ35 -> 0 | BA36: =AZ36-AY36 -> 0 | BB36: =BC35 -> 0 | BD36: =BC36-BB36 -> 0 | BE36: =BF35 -> 0 | BG36: =BF36-BE36 -> 0 | BH36: =BI35 -> 0 | BJ36: =BI36-BH36 -> 0 | BK36: =BL35 -> 0 | BM36: =BL36-BK36 -> 0 | BN36: =BO35 -> 0 | BP36: =BO36-BN36 -> 0 | BQ36: =BR35 -> 0 | BS36: =BR36-BQ36 -> 0 | BT36: =BU35 -> 0 | BV36: =BU36-BT36 -> 0 | BW36: =BX35 -> 0 | BY36: =BX36-BW36 -> 0 | BZ36: =CA35 -> 0 | CB36: =CA36-BZ36 -> 0 | CC36: =CD35 -> 0 | CE36: =CD36-CC36 -> 0 | CF36: =CG35 -> 0 | CH36: =CG36-CF36 -> 0 | CI36: =CJ35 -> 0 | CK36: =CJ36-CI36 -> 0
A37: Total | D37: =SUM(D6:D36) -> -6230 | F37: Total | I37: =SUM(I6:I36) -> -3418 | K37: Total | N37: =SUM(N6:N36) -> -735063 | P37: Total | S37: =SUM(S6:S36) -> -201811 | W37: =SUM(W6:W36) -> 834
W38: =W37/31 -> 26.903226

Sheet Gas-2
A2: GAS CONSUMPTION / CYLINDERS
A3: Month: | B3: 44317
A4: DAY | B4: Blu Kitchen & Tiki Torch | C4: Albarakath Kitchen & Tiki Torch | D4: Fuego Tiki Torch | E4: Main Kitchen | F4: Total | G4: Total Consumption | H4: Occupancy
A5: 44316
A6: 1 | B6: 2 | C6: 0 | D6: 1 | E6: 2 | F6: =SUM(B6:E6) -> 5 | G6: =F6*45 -> 225 | H6: =WATER!W6 -> 45
A7: 2 | B7: 2 | C7: 1 | D7: 1 | E7: 0 | F7: =SUM(B7:E7) -> 4 | G7: =F7*45 -> 180 | H7: =WATER!W7 -> 48
A8: 3 | B8: 2 | C8: 0 | D8: 1 | E8: 3 | F8: =SUM(B8:E8) -> 6 | G8: =F8*45 -> 270 | H8: =WATER!W8 -> 34
A9: 4 | B9: 2 | C9: 1 | D9: 1 | E9: 3 | F9: =SUM(B9:E9) -> 7 | G9: =F9*45 -> 315 | H9: =WATER!W9 -> 54
A10: 5 | B10: 2 | C10: 0 | D10: 1 | E10: 3 | F10: =SUM(B10:E10) -> 6 | G10: =F10*45 -> 270 | H10: =WATER!W10 -> 53
A11: 6 | B11: 1 | C11: 1 | D11: 1 | E11: 3 | F11: =SUM(B11:E11) -> 6 | G11: =F11*45 -> 270 | H11: =WATER!W11 -> 45
A12: 7 | B12: 2 | C12: 0 | D12: 1 | E12: 3 | F12: =SUM(B12:E12) -> 6 | G12: =F12*45 -> 270 | H12: =WATER!W12 -> 48
