Workbook

Sheet TOTAL
A1: Site Name | B1: Day | C1: Month | D1: Year | E1: Total Electricity Kwh | F1: Electricity Tariff ($/Kwh) | G1: Natual Gas (m3) | H1: Natural Gas $/m3 | I1: Water Utility Supply (m3) m3 | J1: Water Utility Supply (m3) $/m3 | K1: Room Nights
A2: Cairo at Nile Plaza | B2: 1 | C2: 5 | D2: 2021 | E2: =(((Submetering!O2+Submetering!P2)*0.842284+Submetering!Q2+(Submetering!M2+Submetering!N2+Submetering!Y2)*0.7362)+(Submetering!O2+Submetering!P2+Submetering!Q2)*0.1488+(Submetering!M2+Submetering!N2+Submetering!Y2)*0.1167+(Submetering!K2+Submetering!L2-Submetering!Z2-Submetering!AA2-Submetering!AB2-Submetering!AC2-Submetering!Q2)+(Submetering!M2+Submetering!N2+Submetering!Y2)*0.1139) -> 46519.885 | F2: 1.27 | G2: =Gas!C3*0.9147 -> 1407.7233 | H2: 3.65 | I2: =Submetering!H2+Submetering!AD2+Submetering!AE2 -> 326 | J2: 10.03 | K2: =ELECT.!B3 -> 78
A3: Cairo at Nile Plaza | B3: =B2+1 -> 2 | C3: 5 | D3: 2021 | E3: =(((Submetering!O3+Submetering!P3)*0.842284+Submetering!Q3+(Submetering!M3+Submetering!N3+Submetering!Y3)*0.7362)+(Submetering!O3+Submetering!P3+Submetering!Q3)*0.1488+(Submetering!M3+Submetering!N3+Submetering!Y3)*0.1167+(Submetering!K3+Submetering!L3-Submetering!Z3-Submetering!AA3-Submetering!AB3-Submetering!AC3-Submetering!Q3)+(Submetering!M3+Submetering!N3+Submetering!Y3)*0.1139) -> 45073.243 | F3: 1.27 | G3: =Gas!C4*0.9147 -> 1737.93 | H3: 3.65 | I3: =Submetering!H3+Submetering!AD3+Submetering!AE3 -> 496 | J3: 10.03 | K3: =ELECT.!B4 -> 79
A4: Cairo at Nile Plaza | B4: =B3+1 -> 3 | C4: 5 | D4: 2021 | E4: =(((Submetering!O4+Submetering!P4)*0.842284+Submetering!Q4+(Submetering!M4+Submetering!N4+Submetering!Y4)*0.7362)+(Submetering!O4+Submetering!P4+Submetering!Q4)*0.1488+(Submetering!M4+Submetering!N4+Submetering!Y4)*0.1167+(Submetering!K4+Submetering!L4-Submetering!Z4-Submetering!AA4-Submetering!AB4-Submetering!AC4-Submetering!Q4)+(Submetering!M4+Submetering!N4+Submetering!Y4)*0.1139) -> 48301.209 | F4: 1.27 | G4: =Gas!C5*0.9147 -> 1943.7375 | H4: 3.65 | I4: =Submetering!H4+Submetering!AD4+Submetering!AE4 -> 506 | J4: 10.03 | K4: =ELECT.!B5 -> 92
A5: Cairo at Nile Plaza | B5: =B4+1 -> 4 | C5: 5 | D5: 2021 | E5: =(((Submetering!O5+Submetering!P5)*0.842284+Submetering!Q5+(Submetering!M5+Submetering!N5+Submetering!Y5)*0.7362)+(Submetering!O5+Submetering!P5+Submetering!Q5)*0.1488+(Submetering!M5+Submetering!N5+Submetering!Y5)*0.1167+(Submetering!K5+Submetering!L5-Submetering!Z5-Submetering!AA5-Submetering!AB5-Submetering!AC5-Submetering!Q5)+(Submetering!M5+Submetering!N5+Submetering!Y5)*0.1139) -> 66452.334 | F5: 1.27 | G5: =Gas!C6*0.9147 -> 1794.6414 | H5: 3.65 | I5: =Submetering!H5+Submetering!AD5+Submetering!AE5 -> 556 | J5: 10.03 | K5: =ELECT.!B6 -> 68
A6: Cairo at Nile Plaza | B6: =B5+1 -> 5 | C6: 5 | D6: 2021 | E6: =(((Submetering!O6+Submetering!P6)*0.842284+Submetering!Q6+(Submetering!M6+Submetering!N6+Submetering!Y6)*0.7362)+(Submetering!O6+Submetering!P6+Submetering!Q6)*0.1488+(Submetering!M6+Submetering!N6+Submetering!Y6)*0.1167+(Submetering!K6+Submetering!L6-Submetering!Z6-Submetering!AA6-Submetering!AB6-Submetering!AC6-Submetering!Q6)+(Submetering!M6+Submetering!N6+Submetering!Y6)*0.1139) -> 53853.099 | F6: 1.27 | G6: =Gas!C7*0.9147 -> 1842.2058 | H6: 3.65 | I6: =Submetering!H6+Submetering!AD6+Submetering!AE6 -> 686 | J6: 10.03 | K6: =ELECT.!B7 -> 93
A7: Cairo at Nile Plaza | B7: =B6+1 -> 6 | C7: 5 | D7: 2021 | E7: =(((Submetering!O7+Submetering!P7)*0.842284+Submetering!Q7+(Submetering!M7+Submetering!N7+Submetering!Y7)*0.7362)+(Submetering!O7+Submetering!P7+Submetering!Q7)*0.1488+(Submetering!M7+Submetering!N7+Submetering!Y7)*0.1167+(Submetering!K7+Submetering!L7-Submetering!Z7-Submetering!AA7-Submetering!AB7-Submetering!AC7-Submetering!Q7)+(Submetering!M7+Submetering!N7+Submetering!Y7)*0.1139) -> 67567.259 | F7: 1.27 | G7: =Gas!C8*0.9147 -> 1943.7375 | H7: 3.65 | I7: =Submetering!H7+Submetering!AD7+Submetering!AE7 -> 456 | J7: 10.03 | K7: =ELECT.!B8 -> 65
A8: Cairo at Nile Plaza | B8: =B7+1 -> 7 | C8: 5 | D8: 2021 | E8: =(((Submetering!O8+Submetering!P8)*0.842284+Submetering!Q8+(Submetering!M8+Submetering!N8+Submetering!Y8)*0.7362)+(Submetering!O8+Submetering!P8+Submetering!Q8)*0.1488+(Submetering!M8+Submetering!N8+Submetering!Y8)*0.1167+(Submetering!K8+Submetering!L8-Submetering!Z8-Submetering!AA8-Submetering!AB8-Submetering!AC8-Submetering!Q8)+(Submetering!M8+Submetering!N8+Submetering!Y8)*0.1139) -> 48348.876 | F8: 1.27 | G8: =Gas!C9*0.9147 -> 1806.5325 | H8: 3.65 | I8: =Submetering!H8+Submetering!AD8+Submetering!AE8 -> 456 | J8: 10.03 | K8: =ELECT.!B9 -> 71
A9: Cairo at Nile Plaza | B9: =B8+1 -> 8 | C9: 5 | D9: 2021 | E9: =(((Submetering!O9+Submetering!P9)*0.842284+Submetering!Q9+(Submetering!M9+Submetering!N9+Submetering!Y9)*0.7362)+(Submetering!O9+Submetering!P9+Submetering!Q9)*0.1488+(Submetering!M9+Submetering!N9+Submetering!Y9)*0.1167+(Submetering!K9+Submetering!L9-Submetering!Z9-Submetering!AA9-Submetering!AB9-Submetering!AC9-Submetering!Q9)+(Submetering!M9+Submetering!N9+Submetering!Y9)*0.1139) -> 65945.19 | F9: 1.27 | G9: =Gas!C10*0.9147 -> 957.6909 | H9: 3.65 | I9: =Submetering!H9+Submetering!AD9+Submetering!AE9 -> 416 | J9: 10.03 | K9: =ELECT.!B10 -> 72
A10: Cairo at Nile Plaza | B10: =B9+1 -> 9 | C10: 5 | D10: 2021 | E10: =(((Submetering!O10+Submetering!P10)*0.842284+Submetering!Q10+(Submetering!M10+Submetering!N10+Submetering!Y10)*0.7362)+(Submetering!O10+Submetering!P10+Submetering!Q10)*0.1488+(Submetering!M10+Submetering!N10+Submetering!Y10)*0.1167+(Submetering!K10+Submetering!L10-Submetering!Z10-Submetering!AA10-Submetering!AB10-Submetering!AC10-Submetering!Q10)+(Submetering!M10+Submetering!N10+Submetering!Y10)*0.1139) -> 60596.906 | F10: 1.27 | G10: =Gas!C11*0.9147 -> 923.847 | H10: 3.65 | I10: =Submetering!H10+Submetering!AD10+Submetering!AE10 -> 416 | J10: 10.03 | K10: =ELECT.!B11 -> 85
A11: Cairo at Nile Plaza | B11: =B10+1 -> 10 | C11: 5 | D11: 2021 | E11: =(((Submetering!O11+Submetering!P11)*0.842284+Submetering!Q11+(Submetering!M11+Submetering!N11+Submetering!Y11)*0.7362)+(Submetering!O11+Submetering!P11+Submetering!Q11)*0.1488+(Submetering!M11+Submetering!N11+Submetering!Y11)*0.1167+(Submetering!K11+Submetering!L11-Submetering!Z11-Submetering!AA11-Submetering!AB11-Submetering!AC11-Submetering!Q11)+(Submetering!M11+Submetering!N11+Submetering!Y11)*0.1139) -> 55434.119 | F11: 1.27 | G11: =Gas!C12*0.9147 -> 2097.4071 | H11: 3.65 | I11: =Submetering!H11+Submetering!AD11+Submetering!AE11 -> 486 | J11: 10.03 | K11: =ELECT.!B12 -> 80
A12: Cairo at Nile Plaza | B12: =B11+1 -> 11 | C12: 5 | D12: 2021 | E12: =(((Submetering!O12+Submetering!P12)*0.842284+Submetering!Q12+(Submetering!M12+Submetering!N12+Submetering!Y12)*0.7362)+(Submetering!O12+Submetering!P12+Submetering!Q12)*0.1488+(Submetering!M12+Submetering!N12+Submetering!Y12)*0.1167+(Submetering!K12+Submetering!L12-Submetering!Z12-Submetering!AA12-Submetering!AB12-Submetering!AC12-Submetering!Q12)+(Submetering!M12+Submetering!N12+Submetering!Y12)*0.1139) -> 58152.603 | F12: 1.27 | G12: =Gas!C13*0.9147 -> 1965.6903 | H12: 3.65 | I12: =Submetering!H12+Submetering!AD12+Submetering!AE12 -> 416 | J12: 10.03 | K12: =ELECT.!B13 -> 81
A13: Cairo at Nile Plaza | B13: =B12+1 -> 12 | C13: 5 | D13: 2021 | E13: =(((Submetering!O13+Submetering!P13)*0.842284+Submetering!Q13+(Submetering!M13+Submetering!N13+Submetering!Y13)*0.7362)+(Submetering!O13+Submetering!P13+Submetering!Q13)*0.1488+(Submetering!M13+Submetering!N13+Submetering!Y13)*0.1167+(Submetering!K13+Submetering!L13-Submetering!Z13-Submetering!AA13-Submetering!AB13-Submetering!AC13-Submetering!Q13)+(Submetering!M13+Submetering!N13+Submetering!Y13)*0.1139) -> 68352.745 | F13: 1.27 | G13: =Gas!C14*0.9147 -> 1005.2553 | H13: 3.65 | I13: =Submetering!H13+Submetering!AD13+Submetering!AE13 -> 416 | J13: 10.03 | K13: =ELECT.!B14 -> 0
A14: Cairo at Nile Plaza | B14: =B13+1 -> 13 | C14: 5 | D14: 2021 | E14: =(((Submetering!O14+Submetering!P14)*0.842284+Submetering!Q14+(Submetering!M14+Submetering!N14+Submetering!Y14)*0.7362)+(Submetering!O14+Submetering!P14+Submetering!Q14)*0.1488+(Submetering!M14+Submetering!N14+Submetering!Y14)*0.1167+(Submetering!K14+Submetering!L14-Submetering!Z14-Submetering!AA14-Submetering!AB14-Submetering!AC14-Submetering!Q14)+(Submetering!M14+Submetering!N14+Submetering!Y14)*0.1139) -> 60880.377 | F14: 1.27 | G14: =Gas!C15*0.9147 -> 1573.284 | H14: 3.65 | I14: =Submetering!H14+Submetering!AD14+Submetering!AE14 -> 416 | J14: 10.03 | K14: =ELECT.!B15 -> 98
... A32: Cairo at Nile Plaza | B32: =B31+1 -> 31 | C32: 5 | D32: 2021 | E32: =(((Submetering!O32+Submetering!P32)*0.842284+Submetering!Q32+(Submetering!M32+Submetering!N32+Submetering!Y32)*0.7362)+(Submetering!O32+Submetering!P32+Submetering!Q32)*0.1488+(Submetering!M32+Submetering!N32+Submetering!Y32)*0.1167+(Submetering!K32+Submetering!L32-Submetering!Z32-Submetering!AA32-Submetering!AB32-Submetering!AC32-Submetering!Q32)+(Submetering!M32+Submetering!N32+Submetering!Y32)*0.1139) -> 0 | F32: 1.27 | G32: =Gas!C33*0.9147 -> 0 | H32: 3.65 | I32: =Submetering!H32+Submetering!AD32+Submetering!AE32 -> -194 | J32: 10.03 | K32: =ELECT.!B33 -> 0

Sheet Submetering
A1: Site Name | B1: Day | C1: Month | D1: Year | E1: Main (m3) | F1: Podium (m3) | G1: Hotel (m3) | H1: Large (m3) | I1: Feeder 1 (KWh) | J1: Feeder 2 (KWh) | K1: T1 (KWh) | L1: T2 (KWh) | M1: T3 (KWh) | N1: T4 (KWh) | O1: T5 (KWh) | P1: T7 (KWh) | Q1: New Chiller (KWh) | R1: Hotel (BTU) | S1: B.S (BTU) | T1: LS (BTU) | U1: Mall (BTU) | V1: AHU#25 (BTU) | W1: AHU#9 (BTU) | X1: Room Nights | Y1: Loss (KWH) | Z1: Mall (KWH) | AA1: Citadel (KWH) | AB1: Rotana (KWH) | AC1: CIB (KWH) | AD1: Plaza suits water consumption (M3) | AE1: Hotel water consumption (M3)
A2: Cairo at Nile Plaza | B2: 1 | C2: 5 | D2: 2021 | E2: =Water!C3 -> 520 | F2: =Water!E3 -> 288.9 | G2: =Water!G3 -> 270 | H2: =Water!I3 -> 2.808 | I2: =ELECT.!F3 -> 5933 | J2: =ELECT.!H3 -> 43187 | K2: =ELECT.!K3 -> 4797 | L2: =ELECT.!M3 -> 3630 | M2: =ELECT.!O3 -> 1986 | N2: =ELECT.!Q3 -> 10626 | O2: =ELECT.!S3 -> 7902 | P2: =ELECT.!W3*2 -> 18876 | Q2: =ELECT.!D3 -> 320 | R2: =BTU!C3 -> 7.244 | S2: =BTU!F3 -> 0.879 | T2: =BTU!I3 -> 8 | U2: =BTU!O3 -> 1.361 | V2: =BTU!L3 -> 2.6 | W2: =BTU!R3 -> 0.5 | X2: =ELECT.!B3 -> 78 | Y2: =I2+J2-(K2+L2+M2+N2+O2+P2) -> 1303 | Z2: ='Mall, Citadel, Rotana'!C3+'Mall, Citadel, Rotana'!E3+'Mall, Citadel, Rotana'!G3+'Mall, Citadel, Rotana'!I3 -> 1355 | AA2: ='Mall, Citadel, Rotana'!K3+'Mall, Citadel, Rotana'!M3 -> 480 | AB2: ='Mall, Citadel, Rotana'!O3 -> 3 | AC2: ='Mall, Citadel, Rotana'!Q3+'Mall, Citadel, Rotana'!S3 -> 109 | AD2: =(E2-H2-194)*0.1318 -> 42.596706 | AE2: =E2-H2-AD2-194 -> 280.59529
A3: Cairo at Nile Plaza | B3: =B2+1 -> 2 | C3: 5 | D3: 2021 | E3: =Water!C4 -> 690 | F3: =Water!E4 -> 394.2 | G3: =Water!G4 -> 297 | H3: =Water!I4 -> 3.564 | I3: =ELECT.!F4 -> 5534 | J3: =ELECT.!H4 -> 41635 | K3: =ELECT.!K4 -> 4668 | L3: =ELECT.!M4 -> 3359 | M3: =ELECT.!O4 -> 2258 | N3: =ELECT.!Q4 -> 10158 | O3: =ELECT.!S4 -> 7744 | P3: =ELECT.!W4*2 -> 18048 | Q3: =ELECT.!D4 -> 480 | R3: =BTU!C4 -> 8.355 | S3: =BTU!F4 -> 0.959 | T3: =BTU!I4 -> 7 | U3: =BTU!O4 -> 1.401 | V3: =BTU!L4 -> 2.82 | W3: =BTU!R4 -> 0.52 | X3: =ELECT.!B4 -> 79 | Y3: =I3+J3-(K3+L3+M3+N3+O3+P3) -> 934 | Z3: ='Mall, Citadel, Rotana'!C4+'Mall, Citadel, Rotana'!E4+'Mall, Citadel, Rotana'!G4+'Mall, Citadel, Rotana'!I4 -> 1063 | AA3: ='Mall, Citadel, Rotana'!K4+'Mall, Citadel, Rotana'!M4 -> 320 | AB3: ='Mall, Citadel, Rotana'!O4 -> 3 | AC3: ='Mall, Citadel, Rotana'!Q4+'Mall, Citadel, Rotana'!S4 -> 108 | AD3: =(E3-H3-194)*0.1318 -> 64.903065 | AE3: =E3-H3-AD3-194 -> 427.53294
A4: Cairo at Nile Plaza | B4: =B3+1 -> 3 | C4: 5 | D4: 2021 | E4: =Water!C5 -> 700 | F4: =Water!E5 -> 351 | G4: =Water!G5 -> 394.2 | H4: =Water!I5 -> 3.186 | I4: =ELECT.!F5 -> 6247 | J4: =ELECT.!H5 -> 44712 | K4: =ELECT.!K5 -> 4862 | L4: =ELECT.!M5 -> 3823 | M4: =ELECT.!O5 -> 2296 | N4: =ELECT.!Q5 -> 11595 | O4: =ELECT.!S5 -> 8162 | P4: =ELECT.!W5*2 -> 19028 | Q4: =ELECT.!D5 -> 480 | R4: =BTU!C5 -> 9.334 | S4: =BTU!F5 -> 0.943 | T4: =BTU!I5 -> 9 | U4: =BTU!O5 -> 0.877 | V4: =BTU!L5 -> 2.76 | W4: =BTU!R5 -> 4.13 | X4: =ELECT.!B5 -> 92 | Y4: =I4+J4-(K4+L4+M4+N4+O4+P4) -> 1193 | Z4: ='Mall, Citadel, Rotana'!C5+'Mall, Citadel, Rotana'!E5+'Mall, Citadel, Rotana'!G5+'Mall, Citadel, Rotana'!I5 -> 1247 | AA4: ='Mall, Citadel, Rotana'!K5+'Mall, Citadel, Rotana'!M5 -> 640 | AB4: ='Mall, Citadel, Rotana'!O5 -> 3 | AC4: ='Mall, Citadel, Rotana'!Q5+'Mall, Citadel, Rotana'!S5 -> 96 | AD4: =(E4-H4-194)*0.1318 -> 66.270885 | AE4: =E4-H4-AD4-194 -> 436.54311
A5: Cairo at Nile Plaza | B5: =B4+1 -> 4 | C5: 5 | D5: 2021 | E5: =Water!C6 -> 750 | F5: =Water!E6 -> 321.3 | G5: =Water!G6 -> 475.2 | H5: =Water!I6 -> 4.023 | I5: =ELECT.!F6 -> 11275 | J5: =ELECT.!H6 -> 57947 | K5: =ELECT.!K6 -> 6781 | L5: =ELECT.!M6 -> 5120 | M5: =ELECT.!O6 -> 5992 | N5: =ELECT.!Q6 -> 14337 | O5: =ELECT.!S6 -> 10434 | P5: =ELECT.!W6*2 -> 25028 | Q5: =ELECT.!D6 -> 640 | R5: =BTU!C6 -> 9.684 | S5: =BTU!F6 -> 1.791 | T5: =BTU!I6 -> 9 | U5: =BTU!O6 -> 1.416 | V5: =BTU!L6 -> 2.52 | W5: =BTU!R6 -> 1.62 | X5: =ELECT.!B6 -> 68 | Y5: =I5+J5-(K5+L5+M5+N5+O5+P5) -> 1530 | Z5: ='Mall, Citadel, Rotana'!C6+'Mall, Citadel, Rotana'!E6+'Mall, Citadel, Rotana'!G6+'Mall, Citadel, Rotana'!I6 -> 1234 | AA5: ='Mall, Citadel, Rotana'!K6+'Mall, Citadel, Rotana'!M6 -> 480 | AB5: ='Mall, Citadel, Rotana'!O6 -> 3 | AC5: ='Mall, Citadel, Rotana'!Q6+'Mall, Citadel, Rotana'!S6 -> 106 | AD5: =(E5-H5-194)*0.1318 -> 72.750569 | AE5: =E5-H5-AD5-194 -> 479.22643
A6: Cairo at Nile Plaza | B6: =B5+1 -> 5 | C6: 5 | D6: 2021 | E6: =Water!C7 -> 880 | F6: =Water!E7 -> 318.6 | G6: =Water!G7 -> 353.7 | H6: =Water!I7 -> 3.483 | I6: =ELECT.!F7 -> 11918 | J6: =ELECT.!H7 -> 44756 | K6: =ELECT.!K7 -> 5530 | L6: =ELECT.!M7 -> 3535 | M6: =ELECT.!O7 -> 8216 | N6: =ELECT.!Q7 -> 10354 | O6: =ELECT.!S7 -> 8515 | P6: =ELECT.!W7*2 -> 19252 | Q6: =ELECT.!D7 -> 480 | R6: =BTU!C7 -> 10.014 | S6: =BTU!F7 -> 2.658 | T6: =BTU!I7 -> 9 | U6: =BTU!O7 -> 1.051 | V6: =BTU!L7 -> 2.15 | W6: =BTU!R7 -> 2.48 | X6: =ELECT.!B7 -> 93 | Y6: =I6+J6-(K6+L6+M6+N6+O6+P6) -> 1272 | Z6: ='Mall, Citadel, Rotana'!C7+'Mall, Citadel, Rotana'!E7+'Mall, Citadel, Rotana'!G7+'Mall, Citadel, Rotana'!I7 -> 1231 | AA6: ='Mall, Citadel, Rotana'!K7+'Mall, Citadel, Rotana'!M7 -> 640 | AB6: ='Mall, Citadel, Rotana'!O7 -> 5 | AC6: ='Mall, Citadel, Rotana'!Q7+'Mall, Citadel, Rotana'!S7 -> 110 | AD6: =(E6-H6-194)*0.1318 -> 89.955741 | AE6: =E6-H6-AD6-194 -> 592.56126
A7: Cairo at Nile Plaza | B7: =B6+1 -> 6 | C7: 5 | D7: 2021 | E7: =Water!C8 -> 650 | F7: =Water!E8 -> 264.6 | G7: =Water!G8 -> 334.8 | H7: =Water!I8 -> 3.456 | I7: =ELECT.!F8 -> 15069 | J7: =ELECT.!H8 -> 55195 | K7: =ELECT.!K8 -> 6541 | L7: =ELECT.!M8 -> 4739 | M7: =ELECT.!O8 -> 10104 | N7: =ELECT.!Q8 -> 6193 | O7: =ELECT.!S8 -> 10940 | P7: =ELECT.!W8*2 -> 24100 | Q7: =ELECT.!D8 -> 320 | R7: =BTU!C8 -> 10.733 | S7: =BTU!F8 -> 2.343 | T7: =BTU!I8 -> 9 | U7: =BTU!O8 -> 1.046 | V7: =BTU!L8 -> 2.16 | W7: =BTU!R8 -> 1.57 | X7: =ELECT.!B8 -> 65 | Y7: =I7+J7-(K7+L7+M7+N7+O7+P7) -> 7647 | Z7: ='Mall, Citadel, Rotana'!C8+'Mall, Citadel, Rotana'!E8+'Mall, Citadel, Rotana'!G8+'Mall, Citadel, Rotana'!I8 -> 1058 | AA7: ='Mall, Citadel, Rotana'!K8+'Mall, Citadel, Rotana'!M8 -> 480 | AB7: ='Mall, Citadel, Rotana'!O8 -> 1 | AC7: ='Mall, Citadel, Rotana'!Q8+'Mall, Citadel, Rotana'!S8 -> 98 | AD7: =(E7-H7-194)*0.1318 -> 59.645299 | AE7: =E7-H7-AD7-194 -> 392.8987
A8: Cairo at Nile Plaza | B8: =B7+1 -> 7 | C8: 5 | D8: 2021 | E8: =Water!C9 -> 650 | F8: =Water!E9 -> 275.4 | G8: =Water!G9 -> 337.5 | H8: =Water!I9 -> 4.077 | I8: =ELECT.!F9 -> 10835 | J8: =ELECT.!H9 -> 40128 | K8: =ELECT.!K9 -> 0 | L8: =ELECT.!M9 -> 0 | M8: =ELECT.!O9 -> 7452 | N8: =ELECT.!Q9 -> 14757 | O8: =ELECT.!S9 -> 8000 | P8: =ELECT.!W9*2 -> 18084 | Q8: =ELECT.!D9 -> 480 | R8: =BTU!C9 -> 12.183 | S8: =BTU!F9 -> 1.757 | T8: =BTU!I9 -> 9 | U8: =BTU!O9 -> 1.212 | V8: =BTU!L9 -> 1.35 | W8: =BTU!R9 -> 3.34 | X8: =ELECT.!B9 -> 71 | Y8: =I8+J8-(K8+L8+M8+N8+O8+P8) -> 2670 | Z8: ='Mall, Citadel, Rotana'!C9+'Mall, Citadel, Rotana'!E9+'Mall, Citadel, Rotana'!G9+'Mall, Citadel, Rotana'!I9 -> 1232 | AA8: ='Mall, Citadel, Rotana'!K9+'Mall, Citadel, Rotana'!M9 -> 0 | AB8: ='Mall, Citadel, Rotana'!O9 -> 3 | AC8: ='Mall, Citadel, Rotana'!Q9+'Mall, Citadel, Rotana'!S9 -> 392 | AD8: =(E8-H8-194)*0.1318 -> 59.563451 | AE8: =E8-H8-AD8-194 -> 392.35955
A9: Cairo at Nile Plaza | B9: =B8+1 -> 8 | C9: 5 | D9: 2021 | E9: =Water!C10 -> 610 | F9: =Water!E10 -> 275.4 | G9: =Water!G10 -> 394.2 | H9: =Water!I10 -> 3.942 | I9: =ELECT.!F10 -> 13433 | J9: =ELECT.!H10 -> 52431 | K9: =ELECT.!K10 -> 55992 | L9: =ELECT.!M10 -> 53582 | M9: =ELECT.!O10 -> 9680 | N9: =ELECT.!Q10 -> 11482 | O9: =ELECT.!S10 -> 10346 | P9: =ELECT.!W10*2 -> 23322 | Q9: =ELECT.!D10 -> 480 | R9: =BTU!C10 -> 10.615 | S9: =BTU!F10 -> 1.736 | T9: =BTU!I10 -> 9 | U9: =BTU!O10 -> 1.32 | V9: =BTU!L10 -> 0 | W9: =BTU!R10 -> 0.94 | X9: =ELECT.!B10 -> 72 | Y9: =I9+J9-(K9+L9+M9+N9+O9+P9) -> -98540 | Z9: ='Mall, Citadel, Rotana'!C10+'Mall, Citadel, Rotana'!E10+'Mall, Citadel, Rotana'!G10+'Mall, Citadel, Rotana'!I10 -> 1224 | AA9: ='Mall, Citadel, Rotana'!K10+'Mall, Citadel, Rotana'!M10 -> 960 | AB9: ='Mall, Citadel, Rotana'!O10 -> 4 | AC9: ='Mall, Citadel, Rotana'!Q10+'Mall, Citadel, Rotana'!S10 -> 71 | AD9: =(E9-H9-194)*0.1318 -> 54.309244 | AE9: =E9-H9-AD9-194 -> 357.74876
A10: Cairo at Nile Plaza | B10: =B9+1 -> 9 | C10: 5 | D10: 2021 | E10: =Water!C11 -> 610 | F10: =Water!E11 -> 234.9 | G10: =Water!G11 -> 305.1 | H10: =Water!I11 -> 3.564 | I10: =ELECT.!F11 -> 14110 | J10: =ELECT.!H11 -> 49247 | K10: =ELECT.!K11 -> 5817 | L10: =ELECT.!M11 -> 4630 | M10: =ELECT.!O11 -> 9292 | N10: =ELECT.!Q11 -> 11694 | O10: =ELECT.!S11 -> 10812 | P10: =ELECT.!W11*2 -> 20702 | Q10: =ELECT.!D11 -> 640 | R10: =BTU!C11 -> 16.434 | S10: =BTU!F11 -> 2.96 | T10: =BTU!I11 -> 13 | U10: =BTU!O11 -> 2.002 | V10: =BTU!L11 -> 2.26 | W10: =BTU!R11 -> 0.89 | X10: =ELECT.!B11 -> 85 | Y10: =I10+J10-(K10+L10+M10+N10+O10+P10) -> 410 | Z10: ='Mall, Citadel, Rotana'!C11+'Mall, Citadel, Rotana'!E11+'Mall, Citadel, Rotana'!G11+'Mall, Citadel, Rotana'!I11 -> 1223 | AA10: ='Mall, Citadel, Rotana'!K11+'Mall, Citadel, Rotana'!M11 -> 480 | AB10: ='Mall, Citadel, Rotana'!O11 -> 3 | AC10: ='Mall, Citadel, Rotana'!Q11+'Mall, Citadel, Rotana'!S11 -> 158 | AD10: =(E10-H10-194)*0.1318 -> 54.359065 | AE10: =E10-H10-AD10-194 -> 358.07694
A11: Cairo at Nile Plaza | B11: =B10+1 -> 10 | C11: 5 | D11: 2021 | E11: =Water!C12 -> 680 | F11: =Water!E12 -> 345.6 | G11: =Water!G12 -> 388.8 | H11: =Water!I12 -> 3.834 | I11: =ELECT.!F12 -> 13321 | J11: =ELECT.!H12 -> 45004 | K11: =ELECT.!K12 -> 5408 | L11: =ELECT.!M12 -> 4494 | M11: =ELECT.!O12 -> 8654 | N11: =ELECT.!Q12 -> 10692 | O11: =ELECT.!S12 -> 8138 | P11: =ELECT.!W12*2 -> 18576 | Q11: =ELECT.!D12 -> 800 | R11: =BTU!C12 -> 9.035 | S11: =BTU!F12 -> 2.343 | T11: =BTU!I12 -> 7 | U11: =BTU!O12 -> 0.932 | V11: =BTU!L12 -> 1.42 | W11: =BTU!R12 -> 0.6 | X11: =ELECT.!B12 -> 80 | Y11: =I11+J11-(K11+L11+M11+N11+O11+P11) -> 2363 | Z11: ='Mall, Citadel, Rotana'!C12+'Mall, Citadel, Rotana'!E12+'Mall, Citadel, Rotana'!G12+'Mall, Citadel, Rotana'!I12 -> 1240 | AA11: ='Mall, Citadel, Rotana'!K12+'Mall, Citadel, Rotana'!M12 -> 640 | AB11: ='Mall, Citadel, Rotana'!O12 -> 3 | AC11: ='Mall, Citadel, Rotana'!Q12+'Mall, Citadel, Rotana'!S12 -> 168 | AD11: =(E11-H11-194)*0.1318 -> 63.549479 | AE11: =E11-H11-AD11-194 -> 418.61652
A12: Cairo at Nile Plaza | B12: =B11+1 -> 11 | C12: 5 | D12: 2021 | E12: =Water!C13 -> 610 | F12: =Water!E13 -> 291.6 | G12: =Water!G13 -> 345.6 | H12: =Water!I13 -> 3.105 | I12: =ELECT.!F13 -> 16445 | J12: =ELECT.!H13 -> 44157 | K12: =ELECT.!K13 -> 5384 | L12: =ELECT.!M13 -> 5757 | M12: =ELECT.!O13 -> 10512 | N12: =ELECT.!Q13 -> 10208 | O12: =ELECT.!S13 -> 8842 | P12: =ELECT.!W13*2 -> 18554 | Q12: =ELECT.!D13 -> 480 | R12: =BTU!C13 -> 12.122 | S12: =BTU!F13 -> 2.709 | T12: =BTU!I13 -> 10 | U12: =BTU!O13 -> 1.021 | V12: =BTU!L13 -> 2.45 | W12: =BTU!R13 -> 2.98 | X12: =ELECT.!B13 -> 81 | Y12: =I12+J12-(K12+L12+M12+N12+O12+P12) -> 1345 | Z12: ='Mall, Citadel, Rotana'!C13+'Mall, Citadel, Rotana'!E13+'Mall, Citadel, Rotana'!G13+'Mall, Citadel, Rotana'!I13 -> 1061 | AA12: ='Mall, Citadel, Rotana'!K13+'Mall, Citadel, Rotana'!M13 -> 480 | AB12: ='Mall, Citadel, Rotana'!O13 -> 3 | AC12: ='Mall, Citadel, Rotana'!Q13+'Mall, Citadel, Rotana'!S13 -> 0 | AD12: =(E12-H12-194)*0.1318 -> 54.419561 | AE12: =E12-H12-AD12-194 -> 358.47544
A13: Cairo at Nile Plaza | B13: =B12+1 -> 12 | C13: 5 | D13: 2021 | E13: =Water!C14 -> 610 | F13: =Water!E14 -> 267.3 | G13: =Water!G14 -> 310.5 | H13: =Water!I14 -> 3.591 | I13: =ELECT.!F14 -> 19410 | J13: =ELECT.!H14 -> 52219 | K13: =ELECT.!K14 -> 5976 | L13: =ELECT.!M14 -> 6101 | M13: =ELECT.!O14 -> 13104 | N13: =ELECT.!Q14 -> 11629 | O13: =ELECT.!S14 -> 10289 | P13: =ELECT.!W14*2 -> 22920 | Q13: =ELECT.!D14 -> 480 | R13: =BTU!C14 -> 8.079 | S13: =BTU!F14 -> 1.354 | T13: =BTU!I14 -> 7 | U13: =BTU!O14 -> 1 | V13: =BTU!L14 -> 1.89 | W13: =BTU!R14 -> 5 | X13: =ELECT.!B14 -> 0 | Y13: =I13+J13-(K13+L13+M13+N13+O13+P13) -> 1610 | Z13: ='Mall, Citadel, Rotana'!C14+'Mall, Citadel, Rotana'!E14+'Mall, Citadel, Rotana'!G14+'Mall, Citadel, Rotana'!I14 -> 1389 | AA13: ='Mall, Citadel, Rotana'!K14+'Mall, Citadel, Rotana'!M14 -> 480 | AB13: ='Mall, Citadel, Rotana'!O14 -> 3 | AC13: ='Mall, Citadel, Rotana'!Q14+'Mall, Citadel, Rotana'!S14 -> 305 | AD13: =(E13-H13-194)*0.1318 -> 54.355506 | AE13: =E13-H13-AD13-194 -> 358.05349
A14: Cairo at Nile Plaza | B14: =B13+1 -> 13 | C14: 5 | D14: 2021 | E14: =Water!C15 -> 610 | F14: =Water!E15 -> 318.6 | G14: =Water!G15 -> 310.5 | H14: =Water!I15 -> 1.782 | I14: =ELECT.!F15 -> 17810 | J14: =ELECT.!H15 -> 45905 | K14: =ELECT.!K15 -> 5037 | L14: =ELECT.!M15 -> 5454 | M14: =ELECT.!O15 -> 12118 | N14: =ELECT.!Q15 -> 10117 | O14: =ELECT.!S15 -> 9218 | P14: =ELECT.!W15*2 -> 20266 | Q14: =ELECT.!D15 -> 480 | R14: =BTU!C15 -> 8.477 | S14: =BTU!F15 -> 0.805 | T14: =BTU!I15 -> 8 | U14: =BTU!O15 -> 1.279 | V14: =BTU!L15 -> 2.21 | W14: =BTU!R15 -> 0 | X14: =ELECT.!B15 -> 98 | Y14: =I14+J14-(K14+L14+M14+N14+O14+P14) -> 1505 | Z14: ='Mall, Citadel, Rotana'!C15+'Mall, Citadel, Rotana'!E15+'Mall, Citadel, Rotana'!G15+'Mall, Citadel, Rotana'!I15 -> 1263 | AA14: ='Mall, Citadel, Rotana'!K15+'Mall, Citadel, Rotana'!M15 -> 480 | AB14: ='Mall, Citadel, Rotana'!O15 -> 4 | AC14: ='Mall, Citadel, Rotana'!Q15+'Mall, Citadel, Rotana'!S15 -> 108 | AD14: =(E14-H14-194)*0.1318 -> 54.593932 | AE14: =E14-H14-AD14-194 -> 359.62407
... A29: Cairo at Nile Plaza | B29: =B28+1 -> 28 | C29: 5 | D29: 2021 | E29: =Water!C30 -> 0 | F29: =Water!E30 -> 0 | G29: =Water!G30 -> 0 | H29: =Water!I30 -> 0 | I29: =ELECT.!F30 -> 0 | J29: =ELECT.!H30 -> 0 | K29: =ELECT.!K30 -> 0 | L29: =ELECT.!M30 -> 0 | M29: =ELECT.!O30 -> 0 | N29: =ELECT.!Q30 -> 0 | O29: =ELECT.!S30 -> 0 | P29: =ELECT.!W30*2 -> 0 | Q29: =ELECT.!D30 -> 0 | R29: =BTU!C30 -> 0 | S29: =BTU!F30 -> 0 | T29: =BTU!I30 -> 0 | U29: =BTU!O30 -> 0 | V29: =BTU!L30 -> 0 | W29: =BTU!R30 -> 0 | X29: =ELECT.!B30 -> 0 | Y29: =I29+J29-(K29+L29+M29+N29+O29+P29) -> 0 | Z29: ='Mall, Citadel, Rotana'!C30+'Mall, Citadel, Rotana'!E30+'Mall, Citadel, Rotana'!G30+'Mall, Citadel, Rotana'!I30 -> 0 | AA29: ='Mall, Citadel, Rotana'!K30+'Mall, Citadel, Rotana'!M30 -> 0 | AB29: ='Mall, Citadel, Rotana'!O30 -> 0 | AC29: ='Mall, Citadel, Rotana'!Q30+'Mall, Citadel, Rotana'!S30 -> 0 | AD29: =(E29-H29-194)*0.1318 -> -25.5692 | AE29: =E29-H29-AD29-194 -> -168.4308
A30: Cairo at Nile Plaza | B30: =B29+1 -> 29 | C30: 5 | D30: 2021 | E30: =Water!C31 -> 0 | F30: =Water!E31 -> 0 | G30: =Water!E31 -> 0 | H30: =Water!I31 -> 0 | I30: =Water!G31 -> 0 | J30: =ELECT.!H31 -> 0 | K30: =Water!I31 -> 0 | L30: =Water!J31 -> 0 | M30: =Water!K31 -> 0 | N30: =Water!L31 -> 0 | O30: =Water!M31 -> 0 | P30: =Water!N31 -> 0 | Q30: =Water!O31 -> 0 | R30: =BTU!C31 -> 0 | S30: =BTU!F31 -> 0 | T30: =BTU!I31 -> 0 | U30: =BTU!O31 -> 0 | V30: =BTU!L31 -> 0 | W30: =BTU!R31 -> 0 | X30: =ELECT.!B31 -> 0 | Y30: =I30+J30-(K30+L30+M30+N30+O30+P30) -> 0 | Z30: ='Mall, Citadel, Rotana'!C31+'Mall, Citadel, Rotana'!E31+'Mall, Citadel, Rotana'!G31+'Mall, Citadel, Rotana'!I31 -> 0 | AA30: ='Mall, Citadel, Rotana'!K31+'Mall, Citadel, Rotana'!M31 -> 0 | AB30: ='Mall, Citadel, Rotana'!O31 -> 0 | AC30: ='Mall, Citadel, Rotana'!Q31+'Mall, Citadel, Rotana'!S31 -> 0 | AD30: =(E30-H30-194)*0.1318 -> -25.5692 | AE30: =E30-H30-AD30-194 -> -168.4308
A31: Cairo at Nile Plaza | B31: =B30+1 -> 30 | C31: 5 | D31: 2021 | E31: =Water!C32 -> 0 | F31: =Water!E32 -> 0 | G31: =Water!E32 -> 0 | H31: =Water!I32 -> 0 | I31: =Water!G32 -> 0 | J31: =ELECT.!H32 -> 0 | K31: =Water!I32 -> 0 | L31: =Water!J32 -> 0 | M31: =Water!K32 -> 0 | N31: =Water!L32 -> 0 | O31: =Water!M32 -> 0 | P31: =Water!N32 -> 0 | Q31: =Water!O32 -> 0 | R31: =BTU!C32 -> 0 | S31: =BTU!F32 -> 0 | T31: =BTU!I32 -> 0 | U31: =BTU!O32 -> 0 | V31: =BTU!L32 -> 0 | W31: =BTU!R32 -> 0 | X31: =ELECT.!B32 -> 0 | Y31: =I31+J31-(K31+L31+M31+N31+O31+P31) -> 0 | Z31: ='Mall, Citadel, Rotana'!C32+'Mall, Citadel, Rotana'!E32+'Mall, Citadel, Rotana'!G32+'Mall, Citadel, Rotana'!I32 -> 0 | AA31: ='Mall, Citadel, Rotana'!K32+'Mall, Citadel, Rotana'!M32 -> 0 | AB31: ='Mall, Citadel, Rotana'!O32 -> 0 | AC31: ='Mall, Citadel, Rotana'!Q32+'Mall, Citadel, Rotana'!S32 -> 0 | AD31: =(E31-H31-194)*0.1318 -> -25.5692 | AE31: =E31-H31-AD31-194 -> -168.4308
A32: Cairo at Nile Plaza | B32: =B31+1 -> 31 | C32: 5 | D32: 2021 | E32: =Water!C33 -> 0 | F32: =Water!E33 -> 0 | G32: =Water!E33 -> 0 | H32: =Water!I33 -> 0 | I32: =Water!G33 -> 0 | J32: =ELECT.!H33 -> 0 | K32: =Water!I33 -> 0 | L32: =Water!J33 -> 0 | M32: =Water!K33 -> 0 | N32: =Water!L33 -> 0 | O32: =Water!M33 -> 0 | P32: =Water!N33 -> 0 | Q32: =Water!O33 -> 0 | R32: =BTU!C33 -> 0 | S32: =BTU!F33 -> 0 | T32: =BTU!I33 -> 0 | U32: =BTU!O33 -> 0 | V32: =BTU!L33 -> 0 | W32: =BTU!R33 -> 0 | X32: =ELECT.!B33 -> 0 | Y32: =I32+J32-(K32+L32+M32+N32+O32+P32) -> 0 | Z32: ='Mall, Citadel, Rotana'!C33+'Mall, Citadel, Rotana'!E33+'Mall, Citadel, Rotana'!G33+'Mall, Citadel, Rotana'!I33 -> 0 | AA32: ='Mall, Citadel, Rotana'!K33+'Mall, Citadel, Rotana'!M33 -> 0 | AB32: ='Mall, Citadel, Rotana'!O33 -> 0 | AC32: ='Mall, Citadel, Rotana'!Q33+'Mall, Citadel, Rotana'!S33 -> 0 | AD32: =(E32-H32-194)*0.1318 -> -25.5692 | AE32: =E32-H32-AD32-194 -> -168.4308

Sheet Mall, Citadel, Rotana
A1: Day | B1: R1 | C1: Cons | D1: R2 | E1: Cons | F1: R3 | G1: Cons | H1: R4 | I1: Cons | J1: RO1 | K1: Cons | L1: RO2 | M1: Cons | N1: ROE | O1: Cons | P1: CIB. 1 | Q1: Cons | R1: CIB. E | S1: Cons | T1: Co | U1: Cons
A2: 44316 | B2: 45185 | D2: 39472 | F2: 20316 | H2: 240785 | J2: 303517 | L2: 24882 | N2: 215446 | P2: 101751 | R2: 55047 | S2: =R2-R1 -> #VALUE! | T2: 3620
A3: 44317 | B3: 45190 | C3: =(B3-B2)*800/5 -> 800 | D3: 39475 | E3: =(D3-D2)*800/5 -> 480 | F3: 20319 | G3: =(F3-F2)*100/5 -> 60 | H3: 240800 | I3: =(H3-H2) -> 15 | J3: 303517 | K3: =(J3-J2)*800/5 -> 0 | L3: 24885 | M3: =(L3-L2)*800/5 -> 480 | N3: 215449 | O3: =N3-N2 -> 3 | P3: 101860 | Q3: =P3-P2 -> 109 | R3: 55047 | S3: =R3-R2 -> 0 | T3: 3621 | U3: =(T3-T2)*800/5 -> 160
A4: 44318 | B4: 45194 | C4: =(B4-B3)*800/5 -> 640 | D4: 39477 | E4: =(D4-D3)*800/5 -> 320 | F4: 20322 | G4: =(F4-F3)*100/5 -> 60 | H4: 240843 | I4: =(H4-H3) -> 43 | J4: 303517 | K4: =(J4-J3)*800/5 -> 0 | L4: 24887 | M4: =(L4-L3)*800/5 -> 320 | N4: 215452 | O4: =N4-N3 -> 3 | P4: 101968 | Q4: =P4-P3 -> 108 | R4: =R3 -> 55047 | S4: =R4-R3 -> 0 | T4: 3622 | U4: =(T4-T3)*800/5 -> 160
A5: 44319 | B5: 45198 | C5: =(B5-B4)*800/5 -> 640 | D5: 39480 | E5: =(D5-D4)*800/5 -> 480 | F5: 20325 | G5: =(F5-F4)*100/5 -> 60 | H5: 240910 | I5: =(H5-H4) -> 67 | J5: 303517 | K5: =(J5-J4)*800/5 -> 0 | L5: 24891 | M5: =(L5-L4)*800/5 -> 640 | N5: 215455 | O5: =N5-N4 -> 3 | P5: 102064 | Q5: =P5-P4 -> 96 | R5: =R4 -> 55047 | S5: =R5-R4 -> 0 | T5: 3622 | U5: =(T5-T4)*800/5 -> 0
A6: 44320 | B6: 45203 | C6: =(B6-B5)*800/5 -> 800 | D6: 39482 | E6: =(D6-D5)*800/5 -> 320 | F6: 20328 | G6: =(F6-F5)*100/5 -> 60 | H6: 240964 | I6: =(H6-H5) -> 54 | J6: 303517 | K6: =(J6-J5)*800/5 -> 0 | L6: 24894 | M6: =(L6-L5)*800/5 -> 480 | N6: 215458 | O6: =N6-N5 -> 3 | P6: 102170 | Q6: =P6-P5 -> 106 | R6: =R5 -> 55047 | S6: =R30-R5 -> 0 | T6: 3623 | U6: =(T6-T5)*800/5 -> 160
A7: 44321 | B7: 45208 | C7: =(B7-B6)*800/5 -> 800 | D7: 39484 | E7: =(D7-D6)*800/5 -> 320 | F7: 20331 | G7: =(F7-F6)*100/5 -> 60 | H7: 241015 | I7: =(H7-H6) -> 51 | J7: 303517 | K7: =(J7-J6)*800/5 -> 0 | L7: 24898 | M7: =(L7-L6)*800/5 -> 640 | N7: 215463 | O7: =N7-N6 -> 5 | P7: 102280 | Q7: =P7-P6 -> 110 | R7: =R6 -> 55047 | S7: =R7-R30 -> 0 | T7: 3624 | U7: =(T7-T6)*800/5 -> 160
A8: 44322 | B8: 45211 | C8: =(B8-B7)*800/5 -> 480 | D8: 39487 | E8: =(D8-D7)*800/5 -> 480 | F8: 20334 | G8: =(F8-F7)*100/5 -> 60 | H8: 241053 | I8: =(H8-H7) -> 38 | J8: 303517 | K8: =(J8-J7)*800/5 -> 0 | L8: 24901 | M8: =(L8-L7)*800/5 -> 480 | N8: 215464 | O8: =N8-N7 -> 1 | P8: 102378 | Q8: =P8-P7 -> 98 | R8: =R7 -> 55047 | S8: =R8-R7 -> 0 | T8: 3625 | U8: =(T8-T7)*800/5 -> 160
A9: 44323 | B9: 45215 | C9: =(B9-B8)*800/5 -> 640 | D9: 39490 | E9: =(D9-D8)*800/5 -> 480 | F9: 20337 | G9: =(F9-F8)*100/5 -> 60 | H9: 241105 | I9: =(H9-H8) -> 52 | J9: 303517 | K9: =(J9-J8)*800/5 -> 0 | L9: =L8 -> 24901 | M9: =(L9-L8)*800/5 -> 0 | N9: 215467 | O9: =N9-N8 -> 3 | P9: 102770 | Q9: =P9-P8 -> 392 | R9: 55047 | S9: =R9-R8 -> 0 | T9: 3626 | U9: =(T9-T8)*800/5 -> 160
A10: 44324 | B10: 45220 | C10: =(B10-B9)*800/5 -> 800 | D10: 39492 | E10: =(D10-D9)*800/5 -> 320 | F10: 20340 | G10: =(F10-F9)*100/5 -> 60 | H10: 241149 | I10: =(H10-H9) -> 44 | J10: 303517 | K10: =(J10-J9)*800/5 -> 0 | L10: 24907 | M10: =(L10-L9)*800/5 -> 960 | N10: 215471 | O10: =N10-N9 -> 4 | P10: 102841 | Q10: =P10-P9 -> 71 | R10: 55047 | S10: =R10-R9 -> 0 | T10: 3627 | U10: =(T10-T9)*800/5 -> 160
A11: 44325 | B11: 45224 | C11: =(B11-B10)*800/5 -> 640 | D11: 39495 | E11: =(D11-D10)*800/5 -> 480 | F11: 20343 | G11: =(F11-F10)*100/5 -> 60 | H11: 241192 | I11: =(H11-H10) -> 43 | J11: 303517 | K11: =(J11-J10)*800/5 -> 0 | L11: 24910 | M11: =(L11-L10)*800/5 -> 480 | N11: 215474 | O11: =N11-N10 -> 3 | P11: 102999 | Q11: =P11-P10 -> 158 | R11: 55047 | S11: =R11-R10 -> 0 | T11: 3628 | U11: =(T11-T10)*800/5 -> 160
A12: 44326 | B12: 45229 | C12: =(B12-B11)*800/5 -> 800 | D12: 39497 | E12: =(D12-D11)*800/5 -> 320 | F12: 20346 | G12: =(F12-F11)*100/5 -> 60 | H12: 241252 | I12: =(H12-H11) -> 60 | J12: 303517 | K12: =(J12-J11)*800/5 -> 0 | L12: 24914 | M12: =(L12-L11)*800/5 -> 640 | N12: 215477 | O12: =N12-N11 -> 3 | P12: 103167 | Q12: =P12-P11 -> 168 | R12: 55047 | S12: =R12-R11 -> 0 | T12: 3629 | U12: =(T12-T11)*800/5 -> 160
A13: 44327 | B13: 45233 | C13: =(B13-B12)*800/5 -> 640 | D13: 39499 | E13: =(D13-D12)*800/5 -> 320 | F13: 20349 | G13: =(F13-F12)*100/5 -> 60 | H13: 241293 | I13: =(H13-H12) -> 41 | J13: 303517 | K13: =(J13-J12)*800/5 -> 0 | L13: 24917 | M13: =(L13-L12)*800/5 -> 480 | N13: 215480 | O13: =N13-N12 -> 3 | P13: =P12 -> 103167 | Q13: =P13-P12 -> 0 | R13: 55047 | S13: =R13-R12 -> 0 | T13: 3629 | U13: =(T13-T12)*800/5 -> 0
A14: 44328 | B14: 45238 | C14: =(B14-B13)*800/5 -> 800 | D14: 39502 | E14: =(D14-D13)*800/5 -> 480 | F14: 20352 | G14: =(F14-F13)*100/5 -> 60 | H14: 241342 | I14: =(H14-H13) -> 49 | J14: 303517 | K14: =(J14-J13)*800/5 -> 0 | L14: 24920 | M14: =(L14-L13)*800/5 -> 480 | N14: 215483 | O14: =N14-N13 -> 3 | P14: 103472 | Q14: =P14-P13 -> 305 | R14: 55047 | S14: =R14-R13 -> 0 | T14: 3630 | U14: =(T14-T13)*800/5 -> 160
A15: 44329 | B15: 45242 | C15: =(B15-B14)*800/5 -> 640 | D15: 39505 | E15: =(D15-D14)*800/5 -> 480 | F15: 20356 | G15: =(F15-F14)*100/5 -> 80 | H15: 241405 | I15: =(H15-H14) -> 63 | J15: 303517 | K15: =(J15-J14)*800/5 -> 0 | L15: 24923 | M15: =(L15-L14)*800/5 -> 480 | N15: 215487 | O15: =N15-N14 -> 4 | P15: 103580 | Q15: =P15-P14 -> 108 | R15: 55047 | S15: =R15-R14 -> 0 | T15: 3631 | U15: =(T15-T14)*800/5 -> 160
A16: 44330 | B16: 45247 | C16: =(B16-B15)*800/5 -> 800 | D16: 39507 | E16: =(D16-D15)*800/5 -> 320 | F16: 20359 | G16: =(F16-F15)*100/5 -> 60 | H16: 241466 | I16: =(H16-H15) -> 61 | J16: 303517 | K16: =(J16-J15)*800/5 -> 0 | L16: 24926 | M16: =(L16-L15)*800/5 -> 480 | N16: 215490 | O16: =N16-N15 -> 3 | P16: 103646 | Q16: =P16-P15 -> 66 | R16: =R15 -> 55047 | S16: =R16-R15 -> 0 | T16: 3632 | U16: =(T16-T15)*800/5 -> 160
A17: 44331 | B17: 45251 | C17: =(B17-B16)*800/5 -> 640 | D17: 39509 | E17: =(D17-D16)*800/5 -> 320 | F17: 20362 | G17: =(F17-F16)*100/5 -> 60 | H17: 241510 | I17: =(H17-H16) -> 44 | J17: =J16 -> 303517 | K17: =(J17-J16)*800/5 -> 0 | L17: 24928 | M17: =(L17-L16)*800/5 -> 320 | N17: 215493 | O17: =N17-N16 -> 3 | P17: 103738 | Q17: =P17-P16 -> 92 | R17: =R16 -> 55047 | S17: =S16 -> 0 | T17: 3633 | U17: =(T17-T16)*800/5 -> 160
A18: 44332 | B18: 45257 | C18: =(B18-B17)*800/5 -> 960 | D18: 39513 | E18: =(D18-D17)*800/5 -> 640 | F18: 20365 | G18: =(F18-F17)*100/5 -> 60 | H18: 241586 | I18: =(H18-H17) -> 76 | J18: =J17 -> 303517 | K18: =(J18-J17)*800/5 -> 0 | L18: 24932 | M18: =(L18-L17)*800/5 -> 640 | N18: 215497 | O18: =N18-N17 -> 4 | P18: 103933 | Q18: =P18-P17 -> 195 | R18: 55047 | S18: =R18-R17 -> 0 | T18: 3634 | U18: =(T18-T17)*800/5 -> 160
A19: 44333 | B19: 45261 | C19: =(B19-B18)*800/5 -> 640 | D19: 39514 | E19: =(D19-D18)*800/5 -> 160 | F19: 20368 | G19: =(F19-F18)*100/5 -> 60 | H19: 241651 | I19: =(H19-H18) -> 65 | J19: =J18 -> 303517 | K19: =(J19-J18)*800/5 -> 0 | L19: 24935 | M19: =(L19-L18)*800/5 -> 480 | N19: 215500 | O19: =N19-N18 -> 3 | P19: 104132 | Q19: =P19-P18 -> 199 | R19: =R18 -> 55047 | S19: =R19-R18 -> 0 | T19: 3635 | U19: =(T19-T18)*800/5 -> 160
A20: 44334 | B20: 45267 | C20: =(B20-B19)*800/5 -> 960 | D20: 39517 | E20: =(D20-D19)*800/5 -> 480 | F20: 20371 | G20: =(F20-F19)*100/5 -> 60 | H20: 241718 | I20: =(H20-H19) -> 67 | J20: =J19 -> 303517 | K20: 0 | L20: 24939 | M20: =(L20-L19)*800/5 -> 640 | N20: 215504 | O20: =N20-N19 -> 4 | P20: 104329 | Q20: =P20-P19 -> 197 | R20: =R19 -> 55047 | S20: =R20-R19 -> 0 | T20: 3636 | U20: =(T20-T19)*800/5 -> 160
A21: 44335 | B21: 45272 | C21: =(B21-B20)*800/5 -> 800 | D21: 39521 | E21: =(D21-D20)*800/5 -> 640 | F21: 20374 | G21: =(F21-F20)*100/5 -> 60 | H21: 241785 | I21: =(H21-H20) -> 67 | J21: 303517 | K21: =(J21-J20)*800/5 -> 0 | L21: 24943 | M21: =(L21-L20)*800/5 -> 640 | N21: 215506 | O21: =N21-N20 -> 2 | P21: 104524 | Q21: =P21-P20 -> 195 | R21: 55247 | S21: =R21-R20 -> 200 | T21: 3638 | U21: =(T21-T20)*800/5 -> 320
A22: 44336 | B22: 45277 | C22: =(B22-B21)*800/5 -> 800 | D22: 39522 | E22: =(D22-D21)*800/5 -> 160 | F22: 20377 | G22: =(F22-F21)*100/5 -> 60 | H22: 241840 | I22: =(H22-H21) -> 55 | J22: 303517 | K22: =(J22-J21)*800/5 -> 0 | L22: 24946 | M22: =(L22-L21)*800/5 -> 480 | N22: 215510 | O22: =N22-N21 -> 4 | Q22: =P22-P21 -> -104524 | R22: 55047 | S22: =R22-R21 -> -200 | T22: 3639 | U22: =(T22-T21)*800/5 -> 160
A23: 44337 | B23: 45281 | C23: =(B23-B22)*800/5 -> 640 | D23: 39528 | E23: =(D23-D22)*800/5 -> 960 | F23: 20380 | G23: =(F23-F22)*100/5 -> 60 | H23: 241910 | I23: =(H23-H22) -> 70 | J23: 303517 | K23: =(J23-J22)*800/5 -> 0 | L23: 24949 | M23: =(L23-L22)*800/5 -> 480 | N23: 215513 | O23: =N23-N22 -> 3 | Q23: =P23-P22 -> 0 | R23: 55047 | S23: =R23-R22 -> 0 | T23: 3640 | U23: =(T23-T22)*800/5 -> 160
A24: 44338 | B24: 45285 | C24: =(B24-B23)*800/5 -> 640 | D24: 39537 | E24: =(D24-D23)*800/5 -> 1440 | F24: 20382 | G24: =(F24-F23)*100/5 -> 40 | H24: 241975 | I24: =(H24-H23) -> 65 | J24: 303517 | K24: =(J24-J23)*800/5 -> 0 | L24: 24952 | M24: =(L24-L23)*800/5 -> 480 | N24: 215516 | O24: =N24-N23 -> 3 | P24: =P23 -> 0 | Q24: =P24-P23 -> 0 | R24: 55097 | S24: =R24-R23 -> 50 | T24: 3641 | U24: =(T24-T23)*800/5 -> 160
A25: 44339 | B25: =B24 -> 45285 | C25: =(B25-B24)*800/5 -> 0 | D25: =D24 -> 39537 | E25: =(D25-D24)*800/5 -> 0 | F25: =F24 -> 20382 | G25: =(F25-F24)*100/5 -> 0 | H25: =H24 -> 241975 | I25: =(H25-H24) -> 0 | J25: 303517 | K25: =(J25-J24)*800/5 -> 0 | L25: =L24 -> 24952 | M25: =(L25-L24)*800/5 -> 0 | N25: =N24 -> 215516 | O25: =N25-N24 -> 0 | P25: =P24 -> 0 | Q25: =P25-P24 -> 0 | R25: =R24 -> 55097 | S25: =R25-R24 -> 0 | T25: =T24 -> 3641 | U25: =(T25-T24)*800/5 -> 0
A26: 44340 | B26: =B25 -> 45285 | C26: =(B26-B25)*800/5 -> 0 | D26: =D25 -> 39537 | E26: =(D26-D25)*800/5 -> 0 | F26: =F25 -> 20382 | G26: =(F26-F25)*100/5 -> 0 | H26: =H25 -> 241975 | I26: =(H26-H25) -> 0 | J26: 303517 | K26: =(J26-J25)*800/5 -> 0 | L26: =L25 -> 24952 | M26: =(L26-L25)*800/5 -> 0 | N26: =N25 -> 215516 | O26: =N26-N25 -> 0 | P26: =P25 -> 0 | Q26: =P26-P25 -> 0 | R26: 55047 | S26: =R26-R25 -> -50 | T26: =T25 -> 3641 | U26: =(T26-T25)*800/5 -> 0
A27: 44341 | B27: =B26 -> 45285 | C27: =(B27-B26)*800/5 -> 0 | D27: =D26 -> 39537 | E27: =(D27-D26)*800/5 -> 0 | F27: =F26 -> 20382 | G27: =(F27-F26)*100/5 -> 0 | H27: =H26 -> 241975 | I27: =(H27-H26) -> 0 | J27: 303517 | K27: =(J27-J26)*800/5 -> 0 | L27: =L26 -> 24952 | M27: =(L27-L26)*800/5 -> 0 | N27: =N26 -> 215516 | O27: =N27-N26 -> 0 | P27: =P26 -> 0 | Q27: =P27-P26 -> 0 | R27: 55047 | S27: =R27-R26 -> 0 | T27: =T26 -> 3641 | U27: =(T27-T26)*800/5 -> 0
A28: 44342 | B28: =B27 -> 45285 | C28: =(B28-B27)*800/5 -> 0 | D28: =D27 -> 39537 | E28: =(D28-D27)*800/5 -> 0 | F28: =F27 -> 20382 | G28: =(F28-F27)*100/5 -> 0 | H28: =H27 -> 241975 | I28: =(H28-H27) -> 0 | J28: 303517 | K28: =(J28-J27)*800/5 -> 0 | L28: =L27 -> 24952 | M28: =(L28-L27)*800/5 -> 0 | N28: =N27 -> 215516 | O28: =N28-N27 -> 0 | P28: =P27 -> 0 | Q28: =P28-P27 -> 0 | R28: 55047 | S28: =R28-R27 -> 0 | T28: =T27 -> 3641 | U28: =(T28-T27)*800/5 -> 0
A29: 44343 | B29: =B28 -> 45285 | C29: =(B29-B28)*800/5 -> 0 | D29: =D28 -> 39537 | E29: =(D29-D28)*800/5 -> 0 | F29: =F28 -> 20382 | G29: =(F29-F28)*100/5 -> 0 | H29: =H28 -> 241975 | I29: =(H29-H28) -> 0 | J29: 303517 | K29: =(J29-J28)*800/5 -> 0 | L29: =L28 -> 24952 | M29: =(L29-L28)*800/5 -> 0 | N29: =N28 -> 215516 | O29: =N29-N28 -> 0 | P29: =P28 -> 0 | Q29: =P29-P28 -> 0 | R29: 55047 | S29: =R29-R28 -> 0 | T29: =T28 -> 3641 | U29: =(T29-T28)*800/5 -> 0
A30: 44344 | B30: =B29 -> 45285 | C30: =(B30-B29)*800/5 -> 0 | D30: =D29 -> 39537 | E30: =(D30-D29)*800/5 -> 0 | F30: =F29 -> 20382 | G30: =(F30-F29)*100/5 -> 0 | H30: =H29 -> 241975 | I30: =(H30-H29) -> 0 | J30: =J29 -> 303517 | K30: =(J30-J29)*800/5 -> 0 | L30: =L29 -> 24952 | M30: =(L30-L29)*800/5 -> 0 | N30: =N29 -> 215516 | O30: =N30-N29 -> 0 | P30: =P29 -> 0 | Q30: =P30-P29 -> 0 | R30: 55047 | S30: =R30-R29 -> 0 | T30: =T29 -> 3641 | U30: =(T30-T29)*800/5 -> 0
A31: 44345 | B31: =B30 -> 45285 | C31: =(B31-B30)*800/5 -> 0 | D31: =D30 -> 39537 | E31: =(D31-D30)*800/5 -> 0 | F31: =F30 -> 20382 | G31: =(F31-F30)*100/5 -> 0 | H31: =H30 -> 241975 | I31: =(H31-H30) -> 0 | J31: =J30 -> 303517 | K31: =(J31-J30)*800/5 -> 0 | L31: =L30 -> 24952 | M31: =(L31-L30)*800/5 -> 0 | N31: =N30 -> 215516 | O31: =N31-N30 -> 0 | P31: =P30 -> 0 | Q31: =P31-P30 -> 0 | R31: =R30 -> 55047 | S31: =R31-R30 -> 0 | T31: =T30 -> 3641 | U31: =(T31-T30)*800/5 -> 0
A32: 44346 | B32: =B31 -> 45285 | C32: =(B32-B31)*800/5 -> 0 | D32: =D31 -> 39537 | E32: =(D32-D31)*800/5 -> 0 | F32: =F31 -> 20382 | G32: =(F32-F31)*100/5 -> 0 | H32: =H31 -> 241975 | I32: =(H32-H31) -> 0 | J32: =J31 -> 303517 | K32: =(J32-J31)*800/5 -> 0 | L32: =L31 -> 24952 | M32: =(L32-L31)*800/5 -> 0 | N32: =N31 -> 215516 | O32: =N32-N31 -> 0 | P32: =P31 -> 0 | Q32: =P32-P31 -> 0 | R32: 55047 | S32: =R32-R31 -> 0 | T32: =T31 -> 3641 | U32: =(T32-T31)*800/5 -> 0
A33: 44347 | B33: =B32 -> 45285 | C33: =(B33-B32)*800/5 -> 0 | D33: =D32 -> 39537 | E33: =(D33-D32)*800/5 -> 0 | F33: =F32 -> 20382 | G33: =(F33-F32)*100/5 -> 0 | H33: =H32 -> 241975 | I33: =(H33-H32) -> 0 | J33: =J32 -> 303517 | K33: =(J33-J32)*800/5 -> 0 | L33: =L32 -> 24952 | M33: =(L33-L32)*800/5 -> 0 | N33: =N32 -> 215516 | O33: =N33-N32 -> 0 | P33: =P32 -> 0 | Q33: =P33-P32 -> 0 | R33: 55047 | S33: =R33-R32 -> 0 | T33: =T32 -> 3641 | U33: =(T33-T32)*800/5 -> 0
A34: Total | C34: =SUM(C3:C33) -> 16000 | E34: =SUM(E3:E33) -> 10400 | G34: =SUM(G3:G33) -> 1320 | I34: =SUM(I3:I33) -> 1190 | K34: =SUM(K3:K33) -> 0 | M34: =SUM(M3:M33) -> 11200 | O34: =SUM(O3:O33) -> 70 | Q34: =SUM(Q3:Q33) -> -101751 | S34: =SUM(S3:S33) -> 0 | U34: =SUM(U3:U33) -> 3360

Sheet Water
A1: Day | B1: Main Reading | C1: Cons. | D1: Podium | E1: Cons. | F1: Hotel | G1: Cons. | H1: Large | I1: Cons. | J1: Total | K1: cost.LE
A2: 44316 | B2: 409858 | D2: 4167000 | F2: 2826800 | H2: 730558
A3: 44317 | B3: 409910 | C3: =(IF((B3-B2)<0,"0",(B3-B2)))*10 -> 520 | D3: 4177700 | E3: =(IF((D3-D2)<0,"0",(D3-D2)))*0.027 -> 288.9 | F3: 2836800 | G3: =(IF((F3-F2)<0,"0",(F3-F2)))*0.027 -> 270 | H3: 730662 | I3: =(IF((H3-H2)<0,"0",(H3-H2)))*0.027 -> 2.808 | J3: 1294.148 | K3: 7583.7073
A4: 44318 | B4: 409979 | C4: =(IF((B4-B3)<0,"0",(B4-B3)))*10 -> 690 | D4: 4192300 | E4: =(IF((D4-D3)<0,"0",(D4-D3)))*0.027 -> 394.2 | F4: 2847800 | G4: =(IF((F4-F3)<0,"0",(F4-F3)))*0.027 -> 297 | H4: 730794 | I4: =(IF((H4-H3)<0,"0",(H4-H3)))*0.027 -> 3.564 | J4: =C4+E4+G4+I4 -> 1384.764 | K4: =J4*5.86 -> 8114.717
A5: 44319 | B5: 410049 | C5: =(IF((B5-B4)<0,"0",(B5-B4)))*10 -> 700 | D5: 4205300 | E5: =(IF((D5-D4)<0,"0",(D5-D4)))*0.027 -> 351 | F5: 2862400 | G5: =(IF((F5-F4)<0,"0",(F5-F4)))*0.027 -> 394.2 | H5: 730912 | I5: =(IF((H5-H4)<0,"0",(H5-H4)))*0.027 -> 3.186 | J5: =C5+E5+G5+I5 -> 1448.386 | K5: =J5*5.86 -> 8487.542
A6: 44320 | B6: 410124 | C6: =(IF((B6-B5)<0,"0",(B6-B5)))*10 -> 750 | D6: 4217200 | E6: =(IF((D6-D5)<0,"0",(D6-D5)))*0.027 -> 321.3 | F6: 2880000 | G6: =(IF((F6-F5)<0,"0",(F6-F5)))*0.027 -> 475.2 | H6: 731061 | I6: =(IF((H6-H5)<0,"0",(H6-H5)))*0.027 -> 4.023 | J6: =C6+E6+G6+I6 -> 1550.523 | K6: =J6*5.86 -> 9086.0648
A7: 44321 | B7: 410212 | C7: =(IF((B7-B6)<0,"0",(B7-B6)))*10 -> 880 | D7: 4229000 | E7: =(IF((D7-D6)<0,"0",(D7-D6)))*0.027 -> 318.6 | F7: 2893100 | G7: =(IF((F7-F6)<0,"0",(F7-F6)))*0.027 -> 353.7 | H7: 731190 | I7: =(IF((H7-H6)<0,"0",(H7-H6)))*0.027 -> 3.483 | J7: =C7+E7+G7+I7 -> 1555.783 | K7: =J7*5.86 -> 9116.8884
A8: 44322 | B8: 410277 | C8: =(IF((B8-B7)<0,"0",(B8-B7)))*10 -> 650 | D8: 4238800 | E8: =(IF((D8-D7)<0,"0",(D8-D7)))*0.027 -> 264.6 | F8: 2905500 | G8: =(IF((F8-F7)<0,"0",(F8-F7)))*0.027 -> 334.8 | H8: 731318 | I8: =(IF((H8-H7)<0,"0",(H8-H7)))*0.027 -> 3.456 | J8: =C8+E8+G8+I8 -> 1252.856 | K8: =J8*5.86 -> 7341.7362
A9: 44323 | B9: 410342 | C9: =(IF((B9-B8)<0,"0",(B9-B8)))*10 -> 650 | D9: 4249000 | E9: =(IF((D9-D8)<0,"0",(D9-D8)))*0.027 -> 275.4 | F9: 2918000 | G9: =(IF((F9-F8)<0,"0",(F9-F8)))*0.027 -> 337.5 | H9: 731469 | I9: =(IF((H9-H8)<0,"0",(H9-H8)))*0.027 -> 4.077 | J9: =C9+E9+G9+I9 -> 1266.977 | K9: =J9*5.86 -> 7424.4852
A10: 44324 | B10: 410403 | C10: =(IF((B10-B9)<0,"0",(B10-B9)))*10 -> 610 | D10: 4259200 | E10: =(IF((D10-D9)<0,"0",(D10-D9)))*0.027 -> 275.4 | F10: 2932600 | G10: =(IF((F10-F9)<0,"0",(F10-F9)))*0.027 -> 394.2 | H10: 731615 | I10: =(IF((H10-H9)<0,"0",(H10-H9)))*0.027 -> 3.942 | J10: =C10+E10+G10+I10 -> 1283.542 | K10: =J10*5.86 -> 7521.5561
A11: 44325 | B11: 410464 | C11: =(IF((B11-B10)<0,"0",(B11-B10)))*10 -> 610 | D11: 4267900 | E11: =(IF((D11-D10)<0,"0",(D11-D10)))*0.027 -> 234.9 | F11: 2943900 | G11: =(IF((F11-F10)<0,"0",(F11-F10)))*0.027 -> 305.1 | H11: 731747 | I11: =(IF((H11-H10)<0,"0",(H11-H10)))*0.027 -> 3.564 | J11: =C11+E11+G11+I11 -> 1153.564 | K11: =J11*5.86 -> 6759.885
A12: 44326 | B12: 410532 | C12: =(IF((B12-B11)<0,"0",(B12-B11)))*10 -> 680 | D12: 4280700 | E12: =(IF((D12-D11)<0,"0",(D12-D11)))*0.027 -> 345.6 | F12: 2958300 | G12: =(IF((F12-F11)<0,"0",(F12-F11)))*0.027 -> 388.8 | H12: 731889 | I12: =(IF((H12-H11)<0,"0",(H12-H11)))*0.027 -> 3.834 | J12: =C12+E12+G12+I12 -> 1418.234 | K12: =J12*5.86 -> 8310.8512
A13: 44327 | B13: 410593 | C13: =(IF((B13-B12)<0,"0",(B13-B12)))*10 -> 610 | D13: 4291500 | E13: =(IF((D13-D12)<0,"0",(D13-D12)))*0.027 -> 291.6 | F13: 2971100 | G13: =(IF((F13-F12)<0,"0",(F13-F12)))*0.027 -> 345.6 | H13: 732004 | I13: =(IF((H13-H12)<0,"0",(H13-H12)))*0.027 -> 3.105 | J13: =C13+E13+G13+I13 -> 1250.305 | K13: =J13*5.86 -> 7326.7873
A14: 44328 | B14: 410654 | C14: =(IF((B14-B13)<0,"0",(B14-B13)))*10 -> 610 | D14: 4301400 | E14: =(IF((D14-D13)<0,"0",(D14-D13)))*0.027 -> 267.3 | F14: 2982600 | G14: =(IF((F14-F13)<0,"0",(F14-F13)))*0.027 -> 310.5 | H14: 732137 | I14: =(IF((H14-H13)<0,"0",(H14-H13)))*0.027 -> 3.591 | J14: =C14+E14+G14+I14 -> 1191.391 | K14: =J14*5.86 -> 6981.5513
A15: 44329 | B15: 410715 | C15: =(IF((B15-B14)<0,"0",(B15-B14)))*10 -> 610 | D15: 4313200 | E15: =(IF((D15-D14)<0,"0",(D15-D14)))*0.027 -> 318.6 | F15: 2994100 | G15: =(IF((F15-F14)<0,"0",(F15-F14)))*0.027 -> 310.5 | H15: 732203 | I15: =(IF((H15-H14)<0,"0",(H15-H14)))*0.027 -> 1.782 | J15: =C15+E15+G15+I15 -> 1240.882 | K15: =J15*5.86 -> 7271.5685
... A17: 44331 | B17: 410837 | C17: =(IF((B17-B16)<0,"0",(B17-B16)))*10 -> 610 | D17: 4337200 | E17: =(IF((D17-D16)<0,"0",(D17-D16)))*0.027 -> 340.2 | F17: 3022100 | G17: =(IF((F17-F16)<0,"0",(F17-F16)))*0.027 -> 575.1 | H17: 732341 | I17: =(IF((H17-H16)<0,"0",(H17-H16)))*0.027 -> 2.133 | J17: =C17+E17+G17+I17 -> 1527.433 | K17: =J17*5.86 -> 8950.7574
A18: 44332 | B18: 410890 | C18: =(IF((B18-B17)<0,"0",(B18-B17)))*10 -> 530 | D18: 4349600 | E18: =(IF((D18-D17)<0,"0",(D18-D17)))*0.027 -> 334.8 | F18: 3038600 | G18: =(IF((F18-F17)<0,"0",(F18-F17)))*0.027 -> 445.5 | H18: 732442 | I18: =(IF((H18-H17)<0,"0",(H18-H17)))*0.027 -> 2.727 | J18: =C18+E18+G18+I18 -> 1313.027 | K18: =J18*5.86 -> 7694.3382 | Q18: `
A19: 44333 | B19: 411015 | C19: =(IF((B19-B18)<0,"0",(B19-B18)))*10 -> 1250 | D19: 4363600 | E19: =(IF((D19-D18)<0,"0",(D19-D18)))*0.027 -> 378 | F19: 3061600 | G19: =(IF((F19-F18)<0,"0",(F19-F18)))*0.027 -> 621 | H19: 732585 | I19: =(IF((H19-H18)<0,"0",(H19-H18)))*0.027 -> 3.861 | J19: =C19+E19+G19+I19 -> 2252.861 | K19: =J19*5.86 -> 13201.765
A20: 44334 | B20: 411098 | C20: =(IF((B20-B19)<0,"0",(B20-B19)))*10 -> 830 | D20: 4377900 | E20: =(IF((D20-D19)<0,"0",(D20-D19)))*0.027 -> 386.1 | F20: 3064800 | G20: =(IF((F20-F19)<0,"0",(F20-F19)))*0.027 -> 86.4 | H20: 732722 | I20: =(IF((H20-H19)<0,"0",(H20-H19)))*0.027 -> 3.699 | J20: =C20+E20+G20+I20 -> 1306.199 | K20: =J20*5.86 -> 7654.3261
A21: 44335 | B21: 411218 | C21: =(IF((B21-B20)<0,"0",(B21-B20)))*10 -> 1200 | D21: 4377900 | E21: =(IF((D21-D20)<0,"0",(D21-D20)))*0.027 -> 0 | F21: 3080100 | G21: =(IF((F21-F20)<0,"0",(F21-F20)))*0.027 -> 413.1 | H21: 732838 | I21: =(IF((H21-H20)<0,"0",(H21-H20)))*0.027 -> 3.132 | J21: =C21+E21+G21+I21 -> 1616.232 | K21: =J21*5.86 -> 9471.1195
A22: 44336 | B22: 411265 | C22: =(IF((B22-B21)<0,"0",(B22-B21)))*10 -> 470 | D22: 4377900 | E22: =(IF((D22-D21)<0,"0",(D22-D21)))*0.027 -> 0 | F22: 3095800 | G22: =(IF((F22-F21)<0,"0",(F22-F21)))*0.027 -> 423.9 | H22: 732984 | I22: =(IF((H22-H21)<0,"0",(H22-H21)))*0.027 -> 3.942 | J22: =C22+E22+G22+I22 -> 897.842 | K22: =J22*5.86 -> 5261.3541
A23: 44337 | B23: 411340 | C23: =(IF((B23-B22)<0,"0",(B23-B22)))*10 -> 750 | D23: 4377900 | E23: =(IF((D23-D22)<0,"0",(D23-D22)))*0.027 -> 0 | F23: 3110100 | G23: =(IF((F23-F22)<0,"0",(F23-F22)))*0.027 -> 386.1 | H23: 733103 | I23: =(IF((H23-H22)<0,"0",(H23-H22)))*0.027 -> 3.213 | J23: =C23+E23+G23+I23 -> 1139.313 | K23: =J23*5.86 -> 6676.3742
A24: 44338 | B24: 411529 | C24: =(IF((B24-B23)<0,"0",(B24-B23)))*10 -> 1890 | D24: =D23 -> 4377900 | E24: =(IF((D24-D23)<0,"0",(D24-D23)))*0.027 -> 0 | F24: 3122800 | G24: =(IF((F24-F23)<0,"0",(F24-F23)))*0.027 -> 342.9 | H24: 733217 | I24: =(IF((H24-H23)<0,"0",(H24-H23)))*0.027 -> 3.078 | J24: =C24+E24+G24+I24 -> 2235.978 | K24: =J24*5.86 -> 13102.831
A25: 44339 | B25: =B24 -> 411529 | C25: =(IF((B25-B24)<0,"0",(B25-B24)))*10 -> 0 | D25: =D24 -> 4377900 | E25: =(IF((D25-D24)<0,"0",(D25-D24)))*0.027 -> 0 | F25: =F24 -> 3122800 | G25: =F25-F24 -> 0 | H25: =H24 -> 733217 | I25: =(IF((H25-H24)<0,"0",(H25-H24)))*0.027 -> 0 | J25: =C25+E25+G25+I25 -> 0 | K25: =J25*5.86 -> 0
A26: 44340 | B26: =B25 -> 411529 | C26: =(IF((B26-B25)<0,"0",(B26-B25)))*10 -> 0 | D26: =D25 -> 4377900 | E26: =(IF((D26-D25)<0,"0",(D26-D25)))*0.027 -> 0 | F26: =F25 -> 3122800 | G26: =(IF((F26-F25)<0,"0",(F26-F25)))*0.027 -> 0 | H26: =H25 -> 733217 | I26: =(IF((H26-H25)<0,"0",(H26-H25)))*0.027 -> 0 | J26: =C26+E26+G26+I26 -> 0 | K26: =J26*5.86 -> 0
A27: 44341 | B27: =B26 -> 411529 | C27: =(IF((B27-B26)<0,"0",(B27-B26)))*10 -> 0 | D27: =D26 -> 4377900 | E27: =(IF((D27-D26)<0,"0",(D27-D26)))*0.027 -> 0 | F27: =F26 -> 3122800 | G27: =(IF((F27-F26)<0,"0",(F27-F26)))*0.027 -> 0 | H27: =H26 -> 733217 | I27: =(IF((H27-H26)<0,"0",(H27-H26)))*0.027 -> 0 | J27: =C27+E27+G27+I27 -> 0 | K27: =J27*5.86 -> 0
A28: 44342 | B28: =B27 -> 411529 | C28: =(IF((B28-B27)<0,"0",(B28-B27)))*10 -> 0 | D28: =D27 -> 4377900 | E28: =(IF((D28-D27)<0,"0",(D28-D27)))*0.027 -> 0 | F28: =F27 -> 3122800 | G28: =(IF((F28-F27)<0,"0",(F28-F27)))*0.027 -> 0 | H28: =H27 -> 733217 | I28: =(IF((H28-H27)<0,"0",(H28-H27)))*0.027 -> 0 | J28: =C28+E28+G28+I28 -> 0 | K28: =J28*5.86 -> 0
A29: 44343 | B29: =B28 -> 411529 | C29: =(IF((B29-B28)<0,"0",(B29-B28)))*10 -> 0 | D29: =D28 -> 4377900 | E29: =(IF((D29-D28)<0,"0",(D29-D28)))*0.027 -> 0 | F29: =F28 -> 3122800 | G29: =(IF((F29-F28)<0,"0",(F29-F28)))*0.027 -> 0 | H29: =H28 -> 733217 | I29: =(IF((H29-H28)<0,"0",(H29-H28)))*0.027 -> 0 | J29: =C29+E29+G29+I29 -> 0 | K29: =J29*5.86 -> 0
A30: 44344 | B30: =B29 -> 411529 | C30: =(IF((B30-B29)<0,"0",(B30-B29)))*10 -> 0 | D30: =D29 -> 4377900 | E30: =(IF((D30-D29)<0,"0",(D30-D29)))*0.027 -> 0 | F30: =F29 -> 3122800 | G30: =(IF((F30-F29)<0,"0",(F30-F29)))*0.027 -> 0 | H30: =H29 -> 733217 | I30: =(IF((H30-H29)<0,"0",(H30-H29)))*0.027 -> 0 | J30: =C30+E30+G30+I30 -> 0 | K30: =J30*5.86 -> 0
A31: 44345 | B31: =B30 -> 411529 | C31: =(IF((B31-B30)<0,"0",(B31-B30)))*10 -> 0 | D31: =D30 -> 4377900 | E31: =(IF((D31-D30)<0,"0",(D31-D30)))*0.027 -> 0 | F31: =F30 -> 3122800 | G31: =(IF((F31-F30)<0,"0",(F31-F30)))*0.027 -> 0 | H31: =H30 -> 733217 | I31: =(IF((H31-H30)<0,"0",(H31-H30)))*0.027 -> 0 | J31: =C31+E31+G31+I31 -> 0 | K31: =J31*5.86 -> 0
A32: 44346 | B32: =B31 -> 411529 | C32: =(IF((B32-B31)<0,"0",(B32-B31)))*10 -> 0 | D32: =D31 -> 4377900 | E32: =(IF((D32-D31)<0,"0",(D32-D31)))*0.027 -> 0 | F32: =F31 -> 3122800 | G32: =(IF((F32-F31)<0,"0",(F32-F31)))*0.027 -> 0 | H32: =H31 -> 733217 | I32: =(IF((H32-H31)<0,"0",(H32-H31)))*0.027 -> 0 | J32: =C32+E32+G32+I32 -> 0 | K32: =J32*5.86 -> 0
A33: 44347 | B33: =B32 -> 411529 | C33: =(IF((B33-B32)<0,"0",(B33-B32)))*10 -> 0 | D33: =D32 -> 4377900 | E33: =(IF((D33-D32)<0,"0",(D33-D32)))*0.027 -> 0 | F33: =F32 -> 3122800 | G33: =(IF((F33-F32)<0,"0",(F33-F32)))*0.027 -> 0 | H33: =H32 -> 733217 | I33: =(IF((H33-H32)<0,"0",(H33-H32)))*0.027 -> 0 | J33: =C33+E33+G33+I33 -> 0 | K33: =J33*5.86 -> 0
A34: Total | C34: =SUM(C3:C33) -> 16710 | E34: =SUM(E3:E33) -> 5694.3 | G34: =SUM(G3:G33) -> 7992 | I34: =SUM(I3:I33) -> 71.793 | J34: =SUM(J3:J33) -> 30680.533 | K34: =SUM(K3:K33) -> 179787.92

Sheet ELECT.
A1: Day | B1: Rooms Sold | C1: New Chillers | D1: Cons | E1: F-1 | F1: Cons. | G1: F-2 | H1: Cons. | I1: Total | J1: T-1 | K1: Cons. | L1: T-2 | M1: Cons. | N1: T-3 | O1: Cons. | P1: T-4 | Q1: Cons. | R1: T-5 | S1: Cons. | T1: T-6 | U1: Cons. | V1: T-7 | W1: Cons. | X1: Total | Y1: Diff | Z1: Daily Money Value | AA1: MTD Total Money
A2: 44316 | C2: 18151 | E2: 25714262 | G2: 81240726 | I2: =F2+H2 -> 0 | J2: 7916972 | L2: 7931158 | N2: 5068618 | P2: 3187872 | R2: 17259708 | T2: 0 | V2: 4897522
A3: 44317 | B3: 78 | C3: 18153 | D3: =IF((C3-C2)<0,"0",(C3-C2))*160 -> 320 | E3: 25720195 | F3: =IF((E3-E2)<0,"0",(E3-E2)) -> 5933 | G3: 81283913 | H3: =IF((G3-G2)<0,"0",(G3-G2)) -> 43187 | I3: =F3+H3 -> 49120 | J3: 7921769 | K3: =IF((J3-J2)<0,"0",(J3-J2)) -> 4797 | L3: 7934788 | M3: =IF((L3-L2)<0,"0",(L3-L2)) -> 3630 | N3: 5069611 | O3: =(IF((N3-N2)<P95,"0",(N3-N2)))*2 -> 1986 | P3: 3198498 | Q3: =IF((P3-P2)<0,"0",(P3-P2)) -> 10626 | R3: 17267610 | S3: =IF((R3-R2)<0,"0",(R3-R2)) -> 7902 | T3: 0 | V3: 4906960 | W3: =IF((V3-V2)<0,"0",(V3-V2)) -> 9438 | X3: =K3+M3+O3+Q3+S3+U3+W3 -> 38379 | Y3: =I3-X3 -> 10741 | Z3: =(0.93352*(W3+S3)+0.5568*(Q3+O3))*0.26 -> 6034.4956 | AA3: =SUM(Z1:Z3) -> 6034.4956
A4: 44318 | B4: 79 | C4: 18156 | D4: =IF((C4-C3)<0,"0",(C4-C3))*160 -> 480 | E4: 25725729 | F4: =IF((E4-E3)<0,"0",(E4-E3)) -> 5534 | G4: 81325548 | H4: =IF((G4-G3)<0,"0",(G4-G3)) -> 41635 | I4: =F4+H4 -> 47169 | J4: 7926437 | K4: =IF((J4-J3)<0,"0",(J4-J3)) -> 4668 | L4: 7938147 | M4: =IF((L4-L3)<0,"0",(L4-L3)) -> 3359 | N4: 5070740 | O4: =(IF((N4-N3)<P96,"0",(N4-N3)))*2 -> 2258 | P4: 3208656 | Q4: =IF((P4-P3)<0,"0",(P4-P3)) -> 10158 | R4: 17275354 | S4: =IF((R4-R3)<0,"0",(R4-R3)) -> 7744 | T4: 0 | V4: 4915984 | W4: =IF((V4-V3)<0,"0",(V4-V3)) -> 9024 | X4: =K4+M4+O4+Q4+S4+U4+W4 -> 37211 | Y4: =I4-X4 -> 9958 | Z4: =(0.93352*(W4+S4)+0.5568*(Q4+O4))*0.26 -> 5867.288 | AA4: =SUM(Z2:Z4) -> 11901.784
A5: 44319 | B5: 92 | C5: 18159 | D5: =IF((C5-C4)<0,"0",(C5-C4))*160 -> 480 | E5: 25731976 | F5: =IF((E5-E4)<0,"0",(E5-E4)) -> 6247 | G5: 81370260 | H5: =IF((G5-G4)<0,"0",(G5-G4)) -> 44712 | I5: =F5+H5 -> 50959 | J5: 7931299 | K5: =IF((J5-J4)<0,"0",(J5-J4)) -> 4862 | L5: 7941970 | M5: =IF((L5-L4)<0,"0",(L5-L4)) -> 3823 | N5: 5071888 | O5: =(IF((N5-N4)<0,"0",(N5-N4)))*2 -> 2296 | P5: 3220251 | Q5: =IF((P5-P4)<0,"0",(P5-P4)) -> 11595 | R5: 17283516 | S5: =IF((R5-R4)<0,"0",(R5-R4)) -> 8162 | T5: 0 | V5: 4925498 | W5: =IF((V5-V4)<0,"0",(V5-V4)) -> 9514 | X5: =K5+M5+O5+Q5+S5+U5+W5 -> 40252 | Y5: =I5-X5 -> 10707 | Z5: =(0.93352*(W5+S5)+0.5568*(Q5+O5))*0.26 -> 6301.2062 | AA5: =SUM(Z3:Z5) -> 18202.99
A6: 44320 | B6: 68 | C6: 18163 | D6: =IF((C6-C5)<0,"0",(C6-C5))*160 -> 640 | E6: 25743251 | F6: =IF((E6-E5)<0,"0",(E6-E5)) -> 11275 | G6: 81428207 | H6: =IF((G6-G5)<0,"0",(G6-G5)) -> 57947 | I6: =F6+H6 -> 69222 | J6: 7938080 | K6: =IF((J6-J5)<0,"0",(J6-J5)) -> 6781 | L6: 7947090 | M6: =IF((L6-L5)<0,"0",(L6-L5)) -> 5120 | N6: 5074884 | O6: =(IF((N6-N5)<0,"0",(N6-N5)))*2 -> 5992 | P6: 3234588 | Q6: =IF((P6-P5)<0,"0",(P6-P5)) -> 14337 | R6: 17293950 | S6: =IF((R6-R5)<0,"0",(R6-R5)) -> 10434 | T6: 0 | V6: 4938012 | W6: =IF((V6-V5)<0,"0",(V6-V5)) -> 12514 | X6: =K6+M6+O6+Q6+S6+U6+W6 -> 55178 | Y6: =I6-X6 -> 14044 | Z6: =(0.93352*(W6+S6)+0.5568*(Q6+O6))*0.26 -> 8512.8171 | AA6: =SUM(Z4:Z6) -> 20681.311
A7: 44321 | B7: 93 | C7: 18166 | D7: =IF((C7-C6)<0,"0",(C7-C6))*160 -> 480 | E7: 25755169 | F7: =IF((E7-E6)<0,"0",(E7-E6)) -> 11918 | G7: 81472963 | H7: =IF((G7-G6)<0,"0",(G7-G6)) -> 44756 | I7: =F7+H7 -> 56674 | J7: 7943610 | K7: =IF((J7-J6)<0,"0",(J7-J6)) -> 5530 | L7: 7950625 | M7: =IF((L7-L6)<0,"0",(L7-L6)) -> 3535 | N7: 5078992 | O7: =(IF((N7-N6)<0,"0",(N7-N6)))*2 -> 8216 | P7: 3244942 | Q7: =IF((P7-P6)<0,"0",(P7-P6)) -> 10354 | R7: 17302465 | S7: =IF((R7-R6)<0,"0",(R7-R6)) -> 8515 | T7: 0 | V7: 4947638 | W7: =IF((V7-V6)<0,"0",(V7-V6)) -> 9626 | X7: =K7+M7+O7+Q7+S7+U7+W7 -> 45776 | Y7: =I7-X7 -> 10898 | Z7: =(0.93352*(W7+S7)+0.5568*(Q7+O7))*0.26 -> 7091.4382 | AA7: =SUM(Z4:Z7) -> 27772.749
A8: 44322 | B8: 65 | C8: 18168 | D8: =IF((C8-C7)<0,"0",(C8-C7))*160 -> 320 | E8: 25770238 | F8: =IF((E8-E7)<0,"0",(E8-E7)) -> 15069 | G8: 81528158 | H8: =IF((G8-G7)<0,"0",(G8-G7)) -> 55195 | I8: =F8+H8 -> 70264 | J8: 7950151 | K8: =IF((J8-J7)<0,"0",(J8-J7)) -> 6541 | L8: 7955364 | M8: =IF((L8-L7)<0,"0",(L8-L7)) -> 4739 | N8: 5084044 | O8: =(IF((N8-N7)<0,"0",(N8-N7)))*2 -> 10104 | P8: 3251135 | Q8: =IF((P8-P7)<0,"0",(P8-P7)) -> 6193 | R8: 17313405 | S8: =IF((R8-R7)<0,"0",(R8-R7)) -> 10940 | T8: 0 | V8: 4959688 | W8: =IF((V8-V7)<0,"0",(V8-V7)) -> 12050 | X8: =K8+M8+O8+Q8+S8+U8+W8 -> 50567 | Y8: =I8-X8 -> 19697 | Z8: =(0.93352*(W8+S8)+0.5568*(Q8+O8))*0.26 -> 7939.3065 | AA8: =SUM(Z5:Z8) -> 29844.768
A9: 44323 | B9: 71 | C9: 18171 | D9: =IF((C9-C8)<0,"0",(C9-C8))*160 -> 480 | E9: 25781073 | F9: =IF((E9-E8)<0,"0",(E9-E8)) -> 10835 | G9: 81568286 | H9: =IF((G9-G8)<0,"0",(G9-G8)) -> 40128 | I9: =F9+H9 -> 50963 | J9: 7904613 | K9: =IF((J9-J8)<0,"0",(J9-J8)) -> 0 | L9: 7908626 | M9: =IF((L9-L8)<0,"0",(L9-L8)) -> 0 | N9: 5087770 | O9: =(IF((N9-N8)<0,"0",(N9-N8)))*2 -> 7452 | P9: 3265892 | Q9: =IF((P9-P8)<0,"0",(P9-P8)) -> 14757 | R9: 17321405 | S9: =IF((R9-R8)<0,"0",(R9-R8)) -> 8000 | T9: 0 | V9: 4968730 | W9: =IF((V9-V8)<0,"0",(V9-V8)) -> 9042 | X9: =K9+M9+O9+Q9+S9+U9+W9 -> 39251 | Y9: =I9-X9 -> 11712 | Z9: =(0.93352*(W9+S9)+0.5568*(Q9+O9))*0.26 -> 7351.505 | AA9: =SUM(Z6:Z9) -> 30895.067
A10: 44324 | B10: 72 | C10: 18174 | D10: =IF((C10-C9)<0,"0",(C10-C9))*160 -> 480 | E10: 25794506 | F10: =IF((E10-E9)<0,"0",(E10-E9)) -> 13433 | G10: 81620717 | H10: =IF((G10-G9)<0,"0",(G10-G9)) -> 52431 | I10: =F10+H10 -> 65864 | J10: 7960605 | K10: =IF((J10-J9)<0,"0",(J10-J9)) -> 55992 | L10: 7962208 | M10: =IF((L10-L9)<0,"0",(L10-L9)) -> 53582 | N10: 5092610 | O10: =(IF((N10-N9)<0,"0",(N10-N9)))*2 -> 9680 | P10: 3277374 | Q10: =IF((P10-P9)<0,"0",(P10-P9)) -> 11482 | R10: 17331751 | S10: =IF((R10-R9)<0,"0",(R10-R9)) -> 10346 | T10: 0 | V10: 4980391 | W10: =IF((V10-V9)<0,"0",(V10-V9)) -> 11661 | X10: =K10+M10+O10+Q10+S10+U10+W10 -> 152743 | Y10: =I10-X10 -> -86879 | Z10: =(0.93352*(W10+S10)+0.5568*(Q10+O10))*0.26 -> 8405.0138 | AA10: =SUM(Z7:Z10) -> 30787.264
A11: 44325 | B11: 85 | C11: 18178 | D11: =IF((C11-C10)<0,"0",(C11-C10))*160 -> 640 | E11: 25808616 | F11: =IF((E11-E10)<0,"0",(E11-E10)) -> 14110 | G11: 81669964 | H11: =IF((G11-G10)<0,"0",(G11-G10)) -> 49247 | I11: =F11+H11 -> 63357 | J11: 7966422 | K11: =IF((J11-J10)<0,"0",(J11-J10)) -> 5817 | L11: 7966838 | M11: =IF((L11-L10)<0,"0",(L11-L10)) -> 4630 | N11: 5097256 | O11: =(IF((N11-N10)<0,"0",(N11-N10)))*2 -> 9292 | P11: 3289068 | Q11: =IF((P11-P10)<0,"0",(P11-P10)) -> 11694 | R11: 17342563 | S11: =IF((R11-R10)<0,"0",(R11-R10)) -> 10812 | T11: 0 | V11: 4990742 | W11: =IF((V11-V10)<0,"0",(V11-V10)) -> 10351 | X11: =K11+M11+O11+Q11+S11+U11+W11 -> 52596 | Y11: =I11-X11 -> 10761 | Z11: =(0.93352*(W11+S11)+0.5568*(Q11+O11))*0.26 -> 8174.683 | AA11: =SUM(Z8:Z11) -> 31870.508
A12: 44326 | B12: 80 | C12: 18183 | D12: =IF((C12-C11)<0,"0",(C12-C11))*160 -> 800 | E12: 25821937 | F12: =IF((E12-E11)<0,"0",(E12-E11)) -> 13321 | G12: 81714968 | H12: =IF((G12-G11)<0,"0",(G12-G11)) -> 45004 | I12: =F12+H12 -> 58325 | J12: 7971830 | K12: =IF((J12-J11)<0,"0",(J12-J11)) -> 5408 | L12: 7971332 | M12: =IF((L12-L11)<0,"0",(L12-L11)) -> 4494 | N12: 5101583 | O12: =(IF((N12-N11)<0,"0",(N12-N11)))*2 -> 8654 | P12: 3299760 | Q12: =IF((P12-P11)<0,"0",(P12-P11)) -> 10692 | R12: 17350701 | S12: =IF((R12-R11)<0,"0",(R12-R11)) -> 8138 | T12: 0 | V12: 5000030 | W12: =IF((V12-V11)<0,"0",(V12-V11)) -> 9288 | X12: =K12+M12+O12+Q12+S12+U12+W12 -> 46674 | Y12: =I12-X12 -> 11651 | Z12: =(0.93352*(W12+S12)+0.5568*(Q12+O12))*0.26 -> 7030.2368 | AA12: =SUM(Z9:Z12) -> 30961.439
A13: 44327 | B13: 81 | C13: 18186 | D13: =IF((C13-C12)<0,"0",(C13-C12))*160 -> 480 | E13: 25838382 | F13: =IF((E13-E12)<0,"0",(E13-E12)) -> 16445 | G13: 81759125 | H13: =IF((G13-G12)<0,"0",(G13-G12)) -> 44157 | I13: =F13+H13 -> 60602 | J13: 7977214 | K13: =IF((J13-J12)<0,"0",(J13-J12)) -> 5384 | L13: 7977089 | M13: =IF((L13-L12)<0,"0",(L13-L12)) -> 5757 | N13: 5106839 | O13: =(IF((N13-N12)<0,"0",(N13-N12)))*2 -> 10512 | P13: 3309968 | Q13: =IF((P13-P12)<0,"0",(P13-P12)) -> 10208 | R13: 17359543 | S13: =IF((R13-R12)<0,"0",(R13-R12)) -> 8842 | T13: 0 | V13: 5009307 | W13: =IF((V13-V12)<0,"0",(V13-V12)) -> 9277 | X13: =K13+M13+O13+Q13+S13+U13+W13 -> 49980 | Y13: =I13-X13 -> 10622 | Z13: =(0.93352*(W13+S13)+0.5568*(Q13+O13))*0.26 -> 7397.3497 | AA13: =SUM(Z10:Z13) -> 31007.283
A14: 44328 | C14: 18189 | D14: =IF((C14-C13)<0,"0",(C14-C13))*160 -> 480 | E14: 25857792 | F14: =IF((E14-E13)<0,"0",(E14-E13)) -> 19410 | G14: 81811344 | H14: =IF((G14-G13)<0,"0",(G14-G13)) -> 52219 | I14: =F14+H14 -> 71629 | J14: 7983190 | K14: =IF((J14-J13)<0,"0",(J14-J13)) -> 5976 | L14: 7983190 | M14: =IF((L14-L13)<0,"0",(L14-L13)) -> 6101 | N14: 5113391 | O14: =(IF((N14-N13)<0,"0",(N14-N13)))*2 -> 13104 | P14: 3321597 | Q14: =IF((P14-P13)<0,"0",(P14-P13)) -> 11629 | R14: 17369832 | S14: =IF((R14-R13)<0,"0",(R14-R13)) -> 10289 | T14: 0 | V14: 5020767 | W14: =IF((V14-V13)<0,"0",(V14-V13)) -> 11460 | X14: =K14+M14+O14+Q14+S14+U14+W14 -> 58559 | Y14: =I14-X14 -> 13070 | Z14: =(0.93352*(W14+S14)+0.5568*(Q14+O14))*0.26 -> 8859.3598 | AA14: =SUM(Z11:Z14) -> 31461.629
A15: 44329 | B15: 98 | C15: 18192 | D15: =IF((C15-C14)<0,"0",(C15-C14))*160 -> 480 | E15: 25875602 | F15: =IF((E15-E14)<0,"0",(E15-E14)) -> 17810 | G15: 81857249 | H15: =IF((G15-G14)<0,"0",(G15-G14)) -> 45905 | I15: =F15+H15 -> 63715 | J15: 7988227 | K15: =IF((J15-J14)<0,"0",(J15-J14)) -> 5037 | L15: 7988644 | M15: =IF((L15-L14)<0,"0",(L15-L14)) -> 5454 | N15: 5119450 | O15: =(IF((N15-N14)<0,"0",(N15-N14)))*2 -> 12118 | P15: 3331714 | Q15: =IF((P15-P14)<0,"0",(P15-P14)) -> 10117 | R15: 17379050 | S15: =IF((R15-R14)<0,"0",(R15-R14)) -> 9218 | T15: 0 | V15: 5030900 | W15: =IF((V15-V14)<0,"0",(V15-V14)) -> 10133 | X15: =K15+M15+O15+Q15+S15+U15+W15 -> 52077 | Y15: =I15-X15 -> 11638 | Z15: =(0.93352*(W15+S15)+0.5568*(Q15+O15))*0.26 -> 7915.6983 | AA15: =SUM(Z12:Z15) -> 31202.645
A16: 44330 | B16: 123 | C16: 18194 | D16: =IF((C16-C15)<0,"0",(C16-C15))*160 -> 320 | E16: 25890218 | F16: =IF((E16-E15)<0,"0",(E16-E15)) -> 14616 | G16: 81898700 | H16: =IF((G16-G15)<0,"0",(G16-G15)) -> 41451 | I16: =F16+H16 -> 56067 | J16: 7992757 | K16: =IF((J16-J15)<0,"0",(J16-J15)) -> 4530 | L16: 7992757 | M16: =IF((L16-L15)<0,"0",(L16-L15)) -> 4113 | N16: 5124479 | O16: =(IF((N16-N15)<0,"0",(N16-N15)))*2 -> 10058 | P16: 3340187 | Q16: =IF((P16-P15)<0,"0",(P16-P15)) -> 8473 | R16: 17387639 | S16: =IF((R16-R15)<0,"0",(R16-R15)) -> 8589 | T16: 0 | V16: 5040044 | W16: =IF((V16-V15)<0,"0",(V16-V15)) -> 9144 | X16: =K16+M16+O16+Q16+S16+U16+W16 -> 44907 | Y16: =I16-X16 -> 11160 | Z16: =(0.93352*(W16+S16)+0.5568*(Q16+O16))*0.26 -> 6986.7644 | AA16: =SUM(Z13:Z16) -> 31159.172
A17: 44331 | B17: 104 | C17: 18196 | D17: =IF((C17-C16)<0,"0",(C17-C16))*160 -> 320 | E17: 25905939 | F17: =IF((E17-E16)<0,"0",(E17-E16)) -> 15721 | G17: 81942484 | H17: =IF((G17-G16)<0,"0",(G17-G16)) -> 43784 | I17: =F17+H17 -> 59505 | J17: 7997575 | K17: =IF((J17-J16)<0,"0",(J17-J16)) -> 4818 | L17: 7997496 | M17: =IF((L17-L16)<0,"0",(L17-L16)) -> 4739 | N17: 5130033 | O17: =(IF((N17-N16)<0,"0",(N17-N16)))*2 -> 11108 | P17: 3350116 | Q17: =IF((P17-P16)<0,"0",(P17-P16)) -> 9929 | R17: 17396828 | S17: =IF((R17-R16)<0,"0",(R17-R16)) -> 9189 | T17: 0 | V17: 5049694 | W17: =IF((V17-V16)<0,"0",(V17-V16)) -> 9650 | X17: =K17+M17+O17+Q17+S17+U17+W17 -> 49433 | Y17: =I17-X17 -> 10072 | Z17: =(0.93352*(W17+S17)+0.5568*(Q17+O17))*0.26 -> 7617.9961 | AA17: =SUM(Z14:Z17) -> 31379.819
A18: 44332 | B18: 75 | C18: 18199 | D18: =IF((C18-C17)<0,"0",(C18-C17))*160 -> 480 | E18: 25924968 | F18: =IF((E18-E17)<0,"0",(E18-E17)) -> 19029 | G18: 81992107 | H18: =IF((G18-G17)<0,"0",(G18-G17)) -> 49623 | I18: =F18+H18 -> 68652 | J18: 8003146 | K18: =IF((J18-J17)<0,"0",(J18-J17)) -> 5571 | L18: 8003180 | M18: =IF((L18-L17)<0,"0",(L18-L17)) -> 5684 | N18: 5136611 | O18: =(IF((N18-N17)<0,"0",(N18-N17)))*2 -> 13156 | P18: 3361023 | Q18: =IF((P18-P17)<0,"0",(P18-P17)) -> 10907 | R18: 17407046 | S18: =IF((R18-R17)<0,"0",(R18-R17)) -> 10218 | T18: 0 | V18: 5060522 | W18: =IF((V18-V17)<0,"0",(V18-V17)) -> 10828 | X18: =K18+M18+O18+Q18+S18+U18+W18 -> 56364 | Y18: =I18-X18 -> 12288 | Z18: =(0.93352*(W18+S18)+0.5568*(Q18+O18))*0.26 -> 8591.7365 | AA18: =SUM(Z15:Z18) -> 31112.195
A19: 44333 | B19: 132 | C19: 18202 | D19: =IF((C19-C18)<0,"0",(C19-C18))*160 -> 480 | E19: 25941548 | F19: =IF((E19-E18)<0,"0",(E19-E18)) -> 16580 | G19: 82037396 | H19: =IF((G19-G18)<0,"0",(G19-G18)) -> 45289 | I19: =F19+H19 -> 61869 | J19: 8008741 | K19: =IF((J19-J18)<0,"0",(J19-J18)) -> 5595 | L19: 8008615 | M19: =IF((L19-L18)<0,"0",(L19-L18)) -> 5435 | N19: 5142076 | O19: =(IF((N19-N18)<0,"0",(N19-N18)))*2 -> 10930 | P19: 3370792 | Q19: =IF((P19-P18)<0,"0",(P19-P18)) -> 9769 | R19: 17416162 | S19: =IF((R19-R18)<0,"0",(R19-R18)) -> 9116 | T19: 0 | V19: 5070294 | W19: =IF((V19-V18)<0,"0",(V19-V18)) -> 9772 | X19: =K19+M19+O19+Q19+S19+U19+W19 -> 50617 | Y19: =I19-X19 -> 11252 | Z19: =(0.93352*(W19+S19)+0.5568*(Q19+O19))*0.26 -> 7580.9575 | AA19: =SUM(Z16:Z19) -> 30777.455
A20: 44334 | B20: 151 | C20: 18204 | D20: =IF((C20-C19)<0,"0",(C20-C19))*160 -> 320 | E20: 25954959 | F20: =IF((E20-E19)<0,"0",(E20-E19)) -> 13411 | G20: 82086652 | H20: =IF((G20-G19)<0,"0",(G20-G19)) -> 49256 | I20: =F20+H20 -> 62667 | J20: 8014571 | K20: =IF((J20-J19)<0,"0",(J20-J19)) -> 5830 | L20: 8012868 | M20: =IF((L20-L19)<0,"0",(L20-L19)) -> 4253 | N20: 5146557 | O20: =(IF((N20-N19)<0,"0",(N20-N19)))*2 -> 8962 | P20: 3381660 | Q20: =IF((P20-P19)<0,"0",(P20-P19)) -> 10868 | R20: 17425893 | S20: =IF((R20-R19)<0,"0",(R20-R19)) -> 9731 | T20: 0 | V20: 5081090 | W20: =IF((V20-V19)<0,"0",(V20-V19)) -> 10796 | X20: =K20+M20+O20+Q20+S20+U20+W20 -> 50440 | Y20: =I20-X20 -> 12227 | Z20: =(0.93352*(W20+S20)+0.5568*(Q20+O20))*0.26 -> 7852.9644 | AA20: =SUM(Z17:Z20) -> 31643.654
A21: 44335 | B21: 164 | C21: 18208 | D21: =IF((C21-C20)<0,"0",(C21-C20))*160 -> 640 | E21: 25966092 | F21: =IF((E21-E20)<0,"0",(E21-E20)) -> 11133 | G21: 82126742 | H21: =IF((G21-G20)<0,"0",(G21-G20)) -> 40090 | I21: =F21+H21 -> 51223 | J21: 8019536 | K21: =IF((J21-J20)<0,"0",(J21-J20)) -> 4965 | L21: 8016472 | M21: =IF((L21-L20)<0,"0",(L21-L20)) -> 3604 | N21: 5150261 | O21: =(IF((N21-N20)<0,"0",(N21-N20)))*2 -> 7408 | P21: 3390687 | Q21: =IF((P21-P20)<0,"0",(P21-P20)) -> 9027 | R21: 17433958 | S21: =IF((R21-R20)<0,"0",(R21-R20)) -> 8065 | T21: 0 | V21: 5089664 | W21: =IF((V21-V20)<0,"0",(V21-V20)) -> 8574 | X21: =K21+M21+O21+Q21+S21+U21+W21 -> 41643 | Y21: =I21-X21 -> 9580 | Z21: =(0.93352*(W21+S21)+0.5568*(Q21+O21))*0.26 -> 6417.8003 | AA21: =SUM(Z18:Z21) -> 30443.459
A22: 44336 | B22: 142 | C22: 18210 | D22: =IF((C22-C21)<0,"0",(C22-C21))*160 -> 320 | E22: 25981648 | F22: =IF((E22-E21)<0,"0",(E22-E21)) -> 15556 | G22: 82184070 | H22: =IF((G22-G21)<0,"0",(G22-G21)) -> 57328 | I22: =F22+H22 -> 72884 | J22: 8026148 | K22: =IF((J22-J21)<0,"0",(J22-J21)) -> 6612 | L22: 8021412 | M22: =IF((L22-L21)<0,"0",(L22-L21)) -> 4940 | N22: 5155475 | O22: =(IF((N22-N21)<0,"0",(N22-N21)))*2 -> 10428 | P22: 3403761 | Q22: =IF((P22-P21)<0,"0",(P22-P21)) -> 13074 | R22: 17445554 | S22: =IF((R22-R21)<0,"0",(R22-R21)) -> 11596 | T22: 0 | V22: 5101964 | W22: =IF((V22-V21)<0,"0",(V22-V21)) -> 12300 | X22: =K22+M22+O22+Q22+S22+U22+W22 -> 58950 | Y22: =I22-X22 -> 13934 | Z22: =(0.93352*(W22+S22)+0.5568*(Q22+O22))*0.26 -> 9202.26 | AA22: =SUM(Z19:Z22) -> 31053.982
A23: 44337 | B23: 78 | C23: 18212 | D23: =IF((C23-C22)<0,"0",(C23-C22))*160 -> 320 | E23: 25994892 | F23: =IF((E23-E22)<0,"0",(E23-E22)) -> 13244 | G23: 82234574 | H23: =IF((G23-G22)<0,"0",(G23-G22)) -> 50504 | I23: =F23+H23 -> 63748 | J23: 8031459 | K23: =IF((J23-J22)<0,"0",(J23-J22)) -> 5311 | L23: 8025519 | M23: =IF((L23-L22)<0,"0",(L23-L22)) -> 4107 | N23: 5159927 | O23: =(IF((N23-N22)<0,"0",(N23-N22)))*2 -> 8904 | P23: 3415539 | Q23: =IF((P23-P22)<0,"0",(P23-P22)) -> 11778 | R23: 17456571 | S23: =IF((R23-R22)<0,"0",(R23-R22)) -> 11017 | T23: 0 | V23: 5112904 | W23: =IF((V23-V22)<0,"0",(V23-V22)) -> 10940 | X23: =K23+M23+O23+Q23+S23+U23+W23 -> 52057 | Y23: =I23-X23 -> 11691 | Z23: =(0.93352*(W23+S23)+0.5568*(Q23+O23))*0.26 -> 8323.3894 | AA23: =SUM(Z20:Z23) -> 31796.414
A24: 44338 | C24: 18216 | D24: =IF((C24-C23)<0,"0",(C24-C23))*160 -> 640 | E24: 26008032 | F24: =IF((E24-E23)<0,"0",(E24-E23)) -> 13140 | G24: 82280836 | H24: =IF((G24-G23)<0,"0",(G24-G23)) -> 46262 | I24: =F24+H24 -> 59402 | J24: 8036970 | K24: =IF((J24-J23)<0,"0",(J24-J23)) -> 5511 | L24: 8030026 | M24: =IF((L24-L23)<0,"0",(L24-L23)) -> 4507 | N24: 5164175 | O24: =(IF((N24-N23)<0,"0",(N24-N23)))*2 -> 8496 | P24: 3425961 | Q24: =IF((P24-P23)<0,"0",(P24-P23)) -> 10422 | R24: 17464939 | S24: =IF((R24-R23)<0,"0",(R24-R23)) -> 8368 | T24: 0 | V24: 5122908 | W24: =IF((V24-V23)<0,"0",(V24-V23)) -> 10004 | X24: =K24+M24+O24+Q24+S24+U24+W24 -> 47308 | Y24: =I24-X24 -> 12094 | Z24: =(0.93352*(W24+S24)+0.5568*(Q24+O24))*0.26 -> 7197.8847 | AA24: =SUM(Z21:Z24) -> 31141.334
A25: 44339 | C25: =C24 -> 18216 | D25: =IF((C25-C24)<0,"0",(C25-C24))*160 -> 0 | E25: =E24 -> 26008032 | F25: =IF((E25-E24)<0,"0",(E25-E24)) -> 0 | G25: =G24 -> 82280836 | H25: =IF((G25-G24)<0,"0",(G25-G24)) -> 0 | I25: =F25+H25 -> 0 | J25: =J24 -> 8036970 | K25: =IF((J25-J24)<0,"0",(J25-J24)) -> 0 | L25: =L24 -> 8030026 | M25: =IF((L25-L24)<0,"0",(L25-L24)) -> 0 | N25: =N24 -> 5164175 | O25: =(IF((N25-N24)<0,"0",(N25-N24)))*2 -> 0 | P25: =P24 -> 3425961 | Q25: =IF((P25-P24)<0,"0",(P25-P24)) -> 0 | R25: =R24 -> 17464939 | S25: =IF((R25-R24)<0,"0",(R25-R24)) -> 0 | T25: 0 | V25: =V24 -> 5122908 | W25: =IF((V25-V24)<0,"0",(V25-V24)) -> 0 | X25: =K25+M25+O25+Q25+S25+U25+W25 -> 0 | Y25: =I25-X25 -> 0 | Z25: =(0.93352*(W25+S25)+0.5568*(Q25+O25))*0.26 -> 0 | AA25: =SUM(Z22:Z25) -> 24723.534
A26: 44340 | C26: =C25 -> 18216 | D26: =IF((C26-C25)<0,"0",(C26-C25))*160 -> 0 | E26: =E25 -> 26008032 | F26: =IF((E26-E25)<0,"0",(E26-E25)) -> 0 | G26: =G25 -> 82280836 | H26: =IF((G26-G25)<0,"0",(G26-G25)) -> 0 | I26: =F26+H26 -> 0 | J26: =J25 -> 8036970 | K26: =IF((J26-J25)<0,"0",(J26-J25)) -> 0 | L26: =L25 -> 8030026 | M26: =IF((L26-L25)<0,"0",(L26-L25)) -> 0 | N26: =N25 -> 5164175 | O26: =(IF((N26-N25)<0,"0",(N26-N25)))*2 -> 0 | P26: =P25 -> 3425961 | Q26: =IF((P26-P25)<0,"0",(P26-P25)) -> 0 | R26: =R25 -> 17464939 | S26: =IF((R26-R25)<0,"0",(R26-R25)) -> 0 | T26: 0 | V26: =V25 -> 5122908 | W26: =IF((V26-V25)<0,"0",(V26-V25)) -> 0 | X26: =K26+M26+O26+Q26+S26+U26+W26 -> 0 | Y26: =I26-X26 -> 0 | Z26: =(0.93352*(W26+S26)+0.5568*(Q26+O26))*0.26 -> 0 | AA26: =SUM(Z23:Z26) -> 15521.274
A27: 44341 | C27: =C26 -> 18216 | D27: =IF((C27-C26)<0,"0",(C27-C26))*160 -> 0 | E27: =E26 -> 26008032 | F27: =IF((E27-E26)<0,"0",(E27-E26)) -> 0 | G27: =G26 -> 82280836 | H27: =IF((G27-G26)<0,"0",(G27-G26)) -> 0 | I27: =F27+H27 -> 0 | J27: =J26 -> 8036970 | K27: =IF((J27-J26)<0,"0",(J27-J26)) -> 0 | L27: =L26 -> 8030026 | M27: =IF((L27-L26)<0,"0",(L27-L26)) -> 0 | N27: =N26 -> 5164175 | O27: =(IF((N27-N26)<0,"0",(N27-N26)))*2 -> 0 | P27: =P26 -> 3425961 | Q27: =IF((P27-P26)<0,"0",(P27-P26)) -> 0 | R27: =R26 -> 17464939 | S27: =IF((R27-R26)<0,"0",(R27-R26)) -> 0 | T27: 0 | V27: =V26 -> 5122908 | W27: =IF((V27-V26)<0,"0",(V27-V26)) -> 0 | X27: =K27+M27+O27+Q27+S27+U27+W27 -> 0 | Y27: =I27-X27 -> 0 | Z27: =(0.93352*(W27+S27)+0.5568*(Q27+O27))*0.26 -> 0 | AA27: =SUM(Z24:Z27) -> 7197.8847
A28: 44342 | C28: =C27 -> 18216 | D28: =IF((C28-C27)<0,"0",(C28-C27))*160 -> 0 | E28: =E27 -> 26008032 | F28: =IF((E28-E27)<0,"0",(E28-E27)) -> 0 | G28: =G27 -> 82280836 | H28: =IF((G28-G27)<0,"0",(G28-G27)) -> 0 | I28: =F28+H28 -> 0 | J28: =J27 -> 8036970 | K28: =IF((J28-J27)<0,"0",(J28-J27)) -> 0 | L28: =L27 -> 8030026 | M28: =IF((L28-L27)<0,"0",(L28-L27)) -> 0 | N28: =N27 -> 5164175 | O28: =(IF((N28-N27)<0,"0",(N28-N27)))*2 -> 0 | P28: =P27 -> 3425961 | Q28: =IF((P28-P27)<0,"0",(P28-P27)) -> 0 | R28: =R27 -> 17464939 | S28: =IF((R28-R27)<0,"0",(R28-R27)) -> 0 | T28: 0 | V28: =V27 -> 5122908 | W28: =IF((V28-V27)<0,"0",(V28-V27)) -> 0 | X28: =K28+M28+O28+Q28+S28+U28+W28 -> 0 | Y28: =I28-X28 -> 0 | Z28: =(0.93352*(W28+S28)+0.5568*(Q28+O28))*0.26 -> 0 | AA28: =SUM(Z25:Z28) -> 0
A29: 44343 | C29: =C28 -> 18216 | D29: =IF((C29-C28)<0,"0",(C29-C28))*160 -> 0 | E29: =E28 -> 26008032 | F29: =IF((E29-E28)<0,"0",(E29-E28)) -> 0 | G29: =G28 -> 82280836 | H29: =IF((G29-G28)<0,"0",(G29-G28)) -> 0 | I29: =F29+H29 -> 0 | J29: =J28 -> 8036970 | K29: =IF((J29-J28)<0,"0",(J29-J28)) -> 0 | L29: =L28 -> 8030026 | M29: =IF((L29-L28)<0,"0",(L29-L28)) -> 0 | N29: =N28 -> 5164175 | O29: =(IF((N29-N28)<0,"0",(N29-N28)))*2 -> 0 | P29: =P28 -> 3425961 | Q29: =IF((P29-P28)<0,"0",(P29-P28)) -> 0 | R29: =R28 -> 17464939 | S29: =IF((R29-R28)<0,"0",(R29-R28)) -> 0 | T29: 0 | V29: =V28 -> 5122908 | W29: =IF((V29-V28)<0,"0",(V29-V28)) -> 0 | X29: =K29+M29+O29+Q29+S29+U29+W29 -> 0 | Y29: =I29-X29 -> 0 | Z29: =(0.93352*(W29+S29)+0.5568*(Q29+O29))*0.26 -> 0 | AA29: =SUM(Z26:Z29) -> 0
A30: 44344 | C30: =C29 -> 18216 | D30: =IF((C30-C29)<0,"0",(C30-C29))*160 -> 0 | E30: =E29 -> 26008032 | F30: =IF((E30-E29)<0,"0",(E30-E29)) -> 0 | G30: =G29 -> 82280836 | H30: =IF((G30-G29)<0,"0",(G30-G29)) -> 0 | I30: =F30+H30 -> 0 | J30: =J29 -> 8036970 | K30: =IF((J30-J29)<0,"0",(J30-J29)) -> 0 | L30: =L29 -> 8030026 | M30: =IF((L30-L29)<0,"0",(L30-L29)) -> 0 | N30: =N29 -> 5164175 | O30: =(IF((N30-N29)<0,"0",(N30-N29)))*2 -> 0 | P30: =P29 -> 3425961 | Q30: =IF((P30-P29)<0,"0",(P30-P29)) -> 0 | R30: =R29 -> 17464939 | S30: =IF((R30-R29)<0,"0",(R30-R29)) -> 0 | T30: 0 | V30: =V29 -> 5122908 | W30: =IF((V30-V29)<0,"0",(V30-V29)) -> 0 | X30: =K30+M30+O30+Q30+S30+U30+W30 -> 0 | Y30: =I30-X30 -> 0 | Z30: =(0.93352*(W30+S30)+0.5568*(Q30+O30))*0.26 -> 0 | AA30: =SUM(Z27:Z30) -> 0
A31: 44345 | C31: =C30 -> 18216 | D31: =IF((C31-C30)<0,"0",(C31-C30))*160 -> 0 | E31: =E30 -> 26008032 | F31: =IF((E31-E30)<0,"0",(E31-E30)) -> 0 | G31: =G30 -> 82280836 | H31: =IF((G31-G30)<0,"0",(G31-G30)) -> 0 | I31: =F31+H31 -> 0 | J31: =J30 -> 8036970 | K31: =IF((J31-J30)<0,"0",(J31-J30)) -> 0 | L31: =L30 -> 8030026 | M31: =IF((L31-L30)<0,"0",(L31-L30)) -> 0 | N31: =N30 -> 5164175 | O31: =(IF((N31-N30)<0,"0",(N31-N30)))*2 -> 0 | P31: =P30 -> 3425961 | Q31: =IF((P31-P30)<0,"0",(P31-P30)) -> 0 | R31: =R30 -> 17464939 | S31: =IF((R31-R30)<0,"0",(R31-R30)) -> 0 | T31: 0 | V31: =V30 -> 5122908 | W31: =IF((V31-V30)<0,"0",(V31-V30)) -> 0 | X31: =K31+M31+O31+Q31+S31+U31+W31 -> 0 | Y31: =I31-X31 -> 0 | Z31: =(0.93352*(W31+S31)+0.5568*(Q31+O31))*0.26 -> 0 | AA31: =SUM(Z28:Z31) -> 0
A32: 44346 | C32: =C31 -> 18216 | D32: =IF((C32-C31)<0,"0",(C32-C31))*160 -> 0 | E32: =E31 -> 26008032 | F32: =IF((E32-E31)<0,"0",(E32-E31)) -> 0 | G32: =G31 -> 82280836 | H32: =IF((G32-G31)<0,"0",(G32-G31)) -> 0 | I32: =F32+H32 -> 0 | J32: =J31 -> 8036970 | K32: =IF((J32-J31)<0,"0",(J32-J31)) -> 0 | L32: =L31 -> 8030026 | M32: =IF((L32-L31)<0,"0",(L32-L31)) -> 0 | N32: =N31 -> 5164175 | O32: =(IF((N32-N31)<0,"0",(N32-N31)))*2 -> 0 | P32: =P31 -> 3425961 | Q32: =IF((P32-P31)<0,"0",(P32-P31)) -> 0 | R32: =R31 -> 17464939 | S32: =IF((R32-R31)<0,"0",(R32-R31)) -> 0 | T32: 0 | V32: =V31 -> 5122908 | W32: =IF((V32-V31)<0,"0",(V32-V31)) -> 0 | X32: =K32+M32+O32+Q32+S32+U32+W32 -> 0 | Y32: =I32-X32 -> 0 | Z32: =(0.93352*(W32+S32)+0.5568*(Q32+O32))*0.26 -> 0 | AA32: =SUM(Z29:Z32) -> 0
A33: 44347 | C33: =C32 -> 18216 | D33: =IF((C33-C32)<0,"0",(C33-C32))*160 -> 0 | E33: =E32 -> 26008032 | F33: =IF((E33-E32)<0,"0",(E33-E32)) -> 0 | G33: =G32 -> 82280836 | H33: =IF((G33-G32)<0,"0",(G33-G32)) -> 0 | I33: =F33+H33 -> 0 | J33: =J32 -> 8036970 | K33: =IF((J33-J32)<0,"0",(J33-J32)) -> 0 | L33: =L32 -> 8030026 | M33: =IF((L33-L32)<0,"0",(L33-L32)) -> 0 | N33: =N32 -> 5164175 | O33: =(IF((N33-N32)<0,"0",(N33-N32)))*2 -> 0 | P33: =P32 -> 3425961 | Q33: =IF((P33-P32)<0,"0",(P33-P32)) -> 0 | R33: =R32 -> 17464939 | S33: =IF((R33-R32)<0,"0",(R33-R32)) -> 0 | T33: 0 | V33: =V32 -> 5122908 | W33: =IF((V33-V32)<0,"0",(V33-V32)) -> 0 | X33: =K33+M33+O33+Q33+S33+U33+W33 -> 0 | Y33: =I33-X33 -> 0 | Z33: =(0.93352*(W33+S33)+0.5568*(Q33+O33))*0.26 -> 0 | AA33: =SUM(Z30:Z33) -> 0
A34: Total | B34: =SUM(B2:B33) -> 1931 | D34: =SUM(D2:D33) -> 10400 | E34: 0 | F34: =SUM(F2:F33) -> 293770 | G34: 0 | H34: =SUM(H2:H33) -> 1040110 | I34: =SUM(I5:I33) -> 1237591 | J34: 0 | K34: =SUM(K2:K33) -> 165536 | L34: 0 | M34: =SUM(M2:M33) -> 145606 | N34: 0 | O34: =SUM(O2:O33) -> 191114 | P34: 0 | Q34: =SUM(Q2:Q33) -> 238089 | R34: 0 | S34: =SUM(S2:S33) -> 205231 | T34: =SUM(T5:T33) -> 0 | U34: =SUM(U2:U33) -> 0 | V34: 0 | W34: =SUM(W2:W33) -> 225386 | X34: =SUM(X5:X33) -> 1095372 | Y34: =SUM(Y2:Y33) -> 162918 | Z34: =SUM(Z2:Z33) -> 166652.15 | AA34: =SUM(AA2:AA33) -> 660574.11

Sheet Gas
A1: Day | B1: Main | C1: Cons.
A2: 44316 | B2: 17315561
A3: 44317 | B3: 17317100 | C3: =IF((B3-B2)<0,"0",(B3-B2)) -> 1539
A4: 44318 | B4: 17319000 | C4: =IF((B4-B3)<0,"0",(B4-B3)) -> 1900
A5: 44319 | B5: 17321125 | C5: =IF((B5-B4)<0,"0",(B5-B4)) -> 2125
A6: 44320 | B6: 17323087 | C6: =IF((B6-B5)<0,"0",(B6-B5)) -> 1962
A7: 44321 | B7: 17325101 | C7: =IF((B7-B6)<0,"0",(B7-B6)) -> 2014
A8: 44322 | B8: 17327226 | C8: =IF((B8-B7)<0,"0",(B8-B7)) -> 2125
A9: 44323 | B9: 17329201 | C9: =IF((B9-B8)<0,"0",(B9-B8)) -> 1975
A10: 44324 | B10: 17330248 | C10: =IF((B10-B9)<0,"0",(B10-B9)) -> 1047
A11: 44325 | B11: 17331258 | C11: =IF((B11-B10)<0,"0",(B11-B10)) -> 1010
A12: 44326 | B12: 17333551 | C12: =IF((B12-B11)<0,"0",(B12-B11)) -> 2293
A13: 44327 | B13: 17335700 | C13: =IF((B13-B12)<0,"0",(B13-B12)) -> 2149
A14: 44328 | B14: 17336799 | C14: =IF((B14-B13)<0,"0",(B14-B13)) -> 1099
... A24: 44338 | B24: 17355518 | C24: =IF((B24-B23)<0,"0",(B24-B23)) -> 1995
A25: 44339 | B25: =B24 -> 17355518 | C25: =IF((B25-B24)<0,"0",(B25-B24)) -> 0
A26: 44340 | B26: =B25 -> 17355518 | C26: =IF((B26-B25)<0,"0",(B26-B25)) -> 0
A27: 44341 | B27: =B26 -> 17355518 | C27: =IF((B27-B26)<0,"0",(B27-B26)) -> 0
A28: 44342 | B28: =B27 -> 17355518 | C28: =IF((B28-B27)<0,"0",(B28-B27)) -> 0
A29: 44343 | B29: =B28 -> 17355518 | C29: =IF((B29-B28)<0,"0",(B29-B28)) -> 0
A30: 44344 | B30: =B29 -> 17355518 | C30: =IF((B30-B29)<0,"0",(B30-B29)) -> 0
A31: 44345 | B31: =B30 -> 17355518 | C31: =IF((B31-B30)<0,"0",(B31-B30)) -> 0
A32: 44346 | B32: =B31 -> 17355518 | C32: =IF((B32-B31)<0,"0",(B32-B31)) -> 0
A33: 44347 | B33: =B32 -> 17355518 | C33: =IF((B33-B32)<0,"0",(B33-B32)) -> 0
A34: Total | C34: =SUM(C3:C33) -> 39957

Sheet BTU
A1: Day | B1: Hotel | C1: Cons. Mwh | D1: Cost (LE) | E1: B.S | F1: Cons. Mwh | G1: Cost (LE) | H1: LS | I1: Cons.Mwh | J1: Cost (LE) | K1: AHU # 25 | L1: Cons.Mwh | M1: Cost (LE) | N1: Mall | O1: Cons.Mwh | P1: Cost (LE) | Q1: AHU # 9 | R1: Cons.Mwh | S1: Cost (LE) | T1: Total Cons. | U1: Total Cost (LE)
A2: 44316 | B2: 20444.93 | D2: =C2*1.9*1000 -> 0 | E2: 3550 | G2: =F2*1.9*1000 -> 0 | H2: 2917 | J2: =I2*1.9*1000 -> 0 | K2: 13349.51 | M2: =L2*1.9*1000 -> 0 | N2: 3012.361 | P2: =O2*1.9*1000 -> 0 | Q2: 4751.76 | S2: =R2*1.9*1000 -> 0 | T2: =C2+F2+I2+L2+O2+R2 -> 0 | U2: =T2*1.9*1000 -> 0
A3: 44317 | B3: 20452.174 | C3: =IF((B3-B2)<0,"0",(B3-B2)) -> 7.244 | D3: 7837.5 | E3: 3550.879 | F3: =IF((E3-E2)<0,"0",(E3-E2)) -> 0.879 | G3: 2452.9 | H3: 2925 | I3: =IF((H3-H2)<0,"0",(H3-H2)) -> 8 | J3: 9500 | K3: 13352.11 | L3: =IF((K3-K2)<0,"0",(K3-K2)) -> 2.6 | M3: 1539 | N3: 3013.722 | O3: =IF((N3-N2)<0,"0",(N3-N2)) -> 1.361 | P3: =O3*1.9*1000 -> 2585.9 | Q3: 4752.26 | R3: =IF((Q3-Q2)<0,"0",(Q3-Q2)) -> 0.5 | S3: 218.5 | T3: =C3+F3+I3+L3+O3+R3 -> 20.584 | U3: =T3*1.9*1000 -> 39109.6
A4: 44318 | B4: 20460.529 | C4: =IF((B4-B3)<0,"0",(B4-B3)) -> 8.355 | D4: =C4*1.9*1000 -> 15874.5 | E4: 3551.838 | F4: =IF((E4-E3)<0,"0",(E4-E3)) -> 0.959 | G4: =F4*1.9*1000 -> 1822.1 | H4: 2932 | I4: =IF((H4-H3)<0,"0",(H4-H3)) -> 7 | J4: =I4*1.9*1000 -> 13300 | K4: 13354.93 | L4: =IF((K4-K3)<0,"0",(K4-K3)) -> 2.82 | M4: =L4*1.9*1000 -> 5358 | N4: 3015.123 | O4: =IF((N4-N3)<0,"0",(N4-N3)) -> 1.401 | P4: =O4*1.9*1000 -> 2661.9 | Q4: 4752.78 | R4: =IF((Q4-Q3)<0,"0",(Q4-Q3)) -> 0.52 | S4: =R4*1.9*1000 -> 988 | T4: =C4+F4+I4+L4+O4+R4 -> 21.055 | U4: =T4*1.9*1000 -> 40004.5
A5: 44319 | B5: 20469.863 | C5: =IF((B5-B4)<0,"0",(B5-B4)) -> 9.334 | D5: =C5*1.9*1000 -> 17734.6 | E5: 3552.781 | F5: =IF((E5-E4)<0,"0",(E5-E4)) -> 0.943 | G5: =F5*1.9*1000 -> 1791.7 | H5: 2941 | I5: =IF((H5-H4)<0,"0",(H5-H4)) -> 9 | J5: =I5*1.9*1000 -> 17100 | K5: 13357.69 | L5: =IF((K5-K4)<0,"0",(K5-K4)) -> 2.76 | M5: =L5*1.9*1000 -> 5244 | N5: 3016 | O5: =IF((N5-N4)<0,"0",(N5-N4)) -> 0.877 | P5: =O5*1.9*1000 -> 1666.3 | Q5: 4756.91 | R5: =IF((Q5-Q4)<0,"0",(Q5-Q4)) -> 4.13 | S5: =R5*1.9*1000 -> 7847 | T5: =C5+F5+I5+L5+O5+R5 -> 27.044 | U5: =T5*1.9*1000 -> 51383.6
A6: 44320 | B6: 20479.547 | C6: =IF((B6-B5)<0,"0",(B6-B5)) -> 9.684 | D6: =C6*1.9*1000 -> 18399.6 | E6: 3554.572 | F6: =IF((E6-E5)<0,"0",(E6-E5)) -> 1.791 | G6: =F6*1.9*1000 -> 3402.9 | H6: 2950 | I6: =IF((H6-H5)<0,"0",(H6-H5)) -> 9 | J6: =I6*1.9*1000 -> 17100 | K6: 13360.21 | L6: =IF((K6-K5)<0,"0",(K6-K5)) -> 2.52 | M6: =L6*1.9*1000 -> 4788 | N6: 3017.416 | O6: =IF((N6-N5)<0,"0",(N6-N5)) -> 1.416 | P6: =O6*1.9*1000 -> 2690.4 | Q6: 4758.53 | R6: =IF((Q6-Q5)<0,"0",(Q6-Q5)) -> 1.62 | S6: =R6*1.9*1000 -> 3078 | T6: =C6+F6+I6+L6+O6+R6 -> 26.031 | U6: =T6*1.9*1000 -> 49458.9
A7: 44321 | B7: 20489.561 | C7: =IF((B7-B6)<0,"0",(B7-B6)) -> 10.014 | D7: =C7*1.9*1000 -> 19026.6 | E7: 3557.23 | F7: =IF((E7-E6)<0,"0",(E7-E6)) -> 2.658 | G7: =F7*1.9*1000 -> 5050.2 | H7: 2959 | I7: =IF((H7-H6)<0,"0",(H7-H6)) -> 9 | J7: =I7*1.9*1000 -> 17100 | K7: 13362.36 | L7: =IF((K7-K6)<0,"0",(K7-K6)) -> 2.15 | M7: =L7*1.9*1000 -> 4085 | N7: 3018.467 | O7: =IF((N7-N6)<0,"0",(N7-N6)) -> 1.051 | P7: =O7*1.9*1000 -> 1996.9 | Q7: 4761.01 | R7: =IF((Q7-Q6)<0,"0",(Q7-Q6)) -> 2.48 | S7: =R7*1.9*1000 -> 4712 | T7: =C7+F7+I7+L7+O7+R7 -> 27.353 | U7: =T7*1.9*1000 -> 51970.7
A8: 44322 | B8: 20500.294 | C8: =IF((B8-B7)<0,"0",(B8-B7)) -> 10.733 | D8: =C8*1.9*1000 -> 20392.7 | E8: 3559.573 | F8: =IF((E8-E7)<0,"0",(E8-E7)) -> 2.343 | G8: =F8*1.9*1000 -> 4451.7 | H8: 2968 | I8: =IF((H8-H7)<0,"0",(H8-H7)) -> 9 | J8: =I8*1.9*1000 -> 17100 | K8: 13364.52 | L8: =IF((K8-K7)<0,"0",(K8-K7)) -> 2.16 | M8: =L8*1.9*1000 -> 4104 | N8: 3019.513 | O8: =IF((N8-N7)<0,"0",(N8-N7)) -> 1.046 | P8: =O8*1.9*1000 -> 1987.4 | Q8: 4762.58 | R8: =IF((Q8-Q7)<0,"0",(Q8-Q7)) -> 1.57 | S8: =R8*1.9*1000 -> 2983 | T8: =C8+F8+I8+L8+O8+R8 -> 26.852 | U8: =T8*1.9*1000 -> 51018.8
A9: 44323 | B9: 20512.477 | C9: =IF((B9-B8)<0,"0",(B9-B8)) -> 12.183 | D9: =C9*1.9*1000 -> 23147.7 | E9: 3561.33 | F9: =IF((E9-E8)<0,"0",(E9-E8)) -> 1.757 | G9: =F9*1.9*1000 -> 3338.3 | H9: 2977 | I9: =IF((H9-H8)<0,"0",(H9-H8)) -> 9 | J9: =I9*1.9*1000 -> 17100 | K9: 13365.87 | L9: =IF((K9-K8)<0,"0",(K9-K8)) -> 1.35 | M9: =L9*1.9*1000 -> 2565 | N9: 3020.725 | O9: =IF((N9-N8)<0,"0",(N9-N8)) -> 1.212 | P9: =O9*1.9*1000 -> 2302.8 | Q9: 4765.92 | R9: =IF((Q9-Q8)<0,"0",(Q9-Q8)) -> 3.34 | S9: =R9*1.9*1000 -> 6346 | T9: =C9+F9+I9+L9+O9+R9 -> 28.842 | U9: =T9*1.9*1000 -> 54799.8
A10: 44324 | B10: 20523.092 | C10: =IF((B10-B9)<0,"0",(B10-B9)) -> 10.615 | D10: =C10*1.9*1000 -> 20168.5 | E10: 3563.066 | F10: =IF((E10-E9)<0,"0",(E10-E9)) -> 1.736 | G10: =F10*1.9*1000 -> 3298.4 | H10: 2986 | I10: =IF((H10-H9)<0,"0",(H10-H9)) -> 9 | J10: =I10*1.9*1000 -> 17100 | K10: 13365.87 | L10: =IF((K10-K9)<0,"0",(K10-K9)) -> 0 | M10: =L10*1.9*1000 -> 0 | N10: 3022.045 | O10: =IF((N10-N9)<0,"0",(N10-N9)) -> 1.32 | P10: =O10*1.9*1000 -> 2508 | Q10: 4766.86 | R10: =IF((Q10-Q9)<0,"0",(Q10-Q9)) -> 0.94 | S10: =R10*1.9*1000 -> 1786 | T10: =C10+F10+I10+L10+O10+R10 -> 23.611 | U10: =T10*1.9*1000 -> 44860.9
A11: 44325 | B11: 20539.526 | C11: =IF((B11-B10)<0,"0",(B11-B10)) -> 16.434 | D11: =C11*1.9*1000 -> 31224.6 | E11: 3566.026 | F11: =IF((E11-E10)<0,"0",(E11-E10)) -> 2.96 | G11: =F11*1.9*1000 -> 5624 | H11: 2999 | I11: =IF((H11-H10)<0,"0",(H11-H10)) -> 13 | J11: =I11*1.9*1000 -> 24700 | K11: 13368.13 | L11: =IF((K11-K10)<0,"0",(K11-K10)) -> 2.26 | M11: =L11*1.9*1000 -> 4294 | N11: 3024.047 | O11: =IF((N11-N10)<0,"0",(N11-N10)) -> 2.002 | P11: =O11*1.9*1000 -> 3803.8 | Q11: 4767.75 | R11: =IF((Q11-Q10)<0,"0",(Q11-Q10)) -> 0.89 | S11: =R11*1.9*1000 -> 1691 | T11: =C11+F11+I11+L11+O11+R11 -> 37.546 | U11: =T11*1.9*1000 -> 71337.4
A12: 44326 | B12: 20548.561 | C12: =IF((B12-B11)<0,"0",(B12-B11)) -> 9.035 | D12: =C12*1.9*1000 -> 17166.5 | E12: 3568.369 | F12: =IF((E12-E11)<0,"0",(E12-E11)) -> 2.343 | G12: =F12*1.9*1000 -> 4451.7 | H12: 3006 | I12: =IF((H12-H11)<0,"0",(H12-H11)) -> 7 | J12: =I12*1.9*1000 -> 13300 | K12: 13369.55 | L12: =IF((K12-K11)<0,"0",(K12-K11)) -> 1.42 | M12: =L12*1.9*1000 -> 2698 | N12: 3024.979 | O12: =IF((N12-N11)<0,"0",(N12-N11)) -> 0.932 | P12: =O12*1.9*1000 -> 1770.8 | Q12: 4768.35 | R12: =IF((Q12-Q11)<0,"0",(Q12-Q11)) -> 0.6 | S12: =R12*1.9*1000 -> 1140 | T12: =C12+F12+I12+L12+O12+R12 -> 21.33 | U12: =T12*1.9*1000 -> 40527
A13: 44327 | B13: 20560.683 | C13: =IF((B13-B12)<0,"0",(B13-B12)) -> 12.122 | D13: =C13*1.9*1000 -> 23031.8 | E13: 3571.078 | F13: =IF((E13-E12)<0,"0",(E13-E12)) -> 2.709 | G13: =F13*1.9*1000 -> 5147.1 | H13: 3016 | I13: =IF((H13-H12)<0,"0",(H13-H12)) -> 10 | J13: =I13*1.9*1000 -> 19000 | K13: 13372 | L13: =IF((K13-K12)<0,"0",(K13-K12)) -> 2.45 | M13: =L13*1.9*1000 -> 4655 | N13: 3026 | O13: =IF((N13-N12)<0,"0",(N13-N12)) -> 1.021 | P13: =O13*1.9*1000 -> 1939.9 | Q13: 4771.33 | R13: =IF((Q13-Q12)<0,"0",(Q13-Q12)) -> 2.98 | S13: =R13*1.9*1000 -> 5662 | T13: =C13+F13+I13+L13+O13+R13 -> 31.282 | U13: =T13*1.9*1000 -> 59435.8
A14: 44328 | B14: 20568.762 | C14: =IF((B14-B13)<0,"0",(B14-B13)) -> 8.079 | D14: =C14*1.9*1000 -> 15350.1 | E14: 3572.432 | F14: =IF((E14-E13)<0,"0",(E14-E13)) -> 1.354 | G14: =F14*1.9*1000 -> 2572.6 | H14: 3023 | I14: =IF((H14-H13)<0,"0",(H14-H13)) -> 7 | J14: =I14*1.9*1000 -> 13300 | K14: 13373.89 | L14: =IF((K14-K13)<0,"0",(K14-K13)) -> 1.89 | M14: =L14*1.9*1000 -> 3591 | N14: 3027 | O14: =IF((N14-N13)<0,"0",(N14-N13)) -> 1 | P14: =O14*1.9*1000 -> 1900 | Q14: 4776.33 | R14: =IF((Q14-Q13)<0,"0",(Q14-Q13)) -> 5 | S14: =R14*1.9*1000 -> 9500 | T14: =C14+F14+I14+L14+O14+R14 -> 24.323 | U14: =T14*1.9*1000 -> 46213.7
A15: 44329 | B15: 20577.239 | C15: =IF((B15-B14)<0,"0",(B15-B14)) -> 8.477 | D15: =C15*1.9*1000 -> 16106.3 | E15: 3573.237 | F15: =IF((E15-E14)<0,"0",(E15-E14)) -> 0.805 | G15: =F15*1.9*1000 -> 1529.5 | H15: 3031 | I15: =IF((H15-H14)<0,"0",(H15-H14)) -> 8 | J15: =I15*1.9*1000 -> 15200 | K15: 13376.1 | L15: =IF((K15-K14)<0,"0",(K15-K14)) -> 2.21 | M15: =L15*1.9*1000 -> 4199 | N15: 3028.279 | O15: =IF((N15-N14)<0,"0",(N15-N14)) -> 1.279 | P15: =O15*1.9*1000 -> 2430.1 | Q15: =Q14 -> 4776.33 | R15: =IF((Q15-Q14)<0,"0",(Q15-Q14)) -> 0 | S15: =R15*1.9*1000 -> 0 | T15: =C15+F15+I15+L15+O15+R15 -> 20.771 | U15: =T15*1.9*1000 -> 39464.9
A16: 44330 | B16: 20585.892 | C16: =IF((B16-B15)<0,"0",(B16-B15)) -> 8.653 | D16: =C16*1.9*1000 -> 16440.7 | E16: 3574.045 | F16: =IF((E16-E15)<0,"0",(E16-E15)) -> 0.808 | G16: =F16*1.9*1000 -> 1535.2 | H16: 3038 | I16: =IF((H16-H15)<0,"0",(H16-H15)) -> 7 | J16: =I16*1.9*1000 -> 13300 | K16: 13378.23 | L16: =IF((K16-K15)<0,"0",(K16-K15)) -> 2.13 | M16: =L16*1.9*1000 -> 4047 | N16: 3029.349 | O16: =IF((N16-N15)<0,"0",(N16-N15)) -> 1.07 | P16: =O16*1.9*1000 -> 2033 | Q16: 4780.42 | R16: =IF((Q16-Q15)<0,"0",(Q16-Q15)) -> 4.09 | S16: =R16*1.9*1000 -> 7771 | T16: =C16+F16+I16+L16+O16+R16 -> 23.751 | U16: =T16*1.9*1000 -> 45126.9
A17: 44331 | B17: 20593.946 | C17: =IF((B17-B16)<0,"0",(B17-B16)) -> 8.054 | D17: =C17*1.9*1000 -> 15302.6 | E17: 3575.083 | F17: =IF((E17-E16)<0,"0",(E17-E16)) -> 1.038 | G17: =F17*1.9*1000 -> 1972.2 | H17: 3045 | I17: =IF((H17-H16)<0,"0",(H17-H16)) -> 7 | J17: =I17*1.9*1000 -> 13300 | K17: 13379.4 | L17: =IF((K17-K16)<0,"0",(K17-K16)) -> 1.17 | M17: =L17*1.9*1000 -> 2223 | N17: 3030.429 | O17: =IF((N17-N16)<0,"0",(N17-N16)) -> 1.08 | P17: =O17*1.9*1000 -> 2052 | Q17: 4781.95 | R17: =IF((Q17-Q16)<0,"0",(Q17-Q16)) -> 1.53 | S17: =R17*1.9*1000 -> 2907 | T17: =C17+F17+I17+L17+O17+R17 -> 19.872 | U17: =T17*1.9*1000 -> 37756.8
A18: 44332 | B18: 20602.759 | C18: =IF((B18-B17)<0,"0",(B18-B17)) -> 8.813 | D18: =C18*1.9*1000 -> 16744.7 | E18: 3576.875 | F18: =IF((E18-E17)<0,"0",(E18-E17)) -> 1.792 | G18: =F18*1.9*1000 -> 3404.8 | H18: 3053 | I18: =IF((H18-H17)<0,"0",(H18-H17)) -> 8 | J18: =I18*1.9*1000 -> 15200 | K18: 13379.52 | L18: =IF((K18-K17)<0,"0",(K18-K17)) -> 0.12 | M18: =L18*1.9*1000 -> 228 | N18: 3031.898 | O18: =IF((N18-N17)<0,"0",(N18-N17)) -> 1.469 | P18: =O18*1.9*1000 -> 2791.1 | Q18: 4783.36 | R18: =IF((Q18-Q17)<0,"0",(Q18-Q17)) -> 1.41 | S18: =R18*1.9*1000 -> 2679 | T18: =C18+F18+I18+L18+O18+R18 -> 21.604 | U18: =T18*1.9*1000 -> 41047.6
A19: 44333 | B19: 20611.402 | C19: =IF((B19-B18)<0,"0",(B19-B18)) -> 8.643 | D19: =C19*1.9*1000 -> 16421.7 | E19: 3579.32 | F19: =IF((E19-E18)<0,"0",(E19-E18)) -> 2.445 | G19: =F19*1.9*1000 -> 4645.5 | H19: 3061 | I19: =IF((H19-H18)<0,"0",(H19-H18)) -> 8 | J19: =I19*1.9*1000 -> 15200 | K19: 13381.66 | L19: =IF((K19-K18)<0,"0",(K19-K18)) -> 2.14 | M19: =L19*1.9*1000 -> 4066 | N19: 3033.096 | O19: =IF((N19-N18)<0,"0",(N19-N18)) -> 1.198 | P19: =O19*1.9*1000 -> 2276.2 | Q19: 4785.37 | R19: =IF((Q19-Q18)<0,"0",(Q19-Q18)) -> 2.01 | S19: =R19*1.9*1000 -> 3819 | T19: =C19+F19+I19+L19+O19+R19 -> 24.436 | U19: =T19*1.9*1000 -> 46428.4
A20: 44334 | B20: 20623.349 | C20: =IF((B20-B19)<0,"0",(B20-B19)) -> 11.947 | D20: =C20*1.9*1000 -> 22699.3 | E20: 3583.52 | F20: =IF((E20-E19)<0,"0",(E20-E19)) -> 4.2 | G20: =F20*1.9*1000 -> 7980 | H20: 3072 | I20: =IF((H20-H19)<0,"0",(H20-H19)) -> 11 | J20: =I20*1.9*1000 -> 20900 | K20: 13384.7 | L20: =IF((K20-K19)<0,"0",(K20-K19)) -> 3.04 | M20: =L20*1.9*1000 -> 5776 | N20: 3034.69 | O20: =IF((N20-N19)<0,"0",(N20-N19)) -> 1.594 | P20: =O20*1.9*1000 -> 3028.6 | Q20: 4788.15 | R20: 0 | S20: =R20*1.9*1000 -> 0 | T20: =C20+F20+I20+L20+O20+R20 -> 31.781 | U20: =T20*1.9*1000 -> 60383.9
A21: 44335 | B21: 20633.113 | C21: =IF((B21-B20)<0,"0",(B21-B20)) -> 9.764 | D21: =C21*1.9*1000 -> 18551.6 | E21: 3586.378 | F21: =IF((E21-E20)<0,"0",(E21-E20)) -> 2.858 | G21: =F21*1.9*1000 -> 5430.2 | H21: 3080 | I21: =IF((H21-H20)<0,"0",(H21-H20)) -> 8 | J21: =I21*1.9*1000 -> 15200 | K21: 13386.48 | L21: =IF((K21-K20)<0,"0",(K21-K20)) -> 1.78 | M21: =L21*1.9*1000 -> 3382 | N21: 3036.01 | O21: =IF((N21-N20)<0,"0",(N21-N20)) -> 1.32 | P21: =O21*1.9*1000 -> 2508 | Q21: 4790.17 | R21: =IF((Q21-Q20)<0,"0",(Q21-Q20)) -> 2.02 | S21: =R21*1.9*1000 -> 3838 | T21: =C21+F21+I21+L21+O21+R21 -> 25.742 | U21: =T21*1.9*1000 -> 48909.8
A22: 44336 | B22: 20643 | C22: =IF((B22-B21)<0,"0",(B22-B21)) -> 9.887 | D22: =C22*1.9*1000 -> 18785.3 | E22: 3589.281 | F22: =IF((E22-E21)<0,"0",(E22-E21)) -> 2.903 | G22: =F22*1.9*1000 -> 5515.7 | H22: 3088 | I22: =IF((H22-H21)<0,"0",(H22-H21)) -> 8 | J22: =I22*1.9*1000 -> 15200 | K22: 13390.1 | L22: =IF((K22-K21)<0,"0",(K22-K21)) -> 3.62 | M22: =L22*1.9*1000 -> 6878 | N22: 3037.375 | O22: =IF((N22-N21)<0,"0",(N22-N21)) -> 1.365 | P22: =O22*1.9*1000 -> 2593.5 | Q22: 4792.61 | R22: =IF((Q22-Q21)<0,"0",(Q22-Q21)) -> 2.44 | S22: =R22*1.9*1000 -> 4636 | T22: =C22+F22+I22+L22+O22+R22 -> 28.215 | U22: =T22*1.9*1000 -> 53608.5
A23: 44337 | B23: 20653.7 | C23: =IF((B23-B22)<0,"0",(B23-B22)) -> 10.7 | D23: =C23*1.9*1000 -> 20330 | E23: 3590.322 | F23: =IF((E23-E22)<0,"0",(E23-E22)) -> 1.041 | G23: =F23*1.9*1000 -> 1977.9 | H23: 3096 | I23: =IF((H23-H22)<0,"0",(H23-H22)) -> 8 | J23: =I23*1.9*1000 -> 15200 | K23: 13391.65 | L23: =IF((K23-K22)<0,"0",(K23-K22)) -> 1.55 | M23: =L23*1.9*1000 -> 2945 | N23: 3038.747 | O23: =IF((N23-N22)<0,"0",(N23-N22)) -> 1.372 | P23: =O23*1.9*1000 -> 2606.8 | Q23: 4794.08 | R23: =IF((Q23-Q22)<0,"0",(Q23-Q22)) -> 1.47 | S23: =R23*1.9*1000 -> 2793 | T23: =C23+F23+I23+L23+O23+R23 -> 24.133 | U23: =T23*1.9*1000 -> 45852.7
A24: 44338 | B24: 20664 | C24: =IF((B24-B23)<0,"0",(B24-B23)) -> 10.3 | D24: =C24*1.9*1000 -> 19570 | E24: 3592.236 | F24: =IF((E24-E23)<0,"0",(E24-E23)) -> 1.914 | G24: =F24*1.9*1000 -> 3636.6 | H24: 3105 | I24: =IF((H24-H23)<0,"0",(H24-H23)) -> 9 | J24: =I24*1.9*1000 -> 17100 | K24: 13395.21 | L24: =IF((K24-K23)<0,"0",(K24-K23)) -> 3.56 | M24: =L24*1.9*1000 -> 6764 | N24: 3039.866 | O24: =IF((N24-N23)<0,"0",(N24-N23)) -> 1.119 | P24: =O24*1.9*1000 -> 2126.1 | Q24: 4796.32 | R24: =IF((Q24-Q23)<0,"0",(Q24-Q23)) -> 2.24 | S24: =R24*1.9*1000 -> 4256 | T24: =C24+F24+I24+L24+O24+R24 -> 28.133 | U24: =T24*1.9*1000 -> 53452.7
A25: 44339 | B25: 20489.561 | C25: =IF((B25-B24)<0,"0",(B25-B24)) -> 0 | D25: =C25*1.9*1000 -> 0 | E25: =E24 -> 3592.236 | F25: =IF((E25-E24)<0,"0",(E25-E24)) -> 0 | G25: =F25*1.9*1000 -> 0 | H25: =H24 -> 3105 | I25: =IF((H25-H24)<0,"0",(H25-H24)) -> 0 | J25: =I25*1.9*1000 -> 0 | K25: =K24 -> 13395.21 | L25: =IF((K25-K24)<0,"0",(K25-K24)) -> 0 | M25: =L25*1.9*1000 -> 0 | N25: =N24 -> 3039.866 | O25: =IF((N25-N24)<0,"0",(N25-N24)) -> 0 | P25: =O25*1.9*1000 -> 0 | Q25: =Q24 -> 4796.32 | R25: =IF((Q25-Q24)<0,"0",(Q25-Q24)) -> 0 | S25: =R25*1.9*1000 -> 0 | T25: =C25+F25+I25+L25+O25+R25 -> 0 | U25: =T25*1.9*1000 -> 0
A26: 44340 | B26: 20489.561 | C26: =IF((B26-B25)<0,"0",(B26-B25)) -> 0 | D26: =C26*1.9*1000 -> 0 | E26: =E25 -> 3592.236 | F26: =IF((E26-E25)<0,"0",(E26-E25)) -> 0 | G26: =F26*1.9*1000 -> 0 | H26: =H25 -> 3105 | I26: =IF((H26-H25)<0,"0",(H26-H25)) -> 0 | J26: =I26*1.9*1000 -> 0 | K26: =K25 -> 13395.21 | L26: =IF((K26-K25)<0,"0",(K26-K25)) -> 0 | M26: =L26*1.9*1000 -> 0 | N26: =N25 -> 3039.866 | O26: =IF((N26-N25)<0,"0",(N26-N25)) -> 0 | P26: =O26*1.9*1000 -> 0 | Q26: =Q25 -> 4796.32 | R26: =IF((Q26-Q25)<0,"0",(Q26-Q25)) -> 0 | S26: =R26*1.9*1000 -> 0 | T26: =C26+F26+I26+L26+O26+R26 -> 0 | U26: =T26*1.9*1000 -> 0
A27: 44341 | B27: 20489.561 | C27: =IF((B27-B26)<0,"0",(B27-B26)) -> 0 | D27: =C27*1.9*1000 -> 0 | E27: =E26 -> 3592.236 | F27: =IF((E27-E26)<0,"0",(E27-E26)) -> 0 | G27: =F27*1.9*1000 -> 0 | H27: =H26 -> 3105 | I27: =IF((H27-H26)<0,"0",(H27-H26)) -> 0 | J27: =I27*1.9*1000 -> 0 | K27: =K26 -> 13395.21 | L27: =IF((K27-K26)<0,"0",(K27-K26)) -> 0 | M27: =L27*1.9*1000 -> 0 | N27: =N26 -> 3039.866 | O27: =IF((N27-N26)<0,"0",(N27-N26)) -> 0 | P27: =O27*1.9*1000 -> 0 | Q27: =Q26 -> 4796.32 | R27: =IF((Q27-Q26)<0,"0",(Q27-Q26)) -> 0 | S27: =R27*1.9*1000 -> 0 | T27: =C27+F27+I27+L27+O27+R27 -> 0 | U27: =T27*1.9*1000 -> 0
A28: 44342 | B28: 20489.561 | C28: =IF((B28-B27)<0,"0",(B28-B27)) -> 0 | D28: =C28*1.9*1000 -> 0 | E28: =E27 -> 3592.236 | F28: =IF((E28-E27)<0,"0",(E28-E27)) -> 0 | G28: =F28*1.9*1000 -> 0 | H28: =H27 -> 3105 | I28: =IF((H28-H27)<0,"0",(H28-H27)) -> 0 | J28: =I28*1.9*1000 -> 0 | K28: =K27 -> 13395.21 | L28: =IF((K28-K27)<0,"0",(K28-K27)) -> 0 | M28: =L28*1.9*1000 -> 0 | N28: =N27 -> 3039.866 | O28: =IF((N28-N27)<0,"0",(N28-N27)) -> 0 | P28: =O28*1.9*1000 -> 0 | Q28: =Q27 -> 4796.32 | R28: =IF((Q28-Q27)<0,"0",(Q28-Q27)) -> 0 | S28: =R28*1.9*1000 -> 0 | T28: =C28+F28+I28+L28+O28+R28 -> 0 | U28: =T28*1.9*1000 -> 0
A29: 44343 | B29: 20489.561 | C29: =IF((B29-B28)<0,"0",(B29-B28)) -> 0 | D29: =C29*1.9*1000 -> 0 | E29: =E28 -> 3592.236 | F29: =IF((E29-E28)<0,"0",(E29-E28)) -> 0 | G29: =F29*1.9*1000 -> 0 | H29: =H28 -> 3105 | I29: =IF((H29-H28)<0,"0",(H29-H28)) -> 0 | J29: =I29*1.9*1000 -> 0 | K29: =K28 -> 13395.21 | L29: =IF((K29-K28)<0,"0",(K29-K28)) -> 0 | M29: =L29*1.9*1000 -> 0 | N29: =N28 -> 3039.866 | O29: =IF((N29-N28)<0,"0",(N29-N28)) -> 0 | P29: =O29*1.9*1000 -> 0 | Q29: =Q28 -> 4796.32 | R29: =IF((Q29-Q28)<0,"0",(Q29-Q28)) -> 0 | S29: =R29*1.9*1000 -> 0 | T29: =C29+F29+I29+L29+O29+R29 -> 0 | U29: =T29*1.9*1000 -> 0
A30: 44344 | B30: 20489.561 | C30: =IF((B30-B29)<0,"0",(B30-B29)) -> 0 | D30: =C30*1.9*1000 -> 0 | E30: =E29 -> 3592.236 | F30: =IF((E30-E29)<0,"0",(E30-E29)) -> 0 | G30: =F30*1.9*1000 -> 0 | H30: =H29 -> 3105 | I30: =IF((H30-H29)<0,"0",(H30-H29)) -> 0 | J30: =I30*1.9*1000 -> 0 | K30: =K29 -> 13395.21 | L30: =IF((K30-K29)<0,"0",(K30-K29)) -> 0 | M30: =L30*1.9*1000 -> 0 | N30: =N29 -> 3039.866 | O30: =IF((N30-N29)<0,"0",(N30-N29)) -> 0 | P30: =O30*1.9*1000 -> 0 | Q30: =Q29 -> 4796.32 | R30: =IF((Q30-Q29)<0,"0",(Q30-Q29)) -> 0 | S30: =R30*1.9*1000 -> 0 | T30: =C30+F30+I30+L30+O30+R30 -> 0 | U30: =T30*1.9*1000 -> 0
A31: 44345 | B31: 20489.561 | C31: =IF((B31-B30)<0,"0",(B31-B30)) -> 0 | D31: =C31*1.9*1000 -> 0 | E31: =E30 -> 3592.236 | F31: =IF((E31-E30)<0,"0",(E31-E30)) -> 0 | G31: =F31*1.9*1000 -> 0 | H31: =H30 -> 3105 | I31: =IF((H31-H30)<0,"0",(H31-H30)) -> 0 | J31: =I31*1.9*1000 -> 0 | K31: =K30 -> 13395.21 | L31: =IF((K31-K30)<0,"0",(K31-K30)) -> 0 | M31: =L31*1.9*1000 -> 0 | N31: =N30 -> 3039.866 | O31: =IF((N31-N30)<0,"0",(N31-N30)) -> 0 | P31: =O31*1.9*1000 -> 0 | Q31: =Q30 -> 4796.32 | R31: =IF((Q31-Q30)<0,"0",(Q31-Q30)) -> 0 | S31: =R31*1.9*1000 -> 0 | T31: =C31+F31+I31+L31+O31+R31 -> 0 | U31: =T31*1.9*1000 -> 0
A32: 44346 | B32: 20489.561 | C32: =IF((B32-B31)<0,"0",(B32-B31)) -> 0 | D32: =C32*1.9*1000 -> 0 | E32: =E31 -> 3592.236 | F32: =IF((E32-E31)<0,"0",(E32-E31)) -> 0 | G32: =F32*1.9*1000 -> 0 | H32: =H31 -> 3105 | I32: =IF((H32-H31)<0,"0",(H32-H31)) -> 0 | J32: =I32*1.9*1000 -> 0 | K32: =K31 -> 13395.21 | L32: =IF((K32-K31)<0,"0",(K32-K31)) -> 0 | M32: =L32*1.9*1000 -> 0 | N32: =N31 -> 3039.866 | O32: =IF((N32-N31)<0,"0",(N32-N31)) -> 0 | P32: =O32*1.9*1000 -> 0 | Q32: =Q31 -> 4796.32 | R32: =IF((Q32-Q31)<0,"0",(Q32-Q31)) -> 0 | S32: =R32*1.9*1000 -> 0 | T32: =C32+F32+I32+L32+O32+R32 -> 0 | U32: =T32*1.9*1000 -> 0
A33: 44347 | B33: 20489.561 | C33: =IF((B33-B32)<0,"0",(B33-B32)) -> 0 | D33: =C33*1.9*1000 -> 0 | E33: =E32 -> 3592.236 | F33: =IF((E33-E32)<0,"0",(E33-E32)) -> 0 | G33: =F33*1.9*1000 -> 0 | H33: =H32 -> 3105 | I33: =IF((H33-H32)<0,"0",(H33-H32)) -> 0 | J33: =I33*1.9*1000 -> 0 | K33: =K32 -> 13395.21 | L33: =IF((K33-K32)<0,"0",(K33-K32)) -> 0 | M33: =L33*1.9*1000 -> 0 | N33: =N32 -> 3039.866 | O33: =IF((N33-N32)<0,"0",(N33-N32)) -> 0 | P33: =O33*1.9*1000 -> 0 | Q33: =Q32 -> 4796.32 | R33: =IF((Q33-Q32)<0,"0",(Q33-Q32)) -> 0 | S33: =R33*1.9*1000 -> 0 | T33: =C33+F33+I33+L33+O33+R33 -> 0 | U33: =T33*1.9*1000 -> 0
A34: Total | C34: 0 | D34: =SUM(D2:D33) -> 410306.9 | E34: 0 | F34: =SUM(F2:F33) -> 42.236 | G34: =SUM(G2:G33) -> 81031.2 | I34: =SUM(I2:I33) -> 188 | J34: =SUM(J2:J33) -> 351500 | L34: =SUM(L2:L33) -> 45.7 | M34: =SUM(M2:M33) -> 83429 | O34: =SUM(O2:O33) -> 27.505 | P34: =SUM(P2:P33) -> 52259.5 | R34: =SUM(R2:R33) -> 41.78 | S34: =SUM(S2:S33) -> 78650.5 | T34: =SUM(T2:T33) -> 564.291 | U34: =SUM(U2:U33) -> 1072152.9

Sheet Energy Monthly Statement
A1: Energy Monthly Statement May 2021
B2: Plant room | C2: =K8+K9+K14 -> 459011 | D2: =C2*1.27 -> 582943.97 | H2: Electric
H3: Feeder 1 | I3: =ELECT.!E2 -> 25714262 | J3: =ELECT.!E33 -> 26008032 | K3: =J3-I3 -> 293770
B4: With out Plant room | C4: Kwh | D4: LE | H4: Feeder 2 | I4: =ELECT.!G2 -> 81240726 | J4: =ELECT.!G33 -> 82280836 | K4: =J4-I4 -> 1040110
B5: Hotel | C5: =(K10+K12)*0.842284+K26 -> 562940.83 | D5: =C5*1.27 -> 714934.86 | H5: Total | K5: =K3+K4 -> 1333880
B6: Plaza | C6: =(K10+K12+K26)*0.1488 -> 99160.766 | D6: =C6*1.27 -> 125934.17 | H6: Tr1 | I6: =ELECT.!J2 -> 7916972 | J6: =ELECT.!J33 -> 8036970 | K6: =J6-I6 -> 119998
B7: Large s. | C7: =(K6+K7)-(C8+C9+C10+C11+K26) -> 270677 | D7: =C7*1.27 -> 343759.79 | H7: Tr2 | I7: =ELECT.!L2 -> 7931158 | J7: =ELECT.!L33 -> 8030026 | K7: =J7-I7 -> 98868
B8: Mall | C8: =K21+K22+K23+K24 -> 24910 | D8: =C8*1.27 -> 31635.7 | H8: Tr3 | I8: =ELECT.!N2 -> 5068618 | J8: =ELECT.!N33 -> 5164175 | K8: =(J8-I8)*2 -> 191114
B9: EZZ | C9: =K25+K16+K17 -> 3430 | D9: =C9*1.27 -> 4356.1 | H9: Tr4 | I9: =ELECT.!P2 -> 3187872 | J9: =ELECT.!P33 -> 3425961 | K9: =J9-I9 -> 238089
B10: Citadle | C10: =K18 -> 11200 | D10: =C10*1.27 -> 14224 | H10: Tr5 | I10: =ELECT.!R2 -> 17259708 | J10: =ELECT.!R33 -> 17464939 | K10: =J10-I10 -> 205231
B11: CIB Bank | C11: =K19+K20 -> -101751 | D11: =C11*1.27 -> -129223.77 | H11: Tr6 | I11: 0 | J11: =ELECT.!J38 -> 0 | K11: =J11-I11 -> 0
H12: Tr7 | I12: =ELECT.!V2 -> 4897522 | J12: =ELECT.!V33 -> 5122908 | K12: =(J12-I12)*2 -> 450772
B13: Water | C13: M3 | D13: LE | H13: Total | K13: =SUM(K6:K12) -> 1304072
B14: Main | C14: =K29 -> 16710 | D14: =C14*10.03 -> 167601.3 | H14: loss | K14: =K5-K13 -> 29808
B15: Large suite | C15: =K30 -> 71.793 | D15: =C15*10.03 -> 720.08379
B16: Plaza | C16: =(C14-C15-C17-C18-C19-C20-C21)*0.1318 -> 1425.8397 | D16: =C16*10.03 -> 14301.172 | H16: CO | I16: ='Mall, Citadel, Rotana'!T2 -> 3620 | J16: ='Mall, Citadel, Rotana'!T33 -> 3641 | K16: =(J16-I16)*160 -> 3360
B17: Mall | C17: 1420 | D17: =C17*10.03 -> 14242.6 | H17: RO1 | I17: ='Mall, Citadel, Rotana'!J2 -> 303517 | J17: ='Mall, Citadel, Rotana'!J33 -> 303517 | K17: =(J17-I17)*160 -> 0
B18: CIB Bank | C18: 200 | D18: =C18*10.03 -> 2006 | H18: RO2 | I18: ='Mall, Citadel, Rotana'!L2 -> 24882 | J18: ='Mall, Citadel, Rotana'!L33 -> 24952 | K18: =(J18-I18)*160 -> 11200
B19: EZZ | C19: 600 | D19: =C19*10.03 -> 6018 | E19: Estimated value as there is no water Flow meter | H19: CIB 1 | I19: ='Mall, Citadel, Rotana'!P2 -> 101751 | J19: ='Mall, Citadel, Rotana'!P33 -> 0 | K19: =J19-I19 -> -101751
B20: Citadle | C20: 600 | D20: =C20*10.03 -> 6018 | H20: CIB E | I20: ='Mall, Citadel, Rotana'!R2 -> 55047 | J20: ='Mall, Citadel, Rotana'!R33 -> 55047 | K20: =J20-I20 -> 0
B21: Plant room | C21: 3000 | D21: =C21*10.03 -> 30090 | H21: R1 | I21: ='Mall, Citadel, Rotana'!B2 -> 45185 | J21: ='Mall, Citadel, Rotana'!B33 -> 45285 | K21: =(J21-I21)*120 -> 12000
B22: Hotel | C22: =C14-(C15+C16+C17+C18+C19+C20+C21) -> 9392.3673 | D22: =C22*10.03 -> 94205.444 | H22: R2 | I22: ='Mall, Citadel, Rotana'!D2 -> 39472 | J22: ='Mall, Citadel, Rotana'!D33 -> 39537 | K22: =(J22-I22)*160 -> 10400
H23: R3 | I23: ='Mall, Citadel, Rotana'!F2 -> 20316 | J23: ='Mall, Citadel, Rotana'!F33 -> 20382 | K23: =(J23-I23)*20 -> 1320
B24: Gas | H24: R4 | I24: ='Mall, Citadel, Rotana'!H2 -> 240785 | J24: ='Mall, Citadel, Rotana'!H33 -> 241975 | K24: =J24-I24 -> 1190
C25: M3 | D25: L.E | H25: RO.E | I25: ='Mall, Citadel, Rotana'!N2 -> 215446 | J25: ='Mall, Citadel, Rotana'!N33 -> 215516 | K25: =J25-I25 -> 70
B26: Main | C26: =K35 -> 39957 | D26: =C26*3.65 -> 145843.05 | H26: New chiller | I26: =ELECT.!C2 -> 18151 | J26: =ELECT.!C33 -> 18216 | K26: =(J26-I26)*160 -> 10400
B27: Plant Room | C27: =C26 -> 39957 | D27: =C27*3.65 -> 145843.05
H28: Water
H29: Main Reading | I29: =Water!B2 -> 409858 | J29: =Water!B33 -> 411529 | K29: =(J29-I29)*10 -> 16710
H30: Large Reading | I30: =Water!H2 -> 730558 | J30: =Water!H33 -> 733217 | K30: =(J30-I30)*0.027 -> 71.793
H31: Pdium Reading | I31: =Water!D2 -> 4167000 | J31: =Water!D33 -> 4377900 | K31: =(J31-I31)*0.027 -> 5694.3
H32: Hotel reading | I32: =Water!F2 -> 2826800 | J32: =Water!F33 -> 3122800 | K32: =(J32-I32)*0.027 -> 7992
H34: Gas
H35: Main | I35: =Gas!B2 -> 17315561 | J35: =Gas!B33 -> 17355518 | K35: =J35-I35 -> 39957

Sheet Plaza and residential
C1: Floor | D1: Type | E1: Acutal till January 2021 | F1: Acutal till Februry 2021 | G1: Consumption | H1: Note | J1: Floor | K1: Type | L1: Acutal till Februry 2021 | M1: Acutal till March 2021 | N1: Consumption | O1: Note
C2: 6 | D2: Jade | E2: 272089 | F2: 274698 | G2: =F2-E2 -> 2609 | J2: 6 | K2: Jade | L2: 274698 | M2: 275850 | N2: =M2-L2 -> 1152
D3: Pearl | E3: 237334 | F3: 238756 | G3: =F3-E3 -> 1422 | K3: Pearl | L3: 238756 | M3: 239970 | N3: =M3-L3 -> 1214
D4: Topaz | E4: 186678 | F4: 187896 | G4: =F4-E4 -> 1218 | K4: Topaz | L4: 187896 | M4: 188683 | N4: =M4-L4 -> 787
C5: 7 | D5: Jade | E5: 234919 | F5: 235909 | G5: =F5-E5 -> 990 | J5: 7 | K5: Jade | L5: 235909 | M5: 236863 | N5: =M5-L5 -> 954
D6: Pearl | E6: 153441 | F6: 153504 | G6: =F6-E6 -> 63 | K6: Pearl | L6: 153504 | M6: 153544 | N6: =M6-L6 -> 40
D7: Topaz | E7: 115849 | F7: 116610 | G7: =F7-E7 -> 761 | K7: Topaz | L7: 116610 | M7: 117142 | N7: =M7-L7 -> 532
C8: 8 | D8: Jade | E8: 71827 | F8: 72003 | G8: =F8-E8 -> 176 | J8: 8 | K8: Jade | L8: 72003 | M8: 72212 | N8: =M8-L8 -> 209
D9: Pearl | E9: 1580 | F9: 1580 | G9: =F9-E9 -> 0 | K9: Pearl | L9: 158 | M9: 158 | N9: =M9-L9 -> 0
D10: Topaz | E10: 94047 | F10: 94510 | G10: =F10-E10 -> 463 | K10: Topaz | L10: 94510 | M10: 94935 | N10: =M10-L10 -> 425
C11: 9 | D11: Jade | E11: 34479 | F11: 39500 | G11: =F11-E11 -> 5021 | J11: 9 | K11: Jade | L11: 39500 | M11: 39500 | N11: =M11-L11 -> 0
D12: Pearl | E12: 0 | F12: 0 | G12: =F12-E12 -> 0 | K12: Pearl | L12: 0 | M12: 0 | N12: =M12-L12 -> 0
D13: Topaz | E13: 28176 | F13: 28245 | G13: =F13-E13 -> 69 | K13: Topaz | L13: 28245 | M13: 28318 | N13: =M13-L13 -> 73
C14: 10 | D14: Jade | E14: 185278 | F14: 187336 | G14: =F14-E14 -> 2058 | J14: 10 | K14: Jade | L14: 187336 | M14: 189237 | N14: =M14-L14 -> 1901
D15: Pearl | E15: 7705 | F15: 7717 | G15: =F15-E15 -> 12 | K15: Pearl | L15: 7717 | M15: 7717 | N15: =M15-L15 -> 0
D16: Topaz | E16: 179162 | F16: 180413 | G16: =F16-E16 -> 1251 | K16: Topaz | L16: 180413 | M16: 181852 | N16: =M16-L16 -> 1439
C17: 11 | D17: Jade | E17: 62746 | F17: 62793 | G17: =F17-E17 -> 47 | J17: 11 | K17: Jade | L17: 62793 | M17: 62836 | N17: =M17-L17 -> 43
D18: Pearl | E18: 206185 | F18: 208087 | G18: =F18-E18 -> 1902 | K18: Pearl | L18: 208087 | M18: 209562 | N18: =M18-L18 -> 1475
D19: Topaz | E19: 30413 | F19: 30454 | G19: =F19-E19 -> 41 | K19: Topaz | L19: 30454 | M19: 30495 | N19: =M19-L19 -> 41
C20: 12 | D20: Jade | E20: 144889 | F20: 144946 | G20: =F20-E20 -> 57 | J20: 12 | K20: Jade | L20: 144946 | M20: 145081 | N20: =M20-L20 -> 135
D21: Pearl | E21: 22263 | F21: 22284 | G21: =F21-E21 -> 21 | K21: Pearl | L21: 22284 | M21: 22318 | N21: =M21-L21 -> 34
D22: Topaz | E22: 234818 | F22: 235976 | G22: =F22-E22 -> 1158 | K22: Topaz | L22: 235976 | M22: 237679 | N22: =M22-L22 -> 1703
C23: 14 | D23: Jade | E23: 115980 | F23: 116112 | G23: =F23-E23 -> 132 | J23: 14 | K23: Jade | L23: 116112 | M23: 116245 | N23: =M23-L23 -> 133
D24: Pearl | E24: 23756 | F24: 23763 | G24: =F24-E24 -> 7 | K24: Pearl | L24: 23763 | M24: 23763 | N24: =M24-L24 -> 0
D25: Topaz | E25: 1916 | F25: 1916 | G25: =F25-E25 -> 0 | K25: Topaz | L25: 1916 | M25: 1957 | N25: =M25-L25 -> 41
C26: 15 | D26: Jade | E26: 39380 | F26: 39380 | G26: =F26-E26 -> 0 | J26: 15 | K26: Jade | L26: 39380 | M26: 39380 | N26: =M26-L26 -> 0
D27: Pearl | E27: 78699 | F27: 78845 | G27: =F27-E27 -> 146 | K27: Pearl | L27: 78845 | M27: 78969 | N27: =M27-L27 -> 124
D28: Topaz | E28: 148592 | F28: 149338 | G28: =F28-E28 -> 746 | K28: Topaz | L28: 149338 | M28: 150141 | N28: =M28-L28 -> 803
C29: 16 | D29: Jade | E29: 97965 | F29: 97965 | G29: =F29-E29 -> 0 | J29: 16 | K29: Jade | L29: 97965 | M29: 97965 | N29: =M29-L29 -> 0
D30: Pearl | E30: 58630 | F30: 58630 | G30: =F30-E30 -> 0 | K30: Pearl | L30: 58630 | M30: 58979 | N30: =M30-L30 -> 349
D31: Topaz | E31: 68411 | F31: 68462 | G31: =F31-E31 -> 51 | K31: Topaz | L31: 68462 | M31: 68462 | N31: =M31-L31 -> 0
C32: 17 | D32: Jade | E32: 31309 | F32: 31484 | G32: =F32-E32 -> 175 | J32: 17 | K32: Jade | L32: 31484 | M32: 31649 | N32: =M32-L32 -> 165
D33: Pearl | E33: 64144 | F33: 64144 | G33: =F33-E33 -> 0 | K33: Pearl | L33: 64144 | M33: 64144 | N33: =M33-L33 -> 0
D34: Topaz | E34: 11259 | F34: 11261 | G34: =F34-E34 -> 2 | K34: Topaz | L34: 11261 | M34: 11309 | N34: =M34-L34 -> 48
C35: 18 | D35: Jade | E35: 230291 | F35: 231326 | G35: =F35-E35 -> 1035 | J35: 18 | K35: Jade | L35: 231326 | M35: 232437 | N35: =M35-L35 -> 1111
D36: Pearl | E36: 16753 | F36: 16753 | G36: =F36-E36 -> 0 | K36: Pearl | L36: 16753 | M36: 16753 | N36: =M36-L36 -> 0
D37: Topaz | E37: 71607 | F37: 72822 | G37: =F37-E37 -> 1215 | K37: Topaz | L37: 72822 | M37: 53012 | N37: =M37-L37 -> -19810
C38: 19 | D38: Jade | E38: 20678 | F38: 20813 | G38: =F38-E38 -> 135 | J38: 19 | K38: Jade | L38: 20813 | M38: 20948 | N38: =M38-L38 -> 135
D39: Pearl | E39: 81679 | F39: 81825 | G39: =F39-E39 -> 146 | K39: Pearl | L39: 81825 | M39: 82016 | N39: =M39-L39 -> 191
D40: Topaz | E40: 52908 | F40: 52948 | G40: =F40-E40 -> 40 | K40: Topaz | L40: 52948 | M40: 53012 | N40: =M40-L40 -> 64
C41: 20 | D41: Jade | E41: 116094 | F41: 116595 | G41: =F41-E41 -> 501 | J41: 20 | K41: Jade | L41: 116595 | M41: 117288 | N41: =M41-L41 -> 693
D42: Pearl | E42: 68225 | F42: 68333 | G42: =F42-E42 -> 108 | K42: Pearl | L42: 68333 | M42: 68478 | N42: =M42-L42 -> 145
D43: Topaz | E43: 3223 | F43: 3224 | G43: =F43-E43 -> 1 | K43: Topaz | L43: 3224 | M43: 3234 | N43: =M43-L43 -> 10
C45: 21 | D45: Emerald | E45: 3114 | F45: 3182 | G45: =F45-E45 -> 68 | J45: 21 | K45: Emerald | L45: 3182 | M45: 3182 | N45: =M45-L45 -> 0
D46: Topaz | E46: 38096 | F46: 38125 | G46: =F46-E46 -> 29 | K46: Topaz | L46: 38125 | M46: 38125 | N46: =M46-L46 -> 0
C47: 22 | D47: Emerald | E47: 13917 | F47: 13917 | G47: =F47-E47 -> 0 | J47: 22 | K47: Emerald | L47: 13917 | M47: 13917 | N47: =M47-L47 -> 0
D48: Topaz | E48: 18873 | F48: 19003 | G48: =F48-E48 -> 130 | K48: Topaz | L48: 19003 | M48: 19003 | N48: =M48-L48 -> 0
C49: 23 | D49: Emerald | G49: =F49-E49 -> 0 | J49: 23 | K49: Emerald | N49: =M49-L49 -> 0
D50: Topaz | G50: =F50-E50 -> 0 | K50: Topaz | N50: =M50-L50 -> 0
C52: 24 | D52: Sapphire | E52: 236508 | F52: 237611 | G52: =F52-E52 -> 1103 | J52: 24 | K52: Sapphire | L52: 237611 | M52: 238619 | N52: =M52-L52 -> 1008
D53: Ruby | E53: 533385 | F53: 533854 | G53: =F53-E53 -> 469 | K53: Ruby | L53: 533854 | M53: 544307 | N53: =M53-L53 -> 10453
D54: Sapphire | E54: 34567 | F54: 34567 | G54: =F54-E54 -> 0 | K54: Sapphire | L54: 34567 | M54: 34567 | N54: =M54-L54 -> 0
C55: 25 | D55: Sapphire | E55: 330 | F55: 330 | G55: =F55-E55 -> 0 | J55: 25 | K55: Sapphire | L55: 330 | M55: 330 | N55: =M55-L55 -> 0
D56: Ruby | E56: 3 | F56: 3 | G56: =F56-E56 -> 0 | K56: Ruby | L56: 3 | M56: 3 | N56: =M56-L56 -> 0
C57: 26 | D57: Sapphire | E57: 685258 | F57: 688763 | G57: =F57-E57 -> 3505 | J57: 26 | K57: Sapphire | L57: 688763 | M57: 692347 | N57: =M57-L57 -> 3584
D58: Ruby | E58: 750021 | F58: 754384 | G58: =F58-E58 -> 4363 | K58: Ruby | L58: 754384 | M58: 758854 | N58: =M58-L58 -> 4470
C59: 27 | D59: Sapphire | E59: 233248 | F59: 234450 | G59: =F59-E59 -> 1202 | J59: 27 | K59: Sapphire | L59: 234450 | M59: 33554 | N59: =M59-L59 -> -200896
D60: Ruby | E60: 93345 | F60: 95207 | G60: =F60-E60 -> 1862 | K60: Ruby | L60: 95207 | M60: 96054 | N60: =M60-L60 -> 847
C62: 28 | D62: Diamond | H62: without | J62: 28 | K62: Diamond | O62: without
C64: Total Electricity Consumption KW | G64: =SUM(G2:G63) -> 36510 | J64: Total Electricity Consumption KW | N64: =SUM(N2:N63) -> -184175
B69: 44256 | G69: 44287 | L69: Cons.
B70: Floor | C70: 30 | D70: 35,40 | E70: 45,50 | G70: Floor | H70: 30 | I70: 35,40 | J70: 45,50 | L70: Floor | M70: 30 | N70: 35,40 | O70: 45,50
B71: 6 | C71: 91470 | D71: 54889 | E71: 78552 | G71: 6 | H71: 92046 | I71: 54912 | J71: 78552 | L71: 6 | M71: =H71-C71 -> 576 | N71: =I71-D71 -> 23 | O71: =J71-E71 -> 0
B72: 7 | C72: 95126 | D72: 103305 | E72: 62782 | G72: 7 | H72: 95364 | I72: 103498 | J72: 62959 | L72: 7 | M72: =H72-C72 -> 238 | N72: =I72-D72 -> 193 | O72: =J72-E72 -> 177
B73: 8 | C73: 110953 | D73: 242857 | E73: 105408 | G73: 8 | H73: 111733 | I73: 242987 | J73: 105524 | L73: 8 | M73: =H73-C73 -> 780 | N73: =I73-D73 -> 130 | O73: =J73-E73 -> 116
B74: 9 | C74: 68063 | D74: 149328 | E74: 148112 | G74: 9 | H74: 68117 | I74: 150572 | J74: 149163 | L74: 9 | M74: =H74-C74 -> 54 | N74: =I74-D74 -> 1244 | O74: =J74-E74 -> 1051
B75: 10 | C75: 69195 | D75: 110744 | E75: 141284 | G75: 10 | H75: 70077 | I75: 111196 | J75: 141990 | L75: 10 | M75: =H75-C75 -> 882 | N75: =I75-D75 -> 452 | O75: =J75-E75 -> 706
B76: 11 | C76: 151372 | D76: 179549 | E76: 210251 | G76: 11 | H76: 152018 | I76: 180806 | J76: 211090 | L76: 11 | M76: =H76-C76 -> 646 | N76: =I76-D76 -> 1257 | O76: =J76-E76 -> 839
B77: 12 | C77: 147165 | D77: 95707 | E77: 100054 | G77: 12 | H77: 148056 | I77: 95975 | J77: 100091 | L77: 12 | M77: =H77-C77 -> 891 | N77: =I77-D77 -> 268 | O77: =J77-E77 -> 37
B78: 14 | C78: 123657 | D78: 47659 | E78: 50711 | G78: 14 | H78: 123669 | I78: 47904 | J78: 50814 | L78: 14 | M78: =H78-C78 -> 12 | N78: =I78-D78 -> 245 | O78: =J78-E78 -> 103
B79: 15 | C79: 165166 | D79: 144390 | E79: 156136 | G79: 15 | H79: 165837 | I79: 145209 | J79: 156935 | L79: 15 | M79: =H79-C79 -> 671 | N79: =I79-D79 -> 819 | O79: =J79-E79 -> 799
B80: 16 | C80: 120591 | D80: 145481 | E80: 214855 | G80: 16 | H80: 120734 | I80: 145971 | J80: 215040 | L80: 16 | M80: =H80-C80 -> 143 | N80: =I80-D80 -> 490 | O80: =J80-E80 -> 185
B81: 17 | C81: 38476 | D81: 84399 | E81: 201455 | G81: 17 | H81: 38476 | I81: 84751 | J81: 201722 | L81: 17 | M81: =H81-C81 -> 0 | N81: =I81-D81 -> 352 | O81: =J81-E81 -> 267
B82: 18 | C82: 135942 | D82: 71992 | E82: 162109 | G82: 18 | H82: 136086 | I82: 72072 | J82: 162404 | L82: 18 | M82: =H82-C82 -> 144 | N82: =I82-D82 -> 80 | O82: =J82-E82 -> 295
... B92: 28 | C92: 193358 | D92: 101990 | E92: 109763 | G92: 28 | H92: 193808 | I92: 101990 | J92: 110053 | L92: 28 | M92: =H92-C92 -> 450 | N92: =I92-D92 -> 0 | O92: =J92-E92 -> 290
B93: 29 | D93: 79720 | G93: 29 | I93: 80595 | L93: 29 | M93: =H93-C93 -> 0 | N93: =I93-D93 -> 875
B94: 30 | D94: 14818 | G94: 30 | I94: 14818 | L94: 30 | M94: =H94-C94 -> 0 | N94: =I94-D94 -> 0
