Workbook

Sheet Total Daily 
A1: Site Name | B1: Day | C1: Month | D1: Year | E1: Total Electricity Kwh | F1: Electricity Tariff ($/Kwh) | G1: LPG (Kg) | H1: LPG $/Kg | I1: District Energy Cooling Kwh | J1: District Energy Cooling $/Kwh | K1: Water Utility Supply (m3) m3 | L1: Water Utility Supply (m3) m3 | M1: Water Utility Supply (m3) $/m3 | N1: Room Nights
A2: Dubai DIFC | B2: 1 | C2: 5 | D2: 2021 | E2: ='5 - 2021'!B8-'5 - 2021'!B7+'5 - 2021'!C8-'5 - 2021'!C7 -> 9302 | F2: 0.118 | G2: =(('5 - 2021'!E8-'5 - 2021'!E7)+('5 - 2021'!F8-'5 - 2021'!F7)+('5 - 2021'!G8-'5 - 2021'!G7))*1.81 -> 116.564 | H2: 0.99 | I2: ='5 - 2021'!J8-'5 - 2021'!J7 -> 25354 | J2: 0.081 | K2: ='5 - 2021'!H8-'5 - 2021'!H7 -> 0 | L2: ='5 - 2021'!I8-'5 - 2021'!I7 -> 105 | M2: 4.3936294 | N2: 80
A3: Dubai DIFC | B3: =B2+1 -> 2 | C3: 5 | D3: 2021 | E3: ='5 - 2021'!B9-'5 - 2021'!B8+'5 - 2021'!C9-'5 - 2021'!C8 -> 8794 | F3: 0.118 | G3: =(('5 - 2021'!E9-'5 - 2021'!E8)+('5 - 2021'!F9-'5 - 2021'!F8)+('5 - 2021'!G9-'5 - 2021'!G8))*1.81 -> 108.6543 | H3: 0.99 | I3: ='5 - 2021'!J9-'5 - 2021'!J8 -> 23608 | J3: 0.081 | K3: ='5 - 2021'!H9-'5 - 2021'!H8 -> 0 | L3: ='5 - 2021'!I9-'5 - 2021'!I8 -> 84 | M3: 4.3936294 | N3: 75
A4: Dubai DIFC | B4: =B3+1 -> 3 | C4: 5 | D4: 2021 | E4: ='5 - 2021'!B10-'5 - 2021'!B9+'5 - 2021'!C10-'5 - 2021'!C9 -> 9260 | F4: 0.118 | G4: =(('5 - 2021'!E10-'5 - 2021'!E9)+('5 - 2021'!F10-'5 - 2021'!F9)+('5 - 2021'!G10-'5 - 2021'!G9))*1.81 -> 110.591 | H4: 0.99 | I4: ='5 - 2021'!J10-'5 - 2021'!J9 -> 25936 | J4: 0.081 | K4: ='5 - 2021'!H10-'5 - 2021'!H9 -> 0 | L4: ='5 - 2021'!I10-'5 - 2021'!I9 -> 98 | M4: 4.3936294 | N4: 70
A5: Dubai DIFC | B5: =B4+1 -> 4 | C5: 5 | D5: 2021 | E5: ='5 - 2021'!B11-'5 - 2021'!B10+'5 - 2021'!C11-'5 - 2021'!C10 -> 9144 | F5: 0.118 | G5: =(('5 - 2021'!E11-'5 - 2021'!E10)+('5 - 2021'!F11-'5 - 2021'!F10)+('5 - 2021'!G11-'5 - 2021'!G10))*1.81 -> 107.2968 | H5: 0.99 | I5: ='5 - 2021'!J11-'5 - 2021'!J10 -> 25986 | J5: 0.081 | K5: ='5 - 2021'!H11-'5 - 2021'!H10 -> 0 | L5: ='5 - 2021'!I11-'5 - 2021'!I10 -> 95 | M5: 4.3936294 | N5: 72
A6: Dubai DIFC | B6: =B5+1 -> 5 | C6: 5 | D6: 2021 | E6: ='5 - 2021'!B12-'5 - 2021'!B11+'5 - 2021'!C12-'5 - 2021'!C11 -> 9724 | F6: 0.118 | G6: =(('5 - 2021'!E12-'5 - 2021'!E11)+('5 - 2021'!F12-'5 - 2021'!F11)+('5 - 2021'!G12-'5 - 2021'!G11))*1.81 -> 113.0164 | H6: 0.99 | I6: ='5 - 2021'!J12-'5 - 2021'!J11 -> 25668 | J6: 0.081 | K6: ='5 - 2021'!H12-'5 - 2021'!H11 -> 0 | L6: ='5 - 2021'!I12-'5 - 2021'!I11 -> 91 | M6: 4.3936294 | N6: 68
A7: Dubai DIFC | B7: =B6+1 -> 6 | C7: 5 | D7: 2021 | E7: ='5 - 2021'!B13-'5 - 2021'!B12+'5 - 2021'!C13-'5 - 2021'!C12 -> 9176 | F7: 0.118 | G7: =(('5 - 2021'!E13-'5 - 2021'!E12)+('5 - 2021'!F13-'5 - 2021'!F12)+('5 - 2021'!G13-'5 - 2021'!G12))*1.81 -> 122.1207 | H7: 0.99 | I7: ='5 - 2021'!J13-'5 - 2021'!J12 -> 26897 | J7: 0.081 | K7: ='5 - 2021'!H13-'5 - 2021'!H12 -> 0 | L7: ='5 - 2021'!I13-'5 - 2021'!I12 -> 97 | M7: 4.3936294 | N7: 77
A8: Dubai DIFC | B8: =B7+1 -> 7 | C8: 5 | D8: 2021 | E8: ='5 - 2021'!B14-'5 - 2021'!B13+'5 - 2021'!C14-'5 - 2021'!C13 -> 9167 | F8: 0.118 | G8: =(('5 - 2021'!E14-'5 - 2021'!E13)+('5 - 2021'!F14-'5 - 2021'!F13)+('5 - 2021'!G14-'5 - 2021'!G13))*1.81 -> 134.7907 | H8: 0.99 | I8: ='5 - 2021'!J14-'5 - 2021'!J13 -> 30314 | J8: 0.081 | K8: ='5 - 2021'!H14-'5 - 2021'!H13 -> 0 | L8: ='5 - 2021'!I14-'5 - 2021'!I13 -> 98 | M8: 4.3936294 | N8: 59
A9: Dubai DIFC | B9: =B8+1 -> 8 | C9: 5 | D9: 2021 | E9: ='5 - 2021'!B15-'5 - 2021'!B14+'5 - 2021'!C15-'5 - 2021'!C14 -> 9009 | F9: 0.118 | G9: =(('5 - 2021'!E15-'5 - 2021'!E14)+('5 - 2021'!F15-'5 - 2021'!F14)+('5 - 2021'!G15-'5 - 2021'!G14))*1.81 -> 115.7495 | H9: 0.99 | I9: ='5 - 2021'!J15-'5 - 2021'!J14 -> 27793 | J9: 0.081 | K9: ='5 - 2021'!H15-'5 - 2021'!H14 -> 0 | L9: ='5 - 2021'!I15-'5 - 2021'!I14 -> 91 | M9: 4.3936294 | N9: 54
A10: Dubai DIFC | B10: =B9+1 -> 9 | C10: 5 | D10: 2021 | E10: ='5 - 2021'!B16-'5 - 2021'!B15+'5 - 2021'!C16-'5 - 2021'!C15 -> 8745 | F10: 0.118 | G10: =(('5 - 2021'!E16-'5 - 2021'!E15)+('5 - 2021'!F16-'5 - 2021'!F15)+('5 - 2021'!G16-'5 - 2021'!G15))*1.81 -> 112.8535 | H10: 0.99 | I10: ='5 - 2021'!J16-'5 - 2021'!J15 -> 23033 | J10: 0.081 | K10: ='5 - 2021'!H16-'5 - 2021'!H15 -> 0 | L10: ='5 - 2021'!I16-'5 - 2021'!I15 -> 82 | M10: 4.3936294 | N10: 51
A11: Dubai DIFC | B11: =B10+1 -> 10 | C11: 5 | D11: 2021 | E11: ='5 - 2021'!B17-'5 - 2021'!B16+'5 - 2021'!C17-'5 - 2021'!C16 -> 8743 | F11: 0.118 | G11: =(('5 - 2021'!E17-'5 - 2021'!E16)+('5 - 2021'!F17-'5 - 2021'!F16)+('5 - 2021'!G17-'5 - 2021'!G16))*1.81 -> 106.066 | H11: 0.99 | I11: ='5 - 2021'!J17-'5 - 2021'!J16 -> 22466 | J11: 0.081 | K11: ='5 - 2021'!H17-'5 - 2021'!H16 -> 0 | L11: ='5 - 2021'!I17-'5 - 2021'!I16 -> 85 | M11: 4.3936294 | N11: 42
A12: Dubai DIFC | B12: =B11+1 -> 11 | C12: 5 | D12: 2021 | E12: ='5 - 2021'!B18-'5 - 2021'!B17+'5 - 2021'!C18-'5 - 2021'!C17 -> 9054 | F12: 0.118 | G12: =(('5 - 2021'!E18-'5 - 2021'!E17)+('5 - 2021'!F18-'5 - 2021'!F17)+('5 - 2021'!G18-'5 - 2021'!G17))*1.81 -> 106.4461 | H12: 0.99 | I12: ='5 - 2021'!J18-'5 - 2021'!J17 -> 23197 | J12: 0.081 | K12: ='5 - 2021'!H18-'5 - 2021'!H17 -> 0 | L12: ='5 - 2021'!I18-'5 - 2021'!I17 -> 87 | M12: 4.3936294 | N12: 48
A13: Dubai DIFC | B13: =B12+1 -> 12 | C13: 5 | D13: 2021 | E13: ='5 - 2021'!B19-'5 - 2021'!B18+'5 - 2021'!C19-'5 - 2021'!C18 -> 9167 | F13: 0.118 | G13: =(('5 - 2021'!E19-'5 - 2021'!E18)+('5 - 2021'!F19-'5 - 2021'!F18)+('5 - 2021'!G19-'5 - 2021'!G18))*1.81 -> 107.4597 | H13: 0.99 | I13: ='5 - 2021'!J19-'5 - 2021'!J18 -> 24384 | J13: 0.081 | K13: ='5 - 2021'!H19-'5 - 2021'!H18 -> 0 | L13: ='5 - 2021'!I19-'5 - 2021'!I18 -> 82 | M13: 4.3936294 | N13: 51
A14: Dubai DIFC | B14: =B13+1 -> 13 | C14: 5 | D14: 2021 | E14: ='5 - 2021'!B20-'5 - 2021'!B19+'5 - 2021'!C20-'5 - 2021'!C19 -> 9132 | F14: 0.118 | G14: =(('5 - 2021'!E20-'5 - 2021'!E19)+('5 - 2021'!F20-'5 - 2021'!F19)+('5 - 2021'!G20-'5 - 2021'!G19))*1.81 -> 104.8352 | H14: 0.99 | I14: ='5 - 2021'!J20-'5 - 2021'!J19 -> 24758 | J14: 0.081 | K14: ='5 - 2021'!H20-'5 - 2021'!H19 -> 0 | L14: ='5 - 2021'!I20-'5 - 2021'!I19 -> 86 | M14: 4.3936294 | N14: 61
... A25: Dubai DIFC | B25: =B24+1 -> 24 | C25: 5 | D25: 2021 | E25: ='5 - 2021'!B31-'5 - 2021'!B30+'5 - 2021'!C31-'5 - 2021'!C30 -> 9467 | F25: 0.118 | G25: =(('5 - 2021'!E31-'5 - 2021'!E30)+('5 - 2021'!F31-'5 - 2021'!F30)+('5 - 2021'!G31-'5 - 2021'!G30))*1.81 -> 113.9214 | H25: 0.99 | I25: ='5 - 2021'!J31-'5 - 2021'!J30 -> 29701 | J25: 0.081 | K25: ='5 - 2021'!H31-'5 - 2021'!H30 -> 0 | L25: ='5 - 2021'!I31-'5 - 2021'!I30 -> 104 | M25: 4.3936294 | N25: 72
A26: Dubai DIFC | B26: =B25+1 -> 25 | C26: 5 | D26: 2021 | E26: 0 | F26: 0.118 | G26: 0 | H26: 0.99 | I26: 0 | J26: 0.081 | K26: 0 | L26: 0 | M26: 4.3936294
A27: Dubai DIFC | B27: =B26+1 -> 26 | C27: 5 | D27: 2021 | E27: ='5 - 2021'!B33-'5 - 2021'!B32+'5 - 2021'!C33-'5 - 2021'!C32 -> 0 | F27: 0.118 | G27: =(('5 - 2021'!E33-'5 - 2021'!E32)+('5 - 2021'!F33-'5 - 2021'!F32)+('5 - 2021'!G33-'5 - 2021'!G32))*1.81 -> 0 | H27: 0.99 | I27: ='5 - 2021'!J33-'5 - 2021'!J32 -> 0 | J27: 0.081 | K27: ='5 - 2021'!H33-'5 - 2021'!H32 -> 0 | L27: ='5 - 2021'!I33-'5 - 2021'!I32 -> 0 | M27: 4.3936294
A28: Dubai DIFC | B28: =B27+1 -> 27 | C28: 5 | D28: 2021 | E28: ='5 - 2021'!B34-'5 - 2021'!B33+'5 - 2021'!C34-'5 - 2021'!C33 -> 0 | F28: 0.118 | G28: =(('5 - 2021'!E34-'5 - 2021'!E33)+('5 - 2021'!F34-'5 - 2021'!F33)+('5 - 2021'!G34-'5 - 2021'!G33))*1.81 -> 0 | H28: 0.99 | I28: ='5 - 2021'!J34-'5 - 2021'!J33 -> 0 | J28: 0.081 | K28: ='5 - 2021'!H34-'5 - 2021'!H33 -> 0 | L28: ='5 - 2021'!I34-'5 - 2021'!I33 -> 0 | M28: 4.3936294
A29: Dubai DIFC | B29: =B28+1 -> 28 | C29: 5 | D29: 2021 | E29: ='5 - 2021'!B35-'5 - 2021'!B34+'5 - 2021'!C35-'5 - 2021'!C34 -> 0 | F29: 0.118 | G29: =(('5 - 2021'!E35-'5 - 2021'!E34)+('5 - 2021'!F35-'5 - 2021'!F34)+('5 - 2021'!G35-'5 - 2021'!G34))*1.81 -> 0 | H29: 0.99 | I29: ='5 - 2021'!J35-'5 - 2021'!J34 -> 0 | J29: 0.081 | K29: ='5 - 2021'!H35-'5 - 2021'!H34 -> 0 | L29: ='5 - 2021'!I35-'5 - 2021'!I34 -> 0 | M29: 4.3936294
A30: Dubai DIFC | B30: =B29+1 -> 29 | C30: 5 | D30: 2021 | E30: ='5 - 2021'!B36-'5 - 2021'!B35+'5 - 2021'!C36-'5 - 2021'!C35 -> 0 | F30: 0.118 | G30: =(('5 - 2021'!E36-'5 - 2021'!E35)+('5 - 2021'!F36-'5 - 2021'!F35)+('5 - 2021'!G36-'5 - 2021'!G35))*1.81 -> 0 | H30: 0.99 | I30: ='5 - 2021'!J36-'5 - 2021'!J35 -> 0 | J30: 0.081 | K30: ='5 - 2021'!H36-'5 - 2021'!H35 -> 0 | L30: ='5 - 2021'!I36-'5 - 2021'!I35 -> 0 | M30: 4.3936294
A31: Dubai DIFC | B31: =B30+1 -> 30 | C31: 5 | D31: 2021 | E31: ='5 - 2021'!B37-'5 - 2021'!B36+'5 - 2021'!C37-'5 - 2021'!C36 -> 0 | F31: 0.118 | G31: =(('5 - 2021'!E37-'5 - 2021'!E36)+('5 - 2021'!F37-'5 - 2021'!F36)+('5 - 2021'!G37-'5 - 2021'!G36))*1.81 -> 0 | H31: 0.99 | I31: ='5 - 2021'!J37-'5 - 2021'!J36 -> 0 | J31: 0.081 | K31: ='5 - 2021'!H37-'5 - 2021'!H36 -> 0 | L31: ='5 - 2021'!I37-'5 - 2021'!I36 -> 0 | M31: 4.3936294
A32: Dubai DIFC | B32: =B31+1 -> 31 | C32: 5 | D32: 2021 | E32: ='5 - 2021'!B38-'5 - 2021'!B37+'5 - 2021'!C38-'5 - 2021'!C37 -> 0 | F32: 0.118 | G32: =(('5 - 2021'!E38-'5 - 2021'!E37)+('5 - 2021'!F38-'5 - 2021'!F37)+('5 - 2021'!G38-'5 - 2021'!G37))*1.81 -> 0 | H32: 0.99 | I32: ='5 - 2021'!J38-'5 - 2021'!J37 -> 0 | J32: 0.081 | K32: ='5 - 2021'!H38-'5 - 2021'!H37 -> 0 | L32: ='5 - 2021'!I38-'5 - 2021'!I37 -> 0 | M32: 4.3936294

Sheet Submetering Daily 
A1: Site Name | B1: Day | C1: Month | D1: Year | E1: Panel LV1 Kwh | F1: Panel LV2 Kwh | G1: Electricity Tariff ($/Kwh) | H1: Main Kitchen LPG (Kg) | I1: Podium Kitchen LPG (Kg) | J1: Boiler LPG (Kg) | K1: LPG $/Kg | L1: Room Nights
A2: Dubai DIFC | B2: 1 | C2: 5 | D2: 2021 | E2: ='5 - 2021'!B8-'5 - 2021'!B7 -> 3561 | F2: ='5 - 2021'!C8-'5 - 2021'!C7 -> 5741 | G2: 0.118 | H2: ='5 - 2021'!E8-'5 - 2021'!E7 -> 26.05 | I2: ='5 - 2021'!F8-'5 - 2021'!F7 -> 5.18 | J2: ='5 - 2021'!G8-'5 - 2021'!G7 -> 33.17 | K2: 0.74 | L2: 80
A3: Dubai DIFC | B3: =B2+1 -> 2 | C3: 5 | D3: 2021 | E3: ='5 - 2021'!B9-'5 - 2021'!B8 -> 3363 | F3: ='5 - 2021'!C9-'5 - 2021'!C8 -> 5431 | G3: 0.118 | H3: ='5 - 2021'!E9-'5 - 2021'!E8 -> 24.7 | I3: ='5 - 2021'!F9-'5 - 2021'!F8 -> 3.9 | J3: ='5 - 2021'!G9-'5 - 2021'!G8 -> 31.43 | K3: 0.74 | L3: 75
A4: Dubai DIFC | B4: =B3+1 -> 3 | C4: 5 | D4: 2021 | E4: ='5 - 2021'!B10-'5 - 2021'!B9 -> 3489 | F4: ='5 - 2021'!C10-'5 - 2021'!C9 -> 5771 | G4: 0.118 | H4: ='5 - 2021'!E10-'5 - 2021'!E9 -> 25.21 | I4: ='5 - 2021'!F10-'5 - 2021'!F9 -> 4.58 | J4: ='5 - 2021'!G10-'5 - 2021'!G9 -> 31.31 | K4: 0.74 | L4: 70
A5: Dubai DIFC | B5: =B4+1 -> 4 | C5: 5 | D5: 2021 | E5: ='5 - 2021'!B11-'5 - 2021'!B10 -> 3388 | F5: ='5 - 2021'!C11-'5 - 2021'!C10 -> 5756 | G5: 0.118 | H5: ='5 - 2021'!E11-'5 - 2021'!E10 -> 24.23 | I5: ='5 - 2021'!F11-'5 - 2021'!F10 -> 4.48 | J5: ='5 - 2021'!G11-'5 - 2021'!G10 -> 30.57 | K5: 0.74 | L5: 72
A6: Dubai DIFC | B6: =B5+1 -> 5 | C6: 5 | D6: 2021 | E6: ='5 - 2021'!B12-'5 - 2021'!B11 -> 3637 | F6: ='5 - 2021'!C12-'5 - 2021'!C11 -> 6087 | G6: 0.118 | H6: ='5 - 2021'!E12-'5 - 2021'!E11 -> 27.54 | I6: ='5 - 2021'!F12-'5 - 2021'!F11 -> 4.26 | J6: ='5 - 2021'!G12-'5 - 2021'!G11 -> 30.64 | K6: 0.74 | L6: 68
A7: Dubai DIFC | B7: =B6+1 -> 6 | C7: 5 | D7: 2021 | E7: ='5 - 2021'!B13-'5 - 2021'!B12 -> 3515 | F7: ='5 - 2021'!C13-'5 - 2021'!C12 -> 5661 | G7: 0.118 | H7: ='5 - 2021'!E13-'5 - 2021'!E12 -> 24.87 | I7: ='5 - 2021'!F13-'5 - 2021'!F12 -> 4.14 | J7: ='5 - 2021'!G13-'5 - 2021'!G12 -> 38.46 | K7: 0.74 | L7: 77
A8: Dubai DIFC | B8: =B7+1 -> 7 | C8: 5 | D8: 2021 | E8: ='5 - 2021'!B14-'5 - 2021'!B13 -> 3571 | F8: ='5 - 2021'!C14-'5 - 2021'!C13 -> 5596 | G8: 0.118 | H8: ='5 - 2021'!E14-'5 - 2021'!E13 -> 26.24 | I8: ='5 - 2021'!F14-'5 - 2021'!F13 -> 4.34 | J8: ='5 - 2021'!G14-'5 - 2021'!G13 -> 43.89 | K8: 0.74 | L8: 59
A9: Dubai DIFC | B9: =B8+1 -> 8 | C9: 5 | D9: 2021 | E9: ='5 - 2021'!B15-'5 - 2021'!B14 -> 3424 | F9: ='5 - 2021'!C15-'5 - 2021'!C14 -> 5585 | G9: 0.118 | H9: ='5 - 2021'!E15-'5 - 2021'!E14 -> 25.08 | I9: ='5 - 2021'!F15-'5 - 2021'!F14 -> 4.96 | J9: ='5 - 2021'!G15-'5 - 2021'!G14 -> 33.91 | K9: 0.74 | L9: 54
A10: Dubai DIFC | B10: =B9+1 -> 9 | C10: 5 | D10: 2021 | E10: ='5 - 2021'!B16-'5 - 2021'!B15 -> 3473 | F10: ='5 - 2021'!C16-'5 - 2021'!C15 -> 5272 | G10: 0.118 | H10: ='5 - 2021'!E16-'5 - 2021'!E15 -> 26.31 | I10: ='5 - 2021'!F16-'5 - 2021'!F15 -> 4.29 | J10: ='5 - 2021'!G16-'5 - 2021'!G15 -> 31.75 | K10: 0.74 | L10: 51
A11: Dubai DIFC | B11: =B10+1 -> 10 | C11: 5 | D11: 2021 | E11: ='5 - 2021'!B17-'5 - 2021'!B16 -> 3467 | F11: ='5 - 2021'!C17-'5 - 2021'!C16 -> 5276 | G11: 0.118 | H11: ='5 - 2021'!E17-'5 - 2021'!E16 -> 22.45 | I11: ='5 - 2021'!F17-'5 - 2021'!F16 -> 4.48 | J11: ='5 - 2021'!G17-'5 - 2021'!G16 -> 31.67 | K11: 0.74 | L11: 42
A12: Dubai DIFC | B12: =B11+1 -> 11 | C12: 5 | D12: 2021 | E12: ='5 - 2021'!B18-'5 - 2021'!B17 -> 3409 | F12: ='5 - 2021'!C18-'5 - 2021'!C17 -> 5645 | G12: 0.118 | H12: ='5 - 2021'!E18-'5 - 2021'!E17 -> 24.62 | I12: ='5 - 2021'!F18-'5 - 2021'!F17 -> 4.23 | J12: ='5 - 2021'!G18-'5 - 2021'!G17 -> 29.96 | K12: 0.74 | L12: 48
A13: Dubai DIFC | B13: =B12+1 -> 12 | C13: 5 | D13: 2021 | E13: ='5 - 2021'!B19-'5 - 2021'!B18 -> 3510 | F13: ='5 - 2021'!C19-'5 - 2021'!C18 -> 5657 | G13: 0.118 | H13: ='5 - 2021'!E19-'5 - 2021'!E18 -> 24.44 | I13: ='5 - 2021'!F19-'5 - 2021'!F18 -> 4.7 | J13: ='5 - 2021'!G19-'5 - 2021'!G18 -> 30.23 | K13: 0.74 | L13: 51
A14: Dubai DIFC | B14: =B13+1 -> 13 | C14: 5 | D14: 2021 | E14: ='5 - 2021'!B20-'5 - 2021'!B19 -> 3495 | F14: ='5 - 2021'!C20-'5 - 2021'!C19 -> 5637 | G14: 0.118 | H14: ='5 - 2021'!E20-'5 - 2021'!E19 -> 23.49 | I14: ='5 - 2021'!F20-'5 - 2021'!F19 -> 4.65 | J14: ='5 - 2021'!G20-'5 - 2021'!G19 -> 29.78 | K14: 0.74 | L14: 61
... A25: Dubai DIFC | B25: =B24+1 -> 24 | C25: 5 | D25: 2021 | E25: ='5 - 2021'!B31-'5 - 2021'!B30 -> 3443 | F25: ='5 - 2021'!C31-'5 - 2021'!C30 -> 6024 | G25: 0.118 | H25: ='5 - 2021'!E31-'5 - 2021'!E30 -> 26.59 | I25: ='5 - 2021'!F31-'5 - 2021'!F30 -> 4.86 | J25: ='5 - 2021'!G31-'5 - 2021'!G30 -> 31.49 | K25: 0.74 | L25: 72
A26: Dubai DIFC | B26: =B25+1 -> 25 | C26: 5 | D26: 2021 | E26: 0 | F26: 0 | G26: 0.118 | H26: 0 | I26: 0 | J26: 0 | K26: 0.74
A27: Dubai DIFC | B27: =B26+1 -> 26 | C27: 5 | D27: 2021 | E27: ='5 - 2021'!B33-'5 - 2021'!B32 -> 0 | F27: ='5 - 2021'!C33-'5 - 2021'!C32 -> 0 | G27: 0.118 | H27: ='5 - 2021'!E33-'5 - 2021'!E32 -> 0 | I27: ='5 - 2021'!F33-'5 - 2021'!F32 -> 0 | J27: ='5 - 2021'!G33-'5 - 2021'!G32 -> 0 | K27: 0.74
A28: Dubai DIFC | B28: =B27+1 -> 27 | C28: 5 | D28: 2021 | E28: ='5 - 2021'!B34-'5 - 2021'!B33 -> 0 | F28: ='5 - 2021'!C34-'5 - 2021'!C33 -> 0 | G28: 0.118 | H28: ='5 - 2021'!E34-'5 - 2021'!E33 -> 0 | I28: ='5 - 2021'!F34-'5 - 2021'!F33 -> 0 | J28: ='5 - 2021'!G34-'5 - 2021'!G33 -> 0 | K28: 0.74
A29: Dubai DIFC | B29: =B28+1 -> 28 | C29: 5 | D29: 2021 | E29: ='5 - 2021'!B35-'5 - 2021'!B34 -> 0 | F29: ='5 - 2021'!C35-'5 - 2021'!C34 -> 0 | G29: 0.118 | H29: ='5 - 2021'!E35-'5 - 2021'!E34 -> 0 | I29: ='5 - 2021'!F35-'5 - 2021'!F34 -> 0 | J29: ='5 - 2021'!G35-'5 - 2021'!G34 -> 0 | K29: 0.74
A30: Dubai DIFC | B30: =B29+1 -> 29 | C30: 5 | D30: 2021 | E30: ='5 - 2021'!B36-'5 - 2021'!B35 -> 0 | F30: ='5 - 2021'!C36-'5 - 2021'!C35 -> 0 | G30: 0.118 | H30: ='5 - 2021'!E36-'5 - 2021'!E35 -> 0 | I30: ='5 - 2021'!F36-'5 - 2021'!F35 -> 0 | J30: ='5 - 2021'!G36-'5 - 2021'!G35 -> 0 | K30: 0.74
A31: Dubai DIFC | B31: =B30+1 -> 30 | C31: 5 | D31: 2021 | E31: ='5 - 2021'!B37-'5 - 2021'!B36 -> 0 | F31: ='5 - 2021'!C37-'5 - 2021'!C36 -> 0 | G31: 0.118 | H31: ='5 - 2021'!E37-'5 - 2021'!E36 -> 0 | I31: ='5 - 2021'!F37-'5 - 2021'!F36 -> 0 | J31: ='5 - 2021'!G37-'5 - 2021'!G36 -> 0 | K31: 0.74
A32: Dubai DIFC | B32: =B31+1 -> 31 | C32: 5 | D32: 2021 | E32: ='5 - 2021'!B38-'5 - 2021'!B37 -> 0 | F32: ='5 - 2021'!C38-'5 - 2021'!C37 -> 0 | G32: 0.118 | H32: ='5 - 2021'!E38-'5 - 2021'!E37 -> 0 | I32: ='5 - 2021'!F38-'5 - 2021'!F37 -> 0 | J32: ='5 - 2021'!G38-'5 - 2021'!G37 -> 0 | K32: 0.74

Sheet 5 - 2021
A3: FOUR SEASONS HOTEL - DIFC
A4: HLP READING MONTH OF MARCH' 2021
B5: Electricity | D5: LPG (cu.m) | H5: Water (cu.m) | J5: BTU
A6: Date | B6: LV-01, 2025952759 | C6: LV-2, 2030235407 | D6: Main Meter % | E6: Main Kitchen | F6: Podium Kitchen | G6: Boiler | H6: B-3 Water Meter (DIFC) | I6: MainWater Meter (DEWA) | J6: Chilled Water (KWH) | K6: Gas Received (Litres) | L6: Remark
A7: 44316 | B7: 611018 | C7: 622286 | D7: 0.59 | E7: 573.58 | F7: 3423.17 | G7: 28956.33 | H7: 14528 | I7: 117375 | J7: 45643736
A8: =A7+1 -> 44317 | B8: 614579 | C8: 628027 | D8: 0.52 | E8: 599.63 | F8: 3428.35 | G8: 28989.5 | H8: 14528 | I8: 117480 | J8: 45669090
A9: =A8+1 -> 44318 | B9: 617942 | C9: 633458 | D9: 0.46 | E9: 624.33 | F9: 3432.25 | G9: 29020.93 | H9: 14528 | I9: 117564 | J9: 45692698
A10: =A9+1 -> 44319 | B10: 621431 | C10: 639229 | D10: 0.4 | E10: 649.54 | F10: 3436.83 | G10: 29052.24 | H10: 14528 | I10: 117662 | J10: 45718634
A11: =A10+1 -> 44320 | B11: 624819 | C11: 644985 | D11: 0.33 | E11: 673.77 | F11: 3441.31 | G11: 29082.81 | H11: 14528 | I11: 117757 | J11: 45744620
A12: =A11+1 -> 44321 | B12: 628456 | C12: 651072 | D12: 0.27 | E12: 701.31 | F12: 3445.57 | G12: 29113.45 | H12: 14528 | I12: 117848 | J12: 45770288
A13: =A12+1 -> 44322 | B13: 631971 | C13: 656733 | D13: 0.2 | E13: 726.18 | F13: 3449.71 | G13: 29151.91 | H13: 14528 | I13: 117945 | J13: 45797185
A14: =A13+1 -> 44323 | B14: 635542 | C14: 662329 | D14: 0.13 | E14: 752.42 | F14: 3454.05 | G14: 29195.8 | H14: 14528 | I14: 118043 | J14: 45827499 | K14: 5100
A15: =A14+1 -> 44324 | B15: 638966 | C15: 667914 | D15: 0.8 | E15: 777.5 | F15: 3459.01 | G15: 29229.71 | H15: 14528 | I15: 118134 | J15: 45855292
A16: =A15+1 -> 44325 | B16: 642439 | C16: 673186 | D16: 0.75 | E16: 803.81 | F16: 3463.3 | G16: 29261.46 | H16: 14528 | I16: 118216 | J16: 45878325
A17: =A16+1 -> 44326 | B17: 645906 | C17: 678462 | D17: 0.68 | E17: 826.26 | F17: 3467.78 | G17: 29293.13 | H17: 14528 | I17: 118301 | J17: 45900791
A18: =A17+1 -> 44327 | B18: 649315 | C18: 684107 | D18: 0.62 | E18: 850.88 | F18: 3472.01 | G18: 29323.09 | H18: 14528 | I18: 118388 | J18: 45923988
A19: =A18+1 -> 44328 | B19: 652825 | C19: 689764 | D19: 0.56 | E19: 875.32 | F19: 3476.71 | G19: 29353.32 | H19: 14528 | I19: 118470 | J19: 45948372
A20: =A19+1 -> 44329 | B20: 656320 | C20: 695401 | D20: 0.5 | E20: 898.81 | F20: 3481.36 | G20: 29383.1 | H20: 14528 | I20: 118556 | J20: 45973130
A21: =A20+1 -> 44330 | B21: 659789 | C21: 701232 | D21: 0.44 | E21: 926.11 | F21: 3485.67 | G21: 29416.43 | H21: 14528 | I21: 118663 | J21: 45998871
A22: =A21+1 -> 44331 | B22: 663220 | C22: 707034 | D22: 0.85 | E22: 950.43 | F22: 3490.52 | G22: 29450.21 | H22: 14528 | I22: 118750 | J22: 46028289 | K22: 3400
A23: =A22+1 -> 44332 | B23: 666502 | C23: 712776 | D23: 0.77 | E23: 974.74 | F23: 3495.26 | G23: 29484 | H23: 14528 | I23: 118849 | J23: 46057003
A24: =A23+1 -> 44333 | B24: 669877 | C24: 718236 | D24: 0.71 | E24: 996.34 | F24: 3500.35 | G24: 29518.1 | H24: 14528 | I24: 118950 | J24: 46082381
A25: =A24+1 -> 44334 | B25: 673365 | C25: 724248 | D25: 0.65 | E25: 1022.86 | F25: 3505.16 | G25: 29549.35 | H25: 14528 | I25: 119040 | J25: 46110553
A26: =A25+1 -> 44335 | B26: 676824 | C26: 730207 | D26: 0.58 | E26: 1047.04 | F26: 3510.27 | G26: 29584.95 | H26: 14528 | I26: 119139 | J26: 46138648
A27: =A26+1 -> 44336 | B27: 680140 | C27: 735673 | D27: 0.51 | E27: 1071.45 | F27: 3515.09 | G27: 29611.72 | H27: 14528 | I27: 119238 | J27: 46164135
A28: =A27+1 -> 44337 | B28: 683805 | C28: 741836 | D28: 0.44 | E28: 1095.52 | F28: 3521.42 | G28: 29648.29 | H28: 14528 | I28: 119371 | J28: 46194600
A29: =A28+1 -> 44338 | B29: 687203 | C29: 747790 | D29: 0.38 | E29: 1124.33 | F29: 3526.1 | G29: 29682.69 | H29: 14528 | I29: 119497 | J29: 46226197
A30: =A29+1 -> 44339 | B30: 690632 | C30: 753943 | D30: 0.3 | E30: 1152.19 | F30: 3530.56 | G30: 29715.28 | H30: 14528 | I30: 119614 | J30: 46257187
A31: =A30+1 -> 44340 | B31: 694075 | C31: 759967 | D31: 0.24 | E31: 1178.78 | F31: 3535.42 | G31: 29746.77 | H31: 14528 | I31: 119718 | J31: 46286888
A32: =A31+1 -> 44341
A33: =A32+1 -> 44342
A34: =A33+1 -> 44343
A35: =A34+1 -> 44344
A36: =A35+1 -> 44345
A37: =A36+1 -> 44346
A38: =A37+1 -> 44347
A39: Readings | B39: =B35-B7 -> -611018 | C39: =C35-C7 -> -622286 | D39: =D35-D7 -> -0.59 | E39: =E35-E7 -> -573.58 | F39: =F35-F7 -> -3423.17 | G39: =G35-G7 -> -28956.33 | H39: =H35-H7 -> -14528 | I39: =I35-I7 -> -117375 | J39: =J35-J7 -> -45643736 | K39: =SUM(K7:K35) -> 8500
H40: =H39*219.969 -> -3195709.6 | I40: =I39*219.969 -> -25818861
