Workbook

Sheet TOTAL
A1: Site Name | B1: Day | C1: Month | D1: Year | E1: Total Electricity Kwh | F1: Electricity Tariff ($/Kwh) | G1: Natual Gas (m3) | H1: Natural Gas $/m3 | I1: Water Utility Supply (m3) m3 | J1: Water Utility Supply (m3) $/m3 | K1: Room Nights | L1: Total Guests | M1: Utilities day cost dh
A2: Mumbai | B2: 1 | C2: 5 | D2: 2020 | E2: =366799.64/31 -> 11832.246 | F2: ='Daily HLP'!J4 -> 9.5 | G2: =8431/31 -> 271.96774 | H2: 28 | I2: =1828/31 -> 58.967742 | J2: 129.27 | K2: =3058/31 -> 98.645161 | L2: 0 | M2: =E2*F2+G2*H2+#REF!*#REF!+I2*J2 -> #REF!
A3: Mumbai | B3: =B2+1 -> 2 | C3: 5 | D3: 2020 | E3: =366799.64/31 -> 11832.246 | F3: =F2 -> 9.5 | G3: =8431/31 -> 271.96774 | H3: 28 | I3: =1828/31 -> 58.967742 | J3: =J2 -> 129.27 | K3: =3058/31 -> 98.645161 | L3: 0 | M3: =E3*F3+G3*H3+#REF!*#REF!+I3*J3 -> #REF!
A4: Mumbai | B4: =B3+1 -> 3 | C4: 5 | D4: 2020 | E4: =366799.64/31 -> 11832.246 | F4: =F3 -> 9.5 | G4: =8431/31 -> 271.96774 | H4: 28 | I4: =1828/31 -> 58.967742 | J4: =J3 -> 129.27 | K4: =3058/31 -> 98.645161 | L4: 0 | M4: =E4*F4+G4*H4+#REF!*#REF!+I4*J4 -> #REF!
A5: Mumbai | B5: =B4+1 -> 4 | C5: 5 | D5: 2020 | E5: =366799.64/31 -> 11832.246 | F5: =F4 -> 9.5 | G5: =8431/31 -> 271.96774 | H5: 28 | I5: =1828/31 -> 58.967742 | J5: =J4 -> 129.27 | K5: =3058/31 -> 98.645161 | L5: 0 | M5: =E5*F5+G5*H5+#REF!*#REF!+I5*J5 -> #REF!
A6: Mumbai | B6: =B5+1 -> 5 | C6: 5 | D6: 2020 | E6: =366799.64/31 -> 11832.246 | F6: =F5 -> 9.5 | G6: =8431/31 -> 271.96774 | H6: 28 | I6: =1828/31 -> 58.967742 | J6: =J5 -> 129.27 | K6: =3058/31 -> 98.645161 | L6: 0 | M6: =E6*F6+G6*H6+#REF!*#REF!+I6*J6 -> #REF!
A7: Mumbai | B7: =B6+1 -> 6 | C7: 5 | D7: 2020 | E7: =366799.64/31 -> 11832.246 | F7: =F6 -> 9.5 | G7: =8431/31 -> 271.96774 | H7: 28 | I7: =1828/31 -> 58.967742 | J7: =J6 -> 129.27 | K7: =3058/31 -> 98.645161 | L7: 0 | M7: =E7*F7+G7*H7+#REF!*#REF!+I7*J7 -> #REF!
A8: Mumbai | B8: =B7+1 -> 7 | C8: 5 | D8: 2020 | E8: =366799.64/31 -> 11832.246 | F8: =F7 -> 9.5 | G8: =8431/31 -> 271.96774 | H8: 28 | I8: =1828/31 -> 58.967742 | J8: =J7 -> 129.27 | K8: =3058/31 -> 98.645161 | L8: 0 | M8: =E8*F8+G8*H8+#REF!*#REF!+I8*J8 -> #REF!
A9: Mumbai | B9: =B8+1 -> 8 | C9: 5 | D9: 2020 | E9: =366799.64/31 -> 11832.246 | F9: =F8 -> 9.5 | G9: =8431/31 -> 271.96774 | H9: 28 | I9: =1828/31 -> 58.967742 | J9: =J8 -> 129.27 | K9: =3058/31 -> 98.645161 | L9: 0 | M9: =E9*F9+G9*H9+#REF!*#REF!+I9*J9 -> #REF!
A10: Mumbai | B10: =B9+1 -> 9 | C10: 5 | D10: 2020 | E10: =366799.64/31 -> 11832.246 | F10: =F9 -> 9.5 | G10: =8431/31 -> 271.96774 | H10: 28 | I10: =1828/31 -> 58.967742 | J10: =J9 -> 129.27 | K10: =3058/31 -> 98.645161 | L10: 0 | M10: =E10*F10+G10*H10+#REF!*#REF!+I10*J10 -> #REF!
A11: Mumbai | B11: =B10+1 -> 10 | C11: 5 | D11: 2020 | E11: =366799.64/31 -> 11832.246 | F11: =F10 -> 9.5 | G11: =8431/31 -> 271.96774 | H11: 28 | I11: =1828/31 -> 58.967742 | J11: =J10 -> 129.27 | K11: =3058/31 -> 98.645161 | L11: 0 | M11: =E11*F11+G11*H11+#REF!*#REF!+I11*J11 -> #REF!
A12: Mumbai | B12: =B11+1 -> 11 | C12: 5 | D12: 2020 | E12: =366799.64/31 -> 11832.246 | F12: =F11 -> 9.5 | G12: =8431/31 -> 271.96774 | H12: 28 | I12: =1828/31 -> 58.967742 | J12: =J11 -> 129.27 | K12: =3058/31 -> 98.645161 | L12: 0 | M12: =E12*F12+G12*H12+#REF!*#REF!+I12*J12 -> #REF!
A13: Mumbai | B13: =B12+1 -> 12 | C13: 5 | D13: 2020 | E13: =366799.64/31 -> 11832.246 | F13: =F12 -> 9.5 | G13: =8431/31 -> 271.96774 | H13: 28 | I13: =1828/31 -> 58.967742 | J13: =J12 -> 129.27 | K13: =3058/31 -> 98.645161 | L13: 0 | M13: =E13*F13+G13*H13+#REF!*#REF!+I13*J13 -> #REF!
A14: Mumbai | B14: =B13+1 -> 13 | C14: 5 | D14: 2020 | E14: =366799.64/31 -> 11832.246 | F14: =F13 -> 9.5 | G14: =8431/31 -> 271.96774 | H14: 28 | I14: =1828/31 -> 58.967742 | J14: =J13 -> 129.27 | K14: =3058/31 -> 98.645161 | L14: 0 | M14: =E14*F14+G14*H14+#REF!*#REF!+I14*J14 -> #REF!
... A31: Mumbai | B31: =B30+1 -> 30 | C31: 5 | D31: 2020 | E31: =366799.64/31 -> 11832.246 | F31: =F30 -> 9.5 | G31: =8431/31 -> 271.96774 | H31: 28 | I31: =1828/31 -> 58.967742 | J31: =J30 -> 129.27 | K31: =3058/31 -> 98.645161 | L31: 0 | M31: =E31*F31+G31*H31+#REF!*#REF!+I31*J31 -> #REF!
A32: Mumbai | B32: =B31+1 -> 31 | C32: 5 | D32: 2020 | E32: =366799.64/31 -> 11832.246 | F32: =F31 -> 9.5 | G32: =8431/31 -> 271.96774 | H32: 28 | I32: =1828/31 -> 58.967742 | J32: =J31 -> 129.27 | K32: =3058/31 -> 98.645161 | L32: 0

Sheet Daily HLP
A2: Date | B2: Date | C2: Min.Tem (Degee) | D2: Avg.Temp (Degree) | E2: Hum % | F2: Occu. | G2: KWAH | I2: Electricity | M2: Gas | P2: Water | S2: Water per occiped room | T2: Diesel | W2: Water Consumption Zone | AA2: Chiller Running Hrs | AF2: Chiller Total | AG2: Chiller Avg. Laod | AH2: Boiler Running Hrs | AK2: Total boiler | AL2: Hot Water Generator | AO2: Total HWG RH | AP2: HWG Gas consumption | AQ2: Transformer -1 | BA2: Transformer -2 | BO2: Total HLP Cost | BQ2: Chiller lock at 70%
F3: % | H3: KVAH | I3: Units (Kwh) | J3: Rate | K3: Total Cost(Rs) | L3: Per room | M3: Total Units(CuM) | N3: Rate | O3: Total Cost(Rs) | P3: Units(KL) | Q3: Rate | R3: Total Cost(Rs) | T3: Ltrs | U3: Rate | V3: Total Cost(Rs) | W3: Zone-1 | X3: Zone-2 | Y3: Zone-3 | AA3: CH1 | AB3: CH2 | AC3: CH3 | AD3: CH4 | AE3: Total chiller | AH3: Boiler1 | AI3: Boiler2 | AJ3: Boiler3 | AL3: HWG1 | AM3: HWG2 | AQ3: HVAC-1 | AR3: FPP-1 | AS3: MPP | AT3: Lighting-1 | AU3: Cap bank 1100KVAR-1 | AV3: CH-1 | AW3: CH-2 | AX3: Chilled water Pump | AY3: Co Generator | AZ3: Ball Room-2 | BA3: HVAC-2 | BB3: FPP-2 | BC3: MPP | BD3: Lighting-2 | BE3: Cap bank 1200KVAR-2 | BF3: CH-3 | BG3: CH-4 | BH3: Chilled water Pump | BI3: Ball Room-1 | BK3: Cooling Tower consumption | BL3: HVAC% | BM3: Lighting% | BN3: Power% | BP3: Chiller Plant IKW
A4: 1 | B4: 1 | D4: ='1'!D3 -> 30 | E4: ='1'!D4 -> 0.8 | G4: ='1'!G8 -> 19444 | H4: ='1'!G8 -> 19444 | I4: ='1'!G7 -> 19245 | J4: ='1'!F27 -> 9.5 | K4: =H4*J4 -> 184718 | L4: =I4/202 -> 95.272277 | M4: ='1'!G15 -> 510.757 | N4: 35 | O4: =M4*N4 -> 17876.495 | P4: ='1'!G20 -> 223 | Q4: 134 | R4: =P4*Q4 -> 29882 | S4: =P4/(F4*202/100) -> #DIV/0! | T4: ='1'!G24 -> 0 | U4: 69 | V4: =T4*U4 -> 0 | W4: ='1'!G95 -> 47 | X4: ='1'!G96 -> 33 | Y4: ='1'!G97 -> 35 | Z4: =W4+X4+Y4 -> 115 | AA4: ='1'!G132 -> 0 | AB4: ='1'!G133 -> 0 | AC4: ='1'!G134 -> 0 | AD4: ='1'!G135 -> 24.02 | AE4: =AA4+AB4+AC4+AD4 -> 24.02 | AF4: =AV4+AW4+BF4+BG4 -> 4735.89 | AG4: =AF4/AE4 -> 197.16445 | AH4: ='1'!G136 -> 0 | AI4: ='1'!G137 -> 0 | AJ4: ='1'!G138 -> 8.09 | AK4: =AH4+AI4+AJ4 -> 8.09 | AL4: ='1'!G139 -> 5.89 | AM4: ='1'!G140 -> 0 | AO4: =AL4+AM4 -> 5.89 | AP4: ='1'!G123 -> 212.69 | AQ4: ='1'!G35 -> -0.4 | AR4: ='1'!G37 -> 0 | AS4: ='1'!G38 -> 0 | AT4: ='1'!G39 -> 0 | AU4: ='1'!G40 -> 0 | AV4: ='1'!G41 -> 0.02 | AW4: ='1'!G42 -> 0 | AX4: ='1'!G43 -> 1842.16 | AY4: ='1'!G44 -> 0 | AZ4: ='1'!G36 -> 1551.2 | BA4: ='1'!G49 -> 2722.5 | BB4: ='1'!G51 -> 1437.182 | BC4: ='1'!G52 -> 1880.84 | BD4: ='1'!G53 -> 4233.764 | BE4: ='1'!G54 -> 53.89 | BF4: ='1'!G55 -> -0.37 | BG4: ='1'!G56 -> 4736.24 | BH4: ='1'!G57 -> 0 | BI4: ='1'!G50 -> 1072.8 | BJ4: =SUM(AV4,AW4,BF4,BG4) -> 4735.89 | BK4: ='1'!G84 -> 564 | BL4: =SUM(AQ4,AV4,AW4,AX4,BA4,BF4,BG4,BH4)/I4% -> 48.325019 | BM4: =SUM(AT4,BD4)/I4% -> 21.999293 | BN4: =(AS4+BC4)/I4 -> 0.097731359 | BO4: =K4+O4+R4+V4 -> 232476.49 | BP4: =SUM(AV4,AW4,AX4,BF4,BG4,BH4,BK4) -> 7142.05 | BQ4: =BP4/(AE4*280) -> 1.0619201 | BR4: =SUM(AV4,AW4,BF4,BG4)/(AE4*400) -> 0.49291112
A5: 2 | B5: 2 | D5: ='2'!D3 -> 30 | E5: ='2'!D4 -> 0.8 | G5: ='2'!G8 -> 19688 | H5: ='2'!G8 -> 19688 | I5: ='2'!G7 -> 19450 | J5: 10 | K5: =H5*J5 -> 196880 | L5: =I5/202 -> 96.287129 | M5: ='2'!G15 -> 605.862 | N5: 35 | O5: =M5*N5 -> 21205.17 | P5: ='2'!G20 -> 133 | Q5: 134 | R5: =P5*Q5 -> 17822 | S5: =P5/(F5*202/100) -> #DIV/0! | T5: ='2'!G24 -> 0 | U5: 69 | V5: =T5*U5 -> 0 | W5: ='2'!G95 -> 59 | X5: ='2'!G96 -> 31 | Y5: ='2'!G97 -> 14 | Z5: =W5+X5+Y5 -> 104 | AA5: ='2'!G132 -> 0 | AB5: ='2'!G133 -> 0 | AC5: ='2'!G134 -> 0 | AD5: ='2'!G135 -> 23.55 | AE5: =AA5+AB5+AC5+AD5 -> 23.55 | AF5: =AV5+AW5+BF5+BG5 -> 4681.15 | AG5: =AF5/AE5 -> 198.77495 | AH5: ='2'!G136 -> 5.81 | AI5: ='2'!G137 -> 0 | AJ5: ='2'!G138 -> 0 | AK5: =AH5+AI5+AJ5 -> 5.81 | AL5: ='2'!G139 -> 5.45 | AM5: ='2'!G140 -> 0.08 | AO5: =AL5+AM5 -> 5.53 | AP5: ='2'!G123 -> 194.656 | AQ5: ='2'!G35 -> 0.4 | AR5: ='2'!G37 -> 0 | AS5: ='2'!G38 -> 0 | AT5: ='2'!G39 -> 0 | AU5: ='2'!G40 -> 0 | AV5: ='2'!G41 -> -0.07 | AW5: ='2'!G42 -> 0 | AX5: ='2'!G43 -> 2165.68 | AY5: ='2'!G44 -> 0 | AZ5: ='2'!G36 -> 696.92 | BA5: ='2'!G49 -> 2702.463 | BB5: ='2'!G51 -> 1394.541 | BC5: ='2'!G52 -> 1803.32 | BD5: ='2'!G53 -> 4163.956 | BE5: ='2'!G54 -> 59.09 | BF5: ='2'!G55 -> 0.1 | BG5: ='2'!G56 -> 4681.12 | BH5: ='2'!G57 -> 0 | BI5: ='2'!G50 -> 1111.86 | BJ5: =SUM(AV5,AW5,BF5,BG5) -> 4681.15 | BK5: ='2'!G84 -> 542 | BL5: =SUM(AQ5,AV5,AW5,AX5,BA5,BF5,BG5,BH5)/I5% -> 49.098679 | BM5: =SUM(AT5,BD5)/I5% -> 21.408514 | BN5: =(AS5+BC5)/I5 -> 0.092715681 | BO5: =K5+O5+R5+V5 -> 235907.17 | BP5: =SUM(AV5,AW5,AX5,BF5,BG5,BH5,BK5) -> 7388.83 | BQ5: =BP5/(AE5*280) -> 1.1205384
A6: 3 | B6: 3 | D6: ='3'!D3 -> 31 | E6: ='3'!D4 -> 0.8 | G6: ='3'!G8 -> 18908 | H6: ='3'!G8 -> 18908 | I6: ='3'!G7 -> 18679 | J6: 10 | K6: =H6*J6 -> 189080 | L6: =I6/202 -> 92.470297 | M6: ='3'!G15 -> 518.451 | N6: 35 | O6: =M6*N6 -> 18145.785 | P6: ='3'!G20 -> 133 | Q6: 134 | R6: =P6*Q6 -> 17822 | S6: =P6/(F6*202/100) -> #DIV/0! | T6: ='3'!G24 -> 0 | U6: 69 | V6: =T6*U6 -> 0 | W6: ='3'!G95 -> 45 | X6: ='3'!G96 -> 22 | Y6: ='3'!G97 -> 16 | Z6: =W6+X6+Y6 -> 83 | AA6: ='3'!G132 -> 0 | AB6: ='3'!G133 -> 0 | AC6: ='3'!G134 -> 0 | AD6: ='3'!G135 -> 24 | AE6: =AA6+AB6+AC6+AD6 -> 24 | AF6: =AV6+AW6+BF6+BG6 -> 4174.28 | AG6: =AF6/AE6 -> 173.92833 | AH6: ='3'!G136 -> 0 | AI6: ='3'!G137 -> -0.01 | AJ6: ='3'!G138 -> 9.04 | AK6: =AH6+AI6+AJ6 -> 9.03 | AL6: ='3'!G139 -> 5.32 | AM6: ='3'!G140 -> 0 | AO6: =AL6+AM6 -> 5.32 | AP6: ='3'!G123 -> 211.774 | AQ6: ='3'!G35 -> 0 | AR6: ='3'!G37 -> 0 | AS6: ='3'!G38 -> 0 | AT6: ='3'!G39 -> 0 | AU6: ='3'!G40 -> 0 | AV6: ='3'!G41 -> 0 | AW6: ='3'!G42 -> 0 | AX6: ='3'!G43 -> 2304.12 | AY6: ='3'!G44 -> 0 | AZ6: ='3'!G36 -> 666.82 | BA6: ='3'!G49 -> 2711.409 | BB6: ='3'!G51 -> 1372.169 | BC6: ='3'!G52 -> 1727.68 | BD6: ='3'!G53 -> 4015.398 | BE6: ='3'!G54 -> 43.24 | BF6: ='3'!G55 -> 0 | BG6: ='3'!G56 -> 4174.28 | BH6: ='3'!G57 -> 0 | BI6: ='3'!G50 -> 1089.04 | BJ6: =SUM(AV6,AW6,BF6,BG6) -> 4174.28 | BK6: ='3'!G84 -> 541 | BL6: =SUM(AQ6,AV6,AW6,AX6,BA6,BF6,BG6,BH6)/I6% -> 49.198613 | BM6: =SUM(AT6,BD6)/I6% -> 21.496857 | BN6: =(AS6+BC6)/I6 -> 0.092493174 | BO6: =K6+O6+R6+V6 -> 225047.79 | BP6: =SUM(AV6,AW6,AX6,BF6,BG6,BH6,BK6) -> 7019.4 | BQ6: =BP6/(AE6*280) -> 1.0445536
A7: 4 | B7: 4 | D7: ='4'!D3 -> 31 | E7: ='4'!D4 -> 0.8 | G7: ='4'!G8 -> 19846 | H7: ='4'!G8 -> 19846 | I7: ='4'!G7 -> 19611 | J7: 10 | K7: =H7*J7 -> 198460 | L7: =I7/202 -> 97.084158 | M7: ='4'!G15 -> 691.176 | N7: 35 | O7: =M7*N7 -> 24191.16 | P7: ='4'!G20 -> 153 | Q7: 134 | R7: =P7*Q7 -> 20502 | S7: =P7/(F7*202/100) -> #DIV/0! | T7: ='4'!G24 -> 0 | U7: 69 | V7: =T7*U7 -> 0 | W7: ='4'!G95 -> 59 | X7: ='4'!G96 -> 25 | Y7: ='4'!G97 -> 15 | Z7: =W7+X7+Y7 -> 99 | AA7: ='4'!G132 -> 0 | AB7: ='4'!G133 -> 20.3 | AC7: ='4'!G134 -> 0 | AD7: ='4'!G135 -> 4 | AE7: =AA7+AB7+AC7+AD7 -> 24.3 | AF7: =AV7+AW7+BF7+BG7 -> 4263.34 | AG7: =AF7/AE7 -> 175.44609 | AH7: ='4'!G136 -> 5.77 | AI7: ='4'!G137 -> 0.01 | AJ7: ='4'!G138 -> 0 | AK7: =AH7+AI7+AJ7 -> 5.78 | AL7: ='4'!G139 -> 6.39 | AM7: ='4'!G140 -> 0 | AO7: =AL7+AM7 -> 6.39 | AP7: ='4'!G123 -> 207.006 | AQ7: ='4'!G35 -> 0 | AR7: ='4'!G37 -> 0 | AS7: ='4'!G38 -> 0.2 | AT7: ='4'!G39 -> 0 | AU7: ='4'!G40 -> 0 | AV7: ='4'!G41 -> 0 | AW7: ='4'!G42 -> 3678.9 | AX7: ='4'!G43 -> 2374.92 | AY7: ='4'!G44 -> 0 | AZ7: ='4'!G36 -> 735.56 | BA7: ='4'!G49 -> 2847.441 | BB7: ='4'!G51 -> 1417.011 | BC7: ='4'!G52 -> 1816.92 | BD7: ='4'!G53 -> 4209.545 | BE7: ='4'!G54 -> 44.96 | BF7: ='4'!G55 -> 0 | BG7: ='4'!G56 -> 584.44 | BH7: ='4'!G57 -> 0 | BI7: ='4'!G50 -> 1208.4 | BJ7: =SUM(AV7,AW7,BF7,BG7) -> 4263.34 | BK7: ='3'!G84 -> 541 | BL7: =SUM(AQ7,AV7,AW7,AX7,BA7,BF7,BG7,BH7)/I7% -> 48.369288 | BM7: =SUM(AT7,BD7)/I7% -> 21.465224 | BN7: =(AS7+BC7)/I7 -> 0.092658202 | BO7: =K7+O7+R7+V7 -> 243153.16 | BP7: =SUM(AV7,AW7,AX7,BF7,BG7,BH7,BK7) -> 7179.26 | BQ7: =BP7/(AE7*280) -> 1.0551529
A8: 5 | B8: 5 | D8: ='5'!D3 -> 28 | E8: ='5'!D4 -> 0.76 | G8: ='5'!G8 -> 19340 | H8: ='5'!G8 -> 19340 | I8: ='5'!G7 -> 19138 | J8: 10 | K8: =H8*J8 -> 193400 | L8: =I8/202 -> 94.742574 | M8: ='5'!G15 -> 640.456 | N8: 35 | O8: =M8*N8 -> 22415.96 | P8: ='5'!G20 -> 172 | Q8: 134 | R8: =P8*Q8 -> 23048 | S8: =P8/(F8*202/100) -> #DIV/0! | T8: ='5'!G24 -> 0 | U8: 69 | V8: =T8*U8 -> 0 | W8: ='5'!G95 -> 56 | X8: ='5'!G96 -> 27 | Y8: ='5'!G97 -> 20 | Z8: =W8+X8+Y8 -> 103 | AA8: ='5'!G132 -> 0 | AB8: ='5'!G133 -> 23.7 | AC8: ='5'!G134 -> 0 | AD8: ='5'!G135 -> 0 | AE8: =AA8+AB8+AC8+AD8 -> 23.7 | AF8: =AV8+AW8+BF8+BG8 -> 4126.87 | AG8: =AF8/AE8 -> 174.12954 | AH8: ='5'!G136 -> 3.27 | AI8: ='5'!G137 -> 0 | AJ8: ='5'!G138 -> 4.13 | AK8: =AH8+AI8+AJ8 -> 7.4 | AL8: ='5'!G139 -> 5.67 | AM8: ='5'!G140 -> 0 | AO8: =AL8+AM8 -> 5.67 | AP8: ='5'!G123 -> 200.365 | AQ8: ='5'!G35 -> 0 | AR8: ='5'!G37 -> 0 | AS8: ='5'!G38 -> 0 | AT8: ='5'!G39 -> 0 | AU8: ='5'!G40 -> 0 | AV8: ='5'!G41 -> 0 | AW8: ='5'!G42 -> 4126.87 | AX8: ='5'!G43 -> 2267.92 | AY8: ='5'!G44 -> 0 | AZ8: ='5'!G36 -> 657.22 | BA8: ='5'!G49 -> 2720.39 | BB8: ='5'!G51 -> 1393.51 | BC8: ='5'!G52 -> 1825.76 | BD8: ='5'!G53 -> 4092.525 | BE8: ='5'!G54 -> 71.68 | BF8: ='5'!G55 -> 0 | BG8: ='5'!G56 -> 0 | BH8: ='5'!G57 -> 0 | BI8: ='5'!G50 -> 1440.76 | BJ8: =SUM(AV8,AW8,BF8,BG8) -> 4126.87 | BK8: ='5'!G84 -> 611 | BL8: =SUM(AQ8,AV8,AW8,AX8,BA8,BF8,BG8,BH8)/I8% -> 47.628697 | BM8: =SUM(AT8,BD8)/I8% -> 21.384288 | BN8: =(AS8+BC8)/I8 -> 0.095399728 | BO8: =K8+O8+R8+V8 -> 238863.96 | BP8: =SUM(AV8,AW8,AX8,BF8,BG8,BH8,BK8) -> 7005.79 | BQ8: =BP8/(AE8*280) -> 1.0557248
A9: 6 | B9: 6 | D9: ='6'!D3 -> 35 | E9: ='6'!D4 -> 0.8 | G9: ='6'!G8 -> 19877 | H9: ='6'!G8 -> 19877 | I9: ='6'!G7 -> 19631 | J9: 10 | K9: =H9*J9 -> 198770 | L9: =I9/202 -> 97.183168 | M9: ='6'!G15 -> 745.697 | N9: 35 | O9: =M9*N9 -> 26099.395 | P9: ='6'!G20 -> 168 | Q9: 134 | R9: =P9*Q9 -> 22512 | S9: =P9/(F9*202/100) -> #DIV/0! | T9: ='6'!G24 -> 0 | U9: 69 | V9: =T9*U9 -> 0 | W9: ='6'!G95 -> 57 | X9: ='6'!G96 -> 36 | Y9: ='6'!G97 -> 21 | Z9: =W9+X9+Y9 -> 114 | AA9: ='6'!G132 -> 0 | AB9: ='6'!G133 -> 24.27 | AC9: ='6'!G134 -> 0 | AD9: ='6'!G135 -> 0 | AE9: =AA9+AB9+AC9+AD9 -> 24.27 | AF9: =AV9+AW9+BF9+BG9 -> 3798.09 | AG9: =AF9/AE9 -> 156.4932 | AH9: ='6'!G136 -> 6.98 | AI9: ='6'!G137 -> 0 | AJ9: ='6'!G138 -> 0 | AK9: =AH9+AI9+AJ9 -> 6.98 | AL9: ='6'!G139 -> 5.78 | AM9: ='6'!G140 -> 0 | AO9: =AL9+AM9 -> 5.78 | AP9: ='6'!G123 -> 206.989 | AQ9: ='6'!G35 -> 0 | AR9: ='6'!G37 -> 0 | AS9: ='6'!G38 -> 0.18 | AT9: ='6'!G39 -> 0 | AU9: ='6'!G40 -> 0 | AV9: ='6'!G41 -> 0 | AW9: ='6'!G42 -> 3798.09 | AX9: ='6'!G43 -> 2346.04 | AY9: ='6'!G44 -> 0 | AZ9: ='6'!G36 -> 652.32 | BA9: ='6'!G49 -> 2793.25 | BB9: ='6'!G51 -> 1494.99 | BC9: ='6'!G52 -> 1949.48 | BD9: ='6'!G53 -> 4280.105 | BE9: ='6'!G54 -> 55.18 | BF9: ='6'!G55 -> 0 | BG9: ='6'!G56 -> 0 | BH9: ='6'!G57 -> 0 | BI9: ='6'!G50 -> 1621.44 | BJ9: =SUM(AV9,AW9,BF9,BG9) -> 3798.09 | BK9: ='6'!G84 -> 553 | BL9: =SUM(AQ9,AV9,AW9,AX9,BA9,BF9,BG9,BH9)/I9% -> 45.526871 | BM9: =SUM(AT9,BD9)/I9% -> 21.802786 | BN9: =(AS9+BC9)/I9 -> 0.099315369 | BO9: =K9+O9+R9+V9 -> 247381.39 | BP9: =SUM(AV9,AW9,AX9,BF9,BG9,BH9,BK9) -> 6697.13 | BQ9: =BP9/(AE9*280) -> 0.98550974
A10: 7 | B10: 7 | D10: ='7'!D3 -> 28 | E10: ='7'!D4 -> 0.78 | G10: ='7'!G8 -> 21859 | H10: ='7'!G8 -> 21859 | I10: ='7'!G7 -> 21704 | J10: 10 | K10: =H10*J10 -> 218590 | L10: =I10/202 -> 107.44554 | M10: ='7'!G15 -> 709 | N10: 35 | O10: =M10*N10 -> 24815 | P10: ='7'!G20 -> 137 | Q10: 134 | R10: =P10*Q10 -> 18358 | S10: =P10/(F10*202/100) -> #DIV/0! | T10: ='7'!G24 -> 0 | U10: 69 | V10: =T10*U10 -> 0 | W10: ='7'!G95 -> 76 | X10: ='7'!G96 -> 35 | Y10: ='7'!G97 -> 23 | Z10: =W10+X10+Y10 -> 134 | AA10: ='7'!G132 -> 0 | AB10: ='7'!G133 -> 24 | AC10: ='7'!G134 -> 0 | AD10: ='7'!G135 -> 0 | AE10: =AA10+AB10+AC10+AD10 -> 24 | AF10: =AV10+AW10+BF10+BG10 -> 4547.98 | AG10: =AF10/AE10 -> 189.49917 | AH10: ='7'!G136 -> 3.89 | AI10: ='7'!G137 -> 0 | AJ10: ='7'!G138 -> 6.46 | AK10: =AH10+AI10+AJ10 -> 10.35 | AL10: ='7'!G139 -> 5.2 | AM10: ='7'!G140 -> 0 | AO10: =AL10+AM10 -> 5.2 | AP10: ='7'!G123 -> 181.95 | AQ10: ='7'!G35 -> 0 | AR10: ='7'!G37 -> 0 | AS10: ='7'!G38 -> -0.38 | AT10: ='7'!G39 -> 0 | AU10: ='7'!G40 -> 0 | AV10: ='7'!G41 -> 0 | AW10: ='7'!G42 -> 4547.98 | AX10: ='7'!G43 -> 2375.88 | AY10: ='7'!G44 -> 0 | AZ10: ='7'!G36 -> 1199.06 | BA10: ='7'!G49 -> 2918.16 | BB10: ='7'!G51 -> 1541.21 | BC10: ='7'!G52 -> 2074.28 | BD10: ='7'!G53 -> 4516.17 | BE10: ='7'!G54 -> 42.67 | BF10: ='7'!G55 -> 0 | BG10: ='7'!G56 -> 0 | BH10: ='7'!G57 -> 0 | BI10: ='7'!G50 -> 1784.02 | BJ10: =SUM(AV10,AW10,BF10,BG10) -> 4547.98 | BK10: ='7'!G84 -> 531 | BL10: =SUM(AQ10,AV10,AW10,AX10,BA10,BF10,BG10,BH10)/I10% -> 45.346572 | BM10: =SUM(AT10,BD10)/I10% -> 20.808008 | BN10: =(AS10+BC10)/I10 -> 0.095553815 | BO10: =K10+O10+R10+V10 -> 261763 | BP10: =SUM(AV10,AW10,AX10,BF10,BG10,BH10,BK10) -> 7454.86 | BQ10: =BP10/(AE10*280) -> 1.1093542
A11: 8 | B11: 8 | D11: ='8'!D3 -> 29 | E11: ='8'!D4 -> 0.79 | G11: ='8'!G8 -> 19619 | H11: ='8'!G8 -> 19619 | I11: ='8'!G7 -> 19409 | J11: 10 | K11: =H11*J11 -> 196190 | L11: =I11/202 -> 96.084158 | M11: ='8'!G15 -> 776.34 | N11: 35 | O11: =M11*N11 -> 27171.9 | P11: ='8'!G20 -> 213 | Q11: 134 | R11: =P11*Q11 -> 28542 | S11: =P11/(F11*202/100) -> #DIV/0! | T11: ='8'!G24 -> 0 | U11: 69 | V11: =T11*U11 -> 0 | W11: ='8'!G95 -> 70 | X11: ='8'!G96 -> 33 | Y11: ='8'!G97 -> 30 | Z11: =W11+X11+Y11 -> 133 | AA11: ='8'!G132 -> 0 | AB11: ='8'!G133 -> 23.95 | AC11: ='8'!G134 -> 0 | AD11: ='8'!G135 -> 0 | AE11: =AA11+AB11+AC11+AD11 -> 23.95 | AF11: =AV11+AW11+BF11+BG11 -> 3950.74 | AG11: =AF11/AE11 -> 164.95783 | AH11: ='8'!G136 -> 9.24 | AI11: ='8'!G137 -> 0 | AJ11: ='8'!G138 -> 0 | AK11: =AH11+AI11+AJ11 -> 9.24 | AL11: ='8'!G139 -> 5.31 | AM11: ='8'!G140 -> 0 | AO11: =AL11+AM11 -> 5.31 | AP11: ='8'!G123 -> 187.08 | AQ11: ='8'!G35 -> 0 | AR11: ='8'!G37 -> 0 | AS11: ='8'!G38 -> 0 | AT11: ='8'!G39 -> 0 | AU11: ='8'!G40 -> 0 | AV11: ='8'!G41 -> 0 | AW11: ='8'!G42 -> 3950.74 | AX11: ='8'!G43 -> 2311.92 | AY11: ='8'!G44 -> 0 | AZ11: ='8'!G36 -> 749.88 | BA11: ='8'!G49 -> 2685.67 | BB11: ='8'!G51 -> 1480.21 | BC11: ='8'!G52 -> 2140.28 | BD11: ='8'!G53 -> 4105.07 | BE11: ='8'!G54 -> 44.79 | BF11: ='8'!G55 -> 0 | BG11: ='8'!G56 -> 0 | BH11: ='8'!G57 -> 0 | BI11: ='8'!G50 -> 1267.06 | BJ11: =SUM(AV11,AW11,BF11,BG11) -> 3950.74 | BK11: ='8'!G84 -> 579 | BL11: =SUM(AQ11,AV11,AW11,AX11,BA11,BF11,BG11,BH11)/I11% -> 46.104024 | BM11: =SUM(AT11,BD11)/I11% -> 21.150343 | BN11: =(AS11+BC11)/I11 -> 0.11027255 | BO11: =K11+O11+R11+V11 -> 251903.9 | BP11: =SUM(AV11,AW11,AX11,BF11,BG11,BH11,BK11) -> 6841.66 | BQ11: =BP11/(AE11*280) -> 1.0202296
A12: 9 | B12: 9 | D12: ='9'!D3 -> 30 | E12: ='9'!D4 -> 0.8 | G12: ='9'!G8 -> 21847 | H12: ='9'!G8 -> 21847 | I12: ='9'!G7 -> 21703 | J12: 10 | K12: =H12*J12 -> 218470 | L12: =I12/202 -> 107.44059 | M12: ='9'!G15 -> 820.59 | N12: 35 | O12: =M12*N12 -> 28720.65 | P12: ='9'!G20 -> 212 | Q12: 134 | R12: =P12*Q12 -> 28408 | S12: =P12/(F12*202/100) -> #DIV/0! | T12: ='9'!G24 -> 0 | U12: 69 | V12: =T12*U12 -> 0 | W12: ='9'!G95 -> 54 | X12: ='9'!G96 -> 25 | Y12: ='9'!G97 -> 24 | Z12: =W12+X12+Y12 -> 103 | AA12: ='9'!G132 -> 0 | AB12: ='9'!G133 -> 23.86 | AC12: ='9'!G134 -> 0 | AD12: ='9'!G135 -> 0 | AE12: =AA12+AB12+AC12+AD12 -> 23.86 | AF12: =AV12+AW12+BF12+BG12 -> 4804.79 | AG12: =AF12/AE12 -> 201.37427 | AH12: ='9'!G136 -> 8.82 | AI12: ='9'!G137 -> 0 | AJ12: ='9'!G138 -> 0 | AK12: =AH12+AI12+AJ12 -> 8.82 | AL12: ='9'!G139 -> 5.19 | AM12: ='9'!G140 -> 0 | AO12: =AL12+AM12 -> 5.19 | AP12: ='9'!G123 -> 185.25 | AQ12: ='9'!G35 -> 0 | AR12: ='9'!G37 -> 0 | AS12: ='9'!G38 -> 0 | AT12: ='9'!G39 -> 0 | AU12: ='9'!G40 -> 0 | AV12: ='9'!G41 -> 0 | AW12: ='9'!G42 -> 4804.79 | AX12: ='9'!G43 -> 2318.28 | AY12: ='9'!G44 -> 0 | AZ12: ='9'!G36 -> 1137.42 | BA12: ='9'!G49 -> 3050.99 | BB12: ='9'!G51 -> 1578.2 | BC12: ='9'!G52 -> 2091.36 | BD12: ='9'!G53 -> 4334.64 | BE12: ='9'!G54 -> 51.04 | BF12: ='9'!G55 -> 0 | BG12: ='9'!G56 -> 0 | BH12: ='9'!G57 -> 0 | BI12: ='9'!G50 -> 1557.7 | BJ12: =SUM(AV12,AW12,BF12,BG12) -> 4804.79 | BK12: ='8'!G84 -> 579 | BL12: =SUM(AQ12,AV12,AW12,AX12,BA12,BF12,BG12,BH12)/I12% -> 46.878588 | BM12: =SUM(AT12,BD12)/I12% -> 19.972538 | BN12: =(AS12+BC12)/I12 -> 0.096362715 | BO12: =K12+O12+R12+V12 -> 275598.65 | BP12: =SUM(AV12,AW12,AX12,BF12,BG12,BH12,BK12) -> 7702.07 | BQ12: =BP12/(AE12*280) -> 1.1528664
A13: 10 | B13: 10 | D13: ='10'!D3 -> 31 | E13: ='10'!D4 -> 0.82 | G13: ='10'!G8 -> 22721 | H13: ='10'!G8 -> 22721 | I13: ='10'!G7 -> 22555 | J13: 10 | K13: =H13*J13 -> 227210 | L13: =I13/202 -> 111.65842 | M13: ='10'!G15 -> 827.65 | N13: 35 | O13: =M13*N13 -> 28967.75 | P13: ='10'!G20 -> 253 | Q13: 134 | R13: =P13*Q13 -> 33902 | S13: =P13/(F13*202/100) -> #DIV/0! | T13: ='10'!G24 -> 0 | U13: 69 | V13: =T13*U13 -> 0 | W13: ='10'!G95 -> 140 | X13: ='10'!G96 -> 37 | Y13: ='10'!G97 -> 20 | Z13: =W13+X13+Y13 -> 197 | AA13: ='10'!G132 -> 0 | AB13: ='10'!G133 -> 24.19 | AC13: ='10'!G134 -> 0 | AD13: ='10'!G135 -> 3.15 | AE13: =AA13+AB13+AC13+AD13 -> 27.34 | AF13: =AV13+AW13+BF13+BG13 -> 5685.05 | AG13: =AF13/AE13 -> 207.93892 | AH13: ='10'!G136 -> 8.37 | AI13: ='10'!G137 -> 0 | AJ13: ='10'!G138 -> 0.04 | AK13: =AH13+AI13+AJ13 -> 8.41 | AL13: ='10'!G139 -> 6.01 | AM13: ='10'!G140 -> 0 | AO13: =AL13+AM13 -> 6.01 | AP13: ='10'!G123 -> 213.99 | AQ13: ='10'!G35 -> 0 | AR13: ='10'!G37 -> 0 | AS13: ='10'!G38 -> 0 | AT13: ='10'!G39 -> 0 | AU13: ='10'!G40 -> 0 | AV13: ='10'!G41 -> 0 | AW13: ='10'!G42 -> 4991.61 | AX13: ='10'!G43 -> 2521.56 | AY13: ='10'!G44 -> 0 | AZ13: ='10'!G36 -> 955.72 | BA13: ='10'!G49 -> 3096.25 | BB13: ='10'!G51 -> 1546.48 | BC13: ='10'!G52 -> 2233.36 | BD13: ='10'!G53 -> 4326.1 | BE13: ='10'!G54 -> 45.61 | BF13: ='10'!G55 -> 0 | BG13: ='10'!G56 -> 693.44 | BH13: ='10'!G57 -> 0 | BI13: ='10'!G50 -> 1440.44 | BJ13: =SUM(AV13,AW13,BF13,BG13) -> 5685.05 | BK13: ='8'!G84 -> 579 | BL13: =SUM(AQ13,AV13,AW13,AX13,BA13,BF13,BG13,BH13)/I13% -> 50.112436 | BM13: =SUM(AT13,BD13)/I13% -> 19.180226 | BN13: =(AS13+BC13)/I13 -> 0.099018399 | BO13: =K13+O13+R13+V13 -> 290079.75 | BP13: =SUM(AV13,AW13,AX13,BF13,BG13,BH13,BK13) -> 8785.61 | BQ13: =BP13/(AE13*280) -> 1.1476656
A14: 11 | B14: 11 | D14: ='11'!D3 -> 31 | E14: ='11'!D4 -> 0.82 | G14: ='11'!G8 -> 22721 | H14: ='11'!G8 -> 22721 | I14: ='11'!G7 -> 22555 | J14: 10 | K14: =H14*J14 -> 227210 | L14: =I14/202 -> 111.65842 | M14: ='11'!G15 -> 827.65 | N14: 35 | O14: =M14*N14 -> 28967.75 | P14: ='11'!G20 -> 253 | Q14: 134 | R14: =P14*Q14 -> 33902 | S14: =P14/(F14*202/100) -> #DIV/0! | T14: ='11'!G24 -> 0 | U14: 69 | V14: =T14*U14 -> 0 | W14: ='11'!G95 -> 140 | X14: ='11'!G96 -> 37 | Y14: ='11'!G97 -> 20 | Z14: =W14+X14+Y14 -> 197 | AA14: ='11'!G132 -> 0 | AB14: ='11'!G133 -> 24.19 | AC14: ='11'!G134 -> 0 | AD14: ='11'!G135 -> 3.15 | AE14: =AA14+AB14+AC14+AD14 -> 27.34 | AF14: =AV14+AW14+BF14+BG14 -> 5685.05 | AG14: =AF14/AE14 -> 207.93892 | AH14: ='11'!G136 -> 8.37 | AI14: ='11'!G137 -> 0 | AJ14: ='11'!G138 -> 0.04 | AK14: =AH14+AI14+AJ14 -> 8.41 | AL14: ='11'!G139 -> 6.01 | AM14: ='11'!G140 -> 0 | AO14: =AL14+AM14 -> 6.01 | AP14: ='11'!G123 -> 213.99 | AQ14: ='11'!G35 -> 0 | AR14: ='11'!G37 -> 0 | AS14: ='11'!G38 -> 0 | AT14: ='11'!G39 -> 0 | AU14: ='11'!G40 -> 0 | AV14: ='11'!G41 -> 0 | AW14: ='11'!G42 -> 4991.61 | AX14: ='11'!G43 -> 2521.56 | AY14: ='11'!G44 -> 0 | AZ14: ='11'!G36 -> 955.72 | BA14: ='11'!G49 -> 3096.25 | BB14: ='11'!G51 -> 1546.48 | BC14: ='11'!G52 -> 2233.36 | BD14: ='11'!G53 -> 4326.1 | BE14: ='11'!G54 -> 45.61 | BF14: ='11'!G55 -> 0 | BG14: ='11'!G56 -> 693.44 | BH14: ='11'!G57 -> 0 | BI14: ='11'!G50 -> 1440.44 | BJ14: =SUM(AV14,AW14,BF14,BG14) -> 5685.05 | BK14: ='11'!G84 -> 554 | BL14: =SUM(AQ14,AV14,AW14,AX14,BA14,BF14,BG14,BH14)/I14% -> 50.112436 | BM14: =SUM(AT14,BD14)/I14% -> 19.180226 | BN14: =(AS14+BC14)/I14 -> 0.099018399 | BO14: =K14+O14+R14+V14 -> 290079.75 | BP14: =SUM(AV14,AW14,AX14,BF14,BG14,BH14,BK14) -> 8760.61 | BQ14: =BP14/(AE14*280) -> 1.1443999
A15: 12 | B15: 12 | D15: ='12'!D3 -> 31 | E15: ='12'!D4 -> 0.82 | G15: ='12'!G8 -> 21800 | H15: ='12'!G8 -> 21800 | I15: ='12'!G7 -> 21691 | J15: 10 | K15: =H15*J15 -> 218000 | L15: =I15/202 -> 107.38119 | M15: ='12'!G15 -> 790.01 | N15: 35 | O15: =M15*N15 -> 27650.35 | P15: ='12'!G20 -> 276 | Q15: 134 | R15: =P15*Q15 -> 36984 | S15: =P15/(F15*202/100) -> #DIV/0! | T15: ='12'!G24 -> 0 | U15: 69 | V15: =T15*U15 -> 0 | W15: ='12'!G95 -> 75 | X15: ='12'!G96 -> 37 | Y15: ='12'!G97 -> 47 | Z15: =W15+X15+Y15 -> 159 | AA15: ='12'!G132 -> 0 | AB15: ='12'!G133 -> 24.09 | AC15: ='12'!G134 -> 0 | AD15: ='12'!G135 -> 0 | AE15: =AA15+AB15+AC15+AD15 -> 24.09 | AF15: =AV15+AW15+BF15+BG15 -> 5451.27 | AG15: =AF15/AE15 -> 226.28767 | AH15: ='12'!G136 -> 8.1 | AI15: ='12'!G137 -> 0 | AJ15: ='12'!G138 -> 0.88 | AK15: =AH15+AI15+AJ15 -> 8.98 | AL15: ='12'!G139 -> 5.65 | AM15: ='12'!G140 -> 0 | AO15: =AL15+AM15 -> 5.65 | AP15: ='12'!G123 -> 199.63 | AQ15: ='12'!G35 -> 0 | AR15: ='12'!G37 -> 0 | AS15: ='12'!G38 -> 0 | AT15: ='12'!G39 -> 0 | AU15: ='12'!G40 -> 0 | AV15: ='12'!G41 -> 0 | AW15: ='12'!G42 -> 5451.54 | AX15: ='12'!G43 -> 2456.04 | AY15: ='12'!G44 -> 0 | AZ15: ='12'!G36 -> 692.86 | BA15: ='12'!G49 -> 2850.02 | BB15: ='12'!G51 -> 1546.26 | BC15: ='12'!G52 -> 2338.4 | BD15: ='12'!G53 -> 4438.87 | BE15: ='12'!G54 -> 47.61 | BF15: ='12'!G55 -> -0.27 | BG15: ='12'!G56 -> 0 | BH15: ='12'!G57 -> 0 | BI15: ='12'!G50 -> 1152.02 | BJ15: =SUM(AV15,AW15,BF15,BG15) -> 5451.27 | BK15: ='12'!G84 -> 523 | BL15: =SUM(AQ15,AV15,AW15,AX15,BA15,BF15,BG15,BH15)/I15% -> 49.593518 | BM15: =SUM(AT15,BD15)/I15% -> 20.46411 | BN15: =(AS15+BC15)/I15 -> 0.10780508 | BO15: =K15+O15+R15+V15 -> 282634.35 | BP15: =SUM(AV15,AW15,AX15,BF15,BG15,BH15,BK15) -> 8430.31 | BQ15: =BP15/(AE15*280) -> 1.2498236
A16: 13 | B16: 13 | D16: ='13'!D3 -> 28 | E16: ='13'!D4 -> 0.78 | G16: ='13'!G8 -> 20114 | H16: ='13'!G8 -> 20114 | I16: ='13'!G7 -> 19954 | J16: 10 | K16: =H16*J16 -> 201140 | L16: =I16/202 -> 98.782178 | M16: ='13'!G15 -> 787 | N16: 35 | O16: =M16*N16 -> 27545 | P16: ='13'!G20 -> 236 | Q16: 134 | R16: =P16*Q16 -> 31624 | S16: =P16/(F16*202/100) -> #DIV/0! | T16: ='13'!G24 -> 0 | U16: 69 | V16: =T16*U16 -> 0 | W16: ='13'!G95 -> 71 | X16: ='13'!G96 -> 39 | Y16: ='13'!G97 -> 36 | Z16: =W16+X16+Y16 -> 146 | AA16: ='13'!G132 -> 0 | AB16: ='13'!G133 -> 23.88 | AC16: ='13'!G134 -> 0 | AD16: ='13'!G135 -> 0 | AE16: =AA16+AB16+AC16+AD16 -> 23.88 | AF16: =AV16+AW16+BF16+BG16 -> 4618.27 | AG16: =AF16/AE16 -> 193.39489 | AH16: ='13'!G136 -> 8.07 | AI16: ='13'!G137 -> 0 | AJ16: ='13'!G138 -> 0 | AK16: =AH16+AI16+AJ16 -> 8.07 | AL16: ='13'!G139 -> 5.89 | AM16: ='13'!G140 -> 0 | AO16: =AL16+AM16 -> 5.89 | AP16: ='13'!G123 -> 211.22 | AQ16: ='13'!G35 -> 0 | AR16: ='13'!G37 -> 0 | AS16: ='13'!G38 -> 0 | AT16: ='13'!G39 -> 0 | AU16: ='13'!G40 -> 0 | AV16: ='13'!G41 -> 0.05 | AW16: ='13'!G42 -> 4618.33 | AX16: ='13'!G43 -> 2427.88 | AY16: ='13'!G44 -> 0 | AZ16: ='13'!G36 -> 632.56 | BA16: ='13'!G49 -> 2829.87 | BB16: ='13'!G51 -> 1445.18 | BC16: ='13'!G52 -> 2134.12 | BD16: ='13'!G53 -> 4114.55 | BE16: ='13'!G54 -> 37.75 | BF16: ='13'!G55 -> 0 | BG16: ='13'!G56 -> -0.11 | BH16: ='13'!G57 -> 0 | BI16: ='13'!G50 -> 1071.21 | BJ16: =SUM(AV16,AW16,BF16,BG16) -> 4618.27 | BK16: ='13'!G84 -> 550 | BL16: =SUM(AQ16,AV16,AW16,AX16,BA16,BF16,BG16,BH16)/I16% -> 49.493936 | BM16: =SUM(AT16,BD16)/I16% -> 20.620176 | BN16: =(AS16+BC16)/I16 -> 0.10695199 | BO16: =K16+O16+R16+V16 -> 260309 | BP16: =SUM(AV16,AW16,AX16,BF16,BG16,BH16,BK16) -> 7596.15 | BQ16: =BP16/(AE16*280) -> 1.1360598
A17: 14 | B17: 14 | D17: ='14'!D3 -> 28 | E17: ='14'!D4 -> 0.72 | G17: ='14'!G8 -> 20289 | H17: ='14'!G8 -> 20289 | I17: ='14'!G7 -> 20124 | J17: 10 | K17: =H17*J17 -> 202890 | L17: =I17/202 -> 99.623762 | M17: ='14'!G15 -> 786 | N17: 35 | O17: =M17*N17 -> 27510 | P17: ='14'!G20 -> 179 | Q17: 134 | R17: =P17*Q17 -> 23986 | S17: =P17/(F17*202/100) -> #DIV/0! | T17: ='14'!G24 -> 0 | U17: 69 | V17: =T17*U17 -> 0 | W17: ='14'!G95 -> 62 | X17: ='14'!G96 -> 23 | Y17: ='14'!G97 -> 25 | Z17: =W17+X17+Y17 -> 110 | AA17: ='14'!G132 -> 0 | AB17: ='14'!G133 -> 23.78 | AC17: ='14'!G134 -> 0 | AD17: ='14'!G135 -> 0 | AE17: =AA17+AB17+AC17+AD17 -> 23.78 | AF17: =AV17+AW17+BF17+BG17 -> 4912.52 | AG17: =AF17/AE17 -> 206.582 | AH17: ='14'!G136 -> 8.71 | AI17: ='14'!G137 -> 0.06 | AJ17: ='14'!G138 -> 0 | AK17: =AH17+AI17+AJ17 -> 8.77 | AL17: ='14'!G139 -> 5.96 | AM17: ='14'!G140 -> 0 | AO17: =AL17+AM17 -> 5.96 | AP17: ='14'!G123 -> 213 | AQ17: ='14'!G35 -> 0 | AR17: ='14'!G37 -> 0 | AS17: ='14'!G38 -> 0 | AT17: ='14'!G39 -> 0 | AU17: ='14'!G40 -> 0 | AV17: ='14'!G41 -> 0 | AW17: ='14'!G42 -> 4912.52 | AX17: ='14'!G43 -> 2391.53 | AY17: ='14'!G44 -> 0 | AZ17: ='14'!G36 -> 672.37 | BA17: ='14'!G49 -> 2672 | BB17: ='14'!G51 -> 1433.43 | BC17: ='14'!G52 -> 2025.09 | BD17: ='14'!G53 -> 4090 | BE17: ='14'!G54 -> 37.46 | BF17: ='14'!G55 -> 0 | BG17: ='14'!G56 -> 0 | BH17: ='14'!G57 -> 0 | BI17: ='14'!G50 -> 1235 | BJ17: =SUM(AV17,AW17,BF17,BG17) -> 4912.52 | BK17: ='14'!G84 -> 535 | BL17: =SUM(AQ17,AV17,AW17,AX17,BA17,BF17,BG17,BH17)/I17% -> 49.572898 | BM17: =SUM(AT17,BD17)/I17% -> 20.323991 | BN17: =(AS17+BC17)/I17 -> 0.10063059 | BO17: =K17+O17+R17+V17 -> 254386 | BP17: =SUM(AV17,AW17,AX17,BF17,BG17,BH17,BK17) -> 7839.05 | BQ17: =BP17/(AE17*280) -> 1.1773174
A18: 15 | B18: 15 | D18: ='15'!D3 -> 29 | E18: ='15'!D4 -> 0.76 | G18: ='15'!G8 -> 20148 | H18: ='15'!G8 -> 20148 | I18: ='15'!G7 -> 19945 | J18: 10 | K18: =H18*J18 -> 201480 | L18: =I18/202 -> 98.737624 | M18: ='15'!G15 -> 719 | N18: 35 | O18: =M18*N18 -> 25165 | P18: ='15'!G20 -> 196 | Q18: 134 | R18: =P18*Q18 -> 26264 | S18: =P18/(F18*202/100) -> #DIV/0! | T18: ='15'!G24 -> 0 | U18: 69 | V18: =T18*U18 -> 0 | W18: ='15'!G95 -> 51 | X18: ='15'!G96 -> 17 | Y18: ='15'!G97 -> 26 | Z18: =W18+X18+Y18 -> 94 | AA18: ='15'!G132 -> 0 | AB18: ='15'!G133 -> 24 | AC18: ='15'!G134 -> 0 | AD18: ='15'!G135 -> 0 | AE18: =AA18+AB18+AC18+AD18 -> 24 | AF18: =AV18+AW18+BF18+BG18 -> 5101 | AG18: =AF18/AE18 -> 212.54167 | AH18: ='15'!G136 -> 7.49 | AI18: ='15'!G137 -> 0 | AJ18: ='15'!G138 -> 0 | AK18: =AH18+AI18+AJ18 -> 7.49 | AL18: ='15'!G139 -> 6.07 | AM18: ='15'!G140 -> 0 | AO18: =AL18+AM18 -> 6.07 | AP18: ='15'!G123 -> 236 | AQ18: ='15'!G35 -> 0 | AR18: ='15'!G37 -> 0 | AS18: ='15'!G38 -> 0 | AT18: ='15'!G39 -> 0 | AU18: ='15'!G40 -> 0 | AV18: ='15'!G41 -> 0 | AW18: ='15'!G42 -> 5101 | AX18: ='15'!G43 -> 2231 | AY18: ='15'!G44 -> 0 | AZ18: ='15'!G36 -> 633 | BA18: ='15'!G49 -> 2739 | BB18: ='15'!G51 -> 1416 | BC18: ='15'!G52 -> 1866 | BD18: ='15'!G53 -> 4210 | BE18: ='15'!G54 -> 46 | BF18: ='15'!G55 -> 0 | BG18: ='15'!G56 -> 0 | BH18: ='15'!G57 -> 0 | BI18: ='15'!G50 -> 1106 | BJ18: =SUM(AV18,AW18,BF18,BG18) -> 5101 | BK18: ='15'!G84 -> 562 | BL18: =SUM(AQ18,AV18,AW18,AX18,BA18,BF18,BG18,BH18)/I18% -> 50.493858 | BM18: =SUM(AT18,BD18)/I18% -> 21.108047 | BN18: =(AS18+BC18)/I18 -> 0.093557283 | BO18: =K18+O18+R18+V18 -> 252909 | BP18: =SUM(AV18,AW18,AX18,BF18,BG18,BH18,BK18) -> 7894 | BQ18: =BP18/(AE18*280) -> 1.1747024
A19: 16 | B19: 16 | D19: ='16'!D3 -> 29 | E19: ='16'!D4 -> 0.76 | G19: ='16'!G8 -> 19830 | H19: ='16'!G8 -> 19830 | I19: ='16'!G7 -> 19650 | J19: 10 | K19: =H19*J19 -> 198300 | L19: =I19/202 -> 97.277228 | M19: ='16'!G15 -> 410 | N19: 35 | O19: =M19*N19 -> 14350 | P19: ='16'!G20 -> 155 | Q19: 134 | R19: =P19*Q19 -> 20770 | S19: =P19/(F19*202/100) -> #DIV/0! | T19: ='16'!G24 -> 0 | U19: 69 | V19: =T19*U19 -> 0 | W19: ='16'!G95 -> 38 | X19: ='16'!G96 -> 17 | Y19: ='16'!G97 -> 15 | Z19: =W19+X19+Y19 -> 70 | AA19: ='16'!G132 -> 0 | AB19: ='16'!G133 -> 15 | AC19: ='16'!G134 -> 0 | AD19: ='16'!G135 -> 8.76 | AE19: =AA19+AB19+AC19+AD19 -> 23.76 | AF19: =AV19+AW19+BF19+BG19 -> 5166 | AG19: =AF19/AE19 -> 217.42424 | AH19: ='16'!G136 -> 0.05 | AI19: ='16'!G137 -> 0 | AJ19: ='16'!G138 -> 0 | AK19: =AH19+AI19+AJ19 -> 0.05 | AL19: ='16'!G139 -> 6.71 | AM19: ='16'!G140 -> 0 | AO19: =AL19+AM19 -> 6.71 | AP19: ='16'!G123 -> 216 | AQ19: ='16'!G35 -> 0 | AR19: ='16'!G37 -> 0 | AS19: ='16'!G38 -> 0 | AT19: ='16'!G39 -> 0 | AU19: ='16'!G40 -> 0 | AV19: ='16'!G41 -> 0 | AW19: ='16'!G42 -> 3045 | AX19: ='16'!G43 -> 2154 | AY19: ='16'!G44 -> 0 | AZ19: ='16'!G36 -> 628 | BA19: ='16'!G49 -> 2627 | BB19: ='16'!G51 -> 1407 | BC19: ='16'!G52 -> 1727 | BD19: ='16'!G53 -> 4203 | BE19: ='16'!G54 -> 0 | BF19: ='16'!G55 -> 0 | BG19: ='16'!G56 -> 2121 | BH19: ='16'!G57 -> 0 | BI19: ='16'!G50 -> 1043 | BJ19: =SUM(AV19,AW19,BF19,BG19) -> 5166 | BK19: ='16'!G84 -> 447 | BL19: =SUM(AQ19,AV19,AW19,AX19,BA19,BF19,BG19,BH19)/I19% -> 50.620865 | BM19: =SUM(AT19,BD19)/I19% -> 21.389313 | BN19: =(AS19+BC19)/I19 -> 0.087888041 | BO19: =K19+O19+R19+V19 -> 233420 | BP19: =SUM(AV19,AW19,AX19,BF19,BG19,BH19,BK19) -> 7767 | BQ19: =BP19/(AE19*280) -> 1.1674784
A20: 17 | B20: 17 | D20: ='17'!D3 -> 28 | E20: ='17'!D4 -> 0.76 | G20: ='17'!G8 -> 20101 | H20: ='17'!G8 -> 20101 | I20: ='17'!G7 -> 19937 | J20: 10 | K20: =H20*J20 -> 201010 | L20: =I20/202 -> 98.69802 | M20: ='17'!G15 -> 787 | N20: 35 | O20: =M20*N20 -> 27545 | P20: ='17'!G20 -> 198 | Q20: 134 | R20: =P20*Q20 -> 26532 | S20: =P20/(F20*202/100) -> #DIV/0! | T20: ='17'!G24 -> 0 | U20: 69 | V20: =T20*U20 -> 0 | W20: ='17'!G95 -> 63 | X20: ='17'!G96 -> 18 | Y20: ='17'!G97 -> 19 | Z20: =W20+X20+Y20 -> 100 | AA20: ='17'!G132 -> 0 | AB20: ='17'!G133 -> 0 | AC20: ='17'!G134 -> 0 | AD20: ='17'!G135 -> 24 | AE20: =AA20+AB20+AC20+AD20 -> 24 | AF20: =AV20+AW20+BF20+BG20 -> 4799 | AG20: =AF20/AE20 -> 199.95833 | AH20: ='17'!G136 -> 0 | AI20: ='17'!G137 -> 8.19 | AJ20: ='17'!G138 -> 2.33 | AK20: =AH20+AI20+AJ20 -> 10.52 | AL20: ='17'!G139 -> 5.39 | AM20: ='17'!G140 -> 0 | AO20: =AL20+AM20 -> 5.39 | AP20: ='17'!G123 -> 193 | AQ20: ='17'!G35 -> 0 | AR20: ='17'!G37 -> 0 | AS20: ='17'!G38 -> 0 | AT20: ='17'!G39 -> 0 | AU20: ='17'!G40 -> 0 | AV20: ='17'!G41 -> 0 | AW20: ='17'!G42 -> 0 | AX20: ='17'!G43 -> 2102 | AY20: ='17'!G44 -> 0 | AZ20: ='17'!G36 -> 864 | BA20: ='17'!G49 -> 2798 | BB20: ='17'!G51 -> 1495 | BC20: ='17'!G52 -> 1867 | BD20: ='17'!G53 -> 4175 | BE20: ='17'!G54 -> 109 | BF20: ='17'!G55 -> 0 | BG20: ='17'!G56 -> 4799 | BH20: ='17'!G57 -> 0 | BI20: ='17'!G50 -> 1110 | BJ20: =SUM(AV20,AW20,BF20,BG20) -> 4799 | BK20: ='17'!G84 -> 516 | BL20: =SUM(AQ20,AV20,AW20,AX20,BA20,BF20,BG20,BH20)/I20% -> 48.648242 | BM20: =SUM(AT20,BD20)/I20% -> 20.940964 | BN20: =(AS20+BC20)/I20 -> 0.093644982 | BO20: =K20+O20+R20+V20 -> 255087 | BP20: =SUM(AV20,AW20,AX20,BF20,BG20,BH20,BK20) -> 7417 | BQ20: =BP20/(AE20*280) -> 1.1037202
A21: 18 | B21: 18 | D21: ='18'!D3 -> 28 | E21: ='18'!D4 -> 0.76 | G21: ='18'!G8 -> 20294 | H21: ='18'!G8 -> 20294 | I21: ='18'!G7 -> 20158 | J21: 10 | K21: =H21*J21 -> 202940 | L21: =I21/202 -> 99.792079 | M21: ='18'!G15 -> 539 | N21: 35 | O21: =M21*N21 -> 18865 | P21: ='18'!G20 -> 175 | Q21: 134 | R21: =P21*Q21 -> 23450 | S21: =P21/(F21*202/100) -> #DIV/0! | T21: ='18'!G24 -> 0 | U21: 69 | V21: =T21*U21 -> 0 | W21: ='18'!G95 -> 68 | X21: ='18'!G96 -> 18 | Y21: ='18'!G97 -> 25 | Z21: =W21+X21+Y21 -> 111 | AA21: ='18'!G132 -> 0 | AB21: ='18'!G133 -> 0 | AC21: ='18'!G134 -> 0 | AD21: ='18'!G135 -> 24 | AE21: =AA21+AB21+AC21+AD21 -> 24 | AF21: =AV21+AW21+BF21+BG21 -> 4838 | AG21: =AF21/AE21 -> 201.58333 | AH21: ='18'!G136 -> -0.05 | AI21: ='18'!G137 -> 0 | AJ21: ='18'!G138 -> 6.14 | AK21: =AH21+AI21+AJ21 -> 6.09 | AL21: ='18'!G139 -> 6.08 | AM21: ='18'!G140 -> 0 | AO21: =AL21+AM21 -> 6.08 | AP21: ='18'!G123 -> 206 | AQ21: ='18'!G35 -> 0 | AR21: ='18'!G37 -> 0 | AS21: ='18'!G38 -> 0 | AT21: ='18'!G39 -> 0 | AU21: ='18'!G40 -> 0 | AV21: ='18'!G41 -> 0 | AW21: ='18'!G42 -> 0 | AX21: ='18'!G43 -> 2092 | AY21: ='18'!G44 -> 0 | AZ21: ='18'!G36 -> 944 | BA21: ='18'!G49 -> 2822 | BB21: ='18'!G51 -> 1508 | BC21: ='18'!G52 -> 1825 | BD21: ='18'!G53 -> 4194 | BE21: ='18'!G54 -> 65 | BF21: ='18'!G55 -> 0 | BG21: ='18'!G56 -> 4838 | BH21: ='18'!G57 -> 0 | BI21: ='18'!G50 -> 1184 | BJ21: =SUM(AV21,AW21,BF21,BG21) -> 4838 | BK21: ='18'!G84 -> 483 | BL21: =SUM(AQ21,AV21,AW21,AX21,BA21,BF21,BG21,BH21)/I21% -> 48.377815 | BM21: =SUM(AT21,BD21)/I21% -> 20.805635 | BN21: =(AS21+BC21)/I21 -> 0.090534775 | BO21: =K21+O21+R21+V21 -> 245255 | BP21: =SUM(AV21,AW21,AX21,BF21,BG21,BH21,BK21) -> 7413 | BQ21: =BP21/(AE21*280) -> 1.103125
A22: 19 | B22: 19 | D22: ='19'!D3 -> 29 | E22: ='19'!D4 -> 0.76 | G22: ='19'!G8 -> 19507 | H22: ='19'!G8 -> 19507 | I22: ='19'!G7 -> 19378 | J22: 10 | K22: =H22*J22 -> 195070 | L22: =I22/202 -> 95.930693 | M22: ='19'!G15 -> 547.31 | N22: 35 | O22: =M22*N22 -> 19155.85 | P22: ='19'!G20 -> 194 | Q22: 134 | R22: =P22*Q22 -> 25996 | S22: =P22/(F22*202/100) -> #DIV/0! | T22: ='19'!G24 -> 0 | U22: 69 | V22: =T22*U22 -> 0 | W22: ='19'!G95 -> 55 | X22: ='19'!G96 -> 29 | Y22: ='19'!G97 -> 30 | Z22: =W22+X22+Y22 -> 114 | AA22: ='19'!G132 -> 0 | AB22: ='19'!G133 -> 0 | AC22: ='19'!G134 -> 0 | AD22: ='19'!G135 -> 23.75 | AE22: =AA22+AB22+AC22+AD22 -> 23.75 | AF22: =AV22+AW22+BF22+BG22 -> 3914 | AG22: =AF22/AE22 -> 164.8 | AH22: ='19'!G136 -> 0 | AI22: ='19'!G137 -> 0 | AJ22: ='19'!G138 -> 5.51 | AK22: =AH22+AI22+AJ22 -> 5.51 | AL22: ='19'!G139 -> 5.92 | AM22: ='19'!G140 -> 0 | AO22: =AL22+AM22 -> 5.92 | AP22: ='19'!G123 -> 231 | AQ22: ='19'!G35 -> 0 | AR22: ='19'!G37 -> 0 | AS22: ='19'!G38 -> 0 | AT22: ='19'!G39 -> 0 | AU22: ='19'!G40 -> 0 | AV22: ='19'!G41 -> 0 | AW22: ='19'!G42 -> 0 | AX22: ='19'!G43 -> 2021 | AY22: ='19'!G44 -> 0 | AZ22: ='19'!G36 -> 856 | BA22: ='19'!G49 -> 3026 | BB22: ='19'!G51 -> 1440 | BC22: ='19'!G52 -> 2050 | BD22: ='19'!G53 -> 4054 | BE22: ='19'!G54 -> 64.75 | BF22: ='19'!G55 -> 0 | BG22: ='19'!G56 -> 3914 | BH22: ='19'!G57 -> 0 | BI22: ='19'!G50 -> 1186 | BJ22: =SUM(AV22,AW22,BF22,BG22) -> 3914 | BK22: ='19'!G84 -> 456 | BL22: =SUM(AQ22,AV22,AW22,AX22,BA22,BF22,BG22,BH22)/I22% -> 46.243162 | BM22: =SUM(AT22,BD22)/I22% -> 20.920632 | BN22: =(AS22+BC22)/I22 -> 0.10579007 | BO22: =K22+O22+R22+V22 -> 240221.85 | BP22: =SUM(AV22,AW22,AX22,BF22,BG22,BH22,BK22) -> 6391 | BQ22: =BP22/(AE22*280) -> 0.96105263
A23: 20 | B23: 20 | D23: ='20'!D3 -> 29 | E23: ='20'!D4 -> 0.76 | G23: ='20'!G8 -> 19507 | H23: ='20'!G8 -> 19507 | I23: ='20'!G7 -> 19378 | J23: 10 | K23: =H23*J23 -> 195070 | L23: =I23/202 -> 95.930693 | M23: ='20'!G15 -> 547.31 | N23: 35 | O23: =M23*N23 -> 19155.85 | P23: ='20'!G20 -> 194 | Q23: 134 | R23: =P23*Q23 -> 25996 | S23: =P23/(F23*202/100) -> #DIV/0! | T23: ='20'!G24 -> 0 | U23: 69 | V23: =T23*U23 -> 0 | W23: ='20'!G95 -> 55 | X23: ='20'!G96 -> 29 | Y23: ='20'!G97 -> 30 | Z23: =W23+X23+Y23 -> 114 | AA23: ='20'!G132 -> 0 | AB23: ='20'!G133 -> 0 | AC23: ='20'!G134 -> 0 | AD23: ='20'!G135 -> 23.75 | AE23: =AA23+AB23+AC23+AD23 -> 23.75 | AF23: =AV23+AW23+BF23+BG23 -> 3914 | AG23: =AF23/AE23 -> 164.8 | AH23: ='20'!G136 -> 0 | AI23: ='20'!G137 -> 0 | AJ23: ='20'!G138 -> 5.51 | AK23: =AH23+AI23+AJ23 -> 5.51 | AL23: ='20'!G139 -> 5.92 | AM23: ='20'!G140 -> 0 | AO23: =AL23+AM23 -> 5.92 | AP23: ='20'!G123 -> 231 | AQ23: ='20'!G35 -> 0 | AR23: ='20'!G37 -> 0 | AS23: ='20'!G38 -> 0 | AT23: ='20'!G39 -> 0 | AU23: ='20'!G40 -> 0 | AV23: ='20'!G41 -> 0 | AW23: ='20'!G42 -> 0 | AX23: ='20'!G43 -> 2021 | AY23: ='20'!G44 -> 0 | AZ23: ='20'!G36 -> 856 | BA23: ='20'!G49 -> 3026 | BB23: ='20'!G51 -> 1440 | BC23: ='20'!G52 -> 2050 | BD23: ='20'!G576 -> 0 | BE23: ='20'!G54 -> 64.75 | BF23: ='20'!G55 -> 0 | BG23: ='20'!G56 -> 3914 | BH23: ='20'!G57 -> 0 | BI23: ='20'!G50 -> 1186 | BJ23: =SUM(AV23,AW23,BF23,BG23) -> 3914 | BK23: ='20'!G84 -> 456 | BL23: =SUM(AQ23,AV23,AW23,AX23,BA23,BF23,BG23,BH23)/I23% -> 46.243162 | BM23: =SUM(AT23,BD23)/I23% -> 0 | BN23: =(AS23+BC23)/I23 -> 0.10579007 | BO23: =K23+O23+R23+V23 -> 240221.85 | BP23: =SUM(AV23,AW23,AX23,BF23,BG23,BH23,BK23) -> 6391 | BQ23: =BP23/(AE23*280) -> 0.96105263
A24: 21 | B24: 21 | D24: 21 | E24: ='21'!D4 -> 0.76 | G24: ='21'!G8 -> 19140 | H24: ='21'!G8 -> 19140 | I24: ='21'!G7 -> 18976 | J24: 10 | K24: =H24*J24 -> 191400 | L24: =I24/202 -> 93.940594 | M24: ='21'!G15 -> 812 | N24: 35 | O24: =M24*N24 -> 28420 | P24: ='21'!G20 -> 175 | Q24: 134 | R24: =P24*Q24 -> 23450 | S24: =P24/(F24*202/100) -> #DIV/0! | T24: ='21'!G24 -> 0 | U24: 69 | V24: =T24*U24 -> 0 | W24: ='21'!G95 -> 72 | X24: ='21'!G96 -> 17 | Y24: ='21'!G97 -> 18 | Z24: =W24+X24+Y24 -> 107 | AA24: ='21'!G132 -> 0 | AB24: ='21'!G133 -> 0 | AC24: ='21'!G134 -> 0 | AD24: ='21'!G135 -> 24 | AE24: =AA24+AB24+AC24+AD24 -> 24 | AF24: =AV24+AW24+BF24+BG24 -> 3571 | AG24: =AF24/AE24 -> 148.79167 | AH24: ='21'!G136 -> 0 | AI24: ='21'!G137 -> 9.82 | AJ24: ='21'!G138 -> 2 | AK24: =AH24+AI24+AJ24 -> 11.82 | AL24: ='21'!G139 -> 6.11 | AM24: ='21'!G140 -> 0 | AO24: =AL24+AM24 -> 6.11 | AP24: ='21'!G123 -> 196 | AQ24: ='21'!G35 -> 0 | AR24: ='21'!G37 -> 0 | AS24: ='21'!G38 -> 0.38 | AT24: ='21'!G39 -> 0 | AU24: ='21'!G40 -> 0 | AV24: ='21'!G41 -> 0 | AW24: ='21'!G42 -> 0 | AX24: ='21'!G43 -> 2080 | AY24: ='21'!G44 -> 0 | AZ24: ='21'!G36 -> 745 | BA24: ='21'!G49 -> 2699 | BB24: ='21'!G51 -> 1421 | BC24: ='21'!G52 -> 1840 | BD24: ='21'!G53 -> 4396 | BE24: ='21'!G54 -> 0 | BF24: ='21'!G55 -> 0 | BG24: ='21'!G56 -> 3571 | BH24: ='21'!G57 -> 0 | BI24: ='21'!G50 -> 1523 | BJ24: =SUM(AV24,AW24,BF24,BG24) -> 3571 | BK24: ='21'!G84 -> 504 | BL24: =SUM(AQ24,AV24,AW24,AX24,BA24,BF24,BG24,BH24)/I24% -> 44.002951 | BM24: =SUM(AT24,BD24)/I24% -> 23.166105 | BN24: =(AS24+BC24)/I24 -> 0.096984612 | BO24: =K24+O24+R24+V24 -> 243270 | BP24: =SUM(AV24,AW24,AX24,BF24,BG24,BH24,BK24) -> 6155 | BQ24: =BP24/(AE24*280) -> 0.91592262
A25: 22 | B25: 22 | D25: ='22'!D3 -> 29 | E25: ='22'!D4 -> 0.76 | G25: ='22'!G8 -> 18059 | H25: ='22'!G8 -> 18059 | I25: ='22'!G7 -> 17828 | J25: 10 | K25: =H25*J25 -> 180590 | L25: =I25/202 -> 88.257426 | M25: ='22'!G15 -> 691 | N25: 35 | O25: =M25*N25 -> 24185 | P25: ='22'!G20 -> 155 | Q25: 134 | R25: =P25*Q25 -> 20770 | S25: =P25/(F25*202/100) -> #DIV/0! | T25: ='22'!G24 -> 0 | U25: 69 | V25: =T25*U25 -> 0 | W25: ='22'!G95 -> 59 | X25: ='22'!G96 -> 19 | Y25: ='22'!G97 -> 19 | Z25: =W25+X25+Y25 -> 97 | AA25: ='22'!G132 -> 0 | AB25: ='22'!G133 -> 0 | AC25: ='22'!G134 -> 0 | AD25: ='22'!G135 -> 24 | AE25: =AA25+AB25+AC25+AD25 -> 24 | AF25: =AV25+AW25+BF25+BG25 -> 3106 | AG25: =AF25/AE25 -> 129.41667 | AH25: ='22'!G136 -> 7.12 | AI25: ='22'!G137 -> -0.01 | AJ25: ='22'!G138 -> 0 | AK25: =AH25+AI25+AJ25 -> 7.11 | AL25: ='22'!G139 -> 0 | AM25: ='22'!G140 -> 7.28 | AO25: =AL25+AM25 -> 7.28 | AP25: ='22'!G123 -> 218 | AQ25: ='22'!G35 -> 0 | AR25: ='22'!G37 -> 0 | AS25: ='22'!G38 -> 0 | AT25: ='22'!G39 -> 0 | AU25: ='22'!G40 -> 0 | AV25: ='22'!G41 -> 0 | AW25: ='22'!G42 -> 0 | AX25: ='22'!G43 -> 2054 | AY25: ='22'!G44 -> 0 | AZ25: ='22'!G36 -> 725 | BA25: ='22'!G49 -> 2635 | BB25: ='22'!G51 -> 1431 | BC25: ='22'!G52 -> 1810 | BD25: ='22'!G53 -> 4199 | BE25: ='22'!G54 -> 96 | BF25: ='22'!G55 -> 0 | BG25: ='22'!G56 -> 3106 | BH25: ='22'!G57 -> 0 | BI25: ='22'!G50 -> 1096 | BJ25: =SUM(AV25,AW25,BF25,BG25) -> 3106 | BK25: ='22'!G84 -> 510 | BL25: =SUM(AQ25,AV25,AW25,AX25,BA25,BF25,BG25,BH25)/I25% -> 43.723357 | BM25: =SUM(AT25,BD25)/I25% -> 23.552838 | BN25: =(AS25+BC25)/I25 -> 0.10152569 | BO25: =K25+O25+R25+V25 -> 225545 | BP25: =SUM(AV25,AW25,AX25,BF25,BG25,BH25,BK25) -> 5670 | BQ25: =BP25/(AE25*280) -> 0.84375
A26: 23 | B26: 23 | D26: ='23'!D3 -> 29 | E26: ='23'!D4 -> 0.76 | G26: ='23'!G8 -> 18888 | H26: ='23'!G8 -> 18888 | I26: ='23'!G7 -> 18710 | J26: 10 | K26: =H26*J26 -> 188880 | L26: =I26/202 -> 92.623762 | M26: ='23'!G15 -> 725 | N26: 35 | O26: =M26*N26 -> 25375 | P26: ='23'!G20 -> 169 | Q26: 134 | R26: =P26*Q26 -> 22646 | S26: =P26/(F26*202/100) -> #DIV/0! | T26: ='23'!G24 -> 0 | U26: 69 | V26: =T26*U26 -> 0 | W26: ='23'!G95 -> 62 | X26: ='23'!G96 -> 21 | Y26: ='23'!G97 -> 17 | Z26: =W26+X26+Y26 -> 100 | AA26: ='23'!G132 -> 0 | AB26: ='23'!G133 -> 0 | AC26: ='23'!G134 -> 0 | AD26: ='23'!G135 -> 24 | AE26: =AA26+AB26+AC26+AD26 -> 24 | AF26: =AV26+AW26+BF26+BG26 -> 3549 | AG26: =AF26/AE26 -> 147.875 | AH26: ='23'!G136 -> 0 | AI26: ='23'!G137 -> 8.09 | AJ26: ='23'!G138 -> 0 | AK26: =AH26+AI26+AJ26 -> 8.09 | AL26: ='23'!G139 -> 0 | AM26: ='23'!G140 -> 6.5 | AO26: =AL26+AM26 -> 6.5 | AP26: ='23'!G123 -> 195 | AQ26: ='23'!G35 -> 0 | AR26: ='23'!G37 -> 0 | AS26: ='23'!G38 -> 0 | AT26: ='23'!G39 -> 0 | AU26: ='23'!G40 -> 0 | AV26: ='23'!G41 -> 0 | AW26: ='23'!G42 -> 0 | AX26: ='23'!G43 -> 2047 | AY26: ='23'!G44 -> 0 | AZ26: ='23'!G36 -> 768 | BA26: ='23'!G49 -> 2777 | BB26: ='23'!G51 -> 1468 | BC26: ='23'!G52 -> 1979 | BD26: ='23'!G53 -> 4188 | BE26: ='23'!G54 -> 57 | BF26: ='23'!G55 -> 0 | BG26: ='23'!G56 -> 3549 | BH26: ='23'!G57 -> 0 | BI26: ='23'!G50 -> 1169 | BJ26: =SUM(AV26,AW26,BF26,BG26) -> 3549 | BK26: ='23'!G84 -> 464 | BL26: =SUM(AQ26,AV26,AW26,AX26,BA26,BF26,BG26,BH26)/I26% -> 44.75147 | BM26: =SUM(AT26,BD26)/I26% -> 22.383752 | BN26: =(AS26+BC26)/I26 -> 0.10577231 | BO26: =K26+O26+R26+V26 -> 236901 | BP26: =SUM(AV26,AW26,AX26,BF26,BG26,BH26,BK26) -> 6060 | BQ26: =BP26/(AE26*280) -> 0.90178571
A27: 24 | B27: 24 | D27: ='24'!D3 -> 30 | E27: ='24'!D4 -> 0.76 | G27: ='24'!G8 -> 19227 | H27: ='24'!G8 -> 19227 | I27: ='24'!G7 -> 19068 | J27: 10 | K27: =H27*J27 -> 192270 | L27: =I27/202 -> 94.39604 | M27: ='24'!G15 -> 719 | N27: 35 | O27: =M27*N27 -> 25165 | P27: ='24'!G20 -> 214 | Q27: 134 | R27: =P27*Q27 -> 28676 | S27: =P27/(F27*202/100) -> #DIV/0! | T27: ='24'!G24 -> 0 | U27: 69 | V27: =T27*U27 -> 0 | W27: ='24'!G95 -> 64 | X27: ='24'!G96 -> 26 | Y27: ='24'!G97 -> 20 | Z27: =W27+X27+Y27 -> 110 | AA27: ='24'!G132 -> 0 | AB27: ='24'!G133 -> 0 | AC27: ='24'!G134 -> 0 | AD27: ='24'!G135 -> 24 | AE27: =AA27+AB27+AC27+AD27 -> 24 | AF27: =AV27+AW27+BF27+BG27 -> 3839 | AG27: =AF27/AE27 -> 159.95833 | AH27: ='24'!G136 -> 3.05 | AI27: ='24'!G137 -> 1 | AJ27: ='24'!G138 -> 3.15 | AK27: =AH27+AI27+AJ27 -> 7.2 | AL27: ='24'!G139 -> 0 | AM27: ='24'!G140 -> 7.15 | AO27: =AL27+AM27 -> 7.15 | AP27: ='24'!G123 -> 215 | AQ27: ='24'!G35 -> 0 | AR27: ='24'!G37 -> 0 | AS27: ='24'!G38 -> 0 | AT27: ='24'!G39 -> 0 | AU27: ='24'!G40 -> 0 | AV27: ='24'!G41 -> 0 | AW27: ='24'!G42 -> 0 | AX27: ='24'!G43 -> 2059 | AY27: ='24'!G44 -> 0 | AZ27: ='24'!G36 -> 730 | BA27: ='24'!G49 -> 3000 | BB27: ='24'!G51 -> 1465 | BC27: ='24'!G52 -> 1948 | BD27: ='24'!G53 -> 4231 | BE27: ='24'!G54 -> 68 | BF27: ='24'!G55 -> 0 | BG27: ='24'!G56 -> 3839 | BH27: ='24'!G57 -> 0 | BI27: ='24'!G50 -> 1120 | BJ27: =SUM(AV27,AW27,BF27,BG27) -> 3839 | BK27: ='24'!G84 -> 477 | BL27: =SUM(AQ27,AV27,AW27,AX27,BA27,BF27,BG27,BH27)/I27% -> 46.664569 | BM27: =SUM(AT27,BD27)/I27% -> 22.189008 | BN27: =(AS27+BC27)/I27 -> 0.10216069 | BO27: =K27+O27+R27+V27 -> 246111 | BP27: =SUM(AV27,AW27,AX27,BF27,BG27,BH27,BK27) -> 6375 | BQ27: =BP27/(AE27*280) -> 0.94866071
A28: 25 | B28: 25 | D28: ='25'!D3 -> 31 | E28: ='25'!D4 -> 0.8 | G28: ='25'!G8 -> 20290 | H28: ='25'!G8 -> 20290 | I28: ='25'!G7 -> 20166 | J28: 10 | K28: =H28*J28 -> 202900 | L28: =I28/202 -> 99.831683 | M28: ='25'!G15 -> 712.52 | N28: 35 | O28: =M28*N28 -> 24938.2 | P28: ='25'!G20 -> 174 | Q28: 134 | R28: =P28*Q28 -> 23316 | S28: =P28/(F28*202/100) -> #DIV/0! | T28: ='25'!G24 -> 0 | U28: 69 | V28: =T28*U28 -> 0 | W28: ='25'!G95 -> 75 | X28: ='25'!G96 -> 31 | Y28: ='25'!G97 -> 30 | Z28: =W28+X28+Y28 -> 136 | AA28: ='25'!G132 -> 0 | AB28: ='25'!G133 -> 0 | AC28: ='25'!G134 -> 0 | AD28: ='25'!G135 -> 23.58 | AE28: =AA28+AB28+AC28+AD28 -> 23.58 | AF28: =AV28+AW28+BF28+BG28 -> 4515.35 | AG28: =AF28/AE28 -> 191.49067 | AH28: ='24'!G136 -> 3.05 | AI28: ='24'!G137 -> 1 | AJ28: ='24'!G138 -> 3.15 | AK28: =AH28+AI28+AJ28 -> 7.2 | AL28: ='23'!G139 -> 0 | AM28: ='24'!G140 -> 7.15 | AO28: =AL28+AM28 -> 7.15 | AP28: ='25'!G123 -> 243.08 | AQ28: ='25'!G35 -> 0 | AR28: ='25'!G37 -> 0 | AS28: ='25'!G38 -> 0 | AT28: ='25'!G39 -> 0 | AU28: ='25'!G40 -> 0 | AV28: ='25'!G41 -> 0 | AX28: ='25'!G43 -> 1994.67 | AY28: ='25'!G44 -> 0 | AZ28: ='25'!G36 -> 963.05 | BA28: ='25'!G49 -> 3116.04 | BB28: ='25'!G51 -> 1481.55 | BC28: ='25'!G52 -> 2098.43 | BD28: ='25'!G53 -> 4052.44 | BE28: ='24'!G54 -> 68 | BF28: ='25'!G55 -> 0 | BG28: ='25'!G56 -> 4515.35 | BH28: ='25'!G57 -> 0 | BI28: ='25'!G50 -> 1112.51 | BJ28: =SUM(AV28,AW28,BF28,BG28) -> 4515.35 | BK28: ='25'!G84 -> 454 | BL28: =SUM(AQ28,AV28,AW28,AX28,BA28,BF28,BG28,BH28)/I28% -> 47.734107 | BM28: =SUM(AT28,BD28)/I28% -> 20.095408 | BN28: =(AS28+BC28)/I28 -> 0.10405782 | BO28: =K28+O28+R28+V28 -> 251154.2 | BP28: =SUM(AV28,AW28,AX28,BF28,BG28,BH28,BK28) -> 6964.02 | BQ28: =BP28/(AE28*280) -> 1.054771
A29: 26 | B29: 26 | D29: ='26'!D3 -> 28 | E29: ='26'!D4 -> 0.85 | G29: ='26'!G8 -> 21716 | H29: ='26'!G8 -> 21716 | I29: ='26'!G7 -> 21593 | J29: 10 | K29: =H29*J29 -> 217160 | L29: =I29/202 -> 106.89604 | M29: ='26'!G15 -> 822.59 | N29: 35 | O29: =M29*N29 -> 28790.65 | P29: ='26'!G20 -> 275 | Q29: 134 | R29: =P29*Q29 -> 36850 | S29: =P29/(F29*202/100) -> #DIV/0! | T29: ='26'!G24 -> 0 | U29: 69 | V29: =T29*U29 -> 0 | W29: ='26'!G95 -> 93 | X29: ='26'!G96 -> 36 | Y29: ='26'!G97 -> 45 | Z29: =W29+X29+Y29 -> 174 | AA29: ='26'!G132 -> 0 | AB29: ='26'!G133 -> 0 | AC29: ='26'!G134 -> 0 | AD29: ='26'!G135 -> 24.49 | AE29: =AA29+AB29+AC29+AD29 -> 24.49 | AF29: =AV29+AW29+BF29+BG29 -> 4787.2 | AG29: =AF29/AE29 -> 195.4757 | AH29: ='26'!G136 -> 8.06 | AI29: ='26'!G137 -> 0 | AJ29: ='26'!G138 -> 0 | AK29: =AH29+AI29+AJ29 -> 8.06 | AL29: ='26'!G139 -> 0 | AM29: ='26'!G140 -> 7.47 | AO29: =AL29+AM29 -> 7.47 | AP29: ='26'!G123 -> 225.62 | AQ29: ='26'!G35 -> 0 | AR29: ='26'!G37 -> 0 | AS29: ='26'!G38 -> -0.38 | AT29: ='26'!G39 -> 0 | AU29: ='26'!G40 -> 0 | AV29: ='26'!G41 -> 0 | AW29: ='26'!G42 -> 0 | AX29: ='26'!G43 -> 1988.96 | AY29: ='26'!G44 -> 0 | AZ29: ='26'!G36 -> 1127.78 | BA29: ='26'!G49 -> 2995.5 | BB29: ='26'!G51 -> 1514.8 | BC29: ='26'!G52 -> 2310.76 | BD29: ='26'!G53 -> 4399.46 | BE29: ='26'!G54 -> 67.15 | BF29: ='26'!G55 -> 0 | BG29: ='26'!G56 -> 4787.2 | BH29: ='26'!G57 -> 0 | BI29: ='26'!G50 -> 1597.76 | BJ29: =SUM(AV29,AW29,BF29,BG29) -> 4787.2 | BK29: ='26'!G84 -> 515 | BL29: =SUM(AQ29,AV29,AW29,AX29,BA29,BF29,BG29,BH29)/I29% -> 45.253832 | BM29: =SUM(AT29,BD29)/I29% -> 20.374473 | BN29: =(AS29+BC29)/I29 -> 0.10699671 | BO29: =K29+O29+R29+V29 -> 282800.65 | BP29: =SUM(AV29,AW29,AX29,BF29,BG29,BH29,BK29) -> 7291.16 | BQ29: =BP29/(AE29*280) -> 1.0632853
A30: 27 | B30: 27 | D30: ='27'!D3 -> 28 | E30: ='27'!D4 -> 0.82 | G30: ='27'!G8 -> 22239 | H30: ='27'!G8 -> 22239 | I30: ='27'!G7 -> 22134 | J30: 10 | K30: =H30*J30 -> 222390 | L30: =I30/202 -> 109.57426 | M30: ='27'!G15 -> 702.03 | N30: 35 | O30: =M30*N30 -> 24571.05 | P30: ='27'!G20 -> 185 | Q30: 134 | R30: =P30*Q30 -> 24790 | S30: =P30/(F30*202/100) -> #DIV/0! | T30: ='27'!G24 -> 0 | U30: 69 | V30: =T30*U30 -> 0 | W30: ='27'!G95 -> 75 | X30: ='27'!G96 -> 28 | Y30: ='27'!G97 -> 32 | Z30: =W30+X30+Y30 -> 135 | AA30: ='27'!G132 -> 0 | AB30: ='27'!G133 -> 0 | AC30: ='27'!G134 -> 0 | AD30: ='27'!G135 -> 24.08 | AE30: =AA30+AB30+AC30+AD30 -> 24.08 | AF30: =AV30+AW30+BF30+BG30 -> 5269.24 | AG30: =AF30/AE30 -> 218.82226 | AH30: ='27'!G136 -> 0 | AI30: ='27'!G137 -> 6.1 | AJ30: ='27'!G138 -> 0 | AK30: =AH30+AI30+AJ30 -> 6.1 | AL30: ='27'!G139 -> 0 | AM30: ='27'!G140 -> 7.35 | AO30: =AL30+AM30 -> 7.35 | AP30: ='27'!G123 -> 220.97 | AQ30: ='27'!G35 -> 0 | AR30: ='27'!G37 -> 0 | AS30: ='27'!G38 -> 0 | AT30: ='27'!G39 -> 0 | AU30: ='27'!G40 -> 0 | AV30: ='27'!G41 -> 0 | AW30: ='27'!G42 -> 0 | AX30: ='27'!G43 -> 1996.64 | AY30: ='27'!G44 -> 0 | AZ30: ='27'!G36 -> 1091.52 | BA30: ='27'!G49 -> 3200.4 | BB30: ='27'!G51 -> 1517.27 | BC30: ='27'!G52 -> 2251.56 | BD30: ='27'!G53 -> 4508.84 | BE30: ='27'!G54 -> 70.49 | BF30: ='27'!G55 -> 0 | BG30: ='27'!G56 -> 5269.24 | BH30: ='27'!G57 -> 0 | BI30: ='27'!G50 -> 1399.04 | BJ30: =SUM(AV30,AW30,BF30,BG30) -> 5269.24 | BK30: ='27'!G84 -> 464 | BL30: =SUM(AQ30,AV30,AW30,AX30,BA30,BF30,BG30,BH30)/I30% -> 47.285985 | BM30: =SUM(AT30,BD30)/I30% -> 20.370651 | BN30: =(AS30+BC30)/I30 -> 0.10172404 | BO30: =K30+O30+R30+V30 -> 271751.05 | BP30: =SUM(AV30,AW30,AX30,BF30,BG30,BH30,BK30) -> 7729.88 | BQ30: =BP30/(AE30*280) -> 1.1464582
A31: 28 | B31: 28 | D31: ='28'!D3 -> 28 | E31: ='28'!D4 -> 0.82 | G31: ='28'!G8 -> 18910 | H31: ='28'!G8 -> 18910 | I31: ='28'!G7 -> 18760 | J31: 10 | K31: =H31*J31 -> 189100 | L31: =I31/202 -> 92.871287 | M31: ='28'!G15 -> 776.81 | N31: 35 | O31: =M31*N31 -> 27188.35 | P31: ='28'!G20 -> 216 | Q31: 134 | R31: =P31*Q31 -> 28944 | S31: =P31/(F31*202/100) -> #DIV/0! | T31: ='28'!G24 -> 0 | U31: 69 | V31: =T31*U31 -> 0 | W31: ='28'!G95 -> 81 | X31: ='28'!G96 -> 33 | Y31: ='28'!G97 -> 31 | Z31: =W31+X31+Y31 -> 145 | AA31: ='28'!G132 -> 0 | AB31: ='28'!G133 -> 0 | AC31: ='28'!G134 -> 0 | AD31: ='28'!G135 -> 24.03 | AE31: =AA31+AB31+AC31+AD31 -> 24.03 | AF31: =AV31+AW31+BF31+BG31 -> 3442.39 | AG31: =AF31/AE31 -> 143.25385 | AH31: ='28'!G136 -> 0 | AI31: ='28'!G137 -> 8.74 | AJ31: ='28'!G138 -> 0 | AK31: =AH31+AI31+AJ31 -> 8.74 | AL31: ='28'!G139 -> 0.37 | AM31: ='28'!G140 -> 6.9 | AO31: =AL31+AM31 -> 7.27 | AP31: ='28'!G123 -> 210.76 | AQ31: ='28'!G35 -> 0 | AR31: ='28'!G37 -> 0 | AS31: ='28'!G38 -> 0 | AT31: ='28'!G39 -> 0 | AU31: ='28'!G40 -> 0 | AV31: ='28'!G41 -> 0 | AW31: ='28'!G42 -> -0.09 | AX31: ='28'!G43 -> 1982.56 | AY31: ='28'!G44 -> 0 | AZ31: ='28'!G36 -> 701.65 | BA31: ='28'!G49 -> 2902.72 | BB31: ='28'!G51 -> 1436.37 | BC31: ='28'!G52 -> 2101.56 | BD31: ='28'!G53 -> 4191.42 | BE31: ='28'!G54 -> 69.83 | BF31: ='28'!G55 -> 0.27 | BG31: ='28'!G56 -> 3442.21 | BH31: ='28'!G57 -> 0 | BI31: ='28'!G50 -> 1225.69 | BJ31: =SUM(AV31,AW31,BF31,BG31) -> 3442.39 | BK31: ='28'!G84 -> 482 | BL31: =SUM(AQ31,AV31,AW31,AX31,BA31,BF31,BG31,BH31)/I31% -> 44.390565 | BM31: =SUM(AT31,BD31)/I31% -> 22.342324 | BN31: =(AS31+BC31)/I31 -> 0.11202345 | BO31: =K31+O31+R31+V31 -> 245232.35 | BP31: =SUM(AV31,AW31,AX31,BF31,BG31,BH31,BK31) -> 5906.95 | BQ31: =BP31/(AE31*280) -> 0.87791303
A32: 29 | B32: 29 | D32: ='29'!D3 -> 30 | E32: ='29'!D4 -> 0.8 | G32: ='29'!G8 -> 17693 | H32: ='29'!G8 -> 17693 | I32: ='29'!G7 -> 17471 | J32: 10 | K32: =H32*J32 -> 176930 | L32: =I32/202 -> 86.490099 | M32: ='29'!G15 -> 690.05 | N32: 35 | O32: =M32*N32 -> 24151.75 | P32: ='29'!G20 -> 165 | Q32: 134 | R32: =P32*Q32 -> 22110 | S32: =P32/(F32*202/100) -> #DIV/0! | T32: ='29'!G24 -> 0 | U32: 69 | V32: =T32*U32 -> 0 | W32: ='29'!G95 -> 70 | X32: ='29'!G96 -> 15 | Y32: ='29'!G97 -> 6 | Z32: =W32+X32+Y32 -> 91 | AA32: ='29'!G132 -> 0 | AB32: ='29'!G133 -> 0 | AC32: ='29'!G134 -> 0 | AD32: ='29'!G135 -> 24.08 | AE32: =AA32+AB32+AC32+AD32 -> 24.08 | AF32: =AV32+AW32+BF32+BG32 -> 3152.2 | AG32: =AF32/AE32 -> 130.90532 | AH32: ='29'!G136 -> 5.82 | AI32: ='29'!G137 -> 0 | AJ32: ='29'!G138 -> 0 | AK32: =AH32+AI32+AJ32 -> 5.82 | AL32: ='29'!G139 -> 0 | AM32: ='29'!G140 -> 8.2 | AO32: =AL32+AM32 -> 8.2 | AP32: ='29'!G123 -> 248.57 | AQ32: ='29'!G35 -> 0 | AR32: ='29'!G37 -> 0 | AS32: ='29'!G38 -> 0 | AT32: ='29'!G39 -> 0 | AU32: ='29'!G40 -> 0 | AV32: ='29'!G41 -> 0 | AW32: ='29'!G42 -> 0 | AX32: ='29'!G43 -> 1977.12 | AY32: ='29'!G44 -> 0 | AZ32: ='29'!G36 -> 659.81 | BA32: ='29'!G49 -> 2827.32 | BB32: ='29'!G51 -> 1368.01 | BC32: ='29'!G52 -> 1860.56 | BD32: ='29'!G53 -> 3995.21 | BE32: ='29'!G54 -> 68.93 | BF32: ='29'!G55 -> -0.27 | BG32: ='29'!G56 -> 3152.47 | BH32: ='29'!G57 -> 0 | BI32: ='29'!G50 -> 934 | BJ32: =SUM(AV32,AW32,BF32,BG32) -> 3152.2 | BK32: ='29'!G84 -> 481 | BL32: =SUM(AQ32,AV32,AW32,AX32,BA32,BF32,BG32,BH32)/I32% -> 45.541984 | BM32: =SUM(AT32,BD32)/I32% -> 22.867666 | BN32: =(AS32+BC32)/I32 -> 0.10649419 | BO32: =K32+O32+R32+V32 -> 223191.75 | BP32: =SUM(AV32,AW32,AX32,BF32,BG32,BH32,BK32) -> 5610.32 | BQ32: =BP32/(AE32*280) -> 0.8320954
A33: 30 | B33: 30 | D33: ='30'!D33 -> 0 | E33: ='30'!D4 -> 0.8 | G33: ='30'!G8 -> 18092 | H33: ='30'!G8 -> 18092 | I33: ='30'!G7 -> 17884 | J33: 10 | K33: =H33*J33 -> 180920 | L33: =I33/202 -> 88.534653 | M33: ='30'!G15 -> 786 | N33: 35 | O33: =M33*N33 -> 27510 | P33: ='30'!G20 -> 174 | Q33: 134 | R33: =P33*Q33 -> 23316 | S33: =P33/(F33*202/100) -> #DIV/0! | T33: ='30'!G24 -> 0 | U33: 69 | V33: =T33*U33 -> 0 | W33: ='30'!G95 -> 77 | X33: ='30'!G96 -> 13 | Y33: ='30'!G97 -> 10 | Z33: =W33+X33+Y33 -> 100 | AA33: ='30'!G132 -> 0 | AB33: ='30'!G133 -> 0 | AC33: ='30'!G134 -> 0 | AD33: ='30'!G135 -> 24.21 | AE33: =AA33+AB33+AC33+AD33 -> 24.21 | AF33: =AV33+AW33+BF33+BG33 -> 0 | AG33: =AF33/AE33 -> 0 | AH33: ='30'!G136 -> 0 | AI33: ='30'!G137 -> 7.74 | AJ33: ='30'!G138 -> 0 | AK33: =AH33+AI33+AJ33 -> 7.74 | AL33: ='30'!G139 -> 0 | AM33: ='30'!G140 -> 8.72 | AO33: =AL33+AM33 -> 8.72 | AP33: ='30'!G123 -> 264.7 | AQ33: ='30'!G35 -> 0 | AR33: ='30'!G37 -> 0 | AS33: ='30'!G38 -> 0 | AT33: ='30'!G39 -> 0 | AU33: ='30'!G40 -> 0 | AV33: ='30'!G41 -> 0 | AW33: ='30'!G42 -> 0 | AX33: ='30'!G43 -> 1981.76 | AY33: ='30'!G44 -> 0 | AZ33: ='30'!G36 -> 708.68 | BA33: ='30'!BA33 -> 0 | BB33: ='30'!BA4 -> 0 | BC33: ='30'!BA2 -> 0 | BD33: ='30'!BD8 -> 0 | BE33: ='30'!BC7 -> 0 | BF33: ='30'!BD7 -> 0 | BG33: ='30'!G57 -> 0 | BH33: ='30'!H57 -> 0 | BI33: =BF33/202 -> 0 | BJ33: =SUM(AV33,AW33,BF33,BG33) -> 0 | BK33: ='31'!G84 -> -59904 | BL33: =SUM(AQ33,AV33,AW33,AX33,BA33,BF33,BG33,BH33)/I33% -> 11.08119 | BM33: =SUM(AT33,BD33)/I33% -> 0 | BN33: =(AS33+BC33)/I33 -> 0 | BO33: =K33+O33+R33+V33 -> 231746 | BP33: =SUM(AV33,AW33,AX33,BF33,BG33,BH33,BK33) -> -57922.24 | BQ33: =BP33/(AE33*280) -> -8.5446156
A34: 31 | B34: 31 | D34: ='[1]30'!D34 -> 0 | E34: ='[1]31'!D5 -> Unit | F34: ='[1]31'!D3 -> 30 | G34: ='[1]31'!G8 -> 19595 | H34: ='[1]31'!G8 -> 19595 | I34: ='[1]31'!G7 -> 19398 | J34: 10 | K34: =H34*J34 -> 195950 | L34: =I34/202 -> 96.029703 | M34: ='[1]10'!G15 -> 827.65 | N34: 35 | O34: =M34*N34 -> 28967.75 | P34: ='[1]31'!G20 -> 184 | Q34: 134 | R34: =P34*Q34 -> 24656 | S34: =P34/(F34*202/100) -> 3.0363036 | T34: ='[1]31'!G24 -> 0 | U34: 69 | V34: =T34*U34 -> 0 | W34: ='[1]31'!G95 -> 63 | X34: ='[1]31'!G96 -> 15 | Y34: ='[1]31'!G97 -> 22 | Z34: =W34+X34+Y34 -> 100 | AA34: ='[1]31'!G132 -> 0 | AB34: ='[1]31'!G133 -> 0 | AC34: ='[1]31'!G134 -> 0 | AD34: ='[1]31'!G135 -> 23.92 | AE34: =AA34+AB34+AC34+AD34 -> 23.92 | AF34: =AV34+AW34+BF34+BG34 -> 4263.21 | AG34: =AF34/AE34 -> 178.22784 | AH34: ='[1]31'!G136 -> 6.33 | AI34: ='[1]31'!G137 -> 0 | AJ34: ='[1]31'!G138 -> 0 | AK34: =AH34+AI34+AJ34 -> 6.33 | AL34: ='[1]31'!G139 -> 0 | AM34: ='[1]31'!G140 -> 7.92 | AO34: =AL34+AM34 -> 7.92 | AP34: ='[1]31'!G123 -> 241.35 | AQ34: ='[1]31'!G35 -> 0 | AR34: ='[1]31'!G37 -> 0 | AS34: ='[1]31'!G38 -> 0 | AT34: ='[1]31'!G39 -> 0 | AU34: ='[1]31'!G40 -> 0 | AV34: ='[1]31'!G41 -> 0 | AW34: ='[1]31'!G42 -> 0.09 | AX34: ='[1]31'!G43 -> 1972.72 | AY34: ='[1]31'!G44 -> 0 | AZ34: ='[1]31'!G36 -> 668.58 | BA34: ='[1]31'!G49 -> 2791.39 | BB34: ='[1]31'!G51 -> 1472.34 | BC34: ='[1]31'!G52 -> 2047.28 | BD34: ='[1]31'!G53 -> 4400.97 | BE34: ='[1]31'!G54 -> 79.99 | BF34: ='[1]31'!BD7 -> 0 | BG34: ='[1]31'!G56 -> 4263.12 | BH34: ='[1]31'!H57 -> 0 | BI34: ='[1]31'!G50 -> 1070.44 | BJ34: =SUM(AV34,AW34,BF34,BG34) -> 4263.21 | BK34: ='[1]31'!G84 -> 377 | BL34: =SUM(AQ34,AV34,AW34,AX34,BA34,BF34,BG34,BH34)/I34% -> 46.537375 | BM34: =SUM(AT34,BD34)/I34% -> 22.687751 | BN34: =(AS34+BC34)/I34 -> 0.10554078 | BO34: =K34+O34+R34+V34 -> 249573.75 | BP34: =SUM(AV34,AW34,AX34,BF34,BG34,BH34,BK34) -> 6612.93 | BQ34: =BP34/(AE34*280) -> 0.98735816
A35: Total | D35: =AVERAGE(D4:D34) -> 27.322581 | F35: =AVERAGE(F4:F34) -> 30 | G35: =SUM(G4:G34) -> 621309 | H35: =SUM(H4:H34) -> 621309 | I35: =SUM(I4:I34) -> 615883 | J35: =SUM(J4:J34) -> 309.5 | K35: =SUM(K4:K34) -> 6203368 | L35: =SUM(L4:L34) -> 3048.9257 | M35: =SUM(M4:M34) -> 21850.909 | N35: =SUM(N4:N34) -> 1085 | ... BO35: =SUM(BO4:BO34) -> 7763975.8 | BP35: =SUM(AV35,AW35,AX35,BF35,BG35,BH35,BK35) -> 155568.8 | BQ35: =BP35/(AE35*280) -> 0.74107059
B36: =B18-B17 -> 1 | C36: =C18-C17 -> 0 | D36: =D18-D17 -> 1 | E36: =E18-E17 -> 0.04 | F36: =F18-F17 -> 0 | I36: =I18-I17 -> -179 | J36: =J18-J17 -> 0 | K36: =K18-K17 -> -1410 | L36: =L18-L17 -> -0.88613861 | M36: =M18-M17 -> -67 | N36: =N18-N17 -> 0 | O36: =O18-O17 -> -2345 | P36: =P18-P17 -> 17 | ... AO36: =AO18-AO17 -> 0.11 | AQ36: =AQ18-AQ17 -> 0 | AR36: =AR18-AR17 -> 0 | AS36: =AS18-AS17 -> 0 | AT36: =AT18-AT17 -> 0 | AU36: =AU18-AU17 -> 0 | AV36: =AV18-AV17 -> 0 | AW36: =AW18-AW17 -> 188.48 | AX36: =AX18-AX17 -> -160.53 | BA36: =BA18-BA17 -> 67 | BB36: =BB18-BB17 -> -17.43 | BC36: =BC18-BC17 -> -159.09 | BD36: =BD18-BD17 -> 120 | BE36: =BE18-BE17 -> 8.54 | BF36: =BF18-BF17 -> 0 | BG36: =BG18-BG17 -> 0 | BH36: =BH18-BH17 -> 0 | BL36: =BL18-BL17 -> 0.92096008 | BM36: =BM18-BM17 -> 0.78405588 | BO36: =BO18-BO17 -> -1477 | BP36: =BP18-BP17 -> 54.95
F37: =AVERAGE(F4:F35) -> 30 | I37: =AVERAGE(I4:I35) -> 38492.688
B38: Guest complaint | F38: =AVERAGE(F4:F35) -> 30
BJ41: =(BJ31+BK31)/400 -> 9.810975

Sheet Water Report
C3: Date | D3: 1 | E3: 2 | F3: 3 | G3: 4 | H3: 5 | I3: 6 | J3: 7 | K3: 8 | L3: 9 | M3: 10 | N3: 11 | O3: 12 | P3: 13 | Q3: 14 | R3: 15 | S3: 16 | T3: 17 | U3: 18 | V3: 19 | W3: 20 | X3: 21 | Y3: 22 | Z3: 23 | AA3: 24 | AB3: 25 | AC3: 26 | AD3: 27 | AE3: 28 | AF3: 29 | AG3: 30 | AH3: 31
C4: occupancy | D4: ='[2]1'!F3 -> 0.5 | E4: ='[2]2'!F3 -> 0.1 | F4: ='[2]3'!F3 -> 0.5
C5: Tanker | D5: ='1'!G18 -> 170 | E5: ='2'!G18 -> 80 | F5: ='3'!G18 -> 80 | G5: ='4'!G18 -> 100 | H5: ='5'!G18 -> 120 | I5: ='6'!G18 -> 110 | J5: ='7'!G18 -> 80 | K5: ='8'!G18 -> 160 | L5: ='9'!G18 -> 160 | M5: ='10'!G18 -> 200 | N5: ='11'!G18 -> 200 | O5: ='12'!G18 -> 220 | P5: ='13'!G18 -> 180 | Q5: ='14'!G18 -> 120 | R5: ='15'!G18 -> 140 | S5: ='16'!G18 -> 100 | T5: ='17'!G18 -> 140 | U5: ='18'!G18 -> 120 | V5: ='19'!G18 -> 140 | W5: ='20'!G18 -> 140 | X5: ='21'!G18 -> 120 | Y5: ='22'!G18 -> 100 | Z5: ='23'!G18 -> 120 | AA5: ='24'!G18 -> 160 | AB5: ='25'!G18 -> 120 | AC5: ='26'!G18 -> 220 | AD5: ='27'!G18 -> 130 | AE5: ='28'!G18 -> 160 | AF5: ='29'!G18 -> 110 | AG5: ='30'!G18 -> 120 | AH5: ='31'!G18 -> 40
C6: BMC | D6: ='1'!G19 -> 53 | E6: ='2'!G19 -> 53 | F6: ='3'!G19 -> 53 | G6: ='4'!G19 -> 53 | H6: ='5'!G19 -> 52 | I6: ='6'!G19 -> 58 | J6: ='7'!G19 -> 57 | K6: ='8'!G19 -> 53 | L6: ='9'!G19 -> 52 | M6: ='10'!G19 -> 53 | N6: ='11'!G19 -> 53 | O6: ='12'!G19 -> 56 | P6: ='13'!G19 -> 56 | Q6: ='14'!G19 -> 59 | R6: ='15'!G19 -> 56 | S6: ='16'!G19 -> 55 | T6: ='17'!G19 -> 58 | U6: ='18'!G19 -> 55 | V6: ='19'!G19 -> 54 | W6: ='20'!G19 -> 54 | X6: ='21'!G19 -> 55 | Y6: ='22'!G19 -> 55 | Z6: ='23'!G19 -> 49 | AA6: ='24'!G19 -> 54 | AB6: ='25'!G19 -> 54 | AC6: ='26'!G19 -> 55 | AD6: ='27'!G19 -> 55 | AE6: ='28'!G19 -> 56 | AF6: ='29'!G19 -> 55 | AG6: ='30'!G19 -> 54 | AH6: ='31'!G19 -> -6614
C7: R.O. Plant Production | D7: ='1'!G92 -> 112 | E7: ='2'!G92 -> 89 | F7: ='3'!G92 -> 54 | G7: ='4'!G92 -> 67 | H7: ='5'!G92 -> 71 | I7: ='6'!G92 -> 116 | J7: ='7'!G92 -> 104 | K7: ='8'!G92 -> 134 | L7: ='9'!G92 -> 91 | M7: ='10'!G92 -> 176 | N7: ='11'!G92 -> 176 | O7: ='12'!G92 -> 131 | P7: ='13'!G92 -> 108 | Q7: ='14'!G92 -> 97 | R7: ='15'!G92 -> 25 | S7: ='16'!G92 -> 29 | T7: ='17'!G92 -> 146 | U7: ='18'!G92 -> 92 | V7: ='19'!G92 -> 103 | W7: ='20'!G92 -> 103 | X7: ='21'!G92 -> 64 | Y7: ='22'!G92 -> 54 | Z7: ='23'!G92 -> 85 | AA7: ='24'!G92 -> 68 | AB7: ='25'!G92 -> 92 | AC7: ='26'!G92 -> 164 | AD7: ='27'!G92 -> 130 | AE7: ='28'!G92 -> 122 | AF7: ='29'!G92 -> 58 | AG7: ='30'!G92 -> 55 | AH7: ='31'!G92 -> -7204
B8: Domestic Water | C8: Zone-1 | D8: ='1'!G95 -> 47 | E8: ='2'!G95 -> 59 | F8: ='3'!G95 -> 45 | G8: ='4'!G95 -> 59 | H8: ='5'!G95 -> 56 | I8: ='6'!G95 -> 57 | J8: ='7'!G95 -> 76 | K8: ='8'!G95 -> 70 | L8: ='9'!G95 -> 54 | M8: ='10'!G95 -> 140 | N8: ='11'!G95 -> 140 | O8: ='12'!G95 -> 75 | P8: ='13'!G95 -> 71 | Q8: ='14'!G95 -> 62 | R8: ='15'!G95 -> 51 | S8: ='16'!G95 -> 38 | T8: ='17'!G95 -> 63 | U8: ='18'!G95 -> 68 | V8: ='19'!G95 -> 55 | W8: ='20'!G95 -> 55 | X8: ='21'!G95 -> 72 | Y8: ='22'!G95 -> 59 | Z8: ='23'!G95 -> 62 | AA8: ='24'!G95 -> 64 | AB8: ='25'!G95 -> 75 | AC8: ='26'!G95 -> 93 | AD8: ='27'!G95 -> 75 | AE8: ='28'!G95 -> 81 | AF8: ='29'!G95 -> 70 | AG8: ='30'!G95 -> 77 | AH8: ='31'!G95 -> -6444
C9: Zone-2 | D9: ='1'!G96 -> 33 | E9: ='2'!G96 -> 31 | F9: ='3'!G96 -> 22 | G9: ='4'!G96 -> 25 | H9: ='5'!G96 -> 27 | I9: ='6'!G96 -> 36 | J9: ='7'!G96 -> 35 | K9: ='8'!G96 -> 33 | L9: ='9'!G96 -> 25 | M9: ='10'!G96 -> 37 | N9: ='11'!G96 -> 37 | O9: ='12'!G96 -> 37 | P9: ='13'!G96 -> 39 | Q9: ='14'!G96 -> 23 | R9: ='15'!G96 -> 17 | S9: ='16'!G96 -> 17 | T9: ='17'!G96 -> 18 | U9: ='18'!G96 -> 18 | V9: ='19'!G96 -> 29 | W9: ='20'!G96 -> 29 | X9: ='21'!G96 -> 17 | Y9: ='22'!G96 -> 19 | Z9: ='23'!G96 -> 21 | AA9: ='24'!G96 -> 26 | AB9: ='25'!G96 -> 31 | AC9: ='26'!G96 -> 36 | AD9: ='27'!G96 -> 28 | AE9: ='28'!G96 -> 33 | AF9: ='29'!G96 -> 15 | AG9: ='30'!G96 -> 13 | AH9: ='31'!G96 -> -2754
C10: Zone-3 | D10: ='1'!G97 -> 35 | E10: ='2'!G97 -> 14 | F10: ='3'!G97 -> 16 | G10: ='4'!G97 -> 15 | H10: ='5'!G97 -> 20 | I10: ='6'!G97 -> 21 | J10: ='7'!G97 -> 23 | K10: ='8'!G97 -> 30 | L10: ='9'!G97 -> 24 | M10: ='10'!G97 -> 20 | N10: ='11'!G97 -> 20 | O10: ='12'!G97 -> 47 | P10: ='13'!G97 -> 36 | Q10: ='14'!G97 -> 25 | R10: ='15'!G97 -> 26 | S10: ='16'!G97 -> 15 | T10: ='17'!G97 -> 19 | U10: ='18'!G97 -> 25 | V10: ='19'!G97 -> 30 | W10: ='20'!G97 -> 30 | X10: ='21'!G97 -> 18 | Y10: ='22'!G97 -> 19 | Z10: ='23'!G97 -> 17 | AA10: ='24'!G97 -> 20 | AB10: ='25'!G97 -> 30 | AC10: ='26'!G97 -> 45 | AD10: ='27'!G97 -> 32 | AE10: ='28'!G97 -> 31 | AF10: ='29'!G97 -> 6 | AG10: ='30'!G97 -> 10 | AH10: ='31'!G97 -> -2346
B12: Flushing Water | C12: Zone-1 | D12: ='1'!G98 -> 67 | E12: ='2'!G98 -> 40 | F12: ='3'!G98 -> 67 | G12: ='4'!G98 -> 43 | H12: ='5'!G98 -> 41 | I12: ='6'!G98 -> 53 | J12: ='7'!G98 -> 49 | K12: ='8'!G98 -> 35 | L12: ='9'!G98 -> 50 | M12: ='10'!G98 -> 91 | N12: ='11'!G98 -> 91 | O12: ='12'!G98 -> 85 | P12: ='13'!G98 -> 59 | Q12: ='14'!G98 -> 60 | R12: ='15'!G98 -> 86 | S12: ='16'!G98 -> 14 | T12: ='17'!G98 -> 31 | U12: ='18'!G98 -> 27 | V12: ='19'!G98 -> 87 | W12: ='20'!G98 -> 87 | X12: ='21'!G98 -> 55 | Y12: ='22'!G98 -> 24 | Z12: ='23'!G98 -> 47 | AA12: ='24'!G98 -> 55 | AB12: ='25'!G98 -> 45 | AC12: ='26'!G98 -> 54 | AD12: ='27'!G98 -> 43 | AE12: ='28'!G98 -> 58 | AF12: ='29'!G98 -> 53 | AG12: ='30'!G98 -> 60 | AH12: ='31'!G98 -> -4179
C13: Zone-2 | D13: ='1'!G114 -> 27 | E13: ='2'!G114 -> 29 | F13: ='3'!G114 -> 24 | G13: ='4'!G114 -> 27 | H13: ='5'!G114 -> 31 | I13: ='6'!G114 -> 28 | J13: ='7'!G114 -> 31 | K13: ='8'!G114 -> 27 | L13: ='9'!G114 -> 21 | M13: ='10'!G114 -> 31 | N13: ='11'!G114 -> 31 | O13: ='12'!G114 -> 26 | P13: ='13'!G114 -> 17 | Q13: ='14'!G114 -> 16 | R13: ='15'!G114 -> 14 | S13: ='16'!G114 -> 13 | T13: ='17'!G114 -> 13 | U13: ='18'!G114 -> 27 | V13: ='19'!G114 -> 28 | W13: ='20'!G114 -> 28 | X13: ='21'!G114 -> 9 | Y13: ='22'!G114 -> 8 | Z13: ='23'!G114 -> 10 | AA13: ='24'!G114 -> 12 | AB13: ='25'!G114 -> 17 | AC13: ='26'!G114 -> 41 | AD13: ='27'!G114 -> 14 | AE13: ='28'!G114 -> 24 | AF13: ='29'!G114 -> 9 | AG13: ='30'!G114 -> 7 | AH13: ='31'!G114 -> -1499
C14: Zone-3 | D14: ='1'!G115 -> 11 | E14: ='2'!G115 -> 17 | F14: ='3'!G115 -> 4 | G14: ='4'!G115 -> 6 | H14: ='5'!G115 -> 4 | I14: ='6'!G115 -> 14 | J14: ='7'!G115 -> 14 | K14: ='8'!G115 -> 32 | L14: ='9'!G115 -> 7 | M14: ='10'!G115 -> 10 | N14: ='11'!G115 -> 10 | O14: ='12'!G115 -> 11 | P14: ='13'!G115 -> 16 | Q14: ='14'!G115 -> 8 | R14: ='15'!G115 -> 18 | S14: ='16'!G115 -> 9 | T14: ='17'!G115 -> 22 | U14: ='18'!G115 -> 8 | V14: ='19'!G115 -> 17 | W14: ='20'!G115 -> 17 | X14: ='21'!G115 -> 4 | Y14: ='22'!G115 -> 16 | Z14: ='23'!G115 -> 17 | AA14: ='24'!G115 -> 6 | AB14: ='25'!G115 -> 8 | AC14: ='26'!G115 -> 12 | AD14: ='27'!G115 -> 18 | AE14: ='28'!G115 -> 20 | AF14: ='29'!G115 -> 2 | AG14: ='30'!G115 -> 4 | AH14: ='31'!G115 -> -955
B16: Branches ( Domestic water ) | C16: Pool | D16: ='1'!G104 -> 0 | E16: ='2'!G104 -> 0 | F16: ='3'!G104 -> 0 | G16: ='4'!G104 -> 0 | H16: ='5'!G104 -> 0 | I16: ='6'!G104 -> 0 | J16: ='7'!G104 -> 0 | K16: ='8'!G104 -> 0 | L16: ='9'!G104 -> 0 | M16: ='10'!G104 -> 0 | N16: ='11'!G104 -> 0 | O16: ='12'!G104 -> 0 | P16: ='13'!G104 -> 0 | Q16: ='14'!G104 -> 0 | R16: ='15'!G104 -> 0 | S16: ='16'!G104 -> 0 | T16: ='17'!G104 -> 0 | U16: ='18'!G104 -> 0 | V16: ='19'!G104 -> 0 | W16: ='20'!G104 -> 0 | X16: ='21'!G104 -> 0 | Y16: ='22'!G104 -> 0 | Z16: ='23'!G104 -> 0 | AA16: ='24'!G104 -> 0 | AB16: ='25'!G104 -> 0 | AC16: ='26'!G104 -> 0 | AD16: ='27'!G104 -> 0 | AE16: ='28'!G104 -> 0 | AF16: ='29'!G104 -> 0 | AG16: ='30'!G104 -> 0 | AH16: ='31'!G104 -> 0
C17: B2 Laundry | D17: ='1'!G105 -> 0 | E17: ='2'!G105 -> 10 | F17: ='3'!G105 -> 1 | G17: ='4'!G105 -> 8 | H17: ='5'!G105 -> 2 | I17: ='6'!G105 -> 5 | J17: ='7'!G105 -> 5 | K17: ='8'!G105 -> 7 | L17: ='9'!G105 -> 5 | M17: ='10'!G105 -> 48 | N17: ='11'!G105 -> 48 | O17: ='12'!G105 -> 8 | P17: ='13'!G105 -> 9 | Q17: ='14'!G105 -> 7 | R17: ='15'!G105 -> 5 | S17: ='16'!G105 -> 0 | T17: ='17'!G105 -> 9 | U17: ='18'!G105 -> 0 | V17: ='19'!G105 -> 0 | W17: ='20'!G105 -> 0 | X17: ='21'!G105 -> 15 | Y17: ='22'!G105 -> 9 | Z17: ='23'!G105 -> 7 | AA17: ='24'!G105 -> 8 | AB17: ='25'!G105 -> 4 | AC17: ='26'!G105 -> 10 | AD17: ='27'!G105 -> 11 | AE17: ='28'!G105 -> 15 | AF17: ='29'!G105 -> 13 | AG17: ='30'!G105 -> 7 | AH17: ='31'!G105 -> -612
C18: Boiler Feed Water | D18: ='1'!G106 -> 3 | E18: ='2'!G106 -> 5 | F18: ='3'!G106 -> 3 | G18: ='4'!G106 -> 5 | H18: ='5'!G106 -> 3 | I18: ='6'!G106 -> 5 | J18: ='7'!G106 -> 5 | K18: ='8'!G106 -> 6 | L18: ='9'!G106 -> 5 | M18: ='10'!G106 -> 6 | N18: ='11'!G106 -> 6 | O18: ='12'!G106 -> 5 | P18: ='13'!G106 -> 5 | Q18: ='14'!G106 -> 6 | R18: ='15'!G106 -> 5 | S18: ='16'!G106 -> 0 | T18: ='17'!G106 -> 6 | U18: ='18'!G106 -> 5 | V18: ='19'!G106 -> 3 | W18: ='20'!G106 -> 3 | X18: ='21'!G106 -> 6 | Y18: ='22'!G106 -> 6 | Z18: ='23'!G106 -> 4 | AA18: ='24'!G106 -> 5 | AB18: ='25'!G106 -> 5 | AC18: ='26'!G106 -> 7 | AD18: ='27'!G106 -> 5 | AE18: ='28'!G106 -> 5 | AF18: ='29'!G106 -> 5 | AG18: ='30'!G106 -> 5 | AH18: ='31'!G106 -> -439
B20: Branches ( STP Water ) | C20: CT water | D20: ='1'!G109 -> 59 | E20: ='2'!G109 -> 40 | F20: ='3'!G109 -> 59 | G20: ='4'!G109 -> 0 | H20: ='5'!G109 -> 103 | I20: ='6'!G109 -> 55 | J20: ='7'!G109 -> 61 | K20: ='8'!G109 -> 60 | L20: ='9'!G109 -> 119 | M20: ='10'!G109 -> 39 | N20: ='11'!G109 -> 39 | O20: ='12'!G109 -> 54 | P20: ='13'!G109 -> 70 | Q20: ='14'!G109 -> 41 | R20: ='15'!G109 -> 60 | S20: ='16'!G109 -> 40 | T20: ='17'!G109 -> 20 | U20: ='18'!G109 -> 42 | V20: ='19'!G109 -> 53 | W20: ='20'!G109 -> 53 | X20: ='21'!G109 -> 72 | Y20: ='22'!G109 -> 41 | Z20: ='23'!G109 -> 55 | AA20: ='24'!G109 -> 44 | AB20: ='25'!G109 -> 43 | AC20: ='26'!G109 -> 92 | AD20: ='27'!G109 -> 51 | AE20: ='28'!G109 -> 59 | AF20: ='29'!G109 -> 40 | AG20: ='30'!G109 -> 40 | AH20: ='31'!G109 -> -6335
C21: STP flush | D21: ='1'!G110 -> 71 | E21: ='2'!G110 -> 40 | F21: ='3'!G110 -> 54 | G21: ='4'!G110 -> 44 | H21: ='5'!G110 -> 44 | I21: ='6'!G110 -> 47 | J21: ='7'!G110 -> 51 | K21: ='8'!G110 -> 29 | L21: ='9'!G110 -> 41 | M21: ='10'!G110 -> 83 | N21: ='11'!G110 -> 83 | O21: ='12'!G110 -> 81 | P21: ='13'!G110 -> 66 | Q21: ='14'!G110 -> 90 | R21: ='15'!G110 -> 50 | S21: ='16'!G110 -> 13 | T21: ='17'!G110 -> 24 | U21: ='18'!G110 -> 68 | V21: ='19'!G110 -> 85 | W21: ='20'!G110 -> 85 | X21: ='21'!G110 -> 53 | Y21: ='22'!G110 -> 15 | Z21: ='23'!G110 -> 44 | AA21: ='24'!G110 -> 52 | AB21: ='25'!G110 -> 40 | AC21: ='26'!G110 -> 48 | AD21: ='27'!G110 -> 45 | AE21: ='28'!G110 -> 52 | AF21: ='29'!G110 -> 42 | AG21: ='30'!G110 -> 46 | AH21: ='31'!G110 -> -3988
C22: Garden | D22: ='1'!G111 -> 0 | E22: ='2'!G111 -> 11 | F22: ='3'!G111 -> 2 | G22: ='4'!G111 -> 0 | H22: ='5'!G111 -> 14 | I22: ='6'!G111 -> 0 | J22: ='7'!G111 -> 15 | K22: ='8'!G111 -> 7 | L22: ='9'!G111 -> 0 | M22: ='10'!G111 -> 14 | N22: ='11'!G111 -> 14 | O22: ='12'!G111 -> 10 | P22: ='13'!G111 -> 0 | Q22: ='14'!G111 -> 0 | R22: ='15'!G111 -> 0 | S22: ='16'!G111 -> 13 | T22: ='17'!G111 -> 1 | U22: ='18'!G111 -> 0 | V22: ='19'!G111 -> 2 | W22: ='20'!G111 -> 2 | X22: ='21'!G111 -> 11 | Y22: ='22'!G111 -> 12 | Z22: ='23'!G111 -> 0 | AA22: ='24'!G111 -> 11 | AB22: ='25'!G111 -> 0 | AC22: ='26'!G111 -> 16 | AD22: ='27'!G111 -> 0 | AE22: ='28'!G111 -> 11 | AF22: ='29'!G111 -> 0 | AG22: ='30'!G111 -> 16 | AH22: ='31'!G111 -> -502
B24: Domestic consumption | D24: =SUM(D8:D10,D13:D14,) -> 153 | E24: =SUM(E8:E10,E13:E14,) -> 150 | F24: =SUM(F8:F10,F13:F14,) -> 111 | G24: =SUM(G8:G10,G13:G14,) -> 132 | H24: =SUM(H8:H10,H13:H14,) -> 138 | I24: =SUM(I8:I10,I13:I14,) -> 156 | J24: =SUM(J8:J10,J13:J14,) -> 179 | K24: =SUM(K8:K10,K13:K14,) -> 192 | ... AI24: =SUM(AI8:AI10,AI13:AI14,) -> 0
B26: STP +Flush Consumption | D26: =SUM(D12,D20,D22) -> 126 | E26: =SUM(E12,E20,E22) -> 91 | F26: =SUM(F12,F20,F22) -> 128 | G26: =SUM(G12,G20,G22) -> 43 | H26: =SUM(H12,H20,H22) -> 158 | I26: =SUM(I12,I20,I22) -> 108 | J26: =SUM(J12,J20,J22) -> 125 | K26: =SUM(K12,K20,K22) -> 102 | ... AH26: =SUM(AH12,AH20,AH22) -> -11016 | AI26: =SUM(AI12) -> 0
B28: BOH | D28: =D8 -> 47 | E28: =E8 -> 59 | F28: =F8 -> 45 | G28: =G8 -> 59 | H28: =H8 -> 56 | I28: =I8 -> 57 | J28: =J8 -> 76 | K28: =K8 -> 70 | ... AH28: =AH8 -> -6444
B29: Guest Floor | D29: =SUM(D9:D10,D13:D14) -> 106 | E29: =SUM(E9:E10,E13:E14) -> 91 | F29: =SUM(F9:F10,F13:F14) -> 66 | G29: =SUM(G9:G10,G13:G14) -> 73 | H29: =SUM(H9:H10,H13:H14) -> 82 | I29: =SUM(I9:I10,I13:I14) -> 99 | J29: =SUM(J9:J10,J13:J14) -> 103 | K29: =SUM(K9:K10,K13:K14) -> 122 | ... AH29: =SUM(AH9:AH10,AH13:AH14) -> -7554
B30: Guest floor% | D30: =D29/SUM(D28:D29)% -> 69.281046 | E30: =E29/SUM(E28:E29)% -> 60.666667 | F30: =F29/SUM(F28:F29)% -> 59.459459 | G30: =G29/SUM(G28:G29)% -> 55.30303 | H30: =H29/SUM(H28:H29)% -> 59.42029 | I30: =I29/SUM(I28:I29)% -> 63.461538 | J30: =J29/SUM(J28:J29)% -> 57.541899 | K30: =K29/SUM(K28:K29)% -> 63.541667 | ... AH30: =AH29/SUM(AH28:AH29)% -> 53.964852

Sheet Section Load
B2: Electrical | AJ2: Boiler Running
B3: MK-1 | C3: MK-2 | D3: Prato | E3: San- Qi Indian | F3: San- Qi Japanese | G3: The club | H3: AER | I3: COLD ROOM'S | J3: Ball Room 1 | K3: Ball Room 2 | L3: B1 Laundry | M3: B2 Laundry | N3: STP | O3: MOCK Up Room | P3: 27th Floor | Q3: Physic57 | R3: Pinoor Legal- Power+lighting | S3: 2nd floor plant room | T3: 5th Floor | U3: 5th Floor | V3: 12th Floor | W3: 20th Floor | X3: 27th Floor | Y3: 34th Floor | Z3: Sanqi | AA3: CT | AB3: MGL | AC3: HWG | AD3: Prato | AE3: BR-1 | AF3: SanQi IND | AG3: SanQi JPN | AH3: Boiler | AI3: HWG | AJ3: Boiler1 | AK3: Boiler2 | AL3: Boiler3 | AM3: Total
A4: 44044 | B4: ='1'!G72 -> 8 | C4: ='1'!$G$73 -> 1 | D4: ='1'!$G$74 -> 23 | E4: ='1'!$G$75 -> 165 | F4: ='1'!$G$76 -> 57 | G4: ='1'!$G$77 -> 55 | H4: ='1'!$G$78 -> 480 | I4: ='1'!$G$79 -> 201 | J4: ='1'!$G$80 -> 311.39 | K4: ='1'!$G$81 -> 153.28 | L4: ='1'!$G$82 -> 20.76 | M4: ='1'!$G$58 -> 50.78 | N4: ='1'!$G$83 -> 346 | O4: ='1'!G86 -> 139.43 | P4: ='1'!G87 -> 35.2 | Q4: ='1'!G88 -> 90.89 | R4: ='1'!G89+'1'!G90 -> 54.1 | S4: ='1'!$G$62 -> 0.009 | T4: ='1'!$G$63 -> 16.409 | U4: ='1'!$G$64 -> 349.583 | V4: ='1'!$G$65 -> 391.424 | W4: ='1'!$G$66 -> 403.153 | X4: ='1'!$G$67 -> 797.33 | Y4: ='1'!$G$68 -> 382.552 | Z4: ='1'!$G$69 -> 290.272 | AA4: ='1'!$G$84 -> 564 | AB4: ='1'!$G$15 -> 510.757 | AC4: ='1'!$G$123 -> 212.69 | AD4: ='1'!$G$124 -> 0 | AE4: ='1'!$G$125 -> 67.31 | AF4: ='1'!$G$126 -> 28.5 | AG4: ='1'!$G$127 -> 0 | AH4: =AB4-SUM(AC4:AG4) -> 202.257 | AI4: ='1'!G140 -> 0 | AJ4: ='1'!$G$136 -> 0 | AK4: ='1'!$G$137 -> 0 | AL4: ='1'!$G$138 -> 8.09 | AM4: =SUM(AJ4:AL4) -> 8.09
A5: 44045 | B5: ='2'!G72 -> 9 | C5: ='2'!$G$73 -> 2 | D5: ='2'!$G$74 -> 17 | E5: ='2'!$G$75 -> 165 | F5: ='2'!$G$76 -> 61 | G5: ='2'!$G$77 -> 53 | H5: ='2'!$G$78 -> 367 | I5: ='2'!$G$79 -> 195 | J5: ='2'!$G$80 -> 284.17 | K5: ='2'!$G$81 -> 165 | L5: ='2'!$G$82 -> 18.6 | M5: ='2'!$G$58 -> 155.024 | N5: ='2'!$G$83 -> 340 | O5: ='2'!G86 -> 190.77 | P5: ='2'!G87 -> 31.4 | Q5: ='2'!G88 -> 130.41 | R5: ='2'!G89+'2'!G90 -> 80 | S5: ='2'!$G$62 -> 0 | T5: ='2'!$G$63 -> 16.681 | U5: ='2'!$G$64 -> 387.257 | V5: ='2'!$G$65 -> 407.843 | W5: ='2'!$G$66 -> 392.53 | X5: ='2'!$G$67 -> 714.61 | Y5: ='2'!$G$68 -> 377.768 | Z5: ='2'!$G$69 -> 286.811 | AA5: ='2'!$G$84 -> 542 | AB5: ='2'!$G$15 -> 605.862 | AC5: ='2'!$G$123 -> 194.656 | AD5: ='2'!$G$124 -> 0 | AE5: ='2'!$G$125 -> 63.3 | AF5: ='2'!$G$126 -> 16.8 | AG5: ='2'!$G$127 -> 0 | AH5: =AB5-SUM(AC5:AG5) -> 331.106 | AI5: ='2'!$G$140 -> 0.08 | AJ5: ='2'!$G$136 -> 5.81 | AK5: ='2'!$G$137 -> 0 | AL5: ='2'!$G$138 -> 0 | AM5: =SUM(AJ5:AL5) -> 5.81
A6: 44046 | B6: ='3'!G72 -> 8 | C6: ='3'!$G$73 -> 1 | D6: ='3'!$G$74 -> 16 | E6: ='3'!$G$75 -> 157 | F6: ='3'!$G$76 -> 57 | G6: ='3'!$G$77 -> 54 | H6: ='3'!$G$78 -> 319 | I6: ='3'!$G$79 -> 187 | J6: ='3'!$G$80 -> 297.88 | K6: ='3'!$G$81 -> 145.72 | L6: ='3'!$G$82 -> 18.18 | M6: ='3'!$G$58 -> 70.938 | N6: ='3'!$G$83 -> 330 | O6: ='3'!G86 -> 186.08 | P6: ='1'!G87 -> 35.2 | Q6: ='3'!G88 -> 97.78 | R6: ='3'!G89+'3'!G90 -> 64.5 | S6: ='3'!$G$62 -> -0.189 | T6: ='3'!$G$63 -> 15.91 | U6: ='3'!$G$64 -> 361.2325 | V6: ='3'!$G$65 -> 401.285 | W6: ='3'!$G$66 -> 376.965 | X6: ='3'!$G$67 -> 676.31 | Y6: ='3'!$G$68 -> 359.848 | Z6: ='3'!$G$69 -> 284.185 | AA6: ='3'!$G$84 -> 541 | AB6: ='3'!$G$15 -> 518.451 | AC6: ='3'!$G$123 -> 211.774 | AD6: ='3'!$G$124 -> 0 | AE6: ='3'!$G$125 -> 57.29 | AF6: ='3'!$G$126 -> 25.9 | AG6: ='3'!$G$127 -> 0 | AH6: =AB6-SUM(AC6:AG6) -> 223.487 | AI6: ='3'!$G$140 -> 0 | AJ6: ='3'!$G$136 -> 0 | AK6: ='3'!$G$137 -> -0.01 | AL6: ='3'!$G$138 -> 9.04 | AM6: =SUM(AJ6:AL6) -> 9.03
A7: 44047 | B7: ='4'!G72 -> 8 | C7: ='4'!$G$73 -> 1 | D7: ='4'!$G$74 -> 17 | E7: ='4'!$G$74 -> 17 | F7: ='4'!$G$76 -> 58 | G7: ='4'!$G$77 -> 45 | H7: ='4'!$G$78 -> 362 | I7: ='4'!$G$79 -> 191 | J7: ='4'!$G$80 -> 337.88 | K7: ='4'!$G$81 -> 161.6 | L7: ='4'!$G$82 -> 8.23 | M7: ='4'!$G$58 -> 197.845 | N7: ='4'!$G$83 -> 341 | O7: ='4'!G86 -> 206 | P7: ='4'!G87 -> 33.8 | Q7: ='4'!G88 -> 71.38 | R7: ='4'!G89+'4'!G90 -> 61.5 | S7: ='4'!$G$62 -> 0 | T7: ='4'!$G$63 -> 15.89 | U7: ='4'!$G$64 -> 373.9325 | V7: ='4'!$G$65 -> 405.895 | W7: ='4'!$G$66 -> 394.585 | X7: ='4'!$G$67 -> 754.11 | Y7: ='4'!$G$68 -> 370.003 | Z7: ='4'!$G$69 -> 290.535 | AA7: ='4'!$G$84 -> 505 | AB7: ='4'!$G$15 -> 691.176 | AC7: ='4'!$G$123 -> 207.006 | AD7: ='4'!$G$124 -> -0.2 | AE7: ='4'!$G$125 -> 104.19 | AF7: ='4'!$G$126 -> 29.6 | AG7: ='4'!$G$127 -> 0 | AH7: =AB7-SUM(AC7:AG7) -> 350.58 | AI7: ='4'!$G$140 -> 0 | AJ7: ='4'!$G$136 -> 5.77 | AK7: ='4'!$G$137 -> 0.01 | AL7: ='4'!$G$138 -> 0 | AM7: =SUM(AJ7:AL7) -> 5.78
A8: 44048 | B8: ='5'!G72 -> 8 | C8: ='5'!$G$73 -> 21 | D8: ='5'!$G$74 -> 25 | E8: ='5'!$G$75 -> 185 | F8: ='5'!$G$76 -> 60 | G8: ='5'!$G$77 -> 57 | H8: ='5'!$G$78 -> 449 | I8: ='5'!$G$79 -> 192 | J8: ='5'!$G$80 -> 358.28 | K8: ='5'!$G$81 -> 162.52 | L8: ='5'!$G$82 -> 27.67 | M8: ='5'!$G$58 -> 69.92 | N8: ='5'!$G$83 -> 346 | O8: ='5'!G86 -> 198.32 | P8: ='5'!G87 -> 19 | Q8: ='5'!G88 -> 42.81 | R8: ='5'!G89+'5'!G90 -> 53.6 | S8: ='5'!$G$62 -> 0 | T8: ='5'!$G$63 -> 15.15 | U8: ='5'!$G$64 -> 346.01 | V8: ='5'!$G$65 -> 385 | W8: ='5'!$G$66 -> 373.85 | X8: ='5'!$G$67 -> 667.66 | Y8: ='5'!$G$68 -> 358.1 | Z8: ='5'!$G$69 -> 285.56 | AA8: ='5'!$G$84 -> 611 | AB8: ='5'!$G$15 -> 640.456 | AC8: ='5'!$G$123 -> 200.365 | AD8: ='5'!$G$124 -> 0 | AE8: ='5'!$G$125 -> 93.3 | AF8: ='5'!$G$126 -> 32.7 | AG8: ='5'!$G$127 -> 0 | AH8: =AB8-SUM(AC8:AG8) -> 314.091 | AI8: ='5'!$G$140 -> 0 | AJ8: ='5'!$G$136 -> 3.27 | AK8: ='5'!$G$137 -> 0 | AL8: ='5'!$G$138 -> 4.13 | AM8: =SUM(AJ8:AL8) -> 7.4
A9: 44049 | B9: ='6'!G72 -> 8 | C9: ='6'!$G$73 -> 21 | D9: ='6'!$G$74 -> 20 | E9: ='6'!$G$75 -> 182 | F9: ='6'!$G$76 -> 64 | G9: ='6'!$G$77 -> 49 | H9: ='6'!$G$78 -> 408 | I9: ='6'!$G$79 -> 191 | J9: ='6'!$G$80 -> 336.52 | K9: ='6'!$G$81 -> 162.36 | L9: ='6'!$G$82 -> 8.91 | M9: ='6'!$G$58 -> 145.48 | N9: ='6'!$G$83 -> 327 | O9: ='6'!G86 -> 134.16 | P9: ='6'!G87 -> 9.1 | Q9: ='6'!G88 -> 59.23 | R9: ='6'!G89+'6'!G90 -> 55.5 | S9: ='6'!$G$62 -> 0 | T9: ='6'!$G$63 -> 15.75 | U9: ='6'!$G$64 -> 350.04 | V9: ='6'!$G$65 -> 398.81 | W9: ='6'!$G$66 -> 394.01 | X9: ='6'!$G$67 -> 701.37 | Y9: ='6'!$G$68 -> 367.37 | Z9: ='6'!$G$69 -> 298.02 | AA9: ='6'!$G$84 -> 553 | AB9: ='6'!$G$15 -> 745.697 | AC9: ='6'!$G$123 -> 206.989 | AD9: ='6'!$G$124 -> 0 | AE9: ='6'!$G$125 -> 110.44 | AF9: ='6'!$G$126 -> 28.5 | AG9: ='6'!$G$127 -> 0 | AH9: =AB9-SUM(AC9:AG9) -> 399.768 | AI9: ='6'!$G$140 -> 0 | AJ9: ='6'!$G$136 -> 6.98 | AK9: ='6'!$G$137 -> 0 | AL9: ='6'!$G$138 -> 0 | AM9: =SUM(AJ9:AL9) -> 6.98
A10: 44050 | B10: ='7'!G72 -> 16 | C10: ='7'!$G$73 -> 50 | D10: ='7'!$G$74 -> 64 | E10: ='7'!$G$75 -> 178 | F10: ='7'!$G$76 -> 84 | G10: ='7'!$G$77 -> 48 | H10: ='7'!$G$78 -> 434 | I10: ='7'!$G$79 -> 189 | J10: ='7'!$G$80 -> 356.92 | K10: ='7'!$G$81 -> 195.24 | L10: ='7'!$G$82 -> 28 | M10: ='7'!$G$58 -> 104.91 | N10: ='7'!$G$83 -> 351 | O10: ='7'!G86 -> 206.32 | P10: ='7'!G87 -> 29.3 | Q10: ='7'!G88 -> 66.62 | R10: ='7'!G89+'7'!G90 -> 61.8 | S10: ='7'!$G$62 -> 0 | T10: ='7'!$G$63 -> 14.41 | U10: ='7'!$G$64 -> 359.84 | V10: ='7'!$G$65 -> 410.75 | W10: ='7'!$G$66 -> 403.57 | X10: ='7'!$G$67 -> 766.07 | Y10: ='7'!$G$68 -> 362.33 | Z10: ='7'!$G$69 -> 293.18 | AA10: ='7'!$G$84 -> 531 | AB10: ='7'!$G$15 -> 709 | AC10: ='7'!$G$123 -> 181.95 | AD10: ='7'!$G$124 -> 0 | AE10: ='7'!$G$125 -> 105.66 | AF10: ='7'!$G$126 -> 32.1 | AG10: ='7'!$G$127 -> 0 | AH10: =AB10-SUM(AC10:AG10) -> 389.29 | AI10: ='7'!$G$140 -> 0 | AJ10: ='7'!$G$136 -> 3.89 | AK10: ='7'!$G$137 -> 0 | AL10: ='7'!$G$138 -> 6.46 | AM10: =SUM(AJ10:AL10) -> 10.35
A11: 44051 | B11: ='8'!G72 -> 75 | C11: ='8'!$G$73 -> 2 | D11: ='8'!$G$74 -> 71 | E11: ='8'!$G$75 -> 182 | F11: ='8'!$G$76 -> 75 | G11: ='8'!$G$77 -> 52 | H11: ='8'!$G$78 -> 437 | I11: ='8'!$G$79 -> 187 | J11: ='8'!$G$80 -> 324.32 | K11: ='8'!$G$81 -> 163.8 | L11: ='8'!$G$82 -> 41 | M11: ='8'!$G$58 -> 178.86 | N11: ='8'!$G$83 -> 368 | O11: ='8'!G86 -> 172.24 | P11: ='8'!G87 -> 34.7 | Q11: ='8'!G88 -> 79.39 | R11: ='8'!G89+'8'!G90 -> 59.6 | S11: ='8'!$G$62 -> 0 | T11: ='8'!$G$63 -> 12.72 | U11: ='8'!$G$64 -> 366.49 | V11: ='8'!$G$65 -> 382.77 | W11: ='8'!$G$66 -> 401.27 | X11: ='8'!$G$67 -> 732.79 | Y11: ='8'!$G$68 -> 318.44 | Z11: ='8'!$G$69 -> 294.54 | AA11: ='8'!$G$84 -> 579 | AB11: ='8'!$G$15 -> 776.34 | AC11: ='8'!$G$123 -> 187.08 | AD11: ='8'!$G$124 -> 0 | AE11: ='8'!$G$125 -> 77.67 | AF11: ='8'!$G$126 -> 22.1 | AG11: ='8'!$G$127 -> 0 | AH11: =AB11-SUM(AC11:AG11) -> 489.49 | AI11: ='8'!$G$140 -> 0 | AJ11: ='8'!$G$136 -> 9.24 | AK11: ='8'!$G$137 -> 0 | AL11: ='8'!$G$138 -> 0 | AM11: =SUM(AJ11:AL11) -> 9.24
A12: 44052 | B12: ='9'!G72 -> 72 | C12: ='9'!$G$73 -> 3 | D12: ='9'!$G$74 -> 29 | E12: ='9'!$G$75 -> 176 | F12: ='9'!$G$76 -> 97 | G12: ='9'!$G$77 -> 51 | H12: ='9'!$G$78 -> 459 | I12: ='9'!$G$79 -> 194 | J12: ='9'!$G$80 -> 344.4 | K12: ='9'!$G$81 -> 194.96 | L12: ='9'!$G$82 -> 43 | M12: ='9'!$G$58 -> 177.92 | N12: ='9'!$G$83 -> 380 | O12: ='9'!G86 -> 182 | P12: ='9'!G87 -> 31.3 | Q12: ='9'!G88 -> 84 | R12: ='9'!G89+'9'!H90 -> 52.1 | S12: ='9'!$G$62 -> 0 | T12: ='9'!$G$63 -> 12.42 | U12: ='9'!$G$64 -> 363.07 | V12: ='9'!$G$65 -> 411.05 | W12: ='9'!$G$66 -> 399.02 | X12: ='9'!$G$67 -> 770.67 | Y12: ='9'!$G$68 -> 337.3 | Z12: ='9'!$G$69 -> 297.03 | AA12: ='9'!$G$84 -> 548 | AB12: ='9'!$G$15 -> 820.59 | AC12: ='9'!$G$123 -> 185.25 | AD12: ='9'!$G$124 -> 0 | AE12: ='9'!$G$125 -> 102.13 | AF12: ='9'!$G$126 -> 37.2 | AG12: ='9'!$G$127 -> 0 | AH12: =AB12-SUM(AC12:AG12) -> 496.01 | AI12: ='9'!$G$140 -> 0 | AJ12: ='9'!$G$136 -> 8.82 | AK12: ='9'!$G$137 -> 0 | AL12: ='9'!$G$138 -> 0 | AM12: =SUM(AJ12:AL12) -> 8.82
A13: 44053 | B13: ='10'!G72 -> 190 | C13: ='10'!$G$73 -> 3 | D13: ='10'!$G$74 -> 28 | E13: ='10'!$G$75 -> 185 | F13: ='10'!$G$76 -> 100 | G13: ='10'!$G$77 -> 54 | H13: ='10'!$G$78 -> 430 | I13: ='10'!$G$79 -> 212 | J13: ='10'!$G$80 -> 324.36 | K13: ='10'!$G$81 -> 193 | L13: ='10'!$G$82 -> 23 | M13: ='10'!$G$58 -> 161.99 | N13: ='10'!$G$83 -> 349 | O13: ='10'!G86 -> 196.44 | P13: ='10'!G87 -> 34.8 | Q13: ='10'!G88 -> 69 | R13: ='10'!G87+'10'!H90 -> 39.5 | S13: ='10'!$G$62 -> 0 | T13: ='10'!$G$63 -> 12.09 | U13: ='10'!$G$64 -> 387.67 | V13: ='10'!$G$65 -> 425.23 | W13: ='10'!$G$66 -> 421.05 | X13: ='10'!$G$67 -> 747.2 | Y13: ='10'!$G$68 -> 345.91 | Z13: ='10'!$G$69 -> 303.33 | AA13: ='10'!$G$84 -> 554 | AB13: ='10'!$G$15 -> 827.65 | AC13: ='10'!$G$123 -> 213.99 | AD13: ='10'!$G$124 -> 0 | AE13: ='10'!$G$125 -> 111.53 | AF13: ='10'!$G$126 -> 29.6 | AG13: ='10'!$G$127 -> 0 | AH13: =AB13-SUM(AC13:AG13) -> 472.53 | AI13: ='10'!$G$140 -> 0 | AJ13: ='10'!$G$136 -> 8.37 | AK13: ='10'!$G$137 -> 0 | AL13: ='10'!$G$138 -> 0.04 | AM13: =SUM(AJ13:AL13) -> 8.41
A14: 44054 | B14: ='11'!G72 -> 190 | C14: ='11'!$G$73 -> 3 | D14: ='11'!$G$74 -> 28 | E14: ='11'!$G$75 -> 185 | F14: ='11'!$G$76 -> 100 | G14: ='11'!$G$77 -> 54 | H14: ='11'!$G$78 -> 430 | I14: ='11'!$G$79 -> 212 | J14: ='11'!$G$80 -> 324.36 | K14: ='11'!$G$81 -> 193 | L14: ='11'!$G$82 -> 23 | M14: ='11'!$G$58 -> 161.99 | N14: ='11'!$G$83 -> 349 | O14: ='11'!G86 -> 196.44 | P14: ='11'!G87 -> 34.8 | Q14: ='11'!G88 -> 69 | R14: ='11'!G87+'11'!H90 -> 39.5 | S14: ='11'!$G$62 -> 0 | T14: ='11'!$G$63 -> 12.09 | U14: ='11'!$G$64 -> 387.67 | V14: ='11'!$G$65 -> 425.23 | W14: ='11'!$G$66 -> 421.05 | X14: ='11'!$G$67 -> 747.2 | Y14: ='11'!$G$68 -> 345.91 | Z14: ='11'!$G$69 -> 303.33 | AA14: ='11'!$G$84 -> 554 | AB14: ='11'!$G$15 -> 827.65 | AC14: ='11'!$G$123 -> 213.99 | AD14: ='11'!$G$124 -> 0 | AE14: ='11'!$G$125 -> 111.53 | AF14: ='11'!$G$126 -> 29.6 | AG14: ='11'!$G$127 -> 0 | AH14: =AB14-SUM(AC14:AG14) -> 472.53 | AI14: ='11'!$G$140 -> 0 | AJ14: ='11'!$G$136 -> 8.37 | AK14: ='11'!$G$137 -> 0 | AL14: ='11'!$G$138 -> 0.04 | AM14: =SUM(AJ14:AL14) -> 8.41
A15: 44055 | B15: ='12'!G72 -> 140 | C15: ='12'!$G$73 -> 50 | D15: ='12'!$G$74 -> 25 | E15: ='12'!$G$75 -> 191 | F15: ='12'!$G$76 -> 116 | G15: ='12'!$G$77 -> 59 | H15: ='12'!$G$78 -> 368 | I15: ='12'!$G$79 -> 198 | J15: ='12'!$G$80 -> 357 | K15: ='12'!$G$81 -> 127 | L15: ='12'!$G$82 -> 78 | M15: ='12'!$G$58 -> 148.51 | N15: ='12'!$G$83 -> 380 | O15: ='12'!G86 -> 96 | P15: ='12'!G87 -> 30.1 | Q15: ='12'!G88 -> 42 | R15: ='12'!G87+'12'!H90 -> 31.2 | S15: ='12'!$G$62 -> 0 | T15: ='12'!$G$63 -> 11.81 | U15: ='12'!$G$64 -> 358.03 | V15: ='12'!$G$65 -> 418.76 | W15: ='12'!$G$66 -> 416.07 | X15: ='12'!$G$67 -> 741.18 | Y15: ='12'!$G$68 -> 360.67 | Z15: ='12'!$G$69 -> 299.59 | AA15: ='12'!$G$84 -> 523 | AB15: ='12'!$G$15 -> 790.01 | AC15: ='12'!$G$123 -> 199.63 | AD15: ='12'!$G$124 -> 0 | AE15: ='12'!$G$125 -> 86.84 | AF15: ='12'!$G$126 -> 37.2 | AG15: ='12'!$G$127 -> 3.4 | AH15: =AB15-SUM(AC15:AG15) -> 462.94 | AI15: ='12'!$G$140 -> 0 | AJ15: ='12'!$G$136 -> 8.1 | AK15: ='12'!$G$137 -> 0 | AL15: ='12'!$G$138 -> 0.88 | AM15: =SUM(AJ15:AL15) -> 8.98 | AO15: =AC15-AE15 -> 112.79
A16: 44056 | B16: ='13'!G72 -> 85 | C16: ='13'!$G$73 -> 2 | D16: ='13'!$G$74 -> 29 | E16: ='13'!$G$75 -> 188 | F16: ='13'!$G$76 -> 99 | G16: ='13'!$G$77 -> 57 | H16: ='13'!$G$78 -> 380 | I16: ='13'!$G$79 -> 190 | J16: ='13'!$G$80 -> 346.84 | K16: ='13'!$G$81 -> 154 | L16: ='13'!$G$82 -> 69.58 | M16: ='13'!$G$58 -> 132.09 | N16: ='13'!$G$83 -> 390 | O16: ='13'!G86 -> 24.64 | P16: ='13'!G87 -> 22.8 | Q16: ='13'!G88 -> 32 | R16: ='13'!G87+'13'!H90 -> 24.8 | S16: ='13'!$G$62 -> 0.18 | T16: ='13'!$G$63 -> 9.06 | U16: ='13'!$G$64 -> 358.37 | V16: ='13'!$G$65 -> 399.37 | W16: ='13'!$G$66 -> 407.62 | X16: ='13'!$G$67 -> 662.67 | Y16: ='13'!$G$68 -> 334.73 | Z16: ='13'!$G$69 -> 293.56 | AA16: ='13'!$G$84 -> 550 | AB16: ='13'!$G$15 -> 787 | AC16: ='13'!$G$123 -> 211.22 | AD16: ='13'!$G$124 -> 0 | AE16: ='13'!$G$125 -> 77.65 | AF16: ='13'!$G$126 -> 44 | AG16: ='13'!$G$127 -> 2.4 | AH16: =AB16-SUM(AC16:AG16) -> 451.73 | AI16: ='13'!$G$140 -> 0 | AJ16: ='13'!$G$136 -> 8.07 | AK16: ='13'!$G$137 -> 0 | AL16: ='13'!$G$138 -> 0 | AM16: =SUM(AJ16:AL16) -> 8.07 | AO16: =AC16-AH16 -> -240.51
A17: 44057 | B17: ='14'!G72 -> 74 | C17: ='14'!$G$73 -> 1 | D17: ='14'!$G$74 -> 29 | E17: ='14'!$G$75 -> 178 | F17: ='14'!$G$76 -> 82 | G17: ='14'!$G$77 -> 52 | H17: ='14'!$G$78 -> 352 | I17: ='14'!$G$79 -> 182 | J17: ='14'!$G$80 -> 330.16 | K17: ='14'!$G$81 -> 138 | L17: ='14'!$G$82 -> 45.42 | M17: ='14'!$G$58 -> 145 | N17: ='14'!$G$83 -> 375 | O17: ='14'!G86 -> 90.36 | P17: ='14'!G87 -> 35.1 | Q17: ='14'!G88 -> 74 | R17: ='14'!G87+'14'!H90 -> 35.4 | S17: ='14'!$G$62 -> 0 | T17: ='14'!$G$63 -> 4.48 | U17: ='14'!$G$64 -> 362 | V17: ='14'!$G$65 -> 396 | W17: ='14'!$G$66 -> 394.12 | X17: ='14'!$G$67 -> 697 | Y17: ='14'!$G$68 -> 341 | Z17: ='14'!$G$69 -> 282 | AA17: ='14'!$G$84 -> 535 | AB17: ='14'!$G$15 -> 786 | AC17: ='14'!$G$123 -> 213 | AD17: ='14'!$G$124 -> 0 | AE17: ='14'!$G$125 -> 70 | AF17: ='14'!$G$126 -> 23 | AG17: ='14'!$G$127 -> 0 | AH17: =AB17-SUM(AC17:AG17) -> 480 | AI17: ='14'!$G$140 -> 0 | AJ17: ='14'!$G$136 -> 8.71 | AK17: ='14'!$G$137 -> 0.06 | AL17: ='14'!$G$138 -> 0 | AM17: =SUM(AJ17:AL17) -> 8.77 | AO17: =AC17-AH17 -> -267
A18: 44058 | B18: ='15'!G72 -> 75 | C18: ='15'!$G$73 -> 1 | D18: ='15'!$G$74 -> 30 | E18: ='15'!$G$75 -> 171 | F18: ='15'!$G$76 -> 83 | G18: ='15'!$G$77 -> 53 | H18: ='15'!$G$78 -> 459 | I18: ='15'!$G$79 -> 186 | J18: ='15'!$G$80 -> 356 | K18: ='15'!$G$81 -> 149 | L18: ='15'!$G$82 -> 44 | M18: ='15'!$G$58 -> 135 | N18: ='15'!$G$83 -> 356 | O18: ='15'!G86 -> 139 | P18: ='15'!G87 -> 37 | Q18: ='15'!G88 -> 84 | R18: ='15'!G87+'15'!H90 -> 40 | S18: ='15'!$G$62 -> 0 | T18: ='15'!$G$63 -> 4 | U18: ='15'!$G$64 -> 365 | V18: ='15'!$G$65 -> 382 | W18: ='15'!$G$66 -> 406 | X18: ='15'!$G$67 -> 742 | Y18: ='15'!$G$68 -> 362 | Z18: ='15'!$G$69 -> 291 | AA18: ='15'!$G$84 -> 562 | AB18: ='15'!$G$15 -> 719 | AC18: ='15'!$G$123 -> 236 | AD18: ='15'!$G$124 -> 0 | AE18: ='15'!$G$125 -> 54 | AF18: ='15'!$G$126 -> 26 | AG18: ='15'!$G$127 -> 3 | AH18: =AB18-SUM(AC18:AG18) -> 400 | AI18: ='15'!$G$140 -> 0 | AJ18: ='15'!$G$136 -> 7.49 | AK18: ='15'!$G$137 -> 0 | AL18: ='15'!$G$138 -> 0 | AM18: =SUM(AJ18:AL18) -> 7.49 | AO18: =AC18-AH18 -> -164
A19: 44059 | B19: ='16'!G72 -> 80 | C19: ='16'!$G$73 -> 3 | D19: ='16'!$G$74 -> 24 | E19: ='16'!$G$75 -> 176 | F19: ='16'!$G$76 -> 100 | G19: ='16'!$G$77 -> 54 | H19: ='16'!$G$78 -> 412 | I19: ='16'!$G$79 -> 193 | J19: ='16'!$G$80 -> 271.4 | K19: ='16'!$G$81 -> 109.64 | L19: ='16'!$G$82 -> 11 | M19: ='16'!$G$58 -> 28 | N19: ='16'!$G$83 -> 333 | O19: ='16'!G86 -> 127 | P19: ='16'!G87 -> 33 | Q19: ='16'!G88 -> 67 | R19: ='16'!G87+'16'!H90 -> 42 | S19: ='16'!$G$62 -> 0 | T19: ='16'!$G$63 -> 4 | U19: ='16'!$G$64 -> 387 | V19: ='16'!$G$65 -> 387 | W19: ='16'!$G$66 -> 400 | X19: ='16'!$G$67 -> 732 | Y19: ='16'!$G$68 -> 366 | Z19: ='16'!$G$69 -> 299 | AA19: ='16'!$G$84 -> 447 | AB19: ='16'!$G$15 -> 410 | AC19: ='16'!$G$123 -> 216 | AD19: ='16'!$G$124 -> -0.1 | AE19: ='16'!$G$125 -> 59 | AF19: ='16'!$G$126 -> 33 | AG19: ='16'!$G$127 -> 0 | AH19: =AB19-SUM(AC19:AG19) -> 102.1 | AI19: ='16'!$G$140 -> 0 | AJ19: ='16'!$G$136 -> 0.05 | AK19: ='16'!$G$137 -> 0 | AL19: ='16'!$G$138 -> 0 | AM19: =SUM(AJ19:AL19) -> 0.05 | AO19: =AC19-AH19 -> 113.9
A20: 44060 | B20: ='18'!G72 -> 52 | C20: ='17'!$G$73 -> 1 | D20: ='17'!$G$74 -> 27 | E20: ='17'!$G$75 -> 165 | F20: ='17'!$G$76 -> 72 | G20: ='17'!$G$77 -> 60 | H20: ='17'!$G$78 -> 400 | I20: ='17'!$G$79 -> 186 | J20: ='17'!$G$80 -> 312.6 | K20: ='17'!$G$81 -> 154.36 | L20: ='17'!$G$82 -> 59 | M20: ='17'!$G$58 -> 152 | N20: ='17'!$G$83 -> 341 | O20: ='17'!G86 -> 133 | P20: ='17'!G87 -> 32 | Q20: ='17'!G88 -> 73 | R20: ='17'!G87+'17'!H90 -> 35 | S20: ='17'!$G$62 -> 0 | T20: ='17'!$G$63 -> 4 | U20: ='17'!$G$64 -> 366 | V20: ='17'!$G$65 -> 376 | W20: ='17'!$G$66 -> 384 | X20: ='17'!$G$67 -> 711 | Y20: ='17'!$G$68 -> 359 | Z20: ='17'!$G$69 -> 288 | AA20: ='17'!$G$84 -> 516 | AB20: ='17'!$G$15 -> 787 | AC20: ='17'!$G$123 -> 193 | AD20: ='17'!$G$124 -> 0 | AE20: ='17'!$G$125 -> 71 | AF20: ='17'!$G$126 -> 38 | AG20: ='17'!$G$127 -> 4 | AH20: =AB20-SUM(AC20:AG20) -> 481 | AI20: ='17'!$G$140 -> 0 | AJ20: ='17'!$G$136 -> 0 | AK20: ='17'!$G$137 -> 8.19 | AL20: ='17'!$G$138 -> 2.33 | AM20: =SUM(AJ20:AL20) -> 10.52 | AO20: =AC20-AH20 -> -288
A21: 44061 | B21: ='18'!G72 -> 52 | C21: ='18'!$G$73 -> 2 | D21: ='18'!$G$74 -> 27 | E21: ='18'!$G$75 -> 175 | F21: ='18'!$G$76 -> 111 | G21: ='18'!$G$77 -> 50 | H21: ='18'!$G$78 -> 440 | I21: ='18'!$G$79 -> 184 | J21: ='18'!$G$80 -> 292 | K21: ='18'!$G$81 -> 172 | L21: ='18'!$G$82 -> 25 | M21: ='18'!$G$58 -> 25 | N21: ='18'!$G$83 -> 306 | O21: ='18'!G86 -> 145 | P21: ='18'!G87 -> 35 | Q21: ='18'!G88 -> 84 | R21: ='18'!G87+'18'!H90 -> 41 | S21: ='18'!$G$62 -> 0 | T21: ='18'!$G$63 -> 4 | U21: ='18'!$G$64 -> 366 | V21: ='18'!$G$65 -> 378 | W21: ='18'!$G$66 -> 390 | X21: ='18'!$G$67 -> 728 | Y21: ='18'!$G$68 -> 342 | Z21: ='18'!$G$69 -> 288 | AA21: ='18'!$G$84 -> 483 | AB21: ='18'!$G$15 -> 539 | AC21: ='18'!$G$123 -> 206 | AD21: ='18'!$G$124 -> 0 | AE21: ='18'!$G$125 -> 92 | AF21: ='18'!$G$126 -> 42 | AG21: ='18'!$G$127 -> 5 | AH21: =AB21-SUM(AC21:AG21) -> 194 | AI21: ='18'!$G$140 -> 0 | AJ21: ='18'!$G$136 -> -0.05 | AK21: ='18'!$G$137 -> 0 | AL21: ='18'!$G$138 -> 6.14 | AM21: =SUM(AJ21:AL21) -> 6.09 | AO21: =AC21-AH21 -> 12
A22: 44062 | B22: ='19'!G72 -> 78 | C22: ='19'!$G$73 -> 41 | D22: ='19'!$G$74 -> 54 | E22: ='19'!$G$75 -> 177 | F22: ='19'!$G$76 -> 83 | G22: ='19'!$G$77 -> 58 | H22: ='19'!$G$78 -> 445 | I22: ='19'!$G$79 -> 175 | J22: ='19'!$G$80 -> 304 | K22: ='19'!$G$81 -> 161 | L22: ='19'!$G$82 -> 32.12 | M22: ='19'!$G$58 -> 80 | N22: ='19'!$G$83 -> 376 | O22: ='19'!G86 -> 78 | P22: ='19'!G87 -> 12 | Q22: ='19'!G88 -> 28 | R22: ='19'!G87+'19'!H90 -> 13 | S22: ='19'!$G$62 -> 0 | T22: ='19'!$G$63 -> 3.28 | U22: ='19'!$G$64 -> 375 | V22: ='19'!$G$65 -> 384 | W22: ='19'!$G$66 -> 409 | X22: ='19'!$G$67 -> 643 | Y22: ='19'!$G$68 -> 327 | Z22: ='19'!$G$69 -> 279 | AA22: ='19'!$G$84 -> 456 | AB22: ='19'!$G$15 -> 547.31 | AC22: ='19'!$G$123 -> 231 | AD22: ='19'!$G$124 -> 0 | AE22: ='19'!$G$125 -> 64.42 | AF22: ='19'!$G$126 -> 40 | AG22: ='19'!$G$127 -> 1 | AH22: =AB22-SUM(AC22:AG22) -> 210.89 | AI22: ='19'!$G$140 -> 0 | AJ22: ='19'!$G$136 -> 0 | AK22: ='19'!$G$137 -> 0 | AL22: ='19'!$G$138 -> 5.51 | AM22: =SUM(AJ22:AL22) -> 5.51 | AO22: =AC22-AH22 -> 20.11
A23: 44063 | B23: ='20'!G72 -> 78 | C23: ='20'!$G$73 -> 41 | D23: ='20'!$G$74 -> 54 | E23: ='20'!$G$75 -> 177 | F23: ='20'!$G$76 -> 83 | G23: ='20'!$G$77 -> 58 | H23: ='20'!$G$78 -> 445 | I23: ='20'!$G$79 -> 175 | J23: ='20'!$G$80 -> 304 | K23: ='20'!$G$81 -> 161 | L23: ='20'!$G$82 -> 32.12 | M23: ='20'!$G$58 -> 80 | N23: ='20'!$G$83 -> 376 | O23: ='20'!G86 -> 78 | P23: ='20'!G87 -> 12 | Q23: ='20'!G88 -> 28 | R23: ='20'!G87+'20'!H90 -> 13 | S23: ='20'!$G$62 -> 0 | T23: ='20'!$G$63 -> 3.28 | U23: ='20'!$G$64 -> 375 | V23: ='20'!$G$65 -> 384 | W23: ='20'!$G$66 -> 409 | X23: ='20'!$G$67 -> 643 | Y23: ='20'!$G$68 -> 327 | Z23: ='20'!$G$69 -> 279 | AA23: ='20'!$G$84 -> 456 | AB23: ='20'!$G$15 -> 547.31 | AC23: ='20'!$G$123 -> 231 | AD23: ='20'!$G$124 -> 0 | AE23: ='20'!$G$125 -> 64.42 | AF23: ='20'!$G$126 -> 40 | AG23: ='20'!$G$127 -> 1 | AH23: =AB23-SUM(AC23:AG23) -> 210.89 | AI23: ='20'!$G$140 -> 0 | AJ23: ='20'!$G$136 -> 0 | AK23: ='20'!$G$137 -> 0 | AL23: ='20'!$G$138 -> 5.51 | AM23: =SUM(AJ23:AL23) -> 5.51 | AO23: =AC23-AH23 -> 20.11
A24: 44064 | B24: ='21'!G72 -> 62 | C24: ='21'!$G$73 -> 2 | D24: ='21'!$G$74 -> 40 | E24: ='21'!$G$75 -> 172 | F24: ='21'!$G$76 -> 94 | G24: ='21'!$G$77 -> 54 | H24: ='21'!$G$78 -> 449 | I24: ='21'!$G$79 -> 185 | J24: ='21'!$G$80 -> 324 | K24: ='21'!$G$81 -> 178 | L24: ='21'!$G$82 -> 24 | M24: ='21'!$G$58 -> 241 | N24: ='21'!$G$83 -> 357 | O24: ='21'!G86 -> 123 | P24: ='21'!G87 -> 32 | Q24: ='21'!G88 -> 77 | R24: ='21'!G87+'21'!H90 -> 36 | S24: ='21'!$G$62 -> 0 | T24: ='21'!$G$63 -> 5 | U24: ='21'!$G$64 -> 395 | V24: ='21'!$G$65 -> 380 | W24: ='21'!$G$66 -> 408 | X24: ='21'!$G$67 -> 858 | Y24: ='21'!$G$68 -> 316 | Z24: ='21'!$G$69 -> 282 | AA24: ='21'!$G$84 -> 504 | AB24: ='21'!$G$15 -> 812 | AC24: ='21'!$G$123 -> 196 | AD24: ='21'!$G$124 -> 0 | AE24: ='21'!$G$125 -> 58 | AF24: ='21'!$G$126 -> 45 | AG24: ='21'!$G$127 -> 2 | AH24: =AB24-SUM(AC24:AG24) -> 511 | AI24: ='21'!$G$140 -> 0 | AJ24: ='21'!$G$136 -> 0 | AK24: ='21'!$G$137 -> 9.82 | AL24: ='21'!$G$138 -> 2 | AM24: =SUM(AJ24:AL24) -> 11.82 | AO24: =AC24-AH24 -> -315
A25: 44065 | B25: ='22'!G72 -> 103 | C25: ='22'!$G$73 -> 1 | D25: ='22'!$G$74 -> 40 | E25: ='22'!$G$75 -> 160 | F25: ='22'!$G$76 -> 80 | G25: ='22'!$G$77 -> 50 | H25: ='22'!$G$78 -> 394 | I25: ='22'!$G$79 -> 186 | J25: ='22'!$G$80 -> 300 | K25: ='22'!$G$81 -> 157 | L25: ='22'!$G$82 -> 13 | M25: ='22'!$G$58 -> 313 | N25: ='22'!$G$83 -> 322 | O25: ='22'!G86 -> 119 | P25: ='22'!G87 -> 37 | Q25: ='22'!G88 -> 64 | R25: ='22'!G87+'22'!H90 -> 43 | S25: ='22'!$G$62 -> 0 | T25: ='22'!$G$63 -> 4 | U25: ='22'!$G$64 -> 441 | V25: ='22'!$G$65 -> 395 | W25: ='22'!$G$66 -> 424 | X25: ='22'!$G$67 -> 683 | Y25: ='22'!$G$68 -> 319 | Z25: ='22'!$G$69 -> 288 | AA25: ='22'!$G$84 -> 510 | AB25: ='22'!$G$15 -> 691 | AC25: ='22'!$G$123 -> 218 | AD25: ='22'!$G$124 -> 0 | AE25: ='22'!$G$125 -> 80 | AF25: ='22'!$G$126 -> 21 | AG25: ='22'!$G$127 -> 1 | AH25: =AB25-SUM(AC25:AG25) -> 371 | AI25: ='22'!$G$140 -> 7.28 | AJ25: ='22'!$G$136 -> 7.12 | AK25: ='22'!$G$137 -> -0.01 | AL25: ='22'!$G$138 -> 0 | AM25: =SUM(AJ25:AL25) -> 7.11 | AO25: =AC25-AH25 -> -153
A26: 44066 | B26: ='23'!G72 -> 65 | C26: ='23'!G72 -> 65 | D26: ='23'!$G$74 -> 35 | E26: ='23'!$G$75 -> 174 | F26: ='23'!$G$76 -> 81 | G26: ='23'!$G$77 -> 52 | H26: ='23'!$G$78 -> 363 | I26: ='23'!$G$79 -> 172 | J26: ='23'!$G$80 -> 285 | K26: ='23'!$G$81 -> 162 | L26: ='23'!$G$82 -> 31 | M26: ='23'!$G$58 -> 262 | N26: ='23'!$G$83 -> 336 | O26: ='23'!$G$86 -> 118 | P26: ='23'!G87 -> 37 | Q26: ='23'!G88 -> 91 | R26: ='23'!G87+'23'!H90 -> 41 | S26: ='23'!$G$62 -> -0.2 | T26: ='23'!$G$63 -> 4 | U26: ='23'!$G$64 -> 392 | V26: ='23'!$G$65 -> 401 | W26: ='23'!$G$66 -> 399 | X26: ='23'!$G$67 -> 694 | Y26: ='23'!$G$68 -> 324 | Z26: ='23'!$G$69 -> 282 | AA26: ='23'!$G$84 -> 464 | AB26: ='23'!$G$15 -> 725 | AC26: ='23'!$G$123 -> 195 | AD26: ='23'!$G$124 -> 0 | AE26: ='23'!$G$125 -> 57 | AF26: ='23'!$G$126 -> 36 | AG26: ='23'!$G$127 -> 2 | AH26: =AB26-SUM(AC26:AG26) -> 435 | AI26: ='23'!$G$140 -> 6.5 | AJ26: ='23'!$G$136 -> 0 | AK26: ='23'!$G$137 -> 8.09 | AL26: ='23'!$G$138 -> 0 | AM26: =SUM(AJ26:AL26) -> 8.09 | AO26: =AC26-AH26 -> -240
A27: 44067 | B27: ='23'!G73 -> 2 | C27: ='23'!G73 -> 2 | D27: ='24'!$G$74 -> 37 | E27: ='24'!$G$75 -> 180 | F27: ='24'!$G$76 -> 78 | G27: ='24'!$G$77 -> 49 | H27: ='24'!$G$78 -> 354 | I27: ='24'!$G$79 -> 171 | J27: ='24'!$G$80 -> 281 | K27: ='24'!$G$81 -> 158 | L27: ='24'!$G$82 -> 16 | M27: ='24'!$G$58 -> 197 | N27: ='24'!$G$83 -> 330 | O27: ='24'!G86 -> 107 | P27: ='24'!G87 -> 30 | Q27: ='24'!G88 -> 100 | R27: ='24'!G87+'24'!H90 -> 33 | S27: ='24'!$G$62 -> 0.18 | T27: ='24'!$G$63 -> 2 | U27: ='24'!$G$64 -> 376 | V27: ='24'!$G$65 -> 405 | W27: ='24'!$G$66 -> 395 | X27: ='24'!$G$67 -> 696 | Y27: ='24'!$G$68 -> 329 | Z27: ='24'!$G$69 -> 285 | AA27: ='24'!$G$84 -> 477 | AB27: ='24'!$G$15 -> 719 | AC27: ='24'!$G$123 -> 215 | AD27: ='24'!$G$124 -> 0 | AE27: ='24'!$G$125 -> 93 | AF27: ='24'!$G$126 -> 40 | AG27: ='24'!$G$127 -> 2 | AH27: =AB27-SUM(AC27:AG27) -> 369 | AI27: ='24'!$G$140 -> 7.15 | AJ27: ='24'!$G$136 -> 3.05 | AK27: ='24'!$G$137 -> 1 | AL27: ='24'!$G$138 -> 3.15 | AM27: =SUM(AJ27:AL27) -> 7.2 | AO27: =AC27-AH27 -> -154
A28: 44068 | B28: ='25'!G72 -> 110 | C28: ='25'!$G$73 -> 2 | D28: ='25'!$G$74 -> 44 | E28: ='25'!$G$75 -> 179 | F28: ='25'!$G$76 -> 81 | G28: ='25'!$G$77 -> 45 | H28: ='25'!$G$78 -> 374 | I28: ='25'!$G$79 -> 190 | J28: ='25'!$G$80 -> 354 | K28: ='25'!$G$81 -> 179 | L28: ='25'!$G$82 -> 19 | M28: ='25'!$G$58 -> 156.49 | N28: ='25'!$G$83 -> 361 | O28: ='25'!G86 -> 42 | P28: ='25'!G87 -> 17 | Q28: ='25'!G88 -> 32 | R28: ='25'!G87+'25'!H90 -> 18 | S28: ='25'!$G$62 -> 0 | T28: ='25'!$G$63 -> 4.64 | U28: ='25'!$G$64 -> 365.81 | V28: ='25'!$G$65 -> 409.01 | W28: ='25'!$G$66 -> 414 | X28: ='25'!$G$67 -> 718.42 | Y28: ='25'!$G$68 -> 296.913 | Z28: ='25'!$G$69 -> 292.79 | AA28: ='25'!$G$84 -> 454 | AB28: ='25'!$G$15 -> 712.52 | AC28: ='25'!$G$123 -> 243.08 | AD28: ='25'!$G$124 -> 0 | AE28: ='25'!$G$125 -> 91.66 | AF28: ='25'!$G$126 -> 45.3 | AG28: ='25'!$G$127 -> 5.5 | AH28: =AB28-SUM(AC28:AG28) -> 326.98 | AI28: ='25'!$G$140 -> 8.02 | AJ28: ='25'!$G$136 -> 4.4 | AK28: ='25'!$G$137 -> 0 | AL28: ='25'!$G$138 -> 2.22 | AM28: =SUM(AJ28:AL28) -> 6.62 | AO28: =AC28-AH28 -> -83.9
A29: 44069 | B29: ='26'!G72 -> 98 | C29: ='26'!$G$73 -> 3 | D29: ='26'!$G$74 -> 45 | E29: ='26'!$G$75 -> 181 | F29: ='26'!$G$76 -> 68 | G29: ='26'!$G$77 -> 69 | H29: ='26'!$G$78 -> 468 | I29: ='26'!$G$79 -> 190 | J29: ='26'!$G$80 -> 363.64 | K29: ='26'!$G$81 -> 172.64 | L29: ='26'!$G$82 -> 35.47 | M29: ='26'!$G$58 -> 183.49 | N29: ='26'!$G$83 -> 390 | O29: ='26'!G86 -> 117 | P29: ='26'!G87 -> 11.2 | Q29: ='26'!G88 -> 59 | R29: ='26'!G87+'26'!H90 -> 12.4 | S29: ='26'!$G$62 -> 0 | T29: ='26'!$G$63 -> 4.21 | U29: ='26'!$G$64 -> 366.1 | V29: ='26'!$G$65 -> 422.05 | W29: ='26'!$G$66 -> 419.45 | X29: ='26'!$G$67 -> 713.92 | Y29: ='26'!$G$68 -> 294.807 | Z29: ='26'!$G$69 -> 283.69 | AA29: ='26'!$G$84 -> 515 | AB29: ='26'!$G$15 -> 822.59 | AC29: ='26'!$G$123 -> 225.62 | AD29: ='26'!$G$124 -> 0.3 | AE29: ='26'!$G$125 -> 89.36 | AF29: ='26'!$G$126 -> 37.4 | AG29: ='26'!$G$127 -> 1.8 | AH29: =AB29-SUM(AC29:AG29) -> 468.11 | AI29: ='26'!$G$140 -> 7.47 | AJ29: ='26'!$G$136 -> 8.06 | AK29: ='26'!$G$137 -> 0 | AL29: ='26'!$G$138 -> 0 | AM29: =SUM(AJ29:AL29) -> 8.06 | AO29: =AC29-AH29 -> -242.49
A30: 44070 | B30: ='27'!G72 -> 111 | C30: ='27'!$G$73 -> 2 | D30: ='27'!$G$74 -> 58 | E30: ='27'!$G$75 -> 180 | F30: ='27'!$G$76 -> 56 | G30: ='27'!$G$77 -> 56 | H30: ='27'!$G$78 -> 435 | I30: ='27'!$G$79 -> 189 | J30: ='27'!$G$80 -> 332.36 | K30: ='27'!$G$81 -> 140.36 | L30: ='27'!$G$82 -> 7.53 | M30: ='27'!$G$58 -> 221.09 | N30: ='27'!$G$83 -> 363 | O30: ='27'!G86 -> 65 | P30: ='27'!G87 -> 7.5 | Q30: ='27'!G88 -> 33 | R30: ='27'!G87+'27'!H90 -> 8.4 | S30: ='27'!$G$62 -> -0.18 | T30: ='27'!$G$63 -> 4.15 | U30: ='27'!$G$64 -> 372.11 | V30: ='27'!$G$65 -> 441.8 | W30: ='27'!$G$66 -> 414.4 | X30: ='27'!$G$67 -> 762.95 | Y30: ='27'!$G$68 -> 303.15 | Z30: ='27'!$G$69 -> 285.15 | AA30: ='27'!$G$84 -> 464 | AB30: ='27'!$G$15 -> 702.03 | AC30: ='27'!$G$123 -> 220.97 | AD30: ='27'!$G$124 -> -0.3 | AE30: ='27'!$G$125 -> 85.8 | AF30: ='27'!$G$126 -> 32.7 | AG30: ='27'!$G$127 -> 4.1 | AH30: =AB30-SUM(AC30:AG30) -> 358.76 | AI30: ='27'!$G$140 -> 7.35 | AJ30: ='27'!$G$136 -> 0 | AK30: ='27'!$G$137 -> 6.1 | AL30: ='27'!$G$138 -> 0 | AM30: =SUM(AJ30:AL30) -> 6.1 | AO30: =AC30-AH30 -> -137.79
A31: 44071 | B31: ='28'!G72 -> 86 | C31: ='28'!$G$73 -> 2 | D31: ='28'!$G$74 -> 35 | E31: ='28'!$G$75 -> 180 | F31: ='28'!$G$76 -> 65 | G31: ='28'!$G$77 -> 61 | H31: ='28'!$G$78 -> 377 | I31: ='28'!$G$79 -> 184 | J31: ='28'!$G$80 -> 317 | K31: ='28'!$G$81 -> 137 | L31: ='28'!$G$82 -> 32 | M31: ='28'!$G$58 -> 218.48 | N31: ='28'!$G$83 -> 345 | O31: ='28'!G86 -> 81 | P31: ='28'!G87 -> 24 | Q31: ='28'!G88 -> 51 | R31: ='28'!G87+'28'!H90 -> 27.4 | S31: ='28'!$G$62 -> 0.187 | T31: ='28'!$G$63 -> 4.27 | U31: ='28'!$G$64 -> 378.9 | V31: ='28'!$G$65 -> 411.39 | W31: ='28'!$G$66 -> 394.47 | X31: ='28'!$G$67 -> 699.28 | Y31: ='28'!$G$68 -> 333.35 | Z31: ='28'!$G$69 -> 288.82 | AA31: ='28'!$G$84 -> 482 | AB31: ='28'!$G$15 -> 776.81 | AC31: ='28'!$G$123 -> 210.76 | AD31: ='28'!$G$124 -> 0.1 | AE31: ='28'!$G$125 -> 65.08 | AF31: ='28'!$G$126 -> 7.7 | AG31: ='28'!$G$127 -> 0.6 | AH31: =AB31-SUM(AC31:AG31) -> 492.57 | AI31: ='28'!$G$140 -> 6.9 | AJ31: ='28'!$G$136 -> 0 | AK31: ='28'!$G$137 -> 8.74 | AL31: ='28'!$G$138 -> 0 | AM31: =SUM(AJ31:AL31) -> 8.74 | AO31: =AC31-AH31 -> -281.81
A32: 44072 | B32: ='29'!G72 -> 64 | C32: ='29'!$G$73 -> 1 | D32: ='29'!$G$74 -> 34 | E32: ='29'!$G$75 -> 158 | F32: ='29'!$G$76 -> 103 | G32: ='29'!$G$77 -> 55 | H32: ='29'!$G$78 -> 359 | I32: ='29'!$G$79 -> 190 | J32: ='29'!$G$80 -> 301 | K32: ='29'!$G$81 -> 115 | L32: ='29'!$G$82 -> 9 | M32: ='29'!$G$58 -> 188.52 | N32: ='29'!$G$83 -> 338 | O32: ='29'!G86 -> 79 | P32: ='29'!G87 -> 22.7 | Q32: ='29'!G88 -> 75 | R32: ='29'!G87+'29'!H90 -> 25.7 | S32: ='29'!$G$62 -> -0.007 | T32: ='29'!$G$63 -> 3.73 | U32: ='29'!$G$64 -> 396.78 | V32: ='29'!$G$65 -> 400.75 | W32: ='29'!$G$66 -> 365.13 | X32: ='29'!$G$67 -> 636.43 | Y32: ='29'!$G$68 -> 305.78 | Z32: ='29'!$G$69 -> 285.45 | AA32: ='29'!$G$84 -> 481 | AB32: ='29'!$G$15 -> 690.05 | AC32: ='29'!$G$123 -> 248.57 | AD32: ='29'!$G$124 -> 0.2 | AE32: ='29'!$G$125 -> 56.1 | AF32: ='29'!$G$126 -> 50.7 | AG32: ='29'!$G$127 -> 0 | AH32: =AB32-SUM(AC32:AG32) -> 334.48 | AI32: ='29'!$G$140 -> 8.2 | AJ32: ='29'!$G$136 -> 5.82 | AK32: ='29'!$G$137 -> 0 | AL32: ='29'!$G$138 -> 0 | AM32: =SUM(AJ32:AL32) -> 5.82 | AO32: =AC32-AH32 -> -85.91
A33: 44073 | B33: ='30'!G72 -> 94 | C33: ='30'!$G$73 -> 2 | D33: ='30'!$G$74 -> 31 | E33: ='30'!$G$75 -> 160 | F33: ='30'!$G$76 -> 115 | G33: ='30'!$G$77 -> 57 | H33: ='30'!$G$78 -> 325 | I33: ='30'!$G$79 -> 177 | J33: ='30'!$G$80 -> 313.88 | K33: ='30'!$G$81 -> 124.04 | L33: ='30'!$G$82 -> 35 | M33: ='30'!$G$58 -> 159.06 | N33: ='30'!$G$83 -> 313 | O33: ='30'!G86 -> 41.84 | P33: ='30'!G87 -> 24.9 | Q33: ='30'!G88 -> 61.53 | R33: ='30'!G87+'30'!H90 -> 27.9 | S33: ='30'!$G$62 -> 0 | T33: ='30'!$G$63 -> 4.73 | U33: ='30'!$G$64 -> 454.74 | V33: ='30'!$G$65 -> 398.86 | W33: ='30'!$G$66 -> 371.09 | X33: ='30'!$G$67 -> 598.62 | Y33: ='30'!$G$68 -> 261.82 | Z33: ='30'!$G$69 -> 276.54 | AA33: ='30'!$G$84 -> 483 | AB33: ='30'!$G$15 -> 786 | AC33: ='30'!$G$123 -> 264.7 | AD33: ='30'!$G$124 -> 0 | AE33: ='30'!$G$125 -> 64 | AF33: ='30'!$G$126 -> 30.5 | AG33: ='30'!$G$127 -> 2 | AH33: =AB33-SUM(AC33:AG33) -> 424.8 | AI33: ='30'!$G$140 -> 8.72 | AJ33: ='30'!$G$136 -> 0 | AK33: ='30'!$G$137 -> 7.74 | AL33: ='30'!$G$138 -> 0 | AM33: =SUM(AJ33:AL33) -> 7.74 | AO33: =AC33-AH33 -> -160.1
A34: 44074 | B34: ='31'!G72 -> -3044 | C34: ='31'!$G$73 -> -528 | D34: ='31'!$G$74 -> -2595 | E34: ='31'!$G$74 -> -2595 | F34: ='31'!$G$76 -> -6201 | G34: ='31'!$G$77 -> -5796 | H34: ='31'!$G$78 -> -30669 | I34: ='31'!$G$79 -> -19453 | J34: ='31'!$G$80 -> -33223.88 | K34: ='31'!$G$81 -> -15275.04 | L34: ='31'!$G$82 -> -2587 | M34: ='31'!$G$58 -> -11016.76 | N34: ='31'!$G$83 -> -35382 | O34: ='31'!G86 -> -17204 | P34: ='31'!G88 -> -9209.53 | Q34: ='31'!G89 -> -7642.9 | R34: ='31'!G87+'31'!H90 -> -3583.3 | S34: ='31'!$G$62 -> 0.009 | T34: ='31'!$G$63 -> 13056.75 | U34: ='31'!$G$64 -> -38976.54 | V34: ='31'!$G$65 -> -46632.5 | W34: ='31'!$G$66 -> 53840.38 | X34: ='31'!$G$67 -> -70946.65 | Y34: ='31'!$G$68 -> -36681.31 | Z34: ='31'!$G$69 -> -23836.73 | AA34: ='31'!$G$84 -> -59904 | AB34: ='31'!$G$15 -> -65260.94 | AC34: ='31'!$G$123 -> -22557.28 | AD34: ='31'!$G$124 -> -1.2 | AE34: ='31'!$G$125 -> -8505 | AF34: ='31'!$G$126 -> -2439.3 | AG34: ='31'!$G$127 -> -62 | AH34: =AB34-SUM(AC34:AG34) -> -31696.16 | AI34: ='31'!$G$140 -> -111.41 | AJ34: ='31'!$G$136 -> -273.01 | AK34: ='31'!$G$137 -> -152.05 | AL34: ='31'!$G$138 -> -288.16 | AM34: =SUM(AJ34:AL34) -> -713.22 | AO34: =AC34-AH34 -> 9138.88
AC36: 24th Sep | AD36: 191
AD37: 88
AD38: =SUM(AD36:AD37) -> 279 | AE38: Today | AF38: 335
AC40: HWG AVG | AD40: 168
AE41: 20 cub extra
AC42: INR | AD42: =20*38.68 -> 773.6 | AE42: Extra

Sheet 1
N1: 16121.41
A2: Prepaired by- Ramesh | B2: 44166 | C2: occupancy | D2: 0.3 | G2: Occupancy% | H2: Electricity | I2: Water | J2: Gas
C3: Avg temp | D3: 30 | E3: Last year same month avg
C4: humidity | D4: 0.8
A5: Description | D5: Unit | E5: Yesterday | F5: Today | G5: units.consum | H5: MTD | I5: Budgeted | J5: Average/Day
A6: ELECTRICAL CONSUMPTION
A7: BEST Supply 11KV | D7: kwh | E7: 2668445 | F7: 2687690 | G7: =F7-E7 -> 19245 | H7: =G7 -> 19245 | I7: 12000 | J7: =H7/DAY(B2) -> 19245
A8: BEST supply | D8: KVAH | E8: 2683039 | F8: 2702483 | G8: =F8-E8 -> 19444 | H8: =G8 -> 19444 | I8: 12000 | J8: =H8/DAY(B2) -> 19444
A9: Transformer - 1 - 2500KVA | D9: kwh | E9: 2257036.5 | F9: 2259471.3 | G9: =F9-E9 -> 2434.8 | H9: =G9 -> 2434.8 | I9: =I8-J8 -> -7444 | J9: =H9/DAY(B2) -> 2434.8
A10: Transformer - 2 -2500KVA | D10: kwh | E10: 302950.29 | F10: 319047.73 | G10: =F10-E10 -> 16097.44 | H10: =G10 -> 16097.44 | J10: =H10/DAY(B2) -> 16097.44
A11: DG set- 1 - 1425KVA | D11: kwh | E11: 35390 | F11: 35390 | G11: =F11-E11 -> 0 | H11: =G11 -> 0 | J11: =H11/DAY(B2) -> 0
A12: DG set- 2 - 1425KVA | D12: kwh | E12: 37630 | F12: 37630 | G12: =F12-E12 -> 0 | H12: =G12 -> 0 | J12: =H12/DAY(B2) -> 0
A13: SubTotal | G13: =G9+G10+G11+G12 -> 18532.24 | H13: =G13 -> 18532.24 | I13: =G7-G13 -> 712.76 | J13: =H13/DAY(B2) -> 18532.24
A14: GAS CONSUMPTION
A15: Gas consumption | D15: m3 | E15: 1546897.6 | F15: 1547408.4 | G15: =(F15-E15) -> 510.757 | H15: =G15 -> 510.757 | I15: 800 | J15: =H15/DAY(B2) -> 510.757
I16: =I15-J15 -> 289.243
A17: WATER CONSUMPTION
A18: Tankers | D18: KL | E18: 13 | F18: 17 | G18: =F18*10 -> 170 | H18: =G18 -> 170 | I18: 65 | J18: =H18/DAY(B2) -> 170
A19: BMC | D19: KL | E19: 129801 | F19: 129854 | G19: =F19-E19 -> 53 | H19: =G19 -> 53 | J19: =H19/DAY(B2) -> 53
A20: Total water | G20: =G18+G19 -> 223 | H20: =G20 -> 223 | I20: =I18-J20 -> -158 | J20: =H20/DAY(B2) -> 223
A21: DIESEL CONSUMPTION
A22: Boiler House (H.S.D) | D22: L | E22: 2250 | F22: 2250 | G22: =(F22-E22) -> 0 | H22: =G22 -> 0 | J22: =H22/DAY(B2) -> 0
A23: D-G Set (H.S.D) | D23: L | E23: 2000 | F23: 2000 | G23: 0 | H23: =G23 -> 0 | J23: =H23/DAY(B2) -> 0
A24: Total HSD (H.S.D.) Stock | D24: L | E24: 4250 | F24: 4250 | G24: =SUM(G22:G23) -> 0 | H24: =G24 -> 0 | J24: =H24/DAY(B2) -> 0
A25: TOTAL CONSUMPTION UNIT &COST
A26: Utilities | D26: Units
A27: Electricity | D27: KVAH | E27: =G8 -> 19444 | F27: 9.5 | G27: =E27*F27 -> 184718 | H27: =G27 -> 184718 | J27: =H27/DAY(B2) -> 184718
A28: C.N.G | D28: Cu.Mtr | E28: =G15 -> 510.757 | F28: 36.5 | G28: =E28*F28 -> 18642.63 | H28: =G28 -> 18642.63 | J28: =H28/DAY(B2) -> 18642.63
A29: H.S.D | D29: Ltr | E29: =G24 -> 0 | F29: 69 | G29: =E29*F29 -> 0 | H29: =G29 -> 0 | J29: =H29/DAY(B2) -> 0
A30: Water BMC | D30: Kl | E30: =G19 -> 53 | F30: 145 | G30: =E30*F30 -> 7685 | H30: =G30 -> 7685 | J30: =H30/DAY(B2) -> 7685
A31: Water Tanker | D31: KL | E31: =G18 -> 170 | F31: 80 | G31: =E31*F31 -> 13600 | H31: =G31 -> 13600
A32: Total cost | G32: =G27+G28+G29+G30+G31 -> 224645.63 | H32: =G32 -> 224645.63 | J32: =H32/DAY(B2) -> 224645.63
A33: BRANCH READINGS & CONSUMPTION
A34: Transformer No 1 (Sub Feeders)
A35: Main HVAC Power Panel- 800A | D35: kwh | E35: 629027.67 | F35: 629027.27 | G35: =F35-E35 -> -0.4 | H35: =G35 -> -0.4 | J35: =H35/DAY(B2) -> -0.4
A36: Main Panel BALLROOM LVL-2 -2000A | D36: kwh | E36: 229085.73 | F36: 230636.93 | G36: =F36-E36 -> 1551.2 | H36: =G36 -> 1551.2 | J36: =H36/DAY(B2) -> 1551.2
A37: Fire Emergency Power Panel - 1000A | D37: kwh | E37: 415066 | F37: 415066 | G37: =F37-E37 -> 0 | H37: =G37 -> 0 | J37: =H37/DAY(B2) -> 0
A38: Main Power Panel -1600A | D38: kwh | E38: 150714 | F38: 150714 | G38: =F38-E38 -> 0 | H38: =G38 -> 0 | J38: =H38/DAY(B2) -> 0
A39: Main Lighting and Small power Panel | D39: kwh | E39: 912480 | F39: 912480 | G39: =F39-E39 -> 0 | H39: =G39 -> 0 | J39: =H39/DAY(B2) -> 0
A40: Capacitor Bank -1 1100KVAR- 2500A | D40: kwh | E40: 0 | F40: 0 | G40: =F40-E40 -> 0 | H40: =G40 -> 0 | J40: =H40/DAY(B2) -> 0
A41: Chiller No 1 | D41: kwh | E41: 300127.95 | F41: 300127.97 | G41: =F41-E41 -> 0.02 | H41: =G41 -> 0.02 | J41: =H41/DAY(B2) -> 0.02
A42: Chiller No 2- | D42: kwh | E42: 396198 | F42: 396198 | G42: =F42-E42 -> 0 | H42: =G42 -> 0 | J42: =H42/DAY(B2) -> 0
A43: Chiller Water pump Panel- 630A | D43: kwh | E43: 630749.31 | F43: 632591.47 | G43: =F43-E43 -> 1842.16 | H43: =G43 -> 1842.16 | J43: =H43/DAY(B2) -> 1842.16
A44: Co-Genrator | D44: kwh | E44: 0 | F44: 0 | G44: =F44-E44 -> 0 | H44: =G44 -> 0 | J44: =H44/DAY(B2) -> 0
A45: Lawn Pantry | D45: kwh | E45: 614.48 | F45: 614.48 | G45: =F45-E45 -> 0 | H45: =G45 -> 0 | J45: =H45/DAY(B2) -> 0
A46: Pavilion Power | D46: kwh | E46: 187.49 | F46: 187.49 | G46: =F46-E46 -> 0 | H46: =G46 -> 0 | J46: =H46/DAY(B2) -> 0
A47: Sub Total | G47: =G35+G36+G37+G38+G39+G40+G41+G42+G43+G44+G45+G46 -> 3392.98 | H47: =G47 -> 3392.98 | J47: =H47/DAY(B2) -> 3392.98
A48: Transformer No 2 (Sub Feeders)
A49: Main HVAC Power Panel- 800A | D49: kwh | E49: 61513.267 | F49: 64235.767 | G49: =F49-E49 -> 2722.5 | H49: =G49 -> 2722.5 | J49: =H49/DAY(B2) -> 2722.5
A50: Main MV PanelBALLROOM LVL-1- 2000A | D50: kwh | E50: 295969.09 | F50: 297041.89 | G50: =F50-E50 -> 1072.8 | H50: =G50 -> 1072.8 | J50: =H50/DAY(B2) -> 1072.8
A51: Fire Emergency Power Panel - 1000A | D51: kwh | E51: 19320.487 | F51: 20757.669 | G51: =F51-E51 -> 1437.182 | H51: =G51 -> 1437.182 | J51: =H51/DAY(B2) -> 1437.182
A52: Main Power Panel -1800A | D52: kwh | E52: 371122.43 | F52: 373003.27 | G52: =F52-E52 -> 1880.84 | H52: =G52 -> 1880.84 | J52: =H52/DAY(B2) -> 1880.84
A53: Main Lighting and Small power Panel | D53: kwh | E53: 45416.007 | F53: 49649.771 | G53: =F53-E53 -> 4233.764 | H53: =G53 -> 4233.764 | J53: =H53/DAY(B2) -> 4233.764
A54: Capacitor Bank -2 1200KVAR- 2500A | D54: kwh | E54: 2833 | F54: 2886.89 | G54: =F54-E54 -> 53.89 | H54: =G54 -> 53.89 | J54: =H54/DAY(B2) -> 53.89
A55: Chiller No -3 - 1200A | D55: kwh | E55: 158493 | F55: 158492.63 | G55: =F55-E55 -> -0.37 | H55: =G55 -> -0.37 | J55: =H55/DAY(B2) -> -0.37
A56: Chiller No-4 - 1200A | D56: Kwh | E56: 435147.59 | F56: 439883.83 | G56: =F56-E56 -> 4736.24 | H56: =G56 -> 4736.24 | J56: =H56/DAY(B2) -> 4736.24
A57: Chiller Water pump Panel- 630A | D57: kwh | E57: 0 | F57: 0 | G57: =F57-E57 -> 0 | H57: =G57 -> 0 | J57: =H57/DAY(B2) -> 0
A58: B2-Loundry power panel | D58: kwh | E58: 20231.043 | F58: 20281.823 | G58: =F58-E58 -> 50.78 | H58: =G58 -> 50.78 | J58: =H58/DAY(B2) -> 50.78
A59: Sub Total | G59: =G49+G50+G51+G52+G53+G54+G55+G56+G57+G58 -> 16187.626 | H59: =G59 -> 16187.626 | I59: =G7-G60 -> -335.606 | J59: =H59/DAY(B2) -> 16187.626
D60: Total TR1 & TR2 | G60: =G47+G59 -> 19580.606 | H60: =G60 -> 19580.606 | I60: =G13-G60 -> -1048.366 | J60: =H60/DAY(B2) -> 19580.606
A61: Floor lighting & Power consumption
A62: 2nd floor plant room | D62: KWh | E62: 20419.18 | F62: 20419.189 | G62: =F62-E62 -> 0.009 | H62: =G62 -> 0.009 | J62: =H62/DAY(B2) -> 0.009
A63: 5th floor spa | D63: KWh | E63: 856.37 | F63: 872.779 | G63: =F63-E63 -> 16.409 | H63: =G63 -> 16.409 | J63: =H63/DAY(B2) -> 16.409
A64: 5th Floor | D64: KWh | E64: 86739.095 | F64: 87088.678 | G64: =F64-E64 -> 349.583 | H64: =G64 -> 349.583 | J64: =H64/DAY(B2) -> 349.583
A65: 12th Floor | D65: KWh | E65: 96635.983 | F65: 97027.407 | G65: =F65-E65 -> 391.424 | H65: =G65 -> 391.424 | J65: =H65/DAY(B2) -> 391.424
A66: 20th Floor | D66: KWh | E66: 90004.847 | F66: 90408 | G66: =F66-E66 -> 403.153 | H66: =G66 -> 403.153 | J66: =H66/DAY(B2) -> 403.153
A67: 27th Floor | D67: KWh | E67: 146042.05 | F67: 146839.38 | G67: =F67-E67 -> 797.33 | H67: =G67 -> 797.33 | J67: =H67/DAY(B2) -> 797.33
A68: 34th Floor | D68: KWh | E68: 43175.079 | F68: 43557.631 | G68: =F68-E68 -> 382.552 | H68: =G68 -> 382.552 | J68: =H68/DAY(B2) -> 382.552
A69: Sanqi | D69: KWh | E69: 37555.567 | F69: 37845.839 | G69: =F69-E69 -> 290.272 | H69: =G69 -> 290.272 | J69: =H69/DAY(B2) -> 290.272
A70: Consumption of Extra AHU run | D70: KWh | H70: =G70 -> 0 | J70: =H70/DAY(B2) -> 0
A71: Kitchen consumption
A72: Main kitchen power panel no 1 | D72: KWh | E72: 844177 | F72: 844185 | G72: =F72-E72 -> 8 | H72: =G72 -> 8 | J72: =H72/DAY(B2) -> 8
A73: Main kitchen power panel no 2 | D73: KWh | E73: 885310 | F73: 885311 | G73: =F73-E73 -> 1 | H73: =G73 -> 1 | J73: =H73/DAY(B2) -> 1
A74: Prato kitchen power panel | D74: KWh | E74: 880227 | F74: 880250 | G74: =F74-E74 -> 23 | H74: =G74 -> 23 | J74: =H74/DAY(B2) -> 23
A75: San- Qi Indian Kitchen | D75: KWh | E75: 726180 | F75: 726345 | G75: =F75-E75 -> 165 | H75: =G75 -> 165 | J75: =H75/DAY(B2) -> 165
A76: San- Qi Japanese Kitchen | D76: KWh | E76: 681676 | F76: 681733 | G76: =F76-E76 -> 57 | H76: =G76 -> 57 | J76: =H76/DAY(B2) -> 57
A77: The club kitchen | D77: KWh | E77: 693720 | F77: 693775 | G77: =F77-E77 -> 55 | H77: =G77 -> 55 | J77: =H77/DAY(B2) -> 55
A78: AER Kitchen | D78: KWh | E78: 618253 | F78: 618733 | G78: =F78-E78 -> 480 | H78: =G78 -> 480 | J78: =H78/DAY(B2) -> 480
A79: COLD ROOM'S | D79: KWh | E79: 797986 | F79: 798187 | G79: =F79-E79 -> 201 | H79: =G79 -> 201 | J79: =H79/DAY(B2) -> 201
A80: Ball Room 1 kitchen | D80: KWh | E80: 465497.88 | F80: 465809.27 | G80: =F80-E80 -> 311.39 | H80: =G80 -> 311.39 | J80: =H80/DAY(B2) -> 311.39
A81: Ball Room 2 kitchen | D81: KWh | E81: 614388.52 | F81: 614541.8 | G81: =F81-E81 -> 153.28 | H81: =G81 -> 153.28 | J81: =H81/DAY(B2) -> 153.28
A82: B1 Laundry | D82: kwh | E82: 103529.65 | F82: 103550.41 | G82: =F82-E82 -> 20.76 | H82: =G82 -> 20.76 | J82: =H82/DAY(B2) -> 20.76
A83: STP Electrical | D83: kwh | E83: 962525 | F83: 962871 | G83: =F83-E83 -> 346 | H83: =G83 -> 346 | J83: =H83/DAY(B2) -> 346
A84: Cooling Tower | D84: kwh | E84: 381356 | F84: 381920 | G84: =F84-E84 -> 564 | H84: =G84 -> 564 | J84: =H84/DAY(B2) -> 564
A85: Total | G85: =SUM(G71:G84) -> 2385.43 | H85: =G85 -> 2385.43 | J85: =H85/DAY(B2) -> 2385.43
A86: MOCK Up Room | D86: Kwh | E86: 440412.24 | F86: 440551.67 | G86: =F86-E86 -> 139.43 | H86: =G86 -> 139.43 | J86: =H86/DAY(B2) -> 139.43
A87: 27th Floor | D87: Kwh | E87: 76901.3 | F87: 76936.5 | G87: =F87-E87 -> 35.2 | H87: =G87 -> 35.2 | J87: =H87/DAY(B2) -> 35.2
A88: Physic57 | D88: Kwh | E88: 142472.49 | F88: 142563.38 | G88: =F88-E88 -> 90.89 | H88: =G88 -> 90.89 | J88: =H88/DAY(B2) -> 90.89
A89: Pinoor Legal- Power | D89: Kwh | E89: 55725.1 | F89: 55777.2 | G89: =F89-E89 -> 52.1 | H89: =G89 -> 52.1 | J89: =H89/DAY(B2) -> 52.1
A90: Pinoor Legal- Lighting | D90: Kwh | E90: 2888 | F90: 2890 | G90: =F90-E90 -> 2 | H90: =G90 -> 2 | J90: =H90/DAY(B2) -> 2
A91: WATER
A92: R.o.plant | D92: KL | E92: 230975 | F92: 231087 | G92: =F92-E92 -> 112 | H92: =G92 -> 112 | J92: =H92/DAY(B2) -> 112
A93: STP Water Prod | D93: KL | E93: 162642 | F93: 162793 | G93: =F93-E93 -> 151 | H93: =G93 -> 151 | J93: =H93/DAY(B2) -> 151
A94: Total water Produce | G94: =G92+G93 -> 263
A95: Domestic Zone-1 | D95: KL | E95: 401565 | F95: 401612 | G95: =F95-E95 -> 47 | H95: =G95 -> 47 | J95: =H95/DAY(B2) -> 47
A96: Domestic Zone-2 | D96: KL | E96: 99111 | F96: 99144 | G96: =F96-E96 -> 33 | H96: =G96 -> 33 | J96: =H96/DAY(B2) -> 33
A97: Domestic Zone-3 | D97: KL | E97: 94272 | F97: 94307 | G97: =F97-E97 -> 35 | H97: =G97 -> 35 | J97: =H97/DAY(B2) -> 35
A98: Flush Zone -1 | D98: KL | E98: 142146 | F98: 142213 | G98: =F98-E98 -> 67 | H98: =G98 -> 67 | J98: =H98/DAY(B2) -> 67
A99: Flush Zone -2 | D99: KL | E99: 4968 | F99: 4991 | G99: =F99-E99 -> 23 | H99: =G99 -> 23 | J99: =H99/DAY(B2) -> 23
A100: Flush Zone -3 | D100: KL | E100: 3674 | F100: 3674 | G100: =F100-E100 -> 0 | H100: =G100 -> 0 | J100: =H100/DAY(B2) -> 0
...

Sheet 2
A1: Daily Utility Consumption Report
A2: Prepaired by- Ramesh | B2: 44167 | C2: occupancy | D2: 0.3 | G2: Occupancy% | H2: Electricity | I2: Water | J2: Gas
C3: Avg temp | D3: 30 | E3: Last year same month avg
C4: humidity | D4: 0.8
A5: Description | D5: Unit | E5: Yesterday | F5: Today | G5: units.consum | H5: MTD | I5: Budgeted | J5: Average/Day
A6: ELECTRICAL CONSUMPTION
A7: BEST Supply 11KV | D7: kwh | E7: ='[1]1'!F7 -> 2687690 | F7: 2707140 | G7: =F7-E7 -> 19450 | H7: =G7+'[1]1'!H7 -> 38695 | I7: ='[1]1'!I7 -> 12000 | J7: =H7/DAY(B2) -> 19347.5
A8: BEST supply | D8: KVAH | E8: ='[1]1'!F8 -> 2702483 | F8: 2722171 | G8: =F8-E8 -> 19688 | H8: =G8+'[1]1'!H8 -> 39132 | I8: 12000 | J8: =H8/DAY(B2) -> 19566
A9: Transformer - 1 - 2500KVA | D9: kwh | E9: ='[1]1'!F9 -> 2259471.3 | F9: 2262232.5 | G9: =F9-E9 -> 2761.2 | H9: =G9+'[1]1'!H9 -> 5196 | I9: =I8-J8 -> -7566 | J9: =H9/DAY(B2) -> 2598
A10: Transformer - 2 -2500KVA | D10: kwh | E10: ='[1]1'!F10 -> 319047.73 | F10: 335223 | G10: =F10-E10 -> 16175.27 | H10: =G10+'[1]1'!H10 -> 32272.71 | J10: =H10/DAY(B2) -> 16136.355
A11: DG set- 1 - 1425KVA | D11: kwh | E11: ='[1]1'!F11 -> 35390 | F11: 35390 | G11: =F11-E11 -> 0 | H11: =G11+'[1]1'!H11 -> 0 | J11: =H11/DAY(B2) -> 0
A12: DG set- 2 - 1425KVA | D12: kwh | E12: ='[1]1'!F12 -> 37630 | F12: 37630 | G12: 0 | H12: =G12+'[1]1'!H12 -> 0 | J12: =H12/DAY(B2) -> 0
A13: SubTotal | G13: =G9+G10+G11+G12 -> 18936.47 | H13: =G13+'[1]1'!H13 -> 37468.71 | I13: =G7-G13 -> 513.53 | J13: =H13/DAY(B2) -> 18734.355
A14: GAS CONSUMPTION
A15: Gas consumption | D15: m3 | E15: ='[1]1'!F15 -> 1547408.4 | F15: 1548014.2 | G15: =(F15-E15) -> 605.862 | H15: =G15+'[1]1'!H15 -> 1116.619 | I15: 800 | J15: =H15/DAY(B2) -> 558.3095
I16: =I15-J15 -> 241.6905 | O16: =G15-150 -> 455.862
A17: WATER CONSUMPTION
A18: Tankers | D18: KL | E18: ='[1]1'!F18 -> 17 | F18: 8 | G18: =F18*10 -> 80 | H18: =G18+'[1]1'!H18 -> 250 | I18: ='[1]1'!I18 -> 65 | J18: =H18/DAY(B2) -> 125
A19: BMC | D19: KL | E19: ='[1]1'!F19 -> 129854 | F19: 129907 | G19: =F19-E19 -> 53 | H19: =G19+'[1]1'!H19 -> 106 | J19: =H19/DAY(B2) -> 53
A20: Total water | G20: =G18+G19 -> 133 | H20: =G20+'[1]1'!H20 -> 356 | I20: =I18-J20 -> -113 | J20: =H20/DAY(B2) -> 178
A21: DIESEL CONSUMPTION
A22: Boiler House (H.S.D) | D22: L | E22: ='[1]1'!F22 -> 2250 | F22: 2250 | G22: =(F22-E22) -> 0 | H22: =G22+'[1]1'!H22 -> 0 | J22: =H22/DAY(B2) -> 0
A23: D-G Set (H.S.D) | D23: L | E23: ='[1]1'!F23 -> 2000 | F23: 2000 | G23: 0 | H23: =G23+'[1]1'!H23 -> 0 | J23: =H23/DAY(B2) -> 0
A24: Total HSD (H.S.D.) Stock | D24: L | E24: ='[1]1'!F24 -> 4250 | F24: 4250 | G24: 0 | H24: =G24 -> 0 | J24: =H24/DAY(B2) -> 0
A25: TOTAL CONSUMPTION UNIT &COST
A26: Utilities | D26: Units
A27: Electricity | D27: KVAH | E27: =G8 -> 19688 | F27: 9.5 | G27: =E27*F27 -> 187036 | H27: =G27+'[1]1'!H27 -> 371754 | J27: =H27/DAY(B2) -> 185877
A28: C.N.G | D28: Cu.Mtr | E28: =G15 -> 605.862 | F28: 36.5 | G28: =E28*F28 -> 22113.963 | H28: =G28+'[1]1'!H28 -> 40756.593 | J28: =H28/DAY(B2) -> 20378.297
A29: H.S.D | D29: Ltr | E29: =G24 -> 0 | F29: 69 | G29: =E29*F29 -> 0 | H29: =G29+'[1]1'!H29 -> 0 | J29: =H29/DAY(B2) -> 0
A30: Water BMC | D30: Kl | E30: =G19 -> 53 | F30: 145 | G30: =E30*F30 -> 7685 | H30: =G30+'[1]1'!H30 -> 15370 | J30: =H30/DAY(B2) -> 7685
A31: Water Tanker | D31: KL | E31: =G18 -> 80 | F31: 80 | G31: =E31*F31 -> 6400 | H31: =G31+'[1]1'!H31 -> 20000 | J31: =H31/DAY(B2) -> 10000
A32: Total cost | G32: =G27+G28+G29+G30+G31 -> 223234.96 | H32: =G32+'[1]1'!H32 -> 447880.59 | J32: =H32/DAY(B2) -> 223940.3
A33: BRANCH READINGS & CONSUMPTION
A34: Transformer No 1 (Sub Feeders)
A35: Main HVAC Power Panel- 800A | D35: kwh | E35: ='[1]1'!F35 -> 629027.27 | F35: 629027.67 | G35: =F35-E35 -> 0.4 | H35: =G35+'[1]1'!H35 -> 0 | J35: =H35/DAY(B2) -> 0
A36: Main Panel BALLROOM LVL-2 -2000A | D36: kwh | E36: ='[1]1'!F36 -> 230636.93 | F36: 231333.85 | G36: =F36-E36 -> 696.92 | H36: =G36+'[1]1'!H36 -> 2248.12 | J36: =H36/DAY(B2) -> 1124.06
A37: Fire Emergency Power Panel - 1000A | D37: kwh | E37: ='[1]1'!F37 -> 415066 | F37: 415066 | G37: =F37-E37 -> 0 | H37: =G37+'[1]1'!H37 -> 0 | J37: =H37/DAY(B2) -> 0
A38: Main Power Panel -1600A | D38: kwh | E38: ='[1]1'!F38 -> 150714 | F38: 150714 | G38: =F38-E38 -> 0 | H38: =G38+'[1]1'!H38 -> 0 | J38: =H38/DAY(B2) -> 0
A39: Main Lighting and Small power Panel | D39: kwh | E39: ='[1]1'!F39 -> 912480 | F39: 912480 | G39: =F39-E39 -> 0 | H39: =G39+'[1]1'!H39 -> 0 | J39: =H39/DAY(B2) -> 0
A40: Capacitor Bank -1 1100KVAR- 2500A | D40: kwh | E40: ='[1]1'!F40 -> 0 | F40: 0 | G40: =F40-E40 -> 0 | H40: =G40+'[1]1'!H40 -> 0 | J40: =H40/DAY(B2) -> 0
A41: Chiller No 1 | D41: kwh | E41: ='[1]1'!F41 -> 300127.97 | F41: 300127.9 | G41: =F41-E41 -> -0.07 | H41: =G41+'[1]1'!H41 -> -0.05 | J41: =H41/DAY(B2) -> -0.025
A42: Chiller No 2- | D42: kwh | E42: ='[1]1'!F42 -> 396198 | F42: 396198 | G42: =F42-E42 -> 0 | H42: =G42+'[1]1'!H42 -> 0 | J42: =H42/DAY(B2) -> 0
A43: Chiller Water pump Panel- 630A | D43: kwh | E43: ='[1]1'!F43 -> 632591.47 | F43: 634757.15 | G43: =F43-E43 -> 2165.68 | H43: =G43+'[1]1'!H43 -> 4007.84 | J43: =H43/DAY(B2) -> 2003.92
A44: Co-Genrator | D44: kwh | E44: ='[1]1'!F44 -> 0 | F44: 0 | G44: =F44-E44 -> 0 | H44: =G44+'[1]1'!H44 -> 0 | J44: =H44/DAY(B2) -> 0
A45: Lawn Pantry | D45: kwh | E45: ='[1]1'!F45 -> 614.48 | F45: 614 | G45: =F45-E45 -> -0.48 | H45: =G45+'[1]1'!H45 -> -0.48 | J45: =H45/DAY(B2) -> -0.24
A46: Pavilion Power | D46: kwh | E46: ='[1]1'!F46 -> 187.49 | F46: 187 | G46: =F46-E46 -> -0.49 | H46: =G46+'[1]1'!H46 -> -0.49 | J46: =H46/DAY(B2) -> -0.245
A47: Sub Total | G47: =G35+G36+G37+G38+G39+G40+G41+G42+G43+G44+G45+G46 -> 2861.96 | H47: =G47+'[1]1'!H47 -> 6254.94 | J47: =H47/DAY(B2) -> 3127.47
A48: Transformer No 2 (Sub Feeders)
A49: Main HVAC Power Panel- 800A | D49: kwh | E49: ='[1]1'!F49 -> 64235.767 | F49: 66938.23 | G49: =F49-E49 -> 2702.463 | H49: =G49+'[1]1'!H49 -> 5424.963 | J49: =H49/DAY(B2) -> 2712.4815
A50: Main MV PanelBALLROOM LVL-1- 2000A | D50: kwh | E50: ='[1]1'!F50 -> 297041.89 | F50: 298153.75 | G50: =F50-E50 -> 1111.86 | H50: =G50+'[1]1'!H50 -> 2184.66 | J50: =H50/DAY(B2) -> 1092.33
A51: Fire Emergency Power Panel - 1000A | D51: kwh | E51: ='[1]1'!F51 -> 20757.669 | F51: 22152.21 | G51: =F51-E51 -> 1394.541 | H51: =G51+'[1]1'!H51 -> 2831.723 | J51: =H51/DAY(B2) -> 1415.8615
A52: Main Power Panel -1800A | D52: kwh | E52: ='[1]1'!F52 -> 373003.27 | F52: 374806.59 | G52: =F52-E52 -> 1803.32 | H52: =G52+'[1]1'!H52 -> 3684.16 | J52: =H52/DAY(B2) -> 1842.08
A53: Main Lighting and Small power Panel | D53: kwh | E53: ='[1]1'!F53 -> 49649.771 | F53: 53813.727 | G53: =F53-E53 -> 4163.956 | H53: =G53+'[1]1'!H53 -> 8397.72 | J53: =H53/DAY(B2) -> 4198.86
A54: Capacitor Bank -2 1200KVAR- 2500A | D54: kwh | E54: ='[1]1'!F54 -> 2886.89 | F54: 2945.98 | G54: =F54-E54 -> 59.09 | H54: =G54+'[1]1'!H54 -> 112.98 | J54: =H54/DAY(B2) -> 56.49
A55: Chiller No -3 - 1200A | D55: kwh | E55: ='[1]1'!F55 -> 158492.63 | F55: 158492.73 | G55: =F55-E55 -> 0.1 | H55: =G55+'[1]1'!H55 -> -0.27 | J55: =H55/DAY(B2) -> -0.135
A56: Chiller No-4 - 1200A | D56: Kwh | E56: ='[1]1'!F56 -> 439883.83 | F56: 444564.95 | G56: =F56-E56 -> 4681.12 | H56: =G56+'[1]1'!H56 -> 9417.36 | J56: =H56/DAY(B2) -> 4708.68
A57: Chiller Water pump Panel- 630A | D57: kwh | E57: ='[1]1'!F57 -> 0 | F57: 0 | G57: =F57-E57 -> 0 | H57: =G57+'[1]1'!H57 -> 0 | J57: =H57/DAY(B2) -> 0
A58: B2-Loundry power panel | D58: kwh | E58: ='[1]1'!F58 -> 20281.823 | F58: 20436.847 | G58: =F58-E58 -> 155.024 | H58: =G58+'[1]1'!H58 -> 205.804 | J58: =H58/DAY(B2) -> 102.902
A59: Sub Total | G59: =G49+G50+G51+G52+G53+G54+G55+G56+G57+G58 -> 16071.474 | H59: =G59+'[1]1'!H59 -> 32259.1 | I59: =G7-G60 -> 516.566 | J59: =H59/DAY(B2) -> 16129.55
D60: Total TR1 & TR2 | G60: =G47+G59 -> 18933.434 | H60: =G60+'[1]1'!H60 -> 38514.04 | I60: =G13-G60 -> 3.036 | J60: =H60/DAY(B2) -> 19257.02
A61: Floor lighting & Power consumption
A62: 2nd floor plant room | D62: KWh | E62: ='[1]1'!F62 -> 20419.189 | F62: 20419.189 | G62: =F62-E62 -> 0 | H62: =G62+'[1]1'!H62 -> 0.009 | J62: =H62/DAY(B2) -> 0.0045
A63: 5th floor spa | D63: KWh | E63: ='[1]1'!F63 -> 872.779 | F63: 889.46 | G63: =F63-E63 -> 16.681 | H63: =G63+'[1]1'!H63 -> 33.09 | J63: =H63/DAY(B2) -> 16.545
A64: 5th Floor | D64: KWh | E64: ='[1]1'!F64 -> 87088.678 | F64: 87475.935 | G64: =F64-E64 -> 387.257 | H64: =G64+'[1]1'!H64 -> 736.84 | J64: =H64/DAY(B2) -> 368.42
A65: 12th Floor | D65: KWh | E65: ='[1]1'!F65 -> 97027.407 | F65: 97435.25 | G65: =F65-E65 -> 407.843 | H65: =G65+'[1]1'!H65 -> 799.267 | J65: =H65/DAY(B2) -> 399.6335
A66: 20th Floor | D66: KWh | E66: ='[1]1'!F66 -> 90408 | F66: 90800.53 | G66: =F66-E66 -> 392.53 | H66: =G66+'[1]1'!H66 -> 795.683 | J66: =H66/DAY(B2) -> 397.8415
A67: 27th Floor | D67: KWh | E67: ='[1]1'!F67 -> 146839.38 | F67: 147553.99 | G67: =F67-E67 -> 714.61 | H67: =G67+'[1]1'!H67 -> 1511.94 | J67: =H67/DAY(B2) -> 755.97
A68: 34th Floor | D68: KWh | E68: ='[1]1'!F68 -> 43557.631 | F68: 43935.399 | G68: =F68-E68 -> 377.768 | H68: =G68+'[1]1'!H68 -> 760.32 | J68: =H68/DAY(B2) -> 380.16
A69: Sanqi | D69: KWh | E69: ='[1]1'!F69 -> 37845.839 | F69: 38132.65 | G69: =F69-E69 -> 286.811 | H69: =G69+'[1]1'!H69 -> 577.083 | J69: =H69/DAY(B2) -> 288.5415
A70: Consumption of Extra AHU run | D70: KWh
A71: Kitchen consumption
A72: Main kitchen power panel no 1 | D72: KWh | E72: ='[1]1'!F72 -> 844185 | F72: 844194 | G72: =F72-E72 -> 9 | H72: =G72+'[1]1'!H72 -> 17 | J72: =H72/DAY(B2) -> 8.5
A73: Main kitchen power panel no 2 | D73: KWh | E73: ='[1]1'!F73 -> 885311 | F73: 885313 | G73: =F73-E73 -> 2 | H73: =G73+'[1]1'!H73 -> 3 | J73: =H73/DAY(B2) -> 1.5
A74: Prato kitchen power panel | D74: KWh | E74: ='[1]1'!F74 -> 880250 | F74: 880267 | G74: =F74-E74 -> 17 | H74: =G74+'[1]1'!H74 -> 40 | J74: =H74/DAY(B2) -> 20
A75: San- Qi Indian Kitchen | D75: KWh | E75: ='[1]1'!F75 -> 726345 | F75: 726510 | G75: =F75-E75 -> 165 | H75: =G75+'[1]1'!H75 -> 330 | J75: =H75/DAY(B2) -> 165
A76: San- Qi Japanese Kitchen | D76: KWh | E76: ='[1]1'!F76 -> 681733 | F76: 681794 | G76: =F76-E76 -> 61 | H76: =G76+'[1]1'!H76 -> 118 | J76: =H76/DAY(B2) -> 59
A77: The club kitchen | D77: KWh | E77: ='[1]1'!F77 -> 693775 | F77: 693828 | G77: =F77-E77 -> 53 | H77: =G77+'[1]1'!H77 -> 108 | J77: =H77/DAY(B2) -> 54
A78: AER Kitchen | D78: KWh | E78: ='[1]1'!F78 -> 618733 | F78: 619100 | G78: =F78-E78 -> 367 | H78: =G78+'[1]1'!H78 -> 847 | J78: =H78/DAY(B2) -> 423.5
A79: COLD ROOM'S | D79: KWh | E79: ='[1]1'!F79 -> 798187 | F79: 798382 | G79: =F79-E79 -> 195 | H79: =G79+'[1]1'!H79 -> 396 | J79: =H79/DAY(B2) -> 198
A80: Ball Room 1 kitchen | D80: KWh | E80: ='[1]1'!F80 -> 465809.27 | F80: 466093.44 | G80: =F80-E80 -> 284.17 | H80: =G80+'[1]1'!H80 -> 595.56 | J80: =H80/DAY(B2) -> 297.78
A81: Ball Room 2 kitchen | D81: KWh | E81: ='[1]1'!F81 -> 614541.8 | F81: 614706.8 | G81: =F81-E81 -> 165 | H81: =G81+'[1]1'!H81 -> 318.28 | J81: =H81/DAY(B2) -> 159.14
A82: B1 Laundry | D82: kwh | E82: ='[1]1'!F82 -> 103550.41 | F82: 103569.01 | G82: =F82-E82 -> 18.6 | H82: =G82+'[1]1'!H82 -> 39.36 | J82: =H82/DAY(B2) -> 19.68
A83: STP Electrical | D83: kwh | E83: ='[1]1'!F83 -> 962871 | F83: 963211 | G83: =F83-E83 -> 340 | H83: =G83+'[1]1'!H83 -> 686 | J83: =H83/DAY(B2) -> 343
A84: Cooling Tower | D84: kwh | E84: ='[1]1'!F84 -> 381920 | F84: 382462 | G84: =F84-E84 -> 542 | H84: =G84+'[1]1'!H84 -> 1106 | J84: =H84/DAY(B2) -> 553
A85: Total | E85: ='[1]1'!F85 -> 0 | G85: =SUM(G71:G84) -> 2218.77 | H85: =G85+'[1]1'!H84 -> 2782.77 | J85: =H85/DAY(B2) -> 1391.385
A86: MOCK Up Room | D86: Kwh | E86: ='[1]1'!F86 -> 440551.67 | F86: 440742.44 | G86: =F86-E86 -> 190.77 | H86: =G86 -> 190.77 | J86: =H86/DAY(B2) -> 95.385
A87: 27th Floor | D87: Kwh | E87: ='[1]1'!F87 -> 76936.5 | F87: 76967.9 | G87: =F87-E87 -> 31.4 | H87: =G87 -> 31.4 | J87: =H87/DAY(B2) -> 15.7
A88: Physic57 | D88: Kwh | E88: ='[1]1'!F88 -> 142563.38 | F88: 142693.79 | G88: =F88-E88 -> 130.41 | H88: =G88 -> 130.41 | J88: =H88/DAY(B2) -> 65.205
A89: Pinoor Legal- Lighting | D89: Kwh | E89: ='[1]1'!F89 -> 55777.2 | F89: 55851.5 | G89: =F89-E89 -> 74.3 | H89: =G89+'[1]1'!H89 -> 126.4 | J89: =H89/DAY(B2) -> 63.2
A90: Pinoor Legal- Lighting | D90: Kwh | E90: ='[1]1'!F90 -> 2890 | F90: 2895.7 | G90: =F90-E90 -> 5.7 | H90: =G90+'[1]1'!H90 -> 7.7 | J90: =H90/DAY(B2) -> 3.85
A91: WATER
A92: R.o.plant | D92: KL | E92: ='[1]1'!F92 -> 231087 | F92: 231176 | G92: =F92-E92 -> 89 | H92: =G92+'[1]1'!H92 -> 201 | J92: =H92/DAY(B2) -> 100.5
A93: STP Water Prod | D93: KL | E93: ='[1]1'!F93 -> 162793 | F93: 162931 | G93: =F93-E93 -> 138 | H93: =G93+'[1]1'!H93 -> 289 | J93: =H93/DAY(B2) -> 144.5
A94: Total water Produce | G94: =G92+G93 -> 227 | H94: =G94+'[1]1'!H94 -> 227 | J94: =H94/DAY(B2) -> 113.5
A95: Domestic Zone-1 | D95: KL | E95: ='[1]1'!F95 -> 401612 | F95: 401671 | G95: =F95-E95 -> 59 | H95: =G95+'[1]1'!H95 -> 106 | J95: =H95/DAY(B2) -> 53
A96: Domestic Zone-2 | D96: KL | E96: ='[1]1'!F96 -> 99144 | F96: 99175 | G96: =F96-E96 -> 31 | H96: =G96+'[1]1'!H96 -> 64 | J96: =H96/DAY(B2) -> 32
A97: Domestic Zone-3 | D97: KL | E97: ='[1]1'!F97 -> 94307 | F97: 94321 | G97: =F97-E97 -> 14 | H97: =G97+'[1]1'!H97 -> 49 | J97: =H97/DAY(B2) -> 24.5
A98: Flush Zone -1 | D98: KL | E98: ='[1]1'!F98 -> 142213 | F98: 142253 | G98: =F98-E98 -> 40 | H98: =G98+'[1]1'!H98 -> 107 | J98: =H98/DAY(B2) -> 53.5
A99: Flush Zone -2 | D99: KL | E99: ='[1]1'!F99 -> 4991 | F99: 5015 | G99: =F99-E99 -> 24 | H99: =G99+'[1]1'!H99 -> 47 | J99: =H99/DAY(B2) -> 23.5
A100: Flush Zone -3 | D100: KL | E100: ='[1]1'!F100 -> 3674 | F100: 3674 | G100: =F100-E100 -> 0 | H100: =G100+'[1]1'!H100 -> 0 | J100: =H100/DAY(B2) -> 0
...

Sheet 3
A1: Daily Utility Consumption Report
A2: Prepaired by--- Ramesh | B2: 44168 | C2: occupancy | D2: 0.3 | G2: Occupancy% | H2: Electricity | I2: Water | J2: Gas
C3: Avg temp | D3: 31 | E3: Last year same month avg
C4: humidity | D4: 0.8
A5: Description | D5: Unit | E5: Yesterday | F5: Today | G5: units.consum | H5: MTD | I5: Budgeted | J5: Average/Day
A6: ELECTRICAL CONSUMPTION
A7: BEST Supply 11KV | D7: kwh | E7: ='[1]2'!F7 -> 2707140 | F7: 2725819 | G7: =F7-E7 -> 18679 | H7: =G7+'[1]2'!H7 -> 57374 | I7: ='[1]1'!I7 -> 12000 | J7: =H7/DAY(B2) -> 19124.667 | N7: 15154
A8: BEST supply | D8: KVAH | E8: ='[1]2'!F8 -> 2722171 | F8: 2741079 | G8: =F8-E8 -> 18908 | H8: =G8+'[1]2'!H8 -> 58040 | I8: 12000 | J8: =H8/DAY(B2) -> 19346.667 | N8: 15258
A9: Transformer - 1 - 2500KVA | D9: kwh | E9: ='[1]2'!F9 -> 2262232.5 | F9: 2265063.5 | G9: =F9-E9 -> 2831 | H9: =G9+'[1]2'!H9 -> 8027 | I9: =I8-J8 -> -7346.6667 | J9: =H9/DAY(B2) -> 2675.6667 | N9: 14616.9
A10: Transformer - 2 -2500KVA | D10: kwh | E10: ='[1]2'!F10 -> 335223 | F10: 350153.19 | G10: =F10-E10 -> 14930.19 | H10: =G10+'[1]2'!H10 -> 47202.9 | J10: =H10/DAY(B2) -> 15734.3
A11: DG set- 1 - 1425KVA | D11: kwh | E11: ='[1]2'!F11 -> 35390 | F11: 35390 | G11: =F11-E11 -> 0 | H11: =G11+'[1]2'!H11 -> 0 | J11: =H11/DAY(B2) -> 0
A12: DG set- 2 - 1425KVA | D12: kwh | E12: ='[1]2'!F12 -> 37630 | F12: 37630 | G12: =F12-E12 -> 0 | H12: =G12+'[1]2'!H12 -> 0 | J12: =H12/DAY(B2) -> 0
A13: SubTotal | G13: =G9+G10+G11+G12 -> 17761.19 | H13: =G13+'[1]2'!H13 -> 55229.9 | I13: =G7-G13 -> 917.81 | J13: =H13/DAY(B2) -> 18409.967
A14: GAS CONSUMPTION
A15: Gas consumption | D15: m3 | E15: ='[1]2'!F15 -> 1548014.2 | F15: 1548532.7 | G15: =F15-E15 -> 518.451 | H15: =G15+'[1]2'!H15 -> 1635.07 | I15: 800 | J15: =H15/DAY(B2) -> 545.02333
I16: =I15-J15 -> 254.97667
A17: WATER CONSUMPTION
A18: Tankers | D18: KL | E18: ='[1]2'!F18 -> 8 | F18: 8 | G18: =F18*10 -> 80 | H18: =G18+'[1]2'!H18 -> 330 | I18: ='[1]1'!I18 -> 65 | J18: =H18/DAY(B2) -> 110
A19: BMC | D19: KL | E19: ='[1]2'!F19 -> 129907 | F19: 129960 | G19: =F19-E19 -> 53 | H19: =G19+'[1]2'!H19 -> 159 | J19: =H19/DAY(B2) -> 53
A20: Total water | G20: =G18+G19 -> 133 | H20: =G20+'[1]2'!H20 -> 489 | I20: =I18-J20 -> -98 | J20: =H20/DAY(B2) -> 163
A21: DIESEL CONSUMPTION
A22: Boiler House (H.S.D) | D22: L | E22: ='[1]2'!F22 -> 2250 | F22: 2250 | G22: =(F22-E22) -> 0 | H22: =G22+'[1]2'!H22 -> 0 | J22: =H22/DAY(B2) -> 0
A23: D-G Set (H.S.D) | D23: L | E23: ='[1]2'!F23 -> 2000 | F23: 2000 | G23: 0 | H23: =G23+'[1]2'!H23 -> 0 | J23: =H23/DAY(B2) -> 0
A24: Total HSD (H.S.D.) Stock | D24: L | E24: ='[1]2'!F24 -> 4250 | F24: 4250 | G24: 0 | H24: =G24 -> 0 | J24: =H24/DAY(B2) -> 0
A25: TOTAL CONSUMPTION UNIT &COST
A26: Utilities | D26: Units
A27: Electricity | D27: KVAH | E27: =G8 -> 18908 | F27: 9.5 | G27: =E27*F27 -> 179626 | H27: =G27+'[1]2'!H27 -> 551380 | J27: =H27/DAY(B2) -> 183793.33
A28: C.N.G | D28: Cu.Mtr | E28: =G15 -> 518.451 | F28: 36.5 | G28: =E28*F28 -> 18923.462 | H28: =G28+'[1]2'!H28 -> 59680.055 | J28: =H28/DAY(B2) -> 19893.352
A29: H.S.D | D29: Ltr | E29: =G24 -> 0 | F29: 69 | G29: =E29*F29 -> 0 | H29: =G29+'[1]2'!H29 -> 0 | J29: =H29/DAY(B2) -> 0
A30: Water BMC | D30: Kl | E30: =G19 -> 53 | F30: 145 | G30: =E30*F30 -> 7685 | H30: =G30+'[1]2'!H30 -> 23055 | J30: =H30/DAY(B2) -> 7685
A31: Water Tanker | D31: KL | E31: =G18 -> 80 | F31: 80 | G31: =E31*F31 -> 6400 | H31: =G31+'[1]2'!H31 -> 26400 | J31: =H31/DAY(B2) -> 8800
A32: Total cost | G32: =G27+G28+G29+G30+G31 -> 212634.46 | H32: =G32+'[1]2'!H32 -> 660515.06 | J32: =H32/DAY(B2) -> 220171.69
A33: BRANCH READINGS & CONSUMPTION
A34: Transformer No 1 (Sub Feeders)
A35: Main HVAC Power Panel- 800A | D35: kwh | E35: ='[1]2'!F35 -> 629027.67 | F35: 629027.67 | G35: =F35-E35 -> 0 | H35: =G35+'[1]2'!H35 -> 0 | J35: =H35/DAY(B2) -> 0 | N35: 1574.64 | O35: =G35-N35 -> -1574.64
A36: Main Panel BALLROOM LVL-2 -2000A | D36: kwh | E36: ='[1]2'!F36 -> 231333.85 | F36: 232000.67 | G36: =F36-E36 -> 666.82 | H36: =G36+'[1]2'!H36 -> 2914.94 | J36: =H36/DAY(B2) -> 971.64667 | N36: 644.26
A37: Fire Emergency Power Panel - 1000A | D37: kwh | E37: ='[1]2'!F37 -> 415066 | F37: 415066 | G37: =F37-E37 -> 0 | H37: =G37+'[1]2'!H37 -> 0 | J37: =H37/DAY(B2) -> 0 | N37: 1333.52 | O37: =G37-N37 -> -1333.52
A38: Main Power Panel -1600A | D38: kwh | E38: ='[1]2'!F38 -> 150714 | F38: 150714 | G38: =F38-E38 -> 0 | H38: =G38+'[1]2'!H38 -> 0 | J38: =H38/DAY(B2) -> 0 | N38: 0 | O38: =G38-N38 -> 0
A39: Main Lighting and Small power Panel | D39: kwh | E39: ='[1]2'!F39 -> 912480 | F39: 912480 | G39: =F39-E39 -> 0 | H39: =G39+'[1]2'!H39 -> 0 | J39: =H39/DAY(B2) -> 0 | N39: 3225.2 | O39: =G39-N39 -> -3225.2
A40: Capacitor Bank -1 1100KVAR- 2500A | D40: kwh | E40: 0.17 | F40: 0.17 | G40: =F40-E40 -> 0 | H40: =G40+'[1]2'!H40 -> 0 | J40: =H40/DAY(B2) -> 0 | N40: 0 | O40: =G40-N40 -> 0
A41: Chiller No 1 | D41: kwh | E41: ='[1]2'!F41 -> 300127.9 | F41: 300127.9 | G41: =F41-E41 -> 0 | H41: =G41+'[1]2'!H41 -> -0.05 | J41: =H41/DAY(B2) -> -0.016666667 | N41: -0.07 | O41: =G41-N41 -> 0.07
A42: Chiller No 2- | D42: kwh | E42: ='[1]2'!F42 -> 396198 | F42: 396198 | G42: =F42-E42 -> 0 | H42: =G42+'[1]2'!H42 -> 0 | J42: =H42/DAY(B2) -> 0 | N42: 3723.68 | O42: =G42-N42 -> -3723.68
A43: Chiller Water pump Panel- 630A | D43: kwh | E43: ='[1]2'!F43 -> 634757.15 | F43: 637061.27 | G43: =F43-E43 -> 2304.12 | H43: =G43+'[1]2'!H43 -> 6311.96 | J43: =H43/DAY(B2) -> 2103.9867 | N43: 2005.32 | O43: =G43-N43 -> 298.8
A44: Co-Genrator | D44: kwh | E44: ='[1]2'!F44 -> 0 | F44: 0 | G44: =F44-E44 -> 0 | H44: =G44+'[1]2'!H44 -> 0 | J44: =H44/DAY(B2) -> 0 | N44: 0 | O44: =G44-N44 -> 0
A45: Lawn Pantry | D45: kwh | E45: ='[1]2'!F45 -> 614 | F45: 614 | G45: =F45-E45 -> 0 | H45: =G45+'[1]2'!H45 -> -0.48 | J45: =H45/DAY(B2) -> -0.16 | N45: -0.48 | O45: =G45-N45 -> 0.48
A46: Pavilion Power | D46: kwh | E46: ='[1]2'!F46 -> 187 | F46: 187 | G46: =F46-E46 -> 0 | H46: =G46+'[1]2'!H46 -> -0.49 | J46: =H46/DAY(B2) -> -0.16333333 | N46: -0.49 | O46: =G46-N46 -> 0.49
A47: Sub Total | G47: =G35+G36+G37+G38+G39+G40+G41+G42+G43+G44+G45+G46 -> 2970.94 | H47: =G47+'[1]2'!H47 -> 9225.88 | J47: =H47/DAY(B2) -> 3075.2933 | N47: 12505.58
A48: Transformer No 2 (Sub Feeders) | O48: =G48-N48 -> 0
A49: Main HVAC Power Panel- 800A | D49: kwh | E49: ='[1]2'!F49 -> 66938.23 | F49: 69649.639 | G49: =F49-E49 -> 2711.409 | H49: =G49+'[1]2'!H49 -> 8136.372 | J49: =H49/DAY(B2) -> 2712.124 | N49: 0 | O49: =G49-N49 -> 2711.409
A50: Main MV PanelBALLROOM LVL-1- 2000A | D50: kwh | E50: ='[1]2'!F50 -> 298153.75 | F50: 299242.79 | G50: =F50-E50 -> 1089.04 | H50: =G50+'[1]2'!H50 -> 3273.7 | J50: =H50/DAY(B2) -> 1091.2333 | N50: 859.42 | O50: =G50-N50 -> 229.62
A51: Fire Emergency Power Panel - 1000A | D51: kwh | E51: ='[1]2'!F51 -> 22152.21 | F51: 23524.379 | G51: =F51-E51 -> 1372.169 | H51: =G51+'[1]2'!H51 -> 4203.892 | J51: =H51/DAY(B2) -> 1401.2973 | N51: 0 | O51: =G51-N51 -> 1372.169
A52: Main Power Panel -1800A | D52: kwh | E52: ='[1]2'!F52 -> 374806.59 | F52: 376534.27 | G52: =F52-E52 -> 1727.68 | H52: =G52+'[1]2'!H52 -> 5411.84 | J52: =H52/DAY(B2) -> 1803.9467 | N52: 1313.48 | O52: =G52-N52 -> 414.2
A53: Main Lighting and Small power Panel | D53: kwh | E53: ='[1]2'!F53 -> 53813.727 | F53: 57829.125 | G53: =F53-E53 -> 4015.398 | H53: =G53+'[1]2'!H53 -> 12413.118 | J53: =H53/DAY(B2) -> 4137.706 | N53: 0 | O53: =G53-N53 -> 4015.398
A54: Capacitor Bank -2 1200KVAR- 2500A | D54: kwh | E54: ='[1]2'!F54 -> 2945.98 | F54: 2989.22 | G54: =F54-E54 -> 43.24 | H54: =G54+'[1]2'!H54 -> 156.22 | J54: =H54/DAY(B2) -> 52.073333 | N54: 0 | O54: =G54-N54 -> 43.24
A55: Chiller No -3 - 1200A | D55: kwh | E55: ='[1]2'!F55 -> 158492.73 | F55: 158492.73 | G55: =F55-E55 -> 0 | H55: =G55+'[1]2'!H55 -> -0.27 | J55: =H55/DAY(B2) -> -0.09 | N55: 0.1 | O55: =G55-N55 -> -0.1
A56: Chiller No-4 - 1200A | D56: Kwh | E56: ='[1]2'!F56 -> 444564.95 | F56: 448739.23 | G56: =F56-E56 -> 4174.28 | H56: =G56+'[1]2'!H56 -> 13591.64 | J56: =H56/DAY(B2) -> 4530.5467 | N56: 0 | O56: =G56-N56 -> 4174.28
A57: Chiller Water pump Panel- 630A | D57: kwh | E57: ='[1]2'!F57 -> 0 | F57: 0 | G57: =F57-E57 -> 0 | H57: =G57+'[1]2'!H57 -> 0 | J57: =H57/DAY(B2) -> 0 | N57: 0 | O57: =G57-N57 -> 0
A58: B2-Loundry power panel | D58: kwh | E58: ='[1]2'!F58 -> 20436.847 | F58: 20507.785 | G58: =F58-E58 -> 70.938 | H58: =G58+'[1]2'!H58 -> 276.742 | J58: =H58/DAY(B2) -> 92.247333 | N58: 43.554 | O58: =G58-N58 -> 27.384
A59: Sub Total | G59: =G49+G50+G51+G52+G53+G54+G55+G56+G57+G58 -> 15204.154 | H59: =G59+'[1]2'!H59 -> 47463.254 | I59: =G7-G60 -> 503.906 | J59: =H59/DAY(B2) -> 15821.085 | N59: 2216.554 | O59: =SUM(O35:O58) -> 3430.4
D60: Total TR1 & TR2 | G60: =G47+G59 -> 18175.094 | H60: =G60+'[1]2'!H60 -> 56689.134 | I60: =G13-G60 -> -413.904 | J60: =H60/DAY(B2) -> 18896.378 | N60: 14722.134 | O60: =G60-N60 -> 3452.96
A61: Floor lighting & Power consumption
A62: 2nd floor plant room | D62: KWh | E62: ='[1]2'!F62 -> 20419.189 | F62: 20419 | G62: =F62-E62 -> -0.189 | H62: =G62+'[1]2'!H62 -> -0.18 | J62: =H62/DAY(B2) -> -0.06
A63: 5th floor spa | D63: KWh | E63: ='[1]2'!F63 -> 889.46 | F63: 905.37 | G63: =F63-E63 -> 15.91 | H63: =G63+'[1]2'!H63 -> 49 | J63: =H63/DAY(B2) -> 16.333333
A64: 5th Floor | D64: KWh | E64: ='[1]2'!F64 -> 87475.935 | F64: 87837.167 | G64: =F64-E64 -> 361.2325 | H64: =G64+'[1]2'!H64 -> 1098.0725 | J64: =H64/DAY(B2) -> 366.02417
A65: 12th Floor | D65: KWh | E65: ='[1]2'!F65 -> 97435.25 | F65: 97836.535 | G65: =F65-E65 -> 401.285 | H65: =G65+'[1]2'!H65 -> 1200.552 | J65: =H65/DAY(B2) -> 400.184
A66: 20th Floor | D66: KWh | E66: ='[1]2'!F66 -> 90800.53 | F66: 91177.495 | G66: =F66-E66 -> 376.965 | H66: =G66+'[1]2'!H66 -> 1172.648 | J66: =H66/DAY(B2) -> 390.88267
A67: 27th Floor | D67: KWh | E67: ='[1]2'!F67 -> 147553.99 | F67: 148230.3 | G67: =F67-E67 -> 676.31 | H67: =G67+'[1]2'!H67 -> 2188.25 | J67: =H67/DAY(B2) -> 729.41667
A68: 34th Floor | D68: KWh | E68: ='[1]2'!F68 -> 43935.399 | F68: 44295.247 | G68: =F68-E68 -> 359.848 | H68: =G68+'[1]2'!H68 -> 1120.168 | J68: =H68/DAY(B2) -> 373.38933
A69: Sanqi | D69: KWh | E69: ='[1]2'!F69 -> 38132.65 | F69: 38416.835 | G69: =F69-E69 -> 284.185 | H69: =G69+'[1]2'!H69 -> 861.268 | J69: =H69/DAY(B2) -> 287.08933
A70: Consumption of Extra AHU run | D70: KWh
A71: Kitchen consumption
A72: Main kitchen power panel no 1 | D72: KWh | E72: ='[1]2'!F72 -> 844194 | F72: 844202 | G72: =F72-E72 -> 8 | H72: =G72+'[1]2'!H72 -> 25 | J72: =H72/DAY(B2) -> 8.3333333
A73: Main kitchen power panel no 2 | D73: KWh | E73: ='[1]2'!F73 -> 885313 | F73: 885314 | G73: =F73-E73 -> 1 | H73: =G73+'[1]2'!H73 -> 4 | J73: =H73/DAY(B2) -> 1.3333333
A74: Prato kitchen power panel | D74: KWh | E74: ='[1]2'!F74 -> 880267 | F74: 880283 | G74: =F74-E74 -> 16 | H74: =G74+'[1]2'!H74 -> 56 | J74: =H74/DAY(B2) -> 18.666667
A75: San- Qi Indian Kitchen | D75: KWh | E75: ='[1]2'!F75 -> 726510 | F75: 726667 | G75: =F75-E75 -> 157 | H75: =G75+'[1]2'!H75 -> 487 | J75: =H75/DAY(B2) -> 162.33333
A76: San- Qi Japanese Kitchen | D76: KWh | E76: ='[1]2'!F76 -> 681794 | F76: 681851 | G76: =F76-E76 -> 57 | H76: =G76+'[1]2'!H76 -> 175 | J76: =H76/DAY(B2) -> 58.333333
A77: The club kitchen | D77: KWh | E77: ='[1]2'!F77 -> 693828 | F77: 693882 | G77: =F77-E77 -> 54 | H77: =G77+'[1]2'!H77 -> 162 | J77: =H77/DAY(B2) -> 54
A78: AER Kitchen | D78: KWh | E78: ='[1]2'!F78 -> 619100 | F78: 619419 | G78: =F78-E78 -> 319 | H78: =G78+'[1]2'!H78 -> 1166 | J78: =H78/DAY(B2) -> 388.66667
A79: COLD ROOM'S | D79: KWh | E79: ='[1]2'!F79 -> 798382 | F79: 798569 | G79: =F79-E79 -> 187 | H79: =G79+'[1]2'!H79 -> 583 | J79: =H79/DAY(B2) -> 194.33333
A80: Ball Room 1 kitchen | D80: KWh | E80: ='[1]2'!F80 -> 466093.44 | F80: 466391.32 | G80: =F80-E80 -> 297.88 | H80: =G80+'[1]2'!H80 -> 893.44 | J80: =H80/DAY(B2) -> 297.81333
A81: Ball Room 2 kitchen | D81: KWh | E81: ='[1]2'!F81 -> 614706.8 | F81: 614852.52 | G81: =F81-E81 -> 145.72 | H81: =G81+'[1]2'!H81 -> 464 | J81: =H81/DAY(B2) -> 154.66667
A82: B1 Laundry | D82: kwh | E82: ='[1]2'!F82 -> 103569.01 | F82: 103587.19 | G82: =F82-E82 -> 18.18 | H82: =G82+'[1]2'!H82 -> 57.54 | J82: =H82/DAY(B2) -> 19.18
A83: STP Electrical | D83: kwh | E83: ='[1]2'!F83 -> 963211 | F83: 963541 | G83: =F83-E83 -> 330 | H83: =G83+'[1]2'!H83 -> 1016 | J83: =H83/DAY(B2) -> 338.66667
A84: Cooling Tower | D84: kwh | E84: ='[1]2'!F84 -> 382462 | F84: 383003 | G84: =F84-E84 -> 541 | H84: =G84+'[1]2'!H84 -> 1647 | J84: =H84/DAY(B2) -> 549
A85: Total | G85: =SUM(G71:G84) -> 2131.78 | H85: =G85+'[1]2'!H85 -> 4914.55 | J85: =H85/DAY(B2) -> 1638.1833
A86: MOCK Up Room | D86: Kwh | E86: ='[1]2'!F86 -> 440742.44 | F86: 440928.52 | G86: =F86-E86 -> 186.08 | H86: =G86+'[1]2'!H86 -> 376.85 | J86: =H86/DAY(B2) -> 125.61667
A87: 27th Floor | D87: Kwh | E87: ='[1]2'!F87 -> 76967.9 | F87: 76999 | G87: =F87-E87 -> 31.1 | H87: =G87+'[1]2'!H87 -> 62.5 | J87: =H87/DAY(B2) -> 20.833333
A88: Physic57 | D88: Kwh | E88: ='[1]2'!F88 -> 142693.79 | F88: 142791.57 | G88: =F88-E88 -> 97.78 | H88: =G88+'[1]2'!H88 -> 228.19 | J88: =H88/DAY(B2) -> 76.063333
A89: Pinoor Legal- Lighting | D89: Kwh | E89: ='[1]2'!F89 -> 55851.5 | F89: 55911.6 | G89: =F89-E89 -> 60.1 | H89: =G89+'[1]2'!H89 -> 186.5 | I89: =H89+'[1]1'!I89 -> 186.5 | J89: =H89/DAY(B2) -> 62.166667 | K89: =I89/DAY(C3) -> #VALUE!
A90: Pinoor Legal- Lighting | D90: Kwh | E90: ='[1]2'!F90 -> 2895.7 | F90: 2900.1 | G90: =F90-E90 -> 4.4 | H90: =G90+'[1]2'!H90 -> 12.1 | I90: =H90+'[1]1'!I90 -> 12.1 | J90: =H90/DAY(B2) -> 4.0333333 | K90: =I90/DAY(C4) -> #VALUE!
A91: WATER
A92: R.o.plant | D92: KL | E92: ='[1]2'!F92 -> 231176 | F92: 231230 | G92: =F92-E92 -> 54 | H92: =G92+'[1]2'!H92 -> 255 | J92: =H92/DAY(B2) -> 85
A93: STP Water Prod | D93: KL | E93: ='[1]2'!F93 -> 162931 | F93: 163072 | G93: =F93-E93 -> 141 | H93: =G93+'[1]2'!H93 -> 430 | J93: =H93/DAY(B2) -> 143.33333
A94: Total water Produce | G94: =G92+G93 -> 195 | H94: =G94+'[1]2'!H94 -> 422 | J94: =H94/DAY(B2) -> 140.66667
A95: Domestic Zone-1 | D95: KL | E95: ='[1]2'!F95 -> 401671 | F95: 401716 | G95: =F95-E95 -> 45 | H95: =G95+'[1]2'!H95 -> 151 | J95: =H95/DAY(B2) -> 50.333333
A96: Domestic Zone-2 | D96: KL | E96: ='[1]2'!F96 -> 99175 | F96: 99197 | G96: =F96-E96 -> 22 | H96: =G96+'[1]2'!H96 -> 86 | J96: =H96/DAY(B2) -> 28.666667
A97: Domestic Zone-3 | D97: KL | E97: ='[1]2'!F97 -> 94321 | F97: 94337 | G97: =F97-E97 -> 16 | H97: =G97+'[1]2'!H97 -> 65 | J97: =H97/DAY(B2) -> 21.666667
A98: Flush Zone -1 | D98: KL | E98: ='[1]2'!F98 -> 142253 | F98: 142320 | G98: =F98-E98 -> 67 | H98: =G98+'[1]2'!H98 -> 174 | J98: =H98/DAY(B2) -> 58
A99: Flush Zone -2 | D99: KL | E99: ='[1]2'!F99 -> 5015 | F99: 5035 | G99: =F99-E99 -> 20 | H99: =G99+'[1]2'!H99 -> 67 | J99: =H99/DAY(B2) -> 22.333333
A100: Flush Zone -3 | D100: KL | E100: ='[1]2'!F100 -> 3674 | F100: 3674 | G100: =F100-E100 -> 0 | H100: =G100+'[1]2'!H100 -> 0 | J100: =H100/DAY(B2) -> 0
...

Sheet 4
A1: Daily Utility Consumption Report
A2: Prepaired by--- Ramesh | B2: 44169 | C2: occupancy | D2: 0.3 | G2: Occupancy% | H2: Electricity | I2: Water | J2: Gas
C3: Avg temp | D3: 31 | E3: Last year same month avg
C4: humidity | D4: 0.8
A5: Description | D5: Unit | E5: Yesterday | F5: Today | G5: units.consum | H5: MTD | I5: Budgeted | J5: Average/Day
A6: ELECTRICAL CONSUMPTION
A7: BEST Supply 11KV | D7: kwh | E7: ='[1]3'!F7 -> 2725819 | F7: 2745430 | G7: =F7-E7 -> 19611 | H7: =G7+'[1]3'!H7 -> 76985 | I7: ='[1]1'!I7 -> 12000 | J7: =H7/DAY(B2) -> 19246.25 | N7: 15154
A8: BEST supply | D8: KVAH | E8: ='[1]3'!F8 -> 2741079 | F8: 2760925 | G8: =F8-E8 -> 19846 | H8: =G8+'[1]3'!H8 -> 77886 | I8: 12000 | J8: =H8/DAY(B2) -> 19471.5 | N8: 15258
A9: Transformer - 1 - 2500KVA | D9: kwh | E9: ='[1]3'!F9 -> 2265063.5 | F9: 2271725.5 | G9: =F9-E9 -> 6662 | H9: =G9+'[1]3'!H9 -> 14689 | I9: =I8-J8 -> -7471.5 | J9: =H9/DAY(B2) -> 3672.25 | N9: 14616.9
A10: Transformer - 2 -2500KVA | D10: kwh | E10: ='[1]3'!F10 -> 350153.19 | F10: 362418.75 | G10: =F10-E10 -> 12265.56 | H10: =G10+'[1]3'!H10 -> 59468.46 | J10: =H10/DAY(B2) -> 14867.115
A11: DG set- 1 - 1425KVA | D11: kwh | E11: ='[1]3'!F11 -> 35390 | F11: 35390 | G11: =F11-E11 -> 0 | H11: =G11+'[1]3'!H11 -> 0 | J11: =H11/DAY(B2) -> 0
A12: DG set- 2 - 1425KVA | D12: kwh | E12: ='[1]3'!F12 -> 37630 | F12: 37630 | G12: =F12-E12 -> 0 | H12: =G12+'[1]3'!H12 -> 0 | J12: =H12/DAY(B2) -> 0
A13: SubTotal | G13: =G9+G10+G11+G12 -> 18927.56 | H13: =G13+'[1]3'!H13 -> 74157.46 | I13: =G7-G13 -> 683.44 | J13: =H13/DAY(B2) -> 18539.365
A14: GAS CONSUMPTION
A15: Gas consumption | D15: m3 | E15: ='[1]3'!F15 -> 1548532.7 | F15: 1549223.8 | G15: =F15-E15 -> 691.176 | H15: =G15+'[1]3'!H15 -> 2326.246 | I15: 800 | J15: =H15/DAY(B2) -> 581.5615
I16: =I15-J15 -> 218.4385
A17: WATER CONSUMPTION
A18: Tankers | D18: KL | E18: ='[1]3'!F18 -> 8 | F18: 10 | G18: =F18*10 -> 100 | H18: =G18+'[1]3'!H18 -> 430 | I18: ='[1]1'!I18 -> 65 | J18: =H18/DAY(B2) -> 107.5
A19: BMC | D19: KL | E19: ='[1]3'!F19 -> 129960 | F19: 130013 | G19: =F19-E19 -> 53 | H19: =G19+'[1]3'!H19 -> 212 | J19: =H19/DAY(B2) -> 53
A20: Total water | G20: =G18+G19 -> 153 | H20: =G20+'[1]3'!H20 -> 642 | I20: =I18-J20 -> -95.5 | J20: =H20/DAY(B2) -> 160.5
A21: DIESEL CONSUMPTION
A22: Boiler House (H.S.D) | D22: L | E22: ='[1]3'!F22 -> 2250 | F22: 2250 | G22: =(F22-E22) -> 0 | H22: =G22+'[1]3'!H22 -> 0 | J22: =H22/DAY(B2) -> 0
A23: D-G Set (H.S.D) | D23: L | E23: ='[1]3'!F23 -> 2000 | F23: 2000 | G23: 0 | H23: =G23+'[1]3'!H23 -> 0 | J23: =H23/DAY(B2) -> 0
A24: Total HSD (H.S.D.) Stock | D24: L | E24: ='[1]3'!F24 -> 4250 | F24: 4250 | G24: 0 | H24: =G24+'[1]3'!H24 -> 0 | J24: =H24/DAY(B2) -> 0
A25: TOTAL CONSUMPTION UNIT &COST
A26: Utilities | D26: Units
A27: Electricity | D27: KVAH | E27: =G8 -> 19846 | F27: 9.5 | G27: =E27*F27 -> 188537 | H27: =G27+'[1]3'!H27 -> 739917 | J27: =H27/DAY(B2) -> 184979.25
A28: C.N.G | D28: Cu.Mtr | E28: =G15 -> 691.176 | F28: 36.5 | G28: =E28*F28 -> 25227.924 | H28: =G28+'[1]3'!H28 -> 84907.979 | J28: =H28/DAY(B2) -> 21226.995
A29: H.S.D | D29: Ltr | E29: =G24 -> 0 | F29: 69 | G29: =E29*F29 -> 0 | H29: =G29+'[1]3'!H29 -> 0 | J29: =H29/DAY(B2) -> 0
A30: Water BMC | D30: Kl | E30: =G19 -> 53 | F30: 145 | G30: =E30*F30 -> 7685 | H30: =G30+'[1]3'!H30 -> 30740 | J30: =H30/DAY(B2) -> 7685
A31: Water Tanker | D31: KL | E31: ='[1]3'!F31 -> 80 | F31: 80 | G31: =E31*F31 -> 6400 | H31: =G31+'[1]3'!H31 -> 32800 | J31: =H31/DAY(B2) -> 8200
A32: Total cost | G32: =G27+G28+G29+G30+G31 -> 227849.92 | H32: =G32+'[1]3'!H32 -> 888364.98 | J32: =H32/DAY(B2) -> 222091.24
A33: BRANCH READINGS & CONSUMPTION
A34: Transformer No 1 (Sub Feeders)
A35: Main HVAC Power Panel- 800A | D35: kwh | E35: ='[1]3'!F35 -> 629027.67 | F35: 629027.67 | G35: =F35-E35 -> 0 | H35: =G35+'[1]3'!H35 -> 0 | J35: =H35/DAY(B2) -> 0 | N35: 1574.64 | O35: =G35-N35 -> -1574.64
A36: Main Panel BALLROOM LVL-2 -2000A | D36: kwh | E36: ='[1]3'!F36 -> 232000.67 | F36: 232736.23 | G36: =F36-E36 -> 735.56 | H36: =G36+'[1]3'!H36 -> 3650.5 | J36: =H36/DAY(B2) -> 912.625 | N36: 644.26
A37: Fire Emergency Power Panel - 1000A | D37: kwh | E37: ='[1]3'!F37 -> 415066 | F37: 415066 | G37: =F37-E37 -> 0 | H37: =G37+'[1]3'!H37 -> 0 | J37: =H37/DAY(B2) -> 0 | N37: 1333.52 | O37: =G37-N37 -> -1333.52
A38: Main Power Panel -1600A | D38: kwh | E38: ='[1]3'!F38 -> 150714 | F38: 150714.2 | G38: =F38-E38 -> 0.2 | H38: =G38+'[1]3'!H38 -> 0.2 | J38: =H38/DAY(B2) -> 0.05 | N38: 0 | O38: =G38-N38 -> 0.2
A39: Main Lighting and Small power Panel | D39: kwh | E39: ='[1]3'!F39 -> 912480 | F39: 912480 | G39: =F39-E39 -> 0 | H39: =G39+'[1]3'!H39 -> 0 | J39: =H39/DAY(B2) -> 0 | N39: 3225.2 | O39: =G39-N39 -> -3225.2
A40: Capacitor Bank -1 1100KVAR- 2500A | D40: kwh | E40: ='[1]3'!F40 -> 0.17 | F40: 0.17 | G40: =F40-E40 -> 0 | H40: =G40+'[1]3'!H40 -> 0 | J40: =H40/DAY(B2) -> 0 | N40: 0 | O40: =G40-N40 -> 0
A41: Chiller No 1 | D41: kwh | E41: ='[1]3'!F41 -> 300127.9 | F41: 300127.9 | G41: =F41-E41 -> 0 | H41: =G41+'[1]3'!H41 -> -0.05 | J41: =H41/DAY(B2) -> -0.0125 | N41: -0.07 | O41: =G41-N41 -> 0.07
A42: Chiller No 2- | D42: kwh | E42: 0 | F42: 3678.9 | G42: =F42-E42 -> 3678.9 | H42: =G42+'[1]3'!H42 -> 3678.9 | J42: =H42/DAY(B2) -> 919.725 | N42: 3723.68 | O42: =G42-N42 -> -44.78
A43: Chiller Water pump Panel- 630A | D43: kwh | E43: ='[1]3'!F43 -> 637061.27 | F43: 639436.19 | G43: =F43-E43 -> 2374.92 | H43: =G43+'[1]3'!H43 -> 8686.88 | J43: =H43/DAY(B2) -> 2171.72 | N43: 2005.32 | O43: =G43-N43 -> 369.6
A44: Co-Genrator | D44: kwh | E44: ='[1]3'!F44 -> 0 | F44: 0 | G44: =F44-E44 -> 0 | H44: =G44+'[1]3'!H44 -> 0 | J44: =H44/DAY(B2) -> 0 | N44: 0 | O44: =G44-N44 -> 0
A45: Lawn Pantry | D45: kwh | E45: ='[1]3'!F45 -> 614 | F45: 614 | G45: =F45-E45 -> 0 | H45: =G45+'[1]3'!H45 -> -0.48 | J45: =H45/DAY(B2) -> -0.12 | N45: -0.48 | O45: =G45-N45 -> 0.48
A46: Pavilion Power | D46: kwh | E46: ='[1]3'!F46 -> 187 | F46: 187 | G46: =F46-E46 -> 0 | H46: =G46+'[1]3'!H46 -> -0.49 | J46: =H46/DAY(B2) -> -0.1225 | N46: -0.49 | O46: =G46-N46 -> 0.49
A47: Sub Total | G47: =G35+G36+G37+G38+G39+G40+G41+G42+G43+G44+G45+G46 -> 6789.58 | H47: =G47+'[1]3'!H47 -> 16015.46 | J47: =H47/DAY(B2) -> 4003.865 | N47: 12505.58
A48: Transformer No 2 (Sub Feeders) | O48: =G48-N48 -> 0
A49: Main HVAC Power Panel- 800A | D49: kwh | E49: ='[1]3'!F49 -> 69649.639 | F49: 72497.08 | G49: =F49-E49 -> 2847.441 | H49: =G49+'[1]3'!H49 -> 10983.813 | J49: =H49/DAY(B2) -> 2745.9533 | N49: 0 | O49: =G49-N49 -> 2847.441
A50: Main MV PanelBALLROOM LVL-1- 2000A | D50: kwh | E50: ='[1]3'!F50 -> 299242.79 | F50: 300451.19 | G50: =F50-E50 -> 1208.4 | H50: =G50+'[1]3'!H50 -> 4482.1 | J50: =H50/DAY(B2) -> 1120.525 | N50: 859.42 | O50: =G50-N50 -> 348.98
A51: Fire Emergency Power Panel - 1000A | D51: kwh | E51: ='[1]3'!F51 -> 23524.379 | F51: 24941.39 | G51: =F51-E51 -> 1417.011 | H51: =G51+'[1]3'!H51 -> 5620.903 | J51: =H51/DAY(B2) -> 1405.2257 | N51: 0 | O51: =G51-N51 -> 1417.011
A52: Main Power Panel -1800A | D52: kwh | E52: ='[1]3'!F52 -> 376534.27 | F52: 378351.19 | G52: =F52-E52 -> 1816.92 | H52: =G52+'[1]3'!H52 -> 7228.76 | J52: =H52/DAY(B2) -> 1807.19 | N52: 1313.48 | O52: =G52-N52 -> 503.44
A53: Main Lighting and Small power Panel | D53: kwh | E53: ='[1]3'!F53 -> 57829.125 | F53: 62038.67 | G53: =F53-E53 -> 4209.545 | H53: =G53+'[1]3'!H53 -> 16622.663 | J53: =H53/DAY(B2) -> 4155.6658 | N53: 0 | O53: =G53-N53 -> 4209.545
A54: Capacitor Bank -2 1200KVAR- 2500A | D54: kwh | E54: ='[1]3'!F54 -> 2989.22 | F54: 3034.18 | G54: =F54-E54 -> 44.96 | H54: =G54+'[1]3'!H54 -> 201.18 | J54: =H54/DAY(B2) -> 50.295 | N54: 0 | O54: =G54-N54 -> 44.96
A55: Chiller No -3 - 1200A | D55: kwh | E55: ='[1]3'!F55 -> 158492.73 | F55: 158492.73 | G55: =F55-E55 -> 0 | H55: =G55+'[1]3'!H55 -> -0.27 | J55: =H55/DAY(B2) -> -0.0675 | N55: 0.1 | O55: =G55-N55 -> -0.1
A56: Chiller No-4 - 1200A | D56: Kwh | E56: ='[1]3'!F56 -> 448739.23 | F56: 449323.67 | G56: =F56-E56 -> 584.44 | H56: =G56+'[1]3'!H56 -> 14176.08 | J56: =H56/DAY(B2) -> 3544.02 | N56: 0 | O56: =G56-N56 -> 584.44
A57: Chiller Water pump Panel- 630A | D57: kwh | E57: ='[1]3'!F57 -> 0 | F57: 0 | G57: =F57-E57 -> 0 | H57: =G57+'[1]3'!H57 -> 0 | J57: =H57/DAY(B2) -> 0 | N57: 0 | O57: =G57-N57 -> 0
A58: B2-Loundry power panel | D58: kwh | E58: ='[1]3'!F58 -> 20507.785 | F58: 20705.63 | G58: =F58-E58 -> 197.845 | H58: =G58+'[1]3'!H58 -> 474.587 | J58: =H58/DAY(B2) -> 118.64675 | N58: 43.554 | O58: =G58-N58 -> 154.291
A59: Sub Total | G59: =G49+G50+G51+G52+G53+G54+G55+G56+G57+G58 -> 12326.562 | H59: =G59+'[1]3'!H59 -> 59789.816 | I59: =G7-G60 -> 494.858 | J59: =H59/DAY(B2) -> 14947.454 | N59: 2216.554 | O59: =SUM(O35:O58) -> 4302.708
D60: Total TR1 & TR2 | G60: =G47+G59 -> 19116.142 | H60: =G60+'[1]3'!H60 -> 75805.276 | I60: =G13-G60 -> -188.582 | J60: =H60/DAY(B2) -> 18951.319 | N60: 14722.134 | O60: =G60-N60 -> 4394.008
A61: Floor lighting & Power consumption
A62: 2nd floor plant room | D62: KWh | E62: ='[1]3'!F62 -> 20419 | F62: 20419 | G62: =F62-E62 -> 0 | H62: =G62+'[1]3'!H62 -> -0.18 | J62: =H62/DAY(B2) -> -0.045
A63: 5th floor spa | D63: KWh | E63: ='[1]3'!F63 -> 905.37 | F63: 921.26 | G63: =F63-E63 -> 15.89 | H63: =G63+'[1]3'!H63 -> 64.89 | J63: =H63/DAY(B2) -> 16.2225
A64: 5th Floor | D64: KWh | E64: ='[1]3'!F64 -> 87837.167 | F64: 88211.1 | G64: =F64-E64 -> 373.9325 | H64: =G64+'[1]3'!H64 -> 1472.005 | J64: =H64/DAY(B2) -> 368.00125
A65: 12th Floor | D65: KWh | E65: ='[1]3'!F65 -> 97836.535 | F65: 98242.43 | G65: =F65-E65 -> 405.895 | H65: =G65+'[1]3'!H65 -> 1606.447 | J65: =H65/DAY(B2) -> 401.61175
A66: 20th Floor | D66: KWh | E66: ='[1]3'!F66 -> 91177.495 | F66: 91572.08 | G66: =F66-E66 -> 394.585 | H66: =G66+'[1]3'!H66 -> 1567.233 | J66: =H66/DAY(B2) -> 391.80825
A67: 27th Floor | D67: KWh | E67: ='[1]3'!F67 -> 148230.3 | F67: 148984.41 | G67: =F67-E67 -> 754.11 | H67: =G67+'[1]3'!H67 -> 2942.36 | J67: =H67/DAY(B2) -> 735.59
A68: 34th Floor | D68: KWh | E68: ='[1]3'!F68 -> 44295.247 | F68: 44665.25 | G68: =F68-E68 -> 370.003 | H68: =G68+'[1]3'!H68 -> 1490.171 | J68: =H68/DAY(B2) -> 372.54275
A69: Sanqi | D69: KWh | E69: ='[1]3'!F69 -> 38416.835 | F69: 38707.37 | G69: =F69-E69 -> 290.535 | H69: =G69+'[1]3'!H69 -> 1151.803 | J69: =H69/DAY(B2) -> 287.95075
A70: Consumption of Extra AHU run | D70: KWh
A71: Kitchen consumption
A72: Main kitchen power panel no 1 | D72: KWh | E72: ='[1]3'!F72 -> 844202 | F72: 844210 | G72: =F72-E72 -> 8 | H72: =G72+'[1]3'!H72 -> 33 | J72: =H72/DAY(B2) -> 8.25
A73: Main kitchen power panel no 2 | D73: KWh | E73: ='[1]3'!F73 -> 885314 | F73: 885315 | G73: =F73-E73 -> 1 | H73: =G73+'[1]3'!H73 -> 5 | J73: =H73/DAY(B2) -> 1.25
A74: Prato kitchen power panel | D74: KWh | E74: ='[1]3'!F74 -> 880283 | F74: 880300 | G74: =F74-E74 -> 17 | H74: =G74+'[1]3'!H74 -> 73 | J74: =H74/DAY(B2) -> 18.25
A75: San- Qi Indian Kitchen | D75: KWh | E75: ='[1]3'!F75 -> 726667 | F75: 726853 | G75: =F75-E75 -> 186 | H75: =G75+'[1]3'!H75 -> 673 | J75: =H75/DAY(B2) -> 168.25
A76: San- Qi Japanese Kitchen | D76: KWh | E76: ='[1]3'!F76 -> 681851 | F76: 681909 | G76: =F76-E76 -> 58 | H76: =G76+'[1]3'!H76 -> 233 | J76: =H76/DAY(B2) -> 58.25
A77: The club kitchen | D77: KWh | E77: ='[1]3'!F77 -> 693882 | F77: 693927 | G77: =F77-E77 -> 45 | H77: =G77+'[1]3'!H77 -> 207 | J77: =H77/DAY(B2) -> 51.75
A78: AER Kitchen | D78: KWh | E78: ='[1]3'!F78 -> 619419 | F78: 619781 | G78: =F78-E78 -> 362 | H78: =G78+'[1]3'!H78 -> 1528 | J78: =H78/DAY(B2) -> 382
A79: COLD ROOM'S | D79: KWh | E79: ='[1]3'!F79 -> 798569 | F79: 798760 | G79: =F79-E79 -> 191 | H79: =G79+'[1]3'!H79 -> 774 | J79: =H79/DAY(B2) -> 193.5
A80: Ball Room 1 kitchen | D80: KWh | E80: ='[1]3'!F80 -> 466391.32 | F80: 466729.2 | G80: =F80-E80 -> 337.88 | H80: =G80+'[1]3'!H80 -> 1231.32 | J80: =H80/DAY(B2) -> 307.83
A81: Ball Room 2 kitchen | D81: KWh | E81: ='[1]3'!F81 -> 614852.52 | F81: 615014.12 | G81: =F81-E81 -> 161.6 | H81: =G81+'[1]3'!H81 -> 625.6 | J81: =H81/DAY(B2) -> 156.4
A82: B1 Laundry | D82: kwh | E82: ='[1]3'!F82 -> 103587.19 | F82: 103595.42 | G82: =F82-E82 -> 8.23 | H82: =G82+'[1]3'!H82 -> 65.77 | J82: =H82/DAY(B2) -> 16.4425
A83: STP Electrical | D83: kwh | E83: ='[1]3'!F83 -> 963541 | F83: 963882 | G83: =F83-E83 -> 341 | H83: =G83+'[1]3'!H83 -> 1357 | J83: =H83/DAY(B2) -> 339.25
A84: Cooling Tower | D84: kwh | E84: ='[1]3'!F84 -> 383003 | F84: 383508 | G84: =F84-E84 -> 505 | H84: =G84+'[1]3'!H84 -> 2152 | J84: =H84/DAY(B2) -> 538
A85: Total | G85: =SUM(G71:G84) -> 2221.71 | H85: =G85+'[1]3'!H85 -> 7136.26 | J85: =H85/DAY(B2) -> 1784.065
A86: MOCK Up Room | D86: Kwh | E86: ='[1]3'!F86 -> 440928.52 | F86: 441134.52 | G86: =F86-E86 -> 206 | H86: =G86+'[1]3'!H86 -> 582.85 | J86: =H86/DAY(B2) -> 145.7125
A87: 27th Floor | D87: Kwh | E87: ='[1]3'!F87 -> 76999 | F87: 77032.8 | G87: =F87-E87 -> 33.8 | H87: =G87+'[1]3'!H87 -> 96.3 | J87: =H87/DAY(B2) -> 24.075
A88: Physic57 | D88: Kwh | E88: ='[1]3'!F88 -> 142791.57 | F88: 142862.95 | G88: =F88-E88 -> 71.38 | H88: =G88+'[1]3'!H88 -> 299.57 | J88: =H88/DAY(B2) -> 74.8925
A89: Pinoor Legal- Lighting | D89: Kwh | E89: ='[1]3'!F89 -> 55911.6 | F89: 55967.8 | G89: =F89-E89 -> 56.2 | H89: =G89+'[1]3'!H89 -> 242.7 | I89: =H89+'[1]1'!I89 -> 242.7 | J89: =H89/DAY(B2) -> 60.675 | K89: =I89/DAY(C3) -> #VALUE!
A90: Pinoor Legal- Lighting | D90: Kwh | E90: ='[1]3'!F90 -> 2900.1 | F90: 2905.4 | G90: =F90-E90 -> 5.3 | H90: =G90+'[1]3'!H90 -> 17.4 | I90: =H90+'[1]1'!I90 -> 17.4 | J90: =H90/DAY(B2) -> 4.35 | K90: =I90/DAY(C4) -> #VALUE!
A91: WATER
A92: R.o.plant | D92: KL | E92: ='[1]3'!F92 -> 231230 | F92: 231297 | G92: =F92-E92 -> 67 | H92: =G92+'[1]3'!H92 -> 322 | J92: =H92/DAY(B2) -> 80.5
A93: STP Water Prod | D93: KL | E93: ='[1]3'!F93 -> 163072 | F93: 163199 | G93: =F93-E93 -> 127 | H93: =G93+'[1]3'!H93 -> 557 | J93: =H93/DAY(B2) -> 139.25
A94: Total water Produce | E94: ='[1]3'!F94 -> 0 | G94: =G92+G93 -> 194 | H94: =G94+'[1]3'!H94 -> 616 | J94: =H94/DAY(B2) -> 154
A95: Domestic Zone-1 | D95: KL | E95: ='[1]3'!F95 -> 401716 | F95: 401775 | G95: =F95-E95 -> 59 | H95: =G95+'[1]3'!H95 -> 210 | J95: =H95/DAY(B2) -> 52.5
A96: Domestic Zone-2 | D96: KL | E96: ='[1]3'!F96 -> 99197 | F96: 99222 | G96: =F96-E96 -> 25 | H96: =G96+'[1]3'!H96 -> 111 | J96: =H96/DAY(B2) -> 27.75
A97: Domestic Zone-3 | D97: KL | E97: ='[1]3'!F97 -> 94337 | F97: 94352 | G97: =F97-E97 -> 15 | H97: =G97+'[1]3'!H97 -> 80 | J97: =H97/DAY(B2) -> 20
A98: Flush Zone -1 | D98: KL | E98: ='[1]3'!F98 -> 142320 | F98: 142363 | G98: =F98-E98 -> 43 | H98: =G98+'[1]3'!H98 -> 217 | J98: =H98/DAY(B2) -> 54.25
A99: Flush Zone -2 | D99: KL | E99: ='[1]3'!F99 -> 5035 | F99: 5058 | G99: =F99-E99 -> 23 | H99: =G99+'[1]3'!H99 -> 90 | J99: =H99/DAY(B2) -> 22.5
A100: Flush Zone -3 | D100: KL | E100: ='[1]3'!F100 -> 3674 | F100: 3674 | G100: =F100-E100 -> 0 | H100: =G100+'[1]3'!H100 -> 0 | J100: =H100/DAY(B2) -> 0
...

Sheet 5
A1: Daily Utility Consumption Report
A2: Prepaired by--- Ramesh | B2: 44170 | C2: occupancy | D2: 0.25 | G2: Occupancy% | H2: Electricity | I2: Water | J2: Gas
C3: Avg temp | D3: 28 | E3: Last year same month avg
C4: humidity | D4: 0.76
A5: Description | D5: Unit | E5: Yesterday | F5: Today | G5: units.consum | H5: MTD | I5: Budgeted | J5: Average/Day
A6: ELECTRICAL CONSUMPTION
A7: BEST Supply 11KV | D7: kwh | E7: ='[1]4'!F7 -> 2745430 | F7: 2764568 | G7: =F7-E7 -> 19138 | H7: =G7+'[1]4'!H7 -> 96123 | I7: ='[1]1'!I7 -> 12000 | J7: =H7/DAY(B2) -> 19224.6
A8: BEST supply | D8: KVAH | E8: ='[1]4'!F8 -> 2760925 | F8: 2780265 | G8: =F8-E8 -> 19340 | H8: =G8+'[1]4'!H8 -> 97226 | I8: 12000 | J8: =H8/DAY(B2) -> 19445.2
A9: Transformer - 1 - 2500KVA | D9: kwh | E9: ='[1]4'!F9 -> 2271725.5 | F9: 2278678.7 | G9: =F9-E9 -> 6953.2 | H9: =G9+'[1]4'!H9 -> 21642.2 | I9: =I8-J8 -> -7445.2 | J9: =H9/DAY(B2) -> 4328.44
A10: Transformer - 2 -2500KVA | D10: kwh | E10: ='[1]4'!F10 -> 362418.75 | F10: 373937.87 | G10: =F10-E10 -> 11519.12 | H10: =G10+'[1]4'!H10 -> 70987.58 | J10: =H10/DAY(B2) -> 14197.516 | N10: 108
A11: DG set- 1 - 1425KVA | D11: kwh | E11: ='[1]4'!F11 -> 35390 | F11: 35390 | G11: =F11-E11 -> 0 | H11: =G11+'[1]4'!H11 -> 0 | J11: =H11/DAY(B2) -> 0 | N11: 28
A12: DG set- 2 - 1425KVA | D12: kwh | E12: ='[1]4'!F12 -> 37630 | F12: 37630 | G12: =F12-E12 -> 0 | H12: =G12+'[1]4'!H12 -> 0 | J12: =H12/DAY(B2) -> 0 | N12: 342
A13: SubTotal | G13: =G9+G10+G11+G12 -> 18472.32 | H13: =G13+'[1]4'!H13 -> 92629.78 | I13: =G7-G13 -> 665.68 | J13: =H13/DAY(B2) -> 18525.956 | N13: 349
A14: GAS CONSUMPTION | N14: 432
A15: Gas consumption | D15: m3 | E15: ='[1]4'!F15 -> 1549223.8 | F15: 1549864.3 | G15: =F15-E15 -> 640.456 | H15: =G15+'[1]4'!H15 -> 2966.702 | I15: 800 | J15: =H15/DAY(B2) -> 593.3404
I16: =I15-J15 -> 206.6596
A17: WATER CONSUMPTION
A18: Tankers | D18: KL | E18: ='[1]4'!F18 -> 10 | F18: 12 | G18: =F18*10 -> 120 | H18: =G18+'[1]4'!H18 -> 550 | I18: ='[1]1'!I18 -> 65 | J18: =H18/DAY(B2) -> 110
A19: BMC | D19: KL | E19: ='[1]4'!F19 -> 130013 | F19: 130065 | G19: =F19-E19 -> 52 | H19: =G19+'[1]4'!H19 -> 264 | J19: =H19/DAY(B2) -> 52.8
A20: Total water | G20: =G18+G19 -> 172 | H20: =G20+'[1]4'!H20 -> 814 | I20: =I18-J20 -> -97.8 | J20: =H20/DAY(B2) -> 162.8
A21: DIESEL CONSUMPTION
A22: Boiler House (H.S.D) | D22: L | E22: ='[1]4'!F22 -> 2250 | F22: 2250 | G22: =(F22-E22) -> 0 | H22: =G22+'[1]4'!H22 -> 0 | J22: =H22/DAY(B2) -> 0
A23: D-G Set (H.S.D) | D23: L | E23: ='[1]4'!F23 -> 2000 | F23: 2000 | G23: 0 | H23: =G23+'[1]4'!H23 -> 0 | J23: =H23/DAY(B2) -> 0
A24: Total HSD (H.S.D.) Stock | D24: L | E24: ='[1]4'!F24 -> 4250 | F24: 4250 | G24: 0 | H24: =G24+'[1]4'!H24 -> 0 | J24: =H24/DAY(B2) -> 0
A25: TOTAL CONSUMPTION UNIT &COST
A26: Utilities | D26: Units
A27: Electricity | D27: KVAH | E27: =G8 -> 19340 | F27: 9.5 | G27: =E27*F27 -> 183730 | H27: =G27+'[1]4'!H27 -> 923647 | J27: =H27/DAY(B2) -> 184729.4
A28: C.N.G | D28: Cu.Mtr | E28: =G15 -> 640.456 | F28: 36.5 | G28: =E28*F28 -> 23376.644 | H28: =G28+'[1]4'!H28 -> 108284.62 | J28: =H28/DAY(B2) -> 21656.925
A29: H.S.D | D29: Ltr | E29: =G24 -> 0 | F29: 69 | G29: =E29*F29 -> 0 | H29: =G29+'[1]4'!H29 -> 0 | J29: =H29/DAY(B2) -> 0
A30: Water BMC | D30: Kl | E30: =G19 -> 52 | F30: 145 | G30: =E30*F30 -> 7540 | H30: =G30+'[1]4'!H30 -> 38280 | J30: =H30/DAY(B2) -> 7656
A31: Water Tanker | D31: KL | E31: =G18 -> 120 | F31: 80 | G31: =E31*F31 -> 9600 | H31: =G31+'[1]4'!H31 -> 42400
A32: Total cost | G32: =G27+G28+G29+G30+G31 -> 224246.64 | H32: =G32+'[1]4'!H32 -> 1112611.6 | J32: =H32/DAY(B2) -> 222522.32
A33: BRANCH READINGS & CONSUMPTION
A34: Transformer No 1 (Sub Feeders)
A35: Main HVAC Power Panel- 800A | D35: kwh | E35: ='[1]4'!F35 -> 629027.67 | F35: 629027.67 | G35: =F35-E35 -> 0 | H35: =G35+'[1]4'!H35 -> 0 | J35: =H35/DAY(B2) -> 0
A36: Main Panel BALLROOM LVL-2 -2000A | D36: kwh | E36: ='[1]4'!F36 -> 232736.23 | F36: 233393.45 | G36: =F36-E36 -> 657.22 | H36: =G36+'[1]4'!H36 -> 4307.72 | J36: =H36/DAY(B2) -> 861.544
A37: Fire Emergency Power Panel - 1000A | D37: kwh | E37: ='[1]4'!F37 -> 415066 | F37: 415066 | G37: =F37-E37 -> 0 | H37: =G37+'[1]4'!H37 -> 0 | J37: =H37/DAY(B2) -> 0
A38: Main Power Panel -1600A | D38: kwh | E38: ='[1]4'!F38 -> 150714.2 | F38: 150714.2 | G38: =F38-E38 -> 0 | H38: =G38+'[1]4'!H38 -> 0.2 | J38: =H38/DAY(B2) -> 0.04
A39: Main Lighting and Small power Panel | D39: kwh | E39: ='[1]4'!F39 -> 912480 | F39: 912480 | G39: =F39-E39 -> 0 | H39: =G39+'[1]4'!H39 -> 0 | J39: =H39/DAY(B2) -> 0
A40: Capacitor Bank -1 1100KVAR- 2500A | D40: kwh | E40: ='[1]4'!F40 -> 0.17 | F40: 0.17 | G40: =F40-E40 -> 0 | H40: =G40+'[1]4'!H40 -> 0 | J40: =H40/DAY(B2) -> 0
A41: Chiller No 1 | D41: kwh | E41: ='[1]4'!F41 -> 300127.9 | F41: 300127.9 | G41: =F41-E41 -> 0 | H41: =G41+'[1]4'!H41 -> -0.05 | J41: =H41/DAY(B2) -> -0.01
A42: Chiller No 2- | D42: kwh | E42: ='[1]4'!F42 -> 3678.9 | F42: 7805.77 | G42: =F42-E42 -> 4126.87 | H42: =G42+'[1]4'!H42 -> 7805.77 | J42: =H42/DAY(B2) -> 1561.154
A43: Chiller Water pump Panel- 630A | D43: kwh | E43: ='[1]4'!F43 -> 639436.19 | F43: 641704.11 | G43: =F43-E43 -> 2267.92 | H43: =G43+'[1]4'!H43 -> 10954.8 | J43: =H43/DAY(B2) -> 2190.96
A44: Co-Genrator | D44: kwh | E44: ='[1]4'!F44 -> 0 | F44: 0 | G44: =F44-E44 -> 0 | H44: =G44+'[1]4'!H44 -> 0 | J44: =H44/DAY(B2) -> 0
A45: Lawn Pantry | D45: kwh | E45: ='[1]4'!F45 -> 614 | F45: 614 | G45: =F45-E45 -> 0 | H45: =G45+'[1]4'!H45 -> -0.48 | J45: =H45/DAY(B2) -> -0.096
A46: Pavilion Power | D46: kwh | E46: ='[1]4'!F46 -> 187 | F46: 187 | G46: =F46-E46 -> 0 | H46: =G46+'[1]4'!H46 -> -0.49 | J46: =H46/DAY(B2) -> -0.098
A47: Sub Total | G47: =G35+G36+G37+G38+G39+G40+G41+G42+G43+G44+G45+G46 -> 7052.01 | H47: =G47+'[1]4'!H47 -> 23067.47 | J47: =H47/DAY(B2) -> 4613.494
A48: Transformer No 2 (Sub Feeders)
A49: Main HVAC Power Panel- 800A | D49: kwh | E49: ='[1]4'!F49 -> 72497.08 | F49: 75217.47 | G49: =F49-E49 -> 2720.39 | H49: =G49+'[1]4'!H49 -> 13704.203 | J49: =H49/DAY(B2) -> 2740.8406
A50: Main MV PanelBALLROOM LVL-1- 2000A | D50: kwh | E50: ='[1]4'!F50 -> 300451.19 | F50: 301891.95 | G50: =F50-E50 -> 1440.76 | H50: =G50+'[1]4'!H50 -> 5922.86 | J50: =H50/DAY(B2) -> 1184.572
A51: Fire Emergency Power Panel - 1000A | D51: kwh | E51: ='[1]4'!F51 -> 24941.39 | F51: 26334.9 | G51: =F51-E51 -> 1393.51 | H51: =G51+'[1]4'!H51 -> 7014.413 | J51: =H51/DAY(B2) -> 1402.8826
A52: Main Power Panel -1800A | D52: kwh | E52: ='[1]4'!F52 -> 378351.19 | F52: 380176.95 | G52: =F52-E52 -> 1825.76 | H52: =G52+'[1]4'!H52 -> 9054.52 | J52: =H52/DAY(B2) -> 1810.904
A53: Main Lighting and Small power Panel | D53: kwh | E53: ='[1]4'!F53 -> 62038.67 | F53: 66131.195 | G53: =F53-E53 -> 4092.525 | H53: =G53+'[1]4'!H53 -> 20715.188 | J53: =H53/DAY(B2) -> 4143.0376
A54: Capacitor Bank -2 1200KVAR- 2500A | D54: kwh | E54: ='[1]4'!F54 -> 3034.18 | F54: 3105.86 | G54: =F54-E54 -> 71.68 | H54: =G54+'[1]4'!H54 -> 272.86 | J54: =H54/DAY(B2) -> 54.572
A55: Chiller No -3 - 1200A | D55: kwh | E55: ='[1]4'!F55 -> 158492.73 | F55: 158492.73 | G55: =F55-E55 -> 0 | H55: =G55+'[1]4'!H55 -> -0.27 | J55: =H55/DAY(B2) -> -0.054
A56: Chiller No-4 - 1200A | D56: Kwh | E56: ='[1]4'!F56 -> 449323.67 | F56: 449323.67 | G56: =F56-E56 -> 0 | H56: =G56+'[1]4'!H56 -> 14176.08 | J56: =H56/DAY(B2) -> 2835.216
A57: Chiller Water pump Panel- 630A | D57: kwh | E57: ='[1]4'!F57 -> 0 | F57: 0 | G57: =F57-E57 -> 0 | H57: =G57+'[1]4'!H57 -> 0 | J57: =H57/DAY(B2) -> 0
A58: B2-Loundry power panel | D58: kwh | E58: ='[1]4'!F58 -> 20705.63 | F58: 20775.55 | G58: =F58-E58 -> 69.92 | H58: =G58+'[1]4'!H58 -> 544.507 | J58: =H58/DAY(B2) -> 108.9014
A59: Sub Total | G59: =G49+G50+G51+G52+G53+G54+G55+G56+G57+G58 -> 11614.545 | H59: =G59+'[1]4'!H59 -> 71404.361 | I59: =G7-G60 -> 471.445 | J59: =H59/DAY(B2) -> 14280.872
D60: Total TR1 & TR2 | G60: =G47+G59 -> 18666.555 | H60: =G60+'[1]4'!H60 -> 94471.831 | I60: =G13-G60 -> -194.235 | J60: =H60/DAY(B2) -> 18894.366
A61: Floor lighting & Power consumption
A62: 2nd floor plant room | D62: KWh | E62: ='[1]4'!F62 -> 20419 | F62: 20419 | G62: =F62-E62 -> 0 | H62: =G62+'[1]4'!H62 -> -0.18 | J62: =H62/DAY(B2) -> -0.036
A63: 5th floor spa | D63: KWh | E63: ='[1]4'!F63 -> 921.26 | F63: 936.41 | G63: =F63-E63 -> 15.15 | H63: =G63+'[1]4'!H63 -> 80.04 | J63: =H63/DAY(B2) -> 16.008
A64: 5th Floor | D64: KWh | E64: ='[1]4'!F64 -> 88211.1 | F64: 88557.11 | G64: =F64-E64 -> 346.01 | H64: =G64+'[1]4'!H64 -> 1818.015 | J64: =H64/DAY(B2) -> 363.603
A65: 12th Floor | D65: KWh | E65: ='[1]4'!F65 -> 98242.43 | F65: 98627.43 | G65: =F65-E65 -> 385 | H65: =G65+'[1]4'!H65 -> 1991.447 | J65: =H65/DAY(B2) -> 398.2894
A66: 20th Floor | D66: KWh | E66: ='[1]4'!F66 -> 91572.08 | F66: 91945.93 | G66: =F66-E66 -> 373.85 | H66: =G66+'[1]4'!H66 -> 1941.083 | J66: =H66/DAY(B2) -> 388.2166
A67: 27th Floor | D67: KWh | E67: ='[1]4'!F67 -> 148984.41 | F67: 149652.07 | G67: =F67-E67 -> 667.66 | H67: =G67+'[1]4'!H67 -> 3610.02 | J67: =H67/DAY(B2) -> 722.004
A68: 34th Floor | D68: KWh | E68: ='[1]4'!F68 -> 44665.25 | F68: 45023.35 | G68: =F68-E68 -> 358.1 | H68: =G68+'[1]4'!H68 -> 1848.271 | J68: =H68/DAY(B2) -> 369.6542
A69: Sanqi | D69: KWh | E69: ='[1]4'!F69 -> 38707.37 | F69: 38992.93 | G69: =F69-E69 -> 285.56 | H69: =G69+'[1]4'!H69 -> 1437.363 | J69: =H69/DAY(B2) -> 287.4726
A70: Consumption of Extra AHU run | D70: KWh
A71: Kitchen consumption
A72: Main kitchen power panel no 1 | D72: KWh | E72: ='[1]4'!F72 -> 844210 | F72: 844218 | G72: =F72-E72 -> 8 | H72: =G72+'[1]4'!H72 -> 41 | J72: =H72/DAY(B2) -> 8.2
A73: Main kitchen power panel no 2 | D73: KWh | E73: ='[1]4'!F73 -> 885315 | F73: 885336 | G73: =F73-E73 -> 21 | H73: =G73+'[1]4'!H73 -> 26 | J73: =H73/DAY(B2) -> 5.2
A74: Prato kitchen power panel | D74: KWh | E74: ='[1]4'!F74 -> 880300 | F74: 880325 | G74: =F74-E74 -> 25 | H74: =G74+'[1]4'!H74 -> 98 | J74: =H74/DAY(B2) -> 19.6
A75: San- Qi Indian Kitchen | D75: KWh | E75: ='[1]4'!F75 -> 726853 | F75: 727038 | G75: =F75-E75 -> 185 | H75: =G75+'[1]4'!H75 -> 858 | J75: =H75/DAY(B2) -> 171.6
A76: San- Qi Japanese Kitchen | D76: KWh | E76: ='[1]4'!F76 -> 681909 | F76: 681969 | G76: =F76-E76 -> 60 | H76: =G76+'[1]4'!H76 -> 293 | J76: =H76/DAY(B2) -> 58.6
A77: The club kitchen | D77: KWh | E77: ='[1]4'!F77 -> 693927 | F77: 693984 | G77: =F77-E77 -> 57 | H77: =G77+'[1]4'!H77 -> 264 | J77: =H77/DAY(B2) -> 52.8
A78: AER Kitchen | D78: KWh | E78: ='[1]4'!F78 -> 619781 | F78: 620230 | G78: =F78-E78 -> 449 | H78: =G78+'[1]4'!H78 -> 1977 | J78: =H78/DAY(B2) -> 395.4
A79: COLD ROOM'S | D79: KWh | E79: ='[1]4'!F79 -> 798760 | F79: 798952 | G79: =F79-E79 -> 192 | H79: =G79+'[1]4'!H79 -> 966 | J79: =H79/DAY(B2) -> 193.2
A80: Ball Room 1 kitchen | D80: KWh | E80: ='[1]4'!F80 -> 466729.2 | F80: 467087.48 | G80: =F80-E80 -> 358.28 | H80: =G80+'[1]4'!H80 -> 1589.6 | J80: =H80/DAY(B2) -> 317.92
A81: Ball Room 2 kitchen | D81: KWh | E81: ='[1]4'!F81 -> 615014.12 | F81: 615176.64 | G81: =F81-E81 -> 162.52 | H81: =G81+'[1]4'!H81 -> 788.12 | J81: =H81/DAY(B2) -> 157.624
A82: B1 Laundry | D82: kwh | E82: ='[1]4'!F82 -> 103595.42 | F82: 103623.09 | G82: =F82-E82 -> 27.67 | H82: =G82+'[1]4'!H82 -> 93.44 | J82: =H82/DAY(B2) -> 18.688
A83: STP Electrical | D83: kwh | E83: ='[1]4'!F83 -> 963882 | F83: 964228 | G83: =F83-E83 -> 346 | H83: =G83+'[1]4'!H83 -> 1703 | J83: =H83/DAY(B2) -> 340.6
A84: Cooling Tower | D84: kwh | E84: ='[1]4'!F84 -> 383508 | F84: 384119 | G84: =F84-E84 -> 611 | H84: =G84+'[1]4'!H84 -> 2763 | J84: =H84/DAY(B2) -> 552.6
A85: Total | E85: ='[1]4'!F85 -> 0 | G85: =SUM(G71:G84) -> 2502.47 | H85: =G85+'[1]4'!H85 -> 9638.73 | J85: =H85/DAY(B2) -> 1927.746
A86: MOCK Up Room | D86: Kwh | E86: ='[1]4'!F86 -> 441134.52 | F86: 441332.84 | G86: =F86-E86 -> 198.32 | H86: =G86 -> 198.32 | J86: =H86/DAY(B2) -> 39.664 | N86: =G86-173 -> 25.32
A87: 27th Floor | D87: Kwh | E87: ='[1]4'!F87 -> 77032.8 | F87: 77051.8 | G87: =F87-E87 -> 19 | H87: =G87 -> 19 | J87: =H87/DAY(B2) -> 3.8 | N87: 108
A88: Physic57 | D88: Kwh | E88: ='[1]4'!F88 -> 142862.95 | F88: 142905.76 | G88: =F88-E88 -> 42.81 | H88: =G88 -> 42.81 | J88: =H88/DAY(B2) -> 8.562 | N88: 28
A89: Pinoor Legal- Power | D89: Kwh | E89: ='[1]4'!F89 -> 55967.8 | F89: =55967.8+50 -> 56017.8 | G89: =F89-E89 -> 50 | H89: =G89 -> 50 | J89: =H89/DAY(B2) -> 10 | N89: 342
A90: Pinoor Legal- Lighting | D90: Kwh | E90: ='[1]4'!F90 -> 2905.4 | F90: 2909 | G90: =F90-E90 -> 3.6 | H90: =G90 -> 3.6 | J90: =H90/DAY(B2) -> 0.72 | N90: 349
A91: WATER
A92: R.o.plant | D92: KL | E92: ='[1]4'!F92 -> 231297 | F92: 231368 | G92: =F92-E92 -> 71 | H92: =G92+'[1]4'!H92 -> 393 | J92: =H92/DAY(B2) -> 78.6
A93: STP Water Prod | D93: KL | E93: ='[1]4'!F93 -> 163199 | F93: 163312 | G93: =F93-E93 -> 113 | H93: =G93+'[1]4'!H93 -> 670 | J93: =H93/DAY(B2) -> 134
A94: Total water Produce | G94: =G92+G93 -> 184 | H94: =G94+'[1]4'!H94 -> 800 | J94: =H94/DAY(B2) -> 160
A95: Domestic Zone-1 | D95: KL | E95: ='[1]4'!F95 -> 401775 | F95: 401831 | G95: =F95-E95 -> 56 | H95: =G95+'[1]4'!H95 -> 266 | J95: =H95/DAY(B2) -> 53.2
A96: Domestic Zone-2 | D96: KL | E96: ='[1]4'!F96 -> 99222 | F96: 99249 | G96: =F96-E96 -> 27 | H96: =G96+'[1]4'!H96 -> 138 | J96: =H96/DAY(B2) -> 27.6
A97: Domestic Zone-3 | D97: KL | E97: ='[1]4'!F97 -> 94352 | F97: 94372 | G97: =F97-E97 -> 20 | H97: =G97+'[1]4'!H97 -> 100 | J97: =H97/DAY(B2) -> 20
A98: Flush Zone -1 | D98: KL | E98: ='[1]4'!F98 -> 142363 | F98: 142404 | G98: =F98-E98 -> 41 | H98: =G98+'[1]4'!H98 -> 258 | J98: =H98/DAY(B2) -> 51.6
A99: Flush Zone -2 | D99: KL | E99: ='[1]4'!F99 -> 5058 | F99: 5085 | G99: =F99-E99 -> 27 | H99: =G99+'[1]4'!H99 -> 117 | J99: =H99/DAY(B2) -> 23.4
A100: Flush Zone -3 | D100: KL | E100: ='[1]4'!F100 -> 3674 | F100: 3674 | G100: =F100-E100 -> 0 | H100: =G100+'[1]4'!H100 -> 0 | J100: =H100/DAY(B2) -> 0
...

Sheet 6
A1: Daily Utility Consumption Report
A2: Prepaired by--- Prakash | B2: 44171 | C2: occupancy | D2: 0.25 | G2: Occupancy% | H2: Electricity | I2: Water | J2: Gas
C3: Avg temp | D3: 35 | E3: Last year same month avg
C4: humidity | D4: 0.8
A5: Description | E5: Yesterday | F5: Today | G5: units.consum | H5: MTD | I5: Budgeted | J5: Average/Day
A6: ELECTRICAL CONSUMPTION
A7: BEST Supply 11KV | D7: kwh | E7: ='[1]5'!F7 -> 2764568 | F7: 2784199 | G7: =F7-E7 -> 19631 | H7: =G7+'[1]5'!H7 -> 115754 | I7: ='[1]1'!I7 -> 12000 | J7: =H7/DAY(B2) -> 19292.333
A8: BEST supply | D8: KVAH | E8: ='[1]5'!F8 -> 2780265 | F8: 2800142 | G8: =F8-E8 -> 19877 | H8: =G8+'[1]5'!H8 -> 117103 | I8: 12000 | J8: =H8/DAY(B2) -> 19517.167
A9: Transformer - 1 - 2500KVA | D9: kwh | E9: ='[1]5'!F9 -> 2278678.7 | F9: 2285370 | G9: =F9-E9 -> 6691.3 | H9: =G9+'[1]5'!H9 -> 28333.5 | I9: =I8-J8 -> -7517.1667 | J9: =H9/DAY(B2) -> 4722.25
A10: Transformer - 2 -2500KVA | D10: kwh | E10: ='[1]5'!F10 -> 373937.87 | F10: 386184.55 | G10: =F10-E10 -> 12246.68 | H10: =G10+'[1]5'!H10 -> 83234.26 | J10: =H10/DAY(B2) -> 13872.377
A11: DG set- 1 - 1425KVA | D11: kwh | E11: ='[1]5'!F11 -> 35390 | F11: 35390 | G11: =F11-E11 -> 0 | H11: =G11+'[1]5'!H11 -> 0 | J11: =H11/DAY(B2) -> 0
A12: DG set- 2 - 1425KVA | D12: kwh | E12: ='[1]5'!F12 -> 37630 | F12: 37630 | G12: =F12-E12 -> 0 | H12: =G12+'[1]5'!H12 -> 0 | J12: =H12/DAY(B2) -> 0
A13: SubTotal | G13: =G9+G10+G11+G12 -> 18937.98 | H13: =G13+'[1]5'!H13 -> 111567.76 | I13: =G7-G13 -> 693.02 | J13: =H13/DAY(B2) -> 18594.627
A14: GAS CONSUMPTION
A15: Gas consumption | D15: m3 | E15: ='[1]5'!F15 -> 1549864.3 | F15: 1550610 | G15: =(F15-E15) -> 745.697 | H15: =G15+'[1]5'!H15 -> 3712.399 | I15: 800 | J15: =H15/DAY(B2) -> 618.73317
I16: =I15-J15 -> 181.26683
A17: WATER CONSUMPTION
A18: Tankers | D18: KL | E18: ='[1]5'!F18 -> 12 | F18: 11 | G18: =F18*10 -> 110 | H18: =G18+'[1]5'!H18 -> 660 | I18: ='[1]1'!I18 -> 65 | J18: =H18/DAY(B2) -> 110
A19: BMC | D19: KL | E19: ='[1]5'!F19 -> 130065 | F19: 130123 | G19: =F19-E19 -> 58 | H19: =G19+'[1]5'!H19 -> 322 | J19: =H19/DAY(B2) -> 53.666667
A20: Total water | G20: =G18+G19 -> 168 | H20: =G20+'[1]5'!H20 -> 982 | I20: =I18-J20 -> -98.666667 | J20: =H20/DAY(B2) -> 163.66667
A21: DIESEL CONSUMPTION
A22: Boiler House (H.S.D) | D22: L | E22: ='[1]5'!F22 -> 2250 | F22: 2250 | G22: =(F22-E22) -> 0 | H22: =G22+'[1]5'!H22 -> 0 | J22: =H22/DAY(B2) -> 0
A23: D-G Set (H.S.D) | D23: L | E23: ='[1]5'!F23 -> 2000 | F23: 2000 | G23: 0 | H23: =G23+'[1]5'!H23 -> 0 | J23: =H23/DAY(B2) -> 0
A24: Total HSD (H.S.D.) Stock | D24: L | E24: ='[1]5'!F24 -> 4250 | F24: 4250 | G24: 0 | H24: =G24+'[1]5'!H24 -> 0 | J24: =H24/DAY(B2) -> 0
A25: TOTAL CONSUMPTION UNIT &COST
A26: Utilities | D26: Units
A27: Electricity | D27: KVAH | E27: =G8 -> 19877 | F27: 9.5 | G27: =E27*F27 -> 188831.5 | H27: =G27+'[1]5'!H27 -> 1112478.5 | J27: =H27/DAY(B2) -> 185413.08
A28: C.N.G | D28: Cu.Mtr | E28: =G15 -> 745.697 | F28: 36.5 | G28: =E28*F28 -> 27217.94 | H28: =G28+'[1]5'!H28 -> 135502.56 | J28: =H28/DAY(B2) -> 22583.761
A29: H.S.D | D29: Ltr | E29: =G24 -> 0 | F29: 69 | G29: =E29*F29 -> 0 | H29: =G29+'[1]5'!H29 -> 0 | J29: =H29/DAY(B2) -> 0
A30: Water BMC | D30: Kl | E30: =G19 -> 58 | F30: 145 | G30: =E30*F30 -> 8410 | H30: =G30+'[1]5'!H30 -> 46690 | J30: =H30/DAY(B2) -> 7781.6667
A31: Water Tanker | D31: KL | E31: =G18 -> 110 | F31: 80 | G31: =E31*F31 -> 8800 | H31: =G31+'[1]5'!H31 -> 51200
A32: Total cost | G32: =G27+G28+G29+G30+G31 -> 233259.44 | H32: =G32+'[1]5'!H32 -> 1345871.1 | J32: =H32/DAY(B2) -> 224311.84
A33: BRANCH READINGS & CONSUMPTION
A34: Transformer No 1 (Sub Feeders)
A35: Main HVAC Power Panel- 800A | D35: kwh | E35: ='[1]5'!F35 -> 629027.67 | F35: 629027.67 | G35: =F35-E35 -> 0 | H35: =G35+'[1]5'!H35 -> 0 | J35: =H35/DAY(B2) -> 0
A36: Main Panel BALLROOM LVL-2 -2000A | D36: kwh | E36: ='[1]5'!F36 -> 233393.45 | F36: 234045.77 | G36: =F36-E36 -> 652.32 | H36: =G36+'[1]5'!H36 -> 4960.04 | J36: =H36/DAY(B2) -> 826.67333
A37: Fire Emergency Power Panel - 1000A | D37: kwh | E37: ='[1]5'!F37 -> 415066 | F37: 415066 | G37: =F37-E37 -> 0 | H37: =G37+'[1]5'!H37 -> 0 | J37: =H37/DAY(B2) -> 0
A38: Main Power Panel -1600A | D38: kwh | E38: ='[1]5'!F38 -> 150714.2 | F38: 150714.38 | G38: =F38-E38 -> 0.18 | H38: =G38+'[1]5'!H38 -> 0.38 | J38: =H38/DAY(B2) -> 0.063333333
A39: Main Lighting and Small power Panel | D39: kwh | E39: ='[1]5'!F39 -> 912480 | F39: 912480 | G39: =F39-E39 -> 0 | H39: =G39+'[1]5'!H39 -> 0 | J39: =H39/DAY(B2) -> 0
A40: Capacitor Bank -1 1100KVAR- 2500A | D40: kwh | E40: ='[1]5'!F40 -> 0.17 | F40: 0.17 | G40: =F40-E40 -> 0 | H40: =G40+'[1]5'!H40 -> 0 | J40: =H40/DAY(B2) -> 0
A41: Chiller No 1 | D41: kwh | E41: ='[1]5'!F41 -> 300127.9 | F41: 300127.9 | G41: =F41-E41 -> 0 | H41: =G41+'[1]5'!H41 -> -0.05 | J41: =H41/DAY(B2) -> -0.0083333333
A42: Chiller No 2- | D42: kwh | E42: ='[1]5'!F42 -> 7805.77 | F42: 11603.86 | G42: =F42-E42 -> 3798.09 | H42: =G42+'[1]5'!H42 -> 11603.86 | J42: =H42/DAY(B2) -> 1933.9767
A43: Chiller Water pump Panel- 630A | D43: kwh | E43: ='[1]5'!F43 -> 641704.11 | F43: 644050.15 | G43: =F43-E43 -> 2346.04 | H43: =G43+'[1]5'!H43 -> 13300.84 | J43: =H43/DAY(B2) -> 2216.8067
A44: Co-Genrator | D44: kwh | E44: ='[1]5'!F44 -> 0 | F44: 0 | G44: =F44-E44 -> 0 | H44: =G44+'[1]5'!H44 -> 0 | J44: =H44/DAY(B2) -> 0
A45: Lawn Pantry | D45: kwh | E45: ='[1]5'!F45 -> 614 | F45: 614 | G45: =F45-E45 -> 0 | H45: =G45+'[1]5'!H45 -> -0.48 | J45: =H45/DAY(B2) -> -0.08
A46: Pavilion Power | D46: kwh | E46: ='[1]5'!F46 -> 187 | F46: 187 | G46: =F46-E46 -> 0 | H46: =G46+'[1]5'!H46 -> -0.49 | J46: =H46/DAY(B2) -> -0.081666667
A47: Sub Total | G47: =G35+G36+G37+G38+G39+G40+G41+G42+G43+G44+G45+G46 -> 6796.63 | H47: =G47+'[1]5'!H47 -> 29864.1 | J47: =H47/DAY(B2) -> 4977.35
A48: Transformer No 2 (Sub Feeders)
A49: Main HVAC Power Panel- 800A | D49: kwh | E49: ='[1]5'!F49 -> 75217.47 | F49: 78010.72 | G49: =F49-E49 -> 2793.25 | H49: =G49+'[1]5'!H49 -> 16497.453 | J49: =H49/DAY(B2) -> 2749.5755
A50: Main MV PanelBALLROOM LVL-1- 2000A | D50: kwh | E50: ='[1]5'!F50 -> 301891.95 | F50: 303513.39 | G50: =F50-E50 -> 1621.44 | H50: =G50+'[1]5'!H50 -> 7544.3 | J50: =H50/DAY(B2) -> 1257.3833
A51: Fire Emergency Power Panel - 1000A | D51: kwh | E51: ='[1]5'!F51 -> 26334.9 | F51: 27829.89 | G51: =F51-E51 -> 1494.99 | H51: =G51+'[1]5'!H51 -> 8509.403 | J51: =H51/DAY(B2) -> 1418.2338
A52: Main Power Panel -1800A | D52: kwh | E52: ='[1]5'!F52 -> 380176.95 | F52: 382126.43 | G52: =F52-E52 -> 1949.48 | H52: =G52+'[1]5'!H52 -> 11004 | J52: =H52/DAY(B2) -> 1834
A53: Main Lighting and Small power Panel | D53: kwh | E53: ='[1]5'!F53 -> 66131.195 | F53: 70411.3 | G53: =F53-E53 -> 4280.105 | H53: =G53+'[1]5'!H53 -> 24995.293 | J53: =H53/DAY(B2) -> 4165.8822
A54: Capacitor Bank -2 1200KVAR- 2500A | D54: kwh | E54: ='[1]5'!F54 -> 3105.86 | F54: 3161.04 | G54: =F54-E54 -> 55.18 | H54: =G54+'[1]5'!H54 -> 328.04 | J54: =H54/DAY(B2) -> 54.673333
A55: Chiller No -3 - 1200A | D55: kwh | E55: ='[1]5'!F55 -> 158492.73 | F55: 158492.73 | G55: =F55-E55 -> 0 | H55: =G55+'[1]5'!H55 -> -0.27 | J55: =H55/DAY(B2) -> -0.045
A56: Chiller No-4 - 1200A | D56: Kwh | E56: ='[1]5'!F56 -> 449323.67 | F56: 449323.67 | G56: =F56-E56 -> 0 | H56: =G56+'[1]5'!H56 -> 14176.08 | J56: =H56/DAY(B2) -> 2362.68
A57: Chiller Water pump Panel- 630A | D57: kwh | E57: ='[1]5'!F57 -> 0 | F57: 0 | G57: =F57-E57 -> 0 | H57: =G57+'[1]5'!H57 -> 0 | J57: =H57/DAY(B2) -> 0
A58: B2-Loundry power panel | D58: kwh | E58: ='[1]5'!F58 -> 20775.55 | F58: 20921.03 | G58: =F58-E58 -> 145.48 | H58: =G58+'[1]5'!H58 -> 689.987 | J58: =H58/DAY(B2) -> 114.99783
A59: Sub Total | G59: =G49+G50+G51+G52+G53+G54+G55+G56+G57+G58 -> 12339.925 | H59: =G59+'[1]5'!H59 -> 83744.286 | I59: =G7-G60 -> 494.445 | J59: =H59/DAY(B2) -> 13957.381
D60: Total TR1 & TR2 | G60: =G47+G59 -> 19136.555 | H60: =G60+'[1]5'!H60 -> 113608.39 | I60: =G13-G60 -> -198.575 | J60: =H60/DAY(B2) -> 18934.731
A61: Floor lighting & Power consumption
A62: 2nd floor plant room | D62: KWh | E62: ='[1]5'!F62 -> 20419 | F62: 20419 | G62: =F62-E62 -> 0 | H62: =G62+'[1]5'!H62 -> -0.18 | J62: =H62/DAY(B2) -> -0.03
A63: 5th floor spa | D63: KWh | E63: ='[1]5'!F63 -> 936.41 | F63: 952.16 | G63: =F63-E63 -> 15.75 | H63: =G63+'[1]5'!H63 -> 95.79 | J63: =H63/DAY(B2) -> 15.965
A64: 5th Floor | D64: KWh | E64: ='[1]5'!F64 -> 88557.11 | F64: 88907.15 | G64: =F64-E64 -> 350.04 | H64: =G64+'[1]5'!H64 -> 2168.055 | J64: =H64/DAY(B2) -> 361.3425
A65: 12th Floor | D65: KWh | E65: ='[1]5'!F65 -> 98627.43 | F65: 99026.24 | G65: =F65-E65 -> 398.81 | H65: =G65+'[1]5'!H65 -> 2390.257 | J65: =H65/DAY(B2) -> 398.37617
A66: 20th Floor | D66: KWh | E66: ='[1]5'!F66 -> 91945.93 | F66: 92339.94 | G66: =F66-E66 -> 394.01 | H66: =G66+'[1]5'!H66 -> 2335.093 | J66: =H66/DAY(B2) -> 389.18217
A67: 27th Floor | D67: KWh | E67: ='[1]5'!F67 -> 149652.07 | F67: 150353.44 | G67: =F67-E67 -> 701.37 | H67: =G67+'[1]5'!H67 -> 4311.39 | J67: =H67/DAY(B2) -> 718.565
A68: 34th Floor | D68: KWh | E68: ='[1]5'!F68 -> 45023.35 | F68: 45390.72 | G68: =F68-E68 -> 367.37 | H68: =G68+'[1]5'!H68 -> 2215.641 | J68: =H68/DAY(B2) -> 369.2735
A69: Sanqi | D69: KWh | E69: ='[1]5'!F69 -> 38992.93 | F69: 39290.95 | G69: =F69-E69 -> 298.02 | H69: =G69+'[1]5'!H69 -> 1735.383 | J69: =H69/DAY(B2) -> 289.2305
A70: Consumption of Extra AHU run | D70: KWh
A71: Kitchen consumption
A72: Main kitchen power panel no 1 | D72: KWh | E72: ='[1]5'!F72 -> 844218 | F72: 844226 | G72: =F72-E72 -> 8 | H72: =G72+'[1]5'!H72 -> 49 | J72: =H72/DAY(B2) -> 8.1666667
A73: Main kitchen power panel no 2 | D73: KWh | E73: ='[1]5'!F73 -> 885336 | F73: 885357 | G73: =F73-E73 -> 21 | H73: =G73+'[1]5'!H73 -> 47 | J73: =H73/DAY(B2) -> 7.8333333
A74: Prato kitchen power panel | D74: KWh | E74: ='[1]5'!F74 -> 880325 | F74: 880345 | G74: =F74-E74 -> 20 | H74: =G74+'[1]5'!H74 -> 118 | J74: =H74/DAY(B2) -> 19.666667
A75: San- Qi Indian Kitchen | D75: KWh | E75: ='[1]5'!F75 -> 727038 | F75: 727220 | G75: =F75-E75 -> 182 | H75: =G75+'[1]5'!H75 -> 1040 | J75: =H75/DAY(B2) -> 173.33333
A76: San- Qi Japanese Kitchen | D76: KWh | E76: ='[1]5'!F76 -> 681969 | F76: 682033 | G76: =F76-E76 -> 64 | H76: =G76+'[1]5'!H76 -> 357 | J76: =H76/DAY(B2) -> 59.5
A77: The club kitchen | D77: KWh | E77: ='[1]5'!F77 -> 693984 | F77: 694033 | G77: =F77-E77 -> 49 | H77: =G77+'[1]5'!H77 -> 313 | J77: =H77/DAY(B2) -> 52.166667
A78: AER Kitchen | D78: KWh | E78: ='[1]5'!F78 -> 620230 | F78: 620638 | G78: =F78-E78 -> 408 | H78: =G78+'[1]5'!H78 -> 2385 | J78: =H78/DAY(B2) -> 397.5
A79: COLD ROOM'S | D79: KWh | E79: ='[1]5'!F79 -> 798952 | F79: 799143 | G79: =F79-E79 -> 191 | H79: =G79+'[1]5'!H79 -> 1157 | J79: =H79/DAY(B2) -> 192.83333
A80: Ball Room 1 kitchen | D80: KWh | E80: ='[1]5'!F80 -> 467087.48 | F80: 467424 | G80: =F80-E80 -> 336.52 | H80: =G80+'[1]5'!H80 -> 1926.12 | J80: =H80/DAY(B2) -> 321.02
A81: Ball Room 2 kitchen | D81: KWh | E81: ='[1]5'!F81 -> 615176.64 | F81: 615339 | G81: =F81-E81 -> 162.36 | H81: =G81+'[1]5'!H81 -> 950.48 | J81: =H81/DAY(B2) -> 158.41333
A82: B1 Laundry | D82: kwh | E82: ='[1]5'!F82 -> 103623.09 | F82: 103632 | G82: =F82-E82 -> 8.91 | H82: =G82+'[1]5'!H82 -> 102.35 | J82: =H82/DAY(B2) -> 17.058333
A83: STP Electrical | D83: kwh | E83: ='[1]5'!F83 -> 964228 | F83: 964555 | G83: =F83-E83 -> 327 | H83: =G83+'[1]5'!H83 -> 2030 | J83: =H83/DAY(B2) -> 338.33333
A84: Cooling Tower | D84: kwh | E84: ='[1]5'!F84 -> 384119 | F84: 384672 | G84: =F84-E84 -> 553 | H84: =G84+'[1]5'!H84 -> 3316 | J84: =H84/DAY(B2) -> 552.66667
A85: Total | G85: =SUM(G71:G84) -> 2330.79 | H85: =G85+'[1]5'!H85 -> 11969.52 | J85: =H85/DAY(B2) -> 1994.92
A86: MOCK Up Room | D86: Kwh | E86: ='[1]5'!F86 -> 441332.84 | F86: 441467 | G86: =F86-E86 -> 134.16 | H86: =G86 -> 134.16 | J86: =H86/DAY(B2) -> 22.36
A87: 27th Floor | D87: Kwh | E87: ='[1]5'!F87 -> 77051.8 | F87: 77060.9 | G87: =F87-E87 -> 9.1 | H87: =G87 -> 9.1 | J87: =H87/DAY(B2) -> 1.5166667
A88: Physic57 | D88: Kwh | E88: ='[1]5'!F88 -> 142905.76 | F88: 142964.99 | G88: =F88-E88 -> 59.23 | H88: =G88 -> 59.23 | J88: =H88/DAY(B2) -> 9.8716667
A89: Pinoor Legal- Lighting | D89: Kwh | E89: ='[1]5'!F89 -> 56017.8 | F89: 56071.9 | G89: =F89-E89 -> 54.1 | H89: =G89 -> 54.1 | J89: =H89/DAY(B2) -> 9.0166667
A90: Pinoor Legal- Lighting | D90: Kwh | E90: ='[1]5'!F90 -> 2909 | F90: 2910.4 | G90: =F90-E90 -> 1.4 | H90: =G90 -> 1.4 | J90: =H90/DAY(B2) -> 0.23333333
A91: WATER
A92: R.o.plant | D92: KL | E92: ='[1]5'!F92 -> 231368 | F92: 231484 | G92: =F92-E92 -> 116 | H92: =G92+'[1]5'!H92 -> 509 | J92: =H92/DAY(B2) -> 84.833333
A93: STP Water Prod | D93: KL | E93: ='[1]5'!F93 -> 163312 | F93: 163454 | G93: =F93-E93 -> 142 | H93: =G93+'[1]5'!H93 -> 812 | J93: =H93/DAY(B2) -> 135.33333
A94: Total water Produce | E94: ='[1]5'!F94 -> 0 | G94: =G92+G93 -> 258 | H94: =G94+'[1]5'!H94 -> 1058 | J94: =H94/DAY(B2) -> 176.33333
A95: Domestic Zone-1 | D95: KL | E95: ='[1]5'!F95 -> 401831 | F95: 401888 | G95: =F95-E95 -> 57 | H95: =G95+'[1]5'!H95 -> 323 | J95: =H95/DAY(B2) -> 53.833333
A96: Domestic Zone-2 | D96: KL | E96: ='[1]5'!F96 -> 99249 | F96: 99285 | G96: =F96-E96 -> 36 | H96: =G96+'[1]5'!H96 -> 174 | J96: =H96/DAY(B2) -> 29
A97: Domestic Zone-3 | D97: KL | E97: ='[1]5'!F97 -> 94372 | F97: 94393 | G97: =F97-E97 -> 21 | H97: =G97+'[1]5'!H97 -> 121 | J97: =H97/DAY(B2) -> 20.166667
A98: Flush Zone -1 | D98: KL | E98: ='[1]5'!F98 -> 142404 | F98: 142457 | G98: =F98-E98 -> 53 | H98: =G98+'[1]5'!H98 -> 311 | J98: =H98/DAY(B2) -> 51.833333
A99: Flush Zone -2 | D99: KL | E99: ='[1]5'!F99 -> 5085 | F99: 5109 | G99: =F99-E99 -> 24 | H99: =G99+'[1]5'!H99 -> 141 | J99: =H99/DAY(B2) -> 23.5
A100: Flush Zone -3 | D100: KL | E100: ='[1]5'!F100 -> 3674 | F100: 3674 | G100: =F100-E100 -> 0 | H100: =G100+'[1]5'!H100 -> 0 | J100: =H100/DAY(B2) -> 0
...

Sheet 7
A1: Daily Utility Consumption Report
A2: Prepaired by--- Prakash | B2: 44172 | C2: occupancy | D2: 0.54 | G2: Occupancy% | H2: Electricity | I2: Water | J2: Gas
C3: Avg temp | D3: 28 | E3: Last year same month avg
C4: humidity | D4: 0.78
A5: Description | E5: Yesterday | F5: Today | G5: units.consum | H5: MTD | I5: Budgeted | J5: Average/Day
A6: ELECTRICAL CONSUMPTION
A7: BEST Supply 11KV | D7: kwh | E7: ='[1]6'!F7 -> 2784199 | F7: 2805903 | G7: =F7-E7 -> 21704 | H7: =G7+'[1]6'!H7 -> 137458 | I7: ='[1]1'!I7 -> 12000 | J7: =H7/DAY(B2) -> 19636.857
A8: BEST supply | D8: KVAH | E8: ='[1]6'!F8 -> 2800142 | F8: 2822001 | G8: =F8-E8 -> 21859 | H8: =G8+'[1]6'!H8 -> 138962 | I8: 12000 | J8: =H8/DAY(B2) -> 19851.714
A9: Transformer - 1 - 2500KVA | D9: kwh | E9: ='[1]6'!F9 -> 2285370 | F9: 2293383.3 | G9: =F9-E9 -> 8013.3 | H9: =G9+'[1]6'!H9 -> 36346.8 | I9: =I8-J8 -> -7851.7143 | J9: =H9/DAY(B2) -> 5192.4
A10: Transformer - 2 -2500KVA | D10: kwh | E10: ='[1]6'!F10 -> 386184.55 | F10: 399129.19 | G10: =F10-E10 -> 12944.64 | H10: =G10+'[1]6'!H10 -> 96178.9 | J10: =H10/DAY(B2) -> 13739.843
A11: DG set- 1 - 1425KVA | D11: kwh | E11: ='[1]6'!F11 -> 35390 | F11: 35390 | G11: =F11-E11 -> 0 | H11: =G11+'[1]6'!H11 -> 0 | J11: =H11/DAY(B2) -> 0
A12: DG set- 2 - 1425KVA | D12: kwh | E12: ='[1]6'!F12 -> 37630 | F12: 37630 | G12: =F12-E12 -> 0 | H12: =G12+'[1]6'!H12 -> 0 | J12: =H12/DAY(B2) -> 0
A13: SubTotal | G13: =G9+G10+G11+G12 -> 20957.94 | H13: =G13+'[1]6'!H13 -> 132525.7 | I13: =G7-G13 -> 746.06 | J13: =H13/DAY(B2) -> 18932.243
A14: GAS CONSUMPTION
A15: Gas consumption | D15: m3 | E15: ='[1]6'!F15 -> 1550610 | F15: 1551319 | G15: =(F15-E15) -> 709 | H15: =G15+'[1]6'!H15 -> 4421.399 | I15: 800 | J15: =H15/DAY(B2) -> 631.62843
I16: =I15-J15 -> 168.37157
A17: WATER CONSUMPTION
A18: Tankers | D18: KL | E18: ='[1]6'!F18 -> 11 | F18: 8 | G18: =F18*10 -> 80 | H18: =G18+'[1]6'!H18 -> 740 | I18: ='[1]1'!I18 -> 65 | J18: =H18/DAY(B2) -> 105.71429
A19: BMC | D19: KL | E19: ='[1]6'!F19 -> 130123 | F19: 130180 | G19: =F19-E19 -> 57 | H19: =G19+'[1]6'!H19 -> 379 | J19: =H19/DAY(B2) -> 54.142857
A20: Total water | G20: =G18+G19 -> 137 | H20: =G20+'[1]6'!H20 -> 1119 | I20: =I18-J20 -> -94.857143 | J20: =H20/DAY(B2) -> 159.85714
A21: DIESEL CONSUMPTION
A22: Boiler House (H.S.D) | D22: L | E22: ='[1]6'!F22 -> 2250 | F22: 2250 | G22: =(F22-E22) -> 0 | H22: =G22+'[1]6'!H22 -> 0 | J22: =H22/DAY(B2) -> 0
A23: D-G Set (H.S.D) | D23: L | E23: ='[1]6'!F23 -> 2000 | F23: 2000 | G23: 0 | H23: =G23+'[1]6'!H23 -> 0 | J23: =H23/DAY(B2) -> 0
A24: Total HSD (H.S.D.) Stock | D24: L | E24: ='[1]6'!F24 -> 4250 | F24: 4250 | G24: 0 | H24: =G24+'[1]6'!H24 -> 0 | J24: =H24/DAY(B2) -> 0
A25: TOTAL CONSUMPTION UNIT &COST
A26: Utilities | D26: Units
A27: Electricity | D27: KVAH | E27: =G8 -> 21859 | F27: 9.5 | G27: =E27*F27 -> 207660.5 | H27: =G27+'[1]6'!H27 -> 1320139 | J27: =H27/DAY(B2) -> 188591.29
A28: C.N.G | D28: Cu.Mtr | E28: =G15 -> 709 | F28: 36.5 | G28: =E28*F28 -> 25878.5 | H28: =G28+'[1]6'!H28 -> 161381.06 | J28: =H28/DAY(B2) -> 23054.438
A29: H.S.D | D29: Ltr | E29: =G24 -> 0 | F29: 69 | G29: =E29*F29 -> 0 | H29: =G29+'[1]6'!H29 -> 0 | J29: =H29/DAY(B2) -> 0
A30: Water BMC | D30: Kl | E30: =G19 -> 57 | F30: 145 | G30: =E30*F30 -> 8265 | H30: =G30+'[1]6'!H30 -> 54955 | J30: =H30/DAY(B2) -> 7850.7143
A31: Water Tanker | D31: KL | E31: =G18 -> 80 | F31: 80 | G31: =E31*F31 -> 6400 | H31: =G31+'[1]6'!H31 -> 57600
A32: Total cost | G32: =G27+G28+G29+G30+G31 -> 248204 | H32: =G32+'[1]6'!H32 -> 1594075.1 | J32: =H32/DAY(B2) -> 227725.01
A33: BRANCH READINGS & CONSUMPTION
A34: Transformer No 1 (Sub Feeders)
A35: Main HVAC Power Panel- 800A | D35: kwh | E35: ='[1]6'!F35 -> 629027.67 | F35: 629027.67 | G35: =F35-E35 -> 0 | H35: =G35+'[1]6'!H35 -> 0 | J35: =H35/DAY(B2) -> 0
A36: Main Panel BALLROOM LVL-2 -2000A | D36: kwh | E36: ='[1]6'!F36 -> 234045.77 | F36: 235244.83 | G36: =F36-E36 -> 1199.06 | H36: =G36+'[1]6'!H36 -> 6159.1 | J36: =H36/DAY(B2) -> 879.87143
A37: Fire Emergency Power Panel - 1000A | D37: kwh | E37: ='[1]6'!F37 -> 415066 | F37: 415066 | G37: =F37-E37 -> 0 | H37: =G37+'[1]6'!H37 -> 0 | J37: =H37/DAY(B2) -> 0
A38: Main Power Panel -1600A | D38: kwh | E38: ='[1]6'!F38 -> 150714.38 | F38: 150714 | G38: =F38-E38 -> -0.38 | H38: =G38+'[1]6'!H38 -> 0 | J38: =H38/DAY(B2) -> 0
A39: Main Lighting and Small power Panel | D39: kwh | E39: ='[1]6'!F39 -> 912480 | F39: 912480 | G39: =F39-E39 -> 0 | H39: =G39+'[1]6'!H39 -> 0 | J39: =H39/DAY(B2) -> 0
A40: Capacitor Bank -1 1100KVAR- 2500A | D40: kwh | E40: ='[1]6'!F40 -> 0.17 | F40: 0.17 | G40: =F40-E40 -> 0 | H40: =G40+'[1]6'!H40 -> 0 | J40: =H40/DAY(B2) -> 0
A41: Chiller No 1 | D41: kwh | E41: ='[1]6'!F41 -> 300127.9 | F41: 300127.9 | G41: =F41-E41 -> 0 | H41: =G41+'[1]6'!H41 -> -0.05 | J41: =H41/DAY(B2) -> -0.0071428571
A42: Chiller No 2- | D42: kwh | E42: ='[1]6'!F42 -> 11603.86 | F42: 16151.84 | G42: =F42-E42 -> 4547.98 | H42: =G42+'[1]6'!H42 -> 16151.84 | J42: =H42/DAY(B2) -> 2307.4057
A43: Chiller Water pump Panel- 630A | D43: kwh | E43: ='[1]6'!F43 -> 644050.15 | F43: 646426.03 | G43: =F43-E43 -> 2375.88 | H43: =G43+'[1]6'!H43 -> 15676.72 | J43: =H43/DAY(B2) -> 2239.5314
A44: Co-Genrator | D44: kwh | E44: ='[1]6'!F44 -> 0 | F44: 0 | G44: =F44-E44 -> 0 | H44: =G44+'[1]6'!H44 -> 0 | J44: =H44/DAY(B2) -> 0
A45: Lawn Pantry | D45: kwh | E45: ='[1]6'!F45 -> 614 | F45: 614 | G45: =F45-E45 -> 0 | H45: =G45+'[1]6'!H45 -> -0.48 | J45: =H45/DAY(B2) -> -0.068571429
A46: Pavilion Power | D46: kwh | E46: ='[1]6'!F46 -> 187 | F46: 187 | G46: =F46-E46 -> 0 | H46: =G46+'[1]6'!H46 -> -0.49 | J46: =H46/DAY(B2) -> -0.07
A47: Sub Total | G47: =G35+G36+G37+G38+G39+G40+G41+G42+G43+G44+G45+G46 -> 8122.54 | H47: =G47+'[1]6'!H47 -> 37986.64 | J47: =H47/DAY(B2) -> 5426.6629
A48: Transformer No 2 (Sub Feeders)
A49: Main HVAC Power Panel- 800A | D49: kwh | E49: ='[1]6'!F49 -> 78010.72 | F49: 80928.88 | G49: =F49-E49 -> 2918.16 | H49: =G49+'[1]6'!H49 -> 19415.613 | J49: =H49/DAY(B2) -> 2773.659
A50: Main MV PanelBALLROOM LVL-1- 2000A | D50: kwh | E50: ='[1]6'!F50 -> 303513.39 | F50: 305297.41 | G50: =F50-E50 -> 1784.02 | H50: =G50+'[1]6'!H50 -> 9328.32 | J50: =H50/DAY(B2) -> 1332.6171
A51: Fire Emergency Power Panel - 1000A | D51: kwh | E51: ='[1]6'!F51 -> 27829.89 | F51: 29371.1 | G51: =F51-E51 -> 1541.21 | H51: =G51+'[1]6'!H51 -> 10050.613 | J51: =H51/DAY(B2) -> 1435.8019
A52: Main Power Panel -1800A | D52: kwh | E52: ='[1]6'!F52 -> 382126.43 | F52: 384200.71 | G52: =F52-E52 -> 2074.28 | H52: =G52+'[1]6'!H52 -> 13078.28 | J52: =H52/DAY(B2) -> 1868.3257
A53: Main Lighting and Small power Panel | D53: kwh | E53: ='[1]6'!F53 -> 70411.3 | F53: 74927.47 | G53: =F53-E53 -> 4516.17 | H53: =G53+'[1]6'!H53 -> 29511.463 | J53: =H53/DAY(B2) -> 4215.9233
A54: Capacitor Bank -2 1200KVAR- 2500A | D54: kwh | E54: ='[1]6'!F54 -> 3161.04 | F54: 3203.71 | G54: =F54-E54 -> 42.67 | H54: =G54+'[1]6'!H54 -> 370.71 | J54: =H54/DAY(B2) -> 52.958571
A55: Chiller No -3 - 1200A | D55: kwh | E55: ='[1]6'!F55 -> 158492.73 | F55: 158492.73 | G55: =F55-E55 -> 0 | H55: =G55+'[1]6'!H55 -> -0.27 | J55: =H55/DAY(B2) -> -0.038571429
A56: Chiller No-4 - 1200A | D56: Kwh | E56: ='[1]6'!F56 -> 449323.67 | F56: 449323.67 | G56: =F56-E56 -> 0 | H56: =G56+'[1]6'!H56 -> 14176.08 | J56: =H56/DAY(B2) -> 2025.1543
A57: Chiller Water pump Panel- 630A | D57: kwh | E57: ='[1]6'!F57 -> 0 | F57: 0 | G57: =F57-E57 -> 0 | H57: =G57+'[1]6'!H57 -> 0 | J57: =H57/DAY(B2) -> 0
A58: B2-Loundry power panel | D58: kwh | E58: ='[1]6'!F58 -> 20921.03 | F58: 21025.94 | G58: =F58-E58 -> 104.91 | H58: =G58+'[1]6'!H58 -> 794.897 | J58: =H58/DAY(B2) -> 113.55671
A59: Sub Total | G59: =G49+G50+G51+G52+G53+G54+G55+G56+G57+G58 -> 12981.42 | H59: =G59+'[1]6'!H59 -> 96725.706 | I59: =G7-G60 -> 600.04 | J59: =H59/DAY(B2) -> 13817.958
D60: Total TR1 & TR2 | G60: =G47+G59 -> 21103.96 | H60: =G60+'[1]6'!H60 -> 134712.35 | I60: =G13-G60 -> -146.02 | J60: =H60/DAY(B2) -> 19244.621
A61: Floor lighting & Power consumption
A62: 2nd floor plant room | D62: KWh | E62: ='[1]6'!F62 -> 20419 | F62: 20419 | G62: =F62-E62 -> 0 | H62: =G62+'[1]6'!H62 -> -0.18 | J62: =H62/DAY(B2) -> -0.025714286
A63: 5th floor spa | D63: KWh | E63: ='[1]6'!F63 -> 952.16 | F63: 966.57 | G63: =F63-E63 -> 14.41 | H63: =G63+'[1]6'!H63 -> 110.2 | J63: =H63/DAY(B2) -> 15.742857
A64: 5th Floor | D64: KWh | E64: ='[1]6'!F64 -> 88907.15 | F64: 89266.99 | G64: =F64-E64 -> 359.84 | H64: =G64+'[1]6'!H64 -> 2527.895 | J64: =H64/DAY(B2) -> 361.12786
A65: 12th Floor | D65: KWh | E65: ='[1]6'!F65 -> 99026.24 | F65: 99436.99 | G65: =F65-E65 -> 410.75 | H65: =G65+'[1]6'!H65 -> 2801.007 | J65: =H65/DAY(B2) -> 400.14386
A66: 20th Floor | D66: KWh | E66: ='[1]6'!F66 -> 92339.94 | F66: 92743.51 | G66: =F66-E66 -> 403.57 | H66: =G66+'[1]6'!H66 -> 2738.663 | J66: =H66/DAY(B2) -> 391.23757
A67: 27th Floor | D67: KWh | E67: ='[1]6'!F67 -> 150353.44 | F67: 151119.51 | G67: =F67-E67 -> 766.07 | H67: =G67+'[1]6'!H67 -> 5077.46 | J67: =H67/DAY(B2) -> 725.35143
A68: 34th Floor | D68: KWh | E68: ='[1]6'!F68 -> 45390.72 | F68: 45753.05 | G68: =F68-E68 -> 362.33 | H68: =G68+'[1]6'!H68 -> 2577.971 | J68: =H68/DAY(B2) -> 368.28157
A69: Sanqi | D69: KWh | E69: ='[1]6'!F69 -> 39290.95 | F69: 39584.13 | G69: =F69-E69 -> 293.18 | H69: =G69+'[1]6'!H69 -> 2028.563 | J69: =H69/DAY(B2) -> 289.79471
A70: Consumption of Extra AHU run | D70: KWh
A71: Kitchen consumption
A72: Main kitchen power panel no 1 | D72: KWh | E72: ='[1]6'!F72 -> 844226 | F72: 844242 | G72: =F72-E72 -> 16 | H72: =G72+'[1]6'!H72 -> 65 | J72: =H72/DAY(B2) -> 9.2857143
A73: Main kitchen power panel no 2 | D73: KWh | E73: ='[1]6'!F73 -> 885357 | F73: 885407 | G73: =F73-E73 -> 50 | H73: =G73+'[1]6'!H73 -> 97 | J73: =H73/DAY(B2) -> 13.857143
A74: Prato kitchen power panel | D74: KWh | E74: ='[1]6'!F74 -> 880345 | F74: 880409 | G74: =F74-E74 -> 64 | H74: =G74+'[1]6'!H74 -> 182 | J74: =H74/DAY(B2) -> 26
