Workbook

Sheet Comp.decembre
B2: Designation | C2: Emplacement | D2: 01 | E2: Cons | F2: 02 | G2: Cons | H2: 03 | I2: Cons | J2: 04 | K2: Cons | L2: 05 | M2: Cons | N2: 06 | O2: Cons | P2: 07 | Q2: Cons | R2: 08 | S2: Cons | T2: 09 | U2: Cons | V2: 10 | W2: Cons | X2: 11 | Y2: Cons | Z2: 12 | AA2: Cons | AB2: 13 | AC2: Cons | AD2: 14 | AE2: Cons | AF2: 15 | AG2: Cons | AH2: 16 | AI2: Cons | AJ2: 17 | AK2: Cons | AL2: 18 | AM2: Cons | AN2: 19 | AO2: Cons | AP2: 20 | AQ2: Cons | AR2: 21 | AS2: Cons | AT2: 22 | AU2: Cons | AV2: 23 | AW2: Cons | AX2: 24 | AY2: Cons | AZ2: 25 | BA2: Cons | BB2: 26 | BC2: Cons | BD2: 27 | BE2: Cons | BF2: 28 | BG2: Cons | BH2: 29 | BI2: Cons | BJ2: 30 | BK2: Cons | BL2: 31 | BM2: Cons | BN2: Total
A3: 1 | B3: AFI.1/S | C3: Groupe Froid Indus 1 | D3: 71728 | E3: 0 | F3: 71782 | G3: =F3-D3 -> 54 | H3: 71842 | I3: =H3-F3 -> 60 | J3: 71899 | K3: =J3-H3 -> 57 | L3: 71951 | M3: =L3-J3 -> 52 | N3: 72004 | O3: =N3-L3 -> 53 | P3: 72056 | Q3: =P3-N3 -> 52 | R3: 72109 | S3: =R3-P3 -> 53 | T3: 72156 | U3: =T3-R3 -> 47 | V3: 72216 | W3: =V3-T3 -> 60 | X3: 72280 | Y3: =X3-V3 -> 64 | Z3: 72377 | AA3: =Z3-X3 -> 97 | AB3: 72392 | AC3: =AB3-Z3 -> 15 | AD3: 72443 | AE3: =AD3-AB3 -> 51 | AF3: 72497 | AG3: =AF3-AD3 -> 54 | AH3: 72553 | AI3: =AH3-AF3 -> 56 | AJ3: 72618 | AK3: =AJ3-AH3 -> 65 | AL3: 72675 | AM3: =AL3-AJ3 -> 57 | AN3: 72744 | AO3: =AN3-AL3 -> 69 | AP3: 72824 | AQ3: =AP3-AN3 -> 80 | AR3: 72901 | AS3: =AR3-AP3 -> 77 | AT3: 72972 | AU3: =AT3-AR3 -> 71 | AV3: 73050 | AW3: =AV3-AT3 -> 78 | AX3: 73121 | AY3: =AX3-AV3 -> 71 | AZ3: 73191 | BA3: =AZ3-AX3 -> 70 | BB3: 73250 | BC3: =BB3-AZ3 -> 59 | BD3: 73315 | BE3: =BD3-BB3 -> 65 | BF3: 73380 | BG3: =BF3-BD3 -> 65 | BH3: 73453 | BI3: =BH3-BF3 -> 73 | BJ3: 73509 | BK3: =BJ3-BH3 -> 56 | BL3: 73561 | BM3: =BL3-BJ3 -> 52 | BN3: =BL3-D3 -> 1833
A4: 2 | B4: 1501/S | C4: Beach Bar | D4: 97355 | E4: 0 | F4: 97378 | G4: =F4-D4 -> 23 | H4: 97381 | I4: =H4-F4 -> 3 | J4: 97383 | K4: =J4-H4 -> 2 | L4: 97441 | M4: =L4-J4 -> 58 | N4: 97521 | O4: =N4-L4 -> 80 | P4: 97599 | Q4: =P4-N4 -> 78 | R4: 97674 | S4: =R4-P4 -> 75 | T4: 97743 | U4: =T4-R4 -> 69 | V4: 97815 | W4: =V4-T4 -> 72 | X4: 97830 | Y4: =X4-V4 -> 15 | Z4: 97832 | AA4: =Z4-X4 -> 2 | AB4: 97843 | AC4: =AB4-Z4 -> 11 | AD4: 97859 | AE4: =AD4-AB4 -> 16 | AF4: 97905 | AG4: =AF4-AD4 -> 46 | AH4: 97954 | AI4: =AH4-AF4 -> 49 | AJ4: 97972 | AK4: =AJ4-AH4 -> 18 | AL4: 97996 | AM4: =AL4-AJ4 -> 24 | AN4: 98054 | AO4: =AN4-AL4 -> 58 | AP4: 98126 | AQ4: =AP4-AN4 -> 72 | AR4: 98216 | AS4: =AR4-AP4 -> 90 | AT4: 98362 | AU4: =AT4-AR4 -> 146 | AV4: 98481 | AW4: =AV4-AT4 -> 119 | AX4: 98532 | AY4: =AX4-AV4 -> 51 | AZ4: 98577 | BA4: =AZ4-AX4 -> 45 | BB4: 98628 | BC4: =BB4-AZ4 -> 51 | BD4: 98703 | BE4: =BD4-BB4 -> 75 | BF4: 98805 | BG4: =BF4-BD4 -> 102 | BH4: 98950 | BI4: =BH4-BF4 -> 145 | BJ4: 99105 | BK4: =BJ4-BH4 -> 155 | BL4: 99256 | BM4: =BL4-BJ4 -> 151 | BN4: =BL4-D4 -> 1901
A5: 3 | B5: 1101/S | C5: SGX zone de service secours | D5: 18804 | E5: 0 | F5: 18807 | G5: =F5-D5 -> 3 | H5: 18811 | I5: =H5-F5 -> 4 | J5: 18818 | K5: =J5-H5 -> 7 | L5: 18824 | M5: =L5-J5 -> 6 | N5: 18835 | O5: =N5-L5 -> 11 | P5: 18839 | Q5: =P5-N5 -> 4 | R5: 18843 | S5: =R5-P5 -> 4 | T5: 18845 | U5: =T5-R5 -> 2 | V5: 18847 | W5: =V5-T5 -> 2 | X5: 18848 | Y5: =X5-V5 -> 1 | Z5: 18856 | AA5: =Z5-X5 -> 8 | AB5: 18866 | AC5: =AB5-Z5 -> 10 | AD5: 18869 | AE5: =AD5-AB5 -> 3 | AF5: 18870 | AG5: =AF5-AD5 -> 1 | AH5: 18878 | AI5: =AH5-AF5 -> 8 | AJ5: 18887 | AK5: =AJ5-AH5 -> 9 | AL5: 18893 | AM5: =AL5-AJ5 -> 6 | AN5: 18901 | AO5: =AN5-AL5 -> 8 | AP5: 18911 | AQ5: =AP5-AN5 -> 10 | AR5: 18919 | AS5: =AR5-AP5 -> 8 | AT5: 18923 | AU5: =AT5-AR5 -> 4 | AV5: 18927 | AW5: =AV5-AT5 -> 4 | AX5: 18932 | AY5: =AX5-AV5 -> 5 | AZ5: 18938 | BA5: =AZ5-AX5 -> 6 | BB5: 18941 | BC5: =BB5-AZ5 -> 3 | BD5: 18946 | BE5: =BD5-BB5 -> 5 | BF5: 18955 | BG5: =BF5-BD5 -> 9 | BH5: 18956 | BI5: =BH5-BF5 -> 1 | BJ5: 18956 | BK5: =BJ5-BH5 -> 0 | BL5: 18958 | BM5: =BL5-BJ5 -> 2 | BN5: =BL5-D5 -> 154
A6: 4 | B6: 6300/S | C6: Gen.Rest.Spécialité Secours | D6: 20284 | E6: 0 | F6: 20296 | G6: =F6-D6 -> 12 | H6: 20312 | I6: =H6-F6 -> 16 | J6: 20322 | K6: =J6-H6 -> 10 | L6: 20334 | M6: =L6-J6 -> 12 | N6: 20342 | O6: =N6-L6 -> 8 | P6: 20346 | Q6: =P6-N6 -> 4 | R6: 20352 | S6: =R6-P6 -> 6 | T6: 20358 | U6: =T6-R6 -> 6 | V6: 20368 | W6: =V6-T6 -> 10 | X6: 20372 | Y6: =X6-V6 -> 4 | Z6: 20377 | AA6: =Z6-X6 -> 5 | AB6: 20382 | AC6: =AB6-Z6 -> 5 | AD6: 20388 | AE6: =AD6-AB6 -> 6 | AF6: 20395 | AG6: =AF6-AD6 -> 7 | AH6: 20404 | AI6: =AH6-AF6 -> 9 | AJ6: 20408 | AK6: =AJ6-AH6 -> 4 | AL6: 20414 | AM6: =AL6-AJ6 -> 6 | AN6: 20426 | AO6: =AN6-AL6 -> 12 | AP6: 20431 | AQ6: =AP6-AN6 -> 5 | AR6: 20440 | AS6: =AR6-AP6 -> 9 | AT6: 20449 | AU6: =AT6-AR6 -> 9 | AV6: 20460 | AW6: =AV6-AT6 -> 11 | AX6: 20473 | AY6: =AX6-AV6 -> 13 | AZ6: 20484 | BA6: =AZ6-AX6 -> 11 | BB6: 20493 | BC6: =BB6-AZ6 -> 9 | BD6: 20502 | BE6: =BD6-BB6 -> 9 | BF6: 20513 | BG6: =BF6-BD6 -> 11 | BH6: 20526 | BI6: =BH6-BF6 -> 13 | BJ6: 20539 | BK6: =BJ6-BH6 -> 13 | BL6: 20546 | BM6: =BL6-BJ6 -> 7 | BN6: =BL6-D6 -> 262
A7: 5 | B7: 4305/S | C7: SGX Rest.Menu+ young adult | D7: 257024 | E7: 0 | F7: 257202 | G7: =F7-D7 -> 178 | H7: 257375 | I7: =H7-F7 -> 173 | J7: 257549 | K7: =J7-H7 -> 174 | L7: 257729 | M7: =L7-J7 -> 180 | N7: 257930 | O7: =N7-L7 -> 201 | P7: 258104 | Q7: =P7-N7 -> 174 | R7: 258290 | S7: =R7-P7 -> 186 | T7: 258471 | U7: =T7-R7 -> 181 | V7: 258662 | W7: =V7-T7 -> 191 | X7: 258843 | Y7: =X7-V7 -> 181 | Z7: 259027 | AA7: =Z7-X7 -> 184 | AB7: 259218 | AC7: =AB7-Z7 -> 191 | AD7: 259421 | AE7: =AD7-AB7 -> 203 | AF7: 259606 | AG7: =AF7-AD7 -> 185 | AH7: 259780 | AI7: =AH7-AF7 -> 174 | AJ7: 259971 | AK7: =AJ7-AH7 -> 191 | AL7: 260166 | AM7: =AL7-AJ7 -> 195 | AN7: 260343 | AO7: =AN7-AL7 -> 177 | AP7: 260530 | AQ7: =AP7-AN7 -> 187 | AR7: 260722 | AS7: =AR7-AP7 -> 192 | AT7: 260890 | AU7: =AT7-AR7 -> 168 | AV7: 261068 | AW7: =AV7-AT7 -> 178 | AX7: 261241 | AY7: =AX7-AV7 -> 173 | AZ7: 261415 | BA7: =AZ7-AX7 -> 174 | BB7: 261587 | BC7: =BB7-AZ7 -> 172 | BD7: 261770 | BE7: =BD7-BB7 -> 183 | BF7: 261956 | BG7: =BF7-BD7 -> 186 | BH7: 262142 | BI7: =BH7-BF7 -> 186 | BJ7: 262325 | BK7: =BJ7-BH7 -> 183 | BL7: 262500 | BM7: =BL7-BJ7 -> 175 | BN7: =BL7-D7 -> 5476
A8: 6 | B8: Onduleur | C8: Onduleur Principal 1er | D8: 4666 | E8: 0 | F8: 4668 | G8: =F8-D8 -> 2 | H8: 4671 | I8: =H8-F8 -> 3 | J8: 4674 | K8: =J8-H8 -> 3 | L8: 4677 | M8: =L8-J8 -> 3 | N8: 4679 | O8: =N8-L8 -> 2 | P8: 4682 | Q8: =P8-N8 -> 3 | R8: 4684 | S8: =R8-P8 -> 2 | T8: 4686 | U8: =T8-R8 -> 2 | V8: 4689 | W8: =V8-T8 -> 3 | X8: 4692 | Y8: =X8-V8 -> 3 | Z8: 4694 | AA8: =Z8-X8 -> 2 | AB8: 4697 | AC8: =AB8-Z8 -> 3 | AD8: 4699 | AE8: =AD8-AB8 -> 2 | AF8: 4701 | AG8: =AF8-AD8 -> 2 | AH8: 4703 | AI8: =AH8-AF8 -> 2 | AJ8: 4706 | AK8: =AJ8-AH8 -> 3 | AL8: 4708 | AM8: =AL8-AJ8 -> 2 | AN8: 4711 | AO8: =AN8-AL8 -> 3 | AP8: 4713 | AQ8: =AP8-AN8 -> 2 | AR8: 4716 | AS8: =AR8-AP8 -> 3 | AT8: 4719 | AU8: =AT8-AR8 -> 3 | AV8: 4721 | AW8: =AV8-AT8 -> 2 | AX8: 4724 | AY8: =AX8-AV8 -> 3 | AZ8: 4727 | BA8: =AZ8-AX8 -> 3 | BB8: 4729 | BC8: =BB8-AZ8 -> 2 | BD8: 4732 | BE8: =BD8-BB8 -> 3 | BF8: 4735 | BG8: =BF8-BD8 -> 3 | BH8: 4739 | BI8: =BH8-BF8 -> 4 | BJ8: 4742 | BK8: =BJ8-BH8 -> 3 | BL8: 4745 | BM8: =BL8-BJ8 -> 3 | BN8: =BL8-D8 -> 79
A9: 7 | B9: A1/S | C9: Bloc A Hebergement | D9: 7847 | E9: 0 | F9: 7880 | G9: =F9-D9 -> 33 | H9: 7914 | I9: =H9-F9 -> 34 | J9: 7932 | K9: =J9-H9 -> 18 | L9: 7949 | M9: =L9-J9 -> 17 | N9: 7963 | O9: =N9-L9 -> 14 | P9: 7974 | Q9: =P9-N9 -> 11 | R9: 7983 | S9: =R9-P9 -> 9 | T9: 7996 | U9: =T9-R9 -> 13 | V9: 8011 | W9: =V9-T9 -> 15 | X9: 8025 | Y9: =X9-V9 -> 14 | Z9: 8032 | AA9: =Z9-X9 -> 7 | AB9: 8040 | AC9: =AB9-Z9 -> 8 | AD9: 8052 | AE9: =AD9-AB9 -> 12 | AF9: 8064 | AG9: =AF9-AD9 -> 12 | AH9: 8078 | AI9: =AH9-AF9 -> 14 | AJ9: 8091 | AK9: =AJ9-AH9 -> 13 | AL9: 8109 | AM9: =AL9-AJ9 -> 18 | AN9: 8126 | AO9: =AN9-AL9 -> 17 | AP9: 8132 | AQ9: =AP9-AN9 -> 6 | AR9: 8145 | AS9: =AR9-AP9 -> 13 | AT9: 8165 | AU9: =AT9-AR9 -> 20 | AV9: 8186 | AW9: =AV9-AT9 -> 21 | AX9: 8206 | AY9: =AX9-AV9 -> 20 | AZ9: 8229 | BA9: =AZ9-AX9 -> 23 | BB9: 8246 | BC9: =BB9-AZ9 -> 17 | BD9: 8272 | BE9: =BD9-BB9 -> 26 | BF9: 8292 | BG9: =BF9-BD9 -> 20 | BH9: 8318 | BI9: =BH9-BF9 -> 26 | BJ9: 8340 | BK9: =BJ9-BH9 -> 22 | BL9: 8363 | BM9: =BL9-BJ9 -> 23 | BN9: =BL9-D9 -> 516
A10: 8 | B10: B1/S | C10: Bloc B Hebergement | D10: 505010 | E10: 0 | F10: 505364 | G10: =F10-D10 -> 354 | H10: 505733 | I10: =H10-F10 -> 369 | J10: 506105 | K10: =J10-H10 -> 372 | L10: 506492 | M10: =L10-J10 -> 387 | N10: 506858 | O10: =N10-L10 -> 366 | P10: 507236 | Q10: =P10-N10 -> 378 | R10: 507620 | S10: =R10-P10 -> 384 | T10: 507976 | U10: =T10-R10 -> 356 | V10: 508364 | W10: =V10-T10 -> 388 | X10: 508735 | Y10: =X10-V10 -> 371 | Z10: 509113 | AA10: =Z10-X10 -> 378 | AB10: 509483 | AC10: =AB10-Z10 -> 370 | AD10: 509868 | AE10: =AD10-AB10 -> 385 | AF10: 510244 | AG10: =AF10-AD10 -> 376 | AH10: 510610 | AI10: =AH10-AF10 -> 366 | AJ10: 510992 | AK10: =AJ10-AH10 -> 382 | AL10: 511377 | AM10: =AL10-AJ10 -> 385 | AN10: 511754 | AO10: =AN10-AL10 -> 377 | AP10: 512127 | AQ10: =AP10-AN10 -> 373 | AR10: 512506 | AS10: =AR10-AP10 -> 379 | AT10: 512886 | AU10: =AT10-AR10 -> 380 | AV10: 513266 | AW10: =AV10-AT10 -> 380 | AX10: 513636 | AY10: =AX10-AV10 -> 370 | AZ10: 514019 | BA10: =AZ10-AX10 -> 383 | BB10: 514412 | BC10: =BB10-AZ10 -> 393 | BD10: 514798 | BE10: =BD10-BB10 -> 386 | BF10: 515175 | BG10: =BF10-BD10 -> 377 | BH10: 515573 | BI10: =BH10-BF10 -> 398 | BJ10: 515958 | BK10: =BJ10-BH10 -> 385 | BL10: 516363 | BM10: =BL10-BJ10 -> 405 | BN10: =BL10-D10 -> 11353
A11: 9 | B11: TGBT Heb | C11: TGBT Hebergement | D11: 87602 | E11: 0 | F11: 87646 | G11: =F11-D11 -> 44 | H11: 87686 | I11: =H11-F11 -> 40 | J11: 87722 | K11: =J11-H11 -> 36 | L11: 87754 | M11: =L11-J11 -> 32 | N11: 87782 | O11: =N11-L11 -> 28 | P11: 87819 | Q11: =P11-N11 -> 37 | R11: 87855 | S11: =R11-P11 -> 36 | T11: 87890 | U11: =T11-R11 -> 35 | V11: 87923 | W11: =V11-T11 -> 33 | X11: 87943 | Y11: =X11-V11 -> 20 | Z11: 87964 | AA11: =Z11-X11 -> 21 | AB11: 87991 | AC11: =AB11-Z11 -> 27 | AD11: 88015 | AE11: =AD11-AB11 -> 24 | AF11: 88039 | AG11: =AF11-AD11 -> 24 | AH11: 88064 | AI11: =AH11-AF11 -> 25 | AJ11: 88091 | AK11: =AJ11-AH11 -> 27 | AL11: 88129 | AM11: =AL11-AJ11 -> 38 | AN11: 88182 | AO11: =AN11-AL11 -> 53 | AP11: 88239 | AQ11: =AP11-AN11 -> 57 | AR11: 88287 | AS11: =AR11-AP11 -> 48 | AT11: 88331 | AU11: =AT11-AR11 -> 44 | AV11: 88367 | AW11: =AV11-AT11 -> 36 | AX11: 88413 | AY11: =AX11-AV11 -> 46 | AZ11: 88456 | BA11: =AZ11-AX11 -> 43 | BB11: 88498 | BC11: =BB11-AZ11 -> 42 | BD11: 88534 | BE11: =BD11-BB11 -> 36 | BF11: 88555 | BG11: =BF11-BD11 -> 21 | BH11: 88575 | BI11: =BH11-BF11 -> 20 | BJ11: 88598 | BK11: =BJ11-BH11 -> 23 | BL11: 88627 | BM11: =BL11-BJ11 -> 29 | BN11: =BL11-D11 -> 1025
A12: 10 | B12: T.Asc.1 | C12: S1,S2,P2,P3,P6,P7 | D12: 8021 | E12: 0 | F12: 8021 | G12: =F12-D12 -> 0 | H12: 8022 | I12: =H12-F12 -> 1 | J12: 8022 | K12: =J12-H12 -> 0 | L12: 8023 | M12: =L12-J12 -> 1 | N12: 8023 | O12: =N12-L12 -> 0 | P12: 8024 | Q12: =P12-N12 -> 1 | R12: 8024 | S12: =R12-P12 -> 0 | T12: 8024 | U12: =T12-R12 -> 0 | V12: 8024 | W12: =V12-T12 -> 0 | X12: 8025 | Y12: =X12-V12 -> 1 | Z12: 8025 | AA12: =Z12-X12 -> 0 | AB12: 8025 | AC12: =AB12-Z12 -> 0 | AD12: 8025 | AE12: =AD12-AB12 -> 0 | AF12: 8026 | AG12: =AF12-AD12 -> 1 | AH12: 8026 | AI12: =AH12-AF12 -> 0 | AJ12: 8026 | AK12: =AJ12-AH12 -> 0 | AL12: 8026 | AM12: =AL12-AJ12 -> 0 | AN12: 8027 | AO12: =AN12-AL12 -> 1 | AP12: 8027 | AQ12: =AP12-AN12 -> 0 | AR12: 8028 | AS12: =AR12-AP12 -> 1 | AT12: 8028 | AU12: =AT12-AR12 -> 0 | AV12: 8029 | AW12: =AV12-AT12 -> 1 | AX12: 8029 | AY12: =AX12-AV12 -> 0 | AZ12: 8030 | BA12: =AZ12-AX12 -> 1 | BB12: 8030 | BC12: =BB12-AZ12 -> 0 | BD12: 8031 | BE12: =BD12-BB12 -> 1 | BF12: 8032 | BG12: =BF12-BD12 -> 1 | BH12: 8033 | BI12: =BH12-BF12 -> 1 | BJ12: 8034 | BK12: =BJ12-BH12 -> 1 | BL12: 8035 | BM12: =BL12-BJ12 -> 1 | BN12: =BL12-D12 -> 14
A13: 11 | B13: Buanderie | C13: Buanderie | D13: 37539 | E13: 0 | F13: 37564 | G13: =F13-D13 -> 25 | H13: 37589 | I13: =H13-F13 -> 25 | J13: 37608 | K13: =J13-H13 -> 19 | L13: 37635 | M13: =L13-J13 -> 27 | N13: 37656 | O13: =N13-L13 -> 21 | P13: 37682 | Q13: =P13-N13 -> 26 | R13: 37711 | S13: =R13-P13 -> 29 | T13: 37742 | U13: =T13-R13 -> 31 | V13: 37772 | W13: =V13-T13 -> 30 | X13: 37797 | Y13: =X13-V13 -> 25 | Z13: 37824 | AA13: =Z13-X13 -> 27 | AB13: 37850 | AC13: =AB13-Z13 -> 26 | AD13: 37873 | AE13: =AD13-AB13 -> 23 | AF13: 37901 | AG13: =AF13-AD13 -> 28 | AH13: 37925 | AI13: =AH13-AF13 -> 24 | AJ13: 37951 | AK13: =AJ13-AH13 -> 26 | AL13: 37977 | AM13: =AL13-AJ13 -> 26 | AN13: 38003 | AO13: =AN13-AL13 -> 26 | AP13: 38030 | AQ13: =AP13-AN13 -> 27 | AR13: 38045 | AS13: =AR13-AP13 -> 15 | AT13: 38067 | AU13: =AT13-AR13 -> 22 | AV13: 38086 | AW13: =AV13-AT13 -> 19 | AX13: 38106 | AY13: =AX13-AV13 -> 20 | AZ13: 38125 | BA13: =AZ13-AX13 -> 19 | BB13: 38143 | BC13: =BB13-AZ13 -> 18 | BD13: 38165 | BE13: =BD13-BB13 -> 22 | BF13: 38185 | BG13: =BF13-BD13 -> 20 | BH13: 38207 | BI13: =BH13-BF13 -> 22 | BJ13: 38230 | BK13: =BJ13-BH13 -> 23 | BL13: 38252 | BM13: =BL13-BJ13 -> 22 | BN13: =BL13-D13 -> 713
A14: 12 | B14: 3400/S | C14: Gen.Spa.Secours | D14: 59610 | E14: 0 | F14: 59621 | G14: =F14-D14 -> 11 | H14: 59636 | I14: =H14-F14 -> 15 | J14: 59651 | K14: =J14-H14 -> 15 | L14: 59665 | M14: =L14-J14 -> 14 | N14: 59679 | O14: =N14-L14 -> 14 | P14: 59691 | Q14: =P14-N14 -> 12 | R14: 59710 | S14: =R14-P14 -> 19 | T14: 59724 | U14: =T14-R14 -> 14 | V14: 59734 | W14: =V14-T14 -> 10 | X14: 59745 | Y14: =X14-V14 -> 11 | Z14: 59765 | AA14: =Z14-X14 -> 20 | AB14: 59775 | AC14: =AB14-Z14 -> 10 | AD14: 59782 | AE14: =AD14-AB14 -> 7 | AF14: 59794 | AG14: =AF14-AD14 -> 12 | AH14: 59807 | AI14: =AH14-AF14 -> 13 | AJ14: 59827 | AK14: =AJ14-AH14 -> 20 | AL14: 59839 | AM14: =AL14-AJ14 -> 12 | AN14: 59856 | AO14: =AN14-AL14 -> 17 | AP14: 59871 | AQ14: =AP14-AN14 -> 15 | AR14: 59885 | AS14: =AR14-AP14 -> 14 | AT14: 59900 | AU14: =AT14-AR14 -> 15 | AV14: 59916 | AW14: =AV14-AT14 -> 16 | AX14: 59941 | AY14: =AX14-AV14 -> 25 | AZ14: 59962 | BA14: =AZ14-AX14 -> 21 | BB14: 59981 | BC14: =BB14-AZ14 -> 19 | BD14: 60010 | BE14: =BD14-BB14 -> 29 | BF14: 60043 | BG14: =BF14-BD14 -> 33 | BH14: 60065 | BI14: =BH14-BF14 -> 22 | BJ14: 60084 | BK14: =BJ14-BH14 -> 19 | BL14: 60099 | BM14: =BL14-BJ14 -> 15 | BN14: =BL14-D14 -> 489
... A42: 40 | B42: 4101/N | C42: Show power Centre Congrés | D42: 5645 | E42: 0 | F42: 5646 | G42: =F42-D42 -> 1 | H42: 5648 | I42: =H42-F42 -> 2 | J42: 5649 | K42: =J42-H42 -> 1 | L42: 5650 | M42: =L42-J42 -> 1 | N42: 5652 | O42: =N42-L42 -> 2 | P42: 5653 | Q42: =P42-N42 -> 1 | R42: 5654 | S42: =R42-P42 -> 1 | T42: 5655 | U42: =T42-R42 -> 1 | V42: 5657 | W42: =V42-T42 -> 2 | X42: 5658 | Y42: =X42-V42 -> 1 | Z42: 5659 | AA42: =Z42-X42 -> 1 | AB42: 5661 | AC42: =AB42-Z42 -> 2 | AD42: 5662 | AE42: =AD42-AB42 -> 1 | AF42: 5663 | AG42: =AF42-AD42 -> 1 | AH42: 5664 | AI42: =AH42-AF42 -> 1 | AJ42: 5666 | AK42: =AJ42-AH42 -> 2 | AL42: 5667 | AM42: =AL42-AJ42 -> 1 | AN42: 5668 | AO42: =AN42-AL42 -> 1 | AP42: 5669 | AQ42: =AP42-AN42 -> 1 | AR42: 5671 | AS42: =AR42-AP42 -> 2 | AT42: 5672 | AU42: =AT42-AR42 -> 1 | AV42: 5673 | AW42: =AV42-AT42 -> 1 | AX42: 5674 | AY42: =AX42-AV42 -> 1 | AZ42: 5676 | BA42: =AZ42-AX42 -> 2 | BB42: 5677 | BC42: =BB42-AZ42 -> 1 | BD42: 5678 | BE42: =BD42-BB42 -> 1 | BF42: 5679 | BG42: =BF42-BD42 -> 1 | BH42: 5680 | BI42: =BH42-BF42 -> 1 | BJ42: 5681 | BK42: =BJ42-BH42 -> 1 | BL42: 5681 | BM42: =BL42-BJ42 -> 0 | BN42: =BL42-D42 -> 36
A43: 41 | B43: GEG4 | C43: Groupe d'eau glacé 4 | D43: 0 | E43: 0 | F43: 0 | G43: =F43-D43 -> 0 | H43: 0 | I43: 0 | J43: 0 | K43: 0 | L43: 0 | M43: 0 | N43: 0 | O43: 0 | P43: 0 | Q43: =P43-N43 -> 0 | R43: 0 | S43: =R43-P43 -> 0 | T43: 0 | U43: 0 | V43: 0 | W43: 0 | X43: 0 | Y43: 0 | Z43: 0 | AA43: 0 | AB43: 0 | AC43: 0 | AD43: 0 | AE43: 0 | AF43: 0 | AG43: 0 | AH43: 0 | AI43: 0 | AJ43: 0 | AK43: 0 | AL43: 0 | AM43: 0 | AN43: 0 | AO43: 0 | AP43: 0 | AQ43: 0 | AR43: 0 | AS43: 0 | AT43: 0 | AU43: =AT43-AR43 -> 0 | AV43: 0 | AW43: =AV43-AT43 -> 0 | AX43: 0 | AY43: =AX43-AV43 -> 0 | AZ43: 0 | BA43: =AZ43-AX43 -> 0 | BB43: 0 | BC43: =BB43-AZ43 -> 0 | BD43: 0 | BE43: =BD43-BB43 -> 0 | BF43: 0 | BG43: =BF43-BD43 -> 0 | BH43: 0 | BI43: =BH43-BF43 -> 0 | BJ43: 0 | BK43: =BJ43-BH43 -> 0 | BL43: 0 | BM43: =BL43-BJ43 -> 0 | BN43: =BL43-D43 -> 0
A44: 42 | B44: A1/N | C44: Bloc A Hebergement | D44: 141092 | E44: 0 | F44: 141182 | G44: =F44-D44 -> 90 | H44: 141280 | I44: =H44-F44 -> 98 | J44: 141388 | K44: =J44-H44 -> 108 | L44: 141502 | M44: =L44-J44 -> 114 | N44: 141610 | O44: =N44-L44 -> 108 | P44: 141718 | Q44: =P44-N44 -> 108 | R44: 141823 | S44: =R44-P44 -> 105 | T44: 141920 | U44: =T44-R44 -> 97 | V44: 142024 | W44: =V44-T44 -> 104 | X44: 142123 | Y44: =X44-V44 -> 99 | Z44: 142224 | AA44: =Z44-X44 -> 101 | AB44: 142332 | AC44: =AB44-Z44 -> 108 | AD44: 142442 | AE44: =AD44-AB44 -> 110 | AF44: 142557 | AG44: =AF44-AD44 -> 115 | AH44: 142657 | AI44: =AH44-AF44 -> 100 | AJ44: 142760 | AK44: =AJ44-AH44 -> 103 | AL44: 142856 | AM44: =AL44-AJ44 -> 96 | AN44: 142958 | AO44: =AN44-AL44 -> 102 | AP44: 143060 | AQ44: =AP44-AN44 -> 102 | AR44: 143172 | AS44: =AR44-AP44 -> 112 | AT44: 143300 | AU44: =AT44-AR44 -> 128 | AV44: 143419 | AW44: =AV44-AT44 -> 119 | AX44: 143536 | AY44: =AX44-AV44 -> 117 | AZ44: 143653 | BA44: =AZ44-AX44 -> 117 | BB44: 143762 | BC44: =BB44-AZ44 -> 109 | BD44: 143878 | BE44: =BD44-BB44 -> 116 | BF44: 143996 | BG44: =BF44-BD44 -> 118 | BH44: 144125 | BI44: =BH44-BF44 -> 129 | BJ44: 144258 | BK44: =BJ44-BH44 -> 133 | BL44: 144386 | BM44: =BL44-BJ44 -> 128 | BN44: =BL44-D44 -> 3294
A45: 43 | B45: B1/S | C45: Bloc B Hebergement | D45: 281343 | E45: 0 | F45: 281529 | G45: =F45-D45 -> 186 | H45: 281726 | I45: =H45-F45 -> 197 | J45: 281912 | K45: =J45-H45 -> 186 | L45: 282118 | M45: =L45-J45 -> 206 | N45: 282333 | O45: =N45-L45 -> 215 | P45: 282547 | Q45: =P45-N45 -> 214 | R45: 282760 | S45: =R45-P45 -> 213 | T45: 282964 | U45: =T45-R45 -> 204 | V45: 283173 | W45: =V45-T45 -> 209 | X45: 283439 | Y45: =X45-V45 -> 266 | Z45: 283661 | AA45: =Z45-X45 -> 222 | AB45: 283903 | AC45: =AB45-Z45 -> 242 | AD45: 284145 | AE45: =AD45-AB45 -> 242 | AF45: 284357 | AG45: =AF45-AD45 -> 212 | AH45: 284558 | AI45: =AH45-AF45 -> 201 | AJ45: 284781 | AK45: =AJ45-AH45 -> 223 | AL45: 285008 | AM45: =AL45-AJ45 -> 227 | AN45: 285231 | AO45: =AN45-AL45 -> 223 | AP45: 285457 | AQ45: =AP45-AN45 -> 226 | AR45: 285691 | AS45: =AR45-AP45 -> 234 | AT45: 285924 | AU45: =AT45-AR45 -> 233 | AV45: 286169 | AW45: =AV45-AT45 -> 245 | AX45: 286408 | AY45: =AX45-AV45 -> 239 | AZ45: 286628 | BA45: =AZ45-AX45 -> 220 | BB45: 286865 | BC45: =BB45-AZ45 -> 237 | BD45: 287087 | BE45: =BD45-BB45 -> 222 | BF45: 287326 | BG45: =BF45-BD45 -> 239 | BH45: 287575 | BI45: =BH45-BF45 -> 249 | BJ45: 287823 | BK45: =BJ45-BH45 -> 248 | BL45: 288064 | BM45: =BL45-BJ45 -> 241 | BN45: =BL45-D45 -> 6721
A46: 44 | B46: TE 19 4100/N | C46: Gene.Clim Centre congré | D46: 80173 | E46: 0 | F46: 80216 | G46: =F46-D46 -> 43 | H46: 80267 | I46: =H46-F46 -> 51 | J46: 80310 | K46: =J46-H46 -> 43 | L46: 80379 | M46: =L46-J46 -> 69 | N46: 80429 | O46: =N46-L46 -> 50 | P46: 80473 | Q46: =P46-N46 -> 44 | R46: 80517 | S46: =R46-P46 -> 44 | T46: 80563 | U46: =T46-R46 -> 46 | V46: 80614 | W46: =V46-T46 -> 51 | X46: 80662 | Y46: =X46-V46 -> 48 | Z46: 80707 | AA46: =Z46-X46 -> 45 | AB46: 80753 | AC46: =AB46-Z46 -> 46 | AD46: 80800 | AE46: =AD46-AB46 -> 47 | AF46: 80849 | AG46: =AF46-AD46 -> 49 | AH46: 80904 | AI46: =AH46-AF46 -> 55 | AJ46: 80958 | AK46: =AJ46-AH46 -> 54 | AL46: 81012 | AM46: =AL46-AJ46 -> 54 | AN46: 81062 | AO46: =AN46-AL46 -> 50 | AP46: 81131 | AQ46: =AP46-AN46 -> 69 | AR46: 81204 | AS46: =AR46-AP46 -> 73 | AT46: 81264 | AU46: =AT46-AR46 -> 60 | AV46: 81333 | AW46: =AV46-AT46 -> 69 | AX46: 81398 | AY46: =AX46-AV46 -> 65 | AZ46: 81462 | BA46: =AZ46-AX46 -> 64 | BB46: 81530 | BC46: =BB46-AZ46 -> 68 | BD46: 81601 | BE46: =BD46-BB46 -> 71 | BF46: 81674 | BG46: =BF46-BD46 -> 73 | BH46: 81745 | BI46: =BH46-BF46 -> 71 | BJ46: 81824 | BK46: =BJ46-BH46 -> 79 | BL46: 81901 | BM46: =BL46-BJ46 -> 77 | BN46: =BL46-D46 -> 1728
A47: 45 | B47: B3/N | C47: Bloc B Hebergement | D47: 807 | E47: 0 | F47: 808 | G47: =F47-D47 -> 1 | H47: 809 | I47: =H47-F47 -> 1 | J47: 809 | K47: =J47-H47 -> 0 | L47: 810 | M47: =L47-J47 -> 1 | N47: 810 | O47: =N47-L47 -> 0 | P47: 811 | Q47: =P47-N47 -> 1 | R47: 812 | S47: =R47-P47 -> 1 | T47: 812 | U47: =T47-R47 -> 0 | V47: 813 | W47: =V47-T47 -> 1 | X47: 814 | Y47: =X47-V47 -> 1 | Z47: 814 | AA47: =Z47-X47 -> 0 | AB47: 815 | AC47: =AB47-Z47 -> 1 | AD47: 815 | AE47: =AD47-AB47 -> 0 | AF47: 816 | AG47: =AF47-AD47 -> 1 | AH47: 817 | AI47: =AH47-AF47 -> 1 | AJ47: 817 | AK47: =AJ47-AH47 -> 0 | AL47: 818 | AM47: =AL47-AJ47 -> 1 | AN47: 819 | AO47: =AN47-AL47 -> 1 | AP47: 819 | AQ47: =AP47-AN47 -> 0 | AR47: 820 | AS47: =AR47-AP47 -> 1 | AT47: 820 | AU47: =AT47-AR47 -> 0 | AV47: 821 | AW47: =AV47-AT47 -> 1 | AX47: 822 | AY47: =AX47-AV47 -> 1 | AZ47: 822 | BA47: =AZ47-AX47 -> 0 | BB47: 823 | BC47: =BB47-AZ47 -> 1 | BD47: 824 | BE47: =BD47-BB47 -> 1 | BF47: 824 | BG47: =BF47-BD47 -> 0 | BH47: 825 | BI47: =BH47-BF47 -> 1 | BJ47: 826 | BK47: =BJ47-BH47 -> 1 | BL47: 826 | BM47: =BL47-BJ47 -> 0 | BN47: =BL47-D47 -> 19
A48: 46 | B48: 6300/N | C48: FM rest.spécialité normal | D48: 149418 | E48: 0 | F48: 149523 | G48: =F48-D48 -> 105 | H48: 149631 | I48: =H48-F48 -> 108 | J48: 149734 | K48: =J48-H48 -> 103 | L48: 149847 | M48: =L48-J48 -> 113 | N48: 149979 | O48: =N48-L48 -> 132 | P48: 150085 | Q48: =P48-N48 -> 106 | R48: 150182 | S48: =R48-P48 -> 97 | T48: 150283 | U48: =T48-R48 -> 101 | V48: 150389 | W48: =V48-T48 -> 106 | X48: 150495 | Y48: =X48-V48 -> 106 | Z48: 150604 | AA48: =Z48-X48 -> 109 | AB48: 150740 | AC48: =AB48-Z48 -> 136 | AD48: 150856 | AE48: =AD48-AB48 -> 116 | AF48: 150960 | AG48: =AF48-AD48 -> 104 | AH48: 151051 | AI48: =AH48-AF48 -> 91 | AJ48: 151143 | AK48: =AJ48-AH48 -> 92 | AL48: 151229 | AM48: =AL48-AJ48 -> 86 | AN48: 151341 | AO48: =AN48-AL48 -> 112 | AP48: 151473 | AQ48: =AP48-AN48 -> 132 | AR48: 151699 | AS48: =AR48-AP48 -> 226 | AT48: 151770 | AU48: =AT48-AR48 -> 71 | AV48: 151916 | AW48: =AV48-AT48 -> 146 | AX48: 152070 | AY48: =AX48-AV48 -> 154 | AZ48: 152217 | BA48: =AZ48-AX48 -> 147 | BB48: 152336 | BC48: =BB48-AZ48 -> 119 | BD48: 152486 | BE48: =BD48-BB48 -> 150 | BF48: 152635 | BG48: =BF48-BD48 -> 149 | BH48: 152786 | BI48: =BH48-BF48 -> 151 | BJ48: 152926 | BK48: =BJ48-BH48 -> 140 | BL48: 153048 | BM48: =BL48-BJ48 -> 122 | BN48: =BL48-D48 -> 3630
A49: 47 | B49: 5302/N | C49: FM Cuisine reception normal | D49: 57528 | E49: 0 | F49: 57574 | G49: =F49-D49 -> 46 | H49: 57625 | I49: =H49-F49 -> 51 | J49: 57668 | K49: =J49-H49 -> 43 | L49: 57718 | M49: =L49-J49 -> 50 | N49: 57739 | O49: =N49-L49 -> 21 | P49: 57775 | Q49: =P49-N49 -> 36 | R49: 57809 | S49: =R49-P49 -> 34 | T49: 57843 | U49: =T49-R49 -> 34 | V49: 57879 | W49: =V49-T49 -> 36 | X49: 57917 | Y49: =X49-V49 -> 38 | Z49: 57954 | AA49: =Z49-X49 -> 37 | AB49: 57990 | AC49: =AB49-Z49 -> 36 | AD49: 58026 | AE49: =AD49-AB49 -> 36 | AF49: 58060 | AG49: =AF49-AD49 -> 34 | AH49: 58094 | AI49: =AH49-AF49 -> 34 | AJ49: 58130 | AK49: =AJ49-AH49 -> 36 | AL49: 58169 | AM49: =AL49-AJ49 -> 39 | AN49: 58207 | AO49: =AN49-AL49 -> 38 | AP49: 58243 | AQ49: =AP49-AN49 -> 36 | AR49: 58280 | AS49: =AR49-AP49 -> 37 | AT49: 58319 | AU49: =AT49-AR49 -> 39 | AV49: 58355 | AW49: =AV49-AT49 -> 36 | AX49: 58402 | AY49: =AX49-AV49 -> 47 | AZ49: 58434 | BA49: =AZ49-AX49 -> 32 | BB49: 58466 | BC49: =BB49-AZ49 -> 32 | BD49: 58504 | BE49: =BD49-BB49 -> 38 | BF49: 58540 | BG49: =BF49-BD49 -> 36 | BH49: 58575 | BI49: =BH49-BF49 -> 35 | BJ49: 58620 | BK49: =BJ49-BH49 -> 45 | BL49: 58662 | BM49: =BL49-BJ49 -> 42 | BN49: =BL49-D49 -> 1134
A50: 48 | B50: 3400/N | C50: Gene.Spa normal | D50: 48098 | E50: 0 | F50: 48128 | G50: =F50-D50 -> 30 | H50: 48161 | I50: =H50-F50 -> 33 | J50: 48194 | K50: =J50-H50 -> 33 | L50: 48228 | M50: =L50-J50 -> 34 | N50: 48262 | O50: =N50-L50 -> 34 | P50: 48295 | Q50: =P50-N50 -> 33 | R50: 48326 | S50: =R50-P50 -> 31 | T50: 48355 | U50: =T50-R50 -> 29 | V50: 48389 | W50: =V50-T50 -> 34 | X50: 48427 | Y50: =X50-V50 -> 38 | Z50: 48455 | AA50: =Z50-X50 -> 28 | AB50: 48489 | AC50: =AB50-Z50 -> 34 | AD50: 48520 | AE50: =AD50-AB50 -> 31 | AF50: 48551 | AG50: =AF50-AD50 -> 31 | AH50: 48580 | AI50: =AH50-AF50 -> 29 | AJ50: 48613 | AK50: =AJ50-AH50 -> 33 | AL50: 48642 | AM50: =AL50-AJ50 -> 29 | AN50: 48674 | AO50: =AN50-AL50 -> 32 | AP50: 48699 | AQ50: =AP50-AN50 -> 25 | AR50: 48731 | AS50: =AR50-AP50 -> 32 | AT50: 48759 | AU50: =AT50-AR50 -> 28 | AV50: 48793 | AW50: =AV50-AT50 -> 34 | AX50: 48821 | AY50: =AX50-AV50 -> 28 | AZ50: 48862 | BA50: =AZ50-AX50 -> 41 | BB50: 48888 | BC50: =BB50-AZ50 -> 26 | BD50: 48918 | BE50: =BD50-BB50 -> 30 | BF50: 48945 | BG50: =BF50-BD50 -> 27 | BH50: 48989 | BI50: =BH50-BF50 -> 44 | BJ50: 49001 | BK50: =BJ50-BH50 -> 12 | BL50: 49042 | BM50: =BL50-BJ50 -> 41 | BN50: =BL50-D50 -> 944
A51: 49 | B51: TE 13 4301/N | C51: Clim Zone Rest.Menu | D51: 241847 | E51: 0 | F51: 241898 | G51: =F51-D51 -> 51 | H51: 241948 | I51: =H51-F51 -> 50 | J51: 241994 | K51: =J51-H51 -> 46 | L51: 242049 | M51: =L51-J51 -> 55 | N51: 242101 | O51: =N51-L51 -> 52 | P51: 242155 | Q51: =P51-N51 -> 54 | R51: 242207 | S51: =R51-P51 -> 52 | T51: 242256 | U51: =T51-R51 -> 49 | V51: 242307 | W51: =V51-T51 -> 51 | X51: 242357 | Y51: =X51-V51 -> 50 | Z51: 242403 | AA51: =Z51-X51 -> 46 | AB51: 242452 | AC51: =AB51-Z51 -> 49 | AD51: 242503 | AE51: =AD51-AB51 -> 51 | AF51: 242543 | AG51: =AF51-AD51 -> 40 | AH51: 242584 | AI51: =AH51-AF51 -> 41 | AJ51: 242626 | AK51: =AJ51-AH51 -> 42 | AL51: 242665 | AM51: =AL51-AJ51 -> 39 | AN51: 242715 | AO51: =AN51-AL51 -> 50 | AP51: 242768 | AQ51: =AP51-AN51 -> 53 | AR51: 242815 | AS51: =AR51-AP51 -> 47 | AT51: 242848 | AU51: =AT51-AR51 -> 33 | AV51: 242927 | AW51: =AV51-AT51 -> 79 | AX51: 242961 | AY51: =AX51-AV51 -> 34 | AZ51: 243105 | BA51: =AZ51-AX51 -> 144 | BB51: 243297 | BC51: =BB51-AZ51 -> 192 | BD51: 243561 | BE51: =BD51-BB51 -> 264 | BF51: 243819 | BG51: =BF51-BD51 -> 258 | BH51: 244084 | BI51: =BH51-BF51 -> 265 | BJ51: 244361 | BK51: =BJ51-BH51 -> 277 | BL51: 244618 | BM51: =BL51-BJ51 -> 257 | BN51: =BL51-D51 -> 2771
A52: 50 | B52: TGBT Heb | C52: TGBT Hebergement | D52: 649430 | E52: 0 | F52: 649786 | G52: =F52-D52 -> 356 | H52: 650149 | I52: =H52-F52 -> 363 | J52: 650518 | K52: =J52-H52 -> 369 | L52: 650881 | M52: =L52-J52 -> 363 | N52: 651261 | O52: =N52-L52 -> 380 | P52: 651644 | Q52: =P52-N52 -> 383 | R52: 652015 | S52: =R52-P52 -> 371 | T52: 652344 | U52: =T52-R52 -> 329 | V52: 652695 | W52: =V52-T52 -> 351 | X52: 653052 | Y52: =X52-V52 -> 357 | Z52: 653411 | AA52: =Z52-X52 -> 359 | AB52: 653762 | AC52: =AB52-Z52 -> 351 | AD52: 654119 | AE52: =AD52-AB52 -> 357 | AF52: 654467 | AG52: =AF52-AD52 -> 348 | AH52: 654809 | AI52: =AH52-AF52 -> 342 | AJ52: 655184 | AK52: =AJ52-AH52 -> 375 | AL52: 655538 | AM52: =AL52-AJ52 -> 354 | AN52: 655888 | AO52: =AN52-AL52 -> 350 | AP52: 656244 | AQ52: =AP52-AN52 -> 356 | AR52: 656599 | AS52: =AR52-AP52 -> 355 | AT52: 656959 | AU52: =AT52-AR52 -> 360 | AV52: 657325 | AW52: =AV52-AT52 -> 366 | AX52: 657688 | AY52: =AX52-AV52 -> 363 | AZ52: 658028 | BA52: =AZ52-AX52 -> 340 | BB52: 658350 | BC52: =BB52-AZ52 -> 322 | BD52: 658701 | BE52: =BD52-BB52 -> 351 | BF52: 659052 | BG52: =BF52-BD52 -> 351 | BH52: 659438 | BI52: =BH52-BF52 -> 386 | BJ52: 659802 | BK52: =BJ52-BH52 -> 364 | BL52: 660211 | BM52: =BL52-BJ52 -> 409 | BN52: =BL52-D52 -> 10781
C53: Total | E53: =SUM(E3:E52) -> 0 | G53: =SUM(G3:G52) -> 5183 | I53: =SUM(I3:I52) -> 5187 | K53: =SUM(K3:K52) -> 5563 | M53: =SUM(M3:M52) -> 5955 | O53: =SUM(O3:O52) -> 5899 | Q53: =SUM(Q3:Q52) -> 5634 | S53: =SUM(S3:S52) -> 5722 | U53: =SUM(U3:U52) -> 5243 | W53: =SUM(W3:W52) -> 5666 | Y53: =SUM(Y3:Y52) -> 5572 | AA53: =SUM(AA3:AA52) -> 5485 | AC53: =SUM(AC3:AC52) -> 5490 | AE53: =SUM(AE3:AE52) -> 5597 | AG53: =SUM(AG3:AG52) -> 5304 | AI53: =SUM(AI3:AI52) -> 5349 | AK53: =SUM(AK3:AK52) -> 5590 | AM53: =SUM(AM3:AM52) -> 5802 | AO53: =SUM(AO3:AO52) -> 5846 | AQ53: =SUM(AQ3:AQ52) -> 6119 | AS53: =SUM(AS3:AS52) -> 6363 | AU53: =SUM(AU3:AU52) -> 6173 | AW53: =SUM(AW3:AW52) -> 6062 | AY53: =SUM(AY3:AY52) -> 5767 | BA53: =SUM(BA3:BA52) -> 5798 | BC53: =SUM(BC3:BC52) -> 5937 | BE53: =SUM(BE3:BE52) -> 6380 | BG53: =SUM(BG3:BG52) -> 6470 | BI53: =SUM(BI3:BI52) -> 7191 | BK53: =SUM(BK3:BK52) -> 7099 | BM53: =SUM(BM3:BM52) -> 6820 | BN53: =SUM(BN3:BN52) -> 176266

Sheet Distribution de la consommation
C4: Kitchen | D4: ='Comp.decembre'!BN22+'Comp.decembre'!BN38+'Comp.decembre'!BN49+'Comp.decembre'!BN37 -> 33320 | E4: =D4*0.218 -> 7263.76
C5: Rooms | D5: ='Comp.decembre'!BN9+'Comp.decembre'!BN10+'Comp.decembre'!BN11+'Comp.decembre'!BN24+'Comp.decembre'!BN47+'Comp.decembre'!BN52+'Comp.decembre'!BN45+'Comp.decembre'!BN44 -> 33865 | E5: =D5*0.218 -> 7382.57
C6: Restaurants | D6: ='Comp.decembre'!BN51+'Comp.decembre'!BN48+'Comp.decembre'!BN7+'Comp.decembre'!BN6+'Comp.decembre'!BN4 -> 14040 | E6: =D6*0.218 -> 3060.72
C7: Meeting rooms | D7: ='Comp.decembre'!BN34+'Comp.decembre'!BN42+'Comp.decembre'!BN46 -> 25185 | E7: =D7*0.218 -> 5490.33
C8: Mechanical rooms | D8: ='Comp.decembre'!BN3+'Comp.decembre'!BN16+'Comp.decembre'!BN18+'Comp.decembre'!BN30+'Comp.decembre'!BN35+'Comp.decembre'!BN41 -> 26495 | E8: =D8*0.218 -> 5775.91
C9: Parking | D9: ='Comp.decembre'!BN21+'Comp.decembre'!BN25 -> 6224 | E9: =D9*0.218 -> 1356.832
C10: Laundry | D10: ='Comp.decembre'!BN13+'Comp.decembre'!BN28 -> 4607 | E10: =D10*0.218 -> 1004.326
C11: Elevators | D11: ='Comp.decembre'!BN12+'Comp.decembre'!BN15+'Comp.decembre'!BN23 -> 2164 | E11: =D11*0.218 -> 471.752
C12: Chillers | D12: ='Comp.decembre'!BN36+'Comp.decembre'!BN39+'Comp.decembre'!BN40+'Comp.decembre'!BN43 -> 3065 | E12: =D12*0.218 -> 668.17
C13: Spa | D13: ='Comp.decembre'!BN50+'Comp.decembre'!BN14 -> 1433 | E13: =D13*0.218 -> 312.394
C14: Outside | D14: ='Comp.decembre'!BN33+'Comp.decembre'!BN32+'Comp.decembre'!BN31+'Comp.decembre'!BN29+'Comp.decembre'!BN27 -> 11221 | E14: =D14*0.218 -> 2446.178
C15: Data center +reception + zone service +Finance+ administration | D15: ='Comp.decembre'!BN5+'Comp.decembre'!BN8+'Comp.decembre'!BN17+'Comp.decembre'!BN19+'Comp.decembre'!BN20+'Comp.decembre'!BN26 -> 14647 | E15: =D15*0.218 -> 3193.046
