Workbook

Sheet Sheet1
A1: Site Name | B1: Day | C1: Month | D1: Year | E1: Total Electricity Kwh | F1: Electricity Tariff ($/Kwh) | G1: LPG (Kg) | H1: LPG $/Kg | I1: District Energy Cooling Kwh | J1: District Energy Cooling $/Kwh | K1: Water Utility Supply (m3) m3 | L1: Water Utility Supply (m3) $/m3 | M1: Irrigation Water (m3) m3 | N1: Irrigation water $/m3 | O1: Room Nights | P1: Total Guests
A2: Bahrain Bay | B2: 1 | C2: 6 | D2: 2021 | E2: ='June 2021'!E5 -> 21075 | F2: 0.029 | G2: ='June 2021'!J5 -> 2970 | H2: 0.112 | I2: ='June 2021'!G5*1000 -> 53000 | J2: 0.0361 | K2: ='June 2021'!I5 -> 50 | L2: 0.75 | M2: ='June 2021'!L5 -> 277 | N2: 0.563 | O2: ='June 2021'!D5 -> 18
A3: Bahrain Bay | B3: =B2+1 -> 2 | C3: 6 | D3: 2021 | E3: ='June 2021'!E6 -> 21899 | F3: 0.029 | G3: ='June 2021'!J6 -> 0 | H3: 0.112 | I3: ='June 2021'!G6*1000 -> 56000 | J3: 0.0361 | K3: ='June 2021'!I6 -> 212 | L3: 0.75 | M3: ='June 2021'!L6 -> 297 | N3: 0.563 | O3: ='June 2021'!D6 -> 20
A4: Bahrain Bay | B4: =B3+1 -> 3 | C4: 6 | D4: 2021 | E4: ='June 2021'!E7 -> 21897 | F4: 0.029 | G4: ='June 2021'!J7 -> 0 | H4: 0.112 | I4: ='June 2021'!G7*1000 -> 57000 | J4: 0.0361 | K4: ='June 2021'!I7 -> 144 | L4: 0.75 | M4: ='June 2021'!L7 -> 355 | N4: 0.563 | O4: ='June 2021'!D7 -> 24
A5: Bahrain Bay | B5: =B4+1 -> 4 | C5: 6 | D5: 2021 | E5: ='June 2021'!E8 -> 21999 | F5: 0.029 | G5: ='June 2021'!J8 -> 0 | H5: 0.112 | I5: ='June 2021'!G8*1000 -> 57000 | J5: 0.0361 | K5: ='June 2021'!I8 -> 54 | L5: 0.75 | M5: ='June 2021'!L8 -> 138 | N5: 0.563 | O5: ='June 2021'!D8 -> 31
A6: Bahrain Bay | B6: =B5+1 -> 5 | C6: 6 | D6: 2021 | E6: ='June 2021'!E9 -> 21928 | F6: 0.029 | G6: ='June 2021'!J9 -> 0 | H6: 0.112 | I6: ='June 2021'!G9*1000 -> 52000 | J6: 0.0361 | K6: ='June 2021'!I9 -> 140 | L6: 0.75 | M6: ='June 2021'!L9 -> 294 | N6: 0.563 | O6: ='June 2021'!D9 -> 19
A7: Bahrain Bay | B7: =B6+1 -> 6 | C7: 6 | D7: 2021 | E7: ='June 2021'!E10 -> 0 | F7: 0.029 | G7: 0 | H7: 0.112 | I7: ='June 2021'!G10*1000 -> 0 | J7: 0.0361 | K7: ='June 2021'!I10 -> 0 | L7: 0.75 | M7: ='June 2021'!L10 -> 0 | N7: 0.563 | O7: ='June 2021'!D10 -> 0
A8: Bahrain Bay | B8: =B7+1 -> 7 | C8: 6 | D8: 2021 | E8: ='June 2021'!E11 -> 0 | F8: 0.029 | G8: ='June 2021'!J11 -> 0 | H8: 0.112 | I8: ='June 2021'!G11*1000 -> 0 | J8: 0.0361 | K8: ='June 2021'!I11 -> 0 | L8: 0.75 | M8: ='June 2021'!L11 -> 0 | N8: 0.563 | O8: ='June 2021'!D11 -> 0
A9: Bahrain Bay | B9: =B8+1 -> 8 | C9: 6 | D9: 2021 | E9: ='June 2021'!E12 -> 0 | F9: 0.029 | G9: ='June 2021'!J12 -> 0 | H9: 0.112 | I9: ='June 2021'!G12*1000 -> 0 | J9: 0.0361 | K9: ='June 2021'!I12 -> 0 | L9: 0.75 | M9: ='June 2021'!L12 -> 0 | N9: 0.563 | O9: ='June 2021'!D12 -> 0
A10: Bahrain Bay | B10: =B9+1 -> 9 | C10: 6 | D10: 2021 | E10: ='June 2021'!E13 -> 0 | F10: 0.029 | G10: ='June 2021'!J13 -> 0 | H10: 0.112 | I10: ='June 2021'!G13*1000 -> 0 | J10: 0.0361 | K10: ='June 2021'!I13 -> 0 | L10: 0.75 | M10: ='June 2021'!L13 -> 0 | N10: 0.563 | O10: ='June 2021'!D13 -> 0
A11: Bahrain Bay | B11: =B10+1 -> 10 | C11: 6 | D11: 2021 | E11: ='June 2021'!E14 -> 0 | F11: 0.029 | G11: ='June 2021'!J14 -> 0 | H11: 0.112 | I11: ='June 2021'!G14*1000 -> 0 | J11: 0.0361 | K11: ='June 2021'!I14 -> 0 | L11: 0.75 | M11: ='June 2021'!L14 -> 0 | N11: 0.563 | O11: ='June 2021'!D14 -> 0
A12: Bahrain Bay | B12: =B11+1 -> 11 | C12: 6 | D12: 2021 | E12: ='June 2021'!E15 -> 0 | F12: 0.029 | G12: ='June 2021'!J15 -> 0 | H12: 0.112 | I12: ='June 2021'!G15*1000 -> 0 | J12: 0.0361 | K12: ='June 2021'!I15 -> 0 | L12: 0.75 | M12: ='June 2021'!L15 -> 0 | N12: 0.563 | O12: ='June 2021'!D15 -> 0
A13: Bahrain Bay | B13: =B12+1 -> 12 | C13: 6 | D13: 2021 | E13: ='June 2021'!E16 -> 0 | F13: 0.029 | G13: ='June 2021'!J16 -> 0 | H13: 0.112 | I13: ='June 2021'!G16*1000 -> 0 | J13: 0.0361 | K13: ='June 2021'!I16 -> 0 | L13: 0.75 | M13: ='June 2021'!L16 -> 0 | N13: 0.563 | O13: ='June 2021'!D16 -> 0
A14: Bahrain Bay | B14: =B13+1 -> 13 | C14: 6 | D14: 2021 | E14: ='June 2021'!E17 -> 0 | F14: 0.029 | G14: ='June 2021'!J17 -> 0 | H14: 0.112 | I14: ='June 2021'!G17*1000 -> 0 | J14: 0.0361 | K14: ='June 2021'!I17 -> 0 | L14: 0.75 | M14: ='June 2021'!L17 -> 0 | N14: 0.563 | O14: ='June 2021'!D17 -> 0
A15: Bahrain Bay | B15: =B14+1 -> 14 | C15: 6 | D15: 2021 | E15: ='June 2021'!E18 -> 0 | F15: 0.029 | G15: ='June 2021'!J18 -> 0 | H15: 0.112 | I15: ='June 2021'!G18*1000 -> 0 | J15: 0.0361 | K15: ='June 2021'!I18 -> 0 | L15: 0.75 | M15: ='June 2021'!L18 -> 0 | N15: 0.563 | O15: ='June 2021'!D18 -> 0
A16: Bahrain Bay | B16: =B15+1 -> 15 | C16: 6 | D16: 2021 | E16: ='June 2021'!E19 -> 0 | F16: 0.029 | G16: ='June 2021'!J19 -> 0 | H16: 0.112 | I16: ='June 2021'!G20*1000 -> 0 | J16: 0.0361 | K16: ='June 2021'!I19 -> 0 | L16: 0.75 | M16: ='June 2021'!L19 -> 0 | N16: 0.563 | O16: ='June 2021'!D19 -> 0
A17: Bahrain Bay | B17: =B16+1 -> 16 | C17: 6 | D17: 2021 | E17: ='June 2021'!E20 -> 0 | F17: 0.029 | G17: ='June 2021'!J20 -> 0 | H17: 0.112 | I17: ='June 2021'!G21*1000 -> 0 | J17: 0.0361 | K17: ='June 2021'!I20 -> 0 | L17: 0.75 | M17: ='June 2021'!L20 -> 0 | N17: 0.563 | O17: ='June 2021'!D20 -> 0
A18: Bahrain Bay | B18: =B17+1 -> 17 | C18: 6 | D18: 2021 | E18: ='June 2021'!E21 -> 0 | F18: 0.029 | G18: ='June 2021'!J21 -> 0 | H18: 0.112 | I18: ='June 2021'!G22*1000 -> 0 | J18: 0.0361 | K18: ='June 2021'!I21 -> 0 | L18: 0.75 | M18: ='June 2021'!L21 -> 0 | N18: 0.563 | O18: ='June 2021'!D21 -> 0
A19: Bahrain Bay | B19: =B18+1 -> 18 | C19: 6 | D19: 2021 | E19: ='June 2021'!E22 -> 0 | F19: 0.029 | G19: ='June 2021'!J22 -> 0 | H19: 0.112 | I19: ='June 2021'!G23*1000 -> 0 | J19: 0.0361 | K19: ='June 2021'!I22 -> 0 | L19: 0.75 | M19: ='June 2021'!L22 -> 0 | N19: 0.563 | O19: ='June 2021'!D22 -> 0
A20: Bahrain Bay | B20: =B19+1 -> 19 | C20: 6 | D20: 2021 | E20: ='June 2021'!E23 -> 0 | F20: 0.029 | G20: ='June 2021'!J23 -> 0 | H20: 0.112 | I20: ='June 2021'!G24*1000 -> 0 | J20: 0.0361 | K20: ='June 2021'!I23 -> 0 | L20: 0.75 | M20: ='June 2021'!L23 -> 0 | N20: 0.563 | O20: ='June 2021'!D23 -> 0
A21: Bahrain Bay | B21: =B20+1 -> 20 | C21: 6 | D21: 2021 | E21: ='June 2021'!E24 -> 0 | F21: 0.029 | G21: ='June 2021'!J23 -> 0 | H21: 0.112 | I21: ='June 2021'!G25*1000 -> 0 | J21: 0.0361 | K21: ='June 2021'!I23 -> 0 | L21: 0.75 | M21: ='June 2021'!L24 -> 0 | N21: 0.563 | O21: ='June 2021'!D24 -> 0
A22: Bahrain Bay | B22: =B21+1 -> 21 | C22: 6 | D22: 2021 | E22: ='June 2021'!E25 -> 0 | F22: 0.029 | G22: ='June 2021'!J24 -> 0 | H22: 0.112 | I22: ='June 2021'!G26*1000 -> 0 | J22: 0.0361 | K22: ='June 2021'!I24 -> 0 | L22: 0.75 | M22: ='June 2021'!L25 -> 0 | N22: 0.563 | O22: ='June 2021'!D25 -> 0
A23: Bahrain Bay | B23: =B22+1 -> 22 | C23: 6 | D23: 2021 | E23: ='June 2021'!E26 -> 0 | F23: 0.029 | G23: ='June 2021'!J25 -> 0 | H23: 0.112 | I23: ='June 2021'!G27*1000 -> 0 | J23: 0.0361 | K23: ='June 2021'!I26 -> 0 | L23: 0.75 | M23: ='June 2021'!L26 -> 0 | N23: 0.563 | O23: ='June 2021'!D26 -> 0
A24: Bahrain Bay | B24: =B23+1 -> 23 | C24: 6 | D24: 2021 | E24: ='June 2021'!E27 -> 0 | F24: 0.029 | G24: ='June 2021'!J27 -> 0 | H24: 0.112 | I24: ='June 2021'!G27*1000 -> 0 | J24: 0.0361 | K24: ='June 2021'!I27 -> 0 | L24: 0.75 | M24: ='June 2021'!L27 -> 0 | N24: 0.563 | O24: ='June 2021'!D27 -> 0
A25: Bahrain Bay | B25: =B24+1 -> 24 | C25: 6 | D25: 2021 | E25: ='June 2021'!E28 -> 0 | F25: 0.029 | G25: ='June 2021'!J28 -> 0 | H25: 0.112 | I25: ='June 2021'!G28*1000 -> 0 | J25: 0.0361 | K25: ='June 2021'!I28 -> 0 | L25: 0.75 | M25: ='June 2021'!L28 -> 0 | N25: 0.563 | O25: ='June 2021'!D28 -> 0
A26: Bahrain Bay | B26: =B25+1 -> 25 | C26: 6 | D26: 2021 | E26: ='June 2021'!E29 -> 0 | F26: 0.029 | G26: ='June 2021'!J29 -> 0 | H26: 0.112 | I26: ='June 2021'!G29*1000 -> 0 | J26: 0.0361 | K26: ='June 2021'!I29 -> 0 | L26: 0.75 | M26: ='June 2021'!L29 -> 0 | N26: 0.563 | O26: ='June 2021'!D29 -> 0
A27: Bahrain Bay | B27: =B26+1 -> 26 | C27: 6 | D27: 2021 | E27: ='June 2021'!E30 -> 0 | F27: 0.029 | G27: ='June 2021'!J30 -> 0 | H27: 0.112 | I27: ='June 2021'!G30*1000 -> 0 | J27: 0.0361 | K27: ='June 2021'!I30 -> 0 | L27: 0.75 | M27: ='June 2021'!L30 -> 0 | N27: 0.563 | O27: ='June 2021'!D30 -> 0
A28: Bahrain Bay | B28: =B27+1 -> 27 | C28: 6 | D28: 2021 | E28: ='June 2021'!E31 -> 0 | F28: 0.029 | G28: ='June 2021'!J31 -> 0 | H28: 0.112 | I28: ='June 2021'!G31*1000 -> 0 | J28: 0.0361 | K28: ='June 2021'!I31 -> 0 | L28: 0.75 | M28: ='June 2021'!L31 -> 0 | N28: 0.563 | O28: ='June 2021'!D31 -> 0
A29: Bahrain Bay | B29: =B28+1 -> 28 | C29: 6 | D29: 2021 | E29: ='June 2021'!E32 -> 0 | F29: 0.029 | G29: ='June 2021'!J32 -> 0 | H29: 0.112 | I29: ='June 2021'!G32*1000 -> 0 | J29: 0.0361 | K29: ='June 2021'!I32 -> 0 | L29: 0.75 | M29: ='June 2021'!L32 -> 0 | N29: 0.563 | O29: ='June 2021'!D32 -> 0
A30: Bahrain Bay | B30: 29 | C30: 6 | D30: 2021 | E30: ='June 2021'!E33 -> 0 | F30: 0.029 | G30: ='June 2021'!J33 -> 0 | H30: 0.112 | I30: ='June 2021'!G33*1000 -> 0 | J30: 0.0361 | K30: ='June 2021'!I33 -> 0 | L30: 0.75 | M30: ='June 2021'!L33 -> 0 | N30: 0.563 | O30: ='June 2021'!D33 -> 0
A31: Bahrain Bay | B31: 30 | C31: 6 | D31: 2021 | E31: ='June 2021'!E34 -> 0 | F31: 0.029 | G31: ='June 2021'!J34 -> 0 | H31: 0.112 | I31: ='June 2021'!G34*1000 -> 0 | J31: 0.0361 | K31: ='June 2021'!I34 -> 0 | L31: 0.75 | M31: ='June 2021'!L34 -> 0 | N31: 0.563 | O31: ='June 2021'!D34 -> 0
A32: Bahrain Bay | D32: 2021 | E32: ='June 2021'!E35 -> 0 | F32: 0.029 | G32: ='June 2021'!J35 -> 0 | H32: 0.112 | I32: ='June 2021'!G35*1000 -> 0 | J32: 0.0361 | K32: ='June 2021'!I35 -> 0 | L32: 0.75 | M32: ='June 2021'!L35 -> 0 | N32: 0.563 | O32: ='June 2021'!D35 -> 0

Sheet June 2021
B2: Electricity and Utilities Reading
B3: S. No. | C3: Date | E3: Electricity Consumption kWh | F3: Chilled H2O Consumption Reading | G3: Consumption MWh | H3: Potable Water Consumption Reading | I3: Consumption m3 | K3: Irrigation Water Consumption Reading | L3: Consumption m3
D4: RoomNights | J4: LPG (Kg)
B5: 1 | C5: 44348 | D5: 18 | E5: 21075 | F5: 189099 | G5: =F6-F5 -> 53 | H5: 482372 | I5: =H6-H5 -> 50 | J5: 2970 | K5: 285938 | L5: =K6-K5 -> 277
B6: 2 | C6: 44349 | D6: 20 | E6: 21899 | F6: 189152 | G6: =F7-F6 -> 56 | H6: 482422 | I6: =H7-H6 -> 212 | J6: 0 | K6: 286215 | L6: =K7-K6 -> 297
B7: 3 | C7: 44350 | D7: 24 | E7: 21897 | F7: 189208 | G7: =F8-F7 -> 57 | H7: 482634 | I7: =H8-H7 -> 144 | J7: 0 | K7: 286512 | L7: =K8-K7 -> 355
B8: 4 | C8: 44351 | D8: 31 | E8: 21999 | F8: 189265 | G8: =F9-F8 -> 57 | H8: 482778 | I8: =H9-H8 -> 54 | J8: 0 | K8: 286867 | L8: =K9-K8 -> 138
B9: 5 | C9: 44352 | D9: 19 | E9: 21928 | F9: 189322 | G9: =F10-F9 -> 52 | H9: 482832 | I9: =H10-H9 -> 140 | J9: 0 | K9: 287005 | L9: =K10-K9 -> 294
B10: 6 | C10: 44353 | F10: 189374 | H10: 482972 | J10: 0 | K10: 287299
B11: 7 | C11: 44354
B12: 8 | C12: 44355
B13: 9 | C13: 44356
B14: 10 | C14: 44357
B15: 11 | C15: 44358
A16: 1 | B16: 12 | C16: 44359
B17: 13 | C17: 44360
B18: 14 | C18: 44361
B19: 15 | C19: 44362
B20: 16 | C20: 44363
B21: 17 | C21: 44364
B22: 18 | C22: 44365
B23: 19 | C23: 44366
B24: 20 | C24: 44367
B25: 21 | C25: 44368
B26: 22 | C26: 44369
B27: 23 | C27: 44370
B28: 24 | C28: 44371
A29: v | B29: 25 | C29: 44372
B30: 26 | C30: 44373
B31: 27 | C31: 44374
B32: 28 | C32: 44375
B33: 29 | C33: 44376
B34: 30 | C34: 44377
B35: 31
I51: k
