Workbook

Sheet TOTAL
A1: Site Name | B1: Day | C1: Month | D1: Year | E1: Total Electricity Kwh | F1: Peak hour Kwh | G1: Low Peak Hour Kwh | H1: Electricity Tariff (Rupiah /Kwh) | I1: Electricity Total Tariff (Rupiah) | J1: Natual Gas (m3) | K1: Natural Gas $/m3 | L1: Water Utility Supply (m3) | M1: Water Utility Supply (m3) Rupiah/m3 | N1: Room Nights | O1: Total Guests | P1: Utilities day cost dh
A2: Jakarta | B2: 1 | C2: 5 | D2: 2021 | E2: =Electricity!H6 -> 20784 | F2: =+Electricity!F6 -> 3900 | G2: =+Electricity!G6 -> 16884 | H2: 1035.78 | I2: =+Electricity!O6 -> 24253845 | J2: =Gas!D5 -> 98.97 | K2: 5362 | L2: =Water!C5 -> 161.5 | M2: 12500 | N2: 93 | O2: =192+377 -> 569 | P2: =E2*H2+J2*K2+#REF!*#REF!+L2*M2 -> #REF!
A3: Jakarta | B3: =B2+1 -> 2 | C3: 5 | D3: 2021 | E3: =Electricity!H7 -> 20671 | F3: =+Electricity!F7 -> 3685 | G3: =+Electricity!G7 -> 16986 | H3: 1035.78 | I3: =+Electricity!O7 -> 24018604 | J3: =Gas!D6 -> 129.52 | K3: 5362 | L3: =Water!C6 -> 160 | M3: 12500 | N3: 33 | O3: =70+285 -> 355 | P3: =E3*H3+J3*K3+#REF!*#REF!+L3*M3 -> #REF!
A4: Jakarta | B4: =B3+1 -> 3 | C4: 5 | D4: 2021 | E4: =Electricity!H8 -> 20200 | F4: =+Electricity!F8 -> 3538 | G4: =+Electricity!G8 -> 16662 | H4: 1035.78 | I4: =+Electricity!O8 -> 23437702 | J4: =Gas!D7 -> 152.79 | K4: 5362 | L4: =Water!C7 -> 116.9 | M4: 12500 | N4: 41 | O4: =84+190 -> 274 | P4: =E4*H4+J4*K4+#REF!*#REF!+L4*M4 -> #REF!
A5: Jakarta | B5: =B4+1 -> 4 | C5: 5 | D5: 2021 | E5: =Electricity!H9 -> 21010 | F5: =+Electricity!F9 -> 3880 | G5: =+Electricity!G9 -> 17130 | H5: 1035.78 | I5: =+Electricity!O9 -> 24484286 | J5: =Gas!D8 -> 193.48 | K5: 5362 | L5: =Water!C8 -> 126.4 | M5: 12500 | N5: 42 | O5: =87+372 -> 459 | P5: =E5*H5+J5*K5+#REF!*#REF!+L5*M5 -> #REF!
A6: Jakarta | B6: =B5+1 -> 5 | C6: 5 | D6: 2021 | E6: =Electricity!H10 -> 23152 | F6: =+Electricity!F10 -> 4278 | G6: =+Electricity!G10 -> 18874 | H6: 1035.78 | I6: =+Electricity!O10 -> 26981789 | J6: =Gas!D9 -> 189.34 | K6: 5362 | L6: =Water!C9 -> 134.8 | M6: 12500 | N6: 37 | O6: =74+323 -> 397 | P6: =E6*H6+J6*K6+#REF!*#REF!+L6*M6 -> #REF!
A7: Jakarta | B7: =B6+1 -> 6 | C7: 5 | D7: 2021 | E7: =Electricity!H11 -> 20052 | F7: =+Electricity!F11 -> 3580 | G7: =+Electricity!G11 -> 16472 | H7: 1035.78 | I7: =+Electricity!O11 -> 23302212 | J7: =Gas!D10 -> 147.89 | K7: 5362 | L7: =Water!C10 -> 195.9 | M7: 12500 | N7: 27 | O7: =57+216 -> 273 | P7: =E7*H7+J7*K7+#REF!*#REF!+L7*M7 -> #REF!
A8: Jakarta | B8: =B7+1 -> 7 | C8: 5 | D8: 2021 | E8: =Electricity!H12 -> 20012 | F8: =+Electricity!F12 -> 3806 | G8: =+Electricity!G12 -> 16206 | H8: 1035.78 | I8: =+Electricity!O12 -> 23380092 | J8: =Gas!D11 -> 128.11 | K8: 5362 | L8: =Water!C11 -> 144.2 | M8: 12500 | N8: 49 | O8: =103+291 -> 394 | P8: =E8*H8+J8*K8+#REF!*#REF!+L8*M8 -> #REF!
A9: Jakarta | B9: =B8+1 -> 8 | C9: 5 | D9: 2021 | E9: =Electricity!H13 -> 25370 | F9: =+Electricity!F13 -> 5220 | G9: =+Electricity!G13 -> 20150 | H9: 1035.78 | I9: =+Electricity!O13 -> 29850558 | J9: =Gas!D12 -> 173.42 | K9: 5362 | L9: =Water!C12 -> 153.5 | M9: 12500 | N9: 80 | O9: =166+480 -> 646 | P9: =E9*H9+J9*K9+#REF!*#REF!+L9*M9 -> #REF!
A10: Jakarta | B10: =B9+1 -> 9 | C10: 5 | D10: 2021 | E10: =Electricity!H14 -> 20226 | F10: =+Electricity!F14 -> 3638 | G10: =+Electricity!G14 -> 16588 | H10: 1035.78 | I10: =+Electricity!O14 -> 23518783 | J10: =Gas!D13 -> 98.17 | K10: 5362 | L10: =Water!C13 -> 209.6 | M10: 12500 | N10: 52 | O10: =110+313 -> 423 | P10: =E10*H10+J10*K10+#REF!*#REF!+L10*M10 -> #REF!
A11: Jakarta | B11: =B10+1 -> 10 | C11: 5 | D11: 2021 | E11: =Electricity!H15 -> 23422 | F11: =+Electricity!F15 -> 4456 | G11: =+Electricity!G15 -> 18966 | H11: 1035.78 | I11: =+Electricity!O15 -> 27364790 | J11: =Gas!D14 -> 128.4 | K11: 5362 | L11: =Water!C14 -> 199.5 | M11: 12500 | N11: 78 | O11: =162+335 -> 497 | P11: =E11*H11+J11*K11+#REF!*#REF!+L11*M11 -> #REF!
A12: Jakarta | B12: =B11+1 -> 11 | C12: 5 | D12: 2021 | E12: =Electricity!H16 -> 20972 | F12: =+Electricity!F16 -> 3730 | G12: =+Electricity!G16 -> 17242 | H12: 1035.78 | I12: =+Electricity!O16 -> 24363731 | J12: =Gas!D15 -> 158.41 | K12: 5362 | L12: =Water!C15 -> 187.8 | M12: 12500 | N12: 40 | O12: =82+329 -> 411 | P12: =E12*H12+J12*K12+#REF!*#REF!+L12*M12 -> #REF!
A13: Jakarta | B13: =B12+1 -> 12 | C13: 5 | D13: 2021 | E13: =Electricity!H17 -> 20754 | F13: =+Electricity!F17 -> 3798 | G13: =+Electricity!G17 -> 16956 | H13: 1035.78 | I13: =+Electricity!O17 -> 24167430 | J13: =Gas!D16 -> 126.92 | K13: 5362 | L13: =Water!C16 -> 162.3 | M13: 12500 | N13: 75 | O13: =154+242 -> 396 | P13: =E13*H13+J13*K13+#REF!*#REF!+L13*M13 -> #REF!
A14: Jakarta | B14: =B13+1 -> 13 | C14: 5 | D14: 2021 | E14: =Electricity!H18 -> 20792 | F14: =+Electricity!F18 -> 3780 | G14: =+Electricity!G18 -> 17012 | H14: 1035.78 | I14: =+Electricity!O18 -> 24198369 | J14: =Gas!D17 -> 155.53 | K14: 5362 | L14: =Water!C17 -> 161 | M14: 12500 | N14: 103 | O14: =219+355 -> 574 | P14: =E14*H14+J14*K14+#REF!*#REF!+L14*M14 -> #REF!
A15: Jakarta | B15: =B14+1 -> 14 | C15: 5 | D15: 2021 | E15: =Electricity!H19 -> 20124 | F15: =+Electricity!F19 -> 3604 | G15: =+Electricity!G19 -> 16520 | H15: 1035.78 | I15: =+Electricity!O19 -> 23391828 | J15: =Gas!D18 -> 120.07 | K15: 5362 | L15: =Water!C18 -> 165.8 | M15: 12500 | N15: 111 | O15: =231+386 -> 617 | P15: =E15*H15+J15*K15+#REF!*#REF!+L15*M15 -> #REF!
A16: Jakarta | B16: =B15+1 -> 15 | C16: 5 | D16: 2021 | E16: =Electricity!H20 -> 20410 | F16: =+Electricity!F20 -> 3838 | G16: =+Electricity!G20 -> 16572 | H16: 1035.78 | I16: =+Electricity!O20 -> 23821770 | J16: =Gas!D19 -> 134.48 | K16: 5362 | L16: =Water!C19 -> 127.9 | M16: 12500 | N16: 105 | O16: =218+481 -> 699 | P16: =E16*H16+J16*K16+#REF!*#REF!+L16*M16 -> #REF!
A17: Jakarta | B17: =B16+1 -> 16 | C17: 5 | D17: 2021 | E17: =Electricity!H21 -> 20306 | F17: =+Electricity!F21 -> 3630 | G17: =+Electricity!G21 -> 16676 | H17: 1035.78 | I17: =+Electricity!O21 -> 23599864 | J17: =Gas!D20 -> 121.18 | K17: 5362 | L17: =Water!C20 -> 284.3 | M17: 12500 | N17: 74 | O17: =148+331 -> 479 | P17: =E17*H17+J17*K17+#REF!*#REF!+L17*M17 -> #REF!
A18: Jakarta | B18: =B17+1 -> 17 | C18: 5 | D18: 2021 | E18: =Electricity!H22 -> 20110 | F18: =+Electricity!F22 -> 3694 | G18: =+Electricity!G22 -> 16416 | H18: 1035.78 | I18: =+Electricity!O22 -> 23424900 | J18: =Gas!D21 -> 99.07 | K18: 5362 | L18: =Water!C21 -> 179.82 | M18: 12500 | N18: 76 | O18: =155+224 -> 379 | P18: =E18*H18+J18*K18+#REF!*#REF!+L18*M18 -> #REF!
A19: Jakarta | B19: =B18+1 -> 18 | C19: 5 | D19: 2021 | E19: =Electricity!H23 -> 20436 | F19: =+Electricity!F23 -> 3820 | G19: =+Electricity!G23 -> 16616 | H19: 1035.78 | I19: =+Electricity!O23 -> 23839906 | J19: =Gas!D22 -> 135.69 | K19: 5362 | L19: =Water!C22 -> 205.3 | M19: 12500 | N19: 70 | O19: =154+235 -> 389 | P19: =E19*H19+J19*K19+#REF!*#REF!+L19*M19 -> #REF!
A20: Jakarta | B20: =B19+1 -> 19 | C20: 5 | D20: 2021 | E20: =Electricity!H24 -> 20846 | F20: =+Electricity!F24 -> 3770 | G20: =+Electricity!G24 -> 17076 | H20: 1035.78 | I20: =+Electricity!O24 -> 24250645 | J20: =Gas!D23 -> 139.63 | K20: 5362 | L20: =Water!C23 -> 141.38 | M20: 12500 | N20: 55 | O20: =110+239 -> 349 | P20: =E20*H20+J20*K20+#REF!*#REF!+L20*M20 -> #REF!
A21: Jakarta | B21: =B20+1 -> 20 | C21: 5 | D21: 2021 | E21: =Electricity!H25 -> 23266 | F21: =+Electricity!F25 -> 4040 | G21: =+Electricity!G25 -> 19226 | H21: 1035.78 | I21: =+Electricity!O25 -> 26976455 | J21: =Gas!D24 -> 210.84 | K21: 5362 | L21: =Water!C24 -> 164.7 | M21: 12500 | N21: 55 | O21: =108+281 -> 389 | P21: =E21*H21+J21*K21+#REF!*#REF!+L21*M21 -> #REF!
A22: Jakarta | B22: =B21+1 -> 21 | C22: 5 | D22: 2021 | E22: =Electricity!H26 -> 21736 | F22: =+Electricity!F26 -> 3928 | G22: =+Electricity!G26 -> 17808 | H22: 1035.78 | I22: =+Electricity!O26 -> 25284426 | J22: =Gas!D25 -> 160.46 | K22: 5362 | L22: =Water!C25 -> 131.4 | M22: 12500 | N22: 75 | O22: 294 | P22: =E22*H22+J22*K22+#REF!*#REF!+L22*M22 -> #REF!
A23: Jakarta | B23: =B22+1 -> 22 | C23: 5 | D23: 2021 | E23: =Electricity!H27 -> 25714 | F23: =+Electricity!F27 -> 5048 | G23: =+Electricity!G27 -> 20666 | H23: 1035.78 | I23: =+Electricity!O27 -> 30125806 | J23: =Gas!D26 -> 197.9 | K23: 5362 | L23: =Water!C26 -> 138.64 | M23: 12500 | N23: 103 | O23: 522 | P23: =E23*H23+J23*K23+#REF!*#REF!+L23*M23 -> #REF!
A24: Jakarta | B24: =B23+1 -> 23 | C24: 5 | D24: 2021 | E24: =Electricity!H28 -> 24892 | F24: =+Electricity!F28 -> 3902 | G24: =+Electricity!G28 -> 20990 | H24: 1035.78 | I24: =+Electricity!O28 -> 28637546 | J24: =Gas!D27 -> 180.1 | K24: 5362 | L24: =Water!C27 -> 154.58 | M24: 12500 | N24: 59 | O24: 604 | P24: =E24*H24+J24*K24+#REF!*#REF!+L24*M24 -> #REF!
A25: Jakarta | B25: =B24+1 -> 24 | C25: 5 | D25: 2021 | E25: =Electricity!H29 -> 24674 | F25: =+Electricity!F29 -> 4852 | G25: =+Electricity!G29 -> 19822 | H25: 1035.78 | I25: =+Electricity!O29 -> 28911727 | J25: =Gas!D28 -> 150.46 | K25: 5362 | L25: =Water!C28 -> 251.64 | M25: 12500 | N25: 61 | O25: 378 | P25: =E25*H25+J25*K25+#REF!*#REF!+L25*M25 -> #REF!
A26: Jakarta | B26: =B25+1 -> 25 | C26: 5 | D26: 2021 | E26: =Electricity!H30 -> 22404 | F26: =+Electricity!F30 -> 4142 | G26: =+Electricity!G30 -> 18262 | H26: 1035.78 | I26: =+Electricity!O30 -> 26111237 | J26: =Gas!D29 -> 160.48 | K26: 5362 | L26: =Water!C29 -> 143.84 | M26: 12500 | N26: 81 | O26: 380 | P26: =E26*H26+J26*K26+#REF!*#REF!+L26*M26 -> #REF!
A27: Jakarta | B27: =B26+1 -> 26 | C27: 5 | D27: 2021 | E27: =Electricity!H31 -> 21214 | F27: =+Electricity!F31 -> 3870 | G27: =+Electricity!G31 -> 17344 | H27: 1035.78 | I27: =+Electricity!O31 -> 24696589 | J27: =Gas!D30 -> 145.09 | K27: 5362 | L27: =Water!C30 -> 164.24 | M27: 12500 | N27: 74 | O27: 226 | P27: =E27*H27+J27*K27+#REF!*#REF!+L27*M27 -> #REF!
A28: Jakarta | B28: =B27+1 -> 27 | C28: 5 | D28: 2021 | E28: =Electricity!H32 -> 22354 | F28: =+Electricity!F32 -> 3812 | G28: =+Electricity!G32 -> 18542 | H28: 1035.78 | I28: =+Electricity!O32 -> 25881863 | J28: =Gas!D31 -> 196.67 | K28: 5362 | L28: =Water!C31 -> 204.82 | M28: 12500 | N28: 64 | O28: 275 | P28: =E28*H28+J28*K28+#REF!*#REF!+L28*M28 -> #REF!
A29: Jakarta | B29: =B28+1 -> 28 | C29: 5 | D29: 2021 | E29: =Electricity!H33 -> 25794 | F29: =+Electricity!F33 -> 5146 | G29: =+Electricity!G33 -> 20648 | H29: 1035.78 | I29: =+Electricity!O33 -> 30263430 | J29: =Gas!D32 -> 196.48 | K29: 5362 | L29: =Water!C32 -> 203.16 | M29: 12500 | N29: 73 | O29: =119+690 -> 809 | P29: =E29*H29+J29*K29+#REF!*#REF!+L29*M29 -> #REF!
A30: Jakarta | B30: =B29+1 -> 29 | C30: 5 | D30: 2021 | E30: =Electricity!H34 -> 20536 | F30: =+Electricity!F34 -> 3560 | G30: =+Electricity!G34 -> 16976 | H30: 1035.78 | I30: =+Electricity!O34 -> 23807900 | J30: =Gas!D33 -> 137.27 | K30: 5362 | L30: =Water!C33 -> 142.5 | M30: 12500 | N30: 104 | O30: =209+251 -> 460 | P30: =E30*H30+J30*K30+#REF!*#REF!+L30*M30 -> #REF!
A31: Jakarta | B31: =B30+1 -> 30 | C31: 5 | D31: 2021 | E31: =Electricity!H35 -> 19878 | F31: =+Electricity!F35 -> 3502 | G31: =+Electricity!G35 -> 16376 | H31: 1035.78 | I31: =+Electricity!O35 -> 23074972 | J31: =Gas!D34 -> 110.54 | K31: 5362 | L31: =Water!C34 -> 171.8 | M31: 12500 | N31: 57 | O31: =115+247 -> 362
A32: Jakarta | B32: =B31+1 -> 31 | C32: 5 | D32: 2021 | E32: =Electricity!H36 -> 20329 | F32: =+Electricity!F36 -> 3575 | G32: =+Electricity!G36 -> 16754 | H32: 1035.78 | I32: =+Electricity!O36 -> 23595063 | J32: =Gas!D35 -> 155.5 | K32: 5362 | L32: =Water!C35 -> 160.76 | M32: 12500 | N32: 87 | O32: =176+301 -> 477 | P32: =E32*H32+J32*K32+#REF!*#REF!+L32*M32 -> #REF!

Sheet Electricity
B1: Electricity Distribution 2021
B2: Date | E2: Cost per kWh in Rupiah ( Rp) | F2: HOTEL DAILY ELECTRICITY METER
F3: Peak Hour | G3: Low Peak Hour | H3: Total Metering | I3: Sub Metering | K3: Total Cost | N3: Tax for public service3% | O3: TOTAL BILL
F4: ( 17:01-22:00) | G4: ( 22:01 -17:00) | H4: 24 Hour | I4: Chiller | J4: Other | K4: Peak Hour | L4: Low Peak Hour | M4: Total (Rp)
C5: Room Nights | D5: Total Guests | E5: 1035.78 | F5: kWh | G5: kWh | H5: kWh | I5: kWh | J5: kWh | K5: Rupiah | L5: Rupiah | M5: Rupiah | N5: Rupiah | O5: Rupiah
B6: 43952 | C6: =SUM(TOTAL!N2) -> 93 | D6: =SUM(TOTAL!O2) -> 569 | E6: 1035.78 | F6: 3900 | G6: 16884 | H6: =G6+F6 -> 20784 | I6: 8560 | J6: =+H6-I6 -> 12224 | K6: =F6*1.5*E6 -> 6059313 | L6: =G6*E6 -> 17488110 | M6: =L6+K6 -> 23547423 | N6: =M6*0.03 -> 706422.68 | O6: =M6+N6 -> 24253845
B7: 43953 | C7: =SUM(TOTAL!N3) -> 33 | D7: =SUM(TOTAL!O3) -> 355 | E7: 1035.78 | F7: 3685 | G7: 16986 | H7: =G7+F7 -> 20671 | I7: 8404 | J7: =+H7-I7 -> 12267 | K7: =F7*1.5*E7 -> 5725274 | L7: =G7*E7 -> 17593759 | M7: =L7+K7 -> 23319033 | N7: =M7*0.03 -> 699570.99 | O7: =M7+N7 -> 24018604
B8: 43954 | C8: =SUM(TOTAL!N4) -> 41 | D8: =SUM(TOTAL!O4) -> 274 | E8: 1035.78 | F8: 3538 | G8: 16662 | H8: =G8+F8 -> 20200 | I8: 8346 | J8: =+H8-I8 -> 11854 | K8: =F8*1.5*E8 -> 5496884.5 | L8: =G8*E8 -> 17258166 | M8: =L8+K8 -> 22755051 | N8: =M8*0.03 -> 682651.52 | O8: =M8+N8 -> 23437702
B9: 43955 | C9: =SUM(TOTAL!N5) -> 42 | D9: =SUM(TOTAL!O5) -> 459 | E9: 1035.78 | F9: 3880 | G9: 17130 | H9: =G9+F9 -> 21010 | I9: 8295 | J9: =+H9-I9 -> 12715 | K9: =F9*1.5*E9 -> 6028239.6 | L9: =G9*E9 -> 17742911 | M9: =L9+K9 -> 23771151 | N9: =M9*0.03 -> 713134.53 | O9: =M9+N9 -> 24484286
B10: 43956 | C10: =SUM(TOTAL!N6) -> 37 | D10: =SUM(TOTAL!O6) -> 397 | E10: 1035.78 | F10: 4278 | G10: 18874 | H10: =G10+F10 -> 23152 | I10: 10391 | J10: =+H10-I10 -> 12761 | K10: =F10*1.5*E10 -> 6646600.3 | L10: =G10*E10 -> 19549312 | M10: =L10+K10 -> 26195912 | N10: =M10*0.03 -> 785877.36 | O10: =M10+N10 -> 26981789
B11: 43957 | C11: =SUM(TOTAL!N7) -> 27 | D11: =SUM(TOTAL!O7) -> 273 | E11: 1035.78 | F11: 3580 | G11: 16472 | H11: =G11+F11 -> 20052 | I11: 8117 | J11: =+H11-I11 -> 11935 | K11: =F11*1.5*E11 -> 5562138.6 | L11: =G11*E11 -> 17061368 | M11: =L11+K11 -> 22623507 | N11: =M11*0.03 -> 678705.2 | O11: =M11+N11 -> 23302212
B12: 43958 | C12: =SUM(TOTAL!N8) -> 49 | D12: =SUM(TOTAL!O8) -> 394 | E12: 1035.78 | F12: 3806 | G12: 16206 | H12: =G12+F12 -> 20012 | I12: 8015 | J12: =+H12-I12 -> 11997 | K12: =F12*1.5*E12 -> 5913268 | L12: =G12*E12 -> 16785851 | M12: =L12+K12 -> 22699119 | N12: =M12*0.03 -> 680973.56 | O12: =M12+N12 -> 23380092
B13: 43959 | C13: =SUM(TOTAL!N9) -> 80 | D13: =SUM(TOTAL!O9) -> 646 | E13: 1035.78 | F13: 5220 | G13: 20150 | H13: =G13+F13 -> 25370 | I13: 12008 | J13: =+H13-I13 -> 13362 | K13: =F13*1.5*E13 -> 8110157.4 | L13: =G13*E13 -> 20870967 | M13: =L13+K13 -> 28981124 | N13: =M13*0.03 -> 869433.73 | O13: =M13+N13 -> 29850558
B14: 43960 | C14: =SUM(TOTAL!N10) -> 52 | D14: =SUM(TOTAL!O10) -> 423 | E14: 1035.78 | F14: 3638 | G14: 16588 | H14: =G14+F14 -> 20226 | I14: 8005 | J14: =+H14-I14 -> 12221 | K14: =F14*1.5*E14 -> 5652251.5 | L14: =G14*E14 -> 17181519 | M14: =L14+K14 -> 22833770 | N14: =M14*0.03 -> 685013.1 | O14: =M14+N14 -> 23518783
B15: 43961 | C15: =SUM(TOTAL!N11) -> 78 | D15: =SUM(TOTAL!O11) -> 497 | E15: 1035.78 | F15: 4456 | G15: 18966 | H15: =G15+F15 -> 23422 | I15: 11082 | J15: =+H15-I15 -> 12340 | K15: =F15*1.5*E15 -> 6923153.5 | L15: =G15*E15 -> 19644603 | M15: =L15+K15 -> 26567757 | N15: =M15*0.03 -> 797032.71 | O15: =M15+N15 -> 27364790
B16: 43962 | C16: =SUM(TOTAL!N12) -> 40 | D16: =SUM(TOTAL!O12) -> 411 | E16: 1035.78 | F16: 3730 | G16: 17242 | H16: =G16+F16 -> 20972 | I16: 8565 | J16: =+H16-I16 -> 12407 | K16: =F16*1.5*E16 -> 5795189.1 | L16: =G16*E16 -> 17858919 | M16: =L16+K16 -> 23654108 | N16: =M16*0.03 -> 709623.24 | O16: =M16+N16 -> 24363731
B17: 43963 | C17: =SUM(TOTAL!N13) -> 75 | D17: =SUM(TOTAL!O13) -> 396 | E17: 1035.78 | F17: 3798 | G17: 16956 | H17: =G17+F17 -> 20754 | I17: 8628 | J17: =+H17-I17 -> 12126 | K17: =F17*1.5*E17 -> 5900838.7 | L17: =G17*E17 -> 17562686 | M17: =L17+K17 -> 23463524 | N17: =M17*0.03 -> 703905.73 | O17: =M17+N17 -> 24167430
... B36: 43982 | C36: =SUM(TOTAL!N32) -> 87 | D36: =SUM(TOTAL!O32) -> 477 | E36: 1035.78 | F36: 3575 | G36: 16754 | H36: =G36+F36 -> 20329 | I36: 7956 | J36: =+H36-I36 -> 12373 | K36: =F36*1.5*E36 -> 5554370.2 | L36: =G36*E36 -> 17353458 | M36: =L36+K36 -> 22907828 | N36: =M36*0.03 -> 687234.85 | O36: =M36+N36 -> 23595063
D37: =SUM(TOTAL!O33) -> 0 | E37: Hotel | F37: =SUM(F6:F36) -> 123022 | G37: =SUM(G6:G36) -> 549418 | H37: =SUM(H6:H36) -> 672440 | I37: =SUM(I6:I36) -> 321083 | J37: =SUM(J6:J36) -> 351357 | K37: =SUM(K6:K36) -> 1.9113559e+08 | L37: =SUM(L6:L36) -> 5.6907618e+08 | M37: =SUM(M6:M36) -> 7.6021177e+08 | ... O37: =SUM(O6:O36) -> 7.8301812e+08
M39: Hotel usage for Heat Pump, Escalator & Ballroom Lift | N39: 55985137
M40: Mixed used Hotel & Office | N40: 17744976 | O40: =N39+N40 -> 73730113 | P40: Mixed used Hotel area B3-B5
O41: =O37+O40 -> 8.5674823e+08
M42: MRA (Lala Restaurant) | N42: 42856377
M43: Food Court | N43: 72524343
M44: Charge to GRU Estate | N44: 100000000
M45: Total | N45: =N42+N43+N44 -> 215380720 | O45: =N45 -> 215380720 | P45: Biaya perhitungan listrik parkir + listrik ruangan
M47: TOTAL BILL | O47: =O41-O45 -> 6.4136751e+08 | P47: Total Cost of Electric billing for the month of January 2020

Sheet Water
B1: WATER METER READING
B3: Date | C3: Total Metering | D3: Sub metering
C4: m3 | D4: Clean water Level 22 | E4: CW Public Area | F4: Recycle Water share 20% | G4: Recycle Water
B5: 43952 | C5: =+SUM(D5:F5) -> 161.5 | D5: =+'[1]Clean water & recycle water log'!C173 -> 68 | E5: =+'[1]Clean water & recycle water log'!E173 -> 74.1 | F5: =+G5*0.2 -> 19.4 | G5: ='[1]Clean water & recycle water log'!G173 -> 97
B6: 43953 | C6: =+SUM(D6:F6) -> 160 | D6: =+'[1]Clean water & recycle water log'!C174 -> 61 | E6: =+'[1]Clean water & recycle water log'!E174 -> 88.2 | F6: =+G6*0.2 -> 10.8 | G6: ='[1]Clean water & recycle water log'!G174 -> 54
B7: 43954 | C7: =+SUM(D7:F7) -> 116.9 | D7: =+'[1]Clean water & recycle water log'!C175 -> 15 | E7: =+'[1]Clean water & recycle water log'!E175 -> 86.3 | F7: =+G7*0.2 -> 15.6 | G7: ='[1]Clean water & recycle water log'!G175 -> 78
B8: 43955 | C8: =+SUM(D8:F8) -> 126.4 | D8: =+'[1]Clean water & recycle water log'!C176 -> 9 | E8: =+'[1]Clean water & recycle water log'!E176 -> 108.4 | F8: =+G8*0.2 -> 9 | G8: ='[1]Clean water & recycle water log'!G176 -> 45
B9: 43956 | C9: =+SUM(D9:F9) -> 134.8 | D9: =+'[1]Clean water & recycle water log'!C177 -> 8 | E9: =+'[1]Clean water & recycle water log'!E177 -> 108.4 | F9: =+G9*0.2 -> 18.4 | G9: ='[1]Clean water & recycle water log'!G177 -> 92
B10: 43957 | C10: =+SUM(D10:F10) -> 195.9 | D10: =+'[1]Clean water & recycle water log'!C178 -> 78 | E10: =+'[1]Clean water & recycle water log'!E178 -> 100.9 | F10: =+G10*0.2 -> 17 | G10: ='[1]Clean water & recycle water log'!G178 -> 85
B11: 43958 | C11: =+SUM(D11:F11) -> 144.2 | D11: =+'[1]Clean water & recycle water log'!C179 -> 32 | E11: =+'[1]Clean water & recycle water log'!E179 -> 98.2 | F11: =+G11*0.2 -> 14 | G11: ='[1]Clean water & recycle water log'!G179 -> 70
B12: 43959 | C12: =+SUM(D12:F12) -> 153.5 | D12: =+'[1]Clean water & recycle water log'!C180 -> 16 | E12: =+'[1]Clean water & recycle water log'!E180 -> 123.1 | F12: =+G12*0.2 -> 14.4 | G12: ='[1]Clean water & recycle water log'!G180 -> 72
B13: 43960 | C13: =+SUM(D13:F13) -> 209.6 | D13: =+'[1]Clean water & recycle water log'!C181 -> 73 | E13: =+'[1]Clean water & recycle water log'!E181 -> 121 | F13: =+G13*0.2 -> 15.6 | G13: ='[1]Clean water & recycle water log'!G181 -> 78
B14: 43961 | C14: =+SUM(D14:F14) -> 199.5 | D14: =+'[1]Clean water & recycle water log'!C182 -> 58 | E14: =+'[1]Clean water & recycle water log'!E182 -> 127.5 | F14: =+G14*0.2 -> 14 | G14: ='[1]Clean water & recycle water log'!G182 -> 70
B15: 43962 | C15: =+SUM(D15:F15) -> 187.8 | D15: =+'[1]Clean water & recycle water log'!C183 -> 38 | E15: =+'[1]Clean water & recycle water log'!E183 -> 126.4 | F15: =+G15*0.2 -> 23.4 | G15: ='[1]Clean water & recycle water log'!G183 -> 117
B16: 43963 | C16: =+SUM(D16:F16) -> 162.3 | D16: =+'[1]Clean water & recycle water log'!C184 -> 48 | E16: =+'[1]Clean water & recycle water log'!E184 -> 90.9 | F16: =+G16*0.2 -> 23.4 | G16: ='[1]Clean water & recycle water log'!G184 -> 117
... B35: 43982 | C35: =+SUM(D35:F35) -> 160.76 | D35: =+'[1]Clean water & recycle water log'!C203 -> 49.7 | E35: =+'[1]Clean water & recycle water log'!E203 -> 95.9 | F35: =+G35*0.2 -> 15.16 | G35: ='[1]Clean water & recycle water log'!G203 -> 75.8
C37: =+D37+E37+F37 -> 5249.98 | D37: =SUM(D5:D35) -> 1537 | E37: =SUM(E5:E35) -> 3218.9 | F37: =SUM(F5:F35) -> 494.08 | G37: =SUM(G5:G35) -> 2470.4
B41: Total Consumption CW Hotel + Public Area + Recycle Water commond share ( 20% ) | G41: =+C37+(G37*20%)-G37 -> 3273.66
B44: Unit Price | E44: Rupiah ( Rp) | G44: 12500
B47: Total Bill | G47: =+G41*G44 -> 40920750

Sheet Gas
B1: WATER METER READING
B3: Date | C3: Main metering | E3: Sub metering ( m3)
C4: Mmbtu | D4: Sm3 | E4: Kitchen B1 | F4: Palm court Kitchen | G4: Ballroom Kitchen | H4: Alto Kitchen
B5: 43952 | C5: 3.67 | D5: 98.97
B6: 43953 | C6: 4.81 | D6: 129.52
B7: 43954 | C7: 5.63 | D7: 152.79
B8: 43955 | C8: 7.22 | D8: 193.48
B9: 43956 | C9: 7.01 | D9: 189.34
B10: 43957 | C10: 5.46 | D10: 147.89
B11: 43958 | C11: 4.7 | D11: 128.11
B12: 43959 | C12: 6.36 | D12: 173.42
B13: 43960 | C13: 3.6 | D13: 98.17
B14: 43961 | C14: 4.7 | D14: 128.4
B15: 43962 | C15: 5.79 | D15: 158.41
B16: 43963 | C16: 4.64 | D16: 126.92
... B35: 43982 | C35: 5.64 | D35: 155.5
C37: =SUM(C5:C35) -> 169.99 | D37: =SUM(D5:D35) -> 4632.86 | E37: =SUM(E5:E35) -> 0 | F37: =SUM(F5:F35) -> 0 | G37: =SUM(G5:G35) -> 0 | H37: =SUM(H5:H35) -> 0
H38: =H37*80% -> 0
C43: Unit Price | D43: US $ | E43: 10.2
C44: mimimum contract | D44: Mmbtu | E44: 350
C46: Total Bill | D46: US $ | E46: =IF(C37>E44,(C37*E43),(E44*E43)) -> 3570
