Workbook

Sheet TOTAL
A1: Site Name | B1: Day | C1: Month | D1: Year | E1: Total Electricity Kwh | F1: Electricity Tariff ($/Kwh) | G1: Natual Gas (m3) | H1: Natural Gas $/m3 | I1: Water Utility Supply (m3) m3 | J1: Water Utility Supply (m3) $/m3 | K1: Room Nights
A2: Johannesburg | B2: 1 | C2: 5 | D2: 2021 | E2: =Submetering!I2 -> 11796 | F2: 1.66 | G2: =Submetering!K2+Submetering!L2 -> 112.4 | H2: 11.09 | I2: =Submetering!J2 -> 156 | J2: 69.1 | K2: 20
A3: Johannesburg | B3: =B2+1 -> 2 | C3: 5 | D3: 2021 | E3: =Submetering!I3 -> 10387 | F3: =F2 -> 1.66 | G3: =Submetering!K3+Submetering!L3 -> 400.7 | H3: =H2 -> 11.09 | I3: =Submetering!J3 -> 165 | J3: =J2 -> 69.1 | K3: 20
A4: Johannesburg | B4: =B3+1 -> 3 | C4: 5 | D4: 2021 | E4: =Submetering!I4 -> 9311 | F4: =F3 -> 1.66 | G4: =Submetering!K4+Submetering!L4 -> 267.3 | H4: =H3 -> 11.09 | I4: =Submetering!J4 -> 143 | J4: =J3 -> 69.1 | K4: 20
A5: Johannesburg | B5: =B4+1 -> 4 | C5: 5 | D5: 2021 | E5: =Submetering!I5 -> 4422 | F5: =F4 -> 1.66 | G5: =Submetering!K5+Submetering!L5 -> 326.9 | H5: =H4 -> 11.09 | I5: =Submetering!J5 -> 130 | J5: =J4 -> 69.1 | K5: 20
A6: Johannesburg | B6: =B5+1 -> 5 | C6: 5 | D6: 2021 | E6: =Submetering!I6 -> 10050 | F6: =F5 -> 1.66 | G6: =Submetering!K6+Submetering!L6 -> 330 | H6: =H5 -> 11.09 | I6: =Submetering!J6 -> 101 | J6: =J5 -> 69.1 | K6: 20
A7: Johannesburg | B7: =B6+1 -> 6 | C7: 5 | D7: 2021 | E7: =Submetering!I7 -> 8684 | F7: =F6 -> 1.66 | G7: =Submetering!K7+Submetering!L7 -> 340.8 | H7: =H6 -> 11.09 | I7: =Submetering!J7 -> 155 | J7: =J6 -> 69.1 | K7: 20
A8: Johannesburg | B8: =B7+1 -> 7 | C8: 5 | D8: 2021 | E8: =Submetering!I8 -> 9281 | F8: =F7 -> 1.66 | G8: =Submetering!K8+Submetering!L8 -> 395.1 | H8: =H7 -> 11.09 | I8: =Submetering!J8 -> 114 | J8: =J7 -> 69.1 | K8: 20
A9: Johannesburg | B9: =B8+1 -> 8 | C9: 5 | D9: 2021 | E9: =Submetering!I9 -> 7734 | F9: =F8 -> 1.66 | G9: =Submetering!K9+Submetering!L9 -> 313.7 | H9: =H8 -> 11.09 | I9: =Submetering!J9 -> 161 | J9: =J8 -> 69.1 | K9: 48
A10: Johannesburg | B10: =B9+1 -> 9 | C10: 5 | D10: 2021 | E10: =Submetering!I10 -> 9778 | F10: =F9 -> 1.66 | G10: =Submetering!K10+Submetering!L10 -> 382.5 | H10: =H9 -> 11.09 | I10: =Submetering!J10 -> 130 | J10: =J9 -> 69.1 | K10: 20
A11: Johannesburg | B11: =B10+1 -> 10 | C11: 5 | D11: 2021 | E11: =Submetering!I11 -> 13209 | F11: =F10 -> 1.66 | G11: =Submetering!K11+Submetering!L11 -> 736.9 | H11: =H10 -> 11.09 | I11: =Submetering!J11 -> 88 | J11: =J10 -> 69.1 | K11: 13
A12: Johannesburg | B12: =B11+1 -> 11 | C12: 5 | D12: 2021 | E12: =Submetering!I12 -> 3941 | F12: =F11 -> 1.66 | G12: =Submetering!K12+Submetering!L12 -> 9.1 | H12: =H11 -> 11.09 | I12: =Submetering!J12 -> 116 | J12: =J11 -> 69.1 | K12: 16
A13: Johannesburg | B13: =B12+1 -> 12 | C13: 5 | D13: 2021 | E13: =Submetering!I13 -> 8758 | F13: =F12 -> 1.66 | G13: =Submetering!K13+Submetering!L13 -> 230.9 | H13: =H12 -> 11.09 | I13: =Submetering!J13 -> 193 | J13: =J12 -> 69.1 | K13: 15
A14: Johannesburg | B14: =B13+1 -> 13 | C14: 5 | D14: 2021 | E14: =Submetering!I14 -> 9266 | F14: =F13 -> 1.66 | G14: =Submetering!K14+Submetering!L14 -> 352.9 | H14: =H13 -> 11.09 | I14: =Submetering!J14 -> 126 | J14: =J13 -> 69.1 | K14: 15
... A32: Johannesburg | B32: =B31+1 -> 31 | C32: 5 | D32: 2021 | E32: =Submetering!I32 -> 9318 | F32: =F31 -> 1.66 | G32: =Submetering!K32+Submetering!L32 -> 357.4 | H32: =H31 -> 11.09 | I32: =Submetering!J32 -> 150 | J32: =J31 -> 69.1 | K32: 11

Sheet Submetering
A1: Site Name | B1: Day | C1: Month | D1: Year | E1: DELI Sub -KWh | F1: SUB 9 -KWh | G1: SUB 5 -KWh | H1: SUB3 -KWh | I1: MAIN SUB -KWh | J1: Local Meter -m3 | K1: Main Jacaranda/Flames -m3 | L1: Main SPA/Deli-m3 | M1: Room Nights
A2: Johannesburg | B2: 1 | C2: 5 | D2: 2021 | E2: =' ELEC MAY 2021'!D7*100 -> 5100 | F2: =' ELEC MAY 2021'!F7*100 -> 2700 | G2: =' ELEC MAY 2021'!H7*100 -> 1900 | H2: =' ELEC MAY 2021'!J7*100 -> 1000 | I2: =' ELEC MAY 2021'!L7 -> 11796 | J2: =' WATER MAY 2021'!E5 -> 156 | K2: ='GAS MAY 2021'!I5 -> 56.4 | L2: 56 | M2: 20
A3: Johannesburg | B3: =B2+1 -> 2 | C3: 5 | D3: 2021 | E3: =' ELEC MAY 2021'!D8*100 -> 3900 | F3: =' ELEC MAY 2021'!F8*100 -> 2400 | G3: =' ELEC MAY 2021'!H8*100 -> 1800 | H3: =' ELEC MAY 2021'!J8*100 -> 1900 | I3: =' ELEC MAY 2021'!L8 -> 10387 | J3: =' WATER MAY 2021'!E6 -> 165 | K3: ='GAS MAY 2021'!I6 -> 46.5 | L3: ='GAS MAY 2021'!K6 -> 354.2 | M3: 20
A4: Johannesburg | B4: =B3+1 -> 3 | C4: 5 | D4: 2021 | E4: =' ELEC MAY 2021'!D9*100 -> 2700 | F4: =' ELEC MAY 2021'!F9*100 -> 2100 | G4: =' ELEC MAY 2021'!H9*100 -> 1500 | H4: =' ELEC MAY 2021'!J9*100 -> 1000 | I4: =' ELEC MAY 2021'!L9 -> 9311 | J4: =' WATER MAY 2021'!E7 -> 143 | K4: ='GAS MAY 2021'!I7 -> 46.4 | L4: ='GAS MAY 2021'!K7 -> 220.9 | M4: 20
A5: Johannesburg | B5: =B4+1 -> 4 | C5: 5 | D5: 2021 | E5: =' ELEC MAY 2021'!D10*100 -> 1900 | F5: =' ELEC MAY 2021'!F10*100 -> 1600 | G5: =' ELEC MAY 2021'!H10*100 -> 1200 | H5: =' ELEC MAY 2021'!J10*100 -> 1200 | I5: =' ELEC MAY 2021'!L10 -> 4422 | J5: =' WATER MAY 2021'!E8 -> 130 | K5: ='GAS MAY 2021'!I8 -> 29.9 | L5: ='GAS MAY 2021'!K8 -> 297 | M5: 20
A6: Johannesburg | B6: =B5+1 -> 5 | C6: 5 | D6: 2021 | E6: =' ELEC MAY 2021'!D11*100 -> 2200 | F6: =' ELEC MAY 2021'!F11*100 -> 1600 | G6: =' ELEC MAY 2021'!H11*100 -> 1400 | H6: =' ELEC MAY 2021'!J11*100 -> 1400 | I6: =' ELEC MAY 2021'!L11 -> 10050 | J6: =' WATER MAY 2021'!E9 -> 101 | K6: ='GAS MAY 2021'!I9 -> 36.3 | L6: ='GAS MAY 2021'!K9 -> 293.7 | M6: 20
A7: Johannesburg | B7: =B6+1 -> 6 | C7: 5 | D7: 2021 | E7: =' ELEC MAY 2021'!D12*100 -> 6300 | F7: =' ELEC MAY 2021'!F12*100 -> 1800 | G7: =' ELEC MAY 2021'!H12*100 -> 1400 | H7: =' ELEC MAY 2021'!J12*100 -> 1400 | I7: =' ELEC MAY 2021'!L12 -> 8684 | J7: =' WATER MAY 2021'!E10 -> 155 | K7: ='GAS MAY 2021'!I10 -> 42 | L7: ='GAS MAY 2021'!K10 -> 298.8 | M7: 20
A8: Johannesburg | B8: =B7+1 -> 7 | C8: 5 | D8: 2021 | E8: =' ELEC MAY 2021'!D13*100 -> 1100 | F8: =' ELEC MAY 2021'!F13*100 -> 2100 | G8: =' ELEC MAY 2021'!H13*100 -> 1600 | H8: =' ELEC MAY 2021'!J13*100 -> 1200 | I8: =' ELEC MAY 2021'!L13 -> 9281 | J8: =' WATER MAY 2021'!E11 -> 114 | K8: ='GAS MAY 2021'!I11 -> 47.3 | L8: ='GAS MAY 2021'!K11 -> 347.8 | M8: 20
A9: Johannesburg | B9: =B8+1 -> 8 | C9: 5 | D9: 2021 | E9: =' ELEC MAY 2021'!D14*100 -> 3300 | F9: =' ELEC MAY 2021'!F14*100 -> 1600 | G9: =' ELEC MAY 2021'!H14*100 -> 1200 | H9: =' ELEC MAY 2021'!J14*100 -> 1400 | I9: =' ELEC MAY 2021'!L14 -> 7734 | J9: =' WATER MAY 2021'!E12 -> 161 | K9: ='GAS MAY 2021'!I12 -> 38.3 | L9: ='GAS MAY 2021'!K12 -> 275.4 | M9: 48
A10: Johannesburg | B10: =B9+1 -> 9 | C10: 5 | D10: 2021 | E10: =' ELEC MAY 2021'!D15*100 -> 3900 | F10: =' ELEC MAY 2021'!F15*100 -> 2100 | G10: =' ELEC MAY 2021'!H15*100 -> 1300 | H10: =' ELEC MAY 2021'!J15*100 -> 1400 | I10: =' ELEC MAY 2021'!L15 -> 9778 | J10: =' WATER MAY 2021'!E13 -> 130 | K10: ='GAS MAY 2021'!I13 -> 36.7 | L10: ='GAS MAY 2021'!K13 -> 345.8 | M10: 20
A11: Johannesburg | B11: =B10+1 -> 10 | C11: 5 | D11: 2021 | E11: =' ELEC MAY 2021'!D16*100 -> 5400 | F11: =' ELEC MAY 2021'!F16*100 -> 3000 | G11: =' ELEC MAY 2021'!H16*100 -> 2300 | H11: =' ELEC MAY 2021'!J16*100 -> 1800 | I11: =' ELEC MAY 2021'!L16 -> 13209 | J11: =' WATER MAY 2021'!E14 -> 88 | K11: ='GAS MAY 2021'!I14 -> 104.7 | L11: ='GAS MAY 2021'!K14 -> 632.2 | M11: 13
A12: Johannesburg | B12: =B11+1 -> 11 | C12: 5 | D12: 2021 | E12: =' ELEC MAY 2021'!D17*100 -> 3300 | F12: =' ELEC MAY 2021'!F17*100 -> 1600 | G12: =' ELEC MAY 2021'!H17*100 -> 1000 | H12: =' ELEC MAY 2021'!J17*100 -> 1100 | I12: =' ELEC MAY 2021'!L17 -> 3941 | J12: =' WATER MAY 2021'!E15 -> 116 | K12: ='GAS MAY 2021'!I15 -> 3 | L12: ='GAS MAY 2021'!K15 -> 6.1 | M12: 16
A13: Johannesburg | B13: =B12+1 -> 12 | C13: 5 | D13: 2021 | E13: =' ELEC MAY 2021'!D18*100 -> 2200 | F13: =' ELEC MAY 2021'!F18*100 -> 1100 | G13: =' ELEC MAY 2021'!H18*100 -> 1200 | H13: =' ELEC MAY 2021'!J18*100 -> 700 | I13: =' ELEC MAY 2021'!L18 -> 8758 | J13: =' WATER MAY 2021'!E16 -> 193 | K13: ='GAS MAY 2021'!I16 -> 29.5 | L13: ='GAS MAY 2021'!K16 -> 201.4 | M13: 15
A14: Johannesburg | B14: =B13+1 -> 13 | C14: 5 | D14: 2021 | E14: =' ELEC MAY 2021'!D19*100 -> 3400 | F14: =' ELEC MAY 2021'!F19*100 -> 2100 | G14: =' ELEC MAY 2021'!H19*100 -> 1400 | H14: =' ELEC MAY 2021'!J19*100 -> 1200 | I14: =' ELEC MAY 2021'!L19 -> 9266 | J14: =' WATER MAY 2021'!E17 -> 126 | K14: ='GAS MAY 2021'!I17 -> 44.5 | L14: ='GAS MAY 2021'!K17 -> 308.4 | M14: 15
... A32: Johannesburg | B32: =B31+1 -> 31 | C32: 5 | D32: 2021 | E32: =' ELEC MAY 2021'!D37*100 -> 4100 | F32: =' ELEC MAY 2021'!F37*100 -> 1900 | G32: =' ELEC MAY 2021'!H37*100 -> 1700 | H32: =' ELEC MAY 2021'!J37*100 -> 1300 | I32: =' ELEC MAY 2021'!L37 -> 9318 | J32: =' WATER MAY 2021'!E35 -> 150 | K32: ='GAS MAY 2021'!I35 -> 42.4 | L32: ='GAS MAY 2021'!K35 -> 315 | M32: 11

Sheet  ELEC MAY 2021
A1: ELECTRICAL METER READINGS MAY 2021
C4: DELI Sub | E4: SUB 9 | G4: SUB 5 | I4: SUB3 | K4: MAIN SUB
A5: DATE | B5: Room Night | C5: Reading | D5: Consumption | E5: Reading | F5: Consumption | G5: Reading | H5: Consumption | I5: Reading | J5: Consumption | K5: Reading | L5: Consumption
A6: 44316 | B6: 20 | C6: 134060 | D6: =C7-C6 -> 51 | E6: 54966 | F6: =E7-E6 -> 27 | G6: 52170 | H6: =G7-G6 -> 19 | I6: 61315 | J6: =I7-I6 -> 10 | K6: 2684554 | L6: =K7-K6 -> 11796
A7: 44317 | B7: 20 | C7: 134111 | D7: =C7-C6 -> 51 | E7: 54993 | F7: =E7-E6 -> 27 | G7: 52189 | H7: =G7-G6 -> 19 | I7: 61325 | J7: =I7-I6 -> 10 | K7: 2696350 | L7: =K7-K6 -> 11796
A8: 44318 | B8: 20 | C8: 134150 | D8: =C8-C7 -> 39 | E8: 55017 | F8: =E8-E7 -> 24 | G8: 52207 | H8: =G8-G7 -> 18 | I8: 61344 | J8: =I8-I7 -> 19 | K8: 2706737 | L8: =K8-K7 -> 10387
A9: 44319 | B9: 20 | C9: 134177 | D9: =C9-C8 -> 27 | E9: 55038 | F9: =E9-E8 -> 21 | G9: 52222 | H9: =G9-G8 -> 15 | I9: 61354 | J9: =I9-I8 -> 10 | K9: 2716048 | L9: =K9-K8 -> 9311
A10: 44320 | B10: 20 | C10: 134196 | D10: =C10-C9 -> 19 | E10: 55054 | F10: =E10-E9 -> 16 | G10: 52234 | H10: =G10-G9 -> 12 | I10: 61366 | J10: =I10-I9 -> 12 | K10: 2720470 | L10: =K10-K9 -> 4422
A11: 44321 | B11: 20 | C11: 134218 | D11: =C11-C10 -> 22 | E11: 55070 | F11: =E11-E10 -> 16 | G11: 52248 | H11: =G11-G10 -> 14 | I11: 61380 | J11: =I11-I10 -> 14 | K11: 2730520 | L11: =K11-K10 -> 10050
A12: 44322 | B12: 20 | C12: 134281 | D12: =C12-C11 -> 63 | E12: 55088 | F12: =E12-E11 -> 18 | G12: 52262 | H12: =G12-G11 -> 14 | I12: 61394 | J12: =I12-I11 -> 14 | K12: 2739204 | L12: =K12-K11 -> 8684
A13: 44323 | B13: 48 | C13: 134292 | D13: =C13-C12 -> 11 | E13: 55109 | F13: =E13-E12 -> 21 | G13: 52278 | H13: =G13-G12 -> 16 | I13: 61406 | J13: =I13-I12 -> 12 | K13: 2748485 | L13: =K13-K12 -> 9281
A14: 44324 | B14: 20 | C14: 134325 | D14: =C14-C13 -> 33 | E14: 55125 | F14: =E14-E13 -> 16 | G14: 52290 | H14: =G14-G13 -> 12 | I14: 61420 | J14: =I14-I13 -> 14 | K14: 2756219 | L14: =K14-K13 -> 7734
A15: 44325 | B15: 13 | C15: 134364 | D15: =C15-C14 -> 39 | E15: 55146 | F15: =E15-E14 -> 21 | G15: 52303 | H15: =G15-G14 -> 13 | I15: 61434 | J15: =I15-I14 -> 14 | K15: 2765997 | L15: =K15-K14 -> 9778
A16: 44326 | B16: 16 | C16: 134418 | D16: =C16-C15 -> 54 | E16: 55176 | F16: =E16-E15 -> 30 | G16: 52326 | H16: =G16-G15 -> 23 | I16: 61452 | J16: =I16-I15 -> 18 | K16: 2779206 | L16: =K16-K15 -> 13209
A17: 44327 | B17: 15 | C17: 134451 | D17: =C17-C16 -> 33 | E17: 55192 | F17: =E17-E16 -> 16 | G17: 52336 | H17: =G17-G16 -> 10 | I17: 61463 | J17: =I17-I16 -> 11 | K17: 2783147 | L17: =K17-K16 -> 3941
A18: 44328 | B18: 15 | C18: 134473 | D18: =C18-C17 -> 22 | E18: 55203 | F18: =E18-E17 -> 11 | G18: 52348 | H18: =G18-G17 -> 12 | I18: 61470 | J18: =I18-I17 -> 7 | K18: 2791905 | L18: =K18-K17 -> 8758
... A36: 44346 | B36: 11 | C36: 135157 | D36: =C36-C35 -> 51 | E36: 55532 | F36: =E36-E35 -> 29 | G36: 52611 | H36: =G36-G35 -> 17 | I36: 61716 | J36: =I36-I35 -> 16 | K36: 2951196 | L36: =K36-K35 -> 10170
A37: 44347 | C37: 135198 | D37: =C37-C36 -> 41 | E37: 55551 | F37: =E37-E36 -> 19 | G37: 52628 | H37: =G37-G36 -> 17 | I37: 61729 | J37: =I37-I36 -> 13 | K37: 2960514 | L37: =K37-K36 -> 9318

Sheet  WATER MAY 2021
A1: WATER METER READINGS MAY 2021
A3: DATE | B3: COUNCIL METER | C3: CONSUMPTION | D3: LOCAL METER | E3: CONSUMPTION
A4: 44316 | B4: 92593 | C4: 87 | D4: 241819 | E4: 91
A5: 44317 | B5: 92750 | C5: =B5-B4 -> 157 | D5: 241975 | E5: =D5-D4 -> 156
A6: 44318 | B6: 92914 | C6: =B6-B5 -> 164 | D6: 242140 | E6: =D6-D5 -> 165
A7: 44319 | B7: 93055 | C7: =B7-B6 -> 141 | D7: 242283 | E7: =D7-D6 -> 143
A8: 44320 | B8: 93183 | C8: =B8-B7 -> 128 | D8: 242413 | E8: =D8-D7 -> 130
A9: 44321 | B9: 93283 | C9: =B9-B8 -> 100 | D9: 242514 | E9: =D9-D8 -> 101
A10: 44322 | B10: 93436 | C10: =B10-B9 -> 153 | D10: 242669 | E10: =D10-D9 -> 155
A11: 44323 | B11: 93559 | C11: =B11-B10 -> 123 | D11: 242783 | E11: =D11-D10 -> 114
A12: 44324 | B12: 93703 | C12: =B12-B11 -> 144 | D12: 242944 | E12: =D12-D11 -> 161
A13: 44325 | B13: 93838 | C13: =B13-B12 -> 135 | D13: 243074 | E13: =D13-D12 -> 130
A14: 44326 | B14: 93922 | C14: =B14-B13 -> 84 | D14: 243162 | E14: =D14-D13 -> 88
A15: 44327 | B15: 94040 | C15: =B15-B14 -> 118 | D15: 243278 | E15: =D15-D14 -> 116
A16: 44328 | B16: 94234 | C16: =B16-B15 -> 194 | D16: 243471 | E16: =D16-D15 -> 193
... A35: 44347 | B35: 97099 | C35: =B35-B34 -> 170 | D35: 246338 | E35: =D35-D34 -> 150

Sheet GAS MAY 2021
A1: Gas Readings MAY 2021
B2: JACARANDA | D2: DELI | F2: FLAMES | H2: MAIN JACARANDA/FLAMES | J2: MAIN SPA/DELI
A3: DATE | B3: READING | C3: CONSUMPTION | D3: READING | E3: CONSUMPTION | F3: READING | G3: CONSUMPTION | H3: READING | I3: CONSUMPTION | J3: READING | K3: CONSUMPTION
A4: 44316 | B4: 81322.1 | C4: 12.2 | D4: 513214 | E4: 0 | F4: 908854,1 | G4: 3473.9 | H4: 37650,5 | I4: 32.8 | J4: 53450,2 | K4: 208.7
A5: 44317 | B5: 81344 | C5: =B5-B4 -> 21.9 | D5: 513214 | E5: 0 | F5: 912612,3 | G5: =F5-F4 -> 3758.2 | H5: 37706,9 | I5: =H5-H4 -> 56.4 | J5: 53896,1 | K5: =J5-J4 -> 445.9
A6: 44318 | B6: 81353.2 | C6: =B6-B5 -> 9.2 | D6: 513214 | E6: 0 | F6: 916153,4 | G6: =F6-F5 -> 3541.1 | H6: 37753,4 | I6: =H6-H5 -> 46.5 | J6: 54250,3 | K6: =J6-J5 -> 354.2
A7: 44319 | B7: 81364 | C7: =B7-B6 -> 10.8 | D7: 513214 | E7: 0 | F7: 919784,5 | G7: =F7-F6 -> 3631.1 | H7: 37799,8 | I7: =H7-H6 -> 46.4 | J7: 54471,2 | K7: =J7-J6 -> 220.9
A8: 44320 | B8: 81379.8 | C8: =B8-B7 -> 15.8 | D8: 513214 | E8: 0 | F8: 921343,0 | G8: =F8-F7 -> 1558.5 | H8: 37829,7 | I8: =H8-H7 -> 29.9 | J8: 54768,2 | K8: =J8-J7 -> 297
A9: 44321 | B9: 81413.7 | C9: =B9-B8 -> 33.9 | D9: 513214 | E9: 0 | F9: 923561,1 | G9: =F9-F8 -> 2218.1 | H9: 37866,0 | I9: =H9-H8 -> 36.3 | J9: 55061,9 | K9: =J9-J8 -> 293.7
A10: 44322 | B10: 81444.3 | C10: =B10-B9 -> 30.6 | D10: 513214 | E10: 0 | F10: 926680,0 | G10: =F10-F9 -> 3118.9 | H10: 37908,0 | I10: =H10-H9 -> 42 | J10: 55360,7 | K10: =J10-J9 -> 298.8
A11: 44323 | B11: 81461.9 | C11: =B11-B10 -> 17.6 | D11: 513214 | E11: 0 | F11: 930216,1 | G11: =F11-F10 -> 3536.1 | H11: 37955,3 | I11: =H11-H10 -> 47.3 | J11: 55708,5 | K11: =J11-J10 -> 347.8
A12: 44324 | B12: 81489 | C12: =B12-B11 -> 27.1 | D12: 513214 | E12: 0 | F12: 932130,0 | G12: =F12-F11 -> 1913.9 | H12: 37993,6 | I12: =H12-H11 -> 38.3 | J12: 55983,9 | K12: =J12-J11 -> 275.4
A13: 44325 | B13: 81525.8 | C13: =B13-B12 -> 36.8 | D13: 513214 | E13: 0 | F13: 935600,1 | G13: =F13-F12 -> 3470.1 | H13: 38030,3 | I13: =H13-H12 -> 36.7 | J13: 56329,7 | K13: =J13-J12 -> 345.8
A14: 44326 | B14: 81532.1 | C14: =B14-B13 -> 6.3 | D14: 513214 | E14: 0 | F14: 941629,2 | G14: =F14-F13 -> 6029.1 | H14: 38135,0 | I14: =H14-H13 -> 104.7 | J14: 56961,9 | K14: =J14-J13 -> 632.2
A15: 44327 | B15: 81582.1 | C15: =B15-B14 -> 50 | D15: 513214 | E15: 0 | F15: 941640,2 | G15: =F15-F14 -> 11 | H15: 38138,0 | I15: =H15-H14 -> 3 | J15: 56968,0 | K15: =J15-J14 -> 6.1
A16: 44328 | B16: 81585.4 | C16: =B16-B15 -> 3.3 | D16: 513214 | E16: 0 | F16: 943853,3 | G16: =F16-F15 -> 2213.1 | H16: 38167,5 | I16: =H16-H15 -> 29.5 | J16: 57169,4 | K16: =J16-J15 -> 201.4
... A35: 44347 | B35: 82007 | C35: =B35-B34 -> 10.3 | D35: 513214 | E35: 0 | F35: 997786,2 | G35: =F35-F34 -> 3365.8 | H35: 38958,0 | I35: =H35-H34 -> 42.4 | J35: 62990,6 | K35: =J35-J34 -> 315
