Workbook

Sheet TOTAL
A1: Site Name | B1: Day | C1: Month | D1: Year | E1: Total Electricity Kwh | F1: Electricity Tariff ($/Kwh) | G1: Natual Gas (m3) | H1: Natural Gas $/m3 | I1: Water Utility Supply (m3) m3 | J1: Water Utility Supply (m3) $/m3 | K1: Room Nights
A2: Tunis | B2: 1 | C2: 5 | D2: 2021 | E2: =Submetring!E2+Submetring!F2+Submetring!G2 -> 7306 | F2: 0.251 | G2: =Submetring!H2+Submetring!I2 -> 1136 | H2: 0.567112 | I2: =Submetring!J2 -> 239 | J2: 3.03 | K2: =Hotel!Y9 -> 31
A3: Tunis | B3: =B2+1 -> 2 | C3: 5 | D3: 2021 | E3: =Submetring!E3+Submetring!F3+Submetring!G3 -> 6910 | F3: 0.251 | G3: =Submetring!H3+Submetring!I3 -> 1152 | H3: 0.567112 | I3: =Submetring!J3 -> 251 | J3: 3.03 | K3: =Hotel!Y10 -> 32
A4: Tunis | B4: =B3+1 -> 3 | C4: 5 | D4: 2021 | E4: =Submetring!E4+Submetring!F4+Submetring!G4 -> 6606 | F4: 0.251 | G4: =Submetring!H4+Submetring!I4 -> 1160 | H4: 0.567112 | I4: =Submetring!J4 -> 274 | J4: 3.03 | K4: =Hotel!Y11 -> 25
A5: Tunis | B5: =B4+1 -> 4 | C5: 5 | D5: 2021 | E5: =Submetring!E5+Submetring!F5+Submetring!G5 -> 6791 | F5: 0.251 | G5: =Submetring!H5+Submetring!I5 -> 998 | H5: 0.567112 | I5: =Submetring!J5 -> 116 | J5: 3.03 | K5: =Hotel!Y12 -> 41
A6: Tunis | B6: =B5+1 -> 5 | C6: 5 | D6: 2021 | E6: =Submetring!E6+Submetring!F6+Submetring!G6 -> 6927 | F6: 0.251 | G6: =Submetring!H6+Submetring!I6 -> 1042 | H6: 0.567112 | I6: =Submetring!J6 -> 410 | J6: 3.03 | K6: =Hotel!Y13 -> 31
A7: Tunis | B7: =B6+1 -> 6 | C7: 5 | D7: 2021 | E7: =Submetring!E7+Submetring!F7+Submetring!G7 -> 7522 | F7: 0.251 | G7: =Submetring!H7+Submetring!I7 -> 1196 | H7: 0.567112 | I7: =Submetring!J7 -> 51 | J7: 3.03 | K7: =Hotel!Y14 -> 42
A8: Tunis | B8: =B7+1 -> 7 | C8: 5 | D8: 2021 | E8: =Submetring!E8+Submetring!F8+Submetring!G8 -> 7324 | F8: 0.251 | G8: =Submetring!H8+Submetring!I8 -> 1227 | H8: 0.567112 | I8: =Submetring!J8 -> 219 | J8: 3.03 | K8: =Hotel!Y15 -> 35
A9: Tunis | B9: =B8+1 -> 8 | C9: 5 | D9: 2021 | E9: =Submetring!E9+Submetring!F9+Submetring!G9 -> 7104 | F9: 0.251 | G9: =Submetring!H9+Submetring!I9 -> 1151 | H9: 0.567112 | I9: =Submetring!J9 -> 189 | J9: 3.03 | K9: =Hotel!Y16 -> 30
A10: Tunis | B10: =B9+1 -> 9 | C10: 5 | D10: 2021 | E10: =Submetring!E10+Submetring!F10+Submetring!G10 -> 7278 | F10: 0.251 | G10: =Submetring!H10+Submetring!I10 -> 1048 | H10: 0.567112 | I10: =Submetring!J10 -> 191 | J10: 3.03 | K10: =Hotel!Y17 -> 37
A11: Tunis | B11: =B10+1 -> 10 | C11: 5 | D11: 2021 | E11: =Submetring!E11+Submetring!F11+Submetring!G11 -> 6715 | F11: 0.251 | G11: =Submetring!H11+Submetring!I11 -> 992 | H11: 0.567112 | I11: =Submetring!J11 -> 200 | J11: 3.03 | K11: =Hotel!Y18 -> 39
A12: Tunis | B12: =B11+1 -> 11 | C12: 5 | D12: 2021 | E12: =Submetring!E12+Submetring!F12+Submetring!G12 -> 7314 | F12: 0.251 | G12: =Submetring!H12+Submetring!I12 -> 982 | H12: 0.567112 | I12: =Submetring!J12 -> 315 | J12: 3.03 | K12: =Hotel!Y19 -> 41
A13: Tunis | B13: =B12+1 -> 12 | C13: 5 | D13: 2021 | E13: =Submetring!E13+Submetring!F13+Submetring!G13 -> 7026 | F13: 0.251 | G13: =Submetring!H13+Submetring!I13 -> 916 | H13: 0.567112 | I13: =Submetring!J13 -> 203 | J13: 3.03 | K13: =Hotel!Y20 -> 35
A14: Tunis | B14: =B13+1 -> 13 | C14: 5 | D14: 2021 | E14: =Submetring!E14+Submetring!F14+Submetring!G14 -> 7036 | F14: 0.251 | G14: =Submetring!H14+Submetring!I14 -> 1009 | H14: 0.567112 | I14: =Submetring!J14 -> 310 | J14: 3.03 | K14: =Hotel!Y21 -> 45
... A32: Tunis | B32: =B31+1 -> 31 | C32: 5 | D32: 2021 | E32: =Submetring!E32+Submetring!F32+Submetring!G32 -> 11236 | F32: 0.251 | G32: =Submetring!H32+Submetring!I32 -> 1117 | H32: 0.567112 | I32: =Submetring!J32 -> 248 | J32: 3.03 | K32: =Hotel!Y39 -> 74

Sheet Submetring
A1: Site Name | B1: Day | C1: Month | D1: Year | E1: Ph1 KWh | F1: Ph2 KWh | G1: Ph3 KWh | H1: Cuisine m3 | I1: Chaufferie m3 | J1: Water m3 | K1: Room Nights | L1: Groupe Froid Indus 1 - KWH | M1: Beach Bar - KWH | N1: SGX zone de service secours - KWH | O1: Gen.Rest.Spécialité Secours - KWH | P1: SGX Rest.Menu+ young adult - KWH | Q1: Onduleur Principal 1er - KWH | R1: Bloc A Hebergement - KWH | S1: Bloc B Hebergement - KWH | T1: TGBT Hebergement - KWH | U1: S1,S2,P2,P3,P6,P7 - KWH | V1: Buanderie - KWH | W1: Gen.Spa.Secours - KWH | X1: S3,S4 - KWH | Y1: Groupe Froid Indus - KWH | Z1: Gen.Reception Secours - KWH | AA1: Surpresseur Eau potable - KWH | AB1: Service Comptabilité Secours - KWH | AC1: Clim+Extraction Data Center - KWH | AD1: SGX grand parking Area - KWH | AE1: Cuisine rest.Menu secours - KWH | AF1: S5,S6,P4,P5,P9 - KWH | AG1: Bloc B Hebergement - KWH | AH1: Parking valet + Standard secours - KWH | AI1: Administration secours - KWH | AJ1: Eclairage Grand piscine Ext Secours - KWH | AK1: FM+SGX Buanderie Secours - KWH | AL1: Orange - KWH | AM1: FM chaudière à vapeur - KWH | AN1: Loge Gardien 2 - KWH | AO1: Loge Gardien 1 - KWH | AP1: TGBT Sécurité - KWH | AQ1: Gen.Centre congrés secours - KWH | AR1: FM chaufferie Gauche - KWH | AS1: Groupe d'eau glacé 1 - KWH | AT1: FM cuisine Rest.Menu - KWH | AU1: FM cuisine Ballroom - KWH | AV1: Groupe d'eau glacé 2 - KWH | AW1: Groupe d'eau glacé 3 - KWH | AX1: FM piscine extérieur - KWH | AY1: Show power Centre Congrés - KWH | AZ1: Groupe d'eau glacé 4 - KWH | BA1: Bloc A Hebergement - KWH | BB1: Bloc B Hebergement - KWH | BC1: Gene.Clim Centre congré - KWH | BD1: Bloc B Hebergement - KWH | BE1: FM rest.spécialité normal - KWH | BF1: FM Cuisine reception normal - KWH | BG1: Gene.Spa normal - KWH | BH1: Clim Zone Rest.Menu - KWH | BI1: TGBT Hebergement - KWH | BJ1: Chauf.Gauche.Eau Foide.adoucisseur - m3 | BK1: Chauf.Gauche.Eau Foide.Cuisine - m3 | BL1: Chauf.Gauche.Eau Foide.Heberg - m3 | BM1: Chauf.Gauche.Eau Foide.Piscine - m3 | BN1: Chauf.Gauche.Eau Foide.Buanderie - m3 | BO1: Chauf.Gauche.Dep.EC heb - m3 | BP1: Chauf.Gauche.Ret.EC Heb - m3 | BQ1: Chauf.Gauche.Ret.EC.LC et service divers - m3 | BR1: Chauf.Gauche.Retour eau glacé - m3 | BS1: Chauf.Gauche.Ret.eau.ch.buanderie - m3 | BT1: Chauf.Gauche.Remp. retour coll.EC - m3 | BU1: Chauf.Droite.Eau.Froide.Adoucisseur - m3 | BV1: Chauf.Droite.Eau.Froide.Spa pool - m3 | BW1: Chauf.Droite.Eau.Froide.pataugeoire - m3 | BX1: Chauf.Droite.Eau.Froide.Spa Base 3 - m3 | BY1: Chauf.Droite.Eau.Froide. Heberg droite - m3 | BZ1: Chauf.Droite.Dep.EC Heb droite - m3 | CA1: Chauf.Droite.Dep.EC Spa - m3 | CB1: Chauf.Droite.Ret.EC Spa - m3 | CC1: Arrosage - m3 | CD1: suite presidentielle - m3 | CE1: Kids club - m3 | CF1: Tow Bedroom A - m3 | CG1: Tow Bedroom B - m3 | CH1: Tow Bedroom C - m3 | CI1: wirlpool h - m3 | CJ1: wirlpool f -m3 | CK1: piscine spa pool - m3 | CL1: piscine ext - m3 | CM1: filtration piscine ext - m3 | CN1: depart chaufferie droite - m3 | CO1: adoucisseur chaufferie vapeur - m3
A2: Tunis | B2: 1 | C2: 5 | D2: 2021 | E2: =Hotel!D9 -> 2517 | F2: =Hotel!F9 -> 2494 | G2: =Hotel!H9 -> 2295 | H2: =Hotel!N9 -> 127 | I2: =Hotel!P9 -> 1009 | J2: =Hotel!U9 -> 239 | K2: =Hotel!Y9 -> 31 | BI2: =IF(([1]Submeters!AY8-[1]Submeters!AY6)<0,"0",[1]Submeters!AY8-[1]Submeters!AY6) -> 389 | BJ2: =IF(([1]Submeters!AZ8-[1]Submeters!AZ6)<0,"0",[1]Submeters!AZ8-[1]Submeters!AZ6) -> #REF! | BK2: =IF(([1]Submeters!BA8-[1]Submeters!BA6)<0,"0",[1]Submeters!BA8-[1]Submeters!BA6) -> #REF! | BL2: =IF(([1]Submeters!BB8-[1]Submeters!BB6)<0,"0",[1]Submeters!BB8-[1]Submeters!BB6) -> #REF! | BM2: =IF(([1]Submeters!BC8-[1]Submeters!BC6)<0,"0",[1]Submeters!BC8-[1]Submeters!BC6) -> #REF! | BN2: =IF(([1]Submeters!BD8-[1]Submeters!BD6)<0,"0",[1]Submeters!BD8-[1]Submeters!BD6) -> #REF! | BO2: =IF(([1]Submeters!BE8-[1]Submeters!BE6)<0,"0",[1]Submeters!BE8-[1]Submeters!BE6) -> #REF! | BP2: =IF(([1]Submeters!BF8-[1]Submeters!BF6)<0,"0",[1]Submeters!BF8-[1]Submeters!BF6) -> #REF! | ... CO2: =IF(([1]Submeters!CE8-[1]Submeters!CE6)<0,"0",[1]Submeters!CE8-[1]Submeters!CE6) -> #REF!
A3: Tunis | B3: =B2+1 -> 2 | C3: 5 | D3: 2021 | E3: =Hotel!D10 -> 2372 | F3: =Hotel!F10 -> 2359 | G3: =Hotel!H10 -> 2179 | H3: =Hotel!N10 -> 115 | I3: =Hotel!P10 -> 1037 | J3: =Hotel!U10 -> 251 | K3: =Hotel!Y10 -> 32 | BI3: =IF(([1]Submeters!AY9-[1]Submeters!AY8)<0,"0",[1]Submeters!AY9-[1]Submeters!AY8) -> 328 | BJ3: =IF(([1]Submeters!AZ9-[1]Submeters!AZ8)<0,"0",[1]Submeters!AZ9-[1]Submeters!AZ8) -> #REF! | BK3: =IF(([1]Submeters!BA9-[1]Submeters!BA8)<0,"0",[1]Submeters!BA9-[1]Submeters!BA8) -> #REF! | BL3: =IF(([1]Submeters!BB9-[1]Submeters!BB8)<0,"0",[1]Submeters!BB9-[1]Submeters!BB8) -> #REF! | BM3: =IF(([1]Submeters!BC9-[1]Submeters!BC8)<0,"0",[1]Submeters!BC9-[1]Submeters!BC8) -> #REF! | BN3: =IF(([1]Submeters!BD9-[1]Submeters!BD8)<0,"0",[1]Submeters!BD9-[1]Submeters!BD8) -> #REF! | BO3: =IF(([1]Submeters!BE9-[1]Submeters!BE8)<0,"0",[1]Submeters!BE9-[1]Submeters!BE8) -> #REF! | BP3: =IF(([1]Submeters!BF9-[1]Submeters!BF8)<0,"0",[1]Submeters!BF9-[1]Submeters!BF8) -> #REF! | ... CO3: =IF(([1]Submeters!CE9-[1]Submeters!CE8)<0,"0",[1]Submeters!CE9-[1]Submeters!CE8) -> #REF!
A4: Tunis | B4: =B3+1 -> 3 | C4: 5 | D4: 2021 | E4: =Hotel!D11 -> 2278 | F4: =Hotel!F11 -> 2244 | G4: =Hotel!H11 -> 2084 | H4: =Hotel!N11 -> 114 | I4: =Hotel!P11 -> 1046 | J4: =Hotel!U11 -> 274 | K4: =Hotel!Y11 -> 25 | BI4: =IF(([1]Submeters!AY10-[1]Submeters!AY9)<0,"0",[1]Submeters!AY10-[1]Submeters!AY9) -> 318 | BJ4: =IF(([1]Submeters!AZ10-[1]Submeters!AZ9)<0,"0",[1]Submeters!AZ10-[1]Submeters!AZ9) -> #REF! | BK4: =IF(([1]Submeters!BA10-[1]Submeters!BA9)<0,"0",[1]Submeters!BA10-[1]Submeters!BA9) -> #REF! | BL4: =IF(([1]Submeters!BB10-[1]Submeters!BB9)<0,"0",[1]Submeters!BB10-[1]Submeters!BB9) -> #REF! | BM4: =IF(([1]Submeters!BC10-[1]Submeters!BC9)<0,"0",[1]Submeters!BC10-[1]Submeters!BC9) -> #REF! | BN4: =IF(([1]Submeters!BD10-[1]Submeters!BD9)<0,"0",[1]Submeters!BD10-[1]Submeters!BD9) -> #REF! | BO4: =IF(([1]Submeters!BE10-[1]Submeters!BE9)<0,"0",[1]Submeters!BE10-[1]Submeters!BE9) -> #REF! | BP4: =IF(([1]Submeters!BF10-[1]Submeters!BF9)<0,"0",[1]Submeters!BF10-[1]Submeters!BF9) -> #REF! | ... CO4: =IF(([1]Submeters!CE10-[1]Submeters!CE9)<0,"0",[1]Submeters!CE10-[1]Submeters!CE9) -> #REF!
A5: Tunis | B5: =B4+1 -> 4 | C5: 5 | D5: 2021 | E5: =Hotel!D12 -> 2316 | F5: =Hotel!F12 -> 2358 | G5: =Hotel!H12 -> 2117 | H5: =Hotel!N12 -> 116 | I5: =Hotel!P12 -> 882 | J5: =Hotel!U12 -> 116 | K5: =Hotel!Y12 -> 41 | BI5: =IF(([1]Submeters!AY11-[1]Submeters!AY10)<0,"0",[1]Submeters!AY11-[1]Submeters!AY10) -> 264 | BJ5: =IF(([1]Submeters!AZ11-[1]Submeters!AZ10)<0,"0",[1]Submeters!AZ11-[1]Submeters!AZ10) -> #REF! | BK5: =IF(([1]Submeters!BA11-[1]Submeters!BA10)<0,"0",[1]Submeters!BA11-[1]Submeters!BA10) -> #REF! | BL5: =IF(([1]Submeters!BB11-[1]Submeters!BB10)<0,"0",[1]Submeters!BB11-[1]Submeters!BB10) -> #REF! | BM5: =IF(([1]Submeters!BC11-[1]Submeters!BC10)<0,"0",[1]Submeters!BC11-[1]Submeters!BC10) -> #REF! | BN5: =IF(([1]Submeters!BD11-[1]Submeters!BD10)<0,"0",[1]Submeters!BD11-[1]Submeters!BD10) -> #REF! | BO5: =IF(([1]Submeters!BE11-[1]Submeters!BE10)<0,"0",[1]Submeters!BE11-[1]Submeters!BE10) -> #REF! | BP5: =IF(([1]Submeters!BF11-[1]Submeters!BF10)<0,"0",[1]Submeters!BF11-[1]Submeters!BF10) -> #REF! | ... CO5: =IF(([1]Submeters!CE11-[1]Submeters!CE10)<0,"0",[1]Submeters!CE11-[1]Submeters!CE10) -> #REF!
A6: Tunis | B6: =B5+1 -> 5 | C6: 5 | D6: 2021 | E6: =Hotel!D13 -> 2402 | F6: =Hotel!F13 -> 2317 | G6: =Hotel!H13 -> 2208 | H6: =Hotel!N13 -> 118 | I6: =Hotel!P13 -> 924 | J6: =Hotel!U13 -> 410 | K6: =Hotel!Y13 -> 31 | BI6: =IF(([1]Submeters!AY12-[1]Submeters!AY11)<0,"0",[1]Submeters!AY12-[1]Submeters!AY11) -> 349 | BJ6: =IF(([1]Submeters!AZ12-[1]Submeters!AZ11)<0,"0",[1]Submeters!AZ12-[1]Submeters!AZ11) -> #REF! | BK6: =IF(([1]Submeters!BA12-[1]Submeters!BA11)<0,"0",[1]Submeters!BA12-[1]Submeters!BA11) -> #REF! | BL6: =IF(([1]Submeters!BB12-[1]Submeters!BB11)<0,"0",[1]Submeters!BB12-[1]Submeters!BB11) -> #REF! | BM6: =IF(([1]Submeters!BC12-[1]Submeters!BC11)<0,"0",[1]Submeters!BC12-[1]Submeters!BC11) -> #REF! | BN6: =IF(([1]Submeters!BD12-[1]Submeters!BD11)<0,"0",[1]Submeters!BD12-[1]Submeters!BD11) -> #REF! | BO6: =IF(([1]Submeters!BE12-[1]Submeters!BE11)<0,"0",[1]Submeters!BE12-[1]Submeters!BE11) -> #REF! | BP6: =IF(([1]Submeters!BF12-[1]Submeters!BF11)<0,"0",[1]Submeters!BF12-[1]Submeters!BF11) -> #REF! | ... CO6: =IF(([1]Submeters!CE12-[1]Submeters!CE11)<0,"0",[1]Submeters!CE12-[1]Submeters!CE11) -> #REF!
A7: Tunis | B7: =B6+1 -> 6 | C7: 5 | D7: 2021 | E7: =Hotel!D14 -> 2580 | F7: =Hotel!F14 -> 2578 | G7: =Hotel!H14 -> 2364 | H7: =Hotel!N14 -> 121 | I7: =Hotel!P14 -> 1075 | J7: =Hotel!U14 -> 51 | K7: =Hotel!Y14 -> 42 | BI7: =IF(([1]Submeters!AY13-[1]Submeters!AY12)<0,"0",[1]Submeters!AY13-[1]Submeters!AY12) -> 285 | BJ7: =IF(([1]Submeters!AZ13-[1]Submeters!AZ12)<0,"0",[1]Submeters!AZ13-[1]Submeters!AZ12) -> #REF! | BK7: =IF(([1]Submeters!BA13-[1]Submeters!BA12)<0,"0",[1]Submeters!BA13-[1]Submeters!BA12) -> #REF! | BL7: =IF(([1]Submeters!BB13-[1]Submeters!BB12)<0,"0",[1]Submeters!BB13-[1]Submeters!BB12) -> #REF! | BM7: =IF(([1]Submeters!BC13-[1]Submeters!BC12)<0,"0",[1]Submeters!BC13-[1]Submeters!BC12) -> #REF! | BN7: =IF(([1]Submeters!BD13-[1]Submeters!BD12)<0,"0",[1]Submeters!BD13-[1]Submeters!BD12) -> #REF! | BO7: =IF(([1]Submeters!BE13-[1]Submeters!BE12)<0,"0",[1]Submeters!BE13-[1]Submeters!BE12) -> #REF! | BP7: =IF(([1]Submeters!BF13-[1]Submeters!BF12)<0,"0",[1]Submeters!BF13-[1]Submeters!BF12) -> #REF! | ... CO7: =IF(([1]Submeters!CE13-[1]Submeters!CE12)<0,"0",[1]Submeters!CE13-[1]Submeters!CE12) -> #REF!
A8: Tunis | B8: =B7+1 -> 7 | C8: 5 | D8: 2021 | E8: =Hotel!D15 -> 2510 | F8: =Hotel!F15 -> 2494 | G8: =Hotel!H15 -> 2320 | H8: =Hotel!N15 -> 121 | I8: =Hotel!P15 -> 1106 | J8: =Hotel!U15 -> 219 | K8: =Hotel!Y15 -> 35 | BI8: =IF(([1]Submeters!AY14-[1]Submeters!AY13)<0,"0",[1]Submeters!AY14-[1]Submeters!AY13) -> 367 | BJ8: =IF(([1]Submeters!AZ14-[1]Submeters!AZ13)<0,"0",[1]Submeters!AZ14-[1]Submeters!AZ13) -> #REF! | BK8: =IF(([1]Submeters!BA14-[1]Submeters!BA13)<0,"0",[1]Submeters!BA14-[1]Submeters!BA13) -> #REF! | BL8: =IF(([1]Submeters!BB14-[1]Submeters!BB13)<0,"0",[1]Submeters!BB14-[1]Submeters!BB13) -> #REF! | BM8: =IF(([1]Submeters!BC14-[1]Submeters!BC13)<0,"0",[1]Submeters!BC14-[1]Submeters!BC13) -> #REF! | BN8: =IF(([1]Submeters!BD14-[1]Submeters!BD13)<0,"0",[1]Submeters!BD14-[1]Submeters!BD13) -> #REF! | BO8: =IF(([1]Submeters!BE14-[1]Submeters!BE13)<0,"0",[1]Submeters!BE14-[1]Submeters!BE13) -> #REF! | BP8: =IF(([1]Submeters!BF14-[1]Submeters!BF13)<0,"0",[1]Submeters!BF14-[1]Submeters!BF13) -> #REF! | ... CO8: =IF(([1]Submeters!CE14-[1]Submeters!CE13)<0,"0",[1]Submeters!CE14-[1]Submeters!CE13) -> #REF!
A9: Tunis | B9: =B8+1 -> 8 | C9: 5 | D9: 2021 | E9: =Hotel!D16 -> 2437 | F9: =Hotel!F16 -> 2421 | G9: =Hotel!H16 -> 2246 | H9: =Hotel!N16 -> 115 | I9: =Hotel!P16 -> 1036 | J9: =Hotel!U16 -> 189 | K9: =Hotel!Y16 -> 30 | BI9: =IF(([1]Submeters!AY15-[1]Submeters!AY14)<0,"0",[1]Submeters!AY15-[1]Submeters!AY14) -> 196 | BJ9: =IF(([1]Submeters!AZ15-[1]Submeters!AZ14)<0,"0",[1]Submeters!AZ15-[1]Submeters!AZ14) -> #REF! | BK9: =IF(([1]Submeters!BA15-[1]Submeters!BA14)<0,"0",[1]Submeters!BA15-[1]Submeters!BA14) -> #REF! | BL9: =IF(([1]Submeters!BB15-[1]Submeters!BB14)<0,"0",[1]Submeters!BB15-[1]Submeters!BB14) -> #REF! | BM9: =IF(([1]Submeters!BC15-[1]Submeters!BC14)<0,"0",[1]Submeters!BC15-[1]Submeters!BC14) -> #REF! | BN9: =IF(([1]Submeters!BD15-[1]Submeters!BD14)<0,"0",[1]Submeters!BD15-[1]Submeters!BD14) -> #REF! | BO9: =IF(([1]Submeters!BE15-[1]Submeters!BE14)<0,"0",[1]Submeters!BE15-[1]Submeters!BE14) -> #REF! | BP9: =IF(([1]Submeters!BF15-[1]Submeters!BF14)<0,"0",[1]Submeters!BF15-[1]Submeters!BF14) -> #REF! | ... CO9: =IF(([1]Submeters!CE15-[1]Submeters!CE14)<0,"0",[1]Submeters!CE15-[1]Submeters!CE14) -> #REF!
A10: Tunis | B10: =B9+1 -> 9 | C10: 5 | D10: 2021 | E10: =Hotel!D17 -> 2483 | F10: =Hotel!F17 -> 2490 | G10: =Hotel!H17 -> 2305 | H10: =Hotel!N17 -> 135 | I10: =Hotel!P17 -> 913 | J10: =Hotel!U17 -> 191 | K10: =Hotel!Y17 -> 37 | BI10: =IF(([1]Submeters!AY16-[1]Submeters!AY15)<0,"0",[1]Submeters!AY16-[1]Submeters!AY15) -> 226 | BJ10: =IF(([1]Submeters!AZ16-[1]Submeters!AZ15)<0,"0",[1]Submeters!AZ16-[1]Submeters!AZ15) -> #REF! | BK10: =IF(([1]Submeters!BA16-[1]Submeters!BA15)<0,"0",[1]Submeters!BA16-[1]Submeters!BA15) -> #REF! | BL10: =IF(([1]Submeters!BB16-[1]Submeters!BB15)<0,"0",[1]Submeters!BB16-[1]Submeters!BB15) -> #REF! | BM10: =IF(([1]Submeters!BC16-[1]Submeters!BC15)<0,"0",[1]Submeters!BC16-[1]Submeters!BC15) -> #REF! | BN10: =IF(([1]Submeters!BD16-[1]Submeters!BD15)<0,"0",[1]Submeters!BD16-[1]Submeters!BD15) -> #REF! | BO10: =IF(([1]Submeters!BE16-[1]Submeters!BE15)<0,"0",[1]Submeters!BE16-[1]Submeters!BE15) -> #REF! | BP10: =IF(([1]Submeters!BF16-[1]Submeters!BF15)<0,"0",[1]Submeters!BF16-[1]Submeters!BF15) -> #REF! | ... CO10: =IF(([1]Submeters!CE16-[1]Submeters!CE15)<0,"0",[1]Submeters!CE16-[1]Submeters!CE15) -> #REF!
A11: Tunis | B11: =B10+1 -> 10 | C11: 5 | D11: 2021 | E11: =Hotel!D18 -> 2296 | F11: =Hotel!F18 -> 2301 | G11: =Hotel!H18 -> 2118 | H11: =Hotel!N18 -> 102 | I11: =Hotel!P18 -> 890 | J11: =Hotel!U18 -> 200 | K11: =Hotel!Y18 -> 39 | BI11: =IF(([1]Submeters!AY17-[1]Submeters!AY16)<0,"0",[1]Submeters!AY17-[1]Submeters!AY16) -> 300 | BJ11: =IF(([1]Submeters!AZ17-[1]Submeters!AZ16)<0,"0",[1]Submeters!AZ17-[1]Submeters!AZ16) -> #REF! | BK11: =IF(([1]Submeters!BA17-[1]Submeters!BA16)<0,"0",[1]Submeters!BA17-[1]Submeters!BA16) -> #REF! | BL11: =IF(([1]Submeters!BB17-[1]Submeters!BB16)<0,"0",[1]Submeters!BB17-[1]Submeters!BB16) -> #REF! | BM11: =IF(([1]Submeters!BC17-[1]Submeters!BC16)<0,"0",[1]Submeters!BC17-[1]Submeters!BC16) -> #REF! | BN11: =IF(([1]Submeters!BD17-[1]Submeters!BD16)<0,"0",[1]Submeters!BD17-[1]Submeters!BD16) -> #REF! | BO11: =IF(([1]Submeters!BE17-[1]Submeters!BE16)<0,"0",[1]Submeters!BE17-[1]Submeters!BE16) -> #REF! | BP11: =IF(([1]Submeters!BF17-[1]Submeters!BF16)<0,"0",[1]Submeters!BF17-[1]Submeters!BF16) -> #REF! | ... CO11: =IF(([1]Submeters!CE17-[1]Submeters!CE16)<0,"0",[1]Submeters!CE17-[1]Submeters!CE16) -> #REF!
A12: Tunis | B12: =B11+1 -> 11 | C12: 5 | D12: 2021 | E12: =Hotel!D19 -> 2512 | F12: =Hotel!F19 -> 2502 | G12: =Hotel!H19 -> 2300 | H12: =Hotel!N19 -> 106 | I12: =Hotel!P19 -> 876 | J12: =Hotel!U19 -> 315 | K12: =Hotel!Y19 -> 41 | BI12: =IF(([1]Submeters!AY18-[1]Submeters!AY17)<0,"0",[1]Submeters!AY18-[1]Submeters!AY17) -> 277 | BJ12: =IF(([1]Submeters!AZ18-[1]Submeters!AZ17)<0,"0",[1]Submeters!AZ18-[1]Submeters!AZ17) -> #REF! | BK12: =IF(([1]Submeters!BA18-[1]Submeters!BA17)<0,"0",[1]Submeters!BA18-[1]Submeters!BA17) -> #REF! | BL12: =IF(([1]Submeters!BB18-[1]Submeters!BB17)<0,"0",[1]Submeters!BB18-[1]Submeters!BB17) -> #REF! | BM12: =IF(([1]Submeters!BC18-[1]Submeters!BC17)<0,"0",[1]Submeters!BC18-[1]Submeters!BC17) -> #REF! | BN12: =IF(([1]Submeters!BD18-[1]Submeters!BD17)<0,"0",[1]Submeters!BD18-[1]Submeters!BD17) -> #REF! | BO12: =IF(([1]Submeters!BE18-[1]Submeters!BE17)<0,"0",[1]Submeters!BE18-[1]Submeters!BE17) -> #REF! | BP12: =IF(([1]Submeters!BF18-[1]Submeters!BF17)<0,"0",[1]Submeters!BF18-[1]Submeters!BF17) -> #REF! | ... CO12: =IF(([1]Submeters!CE18-[1]Submeters!CE17)<0,"0",[1]Submeters!CE18-[1]Submeters!CE17) -> #REF!
A13: Tunis | B13: =B12+1 -> 12 | C13: 5 | D13: 2021 | E13: =Hotel!D20 -> 2426 | F13: =Hotel!F20 -> 2402 | G13: =Hotel!H20 -> 2198 | H13: =Hotel!N20 -> 107 | I13: =Hotel!P20 -> 809 | J13: =Hotel!U20 -> 203 | K13: =Hotel!Y20 -> 35 | BI13: =IF(([1]Submeters!AY19-[1]Submeters!AY18)<0,"0",[1]Submeters!AY19-[1]Submeters!AY18) -> 293 | BJ13: =IF(([1]Submeters!AZ19-[1]Submeters!AZ18)<0,"0",[1]Submeters!AZ19-[1]Submeters!AZ18) -> #REF! | BK13: =IF(([1]Submeters!BA19-[1]Submeters!BA18)<0,"0",[1]Submeters!BA19-[1]Submeters!BA18) -> #REF! | BL13: =IF(([1]Submeters!BB19-[1]Submeters!BB18)<0,"0",[1]Submeters!BB19-[1]Submeters!BB18) -> #REF! | BM13: =IF(([1]Submeters!BC19-[1]Submeters!BC18)<0,"0",[1]Submeters!BC19-[1]Submeters!BC18) -> #REF! | BN13: =IF(([1]Submeters!BD19-[1]Submeters!BD18)<0,"0",[1]Submeters!BD19-[1]Submeters!BD18) -> #REF! | BO13: =IF(([1]Submeters!BE19-[1]Submeters!BE18)<0,"0",[1]Submeters!BE19-[1]Submeters!BE18) -> #REF! | BP13: =IF(([1]Submeters!BF19-[1]Submeters!BF18)<0,"0",[1]Submeters!BF19-[1]Submeters!BF18) -> #REF! | ... CO13: =IF(([1]Submeters!CE19-[1]Submeters!CE18)<0,"0",[1]Submeters!CE19-[1]Submeters!CE18) -> #REF!
A14: Tunis | B14: =B13+1 -> 13 | C14: 5 | D14: 2021 | E14: =Hotel!D21 -> 2420 | F14: =Hotel!F21 -> 2409 | G14: =Hotel!H21 -> 2207 | H14: =Hotel!N21 -> 105 | I14: =Hotel!P21 -> 904 | J14: =Hotel!U21 -> 310 | K14: =Hotel!Y21 -> 45 | BI14: =IF(([1]Submeters!AY20-[1]Submeters!AY19)<0,"0",[1]Submeters!AY20-[1]Submeters!AY19) -> 438 | BJ14: =IF(([1]Submeters!AZ20-[1]Submeters!AZ19)<0,"0",[1]Submeters!AZ20-[1]Submeters!AZ19) -> #REF! | BK14: =IF(([1]Submeters!BA20-[1]Submeters!BA19)<0,"0",[1]Submeters!BA20-[1]Submeters!BA19) -> #REF! | BL14: =IF(([1]Submeters!BB20-[1]Submeters!BB19)<0,"0",[1]Submeters!BB20-[1]Submeters!BB19) -> #REF! | BM14: =IF(([1]Submeters!BC20-[1]Submeters!BC19)<0,"0",[1]Submeters!BC20-[1]Submeters!BC19) -> #REF! | BN14: =IF(([1]Submeters!BD20-[1]Submeters!BD19)<0,"0",[1]Submeters!BD20-[1]Submeters!BD19) -> #REF! | BO14: =IF(([1]Submeters!BE20-[1]Submeters!BE19)<0,"0",[1]Submeters!BE20-[1]Submeters!BE19) -> #REF! | BP14: =IF(([1]Submeters!BF20-[1]Submeters!BF19)<0,"0",[1]Submeters!BF20-[1]Submeters!BF19) -> #REF! | ... CO14: =IF(([1]Submeters!CE20-[1]Submeters!CE19)<0,"0",[1]Submeters!CE20-[1]Submeters!CE19) -> #REF!
... A29: Tunis | B29: =B28+1 -> 28 | C29: 5 | D29: 2021 | E29: =Hotel!D36 -> 3437 | F29: =Hotel!F36 -> 3442 | G29: =Hotel!H36 -> 3177 | H29: =Hotel!N36 -> 140 | I29: =Hotel!P36 -> 950 | J29: =Hotel!U36 -> 244 | K29: =Hotel!Y36 -> 63 | BI29: =IF(([1]Submeters!AY35-[1]Submeters!AY34)<0,"0",[1]Submeters!AY35-[1]Submeters!AY34) -> 301 | BJ29: =IF(([1]Submeters!AZ35-[1]Submeters!AZ34)<0,"0",[1]Submeters!AZ35-[1]Submeters!AZ34) -> #REF! | BK29: =IF(([1]Submeters!BA35-[1]Submeters!BA34)<0,"0",[1]Submeters!BA35-[1]Submeters!BA34) -> #REF! | BL29: =IF(([1]Submeters!BB35-[1]Submeters!BB34)<0,"0",[1]Submeters!BB35-[1]Submeters!BB34) -> #REF! | BM29: =IF(([1]Submeters!BC35-[1]Submeters!BC34)<0,"0",[1]Submeters!BC35-[1]Submeters!BC34) -> #REF! | BN29: =IF(([1]Submeters!BD35-[1]Submeters!BD34)<0,"0",[1]Submeters!BD35-[1]Submeters!BD34) -> #REF! | BO29: =IF(([1]Submeters!BE35-[1]Submeters!BE34)<0,"0",[1]Submeters!BE35-[1]Submeters!BE34) -> #REF! | BP29: =IF(([1]Submeters!BF35-[1]Submeters!BF34)<0,"0",[1]Submeters!BF35-[1]Submeters!BF34) -> #REF! | ... CO29: =IF(([1]Submeters!CE35-[1]Submeters!CE34)<0,"0",[1]Submeters!CE35-[1]Submeters!CE34) -> #REF!
A30: Tunis | B30: =B29+1 -> 29 | C30: 5 | D30: 2021 | E30: =Hotel!D37 -> 3638 | F30: =Hotel!F37 -> 3638 | G30: =Hotel!H37 -> 3275 | H30: =Hotel!N37 -> 132 | I30: =Hotel!P37 -> 1016 | J30: =Hotel!U37 -> 260 | K30: =Hotel!Y37 -> 80
A31: Tunis | B31: =B30+1 -> 30 | C31: 5 | D31: 2021 | E31: =Hotel!D38 -> 3902 | F31: =Hotel!F38 -> 3913 | G31: =Hotel!H38 -> 3718 | H31: =Hotel!N38 -> 121 | I31: =Hotel!P38 -> 1087 | J31: =Hotel!U38 -> 260 | K31: =Hotel!Y38 -> 95
A32: Tunis | B32: =B31+1 -> 31 | C32: 5 | D32: 2021 | E32: =Hotel!D39 -> 3834 | F32: =Hotel!F39 -> 3844 | G32: =Hotel!H39 -> 3558 | H32: =Hotel!N39 -> 138 | I32: =Hotel!P39 -> 979 | J32: =Hotel!U39 -> 248 | K32: =Hotel!Y39 -> 74

Sheet Hotel
F1: RELEVEE JOURNALIERE D'ENERGIE | W1: May
W3: 2021
A6: D | B6: =B5+1 -> 1 | C6: 5294150 | E6: 5247020 | G6: 4960934 | H6: =G6-G5 -> 4960934 | J6: =D6+F6+H6 -> 4960934 | K6: =D6*0.152+F6*0.238+H6*0.115+#REF!*0.218 -> #REF! | M6: 137814 | N6: =M6-#REF! -> #REF! | O6: 2202032 | P6: =O6-#REF! -> #REF! | Q6: =N6+P6 -> #REF! | R6: =Q6*1.2285*10.033*0.0371 -> #REF! | T6: 255314 | U6: =T6-#REF! -> #REF! | V6: =U6*(1.025+1.028) -> #REF! | X6: =K6+R6+V6 -> #REF! | Y6: 100 | Z6: =X6/Y6 -> #REF!
C7: ELECTRICITE | M7: GAZ | T7: EAU | X7: Cout | Y7: Pax / | Z7: Cout
C8: PH 1 | D8: Con. | E8: PH 2 | F8: Con. | G8: PH 3 | H8: Con. | I8: E.A Totale | J8: cosℓ | K8: cout | M8: Cuisine | N8: Con. | O8: Chaufferie | P8: Con. | Q8: T.cons | R8: cout | T8: SONEDE | U8: Con. | V8: cout | X8: / jour | Y8: Nuité | Z8: / pax
A9: S | B9: 1 | C9: 5296667 | D9: =IF((C9-C6<0), "0",C9-C6) -> 2517 | E9: 5249514 | F9: =IF((E9-E6<0), "0",E9-E6) -> 2494 | G9: 4963229 | H9: =IF((G9-G6<0), "0",G9-G6) -> 2295 | I9: =H9+F9+D9 -> 7306 | J9: 0.99 | K9: =I9*0.251 -> 1833.806 | M9: 137941 | N9: =IF((M9-M6<0), "0",M9-M6) -> 127 | O9: 2203041 | P9: =IF((O9-O6<0), "0",O9-O6) -> 1009 | Q9: =N9+P9 -> 1136 | R9: =(P9+N9*1.2285)*0.056*10.127 -> 660.69654 | T9: 255553 | U9: =IF((T9-T6<0), "0",T9-T6) -> 239 | V9: =U9*(1.315+1.54) -> 682.345 | X9: =K9+R9+V9 -> 3176.8475 | Y9: 31 | Z9: =X9/Y9 -> 102.47895
A10: D | B10: =B9+1 -> 2 | C10: 5299039 | D10: =IF((C10-C9<0), "0",C10-C9) -> 2372 | E10: 5251873 | F10: =IF((E10-E9<0), "0",E10-E9) -> 2359 | G10: 4965408 | H10: =IF((G10-G9<0), "0",G10-G9) -> 2179 | I10: =H10+F10+D10 -> 6910 | J10: 0.99 | K10: =I10*0.251 -> 1734.41 | M10: 138056 | N10: =IF((M10-M9<0), "0",M10-M9) -> 115 | O10: 2204078 | P10: =IF((O10-O9<0), "0",O10-O9) -> 1037 | Q10: =N10+P10 -> 1152 | R10: =(P10+N10*1.2285)*0.056*10.127 -> 668.21531 | T10: 255804 | U10: =IF((T10-T9<0), "0",T10-T9) -> 251 | V10: =U10*(1.315+1.54) -> 716.605 | X10: =K10+R10+V10 -> 3119.2303 | Y10: 32 | Z10: =X10/Y10 -> 97.475947
A11: L | B11: =B10+1 -> 3 | C11: 5301317 | D11: =IF((C11-C10<0), "0",C11-C10) -> 2278 | E11: 5254117 | F11: =IF((E11-E10<0), "0",E11-E10) -> 2244 | G11: 4967492 | H11: =IF((G11-G10<0), "0",G11-G10) -> 2084 | I11: =H11+F11+D11 -> 6606 | J11: 0.99 | K11: =I11*0.251 -> 1658.106 | M11: 138170 | N11: =IF((M11-M10<0), "0",M11-M10) -> 114 | O11: 2205124 | P11: =IF((O11-O10<0), "0",O11-O10) -> 1046 | Q11: =N11+P11 -> 1160 | R11: =(P11+N11*1.2285)*0.056*10.127 -> 672.62262 | T11: 256078 | U11: =IF((T11-T10<0), "0",T11-T10) -> 274 | V11: =U11*(1.315+1.54) -> 782.27 | X11: =K11+R11+V11 -> 3112.9986 | Y11: 25 | Z11: =X11/Y11 -> 124.51994
A12: MA | B12: =B11+1 -> 4 | C12: 5303633 | D12: =IF((C12-C11<0), "0",C12-C11) -> 2316 | E12: 5256475 | F12: =IF((E12-E11<0), "0",E12-E11) -> 2358 | G12: 4969609 | H12: =IF((G12-G11<0), "0",G12-G11) -> 2117 | I12: =H12+F12+D12 -> 6791 | J12: 0.99 | K12: =I12*0.251 -> 1704.541 | M12: 138286 | N12: =IF((M12-M11<0), "0",M12-M11) -> 116 | O12: 2206006 | P12: =IF((O12-O11<0), "0",O12-O11) -> 882 | Q12: =N12+P12 -> 998 | R12: =(P12+N12*1.2285)*0.056*10.127 -> 581.00965 | T12: 256194 | U12: =IF((T12-T11<0), "0",T12-T11) -> 116 | V12: =U12*(1.315+1.54) -> 331.18 | X12: =K12+R12+V12 -> 2616.7306 | Y12: 41 | Z12: =X12/Y12 -> 63.822699
A13: ME | B13: =B12+1 -> 5 | C13: 5306035 | D13: =IF((C13-C12<0), "0",C13-C12) -> 2402 | E13: 5258792 | F13: =IF((E13-E12<0), "0",E13-E12) -> 2317 | G13: 4971817 | H13: =IF((G13-G12<0), "0",G13-G12) -> 2208 | I13: =H13+F13+D13 -> 6927 | J13: 0.99 | K13: =I13*0.251 -> 1738.677 | M13: 138404 | N13: =IF((M13-M12<0), "0",M13-M12) -> 118 | O13: 2206930 | P13: =IF((O13-O12<0), "0",O13-O12) -> 924 | Q13: =N13+P13 -> 1042 | R13: =(P13+N13*1.2285)*0.056*10.127 -> 606.22174 | T13: 256604 | U13: =IF((T13-T12<0), "0",T13-T12) -> 410 | V13: =U13*(1.315+1.54) -> 1170.55 | X13: =K13+R13+V13 -> 3515.4487 | Y13: 31 | Z13: =X13/Y13 -> 113.40157
A14: J | B14: =B13+1 -> 6 | C14: 5308615 | D14: =IF((C14-C13<0), "0",C14-C13) -> 2580 | E14: 5261370 | F14: =IF((E14-E13<0), "0",E14-E13) -> 2578 | G14: 4974181 | H14: =IF((G14-G13<0), "0",G14-G13) -> 2364 | I14: =H14+F14+D14 -> 7522 | J14: 0.99 | K14: =I14*0.251 -> 1888.022 | M14: 138525 | N14: =IF((M14-M13<0), "0",M14-M13) -> 121 | O14: 2208005 | P14: =IF((O14-O13<0), "0",O14-O13) -> 1075 | Q14: =N14+P14 -> 1196 | R14: =(P14+N14*1.2285)*0.056*10.127 -> 693.94575 | T14: 256655 | U14: =IF((T14-T13<0), "0",T14-T13) -> 51 | V14: =U14*(1.315+1.54) -> 145.605 | X14: =K14+R14+V14 -> 2727.5727 | Y14: 42 | Z14: =X14/Y14 -> 64.942208
A15: V | B15: =B14+1 -> 7 | C15: 5311125 | D15: =IF((C15-C14<0), "0",C15-C14) -> 2510 | E15: 5263864 | F15: =IF((E15-E14<0), "0",E15-E14) -> 2494 | G15: 4976501 | H15: =IF((G15-G14<0), "0",G15-G14) -> 2320 | I15: =H15+F15+D15 -> 7324 | J15: 0.99 | K15: =I15*0.251 -> 1838.324 | M15: 138646 | N15: =IF((M15-M14<0), "0",M15-M14) -> 121 | O15: 2209111 | P15: =IF((O15-O14<0), "0",O15-O14) -> 1106 | Q15: =N15+P15 -> 1227 | R15: =(P15+N15*1.2285)*0.056*10.127 -> 711.52622 | T15: 256874 | U15: =IF((T15-T14<0), "0",T15-T14) -> 219 | V15: =U15*(1.315+1.54) -> 625.245 | X15: =K15+R15+V15 -> 3175.0952 | Y15: 35 | Z15: =X15/Y15 -> 90.717006
A16: S | B16: =B15+1 -> 8 | C16: 5313562 | D16: =IF((C16-C15<0), "0",C16-C15) -> 2437 | E16: 5266285 | F16: =IF((E16-E15<0), "0",E16-E15) -> 2421 | G16: 4978747 | H16: =IF((G16-G15<0), "0",G16-G15) -> 2246 | I16: =H16+F16+D16 -> 7104 | J16: 0.99 | K16: =I16*0.251 -> 1783.104 | M16: 138761 | N16: =IF((M16-M15<0), "0",M16-M15) -> 115 | O16: 2210147 | P16: =IF((O16-O15<0), "0",O16-O15) -> 1036 | Q16: =N16+P16 -> 1151 | R16: =(P16+N16*1.2285)*0.056*10.127 -> 667.6482 | T16: 257063 | U16: =IF((T16-T15<0), "0",T16-T15) -> 189 | V16: =U16*(1.315+1.54) -> 539.595 | X16: =K16+R16+V16 -> 2990.3472 | Y16: 30 | Z16: =X16/Y16 -> 99.67824
A17: D | B17: 9 | C17: 5316045 | D17: =IF((C17-C16<0), "0",C17-C16) -> 2483 | E17: 5268775 | F17: =IF((E17-E16<0), "0",E17-E16) -> 2490 | G17: 4981052 | H17: =IF((G17-G16<0), "0",G17-G16) -> 2305 | I17: =H17+F17+D17 -> 7278 | J17: 0.99 | K17: =I17*0.251 -> 1826.778 | M17: 138896 | N17: =IF((M17-M16<0), "0",M17-M16) -> 135 | O17: 2211060 | P17: =IF((O17-O16<0), "0",O17-O16) -> 913 | Q17: =N17+P17 -> 1048 | R17: =(P17+N17*1.2285)*0.056*10.127 -> 611.82736 | T17: 257254 | U17: =IF((T17-T16<0), "0",T17-T16) -> 191 | V17: =U17*(1.315+1.54) -> 545.305 | X17: =K17+R17+V17 -> 2983.9104 | Y17: 37 | Z17: =X17/Y17 -> 80.646226
A18: L | B18: =B17+1 -> 10 | C18: 5318341 | D18: =IF((C18-C17<0), "0",C18-C17) -> 2296 | E18: 5271076 | F18: =IF((E18-E17<0), "0",E18-E17) -> 2301 | G18: 4983170 | H18: =IF((G18-G17<0), "0",G18-G17) -> 2118 | I18: =H18+F18+D18 -> 6715 | J18: 0.99 | K18: =I18*0.251 -> 1685.465 | M18: 138998 | N18: =IF((M18-M17<0), "0",M18-M17) -> 102 | O18: 2211950 | P18: =IF((O18-O17<0), "0",O18-O17) -> 890 | Q18: =N18+P18 -> 992 | R18: =(P18+N18*1.2285)*0.056*10.127 -> 575.79278 | T18: 257454 | U18: =IF((T18-T17<0), "0",T18-T17) -> 200 | V18: =U18*(1.315+1.54) -> 571 | X18: =K18+R18+V18 -> 2832.2578 | Y18: 39 | Z18: =X18/Y18 -> 72.621994
A19: MA | B19: =B18+1 -> 11 | C19: 5320853 | D19: =IF((C19-C18<0), "0",C19-C18) -> 2512 | E19: 5273578 | F19: =IF((E19-E18<0), "0",E19-E18) -> 2502 | G19: 4985470 | H19: =IF((G19-G18<0), "0",G19-G18) -> 2300 | I19: =H19+F19+D19 -> 7314 | J19: 0.99 | K19: =I19*0.251 -> 1835.814 | M19: 139104 | N19: =IF((M19-M18<0), "0",M19-M18) -> 106 | O19: 2212826 | P19: =IF((O19-O18<0), "0",O19-O18) -> 876 | Q19: =N19+P19 -> 982 | R19: =(P19+N19*1.2285)*0.056*10.127 -> 570.64 | T19: 257769 | U19: =IF((T19-T18<0), "0",T19-T18) -> 315 | V19: =U19*(1.315+1.54) -> 899.325 | X19: =K19+R19+V19 -> 3305.779 | Y19: 41 | Z19: =X19/Y19 -> 80.628756
A20: ME | B20: =B19+1 -> 12 | C20: 5323279 | D20: =IF((C20-C19<0), "0",C20-C19) -> 2426 | E20: 5275980 | F20: =IF((E20-E19<0), "0",E20-E19) -> 2402 | G20: 4987668 | H20: =IF((G20-G19<0), "0",G20-G19) -> 2198 | I20: =H20+F20+D20 -> 7026 | J20: 0.99 | K20: =I20*0.251 -> 1763.526 | M20: 139211 | N20: =IF((M20-M19<0), "0",M20-M19) -> 107 | O20: 2213635 | P20: =IF((O20-O19<0), "0",O20-O19) -> 809 | Q20: =N20+P20 -> 916 | R20: =(P20+N20*1.2285)*0.056*10.127 -> 533.3402 | T20: 257972 | U20: =IF((T20-T19<0), "0",T20-T19) -> 203 | V20: =U20*(1.315+1.54) -> 579.565 | X20: =K20+R20+V20 -> 2876.4312 | Y20: 35 | Z20: =X20/Y20 -> 82.183748
A21: J | B21: =B20+1 -> 13 | C21: 5325699 | D21: =IF((C21-C20<0), "0",C21-C20) -> 2420 | E21: 5278389 | F21: =IF((E21-E20<0), "0",E21-E20) -> 2409 | G21: 4989875 | H21: =IF((G21-G20<0), "0",G21-G20) -> 2207 | I21: =H21+F21+D21 -> 7036 | J21: 0.98 | K21: =I21*0.251 -> 1766.036 | M21: 139316 | N21: =IF((M21-M20<0), "0",M21-M20) -> 105 | O21: 2214539 | P21: =IF((O21-O20<0), "0",O21-O20) -> 904 | Q21: =N21+P21 -> 1009 | R21: =(P21+N21*1.2285)*0.056*10.127 -> 585.82244 | T21: 258282 | U21: =IF((T21-T20<0), "0",T21-T20) -> 310 | V21: =U21*(1.315+1.54) -> 885.05 | X21: =K21+R21+V21 -> 3236.9084 | Y21: 45 | Z21: =X21/Y21 -> 71.931299
A22: V | B22: =B21+1 -> 14 | C22: 5328127 | D22: =IF((C22-C21<0), "0",C22-C21) -> 2428 | E22: 5280781 | F22: =IF((E22-E21<0), "0",E22-E21) -> 2392 | G22: 4992094 | H22: =IF((G22-G21<0), "0",G22-G21) -> 2219 | I22: =H22+F22+D22 -> 7039 | J22: 0.98 | K22: =I22*0.251 -> 1766.789 | M22: 139426 | N22: =IF((M22-M21<0), "0",M22-M21) -> 110 | O22: 2215566 | P22: =IF((O22-O21<0), "0",O22-O21) -> 1027 | Q22: =N22+P22 -> 1137 | R22: =(P22+N22*1.2285)*0.056*10.127 -> 659.0607 | T22: 258573 | U22: =IF((T22-T21<0), "0",T22-T21) -> 291 | V22: =U22*(1.315+1.54) -> 830.805 | X22: =K22+R22+V22 -> 3256.6547 | Y22: 62 | Z22: =X22/Y22 -> 52.526689
A23: S | B23: =B22+1 -> 15 | C23: 5330578 | D23: =IF((C23-C22<0), "0",C23-C22) -> 2451 | E23: 5283210 | F23: =IF((E23-E22<0), "0",E23-E22) -> 2429 | G23: 4994331 | H23: =IF((G23-G22<0), "0",G23-G22) -> 2237 | I23: =H23+F23+D23 -> 7117 | J23: 0.98 | K23: =I23*0.251 -> 1786.367 | M23: 139551 | N23: =IF((M23-M22<0), "0",M23-M22) -> 125 | O23: 2216341 | P23: =IF((O23-O22<0), "0",O23-O22) -> 775 | Q23: =N23+P23 -> 900 | R23: =(P23+N23*1.2285)*0.056*10.127 -> 526.59894 | T23: 258826 | U23: =IF((T23-T22<0), "0",T23-T22) -> 253 | V23: =U23*(1.315+1.54) -> 722.315 | X23: =K23+R23+V23 -> 3035.2809 | Y23: 64 | Z23: =X23/Y23 -> 47.426265
A24: D | B24: =B23+1 -> 16 | C24: 5332906 | D24: =IF((C24-C23<0), "0",C24-C23) -> 2328 | E24: 5285536 | F24: =IF((E24-E23<0), "0",E24-E23) -> 2326 | G24: 4996463 | H24: =IF((G24-G23<0), "0",G24-G23) -> 2132 | I24: =H24+F24+D24 -> 6786 | J24: 0.98 | K24: =I24*0.251 -> 1703.286 | M24: 139658 | N24: =IF((M24-M23<0), "0",M24-M23) -> 107 | O24: 2217200 | P24: =IF((O24-O23<0), "0",O24-O23) -> 859 | Q24: =N24+P24 -> 966 | R24: =(P24+N24*1.2285)*0.056*10.127 -> 561.6958 | T24: 259182 | U24: =IF((T24-T23<0), "0",T24-T23) -> 356 | V24: =U24*(1.315+1.54) -> 1016.38 | X24: =K24+R24+V24 -> 3281.3618 | Y24: 38 | Z24: =X24/Y24 -> 86.351626
A25: L | B25: =B24+1 -> 17 | C25: 5335222 | D25: =IF((C25-C24<0), "0",C25-C24) -> 2316 | E25: 5287843 | F25: =IF((E25-E24<0), "0",E25-E24) -> 2307 | G25: 4998585 | H25: =IF((G25-G24<0), "0",G25-G24) -> 2122 | I25: =H25+F25+D25 -> 6745 | J25: 0.98 | K25: =I25*0.251 -> 1692.995 | M25: 139753 | N25: =IF((M25-M24<0), "0",M25-M24) -> 95 | O25: 2217916 | P25: =IF((O25-O24<0), "0",O25-O24) -> 716 | Q25: =N25+P25 -> 811 | R25: =(P25+N25*1.2285)*0.056*10.127 -> 472.23842 | T25: 259424 | U25: =IF((T25-T24<0), "0",T25-T24) -> 242 | V25: =U25*(1.315+1.54) -> 690.91 | X25: =K25+R25+V25 -> 2856.1434 | Y25: 49 | Z25: =X25/Y25 -> 58.288641
A26: MA | B26: =B25+1 -> 18 | C26: 5337903 | D26: =IF((C26-C25<0), "0",C26-C25) -> 2681 | E26: 5290536 | F26: =IF((E26-E25<0), "0",E26-E25) -> 2693 | G26: 5001052 | H26: =IF((G26-G25<0), "0",G26-G25) -> 2467 | I26: =H26+F26+D26 -> 7841 | J26: 0.98 | K26: =I26*0.251 -> 1968.091 | M26: 139870 | N26: =IF((M26-M25<0), "0",M26-M25) -> 117 | O26: 2218617 | P26: =IF((O26-O25<0), "0",O26-O25) -> 701 | Q26: =N26+P26 -> 818 | R26: =(P26+N26*1.2285)*0.056*10.127 -> 479.05907 | T26: 259655 | U26: =IF((T26-T25<0), "0",T26-T25) -> 231 | V26: =U26*(1.315+1.54) -> 659.505 | X26: =K26+R26+V26 -> 3106.6551 | Y26: 40 | Z26: =X26/Y26 -> 77.666377
A27: ME | B27: =B26+1 -> 19 | C27: 5340674 | D27: =IF((C27-C26<0), "0",C27-C26) -> 2771 | E27: 5293305 | F27: =IF((E27-E26<0), "0",E27-E26) -> 2769 | G27: 5003610 | H27: =IF((G27-G26<0), "0",G27-G26) -> 2558 | I27: =H27+F27+D27 -> 8098 | J27: 0.99 | K27: =I27*0.251 -> 2032.598 | M27: 139984 | N27: =IF((M27-M26<0), "0",M27-M26) -> 114 | O27: 2219367 | P27: =IF((O27-O26<0), "0",O27-O26) -> 750 | Q27: =N27+P27 -> 864 | R27: =(P27+N27*1.2285)*0.056*10.127 -> 504.75747 | T27: 259909 | U27: =IF((T27-T26<0), "0",T27-T26) -> 254 | V27: =U27*(1.315+1.54) -> 725.17 | X27: =K27+R27+V27 -> 3262.5255 | Y27: 43 | Z27: =X27/Y27 -> 75.872685
A28: J | B28: =B27+1 -> 20 | C28: 5343543 | D28: =IF((C28-C27<0), "0",C28-C27) -> 2869 | E28: 5296185 | F28: =IF((E28-E27<0), "0",E28-E27) -> 2880 | G28: 5006256 | H28: =IF((G28-G27<0), "0",G28-G27) -> 2646 | I28: =H28+F28+D28 -> 8395 | J28: 0.99 | K28: =I28*0.251 -> 2107.145 | M28: 140083 | N28: =IF((M28-M27<0), "0",M28-M27) -> 99 | O28: 2219974 | P28: =IF((O28-O27<0), "0",O28-O27) -> 607 | Q28: =N28+P28 -> 706 | R28: =(P28+N28*1.2285)*0.056*10.127 -> 413.21 | T28: 260149 | U28: =IF((T28-T27<0), "0",T28-T27) -> 240 | V28: =U28*(1.315+1.54) -> 685.2 | X28: =K28+R28+V28 -> 3205.555 | Y28: 43 | Z28: =X28/Y28 -> 74.547791
A29: V | B29: =B28+1 -> 21 | C29: 5346497 | D29: =IF((C29-C28<0), "0",C29-C28) -> 2954 | E29: 5299172 | F29: =IF((E29-E28<0), "0",E29-E28) -> 2987 | G29: 5008995 | H29: =IF((G29-G28<0), "0",G29-G28) -> 2739 | I29: =H29+F29+D29 -> 8680 | J29: 0.99 | K29: =I29*0.251 -> 2178.68 | M29: 140195 | N29: =IF((M29-M28<0), "0",M29-M28) -> 112 | O29: 2220845 | P29: =IF((O29-O28<0), "0",O29-O28) -> 871 | Q29: =N29+P29 -> 983 | R29: =(P29+N29*1.2285)*0.056*10.127 -> 571.98463 | T29: 260269 | U29: =IF((T29-T28<0), "0",T29-T28) -> 120 | V29: =U29*(1.315+1.54) -> 342.6 | X29: =K29+R29+V29 -> 3093.2646 | Y29: 52 | Z29: =X29/Y29 -> 59.485858
... A39: L | B39: =B38+1 -> 31 | C39: 5380546 | D39: =IF((C39-C38<0), "0",C39-C38) -> 3834 | E39: 5333312 | F39: =IF((E39-E38<0), "0",E39-E38) -> 3844 | G39: 5040577 | H39: =IF((G39-G38<0), "0",G39-G38) -> 3558 | I39: =H39+F39+D39 -> 11236 | J39: 0.99 | K39: =I39*0.251 -> 2820.236 | M39: 141396 | N39: =IF((M39-M38<0), "0",M39-M38) -> 138 | O39: 2229455 | P39: =IF((O39-O38<0), "0",O39-O38) -> 979 | Q39: =N39+P39 -> 1117 | R39: =(P39+N39*1.2285)*0.056*10.127 -> 651.34685 | T39: 262738 | U39: =IF((T39-T38<0), "0",T39-T38) -> 248 | V39: =U39*(1.315+1.54) -> 708.04 | X39: =K39+R39+V39 -> 4179.6228 | Y39: 74 | Z39: =X39/Y39 -> 56.48139
C40: =SUMIF(D9:D36,">0") -> 75022 | E40: =SUMIF(F9:F36,">0") -> 74897 | G40: =SUMIF(H9:H36,">0") -> 69092 | I40: =SUMIF(I9:I36,">0") -> 219011 | K40: =SUMIF(K9:K36,">0") -> 54971.761 | M40: =SUMIF(N9:N36,">0") -> 3191 | O40: =SUMIF(P9:P36,">0") -> 24341 | Q40: =SUMIF(Q9:Q36,">0") -> 27532 | R40: =SUMIF(R9:R36,">0") -> 16027.234 | T40: =SUMIF(U9:U36,">0") -> 6656 | V40: =SUMIF(V9:V36,">0") -> 19002.88 | X40: =SUMIF(X9:X36,">0") -> 90001.875 | Y40: =SUM(Y9:Y39) -> 1502 | Z40: =(SUMIF(Z9:Z36,">0")/31) -> 68.455913

Sheet Submetres
B6: 49433 | C6: 79236 | D6: 15207 | E6: 13719 | F6: 189420 | G6: 3495 | H6: 1485 | I6: 380288 | J6: 68377 | K6: 7921 | L6: 29890 | M6: 52115 | N6: 38542 | O6: 181658 | P6: 375920 | Q6: 2808 | R6: 18050 | S6: 25503 | T6: 278413 | U6: 375407 | V6: 40159 | W6: 5416 | X6: 13927 | Y6: 86195 | Z6: 540 | AA6: 170186 | AB6: 7562 | AC6: 1974 | AD6: 17975 | AE6: 76508 | AF6: 205359 | AG6: 1125790 | AH6: 11123 | AI6: 483379 | AJ6: 637743 | AK6: 9334 | AL6: 29315 | AM6: 28542 | AN6: 596531 | AO6: 5246 | AP6: 0 | AQ6: 109712 | AR6: 217210 | AS6: 63112 | AT6: 560 | AU6: 107079 | AV6: 44534 | AW6: 38275 | AX6: 175158 | AY6: 481902
A7: Day | B7: Groupe Froid Indus 1 - KWH | C7: Beach Bar - KWH | D7: SGX zone de service secours - KWH | E7: Gen.Rest.Spécialité Secours - KWH | F7: SGX Rest.Menu+ young adult - KWH | G7: Onduleur Principal 1er - KWH | H7: Bloc A Hebergement - KWH | I7: Bloc B Hebergement - KWH | J7: TGBT Hebergement - KWH | K7: S1,S2,P2,P3,P6,P7 - KWH | L7: Buanderie - KWH | M7: Gen.Spa.Secours - KWH | N7: S3,S4 - KWH | O7: Groupe Froid Indus - KWH | P7: Gen.Reception Secours - KWH | Q7: Surpresseur Eau potable - KWH | R7: Service Comptabilité Secours - KWH | S7: Clim+Extraction Data Center - KWH | T7: SGX grand parking Area - KWH | U7: Cuisine rest.Menu secours - KWH | V7: S5,S6,P4,P5,P9 - KWH | W7: Bloc B Hebergement - KWH | X7: Parking valet + Standard secours - KWH | Y7: Administration secours - KWH | Z7: Eclairage Grand piscine Ext Secours - KWH | AA7: FM+SGX Buanderie Secours - KWH | AB7: Orange - KWH | AC7: FM chaudière à vapeur - KWH | AD7: Loge Gardien 2 - KWH | AE7: Loge Gardien 1 - KWH | AF7: TGBT Sécurité - KWH | AG7: Gen.Centre congrés secours - KWH | AH7: FM chaufferie Gauche - KWH | AI7: Groupe d'eau glacé 1 - KWH | AJ7: FM cuisine Rest.Menu - KWH | AK7: FM cuisine Ballroom - KWH | AL7: Groupe d'eau glacé 2 - KWH | AM7: Groupe d'eau glacé 3 - KWH | AN7: FM piscine extérieur - KWH | AO7: Show power Centre Congrés - KWH | AP7: Groupe d'eau glacé 4 - KWH | AQ7: Bloc A Hebergement - KWH | AR7: Bloc B Hebergement - KWH | AS7: Gene.Clim Centre congré - KWH | AT7: Bloc B Hebergement - KWH | AU7: FM rest.spécialité normal - KWH | AV7: FM Cuisine reception normal - KWH | AW7: Gene.Spa normal - KWH | AX7: Clim Zone Rest.Menu - KWH | AY7: TGBT Hebergement - KWH | AZ7: Chauf.Gauche.Eau Foide.adoucisseur - m3 | BA7: Chauf.Gauche.Eau Foide.Cuisine - m3 | BB7: Chauf.Gauche.Eau Foide.Heberg - m3 | BC7: Chauf.Gauche.Eau Foide.Piscine - m3 | BD7: Chauf.Gauche.Eau Foide.Buanderie - m3 | BE7: Chauf.Gauche.Dep.EC heb - m3 | BF7: Chauf.Gauche.Ret.EC Heb - m3 | BG7: Chauf.Gauche.Ret.EC.LC et service divers - m3 | BH7: Chauf.Gauche.Retour eau glacé - m3 | BI7: Chauf.Gauche.Ret.eau.ch.buanderie - m3 | BJ7: Chauf.Gauche.Remp. retour coll.EC - m3 | BK7: Chauf.Droite.Eau.Froide.Adoucisseur - m3 | BL7: Chauf.Droite.Eau.Froide.Spa pool - m3 | BM7: Chauf.Droite.Eau.Froide.pataugeoire - m3 | BN7: Chauf.Droite.Eau.Froide.Spa Base 3 - m3 | BO7: Chauf.Droite.Eau.Froide. Heberg droite - m3 | BP7: Chauf.Droite.Dep.EC Heb droite - m3 | BQ7: Chauf.Droite.Dep.EC Spa - m3 | BR7: Chauf.Droite.Ret.EC Spa - m3 | BS7: Arrosage - m3 | BT7: suite presidentielle - m3 | BU7: Kids club - m3 | BV7: Tow Bedroom A - m3 | BW7: Tow Bedroom B - m3 | BX7: Tow Bedroom C - m3 | BY7: wirlpool h - m3 | BZ7: wirlpool f -m3 | CA7: piscine spa pool - m3 | CB7: piscine ext - m3 | CC7: filtration piscine ext - m3 | CD7: depart chaufferie droite - m3 | CE7: adoucisseur chaufferie vapeur - m3
A8: 1 | B8: 71728 | C8: 97355 | D8: 18804 | E8: 20284 | F8: 257024 | G8: 4666 | H8: 7847 | I8: 505010 | J8: 87602 | K8: 8021 | L8: 37539 | M8: 59610 | N8: 52306 | O8: 251768 | P8: 515692 | Q8: 4600 | R8: 25240 | S8: 25503 | T8: 356906 | U8: 504260 | V8: 55617 | W8: 7089 | X8: 20246 | Y8: 117582 | Z8: 1188 | AA8: 223569 | AB8: 11177 | AC8: 2578 | AD8: 23616 | AE8: 113436 | AF8: 286842 | AG8: 1433006 | AH8: 13353 | AI8: 490861 | AJ8: 844679 | AK8: 13342 | AL8: 43207 | AM8: 42282 | AN8: 782319 | AO8: 5645 | AP8: 0 | AQ8: 141092 | AR8: 281343 | AS8: 80173 | AT8: 807 | AU8: 149418 | AV8: 57528 | AW8: 48098 | AX8: 241847 | AY8: 649430
A9: 2 | B9: 71782 | C9: 97378 | D9: 18807 | E9: 20296 | F9: 257202 | G9: 4668 | H9: 7880 | I9: 505364 | J9: 87646 | K9: 8021 | L9: 37564 | M9: 59621 | N9: 52339 | O9: 251951 | P9: 516011 | Q9: 4604 | R9: 25260 | S9: 25503 | T9: 357090 | U9: 504568 | V9: 55650 | W9: 7089 | X9: 20260 | Y9: 117648 | Z9: 1188 | AA9: 223690 | AB9: 11177 | AC9: 2580 | AD9: 23625 | AE9: 113518 | AF9: 287094 | AG9: 1433506 | AH9: 13354 | AI9: 490878 | AJ9: 845376 | AK9: 13346 | AL9: 43222 | AM9: 42319 | AN9: 782953 | AO9: 5646 | AP9: 0 | AQ9: 141182 | AR9: 281529 | AS9: 80216 | AT9: 808 | AU9: 149523 | AV9: 57574 | AW9: 48128 | AX9: 241898 | AY9: 649786
A10: 3 | B10: 71842 | C10: 97381 | D10: 18811 | E10: 20312 | F10: 257375 | G10: 4611 | H10: 7914 | I10: 505733 | J10: 87686 | K10: 8022 | L10: 37589 | M10: 59636 | N10: 52372 | O10: 252133 | P10: 516313 | Q10: 4607 | R10: 25283 | S10: 25503 | T10: 357271 | U10: 504865 | V10: 55685 | W10: 7089 | X10: 20279 | Y10: 117734 | Z10: 1188 | AA10: 223814 | AB10: 11182 | AC10: 2582 | AD10: 23637 | AE10: 113606 | AF10: 287350 | AG10: 1434057 | AH10: 13355 | AI10: 490896 | AJ10: 845992 | AK10: 13358 | AL10: 43238 | AM10: 42358 | AN10: 783542 | AO10: 5648 | AP10: 0 | AQ10: 141280 | AR10: 281726 | AS10: 80267 | AT10: 809 | AU10: 149631 | AV10: 57625 | AW10: 48161 | AX10: 241948 | AY10: 650149
A11: 4 | B11: 71899 | C11: 97383 | D11: 18818 | E11: 20322 | F11: 257549 | G11: 4674 | H11: 7932 | I11: 506105 | J11: 87722 | K11: 8022 | L11: 37608 | M11: 59651 | N11: 52409 | O11: 252320 | P11: 516787 | Q11: 4611 | R11: 25303 | S11: 25503 | T11: 357458 | U11: 505195 | V11: 55720 | W11: 7092 | X11: 20298 | Y11: 117811 | Z11: 1188 | AA11: 223938 | AB11: 11182 | AC11: 2584 | AD11: 23649 | AE11: 113692 | AF11: 287621 | AG11: 1434696 | AH11: 13357 | AI11: 490914 | AJ11: 846692 | AK11: 13366 | AL11: 43253 | AM11: 42401 | AN11: 784167 | AO11: 5649 | AP11: 0 | AQ11: 141388 | AR11: 281912 | AS11: 80310 | AT11: 809 | AU11: 149734 | AV11: 57668 | AW11: 48194 | AX11: 241994 | AY11: 650518
A12: 5 | B12: 71951 | C12: 97441 | D12: 18824 | E12: 20334 | F12: 257729 | G12: 4677 | H12: 7949 | I12: 506492 | J12: 87754 | K12: 8023 | L12: 37635 | M12: 59665 | N12: 52447 | O12: 252524 | P12: 517118 | Q12: 4615 | R12: 25326 | S12: 25503 | T12: 357651 | U12: 505530 | V12: 55757 | W12: 7094 | X12: 20321 | Y12: 117891 | Z12: 1188 | AA12: 224097 | AB12: 11183 | AC12: 2586 | AD12: 23658 | AE12: 113783 | AF12: 287907 | AG12: 1435636 | AH12: 13358 | AI12: 490932 | AJ12: 847365 | AK12: 13380 | AL12: 43280 | AM12: 42445 | AN12: 784792 | AO12: 5650 | AP12: 0 | AQ12: 141502 | AR12: 282118 | AS12: 80379 | AT12: 810 | AU12: 149847 | AV12: 57718 | AW12: 48228 | AX12: 242049 | AY12: 650881
A13: 6 | B13: 72004 | C13: 97521 | D13: 18835 | E13: 20342 | F13: 257930 | G13: 4679 | H13: 7963 | I13: 506858 | J13: 87782 | K13: 8023 | L13: 37656 | M13: 59679 | N13: 52484 | O13: 252712 | P13: 517473 | Q13: 4619 | R13: 25348 | S13: 25503 | T13: 357831 | U13: 505882 | V13: 55792 | W13: 7095 | X13: 20340 | Y13: 117968 | Z13: 1188 | AA13: 224216 | AB13: 11189 | AC13: 2587 | AD13: 23671 | AE13: 113876 | AF13: 288201 | AG13: 1436617 | AH13: 13360 | AI13: 490950 | AJ13: 847985 | AK13: 13392 | AL13: 43284 | AM13: 42488 | AN13: 785423 | AO13: 5652 | AP13: 0 | AQ13: 141610 | AR13: 282333 | AS13: 80429 | AT13: 810 | AU13: 149979 | AV13: 57739 | AW13: 48262 | AX13: 242101 | AY13: 651261
A14: 7 | B14: 72056 | C14: 97599 | D14: 18839 | E14: 20346 | F14: 258104 | G14: 4682 | H14: 7974 | I14: 507236 | J14: 87819 | K14: 8024 | L14: 37682 | M14: 59691 | N14: 52520 | O14: 252896 | P14: 517877 | Q14: 4622 | R14: 25368 | S14: 25503 | T14: 358012 | U14: 506174 | V14: 55825 | W14: 7103 | X14: 20362 | Y14: 118048 | Z14: 1188 | AA14: 224337 | AB14: 11197 | AC14: 2590 | AD14: 23683 | AE14: 113961 | AF14: 288476 | AG14: 1437368 | AH14: 13361 | AI14: 490968 | AJ14: 848626 | AK14: 13402 | AL14: 43300 | AM14: 42531 | AN14: 786050 | AO14: 5653 | AP14: 0 | AQ14: 141718 | AR14: 282547 | AS14: 80473 | AT14: 811 | AU14: 150085 | AV14: 57775 | AW14: 48295 | AX14: 242155 | AY14: 651644
A15: 8 | B15: 72109 | C15: 97674 | D15: 18843 | E15: 20352 | F15: 258290 | G15: 4684 | H15: 7983 | I15: 507620 | J15: 87855 | K15: 8024 | L15: 37711 | M15: 59710 | N15: 52560 | O15: 253079 | P15: 518150 | Q15: 4627 | R15: 25390 | S15: 25503 | T15: 358201 | U15: 506475 | V15: 55859 | W15: 7108 | X15: 20386 | Y15: 118119 | Z15: 1188 | AA15: 224457 | AB15: 11197 | AC15: 2591 | AD15: 23696 | AE15: 114050 | AF15: 288733 | AG15: 1438290 | AH15: 13362 | AI15: 490986 | AJ15: 849333 | AK15: 13413 | AL15: 43315 | AM15: 42576 | AN15: 786674 | AO15: 5654 | AP15: 0 | AQ15: 141823 | AR15: 282760 | AS15: 80517 | AT15: 812 | AU15: 150182 | AV15: 57809 | AW15: 48326 | AX15: 242207 | AY15: 652015
A16: 9 | B16: 72156 | C16: 97743 | D16: 18845 | E16: 20358 | F16: 258471 | G16: 4686 | H16: 7996 | I16: 507976 | J16: 87890 | K16: 8024 | L16: 37742 | M16: 59724 | N16: 52589 | O16: 253256 | P16: 518396 | Q16: 4631 | R16: 25408 | S16: 25503 | T16: 358372 | U16: 506786 | V16: 55890 | W16: 7112 | X16: 20406 | Y16: 118176 | Z16: 1188 | AA16: 224573 | AB16: 11198 | AC16: 2592 | AD16: 23706 | AE16: 114139 | AF16: 288993 | AG16: 1439118 | AH16: 13364 | AI16: 491003 | AJ16: 849958 | AK16: 13420 | AL16: 43330 | AM16: 42618 | AN16: 787190 | AO16: 5655 | AP16: 0 | AQ16: 141920 | AR16: 282964 | AS16: 80563 | AT16: 812 | AU16: 150283 | AV16: 57843 | AW16: 48355 | AX16: 242256 | AY16: 652344
A17: 10 | B17: 72216 | C17: 97815 | D17: 18847 | E17: 20368 | F17: 258662 | G17: 4689 | H17: 8011 | I17: 508364 | J17: 87923 | K17: 8024 | L17: 37772 | M17: 59734 | N17: 52621 | O17: 253454 | P17: 518778 | Q17: 4635 | R17: 25429 | S17: 25503 | T17: 358578 | U17: 507098 | V17: 55925 | W17: 7114 | X17: 20422 | Y17: 118241 | Z17: 1188 | AA17: 224692 | AB17: 11199 | AC17: 2594 | AD17: 23717 | AE17: 114227 | AF17: 289274 | AG17: 1439853 | AH17: 13365 | AI17: 491022 | AJ17: 850683 | AK17: 13433 | AL17: 43346 | AM17: 42668 | AN17: 787763 | AO17: 5657 | AP17: 0 | AQ17: 142024 | AR17: 283173 | AS17: 80614 | AT17: 813 | AU17: 150389 | AV17: 57879 | AW17: 48389 | AX17: 242307 | AY17: 652695
A18: 11 | B18: 72280 | C18: 97830 | D18: 18848 | E18: 20372 | F18: 258843 | G18: 4692 | H18: 8025 | I18: 508735 | J18: 87943 | K18: 8025 | L18: 37797 | M18: 59745 | N18: 52653 | O18: 253640 | P18: 519208 | Q18: 4638 | R18: 25450 | S18: 25503 | T18: 358776 | U18: 507425 | V18: 55958 | W18: 7131 | X18: 20440 | Y18: 118303 | Z18: 1188 | AA18: 224813 | AB18: 11208 | AC18: 2595 | AD18: 23730 | AE18: 114315 | AF18: 289545 | AG18: 1440482 | AH18: 13366 | AI18: 491040 | AJ18: 851417 | AK18: 13446 | AL18: 43361 | AM18: 42713 | AN18: 788336 | AO18: 5658 | AP18: 0 | AQ18: 142123 | AR18: 283439 | AS18: 80662 | AT18: 814 | AU18: 150495 | AV18: 57917 | AW18: 48427 | AX18: 242357 | AY18: 653052
A19: 12 | B19: 72377 | C19: 97832 | D19: 18856 | E19: 20377 | F19: 259027 | G19: 4694 | H19: 8032 | I19: 509113 | J19: 87964 | K19: 8025 | L19: 37824 | M19: 59765 | N19: 52686 | O19: 253840 | P19: 519540 | Q19: 4642 | R19: 25470 | S19: 25503 | T19: 358971 | U19: 507760 | V19: 55991 | W19: 7142 | X19: 20459 | Y19: 118370 | Z19: 1188 | AA19: 224934 | AB19: 11214 | AC19: 2597 | AD19: 23741 | AE19: 114401 | AF19: 289820 | AG19: 1441078 | AH19: 13367 | AI19: 491058 | AJ19: 852132 | AK19: 13456 | AL19: 43377 | AM19: 42761 | AN19: 788968 | AO19: 5659 | AP19: 0 | AQ19: 142224 | AR19: 283661 | AS19: 80707 | AT19: 814 | AU19: 150604 | AV19: 57954 | AW19: 48455 | AX19: 242403 | AY19: 653411
... A38: 31 | B38: 73561 | C38: 99256 | D38: 18958 | E38: 20546 | F38: 262500 | G38: 4745 | H38: 8363 | I38: 516363 | J38: 88627 | K38: 8035 | L38: 38252 | M38: 60099 | N38: 53395 | O38: 257487 | P38: 527434 | Q38: 4717 | R38: 25771 | S38: 25503 | T38: 362479 | U38: 514211 | V38: 56678 | W38: 7245 | X38: 20897 | Y38: 119723 | Z38: 1201 | AA38: 227463 | AB38: 11252 | AC38: 2636 | AD38: 23939 | AE38: 116043 | AF38: 295045 | AG38: 1456427 | AH38: 13401 | AI38: 491398 | AJ38: 866569 | AK38: 13687 | AL38: 43665 | AM38: 44352 | AN38: 801039 | AO38: 5681 | AP38: 0 | AQ38: 144386 | AR38: 288064 | AS38: 81901 | AT38: 826 | AU38: 153048 | AV38: 58662 | AW38: 49042 | AX38: 244618 | AY38: 660211
