Workbook

Sheet TOTAL
A1: Site Name | B1: Day | C1: Month | D1: Year | E1: Total Electricity Kwh | F1: Electricity Tariff ($/Kwh) | G1: LPG (Kg) | H1: LPG $/Kg | I1: Water Utility Supply (m3) m3 | J1: Water Utility Supply (m3) $/m3 | K1: Irrigation Water (m3) m3 | L1: Irrigation water $/m3 | M1: Room Nights
A2: Seychelles | B2: 1 | C2: 6 | D2: 2021 | E2: ='Submetering '!O2+'Submetering '!P2+'Submetering '!Q2+'Submetering '!R2+'Submetering '!S2 -> 24577 | F2: =('FS Seychelles'!R3*'FS Seychelles'!S3)/TOTAL!E2 -> 0.25820645 | G2: ='Submetering '!AB2 -> 0 | H2: 18.9 | I2: ='FS Seychelles'!T3+'FS Seychelles'!V3+'FS Seychelles'!W3+'FS Seychelles'!X3 -> 469 | J2: 0 | K2: ='Submetering '!Z2 -> 60 | L2: 0 | M2: ='FS Seychelles'!B3 -> 54.22
A3: Seychelles | B3: =B2+1 -> 2 | C3: 6 | D3: 2021 | E3: ='Submetering '!O3+'Submetering '!P3+'Submetering '!Q3+'Submetering '!R3+'Submetering '!S3 -> 30096 | F3: =('FS Seychelles'!R4*'FS Seychelles'!S4)/TOTAL!E3 -> 0.26588982 | G3: ='Submetering '!AB3 -> 0 | H3: =H2 -> 18.9 | I3: ='FS Seychelles'!T4+'FS Seychelles'!V4+'FS Seychelles'!W4+'FS Seychelles'!X4 -> 366 | J3: =J2 -> 0 | K3: ='Submetering '!Z3 -> 74 | L3: =L2 -> 0 | M3: ='FS Seychelles'!B4 -> 55.81
A4: Seychelles | B4: =B3+1 -> 3 | C4: 6 | D4: 2021 | E4: ='Submetering '!O4+'Submetering '!P4+'Submetering '!Q4+'Submetering '!R4+'Submetering '!S4 -> 28507.75 | F4: =('FS Seychelles'!R5*'FS Seychelles'!S5)/TOTAL!E4 -> 0.25618341 | G4: ='Submetering '!AB4 -> 0 | H4: =H3 -> 18.9 | I4: ='FS Seychelles'!T5+'FS Seychelles'!V5+'FS Seychelles'!W5+'FS Seychelles'!X5 -> 439 | J4: =J3 -> 0 | K4: ='Submetering '!Z4 -> 76.5 | L4: =L3 -> 0 | M4: ='FS Seychelles'!B5 -> 61.73
A5: Seychelles | B5: =B4+1 -> 4 | C5: 6 | D5: 2021 | E5: ='Submetering '!O5+'Submetering '!P5+'Submetering '!Q5+'Submetering '!R5+'Submetering '!S5 -> 28507.75 | F5: =('FS Seychelles'!R6*'FS Seychelles'!S6)/TOTAL!E5 -> 0.25618341 | G5: ='Submetering '!AB5 -> 0 | H5: =H4 -> 18.9 | I5: ='FS Seychelles'!T6+'FS Seychelles'!V6+'FS Seychelles'!W6+'FS Seychelles'!X6 -> 439 | J5: =J4 -> 0 | K5: ='Submetering '!Z5 -> 76.5 | L5: =L4 -> 0 | M5: ='FS Seychelles'!B6 -> 60.49
A6: Seychelles | B6: =B5+1 -> 5 | C6: 6 | D6: 2021 | E6: ='Submetering '!O6+'Submetering '!P6+'Submetering '!Q6+'Submetering '!R6+'Submetering '!S6 -> 29528 | F6: =('FS Seychelles'!R7*'FS Seychelles'!S7)/TOTAL!E6 -> 0.27832633 | G6: ='Submetering '!AB6 -> 0 | H6: =H5 -> 18.9 | I6: ='FS Seychelles'!T7+'FS Seychelles'!V7+'FS Seychelles'!W7+'FS Seychelles'!X7 -> 439 | J6: =J5 -> 0 | K6: ='Submetering '!Z6 -> 76.5 | L6: =L5 -> 0 | M6: ='FS Seychelles'!B7 -> 61.04
A7: Seychelles | B7: =B6+1 -> 6 | C7: 6 | D7: 2021 | E7: ='Submetering '!O7+'Submetering '!P7+'Submetering '!Q7+'Submetering '!R7+'Submetering '!S7 -> 25779 | F7: =('FS Seychelles'!R8*'FS Seychelles'!S8)/TOTAL!E7 -> 0.24817254 | G7: ='Submetering '!AB7 -> 0 | H7: =H6 -> 18.9 | I7: ='FS Seychelles'!T8+'FS Seychelles'!V8+'FS Seychelles'!W8+'FS Seychelles'!X8 -> 379 | J7: =J6 -> 0 | K7: ='Submetering '!Z7 -> 72 | L7: =L6 -> 0 | M7: ='FS Seychelles'!B8 -> 46.75
A8: Seychelles | B8: =B7+1 -> 7 | C8: 6 | D8: 2021 | E8: ='Submetering '!O8+'Submetering '!P8+'Submetering '!Q8+'Submetering '!R8+'Submetering '!S8 -> 30423 | F8: =('FS Seychelles'!R9*'FS Seychelles'!S9)/TOTAL!E8 -> 0.27180916 | G8: ='Submetering '!AB8 -> 0 | H8: =H7 -> 18.9 | I8: ='FS Seychelles'!T9+'FS Seychelles'!V9+'FS Seychelles'!W9+'FS Seychelles'!X9 -> 435 | J8: =J7 -> 0 | K8: ='Submetering '!Z8 -> 76 | L8: =L7 -> 0 | M8: ='FS Seychelles'!B9 -> 48.05
A9: Seychelles | B9: =B8+1 -> 8 | C9: 6 | D9: 2021 | E9: ='Submetering '!O9+'Submetering '!P9+'Submetering '!Q9+'Submetering '!R9+'Submetering '!S9 -> 28427 | F9: =('FS Seychelles'!R10*'FS Seychelles'!S10)/TOTAL!E9 -> 0.25264291 | G9: ='Submetering '!AB9 -> 0 | H9: =H8 -> 18.9 | I9: ='FS Seychelles'!T10+'FS Seychelles'!V10+'FS Seychelles'!W10+'FS Seychelles'!X10 -> 439 | J9: =J8 -> 0 | K9: ='Submetering '!Z9 -> 76.5 | L9: =L8 -> 0 | M9: ='FS Seychelles'!B10 -> 51.95
A10: Seychelles | B10: =B9+1 -> 9 | C10: 6 | D10: 2021 | E10: ='Submetering '!O10+'Submetering '!P10+'Submetering '!Q10+'Submetering '!R10+'Submetering '!S10 -> 27846 | F10: =('FS Seychelles'!R11*'FS Seychelles'!S11)/TOTAL!E10 -> 0.25672987 | G10: ='Submetering '!AB10 -> 0 | H10: =H9 -> 18.9 | I10: ='FS Seychelles'!T11+'FS Seychelles'!V11+'FS Seychelles'!W11+'FS Seychelles'!X11 -> 413 | J10: =J9 -> 0 | K10: ='Submetering '!Z10 -> 86 | L10: =L9 -> 0 | M10: ='FS Seychelles'!B11 -> 55.84
A11: Seychelles | B11: =B10+1 -> 10 | C11: 6 | D11: 2021 | E11: ='Submetering '!O11+'Submetering '!P11+'Submetering '!Q11+'Submetering '!R11+'Submetering '!S11 -> 29658 | F11: =('FS Seychelles'!R12*'FS Seychelles'!S12)/TOTAL!E11 -> 0.24899218 | G11: ='Submetering '!AB11 -> 0 | H11: =H10 -> 18.9 | I11: ='FS Seychelles'!T12+'FS Seychelles'!V12+'FS Seychelles'!W12+'FS Seychelles'!X12 -> 459 | J11: =J10 -> 0 | K11: ='Submetering '!Z11 -> 84 | L11: =L10 -> 0 | M11: ='FS Seychelles'!B12 -> 58.44
A12: Seychelles | B12: =B11+1 -> 11 | C12: 6 | D12: 2021 | E12: ='Submetering '!O12+'Submetering '!P12+'Submetering '!Q12+'Submetering '!R12+'Submetering '!S12 -> 29271 | F12: =('FS Seychelles'!R13*'FS Seychelles'!S13)/TOTAL!E12 -> 0.26925114 | G12: ='Submetering '!AB12 -> 0 | H12: =H11 -> 18.9 | I12: ='FS Seychelles'!T13+'FS Seychelles'!V13+'FS Seychelles'!W13+'FS Seychelles'!X13 -> 490 | J12: =J11 -> 0 | K12: ='Submetering '!Z12 -> 82 | L12: =L11 -> 0 | M12: ='FS Seychelles'!B13 -> 55.84
A13: Seychelles | B13: =B12+1 -> 12 | C13: 6 | D13: 2021 | E13: ='Submetering '!O13+'Submetering '!P13+'Submetering '!Q13+'Submetering '!R13+'Submetering '!S13 -> 27130 | F13: =('FS Seychelles'!R14*'FS Seychelles'!S14)/TOTAL!E13 -> 0.27062035 | G13: ='Submetering '!AB13 -> 0 | H13: =H12 -> 18.9 | I13: ='FS Seychelles'!T14+'FS Seychelles'!V14+'FS Seychelles'!W14+'FS Seychelles'!X14 -> 501 | J13: =J12 -> 0 | K13: ='Submetering '!Z13 -> 78 | L13: =L12 -> 0 | M13: ='FS Seychelles'!B14 -> 51.94
A14: Seychelles | B14: =B13+1 -> 13 | C14: 6 | D14: 2021 | E14: ='Submetering '!O14+'Submetering '!P14+'Submetering '!Q14+'Submetering '!R14+'Submetering '!S14 -> 0 | F14: =('FS Seychelles'!R15*'FS Seychelles'!S15)/TOTAL!E14 -> #DIV/0! | G14: ='Submetering '!AB14 -> 0 | H14: =H13 -> 18.9 | I14: ='FS Seychelles'!T15+'FS Seychelles'!V15+'FS Seychelles'!W15+'FS Seychelles'!X15 -> 0 | J14: =J13 -> 0 | K14: ='Submetering '!Z14 -> 0 | L14: =L13 -> 0 | M14: ='FS Seychelles'!B15 -> 0
... A31: Seychelles | B31: =B30+1 -> 30 | C31: 6 | D31: 2021 | E31: ='Submetering '!O31+'Submetering '!P31+'Submetering '!Q31+'Submetering '!R31+'Submetering '!S31 -> 0 | F31: =('FS Seychelles'!R32*'FS Seychelles'!S32)/TOTAL!E31 -> #DIV/0! | G31: ='Submetering '!AB31 -> 0 | H31: =H30 -> 18.9 | I31: ='FS Seychelles'!T32+'FS Seychelles'!V32+'FS Seychelles'!W32+'FS Seychelles'!X32 -> 0 | J31: =J30 -> 0 | K31: ='Submetering '!Z31 -> 0 | L31: =L30 -> 0 | M31: ='FS Seychelles'!B32 -> 0
A32: Seychelles | D32: 2021 | E32: ='Submetering '!O32+'Submetering '!P32+'Submetering '!Q32+'Submetering '!R32+'Submetering '!S32 -> 0 | F32: =('FS Seychelles'!R33*'FS Seychelles'!S33)/TOTAL!E32 -> #DIV/0! | G32: ='Submetering '!AB32 -> 0 | H32: =H31 -> 18.9 | I32: ='FS Seychelles'!T33+'FS Seychelles'!V33+'FS Seychelles'!W33+'FS Seychelles'!X33 -> 0 | J32: =J31 -> 0 | K32: ='Submetering '!Z32 -> 0 | L32: =L31 -> 0 | M32: ='FS Seychelles'!B33 -> 0

Sheet Submetering 
A1: Site Name | B1: Day | C1: Month | D1: Year | E1: Room Night | F1: SS-A - KWh | G1: SS-B- KWh | H1: SS-C- KWh | I1: SS-D1- KWh | J1: SS-D2- KWh | K1: SS-E- KWh | L1: FIRE PUMP- KWh | M1: CASINO- KWh | N1: BOH- KWh | O1: Generator#1 - KWh | P1: Generator#2- KWh | Q1: Generator#3- KWh | R1: Generator#4- KWh | S1: Generator#5- KWh | T1: DIESEL - Liter | U1: BOH Water- m3 | V1: E-Resort- m3 | W1: North RVs- m3 | X1: WT59- m3 | Y1: WT08- m3 | Z1: PUC (HOH)- m3 | AA1: PUC (Resort) - m3 | AB1: LPG (Kg)
A2: Seychelles | B2: 1 | C2: 6 | D2: 2021 | E2: ='FS Seychelles'!B3 -> 54.22 | F2: ='FS Seychelles'!D3*1000 -> 2993.664 | G2: ='FS Seychelles'!E3*1000 -> 5147.136 | H2: ='FS Seychelles'!F3*1000 -> 5300.736 | I2: ='FS Seychelles'!G3*1000 -> 2060.8 | J2: ='FS Seychelles'!H3*1000 -> 2640.64 | K2: ='FS Seychelles'!I3*1000 -> 3711.744 | L2: ='FS Seychelles'!J3*1000 -> 1291.264 | M2: ='FS Seychelles'!K3*1000 -> 1611.008 | N2: ='FS Seychelles'!L3*1000 -> 3744.256 | O2: ='FS Seychelles'!M3 -> 0 | P2: ='FS Seychelles'!N3 -> 0 | Q2: ='FS Seychelles'!O3 -> 15044 | R2: ='FS Seychelles'!P3 -> 9533 | S2: ='FS Seychelles'!Q3 -> 0 | T2: ='FS Seychelles'!R3 -> 6751 | U2: ='FS Seychelles'!T3 -> 62 | V2: ='FS Seychelles'!U3 -> 30 | W2: ='FS Seychelles'!V3 -> 163 | X2: ='FS Seychelles'!W3 -> 87 | Y2: ='FS Seychelles'!X3 -> 157 | Z2: ='FS Seychelles'!Y3 -> 60 | AA2: ='FS Seychelles'!Z3 -> 0 | AB2: =('FS Seychelles'!AC9+'FS Seychelles'!AC15)/30 -> 0
A3: Seychelles | B3: =B2+1 -> 2 | C3: 6 | D3: 2021 | E3: ='FS Seychelles'!B4 -> 55.81 | F3: ='FS Seychelles'!D4*1000 -> 3113.728 | G3: ='FS Seychelles'!E4*1000 -> 5632 | H3: ='FS Seychelles'!F4*1000 -> 5223.424 | I3: ='FS Seychelles'!G4*1000 -> 2289.92 | J3: ='FS Seychelles'!H4*1000 -> 2815.744 | K3: ='FS Seychelles'!I4*1000 -> 3651.328 | L3: ='FS Seychelles'!J4*1000 -> 1252.608 | M3: ='FS Seychelles'!K4*1000 -> 1615.872 | N3: ='FS Seychelles'!L4*1000 -> 3669.504 | O3: ='FS Seychelles'!M4 -> 0 | P3: ='FS Seychelles'!N4 -> 2517 | Q3: ='FS Seychelles'!O4 -> 13794 | R3: ='FS Seychelles'!P4 -> 13785 | S3: ='FS Seychelles'!Q4 -> 0 | T3: ='FS Seychelles'!R4 -> 8513 | U3: ='FS Seychelles'!T4 -> 55 | V3: ='FS Seychelles'!U4 -> 31 | W3: ='FS Seychelles'!V4 -> 68 | X3: ='FS Seychelles'!W4 -> 113 | Y3: ='FS Seychelles'!X4 -> 130 | Z3: ='FS Seychelles'!Y4 -> 74 | AA3: ='FS Seychelles'!Z4 -> 0 | AB3: =('FS Seychelles'!AC10+'FS Seychelles'!AC16)/30 -> 0
A4: Seychelles | B4: =B3+1 -> 3 | C4: 6 | D4: 2021 | E4: ='FS Seychelles'!B5 -> 61.73 | F4: ='FS Seychelles'!D5*1000 -> 2813.696 | G4: ='FS Seychelles'!E5*1000 -> 4755.456 | H4: ='FS Seychelles'!F5*1000 -> 4891.648 | I4: ='FS Seychelles'!G5*1000 -> 2149.888 | J4: ='FS Seychelles'!H5*1000 -> 2117.632 | K4: ='FS Seychelles'!I5*1000 -> 3074.304 | L4: ='FS Seychelles'!J5*1000 -> 1325.696 | M4: ='FS Seychelles'!K5*1000 -> 1444.608 | N4: ='FS Seychelles'!L5*1000 -> 3429.888 | O4: ='FS Seychelles'!M5 -> 0 | P4: ='FS Seychelles'!N5 -> 8964.875 | Q4: ='FS Seychelles'!O5 -> 7225.5 | R4: ='FS Seychelles'!P5 -> 3310 | S4: ='FS Seychelles'!Q5 -> 9007.375 | T4: ='FS Seychelles'!R5 -> 7769.375 | U4: ='FS Seychelles'!T5 -> 62.125 | V4: ='FS Seychelles'!U5 -> 42.5 | W4: ='FS Seychelles'!V5 -> 90 | X4: ='FS Seychelles'!W5 -> 126.75 | Y4: ='FS Seychelles'!X5 -> 160.125 | Z4: ='FS Seychelles'!Y5 -> 76.5 | AA4: ='FS Seychelles'!Z5 -> 0 | AB4: =('FS Seychelles'!AC11+'FS Seychelles'!AC17)/30 -> 0
A5: Seychelles | B5: =B4+1 -> 4 | C5: 6 | D5: 2021 | E5: ='FS Seychelles'!B6 -> 60.49 | F5: ='FS Seychelles'!D6*1000 -> 3243.52 | G5: ='FS Seychelles'!E6*1000 -> 5344.768 | H5: ='FS Seychelles'!F6*1000 -> 5228.032 | I5: ='FS Seychelles'!G6*1000 -> 2223.36 | J5: ='FS Seychelles'!H6*1000 -> 2482.176 | K5: ='FS Seychelles'!I6*1000 -> 3184.128 | L5: ='FS Seychelles'!J6*1000 -> 1318.528 | M5: ='FS Seychelles'!K6*1000 -> 1652.992 | N5: ='FS Seychelles'!L6*1000 -> 3472.384 | O5: ='FS Seychelles'!M6 -> 0 | P5: ='FS Seychelles'!N6 -> 8964.875 | Q5: ='FS Seychelles'!O6 -> 7225.5 | R5: ='FS Seychelles'!P6 -> 3310 | S5: ='FS Seychelles'!Q6 -> 9007.375 | T5: ='FS Seychelles'!R6 -> 7769.375 | U5: ='FS Seychelles'!T6 -> 62.125 | V5: ='FS Seychelles'!U6 -> 42.5 | W5: ='FS Seychelles'!V6 -> 90 | X5: ='FS Seychelles'!W6 -> 126.75 | Y5: ='FS Seychelles'!X6 -> 160.125 | Z5: ='FS Seychelles'!Y6 -> 76.5 | AA5: ='FS Seychelles'!Z6 -> 0 | AB5: =('FS Seychelles'!AC12+'FS Seychelles'!AC18)/30 -> 0
A6: Seychelles | B6: =B5+1 -> 5 | C6: 6 | D6: 2021 | E6: ='FS Seychelles'!B7 -> 61.04 | F6: ='FS Seychelles'!D7*1000 -> 3214.336 | G6: ='FS Seychelles'!E7*1000 -> 5347.84 | H6: ='FS Seychelles'!F7*1000 -> 5135.872 | I6: ='FS Seychelles'!G7*1000 -> 2189.568 | J6: ='FS Seychelles'!H7*1000 -> 2377.472 | K6: ='FS Seychelles'!I7*1000 -> 3096.064 | L6: ='FS Seychelles'!J7*1000 -> 1384.064 | M6: ='FS Seychelles'!K7*1000 -> 1626.368 | N6: ='FS Seychelles'!L7*1000 -> 3472.896 | O6: ='FS Seychelles'!M7 -> 0 | P6: ='FS Seychelles'!N7 -> 9488 | Q6: ='FS Seychelles'!O7 -> 5292 | R6: ='FS Seychelles'!P7 -> 10027 | S6: ='FS Seychelles'!Q7 -> 4721 | T6: ='FS Seychelles'!R7 -> 8743 | U6: ='FS Seychelles'!T7 -> 62.125 | V6: ='FS Seychelles'!U7 -> 42.5 | W6: ='FS Seychelles'!V7 -> 90 | X6: ='FS Seychelles'!W7 -> 126.75 | Y6: ='FS Seychelles'!X7 -> 160.125 | Z6: ='FS Seychelles'!Y7 -> 76.5 | AA6: ='FS Seychelles'!Z7 -> 0 | AB6: =('FS Seychelles'!AC13+'FS Seychelles'!AC19)/30 -> 0
A7: Seychelles | B7: =B6+1 -> 6 | C7: 6 | D7: 2021 | E7: ='FS Seychelles'!B8 -> 46.75 | F7: ='FS Seychelles'!D8*1000 -> 2912.256 | G7: ='FS Seychelles'!E8*1000 -> 5168.128 | H7: ='FS Seychelles'!F8*1000 -> 4984.32 | I7: ='FS Seychelles'!G8*1000 -> 1952.768 | J7: ='FS Seychelles'!H8*1000 -> 2149.376 | K7: ='FS Seychelles'!I8*1000 -> 2966.272 | L7: ='FS Seychelles'!J8*1000 -> 1387.136 | M7: ='FS Seychelles'!K8*1000 -> 1836.288 | N7: ='FS Seychelles'!L8*1000 -> 3352.064 | O7: ='FS Seychelles'!M8 -> 0 | P7: ='FS Seychelles'!N8 -> 9110 | Q7: ='FS Seychelles'!O8 -> 5996 | R7: ='FS Seychelles'!P8 -> 0 | S7: ='FS Seychelles'!Q8 -> 10673 | T7: ='FS Seychelles'!R8 -> 6806 | U7: ='FS Seychelles'!T8 -> 57 | V7: ='FS Seychelles'!U8 -> 39 | W7: ='FS Seychelles'!V8 -> 64 | X7: ='FS Seychelles'!W8 -> 132 | Y7: ='FS Seychelles'!X8 -> 126 | Z7: ='FS Seychelles'!Y8 -> 72 | AA7: ='FS Seychelles'!Z8 -> 0 | AB7: =('FS Seychelles'!AC14+'FS Seychelles'!AC20)/30 -> 0
A8: Seychelles | B8: =B7+1 -> 7 | C8: 6 | D8: 2021 | E8: ='FS Seychelles'!B9 -> 48.05 | F8: ='FS Seychelles'!D9*1000 -> 3092.48 | G8: ='FS Seychelles'!E9*1000 -> 5498.88 | H8: ='FS Seychelles'!F9*1000 -> 5052.928 | I8: ='FS Seychelles'!G9*1000 -> 1999.872 | J8: ='FS Seychelles'!H9*1000 -> 2251.52 | K8: ='FS Seychelles'!I9*1000 -> 3001.6 | L8: ='FS Seychelles'!J9*1000 -> 1405.952 | M8: ='FS Seychelles'!K9*1000 -> 1652.736 | N8: ='FS Seychelles'!L9*1000 -> 3575.808 | O8: ='FS Seychelles'!M9 -> 0 | P8: ='FS Seychelles'!N9 -> 8485 | Q8: ='FS Seychelles'!O9 -> 6573 | R8: ='FS Seychelles'!P9 -> 6813 | S8: ='FS Seychelles'!Q9 -> 8552 | T8: ='FS Seychelles'!R9 -> 8525 | U8: ='FS Seychelles'!T9 -> 69 | V8: ='FS Seychelles'!U9 -> 51 | W8: ='FS Seychelles'!V9 -> 85 | X8: ='FS Seychelles'!W9 -> 130 | Y8: ='FS Seychelles'!X9 -> 151 | Z8: ='FS Seychelles'!Y9 -> 76 | AA8: ='FS Seychelles'!Z9 -> 0 | AB8: =('FS Seychelles'!AC15+'FS Seychelles'!AC21)/30 -> 0
A9: Seychelles | B9: =B8+1 -> 8 | C9: 6 | D9: 2021 | E9: ='FS Seychelles'!B10 -> 51.95 | F9: ='FS Seychelles'!D10*1000 -> 3054.08 | G9: ='FS Seychelles'!E10*1000 -> 5488.128 | H9: ='FS Seychelles'!F10*1000 -> 5036.544 | I9: ='FS Seychelles'!G10*1000 -> 1992.448 | J9: ='FS Seychelles'!H10*1000 -> 2503.936 | K9: ='FS Seychelles'!I10*1000 -> 3002.112 | L9: ='FS Seychelles'!J10*1000 -> 1406.848 | M9: ='FS Seychelles'!K10*1000 -> 1561.856 | N9: ='FS Seychelles'!L10*1000 -> 3661.312 | O9: ='FS Seychelles'!M10 -> 0 | P9: ='FS Seychelles'!N10 -> 10164 | Q9: ='FS Seychelles'!O10 -> 4991 | R9: ='FS Seychelles'!P10 -> 0 | S9: ='FS Seychelles'!Q10 -> 13272 | T9: ='FS Seychelles'!R10 -> 7404 | U9: ='FS Seychelles'!T10 -> 62.125 | V9: ='FS Seychelles'!U10 -> 42.5 | W9: ='FS Seychelles'!V10 -> 90 | X9: ='FS Seychelles'!W10 -> 126.75 | Y9: ='FS Seychelles'!X10 -> 160.125 | Z9: ='FS Seychelles'!Y10 -> 76.5 | AA9: ='FS Seychelles'!Z10 -> 0 | AB9: =('FS Seychelles'!AC16+'FS Seychelles'!AC22)/30 -> 0
A10: Seychelles | B10: =B9+1 -> 9 | C10: 6 | D10: 2021 | E10: ='FS Seychelles'!B11 -> 55.84 | F10: ='FS Seychelles'!D11*1000 -> 2715.648 | G10: ='FS Seychelles'!E11*1000 -> 5069.312 | H10: ='FS Seychelles'!F11*1000 -> 4932.608 | I10: ='FS Seychelles'!G11*1000 -> 1883.136 | J10: ='FS Seychelles'!H11*1000 -> 2219.264 | K10: ='FS Seychelles'!I11*1000 -> 2690.816 | L10: ='FS Seychelles'!J11*1000 -> 1433.472 | M10: ='FS Seychelles'!K11*1000 -> 1509.12 | N10: ='FS Seychelles'!L11*1000 -> 3670.016 | O10: ='FS Seychelles'!M11 -> 0 | P10: ='FS Seychelles'!N11 -> 8339 | Q10: ='FS Seychelles'!O11 -> 10654 | R10: ='FS Seychelles'!P11 -> 0 | S10: ='FS Seychelles'!Q11 -> 8853 | T10: ='FS Seychelles'!R11 -> 7370 | U10: ='FS Seychelles'!T11 -> 58 | V10: ='FS Seychelles'!U11 -> 37 | W10: ='FS Seychelles'!V11 -> 65 | X10: ='FS Seychelles'!W11 -> 136 | Y10: ='FS Seychelles'!X11 -> 154 | Z10: ='FS Seychelles'!Y11 -> 86 | AA10: ='FS Seychelles'!Z11 -> 0 | AB10: =('FS Seychelles'!AC17+'FS Seychelles'!AC23)/30 -> 0
A11: Seychelles | B11: =B10+1 -> 10 | C11: 6 | D11: 2021 | E11: ='FS Seychelles'!B12 -> 58.44 | F11: ='FS Seychelles'!D12*1000 -> 2963.456 | G11: ='FS Seychelles'!E12*1000 -> 5533.696 | H11: ='FS Seychelles'!F12*1000 -> 5329.92 | I11: ='FS Seychelles'!G12*1000 -> 2524.416 | J11: ='FS Seychelles'!H12*1000 -> 2486.016 | K11: ='FS Seychelles'!I12*1000 -> 3049.216 | L11: ='FS Seychelles'!J12*1000 -> 1401.856 | M11: ='FS Seychelles'!K12*1000 -> 1653.248 | N11: ='FS Seychelles'!L12*1000 -> 3668.992 | O11: ='FS Seychelles'!M12 -> 0 | P11: ='FS Seychelles'!N12 -> 10256 | Q11: ='FS Seychelles'!O12 -> 10710 | R11: ='FS Seychelles'!P12 -> 0 | S11: ='FS Seychelles'!Q12 -> 8692 | T11: ='FS Seychelles'!R12 -> 7613 | U11: ='FS Seychelles'!T12 -> 61 | V11: ='FS Seychelles'!U12 -> 42 | W11: ='FS Seychelles'!V12 -> 82 | X11: ='FS Seychelles'!W12 -> 149 | Y11: ='FS Seychelles'!X12 -> 167 | Z11: ='FS Seychelles'!Y12 -> 84 | AA11: ='FS Seychelles'!Z12 -> 0 | AB11: =('FS Seychelles'!AC18+'FS Seychelles'!AC24)/30 -> 0
A12: Seychelles | B12: =B11+1 -> 11 | C12: 6 | D12: 2021 | E12: ='FS Seychelles'!B13 -> 55.84 | F12: ='FS Seychelles'!D13*1000 -> 2903.296 | G12: ='FS Seychelles'!E13*1000 -> 5179.904 | H12: ='FS Seychelles'!F13*1000 -> 5193.728 | I12: ='FS Seychelles'!G13*1000 -> 2534.656 | J12: ='FS Seychelles'!H13*1000 -> 2458.368 | K12: ='FS Seychelles'!I13*1000 -> 3163.392 | L12: ='FS Seychelles'!J13*1000 -> 1093.632 | M12: ='FS Seychelles'!K13*1000 -> 1656.32 | N12: ='FS Seychelles'!L13*1000 -> 3460.608 | O12: ='FS Seychelles'!M13 -> 0 | P12: ='FS Seychelles'!N13 -> 6844 | Q12: ='FS Seychelles'!O13 -> 8677 | R12: ='FS Seychelles'!P13 -> 4836 | S12: ='FS Seychelles'!Q13 -> 8914 | T12: ='FS Seychelles'!R13 -> 8125 | U12: ='FS Seychelles'!T13 -> 63 | V12: ='FS Seychelles'!U13 -> 37 | W12: ='FS Seychelles'!V13 -> 83 | X12: ='FS Seychelles'!W13 -> 127 | Y12: ='FS Seychelles'!X13 -> 217 | Z12: ='FS Seychelles'!Y13 -> 82 | AA12: ='FS Seychelles'!Z13 -> 0 | AB12: =('FS Seychelles'!AC19+'FS Seychelles'!AC25)/30 -> 0
A13: Seychelles | B13: =B12+1 -> 12 | C13: 6 | D13: 2021 | E13: ='FS Seychelles'!B14 -> 51.94 | F13: ='FS Seychelles'!D14*1000 -> 2836.992 | G13: ='FS Seychelles'!E14*1000 -> 4963.328 | H13: ='FS Seychelles'!F14*1000 -> 5015.552 | I13: ='FS Seychelles'!G14*1000 -> 2461.952 | J13: ='FS Seychelles'!H14*1000 -> 2234.88 | K13: ='FS Seychelles'!I14*1000 -> 3075.84 | L13: ='FS Seychelles'!J14*1000 -> 1420.16 | M13: ='FS Seychelles'!K14*1000 -> 1733.12 | N13: ='FS Seychelles'!L14*1000 -> 3675.136 | O13: ='FS Seychelles'!M14 -> 0 | P13: ='FS Seychelles'!N14 -> 9033 | Q13: ='FS Seychelles'!O14 -> 4911 | R13: ='FS Seychelles'!P14 -> 4804 | S13: ='FS Seychelles'!Q14 -> 8382 | T13: ='FS Seychelles'!R14 -> 7569 | U13: ='FS Seychelles'!T14 -> 72 | V13: ='FS Seychelles'!U14 -> 73 | W13: ='FS Seychelles'!V14 -> 110 | X13: ='FS Seychelles'!W14 -> 140 | Y13: ='FS Seychelles'!X14 -> 179 | Z13: ='FS Seychelles'!Y14 -> 78 | AA13: ='FS Seychelles'!Z14 -> 0 | AB13: =('FS Seychelles'!AC20+'FS Seychelles'!AC26)/30 -> 0
A14: Seychelles | B14: =B13+1 -> 13 | C14: 6 | D14: 2021 | E14: ='FS Seychelles'!B15 -> 0 | F14: ='FS Seychelles'!D15*1000 -> 0 | G14: ='FS Seychelles'!E15*1000 -> 0 | H14: ='FS Seychelles'!F15*1000 -> 0 | I14: ='FS Seychelles'!G15*1000 -> 0 | J14: ='FS Seychelles'!H15*1000 -> 0 | K14: ='FS Seychelles'!I15*1000 -> 0 | L14: ='FS Seychelles'!J15*1000 -> 0 | M14: ='FS Seychelles'!K15*1000 -> 0 | N14: ='FS Seychelles'!L15*1000 -> 0 | O14: ='FS Seychelles'!M15 -> 0 | P14: ='FS Seychelles'!N15 -> 0 | Q14: ='FS Seychelles'!O15 -> 0 | R14: ='FS Seychelles'!P15 -> 0 | S14: ='FS Seychelles'!Q15 -> 0 | T14: ='FS Seychelles'!R15 -> 0 | U14: ='FS Seychelles'!T15 -> 0 | V14: ='FS Seychelles'!U15 -> 0 | W14: ='FS Seychelles'!V15 -> 0 | X14: ='FS Seychelles'!W15 -> 0 | Y14: ='FS Seychelles'!X15 -> 0 | Z14: ='FS Seychelles'!Y15 -> 0 | AA14: ='FS Seychelles'!Z15 -> 0 | AB14: =('FS Seychelles'!AC21+'FS Seychelles'!AC27)/30 -> 0
... A20: Seychelles | B20: =B19+1 -> 19 | C20: 6 | D20: 2021 | E20: ='FS Seychelles'!B21 -> 0 | F20: ='FS Seychelles'!D21*1000 -> 0 | G20: ='FS Seychelles'!E21*1000 -> 0 | H20: ='FS Seychelles'!F21*1000 -> 0 | I20: ='FS Seychelles'!G21*1000 -> 0 | J20: ='FS Seychelles'!H21*1000 -> 0 | K20: ='FS Seychelles'!I21*1000 -> 0 | L20: ='FS Seychelles'!J21*1000 -> 0 | M20: ='FS Seychelles'!K21*1000 -> 0 | N20: ='FS Seychelles'!L21*1000 -> 0 | O20: ='FS Seychelles'!M21 -> 0 | P20: ='FS Seychelles'!N21 -> 0 | Q20: ='FS Seychelles'!O21 -> 0 | R20: ='FS Seychelles'!P21 -> 0 | S20: ='FS Seychelles'!Q21 -> 0 | T20: ='FS Seychelles'!R21 -> 0 | U20: ='FS Seychelles'!T21 -> 0 | V20: ='FS Seychelles'!U21 -> 0 | W20: ='FS Seychelles'!V21 -> 0 | X20: ='FS Seychelles'!W21 -> 0 | Y20: ='FS Seychelles'!X21 -> 0 | Z20: ='FS Seychelles'!Y21 -> 0 | AA20: ='FS Seychelles'!Z21 -> 0 | AB20: =('FS Seychelles'!AC27+'FS Seychelles'!AC33)/30 -> 0
A21: Seychelles | B21: =B20+1 -> 20 | C21: 6 | D21: 2021 | E21: ='FS Seychelles'!B22 -> 0 | F21: ='FS Seychelles'!D22*1000 -> 0 | G21: ='FS Seychelles'!E22*1000 -> 0 | H21: ='FS Seychelles'!F22*1000 -> 0 | I21: ='FS Seychelles'!G22*1000 -> 0 | J21: ='FS Seychelles'!H22*1000 -> 0 | K21: ='FS Seychelles'!I22*1000 -> 0 | L21: ='FS Seychelles'!J22*1000 -> 0 | M21: ='FS Seychelles'!K22*1000 -> 0 | N21: ='FS Seychelles'!L22*1000 -> 0 | O21: ='FS Seychelles'!M22 -> 0 | P21: ='FS Seychelles'!N22 -> 0 | Q21: ='FS Seychelles'!O22 -> 0 | R21: ='FS Seychelles'!P22 -> 0 | S21: ='FS Seychelles'!Q23 -> 0 | T21: ='FS Seychelles'!R22 -> 0 | U21: ='FS Seychelles'!T22 -> 0 | V21: ='FS Seychelles'!U22 -> 0 | W21: ='FS Seychelles'!V22 -> 0 | X21: ='FS Seychelles'!W22 -> 0 | Y21: ='FS Seychelles'!X22 -> 0 | Z21: ='FS Seychelles'!Y22 -> 0 | AA21: ='FS Seychelles'!Z22 -> 0 | AB21: =('FS Seychelles'!AC28+'FS Seychelles'!AC34)/30 -> 0
A22: Seychelles | B22: =B21+1 -> 21 | C22: 6 | D22: 2021 | E22: ='FS Seychelles'!B23 -> 0 | F22: ='FS Seychelles'!D23*1000 -> 0 | G22: ='FS Seychelles'!E23*1000 -> 0 | H22: ='FS Seychelles'!F23*1000 -> 0 | I22: ='FS Seychelles'!G23*1000 -> 0 | J22: ='FS Seychelles'!H23*1000 -> 0 | K22: ='FS Seychelles'!I23*1000 -> 0 | L22: ='FS Seychelles'!J23*1000 -> 0 | M22: ='FS Seychelles'!K23*1000 -> 0 | N22: ='FS Seychelles'!L23*1000 -> 0 | O22: ='FS Seychelles'!M23 -> 0 | P22: ='FS Seychelles'!N23 -> 0 | Q22: ='FS Seychelles'!O23 -> 0 | R22: ='FS Seychelles'!P23 -> 0 | S22: ='FS Seychelles'!Q24 -> 0 | T22: ='FS Seychelles'!R23 -> 0 | U22: ='FS Seychelles'!T23 -> 0 | V22: ='FS Seychelles'!U23 -> 0 | W22: ='FS Seychelles'!V23 -> 0 | X22: ='FS Seychelles'!W23 -> 0 | Y22: ='FS Seychelles'!X23 -> 0 | Z22: ='FS Seychelles'!Y23 -> 0 | AA22: ='FS Seychelles'!Z23 -> 0 | AB22: =('FS Seychelles'!AC29+'FS Seychelles'!AC35)/30 -> 0
A23: Seychelles | B23: =B22+1 -> 22 | C23: 6 | D23: 2021 | E23: ='FS Seychelles'!B24 -> 0 | F23: ='FS Seychelles'!D24*1000 -> 0 | G23: ='FS Seychelles'!E24*1000 -> 0 | H23: ='FS Seychelles'!F24*1000 -> 0 | I23: ='FS Seychelles'!G24*1000 -> 0 | J23: ='FS Seychelles'!H24*1000 -> 0 | K23: ='FS Seychelles'!I24*1000 -> 0 | L23: ='FS Seychelles'!J24*1000 -> 0 | M23: ='FS Seychelles'!K24*1000 -> 0 | N23: ='FS Seychelles'!L24*1000 -> 0 | O23: ='FS Seychelles'!M24 -> 0 | P23: ='FS Seychelles'!N24 -> 0 | Q23: ='FS Seychelles'!O24 -> 0 | R23: ='FS Seychelles'!P24 -> 0 | S23: ='FS Seychelles'!Q25 -> 0 | T23: ='FS Seychelles'!R24 -> 0 | U23: ='FS Seychelles'!T24 -> 0 | V23: ='FS Seychelles'!U24 -> 0 | W23: ='FS Seychelles'!V24 -> 0 | X23: ='FS Seychelles'!W24 -> 0 | Y23: ='FS Seychelles'!X24 -> 0 | Z23: ='FS Seychelles'!Y24 -> 0 | AA23: ='FS Seychelles'!Z24 -> 0 | AB23: =('FS Seychelles'!AC30+'FS Seychelles'!AC36)/30 -> 0
A24: Seychelles | B24: =B23+1 -> 23 | C24: 6 | D24: 2021 | E24: ='FS Seychelles'!B25 -> 0 | F24: ='FS Seychelles'!D25*1000 -> 0 | G24: ='FS Seychelles'!E25*1000 -> 0 | H24: ='FS Seychelles'!F25*1000 -> 0 | I24: ='FS Seychelles'!G25*1000 -> 0 | J24: ='FS Seychelles'!H25*1000 -> 0 | K24: ='FS Seychelles'!I25*1000 -> 0 | L24: ='FS Seychelles'!J25*1000 -> 0 | M24: ='FS Seychelles'!K25*1000 -> 0 | N24: ='FS Seychelles'!L25*1000 -> 0 | O24: ='FS Seychelles'!M25 -> 0 | P24: ='FS Seychelles'!N25 -> 0 | Q24: ='FS Seychelles'!O25 -> 0 | R24: ='FS Seychelles'!P25 -> 0 | S24: ='FS Seychelles'!Q25 -> 0 | T24: ='FS Seychelles'!R25 -> 0 | U24: ='FS Seychelles'!T25 -> 0 | V24: ='FS Seychelles'!U25 -> 0 | W24: ='FS Seychelles'!V25 -> 0 | X24: ='FS Seychelles'!W25 -> 0 | Y24: ='FS Seychelles'!X25 -> 0 | Z24: ='FS Seychelles'!Y25 -> 0 | AA24: ='FS Seychelles'!Z25 -> 0 | AB24: =('FS Seychelles'!AC31+'FS Seychelles'!AC37)/30 -> 0
A25: Seychelles | B25: =B24+1 -> 24 | C25: 6 | D25: 2021 | E25: ='FS Seychelles'!B26 -> 0 | F25: ='FS Seychelles'!D26*1000 -> 0 | G25: ='FS Seychelles'!E26*1000 -> 0 | H25: ='FS Seychelles'!F26*1000 -> 0 | I25: ='FS Seychelles'!G26*1000 -> 0 | J25: ='FS Seychelles'!H26*1000 -> 0 | K25: ='FS Seychelles'!I26*1000 -> 0 | L25: ='FS Seychelles'!J26*1000 -> 0 | M25: ='FS Seychelles'!K26*1000 -> 0 | N25: ='FS Seychelles'!L26*1000 -> 0 | O25: ='FS Seychelles'!M26 -> 0 | P25: ='FS Seychelles'!N26 -> 0 | Q25: ='FS Seychelles'!O26 -> 0 | R25: ='FS Seychelles'!P26 -> 0 | S25: ='FS Seychelles'!Q26 -> 0 | T25: ='FS Seychelles'!R26 -> 0 | U25: ='FS Seychelles'!T26 -> 0 | V25: ='FS Seychelles'!U26 -> 0 | W25: ='FS Seychelles'!V26 -> 0 | X25: ='FS Seychelles'!W26 -> 0 | Y25: ='FS Seychelles'!X26 -> 0 | Z25: ='FS Seychelles'!Y26 -> 0 | AA25: ='FS Seychelles'!Z26 -> 0 | AB25: =('FS Seychelles'!AC32+'FS Seychelles'!AC38)/30 -> 0
A26: Seychelles | B26: =B25+1 -> 25 | C26: 6 | D26: 2021 | E26: ='FS Seychelles'!B27 -> 0 | F26: ='FS Seychelles'!D27*1000 -> 0 | G26: ='FS Seychelles'!E27*1000 -> 0 | H26: ='FS Seychelles'!F27*1000 -> 0 | I26: ='FS Seychelles'!G27*1000 -> 0 | J26: ='FS Seychelles'!H27*1000 -> 0 | K26: ='FS Seychelles'!I27*1000 -> 0 | L26: ='FS Seychelles'!J27*1000 -> 0 | M26: ='FS Seychelles'!K27*1000 -> 0 | N26: ='FS Seychelles'!L27*1000 -> 0 | O26: ='FS Seychelles'!M27 -> 0 | P26: ='FS Seychelles'!N27 -> 0 | Q26: ='FS Seychelles'!O27 -> 0 | R26: ='FS Seychelles'!P27 -> 0 | S26: ='FS Seychelles'!Q27 -> 0 | T26: ='FS Seychelles'!R27 -> 0 | U26: ='FS Seychelles'!T27 -> 0 | V26: ='FS Seychelles'!U27 -> 0 | W26: ='FS Seychelles'!V27 -> 0 | X26: ='FS Seychelles'!W27 -> 0 | Y26: ='FS Seychelles'!X27 -> 0 | Z26: ='FS Seychelles'!Y27 -> 0 | AA26: ='FS Seychelles'!Z27 -> 0 | AB26: =('FS Seychelles'!AC33+'FS Seychelles'!AC39)/30 -> 0
A27: Seychelles | B27: =B26+1 -> 26 | C27: 6 | D27: 2021 | E27: ='FS Seychelles'!B28 -> 0 | F27: ='FS Seychelles'!D28*1000 -> 0 | G27: ='FS Seychelles'!E28*1000 -> 0 | H27: ='FS Seychelles'!F28*1000 -> 0 | I27: ='FS Seychelles'!G28*1000 -> 0 | J27: ='FS Seychelles'!H28*1000 -> 0 | K27: ='FS Seychelles'!I28*1000 -> 0 | L27: ='FS Seychelles'!J28*1000 -> 0 | M27: ='FS Seychelles'!K28*1000 -> 0 | N27: ='FS Seychelles'!L28*1000 -> 0 | O27: ='FS Seychelles'!M28 -> 0 | P27: ='FS Seychelles'!N28 -> 0 | Q27: ='FS Seychelles'!O28 -> 0 | R27: ='FS Seychelles'!P28 -> 0 | S27: ='FS Seychelles'!Q28 -> 0 | T27: ='FS Seychelles'!R28 -> 0 | U27: ='FS Seychelles'!T28 -> 0 | V27: ='FS Seychelles'!U28 -> 0 | W27: ='FS Seychelles'!V28 -> 0 | X27: ='FS Seychelles'!W28 -> 0 | Y27: ='FS Seychelles'!X28 -> 0 | Z27: ='FS Seychelles'!Y28 -> 0 | AA27: ='FS Seychelles'!Z28 -> 0 | AB27: =('FS Seychelles'!AC34+'FS Seychelles'!AC40)/30 -> 0
A28: Seychelles | B28: =B27+1 -> 27 | C28: 6 | D28: 2021 | E28: ='FS Seychelles'!B29 -> 0 | F28: ='FS Seychelles'!D29*1000 -> 0 | G28: ='FS Seychelles'!E29*1000 -> 0 | H28: ='FS Seychelles'!F29*1000 -> 0 | I28: ='FS Seychelles'!G29*1000 -> 0 | J28: ='FS Seychelles'!H29*1000 -> 0 | K28: ='FS Seychelles'!I29*1000 -> 0 | L28: ='FS Seychelles'!J29*1000 -> 0 | M28: ='FS Seychelles'!K29*1000 -> 0 | N28: ='FS Seychelles'!L29*1000 -> 0 | O28: ='FS Seychelles'!M29 -> 0 | P28: ='FS Seychelles'!N29 -> 0 | Q28: ='FS Seychelles'!O29 -> 0 | R28: ='FS Seychelles'!P29 -> 0 | S28: ='FS Seychelles'!Q29 -> 0 | T28: ='FS Seychelles'!R29 -> 0 | U28: ='FS Seychelles'!T29 -> 0 | V28: ='FS Seychelles'!U29 -> 0 | W28: ='FS Seychelles'!V29 -> 0 | X28: ='FS Seychelles'!W29 -> 0 | Y28: ='FS Seychelles'!X29 -> 0 | Z28: ='FS Seychelles'!Y29 -> 0 | AA28: ='FS Seychelles'!Z29 -> 0 | AB28: =('FS Seychelles'!AC35+'FS Seychelles'!AC41)/30 -> 0
A29: Seychelles | B29: =B28+1 -> 28 | C29: 6 | D29: 2021 | E29: ='FS Seychelles'!B30 -> 0 | F29: ='FS Seychelles'!D30*1000 -> 0 | G29: ='FS Seychelles'!E30*1000 -> 0 | H29: ='FS Seychelles'!F30*1000 -> 0 | I29: ='FS Seychelles'!G30*1000 -> 0 | J29: ='FS Seychelles'!H30*1000 -> 0 | K29: ='FS Seychelles'!I30*1000 -> 0 | L29: ='FS Seychelles'!J30*1000 -> 0 | M29: ='FS Seychelles'!K30*1000 -> 0 | N29: ='FS Seychelles'!L30*1000 -> 0 | O29: ='FS Seychelles'!M30 -> 0 | P29: ='FS Seychelles'!N30 -> 0 | Q29: ='FS Seychelles'!O30 -> 0 | R29: ='FS Seychelles'!P30 -> 0 | S29: ='FS Seychelles'!Q30 -> 0 | T29: ='FS Seychelles'!R30 -> 0 | U29: ='FS Seychelles'!T30 -> 0 | V29: ='FS Seychelles'!U30 -> 0 | W29: ='FS Seychelles'!V30 -> 0 | X29: ='FS Seychelles'!W30 -> 0 | Y29: ='FS Seychelles'!X30 -> 0 | Z29: ='FS Seychelles'!Y30 -> 0 | AA29: ='FS Seychelles'!Z30 -> 0 | AB29: =('FS Seychelles'!AC36+'FS Seychelles'!AC42)/30 -> 0
A30: Seychelles | B30: =B29+1 -> 29 | C30: 6 | D30: 2021 | E30: ='FS Seychelles'!B31 -> 0 | F30: ='FS Seychelles'!D31*1000 -> 0 | G30: ='FS Seychelles'!E31*1000 -> 0 | H30: ='FS Seychelles'!F31*1000 -> 0 | I30: ='FS Seychelles'!G31*1000 -> 0 | J30: ='FS Seychelles'!H31*1000 -> 0 | K30: ='FS Seychelles'!I31*1000 -> 0 | L30: ='FS Seychelles'!J31*1000 -> 0 | M30: ='FS Seychelles'!K31*1000 -> 0 | N30: ='FS Seychelles'!L31*1000 -> 0 | O30: ='FS Seychelles'!M31 -> 0 | P30: ='FS Seychelles'!N31 -> 0 | Q30: ='FS Seychelles'!O31 -> 0 | R30: ='FS Seychelles'!P31 -> 0 | S30: ='FS Seychelles'!Q31 -> 0 | T30: ='FS Seychelles'!R31 -> 0 | U30: ='FS Seychelles'!T31 -> 0 | V30: ='FS Seychelles'!U31 -> 0 | W30: ='FS Seychelles'!V31 -> 0 | X30: ='FS Seychelles'!W31 -> 0 | Y30: ='FS Seychelles'!X31 -> 0 | Z30: ='FS Seychelles'!Y31 -> 0 | AA30: ='FS Seychelles'!Z31 -> 0 | AB30: =('FS Seychelles'!AC37+'FS Seychelles'!AC43)/30 -> 0
A31: Seychelles | B31: =B30+1 -> 30 | C31: 6 | D31: 2021 | E31: ='FS Seychelles'!B32 -> 0 | F31: ='FS Seychelles'!D32*1000 -> 0 | G31: ='FS Seychelles'!E32*1000 -> 0 | H31: ='FS Seychelles'!F32*1000 -> 0 | I31: ='FS Seychelles'!G32*1000 -> 0 | J31: ='FS Seychelles'!H32*1000 -> 0 | K31: ='FS Seychelles'!I32*1000 -> 0 | L31: ='FS Seychelles'!J32*1000 -> 0 | M31: ='FS Seychelles'!K32*1000 -> 0 | N31: ='FS Seychelles'!L32*1000 -> 0 | O31: ='FS Seychelles'!M32 -> 0 | P31: ='FS Seychelles'!N32 -> 0 | Q31: ='FS Seychelles'!O32 -> 0 | R31: ='FS Seychelles'!P32 -> 0 | S31: ='FS Seychelles'!Q32 -> 0 | T31: ='FS Seychelles'!R32 -> 0 | U31: ='FS Seychelles'!T32 -> 0 | V31: ='FS Seychelles'!U32 -> 0 | W31: ='FS Seychelles'!V32 -> 0 | X31: ='FS Seychelles'!W32 -> 0 | Y31: ='FS Seychelles'!X32 -> 0 | Z31: ='FS Seychelles'!Y32 -> 0 | AA31: ='FS Seychelles'!Z32 -> 0 | AB31: =('FS Seychelles'!AC38+'FS Seychelles'!AC44)/30 -> 0
A32: Seychelles | E32: ='FS Seychelles'!B33 -> 0 | F32: ='FS Seychelles'!D33*1000 -> 0 | G32: ='FS Seychelles'!E33*1000 -> 0 | H32: ='FS Seychelles'!F33*1000 -> 0 | I32: ='FS Seychelles'!G33*1000 -> 0 | J32: ='FS Seychelles'!H33*1000 -> 0 | K32: ='FS Seychelles'!I33*1000 -> 0 | L32: ='FS Seychelles'!J33*1000 -> 0 | M32: ='FS Seychelles'!K33*1000 -> 0 | N32: ='FS Seychelles'!L33*1000 -> 0 | O32: ='FS Seychelles'!M33 -> 0 | P32: ='FS Seychelles'!N33 -> 0 | Q32: ='FS Seychelles'!O33 -> 0 | R32: ='FS Seychelles'!P33 -> 0 | S32: ='FS Seychelles'!Q33 -> 0 | T32: ='FS Seychelles'!R33 -> 0 | U32: ='FS Seychelles'!T33 -> 0 | V32: ='FS Seychelles'!U33 -> 0 | W32: ='FS Seychelles'!V33 -> 0 | X32: ='FS Seychelles'!W33 -> 0 | Y32: ='FS Seychelles'!X33 -> 0 | Z32: ='FS Seychelles'!Y33 -> 0 | AA32: ='FS Seychelles'!Z33 -> 0 | AB32: =('FS Seychelles'!AC39+'FS Seychelles'!AC45)/30 -> 0
O33: =SUM(O2:O32) -> 0 | P33: =SUM(P2:P32) -> 92165.75 | Q33: =SUM(Q2:Q32) -> 101093 | R33: =SUM(R2:R32) -> 56418
R35: =SUM(O33:R33) -> 249676.75

Sheet FS Seychelles
A2: DATE | B2: Room Night % | C2: Food Covers (Customers) | D2: SS-A (KWH) | E2: SS-B (KWH) | F2: SS-C (KWH) | G2: SS-D1 (KWH) | H2: SS-D2 (KWH) | I2: SS-E (KWH) | J2: FIRE PUMP (KWH) | K2: CASINO (KWH) | L2: BOH (KWH) | M2: Generator#1 (KWH) | N2: Generator#2 (KWH) | O2: Generator#3 (KWH) | P2: Generator#4 (KWH) | Q2: Generator#5 (KWH) | R2: DIESEL (Liter) | S2: DIESEL TARIFF (Euro/Liter) | T2: BOH Water (m3) | U2: E-Resort (m3) | V2: North RVs (m3) | W2: WT59 (m3) | X2: WT08 (m3) | Y2: PUC HOH (m3) | Z2: PUC Eresort (m3) | AA2: LPG (Kg)
A3: 44348 | B3: 54.22 | C3: 476 | D3: 2.993664 | E3: 5.147136 | F3: 5.300736 | G3: 2.0608 | H3: 2.64064 | I3: 3.711744 | J3: 1.291264 | K3: 1.611008 | L3: 3.744256 | M3: 0 | N3: 0 | O3: 15044 | P3: 9533 | Q3: 0 | R3: =4033+2718 -> 6751 | S3: 0.94 | T3: 62 | U3: 30 | V3: 163 | W3: 87 | X3: 157 | Y3: 60 | Z3: 0 | AA3: CYLINDER DELIVERY (KG)
A4: 44349 | B4: 55.81 | C4: 315 | D4: 3.113728 | E4: 5.632 | F4: 5.223424 | G4: 2.28992 | H4: 2.815744 | I4: 3.651328 | J4: 1.252608 | K4: 1.615872 | L4: 3.669504 | M4: 0 | N4: 2517 | O4: 13794 | P4: 13785 | Q4: 0 | R4: =649+3680+4184 -> 8513 | S4: 0.94 | T4: 55 | U4: 31 | V4: 68 | W4: 113 | X4: 130 | Y4: 74 | Z4: 0 | AA4: Unit (kg) | AB4: Quantity | AC4: Sub total
A5: 44350 | B5: 61.73 | C5: 345 | D5: 2.813696 | E5: 4.755456 | F5: 4.891648 | G5: 2.149888 | H5: 2.117632 | I5: 3.074304 | J5: 1.325696 | K5: 1.444608 | L5: 3.429888 | M5: 0 | N5: 8964.875 | O5: 7225.5 | P5: 3310 | Q5: 9007.375 | R5: 7769.375 | S5: 0.94 | T5: 62.125 | U5: 42.5 | V5: 90 | W5: 126.75 | X5: 160.125 | Y5: 76.5 | Z5: 0 | AA5: 4.5
A6: 44351 | B6: 60.49 | C6: 359 | D6: 3.24352 | E6: 5.344768 | F6: 5.228032 | G6: 2.22336 | H6: 2.482176 | I6: 3.184128 | J6: 1.318528 | K6: 1.652992 | L6: 3.472384 | M6: 0 | N6: 8964.875 | O6: 7225.5 | P6: 3310 | Q6: 9007.375 | R6: 7769.375 | S6: 0.94 | T6: 62.125 | U6: 42.5 | V6: 90 | W6: 126.75 | X6: 160.125 | Y6: 76.5 | Z6: 0 | AA6: 9
A7: 44352 | B7: 61.04 | C7: 396 | D7: 3.214336 | E7: 5.34784 | F7: 5.135872 | G7: 2.189568 | H7: 2.377472 | I7: 3.096064 | J7: 1.384064 | K7: 1.626368 | L7: 3.472896 | M7: 0 | N7: 9488 | O7: 5292 | P7: 10027 | Q7: 4721 | R7: =2465+1429+3620+1229 -> 8743 | S7: 0.94 | T7: 62.125 | U7: 42.5 | V7: 90 | W7: 126.75 | X7: 160.125 | Y7: 76.5 | Z7: 0 | AA7: 5
A8: 44353 | B8: 46.75 | C8: 306 | D8: 2.912256 | E8: 5.168128 | F8: 4.98432 | G8: 1.952768 | H8: 2.149376 | I8: 2.966272 | J8: 1.387136 | K8: 1.836288 | L8: 3.352064 | M8: 0 | N8: 9110 | O8: 5996 | P8: 0 | Q8: 10673 | R8: =2380+1582+2844 -> 6806 | S8: 0.94 | T8: 57 | U8: 39 | V8: 64 | W8: 132 | X8: 126 | Y8: 72 | Z8: 0 | AA8: 20
A9: 44354 | B9: 48.05 | C9: 305 | D9: 3.09248 | E9: 5.49888 | F9: 5.052928 | G9: 1.999872 | H9: 2.25152 | I9: 3.0016 | J9: 1.405952 | K9: 1.652736 | L9: 3.575808 | M9: 0 | N9: 8485 | O9: 6573 | P9: 6813 | Q9: 8552 | R9: =2193+1780+2192+2360 -> 8525 | S9: 0.97 | T9: 69 | U9: 51 | V9: 85 | W9: 130 | X9: 151 | Y9: 76 | Z9: 0 | AA9: 24
A10: 44355 | B10: 51.95 | C10: 317 | D10: 3.05408 | E10: 5.488128 | F10: 5.036544 | G10: 1.992448 | H10: 2.503936 | I10: 3.002112 | J10: 1.406848 | K10: 1.561856 | L10: 3.661312 | M10: 0 | N10: 10164 | O10: 4991 | P10: 0 | Q10: 13272 | R10: =2664+1340+3400 -> 7404 | S10: 0.97 | T10: 62.125 | U10: 42.5 | V10: 90 | W10: 126.75 | X10: 160.125 | Y10: 76.5 | Z10: 0 | AB10: Total | AC10: =SUM(AC6:AC9) -> 0
A11: 44356 | B11: 55.84 | C11: 292 | D11: 2.715648 | E11: 5.069312 | F11: 4.932608 | G11: 1.883136 | H11: 2.219264 | I11: 2.690816 | J11: 1.433472 | K11: 1.50912 | L11: 3.670016 | M11: 0 | N11: 8339 | O11: 10654 | P11: 0 | Q11: 8853 | R11: =2163+2857+2350 -> 7370 | S11: 0.97 | T11: 58 | U11: 37 | V11: 65 | W11: 136 | X11: 154 | Y11: 86 | Z11: 0 | AA11: TRUCK DELIVERY (KG)
A12: 44357 | B12: 58.44 | D12: 2.963456 | E12: 5.533696 | F12: 5.32992 | G12: 2.524416 | H12: 2.486016 | I12: 3.049216 | J12: 1.401856 | K12: 1.653248 | L12: 3.668992 | M12: 0 | N12: 10256 | O12: 10710 | P12: 0 | Q12: 8692 | R12: =2403+2861+2349 -> 7613 | S12: 0.97 | T12: 61 | U12: 42 | V12: 82 | W12: 149 | X12: 167 | Y12: 84 | Z12: 0 | AB12: Sub Total
A13: 44358 | B13: 55.84 | D13: 2.903296 | E13: 5.179904 | F13: 5.193728 | G13: 2.534656 | H13: 2.458368 | I13: 3.163392 | J13: 1.093632 | K13: 1.65632 | L13: 3.460608 | M13: 0 | N13: 6844 | O13: 8677 | P13: 4836 | Q13: 8914 | R13: =2000+2353+1405+2367 -> 8125 | S13: 0.97 | T13: 63 | U13: 37 | V13: 83 | W13: 127 | X13: 217 | Y13: 82 | Z13: 0 | AA13: Sitronel
A14: 44359 | B14: 51.94 | D14: 2.836992 | E14: 4.963328 | F14: 5.015552 | G14: 2.461952 | H14: 2.23488 | I14: 3.07584 | J14: 1.42016 | K14: 1.73312 | L14: 3.675136 | M14: 0 | N14: 9033 | O14: 4911 | P14: 4804 | Q14: 8382 | R14: =2619+1339+1391+2220 -> 7569 | S14: 0.97 | T14: 72 | U14: 73 | V14: 110 | W14: 140 | X14: 179 | Y14: 78 | Z14: 0 | AA14: Zez
A15: 44360 | Z15: 0 | AB15: Total | AC15: =SUM(AB13:AC14) -> 0
A16: 44361 | Z16: 0
A17: 44362 | Z17: 0
A18: 44363 | Z18: 0
A19: 44364 | Z19: 0
A20: 44365 | Z20: 0
A21: 44366 | Z21: 0
A22: 44367 | Z22: 0
A23: 44368 | Z23: 0
A24: 44369 | Z24: 0
A25: 44370 | Z25: 0
A26: 44371 | Z26: 0
A27: 44372 | Z27: 0
... A32: 44377 | Z32: 0
