Workbook

Sheet TOTAL
A1: Site Name | B1: Day | C1: Month | D1: Year | E1: Total Electricity Kwh | F1: Electricity Tariff ($/Kwh) | G1: Natual Gas (m3) | H1: Natural Gas $/m3 | I1: Water Utility Supply (m3) m3 | J1: Water Utility Supply (m3) $/m3 | K1: Room Nights | L1: Total Guests | M1: Utilities day cost dh
A2: Mumbai | B2: 1 | C2: 5 | D2: 2021 | E2: =(IF('Daily HLP'!I4>0,'Daily HLP'!I4,0)) -> 15988 | F2: 9 | G2: =(IF('Daily HLP'!M4>0,'Daily HLP'!M4,0)) -> 334 | H2: 50 | I2: =(IF('Daily HLP'!P4>0,'Daily HLP'!P4,0)) -> 136 | J2: 100 | K2: =Occupancy!G2 -> 86 | L2: =Occupancy!F2 -> 140 | M2: =E2*F2+G2*H2+#REF!*#REF!+I2*J2 -> #REF!
A3: Mumbai | B3: =B2+1 -> 2 | C3: 5 | D3: 2021 | E3: =(IF('Daily HLP'!I5>0,'Daily HLP'!I5,0)) -> 15961 | F3: 9 | G3: =(IF('Daily HLP'!M5>0,'Daily HLP'!M5,0)) -> 445 | H3: 50 | I3: =(IF('Daily HLP'!P5>0,'Daily HLP'!P5,0)) -> 111 | J3: 100 | K3: =Occupancy!G3 -> 59 | L3: =Occupancy!F3 -> 83 | M3: =E3*F3+G3*H3+#REF!*#REF!+I3*J3 -> #REF!
A4: Mumbai | B4: =B3+1 -> 3 | C4: 5 | D4: 2021 | E4: =(IF('Daily HLP'!I6>0,'Daily HLP'!I6,0)) -> 16029 | F4: 9 | G4: =(IF('Daily HLP'!M6>0,'Daily HLP'!M6,0)) -> 438 | H4: 50 | I4: =(IF('Daily HLP'!P6>0,'Daily HLP'!P6,0)) -> 116 | J4: 100 | K4: =Occupancy!G4 -> 53 | L4: =Occupancy!F4 -> 49 | M4: =E4*F4+G4*H4+#REF!*#REF!+I4*J4 -> #REF!
A5: Mumbai | B5: =B4+1 -> 4 | C5: 5 | D5: 2021 | E5: =(IF('Daily HLP'!I7>0,'Daily HLP'!I7,0)) -> 16163 | F5: 9 | G5: =(IF('Daily HLP'!M7>0,'Daily HLP'!M7,0)) -> 584 | H5: 50 | I5: =(IF('Daily HLP'!P7>0,'Daily HLP'!P7,0)) -> 107 | J5: 100 | K5: =Occupancy!G5 -> 62 | L5: =Occupancy!F5 -> 81 | M5: =E5*F5+G5*H5+#REF!*#REF!+I5*J5 -> #REF!
A6: Mumbai | B6: =B5+1 -> 5 | C6: 5 | D6: 2021 | E6: =(IF('Daily HLP'!I8>0,'Daily HLP'!I8,0)) -> 15754 | F6: 9 | G6: =(IF('Daily HLP'!M8>0,'Daily HLP'!M8,0)) -> 287 | H6: 50 | I6: =(IF('Daily HLP'!P8>0,'Daily HLP'!P8,0)) -> 113 | J6: 100 | K6: =Occupancy!G6 -> 48 | L6: =Occupancy!F6 -> 64 | M6: =E6*F6+G6*H6+#REF!*#REF!+I6*J6 -> #REF!
A7: Mumbai | B7: =B6+1 -> 6 | C7: 5 | D7: 2021 | E7: =(IF('Daily HLP'!I9>0,'Daily HLP'!I9,0)) -> 15577 | F7: 9 | G7: =(IF('Daily HLP'!M9>0,'Daily HLP'!M9,0)) -> 477 | H7: 50 | I7: =(IF('Daily HLP'!P9>0,'Daily HLP'!P9,0)) -> 56 | J7: 100 | K7: =Occupancy!G7 -> 47 | L7: =Occupancy!F7 -> 41 | M7: =E7*F7+G7*H7+#REF!*#REF!+I7*J7 -> #REF!
A8: Mumbai | B8: =B7+1 -> 7 | C8: 5 | D8: 2021 | E8: =(IF('Daily HLP'!I10>0,'Daily HLP'!I10,0)) -> 14931 | F8: 9 | G8: =(IF('Daily HLP'!M10>0,'Daily HLP'!M10,0)) -> 348 | H8: 50 | I8: =(IF('Daily HLP'!P10>0,'Daily HLP'!P10,0)) -> 56 | J8: 100 | K8: =Occupancy!G8 -> 57 | L8: =Occupancy!F8 -> 71 | M8: =E8*F8+G8*H8+#REF!*#REF!+I8*J8 -> #REF!
A9: Mumbai | B9: =B8+1 -> 8 | C9: 5 | D9: 2021 | E9: =(IF('Daily HLP'!I11>0,'Daily HLP'!I11,0)) -> 19453 | F9: 9 | G9: =(IF('Daily HLP'!M11>0,'Daily HLP'!M11,0)) -> 613.48 | H9: 50 | I9: =(IF('Daily HLP'!P11>0,'Daily HLP'!P11,0)) -> 115 | J9: 100 | K9: =Occupancy!G9 -> 83 | L9: =Occupancy!F9 -> 282 | M9: =E9*F9+G9*H9+#REF!*#REF!+I9*J9 -> #REF!
A10: Mumbai | B10: =B9+1 -> 9 | C10: 5 | D10: 2021 | E10: =(IF('Daily HLP'!I12>0,'Daily HLP'!I12,0)) -> 15329 | F10: 9 | G10: =(IF('Daily HLP'!M12>0,'Daily HLP'!M12,0)) -> 523.52 | H10: 50 | I10: =(IF('Daily HLP'!P12>0,'Daily HLP'!P12,0)) -> 95 | J10: 100 | K10: =Occupancy!G10 -> 56 | L10: =Occupancy!F10 -> 189 | M10: =E10*F10+G10*H10+#REF!*#REF!+I10*J10 -> #REF!
A11: Mumbai | B11: =B10+1 -> 10 | C11: 5 | D11: 2021 | E11: =(IF('Daily HLP'!I13>0,'Daily HLP'!I13,0)) -> 15144 | F11: 9 | G11: =(IF('Daily HLP'!M13>0,'Daily HLP'!M13,0)) -> 243 | H11: 50 | I11: =(IF('Daily HLP'!P13>0,'Daily HLP'!P13,0)) -> 77 | J11: 100 | K11: =Occupancy!G11 -> 50 | L11: =Occupancy!F11 -> 72 | M11: =E11*F11+G11*H11+#REF!*#REF!+I11*J11 -> #REF!
A12: Mumbai | B12: =B11+1 -> 11 | C12: 5 | D12: 2021 | E12: =(IF('Daily HLP'!I14>0,'Daily HLP'!I14,0)) -> 14482.59 | F12: 9 | G12: =(IF('Daily HLP'!M14>0,'Daily HLP'!M14,0)) -> 333.69 | H12: 50 | I12: =(IF('Daily HLP'!P14>0,'Daily HLP'!P14,0)) -> 75 | J12: 100 | K12: =Occupancy!G12 -> 52 | L12: =Occupancy!F12 -> 52 | M12: =E12*F12+G12*H12+#REF!*#REF!+I12*J12 -> #REF!
A13: Mumbai | B13: =B12+1 -> 12 | C13: 5 | D13: 2021 | E13: =(IF('Daily HLP'!I15>0,'Daily HLP'!I15,0)) -> 15169.28 | F13: 9 | G13: =(IF('Daily HLP'!M15>0,'Daily HLP'!M15,0)) -> 436.43 | H13: 50 | I13: =(IF('Daily HLP'!P15>0,'Daily HLP'!P15,0)) -> 52 | J13: 100 | K13: =Occupancy!G13 -> 54 | L13: =Occupancy!F13 -> 45 | M13: =E13*F13+G13*H13+#REF!*#REF!+I13*J13 -> #REF!
A14: Mumbai | B14: =B13+1 -> 13 | C14: 5 | D14: 2021 | E14: =(IF('Daily HLP'!I16>0,'Daily HLP'!I16,0)) -> 14565.96 | F14: 9 | G14: =(IF('Daily HLP'!M16>0,'Daily HLP'!M16,0)) -> 650.88 | H14: 50 | I14: =(IF('Daily HLP'!P16>0,'Daily HLP'!P16,0)) -> 77 | J14: 100 | K14: =Occupancy!G14 -> 49 | L14: =Occupancy!F14 -> 60 | M14: =E14*F14+G14*H14+#REF!*#REF!+I14*J14 -> #REF!
... A31: Mumbai | B31: =B30+1 -> 30 | C31: 5 | D31: 2021 | E31: =(IF('Daily HLP'!I33>0,'Daily HLP'!I33,0)) -> 17872 | F31: 9 | G31: =(IF('Daily HLP'!M33>0,'Daily HLP'!M33,0)) -> 484 | H31: 50 | I31: =(IF('Daily HLP'!P33>0,'Daily HLP'!P33,0)) -> 138 | J31: 100 | K31: =Occupancy!G31 -> 76 | L31: =Occupancy!F31 -> 180 | M31: =E31*F31+G31*H31+#REF!*#REF!+I31*J31 -> #REF!
A32: Mumbai | B32: =B31+1 -> 31 | C32: 5 | D32: 2021 | E32: =(IF('Daily HLP'!I34>0,'Daily HLP'!I34,0)) -> 17744 | F32: 10 | G32: =(IF('Daily HLP'!M34>0,'Daily HLP'!M34,0)) -> 640 | H32: 50 | I32: =(IF('Daily HLP'!P34>0,'Daily HLP'!P34,0)) -> 121 | J32: 100 | K32: =Occupancy!G32 -> 69 | L32: =Occupancy!F32 -> 95

Sheet Submetering
A1: Site Name | B1: Day | C1: Month | D1: Year | E1: ='Section Load'!F4 -> HVAC | F1: ='Section Load'!G4 -> Fire & Emergency PP | G1: ='Section Load'!H4 -> Main PP | H1: ='Section Load'!I4 -> Lighting PP | I1: ='Section Load'!J4 -> CH-1+ CH2+CH3+CH4 | J1: ='Section Load'!K4 -> Chilled water Pump | K1: ='Section Load'!L4 -> Ball Room-1 | L1: ='Section Load'!M4 -> Ball Room-2 | ... AL1: ='Section Load'!AM4 -> Cooling Tower | AM1: R.o.plant | AN1: STP Water Prod | AO1: Domestic Zone-1 | AP1: Domestic Zone-2 | AQ1: Domestic Zone-3 | AR1: Flush Zone -1 | AS1: Flush Zone -2 | AT1: Flush Zone -3 | AU1: Swimming pool | AV1: B2 Laundry | AW1: Boiler Feed Water | AX1: cooling tower filling water | AY1: STP flush(new water meter) | AZ1: Garden Water Pump | BA1: Flush Zone 2 pump meter | BB1: Flush Zone 3 Pump Meter (wtp transfer ) | BC1: Flush Tanker-Zone-1 | BD1: Total Domestic Water (Tanker (R.O) +BMC) | BE1: Total Domestic Consumption | BF1: Total STP Consumption | BG1: ='Section Load'!AN4 -> MGL | BH1: ='Section Load'!AO4 -> HWG | BI1: ='Section Load'!AP4 -> Prato | BJ1: ='Section Load'!AQ4 -> BR-1 | BK1: ='Section Load'!AR4 -> SanQi IND | BL1: ='Section Load'!AS4 -> SanQi JPN | BM1: ='Section Load'!AT4 -> Boiler
A2: Mumbai | B2: 1 | C2: 5 | D2: 2021 | E2: =(IF('Section Load'!F5>0,'Section Load'!F5,0)) -> 2167.87 | F2: =(IF('Section Load'!G5>0,'Section Load'!G5,0)) -> 1282 | G2: =(IF('Section Load'!H5>0,'Section Load'!H5,0)) -> 1352 | H2: =(IF('Section Load'!I5>0,'Section Load'!I5,0)) -> 2595 | I2: =(IF('Section Load'!J5>0,'Section Load'!J5,0)) -> 4654.53 | J2: =(IF('Section Load'!K5>0,'Section Load'!K5,0)) -> 2319 | K2: =(IF('Section Load'!L5>0,'Section Load'!L5,0)) -> 949 | L2: =(IF('Section Load'!M5>0,'Section Load'!M5,0)) -> 634.8 | ... AL2: =(IF('Section Load'!AM5>0,'Section Load'!AM5,0)) -> 715 | AM2: =(IF('Water Report'!$D$7>0,'Water Report'!$D$7,0)) -> 52 | AN2: =(IF('Water Report'!$D$8>0,'Water Report'!$D$8,0)) -> 95 | AO2: =(IF('Water Report'!$D$9>0,'Water Report'!$D$9,0)) -> 72 | AP2: =(IF('Water Report'!$D$10>0,'Water Report'!$D$10,0)) -> 12 | AQ2: =(IF('Water Report'!$D$11>0,'Water Report'!$D$11,0)) -> 17 | AR2: =(IF('Water Report'!$D$13>0,'Water Report'!$D$13,0)) -> 5 | AS2: =(IF('Water Report'!$D$14>0,'Water Report'!$D$14,0)) -> 9 | AT2: =(IF('Water Report'!$D$15>0,'Water Report'!$D$15,0)) -> 5 | AU2: =(IF('Water Report'!$D$17>0,'Water Report'!$D$17,0)) -> 0 | AV2: =(IF('Water Report'!$D$18>0,'Water Report'!$D$18,0)) -> 0 | AW2: =(IF('Water Report'!$D$19>0,'Water Report'!$D$19,0)) -> 0 | AX2: =(IF('Water Report'!$D$21>0,'Water Report'!$D$21,0)) -> 85 | AY2: =(IF('Water Report'!$D$22>0,'Water Report'!$D$22,0)) -> 0 | AZ2: =(IF('Water Report'!$D$23>0,'Water Report'!$D$23,0)) -> 27 | BA2: =(IF('Water Report'!$D$14>0,'Water Report'!$D$14,0)) -> 9 | BB2: =(IF('Water Report'!$D$15>0,'Water Report'!$D$15,0)) -> 5 | BC2: =(IF('Water Report'!$D$13>0,'Water Report'!$D$13,0)) -> 5 | BD2: =(IF('Water Report'!$D$24>0,'Water Report'!$D$24,0)) -> 136 | BE2: =(IF('Water Report'!$D$25>0,'Water Report'!$D$25,0)) -> 115 | BF2: =(IF('Water Report'!$D$27>0,'Water Report'!$D$27,0)) -> 117 | BG2: =(IF('Section Load'!AN5>0,'Section Load'!AN5,0)) -> 334 | BH2: =(IF('Section Load'!AO5>0,'Section Load'!AO5,0)) -> 232.54 | BI2: =(IF('Section Load'!AP5>0,'Section Load'!AP5,0)) -> 0 | BJ2: =(IF('Section Load'!AQ5>0,'Section Load'!AQ5,0)) -> 59.56 | BK2: =(IF('Section Load'!AR5>0,'Section Load'!AR5,0)) -> 0 | BL2: =(IF('Section Load'!AS5>0,'Section Load'!AS5,0)) -> 0.3 | BM2: =(IF('Section Load'!AT5>0,'Section Load'!AT5,0)) -> 41.6
A3: Mumbai | B3: =B2+1 -> 2 | C3: 5 | D3: 2021 | E3: =(IF('Section Load'!F6>0,'Section Load'!F6,0)) -> 2008.13 | F3: =(IF('Section Load'!G6>0,'Section Load'!G6,0)) -> 1264 | G3: =(IF('Section Load'!H6>0,'Section Load'!H6,0)) -> 1301 | H3: =(IF('Section Load'!I6>0,'Section Load'!I6,0)) -> 2441 | I3: =(IF('Section Load'!J6>0,'Section Load'!J6,0)) -> 5001 | J3: =(IF('Section Load'!K6>0,'Section Load'!K6,0)) -> 2231 | K3: =(IF('Section Load'!L6>0,'Section Load'!L6,0)) -> 884 | L3: =(IF('Section Load'!M6>0,'Section Load'!M6,0)) -> 644.26 | ... AL3: =(IF('Section Load'!AM6>0,'Section Load'!AM6,0)) -> 712 | AM3: =(IF('Water Report'!$E$7>0,'Water Report'!$E$7,0)) -> 36 | AN3: =(IF('Water Report'!$E$8>0,'Water Report'!$E$8,0)) -> 101 | AO3: =(IF('Water Report'!$E$9>0,'Water Report'!$E$9,0)) -> 42 | AP3: =(IF('Water Report'!$E$10>0,'Water Report'!$E$10,0)) -> 12 | AQ3: =(IF('Water Report'!$E$11>0,'Water Report'!$E$11,0)) -> 18 | AR3: =(IF('Water Report'!$E$13>0,'Water Report'!$E$13,0)) -> 5 | AS3: =(IF('Water Report'!$E$14>0,'Water Report'!$E$14,0)) -> 4 | AT3: =(IF('Water Report'!$E$15>0,'Water Report'!$E$15,0)) -> 4 | AU3: =(IF('Water Report'!$E$17>0,'Water Report'!$E$17,0)) -> 0 | AV3: =(IF('Water Report'!$E$18>0,'Water Report'!$E$18,0)) -> 8 | AW3: =(IF('Water Report'!$E$19>0,'Water Report'!$E$19,0)) -> 3 | AX3: =(IF('Water Report'!$E$21>0,'Water Report'!$E$21,0)) -> 40 | AY3: =(IF('Water Report'!$E$22>0,'Water Report'!$E$22,0)) -> 0 | AZ3: =(IF('Water Report'!$E$23>0,'Water Report'!$E$23,0)) -> 0 | BA3: =(IF('Water Report'!$E$14>0,'Water Report'!$E$14,0)) -> 4 | BB3: =(IF('Water Report'!$E$15>0,'Water Report'!$E$15,0)) -> 4 | BC3: =(IF('Water Report'!$E$13>0,'Water Report'!$E$13,0)) -> 5 | BD3: =(IF('Water Report'!$E$24>0,'Water Report'!$E$24,0)) -> 111 | BE3: =(IF('Water Report'!$E$25>0,'Water Report'!$E$25,0)) -> 80 | BF3: =(IF('Water Report'!$E$27>0,'Water Report'!$E$27,0)) -> 45 | BG3: =(IF('Section Load'!AN6>0,'Section Load'!AN6,0)) -> 445 | BH3: =(IF('Section Load'!AO6>0,'Section Load'!AO6,0)) -> 203 | BI3: =(IF('Section Load'!AP6>0,'Section Load'!AP6,0)) -> 0 | BJ3: =(IF('Section Load'!AQ6>0,'Section Load'!AQ6,0)) -> 73 | BK3: =(IF('Section Load'!AR6>0,'Section Load'!AR6,0)) -> 0 | BL3: =(IF('Section Load'!AS6>0,'Section Load'!AS6,0)) -> 0 | BM3: =(IF('Section Load'!AT6>0,'Section Load'!AT6,0)) -> 169
A4: Mumbai | B4: =B3+1 -> 3 | C4: 5 | D4: 2021 | E4: =(IF('Section Load'!F7>0,'Section Load'!F7,0)) -> 2173.87 | F4: =(IF('Section Load'!G7>0,'Section Load'!G7,0)) -> 1224 | G4: =(IF('Section Load'!H7>0,'Section Load'!H7,0)) -> 1342 | H4: =(IF('Section Load'!I7>0,'Section Load'!I7,0)) -> 2337 | I4: =(IF('Section Load'!J7>0,'Section Load'!J7,0)) -> 4821 | J4: =(IF('Section Load'!K7>0,'Section Load'!K7,0)) -> 2220 | K4: =(IF('Section Load'!L7>0,'Section Load'!L7,0)) -> 1056 | L4: =(IF('Section Load'!M7>0,'Section Load'!M7,0)) -> 662.69 | ... AL4: =(IF('Section Load'!AM7>0,'Section Load'!AM7,0)) -> 818 | AM4: =(IF('Water Report'!$F$7>0,'Water Report'!$F$7,0)) -> 52 | AN4: =(IF('Water Report'!$F$8>0,'Water Report'!$F$8,0)) -> 111 | AO4: =(IF('Water Report'!$F$9>0,'Water Report'!$G$9,0)) -> 62 | AP4: =(IF('Water Report'!$F$10>0,'Water Report'!$F$10,0)) -> 17 | AQ4: =(IF('Water Report'!$F$11>0,'Water Report'!$F$11,0)) -> 15 | AR4: =(IF('Water Report'!$F$13>0,'Water Report'!$F$13,0)) -> 4 | AS4: =(IF('Water Report'!$F$14>0,'Water Report'!$F$14,0)) -> 6 | AT4: =(IF('Water Report'!$F$15>0,'Water Report'!$F$15,0)) -> 4 | AU4: =(IF('Water Report'!$F$17>0,'Water Report'!$F$17,0)) -> 0 | AV4: =(IF('Water Report'!$F$18>0,'Water Report'!$F$18,0)) -> 0 | AW4: =(IF('Water Report'!$F$19>0,'Water Report'!$F$19,0)) -> 3 | AX4: =(IF('Water Report'!$F$21>0,'Water Report'!$F$21,0)) -> 41 | AY4: =(IF('Water Report'!$F$22>0,'Water Report'!$F$22,0)) -> 0 | AZ4: =(IF('Water Report'!$F$23>0,'Water Report'!$F$23,0)) -> 22 | BA4: =(IF('Water Report'!$F$14>0,'Water Report'!$F$14,0)) -> 6 | BB4: =(IF('Water Report'!$F$15>0,'Water Report'!$F$15,0)) -> 4 | BC4: =(IF('Water Report'!$F$13>0,'Water Report'!$F$13,0)) -> 4 | BD4: =(IF('Water Report'!$F$24>0,'Water Report'!$F$24,0)) -> 116 | BE4: =(IF('Water Report'!$F$25>0,'Water Report'!$F$25,0)) -> 103 | BF4: =(IF('Water Report'!$F$27>0,'Water Report'!$F$27,0)) -> 67 | BG4: =(IF('Section Load'!AN7>0,'Section Load'!AN7,0)) -> 438 | BH4: =(IF('Section Load'!AO7>0,'Section Load'!AO7,0)) -> 197 | BI4: =(IF('Section Load'!AP7>0,'Section Load'!AP7,0)) -> 0 | BJ4: =(IF('Section Load'!AQ7>0,'Section Load'!AQ7,0)) -> 58 | BK4: =(IF('Section Load'!AR7>0,'Section Load'!AR7,0)) -> 0 | BL4: =(IF('Section Load'!AS7>0,'Section Load'!AS7,0)) -> 0 | BM4: =(IF('Section Load'!AT7>0,'Section Load'!AT7,0)) -> 183.4
A5: Mumbai | B5: =B4+1 -> 4 | C5: 5 | D5: 2021 | E5: =(IF('Section Load'!F8>0,'Section Load'!F8,0)) -> 2161 | F5: =(IF('Section Load'!G8>0,'Section Load'!G8,0)) -> 1213 | G5: =(IF('Section Load'!H8>0,'Section Load'!H8,0)) -> 1255 | H5: =(IF('Section Load'!I8>0,'Section Load'!I8,0)) -> 2251 | I5: =(IF('Section Load'!J8>0,'Section Load'!J8,0)) -> 5147 | J5: =(IF('Section Load'!K8>0,'Section Load'!K8,0)) -> 2199 | K5: =(IF('Section Load'!L8>0,'Section Load'!L8,0)) -> 1029 | L5: =(IF('Section Load'!M8>0,'Section Load'!M8,0)) -> 860.89 | ... AL5: =(IF('Section Load'!AM8>0,'Section Load'!AM8,0)) -> 816 | AM5: =(IF('Water Report'!$G$7>0,'Water Report'!$F$7,0)) -> 52 | AN5: =(IF('Water Report'!$G$8>0,'Water Report'!$F$8,0)) -> 111 | AO5: =(IF('Water Report'!$G$9>0,'Water Report'!$H$9,0)) -> 31 | AP5: =(IF('Water Report'!$G$10>0,'Water Report'!$G$10,0)) -> 9 | AQ5: =(IF('Water Report'!$G$11>0,'Water Report'!$G$11,0)) -> 18 | AR5: =(IF('Water Report'!$G$13>0,'Water Report'!$G$13,0)) -> 6 | AS5: =(IF('Water Report'!$G$14>0,'Water Report'!$G$14,0)) -> 5 | AT5: =(IF('Water Report'!$G$15>0,'Water Report'!$G$15,0)) -> 4 | AU5: =(IF('Water Report'!$G$17>0,'Water Report'!$G$17,0)) -> 0 | AV5: =(IF('Water Report'!$G$18>0,'Water Report'!$G$18,0)) -> 11 | AW5: =(IF('Water Report'!$G$19>0,'Water Report'!$G$19,0)) -> 9 | AX5: =(IF('Water Report'!$G$21>0,'Water Report'!$G$21,0)) -> 60 | AY5: =(IF('Water Report'!$G$22>0,'Water Report'!$G$22,0)) -> 10 | AZ5: =(IF('Water Report'!$G$23>0,'Water Report'!$G$23,0)) -> 0 | BA5: =(IF('Water Report'!$G$14>0,'Water Report'!$G$14,0)) -> 5 | BB5: =(IF('Water Report'!$G$15>0,'Water Report'!$G$15,0)) -> 4 | BC5: =(IF('Water Report'!$G$13>0,'Water Report'!$G$13,0)) -> 6 | BD5: =(IF('Water Report'!$G$24>0,'Water Report'!$G$24,0)) -> 107 | BE5: =(IF('Water Report'!$G$25>0,'Water Report'!$G$25,0)) -> 98 | BF5: =(IF('Water Report'!$G$27>0,'Water Report'!$G$27,0)) -> 66 | BG5: =(IF('Section Load'!AN8>0,'Section Load'!AN8,0)) -> 584 | BH5: =(IF('Section Load'!AO8>0,'Section Load'!AO8,0)) -> 189 | BI5: =(IF('Section Load'!AP8>0,'Section Load'!AP8,0)) -> 0 | BJ5: =(IF('Section Load'!AQ8>0,'Section Load'!AQ8,0)) -> 45 | BK5: =(IF('Section Load'!AR8>0,'Section Load'!AR8,0)) -> 0 | BL5: =(IF('Section Load'!AS8>0,'Section Load'!AS8,0)) -> 0 | BM5: =(IF('Section Load'!AT8>0,'Section Load'!AT8,0)) -> 350
A6: Mumbai | B6: =B5+1 -> 5 | C6: 5 | D6: 2021 | E6: =(IF('Section Load'!F9>0,'Section Load'!F9,0)) -> 2118 | F6: =(IF('Section Load'!G9>0,'Section Load'!G9,0)) -> 1190 | G6: =(IF('Section Load'!H9>0,'Section Load'!H9,0)) -> 1208 | H6: =(IF('Section Load'!I9>0,'Section Load'!I9,0)) -> 2239 | I6: =(IF('Section Load'!J9>0,'Section Load'!J9,0)) -> 4970 | J6: =(IF('Section Load'!K9>0,'Section Load'!K9,0)) -> 2244 | K6: =(IF('Section Load'!L9>0,'Section Load'!L9,0)) -> 990 | L6: =(IF('Section Load'!M9>0,'Section Load'!M9,0)) -> 693.11 | ... AL6: =(IF('Section Load'!AM9>0,'Section Load'!AM9,0)) -> 782 | AM6: =(IF('Water Report'!$H$7>0,'Water Report'!$H$7,0)) -> 26 | AN6: =(IF('Water Report'!$H$8>0,'Water Report'!$H$8,0)) -> 69 | AO6: =(IF('Water Report'!$H$9>0,'Water Report'!$H$9,0)) -> 31 | AP6: =(IF('Water Report'!$H$10>0,'Water Report'!$H$10,0)) -> 6 | AQ6: =(IF('Water Report'!$H$11>0,'Water Report'!$H$11,0)) -> 11 | AR6: =(IF('Water Report'!$H$13>0,'Water Report'!$H$13,0)) -> 7 | AS6: =(IF('Water Report'!$H$14>0,'Water Report'!$H$14,0)) -> 3 | AT6: =(IF('Water Report'!$H$15>0,'Water Report'!$H$15,0)) -> 20 | AU6: =(IF('Water Report'!$H$17>0,'Water Report'!$H$17,0)) -> 4 | AV6: =(IF('Water Report'!$H$18>0,'Water Report'!$H$18,0)) -> 0 | AW6: =(IF('Water Report'!$H$19>0,'Water Report'!$H$19,0)) -> 3 | AX6: =(IF('Water Report'!$H$21>0,'Water Report'!$H$21,0)) -> 39 | AY6: =(IF('Water Report'!$H$22>0,'Water Report'!$H$22,0)) -> 22 | AZ6: =(IF('Water Report'!$H$23>0,'Water Report'!$H$23,0)) -> 24 | BA6: =(IF('Water Report'!$H$14>0,'Water Report'!$H$14,0)) -> 3 | BB6: =(IF('Water Report'!$H$15>0,'Water Report'!$H$15,0)) -> 20 | BC6: =(IF('Water Report'!$H$13>0,'Water Report'!$H$13,0)) -> 7 | BD6: =(IF('Water Report'!$H$24>0,'Water Report'!$H$24,0)) -> 113 | BE6: =(IF('Water Report'!$H$25>0,'Water Report'!$H$25,0)) -> 71 | BF6: =(IF('Water Report'!$H$27>0,'Water Report'!$H$27,0)) -> 70 | BG6: =(IF('Section Load'!AN9>0,'Section Load'!AN9,0)) -> 287 | BH6: =(IF('Section Load'!AO9>0,'Section Load'!AO9,0)) -> 202 | BI6: =(IF('Section Load'!AP9>0,'Section Load'!AP9,0)) -> 0 | BJ6: =(IF('Section Load'!AQ9>0,'Section Load'!AQ9,0)) -> 51 | BK6: =(IF('Section Load'!AR9>0,'Section Load'!AR9,0)) -> 0 | BL6: =(IF('Section Load'!AS9>0,'Section Load'!AS9,0)) -> 0 | BM6: =(IF('Section Load'!AT9>0,'Section Load'!AT9,0)) -> 34
A7: Mumbai | B7: =B6+1 -> 6 | C7: 5 | D7: 2021 | E7: =(IF('Section Load'!F10>0,'Section Load'!F10,0)) -> 2168 | F7: =(IF('Section Load'!G10>0,'Section Load'!G10,0)) -> 1189 | G7: =(IF('Section Load'!H10>0,'Section Load'!H10,0)) -> 1199 | H7: =(IF('Section Load'!I10>0,'Section Load'!I10,0)) -> 2160 | I7: =(IF('Section Load'!J10>0,'Section Load'!J10,0)) -> 4851 | J7: =(IF('Section Load'!K10>0,'Section Load'!K10,0)) -> 2297 | K7: =(IF('Section Load'!L10>0,'Section Load'!L10,0)) -> 848 | L7: =(IF('Section Load'!M10>0,'Section Load'!M10,0)) -> 613.85 | ... AL7: =(IF('Section Load'!AM10>0,'Section Load'!AM10,0)) -> 830 | AM7: =(IF('Water Report'!$I$7>0,'Water Report'!$I$7,0)) -> 0 | AN7: =(IF('Water Report'!$I$8>0,'Water Report'!$I$8,0)) -> 100 | AO7: =(IF('Water Report'!$I$9>0,'Water Report'!$I$9,0)) -> 39 | AP7: =(IF('Water Report'!$I$10>0,'Water Report'!$I$10,0)) -> 9 | AQ7: =(IF('Water Report'!$I$11>0,'Water Report'!$I$11,0)) -> 9 | AR7: =(IF('Water Report'!$I$13>0,'Water Report'!$I$13,0)) -> 8 | AS7: =(IF('Water Report'!$I$14>0,'Water Report'!$I$14,0)) -> 3 | AT7: =(IF('Water Report'!$I$15>0,'Water Report'!$I$15,0)) -> 3 | AU7: =(IF('Water Report'!$I$17>0,'Water Report'!$I$17,0)) -> 4 | AV7: =(IF('Water Report'!$I$18>0,'Water Report'!$I$18,0)) -> 0 | AW7: =(IF('Water Report'!$I$19>0,'Water Report'!$I$19,0)) -> 3 | AX7: =(IF('Water Report'!$I$21>0,'Water Report'!$I$21,0)) -> 40 | AY7: =(IF('Water Report'!$I$22>0,'Water Report'!$I$22,0)) -> 0 | AZ7: =(IF('Water Report'!$I$23>0,'Water Report'!$I$23,0)) -> 0 | BA7: =(IF('Water Report'!$I$14>0,'Water Report'!$I$14,0)) -> 3 | BB7: =(IF('Water Report'!$I$15>0,'Water Report'!$I$15,0)) -> 3 | BC7: =(IF('Water Report'!$I$13>0,'Water Report'!$I$13,0)) -> 8 | BD7: =(IF('Water Report'!$I$24>0,'Water Report'!$I$24,0)) -> 56 | BE7: =(IF('Water Report'!$I$25>0,'Water Report'!$I$25,0)) -> 63 | BF7: =(IF('Water Report'!$I$27>0,'Water Report'!$I$27,0)) -> 48 | BG7: =(IF('Section Load'!AN10>0,'Section Load'!AN10,0)) -> 477 | BH7: =(IF('Section Load'!AO10>0,'Section Load'!AO10,0)) -> 206 | BI7: =(IF('Section Load'!AP10>0,'Section Load'!AP10,0)) -> 0 | BJ7: =(IF('Section Load'!AQ10>0,'Section Load'!AQ10,0)) -> 57 | BK7: =(IF('Section Load'!AR10>0,'Section Load'!AR10,0)) -> 0 | BL7: =(IF('Section Load'!AS10>0,'Section Load'!AS10,0)) -> 0 | BM7: =(IF('Section Load'!AT10>0,'Section Load'!AT10,0)) -> 214
A8: Mumbai | B8: =B7+1 -> 7 | C8: 5 | D8: 2021 | E8: =(IF('Section Load'!F11>0,'Section Load'!F11,0)) -> 2063 | F8: =(IF('Section Load'!G11>0,'Section Load'!G11,0)) -> 1225 | G8: =(IF('Section Load'!H11>0,'Section Load'!H11,0)) -> 1112 | H8: =(IF('Section Load'!I11>0,'Section Load'!I11,0)) -> 2122 | I8: =(IF('Section Load'!J11>0,'Section Load'!J11,0)) -> 4616 | J8: =(IF('Section Load'!K11>0,'Section Load'!K11,0)) -> 2190 | K8: =(IF('Section Load'!L11>0,'Section Load'!L11,0)) -> 857 | L8: =(IF('Section Load'!M11>0,'Section Load'!M11,0)) -> 538.96 | ... AL8: =(IF('Section Load'!AM11>0,'Section Load'!AM11,0)) -> 846 | AM8: =(IF('Water Report'!$J$7>0,'Water Report'!$J$7,0)) -> 0 | AN8: =(IF('Water Report'!$J$8>0,'Water Report'!$J$8,0)) -> 71 | AO8: =(IF('Water Report'!$J$9>0,'Water Report'!$J$9,0)) -> 31 | AP8: =(IF('Water Report'!$J$10>0,'Water Report'!$J$10,0)) -> 8 | AQ8: =(IF('Water Report'!$J$11>0,'Water Report'!$J$11,0)) -> 10 | AR8: =(IF('Water Report'!$J$13>0,'Water Report'!$J$13,0)) -> 5 | AS8: =(IF('Water Report'!$J$14>0,'Water Report'!$J$14,0)) -> 5 | AT8: =(IF('Water Report'!$J$15>0,'Water Report'!$J$15,0)) -> 9 | AU8: =(IF('Water Report'!$J$17>0,'Water Report'!$J$17,0)) -> 5 | AV8: =(IF('Water Report'!$J$18>0,'Water Report'!$J$18,0)) -> 6 | AW8: =(IF('Water Report'!$J$19>0,'Water Report'!$J$19,0)) -> 1 | AX8: =(IF('Water Report'!$J$21>0,'Water Report'!$J$21,0)) -> 59 | AY8: =(IF('Water Report'!$J$22>0,'Water Report'!$J$22,0)) -> 0 | AZ8: =(IF('Water Report'!$J$23>0,'Water Report'!$J$23,0)) -> 19 | BA8: =(IF('Water Report'!$J$14>0,'Water Report'!$J$14,0)) -> 5 | BB8: =(IF('Water Report'!$J$15>0,'Water Report'!$J$15,0)) -> 9 | BC8: =(IF('Water Report'!$J$13>0,'Water Report'!$J$13,0)) -> 5 | BD8: =(IF('Water Report'!$J$24>0,'Water Report'!$J$24,0)) -> 56 | BE8: =(IF('Water Report'!$J$25>0,'Water Report'!$J$25,0)) -> 63 | BF8: =(IF('Water Report'!$J$27>0,'Water Report'!$J$27,0)) -> 83 | BG8: =(IF('Section Load'!AN11>0,'Section Load'!AN11,0)) -> 348 | BH8: =(IF('Section Load'!AO11>0,'Section Load'!AO11,0)) -> 204 | BI8: =(IF('Section Load'!AP11>0,'Section Load'!AP11,0)) -> 0 | BJ8: =(IF('Section Load'!AQ11>0,'Section Load'!AQ11,0)) -> 71 | BK8: =(IF('Section Load'!AR11>0,'Section Load'!AR11,0)) -> 0 | BL8: =(IF('Section Load'!AS11>0,'Section Load'!AS11,0)) -> 0 | BM8: =(IF('Section Load'!AT11>0,'Section Load'!AT11,0)) -> 73
A9: Mumbai | B9: =B8+1 -> 8 | C9: 5 | D9: 2021 | E9: =(IF('Section Load'!F12>0,'Section Load'!F12,0)) -> 2427.6 | F9: =(IF('Section Load'!G12>0,'Section Load'!G12,0)) -> 1346.89 | G9: =(IF('Section Load'!H12>0,'Section Load'!H12,0)) -> 1203.34 | H9: =(IF('Section Load'!I12>0,'Section Load'!I12,0)) -> 2445.82 | I9: =(IF('Section Load'!J12>0,'Section Load'!J12,0)) -> 4895.38 | J9: =(IF('Section Load'!K12>0,'Section Load'!K12,0)) -> 2425.27 | K9: =(IF('Section Load'!L12>0,'Section Load'!L12,0)) -> 1386.31 | L9: =(IF('Section Load'!M12>0,'Section Load'!M12,0)) -> 599.72 | ... AL9: =(IF('Section Load'!AM12>0,'Section Load'!AM12,0)) -> 794 | AM9: =(IF('Water Report'!$K$7>0,'Water Report'!$K$7,0)) -> 53 | AN9: =(IF('Water Report'!$K$8>0,'Water Report'!$K$8,0)) -> 49 | AO9: =(IF('Water Report'!$K$9>0,'Water Report'!$K$9,0)) -> 78 | AP9: =(IF('Water Report'!$K$10>0,'Water Report'!$K$10,0)) -> 9 | AQ9: =(IF('Water Report'!$K$11>0,'Water Report'!$K$11,0)) -> 13 | AR9: =(IF('Water Report'!$K$13>0,'Water Report'!$K$13,0)) -> 14 | AS9: =(IF('Water Report'!$K$14>0,'Water Report'!$K$14,0)) -> 4 | AT9: =(IF('Water Report'!$K$15>0,'Water Report'!$K$15,0)) -> 4 | AU9: =(IF('Water Report'!$K$17>0,'Water Report'!$K$17,0)) -> 0 | AV9: =(IF('Water Report'!$K$18>0,'Water Report'!$K$18,0)) -> 6 | AW9: =(IF('Water Report'!$K$19>0,'Water Report'!$K$19,0)) -> 8 | AX9: =(IF('Water Report'!$K$21>0,'Water Report'!$K$21,0)) -> 41 | AY9: =(IF('Water Report'!$K$22>0,'Water Report'!$K$22,0)) -> 12 | AZ9: =(IF('Water Report'!$K$23>0,'Water Report'!$K$23,0)) -> 0 | BA9: =(IF('Water Report'!$K$14>0,'Water Report'!$K$14,0)) -> 4 | BB9: =(IF('Water Report'!$K$15>0,'Water Report'!$K$15,0)) -> 4 | BC9: =(IF('Water Report'!$K$13>0,'Water Report'!$K$13,0)) -> 14 | BD9: =(IF('Water Report'!$K$24>0,'Water Report'!$K$24,0)) -> 115 | BE9: =(IF('Water Report'!$K$25>0,'Water Report'!$K$25,0)) -> 108 | BF9: =(IF('Water Report'!$K$27>0,'Water Report'!$K$27,0)) -> 55 | BG9: =(IF('Section Load'!AN12>0,'Section Load'!AN12,0)) -> 613.48 | BH9: =(IF('Section Load'!AO12>0,'Section Load'!AO12,0)) -> 209.84 | BI9: =(IF('Section Load'!AP12>0,'Section Load'!AP12,0)) -> 0.4 | BJ9: =(IF('Section Load'!AQ12>0,'Section Load'!AQ12,0)) -> 77.5 | BK9: =(IF('Section Load'!AR12>0,'Section Load'!AR12,0)) -> 0.2 | BL9: =(IF('Section Load'!AS12>0,'Section Load'!AS12,0)) -> 0.6 | BM9: =(IF('Section Load'!AT12>0,'Section Load'!AT12,0)) -> 324.94
A10: Mumbai | B10: =B9+1 -> 9 | C10: 5 | D10: 2021 | E10: =(IF('Section Load'!F13>0,'Section Load'!F13,0)) -> 2125.53 | F10: =(IF('Section Load'!G13>0,'Section Load'!G13,0)) -> 1183.98 | G10: =(IF('Section Load'!H13>0,'Section Load'!H13,0)) -> 1229.73 | H10: =(IF('Section Load'!I13>0,'Section Load'!I13,0)) -> 2303.18 | I10: =(IF('Section Load'!J13>0,'Section Load'!J13,0)) -> 4766.73 | J10: =(IF('Section Load'!K13>0,'Section Load'!K13,0)) -> 2140.73 | K10: =(IF('Section Load'!L13>0,'Section Load'!L13,0)) -> 861.69 | L10: =(IF('Section Load'!M13>0,'Section Load'!M13,0)) -> 726.74 | ... AL10: =(IF('Section Load'!AM13>0,'Section Load'!AM13,0)) -> 798 | AM10: =(IF('Water Report'!$L$7>0,'Water Report'!$L$7,0)) -> 32 | AN10: =(IF('Water Report'!$L$8>0,'Water Report'!$L$8,0)) -> 106 | AO10: =(IF('Water Report'!$L$9>0,'Water Report'!$L$9,0)) -> 40 | AP10: =(IF('Water Report'!$L$10>0,'Water Report'!$L$10,0)) -> 11 | AQ10: =(IF('Water Report'!$L$11>0,'Water Report'!$L$11,0)) -> 15 | AR10: =(IF('Water Report'!$L$13>0,'Water Report'!$L$13,0)) -> 10 | AS10: =(IF('Water Report'!$L$14>0,'Water Report'!$L$14,0)) -> 5 | AT10: =(IF('Water Report'!$L$15>0,'Water Report'!$L$15,0)) -> 4 | AU10: =(IF('Water Report'!$L$17>0,'Water Report'!$L$17,0)) -> 0 | AV10: =(IF('Water Report'!$L$18>0,'Water Report'!$L$18,0)) -> 157 | AW10: =(IF('Water Report'!$L$19>0,'Water Report'!$L$19,0)) -> 184 | AX10: =(IF('Water Report'!$L$21>0,'Water Report'!$L$21,0)) -> 50 | AY10: =(IF('Water Report'!$L$22>0,'Water Report'!$L$22,0)) -> 9 | AZ10: =(IF('Water Report'!$L$23>0,'Water Report'!$L$23,0)) -> 0 | BA10: =(IF('Water Report'!$L$14>0,'Water Report'!$L$14,0)) -> 5 | BB10: =(IF('Water Report'!$L$15>0,'Water Report'!$L$15,0)) -> 4 | BC10: =(IF('Water Report'!$L$13>0,'Water Report'!$L$13,0)) -> 10 | BD10: =(IF('Water Report'!$L$24>0,'Water Report'!$L$24,0)) -> 95 | BE10: =(IF('Water Report'!$L$25>0,'Water Report'!$L$25,0)) -> 75 | BF10: =(IF('Water Report'!$L$27>0,'Water Report'!$L$27,0)) -> 60 | BG10: =(IF('Section Load'!AN13>0,'Section Load'!AN13,0)) -> 523.52 | BH10: =(IF('Section Load'!AO13>0,'Section Load'!AO13,0)) -> 186.16 | BI10: =(IF('Section Load'!AP13>0,'Section Load'!AP13,0)) -> 0 | BJ10: =(IF('Section Load'!AQ13>0,'Section Load'!AQ13,0)) -> 62.5 | BK10: =(IF('Section Load'!AR13>0,'Section Load'!AR13,0)) -> 0 | BL10: =(IF('Section Load'!AS13>0,'Section Load'!AS13,0)) -> 0.4 | BM10: =(IF('Section Load'!AT13>0,'Section Load'!AT13,0)) -> 274.46
A11: Mumbai | B11: =B10+1 -> 10 | C11: 5 | D11: 2021 | E11: =(IF('Section Load'!F14>0,'Section Load'!F14,0)) -> 1851 | F11: =(IF('Section Load'!G14>0,'Section Load'!G14,0)) -> 1187 | G11: =(IF('Section Load'!H14>0,'Section Load'!H14,0)) -> 1067 | H11: =(IF('Section Load'!I14>0,'Section Load'!I14,0)) -> 2173 | I11: =(IF('Section Load'!J14>0,'Section Load'!J14,0)) -> 4860.89 | J11: =(IF('Section Load'!K14>0,'Section Load'!K14,0)) -> 2128 | K11: =(IF('Section Load'!L14>0,'Section Load'!L14,0)) -> 939 | L11: =(IF('Section Load'!M14>0,'Section Load'!M14,0)) -> 558.2 | ... AL11: =(IF('Section Load'!AM14>0,'Section Load'!AM14,0)) -> 636 | AM11: =(IF('Water Report'!$M$7>0,'Water Report'!$M$7,0)) -> 0 | AN11: =(IF('Water Report'!$M$8>0,'Water Report'!$M$8,0)) -> 45 | AO11: =(IF('Water Report'!$M$9>0,'Water Report'!$M$9,0)) -> 24 | AP11: =(IF('Water Report'!$M$10>0,'Water Report'!$M$10,0)) -> 7 | AQ11: =(IF('Water Report'!$M$11>0,'Water Report'!$M$11,0)) -> 9 | AR11: =(IF('Water Report'!$M$13>0,'Water Report'!$M$13,0)) -> 12 | AS11: =(IF('Water Report'!$M$14>0,'Water Report'!$M$14,0)) -> 6 | AT11: =(IF('Water Report'!$M$15>0,'Water Report'!$M$15,0)) -> 2 | AU11: =(IF('Water Report'!$M$17>0,'Water Report'!$M$17,0)) -> 8 | AV11: =(IF('Water Report'!$M$18>0,'Water Report'!$M$18,0)) -> 0 | AW11: =(IF('Water Report'!$M$19>0,'Water Report'!$M$19,0)) -> 1 | AX11: =(IF('Water Report'!$M$21>0,'Water Report'!$M$21,0)) -> 40 | AY11: =(IF('Water Report'!$M$22>0,'Water Report'!$M$22,0)) -> 11 | AZ11: =(IF('Water Report'!$M$23>0,'Water Report'!$M$23,0)) -> 6 | BA11: =(IF('Water Report'!$M$14>0,'Water Report'!$M$14,0)) -> 6 | BB11: =(IF('Water Report'!$M$15>0,'Water Report'!$M$15,0)) -> 2 | BC11: =(IF('Water Report'!$M$13>0,'Water Report'!$M$13,0)) -> 12 | BD11: =(IF('Water Report'!$M$24>0,'Water Report'!$M$24,0)) -> 77 | BE11: =(IF('Water Report'!$M$25>0,'Water Report'!$M$25,0)) -> 48 | BF11: =(IF('Water Report'!$M$27>0,'Water Report'!$M$27,0)) -> 58 | BG11: =(IF('Section Load'!AN14>0,'Section Load'!AN14,0)) -> 243 | BH11: =(IF('Section Load'!AO14>0,'Section Load'!AO14,0)) -> 200 | BI11: =(IF('Section Load'!AP14>0,'Section Load'!AP14,0)) -> 0 | BJ11: =(IF('Section Load'!AQ14>0,'Section Load'!AQ14,0)) -> 35 | BK11: =(IF('Section Load'!AR14>0,'Section Load'!AR14,0)) -> 0 | BL11: =(IF('Section Load'!AS14>0,'Section Load'!AS14,0)) -> 0 | BM11: =(IF('Section Load'!AT14>0,'Section Load'!AT14,0)) -> 8
A12: Mumbai | B12: =B11+1 -> 11 | C12: 5 | D12: 2021 | E12: =(IF('Section Load'!F15>0,'Section Load'!F15,0)) -> 1869.23 | F12: =(IF('Section Load'!G15>0,'Section Load'!G15,0)) -> 1191.5 | G12: =(IF('Section Load'!H15>0,'Section Load'!H15,0)) -> 998.37 | H12: =(IF('Section Load'!I15>0,'Section Load'!I15,0)) -> 2053.4 | I12: =(IF('Section Load'!J15>0,'Section Load'!J15,0)) -> 4824.34 | J12: =(IF('Section Load'!K15>0,'Section Load'!K15,0)) -> 2093.19 | K12: =(IF('Section Load'!L15>0,'Section Load'!L15,0)) -> 771.95 | L12: =(IF('Section Load'!M15>0,'Section Load'!M15,0)) -> 528.53 | ... AL12: =(IF('Section Load'!AM15>0,'Section Load'!AM15,0)) -> 552 | AM12: =(IF('Water Report'!$N$7>0,'Water Report'!$N$7,0)) -> 0 | AN12: =(IF('Water Report'!$N$8>0,'Water Report'!$N$8,0)) -> 44 | AO12: =(IF('Water Report'!$N$9>0,'Water Report'!$N$9,0)) -> 26 | AP12: =(IF('Water Report'!$N$10>0,'Water Report'!$N$10,0)) -> 8 | AQ12: =(IF('Water Report'!$N$11>0,'Water Report'!$N$11,0)) -> 10 | AR12: =(IF('Water Report'!$N$13>0,'Water Report'!$N$13,0)) -> 6 | AS12: =(IF('Water Report'!$N$14>0,'Water Report'!$N$14,0)) -> 3 | AT12: =(IF('Water Report'!$N$15>0,'Water Report'!$N$15,0)) -> 1 | AU12: =(IF('Water Report'!$N$17>0,'Water Report'!$N$17,0)) -> 0 | AV12: =(IF('Water Report'!$N$18>0,'Water Report'!$N$18,0)) -> 0 | AW12: =(IF('Water Report'!$N$19>0,'Water Report'!$N$19,0)) -> 0 | AX12: =(IF('Water Report'!$N$21>0,'Water Report'!$N$21,0)) -> 53 | AY12: =(IF('Water Report'!$N$22>0,'Water Report'!$N$22,0)) -> 0 | AZ12: =(IF('Water Report'!$N$23>0,'Water Report'!$N$23,0)) -> 12 | BA12: =(IF('Water Report'!$N$14>0,'Water Report'!$N$14,0)) -> 3 | BB12: =(IF('Water Report'!$N$15>0,'Water Report'!$N$15,0)) -> 1 | BC12: =(IF('Water Report'!$N$13>0,'Water Report'!$N$13,0)) -> 6 | BD12: =(IF('Water Report'!$N$24>0,'Water Report'!$N$24,0)) -> 75 | BE12: =(IF('Water Report'!$N$25>0,'Water Report'!$N$25,0)) -> 48 | BF12: =(IF('Water Report'!$N$27>0,'Water Report'!$N$27,0)) -> 71 | BG12: =(IF('Section Load'!AN15>0,'Section Load'!AN15,0)) -> 333.69 | BH12: =(IF('Section Load'!AO15>0,'Section Load'!AO15,0)) -> 203 | BI12: =(IF('Section Load'!AP15>0,'Section Load'!AP15,0)) -> 0 | BJ12: =(IF('Section Load'!AQ15>0,'Section Load'!AQ15,0)) -> 60.8 | BK12: =(IF('Section Load'!AR15>0,'Section Load'!AR15,0)) -> 0 | BL12: =(IF('Section Load'!AS15>0,'Section Load'!AS15,0)) -> 0 | BM12: =(IF('Section Load'!AT15>0,'Section Load'!AT15,0)) -> 69.89
A13: Mumbai | B13: =B12+1 -> 12 | C13: 5 | D13: 2021 | E13: =(IF('Section Load'!F16>0,'Section Load'!F16,0)) -> 1863.44 | F13: =(IF('Section Load'!G16>0,'Section Load'!G16,0)) -> 1184.36 | G13: =(IF('Section Load'!H16>0,'Section Load'!H16,0)) -> 1220.27 | H13: =(IF('Section Load'!I16>0,'Section Load'!I16,0)) -> 2176.72 | I13: =(IF('Section Load'!J16>0,'Section Load'!J16,0)) -> 5003 | J13: =(IF('Section Load'!K16>0,'Section Load'!K16,0)) -> 2094.11 | K13: =(IF('Section Load'!L16>0,'Section Load'!L16,0)) -> 814.4 | L13: =(IF('Section Load'!M16>0,'Section Load'!M16,0)) -> 549 | ... AL13: =(IF('Section Load'!AM16>0,'Section Load'!AM16,0)) -> 552 | AM13: =(IF('Water Report'!$O$7>0,'Water Report'!$O$7,0)) -> 20 | AN13: =(IF('Water Report'!$O$8>0,'Water Report'!$O$8,0)) -> 119 | AO13: =(IF('Water Report'!$O$9>0,'Water Report'!$O$9,0)) -> 35 | AP13: =(IF('Water Report'!$O$10>0,'Water Report'!$O$10,0)) -> 6 | AQ13: =(IF('Water Report'!$O$11>0,'Water Report'!$O$11,0)) -> 9 | AR13: =(IF('Water Report'!$O$13>0,'Water Report'!$O$13,0)) -> 27 | AS13: =(IF('Water Report'!$O$14>0,'Water Report'!$O$14,0)) -> 6 | AT13: =(IF('Water Report'!$O$15>0,'Water Report'!$O$15,0)) -> 4 | AU13: =(IF('Water Report'!$O$17>0,'Water Report'!$O$17,0)) -> 0 | AV13: =(IF('Water Report'!$O$18>0,'Water Report'!$O$18,0)) -> 0 | AW13: =(IF('Water Report'!$O$19>0,'Water Report'!$O$19,0)) -> 5 | AX13: =(IF('Water Report'!$O$21>0,'Water Report'!$O$21,0)) -> 48 | AY13: =(IF('Water Report'!$O$22>0,'Water Report'!$O$22,0)) -> 25 | AZ13: =(IF('Water Report'!$O$23>0,'Water Report'!$O$23,0)) -> 0 | BA13: =(IF('Water Report'!$O$14>0,'Water Report'!$O$14,0)) -> 6 | BB13: =(IF('Water Report'!$O$15>0,'Water Report'!$O$15,0)) -> 4 | BC13: =(IF('Water Report'!$O$13>0,'Water Report'!$O$13,0)) -> 27 | BD13: =(IF('Water Report'!$O$24>0,'Water Report'!$O$24,0)) -> 52 | BE13: =(IF('Water Report'!$O$25>0,'Water Report'!$O$25,0)) -> 60 | BF13: =(IF('Water Report'!$O$27>0,'Water Report'!$O$27,0)) -> 75 | BG13: =(IF('Section Load'!AN16>0,'Section Load'!AN16,0)) -> 436.43 | BH13: =(IF('Section Load'!AO16>0,'Section Load'!AO16,0)) -> 200.9 | BI13: =(IF('Section Load'!AP16>0,'Section Load'!AP16,0)) -> 0 | BJ13: =(IF('Section Load'!AQ16>0,'Section Load'!AQ16,0)) -> 51.66 | BK13: =(IF('Section Load'!AR16>0,'Section Load'!AR16,0)) -> 0 | BL13: =(IF('Section Load'!AS16>0,'Section Load'!AS16,0)) -> 0 | BM13: =(IF('Section Load'!AT16>0,'Section Load'!AT16,0)) -> 184.27
A14: Mumbai | B14: =B13+1 -> 13 | C14: 5 | D14: 2021 | E14: =(IF('Section Load'!F17>0,'Section Load'!F17,0)) -> 1794.56 | F14: =(IF('Section Load'!G17>0,'Section Load'!G17,0)) -> 1166.14 | G14: =(IF('Section Load'!H17>0,'Section Load'!H17,0)) -> 1148.22 | H14: =(IF('Section Load'!I17>0,'Section Load'!I17,0)) -> 2066.62 | I14: =(IF('Section Load'!J17>0,'Section Load'!J17,0)) -> 4621.1 | J14: =(IF('Section Load'!K17>0,'Section Load'!K17,0)) -> 2011.33 | K14: =(IF('Section Load'!L17>0,'Section Load'!L17,0)) -> 820.8 | L14: =(IF('Section Load'!M17>0,'Section Load'!M17,0)) -> 592 | ... AL14: =(IF('Section Load'!AM17>0,'Section Load'!AM17,0)) -> 551 | AM14: =(IF('Water Report'!$P$7>0,'Water Report'!$P$7,0)) -> 30 | AN14: =(IF('Water Report'!$P$8>0,'Water Report'!$P$8,0)) -> 67 | AO14: =(IF('Water Report'!$P$9>0,'Water Report'!$P$9,0)) -> 52 | AP14: =(IF('Water Report'!$P$10>0,'Water Report'!$P$10,0)) -> 6 | AQ14: =(IF('Water Report'!$P$11>0,'Water Report'!$P$11,0)) -> 12 | AR14: =(IF('Water Report'!$P$13>0,'Water Report'!$P$13,0)) -> 27 | AS14: =(IF('Water Report'!$P$14>0,'Water Report'!$P$14,0)) -> 8 | AT14: =(IF('Water Report'!$P$15>0,'Water Report'!$P$15,0)) -> 4 | AU14: =(IF('Water Report'!$P$17>0,'Water Report'!$P$17,0)) -> 0 | AV14: =(IF('Water Report'!$P$18>0,'Water Report'!$P$18,0)) -> 15 | AW14: =(IF('Water Report'!$P$19>0,'Water Report'!$P$19,0)) -> 5 | AX14: =(IF('Water Report'!$P$21>0,'Water Report'!$P$21,0)) -> 60 | AY14: =(IF('Water Report'!$P$22>0,'Water Report'!$P$22,0)) -> 30 | AZ14: =(IF('Water Report'!$P$23>0,'Water Report'!$P$23,0)) -> 14 | BA14: =(IF('Water Report'!$P$14>0,'Water Report'!$P$14,0)) -> 8 | BB14: =(IF('Water Report'!$P$15>0,'Water Report'!$P$15,0)) -> 4 | BC14: =(IF('Water Report'!$P$13>0,'Water Report'!$P$13,0)) -> 27 | BD14: =(IF('Water Report'!$P$24>0,'Water Report'!$P$24,0)) -> 77 | BE14: =(IF('Water Report'!$P$25>0,'Water Report'!$P$25,0)) -> 82 | BF14: =(IF('Water Report'!$P$27>0,'Water Report'!$P$27,0)) -> 101 | BG14: =(IF('Section Load'!AN17>0,'Section Load'!AN17,0)) -> 650.88 | BH14: =(IF('Section Load'!AO17>0,'Section Load'!AO17,0)) -> 204.88 | BI14: =(IF('Section Load'!AP17>0,'Section Load'!AP17,0)) -> 0 | BJ14: =(IF('Section Load'!AQ17>0,'Section Load'!AQ17,0)) -> 52.63 | BK14: =(IF('Section Load'!AR17>0,'Section Load'!AR17,0)) -> 0 | BL14: =(IF('Section Load'!AS17>0,'Section Load'!AS17,0)) -> 0 | BM14: =(IF('Section Load'!AT17>0,'Section Load'!AT17,0)) -> 393.57
A15: Mumbai | B15: =B14+1 -> 14 | C15: 5 | D15: 2021 | E15: =(IF('Section Load'!F18>0,'Section Load'!F18,0)) -> 1788.72 | F15: =(IF('Section Load'!G18>0,'Section Load'!G18,0)) -> 1194.91 | G15: =(IF('Section Load'!H18>0,'Section Load'!H18,0)) -> 1089.11 | H15: =(IF('Section Load'!I18>0,'Section Load'!I18,0)) -> 2207.44 | I15: =(IF('Section Load'!J18>0,'Section Load'!J18,0)) -> 4497.89 | J15: =(IF('Section Load'!K18>0,'Section Load'!K18,0)) -> 2007.9 | K15: =(IF('Section Load'!L18>0,'Section Load'!L18,0)) -> 785.84 | L15: =(IF('Section Load'!M18>0,'Section Load'!M18,0)) -> 573 | ... AL15: =(IF('Section Load'!AM18>0,'Section Load'!AM18,0)) -> 562 | AM15: =(IF('Water Report'!$Q$7>0,'Water Report'!$Q$7,0)) -> 15 | AN15: =(IF('Water Report'!$Q$8>0,'Water Report'!$Q$8,0)) -> 83 | AO15: =(IF('Water Report'!$Q$9>0,'Water Report'!$Q$9,0)) -> 46 | AP15: =(IF('Water Report'!$Q$10>0,'Water Report'!$Q$10,0)) -> 10 | AQ15: =(IF('Water Report'!$Q$11>0,'Water Report'!$Q$11,0)) -> 17 | AR15: =(IF('Water Report'!$Q$13>0,'Water Report'!$Q$13,0)) -> 26 | AS15: =(IF('Water Report'!$Q$14>0,'Water Report'!$Q$14,0)) -> 6 | AT15: =(IF('Water Report'!$Q$15>0,'Water Report'!$Q$15,0)) -> 4 | AU15: =(IF('Water Report'!$Q$17>0,'Water Report'!$Q$17,0)) -> 0 | AV15: =(IF('Water Report'!$Q$18>0,'Water Report'!$Q$18,0)) -> 0 | AW15: =(IF('Water Report'!$Q$19>0,'Water Report'!$Q$19,0)) -> 0 | AX15: =(IF('Water Report'!$Q$21>0,'Water Report'!$Q$21,0)) -> 40 | AY15: =(IF('Water Report'!$Q$22>0,'Water Report'!$Q$22,0)) -> 17 | AZ15: =(IF('Water Report'!$Q$23>0,'Water Report'!$Q$23,0)) -> 0 | BA15: =(IF('Water Report'!$Q$14>0,'Water Report'!$Q$14,0)) -> 6 | BB15: =(IF('Water Report'!$Q$15>0,'Water Report'!$Q$15,0)) -> 4 | BC15: =(IF('Water Report'!$Q$13>0,'Water Report'!$Q$13,0)) -> 26 | BD15: =(IF('Water Report'!$Q$24>0,'Water Report'!$Q$24,0)) -> 77 | BE15: =(IF('Water Report'!$Q$25>0,'Water Report'!$Q$25,0)) -> 83 | BF15: =(IF('Water Report'!$Q$27>0,'Water Report'!$Q$27,0)) -> 66 | BG15: =(IF('Section Load'!AN18>0,'Section Load'!AN18,0)) -> 292.58 | BH15: =(IF('Section Load'!AO18>0,'Section Load'!AO18,0)) -> 201.31 | BI15: =(IF('Section Load'!AP18>0,'Section Load'!AP18,0)) -> 0 | BJ15: =(IF('Section Load'!AQ18>0,'Section Load'!AQ18,0)) -> 48.91 | BK15: =(IF('Section Load'!AR18>0,'Section Load'!AR18,0)) -> 0 | BL15: =(IF('Section Load'!AS18>0,'Section Load'!AS18,0)) -> 0 | BM15: =(IF('Section Load'!AT18>0,'Section Load'!AT18,0)) -> 42.36
A16: Mumbai | B16: =B15+1 -> 15 | C16: 5 | D16: 2021 | E16: =(IF('Section Load'!F19>0,'Section Load'!F19,0)) -> 2006.92 | F16: =(IF('Section Load'!G19>0,'Section Load'!G19,0)) -> 1297.09 | G16: =(IF('Section Load'!H19>0,'Section Load'!H19,0)) -> 1315.96 | H16: =(IF('Section Load'!I19>0,'Section Load'!I19,0)) -> 2647.82 | I16: =(IF('Section Load'!J19>0,'Section Load'!J19,0)) -> 5855.14 | J16: =(IF('Section Load'!K19>0,'Section Load'!K19,0)) -> 2074.8 | K16: =(IF('Section Load'!L19>0,'Section Load'!L19,0)) -> 895.01 | L16: =(IF('Section Load'!M19>0,'Section Load'!M19,0)) -> 595 | ... AL16: =(IF('Section Load'!AM19>0,'Section Load'!AM19,0)) -> 599 | AM16: =(IF('Water Report'!$R$7>0,'Water Report'!$R$7,0)) -> 153 | AN16: =(IF('Water Report'!$R$8>0,'Water Report'!$R$8,0)) -> 131 | AO16: =(IF('Water Report'!$R$9>0,'Water Report'!$R$9,0)) -> 42 | AP16: =(IF('Water Report'!$R$10>0,'Water Report'!$R$10,0)) -> 10 | AQ16: =(IF('Water Report'!$R$11>0,'Water Report'!$R$11,0)) -> 33 | AR16: =(IF('Water Report'!$R$13>0,'Water Report'!$R$13,0)) -> 23 | AS16: =(IF('Water Report'!$R$14>0,'Water Report'!$R$14,0)) -> 7 | AT16: =(IF('Water Report'!$R$15>0,'Water Report'!$R$15,0)) -> 1 | AU16: =(IF('Water Report'!$R$17>0,'Water Report'!$R$17,0)) -> 0 | AV16: =(IF('Water Report'!$R$18>0,'Water Report'!$R$18,0)) -> 0 | AW16: =(IF('Water Report'!$R$19>0,'Water Report'!$R$19,0)) -> 3 | AX16: =(IF('Water Report'!$R$21>0,'Water Report'!$R$21,0)) -> 42 | AY16: =(IF('Water Report'!$R$22>0,'Water Report'!$R$22,0)) -> 30 | AZ16: =(IF('Water Report'!$R$23>0,'Water Report'!$R$23,0)) -> 17 | BA16: =(IF('Water Report'!$R$14>0,'Water Report'!$R$14,0)) -> 7 | BB16: =(IF('Water Report'!$R$15>0,'Water Report'!$R$15,0)) -> 1 | BC16: =(IF('Water Report'!$R$13>0,'Water Report'!$R$13,0)) -> 23 | BD16: =(IF('Water Report'!$R$24>0,'Water Report'!$R$24,0)) -> 116 | BE16: =(IF('Water Report'!$R$25>0,'Water Report'!$R$25,0)) -> 93 | BF16: =(IF('Water Report'!$R$27>0,'Water Report'!$R$27,0)) -> 82 | BG16: =(IF('Section Load'!AN19>0,'Section Load'!AN19,0)) -> 437.42 | BH16: =(IF('Section Load'!AO19>0,'Section Load'!AO19,0)) -> 200.91 | BI16: =(IF('Section Load'!AP19>0,'Section Load'!AP19,0)) -> 0.4 | BJ16: =(IF('Section Load'!AQ19>0,'Section Load'!AQ19,0)) -> 45 | BK16: =(IF('Section Load'!AR19>0,'Section Load'!AR19,0)) -> 0 | BL16: =(IF('Section Load'!AS19>0,'Section Load'!AS19,0)) -> 0 | BM16: =(IF('Section Load'!AT19>0,'Section Load'!AT19,0)) -> 191.11
A17: Mumbai | B17: =B16+1 -> 16 | C17: 5 | D17: 2021 | E17: =(IF('Section Load'!F20>0,'Section Load'!F20,0)) -> 1926.13 | F17: =(IF('Section Load'!G20>0,'Section Load'!G20,0)) -> 1239 | G17: =(IF('Section Load'!H20>0,'Section Load'!H20,0)) -> 1097 | H17: =(IF('Section Load'!I20>0,'Section Load'!I20,0)) -> 2608 | I17: =(IF('Section Load'!J20>0,'Section Load'!J20,0)) -> 4448 | J17: =(IF('Section Load'!K20>0,'Section Load'!K20,0)) -> 2126 | K17: =(IF('Section Load'!L20>0,'Section Load'!L20,0)) -> 821 | L17: =(IF('Section Load'!M20>0,'Section Load'!M20,0)) -> 668.82 | ... AL17: =(IF('Section Load'!AM20>0,'Section Load'!AM20,0)) -> 511 | AM17: =(IF('Water Report'!$S$7>0,'Water Report'!$S$7,0)) -> 45 | AN17: =(IF('Water Report'!$S$8>0,'Water Report'!$S$8,0)) -> 29 | AO17: =(IF('Water Report'!$S$9>0,'Water Report'!$S$9,0)) -> 27 | AP17: =(IF('Water Report'!$S$10>0,'Water Report'!$D$10,0)) -> 12 | AQ17: =(IF('Water Report'!$S$11>0,'Water Report'!$D$11,0)) -> 17 | AR17: =(IF('Water Report'!$S$13>0,'Water Report'!$D$13,0)) -> 5 | AS17: =(IF('Water Report'!$S$14>0,'Water Report'!$D$14,0)) -> 9 | AT17: =(IF('Water Report'!$S$15>0,'Water Report'!$D$15,0)) -> 5 | AU17: =(IF('Water Report'!$S$17>0,'Water Report'!$D$17,0)) -> 0 | AV17: =(IF('Water Report'!$S$18>0,'Water Report'!$D$18,0)) -> 0 | AW17: =(IF('Water Report'!$S$19>0,'Water Report'!$D$19,0)) -> 0 | AX17: =(IF('Water Report'!$S$21>0,'Water Report'!$D$21,0)) -> 85 | AY17: =(IF('Water Report'!$S$22>0,'Water Report'!$D$22,0)) -> 0 | AZ17: =(IF('Water Report'!$S$23>0,'Water Report'!$D$23,0)) -> 0 | BA17: =(IF('Water Report'!$S$14>0,'Water Report'!$D$14,0)) -> 9 | BB17: =(IF('Water Report'!$S$15>0,'Water Report'!$D$15,0)) -> 5 | BC17: =(IF('Water Report'!$S$13>0,'Water Report'!$D$13,0)) -> 5 | BD17: =(IF('Water Report'!$S$24>0,'Water Report'!$D$24,0)) -> 136 | BE17: =(IF('Water Report'!$S$25>0,'Water Report'!$D$25,0)) -> 115 | BF17: =(IF('Water Report'!$S$27>0,'Water Report'!$D$27,0)) -> 117 | BG17: =(IF('Section Load'!AN20>0,'Section Load'!AN20,0)) -> 317 | BH17: =(IF('Section Load'!AO20>0,'Section Load'!AO20,0)) -> 209 | BI17: =(IF('Section Load'!AP20>0,'Section Load'!AP20,0)) -> 0 | BJ17: =(IF('Section Load'!AQ20>0,'Section Load'!AQ20,0)) -> 57 | BK17: =(IF('Section Load'!AR20>0,'Section Load'!AR20,0)) -> 0 | BL17: =(IF('Section Load'!AS20>0,'Section Load'!AS20,0)) -> 0 | BM17: =(IF('Section Load'!AT20>0,'Section Load'!AT20,0)) -> 51
A18: Mumbai | B18: =B17+1 -> 17 | C18: 5 | D18: 2021 | E18: =(IF('Section Load'!F21>0,'Section Load'!F21,0)) -> 1602 | F18: =(IF('Section Load'!G21>0,'Section Load'!G21,0)) -> 1338.13 | G18: =(IF('Section Load'!H21>0,'Section Load'!H21,0)) -> 1050 | H18: =(IF('Section Load'!I21>0,'Section Load'!I21,0)) -> 2646 | I18: =(IF('Section Load'!J21>0,'Section Load'!J21,0)) -> 4494 | J18: =(IF('Section Load'!K21>0,'Section Load'!K21,0)) -> 2036 | K18: =(IF('Section Load'!L21>0,'Section Load'!L21,0)) -> 762 | L18: =(IF('Section Load'!M21>0,'Section Load'!M21,0)) -> 615.8 | ... AL18: =(IF('Section Load'!AM21>0,'Section Load'!AM21,0)) -> 419 | AM18: =(IF('Water Report'!$T$7>0,'Water Report'!$T$7,0)) -> 0 | AN18: =(IF('Water Report'!$T$8>0,'Water Report'!$T$8,0)) -> 93 | AO18: =(IF('Water Report'!$T$9>0,'Water Report'!$T$9,0)) -> 45 | AP18: =(IF('Water Report'!$T$10>0,'Water Report'!$T$10,0)) -> 7 | AQ18: =(IF('Water Report'!$T$11>0,'Water Report'!$T$11,0)) -> 6 | AR18: =(IF('Water Report'!$T$13>0,'Water Report'!$T$13,0)) -> 2 | AS18: =(IF('Water Report'!$T$14>0,'Water Report'!$T$14,0)) -> 22 | AT18: =(IF('Water Report'!$T$15>0,'Water Report'!$T$15,0)) -> 8 | AU18: =(IF('Water Report'!$T$17>0,'Water Report'!$T$17,0)) -> 0 | AV18: =(IF('Water Report'!$T$18>0,'Water Report'!$T$18,0)) -> 14 | AW18: =(IF('Water Report'!$T$19>0,'Water Report'!$T$19,0)) -> 6 | AX18: =(IF('Water Report'!$T$21>0,'Water Report'!$T$21,0)) -> 20 | AY18: =(IF('Water Report'!$T$22>0,'Water Report'!$T$22,0)) -> 0 | AZ18: =(IF('Water Report'!$T$23>0,'Water Report'!$T$23,0)) -> 0 | BA18: =(IF('Water Report'!$T$14>0,'Water Report'!$T$14,0)) -> 22 | BB18: =(IF('Water Report'!$T$15>0,'Water Report'!$T$15,0)) -> 8 | BC18: =(IF('Water Report'!$T$13>0,'Water Report'!$T$13,0)) -> 2 | BD18: =(IF('Water Report'!$T$24>0,'Water Report'!$T$24,0)) -> 76 | BE18: =(IF('Water Report'!$T$25>0,'Water Report'!$T$25,0)) -> 88 | BF18: =(IF('Water Report'!$T$27>0,'Water Report'!$T$27,0)) -> 22 | BG18: =(IF('Section Load'!AN21>0,'Section Load'!AN21,0)) -> 562 | BH18: =(IF('Section Load'!AO21>0,'Section Load'!AO21,0)) -> 214 | BI18: =(IF('Section Load'!AP21>0,'Section Load'!AP21,0)) -> 0 | BJ18: =(IF('Section Load'!AQ21>0,'Section Load'!AQ21,0)) -> 46 | BK18: =(IF('Section Load'!AR21>0,'Section Load'!AR21,0)) -> 0 | BL18: =(IF('Section Load'!AS21>0,'Section Load'!AS21,0)) -> 0 | BM18: =(IF('Section Load'!AT21>0,'Section Load'!AT21,0)) -> 302
A19: Mumbai | B19: =B18+1 -> 18 | C19: 5 | D19: 2021 | E19: =(IF('Section Load'!F22>0,'Section Load'!F22,0)) -> 1530 | F19: =(IF('Section Load'!G22>0,'Section Load'!G22,0)) -> 1254 | G19: =(IF('Section Load'!H22>0,'Section Load'!H22,0)) -> 1081 | H19: =(IF('Section Load'!I22>0,'Section Load'!I22,0)) -> 2625 | I19: =(IF('Section Load'!J22>0,'Section Load'!J22,0)) -> 5084.54 | J19: =(IF('Section Load'!K22>0,'Section Load'!K22,0)) -> 2115 | K19: =(IF('Section Load'!L22>0,'Section Load'!L22,0)) -> 802 | L19: =(IF('Section Load'!M22>0,'Section Load'!M22,0)) -> 543.32 | ... AL19: =(IF('Section Load'!AM22>0,'Section Load'!AM22,0)) -> 353 | AM19: =(IF('Water Report'!$U$7>0,'Water Report'!$U$7,0)) -> 0 | AN19: =(IF('Water Report'!$U$8>0,'Water Report'!$U$8,0)) -> 146 | AO19: =(IF('Water Report'!$U$9>0,'Water Report'!$U$9,0)) -> 29 | AP19: =(IF('Water Report'!$U$10>0,'Water Report'!$U$10,0)) -> 12 | AQ19: =(IF('Water Report'!$U$11>0,'Water Report'!$U$11,0)) -> 8 | AR19: =(IF('Water Report'!$U$13>0,'Water Report'!$U$13,0)) -> 4 | AS19: =(IF('Water Report'!$U$14>0,'Water Report'!$U$14,0)) -> 10 | AT19: =(IF('Water Report'!$U$15>0,'Water Report'!$U$15,0)) -> 0 | AU19: =(IF('Water Report'!$U$17>0,'Water Report'!$U$17,0)) -> 0 | AV19: =(IF('Water Report'!$U$18>0,'Water Report'!$U$18,0)) -> 0 | AW19: =(IF('Water Report'!$U$19>0,'Water Report'!$U$19,0)) -> 2 | AX19: =(IF('Water Report'!$U$21>0,'Water Report'!$U$21,0)) -> 73 | AY19: =(IF('Water Report'!$U$22>0,'Water Report'!$U$22,0)) -> 0 | AZ19: =(IF('Water Report'!$U$23>0,'Water Report'!$U$23,0)) -> 4 | BA19: =(IF('Water Report'!$U$14>0,'Water Report'!$U$14,0)) -> 10 | BB19: =(IF('Water Report'!$U$15>0,'Water Report'!$U$15,0)) -> 0 | BC19: =(IF('Water Report'!$U$13>0,'Water Report'!$U$13,0)) -> 4 | BD19: =(IF('Water Report'!$U$24>0,'Water Report'!$U$24,0)) -> 105 | BE19: =(IF('Water Report'!$U$25>0,'Water Report'!$U$25,0)) -> 59 | BF19: =(IF('Water Report'!$U$27>0,'Water Report'!$U$27,0)) -> 81 | BG19: =(IF('Section Load'!AN22>0,'Section Load'!AN22,0)) -> 400 | BH19: =(IF('Section Load'!AO22>0,'Section Load'!AO22,0)) -> 195 | BI19: =(IF('Section Load'!AP22>0,'Section Load'!AP22,0)) -> 0 | BJ19: =(IF('Section Load'!AQ22>0,'Section Load'!AQ22,0)) -> 45 | BK19: =(IF('Section Load'!AR22>0,'Section Load'!AR22,0)) -> 0 | BL19: =(IF('Section Load'!AS22>0,'Section Load'!AS22,0)) -> 0 | BM19: =(IF('Section Load'!AT22>0,'Section Load'!AT22,0)) -> 160
A20: Mumbai | B20: =B19+1 -> 19 | C20: 5 | D20: 2021 | E20: =(IF('Section Load'!F23>0,'Section Load'!F23,0)) -> 1650.87 | F20: =(IF('Section Load'!G23>0,'Section Load'!G23,0)) -> 1200 | G20: =(IF('Section Load'!H23>0,'Section Load'!H23,0)) -> 999 | H20: =(IF('Section Load'!I23>0,'Section Load'!I23,0)) -> 2579 | I20: =(IF('Section Load'!J23>0,'Section Load'!J23,0)) -> 4451.99 | J20: =(IF('Section Load'!K23>0,'Section Load'!K23,0)) -> 2088.67 | K20: =(IF('Section Load'!L23>0,'Section Load'!L23,0)) -> 793 | L20: =(IF('Section Load'!M23>0,'Section Load'!M23,0)) -> 572.16 | ... AL20: =(IF('Section Load'!AM23>0,'Section Load'!AM23,0)) -> 355 | AM20: =(IF('Water Report'!$V$7>0,'Water Report'!$V$7,0)) -> 0 | AN20: =(IF('Water Report'!$V$8>0,'Water Report'!$V$8,0)) -> 75 | AO20: =(IF('Water Report'!$V$9>0,'Water Report'!$V$9,0)) -> 23 | AP20: =(IF('Water Report'!$V$10>0,'Water Report'!$V$10,0)) -> 7 | AQ20: =(IF('Water Report'!$V$11>0,'Water Report'!$V$11,0)) -> 12 | AR20: =(IF('Water Report'!$V$13>0,'Water Report'!$V$13,0)) -> 11 | AS20: =(IF('Water Report'!$V$14>0,'Water Report'!$V$14,0)) -> 7 | AT20: =(IF('Water Report'!$V$15>0,'Water Report'!$V$15,0)) -> 2 | AU20: =(IF('Water Report'!$V$17>0,'Water Report'!$V$17,0)) -> 0 | AV20: =(IF('Water Report'!$V$18>0,'Water Report'!$V$18,0)) -> 0 | AW20: =(IF('Water Report'!$V$19>0,'Water Report'!$V$19,0)) -> 0 | AX20: =(IF('Water Report'!$V$21>0,'Water Report'!$V$21,0)) -> 40 | AY20: =(IF('Water Report'!$V$22>0,'Water Report'!$V$22,0)) -> 11 | AZ20: =(IF('Water Report'!$V$23>0,'Water Report'!$V$23,0)) -> 0 | BA20: =(IF('Water Report'!$V$14>0,'Water Report'!$V$14,0)) -> 7 | BB20: =(IF('Water Report'!$V$15>0,'Water Report'!$V$15,0)) -> 2 | BC20: =(IF('Water Report'!$V$13>0,'Water Report'!$V$13,0)) -> 11 | BD20: =(IF('Water Report'!$V$24>0,'Water Report'!$V$24,0)) -> 60 | BE20: =(IF('Water Report'!$V$25>0,'Water Report'!$V$25,0)) -> 51 | BF20: =(IF('Water Report'!$V$27>0,'Water Report'!$V$27,0)) -> 51 | BG20: =(IF('Section Load'!AN23>0,'Section Load'!AN23,0)) -> 248 | BH20: =(IF('Section Load'!AO23>0,'Section Load'!AO23,0)) -> 173 | BI20: =(IF('Section Load'!AP23>0,'Section Load'!AP23,0)) -> 0 | BJ20: =(IF('Section Load'!AQ23>0,'Section Load'!AQ23,0)) -> 42 | BK20: =(IF('Section Load'!AR23>0,'Section Load'!AR23,0)) -> 0 | BL20: =(IF('Section Load'!AS23>0,'Section Load'!AS23,0)) -> 0 | BM20: =(IF('Section Load'!AT23>0,'Section Load'!AT23,0)) -> 33
A21: Mumbai | B21: =B20+1 -> 20 | C21: 5 | D21: 2021 | E21: =(IF('Section Load'!F24>0,'Section Load'!F24,0)) -> 1818 | F21: =(IF('Section Load'!G24>0,'Section Load'!G24,0)) -> 1255 | G21: =(IF('Section Load'!H24>0,'Section Load'!H24,0)) -> 978 | H21: =(IF('Section Load'!I24>0,'Section Load'!I24,0)) -> 2517 | I21: =(IF('Section Load'!J24>0,'Section Load'!J24,0)) -> 4744 | J21: =(IF('Section Load'!K24>0,'Section Load'!K24,0)) -> 2118 | K21: =(IF('Section Load'!L24>0,'Section Load'!L24,0)) -> 870 | L21: =(IF('Section Load'!M24>0,'Section Load'!M24,0)) -> 538.38 | ... AL21: =(IF('Section Load'!AM24>0,'Section Load'!AM24,0)) -> 365 | AM21: =(IF('Water Report'!$W$7>0,'Water Report'!$W$7,0)) -> 22 | AN21: =(IF('Water Report'!$W$8>0,'Water Report'!$W$8,0)) -> 34 | AO21: =(IF('Water Report'!$W$9>0,'Water Report'!$W$9,0)) -> 27 | AP21: =(IF('Water Report'!$W$10>0,'Water Report'!$W$10,0)) -> 11 | AQ21: =(IF('Water Report'!$W$11>0,'Water Report'!$W$11,0)) -> 16 | AR21: =(IF('Water Report'!$W$13>0,'Water Report'!$W$13,0)) -> 10 | AS21: =(IF('Water Report'!$W$14>0,'Water Report'!$W$14,0)) -> 14 | AT21: =(IF('Water Report'!$W$15>0,'Water Report'!$W$15,0)) -> 3 | AU21: =(IF('Water Report'!$W$17>0,'Water Report'!$W$17,0)) -> 0 | AV21: =(IF('Water Report'!$W$18>0,'Water Report'!$W$18,0)) -> 0 | AW21: =(IF('Water Report'!$W$19>0,'Water Report'!$W$19,0)) -> 0 | AX21: =(IF('Water Report'!$W$21>0,'Water Report'!$W$21,0)) -> 39 | AY21: =(IF('Water Report'!$W$22>0,'Water Report'!$W$22,0)) -> 18 | AZ21: =(IF('Water Report'!$W$23>0,'Water Report'!$W$23,0)) -> 0 | BA21: =(IF('Water Report'!$W$14>0,'Water Report'!$W$14,0)) -> 14 | BB21: =(IF('Water Report'!$W$15>0,'Water Report'!$W$15,0)) -> 3 | BC21: =(IF('Water Report'!$W$13>0,'Water Report'!$W$13,0)) -> 10 | BD21: =(IF('Water Report'!$W$24>0,'Water Report'!$W$24,0)) -> 57 | BE21: =(IF('Water Report'!$W$25>0,'Water Report'!$W$25,0)) -> 71 | BF21: =(IF('Water Report'!$W$27>0,'Water Report'!$W$27,0)) -> 49 | BG21: =(IF('Section Load'!AN24>0,'Section Load'!AN24,0)) -> 288 | BH21: =(IF('Section Load'!AO24>0,'Section Load'!AO24,0)) -> 204 | BI21: =(IF('Section Load'!AP24>0,'Section Load'!AP24,0)) -> 0 | BJ21: =(IF('Section Load'!AQ24>0,'Section Load'!AQ24,0)) -> 48 | BK21: =(IF('Section Load'!AR24>0,'Section Load'!AR24,0)) -> 0 | BL21: =(IF('Section Load'!AS24>0,'Section Load'!AS24,0)) -> 0 | BM21: =(IF('Section Load'!AT24>0,'Section Load'!AT24,0)) -> 36
A22: Mumbai | B22: =B21+1 -> 21 | C22: 5 | D22: 2021 | E22: =(IF('Section Load'!F25>0,'Section Load'!F25,0)) -> 1843.13 | F22: =(IF('Section Load'!G25>0,'Section Load'!G25,0)) -> 1333 | G22: =(IF('Section Load'!H25>0,'Section Load'!H25,0)) -> 1150.07 | H22: =(IF('Section Load'!I25>0,'Section Load'!I25,0)) -> 2103 | I22: =(IF('Section Load'!J25>0,'Section Load'!J25,0)) -> 5144 | J22: =(IF('Section Load'!K25>0,'Section Load'!K25,0)) -> 2133 | K22: =(IF('Section Load'!L25>0,'Section Load'!L25,0)) -> 800 | L22: =(IF('Section Load'!M25>0,'Section Load'!M25,0)) -> 623.18 | ... AL22: =(IF('Section Load'!AM25>0,'Section Load'!AM25,0)) -> 379 | AM22: =(IF('Water Report'!$X$7>0,'Water Report'!$X$7,0)) -> 37 | AN22: =(IF('Water Report'!$X$8>0,'Water Report'!$X$8,0)) -> 83 | AO22: =(IF('Water Report'!$X$9>0,'Water Report'!$X$9,0)) -> 49 | AP22: =(IF('Water Report'!$X$10>0,'Water Report'!$X$10,0)) -> 9 | AQ22: =(IF('Water Report'!$X$11>0,'Water Report'!$X$11,0)) -> 20 | AR22: =(IF('Water Report'!$X$13>0,'Water Report'!$X$13,0)) -> 6 | AS22: =(IF('Water Report'!$X$14>0,'Water Report'!$X$14,0)) -> 4 | AT22: =(IF('Water Report'!$X$15>0,'Water Report'!$X$15,0)) -> 7 | AU22: =(IF('Water Report'!$X$17>0,'Water Report'!$X$17,0)) -> 7 | AV22: =(IF('Water Report'!$X$18>0,'Water Report'!$X$18,0)) -> 4 | AW22: =(IF('Water Report'!$X$19>0,'Water Report'!$X$19,0)) -> 5 | AX22: =(IF('Water Report'!$X$21>0,'Water Report'!$X$21,0)) -> 39 | AY22: =(IF('Water Report'!$X$22>0,'Water Report'!$X$22,0)) -> 3 | AZ22: =(IF('Water Report'!$X$23>0,'Water Report'!$X$23,0)) -> 0 | BA22: =(IF('Water Report'!$X$14>0,'Water Report'!$X$14,0)) -> 4 | BB22: =(IF('Water Report'!$X$15>0,'Water Report'!$X$15,0)) -> 7 | BC22: =(IF('Water Report'!$X$13>0,'Water Report'!$X$13,0)) -> 6 | BD22: =(IF('Water Report'!$X$24>0,'Water Report'!$X$24,0)) -> 96 | BE22: =(IF('Water Report'!$X$25>0,'Water Report'!$X$25,0)) -> 89 | BF22: =(IF('Water Report'!$X$27>0,'Water Report'!$X$27,0)) -> 45 | BG22: =(IF('Section Load'!AN25>0,'Section Load'!AN25,0)) -> 534 | BH22: =(IF('Section Load'!AO25>0,'Section Load'!AO25,0)) -> 194 | BI22: =(IF('Section Load'!AP25>0,'Section Load'!AP25,0)) -> 0 | BJ22: =(IF('Section Load'!AQ25>0,'Section Load'!AQ25,0)) -> 67 | BK22: =(IF('Section Load'!AR25>0,'Section Load'!AR25,0)) -> 0 | BL22: =(IF('Section Load'!AS25>0,'Section Load'!AS25,0)) -> 0 | BM22: =(IF('Section Load'!AT25>0,'Section Load'!AT25,0)) -> 273
A23: Mumbai | B23: =B22+1 -> 22 | C23: 5 | D23: 2021 | E23: =(IF('Section Load'!F26>0,'Section Load'!F26,0)) -> 1920 | F23: =(IF('Section Load'!G26>0,'Section Load'!G26,0)) -> 1372 | G23: =(IF('Section Load'!H26>0,'Section Load'!H26,0)) -> 1280 | H23: =(IF('Section Load'!I26>0,'Section Load'!I26,0)) -> 3496 | I23: =(IF('Section Load'!J26>0,'Section Load'!J26,0)) -> 6030 | J23: =(IF('Section Load'!K26>0,'Section Load'!K26,0)) -> 2210 | K23: =(IF('Section Load'!L26>0,'Section Load'!L26,0)) -> 918 | L23: =(IF('Section Load'!M26>0,'Section Load'!M26,0)) -> 600 | ... AL23: =(IF('Section Load'!AM26>0,'Section Load'!AM26,0)) -> 451 | AM23: =(IF('Water Report'!$Y$7>0,'Water Report'!$Y$7,0)) -> 63 | AN23: =(IF('Water Report'!$Y$8>0,'Water Report'!$Y$8,0)) -> 101 | AO23: =(IF('Water Report'!$Y$9>0,'Water Report'!$Y$9,0)) -> 80 | AP23: =(IF('Water Report'!$Y$10>0,'Water Report'!$Y$10,0)) -> 9 | AQ23: =(IF('Water Report'!$Y$11>0,'Water Report'!$Y$11,0)) -> 25 | AR23: =(IF('Water Report'!$Y$13>0,'Water Report'!$Y$13,0)) -> 13 | AS23: =(IF('Water Report'!$Y$14>0,'Water Report'!$Y$14,0)) -> 10 | AT23: =(IF('Water Report'!$Y$15>0,'Water Report'!$Y$15,0)) -> 17 | AU23: =(IF('Water Report'!$Y$17>0,'Water Report'!$Y$17,0)) -> 4 | AV23: =(IF('Water Report'!$Y$18>0,'Water Report'!$Y$18,0)) -> 13 | AW23: =(IF('Water Report'!$Y$19>0,'Water Report'!$Y$19,0)) -> 4 | AX23: =(IF('Water Report'!$Y$21>0,'Water Report'!$Y$21,0)) -> 40 | AY23: =(IF('Water Report'!$Y$22>0,'Water Report'!$Y$22,0)) -> 26 | AZ23: =(IF('Water Report'!$Y$23>0,'Water Report'!$Y$23,0)) -> 14 | BA23: =(IF('Water Report'!$Y$14>0,'Water Report'!$Y$14,0)) -> 10 | BB23: =(IF('Water Report'!$Y$15>0,'Water Report'!$Y$15,0)) -> 17 | BC23: =(IF('Water Report'!$Y$13>0,'Water Report'!$Y$13,0)) -> 13 | BD23: =(IF('Water Report'!$Y$24>0,'Water Report'!$Y$24,0)) -> 150 | BE23: =(IF('Water Report'!$Y$25>0,'Water Report'!$Y$25,0)) -> 141 | BF23: =(IF('Water Report'!$Y$27>0,'Water Report'!$Y$27,0)) -> 67 | BG23: =(IF('Section Load'!AN26>0,'Section Load'!AN26,0)) -> 632 | BH23: =(IF('Section Load'!AO26>0,'Section Load'!AO26,0)) -> 194 | BI23: =(IF('Section Load'!AP26>0,'Section Load'!AP26,0)) -> 0 | BJ23: =(IF('Section Load'!AQ26>0,'Section Load'!AQ26,0)) -> 64 | BK23: =(IF('Section Load'!AR26>0,'Section Load'!AR26,0)) -> 0 | BL23: =(IF('Section Load'!AS26>0,'Section Load'!AS26,0)) -> 0 | BM23: =(IF('Section Load'!AT26>0,'Section Load'!AT26,0)) -> 374
A24: Mumbai | B24: =B23+1 -> 23 | C24: 5 | D24: 2021 | E24: =(IF('Section Load'!F27>0,'Section Load'!F27,0)) -> 2173.43 | F24: =(IF('Section Load'!G27>0,'Section Load'!G27,0)) -> 1310.38 | G24: =(IF('Section Load'!H27>0,'Section Load'!H27,0)) -> 1286.43 | H24: =(IF('Section Load'!I27>0,'Section Load'!I27,0)) -> 2942.66 | I24: =(IF('Section Load'!J27>0,'Section Load'!J27,0)) -> 5435.9 | J24: =(IF('Section Load'!K27>0,'Section Load'!K27,0)) -> 2171.6 | K24: =(IF('Section Load'!L27>0,'Section Load'!L27,0)) -> 854.15 | L24: =(IF('Section Load'!M27>0,'Section Load'!M27,0)) -> 607.26 | ... AL24: =(IF('Section Load'!AM27>0,'Section Load'!AM27,0)) -> 556 | AM24: =(IF('Water Report'!$Z$7>0,'Water Report'!$Z$7,0)) -> 57 | AN24: =(IF('Water Report'!$Z$8>0,'Water Report'!$Z$8,0)) -> 92 | AO24: =(IF('Water Report'!$Z$9>0,'Water Report'!$Z$9,0)) -> 37 | AP24: =(IF('Water Report'!$Z$10>0,'Water Report'!$Z$10,0)) -> 15 | AQ24: =(IF('Water Report'!$Z$11>0,'Water Report'!$Z$11,0)) -> 31 | AR24: =(IF('Water Report'!$Z$13>0,'Water Report'!$Z$13,0)) -> 21 | AS24: =(IF('Water Report'!$Z$14>0,'Water Report'!$Z$14,0)) -> 5 | AT24: =(IF('Water Report'!$Z$15>0,'Water Report'!$Z$15,0)) -> 11 | AU24: =(IF('Water Report'!$Z$17>0,'Water Report'!$Z$17,0)) -> 0 | AV24: =(IF('Water Report'!$Z$18>0,'Water Report'!$Z$18,0)) -> 0 | AW24: =(IF('Water Report'!$Z$19>0,'Water Report'!$Z$19,0)) -> 2 | AX24: =(IF('Water Report'!$Z$21>0,'Water Report'!$Z$21,0)) -> 60 | AY24: =(IF('Water Report'!$Z$22>0,'Water Report'!$Z$22,0)) -> 19 | AZ24: =(IF('Water Report'!$Z$23>0,'Water Report'!$Z$23,0)) -> 0 | BA24: =(IF('Water Report'!$Z$14>0,'Water Report'!$Z$14,0)) -> 5 | BB24: =(IF('Water Report'!$Z$15>0,'Water Report'!$Z$15,0)) -> 11 | BC24: =(IF('Water Report'!$Z$13>0,'Water Report'!$Z$13,0)) -> 21 | BD24: =(IF('Water Report'!$Z$24>0,'Water Report'!$Z$24,0)) -> 140 | BE24: =(IF('Water Report'!$Z$25>0,'Water Report'!$Z$25,0)) -> 99 | BF24: =(IF('Water Report'!$Z$27>0,'Water Report'!$Z$27,0)) -> 81 | BG24: =(IF('Section Load'!AN27>0,'Section Load'!AN27,0)) -> 366.935 | BH24: =(IF('Section Load'!AO27>0,'Section Load'!AO27,0)) -> 214.84 | BI24: =(IF('Section Load'!AP27>0,'Section Load'!AP27,0)) -> 0 | BJ24: =(IF('Section Load'!AQ27>0,'Section Load'!AQ27,0)) -> 60.84 | BK24: =(IF('Section Load'!AR27>0,'Section Load'!AR27,0)) -> 0.2 | BL24: =(IF('Section Load'!AS27>0,'Section Load'!AS27,0)) -> 0 | BM24: =(IF('Section Load'!AT27>0,'Section Load'!AT27,0)) -> 91.455
A25: Mumbai | B25: =B24+1 -> 24 | C25: 5 | D25: 2021 | E25: =(IF('Section Load'!F28>0,'Section Load'!F28,0)) -> 2126.48 | F25: =(IF('Section Load'!G28>0,'Section Load'!G28,0)) -> 1287.37 | G25: =(IF('Section Load'!H28>0,'Section Load'!H28,0)) -> 1238.28 | H25: =(IF('Section Load'!I28>0,'Section Load'!I28,0)) -> 2764.88 | I25: =(IF('Section Load'!J28>0,'Section Load'!J28,0)) -> 5182.04 | J25: =(IF('Section Load'!K28>0,'Section Load'!K28,0)) -> 2226.2 | K25: =(IF('Section Load'!L28>0,'Section Load'!L28,0)) -> 864.44 | L25: =(IF('Section Load'!M28>0,'Section Load'!M28,0)) -> 578.92 | ... AL25: =(IF('Section Load'!AM28>0,'Section Load'!AM28,0)) -> 653 | AM25: =(IF('Water Report'!$AA$7>0,'Water Report'!$AA$7,0)) -> 28 | AN25: =(IF('Water Report'!$AA$8>0,'Water Report'!$AA$8,0)) -> 74 | AO25: =(IF('Water Report'!$AA$9>0,'Water Report'!$AA$9,0)) -> 40 | AP25: =(IF('Water Report'!$AA$10>0,'Water Report'!$AA$10,0)) -> 11 | AQ25: =(IF('Water Report'!$AA$11>0,'Water Report'!$AA$11,0)) -> 16 | AR25: =(IF('Water Report'!$AA$13>0,'Water Report'!$AA$13,0)) -> 28 | AS25: =(IF('Water Report'!$AA$14>0,'Water Report'!$AA$14,0)) -> 5 | AT25: =(IF('Water Report'!$AA$15>0,'Water Report'!$AA$15,0)) -> 7 | AU25: =(IF('Water Report'!$AA$17>0,'Water Report'!$AA$17,0)) -> 0 | AV25: =(IF('Water Report'!$AA$18>0,'Water Report'!$AA$18,0)) -> 1 | AW25: =(IF('Water Report'!$AA$19>0,'Water Report'!$AA$19,0)) -> 3 | AX25: =(IF('Water Report'!$AA$21>0,'Water Report'!$AA$21,0)) -> 40 | AY25: =(IF('Water Report'!$AA$22>0,'Water Report'!$AA$22,0)) -> 40 | AZ25: =(IF('Water Report'!$AA$23>0,'Water Report'!$AA$23,0)) -> 0 | BA25: =(IF('Water Report'!$AA$14>0,'Water Report'!$AA$14,0)) -> 5 | BB25: =(IF('Water Report'!$AA$15>0,'Water Report'!$AA$15,0)) -> 7 | BC25: =(IF('Water Report'!$AA$13>0,'Water Report'!$AA$13,0)) -> 28 | BD25: =(IF('Water Report'!$AA$24>0,'Water Report'!$AA$24,0)) -> 110 | BE25: =(IF('Water Report'!$AA$25>0,'Water Report'!$AA$25,0)) -> 79 | BF25: =(IF('Water Report'!$AA$27>0,'Water Report'!$AA$27,0)) -> 68 | BG25: =(IF('Section Load'!AN28>0,'Section Load'!AN28,0)) -> 510.695 | BH25: =(IF('Section Load'!AO28>0,'Section Load'!AO28,0)) -> 230.16 | BI25: =(IF('Section Load'!AP28>0,'Section Load'!AP28,0)) -> 0 | BJ25: =(IF('Section Load'!AQ28>0,'Section Load'!AQ28,0)) -> 71.79 | BK25: =(IF('Section Load'!AR28>0,'Section Load'!AR28,0)) -> 0 | BL25: =(IF('Section Load'!AS28>0,'Section Load'!AS28,0)) -> 0 | BM25: =(IF('Section Load'!AT28>0,'Section Load'!AT28,0)) -> 208.745
A26: Mumbai | B26: =B25+1 -> 25 | C26: 5 | D26: 2021 | E26: =(IF('Section Load'!F29>0,'Section Load'!F29,0)) -> 2110.88 | F26: =(IF('Section Load'!G29>0,'Section Load'!G29,0)) -> 1247.85 | G26: =(IF('Section Load'!H29>0,'Section Load'!H29,0)) -> 1212.33 | H26: =(IF('Section Load'!I29>0,'Section Load'!I29,0)) -> 2568.6 | I26: =(IF('Section Load'!J29>0,'Section Load'!J29,0)) -> 5004.34 | J26: =(IF('Section Load'!K29>0,'Section Load'!K29,0)) -> 2198.7 | K26: =(IF('Section Load'!L29>0,'Section Load'!L29,0)) -> 860.52 | L26: =(IF('Section Load'!M29>0,'Section Load'!M29,0)) -> 844.16 | ... AL26: =(IF('Section Load'!AM29>0,'Section Load'!AM29,0)) -> 649 | AM26: =(IF('Water Report'!$AB$7>0,'Water Report'!$AB$7,0)) -> 54 | AN26: =(IF('Water Report'!$AB$8>0,'Water Report'!$AB$8,0)) -> 97 | AO26: =(IF('Water Report'!$AB$9>0,'Water Report'!$AB$9,0)) -> 78 | AP26: =(IF('Water Report'!$AB$10>0,'Water Report'!$AB$10,0)) -> 9 | AQ26: =(IF('Water Report'!$AB$11>0,'Water Report'!$AB$11,0)) -> 13 | AR26: =(IF('Water Report'!$AB$13>0,'Water Report'!$AB$13,0)) -> 7 | AS26: =(IF('Water Report'!$AB$14>0,'Water Report'!$AB$14,0)) -> 8 | AT26: =(IF('Water Report'!$AB$15>0,'Water Report'!$AB$15,0)) -> 12 | AU26: =(IF('Water Report'!$AB$17>0,'Water Report'!$AB$17,0)) -> 0 | AV26: =(IF('Water Report'!$AB$18>0,'Water Report'!$AB$18,0)) -> 16 | AW26: =(IF('Water Report'!$AB$19>0,'Water Report'!$AB$19,0)) -> 0 | AX26: =(IF('Water Report'!$AB$21>0,'Water Report'!$AB$21,0)) -> 50 | AY26: =(IF('Water Report'!$AB$22>0,'Water Report'!$AB$22,0)) -> 0 | AZ26: =(IF('Water Report'!$AB$23>0,'Water Report'!$AB$23,0)) -> 16 | BA26: =(IF('Water Report'!$AB$14>0,'Water Report'!$AB$14,0)) -> 8 | BB26: =(IF('Water Report'!$AB$15>0,'Water Report'!$AB$15,0)) -> 12 | BC26: =(IF('Water Report'!$AB$13>0,'Water Report'!$AB$13,0)) -> 7 | BD26: =(IF('Water Report'!$AB$24>0,'Water Report'!$AB$24,0)) -> 120 | BE26: =(IF('Water Report'!$AB$25>0,'Water Report'!$AB$25,0)) -> 120 | BF26: =(IF('Water Report'!$AB$27>0,'Water Report'!$AB$27,0)) -> 73 | BG26: =(IF('Section Load'!AN29>0,'Section Load'!AN29,0)) -> 675.289 | BH26: =(IF('Section Load'!AO29>0,'Section Load'!AO29,0)) -> 208.4 | BI26: =(IF('Section Load'!AP29>0,'Section Load'!AP29,0)) -> 0 | BJ26: =(IF('Section Load'!AQ29>0,'Section Load'!AQ29,0)) -> 74.12 | BK26: =(IF('Section Load'!AR29>0,'Section Load'!AR29,0)) -> 0 | BL26: =(IF('Section Load'!AS29>0,'Section Load'!AS29,0)) -> 0 | BM26: =(IF('Section Load'!AT29>0,'Section Load'!AT29,0)) -> 392.769
A27: Mumbai | B27: =B26+1 -> 26 | C27: 5 | D27: 2021 | E27: =(IF('Section Load'!F30>0,'Section Load'!F30,0)) -> 2644.96 | F27: =(IF('Section Load'!G30>0,'Section Load'!G30,0)) -> 1344 | G27: =(IF('Section Load'!H30>0,'Section Load'!H30,0)) -> 1226.35 | H27: =(IF('Section Load'!I30>0,'Section Load'!I30,0)) -> 2690.88 | I27: =(IF('Section Load'!J30>0,'Section Load'!J30,0)) -> 5995.25 | J27: =(IF('Section Load'!K30>0,'Section Load'!K30,0)) -> 2602.8 | K27: =(IF('Section Load'!L30>0,'Section Load'!L30,0)) -> 1413.72 | L27: =(IF('Section Load'!M30>0,'Section Load'!M30,0)) -> 613.9 | ... AL27: =(IF('Section Load'!AM30>0,'Section Load'!AM30,0)) -> 786 | AM27: =(IF('Water Report'!$AC$7>0,'Water Report'!$AC$7,0)) -> 38 | AN27: =(IF('Water Report'!$AC$8>0,'Water Report'!$AC$8,0)) -> 79 | AO27: =(IF('Water Report'!$AC$9>0,'Water Report'!$AC$9,0)) -> 43 | AP27: =(IF('Water Report'!$AC$10>0,'Water Report'!$AC$10,0)) -> 9 | AQ27: =(IF('Water Report'!$AC$11>0,'Water Report'!$AC$11,0)) -> 18 | AR27: =(IF('Water Report'!$AC$13>0,'Water Report'!$AC$13,0)) -> 5 | AS27: =(IF('Water Report'!$AC$14>0,'Water Report'!$AC$14,0)) -> 5 | AT27: =(IF('Water Report'!$AC$15>0,'Water Report'!$AC$15,0)) -> 6 | AU27: =(IF('Water Report'!$AC$17>0,'Water Report'!$AC$17,0)) -> 0 | AV27: =(IF('Water Report'!$AC$18>0,'Water Report'!$AC$18,0)) -> 1 | AW27: =(IF('Water Report'!$AC$19>0,'Water Report'!$AC$19,0)) -> 7 | AX27: =(IF('Water Report'!$AC$21>0,'Water Report'!$AC$21,0)) -> 98 | AY27: =(IF('Water Report'!$AC$22>0,'Water Report'!$AC$22,0)) -> 24 | AZ27: =(IF('Water Report'!$AC$23>0,'Water Report'!$AC$23,0)) -> 0 | BA27: =(IF('Water Report'!$AC$14>0,'Water Report'!$AC$14,0)) -> 5 | BB27: =(IF('Water Report'!$AC$15>0,'Water Report'!$AC$15,0)) -> 6 | BC27: =(IF('Water Report'!$AC$13>0,'Water Report'!$AC$13,0)) -> 5 | BD27: =(IF('Water Report'!$AC$24>0,'Water Report'!$AC$24,0)) -> 113 | BE27: =(IF('Water Report'!$AC$25>0,'Water Report'!$AC$25,0)) -> 81 | BF27: =(IF('Water Report'!$AC$27>0,'Water Report'!$AC$27,0)) -> 103 | BG27: =(IF('Section Load'!AN30>0,'Section Load'!AN30,0)) -> 374.081 | BH27: =(IF('Section Load'!AO30>0,'Section Load'!AO30,0)) -> 207.51 | BI27: =(IF('Section Load'!AP30>0,'Section Load'!AP30,0)) -> 0 | BJ27: =(IF('Section Load'!AQ30>0,'Section Load'!AQ30,0)) -> 71.22 | BK27: =(IF('Section Load'!AR30>0,'Section Load'!AR30,0)) -> 0 | BL27: =(IF('Section Load'!AS30>0,'Section Load'!AS30,0)) -> 0 | BM27: =(IF('Section Load'!AT30>0,'Section Load'!AT30,0)) -> 95.351
A28: Mumbai | B28: =B27+1 -> 27 | C28: 5 | D28: 2021 | E28: =(IF('Section Load'!F31>0,'Section Load'!F31,0)) -> 2481.25 | F28: =(IF('Section Load'!G31>0,'Section Load'!G31,0)) -> 1296.4 | G28: =(IF('Section Load'!H31>0,'Section Load'!H31,0)) -> 1176.54 | H28: =(IF('Section Load'!I31>0,'Section Load'!I31,0)) -> 2773.98 | I28: =(IF('Section Load'!J31>0,'Section Load'!J31,0)) -> 4767.47 | J28: =(IF('Section Load'!K31>0,'Section Load'!K31,0)) -> 2345.7 | K28: =(IF('Section Load'!L31>0,'Section Load'!L31,0)) -> 845.17 | L28: =(IF('Section Load'!M31>0,'Section Load'!M31,0)) -> 766.84 | ... AL28: =(IF('Section Load'!AM31>0,'Section Load'!AM31,0)) -> 763 | AM28: =(IF('Water Report'!$AD$7>0,'Water Report'!$AD$7,0)) -> 35 | AN28: =(IF('Water Report'!$AD$8>0,'Water Report'!$AD$8,0)) -> 86 | AO28: =(IF('Water Report'!$AD$9>0,'Water Report'!$AD$9,0)) -> 49 | AP28: =(IF('Water Report'!$AD$10>0,'Water Report'!AD$10,0)) -> 11 | AQ28: =(IF('Water Report'!$AD$11>0,'Water Report'!AE$11,0)) -> 18 | AR28: =(IF('Water Report'!$AD$13>0,'Water Report'!AF$13,0)) -> 4 | AS28: =(IF('Water Report'!$AD$14>0,'Water Report'!AG$14,0)) -> 9 | AT28: =(IF('Water Report'!$AD$15>0,'Water Report'!AH$15,0)) -> 6 | AU28: =(IF('Water Report'!$AD$17>0,'Water Report'!AI$17,0)) -> 0 | AV28: =(IF('Water Report'!$AD$18>0,'Water Report'!AJ$18,0)) -> 0 | AW28: =(IF('Water Report'!$AD$19>0,'Water Report'!AK$19,0)) -> 0 | AX28: =(IF('Water Report'!$AD$21>0,'Water Report'!AL$21,0)) -> 0 | AY28: =(IF('Water Report'!$AD$22>0,'Water Report'!AM$22,0)) -> 0 | AZ28: =(IF('Water Report'!$AD$23>0,'Water Report'!AN$23,0)) -> 0 | BA28: =(IF('Water Report'!$AD$14>0,'Water Report'!AO$14,0)) -> 0 | BB28: =(IF('Water Report'!$AD$15>0,'Water Report'!AP$15,0)) -> 0 | BC28: =(IF('Water Report'!$AD$13>0,'Water Report'!AQ$13,0)) -> 0 | BD28: =(IF('Water Report'!$AD$24>0,'Water Report'!AR$24,0)) -> 0 | BE28: =(IF('Water Report'!$AD$25>0,'Water Report'!AS$25,0)) -> 0 | BF28: =(IF('Water Report'!$AD$27>0,'Water Report'!AT$27,0)) -> 0 | BG28: =(IF('Section Load'!AN31>0,'Section Load'!AN31,0)) -> 615 | BH28: =(IF('Section Load'!AO31>0,'Section Load'!AO31,0)) -> 205.09 | BI28: =(IF('Section Load'!AP31>0,'Section Load'!AP31,0)) -> 0 | BJ28: =(IF('Section Load'!AQ31>0,'Section Load'!AQ31,0)) -> 53.03 | BK28: =(IF('Section Load'!AR31>0,'Section Load'!AR31,0)) -> 0 | BL28: =(IF('Section Load'!AS31>0,'Section Load'!AS31,0)) -> 0 | BM28: =(IF('Section Load'!AT31>0,'Section Load'!AT31,0)) -> 356.88
A29: Mumbai | B29: =B28+1 -> 28 | C29: 5 | D29: 2021 | E29: =(IF('Section Load'!F32>0,'Section Load'!F32,0)) -> 2485 | F29: =(IF('Section Load'!G32>0,'Section Load'!G32,0)) -> 1279 | G29: =(IF('Section Load'!H32>0,'Section Load'!H32,0)) -> 1195.07 | H29: =(IF('Section Load'!I32>0,'Section Load'!I32,0)) -> 2711 | I29: =(IF('Section Load'!J32>0,'Section Load'!J32,0)) -> 4796 | J29: =(IF('Section Load'!K32>0,'Section Load'!K32,0)) -> 2329.33 | K29: =(IF('Section Load'!L32>0,'Section Load'!L32,0)) -> 832 | L29: =(IF('Section Load'!M32>0,'Section Load'!M32,0)) -> 600.26 | ... AL29: =(IF('Section Load'!AM32>0,'Section Load'!AM32,0)) -> 879 | AM29: =(IF('Water Report'!$AE$7>0,'Water Report'!$AE$7,0)) -> 28 | AN29: =(IF('Water Report'!$AE$8>0,'Water Report'!$AE$8,0)) -> 80 | AO29: =(IF('Water Report'!$AE$9>0,'Water Report'!$AE$9,0)) -> 51 | AP29: =(IF('Water Report'!$AE$10>0,'Water Report'!$AE$10,0)) -> 7 | AQ29: =(IF('Water Report'!$AE$11>0,'Water Report'!$AE$11,0)) -> 18 | AR29: =(IF('Water Report'!$AE$13>0,'Water Report'!$AE$13,0)) -> 4 | AS29: =(IF('Water Report'!$AE$14>0,'Water Report'!$AE$14,0)) -> 6 | AT29: =(IF('Water Report'!$AE$15>0,'Water Report'!$AE$15,0)) -> 4 | AU29: =(IF('Water Report'!$AE$17>0,'Water Report'!$AE$17,0)) -> 0 | AV29: =(IF('Water Report'!$AE$18>0,'Water Report'!$AE$18,0)) -> 14 | AW29: =(IF('Water Report'!$AE$19>0,'Water Report'!$AE$19,0)) -> 5 | AX29: =(IF('Water Report'!$AE$21>0,'Water Report'!$AE$21,0)) -> 56 | AY29: =(IF('Water Report'!$AE$22>0,'Water Report'!$AE$22,0)) -> 0 | AZ29: =(IF('Water Report'!$AE$23>0,'Water Report'!$AE$23,0)) -> 0 | BA29: =(IF('Water Report'!$AE$14>0,'Water Report'!$AE$14,0)) -> 6 | BB29: =(IF('Water Report'!$AE$15>0,'Water Report'!$AE$15,0)) -> 4 | BC29: =(IF('Water Report'!$AE$13>0,'Water Report'!$AE$13,0)) -> 4 | BD29: =(IF('Water Report'!$AE$24>0,'Water Report'!$AE$24,0)) -> 100 | BE29: =(IF('Water Report'!$AE$25>0,'Water Report'!$AE$25,0)) -> 86 | BF29: =(IF('Water Report'!$AE$27>0,'Water Report'!$AE$27,0)) -> 60 | BG29: =(IF('Section Load'!AN32>0,'Section Load'!AN32,0)) -> 458 | BH29: =(IF('Section Load'!AO32>0,'Section Load'!AO32,0)) -> 197 | BI29: =(IF('Section Load'!AP32>0,'Section Load'!AP32,0)) -> 0 | BJ29: =(IF('Section Load'!AQ32>0,'Section Load'!AQ32,0)) -> 66 | BK29: =(IF('Section Load'!AR32>0,'Section Load'!AR32,0)) -> 0 | BL29: =(IF('Section Load'!AS32>0,'Section Load'!AS32,0)) -> 0.4 | BM29: =(IF('Section Load'!AT32>0,'Section Load'!AT32,0)) -> 194.8
A30: Mumbai | B30: =B29+1 -> 29 | C30: 5 | D30: 2021 | E30: =(IF('Section Load'!F33>0,'Section Load'!F33,0)) -> 2408 | F30: =(IF('Section Load'!G33>0,'Section Load'!G33,0)) -> 1353.87 | G30: =(IF('Section Load'!H33>0,'Section Load'!H33,0)) -> 1218 | H30: =(IF('Section Load'!I33>0,'Section Load'!I33,0)) -> 2918 | I30: =(IF('Section Load'!J33>0,'Section Load'!J33,0)) -> 4832 | J30: =(IF('Section Load'!K33>0,'Section Load'!K33,0)) -> 2325.67 | K30: =(IF('Section Load'!L33>0,'Section Load'!L33,0)) -> 866 | L30: =(IF('Section Load'!M33>0,'Section Load'!M33,0)) -> 525.64 | ... AL30: =(IF('Section Load'!AM33>0,'Section Load'!AM33,0)) -> 872 | AM30: =(IF('Water Report'!$AF$7>0,'Water Report'!$AF$7,0)) -> 39 | AN30: =(IF('Water Report'!$AF$8>0,'Water Report'!$AF$8,0)) -> 68 | AO30: =(IF('Water Report'!$AF$9>0,'Water Report'!$AF$9,0)) -> 46 | AP30: =(IF('Water Report'!$AF$10>0,'Water Report'!$AF$10,0)) -> 9 | AQ30: =(IF('Water Report'!$AF$11>0,'Water Report'!$AF$11,0)) -> 35 | AR30: =(IF('Water Report'!$AF$13>0,'Water Report'!$AF$13,0)) -> 4 | AS30: =(IF('Water Report'!$AF$14>0,'Water Report'!$AF$14,0)) -> 7 | AT30: =(IF('Water Report'!$AF$15>0,'Water Report'!$AF$15,0)) -> 6 | AU30: =(IF('Water Report'!$AF$17>0,'Water Report'!$AF$17,0)) -> 0 | AV30: =(IF('Water Report'!$AF$18>0,'Water Report'!$AF$18,0)) -> 0 | AW30: =(IF('Water Report'!$AF$19>0,'Water Report'!$AF$19,0)) -> 0 | AX30: =(IF('Water Report'!$AF$21>0,'Water Report'!$AF$21,0)) -> 66 | AY30: =(IF('Water Report'!$AF$22>0,'Water Report'!$AF$22,0)) -> 18 | AZ30: =(IF('Water Report'!$AF$23>0,'Water Report'!$AF$23,0)) -> 17 | BA30: =(IF('Water Report'!$AF$14>0,'Water Report'!$AF$14,0)) -> 7 | BB30: =(IF('Water Report'!$AF$15>0,'Water Report'!$AF$15,0)) -> 6 | BC30: =(IF('Water Report'!$AF$13>0,'Water Report'!$AF$13,0)) -> 4 | BD30: =(IF('Water Report'!$AF$24>0,'Water Report'!$AF$24,0)) -> 117 | BE30: =(IF('Water Report'!$AF$25>0,'Water Report'!$AF$25,0)) -> 103 | BF30: =(IF('Water Report'!$AF$27>0,'Water Report'!$AF$27,0)) -> 87 | BG30: =(IF('Section Load'!AN33>0,'Section Load'!AN33,0)) -> 318 | BH30: =(IF('Section Load'!AO33>0,'Section Load'!AO33,0)) -> 197 | BI30: =(IF('Section Load'!AP33>0,'Section Load'!AP33,0)) -> 0 | BJ30: =(IF('Section Load'!AQ33>0,'Section Load'!AQ33,0)) -> 66 | BK30: =(IF('Section Load'!AR33>0,'Section Load'!AR33,0)) -> 0 | BL30: =(IF('Section Load'!AS33>0,'Section Load'!AS33,0)) -> 0 | BM30: =(IF('Section Load'!AT33>0,'Section Load'!AT33,0)) -> 55.4
A31: Mumbai | B31: =B30+1 -> 30 | C31: 5 | D31: 2021 | E31: =(IF('Section Load'!F34>0,'Section Load'!F34,0)) -> 2377 | F31: =(IF('Section Load'!G34>0,'Section Load'!G34,0)) -> 1302.13 | G31: =(IF('Section Load'!H34>0,'Section Load'!H34,0)) -> 1330.93 | H31: =(IF('Section Load'!I34>0,'Section Load'!I34,0)) -> 2954 | I31: =(IF('Section Load'!J34>0,'Section Load'!J34,0)) -> 5573 | J31: =(IF('Section Load'!K34>0,'Section Load'!K34,0)) -> 2307 | K31: =(IF('Section Load'!L34>0,'Section Load'!L34,0)) -> 926 | L31: =(IF('Section Load'!M34>0,'Section Load'!M34,0)) -> 572.66 | ... AL31: =(IF('Section Load'!AM34>0,'Section Load'!AM34,0)) -> 802 | AM31: =(IF('Water Report'!$AG$7>0,'Water Report'!$AG$7,0)) -> 0 | AN31: =(IF('Water Report'!$AG$8>0,'Water Report'!$AG$8,0)) -> 112 | AO31: =(IF('Water Report'!$AG$9>0,'Water Report'!$AG$9,0)) -> 38 | AP31: =(IF('Water Report'!$AG$10>0,'Water Report'!$DAG$10,0)) -> 0 | AQ31: =(IF('Water Report'!$AG$11>0,'Water Report'!$DAG$11,0)) -> 0 | AR31: =(IF('Water Report'!$AG$13>0,'Water Report'!$DAG$13,0)) -> 0 | AS31: =(IF('Water Report'!$AG$14>0,'Water Report'!$DAG$14,0)) -> 0 | AT31: =(IF('Water Report'!$AG$15>0,'Water Report'!$DAG$15,0)) -> 0 | AU31: =(IF('Water Report'!$AG$17>0,'Water Report'!$DAG$17,0)) -> 0 | AV31: =(IF('Water Report'!$AG$18>0,'Water Report'!$DAG$18,0)) -> 0 | AW31: =(IF('Water Report'!$AG$19>0,'Water Report'!$DAG$19,0)) -> 0 | AX31: =(IF('Water Report'!$AG$21>0,'Water Report'!$DAG$21,0)) -> 0 | AY31: =(IF('Water Report'!$AG$22>0,'Water Report'!$DAG$22,0)) -> 0 | AZ31: =(IF('Water Report'!$AG$23>0,'Water Report'!$DAG$23,0)) -> 0 | BA31: =(IF('Water Report'!$AG$14>0,'Water Report'!$DAG$14,0)) -> 0 | BB31: =(IF('Water Report'!$AG$15>0,'Water Report'!$DAG$15,0)) -> 0 | BC31: =(IF('Water Report'!$AG$13>0,'Water Report'!$DAG$13,0)) -> 0 | BD31: =(IF('Water Report'!$AG$24>0,'Water Report'!$DAG$24,0)) -> 0 | BE31: =(IF('Water Report'!$AG$25>0,'Water Report'!$DAG$25,0)) -> 0 | BF31: =(IF('Water Report'!$AG$27>0,'Water Report'!$DAG$27,0)) -> 0 | BG31: =(IF('Section Load'!AN34>0,'Section Load'!AN34,0)) -> 484 | BH31: =(IF('Section Load'!AO34>0,'Section Load'!AO34,0)) -> 217 | BI31: =(IF('Section Load'!AP34>0,'Section Load'!AP34,0)) -> 0.4 | BJ31: =(IF('Section Load'!AQ34>0,'Section Load'!AQ34,0)) -> 65 | BK31: =(IF('Section Load'!AR34>0,'Section Load'!AR34,0)) -> 0 | BL31: =(IF('Section Load'!AS34>0,'Section Load'!AS34,0)) -> 0 | BM31: =(IF('Section Load'!AT34>0,'Section Load'!AT34,0)) -> 201.6
A32: Mumbai | B32: =B31+1 -> 31 | C32: 5 | D32: 2021 | E32: =(IF('Section Load'!F35>0,'Section Load'!F35,0)) -> 2344.87 | F32: =(IF('Section Load'!G35>0,'Section Load'!G35,0)) -> 1260 | G32: =(IF('Section Load'!H35>0,'Section Load'!H35,0)) -> 1249 | H32: =(IF('Section Load'!I35>0,'Section Load'!I35,0)) -> 2684 | I32: =(IF('Section Load'!J35>0,'Section Load'!J35,0)) -> 5603 | J32: =(IF('Section Load'!K35>0,'Section Load'!K35,0)) -> 2277 | K32: =(IF('Section Load'!L35>0,'Section Load'!L35,0)) -> 884 | L32: =(IF('Section Load'!M35>0,'Section Load'!M35,0)) -> 528.2 | ... AL32: =(IF('Section Load'!AM35>0,'Section Load'!AM35,0)) -> 805 | AM32: =(IF('Water Report'!$AH$7>0,'Water Report'!$AH$7,0)) -> 110 | AN32: =(IF('Water Report'!$AH$8>0,'Water Report'!$AH$8,0)) -> 79 | AO32: =(IF('Water Report'!$AH$9>0,'Water Report'!$AH$9,0)) -> 54 | AP32: =(IF('Water Report'!$AH$10>0,'Water Report'!$DAH$10,0)) -> 0 | AQ32: =(IF('Water Report'!$AH$11>0,'Water Report'!$DAH$11,0)) -> 0 | AR32: =(IF('Water Report'!$AH$13>0,'Water Report'!$DAH$13,0)) -> 0 | AS32: =(IF('Water Report'!$AH$14>0,'Water Report'!$DAH$14,0)) -> 0 | AT32: =(IF('Water Report'!$AH$15>0,'Water Report'!$DAH$15,0)) -> 0 | AU32: =(IF('Water Report'!$AH$17>0,'Water Report'!$DAH$17,0)) -> 0 | AV32: =(IF('Water Report'!$AH$18>0,'Water Report'!$DAH$18,0)) -> 0 | AW32: =(IF('Water Report'!$AH$19>0,'Water Report'!$DAH$19,0)) -> 0 | AX32: =(IF('Water Report'!$AH$21>0,'Water Report'!$DAH$21,0)) -> 0 | AY32: =(IF('Water Report'!$AH$22>0,'Water Report'!$DAH$22,0)) -> 0 | AZ32: =(IF('Water Report'!$AH$23>0,'Water Report'!$DAH$23,0)) -> 0 | BA32: =(IF('Water Report'!$AH$14>0,'Water Report'!$DAH$14,0)) -> 0 | BB32: =(IF('Water Report'!$AH$15>0,'Water Report'!$DAH$15,0)) -> 0 | BC32: =(IF('Water Report'!$AH$13>0,'Water Report'!$DAH$13,0)) -> 0 | BD32: =(IF('Water Report'!$AH$24>0,'Water Report'!$DAH$24,0)) -> 0 | BE32: =(IF('Water Report'!$AH$25>0,'Water Report'!$DAH$25,0)) -> 0 | BF32: =(IF('Water Report'!$AH$27>0,'Water Report'!$DAH$27,0)) -> 0 | BG32: =(IF('Section Load'!AN35>0,'Section Load'!AN35,0)) -> 640 | BH32: =(IF('Section Load'!AO35>0,'Section Load'!AO35,0)) -> 177 | BI32: =(IF('Section Load'!AP35>0,'Section Load'!AP35,0)) -> 0 | BJ32: =(IF('Section Load'!AQ35>0,'Section Load'!AQ35,0)) -> 58 | BK32: =(IF('Section Load'!AR35>0,'Section Load'!AR35,0)) -> 2 | BL32: =(IF('Section Load'!AS35>0,'Section Load'!AS35,0)) -> 1 | BM32: =(IF('Section Load'!AT35>0,'Section Load'!AT35,0)) -> 402

Sheet Daily HLP
A2: Date | B2: Date | C2: Min.Tem (Degee) | D2: Avg.Temp (Degree) | E2: Hum % | F2: Occu. | G2: KWAH | I2: Electricity | M2: Gas | P2: Water | S2: Water per occiped room | T2: Diesel | W2: Water Consumption Zone | AA2: Chiller Running Hrs | AF2: Chiller Total | AG2: Chiller Avg. Laod | AH2: Boiler Running Hrs | AK2: Total boiler | AL2: Hot Water Generator | AO2: Total HWG RH | AP2: HWG Gas consumption | AQ2: Transformer -1 | BA2: Transformer -2 | BO2: Total HLP Cost | BQ2: Chiller lock at 70%
F3: % | H3: KVAH | I3: Units (Kwh) | J3: Rate | K3: Total Cost(Rs) | L3: Per room | M3: Total Units(CuM) | N3: Rate | O3: Total Cost(Rs) | P3: Units(KL) | Q3: Rate | R3: Total Cost(Rs) | T3: Ltrs | U3: Rate | V3: Total Cost(Rs) | W3: Zone-1 | X3: Zone-2 | Y3: Zone-3 | AA3: CH1 | AB3: CH2 | AC3: CH3 | AD3: CH4 | AE3: Total chiller | AH3: Boiler1 | AI3: Boiler2 | AJ3: Boiler3 | AL3: HWG1 | AM3: HWG2 | AQ3: HVAC-1 | AR3: FPP-1 | AS3: MPP | AT3: Lighting-1 | AU3: Cap bank 1100KVAR-1 | AV3: CH-1 | AW3: CH-2 | AX3: Chilled water Pump | AY3: Co Generator | AZ3: Ball Room-2 | BA3: HVAC-2 | BB3: FPP-2 | BC3: MPP | BD3: Lighting-2 | BE3: Cap bank 1200KVAR-2 | BF3: CH-3 | BG3: CH-4 | BH3: Chilled water Pump | BI3: Ball Room-1 | BK3: Cooling Tower consumption | BL3: HVAC% | BM3: Lighting% | BN3: Power% | BP3: Chiller Plant IKW
A4: 1 | B4: 1 | D4: ='1'!D3 -> 30 | E4: ='1'!D4 -> 0.8 | F4: ='1'!D2 -> 0.84 | G4: ='1'!G8 -> 16053 | H4: ='1'!G8 -> 16053 | I4: ='1'!G7 -> 15988 | J4: ='1'!F27 -> 9 | K4: =H4*J4 -> 144477 | L4: =I4/202 -> 79.148515 | M4: ='1'!G15 -> 334 | N4: 35 | O4: =M4*N4 -> 11690 | P4: ='1'!G20 -> 136 | Q4: 134 | R4: =P4*Q4 -> 18224 | S4: =P4/(F4*202/100) -> 80.150872 | T4: ='1'!G24 -> 0 | U4: 69 | V4: =T4*U4 -> 0 | W4: ='1'!G96 -> 72 | X4: ='1'!G97 -> 12 | Y4: ='1'!G98 -> 17 | Z4: =W4+X4+Y4 -> 101 | AA4: ='1'!G133 -> 23.85 | AB4: ='1'!G134 -> 0 | AC4: ='1'!G135 -> 0 | AD4: ='1'!G136 -> 0 | AE4: =AA4+AB4+AC4+AD4 -> 23.85 | AF4: =AV4+AW4+BF4+BG4 -> 4654.53 | AG4: =AF4/AE4 -> 195.15849 | AH4: ='1'!G137 -> 0 | AI4: ='1'!G138 -> 0 | AJ4: ='1'!G139 -> 0 | AK4: =AH4+AI4+AJ4 -> 0 | AL4: ='1'!G140 -> 8.88 | AM4: ='1'!G141 -> 0 | AO4: =AL4+AM4 -> 8.88 | AP4: ='1'!G124 -> 232.54 | AQ4: ='1'!G35 -> 2168 | AR4: ='1'!G37 -> 1282 | AS4: ='1'!G38 -> 1352 | AT4: ='1'!G39 -> 1924 | AU4: ='1'!G40 -> 0 | AV4: ='1'!G41 -> 4655 | AW4: ='1'!G42 -> 0 | AX4: ='1'!G43 -> 2319 | AY4: ='1'!G44 -> 0 | AZ4: ='1'!G36 -> 391 | BA4: ='1'!G49 -> -0.13 | BB4: ='1'!G51 -> 0 | BC4: ='1'!G52 -> 0 | BD4: ='1'!G53 -> 671 | BE4: ='1'!G54 -> 74 | BF4: ='1'!G55 -> 0 | BG4: ='1'!G56 -> -0.47 | BH4: ='1'!G57 -> 0 | BI4: ='1'!G50 -> 949 | BJ4: =SUM(AV4,AW4,BF4,BG4) -> 4654.53 | BK4: ='1'!G84 -> 715 | BL4: =SUM(AQ4,AV4,AW4,AX4,BA4,BF4,BG4,BH4)/I4% -> 57.176632 | BM4: =SUM(AT4,BD4)/I4% -> 16.230923 | BN4: =(AS4+BC4)/I4 -> 0.084563423 | BO4: =K4+O4+R4+V4 -> 174391 | BP4: =SUM(AV4,AW4,AX4,BF4,BG4,BH4,BK4) -> 7688.53 | BQ4: =BP4/(AE4*280) -> 1.1513223 | BR4: =SUM(AV4,AW4,BF4,BG4)/(AE4*400) -> 0.48789623
A5: 2 | B5: 2 | D5: ='2'!D3 -> 30 | E5: ='2'!D4 -> 0.8 | F5: ='2'!D2 -> 0.6 | G5: ='2'!G8 -> 16031 | H5: ='2'!G8 -> 16031 | I5: ='2'!G7 -> 15961 | J5: 10 | K5: =H5*J5 -> 160310 | L5: =I5/202 -> 79.014851 | M5: ='2'!G15 -> 445 | N5: 35 | O5: =M5*N5 -> 15575 | P5: ='2'!G20 -> 111 | Q5: 134 | R5: =P5*Q5 -> 14874 | S5: =P5/(F5*202/100) -> 91.584158 | T5: ='2'!G24 -> 0 | U5: 69 | V5: =T5*U5 -> 0 | W5: ='2'!G96 -> 42 | X5: ='2'!G97 -> 12 | Y5: ='2'!G98 -> 18 | Z5: =W5+X5+Y5 -> 72 | AA5: ='2'!G133 -> 23.98 | AB5: ='2'!G134 -> 0 | AC5: ='2'!G135 -> 0 | AD5: ='2'!G136 -> 0 | AE5: =AA5+AB5+AC5+AD5 -> 23.98 | AF5: =AV5+AW5+BF5+BG5 -> 5001 | AG5: =AF5/AE5 -> 208.54879 | AH5: ='2'!G137 -> 2.71 | AI5: ='2'!G138 -> 0 | AJ5: ='2'!G139 -> 0 | AK5: =AH5+AI5+AJ5 -> 2.71 | AL5: ='2'!G140 -> 7.81 | AM5: ='2'!G141 -> 0 | AO5: =AL5+AM5 -> 7.81 | AP5: ='2'!G124 -> 203 | AQ5: ='2'!G35 -> 2008 | AR5: ='2'!G37 -> 1264 | AS5: ='2'!G38 -> 1301 | AT5: ='2'!G39 -> 1888 | AU5: ='2'!G40 -> 0 | AV5: ='2'!G41 -> 5001 | AW5: ='2'!G42 -> 0 | AX5: ='2'!G43 -> 2231 | AY5: ='2'!G44 -> 0 | AZ5: ='2'!G36 -> 385 | BA5: ='2'!G49 -> 0.13 | BB5: ='2'!G51 -> 0 | BC5: ='2'!G52 -> 0 | BD5: ='2'!G53 -> 553 | BE5: ='2'!G54 -> 74 | BF5: ='2'!G55 -> 0 | BG5: ='2'!G56 -> 0 | BH5: ='2'!G57 -> 0 | BI5: ='2'!G50 -> 884 | BJ5: =SUM(AV5,AW5,BF5,BG5) -> 5001 | BK5: ='2'!G84 -> 712 | BL5: =SUM(AQ5,AV5,AW5,AX5,BA5,BF5,BG5,BH5)/I5% -> 57.891924 | BM5: =SUM(AT5,BD5)/I5% -> 15.293528 | BN5: =(AS5+BC5)/I5 -> 0.081511184 | BO5: =K5+O5+R5+V5 -> 190759 | BP5: =SUM(AV5,AW5,AX5,BF5,BG5,BH5,BK5) -> 7944 | BQ5: =BP5/(AE5*280) -> 1.1831288
A6: 3 | B6: 3 | D6: ='3'!D3 -> 29 | E6: ='3'!D4 -> 0.78 | F6: ='3'!D2 -> 0.57 | G6: ='3'!G8 -> 16089 | H6: ='3'!G8 -> 16089 | I6: ='3'!G7 -> 16029 | J6: 10 | K6: =H6*J6 -> 160890 | L6: =I6/202 -> 79.351485 | M6: ='3'!G15 -> 438 | N6: 35 | O6: =M6*N6 -> 15330 | P6: ='3'!G20 -> 116 | Q6: 134 | R6: =P6*Q6 -> 15544 | S6: =P6/(F6*202/100) -> 100.74692 | T6: ='3'!G24 -> 0 | U6: 69 | V6: =T6*U6 -> 0 | W6: ='3'!G96 -> 61 | X6: ='3'!G97 -> 17 | Y6: ='3'!G98 -> 15 | Z6: =W6+X6+Y6 -> 93 | AA6: ='3'!G133 -> 24 | AB6: ='3'!G134 -> 0 | AC6: ='3'!G135 -> 0 | AD6: ='3'!G136 -> 0 | AE6: =AA6+AB6+AC6+AD6 -> 24 | AF6: =AV6+AW6+BF6+BG6 -> 4821 | AG6: =AF6/AE6 -> 200.875 | AH6: ='3'!G137 -> 0 | AI6: ='3'!G138 -> 0.4 | AJ6: ='3'!G139 -> 9.01 | AK6: =AH6+AI6+AJ6 -> 9.41 | AL6: ='3'!G140 -> 7.4 | AM6: ='3'!G141 -> 0 | AO6: =AL6+AM6 -> 7.4 | AP6: ='3'!G124 -> 197 | AQ6: ='3'!G35 -> 2174 | AR6: ='3'!G37 -> 1224 | AS6: ='3'!G38 -> 1342 | AT6: ='3'!G39 -> 1807 | AU6: ='3'!G40 -> 0 | AV6: ='3'!G41 -> 4821 | AW6: ='3'!G42 -> 0 | AX6: ='3'!G43 -> 2220 | AY6: ='3'!G44 -> 0 | AZ6: ='3'!G36 -> 366 | BA6: ='3'!G49 -> -0.13 | BB6: ='3'!G51 -> 0 | BC6: ='3'!G52 -> 0 | BD6: ='3'!G53 -> 530 | BE6: ='3'!G54 -> 74 | BF6: ='3'!G55 -> 0 | BG6: ='3'!G56 -> 0 | BH6: ='3'!G57 -> 0 | BI6: ='3'!G50 -> 1056 | BJ6: =SUM(AV6,AW6,BF6,BG6) -> 4821 | BK6: ='3'!G84 -> 818 | BL6: =SUM(AQ6,AV6,AW6,AX6,BA6,BF6,BG6,BH6)/I6% -> 57.488739 | BM6: =SUM(AT6,BD6)/I6% -> 14.579824 | BN6: =(AS6+BC6)/I6 -> 0.083723252 | BO6: =K6+O6+R6+V6 -> 191764 | BP6: =SUM(AV6,AW6,AX6,BF6,BG6,BH6,BK6) -> 7859 | BQ6: =BP6/(AE6*280) -> 1.169494
A7: 4 | B7: 4 | D7: ='4'!D3 -> 34 | E7: ='4'!D4 -> 0.84 | F7: ='4'!D2 -> 0.1 | G7: ='4'!G8 -> 16226 | H7: ='4'!G8 -> 16226 | I7: ='4'!G7 -> 16163 | J7: 10 | K7: =H7*J7 -> 162260 | L7: =I7/202 -> 80.014851 | M7: ='4'!G15 -> 584 | N7: 35 | O7: =M7*N7 -> 20440 | P7: ='4'!G20 -> 107 | Q7: 134 | R7: =P7*Q7 -> 14338 | S7: =P7/(F7*202/100) -> 529.70297 | T7: ='4'!G24 -> 0 | U7: 69 | V7: =T7*U7 -> 0 | W7: ='4'!G96 -> 62 | X7: ='4'!G97 -> 9 | Y7: ='4'!G98 -> 18 | Z7: =W7+X7+Y7 -> 89 | AA7: ='4'!G133 -> 23.69 | AB7: ='4'!G134 -> 0 | AC7: ='4'!G135 -> 0 | AD7: ='4'!G136 -> 0 | AE7: =AA7+AB7+AC7+AD7 -> 23.69 | AF7: =AV7+AW7+BF7+BG7 -> 5147 | AG7: =AF7/AE7 -> 217.26467 | AH7: ='4'!G137 -> 7.21 | AI7: ='4'!G138 -> -0.4 | AJ7: ='4'!G139 -> 0 | AK7: =AH7+AI7+AJ7 -> 6.81 | AL7: ='4'!G140 -> 7.13 | AM7: ='4'!G141 -> 0 | AO7: =AL7+AM7 -> 7.13 | AP7: ='4'!G124 -> 189 | AQ7: ='4'!G35 -> 2161 | AR7: ='4'!G37 -> 1213 | AS7: ='4'!G38 -> 1255 | AT7: ='4'!G39 -> 1745 | AU7: ='4'!G40 -> -0.23 | AV7: ='4'!G41 -> 5099 | AW7: ='4'!G42 -> 0 | AX7: ='4'!G43 -> 2199 | AY7: ='4'!G44 -> 0 | AZ7: ='4'!G36 -> 345 | BA7: ='4'!G49 -> 0 | BB7: ='4'!G51 -> 0 | BC7: ='4'!G52 -> 0 | BD7: ='4'!G53 -> 506 | BE7: ='4'!G54 -> 72 | BF7: ='4'!G55 -> 0 | BG7: ='4'!G56 -> 48 | BH7: ='4'!G57 -> 0 | BI7: ='4'!G50 -> 1029 | BJ7: =SUM(AV7,AW7,BF7,BG7) -> 5147 | BK7: ='3'!G84 -> 818 | BL7: =SUM(AQ7,AV7,AW7,AX7,BA7,BF7,BG7,BH7)/I7% -> 58.819526 | BM7: =SUM(AT7,BD7)/I7% -> 13.92687 | BN7: =(AS7+BC7)/I7 -> 0.077646477 | BO7: =K7+O7+R7+V7 -> 197038 | BP7: =SUM(AV7,AW7,AX7,BF7,BG7,BH7,BK7) -> 8164 | BQ7: =BP7/(AE7*280) -> 1.2307785
A8: 5 | B8: 5 | D8: ='5'!D3 -> 34 | E8: ='5'!D4 -> 0.84 | F8: ='5'!D2 -> 0.11 | G8: ='5'!G8 -> 15811 | H8: ='5'!G8 -> 15811 | I8: ='5'!G7 -> 15754 | J8: 10 | K8: =H8*J8 -> 158110 | L8: =I8/202 -> 77.990099 | M8: ='5'!G15 -> 287 | N8: 35 | O8: =M8*N8 -> 10045 | P8: ='5'!G20 -> 113 | Q8: 134 | R8: =P8*Q8 -> 15142 | S8: =P8/(F8*202/100) -> 508.55086 | T8: ='5'!G24 -> 0 | U8: 69 | V8: =T8*U8 -> 0 | W8: ='5'!G96 -> 31 | X8: ='5'!G97 -> 6 | Y8: ='5'!G98 -> 11 | Z8: =W8+X8+Y8 -> 48 | AA8: ='5'!G133 -> 24 | AB8: ='5'!G134 -> 0 | AC8: ='5'!G135 -> 0 | AD8: ='5'!G136 -> 0 | AE8: =AA8+AB8+AC8+AD8 -> 24 | AF8: =AV8+AW8+BF8+BG8 -> 4970 | AG8: =AF8/AE8 -> 207.08333 | AH8: ='5'!G137 -> 0 | AI8: ='5'!G138 -> 0 | AJ8: ='5'!G139 -> 0 | AK8: =AH8+AI8+AJ8 -> 0 | AL8: ='5'!G140 -> 7.74 | AM8: ='5'!G141 -> 0 | AO8: =AL8+AM8 -> 7.74 | AP8: ='5'!G124 -> 202 | AQ8: ='5'!G35 -> 2118 | AR8: ='5'!G37 -> 1190 | AS8: ='5'!G38 -> 1208 | AT8: ='5'!G39 -> 1710 | AU8: ='5'!G40 -> 0 | AV8: ='5'!G41 -> 4961 | AW8: ='5'!G42 -> 0 | AX8: ='5'!G43 -> 2244 | AY8: ='5'!G44 -> 0 | AZ8: ='5'!G36 -> 340 | BA8: ='5'!G49 -> 0 | BB8: ='5'!G51 -> 0 | BC8: ='5'!G52 -> 0 | BD8: ='5'!G53 -> 529 | BE8: ='5'!G54 -> 71 | BF8: ='5'!G55 -> 0 | BG8: ='5'!G56 -> 9 | BH8: ='5'!G57 -> 0 | BI8: ='5'!G50 -> 990 | BJ8: =SUM(AV8,AW8,BF8,BG8) -> 4970 | BK8: ='5'!G84 -> 782 | BL8: =SUM(AQ8,AV8,AW8,AX8,BA8,BF8,BG8,BH8)/I8% -> 59.23575 | BM8: =SUM(AT8,BD8)/I8% -> 14.212264 | BN8: =(AS8+BC8)/I8 -> 0.076678939 | BO8: =K8+O8+R8+V8 -> 183297 | BP8: =SUM(AV8,AW8,AX8,BF8,BG8,BH8,BK8) -> 7996 | BQ8: =BP8/(AE8*280) -> 1.189881
A9: 6 | B9: 6 | D9: ='6'!D3 -> 34 | E9: ='6'!D4 -> 0.84 | F9: ='6'!D2 -> 0.1 | G9: ='6'!G8 -> 15655 | H9: ='6'!G8 -> 15655 | I9: ='6'!G7 -> 15577 | J9: 10 | K9: =H9*J9 -> 156550 | L9: =I9/202 -> 77.113861 | M9: ='6'!G15 -> 477 | N9: 35 | O9: =M9*N9 -> 16695 | P9: ='6'!G20 -> 56 | Q9: 134 | R9: =P9*Q9 -> 7504 | S9: =P9/(F9*202/100) -> 277.22772 | T9: ='6'!G24 -> 0 | U9: 69 | V9: =T9*U9 -> 0 | W9: ='6'!G96 -> 39 | X9: ='6'!G97 -> 9 | Y9: ='6'!G98 -> 9 | Z9: =W9+X9+Y9 -> 57 | AA9: ='6'!G133 -> 24 | AB9: ='6'!G134 -> 0 | AC9: ='6'!G135 -> 0 | AD9: ='6'!G136 -> -0.44 | AE9: =AA9+AB9+AC9+AD9 -> 23.56 | AF9: =AV9+AW9+BF9+BG9 -> 4851 | AG9: =AF9/AE9 -> 205.89983 | AH9: ='6'!G137 -> 0 | AI9: ='6'!G138 -> 0 | AJ9: ='6'!G139 -> 11.38 | AK9: =AH9+AI9+AJ9 -> 11.38 | AL9: ='6'!G140 -> 7.66 | AM9: ='6'!G141 -> 0 | AO9: =AL9+AM9 -> 7.66 | AP9: ='6'!G124 -> 206 | AQ9: ='6'!G35 -> 2168 | AR9: ='6'!G37 -> 1189 | AS9: ='6'!G38 -> 1199 | AT9: ='6'!G39 -> 1647 | AU9: ='6'!G40 -> 0 | AV9: ='6'!G41 -> 4841 | AW9: ='6'!G42 -> 0 | AX9: ='6'!G43 -> 2297 | AY9: ='6'!G44 -> 0 | AZ9: ='6'!G36 -> 320 | BA9: ='6'!G49 -> 0 | BB9: ='6'!G51 -> 0 | BC9: ='6'!G52 -> 0 | BD9: ='6'!G53 -> 513 | BE9: ='6'!G54 -> 74 | BF9: ='6'!G55 -> 0 | BG9: ='6'!G56 -> 10 | BH9: ='6'!G57 -> 0 | BI9: ='6'!G50 -> 848 | BJ9: =SUM(AV9,AW9,BF9,BG9) -> 4851 | BK9: ='6'!G84 -> 830 | BL9: =SUM(AQ9,AV9,AW9,AX9,BA9,BF9,BG9,BH9)/I9% -> 59.806124 | BM9: =SUM(AT9,BD9)/I9% -> 13.866598 | BN9: =(AS9+BC9)/I9 -> 0.076972459 | BO9: =K9+O9+R9+V9 -> 180749 | BP9: =SUM(AV9,AW9,AX9,BF9,BG9,BH9,BK9) -> 7978 | BQ9: =BP9/(AE9*280) -> 1.2093742
A10: 7 | B10: 7 | D10: ='7'!D3 -> 33 | E10: ='7'!D4 -> 0.8 | F10: ='7'!D2 -> 0.16 | G10: ='7'!G8 -> 15022 | H10: ='7'!G8 -> 15022 | I10: ='7'!G7 -> 14931 | J10: 10 | K10: =H10*J10 -> 150220 | L10: =I10/202 -> 73.915842 | M10: ='7'!G15 -> 348 | N10: 35 | O10: =M10*N10 -> 12180 | P10: ='7'!G20 -> 56 | Q10: 134 | R10: =P10*Q10 -> 7504 | S10: =P10/(F10*202/100) -> 173.26733 | T10: ='7'!G24 -> 0 | U10: 69 | V10: =T10*U10 -> 0 | W10: ='7'!G96 -> 31 | X10: ='7'!G97 -> 8 | Y10: ='7'!G98 -> 10 | Z10: =W10+X10+Y10 -> 49 | AA10: ='7'!G133 -> 23.6 | AB10: ='7'!G134 -> 0 | AC10: ='7'!G135 -> 0 | AD10: ='7'!G136 -> 0 | AE10: =AA10+AB10+AC10+AD10 -> 23.6 | AF10: =AV10+AW10+BF10+BG10 -> 4616 | AG10: =AF10/AE10 -> 195.59322 | AH10: ='7'!G137 -> 0 | AI10: ='7'!G138 -> 0 | AJ10: ='7'!G139 -> 0 | AK10: =AH10+AI10+AJ10 -> 0 | AL10: ='7'!G140 -> 7.77 | AM10: ='7'!G141 -> 0 | AO10: =AL10+AM10 -> 7.77 | AP10: ='7'!G124 -> 204 | AQ10: ='7'!G35 -> 2063 | AR10: ='7'!G37 -> 1225 | AS10: ='7'!G38 -> 1112 | AT10: ='7'!G39 -> 1602 | AU10: ='7'!G40 -> 0 | AV10: ='7'!G41 -> 4606 | AW10: ='7'!G42 -> 0 | AX10: ='7'!G43 -> 2190 | AY10: ='7'!G44 -> 0 | AZ10: ='7'!G36 -> 310 | BA10: ='7'!G49 -> 0 | BB10: ='7'!G51 -> 0 | BC10: ='7'!G52 -> 0 | BD10: ='7'!G53 -> 520 | BE10: ='7'!G54 -> 72 | BF10: ='7'!G55 -> 0 | BG10: ='7'!G56 -> 10 | BH10: ='7'!G57 -> 0 | BI10: ='7'!G50 -> 857 | BJ10: =SUM(AV10,AW10,BF10,BG10) -> 4616 | BK10: ='7'!G84 -> 846 | BL10: =SUM(AQ10,AV10,AW10,AX10,BA10,BF10,BG10,BH10)/I10% -> 59.399906 | BM10: =SUM(AT10,BD10)/I10% -> 14.212042 | BN10: =(AS10+BC10)/I10 -> 0.074475923 | BO10: =K10+O10+R10+V10 -> 169904 | BP10: =SUM(AV10,AW10,AX10,BF10,BG10,BH10,BK10) -> 7652 | BQ10: =BP10/(AE10*280) -> 1.1579903
A11: 8 | B11: 8 | D11: ='8'!D3 -> 27 | E11: ='8'!D4 -> 0.78 | F11: ='8'!D2 -> 0.24 | G11: ='8'!G8 -> 19564 | H11: ='8'!G8 -> 19564 | I11: ='8'!G7 -> 19453 | J11: 10 | K11: =H11*J11 -> 195640 | L11: =I11/202 -> 96.30198 | M11: ='8'!G15 -> 613.48 | N11: 35 | O11: =M11*N11 -> 21471.8 | P11: ='8'!G20 -> 115 | Q11: 134 | R11: =P11*Q11 -> 15410 | S11: =P11/(F11*202/100) -> 237.21122 | T11: ='8'!G24 -> 0 | U11: 69 | V11: =T11*U11 -> 0 | W11: ='8'!G96 -> 78 | X11: ='8'!G97 -> 9 | Y11: ='8'!G98 -> 13 | Z11: =W11+X11+Y11 -> 100 | AA11: ='8'!G133 -> 23.65 | AB11: ='8'!G134 -> 0 | AC11: ='8'!G135 -> 8.33 | AD11: ='8'!G136 -> 0 | AE11: =AA11+AB11+AC11+AD11 -> 31.98 | AF11: =AV11+AW11+BF11+BG11 -> 4895.38 | AG11: =AF11/AE11 -> 153.0763 | AH11: ='8'!G137 -> 5.75 | AI11: ='8'!G138 -> 0 | AJ11: ='8'!G139 -> 1.94 | AK11: =AH11+AI11+AJ11 -> 7.69 | AL11: ='8'!G140 -> 7.99 | AM11: ='8'!G141 -> -0.12 | AO11: =AL11+AM11 -> 7.87 | AP11: ='8'!G124 -> 209.84 | AQ11: ='8'!G35 -> 2427.47 | AR11: ='8'!G37 -> 1347.02 | AS11: ='8'!G38 -> 1203.27 | AT11: ='8'!G39 -> 1924.75 | AU11: ='8'!G40 -> 0.23 | AV11: ='8'!G41 -> 4885.19 | AW11: ='8'!G42 -> 0.08 | AX11: ='8'!G43 -> 2425.27 | AY11: ='8'!G44 -> 0 | AZ11: ='8'!G36 -> 0 | BA11: ='8'!G49 -> 0.13 | BB11: ='8'!G51 -> -0.13 | BC11: ='8'!G52 -> 0.07 | BD11: ='8'!G53 -> 521.07 | BE11: ='8'!G54 -> 3760.7 | BF11: ='8'!G55 -> 0 | BG11: ='8'!G56 -> 10.11 | BH11: ='8'!G57 -> 0 | BI11: ='8'!G50 -> 1386.31 | BJ11: =SUM(AV11,AW11,BF11,BG11) -> 4895.38 | BK11: ='8'!G84 -> 794 | BL11: =SUM(AQ11,AV11,AW11,AX11,BA11,BF11,BG11,BH11)/I11% -> 50.111808 | BM11: =SUM(AT11,BD11)/I11% -> 12.572971 | BN11: =(AS11+BC11)/I11 -> 0.061858839 | BO11: =K11+O11+R11+V11 -> 232521.8 | BP11: =SUM(AV11,AW11,AX11,BF11,BG11,BH11,BK11) -> 8114.65 | BQ11: =BP11/(AE11*280) -> 0.90621929
A12: 9 | B12: 9 | D12: ='9'!D3 -> 29 | E12: ='9'!D4 -> 0.78 | F12: ='9'!D2 -> 0.6 | G12: ='9'!G8 -> 15397 | H12: ='9'!G8 -> 15397 | I12: ='9'!G7 -> 15329 | J12: 10 | K12: =H12*J12 -> 153970 | L12: =I12/202 -> 75.886139 | M12: ='9'!G15 -> 523.52 | N12: 35 | O12: =M12*N12 -> 18323.2 | P12: ='9'!G20 -> 95 | Q12: 134 | R12: =P12*Q12 -> 12730 | S12: =P12/(F12*202/100) -> 78.382838 | T12: ='9'!G24 -> 0 | U12: 69 | V12: =T12*U12 -> 0 | W12: ='9'!G96 -> 40 | X12: ='9'!G97 -> 11 | Y12: ='9'!G98 -> 15 | Z12: =W12+X12+Y12 -> 66 | AA12: ='9'!G133 -> 23.08 | AB12: ='9'!G134 -> 0 | AC12: ='9'!G135 -> 0 | AD12: ='9'!G136 -> 0 | AE12: =AA12+AB12+AC12+AD12 -> 23.08 | AF12: =AV12+AW12+BF12+BG12 -> 4766.73 | AG12: =AF12/AE12 -> 206.53076 | AH12: ='9'!G137 -> 3.74 | AI12: ='9'!G138 -> -0.33 | AJ12: ='9'!G139 -> 3.62 | AK12: =AH12+AI12+AJ12 -> 7.03 | AL12: ='9'!G140 -> 6.74 | AM12: ='9'!G141 -> 0 | AO12: =AL12+AM12 -> 6.74 | AP12: ='9'!G124 -> 186.16 | AQ12: ='9'!G35 -> 2125.53 | AR12: ='9'!G37 -> 1183.98 | AS12: ='9'!G38 -> 1229.73 | AT12: ='9'!G39 -> 1790.25 | AU12: ='9'!G40 -> 0 | AV12: ='9'!G41 -> 4766.81 | AW12: ='9'!G42 -> -0.08 | AX12: ='9'!G43 -> 2140.73 | AY12: ='9'!G44 -> 0 | AZ12: ='9'!G36 -> 0 | BA12: ='9'!G49 -> 0 | BB12: ='9'!G51 -> 0 | BC12: ='9'!G52 -> 0 | BD12: ='9'!G53 -> 512.93 | BE12: ='9'!G54 -> 71.3 | BF12: ='9'!G55 -> 0 | BG12: ='9'!G56 -> 0 | BH12: ='9'!G57 -> 0 | BI12: ='9'!G50 -> 861.69 | BJ12: =SUM(AV12,AW12,BF12,BG12) -> 4766.73 | BK12: ='8'!G84 -> 794 | BL12: =SUM(AQ12,AV12,AW12,AX12,BA12,BF12,BG12,BH12)/I12% -> 58.927458 | BM12: =SUM(AT12,BD12)/I12% -> 15.024985 | BN12: =(AS12+BC12)/I12 -> 0.080222454 | BO12: =K12+O12+R12+V12 -> 185023.2 | BP12: =SUM(AV12,AW12,AX12,BF12,BG12,BH12,BK12) -> 7701.46 | BQ12: =BP12/(AE12*280) -> 1.1917337
A13: 10 | B13: 10 | D13: ='10'!D3 -> 30 | E13: ='10'!D4 -> 0.78 | F13: ='10'!D2 -> 0.52 | G13: ='10'!G8 -> 15255 | H13: ='10'!G8 -> 15255 | I13: ='10'!G7 -> 15144 | J13: 10 | K13: =H13*J13 -> 152550 | L13: =I13/202 -> 74.970297 | M13: ='10'!G15 -> 243 | N13: 35 | O13: =M13*N13 -> 8505 | P13: ='10'!G20 -> 77 | Q13: 134 | R13: =P13*Q13 -> 10318 | S13: =P13/(F13*202/100) -> 73.305407 | T13: ='10'!G24 -> 0 | U13: 69 | V13: =T13*U13 -> 0 | W13: ='10'!G96 -> 24 | X13: ='10'!G97 -> 7 | Y13: ='10'!G98 -> 9 | Z13: =W13+X13+Y13 -> 40 | AA13: ='10'!G133 -> 24.03 | AB13: ='10'!G134 -> 0 | AC13: ='10'!G135 -> 0 | AD13: ='10'!G136 -> 0 | AE13: =AA13+AB13+AC13+AD13 -> 24.03 | AF13: =AV13+AW13+BF13+BG13 -> 4860.89 | AG13: =AF13/AE13 -> 202.28423 | AH13: ='10'!G137 -> 0 | AI13: ='10'!G138 -> 0 | AJ13: ='10'!G139 -> 0.13 | AK13: =AH13+AI13+AJ13 -> 0.13 | AL13: ='10'!G140 -> 7.58 | AM13: ='10'!G141 -> 0 | AO13: =AL13+AM13 -> 7.58 | AP13: ='10'!G124 -> 200 | AQ13: ='10'!G35 -> 1851 | AR13: ='10'!G37 -> 1187 | AS13: ='10'!G38 -> 1067 | AT13: ='10'!G39 -> 1650 | AU13: ='10'!G40 -> 0 | AV13: ='10'!G41 -> 4861 | AW13: ='10'!G42 -> 0 | AX13: ='10'!G43 -> 2128 | AY13: ='10'!G44 -> 0 | AZ13: ='10'!G36 -> 0 | BA13: ='10'!G49 -> 0 | BB13: ='10'!G51 -> 0 | BC13: ='10'!G52 -> 0 | BD13: ='10'!G53 -> 523 | BE13: ='10'!G54 -> 73 | BF13: ='10'!G55 -> 0 | BG13: ='10'!G56 -> -0.11 | BH13: ='10'!G57 -> 0 | BI13: ='10'!G50 -> 939 | BJ13: =SUM(AV13,AW13,BF13,BG13) -> 4860.89 | BK13: ='8'!G84 -> 794 | BL13: =SUM(AQ13,AV13,AW13,AX13,BA13,BF13,BG13,BH13)/I13% -> 58.372227 | BM13: =SUM(AT13,BD13)/I13% -> 14.348917 | BN13: =(AS13+BC13)/I13 -> 0.070456947 | BO13: =K13+O13+R13+V13 -> 171373 | BP13: =SUM(AV13,AW13,AX13,BF13,BG13,BH13,BK13) -> 7782.89 | BQ13: =BP13/(AE13*280) -> 1.1567223
A14: 11 | B14: 11 | D14: ='11'!D3 -> 29 | E14: ='11'!D4 -> 0.8 | F14: ='11'!D2 -> 0.5 | G14: ='11'!G8 -> 14613.82 | H14: ='11'!G8 -> 14613.82 | I14: ='11'!G7 -> 14482.59 | J14: 10 | K14: =H14*J14 -> 146138.2 | L14: =I14/202 -> 71.69599 | M14: ='11'!G15 -> 333.69 | N14: 35 | O14: =M14*N14 -> 11679.15 | P14: ='11'!G20 -> 75 | Q14: 134 | R14: =P14*Q14 -> 10050 | S14: =P14/(F14*202/100) -> 74.257426 | T14: ='11'!G24 -> 0 | U14: 69 | V14: =T14*U14 -> 0 | W14: ='11'!G96 -> 26 | X14: ='11'!G97 -> 8 | Y14: ='11'!G98 -> 10 | Z14: =W14+X14+Y14 -> 44 | AA14: ='11'!G133 -> 24.04 | AB14: ='11'!G134 -> 0 | AC14: ='11'!G135 -> -0.33 | AD14: ='11'!G136 -> 0 | AE14: =AA14+AB14+AC14+AD14 -> 23.71 | AF14: =AV14+AW14+BF14+BG14 -> 4824.34 | AG14: =AF14/AE14 -> 203.4728 | AH14: ='11'!G137 -> 0 | AI14: ='11'!G138 -> 0.463 | AJ14: ='11'!G139 -> 0 | AK14: =AH14+AI14+AJ14 -> 0.463 | AL14: ='11'!G140 -> 7.67 | AM14: ='11'!G141 -> 0 | AO14: =AL14+AM14 -> 7.67 | AP14: ='11'!G124 -> 203 | AQ14: ='11'!G35 -> 1869.23 | AR14: ='11'!G37 -> 1191.5 | AS14: ='11'!G38 -> 998.37 | AT14: ='11'!G39 -> 1567.17 | AU14: ='11'!G40 -> 86.24 | AV14: ='11'!G41 -> 4794.03 | AW14: ='11'!G42 -> 0.08 | AX14: ='11'!G43 -> 2093.19 | AY14: ='11'!G44 -> 0 | AZ14: ='11'!G36 -> 0 | BA14: ='11'!G49 -> 0 | BB14: ='11'!G51 -> 0 | BC14: ='11'!G52 -> 0 | BD14: ='11'!G53 -> 486.23 | BE14: ='11'!G54 -> 72.65 | BF14: ='11'!G55 -> 0 | BG14: ='11'!G56 -> 30.23 | BH14: ='11'!G57 -> 0 | BI14: ='11'!G50 -> 771.95 | BJ14: =SUM(AV14,AW14,BF14,BG14) -> 4824.34 | BK14: ='11'!G84 -> 552 | BL14: =SUM(AQ14,AV14,AW14,AX14,BA14,BF14,BG14,BH14)/I14% -> 60.671192 | BM14: =SUM(AT14,BD14)/I14% -> 14.178403 | BN14: =(AS14+BC14)/I14 -> 0.068935874 | BO14: =K14+O14+R14+V14 -> 167867.35 | BP14: =SUM(AV14,AW14,AX14,BF14,BG14,BH14,BK14) -> 7469.53 | BQ14: =BP14/(AE14*280) -> 1.1251326
A15: 12 | B15: 12 | D15: ='12'!D3 -> 30 | E15: ='12'!D4 -> 0.78 | F15: ='12'!D2 -> 0.5 | G15: ='12'!G8 -> 15259.89 | H15: ='12'!G8 -> 15259.89 | I15: ='12'!G7 -> 15169.28 | J15: 10 | K15: =H15*J15 -> 152598.9 | L15: =I15/202 -> 75.095446 | M15: ='12'!G15 -> 436.43 | N15: 35 | O15: =M15*N15 -> 15275.05 | P15: ='12'!G20 -> 52 | Q15: 134 | R15: =P15*Q15 -> 6968 | S15: =P15/(F15*202/100) -> 51.485149 | T15: ='12'!G24 -> 0 | U15: 69 | V15: =T15*U15 -> 0 | W15: ='12'!G96 -> 35 | X15: ='12'!G97 -> 6 | Y15: ='12'!G98 -> 9 | Z15: =W15+X15+Y15 -> 50 | AA15: ='12'!G133 -> 20.95 | AB15: ='12'!G134 -> 0 | AC15: ='12'!G135 -> 3.43 | AD15: ='12'!G136 -> 0 | AE15: =AA15+AB15+AC15+AD15 -> 24.38 | AF15: =AV15+AW15+BF15+BG15 -> 5003 | AG15: =AF15/AE15 -> 205.20919 | AH15: ='12'!G137 -> 0 | AI15: ='12'!G138 -> -0.003 | AJ15: ='12'!G139 -> 10.05 | AK15: =AH15+AI15+AJ15 -> 10.047 | AL15: ='12'!G140 -> 7.52 | AM15: ='12'!G141 -> 0 | AO15: =AL15+AM15 -> 7.52 | AP15: ='12'!G124 -> 200.9 | AQ15: ='12'!G35 -> 1863.44 | AR15: ='12'!G37 -> 1184.36 | AS15: ='12'!G38 -> 1220.27 | AT15: ='12'!G39 -> 1670.24 | AU15: ='12'!G40 -> 64.27 | AV15: ='12'!G41 -> 4377.52 | AW15: ='12'!G42 -> 0 | AX15: ='12'!G43 -> 2094.11 | AY15: ='12'!G44 -> 0 | AZ15: ='12'!G36 -> 0 | BA15: ='12'!G49 -> 0 | BB15: ='12'!G51 -> 0 | BC15: ='12'!G52 -> 0 | BD15: ='12'!G53 -> 506.48 | BE15: ='12'!G54 -> 73.4 | BF15: ='12'!G55 -> 615.96 | BG15: ='12'!G56 -> 9.52 | BH15: ='12'!G57 -> 0 | BI15: ='12'!G50 -> 814.4 | BJ15: =SUM(AV15,AW15,BF15,BG15) -> 5003 | BK15: ='12'!G84 -> 552 | BL15: =SUM(AQ15,AV15,AW15,AX15,BA15,BF15,BG15,BH15)/I15% -> 59.070371 | BM15: =SUM(AT15,BD15)/I15% -> 14.349527 | BN15: =(AS15+BC15)/I15 -> 0.080443502 | BO15: =K15+O15+R15+V15 -> 174841.95 | BP15: =SUM(AV15,AW15,AX15,BF15,BG15,BH15,BK15) -> 7649.11 | BQ15: =BP15/(AE15*280) -> 1.1205189
A16: 13 | B16: 13 | D16: ='13'!D3 -> 29 | E16: ='13'!D4 -> 0.78 | F16: ='13'!D2 -> 0.5 | G16: ='13'!G8 -> 14671.02 | H16: ='13'!G8 -> 14671.02 | I16: ='13'!G7 -> 14565.96 | J16: 10 | K16: =H16*J16 -> 146710.2 | L16: =I16/202 -> 72.108713 | M16: ='13'!G15 -> 650.88 | N16: 35 | O16: =M16*N16 -> 22780.8 | P16: ='13'!G20 -> 77 | Q16: 134 | R16: =P16*Q16 -> 10318 | S16: =P16/(F16*202/100) -> 76.237624 | T16: ='13'!G24 -> 0 | U16: 69 | V16: =T16*U16 -> 0 | W16: ='13'!G96 -> 52 | X16: ='13'!G97 -> 6 | Y16: ='13'!G98 -> 12 | Z16: =W16+X16+Y16 -> 70 | AA16: ='13'!G133 -> 0 | AB16: ='13'!G134 -> 0 | AC16: ='13'!G135 -> 24.47 | AD16: ='13'!G136 -> 0 | AE16: =AA16+AB16+AC16+AD16 -> 24.47 | AF16: =AV16+AW16+BF16+BG16 -> 4621.1 | AG16: =AF16/AE16 -> 188.84757 | AH16: ='13'!G137 -> 7.92 | AI16: ='13'!G138 -> 0 | AJ16: ='13'!G139 -> 0 | AK16: =AH16+AI16+AJ16 -> 7.92 | AL16: ='13'!G140 -> 7.56 | AM16: ='13'!G141 -> 0 | AO16: =AL16+AM16 -> 7.56 | AP16: ='13'!G124 -> 204.88 | AQ16: ='13'!G35 -> 1794.56 | AR16: ='13'!G37 -> 1166.14 | AS16: ='13'!G38 -> 1148.22 | AT16: ='13'!G39 -> 1649.18 | AU16: ='13'!G40 -> 59.29 | AV16: ='13'!G41 -> 0 | AW16: ='13'!G42 -> 0 | AX16: ='13'!G43 -> 2011 | AY16: ='13'!G44 -> 0 | AZ16: ='13'!G36 -> 0 | BA16: ='13'!G49 -> 0 | BB16: ='13'!G51 -> 0 | BC16: ='13'!G52 -> 0 | BD16: ='13'!G53 -> 417.44 | BE16: ='13'!G54 -> 75.16 | BF16: ='13'!G55 -> 4611.14 | BG16: ='13'!G56 -> 9.96 | BH16: ='13'!G57 -> 0.33 | BI16: ='13'!G50 -> 820.8 | BJ16: =SUM(AV16,AW16,BF16,BG16) -> 4621.1 | BK16: ='13'!G84 -> 551 | BL16: =SUM(AQ16,AV16,AW16,AX16,BA16,BF16,BG16,BH16)/I16% -> 57.853997 | BM16: =SUM(AT16,BD16)/I16% -> 14.188011 | BN16: =(AS16+BC16)/I16 -> 0.078828996 | BO16: =K16+O16+R16+V16 -> 179809 | BP16: =SUM(AV16,AW16,AX16,BF16,BG16,BH16,BK16) -> 7183.43 | BQ16: =BP16/(AE16*280) -> 1.048431
A17: 14 | B17: 14 | D17: ='14'!D3 -> 30 | E17: ='14'!D4 -> 0.78 | F17: ='14'!D2 -> 0.63 | G17: ='14'!G8 -> 14430.55 | H17: ='14'!G8 -> 14430.55 | I17: ='14'!G7 -> 14303.68 | J17: 10 | K17: =H17*J17 -> 144305.5 | L17: =I17/202 -> 70.810297 | M17: ='14'!G15 -> 292.58 | N17: 35 | O17: =M17*N17 -> 10240.3 | P17: ='14'!G20 -> 77 | Q17: 134 | R17: =P17*Q17 -> 10318 | S17: =P17/(F17*202/100) -> 60.506051 | T17: ='14'!G24 -> 0 | U17: 69 | V17: =T17*U17 -> 0 | W17: ='14'!G96 -> 46 | X17: ='14'!G97 -> 10 | Y17: ='14'!G98 -> 17 | Z17: =W17+X17+Y17 -> 73 | AA17: ='14'!G133 -> 0 | AB17: ='14'!G134 -> 0 | AC17: ='14'!G135 -> 24.23 | AD17: ='14'!G136 -> 0.42 | AE17: =AA17+AB17+AC17+AD17 -> 24.65 | AF17: =AV17+AW17+BF17+BG17 -> 4497.89 | AG17: =AF17/AE17 -> 182.47018 | AH17: ='14'!G137 -> 0 | AI17: ='14'!G138 -> 0 | AJ17: ='14'!G139 -> 0 | AK17: =AH17+AI17+AJ17 -> 0 | AL17: ='14'!G140 -> 7.58 | AM17: ='14'!G141 -> 0 | AO17: =AL17+AM17 -> 7.58 | AP17: ='14'!G124 -> 201.31 | AQ17: ='14'!G35 -> 1788.72 | AR17: ='14'!G37 -> 1194.91 | AS17: ='14'!G38 -> 1089.11 | AT17: ='14'!G39 -> 1783.3 | AU17: ='14'!G40 -> 53 | AV17: ='14'!G41 -> 0 | AW17: ='14'!G42 -> 0 | AX17: ='14'!G43 -> 2007.9 | AY17: ='14'!G44 -> 0 | AZ17: ='14'!G36 -> 0 | BA17: ='14'!G49 -> 0 | BB17: ='14'!G51 -> 0 | BC17: ='14'!G52 -> 0 | BD17: ='14'!G53 -> 424.14 | BE17: ='14'!G54 -> 71.8 | BF17: ='14'!G55 -> 4497.89 | BG17: ='14'!G56 -> 0 | BH17: ='14'!G57 -> 0 | BI17: ='14'!G50 -> 785.84 | BJ17: =SUM(AV17,AW17,BF17,BG17) -> 4497.89 | BK17: ='14'!G84 -> 562 | BL17: =SUM(AQ17,AV17,AW17,AX17,BA17,BF17,BG17,BH17)/I17% -> 57.988643 | BM17: =SUM(AT17,BD17)/I17% -> 15.432672 | BN17: =(AS17+BC17)/I17 -> 0.076141944 | BO17: =K17+O17+R17+V17 -> 164863.8 | BP17: =SUM(AV17,AW17,AX17,BF17,BG17,BH17,BK17) -> 7067.79 | BQ17: =BP17/(AE17*280) -> 1.0240206
A18: 15 | B18: 15 | D18: ='15'!D3 -> 31 | E18: ='15'!D4 -> 0.78 | F18: ='15'!D2 -> 0.83 | G18: ='15'!G8 -> 17116.72 | H18: ='15'!G8 -> 17116.72 | I18: ='15'!G7 -> 17032.49 | J18: 10 | K18: =H18*J18 -> 171167.2 | L18: =I18/202 -> 84.319257 | M18: ='15'!G15 -> 437.42 | N18: 35 | O18: =M18*N18 -> 15309.7 | P18: ='15'!G20 -> 116 | Q18: 134 | R18: =P18*Q18 -> 15544 | S18: =P18/(F18*202/100) -> 69.187642 | T18: ='15'!G24 -> 0 | U18: 69 | V18: =T18*U18 -> 0 | W18: ='15'!G96 -> 42 | X18: ='15'!G97 -> 10 | Y18: ='15'!G98 -> 33 | Z18: =W18+X18+Y18 -> 85 | AA18: ='15'!G133 -> 2.17 | AB18: ='15'!G134 -> 0 | AC18: ='15'!G135 -> 23.93 | AD18: ='15'!G136 -> 0 | AE18: =AA18+AB18+AC18+AD18 -> 26.1 | AF18: =AV18+AW18+BF18+BG18 -> 5855.14 | AG18: =AF18/AE18 -> 224.33487 | AH18: ='15'!G137 -> 0 | AI18: ='15'!G138 -> 0 | AJ18: ='15'!G139 -> 9.53 | AK18: =AH18+AI18+AJ18 -> 9.53 | AL18: ='15'!G140 -> 7.62 | AM18: ='15'!G141 -> 0 | AO18: =AL18+AM18 -> 7.62 | AP18: ='15'!G124 -> 200.91 | AQ18: ='15'!G35 -> 2007.05 | AR18: ='15'!G37 -> 1297.09 | AS18: ='15'!G38 -> 1316.03 | AT18: ='15'!G39 -> 2173.11 | AU18: ='15'!G40 -> 34.97 | AV18: ='15'!G41 -> 471.45 | AW18: ='15'!G42 -> -0.08 | AX18: ='15'!G43 -> 2074.8 | AY18: ='15'!G44 -> 0 | AZ18: ='15'!G36 -> 0 | BA18: ='15'!G49 -> -0.13 | BB18: ='15'!G51 -> 0 | BC18: ='15'!G52 -> -0.07 | BD18: ='15'!G53 -> 474.71 | BE18: ='15'!G54 -> 70.99 | BF18: ='15'!G55 -> 5373.01 | BG18: ='15'!G56 -> 10.76 | BH18: ='15'!G57 -> 0 | BI18: ='15'!G50 -> 895.01 | BJ18: =SUM(AV18,AW18,BF18,BG18) -> 5855.14 | BK18: ='15'!G84 -> 599 | BL18: =SUM(AQ18,AV18,AW18,AX18,BA18,BF18,BG18,BH18)/I18% -> 58.340618 | BM18: =SUM(AT18,BD18)/I18% -> 15.545701 | BN18: =(AS18+BC18)/I18 -> 0.077261751 | BO18: =K18+O18+R18+V18 -> 202020.9 | BP18: =SUM(AV18,AW18,AX18,BF18,BG18,BH18,BK18) -> 8528.94 | BQ18: =BP18/(AE18*280) -> 1.167069
A19: 16 | B19: 16 | D19: ='16'!D3 -> 30 | E19: ='16'!D4 -> 0.78 | F19: ='16'!D2 -> 0.52 | G19: ='16'!G8 -> 15155 | H19: ='16'!G8 -> 15155 | I19: ='16'!G7 -> 15022 | J19: 10 | K19: =H19*J19 -> 151550 | L19: =I19/202 -> 74.366337 | M19: ='16'!G15 -> 317 | N19: 35 | O19: =M19*N19 -> 11095 | P19: ='16'!G20 -> 117 | Q19: 134 | R19: =P19*Q19 -> 15678 | S19: =P19/(F19*202/100) -> 111.38614 | T19: ='16'!G24 -> 0 | U19: 69 | V19: =T19*U19 -> 0 | W19: ='16'!G96 -> 27 | X19: ='16'!G97 -> 14 | Y19: ='16'!G98 -> 19 | Z19: =W19+X19+Y19 -> 60 | AA19: ='16'!G133 -> 0 | AB19: ='16'!G134 -> 0 | AC19: ='16'!G135 -> 23.59 | AD19: ='16'!G136 -> 0 | AE19: =AA19+AB19+AC19+AD19 -> 23.59 | AF19: =AV19+AW19+BF19+BG19 -> 4448 | AG19: =AF19/AE19 -> 188.55447 | AH19: ='16'!G137 -> 0 | AI19: ='16'!G138 -> 0 | AJ19: ='16'!G139 -> 0 | AK19: =AH19+AI19+AJ19 -> 0 | AL19: ='16'!G140 -> 7.97 | AM19: ='16'!G141 -> 0 | AO19: =AL19+AM19 -> 7.97 | AP19: ='16'!G124 -> 209 | AQ19: ='16'!G35 -> 1926 | AR19: ='16'!G37 -> 1239 | AS19: ='16'!G38 -> 1097 | AT19: ='16'!G39 -> 2154 | AU19: ='16'!G40 -> 52 | AV19: ='16'!G41 -> 0 | AW19: ='16'!G42 -> 0 | AX19: ='16'!G43 -> 2126 | AY19: ='16'!G44 -> 0 | AZ19: ='16'!G36 -> 0 | BA19: ='16'!G49 -> 0.13 | BB19: ='16'!G51 -> 0 | BC19: ='16'!G52 -> 0 | BD19: ='16'!G53 -> 454 | BE19: ='16'!G54 -> 73 | BF19: ='16'!G55 -> 4448 | BG19: ='16'!G56 -> 0 | BH19: ='16'!G57 -> 0 | BI19: ='16'!G50 -> 821 | BJ19: =SUM(AV19,AW19,BF19,BG19) -> 4448 | BK19: ='16'!G84 -> 511 | BL19: =SUM(AQ19,AV19,AW19,AX19,BA19,BF19,BG19,BH19)/I19% -> 56.584543 | BM19: =SUM(AT19,BD19)/I19% -> 17.361204 | BN19: =(AS19+BC19)/I19 -> 0.073026228 | BO19: =K19+O19+R19+V19 -> 178323 | BP19: =SUM(AV19,AW19,AX19,BF19,BG19,BH19,BK19) -> 7085 | BQ19: =BP19/(AE19*280) -> 1.0726397
A20: 17 | B20: 17 | D20: ='17'!D3 -> 29 | E20: ='17'!D4 -> 0.8 | F20: ='17'!D2 -> 0.6 | G20: ='17'!G8 -> 15048 | H20: ='17'!G8 -> 15048 | I20: ='17'!G7 -> 14872 | J20: 10 | K20: =H20*J20 -> 150480 | L20: =I20/202 -> 73.623762 | M20: ='17'!G15 -> 562 | N20: 35 | O20: =M20*N20 -> 19670 | P20: ='17'!G20 -> 76 | Q20: 134 | R20: =P20*Q20 -> 10184 | S20: =P20/(F20*202/100) -> 62.706271 | T20: ='17'!G24 -> 0 | U20: 69 | V20: =T20*U20 -> 0 | W20: ='17'!G96 -> 45 | X20: ='17'!G97 -> 7 | Y20: ='17'!G98 -> 6 | Z20: =W20+X20+Y20 -> 58 | AA20: ='17'!G133 -> 0 | AB20: ='17'!G134 -> 0 | AC20: ='17'!G135 -> 24.45 | AD20: ='17'!G136 -> 0 | AE20: =AA20+AB20+AC20+AD20 -> 24.45 | AF20: =AV20+AW20+BF20+BG20 -> 4494 | AG20: =AF20/AE20 -> 183.80368 | AH20: ='17'!G137 -> 6.28 | AI20: ='17'!G138 -> 0 | AJ20: ='17'!G139 -> 0 | AK20: =AH20+AI20+AJ20 -> 6.28 | AL20: ='17'!G140 -> 8.05 | AM20: ='17'!G141 -> 0 | AO20: =AL20+AM20 -> 8.05 | AP20: ='17'!G124 -> 214 | AQ20: ='17'!G35 -> 1602 | AR20: ='17'!G37 -> 1338 | AS20: ='17'!G38 -> 1050 | AT20: ='17'!G39 -> 2155 | AU20: ='17'!G40 -> 80 | AV20: ='17'!G41 -> 0 | AW20: ='17'!G42 -> 0 | AX20: ='17'!G43 -> 2036 | AY20: ='17'!G44 -> 0 | AZ20: ='17'!G36 -> 0 | BA20: ='17'!G49 -> 0 | BB20: ='17'!G51 -> 0.13 | BC20: ='17'!G52 -> 0 | BD20: ='17'!G53 -> 491 | BE20: ='17'!G54 -> 80 | BF20: ='17'!G55 -> 4494 | BG20: ='17'!G56 -> 0 | BH20: ='17'!G57 -> 0 | BI20: ='17'!G50 -> 762 | BJ20: =SUM(AV20,AW20,BF20,BG20) -> 4494 | BK20: ='17'!G84 -> 419 | BL20: =SUM(AQ20,AV20,AW20,AX20,BA20,BF20,BG20,BH20)/I20% -> 54.679935 | BM20: =SUM(AT20,BD20)/I20% -> 17.791824 | BN20: =(AS20+BC20)/I20 -> 0.070602474 | BO20: =K20+O20+R20+V20 -> 180334 | BP20: =SUM(AV20,AW20,AX20,BF20,BG20,BH20,BK20) -> 6949 | BQ20: =BP20/(AE20*280) -> 1.0150453
A21: 18 | B21: 18 | D21: ='18'!D3 -> 29 | E21: ='18'!D4 -> 0.79 | F21: ='18'!D2 -> 0.54 | G21: ='18'!G8 -> 15496 | H21: ='18'!G8 -> 15496 | I21: ='18'!G7 -> 15342 | J21: 10 | K21: =H21*J21 -> 154960 | L21: =I21/202 -> 75.950495 | M21: ='18'!G15 -> 400 | N21: 35 | O21: =M21*N21 -> 14000 | P21: ='18'!G20 -> 105 | Q21: 134 | R21: =P21*Q21 -> 14070 | S21: =P21/(F21*202/100) -> 96.259626 | T21: ='18'!G24 -> 0 | U21: 69 | V21: =T21*U21 -> 0 | W21: ='18'!G96 -> 29 | X21: ='18'!G97 -> 12 | Y21: ='18'!G98 -> 8 | Z21: =W21+X21+Y21 -> 49 | AA21: ='18'!G133 -> 0 | AB21: ='18'!G134 -> 0 | AC21: ='18'!G135 -> 23.9 | AD21: ='18'!G136 -> 0 | AE21: =AA21+AB21+AC21+AD21 -> 23.9 | AF21: =AV21+AW21+BF21+BG21 -> 5084.54 | AG21: =AF21/AE21 -> 212.74226 | AH21: ='18'!G137 -> 0 | AI21: ='18'!G138 -> 0 | AJ21: ='18'!G139 -> 8.53 | AK21: =AH21+AI21+AJ21 -> 8.53 | AL21: ='18'!G140 -> 7.74 | AM21: ='18'!G141 -> 0 | AO21: =AL21+AM21 -> 7.74 | AP21: ='18'!G124 -> 195 | AQ21: ='18'!G35 -> 1530 | AR21: ='18'!G37 -> 1254 | AS21: ='18'!G38 -> 1081 | AT21: ='18'!G39 -> 2101 | AU21: ='18'!G40 -> 89 | AV21: ='18'!G41 -> 0 | AW21: ='18'!G42 -> 0 | AX21: ='18'!G43 -> 2115 | AY21: ='18'!G44 -> 0 | AZ21: ='18'!G36 -> 0 | BA21: ='18'!G49 -> 0 | BB21: ='18'!G51 -> 0 | BC21: ='18'!G52 -> 0 | BD21: ='18'!G53 -> 524 | BE21: ='18'!G54 -> 78 | BF21: ='18'!G55 -> 5084.54 | BG21: ='18'!G56 -> 0 | BH21: ='18'!G57 -> 0 | BI21: ='18'!G50 -> 802 | BJ21: =SUM(AV21,AW21,BF21,BG21) -> 5084.54 | BK21: ='18'!G84 -> 353 | BL21: =SUM(AQ21,AV21,AW21,AX21,BA21,BF21,BG21,BH21)/I21% -> 56.899622 | BM21: =SUM(AT21,BD21)/I21% -> 17.109894 | BN21: =(AS21+BC21)/I21 -> 0.070460175 | BO21: =K21+O21+R21+V21 -> 183030 | BP21: =SUM(AV21,AW21,AX21,BF21,BG21,BH21,BK21) -> 7552.54 | BQ21: =BP21/(AE21*280) -> 1.1285923
A22: 19 | B22: 19 | D22: ='19'!D3 -> 27 | E22: ='19'!D4 -> 0.84 | F22: ='19'!D2 -> 0.1 | G22: ='19'!G8 -> 14549 | H22: ='19'!G8 -> 14549 | I22: ='19'!G7 -> 14419 | J22: 10 | K22: =H22*J22 -> 145490 | L22: =I22/202 -> 71.381188 | M22: ='19'!G15 -> 248 | N22: 35 | O22: =M22*N22 -> 8680 | P22: ='19'!G20 -> 60 | Q22: 134 | R22: =P22*Q22 -> 8040 | S22: =P22/(F22*202/100) -> 297.0297 | T22: ='19'!G24 -> 0 | U22: 69 | V22: =T22*U22 -> 0 | W22: ='19'!G96 -> 23 | X22: ='19'!G97 -> 7 | Y22: ='19'!G98 -> 12 | Z22: =W22+X22+Y22 -> 42 | AA22: ='19'!G133 -> 0 | AB22: ='19'!G134 -> 0 | AC22: ='19'!G135 -> 24 | AD22: ='19'!G136 -> -0.06 | AE22: =AA22+AB22+AC22+AD22 -> 23.94 | AF22: =AV22+AW22+BF22+BG22 -> 4451.99 | AG22: =AF22/AE22 -> 185.96449 | AH22: ='19'!G137 -> 0 | AI22: ='19'!G138 -> 0 | AJ22: ='19'!G139 -> 0.02 | AK22: =AH22+AI22+AJ22 -> 0.02 | AL22: ='19'!G140 -> 7.3 | AM22: ='19'!G141 -> 0 | AO22: =AL22+AM22 -> 7.3 | AP22: ='19'!G124 -> 173 | AQ22: ='19'!G35 -> 1651 | AR22: ='19'!G37 -> 1200 | AS22: ='19'!G38 -> 999 | AT22: ='19'!G39 -> 2013 | AU22: ='19'!G40 -> 68 | AV22: ='19'!G41 -> 0 | AW22: ='19'!G42 -> 0 | AX22: ='19'!G43 -> 2089 | AY22: ='19'!G44 -> 0 | AZ22: ='19'!G36 -> 0 | BA22: ='19'!G49 -> -0.13 | BB22: ='19'!G51 -> 0 | BC22: ='19'!G52 -> 0 | BD22: ='19'!G53 -> 566 | BE22: ='19'!G54 -> 82 | BF22: ='19'!G55 -> 4403.46 | BG22: ='19'!G56 -> 48.53 | BH22: ='19'!G57 -> -0.33 | BI22: ='19'!G50 -> 793 | BJ22: =SUM(AV22,AW22,BF22,BG22) -> 4451.99 | BK22: ='19'!G84 -> 355 | BL22: =SUM(AQ22,AV22,AW22,AX22,BA22,BF22,BG22,BH22)/I22% -> 56.810666 | BM22: =SUM(AT22,BD22)/I22% -> 17.886122 | BN22: =(AS22+BC22)/I22 -> 0.069283584 | BO22: =K22+O22+R22+V22 -> 162210 | BP22: =SUM(AV22,AW22,AX22,BF22,BG22,BH22,BK22) -> 6895.66 | BQ22: =BP22/(AE22*280) -> 1.0287117
A23: 20 | B23: 20 | D23: ='20'!D3 -> 27 | E23: ='20'!D4 -> 0.84 | F23: ='20'!D2 -> 0.24 | G23: ='20'!G8 -> 15231 | H23: ='20'!G8 -> 15231 | I23: ='20'!G7 -> 15123 | J23: 10 | K23: =H23*J23 -> 152310 | L23: =I23/202 -> 74.866337 | M23: ='20'!G15 -> 288 | N23: 35 | O23: =M23*N23 -> 10080 | P23: ='20'!G20 -> 57 | Q23: 134 | R23: =P23*Q23 -> 7638 | S23: =P23/(F23*202/100) -> 117.57426 | T23: ='20'!G24 -> 0 | U23: 69 | V23: =T23*U23 -> 0 | W23: ='20'!G96 -> 27 | X23: ='20'!G97 -> 11 | Y23: ='20'!G98 -> 16 | Z23: =W23+X23+Y23 -> 54 | AA23: ='20'!G133 -> 0 | AB23: ='20'!G134 -> 0 | AC23: ='20'!G135 -> 24 | AD23: ='20'!G136 -> 0 | AE23: =AA23+AB23+AC23+AD23 -> 24 | AF23: =AV23+AW23+BF23+BG23 -> 4744 | AG23: =AF23/AE23 -> 197.66667 | AH23: ='20'!G137 -> 0 | AI23: ='20'!G138 -> 0 | AJ23: ='20'!G139 -> 0 | AK23: =AH23+AI23+AJ23 -> 0 | AL23: ='20'!G140 -> 8.19 | AM23: ='20'!G141 -> 0 | AO23: =AL23+AM23 -> 8.19 | AP23: ='20'!G124 -> 204 | AQ23: ='20'!G35 -> 1818 | AR23: ='20'!G37 -> 1255 | AS23: ='20'!G38 -> 978 | AT23: ='20'!G39 -> 1961 | AU23: ='20'!G40 -> 0 | AV23: ='20'!G41 -> 0 | AW23: ='20'!G42 -> 0 | AX23: ='20'!G43 -> 2118 | AY23: ='20'!G44 -> 0 | AZ23: ='20'!G36 -> 0 | BA23: ='20'!G49 -> 0 | BB23: ='20'!G51 -> 0 | BC23: ='20'!G52 -> 0 | BD23: ='20'!G577 -> 0 | BE23: ='20'!G54 -> 83 | BF23: ='20'!G55 -> 4734 | BG23: ='20'!G56 -> 10 | BH23: ='20'!G57 -> 0 | BI23: ='20'!G50 -> 870 | BJ23: =SUM(AV23,AW23,BF23,BG23) -> 4744 | BK23: ='20'!G84 -> 365 | BL23: =SUM(AQ23,AV23,AW23,AX23,BA23,BF23,BG23,BH23)/I23% -> 57.396019 | BM23: =SUM(AT23,BD23)/I23% -> 12.967004 | BN23: =(AS23+BC23)/I23 -> 0.064669708 | BO23: =K23+O23+R23+V23 -> 170028 | BP23: =SUM(AV23,AW23,AX23,BF23,BG23,BH23,BK23) -> 7227 | BQ23: =BP23/(AE23*280) -> 1.0754464
A24: 21 | B24: 21 | D24: 21 | E24: ='21'!D4 -> 0.84 | F24: ='21'!D2 -> 0.24 | G24: ='21'!G8 -> 16096 | H24: ='21'!G8 -> 16096 | I24: ='21'!G7 -> 16012 | J24: 10 | K24: =H24*J24 -> 160960 | L24: =I24/202 -> 79.267327 | M24: ='21'!G15 -> 534 | N24: 35 | O24: =M24*N24 -> 18690 | P24: ='21'!G20 -> 96 | Q24: 134 | R24: =P24*Q24 -> 12864 | S24: =P24/(F24*202/100) -> 198.0198 | T24: ='21'!G24 -> 0 | U24: 69 | V24: =T24*U24 -> 0 | W24: ='21'!G96 -> 49 | X24: ='21'!G97 -> 9 | Y24: ='21'!G98 -> 20 | Z24: =W24+X24+Y24 -> 78 | AA24: ='21'!G133 -> 0 | AB24: ='21'!G134 -> 0 | AC24: ='21'!G135 -> 24 | AD24: ='21'!G136 -> 0 | AE24: =AA24+AB24+AC24+AD24 -> 24 | AF24: =AV24+AW24+BF24+BG24 -> 5144 | AG24: =AF24/AE24 -> 214.33333 | AH24: ='21'!G137 -> 2.71 | AI24: ='21'!G138 -> 0 | AJ24: ='21'!G139 -> 6.63 | AK24: =AH24+AI24+AJ24 -> 9.34 | AL24: ='21'!G140 -> 7.02 | AM24: ='21'!G141 -> 0 | AO24: =AL24+AM24 -> 7.02 | AP24: ='21'!G124 -> 194 | AQ24: ='21'!G35 -> 1843 | AR24: ='21'!G37 -> 1333 | AS24: ='21'!G38 -> 1150 | AT24: ='21'!G39 -> 1537 | AU24: ='21'!G40 -> 0 | AV24: ='21'!G41 -> 0 | AW24: ='21'!G42 -> 0 | AX24: ='21'!G43 -> 2133 | AY24: ='21'!G44 -> 0 | AZ24: ='21'!G36 -> 0 | BA24: ='21'!G49 -> 0.13 | BB24: ='21'!G51 -> 0 | BC24: ='21'!G52 -> 0.07 | BD24: ='21'!G53 -> 566 | BE24: ='21'!G54 -> 82 | BF24: ='21'!G55 -> 5134 | BG24: ='21'!G56 -> 10 | BH24: ='21'!G57 -> 0 | BI24: ='21'!G50 -> 800 | BJ24: =SUM(AV24,AW24,BF24,BG24) -> 5144 | BK24: ='21'!G84 -> 379 | BL24: =SUM(AQ24,AV24,AW24,AX24,BA24,BF24,BG24,BH24)/I24% -> 56.958094 | BM24: =SUM(AT24,BD24)/I24% -> 13.1339 | BN24: =(AS24+BC24)/I24 -> 0.071825506 | BO24: =K24+O24+R24+V24 -> 192514 | BP24: =SUM(AV24,AW24,AX24,BF24,BG24,BH24,BK24) -> 7656 | BQ24: =BP24/(AE24*280) -> 1.1392857
A25: 22 | B25: 22 | D25: ='22'!D3 -> 27 | E25: ='22'!D4 -> 0.84 | F25: ='22'!D2 -> 0.35 | G25: ='22'!G8 -> 17814 | H25: ='22'!G8 -> 17814 | I25: ='22'!G7 -> 17759 | J25: 10 | K25: =H25*J25 -> 178140 | L25: =I25/202 -> 87.915842 | M25: ='22'!G15 -> 632 | N25: 35 | O25: =M25*N25 -> 22120 | P25: ='22'!G20 -> 150 | Q25: 134 | R25: =P25*Q25 -> 20100 | S25: =P25/(F25*202/100) -> 212.16407 | T25: ='22'!G24 -> 0 | U25: 69 | V25: =T25*U25 -> 0 | W25: ='22'!G96 -> 80 | X25: ='22'!G97 -> 9 | Y25: ='22'!G98 -> 25 | Z25: =W25+X25+Y25 -> 114 | AA25: ='22'!G133 -> 3.58 | AB25: ='22'!G134 -> 0 | AC25: ='22'!G135 -> 24 | AD25: ='22'!G136 -> 0.01 | AE25: =AA25+AB25+AC25+AD25 -> 27.59 | AF25: =AV25+AW25+BF25+BG25 -> 6030 | AG25: =AF25/AE25 -> 218.55745 | AH25: ='22'!G137 -> 7.54 | AI25: ='22'!G138 -> 0 | AJ25: ='22'!G139 -> 0 | AK25: =AH25+AI25+AJ25 -> 7.54 | AL25: ='22'!G140 -> 7.36 | AM25: ='22'!G141 -> 0 | AO25: =AL25+AM25 -> 7.36 | AP25: ='22'!G124 -> 194 | AQ25: ='22'!G35 -> 1920 | AR25: ='22'!G37 -> 1372 | AS25: ='22'!G38 -> 1280 | AT25: ='22'!G39 -> 2952 | AU25: ='22'!G40 -> 99 | AV25: ='22'!G41 -> 810 | AW25: ='22'!G42 -> 0 | AX25: ='22'!G43 -> 2210 | AY25: ='22'!G44 -> 0 | AZ25: ='22'!G36 -> 0 | BA25: ='22'!G49 -> 0 | BB25: ='22'!G51 -> 0 | BC25: ='22'!G52 -> 0 | BD25: ='22'!G53 -> 544 | BE25: ='22'!G54 -> 80 | BF25: ='22'!G55 -> 5210 | BG25: ='22'!G56 -> 10 | BH25: ='22'!G57 -> 0 | BI25: ='22'!G50 -> 918 | BJ25: =SUM(AV25,AW25,BF25,BG25) -> 6030 | BK25: ='22'!G84 -> 451 | BL25: =SUM(AQ25,AV25,AW25,AX25,BA25,BF25,BG25,BH25)/I25% -> 57.210429 | BM25: =SUM(AT25,BD25)/I25% -> 19.685793 | BN25: =(AS25+BC25)/I25 -> 0.07207613 | BO25: =K25+O25+R25+V25 -> 220360 | BP25: =SUM(AV25,AW25,AX25,BF25,BG25,BH25,BK25) -> 8691 | BQ25: =BP25/(AE25*280) -> 1.1250194
A26: 23 | B26: 23 | D26: ='23'!D3 -> 30 | E26: ='23'!D4 -> 0.78 | F26: ='23'!D2 -> 0.52 | G26: ='23'!G8 -> 16981.75 | H26: ='23'!G8 -> 16981.75 | I26: ='23'!G7 -> 16907.05 | J26: 10 | K26: =H26*J26 -> 169817.5 | L26: =I26/202 -> 83.698267 | M26: ='23'!G15 -> 366.935 | N26: 35 | O26: =M26*N26 -> 12842.725 | P26: ='23'!G20 -> 140 | Q26: 134 | R26: =P26*Q26 -> 18760 | S26: =P26/(F26*202/100) -> 133.28256 | T26: ='23'!G24 -> 0 | U26: 69 | V26: =T26*U26 -> 0 | W26: ='23'!G96 -> 37 | X26: ='23'!G97 -> 15 | Y26: ='23'!G98 -> 31 | Z26: =W26+X26+Y26 -> 83 | AA26: ='23'!G133 -> 0 | AB26: ='23'!G134 -> 0 | AC26: ='23'!G135 -> 24.39 | AD26: ='23'!G136 -> 0 | AE26: =AA26+AB26+AC26+AD26 -> 24.39 | AF26: =AV26+AW26+BF26+BG26 -> 5435.9 | AG26: =AF26/AE26 -> 222.87413 | AH26: ='23'!G137 -> 0 | AI26: ='23'!G138 -> 0 | AJ26: ='23'!G139 -> 2.45 | AK26: =AH26+AI26+AJ26 -> 2.45 | AL26: ='23'!G140 -> 8.05 | AM26: ='23'!G141 -> 0 | AO26: =AL26+AM26 -> 8.05 | AP26: ='23'!G124 -> 214.84 | AQ26: ='23'!G35 -> 2173.43 | AR26: ='23'!G37 -> 1310.51 | AS26: ='23'!G38 -> 1286.43 | AT26: ='23'!G39 -> 2431.55 | AU26: ='23'!G40 -> 0.48 | AV26: ='23'!G41 -> 0.13 | AW26: ='23'!G42 -> -1.03 | AX26: ='23'!G43 -> 2171.6 | AY26: ='23'!G44 -> 0 | AZ26: ='23'!G36 -> 0 | BA26: ='23'!G49 -> 0 | BB26: ='23'!G51 -> -0.13 | BC26: ='23'!G52 -> 0 | BD26: ='23'!G53 -> 511.11 | BE26: ='23'!G54 -> 80.96 | BF26: ='23'!G55 -> 5426.61 | BG26: ='23'!G56 -> 10.19 | BH26: ='23'!G57 -> 0 | BI26: ='23'!G50 -> 854.15 | BJ26: =SUM(AV26,AW26,BF26,BG26) -> 5435.9 | BK26: ='23'!G84 -> 556 | BL26: =SUM(AQ26,AV26,AW26,AX26,BA26,BF26,BG26,BH26)/I26% -> 57.851192 | BM26: =SUM(AT26,BD26)/I26% -> 17.404929 | BN26: =(AS26+BC26)/I26 -> 0.076088377 | BO26: =K26+O26+R26+V26 -> 201420.23 | BP26: =SUM(AV26,AW26,AX26,BF26,BG26,BH26,BK26) -> 8163.5 | BQ26: =BP26/(AE26*280) -> 1.1953816
A27: 24 | B27: 24 | D27: ='24'!D3 -> 28 | E27: ='24'!D4 -> 0.8 | F27: ='24'!D2 -> 0.63 | G27: ='24'!G8 -> 16604.88 | H27: ='24'!G8 -> 16604.88 | I27: ='24'!G7 -> 16547.62 | J27: 10 | K27: =H27*J27 -> 166048.8 | L27: =I27/202 -> 81.918911 | M27: ='24'!G15 -> 510.695 | N27: 35 | O27: =M27*N27 -> 17874.325 | P27: ='24'!G20 -> 110 | Q27: 134 | R27: =P27*Q27 -> 14740 | S27: =P27/(F27*202/100) -> 86.437215 | T27: ='24'!G24 -> 0 | U27: 69 | V27: =T27*U27 -> 0 | W27: ='24'!G96 -> 40 | X27: ='24'!G97 -> 11 | Y27: ='24'!G98 -> 16 | Z27: =W27+X27+Y27 -> 67 | AA27: ='24'!G133 -> 24 | AB27: ='24'!G134 -> 0 | AC27: ='24'!G135 -> 0 | AD27: ='24'!G136 -> 0 | AE27: =AA27+AB27+AC27+AD27 -> 24 | AF27: =AV27+AW27+BF27+BG27 -> 5182.04 | AG27: =AF27/AE27 -> 215.91833 | AH27: ='24'!G137 -> 0 | AI27: ='24'!G138 -> 0 | AJ27: ='24'!G139 -> 10.25 | AK27: =AH27+AI27+AJ27 -> 10.25 | AL27: ='24'!G140 -> 8.52 | AM27: ='24'!G141 -> -0.3 | AO27: =AL27+AM27 -> 8.22 | AP27: ='24'!G124 -> 230.16 | AQ27: ='24'!G35 -> 2126.48 | AR27: ='24'!G37 -> 1287.37 | AS27: ='24'!G38 -> 1238.28 | AT27: ='24'!G39 -> 2245.96 | AU27: ='24'!G40 -> 0 | AV27: ='24'!G41 -> 0 | AW27: ='24'!G42 -> 0 | AX27: ='24'!G43 -> 2226.2 | AY27: ='24'!G44 -> 0 | AZ27: ='24'!G36 -> 0 | BA27: ='24'!G49 -> 0 | BB27: ='24'!G51 -> 0 | BC27: ='24'!G52 -> 0 | BD27: ='24'!G53 -> 518.92 | BE27: ='24'!G54 -> 81.95 | BF27: ='24'!G55 -> 5172.12 | BG27: ='24'!G56 -> 9.92 | BH27: ='24'!G57 -> 0 | BI27: ='24'!G50 -> 864.44 | BJ27: =SUM(AV27,AW27,BF27,BG27) -> 5182.04 | BK27: ='24'!G84 -> 653 | BL27: =SUM(AQ27,AV27,AW27,AX27,BA27,BF27,BG27,BH27)/I27% -> 57.619887 | BM27: =SUM(AT27,BD27)/I27% -> 16.708626 | BN27: =(AS27+BC27)/I27 -> 0.074831305 | BO27: =K27+O27+R27+V27 -> 198663.12 | BP27: =SUM(AV27,AW27,AX27,BF27,BG27,BH27,BK27) -> 8061.24 | BQ27: =BP27/(AE27*280) -> 1.1995893
A28: 25 | B28: 25 | D28: ='25'!D3 -> 31 | E28: ='25'!D4 -> 0.8 | F28: ='25'!D2 -> 0.54 | G28: ='25'!G8 -> 16299.04 | H28: ='25'!G8 -> 16299.04 | I28: ='25'!G7 -> 16235.4 | J28: 10 | K28: =H28*J28 -> 162990.4 | L28: =I28/202 -> 80.373267 | M28: ='25'!G15 -> 675.289 | N28: 35 | O28: =M28*N28 -> 23635.115 | P28: ='25'!G20 -> 120 | Q28: 134 | R28: =P28*Q28 -> 16080 | S28: =P28/(F28*202/100) -> 110.011 | T28: ='25'!G24 -> 0 | U28: 69 | V28: =T28*U28 -> 0 | W28: ='25'!G96 -> 78 | X28: ='25'!G97 -> 9 | Y28: ='25'!G98 -> 13 | Z28: =W28+X28+Y28 -> 100 | AA28: ='25'!G133 -> 0 | AB28: ='25'!G134 -> 0 | AC28: ='25'!G135 -> 23.91 | AD28: ='25'!G136 -> 0 | AE28: =AA28+AB28+AC28+AD28 -> 23.91 | AF28: =AV28+AW28+BF28+BG28 -> 5004.34 | AG28: =AF28/AE28 -> 209.29904 | AH28: ='24'!G137 -> 0 | AI28: ='24'!G138 -> 0 | AJ28: ='24'!G139 -> 10.25 | AK28: =AH28+AI28+AJ28 -> 10.25 | AL28: ='23'!G140 -> 8.05 | AM28: ='24'!G141 -> -0.3 | AO28: =AL28+AM28 -> 7.75 | AP28: ='25'!G124 -> 208.4 | AQ28: ='25'!G35 -> 2110.88 | AR28: ='25'!G37 -> 1247.85 | AS28: ='25'!G38 -> 1212.33 | AT28: ='25'!G39 -> 2043.76 | AU28: ='25'!G40 -> 0 | AV28: ='25'!G41 -> 0 | AX28: ='25'!G43 -> 2198.7 | AY28: ='25'!G44 -> 0 | AZ28: ='25'!G36 -> 0 | BA28: ='25'!G49 -> 0 | BB28: ='25'!G51 -> 0 | BC28: ='25'!G52 -> 0 | BD28: ='25'!G53 -> 524.84 | BE28: ='24'!G54 -> 81.95 | BF28: ='25'!G55 -> 4994.74 | BG28: ='25'!G56 -> 9.6 | BH28: ='25'!G57 -> 0 | BI28: ='25'!G50 -> 860.52 | BJ28: =SUM(AV28,AW28,BF28,BG28) -> 5004.34 | BK28: ='25'!G84 -> 649 | BL28: =SUM(AQ28,AV28,AW28,AX28,BA28,BF28,BG28,BH28)/I28% -> 57.367974 | BM28: =SUM(AT28,BD28)/I28% -> 15.820984 | BN28: =(AS28+BC28)/I28 -> 0.074672013 | BO28: =K28+O28+R28+V28 -> 202705.52 | BP28: =SUM(AV28,AW28,AX28,BF28,BG28,BH28,BK28) -> 7852.04 | BQ28: =BP28/(AE28*280) -> 1.1728565
A29: 26 | B29: 26 | D29: ='26'!D3 -> 28 | E29: ='26'!D4 -> 0.74 | F29: ='26'!D2 -> 0.54 | G29: ='26'!G8 -> 19361.72 | H29: ='26'!G8 -> 19361.72 | I29: ='26'!G7 -> 19224.56 | J29: 10 | K29: =H29*J29 -> 193617.2 | L29: =I29/202 -> 95.171089 | M29: ='26'!G15 -> 374.081 | N29: 35 | O29: =M29*N29 -> 13092.835 | P29: ='26'!G20 -> 113 | Q29: 134 | R29: =P29*Q29 -> 15142 | S29: =P29/(F29*202/100) -> 103.59369 | T29: ='26'!G24 -> 0 | U29: 69 | V29: =T29*U29 -> 0 | W29: ='26'!G96 -> 43 | X29: ='26'!G97 -> 9 | Y29: ='26'!G98 -> 18 | Z29: =W29+X29+Y29 -> 70 | AA29: ='26'!G133 -> 0 | AB29: ='26'!G134 -> 0 | AC29: ='26'!G135 -> 24.04 | AD29: ='26'!G136 -> 12.07 | AE29: =AA29+AB29+AC29+AD29 -> 36.11 | AF29: =AV29+AW29+BF29+BG29 -> 5995.25 | AG29: =AF29/AE29 -> 166.02742 | AH29: ='26'!G137 -> 0.01 | AI29: ='26'!G138 -> -0.01 | AJ29: ='26'!G139 -> 2.83 | AK29: =AH29+AI29+AJ29 -> 2.83 | AL29: ='26'!G140 -> 7.78 | AM29: ='26'!G141 -> 0 | AO29: =AL29+AM29 -> 7.78 | AP29: ='26'!G124 -> 207.51 | AQ29: ='26'!G35 -> 2644.96 | AR29: ='26'!G37 -> 1344 | AS29: ='26'!G38 -> 1226.35 | AT29: ='26'!G39 -> 2149.2 | AU29: ='26'!G40 -> 202.51 | AV29: ='26'!G41 -> 0 | AW29: ='26'!G42 -> 0 | AX29: ='26'!G43 -> 2602.8 | AY29: ='26'!G44 -> 0 | AZ29: ='26'!G36 -> 0 | BA29: ='26'!G49 -> 0 | BB29: ='26'!G51 -> 0 | BC29: ='26'!G52 -> 0 | BD29: ='26'!G53 -> 541.68 | BE29: ='26'!G54 -> 83.38 | BF29: ='26'!G55 -> 3911.21 | BG29: ='26'!G56 -> 2084.04 | BH29: ='26'!G57 -> 0 | BI29: ='26'!G50 -> 1413.72 | BJ29: =SUM(AV29,AW29,BF29,BG29) -> 5995.25 | BK29: ='26'!G84 -> 786 | BL29: =SUM(AQ29,AV29,AW29,AX29,BA29,BF29,BG29,BH29)/I29% -> 58.482535 | BM29: =SUM(AT29,BD29)/I29% -> 13.997095 | BN29: =(AS29+BC29)/I29 -> 0.063790797 | BO29: =K29+O29+R29+V29 -> 221852.04 | BP29: =SUM(AV29,AW29,AX29,BF29,BG29,BH29,BK29) -> 9384.05 | BQ29: =BP29/(AE29*280) -> 0.92812141
A30: 27 | B30: 27 | D30: ='27'!D3 -> 30 | E30: ='27'!D4 -> 0.78 | F30: ='27'!D2 -> 0.7 | G30: ='27'!G8 -> 16839.61 | H30: ='27'!G8 -> 16839.61 | I30: ='27'!G7 -> 16772.37 | J30: 10 | K30: =H30*J30 -> 168396.1 | L30: =I30/202 -> 83.031535 | M30: ='27'!G15 -> 615 | N30: 35 | O30: =M30*N30 -> 21525 | P30: ='27'!G20 -> 121 | Q30: 134 | R30: =P30*Q30 -> 16214 | S30: =P30/(F30*202/100) -> 85.572843 | T30: ='27'!G24 -> 0 | U30: 69 | V30: =T30*U30 -> 0 | W30: ='27'!G96 -> 49 | X30: ='27'!G97 -> 11 | Y30: ='27'!G98 -> 17 | Z30: =W30+X30+Y30 -> 77 | AA30: ='27'!G133 -> 0 | AB30: ='27'!G134 -> 0 | AC30: ='27'!G135 -> 0 | AD30: ='27'!G136 -> 24.04 | AE30: =AA30+AB30+AC30+AD30 -> 24.04 | AF30: =AV30+AW30+BF30+BG30 -> 4767.47 | AG30: =AF30/AE30 -> 198.31406 | AH30: ='27'!G137 -> 0 | AI30: ='27'!G138 -> 0 | AJ30: ='27'!G139 -> 9.78 | AK30: =AH30+AI30+AJ30 -> 9.78 | AL30: ='27'!G140 -> 7.63 | AM30: ='27'!G141 -> 0 | AO30: =AL30+AM30 -> 7.63 | AP30: ='27'!G124 -> 205.09 | AQ30: ='27'!G35 -> 2481.25 | AR30: ='27'!G37 -> 1296.27 | AS30: ='27'!G38 -> 1176.61 | AT30: ='27'!G39 -> 2221.53 | AU30: ='27'!G40 -> 0.01 | AV30: ='27'!G41 -> -0.13 | AW30: ='27'!G42 -> 0.03 | AX30: ='27'!G43 -> 2345.7 | AY30: ='27'!G44 -> 0 | AZ30: ='27'!G36 -> 0 | BA30: ='27'!G49 -> 0 | BB30: ='27'!G51 -> 0.13 | BC30: ='27'!G52 -> -0.07 | BD30: ='27'!G53 -> 552.45 | BE30: ='27'!G54 -> 81 | BF30: ='27'!G55 -> 0.32 | BG30: ='27'!G56 -> 4767.25 | BH30: ='27'!G57 -> 0 | BI30: ='27'!G50 -> 845.17 | BJ30: =SUM(AV30,AW30,BF30,BG30) -> 4767.47 | BK30: ='27'!G84 -> 763 | BL30: =SUM(AQ30,AV30,AW30,AX30,BA30,BF30,BG30,BH30)/I30% -> 57.203723 | BM30: =SUM(AT30,BD30)/I30% -> 16.538986 | BN30: =(AS30+BC30)/I30 -> 0.07014751 | BO30: =K30+O30+R30+V30 -> 206135.1 | BP30: =SUM(AV30,AW30,AX30,BF30,BG30,BH30,BK30) -> 7876.17 | BQ30: =BP30/(AE30*280) -> 1.1700989
A31: 28 | B31: 28 | D31: ='28'!D3 -> 30 | E31: ='28'!D4 -> 0.78 | F31: ='28'!D2 -> 0.71 | G31: ='28'!G8 -> 16930 | H31: ='28'!G8 -> 16930 | I31: ='28'!G7 -> 16848 | J31: 10 | K31: =H31*J31 -> 169300 | L31: =I31/202 -> 83.405941 | M31: ='28'!G15 -> 458 | N31: 35 | O31: =M31*N31 -> 16030 | P31: ='28'!G20 -> 100 | Q31: 134 | R31: =P31*Q31 -> 13400 | S31: =P31/(F31*202/100) -> 69.725282 | T31: ='28'!G24 -> 0 | U31: 69 | V31: =T31*U31 -> 0 | W31: ='28'!G96 -> 51 | X31: ='28'!G97 -> 7 | Y31: ='28'!G98 -> 18 | Z31: =W31+X31+Y31 -> 76 | AA31: ='28'!G133 -> -0.1 | AB31: ='28'!G134 -> 0 | AC31: ='28'!G135 -> -0.34 | AD31: ='28'!G136 -> 24.12 | AE31: =AA31+AB31+AC31+AD31 -> 23.68 | AF31: =AV31+AW31+BF31+BG31 -> 4796 | AG31: =AF31/AE31 -> 202.53378 | AH31: ='28'!G137 -> 7.64 | AI31: ='28'!G138 -> 0.1 | AJ31: ='28'!G139 -> 0.04 | AK31: =AH31+AI31+AJ31 -> 7.78 | AL31: ='28'!G140 -> 7.19 | AM31: ='28'!G141 -> 0 | AO31: =AL31+AM31 -> 7.19 | AP31: ='28'!G124 -> 197 | AQ31: ='28'!G35 -> 2485 | AR31: ='28'!G37 -> 1279 | AS31: ='28'!G38 -> 1195 | AT31: ='28'!G39 -> 2110 | AU31: ='28'!G40 -> 0 | AV31: ='28'!G41 -> 0 | AW31: ='28'!G42 -> 0 | AX31: ='28'!G43 -> 2329 | AY31: ='28'!G44 -> 0 | AZ31: ='28'!G36 -> 0 | BA31: ='28'!G49 -> 0 | BB31: ='28'!G51 -> 0 | BC31: ='28'!G52 -> 0.07 | BD31: ='28'!G53 -> 601 | BE31: ='28'!G54 -> 82 | BF31: ='28'!G55 -> 0 | BG31: ='28'!G56 -> 4796 | BH31: ='28'!G57 -> 0.33 | BI31: ='28'!G50 -> 832 | BJ31: =SUM(AV31,AW31,BF31,BG31) -> 4796 | BK31: ='28'!G84 -> 879 | BL31: =SUM(AQ31,AV31,AW31,AX31,BA31,BF31,BG31,BH31)/I31% -> 57.04137 | BM31: =SUM(AT31,BD31)/I31% -> 16.090931 | BN31: =(AS31+BC31)/I31 -> 0.070932455 | BO31: =K31+O31+R31+V31 -> 198730 | BP31: =SUM(AV31,AW31,AX31,BF31,BG31,BH31,BK31) -> 8004.33 | BQ31: =BP31/(AE31*280) -> 1.2072168
A32: 29 | B32: 29 | D32: ='29'!D3 -> 30 | E32: ='29'!D4 -> 0.78 | F32: ='29'!D2 -> 0.98 | G32: ='29'!G8 -> 16984 | H32: ='29'!G8 -> 16984 | I32: ='29'!G7 -> 16913 | J32: 10 | K32: =H32*J32 -> 169840 | L32: =I32/202 -> 83.727723 | M32: ='29'!G15 -> 318 | N32: 35 | O32: =M32*N32 -> 11130 | P32: ='29'!G20 -> 117 | Q32: 134 | R32: =P32*Q32 -> 15678 | S32: =P32/(F32*202/100) -> 59.102849 | T32: ='29'!G24 -> 0 | U32: 69 | V32: =T32*U32 -> 0 | W32: ='29'!G96 -> 46 | X32: ='29'!G97 -> 9 | Y32: ='29'!G98 -> 35 | Z32: =W32+X32+Y32 -> 90 | AA32: ='29'!G133 -> 0 | AB32: ='29'!G134 -> 0 | AC32: ='29'!G135 -> 0 | AD32: ='29'!G136 -> 24.08 | AE32: =AA32+AB32+AC32+AD32 -> 24.08 | AF32: =AV32+AW32+BF32+BG32 -> 4832 | AG32: =AF32/AE32 -> 200.66445 | AH32: ='29'!G137 -> 0 | AI32: ='29'!G138 -> 0.18 | AJ32: ='29'!G139 -> 0 | AK32: =AH32+AI32+AJ32 -> 0.18 | AL32: ='29'!G140 -> 7.44 | AM32: ='29'!G141 -> 0.12 | AO32: =AL32+AM32 -> 7.56 | AP32: ='29'!G124 -> 197 | AQ32: ='29'!G35 -> 2408 | AR32: ='29'!G37 -> 1354 | AS32: ='29'!G38 -> 1218 | AT32: ='29'!G39 -> 2330 | AU32: ='29'!G40 -> 0 | AV32: ='29'!G41 -> 0 | AW32: ='29'!G42 -> 0 | AX32: ='29'!G43 -> 2326 | AY32: ='29'!G44 -> 0 | AZ32: ='29'!G36 -> 0 | BA32: ='29'!G49 -> 0 | BB32: ='29'!G51 -> -0.13 | BC32: ='29'!G52 -> 0 | BD32: ='29'!G53 -> 588 | BE32: ='29'!G54 -> 80 | BF32: ='29'!G55 -> 0 | BG32: ='29'!G56 -> 4832 | BH32: ='29'!G57 -> -0.33 | BI32: ='29'!G50 -> 866 | BJ32: =SUM(AV32,AW32,BF32,BG32) -> 4832 | BK32: ='29'!G84 -> 872 | BL32: =SUM(AQ32,AV32,AW32,AX32,BA32,BF32,BG32,BH32)/I32% -> 56.558091 | BM32: =SUM(AT32,BD32)/I32% -> 17.253001 | BN32: =(AS32+BC32)/I32 -> 0.072015609 | BO32: =K32+O32+R32+V32 -> 196648 | BP32: =SUM(AV32,AW32,AX32,BF32,BG32,BH32,BK32) -> 8029.67 | BQ32: =BP32/(AE32*280) -> 1.1909216
A33: 30 | B33: 30 | D33: ='30'!D3 -> 29 | E33: ='30'!D4 -> 0.8 | F33: ='30'!D2 -> 0.62 | G33: ='30'!G8 -> 17940 | H33: ='30'!G8 -> 17940 | I33: ='30'!G7 -> 17872 | J33: 10 | K33: =H33*J33 -> 179400 | L33: =I33/202 -> 88.475248 | M33: ='30'!G15 -> 484 | N33: 35 | O33: =M33*N33 -> 16940 | P33: ='30'!G20 -> 138 | Q33: 134 | R33: =P33*Q33 -> 18492 | S33: =P33/(F33*202/100) -> 110.18844 | T33: ='30'!G24 -> 0 | U33: 69 | V33: =T33*U33 -> 0 | W33: ='30'!G96 -> 38 | X33: ='30'!G97 -> 13 | Y33: ='30'!G98 -> 34 | Z33: =W33+X33+Y33 -> 85 | AA33: ='30'!G133 -> 0 | AB33: ='30'!G134 -> 0 | AC33: ='30'!G135 -> 0 | AD33: ='30'!G136 -> 24.03 | AE33: =AA33+AB33+AC33+AD33 -> 24.03 | AF33: =AV33+AW33+BF33+BG33 -> 5573 | AG33: =AF33/AE33 -> 231.91844 | AH33: ='30'!G137 -> 0 | AI33: ='30'!G138 -> -0.18 | AJ33: ='30'!G139 -> 9.74 | AK33: =AH33+AI33+AJ33 -> 9.56 | AL33: ='30'!G140 -> 8.09 | AM33: ='30'!G141 -> 0 | AO33: =AL33+AM33 -> 8.09 | AP33: ='30'!G124 -> 217 | AQ33: ='30'!G35 -> 2377 | AR33: ='30'!G37 -> 1302 | AS33: ='30'!G38 -> 1331 | AT33: ='30'!G39 -> 2409 | AU33: ='30'!G40 -> 0 | AV33: ='30'!G41 -> 0 | AW33: ='30'!G42 -> 0 | AX33: ='30'!G43 -> 2307 | AY33: ='30'!G44 -> 0 | AZ33: ='30'!G36 -> 0 | BA33: ='30'!G49 -> 0 | BB33: ='30'!G51 -> 0.13 | BC33: ='30'!G52 -> -0.07 | BD33: ='30'!G53 -> 545 | BE33: ='30'!G54 -> 82 | BF33: ='30'!G55 -> 0 | BG33: ='30'!G56 -> 5573 | BH33: ='30'!G57 -> 0 | BI33: ='30'!G50 -> 926 | BJ33: =SUM(AV33,AW33,BF33,BG33) -> 5573 | BK33: ='30'!G84 -> 802 | BL33: =SUM(AQ33,AV33,AW33,AX33,BA33,BF33,BG33,BH33)/I33% -> 57.39145 | BM33: =SUM(AT33,BD33)/I33% -> 16.528648 | BN33: =(AS33+BC33)/I33 -> 0.074470121 | BO33: =K33+O33+R33+V33 -> 214832 | BP33: =SUM(AV33,AW33,AX33,BF33,BG33,BH33,BK33) -> 8682 | BQ33: =BP33/(AE33*280) -> 1.2903513
A34: 31 | B34: 31 | D34: 30 | E34: ='30'!D5 -> Unit | F34: ='30'!D3 -> 29 | G34: ='31'!G8 -> 17744 | H34: ='31'!G8 -> 17744 | I34: ='31'!G8 -> 17744 | J34: 11 | K34: =H34*J34 -> 195184 | L34: =I34/202 -> 87.841584 | M34: ='31'!G15 -> 640 | N34: 36 | O34: =M34*N34 -> 23040 | P34: ='31'!G20 -> 121 | Q34: 134 | R34: =P34*Q34 -> 16214 | S34: =P34/(F34*202/100) -> 2.0655514 | T34: ='30'!G25 -> 0 | U34: 70 | V34: =T34*U34 -> 0 | W34: ='30'!G97 -> 13 | X34: ='30'!G98 -> 34 | Y34: ='30'!G99 -> 2 | Z34: =W34+X34+Y34 -> 49 | AA34: ='30'!G134 -> 0 | AB34: ='30'!G135 -> 0 | AC34: ='30'!G136 -> 24.03 | AD34: ='30'!G137 -> 0 | AE34: =AA34+AB34+AC34+AD34 -> 24.03 | AF34: =AV34+AW34+BF34+BG34 -> 5603 | AG34: =AF34/AE34 -> 233.16687 | AH34: ='30'!G138 -> -0.18 | AI34: ='30'!G139 -> 9.74 | AJ34: ='30'!G140 -> 8.09 | AK34: =AH34+AI34+AJ34 -> 17.65 | AL34: ='30'!G141 -> 0 | AM34: ='30'!G142 -> 0 | AO34: =AL34+AM34 -> 0 | AP34: ='30'!G125 -> 0.4 | AQ34: ='31'!G35 -> 2345 | AR34: ='31'!G37 -> 1260 | AS34: ='31'!G38 -> 1249 | AT34: ='31'!G39 -> 2175 | AU34: ='31'!G40 -> 0 | AV34: ='31'!G41 -> 0 | AW34: ='31'!G42 -> 1 | AX34: ='31'!G43 -> 2277 | AY34: ='31'!G44 -> 0 | AZ34: ='31'!G36 -> 173 | BA34: ='31'!G49 -> -0.13 | BB34: ='31'!G51 -> 0 | BC34: ='31'!G52 -> 0 | BD34: ='31'!G53 -> 509 | BE34: ='31'!G54 -> 72 | BF34: ='31'!G55 -> 0 | BG34: ='31'!G56 -> 5602 | BH34: ='31'!G57 -> 0 | BI34: ='31'!G50 -> 884 | BJ34: =SUM(AV34,AW34,BF34,BG34) -> 5603 | BK34: ='31'!G84 -> 805 | BL34: =SUM(AQ34,AV34,AW34,AX34,BA34,BF34,BG34,BH34)/I34% -> 57.62438 | BM34: =SUM(AT34,BD34)/I34% -> 15.12624 | BN34: =(AS34+BC34)/I34 -> 0.070389991 | BO34: =K34+O34+R34+V34 -> 234438 | BP34: =SUM(AV34,AW34,AX34,BF34,BG34,BH34,BK34) -> 8685 | BQ34: =BP34/(AE34*280) -> 1.2907972
A35: Total | D35: =AVERAGE(D4:D34) -> 29.516129 | F35: =AVERAGE(F4:F34) -> 1.4074194 | G35: =SUM(G4:G34) -> 502269 | H35: =SUM(H4:H34) -> 502269 | I35: =SUM(I4:I34) -> 499496 | J35: =SUM(J4:J34) -> 310 | K35: =SUM(K4:K34) -> 5024381 | L35: =SUM(L4:L34) -> 2472.7525 | M35: =SUM(M4:M34) -> 13867 | N35: =SUM(N4:N34) -> 1086 | ... BO35: =SUM(BO4:BO34) -> 5928446 | BP35: =SUM(AV35,AW35,AX35,BF35,BG35,BH35,BK35) -> 243573.53 | BQ35: =BP35/(AE35*280) -> 1.1314813
B36: =B18-B17 -> 1 | C36: =C18-C17 -> 0 | D36: =D18-D17 -> 1 | E36: =E18-E17 -> 0 | F36: =F18-F17 -> 0.2 | I36: =I18-I17 -> 2728.81 | J36: =J18-J17 -> 0 | K36: =K18-K17 -> 26861.7 | L36: =L18-L17 -> 13.50896 | M36: =M18-M17 -> 144.84 | N36: =N18-N17 -> 0 | O36: =O18-O17 -> 5069.4 | P36: =P18-P17 -> 39 | ... AO36: =AO18-AO17 -> 0.04 | AQ36: =AQ18-AQ17 -> 218.33 | AR36: =AR18-AR17 -> 102.18 | AS36: =AS18-AS17 -> 226.92 | AT36: =AT18-AT17 -> 389.81 | AU36: =AU18-AU17 -> -18.03 | AV36: =AV18-AV17 -> 471.45 | AW36: =AW18-AW17 -> -0.08 | AX36: =AX18-AX17 -> 66.9 | BA36: =BA18-BA17 -> -0.13 | BB36: =BB18-BB17 -> 0 | BC36: =BC18-BC17 -> -0.07 | BD36: =BD18-BD17 -> 50.57 | BE36: =BE18-BE17 -> -0.81 | BF36: =BF18-BF17 -> 875.12 | BG36: =BG18-BG17 -> 10.76 | BH36: =BH18-BH17 -> 0 | BL36: =BL18-BL17 -> 0.35197495 | BM36: =BM18-BM17 -> 0.11302931 | BO36: =BO18-BO17 -> 37157.1 | BP36: =BP18-BP17 -> 1461.15
F37: =AVERAGE(F4:F35) -> 1.4074194 | I37: =AVERAGE(I4:I35) -> 31218.5
B38: Guest complaint | F38: =AVERAGE(F4:F35) -> 1.4074194
BJ41: =(BJ31+BK31)/400 -> 14.1875

Sheet Occupancy
B1: Hotel Occupancy Occ% | C1: Room Nights | D1: Comp Night | E1: Cummulative % | F1: Total Covers Guests | G1: Total Room Nights
A2: 1 | C2: 62 | D2: 24 | E2: =SUM(C2:D2)/202% -> 42.574257 | F2: 140 | G2: =C2+D2 -> 86
A3: 2 | C3: 35 | D3: 24 | E3: =SUM(C3:D3)/202% -> 29.207921 | F3: 83 | G3: =C3+D3 -> 59
A4: 3 | C4: 30 | D4: 23 | E4: =SUM(C4:D4)/202% -> 26.237624 | F4: 49 | G4: =C4+D4 -> 53
A5: 4 | C5: 37 | D5: 25 | E5: =SUM(C5:D5)/202% -> 30.693069 | F5: 81 | G5: =C5+D5 -> 62
A6: 5 | C6: 24 | D6: 24 | E6: =SUM(C6:D6)/202% -> 23.762376 | F6: 64 | G6: =C6+D6 -> 48
A7: 6 | C7: 22 | D7: 25 | E7: =SUM(C7:D7)/202% -> 23.267327 | F7: 41 | G7: =C7+D7 -> 47
A8: 7 | C8: 32 | D8: 25 | E8: =SUM(C8:D8)/202% -> 28.217822 | F8: 71 | G8: =C8+D8 -> 57
A9: 8 | C9: 57 | D9: 26 | E9: =SUM(C9:D9)/202% -> 41.089109 | F9: 282 | G9: =C9+D9 -> 83
A10: 9 | C10: 29 | D10: 27 | E10: =SUM(C10:D10)/202% -> 27.722772 | F10: 189 | G10: =C10+D10 -> 56
A11: 10 | C11: 23 | D11: 27 | E11: =SUM(C11:D11)/202% -> 24.752475 | F11: 72 | G11: =C11+D11 -> 50
A12: 11 | C12: 25 | D12: 27 | E12: =SUM(C12:D12)/202% -> 25.742574 | F12: 52 | G12: =C12+D12 -> 52
A13: 12 | C13: 27 | D13: 27 | E13: =SUM(C13:D13)/202% -> 26.732673 | F13: 45 | G13: =C13+D13 -> 54
... A32: 31 | C32: 42 | D32: 27 | E32: =SUM(C32:D32)/202% -> 34.158416 | F32: 95 | G32: =C32+D32 -> 69
B34: Total | F34: =SUM(F2:F32) -> 3910 | G34: =SUM(G2:G32) -> 2204

Sheet Water Report
C3: Date | D3: 1 | E3: 2 | F3: 3 | G3: 4 | H3: 5 | I3: 6 | J3: 7 | K3: 8 | L3: 9 | M3: 10 | N3: 11 | O3: 12 | P3: 13 | Q3: 14 | R3: 15 | S3: 16 | T3: 17 | U3: 18 | V3: 19 | W3: 20 | X3: 21 | Y3: 22 | Z3: 23 | AA3: 24 | AB3: 25 | AC3: 26 | AD3: 27 | AE3: 28 | AF3: 29 | AG3: 30 | AH3: 31
C4: occupancy | D4: ='[1]1'!F3 -> 0.5 | E4: ='[1]2'!F3 -> 0.1 | F4: ='[1]3'!F3 -> 0.5
C5: Tanker | D5: ='1'!G18 -> 80 | E5: ='2'!G18 -> 60 | F5: ='3'!G18 -> 60 | G5: ='4'!G18 -> 60 | H5: ='5'!G18 -> 60 | I5: ='6'!G18 -> 0 | J5: ='7'!G18 -> 0 | K5: ='8'!G18 -> 60 | L5: ='9'!G18 -> 40 | M5: ='10'!G18 -> 20 | N5: ='11'!G18 -> 20 | O5: ='12'!G18 -> 0 | P5: ='13'!G18 -> 20 | Q5: ='14'!G18 -> 20 | R5: ='15'!G18 -> 60 | S5: ='16'!G18 -> 60 | T5: ='17'!G18 -> 20 | U5: ='18'!G18 -> 0 | V5: ='19'!G18 -> 0 | W5: ='20'!G18 -> 0 | X5: ='21'!G18 -> 40 | Y5: ='22'!G18 -> 90 | Z5: ='23'!G18 -> 80 | AA5: ='24'!G18 -> 50 | AB5: ='25'!G18 -> 60 | AC5: ='26'!G18 -> 60 | AD5: ='27'!G18 -> 60 | AE5: ='28'!G18 -> 40 | AF5: ='29'!G18 -> 60 | AG5: ='30'!G18 -> 80 | AH5: ='31'!G18 -> 60
C6: BMC | D6: ='1'!G19 -> 56 | E6: ='2'!G19 -> 51 | F6: ='3'!G19 -> 56 | G6: ='4'!G19 -> 47 | H6: ='5'!G19 -> 53 | I6: ='6'!G19 -> 56 | J6: ='7'!G19 -> 56 | K6: ='8'!G19 -> 55 | L6: ='9'!G19 -> 55 | M6: ='10'!G19 -> 57 | N6: ='11'!G19 -> 55 | O6: ='12'!G19 -> 52 | P6: ='13'!G19 -> 57 | Q6: ='14'!G19 -> 57 | R6: ='15'!G19 -> 56 | S6: ='16'!G19 -> 57 | T6: ='17'!G19 -> 56 | U6: ='18'!G19 -> 105 | V6: ='19'!G19 -> 60 | W6: ='20'!G19 -> 57 | X6: ='21'!G19 -> 56 | Y6: ='22'!G19 -> 60 | Z6: ='23'!G19 -> 60 | AA6: ='24'!G19 -> 60 | AB6: ='25'!G19 -> 60 | AC6: ='26'!G19 -> 53 | AD6: ='27'!G19 -> 61 | AE6: ='28'!G19 -> 60 | AF6: ='29'!G19 -> 57 | AG6: ='30'!G19 -> 58 | AH6: ='31'!G19 -> 61
C7: R.O. Plant Production | D7: ='1'!G93 -> 52 | E7: ='2'!G93 -> 36 | F7: ='3'!G93 -> 52 | G7: ='4'!G93 -> 39 | H7: ='5'!G93 -> 26 | I7: ='6'!G93 -> 0 | J7: ='7'!G93 -> 0 | K7: ='8'!G93 -> 53 | L7: ='9'!G93 -> 32 | M7: ='10'!G93 -> 0 | N7: ='11'!G93 -> 0 | O7: ='12'!G93 -> 20 | P7: ='13'!G93 -> 30 | Q7: ='14'!G93 -> 15 | R7: ='15'!G93 -> 153 | S7: ='16'!G93 -> 45 | T7: ='17'!G93 -> 0 | U7: ='18'!G93 -> 0 | V7: ='19'!G93 -> 0 | W7: ='20'!G93 -> 22 | X7: ='21'!G93 -> 37 | Y7: ='22'!G93 -> 63 | Z7: ='23'!G93 -> 57 | AA7: ='24'!G93 -> 28 | AB7: ='25'!G93 -> 54 | AC7: ='26'!G93 -> 38 | AD7: ='27'!G93 -> 35 | AE7: ='28'!G93 -> 28 | AF7: ='29'!G93 -> 39 | AG7: ='30'!G93 -> 0 | AH7: ='31'!G93 -> 110
C8: STP Production | D8: ='1'!G94 -> 95 | E8: ='2'!G94 -> 101 | F8: ='3'!G94 -> 111 | G8: ='4'!G94 -> 71 | H8: ='5'!G94 -> 69 | I8: ='6'!G94 -> 100 | J8: ='7'!G94 -> 71 | K8: ='8'!G94 -> 49 | L8: ='9'!G94 -> 106 | M8: ='10'!G94 -> 45 | N8: ='11'!G94 -> 44 | O8: ='12'!G94 -> 119 | P8: ='13'!G94 -> 67 | Q8: ='14'!G94 -> 83 | R8: ='15'!G94 -> 131 | S8: ='16'!G94 -> 29 | T8: ='17'!G94 -> 93 | U8: ='18'!G94 -> 146 | V8: ='19'!G94 -> 75 | W8: ='20'!G94 -> 34 | X8: ='21'!G94 -> 83 | Y8: ='22'!G94 -> 101 | Z8: ='23'!G94 -> 92 | AA8: ='24'!G94 -> 74 | AB8: ='25'!G94 -> 97 | AC8: ='26'!G94 -> 79 | AD8: ='27'!G94 -> 86 | AE8: ='28'!G94 -> 80 | AF8: ='29'!G94 -> 68 | AG8: ='30'!G94 -> 112 | AH8: ='31'!G94 -> 79
B9: Domestic Water | C9: Zone-1 | D9: ='1'!G96 -> 72 | E9: ='2'!G96 -> 42 | F9: ='3'!G96 -> 61 | G9: ='4'!G96 -> 62 | H9: ='5'!G96 -> 31 | I9: ='6'!G96 -> 39 | J9: ='7'!G96 -> 31 | K9: ='8'!G96 -> 78 | L9: ='9'!G96 -> 40 | M9: ='10'!G96 -> 24 | N9: ='11'!G96 -> 26 | O9: ='12'!G96 -> 35 | P9: ='13'!G96 -> 52 | Q9: ='14'!G96 -> 46 | R9: ='15'!G96 -> 42 | S9: ='16'!G96 -> 27 | T9: ='17'!G96 -> 45 | U9: ='18'!G96 -> 29 | V9: ='19'!G96 -> 23 | W9: ='20'!G96 -> 27 | X9: ='21'!G96 -> 49 | Y9: ='22'!G96 -> 80 | Z9: ='23'!G96 -> 37 | AA9: ='24'!G96 -> 40 | AB9: ='25'!G96 -> 78 | AC9: ='26'!G96 -> 43 | AD9: ='27'!G96 -> 49 | AE9: ='28'!G96 -> 51 | AF9: ='29'!G96 -> 46 | AG9: ='30'!G96 -> 38 | AH9: ='31'!G96 -> 54
C10: Zone-2 | D10: ='1'!G97 -> 12 | E10: ='2'!G97 -> 12 | F10: ='3'!G97 -> 17 | G10: ='4'!G97 -> 9 | H10: ='5'!G97 -> 6 | I10: ='6'!G97 -> 9 | J10: ='7'!G97 -> 8 | K10: ='8'!G97 -> 9 | L10: ='9'!G97 -> 11 | M10: ='10'!G97 -> 7 | N10: ='11'!G97 -> 8 | O10: ='12'!G97 -> 6 | P10: ='13'!G97 -> 6 | Q10: ='14'!G97 -> 10 | R10: ='15'!G97 -> 10 | S10: ='16'!G97 -> 14 | T10: ='17'!G97 -> 7 | U10: ='18'!G97 -> 12 | V10: ='19'!G97 -> 7 | W10: ='20'!G97 -> 11 | X10: ='21'!G97 -> 9 | Y10: ='22'!G97 -> 9 | Z10: ='23'!G97 -> 15 | AA10: ='24'!G97 -> 11 | AB10: ='25'!G97 -> 9 | AC10: ='26'!G97 -> 9 | AD10: ='27'!G97 -> 11 | AE10: ='28'!G97 -> 7 | AF10: ='29'!G97 -> 9 | AG10: ='30'!G97 -> 13 | AH10: ='31'!G97 -> 12
C11: Zone-3 | D11: ='1'!G98 -> 17 | E11: ='2'!G98 -> 18 | F11: ='3'!G98 -> 15 | G11: ='4'!G98 -> 18 | H11: ='5'!G98 -> 11 | I11: ='6'!G98 -> 9 | J11: ='7'!G98 -> 10 | K11: ='8'!G98 -> 13 | L11: ='9'!G98 -> 15 | M11: ='10'!G98 -> 9 | N11: ='11'!G98 -> 10 | O11: ='12'!G98 -> 9 | P11: ='13'!G98 -> 12 | Q11: ='14'!G98 -> 17 | R11: ='15'!G98 -> 33 | S11: ='16'!G98 -> 19 | T11: ='17'!G98 -> 6 | U11: ='18'!G98 -> 8 | V11: ='19'!G98 -> 12 | W11: ='20'!G98 -> 16 | X11: ='21'!G98 -> 20 | Y11: ='22'!G98 -> 25 | Z11: ='23'!G98 -> 31 | AA11: ='24'!G98 -> 16 | AB11: ='25'!G98 -> 13 | AC11: ='26'!G98 -> 18 | AD11: ='27'!G98 -> 17 | AE11: ='28'!G98 -> 18 | AF11: ='29'!G98 -> 35 | AG11: ='30'!G98 -> 34 | AH11: ='31'!G98 -> 19
B13: Flushing Water | C13: Zone-1 | D13: ='1'!G99 -> 5 | E13: ='2'!G99 -> 5 | F13: ='3'!G99 -> 4 | G13: ='4'!G99 -> 6 | H13: ='5'!G99 -> 7 | I13: ='6'!G99 -> 8 | J13: ='7'!G99 -> 5 | K13: ='8'!G99 -> 14 | L13: ='9'!G99 -> 10 | M13: ='10'!G99 -> 12 | N13: ='11'!G99 -> 6 | O13: ='12'!G99 -> 27 | P13: ='13'!G99 -> 27 | Q13: ='14'!G99 -> 26 | R13: ='15'!G99 -> 23 | S13: ='16'!G99 -> 5 | T13: ='17'!G99 -> 2 | U13: ='18'!G99 -> 4 | V13: ='19'!G99 -> 11 | W13: ='20'!G99 -> 10 | X13: ='21'!G99 -> 6 | Y13: ='22'!G99 -> 13 | Z13: ='23'!G99 -> 21 | AA13: ='24'!G99 -> 28 | AB13: ='25'!G99 -> 7 | AC13: ='26'!G99 -> 5 | AD13: ='27'!G99 -> 8 | AE13: ='28'!G99 -> 4 | AF13: ='29'!G99 -> 4 | AG13: ='30'!G99 -> 2 | AH13: ='31'!G99 -> 4
C14: Zone-2 | D14: ='1'!G115 -> 9 | E14: ='2'!G115 -> 4 | F14: ='3'!G115 -> 6 | G14: ='4'!G115 -> 5 | H14: ='5'!G115 -> 3 | I14: ='6'!G115 -> 3 | J14: ='7'!G115 -> 5 | K14: ='8'!G115 -> 4 | L14: ='9'!G115 -> 5 | M14: ='10'!G115 -> 6 | N14: ='11'!G115 -> 3 | O14: ='12'!G115 -> 6 | P14: ='13'!G115 -> 8 | Q14: ='14'!G115 -> 6 | R14: ='15'!G115 -> 7 | S14: ='16'!G115 -> 28 | T14: ='17'!G115 -> 22 | U14: ='18'!G115 -> 10 | V14: ='19'!G115 -> 7 | W14: ='20'!G115 -> 14 | X14: ='21'!G115 -> 4 | Y14: ='22'!G115 -> 10 | Z14: ='23'!G115 -> 5 | AA14: ='24'!G115 -> 5 | AB14: ='25'!G115 -> 8 | AC14: ='26'!G115 -> 5 | AD14: ='27'!G115 -> 10 | AE14: ='28'!G115 -> 6 | AF14: ='29'!G115 -> 7 | AG14: ='30'!G115 -> 9 | AH14: ='31'!G115 -> 8
C15: Zone-3 | D15: ='1'!G116 -> 5 | E15: ='2'!G116 -> 4 | F15: ='3'!G116 -> 4 | G15: ='4'!G116 -> 4 | H15: ='5'!G116 -> 20 | I15: ='6'!G116 -> 3 | J15: ='7'!G116 -> 9 | K15: ='8'!G116 -> 4 | L15: ='9'!G116 -> 4 | M15: ='10'!G116 -> 2 | N15: ='11'!G116 -> 1 | O15: ='12'!G116 -> 4 | P15: ='13'!G116 -> 4 | Q15: ='14'!G116 -> 4 | R15: ='15'!G116 -> 1 | S15: ='16'!G116 -> 7 | T15: ='17'!G116 -> 8 | U15: ='18'!G116 -> 0 | V15: ='19'!G116 -> 2 | W15: ='20'!G116 -> 3 | X15: ='21'!G116 -> 7 | Y15: ='22'!G116 -> 17 | Z15: ='23'!G116 -> 11 | AA15: ='24'!G116 -> 7 | AB15: ='25'!G116 -> 12 | AC15: ='26'!G116 -> 6 | AD15: ='27'!G116 -> 6 | AE15: ='28'!G116 -> 4 | AF15: ='29'!G116 -> 6 | AG15: ='30'!G116 -> 11 | AH15: ='31'!G116 -> 6
B17: Branches ( Domestic water ) | C17: Pool | D17: ='1'!G105 -> 0 | E17: ='2'!G105 -> 0 | F17: ='3'!G105 -> 0 | G17: ='4'!G105 -> 0 | H17: ='5'!G105 -> 4 | I17: ='6'!G105 -> 4 | J17: ='7'!G105 -> 5 | K17: ='8'!G105 -> 0 | L17: ='9'!G105 -> 0 | M17: ='10'!G105 -> 8 | N17: ='11'!G105 -> 0 | O17: ='12'!G105 -> 0 | P17: ='13'!G105 -> 0 | Q17: ='14'!G105 -> 0 | R17: ='15'!G105 -> 0 | S17: ='16'!G105 -> 0 | T17: ='17'!G105 -> 0 | U17: ='18'!G105 -> 0 | V17: ='19'!G105 -> 0 | W17: ='20'!G105 -> 0 | X17: ='21'!G105 -> 7 | Y17: ='22'!G105 -> 4 | Z17: ='23'!G105 -> 0 | AA17: ='24'!G105 -> 0 | AB17: ='25'!G105 -> 0 | AC17: ='26'!G105 -> 0 | AD17: ='27'!G105 -> 0 | AE17: ='28'!G105 -> 0 | AF17: ='29'!G105 -> 0 | AG17: ='30'!G105 -> 0 | AH17: ='31'!G105 -> 0
C18: B2 Laundry | D18: ='1'!G106 -> 0 | E18: ='2'!G106 -> 8 | F18: ='3'!G106 -> 0 | G18: ='4'!G106 -> 11 | H18: ='5'!G106 -> 0 | I18: ='6'!G106 -> 0 | J18: ='7'!G106 -> 6 | K18: ='8'!G106 -> 6 | L18: ='9'!G106 -> 157 | M18: ='10'!G106 -> 0 | N18: ='11'!G106 -> 0 | O18: ='12'!G106 -> 0 | P18: ='13'!G106 -> 15 | Q18: ='14'!G106 -> 0 | R18: ='15'!G106 -> 0 | S18: ='16'!G106 -> 0 | T18: ='17'!G106 -> 14 | U18: ='18'!G106 -> 0 | V18: ='19'!G106 -> 0 | W18: ='20'!G106 -> 0 | X18: ='21'!G106 -> 4 | Y18: ='22'!G106 -> 13 | Z18: ='23'!G106 -> 0 | AA18: ='24'!G106 -> 1 | AB18: ='25'!G106 -> 16 | AC18: ='26'!G106 -> 1 | AD18: ='27'!G106 -> 0 | AE18: ='28'!G106 -> 14 | AF18: ='29'!G106 -> 0 | AG18: ='30'!G106 -> 0 | AH18: ='31'!G106 -> 15
C19: Boiler Feed Water | D19: ='1'!G107 -> 0 | E19: ='2'!G107 -> 3 | F19: ='3'!G107 -> 3 | G19: ='4'!G107 -> 9 | H19: ='5'!G107 -> 3 | I19: ='6'!G107 -> 3 | J19: ='7'!G107 -> 1 | K19: ='8'!G107 -> 8 | L19: ='9'!G107 -> 184 | M19: ='10'!G107 -> 1 | N19: ='11'!G107 -> 0 | O19: ='12'!G107 -> 5 | P19: ='13'!G107 -> 5 | Q19: ='14'!G107 -> 0 | R19: ='15'!G107 -> 3 | S19: ='16'!G107 -> 0 | T19: ='17'!G107 -> 6 | U19: ='18'!G107 -> 2 | V19: ='19'!G107 -> 0 | W19: ='20'!G107 -> 0 | X19: ='21'!G107 -> 5 | Y19: ='22'!G107 -> 4 | Z19: ='23'!G107 -> 2 | AA19: ='24'!G107 -> 3 | AB19: ='25'!G107 -> 0 | AC19: ='26'!G107 -> 7 | AD19: ='27'!G107 -> 2 | AE19: ='28'!G107 -> 5 | AF19: ='29'!G107 -> 0 | AG19: ='30'!G107 -> 3 | AH19: ='31'!G107 -> 6
B21: Branches ( STP Water ) | C21: CT water | D21: ='1'!G110 -> 85 | E21: ='2'!G110 -> 40 | F21: ='3'!G110 -> 41 | G21: ='4'!G110 -> 60 | H21: ='5'!G110 -> 39 | I21: ='6'!G110 -> 40 | J21: ='7'!G110 -> 59 | K21: ='8'!G110 -> 41 | L21: ='9'!G110 -> 50 | M21: ='10'!G110 -> 40 | N21: ='11'!G110 -> 53 | O21: ='12'!G110 -> 48 | P21: ='13'!G110 -> 60 | Q21: ='14'!G110 -> 40 | R21: ='15'!G110 -> 42 | S21: ='16'!G110 -> 107 | T21: ='17'!G110 -> 20 | U21: ='18'!G110 -> 73 | V21: ='19'!G110 -> 40 | W21: ='20'!G110 -> 39 | X21: ='21'!G110 -> 39 | Y21: ='22'!G110 -> 40 | Z21: ='23'!G110 -> 60 | AA21: ='24'!G110 -> 40 | AB21: ='25'!G110 -> 50 | AC21: ='26'!G110 -> 98 | AD21: ='27'!G110 -> 71 | AE21: ='28'!G110 -> 56 | AF21: ='29'!G110 -> 66 | AG21: ='30'!G110 -> 59 | AH21: ='31'!G110 -> 64
C22: STP flush | D22: ='1'!G111 -> 0 | E22: ='2'!G111 -> 0 | F22: ='3'!G111 -> 0 | G22: ='4'!G111 -> 10 | H22: ='5'!G111 -> 22 | I22: ='6'!G111 -> 0 | J22: ='7'!G111 -> 0 | K22: ='8'!G111 -> 12 | L22: ='9'!G111 -> 9 | M22: ='10'!G111 -> 11 | N22: ='11'!G111 -> 0 | O22: ='12'!G111 -> 25 | P22: ='13'!G111 -> 30 | Q22: ='14'!G111 -> 17 | R22: ='15'!G111 -> 30 | S22: ='16'!G111 -> 0 | T22: ='17'!G111 -> 0 | U22: ='18'!G111 -> 0 | V22: ='19'!G111 -> 11 | W22: ='20'!G111 -> 18 | X22: ='21'!G111 -> 3 | Y22: ='22'!G111 -> 26 | Z22: ='23'!G111 -> 19 | AA22: ='24'!G111 -> 40 | AB22: ='25'!G111 -> 0 | AC22: ='26'!G111 -> 24 | AD22: ='27'!G111 -> 0 | AE22: ='28'!G111 -> 0 | AF22: ='29'!G111 -> 18 | AG22: ='30'!G111 -> 18 | AH22: ='31'!G111 -> 0
C23: Garden | D23: ='1'!G112 -> 27 | E23: ='2'!G112 -> 0 | F23: ='3'!G112 -> 22 | G23: ='4'!G112 -> 0 | H23: ='5'!G112 -> 24 | I23: ='6'!G112 -> 0 | J23: ='7'!G112 -> 19 | K23: ='8'!G112 -> 0 | L23: ='9'!G112 -> 0 | M23: ='10'!G112 -> 6 | N23: ='11'!G112 -> 12 | O23: ='12'!G112 -> 0 | P23: ='13'!G112 -> 14 | Q23: ='14'!G112 -> 0 | R23: ='15'!G112 -> 17 | S23: ='16'!G112 -> 0 | T23: ='17'!G112 -> 0 | U23: ='18'!G112 -> 4 | V23: ='19'!G112 -> 0 | W23: ='20'!G112 -> 0 | X23: ='21'!G112 -> 0 | Y23: ='22'!G112 -> 14 | Z23: ='23'!G112 -> 0 | AA23: ='24'!G112 -> 0 | AB23: ='25'!G112 -> 16 | AC23: ='26'!G112 -> 0 | AD23: ='27'!G112 -> 16 | AE23: ='28'!G112 -> 0 | AF23: ='29'!G112 -> 17 | AG23: ='30'!G112 -> 0 | AH23: ='31'!G112 -> 0
B24: Total Tanke(RO) + BMC | D24: =SUM(D5:D6) -> 136 | E24: =SUM(E5:E6) -> 111 | F24: =SUM(F5:F6) -> 116 | G24: =SUM(G5:G6) -> 107 | H24: =SUM(H5:H6) -> 113 | I24: =SUM(I5:I6) -> 56 | J24: =SUM(J5:J6) -> 56 | K24: =SUM(K5:K6) -> 115 | ... AH24: =SUM(AH5:AH6) -> 121
B25: Domestic consumption | D25: =SUM(D9:D11,D14:D15,) -> 115 | E25: =SUM(E9:E11,E14:E15,) -> 80 | F25: =SUM(F9:F11,F14:F15,) -> 103 | G25: =SUM(G9:G11,G14:G15,) -> 98 | H25: =SUM(H9:H11,H14:H15,) -> 71 | I25: =SUM(I9:I11,I14:I15,) -> 63 | J25: =SUM(J9:J11,J14:J15,) -> 63 | K25: =SUM(K9:K11,K14:K15,) -> 108 | ... AI25: =SUM(AI9:AI11,AI14:AI15,) -> 0
B27: STP +Flush Consumption | D27: =SUM(D13,D21,D23) -> 117 | E27: =SUM(E13,E21,E23) -> 45 | F27: =SUM(F13,F21,F23) -> 67 | G27: =SUM(G13,G21,G23) -> 66 | H27: =SUM(H13,H21,H23) -> 70 | I27: =SUM(I13,I21,I23) -> 48 | J27: =SUM(J13,J21,J23) -> 83 | K27: =SUM(K13,K21,K23) -> 55 | ... AH27: =SUM(AH13,AH21,AH23) -> 68 | AI27: =SUM(AI13) -> 0
B29: BOH | D29: =D9 -> 72 | E29: =E9 -> 42 | F29: =F9 -> 61 | G29: =G9 -> 62 | H29: =H9 -> 31 | I29: =I9 -> 39 | J29: =J9 -> 31 | K29: =K9 -> 78 | ... AH29: =AH9 -> 54
B30: Guest Floor | D30: =SUM(D10:D11,D14:D15) -> 43 | E30: =SUM(E10:E11,E14:E15) -> 38 | F30: =SUM(F10:F11,F14:F15) -> 42 | G30: =SUM(G10:G11,G14:G15) -> 36 | H30: =SUM(H10:H11,H14:H15) -> 40 | I30: =SUM(I10:I11,I14:I15) -> 24 | J30: =SUM(J10:J11,J14:J15) -> 32 | K30: =SUM(K10:K11,K14:K15) -> 30 | ... AH30: =SUM(AH10:AH11,AH14:AH15) -> 45
B31: Guest floor% | D31: =D30/SUM(D29:D30)% -> 37.391304 | E31: =E30/SUM(E29:E30)% -> 47.5 | F31: =F30/SUM(F29:F30)% -> 40.776699 | G31: =G30/SUM(G29:G30)% -> 36.734694 | H31: =H30/SUM(H29:H30)% -> 56.338028 | I31: =I30/SUM(I29:I30)% -> 38.095238 | J31: =J30/SUM(J29:J30)% -> 50.793651 | K31: =K30/SUM(K29:K30)% -> 27.777778 | ... AH31: =AH30/SUM(AH29:AH30)% -> 45.454545

Sheet Section Load
F2: Transformer -Load | N2: Electrical | AV2: Boiler Running
AN3: Gas consumption | AU3: Boiler Running Hours
B4: HT Kwh | C4: HT Kvah | D4: MGL Gas | E4: Water | F4: HVAC | G4: Fire & Emergency PP | H4: Main PP | I4: Lighting PP | J4: CH-1+ CH2+CH3+CH4 | K4: Chilled water Pump | L4: Ball Room-1 | M4: Ball Room-2 | N4: MK-1 | O4: MK-2 | P4: Prato | Q4: San- Qi Indian | R4: San- Qi Japanese | S4: The club | T4: AER | U4: COLD ROOM'S | V4: Ball Room 1 | W4: Ball Room 2 | X4: B1 Laundry | Y4: B2 Laundry | Z4: STP | AA4: MOCK Up Room | AB4: 27th Floor | AC4: Physic57 | AD4: Pinoor Legal- Power+lighting | AE4: 2nd floor plant room | AF4: 5th Floor | AG4: 5th Floor | AH4: 12th Floor | AI4: 20th Floor | AJ4: 27th Floor | AK4: 34th Floor | AL4: Sanqi | AM4: Cooling Tower | AN4: MGL | AO4: HWG | AP4: Prato | AQ4: BR-1 | AR4: SanQi IND | AS4: SanQi JPN | AT4: Boiler | AU4: HWG | AV4: Boiler1 | AW4: Boiler2 | AX4: Boiler3 (400Kg) | AY4: Total
A5: 43952 | B5: ='1'!G7 -> 15988 | C5: ='1'!G8 -> 16053 | D5: ='1'!G15 -> 334 | E5: ='1'!G20 -> 136 | F5: =SUM('1'!G35,'1'!G49) -> 2167.87 | G5: =SUM('1'!H37,'1'!H51) -> 1282 | H5: =SUM('1'!G38,'1'!G52) -> 1352 | I5: =SUM('1'!G39,'1'!G53) -> 2595 | J5: =SUM('1'!G41,'1'!G42,'1'!G55,'1'!G56) -> 4654.53 | K5: =SUM('1'!G43,'1'!G57) -> 2319 | L5: ='1'!G50 -> 949 | M5: 634.8 | N5: ='1'!G72 -> 17 | O5: ='1'!$G$73 -> 2 | P5: ='1'!$G$74 -> 30 | Q5: ='1'!$G$75 -> 54 | R5: ='1'!$G$76 -> 57 | S5: ='1'!$G$77 -> 50 | T5: ='1'!$G$78 -> 124 | U5: ='1'!$G$79 -> 189 | V5: ='1'!$G$80 -> 394 | W5: ='1'!$G$81 -> 81 | X5: ='1'!$G$82 -> 12 | Y5: ='1'!$G$58 -> 0 | Z5: ='1'!$G$83 -> 255 | AA5: ='1'!G86 -> 51 | AB5: ='1'!G87 -> 10 | AC5: ='1'!G88 -> 28 | AD5: ='1'!G89+'1'!G90 -> 7 | AE5: ='1'!$G$62 -> 0 | AF5: ='1'!$G$63 -> 4 | AG5: ='1'!$G$64 -> 211 | AH5: ='1'!$G$65 -> 208 | AI5: ='1'!$G$66 -> 271 | AJ5: ='1'!$G$67 -> 222 | AK5: ='1'!$G$68 -> 0 | AL5: ='1'!$G$69 -> 82 | AM5: ='1'!$G$84 -> 715 | AN5: ='1'!$G$15 -> 334 | AO5: ='1'!$G$124 -> 232.54 | AP5: ='1'!$G$125 -> 0 | AQ5: ='1'!$G$126 -> 59.56 | AR5: ='1'!$G$127 -> 0 | AS5: ='1'!$G$128 -> 0.3 | AT5: =AN5-SUM(AO5:AS5) -> 41.6 | AU5: =SUM('1'!G140:G141) -> 8.88 | AV5: ='1'!$G$137 -> 0 | AW5: ='1'!$G$138 -> 0 | AX5: ='1'!$G$139 -> 0 | AY5: =SUM(AV5:AX5) -> 0
A6: 43953 | B6: ='2'!G7 -> 15961 | C6: ='2'!G8 -> 16031 | D6: ='2'!G15 -> 445 | E6: ='2'!G20 -> 111 | F6: =SUM('2'!G35,'2'!G49) -> 2008.13 | G6: =SUM('2'!G37,'2'!G51) -> 1264 | H6: =SUM('2'!G38,'2'!G52) -> 1301 | I6: =SUM('2'!G39,'2'!G53) -> 2441 | J6: =SUM('2'!G41,'2'!G42,'2'!G55,'2'!G56) -> 5001 | K6: =SUM('2'!G43,'2'!G57) -> 2231 | L6: ='2'!G50 -> 884 | M6: 644.26 | N6: ='2'!G72 -> 15 | O6: ='2'!$G$73 -> 1 | P6: ='2'!$G$74 -> 16 | Q6: ='2'!$G$75 -> 52 | R6: ='2'!$G$76 -> 56 | S6: ='2'!$G$77 -> 47 | T6: ='2'!$G$78 -> 95 | U6: ='2'!$G$79 -> 177 | V6: ='2'!$G$80 -> 380 | W6: ='2'!$G$81 -> 66 | X6: ='2'!$G$82 -> 14 | Y6: ='2'!$G$58 -> 113 | Z6: ='2'!$G$83 -> 241 | AA6: ='2'!G86 -> 21 | AB6: ='2'!G87 -> 6 | AC6: ='2'!G88 -> 24 | AD6: ='2'!G89+'2'!G90 -> 6 | AE6: ='2'!$G$62 -> 0 | AF6: ='2'!$G$63 -> 4 | AG6: ='2'!$G$64 -> 208 | AH6: ='2'!$G$65 -> 199 | AI6: ='2'!$G$66 -> 272 | AJ6: ='2'!$G$67 -> 214 | AK6: ='2'!$G$68 -> 0 | AL6: ='2'!$G$69 -> 93 | AM6: ='2'!$G$84 -> 712 | AN6: ='2'!$G$15 -> 445 | AO6: ='2'!$G$124 -> 203 | AP6: ='2'!$G$125 -> 0 | AQ6: ='2'!$G$126 -> 73 | AR6: ='2'!$G$127 -> 0 | AS6: ='2'!$G$128 -> 0 | AT6: =AN6-SUM(AO6:AS6) -> 169 | AU6: =SUM('2'!G140:G141) -> 7.81 | AV6: ='2'!$G$137 -> 2.71 | AW6: ='2'!$G$138 -> 0 | AX6: ='2'!$G$139 -> 0 | AY6: =SUM(AV6:AX6) -> 2.71
A7: 43954 | B7: ='3'!G7 -> 16029 | C7: ='3'!G8 -> 16089 | D7: ='3'!G15 -> 438 | E7: ='3'!G20 -> 116 | F7: =SUM('3'!G35,'3'!G49) -> 2173.87 | G7: =SUM('3'!G37,'3'!G51) -> 1224 | H7: =SUM('3'!G38,'3'!G52) -> 1342 | I7: =SUM('3'!G39,'3'!G53) -> 2337 | J7: =SUM('3'!G41,'3'!G42,'3'!G55,'3'!G56) -> 4821 | K7: =SUM('3'!G43,'3'!G57) -> 2220 | L7: ='3'!G50 -> 1056 | M7: 662.69 | N7: ='3'!G72 -> 15 | O7: ='3'!$G$73 -> 1 | P7: ='3'!$G$74 -> 15 | Q7: ='3'!$G$75 -> 54 | R7: ='3'!$G$76 -> 54 | S7: ='3'!$G$77 -> 50 | T7: ='3'!$G$78 -> 101 | U7: ='3'!$G$79 -> 174 | V7: ='3'!$G$80 -> 359 | W7: ='3'!$G$81 -> 68 | X7: ='3'!$G$82 -> 25 | Y7: ='3'!$G$58 -> 91 | Z7: ='3'!$G$83 -> 249 | AA7: ='3'!G86 -> 184 | AB7: ='1'!G87 -> 10 | AC7: ='3'!G88 -> 146 | AD7: ='3'!G89+'3'!G90 -> 6 | AE7: ='3'!$G$62 -> 0 | AF7: ='3'!$G$63 -> 3 | AG7: ='3'!$G$64 -> 213 | AH7: ='3'!$G$65 -> 198 | AI7: ='3'!$G$66 -> 265 | AJ7: ='3'!$G$67 -> 185 | AK7: ='3'!$G$68 -> 0 | AL7: ='3'!$G$69 -> 85 | AM7: ='3'!$G$84 -> 818 | AN7: ='3'!$G$15 -> 438 | AO7: ='3'!$G$124 -> 197 | AP7: ='3'!$G$125 -> -0.4 | AQ7: ='3'!$G$126 -> 58 | AR7: ='3'!$G$127 -> 0 | AS7: ='3'!$G$128 -> 0 | AT7: =AN7-SUM(AO7:AS7) -> 183.4 | AU7: =SUM('3'!G140:G141) -> 7.4 | AV7: ='3'!$G$137 -> 0 | AW7: ='3'!$G$138 -> 0.4 | AX7: ='3'!$G$139 -> 9.01 | AY7: =SUM(AV7:AX7) -> 9.41
A8: 43955 | B8: ='4'!G7 -> 16163 | C8: ='4'!G8 -> 16226 | D8: ='4'!G15 -> 584 | E8: ='4'!G20 -> 107 | F8: =SUM('4'!G35,'4'!G49) -> 2161 | G8: =SUM('4'!G37,'4'!G51) -> 1213 | H8: =SUM('4'!G38,'4'!G52) -> 1255 | I8: =SUM('4'!G39,'4'!G53) -> 2251 | J8: =SUM('4'!G41,'4'!G42,'4'!G55,'4'!G56) -> 5147 | K8: =SUM('4'!G43,'4'!G57) -> 2199 | L8: ='4'!G50 -> 1029 | M8: 860.89 | N8: ='4'!G72 -> 17 | O8: ='4'!$G$73 -> 1 | P8: ='4'!$G$74 -> 11 | Q8: ='4'!$G$74 -> 11 | R8: ='4'!$G$76 -> 54 | S8: ='4'!$G$77 -> 51 | T8: ='4'!$G$78 -> 55 | U8: ='4'!$G$79 -> 188 | V8: ='4'!$G$80 -> 362 | W8: ='4'!$G$81 -> 75 | X8: ='4'!$G$82 -> 12 | Y8: ='4'!$G$58 -> 218 | Z8: ='4'!$G$83 -> 179 | AA8: ='4'!G86 -> 243 | AB8: ='4'!G87 -> 12 | AC8: ='4'!G88 -> 30 | AD8: ='4'!G89+'4'!G90 -> 7 | AE8: ='4'!$G$62 -> 0 | AF8: ='4'!$G$63 -> 4 | AG8: ='4'!$G$64 -> 206 | AH8: ='4'!$G$65 -> 202 | AI8: ='4'!$G$66 -> 266 | AJ8: ='4'!$G$67 -> 151 | AK8: ='4'!$G$68 -> 0 | AL8: ='4'!$G$69 -> 78 | AM8: ='4'!$G$84 -> 816 | AN8: ='4'!$G$15 -> 584 | AO8: ='4'!$G$124 -> 189 | AP8: ='4'!$G$125 -> 0 | AQ8: ='4'!$G$126 -> 45 | AR8: ='4'!$G$127 -> 0 | AS8: ='4'!$G$128 -> 0 | AT8: =AN8-SUM(AO8:AS8) -> 350 | AU8: =SUM('4'!G140:G141) -> 7.13 | AV8: ='4'!$G$137 -> 7.21 | AW8: ='4'!$G$138 -> -0.4 | AX8: ='4'!$G$139 -> 0 | AY8: =SUM(AV8:AX8) -> 6.81
A9: 43956 | B9: ='5'!G7 -> 15754 | C9: ='5'!G8 -> 15811 | D9: ='5'!G15 -> 287 | E9: ='5'!G20 -> 113 | F9: =SUM('5'!G35,'5'!G49) -> 2118 | G9: =SUM('5'!G37,'5'!G51) -> 1190 | H9: =SUM('5'!G38,'5'!G52) -> 1208 | I9: =SUM('5'!G39,'5'!G53) -> 2239 | J9: =SUM('5'!G41,'5'!G42,'5'!G55,'5'!G56) -> 4970 | K9: =SUM('5'!G43,'5'!G57) -> 2244 | L9: ='5'!G50 -> 990 | M9: 693.11 | N9: ='5'!G72 -> 15 | O9: ='5'!$G$73 -> 1 | P9: ='5'!$G$74 -> 22 | Q9: ='5'!$G$75 -> 50 | R9: ='5'!$G$76 -> 49 | S9: ='5'!$G$77 -> 47 | T9: ='5'!$G$78 -> 46 | U9: ='5'!$G$79 -> 177 | V9: ='5'!$G$80 -> 339 | W9: ='5'!$G$81 -> 70 | X9: ='5'!$G$82 -> 10 | Y9: ='5'!$G$58 -> 43 | Z9: ='5'!$G$83 -> 189 | AA9: ='5'!G86 -> 198 | AB9: ='5'!G87 -> 18 | AC9: ='5'!G88 -> 23 | AD9: ='5'!G89+'5'!G90 -> 6 | AE9: ='5'!$G$62 -> 0 | AF9: ='5'!$G$63 -> 4 | AG9: ='5'!$G$64 -> 205 | AH9: ='5'!$G$65 -> 200 | AI9: ='5'!$G$66 -> 250 | AJ9: ='5'!$G$67 -> 147 | AK9: ='5'!$G$68 -> 0 | AL9: ='5'!$G$69 -> 70 | AM9: ='5'!$G$84 -> 782 | AN9: ='5'!$G$15 -> 287 | AO9: ='5'!$G$124 -> 202 | AP9: ='5'!$G$125 -> 0 | AQ9: ='5'!$G$126 -> 51 | AR9: ='5'!$G$127 -> 0 | AS9: ='5'!$G$128 -> 0 | AT9: =AN9-SUM(AO9:AS9) -> 34 | AU9: =SUM('5'!G140:G141) -> 7.74 | AV9: ='5'!$G$137 -> 0 | AW9: ='5'!$G$138 -> 0 | AX9: ='5'!$G$139 -> 0 | AY9: =SUM(AV9:AX9) -> 0
A10: 43957 | B10: ='6'!G7 -> 15577 | C10: ='6'!G8 -> 15655 | D10: ='6'!G15 -> 477 | E10: ='6'!G20 -> 56 | F10: =SUM('6'!G35,'6'!G49) -> 2168 | G10: =SUM('6'!G37,'6'!G51) -> 1189 | H10: =SUM('6'!G38,'6'!G52) -> 1199 | I10: =SUM('6'!G39,'6'!G53) -> 2160 | J10: =SUM('6'!G41,'6'!G42,'6'!G55,'6'!G56) -> 4851 | K10: =SUM('6'!G43,'6'!G57) -> 2297 | L10: ='6'!G50 -> 848 | M10: 613.85 | N10: ='6'!G72 -> 31 | O10: ='6'!$G$73 -> 1 | P10: ='6'!$G$74 -> 15 | Q10: ='6'!$G$75 -> 54 | R10: ='6'!$G$76 -> 52 | S10: ='6'!$G$77 -> 50 | T10: ='6'!$G$78 -> 49 | U10: ='6'!$G$79 -> 157 | V10: ='6'!$G$80 -> 351 | W10: ='6'!$G$81 -> 123 | X10: ='6'!$G$82 -> 41 | Y10: ='6'!$G$58 -> 123 | Z10: ='6'!$G$83 -> 214 | AA10: ='6'!G86 -> 29 | AB10: ='6'!G87 -> 18 | AC10: ='6'!G88 -> 23 | AD10: ='6'!G89+'6'!G90 -> 6 | AE10: ='6'!$G$62 -> 0 | AF10: ='6'!$G$63 -> 4 | AG10: ='6'!$G$64 -> 204 | AH10: ='6'!$G$65 -> 175 | AI10: ='6'!$G$66 -> 252 | AJ10: ='6'!$G$67 -> 145 | AK10: ='6'!$G$68 -> 0 | AL10: ='6'!$G$69 -> 41 | AM10: ='6'!$G$84 -> 830 | AN10: ='6'!$G$15 -> 477 | AO10: ='6'!$G$124 -> 206 | AP10: ='6'!$G$125 -> 0 | AQ10: ='6'!$G$126 -> 57 | AR10: ='6'!$G$127 -> 0 | AS10: ='6'!$G$128 -> 0 | AT10: =AN10-SUM(AO10:AS10) -> 214 | AU10: =SUM('6'!G140:G141) -> 7.66 | AV10: ='6'!$G$137 -> 0 | AW10: ='6'!$G$138 -> 0 | AX10: ='6'!$G$139 -> 11.38 | AY10: =SUM(AV10:AX10) -> 11.38
A11: 43958 | B11: ='7'!G7 -> 14931 | C11: ='7'!G8 -> 15022 | D11: ='7'!G15 -> 348 | E11: ='7'!G20 -> 56 | F11: =SUM('7'!G35,'7'!G49) -> 2063 | G11: =SUM('7'!G37,'7'!G51) -> 1225 | H11: =SUM('7'!G38,'7'!G52) -> 1112 | I11: =SUM('7'!G39,'7'!G53) -> 2122 | J11: =SUM('7'!G41,'7'!G42,'7'!G55,'7'!G56) -> 4616 | K11: =SUM('7'!G43,'7'!G57) -> 2190 | L11: ='7'!G50 -> 857 | M11: 538.96 | N11: ='7'!G72 -> 2 | O11: ='7'!$G$73 -> 1 | P11: ='7'!$G$74 -> 12 | Q11: ='7'!$G$75 -> 55 | R11: ='7'!$G$76 -> 55 | S11: ='7'!$G$77 -> 50 | T11: ='7'!$G$78 -> 72 | U11: ='7'!$G$79 -> 144 | V11: ='7'!$G$80 -> 367 | W11: ='7'!$G$81 -> 31 | X11: ='7'!$G$82 -> 19 | Y11: ='7'!$G$58 -> 0 | Z11: ='7'!$G$83 -> 197 | AA11: ='7'!G86 -> 32 | AB11: ='7'!G87 -> 28 | AC11: ='7'!G88 -> 24 | AD11: ='7'!G89+'7'!G90 -> 7 | AE11: ='7'!$G$62 -> 0 | AF11: ='7'!$G$63 -> 4 | AG11: ='7'!$G$64 -> 207 | AH11: ='7'!$G$65 -> 170 | AI11: ='7'!$G$66 -> 249 | AJ11: ='7'!$G$67 -> 125 | AK11: ='7'!$G$68 -> 0 | AL11: ='7'!$G$69 -> 34 | AM11: ='7'!$G$84 -> 846 | AN11: ='7'!$G$15 -> 348 | AO11: ='7'!$G$124 -> 204 | AP11: ='7'!$G$125 -> 0 | AQ11: ='7'!$G$126 -> 71 | AR11: ='7'!$G$127 -> 0 | AS11: ='7'!$G$128 -> 0 | AT11: =AN11-SUM(AO11:AS11) -> 73 | AU11: =SUM('7'!G140:G141) -> 7.77 | AV11: ='7'!$G$137 -> 0 | AW11: ='7'!$G$138 -> 0 | AX11: ='7'!$G$139 -> 0 | AY11: =SUM(AV11:AX11) -> 0
A12: 43959 | B12: ='8'!G7 -> 19453 | C12: ='8'!G8 -> 19564 | D12: ='8'!G15 -> 613.48 | E12: ='8'!G20 -> 115 | F12: =SUM('8'!G35,'8'!G49) -> 2427.6 | G12: =SUM('8'!G37,'8'!G51) -> 1346.89 | H12: =SUM('8'!G38,'8'!G52) -> 1203.34 | I12: =SUM('8'!G39,'8'!G53) -> 2445.82 | J12: =SUM('8'!G41,'8'!G42,'8'!G55,'8'!G56) -> 4895.38 | K12: =SUM('8'!G43,'8'!G57) -> 2425.27 | L12: ='8'!G50 -> 1386.31 | M12: 599.72 | N12: ='8'!G72 -> 15 | O12: ='8'!$G$73 -> 1 | P12: ='8'!$G$74 -> 11.7 | Q12: ='8'!$G$75 -> 66.63 | R12: ='8'!$G$76 -> 54.92 | S12: ='8'!$G$77 -> 48 | T12: ='8'!$G$78 -> 69 | U12: ='8'!$G$79 -> 104 | V12: ='8'!$G$80 -> 373.72 | W12: ='8'!$G$81 -> 71.8 | X12: ='8'!$G$82 -> 11.66 | Y12: ='8'!$G$58 -> 205.13 | Z12: ='8'!$G$83 -> 156 | AA12: ='8'!G86 -> 28.72 | AB12: ='8'!G87 -> 1.7 | AC12: ='8'!G88 -> 20.95 | AD12: ='8'!G89+'8'!G90 -> 7.3 | AE12: ='8'!$G$62 -> 0 | AF12: ='8'!$G$63 -> 3.54 | AG12: ='8'!$G$64 -> 207.59 | AH12: ='8'!$G$65 -> 208.2 | AI12: ='8'!$G$66 -> 277.49 | AJ12: ='8'!$G$67 -> 166.27 | AK12: ='8'!$G$68 -> 0 | AL12: ='8'!$G$69 -> 141.4 | AM12: ='8'!$G$84 -> 794 | AN12: ='8'!$G$15 -> 613.48 | AO12: ='8'!$G$124 -> 209.84 | AP12: ='8'!$G$125 -> 0.4 | AQ12: ='8'!$G$126 -> 77.5 | AR12: ='8'!$G$127 -> 0.2 | AS12: ='8'!$G$128 -> 0.6 | AT12: =AN12-SUM(AO12:AS12) -> 324.94 | AU12: =SUM('8'!G140:G141) -> 7.87 | AV12: ='8'!$G$137 -> 5.75 | AW12: ='8'!$G$138 -> 0 | AX12: ='8'!$G$139 -> 1.94 | AY12: =SUM(AV12:AX12) -> 7.69
A13: 43960 | B13: ='9'!G7 -> 15329 | C13: ='9'!G8 -> 15397 | D13: ='9'!G15 -> 523.52 | E13: ='9'!G20 -> 95 | F13: =SUM('9'!G35,'9'!G49) -> 2125.53 | G13: =SUM('9'!G37,'9'!G51) -> 1183.98 | H13: =SUM('9'!G38,'9'!G52) -> 1229.73 | I13: =SUM('9'!G39,'9'!G53) -> 2303.18 | J13: =SUM('9'!G41,'9'!G42,'9'!G55,'9'!G56) -> 4766.73 | K13: =SUM('9'!G43,'9'!G57) -> 2140.73 | L13: ='9'!G50 -> 861.69 | M13: 726.74 | N13: ='9'!G72 -> 16 | O13: ='9'!$G$73 -> 1 | P13: ='9'!$G$74 -> 10.3 | Q13: ='9'!$G$75 -> 51.37 | R13: ='9'!$G$76 -> 55.08 | S13: ='9'!$G$77 -> 48 | T13: ='9'!$G$78 -> 66 | U13: ='9'!$G$79 -> 106 | V13: ='9'!$G$80 -> 389.28 | W13: ='9'!$G$81 -> 76.2 | X13: ='9'!$G$82 -> 33.34 | Y13: ='9'!$G$58 -> 11.87 | Z13: ='9'!$G$83 -> 232 | AA13: ='9'!G86 -> 30.28 | AB13: ='9'!G87 -> 10.3 | AC13: ='9'!G88 -> 22.05 | AD13: ='9'!G89+'9'!H90 -> 6.1 | AE13: ='9'!$G$62 -> 0 | AF13: ='9'!$G$63 -> 3.46 | AG13: ='9'!$G$64 -> 195.41 | AH13: ='9'!$G$65 -> 186.8 | AI13: ='9'!$G$66 -> 253.51 | AJ13: ='9'!$G$67 -> 170.73 | AK13: ='9'!$G$68 -> 0 | AL13: ='9'!$G$69 -> 112.6 | AM13: ='9'!$G$84 -> 798 | AN13: ='9'!$G$15 -> 523.52 | AO13: ='9'!$G$124 -> 186.16 | AP13: ='9'!$G$125 -> 0 | AQ13: ='9'!$G$126 -> 62.5 | AR13: ='9'!$G$127 -> 0 | AS13: ='9'!$G$128 -> 0.4 | AT13: =AN13-SUM(AO13:AS13) -> 274.46 | AU13: =SUM('9'!G140:G141) -> 6.74 | AV13: ='9'!$G$137 -> 3.74 | AW13: ='9'!$G$138 -> -0.33 | AX13: ='9'!$G$139 -> 3.62 | AY13: =SUM(AV13:AX13) -> 7.03
A14: 43961 | B14: ='10'!G7 -> 15144 | C14: ='10'!G8 -> 15255 | D14: ='10'!G15 -> 243 | E14: ='10'!G20 -> 77 | F14: =SUM('10'!G35,'10'!G49) -> 1851 | G14: =SUM('10'!G37,'10'!G51) -> 1187 | H14: =SUM('10'!G38,'10'!G52) -> 1067 | I14: =SUM('10'!G39,'10'!G53) -> 2173 | J14: =SUM('10'!G41,'10'!G42,'10'!G55,'10'!G56) -> 4860.89 | K14: =SUM('10'!G43,'10'!G57) -> 2128 | L14: ='10'!G50 -> 939 | M14: 558.2 | N14: ='10'!G72 -> 17 | O14: ='10'!$G$73 -> 1 | P14: ='10'!$G$74 -> 12 | Q14: ='10'!$G$75 -> 53 | R14: ='10'!$G$76 -> 57 | S14: ='10'!$G$77 -> 52 | T14: ='10'!$G$78 -> 70 | U14: ='10'!$G$79 -> 109 | V14: ='10'!$G$80 -> 343 | W14: ='10'!$G$81 -> 77 | X14: ='10'!$G$82 -> 11 | Y14: ='10'!$G$58 -> 49 | Z14: ='10'!$G$83 -> 162 | AA14: ='10'!G86 -> 93 | AB14: ='10'!G87 -> 17 | AC14: ='10'!G88 -> 119 | AD14: ='10'!G87+'10'!H90 -> 17 | AE14: ='10'!$G$62 -> 0 | AF14: ='10'!$G$63 -> 4 | AG14: ='10'!$G$64 -> 203 | AH14: ='10'!$G$65 -> 134 | AI14: ='10'!$G$66 -> 259 | AJ14: ='10'!$G$67 -> 126 | AK14: ='10'!$G$68 -> 0 | AL14: ='10'!$G$69 -> 100 | AM14: ='10'!$G$84 -> 636 | AN14: ='10'!$G$15 -> 243 | AO14: ='10'!$G$124 -> 200 | AP14: ='10'!$G$125 -> 0 | AQ14: ='10'!$G$126 -> 35 | AR14: ='10'!$G$127 -> 0 | AS14: ='10'!$G$128 -> 0 | AT14: =AN14-SUM(AO14:AS14) -> 8 | AU14: =SUM('10'!G140:G141) -> 7.58 | AV14: ='10'!$G$137 -> 0 | AW14: ='10'!$G$138 -> 0 | AX14: ='10'!$G$139 -> 0.13 | AY14: =SUM(AV14:AX14) -> 0.13
A15: 43962 | B15: ='11'!G7 -> 14482.59 | C15: ='11'!G8 -> 14613.82 | D15: ='11'!G15 -> 333.69 | E15: ='11'!G20 -> 75 | F15: =SUM('11'!G35,'11'!G49) -> 1869.23 | G15: =SUM('11'!G37,'11'!G51) -> 1191.5 | H15: =SUM('11'!G38,'11'!G52) -> 998.37 | I15: =SUM('11'!G39,'11'!G53) -> 2053.4 | J15: =SUM('11'!G41,'11'!G42,'11'!G55,'11'!G56) -> 4824.34 | K15: =SUM('11'!G43,'11'!G57) -> 2093.19 | L15: ='11'!G50 -> 771.95 | M15: 528.53 | N15: ='11'!G72 -> 14 | O15: ='11'!$G$73 -> 1 | P15: ='11'!$G$74 -> 11.75 | Q15: ='11'!$G$75 -> 50.74 | R15: ='11'!$G$76 -> 55.05 | S15: ='11'!$G$77 -> 46 | T15: ='11'!$G$78 -> 64 | U15: ='11'!$G$79 -> 142 | V15: ='11'!$G$80 -> 328.92 | W15: ='11'!$G$81 -> 76 | X15: ='11'!$G$82 -> 10 | Y15: ='11'!$G$58 -> 0.25 | Z15: ='11'!$G$83 -> 124 | AA15: ='11'!G86 -> 31 | AB15: ='11'!G87 -> 15 | AC15: ='11'!G88 -> 22 | AD15: ='11'!G87+'11'!H90 -> 15 | AE15: ='11'!$G$62 -> 0 | AF15: ='11'!$G$63 -> 3.8 | AG15: ='11'!$G$64 -> 207.77 | AH15: ='11'!$G$65 -> 129.13 | AI15: ='11'!$G$66 -> 244.79 | AJ15: ='11'!$G$67 -> 117.95 | AK15: ='11'!$G$68 -> 0 | AL15: ='11'!$G$69 -> 39.61 | AM15: ='11'!$G$84 -> 552 | AN15: ='11'!$G$15 -> 333.69 | AO15: ='11'!$G$124 -> 203 | AP15: ='11'!$G$125 -> 0 | AQ15: ='11'!$G$126 -> 60.8 | AR15: ='11'!$G$127 -> 0 | AS15: ='11'!$G$128 -> 0 | AT15: =AN15-SUM(AO15:AS15) -> 69.89 | AU15: =SUM('11'!G140:G141) -> 7.67 | AV15: ='11'!$G$137 -> 0 | AW15: ='11'!$G$138 -> 0.463 | AX15: ='11'!$G$139 -> 0 | AY15: =SUM(AV15:AX15) -> 0.463
A16: 43963 | B16: ='12'!G7 -> 15169.28 | C16: ='12'!G8 -> 15259.89 | D16: ='12'!G15 -> 436.43 | E16: ='12'!G20 -> 52 | F16: =SUM('12'!G35,'12'!G49) -> 1863.44 | G16: =SUM('12'!G37,'12'!G51) -> 1184.36 | H16: =SUM('12'!G38,'12'!G52) -> 1220.27 | I16: =SUM('12'!G39,'12'!G53) -> 2176.72 | J16: =SUM('12'!G41,'12'!G42,'12'!G55,'12'!G56) -> 5003 | K16: =SUM('12'!G43,'12'!G57) -> 2094.11 | L16: ='12'!G50 -> 814.4 | M16: 549 | N16: ='12'!G72 -> 9 | O16: ='12'!$G$73 -> 1 | P16: ='12'!$G$74 -> 9.98 | Q16: ='12'!$G$75 -> 50.73 | R16: ='12'!$G$76 -> 51.41 | S16: ='12'!$G$77 -> 49 | T16: ='12'!$G$78 -> 65 | U16: ='12'!$G$79 -> 112 | V16: ='12'!$G$80 -> 315.12 | W16: ='12'!$G$81 -> 74.96 | X16: ='12'!$G$82 -> 37.52 | Y16: ='12'!$G$58 -> 97.71 | Z16: ='12'!$G$83 -> 222 | AA16: ='12'!G86 -> 30.84 | AB16: ='12'!G87 -> 11 | AC16: ='12'!G88 -> 81.91 | AD16: ='12'!G87+'12'!H90 -> 11.5 | AE16: ='12'!$G$62 -> 0 | AF16: ='12'!$G$63 -> 3.78 | AG16: ='12'!$G$64 -> 221.58 | AH16: ='12'!$G$65 -> 176.35 | AI16: ='12'!$G$66 -> 247.69 | AJ16: ='12'!$G$67 -> 118.6 | AK16: ='12'!$G$68 -> 0 | AL16: ='12'!$G$69 -> 43.21 | AM16: ='12'!$G$84 -> 552 | AN16: ='12'!$G$15 -> 436.43 | AO16: ='12'!$G$124 -> 200.9 | AP16: ='12'!$G$125 -> -0.4 | AQ16: ='12'!$G$126 -> 51.66 | AR16: ='12'!$G$127 -> 0 | AS16: ='12'!$G$128 -> 0 | AT16: =AN16-SUM(AO16:AS16) -> 184.27 | AU16: =SUM('12'!G140:G141) -> 7.52 | AV16: ='12'!$G$137 -> 0 | AW16: ='12'!$G$138 -> -0.003 | AX16: ='12'!$G$139 -> 10.05 | AY16: =SUM(AV16:AX16) -> 10.047 | BA16: =AO16-AQ16 -> 149.24
A17: 43964 | B17: ='13'!G7 -> 14565.96 | C17: ='13'!G8 -> 14671.02 | D17: ='13'!G15 -> 650.88 | E17: ='13'!G20 -> 77 | F17: =SUM('13'!G35,'13'!G49) -> 1794.56 | G17: =SUM('13'!G37,'13'!G51) -> 1166.14 | H17: =SUM('13'!G38,'13'!G52) -> 1148.22 | I17: =SUM('13'!G39,'13'!G53) -> 2066.62 | J17: =SUM('13'!G41,'13'!G42,'13'!G55,'13'!G56) -> 4621.1 | K17: =SUM('13'!G43,'13'!G57) -> 2011.33 | L17: ='13'!G50 -> 820.8 | M17: 592 | N17: ='13'!G72 -> 11 | O17: ='13'!$G$73 -> 1 | P17: ='13'!$G$74 -> 8.81 | Q17: ='13'!$G$75 -> 51.16 | R17: ='13'!$G$76 -> 51.12 | S17: ='13'!$G$77 -> 38 | T17: ='13'!$G$78 -> 76 | U17: ='13'!$G$79 -> 120 | V17: ='13'!$G$80 -> 319.96 | W17: ='13'!$G$81 -> 70.04 | X17: ='13'!$G$82 -> 10.48 | Y17: ='13'!$G$58 -> 248.16 | Z17: ='13'!$G$83 -> 169 | AA17: ='13'!G86 -> 71.16 | AB17: ='13'!G87 -> 10 | AC17: ='13'!G88 -> 20.72 | AD17: ='13'!G87+'13'!H90 -> 10 | AE17: ='13'!$G$62 -> 0.18 | AF17: ='13'!$G$63 -> 3.78 | AG17: ='13'!$G$64 -> 205.94 | AH17: ='13'!$G$65 -> 150.04 | AI17: ='13'!$G$66 -> 244.45 | AJ17: ='13'!$G$67 -> 125.06 | AK17: ='13'!$G$68 -> 0 | AL17: ='13'!$G$69 -> 43.45 | AM17: ='13'!$G$84 -> 551 | AN17: ='13'!$G$15 -> 650.88 | AO17: ='13'!$G$124 -> 204.88 | AP17: ='13'!$G$125 -> 0 | AQ17: ='13'!$G$126 -> 52.63 | AR17: ='13'!$G$127 -> -0.2 | AS17: ='13'!$G$128 -> 0 | AT17: =AN17-SUM(AO17:AS17) -> 393.57 | AU17: =SUM('13'!G140:G141) -> 7.56 | AV17: ='13'!$G$137 -> 7.92 | AW17: ='13'!$G$138 -> 0 | AX17: ='13'!$G$139 -> 0 | AY17: =SUM(AV17:AX17) -> 7.92 | BA17: =AO17-AT17 -> -188.69
A18: 43965 | B18: ='14'!G7 -> 14303.68 | C18: ='14'!G8 -> 14430.55 | D18: ='14'!G15 -> 292.58 | E18: ='14'!G20 -> 77 | F18: =SUM('14'!G35,'14'!G49) -> 1788.72 | G18: =SUM('14'!G37,'14'!G51) -> 1194.91 | H18: =SUM('14'!G38,'14'!G52) -> 1089.11 | I18: =SUM('14'!G39,'14'!G53) -> 2207.44 | J18: =SUM('14'!G41,'14'!G42,'14'!G55,'14'!G56) -> 4497.89 | K18: =SUM('14'!G43,'14'!G57) -> 2007.9 | L18: ='14'!G50 -> 785.84 | M18: 573 | N18: ='14'!G72 -> 10 | O18: ='14'!$G$73 -> 1 | P18: ='14'!$G$74 -> 8.62 | Q18: ='14'!$G$75 -> 50.96 | R18: ='14'!$G$76 -> 53.99 | S18: ='14'!$G$77 -> 23 | T18: ='14'!$G$78 -> 146 | U18: ='14'!$G$79 -> 122 | V18: ='14'!$G$80 -> 353.32 | W18: ='14'!$G$81 -> 80.84 | X18: ='14'!$G$82 -> 12.05 | Y18: ='14'!$G$58 -> 0.15 | Z18: ='14'!$G$83 -> 176 | AA18: ='14'!G86 -> 23.4 | AB18: ='14'!G87 -> 7.8 | AC18: ='14'!G88 -> 51.37 | AD18: ='14'!G87+'14'!H90 -> 7.8 | AE18: ='14'!$G$62 -> 0 | AF18: ='14'!$G$63 -> 3.79 | AG18: ='14'!$G$64 -> 206.76 | AH18: ='14'!$G$65 -> 165.65 | AI18: ='14'!$G$66 -> 252.61 | AJ18: ='14'!$G$67 -> 213.98 | AK18: ='14'!$G$68 -> 0 | AL18: ='14'!$G$69 -> 42.8 | AM18: ='14'!$G$84 -> 562 | AN18: ='14'!$G$15 -> 292.58 | AO18: ='14'!$G$124 -> 201.31 | AP18: ='14'!$G$125 -> 0 | AQ18: ='14'!$G$126 -> 48.91 | AR18: ='14'!$G$127 -> 0 | AS18: ='14'!$G$128 -> 0 | AT18: =AN18-SUM(AO18:AS18) -> 42.36 | AU18: =SUM('14'!G140:G141) -> 7.58 | AV18: ='14'!$G$137 -> 0 | AW18: ='14'!$G$138 -> 0 | AX18: ='14'!$G$139 -> 0 | AY18: =SUM(AV18:AX18) -> 0 | BA18: =AO18-AT18 -> 158.95
A19: 43966 | B19: ='15'!G7 -> 17032.49 | C19: ='15'!G8 -> 17116.72 | D19: ='15'!G15 -> 437.42 | E19: ='15'!G20 -> 116 | F19: =SUM('15'!G35,'15'!G49) -> 2006.92 | G19: =SUM('15'!G37,'15'!G51) -> 1297.09 | H19: =SUM('15'!G38,'15'!G52) -> 1315.96 | I19: =SUM('15'!G39,'15'!G53) -> 2647.82 | J19: =SUM('15'!G41,'15'!G42,'15'!G55,'15'!G56) -> 5855.14 | K19: =SUM('15'!G43,'15'!G57) -> 2074.8 | L19: ='15'!G50 -> 895.01 | M19: 595 | N19: ='15'!G72 -> 10 | O19: ='15'!$G$73 -> 1 | P19: ='15'!$G$74 -> 6.84 | Q19: ='15'!$G$75 -> 52.41 | R19: ='15'!$G$76 -> 57.43 | S19: ='15'!$G$77 -> 25 | T19: ='15'!$G$78 -> 144 | U19: ='15'!$G$79 -> 125 | V19: ='15'!$G$80 -> 373.68 | W19: ='15'!$G$81 -> 75.16 | X19: ='15'!$G$82 -> 37.95 | Y19: ='15'!$G$58 -> 36.73 | Z19: ='15'!$G$83 -> 252 | AA19: ='15'!G86 -> 80.6 | AB19: ='15'!G87 -> 7.2 | AC19: ='15'!G88 -> 4 | AD19: ='15'!G87+'15'!H90 -> 7.2 | AE19: ='15'!$G$62 -> 0.18 | AF19: ='15'!$G$63 -> 2.85 | AG19: ='15'!$G$64 -> 201.95 | AH19: ='15'!$G$65 -> 270.83 | AI19: ='15'!$G$66 -> 271.46 | AJ19: ='15'!$G$67 -> 339.41 | AK19: ='15'!$G$68 -> 0 | AL19: ='15'!$G$69 -> 89.93 | AM19: ='15'!$G$84 -> 599 | AN19: ='15'!$G$15 -> 437.42 | AO19: ='15'!$G$124 -> 200.91 | AP19: ='15'!$G$125 -> 0.4 | AQ19: ='15'!$G$126 -> 45 | AR19: ='15'!$G$127 -> 0 | AS19: ='15'!$G$128 -> 0 | AT19: =AN19-SUM(AO19:AS19) -> 191.11 | AU19: =SUM('15'!G140:G141) -> 7.62 | AV19: ='15'!$G$137 -> 0 | AW19: ='15'!$G$138 -> 0 | AX19: ='15'!$G$139 -> 9.53 | AY19: =SUM(AV19:AX19) -> 9.53 | BA19: =AO19-AT19 -> 9.8
A20: 43967 | B20: ='16'!G7 -> 15022 | C20: ='16'!G8 -> 15155 | D20: ='16'!G15 -> 317 | E20: ='16'!G20 -> 117 | F20: =SUM('16'!G35,'16'!G49) -> 1926.13 | G20: =SUM('16'!G37,'16'!G51) -> 1239 | H20: =SUM('16'!G38,'16'!G52) -> 1097 | I20: =SUM('16'!G39,'16'!G53) -> 2608 | J20: =SUM('16'!G41,'16'!G42,'16'!G55,'16'!G56) -> 4448 | K20: =SUM('16'!G43,'16'!G57) -> 2126 | L20: ='16'!G50 -> 821 | M20: 668.82 | N20: ='16'!G72 -> 7 | O20: ='16'!$G$73 -> 0 | P20: ='16'!$G$74 -> 9 | Q20: ='16'!$G$75 -> 54 | R20: ='16'!$G$76 -> 56 | S20: ='16'!$G$77 -> 29 | T20: ='16'!$G$78 -> 118 | U20: ='16'!$G$79 -> 120 | V20: ='16'!$G$80 -> 333 | W20: ='16'!$G$81 -> 82 | X20: ='16'!$G$82 -> 10 | Y20: ='16'!$G$58 -> 0 | Z20: ='16'!$G$83 -> 116 | AA20: ='16'!G86 -> 28 | AB20: ='16'!G87 -> 4 | AC20: ='16'!G88 -> 9 | AD20: ='16'!G87+'16'!H90 -> 4 | AE20: ='16'!$G$62 -> 0 | AF20: ='16'!$G$63 -> 4 | AG20: ='16'!$G$64 -> 201 | AH20: ='16'!$G$65 -> 295 | AI20: ='16'!$G$66 -> 260 | AJ20: ='16'!$G$67 -> 332 | AK20: ='16'!$G$68 -> 0 | AL20: ='16'!$G$69 -> 95 | AM20: ='16'!$G$84 -> 511 | AN20: ='16'!$G$15 -> 317 | AO20: ='16'!$G$124 -> 209 | AP20: ='16'!$G$125 -> 0 | AQ20: ='16'!$G$126 -> 57 | AR20: ='16'!$G$127 -> 0 | AS20: ='16'!$G$128 -> 0 | AT20: =AN20-SUM(AO20:AS20) -> 51 | AU20: =SUM('16'!G140:G141) -> 7.97 | AV20: ='16'!$G$137 -> 0 | AW20: ='16'!$G$138 -> 0 | AX20: ='16'!$G$139 -> 0 | AY20: =SUM(AV20:AX20) -> 0 | BA20: =AO20-AT20 -> 158
A21: 43968 | B21: ='17'!G7 -> 14872 | C21: ='17'!G8 -> 15048 | D21: ='17'!G15 -> 562 | E21: ='17'!G20 -> 76 | F21: =SUM('17'!G35,'17'!G49) -> 1602 | G21: =SUM('17'!G37,'17'!G51) -> 1338.13 | H21: =SUM('17'!G38,'17'!G52) -> 1050 | I21: =SUM('17'!G39,'17'!G53) -> 2646 | J21: =SUM('17'!G41,'17'!G42,'17'!G55,'17'!G56) -> 4494 | K21: =SUM('17'!G43,'17'!G57) -> 2036 | L21: ='17'!G50 -> 762 | M21: 615.8 | N21: ='18'!G72 -> 6 | O21: ='17'!$G$73 -> 1 | P21: ='17'!$G$74 -> 6 | Q21: ='17'!$G$75 -> 59 | R21: ='17'!$G$76 -> 57 | S21: ='17'!$G$77 -> 29 | T21: ='17'!$G$78 -> 89 | U21: ='17'!$G$79 -> 117 | V21: ='17'!$G$80 -> 311 | W21: ='17'!$G$81 -> 76 | X21: ='17'!$G$82 -> 11 | Y21: ='17'!$G$58 -> 199 | Z21: ='17'!$G$83 -> 175 | AA21: ='17'!G86 -> 36 | AB21: ='17'!G87 -> 7 | AC21: ='17'!G88 -> 66 | AD21: ='17'!G87+'17'!H90 -> 7 | AE21: ='17'!$G$62 -> -0.18 | AF21: ='17'!$G$63 -> 4 | AG21: ='17'!$G$64 -> 266 | AH21: ='17'!$G$65 -> 284 | AI21: ='17'!$G$66 -> 272 | AJ21: ='17'!$G$67 -> 322 | AK21: ='17'!$G$68 -> 0 | AL21: ='17'!$G$69 -> 87 | AM21: ='17'!$G$84 -> 419 | AN21: ='17'!$G$15 -> 562 | AO21: ='17'!$G$124 -> 214 | AP21: ='17'!$G$125 -> 0 | AQ21: ='17'!$G$126 -> 46 | AR21: ='17'!$G$127 -> 0 | AS21: ='17'!$G$128 -> 0 | AT21: =AN21-SUM(AO21:AS21) -> 302 | AU21: =SUM('17'!G140:G141) -> 8.05 | AV21: ='17'!$G$137 -> 6.28 | AW21: ='17'!$G$138 -> 0 | AX21: ='17'!$G$139 -> 0 | AY21: =SUM(AV21:AX21) -> 6.28 | BA21: =AO21-AT21 -> -88
A22: 43969 | B22: ='18'!G7 -> 15342 | C22: ='18'!G8 -> 15496 | D22: ='18'!G15 -> 400 | E22: ='18'!G20 -> 105 | F22: =SUM('18'!G35,'18'!G49) -> 1530 | G22: =SUM('18'!G37,'18'!G51) -> 1254 | H22: =SUM('18'!G38,'18'!G52) -> 1081 | I22: =SUM('18'!G39,'18'!G53) -> 2625 | J22: =SUM('18'!G41,'18'!G42,'18'!G55,'18'!G56) -> 5084.54 | K22: =SUM('18'!G43,'18'!G57) -> 2115 | L22: ='18'!G50 -> 802 | M22: 543.32 | N22: ='18'!G72 -> 6 | O22: ='18'!$G$73 -> 2 | P22: ='18'!$G$74 -> 4 | Q22: ='18'!$G$75 -> 53 | R22: ='18'!$G$76 -> 56 | S22: ='18'!$G$77 -> 30 | T22: ='18'!$G$78 -> 75 | U22: ='18'!$G$79 -> 128 | V22: ='18'!$G$80 -> 300 | W22: ='18'!$G$81 -> 80 | X22: ='18'!$G$82 -> 26 | Y22: ='18'!$G$58 -> 63 | Z22: ='18'!$G$83 -> 240 | AA22: ='18'!G86 -> 31 | AB22: ='18'!G87 -> 14 | AC22: ='18'!G88 -> 68 | AD22: ='18'!G87+'18'!H90 -> 14.2 | AE22: ='18'!$G$62 -> 0.18 | AF22: ='18'!$G$63 -> 4 | AG22: ='18'!$G$64 -> 337 | AH22: ='18'!$G$65 -> 268 | AI22: ='18'!$G$66 -> 270 | AJ22: ='18'!$G$67 -> 300 | AK22: ='18'!$G$68 -> 0 | AL22: ='18'!$G$69 -> 78 | AM22: ='18'!$G$84 -> 353 | AN22: ='18'!$G$15 -> 400 | AO22: ='18'!$G$124 -> 195 | AP22: ='18'!$G$125 -> 0 | AQ22: ='18'!$G$126 -> 45 | AR22: ='18'!$G$127 -> 0 | AS22: ='18'!$G$128 -> 0 | AT22: =AN22-SUM(AO22:AS22) -> 160 | AU22: =SUM('18'!G140:G141) -> 7.74 | AV22: ='18'!$G$137 -> 0 | AW22: ='18'!$G$138 -> 0 | AX22: ='18'!$G$139 -> 8.53 | AY22: =SUM(AV22:AX22) -> 8.53 | BA22: =AO22-AT22 -> 35
A23: 43970 | B23: ='19'!G7 -> 14419 | C23: ='19'!G8 -> 14549 | D23: ='19'!G15 -> 248 | E23: ='19'!G20 -> 60 | F23: =SUM('19'!G35,'19'!G49) -> 1650.87 | G23: =SUM('19'!G37,'19'!G51) -> 1200 | H23: =SUM('19'!G38,'19'!G52) -> 999 | I23: =SUM('19'!G39,'19'!G53) -> 2579 | J23: =SUM('19'!G41,'19'!G42,'19'!G55,'19'!G56) -> 4451.99 | K23: =SUM('19'!G43,'19'!G57) -> 2088.67 | L23: ='19'!G50 -> 793 | M23: 572.16 | N23: ='19'!G72 -> 10 | O23: ='19'!$G$73 -> 1 | P23: ='19'!$G$74 -> 5 | Q23: ='19'!$G$75 -> 56 | R23: ='19'!G76 -> 58 | S23: ='19'!$G$77 -> 29 | T23: ='19'!$G$78 -> 82 | U23: ='19'!$G$79 -> 123 | V23: ='19'!$G$80 -> 293 | W23: ='19'!$G$81 -> 77 | X23: ='19'!$G$82 -> 11 | Y23: ='19'!$G$58 -> 1 | Z23: ='19'!$G$83 -> 153 | AA23: ='19'!G86 -> 23 | AB23: ='19'!G87 -> 21 | AC23: ='19'!G88 -> 24 | AD23: ='19'!G87+'19'!H90 -> 21 | AE23: ='19'!$G$62 -> 0.02 | AF23: ='19'!$G$63 -> 4 | AG23: ='19'!$G$64 -> 323 | AH23: ='19'!$G$65 -> 210 | AI23: ='19'!$G$66 -> 234 | AJ23: ='19'!$G$67 -> 236 | AK23: ='19'!$G$68 -> 0 | AL23: ='19'!$G$69 -> 104 | AM23: ='19'!$G$84 -> 355 | AN23: ='19'!$G$15 -> 248 | AO23: ='19'!$G$124 -> 173 | AP23: ='19'!$G$125 -> 0 | AQ23: ='19'!$G$126 -> 42 | AR23: ='19'!$G$127 -> 0 | AS23: ='19'!$G$128 -> 0 | AT23: =AN23-SUM(AO23:AS23) -> 33 | AU23: =SUM('19'!G140:G141) -> 7.3 | AV23: ='19'!$G$137 -> 0 | AW23: ='19'!$G$138 -> 0 | AX23: ='19'!$G$139 -> 0.02 | AY23: =SUM(AV23:AX23) -> 0.02 | BA23: =AO23-AT23 -> 140
A24: 43971 | B24: ='20'!G7 -> 15123 | C24: ='20'!G8 -> 15231 | D24: ='20'!G15 -> 288 | E24: ='20'!G20 -> 57 | F24: =SUM('20'!G35,'20'!G49) -> 1818 | G24: =SUM('20'!G37,'20'!G51) -> 1255 | H24: =SUM('20'!G38,'20'!G52) -> 978 | I24: =SUM('20'!G39,'20'!G53) -> 2517 | J24: =SUM('20'!G41,'20'!G42,'20'!G55,'20'!G56) -> 4744 | K24: =SUM('20'!G43,'20'!G57) -> 2118 | L24: ='20'!G50 -> 870 | M24: 538.38 | N24: ='20'!G72 -> 9 | O24: ='20'!$G$73 -> 0 | P24: ='20'!$G$74 -> 8 | Q24: ='20'!$G$75 -> 52 | R24: ='20'!$G$76 -> 57 | S24: ='20'!$G$77 -> 33 | T24: ='20'!$G$78 -> 50 | U24: ='20'!$G$79 -> 117 | V24: ='20'!$G$80 -> 357 | W24: ='20'!$G$81 -> 76 | X24: ='20'!$G$82 -> 10 | Y24: ='20'!$G$58 -> 15 | Z24: ='20'!$G$83 -> 94 | AA24: ='20'!G86 -> 24 | AB24: ='20'!G87 -> 27 | AC24: ='20'!G88 -> 23 | AD24: ='20'!G87+'20'!H90 -> 27 | AE24: ='20'!$G$62 -> 0 | AF24: ='20'!$G$63 -> 4 | AG24: ='20'!$G$64 -> 267 | AH24: ='20'!$G$65 -> 205 | AI24: ='20'!$G$66 -> 256 | AJ24: ='20'!$G$67 -> 279 | AK24: ='20'!$G$68 -> 0 | AL24: ='20'!$G$69 -> 67 | AM24: ='20'!$G$84 -> 365 | AN24: ='20'!$G$15 -> 288 | AO24: ='20'!$G$124 -> 204 | AP24: ='20'!$G$125 -> 0 | AQ24: ='20'!$G$126 -> 48 | AR24: ='20'!$G$127 -> 0 | AS24: ='20'!$G$128 -> 0 | AT24: =AN24-SUM(AO24:AS24) -> 36 | AU24: =SUM('20'!G140:G141) -> 8.19 | AV24: ='20'!$G$137 -> 0 | AW24: ='20'!$G$138 -> 0 | AX24: ='20'!$G$139 -> 0 | AY24: =SUM(AV24:AX24) -> 0 | BA24: =AO24-AT24 -> 168
A25: 43972 | B25: ='21'!G7 -> 16012 | C25: ='21'!G8 -> 16096 | D25: ='21'!G15 -> 534 | E25: ='21'!G20 -> 96 | F25: =SUM('21'!G35,'21'!G49) -> 1843.13 | G25: =SUM('21'!G37,'21'!G51) -> 1333 | H25: =SUM('21'!G38,'21'!G52) -> 1150.07 | I25: =SUM('21'!G39,'21'!G53) -> 2103 | J25: =SUM('21'!G41,'21'!G42,'21'!G55,'21'!G56) -> 5144 | K25: =SUM('21'!G43,'21'!G57) -> 2133 | L25: ='21'!G50 -> 800 | M25: 623.18 | N25: ='21'!G72 -> 10 | O25: ='21'!$G$73 -> 2 | P25: ='21'!$G$74 -> 6 | Q25: ='21'!$G$75 -> 53 | R25: ='21'!$G$76 -> 55 | S25: ='21'!$G$77 -> 34 | T25: ='21'!$G$78 -> 184 | U25: ='21'!$G$79 -> 136 | V25: ='21'!$G$80 -> 331 | W25: ='21'!$G$81 -> 79 | X25: ='21'!$G$82 -> 26 | Y25: ='21'!$G$58 -> 133 | Z25: ='21'!$G$83 -> 145 | AA25: ='21'!G86 -> 21 | AB25: ='21'!G87 -> 22 | AC25: ='21'!G88 -> 25 | AD25: ='21'!G87+'21'!H90 -> 22 | AE25: ='21'!$G$62 -> 0 | AF25: ='21'!$G$63 -> 3 | AG25: ='21'!$G$64 -> 175 | AH25: ='21'!$G$65 -> 206 | AI25: ='21'!$G$66 -> 261 | AJ25: ='21'!$G$67 -> 481 | AK25: ='21'!$G$68 -> 0 | AL25: ='21'!$G$69 -> 76 | AM25: ='21'!$G$84 -> 379 | AN25: ='21'!$G$15 -> 534 | AO25: ='21'!$G$124 -> 194 | AP25: ='21'!$G$125 -> 0 | AQ25: ='21'!$G$126 -> 67 | AR25: ='21'!$G$127 -> 0 | AS25: ='21'!$G$128 -> 0 | AT25: =AN25-SUM(AO25:AS25) -> 273 | AU25: =SUM('21'!G140:G141) -> 7.02 | AV25: ='21'!$G$137 -> 2.71 | AW25: ='21'!$G$138 -> 0 | AX25: ='21'!$G$139 -> 6.63 | AY25: =SUM(AV25:AX25) -> 9.34 | BA25: =AO25-AT25 -> -79
A26: 43973 | B26: ='22'!G7 -> 17759 | C26: ='22'!G8 -> 17814 | D26: ='22'!G15 -> 632 | E26: ='22'!G20 -> 150 | F26: =SUM('22'!G35,'22'!G49) -> 1920 | G26: =SUM('22'!G37,'22'!G51) -> 1372 | H26: =SUM('22'!G38,'22'!G52) -> 1280 | I26: =SUM('22'!G39,'22'!G53) -> 3496 | J26: =SUM('22'!G41,'22'!G42,'22'!G55,'22'!G56) -> 6030 | K26: =SUM('22'!G43,'22'!G57) -> 2210 | L26: ='22'!G50 -> 918 | M26: 600 | N26: ='22'!G72 -> 10 | O26: ='22'!$G$73 -> 1 | P26: ='22'!$G$74 -> 8 | Q26: ='22'!$G$75 -> 54 | R26: ='22'!$G$76 -> 56 | S26: ='22'!$G$77 -> 42 | T26: ='22'!$G$78 -> 197 | U26: ='22'!$G$79 -> 129 | V26: ='22'!$G$80 -> 377 | W26: ='22'!$G$81 -> 76 | X26: ='22'!$G$82 -> 11 | Y26: ='22'!$G$58 -> 244 | Z26: ='22'!$G$83 -> 174 | AA26: ='22'!G86 -> 88 | AB26: ='22'!G87 -> 13 | AC26: ='22'!G88 -> 23 | AD26: ='22'!G87+'22'!H90 -> 13.8 | AE26: ='22'!$G$62 -> 0 | AF26: ='22'!$G$63 -> 4 | AG26: ='22'!$G$64 -> 209 | AH26: ='22'!$G$65 -> 203 | AI26: ='22'!$G$66 -> 311 | AJ26: ='22'!$G$67 -> 522 | AK26: ='22'!$G$68 -> 0 | AL26: ='22'!$G$69 -> 106 | AM26: ='22'!$G$84 -> 451 | AN26: ='22'!$G$15 -> 632 | AO26: ='22'!$G$124 -> 194 | AP26: ='22'!$G$125 -> 0 | AQ26: ='22'!$G$126 -> 64 | AR26: ='22'!$G$127 -> 0 | AS26: ='22'!$G$128 -> 0 | AT26: =AN26-SUM(AO26:AS26) -> 374 | AU26: =SUM('22'!G140:G141) -> 7.36 | AV26: ='22'!$G$137 -> 7.54 | AW26: ='22'!$G$138 -> 0 | AX26: ='22'!$G$139 -> 0 | AY26: =SUM(AV26:AX26) -> 7.54 | BA26: =AO26-AT26 -> -180
A27: 43974 | B27: ='23'!G7 -> 16907.05 | C27: ='23'!G8 -> 16981.75 | D27: ='23'!G15 -> 366.935 | E27: ='23'!G20 -> 140 | F27: =SUM('23'!G35,'23'!G49) -> 2173.43 | G27: =SUM('23'!G37,'23'!G51) -> 1310.38 | H27: =SUM('23'!G38,'23'!G52) -> 1286.43 | I27: =SUM('23'!G39,'23'!G53) -> 2942.66 | J27: =SUM('23'!G41,'23'!G42,'23'!G55,'23'!G56) -> 5435.9 | K27: =SUM('23'!G43,'23'!G57) -> 2171.6 | L27: ='23'!G50 -> 854.15 | M27: 607.26 | N27: ='23'!G72 -> 10 | O27: ='23'!G73 -> 0 | P27: ='23'!$G$74 -> 6.65 | Q27: ='23'!$G$75 -> 58.12 | R27: ='23'!$G$76 -> 54.3 | S27: ='23'!$G$77 -> 38 | T27: ='23'!$G$78 -> 127 | U27: ='23'!$G$79 -> 131 | V27: ='23'!$G$80 -> 357.64 | W27: ='23'!$G$81 -> 79.56 | X27: ='23'!$G$82 -> 11.07 | Y27: ='23'!$G$58 -> 29.15 | Z27: ='23'!$G$83 -> 211 | AA27: ='23'!$G$86 -> 22.56 | AB27: ='23'!G87 -> 6.3 | AC27: ='23'!G88 -> 23.73 | AD27: ='23'!G87+'23'!H90 -> 6.4 | AE27: ='23'!$G$62 -> -0.2 | AF27: ='23'!$G$63 -> 3.87 | AG27: ='23'!$G$64 -> 204.74 | AH27: ='23'!$G$65 -> 208.1 | AI27: ='23'!$G$66 -> 312.42 | AJ27: ='23'!$G$67 -> 495.17 | AK27: ='23'!$G$68 -> 0 | AL27: ='23'!$G$69 -> 192.1 | AM27: ='23'!$G$84 -> 556 | AN27: ='23'!$G$15 -> 366.935 | AO27: ='23'!$G$124 -> 214.84 | AP27: ='23'!$G$125 -> 0 | AQ27: ='23'!$G$126 -> 60.84 | AR27: ='23'!$G$127 -> 0.2 | AS27: ='23'!$G$128 -> -0.4 | AT27: =AN27-SUM(AO27:AS27) -> 91.455 | AU27: =SUM('23'!G140:G141) -> 8.05 | AV27: ='23'!$G$137 -> 0 | AW27: ='23'!$G$138 -> 0 | AX27: ='23'!$G$139 -> 2.45 | AY27: =SUM(AV27:AX27) -> 2.45 | BA27: =AO27-AT27 -> 123.385
A28: 43975 | B28: ='24'!G7 -> 16547.62 | C28: ='24'!G8 -> 16604.88 | D28: ='24'!G15 -> 510.695 | E28: ='24'!G20 -> 110 | F28: =SUM('24'!G35,'24'!G49) -> 2126.48 | G28: =SUM('24'!G37,'24'!G51) -> 1287.37 | H28: =SUM('24'!G38,'24'!G52) -> 1238.28 | I28: =SUM('24'!G39,'24'!G53) -> 2764.88 | J28: =SUM('24'!G41,'24'!G42,'24'!G55,'24'!G56) -> 5182.04 | K28: =SUM('24'!G43,'24'!G57) -> 2226.2 | L28: ='24'!G50 -> 864.44 | M28: 578.92 | N28: ='24'!G72 -> 9 | O28: ='24'!G73 -> 2 | P28: ='24'!$G$74 -> 7.03 | Q28: ='24'!$G$75 -> 58.09 | R28: ='24'!$G$76 -> 57.53 | S28: ='24'!$G$77 -> 42 | T28: ='24'!$G$78 -> 92 | U28: ='24'!$G$79 -> 123 | V28: ='24'!$G$80 -> 342.4 | W28: ='24'!$G$81 -> 80.48 | X28: ='24'!$G$82 -> 30.08 | Y28: ='24'!$G$58 -> 98.22 | Z28: ='24'!$G$83 -> 135 | AA28: ='24'!G86 -> 25.28 | AB28: ='24'!G87 -> 18 | AC28: ='24'!G88 -> 125.3 | AD28: ='24'!G87+'24'!H90 -> 18 | AE28: ='24'!$G$62 -> 0 | AF28: ='24'!$G$63 -> 3.85 | AG28: ='24'!$G$64 -> 214.25 | AH28: ='24'!$G$65 -> 219.75 | AI28: ='24'!$G$66 -> 302.76 | AJ28: ='24'!$G$67 -> 430.23 | AK28: ='24'!$G$68 -> 0 | AL28: ='24'!$G$69 -> 85.28 | AM28: ='24'!$G$84 -> 653 | AN28: ='24'!$G$15 -> 510.695 | AO28: ='24'!$G$124 -> 230.16 | AP28: ='24'!$G$125 -> 0 | AQ28: ='24'!$G$126 -> 71.79 | AR28: ='24'!$G$127 -> 0 | AS28: ='24'!$G$128 -> 0 | AT28: =AN28-SUM(AO28:AS28) -> 208.745 | AU28: =SUM('24'!G140:G141) -> 8.22 | AV28: ='24'!$G$137 -> 0 | AW28: ='24'!$G$138 -> 0 | AX28: ='24'!$G$139 -> 10.25 | AY28: =SUM(AV28:AX28) -> 10.25 | BA28: =AO28-AT28 -> 21.415
A29: 43976 | B29: ='25'!G7 -> 16235.4 | C29: ='25'!G8 -> 16299.04 | D29: ='25'!G15 -> 675.289 | E29: ='25'!G20 -> 120 | F29: =SUM('25'!G35,'25'!G49) -> 2110.88 | G29: =SUM('25'!G37,'25'!G51) -> 1247.85 | H29: =SUM('25'!G38,'25'!G52) -> 1212.33 | I29: =SUM('25'!G39,'25'!G53) -> 2568.6 | J29: =SUM('25'!G41,'25'!G42,'25'!G55,'25'!G56) -> 5004.34 | K29: =SUM('25'!G43,'25'!G57) -> 2198.7 | L29: ='25'!G50 -> 860.52 | M29: 844.16 | N29: ='25'!G72 -> 9 | O29: ='25'!$G$73 -> 14 | P29: ='25'!$G$74 -> 6.11 | Q29: ='25'!$G$75 -> 54.4 | R29: ='25'!$G$76 -> 57.02 | S29: ='25'!$G$77 -> 46 | T29: ='25'!$G$78 -> 101 | U29: ='25'!$G$79 -> 121 | V29: ='25'!$G$80 -> 365.08 | W29: ='25'!$G$81 -> 89.12 | X29: ='25'!$G$82 -> 10.59 | Y29: ='25'!$G$58 -> 244.14 | Z29: ='25'!$G$83 -> 183 | AA29: ='25'!G86 -> 24 | AB29: ='25'!G87 -> 33.4 | AC29: ='25'!G88 -> 23.93 | AD29: ='25'!G87+'25'!H90 -> 33.4 | AE29: ='25'!$G$62 -> 0 | AF29: ='25'!$G$63 -> 3.75 | AG29: ='25'!$G$64 -> 198.07 | AH29: ='25'!$G$65 -> 259.15 | AI29: ='25'!$G$66 -> 252.61 | AJ29: ='25'!$G$67 -> 362.61 | AK29: ='25'!$G$68 -> 0 | AL29: ='25'!$G$69 -> 71.59 | AM29: ='25'!$G$84 -> 649 | AN29: ='25'!$G$15 -> 675.289 | AO29: ='25'!$G$124 -> 208.4 | AP29: ='25'!$G$125 -> 0 | AQ29: ='25'!$G$126 -> 74.12 | AR29: ='25'!$G$127 -> 0 | AS29: ='25'!$G$128 -> 0 | AT29: =AN29-SUM(AO29:AS29) -> 392.769 | AU29: =SUM('25'!G140:G141) -> 7.99 | AV29: ='25'!$G$137 -> 7.9 | AW29: ='25'!$G$138 -> 0.01 | AX29: ='25'!$G$139 -> 0 | AY29: =SUM(AV29:AX29) -> 7.91 | BA29: =AO29-AT29 -> -184.369
A30: 43977 | B30: ='26'!G7 -> 19224.56 | C30: ='26'!G8 -> 19361.72 | D30: ='26'!G15 -> 374.081 | E30: ='26'!G20 -> 113 | F30: =SUM('26'!G35,'26'!G49) -> 2644.96 | G30: =SUM('26'!G37,'26'!G51) -> 1344 | H30: =SUM('26'!G38,'26'!G52) -> 1226.35 | I30: =SUM('26'!G39,'26'!G53) -> 2690.88 | J30: =SUM('26'!G41,'26'!G42,'26'!G55,'26'!G56) -> 5995.25 | K30: =SUM('26'!G43,'26'!G57) -> 2602.8 | L30: ='26'!G50 -> 1413.72 | M30: 613.9 | N30: ='26'!G72 -> 13 | O30: ='26'!$G$73 -> 17 | P30: ='26'!$G$74 -> 7.28 | Q30: ='26'!$G$75 -> 68.89 | R30: ='26'!$G$76 -> 53.15 | S30: ='26'!$G$77 -> 41 | T30: ='26'!$G$78 -> 9 | U30: ='26'!$G$79 -> 132 | V30: ='26'!$G$80 -> 383.92 | W30: ='26'!$G$81 -> 78.56 | X30: ='26'!$G$82 -> 10.68 | Y30: ='26'!$G$58 -> 37.17 | Z30: ='26'!$G$83 -> 190 | AA30: ='26'!G86 -> 30.48 | AB30: ='26'!G87 -> 18.8 | AC30: ='26'!G88 -> 22.05 | AD30: ='26'!G87+'26'!H90 -> 18.8 | AE30: ='26'!$G$62 -> 0 | AF30: ='26'!$G$63 -> 3.63 | AG30: ='26'!$G$64 -> 174.64 | AH30: ='26'!$G$65 -> 185.88 | AI30: ='26'!$G$66 -> 245.63 | AJ30: ='26'!$G$67 -> 385.56 | AK30: ='26'!$G$68 -> 0 | AL30: ='26'!$G$69 -> 139.54 | AM30: ='26'!$G$84 -> 786 | AN30: ='26'!$G$15 -> 374.081 | AO30: ='26'!$G$124 -> 207.51 | AP30: ='26'!$G$125 -> 0 | AQ30: ='26'!$G$126 -> 71.22 | AR30: ='26'!$G$127 -> 0 | AS30: ='26'!$G$128 -> 0 | AT30: =AN30-SUM(AO30:AS30) -> 95.351 | AU30: =SUM('26'!G140:G141) -> 7.78 | AV30: ='26'!$G$137 -> 0.01 | AW30: ='26'!$G$138 -> -0.01 | AX30: ='26'!$G$139 -> 2.83 | AY30: =SUM(AV30:AX30) -> 2.83 | BA30: =AO30-AT30 -> 112.159
A31: 43978 | B31: ='27'!G7 -> 16772.37 | C31: ='27'!G8 -> 16839.61 | D31: ='27'!G15 -> 615 | E31: ='27'!G20 -> 121 | F31: =SUM('27'!G35,'27'!G49) -> 2481.25 | G31: =SUM('27'!G37,'27'!G51) -> 1296.4 | H31: =SUM('27'!G38,'27'!G52) -> 1176.54 | I31: =SUM('27'!G39,'27'!G53) -> 2773.98 | J31: =SUM('27'!G41,'27'!G42,'27'!G55,'27'!G56) -> 4767.47 | K31: =SUM('27'!G43,'27'!G57) -> 2345.7 | L31: ='27'!G50 -> 845.17 | M31: 766.84 | N31: ='27'!G72 -> 10 | O31: ='27'!$G$73 -> 1 | P31: ='27'!$G$74 -> 5.93 | Q31: ='27'!$G$75 -> 59.5 | R31: ='27'!$G$76 -> 54 | S31: ='27'!$G$77 -> 44 | T31: ='27'!$G$78 -> 64 | U31: ='27'!$G$79 -> 112 | V31: ='27'!$G$80 -> 342.96 | W31: ='27'!$G$81 -> 80.28 | X31: ='27'!$G$82 -> 24.58 | Y31: ='27'!$G$58 -> 82.32 | Z31: ='27'!$G$83 -> 167 | AA31: ='27'!G86 -> 34.68 | AB31: ='27'!G87 -> 17.5 | AC31: ='27'!G88 -> 21.99 | AD31: ='27'!G87+'27'!H90 -> 17.9 | AE31: ='27'!$G$62 -> 0 | AF31: ='27'!$G$63 -> 2.9 | AG31: ='27'!$G$64 -> 196.3 | AH31: ='27'!$G$65 -> 214.12 | AI31: ='27'!$G$66 -> 267.58 | AJ31: ='27'!$G$67 -> 446.43 | AK31: ='27'!$G$68 -> 0 | AL31: ='27'!$G$69 -> 100.49 | AM31: ='27'!$G$84 -> 763 | AN31: ='27'!$G$15 -> 615 | AO31: ='27'!$G$124 -> 205.09 | AP31: ='27'!$G$125 -> 0 | AQ31: ='27'!$G$126 -> 53.03 | AR31: ='27'!$G$127 -> 0 | AS31: ='27'!$G$128 -> 0 | AT31: =AN31-SUM(AO31:AS31) -> 356.88 | AU31: =SUM('27'!G140:G141) -> 7.63 | AV31: ='27'!$G$137 -> 0 | AW31: ='27'!$G$138 -> 0 | AX31: ='27'!$G$139 -> 9.78 | AY31: =SUM(AV31:AX31) -> 9.78 | BA31: =AO31-AT31 -> -151.79
A32: 43979 | B32: ='28'!G7 -> 16848 | C32: ='28'!G8 -> 16930 | D32: ='28'!G15 -> 458 | E32: ='28'!G20 -> 100 | F32: =SUM('28'!G35,'28'!G49) -> 2485 | G32: =SUM('28'!G37,'28'!G51) -> 1279 | H32: =SUM('28'!G38,'28'!G52) -> 1195.07 | I32: =SUM('28'!G39,'28'!G53) -> 2711 | J32: =SUM('28'!G41,'28'!G42,'28'!G55,'28'!G56) -> 4796 | K32: =SUM('28'!G43,'28'!G57) -> 2329.33 | L32: ='28'!G50 -> 832 | M32: 600.26 | N32: ='28'!G72 -> 14 | O32: ='28'!$G$73 -> 1 | P32: ='28'!$G$74 -> 7 | Q32: ='28'!$G$75 -> 58 | R32: ='28'!$G$76 -> 57 | S32: ='28'!$G$77 -> 39 | T32: ='28'!$G$78 -> 110 | U32: ='28'!$G$79 -> 134 | V32: ='28'!$G$80 -> 345 | W32: ='28'!$G$81 -> 77 | X32: ='28'!$G$82 -> 11 | Y32: ='28'!$G$58 -> 213 | Z32: ='28'!$G$83 -> 149 | AA32: ='28'!G86 -> 34 | AB32: ='28'!G87 -> 18 | AC32: ='28'!G88 -> 23 | AD32: ='28'!G87+'28'!H90 -> 18 | AE32: ='28'!$G$62 -> 0 | AF32: ='28'!$G$63 -> 4 | AG32: ='28'!$G$64 -> 191 | AH32: ='28'!$G$65 -> 218 | AI32: ='28'!$G$66 -> 248 | AJ32: ='28'!$G$67 -> 372 | AK32: ='28'!$G$68 -> 0 | AL32: ='28'!$G$69 -> 126 | AM32: ='28'!$G$84 -> 879 | AN32: ='28'!$G$15 -> 458 | AO32: ='28'!$G$124 -> 197 | AP32: ='28'!$G$125 -> 0 | AQ32: ='28'!$G$126 -> 66 | AR32: ='28'!$G$127 -> -0.2 | AS32: ='28'!$G$128 -> 0.4 | AT32: =AN32-SUM(AO32:AS32) -> 194.8 | AU32: =SUM('28'!G140:G141) -> 7.19 | AV32: ='28'!$G$137 -> 7.64 | AW32: ='28'!$G$138 -> 0.1 | AX32: ='28'!$G$139 -> 0.04 | AY32: =SUM(AV32:AX32) -> 7.78 | BA32: =AO32-AT32 -> 2.2
A33: 43980 | B33: ='29'!G7 -> 16913 | C33: ='29'!G8 -> 16984 | D33: ='29'!G15 -> 318 | E33: ='29'!G20 -> 117 | F33: =SUM('29'!G35,'29'!G49) -> 2408 | G33: =SUM('29'!G37,'29'!G51) -> 1353.87 | H33: =SUM('29'!G38,'29'!G52) -> 1218 | I33: =SUM('29'!G39,'29'!G53) -> 2918 | J33: =SUM('29'!G41,'29'!G42,'29'!G55,'29'!G56) -> 4832 | K33: =SUM('29'!G43,'29'!G57) -> 2325.67 | L33: ='29'!G50 -> 866 | M33: 525.64 | N33: ='29'!G72 -> 11 | O33: ='29'!$G$73 -> 1 | P33: ='29'!$G$74 -> 7 | Q33: ='29'!$G$75 -> 56 | R33: ='29'!$G$76 -> 58 | S33: ='29'!$G$77 -> 38 | T33: ='29'!$G$78 -> 195 | U33: ='29'!$G$79 -> 138 | V33: ='29'!$G$80 -> 392 | W33: ='29'!$G$81 -> 86 | X33: ='29'!$G$82 -> 11 | Y33: ='29'!$G$58 -> 0 | Z33: ='29'!$G$83 -> 169 | AA33: ='29'!G86 -> 35 | AB33: ='29'!G87 -> 15 | AC33: ='29'!G88 -> 23 | AD33: ='29'!G87+'29'!H90 -> 15 | AE33: ='29'!$G$62 -> 0 | AF33: ='29'!$G$63 -> 4 | AG33: ='29'!$G$64 -> 193 | AH33: ='29'!$G$65 -> 213 | AI33: ='29'!$G$66 -> 281 | AJ33: ='29'!$G$67 -> 539 | AK33: ='29'!$G$68 -> 0 | AL33: ='29'!$G$69 -> 89 | AM33: ='29'!$G$84 -> 872 | AN33: ='29'!$G$15 -> 318 | AO33: ='29'!$G$124 -> 197 | AP33: ='29'!$G$125 -> -0.4 | AQ33: ='29'!$G$126 -> 66 | AR33: ='29'!$G$127 -> 0 | AS33: ='29'!$G$128 -> 0 | AT33: =AN33-SUM(AO33:AS33) -> 55.4 | AU33: =SUM('29'!G140:G141) -> 7.56 | AV33: ='29'!$G$137 -> 0 | AW33: ='29'!$G$138 -> 0.18 | AX33: ='29'!$G$139 -> 0 | AY33: =SUM(AV33:AX33) -> 0.18 | BA33: =AO33-AT33 -> 141.6
A34: 43981 | B34: ='30'!G7 -> 17872 | C34: ='30'!G8 -> 17940 | D34: ='30'!G15 -> 484 | E34: ='30'!G20 -> 138 | F34: =SUM('30'!G35,'30'!G49) -> 2377 | G34: =SUM('30'!G37,'30'!G51) -> 1302.13 | H34: =SUM('30'!G38,'30'!G52) -> 1330.93 | I34: =SUM('30'!G39,'30'!G53) -> 2954 | J34: =SUM('30'!G41,'30'!G42,'30'!G55,'30'!G56) -> 5573 | K34: =SUM('30'!G43,'30'!G57) -> 2307 | L34: ='30'!G50 -> 926 | M34: 572.66 | N34: ='30'!G72 -> 14 | O34: ='30'!$G$73 -> 1 | P34: ='30'!$G$74 -> 6 | Q34: ='30'!$G$75 -> 54 | R34: ='30'!$G$76 -> 55 | S34: ='30'!$G$77 -> 41 | T34: ='30'!$G$78 -> 194 | U34: ='30'!$G$79 -> 161 | V34: ='30'!$G$80 -> 381 | W34: ='30'!$G$81 -> 98 | X34: ='30'!$G$82 -> 23 | Y34: ='30'!$G$58 -> 91 | Z34: ='30'!$G$83 -> 224 | AA34: ='30'!G86 -> 36 | AB34: ='30'!G87 -> 12 | AC34: ='30'!G88 -> 24 | AD34: ='30'!G87+'30'!H90 -> 12 | AE34: ='30'!$G$62 -> 0 | AF34: ='30'!$G$63 -> 4 | AG34: ='30'!$G$64 -> 192 | AH34: ='30'!$G$65 -> 216 | AI34: ='30'!$G$66 -> 301 | AJ34: ='30'!$G$67 -> 526 | AK34: ='30'!$G$68 -> 0 | AL34: ='30'!$G$69 -> 138 | AM34: ='30'!$G$84 -> 802 | AN34: ='30'!$G$15 -> 484 | AO34: ='30'!$G$124 -> 217 | AP34: ='30'!$G$125 -> 0.4 | AQ34: ='30'!$G$126 -> 65 | AR34: ='30'!$G$127 -> 0 | AS34: ='30'!$G$128 -> 0 | AT34: =AN34-SUM(AO34:AS34) -> 201.6 | AU34: =SUM('30'!G140:G141) -> 8.09 | AV34: ='30'!$G$137 -> 0 | AW34: ='30'!$G$138 -> -0.18 | AX34: ='30'!$G$139 -> 9.74 | AY34: =SUM(AV34:AX34) -> 9.56 | BA34: =AO34-AT34 -> 15.4
A35: 43982 | B35: ='31'!G7 -> 17683 | C35: ='31'!G8 -> 17744 | D35: ='31'!G15 -> 640 | E35: ='31'!G20 -> 121 | F35: =SUM('31'!G35,'31'!G49) -> 2344.87 | G35: =SUM('31'!G37,'31'!G51) -> 1260 | H35: =SUM('31'!G38,'31'!G52) -> 1249 | I35: =SUM('31'!G39,'31'!G53) -> 2684 | J35: =SUM('31'!G41,'31'!G42,'31'!G55,'31'!G56) -> 5603 | K35: =SUM('31'!G43,'31'!G57) -> 2277 | L35: ='31'!G50 -> 884 | M35: 528.2 | N35: ='31'!G72 -> 12 | O35: ='31'!$G$73 -> 1 | P35: ='31'!$G$74 -> 7 | Q35: ='31'!$G$75 -> 54 | R35: ='31'!$G$76 -> 56 | S35: ='31'!$G$77 -> 48 | T35: ='31'!$G$78 -> 78 | U35: ='31'!$G$79 -> 158 | V35: ='31'!$G$80 -> 359 | W35: ='31'!$G$81 -> 89 | X35: ='31'!$G$82 -> 12 | Y35: ='31'!$G$58 -> 270 | Z35: ='31'!$G$83 -> 193 | AA35: ='31'!G87 -> 23 | AB35: ='31'!G88 -> 94 | AC35: ='31'!G89 -> 10.6 | AD35: ='31'!G88+'31'!H92 -> 94 | AE35: ='31'!$G$62 -> 0 | AF35: ='31'!$G$63 -> 0 | AG35: ='31'!$G$64 -> 187 | AH35: ='31'!$G$65 -> 221 | AI35: ='31'!$G$66 -> 283 | AJ35: ='31'!$G$67 -> 422 | AK35: ='31'!$G$68 -> 0 | AL35: ='31'!$G$69 -> 104 | AM35: ='31'!$G$84 -> 805 | AN35: ='31'!$G$15 -> 640 | AO35: ='31'!$G$124 -> 177 | AP35: ='31'!$G$125 -> 0 | AQ35: ='31'!$G$126 -> 58 | AR35: ='31'!$G$127 -> 2 | AS35: ='31'!$G$128 -> 1 | AT35: =AN35-SUM(AO35:AS35) -> 402 | AU35: =SUM('31'!G141:G142) -> 0 | AV35: ='31'!$G$137 -> 8.24 | AW35: ='31'!$G$138 -> 0 | AX35: ='30'!$G$139 -> 9.74 | AY35: =SUM(AV35:AX35) -> 17.98
