Workbook

Sheet Submetering
A1: Site Name | B1: Day | C1: Month | D1: Year | E1: Meter 1- KWh | F1: Meter 2- KWh | G1: East MCC- KWh | H1: South MCC 1- KWh | I1: South MCC 2- KWh | J1: West MCC- KWh | K1: Kitchen - KWh | L1: SPA - KWh | M1: Gas- KWh | N1: Main Site Water Meter - m3 | O1: Chiller 2- m3 | P1: Chiller 3- m3 | Q1: Chiller 4- m3 | R1: Hard Water Supply- m3 | S1: Pool Supply- m3 | T1: LTHW SPA- m3 | U1: LTHW East- m3 | V1: Chilled make-up- m3 | W1: Orchard irrigation | X1: Kids Pool | Y1: Room Nights | Z1: Total Guests
A2: Hampshire | B2: 1 | C2: 5 | D2: 2021 | E2: =IF(('Hampshire Daily'!D5-'Hampshire Daily'!D4<0),"0",('Hampshire Daily'!D5-'Hampshire Daily'!D4)) -> 941 | F2: =IF(('Hampshire Daily'!F5-'Hampshire Daily'!F4<0),"0",('Hampshire Daily'!F5-'Hampshire Daily'!F4)) -> 394 | G2: =IF(('Hampshire Daily'!H5-'Hampshire Daily'!H4<0),"0",('Hampshire Daily'!H5-'Hampshire Daily'!H4)) -> 0 | H2: =IF(('Hampshire Daily'!I5-'Hampshire Daily'!I4<0),"0",('Hampshire Daily'!I5-'Hampshire Daily'!I4)) -> 0 | I2: =IF(('Hampshire Daily'!J5-'Hampshire Daily'!J4<0),"0",('Hampshire Daily'!J5-'Hampshire Daily'!J4)) -> 0 | J2: =IF(('Hampshire Daily'!K5-'Hampshire Daily'!K4<0),"0",('Hampshire Daily'!K5-'Hampshire Daily'!K4)) -> 0 | K2: =IF(('Hampshire Daily'!L5-'Hampshire Daily'!L4<0),"0",('Hampshire Daily'!L5-'Hampshire Daily'!L4)) -> 361 | L2: =IF(('Hampshire Daily'!M5-'Hampshire Daily'!M4<0),"0",('Hampshire Daily'!M5-'Hampshire Daily'!M4)) -> 0 | M2: =IF(('Hampshire Daily'!N5-'Hampshire Daily'!N4<0),"0",('Hampshire Daily'!N5-'Hampshire Daily'!N4)) -> 2233 | N2: =IF(('Hampshire Daily'!O5-'Hampshire Daily'!O4<0),"0",('Hampshire Daily'!O5-'Hampshire Daily'!O4)) -> 40 | ... Q2: =IF(('Hampshire Daily'!R5-'Hampshire Daily'!R4<0),"0",('Hampshire Daily'!R5-'Hampshire Daily'!R4)) -> 0 | R2: =IF(('Hampshire Daily'!U5-'Hampshire Daily'!U4<0),"0",('Hampshire Daily'!U5-'Hampshire Daily'!U4)) -> 4 | S2: =IF(('Hampshire Daily'!V5-'Hampshire Daily'!V4<0),"0",('Hampshire Daily'!V5-'Hampshire Daily'!V4)) -> 0 | T2: =IF(('Hampshire Daily'!W5-'Hampshire Daily'!W4<0),"0",('Hampshire Daily'!W5-'Hampshire Daily'!W4)) -> 0 | U2: =IF(('Hampshire Daily'!X5-'Hampshire Daily'!X4<0),"0",('Hampshire Daily'!X5-'Hampshire Daily'!X4)) -> 0.312 | V2: =IF(('Hampshire Daily'!Y5-'Hampshire Daily'!Y4<0),"0",('Hampshire Daily'!Y5-'Hampshire Daily'!Y4)) -> 0 | W2: =IF(('Hampshire Daily'!Z5-'Hampshire Daily'!Z4<0),"0",('Hampshire Daily'!Z5-'Hampshire Daily'!Z4)) -> 1 | X2: =IF(('Hampshire Daily'!AA5-'Hampshire Daily'!AA4<0),"0",('Hampshire Daily'!AA5-'Hampshire Daily'!AA4)) -> 6 | Y2: ='Hampshire Daily'!B5 -> 10 | Z2: ='Hampshire Daily'!C5 -> 10
A3: Hampshire | B3: =B2+1 -> 2 | C3: 5 | D3: 2021 | E3: =IF(('Hampshire Daily'!D6-'Hampshire Daily'!D5<0),"0",('Hampshire Daily'!D6-'Hampshire Daily'!D5)) -> 982 | F3: =IF(('Hampshire Daily'!F6-'Hampshire Daily'!F5<0),"0",('Hampshire Daily'!F6-'Hampshire Daily'!F5)) -> 388 | G3: =IF(('Hampshire Daily'!H6-'Hampshire Daily'!H5<0),"0",('Hampshire Daily'!H6-'Hampshire Daily'!H5)) -> 0 | H3: =IF(('Hampshire Daily'!I6-'Hampshire Daily'!I5<0),"0",('Hampshire Daily'!I6-'Hampshire Daily'!I5)) -> 0 | I3: =IF(('Hampshire Daily'!J6-'Hampshire Daily'!J5<0),"0",('Hampshire Daily'!J6-'Hampshire Daily'!J5)) -> 0 | J3: =IF(('Hampshire Daily'!K6-'Hampshire Daily'!K5<0),"0",('Hampshire Daily'!K6-'Hampshire Daily'!K5)) -> 0 | K3: =IF(('Hampshire Daily'!L6-'Hampshire Daily'!L5<0),"0",('Hampshire Daily'!L6-'Hampshire Daily'!L5)) -> 361 | L3: =IF(('Hampshire Daily'!M6-'Hampshire Daily'!M5<0),"0",('Hampshire Daily'!M6-'Hampshire Daily'!M5)) -> 0 | M3: =IF(('Hampshire Daily'!N6-'Hampshire Daily'!N5<0),"0",('Hampshire Daily'!N6-'Hampshire Daily'!N5)) -> 2258 | N3: =IF(('Hampshire Daily'!O6-'Hampshire Daily'!O5<0),"0",('Hampshire Daily'!O6-'Hampshire Daily'!O5)) -> 33 | ... Q3: =IF(('Hampshire Daily'!R6-'Hampshire Daily'!R5<0),"0",('Hampshire Daily'!R6-'Hampshire Daily'!R5)) -> 0 | R3: =IF(('Hampshire Daily'!U6-'Hampshire Daily'!U5<0),"0",('Hampshire Daily'!U6-'Hampshire Daily'!U5)) -> 3 | S3: =IF(('Hampshire Daily'!V6-'Hampshire Daily'!V5<0),"0",('Hampshire Daily'!V6-'Hampshire Daily'!V5)) -> 1 | T3: =IF(('Hampshire Daily'!W6-'Hampshire Daily'!W5<0),"0",('Hampshire Daily'!W6-'Hampshire Daily'!W5)) -> 0 | U3: =IF(('Hampshire Daily'!X6-'Hampshire Daily'!X5<0),"0",('Hampshire Daily'!X6-'Hampshire Daily'!X5)) -> 0.347 | V3: =IF(('Hampshire Daily'!Y6-'Hampshire Daily'!Y5<0),"0",('Hampshire Daily'!Y6-'Hampshire Daily'!Y5)) -> 0 | W3: =IF(('Hampshire Daily'!Z6-'Hampshire Daily'!Z5<0),"0",('Hampshire Daily'!Z6-'Hampshire Daily'!Z5)) -> 2 | X3: =IF(('Hampshire Daily'!AA6-'Hampshire Daily'!AA5<0),"0",('Hampshire Daily'!AA6-'Hampshire Daily'!AA5)) -> 3 | Y3: ='Hampshire Daily'!B6 -> 10 | Z3: ='Hampshire Daily'!C6 -> 10
A4: Hampshire | B4: =B3+1 -> 3 | C4: 5 | D4: 2021 | E4: =IF(('Hampshire Daily'!D7-'Hampshire Daily'!D6<0),"0",('Hampshire Daily'!D7-'Hampshire Daily'!D6)) -> 992 | F4: =IF(('Hampshire Daily'!F7-'Hampshire Daily'!F6<0),"0",('Hampshire Daily'!F7-'Hampshire Daily'!F6)) -> 387 | G4: =IF(('Hampshire Daily'!H7-'Hampshire Daily'!H6<0),"0",('Hampshire Daily'!H7-'Hampshire Daily'!H6)) -> 0 | H4: =IF(('Hampshire Daily'!I7-'Hampshire Daily'!I6<0),"0",('Hampshire Daily'!I7-'Hampshire Daily'!I6)) -> 0 | I4: =IF(('Hampshire Daily'!J7-'Hampshire Daily'!J6<0),"0",('Hampshire Daily'!J7-'Hampshire Daily'!J6)) -> 0 | J4: =IF(('Hampshire Daily'!K7-'Hampshire Daily'!K6<0),"0",('Hampshire Daily'!K7-'Hampshire Daily'!K6)) -> 0 | K4: =IF(('Hampshire Daily'!L7-'Hampshire Daily'!L6<0),"0",('Hampshire Daily'!L7-'Hampshire Daily'!L6)) -> 361 | L4: =IF(('Hampshire Daily'!M7-'Hampshire Daily'!M6<0),"0",('Hampshire Daily'!M7-'Hampshire Daily'!M6)) -> 0 | M4: =IF(('Hampshire Daily'!N7-'Hampshire Daily'!N6<0),"0",('Hampshire Daily'!N7-'Hampshire Daily'!N6)) -> 2177 | N4: =IF(('Hampshire Daily'!O7-'Hampshire Daily'!O6<0),"0",('Hampshire Daily'!O7-'Hampshire Daily'!O6)) -> 36 | ... Q4: =IF(('Hampshire Daily'!R7-'Hampshire Daily'!R6<0),"0",('Hampshire Daily'!R7-'Hampshire Daily'!R6)) -> 0 | R4: =IF(('Hampshire Daily'!U7-'Hampshire Daily'!U6<0),"0",('Hampshire Daily'!U7-'Hampshire Daily'!U6)) -> 4 | S4: =IF(('Hampshire Daily'!V7-'Hampshire Daily'!V6<0),"0",('Hampshire Daily'!V7-'Hampshire Daily'!V6)) -> 10 | T4: =IF(('Hampshire Daily'!W7-'Hampshire Daily'!W6<0),"0",('Hampshire Daily'!W7-'Hampshire Daily'!W6)) -> 0 | U4: =IF(('Hampshire Daily'!X7-'Hampshire Daily'!X6<0),"0",('Hampshire Daily'!X7-'Hampshire Daily'!X6)) -> 0.319 | V4: =IF(('Hampshire Daily'!Y7-'Hampshire Daily'!Y6<0),"0",('Hampshire Daily'!Y7-'Hampshire Daily'!Y6)) -> 0 | W4: =IF(('Hampshire Daily'!Z7-'Hampshire Daily'!Z6<0),"0",('Hampshire Daily'!Z7-'Hampshire Daily'!Z6)) -> 2 | X4: =IF(('Hampshire Daily'!AA7-'Hampshire Daily'!AA6<0),"0",('Hampshire Daily'!AA7-'Hampshire Daily'!AA6)) -> 2 | Y4: ='Hampshire Daily'!B7 -> 10 | Z4: ='Hampshire Daily'!C7 -> 10
A5: Hampshire | B5: =B4+1 -> 4 | C5: 5 | D5: 2021 | E5: =IF(('Hampshire Daily'!D8-'Hampshire Daily'!D7<0),"0",('Hampshire Daily'!D8-'Hampshire Daily'!D7)) -> 899 | F5: =IF(('Hampshire Daily'!F8-'Hampshire Daily'!F7<0),"0",('Hampshire Daily'!F8-'Hampshire Daily'!F7)) -> 274 | G5: =IF(('Hampshire Daily'!H8-'Hampshire Daily'!H7<0),"0",('Hampshire Daily'!H8-'Hampshire Daily'!H7)) -> 0 | H5: =IF(('Hampshire Daily'!I8-'Hampshire Daily'!I7<0),"0",('Hampshire Daily'!I8-'Hampshire Daily'!I7)) -> 0 | I5: =IF(('Hampshire Daily'!J8-'Hampshire Daily'!J7<0),"0",('Hampshire Daily'!J8-'Hampshire Daily'!J7)) -> 0 | J5: =IF(('Hampshire Daily'!K8-'Hampshire Daily'!K7<0),"0",('Hampshire Daily'!K8-'Hampshire Daily'!K7)) -> 0 | K5: =IF(('Hampshire Daily'!L8-'Hampshire Daily'!L7<0),"0",('Hampshire Daily'!L8-'Hampshire Daily'!L7)) -> 361 | L5: =IF(('Hampshire Daily'!M8-'Hampshire Daily'!M7<0),"0",('Hampshire Daily'!M8-'Hampshire Daily'!M7)) -> 0 | M5: =IF(('Hampshire Daily'!N8-'Hampshire Daily'!N7<0),"0",('Hampshire Daily'!N8-'Hampshire Daily'!N7)) -> 2083 | N5: =IF(('Hampshire Daily'!O8-'Hampshire Daily'!O7<0),"0",('Hampshire Daily'!O8-'Hampshire Daily'!O7)) -> 33 | ... Q5: =IF(('Hampshire Daily'!R8-'Hampshire Daily'!R7<0),"0",('Hampshire Daily'!R8-'Hampshire Daily'!R7)) -> 0 | R5: =IF(('Hampshire Daily'!U8-'Hampshire Daily'!U7<0),"0",('Hampshire Daily'!U8-'Hampshire Daily'!U7)) -> 4 | S5: =IF(('Hampshire Daily'!V8-'Hampshire Daily'!V7<0),"0",('Hampshire Daily'!V8-'Hampshire Daily'!V7)) -> 1 | T5: =IF(('Hampshire Daily'!W8-'Hampshire Daily'!W7<0),"0",('Hampshire Daily'!W8-'Hampshire Daily'!W7)) -> 0 | U5: =IF(('Hampshire Daily'!X8-'Hampshire Daily'!X7<0),"0",('Hampshire Daily'!X8-'Hampshire Daily'!X7)) -> 0.259 | V5: =IF(('Hampshire Daily'!Y8-'Hampshire Daily'!Y7<0),"0",('Hampshire Daily'!Y8-'Hampshire Daily'!Y7)) -> 0 | W5: =IF(('Hampshire Daily'!Z8-'Hampshire Daily'!Z7<0),"0",('Hampshire Daily'!Z8-'Hampshire Daily'!Z7)) -> 2 | X5: =IF(('Hampshire Daily'!AA8-'Hampshire Daily'!AA7<0),"0",('Hampshire Daily'!AA8-'Hampshire Daily'!AA7)) -> 10 | Y5: ='Hampshire Daily'!B8 -> 10 | Z5: ='Hampshire Daily'!C8 -> 10
A6: Hampshire | B6: =B5+1 -> 5 | C6: 5 | D6: 2021 | E6: =IF(('Hampshire Daily'!D9-'Hampshire Daily'!D8<0),"0",('Hampshire Daily'!D9-'Hampshire Daily'!D8)) -> 1104 | F6: =IF(('Hampshire Daily'!F9-'Hampshire Daily'!F8<0),"0",('Hampshire Daily'!F9-'Hampshire Daily'!F8)) -> 566 | G6: =IF(('Hampshire Daily'!H9-'Hampshire Daily'!H8<0),"0",('Hampshire Daily'!H9-'Hampshire Daily'!H8)) -> 17 | H6: =IF(('Hampshire Daily'!I9-'Hampshire Daily'!I8<0),"0",('Hampshire Daily'!I9-'Hampshire Daily'!I8)) -> 0 | I6: =IF(('Hampshire Daily'!J9-'Hampshire Daily'!J8<0),"0",('Hampshire Daily'!J9-'Hampshire Daily'!J8)) -> 0 | J6: =IF(('Hampshire Daily'!K9-'Hampshire Daily'!K8<0),"0",('Hampshire Daily'!K9-'Hampshire Daily'!K8)) -> 0 | K6: =IF(('Hampshire Daily'!L9-'Hampshire Daily'!L8<0),"0",('Hampshire Daily'!L9-'Hampshire Daily'!L8)) -> 361 | L6: =IF(('Hampshire Daily'!M9-'Hampshire Daily'!M8<0),"0",('Hampshire Daily'!M9-'Hampshire Daily'!M8)) -> 27 | M6: =IF(('Hampshire Daily'!N9-'Hampshire Daily'!N8<0),"0",('Hampshire Daily'!N9-'Hampshire Daily'!N8)) -> 2313 | N6: =IF(('Hampshire Daily'!O9-'Hampshire Daily'!O8<0),"0",('Hampshire Daily'!O9-'Hampshire Daily'!O8)) -> 42 | ... Q6: =IF(('Hampshire Daily'!R9-'Hampshire Daily'!R8<0),"0",('Hampshire Daily'!R9-'Hampshire Daily'!R8)) -> 0 | R6: =IF(('Hampshire Daily'!U9-'Hampshire Daily'!U8<0),"0",('Hampshire Daily'!U9-'Hampshire Daily'!U8)) -> 4 | S6: =IF(('Hampshire Daily'!V9-'Hampshire Daily'!V8<0),"0",('Hampshire Daily'!V9-'Hampshire Daily'!V8)) -> 1 | T6: =IF(('Hampshire Daily'!W9-'Hampshire Daily'!W8<0),"0",('Hampshire Daily'!W9-'Hampshire Daily'!W8)) -> 0.072 | U6: =IF(('Hampshire Daily'!X9-'Hampshire Daily'!X8<0),"0",('Hampshire Daily'!X9-'Hampshire Daily'!X8)) -> 0.274 | V6: =IF(('Hampshire Daily'!Y9-'Hampshire Daily'!Y8<0),"0",('Hampshire Daily'!Y9-'Hampshire Daily'!Y8)) -> 0 | W6: =IF(('Hampshire Daily'!Z9-'Hampshire Daily'!Z8<0),"0",('Hampshire Daily'!Z9-'Hampshire Daily'!Z8)) -> 1 | X6: =IF(('Hampshire Daily'!AA9-'Hampshire Daily'!AA8<0),"0",('Hampshire Daily'!AA9-'Hampshire Daily'!AA8)) -> 5 | Y6: ='Hampshire Daily'!B9 -> 10 | Z6: ='Hampshire Daily'!C9 -> 10
A7: Hampshire | B7: =B6+1 -> 6 | C7: 5 | D7: 2021 | E7: =IF(('Hampshire Daily'!D10-'Hampshire Daily'!D9<0),"0",('Hampshire Daily'!D10-'Hampshire Daily'!D9)) -> 1082 | F7: =IF(('Hampshire Daily'!F10-'Hampshire Daily'!F9<0),"0",('Hampshire Daily'!F10-'Hampshire Daily'!F9)) -> 410 | G7: =IF(('Hampshire Daily'!H10-'Hampshire Daily'!H9<0),"0",('Hampshire Daily'!H10-'Hampshire Daily'!H9)) -> 0 | H7: =IF(('Hampshire Daily'!I10-'Hampshire Daily'!I9<0),"0",('Hampshire Daily'!I10-'Hampshire Daily'!I9)) -> 0 | I7: =IF(('Hampshire Daily'!J10-'Hampshire Daily'!J9<0),"0",('Hampshire Daily'!J10-'Hampshire Daily'!J9)) -> 0 | J7: =IF(('Hampshire Daily'!K10-'Hampshire Daily'!K9<0),"0",('Hampshire Daily'!K10-'Hampshire Daily'!K9)) -> 0 | K7: =IF(('Hampshire Daily'!L10-'Hampshire Daily'!L9<0),"0",('Hampshire Daily'!L10-'Hampshire Daily'!L9)) -> 361 | L7: =IF(('Hampshire Daily'!M10-'Hampshire Daily'!M9<0),"0",('Hampshire Daily'!M10-'Hampshire Daily'!M9)) -> 0 | M7: =IF(('Hampshire Daily'!N10-'Hampshire Daily'!N9<0),"0",('Hampshire Daily'!N10-'Hampshire Daily'!N9)) -> 2561 | N7: =IF(('Hampshire Daily'!O10-'Hampshire Daily'!O9<0),"0",('Hampshire Daily'!O10-'Hampshire Daily'!O9)) -> 40 | ... Q7: =IF(('Hampshire Daily'!R10-'Hampshire Daily'!R9<0),"0",('Hampshire Daily'!R10-'Hampshire Daily'!R9)) -> 0 | R7: =IF(('Hampshire Daily'!U10-'Hampshire Daily'!U9<0),"0",('Hampshire Daily'!U10-'Hampshire Daily'!U9)) -> 4.5 | S7: =IF(('Hampshire Daily'!V10-'Hampshire Daily'!V9<0),"0",('Hampshire Daily'!V10-'Hampshire Daily'!V9)) -> 0.5 | T7: =IF(('Hampshire Daily'!W10-'Hampshire Daily'!W9<0),"0",('Hampshire Daily'!W10-'Hampshire Daily'!W9)) -> 0 | U7: =IF(('Hampshire Daily'!X10-'Hampshire Daily'!X9<0),"0",('Hampshire Daily'!X10-'Hampshire Daily'!X9)) -> 0.4 | V7: =IF(('Hampshire Daily'!Y10-'Hampshire Daily'!Y9<0),"0",('Hampshire Daily'!Y10-'Hampshire Daily'!Y9)) -> 0 | W7: =IF(('Hampshire Daily'!Z10-'Hampshire Daily'!Z9<0),"0",('Hampshire Daily'!Z10-'Hampshire Daily'!Z9)) -> 2 | X7: =IF(('Hampshire Daily'!AA10-'Hampshire Daily'!AA9<0),"0",('Hampshire Daily'!AA10-'Hampshire Daily'!AA9)) -> 3 | Y7: ='Hampshire Daily'!B10 -> 10 | Z7: ='Hampshire Daily'!C10 -> 10
A8: Hampshire | B8: =B7+1 -> 7 | C8: 5 | D8: 2021 | E8: =IF(('Hampshire Daily'!D11-'Hampshire Daily'!D10<0),"0",('Hampshire Daily'!D11-'Hampshire Daily'!D10)) -> 1082 | F8: =IF(('Hampshire Daily'!F11-'Hampshire Daily'!F10<0),"0",('Hampshire Daily'!F11-'Hampshire Daily'!F10)) -> 411 | G8: =IF(('Hampshire Daily'!H11-'Hampshire Daily'!H10<0),"0",('Hampshire Daily'!H11-'Hampshire Daily'!H10)) -> 0 | H8: =IF(('Hampshire Daily'!I11-'Hampshire Daily'!I10<0),"0",('Hampshire Daily'!I11-'Hampshire Daily'!I10)) -> 0 | I8: =IF(('Hampshire Daily'!J11-'Hampshire Daily'!J10<0),"0",('Hampshire Daily'!J11-'Hampshire Daily'!J10)) -> 0 | J8: =IF(('Hampshire Daily'!K11-'Hampshire Daily'!K10<0),"0",('Hampshire Daily'!K11-'Hampshire Daily'!K10)) -> 0 | K8: =IF(('Hampshire Daily'!L11-'Hampshire Daily'!L10<0),"0",('Hampshire Daily'!L11-'Hampshire Daily'!L10)) -> 366 | L8: =IF(('Hampshire Daily'!M11-'Hampshire Daily'!M10<0),"0",('Hampshire Daily'!M11-'Hampshire Daily'!M10)) -> 0 | M8: =IF(('Hampshire Daily'!N11-'Hampshire Daily'!N10<0),"0",('Hampshire Daily'!N11-'Hampshire Daily'!N10)) -> 2561 | N8: =IF(('Hampshire Daily'!O11-'Hampshire Daily'!O10<0),"0",('Hampshire Daily'!O11-'Hampshire Daily'!O10)) -> 40 | ... Q8: =IF(('Hampshire Daily'!R11-'Hampshire Daily'!R10<0),"0",('Hampshire Daily'!R11-'Hampshire Daily'!R10)) -> 0 | R8: =IF(('Hampshire Daily'!U11-'Hampshire Daily'!U10<0),"0",('Hampshire Daily'!U11-'Hampshire Daily'!U10)) -> 4.5 | S8: =IF(('Hampshire Daily'!V11-'Hampshire Daily'!V10<0),"0",('Hampshire Daily'!V11-'Hampshire Daily'!V10)) -> 0.5 | T8: =IF(('Hampshire Daily'!W11-'Hampshire Daily'!W10<0),"0",('Hampshire Daily'!W11-'Hampshire Daily'!W10)) -> 0 | U8: =IF(('Hampshire Daily'!X11-'Hampshire Daily'!X10<0),"0",('Hampshire Daily'!X11-'Hampshire Daily'!X10)) -> 0.449 | V8: =IF(('Hampshire Daily'!Y11-'Hampshire Daily'!Y10<0),"0",('Hampshire Daily'!Y11-'Hampshire Daily'!Y10)) -> 0 | W8: =IF(('Hampshire Daily'!Z11-'Hampshire Daily'!Z10<0),"0",('Hampshire Daily'!Z11-'Hampshire Daily'!Z10)) -> 2 | X8: =IF(('Hampshire Daily'!AA11-'Hampshire Daily'!AA10<0),"0",('Hampshire Daily'!AA11-'Hampshire Daily'!AA10)) -> 4 | Y8: ='Hampshire Daily'!B11 -> 10 | Z8: ='Hampshire Daily'!C11 -> 10
A9: Hampshire | B9: =B8+1 -> 8 | C9: 5 | D9: 2021 | E9: =IF(('Hampshire Daily'!D12-'Hampshire Daily'!D11<0),"0",('Hampshire Daily'!D12-'Hampshire Daily'!D11)) -> 1519 | F9: =IF(('Hampshire Daily'!F12-'Hampshire Daily'!F11<0),"0",('Hampshire Daily'!F12-'Hampshire Daily'!F11)) -> 375 | G9: =IF(('Hampshire Daily'!H12-'Hampshire Daily'!H11<0),"0",('Hampshire Daily'!H12-'Hampshire Daily'!H11)) -> 0 | H9: =IF(('Hampshire Daily'!I12-'Hampshire Daily'!I11<0),"0",('Hampshire Daily'!I12-'Hampshire Daily'!I11)) -> 0 | I9: =IF(('Hampshire Daily'!J12-'Hampshire Daily'!J11<0),"0",('Hampshire Daily'!J12-'Hampshire Daily'!J11)) -> 0 | J9: =IF(('Hampshire Daily'!K12-'Hampshire Daily'!K11<0),"0",('Hampshire Daily'!K12-'Hampshire Daily'!K11)) -> 0 | K9: =IF(('Hampshire Daily'!L12-'Hampshire Daily'!L11<0),"0",('Hampshire Daily'!L12-'Hampshire Daily'!L11)) -> 352 | L9: =IF(('Hampshire Daily'!M12-'Hampshire Daily'!M11<0),"0",('Hampshire Daily'!M12-'Hampshire Daily'!M11)) -> 0 | M9: =IF(('Hampshire Daily'!N12-'Hampshire Daily'!N11<0),"0",('Hampshire Daily'!N12-'Hampshire Daily'!N11)) -> 2283 | N9: =IF(('Hampshire Daily'!O12-'Hampshire Daily'!O11<0),"0",('Hampshire Daily'!O12-'Hampshire Daily'!O11)) -> 44 | ... Q9: =IF(('Hampshire Daily'!R12-'Hampshire Daily'!R11<0),"0",('Hampshire Daily'!R12-'Hampshire Daily'!R11)) -> 0 | R9: =IF(('Hampshire Daily'!U12-'Hampshire Daily'!U11<0),"0",('Hampshire Daily'!U12-'Hampshire Daily'!U11)) -> 4 | S9: =IF(('Hampshire Daily'!V12-'Hampshire Daily'!V11<0),"0",('Hampshire Daily'!V12-'Hampshire Daily'!V11)) -> 1 | T9: =IF(('Hampshire Daily'!W12-'Hampshire Daily'!W11<0),"0",('Hampshire Daily'!W12-'Hampshire Daily'!W11)) -> 0 | U9: =IF(('Hampshire Daily'!X12-'Hampshire Daily'!X11<0),"0",('Hampshire Daily'!X12-'Hampshire Daily'!X11)) -> 0.329 | V9: =IF(('Hampshire Daily'!Y12-'Hampshire Daily'!Y11<0),"0",('Hampshire Daily'!Y12-'Hampshire Daily'!Y11)) -> 0 | W9: =IF(('Hampshire Daily'!Z12-'Hampshire Daily'!Z11<0),"0",('Hampshire Daily'!Z12-'Hampshire Daily'!Z11)) -> 1 | X9: =IF(('Hampshire Daily'!AA12-'Hampshire Daily'!AA11<0),"0",('Hampshire Daily'!AA12-'Hampshire Daily'!AA11)) -> 4 | Y9: ='Hampshire Daily'!B12 -> 10 | Z9: ='Hampshire Daily'!C12 -> 10
A10: Hampshire | B10: =B9+1 -> 9 | C10: 5 | D10: 2021 | E10: =IF(('Hampshire Daily'!D13-'Hampshire Daily'!D12<0),"0",('Hampshire Daily'!D13-'Hampshire Daily'!D12)) -> 1349 | F10: =IF(('Hampshire Daily'!F13-'Hampshire Daily'!F12<0),"0",('Hampshire Daily'!F13-'Hampshire Daily'!F12)) -> 383 | G10: =IF(('Hampshire Daily'!H13-'Hampshire Daily'!H12<0),"0",('Hampshire Daily'!H13-'Hampshire Daily'!H12)) -> 0 | H10: =IF(('Hampshire Daily'!I13-'Hampshire Daily'!I12<0),"0",('Hampshire Daily'!I13-'Hampshire Daily'!I12)) -> 0 | I10: =IF(('Hampshire Daily'!J13-'Hampshire Daily'!J12<0),"0",('Hampshire Daily'!J13-'Hampshire Daily'!J12)) -> 0 | J10: =IF(('Hampshire Daily'!K13-'Hampshire Daily'!K12<0),"0",('Hampshire Daily'!K13-'Hampshire Daily'!K12)) -> 0 | K10: =IF(('Hampshire Daily'!L13-'Hampshire Daily'!L12<0),"0",('Hampshire Daily'!L13-'Hampshire Daily'!L12)) -> 352 | L10: =IF(('Hampshire Daily'!M13-'Hampshire Daily'!M12<0),"0",('Hampshire Daily'!M13-'Hampshire Daily'!M12)) -> 0 | M10: =IF(('Hampshire Daily'!N13-'Hampshire Daily'!N12<0),"0",('Hampshire Daily'!N13-'Hampshire Daily'!N12)) -> 2162 | N10: =IF(('Hampshire Daily'!O13-'Hampshire Daily'!O12<0),"0",('Hampshire Daily'!O13-'Hampshire Daily'!O12)) -> 34 | ... Q10: =IF(('Hampshire Daily'!R13-'Hampshire Daily'!R12<0),"0",('Hampshire Daily'!R13-'Hampshire Daily'!R12)) -> 0 | R10: =IF(('Hampshire Daily'!U13-'Hampshire Daily'!U12<0),"0",('Hampshire Daily'!U13-'Hampshire Daily'!U12)) -> 4 | S10: =IF(('Hampshire Daily'!V13-'Hampshire Daily'!V12<0),"0",('Hampshire Daily'!V13-'Hampshire Daily'!V12)) -> 1 | T10: =IF(('Hampshire Daily'!W13-'Hampshire Daily'!W12<0),"0",('Hampshire Daily'!W13-'Hampshire Daily'!W12)) -> 0 | U10: =IF(('Hampshire Daily'!X13-'Hampshire Daily'!X12<0),"0",('Hampshire Daily'!X13-'Hampshire Daily'!X12)) -> 0.366 | V10: =IF(('Hampshire Daily'!Y13-'Hampshire Daily'!Y12<0),"0",('Hampshire Daily'!Y13-'Hampshire Daily'!Y12)) -> 0 | W10: =IF(('Hampshire Daily'!Z13-'Hampshire Daily'!Z12<0),"0",('Hampshire Daily'!Z13-'Hampshire Daily'!Z12)) -> 2 | X10: =IF(('Hampshire Daily'!AA13-'Hampshire Daily'!AA12<0),"0",('Hampshire Daily'!AA13-'Hampshire Daily'!AA12)) -> 6 | Y10: ='Hampshire Daily'!B13 -> 10 | Z10: ='Hampshire Daily'!C13 -> 10
A11: Hampshire | B11: =B10+1 -> 10 | C11: 5 | D11: 2021 | E11: =IF(('Hampshire Daily'!D14-'Hampshire Daily'!D13<0),"0",('Hampshire Daily'!D14-'Hampshire Daily'!D13)) -> 1002 | F11: =IF(('Hampshire Daily'!F14-'Hampshire Daily'!F13<0),"0",('Hampshire Daily'!F14-'Hampshire Daily'!F13)) -> 373 | G11: =IF(('Hampshire Daily'!H14-'Hampshire Daily'!H13<0),"0",('Hampshire Daily'!H14-'Hampshire Daily'!H13)) -> 0 | H11: =IF(('Hampshire Daily'!I14-'Hampshire Daily'!I13<0),"0",('Hampshire Daily'!I14-'Hampshire Daily'!I13)) -> 0 | I11: =IF(('Hampshire Daily'!J14-'Hampshire Daily'!J13<0),"0",('Hampshire Daily'!J14-'Hampshire Daily'!J13)) -> 0 | J11: =IF(('Hampshire Daily'!K14-'Hampshire Daily'!K13<0),"0",('Hampshire Daily'!K14-'Hampshire Daily'!K13)) -> 0 | K11: =IF(('Hampshire Daily'!L14-'Hampshire Daily'!L13<0),"0",('Hampshire Daily'!L14-'Hampshire Daily'!L13)) -> 352 | L11: =IF(('Hampshire Daily'!M14-'Hampshire Daily'!M13<0),"0",('Hampshire Daily'!M14-'Hampshire Daily'!M13)) -> 0 | M11: =IF(('Hampshire Daily'!N14-'Hampshire Daily'!N13<0),"0",('Hampshire Daily'!N14-'Hampshire Daily'!N13)) -> 2085 | N11: =IF(('Hampshire Daily'!O14-'Hampshire Daily'!O13<0),"0",('Hampshire Daily'!O14-'Hampshire Daily'!O13)) -> 34 | ... Q11: =IF(('Hampshire Daily'!R14-'Hampshire Daily'!R13<0),"0",('Hampshire Daily'!R14-'Hampshire Daily'!R13)) -> 0 | R11: =IF(('Hampshire Daily'!U14-'Hampshire Daily'!U13<0),"0",('Hampshire Daily'!U14-'Hampshire Daily'!U13)) -> 3 | S11: =IF(('Hampshire Daily'!V14-'Hampshire Daily'!V13<0),"0",('Hampshire Daily'!V14-'Hampshire Daily'!V13)) -> 12 | T11: =IF(('Hampshire Daily'!W14-'Hampshire Daily'!W13<0),"0",('Hampshire Daily'!W14-'Hampshire Daily'!W13)) -> 0 | U11: =IF(('Hampshire Daily'!X14-'Hampshire Daily'!X13<0),"0",('Hampshire Daily'!X14-'Hampshire Daily'!X13)) -> 0.397 | V11: =IF(('Hampshire Daily'!Y14-'Hampshire Daily'!Y13<0),"0",('Hampshire Daily'!Y14-'Hampshire Daily'!Y13)) -> 0 | W11: =IF(('Hampshire Daily'!Z14-'Hampshire Daily'!Z13<0),"0",('Hampshire Daily'!Z14-'Hampshire Daily'!Z13)) -> 2 | X11: =IF(('Hampshire Daily'!AA14-'Hampshire Daily'!AA13<0),"0",('Hampshire Daily'!AA14-'Hampshire Daily'!AA13)) -> 6 | Y11: ='Hampshire Daily'!B14 -> 10 | Z11: ='Hampshire Daily'!C14 -> 10
A12: Hampshire | B12: =B11+1 -> 11 | C12: 5 | D12: 2021 | E12: =IF(('Hampshire Daily'!D15-'Hampshire Daily'!D14<0),"0",('Hampshire Daily'!D15-'Hampshire Daily'!D14)) -> 530 | F12: =IF(('Hampshire Daily'!F15-'Hampshire Daily'!F14<0),"0",('Hampshire Daily'!F15-'Hampshire Daily'!F14)) -> 1359 | G12: =IF(('Hampshire Daily'!H15-'Hampshire Daily'!H14<0),"0",('Hampshire Daily'!H15-'Hampshire Daily'!H14)) -> 0 | H12: =IF(('Hampshire Daily'!I15-'Hampshire Daily'!I14<0),"0",('Hampshire Daily'!I15-'Hampshire Daily'!I14)) -> 0 | I12: =IF(('Hampshire Daily'!J15-'Hampshire Daily'!J14<0),"0",('Hampshire Daily'!J15-'Hampshire Daily'!J14)) -> 0 | J12: =IF(('Hampshire Daily'!K15-'Hampshire Daily'!K14<0),"0",('Hampshire Daily'!K15-'Hampshire Daily'!K14)) -> 0 | K12: =IF(('Hampshire Daily'!L15-'Hampshire Daily'!L14<0),"0",('Hampshire Daily'!L15-'Hampshire Daily'!L14)) -> 352 | L12: =IF(('Hampshire Daily'!M15-'Hampshire Daily'!M14<0),"0",('Hampshire Daily'!M15-'Hampshire Daily'!M14)) -> 71 | M12: =IF(('Hampshire Daily'!N15-'Hampshire Daily'!N14<0),"0",('Hampshire Daily'!N15-'Hampshire Daily'!N14)) -> 2189 | N12: =IF(('Hampshire Daily'!O15-'Hampshire Daily'!O14<0),"0",('Hampshire Daily'!O15-'Hampshire Daily'!O14)) -> 63 | ... Q12: =IF(('Hampshire Daily'!R15-'Hampshire Daily'!R14<0),"0",('Hampshire Daily'!R15-'Hampshire Daily'!R14)) -> 0 | R12: =IF(('Hampshire Daily'!U15-'Hampshire Daily'!U14<0),"0",('Hampshire Daily'!U15-'Hampshire Daily'!U14)) -> 6 | S12: =IF(('Hampshire Daily'!V15-'Hampshire Daily'!V14<0),"0",('Hampshire Daily'!V15-'Hampshire Daily'!V14)) -> 0 | T12: =IF(('Hampshire Daily'!W15-'Hampshire Daily'!W14<0),"0",('Hampshire Daily'!W15-'Hampshire Daily'!W14)) -> 0.597 | U12: =IF(('Hampshire Daily'!X15-'Hampshire Daily'!X14<0),"0",('Hampshire Daily'!X15-'Hampshire Daily'!X14)) -> 0.398 | V12: =IF(('Hampshire Daily'!Y15-'Hampshire Daily'!Y14<0),"0",('Hampshire Daily'!Y15-'Hampshire Daily'!Y14)) -> 0 | W12: =IF(('Hampshire Daily'!Z15-'Hampshire Daily'!Z14<0),"0",('Hampshire Daily'!Z15-'Hampshire Daily'!Z14)) -> 1 | X12: =IF(('Hampshire Daily'!AA15-'Hampshire Daily'!AA14<0),"0",('Hampshire Daily'!AA15-'Hampshire Daily'!AA14)) -> 3 | Y12: ='Hampshire Daily'!B15 -> 10 | Z12: ='Hampshire Daily'!C15 -> 10
A13: Hampshire | B13: =B12+1 -> 12 | C13: 5 | D13: 2021 | E13: =IF(('Hampshire Daily'!D16-'Hampshire Daily'!D15<0),"0",('Hampshire Daily'!D16-'Hampshire Daily'!D15)) -> 1877 | F13: =IF(('Hampshire Daily'!F16-'Hampshire Daily'!F15<0),"0",('Hampshire Daily'!F16-'Hampshire Daily'!F15)) -> 1433 | G13: =IF(('Hampshire Daily'!H16-'Hampshire Daily'!H15<0),"0",('Hampshire Daily'!H16-'Hampshire Daily'!H15)) -> 426 | H13: =IF(('Hampshire Daily'!I16-'Hampshire Daily'!I15<0),"0",('Hampshire Daily'!I16-'Hampshire Daily'!I15)) -> 0 | I13: =IF(('Hampshire Daily'!J16-'Hampshire Daily'!J15<0),"0",('Hampshire Daily'!J16-'Hampshire Daily'!J15)) -> 0 | J13: =IF(('Hampshire Daily'!K16-'Hampshire Daily'!K15<0),"0",('Hampshire Daily'!K16-'Hampshire Daily'!K15)) -> 0 | K13: =IF(('Hampshire Daily'!L16-'Hampshire Daily'!L15<0),"0",('Hampshire Daily'!L16-'Hampshire Daily'!L15)) -> 352 | L13: =IF(('Hampshire Daily'!M16-'Hampshire Daily'!M15<0),"0",('Hampshire Daily'!M16-'Hampshire Daily'!M15)) -> 0 | M13: =IF(('Hampshire Daily'!N16-'Hampshire Daily'!N15<0),"0",('Hampshire Daily'!N16-'Hampshire Daily'!N15)) -> 1809 | N13: =IF(('Hampshire Daily'!O16-'Hampshire Daily'!O15<0),"0",('Hampshire Daily'!O16-'Hampshire Daily'!O15)) -> 39 | ... Q13: =IF(('Hampshire Daily'!R16-'Hampshire Daily'!R15<0),"0",('Hampshire Daily'!R16-'Hampshire Daily'!R15)) -> 0 | R13: =IF(('Hampshire Daily'!U16-'Hampshire Daily'!U15<0),"0",('Hampshire Daily'!U16-'Hampshire Daily'!U15)) -> 4 | S13: =IF(('Hampshire Daily'!V16-'Hampshire Daily'!V15<0),"0",('Hampshire Daily'!V16-'Hampshire Daily'!V15)) -> 2 | T13: =IF(('Hampshire Daily'!W16-'Hampshire Daily'!W15<0),"0",('Hampshire Daily'!W16-'Hampshire Daily'!W15)) -> 0 | U13: =IF(('Hampshire Daily'!X16-'Hampshire Daily'!X15<0),"0",('Hampshire Daily'!X16-'Hampshire Daily'!X15)) -> 0.993 | V13: =IF(('Hampshire Daily'!Y16-'Hampshire Daily'!Y15<0),"0",('Hampshire Daily'!Y16-'Hampshire Daily'!Y15)) -> 0 | W13: =IF(('Hampshire Daily'!Z16-'Hampshire Daily'!Z15<0),"0",('Hampshire Daily'!Z16-'Hampshire Daily'!Z15)) -> 2 | X13: =IF(('Hampshire Daily'!AA16-'Hampshire Daily'!AA15<0),"0",('Hampshire Daily'!AA16-'Hampshire Daily'!AA15)) -> 4 | Y13: ='Hampshire Daily'!B16 -> 10 | Z13: ='Hampshire Daily'!C16 -> 10
A14: Hampshire | B14: =B13+1 -> 13 | C14: 5 | D14: 2021 | E14: =IF(('Hampshire Daily'!D17-'Hampshire Daily'!D16<0),"0",('Hampshire Daily'!D17-'Hampshire Daily'!D16)) -> 1890 | F14: =IF(('Hampshire Daily'!F17-'Hampshire Daily'!F16<0),"0",('Hampshire Daily'!F17-'Hampshire Daily'!F16)) -> 616 | G14: =IF(('Hampshire Daily'!H17-'Hampshire Daily'!H16<0),"0",('Hampshire Daily'!H17-'Hampshire Daily'!H16)) -> 18 | H14: =IF(('Hampshire Daily'!I17-'Hampshire Daily'!I16<0),"0",('Hampshire Daily'!I17-'Hampshire Daily'!I16)) -> 0 | I14: =IF(('Hampshire Daily'!J17-'Hampshire Daily'!J16<0),"0",('Hampshire Daily'!J17-'Hampshire Daily'!J16)) -> 0 | J14: =IF(('Hampshire Daily'!K17-'Hampshire Daily'!K16<0),"0",('Hampshire Daily'!K17-'Hampshire Daily'!K16)) -> 0 | K14: =IF(('Hampshire Daily'!L17-'Hampshire Daily'!L16<0),"0",('Hampshire Daily'!L17-'Hampshire Daily'!L16)) -> 352 | L14: =IF(('Hampshire Daily'!M17-'Hampshire Daily'!M16<0),"0",('Hampshire Daily'!M17-'Hampshire Daily'!M16)) -> 0 | M14: =IF(('Hampshire Daily'!N17-'Hampshire Daily'!N16<0),"0",('Hampshire Daily'!N17-'Hampshire Daily'!N16)) -> 2380 | N14: =IF(('Hampshire Daily'!O17-'Hampshire Daily'!O16<0),"0",('Hampshire Daily'!O17-'Hampshire Daily'!O16)) -> 61 | ... Q14: =IF(('Hampshire Daily'!R17-'Hampshire Daily'!R16<0),"0",('Hampshire Daily'!R17-'Hampshire Daily'!R16)) -> 2 | R14: =IF(('Hampshire Daily'!U17-'Hampshire Daily'!U16<0),"0",('Hampshire Daily'!U17-'Hampshire Daily'!U16)) -> 7 | S14: =IF(('Hampshire Daily'!V17-'Hampshire Daily'!V16<0),"0",('Hampshire Daily'!V17-'Hampshire Daily'!V16)) -> 1 | T14: =IF(('Hampshire Daily'!W17-'Hampshire Daily'!W16<0),"0",('Hampshire Daily'!W17-'Hampshire Daily'!W16)) -> 0 | U14: =IF(('Hampshire Daily'!X17-'Hampshire Daily'!X16<0),"0",('Hampshire Daily'!X17-'Hampshire Daily'!X16)) -> 0.647 | V14: =IF(('Hampshire Daily'!Y17-'Hampshire Daily'!Y16<0),"0",('Hampshire Daily'!Y17-'Hampshire Daily'!Y16)) -> 0.572 | W14: =IF(('Hampshire Daily'!Z17-'Hampshire Daily'!Z16<0),"0",('Hampshire Daily'!Z17-'Hampshire Daily'!Z16)) -> 1 | X14: =IF(('Hampshire Daily'!AA17-'Hampshire Daily'!AA16<0),"0",('Hampshire Daily'!AA17-'Hampshire Daily'!AA16)) -> 5 | Y14: ='Hampshire Daily'!B17 -> 10 | Z14: ='Hampshire Daily'!C17 -> 10
... A32: Hampshire | B32: =B31+1 -> 31 | C32: 5 | D32: 2021 | E32: =IF(('Hampshire Daily'!D35-'Hampshire Daily'!D34<0),"0",('Hampshire Daily'!D35-'Hampshire Daily'!D34)) -> 2860 | F32: =IF(('Hampshire Daily'!F35-'Hampshire Daily'!F34<0),"0",('Hampshire Daily'!F35-'Hampshire Daily'!F34)) -> 2176 | G32: =IF(('Hampshire Daily'!H35-'Hampshire Daily'!H34<0),"0",('Hampshire Daily'!H35-'Hampshire Daily'!H34)) -> 0 | H32: =IF(('Hampshire Daily'!I35-'Hampshire Daily'!I34<0),"0",('Hampshire Daily'!I35-'Hampshire Daily'!I34)) -> 0 | I32: =IF(('Hampshire Daily'!J35-'Hampshire Daily'!J34<0),"0",('Hampshire Daily'!J35-'Hampshire Daily'!J34)) -> 0 | J32: =IF(('Hampshire Daily'!K35-'Hampshire Daily'!K34<0),"0",('Hampshire Daily'!K35-'Hampshire Daily'!K34)) -> 0 | K32: =IF(('Hampshire Daily'!L35-'Hampshire Daily'!L34<0),"0",('Hampshire Daily'!L35-'Hampshire Daily'!L34)) -> 1302 | L32: =IF(('Hampshire Daily'!M35-'Hampshire Daily'!M34<0),"0",('Hampshire Daily'!M35-'Hampshire Daily'!M34)) -> 0 | M32: =IF(('Hampshire Daily'!N35-'Hampshire Daily'!N34<0),"0",('Hampshire Daily'!N35-'Hampshire Daily'!N34)) -> 2402 | N32: =IF(('Hampshire Daily'!O35-'Hampshire Daily'!O34<0),"0",('Hampshire Daily'!O35-'Hampshire Daily'!O34)) -> 108 | ... Q32: =IF(('Hampshire Daily'!R35-'Hampshire Daily'!R34<0),"0",('Hampshire Daily'!R35-'Hampshire Daily'!R34)) -> 3 | R32: =IF(('Hampshire Daily'!U35-'Hampshire Daily'!U34<0),"0",('Hampshire Daily'!U35-'Hampshire Daily'!U34)) -> 9 | S32: =IF(('Hampshire Daily'!V35-'Hampshire Daily'!V34<0),"0",('Hampshire Daily'!V35-'Hampshire Daily'!V34)) -> 1 | T32: =IF(('Hampshire Daily'!W35-'Hampshire Daily'!W34<0),"0",('Hampshire Daily'!W35-'Hampshire Daily'!W34)) -> 0 | U32: =IF(('Hampshire Daily'!X35-'Hampshire Daily'!X34<0),"0",('Hampshire Daily'!X35-'Hampshire Daily'!X34)) -> 0.579 | V32: =IF(('Hampshire Daily'!Y35-'Hampshire Daily'!Y34<0),"0",('Hampshire Daily'!Y35-'Hampshire Daily'!Y34)) -> 0.019 | W32: =IF(('Hampshire Daily'!Z35-'Hampshire Daily'!Z34<0),"0",('Hampshire Daily'!Z35-'Hampshire Daily'!Z34)) -> 18 | X32: =IF(('Hampshire Daily'!AA35-'Hampshire Daily'!AA34<0),"0",('Hampshire Daily'!AA35-'Hampshire Daily'!AA34)) -> 5 | Y32: ='Hampshire Daily'!B35 -> 105 | Z32: ='Hampshire Daily'!C35 -> 298

Sheet TOTAL
A1: Site Name | B1: Day | C1: Month | D1: Year | E1: Total Electricity Kwh | F1: Electricity Tariff ($/Kwh) | G1: Natual Gas (m3) | H1: Natural Gas $/m3 | I1: Water Utility Supply (m3) m3 | J1: Water Utility Supply (m3) $/m3 | K1: Room Nights | L1: Total Guests
A2: Hampshire | B2: 1 | C2: 5 | D2: 2021 | E2: =(Submetering!E2+Submetering!F2) -> 1335 | F2: 0.14 | G2: =Submetering!M2 -> 2233 | H2: 0.16 | I2: =Submetering!N2 -> 40 | J2: 2.06 | K2: ='Hampshire Daily'!B5 -> 10 | L2: ='Hampshire Daily'!C5 -> 10
A3: Hampshire | B3: =B2+1 -> 2 | C3: 5 | D3: 2021 | E3: =Submetering!E3+Submetering!F3 -> 1370 | F3: 0.14 | G3: =Submetering!M3 -> 2258 | H3: 0.16 | I3: =Submetering!N3 -> 33 | J3: 2.06 | K3: ='Hampshire Daily'!B6 -> 10 | L3: ='Hampshire Daily'!C6 -> 10
A4: Hampshire | B4: =B3+1 -> 3 | C4: 5 | D4: 2021 | E4: =Submetering!E4+Submetering!F4 -> 1379 | F4: 0.14 | G4: =Submetering!M4 -> 2177 | H4: 0.16 | I4: =Submetering!N4 -> 36 | J4: 2.06 | K4: ='Hampshire Daily'!B7 -> 10 | L4: ='Hampshire Daily'!C7 -> 10
A5: Hampshire | B5: =B4+1 -> 4 | C5: 5 | D5: 2021 | E5: =Submetering!E5+Submetering!F5 -> 1173 | F5: 0.14 | G5: =Submetering!M5 -> 2083 | H5: 0.16 | I5: =Submetering!N5 -> 33 | J5: 2.06 | K5: ='Hampshire Daily'!B8 -> 10 | L5: ='Hampshire Daily'!C8 -> 10
A6: Hampshire | B6: =B5+1 -> 5 | C6: 5 | D6: 2021 | E6: =Submetering!E6+Submetering!F6 -> 1670 | F6: 0.14 | G6: =Submetering!M6 -> 2313 | H6: 0.16 | I6: =Submetering!N6 -> 42 | J6: 2.06 | K6: ='Hampshire Daily'!B9 -> 10 | L6: ='Hampshire Daily'!C9 -> 10
A7: Hampshire | B7: =B6+1 -> 6 | C7: 5 | D7: 2021 | E7: =Submetering!E7+Submetering!F7 -> 1492 | F7: 0.14 | G7: =Submetering!M7 -> 2561 | H7: 0.16 | I7: =Submetering!N7 -> 40 | J7: 2.06 | K7: ='Hampshire Daily'!B10 -> 10 | L7: ='Hampshire Daily'!C10 -> 10
A8: Hampshire | B8: =B7+1 -> 7 | C8: 5 | D8: 2021 | E8: =Submetering!E8+Submetering!F8 -> 1493 | F8: 0.14 | G8: =Submetering!M8 -> 2561 | H8: 0.16 | I8: =Submetering!N8 -> 40 | J8: 2.06 | K8: ='Hampshire Daily'!B11 -> 10 | L8: ='Hampshire Daily'!C11 -> 10
A9: Hampshire | B9: =B8+1 -> 8 | C9: 5 | D9: 2021 | E9: =Submetering!E9+Submetering!F9 -> 1894 | F9: 0.14 | G9: =Submetering!M9 -> 2283 | H9: 0.16 | I9: =Submetering!N9 -> 44 | J9: 2.06 | K9: ='Hampshire Daily'!B12 -> 10 | L9: ='Hampshire Daily'!C12 -> 10
A10: Hampshire | B10: =B9+1 -> 9 | C10: 5 | D10: 2021 | E10: =Submetering!E10+Submetering!F10 -> 1732 | F10: 0.14 | G10: =Submetering!M10 -> 2162 | H10: 0.16 | I10: =Submetering!N10 -> 34 | J10: 2.06 | K10: ='Hampshire Daily'!B13 -> 10 | L10: ='Hampshire Daily'!C13 -> 10
A11: Hampshire | B11: =B10+1 -> 10 | C11: 5 | D11: 2021 | E11: =Submetering!E11+Submetering!F11 -> 1375 | F11: 0.14 | G11: =Submetering!M11 -> 2085 | H11: 0.16 | I11: =Submetering!N11 -> 34 | J11: 2.06 | K11: ='Hampshire Daily'!B14 -> 10 | L11: ='Hampshire Daily'!C14 -> 10
A12: Hampshire | B12: =B11+1 -> 11 | C12: 5 | D12: 2021 | E12: =Submetering!E12+Submetering!F12 -> 1889 | F12: 0.14 | G12: =Submetering!M12 -> 2189 | H12: 0.16 | I12: =Submetering!N12 -> 63 | J12: 2.06 | K12: ='Hampshire Daily'!B15 -> 10 | L12: ='Hampshire Daily'!C15 -> 10
A13: Hampshire | B13: =B12+1 -> 12 | C13: 5 | D13: 2021 | E13: =Submetering!E13+Submetering!F13 -> 3310 | F13: 0.14 | G13: =Submetering!M13 -> 1809 | H13: 0.16 | I13: =Submetering!N13 -> 39 | J13: 2.06 | K13: ='Hampshire Daily'!B16 -> 10 | L13: ='Hampshire Daily'!C16 -> 10
A14: Hampshire | B14: =B13+1 -> 13 | C14: 5 | D14: 2021 | E14: =Submetering!E14+Submetering!F14 -> 2506 | F14: 0.14 | G14: =Submetering!M14 -> 2380 | H14: 0.16 | I14: =Submetering!N14 -> 61 | J14: 2.06 | K14: ='Hampshire Daily'!B17 -> 10 | L14: ='Hampshire Daily'!C17 -> 10
... A32: Hampshire | B32: =B31+1 -> 31 | C32: 5 | D32: 2021 | E32: =Submetering!E32+Submetering!F32 -> 5036 | F32: 0.14 | G32: =Submetering!M32 -> 2402 | H32: 0.16 | I32: =Submetering!N32 -> 108 | J32: 2.06 | K32: ='Hampshire Daily'!B35 -> 105 | L32: ='Hampshire Daily'!C35 -> 298

Sheet Hampshire Daily
D1: Electrical | N1: Gas | O1: Main Site Water Meter | S1: Water Softener Meter | U1: Hard Water Supply | V1: Pool Supply | W1: LTHW Spa | X1: LTHW East | Y1: Chilled make-up | Z1: Orchard irrigation | AA1: Kids pool | AB1: 42 | AC1: 41
B2: Room Night | C2: Guest | D2: Meter 1 | E2: Check 1 | F2: Meter 2 | G2: Check 2 | H2: East MCC | I2: South MCC 1 | J2: South MCC 2 | K2: West MCC | L2: Kitchen sub meter | M2: Spa electric | P2: Chiller | Q2: Chiller | R2: Chiller | AB2: Spa CHP Electric generated | AC2: East CHP Electric generated
P3: 2 | Q3: 3 | R3: 4
A4: 44316 | B4: 10 | C4: 10 | D4: 312319 | E4: 312813 | F4: 338903 | G4: 338542 | H4: 226799 | I4: 7040691 | J4: 31845 | K4: 4963410 | L4: 639971 | M4: 2628829 | N4: 934976 | O4: 354376 | P4: 1471374 | Q4: 604806 | R4: 677 | S4: 329820 | T4: 31354 | U4: 50468 | V4: 30535 | W4: 489.642 | X4: 896.439 | Y4: 3885.117 | Z4: 2158 | AA4: 1366 | AB4: 2645 | AC4: 2417
A5: 44317 | B5: 10 | C5: 10 | D5: 313260 | E5: 313756 | F5: 339297 | G5: 338936 | H5: 226799 | L5: =L4+361 -> 640332 | M5: 2628829 | N5: 937209 | O5: 354416 | P5: 1471374 | Q5: 604806 | R5: 677 | S5: 329827 | T5: 31372 | U5: 50472 | V5: 30535 | W5: 489.642 | X5: 896.751 | Y5: 3885.117 | Z5: 2159 | AA5: 1372 | AB5: 2489 | AC5: 2305
A6: 44318 | B6: 10 | C6: 10 | D6: 314242 | E6: 314740 | F6: 339685 | G6: 339324 | H6: 226799 | L6: =L5+361 -> 640693 | M6: 2628829 | N6: 939467 | O6: 354449 | P6: 1471374 | Q6: 604806 | R6: 677 | S6: 329829 | T6: 31385 | U6: 50475 | V6: 30536 | W6: 489.642 | X6: 897.098 | Y6: 3885.117 | Z6: 2161 | AA6: 1375 | AB6: 2398 | AC6: 2134
A7: 44319 | B7: 10 | C7: 10 | D7: 315234 | E7: 315734 | F7: 340072 | G7: 339710 | H7: 226799 | L7: =L6+361 -> 641054 | M7: 2628829 | N7: 941644 | O7: 354485 | P7: 1471374 | Q7: 604806 | R7: 677 | S7: 329829 | T7: 31396 | U7: 50479 | V7: 30546 | W7: 489.642 | X7: 897.417 | Y7: 3885.117 | Z7: 2163 | AA7: 1377 | AB7: 2397 | AC7: 2207
A8: 44320 | B8: 10 | C8: 10 | D8: 316133 | E8: 316634 | F8: 340346 | G8: 340074 | H8: 226799 | L8: =L7+361 -> 641415 | M8: 2628829 | N8: 943727 | O8: 354518 | P8: 1471374 | Q8: 604806 | R8: 677 | S8: 329838 | T8: 31417 | U8: 50483 | V8: 30547 | W8: 489.642 | X8: 897.676 | Y8: 3885.117 | Z8: 2165 | AA8: 1387 | AB8: 2396 | AC8: 2369
A9: 44321 | B9: 10 | C9: 10 | D9: 317237 | E9: 317741 | F9: 340912 | G9: 340550 | H9: 226816 | L9: =L8+361 -> 641776 | M9: 2628856 | N9: 946040 | O9: 354560 | P9: 1471374 | Q9: 604806 | R9: 677 | S9: 329842 | T9: 31433 | U9: 50487 | V9: 30548 | W9: 489.714 | X9: 897.95 | Y9: 3885.117 | Z9: 2166 | AA9: 1392 | AB9: 2722 | AC9: 2636
A10: 44322 | B10: 10 | C10: 10 | D10: 318319 | E10: 318824 | F10: 341322 | G10: 340960 | H10: 226816 | L10: =L9+361 -> 642137 | M10: 2628856 | N10: 948601 | O10: 354600 | P10: 1471374 | Q10: 604806 | R10: 677 | S10: 329857 | T10: 31458 | U10: 50491.5 | V10: 30548.5 | W10: 489.714 | X10: 898.35 | Y10: 3885.117 | Z10: 2168 | AA10: 1395 | AB10: 2855 | AC10: 2631
A11: 44323 | B11: 10 | C11: 10 | D11: 319401 | E11: 319908 | F11: 341733 | G11: 341370 | H11: 226816 | L11: 642503 | M11: 2628856 | N11: 951162 | O11: 354640 | P11: 1471374 | Q11: 604806 | R11: 677 | S11: 329872 | T11: 31483 | U11: 50496 | V11: 30549 | W11: 489.714 | X11: 898.799 | Y11: 3885.117 | Z11: 2170 | AA11: 1399 | AB11: 2906 | AC11: 2532
A12: 44324 | B12: 10 | C12: 10 | D12: 320920 | E12: 321430 | F12: 342108 | G12: 341745 | H12: 226816 | L12: =L11+352 -> 642855 | M12: 2628856 | N12: 953445 | O12: 354684 | P12: 1471374 | Q12: 604806 | R12: 677 | S12: 329874 | T12: 31498 | U12: 50500 | V12: 30550 | W12: 489.714 | X12: 899.128 | Y12: 3885.117 | Z12: 2171 | AA12: 1403 | AB12: 2896 | AC12: 2483
A13: 44325 | B13: 10 | C13: 10 | D13: 322269 | E13: 322781 | F13: 342491 | G13: 342128 | H13: 226816 | L13: =L12+352 -> 643207 | M13: 2628856 | N13: 955607 | O13: 354718 | P13: 1471374 | Q13: 604806 | R13: 677 | S13: 329874 | T13: 31511 | U13: 50504 | V13: 30551 | W13: 489.714 | X13: 899.494 | Y13: 3885.117 | Z13: 2173 | AA13: 1409 | AB13: 2737 | AC13: 2311
A14: 44326 | B14: 10 | C14: 10 | D14: 323271 | E14: 323785 | F14: 342864 | G14: 342500 | H14: 226816 | L14: =L13+352 -> 643559 | M14: 2628856 | N14: 957692 | O14: 354752 | P14: 1471374 | Q14: 604806 | R14: 677 | S14: 329875 | T14: 31522 | U14: 50507 | V14: 30563 | W14: 489.117 | X14: 899.891 | Y14: 3885.117 | Z14: 2175 | AA14: 1415 | AB14: 2690 | AC14: 2480
A15: 44327 | B15: 10 | C15: 10 | D15: 323801 | E15: 324877 | F15: 344223 | G15: =G14+1395 -> 343895 | H15: 226816 | L15: =L14+352 -> 643911 | M15: 2628927 | N15: 959881 | O15: 354815 | P15: 1471374 | Q15: 604806 | R15: 677 | S15: 329884 | T15: 31551 | U15: 50513 | V15: 30563 | W15: 489.714 | X15: 900.289 | Y15: 3885.117 | Z15: 2176 | AA15: 1418 | AB15: 2392 | AC15: 1281
A16: 44328 | B16: 10 | C16: 10 | D16: 325678 | E16: 326196 | F16: 345656 | G16: 345290 | H16: 227242 | L16: =L15+352 -> 644263 | M16: 2628927 | N16: 961690 | O16: 354854 | P16: 1471374 | Q16: 604806 | R16: 677 | S16: 329900 | T16: 31572 | U16: 50517 | V16: 30565 | W16: 489.714 | X16: 901.282 | Y16: 3885.117 | Z16: 2178 | AA16: 1422 | AB16: 2813 | AC16: 2061
A17: 44329 | B17: 10 | C17: 10 | D17: 327568 | E17: 328089 | F17: 346272 | G17: 345905 | H17: 227260 | L17: =L16+352 -> 644615 | M17: 2628927 | N17: 964070 | O17: 354915 | P17: 1471374 | Q17: 604960 | R17: 679 | S17: 329925 | T17: 31610 | U17: 50524 | V17: 30566 | W17: 489.714 | X17: 901.929 | Y17: 3885.689 | Z17: 2179 | AA17: 1427 | AB17: 2907 | AC17: 3450
A18: 44330 | B18: 10 | C18: 10 | D18: 329957 | E18: 330482 | F18: 346881 | G18: 346886 | H18: 227260 | L18: =L17+352 -> 644967 | M18: 2628927 | N18: 966610 | O18: 354986 | P18: 1471374 | Q18: 605065 | R18: 682 | S18: 329949 | T18: 31640 | U18: 50530 | V18: 30567 | W18: 489.714 | X18: 902.49 | Y18: 3885.689 | Z18: 2181 | AA18: 1431 | AB18: 2905 | AC18: 3426
A19: 44331 | B19: 10 | C19: 10 | D19: 332420 | E19: 332949 | F19: 347689 | G19: 347321 | H19: 227260 | L19: =L18+352 -> 645319 | M19: 2628927 | N19: 969102 | O19: 355019 | P19: 1471374 | Q19: 605191 | R19: 686 | S19: 329963 | T19: 31664 | U19: 50535 | V19: 30569 | W19: 489.714 | X19: 902.996 | Y19: 3885.761 | Z19: 2182 | AA19: 1436 | AB19: 2915 | AC19: 3438
A20: 44332 | B20: 10 | C20: 10 | D20: 334676 | E20: 335209 | F20: 348554 | G20: 348185 | H20: 227260 | L20: =L19+352 -> 645671 | M20: 2628927 | N20: 971535 | O20: 355056 | P20: 1471374 | Q20: 605278 | R20: 689 | S20: 329972 | T20: 31681 | U20: 50543 | V20: 30570 | W20: 489.714 | X20: 903.502 | Y20: 3885.761 | Z20: 2183 | AA20: 1439 | AB20: 2902 | AC20: 3445
A21: 44333 | B21: 43 | C21: 107 | D21: 336785 | E21: 337332 | F21: 349409 | G21: 349040 | H21: 227260 | L21: 646028 | M21: 2628927 | N21: 973966 | O21: 355090 | P21: 1471374 | Q21: 605327 | R21: 693 | S21: 329976 | T21: 31699 | U21: 50548 | V21: 30573 | W21: 489.714 | X21: 903.925 | Y21: 3885.833 | Z21: 2184 | AA21: 1445 | AB21: 2564 | AC21: 3421
A22: 44334 | B22: 63 | C22: 135 | D22: 339448 | E22: 339989 | F22: 350652 | G22: 350282 | H22: 227261 | L22: 646940 | M22: 2628999 | N22: 976412 | O22: 355164 | P22: 1471374 | Q22: 605345 | R22: 696 | S22: 330001 | T22: 31736 | U22: 50555 | V22: 30574 | W22: 489.714 | X22: 904.545 | Y22: 3885.833 | Z22: 2264 | AA22: 1449 | AB22: 2858 | AC22: 3252
A23: 44335 | B23: 62 | C23: 155 | D23: 341872 | E23: 342417 | F23: 352389 | G23: 352017 | H23: 227310 | L23: =L22+1296 -> 648236 | M23: 2629009 | N23: 978880 | O23: 355272 | P23: 1471380 | Q23: 605404 | R23: 700 | S23: 330042 | T23: 31784 | U23: 50563 | V23: 30576 | W23: 489.714 | X23: 905.292 | Y23: 3885.901 | Z23: 2228 | AA23: 1454 | AB23: 2897 | AC23: 3525
A24: 44336 | B24: 63 | C24: 162 | D24: 344561 | E24: 345111 | F24: 354064 | G24: 353691 | H24: 227310 | L24: =L23+1296 -> 649532 | M24: 2629009 | N24: 981438 | O24: 355375 | P24: 1471380 | Q24: 605527 | R24: 703 | S24: 330089 | T24: 31837 | U24: 50572 | V24: 30578 | W24: 489.714 | X24: 906.083 | Y24: 3886.044 | Z24: 2252 | AA24: 1462 | AB24: 2893 | AC24: 3582
A25: 44337 | B25: 102 | C25: 273 | D25: 347014 | E25: 347567 | F25: 355758 | G25: 355383 | H25: 227310 | L25: =L24+1296 -> 650828 | M25: 2629009 | N25: 983997 | O25: 355466 | P25: 1471380 | Q25: 605622 | R25: 706 | S25: 330135 | T25: 31886 | U25: 50581 | V25: 30579 | W25: 489.714 | X25: 906.754 | Y25: 3886.044 | Z25: 2273 | AA25: 1466 | AB25: 2867 | AC25: 3590
A26: 44338 | B26: 121 | C26: 314 | D26: 349771 | E26: 350329 | F26: 357702 | G26: 357325 | H26: 227310 | L26: 651747 | M26: 2629009 | N26: 986821 | O26: 355620 | P26: 1471380 | Q26: 605630 | R26: 710 | S26: 330201 | T26: 31959 | U26: 50591 | V26: 30580 | W26: 489.714 | X26: 907.454 | Y26: 3886.167 | Z26: 2295 | AA26: 1472 | AB26: 2913 | AC26: 3594
A27: 44339 | B27: 48 | C27: 141 | D27: 352466 | E27: 353029 | F27: 359780 | G27: 359402 | H27: 227310 | L27: 653265 | M27: 2629009 | N27: 989568 | O27: 355703 | P27: 1471380 | Q27: 605697 | R27: 713 | S27: 330274 | T27: 32036 | U27: 50601 | V27: 30582 | W27: 489.714 | X27: 908.113 | Y27: 3886.167 | Z27: 2315 | AA27: 1476 | AB27: 2896 | AC27: 3592
A28: 44340 | B28: 51 | C28: 142 | D28: 354627 | E28: 355194 | F28: 361578 | G28: 361198 | H28: 227310 | L28: 654545 | M28: 2629009 | N28: 992271 | O28: 355788 | P28: 1471388 | Q28: 605834 | R28: 715 | S28: 330338 | T28: 32107 | U28: 50610 | V28: 30583 | W28: 489.714 | X28: 908.765 | Y28: 3886.22 | Z28: 2335 | AA28: 1481 | AB28: 2511 | AC28: 3149
A29: 44341 | B29: 67 | C29: 169 | D29: 357229 | E29: 357800 | F29: 364860 | G29: 364476 | H29: 227618 | L29: =L28+1296 -> 655841 | M29: 2629093 | N29: 994540 | O29: 355891 | P29: 1471388 | Q29: 606055 | R29: 717 | S29: 330386 | T29: 32160 | U29: 50619 | V29: 30584 | W29: 489.714 | X29: 909.091 | Y29: 3886.584 | Z29: 2355 | AA29: 1490 | AB29: 2854 | AC29: 2069
A30: 44342 | B30: 67 | C30: 173 | D30: 359495 | E30: 360070 | F30: 367091 | G30: 364476 | H30: 227624 | L30: =L29+1296 -> 657137 | M30: 2629093 | N30: =N29+1267 -> 995807 | O30: 355955 | P30: 1471388 | Q30: 606368 | R30: 719.5 | S30: 330450 | T30: 32227 | U30: 50629 | V30: 30585.5 | W30: 489.714 | X30: 909.691 | Y30: 3886.664 | Z30: 2378 | AA30: 1494.5 | AB30: 2879 | AC30: 3544
A31: 44343 | B31: 75 | C31: 200 | D31: 362862 | E31: 363442 | F31: 369322 | G31: 368934 | H31: 227660 | L31: =L30+1296 -> 658433 | M31: 2629097 | N31: 997074 | O31: 356019 | P31: 1471388 | Q31: 606682 | R31: 722 | S31: 330515 | T31: 32295 | U31: 50640 | V31: 30587 | W31: 489.714 | X31: 910.489 | Y31: 3886.753 | Z31: 2401 | AA31: 1499 | AB31: 2871 | AC31: 3593
A32: 44344 | B32: 107 | C32: 271 | D32: 364666 | E32: 365249 | F32: 370680 | G32: 370291 | H32: 227660 | L32: =L31+1296 -> 659729 | M32: 2629106 | N32: 1002142 | O32: 356219 | P32: 1471388 | Q32: 606827 | R32: 724 | S32: 330550 | T32: 32334 | U32: 50646 | V32: 30588 | W32: 489.714 | X32: 910.941 | Y32: 3886.801 | Z32: 2416 | AA32: 1505 | AB32: 2876 | AC32: 3598
A33: 44345 | B33: 108 | C33: 310 | D33: 367944 | E33: 368532 | F33: 373018 | G33: 372627 | H33: 227660 | L33: =L32+1296 -> 661025 | M33: 2629106 | N33: 1004649 | O33: 356409 | P33: 1471388 | Q33: 607253 | R33: 728 | S33: 330616 | T33: 32407 | U33: 50657 | V33: 30590 | W33: 489.714 | X33: 911.459 | Y33: 3886.801 | Z33: 2439 | AA33: 1509.5 | AB33: 2929 | AC33: 3600
A34: 44346 | B34: 111 | C34: 322 | D34: 371119 | E34: 371711 | F34: 375286 | G34: 374893 | H34: 227660 | L34: =L33+1296 -> 662321 | M34: 2629106 | N34: 1007183 | O34: 356516 | P34: 1471388 | Q34: 607714 | R34: 732 | S34: 330690 | T34: 32492 | U34: 50668 | V34: 30591 | W34: 489.714 | X34: 912.031 | Y34: 3886.959 | Z34: 2456 | AA34: 1519 | AB34: 2914 | AC34: 3598
A35: 44347 | B35: 105 | C35: 298 | D35: 373979 | E35: 374576 | F35: 377462 | G35: 377067 | H35: 227660 | L35: 663623 | M35: 2629106 | N35: 1009585 | O35: 356624 | P35: 1471388 | Q35: 608055 | R35: 735 | S35: 330773 | T35: 32575 | U35: 50677 | V35: 30592 | W35: 489.714 | X35: 912.61 | Y35: 3886.978 | Z35: 2474 | AA35: 1524 | AB35: 2868 | AC35: 3544
