Workbook

Sheet Total Daily 
A1: Site Name | B1: Day | C1: Month | D1: Year | E1: Total Electricity Kwh | F1: Electricity Tariff ($/Kwh) | G1: LPG (Kg) | H1: LPG $/Kg | I1: District Energy Cooling Kwh | J1: District Energy Cooling $/Kwh | K1: Water Utility Supply (m3) m3 | L1: Water Utility Supply (m3) m3 | M1: Water Utility Supply (m3) $/m3 | N1: Room Nights
A2: Dubai DIFC | B2: 1 | C2: 6 | D2: 2021 | E2: ='6 - 2021'!B8-'6 - 2021'!B7+'6 - 2021'!C8-'6 - 2021'!C7 -> 10003 | F2: 0.118 | G2: ='6 - 2021'!D8-'6 - 2021'!D7+'6 - 2021'!E8-'6 - 2021'!E7 -> 25.42 | H2: 0.99 | I2: ='6 - 2021'!J8-'6 - 2021'!J7 -> 34243 | J2: 0.081 | K2: ='6 - 2021'!H8-'6 - 2021'!H7 -> 0 | L2: ='6 - 2021'!I8-'6 - 2021'!I7 -> 119 | M2: 4.3936294 | N2: 94
A3: Dubai DIFC | B3: =B2+1 -> 2 | C3: 6 | D3: 2021 | E3: ='6 - 2021'!B9-'6 - 2021'!B8+'6 - 2021'!C9-'6 - 2021'!C8 -> 9560 | F3: 0.118 | G3: ='6 - 2021'!D9-'6 - 2021'!D8+'6 - 2021'!E9-'6 - 2021'!E8 -> 24.46 | H3: 0.99 | I3: ='6 - 2021'!J9-'6 - 2021'!J8 -> 34310 | J3: 0.081 | K3: ='6 - 2021'!H9-'6 - 2021'!H8 -> 0 | L3: ='6 - 2021'!I9-'6 - 2021'!I8 -> 112 | M3: 4.3936294 | N3: 90
A4: Dubai DIFC | B4: =B3+1 -> 3 | C4: 6 | D4: 2021 | E4: ='6 - 2021'!B10-'6 - 2021'!B9+'6 - 2021'!C10-'6 - 2021'!C9 -> 9650 | F4: 0.118 | G4: ='6 - 2021'!D10-'6 - 2021'!D9+'6 - 2021'!E10-'6 - 2021'!E9 -> 22.3 | H4: 0.99 | I4: ='6 - 2021'!J10-'6 - 2021'!J9 -> 38930 | J4: 0.081 | K4: ='6 - 2021'!H10-'6 - 2021'!H9 -> 0 | L4: ='6 - 2021'!I10-'6 - 2021'!I9 -> 108 | M4: 4.3936294 | N4: 94
A5: Dubai DIFC | B5: =B4+1 -> 4 | C5: 6 | D5: 2021 | E5: ='6 - 2021'!B11-'6 - 2021'!B10+'6 - 2021'!C11-'6 - 2021'!C10 -> 10695 | F5: 0.118 | G5: ='6 - 2021'!D11-'6 - 2021'!D10+'6 - 2021'!E11-'6 - 2021'!E10 -> 28.99 | H5: 0.99 | I5: ='6 - 2021'!J11-'6 - 2021'!J10 -> 41096 | J5: 0.081 | K5: ='6 - 2021'!H11-'6 - 2021'!H10 -> 0 | L5: ='6 - 2021'!I11-'6 - 2021'!I10 -> 111 | M5: 4.3936294 | N5: 81
A6: Dubai DIFC | B6: =B5+1 -> 5 | C6: 6 | D6: 2021 | E6: ='6 - 2021'!B12-'6 - 2021'!B11+'6 - 2021'!C12-'6 - 2021'!C11 -> 9150 | F6: 0.118 | G6: ='6 - 2021'!D12-'6 - 2021'!D11+'6 - 2021'!E12-'6 - 2021'!E11 -> 29.62 | H6: 0.99 | I6: ='6 - 2021'!J12-'6 - 2021'!J11 -> 36810 | J6: 0.081 | K6: ='6 - 2021'!H12-'6 - 2021'!H11 -> 0 | L6: ='6 - 2021'!I12-'6 - 2021'!I11 -> 125 | M6: 4.3936294 | N6: 73
A7: Dubai DIFC | B7: =B6+1 -> 6 | C7: 6 | D7: 2021 | E7: ='6 - 2021'!B13-'6 - 2021'!B12+'6 - 2021'!C13-'6 - 2021'!C12 -> 9497 | F7: 0.118 | G7: ='6 - 2021'!D13-'6 - 2021'!D12+'6 - 2021'!E13-'6 - 2021'!E12 -> 27.58 | H7: 0.99 | I7: ='6 - 2021'!J13-'6 - 2021'!J12 -> 40735 | J7: 0.081 | K7: ='6 - 2021'!H13-'6 - 2021'!H12 -> 0 | L7: ='6 - 2021'!I13-'6 - 2021'!I12 -> 98 | M7: 4.3936294 | N7: 65
A8: Dubai DIFC | B8: =B7+1 -> 7 | C8: 6 | D8: 2021 | E8: ='6 - 2021'!B14-'6 - 2021'!B13+'6 - 2021'!C14-'6 - 2021'!C13 -> 10073 | F8: 0.118 | G8: ='6 - 2021'!D14-'6 - 2021'!D13+'6 - 2021'!E14-'6 - 2021'!E13 -> 31.91 | H8: 0.99 | I8: ='6 - 2021'!J14-'6 - 2021'!J13 -> 40520 | J8: 0.081 | K8: ='6 - 2021'!H14-'6 - 2021'!H13 -> 0 | L8: ='6 - 2021'!I14-'6 - 2021'!I13 -> 117 | M8: 4.3936294 | N8: 75
A9: Dubai DIFC | B9: =B8+1 -> 8 | C9: 6 | D9: 2021 | E9: ='6 - 2021'!B15-'6 - 2021'!B14+'6 - 2021'!C15-'6 - 2021'!C14 -> 9624 | F9: 0.118 | G9: ='6 - 2021'!D15-'6 - 2021'!D14+'6 - 2021'!E15-'6 - 2021'!E14 -> 28.43 | H9: 0.99 | I9: ='6 - 2021'!J15-'6 - 2021'!J14 -> 40255 | J9: 0.081 | K9: ='6 - 2021'!H15-'6 - 2021'!H14 -> 0 | L9: ='6 - 2021'!I15-'6 - 2021'!I14 -> 101 | M9: 4.3936294 | N9: 73
A10: Dubai DIFC | B10: =B9+1 -> 9 | C10: 6 | D10: 2021 | E10: ='6 - 2021'!B16-'6 - 2021'!B15+'6 - 2021'!C16-'6 - 2021'!C15 -> 10873 | F10: 0.118 | G10: ='6 - 2021'!D16-'6 - 2021'!D15+'6 - 2021'!E16-'6 - 2021'!E15 -> 28.22 | H10: 0.99 | I10: ='6 - 2021'!J16-'6 - 2021'!J15 -> 46276 | J10: 0.081 | K10: ='6 - 2021'!H16-'6 - 2021'!H15 -> 0 | L10: ='6 - 2021'!I16-'6 - 2021'!I15 -> 120 | M10: 4.3936294 | N10: 85
A11: Dubai DIFC | B11: =B10+1 -> 10 | C11: 6 | D11: 2021 | E11: ='6 - 2021'!B17-'6 - 2021'!B16+'6 - 2021'!C17-'6 - 2021'!C16 -> 8603 | F11: 0.118 | G11: ='6 - 2021'!D17-'6 - 2021'!D16+'6 - 2021'!E17-'6 - 2021'!E16 -> 25.62 | H11: 0.99 | I11: ='6 - 2021'!J17-'6 - 2021'!J16 -> 34119 | J11: 0.081 | K11: ='6 - 2021'!H17-'6 - 2021'!H16 -> 0 | L11: ='6 - 2021'!I17-'6 - 2021'!I16 -> 93 | M11: 4.3936294 | N11: 80
A12: Dubai DIFC | B12: =B11+1 -> 11 | C12: 6 | D12: 2021 | E12: ='6 - 2021'!B18-'6 - 2021'!B17+'6 - 2021'!C18-'6 - 2021'!C17 -> 9586 | F12: 0.118 | G12: ='6 - 2021'!D18-'6 - 2021'!D17+'6 - 2021'!E18-'6 - 2021'!E17 -> 24.72 | H12: 0.99 | I12: ='6 - 2021'!J18-'6 - 2021'!J17 -> 38243 | J12: 0.081 | K12: ='6 - 2021'!H18-'6 - 2021'!H17 -> 0 | L12: ='6 - 2021'!I18-'6 - 2021'!I17 -> 98 | M12: 4.3936294 | N12: 70
A13: Dubai DIFC | B13: =B12+1 -> 12 | C13: 6 | D13: 2021 | E13: ='6 - 2021'!B19-'6 - 2021'!B18+'6 - 2021'!C19-'6 - 2021'!C18 -> 9730 | F13: 0.118 | G13: ='6 - 2021'!D19-'6 - 2021'!D18+'6 - 2021'!E19-'6 - 2021'!E18 -> 26.67 | H13: 0.99 | I13: ='6 - 2021'!J19-'6 - 2021'!J18 -> 37492 | J13: 0.081 | K13: ='6 - 2021'!H19-'6 - 2021'!H18 -> 0 | L13: ='6 - 2021'!I19-'6 - 2021'!I18 -> 102 | M13: 4.3936294 | N13: 76
A14: Dubai DIFC | B14: =B13+1 -> 13 | C14: 6 | D14: 2021 | E14: ='6 - 2021'!B20-'6 - 2021'!B19+'6 - 2021'!C20-'6 - 2021'!C19 -> 9282 | F14: 0.118 | G14: ='6 - 2021'!D20-'6 - 2021'!D19+'6 - 2021'!E20-'6 - 2021'!E19 -> 22.88 | H14: 0.99 | I14: ='6 - 2021'!J20-'6 - 2021'!J19 -> 38188 | J14: 0.081 | K14: ='6 - 2021'!H20-'6 - 2021'!H19 -> 0 | L14: ='6 - 2021'!I20-'6 - 2021'!I19 -> 100 | M14: 4.3936294 | N14: 50
... A23: Dubai DIFC | B23: =B22+1 -> 22 | C23: 6 | D23: 2021 | E23: ='6 - 2021'!B29-'6 - 2021'!B28+'6 - 2021'!C29-'6 - 2021'!C28 -> 9656 | F23: 0.118 | G23: ='6 - 2021'!D29-'6 - 2021'!D28+'6 - 2021'!E29-'6 - 2021'!E28 -> 20.8 | H23: 0.99 | I23: ='6 - 2021'!J29-'6 - 2021'!J28 -> 37024 | J23: 0.081 | K23: ='6 - 2021'!H29-'6 - 2021'!H28 -> 0 | L23: ='6 - 2021'!I29-'6 - 2021'!I28 -> 101 | M23: 4.3936294 | N23: 76
A24: Dubai DIFC | B24: =B23+1 -> 23 | C24: 6 | D24: 2021 | E24: 0 | F24: 0.118 | G24: 0 | H24: 0.99 | I24: 0 | J24: 0.081 | K24: 0 | L24: 0 | M24: 4.3936294
A25: Dubai DIFC | B25: =B24+1 -> 24 | C25: 6 | D25: 2021 | E25: ='6 - 2021'!B31-'6 - 2021'!B30+'6 - 2021'!C31-'6 - 2021'!C30 -> 0 | F25: 0.118 | G25: ='6 - 2021'!D31-'6 - 2021'!D30+'6 - 2021'!E31-'6 - 2021'!E30 -> 0 | H25: 0.99 | I25: ='6 - 2021'!J31-'6 - 2021'!J30 -> 0 | J25: 0.081 | K25: ='6 - 2021'!H31-'6 - 2021'!H30 -> 0 | L25: ='6 - 2021'!I31-'6 - 2021'!I30 -> 0 | M25: 4.3936294
A26: Dubai DIFC | B26: =B25+1 -> 25 | C26: 6 | D26: 2021 | E26: ='6 - 2021'!B32-'6 - 2021'!B31+'6 - 2021'!C32-'6 - 2021'!C31 -> 0 | F26: 0.118 | G26: ='6 - 2021'!D32-'6 - 2021'!D31+'6 - 2021'!E32-'6 - 2021'!E31 -> 0 | H26: 0.99 | I26: ='6 - 2021'!J32-'6 - 2021'!J31 -> 0 | J26: 0.081 | K26: ='6 - 2021'!H32-'6 - 2021'!H31 -> 0 | L26: ='6 - 2021'!I32-'6 - 2021'!I31 -> 0 | M26: 4.3936294
A27: Dubai DIFC | B27: =B26+1 -> 26 | C27: 6 | D27: 2021 | E27: ='6 - 2021'!B33-'6 - 2021'!B32+'6 - 2021'!C33-'6 - 2021'!C32 -> 0 | F27: 0.118 | G27: ='6 - 2021'!D33-'6 - 2021'!D32+'6 - 2021'!E33-'6 - 2021'!E32 -> 0 | H27: 0.99 | I27: ='6 - 2021'!J33-'6 - 2021'!J32 -> 0 | J27: 0.081 | K27: ='6 - 2021'!H33-'6 - 2021'!H32 -> 0 | L27: ='6 - 2021'!I33-'6 - 2021'!I32 -> 0 | M27: 4.3936294
A28: Dubai DIFC | B28: =B27+1 -> 27 | C28: 6 | D28: 2021 | E28: ='6 - 2021'!B34-'6 - 2021'!B33+'6 - 2021'!C34-'6 - 2021'!C33 -> 0 | F28: 0.118 | G28: ='6 - 2021'!D34-'6 - 2021'!D33+'6 - 2021'!E34-'6 - 2021'!E33 -> 0 | H28: 0.99 | I28: ='6 - 2021'!J34-'6 - 2021'!J33 -> 0 | J28: 0.081 | K28: ='6 - 2021'!H34-'6 - 2021'!H33 -> 0 | L28: ='6 - 2021'!I34-'6 - 2021'!I33 -> 0 | M28: 4.3936294
A29: Dubai DIFC | B29: =B28+1 -> 28 | C29: 6 | D29: 2021 | E29: ='6 - 2021'!B35-'6 - 2021'!B34+'6 - 2021'!C35-'6 - 2021'!C34 -> 0 | F29: 0.118 | G29: ='6 - 2021'!D35-'6 - 2021'!D34+'6 - 2021'!E35-'6 - 2021'!E34 -> 0 | H29: 0.99 | I29: ='6 - 2021'!J35-'6 - 2021'!J34 -> 0 | J29: 0.081 | K29: ='6 - 2021'!H35-'6 - 2021'!H34 -> 0 | L29: ='6 - 2021'!I35-'6 - 2021'!I34 -> 0 | M29: 4.3936294
A30: Dubai DIFC | B30: =B29+1 -> 29 | C30: 6 | D30: 2021 | E30: ='6 - 2021'!B36-'6 - 2021'!B35+'6 - 2021'!C36-'6 - 2021'!C35 -> 0 | F30: 0.118 | G30: ='6 - 2021'!D36-'6 - 2021'!D35+'6 - 2021'!E36-'6 - 2021'!E35 -> 0 | H30: 0.99 | I30: ='6 - 2021'!J36-'6 - 2021'!J35 -> 0 | J30: 0.081 | K30: ='6 - 2021'!H36-'6 - 2021'!H35 -> 0 | L30: ='6 - 2021'!I36-'6 - 2021'!I35 -> 0 | M30: 4.3936294
A31: Dubai DIFC | B31: =B30+1 -> 30 | C31: 6 | D31: 2021 | E31: ='6 - 2021'!B37-'6 - 2021'!B36+'6 - 2021'!C37-'6 - 2021'!C36 -> 0 | F31: 0.118 | G31: ='6 - 2021'!D37-'6 - 2021'!D36+'6 - 2021'!E37-'6 - 2021'!E36 -> 0 | H31: 0.99 | I31: ='6 - 2021'!J37-'6 - 2021'!J36 -> 0 | J31: 0.081 | K31: ='6 - 2021'!H37-'6 - 2021'!H36 -> 0 | L31: ='6 - 2021'!I37-'6 - 2021'!I36 -> 0 | M31: 4.3936294

Sheet Submetering Daily 
A1: Site Name | B1: Day | C1: Month | D1: Year | E1: Panel LV1 Kwh | F1: Panel LV2 Kwh | G1: Electricity Tariff ($/Kwh) | H1: Main Kitchen LPG (Kg) | I1: Podium Kitchen LPG (Kg) | J1: Boiler LPG (Kg) | K1: LPG $/Kg | L1: Room Nights
A2: Dubai DIFC | B2: 1 | C2: 6 | D2: 2021 | E2: ='6 - 2021'!B8-'6 - 2021'!B7 -> 3671 | F2: ='6 - 2021'!C8-'6 - 2021'!C7 -> 6332 | G2: 0.118 | H2: ='6 - 2021'!E8-'6 - 2021'!E7 -> 25.42 | I2: ='6 - 2021'!F8-'6 - 2021'!F7 -> 5.28 | J2: ='6 - 2021'!G8-'6 - 2021'!G7 -> 26.69 | K2: 0.74 | L2: 94
A3: Dubai DIFC | B3: =B2+1 -> 2 | C3: 6 | D3: 2021 | E3: ='6 - 2021'!B9-'6 - 2021'!B8 -> 3481 | F3: ='6 - 2021'!C9-'6 - 2021'!C8 -> 6079 | G3: 0.118 | H3: ='6 - 2021'!E9-'6 - 2021'!E8 -> 24.46 | I3: ='6 - 2021'!F9-'6 - 2021'!F8 -> 4.27 | J3: ='6 - 2021'!G9-'6 - 2021'!G8 -> 31.82 | K3: 0.74 | L3: 90
A4: Dubai DIFC | B4: =B3+1 -> 3 | C4: 6 | D4: 2021 | E4: ='6 - 2021'!B10-'6 - 2021'!B9 -> 3511 | F4: ='6 - 2021'!C10-'6 - 2021'!C9 -> 6139 | G4: 0.118 | H4: ='6 - 2021'!E10-'6 - 2021'!E9 -> 22.3 | I4: ='6 - 2021'!F10-'6 - 2021'!F9 -> 4.63 | J4: ='6 - 2021'!G10-'6 - 2021'!G9 -> 31.47 | K4: 0.74 | L4: 94
A5: Dubai DIFC | B5: =B4+1 -> 4 | C5: 6 | D5: 2021 | E5: ='6 - 2021'!B11-'6 - 2021'!B10 -> 3741 | F5: ='6 - 2021'!C11-'6 - 2021'!C10 -> 6954 | G5: 0.118 | H5: ='6 - 2021'!E11-'6 - 2021'!E10 -> 28.99 | I5: ='6 - 2021'!F11-'6 - 2021'!F10 -> 7.15 | J5: ='6 - 2021'!G11-'6 - 2021'!G10 -> 34.97 | K5: 0.74 | L5: 81
A6: Dubai DIFC | B6: =B5+1 -> 5 | C6: 6 | D6: 2021 | E6: ='6 - 2021'!B12-'6 - 2021'!B11 -> 3330 | F6: ='6 - 2021'!C12-'6 - 2021'!C11 -> 5820 | G6: 0.118 | H6: ='6 - 2021'!E12-'6 - 2021'!E11 -> 29.62 | I6: ='6 - 2021'!F12-'6 - 2021'!F11 -> 5.72 | J6: ='6 - 2021'!G12-'6 - 2021'!G11 -> 28.67 | K6: 0.74 | L6: 73
A7: Dubai DIFC | B7: =B6+1 -> 6 | C7: 6 | D7: 2021 | E7: ='6 - 2021'!B13-'6 - 2021'!B12 -> 3377 | F7: ='6 - 2021'!C13-'6 - 2021'!C12 -> 6120 | G7: 0.118 | H7: ='6 - 2021'!E13-'6 - 2021'!E12 -> 27.3 | I7: ='6 - 2021'!F13-'6 - 2021'!F12 -> 6.18 | J7: ='6 - 2021'!G13-'6 - 2021'!G12 -> 31.53 | K7: 0.74 | L7: 65
A8: Dubai DIFC | B8: =B7+1 -> 7 | C8: 6 | D8: 2021 | E8: ='6 - 2021'!B14-'6 - 2021'!B13 -> 3620 | F8: ='6 - 2021'!C14-'6 - 2021'!C13 -> 6453 | G8: 0.118 | H8: ='6 - 2021'!E14-'6 - 2021'!E13 -> 31.99 | I8: ='6 - 2021'!F14-'6 - 2021'!F13 -> 7.34 | J8: ='6 - 2021'!G14-'6 - 2021'!G13 -> 38.71 | K8: 0.74 | L8: 75
A9: Dubai DIFC | B9: =B8+1 -> 8 | C9: 6 | D9: 2021 | E9: ='6 - 2021'!B15-'6 - 2021'!B14 -> 3491 | F9: ='6 - 2021'!C15-'6 - 2021'!C14 -> 6133 | G9: 0.118 | H9: ='6 - 2021'!E15-'6 - 2021'!E14 -> 28.47 | I9: ='6 - 2021'!F15-'6 - 2021'!F14 -> 5.83 | J9: ='6 - 2021'!G15-'6 - 2021'!G14 -> 29.7 | K9: 0.74 | L9: 73
A10: Dubai DIFC | B10: =B9+1 -> 9 | C10: 6 | D10: 2021 | E10: ='6 - 2021'!B16-'6 - 2021'!B15 -> 3985 | F10: ='6 - 2021'!C16-'6 - 2021'!C15 -> 6888 | G10: 0.118 | H10: ='6 - 2021'!E16-'6 - 2021'!E15 -> 28.28 | I10: ='6 - 2021'!F16-'6 - 2021'!F15 -> 4.97 | J10: ='6 - 2021'!G16-'6 - 2021'!G15 -> 33.18 | K10: 0.74 | L10: 85
A11: Dubai DIFC | B11: =B10+1 -> 10 | C11: 6 | D11: 2021 | E11: ='6 - 2021'!B17-'6 - 2021'!B16 -> 3185 | F11: ='6 - 2021'!C17-'6 - 2021'!C16 -> 5418 | G11: 0.118 | H11: ='6 - 2021'!E17-'6 - 2021'!E16 -> 24.97 | I11: ='6 - 2021'!F17-'6 - 2021'!F16 -> 5.31 | J11: ='6 - 2021'!G17-'6 - 2021'!G16 -> 26.8 | K11: 0.74 | L11: 80
A12: Dubai DIFC | B12: =B11+1 -> 11 | C12: 6 | D12: 2021 | E12: ='6 - 2021'!B18-'6 - 2021'!B17 -> 3587 | F12: ='6 - 2021'!C18-'6 - 2021'!C17 -> 5999 | G12: 0.118 | H12: ='6 - 2021'!E18-'6 - 2021'!E17 -> 24.79 | I12: ='6 - 2021'!F18-'6 - 2021'!F17 -> 6.95 | J12: ='6 - 2021'!G18-'6 - 2021'!G17 -> 29.2 | K12: 0.74 | L12: 70
A13: Dubai DIFC | B13: =B12+1 -> 12 | C13: 6 | D13: 2021 | E13: ='6 - 2021'!B19-'6 - 2021'!B18 -> 3683 | F13: ='6 - 2021'!C19-'6 - 2021'!C18 -> 6047 | G13: 0.118 | H13: ='6 - 2021'!E19-'6 - 2021'!E18 -> 26.75 | I13: ='6 - 2021'!F19-'6 - 2021'!F18 -> 5.22 | J13: ='6 - 2021'!G19-'6 - 2021'!G18 -> 29.49 | K13: 0.74 | L13: 76
A14: Dubai DIFC | B14: =B13+1 -> 13 | C14: 6 | D14: 2021 | E14: ='6 - 2021'!B20-'6 - 2021'!B19 -> 3529 | F14: ='6 - 2021'!C20-'6 - 2021'!C19 -> 5753 | G14: 0.118 | H14: ='6 - 2021'!E20-'6 - 2021'!E19 -> 22.94 | I14: ='6 - 2021'!F20-'6 - 2021'!F19 -> 5.27 | J14: ='6 - 2021'!G20-'6 - 2021'!G19 -> 28.19 | K14: 0.74 | L14: 50
... A23: Dubai DIFC | B23: =B22+1 -> 22 | C23: 6 | D23: 2021 | E23: ='6 - 2021'!B29-'6 - 2021'!B28 -> 3609 | F23: ='6 - 2021'!C29-'6 - 2021'!C28 -> 6047 | G23: 0.118 | H23: ='6 - 2021'!E29-'6 - 2021'!E28 -> 20.87 | I23: ='6 - 2021'!F29-'6 - 2021'!F28 -> 6.93 | J23: ='6 - 2021'!G29-'6 - 2021'!G28 -> 27.52 | K23: 0.74 | L23: 76
A24: Dubai DIFC | B24: =B23+1 -> 23 | C24: 6 | D24: 2021 | E24: 0 | F24: 0 | G24: 0.118 | H24: 0 | I24: 0 | J24: 0 | K24: 0.74
A25: Dubai DIFC | B25: =B24+1 -> 24 | C25: 6 | D25: 2021 | E25: ='6 - 2021'!B31-'6 - 2021'!B30 -> 0 | F25: ='6 - 2021'!C31-'6 - 2021'!C30 -> 0 | G25: 0.118 | H25: ='6 - 2021'!E31-'6 - 2021'!E30 -> 0 | I25: ='6 - 2021'!F31-'6 - 2021'!F30 -> 0 | J25: ='6 - 2021'!G31-'6 - 2021'!G30 -> 0 | K25: 0.74
A26: Dubai DIFC | B26: =B25+1 -> 25 | C26: 6 | D26: 2021 | E26: ='6 - 2021'!B32-'6 - 2021'!B31 -> 0 | F26: ='6 - 2021'!C32-'6 - 2021'!C31 -> 0 | G26: 0.118 | H26: ='6 - 2021'!E32-'6 - 2021'!E31 -> 0 | I26: ='6 - 2021'!F32-'6 - 2021'!F31 -> 0 | J26: ='6 - 2021'!G32-'6 - 2021'!G31 -> 0 | K26: 0.74
A27: Dubai DIFC | B27: =B26+1 -> 26 | C27: 6 | D27: 2021 | E27: ='6 - 2021'!B33-'6 - 2021'!B32 -> 0 | F27: ='6 - 2021'!C33-'6 - 2021'!C32 -> 0 | G27: 0.118 | H27: ='6 - 2021'!E33-'6 - 2021'!E32 -> 0 | I27: ='6 - 2021'!F33-'6 - 2021'!F32 -> 0 | J27: ='6 - 2021'!G33-'6 - 2021'!G32 -> 0 | K27: 0.74
A28: Dubai DIFC | B28: =B27+1 -> 27 | C28: 6 | D28: 2021 | E28: ='6 - 2021'!B34-'6 - 2021'!B33 -> 0 | F28: ='6 - 2021'!C34-'6 - 2021'!C33 -> 0 | G28: 0.118 | H28: ='6 - 2021'!E34-'6 - 2021'!E33 -> 0 | I28: ='6 - 2021'!F34-'6 - 2021'!F33 -> 0 | J28: ='6 - 2021'!G34-'6 - 2021'!G33 -> 0 | K28: 0.74
A29: Dubai DIFC | B29: =B28+1 -> 28 | C29: 6 | D29: 2021 | E29: ='6 - 2021'!B35-'6 - 2021'!B34 -> 0 | F29: ='6 - 2021'!C35-'6 - 2021'!C34 -> 0 | G29: 0.118 | H29: ='6 - 2021'!E35-'6 - 2021'!E34 -> 0 | I29: ='6 - 2021'!F35-'6 - 2021'!F34 -> 0 | J29: ='6 - 2021'!G35-'6 - 2021'!G34 -> 0 | K29: 0.74
A30: Dubai DIFC | B30: =B29+1 -> 29 | C30: 6 | D30: 2021 | E30: ='6 - 2021'!B36-'6 - 2021'!B35 -> 0 | F30: ='6 - 2021'!C36-'6 - 2021'!C35 -> 0 | G30: 0.118 | H30: ='6 - 2021'!E36-'6 - 2021'!E35 -> 0 | I30: ='6 - 2021'!F36-'6 - 2021'!F35 -> 0 | J30: ='6 - 2021'!G36-'6 - 2021'!G35 -> 0 | K30: 0.74
A31: Dubai DIFC | B31: =B30+1 -> 30 | C31: 6 | D31: 2021 | E31: ='6 - 2021'!B37-'6 - 2021'!B36 -> 0 | F31: ='6 - 2021'!C37-'6 - 2021'!C36 -> 0 | G31: 0.118 | H31: ='6 - 2021'!E37-'6 - 2021'!E36 -> 0 | I31: ='6 - 2021'!F37-'6 - 2021'!F36 -> 0 | J31: ='6 - 2021'!G37-'6 - 2021'!G36 -> 0 | K31: 0.74

Sheet 6 - 2021
A3: FOUR SEASONS HOTEL - DIFC
A4: HLP READING MONTH OF JUNE' 2021
B5: Electricity | D5: LPG (cu.m) | H5: Water (cu.m) | J5: BTU
A6: Date | B6: LV-01, 2025952759 | C6: LV-2, 2030235407 | D6: Main Meter % | E6: Main Kitchen | F6: Podium Kitchen | G6: Boiler | H6: B-3 Water Meter (DIFC) | I6: MainWater Meter (DEWA) | J6: Chilled Water (KWH) | K6: Gas Received (Litres) | L6: Remark
A7: 44347 | B7: 718466 | C7: 801538 | E7: 1361.84 | F7: 3567.88 | G7: 29965.37 | H7: 14528 | I7: 120475 | J7: 46501991
A8: =A7+1 -> 44348 | B8: 722137 | C8: 807870 | E8: 1387.26 | F8: 3573.16 | G8: 29992.06 | H8: 14528 | I8: 120594 | J8: 46536234
A9: =A8+1 -> 44349 | B9: 725618 | C9: 813949 | E9: 1411.72 | F9: 3577.43 | G9: 30023.88 | H9: 14528 | I9: 120706 | J9: 46570544
A10: =A9+1 -> 44350 | B10: 729129 | C10: 820088 | E10: 1434.02 | F10: 3582.06 | G10: 30055.35 | H10: 14528 | I10: 120814 | J10: 46609474
A11: =A10+1 -> 44351 | B11: 732870 | C11: 827042 | E11: 1463.01 | F11: 3589.21 | G11: 30090.32 | H11: 14528 | I11: 120925 | J11: 46650570
A12: =A11+1 -> 44352 | B12: 736200 | C12: 832862 | E12: 1492.63 | F12: 3594.93 | G12: 30118.99 | H12: 14528 | I12: 121050 | J12: 46687380
A13: =A12+1 -> 44353 | B13: 739577 | C13: 838982 | D13: 0.28 | E13: 1519.93 | F13: 3601.11 | G13: 30150.52 | H13: 14528 | I13: 121148 | J13: 46728115 | K13: 2500 Liters
A14: =A13+1 -> 44354 | B14: 743197 | C14: 845435 | D14: 0.2 | E14: 1551.92 | F14: 3608.45 | G14: 30189.23 | H14: 14528 | I14: 121265 | J14: 46768635
A15: =A14+1 -> 44355 | B15: 746688 | C15: 851568 | D15: 0.16 | E15: 1580.39 | F15: 3614.28 | G15: 30218.93 | H15: 14528 | I15: 121366 | J15: 46808890
A16: =A15+1 -> 44356 | B16: 750673 | C16: 858456 | D16: 0.1 | E16: 1608.67 | F16: 3619.25 | G16: 30252.11 | H16: 14528 | I16: 121486 | J16: 46855166
A17: =A16+1 -> 44357 | B17: 753858 | C17: 863874 | D17: 0.75 | E17: 1633.64 | F17: 3624.56 | G17: 30278.91 | H17: 14528 | I17: 121579 | J17: 46889285
A18: =A17+1 -> 44358 | B18: 757445 | C18: 869873 | D18: 0.68 | E18: 1658.43 | F18: 3631.51 | G18: 30308.11 | H18: 14528 | I18: 121677 | J18: 46927528
A19: =A18+1 -> 44359 | B19: 761128 | C19: 875920 | D19: 0.6 | E19: 1685.18 | F19: 3636.73 | G19: 30337.6 | H19: 14528 | I19: 121779 | J19: 46965020
A20: =A19+1 -> 44360 | B20: 764657 | C20: 881673 | D20: 0.54 | E20: 1708.12 | F20: 3642 | G20: 30365.79 | H20: 14528 | I20: 121879 | J20: 47003208
A21: =A20+1 -> 44361 | B21: 768436 | C21: 887665 | D21: 0.48 | E21: 1736.13 | F21: 3647.23 | G21: 30393.72 | H21: 14528 | I21: 121973 | J21: 47041848
A22: =A21+1 -> 44362 | B22: 771991 | C22: 893472 | D22: 0.41 | E22: 1761.27 | F22: 3652.06 | G22: 30419.78 | H22: 14528 | I22: 122069 | J22: 47077224
A23: =A22+1 -> 44363 | B23: 775649 | C23: 899448 | D23: 0.35 | E23: 1783.36 | F23: 3658.67 | G23: 30447.5 | H23: 14528 | I23: 122163 | J23: 47111620
A24: =A23+1 -> 44364 | B24: 779253 | C24: 905269 | D24: 0.29 | E24: 1806.98 | F24: 3664.91 | G24: 30475.93 | H24: 14528 | I24: 122268 | J24: 47142631
A25: =A24+1 -> 44365 | B25: 782935 | C25: 911496 | D25: 0.21 | E25: 1833.48 | F25: 3670.41 | G25: 30504.61 | H25: 14528 | I25: 122379 | J25: 47180976
... A29: =A28+1 -> 44369 | B29: 797548 | C29: 936178 | D29: 0.66 | E29: 1928.22 | F29: 3691.87 | G29: 30621 | H29: 14528 | I29: 122800 | J29: 47344664
A30: =A29+1 -> 44370
A31: =A30+1 -> 44371
A32: =A31+1 -> 44372
A33: =A32+1 -> 44373
A34: =A33+1 -> 44374
A35: =A34+1 -> 44375
A36: =A35+1 -> 44376
A37: =A36+1 -> 44377
A38: =A37+1 -> 44378
A39: Readings | B39: =B35-B7 -> -718466 | C39: =C35-C7 -> -801538 | D39: =D35-D7 -> 0 | E39: =E35-E7 -> -1361.84 | F39: =F35-F7 -> -3567.88 | G39: =G35-G7 -> -29965.37 | H39: =H35-H7 -> -14528 | I39: =I35-I7 -> -120475 | J39: =J35-J7 -> -46501991 | K39: =SUM(K7:K35) -> 0
H40: =H39*219.969 -> -3195709.6 | I40: =I39*219.969 -> -26500765
