Workbook

Sheet TOTAL
A1: Site Name | B1: Day | C1: Month | D1: Year | E1: Total Electricity Kwh | F1: Electricity Tariff ($/Kwh) | G1: Natual Gas (m3) | H1: Natural Gas $/m3 | I1: Water Utility Supply (m3) m3 | J1: Water Utility Supply (m3) $/m3 | K1: Room Nights | L1: Total Guests
A2: Budapest | B2: 1 | C2: 6 | D2: 2021 | E2: =Submetering!X2+Submetering!Y2 -> 16720 | F2: 0.077909228 | G2: =Submetering!T2+Submetering!U2 -> 1649 | H2: 0.24162482 | I2: =Submetering!E2+Submetering!H2 -> 118 | J2: 1.6865699 | K2: =Submetering!AF2 -> 55 | L2: =Submetering!AG2 -> 59
A3: Budapest | B3: =B2+1 -> 2 | C3: 6 | D3: 2021 | E3: =Submetering!X3+Submetering!Y3 -> 14696 | F3: 0.077909228 | G3: =Submetering!T3+Submetering!U3 -> 1512 | H3: 0.24162482 | I3: =Submetering!E3+Submetering!H3 -> 122 | J3: =J2 -> 1.6865699 | K3: =Submetering!AF3 -> 63 | L3: =Submetering!AG3 -> 65
A4: Budapest | B4: =B3+1 -> 3 | C4: 6 | D4: 2021 | E4: =Submetering!X4+Submetering!Y4 -> 15356 | F4: 0.077909228 | G4: =Submetering!T4+Submetering!U4 -> 1299 | H4: 0.24162482 | I4: =Submetering!E4+Submetering!H4 -> 100 | J4: =J3 -> 1.6865699 | K4: =Submetering!AF4 -> 62 | L4: =Submetering!AG4 -> 63
A5: Budapest | B5: =B4+1 -> 4 | C5: 6 | D5: 2021 | E5: =Submetering!X5+Submetering!Y5 -> 16544 | F5: 0.077909228 | G5: =Submetering!T5+Submetering!U5 -> 0 | H5: 0.24162482 | I5: =Submetering!E5+Submetering!H5 -> 98 | J5: =J4 -> 1.6865699 | K5: =Submetering!AF5 -> 69 | L5: =Submetering!AG5 -> 81
A6: Budapest | B6: =B5+1 -> 5 | C6: 6 | D6: 2021 | E6: =Submetering!X6+Submetering!Y6 -> 16192 | F6: 0.077909228 | G6: =Submetering!T6+Submetering!U6 -> 744 | H6: 0.24162482 | I6: =Submetering!E6+Submetering!H6 -> 97 | J6: =J5 -> 1.6865699 | K6: =Submetering!AF6 -> 77 | L6: =Submetering!AG6 -> 91
A7: Budapest | B7: =B6+1 -> 6 | C7: 6 | D7: 2021 | E7: =Submetering!X7+Submetering!Y7 -> 16500 | F7: 0.077909228 | G7: =Submetering!T7+Submetering!U7 -> 710 | H7: 0.24162482 | I7: =Submetering!E7+Submetering!H7 -> 96 | J7: =J6 -> 1.6865699 | K7: =Submetering!AF7 -> 71 | L7: =Submetering!AG7 -> 80
A8: Budapest | B8: =B7+1 -> 7 | C8: 6 | D8: 2021 | E8: =Submetering!X8+Submetering!Y8 -> 16632 | F8: 0.077909228 | G8: =Submetering!T8+Submetering!U8 -> 936 | H8: 0.24162482 | I8: =Submetering!E8+Submetering!H8 -> 106 | J8: =J7 -> 1.6865699 | K8: =Submetering!AF8 -> 71 | L8: =Submetering!AG8 -> 77
A9: Budapest | B9: =B8+1 -> 8 | C9: 6 | D9: 2021 | E9: =Submetering!X9+Submetering!Y9 -> 15884 | F9: 0.077909228 | G9: =Submetering!T9+Submetering!U9 -> 1203 | H9: 0.24162482 | I9: =Submetering!E9+Submetering!H9 -> 151 | J9: =J8 -> 1.6865699 | K9: =Submetering!AF9 -> 73 | L9: =Submetering!AG9 -> 83
A10: Budapest | B10: =B9+1 -> 9 | C10: 6 | D10: 2021 | E10: =Submetering!X10+Submetering!Y10 -> 16720 | F10: 0.077909228 | G10: =Submetering!T10+Submetering!U10 -> 1195 | H10: 0.24162482 | I10: =Submetering!E10+Submetering!H10 -> 143 | J10: =J9 -> 1.6865699 | K10: =Submetering!AF10 -> 74 | L10: =Submetering!AG10 -> 83
A11: Budapest | B11: =B10+1 -> 10 | C11: 6 | D11: 2021 | E11: =Submetering!X11+Submetering!Y11 -> 17380 | F11: 0.077909228 | G11: =Submetering!T11+Submetering!U11 -> 857 | H11: 0.24162482 | I11: =Submetering!E11+Submetering!H11 -> 103 | J11: =J10 -> 1.6865699 | K11: =Submetering!AF11 -> 65 | L11: =Submetering!AG11 -> 76
A12: Budapest | B12: =B11+1 -> 11 | C12: 6 | D12: 2021 | E12: =Submetering!X12+Submetering!Y12 -> 17028 | F12: 0.077909228 | G12: =Submetering!T12+Submetering!U12 -> 796 | H12: 0.24162482 | I12: =Submetering!E12+Submetering!H12 -> 102 | J12: =J11 -> 1.6865699 | K12: =Submetering!AF12 -> 52 | L12: =Submetering!AG12 -> 61
A13: Budapest | B13: =B12+1 -> 12 | C13: 6 | D13: 2021 | E13: =Submetering!X13+Submetering!Y13 -> 17292 | F13: 0.077909228 | G13: =Submetering!T13+Submetering!U13 -> 804 | H13: 0.24162482 | I13: =Submetering!E13+Submetering!H13 -> 99 | J13: =J12 -> 1.6865699 | K13: =Submetering!AF13 -> 54 | L13: =Submetering!AG13 -> 65
A14: Budapest | B14: =B13+1 -> 13 | C14: 6 | D14: 2021 | E14: =Submetering!X14+Submetering!Y14 -> 15444 | F14: 0.077909228 | G14: =Submetering!T14+Submetering!U14 -> 853 | H14: 0.24162482 | I14: =Submetering!E14+Submetering!H14 -> 76 | J14: =J13 -> 1.6865699 | K14: =Submetering!AF14 -> 51 | L14: =Submetering!AG14 -> 63
... A31: Budapest | B31: =B30+1 -> 30 | C31: 6 | D31: 2021 | E31: =Submetering!X31+Submetering!Y31 -> 19712 | F31: 0.077909228 | G31: =Submetering!T31+Submetering!U31 -> 780 | H31: 0.24162482 | I31: =Submetering!E31+Submetering!H31 -> 112 | J31: =J30 -> 1.6865699 | K31: =Submetering!AF31 -> 45 | L31: =Submetering!AG31 -> 53

Sheet Submetering
A1: Site Name | B1: Day | C1: Month | D1: Year | E1: B074 Nagy - m3 | F1: B074 Hotel napi+torony-m3 | G1: B074 Hotel napi-torony -m3 | H1: B057 Nagy - m3 | I1: B074 mosoda víz-m3 | J1: B054 konyha -m3 | K1: HMV konyha -m3 | L1: HMV Hotel -m3 | M1: B 105 Gozakna -m3 | N1: Boiler C. Water -m3 | O1: kazan tapviz jobb -m3 | P1: CT-Spare Water Total -m3 | Q1: SPA Total -m3 | R1: Garage Total -m3 | S1: Steam Total -m3 | T1: Meter #1 -m3 | U1: Meter #2-m3 | V1: Steam Boiler #1 -m3 | W1: Steam Boiler #2 -m3 | X1: Elec. Supply 1 - Kwh | Y1: Elec. Supply 2 - Kwh | Z1: Hotel Absolute Daily -KWh | AA1: Hotel Absolut napi fogyasztas-hutok -KWh | AB1: 18 GARAGE -KWh | AC1: GARAGE + PALACE SUMMA DAYLI - KWh | AD1: Chiller 1 -KWh | AE1: Chiller 2 -KWh | AF1: Room Nights | AG1: Total Guests
A2: Budapest | B2: 1 | C2: 6 | D2: 2021 | E2: =IF(('FS Budapest'!C5-'FS Budapest'!C4)<0,"0",('FS Budapest'!C5-'FS Budapest'!C4)) -> 45 | F2: =IF(('FS Budapest'!D5-'FS Budapest'!D4)<0,"0",('FS Budapest'!D5-'FS Budapest'!D4)) -> 54 | G2: =IF(('FS Budapest'!E5-'FS Budapest'!Y5)<0,"0",('FS Budapest'!E5-'FS Budapest'!Y5)) -> 27 | H2: =IF(('FS Budapest'!H5-'FS Budapest'!H4)<0,"0",('FS Budapest'!H5-'FS Budapest'!H4)) -> 73 | I2: =IF(('FS Budapest'!I5-'FS Budapest'!I4)<0,"0",('FS Budapest'!I5-'FS Budapest'!I4)) -> 22 | J2: =IF(('FS Budapest'!K5-'FS Budapest'!K4)<0,"0",('FS Budapest'!K5-'FS Budapest'!K4)) -> 8 | K2: =IF(('FS Budapest'!M5-'FS Budapest'!M4)<0,"0",('FS Budapest'!M5-'FS Budapest'!M4)) -> 6 | L2: =IF(('FS Budapest'!O5-'FS Budapest'!O4)<0,"0",('FS Budapest'!O5-'FS Budapest'!O4)) -> 6 | M2: =IF(('FS Budapest'!Q5-'FS Budapest'!Q4)<0,"0",('FS Budapest'!Q5-'FS Budapest'!Q4)) -> 9 | N2: =IF(('FS Budapest'!S5-'FS Budapest'!S4)<0,"0",('FS Budapest'!S5-'FS Budapest'!S4)) -> 3 | O2: =IF(('FS Budapest'!V5-'FS Budapest'!V4)<0,"0",('FS Budapest'!V5-'FS Budapest'!V4)) -> 8 | P2: =IF(('FS Budapest'!X5-'FS Budapest'!X4)<0,"0",('FS Budapest'!X5-'FS Budapest'!X4)) -> 27 | Q2: ='FS Budapest'!AB5 -> 0 | R2: ='FS Budapest'!AE5 -> 4 | S2: ='FS Budapest'!AF5 -> 20 | T2: =IF(('FS Budapest'!AK5-'FS Budapest'!AK4)<0,"0",('FS Budapest'!AK5-'FS Budapest'!AK4)) -> 1607 | U2: =IF(('FS Budapest'!AM5-'FS Budapest'!AM4)<0,"0",('FS Budapest'!AM5-'FS Budapest'!AM4)) -> 42 | V2: =IF(('FS Budapest'!AO5-'FS Budapest'!AO4)<0,"0",('FS Budapest'!AO5-'FS Budapest'!AO4)) -> 0 | W2: =IF(('FS Budapest'!AQ5-'FS Budapest'!AQ4)<0,"0",('FS Budapest'!AQ5-'FS Budapest'!AQ4)) -> 570 | X2: ='FS Budapest'!AY5 -> 0 | Y2: =IF(('FS Budapest'!BA5-'FS Budapest'!BA4)<0,"0",('FS Budapest'!BA5-'FS Budapest'!BA4)*4400) -> 16720 | Z2: ='FS Budapest'!BI5 -> 16720 | AA2: ='FS Budapest'!BJ5 -> 14362 | AB2: =IF(('FS Budapest'!BK5-'FS Budapest'!BK4)<0,"0",('FS Budapest'!BK5-'FS Budapest'!BK4)*100) -> 580 | AC2: ='FS Budapest'!BM5 -> 17300 | AD2: =IF(('FS Budapest'!BP5-'FS Budapest'!BP4)<0,"0",('FS Budapest'!BP5-'FS Budapest'!BP4)) -> 39 | AE2: =IF(('FS Budapest'!BR5-'FS Budapest'!BR4)<0,"0",('FS Budapest'!BR5-'FS Budapest'!BR4)) -> 2319 | AF2: ='FS Budapest'!BU5 -> 55 | AG2: ='FS Budapest'!BV5 -> 59
A3: Budapest | B3: =B2+1 -> 2 | C3: 6 | D3: 2021 | E3: =IF(('FS Budapest'!C6-'FS Budapest'!C5)<0,"0",('FS Budapest'!C6-'FS Budapest'!C5)) -> 45 | F3: =IF(('FS Budapest'!D6-'FS Budapest'!D5)<0,"0",('FS Budapest'!D6-'FS Budapest'!D5)) -> 33 | G3: =IF(('FS Budapest'!E6-'FS Budapest'!Y6)<0,"0",('FS Budapest'!E6-'FS Budapest'!Y6)) -> 5 | H3: =IF(('FS Budapest'!H6-'FS Budapest'!H5)<0,"0",('FS Budapest'!H6-'FS Budapest'!H5)) -> 77 | I3: =IF(('FS Budapest'!I6-'FS Budapest'!I5)<0,"0",('FS Budapest'!I6-'FS Budapest'!I5)) -> 24 | J3: =IF(('FS Budapest'!K6-'FS Budapest'!K5)<0,"0",('FS Budapest'!K6-'FS Budapest'!K5)) -> 4 | K3: =IF(('FS Budapest'!M6-'FS Budapest'!M5)<0,"0",('FS Budapest'!M6-'FS Budapest'!M5)) -> 5 | L3: =IF(('FS Budapest'!O6-'FS Budapest'!O5)<0,"0",('FS Budapest'!O6-'FS Budapest'!O5)) -> 6 | M3: =IF(('FS Budapest'!Q6-'FS Budapest'!Q5)<0,"0",('FS Budapest'!Q6-'FS Budapest'!Q5)) -> 10 | N3: =IF(('FS Budapest'!S6-'FS Budapest'!S5)<0,"0",('FS Budapest'!S6-'FS Budapest'!S5)) -> 0 | O3: =IF(('FS Budapest'!V6-'FS Budapest'!V5)<0,"0",('FS Budapest'!V6-'FS Budapest'!V5)) -> 7 | P3: =IF(('FS Budapest'!X6-'FS Budapest'!X5)<0,"0",('FS Budapest'!X6-'FS Budapest'!X5)) -> 28 | Q3: ='FS Budapest'!AB6 -> 0 | R3: ='FS Budapest'!AE6 -> 5 | S3: ='FS Budapest'!AF6 -> 17 | T3: =IF(('FS Budapest'!AK6-'FS Budapest'!AK5)<0,"0",('FS Budapest'!AK6-'FS Budapest'!AK5)) -> 1461 | U3: =IF(('FS Budapest'!AM6-'FS Budapest'!AM5)<0,"0",('FS Budapest'!AM6-'FS Budapest'!AM5)) -> 51 | V3: =IF(('FS Budapest'!AO6-'FS Budapest'!AO5)<0,"0",('FS Budapest'!AO6-'FS Budapest'!AO5)) -> 0 | W3: =IF(('FS Budapest'!AQ6-'FS Budapest'!AQ5)<0,"0",('FS Budapest'!AQ6-'FS Budapest'!AQ5)) -> 0 | X3: ='FS Budapest'!AY6 -> 0 | Y3: =IF(('FS Budapest'!BA6-'FS Budapest'!BA5)<0,"0",('FS Budapest'!BA6-'FS Budapest'!BA5)*4400) -> 14696 | Z3: ='FS Budapest'!BI6 -> 14696 | AA3: ='FS Budapest'!BJ6 -> 12334 | AB3: =IF(('FS Budapest'!BK6-'FS Budapest'!BK5)<0,"0",('FS Budapest'!BK6-'FS Budapest'!BK5)*100) -> 568 | AC3: ='FS Budapest'!BM6 -> 15264 | AD3: =IF(('FS Budapest'!BP6-'FS Budapest'!BP5)<0,"0",('FS Budapest'!BP6-'FS Budapest'!BP5)) -> 0 | AE3: =IF(('FS Budapest'!BR6-'FS Budapest'!BR5)<0,"0",('FS Budapest'!BR6-'FS Budapest'!BR5)) -> 2362 | AF3: ='FS Budapest'!BU6 -> 63 | AG3: ='FS Budapest'!BV6 -> 65
A4: Budapest | B4: =B3+1 -> 3 | C4: 6 | D4: 2021 | E4: =IF(('FS Budapest'!C7-'FS Budapest'!C6)<0,"0",('FS Budapest'!C7-'FS Budapest'!C6)) -> 37 | F4: =IF(('FS Budapest'!D7-'FS Budapest'!D6)<0,"0",('FS Budapest'!D7-'FS Budapest'!D6)) -> 77 | G4: =IF(('FS Budapest'!E7-'FS Budapest'!Y7)<0,"0",('FS Budapest'!E7-'FS Budapest'!Y7)) -> 44 | H4: =IF(('FS Budapest'!H7-'FS Budapest'!H6)<0,"0",('FS Budapest'!H7-'FS Budapest'!H6)) -> 63 | I4: =IF(('FS Budapest'!I7-'FS Budapest'!I6)<0,"0",('FS Budapest'!I7-'FS Budapest'!I6)) -> 4 | J4: =IF(('FS Budapest'!K7-'FS Budapest'!K6)<0,"0",('FS Budapest'!K7-'FS Budapest'!K6)) -> 4 | K4: =IF(('FS Budapest'!M7-'FS Budapest'!M6)<0,"0",('FS Budapest'!M7-'FS Budapest'!M6)) -> 6 | L4: =IF(('FS Budapest'!O7-'FS Budapest'!O6)<0,"0",('FS Budapest'!O7-'FS Budapest'!O6)) -> 6 | M4: =IF(('FS Budapest'!Q7-'FS Budapest'!Q6)<0,"0",('FS Budapest'!Q7-'FS Budapest'!Q6)) -> 9 | N4: =IF(('FS Budapest'!S7-'FS Budapest'!S6)<0,"0",('FS Budapest'!S7-'FS Budapest'!S6)) -> 1 | O4: =IF(('FS Budapest'!V7-'FS Budapest'!V6)<0,"0",('FS Budapest'!V7-'FS Budapest'!V6)) -> 5 | P4: =IF(('FS Budapest'!X7-'FS Budapest'!X6)<0,"0",('FS Budapest'!X7-'FS Budapest'!X6)) -> 33 | Q4: ='FS Budapest'!AB7 -> 0 | R4: ='FS Budapest'!AE7 -> 5 | S4: ='FS Budapest'!AF7 -> 15 | T4: =IF(('FS Budapest'!AK7-'FS Budapest'!AK6)<0,"0",('FS Budapest'!AK7-'FS Budapest'!AK6)) -> 1247 | U4: =IF(('FS Budapest'!AM7-'FS Budapest'!AM6)<0,"0",('FS Budapest'!AM7-'FS Budapest'!AM6)) -> 52 | V4: =IF(('FS Budapest'!AO7-'FS Budapest'!AO6)<0,"0",('FS Budapest'!AO7-'FS Budapest'!AO6)) -> 0 | W4: =IF(('FS Budapest'!AQ7-'FS Budapest'!AQ6)<0,"0",('FS Budapest'!AQ7-'FS Budapest'!AQ6)) -> 383 | X4: ='FS Budapest'!AY7 -> 0 | Y4: =IF(('FS Budapest'!BA7-'FS Budapest'!BA6)<0,"0",('FS Budapest'!BA7-'FS Budapest'!BA6)*4400) -> 15356 | Z4: ='FS Budapest'!BI7 -> 15356 | AA4: ='FS Budapest'!BJ7 -> 12609 | AB4: =IF(('FS Budapest'!BK7-'FS Budapest'!BK6)<0,"0",('FS Budapest'!BK7-'FS Budapest'!BK6)*100) -> 556 | AC4: ='FS Budapest'!BM7 -> 15912 | AD4: =IF(('FS Budapest'!BP7-'FS Budapest'!BP6)<0,"0",('FS Budapest'!BP7-'FS Budapest'!BP6)) -> 59 | AE4: =IF(('FS Budapest'!BR7-'FS Budapest'!BR6)<0,"0",('FS Budapest'!BR7-'FS Budapest'!BR6)) -> 2688 | AF4: ='FS Budapest'!BU7 -> 62 | AG4: ='FS Budapest'!BV7 -> 63
A5: Budapest | B5: =B4+1 -> 4 | C5: 6 | D5: 2021 | E5: =IF(('FS Budapest'!C8-'FS Budapest'!C7)<0,"0",('FS Budapest'!C8-'FS Budapest'!C7)) -> 35 | F5: =IF(('FS Budapest'!D8-'FS Budapest'!D7)<0,"0",('FS Budapest'!D8-'FS Budapest'!D7)) -> 64 | G5: =IF(('FS Budapest'!E8-'FS Budapest'!Y8)<0,"0",('FS Budapest'!E8-'FS Budapest'!Y8)) -> 27 | H5: =IF(('FS Budapest'!H8-'FS Budapest'!H7)<0,"0",('FS Budapest'!H8-'FS Budapest'!H7)) -> 63 | I5: =IF(('FS Budapest'!I8-'FS Budapest'!I7)<0,"0",('FS Budapest'!I8-'FS Budapest'!I7)) -> 0 | J5: =IF(('FS Budapest'!K8-'FS Budapest'!K7)<0,"0",('FS Budapest'!K8-'FS Budapest'!K7)) -> 0 | K5: =IF(('FS Budapest'!M8-'FS Budapest'!M7)<0,"0",('FS Budapest'!M8-'FS Budapest'!M7)) -> 5 | L5: =IF(('FS Budapest'!O8-'FS Budapest'!O7)<0,"0",('FS Budapest'!O8-'FS Budapest'!O7)) -> 6 | M5: =IF(('FS Budapest'!Q8-'FS Budapest'!Q7)<0,"0",('FS Budapest'!Q8-'FS Budapest'!Q7)) -> 0 | N5: =IF(('FS Budapest'!S8-'FS Budapest'!S7)<0,"0",('FS Budapest'!S8-'FS Budapest'!S7)) -> 1 | O5: =IF(('FS Budapest'!V8-'FS Budapest'!V7)<0,"0",('FS Budapest'!V8-'FS Budapest'!V7)) -> 0 | P5: =IF(('FS Budapest'!X8-'FS Budapest'!X7)<0,"0",('FS Budapest'!X8-'FS Budapest'!X7)) -> 37 | Q5: ='FS Budapest'!AB8 -> 0 | R5: ='FS Budapest'!AE8 -> 4 | S5: ='FS Budapest'!AF8 -> 1 | T5: =IF(('FS Budapest'!AK8-'FS Budapest'!AK7)<0,"0",('FS Budapest'!AK8-'FS Budapest'!AK7)) -> 0 | U5: =IF(('FS Budapest'!AM8-'FS Budapest'!AM7)<0,"0",('FS Budapest'!AM8-'FS Budapest'!AM7)) -> 0 | V5: =IF(('FS Budapest'!AO8-'FS Budapest'!AO7)<0,"0",('FS Budapest'!AO8-'FS Budapest'!AO7)) -> 0 | W5: =IF(('FS Budapest'!AQ8-'FS Budapest'!AQ7)<0,"0",('FS Budapest'!AQ8-'FS Budapest'!AQ7)) -> 44 | X5: ='FS Budapest'!AY8 -> 0 | Y5: =IF(('FS Budapest'!BA8-'FS Budapest'!BA7)<0,"0",('FS Budapest'!BA8-'FS Budapest'!BA7)*4400) -> 16544 | Z5: ='FS Budapest'!BI8 -> 16544 | AA5: ='FS Budapest'!BJ8 -> 13439 | AB5: =IF(('FS Budapest'!BK8-'FS Budapest'!BK7)<0,"0",('FS Budapest'!BK8-'FS Budapest'!BK7)*100) -> 545 | AC5: ='FS Budapest'!BM8 -> 17089 | AD5: =IF(('FS Budapest'!BP8-'FS Budapest'!BP7)<0,"0",('FS Budapest'!BP8-'FS Budapest'!BP7)) -> 20 | AE5: =IF(('FS Budapest'!BR8-'FS Budapest'!BR7)<0,"0",('FS Budapest'!BR8-'FS Budapest'!BR7)) -> 3085 | AF5: ='FS Budapest'!BU8 -> 69 | AG5: ='FS Budapest'!BV8 -> 81
A6: Budapest | B6: =B5+1 -> 5 | C6: 6 | D6: 2021 | E6: =IF(('FS Budapest'!C9-'FS Budapest'!C8)<0,"0",('FS Budapest'!C9-'FS Budapest'!C8)) -> 35 | F6: =IF(('FS Budapest'!D9-'FS Budapest'!D8)<0,"0",('FS Budapest'!D9-'FS Budapest'!D8)) -> 66 | G6: =IF(('FS Budapest'!E9-'FS Budapest'!Y9)<0,"0",('FS Budapest'!E9-'FS Budapest'!Y9)) -> 28 | H6: =IF(('FS Budapest'!H9-'FS Budapest'!H8)<0,"0",('FS Budapest'!H9-'FS Budapest'!H8)) -> 62 | I6: =IF(('FS Budapest'!I9-'FS Budapest'!I8)<0,"0",('FS Budapest'!I9-'FS Budapest'!I8)) -> 7 | J6: =IF(('FS Budapest'!K9-'FS Budapest'!K8)<0,"0",('FS Budapest'!K9-'FS Budapest'!K8)) -> 5 | K6: =IF(('FS Budapest'!M9-'FS Budapest'!M8)<0,"0",('FS Budapest'!M9-'FS Budapest'!M8)) -> 6 | L6: =IF(('FS Budapest'!O9-'FS Budapest'!O8)<0,"0",('FS Budapest'!O9-'FS Budapest'!O8)) -> 6 | M6: =IF(('FS Budapest'!Q9-'FS Budapest'!Q8)<0,"0",('FS Budapest'!Q9-'FS Budapest'!Q8)) -> 0 | N6: =IF(('FS Budapest'!S9-'FS Budapest'!S8)<0,"0",('FS Budapest'!S9-'FS Budapest'!S8)) -> 0 | O6: =IF(('FS Budapest'!V9-'FS Budapest'!V8)<0,"0",('FS Budapest'!V9-'FS Budapest'!V8)) -> 0 | P6: =IF(('FS Budapest'!X9-'FS Budapest'!X8)<0,"0",('FS Budapest'!X9-'FS Budapest'!X8)) -> 38 | Q6: ='FS Budapest'!AB9 -> 0 | R6: ='FS Budapest'!AE9 -> 3 | S6: ='FS Budapest'!AF9 -> 0 | T6: =IF(('FS Budapest'!AK9-'FS Budapest'!AK8)<0,"0",('FS Budapest'!AK9-'FS Budapest'!AK8)) -> 698 | U6: =IF(('FS Budapest'!AM9-'FS Budapest'!AM8)<0,"0",('FS Budapest'!AM9-'FS Budapest'!AM8)) -> 46 | V6: =IF(('FS Budapest'!AO9-'FS Budapest'!AO8)<0,"0",('FS Budapest'!AO9-'FS Budapest'!AO8)) -> 0 | W6: =IF(('FS Budapest'!AQ9-'FS Budapest'!AQ8)<0,"0",('FS Budapest'!AQ9-'FS Budapest'!AQ8)) -> 0 | X6: ='FS Budapest'!AY9 -> 0 | Y6: =IF(('FS Budapest'!BA9-'FS Budapest'!BA8)<0,"0",('FS Budapest'!BA9-'FS Budapest'!BA8)*4400) -> 16192 | Z6: ='FS Budapest'!BI9 -> 16192 | AA6: ='FS Budapest'!BJ9 -> 13045 | AB6: =IF(('FS Budapest'!BK9-'FS Budapest'!BK8)<0,"0",('FS Budapest'!BK9-'FS Budapest'!BK8)*100) -> 458 | AC6: ='FS Budapest'!BM9 -> 16650 | AD6: =IF(('FS Budapest'!BP9-'FS Budapest'!BP8)<0,"0",('FS Budapest'!BP9-'FS Budapest'!BP8)) -> 20 | AE6: =IF(('FS Budapest'!BR9-'FS Budapest'!BR8)<0,"0",('FS Budapest'!BR9-'FS Budapest'!BR8)) -> 3127 | AF6: ='FS Budapest'!BU9 -> 77 | AG6: ='FS Budapest'!BV9 -> 91
A7: Budapest | B7: =B6+1 -> 6 | C7: 6 | D7: 2021 | E7: =IF(('FS Budapest'!C10-'FS Budapest'!C9)<0,"0",('FS Budapest'!C10-'FS Budapest'!C9)) -> 34 | F7: =IF(('FS Budapest'!D10-'FS Budapest'!D9)<0,"0",('FS Budapest'!D10-'FS Budapest'!D9)) -> 70 | G7: =IF(('FS Budapest'!E10-'FS Budapest'!Y10)<0,"0",('FS Budapest'!E10-'FS Budapest'!Y10)) -> 33 | H7: =IF(('FS Budapest'!H10-'FS Budapest'!H9)<0,"0",('FS Budapest'!H10-'FS Budapest'!H9)) -> 62 | I7: =IF(('FS Budapest'!I10-'FS Budapest'!I9)<0,"0",('FS Budapest'!I10-'FS Budapest'!I9)) -> 3 | J7: =IF(('FS Budapest'!K10-'FS Budapest'!K9)<0,"0",('FS Budapest'!K10-'FS Budapest'!K9)) -> 4 | K7: =IF(('FS Budapest'!M10-'FS Budapest'!M9)<0,"0",('FS Budapest'!M10-'FS Budapest'!M9)) -> 6 | L7: =IF(('FS Budapest'!O10-'FS Budapest'!O9)<0,"0",('FS Budapest'!O10-'FS Budapest'!O9)) -> 10 | M7: =IF(('FS Budapest'!Q10-'FS Budapest'!Q9)<0,"0",('FS Budapest'!Q10-'FS Budapest'!Q9)) -> 0 | N7: =IF(('FS Budapest'!S10-'FS Budapest'!S9)<0,"0",('FS Budapest'!S10-'FS Budapest'!S9)) -> 0 | O7: =IF(('FS Budapest'!V10-'FS Budapest'!V9)<0,"0",('FS Budapest'!V10-'FS Budapest'!V9)) -> 0 | P7: =IF(('FS Budapest'!X10-'FS Budapest'!X9)<0,"0",('FS Budapest'!X10-'FS Budapest'!X9)) -> 37 | Q7: ='FS Budapest'!AB10 -> 0 | R7: ='FS Budapest'!AE10 -> 2 | S7: ='FS Budapest'!AF10 -> 0 | T7: =IF(('FS Budapest'!AK10-'FS Budapest'!AK9)<0,"0",('FS Budapest'!AK10-'FS Budapest'!AK9)) -> 672 | U7: =IF(('FS Budapest'!AM10-'FS Budapest'!AM9)<0,"0",('FS Budapest'!AM10-'FS Budapest'!AM9)) -> 38 | V7: =IF(('FS Budapest'!AO10-'FS Budapest'!AO9)<0,"0",('FS Budapest'!AO10-'FS Budapest'!AO9)) -> 0 | W7: =IF(('FS Budapest'!AQ10-'FS Budapest'!AQ9)<0,"0",('FS Budapest'!AQ10-'FS Budapest'!AQ9)) -> 0 | X7: ='FS Budapest'!AY10 -> 0 | Y7: =IF(('FS Budapest'!BA10-'FS Budapest'!BA9)<0,"0",('FS Budapest'!BA10-'FS Budapest'!BA9)*4400) -> 16500 | Z7: ='FS Budapest'!BI10 -> 16500 | AA7: ='FS Budapest'!BJ10 -> 13249 | AB7: =IF(('FS Budapest'!BK10-'FS Budapest'!BK9)<0,"0",('FS Budapest'!BK10-'FS Budapest'!BK9)*100) -> 435 | AC7: ='FS Budapest'!BM10 -> 16935 | AD7: =IF(('FS Budapest'!BP10-'FS Budapest'!BP9)<0,"0",('FS Budapest'!BP10-'FS Budapest'!BP9)) -> 19 | AE7: =IF(('FS Budapest'!BR10-'FS Budapest'!BR9)<0,"0",('FS Budapest'!BR10-'FS Budapest'!BR9)) -> 3232 | AF7: ='FS Budapest'!BU10 -> 71 | AG7: ='FS Budapest'!BV10 -> 80
A8: Budapest | B8: =B7+1 -> 7 | C8: 6 | D8: 2021 | E8: =IF(('FS Budapest'!C11-'FS Budapest'!C10)<0,"0",('FS Budapest'!C11-'FS Budapest'!C10)) -> 38 | F8: =IF(('FS Budapest'!D11-'FS Budapest'!D10)<0,"0",('FS Budapest'!D11-'FS Budapest'!D10)) -> 75 | G8: =IF(('FS Budapest'!E11-'FS Budapest'!Y11)<0,"0",('FS Budapest'!E11-'FS Budapest'!Y11)) -> 33 | H8: =IF(('FS Budapest'!H11-'FS Budapest'!H10)<0,"0",('FS Budapest'!H11-'FS Budapest'!H10)) -> 68 | I8: =IF(('FS Budapest'!I11-'FS Budapest'!I10)<0,"0",('FS Budapest'!I11-'FS Budapest'!I10)) -> 3 | J8: =IF(('FS Budapest'!K11-'FS Budapest'!K10)<0,"0",('FS Budapest'!K11-'FS Budapest'!K10)) -> 4 | K8: =IF(('FS Budapest'!M11-'FS Budapest'!M10)<0,"0",('FS Budapest'!M11-'FS Budapest'!M10)) -> 6 | L8: =IF(('FS Budapest'!O11-'FS Budapest'!O10)<0,"0",('FS Budapest'!O11-'FS Budapest'!O10)) -> 8 | M8: =IF(('FS Budapest'!Q11-'FS Budapest'!Q10)<0,"0",('FS Budapest'!Q11-'FS Budapest'!Q10)) -> 11 | N8: =IF(('FS Budapest'!S11-'FS Budapest'!S10)<0,"0",('FS Budapest'!S11-'FS Budapest'!S10)) -> 0 | O8: =IF(('FS Budapest'!V11-'FS Budapest'!V10)<0,"0",('FS Budapest'!V11-'FS Budapest'!V10)) -> 1 | P8: =IF(('FS Budapest'!X11-'FS Budapest'!X10)<0,"0",('FS Budapest'!X11-'FS Budapest'!X10)) -> 42 | Q8: ='FS Budapest'!AB11 -> 0 | R8: ='FS Budapest'!AE11 -> 4 | S8: ='FS Budapest'!AF11 -> 12 | T8: =IF(('FS Budapest'!AK11-'FS Budapest'!AK10)<0,"0",('FS Budapest'!AK11-'FS Budapest'!AK10)) -> 893 | U8: =IF(('FS Budapest'!AM11-'FS Budapest'!AM10)<0,"0",('FS Budapest'!AM11-'FS Budapest'!AM10)) -> 43 | V8: =IF(('FS Budapest'!AO11-'FS Budapest'!AO10)<0,"0",('FS Budapest'!AO11-'FS Budapest'!AO10)) -> 0 | W8: =IF(('FS Budapest'!AQ11-'FS Budapest'!AQ10)<0,"0",('FS Budapest'!AQ11-'FS Budapest'!AQ10)) -> 127 | X8: ='FS Budapest'!AY11 -> 0 | Y8: =IF(('FS Budapest'!BA11-'FS Budapest'!BA10)<0,"0",('FS Budapest'!BA11-'FS Budapest'!BA10)*4400) -> 16632 | Z8: ='FS Budapest'!BI11 -> 16632 | AA8: ='FS Budapest'!BJ11 -> 13666 | AB8: =IF(('FS Budapest'!BK11-'FS Budapest'!BK10)<0,"0",('FS Budapest'!BK11-'FS Budapest'!BK10)*100) -> 564 | AC8: ='FS Budapest'!BM11 -> 17196 | AD8: =IF(('FS Budapest'!BP11-'FS Budapest'!BP10)<0,"0",('FS Budapest'!BP11-'FS Budapest'!BP10)) -> 19 | AE8: =IF(('FS Budapest'!BR11-'FS Budapest'!BR10)<0,"0",('FS Budapest'!BR11-'FS Budapest'!BR10)) -> 2947 | AF8: ='FS Budapest'!BU11 -> 71 | AG8: ='FS Budapest'!BV11 -> 77
A9: Budapest | B9: =B8+1 -> 8 | C9: 6 | D9: 2021 | E9: =IF(('FS Budapest'!C12-'FS Budapest'!C11)<0,"0",('FS Budapest'!C12-'FS Budapest'!C11)) -> 55 | F9: =IF(('FS Budapest'!D12-'FS Budapest'!D11)<0,"0",('FS Budapest'!D12-'FS Budapest'!D11)) -> 82 | G9: =IF(('FS Budapest'!E12-'FS Budapest'!Y12)<0,"0",('FS Budapest'!E12-'FS Budapest'!Y12)) -> 31 | H9: =IF(('FS Budapest'!H12-'FS Budapest'!H11)<0,"0",('FS Budapest'!H12-'FS Budapest'!H11)) -> 96 | I9: =IF(('FS Budapest'!I12-'FS Budapest'!I11)<0,"0",('FS Budapest'!I12-'FS Budapest'!I11)) -> 26 | J9: =IF(('FS Budapest'!K12-'FS Budapest'!K11)<0,"0",('FS Budapest'!K12-'FS Budapest'!K11)) -> 4 | K9: =IF(('FS Budapest'!M12-'FS Budapest'!M11)<0,"0",('FS Budapest'!M12-'FS Budapest'!M11)) -> 6 | L9: =IF(('FS Budapest'!O12-'FS Budapest'!O11)<0,"0",('FS Budapest'!O12-'FS Budapest'!O11)) -> 7 | M9: =IF(('FS Budapest'!Q12-'FS Budapest'!Q11)<0,"0",('FS Budapest'!Q12-'FS Budapest'!Q11)) -> 13 | N9: =IF(('FS Budapest'!S12-'FS Budapest'!S11)<0,"0",('FS Budapest'!S12-'FS Budapest'!S11)) -> 0 | O9: =IF(('FS Budapest'!V12-'FS Budapest'!V11)<0,"0",('FS Budapest'!V12-'FS Budapest'!V11)) -> 8 | P9: =IF(('FS Budapest'!X12-'FS Budapest'!X11)<0,"0",('FS Budapest'!X12-'FS Budapest'!X11)) -> 51 | Q9: ='FS Budapest'!AB12 -> 0 | R9: ='FS Budapest'!AE12 -> 5 | S9: ='FS Budapest'!AF12 -> 21 | T9: =IF(('FS Budapest'!AK12-'FS Budapest'!AK11)<0,"0",('FS Budapest'!AK12-'FS Budapest'!AK11)) -> 1169 | U9: =IF(('FS Budapest'!AM12-'FS Budapest'!AM11)<0,"0",('FS Budapest'!AM12-'FS Budapest'!AM11)) -> 34 | V9: =IF(('FS Budapest'!AO12-'FS Budapest'!AO11)<0,"0",('FS Budapest'!AO12-'FS Budapest'!AO11)) -> 0 | W9: =IF(('FS Budapest'!AQ12-'FS Budapest'!AQ11)<0,"0",('FS Budapest'!AQ12-'FS Budapest'!AQ11)) -> 577 | X9: ='FS Budapest'!AY12 -> 0 | Y9: =IF(('FS Budapest'!BA12-'FS Budapest'!BA11)<0,"0",('FS Budapest'!BA12-'FS Budapest'!BA11)*4400) -> 15884 | Z9: ='FS Budapest'!BI12 -> 15884 | AA9: ='FS Budapest'!BJ12 -> 12727 | AB9: =IF(('FS Budapest'!BK12-'FS Budapest'!BK11)<0,"0",('FS Budapest'!BK12-'FS Budapest'!BK11)*100) -> 578 | AC9: ='FS Budapest'!BM12 -> 16462 | AD9: =IF(('FS Budapest'!BP12-'FS Budapest'!BP11)<0,"0",('FS Budapest'!BP12-'FS Budapest'!BP11)) -> 175 | AE9: =IF(('FS Budapest'!BR12-'FS Budapest'!BR11)<0,"0",('FS Budapest'!BR12-'FS Budapest'!BR11)) -> 2982 | AF9: ='FS Budapest'!BU12 -> 73 | AG9: ='FS Budapest'!BV12 -> 83
A10: Budapest | B10: =B9+1 -> 9 | C10: 6 | D10: 2021 | E10: =IF(('FS Budapest'!C13-'FS Budapest'!C12)<0,"0",('FS Budapest'!C13-'FS Budapest'!C12)) -> 52 | F10: =IF(('FS Budapest'!D13-'FS Budapest'!D12)<0,"0",('FS Budapest'!D13-'FS Budapest'!D12)) -> 87 | G10: =IF(('FS Budapest'!E13-'FS Budapest'!Y13)<0,"0",('FS Budapest'!E13-'FS Budapest'!Y13)) -> 35 | H10: =IF(('FS Budapest'!H13-'FS Budapest'!H12)<0,"0",('FS Budapest'!H13-'FS Budapest'!H12)) -> 91 | I10: =IF(('FS Budapest'!I13-'FS Budapest'!I12)<0,"0",('FS Budapest'!I13-'FS Budapest'!I12)) -> 15 | J10: =IF(('FS Budapest'!K13-'FS Budapest'!K12)<0,"0",('FS Budapest'!K13-'FS Budapest'!K12)) -> 4 | K10: =IF(('FS Budapest'!M13-'FS Budapest'!M12)<0,"0",('FS Budapest'!M13-'FS Budapest'!M12)) -> 6 | L10: =IF(('FS Budapest'!O13-'FS Budapest'!O12)<0,"0",('FS Budapest'!O13-'FS Budapest'!O12)) -> 7 | M10: =IF(('FS Budapest'!Q13-'FS Budapest'!Q12)<0,"0",('FS Budapest'!Q13-'FS Budapest'!Q12)) -> 0 | N10: =IF(('FS Budapest'!S13-'FS Budapest'!S12)<0,"0",('FS Budapest'!S13-'FS Budapest'!S12)) -> 0 | O10: =IF(('FS Budapest'!V13-'FS Budapest'!V12)<0,"0",('FS Budapest'!V13-'FS Budapest'!V12)) -> 8 | P10: =IF(('FS Budapest'!X13-'FS Budapest'!X12)<0,"0",('FS Budapest'!X13-'FS Budapest'!X12)) -> 52 | Q10: ='FS Budapest'!AB13 -> 0 | R10: ='FS Budapest'!AE13 -> 4 | S10: ='FS Budapest'!AF13 -> 8 | T10: =IF(('FS Budapest'!AK13-'FS Budapest'!AK12)<0,"0",('FS Budapest'!AK13-'FS Budapest'!AK12)) -> 1154 | U10: =IF(('FS Budapest'!AM13-'FS Budapest'!AM12)<0,"0",('FS Budapest'!AM13-'FS Budapest'!AM12)) -> 41 | V10: =IF(('FS Budapest'!AO13-'FS Budapest'!AO12)<0,"0",('FS Budapest'!AO13-'FS Budapest'!AO12)) -> 0 | W10: =IF(('FS Budapest'!AQ13-'FS Budapest'!AQ12)<0,"0",('FS Budapest'!AQ13-'FS Budapest'!AQ12)) -> 575 | X10: ='FS Budapest'!AY13 -> 0 | Y10: =IF(('FS Budapest'!BA13-'FS Budapest'!BA12)<0,"0",('FS Budapest'!BA13-'FS Budapest'!BA12)*4400) -> 16720 | Z10: ='FS Budapest'!BI13 -> 16720 | AA10: ='FS Budapest'!BJ13 -> 13382 | AB10: =IF(('FS Budapest'!BK13-'FS Budapest'!BK12)<0,"0",('FS Budapest'!BK13-'FS Budapest'!BK12)*100) -> 517 | AC10: ='FS Budapest'!BM13 -> 17237 | AD10: =IF(('FS Budapest'!BP13-'FS Budapest'!BP12)<0,"0",('FS Budapest'!BP13-'FS Budapest'!BP12)) -> 24 | AE10: =IF(('FS Budapest'!BR13-'FS Budapest'!BR12)<0,"0",('FS Budapest'!BR13-'FS Budapest'!BR12)) -> 3314 | AF10: ='FS Budapest'!BU13 -> 74 | AG10: ='FS Budapest'!BV13 -> 83
A11: Budapest | B11: =B10+1 -> 10 | C11: 6 | D11: 2021 | E11: =IF(('FS Budapest'!C14-'FS Budapest'!C13)<0,"0",('FS Budapest'!C14-'FS Budapest'!C13)) -> 37 | F11: =IF(('FS Budapest'!D14-'FS Budapest'!D13)<0,"0",('FS Budapest'!D14-'FS Budapest'!D13)) -> 75 | G11: =IF(('FS Budapest'!E14-'FS Budapest'!Y14)<0,"0",('FS Budapest'!E14-'FS Budapest'!Y14)) -> 30 | H11: =IF(('FS Budapest'!H14-'FS Budapest'!H13)<0,"0",('FS Budapest'!H14-'FS Budapest'!H13)) -> 66 | I11: =IF(('FS Budapest'!I14-'FS Budapest'!I13)<0,"0",('FS Budapest'!I14-'FS Budapest'!I13)) -> 4 | J11: =IF(('FS Budapest'!K14-'FS Budapest'!K13)<0,"0",('FS Budapest'!K14-'FS Budapest'!K13)) -> 4 | K11: =IF(('FS Budapest'!M14-'FS Budapest'!M13)<0,"0",('FS Budapest'!M14-'FS Budapest'!M13)) -> 6 | L11: =IF(('FS Budapest'!O14-'FS Budapest'!O13)<0,"0",('FS Budapest'!O14-'FS Budapest'!O13)) -> 8 | M11: =IF(('FS Budapest'!Q14-'FS Budapest'!Q13)<0,"0",('FS Budapest'!Q14-'FS Budapest'!Q13)) -> 0 | N11: =IF(('FS Budapest'!S14-'FS Budapest'!S13)<0,"0",('FS Budapest'!S14-'FS Budapest'!S13)) -> 0 | O11: =IF(('FS Budapest'!V14-'FS Budapest'!V13)<0,"0",('FS Budapest'!V14-'FS Budapest'!V13)) -> 0 | P11: =IF(('FS Budapest'!X14-'FS Budapest'!X13)<0,"0",('FS Budapest'!X14-'FS Budapest'!X13)) -> 45 | Q11: ='FS Budapest'!AB14 -> 0 | R11: ='FS Budapest'!AE14 -> 3 | S11: ='FS Budapest'!AF14 -> 0 | T11: =IF(('FS Budapest'!AK14-'FS Budapest'!AK13)<0,"0",('FS Budapest'!AK14-'FS Budapest'!AK13)) -> 798 | U11: =IF(('FS Budapest'!AM14-'FS Budapest'!AM13)<0,"0",('FS Budapest'!AM14-'FS Budapest'!AM13)) -> 59 | V11: =IF(('FS Budapest'!AO14-'FS Budapest'!AO13)<0,"0",('FS Budapest'!AO14-'FS Budapest'!AO13)) -> 0 | W11: =IF(('FS Budapest'!AQ14-'FS Budapest'!AQ13)<0,"0",('FS Budapest'!AQ14-'FS Budapest'!AQ13)) -> 0 | X11: ='FS Budapest'!AY14 -> 0 | Y11: =IF(('FS Budapest'!BA14-'FS Budapest'!BA13)<0,"0",('FS Budapest'!BA14-'FS Budapest'!BA13)*4400) -> 17380 | Z11: ='FS Budapest'!BI14 -> 17380 | AA11: ='FS Budapest'!BJ14 -> 14189 | AB11: =IF(('FS Budapest'!BK14-'FS Budapest'!BK13)<0,"0",('FS Budapest'!BK14-'FS Budapest'!BK13)*100) -> 506 | AC11: ='FS Budapest'!BM14 -> 17886 | AD11: =IF(('FS Budapest'!BP14-'FS Budapest'!BP13)<0,"0",('FS Budapest'!BP14-'FS Budapest'!BP13)) -> 15 | AE11: =IF(('FS Budapest'!BR14-'FS Budapest'!BR13)<0,"0",('FS Budapest'!BR14-'FS Budapest'!BR13)) -> 3176 | AF11: ='FS Budapest'!BU14 -> 65 | AG11: ='FS Budapest'!BV14 -> 76
A12: Budapest | B12: =B11+1 -> 11 | C12: 6 | D12: 2021 | E12: =IF(('FS Budapest'!C15-'FS Budapest'!C14)<0,"0",('FS Budapest'!C15-'FS Budapest'!C14)) -> 37 | F12: =IF(('FS Budapest'!D15-'FS Budapest'!D14)<0,"0",('FS Budapest'!D15-'FS Budapest'!D14)) -> 70 | G12: =IF(('FS Budapest'!E15-'FS Budapest'!Y15)<0,"0",('FS Budapest'!E15-'FS Budapest'!Y15)) -> 42 | H12: =IF(('FS Budapest'!H15-'FS Budapest'!H14)<0,"0",('FS Budapest'!H15-'FS Budapest'!H14)) -> 65 | I12: =IF(('FS Budapest'!I15-'FS Budapest'!I14)<0,"0",('FS Budapest'!I15-'FS Budapest'!I14)) -> 5 | J12: =IF(('FS Budapest'!K15-'FS Budapest'!K14)<0,"0",('FS Budapest'!K15-'FS Budapest'!K14)) -> 4 | K12: =IF(('FS Budapest'!M15-'FS Budapest'!M14)<0,"0",('FS Budapest'!M15-'FS Budapest'!M14)) -> 5 | L12: =IF(('FS Budapest'!O15-'FS Budapest'!O14)<0,"0",('FS Budapest'!O15-'FS Budapest'!O14)) -> 6 | M12: =IF(('FS Budapest'!Q15-'FS Budapest'!Q14)<0,"0",('FS Budapest'!Q15-'FS Budapest'!Q14)) -> 0 | N12: =IF(('FS Budapest'!S15-'FS Budapest'!S14)<0,"0",('FS Budapest'!S15-'FS Budapest'!S14)) -> 0 | O12: =IF(('FS Budapest'!V15-'FS Budapest'!V14)<0,"0",('FS Budapest'!V15-'FS Budapest'!V14)) -> 0 | P12: =IF(('FS Budapest'!X15-'FS Budapest'!X14)<0,"0",('FS Budapest'!X15-'FS Budapest'!X14)) -> 28 | Q12: ='FS Budapest'!AB15 -> 0 | R12: ='FS Budapest'!AE15 -> 3 | S12: ='FS Budapest'!AF15 -> 0 | T12: =IF(('FS Budapest'!AK15-'FS Budapest'!AK14)<0,"0",('FS Budapest'!AK15-'FS Budapest'!AK14)) -> 752 | U12: =IF(('FS Budapest'!AM15-'FS Budapest'!AM14)<0,"0",('FS Budapest'!AM15-'FS Budapest'!AM14)) -> 44 | V12: =IF(('FS Budapest'!AO15-'FS Budapest'!AO14)<0,"0",('FS Budapest'!AO15-'FS Budapest'!AO14)) -> 0 | W12: =IF(('FS Budapest'!AQ15-'FS Budapest'!AQ14)<0,"0",('FS Budapest'!AQ15-'FS Budapest'!AQ14)) -> 0 | X12: ='FS Budapest'!AY15 -> 0 | Y12: =IF(('FS Budapest'!BA15-'FS Budapest'!BA14)<0,"0",('FS Budapest'!BA15-'FS Budapest'!BA14)*4400) -> 17028 | Z12: ='FS Budapest'!BI15 -> 17028 | AA12: ='FS Budapest'!BJ15 -> 13960 | AB12: =IF(('FS Budapest'!BK15-'FS Budapest'!BK14)<0,"0",('FS Budapest'!BK15-'FS Budapest'!BK14)*100) -> 546 | AC12: ='FS Budapest'!BM15 -> 17574 | AD12: =IF(('FS Budapest'!BP15-'FS Budapest'!BP14)<0,"0",('FS Budapest'!BP15-'FS Budapest'!BP14)) -> 20 | AE12: =IF(('FS Budapest'!BR15-'FS Budapest'!BR14)<0,"0",('FS Budapest'!BR15-'FS Budapest'!BR14)) -> 3048 | AF12: ='FS Budapest'!BU15 -> 52 | AG12: ='FS Budapest'!BV15 -> 61
A13: Budapest | B13: =B12+1 -> 12 | C13: 6 | D13: 2021 | E13: =IF(('FS Budapest'!C16-'FS Budapest'!C15)<0,"0",('FS Budapest'!C16-'FS Budapest'!C15)) -> 35 | F13: =IF(('FS Budapest'!D16-'FS Budapest'!D15)<0,"0",('FS Budapest'!D16-'FS Budapest'!D15)) -> 43 | G13: =IF(('FS Budapest'!E16-'FS Budapest'!Y16)<0,"0",('FS Budapest'!E16-'FS Budapest'!Y16)) -> 31 | H13: =IF(('FS Budapest'!H16-'FS Budapest'!H15)<0,"0",('FS Budapest'!H16-'FS Budapest'!H15)) -> 64 | I13: =IF(('FS Budapest'!I16-'FS Budapest'!I15)<0,"0",('FS Budapest'!I16-'FS Budapest'!I15)) -> 3 | J13: =IF(('FS Budapest'!K16-'FS Budapest'!K15)<0,"0",('FS Budapest'!K16-'FS Budapest'!K15)) -> 5 | K13: =IF(('FS Budapest'!M16-'FS Budapest'!M15)<0,"0",('FS Budapest'!M16-'FS Budapest'!M15)) -> 5 | L13: =IF(('FS Budapest'!O16-'FS Budapest'!O15)<0,"0",('FS Budapest'!O16-'FS Budapest'!O15)) -> 6 | M13: =IF(('FS Budapest'!Q16-'FS Budapest'!Q15)<0,"0",('FS Budapest'!Q16-'FS Budapest'!Q15)) -> 0 | N13: =IF(('FS Budapest'!S16-'FS Budapest'!S15)<0,"0",('FS Budapest'!S16-'FS Budapest'!S15)) -> 0 | O13: =IF(('FS Budapest'!V16-'FS Budapest'!V15)<0,"0",('FS Budapest'!V16-'FS Budapest'!V15)) -> 0 | P13: =IF(('FS Budapest'!X16-'FS Budapest'!X15)<0,"0",('FS Budapest'!X16-'FS Budapest'!X15)) -> 12 | Q13: ='FS Budapest'!AB16 -> 0 | R13: ='FS Budapest'!AE16 -> 2 | S13: ='FS Budapest'!AF16 -> 0 | T13: =IF(('FS Budapest'!AK16-'FS Budapest'!AK15)<0,"0",('FS Budapest'!AK16-'FS Budapest'!AK15)) -> 751 | U13: =IF(('FS Budapest'!AM16-'FS Budapest'!AM15)<0,"0",('FS Budapest'!AM16-'FS Budapest'!AM15)) -> 53 | V13: =IF(('FS Budapest'!AO16-'FS Budapest'!AO15)<0,"0",('FS Budapest'!AO16-'FS Budapest'!AO15)) -> 0 | W13: =IF(('FS Budapest'!AQ16-'FS Budapest'!AQ15)<0,"0",('FS Budapest'!AQ16-'FS Budapest'!AQ15)) -> 0 | X13: ='FS Budapest'!AY16 -> 0 | Y13: =IF(('FS Budapest'!BA16-'FS Budapest'!BA15)<0,"0",('FS Budapest'!BA16-'FS Budapest'!BA15)*4400) -> 17292 | Z13: ='FS Budapest'!BI16 -> 17292 | AA13: ='FS Budapest'!BJ16 -> 11588 | AB13: =IF(('FS Budapest'!BK16-'FS Budapest'!BK15)<0,"0",('FS Budapest'!BK16-'FS Budapest'!BK15)*100) -> 410 | AC13: ='FS Budapest'!BM16 -> 17702 | AD13: =IF(('FS Budapest'!BP16-'FS Budapest'!BP15)<0,"0",('FS Budapest'!BP16-'FS Budapest'!BP15)) -> 19 | AE13: =IF(('FS Budapest'!BR16-'FS Budapest'!BR15)<0,"0",('FS Budapest'!BR16-'FS Budapest'!BR15)) -> 5685 | AF13: ='FS Budapest'!BU16 -> 54 | AG13: ='FS Budapest'!BV16 -> 65
A14: Budapest | B14: =B13+1 -> 13 | C14: 6 | D14: 2021 | E14: =IF(('FS Budapest'!C17-'FS Budapest'!C16)<0,"0",('FS Budapest'!C17-'FS Budapest'!C16)) -> 26 | F14: =IF(('FS Budapest'!D17-'FS Budapest'!D16)<0,"0",('FS Budapest'!D17-'FS Budapest'!D16)) -> 81 | G14: =IF(('FS Budapest'!E17-'FS Budapest'!Y17)<0,"0",('FS Budapest'!E17-'FS Budapest'!Y17)) -> 10 | H14: =IF(('FS Budapest'!H17-'FS Budapest'!H16)<0,"0",('FS Budapest'!H17-'FS Budapest'!H16)) -> 50 | I14: =IF(('FS Budapest'!I17-'FS Budapest'!I16)<0,"0",('FS Budapest'!I17-'FS Budapest'!I16)) -> 4 | J14: =IF(('FS Budapest'!K17-'FS Budapest'!K16)<0,"0",('FS Budapest'!K17-'FS Budapest'!K16)) -> 3 | K14: =IF(('FS Budapest'!M17-'FS Budapest'!M16)<0,"0",('FS Budapest'!M17-'FS Budapest'!M16)) -> 8 | L14: =IF(('FS Budapest'!O17-'FS Budapest'!O16)<0,"0",('FS Budapest'!O17-'FS Budapest'!O16)) -> 4 | M14: =IF(('FS Budapest'!Q17-'FS Budapest'!Q16)<0,"0",('FS Budapest'!Q17-'FS Budapest'!Q16)) -> 0 | N14: =IF(('FS Budapest'!S17-'FS Budapest'!S16)<0,"0",('FS Budapest'!S17-'FS Budapest'!S16)) -> 0 | O14: =IF(('FS Budapest'!V17-'FS Budapest'!V16)<0,"0",('FS Budapest'!V17-'FS Budapest'!V16)) -> 0 | P14: =IF(('FS Budapest'!X17-'FS Budapest'!X16)<0,"0",('FS Budapest'!X17-'FS Budapest'!X16)) -> 71 | Q14: ='FS Budapest'!AB17 -> 0 | R14: ='FS Budapest'!AE17 -> 4 | S14: ='FS Budapest'!AF17 -> 0 | T14: =IF(('FS Budapest'!AK17-'FS Budapest'!AK16)<0,"0",('FS Budapest'!AK17-'FS Budapest'!AK16)) -> 818 | U14: =IF(('FS Budapest'!AM17-'FS Budapest'!AM16)<0,"0",('FS Budapest'!AM17-'FS Budapest'!AM16)) -> 35 | V14: =IF(('FS Budapest'!AO17-'FS Budapest'!AO16)<0,"0",('FS Budapest'!AO17-'FS Budapest'!AO16)) -> 0 | W14: =IF(('FS Budapest'!AQ17-'FS Budapest'!AQ16)<0,"0",('FS Budapest'!AQ17-'FS Budapest'!AQ16)) -> 0 | X14: ='FS Budapest'!AY17 -> 0 | Y14: =IF(('FS Budapest'!BA17-'FS Budapest'!BA16)<0,"0",('FS Budapest'!BA17-'FS Budapest'!BA16)*4400) -> 15444 | Z14: ='FS Budapest'!BI17 -> 15444 | AA14: ='FS Budapest'!BJ17 -> 12983 | AB14: =IF(('FS Budapest'!BK17-'FS Budapest'!BK16)<0,"0",('FS Budapest'!BK17-'FS Budapest'!BK16)*100) -> 522 | AC14: ='FS Budapest'!BM17 -> 15966 | AD14: =IF(('FS Budapest'!BP17-'FS Budapest'!BP16)<0,"0",('FS Budapest'!BP17-'FS Budapest'!BP16)) -> 20 | AE14: =IF(('FS Budapest'!BR17-'FS Budapest'!BR16)<0,"0",('FS Budapest'!BR17-'FS Budapest'!BR16)) -> 2441 | AF14: ='FS Budapest'!BU17 -> 51 | AG14: ='FS Budapest'!BV17 -> 63
... A31: Budapest | B31: =B30+1 -> 30 | C31: 6 | D31: 2021 | E31: =IF(('FS Budapest'!C34-'FS Budapest'!C33)<0,"0",('FS Budapest'!C34-'FS Budapest'!C33)) -> 27 | F31: =IF(('FS Budapest'!D34-'FS Budapest'!D33)<0,"0",('FS Budapest'!D34-'FS Budapest'!D33)) -> 79 | G31: =IF(('FS Budapest'!E34-'FS Budapest'!Y34)<0,"0",('FS Budapest'!E34-'FS Budapest'!Y34)) -> 18 | H31: =IF(('FS Budapest'!H34-'FS Budapest'!H33)<0,"0",('FS Budapest'!H34-'FS Budapest'!H33)) -> 85 | I31: =IF(('FS Budapest'!I34-'FS Budapest'!I33)<0,"0",('FS Budapest'!I34-'FS Budapest'!I33)) -> 24 | J31: =IF(('FS Budapest'!K34-'FS Budapest'!K33)<0,"0",('FS Budapest'!K34-'FS Budapest'!K33)) -> 4 | K31: =IF(('FS Budapest'!M34-'FS Budapest'!M33)<0,"0",('FS Budapest'!M34-'FS Budapest'!M33)) -> 4 | L31: =IF(('FS Budapest'!O34-'FS Budapest'!O33)<0,"0",('FS Budapest'!O34-'FS Budapest'!O33)) -> 2 | M31: =IF(('FS Budapest'!Q34-'FS Budapest'!Q33)<0,"0",('FS Budapest'!Q34-'FS Budapest'!Q33)) -> 9 | N31: =IF(('FS Budapest'!S34-'FS Budapest'!S33)<0,"0",('FS Budapest'!S34-'FS Budapest'!S33)) -> 0 | O31: =IF(('FS Budapest'!V34-'FS Budapest'!V33)<0,"0",('FS Budapest'!V34-'FS Budapest'!V33)) -> 0 | P31: =IF(('FS Budapest'!X34-'FS Budapest'!X33)<0,"0",('FS Budapest'!X34-'FS Budapest'!X33)) -> 61 | Q31: ='FS Budapest'!AB34 -> 0 | R31: ='FS Budapest'!AE34 -> 3 | S31: ='FS Budapest'!AF34 -> 15 | T31: =IF(('FS Budapest'!AK34-'FS Budapest'!AK33)<0,"0",('FS Budapest'!AK34-'FS Budapest'!AK33)) -> 746 | U31: =IF(('FS Budapest'!AM34-'FS Budapest'!AM33)<0,"0",('FS Budapest'!AM34-'FS Budapest'!AM33)) -> 34 | V31: =IF(('FS Budapest'!AO34-'FS Budapest'!AO33)<0,"0",('FS Budapest'!AO34-'FS Budapest'!AO33)) -> 521 | W31: =IF(('FS Budapest'!AQ34-'FS Budapest'!AQ33)<0,"0",('FS Budapest'!AQ34-'FS Budapest'!AQ33)) -> 0 | X31: ='FS Budapest'!AY34 -> 0 | Y31: =IF(('FS Budapest'!BA34-'FS Budapest'!BA33)<0,"0",('FS Budapest'!BA34-'FS Budapest'!BA33)*4400) -> 19712 | Z31: ='FS Budapest'!BI34 -> 19712 | AA31: ='FS Budapest'!BJ34 -> 16459 | AB31: =IF(('FS Budapest'!BK34-'FS Budapest'!BK33)<0,"0",('FS Budapest'!BK34-'FS Budapest'!BK33)*100) -> 536 | AC31: ='FS Budapest'!BM34 -> 20248 | AD31: =IF(('FS Budapest'!BP34-'FS Budapest'!BP33)<0,"0",('FS Budapest'!BP34-'FS Budapest'!BP33)) -> 3117 | AE31: =IF(('FS Budapest'!BR34-'FS Budapest'!BR33)<0,"0",('FS Budapest'!BR34-'FS Budapest'!BR33)) -> 136 | AF31: ='FS Budapest'!BU34 -> 45 | AG31: ='FS Budapest'!BV34 -> 53

Sheet FS Budapest
B1: WATER (Víz)& SEWAGE | AK1: GAS (Gáz) | AW1: Villany / Electricity | BU1: Room Nights | BV1: Room Nights
C2: 1. supply water | E2: hotel | H2: 2.supply | I2: laundry | K2: kitchen | M2: DHW kitchen | O2: DHW hotel | Q2: steam pit | S2: boiler cooling | U2: left steam supply | V2: right steam supply | X2: tower | Z2: pool | AA2: jacuzzi | AC2: 1.garage supply | AD2: 2.garage supply | AK2: 1.gas supply | AM2: 2.gas supply | AO2: steam boiler 1 | AQ2: steam boiler 2 | AW2: Elec supply1. | AZ2: Elec supply2. | BK2: garage | BP2: chiller1 | BR2: chiller2
C3: B074 Nagy | D3: B074 Szálloda | E3: B074 szálloda napi+torony | F3: B074 szálloda napi-torony | H3: B057 Nagy | I3: B074 mosoda víz | J3: B074 mosoda víz napi | K3: B054 konyha | L3: B054 konyha napi | M3: HMV konyha | N3: ösz | O3: HMV szálloda | P3: ösz | Q3: B 105 Gőzakna | R3: /Pit/ Gőzakna össz | S3: Kazán hűtővíz | T3: Kazán hűtővíz össz | U3: kazán tápvíz ball | V3: kazán tápvíz jobb | W3: kazán tápvíz össz | X3: CT-PÓTVÍZ | Y3: CT-PÓTVÍZ össz | Z3: Úszó medence | AA3: Jakuczi medence | AB3: SPA össz | AC3: Garázs kicsi | AD3: Garázs nagy | AE3: garázs össz | AF3: Gőz össz. | AG3: össz: | AH3: [össz] | AI3: Tervezett | AJ3: Megvalósult | AK3: 1 mérő | AL3: 1-es mérő napi fogy. | AM3: 2 mérő | AN3: 2-es mérő napi fogy. | AO3: Gőzkazán 1 | AQ3: Gőzkazán 2 | AS3: össz: | AT3: [össz] | AU3: Tervezett | AV3: Megvalósult | AW3: 8.2 | AX3: 18 | AY3: 1-es mérő napifogy. | AZ3: 8.2 | BA3: 18 | BB3: 2-es mérő napifogy. | BC3: 8.2 össz | BD3: ÉJSZAKAI INPULZUS [8.2 össz] | BE3: ÉJSZAKAI FOGYASZTÁS KWh | BF3: 8.3 össz | BG3: NAPPALI INPULZUS [8.3 össz] | BH3: NAPPALI FOGYASZTÁS KWh | BI3: hotel absolut napi fogyasztás KWh | BJ3: hotel absolut napi fogyasztás-hütők KWh | BK3: 18 GARAGE | BL3: GARAGE NAPI FOGYASZTÁS KWh | BM3: GARAGE + PALACE SUMMA DAYLI KWh | BN3: Tervezett | BO3: Megvalósult | BP3: HŰTŐ 1 | BQ3: HŰTŐ 1 NAPI | BR3: HŰTŐ 2 | BS3: HŰTŐ 2 NAPI | BT3: HŰTŐ 1+2 NAPI | BU3: Room Nights | BV3: # Guests
A4: 31 | C4: 77979 | D4: 245059 | E4: 57 | F4: 29 | G4: 11 | H4: 146450 | I4: 79291 | J4: 4 | K4: 15886 | L4: 6 | M4: 1444 | N4: 9 | O4: 1543 | P4: 15 | Q4: 58339 | R4: 0 | S4: 25445 | T4: 0 | U4: 9826 | V4: 2125 | W4: 1 | X4: 40097 | Y4: 28 | Z4: 8158 | AA4: 7255 | AB4: 0 | AC4: 2759 | AD4: 1894 | AE4: 3 | AF4: 1 | AG4: 224440 | AH4: 89 | AI4: 30 | AJ4: -59 | AK4: 2280052 | AL4: 1597 | AM4: 70331 | AN4: 52 | AO4: 143596 | AP4: 0 | AQ4: 166682 | AR4: 155 | AS4: 2351980 | AT4: 1648 | AU4: 800 | AV4: -848 | AX4: 0 | AY4: 0 | AZ4: 1150.15 | BA4: 1150.15 | BB4: 12936 | BC4: 1150.15 | BD4: 1150.15 | BE4: 5060660 | BF4: 1150.15 | BG4: 2.94 | BH4: 12936 | BI4: 12936 | BJ4: 10762 | BK4: 2717.34 | BL4: 592 | BM4: 13528 | BN4: 10000 | BO4: -3528 | BP4: 2857994 | BQ4: 20 | BR4: 4242759 | BS4: 2154 | BT4: 2174 | BU4: 82 | BV4: 97
A5: 1 | C5: 78024 | D5: 245113 | E5: 54 | F5: 27 | H5: 146523 | I5: 79313 | J5: 22 | K5: 15894 | L5: 8 | M5: 1450 | N5: 6 | O5: 1549 | P5: 6 | Q5: 58348 | R5: 9 | S5: 25448 | T5: 3 | U5: 9826 | V5: 2133 | W5: 8 | X5: 40124 | Y5: 27 | Z5: 8158 | AA5: 7255 | AB5: 0 | AC5: 2761 | AD5: 1896 | AE5: 4 | AF5: 20 | AG5: 224547 | AH5: 107 | AI5: 190 | AJ5: 83 | AK5: 2281659 | AL5: 1140 | AM5: 70373 | AN5: 42 | AO5: 143596 | AP5: 0 | AQ5: 167252 | AR5: 1096 | AS5: 2353172 | AT5: 1182 | AU5: 1200 | AV5: 18 | AW5: 0 | AX5: 0 | AY5: 0 | AZ5: 1153.95 | BA5: 1153.95 | BB5: 16720 | BC5: 1153.95 | BD5: 1153.95 | BE5: 5077380 | BF5: 1153.95 | BG5: 3.8 | BH5: 16720 | BI5: 16720 | BJ5: 14362 | BK5: 2723.14 | BL5: 580 | BM5: 17300 | BN5: 20400 | BO5: 3100 | BP5: 2858033 | BQ5: 39 | BR5: 4245078 | BS5: 2319 | BT5: 2358 | BU5: 55 | BV5: 59
A6: 2 | C6: 78069 | D6: 245146 | E6: 33 | F6: 5 | H6: 146600 | I6: 79337 | J6: 24 | K6: 15898 | L6: 4 | M6: 1455 | N6: 5 | O6: 1555 | P6: 6 | Q6: 58358 | R6: 10 | S6: 25448 | T6: 0 | U6: 9826 | V6: 2140 | W6: 7 | X6: 40152 | Y6: 28 | Z6: 8158 | AA6: 7255 | AB6: 0 | AC6: 2764 | AD6: 1898 | AE6: 5 | AF6: 17 | AG6: 224669 | AH6: 122 | AI6: 190 | AJ6: 68 | AK6: 2283120 | AL6: 994 | AM6: 70424 | AN6: 51 | AO6: 143596 | AP6: 0 | AQ6: 167252 | AR6: 0 | AS6: 2354538 | AT6: 1045 | AU6: 1200 | AV6: 155 | AW6: 0 | AX6: 0 | AY6: 0 | AZ6: 1157.29 | BA6: 1157.29 | BB6: 14696 | BC6: 1157.29 | BD6: 1157.29 | BE6: 5092076 | BF6: 1157.29 | BG6: 3.34 | BH6: 14696 | BI6: 14696 | BJ6: 12334 | BK6: 2728.82 | BL6: 568 | BM6: 15264 | BN6: 20400 | BO6: 5136 | BP6: 2858033 | BQ6: 0 | BR6: 4247440 | BS6: 2362 | BT6: 2362 | BU6: 63 | BV6: 65
A7: 3 | C7: 78106 | D7: 245223 | E7: 77 | F7: 44 | H7: 146663 | I7: 79341 | J7: 4 | K7: 15902 | L7: 4 | M7: 1461 | N7: 6 | O7: 1561 | P7: 6 | Q7: 58367 | R7: 9 | S7: 25449 | T7: 1 | U7: 9826 | V7: 2145 | W7: 5 | X7: 40185 | Y7: 33 | Z7: 8158 | AA7: 7255 | AB7: 0 | AC7: 2767 | AD7: 1900 | AE7: 5 | AF7: 15 | AG7: 224769 | AH7: 100 | AI7: 190 | AJ7: 90 | AK7: 2284367 | AL7: 1247 | AM7: 70476 | AN7: 52 | AO7: 143596 | AP7: 0 | AQ7: 167635 | AR7: 383 | AS7: 2356090 | AT7: 1299 | AU7: 1200 | AV7: -99 | AW7: 0 | AX7: 0 | AY7: 0 | AZ7: 1160.78 | BA7: 1160.78 | BB7: 15356 | BC7: 1160.78 | BD7: 1160.78 | BE7: 5107432 | BF7: 1160.78 | BG7: 3.49 | BH7: 15356 | BI7: 15356 | BJ7: 12609 | BK7: 2734.38 | BL7: 556 | BM7: 15912 | BN7: 20400 | BO7: 4488 | BP7: 2858092 | BQ7: 59 | BR7: 4250128 | BS7: 2688 | BT7: 2747 | BU7: 62 | BV7: 63
A8: 4 | C8: 78141 | D8: 245287 | E8: 64 | F8: 27 | H8: 146726 | I8: 79340 | J8: -1 | K8: 15902 | L8: 0 | M8: 1466 | N8: 5 | O8: 1567 | P8: 6 | Q8: 58367 | R8: 0 | S8: 25450 | T8: 1 | U8: 9826 | V8: 2145 | W8: 0 | X8: 40222 | Y8: 37 | Z8: 8158 | AA8: 7255 | AB8: 0 | AC8: 2770 | AD8: 1901 | AE8: 4 | AF8: 1 | AG8: 224867 | AH8: 98 | AI8: 190 | AJ8: 92 | AK8: 116958 | AL8: 643 | AM8: 2757 | AN8: 57 | AO8: 143596 | AP8: 0 | AQ8: 167679 | AR8: 44 | AS8: 120358 | AT8: 700 | AU8: 1200 | AV8: 500 | AW8: 0 | AX8: 0 | AY8: 0 | AZ8: 1164.54 | BA8: 1164.54 | BB8: 16544 | BC8: 1164.54 | BD8: 1164.54 | BE8: 5123976 | BF8: 1164.54 | BG8: 3.76 | BH8: 16544 | BI8: 16544 | BJ8: 13439 | BK8: 2739.83 | BL8: 545 | BM8: 17089 | BN8: 20400 | BO8: 3311 | BP8: 2858112 | BQ8: 20 | BR8: 4253213 | BS8: 3085 | BT8: 3105 | BU8: 69 | BV8: 81
A9: 5 | C9: 78176 | D9: 245353 | E9: 66 | F9: 28 | H9: 146788 | I9: 79347 | J9: 7 | K9: 15907 | L9: 5 | M9: 1472 | N9: 6 | O9: 1573 | P9: 6 | Q9: 58367 | R9: 0 | S9: 25450 | T9: 0 | U9: 9826 | V9: 2145 | W9: 0 | X9: 40260 | Y9: 38 | Z9: 8158 | AA9: 7255 | AB9: 0 | AC9: 2772 | AD9: 1902 | AE9: 3 | AF9: 0 | AG9: 224964 | AH9: 97 | AI9: 190 | AJ9: 93 | AK9: 117656 | AL9: 698 | AM9: 2803 | AN9: 46 | AO9: 143596 | AP9: 0 | AQ9: 167679 | AR9: 0 | AS9: 121157 | AT9: 744 | AU9: 1200 | AV9: 456 | AW9: 0 | AX9: 0 | AY9: 0 | AZ9: 1168.22 | BA9: 1168.22 | BB9: 16192 | BC9: 1168.22 | BD9: 1168.22 | BE9: 5140168 | BF9: 1168.22 | BG9: 3.68 | BH9: 16192 | BI9: 16192 | BJ9: 13045 | BK9: 2744.41 | BL9: 458 | BM9: 16650 | BN9: 20400 | BO9: 3750 | BP9: 2858132 | BQ9: 20 | BR9: 4256340 | BS9: 3127 | BT9: 3147 | BU9: 77 | BV9: 91
A10: 6 | C10: 78210 | D10: 245423 | E10: 70 | F10: 33 | H10: 146850 | I10: 79350 | J10: 3 | K10: 15911 | L10: 4 | M10: 1478 | N10: 6 | O10: 1583 | P10: 10 | Q10: 58367 | R10: 0 | S10: 25450 | T10: 0 | U10: 9826 | V10: 2145 | W10: 0 | X10: 40297 | Y10: 37 | Z10: 8158 | AA10: 7255 | AB10: 0 | AC10: 2774 | AD10: 1902 | AE10: 2 | AF10: 0 | AG10: 225060 | AH10: 96 | AI10: 190 | AJ10: 94 | AK10: 118328 | AL10: 672 | AM10: 2841 | AN10: 38 | AO10: 143596 | AP10: 0 | AQ10: 167679 | AR10: 0 | AS10: 121841 | AT10: 710 | AU10: 1200 | AV10: 490 | AW10: 0 | AX10: 0 | AY10: 0 | AZ10: 1171.97 | BA10: 1171.97 | BB10: 16500 | BC10: 1171.97 | BD10: 1171.97 | BE10: 5156668 | BF10: 1171.97 | BG10: 3.75 | BH10: 16500 | BI10: 16500 | BJ10: 13249 | BK10: 2748.76 | BL10: 435 | BM10: 16935 | BN10: 20400 | BO10: 3465 | BP10: 2858151 | BQ10: 19 | BR10: 4259572 | BS10: 3232 | BT10: 3251 | BU10: 71 | BV10: 80
A11: 7 | C11: 78248 | D11: 245498 | E11: 75 | F11: 33 | H11: 146918 | I11: 79353 | J11: 3 | K11: 15915 | L11: 4 | M11: 1484 | N11: 6 | O11: 1591 | P11: 8 | Q11: 58378 | R11: 11 | S11: 25450 | T11: 0 | U11: 9826 | V11: 2146 | W11: 1 | X11: 40339 | Y11: 42 | Z11: 8158 | AA11: 7255 | AB11: 0 | AC11: 2776 | AD11: 1904 | AE11: 4 | AF11: 12 | AG11: 225166 | AH11: 106 | AI11: 190 | AJ11: 84 | AK11: 119221 | AL11: 893 | AM11: 2884 | AN11: 43 | AO11: 143596 | AP11: 0 | AQ11: 167806 | AR11: 127 | AS11: 122998 | AT11: 936 | AU11: 1200 | AV11: 264 | AW11: 0 | AX11: 0 | AY11: 0 | AZ11: 1175.75 | BA11: 1175.75 | BB11: 16632 | BC11: 1175.75 | BD11: 1175.75 | BE11: 5173300 | BF11: 1175.75 | BG11: 3.78 | BH11: 16632 | BI11: 16632 | BJ11: 13666 | BK11: 2754.4 | BL11: 564 | BM11: 17196 | BN11: 20400 | BO11: 3204 | BP11: 2858170 | BQ11: 19 | BR11: 4262519 | BS11: 2947 | BT11: 2966 | BU11: 71 | BV11: 77
A12: 8 | C12: 78303 | D12: 245580 | E12: 82 | F12: 31 | H12: 147014 | I12: 79379 | J12: 26 | K12: 15919 | L12: 4 | M12: 1490 | N12: 6 | O12: 1598 | P12: 7 | Q12: 58391 | R12: 13 | S12: 25450 | T12: 0 | U12: 9826 | V12: 2154 | W12: 8 | X12: 40390 | Y12: 51 | Z12: 8158 | AA12: 7255 | AB12: 0 | AC12: 2779 | AD12: 1906 | AE12: 5 | AF12: 21 | AG12: 225317 | AH12: 151 | AI12: 190 | AJ12: 39 | AK12: 120390 | AL12: 1169 | AM12: 2918 | AN12: 34 | AO12: 143596 | AP12: 0 | AQ12: 168383 | AR12: 577 | AS12: 124477 | AT12: 1203 | AU12: 1200 | AV12: -3 | AW12: 0 | AX12: 0 | AY12: 0 | AZ12: 1179.36 | BA12: 1179.36 | BB12: 15884 | BC12: 1179.36 | BD12: 1179.36 | BE12: 5189184 | BF12: 1179.36 | BG12: 3.61 | BH12: 15884 | BI12: 15884 | BJ12: 12727 | BK12: 2760.18 | BL12: 578 | BM12: 16462 | BN12: 20400 | BO12: 3938 | BP12: 2858345 | BQ12: 175 | BR12: 4265501 | BS12: 2982 | BT12: 3157 | BU12: 73 | BV12: 83
A13: 9 | C13: 78355 | D13: 245667 | E13: 87 | F13: 35 | H13: 147105 | I13: 79394 | J13: 15 | K13: 15923 | L13: 4 | M13: 1496 | N13: 6 | O13: 1605 | P13: 7 | Q13: 58391 | R13: 0 | S13: 25450 | T13: 0 | U13: 9826 | V13: 2162 | W13: 8 | X13: 40442 | Y13: 52 | Z13: 8158 | AA13: 7255 | AB13: 0 | AC13: 2782 | AD13: 1907 | AE13: 4 | AF13: 8 | AG13: 225460 | AH13: 143 | AI13: 190 | AJ13: 47 | AK13: 121544 | AL13: 1154 | AM13: 2959 | AN13: 41 | AO13: 143596 | AP13: 0 | AQ13: 168958 | AR13: 575 | AS13: 125657 | AT13: 1195 | AU13: 1200 | AV13: 5 | AW13: 0 | AX13: 0 | AY13: 0 | AZ13: 1183.16 | BA13: 1183.16 | BB13: 16720 | BC13: 1183.16 | BD13: 1183.16 | BE13: 5205904 | BF13: 1183.16 | BG13: 3.8 | BH13: 16720 | BI13: 16720 | BJ13: 13382 | BK13: 2765.35 | BL13: 517 | BM13: 17237 | BN13: 20400 | BO13: 3163 | BP13: 2858369 | BQ13: 24 | BR13: 4268815 | BS13: 3314 | BT13: 3338 | BU13: 74 | BV13: 83
A14: 10 | C14: 78392 | D14: 245742 | E14: 75 | F14: 30 | H14: 147171 | I14: 79398 | J14: 4 | K14: 15927 | L14: 4 | M14: 1502 | N14: 6 | O14: 1613 | P14: 8 | Q14: 58391 | R14: 0 | S14: 25450 | T14: 0 | U14: 9826 | V14: 2162 | W14: 0 | X14: 40487 | Y14: 45 | Z14: 8158 | AA14: 7255 | AB14: 0 | AC14: 2784 | AD14: 1908 | AE14: 3 | AF14: 0 | AG14: 225563 | AH14: 103 | AI14: 190 | AJ14: 87 | AK14: 122342 | AL14: 798 | AM14: 3018 | AN14: 59 | AO14: 143596 | AP14: 0 | AQ14: 168958 | AR14: 0 | AS14: 126158 | AT14: 857 | AU14: 1200 | AV14: 343 | AW14: 0 | AX14: 0 | AY14: 0 | AZ14: 1187.11 | BA14: 1187.11 | BB14: 17380 | BC14: 1187.11 | BD14: 1187.11 | BE14: 5223284 | BF14: 1187.11 | BG14: 3.95 | BH14: 17380 | BI14: 17380 | BJ14: 14189 | BK14: 2770.41 | BL14: 506 | BM14: 17886 | BN14: 20400 | BO14: 2514 | BP14: 2858384 | BQ14: 15 | BR14: 4271991 | BS14: 3176 | BT14: 3191 | BU14: 65 | BV14: 76
A15: 11 | C15: 78429 | D15: 245812 | E15: 70 | F15: 42 | H15: 147236 | I15: 79403 | J15: 5 | K15: 15931 | L15: 4 | M15: 1507 | N15: 5 | O15: 1619 | P15: 6 | Q15: 58391 | R15: 0 | S15: 25450 | T15: 0 | U15: 9826 | V15: 2162 | W15: 0 | X15: 40515 | Y15: 28 | Z15: 8158 | AA15: 7255 | AB15: 0 | AC15: 2786 | AD15: 1909 | AE15: 3 | AF15: 0 | AG15: 225665 | AH15: 102 | AI15: 190 | AJ15: 88 | AK15: 123094 | AL15: 752 | AM15: 3062 | AN15: 44 | AO15: 143596 | AP15: 0 | AQ15: 168958 | AR15: 0 | AS15: 126908 | AT15: 796 | AU15: 1200 | AV15: 404 | AW15: 0 | AX15: 0 | AY15: 0 | AZ15: 1190.98 | BA15: 1190.98 | BB15: 17028 | BC15: 1190.98 | BD15: 1190.98 | BE15: 5240312 | BF15: 1190.98 | BG15: 3.87 | BH15: 17028 | BI15: 17028 | BJ15: 13960 | BK15: 2775.87 | BL15: 546 | BM15: 17574 | BN15: 20400 | BO15: 2826 | BP15: 2858404 | BQ15: 20 | BR15: 4275039 | BS15: 3048 | BT15: 3068 | BU15: 52 | BV15: 61
A16: 12 | C16: 78464 | D16: 245855 | E16: 43 | F16: 31 | H16: 147300 | I16: 79406 | J16: 3 | K16: 15936 | L16: 5 | M16: 1512 | N16: 5 | O16: 1625 | P16: 6 | Q16: 58391 | R16: 0 | S16: 25450 | T16: 0 | U16: 9826 | V16: 2162 | W16: 0 | X16: 40527 | Y16: 12 | Z16: 8158 | AA16: 7255 | AB16: 0 | AC16: 2787 | AD16: 1910 | AE16: 2 | AF16: 0 | AG16: 225764 | AH16: 99 | AI16: 190 | AJ16: 91 | AK16: 123845 | AL16: 751 | AM16: 3115 | AN16: 53 | AO16: 143596 | AP16: 0 | AQ16: 168958 | AR16: 0 | AS16: 127711 | AT16: 804 | AU16: 1200 | AV16: 396 | AW16: 0 | AX16: 0 | AY16: 0 | AZ16: 1194.91 | BA16: 1194.91 | BB16: 17292 | BC16: 1194.91 | BD16: 1194.91 | BE16: 5257604 | BF16: 1194.91 | BG16: 3.93 | BH16: 17292 | BI16: 17292 | BJ16: 11588 | BK16: 2779.97 | BL16: 410 | BM16: 17702 | BN16: 20400 | BO16: 2698 | BP16: 2858423 | BQ16: 19 | BR16: 4280724 | BS16: 5685 | BT16: 5704 | BU16: 54 | BV16: 65
... A34: 30 | C34: 79182 | D34: 247294 | E34: 79 | F34: 18 | H34: 148677 | I34: 79588 | J34: 24 | K34: 16008 | L34: 4 | M34: 1620 | N34: 4 | O34: 1711 | P34: 2 | Q34: 58464 | R34: 9 | S34: 25457 | T34: 0 | U34: 9873 | V34: 2162 | W34: 6 | X34: 41511 | Y34: 61 | Z34: 8158 | AA34: 7259 | AB34: 0 | AC34: 2828 | AD34: 1935 | AE34: 3 | AF34: 15 | AG34: 227859 | AH34: 112 | AI34: 190 | AJ34: 78 | AK34: 138735 | AL34: 746 | AM34: 3835 | AN34: 34 | AO34: 148351 | AP34: 521 | AQ34: 168959 | AR34: 0 | AS34: 143316 | AT34: 780 | AU34: 1200 | AV34: 420 | AW34: 0 | AX34: 0 | AY34: 0 | AZ34: 1268.22 | BA34: 1268.22 | BB34: 19712 | BC34: 1268.22 | BD34: 1268.22 | BE34: 5580168 | BF34: 1268.22 | BG34: 4.48 | BH34: 19712 | BI34: 19712 | BJ34: 16459 | BK34: 2871.17 | BL34: 536 | BM34: 20248 | BN34: 20400 | BO34: 152 | BP34: 2871160 | BQ34: 3117 | BR34: 4343227 | BS34: 136 | BT34: 3253 | BU34: 45 | BV34: 53
