Workbook

Sheet TOTAL
A1: Site Name | B1: Day | C1: Month | D1: Year | E1: Total Electricity Kwh | F1: Electricity Tariff ($/Kwh) | G1: Natual Gas (m3) | H1: Natural Gas $/m3 | I1: District Energy Cooling Kwh | J1: District Energy Cooling $/Kwh | K1: Water Utility Supply (m3) m3 | L1: Water Utility Supply (m3) $/m3 | M1: Room Nights | N1: Food Covers | O1: Total Guests
A2: Tokyo at Marunouchi | B2: 1 | C2: 7 | D2: 2021 | E2: ='Marunouchi Daily'!D5 -> 5238 | F2: 15.371802 | G2: ='Marunouchi Daily'!F5 -> 230.11 | H2: 55.660872 | I2: ='Marunouchi Daily'!H5 -> 0 | J2: 2.68 | K2: ='Marunouchi Daily'!J5 -> 64 | L2: 866.58593 | M2: ='Marunouchi Daily'!K5 -> 0 | N2: ='Marunouchi Daily'!L5 -> 0 | O2: ='Marunouchi Daily'!M5 -> 0
A3: Tokyo at Marunouchi | B3: =B2+1 -> 2 | C3: 7 | D3: 2021 | E3: ='Marunouchi Daily'!D6 -> 5219 | F3: 15.371802 | G3: ='Marunouchi Daily'!F6 -> 237.39 | H3: 55.660872 | I3: ='Marunouchi Daily'!H6 -> 0 | J3: 2.68 | K3: ='Marunouchi Daily'!J6 -> 65 | L3: 866.58593 | M3: ='Marunouchi Daily'!K6 -> 0 | N3: ='Marunouchi Daily'!L6 -> 0 | O3: ='Marunouchi Daily'!M6 -> 0
A4: Tokyo at Marunouchi | B4: =B3+1 -> 3 | C4: 7 | D4: 2021 | E4: ='Marunouchi Daily'!D7 -> 5413 | F4: 15.371802 | G4: ='Marunouchi Daily'!F7 -> 228.78 | H4: 55.660872 | I4: ='Marunouchi Daily'!H7 -> 0 | J4: 2.68 | K4: ='Marunouchi Daily'!J7 -> 80 | L4: 866.58593 | M4: ='Marunouchi Daily'!K7 -> 0 | N4: ='Marunouchi Daily'!L7 -> 0 | O4: ='Marunouchi Daily'!M7 -> 0
A5: Tokyo at Marunouchi | B5: =B4+1 -> 4 | C5: 7 | D5: 2021 | E5: ='Marunouchi Daily'!D8 -> 5721 | F5: 15.371802 | G5: ='Marunouchi Daily'!F8 -> 250.9 | H5: 55.660872 | I5: ='Marunouchi Daily'!H8 -> 0 | J5: 2.68 | K5: ='Marunouchi Daily'!J8 -> 89 | L5: 866.58593 | M5: ='Marunouchi Daily'!K8 -> 0 | N5: ='Marunouchi Daily'!L8 -> 0 | O5: ='Marunouchi Daily'!M8 -> 0
A6: Tokyo at Marunouchi | B6: =B5+1 -> 5 | C6: 7 | D6: 2021 | E6: ='Marunouchi Daily'!D9 -> 5079 | F6: 15.371802 | G6: ='Marunouchi Daily'!F9 -> 289.6 | H6: 55.660872 | I6: ='Marunouchi Daily'!H9 -> 0 | J6: 2.68 | K6: ='Marunouchi Daily'!J9 -> 58 | L6: 866.58593 | M6: ='Marunouchi Daily'!K9 -> 0 | N6: ='Marunouchi Daily'!L9 -> 0 | O6: ='Marunouchi Daily'!M9 -> 0
A7: Tokyo at Marunouchi | B7: =B6+1 -> 6 | C7: 7 | D7: 2021 | E7: ='Marunouchi Daily'!D10 -> 4887 | F7: 15.371802 | G7: ='Marunouchi Daily'!F10 -> 176.25 | H7: 55.660872 | I7: ='Marunouchi Daily'!H10 -> 0 | J7: 2.68 | K7: ='Marunouchi Daily'!J10 -> 51 | L7: 866.58593 | M7: ='Marunouchi Daily'!K10 -> 0 | N7: ='Marunouchi Daily'!L10 -> 0 | O7: ='Marunouchi Daily'!M10 -> 0
A8: Tokyo at Marunouchi | B8: =B7+1 -> 7 | C8: 7 | D8: 2021 | E8: ='Marunouchi Daily'!D11 -> 5251 | F8: 15.371802 | G8: ='Marunouchi Daily'!F11 -> 223.99 | H8: 55.660872 | I8: ='Marunouchi Daily'!H11 -> 0 | J8: 2.68 | K8: ='Marunouchi Daily'!J11 -> 61 | L8: 866.58593 | M8: ='Marunouchi Daily'!K11 -> 0 | N8: ='Marunouchi Daily'!L11 -> 0 | O8: ='Marunouchi Daily'!M11 -> 0
A9: Tokyo at Marunouchi | B9: =B8+1 -> 8 | C9: 7 | D9: 2021 | E9: ='Marunouchi Daily'!D12 -> 5196 | F9: 15.371802 | G9: ='Marunouchi Daily'!F12 -> 235.99 | H9: 55.660872 | I9: ='Marunouchi Daily'!H12 -> 0 | J9: 2.68 | K9: ='Marunouchi Daily'!J12 -> 59 | L9: 866.58593 | M9: ='Marunouchi Daily'!K12 -> 0 | N9: ='Marunouchi Daily'!L12 -> 0 | O9: ='Marunouchi Daily'!M12 -> 0
A10: Tokyo at Marunouchi | B10: =B9+1 -> 9 | C10: 7 | D10: 2021 | E10: ='Marunouchi Daily'!D13 -> 5520 | F10: 15.371802 | G10: ='Marunouchi Daily'!F13 -> 238.91 | H10: 55.660872 | I10: ='Marunouchi Daily'!H13 -> 0 | J10: 2.68 | K10: ='Marunouchi Daily'!J13 -> 67 | L10: 866.58593 | M10: ='Marunouchi Daily'!K13 -> 0 | N10: ='Marunouchi Daily'!L13 -> 0 | O10: ='Marunouchi Daily'!M13 -> 0
A11: Tokyo at Marunouchi | B11: =B10+1 -> 10 | C11: 7 | D11: 2021 | E11: ='Marunouchi Daily'!D14 -> 5621 | F11: 15.371802 | G11: ='Marunouchi Daily'!F14 -> 237.17 | H11: 55.660872 | I11: ='Marunouchi Daily'!H14 -> 0 | J11: 2.68 | K11: ='Marunouchi Daily'!J14 -> 79 | L11: 866.58593 | M11: ='Marunouchi Daily'!K14 -> 0 | N11: ='Marunouchi Daily'!L14 -> 0 | O11: ='Marunouchi Daily'!M14 -> 0
A12: Tokyo at Marunouchi | B12: =B11+1 -> 11 | C12: 7 | D12: 2021 | E12: ='Marunouchi Daily'!D15 -> 0 | F12: 15.371802 | G12: ='Marunouchi Daily'!F15 -> 236.01 | H12: 55.660872 | I12: ='Marunouchi Daily'!H15 -> 0 | J12: 2.68 | K12: ='Marunouchi Daily'!J15 -> 0 | L12: 866.58593 | M12: ='Marunouchi Daily'!K15 -> 0 | N12: ='Marunouchi Daily'!L15 -> 0 | O12: ='Marunouchi Daily'!M15 -> 0
A13: Tokyo at Marunouchi | B13: =B12+1 -> 12 | C13: 7 | D13: 2021 | E13: ='Marunouchi Daily'!D16 -> 0 | F13: 15.371802 | G13: ='Marunouchi Daily'!F16 -> 224.58 | H13: 55.660872 | I13: ='Marunouchi Daily'!H16 -> 0 | J13: 2.68 | K13: ='Marunouchi Daily'!J16 -> 0 | L13: 866.58593 | M13: ='Marunouchi Daily'!K16 -> 0 | N13: ='Marunouchi Daily'!L16 -> 0 | O13: ='Marunouchi Daily'!M16 -> 0
A14: Tokyo at Marunouchi | B14: =B13+1 -> 13 | C14: 7 | D14: 2021 | E14: ='Marunouchi Daily'!D17 -> 0 | F14: 15.371802 | G14: ='Marunouchi Daily'!F17 -> 0 | H14: 55.660872 | I14: ='Marunouchi Daily'!H17 -> 0 | J14: 2.68 | K14: ='Marunouchi Daily'!J17 -> 0 | L14: 866.58593 | M14: ='Marunouchi Daily'!K17 -> 0 | N14: ='Marunouchi Daily'!L17 -> 0 | O14: ='Marunouchi Daily'!M17 -> 0
... A32: Tokyo at Marunouchi | B32: =B31+1 -> 31 | C32: 7 | D32: 2021 | E32: ='Marunouchi Daily'!D35 -> 0 | F32: 15.371802 | G32: ='Marunouchi Daily'!F35 -> 0 | H32: 55.660872 | I32: ='Marunouchi Daily'!H35 -> 0 | J32: 2.68 | K32: ='Marunouchi Daily'!J35 -> 0 | L32: 866.58593 | M32: ='Marunouchi Daily'!K35 -> 0 | N32: ='Marunouchi Daily'!L35 -> 0 | O32: ='Marunouchi Daily'!M35 -> 0

Sheet Marunouchi Daily
A2: Days | C2: Electricity Meter (KWh) | E2: Gas m3 | G2: District Cooling (KWh) | I2: Water m3
A3: Date | C3: Reading KWH | D3: Difference KWH | E3: Reading m3 | F3: Difference KWH | G3: Reading KWh | H3: Difference KWH | I3: Reading m³ | J3: Daily Consumption m³ | K3: ROOM NIGHTS | L3: FOOD COVERS | M3: TOTAL GUESTS
A4: 44377 | D4: 4996 | F4: 213.58 | J4: 57 | K4: 8 | L4: 48 | M4: 17
A5: 44378 | D5: 5238 | F5: 230.11 | J5: 64
A6: 44379 | D6: 5219 | F6: 237.39 | J6: 65
A7: 44380 | D7: 5413 | F7: 228.78 | J7: 80
A8: 44381 | D8: 5721 | F8: 250.9 | J8: 89
A9: 44382 | D9: 5079 | F9: 289.6 | J9: 58
A10: 44383 | D10: 4887 | F10: 176.25 | J10: 51
A11: 44384 | D11: 5251 | F11: 223.99 | J11: 61
A12: 44385 | D12: 5196 | F12: 235.99 | J12: 59
A13: 44386 | D13: 5520 | F13: 238.91 | J13: 67
A14: 44387 | D14: 5621 | F14: 237.17 | J14: 79
A15: 44388 | F15: 236.01
A16: 44389 | F16: 224.58
A17: 44390
A18: 44391
A19: 44392
A20: 44393
A21: 44394
A22: 44395
A23: 44396
A24: 44397
A25: 44398
A26: 44399
A27: 44400
A28: 44401
... A35: 44408
