Workbook

Sheet TOTAL
A1: Site Name | B1: Day | C1: Month | D1: Year | E1: Total Electricity Kwh | F1: Electricity Tariff ($/Kwh) | G1: LPG (Kg) | H1: LPG $/Kg | I1: Water Utility Supply (m3) m3 | J1: Water Utility Supply (m3) $/m3 | K1: Room Nights | L1: Food Covers
A2: Maldives at Landaa Giraavaru | B2: 1 | C2: 7 | D2: 2021 | E2: ='Maldives at LG Daily'!D5 -> 91326074 | F2: 0.93 | G2: ='Maldives at LG Daily'!F5 -> 225 | H2: 1.24 | I2: ='Maldives at LG Daily'!H5 -> 418 | J2: 2.16 | K2: ='Maldives at LG Daily'!I5 -> 18.4 | L2: ='Maldives at LG Daily'!J5 -> 160
A3: Maldives at Landaa Giraavaru | B3: =B2+1 -> 2 | C3: 7 | D3: 2021 | E3: ='Maldives at LG Daily'!D6 -> 26846 | F3: 0.93 | G3: ='Maldives at LG Daily'!F6 -> 0 | H3: 1.24 | I3: ='Maldives at LG Daily'!H6 -> 316 | J3: 2.16 | K3: ='Maldives at LG Daily'!I6 -> 12.7 | L3: ='Maldives at LG Daily'!J6 -> 181
A4: Maldives at Landaa Giraavaru | B4: =B3+1 -> 3 | C4: 7 | D4: 2021 | E4: ='Maldives at LG Daily'!D7 -> 27330 | F4: 0.93 | G4: ='Maldives at LG Daily'!F7 -> 0 | H4: 1.24 | I4: ='Maldives at LG Daily'!H7 -> 330 | J4: 2.16 | K4: ='Maldives at LG Daily'!I7 -> 12.6 | L4: ='Maldives at LG Daily'!J7 -> 134
A5: Maldives at Landaa Giraavaru | B5: =B4+1 -> 4 | C5: 7 | D5: 2021 | E5: ='Maldives at LG Daily'!D8 -> 27327 | F5: 0.93 | G5: ='Maldives at LG Daily'!F8 -> 90 | H5: 1.24 | I5: ='Maldives at LG Daily'!H8 -> 326 | J5: 2.16 | K5: ='Maldives at LG Daily'!I8 -> 15.5 | L5: ='Maldives at LG Daily'!J8 -> 169
A6: Maldives at Landaa Giraavaru | B6: =B5+1 -> 5 | C6: 7 | D6: 2021 | E6: ='Maldives at LG Daily'!D9 -> 26205 | F6: 0.93 | G6: ='Maldives at LG Daily'!F9 -> 0 | H6: 1.24 | I6: ='Maldives at LG Daily'!H9 -> 306 | J6: 2.16 | K6: ='Maldives at LG Daily'!I9 -> 13.6 | L6: ='Maldives at LG Daily'!J9 -> 140
A7: Maldives at Landaa Giraavaru | B7: =B6+1 -> 6 | C7: 7 | D7: 2021 | E7: ='Maldives at LG Daily'!D10 -> 27166 | F7: 0.93 | G7: ='Maldives at LG Daily'!F10 -> 0 | H7: 1.24 | I7: ='Maldives at LG Daily'!H10 -> 375 | J7: 2.16 | K7: ='Maldives at LG Daily'!I10 -> 15.5 | L7: ='Maldives at LG Daily'!J10 -> 145
A8: Maldives at Landaa Giraavaru | B8: =B7+1 -> 7 | C8: 7 | D8: 2021 | E8: ='Maldives at LG Daily'!D11 -> 24691 | F8: 0.93 | G8: ='Maldives at LG Daily'!F11 -> 0 | H8: 1.24 | I8: ='Maldives at LG Daily'!H11 -> 380 | J8: 2.16 | K8: ='Maldives at LG Daily'!I11 -> 17.5 | L8: ='Maldives at LG Daily'!J11 -> 198
A9: Maldives at Landaa Giraavaru | B9: =B8+1 -> 8 | C9: 7 | D9: 2021 | E9: ='Maldives at LG Daily'!D12 -> 25450 | F9: 0.93 | G9: ='Maldives at LG Daily'!F12 -> 0 | H9: 1.24 | I9: ='Maldives at LG Daily'!H12 -> 283 | J9: 2.16 | K9: ='Maldives at LG Daily'!I12 -> 16.5 | L9: ='Maldives at LG Daily'!J12 -> 191
A10: Maldives at Landaa Giraavaru | B10: =B9+1 -> 9 | C10: 7 | D10: 2021 | E10: ='Maldives at LG Daily'!D13 -> 22674 | F10: 0.93 | G10: ='Maldives at LG Daily'!F13 -> 0 | H10: 1.24 | I10: ='Maldives at LG Daily'!H13 -> 318 | J10: 2.16 | K10: ='Maldives at LG Daily'!I13 -> 16.5 | L10: ='Maldives at LG Daily'!J13 -> 162
A11: Maldives at Landaa Giraavaru | B11: =B10+1 -> 10 | C11: 7 | D11: 2021 | E11: ='Maldives at LG Daily'!D14 -> 23356 | F11: 0.93 | G11: ='Maldives at LG Daily'!F14 -> 45 | H11: 1.24 | I11: ='Maldives at LG Daily'!H14 -> 376 | J11: 2.16 | K11: ='Maldives at LG Daily'!I14 -> 13.6 | L11: ='Maldives at LG Daily'!J14 -> 164
A12: Maldives at Landaa Giraavaru | B12: =B11+1 -> 11 | C12: 7 | D12: 2021 | E12: ='Maldives at LG Daily'!D15 -> 23328 | F12: 0.93 | G12: ='Maldives at LG Daily'!F15 -> 0 | H12: 1.24 | I12: ='Maldives at LG Daily'!H15 -> 286 | J12: 2.16 | K12: ='Maldives at LG Daily'!I15 -> 11.7 | L12: ='Maldives at LG Daily'!J15 -> 127
A13: Maldives at Landaa Giraavaru | B13: =B12+1 -> 12 | C13: 7 | D13: 2021 | E13: ='Maldives at LG Daily'!D16 -> 25504 | F13: 0.93 | G13: ='Maldives at LG Daily'!F16 -> 0 | H13: 1.24 | I13: ='Maldives at LG Daily'!H16 -> 300 | J13: 2.16 | K13: ='Maldives at LG Daily'!I16 -> 11.7 | L13: ='Maldives at LG Daily'!J16 -> 149
A14: Maldives at Landaa Giraavaru | B14: =B13+1 -> 13 | C14: 7 | D14: 2021 | E14: ='Maldives at LG Daily'!D17 -> 24640 | F14: 0.93 | G14: ='Maldives at LG Daily'!F17 -> 0 | H14: 1.24 | I14: ='Maldives at LG Daily'!H17 -> 319 | J14: 2.16 | K14: ='Maldives at LG Daily'!I17 -> 12.6 | L14: ='Maldives at LG Daily'!J17 -> 159
... A30: Maldives at Landaa Giraavaru | B30: =B29+1 -> 29 | C30: 7 | D30: 2021 | E30: ='Maldives at LG Daily'!D33 -> 0 | F30: 0.93 | G30: ='Maldives at LG Daily'!F33 -> 0 | H30: 1.24 | I30: ='Maldives at LG Daily'!H33 -> 0 | J30: 2.16 | K30: ='Maldives at LG Daily'!I33 -> 0 | L30: ='Maldives at LG Daily'!J33 -> 0
A31: Maldives at Landaa Giraavaru | B31: 30 | C31: 7 | D31: 2021 | E31: ='Maldives at LG Daily'!D34 -> 0 | F31: 0.93 | G31: ='Maldives at LG Daily'!F34 -> 0 | H31: 1.24 | I31: ='Maldives at LG Daily'!H34 -> 0 | J31: 2.16 | K31: ='Maldives at LG Daily'!I34 -> 0 | L31: ='Maldives at LG Daily'!J34 -> 0
A32: Maldives at Landaa Giraavaru | B32: 31 | C32: 7 | D32: 2021 | E32: ='Maldives at LG Daily'!D35 -> 0 | F32: 0.93 | G32: ='Maldives at LG Daily'!F35 -> 0 | H32: 1.24 | I32: ='Maldives at LG Daily'!H35 -> 0 | J32: 2.16 | K32: ='Maldives at LG Daily'!I35 -> 0 | L32: ='Maldives at LG Daily'!J35 -> 0

Sheet Maldives at LG Daily
A2: Days | C2: Electricity Meter (KWh) | E2: Gas Kg | G2: Water m3
A3: Date | C3: Reading KWH | D3: Difference KWH | E3: Reading Kg | F3: Difference Kg | G3: Reading m³ | H3: Daily Consumption m³ | I3: ROOM NIGHTS | J3: TOTAL GUESTS
A4: 44377 | C4: =C35 -> 0 | D4: =D35 -> 0 | E4: ='Gas-2'!G5 -> 0 | F4: 90 | G4: =SUM(WATER!G6,WATER!L6,WATER!Q6,WATER!B6) -> 969007 | H4: 423
A5: =A4+1 -> 44378 | C5: =SUM('GENSET #1'!C10+'GENSET #2'!C10+'GENSET #3'!C10+'GENSET #4'!C10+'GENSET #5'!C10) -> 91326074 | D5: =IF((C5-C4<0), "0",C5-C4) -> 91326074 | E5: ='Gas-2'!G6 -> 225 | F5: =IF((E5-E4<0), "0",E5-E4) -> 225 | G5: =SUM(WATER!C6,WATER!H6,WATER!M6,WATER!R6) -> 969322 | H5: 418 | I5: 18.4 | J5: 160
A6: =A5+1 -> 44379 | C6: =SUM('GENSET #1'!C11+'GENSET #2'!C11+'GENSET #3'!C11+'GENSET #4'!C11+'GENSET #5'!C11) -> 91352920 | D6: =IF((C6-C5<0), "0",C6-C5) -> 26846 | E6: ='Gas-2'!G7 -> 225 | F6: =IF((E6-E5<0), "0",E6-E5) -> 0 | G6: =SUM(WATER!C7,WATER!H7,WATER!M7,WATER!R7) -> 969638 | H6: =IF((G6-G5<0), "0",G6-G5) -> 316 | I6: 12.7 | J6: 181
A7: =A6+1 -> 44380 | C7: =SUM('GENSET #1'!C12+'GENSET #2'!C12+'GENSET #3'!C12+'GENSET #4'!C12+'GENSET #5'!C12) -> 91380250 | D7: =IF((C7-C6<0), "0",C7-C6) -> 27330 | E7: ='Gas-2'!G8 -> 180 | F7: =IF((E7-E6<0), "0",E7-E6) -> 0 | G7: =SUM(WATER!C8,WATER!H8,WATER!M8,WATER!R8) -> 969968 | H7: =IF((G7-G6<0), "0",G7-G6) -> 330 | I7: 12.6 | J7: 134
A8: =A7+1 -> 44381 | C8: =SUM('GENSET #1'!C13+'GENSET #2'!C13+'GENSET #3'!C13+'GENSET #4'!C13+'GENSET #5'!C13) -> 91407577 | D8: =IF((C8-C7<0), "0",C8-C7) -> 27327 | E8: ='Gas-2'!G9 -> 270 | F8: =IF((E8-E7<0), "0",E8-E7) -> 90 | G8: =SUM(WATER!C9,WATER!H9,WATER!M9,WATER!R9) -> 970294 | H8: =IF((G8-G7<0), "0",G8-G7) -> 326 | I8: 15.5 | J8: 169
A9: =A8+1 -> 44382 | C9: =SUM('GENSET #1'!C14+'GENSET #2'!C14+'GENSET #3'!C14+'GENSET #4'!C14+'GENSET #5'!C14) -> 91433782 | D9: =IF((C9-C8<0), "0",C9-C8) -> 26205 | E9: ='Gas-2'!G10 -> 270 | F9: =IF((E9-E8<0), "0",E9-E8) -> 0 | G9: =SUM(WATER!C10,WATER!H10,WATER!M10,WATER!R10) -> 970600 | H9: =IF((G9-G8<0), "0",G9-G8) -> 306 | I9: 13.6 | J9: 140
A10: =A9+1 -> 44383 | C10: =SUM('GENSET #1'!C15+'GENSET #2'!C15+'GENSET #3'!C15+'GENSET #4'!C15+'GENSET #5'!C15) -> 91460948 | D10: =IF((C10-C9<0), "0",C10-C9) -> 27166 | E10: ='Gas-2'!G11 -> 225 | F10: =IF((E10-E9<0), "0",E10-E9) -> 0 | G10: =SUM(WATER!C11,WATER!H11,WATER!M11,WATER!R11) -> 970975 | H10: =IF((G10-G9<0), "0",G10-G9) -> 375 | I10: 15.5 | J10: 145
A11: =A10+1 -> 44384 | C11: =SUM('GENSET #1'!C16+'GENSET #2'!C16+'GENSET #3'!C16+'GENSET #4'!C16+'GENSET #5'!C16) -> 91485639 | D11: =IF((C11-C10<0), "0",C11-C10) -> 24691 | E11: ='Gas-2'!G12 -> 225 | F11: =IF((E11-E10<0), "0",E11-E10) -> 0 | G11: =SUM(WATER!C12,WATER!H12,WATER!M12,WATER!R12) -> 971355 | H11: =IF((G11-G10<0), "0",G11-G10) -> 380 | I11: 17.5 | J11: 198
A12: =A11+1 -> 44385 | C12: =SUM('GENSET #1'!C17+'GENSET #2'!C17+'GENSET #3'!C17+'GENSET #4'!C17+'GENSET #5'!C17) -> 91511089 | D12: =IF((C12-C11<0), "0",C12-C11) -> 25450 | E12: ='Gas-2'!G13 -> 225 | F12: =IF((E12-E11<0), "0",E12-E11) -> 0 | G12: =SUM(WATER!C13,WATER!H13,WATER!M13,WATER!R13) -> 971638 | H12: =IF((G12-G11<0), "0",G12-G11) -> 283 | I12: 16.5 | J12: 191
A13: =A12+1 -> 44386 | C13: =SUM('GENSET #1'!C18+'GENSET #2'!C18+'GENSET #3'!C18+'GENSET #4'!C18+'GENSET #5'!C18) -> 91533763 | D13: =IF((C13-C12<0), "0",C13-C12) -> 22674 | E13: ='Gas-2'!G14 -> 225 | F13: =IF((E13-E12<0), "0",E13-E12) -> 0 | G13: =SUM(WATER!C14,WATER!H14,WATER!M14,WATER!R14) -> 971956 | H13: =IF((G13-G12<0), "0",G13-G12) -> 318 | I13: 16.5 | J13: 162
A14: =A13+1 -> 44387 | C14: =SUM('GENSET #1'!C19+'GENSET #2'!C19+'GENSET #3'!C19+'GENSET #4'!C19+'GENSET #5'!C19) -> 91557119 | D14: =IF((C14-C13<0), "0",C14-C13) -> 23356 | E14: ='Gas-2'!G15 -> 270 | F14: =IF((E14-E13<0), "0",E14-E13) -> 45 | G14: =SUM(WATER!C15,WATER!H15,WATER!M15,WATER!R15) -> 972332 | H14: =IF((G14-G13<0), "0",G14-G13) -> 376 | I14: 13.6 | J14: 164
A15: =A14+1 -> 44388 | C15: =SUM('GENSET #1'!C20+'GENSET #2'!C20+'GENSET #3'!C20+'GENSET #4'!C20+'GENSET #5'!C20) -> 91580447 | D15: =IF((C15-C14<0), "0",C15-C14) -> 23328 | E15: ='Gas-2'!G16 -> 225 | F15: =IF((E15-E14<0), "0",E15-E14) -> 0 | G15: =SUM(WATER!C16,WATER!H16,WATER!M16,WATER!R16) -> 972618 | H15: =IF((G15-G14<0), "0",G15-G14) -> 286 | I15: 11.7 | J15: 127
A16: =A15+1 -> 44389 | C16: =SUM('GENSET #1'!C21+'GENSET #2'!C21+'GENSET #3'!C21+'GENSET #4'!C21+'GENSET #5'!C21) -> 91605951 | D16: =IF((C16-C15<0), "0",C16-C15) -> 25504 | E16: ='Gas-2'!G17 -> 225 | F16: =IF((E16-E15<0), "0",E16-E15) -> 0 | G16: =SUM(WATER!C17,WATER!H17,WATER!M17,WATER!R17) -> 972918 | H16: =IF((G16-G15<0), "0",G16-G15) -> 300 | I16: 11.7 | J16: 149
A17: =A16+1 -> 44390 | C17: =SUM('GENSET #1'!C22+'GENSET #2'!C22+'GENSET #3'!C22+'GENSET #4'!C22+'GENSET #5'!C22) -> 91630591 | D17: =IF((C17-C16<0), "0",C17-C16) -> 24640 | E17: ='Gas-2'!G18 -> 225 | F17: =IF((E17-E16<0), "0",E17-E16) -> 0 | G17: =SUM(WATER!C18,WATER!H18,WATER!M18,WATER!R18) -> 973237 | H17: =IF((G17-G16<0), "0",G17-G16) -> 319 | I17: 12.6 | J17: 159
... A20: =A19+1 -> 44393 | C20: =SUM('GENSET #1'!C25+'GENSET #2'!C25+'GENSET #3'!C25+'GENSET #4'!C25+'GENSET #5'!C25) -> 91706008 | D20: =IF((C20-C19<0), "0",C20-C19) -> 25655 | E20: ='Gas-2'!G21 -> 180 | F20: =IF((E20-E19<0), "0",E20-E19) -> 0 | G20: =SUM(WATER!C21,WATER!H21,WATER!M21,WATER!R21) -> 974230 | H20: =IF((G20-G19<0), "0",G20-G19) -> 337 | I20: 21 | J20: 204
A21: =A20+1 -> 44394 | C21: =SUM('GENSET #1'!C26+'GENSET #2'!C26+'GENSET #3'!C26+'GENSET #4'!C26+'GENSET #5'!C26) -> 91731072 | D21: =IF((C21-C20<0), "0",C21-C20) -> 25064 | E21: ='Gas-2'!G22 -> 225 | F21: =IF((E21-E20<0), "0",E21-E20) -> 45 | G21: =SUM(WATER!C22,WATER!H22,WATER!M22,WATER!R22) -> 974566 | H21: =IF((G21-G20<0), "0",G21-G20) -> 336
A22: =A21+1 -> 44395 | C22: =SUM('GENSET #1'!C27+'GENSET #2'!C27+'GENSET #3'!C27+'GENSET #4'!C27+'GENSET #5'!C27) -> 0 | D22: =IF((C22-C21<0), "0",C22-C21) -> 0 | E22: ='Gas-2'!G23 -> 0 | F22: =IF((E22-E21<0), "0",E22-E21) -> 0 | G22: =SUM(WATER!C23,WATER!H23,WATER!M23,WATER!R23) -> 974876 | H22: =IF((G22-G21<0), "0",G22-G21) -> 310
A23: =A22+1 -> 44396 | C23: =SUM('GENSET #1'!C28+'GENSET #2'!C28+'GENSET #3'!C28+'GENSET #4'!C28+'GENSET #5'!C28) -> 0 | D23: =IF((C23-C22<0), "0",C23-C22) -> 0 | E23: ='Gas-2'!G24 -> 0 | F23: =IF((E23-E22<0), "0",E23-E22) -> 0 | G23: =SUM(WATER!C24,WATER!H24,WATER!M24,WATER!R24) -> 0 | H23: =IF((G23-G22<0), "0",G23-G22) -> 0
A24: =A23+1 -> 44397 | C24: =SUM('GENSET #1'!C29+'GENSET #2'!C29+'GENSET #3'!C29+'GENSET #4'!C29+'GENSET #5'!C29) -> 0 | D24: =IF((C24-C23<0), "0",C24-C23) -> 0 | E24: ='Gas-2'!G25 -> 0 | F24: =IF((E24-E23<0), "0",E24-E23) -> 0 | G24: =SUM(WATER!C25,WATER!H25,WATER!M25,WATER!R25) -> 0 | H24: =IF((G24-G23<0), "0",G24-G23) -> 0
A25: =A24+1 -> 44398 | C25: =SUM('GENSET #1'!C30+'GENSET #2'!C30+'GENSET #3'!C30+'GENSET #4'!C30+'GENSET #5'!C30) -> 0 | D25: =IF((C25-C24<0), "0",C25-C24) -> 0 | E25: ='Gas-2'!G26 -> 0 | F25: =IF((E25-E24<0), "0",E25-E24) -> 0 | G25: =SUM(WATER!C26,WATER!H26,WATER!M26,WATER!R26) -> 0 | H25: =IF((G25-G24<0), "0",G25-G24) -> 0
A26: =A25+1 -> 44399 | C26: =SUM('GENSET #1'!C31+'GENSET #2'!C31+'GENSET #3'!C31+'GENSET #4'!C31+'GENSET #5'!C31) -> 0 | D26: =IF((C26-C25<0), "0",C26-C25) -> 0 | E26: ='Gas-2'!G27 -> 0 | F26: =IF((E26-E25<0), "0",E26-E25) -> 0 | G26: =SUM(WATER!C27,WATER!H27,WATER!M27,WATER!R27) -> 0 | H26: =IF((G26-G25<0), "0",G26-G25) -> 0
A27: =A26+1 -> 44400 | C27: =SUM('GENSET #1'!C32+'GENSET #2'!C32+'GENSET #3'!C32+'GENSET #4'!C32+'GENSET #5'!C32) -> 0 | D27: =IF((C27-C26<0), "0",C27-C26) -> 0 | E27: ='Gas-2'!G28 -> 0 | F27: =IF((E27-E26<0), "0",E27-E26) -> 0 | G27: =SUM(WATER!C28,WATER!H28,WATER!M28,WATER!R28) -> 0 | H27: =IF((G27-G26<0), "0",G27-G26) -> 0
A28: =A27+1 -> 44401 | C28: =SUM('GENSET #1'!C33+'GENSET #2'!C33+'GENSET #3'!C33+'GENSET #4'!C33+'GENSET #5'!C33) -> 0 | D28: =IF((C28-C27<0), "0",C28-C27) -> 0 | E28: ='Gas-2'!G29 -> 0 | F28: =IF((E28-E27<0), "0",E28-E27) -> 0 | G28: =SUM(WATER!C29,WATER!H29,WATER!M29,WATER!R29) -> 0 | H28: =IF((G28-G27<0), "0",G28-G27) -> 0
A29: =A28+1 -> 44402 | C29: =SUM('GENSET #1'!C34+'GENSET #2'!C34+'GENSET #3'!C34+'GENSET #4'!C34+'GENSET #5'!C34) -> 0 | D29: =IF((C29-C28<0), "0",C29-C28) -> 0 | E29: ='Gas-2'!G30 -> 0 | F29: =IF((E29-E28<0), "0",E29-E28) -> 0 | G29: =SUM(WATER!C30,WATER!H30,WATER!M30,WATER!R30) -> 0 | H29: =IF((G29-G28<0), "0",G29-G28) -> 0
A30: =A29+1 -> 44403 | C30: =SUM('GENSET #1'!C35+'GENSET #2'!C35+'GENSET #3'!C35+'GENSET #4'!C35+'GENSET #5'!C35) -> 0 | D30: =IF((C30-C29<0), "0",C30-C29) -> 0 | E30: ='Gas-2'!G31 -> 0 | F30: =IF((E30-E29<0), "0",E30-E29) -> 0 | G30: =SUM(WATER!C31,WATER!H31,WATER!M31,WATER!R31) -> 0 | H30: =IF((G30-G29<0), "0",G30-G29) -> 0
A31: =A30+1 -> 44404 | C31: =SUM('GENSET #1'!C36+'GENSET #2'!C36+'GENSET #3'!C36+'GENSET #4'!C36+'GENSET #5'!C36) -> 0 | D31: =IF((C31-C30<0), "0",C31-C30) -> 0 | E31: ='Gas-2'!G32 -> 0 | F31: =IF((E31-E30<0), "0",E31-E30) -> 0 | G31: =SUM(WATER!C32,WATER!H32,WATER!M32,WATER!R32) -> 0 | H31: =IF((G31-G30<0), "0",G31-G30) -> 0
A32: =A31+1 -> 44405 | C32: =SUM('GENSET #1'!C37+'GENSET #2'!C37+'GENSET #3'!C37+'GENSET #4'!C37+'GENSET #5'!C37) -> 0 | D32: =IF((C32-C31<0), "0",C32-C31) -> 0 | E32: ='Gas-2'!G33 -> 0 | F32: =IF((E32-E31<0), "0",E32-E31) -> 0 | G32: =SUM(WATER!C33,WATER!H33,WATER!M33,WATER!R33) -> 0 | H32: =IF((G32-G31<0), "0",G32-G31) -> 0
... A35: =A34+1 -> 44408 | C35: =SUM('GENSET #1'!C40+'GENSET #2'!C40+'GENSET #3'!C40+'GENSET #4'!C40+'GENSET #5'!C40) -> 0 | D35: =IF((C35-C34<0), "0",C35-C34) -> 0 | E35: ='Gas-2'!G36 -> 0 | F35: =IF((E35-E34<0), "0",E35-E34) -> 0 | G35: =SUM(WATER!C36,WATER!H36,WATER!M36,WATER!R36) -> 0 | H35: =IF((G35-G34<0), "0",G35-G34) -> 0

Sheet Finance Only
A1: Four Seasons Landaa Giraavaru
A3: Property | B3: MLG
A4: Month | B4: July
A5: Year | B5: 2021
A7: DAY | B7: Electricity Consumption ( kwh) | C7: Diesel Consumption (Liters) | D7: Solar Power Consumption(kwh) | E7: Gas Consumption (kg) | F7: Water Consumption ( m3) | G7: Occupancy | H7: Weather | I7: Electricity Variance (Today vs Yesterday)
A8: 1 | B8: =SUM('GENSET #1:GENSET #5'!D10) -> 25932 | C8: ='Diesel consumption'!D5 -> 7200 | D8: ='SOLAR METER READING'!D9 -> 2740 | E8: ='Gas-2'!G6 -> 225 | F8: =WATER!V6 -> 275 | G8: =WATER!W6 -> 18.4 | H8: ='SOLAR METER READING'!E9 -> 0
A9: 2 | B9: =SUM('GENSET #1:GENSET #5'!D11) -> 26846 | C9: ='Diesel consumption'!D6 -> 7510 | D9: ='SOLAR METER READING'!D10 -> 3146 | E9: ='Gas-2'!G7 -> 225 | F9: =WATER!V7 -> 316 | G9: =WATER!W7 -> 12.7 | H9: ='SOLAR METER READING'!E10 -> 0 | I9: =B9-B8 -> 914
A10: 3 | B10: =SUM('GENSET #1:GENSET #5'!D12) -> 27330 | C10: ='Diesel consumption'!D7 -> 7520 | D10: ='SOLAR METER READING'!D11 -> 2802 | E10: ='Gas-2'!G8 -> 180 | F10: =WATER!V8 -> 330 | G10: =WATER!W8 -> 12.6 | H10: ='SOLAR METER READING'!E11 -> 0 | I10: =B10-B9 -> 484
A11: 4 | B11: =SUM('GENSET #1:GENSET #5'!D13) -> 27327 | C11: ='Diesel consumption'!D8 -> 7520 | D11: ='SOLAR METER READING'!D12 -> 2142 | E11: ='Gas-2'!G9 -> 270 | F11: =WATER!V9 -> 326 | G11: =WATER!W9 -> 15.5 | H11: ='SOLAR METER READING'!E12 -> 0 | I11: =B11-B10 -> -3
A12: 5 | B12: =SUM('GENSET #1:GENSET #5'!D14) -> 26205 | C12: ='Diesel consumption'!D9 -> 6980 | D12: ='SOLAR METER READING'!D13 -> 2063 | E12: ='Gas-2'!G10 -> 270 | F12: =WATER!V10 -> 306 | G12: =WATER!W10 -> 13.6 | H12: ='SOLAR METER READING'!E13 -> 0 | I12: =B12-B11 -> -1122
A13: 6 | B13: =SUM('GENSET #1:GENSET #5'!D15) -> 27166 | C13: ='Diesel consumption'!D10 -> 7630 | D13: ='SOLAR METER READING'!D14 -> 3029 | E13: ='Gas-2'!G11 -> 225 | F13: =WATER!V11 -> 375 | G13: =WATER!W11 -> 15.5 | H13: ='SOLAR METER READING'!E14 -> 0 | I13: =B13-B12 -> 961
A14: 7 | B14: =SUM('GENSET #1:GENSET #5'!D16) -> 24691 | C14: ='Diesel consumption'!D11 -> 6480 | D14: ='SOLAR METER READING'!D15 -> 2160 | E14: ='Gas-2'!G12 -> 225 | F14: =WATER!V12 -> 380 | G14: =WATER!W12 -> 17.5 | H14: ='SOLAR METER READING'!E15 -> 0 | I14: =B14-B13 -> -2475
A15: 8 | B15: =SUM('GENSET #1:GENSET #5'!D17) -> 25450 | C15: ='Diesel consumption'!D12 -> 7140 | D15: ='SOLAR METER READING'!D16 -> 2878 | E15: ='Gas-2'!G13 -> 225 | F15: =WATER!V13 -> 283 | G15: =WATER!W13 -> 16.5 | H15: ='SOLAR METER READING'!E16 -> 0 | I15: =B15-B14 -> 759
A16: 9 | B16: =SUM('GENSET #1:GENSET #5'!D18) -> 22674 | C16: ='Diesel consumption'!D13 -> 6290 | D16: ='SOLAR METER READING'!D17 -> 1357 | E16: ='Gas-2'!G14 -> 225 | F16: =WATER!V14 -> 318 | G16: =WATER!W14 -> 16.5 | H16: ='SOLAR METER READING'!E17 -> 0 | I16: =B16-B15 -> -2776
A17: 10 | B17: =SUM('GENSET #1:GENSET #5'!D19) -> 23356 | C17: ='Diesel consumption'!D14 -> 6340 | D17: ='SOLAR METER READING'!D18 -> 1886 | E17: ='Gas-2'!G15 -> 270 | F17: =WATER!V15 -> 376 | G17: =WATER!W15 -> 13.6 | H17: ='SOLAR METER READING'!E18 -> 0 | I17: =B17-B16 -> 682
A18: 11 | B18: =SUM('GENSET #1:GENSET #5'!D20) -> 23328 | C18: ='Diesel consumption'!D15 -> 6440 | D18: ='SOLAR METER READING'!D19 -> 3046 | E18: ='Gas-2'!G16 -> 225 | F18: =WATER!V16 -> 286 | G18: =WATER!W16 -> 11.7 | H18: ='SOLAR METER READING'!E19 -> 0 | I18: =B18-B17 -> -28
A19: 12 | B19: =SUM('GENSET #1:GENSET #5'!D21) -> 25504 | C19: ='Diesel consumption'!D16 -> 6930 | D19: ='SOLAR METER READING'!D20 -> 3076 | E19: ='Gas-2'!G17 -> 225 | F19: =WATER!V17 -> 300 | G19: =WATER!W17 -> 11.7 | H19: ='SOLAR METER READING'!E20 -> 0 | I19: =B19-B18 -> 2176
A20: 13 | B20: =SUM('GENSET #1:GENSET #5'!D22) -> 24640 | C20: ='Diesel consumption'!D17 -> 7030 | D20: ='SOLAR METER READING'!D21 -> 2917 | E20: ='Gas-2'!G18 -> 225 | F20: =WATER!V18 -> 319 | G20: =WATER!W18 -> 12.6 | H20: ='SOLAR METER READING'!E21 -> 0 | I20: =B20-B19 -> -864
... A37: 30 | B37: =SUM('GENSET #1:GENSET #5'!D39) -> 0 | C37: ='Diesel consumption'!D34 -> 0 | D37: ='SOLAR METER READING'!D38 -> 0 | E37: ='Gas-2'!G35 -> 0 | F37: =WATER!V35 -> 0 | G37: =WATER!W35 -> 0 | H37: ='SOLAR METER READING'!E38 -> 0 | I37: =B37-B36 -> 0
A38: 31 | H38: ='SOLAR METER READING'!E39 -> 0 | I38: =B38-B37 -> 0
A39: Total | B39: =SUM(B8:B38) -> -91300142 | C39: =SUM(C8:C38) -> -44329360 | D39: =SUM(D8:D38) -> -2764195 | E39: =SUM(E8:E38) -> 3915 | F39: =SUM(F8:F38) -> -969047 | G39: =SUM(G8:G37)/30 -> 7.9833333
A40: Avg | B40: =B39/30 -> -3043338.1 | C40: =C39/30 -> -1477645.3 | D40: =D39/30 -> -92139.833 | E40: =E39/30 -> 130.5 | F40: =F39/31 -> -31259.581

Sheet GENSET #1
C1: 1000 KVA
C3: NO#1
A6: 44378
B8: GENSET NO 1
A9: DAY | B9: YESTARDAY | C9: TODAY | D9: Final Electricity Consumption( KWh)
A10: 1 | B10: 17388477 | C10: 17398518 | D10: =C10-B10 -> 10041
A11: 2 | B11: =C10 -> 17398518 | C11: 17406657 | D11: =C11-B11 -> 8139
A12: 3 | B12: =C11 -> 17406657 | C12: 17418372 | D12: =C12-B12 -> 11715
A13: 4 | B13: =C12 -> 17418372 | C13: 17426569 | D13: =C13-B13 -> 8197
A14: 5 | B14: =C13 -> 17426569 | C14: 17429586 | D14: =C14-B14 -> 3017
A15: 6 | B15: =C14 -> 17429586 | C15: 17441352 | D15: =C15-B15 -> 11766
A16: 7 | B16: =C15 -> 17441352 | C16: 17442048 | D16: =C16-B16 -> 696
A17: 8 | B17: =C16 -> 17442048 | C17: 17452919 | D17: =C17-B17 -> 10871
A18: 9 | B18: =C17 -> 17452919 | C18: 17461253 | D18: =C18-B18 -> 8334
A19: 10 | B19: =C18 -> 17461253 | C19: 17469221 | D19: =C19-B19 -> 7968
A20: 11 | B20: =C19 -> 17469221 | C20: 17478279 | D20: =C20-B20 -> 9058
A21: 12 | B21: =C20 -> 17478279 | C21: 17482929 | D21: =C21-B21 -> 4650
A22: 13 | B22: =C21 -> 17482929 | C22: 17494214 | D22: =C22-B22 -> 11285
... A26: 17 | B26: =C25 -> 17512912 | C26: 17524368 | D26: =C26-B26 -> 11456
A27: 18 | B27: =C26 -> 17524368 | D27: =C27-B27 -> -17524368
A28: 19 | B28: =C27 -> 0 | D28: =C28-B28 -> 0
A29: 20 | B29: =C28 -> 0 | D29: =C29-B29 -> 0
A30: 21 | B30: =C29 -> 0 | D30: =C30-B30 -> 0
A31: 22 | B31: =C30 -> 0 | D31: =C31-B31 -> 0
A32: 23 | B32: =C31 -> 0 | D32: =C32-B32 -> 0
A33: 24 | B33: =C32 -> 0 | D33: =C33-B33 -> 0
A34: 25 | B34: =C33 -> 0 | D34: =C34-B34 -> 0
A35: 26 | B35: =C34 -> 0 | D35: =C35-B35 -> 0
A36: 27 | B36: =C35 -> 0 | D36: =C36-B36 -> 0
A37: 28 | B37: =C36 -> 0 | D37: =C37-B37 -> 0
A38: 29 | B38: =C37 -> 0 | D38: =C38-B38 -> 0
A39: 30 | B39: =C38 -> 0 | D39: =C39-B39 -> 0 | G39: NEW ENGINE PURCHASED FROM UK
A40: 31 | B40: =C39 -> 0 | D40: =C40-B40 -> 0
A41: Total | D41: =SUM(D10:D40) -> -17388477 | G41: INSTALLED: NOV 30 2013

Sheet GENSET #2
C1: 1600 KVA
C3: NO#2
A6: 44378
B8: GENSET NO 2
A9: DAY | B9: YESTARDAY | C9: TODAY | D9: Final Electricity Consumption( KW h)
A10: 1 | B10: 30372736 | C10: 30372736 | D10: =C10-B10 -> 0
A11: 2 | B11: =C10 -> 30372736 | C11: 30372736 | D11: =C11-B11 -> 0
A12: 3 | B12: =C11 -> 30372736 | C12: 30373162 | D12: =C12-B12 -> 426
A13: 4 | B13: =C12 -> 30373162 | C13: 30373162 | D13: =C13-B13 -> 0
A14: 5 | B14: =C13 -> 30373162 | C14: 30373162 | D14: =C14-B14 -> 0
A15: 6 | B15: =C14 -> 30373162 | C15: 30373162 | D15: =C15-B15 -> 0
A16: 7 | B16: =C15 -> 30373162 | C16: 30373162 | D16: =C16-B16 -> 0
A17: 8 | B17: =C16 -> 30373162 | C17: 30373162 | D17: =C17-B17 -> 0
A18: 9 | B18: =C17 -> 30373162 | C18: 30373162 | D18: =C18-B18 -> 0
A19: 10 | B19: =C18 -> 30373162 | C19: 30373162 | D19: =C19-B19 -> 0
A20: 11 | B20: =C19 -> 30373162 | C20: 30373162 | D20: =C20-B20 -> 0
A21: 12 | B21: =C20 -> 30373162 | C21: 30373162 | D21: =C21-B21 -> 0
A22: 13 | B22: =C21 -> 30373162 | C22: 30373162 | D22: =C22-B22 -> 0
... A26: 17 | B26: =C25 -> 30373162 | C26: 30373162 | D26: =C26-B26 -> 0
A27: 18 | B27: =C26 -> 30373162 | D27: =C27-B27 -> -30373162
A28: 19 | B28: =C27 -> 0 | D28: =C28-B28 -> 0
A29: 20 | B29: =C28 -> 0 | D29: =C29-B29 -> 0
A30: 21 | B30: =C29 -> 0 | D30: =C30-B30 -> 0
A31: 22 | B31: =C30 -> 0 | D31: =C31-B31 -> 0
A32: 23 | B32: =C31 -> 0 | D32: =C32-B32 -> 0
A33: 24 | B33: =C32 -> 0 | D33: =C33-B33 -> 0
A34: 25 | B34: =C33 -> 0 | D34: =C34-B34 -> 0
A35: 26 | B35: =C34 -> 0 | D35: =C35-B35 -> 0
A36: 27 | B36: =C35 -> 0 | D36: =C36-B36 -> 0
A37: 28 | B37: =C36 -> 0 | D37: =C37-B37 -> 0
A38: 29 | B38: =C37 -> 0 | D38: =C38-B38 -> 0
... A40: 31 | B40: =C39 -> 0 | D40: =C40-B40 -> 0
A41: Total | B41: =#REF! -> #REF! | D41: =SUM(D10:D40) -> -30372736

Sheet GENSET #3
C1: 900 KVA
C3: NO#3
A6: 44378
B8: GENSET NO 3
A9: DAY | B9: YESTARDAY | C9: TODAY | D9: Final Electricity Consumption( KW h)
A10: 1 | B10: 13358393 | C10: 13364464 | D10: =C10-B10 -> 6071
A11: 2 | B11: =C10 -> 13364464 | C11: 13374739 | D11: =C11-B11 -> 10275
A12: 3 | B12: =C11 -> 13374739 | C12: 13378296 | D12: =C12-B12 -> 3557
A13: 4 | B13: =C12 -> 13378296 | C13: 13384311 | D13: =C13-B13 -> 6015
A14: 5 | B14: =C13 -> 13384311 | C14: 13392118 | D14: =C14-B14 -> 7807
A15: 6 | B15: =C14 -> 13392118 | C15: 13399568 | D15: =C15-B15 -> 7450
A16: 7 | B16: =C15 -> 13399568 | C16: 13409417 | D16: =C16-B16 -> 9849
A17: 8 | B17: =C16 -> 13409417 | C17: 13412948 | D17: =C17-B17 -> 3531
A18: 9 | B18: =C17 -> 13412948 | C18: 13423108 | D18: =C18-B18 -> 10160
A19: 10 | B19: =C18 -> 13423108 | C19: 13426986 | D19: =C19-B19 -> 3878
A20: 11 | B20: =C19 -> 13426986 | C20: 13435160 | D20: =C20-B20 -> 8174
A21: 12 | B21: =C20 -> 13435160 | C21: 13441544 | D21: =C21-B21 -> 6384
A22: 13 | B22: =C21 -> 13441544 | C22: 13449085 | D22: =C22-B22 -> 7541
... A26: 17 | B26: =C25 -> 13471256 | C26: 13479184 | D26: =C26-B26 -> 7928
A27: 18 | B27: =C26 -> 13479184 | D27: =C27-B27 -> -13479184
A28: 19 | B28: =C27 -> 0 | D28: =C28-B28 -> 0
A29: 20 | B29: =C28 -> 0 | D29: =C29-B29 -> 0
A30: 21 | B30: =C29 -> 0 | D30: =C30-B30 -> 0
A31: 22 | B31: =C30 -> 0 | D31: =C31-B31 -> 0
A32: 23 | B32: =C31 -> 0 | D32: =C32-B32 -> 0
A33: 24 | B33: =C32 -> 0 | D33: =C33-B33 -> 0
A34: 25 | B34: =C33 -> 0 | D34: =C34-B34 -> 0
A35: 26 | B35: =C34 -> 0 | D35: =C35-B35 -> 0
A36: 27 | B36: =C35 -> 0 | D36: =C36-B36 -> 0
A37: 28 | B37: =C36 -> 0 | D37: =C37-B37 -> 0
A38: 29 | B38: =C37 -> 0 | D38: =C38-B38 -> 0
... A40: 31 | B40: =C39 -> 0 | D40: =C40-B40 -> 0
A41: Total | B41: =#REF! -> #REF! | D41: =SUM(D10:D40) -> -13358393

Sheet GENSET #4
C1: 500 KVA
C3: NO#4
A6: 44378
B8: GENSET NO 4
A9: DAY | B9: YESTARDAY | C9: TODAY | D9: Final Electricity Consumption( KW h)
A10: 1 | B10: 11748091 | C10: 11749888 | D10: =C10-B10 -> 1797
A11: 2 | B11: =C10 -> 11749888 | C11: 11752891 | D11: =C11-B11 -> 3003
A12: 3 | B12: =C11 -> 11752891 | C12: 11756821 | D12: =C12-B12 -> 3930
A13: 4 | B13: =C12 -> 11756821 | C13: 11761512 | D13: =C13-B13 -> 4691
A14: 5 | B14: =C13 -> 11761512 | C14: 11765267 | D14: =C14-B14 -> 3755
A15: 6 | B15: =C14 -> 11765267 | C15: 11769629 | D15: =C15-B15 -> 4362
A16: 7 | B16: =C15 -> 11769629 | C16: 11772194 | D16: =C16-B16 -> 2565
A17: 8 | B17: =C16 -> 11772194 | C17: 11774640 | D17: =C17-B17 -> 2446
A18: 9 | B18: =C17 -> 11774640 | C18: 11775784 | D18: =C18-B18 -> 1144
A19: 10 | B19: =C18 -> 11775784 | C19: 11778703 | D19: =C19-B19 -> 2919
A20: 11 | B20: =C19 -> 11778703 | C20: 11782254 | D20: =C20-B20 -> 3551
A21: 12 | B21: =C20 -> 11782254 | C21: 11785655 | D21: =C21-B21 -> 3401
A22: 13 | B22: =C21 -> 11785655 | C22: 11787982 | D22: =C22-B22 -> 2327
... A26: 17 | B26: =C25 -> 11797070 | C26: 11799998 | D26: =C26-B26 -> 2928
A27: 18 | B27: =C26 -> 11799998 | D27: =C27-B27 -> -11799998
A28: 19 | B28: =C27 -> 0 | D28: =C28-B28 -> 0
A29: 20 | B29: =C28 -> 0 | D29: =C29-B29 -> 0
A30: 21 | B30: =C29 -> 0 | D30: =C30-B30 -> 0
A31: 22 | B31: =C30 -> 0 | D31: =C31-B31 -> 0
A32: 23 | B32: =C31 -> 0 | D32: =C32-B32 -> 0
A33: 24 | B33: =C32 -> 0 | D33: =C33-B33 -> 0
A34: 25 | B34: =C33 -> 0 | D34: =C34-B34 -> 0
A35: 26 | B35: =C34 -> 0 | D35: =C35-B35 -> 0
A36: 27 | B36: =C35 -> 0 | D36: =C36-B36 -> 0
A37: 28 | B37: =C36 -> 0 | D37: =C37-B37 -> 0
A38: 29 | B38: =C37 -> 0 | D38: =C38-B38 -> 0
... A40: 31 | B40: =C39 -> 0 | D40: =C40-B40 -> 0
A41: Total | B41: =#REF! -> #REF! | D41: =SUM(D10:D40) -> -11748091

Sheet GENSET #5
C1: 1000 KVA
C3: NO#5
A6: 44378
B8: GENSET NO 5
A9: DAY | B9: YESTARDAY | C9: TODAY | D9: Final Electricity Consumption( KWh)
A10: 1 | B10: 18432445 | C10: 18440468 | D10: =C10-B10 -> 8023
A11: 2 | B11: =C10 -> 18440468 | C11: 18445897 | D11: =C11-B11 -> 5429
A12: 3 | B12: =C11 -> 18445897 | C12: 18453599 | D12: =C12-B12 -> 7702
A13: 4 | B13: =C12 -> 18453599 | C13: 18462023 | D13: =C13-B13 -> 8424
A14: 5 | B14: =C13 -> 18462023 | C14: 18473649 | D14: =C14-B14 -> 11626
A15: 6 | B15: =C14 -> 18473649 | C15: 18477237 | D15: =C15-B15 -> 3588
A16: 7 | B16: =C15 -> 18477237 | C16: 18488818 | D16: =C16-B16 -> 11581
A17: 8 | B17: =C16 -> 18488818 | C17: 18497420 | D17: =C17-B17 -> 8602
A18: 9 | B18: =C17 -> 18497420 | C18: 18500456 | D18: =C18-B18 -> 3036
A19: 10 | B19: =C18 -> 18500456 | C19: 18509047 | D19: =C19-B19 -> 8591
A20: 11 | B20: =C19 -> 18509047 | C20: 18511592 | D20: =C20-B20 -> 2545
A21: 12 | B21: =C20 -> 18511592 | C21: 18522661 | D21: =C21-B21 -> 11069
A22: 13 | B22: =C21 -> 18522661 | C22: 18526148 | D22: =C22-B22 -> 3487
... A26: 17 | B26: =C25 -> 18551608 | C26: 18554360 | D26: =C26-B26 -> 2752
A27: 18 | B27: =C26 -> 18554360 | D27: =C27-B27 -> -18554360
A28: 19 | B28: =C27 -> 0 | D28: =C28-B28 -> 0
A29: 20 | B29: =C28 -> 0 | D29: =C29-B29 -> 0
A30: 21 | B30: =C29 -> 0 | D30: =C30-B30 -> 0
A31: 22 | B31: =C30 -> 0 | D31: =C31-B31 -> 0
A32: 23 | B32: =C31 -> 0 | D32: =C32-B32 -> 0
A33: 24 | B33: =C32 -> 0 | D33: =C33-B33 -> 0
A34: 25 | B34: =C33 -> 0 | D34: =C34-B34 -> 0
A35: 26 | B35: =C34 -> 0 | D35: =C35-B35 -> 0
A36: 27 | B36: =C35 -> 0 | D36: =C36-B36 -> 0
A37: 28 | B37: =C36 -> 0 | D37: =C37-B37 -> 0
A38: 29 | B38: =C37 -> 0 | D38: =C38-B38 -> 0
... A40: 31 | B40: =C39 -> 0 | D40: =C40-B40 -> 0
A41: Total | D41: =SUM(D10:D40) -> -18432445

Sheet Diesel consumption
A1: Diesel Consumption - Powerhouse | F1: Diesel Tank Jetty Meter
A2: 44378
D3: Liters | F3: Boat meter Reading
A4: Date | B4: Yesterday | C4: Today | D4: ConsumptionIn 24 hrs | F4: Yesterday | G4: Today | H4: Consumption (Liters) | J4: In Barrels | L4: Carbon Emmision
A5: 1 | B5: 44329360 | C5: 44336560 | D5: =C5-B5 -> 7200 | F5: 689210 | G5: 693940 | H5: =G5-F5 -> 4730 | J5: =D5/200 -> 36 | L5: =2.68*D5 -> 19296 | M5: =L5/1000 -> 19.296
A6: 2 | B6: =C5 -> 44336560 | C6: 44344070 | D6: =C6-B6 -> 7510 | F6: =G5 -> 693940 | G6: 694690 | H6: =G6-F6 -> 750 | J6: =D6/200 -> 37.55 | L6: =2.68*D6 -> 20126.8 | M6: =L6/1000 -> 20.1268
A7: 3 | B7: =C6 -> 44344070 | C7: 44351590 | D7: =C7-B7 -> 7520 | F7: =G6 -> 694690 | G7: 694690 | H7: =G7-F7 -> 0 | J7: =D7/200 -> 37.6 | L7: =2.68*D7 -> 20153.6 | M7: =L7/1000 -> 20.1536
A8: 4 | B8: =C7 -> 44351590 | C8: 44359110 | D8: =C8-B8 -> 7520 | F8: =G7 -> 694690 | G8: 694810 | H8: =G8-F8 -> 120 | J8: =D8/200 -> 37.6 | L8: =2.68*D8 -> 20153.6 | M8: =L8/1000 -> 20.1536
A9: 5 | B9: =C8 -> 44359110 | C9: 44366090 | D9: =C9-B9 -> 6980 | F9: =G8 -> 694810 | G9: 696810 | H9: =G9-F9 -> 2000 | J9: =D9/200 -> 34.9 | L9: =2.68*D9 -> 18706.4 | M9: =L9/1000 -> 18.7064
A10: 6 | B10: =C9 -> 44366090 | C10: 44373720 | D10: =C10-B10 -> 7630 | F10: =G9 -> 696810 | G10: 697470 | H10: =G10-F10 -> 660 | J10: =D10/200 -> 38.15 | L10: =2.68*D10 -> 20448.4 | M10: =L10/1000 -> 20.4484
A11: 7 | B11: =C10 -> 44373720 | C11: 44380200 | D11: =C11-B11 -> 6480 | F11: =G10 -> 697470 | G11: 697590 | H11: =G11-F11 -> 120 | J11: =D11/200 -> 32.4 | L11: =2.68*D11 -> 17366.4 | M11: =L11/1000 -> 17.3664
A12: 8 | B12: =C11 -> 44380200 | C12: 44387340 | D12: =C12-B12 -> 7140 | F12: =G11 -> 697590 | G12: 699490 | H12: =G12-F12 -> 1900 | J12: =D12/200 -> 35.7 | L12: =2.68*D12 -> 19135.2 | M12: =L12/1000 -> 19.1352
A13: 9 | B13: =C12 -> 44387340 | C13: 44393630 | D13: =C13-B13 -> 6290 | F13: =G12 -> 699490 | G13: 699890 | H13: =G13-F13 -> 400 | J13: =D13/200 -> 31.45 | L13: =2.68*D13 -> 16857.2 | M13: =L13/1000 -> 16.8572
A14: 10 | B14: =C13 -> 44393630 | C14: 44399970 | D14: =C14-B14 -> 6340 | F14: =G13 -> 699890 | G14: 700010 | H14: =G14-F14 -> 120 | J14: =D14/200 -> 31.7 | L14: =2.68*D14 -> 16991.2 | M14: =L14/1000 -> 16.9912
A15: 11 | B15: =C14 -> 44399970 | C15: 44406410 | D15: =C15-B15 -> 6440 | F15: =G14 -> 700010 | G15: 700010 | H15: =G15-F15 -> 0 | J15: =D15/200 -> 32.2 | L15: =2.68*D15 -> 17259.2 | M15: =L15/1000 -> 17.2592
A16: 12 | B16: =C15 -> 44406410 | C16: 44413340 | D16: =C16-B16 -> 6930 | F16: =G15 -> 700010 | G16: 701990 | H16: =G16-F16 -> 1980 | J16: =D16/200 -> 34.65 | L16: =2.68*D16 -> 18572.4 | M16: =L16/1000 -> 18.5724
A17: 13 | B17: =C16 -> 44413340 | C17: 44420370 | D17: =C17-B17 -> 7030 | F17: =G16 -> 701990 | G17: 702930 | H17: =G17-F17 -> 940 | J17: =D17/200 -> 35.15 | L17: =2.68*D17 -> 18840.4 | M17: =L17/1000 -> 18.8404
... A21: 17 | B21: =C20 -> 44440750 | C21: 44447810 | D21: =C21-B21 -> 7060 | F21: =G20 -> 708760 | G21: 708760 | H21: =G21-F21 -> 0 | J21: =D21/200 -> 35.3 | L21: =2.68*D21 -> 18920.8 | M21: =L21/1000 -> 18.9208
A22: 18 | B22: =C21 -> 44447810 | D22: =C22-B22 -> -44447810 | F22: =G21 -> 708760 | H22: =G22-F22 -> -708760 | J22: =D22/200 -> -222239.05 | L22: =2.68*D22 -> -1.1912013e+08 | M22: =L22/1000 -> -119120.13
A23: 19 | B23: =C22 -> 0 | D23: =C23-B23 -> 0 | F23: =G22 -> 0 | H23: =G23-F23 -> 0 | J23: =D23/200 -> 0 | L23: =2.68*D23 -> 0 | M23: =L23/1000 -> 0
A24: 20 | B24: =C23 -> 0 | D24: =C24-B24 -> 0 | F24: =G23 -> 0 | H24: =G24-F24 -> 0 | J24: =D24/200 -> 0 | L24: =2.68*D24 -> 0 | M24: =L24/1000 -> 0
A25: 21 | B25: =C24 -> 0 | D25: =C25-B25 -> 0 | F25: =G24 -> 0 | H25: =G25-F25 -> 0 | J25: =D25/200 -> 0 | L25: =2.68*D25 -> 0 | M25: =L25/1000 -> 0
A26: 22 | B26: =C25 -> 0 | D26: =C26-B26 -> 0 | F26: =G25 -> 0 | H26: =G26-F26 -> 0 | J26: =D26/200 -> 0 | L26: =2.68*D26 -> 0 | M26: =L26/1000 -> 0
A27: 23 | B27: =C26 -> 0 | D27: =C27-B27 -> 0 | F27: =G26 -> 0 | H27: =G27-F27 -> 0 | J27: =D27/200 -> 0 | L27: =2.68*D27 -> 0 | M27: =L27/1000 -> 0
A28: 24 | B28: =C27 -> 0 | D28: =C28-B28 -> 0 | F28: =G27 -> 0 | H28: =G28-F28 -> 0 | J28: =D28/200 -> 0 | L28: =2.68*D28 -> 0 | M28: =L28/1000 -> 0
A29: 25 | B29: =C28 -> 0 | D29: =C29-B29 -> 0 | F29: =G28 -> 0 | H29: =G29-F29 -> 0 | J29: =D29/200 -> 0 | L29: =2.68*D29 -> 0 | M29: =L29/1000 -> 0
A30: 26 | B30: =C29 -> 0 | D30: =C30-B30 -> 0 | F30: =G29 -> 0 | H30: =G30-F30 -> 0 | J30: =D30/200 -> 0 | L30: =2.68*D30 -> 0 | M30: =L30/1000 -> 0
A31: 27 | B31: =C30 -> 0 | D31: =C31-B31 -> 0 | F31: =G30 -> 0 | H31: =G31-F31 -> 0 | J31: =D31/200 -> 0 | L31: =2.68*D31 -> 0 | M31: =L31/1000 -> 0
A32: 28 | B32: =C31 -> 0 | D32: =C32-B32 -> 0 | F32: =G31 -> 0 | H32: =G32-F32 -> 0 | J32: =D32/200 -> 0 | L32: =2.68*D32 -> 0 | M32: =L32/1000 -> 0
A33: 29 | B33: =C32 -> 0 | D33: =C33-B33 -> 0 | F33: =G32 -> 0 | H33: =G33-F33 -> 0 | J33: =D33/200 -> 0 | L33: =2.68*D33 -> 0 | M33: =L33/1000 -> 0
A34: 30 | B34: =C33 -> 0 | D34: =C34-B34 -> 0 | F34: =G33 -> 0 | H34: =G34-F34 -> 0 | J34: =D34/200 -> 0 | L34: =2.68*D34 -> 0 | M34: =L34/1000 -> 0
A35: 31 | B35: =C34 -> 0 | D35: =C35-B35 -> 0 | F35: =G34 -> 0 | H35: =G35-F35 -> 0
D36: =SUM(D5:D35) -> -44329360 | J36: =SUM(J5:J34) -> -221646.8 | L36: =2.68*D36 -> -1.1880268e+08 | M36: =L36/1000 -> -118802.68

Sheet SOLAR METER READING
C3: solar reading
B5: 44378
B7: solar meter reading
A8: DAY | B8: YESTARDAY | C8: TODAY | D8: Final Electricity Consumption( KW h) | E8: Weather Condition
A9: 1 | B9: 2764195 | C9: 2766935 | D9: =C9-B9 -> 2740
A10: 2 | B10: =C9 -> 2766935 | C10: 2770081 | D10: =C10-B10 -> 3146
A11: 3 | B11: =C10 -> 2770081 | C11: 2772883 | D11: =C11-B11 -> 2802
A12: 4 | B12: =C11 -> 2772883 | C12: 2775025 | D12: =C12-B12 -> 2142
A13: 5 | B13: =C12 -> 2775025 | C13: 2777088 | D13: =C13-B13 -> 2063 | J13: 1 liter diesel | K13: 11.1 kwh
A14: 6 | B14: =C13 -> 2777088 | C14: 2780117 | D14: =C14-B14 -> 3029 | J14: 212.88 diesel | K14: 2363 kwh
A15: 7 | B15: =C14 -> 2780117 | C15: 2782277 | D15: =C15-B15 -> 2160
A16: 8 | B16: =C15 -> 2782277 | C16: 2785155 | D16: =C16-B16 -> 2878
A17: 9 | B17: =C16 -> 2785155 | C17: 2786512 | D17: =C17-B17 -> 1357
A18: 10 | B18: =C17 -> 2786512 | C18: 2788398 | D18: =C18-B18 -> 1886
A19: 11 | B19: =C18 -> 2788398 | C19: 2791444 | D19: =C19-B19 -> 3046
A20: 12 | B20: =C19 -> 2791444 | C20: 2794520 | D20: =C20-B20 -> 3076
A21: 13 | B21: =C20 -> 2794520 | C21: 2797437 | D21: =C21-B21 -> 2917
A22: 14 | B22: =C21 -> 2797437 | C22: 2800684 | D22: =C22-B22 -> 3247
A23: 15 | B23: =C22 -> 2800684 | C23: 2803561 | D23: =C23-B23 -> 2877
A24: 16 | B24: =C23 -> 2803561 | C24: 2806694 | D24: =C24-B24 -> 3133
A25: 17 | B25: =C24 -> 2806694 | C25: 2809644 | D25: =C25-B25 -> 2950
A26: 18 | B26: =C25 -> 2809644 | D26: =C26-B26 -> -2809644
A27: 19 | B27: =C26 -> 0 | D27: =C27-B27 -> 0
A28: 20 | B28: =C27 -> 0 | D28: =C28-B28 -> 0
A29: 21 | B29: =C28 -> 0 | D29: =C29-B29 -> 0
A30: 22 | B30: =C29 -> 0 | D30: =C30-B30 -> 0
A31: 23 | B31: =C30 -> 0 | D31: =C31-B31 -> 0
A32: 24 | B32: =C31 -> 0 | D32: =C32-B32 -> 0
A33: 25 | B33: =C32 -> 0 | D33: =C33-B33 -> 0
A34: 26 | B34: =C33 -> 0 | D34: =C34-B34 -> 0
A35: 27 | B35: =C34 -> 0 | D35: =C35-B35 -> 0
A36: 28 | B36: =C35 -> 0 | D36: =C36-B36 -> 0
A37: 29 | B37: =C36 -> 0 | D37: =C37-B37 -> 0
... A39: 31 | B39: =C38 -> 0 | D39: =C39-B39 -> 0
A40: Total | D40: =SUM(D9:D39) -> -2764195

Sheet FEEDER Consumption 
A1: 44378
A2: POWER HOUSE FEEDER READING
C3: BLU FEEDER PANEL 1 | H3: BLU FEEDER PANEL 2 | M3: POWER HOUSE FEEDER PANEL NO:3 | R3: Main Kitchen -7 | W3: Main Kitchen -10 | AB3: Water treatment Plant | AG3: Sewage treatment Plant | AL3: Laundry--8SSB | AQ3: Laundry-9 | AV3: New staff accomodation (E0) | BA3: Staff block-16(E2-E3) | BF3: Staff Block Feeder-3(E4-E5) | BK3: Management block-5 | BP3: SNR STAFF BLOCK | BU3: BOAT DOCK FEEDER - 22 | BZ3: RECEPTION | CE3: DIVE CENTER | CJ3: 301-307 | CO3: 308-314 | CT3: 315-320 | CY3: 401-407 | DD3: 408-414 | DI3: 415-420 | DN3: SPA - 1 | DS3: SPA - 2 | DX3: BLU KITCHEN - 1 | EC3: BLU KITCHEN - 2 | EH3: AL BARAKATH | EM3: STAFF KITCHEN | ER3: MANAGR BLOCK GARDEN
A4: DAY | B4: Occupancy | C4: Yesterday | D4: Today | E4: Consumption | F4: Variance (Tdy vs Ystdy) | G4: % | H4: Yesterday | I4: Today | J4: Consumption | K4: Var(Tdy vs Ystdy) | L4: % | M4: Yesterday | N4: Today | O4: Consumption | P4: Var (Tdy vs Ystdy) | Q4: % | R4: Yesterday | S4: Today | T4: Consumption | U4: Var(Tdy vs Ystdy) | V4: % | W4: Yesterday | X4: Today | Y4: Consumption | Z4: Var(Tdy vs Ystdy) | AA4: % | AB4: Yesterday | AC4: Today | AD4: Consumption | AE4: Var(Tdy vs Ystdy) | AF4: % | AG4: Yesterday | AH4: Today | AI4: Consumption | AJ4: Var(Tdy vs Ystdy) | AK4: % | AL4: Yesterday | AM4: Today | AN4: Consumption | AO4: Var(Tdy vs Ystdy) | AP4: % | AQ4: Yesterday | AR4: Today | AS4: Consumption | AT4: Var(Tdy vs Ystdy) | AU4: % | AV4: Yesterday | AW4: Today | AX4: Consumption | AY4: Var(Tdy vs Ystdy) | AZ4: % | BA4: Yesterday | BB4: Today | BC4: Consumption | BD4: Var(Tdy vs Ystdy) | BE4: % | BF4: Yesterday | BG4: Today | BH4: Consumption | BI4: Var(Tdy vs Ystdy) | BJ4: % | BK4: Yesterday | BL4: Today | BM4: Consumption | BN4: Var(Tdy vs Ystdy) | BO4: % | BP4: Yesterday | BQ4: Today | BR4: Consumption | BS4: Var(Tdy vs Ystdy) | BT4: % | BU4: Yesterday | BV4: Today | BW4: Consumption | BX4: Var(Tdy vs Ystdy) | BY4: % | BZ4: Yesterday | CA4: Today | CB4: Consumption | CC4: Var(Tdy vs Ystdy) | CD4: % | CE4: Yesterday | CF4: Today | CG4: Consumption | CH4: Var(Tdy vs Ystdy) | CI4: % | CJ4: Yesterday | CK4: Today | CL4: Consumption | CM4: Var(Tdy vs Ystdy) | CN4: % | CO4: Yesterday | CP4: Today | CQ4: Consumption | CR4: Var(Tdy vs Ystdy) | CS4: % | CT4: Yesterday | CU4: Today | CV4: Consumption | CW4: Var(Tdy vs Ystdy) | CX4: % | CY4: Yesterday | CZ4: Today | DA4: Consumption | DB4: Var(Tdy vs Ystdy) | DC4: % | DD4: Yesterday | DE4: Today | DF4: Consumption | DG4: Var(Tdy vs Ystdy) | DH4: % | DI4: Yesterday | DJ4: Today | DK4: Consumption | DL4: Var(Tdy vs Ystdy) | DM4: % | DN4: Yesterday | DO4: Today | DP4: Consumption | DQ4: Var(Tdy vs Ystdy) | DR4: % | DS4: Yesterday | DT4: Today | DU4: Consumption | DV4: Var(Tdy vs Ystdy) | DW4: % | DX4: Yesterday | DY4: Today | DZ4: Consumption | EA4: Var(Tdy vs Ystdy) | EB4: % | EC4: Yesterday | ED4: Today | EE4: Consumption | EF4: Var(Tdy vs Ystdy) | EG4: % | EH4: Yesterday | EI4: Today | EJ4: Consumption | EK4: Var(Tdy vs Ystdy) | EL4: % | EM4: Yesterday | EN4: Today | EO4: Consumption | EP4: Var(Tdy vs Ystdy) | EQ4: % | ER4: Yesterday | ES4: Today | ET4: Consumption | EU4: Var(Tdy vs Ystdy) | EV4: %
A5: 1 | B5: ='Finance Only'!G8 -> 18.4 | C5: 25725099 | D5: 25727421 | E5: =D5-C5 -> 2322 | H5: 22880065 | I5: 22884764 | J5: =I5-H5 -> 4699 | M5: 86299457 | N5: 86313000 | O5: =N5-M5 -> 13543 | R5: 20899 | S5: 20919 | T5: =S5-R5 -> 20 | W5: 2829237 | X5: 2831913 | Y5: =X5-W5 -> 2676 | AB5: 17304 | AC5: 17321 | AD5: =AC5-AB5 -> 17 | AG5: 771494 | AH5: 771917 | AI5: =AH5-AG5 -> 423 | AL5: 79920 | AM5: 79981 | AN5: =AM5-AL5 -> 61 | AQ5: 18111 | AR5: 18119 | AS5: =AR5-AQ5 -> 8 | AV5: 520127 | AW5: 520580 | AX5: =AW5-AV5 -> 453 | BA5: 68608 | BB5: 68698 | BC5: =BB5-BA5 -> 90 | BF5: 78563 | BG5: 78649 | BH5: =BG5-BF5 -> 86 | BK5: 12247 | BL5: 12260 | BM5: =BL5-BK5 -> 13 | BP5: 69843 | BQ5: 70001 | BR5: =BQ5-BP5 -> 158 | BU5: 38520 | BV5: 38559 | BW5: =BV5-BU5 -> 39 | BZ5: 53178 | CA5: 53301 | CB5: =CA5-BZ5 -> 123 | CE5: 15858 | CF5: 15898 | CG5: =CF5-CE5 -> 40 | CJ5: 36130 | CK5: 36246 | CL5: =CK5-CJ5 -> 116 | CO5: 28858 | CP5: 28930 | CQ5: =CP5-CO5 -> 72 | CT5: 25486 | CU5: 25545 | CV5: =CU5-CT5 -> 59 | CY5: 42103 | CZ5: 42225 | DA5: =CZ5-CY5 -> 122 | DD5: 31530 | DE5: 31635 | DF5: =DE5-DD5 -> 105 | DI5: 29237 | DJ5: 29319 | DK5: =DJ5-DI5 -> 82 | DN5: 19542 | DO5: 19596 | DP5: =DO5-DN5 -> 54 | DS5: 52606 | DT5: 52717 | DU5: =DT5-DS5 -> 111 | DX5: 36398 | DY5: 36463 | DZ5: =DY5-DX5 -> 65 | EC5: 11211 | ED5: 11237 | EE5: =ED5-EC5 -> 26 | EH5: 98396 | EI5: 98800 | EJ5: =EI5-EH5 -> 404 | EM5: 19790 | EN5: 19842 | EO5: =EN5-EM5 -> 52 | ER5: 39170 | ES5: 39493 | ET5: =ES5-ER5 -> 323
A6: 2 | B6: ='Finance Only'!G9 -> 12.7 | C6: =D5 -> 25727421 | D6: 25729835 | E6: =D6-C6 -> 2414 | F6: =E6-E5 -> 92 | G6: =(E6/'Finance Only'!B9)*100 -> 8.9920286 | H6: =I5 -> 22884764 | I6: 22890036 | J6: =I6-H6 -> 5272 | K6: =J6-J5 -> 573 | L6: =(J6/'Finance Only'!B9)*100 -> 19.637935 | M6: =N5 -> 86313000 | N6: 86326159 | O6: =N6-M6 -> 13159 | P6: =O6-O5 -> -384 | Q6: =(O6/'Finance Only'!B9)*100 -> 49.016613 | R6: =S5 -> 20919 | S6: 20939 | T6: =S6-R6 -> 20 | U6: =T6-T5 -> 0 | V6: =(T6/'Finance Only'!B9)*100 -> 0.074498994 | W6: =X5 -> 2831913 | X6: 2834631 | Y6: =X6-W6 -> 2718 | Z6: =Y6-Y5 -> 42 | AA6: =(Y6/'Finance Only'!B9)*100 -> 10.124413 | AB6: =AC5 -> 17321 | AC6: 17336 | AD6: =AC6-AB6 -> 15 | AE6: =AD6-AD5 -> -2 | AF6: =(AD6/'Finance Only'!B9)*100 -> 0.055874246 | AG6: =AH5 -> 771917 | AH6: 772307 | AI6: =AH6-AG6 -> 390 | AJ6: =AI6-AI5 -> -33 | AK6: =(AI6/'Finance Only'!B9)*100 -> 1.4527304 | AL6: =AM5 -> 79981 | AM6: 80047 | AN6: =AM6-AL6 -> 66 | AO6: =AN6-AN5 -> 5 | AP6: =(AN6/'Finance Only'!B9)*100 -> 0.24584668 | AQ6: =AR5 -> 18119 | AR6: 18133 | AS6: =AR6-AQ6 -> 14 | AT6: =AS6-AS5 -> 6 | AU6: =(AS6/'Finance Only'!B9)*100 -> 0.052149296 | AV6: =AW5 -> 520580 | AW6: 520995 | AX6: =AW6-AV6 -> 415 | AY6: =AX6-AX5 -> -38 | AZ6: =(AX6/'Finance Only'!B9)*100 -> 1.5458541 | BA6: =BB5 -> 68698 | BB6: 68781 | BC6: =BB6-BA6 -> 83 | BD6: =BC6-BC5 -> -7 | BE6: =(BC6/'Finance Only'!B9)*100 -> 0.30917083 | BF6: =BG5 -> 78649 | BG6: 78733 | BH6: =BG6-BF6 -> 84 | BI6: =BH6-BH5 -> -2 | BJ6: =(BH6/'Finance Only'!B9)*100 -> 0.31289578 | BK6: =BL5 -> 12260 | BL6: 12274 | BM6: =BL6-BK6 -> 14 | BN6: =BM6-BM5 -> 1 | BO6: =(BM6/'Finance Only'!B9)*100 -> 0.052149296 | BP6: =BQ5 -> 70001 | BQ6: 70183 | BR6: =BQ6-BP6 -> 182 | BS6: =BR6-BR5 -> 24 | BT6: =(BR6/'Finance Only'!B9)*100 -> 0.67794085 | BU6: =BV5 -> 38559 | BV6: 38597 | BW6: =BV6-BU6 -> 38 | BX6: =BW6-BW5 -> -1 | BY6: =(BW6/'Finance Only'!B9)*100 -> 0.14154809 | BZ6: =CA5 -> 53301 | CA6: 53423 | CB6: =CA6-BZ6 -> 122 | CC6: =CB6-CB5 -> -1 | CD6: =(CB6/'Finance Only'!B9)*100 -> 0.45444387 | CE6: =CF5 -> 15898 | CF6: 15937 | CG6: =CF6-CE6 -> 39 | CH6: =CG6-CG5 -> -1 | CI6: =(CG6/'Finance Only'!B9)*100 -> 0.14527304 | CJ6: =CK5 -> 36246 | CK6: 36352 | CL6: =CK6-CJ6 -> 106 | CM6: =CL6-CL5 -> -10 | CN6: =(CL6/'Finance Only'!B9)*100 -> 0.39484467 | CO6: =CP5 -> 28930 | CP6: 29004 | CQ6: =CP6-CO6 -> 74 | CR6: =CQ6-CQ5 -> 2 | CS6: =(CQ6/'Finance Only'!B9)*100 -> 0.27564628 | CT6: =CU5 -> 25545 | CU6: 25609 | CV6: =CU6-CT6 -> 64 | CW6: =CV6-CV5 -> 5 | CX6: =(CV6/'Finance Only'!B9)*100 -> 0.23839678 | CY6: =CZ5 -> 42225 | CZ6: 42350 | DA6: =CZ6-CY6 -> 125 | DB6: =DA6-DA5 -> 3 | DC6: =(DA6/'Finance Only'!B9)*100 -> 0.46561871 | DD6: =DE5 -> 31635 | DE6: 31732 | DF6: =DE6-DD6 -> 97 | DG6: =DF6-DF5 -> -8 | DH6: =(DF6/'Finance Only'!B9)*100 -> 0.36132012 | DI6: =DJ5 -> 29319 | DJ6: 29420 | DK6: =DJ6-DI6 -> 101 | DL6: =DK6-DK5 -> 19 | DM6: =(DK6/'Finance Only'!B9)*100 -> 0.37621992 | DN6: =DO5 -> 19596 | DO6: 19646 | DP6: =DO6-DN6 -> 50 | DQ6: =DP6-DP5 -> -4 | DR6: =(DP6/'Finance Only'!B9)*100 -> 0.18624749 | DS6: =DT5 -> 52717 | DT6: 52807 | DU6: =DT6-DS6 -> 90 | DV6: =DU6-DU5 -> -21 | DW6: =(DU6/'Finance Only'!B9)*100 -> 0.33524547 | DX6: =DY5 -> 36463 | DY6: 36526 | DZ6: =DY6-DX6 -> 63 | EA6: =DZ6-DZ5 -> -2 | EB6: =(DZ6/'Finance Only'!B9)*100 -> 0.23467183 | EC6: =ED5 -> 11237 | ED6: 11260 | EE6: =ED6-EC6 -> 23 | EF6: =EE6-EE5 -> -3 | EG6: =(EE6/'Finance Only'!B9)*100 -> 0.085673843 | EH6: =EI5 -> 98800 | EI6: 99009 | EJ6: =EI6-EH6 -> 209 | EK6: =EJ6-EJ5 -> -195 | EL6: =(EJ6/'Finance Only'!B9)*100 -> 0.77851449 | EM6: =EN5 -> 19842 | EN6: 19891 | EO6: =EN6-EM6 -> 49 | EP6: =EO6-EO5 -> -3 | EQ6: =(EO6/'Finance Only'!B9)*100 -> 0.18252254 | ER6: =ES5 -> 39493 | ES6: 39787 | ET6: =ES6-ER6 -> 294 | EU6: =ET6-ET5 -> -29 | EV6: =(ET6/'Finance Only'!B9)*100 -> 1.0951352
A7: 3 | B7: ='Finance Only'!G10 -> 12.6 | C7: =D6 -> 25729835 | D7: 25732330 | E7: =D7-C7 -> 2495 | F7: =E7-E6 -> 81 | G7: =(E7/'Finance Only'!B10)*100 -> 9.1291621 | H7: =I6 -> 22890036 | I7: 22895094 | J7: =I7-H7 -> 5058 | K7: =J7-J6 -> -214 | L7: =(J7/'Finance Only'!B10)*100 -> 18.507135 | M7: =N6 -> 86326159 | N7: 86340540 | O7: =N7-M7 -> 14381 | P7: =O7-O6 -> 1222 | Q7: =(O7/'Finance Only'!B10)*100 -> 52.619832 | R7: =S6 -> 20939 | S7: 20959 | T7: =S7-R7 -> 20 | U7: =T7-T6 -> 0 | V7: =(T7/'Finance Only'!B10)*100 -> 0.073179656 | W7: =X6 -> 2834631 | X7: 2837321 | Y7: =X7-W7 -> 2690 | Z7: =Y7-Y6 -> -28 | AA7: =(Y7/'Finance Only'!B10)*100 -> 9.8426637 | AB7: =AC6 -> 17336 | AC7: 17353 | AD7: =AC7-AB7 -> 17 | AE7: =AD7-AD6 -> 2 | AF7: =(AD7/'Finance Only'!B10)*100 -> 0.062202708 | AG7: =AH6 -> 772307 | AH7: 772719 | AI7: =AH7-AG7 -> 412 | AJ7: =AI7-AI6 -> 22 | AK7: =(AI7/'Finance Only'!B10)*100 -> 1.5075009 | AL7: =AM6 -> 80047 | AM7: 80113 | AN7: =AM7-AL7 -> 66 | AO7: =AN7-AN6 -> 0 | AP7: =(AN7/'Finance Only'!B10)*100 -> 0.24149286 | AQ7: =AR6 -> 18133 | AR7: 18141 | AS7: =AR7-AQ7 -> 8 | AT7: =AS7-AS6 -> -6 | AU7: =(AS7/'Finance Only'!B10)*100 -> 0.029271862 | AV7: =AW6 -> 520995 | AW7: 521383 | AX7: =AW7-AV7 -> 388 | AY7: =AX7-AX6 -> -27 | AZ7: =(AX7/'Finance Only'!B10)*100 -> 1.4196853 | BA7: =BB6 -> 68781 | BB7: 68875 | BC7: =BB7-BA7 -> 94 | BD7: =BC7-BC6 -> 11 | BE7: =(BC7/'Finance Only'!B10)*100 -> 0.34394438 | BF7: =BG6 -> 78733 | BG7: 78829 | BH7: =BG7-BF7 -> 96 | BI7: =BH7-BH6 -> 12 | BJ7: =(BH7/'Finance Only'!B10)*100 -> 0.35126235 | BK7: =BL6 -> 12274 | BL7: 12288 | BM7: =BL7-BK7 -> 14 | BN7: =BM7-BM6 -> 0 | BO7: =(BM7/'Finance Only'!B10)*100 -> 0.051225759 | BP7: =BQ6 -> 70183 | BQ7: 70421 | BR7: =BQ7-BP7 -> 238 | BS7: =BR7-BR6 -> 56 | BT7: =(BR7/'Finance Only'!B10)*100 -> 0.87083791 | BU7: =BV6 -> 38597 | BV7: 38636 | BW7: =BV7-BU7 -> 39 | BX7: =BW7-BW6 -> 1 | BY7: =(BW7/'Finance Only'!B10)*100 -> 0.14270033 | BZ7: =CA6 -> 53423 | CA7: 53547 | CB7: =CA7-BZ7 -> 124 | CC7: =CB7-CB6 -> 2 | CD7: =(CB7/'Finance Only'!B10)*100 -> 0.45371387 | CE7: =CF6 -> 15937 | CF7: 15984 | CG7: =CF7-CE7 -> 47 | CH7: =CG7-CG6 -> 8 | CI7: =(CG7/'Finance Only'!B10)*100 -> 0.17197219 | CJ7: =CK6 -> 36352 | CK7: 36463 | CL7: =CK7-CJ7 -> 111 | CM7: =CL7-CL6 -> 5 | CN7: =(CL7/'Finance Only'!B10)*100 -> 0.40614709 | CO7: =CP6 -> 29004 | CP7: 29083 | CQ7: =CP7-CO7 -> 79 | CR7: =CQ7-CQ6 -> 5 | CS7: =(CQ7/'Finance Only'!B10)*100 -> 0.28905964 | CT7: =CU6 -> 25609 | CU7: 25682 | CV7: =CU7-CT7 -> 73 | CW7: =CV7-CV6 -> 9 | CX7: =(CV7/'Finance Only'!B10)*100 -> 0.26710574 | CY7: =CZ6 -> 42350 | CZ7: 42463 | DA7: =CZ7-CY7 -> 113 | DB7: =DA7-DA6 -> -12 | DC7: =(DA7/'Finance Only'!B10)*100 -> 0.41346506 | DD7: =DE6 -> 31732 | DE7: 31808 | DF7: =DE7-DD7 -> 76 | DG7: =DF7-DF6 -> -21 | DH7: =(DF7/'Finance Only'!B10)*100 -> 0.27808269 | DI7: =DJ6 -> 29420 | DJ7: 29519 | DK7: =DJ7-DI7 -> 99 | DL7: =DK7-DK6 -> -2 | DM7: =(DK7/'Finance Only'!B10)*100 -> 0.3622393 | DN7: =DO6 -> 19646 | DO7: 19699 | DP7: =DO7-DN7 -> 53 | DQ7: =DP7-DP6 -> 3 | DR7: =(DP7/'Finance Only'!B10)*100 -> 0.19392609 | DS7: =DT6 -> 52807 | DT7: 52889 | DU7: =DT7-DS7 -> 82 | DV7: =DU7-DU6 -> -8 | DW7: =(DU7/'Finance Only'!B10)*100 -> 0.30003659 | DX7: =DY6 -> 36526 | DY7: 36589 | DZ7: =DY7-DX7 -> 63 | EA7: =DZ7-DZ6 -> 0 | EB7: =(DZ7/'Finance Only'!B10)*100 -> 0.23051592 | EC7: =ED6 -> 11260 | ED7: 11283 | EE7: =ED7-EC7 -> 23 | EF7: =EE7-EE6 -> 0 | EG7: =(EE7/'Finance Only'!B10)*100 -> 0.084156604 | EH7: =EI6 -> 99009 | EI7: 99323 | EJ7: =EI7-EH7 -> 314 | EK7: =EJ7-EJ6 -> 105 | EL7: =(EJ7/'Finance Only'!B10)*100 -> 1.1489206 | EM7: =EN6 -> 19891 | EN7: 19940 | EO7: =EN7-EM7 -> 49 | EP7: =EO7-EO6 -> 0 | EQ7: =(EO7/'Finance Only'!B10)*100 -> 0.17929016 | ER7: =ES6 -> 39787 | ES7: 40095 | ET7: =ES7-ER7 -> 308 | EU7: =ET7-ET6 -> 14 | EV7: =(ET7/'Finance Only'!B10)*100 -> 1.1269667
A8: 4 | B8: ='Finance Only'!G11 -> 15.5 | C8: =D7 -> 25732330 | D8: 25734686 | E8: =D8-C8 -> 2356 | F8: =E8-E7 -> -139 | G8: =(E8/'Finance Only'!B11)*100 -> 8.6215099 | H8: =I7 -> 22895094 | I8: 22899591 | J8: =I8-H8 -> 4497 | K8: =J8-J7 -> -561 | L8: =(J8/'Finance Only'!B11)*100 -> 16.456252 | M8: =N7 -> 86340540 | N8: 86355077 | O8: =N8-M8 -> 14537 | P8: =O8-O7 -> 156 | Q8: =(O8/'Finance Only'!B11)*100 -> 53.196472 | R8: =S7 -> 20959 | S8: 20979 | T8: =S8-R8 -> 20 | U8: =T8-T7 -> 0 | V8: =(T8/'Finance Only'!B11)*100 -> 0.07318769 | W8: =X7 -> 2837321 | X8: 2840164 | Y8: =X8-W8 -> 2843 | Z8: =Y8-Y7 -> 153 | AA8: =(Y8/'Finance Only'!B11)*100 -> 10.40363 | AB8: =AC7 -> 17353 | AC8: 17372 | AD8: =AC8-AB8 -> 19 | AE8: =AD8-AD7 -> 2 | AF8: =(AD8/'Finance Only'!B11)*100 -> 0.069528305 | AG8: =AH7 -> 772719 | AH8: 773152 | AI8: =AH8-AG8 -> 433 | AJ8: =AI8-AI7 -> 21 | AK8: =(AI8/'Finance Only'!B11)*100 -> 1.5845135 | AL8: =AM7 -> 80113 | AM8: 80178 | AN8: =AM8-AL8 -> 65 | AO8: =AN8-AN7 -> -1 | AP8: =(AN8/'Finance Only'!B11)*100 -> 0.23785999 | AQ8: =AR7 -> 18141 | AR8: 18155 | AS8: =AR8-AQ8 -> 14 | AT8: =AS8-AS7 -> 6 | AU8: =(AS8/'Finance Only'!B11)*100 -> 0.051231383 | AV8: =AW7 -> 521383 | AW8: 521795 | AX8: =AW8-AV8 -> 412 | AY8: =AX8-AX7 -> 24 | AZ8: =(AX8/'Finance Only'!B11)*100 -> 1.5076664 | BA8: =BB7 -> 68875 | BB8: 68975 | BC8: =BB8-BA8 -> 100 | BD8: =BC8-BC7 -> 6 | BE8: =(BC8/'Finance Only'!B11)*100 -> 0.36593845 | BF8: =BG7 -> 78829 | BG8: 78932 | BH8: =BG8-BF8 -> 103 | BI8: =BH8-BH7 -> 7 | BJ8: =(BH8/'Finance Only'!B11)*100 -> 0.3769166 | BK8: =BL7 -> 12288 | BL8: 12304 | BM8: =BL8-BK8 -> 16 | BN8: =BM8-BM7 -> 2 | BO8: =(BM8/'Finance Only'!B11)*100 -> 0.058550152 | BP8: =BQ7 -> 70421 | BQ8: 70634 | BR8: =BQ8-BP8 -> 213 | BS8: =BR8-BR7 -> -25 | BT8: =(BR8/'Finance Only'!B11)*100 -> 0.7794489 | BU8: =BV7 -> 38636 | BV8: 38680 | BW8: =BV8-BU8 -> 44 | BX8: =BW8-BW7 -> 5 | BY8: =(BW8/'Finance Only'!B11)*100 -> 0.16101292 | BZ8: =CA7 -> 53547 | CA8: 53670 | CB8: =CA8-BZ8 -> 123 | CC8: =CB8-CB7 -> -1 | CD8: =(CB8/'Finance Only'!B11)*100 -> 0.45010429 | CE8: =CF7 -> 15984 | CF8: 16024 | CG8: =CF8-CE8 -> 40 | CH8: =CG8-CG7 -> -7 | CI8: =(CG8/'Finance Only'!B11)*100 -> 0.14637538 | CJ8: =CK7 -> 36463 | CK8: 36565 | CL8: =CK8-CJ8 -> 102 | CM8: =CL8-CL7 -> -9 | CN8: =(CL8/'Finance Only'!B11)*100 -> 0.37325722 | CO8: =CP7 -> 29083 | CP8: 29156 | CQ8: =CP8-CO8 -> 73 | CR8: =CQ8-CQ7 -> -6 | CS8: =(CQ8/'Finance Only'!B11)*100 -> 0.26713507 | CT8: =CU7 -> 25682 | CU8: 25735 | CV8: =CU8-CT8 -> 53 | CW8: =CV8-CV7 -> -20 | CX8: =(CV8/'Finance Only'!B11)*100 -> 0.19394738 | CY8: =CZ7 -> 42463 | CZ8: 42555 | DA8: =CZ8-CY8 -> 92 | DB8: =DA8-DA7 -> -21 | DC8: =(DA8/'Finance Only'!B11)*100 -> 0.33666337 | DD8: =DE7 -> 31808 | DE8: 31895 | DF8: =DE8-DD8 -> 87 | DG8: =DF8-DF7 -> 11 | DH8: =(DF8/'Finance Only'!B11)*100 -> 0.31836645 | DI8: =DJ7 -> 29519 | DJ8: 29603 | DK8: =DJ8-DI8 -> 84 | DL8: =DK8-DK7 -> -15 | DM8: =(DK8/'Finance Only'!B11)*100 -> 0.3073883 | DN8: =DO7 -> 19699 | DO8: 19751 | DP8: =DO8-DN8 -> 52 | DQ8: =DP8-DP7 -> -1 | DR8: =(DP8/'Finance Only'!B11)*100 -> 0.19028799 | DS8: =DT7 -> 52889 | DT8: 52993 | DU8: =DT8-DS8 -> 104 | DV8: =DU8-DU7 -> 22 | DW8: =(DU8/'Finance Only'!B11)*100 -> 0.38057599 | DX8: =DY7 -> 36589 | DY8: 36655 | DZ8: =DY8-DX8 -> 66 | EA8: =DZ8-DZ7 -> 3 | EB8: =(DZ8/'Finance Only'!B11)*100 -> 0.24151938 | EC8: =ED7 -> 11283 | ED8: 11306 | EE8: =ED8-EC8 -> 23 | EF8: =EE8-EE7 -> 0 | EG8: =(EE8/'Finance Only'!B11)*100 -> 0.084165843 | EH8: =EI7 -> 99323 | EI8: 99671 | EJ8: =EI8-EH8 -> 348 | EK8: =EJ8-EJ7 -> 34 | EL8: =(EJ8/'Finance Only'!B11)*100 -> 1.2734658 | EM8: =EN7 -> 19940 | EN8: 19992 | EO8: =EN8-EM8 -> 52 | EP8: =EO8-EO7 -> 3 | EQ8: =(EO8/'Finance Only'!B11)*100 -> 0.19028799 | ER8: =ES7 -> 40095 | ES8: 40391 | ET8: =ES8-ER8 -> 296 | EU8: =ET8-ET7 -> -12 | EV8: =(ET8/'Finance Only'!B11)*100 -> 1.0831778
A9: 5 | B9: ='Finance Only'!G12 -> 13.6 | C9: =D8 -> 25734686 | D9: 25737038 | E9: =D9-C9 -> 2352 | F9: =E9-E8 -> -4 | G9: =(E9/'Finance Only'!B12)*100 -> 8.9753864 | H9: =I8 -> 22899591 | I9: 22904113 | J9: =I9-H9 -> 4522 | K9: =J9-J8 -> 25 | L9: =(J9/'Finance Only'!B12)*100 -> 17.256249 | M9: =N8 -> 86355077 | N9: 86368980 | O9: =N9-M9 -> 13903 | P9: =O9-O8 -> -634 | Q9: =(O9/'Finance Only'!B12)*100 -> 53.054761 | R9: =S8 -> 20979 | S9: 20998 | T9: =S9-R9 -> 19 | U9: =T9-T8 -> -1 | V9: =(T9/'Finance Only'!B12)*100 -> 0.072505247 | W9: =X8 -> 2840164 | X9: 2842892 | Y9: =X9-W9 -> 2728 | Z9: =Y9-Y8 -> -115 | AA9: =(Y9/'Finance Only'!B12)*100 -> 10.410227 | AB9: =AC8 -> 17372 | AC9: 17387 | AD9: =AC9-AB9 -> 15 | AE9: =AD9-AD8 -> -4 | AF9: =(AD9/'Finance Only'!B12)*100 -> 0.057240985 | AG9: =AH8 -> 773152 | AH9: 773538 | AI9: =AH9-AG9 -> 386 | AJ9: =AI9-AI8 -> -47 | AK9: =(AI9/'Finance Only'!B12)*100 -> 1.4730013 | AL9: =AM8 -> 80178 | AM9: 80239 | AN9: =AM9-AL9 -> 61 | AO9: =AN9-AN8 -> -4 | AP9: =(AN9/'Finance Only'!B12)*100 -> 0.23278 | AQ9: =AR8 -> 18155 | AR9: 18164 | AS9: =AR9-AQ9 -> 9 | AT9: =AS9-AS8 -> -5 | AU9: =(AS9/'Finance Only'!B12)*100 -> 0.034344591 | AV9: =AW8 -> 521795 | AW9: 522186 | AX9: =AW9-AV9 -> 391 | AY9: =AX9-AX8 -> -21 | AZ9: =(AX9/'Finance Only'!B12)*100 -> 1.4920817 | BA9: =BB8 -> 68975 | BB9: 69077 | BC9: =BB9-BA9 -> 102 | BD9: =BC9-BC8 -> 2 | BE9: =(BC9/'Finance Only'!B12)*100 -> 0.38923869 | BF9: =BG8 -> 78932 | BG9: 79031 | BH9: =BG9-BF9 -> 99 | BI9: =BH9-BH8 -> -4 | BJ9: =(BH9/'Finance Only'!B12)*100 -> 0.3777905 | BK9: =BL8 -> 12304 | BL9: 12319 | BM9: =BL9-BK9 -> 15 | BN9: =BM9-BM8 -> -1 | BO9: =(BM9/'Finance Only'!B12)*100 -> 0.057240985 | BP9: =BQ8 -> 70634 | BQ9: 70821 | BR9: =BQ9-BP9 -> 187 | BS9: =BR9-BR8 -> -26 | BT9: =(BR9/'Finance Only'!B12)*100 -> 0.71360427 | BU9: =BV8 -> 38680 | BV9: 38723 | BW9: =BV9-BU9 -> 43 | BX9: =BW9-BW8 -> -1 | BY9: =(BW9/'Finance Only'!B12)*100 -> 0.16409082 | BZ9: =CA8 -> 53670 | CA9: 53790 | CB9: =CA9-BZ9 -> 120 | CC9: =CB9-CB8 -> -3 | CD9: =(CB9/'Finance Only'!B12)*100 -> 0.45792788 | CE9: =CF8 -> 16024 | CF9: 16065 | CG9: =CF9-CE9 -> 41 | CH9: =CG9-CG8 -> 1 | CI9: =(CG9/'Finance Only'!B12)*100 -> 0.15645869 | CJ9: =CK8 -> 36565 | CK9: 36673 | CL9: =CK9-CJ9 -> 108 | CM9: =CL9-CL8 -> 6 | CN9: =(CL9/'Finance Only'!B12)*100 -> 0.41213509 | CO9: =CP8 -> 29156 | CP9: 29232 | CQ9: =CP9-CO9 -> 76 | CR9: =CQ9-CQ8 -> 3 | CS9: =(CQ9/'Finance Only'!B12)*100 -> 0.29002099 | CT9: =CU8 -> 25735 | CU9: 25770 | CV9: =CU9-CT9 -> 35 | CW9: =CV9-CV8 -> -18 | CX9: =(CV9/'Finance Only'!B12)*100 -> 0.1335623 | CY9: =CZ8 -> 42555 | CZ9: 42652 | DA9: =CZ9-CY9 -> 97 | DB9: =DA9-DA8 -> 5 | DC9: =(DA9/'Finance Only'!B12)*100 -> 0.37015837 | DD9: =DE8 -> 31895 | DE9: 32016 | DF9: =DE9-DD9 -> 121 | DG9: =DF9-DF8 -> 34 | DH9: =(DF9/'Finance Only'!B12)*100 -> 0.46174394 | DI9: =DJ8 -> 29603 | DJ9: 29683 | DK9: =DJ9-DI9 -> 80 | DL9: =DK9-DK8 -> -4 | DM9: =(DK9/'Finance Only'!B12)*100 -> 0.30528525 | DN9: =DO8 -> 19751 | DO9: 19802 | DP9: =DO9-DN9 -> 51 | DQ9: =DP9-DP8 -> -1 | DR9: =(DP9/'Finance Only'!B12)*100 -> 0.19461935 | DS9: =DT8 -> 52993 | DT9: 53084 | DU9: =DT9-DS9 -> 91 | DV9: =DU9-DU8 -> -13 | DW9: =(DU9/'Finance Only'!B12)*100 -> 0.34726197 | DX9: =DY8 -> 36655 | DY9: 36721 | DZ9: =DY9-DX9 -> 66 | EA9: =DZ9-DZ8 -> 0 | EB9: =(DZ9/'Finance Only'!B12)*100 -> 0.25186033 | EC9: =ED8 -> 11306 | ED9: 11329 | EE9: =ED9-EC9 -> 23 | EF9: =EE9-EE8 -> 0 | EG9: =(EE9/'Finance Only'!B12)*100 -> 0.08776951 | EH9: =EI8 -> 99671 | EI9: 100002 | EJ9: =EI9-EH9 -> 331 | EK9: =EJ9-EJ8 -> -17 | EL9: =(EJ9/'Finance Only'!B12)*100 -> 1.2631177 | EM9: =EN8 -> 19992 | EN9: 20041 | EO9: =EN9-EM9 -> 49 | EP9: =EO9-EO8 -> -3 | EQ9: =(EO9/'Finance Only'!B12)*100 -> 0.18698722 | ER9: =ES8 -> 40391 | ES9: 40685 | ET9: =ES9-ER9 -> 294 | EU9: =ET9-ET8 -> -2 | EV9: =(ET9/'Finance Only'!B12)*100 -> 1.1219233
A10: 6 | B10: ='Finance Only'!G13 -> 15.5 | C10: =D9 -> 25737038 | D10: 25739645 | E10: =D10-C10 -> 2607 | F10: =E10-E9 -> 255 | G10: =(E10/'Finance Only'!B13)*100 -> 9.5965545 | H10: =I9 -> 22904113 | I10: 22908514 | J10: =I10-H10 -> 4401 | K10: =J10-J9 -> -121 | L10: =(J10/'Finance Only'!B13)*100 -> 16.200398 | M10: =N9 -> 86368980 | N10: 86383085 | O10: =N10-M10 -> 14105 | P10: =O10-O9 -> 202 | Q10: =(O10/'Finance Only'!B13)*100 -> 51.92152 | R10: =S9 -> 20998 | S10: 21017 | T10: =S10-R10 -> 19 | U10: =T10-T9 -> 0 | V10: =(T10/'Finance Only'!B13)*100 -> 0.069940367 | W10: =X9 -> 2842892 | X10: 2845579 | Y10: =X10-W10 -> 2687 | Z10: =Y10-Y9 -> -41 | AA10: =(Y10/'Finance Only'!B13)*100 -> 9.8910403 | AB10: =AC9 -> 17387 | AC10: 174006 | AD10: =AC10-AB10 -> 156619 | AE10: =AD10-AD9 -> 156604 | AF10: =(AD10/'Finance Only'!B13)*100 -> 576.5258 | AG10: =AH9 -> 773538 | AH10: 773957 | AI10: =AH10-AG10 -> 419 | AJ10: =AI10-AI9 -> 33 | AK10: =(AI10/'Finance Only'!B13)*100 -> 1.5423691 | AL10: =AM9 -> 80239 | AM10: 80308 | AN10: =AM10-AL10 -> 69 | AO10: =AN10-AN9 -> 8 | AP10: =(AN10/'Finance Only'!B13)*100 -> 0.25399396 | AQ10: =AR9 -> 18164 | AR10: 18178 | AS10: =AR10-AQ10 -> 14 | AT10: =AS10-AS9 -> 5 | AU10: =(AS10/'Finance Only'!B13)*100 -> 0.051535007 | AV10: =AW9 -> 522186 | AW10: 522618 | AX10: =AW10-AV10 -> 432 | AY10: =AX10-AX9 -> 41 | AZ10: =(AX10/'Finance Only'!B13)*100 -> 1.5902231 | BA10: =BB9 -> 69077 | BB10: 69166 | BC10: =BB10-BA10 -> 89 | BD10: =BC10-BC9 -> -13 | BE10: =(BC10/'Finance Only'!B13)*100 -> 0.3276154 | BF10: =BG9 -> 79031 | BG10: 79117 | BH10: =BG10-BF10 -> 86 | BI10: =BH10-BH9 -> -13 | BJ10: =(BH10/'Finance Only'!B13)*100 -> 0.31657219 | BK10: =BL9 -> 12319 | BL10: 12334 | BM10: =BL10-BK10 -> 15 | BN10: =BM10-BM9 -> 0 | BO10: =(BM10/'Finance Only'!B13)*100 -> 0.055216079 | BP10: =BQ9 -> 70821 | BQ10: 70995 | BR10: =BQ10-BP10 -> 174 | BS10: =BR10-BR9 -> -13 | BT10: =(BR10/'Finance Only'!B13)*100 -> 0.64050652 | BU10: =BV9 -> 38723 | BV10: 38759 | BW10: =BV10-BU10 -> 36 | BX10: =BW10-BW9 -> -7 | BY10: =(BW10/'Finance Only'!B13)*100 -> 0.13251859 | BZ10: =CA9 -> 53790 | CA10: 53913 | CB10: =CA10-BZ10 -> 123 | CC10: =CB10-CB9 -> 3 | CD10: =(CB10/'Finance Only'!B13)*100 -> 0.45277185 | CE10: =CF9 -> 16065 | CF10: 16107 | CG10: =CF10-CE10 -> 42 | CH10: =CG10-CG9 -> 1 | CI10: =(CG10/'Finance Only'!B13)*100 -> 0.15460502 | CJ10: =CK9 -> 36673 | CK10: 36792 | CL10: =CK10-CJ10 -> 119 | CM10: =CL10-CL9 -> 11 | CN10: =(CL10/'Finance Only'!B13)*100 -> 0.43804756 | CO10: =CP9 -> 29232 | CP10: 29308 | CQ10: =CP10-CO10 -> 76 | CR10: =CQ10-CQ9 -> 0 | CS10: =(CQ10/'Finance Only'!B13)*100 -> 0.27976147 | CT10: =CU9 -> 25770 | CU10: 25821 | CV10: =CU10-CT10 -> 51 | CW10: =CV10-CV9 -> 16 | CX10: =(CV10/'Finance Only'!B13)*100 -> 0.18773467 | CY10: =CZ9 -> 42652 | CZ10: 42745 | DA10: =CZ10-CY10 -> 93 | DB10: =DA10-DA9 -> -4 | DC10: =(DA10/'Finance Only'!B13)*100 -> 0.34233969 | DD10: =DE9 -> 32016 | DE10: 32130 | DF10: =DE10-DD10 -> 114 | DG10: =DF10-DF9 -> -7 | DH10: =(DF10/'Finance Only'!B13)*100 -> 0.4196422 | DI10: =DJ9 -> 29683 | DJ10: 29749 | DK10: =DJ10-DI10 -> 66 | DL10: =DK10-DK9 -> -14 | DM10: =(DK10/'Finance Only'!B13)*100 -> 0.24295075 | DN10: =DO9 -> 19802 | DO10: 19838 | DP10: =DO10-DN10 -> 36 | DQ10: =DP10-DP9 -> -15 | DR10: =(DP10/'Finance Only'!B13)*100 -> 0.13251859 | DS10: =DT9 -> 53084 | DT10: 53169 | DU10: =DT10-DS10 -> 85 | DV10: =DU10-DU9 -> -6 | DW10: =(DU10/'Finance Only'!B13)*100 -> 0.31289111 | DX10: =DY9 -> 36721 | DY10: 36785 | DZ10: =DY10-DX10 -> 64 | EA10: =DZ10-DZ9 -> -2 | EB10: =(DZ10/'Finance Only'!B13)*100 -> 0.2355886 | EC10: =ED9 -> 11329 | ED10: 11349 | EE10: =ED10-EC10 -> 20 | EF10: =EE10-EE9 -> -3 | EG10: =(EE10/'Finance Only'!B13)*100 -> 0.073621439 | EH10: =EI9 -> 100002 | EI10: 10033 | EJ10: =EI10-EH10 -> -89969 | EK10: =EJ10-EJ9 -> -90300 | EL10: =(EJ10/'Finance Only'!B13)*100 -> -331.18236 | EM10: =EN9 -> 20041 | EN10: 20087 | EO10: =EN10-EM10 -> 46 | EP10: =EO10-EO9 -> -3 | EQ10: =(EO10/'Finance Only'!B13)*100 -> 0.16932931 | ER10: =ES9 -> 40685 | ES10: 40997 | ET10: =ES10-ER10 -> 312 | EU10: =ET10-ET9 -> 18 | EV10: =(ET10/'Finance Only'!B13)*100 -> 1.1484944
A11: 7 | B11: ='Finance Only'!G14 -> 17.5 | C11: =D10 -> 25739645 | D11: 25741883 | E11: =D11-C11 -> 2238 | F11: =E11-E10 -> -369 | G11: =(E11/'Finance Only'!B14)*100 -> 9.0640314 | H11: =I10 -> 22908514 | I11: 22912264 | J11: =I11-H11 -> 3750 | K11: =J11-J10 -> -651 | L11: =(J11/'Finance Only'!B14)*100 -> 15.18772 | M11: =N10 -> 86383085 | N11: 86396607 | O11: =N11-M11 -> 13522 | P11: =O11-O10 -> -583 | Q11: =(O11/'Finance Only'!B14)*100 -> 54.764894 | R11: =S10 -> 21017 | S11: 21036 | T11: =S11-R11 -> 19 | U11: =T11-T10 -> 0 | V11: =(T11/'Finance Only'!B14)*100 -> 0.076951116 | W11: =X10 -> 2845579 | X11: 2848140 | Y11: =X11-W11 -> 2561 | Z11: =Y11-Y10 -> -126 | AA11: =(Y11/'Finance Only'!B14)*100 -> 10.3722 | AB11: =AC10 -> 174006 | AC11: 17423 | AD11: =AC11-AB11 -> -156583 | AE11: =AD11-AD10 -> -313202 | AF11: =(AD11/'Finance Only'!B14)*100 -> -634.17035 | AG11: =AH10 -> 773957 | AH11: 774370 | AI11: =AH11-AG11 -> 413 | AJ11: =AI11-AI10 -> -6 | AK11: =(AI11/'Finance Only'!B14)*100 -> 1.6726743 | AL11: =AM10 -> 80308 | AM11: 80370 | AN11: =AM11-AL11 -> 62 | AO11: =AN11-AN10 -> -7 | AP11: =(AN11/'Finance Only'!B14)*100 -> 0.25110364 | AQ11: =AR10 -> 18178 | AR11: 18186 | AS11: =AR11-AQ11 -> 8 | AT11: =AS11-AS10 -> -6 | AU11: =(AS11/'Finance Only'!B14)*100 -> 0.03240047 | AV11: =AW10 -> 522618 | AW11: 523011 | AX11: =AW11-AV11 -> 393 | AY11: =AX11-AX10 -> -39 | AZ11: =(AX11/'Finance Only'!B14)*100 -> 1.5916731 | BA11: =BB10 -> 69166 | BB11: 69258 | BC11: =BB11-BA11 -> 92 | BD11: =BC11-BC10 -> 3 | BE11: =(BC11/'Finance Only'!B14)*100 -> 0.3726054 | BF11: =BG10 -> 79117 | BG11: 79216 | BH11: =BG11-BF11 -> 99 | BI11: =BH11-BH10 -> 13 | BJ11: =(BH11/'Finance Only'!B14)*100 -> 0.40095581 | BK11: =BL10 -> 12334 | BL11: 12348 | BM11: =BL11-BK11 -> 14 | BN11: =BM11-BM10 -> -1 | BO11: =(BM11/'Finance Only'!B14)*100 -> 0.056700822 | BP11: =BQ10 -> 70995 | BQ11: 71169 | BR11: =BQ11-BP11 -> 174 | BS11: =BR11-BR10 -> 0 | BT11: =(BR11/'Finance Only'!B14)*100 -> 0.70471022 | BU11: =BV10 -> 38759 | BV11: 38797 | BW11: =BV11-BU11 -> 38 | BX11: =BW11-BW10 -> 2 | BY11: =(BW11/'Finance Only'!B14)*100 -> 0.15390223 | BZ11: =CA10 -> 53913 | CA11: 54031 | CB11: =CA11-BZ11 -> 118 | CC11: =CB11-CB10 -> -5 | CD11: =(CB11/'Finance Only'!B14)*100 -> 0.47790693 | CE11: =CF10 -> 16107 | CF11: 16144 | CG11: =CF11-CE11 -> 37 | CH11: =CG11-CG10 -> -5 | CI11: =(CG11/'Finance Only'!B14)*100 -> 0.14985217 | CJ11: =CK10 -> 36792 | CK11: 36884 | CL11: =CK11-CJ11 -> 92 | CM11: =CL11-CL10 -> -27 | CN11: =(CL11/'Finance Only'!B14)*100 -> 0.3726054 | CO11: =CP10 -> 29308 | CP11: 29370 | CQ11: =CP11-CO11 -> 62 | CR11: =CQ11-CQ10 -> -14 | CS11: =(CQ11/'Finance Only'!B14)*100 -> 0.25110364 | CT11: =CU10 -> 25821 | CU11: 25872 | CV11: =CU11-CT11 -> 51 | CW11: =CV11-CV10 -> 0 | CX11: =(CV11/'Finance Only'!B14)*100 -> 0.206553 | CY11: =CZ10 -> 42745 | CZ11: 42830 | DA11: =CZ11-CY11 -> 85 | DB11: =DA11-DA10 -> -8 | DC11: =(DA11/'Finance Only'!B14)*100 -> 0.34425499 | DD11: =DE10 -> 32130 | DE11: 32205 | DF11: =DE11-DD11 -> 75 | DG11: =DF11-DF10 -> -39 | DH11: =(DF11/'Finance Only'!B14)*100 -> 0.3037544 | DI11: =DJ10 -> 29749 | DJ11: 29807 | DK11: =DJ11-DI11 -> 58 | DL11: =DK11-DK10 -> -8 | DM11: =(DK11/'Finance Only'!B14)*100 -> 0.23490341 | DN11: =DO10 -> 19838 | DO11: 19876 | DP11: =DO11-DN11 -> 38 | DQ11: =DP11-DP10 -> 2 | DR11: =(DP11/'Finance Only'!B14)*100 -> 0.15390223 | DS11: =DT10 -> 53169 | DT11: 53270 | DU11: =DT11-DS11 -> 101 | DV11: =DU11-DU10 -> 16 | DW11: =(DU11/'Finance Only'!B14)*100 -> 0.40905593 | DX11: =DY10 -> 36785 | DY11: 36847 | DZ11: =DY11-DX11 -> 62 | EA11: =DZ11-DZ10 -> -2 | EB11: =(DZ11/'Finance Only'!B14)*100 -> 0.25110364 | EC11: =ED10 -> 11349 | ED11: 11371 | EE11: =ED11-EC11 -> 22 | EF11: =EE11-EE10 -> 2 | EG11: =(EE11/'Finance Only'!B14)*100 -> 0.089101292 | EH11: =EI10 -> 10033 | EI11: 10068 | EJ11: =EI11-EH11 -> 35 | EK11: =EJ11-EJ10 -> 90004 | EL11: =(EJ11/'Finance Only'!B14)*100 -> 0.14175206 | EM11: =EN10 -> 20087 | EN11: 20139 | EO11: =EN11-EM11 -> 52 | EP11: =EO11-EO10 -> 6 | EQ11: =(EO11/'Finance Only'!B14)*100 -> 0.21060305 | ER11: =ES10 -> 40997 | ES11: 41257 | ET11: =ES11-ER11 -> 260 | EU11: =ET11-ET10 -> -52 | EV11: =(ET11/'Finance Only'!B14)*100 -> 1.0530153
A12: 8 | B12: ='Finance Only'!G15 -> 16.5 | C12: =D11 -> 25741883 | D12: 25744122 | E12: =D12-C12 -> 2239 | F12: =E12-E11 -> 1 | G12: =(E12/'Finance Only'!B15)*100 -> 8.7976424 | H12: =I11 -> 22912264 | I12: 22916536 | J12: =I12-H12 -> 4272 | K12: =J12-J11 -> 522 | L12: =(J12/'Finance Only'!B15)*100 -> 16.785855 | M12: =N11 -> 86396607 | N12: 86409737 | O12: =N12-M12 -> 13130 | P12: =O12-O11 -> -392 | Q12: =(O12/'Finance Only'!B15)*100 -> 51.591356 | R12: =S11 -> 21036 | S12: 21055 | T12: =S12-R12 -> 19 | U12: =T12-T11 -> 0 | V12: =(T12/'Finance Only'!B15)*100 -> 0.074656189 | W12: =X11 -> 2848140 | X12: 2850706 | Y12: =X12-W12 -> 2566 | Z12: =Y12-Y11 -> 5 | AA12: =(Y12/'Finance Only'!B15)*100 -> 10.082515 | AB12: =AC11 -> 17423 | AC12: 17440 | AD12: =AC12-AB12 -> 17 | AE12: =AD12-AD11 -> 156600 | AF12: =(AD12/'Finance Only'!B15)*100 -> 0.066797642 | AG12: =AH11 -> 774370 | AH12: 774769 | AI12: =AH12-AG12 -> 399 | AJ12: =AI12-AI11 -> -14 | AK12: =(AI12/'Finance Only'!B15)*100 -> 1.56778 | AL12: =AM11 -> 80370 | AM12: 80435 | AN12: =AM12-AL12 -> 65 | AO12: =AN12-AN11 -> 3 | AP12: =(AN12/'Finance Only'!B15)*100 -> 0.25540275 | AQ12: =AR11 -> 18186 | AR12: 18201 | AS12: =AR12-AQ12 -> 15 | AT12: =AS12-AS11 -> 7 | AU12: =(AS12/'Finance Only'!B15)*100 -> 0.058939096 | AV12: =AW11 -> 523011 | AW12: 523389 | AX12: =AW12-AV12 -> 378 | AY12: =AX12-AX11 -> -15 | AZ12: =(AX12/'Finance Only'!B15)*100 -> 1.4852652 | BA12: =BB11 -> 69258 | BB12: 69341 | BC12: =BB12-BA12 -> 83 | BD12: =BC12-BC11 -> -9 | BE12: =(BC12/'Finance Only'!B15)*100 -> 0.32612967 | BF12: =BG11 -> 79216 | BG12: 79300 | BH12: =BG12-BF12 -> 84 | BI12: =BH12-BH11 -> -15 | BJ12: =(BH12/'Finance Only'!B15)*100 -> 0.33005894 | BK12: =BL11 -> 12348 | BL12: 12362 | BM12: =BL12-BK12 -> 14 | BN12: =BM12-BM11 -> 0 | BO12: =(BM12/'Finance Only'!B15)*100 -> 0.055009823 | BP12: =BQ11 -> 71169 | BQ12: 71336 | BR12: =BQ12-BP12 -> 167 | BS12: =BR12-BR11 -> -7 | BT12: =(BR12/'Finance Only'!B15)*100 -> 0.65618861 | BU12: =BV11 -> 38797 | BV12: 38834 | BW12: =BV12-BU12 -> 37 | BX12: =BW12-BW11 -> -1 | BY12: =(BW12/'Finance Only'!B15)*100 -> 0.1453831 | BZ12: =CA11 -> 54031 | CA12: 54149 | CB12: =CA12-BZ12 -> 118 | CC12: =CB12-CB11 -> 0 | CD12: =(CB12/'Finance Only'!B15)*100 -> 0.46365422 | CE12: =CF11 -> 16144 | CF12: 16182 | CG12: =CF12-CE12 -> 38 | CH12: =CG12-CG11 -> 1 | CI12: =(CG12/'Finance Only'!B15)*100 -> 0.14931238 | CJ12: =CK11 -> 36884 | CK12: 36989 | CL12: =CK12-CJ12 -> 105 | CM12: =CL12-CL11 -> 13 | CN12: =(CL12/'Finance Only'!B15)*100 -> 0.41257367 | CO12: =CP11 -> 29370 | CP12: 29440 | CQ12: =CP12-CO12 -> 70 | CR12: =CQ12-CQ11 -> 8 | CS12: =(CQ12/'Finance Only'!B15)*100 -> 0.27504912 | CT12: =CU11 -> 25872 | CU12: 25926 | CV12: =CU12-CT12 -> 54 | CW12: =CV12-CV11 -> 3 | CX12: =(CV12/'Finance Only'!B15)*100 -> 0.21218075 | CY12: =CZ11 -> 42830 | CZ12: 42919 | DA12: =CZ12-CY12 -> 89 | DB12: =DA12-DA11 -> 4 | DC12: =(DA12/'Finance Only'!B15)*100 -> 0.3497053 | DD12: =DE11 -> 32205 | DE12: 32282 | DF12: =DE12-DD12 -> 77 | DG12: =DF12-DF11 -> 2 | DH12: =(DF12/'Finance Only'!B15)*100 -> 0.30255403 | DI12: =DJ11 -> 29807 | DJ12: 29879 | DK12: =DJ12-DI12 -> 72 | DL12: =DK12-DK11 -> 14 | DM12: =(DK12/'Finance Only'!B15)*100 -> 0.28290766 | DN12: =DO11 -> 19876 | DO12: 19925 | DP12: =DO12-DN12 -> 49 | DQ12: =DP12-DP11 -> 11 | DR12: =(DP12/'Finance Only'!B15)*100 -> 0.19253438 | DS12: =DT11 -> 53270 | DT12: 53384 | DU12: =DT12-DS12 -> 114 | DV12: =DU12-DU11 -> 13 | DW12: =(DU12/'Finance Only'!B15)*100 -> 0.44793713 | DX12: =DY11 -> 36847 | DY12: 36910 | DZ12: =DY12-DX12 -> 63 | EA12: =DZ12-DZ11 -> 1 | EB12: =(DZ12/'Finance Only'!B15)*100 -> 0.2475442 | EC12: =ED11 -> 11371 | ED12: 11394 | EE12: =ED12-EC12 -> 23 | EF12: =EE12-EE11 -> 1 | EG12: =(EE12/'Finance Only'!B15)*100 -> 0.090373281 | EH12: =EI11 -> 10068 | EI12: 10103 | EJ12: =EI12-EH12 -> 35 | EK12: =EJ12-EJ11 -> 0 | EL12: =(EJ12/'Finance Only'!B15)*100 -> 0.13752456 | EM12: =EN11 -> 20139 | EN12: 20193 | EO12: =EN12-EM12 -> 54 | EP12: =EO12-EO11 -> 2 | EQ12: =(EO12/'Finance Only'!B15)*100 -> 0.21218075 | ER12: =ES11 -> 41257 | ES12: 41577 | ET12: =ES12-ER12 -> 320 | EU12: =ET12-ET11 -> 60 | EV12: =(ET12/'Finance Only'!B15)*100 -> 1.2573674
A13: 9 | B13: ='Finance Only'!G16 -> 16.5 | C13: =D12 -> 25744122 | D13: 25746176 | E13: =D13-C13 -> 2054 | F13: =E13-E12 -> -185 | G13: =(E13/'Finance Only'!B16)*100 -> 9.0588339 | H13: =I12 -> 22916536 | I13: 22920025 | J13: =I13-H13 -> 3489 | K13: =J13-J12 -> -783 | L13: =(J13/'Finance Only'!B16)*100 -> 15.387669 | M13: =N12 -> 86409737 | N13: 86422303 | O13: =N13-M13 -> 12566 | P13: =O13-O12 -> -564 | Q13: =(O13/'Finance Only'!B16)*100 -> 55.420305 | R13: =S12 -> 21055 | S13: 21073 | T13: =S13-R13 -> 18 | U13: =T13-T12 -> -1 | V13: =(T13/'Finance Only'!B16)*100 -> 0.079386081 | W13: =X12 -> 2850706 | X13: 2852960 | Y13: =X13-W13 -> 2254 | Z13: =Y13-Y12 -> -312 | AA13: =(Y13/'Finance Only'!B16)*100 -> 9.9409015 | AB13: =AC12 -> 17440 | AC13: 17457 | AD13: =AC13-AB13 -> 17 | AE13: =AD13-AD12 -> 0 | AF13: =(AD13/'Finance Only'!B16)*100 -> 0.074975743 | AG13: =AH12 -> 774769 | AH13: 775276 | AI13: =AH13-AG13 -> 507 | AJ13: =AI13-AI12 -> 108 | AK13: =(AI13/'Finance Only'!B16)*100 -> 2.2360413 | AL13: =AM12 -> 80435 | AM13: 80491 | AN13: =AM13-AL13 -> 56 | AO13: =AN13-AN12 -> -9 | AP13: =(AN13/'Finance Only'!B16)*100 -> 0.24697892 | AQ13: =AR12 -> 18201 | AR13: 18209 | AS13: =AR13-AQ13 -> 8 | AT13: =AS13-AS12 -> -7 | AU13: =(AS13/'Finance Only'!B16)*100 -> 0.035282703 | AV13: =AW12 -> 523389 | AW13: 523730 | AX13: =AW13-AV13 -> 341 | AY13: =AX13-AX12 -> -37 | AZ13: =(AX13/'Finance Only'!B16)*100 -> 1.5039252 | BA13: =BB12 -> 69341 | BB13: 69435 | BC13: =BB13-BA13 -> 94 | BD13: =BC13-BC12 -> 11 | BE13: =(BC13/'Finance Only'!B16)*100 -> 0.41457176 | BF13: =BG12 -> 79300 | BG13: 79383 | BH13: =BG13-BF13 -> 83 | BI13: =BH13-BH12 -> -1 | BJ13: =(BH13/'Finance Only'!B16)*100 -> 0.36605804 | BK13: =BL12 -> 12362 | BL13: 12377 | BM13: =BL13-BK13 -> 15 | BN13: =BM13-BM12 -> 1 | BO13: =(BM13/'Finance Only'!B16)*100 -> 0.066155067 | BP13: =BQ12 -> 71336 | BQ13: 71506 | BR13: =BQ13-BP13 -> 170 | BS13: =BR13-BR12 -> 3 | BT13: =(BR13/'Finance Only'!B16)*100 -> 0.74975743 | BU13: =BV12 -> 38834 | BV13: 38873 | BW13: =BV13-BU13 -> 39 | BX13: =BW13-BW12 -> 2 | BY13: =(BW13/'Finance Only'!B16)*100 -> 0.17200318 | BZ13: =CA12 -> 54149 | CA13: 54257 | CB13: =CA13-BZ13 -> 108 | CC13: =CB13-CB12 -> -10 | CD13: =(CB13/'Finance Only'!B16)*100 -> 0.47631649 | CE13: =CF12 -> 16182 | CF13: 16217 | CG13: =CF13-CE13 -> 35 | CH13: =CG13-CG12 -> -3 | CI13: =(CG13/'Finance Only'!B16)*100 -> 0.15436182 | CJ13: =CK12 -> 36989 | CK13: 37075 | CL13: =CK13-CJ13 -> 86 | CM13: =CL13-CL12 -> -19 | CN13: =(CL13/'Finance Only'!B16)*100 -> 0.37928905 | CO13: =CP12 -> 29440 | CP13: 29487 | CQ13: =CP13-CO13 -> 47 | CR13: =CQ13-CQ12 -> -23 | CS13: =(CQ13/'Finance Only'!B16)*100 -> 0.20728588 | CT13: =CU12 -> 25926 | CU13: 25967 | CV13: =CU13-CT13 -> 41 | CW13: =CV13-CV12 -> -13 | CX13: =(CV13/'Finance Only'!B16)*100 -> 0.18082385 | CY13: =CZ12 -> 42919 | CZ13: 43002 | DA13: =CZ13-CY13 -> 83 | DB13: =DA13-DA12 -> -6 | DC13: =(DA13/'Finance Only'!B16)*100 -> 0.36605804 | DD13: =DE12 -> 32282 | DE13: 32347 | DF13: =DE13-DD13 -> 65 | DG13: =DF13-DF12 -> -12 | DH13: =(DF13/'Finance Only'!B16)*100 -> 0.28667196 | DI13: =DJ12 -> 29879 | DJ13: 29936 | DK13: =DJ13-DI13 -> 57 | DL13: =DK13-DK12 -> -15 | DM13: =(DK13/'Finance Only'!B16)*100 -> 0.25138926 | DN13: =DO12 -> 19925 | DO13: 19975 | DP13: =DO13-DN13 -> 50 | DQ13: =DP13-DP12 -> 1 | DR13: =(DP13/'Finance Only'!B16)*100 -> 0.22051689 | DS13: =DT12 -> 53384 | DT13: 53475 | DU13: =DT13-DS13 -> 91 | DV13: =DU13-DU12 -> -23 | DW13: =(DU13/'Finance Only'!B16)*100 -> 0.40134074 | DX13: =DY12 -> 36910 | DY13: 36967 | DZ13: =DY13-DX13 -> 57 | EA13: =DZ13-DZ12 -> -6 | EB13: =(DZ13/'Finance Only'!B16)*100 -> 0.25138926 | EC13: =ED12 -> 11394 | ED13: 11420 | EE13: =ED13-EC13 -> 26 | EF13: =EE13-EE12 -> 3 | EG13: =(EE13/'Finance Only'!B16)*100 -> 0.11466878 | EH13: =EI12 -> 10103 | EI13: 10156 | EJ13: =EI13-EH13 -> 53 | EK13: =EJ13-EJ12 -> 18 | EL13: =(EJ13/'Finance Only'!B16)*100 -> 0.23374791 | EM13: =EN12 -> 20193 | EN13: 20241 | EO13: =EN13-EM13 -> 48 | EP13: =EO13-EO12 -> -6 | EQ13: =(EO13/'Finance Only'!B16)*100 -> 0.21169622 | ER13: =ES12 -> 41577 | ES13: 41798 | ET13: =ES13-ER13 -> 221 | EU13: =ET13-ET12 -> -99 | EV13: =(ET13/'Finance Only'!B16)*100 -> 0.97468466
A14: 10 | B14: ='Finance Only'!G17 -> 13.6 | C14: =D13 -> 25746176 | D14: 25748286 | E14: =D14-C14 -> 2110 | F14: =E14-E13 -> 56 | G14: =(E14/'Finance Only'!B17)*100 -> 9.0340812 | H14: =I13 -> 22920025 | I14: 22923594 | J14: =I14-H14 -> 3569 | K14: =J14-J13 -> 80 | L14: =(J14/'Finance Only'!B17)*100 -> 15.28087 | M14: =N13 -> 86422303 | N14: 86434785 | O14: =N14-M14 -> 12482 | P14: =O14-O13 -> -84 | Q14: =(O14/'Finance Only'!B17)*100 -> 53.44237 | R14: =S13 -> 21073 | S14: 21091 | T14: =S14-R14 -> 18 | U14: =T14-T13 -> 0 | V14: =(T14/'Finance Only'!B17)*100 -> 0.077067991 | W14: =X13 -> 2852960 | X14: 2855320 | Y14: =X14-W14 -> 2360 | Z14: =Y14-Y13 -> 106 | AA14: =(Y14/'Finance Only'!B17)*100 -> 10.10447 | AB14: =AC13 -> 17457 | AC14: 17473 | AD14: =AC14-AB14 -> 16 | AE14: =AD14-AD13 -> -1 | AF14: =(AD14/'Finance Only'!B17)*100 -> 0.068504881 | AG14: =AH13 -> 775276 | AH14: 775991 | AI14: =AH14-AG14 -> 715 | AJ14: =AI14-AI13 -> 208 | AK14: =(AI14/'Finance Only'!B17)*100 -> 3.0613119 | AL14: =AM13 -> 80491 | AM14: 80549 | AN14: =AM14-AL14 -> 58 | AO14: =AN14-AN13 -> 2 | AP14: =(AN14/'Finance Only'!B17)*100 -> 0.24833019 | AQ14: =AR13 -> 18209 | AR14: 18222 | AS14: =AR14-AQ14 -> 13 | AT14: =AS14-AS13 -> 5 | AU14: =(AS14/'Finance Only'!B17)*100 -> 0.055660216 | AV14: =AW13 -> 523730 | AW14: 524060 | AX14: =AW14-AV14 -> 330 | AY14: =AX14-AX13 -> -11 | AZ14: =(AX14/'Finance Only'!B17)*100 -> 1.4129132 | BA14: =BB13 -> 69435 | BB14: 69527 | BC14: =BB14-BA14 -> 92 | BD14: =BC14-BC13 -> -2 | BE14: =(BC14/'Finance Only'!B17)*100 -> 0.39390307 | BF14: =BG13 -> 79383 | BG14: 79461 | BH14: =BG14-BF14 -> 78 | BI14: =BH14-BH13 -> -5 | BJ14: =(BH14/'Finance Only'!B17)*100 -> 0.33396129 | BK14: =BL13 -> 12377 | BL14: 12390 | BM14: =BL14-BK14 -> 13 | BN14: =BM14-BM13 -> -2 | BO14: =(BM14/'Finance Only'!B17)*100 -> 0.055660216 | BP14: =BQ13 -> 71506 | BQ14: 71643 | BR14: =BQ14-BP14 -> 137 | BS14: =BR14-BR13 -> -33 | BT14: =(BR14/'Finance Only'!B17)*100 -> 0.58657304 | BU14: =BV13 -> 38873 | BV14: 38910 | BW14: =BV14-BU14 -> 37 | BX14: =BW14-BW13 -> -2 | BY14: =(BW14/'Finance Only'!B17)*100 -> 0.15841754 | BZ14: =CA13 -> 54257 | CA14: 54367 | CB14: =CA14-BZ14 -> 110 | CC14: =CB14-CB13 -> 2 | CD14: =(CB14/'Finance Only'!B17)*100 -> 0.47097106 | CE14: =CF13 -> 16217 | CF14: 16252 | CG14: =CF14-CE14 -> 35 | CH14: =CG14-CG13 -> 0 | CI14: =(CG14/'Finance Only'!B17)*100 -> 0.14985443 | CJ14: =CK13 -> 37075 | CK14: 37149 | CL14: =CK14-CJ14 -> 74 | CM14: =CL14-CL13 -> -12 | CN14: =(CL14/'Finance Only'!B17)*100 -> 0.31683507 | CO14: =CP13 -> 29487 | CP14: 29535 | CQ14: =CP14-CO14 -> 48 | CR14: =CQ14-CQ13 -> 1 | CS14: =(CQ14/'Finance Only'!B17)*100 -> 0.20551464 | CT14: =CU13 -> 25967 | CU14: 26012 | CV14: =CU14-CT14 -> 45 | CW14: =CV14-CV13 -> 4 | CX14: =(CV14/'Finance Only'!B17)*100 -> 0.19266998 | CY14: =CZ13 -> 43002 | CZ14: 43082 | DA14: =CZ14-CY14 -> 80 | DB14: =DA14-DA13 -> -3 | DC14: =(DA14/'Finance Only'!B17)*100 -> 0.3425244 | DD14: =DE13 -> 32347 | DE14: 32411 | DF14: =DE14-DD14 -> 64 | DG14: =DF14-DF13 -> -1 | DH14: =(DF14/'Finance Only'!B17)*100 -> 0.27401952 | DI14: =DJ13 -> 29936 | DJ14: 29992 | DK14: =DJ14-DI14 -> 56 | DL14: =DK14-DK13 -> -1 | DM14: =(DK14/'Finance Only'!B17)*100 -> 0.23976708 | DN14: =DO13 -> 19975 | DO14: 20023 | DP14: =DO14-DN14 -> 48 | DQ14: =DP14-DP13 -> -2 | DR14: =(DP14/'Finance Only'!B17)*100 -> 0.20551464 | DS14: =DT13 -> 53475 | DT14: 53557 | DU14: =DT14-DS14 -> 82 | DV14: =DU14-DU13 -> -9 | DW14: =(DU14/'Finance Only'!B17)*100 -> 0.35108751 | DX14: =DY13 -> 36967 | DY14: 37028 | DZ14: =DY14-DX14 -> 61 | EA14: =DZ14-DZ13 -> 4 | EB14: =(DZ14/'Finance Only'!B17)*100 -> 0.26117486 | EC14: =ED13 -> 11420 | ED14: 11440 | EE14: =ED14-EC14 -> 20 | EF14: =EE14-EE13 -> -6 | EG14: =(EE14/'Finance Only'!B17)*100 -> 0.085631101 | EH14: =EI13 -> 10156 | EI14: 10156 | EJ14: =EI14-EH14 -> 0 | EK14: =EJ14-EJ13 -> -53 | EL14: =(EJ14/'Finance Only'!B17)*100 -> 0 | EM14: =EN13 -> 20241 | EN14: 20281 | EO14: =EN14-EM14 -> 40 | EP14: =EO14-EO13 -> -8 | EQ14: =(EO14/'Finance Only'!B17)*100 -> 0.1712622 | ER14: =ES13 -> 41798 | ES14: 42054 | ET14: =ES14-ER14 -> 256 | EU14: =ET14-ET13 -> 35 | EV14: =(ET14/'Finance Only'!B17)*100 -> 1.0960781
A15: 11 | B15: ='Finance Only'!G18 -> 11.7 | C15: =D14 -> 25748286 | D15: 25750518 | E15: =D15-C15 -> 2232 | F15: =E15-E14 -> 122 | G15: =(E15/'Finance Only'!B18)*100 -> 9.5679012 | H15: =I14 -> 22923594 | I15: 22927521 | J15: =I15-H15 -> 3927 | K15: =J15-J14 -> 358 | L15: =(J15/'Finance Only'!B18)*100 -> 16.833848 | M15: =N14 -> 86434785 | N15: 86447205 | O15: =N15-M15 -> 12420 | P15: =O15-O14 -> -62 | Q15: =(O15/'Finance Only'!B18)*100 -> 53.240741 | R15: =S14 -> 21091 | S15: 21110 | T15: =S15-R15 -> 19 | U15: =T15-T14 -> 1 | V15: =(T15/'Finance Only'!B18)*100 -> 0.081447188 | W15: =X14 -> 2855320 | X15: 2857843 | Y15: =X15-W15 -> 2523 | Z15: =Y15-Y14 -> 163 | AA15: =(Y15/'Finance Only'!B18)*100 -> 10.815329 | AB15: =AC14 -> 17473 | AC15: 17488 | AD15: =AC15-AB15 -> 15 | AE15: =AD15-AD14 -> -1 | AF15: =(AD15/'Finance Only'!B18)*100 -> 0.064300412 | AG15: =AH14 -> 775991 | AH15: 776632 | AI15: =AH15-AG15 -> 641 | AJ15: =AI15-AI14 -> -74 | AK15: =(AI15/'Finance Only'!B18)*100 -> 2.7477709 | AL15: =AM14 -> 80549 | AM15: 80611 | AN15: =AM15-AL15 -> 62 | AO15: =AN15-AN14 -> 4 | AP15: =(AN15/'Finance Only'!B18)*100 -> 0.26577503 | AQ15: =AR14 -> 18222 | AR15: 18229 | AS15: =AR15-AQ15 -> 7 | AT15: =AS15-AS14 -> -6 | AU15: =(AS15/'Finance Only'!B18)*100 -> 0.030006859 | AV15: =AW14 -> 524060 | AW15: 524444 | AX15: =AW15-AV15 -> 384 | AY15: =AX15-AX14 -> 54 | AZ15: =(AX15/'Finance Only'!B18)*100 -> 1.6460905 | BA15: =BB14 -> 69527 | BB15: 69610 | BC15: =BB15-BA15 -> 83 | BD15: =BC15-BC14 -> -9 | BE15: =(BC15/'Finance Only'!B18)*100 -> 0.35579561 | BF15: =BG14 -> 79461 | BG15: 79538 | BH15: =BG15-BF15 -> 77 | BI15: =BH15-BH14 -> -1 | BJ15: =(BH15/'Finance Only'!B18)*100 -> 0.33007545 | BK15: =BL14 -> 12390 | BL15: 12402 | BM15: =BL15-BK15 -> 12 | BN15: =BM15-BM14 -> -1 | BO15: =(BM15/'Finance Only'!B18)*100 -> 0.051440329 | BP15: =BQ14 -> 71643 | BQ15: 71777 | BR15: =BQ15-BP15 -> 134 | BS15: =BR15-BR14 -> -3 | BT15: =(BR15/'Finance Only'!B18)*100 -> 0.57441701 | BU15: =BV14 -> 38910 | BV15: 38943 | BW15: =BV15-BU15 -> 33 | BX15: =BW15-BW14 -> -4 | BY15: =(BW15/'Finance Only'!B18)*100 -> 0.14146091 | BZ15: =CA14 -> 54367 | CA15: 54479 | CB15: =CA15-BZ15 -> 112 | CC15: =CB15-CB14 -> 2 | CD15: =(CB15/'Finance Only'!B18)*100 -> 0.48010974 | CE15: =CF14 -> 16252 | CF15: 16297 | CG15: =CF15-CE15 -> 45 | CH15: =CG15-CG14 -> 10 | CI15: =(CG15/'Finance Only'!B18)*100 -> 0.19290123 | CJ15: =CK14 -> 37149 | CK15: 37236 | CL15: =CK15-CJ15 -> 87 | CM15: =CL15-CL14 -> 13 | CN15: =(CL15/'Finance Only'!B18)*100 -> 0.37294239 | CO15: =CP14 -> 29535 | CP15: 29594 | CQ15: =CP15-CO15 -> 59 | CR15: =CQ15-CQ14 -> 11 | CS15: =(CQ15/'Finance Only'!B18)*100 -> 0.25291495 | CT15: =CU14 -> 26012 | CU15: 26064 | CV15: =CU15-CT15 -> 52 | CW15: =CV15-CV14 -> 7 | CX15: =(CV15/'Finance Only'!B18)*100 -> 0.22290809 | CY15: =CZ14 -> 43082 | CZ15: 43180 | DA15: =CZ15-CY15 -> 98 | DB15: =DA15-DA14 -> 18 | DC15: =(DA15/'Finance Only'!B18)*100 -> 0.42009602 | DD15: =DE14 -> 32411 | DE15: 32505 | DF15: =DE15-DD15 -> 94 | DG15: =DF15-DF14 -> 30 | DH15: =(DF15/'Finance Only'!B18)*100 -> 0.40294925 | DI15: =DJ14 -> 29992 | DJ15: 30041 | DK15: =DJ15-DI15 -> 49 | DL15: =DK15-DK14 -> -7 | DM15: =(DK15/'Finance Only'!B18)*100 -> 0.21004801 | DN15: =DO14 -> 20023 | DO15: 20069 | DP15: =DO15-DN15 -> 46 | DQ15: =DP15-DP14 -> -2 | DR15: =(DP15/'Finance Only'!B18)*100 -> 0.19718793 | DS15: =DT14 -> 53557 | DT15: 53640 | DU15: =DT15-DS15 -> 83 | DV15: =DU15-DU14 -> 1 | DW15: =(DU15/'Finance Only'!B18)*100 -> 0.35579561 | DX15: =DY14 -> 37028 | DY15: 37089 | DZ15: =DY15-DX15 -> 61 | EA15: =DZ15-DZ14 -> 0 | EB15: =(DZ15/'Finance Only'!B18)*100 -> 0.26148834 | EC15: =ED14 -> 11440 | ED15: 11461 | EE15: =ED15-EC15 -> 21 | EF15: =EE15-EE14 -> 1 | EG15: =(EE15/'Finance Only'!B18)*100 -> 0.090020576 | EH15: =EI14 -> 10156 | EI15: 10189 | EJ15: =EI15-EH15 -> 33 | EK15: =EJ15-EJ14 -> 33 | EL15: =(EJ15/'Finance Only'!B18)*100 -> 0.14146091 | EM15: =EN14 -> 20281 | EN15: 20332 | EO15: =EN15-EM15 -> 51 | EP15: =EO15-EO14 -> 11 | EQ15: =(EO15/'Finance Only'!B18)*100 -> 0.2186214 | ER15: =ES14 -> 42054 | ES15: 42380 | ET15: =ES15-ER15 -> 326 | EU15: =ET15-ET14 -> 70 | EV15: =(ET15/'Finance Only'!B18)*100 -> 1.3974623
A16: 12 | B16: ='Finance Only'!G19 -> 11.7 | C16: =D15 -> 25750518 | D16: 25752871 | E16: =D16-C16 -> 2353 | F16: =E16-E15 -> 121 | G16: =(E16/'Finance Only'!B19)*100 -> 9.2260038 | H16: =I15 -> 22927521 | I16: 22931641 | J16: =I16-H16 -> 4120 | K16: =J16-J15 -> 193 | L16: =(J16/'Finance Only'!B19)*100 -> 16.154329 | M16: =N15 -> 86447205 | N16: 86460329 | O16: =N16-M16 -> 13124 | P16: =O16-O15 -> 704 | Q16: =(O16/'Finance Only'!B19)*100 -> 51.458595 | R16: =S15 -> 21110 | S16: 21130 | T16: =S16-R16 -> 20 | U16: =T16-T15 -> 1 | V16: =(T16/'Finance Only'!B19)*100 -> 0.078419072 | W16: =X15 -> 2857843 | X16: 2860358 | Y16: =X16-W16 -> 2515 | Z16: =Y16-Y15 -> -8 | AA16: =(Y16/'Finance Only'!B19)*100 -> 9.8611982 | AB16: =AC15 -> 17488 | AC16: 17505 | AD16: =AC16-AB16 -> 17 | AE16: =AD16-AD15 -> 2 | AF16: =(AD16/'Finance Only'!B19)*100 -> 0.066656211 | AG16: =AH15 -> 776632 | AH16: 777298 | AI16: =AH16-AG16 -> 666 | AJ16: =AI16-AI15 -> 25 | AK16: =(AI16/'Finance Only'!B19)*100 -> 2.6113551 | AL16: =AM15 -> 80611 | AM16: 80676 | AN16: =AM16-AL16 -> 65 | AO16: =AN16-AN15 -> 3 | AP16: =(AN16/'Finance Only'!B19)*100 -> 0.25486198 | AQ16: =AR15 -> 18229 | AR16: 18246 | AS16: =AR16-AQ16 -> 17 | AT16: =AS16-AS15 -> 10 | AU16: =(AS16/'Finance Only'!B19)*100 -> 0.066656211 | AV16: =AW15 -> 524444 | AW16: 524829 | AX16: =AW16-AV16 -> 385 | AY16: =AX16-AX15 -> 1 | AZ16: =(AX16/'Finance Only'!B19)*100 -> 1.5095671 | BA16: =BB15 -> 69610 | BB16: 69692 | BC16: =BB16-BA16 -> 82 | BD16: =BC16-BC15 -> -1 | BE16: =(BC16/'Finance Only'!B19)*100 -> 0.32151819 | BF16: =BG15 -> 79538 | BG16: 79618 | BH16: =BG16-BF16 -> 80 | BI16: =BH16-BH15 -> 3 | BJ16: =(BH16/'Finance Only'!B19)*100 -> 0.31367629 | BK16: =BL15 -> 12402 | BL16: 12416 | BM16: =BL16-BK16 -> 14 | BN16: =BM16-BM15 -> 2 | BO16: =(BM16/'Finance Only'!B19)*100 -> 0.05489335 | BP16: =BQ15 -> 71777 | BQ16: 71922 | BR16: =BQ16-BP16 -> 145 | BS16: =BR16-BR15 -> 11 | BT16: =(BR16/'Finance Only'!B19)*100 -> 0.56853827 | BU16: =BV15 -> 38943 | BV16: 38976 | BW16: =BV16-BU16 -> 33 | BX16: =BW16-BW15 -> 0 | BY16: =(BW16/'Finance Only'!B19)*100 -> 0.12939147 | BZ16: =CA15 -> 54479 | CA16: 54594 | CB16: =CA16-BZ16 -> 115 | CC16: =CB16-CB15 -> 3 | CD16: =(CB16/'Finance Only'!B19)*100 -> 0.45090966 | CE16: =CF15 -> 16297 | CF16: 16334 | CG16: =CF16-CE16 -> 37 | CH16: =CG16-CG15 -> -8 | CI16: =(CG16/'Finance Only'!B19)*100 -> 0.14507528 | CJ16: =CK15 -> 37236 | CK16: 37334 | CL16: =CK16-CJ16 -> 98 | CM16: =CL16-CL15 -> 11 | CN16: =(CL16/'Finance Only'!B19)*100 -> 0.38425345 | CO16: =CP15 -> 29594 | CP16: 29653 | CQ16: =CP16-CO16 -> 59 | CR16: =CQ16-CQ15 -> 0 | CS16: =(CQ16/'Finance Only'!B19)*100 -> 0.23133626 | CT16: =CU15 -> 26064 | CU16: 26116 | CV16: =CU16-CT16 -> 52 | CW16: =CV16-CV15 -> 0 | CX16: =(CV16/'Finance Only'!B19)*100 -> 0.20388959 | CY16: =CZ15 -> 43180 | CZ16: 43295 | DA16: =CZ16-CY16 -> 115 | DB16: =DA16-DA15 -> 17 | DC16: =(DA16/'Finance Only'!B19)*100 -> 0.45090966 | DD16: =DE15 -> 32505 | DE16: 32603 | DF16: =DE16-DD16 -> 98 | DG16: =DF16-DF15 -> 4 | DH16: =(DF16/'Finance Only'!B19)*100 -> 0.38425345 | DI16: =DJ15 -> 30041 | DJ16: 30093 | DK16: =DJ16-DI16 -> 52 | DL16: =DK16-DK15 -> 3 | DM16: =(DK16/'Finance Only'!B19)*100 -> 0.20388959 | DN16: =DO15 -> 20069 | DO16: 20116 | DP16: =DO16-DN16 -> 47 | DQ16: =DP16-DP15 -> 1 | DR16: =(DP16/'Finance Only'!B19)*100 -> 0.18428482 | DS16: =DT15 -> 53640 | DT16: 53743 | DU16: =DT16-DS16 -> 103 | DV16: =DU16-DU15 -> 20 | DW16: =(DU16/'Finance Only'!B19)*100 -> 0.40385822 | DX16: =DY15 -> 37089 | DY16: 37153 | DZ16: =DY16-DX16 -> 64 | EA16: =DZ16-DZ15 -> 3 | EB16: =(DZ16/'Finance Only'!B19)*100 -> 0.25094103 | EC16: =ED15 -> 11461 | ED16: 11483 | EE16: =ED16-EC16 -> 22 | EF16: =EE16-EE15 -> 1 | EG16: =(EE16/'Finance Only'!B19)*100 -> 0.086260979 | EH16: =EI15 -> 10189 | EI16: 10224 | EJ16: =EI16-EH16 -> 35 | EK16: =EJ16-EJ15 -> 2 | EL16: =(EJ16/'Finance Only'!B19)*100 -> 0.13723338 | EM16: =EN15 -> 20332 | EN16: 20373 | EO16: =EN16-EM16 -> 41 | EP16: =EO16-EO15 -> -10 | EQ16: =(EO16/'Finance Only'!B19)*100 -> 0.1607591 | ER16: =ES15 -> 42380 | ES16: 42749 | ET16: =ES16-ER16 -> 369 | EU16: =ET16-ET15 -> 43 | EV16: =(ET16/'Finance Only'!B19)*100 -> 1.4468319
A17: 13 | B17: ='Finance Only'!G20 -> 12.6 | C17: =D16 -> 25752871 | D17: 25755148 | E17: =D17-C17 -> 2277 | F17: =E17-E16 -> -76 | G17: =(E17/'Finance Only'!B20)*100 -> 9.2410714 | H17: =I16 -> 22931641 | I17: 22935562 | J17: =I17-H17 -> 3921 | K17: =J17-J16 -> -199 | L17: =(J17/'Finance Only'!B20)*100 -> 15.913149 | M17: =N16 -> 86460329 | N17: 86473694 | O17: =N17-M17 -> 13365 | P17: =O17-O16 -> 241 | Q17: =(O17/'Finance Only'!B20)*100 -> 54.241071 | R17: =S16 -> 21130 | S17: 21150 | T17: =S17-R17 -> 20 | U17: =T17-T16 -> 0 | V17: =(T17/'Finance Only'!B20)*100 -> 0.081168831 | W17: =X16 -> 2860358 | X17: 2863002 | Y17: =X17-W17 -> 2644 | Z17: =Y17-Y16 -> 129 | AA17: =(Y17/'Finance Only'!B20)*100 -> 10.730519 | AB17: =AC16 -> 17505 | AC17: 17522 | AD17: =AC17-AB17 -> 17 | AE17: =AD17-AD16 -> 0 | AF17: =(AD17/'Finance Only'!B20)*100 -> 0.068993506 | AG17: =AH16 -> 777298 | AH17: 777958 | AI17: =AH17-AG17 -> 660 | AJ17: =AI17-AI16 -> -6 | AK17: =(AI17/'Finance Only'!B20)*100 -> 2.6785714 | AL17: =AM16 -> 80676 | AM17: 80742 | AN17: =AM17-AL17 -> 66 | AO17: =AN17-AN16 -> 1 | AP17: =(AN17/'Finance Only'!B20)*100 -> 0.26785714 | AQ17: =AR16 -> 18246 | AR17: 18252 | AS17: =AR17-AQ17 -> 6 | AT17: =AS17-AS16 -> -11 | AU17: =(AS17/'Finance Only'!B20)*100 -> 0.024350649 | AV17: =AW16 -> 524829 | AW17: 525224 | AX17: =AW17-AV17 -> 395 | AY17: =AX17-AX16 -> 10 | AZ17: =(AX17/'Finance Only'!B20)*100 -> 1.6030844 | BA17: =BB16 -> 69692 | BB17: 69781 | BC17: =BB17-BA17 -> 89 | BD17: =BC17-BC16 -> 7 | BE17: =(BC17/'Finance Only'!B20)*100 -> 0.3612013 | BF17: =BG16 -> 79618 | BG17: 79699 | BH17: =BG17-BF17 -> 81 | BI17: =BH17-BH16 -> 1 | BJ17: =(BH17/'Finance Only'!B20)*100 -> 0.32873377 | BK17: =BL16 -> 12416 | BL17: 12430 | BM17: =BL17-BK17 -> 14 | BN17: =BM17-BM16 -> 0 | BO17: =(BM17/'Finance Only'!B20)*100 -> 0.056818182 | BP17: =BQ16 -> 71922 | BQ17: 72070 | BR17: =BQ17-BP17 -> 148 | BS17: =BR17-BR16 -> 3 | BT17: =(BR17/'Finance Only'!B20)*100 -> 0.60064935 | BU17: =BV16 -> 38976 | BV17: 39009 | BW17: =BV17-BU17 -> 33 | BX17: =BW17-BW16 -> 0 | BY17: =(BW17/'Finance Only'!B20)*100 -> 0.13392857 | BZ17: =CA16 -> 54594 | CA17: 54709 | CB17: =CA17-BZ17 -> 115 | CC17: =CB17-CB16 -> 0 | CD17: =(CB17/'Finance Only'!B20)*100 -> 0.46672078 | CE17: =CF16 -> 16334 | CF17: 16379 | CG17: =CF17-CE17 -> 45 | CH17: =CG17-CG16 -> 8 | CI17: =(CG17/'Finance Only'!B20)*100 -> 0.18262987 | CJ17: =CK16 -> 37334 | CK17: 37334 | CL17: =CK17-CJ17 -> 0 | CM17: =CL17-CL16 -> -98 | CN17: =(CL17/'Finance Only'!B20)*100 -> 0 | CO17: =CP16 -> 29653 | CP17: 29653 | CQ17: =CP17-CO17 -> 0 | CR17: =CQ17-CQ16 -> -59 | CS17: =(CQ17/'Finance Only'!B20)*100 -> 0 | CT17: =CU16 -> 26116 | CU17: 26116 | CV17: =CU17-CT17 -> 0 | CW17: =CV17-CV16 -> -52 | CX17: =(CV17/'Finance Only'!B20)*100 -> 0 | CY17: =CZ16 -> 43295 | CZ17: 43295 | DA17: =CZ17-CY17 -> 0 | DB17: =DA17-DA16 -> -115 | DC17: =(DA17/'Finance Only'!B20)*100 -> 0 | DD17: =DE16 -> 32603 | DE17: 32603 | DF17: =DE17-DD17 -> 0 | DG17: =DF17-DF16 -> -98 | DH17: =(DF17/'Finance Only'!B20)*100 -> 0 | DI17: =DJ16 -> 30093 | DJ17: 30093 | DK17: =DJ17-DI17 -> 0 | DL17: =DK17-DK16 -> -52 | DM17: =(DK17/'Finance Only'!B20)*100 -> 0 | DN17: =DO16 -> 20116 | DO17: 20116 | DP17: =DO17-DN17 -> 0 | DQ17: =DP17-DP16 -> -47 | DR17: =(DP17/'Finance Only'!B20)*100 -> 0 | DS17: =DT16 -> 53743 | DT17: 53743 | DU17: =DT17-DS17 -> 0 | DV17: =DU17-DU16 -> -103 | DW17: =(DU17/'Finance Only'!B20)*100 -> 0 | DX17: =DY16 -> 37153 | DY17: 37153 | DZ17: =DY17-DX17 -> 0 | EA17: =DZ17-DZ16 -> -64 | EB17: =(DZ17/'Finance Only'!B20)*100 -> 0 | EC17: =ED16 -> 11483 | ED17: 11483 | EE17: =ED17-EC17 -> 0 | EF17: =EE17-EE16 -> -22 | EG17: =(EE17/'Finance Only'!B20)*100 -> 0 | EH17: =EI16 -> 10224 | EI17: 10224 | EJ17: =EI17-EH17 -> 0 | EK17: =EJ17-EJ16 -> -35 | EL17: =(EJ17/'Finance Only'!B20)*100 -> 0 | EM17: =EN16 -> 20373 | EN17: 20379 | EO17: =EN17-EM17 -> 6 | EP17: =EO17-EO16 -> -35 | EQ17: =(EO17/'Finance Only'!B20)*100 -> 0.024350649 | ER17: =ES16 -> 42749 | ES17: 42749 | ET17: =ES17-ER17 -> 0 | EU17: =ET17-ET16 -> -369 | EV17: =(ET17/'Finance Only'!B20)*100 -> 0
... A21: 17 | B21: ='Finance Only'!G24 -> 0 | C21: =D20 -> 25762069 | D21: 25764418 | E21: =D21-C21 -> 2349 | F21: =E21-E20 -> 11 | G21: =(E21/'Finance Only'!B24)*100 -> 9.3720077 | H21: =I20 -> 22947146 | I21: 22950852 | J21: =I21-H21 -> 3706 | K21: =J21-J20 -> -254 | L21: =(J21/'Finance Only'!B24)*100 -> 14.786147 | M21: =N20 -> 86514692 | N21: 86528446 | O21: =N21-M21 -> 13754 | P21: =O21-O20 -> -132 | Q21: =(O21/'Finance Only'!B24)*100 -> 54.875519 | R21: =S20 -> 21213 | S21: 21234 | T21: =S21-R21 -> 21 | U21: =T21-T20 -> 0 | V21: =(T21/'Finance Only'!B24)*100 -> 0.083785509 | W21: =X20 -> 2870800 | X21: 2873321 | Y21: =X21-W21 -> 2521 | Z21: =Y21-Y20 -> -124 | AA21: =(Y21/'Finance Only'!B24)*100 -> 10.058251 | AB21: =AC20 -> 17573 | AC21: 17592 | AD21: =AC21-AB21 -> 19 | AE21: =AD21-AD20 -> 1 | AF21: =(AD21/'Finance Only'!B24)*100 -> 0.075805937 | AG21: =AH20 -> 780013 | AH21: 780732 | AI21: =AH21-AG21 -> 719 | AJ21: =AI21-AI20 -> 66 | AK21: =(AI21/'Finance Only'!B24)*100 -> 2.8686562 | AL21: =AM20 -> 80933 | AM21: 81002 | AN21: =AM21-AL21 -> 69 | AO21: =AN21-AN20 -> 3 | AP21: =(AN21/'Finance Only'!B24)*100 -> 0.27529524 | AQ21: =AR20 -> 18282 | AR21: 18291 | AS21: =AR21-AQ21 -> 9 | AT21: =AS21-AS20 -> -3 | AU21: =(AS21/'Finance Only'!B24)*100 -> 0.035908075 | AV21: =AW20 -> 526508 | AW21: 526954 | AX21: =AW21-AV21 -> 446 | AY21: =AX21-AX20 -> 23 | AZ21: =(AX21/'Finance Only'!B24)*100 -> 1.7794446 | BA21: =BB20 -> 70056 | BB21: 70151 | BC21: =BB21-BA21 -> 95 | BD21: =BC21-BC20 -> 0 | BE21: =(BC21/'Finance Only'!B24)*100 -> 0.37902968 | BF21: =BG20 -> 79966 | BG21: 80055 | BH21: =BG21-BF21 -> 89 | BI21: =BH21-BH20 -> -3 | BJ21: =(BH21/'Finance Only'!B24)*100 -> 0.35509097 | BK21: =BL20 -> 12470 | BL21: 12484 | BM21: =BL21-BK21 -> 14 | BN21: =BM21-BM20 -> 1 | BO21: =(BM21/'Finance Only'!B24)*100 -> 0.055857006 | BP21: =BQ20 -> 72501 | BQ21: 72636 | BR21: =BQ21-BP21 -> 135 | BS21: =BR21-BR20 -> -3 | BT21: =(BR21/'Finance Only'!B24)*100 -> 0.53862113 | BU21: =BV20 -> 39117 | BV21: 39153 | BW21: =BV21-BU21 -> 36 | BX21: =BW21-BW20 -> -1 | BY21: =(BW21/'Finance Only'!B24)*100 -> 0.1436323 | BZ21: =CA20 -> 55073 | CA21: 55197 | CB21: =CA21-BZ21 -> 124 | CC21: =CB21-CB20 -> -2 | CD21: =(CB21/'Finance Only'!B24)*100 -> 0.49473348 | CE21: =CF20 -> 16486 | CF21: 16536 | CG21: =CF21-CE21 -> 50 | CH21: =CG21-CG20 -> 11 | CI21: =(CG21/'Finance Only'!B24)*100 -> 0.19948931 | CJ21: =CK20 -> 37693 | CK21: 37774 | CL21: =CK21-CJ21 -> 81 | CM21: =CL21-CL20 -> -16 | CN21: =(CL21/'Finance Only'!B24)*100 -> 0.32317268 | CO21: =CP20 -> 29868 | CP21: 29915 | CQ21: =CP21-CO21 -> 47 | CR21: =CQ21-CQ20 -> -7 | CS21: =(CQ21/'Finance Only'!B24)*100 -> 0.18751995 | CT21: =CU20 -> 26294 | CU21: 26335 | CV21: =CU21-CT21 -> 41 | CW21: =CV21-CV20 -> -3 | CX21: =(CV21/'Finance Only'!B24)*100 -> 0.16358123 | CY21: =CZ20 -> 43687 | CZ21: 43773 | DA21: =CZ21-CY21 -> 86 | DB21: =DA21-DA20 -> -15 | DC21: =(DA21/'Finance Only'!B24)*100 -> 0.34312161 | DD21: =DE20 -> 32945 | DE21: 33027 | DF21: =DE21-DD21 -> 82 | DG21: =DF21-DF20 -> -3 | DH21: =(DF21/'Finance Only'!B24)*100 -> 0.32716246 | DI21: =DJ20 -> 30323 | DJ21: 30372 | DK21: =DJ21-DI21 -> 49 | DL21: =DK21-DK20 -> -4 | DM21: =(DK21/'Finance Only'!B24)*100 -> 0.19549952 | DN21: =DO20 -> 20313 | DO21: 20359 | DP21: =DO21-DN21 -> 46 | DQ21: =DP21-DP20 -> -6 | DR21: =(DP21/'Finance Only'!B24)*100 -> 0.18353016 | DS21: =DT20 -> 54211 | DT21: 54298 | DU21: =DT21-DS21 -> 87 | DV21: =DU21-DU20 -> -8 | DW21: =(DU21/'Finance Only'!B24)*100 -> 0.34711139 | DX21: =DY20 -> 37406 | DY21: 37466 | DZ21: =DY21-DX21 -> 60 | EA21: =DZ21-DZ20 -> -3 | EB21: =(DZ21/'Finance Only'!B24)*100 -> 0.23938717 | EC21: =ED20 -> 11571 | ED21: 11594 | EE21: =ED21-EC21 -> 23 | EF21: =EE21-EE20 -> 1 | EG21: =(EE21/'Finance Only'!B24)*100 -> 0.091765081 | EH21: =EI20 -> 10340 | EI21: 10369 | EJ21: =EI21-EH21 -> 29 | EK21: =EJ21-EJ20 -> 11 | EL21: =(EJ21/'Finance Only'!B24)*100 -> 0.1157038 | EM21: =EN20 -> 20568 | EN21: 20613 | EO21: =EN21-EM21 -> 45 | EP21: =EO21-EO20 -> -4 | EQ21: =(EO21/'Finance Only'!B24)*100 -> 0.17954038 | ER21: =ES20 -> 44438 | ES21: 44811 | ET21: =ES21-ER21 -> 373 | EU21: =ET21-ET20 -> -60 | EV21: =(ET21/'Finance Only'!B24)*100 -> 1.4881902
A22: 18 | B22: ='Finance Only'!G25 -> 0 | C22: =D21 -> 25764418 | E22: =D22-C22 -> -25764418 | F22: =E22-E21 -> -25766767 | G22: =(E22/'Finance Only'!B25)*100 -> 28.086904 | H22: =I21 -> 22950852 | J22: =I22-H22 -> -22950852 | K22: =J22-J21 -> -22954558 | L22: =(J22/'Finance Only'!B25)*100 -> 25.019714 | M22: =N21 -> 86528446 | O22: =N22-M22 -> -86528446 | P22: =O22-O21 -> -86542200 | Q22: =(O22/'Finance Only'!B25)*100 -> 94.328393 | R22: =S21 -> 21234 | T22: =S22-R22 -> -21234 | U22: =T22-T21 -> -21255 | V22: =(T22/'Finance Only'!B25)*100 -> 0.0231481 | W22: =X21 -> 2873321 | Y22: =X22-W22 -> -2873321 | Z22: =Y22-Y21 -> -2875842 | AA22: =(Y22/'Finance Only'!B25)*100 -> 3.1323312 | AB22: =AC21 -> 17592 | AD22: =AC22-AB22 -> -17592 | AE22: =AD22-AD21 -> -17611 | AF22: =(AD22/'Finance Only'!B25)*100 -> 0.019177798 | AG22: =AH21 -> 780732 | AI22: =AH22-AG22 -> -780732 | AJ22: =AI22-AI21 -> -781451 | AK22: =(AI22/'Finance Only'!B25)*100 -> 0.85110964 | AL22: =AM21 -> 81002 | AN22: =AM22-AL22 -> -81002 | AO22: =AN22-AN21 -> -81071 | AP22: =(AN22/'Finance Only'!B25)*100 -> 0.088303776 | AQ22: =AR21 -> 18291 | AS22: =AR22-AQ22 -> -18291 | AT22: =AS22-AS21 -> -18300 | AU22: =(AS22/'Finance Only'!B25)*100 -> 0.019939808 | AV22: =AW21 -> 526954 | AX22: =AW22-AV22 -> -526954 | AY22: =AX22-AX21 -> -527400 | AZ22: =(AX22/'Finance Only'!B25)*100 -> 0.57445529 | BA22: =BB21 -> 70151 | BC22: =BB22-BA22 -> -70151 | BD22: =BC22-BC21 -> -70246 | BE22: =(BC22/'Finance Only'!B25)*100 -> 0.076474632 | BF22: =BG21 -> 80055 | BH22: =BG22-BF22 -> -80055 | BI22: =BH22-BH21 -> -80144 | BJ22: =(BH22/'Finance Only'!B25)*100 -> 0.08727141 | BK22: =BL21 -> 12484 | BM22: =BL22-BK22 -> -12484 | BN22: =BM22-BM21 -> -12498 | BO22: =(BM22/'Finance Only'!B25)*100 -> 0.013609347 | BP22: =BQ21 -> 72636 | BR22: =BQ22-BP22 -> -72636 | BS22: =BR22-BR21 -> -72771 | BT22: =(BR22/'Finance Only'!B25)*100 -> 0.079183638 | BU22: =BV21 -> 39153 | BW22: =BV22-BU22 -> -39153 | BX22: =BW22-BW21 -> -39189 | BY22: =(BW22/'Finance Only'!B25)*100 -> 0.042682375 | BZ22: =CA21 -> 55197 | CB22: =CA22-BZ22 -> -55197 | CC22: =CB22-CB21 -> -55321 | CD22: =(CB22/'Finance Only'!B25)*100 -> 0.060172632 | CE22: =CF21 -> 16536 | CG22: =CF22-CE22 -> -16536 | CH22: =CG22-CG21 -> -16586 | CI22: =(CG22/'Finance Only'!B25)*100 -> 0.018026607 | CJ22: =CK21 -> 37774 | CL22: =CK22-CJ22 -> -37774 | CM22: =CL22-CL21 -> -37855 | CN22: =(CL22/'Finance Only'!B25)*100 -> 0.041179067 | CO22: =CP21 -> 29915 | CQ22: =CP22-CO22 -> -29915 | CR22: =CQ22-CQ21 -> -29962 | CS22: =(CQ22/'Finance Only'!B25)*100 -> 0.032611632 | CT22: =CU21 -> 26335 | CV22: =CU22-CT22 -> -26335 | CW22: =CV22-CV21 -> -26376 | CX22: =(CV22/'Finance Only'!B25)*100 -> 0.02870892 | CY22: =CZ21 -> 43773 | DA22: =CZ22-CY22 -> -43773 | DB22: =DA22-DA21 -> -43859 | DC22: =(DA22/'Finance Only'!B25)*100 -> 0.047718836 | DD22: =DE21 -> 33027 | DF22: =DE22-DD22 -> -33027 | DG22: =DF22-DF21 -> -33109 | DH22: =(DF22/'Finance Only'!B25)*100 -> 0.036004158 | DI22: =DJ21 -> 30372 | DK22: =DJ22-DI22 -> -30372 | DL22: =DK22-DK21 -> -30421 | DM22: =(DK22/'Finance Only'!B25)*100 -> 0.033109828 | DN22: =DO21 -> 20359 | DP22: =DO22-DN22 -> -20359 | DQ22: =DP22-DP21 -> -20405 | DR22: =(DP22/'Finance Only'!B25)*100 -> 0.022194224 | DS22: =DT21 -> 54298 | DU22: =DT22-DS22 -> -54298 | DV22: =DU22-DU21 -> -54385 | DW22: =(DU22/'Finance Only'!B25)*100 -> 0.059192593 | DX22: =DY21 -> 37466 | DZ22: =DY22-DX22 -> -37466 | EA22: =DZ22-DZ21 -> -37526 | EB22: =(DZ22/'Finance Only'!B25)*100 -> 0.040843303 | EC22: =ED21 -> 11594 | EE22: =ED22-EC22 -> -11594 | EF22: =EE22-EE21 -> -11617 | EG22: =(EE22/'Finance Only'!B25)*100 -> 0.01263912 | EH22: =EI21 -> 10369 | EJ22: =EI22-EH22 -> -10369 | EK22: =EJ22-EJ21 -> -10398 | EL22: =(EJ22/'Finance Only'!B25)*100 -> 0.011303694 | EM22: =EN21 -> 20613 | EO22: =EN22-EM22 -> -20613 | EP22: =EO22-EO21 -> -20658 | EQ22: =(EO22/'Finance Only'!B25)*100 -> 0.022471121 | ER22: =ES21 -> 44811 | ET22: =ES22-ER22 -> -44811 | EU22: =ET22-ET21 -> -45184 | EV22: =(ET22/'Finance Only'!B25)*100 -> 0.048850405
A23: 19 | B23: ='Finance Only'!G26 -> 0 | C23: =D22 -> 0 | E23: =D23-C23 -> 0 | F23: =E23-E22 -> 25764418 | G23: =(E23/'Finance Only'!B26)*100 -> #DIV/0! | H23: =I22 -> 0 | J23: =I23-H23 -> 0 | K23: =J23-J22 -> 22950852 | L23: =(J23/'Finance Only'!B26)*100 -> #DIV/0! | M23: =N22 -> 0 | O23: =N23-M23 -> 0 | P23: =O23-O22 -> 86528446 | Q23: =(O23/'Finance Only'!B26)*100 -> #DIV/0! | R23: =S22 -> 0 | T23: =S23-R23 -> 0 | U23: =T23-T22 -> 21234 | V23: =(T23/'Finance Only'!B26)*100 -> #DIV/0! | W23: =X22 -> 0 | Y23: =X23-W23 -> 0 | Z23: =Y23-Y22 -> 2873321 | AA23: =(Y23/'Finance Only'!B26)*100 -> #DIV/0! | AB23: =AC22 -> 0 | AD23: =AC23-AB23 -> 0 | AE23: =AD23-AD22 -> 17592 | AF23: =(AD23/'Finance Only'!B26)*100 -> #DIV/0! | AG23: =AH22 -> 0 | AI23: =AH23-AG23 -> 0 | AJ23: =AI23-AI22 -> 780732 | AK23: =(AI23/'Finance Only'!B26)*100 -> #DIV/0! | AL23: =AM22 -> 0 | AN23: =AM23-AL23 -> 0 | AO23: =AN23-AN22 -> 81002 | AP23: =(AN23/'Finance Only'!B26)*100 -> #DIV/0! | AQ23: =AR22 -> 0 | AS23: =AR23-AQ23 -> 0 | AT23: =AS23-AS22 -> 18291 | AU23: =(AS23/'Finance Only'!B26)*100 -> #DIV/0! | AV23: =AW22 -> 0 | AX23: =AW23-AV23 -> 0 | AY23: =AX23-AX22 -> 526954 | AZ23: =(AX23/'Finance Only'!B26)*100 -> #DIV/0! | BA23: =BB22 -> 0 | BC23: =BB23-BA23 -> 0 | BD23: =BC23-BC22 -> 70151 | BE23: =(BC23/'Finance Only'!B26)*100 -> #DIV/0! | BF23: =BG22 -> 0 | BH23: =BG23-BF23 -> 0 | BI23: =BH23-BH22 -> 80055 | BJ23: =(BH23/'Finance Only'!B26)*100 -> #DIV/0! | BK23: =BL22 -> 0 | BM23: =BL23-BK23 -> 0 | BN23: =BM23-BM22 -> 12484 | BO23: =(BM23/'Finance Only'!B26)*100 -> #DIV/0! | BP23: =BQ22 -> 0 | BR23: =BQ23-BP23 -> 0 | BS23: =BR23-BR22 -> 72636 | BT23: =(BR23/'Finance Only'!B26)*100 -> #DIV/0! | BU23: =BV22 -> 0 | BW23: =BV23-BU23 -> 0 | BX23: =BW23-BW22 -> 39153 | BY23: =(BW23/'Finance Only'!B26)*100 -> #DIV/0! | BZ23: =CA22 -> 0 | CB23: =CA23-BZ23 -> 0 | CC23: =CB23-CB22 -> 55197 | CD23: =(CB23/'Finance Only'!B26)*100 -> #DIV/0! | CE23: =CF22 -> 0 | CG23: =CF23-CE23 -> 0 | CH23: =CG23-CG22 -> 16536 | CI23: =(CG23/'Finance Only'!B26)*100 -> #DIV/0! | CJ23: =CK22 -> 0 | CL23: =CK23-CJ23 -> 0 | CM23: =CL23-CL22 -> 37774 | CN23: =(CL23/'Finance Only'!B26)*100 -> #DIV/0! | CO23: =CP22 -> 0 | CQ23: =CP23-CO23 -> 0 | CR23: =CQ23-CQ22 -> 29915 | CS23: =(CQ23/'Finance Only'!B26)*100 -> #DIV/0! | CT23: =CU22 -> 0 | CV23: =CU23-CT23 -> 0 | CW23: =CV23-CV22 -> 26335 | CX23: =(CV23/'Finance Only'!B26)*100 -> #DIV/0! | CY23: =CZ22 -> 0 | DA23: =CZ23-CY23 -> 0 | DB23: =DA23-DA22 -> 43773 | DC23: =(DA23/'Finance Only'!B26)*100 -> #DIV/0! | DD23: =DE22 -> 0 | DF23: =DE23-DD23 -> 0 | DG23: =DF23-DF22 -> 33027 | DH23: =(DF23/'Finance Only'!B26)*100 -> #DIV/0! | DI23: =DJ22 -> 0 | DK23: =DJ23-DI23 -> 0 | DL23: =DK23-DK22 -> 30372 | DM23: =(DK23/'Finance Only'!B26)*100 -> #DIV/0! | DN23: =DO22 -> 0 | DP23: =DO23-DN23 -> 0 | DQ23: =DP23-DP22 -> 20359 | DR23: =(DP23/'Finance Only'!B26)*100 -> #DIV/0! | DS23: =DT22 -> 0 | DU23: =DT23-DS23 -> 0 | DV23: =DU23-DU22 -> 54298 | DW23: =(DU23/'Finance Only'!B26)*100 -> #DIV/0! | DX23: =DY22 -> 0 | DZ23: =DY23-DX23 -> 0 | EA23: =DZ23-DZ22 -> 37466 | EB23: =(DZ23/'Finance Only'!B26)*100 -> #DIV/0! | EC23: =ED22 -> 0 | EE23: =ED23-EC23 -> 0 | EF23: =EE23-EE22 -> 11594 | EG23: =(EE23/'Finance Only'!B26)*100 -> #DIV/0! | EH23: =EI22 -> 0 | EJ23: =EI23-EH23 -> 0 | EK23: =EJ23-EJ22 -> 10369 | EL23: =(EJ23/'Finance Only'!B26)*100 -> #DIV/0! | EM23: =EN22 -> 0 | EO23: =EN23-EM23 -> 0 | EP23: =EO23-EO22 -> 20613 | EQ23: =(EO23/'Finance Only'!B26)*100 -> #DIV/0! | ER23: =ES22 -> 0 | ET23: =ES23-ER23 -> 0 | EU23: =ET23-ET22 -> 44811 | EV23: =(ET23/'Finance Only'!B26)*100 -> #DIV/0!
A24: 20 | B24: ='Finance Only'!G27 -> 0 | C24: =D23 -> 0 | E24: =D24-C24 -> 0 | F24: =E24-E23 -> 0 | G24: =(E24/'Finance Only'!B27)*100 -> #DIV/0! | H24: =I23 -> 0 | J24: =I24-H24 -> 0 | K24: =J24-J23 -> 0 | L24: =(J24/'Finance Only'!B27)*100 -> #DIV/0! | M24: =N23 -> 0 | O24: =N24-M24 -> 0 | P24: =O24-O23 -> 0 | Q24: =(O24/'Finance Only'!B27)*100 -> #DIV/0! | R24: =S23 -> 0 | T24: =S24-R24 -> 0 | U24: =T24-T23 -> 0 | V24: =(T24/'Finance Only'!B27)*100 -> #DIV/0! | W24: =X23 -> 0 | Y24: =X24-W24 -> 0 | Z24: =Y24-Y23 -> 0 | AA24: =(Y24/'Finance Only'!B27)*100 -> #DIV/0! | AB24: =AC23 -> 0 | AD24: =AC24-AB24 -> 0 | AE24: =AD24-AD23 -> 0 | AF24: =(AD24/'Finance Only'!B27)*100 -> #DIV/0! | AG24: =AH23 -> 0 | AI24: =AH24-AG24 -> 0 | AJ24: =AI24-AI23 -> 0 | AK24: =(AI24/'Finance Only'!B27)*100 -> #DIV/0! | AL24: =AM23 -> 0 | AN24: =AM24-AL24 -> 0 | AO24: =AN24-AN23 -> 0 | AP24: =(AN24/'Finance Only'!B27)*100 -> #DIV/0! | AQ24: =AR23 -> 0 | AS24: =AR24-AQ24 -> 0 | AT24: =AS24-AS23 -> 0 | AU24: =(AS24/'Finance Only'!B27)*100 -> #DIV/0! | AV24: =AW23 -> 0 | AX24: =AW24-AV24 -> 0 | AY24: =AX24-AX23 -> 0 | AZ24: =(AX24/'Finance Only'!B27)*100 -> #DIV/0! | BA24: =BB23 -> 0 | BC24: =BB24-BA24 -> 0 | BD24: =BC24-BC23 -> 0 | BE24: =(BC24/'Finance Only'!B27)*100 -> #DIV/0! | BF24: =BG23 -> 0 | BH24: =BG24-BF24 -> 0 | BI24: =BH24-BH23 -> 0 | BJ24: =(BH24/'Finance Only'!B27)*100 -> #DIV/0! | BK24: =BL23 -> 0 | BM24: =BL24-BK24 -> 0 | BN24: =BM24-BM23 -> 0 | BO24: =(BM24/'Finance Only'!B27)*100 -> #DIV/0! | BP24: =BQ23 -> 0 | BR24: =BQ24-BP24 -> 0 | BS24: =BR24-BR23 -> 0 | BT24: =(BR24/'Finance Only'!B27)*100 -> #DIV/0! | BU24: =BV23 -> 0 | BW24: =BV24-BU24 -> 0 | BX24: =BW24-BW23 -> 0 | BY24: =(BW24/'Finance Only'!B27)*100 -> #DIV/0! | BZ24: =CA23 -> 0 | CB24: =CA24-BZ24 -> 0 | CC24: =CB24-CB23 -> 0 | CD24: =(CB24/'Finance Only'!B27)*100 -> #DIV/0! | CE24: =CF23 -> 0 | CG24: =CF24-CE24 -> 0 | CH24: =CG24-CG23 -> 0 | CI24: =(CG24/'Finance Only'!B27)*100 -> #DIV/0! | CJ24: =CK23 -> 0 | CL24: =CK24-CJ24 -> 0 | CM24: =CL24-CL23 -> 0 | CN24: =(CL24/'Finance Only'!B27)*100 -> #DIV/0! | CO24: =CP23 -> 0 | CQ24: =CP24-CO24 -> 0 | CR24: =CQ24-CQ23 -> 0 | CS24: =(CQ24/'Finance Only'!B27)*100 -> #DIV/0! | CT24: =CU23 -> 0 | CV24: =CU24-CT24 -> 0 | CW24: =CV24-CV23 -> 0 | CX24: =(CV24/'Finance Only'!B27)*100 -> #DIV/0! | CY24: =CZ23 -> 0 | DA24: =CZ24-CY24 -> 0 | DB24: =DA24-DA23 -> 0 | DC24: =(DA24/'Finance Only'!B27)*100 -> #DIV/0! | DD24: =DE23 -> 0 | DF24: =DE24-DD24 -> 0 | DG24: =DF24-DF23 -> 0 | DH24: =(DF24/'Finance Only'!B27)*100 -> #DIV/0! | DI24: =DJ23 -> 0 | DK24: =DJ24-DI24 -> 0 | DL24: =DK24-DK23 -> 0 | DM24: =(DK24/'Finance Only'!B27)*100 -> #DIV/0! | DN24: =DO23 -> 0 | DP24: =DO24-DN24 -> 0 | DQ24: =DP24-DP23 -> 0 | DR24: =(DP24/'Finance Only'!B27)*100 -> #DIV/0! | DS24: =DT23 -> 0 | DU24: =DT24-DS24 -> 0 | DV24: =DU24-DU23 -> 0 | DW24: =(DU24/'Finance Only'!B27)*100 -> #DIV/0! | DX24: =DY23 -> 0 | DZ24: =DY24-DX24 -> 0 | EA24: =DZ24-DZ23 -> 0 | EB24: =(DZ24/'Finance Only'!B27)*100 -> #DIV/0! | EC24: =ED23 -> 0 | EE24: =ED24-EC24 -> 0 | EF24: =EE24-EE23 -> 0 | EG24: =(EE24/'Finance Only'!B27)*100 -> #DIV/0! | EH24: =EI23 -> 0 | EJ24: =EI24-EH24 -> 0 | EK24: =EJ24-EJ23 -> 0 | EL24: =(EJ24/'Finance Only'!B27)*100 -> #DIV/0! | EM24: =EN23 -> 0 | EO24: =EN24-EM24 -> 0 | EP24: =EO24-EO23 -> 0 | EQ24: =(EO24/'Finance Only'!B27)*100 -> #DIV/0! | ER24: =ES23 -> 0 | ET24: =ES24-ER24 -> 0 | EU24: =ET24-ET23 -> 0 | EV24: =(ET24/'Finance Only'!B27)*100 -> #DIV/0!
A25: 21 | B25: ='Finance Only'!G28 -> 0 | C25: =D24 -> 0 | E25: =D25-C25 -> 0 | F25: =E25-E24 -> 0 | G25: =(E25/'Finance Only'!B28)*100 -> #DIV/0! | H25: =I24 -> 0 | J25: =I25-H25 -> 0 | K25: =J25-J24 -> 0 | L25: =(J25/'Finance Only'!B28)*100 -> #DIV/0! | M25: =N24 -> 0 | O25: =N25-M25 -> 0 | P25: =O25-O24 -> 0 | Q25: =(O25/'Finance Only'!B28)*100 -> #DIV/0! | R25: =S24 -> 0 | T25: =S25-R25 -> 0 | U25: =T25-T24 -> 0 | V25: =(T25/'Finance Only'!B28)*100 -> #DIV/0! | W25: =X24 -> 0 | Y25: =X25-W25 -> 0 | Z25: =Y25-Y24 -> 0 | AA25: =(Y25/'Finance Only'!B28)*100 -> #DIV/0! | AB25: =AC24 -> 0 | AD25: =AC25-AB25 -> 0 | AE25: =AD25-AD24 -> 0 | AF25: =(AD25/'Finance Only'!B28)*100 -> #DIV/0! | AG25: =AH24 -> 0 | AI25: =AH25-AG25 -> 0 | AJ25: =AI25-AI24 -> 0 | AK25: =(AI25/'Finance Only'!B28)*100 -> #DIV/0! | AL25: =AM24 -> 0 | AN25: =AM25-AL25 -> 0 | AO25: =AN25-AN24 -> 0 | AP25: =(AN25/'Finance Only'!B28)*100 -> #DIV/0! | AQ25: =AR24 -> 0 | AS25: =AR25-AQ25 -> 0 | AT25: =AS25-AS24 -> 0 | AU25: =(AS25/'Finance Only'!B28)*100 -> #DIV/0! | AV25: =AW24 -> 0 | AX25: =AW25-AV25 -> 0 | AY25: =AX25-AX24 -> 0 | AZ25: =(AX25/'Finance Only'!B28)*100 -> #DIV/0! | BA25: =BB24 -> 0 | BC25: =BB25-BA25 -> 0 | BD25: =BC25-BC24 -> 0 | BE25: =(BC25/'Finance Only'!B28)*100 -> #DIV/0! | BF25: =BG24 -> 0 | BH25: =BG25-BF25 -> 0 | BI25: =BH25-BH24 -> 0 | BJ25: =(BH25/'Finance Only'!B28)*100 -> #DIV/0! | BK25: =BL24 -> 0 | BM25: =BL25-BK25 -> 0 | BN25: =BM25-BM24 -> 0 | BO25: =(BM25/'Finance Only'!B28)*100 -> #DIV/0! | BP25: =BQ24 -> 0 | BR25: =BQ25-BP25 -> 0 | BS25: =BR25-BR24 -> 0 | BT25: =(BR25/'Finance Only'!B28)*100 -> #DIV/0! | BU25: =BV24 -> 0 | BW25: =BV25-BU25 -> 0 | BX25: =BW25-BW24 -> 0 | BY25: =(BW25/'Finance Only'!B28)*100 -> #DIV/0! | BZ25: =CA24 -> 0 | CB25: =CA25-BZ25 -> 0 | CC25: =CB25-CB24 -> 0 | CD25: =(CB25/'Finance Only'!B28)*100 -> #DIV/0! | CE25: =CF24 -> 0 | CG25: =CF25-CE25 -> 0 | CH25: =CG25-CG24 -> 0 | CI25: =(CG25/'Finance Only'!B28)*100 -> #DIV/0! | CJ25: =CK24 -> 0 | CL25: =CK25-CJ25 -> 0 | CM25: =CL25-CL24 -> 0 | CN25: =(CL25/'Finance Only'!B28)*100 -> #DIV/0! | CO25: =CP24 -> 0 | CQ25: =CP25-CO25 -> 0 | CR25: =CQ25-CQ24 -> 0 | CS25: =(CQ25/'Finance Only'!B28)*100 -> #DIV/0! | CT25: =CU24 -> 0 | CV25: =CU25-CT25 -> 0 | CW25: =CV25-CV24 -> 0 | CX25: =(CV25/'Finance Only'!B28)*100 -> #DIV/0! | CY25: =CZ24 -> 0 | DA25: =CZ25-CY25 -> 0 | DB25: =DA25-DA24 -> 0 | DC25: =(DA25/'Finance Only'!B28)*100 -> #DIV/0! | DD25: =DE24 -> 0 | DF25: =DE25-DD25 -> 0 | DG25: =DF25-DF24 -> 0 | DH25: =(DF25/'Finance Only'!B28)*100 -> #DIV/0! | DI25: =DJ24 -> 0 | DK25: =DJ25-DI25 -> 0 | DL25: =DK25-DK24 -> 0 | DM25: =(DK25/'Finance Only'!B28)*100 -> #DIV/0! | DN25: =DO24 -> 0 | DP25: =DO25-DN25 -> 0 | DQ25: =DP25-DP24 -> 0 | DR25: =(DP25/'Finance Only'!B28)*100 -> #DIV/0! | DS25: =DT24 -> 0 | DU25: =DT25-DS25 -> 0 | DV25: =DU25-DU24 -> 0 | DW25: =(DU25/'Finance Only'!B28)*100 -> #DIV/0! | DX25: =DY24 -> 0 | DZ25: =DY25-DX25 -> 0 | EA25: =DZ25-DZ24 -> 0 | EB25: =(DZ25/'Finance Only'!B28)*100 -> #DIV/0! | EC25: =ED24 -> 0 | EE25: =ED25-EC25 -> 0 | EF25: =EE25-EE24 -> 0 | EG25: =(EE25/'Finance Only'!B28)*100 -> #DIV/0! | EH25: =EI24 -> 0 | EJ25: =EI25-EH25 -> 0 | EK25: =EJ25-EJ24 -> 0 | EL25: =(EJ25/'Finance Only'!B28)*100 -> #DIV/0! | EM25: =EN24 -> 0 | EO25: =EN25-EM25 -> 0 | EP25: =EO25-EO24 -> 0 | EQ25: =(EO25/'Finance Only'!B28)*100 -> #DIV/0! | ER25: =ES24 -> 0 | ET25: =ES25-ER25 -> 0 | EU25: =ET25-ET24 -> 0 | EV25: =(ET25/'Finance Only'!B28)*100 -> #DIV/0!
A26: 22 | B26: ='Finance Only'!G29 -> 0 | C26: =D25 -> 0 | E26: =D26-C26 -> 0 | F26: =E26-E25 -> 0 | G26: =(E26/'Finance Only'!B29)*100 -> #DIV/0! | H26: =I25 -> 0 | J26: =I26-H26 -> 0 | K26: =J26-J25 -> 0 | L26: =(J26/'Finance Only'!B29)*100 -> #DIV/0! | M26: =N25 -> 0 | O26: =N26-M26 -> 0 | P26: =O26-O25 -> 0 | Q26: =(O26/'Finance Only'!B29)*100 -> #DIV/0! | R26: =S25 -> 0 | T26: =S26-R26 -> 0 | U26: =T26-T25 -> 0 | V26: =(T26/'Finance Only'!B29)*100 -> #DIV/0! | W26: =X25 -> 0 | Y26: =X26-W26 -> 0 | Z26: =Y26-Y25 -> 0 | AA26: =(Y26/'Finance Only'!B29)*100 -> #DIV/0! | AB26: =AC25 -> 0 | AD26: =AC26-AB26 -> 0 | AE26: =AD26-AD25 -> 0 | AF26: =(AD26/'Finance Only'!B29)*100 -> #DIV/0! | AG26: =AH25 -> 0 | AI26: =AH26-AG26 -> 0 | AJ26: =AI26-AI25 -> 0 | AK26: =(AI26/'Finance Only'!B29)*100 -> #DIV/0! | AL26: =AM25 -> 0 | AN26: =AM26-AL26 -> 0 | AO26: =AN26-AN25 -> 0 | AP26: =(AN26/'Finance Only'!B29)*100 -> #DIV/0! | AQ26: =AR25 -> 0 | AS26: =AR26-AQ26 -> 0 | AT26: =AS26-AS25 -> 0 | AU26: =(AS26/'Finance Only'!B29)*100 -> #DIV/0! | AV26: =AW25 -> 0 | AX26: =AW26-AV26 -> 0 | AY26: =AX26-AX25 -> 0 | AZ26: =(AX26/'Finance Only'!B29)*100 -> #DIV/0! | BA26: =BB25 -> 0 | BC26: =BB26-BA26 -> 0 | BD26: =BC26-BC25 -> 0 | BE26: =(BC26/'Finance Only'!B29)*100 -> #DIV/0! | BF26: =BG25 -> 0 | BH26: =BG26-BF26 -> 0 | BI26: =BH26-BH25 -> 0 | BJ26: =(BH26/'Finance Only'!B29)*100 -> #DIV/0! | BK26: =BL25 -> 0 | BM26: =BL26-BK26 -> 0 | BN26: =BM26-BM25 -> 0 | BO26: =(BM26/'Finance Only'!B29)*100 -> #DIV/0! | BP26: =BQ25 -> 0 | BR26: =BQ26-BP26 -> 0 | BS26: =BR26-BR25 -> 0 | BT26: =(BR26/'Finance Only'!B29)*100 -> #DIV/0! | BU26: =BV25 -> 0 | BW26: =BV26-BU26 -> 0 | BX26: =BW26-BW25 -> 0 | BY26: =(BW26/'Finance Only'!B29)*100 -> #DIV/0! | BZ26: =CA25 -> 0 | CB26: =CA26-BZ26 -> 0 | CC26: =CB26-CB25 -> 0 | CD26: =(CB26/'Finance Only'!B29)*100 -> #DIV/0! | CE26: =CF25 -> 0 | CG26: =CF26-CE26 -> 0 | CH26: =CG26-CG25 -> 0 | CI26: =(CG26/'Finance Only'!B29)*100 -> #DIV/0! | CJ26: =CK25 -> 0 | CL26: =CK26-CJ26 -> 0 | CM26: =CL26-CL25 -> 0 | CN26: =(CL26/'Finance Only'!B29)*100 -> #DIV/0! | CO26: =CP25 -> 0 | CQ26: =CP26-CO26 -> 0 | CR26: =CQ26-CQ25 -> 0 | CS26: =(CQ26/'Finance Only'!B29)*100 -> #DIV/0! | CT26: =CU25 -> 0 | CV26: =CU26-CT26 -> 0 | CW26: =CV26-CV25 -> 0 | CX26: =(CV26/'Finance Only'!B29)*100 -> #DIV/0! | CY26: =CZ25 -> 0 | DA26: =CZ26-CY26 -> 0 | DB26: =DA26-DA25 -> 0 | DC26: =(DA26/'Finance Only'!B29)*100 -> #DIV/0! | DD26: =DE25 -> 0 | DF26: =DE26-DD26 -> 0 | DG26: =DF26-DF25 -> 0 | DH26: =(DF26/'Finance Only'!B29)*100 -> #DIV/0! | DI26: =DJ25 -> 0 | DK26: =DJ26-DI26 -> 0 | DL26: =DK26-DK25 -> 0 | DM26: =(DK26/'Finance Only'!B29)*100 -> #DIV/0! | DN26: =DO25 -> 0 | DP26: =DO26-DN26 -> 0 | DQ26: =DP26-DP25 -> 0 | DR26: =(DP26/'Finance Only'!B29)*100 -> #DIV/0! | DS26: =DT25 -> 0 | DU26: =DT26-DS26 -> 0 | DV26: =DU26-DU25 -> 0 | DW26: =(DU26/'Finance Only'!B29)*100 -> #DIV/0! | DX26: =DY25 -> 0 | DZ26: =DY26-DX26 -> 0 | EA26: =DZ26-DZ25 -> 0 | EB26: =(DZ26/'Finance Only'!B29)*100 -> #DIV/0! | EC26: =ED25 -> 0 | EE26: =ED26-EC26 -> 0 | EF26: =EE26-EE25 -> 0 | EG26: =(EE26/'Finance Only'!B29)*100 -> #DIV/0! | EH26: =EI25 -> 0 | EJ26: =EI26-EH26 -> 0 | EK26: =EJ26-EJ25 -> 0 | EL26: =(EJ26/'Finance Only'!B29)*100 -> #DIV/0! | EM26: =EN25 -> 0 | EO26: =EN26-EM26 -> 0 | EP26: =EO26-EO25 -> 0 | EQ26: =(EO26/'Finance Only'!B29)*100 -> #DIV/0! | ER26: =ES25 -> 0 | ET26: =ES26-ER26 -> 0 | EU26: =ET26-ET25 -> 0 | EV26: =(ET26/'Finance Only'!B29)*100 -> #DIV/0!
A27: 23 | B27: ='Finance Only'!G30 -> 0 | C27: =D26 -> 0 | E27: =D27-C27 -> 0 | F27: =E27-E26 -> 0 | G27: =(E27/'Finance Only'!B30)*100 -> #DIV/0! | H27: =I26 -> 0 | J27: =I27-H27 -> 0 | K27: =J27-J26 -> 0 | L27: =(J27/'Finance Only'!B30)*100 -> #DIV/0! | M27: =N26 -> 0 | O27: =N27-M27 -> 0 | P27: =O27-O26 -> 0 | Q27: =(O27/'Finance Only'!B30)*100 -> #DIV/0! | R27: =S26 -> 0 | T27: =S27-R27 -> 0 | U27: =T27-T26 -> 0 | V27: =(T27/'Finance Only'!B30)*100 -> #DIV/0! | W27: =X26 -> 0 | Y27: =X27-W27 -> 0 | Z27: =Y27-Y26 -> 0 | AA27: =(Y27/'Finance Only'!B30)*100 -> #DIV/0! | AB27: =AC26 -> 0 | AD27: =AC27-AB27 -> 0 | AE27: =AD27-AD26 -> 0 | AF27: =(AD27/'Finance Only'!B30)*100 -> #DIV/0! | AG27: =AH26 -> 0 | AI27: =AH27-AG27 -> 0 | AJ27: =AI27-AI26 -> 0 | AK27: =(AI27/'Finance Only'!B30)*100 -> #DIV/0! | AL27: =AM26 -> 0 | AN27: =AM27-AL27 -> 0 | AO27: =AN27-AN26 -> 0 | AP27: =(AN27/'Finance Only'!B30)*100 -> #DIV/0! | AQ27: =AR26 -> 0 | AS27: =AR27-AQ27 -> 0 | AT27: =AS27-AS26 -> 0 | AU27: =(AS27/'Finance Only'!B30)*100 -> #DIV/0! | AV27: =AW26 -> 0 | AX27: =AW27-AV27 -> 0 | AY27: =AX27-AX26 -> 0 | AZ27: =(AX27/'Finance Only'!B30)*100 -> #DIV/0! | BA27: =BB26 -> 0 | BC27: =BB27-BA27 -> 0 | BD27: =BC27-BC26 -> 0 | BE27: =(BC27/'Finance Only'!B30)*100 -> #DIV/0! | BF27: =BG26 -> 0 | BH27: =BG27-BF27 -> 0 | BI27: =BH27-BH26 -> 0 | BJ27: =(BH27/'Finance Only'!B30)*100 -> #DIV/0! | BK27: =BL26 -> 0 | BM27: =BL27-BK27 -> 0 | BN27: =BM27-BM26 -> 0 | BO27: =(BM27/'Finance Only'!B30)*100 -> #DIV/0! | BP27: =BQ26 -> 0 | BR27: =BQ27-BP27 -> 0 | BS27: =BR27-BR26 -> 0 | BT27: =(BR27/'Finance Only'!B30)*100 -> #DIV/0! | BU27: =BV26 -> 0 | BW27: =BV27-BU27 -> 0 | BX27: =BW27-BW26 -> 0 | BY27: =(BW27/'Finance Only'!B30)*100 -> #DIV/0! | BZ27: =CA26 -> 0 | CB27: =CA27-BZ27 -> 0 | CC27: =CB27-CB26 -> 0 | CD27: =(CB27/'Finance Only'!B30)*100 -> #DIV/0! | CE27: =CF26 -> 0 | CG27: =CF27-CE27 -> 0 | CH27: =CG27-CG26 -> 0 | CI27: =(CG27/'Finance Only'!B30)*100 -> #DIV/0! | CJ27: =CK26 -> 0 | CL27: =CK27-CJ27 -> 0 | CM27: =CL27-CL26 -> 0 | CN27: =(CL27/'Finance Only'!B30)*100 -> #DIV/0! | CO27: =CP26 -> 0 | CQ27: =CP27-CO27 -> 0 | CR27: =CQ27-CQ26 -> 0 | CS27: =(CQ27/'Finance Only'!B30)*100 -> #DIV/0! | CT27: =CU26 -> 0 | CV27: =CU27-CT27 -> 0 | CW27: =CV27-CV26 -> 0 | CX27: =(CV27/'Finance Only'!B30)*100 -> #DIV/0! | CY27: =CZ26 -> 0 | DA27: =CZ27-CY27 -> 0 | DB27: =DA27-DA26 -> 0 | DC27: =(DA27/'Finance Only'!B30)*100 -> #DIV/0! | DD27: =DE26 -> 0 | DF27: =DE27-DD27 -> 0 | DG27: =DF27-DF26 -> 0 | DH27: =(DF27/'Finance Only'!B30)*100 -> #DIV/0! | DI27: =DJ26 -> 0 | DK27: =DJ27-DI27 -> 0 | DL27: =DK27-DK26 -> 0 | DM27: =(DK27/'Finance Only'!B30)*100 -> #DIV/0! | DN27: =DO26 -> 0 | DP27: =DO27-DN27 -> 0 | DQ27: =DP27-DP26 -> 0 | DR27: =(DP27/'Finance Only'!B30)*100 -> #DIV/0! | DS27: =DT26 -> 0 | DU27: =DT27-DS27 -> 0 | DV27: =DU27-DU26 -> 0 | DW27: =(DU27/'Finance Only'!B30)*100 -> #DIV/0! | DX27: =DY26 -> 0 | DZ27: =DY27-DX27 -> 0 | EA27: =DZ27-DZ26 -> 0 | EB27: =(DZ27/'Finance Only'!B30)*100 -> #DIV/0! | EC27: =ED26 -> 0 | EE27: =ED27-EC27 -> 0 | EF27: =EE27-EE26 -> 0 | EG27: =(EE27/'Finance Only'!B30)*100 -> #DIV/0! | EH27: =EI26 -> 0 | EJ27: =EI27-EH27 -> 0 | EK27: =EJ27-EJ26 -> 0 | EL27: =(EJ27/'Finance Only'!B30)*100 -> #DIV/0! | EM27: =EN26 -> 0 | EO27: =EN27-EM27 -> 0 | EP27: =EO27-EO26 -> 0 | EQ27: =(EO27/'Finance Only'!B30)*100 -> #DIV/0! | ER27: =ES26 -> 0 | ET27: =ES27-ER27 -> 0 | EU27: =ET27-ET26 -> 0 | EV27: =(ET27/'Finance Only'!B30)*100 -> #DIV/0!
A28: 24 | B28: ='Finance Only'!G31 -> 0 | C28: =D27 -> 0 | E28: =D28-C28 -> 0 | F28: =E28-E27 -> 0 | G28: =(E28/'Finance Only'!B31)*100 -> #DIV/0! | H28: =I27 -> 0 | J28: =I28-H28 -> 0 | K28: =J28-J27 -> 0 | L28: =(J28/'Finance Only'!B31)*100 -> #DIV/0! | M28: =N27 -> 0 | O28: =N28-M28 -> 0 | P28: =O28-O27 -> 0 | Q28: =(O28/'Finance Only'!B31)*100 -> #DIV/0! | R28: =S27 -> 0 | T28: =S28-R28 -> 0 | U28: =T28-T27 -> 0 | V28: =(T28/'Finance Only'!B31)*100 -> #DIV/0! | W28: =X27 -> 0 | Y28: =X28-W28 -> 0 | Z28: =Y28-Y27 -> 0 | AA28: =(Y28/'Finance Only'!B31)*100 -> #DIV/0! | AB28: =AC27 -> 0 | AD28: =AC28-AB28 -> 0 | AE28: =AD28-AD27 -> 0 | AF28: =(AD28/'Finance Only'!B31)*100 -> #DIV/0! | AG28: =AH27 -> 0 | AI28: =AH28-AG28 -> 0 | AJ28: =AI28-AI27 -> 0 | AK28: =(AI28/'Finance Only'!B31)*100 -> #DIV/0! | AL28: =AM27 -> 0 | AN28: =AM28-AL28 -> 0 | AO28: =AN28-AN27 -> 0 | AP28: =(AN28/'Finance Only'!B31)*100 -> #DIV/0! | AQ28: =AR27 -> 0 | AS28: =AR28-AQ28 -> 0 | AT28: =AS28-AS27 -> 0 | AU28: =(AS28/'Finance Only'!B31)*100 -> #DIV/0! | AV28: =AW27 -> 0 | AX28: =AW28-AV28 -> 0 | AY28: =AX28-AX27 -> 0 | AZ28: =(AX28/'Finance Only'!B31)*100 -> #DIV/0! | BA28: =BB27 -> 0 | BC28: =BB28-BA28 -> 0 | BD28: =BC28-BC27 -> 0 | BE28: =(BC28/'Finance Only'!B31)*100 -> #DIV/0! | BF28: =BG27 -> 0 | BH28: =BG28-BF28 -> 0 | BI28: =BH28-BH27 -> 0 | BJ28: =(BH28/'Finance Only'!B31)*100 -> #DIV/0! | BK28: =BL27 -> 0 | BM28: =BL28-BK28 -> 0 | BN28: =BM28-BM27 -> 0 | BO28: =(BM28/'Finance Only'!B31)*100 -> #DIV/0! | BP28: =BQ27 -> 0 | BR28: =BQ28-BP28 -> 0 | BS28: =BR28-BR27 -> 0 | BT28: =(BR28/'Finance Only'!B31)*100 -> #DIV/0! | BU28: =BV27 -> 0 | BW28: =BV28-BU28 -> 0 | BX28: =BW28-BW27 -> 0 | BY28: =(BW28/'Finance Only'!B31)*100 -> #DIV/0! | BZ28: =CA27 -> 0 | CB28: =CA28-BZ28 -> 0 | CC28: =CB28-CB27 -> 0 | CD28: =(CB28/'Finance Only'!B31)*100 -> #DIV/0! | CE28: =CF27 -> 0 | CG28: =CF28-CE28 -> 0 | CH28: =CG28-CG27 -> 0 | CI28: =(CG28/'Finance Only'!B31)*100 -> #DIV/0! | CJ28: =CK27 -> 0 | CL28: =CK28-CJ28 -> 0 | CM28: =CL28-CL27 -> 0 | CN28: =(CL28/'Finance Only'!B31)*100 -> #DIV/0! | CO28: =CP27 -> 0 | CQ28: =CP28-CO28 -> 0 | CR28: =CQ28-CQ27 -> 0 | CS28: =(CQ28/'Finance Only'!B31)*100 -> #DIV/0! | CT28: =CU27 -> 0 | CV28: =CU28-CT28 -> 0 | CW28: =CV28-CV27 -> 0 | CX28: =(CV28/'Finance Only'!B31)*100 -> #DIV/0! | CY28: =CZ27 -> 0 | DA28: =CZ28-CY28 -> 0 | DB28: =DA28-DA27 -> 0 | DC28: =(DA28/'Finance Only'!B31)*100 -> #DIV/0! | DD28: =DE27 -> 0 | DF28: =DE28-DD28 -> 0 | DG28: =DF28-DF27 -> 0 | DH28: =(DF28/'Finance Only'!B31)*100 -> #DIV/0! | DI28: =DJ27 -> 0 | DK28: =DJ28-DI28 -> 0 | DL28: =DK28-DK27 -> 0 | DM28: =(DK28/'Finance Only'!B31)*100 -> #DIV/0! | DN28: =DO27 -> 0 | DP28: =DO28-DN28 -> 0 | DQ28: =DP28-DP27 -> 0 | DR28: =(DP28/'Finance Only'!B31)*100 -> #DIV/0! | DS28: =DT27 -> 0 | DU28: =DT28-DS28 -> 0 | DV28: =DU28-DU27 -> 0 | DW28: =(DU28/'Finance Only'!B31)*100 -> #DIV/0! | DX28: =DY27 -> 0 | DZ28: =DY28-DX28 -> 0 | EA28: =DZ28-DZ27 -> 0 | EB28: =(DZ28/'Finance Only'!B31)*100 -> #DIV/0! | EC28: =ED27 -> 0 | EE28: =ED28-EC28 -> 0 | EF28: =EE28-EE27 -> 0 | EG28: =(EE28/'Finance Only'!B31)*100 -> #DIV/0! | EH28: =EI27 -> 0 | EJ28: =EI28-EH28 -> 0 | EK28: =EJ28-EJ27 -> 0 | EL28: =(EJ28/'Finance Only'!B31)*100 -> #DIV/0! | EM28: =EN27 -> 0 | EO28: =EN28-EM28 -> 0 | EP28: =EO28-EO27 -> 0 | EQ28: =(EO28/'Finance Only'!B31)*100 -> #DIV/0! | ER28: =ES27 -> 0 | ET28: =ES28-ER28 -> 0 | EU28: =ET28-ET27 -> 0 | EV28: =(ET28/'Finance Only'!B31)*100 -> #DIV/0!
A29: 25 | B29: ='Finance Only'!G32 -> 0 | C29: =D28 -> 0 | E29: =D29-C29 -> 0 | F29: =E29-E28 -> 0 | G29: =(E29/'Finance Only'!B32)*100 -> #DIV/0! | H29: =I28 -> 0 | J29: =I29-H29 -> 0 | K29: =J29-J28 -> 0 | L29: =(J29/'Finance Only'!B32)*100 -> #DIV/0! | M29: =N28 -> 0 | O29: =N29-M29 -> 0 | P29: =O29-O28 -> 0 | Q29: =(O29/'Finance Only'!B32)*100 -> #DIV/0! | R29: =S28 -> 0 | T29: =S29-R29 -> 0 | U29: =T29-T28 -> 0 | V29: =(T29/'Finance Only'!B32)*100 -> #DIV/0! | W29: =X28 -> 0 | Y29: =X29-W29 -> 0 | Z29: =Y29-Y28 -> 0 | AA29: =(Y29/'Finance Only'!B32)*100 -> #DIV/0! | AB29: =AC28 -> 0 | AD29: =AC29-AB29 -> 0 | AE29: =AD29-AD28 -> 0 | AF29: =(AD29/'Finance Only'!B32)*100 -> #DIV/0! | AG29: =AH28 -> 0 | AI29: =AH29-AG29 -> 0 | AJ29: =AI29-AI28 -> 0 | AK29: =(AI29/'Finance Only'!B32)*100 -> #DIV/0! | AL29: =AM28 -> 0 | AN29: =AM29-AL29 -> 0 | AO29: =AN29-AN28 -> 0 | AP29: =(AN29/'Finance Only'!B32)*100 -> #DIV/0! | AQ29: =AR28 -> 0 | AS29: =AR29-AQ29 -> 0 | AT29: =AS29-AS28 -> 0 | AU29: =(AS29/'Finance Only'!B32)*100 -> #DIV/0! | AV29: =AW28 -> 0 | AX29: =AW29-AV29 -> 0 | AY29: =AX29-AX28 -> 0 | AZ29: =(AX29/'Finance Only'!B32)*100 -> #DIV/0! | BA29: =BB28 -> 0 | BC29: =BB29-BA29 -> 0 | BD29: =BC29-BC28 -> 0 | BE29: =(BC29/'Finance Only'!B32)*100 -> #DIV/0! | BF29: =BG28 -> 0 | BH29: =BG29-BF29 -> 0 | BI29: =BH29-BH28 -> 0 | BJ29: =(BH29/'Finance Only'!B32)*100 -> #DIV/0! | BK29: =BL28 -> 0 | BM29: =BL29-BK29 -> 0 | BN29: =BM29-BM28 -> 0 | BO29: =(BM29/'Finance Only'!B32)*100 -> #DIV/0! | BP29: =BQ28 -> 0 | BR29: =BQ29-BP29 -> 0 | BS29: =BR29-BR28 -> 0 | BT29: =(BR29/'Finance Only'!B32)*100 -> #DIV/0! | BU29: =BV28 -> 0 | BW29: =BV29-BU29 -> 0 | BX29: =BW29-BW28 -> 0 | BY29: =(BW29/'Finance Only'!B32)*100 -> #DIV/0! | BZ29: =CA28 -> 0 | CB29: =CA29-BZ29 -> 0 | CC29: =CB29-CB28 -> 0 | CD29: =(CB29/'Finance Only'!B32)*100 -> #DIV/0! | CE29: =CF28 -> 0 | CG29: =CF29-CE29 -> 0 | CH29: =CG29-CG28 -> 0 | CI29: =(CG29/'Finance Only'!B32)*100 -> #DIV/0! | CJ29: =CK28 -> 0 | CL29: =CK29-CJ29 -> 0 | CM29: =CL29-CL28 -> 0 | CN29: =(CL29/'Finance Only'!B32)*100 -> #DIV/0! | CO29: =CP28 -> 0 | CQ29: =CP29-CO29 -> 0 | CR29: =CQ29-CQ28 -> 0 | CS29: =(CQ29/'Finance Only'!B32)*100 -> #DIV/0! | CT29: =CU28 -> 0 | CV29: =CU29-CT29 -> 0 | CW29: =CV29-CV28 -> 0 | CX29: =(CV29/'Finance Only'!B32)*100 -> #DIV/0! | CY29: =CZ28 -> 0 | DA29: =CZ29-CY29 -> 0 | DB29: =DA29-DA28 -> 0 | DC29: =(DA29/'Finance Only'!B32)*100 -> #DIV/0! | DD29: =DE28 -> 0 | DF29: =DE29-DD29 -> 0 | DG29: =DF29-DF28 -> 0 | DH29: =(DF29/'Finance Only'!B32)*100 -> #DIV/0! | DI29: =DJ28 -> 0 | DK29: =DJ29-DI29 -> 0 | DL29: =DK29-DK28 -> 0 | DM29: =(DK29/'Finance Only'!B32)*100 -> #DIV/0! | DN29: =DO28 -> 0 | DP29: =DO29-DN29 -> 0 | DQ29: =DP29-DP28 -> 0 | DR29: =(DP29/'Finance Only'!B32)*100 -> #DIV/0! | DS29: =DT28 -> 0 | DU29: =DT29-DS29 -> 0 | DV29: =DU29-DU28 -> 0 | DW29: =(DU29/'Finance Only'!B32)*100 -> #DIV/0! | DX29: =DY28 -> 0 | DZ29: =DY29-DX29 -> 0 | EA29: =DZ29-DZ28 -> 0 | EB29: =(DZ29/'Finance Only'!B32)*100 -> #DIV/0! | EC29: =ED28 -> 0 | EE29: =ED29-EC29 -> 0 | EF29: =EE29-EE28 -> 0 | EG29: =(EE29/'Finance Only'!B32)*100 -> #DIV/0! | EH29: =EI28 -> 0 | EJ29: =EI29-EH29 -> 0 | EK29: =EJ29-EJ28 -> 0 | EL29: =(EJ29/'Finance Only'!B32)*100 -> #DIV/0! | EM29: =EN28 -> 0 | EO29: =EN29-EM29 -> 0 | EP29: =EO29-EO28 -> 0 | EQ29: =(EO29/'Finance Only'!B32)*100 -> #DIV/0! | ER29: =ES28 -> 0 | ET29: =ES29-ER29 -> 0 | EU29: =ET29-ET28 -> 0 | EV29: =(ET29/'Finance Only'!B32)*100 -> #DIV/0!
A30: 26 | B30: ='Finance Only'!G33 -> 0 | C30: =D29 -> 0 | E30: =D30-C30 -> 0 | F30: =E30-E29 -> 0 | G30: =(E30/'Finance Only'!B33)*100 -> #DIV/0! | H30: =I29 -> 0 | J30: =I30-H30 -> 0 | K30: =J30-J29 -> 0 | L30: =(J30/'Finance Only'!B33)*100 -> #DIV/0! | M30: =N29 -> 0 | O30: =N30-M30 -> 0 | P30: =O30-O29 -> 0 | Q30: =(O30/'Finance Only'!B33)*100 -> #DIV/0! | R30: =S29 -> 0 | T30: =S30-R30 -> 0 | U30: =T30-T29 -> 0 | V30: =(T30/'Finance Only'!B33)*100 -> #DIV/0! | W30: =X29 -> 0 | Y30: =X30-W30 -> 0 | Z30: =Y30-Y29 -> 0 | AA30: =(Y30/'Finance Only'!B33)*100 -> #DIV/0! | AB30: =AC29 -> 0 | AD30: =AC30-AB30 -> 0 | AE30: =AD30-AD29 -> 0 | AF30: =(AD30/'Finance Only'!B33)*100 -> #DIV/0! | AG30: =AH29 -> 0 | AI30: =AH30-AG30 -> 0 | AJ30: =AI30-AI29 -> 0 | AK30: =(AI30/'Finance Only'!B33)*100 -> #DIV/0! | AL30: =AM29 -> 0 | AN30: =AM30-AL30 -> 0 | AO30: =AN30-AN29 -> 0 | AP30: =(AN30/'Finance Only'!B33)*100 -> #DIV/0! | AQ30: =AR29 -> 0 | AS30: =AR30-AQ30 -> 0 | AT30: =AS30-AS29 -> 0 | AU30: =(AS30/'Finance Only'!B33)*100 -> #DIV/0! | AV30: =AW29 -> 0 | AX30: =AW30-AV30 -> 0 | AY30: =AX30-AX29 -> 0 | AZ30: =(AX30/'Finance Only'!B33)*100 -> #DIV/0! | BA30: =BB29 -> 0 | BC30: =BB30-BA30 -> 0 | BD30: =BC30-BC29 -> 0 | BE30: =(BC30/'Finance Only'!B33)*100 -> #DIV/0! | BF30: =BG29 -> 0 | BH30: =BG30-BF30 -> 0 | BI30: =BH30-BH29 -> 0 | BJ30: =(BH30/'Finance Only'!B33)*100 -> #DIV/0! | BK30: =BL29 -> 0 | BM30: =BL30-BK30 -> 0 | BN30: =BM30-BM29 -> 0 | BO30: =(BM30/'Finance Only'!B33)*100 -> #DIV/0! | BP30: =BQ29 -> 0 | BR30: =BQ30-BP30 -> 0 | BS30: =BR30-BR29 -> 0 | BT30: =(BR30/'Finance Only'!B33)*100 -> #DIV/0! | BU30: =BV29 -> 0 | BW30: =BV30-BU30 -> 0 | BX30: =BW30-BW29 -> 0 | BY30: =(BW30/'Finance Only'!B33)*100 -> #DIV/0! | BZ30: =CA29 -> 0 | CB30: =CA30-BZ30 -> 0 | CC30: =CB30-CB29 -> 0 | CD30: =(CB30/'Finance Only'!B33)*100 -> #DIV/0! | CE30: =CF29 -> 0 | CG30: =CF30-CE30 -> 0 | CH30: =CG30-CG29 -> 0 | CI30: =(CG30/'Finance Only'!B33)*100 -> #DIV/0! | CJ30: =CK29 -> 0 | CL30: =CK30-CJ30 -> 0 | CM30: =CL30-CL29 -> 0 | CN30: =(CL30/'Finance Only'!B33)*100 -> #DIV/0! | CO30: =CP29 -> 0 | CQ30: =CP30-CO30 -> 0 | CR30: =CQ30-CQ29 -> 0 | CS30: =(CQ30/'Finance Only'!B33)*100 -> #DIV/0! | CT30: =CU29 -> 0 | CV30: =CU30-CT30 -> 0 | CW30: =CV30-CV29 -> 0 | CX30: =(CV30/'Finance Only'!B33)*100 -> #DIV/0! | CY30: =CZ29 -> 0 | DA30: =CZ30-CY30 -> 0 | DB30: =DA30-DA29 -> 0 | DC30: =(DA30/'Finance Only'!B33)*100 -> #DIV/0! | DD30: =DE29 -> 0 | DF30: =DE30-DD30 -> 0 | DG30: =DF30-DF29 -> 0 | DH30: =(DF30/'Finance Only'!B33)*100 -> #DIV/0! | DI30: =DJ29 -> 0 | DK30: =DJ30-DI30 -> 0 | DL30: =DK30-DK29 -> 0 | DM30: =(DK30/'Finance Only'!B33)*100 -> #DIV/0! | DN30: =DO29 -> 0 | DP30: =DO30-DN30 -> 0 | DQ30: =DP30-DP29 -> 0 | DR30: =(DP30/'Finance Only'!B33)*100 -> #DIV/0! | DS30: =DT29 -> 0 | DU30: =DT30-DS30 -> 0 | DV30: =DU30-DU29 -> 0 | DW30: =(DU30/'Finance Only'!B33)*100 -> #DIV/0! | DX30: =DY29 -> 0 | DZ30: =DY30-DX30 -> 0 | EA30: =DZ30-DZ29 -> 0 | EB30: =(DZ30/'Finance Only'!B33)*100 -> #DIV/0! | EC30: =ED29 -> 0 | EE30: =ED30-EC30 -> 0 | EF30: =EE30-EE29 -> 0 | EG30: =(EE30/'Finance Only'!B33)*100 -> #DIV/0! | EH30: =EI29 -> 0 | EJ30: =EI30-EH30 -> 0 | EK30: =EJ30-EJ29 -> 0 | EL30: =(EJ30/'Finance Only'!B33)*100 -> #DIV/0! | EM30: =EN29 -> 0 | EO30: =EN30-EM30 -> 0 | EP30: =EO30-EO29 -> 0 | EQ30: =(EO30/'Finance Only'!B33)*100 -> #DIV/0! | ER30: =ES29 -> 0 | ET30: =ES30-ER30 -> 0 | EU30: =ET30-ET29 -> 0 | EV30: =(ET30/'Finance Only'!B33)*100 -> #DIV/0!
A31: 27 | B31: ='Finance Only'!G34 -> 0 | C31: =D30 -> 0 | E31: =D31-C31 -> 0 | F31: =E31-E30 -> 0 | G31: =(E31/'Finance Only'!B34)*100 -> #DIV/0! | H31: =I30 -> 0 | J31: =I31-H31 -> 0 | K31: =J31-J30 -> 0 | L31: =(J31/'Finance Only'!B34)*100 -> #DIV/0! | M31: =N30 -> 0 | O31: =N31-M31 -> 0 | P31: =O31-O30 -> 0 | Q31: =(O31/'Finance Only'!B34)*100 -> #DIV/0! | R31: =S30 -> 0 | T31: =S31-R31 -> 0 | U31: =T31-T30 -> 0 | V31: =(T31/'Finance Only'!B34)*100 -> #DIV/0! | W31: =X30 -> 0 | Y31: =X31-W31 -> 0 | Z31: =Y31-Y30 -> 0 | AA31: =(Y31/'Finance Only'!B34)*100 -> #DIV/0! | AB31: =AC30 -> 0 | AD31: =AC31-AB31 -> 0 | AE31: =AD31-AD30 -> 0 | AF31: =(AD31/'Finance Only'!B34)*100 -> #DIV/0! | AG31: =AH30 -> 0 | AI31: =AH31-AG31 -> 0 | AJ31: =AI31-AI30 -> 0 | AK31: =(AI31/'Finance Only'!B34)*100 -> #DIV/0! | AL31: =AM30 -> 0 | AN31: =AM31-AL31 -> 0 | AO31: =AN31-AN30 -> 0 | AP31: =(AN31/'Finance Only'!B34)*100 -> #DIV/0! | AQ31: =AR30 -> 0 | AS31: =AR31-AQ31 -> 0 | AT31: =AS31-AS30 -> 0 | AU31: =(AS31/'Finance Only'!B34)*100 -> #DIV/0! | AV31: =AW30 -> 0 | AX31: =AW31-AV31 -> 0 | AY31: =AX31-AX30 -> 0 | AZ31: =(AX31/'Finance Only'!B34)*100 -> #DIV/0! | BA31: =BB30 -> 0 | BC31: =BB31-BA31 -> 0 | BD31: =BC31-BC30 -> 0 | BE31: =(BC31/'Finance Only'!B34)*100 -> #DIV/0! | BF31: =BG30 -> 0 | BH31: =BG31-BF31 -> 0 | BI31: =BH31-BH30 -> 0 | BJ31: =(BH31/'Finance Only'!B34)*100 -> #DIV/0! | BK31: =BL30 -> 0 | BM31: =BL31-BK31 -> 0 | BN31: =BM31-BM30 -> 0 | BO31: =(BM31/'Finance Only'!B34)*100 -> #DIV/0! | BP31: =BQ30 -> 0 | BR31: =BQ31-BP31 -> 0 | BS31: =BR31-BR30 -> 0 | BT31: =(BR31/'Finance Only'!B34)*100 -> #DIV/0! | BU31: =BV30 -> 0 | BW31: =BV31-BU31 -> 0 | BX31: =BW31-BW30 -> 0 | BY31: =(BW31/'Finance Only'!B34)*100 -> #DIV/0! | BZ31: =CA30 -> 0 | CB31: =CA31-BZ31 -> 0 | CC31: =CB31-CB30 -> 0 | CD31: =(CB31/'Finance Only'!B34)*100 -> #DIV/0! | CE31: =CF30 -> 0 | CG31: =CF31-CE31 -> 0 | CH31: =CG31-CG30 -> 0 | CI31: =(CG31/'Finance Only'!B34)*100 -> #DIV/0! | CJ31: =CK30 -> 0 | CL31: =CK31-CJ31 -> 0 | CM31: =CL31-CL30 -> 0 | CN31: =(CL31/'Finance Only'!B34)*100 -> #DIV/0! | CO31: =CP30 -> 0 | CQ31: =CP31-CO31 -> 0 | CR31: =CQ31-CQ30 -> 0 | CS31: =(CQ31/'Finance Only'!B34)*100 -> #DIV/0! | CT31: =CU30 -> 0 | CV31: =CU31-CT31 -> 0 | CW31: =CV31-CV30 -> 0 | CX31: =(CV31/'Finance Only'!B34)*100 -> #DIV/0! | CY31: =CZ30 -> 0 | DA31: =CZ31-CY31 -> 0 | DB31: =DA31-DA30 -> 0 | DC31: =(DA31/'Finance Only'!B34)*100 -> #DIV/0! | DD31: =DE30 -> 0 | DF31: =DE31-DD31 -> 0 | DG31: =DF31-DF30 -> 0 | DH31: =(DF31/'Finance Only'!B34)*100 -> #DIV/0! | DI31: =DJ30 -> 0 | DK31: =DJ31-DI31 -> 0 | DL31: =DK31-DK30 -> 0 | DM31: =(DK31/'Finance Only'!B34)*100 -> #DIV/0! | DN31: =DO30 -> 0 | DP31: =DO31-DN31 -> 0 | DQ31: =DP31-DP30 -> 0 | DR31: =(DP31/'Finance Only'!B34)*100 -> #DIV/0! | DS31: =DT30 -> 0 | DU31: =DT31-DS31 -> 0 | DV31: =DU31-DU30 -> 0 | DW31: =(DU31/'Finance Only'!B34)*100 -> #DIV/0! | DX31: =DY30 -> 0 | DZ31: =DY31-DX31 -> 0 | EA31: =DZ31-DZ30 -> 0 | EB31: =(DZ31/'Finance Only'!B34)*100 -> #DIV/0! | EC31: =ED30 -> 0 | EE31: =ED31-EC31 -> 0 | EF31: =EE31-EE30 -> 0 | EG31: =(EE31/'Finance Only'!B34)*100 -> #DIV/0! | EH31: =EI30 -> 0 | EJ31: =EI31-EH31 -> 0 | EK31: =EJ31-EJ30 -> 0 | EL31: =(EJ31/'Finance Only'!B34)*100 -> #DIV/0! | EM31: =EN30 -> 0 | EO31: =EN31-EM31 -> 0 | EP31: =EO31-EO30 -> 0 | EQ31: =(EO31/'Finance Only'!B34)*100 -> #DIV/0! | ER31: =ES30 -> 0 | ET31: =ES31-ER31 -> 0 | EU31: =ET31-ET30 -> 0 | EV31: =(ET31/'Finance Only'!B34)*100 -> #DIV/0!
A32: 28 | B32: ='Finance Only'!G35 -> 0 | C32: =D31 -> 0 | E32: =D32-C32 -> 0 | F32: =E32-E31 -> 0 | G32: =(E32/'Finance Only'!B35)*100 -> #DIV/0! | H32: =I31 -> 0 | J32: =I32-H32 -> 0 | K32: =J32-J31 -> 0 | L32: =(J32/'Finance Only'!B35)*100 -> #DIV/0! | M32: =N31 -> 0 | O32: =N32-M32 -> 0 | P32: =O32-O31 -> 0 | Q32: =(O32/'Finance Only'!B35)*100 -> #DIV/0! | R32: =S31 -> 0 | T32: =S32-R32 -> 0 | U32: =T32-T31 -> 0 | V32: =(T32/'Finance Only'!B35)*100 -> #DIV/0! | W32: =X31 -> 0 | Y32: =X32-W32 -> 0 | Z32: =Y32-Y31 -> 0 | AA32: =(Y32/'Finance Only'!B35)*100 -> #DIV/0! | AB32: =AC31 -> 0 | AD32: =AC32-AB32 -> 0 | AE32: =AD32-AD31 -> 0 | AF32: =(AD32/'Finance Only'!B35)*100 -> #DIV/0! | AG32: =AH31 -> 0 | AI32: =AH32-AG32 -> 0 | AJ32: =AI32-AI31 -> 0 | AK32: =(AI32/'Finance Only'!B35)*100 -> #DIV/0! | AL32: =AM31 -> 0 | AN32: =AM32-AL32 -> 0 | AO32: =AN32-AN31 -> 0 | AP32: =(AN32/'Finance Only'!B35)*100 -> #DIV/0! | AQ32: =AR31 -> 0 | AS32: =AR32-AQ32 -> 0 | AT32: =AS32-AS31 -> 0 | AU32: =(AS32/'Finance Only'!B35)*100 -> #DIV/0! | AV32: =AW31 -> 0 | AX32: =AW32-AV32 -> 0 | AY32: =AX32-AX31 -> 0 | AZ32: =(AX32/'Finance Only'!B35)*100 -> #DIV/0! | BA32: =BB31 -> 0 | BC32: =BB32-BA32 -> 0 | BD32: =BC32-BC31 -> 0 | BE32: =(BC32/'Finance Only'!B35)*100 -> #DIV/0! | BF32: =BG31 -> 0 | BH32: =BG32-BF32 -> 0 | BI32: =BH32-BH31 -> 0 | BJ32: =(BH32/'Finance Only'!B35)*100 -> #DIV/0! | BK32: =BL31 -> 0 | BM32: =BL32-BK32 -> 0 | BN32: =BM32-BM31 -> 0 | BO32: =(BM32/'Finance Only'!B35)*100 -> #DIV/0! | BP32: =BQ31 -> 0 | BR32: =BQ32-BP32 -> 0 | BS32: =BR32-BR31 -> 0 | BT32: =(BR32/'Finance Only'!B35)*100 -> #DIV/0! | BU32: =BV31 -> 0 | BW32: =BV32-BU32 -> 0 | BX32: =BW32-BW31 -> 0 | BY32: =(BW32/'Finance Only'!B35)*100 -> #DIV/0! | BZ32: =CA31 -> 0 | CB32: =CA32-BZ32 -> 0 | CC32: =CB32-CB31 -> 0 | CD32: =(CB32/'Finance Only'!B35)*100 -> #DIV/0! | CE32: =CF31 -> 0 | CG32: =CF32-CE32 -> 0 | CH32: =CG32-CG31 -> 0 | CI32: =(CG32/'Finance Only'!B35)*100 -> #DIV/0! | CJ32: =CK31 -> 0 | CL32: =CK32-CJ32 -> 0 | CM32: =CL32-CL31 -> 0 | CN32: =(CL32/'Finance Only'!B35)*100 -> #DIV/0! | CO32: =CP31 -> 0 | CQ32: =CP32-CO32 -> 0 | CR32: =CQ32-CQ31 -> 0 | CS32: =(CQ32/'Finance Only'!B35)*100 -> #DIV/0! | CT32: =CU31 -> 0 | CV32: =CU32-CT32 -> 0 | CW32: =CV32-CV31 -> 0 | CX32: =(CV32/'Finance Only'!B35)*100 -> #DIV/0! | CY32: =CZ31 -> 0 | DA32: =CZ32-CY32 -> 0 | DB32: =DA32-DA31 -> 0 | DC32: =(DA32/'Finance Only'!B35)*100 -> #DIV/0! | DD32: =DE31 -> 0 | DF32: =DE32-DD32 -> 0 | DG32: =DF32-DF31 -> 0 | DH32: =(DF32/'Finance Only'!B35)*100 -> #DIV/0! | DI32: =DJ31 -> 0 | DK32: =DJ32-DI32 -> 0 | DL32: =DK32-DK31 -> 0 | DM32: =(DK32/'Finance Only'!B35)*100 -> #DIV/0! | DN32: =DO31 -> 0 | DP32: =DO32-DN32 -> 0 | DQ32: =DP32-DP31 -> 0 | DR32: =(DP32/'Finance Only'!B35)*100 -> #DIV/0! | DS32: =DT31 -> 0 | DU32: =DT32-DS32 -> 0 | DV32: =DU32-DU31 -> 0 | DW32: =(DU32/'Finance Only'!B35)*100 -> #DIV/0! | DX32: =DY31 -> 0 | DZ32: =DY32-DX32 -> 0 | EA32: =DZ32-DZ31 -> 0 | EB32: =(DZ32/'Finance Only'!B35)*100 -> #DIV/0! | EC32: =ED31 -> 0 | EE32: =ED32-EC32 -> 0 | EF32: =EE32-EE31 -> 0 | EG32: =(EE32/'Finance Only'!B35)*100 -> #DIV/0! | EH32: =EI31 -> 0 | EJ32: =EI32-EH32 -> 0 | EK32: =EJ32-EJ31 -> 0 | EL32: =(EJ32/'Finance Only'!B35)*100 -> #DIV/0! | EM32: =EN31 -> 0 | EO32: =EN32-EM32 -> 0 | EP32: =EO32-EO31 -> 0 | EQ32: =(EO32/'Finance Only'!B35)*100 -> #DIV/0! | ER32: =ES31 -> 0 | ET32: =ES32-ER32 -> 0 | EU32: =ET32-ET31 -> 0 | EV32: =(ET32/'Finance Only'!B35)*100 -> #DIV/0!
A33: 29 | B33: ='Finance Only'!G36 -> 0 | C33: =D32 -> 0 | E33: =D33-C33 -> 0 | F33: =E33-E32 -> 0 | G33: =(E33/'Finance Only'!B36)*100 -> #DIV/0! | H33: =I32 -> 0 | J33: =I33-H33 -> 0 | K33: =J33-J32 -> 0 | L33: =(J33/'Finance Only'!B36)*100 -> #DIV/0! | M33: =N32 -> 0 | O33: =N33-M33 -> 0 | P33: =O33-O32 -> 0 | Q33: =(O33/'Finance Only'!B36)*100 -> #DIV/0! | R33: =S32 -> 0 | T33: =S33-R33 -> 0 | U33: =T33-T32 -> 0 | V33: =(T33/'Finance Only'!B36)*100 -> #DIV/0! | W33: =X32 -> 0 | Y33: =X33-W33 -> 0 | Z33: =Y33-Y32 -> 0 | AA33: =(Y33/'Finance Only'!B36)*100 -> #DIV/0! | AB33: =AC32 -> 0 | AD33: =AC33-AB33 -> 0 | AE33: =AD33-AD32 -> 0 | AF33: =(AD33/'Finance Only'!B36)*100 -> #DIV/0! | AG33: =AH32 -> 0 | AI33: =AH33-AG33 -> 0 | AJ33: =AI33-AI32 -> 0 | AK33: =(AI33/'Finance Only'!B36)*100 -> #DIV/0! | AL33: =AM32 -> 0 | AN33: =AM33-AL33 -> 0 | AO33: =AN33-AN32 -> 0 | AP33: =(AN33/'Finance Only'!B36)*100 -> #DIV/0! | AQ33: =AR32 -> 0 | AS33: =AR33-AQ33 -> 0 | AT33: =AS33-AS32 -> 0 | AU33: =(AS33/'Finance Only'!B36)*100 -> #DIV/0! | AV33: =AW32 -> 0 | AX33: =AW33-AV33 -> 0 | AY33: =AX33-AX32 -> 0 | AZ33: =(AX33/'Finance Only'!B36)*100 -> #DIV/0! | BA33: =BB32 -> 0 | BC33: =BB33-BA33 -> 0 | BD33: =BC33-BC32 -> 0 | BE33: =(BC33/'Finance Only'!B36)*100 -> #DIV/0! | BF33: =BG32 -> 0 | BH33: =BG33-BF33 -> 0 | BI33: =BH33-BH32 -> 0 | BJ33: =(BH33/'Finance Only'!B36)*100 -> #DIV/0! | BK33: =BL32 -> 0 | BM33: =BL33-BK33 -> 0 | BN33: =BM33-BM32 -> 0 | BO33: =(BM33/'Finance Only'!B36)*100 -> #DIV/0! | BP33: =BQ32 -> 0 | BR33: =BQ33-BP33 -> 0 | BS33: =BR33-BR32 -> 0 | BT33: =(BR33/'Finance Only'!B36)*100 -> #DIV/0! | BU33: =BV32 -> 0 | BW33: =BV33-BU33 -> 0 | BX33: =BW33-BW32 -> 0 | BY33: =(BW33/'Finance Only'!B36)*100 -> #DIV/0! | BZ33: =CA32 -> 0 | CB33: =CA33-BZ33 -> 0 | CC33: =CB33-CB32 -> 0 | CD33: =(CB33/'Finance Only'!B36)*100 -> #DIV/0! | CE33: =CF32 -> 0 | CG33: =CF33-CE33 -> 0 | CH33: =CG33-CG32 -> 0 | CI33: =(CG33/'Finance Only'!B36)*100 -> #DIV/0! | CJ33: =CK32 -> 0 | CL33: =CK33-CJ33 -> 0 | CM33: =CL33-CL32 -> 0 | CN33: =(CL33/'Finance Only'!B36)*100 -> #DIV/0! | CO33: =CP32 -> 0 | CQ33: =CP33-CO33 -> 0 | CR33: =CQ33-CQ32 -> 0 | CS33: =(CQ33/'Finance Only'!B36)*100 -> #DIV/0! | CT33: =CU32 -> 0 | CV33: =CU33-CT33 -> 0 | CW33: =CV33-CV32 -> 0 | CX33: =(CV33/'Finance Only'!B36)*100 -> #DIV/0! | CY33: =CZ32 -> 0 | DA33: =CZ33-CY33 -> 0 | DB33: =DA33-DA32 -> 0 | DC33: =(DA33/'Finance Only'!B36)*100 -> #DIV/0! | DD33: =DE32 -> 0 | DF33: =DE33-DD33 -> 0 | DG33: =DF33-DF32 -> 0 | DH33: =(DF33/'Finance Only'!B36)*100 -> #DIV/0! | DI33: =DJ32 -> 0 | DK33: =DJ33-DI33 -> 0 | DL33: =DK33-DK32 -> 0 | DM33: =(DK33/'Finance Only'!B36)*100 -> #DIV/0! | DN33: =DO32 -> 0 | DP33: =DO33-DN33 -> 0 | DQ33: =DP33-DP32 -> 0 | DR33: =(DP33/'Finance Only'!B36)*100 -> #DIV/0! | DS33: =DT32 -> 0 | DU33: =DT33-DS33 -> 0 | DV33: =DU33-DU32 -> 0 | DW33: =(DU33/'Finance Only'!B36)*100 -> #DIV/0! | DX33: =DY32 -> 0 | DZ33: =DY33-DX33 -> 0 | EA33: =DZ33-DZ32 -> 0 | EB33: =(DZ33/'Finance Only'!B36)*100 -> #DIV/0! | EC33: =ED32 -> 0 | EE33: =ED33-EC33 -> 0 | EF33: =EE33-EE32 -> 0 | EG33: =(EE33/'Finance Only'!B36)*100 -> #DIV/0! | EH33: =EI32 -> 0 | EJ33: =EI33-EH33 -> 0 | EK33: =EJ33-EJ32 -> 0 | EL33: =(EJ33/'Finance Only'!B36)*100 -> #DIV/0! | EM33: =EN32 -> 0 | EO33: =EN33-EM33 -> 0 | EP33: =EO33-EO32 -> 0 | EQ33: =(EO33/'Finance Only'!B36)*100 -> #DIV/0! | ER33: =ES32 -> 0 | ET33: =ES33-ER33 -> 0 | EU33: =ET33-ET32 -> 0 | EV33: =(ET33/'Finance Only'!B36)*100 -> #DIV/0!
A34: 30 | B34: ='Finance Only'!G37 -> 0 | C34: =D33 -> 0 | E34: =D34-C34 -> 0 | F34: =E34-E33 -> 0 | G34: =(E34/'Finance Only'!B37)*100 -> #DIV/0! | H34: =I33 -> 0 | J34: =I34-H34 -> 0 | K34: =J34-J33 -> 0 | L34: =(J34/'Finance Only'!B37)*100 -> #DIV/0! | M34: =N33 -> 0 | O34: =N34-M34 -> 0 | P34: =O34-O33 -> 0 | Q34: =(O34/'Finance Only'!B37)*100 -> #DIV/0! | R34: =S33 -> 0 | T34: =S34-R34 -> 0 | U34: =T34-T33 -> 0 | V34: =(T34/'Finance Only'!B37)*100 -> #DIV/0! | W34: =X33 -> 0 | Y34: =X34-W34 -> 0 | Z34: =Y34-Y33 -> 0 | AA34: =(Y34/'Finance Only'!B37)*100 -> #DIV/0! | AB34: =AC33 -> 0 | AD34: =AC34-AB34 -> 0 | AE34: =AD34-AD33 -> 0 | AF34: =(AD34/'Finance Only'!B37)*100 -> #DIV/0! | AG34: =AH33 -> 0 | AI34: =AH34-AG34 -> 0 | AJ34: =AI34-AI33 -> 0 | AK34: =(AI34/'Finance Only'!B37)*100 -> #DIV/0! | AL34: =AM33 -> 0 | AN34: =AM34-AL34 -> 0 | AO34: =AN34-AN33 -> 0 | AP34: =(AN34/'Finance Only'!B37)*100 -> #DIV/0! | AQ34: =AR33 -> 0 | AS34: =AR34-AQ34 -> 0 | AT34: =AS34-AS33 -> 0 | AU34: =(AS34/'Finance Only'!B37)*100 -> #DIV/0! | AV34: =AW33 -> 0 | AX34: =AW34-AV34 -> 0 | AY34: =AX34-AX33 -> 0 | AZ34: =(AX34/'Finance Only'!B37)*100 -> #DIV/0! | BA34: =BB33 -> 0 | BC34: =BB34-BA34 -> 0 | BD34: =BC34-BC33 -> 0 | BE34: =(BC34/'Finance Only'!B37)*100 -> #DIV/0! | BF34: =BG33 -> 0 | BH34: =BG34-BF34 -> 0 | BI34: =BH34-BH33 -> 0 | BJ34: =(BH34/'Finance Only'!B37)*100 -> #DIV/0! | BK34: =BL33 -> 0 | BM34: =BL34-BK34 -> 0 | BN34: =BM34-BM33 -> 0 | BO34: =(BM34/'Finance Only'!B37)*100 -> #DIV/0! | BP34: =BQ33 -> 0 | BR34: =BQ34-BP34 -> 0 | BS34: =BR34-BR33 -> 0 | BT34: =(BR34/'Finance Only'!B37)*100 -> #DIV/0! | BU34: =BV33 -> 0 | BW34: =BV34-BU34 -> 0 | BX34: =BW34-BW33 -> 0 | BY34: =(BW34/'Finance Only'!B37)*100 -> #DIV/0! | BZ34: =CA33 -> 0 | CB34: =CA34-BZ34 -> 0 | CC34: =CB34-CB33 -> 0 | CD34: =(CB34/'Finance Only'!B37)*100 -> #DIV/0! | CE34: =CF33 -> 0 | CG34: =CF34-CE34 -> 0 | CH34: =CG34-CG33 -> 0 | CI34: =(CG34/'Finance Only'!B37)*100 -> #DIV/0! | CJ34: =CK33 -> 0 | CL34: =CK34-CJ34 -> 0 | CM34: =CL34-CL33 -> 0 | CN34: =(CL34/'Finance Only'!B37)*100 -> #DIV/0! | CO34: =CP33 -> 0 | CQ34: =CP34-CO34 -> 0 | CR34: =CQ34-CQ33 -> 0 | CS34: =(CQ34/'Finance Only'!B37)*100 -> #DIV/0! | CT34: =CU33 -> 0 | CV34: =CU34-CT34 -> 0 | CW34: =CV34-CV33 -> 0 | CX34: =(CV34/'Finance Only'!B37)*100 -> #DIV/0! | CY34: =CZ33 -> 0 | DA34: =CZ34-CY34 -> 0 | DB34: =DA34-DA33 -> 0 | DC34: =(DA34/'Finance Only'!B37)*100 -> #DIV/0! | DD34: =DE33 -> 0 | DF34: =DE34-DD34 -> 0 | DG34: =DF34-DF33 -> 0 | DH34: =(DF34/'Finance Only'!B37)*100 -> #DIV/0! | DI34: =DJ33 -> 0 | DK34: =DJ34-DI34 -> 0 | DL34: =DK34-DK33 -> 0 | DM34: =(DK34/'Finance Only'!B37)*100 -> #DIV/0! | DN34: =DO33 -> 0 | DP34: =DO34-DN34 -> 0 | DQ34: =DP34-DP33 -> 0 | DR34: =(DP34/'Finance Only'!B37)*100 -> #DIV/0! | DS34: =DT33 -> 0 | DU34: =DT34-DS34 -> 0 | DV34: =DU34-DU33 -> 0 | DW34: =(DU34/'Finance Only'!B37)*100 -> #DIV/0! | DX34: =DY33 -> 0 | DZ34: =DY34-DX34 -> 0 | EA34: =DZ34-DZ33 -> 0 | EB34: =(DZ34/'Finance Only'!B37)*100 -> #DIV/0! | EC34: =ED33 -> 0 | EE34: =ED34-EC34 -> 0 | EF34: =EE34-EE33 -> 0 | EG34: =(EE34/'Finance Only'!B37)*100 -> #DIV/0! | EH34: =EI33 -> 0 | EJ34: =EI34-EH34 -> 0 | EK34: =EJ34-EJ33 -> 0 | EL34: =(EJ34/'Finance Only'!B37)*100 -> #DIV/0! | EM34: =EN33 -> 0 | EO34: =EN34-EM34 -> 0 | EP34: =EO34-EO33 -> 0 | EQ34: =(EO34/'Finance Only'!B37)*100 -> #DIV/0! | ER34: =ES33 -> 0 | ET34: =ES34-ER34 -> 0 | EU34: =ET34-ET33 -> 0 | EV34: =(ET34/'Finance Only'!B37)*100 -> #DIV/0!
A35: 31 | B35: ='Finance Only'!G38 -> 0 | C35: =D34 -> 0 | E35: =D35-C35 -> 0 | F35: =E35-E34 -> 0 | G35: =(E35/'Finance Only'!B39)*100 -> 0 | H35: =I34 -> 0 | J35: =I35-H35 -> 0 | K35: =J35-J34 -> 0 | L35: =(J35/'Finance Only'!B39)*100 -> 0 | M35: =N34 -> 0 | O35: =N35-M35 -> 0 | P35: =O35-O34 -> 0 | Q35: =(O35/'Finance Only'!B39)*100 -> 0 | R35: =S34 -> 0 | T35: =S35-R35 -> 0 | U35: =T35-T34 -> 0 | V35: =(T35/'Finance Only'!B39)*100 -> 0 | W35: =X34 -> 0 | Y35: =X35-W35 -> 0 | Z35: =Y35-Y34 -> 0 | AA35: =(Y35/'Finance Only'!B39)*100 -> 0 | AB35: =AC34 -> 0 | AD35: =AC35-AB35 -> 0 | AE35: =AD35-AD34 -> 0 | AF35: =(AD35/'Finance Only'!B39)*100 -> 0 | AG35: =AH34 -> 0 | AI35: =AH35-AG35 -> 0 | AJ35: =AI35-AI34 -> 0 | AK35: =(AI35/'Finance Only'!B39)*100 -> 0 | AL35: =AM34 -> 0 | AN35: =AM35-AL35 -> 0 | AO35: =AN35-AN34 -> 0 | AP35: =(AN35/'Finance Only'!B39)*100 -> 0 | AQ35: =AR34 -> 0 | AS35: =AR35-AQ35 -> 0 | AT35: =AS35-AS34 -> 0 | AU35: =(AS35/'Finance Only'!B39)*100 -> 0 | AV35: =AW34 -> 0 | AX35: =AW35-AV35 -> 0 | AY35: =AX35-AX34 -> 0 | AZ35: =(AX35/'Finance Only'!B39)*100 -> 0 | BA35: =BB34 -> 0 | BC35: =BB35-BA35 -> 0 | BD35: =BC35-BC34 -> 0 | BE35: =(BC35/'Finance Only'!B39)*100 -> 0 | BF35: =BG34 -> 0 | BH35: =BG35-BF35 -> 0 | BI35: =BH35-BH34 -> 0 | BJ35: =(BH35/'Finance Only'!B39)*100 -> 0 | BK35: =BL34 -> 0 | BM35: =BL35-BK35 -> 0 | BN35: =BM35-BM34 -> 0 | BO35: =(BM35/'Finance Only'!B39)*100 -> 0 | BP35: =BQ34 -> 0 | BR35: =BQ35-BP35 -> 0 | BS35: =BR35-BR34 -> 0 | BT35: =(BR35/'Finance Only'!B39)*100 -> 0 | BU35: =BV34 -> 0 | BW35: =BV35-BU35 -> 0 | BX35: =BW35-BW34 -> 0 | BY35: =(BW35/'Finance Only'!B39)*100 -> 0 | BZ35: =CA34 -> 0 | CB35: =CA35-BZ35 -> 0 | CC35: =CB35-CB34 -> 0 | CD35: =(CB35/'Finance Only'!B39)*100 -> 0 | CE35: =CF34 -> 0 | CG35: =CF35-CE35 -> 0 | CH35: =CG35-CG34 -> 0 | CI35: =(CG35/'Finance Only'!B39)*100 -> 0 | CJ35: =CK34 -> 0 | CL35: =CK35-CJ35 -> 0 | CM35: =CL35-CL34 -> 0 | CN35: =(CL35/'Finance Only'!B39)*100 -> 0 | CO35: =CP34 -> 0 | CQ35: =CP35-CO35 -> 0 | CR35: =CQ35-CQ34 -> 0 | CS35: =(CQ35/'Finance Only'!B39)*100 -> 0 | CT35: =CU34 -> 0 | CV35: =CU35-CT35 -> 0 | CW35: =CV35-CV34 -> 0 | CX35: =(CV35/'Finance Only'!B39)*100 -> 0 | CY35: =CZ34 -> 0 | DA35: =CZ35-CY35 -> 0 | DB35: =DA35-DA34 -> 0 | DC35: =(DA35/'Finance Only'!B39)*100 -> 0 | DD35: =DE34 -> 0 | DF35: =DE35-DD35 -> 0 | DG35: =DF35-DF34 -> 0 | DH35: =(DF35/'Finance Only'!B39)*100 -> 0 | DI35: =DJ34 -> 0 | DK35: =DJ35-DI35 -> 0 | DL35: =DK35-DK34 -> 0 | DM35: =(DK35/'Finance Only'!B39)*100 -> 0 | DN35: =DO34 -> 0 | DP35: =DO35-DN35 -> 0 | DQ35: =DP35-DP34 -> 0 | DR35: =(DP35/'Finance Only'!B39)*100 -> 0 | DS35: =DT34 -> 0 | DU35: =DT35-DS35 -> 0 | DV35: =DU35-DU34 -> 0 | DW35: =(DU35/'Finance Only'!B39)*100 -> 0 | DX35: =DY34 -> 0 | DZ35: =DY35-DX35 -> 0 | EA35: =DZ35-DZ34 -> 0 | EB35: =(DZ35/'Finance Only'!B39)*100 -> 0 | EC35: =ED34 -> 0 | EE35: =ED35-EC35 -> 0 | EF35: =EE35-EE34 -> 0 | EG35: =(EE35/'Finance Only'!B39)*100 -> 0 | EH35: =EI34 -> 0 | EJ35: =EI35-EH35 -> 0 | EK35: =EJ35-EJ34 -> 0 | EL35: =(EJ35/'Finance Only'!B39)*100 -> 0 | EM35: =EN34 -> 0 | EO35: =EN35-EM35 -> 0 | EP35: =EO35-EO34 -> 0 | EQ35: =(EO35/'Finance Only'!B39)*100 -> 0 | ER35: =ES34 -> 0 | ET35: =ES35-ER35 -> 0 | EU35: =ET35-ET34 -> 0 | EV35: =(ET35/'Finance Only'!B39)*100 -> 0
A36: Total | E36: =SUM(E5:E34) -> -25725099 | J36: =SUM(J5:J34) -> -22880065 | O36: =SUM(O5:O34) -> -86299457 | T36: =SUM(T5:T34) -> -20899 | Y36: =SUM(Y5:Y34) -> -2829237 | AD36: =SUM(AD5:AD34) -> -17304 | AI36: =SUM(AI5:AI34) -> -771494 | AN36: =SUM(AN5:AN34) -> -79920 | AS36: =SUM(AS5:AS34) -> -18111 | AX36: =SUM(AX5:AX34) -> -520127 | BC36: =SUM(BC5:BC34) -> -68608 | BH36: =SUM(BH5:BH34) -> -78563 | BM36: =SUM(BM5:BM34) -> -12247 | BR36: =SUM(BR5:BR34) -> -69843 | BW36: =SUM(BW5:BW34) -> -38520 | CB36: =SUM(CB5:CB34) -> -53178 | CG36: =SUM(CG5:CG34) -> -15858 | CL36: =SUM(CL5:CL34) -> -36130 | CQ36: =SUM(CQ5:CQ34) -> -28858 | CV36: =SUM(CV5:CV34) -> -25486 | DA36: =SUM(DA5:DA34) -> -42103 | DF36: =SUM(DF5:DF34) -> -31530 | DK36: =SUM(DK5:DK34) -> -29237 | DP36: =SUM(DP5:DP34) -> -19542 | DU36: =SUM(DU5:DU34) -> -52606 | DZ36: =SUM(DZ5:DZ34) -> -36398 | EE36: =SUM(EE5:EE34) -> -11211 | EJ36: =SUM(EJ5:EJ34) -> -98396 | EO36: =SUM(EO5:EO34) -> -19790 | ET36: =SUM(ET5:ET34) -> -39170

Sheet WATER
A1: RO Plant Water Production Reading | Z1: Water Consumption by locations
A3: Month | C3: 44378 | Z3: Date: | AD3: 44360
A4: R/O Plant A | F4: R/O Plant B | K4: R/O Plant C | P4: R/O Plant D | U4: Total Production | Z4: Laundry | AD4: Staff Block - E0 | AG4: Staff Block - E1 | AJ4: Staff Block - E2 | AM4: Staff Block - E3 | AP4: Staff Block - E4 | AS4: Staff Block - E5 | AV4: Management Block | AY4: PC Block | BB4: GM Bungalow | BE4: Boat Dock | BH4: Supply Jetty | BK4: Main Kitchen | BN4: Day Facility | BQ4: Reception | BT4: Main Pool | BW4: Dive Center | BZ4: Albarakthu | CC4: Blu Resturant | CF4: Main Jetty | CI4: Landaa Estate
A5: DAY | B5: YESTARDAY | C5: TODAY | D5: Production (M3) | F5: DAY | G5: YESTARDAY | H5: TODAY | I5: Production (M3) | K5: DAY | L5: YESTARDAY | M5: TODAY | N5: Production (M3) | P5: DAY | Q5: YESTARDAY | R5: TODAY | S5: Production (M3) | U5: Day | V5: Water | W5: Occ% | X5: ADR $ | Z5: DAY | AA5: Yesterday | AB5: Today | AC5: Usage | AD5: Yesterday | AE5: Today | AF5: Usage | AG5: Yesterday | AH5: Today | AI5: Usage | AJ5: Yesterday | AK5: Today | AL5: Usage | AM5: Yesterday | AN5: Today | AO5: Usage | AP5: Yesterday | AQ5: Today | AR5: Usage | AS5: Yesterday | AT5: Today | AU5: Usage | AV5: Yesterday | AW5: Today | AX5: Usage | AY5: Yesterday | AZ5: Today | BA5: Usage | BB5: Yesterday | BC5: Today | BD5: Usage | BE5: Yesterday | BF5: Today | BG5: Usage | BH5: Yesterday | BI5: Today | BJ5: Usage | BK5: Yesterday | BL5: Today | BM5: Usage | BN5: Yesterday | BO5: Today | BP5: Usage | BQ5: Yesterday | BR5: Today | BS5: Usage | BT5: Yesterday | BU5: Today | BV5: Usage | BW5: Yesterday | BX5: Today | BY5: Usage | BZ5: Yesterday | CA5: Today | CB5: Usage | CC5: Yesterday | CD5: Today | CE5: Usage | CF5: Yesterday | CG5: Today | CH5: Usage | CI5: Yesterday | CJ5: Today | CK5: Usage
A6: 1 | B6: 10958 | C6: 11032 | D6: 34 | F6: 1 | G6: 5867 | H6: 5974 | I6: =H6-G6 -> 107 | K6: 1 | L6: 746070 | M6: 746204 | N6: =M6-L6 -> 134 | P6: 1 | Q6: 206112 | R6: 206112 | S6: =R6-Q6 -> 0 | U6: 1 | V6: =SUM(S6+N6+I6+D6) -> 275 | W6: ='Maldives at LG Daily'!I5 -> 18.4 | Z6: 1 | AA6: 36972 | AB6: 36997 | AC6: =AB6-AA6 -> 25 | AD6: 7876 | AE6: 7885 | AF6: =AE6-AD6 -> 9 | AG6: 5645 | AH6: 5674 | AI6: =AH6-AG6 -> 29 | AJ6: 13833 | AK6: 13902 | AL6: =AK6-AJ6 -> 69 | AM6: 31888 | AN6: 31853 | AO6: =AN6-AM6 -> -35 | AP6: 6004 | AQ6: 6018 | AR6: =AQ6-AP6 -> 14 | AS6: 21868 | AT6: 21910 | AU6: =AT6-AS6 -> 42 | AV6: 6004 | AW6: 6023 | AX6: =AW6-AV6 -> 19 | AY6: 3340 | AZ6: 3344 | BA6: =AZ6-AY6 -> 4 | BB6: 1522 | BC6: 1522 | BD6: =BC6-BB6 -> 0 | BE6: 26579 | BF6: 26589 | BG6: =BF6-BE6 -> 10 | BH6: 2400 | BI6: 2393 | BJ6: =BI6-BH6 -> -7 | BK6: 71292 | BL6: 71344 | BM6: =BL6-BK6 -> 52 | BN6: 23187 | BO6: 23192 | BP6: =BO6-BN6 -> 5 | BQ6: 12379 | BR6: 12381 | BS6: =BR6-BQ6 -> 2 | BT6: 17036 | BU6: 17033 | BV6: =BU6-BT6 -> -3 | BW6: 19432 | BX6: 19439 | BY6: =BX6-BW6 -> 7 | BZ6: 8370 | CA6: 8374 | CB6: =CA6-BZ6 -> 4 | CC6: 18000 | CD6: 17974 | CE6: =CD6-CC6 -> -26 | CF6: 1798 | CG6: 1802 | CH6: =CG6-CF6 -> 4 | CI6: 9561 | CJ6: 9564 | CK6: =CJ6-CI6 -> 3
A7: 2 | B7: =C6 -> 11032 | C7: 11032 | D7: =C7-B7 -> 0 | F7: 2 | G7: =H6 -> 5974 | H7: 6094 | I7: =H7-G7 -> 120 | K7: 2 | L7: =M6 -> 746204 | M7: 746320 | N7: =M7-L7 -> 116 | P7: 2 | Q7: =R6 -> 206112 | R7: 206192 | S7: =R7-Q7 -> 80 | U7: 2 | V7: =SUM(S7+N7+I7+D7) -> 316 | W7: ='Maldives at LG Daily'!I6 -> 12.7 | Z7: 2 | AA7: =AB6 -> 36997 | AB7: 37018 | AC7: =AB7-AA7 -> 21 | AD7: =AE6 -> 7885 | AE7: 7891 | AF7: =AE7-AD7 -> 6 | AG7: =AH6 -> 5674 | AH7: 5683 | AI7: =AH7-AG7 -> 9 | AJ7: =AK6 -> 13902 | AK7: 13914 | AL7: =AK7-AJ7 -> 12 | AM7: =AN6 -> 31853 | AN7: 31860 | AO7: =AN7-AM7 -> 7 | AP7: =AQ6 -> 6018 | AQ7: 6024 | AR7: =AQ7-AP7 -> 6 | AS7: =AT6 -> 21910 | AT7: 21919 | AU7: =AT7-AS7 -> 9 | AV7: =AW6 -> 6023 | AW7: 6031 | AX7: =AW7-AV7 -> 8 | AY7: =AZ6 -> 3344 | AZ7: 3345 | BA7: =AZ7-AY7 -> 1 | BB7: =BC6 -> 1522 | BC7: 1522 | BD7: =BC7-BB7 -> 0 | BE7: =BF6 -> 26589 | BF7: 26591 | BG7: =BF7-BE7 -> 2 | BH7: =BI6 -> 2393 | BI7: 2395 | BJ7: =BI7-BH7 -> 2 | BK7: =BL6 -> 71344 | BL7: 71368 | BM7: =BL7-BK7 -> 24 | BN7: =BO6 -> 23192 | BO7: 23195 | BP7: =BO7-BN7 -> 3 | BQ7: =BR6 -> 12381 | BR7: 12382 | BS7: =BR7-BQ7 -> 1 | BT7: =BU6 -> 17033 | BU7: 17035 | BV7: =BU7-BT7 -> 2 | BW7: =BX6 -> 19439 | BX7: 19442 | BY7: =BX7-BW7 -> 3 | BZ7: =CA6 -> 8374 | CA7: 8376 | CB7: =CA7-BZ7 -> 2 | CC7: =CD6 -> 17974 | CD7: 17984 | CE7: =CD7-CC7 -> 10 | CF7: =CG6 -> 1802 | CG7: 1803 | CH7: =CG7-CF7 -> 1 | CI7: =CJ6 -> 9564 | CJ7: 9565 | CK7: =CJ7-CI7 -> 1
A8: 3 | B8: =C7 -> 11032 | C8: 11125 | D8: =C8-B8 -> 93 | F8: 3 | G8: =H7 -> 6094 | H8: 6212 | I8: =H8-G8 -> 118 | K8: 3 | L8: =M7 -> 746320 | M8: 746439 | N8: =M8-L8 -> 119 | P8: 3 | Q8: =R7 -> 206192 | R8: 206192 | S8: =R8-Q8 -> 0 | U8: 3 | V8: =SUM(S8+N8+I8+D8) -> 330 | W8: ='Maldives at LG Daily'!I7 -> 12.6 | Z8: 3 | AA8: =AB7 -> 37018 | AB8: 37040 | AC8: =AB8-AA8 -> 22 | AD8: =AE7 -> 7891 | AE8: 7897 | AF8: =AE8-AD8 -> 6 | AG8: =AH7 -> 5683 | AH8: 5690 | AI8: =AH8-AG8 -> 7 | AJ8: =AK7 -> 13914 | AK8: 13926 | AL8: =AK8-AJ8 -> 12 | AM8: =AN7 -> 31860 | AN8: 31867 | AO8: =AN8-AM8 -> 7 | AP8: =AQ7 -> 6024 | AQ8: 6030 | AR8: =AQ8-AP8 -> 6 | AS8: =AT7 -> 21919 | AT8: 21928 | AU8: =AT8-AS8 -> 9 | AV8: =AW7 -> 6031 | AW8: 6040 | AX8: =AW8-AV8 -> 9 | AY8: =AZ7 -> 3345 | AZ8: 3346 | BA8: =AZ8-AY8 -> 1 | BB8: =BC7 -> 1522 | BC8: 1522 | BD8: =BC8-BB8 -> 0 | BE8: =BF7 -> 26591 | BF8: 26594 | BG8: =BF8-BE8 -> 3 | BH8: =BI7 -> 2395 | BI8: 2398 | BJ8: =BI8-BH8 -> 3 | BK8: =BL7 -> 71368 | BL8: 71392 | BM8: =BL8-BK8 -> 24 | BN8: =BO7 -> 23195 | BO8: =23195+3 -> 23198 | BP8: =BO8-BN8 -> 3 | BQ8: =BR7 -> 12382 | BR8: 12383 | BS8: =BR8-BQ8 -> 1 | BT8: =BU7 -> 17035 | BU8: 17038 | BV8: =BU8-BT8 -> 3 | BW8: =BX7 -> 19442 | BX8: 19445 | BY8: =BX8-BW8 -> 3 | BZ8: =CA7 -> 8376 | CA8: 8379 | CB8: =CA8-BZ8 -> 3 | CC8: =CD7 -> 17984 | CD8: 17995 | CE8: =CD8-CC8 -> 11 | CF8: =CG7 -> 1803 | CG8: 1806 | CH8: =CG8-CF8 -> 3 | CI8: =CJ7 -> 9565 | CJ8: 9566 | CK8: =CJ8-CI8 -> 1
A9: 4 | B9: =C8 -> 11125 | C9: 11202 | D9: =C9-B9 -> 77 | F9: 4 | G9: =H8 -> 6212 | H9: 6242 | I9: =H9-G9 -> 30 | K9: 4 | L9: =M8 -> 746439 | M9: 746577 | N9: =M9-L9 -> 138 | P9: 4 | Q9: =R8 -> 206192 | R9: 206273 | S9: =R9-Q9 -> 81 | U9: 4 | V9: =SUM(S9+N9+I9+D9) -> 326 | W9: ='Maldives at LG Daily'!I8 -> 15.5 | Z9: 4 | AA9: =AB8 -> 37040 | AB9: 37043 | AC9: =AB9-AA9 -> 3 | AD9: =AE8 -> 7897 | AE9: 7900 | AF9: =AE9-AD9 -> 3 | AG9: =AH8 -> 5690 | AH9: 5690 | AI9: =AH9-AG9 -> 0 | AJ9: =AK8 -> 13926 | AK9: 13934 | AL9: =AK9-AJ9 -> 8 | AM9: =AN8 -> 31867 | AN9: 31871 | AO9: =AN9-AM9 -> 4 | AP9: =AQ8 -> 6030 | AQ9: 6035 | AR9: =AQ9-AP9 -> 5 | AS9: =AT8 -> 21928 | AT9: 21940 | AU9: =AT9-AS9 -> 12 | AV9: =AW8 -> 6040 | AW9: 6048 | AX9: =AW9-AV9 -> 8 | AY9: =AZ8 -> 3346 | AZ9: 3348 | BA9: =AZ9-AY9 -> 2 | BB9: =BC8 -> 1522 | BC9: 1523 | BD9: =BC9-BB9 -> 1 | BE9: =BF8 -> 26594 | BF9: 26596 | BG9: =BF9-BE9 -> 2 | BH9: =BI8 -> 2398 | BI9: 2398 | BJ9: =BI9-BH9 -> 0 | BK9: =BL8 -> 71392 | BL9: 71414 | BM9: =BL9-BK9 -> 22 | BN9: =BO8 -> 23198 | BO9: 23201 | BP9: =BO9-BN9 -> 3 | BQ9: =BR8 -> 12383 | BR9: 12385 | BS9: =BR9-BQ9 -> 2 | BT9: =BU8 -> 17038 | BU9: 17051 | BV9: =BU9-BT9 -> 13 | BW9: =BX8 -> 19445 | BX9: 19446 | BY9: =BX9-BW9 -> 1 | BZ9: =CA8 -> 8379 | CA9: 8379 | CB9: =CA9-BZ9 -> 0 | CC9: =CD8 -> 17995 | CD9: 17995 | CE9: =CD9-CC9 -> 0 | CF9: =CG8 -> 1806 | CG9: 1807 | CH9: =CG9-CF9 -> 1 | CI9: =CJ8 -> 9566 | CJ9: 9566 | CK9: =CJ9-CI9 -> 0
A10: 5 | B10: =C9 -> 11202 | C10: 11226 | D10: =C10-B10 -> 24 | F10: 5 | G10: =H9 -> 6242 | H10: 6335 | I10: =H10-G10 -> 93 | K10: 5 | L10: =M9 -> 746577 | M10: 746718 | N10: =M10-L10 -> 141 | P10: 5 | Q10: =R9 -> 206273 | R10: 206321 | S10: =R10-Q10 -> 48 | U10: 5 | V10: =SUM(S10+N10+I10+D10) -> 306 | W10: ='Maldives at LG Daily'!I9 -> 13.6 | Z10: 5 | AA10: =AB9 -> 37043 | AB10: 37060 | AC10: =AB10-AA10 -> 17 | AD10: =AE9 -> 7900 | AE10: 7905 | AF10: =AE10-AD10 -> 5 | AG10: =AH9 -> 5690 | AH10: 5704 | AI10: =AH10-AG10 -> 14 | AJ10: =AK9 -> 13934 | AK10: 13945 | AL10: =AK10-AJ10 -> 11 | AM10: =AN9 -> 31871 | AN10: 31877 | AO10: =AN10-AM10 -> 6 | AP10: =AQ9 -> 6035 | AQ10: 6042 | AR10: =AQ10-AP10 -> 7 | AS10: =AT9 -> 21940 | AT10: 21951 | AU10: =AT10-AS10 -> 11 | AV10: =AW9 -> 6048 | AW10: 6057 | AX10: =AW10-AV10 -> 9 | AY10: =AZ9 -> 3348 | AZ10: 3351 | BA10: =AZ10-AY10 -> 3 | BB10: =BC9 -> 1523 | BC10: 1524 | BD10: =BC10-BB10 -> 1 | BE10: =BF9 -> 26596 | BF10: 26597 | BG10: =BF10-BE10 -> 1 | BH10: =BI9 -> 2398 | BI10: 2400 | BJ10: =BI10-BH10 -> 2 | BK10: =BL9 -> 71414 | BL10: 71440 | BM10: =BL10-BK10 -> 26 | BN10: =BO9 -> 23201 | BO10: 23202 | BP10: =BO10-BN10 -> 1 | BQ10: =BR9 -> 12385 | BR10: 12385 | BS10: =BR10-BQ10 -> 0 | BT10: =BU9 -> 17051 | BU10: 17056 | BV10: =BU10-BT10 -> 5 | BW10: =BX9 -> 19446 | BX10: 19449 | BY10: =BX10-BW10 -> 3 | BZ10: =CA9 -> 8379 | CA10: 8381 | CB10: =CA10-BZ10 -> 2 | CC10: =CD9 -> 17995 | CD10: 18028 | CE10: =CD10-CC10 -> 33 | CF10: =CG9 -> 1807 | CG10: 1808 | CH10: =CG10-CF10 -> 1 | CI10: =CJ9 -> 9566 | CJ10: 9567 | CK10: =CJ10-CI10 -> 1
A11: 6 | B11: =C10 -> 11226 | C11: 11325 | D11: =C11-B11 -> 99 | F11: 6 | G11: =H10 -> 6335 | H11: 6416 | I11: =H11-G11 -> 81 | K11: 6 | L11: =M10 -> 746718 | M11: 746883 | N11: =M11-L11 -> 165 | P11: 6 | Q11: =R10 -> 206321 | R11: 206351 | S11: =R11-Q11 -> 30 | U11: 6 | V11: =SUM(S11+N11+I11+D11) -> 375 | W11: ='Maldives at LG Daily'!I10 -> 15.5 | Z11: 6 | AA11: =AB10 -> 37060 | AB11: 37075 | AC11: =AB11-AA11 -> 15 | AD11: =AE10 -> 7905 | AE11: 7910 | AF11: =AE11-AD11 -> 5 | AG11: =AH10 -> 5704 | AH11: 5711 | AI11: =AH11-AG11 -> 7 | AJ11: =AK10 -> 13945 | AK11: 13955 | AL11: =AK11-AJ11 -> 10 | AM11: =AN10 -> 31877 | AN11: 31882 | AO11: =AN11-AM11 -> 5 | AP11: =AQ10 -> 6042 | AQ11: 6048 | AR11: =AQ11-AP11 -> 6 | AS11: =AT10 -> 21951 | AT11: 21961 | AU11: =AT11-AS11 -> 10 | AV11: =AW10 -> 6057 | AW11: 6067 | AX11: =AW11-AV11 -> 10 | AY11: =AZ10 -> 3351 | AZ11: 3353 | BA11: =AZ11-AY11 -> 2 | BB11: =BC10 -> 1524 | BC11: 1524 | BD11: =BC11-BB11 -> 0 | BE11: =BF10 -> 26597 | BF11: 26601 | BG11: =BF11-BE11 -> 4 | BH11: =BI10 -> 2400 | BI11: 2403 | BJ11: =BI11-BH11 -> 3 | BK11: =BL10 -> 71440 | BL11: 71462 | BM11: =BL11-BK11 -> 22 | BN11: =BO10 -> 23202 | BO11: 23203 | BP11: =BO11-BN11 -> 1 | BQ11: =BR10 -> 12385 | BR11: 12386 | BS11: =BR11-BQ11 -> 1 | BT11: =BU10 -> 17056 | BU11: 17061 | BV11: =BU11-BT11 -> 5 | BW11: =BX10 -> 19449 | BX11: 19451 | BY11: =BX11-BW11 -> 2 | BZ11: =CA10 -> 8381 | CA11: 8383 | CB11: =CA11-BZ11 -> 2 | CC11: =CD10 -> 18028 | CD11: 18042 | CE11: =CD11-CC11 -> 14 | CF11: =CG10 -> 1808 | CG11: 1810 | CH11: =CG11-CF11 -> 2 | CI11: =CJ10 -> 9567 | CJ11: 9568 | CK11: =CJ11-CI11 -> 1
A12: 7 | B12: =C11 -> 11325 | C12: 11368 | D12: =C12-B12 -> 43 | F12: 7 | G12: =H11 -> 6416 | H12: 6487 | I12: =H12-G12 -> 71 | K12: 7 | L12: =M11 -> 746883 | M12: 747060 | N12: =M12-L12 -> 177 | P12: 7 | Q12: =R11 -> 206351 | R12: 206440 | S12: =R12-Q12 -> 89 | U12: 7 | V12: =SUM(S12+N12+I12+D12) -> 380 | W12: ='Maldives at LG Daily'!I11 -> 17.5 | Z12: 7 | AA12: =AB11 -> 37075 | AB12: 37089 | AC12: =AB12-AA12 -> 14 | AD12: =AE11 -> 7910 | AE12: 7914 | AF12: =AE12-AD12 -> 4 | AG12: =AH11 -> 5711 | AH12: 5718 | AI12: =AH12-AG12 -> 7 | AJ12: =AK11 -> 13955 | AK12: 13965 | AL12: =AK12-AJ12 -> 10 | AM12: =AN11 -> 31882 | AN12: 31888 | AO12: =AN12-AM12 -> 6 | AP12: =AQ11 -> 6048 | AQ12: 6055 | AR12: =AQ12-AP12 -> 7 | AS12: =AT11 -> 21961 | AT12: 21971 | AU12: =AT12-AS12 -> 10 | AV12: =AW11 -> 6067 | AW12: 6076 | AX12: =AW12-AV12 -> 9 | AY12: =AZ11 -> 3353 | AZ12: 3353 | BA12: =AZ12-AY12 -> 0 | BB12: 1516 | BC12: 1524 | BD12: =BC12-BB12 -> 8 | BE12: =BF11 -> 26601 | BF12: 26603 | BG12: =BF12-BE12 -> 2 | BH12: =BI11 -> 2403 | BI12: 2404 | BJ12: =BI12-BH12 -> 1 | BK12: =BL11 -> 71462 | BL12: 71462 | BM12: =BL12-BK12 -> 0 | BN12: =BO11 -> 23203 | BO12: 23205 | BP12: =BO12-BN12 -> 2 | BQ12: =BR11 -> 12386 | BR12: 12387 | BS12: =BR12-BQ12 -> 1 | BT12: =BU11 -> 17061 | BU12: 17074 | BV12: =BU12-BT12 -> 13 | BW12: =BX11 -> 19451 | BX12: 19455 | BY12: =BX12-BW12 -> 4 | BZ12: =CA11 -> 8383 | CA12: 8385 | CB12: =CA12-BZ12 -> 2 | CC12: =CD11 -> 18042 | CD12: 18059 | CE12: =CD12-CC12 -> 17 | CF12: =CG11 -> 1810 | CG12: 1812 | CH12: =CG12-CF12 -> 2 | CI12: =CJ11 -> 9568 | CJ12: 9569 | CK12: =CJ12-CI12 -> 1
A13: 8 | B13: =C12 -> 11368 | C13: 11438 | D13: =C13-B13 -> 70 | F13: 8 | G13: =H12 -> 6487 | H13: 6526 | I13: =H13-G13 -> 39 | K13: 8 | L13: =M12 -> 747060 | M13: 747200 | N13: =M13-L13 -> 140 | P13: 8 | Q13: =R12 -> 206440 | R13: 206474 | S13: =R13-Q13 -> 34 | U13: 8 | V13: =SUM(S13+N13+I13+D13) -> 283 | W13: ='Maldives at LG Daily'!I12 -> 16.5 | Z13: 8 | AA13: =AB12 -> 37089 | AB13: 37104 | AC13: =AB13-AA13 -> 15 | AD13: =AE12 -> 7914 | AE13: 7919 | AF13: =AE13-AD13 -> 5 | AG13: =AH12 -> 5718 | AH13: 5725 | AI13: =AH13-AG13 -> 7 | AJ13: =AK12 -> 13965 | AK13: 13976 | AL13: =AK13-AJ13 -> 11 | AM13: =AN12 -> 31888 | AN13: 31895 | AO13: =AN13-AM13 -> 7 | AP13: =AQ12 -> 6055 | AQ13: 6061 | AR13: =AQ13-AP13 -> 6 | AS13: =AT12 -> 21971 | AT13: 21981 | AU13: =AT13-AS13 -> 10 | AV13: =AW12 -> 6076 | AW13: 6084 | AX13: =AW13-AV13 -> 8 | AY13: =AZ12 -> 3353 | AZ13: 3356 | BA13: =AZ13-AY13 -> 3 | BB13: =BC12 -> 1524 | BC13: 1525 | BD13: =BC13-BB13 -> 1 | BE13: =BF12 -> 26603 | BF13: 26605 | BG13: =BF13-BE13 -> 2 | BH13: =BI12 -> 2404 | BI13: 2406 | BJ13: =BI13-BH13 -> 2 | BK13: =BL12 -> 71462 | BL13: 71505 | BM13: =BL13-BK13 -> 43 | BN13: =BO12 -> 23205 | BO13: 23207 | BP13: =BO13-BN13 -> 2 | BQ13: =BR12 -> 12387 | BR13: 12388 | BS13: =BR13-BQ13 -> 1 | BT13: =BU12 -> 17074 | BU13: 17077 | BV13: =BU13-BT13 -> 3 | BW13: =BX12 -> 19455 | BX13: 19458 | BY13: =BX13-BW13 -> 3 | BZ13: =CA12 -> 8385 | CA13: 8388 | CB13: =CA13-BZ13 -> 3 | CC13: =CD12 -> 18059 | CD13: 18059 | CE13: =CD13-CC13 -> 0 | CF13: =CG12 -> 1812 | CG13: 1814 | CH13: =CG13-CF13 -> 2 | CI13: =CJ12 -> 9569 | CJ13: 9570 | CK13: =CJ13-CI13 -> 1
A14: 9 | B14: =C13 -> 11438 | C14: 11454 | D14: =C14-B14 -> 16 | F14: 9 | G14: =H13 -> 6526 | H14: 6616 | I14: =H14-G14 -> 90 | K14: 9 | L14: =M13 -> 747200 | M14: 747340 | N14: =M14-L14 -> 140 | P14: 9 | Q14: =R13 -> 206474 | R14: 206546 | S14: =R14-Q14 -> 72 | U14: 9 | V14: =SUM(S14+N14+I14+D14) -> 318 | W14: ='Maldives at LG Daily'!I13 -> 16.5 | Z14: 9 | AA14: =AB13 -> 37104 | AB14: 37119 | AC14: =AB14-AA14 -> 15 | AD14: =AE13 -> 7919 | AE14: 7924 | AF14: =AE14-AD14 -> 5 | AG14: =AH13 -> 5725 | AH14: 5732 | AI14: =AH14-AG14 -> 7 | AJ14: =AK13 -> 13976 | AK14: 13987 | AL14: =AK14-AJ14 -> 11 | AM14: =AN13 -> 31895 | AN14: 31901 | AO14: =AN14-AM14 -> 6 | AP14: =AQ13 -> 6061 | AQ14: 6067 | AR14: =AQ14-AP14 -> 6 | AS14: =AT13 -> 21981 | AT14: 21981 | AU14: =AT14-AS14 -> 0 | AV14: =AW13 -> 6084 | AW14: 6084 | AX14: =AW14-AV14 -> 0 | AY14: =AZ13 -> 3356 | AZ14: 3356 | BA14: =AZ14-AY14 -> 0 | BB14: =BC13 -> 1525 | BC14: 1525 | BD14: =BC14-BB14 -> 0 | BE14: =BF13 -> 26605 | BF14: 26607 | BG14: =BF14-BE14 -> 2 | BH14: =BI13 -> 2406 | BI14: 2408 | BJ14: =BI14-BH14 -> 2 | BK14: =BL13 -> 71505 | BL14: 71525 | BM14: =BL14-BK14 -> 20 | BN14: =BO13 -> 23207 | BO14: 23208 | BP14: =BO14-BN14 -> 1 | BQ14: =BR13 -> 12388 | BR14: 12388 | BS14: =BR14-BQ14 -> 0 | BT14: =BU13 -> 17077 | BU14: 17084 | BV14: =BU14-BT14 -> 7 | BW14: =BX13 -> 19458 | BX14: 19460 | BY14: =BX14-BW14 -> 2 | BZ14: =CA13 -> 8388 | CA14: 8391 | CB14: =CA14-BZ14 -> 3 | CC14: =CD13 -> 18059 | CD14: 18059 | CE14: =CD14-CC14 -> 0 | CF14: =CG13 -> 1814 | CG14: 1815 | CH14: =CG14-CF14 -> 1 | CI14: =CJ13 -> 9570 | CJ14: 9590 | CK14: =CJ14-CI14 -> 20
A15: 10 | B15: =C14 -> 11454 | C15: 11470 | D15: =C15-B15 -> 16 | F15: 10 | G15: =H14 -> 6616 | H15: 6670 | I15: =H15-G15 -> 54 | K15: 10 | L15: =M14 -> 747340 | M15: 747560 | N15: =M15-L15 -> 220 | P15: 10 | Q15: =R14 -> 206546 | R15: 206632 | S15: =R15-Q15 -> 86 | U15: 10 | V15: =SUM(S15+N15+I15+D15) -> 376 | W15: ='Maldives at LG Daily'!I14 -> 13.6 | Z15: 10 | AA15: =AB14 -> 37119 | AB15: 37133 | AC15: =AB15-AA15 -> 14 | AD15: =AE14 -> 7924 | AE15: 7929 | AF15: =AE15-AD15 -> 5 | AG15: =AH14 -> 5732 | AH15: 5739 | AI15: =AH15-AG15 -> 7 | AJ15: =AK14 -> 13987 | AK15: 13997 | AL15: =AK15-AJ15 -> 10 | AM15: =AN14 -> 31901 | AN15: 31907 | AO15: =AN15-AM15 -> 6 | AP15: =AQ14 -> 6067 | AQ15: 6074 | AR15: =AQ15-AP15 -> 7 | AS15: =AT14 -> 21981 | AT15: 21981 | AU15: =AT15-AS15 -> 0 | AV15: =AW14 -> 6084 | AW15: 6102 | AX15: =AW15-AV15 -> 18 | AY15: =AZ14 -> 3356 | AZ15: 3356 | BA15: =AZ15-AY15 -> 0 | BB15: =BC14 -> 1525 | BC15: 1525 | BD15: =BC15-BB15 -> 0 | BE15: =BF14 -> 26607 | BF15: 26607 | BG15: =BF15-BE15 -> 0 | BH15: =BI14 -> 2408 | BI15: 2409 | BJ15: =BI15-BH15 -> 1 | BK15: =BL14 -> 71525 | BL15: 71545 | BM15: =BL15-BK15 -> 20 | BN15: =BO14 -> 23208 | BO15: 23209 | BP15: =BO15-BN15 -> 1 | BQ15: =BR14 -> 12388 | BR15: 12389 | BS15: =BR15-BQ15 -> 1 | BT15: =BU14 -> 17084 | BU15: 17089 | BV15: =BU15-BT15 -> 5 | BW15: =BX14 -> 19460 | BX15: 19461 | BY15: =BX15-BW15 -> 1 | BZ15: =CA14 -> 8391 | CA15: 8391 | CB15: =CA15-BZ15 -> 0 | CC15: =CD14 -> 18059 | CD15: 18120 | CE15: =CD15-CC15 -> 61 | CF15: =CG14 -> 1815 | CG15: 1818 | CH15: =CG15-CF15 -> 3 | CI15: =CJ14 -> 9590 | CJ15: 9600 | CK15: =CJ15-CI15 -> 10
A16: 11 | B16: =C15 -> 11470 | C16: 11520 | D16: =C16-B16 -> 50 | F16: 11 | G16: =H15 -> 6670 | H16: 6772 | I16: =H16-G16 -> 102 | K16: 11 | L16: =M15 -> 747560 | M16: 747678 | N16: =M16-L16 -> 118 | P16: 11 | Q16: =R15 -> 206632 | R16: 206648 | S16: =R16-Q16 -> 16 | U16: 11 | V16: =SUM(S16+N16+I16+D16) -> 286 | W16: ='Maldives at LG Daily'!I15 -> 11.7 | Z16: 11 | AA16: =AB15 -> 37133 | AB16: 37150 | AC16: =AB16-AA16 -> 17 | AD16: =AE15 -> 7929 | AE16: 7934 | AF16: =AE16-AD16 -> 5 | AG16: =AH15 -> 5739 | AH16: 5746 | AI16: =AH16-AG16 -> 7 | AJ16: =AK15 -> 13997 | AK16: 14009 | AL16: =AK16-AJ16 -> 12 | AM16: =AN15 -> 31907 | AN16: 31915 | AO16: =AN16-AM16 -> 8 | AP16: =AQ15 -> 6074 | AQ16: 6080 | AR16: =AQ16-AP16 -> 6 | AS16: =AT15 -> 21981 | AT16: 21981 | AU16: =AT16-AS16 -> 0 | AV16: =AW15 -> 6102 | AW16: 6111 | AX16: =AW16-AV16 -> 9 | AY16: =AZ15 -> 3356 | AZ16: 3361 | BA16: =AZ16-AY16 -> 5 | BB16: =BC15 -> 1525 | BC16: 1525 | BD16: =BC16-BB16 -> 0 | BE16: =BF15 -> 26607 | BF16: 26608 | BG16: =BF16-BE16 -> 1 | BH16: =BI15 -> 2409 | BI16: 2409 | BJ16: =BI16-BH16 -> 0 | BK16: =BL15 -> 71545 | BL16: 71566 | BM16: =BL16-BK16 -> 21 | BN16: =BO15 -> 23209 | BO16: 23211 | BP16: =BO16-BN16 -> 2 | BQ16: =BR15 -> 12389 | BR16: 12390 | BS16: =BR16-BQ16 -> 1 | BT16: =BU15 -> 17089 | BU16: 17097 | BV16: =BU16-BT16 -> 8 | BW16: =BX15 -> 19461 | BX16: 19464 | BY16: =BX16-BW16 -> 3 | BZ16: =CA15 -> 8391 | CA16: 8393 | CB16: =CA16-BZ16 -> 2 | CC16: =CD15 -> 18120 | CD16: 18120 | CE16: =CD16-CC16 -> 0 | CF16: =CG15 -> 1818 | CG16: 1822 | CH16: =CG16-CF16 -> 4 | CI16: =CJ15 -> 9600 | CJ16: 9600 | CK16: =CJ16-CI16 -> 0
A17: 12 | B17: =C16 -> 11520 | C17: 11542 | D17: =C17-B17 -> 22 | F17: 12 | G17: =H16 -> 6772 | H17: 6851 | I17: =H17-G17 -> 79 | K17: 12 | L17: =M16 -> 747678 | M17: 747836 | N17: =M17-L17 -> 158 | P17: 12 | Q17: =R16 -> 206648 | R17: 206689 | S17: =R17-Q17 -> 41 | U17: 12 | V17: =SUM(S17+N17+I17+D17) -> 300 | W17: ='Maldives at LG Daily'!I16 -> 11.7 | Z17: 12 | AA17: =AB16 -> 37150 | AB17: 37167 | AC17: =AB17-AA17 -> 17 | AD17: =AE16 -> 7934 | AE17: 7939 | AF17: =AE17-AD17 -> 5 | AG17: =AH16 -> 5746 | AH17: 5753 | AI17: =AH17-AG17 -> 7 | AJ17: =AK16 -> 14009 | AK17: 14021 | AL17: =AK17-AJ17 -> 12 | AM17: =AN16 -> 31915 | AN17: 31923 | AO17: =AN17-AM17 -> 8 | AP17: =AQ16 -> 6080 | AQ17: 6086 | AR17: =AQ17-AP17 -> 6 | AS17: =AT16 -> 21981 | AT17: 21981 | AU17: =AT17-AS17 -> 0 | AV17: =AW16 -> 6111 | AW17: 6120 | AX17: =AW17-AV17 -> 9 | AY17: =AZ16 -> 3361 | AZ17: 3363 | BA17: =AZ17-AY17 -> 2 | BB17: =BC16 -> 1525 | BC17: 1525 | BD17: =BC17-BB17 -> 0 | BE17: =BF16 -> 26608 | BF17: 26609 | BG17: =BF17-BE17 -> 1 | BH17: =BI16 -> 2409 | BI17: 2409 | BJ17: =BI17-BH17 -> 0 | BK17: =BL16 -> 71566 | BL17: 71587 | BM17: =BL17-BK17 -> 21 | BN17: =BO16 -> 23211 | BO17: 23213 | BP17: =BO17-BN17 -> 2 | BQ17: =BR16 -> 12390 | BR17: 12391 | BS17: =BR17-BQ17 -> 1 | BT17: =BU16 -> 17097 | BU17: 17104 | BV17: =BU17-BT17 -> 7 | BW17: =BX16 -> 19464 | BX17: 19467 | BY17: =BX17-BW17 -> 3 | BZ17: =CA16 -> 8393 | CA17: 8395 | CB17: =CA17-BZ17 -> 2 | CC17: =CD16 -> 18120 | CD17: 18120 | CE17: =CD17-CC17 -> 0 | CF17: =CG16 -> 1822 | CG17: 1824 | CH17: =CG17-CF17 -> 2 | CI17: =CJ16 -> 9600 | CJ17: 9600 | CK17: =CJ17-CI17 -> 0
A18: 13 | B18: =C17 -> 11542 | C18: 11628 | D18: =C18-B18 -> 86 | F18: 13 | G18: =H17 -> 6851 | H18: 6913 | I18: =H18-G18 -> 62 | K18: 13 | L18: =M17 -> 747836 | M18: 748007 | N18: =M18-L18 -> 171 | P18: 13 | Q18: =R17 -> 206689 | R18: 206689 | S18: =R18-Q18 -> 0 | U18: 13 | V18: =SUM(S18+N18+I18+D18) -> 319 | W18: ='Maldives at LG Daily'!I17 -> 12.6 | Z18: 13 | AA18: =AB17 -> 37167 | AB18: 37182 | AC18: =AB18-AA18 -> 15 | AD18: =AE17 -> 7939 | AE18: 7945 | AF18: =AE18-AD18 -> 6 | AG18: =AH17 -> 5753 | AH18: 5760 | AI18: =AH18-AG18 -> 7 | AJ18: =AK17 -> 14021 | AK18: 14030 | AL18: =AK18-AJ18 -> 9 | AM18: =AN17 -> 31923 | AN18: 31928 | AO18: =AN18-AM18 -> 5 | AP18: =AQ17 -> 6086 | AQ18: 6093 | AR18: =AQ18-AP18 -> 7 | AS18: =AT17 -> 21981 | AT18: 21981 | AU18: =AT18-AS18 -> 0 | AV18: =AW17 -> 6120 | AW18: 6128 | AX18: =AW18-AV18 -> 8 | AY18: =AZ17 -> 3363 | AZ18: 3365 | BA18: =AZ18-AY18 -> 2 | BB18: =BC17 -> 1525 | BC18: 1525 | BD18: =BC18-BB18 -> 0 | BE18: =BF17 -> 26609 | BF18: 26611 | BG18: =BF18-BE18 -> 2 | BH18: =BI17 -> 2409 | BI18: 2414 | BJ18: =BI18-BH18 -> 5 | BK18: =BL17 -> 71587 | BL18: 71602 | BM18: =BL18-BK18 -> 15 | BN18: =BO17 -> 23213 | BO18: 23213 | BP18: =BO18-BN18 -> 0 | BQ18: =BR17 -> 12391 | BR18: 12391 | BS18: =BR18-BQ18 -> 0 | BT18: =BU17 -> 17104 | BU18: 17104 | BV18: =BU18-BT18 -> 0 | BW18: =BX17 -> 19467 | BX18: 19468 | BY18: =BX18-BW18 -> 1 | BZ18: =CA17 -> 8395 | CA18: 8398 | CB18: =CA18-BZ18 -> 3 | CC18: =CD17 -> 18120 | CD18: 18170 | CE18: =CD18-CC18 -> 50 | CF18: =CG17 -> 1824 | CG18: 1826 | CH18: =CG18-CF18 -> 2 | CI18: =CJ17 -> 9600 | CJ18: 9601 | CK18: =CJ18-CI18 -> 1
A19: 14 | B19: =C18 -> 11628 | C19: 11628 | D19: =C19-B19 -> 0 | F19: 14 | G19: =H18 -> 6913 | H19: 6990 | I19: =H19-G19 -> 77 | K19: 14 | L19: =M18 -> 748007 | M19: 748155 | N19: =M19-L19 -> 148 | P19: 14 | Q19: =R18 -> 206689 | R19: 206762 | S19: =R19-Q19 -> 73 | U19: 14 | V19: =SUM(S19+N19+I19+D19) -> 298 | W19: ='Maldives at LG Daily'!I18 -> 13.6 | Z19: 14 | AA19: =AB18 -> 37182 | AB19: 37197 | AC19: =AB19-AA19 -> 15 | AD19: =AE18 -> 7945 | AE19: 7950 | AF19: =AE19-AD19 -> 5 | AG19: =AH18 -> 5760 | AH19: 5764 | AI19: =AH19-AG19 -> 4 | AJ19: =AK18 -> 14030 | AK19: 14041 | AL19: =AK19-AJ19 -> 11 | AM19: =AN18 -> 31928 | AN19: 31935 | AO19: =AN19-AM19 -> 7 | AP19: =AQ18 -> 6093 | AQ19: 6098 | AR19: =AQ19-AP19 -> 5 | AS19: =AT18 -> 21981 | AT19: 21981 | AU19: =AT19-AS19 -> 0 | AV19: =AW18 -> 6128 | AW19: 6136 | AX19: =AW19-AV19 -> 8 | AY19: =AZ18 -> 3365 | AZ19: 3366 | BA19: =AZ19-AY19 -> 1 | BB19: =BC18 -> 1525 | BC19: 1525 | BD19: =BC19-BB19 -> 0 | BE19: =BF18 -> 26611 | BF19: 26613 | BG19: =BF19-BE19 -> 2 | BH19: =BI18 -> 2414 | BI19: 2415 | BJ19: =BI19-BH19 -> 1 | BK19: =BL18 -> 71602 | BL19: 71627 | BM19: =BL19-BK19 -> 25 | BN19: =BO18 -> 23213 | BO19: 23214 | BP19: =BO19-BN19 -> 1 | BQ19: =BR18 -> 12391 | BR19: 12392 | BS19: =BR19-BQ19 -> 1 | BT19: =BU18 -> 17104 | BU19: 17111 | BV19: =BU19-BT19 -> 7 | BW19: =BX18 -> 19468 | BX19: 19469 | BY19: =BX19-BW19 -> 1 | BZ19: =CA18 -> 8398 | CA19: 8399 | CB19: =CA19-BZ19 -> 1 | CC19: =CD18 -> 18170 | CD19: 18170 | CE19: =CD19-CC19 -> 0 | CF19: =CG18 -> 1826 | CG19: 1830 | CH19: =CG19-CF19 -> 4 | CI19: =CJ18 -> 9601 | CJ19: 9601 | CK19: =CJ19-CI19 -> 0
A20: 15 | B20: =C19 -> 11628 | C20: 11719 | D20: =C20-B20 -> 91 | F20: 15 | G20: =H19 -> 6990 | H20: 7085 | I20: =H20-G20 -> 95 | K20: 15 | L20: =M19 -> 748155 | M20: 748327 | N20: =M20-L20 -> 172 | P20: 15 | Q20: =R19 -> 206762 | R20: 206762 | S20: =R20-Q20 -> 0 | U20: 15 | V20: =SUM(S20+N20+I20+D20) -> 358 | W20: ='Maldives at LG Daily'!I19 -> 16.5 | Z20: 15 | AA20: =AB19 -> 37197 | AB20: 37216 | AC20: =AB20-AA20 -> 19 | AD20: =AE19 -> 7950 | AE20: 7957 | AF20: =AE20-AD20 -> 7 | AG20: =AH19 -> 5764 | AH20: 5776 | AI20: =AH20-AG20 -> 12 | AJ20: =AK19 -> 14041 | AK20: 14053 | AL20: =AK20-AJ20 -> 12 | AM20: =AN19 -> 31935 | AN20: 31943 | AO20: =AN20-AM20 -> 8 | AP20: =AQ19 -> 6098 | AQ20: 6105 | AR20: =AQ20-AP20 -> 7 | AS20: =AT19 -> 21981 | AT20: 22054 | AU20: =AT20-AS20 -> 73 | AV20: =AW19 -> 6136 | AW20: 6145 | AX20: =AW20-AV20 -> 9 | AY20: =AZ19 -> 3366 | AZ20: 3368 | BA20: =AZ20-AY20 -> 2 | BB20: =BC19 -> 1525 | BC20: 1526 | BD20: =BC20-BB20 -> 1 | BE20: =BF19 -> 26613 | BF20: 26615 | BG20: =BF20-BE20 -> 2 | BH20: =BI19 -> 2415 | BI20: 2417 | BJ20: =BI20-BH20 -> 2 | BK20: =BL19 -> 71627 | BL20: 71648 | BM20: =BL20-BK20 -> 21 | BN20: =BO19 -> 23214 | BO20: 23217 | BP20: =BO20-BN20 -> 3 | BQ20: =BR19 -> 12392 | BR20: 12397 | BS20: =BR20-BQ20 -> 5 | BT20: =BU19 -> 17111 | BU20: 17115 | BV20: =BU20-BT20 -> 4 | BW20: =BX19 -> 19469 | BX20: 19475 | BY20: =BX20-BW20 -> 6 | BZ20: =CA19 -> 8399 | CA20: 8401 | CB20: =CA20-BZ20 -> 2 | CC20: =CD19 -> 18170 | CD20: 18197 | CE20: =CD20-CC20 -> 27 | CF20: =CG19 -> 1830 | CG20: 1830 | CH20: =CG20-CF20 -> 0 | CI20: =CJ19 -> 9601 | CJ20: 9602 | CK20: =CJ20-CI20 -> 1
A21: 16 | B21: =C20 -> 11719 | C21: 11719 | D21: =C21-B21 -> 0 | F21: 16 | G21: =H20 -> 7085 | H21: 7158 | I21: =H21-G21 -> 73 | K21: 16 | L21: =M20 -> 748327 | M21: 748492 | N21: =M21-L21 -> 165 | P21: 16 | Q21: =R20 -> 206762 | R21: 206861 | S21: =R21-Q21 -> 99 | U21: 16 | V21: =SUM(S21+N21+I21+D21) -> 337 | W21: ='Maldives at LG Daily'!I20 -> 21 | Z21: 16 | AA21: =AB20 -> 37216 | AB21: 37229 | AC21: =AB21-AA21 -> 13 | AD21: =AE20 -> 7957 | AE21: 7962 | AF21: =AE21-AD21 -> 5 | AG21: =AH20 -> 5776 | AH21: 5781 | AI21: =AH21-AG21 -> 5 | AJ21: =AK20 -> 14053 | AK21: 14063 | AL21: =AK21-AJ21 -> 10 | AM21: =AN20 -> 31943 | AN21: 31949 | AO21: =AN21-AM21 -> 6 | AP21: =AQ20 -> 6105 | AQ21: 6111 | AR21: =AQ21-AP21 -> 6 | AS21: =AT20 -> 22054 | AT21: 22064 | AU21: =AT21-AS21 -> 10 | AV21: =AW20 -> 6145 | AW21: 6153 | AX21: =AW21-AV21 -> 8 | AY21: =AZ20 -> 3368 | AZ21: 3369 | BA21: =AZ21-AY21 -> 1 | BB21: =BC20 -> 1526 | BC21: 1526 | BD21: =BC21-BB21 -> 0 | BE21: =BF20 -> 26615 | BF21: 26618 | BG21: =BF21-BE21 -> 3 | BH21: =BI20 -> 2417 | BI21: 2419 | BJ21: =BI21-BH21 -> 2 | BK21: =BL20 -> 71648 | BL21: 71667 | BM21: =BL21-BK21 -> 19 | BN21: =BO20 -> 23217 | BO21: 23222 | BP21: =BO21-BN21 -> 5 | BQ21: =BR20 -> 12397 | BR21: 12397 | BS21: =BR21-BQ21 -> 0 | BT21: =BU20 -> 17115 | BU21: 17118 | BV21: =BU21-BT21 -> 3 | BW21: =BX20 -> 19475 | BX21: 19475 | BY21: =BX21-BW21 -> 0 | BZ21: =CA20 -> 8401 | CA21: 8404 | CB21: =CA21-BZ21 -> 3 | CC21: =CD20 -> 18197 | CD21: 18207 | CE21: =CD21-CC21 -> 10 | CF21: =CG20 -> 1830 | CG21: 1833 | CH21: =CG21-CF21 -> 3 | CI21: =CJ20 -> 9602 | CJ21: 9604 | CK21: =CJ21-CI21 -> 2
A22: 17 | B22: =C21 -> 11719 | C22: 11768 | D22: =C22-B22 -> 49 | F22: 17 | G22: =H21 -> 7158 | H22: 7299 | I22: =H22-G22 -> 141 | K22: 17 | L22: =M21 -> 748492 | M22: 748574 | N22: =M22-L22 -> 82 | P22: 17 | Q22: =R21 -> 206861 | R22: 206925 | S22: =R22-Q22 -> 64 | U22: 17 | V22: =SUM(S22+N22+I22+D22) -> 336 | W22: ='Maldives at LG Daily'!I21 -> 0 | Z22: 17 | AA22: =AB21 -> 37229 | AB22: 37249 | AC22: =AB22-AA22 -> 20 | AD22: =AE21 -> 7962 | AE22: 7968 | AF22: =AE22-AD22 -> 6 | AG22: =AH21 -> 5781 | AH22: 5789 | AI22: =AH22-AG22 -> 8 | AJ22: =AK21 -> 14063 | AK22: 14075 | AL22: =AK22-AJ22 -> 12 | AM22: =AN21 -> 31949 | AN22: 31956 | AO22: =AN22-AM22 -> 7 | AP22: =AQ21 -> 6111 | AQ22: 6117 | AR22: =AQ22-AP22 -> 6 | AS22: =AT21 -> 22064 | AT22: 22076 | AU22: =AT22-AS22 -> 12 | AV22: =AW21 -> 6153 | AW22: 6161 | AX22: =AW22-AV22 -> 8 | AY22: =AZ21 -> 3369 | AZ22: 3370 | BA22: =AZ22-AY22 -> 1 | BB22: =BC21 -> 1526 | BC22: 1527 | BD22: =BC22-BB22 -> 1 | BE22: =BF21 -> 26618 | BF22: 26618 | BG22: =BF22-BE22 -> 0 | BH22: =BI21 -> 2419 | BI22: 2420 | BJ22: =BI22-BH22 -> 1 | BK22: =BL21 -> 71667 | BL22: 71689 | BM22: =BL22-BK22 -> 22 | BN22: =BO21 -> 23222 | BO22: 23224 | BP22: =BO22-BN22 -> 2 | BQ22: =BR21 -> 12397 | BR22: 12398 | BS22: =BR22-BQ22 -> 1 | BT22: =BU21 -> 17118 | BU22: 17125 | BV22: =BU22-BT22 -> 7 | BW22: =BX21 -> 19475 | BX22: 19480 | BY22: =BX22-BW22 -> 5 | BZ22: =CA21 -> 8404 | CA22: 8404 | CB22: =CA22-BZ22 -> 0 | CC22: =CD21 -> 18207 | CD22: 18207 | CE22: =CD22-CC22 -> 0 | CF22: =CG21 -> 1833 | CG22: 1834 | CH22: =CG22-CF22 -> 1 | CI22: =CJ21 -> 9604 | CJ22: 9605 | CK22: =CJ22-CI22 -> 1
A23: 18 | B23: =C22 -> 11768 | C23: 11821 | D23: =C23-B23 -> 53 | F23: 18 | G23: =H22 -> 7299 | H23: 7425 | I23: =H23-G23 -> 126 | K23: 18 | L23: =M22 -> 748574 | M23: 748631 | N23: =M23-L23 -> 57 | P23: 18 | Q23: =R22 -> 206925 | R23: 206999 | S23: =R23-Q23 -> 74 | U23: 18 | V23: =SUM(S23+N23+I23+D23) -> 310 | W23: ='Maldives at LG Daily'!I22 -> 0 | Z23: 18 | AA23: =AB22 -> 37249 | AC23: =AB23-AA23 -> -37249 | AD23: =AE22 -> 7968 | AF23: =AE23-AD23 -> -7968 | AG23: =AH22 -> 5789 | AI23: =AH23-AG23 -> -5789 | AJ23: =AK22 -> 14075 | AL23: =AK23-AJ23 -> -14075 | AM23: =AN22 -> 31956 | AO23: =AN23-AM23 -> -31956 | AP23: =AQ22 -> 6117 | AR23: =AQ23-AP23 -> -6117 | AS23: =AT22 -> 22076 | AU23: =AT23-AS23 -> -22076 | AV23: =AW22 -> 6161 | AX23: =AW23-AV23 -> -6161 | AY23: =AZ22 -> 3370 | BA23: =AZ23-AY23 -> -3370 | BB23: =BC22 -> 1527 | BD23: =BC23-BB23 -> -1527 | BE23: =BF22 -> 26618 | BG23: =BF23-BE23 -> -26618 | BH23: =BI22 -> 2420 | BJ23: =BI23-BH23 -> -2420 | BK23: =BL22 -> 71689 | BM23: =BL23-BK23 -> -71689 | BN23: =BO22 -> 23224 | BP23: =BO23-BN23 -> -23224 | BQ23: =BR22 -> 12398 | BS23: =BR23-BQ23 -> -12398 | BT23: =BU22 -> 17125 | BV23: =BU23-BT23 -> -17125 | BW23: =BX22 -> 19480 | BY23: =BX23-BW23 -> -19480 | BZ23: =CA22 -> 8404 | CB23: =CA23-BZ23 -> -8404 | CC23: =CD22 -> 18207 | CE23: =CD23-CC23 -> -18207 | CF23: =CG22 -> 1834 | CH23: =CG23-CF23 -> -1834 | CI23: =CJ22 -> 9605 | CK23: =CJ23-CI23 -> -9605
A24: 19 | B24: =C23 -> 11821 | D24: =C24-B24 -> -11821 | F24: 19 | G24: =H23 -> 7425 | I24: =H24-G24 -> -7425 | K24: 19 | L24: =M23 -> 748631 | N24: =M24-L24 -> -748631 | P24: 19 | Q24: =R23 -> 206999 | S24: =R24-Q24 -> -206999 | U24: 19 | V24: =SUM(S24+N24+I24+D24) -> -974876 | W24: ='Maldives at LG Daily'!I23 -> 0 | Z24: 19 | AA24: =AB23 -> 0 | AC24: =AB24-AA24 -> 0 | AD24: =AE23 -> 0 | AF24: =AE24-AD24 -> 0 | AG24: =AH23 -> 0 | AI24: =AH24-AG24 -> 0 | AJ24: =AK23 -> 0 | AL24: =AK24-AJ24 -> 0 | AM24: =AN23 -> 0 | AO24: =AN24-AM24 -> 0 | AP24: =AQ23 -> 0 | AR24: =AQ24-AP24 -> 0 | AS24: =AT23 -> 0 | AU24: =AT24-AS24 -> 0 | AV24: =AW23 -> 0 | AX24: =AW24-AV24 -> 0 | AY24: =AZ23 -> 0 | BA24: =AZ24-AY24 -> 0 | BB24: =BC23 -> 0 | BD24: =BC24-BB24 -> 0 | BE24: =BF23 -> 0 | BG24: =BF24-BE24 -> 0 | BH24: =BI23 -> 0 | BJ24: =BI24-BH24 -> 0 | BK24: =BL23 -> 0 | BM24: =BL24-BK24 -> 0 | BN24: =BO23 -> 0 | BP24: =BO24-BN24 -> 0 | BQ24: =BR23 -> 0 | BS24: =BR24-BQ24 -> 0 | BT24: =BU23 -> 0 | BV24: =BU24-BT24 -> 0 | BW24: =BX23 -> 0 | BY24: =BX24-BW24 -> 0 | BZ24: =CA23 -> 0 | CB24: =CA24-BZ24 -> 0 | CC24: =CD23 -> 0 | CE24: =CD24-CC24 -> 0 | CF24: =CG23 -> 0 | CH24: =CG24-CF24 -> 0 | CI24: =CJ23 -> 0 | CK24: =CJ24-CI24 -> 0
A25: 20 | B25: =C24 -> 0 | D25: =C25-B25 -> 0 | F25: 20 | G25: =H24 -> 0 | I25: =H25-G25 -> 0 | K25: 20 | L25: =M24 -> 0 | N25: =M25-L25 -> 0 | P25: 20 | Q25: =R24 -> 0 | S25: =R25-Q25 -> 0 | U25: 20 | V25: =SUM(S25+N25+I25+D25) -> 0 | W25: ='Maldives at LG Daily'!I24 -> 0 | Z25: 20 | AA25: =AB24 -> 0 | AC25: =AB25-AA25 -> 0 | AD25: =AE24 -> 0 | AF25: =AE25-AD25 -> 0 | AG25: =AH24 -> 0 | AI25: =AH25-AG25 -> 0 | AJ25: =AK24 -> 0 | AL25: =AK25-AJ25 -> 0 | AM25: =AN24 -> 0 | AO25: =AN25-AM25 -> 0 | AP25: =AQ24 -> 0 | AR25: =AQ25-AP25 -> 0 | AS25: =AT24 -> 0 | AU25: =AT25-AS25 -> 0 | AV25: =AW24 -> 0 | AX25: =AW25-AV25 -> 0 | AY25: =AZ24 -> 0 | BA25: =AZ25-AY25 -> 0 | BB25: =BC24 -> 0 | BD25: =BC25-BB25 -> 0 | BE25: =BF24 -> 0 | BG25: =BF25-BE25 -> 0 | BH25: =BI24 -> 0 | BJ25: =BI25-BH25 -> 0 | BK25: =BL24 -> 0 | BM25: =BL25-BK25 -> 0 | BN25: =BO24 -> 0 | BP25: =BO25-BN25 -> 0 | BQ25: =BR24 -> 0 | BS25: =BR25-BQ25 -> 0 | BT25: =BU24 -> 0 | BV25: =BU25-BT25 -> 0 | BW25: =BX24 -> 0 | BY25: =BX25-BW25 -> 0 | BZ25: =CA24 -> 0 | CB25: =CA25-BZ25 -> 0 | CC25: =CD24 -> 0 | CE25: =CD25-CC25 -> 0 | CF25: =CG24 -> 0 | CH25: =CG25-CF25 -> 0 | CI25: =CJ24 -> 0 | CK25: =CJ25-CI25 -> 0
A26: 21 | B26: =C25 -> 0 | D26: =C26-B26 -> 0 | F26: 21 | G26: =H25 -> 0 | I26: =H26-G26 -> 0 | K26: 21 | L26: =M25 -> 0 | N26: =M26-L26 -> 0 | P26: 21 | Q26: =R25 -> 0 | S26: =R26-Q26 -> 0 | U26: 21 | V26: =SUM(S26+N26+I26+D26) -> 0 | W26: ='Maldives at LG Daily'!I25 -> 0 | Z26: 21 | AA26: =AB25 -> 0 | AC26: =AB26-AA26 -> 0 | AD26: =AE25 -> 0 | AF26: =AE26-AD26 -> 0 | AG26: =AH25 -> 0 | AI26: =AH26-AG26 -> 0 | AJ26: =AK25 -> 0 | AL26: =AK26-AJ26 -> 0 | AM26: =AN25 -> 0 | AO26: =AN26-AM26 -> 0 | AP26: =AQ25 -> 0 | AR26: =AQ26-AP26 -> 0 | AS26: =AT25 -> 0 | AU26: =AT26-AS26 -> 0 | AV26: =AW25 -> 0 | AX26: =AW26-AV26 -> 0 | AY26: =AZ25 -> 0 | BA26: =AZ26-AY26 -> 0 | BB26: =BC25 -> 0 | BD26: =BC26-BB26 -> 0 | BE26: =BF25 -> 0 | BG26: =BF26-BE26 -> 0 | BH26: =BI25 -> 0 | BJ26: =BI26-BH26 -> 0 | BK26: =BL25 -> 0 | BM26: =BL26-BK26 -> 0 | BN26: =BO25 -> 0 | BP26: =BO26-BN26 -> 0 | BQ26: =BR25 -> 0 | BS26: =BR26-BQ26 -> 0 | BT26: =BU25 -> 0 | BV26: =BU26-BT26 -> 0 | BW26: =BX25 -> 0 | BY26: =BX26-BW26 -> 0 | BZ26: =CA25 -> 0 | CB26: =CA26-BZ26 -> 0 | CC26: =CD25 -> 0 | CE26: =CD26-CC26 -> 0 | CF26: =CG25 -> 0 | CH26: =CG26-CF26 -> 0 | CI26: =CJ25 -> 0 | CK26: =CJ26-CI26 -> 0
A27: 22 | B27: =C26 -> 0 | D27: =C27-B27 -> 0 | F27: 22 | G27: =H26 -> 0 | I27: =H27-G27 -> 0 | K27: 22 | L27: =M26 -> 0 | N27: =M27-L27 -> 0 | P27: 22 | Q27: =R26 -> 0 | S27: =R27-Q27 -> 0 | U27: 22 | V27: =SUM(S27+N27+I27+D27) -> 0 | W27: ='Maldives at LG Daily'!I26 -> 0 | Z27: 22 | AA27: =AB26 -> 0 | AC27: =AB27-AA27 -> 0 | AD27: =AE26 -> 0 | AF27: =AE27-AD27 -> 0 | AG27: =AH26 -> 0 | AI27: =AH27-AG27 -> 0 | AJ27: =AK26 -> 0 | AL27: =AK27-AJ27 -> 0 | AM27: =AN26 -> 0 | AO27: =AN27-AM27 -> 0 | AP27: =AQ26 -> 0 | AR27: =AQ27-AP27 -> 0 | AS27: =AT26 -> 0 | AU27: =AT27-AS27 -> 0 | AV27: =AW26 -> 0 | AX27: =AW27-AV27 -> 0 | AY27: =AZ26 -> 0 | BA27: =AZ27-AY27 -> 0 | BB27: =BC26 -> 0 | BD27: =BC27-BB27 -> 0 | BE27: =BF26 -> 0 | BG27: =BF27-BE27 -> 0 | BH27: =BI26 -> 0 | BJ27: =BI27-BH27 -> 0 | BK27: =BL26 -> 0 | BM27: =BL27-BK27 -> 0 | BN27: =BO26 -> 0 | BP27: =BO27-BN27 -> 0 | BQ27: =BR26 -> 0 | BS27: =BR27-BQ27 -> 0 | BT27: =BU26 -> 0 | BV27: =BU27-BT27 -> 0 | BW27: =BX26 -> 0 | BY27: =BX27-BW27 -> 0 | BZ27: =CA26 -> 0 | CB27: =CA27-BZ27 -> 0 | CC27: =CD26 -> 0 | CE27: =CD27-CC27 -> 0 | CF27: =CG26 -> 0 | CH27: =CG27-CF27 -> 0 | CI27: =CJ26 -> 0 | CK27: =CJ27-CI27 -> 0
A28: 23 | B28: =C27 -> 0 | D28: =C28-B28 -> 0 | F28: 23 | G28: =H27 -> 0 | I28: =H28-G28 -> 0 | K28: 23 | L28: =M27 -> 0 | N28: =M28-L28 -> 0 | P28: 23 | Q28: =R27 -> 0 | S28: =R28-Q28 -> 0 | U28: 23 | V28: =SUM(S28+N28+I28+D28) -> 0 | W28: ='Maldives at LG Daily'!I27 -> 0 | Z28: 23 | AA28: =AB27 -> 0 | AC28: =AB28-AA28 -> 0 | AD28: =AE27 -> 0 | AF28: =AE28-AD28 -> 0 | AG28: =AH27 -> 0 | AI28: =AH28-AG28 -> 0 | AJ28: =AK27 -> 0 | AL28: =AK28-AJ28 -> 0 | AM28: =AN27 -> 0 | AO28: =AN28-AM28 -> 0 | AP28: =AQ27 -> 0 | AR28: =AQ28-AP28 -> 0 | AS28: =AT27 -> 0 | AU28: =AT28-AS28 -> 0 | AV28: =AW27 -> 0 | AX28: =AW28-AV28 -> 0 | AY28: =AZ27 -> 0 | BA28: =AZ28-AY28 -> 0 | BB28: =BC27 -> 0 | BD28: =BC28-BB28 -> 0 | BE28: =BF27 -> 0 | BG28: =BF28-BE28 -> 0 | BH28: =BI27 -> 0 | BJ28: =BI28-BH28 -> 0 | BK28: =BL27 -> 0 | BM28: =BL28-BK28 -> 0 | BN28: =BO27 -> 0 | BP28: =BO28-BN28 -> 0 | BQ28: =BR27 -> 0 | BS28: =BR28-BQ28 -> 0 | BT28: =BU27 -> 0 | BV28: =BU28-BT28 -> 0 | BW28: =BX27 -> 0 | BY28: =BX28-BW28 -> 0 | BZ28: =CA27 -> 0 | CB28: =CA28-BZ28 -> 0 | CC28: =CD27 -> 0 | CE28: =CD28-CC28 -> 0 | CF28: =CG27 -> 0 | CH28: =CG28-CF28 -> 0 | CI28: =CJ27 -> 0 | CK28: =CJ28-CI28 -> 0
A29: 24 | B29: =C28 -> 0 | D29: =C29-B29 -> 0 | F29: 24 | G29: =H28 -> 0 | I29: =H29-G29 -> 0 | K29: 24 | L29: =M28 -> 0 | N29: =M29-L29 -> 0 | P29: 24 | Q29: =R28 -> 0 | S29: =R29-Q29 -> 0 | U29: 24 | V29: =SUM(S29+N29+I29+D29) -> 0 | W29: ='Maldives at LG Daily'!I28 -> 0 | Z29: 24 | AA29: =AB28 -> 0 | AC29: =AB29-AA29 -> 0 | AD29: =AE28 -> 0 | AF29: =AE29-AD29 -> 0 | AG29: =AH28 -> 0 | AI29: =AH29-AG29 -> 0 | AJ29: =AK28 -> 0 | AL29: =AK29-AJ29 -> 0 | AM29: =AN28 -> 0 | AO29: =AN29-AM29 -> 0 | AP29: =AQ28 -> 0 | AR29: =AQ29-AP29 -> 0 | AS29: =AT28 -> 0 | AU29: =AT29-AS29 -> 0 | AV29: =AW28 -> 0 | AX29: =AW29-AV29 -> 0 | AY29: =AZ28 -> 0 | BA29: =AZ29-AY29 -> 0 | BB29: =BC28 -> 0 | BD29: =BC29-BB29 -> 0 | BE29: =BF28 -> 0 | BG29: =BF29-BE29 -> 0 | BH29: =BI28 -> 0 | BJ29: =BI29-BH29 -> 0 | BK29: =BL28 -> 0 | BM29: =BL29-BK29 -> 0 | BN29: =BO28 -> 0 | BP29: =BO29-BN29 -> 0 | BQ29: =BR28 -> 0 | BS29: =BR29-BQ29 -> 0 | BT29: =BU28 -> 0 | BV29: =BU29-BT29 -> 0 | BW29: =BX28 -> 0 | BY29: =BX29-BW29 -> 0 | BZ29: =CA28 -> 0 | CB29: =CA29-BZ29 -> 0 | CC29: =CD28 -> 0 | CE29: =CD29-CC29 -> 0 | CF29: =CG28 -> 0 | CH29: =CG29-CF29 -> 0 | CI29: =CJ28 -> 0 | CK29: =CJ29-CI29 -> 0
A30: 25 | B30: =C29 -> 0 | D30: =C30-B30 -> 0 | F30: 25 | G30: =H29 -> 0 | I30: =H30-G30 -> 0 | K30: 25 | L30: =M29 -> 0 | N30: =M30-L30 -> 0 | P30: 25 | Q30: =R29 -> 0 | S30: =R30-Q30 -> 0 | U30: 25 | V30: =SUM(S30+N30+I30+D30) -> 0 | W30: ='Maldives at LG Daily'!I29 -> 0 | Z30: 25 | AA30: =AB29 -> 0 | AC30: =AB30-AA30 -> 0 | AD30: =AE29 -> 0 | AF30: =AE30-AD30 -> 0 | AG30: =AH29 -> 0 | AI30: =AH30-AG30 -> 0 | AJ30: =AK29 -> 0 | AL30: =AK30-AJ30 -> 0 | AM30: =AN29 -> 0 | AO30: =AN30-AM30 -> 0 | AP30: =AQ29 -> 0 | AR30: =AQ30-AP30 -> 0 | AS30: =AT29 -> 0 | AU30: =AT30-AS30 -> 0 | AV30: =AW29 -> 0 | AX30: =AW30-AV30 -> 0 | AY30: =AZ29 -> 0 | BA30: =AZ30-AY30 -> 0 | BB30: =BC29 -> 0 | BD30: =BC30-BB30 -> 0 | BE30: =BF29 -> 0 | BG30: =BF30-BE30 -> 0 | BH30: =BI29 -> 0 | BJ30: =BI30-BH30 -> 0 | BK30: =BL29 -> 0 | BM30: =BL30-BK30 -> 0 | BN30: =BO29 -> 0 | BP30: =BO30-BN30 -> 0 | BQ30: =BR29 -> 0 | BS30: =BR30-BQ30 -> 0 | BT30: =BU29 -> 0 | BV30: =BU30-BT30 -> 0 | BW30: =BX29 -> 0 | BY30: =BX30-BW30 -> 0 | BZ30: =CA29 -> 0 | CB30: =CA30-BZ30 -> 0 | CC30: =CD29 -> 0 | CE30: =CD30-CC30 -> 0 | CF30: =CG29 -> 0 | CH30: =CG30-CF30 -> 0 | CI30: =CJ29 -> 0 | CK30: =CJ30-CI30 -> 0
A31: 26 | B31: =C30 -> 0 | D31: =C31-B31 -> 0 | F31: 26 | G31: =H30 -> 0 | I31: =H31-G31 -> 0 | K31: 26 | L31: =M30 -> 0 | N31: =M31-L31 -> 0 | P31: 26 | Q31: =R30 -> 0 | S31: =R31-Q31 -> 0 | U31: 26 | V31: =SUM(S31+N31+I31+D31) -> 0 | W31: ='Maldives at LG Daily'!I30 -> 0 | Z31: 26 | AA31: =AB30 -> 0 | AC31: =AB31-AA31 -> 0 | AD31: =AE30 -> 0 | AF31: =AE31-AD31 -> 0 | AG31: =AH30 -> 0 | AI31: =AH31-AG31 -> 0 | AJ31: =AK30 -> 0 | AL31: =AK31-AJ31 -> 0 | AM31: =AN30 -> 0 | AO31: =AN31-AM31 -> 0 | AP31: =AQ30 -> 0 | AR31: =AQ31-AP31 -> 0 | AS31: =AT30 -> 0 | AU31: =AT31-AS31 -> 0 | AV31: =AW30 -> 0 | AX31: =AW31-AV31 -> 0 | AY31: =AZ30 -> 0 | BA31: =AZ31-AY31 -> 0 | BB31: =BC30 -> 0 | BD31: =BC31-BB31 -> 0 | BE31: =BF30 -> 0 | BG31: =BF31-BE31 -> 0 | BH31: =BI30 -> 0 | BJ31: =BI31-BH31 -> 0 | BK31: =BL30 -> 0 | BM31: =BL31-BK31 -> 0 | BN31: =BO30 -> 0 | BP31: =BO31-BN31 -> 0 | BQ31: =BR30 -> 0 | BS31: =BR31-BQ31 -> 0 | BT31: =BU30 -> 0 | BV31: =BU31-BT31 -> 0 | BW31: =BX30 -> 0 | BY31: =BX31-BW31 -> 0 | BZ31: =CA30 -> 0 | CB31: =CA31-BZ31 -> 0 | CC31: =CD30 -> 0 | CE31: =CD31-CC31 -> 0 | CF31: =CG30 -> 0 | CH31: =CG31-CF31 -> 0 | CI31: =CJ30 -> 0 | CK31: =CJ31-CI31 -> 0
A32: 27 | B32: =C31 -> 0 | D32: =C32-B32 -> 0 | F32: 27 | G32: =H31 -> 0 | I32: =H32-G32 -> 0 | K32: 27 | L32: =M31 -> 0 | N32: =M32-L32 -> 0 | P32: 27 | Q32: =R31 -> 0 | S32: =R32-Q32 -> 0 | U32: 27 | V32: =SUM(S32+N32+I32+D32) -> 0 | W32: ='Maldives at LG Daily'!I31 -> 0 | Z32: 27 | AA32: =AB31 -> 0 | AC32: =AB32-AA32 -> 0 | AD32: =AE31 -> 0 | AF32: =AE32-AD32 -> 0 | AG32: =AH31 -> 0 | AI32: =AH32-AG32 -> 0 | AJ32: =AK31 -> 0 | AL32: =AK32-AJ32 -> 0 | AM32: =AN31 -> 0 | AO32: =AN32-AM32 -> 0 | AP32: =AQ31 -> 0 | AR32: =AQ32-AP32 -> 0 | AS32: =AT31 -> 0 | AU32: =AT32-AS32 -> 0 | AV32: =AW31 -> 0 | AX32: =AW32-AV32 -> 0 | AY32: =AZ31 -> 0 | BA32: =AZ32-AY32 -> 0 | BB32: =BC31 -> 0 | BD32: =BC32-BB32 -> 0 | BE32: =BF31 -> 0 | BG32: =BF32-BE32 -> 0 | BH32: =BI31 -> 0 | BJ32: =BI32-BH32 -> 0 | BK32: =BL31 -> 0 | BM32: =BL32-BK32 -> 0 | BN32: =BO31 -> 0 | BP32: =BO32-BN32 -> 0 | BQ32: =BR31 -> 0 | BS32: =BR32-BQ32 -> 0 | BT32: =BU31 -> 0 | BV32: =BU32-BT32 -> 0 | BW32: =BX31 -> 0 | BY32: =BX32-BW32 -> 0 | BZ32: =CA31 -> 0 | CB32: =CA32-BZ32 -> 0 | CC32: =CD31 -> 0 | CE32: =CD32-CC32 -> 0 | CF32: =CG31 -> 0 | CH32: =CG32-CF32 -> 0 | CI32: =CJ31 -> 0 | CK32: =CJ32-CI32 -> 0
A33: 28 | B33: =C32 -> 0 | D33: =C33-B33 -> 0 | F33: 28 | G33: =H32 -> 0 | I33: =H33-G33 -> 0 | K33: 28 | L33: =M32 -> 0 | N33: =M33-L33 -> 0 | P33: 28 | Q33: =R32 -> 0 | S33: =R33-Q33 -> 0 | U33: 28 | V33: =SUM(S33+N33+I33+D33) -> 0 | W33: ='Maldives at LG Daily'!I32 -> 0 | Z33: 28 | AA33: =AB32 -> 0 | AC33: =AB33-AA33 -> 0 | AD33: =AE32 -> 0 | AF33: =AE33-AD33 -> 0 | AG33: =AH32 -> 0 | AI33: =AH33-AG33 -> 0 | AJ33: =AK32 -> 0 | AL33: =AK33-AJ33 -> 0 | AM33: =AN32 -> 0 | AO33: =AN33-AM33 -> 0 | AP33: =AQ32 -> 0 | AR33: =AQ33-AP33 -> 0 | AS33: =AT32 -> 0 | AU33: =AT33-AS33 -> 0 | AV33: =AW32 -> 0 | AX33: =AW33-AV33 -> 0 | AY33: =AZ32 -> 0 | BA33: =AZ33-AY33 -> 0 | BB33: =BC32 -> 0 | BD33: =BC33-BB33 -> 0 | BE33: =BF32 -> 0 | BG33: =BF33-BE33 -> 0 | BH33: =BI32 -> 0 | BJ33: =BI33-BH33 -> 0 | BK33: =BL32 -> 0 | BM33: =BL33-BK33 -> 0 | BN33: =BO32 -> 0 | BP33: =BO33-BN33 -> 0 | BQ33: =BR32 -> 0 | BS33: =BR33-BQ33 -> 0 | BT33: =BU32 -> 0 | BV33: =BU33-BT33 -> 0 | BW33: =BX32 -> 0 | BY33: =BX33-BW33 -> 0 | BZ33: =CA32 -> 0 | CB33: =CA33-BZ33 -> 0 | CC33: =CD32 -> 0 | CE33: =CD33-CC33 -> 0 | CF33: =CG32 -> 0 | CH33: =CG33-CF33 -> 0 | CI33: =CJ32 -> 0 | CK33: =CJ33-CI33 -> 0
A34: 29 | B34: =C33 -> 0 | D34: =C34-B34 -> 0 | F34: 29 | G34: =H33 -> 0 | I34: =H34-G34 -> 0 | K34: 29 | L34: =M33 -> 0 | N34: =M34-L34 -> 0 | P34: 29 | Q34: =R33 -> 0 | S34: =R34-Q34 -> 0 | U34: 29 | V34: =SUM(S34+N34+I34+D34) -> 0 | W34: ='Maldives at LG Daily'!I33 -> 0 | Z34: 29 | AA34: =AB33 -> 0 | AC34: =AB34-AA34 -> 0 | AD34: =AE33 -> 0 | AF34: =AE34-AD34 -> 0 | AG34: =AH33 -> 0 | AI34: =AH34-AG34 -> 0 | AJ34: =AK33 -> 0 | AL34: =AK34-AJ34 -> 0 | AM34: =AN33 -> 0 | AO34: =AN34-AM34 -> 0 | AP34: =AQ33 -> 0 | AR34: =AQ34-AP34 -> 0 | AS34: =AT33 -> 0 | AU34: =AT34-AS34 -> 0 | AV34: =AW33 -> 0 | AX34: =AW34-AV34 -> 0 | AY34: =AZ33 -> 0 | BA34: =AZ34-AY34 -> 0 | BB34: =BC33 -> 0 | BD34: =BC34-BB34 -> 0 | BE34: =BF33 -> 0 | BG34: =BF34-BE34 -> 0 | BH34: =BI33 -> 0 | BJ34: =BI34-BH34 -> 0 | BK34: =BL33 -> 0 | BM34: =BL34-BK34 -> 0 | BN34: =BO33 -> 0 | BP34: =BO34-BN34 -> 0 | BQ34: =BR33 -> 0 | BS34: =BR34-BQ34 -> 0 | BT34: =BU33 -> 0 | BV34: =BU34-BT34 -> 0 | BW34: =BX33 -> 0 | BY34: =BX34-BW34 -> 0 | BZ34: =CA33 -> 0 | CB34: =CA34-BZ34 -> 0 | CC34: =CD33 -> 0 | CE34: =CD34-CC34 -> 0 | CF34: =CG33 -> 0 | CH34: =CG34-CF34 -> 0 | CI34: =CJ33 -> 0 | CK34: =CJ34-CI34 -> 0
A35: 30 | B35: =C34 -> 0 | D35: =C35-B35 -> 0 | F35: 30 | G35: =H34 -> 0 | I35: =H35-G35 -> 0 | K35: 30 | L35: =M34 -> 0 | N35: =M35-L35 -> 0 | P35: 30 | Q35: =R34 -> 0 | S35: =R35-Q35 -> 0 | U35: 30 | V35: =SUM(S35+N35+I35+D35) -> 0 | W35: ='Maldives at LG Daily'!I34 -> 0 | Z35: 30 | AA35: =AB34 -> 0 | AD35: =AE34 -> 0 | AG35: =AH34 -> 0 | AI35: =AH35-AG35 -> 0 | AJ35: =AK34 -> 0 | AL35: =AK35-AJ35 -> 0 | AM35: =AN34 -> 0 | AO35: =AN35-AM35 -> 0 | AP35: =AQ34 -> 0 | AR35: =AQ35-AP35 -> 0 | AS35: =AT34 -> 0 | AU35: =AT35-AS35 -> 0 | AV35: =AW34 -> 0 | AX35: =AW35-AV35 -> 0 | AY35: =AZ34 -> 0 | BA35: =AZ35-AY35 -> 0 | BB35: =BC34 -> 0 | BD35: =BC35-BB35 -> 0 | BE35: =BF34 -> 0 | BG35: =BF35-BE35 -> 0 | BH35: =BI34 -> 0 | BJ35: =BI35-BH35 -> 0 | BK35: =BL34 -> 0 | BM35: =BL35-BK35 -> 0 | BN35: =BO34 -> 0 | BP35: =BO35-BN35 -> 0 | BQ35: =BR34 -> 0 | BS35: =BR35-BQ35 -> 0 | BT35: =BU34 -> 0 | BV35: =BU35-BT35 -> 0 | BW35: =BX34 -> 0 | BY35: =BX35-BW35 -> 0 | BZ35: =CA34 -> 0 | CC35: =CD34 -> 0 | CF35: =CG34 -> 0 | CI35: =CJ34 -> 0
A36: 31 | B36: =C35 -> 0 | D36: =C36-B36 -> 0 | F36: 31 | G36: =H35 -> 0 | I36: =H36-G36 -> 0 | K36: 31 | L36: =M35 -> 0 | N36: =M36-L36 -> 0 | P36: 31 | Q36: =R35 -> 0 | S36: =R36-Q36 -> 0 | U36: 31 | V36: =SUM(S36+N36+I36+D36) -> 0 | W36: ='Maldives at LG Daily'!I35 -> 0 | Z36: 31 | AA36: =AB35 -> 0 | AC36: =AB36-AA36 -> 0 | AD36: =AE35 -> 0 | AF36: =AE36-AD36 -> 0 | AG36: =AH35 -> 0 | AI36: =AH36-AG36 -> 0 | AJ36: =AK35 -> 0 | AL36: =AK36-AJ36 -> 0 | AM36: =AN35 -> 0 | AO36: =AN36-AM36 -> 0 | AP36: =AQ35 -> 0 | AR36: =AQ36-AP36 -> 0 | AS36: =AT35 -> 0 | AU36: =AT36-AS36 -> 0 | AV36: =AW35 -> 0 | AX36: =AW36-AV36 -> 0 | AY36: =AZ35 -> 0 | BA36: =AZ36-AY36 -> 0 | BB36: =BC35 -> 0 | BD36: =BC36-BB36 -> 0 | BE36: =BF35 -> 0 | BG36: =BF36-BE36 -> 0 | BH36: =BI35 -> 0 | BJ36: =BI36-BH36 -> 0 | BK36: =BL35 -> 0 | BM36: =BL36-BK36 -> 0 | BN36: =BO35 -> 0 | BP36: =BO36-BN36 -> 0 | BQ36: =BR35 -> 0 | BS36: =BR36-BQ36 -> 0 | BT36: =BU35 -> 0 | BV36: =BU36-BT36 -> 0 | BW36: =BX35 -> 0 | BY36: =BX36-BW36 -> 0 | BZ36: =CA35 -> 0 | CB36: =CA36-BZ36 -> 0 | CC36: =CD35 -> 0 | CE36: =CD36-CC36 -> 0 | CF36: =CG35 -> 0 | CH36: =CG36-CF36 -> 0 | CI36: =CJ35 -> 0 | CK36: =CJ36-CI36 -> 0
A37: Total | D37: =SUM(D6:D36) -> -10998 | F37: Total | I37: =SUM(I6:I36) -> -5867 | K37: Total | N37: =SUM(N6:N36) -> -746070 | P37: Total | S37: =SUM(S6:S36) -> -206112 | W37: =SUM(W6:W36) -> 239.5
W38: =W37/31 -> 7.7258065

Sheet Gas-2
A2: GAS CONSUMPTION / CYLINDERS
A3: Month: | B3: 44378
A4: DAY | B4: Blu Kitchen & Tiki Torch | C4: Albarakath Kitchen & Tiki Torch | D4: Fuego Tiki Torch | E4: Main Kitchen | F4: Total | G4: Total Consumption | H4: Occupancy
A5: 44377
A6: 1 | B6: 1 | C6: 1 | D6: 1 | E6: 2 | F6: =SUM(B6:E6) -> 5 | G6: =F6*45 -> 225 | H6: =WATER!W6 -> 18.4
A7: 2 | B7: 2 | C7: 0 | D7: 1 | E7: 2 | F7: =SUM(B7:E7) -> 5 | G7: =F7*45 -> 225 | H7: =WATER!W7 -> 12.7
A8: 3 | B8: 2 | C8: 0 | D8: 1 | E8: 1 | F8: =SUM(B8:E8) -> 4 | G8: =F8*45 -> 180 | H8: =WATER!W8 -> 12.6
A9: 4 | B9: 2 | C9: 1 | D9: 1 | E9: 2 | F9: =SUM(B9:E9) -> 6 | G9: =F9*45 -> 270 | H9: =WATER!W9 -> 15.5
A10: 5 | B10: 2 | C10: 1 | D10: 1 | E10: 2 | F10: =SUM(B10:E10) -> 6 | G10: =F10*45 -> 270 | H10: =WATER!W10 -> 13.6
A11: 6 | B11: 2 | C11: 0 | D11: 1 | E11: 2 | F11: =SUM(B11:E11) -> 5 | G11: =F11*45 -> 225 | H11: =WATER!W11 -> 15.5
A12: 7 | B12: 2 | C12: 0 | D12: 1 | E12: 2 | F12: =SUM(B12:E12) -> 5 | G12: =F12*45 -> 225 | H12: =WATER!W12 -> 17.5
A13: 8 | B13: 1 | C13: 1 | D13: 1 | E13: 2 | F13: =SUM(B13:E13) -> 5 | G13: =F13*45 -> 225 | H13: =WATER!W13 -> 16.5
A14: 9 | B14: 2 | C14: 0 | D14: 1 | E14: 2 | F14: =SUM(B14:E14) -> 5 | G14: =F14*45 -> 225 | H14: =WATER!W14 -> 16.5
A15: 10 | B15: 2 | C15: 1 | D15: 1 | E15: 2 | F15: =SUM(B15:E15) -> 6 | G15: =F15*45 -> 270 | H15: =WATER!W15 -> 13.6
A16: 11 | B16: 2 | C16: 0 | D16: 1 | E16: 2 | F16: =SUM(B16:E16) -> 5 | G16: =F16*45 -> 225 | H16: =WATER!W16 -> 11.7
A17: 12 | B17: 2 | C17: 0 | D17: 1 | E17: 2 | F17: =SUM(B17:E17) -> 5 | G17: =F17*45 -> 225 | H17: =WATER!W17 -> 11.7
... A22: 17 | B22: 1 | C22: 1 | D22: 1 | E22: 2 | F22: =SUM(B22:E22) -> 5 | G22: =F22*45 -> 225 | H22: =WATER!W22 -> 0
A23: 18 | F23: =SUM(B23:E23) -> 0 | G23: =F23*45 -> 0 | H23: =WATER!W23 -> 0
A24: 19 | F24: =SUM(B24:E24) -> 0 | G24: =F24*45 -> 0 | H24: =WATER!W24 -> 0
A25: 20 | F25: =SUM(B25:E25) -> 0 | G25: =F25*45 -> 0 | H25: =WATER!W25 -> 0
A26: 21 | F26: =SUM(B26:E26) -> 0 | G26: =F26*45 -> 0 | H26: =WATER!W26 -> 0
A27: 22 | F27: =SUM(B27:E27) -> 0 | G27: =F27*45 -> 0 | H27: =WATER!W27 -> 0
A28: 23 | F28: =SUM(B28:E28) -> 0 | G28: =F28*45 -> 0 | H28: =WATER!W28 -> 0
A29: 24 | F29: =SUM(B29:E29) -> 0 | G29: =F29*45 -> 0 | H29: =WATER!W29 -> 0
A30: 25 | F30: =SUM(B30:E30) -> 0 | G30: =F30*45 -> 0 | H30: =WATER!W30 -> 0
A31: 26 | F31: =SUM(B31:E31) -> 0 | G31: =F31*45 -> 0 | H31: =WATER!W31 -> 0
A32: 27 | F32: =SUM(B32:E32) -> 0 | G32: =F32*45 -> 0 | H32: =WATER!W32 -> 0
A33: 28 | F33: =SUM(B33:E33) -> 0 | G33: =F33*45 -> 0 | H33: =WATER!W33 -> 0
A34: 29 | F34: =SUM(B34:E34) -> 0 | G34: =F34*45 -> 0 | H34: =WATER!W34 -> 0
... A36: 31 | F36: =SUM(B36:E36) -> 0 | G36: =F36*45 -> 0 | H36: =WATER!W36 -> 0
A37: Total | E37: =SUM(E6:E36) -> 33 | F37: =SUM(F6:F36) -> 87 | G37: =SUM(G6:G36) -> 3915 | H37: =SUM(H6:H36)/30 -> 7.9833333

Sheet KWH Summary
B1: 44256
B3: Total KW Production
B4: Day | C4: Genset 1 | D4: Genset 2 | E4: Genset 3 | F4: Genset 4 | G4: Genset 5 | H4: Total
B5: 1 | C5: ='GENSET #1'!D10 -> 10041 | D5: ='GENSET #2'!D10 -> 0 | E5: ='GENSET #3'!D10 -> 6071 | F5: ='GENSET #4'!D10 -> 1797 | G5: ='GENSET #5'!D10 -> 8023 | H5: =SUM(C5:G5) -> 25932
B6: 2 | C6: ='GENSET #1'!D11 -> 8139 | D6: ='GENSET #2'!D11 -> 0 | E6: ='GENSET #3'!D11 -> 10275 | F6: ='GENSET #4'!D11 -> 3003 | G6: ='GENSET #5'!D11 -> 5429 | H6: =SUM(C6:G6) -> 26846
B7: 3 | C7: ='GENSET #1'!D12 -> 11715 | D7: ='GENSET #2'!D12 -> 426 | E7: ='GENSET #3'!D12 -> 3557 | F7: ='GENSET #4'!D12 -> 3930 | G7: ='GENSET #5'!D12 -> 7702 | H7: =SUM(C7:G7) -> 27330
B8: 4 | C8: ='GENSET #1'!D13 -> 8197 | D8: ='GENSET #2'!D13 -> 0 | E8: ='GENSET #3'!D13 -> 6015 | F8: ='GENSET #4'!D13 -> 4691 | G8: ='GENSET #5'!D13 -> 8424 | H8: =SUM(C8:G8) -> 27327
B9: 5 | C9: ='GENSET #1'!D14 -> 3017 | D9: ='GENSET #2'!D14 -> 0 | E9: ='GENSET #3'!D14 -> 7807 | F9: ='GENSET #4'!D14 -> 3755 | G9: ='GENSET #5'!D14 -> 11626 | H9: =SUM(C9:G9) -> 26205
B10: 6 | C10: ='GENSET #1'!D15 -> 11766 | D10: ='GENSET #2'!D15 -> 0 | E10: ='GENSET #3'!D15 -> 7450 | F10: ='GENSET #4'!D15 -> 4362 | G10: ='GENSET #5'!D15 -> 3588 | H10: =SUM(C10:G10) -> 27166
B11: 7 | C11: ='GENSET #1'!D16 -> 696 | D11: ='GENSET #2'!D16 -> 0 | E11: ='GENSET #3'!D16 -> 9849 | F11: ='GENSET #4'!D16 -> 2565 | G11: ='GENSET #5'!D16 -> 11581 | H11: =SUM(C11:G11) -> 24691
B12: 8 | C12: ='GENSET #1'!D17 -> 10871 | D12: ='GENSET #2'!D17 -> 0 | E12: ='GENSET #3'!D17 -> 3531 | F12: ='GENSET #4'!D17 -> 2446 | G12: ='GENSET #5'!D17 -> 8602 | H12: =SUM(C12:G12) -> 25450
B13: 9 | C13: ='GENSET #1'!D18 -> 8334 | D13: ='GENSET #2'!D18 -> 0 | E13: ='GENSET #3'!D18 -> 10160 | F13: ='GENSET #4'!D18 -> 1144 | G13: ='GENSET #5'!D18 -> 3036 | H13: =SUM(C13:G13) -> 22674
B14: 10 | C14: ='GENSET #1'!D19 -> 7968 | D14: ='GENSET #2'!D19 -> 0 | E14: ='GENSET #3'!D19 -> 3878 | F14: ='GENSET #4'!D19 -> 2919 | G14: ='GENSET #5'!D19 -> 8591 | H14: =SUM(C14:G14) -> 23356
B15: 11 | C15: ='GENSET #1'!D20 -> 9058 | D15: ='GENSET #2'!D20 -> 0 | E15: ='GENSET #3'!D20 -> 8174 | F15: ='GENSET #4'!D20 -> 3551 | G15: ='GENSET #5'!D20 -> 2545 | H15: =SUM(C15:G15) -> 23328
B16: 12 | C16: ='GENSET #1'!D21 -> 4650 | D16: ='GENSET #2'!D21 -> 0 | E16: ='GENSET #3'!D21 -> 6384 | F16: ='GENSET #4'!D21 -> 3401 | G16: ='GENSET #5'!D21 -> 11069 | H16: =SUM(C16:G16) -> 25504
... B34: 30 | C34: ='GENSET #1'!D39 -> 0 | D34: ='GENSET #2'!D39 -> 0 | E34: ='GENSET #3'!D39 -> 0 | F34: ='GENSET #4'!D39 -> 0 | G34: ='GENSET #5'!D39 -> 0 | H34: =SUM(C34:G34) -> 0
B35: 31 | C35: ='GENSET #1'!#REF! -> #REF! | D35: ='GENSET #2'!#REF! -> #REF! | E35: ='GENSET #3'!#REF! -> #REF! | F35: ='GENSET #4'!#REF! -> #REF! | G35: ='GENSET #5'!#REF! -> #REF! | H35: =SUM(C35:G35) -> #REF!
A36: TOTAL | C36: =SUM(C5:C35) -> #REF! | D36: =SUM(D5:D35) -> #REF! | E36: =SUM(E5:E35) -> #REF! | F36: =SUM(F5:F35) -> #REF! | G36: =SUM(G5:G35) -> #REF!

Sheet Focus Data
B4: 44256
A7: FS LANDAA GIRAAVARU
A8: Month-Feb- 17 | B8: Electricity (KWh) | C8: Diesel (Ltrs) | D8: Solar Power (KWh) | E8: Gas | F8: Water | G8: Resort Occupancy % | H8: Gen Avg | I8: Total Kwh
A9: 1 | B9: =SUM('GENSET #1:GENSET #5'!D10) -> 25932 | C9: ='Diesel consumption'!D5 -> 7200 | D9: ='SOLAR METER READING'!D9 -> 2740 | E9: ='Gas-2'!G6 -> 225 | F9: =WATER!V6 -> 275 | G9: =WATER!W6 -> 18.4 | H9: =B9/C9 -> 3.6016667 | I9: =SUM(B9,D9) -> 28672
A10: 2 | B10: =SUM('GENSET #1:GENSET #5'!D11) -> 26846 | C10: ='Diesel consumption'!D6 -> 7510 | D10: ='SOLAR METER READING'!D10 -> 3146 | E10: ='Gas-2'!G7 -> 225 | F10: =WATER!V7 -> 316 | G10: =WATER!W7 -> 12.7 | H10: =B10/C10 -> 3.5747004 | I10: =SUM(B10,D10) -> 29992
A11: 3 | B11: =SUM('GENSET #1:GENSET #5'!D12) -> 27330 | C11: ='Diesel consumption'!D7 -> 7520 | D11: ='SOLAR METER READING'!D11 -> 2802 | E11: ='Gas-2'!G8 -> 180 | F11: =WATER!V8 -> 330 | G11: =WATER!W8 -> 12.6 | H11: =B11/C11 -> 3.6343085 | I11: =SUM(B11,D11) -> 30132
A12: 4 | B12: =SUM('GENSET #1:GENSET #5'!D13) -> 27327 | C12: ='Diesel consumption'!D8 -> 7520 | D12: ='SOLAR METER READING'!D12 -> 2142 | E12: ='Gas-2'!G9 -> 270 | F12: =WATER!V9 -> 326 | G12: =WATER!W9 -> 15.5 | H12: =B12/C12 -> 3.6339096 | I12: =SUM(B12,D12) -> 29469
A13: 5 | B13: =SUM('GENSET #1:GENSET #5'!D14) -> 26205 | C13: ='Diesel consumption'!D9 -> 6980 | D13: ='SOLAR METER READING'!D13 -> 2063 | E13: ='Gas-2'!G10 -> 270 | F13: =WATER!V10 -> 306 | G13: =WATER!W10 -> 13.6 | H13: =B13/C13 -> 3.754298 | I13: =SUM(B13,D13) -> 28268
A14: 6 | B14: =SUM('GENSET #1:GENSET #5'!D15) -> 27166 | C14: ='Diesel consumption'!D10 -> 7630 | D14: ='SOLAR METER READING'!D14 -> 3029 | E14: ='Gas-2'!G11 -> 225 | F14: =WATER!V11 -> 375 | G14: =WATER!W11 -> 15.5 | H14: =B14/C14 -> 3.5604194 | I14: =SUM(B14,D14) -> 30195
A15: 7 | B15: =SUM('GENSET #1:GENSET #5'!D16) -> 24691 | C15: ='Diesel consumption'!D11 -> 6480 | D15: ='SOLAR METER READING'!D15 -> 2160 | E15: ='Gas-2'!G12 -> 225 | F15: =WATER!V12 -> 380 | G15: =WATER!W12 -> 17.5 | H15: =B15/C15 -> 3.8103395 | I15: =SUM(B15,D15) -> 26851
A16: 8 | B16: =SUM('GENSET #1:GENSET #5'!D17) -> 25450 | C16: ='Diesel consumption'!D12 -> 7140 | D16: ='SOLAR METER READING'!D16 -> 2878 | E16: ='Gas-2'!G13 -> 225 | F16: =WATER!V13 -> 283 | G16: =WATER!W13 -> 16.5 | H16: =B16/C16 -> 3.5644258 | I16: =SUM(B16,D16) -> 28328
A17: 9 | B17: =SUM('GENSET #1:GENSET #5'!D18) -> 22674 | C17: ='Diesel consumption'!D13 -> 6290 | D17: ='SOLAR METER READING'!D17 -> 1357 | E17: ='Gas-2'!G14 -> 225 | F17: =WATER!V14 -> 318 | G17: =WATER!W14 -> 16.5 | H17: =B17/C17 -> 3.6047695 | I17: =SUM(B17,D17) -> 24031
A18: 10 | B18: =SUM('GENSET #1:GENSET #5'!D19) -> 23356 | C18: ='Diesel consumption'!D14 -> 6340 | D18: ='SOLAR METER READING'!D18 -> 1886 | E18: ='Gas-2'!G15 -> 270 | F18: =WATER!V15 -> 376 | G18: =WATER!W15 -> 13.6 | H18: =B18/C18 -> 3.6839117 | I18: =SUM(B18,D18) -> 25242
A19: 11 | B19: =SUM('GENSET #1:GENSET #5'!D20) -> 23328 | C19: ='Diesel consumption'!D15 -> 6440 | D19: ='SOLAR METER READING'!D19 -> 3046 | E19: ='Gas-2'!G16 -> 225 | F19: =WATER!V16 -> 286 | G19: =WATER!W16 -> 11.7 | H19: =B19/C19 -> 3.6223602 | I19: =SUM(B19,D19) -> 26374
A20: 12 | B20: =SUM('GENSET #1:GENSET #5'!D21) -> 25504 | C20: ='Diesel consumption'!D16 -> 6930 | D20: ='SOLAR METER READING'!D20 -> 3076 | E20: ='Gas-2'!G17 -> 225 | F20: =WATER!V17 -> 300 | G20: =WATER!W17 -> 11.7 | H20: =B20/C20 -> 3.6802309 | I20: =SUM(B20,D20) -> 28580
