Workbook

Sheet TOTAL
A1: Site Name | B1: Day | C1: Month | D1: Year | E1: Total Electricity Kwh | F1: Electricity Tariff ($/Kwh) | G1: Natual Gas (m3) | H1: Natural Gas $/m3 | I1: Water Utility Supply (m3) m3 | J1: Water Utility Supply (m3) $/m3 | K1: Room Nights | L1: Total Guests | M1: Utilities day cost dh
A2: Mumbai | B2: 1 | C2: 7 | D2: 2021 | E2: =(IF('Daily HLP'!I4>0,'Daily HLP'!I4,0)) -> 23260.79 | F2: 9 | G2: =(IF('Daily HLP'!M4>0,'Daily HLP'!M4,0)) -> 918.378 | H2: 52 | I2: =(IF('Daily HLP'!P4>0,'Daily HLP'!P4,0)) -> 154 | J2: 118 | K2: =Occupancy!G2 -> 93 | L2: =Occupancy!F2 -> 467 | M2: =E2*F2+G2*H2+#REF!*#REF!+I2*J2 -> #REF!
A3: Mumbai | B3: =B2+1 -> 2 | C3: 7 | D3: 2021 | E3: =(IF('Daily HLP'!I5>0,'Daily HLP'!I5,0)) -> 21035.12 | F3: 9 | G3: =(IF('Daily HLP'!M5>0,'Daily HLP'!M5,0)) -> 510.874 | H3: 52 | I3: =(IF('Daily HLP'!P5>0,'Daily HLP'!P5,0)) -> 162 | J3: 118 | K3: =Occupancy!G3 -> 144 | L3: =Occupancy!F3 -> 417 | M3: =E3*F3+G3*H3+#REF!*#REF!+I3*J3 -> #REF!
A4: Mumbai | B4: =B3+1 -> 3 | C4: 7 | D4: 2021 | E4: =(IF('Daily HLP'!I6>0,'Daily HLP'!I6,0)) -> 22104.09 | F4: 9 | G4: =(IF('Daily HLP'!M6>0,'Daily HLP'!M6,0)) -> 940.268 | H4: 52 | I4: =(IF('Daily HLP'!P6>0,'Daily HLP'!P6,0)) -> 210 | J4: 118 | K4: =Occupancy!G4 -> 187 | L4: =Occupancy!F4 -> 483 | M4: =E4*F4+G4*H4+#REF!*#REF!+I4*J4 -> #REF!
A5: Mumbai | B5: =B4+1 -> 4 | C5: 7 | D5: 2021 | E5: =(IF('Daily HLP'!I7>0,'Daily HLP'!I7,0)) -> 21866.6 | F5: 9 | G5: =(IF('Daily HLP'!M7>0,'Daily HLP'!M7,0)) -> 786.88 | H5: 52 | I5: =(IF('Daily HLP'!P7>0,'Daily HLP'!P7,0)) -> 271 | J5: 118 | K5: =Occupancy!G5 -> 92 | L5: =Occupancy!F5 -> 378 | M5: =E5*F5+G5*H5+#REF!*#REF!+I5*J5 -> #REF!
A6: Mumbai | B6: =B5+1 -> 5 | C6: 7 | D6: 2021 | E6: =(IF('Daily HLP'!I8>0,'Daily HLP'!I8,0)) -> 20992.61 | F6: 9 | G6: =(IF('Daily HLP'!M8>0,'Daily HLP'!M8,0)) -> 925.06 | H6: 52 | I6: =(IF('Daily HLP'!P8>0,'Daily HLP'!P8,0)) -> 241 | J6: 118 | K6: =Occupancy!G6 -> 111 | L6: =Occupancy!F6 -> 252 | M6: =E6*F6+G6*H6+#REF!*#REF!+I6*J6 -> #REF!
A7: Mumbai | B7: =B6+1 -> 6 | C7: 7 | D7: 2021 | E7: =(IF('Daily HLP'!I9>0,'Daily HLP'!I9,0)) -> 19837.63 | F7: 9 | G7: =(IF('Daily HLP'!M9>0,'Daily HLP'!M9,0)) -> 430.96 | H7: 52 | I7: =(IF('Daily HLP'!P9>0,'Daily HLP'!P9,0)) -> 149 | J7: 118 | K7: =Occupancy!G7 -> 122 | L7: =Occupancy!F7 -> 292 | M7: =E7*F7+G7*H7+#REF!*#REF!+I7*J7 -> #REF!
A8: Mumbai | B8: =B7+1 -> 7 | C8: 7 | D8: 2021 | E8: =(IF('Daily HLP'!I10>0,'Daily HLP'!I10,0)) -> 21913.78 | F8: 9 | G8: =(IF('Daily HLP'!M10>0,'Daily HLP'!M10,0)) -> 850.19 | H8: 52 | I8: =(IF('Daily HLP'!P10>0,'Daily HLP'!P10,0)) -> 168 | J8: 118 | K8: =Occupancy!G8 -> 136.27 | L8: =Occupancy!F8 -> 402 | M8: =E8*F8+G8*H8+#REF!*#REF!+I8*J8 -> #REF!
A9: Mumbai | B9: =B8+1 -> 8 | C9: 7 | D9: 2021 | E9: =(IF('Daily HLP'!I11>0,'Daily HLP'!I11,0)) -> 21721.17 | F9: 9 | G9: =(IF('Daily HLP'!M11>0,'Daily HLP'!M11,0)) -> 821.55 | H9: 52 | I9: =(IF('Daily HLP'!P11>0,'Daily HLP'!P11,0)) -> 161 | J9: 118 | K9: =Occupancy!G9 -> 127 | L9: =Occupancy!F9 -> 318 | M9: =E9*F9+G9*H9+#REF!*#REF!+I9*J9 -> #REF!
A10: Mumbai | B10: =B9+1 -> 9 | C10: 7 | D10: 2021 | E10: =(IF('Daily HLP'!I12>0,'Daily HLP'!I12,0)) -> 22673.21 | F10: 9 | G10: =(IF('Daily HLP'!M12>0,'Daily HLP'!M12,0)) -> 830.84 | H10: 52 | I10: =(IF('Daily HLP'!P12>0,'Daily HLP'!P12,0)) -> 191 | J10: 118 | K10: =Occupancy!G10 -> 151 | L10: =Occupancy!F10 -> 464 | M10: =E10*F10+G10*H10+#REF!*#REF!+I10*J10 -> #REF!
A11: Mumbai | B11: =B10+1 -> 10 | C11: 7 | D11: 2021 | E11: =(IF('Daily HLP'!I13>0,'Daily HLP'!I13,0)) -> 21102 | F11: 9 | G11: =(IF('Daily HLP'!M13>0,'Daily HLP'!M13,0)) -> 829 | H11: 52 | I11: =(IF('Daily HLP'!P13>0,'Daily HLP'!P13,0)) -> 218 | J11: 118 | K11: =Occupancy!G11 -> 188 | L11: =Occupancy!F11 -> 520 | M11: =E11*F11+G11*H11+#REF!*#REF!+I11*J11 -> #REF!
A12: Mumbai | B12: =B11+1 -> 11 | C12: 7 | D12: 2021 | E12: =(IF('Daily HLP'!I14>0,'Daily HLP'!I14,0)) -> 22829.97 | F12: 9 | G12: =(IF('Daily HLP'!M14>0,'Daily HLP'!M14,0)) -> 986.41 | H12: 52 | I12: =(IF('Daily HLP'!P14>0,'Daily HLP'!P14,0)) -> 240 | J12: 118 | K12: =Occupancy!G12 -> 150 | L12: =Occupancy!F12 -> 668 | M12: =E12*F12+G12*H12+#REF!*#REF!+I12*J12 -> #REF!
A13: Mumbai | B13: =B12+1 -> 12 | C13: 7 | D13: 2021 | E13: =(IF('Daily HLP'!I15>0,'Daily HLP'!I15,0)) -> 21239.9 | F13: 9 | G13: =(IF('Daily HLP'!M15>0,'Daily HLP'!M15,0)) -> 914.79 | H13: 52 | I13: =(IF('Daily HLP'!P15>0,'Daily HLP'!P15,0)) -> 186 | J13: 118 | K13: =Occupancy!G13 -> 126 | L13: =Occupancy!F13 -> 391 | M13: =E13*F13+G13*H13+#REF!*#REF!+I13*J13 -> #REF!
A14: Mumbai | B14: =B13+1 -> 13 | C14: 7 | D14: 2021 | E14: =(IF('Daily HLP'!I16>0,'Daily HLP'!I16,0)) -> 21611.4 | F14: 9 | G14: =(IF('Daily HLP'!M16>0,'Daily HLP'!M16,0)) -> 943.8 | H14: 52 | I14: =(IF('Daily HLP'!P16>0,'Daily HLP'!P16,0)) -> 202 | J14: 118 | K14: =Occupancy!G14 -> 134 | L14: =Occupancy!F14 -> 583 | M14: =E14*F14+G14*H14+#REF!*#REF!+I14*J14 -> #REF!
... A31: Mumbai | B31: =B30+1 -> 30 | C31: 7 | D31: 2021 | E31: =(IF('Daily HLP'!I33>0,'Daily HLP'!I33,0)) -> 21500 | F31: 9 | G31: =(IF('Daily HLP'!M33>0,'Daily HLP'!M33,0)) -> 700 | H31: 52 | I31: =(IF('Daily HLP'!P33>0,'Daily HLP'!P33,0)) -> 134 | J31: 118 | K31: =Occupancy!G31 -> 0 | L31: =Occupancy!F31 -> 0 | M31: =E31*F31+G31*H31+#REF!*#REF!+I31*J31 -> #REF!
A32: Mumbai | B32: =B31+1 -> 31 | C32: 7 | D32: 2021 | E32: =(IF('Daily HLP'!I34>0,'Daily HLP'!I34,0)) -> 21500 | F32: 10 | G32: =(IF('Daily HLP'!M34>0,'Daily HLP'!M34,0)) -> 700 | H32: 52 | I32: =(IF('Daily HLP'!P34>0,'Daily HLP'!P34,0)) -> 0 | J32: 118 | K32: =Occupancy!G32 -> 0 | L32: =Occupancy!F32 -> 0

Sheet Submetering
A1: Site Name | B1: Day | C1: Month | D1: Year | E1: ='Section Load'!F4 -> HVAC | F1: ='Section Load'!G4 -> Fire & Emergency PP | G1: ='Section Load'!H4 -> Main PP | H1: ='Section Load'!I4 -> Lighting PP | I1: ='Section Load'!J4 -> CH-1+ CH2+CH3+CH4 | J1: ='Section Load'!K4 -> Chilled water Pump | K1: ='Section Load'!L4 -> Ball Room-1 | L1: ='Section Load'!M4 -> Ball Room-2 | ... AL1: ='Section Load'!AM4 -> Cooling Tower | AM1: R.o.plant | AN1: STP Water Prod | AO1: Domestic Zone-1 | AP1: Domestic Zone-2 | AQ1: Domestic Zone-3 | AR1: Flush Zone -1 | AS1: Flush Zone -2 | AT1: Flush Zone -3 | AU1: Swimming pool | AV1: B2 Laundry | AW1: Boiler Feed Water | AX1: cooling tower filling water | AY1: STP flush(new water meter) | AZ1: Garden Water Pump | BA1: Flush Zone 2 pump meter | BB1: Flush Zone 3 Pump Meter (wtp transfer ) | BC1: Flush Tanker-Zone-1 | BD1: Total Domestic Water (Tanker (R.O) +BMC) | BE1: Total Domestic Consumption | BF1: Total STP Consumption | BG1: ='Section Load'!AN4 -> MGL | BH1: ='Section Load'!AO4 -> HWG | BI1: ='Section Load'!AP4 -> Prato | BJ1: ='Section Load'!AQ4 -> BR-1 | BK1: ='Section Load'!AR4 -> SanQi IND | BL1: ='Section Load'!AS4 -> SanQi JPN | BM1: ='Section Load'!AT4 -> Boiler
A2: Mumbai | B2: 1 | C2: 7 | D2: 2021 | E2: =(IF('Section Load'!F5>0,'Section Load'!F5,0)) -> 2908.23 | F2: =(IF('Section Load'!G5>0,'Section Load'!G5,0)) -> 1476.32 | G2: =(IF('Section Load'!H5>0,'Section Load'!H5,0)) -> 1714.99 | H2: =(IF('Section Load'!I5>0,'Section Load'!I5,0)) -> 3790.02 | I2: =(IF('Section Load'!J5>0,'Section Load'!J5,0)) -> 7659.86 | J2: =(IF('Section Load'!K5>0,'Section Load'!K5,0)) -> 2635 | K2: =(IF('Section Load'!L5>0,'Section Load'!L5,0)) -> 1429.35 | L2: =(IF('Section Load'!M5>0,'Section Load'!M5,0)) -> 947.75 | ... AL2: =(IF('Section Load'!AM5>0,'Section Load'!AM5,0)) -> 816 | AM2: =(IF('Water Report'!$D$7>0,'Water Report'!$D$7,0)) -> 89 | AN2: =(IF('Water Report'!$D$8>0,'Water Report'!$D$8,0)) -> 97 | AO2: =(IF('Water Report'!$D$9>0,'Water Report'!$D$9,0)) -> 86 | AP2: =(IF('Water Report'!$D$10>0,'Water Report'!$D$10,0)) -> 17 | AQ2: =(IF('Water Report'!$D$11>0,'Water Report'!$D$11,0)) -> 18 | AR2: =(IF('Water Report'!$D$13>0,'Water Report'!$D$13,0)) -> 50 | AS2: =(IF('Water Report'!$D$14>0,'Water Report'!$D$14,0)) -> 6 | AT2: =(IF('Water Report'!$D$15>0,'Water Report'!$D$15,0)) -> 6 | AU2: =(IF('Water Report'!$D$17>0,'Water Report'!$D$17,0)) -> 0 | AV2: =(IF('Water Report'!$D$18>0,'Water Report'!$D$18,0)) -> 12 | AW2: =(IF('Water Report'!$D$19>0,'Water Report'!$D$19,0)) -> 5 | AX2: =(IF('Water Report'!$D$21>0,'Water Report'!$D$21,0)) -> 98 | AY2: =(IF('Water Report'!$D$22>0,'Water Report'!$D$22,0)) -> 40 | AZ2: =(IF('Water Report'!$D$23>0,'Water Report'!$D$23,0)) -> 0 | BA2: =(IF('Water Report'!$D$14>0,'Water Report'!$D$14,0)) -> 6 | BB2: =(IF('Water Report'!$D$15>0,'Water Report'!$D$15,0)) -> 6 | BC2: =(IF('Water Report'!$D$13>0,'Water Report'!$D$13,0)) -> 50 | BD2: =(IF('Water Report'!$D$24>0,'Water Report'!$D$24,0)) -> 154 | BE2: =(IF('Water Report'!$D$25>0,'Water Report'!$D$25,0)) -> 133 | BF2: =(IF('Water Report'!$D$27>0,'Water Report'!$D$27,0)) -> 148 | BG2: =(IF('Section Load'!AN5>0,'Section Load'!AN5,0)) -> 918.378 | BH2: =(IF('Section Load'!AO5>0,'Section Load'!AO5,0)) -> 269.55 | BI2: =(IF('Section Load'!AP5>0,'Section Load'!AP5,0)) -> 0 | BJ2: =(IF('Section Load'!AQ5>0,'Section Load'!AQ5,0)) -> 95.69 | BK2: =(IF('Section Load'!AR5>0,'Section Load'!AR5,0)) -> 33.2 | BL2: =(IF('Section Load'!AS5>0,'Section Load'!AS5,0)) -> 4.3 | BM2: =(IF('Section Load'!AT5>0,'Section Load'!AT5,0)) -> 515.638
A3: Mumbai | B3: =B2+1 -> 2 | C3: 7 | D3: 2021 | E3: =(IF('Section Load'!F6>0,'Section Load'!F6,0)) -> 2899.4 | F3: =(IF('Section Load'!G6>0,'Section Load'!G6,0)) -> 1439.88 | G3: =(IF('Section Load'!H6>0,'Section Load'!H6,0)) -> 1509.84 | H3: =(IF('Section Load'!I6>0,'Section Load'!I6,0)) -> 3743.48 | I3: =(IF('Section Load'!J6>0,'Section Load'!J6,0)) -> 6559.91 | J3: =(IF('Section Load'!K6>0,'Section Load'!K6,0)) -> 2514.4 | K3: =(IF('Section Load'!L6>0,'Section Load'!L6,0)) -> 1047.92 | L3: =(IF('Section Load'!M6>0,'Section Load'!M6,0)) -> 884.9 | ... AL3: =(IF('Section Load'!AM6>0,'Section Load'!AM6,0)) -> 846 | AM3: =(IF('Water Report'!$E$7>0,'Water Report'!$E$7,0)) -> 88 | AN3: =(IF('Water Report'!$E$8>0,'Water Report'!$E$8,0)) -> 122 | AO3: =(IF('Water Report'!$E$9>0,'Water Report'!$E$9,0)) -> 100 | AP3: =(IF('Water Report'!$E$10>0,'Water Report'!$E$10,0)) -> 15 | AQ3: =(IF('Water Report'!$E$11>0,'Water Report'!$E$11,0)) -> 19 | AR3: =(IF('Water Report'!$E$13>0,'Water Report'!$E$13,0)) -> 40 | AS3: =(IF('Water Report'!$E$14>0,'Water Report'!$E$14,0)) -> 8 | AT3: =(IF('Water Report'!$E$15>0,'Water Report'!$E$15,0)) -> 5 | AU3: =(IF('Water Report'!$E$17>0,'Water Report'!$E$17,0)) -> 60 | AV3: =(IF('Water Report'!$E$18>0,'Water Report'!$E$18,0)) -> 0 | AW3: =(IF('Water Report'!$E$19>0,'Water Report'!$E$19,0)) -> 0 | AX3: =(IF('Water Report'!$E$21>0,'Water Report'!$E$21,0)) -> 64 | AY3: =(IF('Water Report'!$E$22>0,'Water Report'!$E$22,0)) -> 83 | AZ3: =(IF('Water Report'!$E$23>0,'Water Report'!$E$23,0)) -> 0 | BA3: =(IF('Water Report'!$E$14>0,'Water Report'!$E$14,0)) -> 8 | BB3: =(IF('Water Report'!$E$15>0,'Water Report'!$E$15,0)) -> 5 | BC3: =(IF('Water Report'!$E$13>0,'Water Report'!$E$13,0)) -> 40 | BD3: =(IF('Water Report'!$E$24>0,'Water Report'!$E$24,0)) -> 162 | BE3: =(IF('Water Report'!$E$25>0,'Water Report'!$E$25,0)) -> 147 | BF3: =(IF('Water Report'!$E$27>0,'Water Report'!$E$27,0)) -> 104 | BG3: =(IF('Section Load'!AN6>0,'Section Load'!AN6,0)) -> 510.874 | BH3: =(IF('Section Load'!AO6>0,'Section Load'!AO6,0)) -> 259.2 | BI3: =(IF('Section Load'!AP6>0,'Section Load'!AP6,0)) -> 0 | BJ3: =(IF('Section Load'!AQ6>0,'Section Load'!AQ6,0)) -> 98.73 | BK3: =(IF('Section Load'!AR6>0,'Section Load'!AR6,0)) -> 36.3 | BL3: =(IF('Section Load'!AS6>0,'Section Load'!AS6,0)) -> 2.6 | BM3: =(IF('Section Load'!AT6>0,'Section Load'!AT6,0)) -> 114.044
A4: Mumbai | B4: =B3+1 -> 3 | C4: 7 | D4: 2021 | E4: =(IF('Section Load'!F7>0,'Section Load'!F7,0)) -> 3065.4 | F4: =(IF('Section Load'!G7>0,'Section Load'!G7,0)) -> 1600.14 | G4: =(IF('Section Load'!H7>0,'Section Load'!H7,0)) -> 1669.24 | H4: =(IF('Section Load'!I7>0,'Section Load'!I7,0)) -> 3847.84 | I4: =(IF('Section Load'!J7>0,'Section Load'!J7,0)) -> 6902.29 | J4: =(IF('Section Load'!K7>0,'Section Load'!K7,0)) -> 2589.8 | K4: =(IF('Section Load'!L7>0,'Section Load'!L7,0)) -> 1085.8 | L4: =(IF('Section Load'!M7>0,'Section Load'!M7,0)) -> 680.22 | ... AL4: =(IF('Section Load'!AM7>0,'Section Load'!AM7,0)) -> 817 | AM4: =(IF('Water Report'!$F$7>0,'Water Report'!$F$7,0)) -> 123 | AN4: =(IF('Water Report'!$F$8>0,'Water Report'!$F$8,0)) -> 85 | AO4: =(IF('Water Report'!$F$9>0,'Water Report'!$G$9,0)) -> 147 | AP4: =(IF('Water Report'!$F$10>0,'Water Report'!$F$10,0)) -> 30 | AQ4: =(IF('Water Report'!$F$11>0,'Water Report'!$F$11,0)) -> 31 | AR4: =(IF('Water Report'!$F$13>0,'Water Report'!$F$13,0)) -> 32 | AS4: =(IF('Water Report'!$F$14>0,'Water Report'!$F$14,0)) -> 17 | AT4: =(IF('Water Report'!$F$15>0,'Water Report'!$F$15,0)) -> 7 | AU4: =(IF('Water Report'!$F$17>0,'Water Report'!$F$17,0)) -> 0 | AV4: =(IF('Water Report'!$F$18>0,'Water Report'!$F$18,0)) -> 12 | AW4: =(IF('Water Report'!$F$19>0,'Water Report'!$F$19,0)) -> 6 | AX4: =(IF('Water Report'!$F$21>0,'Water Report'!$F$21,0)) -> 43 | AY4: =(IF('Water Report'!$F$22>0,'Water Report'!$F$22,0)) -> 0 | AZ4: =(IF('Water Report'!$F$23>0,'Water Report'!$F$23,0)) -> 0.3 | BA4: =(IF('Water Report'!$F$14>0,'Water Report'!$F$14,0)) -> 17 | BB4: =(IF('Water Report'!$F$15>0,'Water Report'!$F$15,0)) -> 7 | BC4: =(IF('Water Report'!$F$13>0,'Water Report'!$F$13,0)) -> 32 | BD4: =(IF('Water Report'!$F$24>0,'Water Report'!$F$24,0)) -> 210 | BE4: =(IF('Water Report'!$F$25>0,'Water Report'!$F$25,0)) -> 187 | BF4: =(IF('Water Report'!$F$27>0,'Water Report'!$F$27,0)) -> 75.3 | BG4: =(IF('Section Load'!AN7>0,'Section Load'!AN7,0)) -> 940.268 | BH4: =(IF('Section Load'!AO7>0,'Section Load'!AO7,0)) -> 301.72 | BI4: =(IF('Section Load'!AP7>0,'Section Load'!AP7,0)) -> 0 | BJ4: =(IF('Section Load'!AQ7>0,'Section Load'!AQ7,0)) -> 76.54 | BK4: =(IF('Section Load'!AR7>0,'Section Load'!AR7,0)) -> 41.7 | BL4: =(IF('Section Load'!AS7>0,'Section Load'!AS7,0)) -> 5.5 | BM4: =(IF('Section Load'!AT7>0,'Section Load'!AT7,0)) -> 514.808
A5: Mumbai | B5: =B4+1 -> 4 | C5: 7 | D5: 2021 | E5: =(IF('Section Load'!F8>0,'Section Load'!F8,0)) -> 2968.9 | F5: =(IF('Section Load'!G8>0,'Section Load'!G8,0)) -> 1478.64 | G5: =(IF('Section Load'!H8>0,'Section Load'!H8,0)) -> 1792.89 | H5: =(IF('Section Load'!I8>0,'Section Load'!I8,0)) -> 3681.6 | I5: =(IF('Section Load'!J8>0,'Section Load'!J8,0)) -> 6765.84 | J5: =(IF('Section Load'!K8>0,'Section Load'!K8,0)) -> 2614 | K5: =(IF('Section Load'!L8>0,'Section Load'!L8,0)) -> 1085.93 | L5: =(IF('Section Load'!M8>0,'Section Load'!M8,0)) -> 713.35 | ... AL5: =(IF('Section Load'!AM8>0,'Section Load'!AM8,0)) -> 844 | AM5: =(IF('Water Report'!$G$7>0,'Water Report'!$F$7,0)) -> 123 | AN5: =(IF('Water Report'!$G$8>0,'Water Report'!$F$8,0)) -> 85 | AO5: =(IF('Water Report'!$G$9>0,'Water Report'!$H$9,0)) -> 120 | AP5: =(IF('Water Report'!$G$10>0,'Water Report'!$G$10,0)) -> 39 | AQ5: =(IF('Water Report'!$G$11>0,'Water Report'!$G$11,0)) -> 32 | AR5: =(IF('Water Report'!$G$13>0,'Water Report'!$G$13,0)) -> 38 | AS5: =(IF('Water Report'!$G$14>0,'Water Report'!$G$14,0)) -> 28 | AT5: =(IF('Water Report'!$G$15>0,'Water Report'!$G$15,0)) -> 10 | AU5: =(IF('Water Report'!$G$17>0,'Water Report'!$G$17,0)) -> 0 | AV5: =(IF('Water Report'!$G$18>0,'Water Report'!$G$18,0)) -> 11 | AW5: =(IF('Water Report'!$G$19>0,'Water Report'!$G$19,0)) -> 5 | AX5: =(IF('Water Report'!$G$21>0,'Water Report'!$G$21,0)) -> 52 | AY5: =(IF('Water Report'!$G$22>0,'Water Report'!$G$22,0)) -> 50 | AZ5: =(IF('Water Report'!$G$23>0,'Water Report'!$G$23,0)) -> 0 | BA5: =(IF('Water Report'!$G$14>0,'Water Report'!$G$14,0)) -> 28 | BB5: =(IF('Water Report'!$G$15>0,'Water Report'!$G$15,0)) -> 10 | BC5: =(IF('Water Report'!$G$13>0,'Water Report'!$G$13,0)) -> 38 | BD5: =(IF('Water Report'!$G$24>0,'Water Report'!$G$24,0)) -> 271 | BE5: =(IF('Water Report'!$G$25>0,'Water Report'!$G$25,0)) -> 256 | BF5: =(IF('Water Report'!$G$27>0,'Water Report'!$G$27,0)) -> 90 | BG5: =(IF('Section Load'!AN8>0,'Section Load'!AN8,0)) -> 786.88 | BH5: =(IF('Section Load'!AO8>0,'Section Load'!AO8,0)) -> 327.73 | BI5: =(IF('Section Load'!AP8>0,'Section Load'!AP8,0)) -> 0 | BJ5: =(IF('Section Load'!AQ8>0,'Section Load'!AQ8,0)) -> 79.53 | BK5: =(IF('Section Load'!AR8>0,'Section Load'!AR8,0)) -> 37.4 | BL5: =(IF('Section Load'!AS8>0,'Section Load'!AS8,0)) -> 1.5 | BM5: =(IF('Section Load'!AT8>0,'Section Load'!AT8,0)) -> 340.72
A6: Mumbai | B6: =B5+1 -> 5 | C6: 7 | D6: 2021 | E6: =(IF('Section Load'!F9>0,'Section Load'!F9,0)) -> 2828.7 | F6: =(IF('Section Load'!G9>0,'Section Load'!G9,0)) -> 1447.68 | G6: =(IF('Section Load'!H9>0,'Section Load'!H9,0)) -> 1640.5 | H6: =(IF('Section Load'!I9>0,'Section Load'!I9,0)) -> 3669.36 | I6: =(IF('Section Load'!J9>0,'Section Load'!J9,0)) -> 6521.66 | J6: =(IF('Section Load'!K9>0,'Section Load'!K9,0)) -> 2554.7 | K6: =(IF('Section Load'!L9>0,'Section Load'!L9,0)) -> 1002.13 | L6: =(IF('Section Load'!M9>0,'Section Load'!M9,0)) -> 728.13 | ... AL6: =(IF('Section Load'!AM9>0,'Section Load'!AM9,0)) -> 825 | AM6: =(IF('Water Report'!$H$7>0,'Water Report'!$H$7,0)) -> 123 | AN6: =(IF('Water Report'!$H$8>0,'Water Report'!$H$8,0)) -> 124 | AO6: =(IF('Water Report'!$H$9>0,'Water Report'!$H$9,0)) -> 120 | AP6: =(IF('Water Report'!$H$10>0,'Water Report'!$H$10,0)) -> 12 | AQ6: =(IF('Water Report'!$H$11>0,'Water Report'!$H$11,0)) -> 18 | AR6: =(IF('Water Report'!$H$13>0,'Water Report'!$H$13,0)) -> 31 | AS6: =(IF('Water Report'!$H$14>0,'Water Report'!$H$14,0)) -> 8 | AT6: =(IF('Water Report'!$H$15>0,'Water Report'!$H$15,0)) -> 3 | AU6: =(IF('Water Report'!$H$17>0,'Water Report'!$H$17,0)) -> 40 | AV6: =(IF('Water Report'!$H$18>0,'Water Report'!$H$18,0)) -> 10 | AW6: =(IF('Water Report'!$H$19>0,'Water Report'!$H$19,0)) -> 5 | AX6: =(IF('Water Report'!$H$21>0,'Water Report'!$H$21,0)) -> 155 | AY6: =(IF('Water Report'!$H$22>0,'Water Report'!$H$22,0)) -> 25 | AZ6: =(IF('Water Report'!$H$23>0,'Water Report'!$H$23,0)) -> 0 | BA6: =(IF('Water Report'!$H$14>0,'Water Report'!$H$14,0)) -> 8 | BB6: =(IF('Water Report'!$H$15>0,'Water Report'!$H$15,0)) -> 3 | BC6: =(IF('Water Report'!$H$13>0,'Water Report'!$H$13,0)) -> 31 | BD6: =(IF('Water Report'!$H$24>0,'Water Report'!$H$24,0)) -> 241 | BE6: =(IF('Water Report'!$H$25>0,'Water Report'!$H$25,0)) -> 161 | BF6: =(IF('Water Report'!$H$27>0,'Water Report'!$H$27,0)) -> 186 | BG6: =(IF('Section Load'!AN9>0,'Section Load'!AN9,0)) -> 925.06 | BH6: =(IF('Section Load'!AO9>0,'Section Load'!AO9,0)) -> 265.82 | BI6: =(IF('Section Load'!AP9>0,'Section Load'!AP9,0)) -> 0 | BJ6: =(IF('Section Load'!AQ9>0,'Section Load'!AQ9,0)) -> 61.29 | BK6: =(IF('Section Load'!AR9>0,'Section Load'!AR9,0)) -> 27 | BL6: =(IF('Section Load'!AS9>0,'Section Load'!AS9,0)) -> 0.9 | BM6: =(IF('Section Load'!AT9>0,'Section Load'!AT9,0)) -> 570.05
A7: Mumbai | B7: =B6+1 -> 6 | C7: 7 | D7: 2021 | E7: =(IF('Section Load'!F10>0,'Section Load'!F10,0)) -> 2786.2 | F7: =(IF('Section Load'!G10>0,'Section Load'!G10,0)) -> 1525.26 | G7: =(IF('Section Load'!H10>0,'Section Load'!H10,0)) -> 1382.5 | H7: =(IF('Section Load'!I10>0,'Section Load'!I10,0)) -> 3628.76 | I7: =(IF('Section Load'!J10>0,'Section Load'!J10,0)) -> 5789.63 | J7: =(IF('Section Load'!K10>0,'Section Load'!K10,0)) -> 2584.9 | K7: =(IF('Section Load'!L10>0,'Section Load'!L10,0)) -> 959.02 | L7: =(IF('Section Load'!M10>0,'Section Load'!M10,0)) -> 727.79 | ... AL7: =(IF('Section Load'!AM10>0,'Section Load'!AM10,0)) -> 809 | AM7: =(IF('Water Report'!$I$7>0,'Water Report'!$I$7,0)) -> 44 | AN7: =(IF('Water Report'!$I$8>0,'Water Report'!$I$8,0)) -> 91 | AO7: =(IF('Water Report'!$I$9>0,'Water Report'!$I$9,0)) -> 59 | AP7: =(IF('Water Report'!$I$10>0,'Water Report'!$I$10,0)) -> 18 | AQ7: =(IF('Water Report'!$I$11>0,'Water Report'!$I$11,0)) -> 21 | AR7: =(IF('Water Report'!$I$13>0,'Water Report'!$I$13,0)) -> 36 | AS7: =(IF('Water Report'!$I$14>0,'Water Report'!$I$14,0)) -> 11 | AT7: =(IF('Water Report'!$I$15>0,'Water Report'!$I$15,0)) -> 5 | AU7: =(IF('Water Report'!$I$17>0,'Water Report'!$I$17,0)) -> 30 | AV7: =(IF('Water Report'!$I$18>0,'Water Report'!$I$18,0)) -> 0 | AW7: =(IF('Water Report'!$I$19>0,'Water Report'!$I$19,0)) -> 0 | AX7: =(IF('Water Report'!$I$21>0,'Water Report'!$I$21,0)) -> 65 | AY7: =(IF('Water Report'!$I$22>0,'Water Report'!$I$22,0)) -> 22 | AZ7: =(IF('Water Report'!$I$23>0,'Water Report'!$I$23,0)) -> 0 | BA7: =(IF('Water Report'!$I$14>0,'Water Report'!$I$14,0)) -> 11 | BB7: =(IF('Water Report'!$I$15>0,'Water Report'!$I$15,0)) -> 5 | BC7: =(IF('Water Report'!$I$13>0,'Water Report'!$I$13,0)) -> 36 | BD7: =(IF('Water Report'!$I$24>0,'Water Report'!$I$24,0)) -> 149 | BE7: =(IF('Water Report'!$I$25>0,'Water Report'!$I$25,0)) -> 114 | BF7: =(IF('Water Report'!$I$27>0,'Water Report'!$I$27,0)) -> 101 | BG7: =(IF('Section Load'!AN10>0,'Section Load'!AN10,0)) -> 430.96 | BH7: =(IF('Section Load'!AO10>0,'Section Load'!AO10,0)) -> 261.84 | BI7: =(IF('Section Load'!AP10>0,'Section Load'!AP10,0)) -> 0 | BJ7: =(IF('Section Load'!AQ10>0,'Section Load'!AQ10,0)) -> 67.13 | BK7: =(IF('Section Load'!AR10>0,'Section Load'!AR10,0)) -> 35.2 | BL7: =(IF('Section Load'!AS10>0,'Section Load'!AS10,0)) -> 1 | BM7: =(IF('Section Load'!AT10>0,'Section Load'!AT10,0)) -> 65.79
A8: Mumbai | B8: =B7+1 -> 7 | C8: 7 | D8: 2021 | E8: =(IF('Section Load'!F11>0,'Section Load'!F11,0)) -> 2919.2 | F8: =(IF('Section Load'!G11>0,'Section Load'!G11,0)) -> 1587.74 | G8: =(IF('Section Load'!H11>0,'Section Load'!H11,0)) -> 1549.24 | H8: =(IF('Section Load'!I11>0,'Section Load'!I11,0)) -> 3603.4 | I8: =(IF('Section Load'!J11>0,'Section Load'!J11,0)) -> 6831.79 | J8: =(IF('Section Load'!K11>0,'Section Load'!K11,0)) -> 2722.7 | K8: =(IF('Section Load'!L11>0,'Section Load'!L11,0)) -> 1261.92 | L8: =(IF('Section Load'!M11>0,'Section Load'!M11,0)) -> 820.85 | ... AL8: =(IF('Section Load'!AM11>0,'Section Load'!AM11,0)) -> 792 | AM8: =(IF('Water Report'!$J$7>0,'Water Report'!$J$7,0)) -> 77 | AN8: =(IF('Water Report'!$J$8>0,'Water Report'!$J$8,0)) -> 113 | AO8: =(IF('Water Report'!$J$9>0,'Water Report'!$J$9,0)) -> 76 | AP8: =(IF('Water Report'!$J$10>0,'Water Report'!$J$10,0)) -> 15 | AQ8: =(IF('Water Report'!$J$11>0,'Water Report'!$J$11,0)) -> 22 | AR8: =(IF('Water Report'!$J$13>0,'Water Report'!$J$13,0)) -> 18 | AS8: =(IF('Water Report'!$J$14>0,'Water Report'!$J$14,0)) -> 10 | AT8: =(IF('Water Report'!$J$15>0,'Water Report'!$J$15,0)) -> 12 | AU8: =(IF('Water Report'!$J$17>0,'Water Report'!$J$17,0)) -> 0 | AV8: =(IF('Water Report'!$J$18>0,'Water Report'!$J$18,0)) -> 11 | AW8: =(IF('Water Report'!$J$19>0,'Water Report'!$J$19,0)) -> 5 | AX8: =(IF('Water Report'!$J$21>0,'Water Report'!$J$21,0)) -> 74 | AY8: =(IF('Water Report'!$J$22>0,'Water Report'!$J$22,0)) -> 25 | AZ8: =(IF('Water Report'!$J$23>0,'Water Report'!$J$23,0)) -> 0 | BA8: =(IF('Water Report'!$J$14>0,'Water Report'!$J$14,0)) -> 10 | BB8: =(IF('Water Report'!$J$15>0,'Water Report'!$J$15,0)) -> 12 | BC8: =(IF('Water Report'!$J$13>0,'Water Report'!$J$13,0)) -> 18 | BD8: =(IF('Water Report'!$J$24>0,'Water Report'!$J$24,0)) -> 168 | BE8: =(IF('Water Report'!$J$25>0,'Water Report'!$J$25,0)) -> 135 | BF8: =(IF('Water Report'!$J$27>0,'Water Report'!$J$27,0)) -> 92 | BG8: =(IF('Section Load'!AN11>0,'Section Load'!AN11,0)) -> 850.19 | BH8: =(IF('Section Load'!AO11>0,'Section Load'!AO11,0)) -> 259.98 | BI8: =(IF('Section Load'!AP11>0,'Section Load'!AP11,0)) -> 0 | BJ8: =(IF('Section Load'!AQ11>0,'Section Load'!AQ11,0)) -> 79.42 | BK8: =(IF('Section Load'!AR11>0,'Section Load'!AR11,0)) -> 36.7 | BL8: =(IF('Section Load'!AS11>0,'Section Load'!AS11,0)) -> 1.4 | BM8: =(IF('Section Load'!AT11>0,'Section Load'!AT11,0)) -> 473.09
A9: Mumbai | B9: =B8+1 -> 8 | C9: 7 | D9: 2021 | E9: =(IF('Section Load'!F12>0,'Section Load'!F12,0)) -> 3141.7 | F9: =(IF('Section Load'!G12>0,'Section Load'!G12,0)) -> 1563.22 | G9: =(IF('Section Load'!H12>0,'Section Load'!H12,0)) -> 1545.16 | H9: =(IF('Section Load'!I12>0,'Section Load'!I12,0)) -> 3552.4 | I9: =(IF('Section Load'!J12>0,'Section Load'!J12,0)) -> 6741.32 | J9: =(IF('Section Load'!K12>0,'Section Load'!K12,0)) -> 2769 | K9: =(IF('Section Load'!L12>0,'Section Load'!L12,0)) -> 1089.63 | L9: =(IF('Section Load'!M12>0,'Section Load'!M12,0)) -> 674.63 | ... AL9: =(IF('Section Load'!AM12>0,'Section Load'!AM12,0)) -> 809 | AM9: =(IF('Water Report'!$K$7>0,'Water Report'!$K$7,0)) -> 81 | AN9: =(IF('Water Report'!$K$8>0,'Water Report'!$K$8,0)) -> 121 | AO9: =(IF('Water Report'!$K$9>0,'Water Report'!$K$9,0)) -> 80 | AP9: =(IF('Water Report'!$K$10>0,'Water Report'!$K$10,0)) -> 17 | AQ9: =(IF('Water Report'!$K$11>0,'Water Report'!$K$11,0)) -> 24 | AR9: =(IF('Water Report'!$K$13>0,'Water Report'!$K$13,0)) -> 20 | AS9: =(IF('Water Report'!$K$14>0,'Water Report'!$K$14,0)) -> 11 | AT9: =(IF('Water Report'!$K$15>0,'Water Report'!$K$15,0)) -> 8 | AU9: =(IF('Water Report'!$K$17>0,'Water Report'!$K$17,0)) -> 0 | AV9: =(IF('Water Report'!$K$18>0,'Water Report'!$K$18,0)) -> 7 | AW9: =(IF('Water Report'!$K$19>0,'Water Report'!$K$19,0)) -> 5 | AX9: =(IF('Water Report'!$K$21>0,'Water Report'!$K$21,0)) -> 79 | AY9: =(IF('Water Report'!$K$22>0,'Water Report'!$K$22,0)) -> 21 | AZ9: =(IF('Water Report'!$K$23>0,'Water Report'!$K$23,0)) -> 0 | BA9: =(IF('Water Report'!$K$14>0,'Water Report'!$K$14,0)) -> 11 | BB9: =(IF('Water Report'!$K$15>0,'Water Report'!$K$15,0)) -> 8 | BC9: =(IF('Water Report'!$K$13>0,'Water Report'!$K$13,0)) -> 20 | BD9: =(IF('Water Report'!$K$24>0,'Water Report'!$K$24,0)) -> 161 | BE9: =(IF('Water Report'!$K$25>0,'Water Report'!$K$25,0)) -> 140 | BF9: =(IF('Water Report'!$K$27>0,'Water Report'!$K$27,0)) -> 99 | BG9: =(IF('Section Load'!AN12>0,'Section Load'!AN12,0)) -> 821.55 | BH9: =(IF('Section Load'!AO12>0,'Section Load'!AO12,0)) -> 251.29 | BI9: =(IF('Section Load'!AP12>0,'Section Load'!AP12,0)) -> 0.4 | BJ9: =(IF('Section Load'!AQ12>0,'Section Load'!AQ12,0)) -> 86.58 | BK9: =(IF('Section Load'!AR12>0,'Section Load'!AR12,0)) -> 35.7 | BL9: =(IF('Section Load'!AS12>0,'Section Load'!AS12,0)) -> 2 | BM9: =(IF('Section Load'!AT12>0,'Section Load'!AT12,0)) -> 445.58
A10: Mumbai | B10: =B9+1 -> 9 | C10: 7 | D10: 2021 | E10: =(IF('Section Load'!F13>0,'Section Load'!F13,0)) -> 3259.27 | F10: =(IF('Section Load'!G13>0,'Section Load'!G13,0)) -> 1605.99 | G10: =(IF('Section Load'!H13>0,'Section Load'!H13,0)) -> 1594.71 | H10: =(IF('Section Load'!I13>0,'Section Load'!I13,0)) -> 3607.81 | I10: =(IF('Section Load'!J13>0,'Section Load'!J13,0)) -> 7248.81 | J10: =(IF('Section Load'!K13>0,'Section Load'!K13,0)) -> 2915.5 | K10: =(IF('Section Load'!L13>0,'Section Load'!L13,0)) -> 981.3 | L10: =(IF('Section Load'!M13>0,'Section Load'!M13,0)) -> 812.38 | ... AL10: =(IF('Section Load'!AM13>0,'Section Load'!AM13,0)) -> 856 | AM10: =(IF('Water Report'!$L$7>0,'Water Report'!$L$7,0)) -> 87 | AN10: =(IF('Water Report'!$L$8>0,'Water Report'!$L$8,0)) -> 91 | AO10: =(IF('Water Report'!$L$9>0,'Water Report'!$L$9,0)) -> 93 | AP10: =(IF('Water Report'!$L$10>0,'Water Report'!$L$10,0)) -> 19 | AQ10: =(IF('Water Report'!$L$11>0,'Water Report'!$L$11,0)) -> 24 | AR10: =(IF('Water Report'!$L$13>0,'Water Report'!$L$13,0)) -> 14 | AS10: =(IF('Water Report'!$L$14>0,'Water Report'!$L$14,0)) -> 12 | AT10: =(IF('Water Report'!$L$15>0,'Water Report'!$L$15,0)) -> 6 | AU10: =(IF('Water Report'!$L$17>0,'Water Report'!$L$17,0)) -> 0 | AV10: =(IF('Water Report'!$L$18>0,'Water Report'!$L$18,0)) -> 7 | AW10: =(IF('Water Report'!$L$19>0,'Water Report'!$L$19,0)) -> 6 | AX10: =(IF('Water Report'!$L$21>0,'Water Report'!$L$21,0)) -> 89 | AY10: =(IF('Water Report'!$L$22>0,'Water Report'!$L$22,0)) -> 26 | AZ10: =(IF('Water Report'!$L$23>0,'Water Report'!$L$23,0)) -> 0 | BA10: =(IF('Water Report'!$L$14>0,'Water Report'!$L$14,0)) -> 12 | BB10: =(IF('Water Report'!$L$15>0,'Water Report'!$L$15,0)) -> 6 | BC10: =(IF('Water Report'!$L$13>0,'Water Report'!$L$13,0)) -> 14 | BD10: =(IF('Water Report'!$L$24>0,'Water Report'!$L$24,0)) -> 191 | BE10: =(IF('Water Report'!$L$25>0,'Water Report'!$L$25,0)) -> 154 | BF10: =(IF('Water Report'!$L$27>0,'Water Report'!$L$27,0)) -> 103 | BG10: =(IF('Section Load'!AN13>0,'Section Load'!AN13,0)) -> 830.84 | BH10: =(IF('Section Load'!AO13>0,'Section Load'!AO13,0)) -> 315.87 | BI10: =(IF('Section Load'!AP13>0,'Section Load'!AP13,0)) -> 0 | BJ10: =(IF('Section Load'!AQ13>0,'Section Load'!AQ13,0)) -> 98.09 | BK10: =(IF('Section Load'!AR13>0,'Section Load'!AR13,0)) -> 37.8 | BL10: =(IF('Section Load'!AS13>0,'Section Load'!AS13,0)) -> 2.8 | BM10: =(IF('Section Load'!AT13>0,'Section Load'!AT13,0)) -> 376.28
A11: Mumbai | B11: =B10+1 -> 10 | C11: 7 | D11: 2021 | E11: =(IF('Section Load'!F14>0,'Section Load'!F14,0)) -> 3138 | F11: =(IF('Section Load'!G14>0,'Section Load'!G14,0)) -> 1601 | G11: =(IF('Section Load'!H14>0,'Section Load'!H14,0)) -> 1644 | H11: =(IF('Section Load'!I14>0,'Section Load'!I14,0)) -> 3580.33 | I11: =(IF('Section Load'!J14>0,'Section Load'!J14,0)) -> 6097 | J11: =(IF('Section Load'!K14>0,'Section Load'!K14,0)) -> 2543 | K11: =(IF('Section Load'!L14>0,'Section Load'!L14,0)) -> 1093 | L11: =(IF('Section Load'!M14>0,'Section Load'!M14,0)) -> 769 | ... AL11: =(IF('Section Load'!AM14>0,'Section Load'!AM14,0)) -> 785 | AM11: =(IF('Water Report'!$M$7>0,'Water Report'!$M$7,0)) -> 121 | AN11: =(IF('Water Report'!$M$8>0,'Water Report'!$M$8,0)) -> 96 | AO11: =(IF('Water Report'!$M$9>0,'Water Report'!$M$9,0)) -> 76 | AP11: =(IF('Water Report'!$M$10>0,'Water Report'!$M$10,0)) -> 26 | AQ11: =(IF('Water Report'!$M$11>0,'Water Report'!$M$11,0)) -> 35 | AR11: =(IF('Water Report'!$M$13>0,'Water Report'!$M$13,0)) -> 25 | AS11: =(IF('Water Report'!$M$14>0,'Water Report'!$M$14,0)) -> 22 | AT11: =(IF('Water Report'!$M$15>0,'Water Report'!$M$15,0)) -> 22 | AU11: =(IF('Water Report'!$M$17>0,'Water Report'!$M$17,0)) -> 0 | AV11: =(IF('Water Report'!$M$18>0,'Water Report'!$M$18,0)) -> 11 | AW11: =(IF('Water Report'!$M$19>0,'Water Report'!$M$19,0)) -> 5 | AX11: =(IF('Water Report'!$M$21>0,'Water Report'!$M$21,0)) -> 87 | AY11: =(IF('Water Report'!$M$22>0,'Water Report'!$M$22,0)) -> 14 | AZ11: =(IF('Water Report'!$M$23>0,'Water Report'!$M$23,0)) -> 0 | BA11: =(IF('Water Report'!$M$14>0,'Water Report'!$M$14,0)) -> 22 | BB11: =(IF('Water Report'!$M$15>0,'Water Report'!$M$15,0)) -> 22 | BC11: =(IF('Water Report'!$M$13>0,'Water Report'!$M$13,0)) -> 25 | BD11: =(IF('Water Report'!$M$24>0,'Water Report'!$M$24,0)) -> 218 | BE11: =(IF('Water Report'!$M$25>0,'Water Report'!$M$25,0)) -> 181 | BF11: =(IF('Water Report'!$M$27>0,'Water Report'!$M$27,0)) -> 112 | BG11: =(IF('Section Load'!AN14>0,'Section Load'!AN14,0)) -> 829 | BH11: =(IF('Section Load'!AO14>0,'Section Load'!AO14,0)) -> 223 | BI11: =(IF('Section Load'!AP14>0,'Section Load'!AP14,0)) -> 0 | BJ11: =(IF('Section Load'!AQ14>0,'Section Load'!AQ14,0)) -> 102 | BK11: =(IF('Section Load'!AR14>0,'Section Load'!AR14,0)) -> 44 | BL11: =(IF('Section Load'!AS14>0,'Section Load'!AS14,0)) -> 8 | BM11: =(IF('Section Load'!AT14>0,'Section Load'!AT14,0)) -> 452
A12: Mumbai | B12: =B11+1 -> 11 | C12: 7 | D12: 2021 | E12: =(IF('Section Load'!F15>0,'Section Load'!F15,0)) -> 2956.03 | F12: =(IF('Section Load'!G15>0,'Section Load'!G15,0)) -> 1589.75 | G12: =(IF('Section Load'!H15>0,'Section Load'!H15,0)) -> 1661.79 | H12: =(IF('Section Load'!I15>0,'Section Load'!I15,0)) -> 3609.26 | I12: =(IF('Section Load'!J15>0,'Section Load'!J15,0)) -> 7134.06 | J12: =(IF('Section Load'!K15>0,'Section Load'!K15,0)) -> 2942.4 | K12: =(IF('Section Load'!L15>0,'Section Load'!L15,0)) -> 1216.55 | L12: =(IF('Section Load'!M15>0,'Section Load'!M15,0)) -> 1013.21 | ... AL12: =(IF('Section Load'!AM15>0,'Section Load'!AM15,0)) -> 784 | AM12: =(IF('Water Report'!$N$7>0,'Water Report'!$N$7,0)) -> 129 | AN12: =(IF('Water Report'!$N$8>0,'Water Report'!$N$8,0)) -> 163 | AO12: =(IF('Water Report'!$N$9>0,'Water Report'!$N$9,0)) -> 77 | AP12: =(IF('Water Report'!$N$10>0,'Water Report'!$N$10,0)) -> 32 | AQ12: =(IF('Water Report'!$N$11>0,'Water Report'!$N$11,0)) -> 41 | AR12: =(IF('Water Report'!$N$13>0,'Water Report'!$N$13,0)) -> 17 | AS12: =(IF('Water Report'!$N$14>0,'Water Report'!$N$14,0)) -> 17 | AT12: =(IF('Water Report'!$N$15>0,'Water Report'!$N$15,0)) -> 9 | AU12: =(IF('Water Report'!$N$17>0,'Water Report'!$N$17,0)) -> 0 | AV12: =(IF('Water Report'!$N$18>0,'Water Report'!$N$18,0)) -> 12 | AW12: =(IF('Water Report'!$N$19>0,'Water Report'!$N$19,0)) -> 5 | AX12: =(IF('Water Report'!$N$21>0,'Water Report'!$N$21,0)) -> 65 | AY12: =(IF('Water Report'!$N$22>0,'Water Report'!$N$22,0)) -> 24 | AZ12: =(IF('Water Report'!$N$23>0,'Water Report'!$N$23,0)) -> 0 | BA12: =(IF('Water Report'!$N$14>0,'Water Report'!$N$14,0)) -> 17 | BB12: =(IF('Water Report'!$N$15>0,'Water Report'!$N$15,0)) -> 9 | BC12: =(IF('Water Report'!$N$13>0,'Water Report'!$N$13,0)) -> 17 | BD12: =(IF('Water Report'!$N$24>0,'Water Report'!$N$24,0)) -> 240 | BE12: =(IF('Water Report'!$N$25>0,'Water Report'!$N$25,0)) -> 176 | BF12: =(IF('Water Report'!$N$27>0,'Water Report'!$N$27,0)) -> 82 | BG12: =(IF('Section Load'!AN15>0,'Section Load'!AN15,0)) -> 986.41 | BH12: =(IF('Section Load'!AO15>0,'Section Load'!AO15,0)) -> 295.88 | BI12: =(IF('Section Load'!AP15>0,'Section Load'!AP15,0)) -> 0 | BJ12: =(IF('Section Load'!AQ15>0,'Section Load'!AQ15,0)) -> 89.91 | BK12: =(IF('Section Load'!AR15>0,'Section Load'!AR15,0)) -> 46.8 | BL12: =(IF('Section Load'!AS15>0,'Section Load'!AS15,0)) -> 4.7 | BM12: =(IF('Section Load'!AT15>0,'Section Load'!AT15,0)) -> 549.12
A13: Mumbai | B13: =B12+1 -> 12 | C13: 7 | D13: 2021 | E13: =(IF('Section Load'!F16>0,'Section Load'!F16,0)) -> 3001.4 | F13: =(IF('Section Load'!G16>0,'Section Load'!G16,0)) -> 1595.12 | G13: =(IF('Section Load'!H16>0,'Section Load'!H16,0)) -> 1595.2 | H13: =(IF('Section Load'!I16>0,'Section Load'!I16,0)) -> 3711.74 | I13: =(IF('Section Load'!J16>0,'Section Load'!J16,0)) -> 6204.24 | J13: =(IF('Section Load'!K16>0,'Section Load'!K16,0)) -> 2563.2 | K13: =(IF('Section Load'!L16>0,'Section Load'!L16,0)) -> 1103.56 | L13: =(IF('Section Load'!M16>0,'Section Load'!M16,0)) -> 695.77 | ... AL13: =(IF('Section Load'!AM16>0,'Section Load'!AM16,0)) -> 767 | AM13: =(IF('Water Report'!$O$7>0,'Water Report'!$O$7,0)) -> 95 | AN13: =(IF('Water Report'!$O$8>0,'Water Report'!$O$8,0)) -> 131 | AO13: =(IF('Water Report'!$O$9>0,'Water Report'!$O$9,0)) -> 91 | AP13: =(IF('Water Report'!$O$10>0,'Water Report'!$O$10,0)) -> 22 | AQ13: =(IF('Water Report'!$O$11>0,'Water Report'!$O$11,0)) -> 21 | AR13: =(IF('Water Report'!$O$13>0,'Water Report'!$O$13,0)) -> 71 | AS13: =(IF('Water Report'!$O$14>0,'Water Report'!$O$14,0)) -> 16 | AT13: =(IF('Water Report'!$O$15>0,'Water Report'!$O$15,0)) -> 11 | AU13: =(IF('Water Report'!$O$17>0,'Water Report'!$O$17,0)) -> 0 | AV13: =(IF('Water Report'!$O$18>0,'Water Report'!$O$18,0)) -> 14 | AW13: =(IF('Water Report'!$O$19>0,'Water Report'!$O$19,0)) -> 5 | AX13: =(IF('Water Report'!$O$21>0,'Water Report'!$O$21,0)) -> 64 | AY13: =(IF('Water Report'!$O$22>0,'Water Report'!$O$22,0)) -> 70 | AZ13: =(IF('Water Report'!$O$23>0,'Water Report'!$O$23,0)) -> 0 | BA13: =(IF('Water Report'!$O$14>0,'Water Report'!$O$14,0)) -> 16 | BB13: =(IF('Water Report'!$O$15>0,'Water Report'!$O$15,0)) -> 11 | BC13: =(IF('Water Report'!$O$13>0,'Water Report'!$O$13,0)) -> 71 | BD13: =(IF('Water Report'!$O$24>0,'Water Report'!$O$24,0)) -> 186 | BE13: =(IF('Water Report'!$O$25>0,'Water Report'!$O$25,0)) -> 161 | BF13: =(IF('Water Report'!$O$27>0,'Water Report'!$O$27,0)) -> 135 | BG13: =(IF('Section Load'!AN16>0,'Section Load'!AN16,0)) -> 914.79 | BH13: =(IF('Section Load'!AO16>0,'Section Load'!AO16,0)) -> 267.13 | BI13: =(IF('Section Load'!AP16>0,'Section Load'!AP16,0)) -> 0 | BJ13: =(IF('Section Load'!AQ16>0,'Section Load'!AQ16,0)) -> 104.32 | BK13: =(IF('Section Load'!AR16>0,'Section Load'!AR16,0)) -> 35.4 | BL13: =(IF('Section Load'!AS16>0,'Section Load'!AS16,0)) -> 4.2 | BM13: =(IF('Section Load'!AT16>0,'Section Load'!AT16,0)) -> 504.14
A14: Mumbai | B14: =B13+1 -> 13 | C14: 7 | D14: 2021 | E14: =(IF('Section Load'!F17>0,'Section Load'!F17,0)) -> 2899.57 | F14: =(IF('Section Load'!G17>0,'Section Load'!G17,0)) -> 1577.13 | G14: =(IF('Section Load'!H17>0,'Section Load'!H17,0)) -> 1632.01 | H14: =(IF('Section Load'!I17>0,'Section Load'!I17,0)) -> 3726 | I14: =(IF('Section Load'!J17>0,'Section Load'!J17,0)) -> 6191.81 | J14: =(IF('Section Load'!K17>0,'Section Load'!K17,0)) -> 2552.73 | K14: =(IF('Section Load'!L17>0,'Section Load'!L17,0)) -> 1162.89 | L14: =(IF('Section Load'!M17>0,'Section Load'!M17,0)) -> 969.02 | ... AL14: =(IF('Section Load'!AM17>0,'Section Load'!AM17,0)) -> 787 | AM14: =(IF('Water Report'!$P$7>0,'Water Report'!$P$7,0)) -> 91 | AN14: =(IF('Water Report'!$P$8>0,'Water Report'!$P$8,0)) -> 106 | AO14: =(IF('Water Report'!$P$9>0,'Water Report'!$P$9,0)) -> 101 | AP14: =(IF('Water Report'!$P$10>0,'Water Report'!$P$10,0)) -> 15 | AQ14: =(IF('Water Report'!$P$11>0,'Water Report'!$P$11,0)) -> 24 | AR14: =(IF('Water Report'!$P$13>0,'Water Report'!$P$13,0)) -> 17 | AS14: =(IF('Water Report'!$P$14>0,'Water Report'!$P$14,0)) -> 11 | AT14: =(IF('Water Report'!$P$15>0,'Water Report'!$P$15,0)) -> 4 | AU14: =(IF('Water Report'!$P$17>0,'Water Report'!$P$17,0)) -> 0 | AV14: =(IF('Water Report'!$P$18>0,'Water Report'!$P$18,0)) -> 23 | AW14: =(IF('Water Report'!$P$19>0,'Water Report'!$P$19,0)) -> 5 | AX14: =(IF('Water Report'!$P$21>0,'Water Report'!$P$21,0)) -> 65 | AY14: =(IF('Water Report'!$P$22>0,'Water Report'!$P$22,0)) -> 26 | AZ14: =(IF('Water Report'!$P$23>0,'Water Report'!$P$23,0)) -> 0 | BA14: =(IF('Water Report'!$P$14>0,'Water Report'!$P$14,0)) -> 11 | BB14: =(IF('Water Report'!$P$15>0,'Water Report'!$P$15,0)) -> 4 | BC14: =(IF('Water Report'!$P$13>0,'Water Report'!$P$13,0)) -> 17 | BD14: =(IF('Water Report'!$P$24>0,'Water Report'!$P$24,0)) -> 202 | BE14: =(IF('Water Report'!$P$25>0,'Water Report'!$P$25,0)) -> 155 | BF14: =(IF('Water Report'!$P$27>0,'Water Report'!$P$27,0)) -> 82 | BG14: =(IF('Section Load'!AN17>0,'Section Load'!AN17,0)) -> 943.8 | BH14: =(IF('Section Load'!AO17>0,'Section Load'!AO17,0)) -> 254.99 | BI14: =(IF('Section Load'!AP17>0,'Section Load'!AP17,0)) -> 0 | BJ14: =(IF('Section Load'!AQ17>0,'Section Load'!AQ17,0)) -> 94.77 | BK14: =(IF('Section Load'!AR17>0,'Section Load'!AR17,0)) -> 41.8 | BL14: =(IF('Section Load'!AS17>0,'Section Load'!AS17,0)) -> 6.1 | BM14: =(IF('Section Load'!AT17>0,'Section Load'!AT17,0)) -> 546.14
A15: Mumbai | B15: =B14+1 -> 14 | C15: 7 | D15: 2021 | E15: =(IF('Section Load'!F18>0,'Section Load'!F18,0)) -> 2878.47 | F15: =(IF('Section Load'!G18>0,'Section Load'!G18,0)) -> 1649.35 | G15: =(IF('Section Load'!H18>0,'Section Load'!H18,0)) -> 1585.79 | H15: =(IF('Section Load'!I18>0,'Section Load'!I18,0)) -> 3716.46 | I15: =(IF('Section Load'!J18>0,'Section Load'!J18,0)) -> 6122.54 | J15: =(IF('Section Load'!K18>0,'Section Load'!K18,0)) -> 2640.3 | K15: =(IF('Section Load'!L18>0,'Section Load'!L18,0)) -> 1781.57 | L15: =(IF('Section Load'!M18>0,'Section Load'!M18,0)) -> 950.38 | ... AL15: =(IF('Section Load'!AM18>0,'Section Load'!AM18,0)) -> 765 | AM15: =(IF('Water Report'!$Q$7>0,'Water Report'!$Q$7,0)) -> 87 | AN15: =(IF('Water Report'!$Q$8>0,'Water Report'!$Q$8,0)) -> 99 | AO15: =(IF('Water Report'!$Q$9>0,'Water Report'!$Q$9,0)) -> 74 | AP15: =(IF('Water Report'!$Q$10>0,'Water Report'!$Q$10,0)) -> 24 | AQ15: =(IF('Water Report'!$Q$11>0,'Water Report'!$Q$11,0)) -> 22 | AR15: =(IF('Water Report'!$Q$13>0,'Water Report'!$Q$13,0)) -> 22 | AS15: =(IF('Water Report'!$Q$14>0,'Water Report'!$Q$14,0)) -> 10 | AT15: =(IF('Water Report'!$Q$15>0,'Water Report'!$Q$15,0)) -> 16 | AU15: =(IF('Water Report'!$Q$17>0,'Water Report'!$Q$17,0)) -> 0 | AV15: =(IF('Water Report'!$Q$18>0,'Water Report'!$Q$18,0)) -> 10 | AW15: =(IF('Water Report'!$Q$19>0,'Water Report'!$Q$19,0)) -> 4 | AX15: =(IF('Water Report'!$Q$21>0,'Water Report'!$Q$21,0)) -> 65 | AY15: =(IF('Water Report'!$Q$22>0,'Water Report'!$Q$22,0)) -> 13 | AZ15: =(IF('Water Report'!$Q$23>0,'Water Report'!$Q$23,0)) -> 0 | BA15: =(IF('Water Report'!$Q$14>0,'Water Report'!$Q$14,0)) -> 10 | BB15: =(IF('Water Report'!$Q$15>0,'Water Report'!$Q$15,0)) -> 16 | BC15: =(IF('Water Report'!$Q$13>0,'Water Report'!$Q$13,0)) -> 22 | BD15: =(IF('Water Report'!$Q$24>0,'Water Report'!$Q$24,0)) -> 205 | BE15: =(IF('Water Report'!$Q$25>0,'Water Report'!$Q$25,0)) -> 146 | BF15: =(IF('Water Report'!$Q$27>0,'Water Report'!$Q$27,0)) -> 87 | BG15: =(IF('Section Load'!AN18>0,'Section Load'!AN18,0)) -> 797.81 | BH15: =(IF('Section Load'!AO18>0,'Section Load'!AO18,0)) -> 251.74 | BI15: =(IF('Section Load'!AP18>0,'Section Load'!AP18,0)) -> 0.4 | BJ15: =(IF('Section Load'!AQ18>0,'Section Load'!AQ18,0)) -> 119.19 | BK15: =(IF('Section Load'!AR18>0,'Section Load'!AR18,0)) -> 45.3 | BL15: =(IF('Section Load'!AS18>0,'Section Load'!AS18,0)) -> 3.7 | BM15: =(IF('Section Load'!AT18>0,'Section Load'!AT18,0)) -> 377.48
A16: Mumbai | B16: =B15+1 -> 15 | C16: 7 | D16: 2021 | E16: =(IF('Section Load'!F19>0,'Section Load'!F19,0)) -> 2947.52 | F16: =(IF('Section Load'!G19>0,'Section Load'!G19,0)) -> 1595.38 | G16: =(IF('Section Load'!H19>0,'Section Load'!H19,0)) -> 1645.37 | H16: =(IF('Section Load'!I19>0,'Section Load'!I19,0)) -> 3733.81 | I16: =(IF('Section Load'!J19>0,'Section Load'!J19,0)) -> 6384.17 | J16: =(IF('Section Load'!K19>0,'Section Load'!K19,0)) -> 2774.3 | K16: =(IF('Section Load'!L19>0,'Section Load'!L19,0)) -> 1449.7 | L16: =(IF('Section Load'!M19>0,'Section Load'!M19,0)) -> 1106.87 | ... AL16: =(IF('Section Load'!AM19>0,'Section Load'!AM19,0)) -> 743 | AM16: =(IF('Water Report'!$R$7>0,'Water Report'!$R$7,0)) -> 75 | AN16: =(IF('Water Report'!$R$8>0,'Water Report'!$R$8,0)) -> 147 | AO16: =(IF('Water Report'!$R$9>0,'Water Report'!$R$9,0)) -> 78 | AP16: =(IF('Water Report'!$R$10>0,'Water Report'!$R$10,0)) -> 21 | AQ16: =(IF('Water Report'!$R$11>0,'Water Report'!$R$11,0)) -> 26 | AR16: =(IF('Water Report'!$R$13>0,'Water Report'!$R$13,0)) -> 36 | AS16: =(IF('Water Report'!$R$14>0,'Water Report'!$R$14,0)) -> 14 | AT16: =(IF('Water Report'!$R$15>0,'Water Report'!$R$15,0)) -> 8 | AU16: =(IF('Water Report'!$R$17>0,'Water Report'!$R$17,0)) -> 0 | AV16: =(IF('Water Report'!$R$18>0,'Water Report'!$R$18,0)) -> 8 | AW16: =(IF('Water Report'!$R$19>0,'Water Report'!$R$19,0)) -> 4 | AX16: =(IF('Water Report'!$R$21>0,'Water Report'!$R$21,0)) -> 65 | AY16: =(IF('Water Report'!$R$22>0,'Water Report'!$R$22,0)) -> 7 | AZ16: =(IF('Water Report'!$R$23>0,'Water Report'!$R$23,0)) -> 0 | BA16: =(IF('Water Report'!$R$14>0,'Water Report'!$R$14,0)) -> 14 | BB16: =(IF('Water Report'!$R$15>0,'Water Report'!$R$15,0)) -> 8 | BC16: =(IF('Water Report'!$R$13>0,'Water Report'!$R$13,0)) -> 36 | BD16: =(IF('Water Report'!$R$24>0,'Water Report'!$R$24,0)) -> 184 | BE16: =(IF('Water Report'!$R$25>0,'Water Report'!$R$25,0)) -> 147 | BF16: =(IF('Water Report'!$R$27>0,'Water Report'!$R$27,0)) -> 101 | BG16: =(IF('Section Load'!AN19>0,'Section Load'!AN19,0)) -> 947.813 | BH16: =(IF('Section Load'!AO19>0,'Section Load'!AO19,0)) -> 253.43 | BI16: =(IF('Section Load'!AP19>0,'Section Load'!AP19,0)) -> 0 | BJ16: =(IF('Section Load'!AQ19>0,'Section Load'!AQ19,0)) -> 122.16 | BK16: =(IF('Section Load'!AR19>0,'Section Load'!AR19,0)) -> 37.9 | BL16: =(IF('Section Load'!AS19>0,'Section Load'!AS19,0)) -> 5.7 | BM16: =(IF('Section Load'!AT19>0,'Section Load'!AT19,0)) -> 528.623
A17: Mumbai | B17: =B16+1 -> 16 | C17: 7 | D17: 2021 | E17: =(IF('Section Load'!F20>0,'Section Load'!F20,0)) -> 3155.48 | F17: =(IF('Section Load'!G20>0,'Section Load'!G20,0)) -> 1642.17 | G17: =(IF('Section Load'!H20>0,'Section Load'!H20,0)) -> 1628.41 | H17: =(IF('Section Load'!I20>0,'Section Load'!I20,0)) -> 3776.22 | I17: =(IF('Section Load'!J20>0,'Section Load'!J20,0)) -> 6367.01 | J17: =(IF('Section Load'!K20>0,'Section Load'!K20,0)) -> 2623.9 | K17: =(IF('Section Load'!L20>0,'Section Load'!L20,0)) -> 1102.16 | L17: =(IF('Section Load'!M20>0,'Section Load'!M20,0)) -> 1003.58 | ... AL17: =(IF('Section Load'!AM20>0,'Section Load'!AM20,0)) -> 734 | AM17: =(IF('Water Report'!$S$7>0,'Water Report'!$S$7,0)) -> 103 | AN17: =(IF('Water Report'!$S$8>0,'Water Report'!$S$8,0)) -> 71 | AO17: =(IF('Water Report'!$S$9>0,'Water Report'!$S$9,0)) -> 96 | AP17: =(IF('Water Report'!$S$10>0,'Water Report'!$D$10,0)) -> 17 | AQ17: =(IF('Water Report'!$S$11>0,'Water Report'!$D$11,0)) -> 18 | AR17: =(IF('Water Report'!$S$13>0,'Water Report'!$D$13,0)) -> 50 | AS17: =(IF('Water Report'!$S$14>0,'Water Report'!$D$14,0)) -> 6 | AT17: =(IF('Water Report'!$S$15>0,'Water Report'!$D$15,0)) -> 6 | AU17: =(IF('Water Report'!$S$17>0,'Water Report'!$D$17,0)) -> 0 | AV17: =(IF('Water Report'!$S$18>0,'Water Report'!$D$18,0)) -> 12 | AW17: =(IF('Water Report'!$S$19>0,'Water Report'!$D$19,0)) -> 5 | AX17: =(IF('Water Report'!$S$21>0,'Water Report'!$D$21,0)) -> 98 | AY17: =(IF('Water Report'!$S$22>0,'Water Report'!$D$22,0)) -> 40 | AZ17: =(IF('Water Report'!$S$23>0,'Water Report'!$D$23,0)) -> 0 | BA17: =(IF('Water Report'!$S$14>0,'Water Report'!$D$14,0)) -> 6 | BB17: =(IF('Water Report'!$S$15>0,'Water Report'!$D$15,0)) -> 6 | BC17: =(IF('Water Report'!$S$13>0,'Water Report'!$D$13,0)) -> 50 | BD17: =(IF('Water Report'!$S$24>0,'Water Report'!$D$24,0)) -> 154 | BE17: =(IF('Water Report'!$S$25>0,'Water Report'!$D$25,0)) -> 133 | BF17: =(IF('Water Report'!$S$27>0,'Water Report'!$D$27,0)) -> 148 | BG17: =(IF('Section Load'!AN20>0,'Section Load'!AN20,0)) -> 837.257 | BH17: =(IF('Section Load'!AO20>0,'Section Load'!AO20,0)) -> 265.34 | BI17: =(IF('Section Load'!AP20>0,'Section Load'!AP20,0)) -> 0 | BJ17: =(IF('Section Load'!AQ20>0,'Section Load'!AQ20,0)) -> 99.18 | BK17: =(IF('Section Load'!AR20>0,'Section Load'!AR20,0)) -> 41 | BL17: =(IF('Section Load'!AS20>0,'Section Load'!AS20,0)) -> 7 | BM17: =(IF('Section Load'!AT20>0,'Section Load'!AT20,0)) -> 424.737
A18: Mumbai | B18: =B17+1 -> 17 | C18: 7 | D18: 2021 | E18: =(IF('Section Load'!F21>0,'Section Load'!F21,0)) -> 3270.42 | F18: =(IF('Section Load'!G21>0,'Section Load'!G21,0)) -> 1656.55 | G18: =(IF('Section Load'!H21>0,'Section Load'!H21,0)) -> 1759.92 | H18: =(IF('Section Load'!I21>0,'Section Load'!I21,0)) -> 3718.93 | I18: =(IF('Section Load'!J21>0,'Section Load'!J21,0)) -> 8133.4 | J18: =(IF('Section Load'!K21>0,'Section Load'!K21,0)) -> 3097.4 | K18: =(IF('Section Load'!L21>0,'Section Load'!L21,0)) -> 1300.44 | L18: =(IF('Section Load'!M21>0,'Section Load'!M21,0)) -> 1131.82 | ... AL18: =(IF('Section Load'!AM21>0,'Section Load'!AM21,0)) -> 678 | AM18: =(IF('Water Report'!$T$7>0,'Water Report'!$T$7,0)) -> 101 | AN18: =(IF('Water Report'!$T$8>0,'Water Report'!$T$8,0)) -> 190 | AO18: =(IF('Water Report'!$T$9>0,'Water Report'!$T$9,0)) -> 89 | AP18: =(IF('Water Report'!$T$10>0,'Water Report'!$T$10,0)) -> 30 | AQ18: =(IF('Water Report'!$T$11>0,'Water Report'!$T$11,0)) -> 30 | AR18: =(IF('Water Report'!$T$13>0,'Water Report'!$T$13,0)) -> 23 | AS18: =(IF('Water Report'!$T$14>0,'Water Report'!$T$14,0)) -> 16 | AT18: =(IF('Water Report'!$T$15>0,'Water Report'!$T$15,0)) -> 8 | AU18: =(IF('Water Report'!$T$17>0,'Water Report'!$T$17,0)) -> 0 | AV18: =(IF('Water Report'!$T$18>0,'Water Report'!$T$18,0)) -> 11 | AW18: =(IF('Water Report'!$T$19>0,'Water Report'!$T$19,0)) -> 4 | AX18: =(IF('Water Report'!$T$21>0,'Water Report'!$T$21,0)) -> 66 | AY18: =(IF('Water Report'!$T$22>0,'Water Report'!$T$22,0)) -> 26 | AZ18: =(IF('Water Report'!$T$23>0,'Water Report'!$T$23,0)) -> 0 | BA18: =(IF('Water Report'!$T$14>0,'Water Report'!$T$14,0)) -> 16 | BB18: =(IF('Water Report'!$T$15>0,'Water Report'!$T$15,0)) -> 8 | BC18: =(IF('Water Report'!$T$13>0,'Water Report'!$T$13,0)) -> 23 | BD18: =(IF('Water Report'!$T$24>0,'Water Report'!$T$24,0)) -> 201 | BE18: =(IF('Water Report'!$T$25>0,'Water Report'!$T$25,0)) -> 173 | BF18: =(IF('Water Report'!$T$27>0,'Water Report'!$T$27,0)) -> 89 | BG18: =(IF('Section Load'!AN21>0,'Section Load'!AN21,0)) -> 981.661 | BH18: =(IF('Section Load'!AO21>0,'Section Load'!AO21,0)) -> 289.02 | BI18: =(IF('Section Load'!AP21>0,'Section Load'!AP21,0)) -> 0 | BJ18: =(IF('Section Load'!AQ21>0,'Section Load'!AQ21,0)) -> 114.2 | BK18: =(IF('Section Load'!AR21>0,'Section Load'!AR21,0)) -> 41 | BL18: =(IF('Section Load'!AS21>0,'Section Load'!AS21,0)) -> 6.7 | BM18: =(IF('Section Load'!AT21>0,'Section Load'!AT21,0)) -> 530.741
A19: Mumbai | B19: =B18+1 -> 18 | C19: 7 | D19: 2021 | E19: =(IF('Section Load'!F22>0,'Section Load'!F22,0)) -> 3484.808 | F19: =(IF('Section Load'!G22>0,'Section Load'!G22,0)) -> 1846.52 | G19: =(IF('Section Load'!H22>0,'Section Load'!H22,0)) -> 1840.98 | H19: =(IF('Section Load'!I22>0,'Section Load'!I22,0)) -> 3750.84 | I19: =(IF('Section Load'!J22>0,'Section Load'!J22,0)) -> 8129.57 | J19: =(IF('Section Load'!K22>0,'Section Load'!K22,0)) -> 3145.2 | K19: =(IF('Section Load'!L22>0,'Section Load'!L22,0)) -> 1712.2 | L19: =(IF('Section Load'!M22>0,'Section Load'!M22,0)) -> 1191.63 | ... AL19: =(IF('Section Load'!AM22>0,'Section Load'!AM22,0)) -> 823 | AM19: =(IF('Water Report'!$U$7>0,'Water Report'!$U$7,0)) -> 163 | AN19: =(IF('Water Report'!$U$8>0,'Water Report'!$U$8,0)) -> 160 | AO19: =(IF('Water Report'!$U$9>0,'Water Report'!$U$9,0)) -> 90 | AP19: =(IF('Water Report'!$U$10>0,'Water Report'!$U$10,0)) -> 30 | AQ19: =(IF('Water Report'!$U$11>0,'Water Report'!$U$11,0)) -> 29 | AR19: =(IF('Water Report'!$U$13>0,'Water Report'!$U$13,0)) -> 27 | AS19: =(IF('Water Report'!$U$14>0,'Water Report'!$U$14,0)) -> 19 | AT19: =(IF('Water Report'!$U$15>0,'Water Report'!$U$15,0)) -> 9 | AU19: =(IF('Water Report'!$U$17>0,'Water Report'!$U$17,0)) -> 0 | AV19: =(IF('Water Report'!$U$18>0,'Water Report'!$U$18,0)) -> 10 | AW19: =(IF('Water Report'!$U$19>0,'Water Report'!$U$19,0)) -> 5 | AX19: =(IF('Water Report'!$U$21>0,'Water Report'!$U$21,0)) -> 65 | AY19: =(IF('Water Report'!$U$22>0,'Water Report'!$U$22,0)) -> 12 | AZ19: =(IF('Water Report'!$U$23>0,'Water Report'!$U$23,0)) -> 0 | BA19: =(IF('Water Report'!$U$14>0,'Water Report'!$U$14,0)) -> 19 | BB19: =(IF('Water Report'!$U$15>0,'Water Report'!$U$15,0)) -> 9 | BC19: =(IF('Water Report'!$U$13>0,'Water Report'!$U$13,0)) -> 27 | BD19: =(IF('Water Report'!$U$24>0,'Water Report'!$U$24,0)) -> 179 | BE19: =(IF('Water Report'!$U$25>0,'Water Report'!$U$25,0)) -> 177 | BF19: =(IF('Water Report'!$U$27>0,'Water Report'!$U$27,0)) -> 92 | BG19: =(IF('Section Load'!AN22>0,'Section Load'!AN22,0)) -> 908.879 | BH19: =(IF('Section Load'!AO22>0,'Section Load'!AO22,0)) -> 295.74 | BI19: =(IF('Section Load'!AP22>0,'Section Load'!AP22,0)) -> 0 | BJ19: =(IF('Section Load'!AQ22>0,'Section Load'!AQ22,0)) -> 107.8 | BK19: =(IF('Section Load'!AR22>0,'Section Load'!AR22,0)) -> 45.1 | BL19: =(IF('Section Load'!AS22>0,'Section Load'!AS22,0)) -> 4.9 | BM19: =(IF('Section Load'!AT22>0,'Section Load'!AT22,0)) -> 455.339
A20: Mumbai | B20: =B19+1 -> 19 | C20: 7 | D20: 2021 | E20: =(IF('Section Load'!F23>0,'Section Load'!F23,0)) -> 3252.302 | F20: =(IF('Section Load'!G23>0,'Section Load'!G23,0)) -> 1591.16 | G20: =(IF('Section Load'!H23>0,'Section Load'!H23,0)) -> 1606.46 | H20: =(IF('Section Load'!I23>0,'Section Load'!I23,0)) -> 3770.33 | I20: =(IF('Section Load'!J23>0,'Section Load'!J23,0)) -> 6446.2 | J20: =(IF('Section Load'!K23>0,'Section Load'!K23,0)) -> 2549.57 | K20: =(IF('Section Load'!L23>0,'Section Load'!L23,0)) -> 1093.93 | L20: =(IF('Section Load'!M23>0,'Section Load'!M23,0)) -> 815.72 | ... AL20: =(IF('Section Load'!AM23>0,'Section Load'!AM23,0)) -> 776 | AM20: =(IF('Water Report'!$V$7>0,'Water Report'!$V$7,0)) -> 100 | AN20: =(IF('Water Report'!$V$8>0,'Water Report'!$V$8,0)) -> 154 | AO20: =(IF('Water Report'!$V$9>0,'Water Report'!$V$9,0)) -> 76 | AP20: =(IF('Water Report'!$V$10>0,'Water Report'!$V$10,0)) -> 18 | AQ20: =(IF('Water Report'!$V$11>0,'Water Report'!$V$11,0)) -> 23 | AR20: =(IF('Water Report'!$V$13>0,'Water Report'!$V$13,0)) -> 35 | AS20: =(IF('Water Report'!$V$14>0,'Water Report'!$V$14,0)) -> 11 | AT20: =(IF('Water Report'!$V$15>0,'Water Report'!$V$15,0)) -> 6 | AU20: =(IF('Water Report'!$V$17>0,'Water Report'!$V$17,0)) -> 0 | AV20: =(IF('Water Report'!$V$18>0,'Water Report'!$V$18,0)) -> 10 | AW20: =(IF('Water Report'!$V$19>0,'Water Report'!$V$19,0)) -> 6 | AX20: =(IF('Water Report'!$V$21>0,'Water Report'!$V$21,0)) -> 66 | AY20: =(IF('Water Report'!$V$22>0,'Water Report'!$V$22,0)) -> 40 | AZ20: =(IF('Water Report'!$V$23>0,'Water Report'!$V$23,0)) -> 0 | BA20: =(IF('Water Report'!$V$14>0,'Water Report'!$V$14,0)) -> 11 | BB20: =(IF('Water Report'!$V$15>0,'Water Report'!$V$15,0)) -> 6 | BC20: =(IF('Water Report'!$V$13>0,'Water Report'!$V$13,0)) -> 35 | BD20: =(IF('Water Report'!$V$24>0,'Water Report'!$V$24,0)) -> 257 | BE20: =(IF('Water Report'!$V$25>0,'Water Report'!$V$25,0)) -> 134 | BF20: =(IF('Water Report'!$V$27>0,'Water Report'!$V$27,0)) -> 101 | BG20: =(IF('Section Load'!AN23>0,'Section Load'!AN23,0)) -> 880.58 | BH20: =(IF('Section Load'!AO23>0,'Section Load'!AO23,0)) -> 267.73 | BI20: =(IF('Section Load'!AP23>0,'Section Load'!AP23,0)) -> 0 | BJ20: =(IF('Section Load'!AQ23>0,'Section Load'!AQ23,0)) -> 68.47 | BK20: =(IF('Section Load'!AR23>0,'Section Load'!AR23,0)) -> 31.7 | BL20: =(IF('Section Load'!AS23>0,'Section Load'!AS23,0)) -> 0 | BM20: =(IF('Section Load'!AT23>0,'Section Load'!AT23,0)) -> 512.68
A21: Mumbai | B21: =B20+1 -> 20 | C21: 7 | D21: 2021 | E21: =(IF('Section Load'!F24>0,'Section Load'!F24,0)) -> 2573.21 | F21: =(IF('Section Load'!G24>0,'Section Load'!G24,0)) -> 1586.97 | G21: =(IF('Section Load'!H24>0,'Section Load'!H24,0)) -> 1448.93 | H21: =(IF('Section Load'!I24>0,'Section Load'!I24,0)) -> 3767.43 | I21: =(IF('Section Load'!J24>0,'Section Load'!J24,0)) -> 7204.54 | J21: =(IF('Section Load'!K24>0,'Section Load'!K24,0)) -> 2710.7 | K21: =(IF('Section Load'!L24>0,'Section Load'!L24,0)) -> 1063.75 | L21: =(IF('Section Load'!M24>0,'Section Load'!M24,0)) -> 1166.52 | ... AL21: =(IF('Section Load'!AM24>0,'Section Load'!AM24,0)) -> 727 | AM21: =(IF('Water Report'!$W$7>0,'Water Report'!$W$7,0)) -> 35 | AN21: =(IF('Water Report'!$W$8>0,'Water Report'!$W$8,0)) -> 151 | AO21: =(IF('Water Report'!$W$9>0,'Water Report'!$W$9,0)) -> 51 | AP21: =(IF('Water Report'!$W$10>0,'Water Report'!$W$10,0)) -> 15 | AQ21: =(IF('Water Report'!$W$11>0,'Water Report'!$W$11,0)) -> 17 | AR21: =(IF('Water Report'!$W$13>0,'Water Report'!$W$13,0)) -> 10 | AS21: =(IF('Water Report'!$W$14>0,'Water Report'!$W$14,0)) -> 15 | AT21: =(IF('Water Report'!$W$15>0,'Water Report'!$W$15,0)) -> 4 | AU21: =(IF('Water Report'!$W$17>0,'Water Report'!$W$17,0)) -> 0 | AV21: =(IF('Water Report'!$W$18>0,'Water Report'!$W$18,0)) -> 0 | AW21: =(IF('Water Report'!$W$19>0,'Water Report'!$W$19,0)) -> 0 | AX21: =(IF('Water Report'!$W$21>0,'Water Report'!$W$21,0)) -> 66 | AY21: =(IF('Water Report'!$W$22>0,'Water Report'!$W$22,0)) -> 33 | AZ21: =(IF('Water Report'!$W$23>0,'Water Report'!$W$23,0)) -> 0 | BA21: =(IF('Water Report'!$W$14>0,'Water Report'!$W$14,0)) -> 15 | BB21: =(IF('Water Report'!$W$15>0,'Water Report'!$W$15,0)) -> 4 | BC21: =(IF('Water Report'!$W$13>0,'Water Report'!$W$13,0)) -> 10 | BD21: =(IF('Water Report'!$W$24>0,'Water Report'!$W$24,0)) -> 143 | BE21: =(IF('Water Report'!$W$25>0,'Water Report'!$W$25,0)) -> 102 | BF21: =(IF('Water Report'!$W$27>0,'Water Report'!$W$27,0)) -> 76 | BG21: =(IF('Section Load'!AN24>0,'Section Load'!AN24,0)) -> 465 | BH21: =(IF('Section Load'!AO24>0,'Section Load'!AO24,0)) -> 260.45 | BI21: =(IF('Section Load'!AP24>0,'Section Load'!AP24,0)) -> 0 | BJ21: =(IF('Section Load'!AQ24>0,'Section Load'!AQ24,0)) -> 81.23 | BK21: =(IF('Section Load'!AR24>0,'Section Load'!AR24,0)) -> 37 | BL21: =(IF('Section Load'!AS24>0,'Section Load'!AS24,0)) -> 1.7 | BM21: =(IF('Section Load'!AT24>0,'Section Load'!AT24,0)) -> 84.62
A22: Mumbai | B22: =B21+1 -> 21 | C22: 7 | D22: 2021 | E22: =(IF('Section Load'!F25>0,'Section Load'!F25,0)) -> 2837.54 | F22: =(IF('Section Load'!G25>0,'Section Load'!G25,0)) -> 1602.92 | G22: =(IF('Section Load'!H25>0,'Section Load'!H25,0)) -> 1578.05 | H22: =(IF('Section Load'!I25>0,'Section Load'!I25,0)) -> 3741.52 | I22: =(IF('Section Load'!J25>0,'Section Load'!J25,0)) -> 6289.11 | J22: =(IF('Section Load'!K25>0,'Section Load'!K25,0)) -> 2552.6 | K22: =(IF('Section Load'!L25>0,'Section Load'!L25,0)) -> 1014.92 | L22: =(IF('Section Load'!M25>0,'Section Load'!M25,0)) -> 759.4 | ... AL22: =(IF('Section Load'!AM25>0,'Section Load'!AM25,0)) -> 697 | AM22: =(IF('Water Report'!$X$7>0,'Water Report'!$X$7,0)) -> 79 | AN22: =(IF('Water Report'!$X$8>0,'Water Report'!$X$8,0)) -> 118 | AO22: =(IF('Water Report'!$X$9>0,'Water Report'!$X$9,0)) -> 79 | AP22: =(IF('Water Report'!$X$10>0,'Water Report'!$X$10,0)) -> 18 | AQ22: =(IF('Water Report'!$X$11>0,'Water Report'!$X$11,0)) -> 23 | AR22: =(IF('Water Report'!$X$13>0,'Water Report'!$X$13,0)) -> 18 | AS22: =(IF('Water Report'!$X$14>0,'Water Report'!$X$14,0)) -> 19 | AT22: =(IF('Water Report'!$X$15>0,'Water Report'!$X$15,0)) -> 11 | AU22: =(IF('Water Report'!$X$17>0,'Water Report'!$X$17,0)) -> 0 | AV22: =(IF('Water Report'!$X$18>0,'Water Report'!$X$18,0)) -> 12 | AW22: =(IF('Water Report'!$X$19>0,'Water Report'!$X$19,0)) -> 6 | AX22: =(IF('Water Report'!$X$21>0,'Water Report'!$X$21,0)) -> 66 | AY22: =(IF('Water Report'!$X$22>0,'Water Report'!$X$22,0)) -> 4 | AZ22: =(IF('Water Report'!$X$23>0,'Water Report'!$X$23,0)) -> 0 | BA22: =(IF('Water Report'!$X$14>0,'Water Report'!$X$14,0)) -> 19 | BB22: =(IF('Water Report'!$X$15>0,'Water Report'!$X$15,0)) -> 11 | BC22: =(IF('Water Report'!$X$13>0,'Water Report'!$X$13,0)) -> 18 | BD22: =(IF('Water Report'!$X$24>0,'Water Report'!$X$24,0)) -> 175 | BE22: =(IF('Water Report'!$X$25>0,'Water Report'!$X$25,0)) -> 150 | BF22: =(IF('Water Report'!$X$27>0,'Water Report'!$X$27,0)) -> 84 | BG22: =(IF('Section Load'!AN25>0,'Section Load'!AN25,0)) -> 926.72 | BH22: =(IF('Section Load'!AO25>0,'Section Load'!AO25,0)) -> 269.23 | BI22: =(IF('Section Load'!AP25>0,'Section Load'!AP25,0)) -> 0 | BJ22: =(IF('Section Load'!AQ25>0,'Section Load'!AQ25,0)) -> 85.07 | BK22: =(IF('Section Load'!AR25>0,'Section Load'!AR25,0)) -> 39.6 | BL22: =(IF('Section Load'!AS25>0,'Section Load'!AS25,0)) -> 1.3 | BM22: =(IF('Section Load'!AT25>0,'Section Load'!AT25,0)) -> 531.52
A23: Mumbai | B23: =B22+1 -> 22 | C23: 7 | D23: 2021 | E23: =(IF('Section Load'!F26>0,'Section Load'!F26,0)) -> 0 | F23: =(IF('Section Load'!G26>0,'Section Load'!G26,0)) -> 0 | G23: =(IF('Section Load'!H26>0,'Section Load'!H26,0)) -> 0 | H23: =(IF('Section Load'!I26>0,'Section Load'!I26,0)) -> 0 | I23: =(IF('Section Load'!J26>0,'Section Load'!J26,0)) -> 0 | J23: =(IF('Section Load'!K26>0,'Section Load'!K26,0)) -> 0 | K23: =(IF('Section Load'!L26>0,'Section Load'!L26,0)) -> 0 | L23: =(IF('Section Load'!M26>0,'Section Load'!M26,0)) -> 0 | ... AL23: =(IF('Section Load'!AM26>0,'Section Load'!AM26,0)) -> 0 | AM23: =(IF('Water Report'!$Y$7>0,'Water Report'!$Y$7,0)) -> 0 | AN23: =(IF('Water Report'!$Y$8>0,'Water Report'!$Y$8,0)) -> 0 | AO23: =(IF('Water Report'!$Y$9>0,'Water Report'!$Y$9,0)) -> 0 | AP23: =(IF('Water Report'!$Y$10>0,'Water Report'!$Y$10,0)) -> 0 | AQ23: =(IF('Water Report'!$Y$11>0,'Water Report'!$Y$11,0)) -> 0 | AR23: =(IF('Water Report'!$Y$13>0,'Water Report'!$Y$13,0)) -> 0 | AS23: =(IF('Water Report'!$Y$14>0,'Water Report'!$Y$14,0)) -> 0 | AT23: =(IF('Water Report'!$Y$15>0,'Water Report'!$Y$15,0)) -> 0 | AU23: =(IF('Water Report'!$Y$17>0,'Water Report'!$Y$17,0)) -> 0 | AV23: =(IF('Water Report'!$Y$18>0,'Water Report'!$Y$18,0)) -> 0 | AW23: =(IF('Water Report'!$Y$19>0,'Water Report'!$Y$19,0)) -> 0 | AX23: =(IF('Water Report'!$Y$21>0,'Water Report'!$Y$21,0)) -> 0 | AY23: =(IF('Water Report'!$Y$22>0,'Water Report'!$Y$22,0)) -> 0 | AZ23: =(IF('Water Report'!$Y$23>0,'Water Report'!$Y$23,0)) -> 0 | BA23: =(IF('Water Report'!$Y$14>0,'Water Report'!$Y$14,0)) -> 0 | BB23: =(IF('Water Report'!$Y$15>0,'Water Report'!$Y$15,0)) -> 0 | BC23: =(IF('Water Report'!$Y$13>0,'Water Report'!$Y$13,0)) -> 0 | BD23: =(IF('Water Report'!$Y$24>0,'Water Report'!$Y$24,0)) -> 0 | BE23: =(IF('Water Report'!$Y$25>0,'Water Report'!$Y$25,0)) -> 0 | BF23: =(IF('Water Report'!$Y$27>0,'Water Report'!$Y$27,0)) -> 0 | BG23: =(IF('Section Load'!AN26>0,'Section Load'!AN26,0)) -> 700 | BH23: =(IF('Section Load'!AO26>0,'Section Load'!AO26,0)) -> 0 | BI23: =(IF('Section Load'!AP26>0,'Section Load'!AP26,0)) -> 0 | BJ23: =(IF('Section Load'!AQ26>0,'Section Load'!AQ26,0)) -> 0 | BK23: =(IF('Section Load'!AR26>0,'Section Load'!AR26,0)) -> 0 | BL23: =(IF('Section Load'!AS26>0,'Section Load'!AS26,0)) -> 0 | BM23: =(IF('Section Load'!AT26>0,'Section Load'!AT26,0)) -> 12406.7
A24: Mumbai | B24: =B23+1 -> 23 | C24: 7 | D24: 2021 | E24: =(IF('Section Load'!F27>0,'Section Load'!F27,0)) -> 2677.49 | F24: =(IF('Section Load'!G27>0,'Section Load'!G27,0)) -> 1414.34 | G24: =(IF('Section Load'!H27>0,'Section Load'!H27,0)) -> 1354.22 | H24: =(IF('Section Load'!I27>0,'Section Load'!I27,0)) -> 3432.96 | I24: =(IF('Section Load'!J27>0,'Section Load'!J27,0)) -> 5831.95 | J24: =(IF('Section Load'!K27>0,'Section Load'!K27,0)) -> 2742.6 | K24: =(IF('Section Load'!L27>0,'Section Load'!L27,0)) -> 989.4 | L24: =(IF('Section Load'!M27>0,'Section Load'!M27,0)) -> 662.31 | ... AL24: =(IF('Section Load'!AM27>0,'Section Load'!AM27,0)) -> 782 | AM24: =(IF('Water Report'!$Z$7>0,'Water Report'!$Z$7,0)) -> 32 | AN24: =(IF('Water Report'!$Z$8>0,'Water Report'!$Z$8,0)) -> 106 | AO24: =(IF('Water Report'!$Z$9>0,'Water Report'!$Z$9,0)) -> 43 | AP24: =(IF('Water Report'!$Z$10>0,'Water Report'!$Z$10,0)) -> 17 | AQ24: =(IF('Water Report'!$Z$11>0,'Water Report'!$Z$11,0)) -> 22 | AR24: =(IF('Water Report'!$Z$13>0,'Water Report'!$Z$13,0)) -> 55 | AS24: =(IF('Water Report'!$Z$14>0,'Water Report'!$Z$14,0)) -> 13 | AT24: =(IF('Water Report'!$Z$15>0,'Water Report'!$Z$15,0)) -> 5 | AU24: =(IF('Water Report'!$Z$17>0,'Water Report'!$Z$17,0)) -> 0 | AV24: =(IF('Water Report'!$Z$18>0,'Water Report'!$Z$18,0)) -> 2 | AW24: =(IF('Water Report'!$Z$19>0,'Water Report'!$Z$19,0)) -> 3 | AX24: =(IF('Water Report'!$Z$21>0,'Water Report'!$Z$21,0)) -> 56 | AY24: =(IF('Water Report'!$Z$22>0,'Water Report'!$Z$22,0)) -> 19 | AZ24: =(IF('Water Report'!$Z$23>0,'Water Report'!$Z$23,0)) -> 0 | BA24: =(IF('Water Report'!$Z$14>0,'Water Report'!$Z$14,0)) -> 13 | BB24: =(IF('Water Report'!$Z$15>0,'Water Report'!$Z$15,0)) -> 5 | BC24: =(IF('Water Report'!$Z$13>0,'Water Report'!$Z$13,0)) -> 55 | BD24: =(IF('Water Report'!$Z$24>0,'Water Report'!$Z$24,0)) -> 101 | BE24: =(IF('Water Report'!$Z$25>0,'Water Report'!$Z$25,0)) -> 100 | BF24: =(IF('Water Report'!$Z$27>0,'Water Report'!$Z$27,0)) -> 111 | BG24: =(IF('Section Load'!AN27>0,'Section Load'!AN27,0)) -> 700 | BH24: =(IF('Section Load'!AO27>0,'Section Load'!AO27,0)) -> 283.38 | BI24: =(IF('Section Load'!AP27>0,'Section Load'!AP27,0)) -> 0 | BJ24: =(IF('Section Load'!AQ27>0,'Section Load'!AQ27,0)) -> 88.61 | BK24: =(IF('Section Load'!AR27>0,'Section Load'!AR27,0)) -> 36.5 | BL24: =(IF('Section Load'!AS27>0,'Section Load'!AS27,0)) -> 2.5 | BM24: =(IF('Section Load'!AT27>0,'Section Load'!AT27,0)) -> 289.01
A25: Mumbai | B25: =B24+1 -> 24 | C25: 7 | D25: 2021 | E25: =(IF('Section Load'!F28>0,'Section Load'!F28,0)) -> 2800.5 | F25: =(IF('Section Load'!G28>0,'Section Load'!G28,0)) -> 1486.54 | G25: =(IF('Section Load'!H28>0,'Section Load'!H28,0)) -> 1527.96 | H25: =(IF('Section Load'!I28>0,'Section Load'!I28,0)) -> 3514.46 | I25: =(IF('Section Load'!J28>0,'Section Load'!J28,0)) -> 6559.3 | J25: =(IF('Section Load'!K28>0,'Section Load'!K28,0)) -> 2919.3 | K25: =(IF('Section Load'!L28>0,'Section Load'!L28,0)) -> 1520.61 | L25: =(IF('Section Load'!M28>0,'Section Load'!M28,0)) -> 1173.02 | ... AL25: =(IF('Section Load'!AM28>0,'Section Load'!AM28,0)) -> 750 | AM25: =(IF('Water Report'!$AA$7>0,'Water Report'!$AA$7,0)) -> 75 | AN25: =(IF('Water Report'!$AA$8>0,'Water Report'!$AA$8,0)) -> 99 | AO25: =(IF('Water Report'!$AA$9>0,'Water Report'!$AA$9,0)) -> 73 | AP25: =(IF('Water Report'!$AA$10>0,'Water Report'!$AA$10,0)) -> 19 | AQ25: =(IF('Water Report'!$AA$11>0,'Water Report'!$AA$11,0)) -> 20 | AR25: =(IF('Water Report'!$AA$13>0,'Water Report'!$AA$13,0)) -> 23 | AS25: =(IF('Water Report'!$AA$14>0,'Water Report'!$AA$14,0)) -> 10 | AT25: =(IF('Water Report'!$AA$15>0,'Water Report'!$AA$15,0)) -> 6 | AU25: =(IF('Water Report'!$AA$17>0,'Water Report'!$AA$17,0)) -> 0 | AV25: =(IF('Water Report'!$AA$18>0,'Water Report'!$AA$18,0)) -> 25 | AW25: =(IF('Water Report'!$AA$19>0,'Water Report'!$AA$19,0)) -> 3 | AX25: =(IF('Water Report'!$AA$21>0,'Water Report'!$AA$21,0)) -> 55 | AY25: =(IF('Water Report'!$AA$22>0,'Water Report'!$AA$22,0)) -> 57 | AZ25: =(IF('Water Report'!$AA$23>0,'Water Report'!$AA$23,0)) -> 0 | BA25: =(IF('Water Report'!$AA$14>0,'Water Report'!$AA$14,0)) -> 10 | BB25: =(IF('Water Report'!$AA$15>0,'Water Report'!$AA$15,0)) -> 6 | BC25: =(IF('Water Report'!$AA$13>0,'Water Report'!$AA$13,0)) -> 23 | BD25: =(IF('Water Report'!$AA$24>0,'Water Report'!$AA$24,0)) -> 164 | BE25: =(IF('Water Report'!$AA$25>0,'Water Report'!$AA$25,0)) -> 128 | BF25: =(IF('Water Report'!$AA$27>0,'Water Report'!$AA$27,0)) -> 78 | BG25: =(IF('Section Load'!AN28>0,'Section Load'!AN28,0)) -> 700 | BH25: =(IF('Section Load'!AO28>0,'Section Load'!AO28,0)) -> 288.85 | BI25: =(IF('Section Load'!AP28>0,'Section Load'!AP28,0)) -> 0 | BJ25: =(IF('Section Load'!AQ28>0,'Section Load'!AQ28,0)) -> 73.58 | BK25: =(IF('Section Load'!AR28>0,'Section Load'!AR28,0)) -> 34.8 | BL25: =(IF('Section Load'!AS28>0,'Section Load'!AS28,0)) -> 2.9 | BM25: =(IF('Section Load'!AT28>0,'Section Load'!AT28,0)) -> 300.27
A26: Mumbai | B26: =B25+1 -> 25 | C26: 7 | D26: 2021 | E26: =(IF('Section Load'!F29>0,'Section Load'!F29,0)) -> 2719.01 | F26: =(IF('Section Load'!G29>0,'Section Load'!G29,0)) -> 1517.87 | G26: =(IF('Section Load'!H29>0,'Section Load'!H29,0)) -> 1537.07 | H26: =(IF('Section Load'!I29>0,'Section Load'!I29,0)) -> 3655 | I26: =(IF('Section Load'!J29>0,'Section Load'!J29,0)) -> 5087 | J26: =(IF('Section Load'!K29>0,'Section Load'!K29,0)) -> 2649 | K26: =(IF('Section Load'!L29>0,'Section Load'!L29,0)) -> 1032 | L26: =(IF('Section Load'!M29>0,'Section Load'!M29,0)) -> 642 | ... AL26: =(IF('Section Load'!AM29>0,'Section Load'!AM29,0)) -> 732 | AM26: =(IF('Water Report'!$AB$7>0,'Water Report'!$AB$7,0)) -> 79 | AN26: =(IF('Water Report'!$AB$8>0,'Water Report'!$AB$8,0)) -> 91 | AO26: =(IF('Water Report'!$AB$9>0,'Water Report'!$AB$9,0)) -> 70 | AP26: =(IF('Water Report'!$AB$10>0,'Water Report'!$AB$10,0)) -> 21 | AQ26: =(IF('Water Report'!$AB$11>0,'Water Report'!$AB$11,0)) -> 19 | AR26: =(IF('Water Report'!$AB$13>0,'Water Report'!$AB$13,0)) -> 28 | AS26: =(IF('Water Report'!$AB$14>0,'Water Report'!$AB$14,0)) -> 29 | AT26: =(IF('Water Report'!$AB$15>0,'Water Report'!$AB$15,0)) -> 4 | AU26: =(IF('Water Report'!$AB$17>0,'Water Report'!$AB$17,0)) -> 0 | AV26: =(IF('Water Report'!$AB$18>0,'Water Report'!$AB$18,0)) -> 5 | AW26: =(IF('Water Report'!$AB$19>0,'Water Report'!$AB$19,0)) -> 5 | AX26: =(IF('Water Report'!$AB$21>0,'Water Report'!$AB$21,0)) -> 45 | AY26: =(IF('Water Report'!$AB$22>0,'Water Report'!$AB$22,0)) -> 16 | AZ26: =(IF('Water Report'!$AB$23>0,'Water Report'!$AB$23,0)) -> 0 | BA26: =(IF('Water Report'!$AB$14>0,'Water Report'!$AB$14,0)) -> 29 | BB26: =(IF('Water Report'!$AB$15>0,'Water Report'!$AB$15,0)) -> 4 | BC26: =(IF('Water Report'!$AB$13>0,'Water Report'!$AB$13,0)) -> 28 | BD26: =(IF('Water Report'!$AB$24>0,'Water Report'!$AB$24,0)) -> 170 | BE26: =(IF('Water Report'!$AB$25>0,'Water Report'!$AB$25,0)) -> 143 | BF26: =(IF('Water Report'!$AB$27>0,'Water Report'!$AB$27,0)) -> 73 | BG26: =(IF('Section Load'!AN29>0,'Section Load'!AN29,0)) -> 700 | BH26: =(IF('Section Load'!AO29>0,'Section Load'!AO29,0)) -> 265 | BI26: =(IF('Section Load'!AP29>0,'Section Load'!AP29,0)) -> 0 | BJ26: =(IF('Section Load'!AQ29>0,'Section Load'!AQ29,0)) -> 70 | BK26: =(IF('Section Load'!AR29>0,'Section Load'!AR29,0)) -> 39 | BL26: =(IF('Section Load'!AS29>0,'Section Load'!AS29,0)) -> 0 | BM26: =(IF('Section Load'!AT29>0,'Section Load'!AT29,0)) -> 326
A27: Mumbai | B27: =B26+1 -> 26 | C27: 7 | D27: 2021 | E27: =(IF('Section Load'!F30>0,'Section Load'!F30,0)) -> 3029.87 | F27: =(IF('Section Load'!G30>0,'Section Load'!G30,0)) -> 1521 | G27: =(IF('Section Load'!H30>0,'Section Load'!H30,0)) -> 1787 | H27: =(IF('Section Load'!I30>0,'Section Load'!I30,0)) -> 3678 | I27: =(IF('Section Load'!J30>0,'Section Load'!J30,0)) -> 6949 | J27: =(IF('Section Load'!K30>0,'Section Load'!K30,0)) -> 2958 | K27: =(IF('Section Load'!L30>0,'Section Load'!L30,0)) -> 1133 | L27: =(IF('Section Load'!M30>0,'Section Load'!M30,0)) -> 959 | ... AL27: =(IF('Section Load'!AM30>0,'Section Load'!AM30,0)) -> 872 | AM27: =(IF('Water Report'!$AC$7>0,'Water Report'!$AC$7,0)) -> 117 | AN27: =(IF('Water Report'!$AC$8>0,'Water Report'!$AC$8,0)) -> 127 | AO27: =(IF('Water Report'!$AC$9>0,'Water Report'!$AC$9,0)) -> 79 | AP27: =(IF('Water Report'!$AC$10>0,'Water Report'!$AC$10,0)) -> 29 | AQ27: =(IF('Water Report'!$AC$11>0,'Water Report'!$AC$11,0)) -> 34 | AR27: =(IF('Water Report'!$AC$13>0,'Water Report'!$AC$13,0)) -> 63 | AS27: =(IF('Water Report'!$AC$14>0,'Water Report'!$AC$14,0)) -> 30 | AT27: =(IF('Water Report'!$AC$15>0,'Water Report'!$AC$15,0)) -> 9 | AU27: =(IF('Water Report'!$AC$17>0,'Water Report'!$AC$17,0)) -> 0 | AV27: =(IF('Water Report'!$AC$18>0,'Water Report'!$AC$18,0)) -> 16 | AW27: =(IF('Water Report'!$AC$19>0,'Water Report'!$AC$19,0)) -> 5 | AX27: =(IF('Water Report'!$AC$21>0,'Water Report'!$AC$21,0)) -> 54 | AY27: =(IF('Water Report'!$AC$22>0,'Water Report'!$AC$22,0)) -> 71 | AZ27: =(IF('Water Report'!$AC$23>0,'Water Report'!$AC$23,0)) -> 0 | BA27: =(IF('Water Report'!$AC$14>0,'Water Report'!$AC$14,0)) -> 30 | BB27: =(IF('Water Report'!$AC$15>0,'Water Report'!$AC$15,0)) -> 9 | BC27: =(IF('Water Report'!$AC$13>0,'Water Report'!$AC$13,0)) -> 63 | BD27: =(IF('Water Report'!$AC$24>0,'Water Report'!$AC$24,0)) -> 215 | BE27: =(IF('Water Report'!$AC$25>0,'Water Report'!$AC$25,0)) -> 181 | BF27: =(IF('Water Report'!$AC$27>0,'Water Report'!$AC$27,0)) -> 117 | BG27: =(IF('Section Load'!AN30>0,'Section Load'!AN30,0)) -> 700 | BH27: =(IF('Section Load'!AO30>0,'Section Load'!AO30,0)) -> 306 | BI27: =(IF('Section Load'!AP30>0,'Section Load'!AP30,0)) -> 0.4 | BJ27: =(IF('Section Load'!AQ30>0,'Section Load'!AQ30,0)) -> 103 | BK27: =(IF('Section Load'!AR30>0,'Section Load'!AR30,0)) -> 37 | BL27: =(IF('Section Load'!AS30>0,'Section Load'!AS30,0)) -> 9 | BM27: =(IF('Section Load'!AT30>0,'Section Load'!AT30,0)) -> 244.6
A28: Mumbai | B28: =B27+1 -> 27 | C28: 7 | D28: 2021 | E28: =(IF('Section Load'!F31>0,'Section Load'!F31,0)) -> 3062.13 | F28: =(IF('Section Load'!G31>0,'Section Load'!G31,0)) -> 1492.13 | G28: =(IF('Section Load'!H31>0,'Section Load'!H31,0)) -> 1712.93 | H28: =(IF('Section Load'!I31>0,'Section Load'!I31,0)) -> 3715 | I28: =(IF('Section Load'!J31>0,'Section Load'!J31,0)) -> 6445 | J28: =(IF('Section Load'!K31>0,'Section Load'!K31,0)) -> 3057 | K28: =(IF('Section Load'!L31>0,'Section Load'!L31,0)) -> 1299 | L28: =(IF('Section Load'!M31>0,'Section Load'!M31,0)) -> 587 | ... AL28: =(IF('Section Load'!AM31>0,'Section Load'!AM31,0)) -> 884 | AM28: =(IF('Water Report'!$AD$7>0,'Water Report'!$AD$7,0)) -> 130 | AN28: =(IF('Water Report'!$AD$8>0,'Water Report'!$AD$8,0)) -> 114 | AO28: =(IF('Water Report'!$AD$9>0,'Water Report'!$AD$9,0)) -> 73 | AP28: =(IF('Water Report'!$AD$10>0,'Water Report'!AD$10,0)) -> 35 | AQ28: =(IF('Water Report'!$AD$11>0,'Water Report'!AE$11,0)) -> 16 | AR28: =(IF('Water Report'!$AD$13>0,'Water Report'!AF$13,0)) -> 47 | AS28: =(IF('Water Report'!$AD$14>0,'Water Report'!AG$14,0)) -> 8 | AT28: =(IF('Water Report'!$AD$15>0,'Water Report'!AH$15,0)) -> -243 | AU28: =(IF('Water Report'!$AD$17>0,'Water Report'!AI$17,0)) -> 0 | AV28: =(IF('Water Report'!$AD$18>0,'Water Report'!AJ$18,0)) -> 0 | AW28: =(IF('Water Report'!$AD$19>0,'Water Report'!AK$19,0)) -> 0 | AX28: =(IF('Water Report'!$AD$21>0,'Water Report'!AL$21,0)) -> 0 | AY28: =(IF('Water Report'!$AD$22>0,'Water Report'!AM$22,0)) -> 0 | AZ28: =(IF('Water Report'!$AD$23>0,'Water Report'!AN$23,0)) -> 0 | BA28: =(IF('Water Report'!$AD$14>0,'Water Report'!AO$14,0)) -> 0 | BB28: =(IF('Water Report'!$AD$15>0,'Water Report'!AP$15,0)) -> 0 | BC28: =(IF('Water Report'!$AD$13>0,'Water Report'!AQ$13,0)) -> 0 | BD28: =(IF('Water Report'!$AD$24>0,'Water Report'!AR$24,0)) -> 0 | BE28: =(IF('Water Report'!$AD$25>0,'Water Report'!AS$25,0)) -> 0 | BF28: =(IF('Water Report'!$AD$27>0,'Water Report'!AT$27,0)) -> 0 | BG28: =(IF('Section Load'!AN31>0,'Section Load'!AN31,0)) -> 700 | BH28: =(IF('Section Load'!AO31>0,'Section Load'!AO31,0)) -> 294 | BI28: =(IF('Section Load'!AP31>0,'Section Load'!AP31,0)) -> 0 | BJ28: =(IF('Section Load'!AQ31>0,'Section Load'!AQ31,0)) -> 92 | BK28: =(IF('Section Load'!AR31>0,'Section Load'!AR31,0)) -> 42 | BL28: =(IF('Section Load'!AS31>0,'Section Load'!AS31,0)) -> 7 | BM28: =(IF('Section Load'!AT31>0,'Section Load'!AT31,0)) -> 265
A29: Mumbai | B29: =B28+1 -> 28 | C29: 7 | D29: 2021 | E29: =(IF('Section Load'!F32>0,'Section Load'!F32,0)) -> 2775 | F29: =(IF('Section Load'!G32>0,'Section Load'!G32,0)) -> 1454 | G29: =(IF('Section Load'!H32>0,'Section Load'!H32,0)) -> 1688.07 | H29: =(IF('Section Load'!I32>0,'Section Load'!I32,0)) -> 3688 | I29: =(IF('Section Load'!J32>0,'Section Load'!J32,0)) -> 5515 | J29: =(IF('Section Load'!K32>0,'Section Load'!K32,0)) -> 2726.33 | K29: =(IF('Section Load'!L32>0,'Section Load'!L32,0)) -> 992 | L29: =(IF('Section Load'!M32>0,'Section Load'!M32,0)) -> 611 | ... AL29: =(IF('Section Load'!AM32>0,'Section Load'!AM32,0)) -> 818 | AM29: =(IF('Water Report'!$AE$7>0,'Water Report'!$AE$7,0)) -> 86 | AN29: =(IF('Water Report'!$AE$8>0,'Water Report'!$AE$8,0)) -> 97 | AO29: =(IF('Water Report'!$AE$9>0,'Water Report'!$AE$9,0)) -> 71 | AP29: =(IF('Water Report'!$AE$10>0,'Water Report'!$AE$10,0)) -> 24 | AQ29: =(IF('Water Report'!$AE$11>0,'Water Report'!$AE$11,0)) -> 16 | AR29: =(IF('Water Report'!$AE$13>0,'Water Report'!$AE$13,0)) -> 33 | AS29: =(IF('Water Report'!$AE$14>0,'Water Report'!$AE$14,0)) -> 27 | AT29: =(IF('Water Report'!$AE$15>0,'Water Report'!$AE$15,0)) -> 18 | AU29: =(IF('Water Report'!$AE$17>0,'Water Report'!$AE$17,0)) -> 0 | AV29: =(IF('Water Report'!$AE$18>0,'Water Report'!$AE$18,0)) -> 13 | AW29: =(IF('Water Report'!$AE$19>0,'Water Report'!$AE$19,0)) -> 6 | AX29: =(IF('Water Report'!$AE$21>0,'Water Report'!$AE$21,0)) -> 84 | AY29: =(IF('Water Report'!$AE$22>0,'Water Report'!$AE$22,0)) -> 32 | AZ29: =(IF('Water Report'!$AE$23>0,'Water Report'!$AE$23,0)) -> 0 | BA29: =(IF('Water Report'!$AE$14>0,'Water Report'!$AE$14,0)) -> 27 | BB29: =(IF('Water Report'!$AE$15>0,'Water Report'!$AE$15,0)) -> 18 | BC29: =(IF('Water Report'!$AE$13>0,'Water Report'!$AE$13,0)) -> 33 | BD29: =(IF('Water Report'!$AE$24>0,'Water Report'!$AE$24,0)) -> 194 | BE29: =(IF('Water Report'!$AE$25>0,'Water Report'!$AE$25,0)) -> 156 | BF29: =(IF('Water Report'!$AE$27>0,'Water Report'!$AE$27,0)) -> 117 | BG29: =(IF('Section Load'!AN32>0,'Section Load'!AN32,0)) -> 700 | BH29: =(IF('Section Load'!AO32>0,'Section Load'!AO32,0)) -> 284 | BI29: =(IF('Section Load'!AP32>0,'Section Load'!AP32,0)) -> 0 | BJ29: =(IF('Section Load'!AQ32>0,'Section Load'!AQ32,0)) -> 62 | BK29: =(IF('Section Load'!AR32>0,'Section Load'!AR32,0)) -> 30 | BL29: =(IF('Section Load'!AS32>0,'Section Load'!AS32,0)) -> 3 | BM29: =(IF('Section Load'!AT32>0,'Section Load'!AT32,0)) -> 321
A30: Mumbai | B30: =B29+1 -> 29 | C30: 7 | D30: 2021 | E30: =(IF('Section Load'!F33>0,'Section Load'!F33,0)) -> 2867 | F30: =(IF('Section Load'!G33>0,'Section Load'!G33,0)) -> 1416.87 | G30: =(IF('Section Load'!H33>0,'Section Load'!H33,0)) -> 1582 | H30: =(IF('Section Load'!I33>0,'Section Load'!I33,0)) -> 3564 | I30: =(IF('Section Load'!J33>0,'Section Load'!J33,0)) -> 6013 | J30: =(IF('Section Load'!K33>0,'Section Load'!K33,0)) -> 2620.67 | K30: =(IF('Section Load'!L33>0,'Section Load'!L33,0)) -> 958 | L30: =(IF('Section Load'!M33>0,'Section Load'!M33,0)) -> 608 | ... AL30: =(IF('Section Load'!AM33>0,'Section Load'!AM33,0)) -> 785 | AM30: =(IF('Water Report'!$AF$7>0,'Water Report'!$AF$7,0)) -> 72 | AN30: =(IF('Water Report'!$AF$8>0,'Water Report'!$AF$8,0)) -> 111 | AO30: =(IF('Water Report'!$AF$9>0,'Water Report'!$AF$9,0)) -> 61 | AP30: =(IF('Water Report'!$AF$10>0,'Water Report'!$AF$10,0)) -> 13 | AQ30: =(IF('Water Report'!$AF$11>0,'Water Report'!$AF$11,0)) -> 17 | AR30: =(IF('Water Report'!$AF$13>0,'Water Report'!$AF$13,0)) -> 47 | AS30: =(IF('Water Report'!$AF$14>0,'Water Report'!$AF$14,0)) -> 31 | AT30: =(IF('Water Report'!$AF$15>0,'Water Report'!$AF$15,0)) -> 11 | AU30: =(IF('Water Report'!$AF$17>0,'Water Report'!$AF$17,0)) -> 0 | AV30: =(IF('Water Report'!$AF$18>0,'Water Report'!$AF$18,0)) -> 6 | AW30: =(IF('Water Report'!$AF$19>0,'Water Report'!$AF$19,0)) -> 4 | AX30: =(IF('Water Report'!$AF$21>0,'Water Report'!$AF$21,0)) -> 87 | AY30: =(IF('Water Report'!$AF$22>0,'Water Report'!$AF$22,0)) -> 51 | AZ30: =(IF('Water Report'!$AF$23>0,'Water Report'!$AF$23,0)) -> 0 | BA30: =(IF('Water Report'!$AF$14>0,'Water Report'!$AF$14,0)) -> 31 | BB30: =(IF('Water Report'!$AF$15>0,'Water Report'!$AF$15,0)) -> 11 | BC30: =(IF('Water Report'!$AF$13>0,'Water Report'!$AF$13,0)) -> 47 | BD30: =(IF('Water Report'!$AF$24>0,'Water Report'!$AF$24,0)) -> 163 | BE30: =(IF('Water Report'!$AF$25>0,'Water Report'!$AF$25,0)) -> 133 | BF30: =(IF('Water Report'!$AF$27>0,'Water Report'!$AF$27,0)) -> 134 | BG30: =(IF('Section Load'!AN33>0,'Section Load'!AN33,0)) -> 700 | BH30: =(IF('Section Load'!AO33>0,'Section Load'!AO33,0)) -> 261 | BI30: =(IF('Section Load'!AP33>0,'Section Load'!AP33,0)) -> 0 | BJ30: =(IF('Section Load'!AQ33>0,'Section Load'!AQ33,0)) -> 60 | BK30: =(IF('Section Load'!AR33>0,'Section Load'!AR33,0)) -> 30 | BL30: =(IF('Section Load'!AS33>0,'Section Load'!AS33,0)) -> 2 | BM30: =(IF('Section Load'!AT33>0,'Section Load'!AT33,0)) -> 347.4
A31: Mumbai | B31: =B30+1 -> 30 | C31: 7 | D31: 2021 | E31: =(IF('Section Load'!F34>0,'Section Load'!F34,0)) -> 2702.87 | F31: =(IF('Section Load'!G34>0,'Section Load'!G34,0)) -> 1412.13 | G31: =(IF('Section Load'!H34>0,'Section Load'!H34,0)) -> 1353.93 | H31: =(IF('Section Load'!I34>0,'Section Load'!I34,0)) -> 3737 | I31: =(IF('Section Load'!J34>0,'Section Load'!J34,0)) -> 5709 | J31: =(IF('Section Load'!K34>0,'Section Load'!K34,0)) -> 2538 | K31: =(IF('Section Load'!L34>0,'Section Load'!L34,0)) -> 944 | L31: =(IF('Section Load'!M34>0,'Section Load'!M34,0)) -> 653 | ... AL31: =(IF('Section Load'!AM34>0,'Section Load'!AM34,0)) -> 840 | AM31: =(IF('Water Report'!$AG$7>0,'Water Report'!$AG$7,0)) -> 8 | AN31: =(IF('Water Report'!$AG$8>0,'Water Report'!$AG$8,0)) -> 110 | AO31: =(IF('Water Report'!$AG$9>0,'Water Report'!$AG$9,0)) -> 39 | AP31: =(IF('Water Report'!$AG$10>0,'Water Report'!$DAG$10,0)) -> 0 | AQ31: =(IF('Water Report'!$AG$11>0,'Water Report'!$DAG$11,0)) -> 0 | AR31: =(IF('Water Report'!$AG$13>0,'Water Report'!$DAG$13,0)) -> 0 | AS31: =(IF('Water Report'!$AG$14>0,'Water Report'!$DAG$14,0)) -> 0 | AT31: =(IF('Water Report'!$AG$15>0,'Water Report'!$DAG$15,0)) -> 0 | AU31: =(IF('Water Report'!$AG$17>0,'Water Report'!$DAG$17,0)) -> 0 | AV31: =(IF('Water Report'!$AG$18>0,'Water Report'!$DAG$18,0)) -> 0 | AW31: =(IF('Water Report'!$AG$19>0,'Water Report'!$DAG$19,0)) -> 0 | AX31: =(IF('Water Report'!$AG$21>0,'Water Report'!$DAG$21,0)) -> 0 | AY31: =(IF('Water Report'!$AG$22>0,'Water Report'!$DAG$22,0)) -> 0 | AZ31: =(IF('Water Report'!$AG$23>0,'Water Report'!$DAG$23,0)) -> 0 | BA31: =(IF('Water Report'!$AG$14>0,'Water Report'!$DAG$14,0)) -> 0 | BB31: =(IF('Water Report'!$AG$15>0,'Water Report'!$DAG$15,0)) -> 0 | BC31: =(IF('Water Report'!$AG$13>0,'Water Report'!$DAG$13,0)) -> 0 | BD31: =(IF('Water Report'!$AG$24>0,'Water Report'!$DAG$24,0)) -> 0 | BE31: =(IF('Water Report'!$AG$25>0,'Water Report'!$DAG$25,0)) -> 0 | BF31: =(IF('Water Report'!$AG$27>0,'Water Report'!$DAG$27,0)) -> 0 | BG31: =(IF('Section Load'!AN34>0,'Section Load'!AN34,0)) -> 700 | BH31: =(IF('Section Load'!AO34>0,'Section Load'!AO34,0)) -> 263 | BI31: =(IF('Section Load'!AP34>0,'Section Load'!AP34,0)) -> 0.4 | BJ31: =(IF('Section Load'!AQ34>0,'Section Load'!AQ34,0)) -> 84 | BK31: =(IF('Section Load'!AR34>0,'Section Load'!AR34,0)) -> 30 | BL31: =(IF('Section Load'!AS34>0,'Section Load'!AS34,0)) -> 1 | BM31: =(IF('Section Load'!AT34>0,'Section Load'!AT34,0)) -> 321.6
A32: Mumbai | B32: =B31+1 -> 31 | C32: 7 | D32: 2021 | E32: =(IF('Section Load'!F35>0,'Section Load'!F35,0)) -> 0 | F32: =(IF('Section Load'!G35>0,'Section Load'!G35,0)) -> 0 | G32: =(IF('Section Load'!H35>0,'Section Load'!H35,0)) -> 1249 | H32: =(IF('Section Load'!I35>0,'Section Load'!I35,0)) -> 0 | I32: =(IF('Section Load'!J35>0,'Section Load'!J35,0)) -> 0 | J32: =(IF('Section Load'!K35>0,'Section Load'!K35,0)) -> 0 | K32: =(IF('Section Load'!L35>0,'Section Load'!L35,0)) -> 0 | L32: =(IF('Section Load'!M35>0,'Section Load'!M35,0)) -> 173 | ... AL32: =(IF('Section Load'!AM35>0,'Section Load'!AM35,0)) -> 0 | AM32: =(IF('Water Report'!$AH$7>0,'Water Report'!$AH$7,0)) -> 0 | AN32: =(IF('Water Report'!$AH$8>0,'Water Report'!$AH$8,0)) -> 0 | AO32: =(IF('Water Report'!$AH$9>0,'Water Report'!$AH$9,0)) -> 0 | AP32: =(IF('Water Report'!$AH$10>0,'Water Report'!$DAH$10,0)) -> 0 | AQ32: =(IF('Water Report'!$AH$11>0,'Water Report'!$DAH$11,0)) -> 0 | AR32: =(IF('Water Report'!$AH$13>0,'Water Report'!$DAH$13,0)) -> 0 | AS32: =(IF('Water Report'!$AH$14>0,'Water Report'!$DAH$14,0)) -> 0 | AT32: =(IF('Water Report'!$AH$15>0,'Water Report'!$DAH$15,0)) -> 0 | AU32: =(IF('Water Report'!$AH$17>0,'Water Report'!$DAH$17,0)) -> 0 | AV32: =(IF('Water Report'!$AH$18>0,'Water Report'!$DAH$18,0)) -> 0 | AW32: =(IF('Water Report'!$AH$19>0,'Water Report'!$DAH$19,0)) -> 0 | AX32: =(IF('Water Report'!$AH$21>0,'Water Report'!$DAH$21,0)) -> 0 | AY32: =(IF('Water Report'!$AH$22>0,'Water Report'!$DAH$22,0)) -> 0 | AZ32: =(IF('Water Report'!$AH$23>0,'Water Report'!$DAH$23,0)) -> 0 | BA32: =(IF('Water Report'!$AH$14>0,'Water Report'!$DAH$14,0)) -> 0 | BB32: =(IF('Water Report'!$AH$15>0,'Water Report'!$DAH$15,0)) -> 0 | BC32: =(IF('Water Report'!$AH$13>0,'Water Report'!$DAH$13,0)) -> 0 | BD32: =(IF('Water Report'!$AH$24>0,'Water Report'!$DAH$24,0)) -> 0 | BE32: =(IF('Water Report'!$AH$25>0,'Water Report'!$DAH$25,0)) -> 0 | BF32: =(IF('Water Report'!$AH$27>0,'Water Report'!$DAH$27,0)) -> 0 | BG32: =(IF('Section Load'!AN35>0,'Section Load'!AN35,0)) -> 700 | BH32: =(IF('Section Load'!AO35>0,'Section Load'!AO35,0)) -> 0 | BI32: =(IF('Section Load'!AP35>0,'Section Load'!AP35,0)) -> 0 | BJ32: =(IF('Section Load'!AQ35>0,'Section Load'!AQ35,0)) -> 0 | BK32: =(IF('Section Load'!AR35>0,'Section Load'!AR35,0)) -> 0 | BL32: =(IF('Section Load'!AS35>0,'Section Load'!AS35,0)) -> 0 | BM32: =(IF('Section Load'!AT35>0,'Section Load'!AT35,0)) -> 10815

Sheet Daily HLP
A2: Date | B2: Date | C2: Min.Tem (Degee) | D2: Avg.Temp (Degree) | E2: Hum % | F2: Occu. | G2: KWAH | I2: Electricity | M2: Gas | P2: Water | S2: Water per occiped room | T2: Diesel | W2: Water Consumption Zone | AA2: Chiller Running Hrs | AF2: Chiller Total | AG2: Chiller Avg. Laod | AH2: Boiler Running Hrs | AK2: Total boiler | AL2: Hot Water Generator | AO2: Total HWG RH | AP2: HWG Gas consumption | AQ2: Transformer -1 | BA2: Transformer -2 | BO2: Total HLP Cost | BQ2: Chiller lock at 70%
F3: % | H3: KwH | I3: Units (Kvah) | J3: Rate | K3: Total Cost(Rs) | L3: Per room | M3: Total Units(CuM) | N3: Rate | O3: Total Cost(Rs) | P3: Units(KL) | Q3: Rate | R3: Total Cost(Rs) | T3: Ltrs | U3: Rate | V3: Total Cost(Rs) | W3: Zone-1 | X3: Zone-2 | Y3: Zone-3 | AA3: CH1 | AB3: CH2 | AC3: CH3 | AD3: CH4 | AE3: Total chiller | AH3: Boiler1 | AI3: Boiler2 | AJ3: Boiler3 | AL3: HWG1 | AM3: HWG2 | AQ3: HVAC-1 | AR3: FPP-1 | AS3: MPP | AT3: Lighting-1 | AU3: Cap bank 1100KVAR-1 | AV3: CH-1 | AW3: CH-2 | AX3: Chilled water Pump | AY3: Co Generator | AZ3: Ball Room-2 | BA3: HVAC-2 | BB3: FPP-2 | BC3: MPP | BD3: Lighting-2 | BE3: Cap bank 1200KVAR-2 | BF3: CH-3 | BG3: CH-4 | BH3: Chilled water Pump | BI3: Ball Room-1 | BK3: Cooling Tower consumption | BL3: HVAC% | BM3: Lighting% | BN3: Power% | BP3: Chiller Plant IKW
A4: 1 | B4: 1 | D4: ='1'!D3 -> 30 | E4: ='1'!D4 -> 0.8 | F4: ='1'!D2 -> 0.73 | G4: ='1'!G8 -> 23260.79 | H4: ='1'!G7 -> 23102.75 | I4: ='1'!G8 -> 23260.79 | J4: 9 | K4: =I4*J4 -> 209347.11 | L4: =I4/202 -> 115.15243 | M4: ='1'!G15 -> 918.378 | N4: 53 | O4: =M4*N4 -> 48674.034 | P4: ='1'!G20 -> 154 | Q4: 108 | R4: =P4*Q4 -> 16632 | S4: =P4/(F4*202/100) -> 104.4351 | T4: ='1'!G24 -> 0 | U4: 69 | V4: =T4*U4 -> 0 | W4: ='1'!G96 -> 86 | X4: ='1'!G97 -> 17 | Y4: ='1'!G98 -> 18 | Z4: =W4+X4+Y4 -> 121 | AA4: ='1'!G133 -> 18.01 | AB4: ='1'!G134 -> 0 | AC4: ='1'!G135 -> 14.21 | AD4: ='1'!G136 -> 0 | AE4: =AA4+AB4+AC4+AD4 -> 32.22 | AF4: =AV4+AW4+BF4+BG4 -> 7659.86 | AG4: =AF4/AE4 -> 237.73619 | AH4: ='1'!G137 -> 10.17 | AI4: ='1'!G138 -> 0 | AJ4: ='1'!G139 -> 0 | AK4: =AH4+AI4+AJ4 -> 10.17 | AL4: ='1'!G140 -> 9.91 | AM4: ='1'!G141 -> -0.03 | AO4: =AL4+AM4 -> 9.88 | AP4: ='1'!G124 -> 269.55 | AQ4: ='1'!G35 -> 2908.1 | AR4: ='1'!G37 -> 1476.45 | AS4: ='1'!G38 -> 1714.99 | AT4: ='1'!G39 -> 3790.43 | AU4: ='1'!G40 -> 485.05 | AV4: ='1'!G41 -> 4092.05 | AW4: ='1'!G42 -> 0.08 | AX4: ='1'!G43 -> 2635 | AY4: ='1'!G44 -> 0 | AZ4: ='1'!G36 -> 947.75 | BA4: ='1'!G49 -> 0.13 | BB4: ='1'!G51 -> -0.13 | BC4: ='1'!G52 -> 0 | BD4: ='1'!G53 -> -0.41 | BE4: ='1'!G54 -> 0 | BF4: ='1'!G55 -> 3556.26 | BG4: ='1'!G56 -> 11.47 | BH4: ='1'!G57 -> 0 | BI4: ='1'!G50 -> 1429.35 | BJ4: =SUM(AV4,AW4,BF4,BG4) -> 7659.86 | BK4: ='1'!G84 -> 816 | BL4: =SUM(AQ4,AV4,AW4,AX4,BA4,BF4,BG4,BH4)/I4% -> 56.761142 | BM4: =SUM(AT4,BD4)/I4% -> 16.2936 | BN4: =(AS4+BC4)/I4 -> 0.073728794 | BO4: =K4+O4+R4+V4 -> 274653.14 | BP4: =SUM(AV4,AW4,AX4,BF4,BG4,BH4,BK4) -> 11110.86 | BQ4: =BP4/(AE4*280) -> 1.2315842 | BR4: =SUM(AV4,AW4,BF4,BG4)/(AE4*400) -> 0.59434047
A5: 2 | B5: 2 | D5: ='2'!D3 -> 30 | E5: ='2'!D4 -> 0.8 | F5: ='2'!D2 -> 0.6 | G5: ='2'!G8 -> 21035.12 | H5: ='2'!G7 -> 20930 | I5: ='2'!G8 -> 21035.12 | J5: 9 | K5: =I5*J5 -> 189316.08 | L5: =I5/202 -> 104.13426 | M5: ='2'!G15 -> 510.874 | N5: 53 | O5: =M5*N5 -> 27076.322 | P5: ='2'!G20 -> 162 | Q5: 108 | R5: =P5*Q5 -> 17496 | S5: =P5/(F5*202/100) -> 133.66337 | T5: ='2'!G24 -> 0 | U5: 69 | V5: =T5*U5 -> 0 | W5: ='2'!G96 -> 100 | X5: ='2'!G97 -> 15 | Y5: ='2'!G98 -> 19 | Z5: =W5+X5+Y5 -> 134 | AA5: ='2'!G133 -> 11.28 | AB5: ='2'!G134 -> 0 | AC5: ='2'!G135 -> 16.83 | AD5: ='2'!G136 -> 0 | AE5: =AA5+AB5+AC5+AD5 -> 28.11 | AF5: =AV5+AW5+BF5+BG5 -> 6559.91 | AG5: =AF5/AE5 -> 233.36571 | AH5: ='2'!G137 -> 0 | AI5: ='2'!G138 -> 0 | AJ5: ='2'!G139 -> 0 | AK5: =AH5+AI5+AJ5 -> 0 | AL5: ='2'!G140 -> 9.7 | AM5: ='2'!G141 -> 0 | AO5: =AL5+AM5 -> 9.7 | AP5: ='2'!G124 -> 259.2 | AQ5: ='2'!G35 -> 2899.4 | AR5: ='2'!G37 -> 1439.88 | AS5: ='2'!G38 -> 1509.84 | AT5: ='2'!G39 -> 3743.48 | AU5: ='2'!G40 -> 304.25 | AV5: ='2'!G41 -> 2743.78 | AW5: ='2'!G42 -> 11.91 | AX5: ='2'!G43 -> 2514.4 | AY5: ='2'!G44 -> 0 | AZ5: ='2'!G36 -> 884.9 | BA5: ='2'!G49 -> 0 | BB5: ='2'!G51 -> 0 | BC5: ='2'!G52 -> 0 | BD5: ='2'!G53 -> 0 | BE5: ='2'!G54 -> 0 | BF5: ='2'!G55 -> 3794.18 | BG5: ='2'!G56 -> 10.04 | BH5: ='2'!G57 -> 0 | BI5: ='2'!G50 -> 1047.92 | BJ5: =SUM(AV5,AW5,BF5,BG5) -> 6559.91 | BK5: ='2'!G84 -> 846 | BL5: =SUM(AQ5,AV5,AW5,AX5,BA5,BF5,BG5,BH5)/I5% -> 56.922471 | BM5: =SUM(AT5,BD5)/I5% -> 17.796333 | BN5: =(AS5+BC5)/I5 -> 0.071777104 | BO5: =K5+O5+R5+V5 -> 233888.4 | BP5: =SUM(AV5,AW5,AX5,BF5,BG5,BH5,BK5) -> 9920.31 | BQ5: =BP5/(AE5*280) -> 1.2603941
A6: 3 | B6: 3 | D6: ='3'!D3 -> 29 | E6: ='3'!D4 -> 0.78 | F6: ='3'!D2 -> 0.57 | G6: ='3'!G8 -> 22104.09 | H6: ='3'!G7 -> 22034.25 | I6: ='3'!G8 -> 22104.09 | J6: 9 | K6: =I6*J6 -> 198936.81 | L6: =I6/202 -> 109.42619 | M6: ='3'!G15 -> 940.268 | N6: 53 | O6: =M6*N6 -> 49834.204 | P6: ='3'!G20 -> 210 | Q6: 108 | R6: =P6*Q6 -> 22680 | S6: =P6/(F6*202/100) -> 182.38666 | T6: ='3'!G24 -> 0 | U6: 69 | V6: =T6*U6 -> 0 | W6: ='3'!G96 -> 102 | X6: ='3'!G97 -> 30 | Y6: ='3'!G98 -> 31 | Z6: =W6+X6+Y6 -> 163 | AA6: ='3'!G133 -> 23.71 | AB6: ='3'!G134 -> 0 | AC6: ='3'!G135 -> 4.158 | AD6: ='3'!G136 -> 0 | AE6: =AA6+AB6+AC6+AD6 -> 27.868 | AF6: =AV6+AW6+BF6+BG6 -> 6902.29 | AG6: =AF6/AE6 -> 247.67798 | AH6: ='3'!G137 -> 10.13 | AI6: ='3'!G138 -> 0 | AJ6: ='3'!G139 -> 0 | AK6: =AH6+AI6+AJ6 -> 10.13 | AL6: ='3'!G140 -> 11.12 | AM6: ='3'!G141 -> 0 | AO6: =AL6+AM6 -> 11.12 | AP6: ='3'!G124 -> 301.72 | AQ6: ='3'!G35 -> 3065.4 | AR6: ='3'!G37 -> 1600.14 | AS6: ='3'!G38 -> 1669.24 | AT6: ='3'!G39 -> 3847.84 | AU6: ='3'!G40 -> 319.08 | AV6: ='3'!G41 -> 5975.08 | AW6: ='3'!G42 -> 0 | AX6: ='3'!G43 -> 2589.8 | AY6: ='3'!G44 -> 0 | AZ6: ='3'!G36 -> 680.22 | BA6: ='3'!G49 -> 0 | BB6: ='3'!G51 -> 0 | BC6: ='3'!G52 -> 0 | BD6: ='3'!G53 -> 0 | BE6: ='3'!G54 -> 0 | BF6: ='3'!G55 -> 916.53 | BG6: ='3'!G56 -> 10.68 | BH6: ='3'!G57 -> 0 | BI6: ='3'!G50 -> 1085.8 | BJ6: =SUM(AV6,AW6,BF6,BG6) -> 6902.29 | BK6: ='3'!G84 -> 817 | BL6: =SUM(AQ6,AV6,AW6,AX6,BA6,BF6,BG6,BH6)/I6% -> 56.810708 | BM6: =SUM(AT6,BD6)/I6% -> 17.407819 | BN6: =(AS6+BC6)/I6 -> 0.075517246 | BO6: =K6+O6+R6+V6 -> 271451.01 | BP6: =SUM(AV6,AW6,AX6,BF6,BG6,BH6,BK6) -> 10309.09 | BQ6: =BP6/(AE6*280) -> 1.3211633
A7: 4 | B7: 4 | D7: ='4'!D3 -> 34 | E7: ='4'!D4 -> 0.84 | F7: ='4'!D2 -> 0.1 | G7: ='4'!G8 -> 21866.6 | H7: ='4'!G7 -> 21708.65 | I7: ='4'!G8 -> 21866.6 | J7: 9 | K7: =I7*J7 -> 196799.4 | L7: =I7/202 -> 108.2505 | M7: ='4'!G15 -> 786.88 | N7: 53 | O7: =M7*N7 -> 41704.64 | P7: ='4'!G20 -> 271 | Q7: 108 | R7: =P7*Q7 -> 29268 | S7: =P7/(F7*202/100) -> 1341.5842 | T7: ='4'!G24 -> 0 | U7: 69 | V7: =T7*U7 -> 0 | W7: ='4'!G96 -> 147 | X7: ='4'!G97 -> 39 | Y7: ='4'!G98 -> 32 | Z7: =W7+X7+Y7 -> 218 | AA7: ='4'!G133 -> 24 | AB7: ='4'!G134 -> 0 | AC7: ='4'!G135 -> 5.142 | AD7: ='4'!G136 -> 0 | AE7: =AA7+AB7+AC7+AD7 -> 29.142 | AF7: =AV7+AW7+BF7+BG7 -> 6765.84 | AG7: =AF7/AE7 -> 232.168 | AH7: ='4'!G137 -> 6.12 | AI7: ='4'!G138 -> 0 | AJ7: ='4'!G139 -> 0 | AK7: =AH7+AI7+AJ7 -> 6.12 | AL7: ='4'!G140 -> 12.11 | AM7: ='4'!G141 -> 0.03 | AO7: =AL7+AM7 -> 12.14 | AP7: ='4'!G124 -> 327.73 | AQ7: ='4'!G35 -> 2968.9 | AR7: ='4'!G37 -> 1478.64 | AS7: ='4'!G38 -> 1792.82 | AT7: ='4'!G39 -> 3681.6 | AU7: ='4'!G40 -> 498.04 | AV7: ='4'!G41 -> 5702 | AW7: ='4'!G42 -> -0.8 | AX7: ='4'!G43 -> 2614 | AY7: ='4'!G44 -> 0 | AZ7: ='4'!G36 -> 713.35 | BA7: ='4'!G49 -> 0 | BB7: ='4'!G51 -> 0 | BC7: ='4'!G52 -> 0.07 | BD7: ='4'!G53 -> 0 | BE7: ='4'!G54 -> 0 | BF7: ='4'!G55 -> 1054.04 | BG7: ='4'!G56 -> 10.6 | BH7: ='4'!G57 -> 0 | BI7: ='4'!G50 -> 1085.93 | BJ7: =SUM(AV7,AW7,BF7,BG7) -> 6765.84 | BK7: ='3'!G84 -> 817 | BL7: =SUM(AQ7,AV7,AW7,AX7,BA7,BF7,BG7,BH7)/I7% -> 56.473069 | BM7: =SUM(AT7,BD7)/I7% -> 16.836637 | BN7: =(AS7+BC7)/I7 -> 0.081992171 | BO7: =K7+O7+R7+V7 -> 267772.04 | BP7: =SUM(AV7,AW7,AX7,BF7,BG7,BH7,BK7) -> 10196.84 | BQ7: =BP7/(AE7*280) -> 1.2496495
A8: 5 | B8: 5 | D8: ='5'!D3 -> 34 | E8: ='5'!D4 -> 0.84 | F8: ='5'!D2 -> 0.98 | G8: ='5'!G8 -> 20992.61 | H8: ='5'!G7 -> 20879.79 | I8: ='5'!G8 -> 20992.61 | J8: 9 | K8: =I8*J8 -> 188933.49 | L8: =I8/202 -> 103.92381 | M8: ='5'!G15 -> 925.06 | N8: 53 | O8: =M8*N8 -> 49028.18 | P8: ='5'!G20 -> 241 | Q8: 108 | R8: =P8*Q8 -> 26028 | S8: =P8/(F8*202/100) -> 121.74177 | T8: ='5'!G24 -> 0 | U8: 69 | V8: =T8*U8 -> 0 | W8: ='5'!G96 -> 120 | X8: ='5'!G97 -> 12 | Y8: ='5'!G98 -> 18 | Z8: =W8+X8+Y8 -> 150 | AA8: ='5'!G133 -> 24.8 | AB8: ='5'!G134 -> 0 | AC8: ='5'!G135 -> 11.16 | AD8: ='5'!G136 -> 0 | AE8: =AA8+AB8+AC8+AD8 -> 35.96 | AF8: =AV8+AW8+BF8+BG8 -> 6521.66 | AG8: =AF8/AE8 -> 181.35873 | AH8: ='5'!G137 -> 7.09 | AI8: ='5'!G138 -> 3.63 | AJ8: ='5'!G139 -> 0.67 | AK8: =AH8+AI8+AJ8 -> 11.39 | AL8: ='5'!G140 -> 9.82 | AM8: ='5'!G141 -> 0 | AO8: =AL8+AM8 -> 9.82 | AP8: ='5'!G124 -> 265.82 | AQ8: ='5'!G35 -> 2828.7 | AR8: ='5'!G37 -> 1447.68 | AS8: ='5'!G38 -> 1640.5 | AT8: ='5'!G39 -> 3669.36 | AU8: ='5'!G40 -> 325.57 | AV8: ='5'!G41 -> 4050.96 | AW8: ='5'!G42 -> 0 | AX8: ='5'!G43 -> 2554.7 | AY8: ='5'!G44 -> 0 | AZ8: ='5'!G36 -> 728.13 | BA8: ='5'!G49 -> 0 | BB8: ='5'!G51 -> 0 | BC8: ='5'!G52 -> 0 | BD8: ='5'!G53 -> 0 | BE8: ='5'!G54 -> 0 | BF8: ='5'!G55 -> 2459.94 | BG8: ='5'!G56 -> 10.76 | BH8: ='5'!G57 -> 0 | BI8: ='5'!G50 -> 1002.13 | BJ8: =SUM(AV8,AW8,BF8,BG8) -> 6521.66 | BK8: ='5'!G84 -> 825 | BL8: =SUM(AQ8,AV8,AW8,AX8,BA8,BF8,BG8,BH8)/I8% -> 56.710719 | BM8: =SUM(AT8,BD8)/I8% -> 17.479294 | BN8: =(AS8+BC8)/I8 -> 0.078146548 | BO8: =K8+O8+R8+V8 -> 263989.67 | BP8: =SUM(AV8,AW8,AX8,BF8,BG8,BH8,BK8) -> 9901.36 | BQ8: =BP8/(AE8*280) -> 0.98337041
A9: 6 | B9: 6 | D9: ='6'!D3 -> 34 | E9: ='6'!D4 -> 0.84 | F9: ='6'!D2 -> 0.604 | G9: ='6'!G8 -> 19837.63 | H9: ='6'!G7 -> 19757.91 | I9: ='6'!G8 -> 19837.63 | J9: 9 | K9: =I9*J9 -> 178538.67 | L9: =I9/202 -> 98.206089 | M9: ='6'!G15 -> 430.96 | N9: 53 | O9: =M9*N9 -> 22840.88 | P9: ='6'!G20 -> 149 | Q9: 108 | R9: =P9*Q9 -> 16092 | S9: =P9/(F9*202/100) -> 122.12314 | T9: ='6'!G24 -> 0 | U9: 69 | V9: =T9*U9 -> 0 | W9: ='6'!G96 -> 59 | X9: ='6'!G97 -> 18 | Y9: ='6'!G98 -> 21 | Z9: =W9+X9+Y9 -> 98 | AA9: ='6'!G133 -> 4.2 | AB9: ='6'!G134 -> 0.19 | AC9: ='6'!G135 -> 18.65 | AD9: ='6'!G136 -> 0 | AE9: =AA9+AB9+AC9+AD9 -> 23.04 | AF9: =AV9+AW9+BF9+BG9 -> 5789.63 | AG9: =AF9/AE9 -> 251.28602 | AH9: ='6'!G137 -> 0.1 | AI9: ='6'!G138 -> 0 | AJ9: ='6'!G139 -> 0 | AK9: =AH9+AI9+AJ9 -> 0.1 | AL9: ='6'!G140 -> 9.89 | AM9: ='6'!G141 -> 0 | AO9: =AL9+AM9 -> 9.89 | AP9: ='6'!G124 -> 261.84 | AQ9: ='6'!G35 -> 2786.2 | AR9: ='6'!G37 -> 1525.26 | AS9: ='6'!G38 -> 1382.5 | AT9: ='6'!G39 -> 3628.76 | AU9: ='6'!G40 -> 301.8 | AV9: ='6'!G41 -> 2061.2 | AW9: ='6'!G42 -> 0 | AX9: ='6'!G43 -> 2584.9 | AY9: ='6'!G44 -> 0 | AZ9: ='6'!G36 -> 727.79 | BA9: ='6'!G49 -> 0 | BB9: ='6'!G51 -> 0 | BC9: ='6'!G52 -> 0 | BD9: ='6'!G53 -> 0 | BE9: ='6'!G54 -> 0 | BF9: ='6'!G55 -> 3728.43 | BG9: ='6'!G56 -> 0 | BH9: ='6'!G57 -> 0 | BI9: ='6'!G50 -> 959.02 | BJ9: =SUM(AV9,AW9,BF9,BG9) -> 5789.63 | BK9: ='6'!G84 -> 809 | BL9: =SUM(AQ9,AV9,AW9,AX9,BA9,BF9,BG9,BH9)/I9% -> 56.2604 | BM9: =SUM(AT9,BD9)/I9% -> 18.292306 | BN9: =(AS9+BC9)/I9 -> 0.069690785 | BO9: =K9+O9+R9+V9 -> 217471.55 | BP9: =SUM(AV9,AW9,AX9,BF9,BG9,BH9,BK9) -> 9183.53 | BQ9: =BP9/(AE9*280) -> 1.4235383
A10: 7 | B10: 7 | D10: ='7'!D3 -> 33 | E10: ='7'!D4 -> 0.8 | F10: ='7'!D2 -> 0.53 | G10: ='7'!G8 -> 21913.78 | H10: ='7'!G7 -> 21808.89 | I10: ='7'!G8 -> 21913.78 | J10: 9 | K10: =I10*J10 -> 197224.02 | L10: =I10/202 -> 108.48406 | M10: ='7'!G15 -> 850.19 | N10: 53 | O10: =M10*N10 -> 45060.07 | P10: ='7'!G20 -> 168 | Q10: 108 | R10: =P10*Q10 -> 18144 | S10: =P10/(F10*202/100) -> 156.92135 | T10: ='7'!G24 -> 0 | U10: 69 | V10: =T10*U10 -> 0 | W10: ='7'!G96 -> 76 | X10: ='7'!G97 -> 15 | Y10: ='7'!G98 -> 22 | Z10: =W10+X10+Y10 -> 113 | AA10: ='7'!G133 -> 17 | AB10: ='7'!G134 -> 0 | AC10: ='7'!G135 -> 12.95 | AD10: ='7'!G136 -> 0 | AE10: =AA10+AB10+AC10+AD10 -> 29.95 | AF10: =AV10+AW10+BF10+BG10 -> 6831.79 | AG10: =AF10/AE10 -> 228.10651 | AH10: ='7'!G137 -> 9.11 | AI10: ='7'!G138 -> 0 | AJ10: ='7'!G139 -> 0 | AK10: =AH10+AI10+AJ10 -> 9.11 | AL10: ='7'!G140 -> 9.56 | AM10: ='7'!G141 -> 0 | AO10: =AL10+AM10 -> 9.56 | AP10: ='7'!G124 -> 259.98 | AQ10: ='7'!G35 -> 2919.2 | AR10: ='7'!G37 -> 1587.74 | AS10: ='7'!G38 -> 1549.24 | AT10: ='7'!G39 -> 3603.32 | AU10: ='7'!G40 -> 484.98 | AV10: ='7'!G41 -> 3876.2 | AW10: ='7'!G42 -> 0 | AX10: ='7'!G43 -> 2722.7 | AY10: ='7'!G44 -> 0 | AZ10: ='7'!G36 -> 820.85 | BA10: ='7'!G49 -> 0 | BB10: ='7'!G51 -> 0 | BC10: ='7'!G52 -> 0 | BD10: ='7'!G53 -> 0.08 | BE10: ='7'!G54 -> 0 | BF10: ='7'!G55 -> 2933.67 | BG10: ='7'!G56 -> 21.92 | BH10: ='7'!G57 -> 0 | BI10: ='7'!G50 -> 1261.92 | BJ10: =SUM(AV10,AW10,BF10,BG10) -> 6831.79 | BK10: ='7'!G84 -> 792 | BL10: =SUM(AQ10,AV10,AW10,AX10,BA10,BF10,BG10,BH10)/I10% -> 56.921672 | BM10: =SUM(AT10,BD10)/I10% -> 16.443535 | BN10: =(AS10+BC10)/I10 -> 0.070697068 | BO10: =K10+O10+R10+V10 -> 260428.09 | BP10: =SUM(AV10,AW10,AX10,BF10,BG10,BH10,BK10) -> 10346.49 | BQ10: =BP10/(AE10*280) -> 1.2337813
A11: 8 | B11: 8 | D11: ='8'!D3 -> 27 | E11: ='8'!D4 -> 0.78 | F11: ='8'!D2 -> 0.5 | G11: ='8'!G8 -> 21721.17 | H11: ='8'!G7 -> 21620.32 | I11: ='8'!G8 -> 21721.17 | J11: 9 | K11: =I11*J11 -> 195490.53 | L11: =I11/202 -> 107.53054 | M11: ='8'!G15 -> 821.55 | N11: 53 | O11: =M11*N11 -> 43542.15 | P11: ='8'!G20 -> 161 | Q11: 108 | R11: =P11*Q11 -> 17388 | S11: =P11/(F11*202/100) -> 159.40594 | T11: ='8'!G24 -> 0 | U11: 69 | V11: =T11*U11 -> 0 | W11: ='8'!G96 -> 80 | X11: ='8'!G97 -> 17 | Y11: ='8'!G98 -> 24 | Z11: =W11+X11+Y11 -> 121 | AA11: ='8'!G133 -> 7.38 | AB11: ='8'!G134 -> 0 | AC11: ='8'!G135 -> 24.05 | AD11: ='8'!G136 -> 0.05 | AE11: =AA11+AB11+AC11+AD11 -> 31.48 | AF11: =AV11+AW11+BF11+BG11 -> 6741.32 | AG11: =AF11/AE11 -> 214.14612 | AH11: ='8'!G137 -> 8.07 | AI11: ='8'!G138 -> 0 | AJ11: ='8'!G139 -> 0 | AK11: =AH11+AI11+AJ11 -> 8.07 | AL11: ='8'!G140 -> 9.23 | AM11: ='8'!G141 -> 0 | AO11: =AL11+AM11 -> 9.23 | AP11: ='8'!G124 -> 251.29 | AQ11: ='8'!G35 -> 3141.7 | AR11: ='8'!G37 -> 1563.22 | AS11: ='8'!G38 -> 1545.16 | AT11: ='8'!G39 -> 3552.4 | AU11: ='8'!G40 -> 387.13 | AV11: ='8'!G41 -> 1414.08 | AW11: ='8'!G42 -> 0 | AX11: ='8'!G43 -> 2769 | AY11: ='8'!G44 -> 0 | AZ11: ='8'!G36 -> 674.63 | BA11: ='8'!G49 -> 0 | BB11: ='8'!G51 -> 0 | BC11: ='8'!G52 -> 0 | BD11: ='8'!G53 -> 0 | BE11: ='8'!G54 -> 0 | BF11: ='8'!G55 -> 5316.48 | BG11: ='8'!G56 -> 10.76 | BH11: ='8'!G57 -> 0 | BI11: ='8'!G50 -> 1089.63 | BJ11: =SUM(AV11,AW11,BF11,BG11) -> 6741.32 | BK11: ='8'!G84 -> 809 | BL11: =SUM(AQ11,AV11,AW11,AX11,BA11,BF11,BG11,BH11)/I11% -> 58.247415 | BM11: =SUM(AT11,BD11)/I11% -> 16.354552 | BN11: =(AS11+BC11)/I11 -> 0.071136131 | BO11: =K11+O11+R11+V11 -> 256420.68 | BP11: =SUM(AV11,AW11,AX11,BF11,BG11,BH11,BK11) -> 10319.32 | BQ11: =BP11/(AE11*280) -> 1.1707343
A12: 9 | B12: 9 | D12: ='9'!D3 -> 31 | E12: ='9'!D4 -> 0.78 | F12: ='9'!D2 -> 0.64 | G12: ='9'!G8 -> 22673.21 | H12: ='9'!G7 -> 22577.44 | I12: ='9'!G8 -> 22673.21 | J12: 9 | K12: =I12*J12 -> 204058.89 | L12: =I12/202 -> 112.24361 | M12: ='9'!G15 -> 830.84 | N12: 53 | O12: =M12*N12 -> 44034.52 | P12: ='9'!G20 -> 191 | Q12: 108 | R12: =P12*Q12 -> 20628 | S12: =P12/(F12*202/100) -> 147.74134 | T12: ='9'!G24 -> 0 | U12: 69 | V12: =T12*U12 -> 0 | W12: ='9'!G96 -> 93 | X12: ='9'!G97 -> 19 | Y12: ='9'!G98 -> 24 | Z12: =W12+X12+Y12 -> 136 | AA12: ='9'!G133 -> 10.62 | AB12: ='9'!G134 -> -0.19 | AC12: ='9'!G135 -> 23.85 | AD12: ='9'!G136 -> 0 | AE12: =AA12+AB12+AC12+AD12 -> 34.28 | AF12: =AV12+AW12+BF12+BG12 -> 7248.81 | AG12: =AF12/AE12 -> 211.45887 | AH12: ='9'!G137 -> 8.07 | AI12: ='9'!G138 -> 0.18 | AJ12: ='9'!G139 -> 0 | AK12: =AH12+AI12+AJ12 -> 8.25 | AL12: ='9'!G140 -> 9.79 | AM12: ='9'!G141 -> -0.12 | AO12: =AL12+AM12 -> 9.67 | AP12: ='9'!G124 -> 315.87 | AQ12: ='9'!G35 -> 3259.4 | AR12: ='9'!G37 -> 1605.99 | AS12: ='9'!G38 -> 1594.71 | AT12: ='9'!G39 -> 3607.81 | AU12: ='9'!G40 -> 497.1 | AV12: ='9'!G41 -> 2128.65 | AW12: ='9'!G42 -> -0.08 | AX12: ='9'!G43 -> 2915.5 | AY12: ='9'!G44 -> 0 | AZ12: ='9'!G36 -> 812.38 | BA12: ='9'!G49 -> -0.13 | BB12: ='9'!G51 -> 0 | BC12: ='9'!G52 -> 0 | BD12: ='9'!G53 -> 0 | BE12: ='9'!G54 -> 0 | BF12: ='9'!G55 -> 5109.47 | BG12: ='9'!G56 -> 10.77 | BH12: ='9'!G57 -> 0 | BI12: ='9'!G50 -> 981.3 | BJ12: =SUM(AV12,AW12,BF12,BG12) -> 7248.81 | BK12: ='8'!G84 -> 809 | BL12: =SUM(AQ12,AV12,AW12,AX12,BA12,BF12,BG12,BH12)/I12% -> 59.204585 | BM12: =SUM(AT12,BD12)/I12% -> 15.912215 | BN12: =(AS12+BC12)/I12 -> 0.070334549 | BO12: =K12+O12+R12+V12 -> 268721.41 | BP12: =SUM(AV12,AW12,AX12,BF12,BG12,BH12,BK12) -> 10973.31 | BQ12: =BP12/(AE12*280) -> 1.1432437
A13: 10 | B13: 10 | D13: ='10'!D3 -> 32 | E13: ='10'!D4 -> 0.78 | F13: ='10'!D2 -> 0.55 | G13: ='10'!G8 -> 21102 | H13: ='10'!G7 -> 21024 | I13: ='10'!G8 -> 21102 | J13: 9 | K13: =I13*J13 -> 189918 | L13: =I13/202 -> 104.46535 | M13: ='10'!G15 -> 829 | N13: 53 | O13: =M13*N13 -> 43937 | P13: ='10'!G20 -> 218 | Q13: 108 | R13: =P13*Q13 -> 23544 | S13: =P13/(F13*202/100) -> 196.21962 | T13: ='10'!G24 -> 0 | U13: 69 | V13: =T13*U13 -> 0 | W13: ='10'!G96 -> 76 | X13: ='10'!G97 -> 26 | Y13: ='10'!G98 -> 35 | Z13: =W13+X13+Y13 -> 137 | AA13: ='10'!G133 -> 3 | AB13: ='10'!G134 -> 0 | AC13: ='10'!G135 -> 24 | AD13: ='10'!G136 -> 0 | AE13: =AA13+AB13+AC13+AD13 -> 27 | AF13: =AV13+AW13+BF13+BG13 -> 6097 | AG13: =AF13/AE13 -> 225.81481 | AH13: ='10'!G137 -> 6.51 | AI13: ='10'!G138 -> 0 | AJ13: ='10'!G139 -> 0 | AK13: =AH13+AI13+AJ13 -> 6.51 | AL13: ='10'!G140 -> 10.15 | AM13: ='10'!G141 -> 0 | AO13: =AL13+AM13 -> 10.15 | AP13: ='10'!G124 -> 223 | AQ13: ='10'!G35 -> 3106 | AR13: ='10'!G37 -> 1601 | AS13: ='10'!G38 -> 1644 | AT13: ='10'!G39 -> 3580 | AU13: ='10'!G40 -> 217 | AV13: ='10'!G41 -> 513 | AW13: ='10'!G42 -> 0 | AX13: ='10'!G43 -> 2543 | AY13: ='10'!G44 -> 0 | AZ13: ='10'!G36 -> 769 | BA13: ='10'!G49 -> 32 | BB13: ='10'!G51 -> 0 | BC13: ='10'!G52 -> 0 | BD13: ='10'!G53 -> 0.33 | BE13: ='10'!G54 -> 0 | BF13: ='10'!G55 -> 5574 | BG13: ='10'!G56 -> 10 | BH13: ='10'!G57 -> 0 | BI13: ='10'!G50 -> 1093 | BJ13: =SUM(AV13,AW13,BF13,BG13) -> 6097 | BK13: ='8'!G84 -> 809 | BL13: =SUM(AQ13,AV13,AW13,AX13,BA13,BF13,BG13,BH13)/I13% -> 55.814615 | BM13: =SUM(AT13,BD13)/I13% -> 16.96678 | BN13: =(AS13+BC13)/I13 -> 0.077907307 | BO13: =K13+O13+R13+V13 -> 257399 | BP13: =SUM(AV13,AW13,AX13,BF13,BG13,BH13,BK13) -> 9449 | BQ13: =BP13/(AE13*280) -> 1.2498677
A14: 11 | B14: 11 | D14: ='11'!D3 -> 29 | E14: ='11'!D4 -> 0.8 | F14: ='11'!D2 -> 0.85 | G14: ='11'!G8 -> 22829.97 | H14: ='11'!G7 -> 22731.5 | I14: ='11'!G8 -> 22829.97 | J14: 9 | K14: =I14*J14 -> 205469.73 | L14: =I14/202 -> 113.01965 | M14: ='11'!G15 -> 986.41 | N14: 53 | O14: =M14*N14 -> 52279.73 | P14: ='11'!G20 -> 240 | Q14: 108 | R14: =P14*Q14 -> 25920 | S14: =P14/(F14*202/100) -> 139.77868 | T14: ='11'!G24 -> 0 | U14: 69 | V14: =T14*U14 -> 0 | W14: ='11'!G96 -> 77 | X14: ='11'!G97 -> 32 | Y14: ='11'!G98 -> 41 | Z14: =W14+X14+Y14 -> 150 | AA14: ='11'!G133 -> 8.55 | AB14: ='11'!G134 -> 0 | AC14: ='11'!G135 -> 24.42 | AD14: ='11'!G136 -> 0 | AE14: =AA14+AB14+AC14+AD14 -> 32.97 | AF14: =AV14+AW14+BF14+BG14 -> 7134.06 | AG14: =AF14/AE14 -> 216.38035 | AH14: ='11'!G137 -> 6.99 | AI14: ='11'!G138 -> 3.96 | AJ14: ='11'!G139 -> 0 | AK14: =AH14+AI14+AJ14 -> 10.95 | AL14: ='11'!G140 -> 10.84 | AM14: ='11'!G141 -> 0 | AO14: =AL14+AM14 -> 10.84 | AP14: ='11'!G124 -> 295.88 | AQ14: ='11'!G35 -> 0.3 | AR14: ='11'!G37 -> 1589.75 | AS14: ='11'!G38 -> 1661.79 | AT14: ='11'!G39 -> 3609.67 | AU14: ='11'!G40 -> 272.44 | AV14: ='11'!G41 -> 1864.91 | AW14: ='11'!G42 -> 0.08 | AX14: ='11'!G43 -> 2942.4 | AY14: ='11'!G44 -> 0 | AZ14: ='11'!G36 -> 1013.21 | BA14: ='11'!G49 -> 2955.73 | BB14: ='11'!G51 -> 0 | BC14: ='11'!G52 -> 0 | BD14: ='11'!G53 -> -0.41 | BE14: ='11'!G54 -> 0 | BF14: ='11'!G55 -> 5258.92 | BG14: ='11'!G56 -> 10.15 | BH14: ='11'!G57 -> 0 | BI14: ='11'!G50 -> 1216.55 | BJ14: =SUM(AV14,AW14,BF14,BG14) -> 7134.06 | BK14: ='11'!G84 -> 784 | BL14: =SUM(AQ14,AV14,AW14,AX14,BA14,BF14,BG14,BH14)/I14% -> 57.085007 | BM14: =SUM(AT14,BD14)/I14% -> 15.809307 | BN14: =(AS14+BC14)/I14 -> 0.072789846 | BO14: =K14+O14+R14+V14 -> 283669.46 | BP14: =SUM(AV14,AW14,AX14,BF14,BG14,BH14,BK14) -> 10860.46 | BQ14: =BP14/(AE14*280) -> 1.176444
A15: 12 | B15: 12 | D15: ='12'!D3 -> 28 | E15: ='12'!D4 -> 0.79 | F15: ='12'!D2 -> 0.47 | G15: ='12'!G8 -> 21239.9 | H15: ='12'!G7 -> 21127.52 | I15: ='12'!G8 -> 21239.9 | J15: 9 | K15: =I15*J15 -> 191159.1 | L15: =I15/202 -> 105.14802 | M15: ='12'!G15 -> 914.79 | N15: 53 | O15: =M15*N15 -> 48483.87 | P15: ='12'!G20 -> 186 | Q15: 108 | R15: =P15*Q15 -> 20088 | S15: =P15/(F15*202/100) -> 195.91321 | T15: ='12'!G24 -> 0 | U15: 69 | V15: =T15*U15 -> 0 | W15: ='12'!G96 -> 91 | X15: ='12'!G97 -> 22 | Y15: ='12'!G98 -> 21 | Z15: =W15+X15+Y15 -> 134 | AA15: ='12'!G133 -> 0 | AB15: ='12'!G134 -> 4.57 | AC15: ='12'!G135 -> 23.88 | AD15: ='12'!G136 -> 0 | AE15: =AA15+AB15+AC15+AD15 -> 28.45 | AF15: =AV15+AW15+BF15+BG15 -> 6204.24 | AG15: =AF15/AE15 -> 218.07522 | AH15: ='12'!G137 -> 8.48 | AI15: ='12'!G138 -> 0 | AJ15: ='12'!G139 -> 0 | AK15: =AH15+AI15+AJ15 -> 8.48 | AL15: ='12'!G140 -> 6.47 | AM15: ='12'!G141 -> 3.24 | AO15: =AL15+AM15 -> 9.71 | AP15: ='12'!G124 -> 267.13 | AQ15: ='12'!G35 -> 0 | AR15: ='12'!G37 -> 1595.12 | AS15: ='12'!G38 -> 1595.2 | AT15: ='12'!G39 -> 3711.33 | AU15: ='12'!G40 -> 475.57 | AV15: ='12'!G41 -> 0 | AW15: ='12'!G42 -> 810.52 | AX15: ='12'!G43 -> 2563.2 | AY15: ='12'!G44 -> 0 | AZ15: ='12'!G36 -> 695.77 | BA15: ='12'!G49 -> 3001.4 | BB15: ='12'!G51 -> 0 | BC15: ='12'!G52 -> 0 | BD15: ='12'!G53 -> 0.41 | BE15: ='12'!G54 -> 0 | BF15: ='12'!G55 -> 5384.08 | BG15: ='12'!G56 -> 9.64 | BH15: ='12'!G57 -> 0 | BI15: ='12'!G50 -> 1103.56 | BJ15: =SUM(AV15,AW15,BF15,BG15) -> 6204.24 | BK15: ='12'!G84 -> 767 | BL15: =SUM(AQ15,AV15,AW15,AX15,BA15,BF15,BG15,BH15)/I15% -> 55.409112 | BM15: =SUM(AT15,BD15)/I15% -> 17.475318 | BN15: =(AS15+BC15)/I15 -> 0.075103932 | BO15: =K15+O15+R15+V15 -> 259730.97 | BP15: =SUM(AV15,AW15,AX15,BF15,BG15,BH15,BK15) -> 9534.44 | BQ15: =BP15/(AE15*280) -> 1.1968918
A16: 13 | B16: 13 | D16: ='13'!D3 -> 29 | E16: ='13'!D4 -> 0.92 | F16: ='13'!D2 -> 0.32 | G16: ='13'!G8 -> 21611.4 | H16: ='13'!G7 -> 21500 | I16: ='13'!G8 -> 21611.4 | J16: 9 | K16: =I16*J16 -> 194502.6 | L16: =I16/202 -> 106.98713 | M16: ='13'!G15 -> 943.8 | N16: 53 | O16: =M16*N16 -> 50021.4 | P16: ='13'!G20 -> 202 | Q16: 108 | R16: =P16*Q16 -> 21816 | S16: =P16/(F16*202/100) -> 312.5 | T16: ='13'!G24 -> 0 | U16: 69 | V16: =T16*U16 -> 0 | W16: ='13'!G96 -> 101 | X16: ='13'!G97 -> 15 | Y16: ='13'!G98 -> 24 | Z16: =W16+X16+Y16 -> 140 | AA16: ='13'!G133 -> 0 | AB16: ='13'!G134 -> 12.43 | AC16: ='13'!G135 -> 16.7 | AD16: ='13'!G136 -> -0.05 | AE16: =AA16+AB16+AC16+AD16 -> 29.08 | AF16: =AV16+AW16+BF16+BG16 -> 6191.81 | AG16: =AF16/AE16 -> 212.92331 | AH16: ='13'!G137 -> 10.45 | AI16: ='13'!G138 -> 0 | AJ16: ='13'!G139 -> 0 | AK16: =AH16+AI16+AJ16 -> 10.45 | AL16: ='13'!G140 -> 0 | AM16: ='13'!G141 -> 8.84 | AO16: =AL16+AM16 -> 8.84 | AP16: ='13'!G124 -> 254.99 | AQ16: ='13'!G35 -> -0.3 | AR16: ='13'!G37 -> 1577.13 | AS16: ='13'!G38 -> 1632.01 | AT16: ='13'!G39 -> 3726 | AU16: ='13'!G40 -> 350.99 | AV16: ='13'!G41 -> 0 | AW16: ='13'!G42 -> 2547.6 | AX16: ='13'!G43 -> 2552.4 | AY16: ='13'!G44 -> 0 | AZ16: ='13'!G36 -> 969.02 | BA16: ='13'!G49 -> 2899.87 | BB16: ='13'!G51 -> 0 | BC16: ='13'!G52 -> 0 | BD16: ='13'!G53 -> 0 | BE16: ='13'!G54 -> 0 | BF16: ='13'!G55 -> 3635 | BG16: ='13'!G56 -> 9.21 | BH16: ='13'!G57 -> 0.33 | BI16: ='13'!G50 -> 1162.89 | BJ16: =SUM(AV16,AW16,BF16,BG16) -> 6191.81 | BK16: ='13'!G84 -> 787 | BL16: =SUM(AQ16,AV16,AW16,AX16,BA16,BF16,BG16,BH16)/I16% -> 53.87948 | BM16: =SUM(AT16,BD16)/I16% -> 17.240901 | BN16: =(AS16+BC16)/I16 -> 0.075516163 | BO16: =K16+O16+R16+V16 -> 266340 | BP16: =SUM(AV16,AW16,AX16,BF16,BG16,BH16,BK16) -> 9531.54 | BQ16: =BP16/(AE16*280) -> 1.1706057
A17: 14 | B17: 14 | D17: ='14'!D3 -> 28 | E17: ='14'!D4 -> 0.85 | F17: ='14'!D2 -> 0.25 | G17: ='14'!G8 -> 22172.24 | H17: ='14'!G7 -> 22050.43 | I17: ='14'!G8 -> 22172.24 | J17: 9 | K17: =I17*J17 -> 199550.16 | L17: =I17/202 -> 109.76356 | M17: ='14'!G15 -> 797.81 | N17: 53 | O17: =M17*N17 -> 42283.93 | P17: ='14'!G20 -> 205 | Q17: 108 | R17: =P17*Q17 -> 22140 | S17: =P17/(F17*202/100) -> 405.94059 | T17: ='14'!G24 -> 0 | U17: 69 | V17: =T17*U17 -> 0 | W17: ='14'!G96 -> 74 | X17: ='14'!G97 -> 24 | Y17: ='14'!G98 -> 22 | Z17: =W17+X17+Y17 -> 120 | AA17: ='14'!G133 -> 0 | AB17: ='14'!G134 -> 24.29 | AC17: ='14'!G135 -> 7.46 | AD17: ='14'!G136 -> 0 | AE17: =AA17+AB17+AC17+AD17 -> 31.75 | AF17: =AV17+AW17+BF17+BG17 -> 6122.54 | AG17: =AF17/AE17 -> 192.83591 | AH17: ='14'!G137 -> 5.4 | AI17: ='14'!G138 -> 0 | AJ17: ='14'!G139 -> 2.31 | AK17: =AH17+AI17+AJ17 -> 7.71 | AL17: ='14'!G140 -> 0 | AM17: ='14'!G141 -> 8.76 | AO17: =AL17+AM17 -> 8.76 | AP17: ='14'!G124 -> 251.74 | AQ17: ='14'!G35 -> 0.3 | AR17: ='14'!G37 -> 1649.35 | AS17: ='14'!G38 -> 1585.79 | AT17: ='14'!G39 -> 3716.87 | AU17: ='14'!G40 -> 374.06 | AV17: ='14'!G41 -> 0 | AW17: ='14'!G42 -> 4837.91 | AX17: ='14'!G43 -> 2640.3 | AY17: ='14'!G44 -> 0 | AZ17: ='14'!G36 -> 950.38 | BA17: ='14'!G49 -> 2878.17 | BB17: ='14'!G51 -> 0 | BC17: ='14'!G52 -> 0 | BD17: ='14'!G53 -> -0.41 | BE17: ='14'!G54 -> 0 | BF17: ='14'!G55 -> 1274.28 | BG17: ='14'!G56 -> 10.35 | BH17: ='14'!G57 -> 0 | BI17: ='14'!G50 -> 1781.57 | BJ17: =SUM(AV17,AW17,BF17,BG17) -> 6122.54 | BK17: ='14'!G84 -> 765 | BL17: =SUM(AQ17,AV17,AW17,AX17,BA17,BF17,BG17,BH17)/I17% -> 52.503987 | BM17: =SUM(AT17,BD17)/I17% -> 16.761771 | BN17: =(AS17+BC17)/I17 -> 0.071521416 | BO17: =K17+O17+R17+V17 -> 263974.09 | BP17: =SUM(AV17,AW17,AX17,BF17,BG17,BH17,BK17) -> 9527.84 | BQ17: =BP17/(AE17*280) -> 1.071748
A18: 15 | B18: 15 | D18: ='15'!D3 -> 29 | E18: ='15'!D4 -> 0.93 | F18: ='15'!D2 -> 0.4702 | G18: ='15'!G8 -> 22546.3 | H18: ='15'!G7 -> 22451.94 | I18: ='15'!G8 -> 22546.3 | J18: 9 | K18: =I18*J18 -> 202916.7 | L18: =I18/202 -> 111.61535 | M18: ='15'!G15 -> 947.813 | N18: 53 | O18: =M18*N18 -> 50234.089 | P18: ='15'!G20 -> 184 | Q18: 108 | R18: =P18*Q18 -> 19872 | S18: =P18/(F18*202/100) -> 193.72418 | T18: ='15'!G24 -> 0 | U18: 69 | V18: =T18*U18 -> 0 | W18: ='15'!G96 -> 78 | X18: ='15'!G97 -> 21 | Y18: ='15'!G98 -> 26 | Z18: =W18+X18+Y18 -> 125 | AA18: ='15'!G133 -> 6.55 | AB18: ='15'!G134 -> 23.95 | AC18: ='15'!G135 -> 0 | AD18: ='15'!G136 -> 0 | AE18: =AA18+AB18+AC18+AD18 -> 30.5 | AF18: =AV18+AW18+BF18+BG18 -> 6384.17 | AG18: =AF18/AE18 -> 209.31705 | AH18: ='15'!G137 -> 9.59 | AI18: ='15'!G138 -> 0 | AJ18: ='15'!G139 -> 0 | AK18: =AH18+AI18+AJ18 -> 9.59 | AL18: ='15'!G140 -> 0 | AM18: ='15'!G141 -> 9 | AO18: =AL18+AM18 -> 9 | AP18: ='15'!G124 -> 253.43 | AQ18: ='15'!G35 -> 0 | AR18: ='15'!G37 -> 1595.38 | AS18: ='15'!G38 -> 1645.44 | AT18: ='15'!G39 -> 3733.4 | AU18: ='15'!G40 -> 477.65 | AV18: ='15'!G41 -> 1438.44 | AW18: ='15'!G42 -> 4934.33 | AX18: ='15'!G43 -> 2774.3 | AY18: ='15'!G44 -> 0 | AZ18: ='15'!G36 -> 1106.87 | BA18: ='15'!G49 -> 2947.52 | BB18: ='15'!G51 -> 0 | BC18: ='15'!G52 -> -0.07 | BD18: ='15'!G53 -> 0.41 | BE18: ='15'!G54 -> 0 | BF18: ='15'!G55 -> 0 | BG18: ='15'!G56 -> 11.4 | BH18: ='15'!G57 -> 0 | BI18: ='15'!G50 -> 1449.7 | BJ18: =SUM(AV18,AW18,BF18,BG18) -> 6384.17 | BK18: ='15'!G84 -> 743 | BL18: =SUM(AQ18,AV18,AW18,AX18,BA18,BF18,BG18,BH18)/I18% -> 53.69391 | BM18: =SUM(AT18,BD18)/I18% -> 16.560633 | BN18: =(AS18+BC18)/I18 -> 0.072977384 | BO18: =K18+O18+R18+V18 -> 273022.79 | BP18: =SUM(AV18,AW18,AX18,BF18,BG18,BH18,BK18) -> 9901.47 | BQ18: =BP18/(AE18*280) -> 1.1594227
A19: 16 | B19: 16 | D19: ='16'!D3 -> 30 | E19: ='16'!D4 -> 0.78 | F19: ='16'!D2 -> 0.52 | G19: ='16'!G8 -> 22174.58 | H19: ='16'!G7 -> 22073.34 | I19: ='16'!G8 -> 22174.58 | J19: 9 | K19: =I19*J19 -> 199571.22 | L19: =I19/202 -> 109.77515 | M19: ='16'!G15 -> 837.257 | N19: 53 | O19: =M19*N19 -> 44374.621 | P19: ='16'!G20 -> 170 | Q19: 108 | R19: =P19*Q19 -> 18360 | S19: =P19/(F19*202/100) -> 161.84311 | T19: ='16'!G24 -> 0 | U19: 69 | V19: =T19*U19 -> 0 | W19: ='16'!G96 -> 96 | X19: ='16'!G97 -> 26 | Y19: ='16'!G98 -> 25 | Z19: =W19+X19+Y19 -> 147 | AA19: ='16'!G133 -> 0 | AB19: ='16'!G134 -> 19.24 | AC19: ='16'!G135 -> 9.54 | AD19: ='16'!G136 -> 0 | AE19: =AA19+AB19+AC19+AD19 -> 28.78 | AF19: =AV19+AW19+BF19+BG19 -> 6367.01 | AG19: =AF19/AE19 -> 221.23037 | AH19: ='16'!G137 -> 8.02 | AI19: ='16'!G138 -> 0 | AJ19: ='16'!G139 -> 0 | AK19: =AH19+AI19+AJ19 -> 8.02 | AL19: ='16'!G140 -> 0 | AM19: ='16'!G141 -> 9.05 | AO19: =AL19+AM19 -> 9.05 | AP19: ='16'!G124 -> 265.34 | AQ19: ='16'!G35 -> 0 | AR19: ='16'!G37 -> 1642.17 | AS19: ='16'!G38 -> 1628.34 | AT19: ='16'!G39 -> 3776.63 | AU19: ='16'!G40 -> 269.03 | AV19: ='16'!G41 -> 0 | AW19: ='16'!G42 -> 4201.34 | AX19: ='16'!G43 -> 2623.9 | AY19: ='16'!G44 -> 0 | AZ19: ='16'!G36 -> 1003.58 | BA19: ='16'!G49 -> 3155.48 | BB19: ='16'!G51 -> 0 | BC19: ='16'!G52 -> 0.07 | BD19: ='16'!G53 -> -0.41 | BE19: ='16'!G54 -> 0.27 | BF19: ='16'!G55 -> 2155.51 | BG19: ='16'!G56 -> 10.16 | BH19: ='16'!G57 -> 0 | BI19: ='16'!G50 -> 1102.16 | BJ19: =SUM(AV19,AW19,BF19,BG19) -> 6367.01 | BK19: ='16'!G84 -> 734 | BL19: =SUM(AQ19,AV19,AW19,AX19,BA19,BF19,BG19,BH19)/I19% -> 54.77619 | BM19: =SUM(AT19,BD19)/I19% -> 17.0295 | BN19: =(AS19+BC19)/I19 -> 0.073435889 | BO19: =K19+O19+R19+V19 -> 262305.84 | BP19: =SUM(AV19,AW19,AX19,BF19,BG19,BH19,BK19) -> 9724.91 | BQ19: =BP19/(AE19*280) -> 1.2068041
A20: 17 | B20: 17 | D20: ='17'!D3 -> 29 | E20: ='17'!D4 -> 0.8 | F20: ='17'!D2 -> 0.6 | G20: ='17'!G8 -> 24914.74 | H20: ='17'!G7 -> 24778.48 | I20: ='17'!G8 -> 24914.74 | J20: 9 | K20: =I20*J20 -> 224232.66 | L20: =I20/202 -> 123.3403 | M20: ='17'!G15 -> 981.661 | N20: 53 | O20: =M20*N20 -> 52028.033 | P20: ='17'!G20 -> 201 | Q20: 108 | R20: =P20*Q20 -> 21708 | S20: =P20/(F20*202/100) -> 165.84158 | T20: ='17'!G24 -> 0 | U20: 69 | V20: =T20*U20 -> 0 | W20: ='17'!G96 -> 89 | X20: ='17'!G97 -> 30 | Y20: ='17'!G98 -> 30 | Z20: =W20+X20+Y20 -> 149 | AA20: ='17'!G133 -> 0 | AB20: ='17'!G134 -> 12.65 | AC20: ='17'!G135 -> 24.09 | AD20: ='17'!G136 -> 0 | AE20: =AA20+AB20+AC20+AD20 -> 36.74 | AF20: =AV20+AW20+BF20+BG20 -> 8133.4 | AG20: =AF20/AE20 -> 221.37725 | AH20: ='17'!G137 -> 9.11 | AI20: ='17'!G138 -> 0 | AJ20: ='17'!G139 -> 0 | AK20: =AH20+AI20+AJ20 -> 9.11 | AL20: ='17'!G140 -> 0 | AM20: ='17'!G141 -> 10.06 | AO20: =AL20+AM20 -> 10.06 | AP20: ='17'!G124 -> 289.02 | AQ20: ='17'!G35 -> 0 | AR20: ='17'!G37 -> 1656.55 | AS20: ='17'!G38 -> 1759.92 | AT20: ='17'!G39 -> 3718.53 | AU20: ='17'!G40 -> 419.45 | AV20: ='17'!G41 -> 0 | AW20: ='17'!G42 -> 2731.4 | AX20: ='17'!G43 -> 3097.4 | AY20: ='17'!G44 -> 0 | AZ20: ='17'!G36 -> 1131.82 | BA20: ='17'!G49 -> 3270.42 | BB20: ='17'!G51 -> 0 | BC20: ='17'!G52 -> 0 | BD20: ='17'!G53 -> 0.4 | BE20: ='17'!G54 -> 0 | BF20: ='17'!G55 -> 5391.56 | BG20: ='17'!G56 -> 10.44 | BH20: ='17'!G57 -> 0 | BI20: ='17'!G50 -> 1300.44 | BJ20: =SUM(AV20,AW20,BF20,BG20) -> 8133.4 | BK20: ='17'!G84 -> 678 | BL20: =SUM(AQ20,AV20,AW20,AX20,BA20,BF20,BG20,BH20)/I20% -> 58.203377 | BM20: =SUM(AT20,BD20)/I20% -> 14.926626 | BN20: =(AS20+BC20)/I20 -> 0.070637703 | BO20: =K20+O20+R20+V20 -> 297968.69 | BP20: =SUM(AV20,AW20,AX20,BF20,BG20,BH20,BK20) -> 11908.8 | BQ20: =BP20/(AE20*280) -> 1.1576328
A21: 18 | B21: 18 | D21: ='18'!D3 -> 29 | E21: ='18'!D4 -> 0.79 | F21: ='18'!D2 -> 0.54 | G21: ='18'!G8 -> 25951.08 | H21: ='18'!G7 -> 25838.12 | I21: ='18'!G8 -> 25951.08 | J21: 9 | K21: =I21*J21 -> 233559.72 | L21: =I21/202 -> 128.47069 | M21: ='18'!G15 -> 908.879 | N21: 53 | O21: =M21*N21 -> 48170.587 | P21: ='18'!G20 -> 179 | Q21: 108 | R21: =P21*Q21 -> 19332 | S21: =P21/(F21*202/100) -> 164.09974 | T21: ='18'!G24 -> 0 | U21: 69 | V21: =T21*U21 -> 0 | W21: ='18'!G96 -> 90 | X21: ='18'!G97 -> 30 | Y21: ='18'!G98 -> 29 | Z21: =W21+X21+Y21 -> 149 | AA21: ='18'!G133 -> 0 | AB21: ='18'!G134 -> 13.05 | AC21: ='18'!G135 -> 23.91 | AD21: ='18'!G136 -> 0 | AE21: =AA21+AB21+AC21+AD21 -> 36.96 | AF21: =AV21+AW21+BF21+BG21 -> 8129.57 | AG21: =AF21/AE21 -> 219.9559 | AH21: ='18'!G137 -> 8.54 | AI21: ='18'!G138 -> 0 | AJ21: ='18'!G139 -> 0 | AK21: =AH21+AI21+AJ21 -> 8.54 | AL21: ='18'!G140 -> 0 | AM21: ='18'!G141 -> 10.29 | AO21: =AL21+AM21 -> 10.29 | AP21: ='18'!G124 -> 295.74 | AQ21: ='18'!G35 -> 0 | AR21: ='18'!G37 -> 1846.52 | AS21: ='18'!G38 -> 1840.98 | AT21: ='18'!G39 -> 3751.24 | AU21: ='18'!G40 -> 682.61 | AV21: ='18'!G41 -> 0 | AW21: ='18'!G42 -> 2740.73 | AX21: ='18'!G43 -> 3145.2 | AY21: ='18'!G44 -> 0 | AZ21: ='18'!G36 -> 1191.63 | BA21: ='18'!G49 -> 3484.808 | BB21: ='18'!G51 -> 0 | BC21: ='18'!G52 -> 0 | BD21: ='18'!G53 -> -0.4 | BE21: ='18'!G54 -> 0.08 | BF21: ='18'!G55 -> 5388.84 | BG21: ='18'!G56 -> 0 | BH21: ='18'!G57 -> 0 | BI21: ='18'!G50 -> 1712.2 | BJ21: =SUM(AV21,AW21,BF21,BG21) -> 8129.57 | BK21: ='18'!G84 -> 823 | BL21: =SUM(AQ21,AV21,AW21,AX21,BA21,BF21,BG21,BH21)/I21% -> 56.874619 | BM21: =SUM(AT21,BD21)/I21% -> 14.453503 | BN21: =(AS21+BC21)/I21 -> 0.0709404 | BO21: =K21+O21+R21+V21 -> 301062.31 | BP21: =SUM(AV21,AW21,AX21,BF21,BG21,BH21,BK21) -> 12097.77 | BQ21: =BP21/(AE21*280) -> 1.1690022
A22: 19 | B22: 19 | D22: ='19'!D3 -> 27 | E22: ='19'!D4 -> 0.8 | F22: ='19'!D2 -> 0.62 | G22: ='19'!G8 -> 21717.79 | H22: ='19'!G7 -> 21625.67 | I22: ='19'!G8 -> 21717.79 | J22: 9 | K22: =I22*J22 -> 195460.11 | L22: =I22/202 -> 107.51381 | M22: ='19'!G15 -> 880.58 | N22: 53 | O22: =M22*N22 -> 46670.74 | P22: ='19'!G20 -> 257 | Q22: 108 | R22: =P22*Q22 -> 27756 | S22: =P22/(F22*202/100) -> 205.206 | T22: ='19'!G24 -> 0 | U22: 69 | V22: =T22*U22 -> 0 | W22: ='19'!G96 -> 76 | X22: ='19'!G97 -> 18 | Y22: ='19'!G98 -> 23 | Z22: =W22+X22+Y22 -> 117 | AA22: ='19'!G133 -> -0.1 | AB22: ='19'!G134 -> 4.24 | AC22: ='19'!G135 -> 24 | AD22: ='19'!G136 -> 0 | AE22: =AA22+AB22+AC22+AD22 -> 28.14 | AF22: =AV22+AW22+BF22+BG22 -> 6446.2 | AG22: =AF22/AE22 -> 229.07605 | AH22: ='19'!G137 -> 9.56 | AI22: ='19'!G138 -> -0.16 | AJ22: ='19'!G139 -> 0 | AK22: =AH22+AI22+AJ22 -> 9.4 | AL22: ='19'!G140 -> 0 | AM22: ='19'!G141 -> 9.4 | AO22: =AL22+AM22 -> 9.4 | AP22: ='19'!G124 -> 267.73 | AQ22: ='19'!G35 -> -0.3 | AR22: ='19'!G37 -> 1591.03 | AS22: ='19'!G38 -> 1606.53 | AT22: ='19'!G39 -> 3770.33 | AU22: ='19'!G40 -> 359.2 | AV22: ='19'!G41 -> -0.35 | AW22: ='19'!G42 -> 824.09 | AX22: ='19'!G43 -> 2549.9 | AY22: ='19'!G44 -> 0 | AZ22: ='19'!G36 -> 815.72 | BA22: ='19'!G49 -> 3252.602 | BB22: ='19'!G51 -> 0.13 | BC22: ='19'!G52 -> -0.07 | BD22: ='19'!G53 -> 0 | BE22: ='19'!G54 -> -0.35 | BF22: ='19'!G55 -> 5622.81 | BG22: ='19'!G56 -> -0.35 | BH22: ='19'!G57 -> -0.33 | BI22: ='19'!G50 -> 1093.93 | BJ22: =SUM(AV22,AW22,BF22,BG22) -> 6446.2 | BK22: ='19'!G84 -> 776 | BL22: =SUM(AQ22,AV22,AW22,AX22,BA22,BF22,BG22,BH22)/I22% -> 56.396493 | BM22: =SUM(AT22,BD22)/I22% -> 17.36056 | BN22: =(AS22+BC22)/I22 -> 0.073969773 | BO22: =K22+O22+R22+V22 -> 269886.85 | BP22: =SUM(AV22,AW22,AX22,BF22,BG22,BH22,BK22) -> 9771.77 | BQ22: =BP22/(AE22*280) -> 1.2401982
A23: 20 | B23: 20 | D23: ='20'!D3 -> 27 | E23: ='20'!D4 -> 0.84 | F23: ='20'!D2 -> 0.67 | G23: ='20'!G8 -> 22217.27 | H23: ='20'!G7 -> 22117.96 | I23: ='20'!G8 -> 22217.27 | J23: 9 | K23: =I23*J23 -> 199955.43 | L23: =I23/202 -> 109.98649 | M23: ='20'!G15 -> 465 | N23: 53 | O23: =M23*N23 -> 24645 | P23: ='20'!G20 -> 143 | Q23: 108 | R23: =P23*Q23 -> 15444 | S23: =P23/(F23*202/100) -> 105.65982 | T23: ='20'!G24 -> 0 | U23: 69 | V23: =T23*U23 -> 0 | W23: ='20'!G96 -> 51 | X23: ='20'!G97 -> 15 | Y23: ='20'!G98 -> 17 | Z23: =W23+X23+Y23 -> 83 | AA23: ='20'!G133 -> 0.1 | AB23: ='20'!G134 -> 12.59 | AC23: ='20'!G135 -> 23.14 | AD23: ='20'!G136 -> 0 | AE23: =AA23+AB23+AC23+AD23 -> 35.83 | AF23: =AV23+AW23+BF23+BG23 -> 7204.54 | AG23: =AF23/AE23 -> 201.07563 | AH23: ='20'!G137 -> 0.28 | AI23: ='20'!G138 -> 0.16 | AJ23: ='20'!G139 -> 0 | AK23: =AH23+AI23+AJ23 -> 0.44 | AL23: ='20'!G140 -> 0 | AM23: ='20'!G141 -> 9.15 | AO23: =AL23+AM23 -> 9.15 | AP23: ='20'!G124 -> 260.45 | AQ23: ='20'!G35 -> 0 | AR23: ='20'!G37 -> 1586.97 | AS23: ='20'!G38 -> 1448.93 | AT23: ='20'!G39 -> 3767.43 | AU23: ='20'!G40 -> 531.89 | AV23: ='20'!G41 -> 0.35 | AW23: ='20'!G42 -> 2322.57 | AX23: ='20'!G43 -> 2710.7 | AY23: ='20'!G44 -> 0 | AZ23: ='20'!G36 -> 1166.52 | BA23: ='20'!G49 -> 2573.21 | BB23: ='20'!G51 -> 0 | BC23: ='20'!G52 -> 0 | BD23: ='20'!G580 -> 0 | BE23: ='20'!G54 -> 0 | BF23: ='20'!G55 -> 4850.47 | BG23: ='20'!G56 -> 31.15 | BH23: ='20'!G57 -> 0 | BI23: ='20'!G50 -> 1063.75 | BJ23: =SUM(AV23,AW23,BF23,BG23) -> 7204.54 | BK23: ='20'!G84 -> 727 | BL23: =SUM(AQ23,AV23,AW23,AX23,BA23,BF23,BG23,BH23)/I23% -> 56.210552 | BM23: =SUM(AT23,BD23)/I23% -> 16.957214 | BN23: =(AS23+BC23)/I23 -> 0.065216383 | BO23: =K23+O23+R23+V23 -> 240044.43 | BP23: =SUM(AV23,AW23,AX23,BF23,BG23,BH23,BK23) -> 10642.24 | BQ23: =BP23/(AE23*280) -> 1.060787
A24: 21 | B24: 21 | D24: 21 | E24: ='21'!D4 -> 0.84 | F24: ='21'!D2 -> 0.66 | G24: ='21'!G8 -> 21222.56 | H24: ='21'!G7 -> 21118.71 | I24: ='21'!G8 -> 21222.56 | J24: 9 | K24: =I24*J24 -> 191003.04 | L24: =I24/202 -> 105.06218 | M24: ='21'!G15 -> 926.72 | N24: 53 | O24: =M24*N24 -> 49116.16 | P24: ='21'!G20 -> 175 | Q24: 108 | R24: =P24*Q24 -> 18900 | S24: =P24/(F24*202/100) -> 131.26313 | T24: ='21'!G24 -> 0 | U24: 69 | V24: =T24*U24 -> 0 | W24: ='21'!G96 -> 79 | X24: ='21'!G97 -> 18 | Y24: ='21'!G98 -> 23 | Z24: =W24+X24+Y24 -> 120 | AA24: ='21'!G133 -> 0 | AB24: ='21'!G134 -> 18.18 | AC24: ='21'!G135 -> 9.39 | AD24: ='21'!G136 -> 0 | AE24: =AA24+AB24+AC24+AD24 -> 27.57 | AF24: =AV24+AW24+BF24+BG24 -> 6289.11 | AG24: =AF24/AE24 -> 228.11425 | AH24: ='21'!G137 -> 10.07 | AI24: ='21'!G138 -> 0 | AJ24: ='21'!G139 -> 0 | AK24: =AH24+AI24+AJ24 -> 10.07 | AL24: ='21'!G140 -> 0 | AM24: ='21'!G141 -> 9.46 | AO24: =AL24+AM24 -> 9.46 | AP24: ='21'!G124 -> 269.23 | AQ24: ='21'!G35 -> 0 | AR24: ='21'!G37 -> 1602.92 | AS24: ='21'!G38 -> 1577.98 | AT24: ='21'!G39 -> 3741.52 | AU24: ='21'!G40 -> 267.51 | AV24: ='21'!G41 -> 0 | AW24: ='21'!G42 -> 4011.53 | AX24: ='21'!G43 -> 2552.6 | AY24: ='21'!G44 -> 0 | AZ24: ='21'!G36 -> 759.4 | BA24: ='21'!G49 -> 2837.54 | BB24: ='21'!G51 -> 0 | BC24: ='21'!G52 -> 0.07 | BD24: ='21'!G53 -> 0 | BE24: ='21'!G54 -> 0 | BF24: ='21'!G55 -> 2266.54 | BG24: ='21'!G56 -> 11.04 | BH24: ='21'!G57 -> 0 | BI24: ='21'!G50 -> 1014.92 | BJ24: =SUM(AV24,AW24,BF24,BG24) -> 6289.11 | BK24: ='21'!G84 -> 697 | BL24: =SUM(AQ24,AV24,AW24,AX24,BA24,BF24,BG24,BH24)/I24% -> 55.032239 | BM24: =SUM(AT24,BD24)/I24% -> 17.629918 | BN24: =(AS24+BC24)/I24 -> 0.074357193 | BO24: =K24+O24+R24+V24 -> 259019.2 | BP24: =SUM(AV24,AW24,AX24,BF24,BG24,BH24,BK24) -> 9538.71 | BQ24: =BP24/(AE24*280) -> 1.2356482
A25: 22 | B25: 22 | D25: ='22'!D3 -> 27 | E25: ='22'!D4 -> 0.84 | F25: ='22'!D2 -> 0.72 | G25: ='22'!G8 -> 21500 | H25: ='22'!G7 -> 21500 | I25: ='22'!G8 -> 21500 | J25: 9 | K25: =I25*J25 -> 193500 | L25: =I25/202 -> 106.43564 | M25: ='22'!G15 -> 700 | N25: 53 | O25: =M25*N25 -> 37100 | P25: ='22'!G20 -> -1659 | Q25: 108 | R25: =P25*Q25 -> -179172 | S25: =P25/(F25*202/100) -> -1140.6766 | T25: ='22'!G24 -> 0 | U25: 69 | V25: =T25*U25 -> 0 | W25: ='22'!G96 -> -2350 | X25: ='22'!G97 -> -629 | Y25: ='22'!G98 -> -712 | Z25: =W25+X25+Y25 -> -3691 | AA25: ='22'!G133 -> -260.02 | AB25: ='22'!G134 -> -145.19 | AC25: ='22'!G135 -> -474.17 | AD25: ='22'!G136 -> 0.05 | AE25: =AA25+AB25+AC25+AD25 -> -879.33 | AF25: =AV25+AW25+BF25+BG25 -> -189822.9 | AG25: =AF25/AE25 -> 215.8722 | AH25: ='22'!G137 -> -184.25 | AI25: ='22'!G138 -> -17.27 | AJ25: ='22'!G139 -> -19.87 | AK25: =AH25+AI25+AJ25 -> -221.39 | AL25: ='22'!G140 -> -201.67 | AM25: ='22'!G141 -> -87.25 | AO25: =AL25+AM25 -> -288.92 | AP25: ='22'!G124 -> -7951.91 | AQ25: ='22'!G35 -> -52517 | AR25: ='22'!G37 -> -44973.64 | AS25: ='22'!G38 -> -46569.16 | AT25: ='22'!G39 -> -106711.96 | AU25: ='22'!G40 -> -10805.58 | AV25: ='22'!G41 -> -57150.1 | AW25: ='22'!G42 -> -29962.02 | AX25: ='22'!G43 -> -78806.2 | AY25: ='22'!G44 -> 0 | AZ25: ='22'!G36 -> -24458.25 | BA25: ='22'!G49 -> -33288.62 | BB25: ='22'!G51 -> -0.13 | BC25: ='22'!G52 -> 0 | BD25: ='22'!G53 -> 0 | BE25: ='22'!G54 -> 0.39 | BF25: ='22'!G55 -> -102408.38 | BG25: ='22'!G56 -> -302.4 | BH25: ='22'!G57 -> 0 | BI25: ='22'!G50 -> -33905.68 | BJ25: =SUM(AV25,AW25,BF25,BG25) -> -189822.9 | BK25: ='22'!G84 -> -22943 | BL25: =SUM(AQ25,AV25,AW25,AX25,BA25,BF25,BG25,BH25)/I25% -> -1648.5336 | BM25: =SUM(AT25,BD25)/I25% -> -496.3347 | BN25: =(AS25+BC25)/I25 -> -2.1660074 | BO25: =K25+O25+R25+V25 -> 51428 | BP25: =SUM(AV25,AW25,AX25,BF25,BG25,BH25,BK25) -> -291572.1 | BQ25: =BP25/(AE25*280) -> 1.18423
A26: 23 | B26: 23 | D26: ='23'!D3 -> 30 | E26: ='23'!D4 -> 0.78 | F26: ='23'!D2 -> 0.52 | G26: ='23'!G8 -> 21500 | H26: ='23'!G7 -> 21500 | I26: ='23'!G8 -> 21500 | J26: 9 | K26: =I26*J26 -> 193500 | L26: =I26/202 -> 106.43564 | M26: ='23'!G15 -> 700 | N26: 53 | O26: =M26*N26 -> 37100 | P26: ='23'!G20 -> 101 | Q26: 108 | R26: =P26*Q26 -> 10908 | S26: =P26/(F26*202/100) -> 96.153846 | T26: ='23'!G24 -> 0 | U26: 69 | V26: =T26*U26 -> 0 | W26: ='23'!G96 -> 43 | X26: ='23'!G97 -> 17 | Y26: ='23'!G98 -> 22 | Z26: =W26+X26+Y26 -> 82 | AA26: ='23'!G133 -> 5.43 | AB26: ='23'!G134 -> 0 | AC26: ='23'!G135 -> 24.08 | AD26: ='23'!G136 -> 0 | AE26: =AA26+AB26+AC26+AD26 -> 29.51 | AF26: =AV26+AW26+BF26+BG26 -> 5831.95 | AG26: =AF26/AE26 -> 197.62623 | AH26: ='23'!G137 -> 1.94 | AI26: ='23'!G138 -> 0 | AJ26: ='23'!G139 -> 0 | AK26: =AH26+AI26+AJ26 -> 1.94 | AL26: ='23'!G140 -> 10.82 | AM26: ='23'!G141 -> 0 | AO26: =AL26+AM26 -> 10.82 | AP26: ='23'!G124 -> 283.38 | AQ26: ='23'!G35 -> 2677.5 | AR26: ='23'!G37 -> 1414.34 | AS26: ='23'!G38 -> 1354.22 | AT26: ='23'!G39 -> 3432.96 | AU26: ='23'!G40 -> 324.68 | AV26: ='23'!G41 -> 1074.18 | AW26: ='23'!G42 -> 0 | AX26: ='23'!G43 -> 2742.6 | AY26: ='23'!G44 -> 0 | AZ26: ='23'!G36 -> 662.31 | BA26: ='23'!G49 -> -0.01 | BB26: ='23'!G51 -> 0 | BC26: ='23'!G52 -> 0 | BD26: ='23'!G53 -> 0 | BE26: ='23'!G54 -> 0.02 | BF26: ='23'!G55 -> 4747.57 | BG26: ='23'!G56 -> 10.2 | BH26: ='23'!G57 -> 0 | BI26: ='23'!G50 -> 989.4 | BJ26: =SUM(AV26,AW26,BF26,BG26) -> 5831.95 | BK26: ='23'!G84 -> 782 | BL26: =SUM(AQ26,AV26,AW26,AX26,BA26,BF26,BG26,BH26)/I26% -> 52.33507 | BM26: =SUM(AT26,BD26)/I26% -> 15.967256 | BN26: =(AS26+BC26)/I26 -> 0.062986977 | BO26: =K26+O26+R26+V26 -> 241508 | BP26: =SUM(AV26,AW26,AX26,BF26,BG26,BH26,BK26) -> 9356.55 | BQ26: =BP26/(AE26*280) -> 1.1323704
A27: 24 | B27: 24 | D27: ='24'!D3 -> 28 | E27: ='24'!D4 -> 0.8 | F27: ='24'!D2 -> 0.58 | G27: ='24'!G8 -> 21500 | H27: ='24'!G7 -> 21500 | I27: ='24'!G8 -> 21500 | J27: 9 | K27: =I27*J27 -> 193500 | L27: =I27/202 -> 106.43564 | M27: ='24'!G15 -> 700 | N27: 53 | O27: =M27*N27 -> 37100 | P27: ='24'!G20 -> 164 | Q27: 108 | R27: =P27*Q27 -> 17712 | S27: =P27/(F27*202/100) -> 139.97952 | T27: ='24'!G24 -> 0 | U27: 69 | V27: =T27*U27 -> 0 | W27: ='24'!G96 -> 73 | X27: ='24'!G97 -> 19 | Y27: ='24'!G98 -> 20 | Z27: =W27+X27+Y27 -> 112 | AA27: ='24'!G133 -> 7.49 | AB27: ='24'!G134 -> 0 | AC27: ='24'!G135 -> 23.56 | AD27: ='24'!G136 -> -0.05 | AE27: =AA27+AB27+AC27+AD27 -> 31 | AF27: =AV27+AW27+BF27+BG27 -> 6559.3 | AG27: =AF27/AE27 -> 211.59032 | AH27: ='24'!G137 -> -0.04 | AI27: ='24'!G138 -> 9.5 | AJ27: ='24'!G139 -> 1.05 | AK27: =AH27+AI27+AJ27 -> 10.51 | AL27: ='24'!G140 -> 10.72 | AM27: ='24'!G141 -> 0 | AO27: =AL27+AM27 -> 10.72 | AP27: ='24'!G124 -> 288.85 | AQ27: ='24'!G35 -> 2800.5 | AR27: ='24'!G37 -> 1486.41 | AS27: ='24'!G38 -> 1528.03 | AT27: ='24'!G39 -> 3514.05 | AU27: ='24'!G40 -> 520.5 | AV27: ='24'!G41 -> 1565.57 | AW27: ='24'!G42 -> -0.08 | AX27: ='24'!G43 -> 2919.3 | AY27: ='24'!G44 -> 0 | AZ27: ='24'!G36 -> 1173.02 | BA27: ='24'!G49 -> 0 | BB27: ='24'!G51 -> 0.13 | BC27: ='24'!G52 -> -0.07 | BD27: ='24'!G53 -> 0.41 | BE27: ='24'!G54 -> -0.41 | BF27: ='24'!G55 -> 4993.8 | BG27: ='24'!G56 -> 0.01 | BH27: ='24'!G57 -> 0 | BI27: ='24'!G50 -> 1520.61 | BJ27: =SUM(AV27,AW27,BF27,BG27) -> 6559.3 | BK27: ='24'!G84 -> 750 | BL27: =SUM(AQ27,AV27,AW27,AX27,BA27,BF27,BG27,BH27)/I27% -> 57.112093 | BM27: =SUM(AT27,BD27)/I27% -> 16.346326 | BN27: =(AS27+BC27)/I27 -> 0.071067907 | BO27: =K27+O27+R27+V27 -> 248312 | BP27: =SUM(AV27,AW27,AX27,BF27,BG27,BH27,BK27) -> 10228.6 | BQ27: =BP27/(AE27*280) -> 1.1784101
A28: 25 | B28: 25 | D28: ='25'!D3 -> 28 | E28: ='25'!D4 -> 0.8 | F28: ='25'!D2 -> 0.88 | G28: ='25'!G8 -> 21500 | H28: ='25'!G7 -> 21500 | I28: ='25'!G8 -> 21500 | J28: 9 | K28: =I28*J28 -> 193500 | L28: =I28/202 -> 106.43564 | M28: ='25'!G15 -> 700 | N28: 53 | O28: =M28*N28 -> 37100 | P28: ='25'!G20 -> 170 | Q28: 108 | R28: =P28*Q28 -> 18360 | S28: =P28/(F28*202/100) -> 95.634563 | T28: ='25'!G24 -> 0 | U28: 69 | V28: =T28*U28 -> 0 | W28: ='25'!G96 -> 70 | X28: ='25'!G97 -> 21 | Y28: ='25'!G98 -> 19 | Z28: =W28+X28+Y28 -> 110 | AA28: ='25'!G133 -> 0 | AB28: ='25'!G134 -> 0 | AC28: ='25'!G135 -> 24.45 | AD28: ='25'!G136 -> 0 | AE28: =AA28+AB28+AC28+AD28 -> 24.45 | AF28: =AV28+AW28+BF28+BG28 -> 5087 | AG28: =AF28/AE28 -> 208.05726 | AH28: ='24'!G137 -> -0.04 | AI28: ='24'!G138 -> 9.5 | AJ28: ='24'!G139 -> 1.05 | AK28: =AH28+AI28+AJ28 -> 10.51 | AL28: ='23'!G140 -> 10.82 | AM28: ='24'!G141 -> 0 | AO28: =AL28+AM28 -> 10.82 | AP28: ='25'!G124 -> 265 | AQ28: ='25'!G35 -> 2719 | AR28: ='25'!G37 -> 1518 | AS28: ='25'!G38 -> 1537 | AT28: ='25'!G39 -> 3655 | AU28: ='25'!G40 -> 0 | AV28: ='25'!G41 -> 0 | AX28: ='25'!G43 -> 2649 | AY28: ='25'!G44 -> 0 | AZ28: ='25'!G36 -> 642 | BA28: ='25'!G49 -> 0.01 | BB28: ='25'!G51 -> -0.13 | BC28: ='25'!G52 -> 0.07 | BD28: ='25'!G53 -> 0 | BE28: ='24'!G54 -> -0.41 | BF28: ='25'!G55 -> 5087 | BG28: ='25'!G56 -> 0 | BH28: ='25'!G57 -> 0 | BI28: ='25'!G50 -> 1032 | BJ28: =SUM(AV28,AW28,BF28,BG28) -> 5087 | BK28: ='25'!G84 -> 732 | BL28: =SUM(AQ28,AV28,AW28,AX28,BA28,BF28,BG28,BH28)/I28% -> 48.627953 | BM28: =SUM(AT28,BD28)/I28% -> 17 | BN28: =(AS28+BC28)/I28 -> 0.071491628 | BO28: =K28+O28+R28+V28 -> 248960 | BP28: =SUM(AV28,AW28,AX28,BF28,BG28,BH28,BK28) -> 8468 | BQ28: =BP28/(AE28*280) -> 1.2369267
A29: 26 | B29: 26 | D29: ='26'!D3 -> 28 | E29: ='26'!D4 -> 0.78 | F29: ='26'!D2 -> 1 | G29: ='26'!G8 -> 21500 | H29: ='26'!G7 -> 21500 | I29: ='26'!G8 -> 21500 | J29: 9 | K29: =I29*J29 -> 193500 | L29: =I29/202 -> 106.43564 | M29: ='26'!G15 -> 700 | N29: 53 | O29: =M29*N29 -> 37100 | P29: ='26'!G20 -> 215 | Q29: 108 | R29: =P29*Q29 -> 23220 | S29: =P29/(F29*202/100) -> 106.43564 | T29: ='26'!G24 -> 0 | U29: 69 | V29: =T29*U29 -> 0 | W29: ='26'!G96 -> 79 | X29: ='26'!G97 -> 29 | Y29: ='26'!G98 -> 34 | Z29: =W29+X29+Y29 -> 142 | AA29: ='26'!G133 -> 14 | AB29: ='26'!G134 -> 0 | AC29: ='26'!G135 -> 20.96 | AD29: ='26'!G136 -> 0 | AE29: =AA29+AB29+AC29+AD29 -> 34.96 | AF29: =AV29+AW29+BF29+BG29 -> 6949 | AG29: =AF29/AE29 -> 198.77002 | AH29: ='26'!G137 -> 8.45 | AI29: ='26'!G138 -> 0 | AJ29: ='26'!G139 -> 0 | AK29: =AH29+AI29+AJ29 -> 8.45 | AL29: ='26'!G140 -> 11.5 | AM29: ='26'!G141 -> 0 | AO29: =AL29+AM29 -> 11.5 | AP29: ='26'!G124 -> 306 | AQ29: ='26'!G35 -> 3030 | AR29: ='26'!G37 -> 1521 | AS29: ='26'!G38 -> 1787 | AT29: ='26'!G39 -> 3678 | AU29: ='26'!G40 -> 281 | AV29: ='26'!G41 -> 2890 | AW29: ='26'!G42 -> 0 | AX29: ='26'!G43 -> 2958 | AY29: ='26'!G44 -> 0 | AZ29: ='26'!G36 -> 959 | BA29: ='26'!G49 -> -0.13 | BB29: ='26'!G51 -> 0 | BC29: ='26'!G52 -> 0 | BD29: ='26'!G53 -> 0 | BE29: ='26'!G54 -> 0 | BF29: ='26'!G55 -> 4059 | BG29: ='26'!G56 -> 0 | BH29: ='26'!G57 -> 0 | BI29: ='26'!G50 -> 1133 | BJ29: =SUM(AV29,AW29,BF29,BG29) -> 6949 | BK29: ='26'!G84 -> 872 | BL29: =SUM(AQ29,AV29,AW29,AX29,BA29,BF29,BG29,BH29)/I29% -> 60.171488 | BM29: =SUM(AT29,BD29)/I29% -> 17.106977 | BN29: =(AS29+BC29)/I29 -> 0.083116279 | BO29: =K29+O29+R29+V29 -> 253820 | BP29: =SUM(AV29,AW29,AX29,BF29,BG29,BH29,BK29) -> 10779 | BQ29: =BP29/(AE29*280) -> 1.1011564
A30: 27 | B30: 27 | D30: ='27'!D3 -> 29 | E30: ='27'!D4 -> 0.79 | F30: ='27'!D2 -> 0.67 | G30: ='27'!G8 -> 21500 | H30: ='27'!G7 -> 21500 | I30: ='27'!G8 -> 21500 | J30: 9 | K30: =I30*J30 -> 193500 | L30: =I30/202 -> 106.43564 | M30: ='27'!G15 -> 700 | N30: 53 | O30: =M30*N30 -> 37100 | P30: ='27'!G20 -> 241 | Q30: 108 | R30: =P30*Q30 -> 26028 | S30: =P30/(F30*202/100) -> 178.07005 | T30: ='27'!G24 -> 0 | U30: 69 | V30: =T30*U30 -> 0 | W30: ='27'!G96 -> 73 | X30: ='27'!G97 -> 35 | Y30: ='27'!G98 -> 36 | Z30: =W30+X30+Y30 -> 144 | AA30: ='27'!G133 -> 24 | AB30: ='27'!G134 -> 0 | AC30: ='27'!G135 -> 10.76 | AD30: ='27'!G136 -> 0 | AE30: =AA30+AB30+AC30+AD30 -> 34.76 | AF30: =AV30+AW30+BF30+BG30 -> 6445 | AG30: =AF30/AE30 -> 185.41427 | AH30: ='27'!G137 -> 4.48 | AI30: ='27'!G138 -> 0.39 | AJ30: ='27'!G139 -> 5.08 | AK30: =AH30+AI30+AJ30 -> 9.95 | AL30: ='27'!G140 -> 10.5 | AM30: ='27'!G141 -> 0 | AO30: =AL30+AM30 -> 10.5 | AP30: ='27'!G124 -> 294 | AQ30: ='27'!G35 -> 3062 | AR30: ='27'!G37 -> 1492 | AS30: ='27'!G38 -> 1713 | AT30: ='27'!G39 -> 3715 | AU30: ='27'!G40 -> 380 | AV30: ='27'!G41 -> 4771 | AW30: ='27'!G42 -> 0 | AX30: ='27'!G43 -> 3057 | AY30: ='27'!G44 -> 0 | AZ30: ='27'!G36 -> 587 | BA30: ='27'!G49 -> 0.13 | BB30: ='27'!G51 -> 0.13 | BC30: ='27'!G52 -> -0.07 | BD30: ='27'!G53 -> 0 | BE30: ='27'!G54 -> 0 | BF30: ='27'!G55 -> 1674 | BG30: ='27'!G56 -> 0 | BH30: ='27'!G57 -> 0 | BI30: ='27'!G50 -> 1299 | BJ30: =SUM(AV30,AW30,BF30,BG30) -> 6445 | BK30: ='27'!G84 -> 884 | BL30: =SUM(AQ30,AV30,AW30,AX30,BA30,BF30,BG30,BH30)/I30% -> 58.437814 | BM30: =SUM(AT30,BD30)/I30% -> 17.27907 | BN30: =(AS30+BC30)/I30 -> 0.079671163 | BO30: =K30+O30+R30+V30 -> 256628 | BP30: =SUM(AV30,AW30,AX30,BF30,BG30,BH30,BK30) -> 10386 | BQ30: =BP30/(AE30*280) -> 1.0671133
A31: 28 | B31: 28 | D31: ='28'!D3 -> 29 | E31: ='28'!D4 -> 0.8 | F31: ='28'!D2 -> 0.31 | G31: ='28'!G8 -> 21500 | H31: ='28'!G7 -> 21500 | I31: ='28'!G8 -> 21500 | J31: 9 | K31: =I31*J31 -> 193500 | L31: =I31/202 -> 106.43564 | M31: ='28'!G15 -> 700 | N31: 53 | O31: =M31*N31 -> 37100 | P31: ='28'!G20 -> 194 | Q31: 108 | R31: =P31*Q31 -> 20952 | S31: =P31/(F31*202/100) -> 309.80517 | T31: ='28'!G24 -> 0 | U31: 69 | V31: =T31*U31 -> 0 | W31: ='28'!G96 -> 71 | X31: ='28'!G97 -> 24 | Y31: ='28'!G98 -> 16 | Z31: =W31+X31+Y31 -> 111 | AA31: ='28'!G133 -> 16 | AB31: ='28'!G134 -> 0 | AC31: ='28'!G135 -> 9.83 | AD31: ='28'!G136 -> 0 | AE31: =AA31+AB31+AC31+AD31 -> 25.83 | AF31: =AV31+AW31+BF31+BG31 -> 5515 | AG31: =AF31/AE31 -> 213.51142 | AH31: ='28'!G137 -> 7.73 | AI31: ='28'!G138 -> 0 | AJ31: ='28'!G139 -> 0.1 | AK31: =AH31+AI31+AJ31 -> 7.83 | AL31: ='28'!G140 -> 10.7 | AM31: ='28'!G141 -> 0 | AO31: =AL31+AM31 -> 10.7 | AP31: ='28'!G124 -> 284 | AQ31: ='28'!G35 -> 2775 | AR31: ='28'!G37 -> 1454 | AS31: ='28'!G38 -> 1688 | AT31: ='28'!G39 -> 3688 | AU31: ='28'!G40 -> 265 | AV31: ='28'!G41 -> 3371 | AW31: ='28'!G42 -> 0 | AX31: ='28'!G43 -> 2726 | AY31: ='28'!G44 -> 0 | AZ31: ='28'!G36 -> 611 | BA31: ='28'!G49 -> 0 | BB31: ='28'!G51 -> 0 | BC31: ='28'!G52 -> 0.07 | BD31: ='28'!G53 -> 0 | BE31: ='28'!G54 -> 0 | BF31: ='28'!G55 -> 2093 | BG31: ='28'!G56 -> 51 | BH31: ='28'!G57 -> 0.33 | BI31: ='28'!G50 -> 992 | BJ31: =SUM(AV31,AW31,BF31,BG31) -> 5515 | BK31: ='28'!G84 -> 818 | BL31: =SUM(AQ31,AV31,AW31,AX31,BA31,BF31,BG31,BH31)/I31% -> 51.238744 | BM31: =SUM(AT31,BD31)/I31% -> 17.153488 | BN31: =(AS31+BC31)/I31 -> 0.078514884 | BO31: =K31+O31+R31+V31 -> 251552 | BP31: =SUM(AV31,AW31,AX31,BF31,BG31,BH31,BK31) -> 9059.33 | BQ31: =BP31/(AE31*280) -> 1.2526036
A32: 29 | B32: 29 | D32: ='29'!D3 -> 29 | E32: ='29'!D4 -> 0.8 | F32: ='29'!D2 -> 0.31 | G32: ='29'!G8 -> 21500 | H32: ='29'!G7 -> 21500 | I32: ='29'!G8 -> 21500 | J32: 9 | K32: =I32*J32 -> 193500 | L32: =I32/202 -> 106.43564 | M32: ='29'!G15 -> 700 | N32: 53 | O32: =M32*N32 -> 37100 | P32: ='29'!G20 -> 163 | Q32: 108 | R32: =P32*Q32 -> 17604 | S32: =P32/(F32*202/100) -> 260.30022 | T32: ='29'!G24 -> 0 | U32: 69 | V32: =T32*U32 -> 0 | W32: ='29'!G96 -> 61 | X32: ='29'!G97 -> 13 | Y32: ='29'!G98 -> 17 | Z32: =W32+X32+Y32 -> 91 | AA32: ='29'!G133 -> 10 | AB32: ='29'!G134 -> 0 | AC32: ='29'!G135 -> 17 | AD32: ='29'!G136 -> 0 | AE32: =AA32+AB32+AC32+AD32 -> 27 | AF32: =AV32+AW32+BF32+BG32 -> 6013 | AG32: =AF32/AE32 -> 222.7037 | AH32: ='29'!G137 -> 5.22 | AI32: ='29'!G138 -> 0 | AJ32: ='29'!G139 -> 4.52 | AK32: =AH32+AI32+AJ32 -> 9.74 | AL32: ='29'!G140 -> 9.64 | AM32: ='29'!G141 -> 0.12 | AO32: =AL32+AM32 -> 9.76 | AP32: ='29'!G124 -> 261 | AQ32: ='29'!G35 -> 2867 | AR32: ='29'!G37 -> 1417 | AS32: ='29'!G38 -> 1582 | AT32: ='29'!G39 -> 3564 | AU32: ='29'!G40 -> 458 | AV32: ='29'!G41 -> 2329 | AW32: ='29'!G42 -> 0 | AX32: ='29'!G43 -> 2621 | AY32: ='29'!G44 -> 0 | AZ32: ='29'!G36 -> 608 | BA32: ='29'!G49 -> 0 | BB32: ='29'!G51 -> -0.13 | BC32: ='29'!G52 -> 0 | BD32: ='29'!G53 -> 0 | BE32: ='29'!G54 -> 0 | BF32: ='29'!G55 -> 3673 | BG32: ='29'!G56 -> 11 | BH32: ='29'!G57 -> -0.33 | BI32: ='29'!G50 -> 958 | BJ32: =SUM(AV32,AW32,BF32,BG32) -> 6013 | BK32: ='29'!G84 -> 785 | BL32: =SUM(AQ32,AV32,AW32,AX32,BA32,BF32,BG32,BH32)/I32% -> 53.491488 | BM32: =SUM(AT32,BD32)/I32% -> 16.576744 | BN32: =(AS32+BC32)/I32 -> 0.073581395 | BO32: =K32+O32+R32+V32 -> 248204 | BP32: =SUM(AV32,AW32,AX32,BF32,BG32,BH32,BK32) -> 9418.67 | BQ32: =BP32/(AE32*280) -> 1.2458558
A33: 30 | B33: 30 | D33: ='30'!D3 -> 29 | E33: ='30'!D4 -> 0.8 | F33: ='30'!D2 -> 0.32 | G33: ='30'!G8 -> 21500 | H33: ='30'!G7 -> 21500 | I33: ='30'!G8 -> 21500 | J33: 9 | K33: =I33*J33 -> 193500 | L33: =I33/202 -> 106.43564 | M33: ='30'!G15 -> 700 | N33: 53 | O33: =M33*N33 -> 37100 | P33: ='30'!G20 -> 134 | Q33: 108 | R33: =P33*Q33 -> 14472 | S33: =P33/(F33*202/100) -> 207.30198 | T33: ='30'!G24 -> 0 | U33: 69 | V33: =T33*U33 -> 0 | W33: ='30'!G96 -> 39 | X33: ='30'!G97 -> 12 | Y33: ='30'!G98 -> 23 | Z33: =W33+X33+Y33 -> 74 | AA33: ='30'!G133 -> 24 | AB33: ='30'!G134 -> 0 | AC33: ='30'!G135 -> 2 | AD33: ='30'!G136 -> 0 | AE33: =AA33+AB33+AC33+AD33 -> 26 | AF33: =AV33+AW33+BF33+BG33 -> 5709 | AG33: =AF33/AE33 -> 219.57692 | AH33: ='30'!G137 -> 0.07 | AI33: ='30'!G138 -> 0 | AJ33: ='30'!G139 -> 0 | AK33: =AH33+AI33+AJ33 -> 0.07 | AL33: ='30'!G140 -> 9.84 | AM33: ='30'!G141 -> 0 | AO33: =AL33+AM33 -> 9.84 | AP33: ='30'!G124 -> 263 | AQ33: ='30'!G35 -> 2703 | AR33: ='30'!G37 -> 1412 | AS33: ='30'!G38 -> 1354 | AT33: ='30'!G39 -> 3737 | AU33: ='30'!G40 -> 276 | AV33: ='30'!G41 -> 5289 | AW33: ='30'!G42 -> 0 | AX33: ='30'!G43 -> 2538 | AY33: ='30'!G44 -> 0 | AZ33: ='30'!G36 -> 653 | BA33: ='30'!G49 -> -0.13 | BB33: ='30'!G51 -> 0.13 | BC33: ='30'!G52 -> -0.07 | BD33: ='30'!G53 -> 0 | BE33: ='30'!G54 -> 0 | BF33: ='30'!G55 -> 410 | BG33: ='30'!G56 -> 10 | BH33: ='30'!G57 -> 0 | BI33: ='30'!G50 -> 944 | BJ33: =SUM(AV33,AW33,BF33,BG33) -> 5709 | BK33: ='30'!G84 -> 840 | BL33: =SUM(AQ33,AV33,AW33,AX33,BA33,BF33,BG33,BH33)/I33% -> 50.929628 | BM33: =SUM(AT33,BD33)/I33% -> 17.381395 | BN33: =(AS33+BC33)/I33 -> 0.062973488 | BO33: =K33+O33+R33+V33 -> 245072 | BP33: =SUM(AV33,AW33,AX33,BF33,BG33,BH33,BK33) -> 9087 | BQ33: =BP33/(AE33*280) -> 1.2482143
A34: 31 | B34: 31 | D34: 30 | E34: ='30'!D5 -> Unit | F34: ='30'!D3 -> 29 | G34: ='31'!G8 -> 21500 | H34: ='31'!G7 -> 21500 | I34: ='31'!G8 -> 21500 | J34: 9 | K34: =I34*J34 -> 193500 | L34: =I34/202 -> 106.43564 | M34: ='31'!G15 -> 700 | N34: 53 | O34: =M34*N34 -> 37100 | P34: ='31'!G20 -> -1823 | Q34: 108 | R34: =P34*Q34 -> -196884 | S34: =P34/(F34*202/100) -> -31.119836 | T34: ='30'!G25 -> 0 | U34: 70 | V34: =T34*U34 -> 0 | W34: ='30'!G97 -> 12 | X34: ='30'!G98 -> 23 | Y34: ='30'!G99 -> 11 | Z34: =W34+X34+Y34 -> 46 | AA34: ='30'!G134 -> 0 | AB34: ='30'!G135 -> 2 | AC34: ='30'!G136 -> 0 | AD34: ='30'!G137 -> 0.07 | AE34: =AA34+AB34+AC34+AD34 -> 2.07 | AF34: =AV34+AW34+BF34+BG34 -> -170533 | AG34: =AF34/AE34 -> -82383.092 | AH34: ='30'!G138 -> 0 | AI34: ='30'!G139 -> 0 | AJ34: ='30'!G140 -> 9.84 | AK34: =AH34+AI34+AJ34 -> 9.84 | AL34: ='30'!G141 -> 0 | AM34: ='30'!G142 -> 0 | AO34: =AL34+AM34 -> 0 | AP34: ='30'!G125 -> 0.4 | AQ34: ='31'!G35 -> -78226 | AR34: ='31'!G37 -> -42334 | AS34: ='31'!G38 -> 1249 | AT34: ='31'!G39 -> -96691 | AU34: ='31'!G40 -> -6224 | AV34: ='31'!G41 -> -89164 | AW34: ='31'!G42 -> -10 | AX34: ='31'!G43 -> -78208 | AY34: ='31'!G44 -> 0 | AZ34: ='31'!G36 -> 173 | BA34: ='31'!G49 -> 0 | BB34: ='31'!G51 -> 0 | BC34: ='31'!G52 -> 0 | BD34: ='31'!G53 -> -1664 | BE34: ='31'!G54 -> -1217 | BF34: ='31'!G55 -> -49525 | BG34: ='31'!G56 -> -31834 | BH34: ='31'!G57 -> 0 | BI34: ='31'!G50 -> -32127 | BJ34: =SUM(AV34,AW34,BF34,BG34) -> -170533 | BK34: ='31'!G84 -> -22786 | BL34: =SUM(AQ34,AV34,AW34,AX34,BA34,BF34,BG34,BH34)/I34% -> -1520.7767 | BM34: =SUM(AT34,BD34)/I34% -> -457.46512 | BN34: =(AS34+BC34)/I34 -> 0.058093023 | BO34: =K34+O34+R34+V34 -> 33716 | BP34: =SUM(AV34,AW34,AX34,BF34,BG34,BH34,BK34) -> -271527 | BQ34: =BP34/(AE34*280) -> -468.47308
A35: Total | D35: =AVERAGE(D4:D34) -> 29.258065 | F35: =AVERAGE(F4:F34) -> 1.4865871 | G35: =SUM(G4:G34) -> 680104.83 | H35: =SUM(H4:H34) -> 677857.67 | I35: =SUM(I4:I34) -> 680104.83 | J35: 9 | K35: =SUM(K4:K34) -> 6120943.5 | L35: =SUM(L4:L34) -> 3366.8556 | M35: =SUM(M4:M34) -> 24434.72 | N35: =SUM(N4:N34) -> 1643 | O35: =SUM(O4:O34) -> 1295040.2 | P35: =SUM(P4:P34) -> 1967 | Q35: =SUM(Q4:Q34) -> 3348 | R35: =SUM(R4:R34) -> 212436 | ... BO35: =SUM(BO4:BO34) -> 7628419.6 | BP35: =SUM(AV35,AW35,AX35,BF35,BG35,BH35,BK35) -> -271565.89 | BQ35: =BP35/(AE35*280) -> -468.54018
B36: =B18-B17 -> 1 | C36: =C18-C17 -> 0 | D36: =D18-D17 -> 1 | E36: =E18-E17 -> 0.08 | F36: =F18-F17 -> 0.2202 | I36: =I18-I17 -> 374.06 | J36: =J18-J17 -> 0 | K36: =K18-K17 -> 3366.54 | L36: =L18-L17 -> 1.8517822 | M36: =M18-M17 -> 150.003 | N36: =N18-N17 -> 0 | O36: =O18-O17 -> 7950.159 | P36: =P18-P17 -> -21 | ... AO36: =AO18-AO17 -> 0.24 | AQ36: =AQ18-AQ17 -> -0.3 | AR36: =AR18-AR17 -> -53.97 | AS36: =AS18-AS17 -> 59.65 | AT36: =AT18-AT17 -> 16.53 | AU36: =AU18-AU17 -> 103.59 | AV36: =AV18-AV17 -> 1438.44 | AW36: =AW18-AW17 -> 96.42 | AX36: =AX18-AX17 -> 134 | BA36: =BA18-BA17 -> 69.35 | BB36: =BB18-BB17 -> 0 | BC36: =BC18-BC17 -> -0.07 | BD36: =BD18-BD17 -> 0.82 | BE36: =BE18-BE17 -> 0 | BF36: =BF18-BF17 -> -1274.28 | BG36: =BG18-BG17 -> 1.05 | BH36: =BH18-BH17 -> 0 | BL36: =BL18-BL17 -> 1.1899229 | BM36: =BM18-BM17 -> -0.20113757 | BO36: =BO18-BO17 -> 9048.699 | BP36: =BP18-BP17 -> 373.63
F37: =AVERAGE(F4:F35) -> 1.4865871 | I37: =AVERAGE(I4:I35) -> 42506.552
B38: Guest complaint | F38: =AVERAGE(F4:F35) -> 1.4865871
BJ41: =(BJ31+BK31)/400 -> 15.8325

Sheet Occupancy
B1: Hotel Paid Occupancy Occ% | C1: Room Nights | D1: Comp Night | E1: Cummulative % | F1: Total Covers Guests | G1: Total Room Nights | H1: Paid occ %
A2: 1 | B2: =C2/202% -> 32.673267 | C2: 66 | D2: 27 | E2: =SUM(C2:D2)/202% -> 46.039604 | F2: 467 | G2: =C2+D2 -> 93 | H2: =C2/202% -> 32.673267 | K2: =10/202 -> 0.04950495
A3: 2 | B3: =C3/202% -> 58.415842 | C3: 118 | D3: 26 | E3: =SUM(C3:D3)/202% -> 71.287129 | F3: 417 | G3: =C3+D3 -> 144 | H3: =C3/202% -> 58.415842
A4: 3 | B4: =C4/202% -> 82.178218 | C4: 166 | D4: 21 | E4: =SUM(C4:D4)/202% -> 92.574257 | F4: 483 | G4: =C4+D4 -> 187 | H4: =C4/202% -> 82.178218
A5: 4 | B5: =C5/202% -> 33.663366 | C5: 68 | D5: 24 | E5: =SUM(C5:D5)/202% -> 45.544554 | F5: 378 | G5: =C5+D5 -> 92 | H5: =C5/202% -> 33.663366
A6: 5 | B6: =C6/202% -> 41.584158 | C6: 84 | D6: 27 | E6: =SUM(C6:D6)/202% -> 54.950495 | F6: 252 | G6: =C6+D6 -> 111 | H6: =C6/202% -> 41.584158
A7: 6 | B7: =C7/202% -> 46.534653 | C7: 94 | D7: 28 | E7: =SUM(C7:D7)/202% -> 60.39604 | F7: 292 | G7: =C7+D7 -> 122 | H7: =C7/202% -> 46.534653
A8: 7 | B8: =C8/202% -> 53.465347 | C8: 108 | D8: 28.27 | E8: =SUM(C8:D8)/202% -> 67.460396 | F8: 402 | G8: =C8+D8 -> 136.27 | H8: =C8/202% -> 53.465347
A9: 8 | B9: =C9/202% -> 49.50495 | C9: 100 | D9: 27 | E9: =SUM(C9:D9)/202% -> 62.871287 | F9: 318 | G9: =C9+D9 -> 127 | H9: =C9/202% -> 49.50495
A10: 9 | B10: =C10/202% -> 64.356436 | C10: 130 | D10: 21 | E10: =SUM(C10:D10)/202% -> 74.752475 | F10: 464 | G10: =C10+D10 -> 151 | H10: =C10/202% -> 64.356436
A11: 10 | B11: =C11/202% -> 82.178218 | C11: 166 | D11: 22 | E11: =SUM(C11:D11)/202% -> 93.069307 | F11: 520 | G11: =C11+D11 -> 188 | H11: =C11/202% -> 82.178218
A12: 11 | B12: =C12/202% -> 60.891089 | C12: 123 | D12: 27 | E12: =SUM(C12:D12)/202% -> 74.257426 | F12: 668 | G12: =C12+D12 -> 150 | H12: =C12/202% -> 60.891089
A13: 12 | B13: =C13/202% -> 48.019802 | C13: 97 | D13: 29 | E13: =SUM(C13:D13)/202% -> 62.376238 | F13: 391 | G13: =C13+D13 -> 126 | H13: =C13/202% -> 48.019802
A14: 13 | B14: =C14/202% -> 52.475248 | C14: 106 | D14: 28 | E14: =SUM(C14:D14)/202% -> 66.336634 | F14: 583 | G14: =C14+D14 -> 134 | H14: =C14/202% -> 52.475248
... A19: 18 | B19: =C19/202% -> 60.891089 | C19: 123 | D19: 27 | E19: =SUM(C19:D19)/202% -> 74.257426 | F19: 993 | G19: =C19+D19 -> 150 | H19: =C19/202% -> 60.891089
A20: 19 | B20: =C20/202% -> 40.594059 | C20: 82 | D20: 24 | E20: =SUM(C20:D20)/202% -> 52.475248 | F20: 364 | G20: =C20+D20 -> 106 | H20: =C20/202% -> 40.594059 | J20: =165/192 -> 0.859375
A21: 20 | B21: =C21/202% -> 52.475248 | C21: 106 | D21: 29 | E21: =SUM(C21:D21)/202% -> 66.831683 | F21: 484 | G21: =C21+D21 -> 135 | H21: =C21/202% -> 52.475248
A22: 21 | B22: =C22/202% -> 62.376238 | C22: 126 | D22: 33 | E22: =SUM(C22:D22)/202% -> 78.712871 | F22: 398 | G22: =C22+D22 -> 159 | H22: =C22/202% -> 62.376238
A23: 22 | B23: =C23/202% -> 0 | E23: =SUM(C23:D23)/202% -> 0 | G23: =C23+D23 -> 0 | H23: =C23/202% -> 0
A24: 23 | B24: =C24/202% -> 0 | E24: =SUM(C24:D24)/202% -> 0 | G24: =C24+D24 -> 0 | H24: =C24/202% -> 0
A25: 24 | B25: =C25/202% -> 0 | E25: =SUM(C25:D25)/202% -> 0 | G25: =C25+D25 -> 0 | H25: =C25/202% -> 0
A26: 25 | B26: =C26/202% -> 0 | E26: =SUM(C26:D26)/202% -> 0 | G26: =C26+D26 -> 0 | H26: =C26/202% -> 0
A27: 26 | B27: =C27/202% -> 0 | E27: =SUM(C27:D27)/202% -> 0 | G27: =C27+D27 -> 0 | H27: =C27/202% -> 0
A28: 27 | B28: =C28/202% -> 0 | E28: =SUM(C28:D28)/202% -> 0 | G28: =C28+D28 -> 0 | H28: =C28/202% -> 0
A29: 28 | B29: =C29/202% -> 0 | E29: =SUM(C29:D29)/202% -> 0 | G29: =C29+D29 -> 0 | H29: =C29/202% -> 0
A30: 29 | B30: =C30/202% -> 0 | E30: =SUM(C30:D30)/202% -> 0 | G30: =C30+D30 -> 0 | H30: =C30/202% -> 0
A31: 30 | B31: =C31/202% -> 0 | E31: =SUM(C31:D31)/202% -> 0 | G31: =C31+D31 -> 0 | H31: =C31/202% -> 0
A32: 31 | B32: =C32/202% -> 0 | H32: =C32/202% -> 0
A33: Average | B33: =AVERAGE(B2:B31) -> 39.554455 | C33: =AVERAGE(C2:C31) -> 114.14286 | D33: =AVERAGE(D2:D31) -> 26.155714 | E33: =AVERAGE(E2:E31) -> 48.618317 | F33: =AVERAGE(F2:F31) -> 512.33333 | G33: =AVERAGE(G2:G31) -> 98.209 | H33: =AVERAGE(H2:H31) -> 39.554455

Sheet Water Report
C3: Date | D3: 1 | E3: 2 | F3: 3 | G3: 4 | H3: 5 | I3: 6 | J3: 7 | K3: 8 | L3: 9 | M3: 10 | N3: 11 | O3: 12 | P3: 13 | Q3: 14 | R3: 15 | S3: 16 | T3: 17 | U3: 18 | V3: 19 | W3: 20 | X3: 21 | Y3: 22 | Z3: 23 | AA3: 24 | AB3: 25 | AC3: 26 | AD3: 27 | AE3: 28 | AF3: 29 | AG3: 30 | AH3: 31
C4: occupancy | D4: ='[1]1'!F3 -> 0.5 | E4: ='[1]2'!F3 -> 0.1 | F4: ='[1]3'!F3 -> 0.5
C5: Tanker | D5: ='1'!G18 -> 90 | E5: ='2'!G18 -> 100 | F5: ='3'!G18 -> 150 | G5: ='4'!G18 -> 210 | H5: ='5'!G18 -> 180 | I5: ='6'!G18 -> 90 | J5: ='7'!G18 -> 110 | K5: ='8'!G18 -> 100 | L5: ='9'!G18 -> 130 | M5: ='10'!G18 -> 160 | N5: ='11'!G18 -> 180 | O5: ='12'!G18 -> 120 | P5: ='13'!G18 -> 140 | Q5: ='14'!G18 -> 140 | R5: ='15'!G18 -> 120 | S5: ='16'!G18 -> 110 | T5: ='17'!G18 -> 140 | U5: ='18'!G18 -> 170 | V5: ='19'!G18 -> 200 | W5: ='20'!G18 -> 80 | X5: ='21'!G18 -> 100 | Y5: ='22'!G18 -> 90 | Z5: ='23'!G18 -> 40 | AA5: ='24'!G18 -> 100 | AB5: ='25'!G18 -> 110 | AC5: ='26'!G18 -> 150 | AD5: ='27'!G18 -> 180 | AE5: ='28'!G18 -> 130 | AF5: ='29'!G18 -> 100 | AG5: ='30'!G18 -> 70 | AH5: ='31'!G18 -> 60
C6: BMC | D6: ='1'!G19 -> 64 | E6: ='2'!G19 -> 62 | F6: ='3'!G19 -> 60 | G6: ='4'!G19 -> 61 | H6: ='5'!G19 -> 61 | I6: ='6'!G19 -> 59 | J6: ='7'!G19 -> 58 | K6: ='8'!G19 -> 61 | L6: ='9'!G19 -> 61 | M6: ='10'!G19 -> 58 | N6: ='11'!G19 -> 60 | O6: ='12'!G19 -> 66 | P6: ='13'!G19 -> 62 | Q6: ='14'!G19 -> 65 | R6: ='15'!G19 -> 64 | S6: ='16'!G19 -> 60 | T6: ='17'!G19 -> 61 | U6: ='18'!G19 -> 9 | V6: ='19'!G19 -> 57 | W6: ='20'!G19 -> 63 | X6: ='21'!G19 -> 75 | Y6: ='22'!G19 -> -1749 | Z6: ='23'!G19 -> 61 | AA6: ='24'!G19 -> 64 | AB6: ='25'!G19 -> 60 | AC6: ='26'!G19 -> 65 | AD6: ='27'!G19 -> 61 | AE6: ='28'!G19 -> 64 | AF6: ='29'!G19 -> 63 | AG6: ='30'!G19 -> 64 | AH6: ='31'!G19 -> -1883
C7: R.O. Plant Production | D7: ='1'!G93 -> 89 | E7: ='2'!G93 -> 88 | F7: ='3'!G93 -> 123 | G7: ='4'!G93 -> 178 | H7: ='5'!G93 -> 123 | I7: ='6'!G93 -> 44 | J7: ='7'!G93 -> 77 | K7: ='8'!G93 -> 81 | L7: ='9'!G93 -> 87 | M7: ='10'!G93 -> 121 | N7: ='11'!G93 -> 129 | O7: ='12'!G93 -> 95 | P7: ='13'!G93 -> 91 | Q7: ='14'!G93 -> 87 | R7: ='15'!G93 -> 75 | S7: ='16'!G93 -> 103 | T7: ='17'!G93 -> 101 | U7: ='18'!G93 -> 163 | V7: ='19'!G93 -> 100 | W7: ='20'!G93 -> 35 | X7: ='21'!G93 -> 79 | Y7: ='22'!G93 -> -2668 | Z7: ='23'!G93 -> 32 | AA7: ='24'!G93 -> 75 | AB7: ='25'!G93 -> 79 | AC7: ='26'!G93 -> 117 | AD7: ='27'!G93 -> 130 | AE7: ='28'!G93 -> 86 | AF7: ='29'!G93 -> 72 | AG7: ='30'!G93 -> 8 | AH7: ='31'!G93 -> -1864
C8: STP Production | D8: ='1'!G94 -> 97 | E8: ='2'!G94 -> 122 | F8: ='3'!G94 -> 85 | G8: ='4'!G94 -> 154 | H8: ='5'!G94 -> 124 | I8: ='6'!G94 -> 91 | J8: ='7'!G94 -> 113 | K8: ='8'!G94 -> 121 | L8: ='9'!G94 -> 91 | M8: ='10'!G94 -> 96 | N8: ='11'!G94 -> 163 | O8: ='12'!G94 -> 131 | P8: ='13'!G94 -> 106 | Q8: ='14'!G94 -> 99 | R8: ='15'!G94 -> 147 | S8: ='16'!G94 -> 71 | T8: ='17'!G94 -> 190 | U8: ='18'!G94 -> 160 | V8: ='19'!G94 -> 154 | W8: ='20'!G94 -> 151 | X8: ='21'!G94 -> 118 | Y8: ='22'!G94 -> -3439 | Z8: ='23'!G94 -> 106 | AA8: ='24'!G94 -> 99 | AB8: ='25'!G94 -> 91 | AC8: ='26'!G94 -> 127 | AD8: ='27'!G94 -> 114 | AE8: ='28'!G94 -> 97 | AF8: ='29'!G94 -> 111 | AG8: ='30'!G94 -> 110 | AH8: ='31'!G94 -> -3333
B9: Domestic Water | C9: Zone-1 | D9: ='1'!G96 -> 86 | E9: ='2'!G96 -> 100 | F9: ='3'!G96 -> 102 | G9: ='4'!G96 -> 147 | H9: ='5'!G96 -> 120 | I9: ='6'!G96 -> 59 | J9: ='7'!G96 -> 76 | K9: ='8'!G96 -> 80 | L9: ='9'!G96 -> 93 | M9: ='10'!G96 -> 76 | N9: ='11'!G96 -> 77 | O9: ='12'!G96 -> 91 | P9: ='13'!G96 -> 101 | Q9: ='14'!G96 -> 74 | R9: ='15'!G96 -> 78 | S9: ='16'!G96 -> 96 | T9: ='17'!G96 -> 89 | U9: ='18'!G96 -> 90 | V9: ='19'!G96 -> 76 | W9: ='20'!G96 -> 51 | X9: ='21'!G96 -> 79 | Y9: ='22'!G96 -> -2350 | Z9: ='23'!G96 -> 43 | AA9: ='24'!G96 -> 73 | AB9: ='25'!G96 -> 70 | AC9: ='26'!G96 -> 79 | AD9: ='27'!G96 -> 73 | AE9: ='28'!G96 -> 71 | AF9: ='29'!G96 -> 61 | AG9: ='30'!G96 -> 39 | AH9: ='31'!G96 -> -1716
C10: Zone-2 | D10: ='1'!G97 -> 17 | E10: ='2'!G97 -> 15 | F10: ='3'!G97 -> 30 | G10: ='4'!G97 -> 39 | H10: ='5'!G97 -> 12 | I10: ='6'!G97 -> 18 | J10: ='7'!G97 -> 15 | K10: ='8'!G97 -> 17 | L10: ='9'!G97 -> 19 | M10: ='10'!G97 -> 26 | N10: ='11'!G97 -> 32 | O10: ='12'!G97 -> 22 | P10: ='13'!G97 -> 15 | Q10: ='14'!G97 -> 24 | R10: ='15'!G97 -> 21 | S10: ='16'!G97 -> 26 | T10: ='17'!G97 -> 30 | U10: ='18'!G97 -> 30 | V10: ='19'!G97 -> 18 | W10: ='20'!G97 -> 15 | X10: ='21'!G97 -> 18 | Y10: ='22'!G97 -> -629 | Z10: ='23'!G97 -> 17 | AA10: ='24'!G97 -> 19 | AB10: ='25'!G97 -> 21 | AC10: ='26'!G97 -> 29 | AD10: ='27'!G97 -> 35 | AE10: ='28'!G97 -> 24 | AF10: ='29'!G97 -> 13 | AG10: ='30'!G97 -> 12 | AH10: ='31'!G97 -> -515
C11: Zone-3 | D11: ='1'!G98 -> 18 | E11: ='2'!G98 -> 19 | F11: ='3'!G98 -> 31 | G11: ='4'!G98 -> 32 | H11: ='5'!G98 -> 18 | I11: ='6'!G98 -> 21 | J11: ='7'!G98 -> 22 | K11: ='8'!G98 -> 24 | L11: ='9'!G98 -> 24 | M11: ='10'!G98 -> 35 | N11: ='11'!G98 -> 41 | O11: ='12'!G98 -> 21 | P11: ='13'!G98 -> 24 | Q11: ='14'!G98 -> 22 | R11: ='15'!G98 -> 26 | S11: ='16'!G98 -> 25 | T11: ='17'!G98 -> 30 | U11: ='18'!G98 -> 29 | V11: ='19'!G98 -> 23 | W11: ='20'!G98 -> 17 | X11: ='21'!G98 -> 23 | Y11: ='22'!G98 -> -712 | Z11: ='23'!G98 -> 22 | AA11: ='24'!G98 -> 20 | AB11: ='25'!G98 -> 19 | AC11: ='26'!G98 -> 34 | AD11: ='27'!G98 -> 36 | AE11: ='28'!G98 -> 16 | AF11: ='29'!G98 -> 17 | AG11: ='30'!G98 -> 23 | AH11: ='31'!G98 -> -707
B13: Flushing Water | C13: Zone-1 | D13: ='1'!G99 -> 50 | E13: ='2'!G99 -> 40 | F13: ='3'!G99 -> 32 | G13: ='4'!G99 -> 38 | H13: ='5'!G99 -> 31 | I13: ='6'!G99 -> 36 | J13: ='7'!G99 -> 18 | K13: ='8'!G99 -> 20 | L13: ='9'!G99 -> 14 | M13: ='10'!G99 -> 25 | N13: ='11'!G99 -> 17 | O13: ='12'!G99 -> 71 | P13: ='13'!G99 -> 17 | Q13: ='14'!G99 -> 22 | R13: ='15'!G99 -> 36 | S13: ='16'!G99 -> 13 | T13: ='17'!G99 -> 23 | U13: ='18'!G99 -> 27 | V13: ='19'!G99 -> 35 | W13: ='20'!G99 -> 10 | X13: ='21'!G99 -> 18 | Y13: ='22'!G99 -> -890 | Z13: ='23'!G99 -> 55 | AA13: ='24'!G99 -> 23 | AB13: ='25'!G99 -> 28 | AC13: ='26'!G99 -> 63 | AD13: ='27'!G99 -> 37 | AE13: ='28'!G99 -> 33 | AF13: ='29'!G99 -> 47 | AG13: ='30'!G99 -> 11 | AH13: ='31'!G99 -> -553
C14: Zone-2 | D14: ='1'!G115 -> 6 | E14: ='2'!G115 -> 8 | F14: ='3'!G115 -> 17 | G14: ='4'!G115 -> 28 | H14: ='5'!G115 -> 8 | I14: ='6'!G115 -> 11 | J14: ='7'!G115 -> 10 | K14: ='8'!G115 -> 11 | L14: ='9'!G115 -> 12 | M14: ='10'!G115 -> 22 | N14: ='11'!G115 -> 17 | O14: ='12'!G115 -> 16 | P14: ='13'!G115 -> 11 | Q14: ='14'!G115 -> 10 | R14: ='15'!G115 -> 14 | S14: ='16'!G115 -> 12 | T14: ='17'!G115 -> 16 | U14: ='18'!G115 -> 19 | V14: ='19'!G115 -> 11 | W14: ='20'!G115 -> 15 | X14: ='21'!G115 -> 19 | Y14: ='22'!G115 -> -472 | Z14: ='23'!G115 -> 13 | AA14: ='24'!G115 -> 10 | AB14: ='25'!G115 -> 29 | AC14: ='26'!G115 -> 30 | AD14: ='27'!G115 -> 31 | AE14: ='28'!G115 -> 27 | AF14: ='29'!G115 -> 31 | AG14: ='30'!G115 -> 8 | AH14: ='31'!G115 -> -516
C15: Zone-3 | D15: ='1'!G116 -> 6 | E15: ='2'!G116 -> 5 | F15: ='3'!G116 -> 7 | G15: ='4'!G116 -> 10 | H15: ='5'!G116 -> 3 | I15: ='6'!G116 -> 5 | J15: ='7'!G116 -> 12 | K15: ='8'!G116 -> 8 | L15: ='9'!G116 -> 6 | M15: ='10'!G116 -> 22 | N15: ='11'!G116 -> 9 | O15: ='12'!G116 -> 11 | P15: ='13'!G116 -> 4 | Q15: ='14'!G116 -> 16 | R15: ='15'!G116 -> 8 | S15: ='16'!G116 -> 7 | T15: ='17'!G116 -> 8 | U15: ='18'!G116 -> 9 | V15: ='19'!G116 -> 6 | W15: ='20'!G116 -> 4 | X15: ='21'!G116 -> 11 | Y15: ='22'!G116 -> -249 | Z15: ='23'!G116 -> 5 | AA15: ='24'!G116 -> 6 | AB15: ='25'!G116 -> 4 | AC15: ='26'!G116 -> 9 | AD15: ='27'!G116 -> 13 | AE15: ='28'!G116 -> 18 | AF15: ='29'!G116 -> 11 | AG15: ='30'!G116 -> 6 | AH15: ='31'!G116 -> -243
B17: Branches ( Domestic water ) | C17: Pool | D17: ='1'!G105 -> 0 | E17: ='2'!G105 -> 60 | F17: ='3'!G105 -> 0 | G17: ='4'!G105 -> 0 | H17: ='5'!G105 -> 40 | I17: ='6'!G105 -> 30 | J17: ='7'!G105 -> 0 | K17: ='8'!G105 -> 0 | L17: ='9'!G105 -> 0 | M17: ='10'!G105 -> 0 | N17: ='11'!G105 -> 0 | O17: ='12'!G105 -> 0 | P17: ='13'!G105 -> 0 | Q17: ='14'!G105 -> 0 | R17: ='15'!G105 -> 0 | S17: ='16'!G105 -> 0 | T17: ='17'!G105 -> 0 | U17: ='18'!G105 -> 0 | V17: ='19'!G105 -> 0 | W17: ='20'!G105 -> 0 | X17: ='21'!G105 -> 0 | Y17: ='22'!G105 -> 0 | Z17: ='23'!G105 -> 0 | AA17: ='24'!G105 -> 0 | AB17: ='25'!G105 -> 0 | AC17: ='26'!G105 -> 0 | AD17: ='27'!G105 -> 0 | AE17: ='28'!G105 -> 0 | AF17: ='29'!G105 -> 0 | AG17: ='30'!G105 -> 0 | AH17: ='31'!G105 -> -153
C18: B2 Laundry | D18: ='1'!G106 -> 12 | E18: ='2'!G106 -> 0 | F18: ='3'!G106 -> 12 | G18: ='4'!G106 -> 11 | H18: ='5'!G106 -> 10 | I18: ='6'!G106 -> 0 | J18: ='7'!G106 -> 11 | K18: ='8'!G106 -> 7 | L18: ='9'!G106 -> 7 | M18: ='10'!G106 -> 11 | N18: ='11'!G106 -> 12 | O18: ='12'!G106 -> 14 | P18: ='13'!G106 -> 23 | Q18: ='14'!G106 -> 10 | R18: ='15'!G106 -> 8 | S18: ='16'!G106 -> 11 | T18: ='17'!G106 -> 11 | U18: ='18'!G106 -> 10 | V18: ='19'!G106 -> 10 | W18: ='20'!G106 -> 0 | X18: ='21'!G106 -> 12 | Y18: ='22'!G106 -> -275 | Z18: ='23'!G106 -> 2 | AA18: ='24'!G106 -> 25 | AB18: ='25'!G106 -> 5 | AC18: ='26'!G106 -> 16 | AD18: ='27'!G106 -> 6 | AE18: ='28'!G106 -> 13 | AF18: ='29'!G106 -> 6 | AG18: ='30'!G106 -> 0 | AH18: ='31'!G106 -> -209
C19: Boiler Feed Water | D19: ='1'!G107 -> 5 | E19: ='2'!G107 -> 0 | F19: ='3'!G107 -> 6 | G19: ='4'!G107 -> 5 | H19: ='5'!G107 -> 5 | I19: ='6'!G107 -> 0 | J19: ='7'!G107 -> 5 | K19: ='8'!G107 -> 5 | L19: ='9'!G107 -> 6 | M19: ='10'!G107 -> 5 | N19: ='11'!G107 -> 5 | O19: ='12'!G107 -> 5 | P19: ='13'!G107 -> 5 | Q19: ='14'!G107 -> 4 | R19: ='15'!G107 -> 4 | S19: ='16'!G107 -> 6 | T19: ='17'!G107 -> 4 | U19: ='18'!G107 -> 5 | V19: ='19'!G107 -> 6 | W19: ='20'!G107 -> 0 | X19: ='21'!G107 -> 6 | Y19: ='22'!G107 -> -125 | Z19: ='23'!G107 -> 3 | AA19: ='24'!G107 -> 3 | AB19: ='25'!G107 -> 5 | AC19: ='26'!G107 -> 5 | AD19: ='27'!G107 -> 5 | AE19: ='28'!G107 -> 6 | AF19: ='29'!G107 -> 4 | AG19: ='30'!G107 -> 2 | AH19: ='31'!G107 -> -114
B21: Branches ( STP Water ) | C21: CT water | D21: ='1'!G110 -> 98 | E21: ='2'!G110 -> 64 | F21: ='3'!G110 -> 43 | G21: ='4'!G110 -> 52 | H21: ='5'!G110 -> 155 | I21: ='6'!G110 -> 65 | J21: ='7'!G110 -> 74 | K21: ='8'!G110 -> 79 | L21: ='9'!G110 -> 89 | M21: ='10'!G110 -> 87 | N21: ='11'!G110 -> 65 | O21: ='12'!G110 -> 64 | P21: ='13'!G110 -> 65 | Q21: ='14'!G110 -> 65 | R21: ='15'!G110 -> 65 | S21: ='16'!G110 -> 66 | T21: ='17'!G110 -> 66 | U21: ='18'!G110 -> 65 | V21: ='19'!G110 -> 66 | W21: ='20'!G110 -> 66 | X21: ='21'!G110 -> 66 | Y21: ='22'!G110 -> -2038 | Z21: ='23'!G110 -> 56 | AA21: ='24'!G110 -> 55 | AB21: ='25'!G110 -> 45 | AC21: ='26'!G110 -> 54 | AD21: ='27'!G110 -> 68 | AE21: ='28'!G110 -> 84 | AF21: ='29'!G110 -> 87 | AG21: ='30'!G110 -> 64 | AH21: ='31'!G110 -> -2009
C22: STP flush | D22: ='1'!G111 -> 40 | E22: ='2'!G111 -> 83 | F22: ='3'!G111 -> 0 | G22: ='4'!G111 -> 50 | H22: ='5'!G111 -> 25 | I22: ='6'!G111 -> 22 | J22: ='7'!G111 -> 25 | K22: ='8'!G111 -> 21 | L22: ='9'!G111 -> 26 | M22: ='10'!G111 -> 14 | N22: ='11'!G111 -> 24 | O22: ='12'!G111 -> 70 | P22: ='13'!G111 -> 26 | Q22: ='14'!G111 -> 13 | R22: ='15'!G111 -> 7 | S22: ='16'!G111 -> 28 | T22: ='17'!G111 -> 26 | U22: ='18'!G111 -> 12 | V22: ='19'!G111 -> 40 | W22: ='20'!G111 -> 33 | X22: ='21'!G111 -> 4 | Y22: ='22'!G111 -> -885 | Z22: ='23'!G111 -> 19 | AA22: ='24'!G111 -> 57 | AB22: ='25'!G111 -> 16 | AC22: ='26'!G111 -> 71 | AD22: ='27'!G111 -> 50 | AE22: ='28'!G111 -> 32 | AF22: ='29'!G111 -> 51 | AG22: ='30'!G111 -> 0 | AH22: ='31'!G111 -> -551
C23: Garden | D23: ='1'!G112 -> 0 | E23: ='2'!G112 -> 0 | F23: ='3'!G112 -> 0.3 | G23: ='4'!G112 -> 0 | H23: ='5'!G112 -> 0 | I23: ='6'!G112 -> 0 | J23: ='7'!G112 -> 0 | K23: ='8'!G112 -> 0 | L23: ='9'!G112 -> 0 | M23: ='10'!G112 -> 0 | N23: ='11'!G112 -> 0 | O23: ='12'!G112 -> 0 | P23: ='13'!G112 -> 0 | Q23: ='14'!G112 -> 0 | R23: ='15'!G112 -> 0 | S23: ='16'!G112 -> 0 | T23: ='17'!G112 -> 0 | U23: ='18'!G112 -> 0 | V23: ='19'!G112 -> 0 | W23: ='20'!G112 -> 0 | X23: ='21'!G112 -> 0 | Y23: ='22'!G112 -> -1 | Z23: ='23'!G112 -> 0 | AA23: ='24'!G112 -> 0 | AB23: ='25'!G112 -> 0 | AC23: ='26'!G112 -> 0 | AD23: ='27'!G112 -> 0 | AE23: ='28'!G112 -> 0 | AF23: ='29'!G112 -> 0 | AG23: ='30'!G112 -> 0 | AH23: ='31'!G112 -> -45
B24: Total Tanke(RO) + BMC | D24: =SUM(D5:D6) -> 154 | E24: =SUM(E5:E6) -> 162 | F24: =SUM(F5:F6) -> 210 | G24: =SUM(G5:G6) -> 271 | H24: =SUM(H5:H6) -> 241 | I24: =SUM(I5:I6) -> 149 | J24: =SUM(J5:J6) -> 168 | K24: =SUM(K5:K6) -> 161 | ... AH24: =SUM(AH5:AH6) -> -1823
B25: Domestic consumption | D25: =SUM(D9:D11,D14:D15,) -> 133 | E25: =SUM(E9:E11,E14:E15,) -> 147 | F25: =SUM(F9:F11,F14:F15,) -> 187 | G25: =SUM(G9:G11,G14:G15,) -> 256 | H25: =SUM(H9:H11,H14:H15,) -> 161 | I25: =SUM(I9:I11,I14:I15,) -> 114 | J25: =SUM(J9:J11,J14:J15,) -> 135 | K25: =SUM(K9:K11,K14:K15,) -> 140 | ... AI25: =SUM(AI9:AI11,AI14:AI15,) -> 0
B27: STP +Flush Consumption | D27: =SUM(D13,D21,D23) -> 148 | E27: =SUM(E13,E21,E23) -> 104 | F27: =SUM(F13,F21,F23) -> 75.3 | G27: =SUM(G13,G21,G23) -> 90 | H27: =SUM(H13,H21,H23) -> 186 | I27: =SUM(I13,I21,I23) -> 101 | J27: =SUM(J13,J21,J23) -> 92 | K27: =SUM(K13,K21,K23) -> 99 | ... AH27: =SUM(AH13,AH21,AH23) -> -2607 | AI27: =SUM(AI13) -> 0
B29: BOH | D29: =D9 -> 86 | E29: =E9 -> 100 | F29: =F9 -> 102 | G29: =G9 -> 147 | H29: =H9 -> 120 | I29: =I9 -> 59 | J29: =J9 -> 76 | K29: =K9 -> 80 | ... AH29: =AH9 -> -1716
B30: Guest Floor | D30: =SUM(D10:D11,D14:D15) -> 47 | E30: =SUM(E10:E11,E14:E15) -> 47 | F30: =SUM(F10:F11,F14:F15) -> 85 | G30: =SUM(G10:G11,G14:G15) -> 109 | H30: =SUM(H10:H11,H14:H15) -> 41 | I30: =SUM(I10:I11,I14:I15) -> 55 | J30: =SUM(J10:J11,J14:J15) -> 59 | K30: =SUM(K10:K11,K14:K15) -> 60 | ... AH30: =SUM(AH10:AH11,AH14:AH15) -> -1981
B31: Guest floor% | D31: =D30/SUM(D29:D30)% -> 35.338346 | E31: =E30/SUM(E29:E30)% -> 31.972789 | F31: =F30/SUM(F29:F30)% -> 45.454545 | G31: =G30/SUM(G29:G30)% -> 42.578125 | H31: =H30/SUM(H29:H30)% -> 25.465839 | I31: =I30/SUM(I29:I30)% -> 48.245614 | J31: =J30/SUM(J29:J30)% -> 43.703704 | K31: =K30/SUM(K29:K30)% -> 42.857143 | ... AH31: =AH30/SUM(AH29:AH30)% -> 53.583987

Sheet Section Load
F2: Transformer -Load | N2: Electrical | AV2: Boiler Running
AN3: Gas consumption | AU3: Boiler Running Hours
B4: HT Kwh | C4: HT Kvah | D4: MGL Gas | E4: Water | F4: HVAC | G4: Fire & Emergency PP | H4: Main PP | I4: Lighting PP | J4: CH-1+ CH2+CH3+CH4 | K4: Chilled water Pump | L4: Ball Room-1 | M4: Ball Room-2 | N4: MK-1 | O4: MK-2 | P4: Prato | Q4: San- Qi Indian | R4: San- Qi Japanese | S4: The club | T4: AER | U4: COLD ROOM'S | V4: Ball Room 1 | W4: Ball Room 2 | X4: B1 Laundry | Y4: B2 Laundry | Z4: STP | AA4: MOCK Up Room | AB4: 27th Floor | AC4: Physic57 | AD4: Pinoor Legal- Power+lighting | AE4: 2nd floor plant room | AF4: 5th Floor | AG4: 5th Floor | AH4: 12th Floor | AI4: 20th Floor | AJ4: 27th Floor | AK4: 34th Floor | AL4: Sanqi | AM4: Cooling Tower | AN4: MGL | AO4: HWG | AP4: Prato | AQ4: BR-1 | AR4: SanQi IND | AS4: SanQi JPN | AT4: Boiler | AU4: HWG | AV4: Boiler1 | AW4: Boiler2 | AX4: Boiler3 (400Kg) | AY4: Total
A5: 44013 | B5: ='1'!G7 -> 23102.75 | C5: ='1'!G8 -> 23260.79 | D5: ='1'!G15 -> 918.378 | E5: ='1'!G20 -> 154 | F5: =SUM('1'!G35,'1'!G49) -> 2908.23 | G5: =SUM('1'!H37,'1'!H51) -> 1476.32 | H5: =SUM('1'!G38,'1'!G52) -> 1714.99 | I5: =SUM('1'!G39,'1'!G53) -> 3790.02 | J5: =SUM('1'!G41,'1'!G42,'1'!G55,'1'!G56) -> 7659.86 | K5: =SUM('1'!G43,'1'!G57) -> 2635 | L5: ='1'!G50 -> 1429.35 | M5: ='1'!G36 -> 947.75 | N5: ='1'!G72 -> 9 | O5: ='1'!$G$73 -> 2 | P5: ='1'!$G$74 -> 1.7 | Q5: ='1'!$G$75 -> 143.18 | R5: ='1'!$G$76 -> 69.38 | S5: ='1'!$G$77 -> 53 | T5: ='1'!$G$78 -> 114 | U5: ='1'!$G$79 -> 153 | V5: ='1'!$G$80 -> 409.92 | W5: ='1'!$G$81 -> 131.64 | X5: ='1'!$G$82 -> 24.9 | Y5: ='1'!$G$58 -> 214.2 | Z5: ='1'!$G$83 -> 351 | AA5: ='1'!G86 -> 22.88 | AB5: ='1'!G87 -> 33.3 | AC5: ='1'!G88 -> 137.06 | AD5: ='1'!G89+'1'!G90 -> 39.8 | AE5: ='1'!$G$62 -> 0 | AF5: ='1'!$G$63 -> 0 | AG5: ='1'!$G$64 -> 372.89 | AH5: ='1'!$G$65 -> 431.97 | AI5: ='1'!$G$66 -> 433.92 | AJ5: ='1'!$G$67 -> 472.41 | AK5: ='1'!$G$68 -> 0 | AL5: ='1'!$G$69 -> 236.62 | AM5: ='1'!$G$84 -> 816 | AN5: ='1'!$G$15 -> 918.378 | AO5: ='1'!$G$124 -> 269.55 | AP5: ='1'!$G$125 -> 0 | AQ5: ='1'!$G$126 -> 95.69 | AR5: ='1'!$G$127 -> 33.2 | AS5: ='1'!$G$128 -> 4.3 | AT5: =AN5-SUM(AO5:AS5) -> 515.638 | AU5: =SUM('1'!G140:G141) -> 9.88 | AV5: ='1'!$G$137 -> 10.17 | AW5: ='1'!$G$138 -> 0 | AX5: ='1'!$G$139 -> 0 | AY5: =SUM(AV5:AX5) -> 10.17 | AZ5: =AO5/AU5 -> 27.282389
A6: 44014 | B6: ='2'!G7 -> 20930 | C6: ='2'!G8 -> 21035.12 | D6: ='2'!G15 -> 510.874 | E6: ='2'!G20 -> 162 | F6: =SUM('2'!G35,'2'!G49) -> 2899.4 | G6: =SUM('2'!G37,'2'!G51) -> 1439.88 | H6: =SUM('2'!G38,'2'!G52) -> 1509.84 | I6: =SUM('2'!G39,'2'!G53) -> 3743.48 | J6: =SUM('2'!G41,'2'!G42,'2'!G55,'2'!G56) -> 6559.91 | K6: =SUM('2'!G43,'2'!G57) -> 2514.4 | L6: ='2'!G50 -> 1047.92 | M6: ='2'!G36 -> 884.9 | N6: ='2'!G72 -> 13 | O6: ='2'!$G$73 -> 1 | P6: ='2'!$G$74 -> 1 | Q6: ='2'!$G$75 -> 152.96 | R6: ='2'!$G$76 -> 62.48 | S6: ='2'!$G$77 -> 58 | T6: ='2'!$G$78 -> 132 | U6: ='2'!$G$79 -> 265 | V6: ='2'!$G$80 -> 417.04 | W6: ='2'!$G$81 -> 172.28 | X6: ='2'!$G$82 -> 12.38 | Y6: ='2'!$G$58 -> 0.71 | Z6: ='2'!$G$83 -> 277 | AA6: ='2'!G86 -> 16.72 | AB6: ='2'!G87 -> 36.5 | AC6: ='2'!G88 -> 163.67 | AD6: ='2'!G89+'2'!G90 -> 35.7 | AE6: ='2'!$G$62 -> 0 | AF6: ='2'!$G$63 -> 0 | AG6: ='2'!$G$64 -> 375.42 | AH6: ='2'!$G$65 -> 424.24 | AI6: ='2'!$G$66 -> 424.19 | AJ6: ='2'!$G$67 -> 500.62 | AK6: ='2'!$G$68 -> 0 | AL6: ='2'!$G$69 -> 241.71 | AM6: ='2'!$G$84 -> 846 | AN6: ='2'!$G$15 -> 510.874 | AO6: ='2'!$G$124 -> 259.2 | AP6: ='2'!$G$125 -> 0 | AQ6: ='2'!$G$126 -> 98.73 | AR6: ='2'!$G$127 -> 36.3 | AS6: ='2'!$G$128 -> 2.6 | AT6: =AN6-SUM(AO6:AS6) -> 114.044 | AU6: =SUM('2'!G140:G141) -> 9.7 | AV6: ='2'!$G$137 -> 0 | AW6: ='2'!$G$138 -> 0 | AX6: ='2'!$G$139 -> 0 | AY6: =SUM(AV6:AX6) -> 0 | AZ6: =AO6/AU6 -> 26.721649
A7: 44015 | B7: ='3'!G7 -> 22034.25 | C7: ='3'!G8 -> 22104.09 | D7: ='3'!G15 -> 940.268 | E7: ='3'!G20 -> 210 | F7: =SUM('3'!G35,'3'!G49) -> 3065.4 | G7: =SUM('3'!G37,'3'!G51) -> 1600.14 | H7: =SUM('3'!G38,'3'!G52) -> 1669.24 | I7: =SUM('3'!G39,'3'!G53) -> 3847.84 | J7: =SUM('3'!G41,'3'!G42,'3'!G55,'3'!G56) -> 6902.29 | K7: =SUM('3'!G43,'3'!G57) -> 2589.8 | L7: ='3'!G50 -> 1085.8 | M7: ='3'!G36 -> 680.22 | N7: ='3'!G72 -> 13 | O7: ='3'!$G$73 -> 2 | P7: ='3'!$G$74 -> 1.1 | Q7: ='3'!$G$75 -> 172.11 | R7: ='3'!$G$76 -> 68.26 | S7: ='3'!$G$77 -> 55 | T7: ='3'!$G$78 -> 140 | U7: ='3'!$G$79 -> 37 | V7: ='3'!$G$80 -> 423.36 | W7: ='3'!$G$81 -> 163.12 | X7: ='3'!$G$82 -> 28.13 | Y7: ='3'!$G$58 -> 218.61 | Z7: ='3'!$G$83 -> 127 | AA7: ='3'!G86 -> 16.44 | AB7: ='1'!G87 -> 33.3 | AC7: ='3'!G88 -> 120.93 | AD7: ='3'!G89+'3'!G90 -> 27.5 | AE7: ='3'!$G$62 -> 0 | AF7: ='3'!$G$63 -> 0 | AG7: ='3'!$G$64 -> 378.98 | AH7: ='3'!$G$65 -> 431.92 | AI7: ='3'!$G$66 -> 421.44 | AJ7: ='3'!$G$67 -> 529.58 | AK7: ='3'!$G$68 -> 0 | AL7: ='3'!$G$69 -> 275.32 | AM7: ='3'!$G$84 -> 817 | AN7: ='3'!$G$15 -> 940.268 | AO7: ='3'!$G$124 -> 301.72 | AP7: ='3'!$G$125 -> 0 | AQ7: ='3'!$G$126 -> 76.54 | AR7: ='3'!$G$127 -> 41.7 | AS7: ='3'!$G$128 -> 5.5 | AT7: =AN7-SUM(AO7:AS7) -> 514.808 | AU7: =SUM('3'!G140:G141) -> 11.12 | AV7: ='3'!$G$137 -> 10.13 | AW7: ='3'!$G$138 -> 0 | AX7: ='3'!$G$139 -> 0 | AY7: =SUM(AV7:AX7) -> 10.13 | AZ7: =AO7/AU7 -> 27.133094
A8: 44016 | B8: ='4'!G7 -> 21708.65 | C8: ='4'!G8 -> 21866.6 | D8: ='4'!G15 -> 786.88 | E8: ='4'!G20 -> 271 | F8: =SUM('4'!G35,'4'!G49) -> 2968.9 | G8: =SUM('4'!G37,'4'!G51) -> 1478.64 | H8: =SUM('4'!G38,'4'!G52) -> 1792.89 | I8: =SUM('4'!G39,'4'!G53) -> 3681.6 | J8: =SUM('4'!G41,'4'!G42,'4'!G55,'4'!G56) -> 6765.84 | K8: =SUM('4'!G43,'4'!G57) -> 2614 | L8: ='4'!G50 -> 1085.93 | M8: ='4'!G36 -> 713.35 | N8: ='4'!G72 -> 14 | O8: ='4'!$G$73 -> 1 | P8: ='4'!$G$74 -> 1.1 | Q8: ='4'!$G$75 -> 140.73 | R8: ='4'!$G$76 -> 61.88 | S8: ='4'!$G$77 -> 52 | T8: ='4'!$G$78 -> 138 | U8: ='4'!$G$79 -> 150 | V8: ='4'!$G$80 -> 419.32 | W8: ='4'!$G$81 -> 202.48 | X8: ='4'!$G$82 -> 14.59 | Y8: ='4'!$G$58 -> 186.86 | Z8: ='4'!$G$83 -> 313 | AA8: ='4'!G86 -> 43.36 | AB8: ='4'!G87 -> 14.8 | AC8: ='4'!G88 -> 32.91 | AD8: ='4'!G89+'4'!G90 -> 16.9 | AE8: ='4'!$G$62 -> 0 | AF8: ='4'!$G$63 -> 0 | AG8: ='4'!$G$64 -> 367.18 | AH8: ='4'!$G$65 -> 422.88 | AI8: ='4'!$G$66 -> 412.74 | AJ8: ='4'!$G$67 -> 442.14 | AK8: ='4'!$G$68 -> 0 | AL8: ='4'!$G$69 -> 272.54 | AM8: ='4'!$G$84 -> 844 | AN8: ='4'!$G$15 -> 786.88 | AO8: ='4'!$G$124 -> 327.73 | AP8: ='4'!$G$125 -> 0 | AQ8: ='4'!$G$126 -> 79.53 | AR8: ='4'!$G$127 -> 37.4 | AS8: ='4'!$G$128 -> 1.5 | AT8: =AN8-SUM(AO8:AS8) -> 340.72 | AU8: =SUM('4'!G140:G141) -> 12.14 | AV8: ='4'!$G$137 -> 6.12 | AW8: ='4'!$G$138 -> 0 | AX8: ='4'!$G$139 -> 0 | AY8: =SUM(AV8:AX8) -> 6.12 | AZ8: =AO8/AU8 -> 26.995881
A9: 44017 | B9: ='5'!G7 -> 20879.79 | C9: ='5'!G8 -> 20992.61 | D9: ='5'!G15 -> 925.06 | E9: ='5'!G20 -> 241 | F9: =SUM('5'!G35,'5'!G49) -> 2828.7 | G9: =SUM('5'!G37,'5'!G51) -> 1447.68 | H9: =SUM('5'!G38,'5'!G52) -> 1640.5 | I9: =SUM('5'!G39,'5'!G53) -> 3669.36 | J9: =SUM('5'!G41,'5'!G42,'5'!G55,'5'!G56) -> 6521.66 | K9: =SUM('5'!G43,'5'!G57) -> 2554.7 | L9: ='5'!G50 -> 1002.13 | M9: ='5'!G36 -> 728.13 | N9: ='5'!G72 -> 10 | O9: ='5'!$G$73 -> 1 | P9: ='5'!$G$74 -> 1.2 | Q9: ='5'!$G$75 -> 142.05 | R9: ='5'!$G$76 -> 66.18 | S9: ='5'!$G$77 -> 66 | T9: ='5'!$G$78 -> 19 | U9: ='5'!$G$79 -> 149 | V9: ='5'!$G$80 -> 400.28 | W9: ='5'!$G$81 -> 242.28 | X9: ='5'!$G$82 -> 27.39 | Y9: ='5'!$G$58 -> 211.28 | Z9: ='5'!$G$83 -> 256 | AA9: ='5'!G86 -> 23.6 | AB9: ='5'!G87 -> 30.8 | AC9: ='5'!G88 -> 125.79 | AD9: ='5'!G89+'5'!G90 -> 26.8 | AE9: ='5'!$G$62 -> 0 | AF9: ='5'!$G$63 -> 0 | AG9: ='5'!$G$64 -> 373.78 | AH9: ='5'!$G$65 -> 436.66 | AI9: ='5'!$G$66 -> 410.41 | AJ9: ='5'!$G$67 -> 450.54 | AK9: ='5'!$G$68 -> 0 | AL9: ='5'!$G$69 -> 224.32 | AM9: ='5'!$G$84 -> 825 | AN9: ='5'!$G$15 -> 925.06 | AO9: ='5'!$G$124 -> 265.82 | AP9: ='5'!$G$125 -> 0 | AQ9: ='5'!$G$126 -> 61.29 | AR9: ='5'!$G$127 -> 27 | AS9: ='5'!$G$128 -> 0.9 | AT9: =AN9-SUM(AO9:AS9) -> 570.05 | AU9: =SUM('5'!G140:G141) -> 9.82 | AV9: ='5'!$G$137 -> 7.09 | AW9: ='5'!$G$138 -> 3.63 | AX9: ='5'!$G$139 -> 0.67 | AY9: =SUM(AV9:AX9) -> 11.39 | AZ9: =AO9/AU9 -> 27.069246
A10: 44018 | B10: ='6'!G7 -> 19757.91 | C10: ='6'!G8 -> 19837.63 | D10: ='6'!G15 -> 430.96 | E10: ='6'!G20 -> 149 | F10: =SUM('6'!G35,'6'!G49) -> 2786.2 | G10: =SUM('6'!G37,'6'!G51) -> 1525.26 | H10: =SUM('6'!G38,'6'!G52) -> 1382.5 | I10: =SUM('6'!G39,'6'!G53) -> 3628.76 | J10: =SUM('6'!G41,'6'!G42,'6'!G55,'6'!G56) -> 5789.63 | K10: =SUM('6'!G43,'6'!G57) -> 2584.9 | L10: ='6'!G50 -> 959.02 | M10: ='6'!G36 -> 727.79 | N10: ='6'!G72 -> 11 | O10: ='6'!$G$73 -> 1 | P10: ='6'!$G$74 -> 1.1 | Q10: ='6'!$G$75 -> 141.79 | R10: ='6'!$G$76 -> 73.12 | S10: ='6'!$G$77 -> 78 | T10: ='6'!$G$78 -> 153 | U10: ='6'!$G$79 -> 149 | V10: ='6'!$G$80 -> 356.52 | W10: ='6'!$G$81 -> 178.36 | X10: ='6'!$G$82 -> 13.18 | Y10: ='6'!$G$58 -> 21.53 | Z10: ='6'!$G$83 -> 163 | AA10: ='6'!G86 -> 19.72 | AB10: ='6'!G87 -> 29.9 | AC10: ='6'!G88 -> 115.9 | AD10: ='6'!G89+'6'!G90 -> 49.3 | AE10: ='6'!$G$62 -> 0 | AF10: ='6'!$G$63 -> 0 | AG10: ='6'!$G$64 -> 399.56 | AH10: ='6'!$G$65 -> 261.96 | AI10: ='6'!$G$66 -> 413.81 | AJ10: ='6'!$G$67 -> 529.7 | AK10: ='6'!$G$68 -> 0 | AL10: ='6'!$G$69 -> 210.34 | AM10: ='6'!$G$84 -> 809 | AN10: ='6'!$G$15 -> 430.96 | AO10: ='6'!$G$124 -> 261.84 | AP10: ='6'!$G$125 -> 0 | AQ10: ='6'!$G$126 -> 67.13 | AR10: ='6'!$G$127 -> 35.2 | AS10: ='6'!$G$128 -> 1 | AT10: =AN10-SUM(AO10:AS10) -> 65.79 | AU10: =SUM('6'!G140:G141) -> 9.89 | AV10: ='6'!$G$137 -> 0.1 | AW10: ='6'!$G$138 -> 0 | AX10: ='6'!$G$139 -> 0 | AY10: =SUM(AV10:AX10) -> 0.1
A11: 44019 | B11: ='7'!G7 -> 21808.89 | C11: ='7'!G8 -> 21913.78 | D11: ='7'!G15 -> 850.19 | E11: ='7'!G20 -> 168 | F11: =SUM('7'!G35,'7'!G49) -> 2919.2 | G11: =SUM('7'!G37,'7'!G51) -> 1587.74 | H11: =SUM('7'!G38,'7'!G52) -> 1549.24 | I11: =SUM('7'!G39,'7'!G53) -> 3603.4 | J11: =SUM('7'!G41,'7'!G42,'7'!G55,'7'!G56) -> 6831.79 | K11: =SUM('7'!G43,'7'!G57) -> 2722.7 | L11: ='7'!G50 -> 1261.92 | M11: ='7'!G36 -> 820.85 | N11: ='7'!G72 -> 11 | O11: ='7'!$G$73 -> 1 | P11: ='7'!$G$74 -> 1.1 | Q11: ='7'!$G$75 -> 140.85 | R11: ='7'!$G$76 -> 66.06 | S11: ='7'!$G$77 -> 51 | T11: ='7'!$G$78 -> 122 | U11: ='7'!$G$79 -> 141 | V11: ='7'!$G$80 -> 400.6 | W11: ='7'!$G$81 -> 167.64 | X11: ='7'!$G$82 -> 26.4 | Y11: ='7'!$G$58 -> 187.41 | Z11: ='7'!$G$83 -> 215 | AA11: ='7'!G86 -> 25.48 | AB11: ='7'!G87 -> 32.2 | AC11: ='7'!G88 -> 85.83 | AD11: ='7'!G89+'7'!G90 -> 81.4 | AE11: ='7'!$G$62 -> 0 | AF11: ='7'!$G$63 -> 0 | AG11: ='7'!$G$64 -> 433.54 | AH11: ='7'!$G$65 -> 267.3 | AI11: ='7'!$G$66 -> 427.31 | AJ11: ='7'!$G$67 -> 492.7 | AK11: ='7'!$G$68 -> 0 | AL11: ='7'!$G$69 -> 221.59 | AM11: ='7'!$G$84 -> 792 | AN11: ='7'!$G$15 -> 850.19 | AO11: ='7'!$G$124 -> 259.98 | AP11: ='7'!$G$125 -> -0.4 | AQ11: ='7'!$G$126 -> 79.42 | AR11: ='7'!$G$127 -> 36.7 | AS11: ='7'!$G$128 -> 1.4 | AT11: =AN11-SUM(AO11:AS11) -> 473.09 | AU11: =SUM('7'!G140:G141) -> 9.56 | AV11: ='7'!$G$137 -> 9.11 | AW11: ='7'!$G$138 -> 0 | AX11: ='7'!$G$139 -> 0 | AY11: =SUM(AV11:AX11) -> 9.11
A12: 44020 | B12: ='8'!G7 -> 21620.32 | C12: ='8'!G8 -> 21721.17 | D12: ='8'!G15 -> 821.55 | E12: ='8'!G20 -> 161 | F12: =SUM('8'!G35,'8'!G49) -> 3141.7 | G12: =SUM('8'!G37,'8'!G51) -> 1563.22 | H12: =SUM('8'!G38,'8'!G52) -> 1545.16 | I12: =SUM('8'!G39,'8'!G53) -> 3552.4 | J12: =SUM('8'!G41,'8'!G42,'8'!G55,'8'!G56) -> 6741.32 | K12: =SUM('8'!G43,'8'!G57) -> 2769 | L12: ='8'!G50 -> 1089.63 | M12: ='8'!G36 -> 674.63 | N12: ='8'!G72 -> 13 | O12: ='8'!$G$73 -> 1 | P12: ='8'!$G$74 -> 1 | Q12: ='8'!$G$75 -> 144.14 | R12: ='8'!$G$76 -> 67.22 | S12: ='8'!$G$77 -> 71 | T12: ='8'!$G$78 -> 86 | U12: ='8'!$G$79 -> 152 | V12: ='8'!$G$80 -> 414.24 | W12: ='8'!$G$81 -> 194.84 | X12: ='8'!$G$82 -> 19.88 | Y12: ='8'!$G$58 -> 177.37 | Z12: ='8'!$G$83 -> 225 | AA12: ='8'!G86 -> 29.72 | AB12: ='8'!G87 -> 31.4 | AC12: ='8'!G88 -> 151.57 | AD12: ='8'!G89+'8'!G90 -> 183.1 | AE12: ='8'!$G$62 -> 0 | AF12: ='8'!$G$63 -> 0 | AG12: ='8'!$G$64 -> 525.04 | AH12: ='8'!$G$65 -> 271.82 | AI12: ='8'!$G$66 -> 398.21 | AJ12: ='8'!$G$67 -> 444.44 | AK12: ='8'!$G$68 -> 0 | AL12: ='8'!$G$69 -> 261.62 | AM12: ='8'!$G$84 -> 809 | AN12: ='8'!$G$15 -> 821.55 | AO12: ='8'!$G$124 -> 251.29 | AP12: ='8'!$G$125 -> 0.4 | AQ12: ='8'!$G$126 -> 86.58 | AR12: ='8'!$G$127 -> 35.7 | AS12: ='8'!$G$128 -> 2 | AT12: =AN12-SUM(AO12:AS12) -> 445.58 | AU12: =SUM('8'!G140:G141) -> 9.23 | AV12: ='8'!$G$137 -> 8.07 | AW12: ='8'!$G$138 -> 0 | AX12: ='8'!$G$139 -> 0 | AY12: =SUM(AV12:AX12) -> 8.07
A13: 44021 | B13: ='9'!G7 -> 22577.44 | C13: ='9'!G8 -> 22673.21 | D13: ='9'!G15 -> 830.84 | E13: ='9'!G20 -> 191 | F13: =SUM('9'!G35,'9'!G49) -> 3259.27 | G13: =SUM('9'!G37,'9'!G51) -> 1605.99 | H13: =SUM('9'!G38,'9'!G52) -> 1594.71 | I13: =SUM('9'!G39,'9'!G53) -> 3607.81 | J13: =SUM('9'!G41,'9'!G42,'9'!G55,'9'!G56) -> 7248.81 | K13: =SUM('9'!G43,'9'!G57) -> 2915.5 | L13: ='9'!G50 -> 981.3 | M13: ='9'!G36 -> 812.38 | N13: ='9'!G72 -> 14 | O13: ='9'!$G$73 -> 1 | P13: ='9'!$G$74 -> 1.7 | Q13: ='9'!$G$75 -> 171.19 | R13: ='9'!$G$76 -> 64.42 | S13: ='9'!$G$77 -> 88 | T13: ='9'!$G$78 -> 71 | U13: ='9'!$G$79 -> 150 | V13: ='9'!$G$80 -> 440.72 | W13: ='9'!$G$81 -> 224.36 | X13: ='9'!$G$82 -> 22.15 | Y13: ='9'!$G$58 -> 191.03 | Z13: ='9'!$G$83 -> 239 | AA13: ='9'!G86 -> 20.08 | AB13: ='9'!G87 -> 31 | AC13: ='9'!G88 -> 116.34 | AD13: ='9'!G89+'9'!H90 -> 64.5 | AE13: ='9'!$G$62 -> 0 | AF13: ='9'!$G$63 -> 0 | AG13: ='9'!$G$64 -> 415.61 | AH13: ='9'!$G$65 -> 341.25 | AI13: ='9'!$G$66 -> 396.97 | AJ13: ='9'!$G$67 -> 435.87 | AK13: ='9'!$G$68 -> 0 | AL13: ='9'!$G$69 -> 285.94 | AM13: ='9'!$G$84 -> 856 | AN13: ='9'!$G$15 -> 830.84 | AO13: ='9'!$G$124 -> 315.87 | AP13: ='9'!$G$125 -> 0 | AQ13: ='9'!$G$126 -> 98.09 | AR13: ='9'!$G$127 -> 37.8 | AS13: ='9'!$G$128 -> 2.8 | AT13: =AN13-SUM(AO13:AS13) -> 376.28 | AU13: =SUM('9'!G140:G141) -> 9.67 | AV13: ='9'!$G$137 -> 8.07 | AW13: ='9'!$G$138 -> 0.18 | AX13: ='9'!$G$139 -> 0 | AY13: =SUM(AV13:AX13) -> 8.25
A14: 44022 | B14: ='10'!G7 -> 21024 | C14: ='10'!G8 -> 21102 | D14: ='10'!G15 -> 829 | E14: ='10'!G20 -> 218 | F14: =SUM('10'!G35,'10'!G49) -> 3138 | G14: =SUM('10'!G37,'10'!G51) -> 1601 | H14: =SUM('10'!G38,'10'!G52) -> 1644 | I14: =SUM('10'!G39,'10'!G53) -> 3580.33 | J14: =SUM('10'!G41,'10'!G42,'10'!G55,'10'!G56) -> 6097 | K14: =SUM('10'!G43,'10'!G57) -> 2543 | L14: ='10'!G50 -> 1093 | M14: ='10'!G36 -> 769 | N14: ='10'!G72 -> 10 | O14: ='10'!$G$73 -> 2 | P14: ='10'!$G$74 -> 1 | Q14: ='10'!$G$75 -> 170 | R14: ='10'!$G$76 -> 63 | S14: ='10'!$G$77 -> 60 | T14: ='10'!$G$78 -> 59 | U14: ='10'!$G$79 -> 162 | V14: ='10'!$G$80 -> 406 | W14: ='10'!$G$81 -> 216 | X14: ='10'!$G$82 -> 13 | Y14: ='10'!$G$58 -> 194 | Z14: ='10'!$G$83 -> 227 | AA14: ='10'!G86 -> 23 | AB14: ='10'!G87 -> 15 | AC14: ='10'!G88 -> 117 | AD14: ='10'!G87+'10'!H90 -> 27.1 | AE14: ='10'!$G$62 -> 0 | AF14: ='10'!$G$63 -> 0 | AG14: ='10'!$G$64 -> 374 | AH14: ='10'!$G$65 -> 396 | AI14: ='10'!$G$66 -> 401 | AJ14: ='10'!$G$67 -> 440 | AK14: ='10'!$G$68 -> 0 | AL14: ='10'!$G$69 -> 257 | AM14: ='10'!$G$84 -> 785 | AN14: ='10'!$G$15 -> 829 | AO14: ='10'!$G$124 -> 223 | AP14: ='10'!$G$125 -> 0 | AQ14: ='10'!$G$126 -> 102 | AR14: ='10'!$G$127 -> 44 | AS14: ='10'!$G$128 -> 8 | AT14: =AN14-SUM(AO14:AS14) -> 452 | AU14: =SUM('10'!G140:G141) -> 10.15 | AV14: ='10'!$G$137 -> 6.51 | AW14: ='10'!$G$138 -> 0 | AX14: ='10'!$G$139 -> 0 | AY14: =SUM(AV14:AX14) -> 6.51
A15: 44023 | B15: ='11'!G7 -> 22731.5 | C15: ='11'!G8 -> 22829.97 | D15: ='11'!G15 -> 986.41 | E15: ='11'!G20 -> 240 | F15: =SUM('11'!G35,'11'!G49) -> 2956.03 | G15: =SUM('11'!G37,'11'!G51) -> 1589.75 | H15: =SUM('11'!G38,'11'!G52) -> 1661.79 | I15: =SUM('11'!G39,'11'!G53) -> 3609.26 | J15: =SUM('11'!G41,'11'!G42,'11'!G55,'11'!G56) -> 7134.06 | K15: =SUM('11'!G43,'11'!G57) -> 2942.4 | L15: ='11'!G50 -> 1216.55 | M15: ='11'!G36 -> 1013.21 | N15: ='11'!G72 -> 11 | O15: ='11'!$G$73 -> 1 | P15: ='11'!$G$74 -> 1.6 | Q15: ='11'!$G$75 -> 150.29 | R15: ='11'!$G$76 -> 60.29 | S15: ='11'!$G$77 -> 52 | T15: ='11'!$G$78 -> 61 | U15: ='11'!$G$79 -> 144 | V15: ='11'!$G$80 -> 448.16 | W15: ='11'!$G$81 -> 279 | X15: ='11'!$G$82 -> 28.61 | Y15: ='11'!$G$58 -> 222.06 | Z15: ='11'!$G$83 -> 262 | AA15: ='11'!G86 -> 49.8 | AB15: ='11'!G87 -> 11.3 | AC15: ='11'!G88 -> 36.41 | AD15: ='11'!G87+'11'!H90 -> 12.7 | AE15: ='11'!$G$62 -> 0 | AF15: ='11'!$G$63 -> 0 | AG15: ='11'!$G$64 -> 374.43 | AH15: ='11'!$G$65 -> 386.93 | AI15: ='11'!$G$66 -> 431.13 | AJ15: ='11'!$G$67 -> 435.69 | AK15: ='11'!$G$68 -> 0 | AL15: ='11'!$G$69 -> 281 | AM15: ='11'!$G$84 -> 784 | AN15: ='11'!$G$15 -> 986.41 | AO15: ='11'!$G$124 -> 295.88 | AP15: ='11'!$G$125 -> 0 | AQ15: ='11'!$G$126 -> 89.91 | AR15: ='11'!$G$127 -> 46.8 | AS15: ='11'!$G$128 -> 4.7 | AT15: =AN15-SUM(AO15:AS15) -> 549.12 | AU15: =SUM('11'!G140:G141) -> 10.84 | AV15: ='11'!$G$137 -> 6.99 | AW15: ='11'!$G$138 -> 3.96 | AX15: ='11'!$G$139 -> 0 | AY15: =SUM(AV15:AX15) -> 10.95
A16: 44024 | B16: ='12'!G7 -> 21127.52 | C16: ='12'!G8 -> 21239.9 | D16: ='12'!G15 -> 914.79 | E16: ='12'!G20 -> 186 | F16: =SUM('12'!G35,'12'!G49) -> 3001.4 | G16: =SUM('12'!G37,'12'!G51) -> 1595.12 | H16: =SUM('12'!G38,'12'!G52) -> 1595.2 | I16: =SUM('12'!G39,'12'!G53) -> 3711.74 | J16: =SUM('12'!G41,'12'!G42,'12'!G55,'12'!G56) -> 6204.24 | K16: =SUM('12'!G43,'12'!G57) -> 2563.2 | L16: ='12'!G50 -> 1103.56 | M16: ='12'!G36 -> 695.77 | N16: ='12'!G72 -> 13 | O16: ='12'!$G$73 -> 1 | P16: ='12'!$G$74 -> 1.7 | Q16: ='12'!$G$75 -> 145.55 | R16: ='12'!$G$76 -> 66 | S16: ='12'!$G$77 -> 53 | T16: ='12'!$G$78 -> 56 | U16: ='12'!$G$79 -> 155 | V16: ='12'!$G$80 -> 418.88 | W16: ='12'!$G$81 -> 132.32 | X16: ='12'!$G$82 -> 14.16 | Y16: ='12'!$G$58 -> 231.1 | Z16: ='12'!$G$83 -> 237 | AA16: ='12'!G86 -> 31.84 | AB16: ='12'!G87 -> 24.8 | AC16: ='12'!G88 -> 112.32 | AD16: ='12'!G87+'12'!H90 -> 28.6 | AE16: ='12'!$G$62 -> 0 | AF16: ='12'!$G$63 -> 0 | AG16: ='12'!$G$64 -> 374.82 | AH16: ='12'!$G$65 -> 381.96 | AI16: ='12'!$G$66 -> 421.83 | AJ16: ='12'!$G$67 -> 440.98 | AK16: ='12'!$G$68 -> 0 | AL16: ='12'!$G$69 -> 282.99 | AM16: ='12'!$G$84 -> 767 | AN16: ='12'!$G$15 -> 914.79 | AO16: ='12'!$G$124 -> 267.13 | AP16: ='12'!$G$125 -> -0.4 | AQ16: ='12'!$G$126 -> 104.32 | AR16: ='12'!$G$127 -> 35.4 | AS16: ='12'!$G$128 -> 4.2 | AT16: =AN16-SUM(AO16:AS16) -> 504.14 | AU16: =SUM('12'!G140:G141) -> 9.71 | AV16: ='12'!$G$137 -> 8.48 | AW16: ='12'!$G$138 -> 0 | AX16: ='12'!$G$139 -> 0 | AY16: =SUM(AV16:AX16) -> 8.48 | BA16: =AO16-AQ16 -> 162.81
A17: 44025 | B17: ='13'!G7 -> 21500 | C17: ='13'!G8 -> 21611.4 | D17: ='13'!G15 -> 943.8 | E17: ='13'!G20 -> 202 | F17: =SUM('13'!G35,'13'!G49) -> 2899.57 | G17: =SUM('13'!G37,'13'!G51) -> 1577.13 | H17: =SUM('13'!G38,'13'!G52) -> 1632.01 | I17: =SUM('13'!G39,'13'!G53) -> 3726 | J17: =SUM('13'!G41,'13'!G42,'13'!G55,'13'!G56) -> 6191.81 | K17: =SUM('13'!G43,'13'!G57) -> 2552.73 | L17: ='13'!G50 -> 1162.89 | M17: ='13'!G36 -> 969.02 | N17: ='13'!G72 -> 13 | O17: ='13'!$G$73 -> 2 | P17: ='13'!$G$74 -> 1.7 | Q17: ='13'!$G$75 -> 155.16 | R17: ='13'!$G$76 -> 64.71 | S17: ='13'!$G$77 -> 53 | T17: ='13'!$G$78 -> 93 | U17: ='13'!$G$79 -> 175 | V17: ='13'!$G$80 -> 404.96 | W17: ='13'!$G$81 -> 153.68 | X17: ='13'!$G$82 -> 30.23 | Y17: ='13'!$G$58 -> 206.84 | Z17: ='13'!$G$83 -> 232 | AA17: ='13'!G86 -> 17.36 | AB17: ='13'!G87 -> 26.9 | AC17: ='13'!G88 -> 148.27 | AD17: ='13'!G87+'13'!H90 -> 29.7 | AE17: ='13'!$G$62 -> 0 | AF17: ='13'!$G$63 -> 0 | AG17: ='13'!$G$64 -> 373.75 | AH17: ='13'!$G$65 -> 405.11 | AI17: ='13'!$G$66 -> 405.04 | AJ17: ='13'!$G$67 -> 465.33 | AK17: ='13'!$G$68 -> 0 | AL17: ='13'!$G$69 -> 281.01 | AM17: ='13'!$G$84 -> 787 | AN17: ='13'!$G$15 -> 943.8 | AO17: ='13'!$G$124 -> 254.99 | AP17: ='13'!$G$125 -> 0 | AQ17: ='13'!$G$126 -> 94.77 | AR17: ='13'!$G$127 -> 41.8 | AS17: ='13'!$G$128 -> 6.1 | AT17: =AN17-SUM(AO17:AS17) -> 546.14 | AU17: =SUM('13'!G140:G141) -> 8.84 | AV17: ='13'!$G$137 -> 10.45 | AW17: ='13'!$G$138 -> 0 | AX17: ='13'!$G$139 -> 0 | AY17: =SUM(AV17:AX17) -> 10.45 | BA17: =AO17-AT17 -> -291.15
A18: 44026 | B18: ='14'!G7 -> 22050.43 | C18: ='14'!G8 -> 22172.24 | D18: ='14'!G15 -> 797.81 | E18: ='14'!G20 -> 205 | F18: =SUM('14'!G35,'14'!G49) -> 2878.47 | G18: =SUM('14'!G37,'14'!G51) -> 1649.35 | H18: =SUM('14'!G38,'14'!G52) -> 1585.79 | I18: =SUM('14'!G39,'14'!G53) -> 3716.46 | J18: =SUM('14'!G41,'14'!G42,'14'!G55,'14'!G56) -> 6122.54 | K18: =SUM('14'!G43,'14'!G57) -> 2640.3 | L18: ='14'!G50 -> 1781.57 | M18: ='14'!G36 -> 950.38 | N18: ='14'!G72 -> 14 | O18: ='14'!$G$73 -> 1 | P18: ='14'!$G$74 -> 0 | Q18: ='14'!$G$75 -> 147.93 | R18: ='14'!$G$76 -> 61.98 | S18: ='14'!$G$77 -> 52 | T18: ='14'!$G$78 -> 136 | U18: ='14'!$G$79 -> 173 | V18: ='14'!$G$80 -> 486.8 | W18: ='14'!$G$81 -> 196.04 | X18: ='14'!$G$82 -> 13.5 | Y18: ='14'!$G$58 -> 164.38 | Z18: ='14'!$G$83 -> 246 | AA18: ='14'!G86 -> 31.76 | AB18: ='14'!G87 -> 32.8 | AC18: ='14'!G88 -> 139.53 | AD18: ='14'!G87+'14'!H90 -> 36 | AE18: ='14'!$G$62 -> 0 | AF18: ='14'!$G$63 -> 0 | AG18: ='14'!$G$64 -> 360.13 | AH18: ='14'!$G$65 -> 397.63 | AI18: ='14'!$G$66 -> 388.42 | AJ18: ='14'!$G$67 -> 511.77 | AK18: ='14'!$G$68 -> 0 | AL18: ='14'!$G$69 -> 275.4 | AM18: ='14'!$G$84 -> 765 | AN18: ='14'!$G$15 -> 797.81 | AO18: ='14'!$G$124 -> 251.74 | AP18: ='14'!$G$125 -> 0.4 | AQ18: ='14'!$G$126 -> 119.19 | AR18: ='14'!$G$127 -> 45.3 | AS18: ='14'!$G$128 -> 3.7 | AT18: =AN18-SUM(AO18:AS18) -> 377.48 | AU18: =SUM('14'!G140:G141) -> 8.76 | AV18: ='14'!$G$137 -> 5.4 | AW18: ='14'!$G$138 -> 0 | AX18: ='14'!$G$139 -> 2.31 | AY18: =SUM(AV18:AX18) -> 7.71 | BA18: =AO18-AT18 -> -125.74
A19: 44027 | B19: ='15'!G7 -> 22451.94 | C19: ='15'!G8 -> 22546.3 | D19: ='15'!G15 -> 947.813 | E19: ='15'!G20 -> 184 | F19: =SUM('15'!G35,'15'!G49) -> 2947.52 | G19: =SUM('15'!G37,'15'!G51) -> 1595.38 | H19: =SUM('15'!G38,'15'!G52) -> 1645.37 | I19: =SUM('15'!G39,'15'!G53) -> 3733.81 | J19: =SUM('15'!G41,'15'!G42,'15'!G55,'15'!G56) -> 6384.17 | K19: =SUM('15'!G43,'15'!G57) -> 2774.3 | L19: ='15'!G50 -> 1449.7 | M19: ='15'!G36 -> 1106.87 | N19: ='15'!G72 -> 13 | O19: ='15'!$G$73 -> 2 | P19: ='15'!$G$74 -> 1 | Q19: ='15'!$G$75 -> 154.77 | R19: ='15'!$G$76 -> 67.17 | S19: ='15'!$G$77 -> 64 | T19: ='15'!$G$78 -> 100 | U19: ='15'!$G$79 -> 176 | V19: ='15'!$G$80 -> 465.68 | W19: ='15'!$G$81 -> 176.57 | X19: ='15'!$G$82 -> 28.69 | Y19: ='15'!$G$58 -> 195.43 | Z19: ='15'!$G$83 -> 216 | AA19: ='15'!G86 -> 8.88 | AB19: ='15'!G87 -> 36.2 | AC19: ='15'!G88 -> 70.48 | AD19: ='15'!G87+'15'!H90 -> 43.3 | AE19: ='15'!$G$62 -> 0.18 | AF19: ='15'!$G$63 -> 0 | AG19: ='15'!$G$64 -> 408.38 | AH19: ='15'!$G$65 -> 381.14 | AI19: ='15'!$G$66 -> 388.26 | AJ19: ='15'!$G$67 -> 472.4 | AK19: ='15'!$G$68 -> 0 | AL19: ='15'!$G$69 -> 299.85 | AM19: ='15'!$G$84 -> 743 | AN19: ='15'!$G$15 -> 947.813 | AO19: ='15'!$G$124 -> 253.43 | AP19: ='15'!$G$125 -> 0 | AQ19: ='15'!$G$126 -> 122.16 | AR19: ='15'!$G$127 -> 37.9 | AS19: ='15'!$G$128 -> 5.7 | AT19: =AN19-SUM(AO19:AS19) -> 528.623 | AU19: =SUM('15'!G140:G141) -> 9 | AV19: ='15'!$G$137 -> 9.59 | AW19: ='15'!$G$138 -> 0 | AX19: ='15'!$G$139 -> 0 | AY19: =SUM(AV19:AX19) -> 9.59 | BA19: =AO19-AT19 -> -275.193
A20: 44028 | B20: ='16'!G7 -> 22073.34 | C20: ='16'!G8 -> 22174.58 | D20: ='16'!G15 -> 837.257 | E20: ='16'!G20 -> 170 | F20: =SUM('16'!G35,'16'!G49) -> 3155.48 | G20: =SUM('16'!G37,'16'!G51) -> 1642.17 | H20: =SUM('16'!G38,'16'!G52) -> 1628.41 | I20: =SUM('16'!G39,'16'!G53) -> 3776.22 | J20: =SUM('16'!G41,'16'!G42,'16'!G55,'16'!G56) -> 6367.01 | K20: =SUM('16'!G43,'16'!G57) -> 2623.9 | L20: ='16'!G50 -> 1102.16 | M20: ='16'!G36 -> 1003.58 | N20: ='16'!G72 -> 13 | O20: ='16'!$G$73 -> 2 | P20: ='16'!$G$74 -> 34.6 | Q20: ='16'!$G$75 -> 183.89 | R20: ='16'!$G$76 -> 69.86 | S20: ='16'!$G$77 -> 70 | T20: ='16'!$G$78 -> 102 | U20: ='16'!$G$79 -> 166 | V20: ='16'!$G$80 -> 461.28 | W20: ='16'!$G$81 -> 181.47 | X20: ='16'!$G$82 -> 16.69 | Y20: ='16'!$G$58 -> 207.38 | Z20: ='16'!$G$83 -> 176 | AA20: ='16'!G86 -> 10.24 | AB20: ='16'!G87 -> 25.4 | AC20: ='16'!G88 -> 127.65 | AD20: ='16'!G87+'16'!H90 -> 32 | AE20: ='16'!$G$62 -> 0 | AF20: ='16'!$G$63 -> 0 | AG20: ='16'!$G$64 -> 399.3 | AH20: ='16'!$G$65 -> 392.3 | AI20: ='16'!$G$66 -> 396.96 | AJ20: ='16'!$G$67 -> 469.88 | AK20: ='16'!$G$68 -> 0 | AL20: ='16'!$G$69 -> 303.87 | AM20: ='16'!$G$84 -> 734 | AN20: ='16'!$G$15 -> 837.257 | AO20: ='16'!$G$124 -> 265.34 | AP20: ='16'!$G$125 -> 0 | AQ20: ='16'!$G$126 -> 99.18 | AR20: ='16'!$G$127 -> 41 | AS20: ='16'!$G$128 -> 7 | AT20: =AN20-SUM(AO20:AS20) -> 424.737 | AU20: =SUM('16'!G140:G141) -> 9.05 | AV20: ='16'!$G$137 -> 8.02 | AW20: ='16'!$G$138 -> 0 | AX20: ='16'!$G$139 -> 0 | AY20: =SUM(AV20:AX20) -> 8.02 | BA20: =AO20-AT20 -> -159.397
A21: 44029 | B21: ='17'!G7 -> 24778.48 | C21: ='17'!G8 -> 24914.74 | D21: ='17'!G15 -> 981.661 | E21: ='17'!G20 -> 201 | F21: =SUM('17'!G35,'17'!G49) -> 3270.42 | G21: =SUM('17'!G37,'17'!G51) -> 1656.55 | H21: =SUM('17'!G38,'17'!G52) -> 1759.92 | I21: =SUM('17'!G39,'17'!G53) -> 3718.93 | J21: =SUM('17'!G41,'17'!G42,'17'!G55,'17'!G56) -> 8133.4 | K21: =SUM('17'!G43,'17'!G57) -> 3097.4 | L21: ='17'!G50 -> 1300.44 | M21: ='17'!G36 -> 1131.82 | N21: ='18'!G72 -> 15 | O21: ='17'!$G$73 -> 1 | P21: ='17'!$G$74 -> 1 | Q21: ='17'!$G$75 -> 176.71 | R21: ='17'!$G$76 -> 65.12 | S21: ='17'!$G$77 -> 65 | T21: ='17'!$G$78 -> 100 | U21: ='17'!$G$79 -> 199 | V21: ='17'!$G$80 -> 476.56 | W21: ='17'!$G$81 -> 231.2 | X21: ='17'!$G$82 -> 27.37 | Y21: ='17'!$G$58 -> 192.37 | Z21: ='17'!$G$83 -> 276 | AA21: ='17'!G86 -> 17.96 | AB21: ='17'!G87 -> 19.6 | AC21: ='17'!G88 -> 121.06 | AD21: ='17'!G87+'17'!H90 -> 21.7 | AE21: ='17'!$G$62 -> -0.18 | AF21: ='17'!$G$63 -> 0 | AG21: ='17'!$G$64 -> 365.26 | AH21: ='17'!$G$65 -> 386.54 | AI21: ='17'!$G$66 -> 390.96 | AJ21: ='17'!$G$67 -> 477.86 | AK21: ='17'!$G$68 -> 0 | AL21: ='17'!$G$69 -> 301.97 | AM21: ='17'!$G$84 -> 678 | AN21: ='17'!$G$15 -> 981.661 | AO21: ='17'!$G$124 -> 289.02 | AP21: ='17'!$G$125 -> 0 | AQ21: ='17'!$G$126 -> 114.2 | AR21: ='17'!$G$127 -> 41 | AS21: ='17'!$G$128 -> 6.7 | AT21: =AN21-SUM(AO21:AS21) -> 530.741 | AU21: =SUM('17'!G140:G141) -> 10.06 | AV21: ='17'!$G$137 -> 9.11 | AW21: ='17'!$G$138 -> 0 | AX21: ='17'!$G$139 -> 0 | AY21: =SUM(AV21:AX21) -> 9.11 | BA21: =AO21-AT21 -> -241.721
A22: 44030 | B22: ='18'!G7 -> 25838.12 | C22: ='18'!G8 -> 25951.08 | D22: ='18'!G15 -> 908.879 | E22: ='18'!G20 -> 179 | F22: =SUM('18'!G35,'18'!G49) -> 3484.808 | G22: =SUM('18'!G37,'18'!G51) -> 1846.52 | H22: =SUM('18'!G38,'18'!G52) -> 1840.98 | I22: =SUM('18'!G39,'18'!G53) -> 3750.84 | J22: =SUM('18'!G41,'18'!G42,'18'!G55,'18'!G56) -> 8129.57 | K22: =SUM('18'!G43,'18'!G57) -> 3145.2 | L22: ='18'!G50 -> 1712.2 | M22: ='18'!G36 -> 1191.63 | N22: ='18'!G72 -> 15 | O22: ='18'!$G$73 -> 1 | P22: ='18'!$G$74 -> 0.5 | Q22: ='18'!$G$75 -> 172.45 | R22: ='18'!$G$76 -> 63.15 | S22: ='18'!$G$77 -> 86 | T22: ='18'!$G$78 -> 104 | U22: ='18'!$G$79 -> 157 | V22: ='18'!$G$80 -> 503.68 | W22: ='18'!$G$81 -> 226.24 | X22: ='18'!$G$82 -> 22.6 | Y22: ='18'!$G$58 -> 191.57 | Z22: ='18'!$G$83 -> 229 | AA22: ='18'!G86 -> 8.16 | AB22: ='18'!G87 -> 9.6 | AC22: ='18'!G88 -> 75.28 | AD22: ='18'!G87+'18'!H90 -> 10.6 | AE22: ='18'!$G$62 -> 0.18 | AF22: ='18'!$G$63 -> 0 | AG22: ='18'!$G$64 -> 372.08 | AH22: ='18'!$G$65 -> 408.42 | AI22: ='18'!$G$66 -> 427.3 | AJ22: ='18'!$G$67 -> 472.2 | AK22: ='18'!$G$68 -> 0 | AL22: ='18'!$G$69 -> 307.29 | AM22: ='18'!$G$84 -> 823 | AN22: ='18'!$G$15 -> 908.879 | AO22: ='18'!$G$124 -> 295.74 | AP22: ='18'!$G$125 -> 0 | AQ22: ='18'!$G$126 -> 107.8 | AR22: ='18'!$G$127 -> 45.1 | AS22: ='18'!$G$128 -> 4.9 | AT22: =AN22-SUM(AO22:AS22) -> 455.339 | AU22: =SUM('18'!G140:G141) -> 10.29 | AV22: ='18'!$G$137 -> 8.54 | AW22: ='18'!$G$138 -> 0 | AX22: ='18'!$G$139 -> 0 | AY22: =SUM(AV22:AX22) -> 8.54 | BA22: =AO22-AT22 -> -159.599
A23: 44031 | B23: ='19'!G7 -> 21625.67 | C23: ='19'!G8 -> 21717.79 | D23: ='19'!G15 -> 880.58 | E23: ='19'!G20 -> 257 | F23: =SUM('19'!G35,'19'!G49) -> 3252.302 | G23: =SUM('19'!G37,'19'!G51) -> 1591.16 | H23: =SUM('19'!G38,'19'!G52) -> 1606.46 | I23: =SUM('19'!G39,'19'!G53) -> 3770.33 | J23: =SUM('19'!G41,'19'!G42,'19'!G55,'19'!G56) -> 6446.2 | K23: =SUM('19'!G43,'19'!G57) -> 2549.57 | L23: ='19'!G50 -> 1093.93 | M23: ='19'!G36 -> 815.72 | N23: ='19'!G72 -> 14 | O23: ='19'!$G$73 -> 2 | P23: ='19'!$G$74 -> -0.1 | Q23: ='19'!$G$75 -> 148.25 | R23: ='19'!G76 -> 60.72 | S23: ='19'!$G$77 -> 68 | T23: ='19'!$G$78 -> 82 | U23: ='19'!$G$79 -> 155 | V23: ='19'!$G$80 -> 401 | W23: ='19'!$G$81 -> 219.48 | X23: ='19'!$G$82 -> 24.15 | Y23: ='19'!$G$58 -> 217.87 | Z23: ='19'!$G$83 -> 272 | AA23: ='19'!G86 -> 17 | AB23: ='19'!G87 -> 30.4 | AC23: ='19'!G88 -> 126 | AD23: ='19'!G87+'19'!H90 -> 33.4 | AE23: ='19'!$G$62 -> 0.02 | AF23: ='19'!$G$63 -> 0 | AG23: ='19'!$G$64 -> 374.85 | AH23: ='19'!$G$65 -> 395.97 | AI23: ='19'!$G$66 -> 429.1 | AJ23: ='19'!$G$67 -> 481.89 | AK23: ='19'!$G$68 -> 0 | AL23: ='19'!$G$69 -> 305.62 | AM23: ='19'!$G$84 -> 776 | AN23: ='19'!$G$15 -> 880.58 | AO23: ='19'!$G$124 -> 267.73 | AP23: ='19'!$G$125 -> 0 | AQ23: ='19'!$G$126 -> 68.47 | AR23: ='19'!$G$127 -> 31.7 | AS23: ='19'!$G$128 -> 0 | AT23: =AN23-SUM(AO23:AS23) -> 512.68 | AU23: =SUM('19'!G140:G141) -> 9.4 | AV23: ='19'!$G$137 -> 9.56 | AW23: ='19'!$G$138 -> -0.16 | AX23: ='19'!$G$139 -> 0 | AY23: =SUM(AV23:AX23) -> 9.4 | BA23: =AO23-AT23 -> -244.95
A24: 44032 | B24: ='20'!G7 -> 22117.96 | C24: ='20'!G8 -> 22217.27 | D24: ='20'!G15 -> 465 | E24: ='20'!G20 -> 143 | F24: =SUM('20'!G35,'20'!G49) -> 2573.21 | G24: =SUM('20'!G37,'20'!G51) -> 1586.97 | H24: =SUM('20'!G38,'20'!G52) -> 1448.93 | I24: =SUM('20'!G39,'20'!G53) -> 3767.43 | J24: =SUM('20'!G41,'20'!G42,'20'!G55,'20'!G56) -> 7204.54 | K24: =SUM('20'!G43,'20'!G57) -> 2710.7 | L24: ='20'!G50 -> 1063.75 | M24: ='20'!G36 -> 1166.52 | N24: ='20'!G72 -> 13 | O24: ='20'!$G$73 -> 2 | P24: ='20'!$G$74 -> 3.3 | Q24: ='20'!$G$75 -> 166.63 | R24: ='20'!$G$76 -> 63.9 | S24: ='20'!$G$77 -> 57 | T24: ='20'!$G$78 -> 90 | U24: ='20'!$G$79 -> 150 | V24: ='20'!$G$80 -> 428.28 | W24: ='20'!$G$81 -> 238.04 | X24: ='20'!$G$82 -> 13.07 | Y24: ='20'!$G$58 -> 7.74 | Z24: ='20'!$G$83 -> 238 | AA24: ='20'!G86 -> 23.36 | AB24: ='20'!G87 -> 38 | AC24: ='20'!G88 -> 168.46 | AD24: ='20'!G87+'20'!H90 -> 43 | AE24: ='20'!$G$62 -> 0 | AF24: ='20'!$G$63 -> 0 | AG24: ='20'!$G$64 -> 363.47 | AH24: ='20'!$G$65 -> 386.09 | AI24: ='20'!$G$66 -> 428.93 | AJ24: ='20'!$G$67 -> 501.67 | AK24: ='20'!$G$68 -> 0 | AL24: ='20'!$G$69 -> 295.63 | AM24: ='20'!$G$84 -> 727 | AN24: ='20'!$G$15 -> 465 | AO24: ='20'!$G$124 -> 260.45 | AP24: ='20'!$G$125 -> 0 | AQ24: ='20'!$G$126 -> 81.23 | AR24: ='20'!$G$127 -> 37 | AS24: ='20'!$G$128 -> 1.7 | AT24: =AN24-SUM(AO24:AS24) -> 84.62 | AU24: =SUM('20'!G140:G141) -> 9.15 | AV24: ='20'!$G$137 -> 0.28 | AW24: ='20'!$G$138 -> 0.16 | AX24: ='20'!$G$139 -> 0 | AY24: =SUM(AV24:AX24) -> 0.44 | BA24: =AO24-AT24 -> 175.83
A25: 44033 | B25: ='21'!G7 -> 21118.71 | C25: ='21'!G8 -> 21222.56 | D25: ='21'!G15 -> 926.72 | E25: ='21'!G20 -> 175 | F25: =SUM('21'!G35,'21'!G49) -> 2837.54 | G25: =SUM('21'!G37,'21'!G51) -> 1602.92 | H25: =SUM('21'!G38,'21'!G52) -> 1578.05 | I25: =SUM('21'!G39,'21'!G53) -> 3741.52 | J25: =SUM('21'!G41,'21'!G42,'21'!G55,'21'!G56) -> 6289.11 | K25: =SUM('21'!G43,'21'!G57) -> 2552.6 | L25: ='21'!G50 -> 1014.92 | M25: ='21'!G36 -> 759.4 | N25: ='21'!G72 -> 13 | O25: ='21'!$G$73 -> 1 | P25: ='21'!$G$74 -> 1.3 | Q25: ='21'!$G$75 -> 153.25 | R25: ='21'!$G$76 -> 69.45 | S25: ='21'!$G$77 -> 93 | T25: ='21'!$G$78 -> 126 | U25: ='21'!$G$79 -> 155 | V25: ='21'!$G$80 -> 421.72 | W25: ='21'!$G$81 -> 184.96 | X25: ='21'!$G$82 -> 26.45 | Y25: ='21'!$G$58 -> 222.89 | Z25: ='21'!$G$83 -> 206 | AA25: ='21'!G86 -> 22.16 | AB25: ='21'!G87 -> 34.8 | AC25: ='21'!G88 -> 103.37 | AD25: ='21'!G87+'21'!H90 -> 42.8 | AE25: ='21'!$G$62 -> 0 | AF25: ='21'!$G$63 -> 0 | AG25: ='21'!$G$64 -> 348.02 | AH25: ='21'!$G$65 -> 382.5 | AI25: ='21'!$G$66 -> 407.82 | AJ25: ='21'!$G$67 -> 501.44 | AK25: ='21'!$G$68 -> 0 | AL25: ='21'!$G$69 -> 284.55 | AM25: ='21'!$G$84 -> 697 | AN25: ='21'!$G$15 -> 926.72 | AO25: ='21'!$G$124 -> 269.23 | AP25: ='21'!$G$125 -> 0 | AQ25: ='21'!$G$126 -> 85.07 | AR25: ='21'!$G$127 -> 39.6 | AS25: ='21'!$G$128 -> 1.3 | AT25: =AN25-SUM(AO25:AS25) -> 531.52 | AU25: =SUM('21'!G140:G141) -> 9.46 | AV25: ='21'!$G$137 -> 10.07 | AW25: ='21'!$G$138 -> 0 | AX25: ='21'!$G$139 -> 0 | AY25: =SUM(AV25:AX25) -> 10.07 | BA25: =AO25-AT25 -> -262.29
A26: 44034 | B26: ='22'!G7 -> 21500 | C26: ='22'!G8 -> 21500 | D26: ='22'!G15 -> 700 | E26: ='22'!G20 -> -1659 | F26: =SUM('22'!G35,'22'!G49) -> -85805.62 | G26: =SUM('22'!G37,'22'!G51) -> -44973.77 | H26: =SUM('22'!G38,'22'!G52) -> -46569.16 | I26: =SUM('22'!G39,'22'!G53) -> -106711.96 | J26: =SUM('22'!G41,'22'!G42,'22'!G55,'22'!G56) -> -189822.9 | K26: =SUM('22'!G43,'22'!G57) -> -78806.2 | L26: ='22'!G50 -> -33905.68 | M26: ='22'!G36 -> -24458.25 | N26: ='22'!G72 -> -355 | O26: ='22'!$G$73 -> -39 | P26: ='22'!$G$74 -> -32.6 | Q26: ='22'!$G$75 -> -4454.58 | R26: ='22'!$G$76 -> -1974.76 | S26: ='22'!$G$77 -> -1781 | T26: ='22'!$G$78 -> -2826 | U26: ='22'!$G$79 -> -4504 | V26: ='22'!$G$80 -> -12200 | W26: ='22'!$G$81 -> -5287 | X26: ='22'!$G$82 -> -587.52 | Y26: ='22'!$G$58 -> -4887.25 | Z26: ='22'!$G$83 -> -7159 | AA26: ='22'!G86 -> -755.36 | AB26: ='22'!G87 -> -805.7 | AC26: ='22'!G88 -> -3254.83 | AD26: ='22'!G87+'22'!H90 -> -894 | AE26: ='22'!$G$62 -> 0 | AF26: ='22'!$G$63 -> 0 | AG26: ='22'!$G$64 -> -11140.23 | AH26: ='22'!$G$65 -> -11050.82 | AI26: ='22'!$G$66 -> -12007.22 | AJ26: ='22'!$G$67 -> -13536.11 | AK26: ='22'!$G$68 -> 0 | AL26: ='22'!$G$69 -> -7618.23 | AM26: ='22'!$G$84 -> -22943 | AN26: ='22'!$G$15 -> 700 | AO26: ='22'!$G$124 -> -7951.91 | AP26: ='22'!$G$125 -> 0 | AQ26: ='22'!$G$126 -> -2564.49 | AR26: ='22'!$G$127 -> -1086.9 | AS26: ='22'!$G$128 -> -103.4 | AT26: =AN26-SUM(AO26:AS26) -> 12406.7 | AU26: =SUM('22'!G140:G141) -> -288.92 | AV26: ='22'!$G$137 -> -184.25 | AW26: ='22'!$G$138 -> -17.27 | AX26: ='22'!$G$139 -> -19.87 | AY26: =SUM(AV26:AX26) -> -221.39 | BA26: =AO26-AT26 -> -20358.61
A27: 44035 | B27: ='23'!G7 -> 21500 | C27: ='23'!G8 -> 21500 | D27: ='23'!G15 -> 700 | E27: ='23'!G20 -> 101 | F27: =SUM('23'!G35,'23'!G49) -> 2677.49 | G27: =SUM('23'!G37,'23'!G51) -> 1414.34 | H27: =SUM('23'!G38,'23'!G52) -> 1354.22 | I27: =SUM('23'!G39,'23'!G53) -> 3432.96 | J27: =SUM('23'!G41,'23'!G42,'23'!G55,'23'!G56) -> 5831.95 | K27: =SUM('23'!G43,'23'!G57) -> 2742.6 | L27: ='23'!G50 -> 989.4 | M27: ='23'!G36 -> 662.31 | N27: ='23'!G72 -> 13 | O27: ='23'!G73 -> 2 | P27: ='23'!$G$74 -> 1 | Q27: ='23'!$G$75 -> 155 | R27: ='23'!$G$76 -> 68.2 | S27: ='23'!$G$77 -> 51 | T27: ='23'!$G$78 -> 66 | U27: ='23'!$G$79 -> 151 | V27: ='23'!$G$80 -> 391.32 | W27: ='23'!$G$81 -> 175.64 | X27: ='23'!$G$82 -> 12.72 | Y27: ='23'!$G$58 -> 82.04 | Z27: ='23'!$G$83 -> 138 | AA27: ='23'!$G$86 -> 25.48 | AB27: ='23'!G87 -> 32.9 | AC27: ='23'!G88 -> 81 | AD27: ='23'!G87+'23'!H90 -> -51.4 | AE27: ='23'!$G$62 -> -0.2 | AF27: ='23'!$G$63 -> 0 | AG27: ='23'!$G$64 -> 382.33 | AH27: ='23'!$G$65 -> 289.42 | AI27: ='23'!$G$66 -> 388.12 | AJ27: ='23'!$G$67 -> 421.67 | AK27: ='23'!$G$68 -> 0 | AL27: ='23'!$G$69 -> 260.8 | AM27: ='23'!$G$84 -> 782 | AN27: ='23'!$G$15 -> 700 | AO27: ='23'!$G$124 -> 283.38 | AP27: ='23'!$G$125 -> 0 | AQ27: ='23'!$G$126 -> 88.61 | AR27: ='23'!$G$127 -> 36.5 | AS27: ='23'!$G$128 -> 2.5 | AT27: =AN27-SUM(AO27:AS27) -> 289.01 | AU27: =SUM('23'!G140:G141) -> 10.82 | AV27: ='23'!$G$137 -> 1.94 | AW27: ='23'!$G$138 -> 0 | AX27: ='23'!$G$139 -> 0 | AY27: =SUM(AV27:AX27) -> 1.94 | BA27: =AO27-AT27 -> -5.63
A28: 44036 | B28: ='24'!G7 -> 21500 | C28: ='24'!G8 -> 21500 | D28: ='24'!G15 -> 700 | E28: ='24'!G20 -> 164 | F28: =SUM('24'!G35,'24'!G49) -> 2800.5 | G28: =SUM('24'!G37,'24'!G51) -> 1486.54 | H28: =SUM('24'!G38,'24'!G52) -> 1527.96 | I28: =SUM('24'!G39,'24'!G53) -> 3514.46 | J28: =SUM('24'!G41,'24'!G42,'24'!G55,'24'!G56) -> 6559.3 | K28: =SUM('24'!G43,'24'!G57) -> 2919.3 | L28: ='24'!G50 -> 1520.61 | M28: ='24'!G36 -> 1173.02 | N28: ='24'!G72 -> 14 | O28: ='24'!G73 -> 1 | P28: ='24'!$G$74 -> 0 | Q28: ='24'!$G$75 -> 157.7 | R28: ='24'!$G$76 -> 69.21 | S28: ='24'!$G$77 -> 45 | T28: ='24'!$G$78 -> 76 | U28: ='24'!$G$79 -> 168 | V28: ='24'!$G$80 -> 399.68 | W28: ='24'!$G$81 -> 185.36 | X28: ='24'!$G$82 -> 14.28 | Y28: ='24'!$G$58 -> 220.58 | Z28: ='24'!$G$83 -> 259 | AA28: ='24'!G86 -> 39.36 | AB28: ='24'!G87 -> 31 | AC28: ='24'!G88 -> 147 | AD28: ='24'!G87+'24'!H90 -> 35.3 | AE28: ='24'!$G$62 -> 0 | AF28: ='24'!$G$63 -> 0 | AG28: ='24'!$G$64 -> 404.41 | AH28: ='24'!$G$65 -> 316.81 | AI28: ='24'!$G$66 -> 407.35 | AJ28: ='24'!$G$67 -> 432.33 | AK28: ='24'!$G$68 -> 0 | AL28: ='24'!$G$69 -> 237.25 | AM28: ='24'!$G$84 -> 750 | AN28: ='24'!$G$15 -> 700 | AO28: ='24'!$G$124 -> 288.85 | AP28: ='24'!$G$125 -> -0.4 | AQ28: ='24'!$G$126 -> 73.58 | AR28: ='24'!$G$127 -> 34.8 | AS28: ='24'!$G$128 -> 2.9 | AT28: =AN28-SUM(AO28:AS28) -> 300.27 | AU28: =SUM('24'!G140:G141) -> 10.72 | AV28: ='24'!$G$137 -> -0.04 | AW28: ='24'!$G$138 -> 9.5 | AX28: ='24'!$G$139 -> 1.05 | AY28: =SUM(AV28:AX28) -> 10.51 | BA28: =AO28-AT28 -> -11.42
A29: 44037 | B29: ='25'!G7 -> 21500 | C29: ='25'!G8 -> 21500 | D29: ='25'!G15 -> 700 | E29: ='25'!G20 -> 170 | F29: =SUM('25'!G35,'25'!G49) -> 2719.01 | G29: =SUM('25'!G37,'25'!G51) -> 1517.87 | H29: =SUM('25'!G38,'25'!G52) -> 1537.07 | I29: =SUM('25'!G39,'25'!G53) -> 3655 | J29: =SUM('25'!G41,'25'!G42,'25'!G55,'25'!G56) -> 5087 | K29: =SUM('25'!G43,'25'!G57) -> 2649 | L29: ='25'!G50 -> 1032 | M29: ='25'!G36 -> 642 | N29: ='25'!G72 -> 12 | O29: ='25'!$G$73 -> 1 | P29: ='25'!$G$74 -> 0 | Q29: ='25'!$G$75 -> 149 | R29: ='25'!$G$76 -> 74 | S29: ='25'!$G$77 -> 54 | T29: ='25'!$G$78 -> 84 | U29: ='25'!$G$79 -> 140 | V29: ='25'!$G$80 -> 406 | W29: ='25'!$G$81 -> 118 | X29: ='25'!$G$82 -> 26 | Y29: ='25'!$G$58 -> 133 | Z29: ='25'!$G$83 -> 171 | AA29: ='25'!G86 -> 29 | AB29: ='25'!G87 -> 36 | AC29: ='25'!G88 -> 131 | AD29: ='25'!G87+'25'!H90 -> 40 | AE29: ='25'!$G$62 -> 0 | AF29: ='25'!$G$63 -> 0 | AG29: ='25'!$G$64 -> 412 | AH29: ='25'!$G$65 -> 399 | AI29: ='25'!$G$66 -> 418 | AJ29: ='25'!$G$67 -> 458 | AK29: ='25'!$G$68 -> 0 | AL29: ='25'!$G$69 -> 191 | AM29: ='25'!$G$84 -> 732 | AN29: ='25'!$G$15 -> 700 | AO29: ='25'!$G$124 -> 265 | AP29: ='25'!$G$125 -> 0 | AQ29: ='25'!$G$126 -> 70 | AR29: ='25'!$G$127 -> 39 | AS29: ='25'!$G$128 -> 0 | AT29: =AN29-SUM(AO29:AS29) -> 326 | AU29: =SUM('25'!G140:G141) -> 9.36 | AV29: ='25'!$G$137 -> 4.54 | AW29: ='25'!$G$138 -> -0.39 | AX29: ='25'!$G$139 -> 6.14 | AY29: =SUM(AV29:AX29) -> 10.29 | BA29: =AO29-AT29 -> -61
A30: 44038 | B30: ='26'!G7 -> 21500 | C30: ='26'!G8 -> 21500 | D30: ='26'!G15 -> 700 | E30: ='26'!G20 -> 215 | F30: =SUM('26'!G35,'26'!G49) -> 3029.87 | G30: =SUM('26'!G37,'26'!G51) -> 1521 | H30: =SUM('26'!G38,'26'!G52) -> 1787 | I30: =SUM('26'!G39,'26'!G53) -> 3678 | J30: =SUM('26'!G41,'26'!G42,'26'!G55,'26'!G56) -> 6949 | K30: =SUM('26'!G43,'26'!G57) -> 2958 | L30: ='26'!G50 -> 1133 | M30: ='26'!G36 -> 959 | N30: ='26'!G72 -> 11 | O30: ='26'!$G$73 -> 1 | P30: ='26'!$G$74 -> 0 | Q30: ='26'!$G$75 -> 185 | R30: ='26'!$G$76 -> 81 | S30: ='26'!$G$77 -> 60 | T30: ='26'!$G$78 -> 117 | U30: ='26'!$G$79 -> 150 | V30: ='26'!$G$80 -> 428 | W30: ='26'!$G$81 -> 157 | X30: ='26'!$G$82 -> 14 | Y30: ='26'!$G$58 -> 252 | Z30: ='26'!$G$83 -> 372 | AA30: ='26'!G86 -> 27 | AB30: ='26'!G87 -> 17 | AC30: ='26'!G88 -> 126 | AD30: ='26'!G87+'26'!H90 -> 18 | AE30: ='26'!$G$62 -> 0 | AF30: ='26'!$G$63 -> 0 | AG30: ='26'!$G$64 -> 321 | AH30: ='26'!$G$65 -> 438 | AI30: ='26'!$G$66 -> 448 | AJ30: ='26'!$G$67 -> 474 | AK30: ='26'!$G$68 -> 0 | AL30: ='26'!$G$69 -> 209 | AM30: ='26'!$G$84 -> 872 | AN30: ='26'!$G$15 -> 700 | AO30: ='26'!$G$124 -> 306 | AP30: ='26'!$G$125 -> 0.4 | AQ30: ='26'!$G$126 -> 103 | AR30: ='26'!$G$127 -> 37 | AS30: ='26'!$G$128 -> 9 | AT30: =AN30-SUM(AO30:AS30) -> 244.6 | AU30: =SUM('26'!G140:G141) -> 11.5 | AV30: ='26'!$G$137 -> 8.45 | AW30: ='26'!$G$138 -> 0 | AX30: ='26'!$G$139 -> 0 | AY30: =SUM(AV30:AX30) -> 8.45 | BA30: =AO30-AT30 -> 61.4
