Workbook

Sheet Total Daily 
A1: Site Name | B1: Day | C1: Month | D1: Year | E1: Total Electricity Kwh | F1: Electricity Tariff ($/Kwh) | G1: LPG (Kg) | H1: LPG $/Kg | I1: District Energy Cooling Kwh | J1: District Energy Cooling $/Kwh | K1: Water Utility Supply (m3) m3 | L1: Water Utility Supply (m3) m3 | M1: Water Utility Supply (m3) $/m3 | N1: Room Nights
A2: Dubai DIFC | B2: 1 | C2: 7 | D2: 2021 | E2: ='7 - 2021'!B8-'7 - 2021'!B7+'7 - 2021'!C8-'7 - 2021'!C7 -> 9670 | F2: 0.118 | G2: ='7 - 2021'!D8-'7 - 2021'!D7+'7 - 2021'!E8-'7 - 2021'!E7 -> 10.4 | H2: 0.99 | I2: ='7 - 2021'!J8-'7 - 2021'!J7 -> 30122 | J2: 0.081 | K2: ='7 - 2021'!H8-'7 - 2021'!H7 -> 0 | L2: ='7 - 2021'!I8-'7 - 2021'!I7 -> 109 | M2: 4.3936294 | N2: 43
A3: Dubai DIFC | B3: =B2+1 -> 2 | C3: 7 | D3: 2021 | E3: ='7 - 2021'!B9-'7 - 2021'!B8+'7 - 2021'!C9-'7 - 2021'!C8 -> 9803 | F3: 0.118 | G3: ='7 - 2021'!D9-'7 - 2021'!D8+'7 - 2021'!E9-'7 - 2021'!E8 -> 24.92 | H3: 0.99 | I3: ='7 - 2021'!J9-'7 - 2021'!J8 -> 31947 | J3: 0.081 | K3: ='7 - 2021'!H9-'7 - 2021'!H8 -> 0 | L3: ='7 - 2021'!I9-'7 - 2021'!I8 -> 105 | M3: 4.3936294 | N3: 44
A4: Dubai DIFC | B4: =B3+1 -> 3 | C4: 7 | D4: 2021 | E4: ='7 - 2021'!B10-'7 - 2021'!B9+'7 - 2021'!C10-'7 - 2021'!C9 -> 9249.95 | F4: 0.118 | G4: ='7 - 2021'!D10-'7 - 2021'!D9+'7 - 2021'!E10-'7 - 2021'!E9 -> 24.94 | H4: 0.99 | I4: ='7 - 2021'!J10-'7 - 2021'!J9 -> 34964 | J4: 0.081 | K4: ='7 - 2021'!H10-'7 - 2021'!H9 -> 0 | L4: ='7 - 2021'!I10-'7 - 2021'!I9 -> 93 | M4: 4.3936294 | N4: 44
A5: Dubai DIFC | B5: =B4+1 -> 4 | C5: 7 | D5: 2021 | E5: ='7 - 2021'!B11-'7 - 2021'!B10+'7 - 2021'!C11-'7 - 2021'!C10 -> 9574.97 | F5: 0.118 | G5: ='7 - 2021'!D11-'7 - 2021'!D10+'7 - 2021'!E11-'7 - 2021'!E10 -> 22.95 | H5: 0.99 | I5: ='7 - 2021'!J11-'7 - 2021'!J10 -> 40471 | J5: 0.081 | K5: ='7 - 2021'!H11-'7 - 2021'!H10 -> 0 | L5: ='7 - 2021'!I11-'7 - 2021'!I10 -> 106 | M5: 4.3936294 | N5: 43
A6: Dubai DIFC | B6: =B5+1 -> 5 | C6: 7 | D6: 2021 | E6: ='7 - 2021'!B12-'7 - 2021'!B11+'7 - 2021'!C12-'7 - 2021'!C11 -> 9486.38 | F6: 0.118 | G6: ='7 - 2021'!D12-'7 - 2021'!D11+'7 - 2021'!E12-'7 - 2021'!E11 -> 22.94 | H6: 0.99 | I6: ='7 - 2021'!J12-'7 - 2021'!J11 -> 36797 | J6: 0.081 | K6: ='7 - 2021'!H12-'7 - 2021'!H11 -> 0 | L6: ='7 - 2021'!I12-'7 - 2021'!I11 -> 107 | M6: 4.3936294 | N6: 36
A7: Dubai DIFC | B7: =B6+1 -> 6 | C7: 7 | D7: 2021 | E7: ='7 - 2021'!B13-'7 - 2021'!B12+'7 - 2021'!C13-'7 - 2021'!C12 -> 9222.2 | F7: 0.118 | G7: ='7 - 2021'!D13-'7 - 2021'!D12+'7 - 2021'!E13-'7 - 2021'!E12 -> 22.93 | H7: 0.99 | I7: ='7 - 2021'!J13-'7 - 2021'!J12 -> 37547 | J7: 0.081 | K7: ='7 - 2021'!H13-'7 - 2021'!H12 -> 0 | L7: ='7 - 2021'!I13-'7 - 2021'!I12 -> 93 | M7: 4.3936294 | N7: 38
A8: Dubai DIFC | B8: =B7+1 -> 7 | C8: 7 | D8: 2021 | E8: ='7 - 2021'!B14-'7 - 2021'!B13+'7 - 2021'!C14-'7 - 2021'!C13 -> 9149.52 | F8: 0.118 | G8: ='7 - 2021'!D14-'7 - 2021'!D13+'7 - 2021'!E14-'7 - 2021'!E13 -> 22.94 | H8: 0.99 | I8: ='7 - 2021'!J14-'7 - 2021'!J13 -> 35214 | J8: 0.081 | K8: ='7 - 2021'!H14-'7 - 2021'!H13 -> 0 | L8: ='7 - 2021'!I14-'7 - 2021'!I13 -> 95 | M8: 4.3936294 | N8: 38
A9: Dubai DIFC | B9: =B8+1 -> 8 | C9: 7 | D9: 2021 | E9: ='7 - 2021'!B15-'7 - 2021'!B14+'7 - 2021'!C15-'7 - 2021'!C14 -> 9407.38 | F9: 0.118 | G9: ='7 - 2021'!D15-'7 - 2021'!D14+'7 - 2021'!E15-'7 - 2021'!E14 -> 22.94 | H9: 0.99 | I9: ='7 - 2021'!J15-'7 - 2021'!J14 -> 37378 | J9: 0.081 | K9: ='7 - 2021'!H15-'7 - 2021'!H14 -> 0 | L9: ='7 - 2021'!I15-'7 - 2021'!I14 -> 98 | M9: 4.3936294 | N9: 48
A10: Dubai DIFC | B10: =B9+1 -> 9 | C10: 7 | D10: 2021 | E10: ='7 - 2021'!B16-'7 - 2021'!B15+'7 - 2021'!C16-'7 - 2021'!C15 -> 9531.1 | F10: 0.118 | G10: ='7 - 2021'!D16-'7 - 2021'!D15+'7 - 2021'!E16-'7 - 2021'!E15 -> 24.54 | H10: 0.99 | I10: ='7 - 2021'!J16-'7 - 2021'!J15 -> 34947 | J10: 0.081 | K10: ='7 - 2021'!H16-'7 - 2021'!H15 -> 0 | L10: ='7 - 2021'!I16-'7 - 2021'!I15 -> 102 | M10: 4.3936294 | N10: 35
A11: Dubai DIFC | B11: =B10+1 -> 10 | C11: 7 | D11: 2021 | E11: ='7 - 2021'!B17-'7 - 2021'!B16+'7 - 2021'!C17-'7 - 2021'!C16 -> 8946.3 | F11: 0.118 | G11: ='7 - 2021'!D17-'7 - 2021'!D16+'7 - 2021'!E17-'7 - 2021'!E16 -> 22.94 | H11: 0.99 | I11: ='7 - 2021'!J17-'7 - 2021'!J16 -> 36053 | J11: 0.081 | K11: ='7 - 2021'!H17-'7 - 2021'!H16 -> 0 | L11: ='7 - 2021'!I17-'7 - 2021'!I16 -> 75 | M11: 4.3936294 | N11: 25
A12: Dubai DIFC | B12: =B11+1 -> 11 | C12: 7 | D12: 2021 | E12: ='7 - 2021'!B18-'7 - 2021'!B17+'7 - 2021'!C18-'7 - 2021'!C17 -> 9562.7 | F12: 0.118 | G12: ='7 - 2021'!D18-'7 - 2021'!D17+'7 - 2021'!E18-'7 - 2021'!E17 -> 24.93 | H12: 0.99 | I12: ='7 - 2021'!J18-'7 - 2021'!J17 -> 34104 | J12: 0.081 | K12: ='7 - 2021'!H18-'7 - 2021'!H17 -> 0 | L12: ='7 - 2021'!I18-'7 - 2021'!I17 -> 103 | M12: 4.3936294 | N12: 33
A13: Dubai DIFC | B13: =B12+1 -> 12 | C13: 7 | D13: 2021 | E13: ='7 - 2021'!B19-'7 - 2021'!B18+'7 - 2021'!C19-'7 - 2021'!C18 -> 9769.8 | F13: 0.118 | G13: ='7 - 2021'!D19-'7 - 2021'!D18+'7 - 2021'!E19-'7 - 2021'!E18 -> 22.95 | H13: 0.99 | I13: ='7 - 2021'!J19-'7 - 2021'!J18 -> 34240 | J13: 0.081 | K13: ='7 - 2021'!H19-'7 - 2021'!H18 -> 0 | L13: ='7 - 2021'!I19-'7 - 2021'!I18 -> 93 | M13: 4.3936294 | N13: 25
A14: Dubai DIFC | B14: =B13+1 -> 13 | C14: 7 | D14: 2021 | E14: ='7 - 2021'!B20-'7 - 2021'!B19+'7 - 2021'!C20-'7 - 2021'!C19 -> 8699.5 | F14: 0.118 | G14: ='7 - 2021'!D20-'7 - 2021'!D19+'7 - 2021'!E20-'7 - 2021'!E19 -> 24.95 | H14: 0.99 | I14: ='7 - 2021'!J20-'7 - 2021'!J19 -> 37700 | J14: 0.081 | K14: ='7 - 2021'!H20-'7 - 2021'!H19 -> 0 | L14: ='7 - 2021'!I20-'7 - 2021'!I19 -> 94 | M14: 4.3936294 | N14: 29
... A27: Dubai DIFC | B27: =B26+1 -> 26 | C27: 7 | D27: 2021 | E27: ='7 - 2021'!B33-'7 - 2021'!B32+'7 - 2021'!C33-'7 - 2021'!C32 -> 9224 | F27: 0.118 | G27: ='7 - 2021'!D33-'7 - 2021'!D32+'7 - 2021'!E33-'7 - 2021'!E32 -> 24.95 | H27: 0.99 | I27: ='7 - 2021'!J33-'7 - 2021'!J32 -> 35652 | J27: 0.081 | K27: ='7 - 2021'!H33-'7 - 2021'!H32 -> 0 | L27: ='7 - 2021'!I33-'7 - 2021'!I32 -> 81 | M27: 4.3936294 | N27: 28
A28: Dubai DIFC | B28: =B27+1 -> 27 | C28: 7 | D28: 2021 | E28: 0 | F28: 0.118 | G28: 0 | H28: 0.99 | I28: 0 | J28: 0.081 | K28: 0 | L28: 0 | M28: 4.3936294
A29: Dubai DIFC | B29: =B28+1 -> 28 | C29: 7 | D29: 2021 | E29: ='7 - 2021'!B35-'7 - 2021'!B34+'7 - 2021'!C35-'7 - 2021'!C34 -> 0 | F29: 0.118 | G29: ='7 - 2021'!D35-'7 - 2021'!D34+'7 - 2021'!E35-'7 - 2021'!E34 -> 0 | H29: 0.99 | I29: ='7 - 2021'!J35-'7 - 2021'!J34 -> 0 | J29: 0.081 | K29: ='7 - 2021'!H35-'7 - 2021'!H34 -> 0 | L29: ='7 - 2021'!I35-'7 - 2021'!I34 -> 0 | M29: 4.3936294
A30: Dubai DIFC | B30: =B29+1 -> 29 | C30: 7 | D30: 2021 | E30: ='7 - 2021'!B36-'7 - 2021'!B35+'7 - 2021'!C36-'7 - 2021'!C35 -> 0 | F30: 0.118 | G30: ='7 - 2021'!D36-'7 - 2021'!D35+'7 - 2021'!E36-'7 - 2021'!E35 -> 0 | H30: 0.99 | I30: ='7 - 2021'!J36-'7 - 2021'!J35 -> 0 | J30: 0.081 | K30: ='7 - 2021'!H36-'7 - 2021'!H35 -> 0 | L30: ='7 - 2021'!I36-'7 - 2021'!I35 -> 0 | M30: 4.3936294
A31: Dubai DIFC | B31: =B30+1 -> 30 | C31: 7 | D31: 2021 | E31: ='7 - 2021'!B37-'7 - 2021'!B36+'7 - 2021'!C37-'7 - 2021'!C36 -> 0 | F31: 0.118 | G31: ='7 - 2021'!D37-'7 - 2021'!D36+'7 - 2021'!E37-'7 - 2021'!E36 -> 0 | H31: 0.99 | I31: ='7 - 2021'!J37-'7 - 2021'!J36 -> 0 | J31: 0.081 | K31: ='7 - 2021'!H37-'7 - 2021'!H36 -> 0 | L31: ='7 - 2021'!I37-'7 - 2021'!I36 -> 0 | M31: 4.3936294
A32: Dubai DIFC | B32: =B31+1 -> 31 | C32: 7 | D32: 2021 | E32: ='7 - 2021'!B38-'7 - 2021'!B37+'7 - 2021'!C38-'7 - 2021'!C37 -> 0 | F32: 0.118 | G32: ='7 - 2021'!D38-'7 - 2021'!D37+'7 - 2021'!E38-'7 - 2021'!E37 -> 0 | H32: 0.99 | I32: ='7 - 2021'!J38-'7 - 2021'!J37 -> 0 | J32: 0.081 | K32: ='7 - 2021'!H38-'7 - 2021'!H37 -> 0 | L32: ='7 - 2021'!I38-'7 - 2021'!I37 -> 0 | M32: 4.3936294

Sheet Submetering Daily 
A1: Site Name | B1: Day | C1: Month | D1: Year | E1: Panel LV1 Kwh | F1: Panel LV2 Kwh | G1: Electricity Tariff ($/Kwh) | H1: Main Kitchen LPG (Kg) | I1: Podium Kitchen LPG (Kg) | J1: Boiler LPG (Kg) | K1: LPG $/Kg | L1: Room Nights
A2: Dubai DIFC | B2: 1 | C2: 7 | D2: 2021 | E2: ='7 - 2021'!B8-'7 - 2021'!B7 -> 3590 | F2: ='7 - 2021'!C8-'7 - 2021'!C7 -> 6080 | G2: 0.118 | H2: ='7 - 2021'!E8-'7 - 2021'!E7 -> 10.5 | I2: ='7 - 2021'!F8-'7 - 2021'!F7 -> 7.43 | J2: ='7 - 2021'!G8-'7 - 2021'!G7 -> 27.12 | K2: 0.74 | L2: 43
A3: Dubai DIFC | B3: =B2+1 -> 2 | C3: 7 | D3: 2021 | E3: ='7 - 2021'!B9-'7 - 2021'!B8 -> 3687 | F3: ='7 - 2021'!C9-'7 - 2021'!C8 -> 6116 | G3: 0.118 | H3: ='7 - 2021'!E9-'7 - 2021'!E8 -> 25 | I3: ='7 - 2021'!F9-'7 - 2021'!F8 -> 8 | J3: ='7 - 2021'!G9-'7 - 2021'!G8 -> 29.98 | K3: 0.74 | L3: 44
A4: Dubai DIFC | B4: =B3+1 -> 3 | C4: 7 | D4: 2021 | E4: ='7 - 2021'!B10-'7 - 2021'!B9 -> 3556 | F4: ='7 - 2021'!C10-'7 - 2021'!C9 -> 5693.95 | G4: 0.118 | H4: ='7 - 2021'!E10-'7 - 2021'!E9 -> 25 | I4: ='7 - 2021'!F10-'7 - 2021'!F9 -> 8 | J4: ='7 - 2021'!G10-'7 - 2021'!G9 -> 27.29 | K4: 0.74 | L4: 44
A5: Dubai DIFC | B5: =B4+1 -> 4 | C5: 7 | D5: 2021 | E5: ='7 - 2021'!B11-'7 - 2021'!B10 -> 3624 | F5: ='7 - 2021'!C11-'7 - 2021'!C10 -> 5950.97 | G5: 0.118 | H5: ='7 - 2021'!E11-'7 - 2021'!E10 -> 23 | I5: ='7 - 2021'!F11-'7 - 2021'!F10 -> 7 | J5: ='7 - 2021'!G11-'7 - 2021'!G10 -> 26.25 | K5: 0.74 | L5: 43
A6: Dubai DIFC | B6: =B5+1 -> 5 | C6: 7 | D6: 2021 | E6: ='7 - 2021'!B12-'7 - 2021'!B11 -> 3541 | F6: ='7 - 2021'!C12-'7 - 2021'!C11 -> 5945.38 | G6: 0.118 | H6: ='7 - 2021'!E12-'7 - 2021'!E11 -> 23 | I6: ='7 - 2021'!F12-'7 - 2021'!F11 -> 7 | J6: ='7 - 2021'!G12-'7 - 2021'!G11 -> 26.48 | K6: 0.74 | L6: 36
A7: Dubai DIFC | B7: =B6+1 -> 6 | C7: 7 | D7: 2021 | E7: ='7 - 2021'!B13-'7 - 2021'!B12 -> 3468 | F7: ='7 - 2021'!C13-'7 - 2021'!C12 -> 5754.2 | G7: 0.118 | H7: ='7 - 2021'!E13-'7 - 2021'!E12 -> 23 | I7: ='7 - 2021'!F13-'7 - 2021'!F12 -> 8 | J7: ='7 - 2021'!G13-'7 - 2021'!G12 -> 23.15 | K7: 0.74 | L7: 38
A8: Dubai DIFC | B8: =B7+1 -> 7 | C8: 7 | D8: 2021 | E8: ='7 - 2021'!B14-'7 - 2021'!B13 -> 3527 | F8: ='7 - 2021'!C14-'7 - 2021'!C13 -> 5622.52 | G8: 0.118 | H8: ='7 - 2021'!E14-'7 - 2021'!E13 -> 23 | I8: ='7 - 2021'!F14-'7 - 2021'!F13 -> 8 | J8: ='7 - 2021'!G14-'7 - 2021'!G13 -> 23.45 | K8: 0.74 | L8: 38
A9: Dubai DIFC | B9: =B8+1 -> 8 | C9: 7 | D9: 2021 | E9: ='7 - 2021'!B15-'7 - 2021'!B14 -> 3513 | F9: ='7 - 2021'!C15-'7 - 2021'!C14 -> 5894.38 | G9: 0.118 | H9: ='7 - 2021'!E15-'7 - 2021'!E14 -> 23 | I9: ='7 - 2021'!F15-'7 - 2021'!F14 -> 7 | J9: ='7 - 2021'!G15-'7 - 2021'!G14 -> 24.59 | K9: 0.74 | L9: 48
A10: Dubai DIFC | B10: =B9+1 -> 9 | C10: 7 | D10: 2021 | E10: ='7 - 2021'!B16-'7 - 2021'!B15 -> 3515 | F10: ='7 - 2021'!C16-'7 - 2021'!C15 -> 6016.1 | G10: 0.118 | H10: ='7 - 2021'!E16-'7 - 2021'!E15 -> 24 | I10: ='7 - 2021'!F16-'7 - 2021'!F15 -> 7 | J10: ='7 - 2021'!G16-'7 - 2021'!G15 -> 26.05 | K10: 0.74 | L10: 35
A11: Dubai DIFC | B11: =B10+1 -> 10 | C11: 7 | D11: 2021 | E11: ='7 - 2021'!B17-'7 - 2021'!B16 -> 3179 | F11: ='7 - 2021'!C17-'7 - 2021'!C16 -> 5767.3 | G11: 0.118 | H11: ='7 - 2021'!E17-'7 - 2021'!E16 -> 23 | I11: ='7 - 2021'!F17-'7 - 2021'!F16 -> 7 | J11: ='7 - 2021'!G17-'7 - 2021'!G16 -> 25.7 | K11: 0.74 | L11: 25
A12: Dubai DIFC | B12: =B11+1 -> 11 | C12: 7 | D12: 2021 | E12: ='7 - 2021'!B18-'7 - 2021'!B17 -> 3529 | F12: ='7 - 2021'!C18-'7 - 2021'!C17 -> 6033.7 | G12: 0.118 | H12: ='7 - 2021'!E18-'7 - 2021'!E17 -> 25 | I12: ='7 - 2021'!F18-'7 - 2021'!F17 -> 7 | J12: ='7 - 2021'!G18-'7 - 2021'!G17 -> 26.1 | K12: 0.74 | L12: 33
A13: Dubai DIFC | B13: =B12+1 -> 12 | C13: 7 | D13: 2021 | E13: ='7 - 2021'!B19-'7 - 2021'!B18 -> 3619 | F13: ='7 - 2021'!C19-'7 - 2021'!C18 -> 6150.8 | G13: 0.118 | H13: ='7 - 2021'!E19-'7 - 2021'!E18 -> 23 | I13: ='7 - 2021'!F19-'7 - 2021'!F18 -> 7 | J13: ='7 - 2021'!G19-'7 - 2021'!G18 -> 26.86 | K13: 0.74 | L13: 25
A14: Dubai DIFC | B14: =B13+1 -> 13 | C14: 7 | D14: 2021 | E14: ='7 - 2021'!B20-'7 - 2021'!B19 -> 3150 | F14: ='7 - 2021'!C20-'7 - 2021'!C19 -> 5549.5 | G14: 0.118 | H14: ='7 - 2021'!E20-'7 - 2021'!E19 -> 25 | I14: ='7 - 2021'!F20-'7 - 2021'!F19 -> 7 | J14: ='7 - 2021'!G20-'7 - 2021'!G19 -> 24.27 | K14: 0.74 | L14: 29
... A27: Dubai DIFC | B27: =B26+1 -> 26 | C27: 7 | D27: 2021 | E27: ='7 - 2021'!B33-'7 - 2021'!B32 -> 3562 | F27: ='7 - 2021'!C33-'7 - 2021'!C32 -> 5662 | G27: 0.118 | H27: ='7 - 2021'!E33-'7 - 2021'!E32 -> 25 | I27: ='7 - 2021'!F33-'7 - 2021'!F32 -> 8 | J27: ='7 - 2021'!G33-'7 - 2021'!G32 -> 25.49 | K27: 0.74 | L27: 28
A28: Dubai DIFC | B28: =B27+1 -> 27 | C28: 7 | D28: 2021 | E28: 0 | F28: 0 | G28: 0.118 | H28: 0 | I28: 0 | J28: 0 | K28: 0.74
A29: Dubai DIFC | B29: =B28+1 -> 28 | C29: 7 | D29: 2021 | E29: ='7 - 2021'!B35-'7 - 2021'!B34 -> 0 | F29: ='7 - 2021'!C35-'7 - 2021'!C34 -> 0 | G29: 0.118 | H29: ='7 - 2021'!E35-'7 - 2021'!E34 -> 0 | I29: ='7 - 2021'!F35-'7 - 2021'!F34 -> 0 | J29: ='7 - 2021'!G35-'7 - 2021'!G34 -> 0 | K29: 0.74
A30: Dubai DIFC | B30: =B29+1 -> 29 | C30: 7 | D30: 2021 | E30: ='7 - 2021'!B36-'7 - 2021'!B35 -> 0 | F30: ='7 - 2021'!C36-'7 - 2021'!C35 -> 0 | G30: 0.118 | H30: ='7 - 2021'!E36-'7 - 2021'!E35 -> 0 | I30: ='7 - 2021'!F36-'7 - 2021'!F35 -> 0 | J30: ='7 - 2021'!G36-'7 - 2021'!G35 -> 0 | K30: 0.74
A31: Dubai DIFC | B31: =B30+1 -> 30 | C31: 7 | D31: 2021 | E31: ='7 - 2021'!B37-'7 - 2021'!B36 -> 0 | F31: ='7 - 2021'!C37-'7 - 2021'!C36 -> 0 | G31: 0.118 | H31: ='7 - 2021'!E37-'7 - 2021'!E36 -> 0 | I31: ='7 - 2021'!F37-'7 - 2021'!F36 -> 0 | J31: ='7 - 2021'!G37-'7 - 2021'!G36 -> 0 | K31: 0.74
A32: Dubai DIFC | B32: =B31+1 -> 31 | C32: 7 | D32: 2021 | E32: ='7 - 2021'!B38-'7 - 2021'!B37 -> 0 | F32: ='7 - 2021'!C38-'7 - 2021'!C37 -> 0 | G32: 0.118 | H32: ='7 - 2021'!E38-'7 - 2021'!E37 -> 0 | I32: ='7 - 2021'!F38-'7 - 2021'!F37 -> 0 | J32: ='7 - 2021'!G38-'7 - 2021'!G37 -> 0 | K32: 0.74

Sheet 7 - 2021
A3: FOUR SEASONS HOTEL - DIFC
A4: HLP READING MONTH OF JULY' 2021
B5: Electricity | D5: LPG (cu.m) | H5: Water (cu.m) | J5: BTU
A6: Date | B6: LV-01, 2025952759 | C6: LV-2, 2030235407 | D6: Main Meter % | E6: Main Kitchen | F6: Podium Kitchen | G6: Boiler | H6: B-3 Water Meter (DIFC) | I6: MainWater Meter (DEWA) | J6: Chilled Water (KWH) | K6: Gas Received (Litres) | L6: Remark
A7: 44377 | B7: 826409 | C7: 984997 | D7: 0.78 | E7: 2074.04 | F7: 3748.56 | G7: 30848.26 | H7: 14528 | I7: 123652 | J7: 47602896
A8: =A7+1 -> 44378 | B8: 829999 | C8: 991077 | D8: 0.68 | E8: 2084.54 | F8: 3755.99 | G8: 30875.38 | H8: 14528 | I8: 123761 | J8: 47633018
A9: =A8+1 -> 44379 | B9: 833686 | C9: 997193 | D9: 0.6 | E9: =E8+25 -> 2109.54 | F9: =F8+8 -> 3763.99 | G9: 30905.36 | H9: 14528 | I9: 123866 | J9: 47664965 | L9: We had issue with Kitchen & Podium Gas Meter
A10: =A9+1 -> 44380 | B10: 837242 | C10: 1002886.9 | D10: 0.54 | E10: =E9+25 -> 2134.54 | F10: =F9+8 -> 3771.99 | G10: 30932.65 | H10: 14528 | I10: 123959 | J10: 47699929
A11: =A10+1 -> 44381 | B11: 840866 | C11: 1008837.9 | D11: 0.49 | E11: =E10+23 -> 2157.54 | F11: =F10+7 -> 3778.99 | G11: 30958.9 | H11: 14528 | I11: 124065 | J11: 47740400
A12: =A11+1 -> 44382 | B12: 844407 | C12: 1014783.3 | D12: 0.43 | E12: =E11+23 -> 2180.54 | F12: =F11+7 -> 3785.99 | G12: 30985.38 | H12: 14528 | I12: 124172 | J12: 47777197
A13: =A12+1 -> 44383 | B13: 847875 | C13: 1020537.5 | D13: 0.36 | E13: =E12+23 -> 2203.54 | F13: =F12+8 -> 3793.99 | G13: 31008.53 | H13: 14528 | I13: 124265 | J13: 47814744
A14: =A13+1 -> 44384 | B14: 851402 | C14: 1026160 | D14: 0.3 | E14: =E13+23 -> 2226.54 | F14: =F13+8 -> 3801.99 | G14: 31031.98 | H14: 14528 | I14: 124360 | J14: 47849958
A15: =A14+1 -> 44385 | B15: 854915 | C15: 1032054.4 | D15: 0.24 | E15: =E14+23 -> 2249.54 | F15: =F14+7 -> 3808.99 | G15: 31056.57 | H15: 14528 | I15: 124458 | J15: 47887336
A16: =A15+1 -> 44386 | B16: 858430 | C16: 1038070.5 | D16: 0.78 | E16: =E15+24 -> 2273.54 | F16: =F15+7 -> 3815.99 | G16: 31082.62 | H16: 14528 | I16: 124560 | J16: 47922283
A17: =A16+1 -> 44387 | B17: 861609 | C17: 1043837.8 | D17: 0.72 | E17: =E16+23 -> 2296.54 | F17: =F16+7 -> 3822.99 | G17: 31108.32 | H17: 14528 | I17: 124635 | J17: 47958336
A18: =A17+1 -> 44388 | B18: 865138 | C18: 1049871.5 | D18: 0.65 | E18: =E17+25 -> 2321.54 | F18: =F17+7 -> 3829.99 | G18: 31134.42 | H18: 14528 | I18: 124738 | J18: 47992440
A19: =A18+1 -> 44389 | B19: 868757 | C19: 1056022.3 | D19: 0.6 | E19: =E18+23 -> 2344.54 | F19: =F18+7 -> 3836.99 | G19: 31161.28 | H19: 14528 | I19: 124831 | J19: 48026680
A20: =A19+1 -> 44390 | B20: 871907 | C20: 1061571.8 | D20: 0.55 | E20: =E19+25 -> 2369.54 | F20: =F19+7 -> 3843.99 | G20: 31185.55 | H20: 14528 | I20: 124925 | J20: 48064380
A21: =A20+1 -> 44391 | B21: 875207 | C21: 1067419.4 | D21: 0.48 | E21: =E20+25 -> 2394.54 | F21: =F20+8 -> 3851.99 | G21: 31212.1 | H21: 14528 | I21: 125020 | J21: 48102239
A22: =A21+1 -> 44392 | B22: 878604 | C22: 1073247.7 | D22: 0.4 | E22: =E21+25 -> 2419.54 | F22: =F21+8 -> 3859.99 | G22: 31238.5 | H22: 14528 | I22: 125120 | J22: 48141489
A23: =A22+1 -> 44393 | B23: 882123 | C23: 1079166.7 | D23: 0.75 | E23: =E22+25 -> 2444.54 | F23: =F22+8 -> 3867.99 | G23: 31260.41 | H23: 14528 | I23: 125216 | J23: 48176581
A24: =A23+1 -> 44394 | B24: 885508 | C24: 1084966.3 | D24: 0.69 | E24: =E23+25 -> 2469.54 | F24: =F23+8 -> 3875.99 | G24: 31283.78 | H24: 14528 | I24: 125305 | J24: 48210944
A25: =A24+1 -> 44395 | B25: 889055 | C25: 1090907.7 | D25: 0.64 | E25: =E24+25 -> 2494.54 | F25: =F24+8 -> 3883.99 | G25: 31307.64 | H25: 14528 | I25: 125390 | J25: 48247884
A26: =A25+1 -> 44396 | B26: 892520 | C26: 1096509.2 | D26: 0.58 | E26: =E25+25 -> 2519.54 | F26: =F25+8 -> 3891.99 | G26: 31328.78 | H26: 14528 | I26: 125470 | J26: 48289472
A27: =A26+1 -> 44397 | B27: 895918 | C27: 1102153 | D27: 0.53 | E27: =E26+25 -> 2544.54 | F27: =F26+8 -> 3899.99 | G27: 31351.38 | H27: 14528 | I27: 125555 | J27: 48317636
A28: =A27+1 -> 44398 | B28: 899400 | C28: 1107850 | D28: 0.46 | E28: =E27+25 -> 2569.54 | F28: =F27+8 -> 3907.99 | G28: 31375.12 | H28: 14528 | I28: 125641 | J28: 48354905
A29: =A28+1 -> 44399 | B29: 902953 | C29: 1113756 | D29: 0.4 | E29: =E28+25 -> 2594.54 | F29: =F28+8 -> 3915.99 | G29: 31400.91 | H29: 14528 | I29: 125725 | J29: 48391977
A30: =A29+1 -> 44400 | B30: 906640 | C30: 1119400 | D30: 0.34 | E30: =E29+25 -> 2619.54 | F30: =F29+8 -> 3923.99 | G30: 31429.52 | H30: 14528 | I30: 125820 | J30: 48426400
A31: =A30+1 -> 44401 | B31: 910084 | C31: 1125104 | D31: 0.28 | E31: =E30+25 -> 2644.54 | F31: =F30+8 -> 3931.99 | G31: 31453.01 | H31: 14528 | I31: 125905 | J31: 48459790
A32: =A31+1 -> 44402 | B32: 913727 | C32: 1130947 | D32: 0.85 | E32: =E31+25 -> 2669.54 | F32: =F31+8 -> 3939.99 | G32: 31477.19 | H32: 14528 | I32: 125996 | J32: 48495288
A33: =A32+1 -> 44403 | B33: 917289 | C33: 1136609 | D33: 0.8 | E33: =E32+25 -> 2694.54 | F33: =F32+8 -> 3947.99 | G33: 31502.68 | H33: 14528 | I33: 126077 | J33: 48530940
A34: =A33+1 -> 44404
A35: =A34+1 -> 44405
A36: =A35+1 -> 44406
A37: =A36+1 -> 44407
A38: =A37+1 -> 44408
A39: Readings | B39: =B38-B7 -> -826409 | C39: =C38-C7 -> -984997 | D39: =D38-D7 -> -0.78 | E39: =E38-E7 -> -2074.04 | F39: =F38-F7 -> -3748.56 | G39: =G38-G7 -> -30848.26 | H39: =H38-H7 -> -14528 | I39: =I38-I7 -> -123652 | J39: =J38-J7 -> -47602896 | K39: =SUM(K7:K38) -> 0
H40: =H39*219.969 -> -3195709.6 | I40: =I39*219.969 -> -27199607
