Workbook

Sheet TOTAL
A1: Site Name | B1: Day | C1: Month | D1: Year | E1: Total Electricity Kwh | F1: Electricity Tariff ($/Kwh) | G1: Natual Gas (m3) | H1: Natural Gas $/m3 | I1: Water Utility Supply (m3) m3 | J1: Water Utility Supply (m3) $/m3 | K1: District Energy Heating Kwh | L1: District Energy Heating $/Kwh | M1: Room Nights | N1: Total Guests
A2: Seattle | B2: 1 | C2: 7 | D2: 2021 | E2: ='Submetering '!E3+'Submetering '!F3+'Submetering '!G3+'Submetering '!H3+'Submetering '!I3+'Submetering '!J3+'Submetering '!K3+'Submetering '!L3 -> 0 | F2: 0.18 | G2: =('Submetering '!M3)*2.8 -> 0 | H2: 0.21 | I2: =('Submetering '!N3+'Submetering '!O3)*2.83 -> 2.8583 | J2: 7.58 | K2: =('Submetering '!P3+'Submetering '!Q3)*346.26 -> 6.9252 | L2: 0.1
A3: Seattle | B3: =B2+1 -> 2 | C3: 7 | D3: 2021 | E3: ='Submetering '!E4+'Submetering '!F4+'Submetering '!G4+'Submetering '!H4+'Submetering '!I4+'Submetering '!J4+'Submetering '!K4+'Submetering '!L4 -> 160 | F3: 0.18 | G3: =('Submetering '!M4)*2.8 -> 686 | H3: 0.21 | I3: =('Submetering '!N4+'Submetering '!O4)*2.83 -> 120.6146 | J3: 7.58 | K3: =('Submetering '!P4+'Submetering '!Q4)*346.26 -> 5554.0104 | L3: 0.1
A4: Seattle | B4: =B3+1 -> 3 | C4: 7 | D4: 2021 | E4: ='Submetering '!E5+'Submetering '!F5+'Submetering '!G5+'Submetering '!H5+'Submetering '!I5+'Submetering '!J5+'Submetering '!K5+'Submetering '!L5 -> 219 | F4: 0.18 | G4: =('Submetering '!M5)*2.8 -> 854 | H4: 0.21 | I4: =('Submetering '!N5+'Submetering '!O5)*2.83 -> 230.3337 | J4: 7.58 | K4: =('Submetering '!P5+'Submetering '!Q5)*346.26 -> 7659.2712 | L4: 0.1
A5: Seattle | B5: =B4+1 -> 4 | C5: 7 | D5: 2021 | E5: ='Submetering '!E6+'Submetering '!F6+'Submetering '!G6+'Submetering '!H6+'Submetering '!I6+'Submetering '!J6+'Submetering '!K6+'Submetering '!L6 -> 254 | F5: 0.18 | G5: =('Submetering '!M6)*2.8 -> 1290.8 | H5: 0.21 | I5: =('Submetering '!N6+'Submetering '!O6)*2.83 -> 138.6417 | J5: 7.58 | K5: =('Submetering '!P6+'Submetering '!Q6)*346.26 -> 9342.0948 | L5: 0.1
A6: Seattle | B6: =B5+1 -> 5 | C6: 7 | D6: 2021 | E6: ='Submetering '!E7+'Submetering '!F7+'Submetering '!G7+'Submetering '!H7+'Submetering '!I7+'Submetering '!J7+'Submetering '!K7+'Submetering '!L7 -> 242 | F6: 0.18 | G6: =('Submetering '!M7)*2.8 -> 644 | H6: 0.21 | I6: =('Submetering '!N7+'Submetering '!O7)*2.83 -> 127.7462 | J6: 7.58 | K6: =('Submetering '!P7+'Submetering '!Q7)*346.26 -> 9688.3548 | L6: 0.1
A7: Seattle | B7: =B6+1 -> 6 | C7: 7 | D7: 2021 | E7: ='Submetering '!E8+'Submetering '!F8+'Submetering '!G8+'Submetering '!H8+'Submetering '!I8+'Submetering '!J8+'Submetering '!K8+'Submetering '!L8 -> 223 | F7: 0.18 | G7: =('Submetering '!M8)*2.8 -> 921.2 | H7: 0.21 | I7: =('Submetering '!N8+'Submetering '!O8)*2.83 -> 144.6413 | J7: 7.58 | K7: =('Submetering '!P8+'Submetering '!Q8)*346.26 -> 8040.1572 | L7: 0.1
A8: Seattle | B8: =B7+1 -> 7 | C8: 7 | D8: 2021 | E8: ='Submetering '!E9+'Submetering '!F9+'Submetering '!G9+'Submetering '!H9+'Submetering '!I9+'Submetering '!J9+'Submetering '!K9+'Submetering '!L9 -> 215 | F8: 0.18 | G8: =('Submetering '!M9)*2.8 -> 873.6 | H8: 0.21 | I8: =('Submetering '!N9+'Submetering '!O9)*2.83 -> 130.4913 | J8: 7.58 | K8: =('Submetering '!P9+'Submetering '!Q9)*346.26 -> 9030.4608 | L8: 0.1
A9: Seattle | B9: =B8+1 -> 8 | C9: 7 | D9: 2021 | E9: ='Submetering '!E10+'Submetering '!F10+'Submetering '!G10+'Submetering '!H10+'Submetering '!I10+'Submetering '!J10+'Submetering '!K10+'Submetering '!L10 -> 212 | F9: 0.18 | G9: =('Submetering '!M10)*2.8 -> 868 | H9: 0.21 | I9: =('Submetering '!N10+'Submetering '!O10)*2.83 -> 148.7731 | J9: 7.58 | K9: =('Submetering '!P10+'Submetering '!Q10)*346.26 -> 17261.061 | L9: 0.1
A10: Seattle | B10: =B9+1 -> 9 | C10: 7 | D10: 2021 | E10: ='Submetering '!E11+'Submetering '!F11+'Submetering '!G11+'Submetering '!H11+'Submetering '!I11+'Submetering '!J11+'Submetering '!K11+'Submetering '!L11 -> 159 | F10: 0.18 | G10: =('Submetering '!M11)*2.8 -> 719.6 | H10: 0.21 | I10: =('Submetering '!N11+'Submetering '!O11)*2.83 -> 160.0931 | J10: 7.58 | K10: =('Submetering '!P11+'Submetering '!Q11)*346.26 -> -2122.5738 | L10: 0.1
A11: Seattle | B11: =B10+1 -> 10 | C11: 7 | D11: 2021 | E11: ='Submetering '!E12+'Submetering '!F12+'Submetering '!G12+'Submetering '!H12+'Submetering '!I12+'Submetering '!J12+'Submetering '!K12+'Submetering '!L12 -> 225 | F11: 0.18 | G11: =('Submetering '!M12)*2.8 -> 977.2 | H11: 0.21 | I11: =('Submetering '!N12+'Submetering '!O12)*2.83 -> 176.026 | J11: 7.58 | K11: =('Submetering '!P12+'Submetering '!Q12)*346.26 -> 8961.2088 | L11: 0.1
A12: Seattle | B12: =B11+1 -> 11 | C12: 7 | D12: 2021 | E12: ='Submetering '!E13+'Submetering '!F13+'Submetering '!G13+'Submetering '!H13+'Submetering '!I13+'Submetering '!J13+'Submetering '!K13+'Submetering '!L13 -> 272 | F12: 0.18 | G12: =('Submetering '!M13)*2.8 -> 1075.2 | H12: 0.21 | I12: =('Submetering '!N13+'Submetering '!O13)*2.83 -> 173.3941 | J12: 7.58 | K12: =('Submetering '!P13+'Submetering '!Q13)*346.26 -> 10401.65 | L12: 0.1
A13: Seattle | B13: =B12+1 -> 12 | C13: 7 | D13: 2021 | E13: ='Submetering '!E14+'Submetering '!F14+'Submetering '!G14+'Submetering '!H14+'Submetering '!I14+'Submetering '!J14+'Submetering '!K14+'Submetering '!L14 -> 218 | F13: 0.18 | G13: =('Submetering '!M14)*2.8 -> 884.8 | H13: 0.21 | I13: =('Submetering '!N14+'Submetering '!O14)*2.83 -> 142.5188 | J13: 7.58 | K13: =('Submetering '!P14+'Submetering '!Q14)*346.26 -> 7943.2044 | L13: 0.1
A14: Seattle | B14: =B13+1 -> 13 | C14: 7 | D14: 2021 | E14: ='Submetering '!E15+'Submetering '!F15+'Submetering '!G15+'Submetering '!H15+'Submetering '!I15+'Submetering '!J15+'Submetering '!K15+'Submetering '!L15 -> 209 | F14: 0.18 | G14: =('Submetering '!M15)*2.8 -> 865.2 | H14: 0.21 | I14: =('Submetering '!N15+'Submetering '!O15)*2.83 -> 134.2269 | J14: 7.58 | K14: =('Submetering '!P15+'Submetering '!Q15)*346.26 -> 8012.4564 | L14: 0.1
... A32: Seattle | B32: =B31+1 -> 31 | C32: 7 | D32: 2021 | E32: ='Submetering '!E33+'Submetering '!F33+'Submetering '!G33+'Submetering '!H33+'Submetering '!I33+'Submetering '!J33+'Submetering '!K33+'Submetering '!L33 -> 0 | F32: 0.18 | G32: =('Submetering '!M33)*2.8 -> 0 | H32: 0.21 | I32: =('Submetering '!N33+'Submetering '!O33)*2.83 -> 0 | J32: 7.58 | K32: =('Submetering '!P33+'Submetering '!Q33)*346.26 -> 0 | L32: 0.1

Sheet Submetering 
A1: Site Name | B1: Day | C1: Month | D1: Year | E1: C Level Meter 768867 | F1: C Level Meter 768898 | G1: C Level Meter 789059 | H1: C Level 796579 | I1: C Level 796593 | J1: D Level 789073 | K1: 16th FL N 788970 | L1: 19th FL S 798644 | M1: Gas meter | N1: Domestic Water South | O1: Domestic Water North | P1: Condensate 1 (Steam 103-G) | Q1: Condensate 2 (Steam 7034-G)
A3: Seattle | B3: 1 | C3: 7 | D3: 2021 | E3: =DAILY!C4-DAILY!B4 -> 0 | F3: =DAILY!$C$5-DAILY!$B$5 -> 0 | G3: =DAILY!$C$6-DAILY!$B$6 -> 0 | H3: =DAILY!$C$7-DAILY!$B$7 -> 0 | I3: =DAILY!$C$8-DAILY!$B$8 -> 0 | J3: =DAILY!$C$9-DAILY!$B$9 -> 0 | K3: =DAILY!$C$10-DAILY!$B$10 -> 0 | L3: =DAILY!$C$11-DAILY!$B$11 -> 0 | M3: =DAILY!$C$12-DAILY!$B$12 -> 0 | N3: =DAILY!$C$13-DAILY!$B$13 -> 0.01 | O3: =DAILY!$C$14-DAILY!$B$14 -> 1 | P3: =DAILY!$C$15-DAILY!$B$15 -> 0.01 | Q3: =DAILY!$C$16-DAILY!$B$16 -> 0.01
A4: Seattle | B4: =B3+1 -> 2 | C4: 7 | D4: 2021 | E4: =DAILY!D4-DAILY!C4 -> 12 | F4: =DAILY!$D$5-DAILY!$C$5 -> 23 | G4: =DAILY!$D$6-DAILY!$C$6 -> 6 | H4: =DAILY!$D$7-DAILY!$C$7 -> 32 | I4: =DAILY!$D$8-DAILY!$C$8 -> 8 | J4: =DAILY!$D$9-DAILY!$C$9 -> 0 | K4: =DAILY!$D$10-DAILY!$C$10 -> 7 | L4: =DAILY!$D$11-DAILY!$C$11 -> 72 | M4: =DAILY!$D$12-DAILY!$C$12 -> 245 | N4: =DAILY!$D$13-DAILY!$C$13 -> 42.62 | O4: =DAILY!$D$14-DAILY!$C$14 -> 0 | P4: =DAILY!$D$15-DAILY!$C$15 -> 11.86 | Q4: =DAILY!$D$16-DAILY!$C$16 -> 4.18
A5: Seattle | B5: =B4+1 -> 3 | C5: 7 | D5: 2021 | E5: =DAILY!E4-DAILY!D4 -> 15 | F5: =DAILY!$E$5-DAILY!$D$5 -> 32 | G5: =DAILY!$E$6-DAILY!$D$6 -> 9 | H5: =DAILY!$E$7-DAILY!$D$7 -> 43 | I5: =DAILY!$E$8-DAILY!$D$8 -> 9 | J5: =DAILY!$E$9-DAILY!$D$9 -> 0 | K5: =DAILY!$E$10-DAILY!$D$10 -> 10 | L5: =DAILY!$E$11-DAILY!$D$11 -> 101 | M5: =DAILY!$E$12-DAILY!$D$12 -> 305 | N5: =DAILY!$E$13-DAILY!$D$13 -> 80.39 | O5: =DAILY!$E$14-DAILY!$D$14 -> 1 | P5: =DAILY!$E$15-DAILY!$D$15 -> 16.34 | Q5: =DAILY!$E$16-DAILY!$D$16 -> 5.78
A6: Seattle | B6: =B5+1 -> 4 | C6: 7 | D6: 2021 | E6: =DAILY!F4-DAILY!E4 -> 17 | F6: =DAILY!$F$5-DAILY!$E$5 -> 42 | G6: =DAILY!$F$6-DAILY!$E$6 -> 8 | H6: =DAILY!$F$7-DAILY!$E$7 -> 54 | I6: =DAILY!$F$8-DAILY!$E$8 -> 11 | J6: =DAILY!$F$9-DAILY!$E$9 -> 0 | K6: =DAILY!$F$10-DAILY!$E$10 -> 8 | L6: =DAILY!$F$11-DAILY!$E$11 -> 114 | M6: =DAILY!$F$12-DAILY!$E$12 -> 461 | N6: =DAILY!$F$13-DAILY!$E$13 -> 48.99 | O6: =DAILY!$F$14-DAILY!$E$14 -> 0 | P6: =DAILY!$F$15-DAILY!$E$15 -> 19.13 | Q6: =DAILY!$F$16-DAILY!$E$16 -> 7.85
A7: Seattle | B7: =B6+1 -> 5 | C7: 7 | D7: 2021 | E7: =DAILY!G4-DAILY!F4 -> 18 | F7: =DAILY!$G$5-DAILY!$F$5 -> 29 | G7: =DAILY!$G$6-DAILY!$F$6 -> 11 | H7: =DAILY!$G$7-DAILY!$F$7 -> 44 | I7: =DAILY!$G$8-DAILY!$F$8 -> 12 | J7: =DAILY!$G$9-DAILY!$F$9 -> 0 | K7: =DAILY!$G$10-DAILY!$F$10 -> 13 | L7: =DAILY!$G$11-DAILY!$F$11 -> 115 | M7: =DAILY!$G$12-DAILY!$F$12 -> 230 | N7: =DAILY!$G$13-DAILY!$F$13 -> 45.14 | O7: =DAILY!$G$14-DAILY!$F$14 -> 0 | P7: =DAILY!$G$15-DAILY!$F$15 -> 21.47 | Q7: =DAILY!$G$16-DAILY!$F$16 -> 6.51
A8: Seattle | B8: =B7+1 -> 6 | C8: 7 | D8: 2021 | E8: =DAILY!H4-DAILY!G4 -> 15 | F8: =DAILY!$H$5-DAILY!$G$5 -> 34 | G8: =DAILY!$H$6-DAILY!$G$6 -> 9 | H8: =DAILY!$H$7-DAILY!$G$7 -> 43 | I8: =DAILY!$H$8-DAILY!$G$8 -> 9 | J8: =DAILY!$H$9-DAILY!$G$9 -> 0 | K8: =DAILY!$H$10-DAILY!$G$10 -> 10 | L8: =DAILY!$H$11-DAILY!$G$11 -> 103 | M8: =DAILY!$H$12-DAILY!$G$12 -> 329 | N8: =DAILY!$H$13-DAILY!$G$13 -> 51.11 | O8: =DAILY!$H$14-DAILY!$G$14 -> 0 | P8: =DAILY!$H$15-DAILY!$G$15 -> 17.28 | Q8: =DAILY!$H$16-DAILY!$G$16 -> 5.94
A9: Seattle | B9: =B8+1 -> 7 | C9: 7 | D9: 2021 | E9: =DAILY!I4-DAILY!H4 -> 16 | F9: =DAILY!$I$5-DAILY!$H$5 -> 29 | G9: =DAILY!$I$6-DAILY!$H$6 -> 8 | H9: =DAILY!$I$7-DAILY!$H$7 -> 42 | I9: =DAILY!$I$8-DAILY!$H$8 -> 10 | J9: =DAILY!$I$9-DAILY!$H$9 -> 1 | K9: =DAILY!$I$10-DAILY!$H$10 -> 10 | L9: =DAILY!$I$11-DAILY!$H$11 -> 99 | M9: =DAILY!$I$12-DAILY!$H$12 -> 312 | N9: =DAILY!$I$13-DAILY!$H$13 -> 46.11 | O9: =DAILY!$I$14-DAILY!$H$14 -> 0 | P9: =DAILY!$I$15-DAILY!$H$15 -> 19.3 | Q9: =DAILY!$I$16-DAILY!$H$16 -> 6.78
A10: Seattle | B10: =B9+1 -> 8 | C10: 7 | D10: 2021 | E10: =DAILY!J4-DAILY!I4 -> 16 | F10: =DAILY!$J$5-DAILY!$I$5 -> 30 | G10: =DAILY!$J$6-DAILY!$I$6 -> 8 | H10: =DAILY!$J$7-DAILY!$I$7 -> 42 | I10: =DAILY!$J$8-DAILY!$I$8 -> 9 | J10: =DAILY!$J$9-DAILY!$I$9 -> 0 | K10: =DAILY!$J$10-DAILY!$I$10 -> 9 | L10: =DAILY!$J$11-DAILY!$I$11 -> 98 | M10: =DAILY!$J$12-DAILY!$I$12 -> 310 | N10: =DAILY!$J$13-DAILY!$I$13 -> 52.57 | O10: =DAILY!$J$14-DAILY!$I$14 -> 0 | P10: =DAILY!$J$15-DAILY!$I$15 -> 19 | Q10: =DAILY!$J$16-DAILY!$I$16 -> 30.85
A11: Seattle | B11: =B10+1 -> 9 | C11: 7 | D11: 2021 | E11: =DAILY!K4-DAILY!J4 -> 12 | F11: =DAILY!$K$5-DAILY!$J$5 -> 24 | G11: =DAILY!$K$6-DAILY!$J$6 -> 7 | H11: =DAILY!$K$7-DAILY!$J$7 -> 31 | I11: =DAILY!$K$8-DAILY!$J$8 -> 7 | J11: =DAILY!$K$9-DAILY!$J$9 -> 0 | K11: =DAILY!$K$10-DAILY!$J$10 -> 7 | L11: =DAILY!$K$11-DAILY!$J$11 -> 71 | M11: =DAILY!$K$12-DAILY!$J$12 -> 257 | N11: =DAILY!$K$13-DAILY!$J$13 -> 55.57 | O11: =DAILY!$K$14-DAILY!$J$14 -> 1 | P11: =DAILY!$K$15-DAILY!$J$15 -> 13.42 | Q11: =DAILY!$K$16-DAILY!$J$16 -> -19.55
A12: Seattle | B12: =B11+1 -> 10 | C12: 7 | D12: 2021 | E12: =DAILY!L4-DAILY!K4 -> 17 | F12: =DAILY!$L$5-DAILY!$K$5 -> 33 | G12: =DAILY!$L$6-DAILY!$K$6 -> 9 | H12: =DAILY!$L$7-DAILY!$K$7 -> 43 | I12: =DAILY!$L$8-DAILY!$K$8 -> 10 | J12: =DAILY!$L$9-DAILY!$K$9 -> 0 | K12: =DAILY!$L$10-DAILY!$K$10 -> 10 | L12: =DAILY!$L$11-DAILY!$K$11 -> 103 | M12: =DAILY!$L$12-DAILY!$K$12 -> 349 | N12: =DAILY!$L$13-DAILY!$K$13 -> 62.2 | O12: =DAILY!$L$14-DAILY!$K$14 -> 0 | P12: =DAILY!$L$15-DAILY!$K$15 -> 19.22 | Q12: =DAILY!$L$16-DAILY!$K$16 -> 6.66
A13: Seattle | B13: =B12+1 -> 11 | C13: 7 | D13: 2021 | E13: =DAILY!M4-DAILY!L4 -> 20 | F13: =DAILY!$M$5-DAILY!$L$5 -> 39 | G13: =DAILY!$M$6-DAILY!$L$6 -> 10 | H13: =DAILY!$M$7-DAILY!$L$7 -> 54 | I13: =DAILY!$M$8-DAILY!$L$8 -> 11 | J13: =DAILY!$M$9-DAILY!$L$9 -> 0 | K13: =DAILY!$M$10-DAILY!$L$10 -> 11 | L13: =DAILY!$M$11-DAILY!$L$11 -> 127 | M13: =DAILY!$M$12-DAILY!$L$12 -> 384 | N13: =DAILY!$M$13-DAILY!$L$13 -> 61.27 | O13: =DAILY!$M$14-DAILY!$L$14 -> 0 | P13: =DAILY!$M$15-DAILY!$L$15 -> 22.42 | Q13: =DAILY!$M$16-DAILY!$L$16 -> 7.62
A14: Seattle | B14: =B13+1 -> 12 | C14: 7 | D14: 2021 | E14: =DAILY!N4-DAILY!M4 -> 15 | F14: =DAILY!$N$5-DAILY!$M$5 -> 30 | G14: =DAILY!$N$6-DAILY!$M$6 -> 9 | H14: =DAILY!$N$7-DAILY!$M$7 -> 42 | I14: =DAILY!$N$8-DAILY!$M$8 -> 11 | J14: =DAILY!$N$9-DAILY!$M$9 -> 0 | K14: =DAILY!$N$10-DAILY!$M$10 -> 10 | L14: =DAILY!$N$11-DAILY!$M$11 -> 101 | M14: =DAILY!$N$12-DAILY!$M$12 -> 316 | N14: =DAILY!$N$13-DAILY!$M$13 -> 50.36 | O14: =DAILY!$N$14-DAILY!$M$14 -> 0 | P14: =DAILY!$N$15-DAILY!$M$15 -> 17.18 | Q14: =DAILY!$N$16-DAILY!$M$16 -> 5.76
A15: Seattle | B15: =B14+1 -> 13 | C15: 7 | D15: 2021 | E15: =DAILY!O4-DAILY!N4 -> 15 | F15: =DAILY!$O$5-DAILY!$N$5 -> 30 | G15: =DAILY!$O$6-DAILY!$N$6 -> 8 | H15: =DAILY!$O$7-DAILY!$N$7 -> 43 | I15: =DAILY!$O$8-DAILY!$N$8 -> 9 | J15: =DAILY!$O$9-DAILY!$N$9 -> 0 | K15: =DAILY!$O$10-DAILY!$N$10 -> 9 | L15: =DAILY!$O$11-DAILY!$N$11 -> 95 | M15: =DAILY!$O$12-DAILY!$N$12 -> 309 | N15: =DAILY!$O$13-DAILY!$N$13 -> 47.43 | O15: =DAILY!$O$14-DAILY!$N$14 -> 0 | P15: =DAILY!$O$15-DAILY!$N$15 -> 17.36 | Q15: =DAILY!$O$16-DAILY!$N$16 -> 5.78
A16: Seattle | B16: =B15+1 -> 14 | C16: 7 | D16: 2021 | E16: =DAILY!P4-DAILY!O4 -> 16 | F16: =DAILY!$P$5-DAILY!$O$5 -> 30 | G16: =DAILY!$P$6-DAILY!$O$6 -> 8 | H16: =DAILY!$P$7-DAILY!$O$7 -> 43 | I16: =DAILY!$P$8-DAILY!$O$8 -> 10 | J16: =DAILY!$P$9-DAILY!$O$9 -> 0 | K16: =DAILY!$P$10-DAILY!$O$10 -> 10 | L16: =DAILY!$P$11-DAILY!$O$11 -> 93 | M16: =DAILY!$P$12-DAILY!$O$12 -> 308 | N16: =DAILY!$P$13-DAILY!$O$13 -> 49.12 | O16: =DAILY!$P$14-DAILY!$O$14 -> 0 | P16: =DAILY!$P$15-DAILY!$O$15 -> 19.38 | Q16: =DAILY!$P$16-DAILY!$O$16 -> 6.56
A17: Seattle | B17: =B16+1 -> 15 | C17: 7 | D17: 2021 | E17: =DAILY!Q4-DAILY!P4 -> 15 | F17: =DAILY!$Q$5-DAILY!$P$5 -> 28 | G17: =DAILY!$Q$6-DAILY!$P$6 -> 8 | H17: =DAILY!$Q$7-DAILY!$P$7 -> 42 | I17: =DAILY!$Q$8-DAILY!$P$8 -> 10 | J17: =DAILY!$Q$9-DAILY!$P$9 -> 0 | K17: =DAILY!$Q$10-DAILY!$P$10 -> 9 | L17: =DAILY!$Q$11-DAILY!$P$11 -> 99 | M17: =DAILY!$Q$12-DAILY!$P$12 -> 353 | N17: =DAILY!$Q$13-DAILY!$P$13 -> 50.59 | O17: =DAILY!$Q$14-DAILY!$P$14 -> 0 | P17: =DAILY!$Q$15-DAILY!$P$15 -> 19.02 | Q17: =DAILY!$Q$16-DAILY!$P$16 -> 6.32
A18: Seattle | B18: =B17+1 -> 16 | C18: 7 | D18: 2021 | E18: =DAILY!R4-DAILY!Q4 -> 13 | F18: =DAILY!$R$5-DAILY!$Q$5 -> 21 | G18: =DAILY!$R$6-DAILY!$Q$6 -> 7 | H18: =DAILY!$R$7-DAILY!$Q$7 -> 30 | I18: =DAILY!$R$8-DAILY!$Q$8 -> 7 | J18: =DAILY!$R$9-DAILY!$Q$9 -> 0 | K18: =DAILY!$R$10-DAILY!$Q$10 -> 7 | L18: =DAILY!$R$11-DAILY!$Q$11 -> 70 | M18: =DAILY!$R$12-DAILY!$Q$12 -> 280 | N18: =DAILY!$R$13-DAILY!$Q$13 -> 49.43 | O18: =DAILY!$R$14-DAILY!$Q$14 -> 1 | P18: =DAILY!$R$15-DAILY!$Q$15 -> 15.12 | Q18: =DAILY!$R$16-DAILY!$Q$16 -> 5.12
A19: Seattle | B19: =B18+1 -> 17 | C19: 7 | D19: 2021 | E19: =DAILY!S4-DAILY!R4 -> 16 | F19: =DAILY!$S$5-DAILY!$R$5 -> 28 | G19: =DAILY!$S$6-DAILY!$R$6 -> 8 | H19: =DAILY!$S$7-DAILY!$R$7 -> 41 | I19: =DAILY!$S$8-DAILY!$R$8 -> 11 | J19: =DAILY!$S$9-DAILY!$R$9 -> 0 | K19: =DAILY!$S$10-DAILY!$R$10 -> 10 | L19: =DAILY!$S$11-DAILY!$R$11 -> 98 | M19: =DAILY!$S$12-DAILY!$R$12 -> 343 | N19: =DAILY!$S$13-DAILY!$R$13 -> 57.78 | O19: =DAILY!$S$14-DAILY!$R$14 -> 0 | P19: =DAILY!$S$15-DAILY!$R$15 -> 18.08 | Q19: =DAILY!$S$16-DAILY!$R$16 -> 5.94
A20: Seattle | B20: =B19+1 -> 18 | C20: 7 | D20: 2021 | E20: =DAILY!T4-DAILY!S4 -> 20 | F20: =DAILY!$T$5-DAILY!$S$5 -> 37 | G20: =DAILY!$T$6-DAILY!$S$6 -> 10 | H20: =DAILY!$T$7-DAILY!$S$7 -> 56 | I20: =DAILY!$T$8-DAILY!$S$8 -> 13 | J20: =DAILY!$T$9-DAILY!$S$9 -> 0 | K20: =DAILY!$T$10-DAILY!$S$10 -> 12 | L20: =DAILY!$T$11-DAILY!$S$11 -> 133 | M20: =DAILY!$T$12-DAILY!$S$12 -> 400 | N20: =DAILY!$T$13-DAILY!$S$13 -> 54.73 | O20: =DAILY!$T$14-DAILY!$S$14 -> 0 | P20: =DAILY!$T$15-DAILY!$S$15 -> 22.46 | Q20: =DAILY!$T$16-DAILY!$S$16 -> 7.18
A21: Seattle | B21: =B20+1 -> 19 | C21: 7 | D21: 2021 | E21: =DAILY!U4-DAILY!T4 -> 15 | F21: =DAILY!$U$5-DAILY!$T$5 -> 31 | G21: =DAILY!$U$6-DAILY!$T$6 -> 9 | H21: =DAILY!$U$7-DAILY!$T$7 -> 42 | I21: =DAILY!$U$8-DAILY!$T$8 -> 9 | J21: =DAILY!$U$9-DAILY!$T$9 -> 0 | K21: =DAILY!$U$10-DAILY!$T$10 -> 10 | L21: =DAILY!$U$11-DAILY!$T$11 -> 100 | M21: =DAILY!$U$12-DAILY!$T$12 -> 322 | N21: =DAILY!$U$13-DAILY!$T$13 -> 51.97 | O21: =DAILY!$U$14-DAILY!$T$14 -> 0 | P21: =DAILY!$U$15-DAILY!$T$15 -> 17.58 | Q21: =DAILY!$U$16-DAILY!$T$16 -> 5.7
A22: Seattle | B22: =B21+1 -> 20 | C22: 7 | D22: 2021 | E22: =DAILY!V4-DAILY!U4 -> 15 | F22: =DAILY!$V$5-DAILY!$U$5 -> 30 | G22: =DAILY!$V$6-DAILY!$U$6 -> 8 | H22: =DAILY!$V$7-DAILY!$U$7 -> 45 | I22: =DAILY!$V$8-DAILY!$U$8 -> 9 | J22: =DAILY!$V$9-DAILY!$U$9 -> 0 | K22: =DAILY!$V$10-DAILY!$U$10 -> 9 | L22: =DAILY!$V$11-DAILY!$U$11 -> 101 | M22: =DAILY!$V$12-DAILY!$U$12 -> 332 | N22: =DAILY!$V$13-DAILY!$U$13 -> 52.56 | O22: =DAILY!$V$14-DAILY!$U$14 -> 0 | P22: =DAILY!$V$15-DAILY!$U$15 -> 18.74 | Q22: =DAILY!$V$16-DAILY!$U$16 -> 6.1
A23: Seattle | B23: =B22+1 -> 21 | C23: 7 | D23: 2021 | E23: =DAILY!W4-DAILY!V4 -> -88948 | F23: =DAILY!$W$5-DAILY!$V$5 -> -117961 | G23: =DAILY!$W$6-DAILY!$V$6 -> -53279 | H23: =DAILY!$W$7-DAILY!$V$7 -> -346047 | I23: =DAILY!$W$8-DAILY!$V$8 -> -45467 | J23: =DAILY!$W$9-DAILY!$V$9 -> -129 | K23: =DAILY!$W$10-DAILY!$V$10 -> -87980 | L23: =DAILY!$W$11-DAILY!$V$11 -> -111052 | M23: =DAILY!$W$12-DAILY!$V$12 -> -271572 | N23: =DAILY!$W$13-DAILY!$V$13 -> -53322.55 | O23: =DAILY!$W$14-DAILY!$V$14 -> -8606 | P23: =DAILY!$W$15-DAILY!$V$15 -> -129373.48 | Q23: =DAILY!$W$16-DAILY!$V$16 -> -44376.09
A24: Seattle | B24: =B23+1 -> 22 | C24: 7 | D24: 2021 | E24: =DAILY!X4-DAILY!W4 -> 0 | F24: =DAILY!$X$5-DAILY!$W$5 -> 0 | G24: =DAILY!$X$6-DAILY!$W$6 -> 0 | H24: =DAILY!$X$7-DAILY!$W$7 -> 0 | I24: =DAILY!$X$8-DAILY!$W$8 -> 0 | J24: =DAILY!$X$9-DAILY!$W$9 -> 0 | K24: =DAILY!$X$10-DAILY!$W$10 -> 0 | L24: =DAILY!$X$11-DAILY!$W$11 -> 0 | M24: =DAILY!$X$12-DAILY!$W$12 -> 0 | N24: =DAILY!$X$13-DAILY!$W$13 -> 0 | O24: =DAILY!$X$14-DAILY!$W$14 -> 0 | P24: =DAILY!$X$15-DAILY!$W$15 -> 0 | Q24: =DAILY!$X$16-DAILY!$W$16 -> 0
A25: Seattle | B25: =B24+1 -> 23 | C25: 7 | D25: 2021 | E25: =DAILY!Y4-DAILY!X4 -> 0 | F25: =DAILY!$Y$5-DAILY!$X$5 -> 0 | G25: =DAILY!$Y$6-DAILY!$X$6 -> 0 | H25: =DAILY!$Y$7-DAILY!$X$7 -> 0 | I25: =DAILY!$Y$8-DAILY!$X$8 -> 0 | J25: =DAILY!$Y$9-DAILY!$X$9 -> 0 | K25: =DAILY!$Y$10-DAILY!$X$10 -> 0 | L25: =DAILY!$Y$11-DAILY!$X$11 -> 0 | M25: =DAILY!$Y$12-DAILY!$X$12 -> 0 | N25: =DAILY!$Y$13-DAILY!$X$13 -> 0 | O25: =DAILY!$Y$14-DAILY!$X$14 -> 0 | P25: =DAILY!$Y$15-DAILY!$X$15 -> 0 | Q25: =DAILY!$Y$16-DAILY!$X$16 -> 0
A26: Seattle | B26: =B25+1 -> 24 | C26: 7 | D26: 2021 | E26: =DAILY!Z4-DAILY!Y4 -> 0 | F26: =DAILY!$Z$5-DAILY!$Y$5 -> 0 | G26: =DAILY!$Z$6-DAILY!$Y$6 -> 0 | H26: =DAILY!$Z$7-DAILY!$Y$7 -> 0 | I26: =DAILY!$Z$8-DAILY!$Y$8 -> 0 | J26: =DAILY!$Z$9-DAILY!$Y$9 -> 0 | K26: =DAILY!$Z$10-DAILY!$Y$10 -> 0 | L26: =DAILY!$Z$11-DAILY!$Y$11 -> 0 | M26: =DAILY!$Z$12-DAILY!$Y$12 -> 0 | N26: =DAILY!$Z$13-DAILY!$Y$13 -> 0 | O26: =DAILY!$Z$14-DAILY!$Y$14 -> 0 | P26: =DAILY!$Z$15-DAILY!$Y$15 -> 0 | Q26: =DAILY!$Z$16-DAILY!$Y$16 -> 0
A27: Seattle | B27: =B26+1 -> 25 | C27: 7 | D27: 2021 | E27: =DAILY!AA4-DAILY!Z4 -> 0 | F27: =DAILY!$AA$5-DAILY!$Z$5 -> 0 | G27: =DAILY!$AA$6-DAILY!$Z$6 -> 0 | H27: =DAILY!$AA$7-DAILY!$Z$7 -> 0 | I27: =DAILY!$AA$8-DAILY!$Z$8 -> 0 | J27: =DAILY!$AA$9-DAILY!$Z$9 -> 0 | K27: =DAILY!$AA$10-DAILY!$Z$10 -> 0 | L27: =DAILY!$AA$11-DAILY!$Z$11 -> 0 | M27: =DAILY!$AA$12-DAILY!$Z$12 -> 0 | N27: =DAILY!$AA$13-DAILY!$Z$13 -> 0 | O27: =DAILY!$AA$14-DAILY!$Z$14 -> 0 | P27: =DAILY!$AA$15-DAILY!$Z$15 -> 0 | Q27: =DAILY!$AA$16-DAILY!$Z$16 -> 0
A28: Seattle | B28: =B27+1 -> 26 | C28: 7 | D28: 2021 | E28: =DAILY!AB4-DAILY!AA4 -> 0 | F28: =DAILY!$AB$5-DAILY!$AA$5 -> 0 | G28: =DAILY!$AB$6-DAILY!$AA$6 -> 0 | H28: =DAILY!$AB$7-DAILY!$AA$7 -> 0 | I28: =DAILY!$AB$8-DAILY!$AA$8 -> 0 | J28: =DAILY!$AB$9-DAILY!$AA$9 -> 0 | K28: =DAILY!$AB$10-DAILY!$AA$10 -> 0 | L28: =DAILY!$AB$11-DAILY!$AA$11 -> 0 | M28: =DAILY!$AB$12-DAILY!$AA$12 -> 0 | N28: =DAILY!$AB$13-DAILY!$AA$13 -> 0 | O28: =DAILY!$AB$14-DAILY!$AA$14 -> 0 | P28: =DAILY!$AB$15-DAILY!$AA$15 -> 0 | Q28: =DAILY!$AB$16-DAILY!$AA$16 -> 0
A29: Seattle | B29: =B28+1 -> 27 | C29: 7 | D29: 2021 | E29: =DAILY!AC4-DAILY!AB4 -> 0 | F29: =DAILY!$AC$5-DAILY!$AB$5 -> 0 | G29: =DAILY!$AC$6-DAILY!$AB$6 -> 0 | H29: =DAILY!$AC$7-DAILY!$AB$7 -> 0 | I29: =DAILY!$AC$8-DAILY!$AB$8 -> 0 | J29: =DAILY!$AC$9-DAILY!$AB$9 -> 0 | K29: =DAILY!$AC$10-DAILY!$AB$10 -> 0 | L29: =DAILY!$AC$11-DAILY!$AB$11 -> 0 | M29: =DAILY!$AC$12-DAILY!$AB$12 -> 0 | N29: =DAILY!$AC$13-DAILY!$AB$13 -> 0 | O29: =DAILY!$AC$14-DAILY!$AB$14 -> 0 | P29: =DAILY!$AC$15-DAILY!$AB$15 -> 0 | Q29: =DAILY!$AC$16-DAILY!$AB$16 -> 0
A30: Seattle | B30: =B29+1 -> 28 | C30: 7 | D30: 2021 | E30: =DAILY!AD4-DAILY!AC4 -> 0 | F30: =DAILY!$AD$5-DAILY!$AC$5 -> 0 | G30: =DAILY!$AD$6-DAILY!$AC$6 -> 0 | H30: =DAILY!$AD$7-DAILY!$AC$7 -> 0 | I30: =DAILY!$AD$8-DAILY!$AC$8 -> 0 | J30: =DAILY!$AD$9-DAILY!$AC$9 -> 0 | K30: =DAILY!$AD$10-DAILY!$AC$10 -> 0 | L30: =DAILY!$AD$11-DAILY!$AC$11 -> 0 | M30: =DAILY!$AD$12-DAILY!$AC$12 -> 0 | N30: =DAILY!$AD$13-DAILY!$AC$13 -> 0 | O30: =DAILY!$AD$14-DAILY!$AC$14 -> 0 | P30: =DAILY!$AD$15-DAILY!$AC$15 -> 0 | Q30: =DAILY!$AD$16-DAILY!$AC$16 -> 0
A31: Seattle | B31: =B30+1 -> 29 | C31: 7 | D31: 2021 | E31: =DAILY!AE4-DAILY!AD4 -> 0 | F31: =DAILY!$AE$5-DAILY!$AD$5 -> 0 | G31: =DAILY!$AE$6-DAILY!$AD$6 -> 0 | H31: =DAILY!$AE$7-DAILY!$AD$7 -> 0 | I31: =DAILY!$AE$8-DAILY!$AD$8 -> 0 | J31: =DAILY!$AE$9-DAILY!$AD$9 -> 0 | K31: =DAILY!$AE$10-DAILY!$AD$10 -> 0 | L31: =DAILY!$AE$11-DAILY!$AD$11 -> 0 | M31: =DAILY!$AE$12-DAILY!$AD$12 -> 0 | N31: =DAILY!$AE$13-DAILY!$AD$13 -> 0 | O31: =DAILY!$AE$14-DAILY!$AD$14 -> 0 | P31: =DAILY!$AE$15-DAILY!$AD$15 -> 0 | Q31: =DAILY!$AE$16-DAILY!$AD$16 -> 0
A32: Seattle | B32: =B31+1 -> 30 | C32: 7 | D32: 2021 | E32: =DAILY!AF4-DAILY!AE4 -> 0 | F32: =DAILY!$AF$5-DAILY!$AE$5 -> 0 | G32: =DAILY!$AF$6-DAILY!$AE$6 -> 0 | H32: =DAILY!$AF$7-DAILY!$AE$7 -> 0 | I32: =DAILY!$AF$8-DAILY!$AE$8 -> 0 | J32: =DAILY!$AF$9-DAILY!$AE$9 -> 0 | K32: =DAILY!$AF$10-DAILY!$AE$10 -> 0 | L32: =DAILY!$AF$11-DAILY!$AE$11 -> 0 | M32: =DAILY!$AF$12-DAILY!$AE$12 -> 0 | N32: =DAILY!$AF$13-DAILY!$AE$13 -> 0 | O32: =DAILY!$AF$14-DAILY!$AE$14 -> 0 | P32: =DAILY!$AF$15-DAILY!$AE$15 -> 0 | Q32: =DAILY!$AF$16-DAILY!$AE$16 -> 0
A33: Seattle | B33: =B32+1 -> 31 | C33: 7 | D33: 2021 | E33: =DAILY!AG4-DAILY!AF4 -> 0 | F33: =DAILY!$AG$5-DAILY!$AF$5 -> 0 | G33: =DAILY!$AG$6-DAILY!$AF$6 -> 0 | H33: =DAILY!$AG$7-DAILY!$AF$7 -> 0 | I33: =DAILY!$AG$8-DAILY!$AF$8 -> 0 | J33: =DAILY!$AG$9-DAILY!$AF$9 -> 0 | K33: =DAILY!$AG$10-DAILY!$AF$10 -> 0 | L33: =DAILY!$AG$11-DAILY!$AF$11 -> 0 | M33: =DAILY!$AG$12-DAILY!$AF$12 -> 0 | N33: =DAILY!$AG$13-DAILY!$AF$13 -> 0 | O33: =DAILY!$AG$14-DAILY!$AF$14 -> 0 | P33: =DAILY!$AG$15-DAILY!$AF$15 -> 0 | Q33: =DAILY!$AG$16-DAILY!$AF$16 -> 0

Sheet DAILY
A1: July Meter Readings
A2: Location/Meter | C2: Readings
B3: =SUM(C3-1) -> 44377 | C3: 44378 | D3: =SUM(C3+1) -> 44379 | E3: =SUM(D3+1) -> 44380 | F3: =SUM(E3+1) -> 44381 | G3: =SUM(F3+1) -> 44382 | H3: =SUM(G3+1) -> 44383 | I3: =SUM(H3+1) -> 44384 | J3: =SUM(I3+1) -> 44385 | K3: =SUM(J3+1) -> 44386 | ... AG3: =SUM(AF3+1) -> 44408
A4: C Level Meter 768867 | B4: 88650 | C4: 88650 | D4: 88662 | E4: 88677 | F4: 88694 | G4: 88712 | H4: 88727 | I4: 88743 | J4: 88759 | K4: 88771 | L4: 88788 | M4: 88808 | N4: 88823 | O4: 88838 | P4: 88854 | Q4: 88869 | R4: 88882 | S4: 88898 | T4: 88918 | U4: 88933 | V4: 88948
A5: C Level Meter 768898 | B5: 117381 | C5: 117381 | D5: 117404 | E5: 117436 | F5: 117478 | G5: 117507 | H5: 117541 | I5: 117570 | J5: 117600 | K5: 117624 | L5: 117657 | M5: 117696 | N5: 117726 | O5: 117756 | P5: 117786 | Q5: 117814 | R5: 117835 | S5: 117863 | T5: 117900 | U5: 117931 | V5: 117961
A6: C Level Meter 789059 | B6: 53119 | C6: 53119 | D6: 53125 | E6: 53134 | F6: 53142 | G6: 53153 | H6: 53162 | I6: 53170 | J6: 53178 | K6: 53185 | L6: 53194 | M6: 53204 | N6: 53213 | O6: 53221 | P6: 53229 | Q6: 53237 | R6: 53244 | S6: 53252 | T6: 53262 | U6: 53271 | V6: 53279
A7: C Level 796579 | B7: 345235 | C7: 345235 | D7: 345267 | E7: 345310 | F7: 345364 | G7: 345408 | H7: 345451 | I7: 345493 | J7: 345535 | K7: 345566 | L7: 345609 | M7: 345663 | N7: 345705 | O7: 345748 | P7: 345791 | Q7: 345833 | R7: 345863 | S7: 345904 | T7: 345960 | U7: 346002 | V7: 346047
A8: C Level 796593 | B8: 45282 | C8: 45282 | D8: 45290 | E8: 45299 | F8: 45310 | G8: 45322 | H8: 45331 | I8: 45341 | J8: 45350 | K8: 45357 | L8: 45367 | M8: 45378 | N8: 45389 | O8: 45398 | P8: 45408 | Q8: 45418 | R8: 45425 | S8: 45436 | T8: 45449 | U8: 45458 | V8: 45467
A9: D Level 789073 | B9: 0128 | C9: 0128 | D9: 0128 | E9: 0128 | F9: 0128 | G9: 0128 | H9: 0128 | I9: 0129 | J9: 0129 | K9: 0129 | L9: 0129 | M9: 0129 | N9: 0129 | O9: 0129 | P9: 0129 | Q9: 0129 | R9: 0129 | S9: 0129 | T9: 0129 | U9: 0129 | V9: 0129
A10: 16th FL N 788970 | B10: 87799 | C10: 87799 | D10: 87806 | E10: 87816 | F10: 87824 | G10: 87837 | H10: 87847 | I10: 87857 | J10: 87866 | K10: 87873 | L10: 87883 | M10: 87894 | N10: 87904 | O10: 87913 | P10: 87923 | Q10: 87932 | R10: 87939 | S10: 87949 | T10: 87961 | U10: 87971 | V10: 87980
A11: 19th FL S 798644 | B11: 109159 | C11: 109159 | D11: 109231 | E11: 109332 | F11: 109446 | G11: 109561 | H11: 109664 | I11: 109763 | J11: 109861 | K11: 109932 | L11: 110035 | M11: 110162 | N11: 110263 | O11: 110358 | P11: 110451 | Q11: 110550 | R11: 110620 | S11: 110718 | T11: 110851 | U11: 110951 | V11: 111052
A12: Gas meter | B12: 265427 | C12: 265427 | D12: 265672 | E12: 265977 | F12: 266438 | G12: 266668 | H12: 266997 | I12: 267309 | J12: 267619 | K12: 267876 | L12: 268225 | M12: 268609 | N12: 268925 | O12: 269234 | P12: 269542 | Q12: 269895 | R12: 270175 | S12: 270518 | T12: 270918 | U12: 271240 | V12: 271572
A13: Domestic Water South | B13: 52312.60 | C13: 52312.61 | D13: 52355.23 | E13: 52435.62 | F13: 52484.61 | G13: 52529.75 | H13: 52580.86 | I13: 52626.97 | J13: 52679.54 | K13: 52735.11 | L13: 52797.31 | M13: 52858.58 | N13: 52908.94 | O13: 52956.37 | P13: 53005.49 | Q13: 53056.08 | R13: 53105.51 | S13: 53163.29 | T13: 53218.02 | U13: 53269.99 | V13: 53322.55
A14: Domestic Water North | B14: 8602 | C14: 8603 | D14: 8603 | E14: 8604 | F14: 8604 | G14: 8604 | H14: 8604 | I14: 8604 | J14: 8604 | K14: 8605 | L14: 8605 | M14: 8605 | N14: 8605 | O14: 8605 | P14: 8605 | Q14: 8605 | R14: 8606 | S14: 8606 | T14: 8606 | U14: 8606 | V14: 8606
A15: Condensate 1 (Steam 103-G) | B15: 129029.11 | C15: 129029.12 | D15: 129040.98 | E15: 129057.32 | F15: 129076.45 | G15: 129097.92 | H15: 129115.20 | I15: 129134.50 | J15: 129153.50 | K15: 129166.92 | L15: 129186.14 | M15: 129208.56 | N15: 129225.74 | O15: 129243.10 | P15: 129262.48 | Q15: 129281.50 | R15: 129296.62 | S15: 129314.70 | T15: 129337.16 | U15: 129354.74 | V15: 129373.48
A16: Condensate 2 (Steam 7034-G) | B16: 44259.00 | C16: 44259.01 | D16: 44263.19 | E16: 44268.97 | F16: 44276.82 | G16: 44283.33 | H16: 44289.27 | I16: 44296.05 | J16: 44326.9 | K16: 44307.35 | L16: 44314.01 | M16: 44321.63 | N16: 44327.39 | O16: 44333.17 | P16: 44339.73 | Q16: 44346.05 | R16: 44351.17 | S16: 44357.11 | T16: 44364.29 | U16: 44369.99 | V16: 44376.09
