Workbook

Sheet Sheet1
A1: Site Name | B1: Day | C1: Month | D1: Year | E1: Total Electricity Kwh | F1: Electricity Tariff ($/Kwh) | G1: LPG (Kg) | H1: LPG $/Kg | I1: District Energy Cooling Kwh | J1: District Energy Cooling $/Kwh | K1: Water Utility Supply (m3) m3 | L1: Water Utility Supply (m3) $/m3 | M1: Irrigation Water (m3) m3 | N1: Irrigation water $/m3 | O1: Room Nights | P1: Total Guests
A2: Bahrain Bay | B2: 1 | C2: 7 | D2: 2021 | E2: ='July 2021'!E5 -> 30187 | F2: 0.029 | G2: ='July 2021'!J5 -> 0 | H2: 0.112 | I2: ='July 2021'!G5*1000 -> 62000 | J2: 0.0361 | K2: ='July 2021'!I5 -> 493 | L2: 0.75 | M2: ='July 2021'!L5 -> 265 | N2: 0.563 | O2: ='July 2021'!D5 -> 42
A3: Bahrain Bay | B3: =B2+1 -> 2 | C3: 7 | D3: 2021 | E3: ='July 2021'!E6 -> 30000 | F3: 0.029 | G3: ='July 2021'!J6 -> 0 | H3: 0.112 | I3: ='July 2021'!G6*1000 -> 81000 | J3: 0.0361 | K3: ='July 2021'!I6 -> 474 | L3: 0.75 | M3: ='July 2021'!L6 -> 182 | N3: 0.563 | O3: ='July 2021'!D6 -> 82
A4: Bahrain Bay | B4: =B3+1 -> 3 | C4: 7 | D4: 2021 | E4: ='July 2021'!E7 -> 31000 | F4: 0.029 | G4: ='July 2021'!J7 -> 2970 | H4: 0.112 | I4: ='July 2021'!G7*1000 -> 79000 | J4: 0.0361 | K4: ='July 2021'!I7 -> 152 | L4: 0.75 | M4: ='July 2021'!L7 -> 245 | N4: 0.563 | O4: ='July 2021'!D7 -> 69
A5: Bahrain Bay | B5: =B4+1 -> 4 | C5: 7 | D5: 2021 | E5: ='July 2021'!E8 -> 31432 | F5: 0.029 | G5: ='July 2021'!J8 -> 2970 | H5: 0.112 | I5: ='July 2021'!G8*1000 -> 77000 | J5: 0.0361 | K5: ='July 2021'!I8 -> 265 | L5: 0.75 | M5: ='July 2021'!L8 -> 254 | N5: 0.563 | O5: ='July 2021'!D8 -> 56
A6: Bahrain Bay | B6: =B5+1 -> 5 | C6: 7 | D6: 2021 | E6: ='July 2021'!E9 -> 32524 | F6: 0.029 | G6: ='July 2021'!J9 -> 0 | H6: 0.112 | I6: ='July 2021'!G9*1000 -> 86000 | J6: 0.0361 | K6: ='July 2021'!I9 -> 160 | L6: 0.75 | M6: ='July 2021'!L9 -> 265 | N6: 0.563 | O6: ='July 2021'!D9 -> 57
A7: Bahrain Bay | B7: =B6+1 -> 6 | C7: 7 | D7: 2021 | E7: ='July 2021'!E10 -> 31542 | F7: 0.029 | G7: 0 | H7: 0.112 | I7: ='July 2021'!G10*1000 -> 94000 | J7: 0.0361 | K7: ='July 2021'!I10 -> 456 | L7: 0.75 | M7: ='July 2021'!L10 -> 164 | N7: 0.563 | O7: ='July 2021'!D10 -> 60
A8: Bahrain Bay | B8: =B7+1 -> 7 | C8: 7 | D8: 2021 | E8: ='July 2021'!E11 -> 31820 | F8: 0.029 | G8: ='July 2021'!J11 -> 0 | H8: 0.112 | I8: ='July 2021'!G11*1000 -> 81000 | J8: 0.0361 | K8: ='July 2021'!I11 -> 36 | L8: 0.75 | M8: ='July 2021'!L11 -> 302 | N8: 0.563 | O8: ='July 2021'!D11 -> 90
A9: Bahrain Bay | B9: =B8+1 -> 8 | C9: 7 | D9: 2021 | E9: ='July 2021'!E12 -> 36453 | F9: 0.029 | G9: ='July 2021'!J12 -> 0 | H9: 0.112 | I9: ='July 2021'!G12*1000 -> 80000 | J9: 0.0361 | K9: ='July 2021'!I12 -> 529 | L9: 0.75 | M9: ='July 2021'!L12 -> 153 | N9: 0.563 | O9: ='July 2021'!D12 -> 123
A10: Bahrain Bay | B10: =B9+1 -> 9 | C10: 7 | D10: 2021 | E10: ='July 2021'!E13 -> 36908 | F10: 0.029 | G10: ='July 2021'!J13 -> 2970 | H10: 0.112 | I10: ='July 2021'!G13*1000 -> 92000 | J10: 0.0361 | K10: ='July 2021'!I13 -> 266 | L10: 0.75 | M10: ='July 2021'!L13 -> 99 | N10: 0.563 | O10: ='July 2021'!D13 -> 151
A11: Bahrain Bay | B11: =B10+1 -> 10 | C11: 7 | D11: 2021 | E11: ='July 2021'!E14 -> 37379 | F11: 0.029 | G11: ='July 2021'!J14 -> 0 | H11: 0.112 | I11: ='July 2021'!G14*1000 -> 112000 | J11: 0.0361 | K11: ='July 2021'!I14 -> 533 | L11: 0.75 | M11: ='July 2021'!L14 -> 212 | N11: 0.563 | O11: ='July 2021'!D14 -> 72
A12: Bahrain Bay | B12: =B11+1 -> 11 | C12: 7 | D12: 2021 | E12: ='July 2021'!E15 -> 36429 | F12: 0.029 | G12: ='July 2021'!J15 -> 0 | H12: 0.112 | I12: ='July 2021'!G15*1000 -> 107000 | J12: 0.0361 | K12: ='July 2021'!I15 -> 534 | L12: 0.75 | M12: ='July 2021'!L15 -> 168 | N12: 0.563 | O12: ='July 2021'!D15 -> 77
A13: Bahrain Bay | B13: =B12+1 -> 12 | C13: 7 | D13: 2021 | E13: ='July 2021'!E16 -> 36354 | F13: 0.029 | G13: ='July 2021'!J16 -> 2970 | H13: 0.112 | I13: ='July 2021'!G16*1000 -> 98000 | J13: 0.0361 | K13: ='July 2021'!I16 -> 249 | L13: 0.75 | M13: ='July 2021'!L16 -> 272 | N13: 0.563 | O13: ='July 2021'!D16 -> 69
A14: Bahrain Bay | B14: =B13+1 -> 13 | C14: 7 | D14: 2021 | E14: ='July 2021'!E17 -> 34410 | F14: 0.029 | G14: ='July 2021'!J17 -> 2970 | H14: 0.112 | I14: ='July 2021'!G17*1000 -> 101000 | J14: 0.0361 | K14: ='July 2021'!I17 -> 466 | L14: 0.75 | M14: ='July 2021'!L17 -> 204 | N14: 0.563 | O14: ='July 2021'!D17 -> 86
A15: Bahrain Bay | B15: =B14+1 -> 14 | C15: 7 | D15: 2021 | E15: ='July 2021'!E18 -> 39023 | F15: 0.029 | G15: ='July 2021'!J18 -> 2970 | H15: 0.112 | I15: ='July 2021'!G18*1000 -> 105000 | J15: 0.0361 | K15: ='July 2021'!I18 -> 252 | L15: 0.75 | M15: ='July 2021'!L18 -> 202 | N15: 0.563 | O15: ='July 2021'!D18 -> 100
A16: Bahrain Bay | B16: =B15+1 -> 15 | C16: 7 | D16: 2021 | E16: ='July 2021'!E19 -> 37825 | F16: 0.029 | G16: ='July 2021'!J19 -> 0 | H16: 0.112 | I16: ='July 2021'!G20*1000 -> 122000 | J16: 0.0361 | K16: ='July 2021'!I19 -> 371 | L16: 0.75 | M16: ='July 2021'!L19 -> 248 | N16: 0.563 | O16: ='July 2021'!D19 -> 137
A17: Bahrain Bay | B17: =B16+1 -> 16 | C17: 7 | D17: 2021 | E17: ='July 2021'!E20 -> 36876 | F17: 0.029 | G17: ='July 2021'!J21 -> 2970 | H17: 0.112 | I17: ='July 2021'!G21*1000 -> 109000 | J17: 0.0361 | K17: ='July 2021'!I20 -> 333 | L17: 0.75 | M17: ='July 2021'!L20 -> 176 | N17: 0.563 | O17: ='July 2021'!D20 -> 185
A18: Bahrain Bay | B18: =B17+1 -> 17 | C18: 7 | D18: 2021 | E18: ='July 2021'!E21 -> 37765 | F18: 0.029 | G18: ='July 2021'!J22 -> 0 | H18: 0.112 | I18: ='July 2021'!G22*1000 -> 107000 | J18: 0.0361 | K18: ='July 2021'!I21 -> 482 | L18: 0.75 | M18: ='July 2021'!L21 -> 241 | N18: 0.563 | O18: ='July 2021'!D21 -> 174
A19: Bahrain Bay | B19: =B18+1 -> 18 | C19: 7 | D19: 2021 | E19: ='July 2021'!E22 -> 37156 | F19: 0.029 | G19: ='July 2021'!J22 -> 0 | H19: 0.112 | I19: ='July 2021'!G23*1000 -> 102000 | J19: 0.0361 | K19: ='July 2021'!I22 -> 278 | L19: 0.75 | M19: ='July 2021'!L22 -> 182 | N19: 0.563 | O19: ='July 2021'!D22 -> 142
A20: Bahrain Bay | B20: =B19+1 -> 19 | C20: 7 | D20: 2021 | E20: ='July 2021'!E23 -> 36660 | F20: 0.029 | G20: ='July 2021'!J23 -> 2970 | H20: 0.112 | I20: ='July 2021'!G24*1000 -> 104000 | J20: 0.0361 | K20: ='July 2021'!I23 -> 492 | L20: 0.75 | M20: ='July 2021'!L23 -> 251 | N20: 0.563 | O20: ='July 2021'!D23 -> 129
A21: Bahrain Bay | B21: =B20+1 -> 20 | C21: 7 | D21: 2021 | E21: ='July 2021'!E24 -> 35216 | F21: 0.029 | G21: ='July 2021'!J23 -> 2970 | H21: 0.112 | I21: ='July 2021'!G25*1000 -> 114000 | J21: 0.0361 | K21: ='July 2021'!I23 -> 492 | L21: 0.75 | M21: ='July 2021'!L24 -> 172 | N21: 0.563 | O21: ='July 2021'!D24 -> 156
A22: Bahrain Bay | B22: =B21+1 -> 21 | C22: 7 | D22: 2021 | E22: ='July 2021'!E25 -> 36045 | F22: 0.029 | G22: ='July 2021'!J24 -> 0 | H22: 0.112 | I22: ='July 2021'!G26*1000 -> 107000 | J22: 0.0361 | K22: ='July 2021'!I24 -> 426 | L22: 0.75 | M22: ='July 2021'!L25 -> 211 | N22: 0.563 | O22: ='July 2021'!D25 -> 232
A23: Bahrain Bay | B23: =B22+1 -> 22 | C23: 7 | D23: 2021 | E23: ='July 2021'!E26 -> 37880 | F23: 0.029 | G23: ='July 2021'!J25 -> 0 | H23: 0.112 | I23: ='July 2021'!G27*1000 -> 116000 | J23: 0.0361 | K23: ='July 2021'!I26 -> 432 | L23: 0.75 | M23: ='July 2021'!L26 -> 166 | N23: 0.563 | O23: ='July 2021'!D26 -> 248
A24: Bahrain Bay | B24: =B23+1 -> 23 | C24: 7 | D24: 2021 | E24: ='July 2021'!E27 -> 39887 | F24: 0.029 | G24: ='July 2021'!J27 -> 0 | H24: 0.112 | I24: ='July 2021'!G27*1000 -> 116000 | J24: 0.0361 | K24: ='July 2021'!I27 -> 504 | L24: 0.75 | M24: ='July 2021'!L27 -> 199 | N24: 0.563 | O24: ='July 2021'!D27 -> 275
A25: Bahrain Bay | B25: =B24+1 -> 24 | C25: 7 | D25: 2021 | E25: ='July 2021'!E28 -> 39854 | F25: 0.029 | G25: ='July 2021'!J28 -> 2970 | H25: 0.112 | I25: ='July 2021'!G28*1000 -> 110000 | J25: 0.0361 | K25: ='July 2021'!I28 -> 521 | L25: 0.75 | M25: ='July 2021'!L28 -> 193 | N25: 0.563 | O25: ='July 2021'!D28 -> 124
A26: Bahrain Bay | B26: =B25+1 -> 25 | C26: 7 | D26: 2021 | E26: ='July 2021'!E29 -> 39542 | F26: 0.029 | G26: ='July 2021'!J29 -> 2970 | H26: 0.112 | I26: ='July 2021'!G29*1000 -> 110000 | J26: 0.0361 | K26: ='July 2021'!I29 -> 326 | L26: 0.75 | M26: ='July 2021'!L29 -> 243 | N26: 0.563 | O26: ='July 2021'!D29 -> 109
A27: Bahrain Bay | B27: =B26+1 -> 26 | C27: 7 | D27: 2021 | E27: ='July 2021'!E30 -> 39626 | F27: 0.029 | G27: ='July 2021'!J30 -> 2970 | H27: 0.112 | I27: ='July 2021'!G30*1000 -> 109000 | J27: 0.0361 | K27: ='July 2021'!I30 -> 485 | L27: 0.75 | M27: ='July 2021'!L30 -> 226 | N27: 0.563 | O27: ='July 2021'!D30 -> 136
A28: Bahrain Bay | B28: =B27+1 -> 27 | C28: 7 | D28: 2021 | E28: ='July 2021'!E31 -> 33060 | F28: 0.029 | G28: ='July 2021'!J31 -> 2970 | H28: 0.112 | I28: ='July 2021'!G31*1000 -> 109000 | J28: 0.0361 | K28: ='July 2021'!I31 -> 117 | L28: 0.75 | M28: ='July 2021'!L31 -> 214 | N28: 0.563 | O28: ='July 2021'!D31 -> 170
A29: Bahrain Bay | B29: =B28+1 -> 28 | C29: 7 | D29: 2021 | E29: ='July 2021'!E32 -> 36898 | F29: 0.029 | G29: ='July 2021'!J32 -> 0 | H29: 0.112 | I29: ='July 2021'!G32*1000 -> 113000 | J29: 0.0361 | K29: ='July 2021'!I32 -> 577 | L29: 0.75 | M29: ='July 2021'!L32 -> 194 | N29: 0.563 | O29: ='July 2021'!D32 -> 215
A30: Bahrain Bay | B30: 29 | C30: 7 | D30: 2021 | E30: ='July 2021'!E33 -> 38976 | F30: 0.029 | G30: ='July 2021'!J33 -> 5940 | H30: 0.112 | I30: ='July 2021'!G33*1000 -> 118000 | J30: 0.0361 | K30: ='July 2021'!I33 -> 504 | L30: 0.75 | M30: ='July 2021'!L33 -> 285 | N30: 0.563 | O30: ='July 2021'!D33 -> 266
A31: Bahrain Bay | B31: 30 | C31: 7 | D31: 2021 | E31: ='July 2021'!E34 -> 39991 | F31: 0.029 | G31: ='July 2021'!J34 -> 0 | H31: 0.112 | I31: ='July 2021'!G34*1000 -> 109000 | J31: 0.0361 | K31: ='July 2021'!I34 -> 606 | L31: 0.75 | M31: ='July 2021'!L34 -> 253 | N31: 0.563 | O31: ='July 2021'!D34 -> 267
A32: Bahrain Bay | B32: 31 | C32: 7 | D32: 2021 | E32: ='July 2021'!E35 -> 41073 | F32: 0.029 | G32: ='July 2021'!J35 -> 0 | H32: 0.112 | I32: ='July 2021'!G35*1000 -> 112000 | J32: 0.0361 | K32: ='July 2021'!I35 -> 560 | L32: 0.75 | M32: ='July 2021'!L35 -> 235 | N32: 0.563 | O32: ='July 2021'!D35 -> 141

Sheet July 2021
B2: Electricity and Utilities Reading
B3: S. No. | C3: Date | E3: Electricity Consumption kWh | F3: Chilled H2O Consumption Reading | G3: Consumption MWh | H3: Potable Water Consumption Reading | I3: Consumption m3 | K3: Irrigation Water Consumption Reading | L3: Consumption m3
D4: RoomNights | J4: LPG (Kg)
B5: 1 | C5: 44378 | D5: 42 | E5: 30187 | F5: 190708 | G5: =F6-F5 -> 62 | H5: 485426 | I5: =H6-H5 -> 493 | J5: 0 | K5: 294782 | L5: =K6-K5 -> 265
B6: 2 | C6: 44379 | D6: 82 | E6: 30000 | F6: 190770 | G6: =F7-F6 -> 81 | H6: 485919 | I6: =H7-H6 -> 474 | J6: 0 | K6: 295047 | L6: =K7-K6 -> 182
B7: 3 | C7: 44380 | D7: 69 | E7: 31000 | F7: 190851 | G7: =F8-F7 -> 79 | H7: 486393 | I7: =H8-H7 -> 152 | J7: 2970 | K7: 295229 | L7: =K8-K7 -> 245
B8: 4 | C8: 44381 | D8: 56 | E8: 31432 | F8: 190930 | G8: =F9-F8 -> 77 | H8: 486545 | I8: =H9-H8 -> 265 | J8: 2970 | K8: 295474 | L8: =K9-K8 -> 254
B9: 5 | C9: 44382 | D9: 57 | E9: 32524 | F9: 191007 | G9: =F10-F9 -> 86 | H9: 486810 | I9: =H10-H9 -> 160 | J9: 0 | K9: 295728 | L9: =K10-K9 -> 265
B10: 6 | C10: 44383 | D10: 60 | E10: 31542 | F10: 191093 | G10: =F11-F10 -> 94 | H10: 486970 | I10: =H11-H10 -> 456 | J10: 2970 | K10: 295993 | L10: =K11-K10 -> 164
B11: 7 | C11: 44384 | D11: 90 | E11: 31820 | F11: 191187 | G11: =F12-F11 -> 81 | H11: 487426 | I11: =H12-H11 -> 36 | J11: 0 | K11: 296157 | L11: =K12-K11 -> 302
B12: 8 | C12: 44385 | D12: 123 | E12: 36453 | F12: 191268 | G12: =F13-F12 -> 80 | H12: 487462 | I12: =H13-H12 -> 529 | J12: 0 | K12: 296459 | L12: =K13-K12 -> 153
B13: 9 | C13: 44386 | D13: 151 | E13: 36908 | F13: 191348 | G13: =F14-F13 -> 92 | H13: 487991 | I13: =H14-H13 -> 266 | J13: 2970 | K13: 296612 | L13: =K14-K13 -> 99
B14: 10 | C14: 44387 | D14: 72 | E14: 37379 | F14: 191440 | G14: =F15-F14 -> 112 | H14: 488257 | I14: =H15-H14 -> 533 | J14: 0 | K14: 296711 | L14: =K15-K14 -> 212
B15: 11 | C15: 44388 | D15: 77 | E15: 36429 | F15: 191552 | G15: =F16-F15 -> 107 | H15: 488790 | I15: =H16-H15 -> 534 | J15: 0 | K15: 296923 | L15: =K16-K15 -> 168
B16: 12 | C16: 44389 | D16: 69 | E16: 36354 | F16: 191659 | G16: =F17-F16 -> 98 | H16: 489324 | I16: =H17-H16 -> 249 | J16: 2970 | K16: 297091 | L16: =K17-K16 -> 272
... B28: 24 | C28: 44401 | D28: 124 | E28: 39854 | F28: 192951 | G28: =F29-F28 -> 110 | H28: 494054 | I28: =H29-H28 -> 521 | J28: 2970 | K28: 299615 | L28: =K29-K28 -> 193
A29: v | B29: 25 | C29: 44402 | D29: 109 | E29: 39542 | F29: 193061 | G29: =F30-F29 -> 110 | H29: 494575 | I29: =H30-H29 -> 326 | J29: 2970 | K29: 299808 | L29: =K30-K29 -> 243
B30: 26 | C30: 44403 | D30: 136 | E30: 39626 | F30: 193171 | G30: =F31-F30 -> 109 | H30: 494901 | I30: =H31-H30 -> 485 | J30: 2970 | K30: 300051 | L30: =K31-K30 -> 226
B31: 27 | C31: 44404 | D31: 170 | E31: 33060 | F31: 193280 | G31: =F32-F31 -> 109 | H31: 495386 | I31: =H32-H31 -> 117 | J31: 2970 | K31: 300277 | L31: =K32-K31 -> 214
B32: 28 | C32: 44405 | D32: 215 | E32: 36898 | F32: 193389 | G32: =F33-F32 -> 113 | H32: 495503 | I32: =H33-H32 -> 577 | J32: 0 | K32: 300491 | L32: =K33-K32 -> 194
B33: 29 | C33: 44406 | D33: 266 | E33: 38976 | F33: 193502 | G33: =F34-F33 -> 118 | H33: 496080 | I33: =H34-H33 -> 504 | J33: 5940 | K33: 300685 | L33: =K34-K33 -> 285
B34: 30 | C34: 44407 | D34: 267 | E34: 39991 | F34: 193620 | G34: =F35-F34 -> 109 | H34: 496584 | I34: =H35-H34 -> 606 | J34: 0 | K34: 300970 | L34: =K35-K34 -> 253
B35: 31 | C35: 44408 | D35: 141 | E35: 41073 | F35: 193729 | G35: =F36-F35 -> 112 | H35: 497190 | I35: =H36-H35 -> 560 | J35: 0 | K35: 301223 | L35: =K36-K35 -> 235
F36: 193841 | H36: 497750 | K36: 301458
I51: k
