Workbook

Sheet Dec 19
B1: Water | I1: Cooling Towers | N1: Gas | T1: Georgia Power | Y1: City Water | AF1: Cooling Towers | AK1: Natural Gas
B2: Meter | I2: Hotel Chillers | K2: Apartment Loop | N2: Meter | Q2: MEZ | T2: Electrical Vault at P1 | Y2: Sidewalk Meter | AF2: Hotel Chillers | AH2: Apartment Loop | AK2: Gas Room at P1 | AN2: MEZ
A3: Date | B3: Bldg Main Meter #1 (CCF) | C3: Meter #2 (CCF) | D3: Fire Main Meter #3 (CCF) | E3: Pump Rm. Gall * 100 | F3: Offices at Level 20 Gall * 100 | G3: Offices at Level 30 Gall * 100 | I3: Make Up Gall * 100 | J3: Blow Down | K3: Make Up Gall * 100 | L3: Blow Down | N3: Corrected CCF *10 | O3: Not Corrected | P3: Engine | Q3: Tower Htg CCF *10 | T3: KWH (*4800) | U3: KW | V3: KQH | X3: Date | Y3: Bldg Main Meter #1 (CCF) | Z3: Meter #2 (CCF) | AA3: Fire Main Meter #3 (CCF) | AB3: Pump Rm. Gall * 100 | AC3: Offices at Level 20 Gall * 100 | AD3: Offices at Level 30 Gall * 100 | AF3: Make Up Gall * 100 | AG3: Blow Down | AH3: Make Up Gall * 100 | AI3: Blow Down | AK3: Corrected CCF *10 | AL3: Not Corrected | AM3: Engine | AN3: Tower Htg CCF *10
A5: LR | B5: =[1]Dec!B5 -> 640188 | C5: 0 | D5: 0 | E5: 0 | F5: 0 | G5: 0 | I5: =[1]Dec!I5 -> 18784 | J5: =[1]Dec!J5 -> 1418 | K5: 0 | L5: 0 | N5: =[1]Dec!N5 -> 216460 | O5: 0 | P5: 0 | Q5: 0 | T5: 0 | U5: 0 | V5: 0
A6: 1 | B6: =[1]Dec!B6 -> 640199 | I6: =[1]Dec!I6 -> 18816 | J6: =[1]Dec!J6 -> 1422 | N6: =[1]Dec!N6 -> 216540 | R6: =Q6-Q5 -> 0 | T6: 0 | U6: 0 | V6: 0 | W6: x | X6: 1 | Y6: =B6-B5 -> 11 | Z6: =C6-C5 -> 0 | AA6: =D6-D5 -> 0 | AB6: =E6-E5 -> 0 | AC6: =F6-F5 -> 0 | AD6: =G6-G5 -> 0 | AF6: =I6-I5 -> 32 | AG6: =J6-J5 -> 4 | AH6: =K6-K5 -> 0 | AI6: =L6-L5 -> 0 | AK6: =N6-N5 -> 80 | AL6: =O6-O5 -> 0 | AM6: =P6-P5 -> 0 | AN6: =Q6-Q5 -> 0
A7: 2 | R7: =Q7-Q6 -> 0 | W7: x | X7: 2 | Y7: =B7-B6 -> -640199 | Z7: =C7-C6 -> 0 | AA7: =D7-D6 -> 0 | AB7: =E7-E6 -> 0 | AC7: =F7-F6 -> 0 | AD7: =G7-G6 -> 0 | AF7: =I7-I6 -> -18816 | AG7: =J7-J6 -> -1422 | AH7: =K7-K6 -> 0 | AI7: =L7-L6 -> 0 | AK7: =N7-N6 -> -216540 | AL7: =O7-O6 -> 0 | AM7: =P7-P6 -> 0 | AN7: =Q7-Q6 -> 0
A8: 3 | R8: =Q8-Q7 -> 0 | W8: x | X8: 3 | Y8: =B8-B7 -> 0 | Z8: =C8-C7 -> 0 | AA8: =D8-D7 -> 0 | AB8: =E8-E7 -> 0 | AC8: =F8-F7 -> 0 | AD8: =G8-G7 -> 0 | AF8: =I8-I7 -> 0 | AG8: =J8-J7 -> 0 | AH8: =K8-K7 -> 0 | AI8: =L8-L7 -> 0 | AK8: =N8-N7 -> 0 | AL8: =O8-O7 -> 0 | AM8: =P8-P7 -> 0 | AN8: =Q8-Q7 -> 0
A9: 4 | R9: =Q9-Q8 -> 0 | W9: x | X9: 4 | Y9: =B9-B8 -> 0 | Z9: =C9-C8 -> 0 | AA9: =D9-D8 -> 0 | AB9: =E9-E8 -> 0 | AC9: =F9-F8 -> 0 | AD9: =G9-G8 -> 0 | AF9: =I9-I8 -> 0 | AG9: =J9-J8 -> 0 | AH9: =K9-K8 -> 0 | AI9: =L9-L8 -> 0 | AK9: =N9-N8 -> 0 | AL9: =O9-O8 -> 0 | AM9: =P9-P8 -> 0 | AN9: =Q9-Q8 -> 0
A10: 5 | R10: =Q10-Q9 -> 0 | W10: x | X10: 5 | Y10: =B10-B9 -> 0 | Z10: =C10-C9 -> 0 | AA10: =D10-D9 -> 0 | AB10: =E10-E9 -> 0 | AC10: =F10-F9 -> 0 | AD10: =G10-G9 -> 0 | AF10: =I10-I9 -> 0 | AG10: =J10-J9 -> 0 | AH10: =K10-K9 -> 0 | AI10: =L10-L9 -> 0 | AK10: =N10-N9 -> 0 | AL10: =O10-O9 -> 0 | AM10: =P10-P9 -> 0 | AN10: =Q10-Q9 -> 0
A11: 6 | R11: =Q11-Q10 -> 0 | W11: x | X11: 6 | Y11: =B11-B10 -> 0 | Z11: =C11-C10 -> 0 | AA11: =D11-D10 -> 0 | AB11: =E11-E10 -> 0 | AC11: =F11-F10 -> 0 | AD11: =G11-G10 -> 0 | AF11: =I11-I10 -> 0 | AG11: =J11-J10 -> 0 | AH11: =K11-K10 -> 0 | AI11: =L11-L10 -> 0 | AK11: =N11-N10 -> 0 | AL11: =O11-O10 -> 0 | AM11: =P11-P10 -> 0 | AN11: =Q11-Q10 -> 0
A12: 7 | R12: =Q12-Q11 -> 0 | W12: x | X12: 7 | Y12: =B12-B11 -> 0 | Z12: =C12-C11 -> 0 | AA12: =D12-D11 -> 0 | AB12: =E12-E11 -> 0 | AC12: =F12-F11 -> 0 | AD12: =G12-G11 -> 0 | AF12: =I12-I11 -> 0 | AG12: =J12-J11 -> 0 | AH12: =K12-K11 -> 0 | AI12: =L12-L11 -> 0 | AK12: =N12-N11 -> 0 | AL12: =O12-O11 -> 0 | AM12: =P12-P11 -> 0 | AN12: =Q12-Q11 -> 0
A13: 8 | R13: =Q13-Q12 -> 0 | W13: x | X13: 8 | Y13: =B13-B12 -> 0 | Z13: =C13-C12 -> 0 | AA13: =D13-D12 -> 0 | AB13: =E13-E12 -> 0 | AC13: =F13-F12 -> 0 | AD13: =G13-G12 -> 0 | AF13: =I13-I12 -> 0 | AG13: =J13-J12 -> 0 | AH13: =K13-K12 -> 0 | AI13: =L13-L12 -> 0 | AK13: =N13-N12 -> 0 | AL13: =O13-O12 -> 0 | AM13: =P13-P12 -> 0 | AN13: =Q13-Q12 -> 0
A14: 9 | R14: =Q14-Q13 -> 0 | W14: x | X14: 9 | Y14: =B14-B13 -> 0 | Z14: =C14-C13 -> 0 | AA14: =D14-D13 -> 0 | AB14: =E14-E13 -> 0 | AC14: =F14-F13 -> 0 | AD14: =G14-G13 -> 0 | AF14: =I14-I13 -> 0 | AG14: =J14-J13 -> 0 | AH14: =K14-K13 -> 0 | AI14: =L14-L13 -> 0 | AK14: =N14-N13 -> 0 | AL14: =O14-O13 -> 0 | AM14: =P14-P13 -> 0 | AN14: =Q14-Q13 -> 0
A15: 10 | R15: =Q15-Q14 -> 0 | W15: x | X15: 10 | Y15: =B15-B14 -> 0 | Z15: =C15-C14 -> 0 | AA15: =D15-D14 -> 0 | AB15: =E15-E14 -> 0 | AC15: =F15-F14 -> 0 | AD15: =G15-G14 -> 0 | AF15: =I15-I14 -> 0 | AG15: =J15-J14 -> 0 | AH15: =K15-K14 -> 0 | AI15: =L15-L14 -> 0 | AK15: =N15-N14 -> 0 | AL15: =O15-O14 -> 0 | AM15: =P15-P14 -> 0 | AN15: =Q15-Q14 -> 0
A16: 11 | R16: =Q16-Q15 -> 0 | W16: x | X16: 11 | Y16: =B16-B15 -> 0 | Z16: =C16-C15 -> 0 | AA16: =D16-D15 -> 0 | AB16: =E16-E15 -> 0 | AC16: =F16-F15 -> 0 | AD16: =G16-G15 -> 0 | AF16: =I16-I15 -> 0 | AG16: =J16-J15 -> 0 | AH16: =K16-K15 -> 0 | AI16: =L16-L15 -> 0 | AK16: =N16-N15 -> 0 | AL16: =O16-O15 -> 0 | AM16: =P16-P15 -> 0 | AN16: =Q16-Q15 -> 0
A17: 12 | R17: =Q17-Q16 -> 0 | W17: x | X17: 12 | Y17: =B17-B16 -> 0 | Z17: =C17-C16 -> 0 | AA17: =D17-D16 -> 0 | AB17: =E17-E16 -> 0 | AC17: =F17-F16 -> 0 | AD17: =G17-G16 -> 0 | AF17: =I17-I16 -> 0 | AG17: =J17-J16 -> 0 | AH17: =K17-K16 -> 0 | AI17: =L17-L16 -> 0 | AK17: =N17-N16 -> 0 | AL17: =O17-O16 -> 0 | AM17: =P17-P16 -> 0 | AN17: =Q17-Q16 -> 0
A18: 13 | R18: =Q18-Q17 -> 0 | W18: x | X18: 13 | Y18: =B18-B17 -> 0 | Z18: =C18-C17 -> 0 | AA18: =D18-D17 -> 0 | AB18: =E18-E17 -> 0 | AC18: =F18-F17 -> 0 | AD18: =G18-G17 -> 0 | AF18: =I18-I17 -> 0 | AG18: =J18-J17 -> 0 | AH18: =K18-K17 -> 0 | AI18: =L18-L17 -> 0 | AK18: =N18-N17 -> 0 | AL18: =O18-O17 -> 0 | AM18: =P18-P17 -> 0 | AN18: =Q18-Q17 -> 0
... A35: 30 | R35: =Q35-Q34 -> 0 | W35: x | X35: 30 | Y35: =B35-B34 -> 0 | Z35: =C35-C34 -> 0 | AA35: =D35-D34 -> 0 | AB35: =E35-E34 -> 0 | AC35: =F35-F34 -> 0 | AD35: =G35-G34 -> 0 | AF35: =I35-I34 -> 0 | AG35: =J35-J34 -> 0 | AH35: =K35-K34 -> 0 | AI35: =L35-L34 -> 0 | AK35: =N35-N34 -> 0 | AL35: =O35-O34 -> 0 | AM35: =P35-P34 -> 0 | AN35: =Q35-Q34 -> 0
A36: 31 | B36: =[1]Dec!B36 -> 641288 | I36: =[1]Dec!I36 -> 19163 | J36: =[1]Dec!J36 -> 1474 | N36: =[1]Dec!N36 -> 218830 | R36: =Q36-Q35 -> 0 | T36: 0 | U36: 0 | V36: 0 | W36: x | X36: 31 | Y36: =B36-B35 -> 641288 | Z36: =C36-C35 -> 0 | AA36: =D36-D35 -> 0 | AB36: =E36-E35 -> 0 | AC36: =F36-F35 -> 0 | AD36: =G36-G35 -> 0 | AF36: =I36-I35 -> 19163 | AG36: =J36-J35 -> 1474 | AH36: =K36-K35 -> 0 | AI36: =L36-L35 -> 0 | AK36: =N36-N35 -> 218830 | AL36: =O36-O35 -> 0 | AM36: =P36-P35 -> 0 | AN36: =Q36-Q35 -> 0
B37: (6 Digits) | E37: (6 Digits) | F37: (5 Digits) | G37: (5 Digits) | I37: (5 Digits) | J37: (4 Digits) | K37: (5 Digits) | L37: (4 Digits) | N37: (6 Digits) | O37: (6 Digits) | P37: (6 Digits) | Q37: (5 Digits)
A39: LD | B39: =LARGE(B5:B36, 1) -> 641288 | C39: =LARGE(C5:C36, 1) -> 0 | D39: =LARGE(D5:D36, 1) -> 0 | E39: =LARGE(E5:E36, 1) -> 0 | F39: =LARGE(F5:F36, 1) -> 0 | G39: =LARGE(G5:G36, 1) -> 0 | I39: =LARGE(I5:I36, 1) -> 19163 | J39: =LARGE(J5:J36, 1) -> 1474 | K39: =LARGE(K5:K36, 1) -> 0 | L39: =LARGE(L5:L36, 1) -> 0 | N39: =LARGE(N5:N36, 1) -> 218830 | O39: =LARGE(O5:O36, 1) -> 0 | P39: =LARGE(P5:P36, 1) -> 0 | Q39: =LARGE(Q5:Q36, 1) -> 0 | T39: =LARGE(T5:T36, 1) -> 0 | U39: =LARGE(U5:U36, 1) -> 0 | V39: =LARGE(V5:V36, 1) -> 0 | X39: AVG | Y39: =AVERAGE(Y6:Y36) -> 35.483871 | Z39: =AVERAGE(Z6:Z36) -> 0 | AA39: =AVERAGE(AA6:AA36) -> 0 | AB39: =AVERAGE(AB6:AB36) -> 0 | AC39: =AVERAGE(AC6:AC36) -> 0 | AD39: =AVERAGE(AD6:AD36) -> 0 | AF39: =AVERAGE(AF6:AF36) -> 12.225806 | AG39: =AVERAGE(AG6:AG36) -> 1.8064516 | AH39: =AVERAGE(AH6:AH36) -> 0 | AI39: =AVERAGE(AI6:AI36) -> 0 | AK39: =AVERAGE(AK6:AK36) -> 76.451613 | AL39: =AVERAGE(AL6:AL36) -> 0 | AM39: =AVERAGE(AM6:AM36) -> 0 | AN39: =AVERAGE(AN6:AN36) -> 0
B41: Consumption: | X41: PRV AVG
B42: =B39-B5 -> 1100 | C42: =C39-C5 -> 0 | D42: =D39-D5 -> 0 | E42: =E39-E5 -> 0 | F42: =F39-F5 -> 0 | G42: =G39-G5 -> 0 | I42: =I39-I5 -> 379 | J42: =J39-J5 -> 56 | K42: =K39-K5 -> 0 | L42: =L39-L5 -> 0 | N42: =N39-N5 -> 2370 | O42: =O39-O5 -> 0 | P42: =P39-P5 -> 0 | Q42: =Q39-Q5 -> 0 | T42: =T39-T5 -> 0 | U42: =U39-U5 -> 0 | V42: =V39-V5 -> 0 | Y42: ='Dec 19'!Y39 -> 35.483871 | Z42: ='Dec 19'!Z39 -> 0 | AA42: ='Dec 19'!AA39 -> 0 | AB42: ='Dec 19'!AB39 -> 0 | AC42: ='Dec 19'!AC39 -> 0 | AD42: ='Dec 19'!AD39 -> 0 | AF42: ='Dec 19'!AF39 -> 12.225806 | AG42: ='Dec 19'!AG39 -> 1.8064516 | AH42: ='Dec 19'!AH39 -> 0 | AI42: ='Dec 19'!AI39 -> 0 | AK42: ='Dec 19'!AK39 -> 76.451613 | AL42: ='Dec 19'!AL39 -> 0 | AM42: ='Dec 19'!AM39 -> 0 | AN42: ='Dec 19'!AN39 -> 0
X43: 1.5 | Y43: =Y42*$X$43 -> 53.225806 | Z43: =Z42*$X$43 -> 0 | AA43: =AA42*$X$43 -> 0 | AB43: =AB42*$X$43 -> 0 | AC43: =AC42*$X$43 -> 0 | AD43: =AD42*$X$43 -> 0 | AF43: =AF42*$X$43 -> 18.33871 | AG43: =AG42*$X$43 -> 2.7096774 | AH43: =AH42*$X$43 -> 0 | AI43: =AI42*$X$43 -> 0 | AK43: =AK42*$X$43 -> 114.67742 | AL43: =AL42*$X$43 -> 0 | AM43: =AM42*$X$43 -> 0 | AN43: =AN42*$X$43 -> 0
R44: AVG | X44: 0.5 | Y44: =Y42*$X$44 -> 17.741935 | Z44: =Z42*$X$44 -> 0 | AA44: =AA42*$X$44 -> 0 | AB44: =AB42*$X$44 -> 0 | AC44: =AC42*$X$44 -> 0 | AD44: =AD42*$X$44 -> 0 | AF44: =AF42*$X$44 -> 6.1129032 | AG44: =AG42*$X$44 -> 0.90322581 | AH44: =AH42*$X$44 -> 0 | AI44: =AI42*$X$44 -> 0 | AK44: =AK42*$X$44 -> 38.225806 | AL44: =AL42*$X$44 -> 0 | AM44: =AM42*$X$44 -> 0 | AN44: =AN42*$X$44 -> 0
R45: =AVERAGE(R6:R36) -> 0
Y46: Note 1 | Z46: Normal formating for cells where the daily average consumption is within range from the previous month's average range noted above.
Y47: Note 2 | Z47: Indicates the daily average for that day is outside the average range for that meter, based on the previous month's averages. Not necessarily a problem, just something to keeep an eye on.
X48: ! | Y48: Note 3 | Z48: This RED FLAG should be brought to Management for further review as to why it is more than twice the monthly average. Still can be explained, depending on the meter, but warrants immediate review to minimize impact to utilities and/or billing.
Y49: Note 4 | Z49: This is the same calculation as the RED FLAG, but is a known non-issue (example: Emergency Generator run once a week, plus bi-monthly inspections)
X50: ! | Y50: Note 5 | Z50: THIS IS AN ISSUE. METERS DO NOT RUN BACKWARDS, THUS NO NEGATIVE READINGS ALLOWED. Check for a simple typo or transposed number in the reading and/or verify the meter reading logged is correct by physically checking meter again.
R51: =AVERAGE(R6:R36) -> 0

Sheet Annual Consumption
J1: Cooling Towers
C2: Water | J2: Hotel Chillers | L2: Apartment Loop | O2: Gas | T2: Georgia Power
B3: Monthly Average Consumption | C3: Bldg Main Meter #1 (CCF) | D3: Meter #2 (CCF) | E3: Fire Main Meter #3 (CCF) | F3: Pump Rm. Gall * 100 | G3: Offices at Level 20 Gall * 100 | H3: Offices at Level 30 Gall * 100 | J3: Make Up Gall * 100 | K3: Blow Down | L3: Make Up Gall * 100 | M3: Blow Down | O3: Corrected CCF *10 | P3: Not Corrected | Q3: Engine | R3: Tower Htg CCF *10 | T3: KWH (*4800) | U3: KW | V3: KQH | X3: Tower Htg CCF Daily Consumption AVG | Y3: Water Savings | Z3: Gas Savings
A4: x | B4: JAN | C4: =Jan!B42 -> 2446 | D4: =Jan!C42 -> 0 | E4: =Jan!D42 -> 0 | F4: =Jan!E42 -> 0 | G4: =Jan!F42 -> 0 | H4: =Jan!G42 -> 0 | I4: =Jan!H42 -> 0 | J4: =Jan!I42 -> 362 | ... R4: =Jan!Q42 -> 457 | S4: =Jan!S42 -> 0 | T4: =Jan!T42 -> 0 | U4: =Jan!U42 -> 0 | V4: =Jan!V42 -> 0 | X4: =Jan!$R$51 -> -693.22581
A5: x | B5: FEB | C5: =Feb!B42 -> 1834 | D5: =Feb!C42 -> 0 | E5: =Feb!D42 -> 0 | F5: =Feb!E42 -> 0 | G5: =Feb!F42 -> 0 | H5: =Feb!G42 -> 0 | I5: =Feb!H42 -> 0 | J5: =Feb!I42 -> 345 | ... R5: =Feb!Q42 -> 0 | S5: =Feb!S42 -> 0 | T5: =Feb!T42 -> 0 | U5: =Feb!U42 -> 0 | V5: =Feb!V42 -> 0 | X5: =Feb!$R$51 -> -783.82143 | Y5: =IF(C5=0,0,1-(C5/C4)) -> 0.25020442 | Z5: =IF(O5=0,0,1-(O5/O4)) -> 0.089255642 | AC5: April | AD5: April | AE5: April
A6: x | B6: MAR | C6: =Mar!B42 -> 1478 | D6: =Mar!C42 -> 0 | E6: =Mar!D42 -> 0 | F6: =Mar!E42 -> 0 | G6: =Mar!F42 -> 0 | H6: =Mar!G42 -> 0 | I6: =Mar!H42 -> 0 | J6: =Mar!I42 -> 591 | ... R6: =Mar!Q42 -> 0 | S6: =Mar!S42 -> 0 | T6: =Mar!T42 -> 0 | U6: =Mar!U42 -> 0 | V6: =Mar!V42 -> 0 | X6: =Mar!$R$51 -> -707.96774 | Y6: =IF(C6=0,0,1-(C6/C5)) -> 0.19411123 | Z6: =IF(O6=0,0,1-(O6/O5)) -> 0.33579882 | AC6: 2019 | AD6: 2020 | AE6: Savings | AF6: Consumption
A7: x | B7: APR | C7: =Apr!B42 -> 777 | D7: =Apr!C42 -> 0 | E7: =Apr!D42 -> 0 | F7: =Apr!E42 -> 0 | G7: =Apr!F42 -> 0 | H7: =Apr!G42 -> 0 | I7: =Apr!H42 -> 0 | J7: =Apr!I42 -> 398 | ... R7: =Apr!Q42 -> 0 | S7: =Apr!S42 -> 0 | T7: =Apr!T42 -> 0 | U7: =Apr!U42 -> 0 | V7: =Apr!V42 -> 0 | X7: =Apr!$R$45 -> -731.56667 | Y7: =IF(C7=0,0,1-(C7/C6)) -> 0.47428958 | Z7: =IF(O7=0,0,1-(O7/O6)) -> 0.66536748 | AB7: Electric | AC7: 792022 | AD7: 503820 | AE7: =1-(AD7/AC7) -> 0.36388131 | AF7: =AD7/AC7 -> 0.63611869 | AG7: =AE7+AF7 -> 1 | AH7: COVID-19 Impact to Renovation/Hotel
A8: x | B8: MAY | C8: =May!B42 -> 1042 | D8: =May!C42 -> 0 | E8: =May!D42 -> 0 | F8: =May!E42 -> 0 | G8: =May!F42 -> 0 | H8: =May!G42 -> 0 | I8: =May!H42 -> 0 | J8: =May!I42 -> 501 | ... R8: =May!Q42 -> 0 | S8: =May!S42 -> 0 | T8: =May!T42 -> 0 | U8: =May!U42 -> 0 | V8: =May!V42 -> 0 | X8: =May!$R$51 -> -707.96774 | Y8: =IF(C8=0,0,1-(C8/C7)) -> -0.34105534 | Z8: =IF(O8=0,0,1-(O8/O7)) -> 0.034941764 | AB8: Gas | AC8: 1279 | AD8: 601 | AE8: =1-(AD8/AC8) -> 0.53010164 | AF8: =AD8/AC8 -> 0.46989836 | AG8: =AE8+AF8 -> 1
B9: JUN | C9: =Jun!B42 -> 1085 | D9: =Jun!C42 -> 0 | E9: =Jun!D42 -> 0 | F9: =Jun!E42 -> 0 | G9: =Jun!F42 -> 0 | H9: =Jun!G42 -> 0 | I9: =Jun!H42 -> 0 | J9: =Jun!I42 -> 636 | ... R9: =Jun!Q42 -> 0 | S9: =Jun!S42 -> 0 | T9: =Jun!T42 -> 0 | U9: =Jun!U42 -> 0 | V9: =Jun!V42 -> 0 | X9: =Jun!$R$51 -> -707.96774 | Y9: =IF(C9=0,0,1-(C9/C8)) -> -0.041266795 | Z9: =IF(O9=0,0,1-(O9/O8)) -> -0.067241379 | AB9: Water | AC9: 2472 | AD9: 777 | AE9: =1-(AD9/AC9) -> 0.68567961 | AF9: =AD9/AC9 -> 0.31432039 | AG9: =AE9+AF9 -> 1
B10: JUL | C10: =Jul!B42 -> 0 | D10: =Jul!#REF! -> #REF! | E10: =Jul!#REF! -> #REF! | F10: =Jul!#REF! -> #REF! | G10: =Jul!#REF! -> #REF! | H10: =Jul!#REF! -> #REF! | I10: =Jul!C42 -> 0 | J10: =Jul!D42 -> 0 | K10: =Jul!E42 -> 0 | L10: =Jul!#REF! -> #REF! | M10: =Jul!#REF! -> #REF! | N10: =Jul!F42 -> 0 | O10: =Jul!G42 -> 0 | P10: =Jul!#REF! -> #REF! | Q10: =Jul!#REF! -> #REF! | R10: =Jul!#REF! -> #REF! | S10: =Jul!I42 -> 0 | T10: =Jul!J42 -> 0 | U10: =Jul!K42 -> 0 | V10: =Jul!L42 -> 0 | X10: =Jul!$H$51 -> #REF! | Y10: =IF(C10=0,0,1-(C10/C9)) -> 0 | Z10: =IF(O10=0,0,1-(O10/O9)) -> 0
B11: AUG | C11: =Aug!B42 -> #NUM! | D11: =Aug!#REF! -> #REF! | E11: =Aug!#REF! -> #REF! | F11: =Aug!#REF! -> #REF! | G11: =Aug!#REF! -> #REF! | H11: =Aug!#REF! -> #REF! | I11: =Aug!C42 -> 0 | J11: =Aug!D42 -> #NUM! | K11: =Aug!E42 -> #NUM! | L11: =Aug!#REF! -> #REF! | M11: =Aug!#REF! -> #REF! | N11: =Aug!F42 -> 0 | O11: =Aug!G42 -> #NUM! | P11: =Aug!#REF! -> #REF! | Q11: =Aug!#REF! -> #REF! | R11: =Aug!#REF! -> #REF! | S11: =Aug!I42 -> 0 | T11: =Aug!J42 -> 0 | U11: =Aug!K42 -> 0 | V11: =Aug!L42 -> 0 | X11: =Aug!$H$51 -> #REF! | Y11: =IF(C11=0,0,1-(C11/C10)) -> #NUM! | Z11: =IF(O11=0,0,1-(O11/O10)) -> #NUM!
B12: SEP | C12: =Sep!B42 -> 605 | D12: =Sep!#REF! -> #REF! | E12: =Sep!#REF! -> #REF! | F12: =Sep!#REF! -> #REF! | G12: =Sep!#REF! -> #REF! | H12: =Sep!#REF! -> #REF! | I12: =Sep!C42 -> 0 | J12: =Sep!D42 -> 592 | K12: =Sep!E42 -> 68 | L12: =Sep!#REF! -> #REF! | M12: =Sep!#REF! -> #REF! | N12: =Sep!F42 -> 0 | O12: =Sep!G42 -> 532 | P12: =Sep!#REF! -> #REF! | Q12: =Sep!#REF! -> #REF! | R12: =Sep!#REF! -> #REF! | S12: =Sep!I42 -> 0 | T12: =Sep!J42 -> 0 | U12: =Sep!K42 -> 0 | V12: =Sep!L42 -> 0 | X12: =Sep!$H$51 -> #REF! | Y12: =IF(C12=0,0,1-(C12/C11)) -> #NUM! | Z12: =IF(O12=0,0,1-(O12/O11)) -> #NUM!
B13: OCT | C13: =Oct!B42 -> 1597 | D13: =Oct!#REF! -> #REF! | E13: =Oct!#REF! -> #REF! | F13: =Oct!#REF! -> #REF! | G13: =Oct!#REF! -> #REF! | H13: =Oct!#REF! -> #REF! | I13: =Oct!C42 -> 0 | J13: =Oct!D42 -> 24763 | K13: =Oct!E42 -> 2656 | L13: =Oct!#REF! -> #REF! | M13: =Oct!#REF! -> #REF! | N13: =Oct!F42 -> 0 | O13: =Oct!G42 -> 230589 | P13: =Oct!#REF! -> #REF! | Q13: =Oct!#REF! -> #REF! | R13: =Oct!#REF! -> #REF! | S13: =Oct!I42 -> 0 | T13: =Oct!J42 -> 0 | U13: =Oct!K42 -> 0 | V13: =Oct!L42 -> 0 | X13: =Oct!$H$51 -> #REF! | Y13: =IF(C13=0,0,1-(C13/C12)) -> -1.6396694 | Z13: =IF(O13=0,0,1-(O13/O12)) -> -432.43797
B14: NOV | C14: =Nov!B42 -> 945 | D14: =Nov!#REF! -> #REF! | E14: =Nov!#REF! -> #REF! | F14: =Nov!#REF! -> #REF! | G14: =Nov!#REF! -> #REF! | H14: =Nov!#REF! -> #REF! | I14: =Nov!C42 -> 0 | J14: =Nov!D42 -> 400 | K14: =Nov!E42 -> 78 | L14: =Nov!#REF! -> #REF! | M14: =Nov!#REF! -> #REF! | N14: =Nov!F42 -> 0 | O14: =Nov!G42 -> 1122 | P14: =Nov!#REF! -> #REF! | Q14: =Nov!#REF! -> #REF! | R14: =Nov!#REF! -> #REF! | S14: =Nov!I42 -> 0 | T14: =Nov!J42 -> 0 | U14: =Nov!K42 -> 0 | V14: =Nov!L42 -> 0 | X14: =Nov!$H$51 -> #REF! | Y14: =IF(C14=0,0,1-(C14/C13)) -> 0.4082655 | Z14: =IF(O14=0,0,1-(O14/O13)) -> 0.9951342
B15: DEC | C15: =Dec!B42 -> 816 | D15: =Dec!#REF! -> #REF! | E15: =Dec!#REF! -> #REF! | F15: =Dec!#REF! -> #REF! | G15: =Dec!#REF! -> #REF! | H15: =Dec!#REF! -> #REF! | I15: =Dec!C42 -> 0 | J15: =Dec!D42 -> 214 | K15: =Dec!E42 -> 36 | L15: =Dec!#REF! -> #REF! | M15: =Dec!#REF! -> #REF! | N15: =Dec!F42 -> 0 | O15: =Dec!G42 -> 1917 | P15: =Dec!#REF! -> #REF! | Q15: =Dec!#REF! -> #REF! | R15: =Dec!#REF! -> #REF! | S15: =Dec!I42 -> 0 | T15: =Dec!J42 -> 0 | U15: =Dec!K42 -> 0 | V15: =Dec!L42 -> 0 | X15: =Dec!$H$51 -> #REF! | Y15: =IF(C15=0,0,1-(C15/C14)) -> 0.13650794 | Z15: =IF(O15=0,0,1-(O15/O14)) -> -0.70855615
B16: JAN 19 | C16: =#REF! -> #REF! | D16: =#REF! -> #REF! | E16: =#REF! -> #REF! | F16: =#REF! -> #REF! | G16: =#REF! -> #REF! | H16: =#REF! -> #REF! | I16: =#REF! -> #REF! | J16: =#REF! -> #REF! | ... V16: =#REF! -> #REF!
B18: AVG (YTD) | C18: =AVERAGEIF($A$4:$A$16, "x", C4:C16) -> 1515.4 | D18: =AVERAGEIF($A$4:$A$16, "x", D4:D16) -> 0 | E18: =AVERAGEIF($A$4:$A$16, "x", E4:E16) -> 0 | F18: =AVERAGEIF($A$4:$A$16, "x", F4:F16) -> 0 | G18: =AVERAGEIF($A$4:$A$16, "x", G4:G16) -> 0 | H18: =AVERAGEIF($A$4:$A$16, "x", H4:H16) -> 0 | J18: =AVERAGEIF($A$4:$A$16, "x", J4:J16) -> 439.4 | K18: =AVERAGEIF($A$4:$A$16, "x", K4:K16) -> 94.4 | L18: =AVERAGEIF($A$4:$A$16, "x", L4:L16) -> 0 | M18: =AVERAGEIF($A$4:$A$16, "x", M4:M16) -> 0 | O18: =AVERAGEIF($A$4:$A$16, "x", O4:O16) -> 1730 | P18: =AVERAGEIF($A$4:$A$16, "x", P4:P16) -> 126.2 | Q18: =AVERAGEIF($A$4:$A$16, "x", Q4:Q16) -> 18.8 | R18: =AVERAGEIF($A$4:$A$16, "x", R4:R16) -> 91.4 | T18: =AVERAGEIF($A$4:$A$16, "x", T4:T16) -> 0 | U18: =AVERAGEIF($A$4:$A$16, "x", U4:U16) -> 0 | V18: =AVERAGEIF($A$4:$A$16, "x", V4:V16) -> 0 | AC18: YTD | AD18: YTD | AE18: YTD | AF18: JAN - APR
B19: 1.5 | C19: =C18*$B$19 -> 2273.1 | D19: =D18*$B$19 -> 0 | E19: =E18*$B$19 -> 0 | F19: =F18*$B$19 -> 0 | G19: =G18*$B$19 -> 0 | H19: =H18*$B$19 -> 0 | J19: =J18*$B$19 -> 659.1 | K19: =K18*$B$19 -> 141.6 | L19: =L18*$B$19 -> 0 | M19: =M18*$B$19 -> 0 | O19: =O18*$B$19 -> 2595 | P19: =P18*$B$19 -> 189.3 | Q19: =Q18*$B$19 -> 28.2 | R19: =R18*$B$19 -> 137.1 | T19: =T18*$B$19 -> 0 | U19: =U18*$B$19 -> 0 | V19: =V18*$B$19 -> 0 | AC19: 2019 | AD19: 2020 | AE19: Savings | AF19: Consumption
B20: 0.5 | C20: =C18*$B$20 -> 757.7 | D20: =D18*$B$20 -> 0 | E20: =E18*$B$20 -> 0 | F20: =F18*$B$20 -> 0 | G20: =G18*$B$20 -> 0 | H20: =H18*$B$20 -> 0 | J20: =J18*$B$20 -> 219.7 | K20: =K18*$B$20 -> 47.2 | L20: =L18*$B$20 -> 0 | M20: =M18*$B$20 -> 0 | O20: =O18*$B$20 -> 865 | P20: =P18*$B$20 -> 63.1 | Q20: =Q18*$B$20 -> 9.4 | R20: =R18*$B$20 -> 45.7 | T20: =T18*$B$20 -> 0 | U20: =U18*$B$20 -> 0 | V20: =V18*$B$20 -> 0 | AB20: Electric | AC20: 2937149 | AD20: 2674360 | AE20: =1-(AD20/AC20) -> 0.089470776 | AF20: =AD20/AC20 -> 0.91052922 | AG20: =AE20+AF20 -> 1 | AH20: (Jan - Mar = 0.5% to 1.5% over 2019)
AB21: Gas | AC21: 10821 | AD21: 8070 | AE21: =1-(AD21/AC21) -> 0.25422789 | AF21: =AD21/AC21 -> 0.74577211 | AG21: =AE21+AF21 -> 1
J22: Cooling Towers | AB22: Water | AC22: 8805 | AD22: 6535 | AE22: =1-(AD22/AC22) -> 0.25780806 | AF22: =AD22/AC22 -> 0.74219194 | AG22: =AE22+AF22 -> 1 | AH22: (Jan - Mar = 11.3% under 2019)
C23: Water | J23: Hotel Chillers | L23: Apartment Loop | O23: Gas | T23: Georgia Power
B24: Daily Average Consumption | C24: Bldg Main Meter #1 (CCF) | D24: Meter #2 (CCF) | E24: Fire Main Meter #3 (CCF) | F24: Pump Rm. Gall * 100 | G24: Offices at Level 20 Gall * 100 | H24: Offices at Level 30 Gall * 100 | J24: Make Up Gall * 100 | K24: Blow Down | L24: Make Up Gall * 100 | M24: Blow Down | O24: Corrected CCF *10 | P24: Not Corrected | Q24: Engine | R24: Tower Htg CCF *10 | T24: KWH (*4800) | U24: KW | V24: KQH | X24: Water Savings | Y24: Gas Savings
A25: =IF(A4="","",A4) -> x | B25: JAN | C25: =Jan!Y39 -> 78.903226 | D25: =Jan!Z39 -> 0 | E25: =Jan!AA39 -> 0 | F25: =Jan!AB39 -> -31397.677 | G25: =Jan!AC39 -> -2518.7097 | H25: =Jan!AD39 -> -704.19355 | I25: =Jan!AE39 -> 0 | J25: =Jan!AF39 -> 11.677419 | ... R25: =Jan!AN39 -> -693.22581 | S25: 0 | T25: 0 | U25: 0 | V25: 0 | W25: 0 | AC25: May | AD25: May | AE25: May
A26: =IF(A5="","",A5) -> x | B26: FEB | C26: =Feb!Y39 -> 63.241379 | D26: =Feb!Z39 -> 0 | E26: =Feb!AA39 -> 0 | F26: =Feb!AB39 -> -33563.034 | G26: =Feb!AC39 -> -2692.4138 | H26: =Feb!AD39 -> -752.75862 | I26: =Feb!AE39 -> 0 | J26: =Feb!AF39 -> 11.896552 | ... R26: =Feb!AN39 -> -756.7931 | X26: =IF(C26<=0,0,1-(C26/C25)) -> 0.19849438 | Y26: =IF(O26<=0,0,1-(O26/O25)) -> 0.026445686 | AC26: 2019 | AD26: 2020 | AE26: Savings | AF26: Consumption
A27: =IF(A6="","",A6) -> x | B27: MAR | C27: =Mar!Y39 -> 47.677419 | D27: =Mar!Z39 -> 0 | E27: =Mar!AA39 -> 0 | F27: =Mar!AB39 -> -31397.677 | G27: =Mar!AC39 -> -2518.7097 | H27: =Mar!AD39 -> -704.19355 | I27: =Mar!AE39 -> 0 | J27: =Mar!AF39 -> 19.064516 | ... R27: =Mar!AN39 -> -707.96774 | X27: =IF(C27<=0,0,1-(C27/C26)) -> 0.24610406 | Y27: =IF(O27<=0,0,1-(O27/O26)) -> 0.37865051 | AB27: Electric | AC27: 800427 | AD27: =(AD20/121)*31 -> 685166.61 | AE27: =1-(AD27/AC27) -> 0.14399863 | AF27: =AD27/AC27 -> 0.85600137 | AG27: =AE27+AF27 -> 1 | AH27: MAY Daily AVG = 22102 * 31 days
A28: =IF(A7="","",A7) -> x | B28: APR | C28: =Apr!Y39 -> 25.9 | D28: =Apr!Z39 -> 0 | E28: =Apr!AA39 -> 0 | F28: =Apr!AB39 -> -32444.267 | G28: =Apr!AC39 -> -2602.6667 | H28: =Apr!AD39 -> -727.66667 | I28: =Apr!AE39 -> 0 | J28: =Apr!AF39 -> 13.266667 | ... R28: =Apr!AN39 -> -731.56667 | X28: =IF(C28<=0,0,1-(C28/C27)) -> 0.4567659 | Y28: =IF(O28<=0,0,1-(O28/O27)) -> 0.65421307 | AB28: Gas | AC28: 1279 | AD28: =O29*31 -> 580 | AE28: =1-(AD28/AC28) -> 0.54652072 | AF28: =AD28/AC28 -> 0.45347928 | AG28: =AE28+AF28 -> 1 | AH28: MAY Daily AVG = 18 * 31 days
A29: =IF(A8="","",A8) -> x | B29: MAY | C29: =May!Y39 -> 33.612903 | D29: =May!Z39 -> 0 | E29: =May!AA39 -> 0 | F29: =May!AB39 -> -31397.677 | G29: =May!AC39 -> -2518.7097 | H29: =May!AD39 -> -704.19355 | I29: =May!AE39 -> 0 | J29: =May!AF39 -> 16.16129 | ... R29: =May!AN39 -> -707.96774 | X29: =IF(C29<=0,0,1-(C29/C28)) -> -0.29779549 | Y29: =IF(O29<=0,0,1-(O29/O28)) -> 0.066072675 | AB29: Water | AC29: 2684 | AD29: =C29*31 -> 1042 | AE29: =1-(AD29/AC29) -> 0.61177347 | AF29: =AD29/AC29 -> 0.38822653 | AG29: =AE29+AF29 -> 1 | AH29: MAY Daily AVG = 34 * 31 days
A30: =IF(A9="","",A9) | B30: JUN | C30: =Jun!Y39 -> 32.888889 | D30: =Jun!Z39 -> 0 | E30: =Jun!AA39 -> 0 | F30: =Jun!AB39 -> -108147.56 | G30: =Jun!AC39 -> -8675.5556 | H30: =Jun!AD39 -> -2425.5556 | I30: =Jun!AE39 -> 0 | J30: =Jun!AF39 -> 15.555556 | ... R30: =Jun!AN39 -> -2438.5556 | X30: =IF(C30<=0,0,1-(C30/C29)) -> 0.021539774 | Y30: =IF(O30<=0,0,1-(O30/O29)) -> -0.021455939 | AD30: Electric AVG based on billing cycle (invoice)
A31: =IF(A10="","",A10) | B31: JUL | C31: =Jul!O39 -> -649950 | D31: =Jul!#REF! -> #REF! | E31: =Jul!#REF! -> #REF! | F31: =Jul!#REF! -> #REF! | G31: =Jul!#REF! -> #REF! | H31: =Jul!#REF! -> #REF! | I31: =Jul!P39 -> 0 | J31: =Jul!Q39 -> -21996 | K31: =Jul!R39 -> -2112 | L31: =Jul!#REF! -> #REF! | M31: =Jul!#REF! -> #REF! | N31: =Jul!S39 -> 0 | O31: =Jul!T39 -> -228099 | P31: =Jul!#REF! -> #REF! | Q31: =Jul!#REF! -> #REF! | R31: =Jul!#REF! -> #REF! | X31: =IF(C31<=0,0,1-(C31/C30)) -> 0 | Y31: =IF(O31<=0,0,1-(O31/O30)) -> 0 | AD31: Gas & Water based on meter readings
A32: =IF(A11="","",A11) | B32: AUG | C32: =Aug!O39 -> 0 | D32: =Aug!#REF! -> #REF! | E32: =Aug!#REF! -> #REF! | F32: =Aug!#REF! -> #REF! | G32: =Aug!#REF! -> #REF! | H32: =Aug!#REF! -> #REF! | I32: =Aug!P39 -> 0 | J32: =Aug!Q39 -> 0 | K32: =Aug!R39 -> 0 | L32: =Aug!#REF! -> #REF! | M32: =Aug!#REF! -> #REF! | N32: =Aug!S39 -> 0 | O32: =Aug!T39 -> 0 | P32: =Aug!#REF! -> #REF! | Q32: =Aug!#REF! -> #REF! | R32: =Aug!#REF! -> #REF! | X32: =IF(C32<=0,0,1-(C32/C31)) -> 0 | Y32: =IF(O32<=0,0,1-(O32/O31)) -> 0
A33: =IF(A12="","",A12) | B33: SEP | C33: =Sep!O39 -> 54 | D33: =Sep!#REF! -> #REF! | E33: =Sep!#REF! -> #REF! | F33: =Sep!#REF! -> #REF! | G33: =Sep!#REF! -> #REF! | H33: =Sep!#REF! -> #REF! | I33: =Sep!P39 -> 0 | J33: =Sep!Q39 -> 32 | K33: =Sep!R39 -> 10 | L33: =Sep!#REF! -> #REF! | M33: =Sep!#REF! -> #REF! | N33: =Sep!S39 -> 0 | O33: =Sep!T39 -> 17 | P33: =Sep!#REF! -> #REF! | Q33: =Sep!#REF! -> #REF! | R33: =Sep!#REF! -> #REF! | X33: =IF(C33<=0,0,1-(C33/C32)) -> #DIV/0! | Y33: =IF(O33<=0,0,1-(O33/O32)) -> #DIV/0!
A34: =IF(A13="","",A13) | B34: OCT | C34: =Oct!O39 -> 552 | D34: =Oct!#REF! -> #REF! | E34: =Oct!#REF! -> #REF! | F34: =Oct!#REF! -> #REF! | G34: =Oct!#REF! -> #REF! | H34: =Oct!#REF! -> #REF! | I34: =Oct!P39 -> 0 | J34: =Oct!Q39 -> 24283 | K34: =Oct!R39 -> 2583 | L34: =Oct!#REF! -> #REF! | M34: =Oct!#REF! -> #REF! | N34: =Oct!S39 -> 0 | O34: =Oct!T39 -> 229598 | P34: =Oct!#REF! -> #REF! | Q34: =Oct!#REF! -> #REF! | R34: =Oct!#REF! -> #REF! | X34: =IF(C34<=0,0,1-(C34/C33)) -> -9.2222222 | Y34: =IF(O34<=0,0,1-(O34/O33)) -> -13504.765
A35: =IF(A14="","",A14) | B35: NOV | C35: =Nov!O39 -> 34 | D35: =Nov!#REF! -> #REF! | E35: =Nov!#REF! -> #REF! | F35: =Nov!#REF! -> #REF! | G35: =Nov!#REF! -> #REF! | H35: =Nov!#REF! -> #REF! | I35: =Nov!P39 -> 0 | J35: =Nov!Q39 -> 11 | K35: =Nov!R39 -> 1 | L35: =Nov!#REF! -> #REF! | M35: =Nov!#REF! -> #REF! | N35: =Nov!S39 -> 0 | O35: =Nov!T39 -> 39 | P35: =Nov!#REF! -> #REF! | Q35: =Nov!#REF! -> #REF! | R35: =Nov!#REF! -> #REF! | X35: =IF(C35<=0,0,1-(C35/C34)) -> 0.9384058 | Y35: =IF(O35<=0,0,1-(O35/O34)) -> 0.99983014
A36: =IF(A15="","",A15) | B36: DEC | C36: =Dec!O39 -> 23 | D36: =Dec!#REF! -> #REF! | E36: =Dec!#REF! -> #REF! | F36: =Dec!#REF! -> #REF! | G36: =Dec!#REF! -> #REF! | H36: =Dec!#REF! -> #REF! | I36: =Dec!P39 -> 0 | J36: =Dec!Q39 -> 7 | K36: =Dec!R39 -> 0 | L36: =Dec!#REF! -> #REF! | M36: =Dec!#REF! -> #REF! | N36: =Dec!S39 -> 0 | O36: =Dec!T39 -> 89 | P36: =Dec!#REF! -> #REF! | Q36: =Dec!#REF! -> #REF! | R36: =Dec!#REF! -> #REF! | X36: =IF(C36<=0,0,1-(C36/C35)) -> 0.32352941 | Y36: =IF(O36<=0,0,1-(O36/O35)) -> -1.2820513
B37: JAN 21 | C37: ='Jan 21'!Y39 -> 29 | D37: 0 | E37: 0 | F37: -972052 | G37: -78043 | H37: -21758 | I37: 0 | J37: ='Jan 21'!AF39 -> 6 | K37: ='Jan 21'!AG39 -> 1 | L37: -25018 | M37: -103 | N37: 0 | O37: ='Jan 21'!AK39 -> 73 | P37: -410800 | Q37: -584400 | R37: -21490 | X37: =IF(C37<=0,0,1-(C37/C36)) -> -0.26086957 | Y37: =IF(O37<=0,0,1-(O37/O36)) -> 0.17977528
B39: AVG (YTD) | C39: =AVERAGEIF($A$4:$A$16, "x", C25:C37) -> 49.866986 | D39: =AVERAGEIF($A$4:$A$16, "x", D25:D37) -> 0 | E39: =AVERAGEIF($A$4:$A$16, "x", E25:E37) -> 0 | F39: =AVERAGEIF($A$4:$A$16, "x", F25:F37) -> -32040.067 | G39: =AVERAGEIF($A$4:$A$16, "x", G25:G37) -> -2570.2419 | H39: =AVERAGEIF($A$4:$A$16, "x", H25:H37) -> -718.60119 | J39: =AVERAGEIF($A$4:$A$16, "x", J25:J37) -> 14.413289 | K39: =AVERAGEIF($A$4:$A$16, "x", K25:K37) -> 3.0925399 | L39: =AVERAGEIF($A$4:$A$16, "x", L25:L37) -> -829.56796 | M39: =AVERAGEIF($A$4:$A$16, "x", M25:M37) -> -3.7526585 | O39: =AVERAGEIF($A$4:$A$16, "x", O25:O37) -> 57.138813 | P39: =AVERAGEIF($A$4:$A$16, "x", P25:P37) -> -13572.521 | Q39: =AVERAGEIF($A$4:$A$16, "x", Q25:Q37) -> -19245.792 | R39: =AVERAGEIF($A$4:$A$16, "x", R25:R37) -> -719.50421
B40: 1.5 | C40: =C39*$B$40 -> 74.800478 | D40: =D39*$B$40 -> 0 | E40: =E39*$B$40 -> 0 | F40: =F39*$B$40 -> -48060.1 | G40: =G39*$B$40 -> -3855.3628 | H40: =H39*$B$40 -> -1077.9018 | J40: =J39*$B$40 -> 21.619933 | K40: =K39*$B$40 -> 4.6388098 | L40: =L39*$B$40 -> -1244.3519 | M40: =M39*$B$40 -> -5.6289878 | O40: =O39*$B$40 -> 85.70822 | P40: =P39*$B$40 -> -20358.781 | Q40: =Q39*$B$40 -> -28868.687 | R40: =R39*$B$40 -> -1079.2563
B41: 0.5 | C41: =C39*$B$41 -> 24.933493 | D41: =D39*$B$41 -> 0 | E41: =E39*$B$41 -> 0 | F41: =F39*$B$41 -> -16020.033 | G41: =G39*$B$41 -> -1285.1209 | H41: =H39*$B$41 -> -359.30059 | J41: =J39*$B$41 -> 7.2066444 | K41: =K39*$B$41 -> 1.5462699 | L41: =L39*$B$41 -> -414.78398 | M41: =M39*$B$41 -> -1.8763293 | O41: =O39*$B$41 -> 28.569407 | P41: =P39*$B$41 -> -6786.2604 | Q41: 0 | R41: 0

Sheet Jan
B1: Water | I1: Cooling Towers | N1: Gas | T1: Georgia Power | Y1: Water | AF1: Cooling Towers | AK1: Gas
B2: Meter | I2: Hotel Chillers | K2: Apartment Loop | N2: Meter | Q2: MEZ | T2: Electrical Vault at P1 | Y2: Meter | AF2: Hotel Chillers | AH2: Apartment Loop | AK2: Meter | AN2: MEZ
A3: Date | B3: Bldg Main Meter #1 (CCF) | C3: Meter #2 (CCF) | D3: Fire Main Meter #3 (CCF) | E3: Pump Rm. Gall * 100 | F3: Offices at Level 20 Gall * 100 | G3: Offices at Level 30 Gall * 100 | I3: Make Up Gall * 100 | J3: Blow Down | K3: Make Up Gall * 100 | L3: Blow Down | N3: Corrected CCF *10 | O3: Not Corrected | P3: Engine | Q3: Tower Htg CCF *10 | T3: KWH (*4800) | U3: KW | V3: KQH | X3: Date | Y3: Bldg Main Meter #1 (CCF) | Z3: Meter #2 (CCF) | AA3: Fire Main Meter #3 (CCF) | AB3: Pump Rm. Gall * 100 | AC3: Offices at Level 20 Gall * 100 | AD3: Offices at Level 30 Gall * 100 | AF3: Make Up Gall * 100 | AG3: Blow Down | AH3: Make Up Gall * 100 | AI3: Blow Down | AK3: Corrected CCF *10 | AL3: Not Corrected | AM3: Engine | AN3: Tower Htg CCF *10
A5: LR | B5: ='Dec 19'!B39 -> 641288 | C5: 0 | D5: 0 | E5: 973328 | F5: 78080 | G5: 21830 | I5: ='Dec 19'!I39 -> 19163 | J5: ='Dec 19'!J39 -> 1474 | K5: 25201 | L5: 114 | N5: ='Dec 19'!N39 -> 218830 | O5: 411805 | P5: 584582 | Q5: 21490 | T5: ='Dec 19'!T39 -> 0 | U5: ='Dec 19'!U39 -> 0 | V5: ='Dec 19'!V39 -> 0
A6: 1 | B6: 642279 | I6: 19168 | J6: 1479 | N6: 219107 | O6: 411859 | P6: 584582 | Q6: 21490 | R6: =Q6-Q5 -> 0 | T6: 0 | U6: 0 | V6: 0 | W6: x | X6: 1 | Y6: =B6-B5 -> 991 | Z6: 0 | AA6: 0 | AB6: =E6-E5 -> -973328 | AC6: =F6-F5 -> -78080 | AD6: =G6-G5 -> -21830 | AF6: =I6-I5 -> 5 | AG6: =J6-J5 -> 5 | AH6: =K6-K5 -> -25201 | AI6: =L6-L5 -> -114 | AK6: =N6-N5 -> 277 | AL6: =O6-O5 -> 54 | AM6: =P6-P5 -> 0 | AN6: =Q6-Q5 -> 0 | AQ6: 5006
A7: 2 | B7: 642368 | I7: 19173 | J7: 1479 | N7: 219273 | O7: 411917 | P7: 584582 | Q7: 21490 | R7: =Q7-Q6 -> 0 | T7: 0 | U7: 0 | V7: 0 | W7: x | X7: 2 | Y7: =B7-B6 -> 89 | Z7: 0 | AA7: 0 | AB7: =E7-E6 -> 0 | AC7: =F7-F6 -> 0 | AD7: =G7-G6 -> 0 | AF7: =I7-I6 -> 5 | AG7: =J7-J6 -> 0 | AH7: =K7-K6 -> 0 | AI7: =L7-L6 -> 0 | AK7: =N7-N6 -> 166 | AL7: =O7-O6 -> 58 | AM7: =P7-P6 -> 0 | AN7: =Q7-Q6 -> 0 | AQ7: 5286
A8: 3 | B8: 642438 | I8: 19202 | J8: 1481 | N8: 219349 | O8: 411979 | P8: 584582 | Q8: 21490 | R8: =Q8-Q7 -> 0 | T8: 0 | U8: 0 | V8: 0 | W8: x | X8: 3 | Y8: =B8-B7 -> 70 | Z8: 0 | AA8: 0 | AB8: =E8-E7 -> 0 | AC8: =F8-F7 -> 0 | AD8: =G8-G7 -> 0 | AF8: =I8-I7 -> 29 | AG8: =J8-J7 -> 2 | AH8: =K8-K7 -> 0 | AI8: =L8-L7 -> 0 | AK8: =N8-N7 -> 76 | AL8: =O8-O7 -> 62 | AM8: =P8-P7 -> 0 | AN8: =Q8-Q7 -> 0 | AQ8: 5562
A9: 4 | B9: 642499 | I9: 19213 | J9: 1483 | N9: 219439 | O9: 412047 | P9: 584582 | Q9: 21490 | R9: =Q9-Q8 -> 0 | T9: 0 | U9: 0 | V9: 0 | W9: x | X9: 4 | Y9: =B9-B8 -> 61 | Z9: 0 | AA9: 0 | AB9: =E9-E8 -> 0 | AC9: =F9-F8 -> 0 | AD9: =G9-G8 -> 0 | AF9: =I9-I8 -> 11 | AG9: =J9-J8 -> 2 | AH9: =K9-K8 -> 0 | AI9: =L9-L8 -> 0 | AK9: =N9-N8 -> 90 | AL9: =O9-O8 -> 68 | AM9: =P9-P8 -> 0 | AN9: =Q9-Q8 -> 0 | AQ9: 5856
A10: 5 | B10: 642598 | I10: 19224 | J10: 1483 | N10: 219470 | O10: 412144 | P10: 584676 | Q10: 21490 | R10: =Q10-Q9 -> 0 | T10: 0 | U10: 0 | V10: 0 | W10: x | X10: 5 | Y10: =B10-B9 -> 99 | Z10: 0 | AA10: 0 | AB10: =E10-E9 -> 0 | AC10: =F10-F9 -> 0 | AD10: =G10-G9 -> 0 | AF10: =I10-I9 -> 11 | AG10: =J10-J9 -> 0 | AH10: =K10-K9 -> 0 | AI10: =L10-L9 -> 0 | AK10: =N10-N9 -> 31 | AL10: =O10-O9 -> 97 | AM10: =P10-P9 -> 94 | AN10: =Q10-Q9 -> 0 | AQ10: 6090
A11: 6 | B11: 642258 | I11: 19237 | J11: 1486 | N11: 219606 | O11: 412219 | P11: 584676 | Q11: 21585 | R11: =Q11-Q10 -> 95 | T11: 0 | U11: 0 | V11: 0 | W11: x | X11: 6 | Y11: =B11-B10 -> -340 | Z11: 0 | AA11: 0 | AB11: =E11-E10 -> 0 | AC11: =F11-F10 -> 0 | AD11: =G11-G10 -> 0 | AF11: =I11-I10 -> 13 | AG11: =J11-J10 -> 3 | AH11: =K11-K10 -> 0 | AI11: =L11-L10 -> 0 | AK11: =N11-N10 -> 136 | AL11: =O11-O10 -> 75 | AM11: =P11-P10 -> 0 | AN11: =Q11-Q10 -> 95 | AQ11: 6354
A12: 7 | B12: 642301 | I12: 19257 | J12: 1488 | N12: 219674 | O12: 412326 | P12: 584676 | Q12: 21754 | R12: =Q12-Q11 -> 169 | T12: 0 | U12: 0 | V12: 0 | W12: x | X12: 7 | Y12: =B12-B11 -> 43 | Z12: 0 | AA12: 0 | AB12: =E12-E11 -> 0 | AC12: =F12-F11 -> 0 | AD12: =G12-G11 -> 0 | AF12: =I12-I11 -> 20 | AG12: =J12-J11 -> 2 | AH12: =K12-K11 -> 0 | AI12: =L12-L11 -> 0 | AK12: =N12-N11 -> 68 | AL12: =O12-O11 -> 107 | AM12: =P12-P11 -> 0 | AN12: =Q12-Q11 -> 169 | AQ12: 6723
A13: 8 | B13: 642399 | I13: 19258 | J13: 1488 | N13: 219763 | O13: 412436 | P13: 584676 | Q13: 21947 | R13: =Q13-Q12 -> 193 | T13: 0 | U13: 0 | V13: 0 | W13: x | X13: 8 | Y13: =B13-B12 -> 98 | Z13: 0 | AA13: 0 | AB13: =E13-E12 -> 0 | AC13: =F13-F12 -> 0 | AD13: =G13-G12 -> 0 | AF13: =I13-I12 -> 1 | AG13: =J13-J12 -> 0 | AH13: =K13-K12 -> 0 | AI13: =L13-L12 -> 0 | AK13: =N13-N12 -> 89 | AL13: =O13-O12 -> 110 | AM13: =P13-P12 -> 0 | AN13: =Q13-Q12 -> 193 | AQ13: 7089
A14: 9 | B14: 642497 | I14: 19273 | J14: 1490 | N14: 219838 | R14: =Q14-Q13 -> -21947 | T14: 0 | U14: 0 | V14: 0 | W14: x | X14: 9 | Y14: =B14-B13 -> 98 | Z14: 0 | AA14: 0 | AB14: =E14-E13 -> 0 | AC14: =F14-F13 -> 0 | AD14: =G14-G13 -> 0 | AF14: =I14-I13 -> 15 | AG14: =J14-J13 -> 2 | AH14: =K14-K13 -> 0 | AI14: =L14-L13 -> 0 | AK14: =N14-N13 -> 75 | AL14: =O14-O13 -> -412436 | AM14: =P14-P13 -> -584676 | AN14: =Q14-Q13 -> -21947 | AQ14: 7139
A15: 10 | B15: 642590 | I15: 19286 | J15: 1491 | N15: 219870 | R15: =Q15-Q14 -> 0 | T15: 0 | U15: 0 | V15: 0 | W15: x | X15: 10 | Y15: =B15-B14 -> 93 | Z15: 0 | AA15: 0 | AB15: =E15-E14 -> 0 | AC15: =F15-F14 -> 0 | AD15: =G15-G14 -> 0 | AF15: =I15-I14 -> 13 | AG15: =J15-J14 -> 1 | AH15: =K15-K14 -> 0 | AI15: =L15-L14 -> 0 | AK15: =N15-N14 -> 32 | AL15: =O15-O14 -> 0 | AM15: =P15-P14 -> 0 | AN15: =Q15-Q14 -> 0 | AQ15: 7538
A16: 11 | B16: 642688 | I16: 19311 | J16: 1500 | N16: 219970 | R16: =Q16-Q15 -> 0 | T16: 0 | U16: 0 | V16: 0 | W16: x | X16: 11 | Y16: =B16-B15 -> 98 | Z16: 0 | AA16: 0 | AB16: =E16-E15 -> 0 | AC16: =F16-F15 -> 0 | AD16: =G16-G15 -> 0 | AF16: =I16-I15 -> 25 | AG16: =J16-J15 -> 9 | AH16: =K16-K15 -> 0 | AI16: =L16-L15 -> 0 | AK16: =N16-N15 -> 100 | AL16: =O16-O15 -> 0 | AM16: =P16-P15 -> 0 | AN16: =Q16-Q15 -> 0 | AQ16: 7411
A17: 12 | B17: 642585 | I17: 19324 | J17: 1500 | N17: 220109 | R17: =Q17-Q16 -> 0 | T17: 0 | U17: 0 | V17: 0 | W17: x | X17: 12 | Y17: =B17-B16 -> -103 | Z17: 0 | AA17: 0 | AB17: =E17-E16 -> 0 | AC17: =F17-F16 -> 0 | AD17: =G17-G16 -> 0 | AF17: =I17-I16 -> 13 | AG17: =J17-J16 -> 0 | AH17: =K17-K16 -> 0 | AI17: =L17-L16 -> 0 | AK17: =N17-N16 -> 139 | AL17: =O17-O16 -> 0 | AM17: =P17-P16 -> 0 | AN17: =Q17-Q16 -> 0 | AQ17: 7466
A18: 13 | B18: 642645 | I18: 19344 | J18: 1500 | N18: 220190 | R18: =Q18-Q17 -> 0 | T18: 0 | U18: 0 | V18: 0 | W18: x | X18: 13 | Y18: =B18-B17 -> 60 | Z18: 0 | AA18: 0 | AB18: =E18-E17 -> 0 | AC18: =F18-F17 -> 0 | AD18: =G18-G17 -> 0 | AF18: =I18-I17 -> 20 | AG18: =J18-J17 -> 0 | AH18: =K18-K17 -> 0 | AI18: =L18-L17 -> 0 | AK18: =N18-N17 -> 81 | AL18: =O18-O17 -> 0 | AM18: =P18-P17 -> 0 | AN18: =Q18-Q17 -> 0 | AQ18: 7442
A19: 14 | B19: 642701 | I19: 19358 | J19: 1503 | N19: 220272 | R19: =Q19-Q18 -> 0 | T19: 0 | U19: 0 | V19: 0 | W19: x | X19: 14 | Y19: =B19-B18 -> 56 | Z19: 0 | AA19: 0 | AB19: =E19-E18 -> 0 | AC19: =F19-F18 -> 0 | AD19: =G19-G18 -> 0 | AF19: =I19-I18 -> 14 | AG19: =J19-J18 -> 3 | AH19: =K19-K18 -> 0 | AI19: =L19-L18 -> 0 | AK19: =N19-N18 -> 82 | AL19: =O19-O18 -> 0 | AM19: =P19-P18 -> 0 | AN19: =Q19-Q18 -> 0 | AQ19: 7568
A20: 15 | B20: 642778 | I20: 19366 | J20: 1507 | N20: 220299 | R20: =Q20-Q19 -> 0 | T20: 0 | U20: 0 | V20: 0 | W20: x | X20: 15 | Y20: =B20-B19 -> 77 | Z20: 0 | AA20: 0 | AB20: =E20-E19 -> 0 | AC20: =F20-F19 -> 0 | AD20: =G20-G19 -> 0 | AF20: =I20-I19 -> 8 | AG20: =J20-J19 -> 4 | AH20: =K20-K19 -> 0 | AI20: =L20-L19 -> 0 | AK20: =N20-N19 -> 27 | AL20: =O20-O19 -> 0 | AM20: =P20-P19 -> 0 | AN20: =Q20-Q19 -> 0 | AQ20: 7677
A21: 16 | B21: 642868 | I21: 19374 | J21: 1511 | N21: 220396 | R21: =Q21-Q20 -> 0 | T21: 0 | U21: 0 | V21: 0 | W21: x | X21: 16 | Y21: =B21-B20 -> 90 | Z21: 0 | AA21: 0 | AB21: =E21-E20 -> 0 | AC21: =F21-F20 -> 0 | AD21: =G21-G20 -> 0 | AF21: =I21-I20 -> 8 | AG21: =J21-J20 -> 4 | AH21: =K21-K20 -> 0 | AI21: =L21-L20 -> 0 | AK21: =N21-N20 -> 97 | AL21: =O21-O20 -> 0 | AM21: =P21-P20 -> 0 | AN21: =Q21-Q20 -> 0 | AQ21: 7813
A22: 17 | B22: 642918 | I22: 19389 | J22: 1512 | N22: 220456 | R22: =Q22-Q21 -> 0 | T22: 0 | U22: 0 | V22: 0 | W22: x | X22: 17 | Y22: =B22-B21 -> 50 | Z22: 0 | AA22: 0 | AB22: =E22-E21 -> 0 | AC22: =F22-F21 -> 0 | AD22: =G22-G21 -> 0 | AF22: =I22-I21 -> 15 | AG22: =J22-J21 -> 1 | AH22: =K22-K21 -> 0 | AI22: =L22-L21 -> 0 | AK22: =N22-N21 -> 60 | AL22: =O22-O21 -> 0 | AM22: =P22-P21 -> 0 | AN22: =Q22-Q21 -> 0 | AQ22: 7919
A23: 18 | B23: 642955 | I23: 19392 | J23: 1514 | N23: 220489 | R23: =Q23-Q22 -> 0 | T23: 0 | U23: 0 | V23: 0 | W23: x | X23: 18 | Y23: =B23-B22 -> 37 | Z23: 0 | AA23: 0 | AB23: =E23-E22 -> 0 | AC23: =F23-F22 -> 0 | AD23: =G23-G22 -> 0 | AF23: =I23-I22 -> 3 | AG23: =J23-J22 -> 2 | AH23: =K23-K22 -> 0 | AI23: =L23-L22 -> 0 | AK23: =N23-N22 -> 33 | AL23: =O23-O22 -> 0 | AM23: =P23-P22 -> 0 | AN23: =Q23-Q22 -> 0 | AQ23: 8102
A24: 19 | B24: 643049 | I24: 19417 | J24: 1517 | N24: 220610 | R24: =Q24-Q23 -> 0 | T24: 0 | U24: 0 | V24: 0 | W24: x | X24: 19 | Y24: =B24-B23 -> 94 | Z24: 0 | AA24: 0 | AB24: =E24-E23 -> 0 | AC24: =F24-F23 -> 0 | AD24: =G24-G23 -> 0 | AF24: =I24-I23 -> 25 | AG24: =J24-J23 -> 3 | AH24: =K24-K23 -> 0 | AI24: =L24-L23 -> 0 | AK24: =N24-N23 -> 121 | AL24: =O24-O23 -> 0 | AM24: =P24-P23 -> 0 | AN24: =Q24-Q23 -> 0 | AQ24: 8282
A25: 20 | B25: 643115 | I25: 19425 | J25: 1517 | N25: 220716 | R25: =Q25-Q24 -> 0 | T25: 0 | U25: 0 | V25: 0 | W25: x | X25: 20 | Y25: =B25-B24 -> 66 | Z25: 0 | AA25: 0 | AB25: =E25-E24 -> 0 | AC25: =F25-F24 -> 0 | AD25: =G25-G24 -> 0 | AF25: =I25-I24 -> 8 | AG25: =J25-J24 -> 0 | AH25: =K25-K24 -> 0 | AI25: =L25-L24 -> 0 | AK25: =N25-N24 -> 106 | AL25: =O25-O24 -> 0 | AM25: =P25-P24 -> 0 | AN25: =Q25-Q24 -> 0 | AQ25: 8490
... A36: 31 | B36: 643734 | I36: 19525 | J36: 1530 | N36: 221799 | R36: =Q36-Q35 -> 0 | T36: 0 | U36: 0 | V36: 0 | W36: x | X36: 31 | Y36: =B36-B35 -> 66 | Z36: 0 | AA36: 0 | AB36: =E36-E35 -> 0 | AC36: =F36-F35 -> 0 | AD36: =G36-G35 -> 0 | AF36: =I36-I35 -> 1 | AG36: =J36-J35 -> 1 | AH36: =K36-K35 -> 0 | AI36: =L36-L35 -> 0 | AK36: =N36-N35 -> 139 | AL36: =O36-O35 -> 0 | AM36: =P36-P35 -> 0 | AN36: =Q36-Q35 -> 0 | AQ36: 10273
B37: (5 Digits) | E37: (6 Digits) | F37: (5 Digits) | G37: (5 Digits) | I37: (5 Digits) | J37: (4 Digits) | K37: (4 Digits) | L37: (4 Digits) | N37: (6 Digits) | O37: (6 Digits) | P37: (6 Digits) | Q37: (5 Digits)
A39: LD | B39: =LARGE(B5:B36, 1) -> 643734 | C39: =LARGE(C5:C36, 1) -> 0 | D39: =LARGE(D5:D36, 1) -> 0 | E39: =LARGE(E5:E36, 1) -> 973328 | F39: =LARGE(F5:F36, 1) -> 78080 | G39: =LARGE(G5:G36, 1) -> 21830 | I39: =LARGE(I5:I36, 1) -> 19525 | J39: =LARGE(J5:J36, 1) -> 1530 | K39: =LARGE(K5:K36, 1) -> 25201 | L39: =LARGE(L5:L36, 1) -> 114 | N39: =LARGE(N5:N36, 1) -> 221799 | O39: =LARGE(O5:O36, 1) -> 412436 | P39: =LARGE(P5:P36, 1) -> 584676 | Q39: =LARGE(Q5:Q36, 1) -> 21947 | T39: =LARGE(T5:T36, 1) -> 0 | U39: =LARGE(U5:U36, 1) -> 0 | V39: =LARGE(V5:V36, 1) -> 0 | X39: AVG | Y39: =AVERAGEIF($W$6:$W$36, "x",Y6:Y36) -> 78.903226 | Z39: =AVERAGEIF($W$6:$W$36, "x",Z6:Z36) -> 0 | AA39: =AVERAGEIF($W$6:$W$36, "x",AA6:AA36) -> 0 | AB39: =AVERAGEIF($W$6:$W$36, "x",AB6:AB36) -> -31397.677 | AC39: =AVERAGEIF($W$6:$W$36, "x",AC6:AC36) -> -2518.7097 | AD39: =AVERAGEIF($W$6:$W$36, "x",AD6:AD36) -> -704.19355 | AF39: =AVERAGEIF($W$6:$W$36, "x",AF6:AF36) -> 11.677419 | AG39: =AVERAGEIF($W$6:$W$36, "x",AG6:AG36) -> 1.8064516 | AH39: =AVERAGEIF($W$6:$W$36, "x",AH6:AH36) -> -812.93548 | AI39: =AVERAGEIF($W$6:$W$36, "x",AI6:AI36) -> -3.6774194 | AK39: =AVERAGEIF($W$6:$W$36, "x",AK6:AK36) -> 95.774194 | AL39: =AVERAGEIF($W$6:$W$36, "x",AL6:AL36) -> -13284.032 | AM39: =AVERAGEIF($W$6:$W$36, "x",AM6:AM36) -> -18857.484 | AN39: =AVERAGEIF($W$6:$W$36, "x",AN6:AN36) -> -693.22581
B41: Consumption: | X41: PRV AVG
B42: =B39-B5 -> 2446 | C42: =C39-C5 -> 0 | D42: =D39-D5 -> 0 | E42: =E39-E5 -> 0 | F42: =F39-F5 -> 0 | G42: =G39-G5 -> 0 | I42: =I39-I5 -> 362 | J42: =J39-J5 -> 56 | K42: =K39-K5 -> 0 | L42: =L39-L5 -> 0 | N42: =N39-N5 -> 2969 | O42: =O39-O5 -> 631 | P42: =P39-P5 -> 94 | Q42: =Q39-Q5 -> 457 | T42: =T39-T5 -> 0 | U42: =U39-U5 -> 0 | V42: =V39-V5 -> 0 | Y42: ='Dec 19'!Y39 -> 35.483871 | Z42: ='Dec 19'!Z39 -> 0 | AA42: ='Dec 19'!AA39 -> 0 | AB42: ='Dec 19'!AB39 -> 0 | AC42: ='Dec 19'!AC39 -> 0 | AD42: ='Dec 19'!AD39 -> 0 | AF42: ='Dec 19'!AF39 -> 12.225806 | AG42: ='Dec 19'!AG39 -> 1.8064516 | AH42: ='Dec 19'!AH39 -> 0 | AI42: ='Dec 19'!AI39 -> 0 | AK42: ='Dec 19'!AK39 -> 76.451613 | AL42: ='Dec 19'!AL39 -> 0 | AM42: ='Dec 19'!AM39 -> 0 | AN42: ='Dec 19'!AN39 -> 0
X43: 1.5 | Y43: =Y42*$X$43 -> 53.225806 | Z43: =Z42*$X$43 -> 0 | AA43: =AA42*$X$43 -> 0 | AB43: =AB42*$X$43 -> 0 | AC43: =AC42*$X$43 -> 0 | AD43: =AD42*$X$43 -> 0 | AF43: =AF42*$X$43 -> 18.33871 | AG43: =AG42*$X$43 -> 2.7096774 | AH43: =AH42*$X$43 -> 0 | AI43: =AI42*$X$43 -> 0 | AK43: =AK42*$X$43 -> 114.67742 | AL43: =AL42*$X$43 -> 0 | AM43: =AM42*$X$43 -> 0 | AN43: =AN42*$X$43 -> 0
R44: AVG | X44: 0.5 | Y44: =Y42*$X$44 -> 17.741935 | Z44: =Z42*$X$44 -> 0 | AA44: =AA42*$X$44 -> 0 | AB44: =AB42*$X$44 -> 0 | AC44: =AC42*$X$44 -> 0 | AD44: =AD42*$X$44 -> 0 | AF44: =AF42*$X$44 -> 6.1129032 | AG44: =AG42*$X$44 -> 0.90322581 | AH44: =AH42*$X$44 -> 0 | AI44: =AI42*$X$44 -> 0 | AK44: =AK42*$X$44 -> 38.225806 | AL44: =AL42*$X$44 -> 0 | AM44: =AM42*$X$44 -> 0 | AN44: =AN42*$X$44 -> 0
R45: =AVERAGE(R6:R36) -> -693.22581
Y46: Note 1 | Z46: Normal formating for cells where the daily average consumption is within range from the previous month's average range noted above.
Y47: Note 2 | Z47: Indicates the daily average for that day is outside the average range for that meter, based on the previous month's averages. Not necessarily a problem, just something to keeep an eye on.
X48: ! | Y48: Note 3 | Z48: This RED FLAG should be brought to Management for further review as to why it is more than twice the monthly average. Still can be explained, depending on the meter, but warrants immediate review to minimize impact to utilities and/or billing.
Y49: Note 4 | Z49: This is the same calculation as the RED FLAG, but is a known non-issue (example: Emergency Generator run once a week, plus bi-monthly inspections)
X50: ! | Y50: Note 5 | Z50: THIS IS AN ISSUE. METERS DO NOT RUN BACKWARDS, THUS NO NEGATIVE READINGS ALLOWED. Check for a simple typo or transposed number in the reading and/or verify the meter reading logged is correct by physically checking meter again.
R51: =AVERAGE(R6:R36) -> -693.22581

Sheet Feb
B1: Water | I1: Cooling Towers | N1: Gas | T1: Georgia Power | Y1: Water | AF1: Cooling Towers | AK1: Gas
B2: Meter | I2: Hotel Chillers | K2: Apartment Loop | N2: Meter | Q2: MEZ | T2: Electrical Vault at P1 | Y2: Meter | AF2: Hotel Chillers | AH2: Apartment Loop | AK2: Meter | AN2: MEZ
A3: Date | B3: Bldg Main Meter #1 (CCF) | C3: Meter #2 (CCF) | D3: Fire Main Meter #3 (CCF) | E3: Pump Rm. Gall * 100 | F3: Offices at Level 20 Gall * 100 | G3: Offices at Level 30 Gall * 100 | I3: Make Up Gall * 100 | J3: Blow Down | K3: Make Up Gall * 100 | L3: Blow Down | N3: Corrected CCF *10 | O3: Not Corrected | P3: Engine | Q3: Tower Htg CCF *10 | T3: KWH (*4800) | U3: KW | V3: KQH | X3: Date | Y3: Bldg Main Meter #1 (CCF) | Z3: Meter #2 (CCF) | AA3: Fire Main Meter #3 (CCF) | AB3: Pump Rm. Gall * 100 | AC3: Offices at Level 20 Gall * 100 | AD3: Offices at Level 30 Gall * 100 | AF3: Make Up Gall * 100 | AG3: Blow Down | AH3: Make Up Gall * 100 | AI3: Blow Down | AK3: Corrected CCF *10 | AL3: Not Corrected | AM3: Engine | AN3: Tower Htg CCF *10
A5: LR | B5: =Jan!B39 -> 643734 | C5: =Jan!C39 -> 0 | D5: =Jan!D39 -> 0 | E5: =Jan!E39 -> 973328 | F5: =Jan!F39 -> 78080 | G5: =Jan!G39 -> 21830 | I5: =Jan!I39 -> 19525 | J5: =Jan!J39 -> 1530 | K5: =Jan!K39 -> 25201 | L5: =Jan!L39 -> 114 | N5: =Jan!N39 -> 221799 | O5: =Jan!O39 -> 412436 | P5: =Jan!P39 -> 584676 | Q5: =Jan!Q39 -> 21947 | T5: =Jan!T39 -> 0 | U5: =Jan!U39 -> 0 | V5: =Jan!V39 -> 0
A6: 1 | B6: 643799 | I6: 19528 | J6: 1531 | N6: 221915 | R6: =Q6-Q5 -> -21947 | T6: 0 | U6: 0 | V6: 0 | W6: x | X6: 1 | Y6: =B6-B5 -> 65 | Z6: =C6-C5 -> 0 | AA6: =D6-D5 -> 0 | AB6: =E6-E5 -> -973328 | AC6: =F6-F5 -> -78080 | AD6: =G6-G5 -> -21830 | AF6: =I6-I5 -> 3 | AG6: =J6-J5 -> 1 | AH6: =K6-K5 -> -25201 | AI6: =L6-L5 -> -114 | AK6: =N6-N5 -> 116 | AL6: =O6-O5 -> -412436 | AM6: =P6-P5 -> -584676 | AN6: =Q6-Q5 -> -21947
A7: 2 | B7: 643899 | I7: 19550 | J7: 1532 | N7: 221965 | R7: =Q7-Q6 -> 0 | T7: 0 | U7: 0 | V7: 0 | W7: x | X7: 2 | Y7: =B7-B6 -> 100 | Z7: =C7-C6 -> 0 | AA7: =D7-D6 -> 0 | AB7: =E7-E6 -> 0 | AC7: =F7-F6 -> 0 | AD7: =G7-G6 -> 0 | AF7: =I7-I6 -> 22 | AG7: =J7-J6 -> 1 | AH7: =K7-K6 -> 0 | AI7: =L7-L6 -> 0 | AK7: =N7-N6 -> 50 | AL7: =O7-O6 -> 0 | AM7: =P7-P6 -> 0 | AN7: =Q7-Q6 -> 0
A8: 3 | B8: 643957 | I8: 19565 | J8: 1540 | N8: 222096 | R8: =Q8-Q7 -> 0 | T8: 0 | U8: 0 | V8: 0 | W8: x | X8: 3 | Y8: =B8-B7 -> 58 | Z8: =C8-C7 -> 0 | AA8: =D8-D7 -> 0 | AB8: =E8-E7 -> 0 | AC8: =F8-F7 -> 0 | AD8: =G8-G7 -> 0 | AF8: =I8-I7 -> 15 | AG8: =J8-J7 -> 8 | AH8: =K8-K7 -> 0 | AI8: =L8-L7 -> 0 | AK8: =N8-N7 -> 131 | AL8: =O8-O7 -> 0 | AM8: =P8-P7 -> 0 | AN8: =Q8-Q7 -> 0
A9: 4 | B9: 644016 | I9: 19577 | J9: 1545 | N9: 222163 | R9: =Q9-Q8 -> 0 | T9: 0 | U9: 0 | V9: 0 | W9: x | X9: 4 | Y9: =B9-B8 -> 59 | Z9: =C9-C8 -> 0 | AA9: =D9-D8 -> 0 | AB9: =E9-E8 -> 0 | AC9: =F9-F8 -> 0 | AD9: =G9-G8 -> 0 | AF9: =I9-I8 -> 12 | AG9: =J9-J8 -> 5 | AH9: =K9-K8 -> 0 | AI9: =L9-L8 -> 0 | AK9: =N9-N8 -> 67 | AL9: =O9-O8 -> 0 | AM9: =P9-P8 -> 0 | AN9: =Q9-Q8 -> 0
A10: 5 | B10: 644099 | I10: 19583 | J10: 1546 | N10: 222231 | R10: =Q10-Q9 -> 0 | T10: 0 | U10: 0 | V10: 0 | W10: x | X10: 5 | Y10: =B10-B9 -> 83 | Z10: =C10-C9 -> 0 | AA10: =D10-D9 -> 0 | AB10: =E10-E9 -> 0 | AC10: =F10-F9 -> 0 | AD10: =G10-G9 -> 0 | AF10: =I10-I9 -> 6 | AG10: =J10-J9 -> 1 | AH10: =K10-K9 -> 0 | AI10: =L10-L9 -> 0 | AK10: =N10-N9 -> 68 | AL10: =O10-O9 -> 0 | AM10: =P10-P9 -> 0 | AN10: =Q10-Q9 -> 0
A11: 6 | B11: 644186 | I11: 19588 | J11: 1551 | N11: 222364 | R11: =Q11-Q10 -> 0 | T11: 0 | U11: 0 | V11: 0 | W11: x | X11: 6 | Y11: =B11-B10 -> 87 | Z11: =C11-C10 -> 0 | AA11: =D11-D10 -> 0 | AB11: =E11-E10 -> 0 | AC11: =F11-F10 -> 0 | AD11: =G11-G10 -> 0 | AF11: =I11-I10 -> 5 | AG11: =J11-J10 -> 5 | AH11: =K11-K10 -> 0 | AI11: =L11-L10 -> 0 | AK11: =N11-N10 -> 133 | AL11: =O11-O10 -> 0 | AM11: =P11-P10 -> 0 | AN11: =Q11-Q10 -> 0
A12: 7 | B12: 644278 | I12: 19594 | J12: 1552 | N12: 222503 | R12: =Q12-Q11 -> 0 | T12: 0 | U12: 0 | V12: 0 | W12: x | X12: 7 | Y12: =B12-B11 -> 92 | Z12: =C12-C11 -> 0 | AA12: =D12-D11 -> 0 | AB12: =E12-E11 -> 0 | AC12: =F12-F11 -> 0 | AD12: =G12-G11 -> 0 | AF12: =I12-I11 -> 6 | AG12: =J12-J11 -> 1 | AH12: =K12-K11 -> 0 | AI12: =L12-L11 -> 0 | AK12: =N12-N11 -> 139 | AL12: =O12-O11 -> 0 | AM12: =P12-P11 -> 0 | AN12: =Q12-Q11 -> 0
A13: 8 | B13: 644367 | I13: 19625 | J13: 1553 | N13: 222587 | R13: =Q13-Q12 -> 0 | T13: 0 | U13: 0 | V13: 0 | W13: x | X13: 8 | Y13: =B13-B12 -> 89 | Z13: =C13-C12 -> 0 | AA13: =D13-D12 -> 0 | AB13: =E13-E12 -> 0 | AC13: =F13-F12 -> 0 | AD13: =G13-G12 -> 0 | AF13: =I13-I12 -> 31 | AG13: =J13-J12 -> 1 | AH13: =K13-K12 -> 0 | AI13: =L13-L12 -> 0 | AK13: =N13-N12 -> 84 | AL13: =O13-O12 -> 0 | AM13: =P13-P12 -> 0 | AN13: =Q13-Q12 -> 0
A14: 9 | B14: 644396 | I14: 19639 | J14: 1554 | N14: 222662 | R14: =Q14-Q13 -> 0 | T14: 0 | U14: 0 | V14: 0 | W14: x | X14: 9 | Y14: =B14-B13 -> 29 | Z14: =C14-C13 -> 0 | AA14: =D14-D13 -> 0 | AB14: =E14-E13 -> 0 | AC14: =F14-F13 -> 0 | AD14: =G14-G13 -> 0 | AF14: =I14-I13 -> 14 | AG14: =J14-J13 -> 1 | AH14: =K14-K13 -> 0 | AI14: =L14-L13 -> 0 | AK14: =N14-N13 -> 75 | AL14: =O14-O13 -> 0 | AM14: =P14-P13 -> 0 | AN14: =Q14-Q13 -> 0
A15: 10 | B15: 644436 | I15: 19660 | J15: 1563 | N15: 222721 | R15: =Q15-Q14 -> 0 | T15: 0 | U15: 0 | V15: 0 | W15: x | X15: 10 | Y15: =B15-B14 -> 40 | Z15: =C15-C14 -> 0 | AA15: =D15-D14 -> 0 | AB15: =E15-E14 -> 0 | AC15: =F15-F14 -> 0 | AD15: =G15-G14 -> 0 | AF15: =I15-I14 -> 21 | AG15: =J15-J14 -> 9 | AH15: =K15-K14 -> 0 | AI15: =L15-L14 -> 0 | AK15: =N15-N14 -> 59 | AL15: =O15-O14 -> 0 | AM15: =P15-P14 -> 0 | AN15: =Q15-Q14 -> 0
A16: 11 | B16: 644513 | I16: 19675 | J16: 1568 | N16: 222789 | R16: =Q16-Q15 -> 0 | T16: 0 | U16: 0 | V16: 0 | W16: x | X16: 11 | Y16: =B16-B15 -> 77 | Z16: =C16-C15 -> 0 | AA16: =D16-D15 -> 0 | AB16: =E16-E15 -> 0 | AC16: =F16-F15 -> 0 | AD16: =G16-G15 -> 0 | AF16: =I16-I15 -> 15 | AG16: =J16-J15 -> 5 | AH16: =K16-K15 -> 0 | AI16: =L16-L15 -> 0 | AK16: =N16-N15 -> 68 | AL16: =O16-O15 -> 0 | AM16: =P16-P15 -> 0 | AN16: =Q16-Q15 -> 0
A17: 12 | B17: 644599 | I17: 19676 | J17: 1568 | N17: 222826 | R17: =Q17-Q16 -> 0 | T17: 0 | U17: 0 | V17: 0 | W17: x | X17: 12 | Y17: =B17-B16 -> 86 | Z17: =C17-C16 -> 0 | AA17: =D17-D16 -> 0 | AB17: =E17-E16 -> 0 | AC17: =F17-F16 -> 0 | AD17: =G17-G16 -> 0 | AF17: =I17-I16 -> 1 | AG17: =J17-J16 -> 0 | AH17: =K17-K16 -> 0 | AI17: =L17-L16 -> 0 | AK17: =N17-N16 -> 37 | AL17: =O17-O16 -> 0 | AM17: =P17-P16 -> 0 | AN17: =Q17-Q16 -> 0
... A33: 28 | B33: 645493 | I33: 19859 | J33: 1605 | N33: 224407 | R33: =Q33-Q32 -> 0 | T33: 0 | U33: 0 | V33: 0 | W33: x | X33: 28 | Y33: =B33-B32 -> 75 | Z33: =C33-C32 -> 0 | AA33: =D33-D32 -> 0 | AB33: =E33-E32 -> 0 | AC33: =F33-F32 -> 0 | AD33: =G33-G32 -> 0 | AF33: =I33-I32 -> 10 | AG33: =J33-J32 -> 2 | AH33: =K33-K32 -> 0 | AI33: =L33-L32 -> 0 | AK33: =N33-N32 -> 96 | AL33: =O33-O32 -> 0 | AM33: =P33-P32 -> 0 | AN33: =Q33-Q32 -> 0
A34: 29 | B34: 645568 | I34: 19870 | J34: 1607 | N34: 224503 | T34: 0 | U34: 0 | V34: 0 | W34: x | X34: 29 | Y34: =B34-B33 -> 75 | Z34: =C34-C33 -> 0 | AA34: =D34-D33 -> 0 | AB34: =E34-E33 -> 0 | AC34: =F34-F33 -> 0 | AD34: =G34-G33 -> 0 | AF34: =I34-I33 -> 11 | AG34: =J34-J33 -> 2 | AH34: =K34-K33 -> 0 | AI34: =L34-L33 -> 0 | AK34: =N34-N33 -> 96 | AL34: =O34-O33 -> 0 | AM34: =P34-P33 -> 0 | AN34: =Q34-Q33 -> 0
A35: 30 | T35: 0 | U35: 0 | V35: 0 | X35: 30 | Y35: =B35-B34 -> -645568 | Z35: =C35-C34 -> 0 | AA35: =D35-D34 -> 0 | AB35: =E35-E34 -> 0 | AC35: =F35-F34 -> 0 | AD35: =G35-G34 -> 0 | AF35: =I35-I34 -> -19870 | AG35: =J35-J34 -> -1607 | AH35: =K35-K34 -> 0 | AI35: =L35-L34 -> 0 | AK35: =N35-N34 -> -224503 | AL35: =O35-O34 -> 0 | AM35: =P35-P34 -> 0 | AN35: =Q35-Q34 -> 0
A36: 31 | T36: 0 | U36: 0 | V36: 0 | X36: 31 | Y36: =B36-B35 -> 0 | Z36: =C36-C35 -> 0 | AA36: =D36-D35 -> 0 | AB36: =E36-E35 -> 0 | AC36: =F36-F35 -> 0 | AD36: =G36-G35 -> 0 | AF36: =I36-I35 -> 0 | AG36: =J36-J35 -> 0 | AH36: =K36-K35 -> 0 | AI36: =L36-L35 -> 0 | AK36: =N36-N35 -> 0 | AL36: =O36-O35 -> 0 | AM36: =P36-P35 -> 0 | AN36: =Q36-Q35 -> 0
B37: (6 Digits) | E37: (6 Digits) | F37: (5 Digits) | G37: (5 Digits) | I37: (5 Digits) | J37: (4 Digits) | K37: (4 Digits) | L37: (4 Digits) | N37: (6 Digits) | O37: (6 Digits) | P37: (6 Digits) | Q37: (5 Digits)
A39: LD | B39: =LARGE(B5:B36, 1) -> 645568 | C39: =LARGE(C5:C36, 1) -> 0 | D39: =LARGE(D5:D36, 1) -> 0 | E39: =LARGE(E5:E36, 1) -> 973328 | F39: =LARGE(F5:F36, 1) -> 78080 | G39: =LARGE(G5:G36, 1) -> 21830 | I39: =LARGE(I5:I36, 1) -> 19870 | J39: =LARGE(J5:J36, 1) -> 1607 | K39: =LARGE(K5:K36, 1) -> 25201 | L39: =LARGE(L5:L36, 1) -> 114 | N39: =LARGE(N5:N36, 1) -> 224503 | O39: =LARGE(O5:O36, 1) -> 412436 | P39: =LARGE(P5:P36, 1) -> 584676 | Q39: =LARGE(Q5:Q36, 1) -> 21947 | T39: =LARGE(T5:T36, 1) -> 0 | U39: =LARGE(U5:U36, 1) -> 0 | V39: =LARGE(V5:V36, 1) -> 0 | X39: AVG | Y39: =AVERAGEIF($W$6:$W$36, "x",Y6:Y36) -> 63.241379 | Z39: =AVERAGEIF($W$6:$W$36, "x",Z6:Z36) -> 0 | AA39: =AVERAGEIF($W$6:$W$36, "x",AA6:AA36) -> 0 | AB39: =AVERAGEIF($W$6:$W$36, "x",AB6:AB36) -> -33563.034 | AC39: =AVERAGEIF($W$6:$W$36, "x",AC6:AC36) -> -2692.4138 | AD39: =AVERAGEIF($W$6:$W$36, "x",AD6:AD36) -> -752.75862 | AF39: =AVERAGEIF($W$6:$W$36, "x",AF6:AF36) -> 11.896552 | AG39: =AVERAGEIF($W$6:$W$36, "x",AG6:AG36) -> 2.6551724 | AH39: =AVERAGEIF($W$6:$W$36, "x",AH6:AH36) -> -869 | AI39: =AVERAGEIF($W$6:$W$36, "x",AI6:AI36) -> -3.9310345 | AK39: =AVERAGEIF($W$6:$W$36, "x",AK6:AK36) -> 93.241379 | AL39: =AVERAGEIF($W$6:$W$36, "x",AL6:AL36) -> -14221.931 | AM39: =AVERAGEIF($W$6:$W$36, "x",AM6:AM36) -> -20161.241 | AN39: =AVERAGEIF($W$6:$W$36, "x",AN6:AN36) -> -756.7931
B41: Consumption: | X41: PRV AVG
B42: =B39-B5 -> 1834 | C42: =C39-C5 -> 0 | D42: =D39-D5 -> 0 | E42: =E39-E5 -> 0 | F42: =F39-F5 -> 0 | G42: =G39-G5 -> 0 | I42: =I39-I5 -> 345 | J42: =J39-J5 -> 77 | K42: =K39-K5 -> 0 | L42: =L39-L5 -> 0 | N42: =N39-N5 -> 2704 | O42: =O39-O5 -> 0 | P42: =P39-P5 -> 0 | Q42: =Q39-Q5 -> 0 | T42: =T39-T5 -> 0 | U42: =U39-U5 -> 0 | V42: =V39-V5 -> 0 | Y42: =Jan!Y39 -> 78.903226 | Z42: =Jan!Z39 -> 0 | AA42: =Jan!AA39 -> 0 | AB42: =Jan!AB39 -> -31397.677 | AC42: =Jan!AC39 -> -2518.7097 | AD42: =Jan!AD39 -> -704.19355 | AF42: =Jan!AF39 -> 11.677419 | AG42: =Jan!AG39 -> 1.8064516 | AH42: =Jan!AH39 -> -812.93548 | AI42: =Jan!AI39 -> -3.6774194 | AK42: =Jan!AK39 -> 95.774194 | AL42: =Jan!AL39 -> -13284.032 | AM42: =Jan!AM39 -> -18857.484 | AN42: =Jan!AN39 -> -693.22581
X43: 1.5 | Y43: =Y42*$X$43 -> 118.35484 | Z43: =Z42*$X$43 -> 0 | AA43: =AA42*$X$43 -> 0 | AB43: =AB42*$X$43 -> -47096.516 | AC43: =AC42*$X$43 -> -3778.0645 | AD43: =AD42*$X$43 -> -1056.2903 | AF43: =AF42*$X$43 -> 17.516129 | AG43: =AG42*$X$43 -> 2.7096774 | AH43: =AH42*$X$43 -> -1219.4032 | AI43: =AI42*$X$43 -> -5.516129 | AK43: =AK42*$X$43 -> 143.66129 | AL43: =AL42*$X$43 -> -19926.048 | AM43: =AM42*$X$43 -> -28286.226 | AN43: =AN42*$X$43 -> -1039.8387
R44: AVG | X44: 0.5 | Y44: =Y42*$X$44 -> 39.451613 | Z44: =Z42*$X$44 -> 0 | AA44: =AA42*$X$44 -> 0 | AB44: =AB42*$X$44 -> -15698.839 | AC44: =AC42*$X$44 -> -1259.3548 | AD44: =AD42*$X$44 -> -352.09677 | AF44: =AF42*$X$44 -> 5.8387097 | AG44: =AG42*$X$44 -> 0.90322581 | AH44: =AH42*$X$44 -> -406.46774 | AI44: =AI42*$X$44 -> -1.8387097 | AK44: =AK42*$X$44 -> 47.887097 | AL44: =AL42*$X$44 -> -6642.0161 | AM44: 0 | AN44: 0
R45: =AVERAGE(R6:R36) -> -783.82143
Y46: Note 1 | Z46: Normal formating for cells where the daily average consumption is within range from the previous month's average range noted above.
Y47: Note 2 | Z47: Indicates the daily average for that day is outside the average range for that meter, based on the previous month's averages. Not necessarily a problem, just something to keeep an eye on.
X48: ! | Y48: Note 3 | Z48: This RED FLAG should be brought to Management for further review as to why it is more than twice the monthly average. Still can be explained, depending on the meter, but warrants immediate review to minimize impact to utilities and/or billing.
Y49: Note 4 | Z49: This is the same calculation as the RED FLAG, but is a known non-issue (example: Emergency Generator run once a week, plus bi-monthly inspections)
X50: ! | Y50: Note 5 | Z50: THIS IS AN ISSUE. METERS DO NOT RUN BACKWARDS, THUS NO NEGATIVE READINGS ALLOWED. Check for a simple typo or transposed number in the reading and/or verify the meter reading logged is correct by physically checking meter again.
R51: =AVERAGE(R6:R36) -> -783.82143

Sheet Mar
B1: Water | I1: Cooling Towers | N1: Gas | T1: Georgia Power | Y1: Water | AF1: Cooling Towers | AK1: Gas
B2: Meter | I2: Hotel Chillers | K2: Apartment Loop | N2: Meter | Q2: MEZ | T2: Electrical Vault at P1 | Y2: Meter | AF2: Hotel Chillers | AH2: Apartment Loop | AK2: Meter | AN2: MEZ
A3: Date | B3: Bldg Main Meter #1 (CCF) | C3: Meter #2 (CCF) | D3: Fire Main Meter #3 (CCF) | E3: Pump Rm. Gall * 100 | F3: Offices at Level 20 Gall * 100 | G3: Offices at Level 30 Gall * 100 | I3: Make Up Gall * 100 | J3: Blow Down | K3: Make Up Gall * 100 | L3: Blow Down | N3: Corrected CCF *10 | O3: Not Corrected | P3: Engine | Q3: Tower Htg CCF *10 | T3: KWH (*4800) | U3: KW | V3: KQH | X3: Date | Y3: Bldg Main Meter #1 (CCF) | Z3: Meter #2 (CCF) | AA3: Fire Main Meter #3 (CCF) | AB3: Pump Rm. Gall * 100 | AC3: Offices at Level 20 Gall * 100 | AD3: Offices at Level 30 Gall * 100 | AF3: Make Up Gall * 100 | AG3: Blow Down | AH3: Make Up Gall * 100 | AI3: Blow Down | AK3: Corrected CCF *10 | AL3: Not Corrected | AM3: Engine | AN3: Tower Htg CCF *10
A5: LR | B5: =Feb!B39 -> 645568 | C5: =Feb!C39 -> 0 | D5: =Feb!D39 -> 0 | E5: =Feb!E39 -> 973328 | F5: =Feb!F39 -> 78080 | G5: =Feb!G39 -> 21830 | I5: =Feb!I39 -> 19870 | J5: =Feb!J39 -> 1607 | K5: =Feb!K39 -> 25201 | L5: =Feb!L39 -> 114 | N5: =Feb!N39 -> 224503 | O5: =Feb!O39 -> 412436 | P5: =Feb!P39 -> 584676 | Q5: =Feb!Q39 -> 21947 | T5: =Feb!T39 -> 0 | U5: =Feb!U39 -> 0 | V5: =Feb!V39 -> 0
A6: 1 | B6: 645555 | I6: 19878 | J6: 1611 | N6: 224555 | R6: =Q6-Q5 -> -21947 | T6: 0 | U6: 0 | V6: 0 | W6: x | X6: 1 | Y6: =B6-B5 -> -13 | Z6: =C6-C5 -> 0 | AA6: =D6-D5 -> 0 | AB6: =E6-E5 -> -973328 | AC6: =F6-F5 -> -78080 | AD6: =G6-G5 -> -21830 | AF6: =I6-I5 -> 8 | AG6: =J6-J5 -> 4 | AH6: =K6-K5 -> -25201 | AI6: =L6-L5 -> -114 | AK6: =N6-N5 -> 52 | AL6: =O6-O5 -> -412436 | AM6: =P6-P5 -> -584676 | AN6: =Q6-Q5 -> -21947
A7: 2 | B7: 645622 | I7: 19903 | J7: 1616 | N7: 224651 | R7: =Q7-Q6 -> 0 | T7: 0 | U7: 0 | V7: 0 | W7: x | X7: 2 | Y7: =B7-B6 -> 67 | Z7: =C7-C6 -> 0 | AA7: =D7-D6 -> 0 | AB7: =E7-E6 -> 0 | AC7: =F7-F6 -> 0 | AD7: =G7-G6 -> 0 | AF7: =I7-I6 -> 25 | AG7: =J7-J6 -> 5 | AH7: =K7-K6 -> 0 | AI7: =L7-L6 -> 0 | AK7: =N7-N6 -> 96 | AL7: =O7-O6 -> 0 | AM7: =P7-P6 -> 0 | AN7: =Q7-Q6 -> 0
A8: 3 | B8: 645692 | I8: 19926 | J8: 1623 | N8: 224718 | R8: =Q8-Q7 -> 0 | T8: 0 | U8: 0 | V8: 0 | W8: x | X8: 3 | Y8: =B8-B7 -> 70 | Z8: =C8-C7 -> 0 | AA8: =D8-D7 -> 0 | AB8: =E8-E7 -> 0 | AC8: =F8-F7 -> 0 | AD8: =G8-G7 -> 0 | AF8: =I8-I7 -> 23 | AG8: =J8-J7 -> 7 | AH8: =K8-K7 -> 0 | AI8: =L8-L7 -> 0 | AK8: =N8-N7 -> 67 | AL8: =O8-O7 -> 0 | AM8: =P8-P7 -> 0 | AN8: =Q8-Q7 -> 0
A9: 4 | B9: 645699 | I9: 19949 | J9: 1623 | N9: 224792 | R9: =Q9-Q8 -> 0 | T9: 0 | U9: 0 | V9: 0 | W9: x | X9: 4 | Y9: =B9-B8 -> 7 | Z9: =C9-C8 -> 0 | AA9: =D9-D8 -> 0 | AB9: =E9-E8 -> 0 | AC9: =F9-F8 -> 0 | AD9: =G9-G8 -> 0 | AF9: =I9-I8 -> 23 | AG9: =J9-J8 -> 0 | AH9: =K9-K8 -> 0 | AI9: =L9-L8 -> 0 | AK9: =N9-N8 -> 74 | AL9: =O9-O8 -> 0 | AM9: =P9-P8 -> 0 | AN9: =Q9-Q8 -> 0
A10: 5 | B10: 645851 | I10: 19965 | J10: 1630 | N10: 224869 | R10: =Q10-Q9 -> 0 | T10: 0 | U10: 0 | V10: 0 | W10: x | X10: 5 | Y10: =B10-B9 -> 152 | Z10: =C10-C9 -> 0 | AA10: =D10-D9 -> 0 | AB10: =E10-E9 -> 0 | AC10: =F10-F9 -> 0 | AD10: =G10-G9 -> 0 | AF10: =I10-I9 -> 16 | AG10: =J10-J9 -> 7 | AH10: =K10-K9 -> 0 | AI10: =L10-L9 -> 0 | AK10: =N10-N9 -> 77 | AL10: =O10-O9 -> 0 | AM10: =P10-P9 -> 0 | AN10: =Q10-Q9 -> 0
A11: 6 | B11: 645911 | I11: 19979 | J11: 1636 | N11: 224956 | R11: =Q11-Q10 -> 0 | T11: 0 | U11: 0 | V11: 0 | W11: x | X11: 6 | Y11: =B11-B10 -> 60 | Z11: =C11-C10 -> 0 | AA11: =D11-D10 -> 0 | AB11: =E11-E10 -> 0 | AC11: =F11-F10 -> 0 | AD11: =G11-G10 -> 0 | AF11: =I11-I10 -> 14 | AG11: =J11-J10 -> 6 | AH11: =K11-K10 -> 0 | AI11: =L11-L10 -> 0 | AK11: =N11-N10 -> 87 | AL11: =O11-O10 -> 0 | AM11: =P11-P10 -> 0 | AN11: =Q11-Q10 -> 0
A12: 7 | B12: 645981 | I12: 19993 | J12: 1638 | N12: 225049 | R12: =Q12-Q11 -> 0 | T12: 0 | U12: 0 | V12: 0 | W12: x | X12: 7 | Y12: =B12-B11 -> 70 | Z12: =C12-C11 -> 0 | AA12: =D12-D11 -> 0 | AB12: =E12-E11 -> 0 | AC12: =F12-F11 -> 0 | AD12: =G12-G11 -> 0 | AF12: =I12-I11 -> 14 | AG12: =J12-J11 -> 2 | AH12: =K12-K11 -> 0 | AI12: =L12-L11 -> 0 | AK12: =N12-N11 -> 93 | AL12: =O12-O11 -> 0 | AM12: =P12-P11 -> 0 | AN12: =Q12-Q11 -> 0
A13: 8 | B13: 646030 | I13: 20001 | J13: 1638 | N13: 225130 | R13: =Q13-Q12 -> 0 | T13: 0 | U13: 0 | V13: 0 | W13: x | X13: 8 | Y13: =B13-B12 -> 49 | Z13: =C13-C12 -> 0 | AA13: =D13-D12 -> 0 | AB13: =E13-E12 -> 0 | AC13: =F13-F12 -> 0 | AD13: =G13-G12 -> 0 | AF13: =I13-I12 -> 8 | AG13: =J13-J12 -> 0 | AH13: =K13-K12 -> 0 | AI13: =L13-L12 -> 0 | AK13: =N13-N12 -> 81 | AL13: =O13-O12 -> 0 | AM13: =P13-P12 -> 0 | AN13: =Q13-Q12 -> 0
A14: 9 | B14: 646093 | I14: 20018 | J14: 1643 | N14: 225216 | R14: =Q14-Q13 -> 0 | T14: 0 | U14: 0 | V14: 0 | W14: x | X14: 9 | Y14: =B14-B13 -> 63 | Z14: =C14-C13 -> 0 | AA14: =D14-D13 -> 0 | AB14: =E14-E13 -> 0 | AC14: =F14-F13 -> 0 | AD14: =G14-G13 -> 0 | AF14: =I14-I13 -> 17 | AG14: =J14-J13 -> 5 | AH14: =K14-K13 -> 0 | AI14: =L14-L13 -> 0 | AK14: =N14-N13 -> 86 | AL14: =O14-O13 -> 0 | AM14: =P14-P13 -> 0 | AN14: =Q14-Q13 -> 0
A15: 10 | B15: 646156 | I15: 20038 | J15: 1650 | N15: 225290 | R15: =Q15-Q14 -> 0 | T15: 0 | U15: 0 | V15: 0 | W15: x | X15: 10 | Y15: =B15-B14 -> 63 | Z15: =C15-C14 -> 0 | AA15: =D15-D14 -> 0 | AB15: =E15-E14 -> 0 | AC15: =F15-F14 -> 0 | AD15: =G15-G14 -> 0 | AF15: =I15-I14 -> 20 | AG15: =J15-J14 -> 7 | AH15: =K15-K14 -> 0 | AI15: =L15-L14 -> 0 | AK15: =N15-N14 -> 74 | AL15: =O15-O14 -> 0 | AM15: =P15-P14 -> 0 | AN15: =Q15-Q14 -> 0
A16: 11 | B16: 646215 | I16: 20060 | J16: 1654 | N16: 225358 | R16: =Q16-Q15 -> 0 | T16: 0 | U16: 0 | V16: 0 | W16: x | X16: 11 | Y16: =B16-B15 -> 59 | Z16: =C16-C15 -> 0 | AA16: =D16-D15 -> 0 | AB16: =E16-E15 -> 0 | AC16: =F16-F15 -> 0 | AD16: =G16-G15 -> 0 | AF16: =I16-I15 -> 22 | AG16: =J16-J15 -> 4 | AH16: =K16-K15 -> 0 | AI16: =L16-L15 -> 0 | AK16: =N16-N15 -> 68 | AL16: =O16-O15 -> 0 | AM16: =P16-P15 -> 0 | AN16: =Q16-Q15 -> 0
A17: 12 | B17: 646272 | I17: 20081 | J17: 1662 | N17: 225418 | R17: =Q17-Q16 -> 0 | T17: 0 | U17: 0 | V17: 0 | W17: x | X17: 12 | Y17: =B17-B16 -> 57 | Z17: =C17-C16 -> 0 | AA17: =D17-D16 -> 0 | AB17: =E17-E16 -> 0 | AC17: =F17-F16 -> 0 | AD17: =G17-G16 -> 0 | AF17: =I17-I16 -> 21 | AG17: =J17-J16 -> 8 | AH17: =K17-K16 -> 0 | AI17: =L17-L16 -> 0 | AK17: =N17-N16 -> 60 | AL17: =O17-O16 -> 0 | AM17: =P17-P16 -> 0 | AN17: =Q17-Q16 -> 0
... A36: 31 | B36: 647046 | I36: 20461 | J36: 1758 | N36: 226299 | R36: =Q36-Q35 -> 0 | T36: 0 | U36: 0 | V36: 0 | W36: x | X36: 31 | Y36: =B36-B35 -> 34 | Z36: =C36-C35 -> 0 | AA36: =D36-D35 -> 0 | AB36: =E36-E35 -> 0 | AC36: =F36-F35 -> 0 | AD36: =G36-G35 -> 0 | AF36: =I36-I35 -> 18 | AG36: =J36-J35 -> 4 | AH36: =K36-K35 -> 0 | AI36: =L36-L35 -> 0 | AK36: =N36-N35 -> 20 | AL36: =O36-O35 -> 0 | AM36: =P36-P35 -> 0 | AN36: =Q36-Q35 -> 0
B37: (6 Digits) | E37: (6 Digits) | F37: (5 Digits) | G37: (5 Digits) | I37: (5 Digits) | J37: (4 Digits) | K37: (4 Digits) | L37: (4 Digits) | N37: (6 Digits) | O37: (6 Digits) | P37: (6 Digits) | Q37: (5 Digits)
A39: LD | B39: =LARGE(B5:B36, 1) -> 647046 | C39: =LARGE(C5:C36, 1) -> 0 | D39: =LARGE(D5:D36, 1) -> 0 | E39: =LARGE(E5:E36, 1) -> 973328 | F39: =LARGE(F5:F36, 1) -> 78080 | G39: =LARGE(G5:G36, 1) -> 21830 | I39: =LARGE(I5:I36, 1) -> 20461 | J39: =LARGE(J5:J36, 1) -> 1758 | K39: =LARGE(K5:K36, 1) -> 25201 | L39: =LARGE(L5:L36, 1) -> 114 | N39: =LARGE(N5:N36, 1) -> 226299 | O39: =LARGE(O5:O36, 1) -> 412436 | P39: =LARGE(P5:P36, 1) -> 584676 | Q39: =LARGE(Q5:Q36, 1) -> 21947 | T39: =LARGE(T5:T36, 1) -> 0 | U39: =LARGE(U5:U36, 1) -> 0 | V39: =LARGE(V5:V36, 1) -> 0 | X39: AVG | Y39: =AVERAGEIF($W$6:$W$36, "x",Y6:Y36) -> 47.677419 | Z39: =AVERAGEIF($W$6:$W$36, "x",Z6:Z36) -> 0 | AA39: =AVERAGEIF($W$6:$W$36, "x",AA6:AA36) -> 0 | AB39: =AVERAGEIF($W$6:$W$36, "x",AB6:AB36) -> -31397.677 | AC39: =AVERAGEIF($W$6:$W$36, "x",AC6:AC36) -> -2518.7097 | AD39: =AVERAGEIF($W$6:$W$36, "x",AD6:AD36) -> -704.19355 | AF39: =AVERAGEIF($W$6:$W$36, "x",AF6:AF36) -> 19.064516 | AG39: =AVERAGEIF($W$6:$W$36, "x",AG6:AG36) -> 4.8709677 | AH39: =AVERAGEIF($W$6:$W$36, "x",AH6:AH36) -> -812.93548 | AI39: =AVERAGEIF($W$6:$W$36, "x",AI6:AI36) -> -3.6774194 | AK39: =AVERAGEIF($W$6:$W$36, "x",AK6:AK36) -> 57.935484 | AL39: =AVERAGEIF($W$6:$W$36, "x",AL6:AL36) -> -13304.387 | AM39: =AVERAGEIF($W$6:$W$36, "x",AM6:AM36) -> -18860.516 | AN39: =AVERAGEIF($W$6:$W$36, "x",AN6:AN36) -> -707.96774
B41: Consumption: | X41: PRV AVG
B42: =B39-B5 -> 1478 | C42: =C39-C5 -> 0 | D42: =D39-D5 -> 0 | E42: =E39-E5 -> 0 | F42: =F39-F5 -> 0 | G42: =G39-G5 -> 0 | I42: =I39-I5 -> 591 | J42: =J39-J5 -> 151 | K42: =K39-K5 -> 0 | L42: =L39-L5 -> 0 | N42: =N39-N5 -> 1796 | O42: =O39-O5 -> 0 | P42: =P39-P5 -> 0 | Q42: =Q39-Q5 -> 0 | T42: =T39-T5 -> 0 | U42: =U39-U5 -> 0 | V42: =V39-V5 -> 0 | Y42: =Feb!Y39 -> 63.241379 | Z42: =Feb!Z39 -> 0 | AA42: =Feb!AA39 -> 0 | AB42: =Feb!AB39 -> -33563.034 | AC42: =Feb!AC39 -> -2692.4138 | AD42: =Feb!AD39 -> -752.75862 | AF42: =Feb!AF39 -> 11.896552 | AG42: =Feb!AG39 -> 2.6551724 | AH42: =Feb!AH39 -> -869 | AI42: =Feb!AI39 -> -3.9310345 | AK42: =Feb!AK39 -> 93.241379 | AL42: =Feb!AL39 -> -14221.931 | AM42: =Feb!AM39 -> -20161.241 | AN42: =Feb!AN39 -> -756.7931
X43: 1.5 | Y43: =Y42*$X$43 -> 94.862069 | Z43: =Z42*$X$43 -> 0 | AA43: =AA42*$X$43 -> 0 | AB43: =AB42*$X$43 -> -50344.552 | AC43: =AC42*$X$43 -> -4038.6207 | AD43: =AD42*$X$43 -> -1129.1379 | AF43: =AF42*$X$43 -> 17.844828 | AG43: =AG42*$X$43 -> 3.9827586 | AH43: =AH42*$X$43 -> -1303.5 | AI43: =AI42*$X$43 -> -5.8965517 | AK43: =AK42*$X$43 -> 139.86207 | AL43: =AL42*$X$43 -> -21332.897 | AM43: =AM42*$X$43 -> -30241.862 | AN43: =AN42*$X$43 -> -1135.1897
R44: AVG | X44: 0.5 | Y44: =Y42*$X$44 -> 31.62069 | Z44: =Z42*$X$44 -> 0 | AA44: =AA42*$X$44 -> 0 | AB44: =AB42*$X$44 -> -16781.517 | AC44: =AC42*$X$44 -> -1346.2069 | AD44: =AD42*$X$44 -> -376.37931 | AF44: =AF42*$X$44 -> 5.9482759 | AG44: =AG42*$X$44 -> 1.3275862 | AH44: =AH42*$X$44 -> -434.5 | AI44: =AI42*$X$44 -> -1.9655172 | AK44: =AK42*$X$44 -> 46.62069 | AL44: =AL42*$X$44 -> -7110.9655 | AM44: 0 | AN44: 0
R45: =AVERAGE(R6:R36) -> -707.96774
Y46: Note 1 | Z46: Normal formating for cells where the daily average consumption is within range from the previous month's average range noted above.
Y47: Note 2 | Z47: Indicates the daily average for that day is outside the average range for that meter, based on the previous month's averages. Not necessarily a problem, just something to keeep an eye on.
X48: ! | Y48: Note 3 | Z48: This RED FLAG should be brought to Management for further review as to why it is more than twice the monthly average. Still can be explained, depending on the meter, but warrants immediate review to minimize impact to utilities and/or billing.
Y49: Note 4 | Z49: This is the same calculation as the RED FLAG, but is a known non-issue (example: Emergency Generator run once a week, plus bi-monthly inspections)
X50: ! | Y50: Note 5 | Z50: THIS IS AN ISSUE. METERS DO NOT RUN BACKWARDS, THUS NO NEGATIVE READINGS ALLOWED. Check for a simple typo or transposed number in the reading and/or verify the meter reading logged is correct by physically checking meter again.
R51: =AVERAGE(R6:R36) -> -707.96774

Sheet Apr
B1: City Water | I1: Cooling Towers | N1: Natural Gas | T1: Georgia Power | Y1: City Water | AF1: Cooling Towers | AK1: Natural Gas
B2: Sidewalk Meter | I2: Hotel Chillers | K2: Apartment Loop | N2: Gas Room at P1 | Q2: MEZ | T2: Electrical Vault at P1 | Y2: Sidewalk Meter | AF2: Hotel Chillers | AH2: Apartment Loop | AK2: Gas Room at P1 | AN2: MEZ
A3: Date | B3: Bldg Main Meter #1 (CCF) | C3: Meter #2 (CCF) | D3: Fire Main Meter #3 (CCF) | E3: Pump Rm. Gall * 100 | F3: Offices at Level 20 Gall * 100 | G3: Offices at Level 30 Gall * 100 | I3: Make Up Gall * 100 | J3: Blow Down | K3: Make Up Gall * 100 | L3: Blow Down | N3: Corrected CCF *10 | O3: Not Corrected | P3: Engine | Q3: Tower Htg CCF *10 | T3: KWH (*4800) | U3: KW | V3: KQH | X3: Date | Y3: Bldg Main Meter #1 (CCF) | Z3: Meter #2 (CCF) | AA3: Fire Main Meter #3 (CCF) | AB3: Pump Rm. Gall * 100 | AC3: Offices at Level 20 Gall * 100 | AD3: Offices at Level 30 Gall * 100 | AF3: Make Up Gall * 100 | AG3: Blow Down | AH3: Make Up Gall * 100 | AI3: Blow Down | AK3: Corrected CCF *10 | AL3: Not Corrected | AM3: Engine | AN3: Tower Htg CCF *10
A5: LR | B5: =Mar!B39 -> 647046 | C5: =Mar!C39 -> 0 | D5: =Mar!D39 -> 0 | E5: =Mar!E39 -> 973328 | F5: =Mar!F39 -> 78080 | G5: =Mar!G39 -> 21830 | I5: =Mar!I39 -> 20461 | J5: =Mar!J39 -> 1758 | K5: =Mar!K39 -> 25201 | L5: =Mar!L39 -> 114 | N5: =Mar!N39 -> 226299 | O5: =Mar!O39 -> 412436 | P5: =Mar!P39 -> 584676 | Q5: =Mar!Q39 -> 21947 | T5: =Mar!T39 -> 0 | U5: =Mar!U39 -> 0 | V5: =Mar!V39 -> 0
A6: 1 | B6: 647069 | I6: 20471 | J6: 1758 | N6: 226317 | R6: =Q6-Q5 -> -21947 | T6: 0 | U6: 0 | V6: 0 | W6: x | X6: 1 | Y6: =B6-B5 -> 23 | Z6: =C6-C5 -> 0 | AA6: =D6-D5 -> 0 | AB6: =E6-E5 -> -973328 | AC6: =F6-F5 -> -78080 | AD6: =G6-G5 -> -21830 | AF6: =I6-I5 -> 10 | AG6: =J6-J5 -> 0 | AH6: =K6-K5 -> -25201 | AI6: =L6-L5 -> -114 | AK6: =N6-N5 -> 18 | AL6: =O6-O5 -> -412436 | AM6: =P6-P5 -> -584676 | AN6: =Q6-Q5 -> -21947
A7: 2 | B7: 647091 | I7: 20483 | J7: 1761 | N7: 226345 | R7: =Q7-Q6 -> 0 | T7: 0 | U7: 0 | V7: 0 | W7: x | X7: 2 | Y7: =B7-B6 -> 22 | Z7: =C7-C6 -> 0 | AA7: =D7-D6 -> 0 | AB7: =E7-E6 -> 0 | AC7: =F7-F6 -> 0 | AD7: =G7-G6 -> 0 | AF7: =I7-I6 -> 12 | AG7: =J7-J6 -> 3 | AH7: =K7-K6 -> 0 | AI7: =L7-L6 -> 0 | AK7: =N7-N6 -> 28 | AL7: =O7-O6 -> 0 | AM7: =P7-P6 -> 0 | AN7: =Q7-Q6 -> 0
A8: 3 | B8: 647125 | I8: 20495 | J8: 1764 | N8: 226367 | R8: =Q8-Q7 -> 0 | T8: 0 | U8: 0 | V8: 0 | W8: x | X8: 3 | Y8: =B8-B7 -> 34 | Z8: =C8-C7 -> 0 | AA8: =D8-D7 -> 0 | AB8: =E8-E7 -> 0 | AC8: =F8-F7 -> 0 | AD8: =G8-G7 -> 0 | AF8: =I8-I7 -> 12 | AG8: =J8-J7 -> 3 | AH8: =K8-K7 -> 0 | AI8: =L8-L7 -> 0 | AK8: =N8-N7 -> 22 | AL8: =O8-O7 -> 0 | AM8: =P8-P7 -> 0 | AN8: =Q8-Q7 -> 0
A9: 4 | B9: 647155 | I9: 20509 | J9: 1769 | N9: 226390 | R9: =Q9-Q8 -> 0 | T9: 0 | U9: 0 | V9: 0 | W9: x | X9: 4 | Y9: =B9-B8 -> 30 | Z9: =C9-C8 -> 0 | AA9: =D9-D8 -> 0 | AB9: =E9-E8 -> 0 | AC9: =F9-F8 -> 0 | AD9: =G9-G8 -> 0 | AF9: =I9-I8 -> 14 | AG9: =J9-J8 -> 5 | AH9: =K9-K8 -> 0 | AI9: =L9-L8 -> 0 | AK9: =N9-N8 -> 23 | AL9: =O9-O8 -> 0 | AM9: =P9-P8 -> 0 | AN9: =Q9-Q8 -> 0
A10: 5 | B10: 647177 | I10: 20513 | J10: 1769 | N10: 226425 | R10: =Q10-Q9 -> 0 | T10: 0 | U10: 0 | V10: 0 | W10: x | X10: 5 | Y10: =B10-B9 -> 22 | Z10: =C10-C9 -> 0 | AA10: =D10-D9 -> 0 | AB10: =E10-E9 -> 0 | AC10: =F10-F9 -> 0 | AD10: =G10-G9 -> 0 | AF10: =I10-I9 -> 4 | AG10: =J10-J9 -> 0 | AH10: =K10-K9 -> 0 | AI10: =L10-L9 -> 0 | AK10: =N10-N9 -> 35 | AL10: =O10-O9 -> 0 | AM10: =P10-P9 -> 0 | AN10: =Q10-Q9 -> 0
A11: 6 | B11: 647210 | I11: 20544 | J11: 1769 | N11: 226450 | R11: =Q11-Q10 -> 0 | T11: 0 | U11: 0 | V11: 0 | W11: x | X11: 6 | Y11: =B11-B10 -> 33 | Z11: =C11-C10 -> 0 | AA11: =D11-D10 -> 0 | AB11: =E11-E10 -> 0 | AC11: =F11-F10 -> 0 | AD11: =G11-G10 -> 0 | AF11: =I11-I10 -> 31 | AG11: =J11-J10 -> 0 | AH11: =K11-K10 -> 0 | AI11: =L11-L10 -> 0 | AK11: =N11-N10 -> 25 | AL11: =O11-O10 -> 0 | AM11: =P11-P10 -> 0 | AN11: =Q11-Q10 -> 0
A12: 7 | B12: 647247 | I12: 20566 | J12: 1769 | N12: 226471 | R12: =Q12-Q11 -> 0 | T12: 0 | U12: 0 | V12: 0 | W12: x | X12: 7 | Y12: =B12-B11 -> 37 | Z12: =C12-C11 -> 0 | AA12: =D12-D11 -> 0 | AB12: =E12-E11 -> 0 | AC12: =F12-F11 -> 0 | AD12: =G12-G11 -> 0 | AF12: =I12-I11 -> 22 | AG12: =J12-J11 -> 0 | AH12: =K12-K11 -> 0 | AI12: =L12-L11 -> 0 | AK12: =N12-N11 -> 21 | AL12: =O12-O11 -> 0 | AM12: =P12-P11 -> 0 | AN12: =Q12-Q11 -> 0
A13: 8 | B13: 647281 | I13: 20578 | J13: 1769 | N13: 226488 | R13: =Q13-Q12 -> 0 | T13: 0 | U13: 0 | V13: 0 | W13: x | X13: 8 | Y13: =B13-B12 -> 34 | Z13: =C13-C12 -> 0 | AA13: =D13-D12 -> 0 | AB13: =E13-E12 -> 0 | AC13: =F13-F12 -> 0 | AD13: =G13-G12 -> 0 | AF13: =I13-I12 -> 12 | AG13: =J13-J12 -> 0 | AH13: =K13-K12 -> 0 | AI13: =L13-L12 -> 0 | AK13: =N13-N12 -> 17 | AL13: =O13-O12 -> 0 | AM13: =P13-P12 -> 0 | AN13: =Q13-Q12 -> 0
A14: 9 | B14: 647308 | I14: 20592 | J14: 1769 | N14: 226513 | R14: =Q14-Q13 -> 0 | T14: 0 | U14: 0 | V14: 0 | W14: x | X14: 9 | Y14: =B14-B13 -> 27 | Z14: =C14-C13 -> 0 | AA14: =D14-D13 -> 0 | AB14: =E14-E13 -> 0 | AC14: =F14-F13 -> 0 | AD14: =G14-G13 -> 0 | AF14: =I14-I13 -> 14 | AG14: =J14-J13 -> 0 | AH14: =K14-K13 -> 0 | AI14: =L14-L13 -> 0 | AK14: =N14-N13 -> 25 | AL14: =O14-O13 -> 0 | AM14: =P14-P13 -> 0 | AN14: =Q14-Q13 -> 0
A15: 10 | B15: 647341 | I15: 20605 | J15: 1769 | N15: 226535 | R15: =Q15-Q14 -> 0 | T15: 0 | U15: 0 | V15: 0 | W15: x | X15: 10 | Y15: =B15-B14 -> 33 | Z15: =C15-C14 -> 0 | AA15: =D15-D14 -> 0 | AB15: =E15-E14 -> 0 | AC15: =F15-F14 -> 0 | AD15: =G15-G14 -> 0 | AF15: =I15-I14 -> 13 | AG15: =J15-J14 -> 0 | AH15: =K15-K14 -> 0 | AI15: =L15-L14 -> 0 | AK15: =N15-N14 -> 22 | AL15: =O15-O14 -> 0 | AM15: =P15-P14 -> 0 | AN15: =Q15-Q14 -> 0
A16: 11 | B16: 647356 | I16: 20609 | J16: 1769 | N16: 226550 | R16: =Q16-Q15 -> 0 | T16: 0 | U16: 0 | V16: 0 | W16: x | X16: 11 | Y16: =B16-B15 -> 15 | Z16: =C16-C15 -> 0 | AA16: =D16-D15 -> 0 | AB16: =E16-E15 -> 0 | AC16: =F16-F15 -> 0 | AD16: =G16-G15 -> 0 | AF16: =I16-I15 -> 4 | AG16: =J16-J15 -> 0 | AH16: =K16-K15 -> 0 | AI16: =L16-L15 -> 0 | AK16: =N16-N15 -> 15 | AL16: =O16-O15 -> 0 | AM16: =P16-P15 -> 0 | AN16: =Q16-Q15 -> 0
A17: 12 | B17: 647385 | I17: 20622 | J17: 1769 | N17: 226571 | R17: =Q17-Q16 -> 0 | T17: 0 | U17: 0 | V17: 0 | W17: x | X17: 12 | Y17: =B17-B16 -> 29 | Z17: =C17-C16 -> 0 | AA17: =D17-D16 -> 0 | AB17: =E17-E16 -> 0 | AC17: =F17-F16 -> 0 | AD17: =G17-G16 -> 0 | AF17: =I17-I16 -> 13 | AG17: =J17-J16 -> 0 | AH17: =K17-K16 -> 0 | AI17: =L17-L16 -> 0 | AK17: =N17-N16 -> 21 | AL17: =O17-O16 -> 0 | AM17: =P17-P16 -> 0 | AN17: =Q17-Q16 -> 0
... A35: 30 | B35: 647823 | I35: 20859 | J35: 1819 | N35: 226900 | R35: =Q35-Q34 -> 0 | T35: 0 | U35: 0 | V35: 0 | W35: x | X35: 30 | Y35: =B35-B34 -> 16 | Z35: =C35-C34 -> 0 | AA35: =D35-D34 -> 0 | AB35: =E35-E34 -> 0 | AC35: =F35-F34 -> 0 | AD35: =G35-G34 -> 0 | AF35: =I35-I34 -> 13 | AG35: =J35-J34 -> 1 | AH35: =K35-K34 -> 0 | AI35: =L35-L34 -> 0 | AK35: =N35-N34 -> 15 | AL35: =O35-O34 -> 0 | AM35: =P35-P34 -> 0 | AN35: =Q35-Q34 -> 0
A36: 31 | T36: 0 | U36: 0 | V36: 0 | X36: 31 | Y36: =B36-B35 -> -647823 | Z36: =C36-C35 -> 0 | AA36: =D36-D35 -> 0 | AB36: =E36-E35 -> 0 | AC36: =F36-F35 -> 0 | AD36: =G36-G35 -> 0 | AF36: =I36-I35 -> -20859 | AG36: =J36-J35 -> -1819 | AH36: =K36-K35 -> 0 | AI36: =L36-L35 -> 0 | AK36: =N36-N35 -> -226900 | AL36: =O36-O35 -> 0 | AM36: =P36-P35 -> 0 | AN36: =Q36-Q35 -> 0
B37: (6 Digits) | E37: (6 Digits) | F37: (5 Digits) | G37: (5 Digits) | I37: (5 Digits) | J37: (4 Digits) | K37: (4 Digits) | L37: (4 Digits) | N37: (6 Digits) | O37: (6 Digits) | P37: (6 Digits) | Q37: (5 Digits)
A39: LD | B39: =LARGE(B5:B36, 1) -> 647823 | C39: =LARGE(C5:C36, 1) -> 0 | D39: =LARGE(D5:D36, 1) -> 0 | E39: =LARGE(E5:E36, 1) -> 973328 | F39: =LARGE(F5:F36, 1) -> 78080 | G39: =LARGE(G5:G36, 1) -> 21830 | I39: =LARGE(I5:I36, 1) -> 20859 | J39: =LARGE(J5:J36, 1) -> 1819 | K39: =LARGE(K5:K36, 1) -> 25201 | L39: =LARGE(L5:L36, 1) -> 114 | N39: =LARGE(N5:N36, 1) -> 226900 | O39: =LARGE(O5:O36, 1) -> 412436 | P39: =LARGE(P5:P36, 1) -> 584676 | Q39: =LARGE(Q5:Q36, 1) -> 21947 | T39: =LARGE(T5:T36, 1) -> 0 | U39: =LARGE(U5:U36, 1) -> 0 | V39: =LARGE(V5:V36, 1) -> 0 | X39: AVG | Y39: =AVERAGEIF($W$6:$W$36, "x",Y6:Y36) -> 25.9 | Z39: =AVERAGEIF($W$6:$W$36, "x",Z6:Z36) -> 0 | AA39: =AVERAGEIF($W$6:$W$36, "x",AA6:AA36) -> 0 | AB39: =AVERAGEIF($W$6:$W$36, "x",AB6:AB36) -> -32444.267 | AC39: =AVERAGEIF($W$6:$W$36, "x",AC6:AC36) -> -2602.6667 | AD39: =AVERAGEIF($W$6:$W$36, "x",AD6:AD36) -> -727.66667 | AF39: =AVERAGEIF($W$6:$W$36, "x",AF6:AF36) -> 13.266667 | AG39: =AVERAGEIF($W$6:$W$36, "x",AG6:AG36) -> 2.0333333 | AH39: =AVERAGEIF($W$6:$W$36, "x",AH6:AH36) -> -840.03333 | AI39: =AVERAGEIF($W$6:$W$36, "x",AI6:AI36) -> -3.8 | AK39: =AVERAGEIF($W$6:$W$36, "x",AK6:AK36) -> 20.033333 | AL39: =AVERAGEIF($W$6:$W$36, "x",AL6:AL36) -> -13747.867 | AM39: =AVERAGEIF($W$6:$W$36, "x",AM6:AM36) -> -19489.2 | AN39: =AVERAGEIF($W$6:$W$36, "x",AN6:AN36) -> -731.56667
B41: Consumption: | X41: PRV AVG
B42: =B39-B5 -> 777 | C42: =C39-C5 -> 0 | D42: =D39-D5 -> 0 | E42: =E39-E5 -> 0 | F42: =F39-F5 -> 0 | G42: =G39-G5 -> 0 | I42: =I39-I5 -> 398 | J42: =J39-J5 -> 61 | K42: =K39-K5 -> 0 | L42: =L39-L5 -> 0 | N42: =N39-N5 -> 601 | O42: =O39-O5 -> 0 | P42: =P39-P5 -> 0 | Q42: =Q39-Q5 -> 0 | T42: =T39-T5 -> 0 | U42: =U39-U5 -> 0 | V42: =V39-V5 -> 0 | Y42: =Mar!Y39 -> 47.677419 | Z42: =Mar!Z39 -> 0 | AA42: =Mar!AA39 -> 0 | AB42: =Mar!AB39 -> -31397.677 | AC42: =Mar!AC39 -> -2518.7097 | AD42: =Mar!AD39 -> -704.19355 | AF42: =Mar!AF39 -> 19.064516 | AG42: =Mar!AG39 -> 4.8709677 | AH42: =Mar!AH39 -> -812.93548 | AI42: =Mar!AI39 -> -3.6774194 | AK42: =Mar!AK39 -> 57.935484 | AL42: =Mar!AL39 -> -13304.387 | AM42: =Mar!AM39 -> -18860.516 | AN42: =Mar!AN39 -> -707.96774
X43: 1.5 | Y43: =Y42*$X$43 -> 71.516129 | Z43: =Z42*$X$43 -> 0 | AA43: =AA42*$X$43 -> 0 | AB43: =AB42*$X$43 -> -47096.516 | AC43: =AC42*$X$43 -> -3778.0645 | AD43: =AD42*$X$43 -> -1056.2903 | AF43: =AF42*$X$43 -> 28.596774 | AG43: =AG42*$X$43 -> 7.3064516 | AH43: =AH42*$X$43 -> -1219.4032 | AI43: =AI42*$X$43 -> -5.516129 | AK43: =AK42*$X$43 -> 86.903226 | AL43: =AL42*$X$43 -> -19956.581 | AM43: =AM42*$X$43 -> -28290.774 | AN43: =AN42*$X$43 -> -1061.9516
R44: AVG | X44: 0.5 | Y44: =Y42*$X$44 -> 23.83871 | Z44: =Z42*$X$44 -> 0 | AA44: =AA42*$X$44 -> 0 | AB44: =AB42*$X$44 -> -15698.839 | AC44: =AC42*$X$44 -> -1259.3548 | AD44: =AD42*$X$44 -> -352.09677 | AF44: =AF42*$X$44 -> 9.5322581 | AG44: =AG42*$X$44 -> 2.4354839 | AH44: =AH42*$X$44 -> -406.46774 | AI44: =AI42*$X$44 -> -1.8387097 | AK44: =AK42*$X$44 -> 28.967742 | AL44: =AL42*$X$44 -> -6652.1935 | AM44: 0 | AN44: 0
R45: =AVERAGE(R6:R36) -> -731.56667
Y46: Note 1 | Z46: Normal formating for cells where the daily average consumption is within range from the previous month's average range noted above.
Y47: Note 2 | Z47: Indicates the daily average for that day is outside the average range for that meter, based on the previous month's averages. Not necessarily a problem, just something to keeep an eye on.
X48: ! | Y48: Note 3 | Z48: This RED FLAG should be brought to Management for further review as to why it is more than twice the monthly average. Still can be explained, depending on the meter, but warrants immediate review to minimize impact to utilities and/or billing.
Y49: Note 4 | Z49: This is the same calculation as the RED FLAG, but is a known non-issue (example: Emergency Generator run once a week, plus bi-monthly inspections)
X50: ! | Y50: Note 5 | Z50: THIS IS AN ISSUE. METERS DO NOT RUN BACKWARDS, THUS NO NEGATIVE READINGS ALLOWED. Check for a simple typo or transposed number in the reading and/or verify the meter reading logged is correct by physically checking meter again.

Sheet May
B1: City Water | I1: Cooling Towers | N1: Natural Gas | T1: Georgia Power | Y1: City Water | AF1: Cooling Towers | AK1: Natural Gas
B2: Sidewalk Meter | I2: Hotel Chillers | K2: Apartment Loop | N2: Gas Room at P1 | Q2: MEZ | T2: Electrical Vault at P1 | Y2: Sidewalk Meter | AF2: Hotel Chillers | AH2: Apartment Loop | AK2: Gas Room at P1 | AN2: MEZ
A3: Date | B3: Bldg Main Meter #1 (CCF) | C3: Meter #2 (CCF) | D3: Fire Main Meter #3 (CCF) | E3: Pump Rm. Gall * 100 | F3: Offices at Level 20 Gall * 100 | G3: Offices at Level 30 Gall * 100 | I3: Make Up Gall * 100 | J3: Blow Down | K3: Make Up Gall * 100 | L3: Blow Down | N3: Corrected CCF *10 | O3: Not Corrected | P3: Engine | Q3: Tower Htg CCF *10 | T3: KWH (*4800) | U3: KW | V3: KQH | X3: Date | Y3: Bldg Main Meter #1 (CCF) | Z3: Meter #2 (CCF) | AA3: Fire Main Meter #3 (CCF) | AB3: Pump Rm. Gall * 100 | AC3: Offices at Level 20 Gall * 100 | AD3: Offices at Level 30 Gall * 100 | AF3: Make Up Gall * 100 | AG3: Blow Down | AH3: Make Up Gall * 100 | AI3: Blow Down | AK3: Corrected CCF *10 | AL3: Not Corrected | AM3: Engine | AN3: Tower Htg CCF *10
A5: LR | B5: =Apr!B39 -> 647823 | C5: =Apr!C39 -> 0 | D5: =Apr!D39 -> 0 | E5: =Apr!E39 -> 973328 | F5: =Apr!F39 -> 78080 | G5: =Apr!G39 -> 21830 | I5: =Apr!I39 -> 20859 | J5: =Apr!J39 -> 1819 | K5: =Apr!K39 -> 25201 | L5: =Apr!L39 -> 114 | N5: =Apr!N39 -> 226900 | O5: =Apr!O39 -> 412436 | P5: =Apr!P39 -> 584676 | Q5: =Apr!Q39 -> 21947 | T5: =Apr!T39 -> 0 | U5: =Apr!U39 -> 0 | V5: =Apr!V39 -> 0
A6: 1 | B6: 647854 | I6: 20872 | J6: 1821 | N6: 226921 | R6: =Q6-Q5 -> -21947 | T6: 0 | U6: 0 | V6: 0 | W6: x | X6: 1 | Y6: =B6-B5 -> 31 | Z6: =C6-C5 -> 0 | AA6: =D6-D5 -> 0 | AB6: =E6-E5 -> -973328 | AC6: =F6-F5 -> -78080 | AD6: =G6-G5 -> -21830 | AF6: =I6-I5 -> 13 | AG6: =J6-J5 -> 2 | AH6: =K6-K5 -> -25201 | AI6: =L6-L5 -> -114 | AK6: =N6-N5 -> 21 | AL6: =O6-O5 -> -412436 | AM6: =P6-P5 -> -584676 | AN6: =Q6-Q5 -> -21947
A7: 2 | B7: 647883 | I7: 20886 | J7: 1823 | N7: 226939 | R7: =Q7-Q6 -> 0 | T7: 0 | U7: 0 | V7: 0 | W7: x | X7: 2 | Y7: =B7-B6 -> 29 | Z7: =C7-C6 -> 0 | AA7: =D7-D6 -> 0 | AB7: =E7-E6 -> 0 | AC7: =F7-F6 -> 0 | AD7: =G7-G6 -> 0 | AF7: =I7-I6 -> 14 | AG7: =J7-J6 -> 2 | AH7: =K7-K6 -> 0 | AI7: =L7-L6 -> 0 | AK7: =N7-N6 -> 18 | AL7: =O7-O6 -> 0 | AM7: =P7-P6 -> 0 | AN7: =Q7-Q6 -> 0
A8: 3 | B8: 647916 | I8: 20904 | J8: 1829 | N8: 226955 | R8: =Q8-Q7 -> 0 | T8: 0 | U8: 0 | V8: 0 | W8: x | X8: 3 | Y8: =B8-B7 -> 33 | Z8: =C8-C7 -> 0 | AA8: =D8-D7 -> 0 | AB8: =E8-E7 -> 0 | AC8: =F8-F7 -> 0 | AD8: =G8-G7 -> 0 | AF8: =I8-I7 -> 18 | AG8: =J8-J7 -> 6 | AH8: =K8-K7 -> 0 | AI8: =L8-L7 -> 0 | AK8: =N8-N7 -> 16 | AL8: =O8-O7 -> 0 | AM8: =P8-P7 -> 0 | AN8: =Q8-Q7 -> 0
A9: 4 | B9: 647948 | I9: 20920 | J9: 1833 | N9: 226969 | R9: =Q9-Q8 -> 0 | T9: 0 | U9: 0 | V9: 0 | W9: x | X9: 4 | Y9: =B9-B8 -> 32 | Z9: =C9-C8 -> 0 | AA9: =D9-D8 -> 0 | AB9: =E9-E8 -> 0 | AC9: =F9-F8 -> 0 | AD9: =G9-G8 -> 0 | AF9: =I9-I8 -> 16 | AG9: =J9-J8 -> 4 | AH9: =K9-K8 -> 0 | AI9: =L9-L8 -> 0 | AK9: =N9-N8 -> 14 | AL9: =O9-O8 -> 0 | AM9: =P9-P8 -> 0 | AN9: =Q9-Q8 -> 0
A10: 5 | B10: 647973 | I10: 20939 | J10: 1838 | N10: 226984 | R10: =Q10-Q9 -> 0 | T10: 0 | U10: 0 | V10: 0 | W10: x | X10: 5 | Y10: =B10-B9 -> 25 | Z10: =C10-C9 -> 0 | AA10: =D10-D9 -> 0 | AB10: =E10-E9 -> 0 | AC10: =F10-F9 -> 0 | AD10: =G10-G9 -> 0 | AF10: =I10-I9 -> 19 | AG10: =J10-J9 -> 5 | AH10: =K10-K9 -> 0 | AI10: =L10-L9 -> 0 | AK10: =N10-N9 -> 15 | AL10: =O10-O9 -> 0 | AM10: =P10-P9 -> 0 | AN10: =Q10-Q9 -> 0
A11: 6 | B11: 648017 | I11: 20959 | J11: 1844 | N11: 226998 | R11: =Q11-Q10 -> 0 | T11: 0 | U11: 0 | V11: 0 | W11: x | X11: 6 | Y11: =B11-B10 -> 44 | Z11: =C11-C10 -> 0 | AA11: =D11-D10 -> 0 | AB11: =E11-E10 -> 0 | AC11: =F11-F10 -> 0 | AD11: =G11-G10 -> 0 | AF11: =I11-I10 -> 20 | AG11: =J11-J10 -> 6 | AH11: =K11-K10 -> 0 | AI11: =L11-L10 -> 0 | AK11: =N11-N10 -> 14 | AL11: =O11-O10 -> 0 | AM11: =P11-P10 -> 0 | AN11: =Q11-Q10 -> 0
A12: 7 | B12: 648041 | I12: 20971 | J12: 1844 | N12: 227015 | R12: =Q12-Q11 -> 0 | T12: 0 | U12: 0 | V12: 0 | W12: x | X12: 7 | Y12: =B12-B11 -> 24 | Z12: =C12-C11 -> 0 | AA12: =D12-D11 -> 0 | AB12: =E12-E11 -> 0 | AC12: =F12-F11 -> 0 | AD12: =G12-G11 -> 0 | AF12: =I12-I11 -> 12 | AG12: =J12-J11 -> 0 | AH12: =K12-K11 -> 0 | AI12: =L12-L11 -> 0 | AK12: =N12-N11 -> 17 | AL12: =O12-O11 -> 0 | AM12: =P12-P11 -> 0 | AN12: =Q12-Q11 -> 0
A13: 8 | B13: 648071 | I13: 20988 | J13: 1847 | N13: 227032 | R13: =Q13-Q12 -> 0 | T13: 0 | U13: 0 | V13: 0 | W13: x | X13: 8 | Y13: =B13-B12 -> 30 | Z13: =C13-C12 -> 0 | AA13: =D13-D12 -> 0 | AB13: =E13-E12 -> 0 | AC13: =F13-F12 -> 0 | AD13: =G13-G12 -> 0 | AF13: =I13-I12 -> 17 | AG13: =J13-J12 -> 3 | AH13: =K13-K12 -> 0 | AI13: =L13-L12 -> 0 | AK13: =N13-N12 -> 17 | AL13: =O13-O12 -> 0 | AM13: =P13-P12 -> 0 | AN13: =Q13-Q12 -> 0
A14: 9 | B14: 648113 | I14: 21008 | J14: 1853 | N14: 227049 | R14: =Q14-Q13 -> 0 | T14: 0 | U14: 0 | V14: 0 | W14: x | X14: 9 | Y14: =B14-B13 -> 42 | Z14: =C14-C13 -> 0 | AA14: =D14-D13 -> 0 | AB14: =E14-E13 -> 0 | AC14: =F14-F13 -> 0 | AD14: =G14-G13 -> 0 | AF14: =I14-I13 -> 20 | AG14: =J14-J13 -> 6 | AH14: =K14-K13 -> 0 | AI14: =L14-L13 -> 0 | AK14: =N14-N13 -> 17 | AL14: =O14-O13 -> 0 | AM14: =P14-P13 -> 0 | AN14: =Q14-Q13 -> 0
A15: 10 | B15: 648134 | I15: 21017 | J15: 1853 | N15: 227073 | R15: =Q15-Q14 -> 0 | T15: 0 | U15: 0 | V15: 0 | W15: x | X15: 10 | Y15: =B15-B14 -> 21 | Z15: =C15-C14 -> 0 | AA15: =D15-D14 -> 0 | AB15: =E15-E14 -> 0 | AC15: =F15-F14 -> 0 | AD15: =G15-G14 -> 0 | AF15: =I15-I14 -> 9 | AG15: =J15-J14 -> 0 | AH15: =K15-K14 -> 0 | AI15: =L15-L14 -> 0 | AK15: =N15-N14 -> 24 | AL15: =O15-O14 -> 0 | AM15: =P15-P14 -> 0 | AN15: =Q15-Q14 -> 0
A16: 11 | B16: 648163 | I16: 21029 | J16: 1855 | N16: 227096 | R16: =Q16-Q15 -> 0 | T16: 0 | U16: 0 | V16: 0 | W16: x | X16: 11 | Y16: =B16-B15 -> 29 | Z16: =C16-C15 -> 0 | AA16: =D16-D15 -> 0 | AB16: =E16-E15 -> 0 | AC16: =F16-F15 -> 0 | AD16: =G16-G15 -> 0 | AF16: =I16-I15 -> 12 | AG16: =J16-J15 -> 2 | AH16: =K16-K15 -> 0 | AI16: =L16-L15 -> 0 | AK16: =N16-N15 -> 23 | AL16: =O16-O15 -> 0 | AM16: =P16-P15 -> 0 | AN16: =Q16-Q15 -> 0
A17: 12 | B17: 648176 | I17: 21043 | J17: 1858 | N17: 227117 | R17: =Q17-Q16 -> 0 | T17: 0 | U17: 0 | V17: 0 | W17: x | X17: 12 | Y17: =B17-B16 -> 13 | Z17: =C17-C16 -> 0 | AA17: =D17-D16 -> 0 | AB17: =E17-E16 -> 0 | AC17: =F17-F16 -> 0 | AD17: =G17-G16 -> 0 | AF17: =I17-I16 -> 14 | AG17: =J17-J16 -> 3 | AH17: =K17-K16 -> 0 | AI17: =L17-L16 -> 0 | AK17: =N17-N16 -> 21 | AL17: =O17-O16 -> 0 | AM17: =P17-P16 -> 0 | AN17: =Q17-Q16 -> 0
... A36: 31 | B36: 648865 | I36: 21360 | J36: 1946 | N36: 227480 | R36: =Q36-Q35 -> 0 | T36: 0 | U36: 0 | V36: 0 | W36: x | X36: 31 | Y36: =B36-B35 -> 30 | Z36: =C36-C35 -> 0 | AA36: =D36-D35 -> 0 | AB36: =E36-E35 -> 0 | AC36: =F36-F35 -> 0 | AD36: =G36-G35 -> 0 | AF36: =I36-I35 -> 18 | AG36: =J36-J35 -> 7 | AH36: =K36-K35 -> 0 | AI36: =L36-L35 -> 0 | AK36: =N36-N35 -> 20 | AL36: =O36-O35 -> 0 | AM36: =P36-P35 -> 0 | AN36: =Q36-Q35 -> 0
B37: (5 Digits) | E37: (6 Digits) | F37: (5 Digits) | G37: (5 Digits) | I37: (5 Digits) | J37: (4 Digits) | K37: (4 Digits) | L37: (4 Digits) | N37: (6 Digits) | O37: (6 Digits) | P37: (6 Digits) | Q37: (5 Digits)
A39: LD | B39: =LARGE(B5:B36, 1) -> 648865 | C39: =LARGE(C5:C36, 1) -> 0 | D39: =LARGE(D5:D36, 1) -> 0 | E39: =LARGE(E5:E36, 1) -> 973328 | F39: =LARGE(F5:F36, 1) -> 78080 | G39: =LARGE(G5:G36, 1) -> 21830 | I39: =LARGE(I5:I36, 1) -> 21360 | J39: =LARGE(J5:J36, 1) -> 1946 | K39: =LARGE(K5:K36, 1) -> 25201 | L39: =LARGE(L5:L36, 1) -> 114 | N39: =LARGE(N5:N36, 1) -> 227480 | O39: =LARGE(O5:O36, 1) -> 412436 | P39: =LARGE(P5:P36, 1) -> 584676 | Q39: =LARGE(Q5:Q36, 1) -> 21947 | T39: =LARGE(T5:T36, 1) -> 0 | U39: =LARGE(U5:U36, 1) -> 0 | V39: =LARGE(V5:V36, 1) -> 0 | X39: AVG | Y39: =AVERAGEIF($W$6:$W$36, "x",Y6:Y36) -> 33.612903 | Z39: =AVERAGEIF($W$6:$W$36, "x",Z6:Z36) -> 0 | AA39: =AVERAGEIF($W$6:$W$36, "x",AA6:AA36) -> 0 | AB39: =AVERAGEIF($W$6:$W$36, "x",AB6:AB36) -> -31397.677 | AC39: =AVERAGEIF($W$6:$W$36, "x",AC6:AC36) -> -2518.7097 | AD39: =AVERAGEIF($W$6:$W$36, "x",AD6:AD36) -> -704.19355 | AF39: =AVERAGEIF($W$6:$W$36, "x",AF6:AF36) -> 16.16129 | AG39: =AVERAGEIF($W$6:$W$36, "x",AG6:AG36) -> 4.0967742 | AH39: =AVERAGEIF($W$6:$W$36, "x",AH6:AH36) -> -812.93548 | AI39: =AVERAGEIF($W$6:$W$36, "x",AI6:AI36) -> -3.6774194 | AK39: =AVERAGEIF($W$6:$W$36, "x",AK6:AK36) -> 18.709677 | AL39: =AVERAGEIF($W$6:$W$36, "x",AL6:AL36) -> -13304.387 | AM39: =AVERAGEIF($W$6:$W$36, "x",AM6:AM36) -> -18860.516 | AN39: =AVERAGEIF($W$6:$W$36, "x",AN6:AN36) -> -707.96774
B41: Consumption: | X41: PRV AVG
B42: =B39-B5 -> 1042 | C42: =C39-C5 -> 0 | D42: =D39-D5 -> 0 | E42: =E39-E5 -> 0 | F42: =F39-F5 -> 0 | G42: =G39-G5 -> 0 | I42: =I39-I5 -> 501 | J42: =J39-J5 -> 127 | K42: =K39-K5 -> 0 | L42: =L39-L5 -> 0 | N42: =N39-N5 -> 580 | O42: =O39-O5 -> 0 | P42: =P39-P5 -> 0 | Q42: =Q39-Q5 -> 0 | T42: =T39-T5 -> 0 | U42: =U39-U5 -> 0 | V42: =V39-V5 -> 0 | Y42: =Apr!Y39 -> 25.9 | Z42: =Apr!Z39 -> 0 | AA42: =Apr!AA39 -> 0 | AB42: =Apr!AB39 -> -32444.267 | AC42: =Apr!AC39 -> -2602.6667 | AD42: =Apr!AD39 -> -727.66667 | AF42: =Apr!AF39 -> 13.266667 | AG42: =Apr!AG39 -> 2.0333333 | AH42: =Apr!AH39 -> -840.03333 | AI42: =Apr!AI39 -> -3.8 | AK42: =Apr!AK39 -> 20.033333 | AL42: =Apr!AL39 -> -13747.867 | AM42: =Apr!AM39 -> -19489.2 | AN42: =Apr!AN39 -> -731.56667
X43: 1.5 | Y43: =Y42*$X$43 -> 38.85 | Z43: =Z42*$X$43 -> 0 | AA43: =AA42*$X$43 -> 0 | AB43: =AB42*$X$43 -> -48666.4 | AC43: =AC42*$X$43 -> -3904 | AD43: =AD42*$X$43 -> -1091.5 | AF43: =AF42*$X$43 -> 19.9 | AG43: =AG42*$X$43 -> 3.05 | AH43: =AH42*$X$43 -> -1260.05 | AI43: =AI42*$X$43 -> -5.7 | AK43: =AK42*$X$43 -> 30.05 | AL43: =AL42*$X$43 -> -20621.8 | AM43: =AM42*$X$43 -> -29233.8 | AN43: =AN42*$X$43 -> -1097.35
R44: AVG | X44: 0.5 | Y44: =Y42*$X$44 -> 12.95 | Z44: =Z42*$X$44 -> 0 | AA44: =AA42*$X$44 -> 0 | AB44: =AB42*$X$44 -> -16222.133 | AC44: =AC42*$X$44 -> -1301.3333 | AD44: =AD42*$X$44 -> -363.83333 | AF44: =AF42*$X$44 -> 6.6333333 | AG44: =AG42*$X$44 -> 1.0166667 | AH44: =AH42*$X$44 -> -420.01667 | AI44: =AI42*$X$44 -> -1.9 | AK44: =AK42*$X$44 -> 10.016667 | AL44: =AL42*$X$44 -> -6873.9333 | AM44: 0 | AN44: 0
R45: =AVERAGE(R6:R36) -> -707.96774
Y46: Note 1 | Z46: Normal formating for cells where the daily average consumption is within range from the previous month's average range noted above.
Y47: Note 2 | Z47: Indicates the daily average for that day is outside the average range for that meter, based on the previous month's averages. Not necessarily a problem, just something to keeep an eye on.
X48: ! | Y48: Note 3 | Z48: This RED FLAG should be brought to Management for further review as to why it is more than twice the monthly average. Still can be explained, depending on the meter, but warrants immediate review to minimize impact to utilities and/or billing.
Y49: Note 4 | Z49: This is the same calculation as the RED FLAG, but is a known non-issue (example: Emergency Generator run once a week, plus bi-monthly inspections)
X50: ! | Y50: Note 5 | Z50: THIS IS AN ISSUE. METERS DO NOT RUN BACKWARDS, THUS NO NEGATIVE READINGS ALLOWED. Check for a simple typo or transposed number in the reading and/or verify the meter reading logged is correct by physically checking meter again.
R51: =AVERAGE(R6:R36) -> -707.96774

Sheet Jun
B1: City Water | I1: Cooling Towers | N1: Natural Gas | T1: Georgia Power | Y1: City Water | AF1: Cooling Towers | AK1: Natural Gas
B2: Sidewalk Meter | I2: Hotel Chillers | K2: Apartment Loop | N2: Gas Room at P1 | Q2: MEZ | T2: Electrical Vault at P1 | Y2: Sidewalk Meter | AF2: Hotel Chillers | AH2: Apartment Loop | AK2: Gas Room at P1 | AN2: MEZ
A3: Date | B3: Bldg Main Meter #1 (CCF) | C3: Meter #2 (CCF) | D3: Fire Main Meter #3 (CCF) | E3: Pump Rm. Gall * 100 | F3: Offices at Level 20 Gall * 100 | G3: Offices at Level 30 Gall * 100 | I3: Make Up Gall * 100 | J3: Blow Down | K3: Make Up Gall * 100 | L3: Blow Down | N3: Corrected CCF *10 | O3: Not Corrected | P3: Engine | Q3: Tower Htg CCF *10 | T3: KWH (*4800) | U3: KW | V3: KQH | X3: Date | Y3: Bldg Main Meter #1 (CCF) | Z3: Meter #2 (CCF) | AA3: Fire Main Meter #3 (CCF) | AB3: Pump Rm. Gall * 100 | AC3: Offices at Level 20 Gall * 100 | AD3: Offices at Level 30 Gall * 100 | AF3: Make Up Gall * 100 | AG3: Blow Down | AH3: Make Up Gall * 100 | AI3: Blow Down | AK3: Corrected CCF *10 | AL3: Not Corrected | AM3: Engine | AN3: Tower Htg CCF *10
A5: LR | B5: =May!B39 -> 648865 | C5: =May!C39 -> 0 | D5: =May!D39 -> 0 | E5: =May!E39 -> 973328 | F5: =May!F39 -> 78080 | G5: =May!G39 -> 21830 | I5: =May!I39 -> 21360 | J5: =May!J39 -> 1946 | K5: =May!K39 -> 25201 | L5: =May!L39 -> 114 | N5: =May!N39 -> 227480 | O5: =May!O39 -> 412436 | P5: =May!P39 -> 584676 | Q5: =May!Q39 -> 21947 | T5: =May!T39 -> 0 | U5: =May!U39 -> 0 | V5: =May!V39 -> 0
A6: 1 | B6: 648887 | I6: 21377 | J6: 1949 | N6: 227502 | R6: =Q6-Q5 -> -21947 | T6: 0 | U6: 0 | V6: 0 | W6: x | X6: 1 | Y6: =B6-B5 -> 22 | Z6: =C6-C5 -> 0 | AA6: =D6-D5 -> 0 | AB6: =E6-E5 -> -973328 | AC6: =F6-F5 -> -78080 | AD6: =G6-G5 -> -21830 | AF6: =I6-I5 -> 17 | AG6: =J6-J5 -> 3 | AH6: =K6-K5 -> -25201 | AI6: =L6-L5 -> -114 | AK6: =N6-N5 -> 22 | AL6: =O6-O5 -> -412436 | AM6: =P6-P5 -> -584676 | AN6: =Q6-Q5 -> -21947
A7: 2 | B7: 648915 | I7: 21396 | J7: 1950 | N7: 227521 | R7: =Q7-Q6 -> 0 | T7: 0 | U7: 0 | V7: 0 | W7: x | X7: 2 | Y7: =B7-B6 -> 28 | Z7: =C7-C6 -> 0 | AA7: =D7-D6 -> 0 | AB7: =E7-E6 -> 0 | AC7: =F7-F6 -> 0 | AD7: =G7-G6 -> 0 | AF7: =I7-I6 -> 19 | AG7: =J7-J6 -> 1 | AH7: =K7-K6 -> 0 | AI7: =L7-L6 -> 0 | AK7: =N7-N6 -> 19 | AL7: =O7-O6 -> 0 | AM7: =P7-P6 -> 0 | AN7: =Q7-Q6 -> 0
A8: 3 | B8: 648940 | I8: 21418 | J8: 1956 | N8: 227540 | R8: =Q8-Q7 -> 0 | T8: 0 | U8: 0 | V8: 0 | W8: x | X8: 3 | Y8: =B8-B7 -> 25 | Z8: =C8-C7 -> 0 | AA8: =D8-D7 -> 0 | AB8: =E8-E7 -> 0 | AC8: =F8-F7 -> 0 | AD8: =G8-G7 -> 0 | AF8: =I8-I7 -> 22 | AG8: =J8-J7 -> 6 | AH8: =K8-K7 -> 0 | AI8: =L8-L7 -> 0 | AK8: =N8-N7 -> 19 | AL8: =O8-O7 -> 0 | AM8: =P8-P7 -> 0 | AN8: =Q8-Q7 -> 0
A9: 4 | B9: 648977 | I9: 21439 | J9: 1961 | N9: 227559 | R9: =Q9-Q8 -> 0 | T9: 0 | U9: 0 | V9: 0 | W9: x | X9: 4 | Y9: =B9-B8 -> 37 | Z9: =C9-C8 -> 0 | AA9: =D9-D8 -> 0 | AB9: =E9-E8 -> 0 | AC9: =F9-F8 -> 0 | AD9: =G9-G8 -> 0 | AF9: =I9-I8 -> 21 | AG9: =J9-J8 -> 5 | AH9: =K9-K8 -> 0 | AI9: =L9-L8 -> 0 | AK9: =N9-N8 -> 19 | AL9: =O9-O8 -> 0 | AM9: =P9-P8 -> 0 | AN9: =Q9-Q8 -> 0
A10: 5 | B10: 649011 | I10: 21463 | J10: 1968 | N10: 227578 | R10: =Q10-Q9 -> 0 | T10: 0 | U10: 0 | V10: 0 | W10: x | X10: 5 | Y10: =B10-B9 -> 34 | Z10: =C10-C9 -> 0 | AA10: =D10-D9 -> 0 | AB10: =E10-E9 -> 0 | AC10: =F10-F9 -> 0 | AD10: =G10-G9 -> 0 | AF10: =I10-I9 -> 24 | AG10: =J10-J9 -> 7 | AH10: =K10-K9 -> 0 | AI10: =L10-L9 -> 0 | AK10: =N10-N9 -> 19 | AL10: =O10-O9 -> 0 | AM10: =P10-P9 -> 0 | AN10: =Q10-Q9 -> 0
A11: 6 | B11: 649048 | I11: 21486 | J11: 1973 | N11: 227596 | R11: =Q11-Q10 -> 0 | T11: 0 | U11: 0 | V11: 0 | W11: x | X11: 6 | Y11: =B11-B10 -> 37 | Z11: =C11-C10 -> 0 | AA11: =D11-D10 -> 0 | AB11: =E11-E10 -> 0 | AC11: =F11-F10 -> 0 | AD11: =G11-G10 -> 0 | AF11: =I11-I10 -> 23 | AG11: =J11-J10 -> 5 | AH11: =K11-K10 -> 0 | AI11: =L11-L10 -> 0 | AK11: =N11-N10 -> 18 | AL11: =O11-O10 -> 0 | AM11: =P11-P10 -> 0 | AN11: =Q11-Q10 -> 0
A12: 7 | B12: 649082 | I12: 21500 | J12: 1980 | N12: 227616 | R12: =Q12-Q11 -> 0 | T12: 0 | U12: 0 | V12: 0 | W12: x | X12: 7 | Y12: =B12-B11 -> 34 | Z12: =C12-C11 -> 0 | AA12: =D12-D11 -> 0 | AB12: =E12-E11 -> 0 | AC12: =F12-F11 -> 0 | AD12: =G12-G11 -> 0 | AF12: =I12-I11 -> 14 | AG12: =J12-J11 -> 7 | AH12: =K12-K11 -> 0 | AI12: =L12-L11 -> 0 | AK12: =N12-N11 -> 20 | AL12: =O12-O11 -> 0 | AM12: =P12-P11 -> 0 | AN12: =Q12-Q11 -> 0
A13: 8 | B13: 649110 | I13: 21500 | J13: 1986 | N13: 227634 | R13: =Q13-Q12 -> 0 | T13: 0 | U13: 0 | V13: 0 | W13: x | X13: 8 | Y13: =B13-B12 -> 28 | Z13: =C13-C12 -> 0 | AA13: =D13-D12 -> 0 | AB13: =E13-E12 -> 0 | AC13: =F13-F12 -> 0 | AD13: =G13-G12 -> 0 | AF13: =I13-I12 -> 0 | AG13: =J13-J12 -> 6 | AH13: =K13-K12 -> 0 | AI13: =L13-L12 -> 0 | AK13: =N13-N12 -> 18 | AL13: =O13-O12 -> 0 | AM13: =P13-P12 -> 0 | AN13: =Q13-Q12 -> 0
A14: 9 | B14: 649161 | I14: 21500 | J14: 1993 | N14: 227652 | R14: =Q14-Q13 -> 0 | T14: 0 | U14: 0 | V14: 0 | W14: x | X14: 9 | Y14: =B14-B13 -> 51 | Z14: =C14-C13 -> 0 | AA14: =D14-D13 -> 0 | AB14: =E14-E13 -> 0 | AC14: =F14-F13 -> 0 | AD14: =G14-G13 -> 0 | AF14: =I14-I13 -> 0 | AG14: =J14-J13 -> 7 | AH14: =K14-K13 -> 0 | AI14: =L14-L13 -> 0 | AK14: =N14-N13 -> 18 | AL14: =O14-O13 -> 0 | AM14: =P14-P13 -> 0 | AN14: =Q14-Q13 -> 0
A15: 10 | B15: 649208 | I15: 21529 | J15: 2003 | N15: 227672 | R15: =Q15-Q14 -> 0 | T15: 0 | U15: 0 | V15: 0 | X15: 10 | Y15: =B15-B14 -> 47 | Z15: =C15-C14 -> 0 | AA15: =D15-D14 -> 0 | AB15: =E15-E14 -> 0 | AC15: =F15-F14 -> 0 | AD15: =G15-G14 -> 0 | AF15: =I15-I14 -> 29 | AG15: =J15-J14 -> 10 | AH15: =K15-K14 -> 0 | AI15: =L15-L14 -> 0 | AK15: =N15-N14 -> 20 | AL15: =O15-O14 -> 0 | AM15: =P15-P14 -> 0 | AN15: =Q15-Q14 -> 0
A16: 11 | B16: 649236 | I16: 21548 | J16: 2003 | N16: 227690 | R16: =Q16-Q15 -> 0 | T16: 0 | U16: 0 | V16: 0 | X16: 11 | Y16: =B16-B15 -> 28 | Z16: =C16-C15 -> 0 | AA16: =D16-D15 -> 0 | AB16: =E16-E15 -> 0 | AC16: =F16-F15 -> 0 | AD16: =G16-G15 -> 0 | AF16: =I16-I15 -> 19 | AG16: =J16-J15 -> 0 | AH16: =K16-K15 -> 0 | AI16: =L16-L15 -> 0 | AK16: =N16-N15 -> 18 | AL16: =O16-O15 -> 0 | AM16: =P16-P15 -> 0 | AN16: =Q16-Q15 -> 0
A17: 12 | B17: 649276 | I17: 21572 | J17: 2008 | N17: 227713 | R17: =Q17-Q16 -> 0 | T17: 0 | U17: 0 | V17: 0 | X17: 12 | Y17: =B17-B16 -> 40 | Z17: =C17-C16 -> 0 | AA17: =D17-D16 -> 0 | AB17: =E17-E16 -> 0 | AC17: =F17-F16 -> 0 | AD17: =G17-G16 -> 0 | AF17: =I17-I16 -> 24 | AG17: =J17-J16 -> 5 | AH17: =K17-K16 -> 0 | AI17: =L17-L16 -> 0 | AK17: =N17-N16 -> 23 | AL17: =O17-O16 -> 0 | AM17: =P17-P16 -> 0 | AN17: =Q17-Q16 -> 0
A18: 13 | B18: 649313 | I18: 21595 | J18: 2013 | N18: 227734 | R18: =Q18-Q17 -> 0 | T18: 0 | U18: 0 | V18: 0 | X18: 13 | Y18: =B18-B17 -> 37 | Z18: =C18-C17 -> 0 | AA18: =D18-D17 -> 0 | AB18: =E18-E17 -> 0 | AC18: =F18-F17 -> 0 | AD18: =G18-G17 -> 0 | AF18: =I18-I17 -> 23 | AG18: =J18-J17 -> 5 | AH18: =K18-K17 -> 0 | AI18: =L18-L17 -> 0 | AK18: =N18-N17 -> 21 | AL18: =O18-O17 -> 0 | AM18: =P18-P17 -> 0 | AN18: =Q18-Q17 -> 0
A19: 14 | B19: 649345 | I19: 21617 | J19: 2017 | N19: 227756 | R19: =Q19-Q18 -> 0 | T19: 0 | U19: 0 | V19: 0 | X19: 14 | Y19: =B19-B18 -> 32 | Z19: =C19-C18 -> 0 | AA19: =D19-D18 -> 0 | AB19: =E19-E18 -> 0 | AC19: =F19-F18 -> 0 | AD19: =G19-G18 -> 0 | AF19: =I19-I18 -> 22 | AG19: =J19-J18 -> 4 | AH19: =K19-K18 -> 0 | AI19: =L19-L18 -> 0 | AK19: =N19-N18 -> 22 | AL19: =O19-O18 -> 0 | AM19: =P19-P18 -> 0 | AN19: =Q19-Q18 -> 0
A20: 15 | B20: 649376 | I20: 21643 | J20: 2023 | N20: 227776 | R20: =Q20-Q19 -> 0 | T20: 0 | U20: 0 | V20: 0 | X20: 15 | Y20: =B20-B19 -> 31 | Z20: =C20-C19 -> 0 | AA20: =D20-D19 -> 0 | AB20: =E20-E19 -> 0 | AC20: =F20-F19 -> 0 | AD20: =G20-G19 -> 0 | AF20: =I20-I19 -> 26 | AG20: =J20-J19 -> 6 | AH20: =K20-K19 -> 0 | AI20: =L20-L19 -> 0 | AK20: =N20-N19 -> 20 | AL20: =O20-O19 -> 0 | AM20: =P20-P19 -> 0 | AN20: =Q20-Q19 -> 0
A21: 16 | B21: 649418 | I21: 21669 | J21: 2033 | N21: 227798 | R21: =Q21-Q20 -> 0 | T21: 0 | U21: 0 | V21: 0 | X21: 16 | Y21: =B21-B20 -> 42 | Z21: =C21-C20 -> 0 | AA21: =D21-D20 -> 0 | AB21: =E21-E20 -> 0 | AC21: =F21-F20 -> 0 | AD21: =G21-G20 -> 0 | AF21: =I21-I20 -> 26 | AG21: =J21-J20 -> 10 | AH21: =K21-K20 -> 0 | AI21: =L21-L20 -> 0 | AK21: =N21-N20 -> 22 | AL21: =O21-O20 -> 0 | AM21: =P21-P20 -> 0 | AN21: =Q21-Q20 -> 0
A22: 17 | B22: 649450 | I22: 21694 | J22: 2037 | N22: 227820 | R22: =Q22-Q21 -> 0 | T22: 0 | U22: 0 | V22: 0 | X22: 17 | Y22: =B22-B21 -> 32 | Z22: =C22-C21 -> 0 | AA22: =D22-D21 -> 0 | AB22: =E22-E21 -> 0 | AC22: =F22-F21 -> 0 | AD22: =G22-G21 -> 0 | AF22: =I22-I21 -> 25 | AG22: =J22-J21 -> 4 | AH22: =K22-K21 -> 0 | AI22: =L22-L21 -> 0 | AK22: =N22-N21 -> 22 | AL22: =O22-O21 -> 0 | AM22: =P22-P21 -> 0 | AN22: =Q22-Q21 -> 0
A23: 18 | B23: 649492 | I23: 21718 | J23: 2042 | N23: 227841 | R23: =Q23-Q22 -> 0 | T23: 0 | U23: 0 | V23: 0 | X23: 18 | Y23: =B23-B22 -> 42 | Z23: =C23-C22 -> 0 | AA23: =D23-D22 -> 0 | AB23: =E23-E22 -> 0 | AC23: =F23-F22 -> 0 | AD23: =G23-G22 -> 0 | AF23: =I23-I22 -> 24 | AG23: =J23-J22 -> 5 | AH23: =K23-K22 -> 0 | AI23: =L23-L22 -> 0 | AK23: =N23-N22 -> 21 | AL23: =O23-O22 -> 0 | AM23: =P23-P22 -> 0 | AN23: =Q23-Q22 -> 0
A24: 19 | B24: 649528 | I24: 21742 | J24: 2047 | N24: 227863 | R24: =Q24-Q23 -> 0 | T24: 0 | U24: 0 | V24: 0 | X24: 19 | Y24: =B24-B23 -> 36 | Z24: =C24-C23 -> 0 | AA24: =D24-D23 -> 0 | AB24: =E24-E23 -> 0 | AC24: =F24-F23 -> 0 | AD24: =G24-G23 -> 0 | AF24: =I24-I23 -> 24 | AG24: =J24-J23 -> 5 | AH24: =K24-K23 -> 0 | AI24: =L24-L23 -> 0 | AK24: =N24-N23 -> 22 | AL24: =O24-O23 -> 0 | AM24: =P24-P23 -> 0 | AN24: =Q24-Q23 -> 0
A25: 20 | B25: 649560 | I25: 21766 | J25: 2053 | N25: 227884 | R25: =Q25-Q24 -> 0 | T25: 0 | U25: 0 | V25: 0 | X25: 20 | Y25: =B25-B24 -> 32 | Z25: =C25-C24 -> 0 | AA25: =D25-D24 -> 0 | AB25: =E25-E24 -> 0 | AC25: =F25-F24 -> 0 | AD25: =G25-G24 -> 0 | AF25: =I25-I24 -> 24 | AG25: =J25-J24 -> 6 | AH25: =K25-K24 -> 0 | AI25: =L25-L24 -> 0 | AK25: =N25-N24 -> 21 | AL25: =O25-O24 -> 0 | AM25: =P25-P24 -> 0 | AN25: =Q25-Q24 -> 0
A26: 21 | B26: 649601 | I26: 21788 | J26: 2060 | N26: 227905 | R26: =Q26-Q25 -> 0 | T26: 0 | U26: 0 | V26: 0 | X26: 21 | Y26: =B26-B25 -> 41 | Z26: =C26-C25 -> 0 | AA26: =D26-D25 -> 0 | AB26: =E26-E25 -> 0 | AC26: =F26-F25 -> 0 | AD26: =G26-G25 -> 0 | AF26: =I26-I25 -> 22 | AG26: =J26-J25 -> 7 | AH26: =K26-K25 -> 0 | AI26: =L26-L25 -> 0 | AK26: =N26-N25 -> 21 | AL26: =O26-O25 -> 0 | AM26: =P26-P25 -> 0 | AN26: =Q26-Q25 -> 0
... A35: 30 | B35: 649950 | I35: 21996 | J35: 2112 | N35: 228099 | R35: =Q35-Q34 -> 0 | T35: 0 | U35: 0 | V35: 0 | X35: 30 | Y35: =B35-B34 -> 44 | Z35: =C35-C34 -> 0 | AA35: =D35-D34 -> 0 | AB35: =E35-E34 -> 0 | AC35: =F35-F34 -> 0 | AD35: =G35-G34 -> 0 | AF35: =I35-I34 -> 25 | AG35: =J35-J34 -> 8 | AH35: =K35-K34 -> 0 | AI35: =L35-L34 -> 0 | AK35: =N35-N34 -> 19 | AL35: =O35-O34 -> 0 | AM35: =P35-P34 -> 0 | AN35: =Q35-Q34 -> 0
A36: 31 | R36: =Q36-Q35 -> 0 | T36: 0 | U36: 0 | V36: 0 | X36: 31 | Y36: =B36-B35 -> -649950 | Z36: =C36-C35 -> 0 | AA36: =D36-D35 -> 0 | AB36: =E36-E35 -> 0 | AC36: =F36-F35 -> 0 | AD36: =G36-G35 -> 0 | AF36: =I36-I35 -> -21996 | AG36: =J36-J35 -> -2112 | AH36: =K36-K35 -> 0 | AI36: =L36-L35 -> 0 | AK36: =N36-N35 -> -228099 | AL36: =O36-O35 -> 0 | AM36: =P36-P35 -> 0 | AN36: =Q36-Q35 -> 0
B37: (5 Digits) | E37: (6 Digits) | F37: (5 Digits) | G37: (5 Digits) | I37: (5 Digits) | J37: (4 Digits) | K37: (4 Digits) | L37: (5 Digits) | N37: (6 Digits) | O37: (6 Digits) | P37: (6 Digits) | Q37: (5 Digits)
A39: LD | B39: =LARGE(B5:B36, 1) -> 649950 | C39: =LARGE(C5:C36, 1) -> 0 | D39: =LARGE(D5:D36, 1) -> 0 | E39: =LARGE(E5:E36, 1) -> 973328 | F39: =LARGE(F5:F36, 1) -> 78080 | G39: =LARGE(G5:G36, 1) -> 21830 | I39: =LARGE(I5:I36, 1) -> 21996 | J39: =LARGE(J5:J36, 1) -> 2112 | K39: =LARGE(K5:K36, 1) -> 25201 | L39: =LARGE(L5:L36, 1) -> 114 | N39: =LARGE(N5:N36, 1) -> 228099 | O39: =LARGE(O5:O36, 1) -> 412436 | P39: =LARGE(P5:P36, 1) -> 584676 | Q39: =LARGE(Q5:Q36, 1) -> 21947 | T39: =LARGE(T5:T36, 1) -> 0 | U39: =LARGE(U5:U36, 1) -> 0 | V39: =LARGE(V5:V36, 1) -> 0 | X39: AVG | Y39: =AVERAGEIF($W$6:$W$36, "x",Y6:Y36) -> 32.888889 | Z39: =AVERAGEIF($W$6:$W$36, "x",Z6:Z36) -> 0 | AA39: =AVERAGEIF($W$6:$W$36, "x",AA6:AA36) -> 0 | AB39: =AVERAGEIF($W$6:$W$36, "x",AB6:AB36) -> -108147.56 | AC39: =AVERAGEIF($W$6:$W$36, "x",AC6:AC36) -> -8675.5556 | AD39: =AVERAGEIF($W$6:$W$36, "x",AD6:AD36) -> -2425.5556 | AF39: =AVERAGEIF($W$6:$W$36, "x",AF6:AF36) -> 15.555556 | AG39: =AVERAGEIF($W$6:$W$36, "x",AG6:AG36) -> 5.2222222 | AH39: =AVERAGEIF($W$6:$W$36, "x",AH6:AH36) -> -2800.1111 | AI39: =AVERAGEIF($W$6:$W$36, "x",AI6:AI36) -> -12.666667 | AK39: =AVERAGEIF($W$6:$W$36, "x",AK6:AK36) -> 19.111111 | AL39: =AVERAGEIF($W$6:$W$36, "x",AL6:AL36) -> -45826.222 | AM39: =AVERAGEIF($W$6:$W$36, "x",AM6:AM36) -> -64964 | AN39: =AVERAGEIF($W$6:$W$36, "x",AN6:AN36) -> -2438.5556
B41: Consumption: | X41: PRV AVG
B42: =B39-B5 -> 1085 | C42: =C39-C5 -> 0 | D42: =D39-D5 -> 0 | E42: =E39-E5 -> 0 | F42: =F39-F5 -> 0 | G42: =G39-G5 -> 0 | I42: =I39-I5 -> 636 | J42: =J39-J5 -> 166 | K42: =K39-K5 -> 0 | L42: =L39-L5 -> 0 | N42: =N39-N5 -> 619 | O42: =O39-O5 -> 0 | P42: =P39-P5 -> 0 | Q42: =Q39-Q5 -> 0 | T42: =T39-T5 -> 0 | U42: =U39-U5 -> 0 | V42: =V39-V5 -> 0 | Y42: =May!Y39 -> 33.612903 | Z42: =May!Z39 -> 0 | AA42: =May!AA39 -> 0 | AB42: =May!AB39 -> -31397.677 | AC42: =May!AC39 -> -2518.7097 | AD42: =May!AD39 -> -704.19355 | AF42: =May!AF39 -> 16.16129 | AG42: =May!AG39 -> 4.0967742 | AH42: =May!AH39 -> -812.93548 | AI42: =May!AI39 -> -3.6774194 | AK42: =May!AK39 -> 18.709677 | AL42: =May!AL39 -> -13304.387 | AM42: =May!AM39 -> -18860.516 | AN42: =May!AN39 -> -707.96774
X43: 1.5 | Y43: =Y42*$X$43 -> 50.419355 | Z43: =Z42*$X$43 -> 0 | AA43: =AA42*$X$43 -> 0 | AB43: =AB42*$X$43 -> -47096.516 | AC43: =AC42*$X$43 -> -3778.0645 | AD43: =AD42*$X$43 -> -1056.2903 | AF43: =AF42*$X$43 -> 24.241935 | AG43: =AG42*$X$43 -> 6.1451613 | AH43: =AH42*$X$43 -> -1219.4032 | AI43: =AI42*$X$43 -> -5.516129 | AK43: =AK42*$X$43 -> 28.064516 | AL43: =AL42*$X$43 -> -19956.581 | AM43: =AM42*$X$43 -> -28290.774 | AN43: =AN42*$X$43 -> -1061.9516
R44: AVG | X44: 0.5 | Y44: =Y42*$X$44 -> 16.806452 | Z44: =Z42*$X$44 -> 0 | AA44: =AA42*$X$44 -> 0 | AB44: =AB42*$X$44 -> -15698.839 | AC44: =AC42*$X$44 -> -1259.3548 | AD44: =AD42*$X$44 -> -352.09677 | AF44: =AF42*$X$44 -> 8.0806452 | AG44: =AG42*$X$44 -> 2.0483871 | AH44: =AH42*$X$44 -> -406.46774 | AI44: =AI42*$X$44 -> -1.8387097 | AK44: =AK42*$X$44 -> 9.3548387 | AL44: =AL42*$X$44 -> -6652.1935 | AM44: 0 | AN44: 0
R45: =AVERAGE(R6:R36) -> -707.96774
Y46: Note 1 | Z46: Normal formating for cells where the daily average consumption is within range from the previous month's average range noted above.
Y47: Note 2 | Z47: Indicates the daily average for that day is outside the average range for that meter, based on the previous month's averages. Not necessarily a problem, just something to keeep an eye on.
X48: ! | Y48: Note 3 | Z48: This RED FLAG should be brought to Management for further review as to why it is more than twice the monthly average. Still can be explained, depending on the meter, but warrants immediate review to minimize impact to utilities and/or billing.
Y49: Note 4 | Z49: This is the same calculation as the RED FLAG, but is a known non-issue (example: Emergency Generator run once a week, plus bi-monthly inspections)
X50: ! | Y50: Note 5 | Z50: THIS IS AN ISSUE. METERS DO NOT RUN BACKWARDS, THUS NO NEGATIVE READINGS ALLOWED. Check for a simple typo or transposed number in the reading and/or verify the meter reading logged is correct by physically checking meter again.
R51: =AVERAGE(R6:R36) -> -707.96774

Sheet Jul
B1: City Water | D1: Cooling Towers | G1: Natural Gas | J1: Georgia Power | O1: City Water | Q1: Cooling Towers | T1: Natural Gas
B2: Sidewalk Meter | D2: Hotel Chillers | G2: Gas Room at P1 | J2: Electrical Vault at P1 | O2: Sidewalk Meter | Q2: Hotel Chillers | T2: Gas Room at P1
A3: Date | B3: Bldg Main Meter #1 (CCF) | D3: Make Up Gall * 100 | E3: Blow Down | G3: Corrected CCF *10 | J3: KWH (*4800) | K3: KW | L3: KQH | N3: Date | O3: Bldg Main Meter #1 (CCF) | Q3: Make Up Gall * 100 | R3: Blow Down | T3: Corrected CCF *10
A5: LR | B5: =Jun!B39 -> 649950 | D5: =Jun!I39 -> 21996 | E5: =Jun!J39 -> 2112 | G5: =Jun!N39 -> 228099 | J5: =Jun!T39 -> 0 | K5: =Jun!U39 -> 0 | L5: =Jun!V39 -> 0
A6: 1 | H6: =#REF!-#REF! -> #REF! | J6: 0 | K6: 0 | L6: 0 | M6: x | N6: 1 | O6: =B6-B5 -> -649950 | Q6: =D6-D5 -> -21996 | R6: =E6-E5 -> -2112 | T6: =G6-G5 -> -228099
A7: 2 | H7: =#REF!-#REF! -> #REF! | J7: 0 | K7: 0 | L7: 0 | N7: 2 | O7: =B7-B6 -> 0 | Q7: =D7-D6 -> 0 | R7: =E7-E6 -> 0 | T7: =G7-G6 -> 0
A8: 3 | H8: =#REF!-#REF! -> #REF! | J8: 0 | K8: 0 | L8: 0 | N8: 3 | O8: =B8-B7 -> 0 | Q8: =D8-D7 -> 0 | R8: =E8-E7 -> 0 | T8: =G8-G7 -> 0
A9: 4 | H9: =#REF!-#REF! -> #REF! | J9: 0 | K9: 0 | L9: 0 | N9: 4 | O9: =B9-B8 -> 0 | Q9: =D9-D8 -> 0 | R9: =E9-E8 -> 0 | T9: =G9-G8 -> 0
A10: 5 | H10: =#REF!-#REF! -> #REF! | J10: 0 | K10: 0 | L10: 0 | N10: 5 | O10: =B10-B9 -> 0 | Q10: =D10-D9 -> 0 | R10: =E10-E9 -> 0 | T10: =G10-G9 -> 0
A11: 6 | H11: =#REF!-#REF! -> #REF! | J11: 0 | K11: 0 | L11: 0 | N11: 6 | O11: =B11-B10 -> 0 | Q11: =D11-D10 -> 0 | R11: =E11-E10 -> 0 | T11: =G11-G10 -> 0
A12: 7 | H12: =#REF!-#REF! -> #REF! | J12: 0 | K12: 0 | L12: 0 | N12: 7 | O12: =B12-B11 -> 0 | Q12: =D12-D11 -> 0 | R12: =E12-E11 -> 0 | T12: =G12-G11 -> 0
A13: 8 | H13: =#REF!-#REF! -> #REF! | J13: 0 | K13: 0 | L13: 0 | N13: 8 | O13: =B13-B12 -> 0 | Q13: =D13-D12 -> 0 | R13: =E13-E12 -> 0 | T13: =G13-G12 -> 0
A14: 9 | H14: =#REF!-#REF! -> #REF! | J14: 0 | K14: 0 | L14: 0 | N14: 9 | O14: =B14-B13 -> 0 | Q14: =D14-D13 -> 0 | R14: =E14-E13 -> 0 | T14: =G14-G13 -> 0
A15: 10 | H15: =#REF!-#REF! -> #REF! | J15: 0 | K15: 0 | L15: 0 | N15: 10 | O15: =B15-B14 -> 0 | Q15: =D15-D14 -> 0 | R15: =E15-E14 -> 0 | T15: =G15-G14 -> 0
A16: 11 | H16: =#REF!-#REF! -> #REF! | J16: 0 | K16: 0 | L16: 0 | N16: 11 | O16: =B16-B15 -> 0 | Q16: =D16-D15 -> 0 | R16: =E16-E15 -> 0 | T16: =G16-G15 -> 0
A17: 12 | H17: =#REF!-#REF! -> #REF! | J17: 0 | K17: 0 | L17: 0 | N17: 12 | O17: =B17-B16 -> 0 | Q17: =D17-D16 -> 0 | R17: =E17-E16 -> 0 | T17: =G17-G16 -> 0
A18: 13 | H18: =#REF!-#REF! -> #REF! | J18: 0 | K18: 0 | L18: 0 | N18: 13 | O18: =B18-B17 -> 0 | Q18: =D18-D17 -> 0 | R18: =E18-E17 -> 0 | T18: =G18-G17 -> 0
... A36: 31 | H36: =#REF!-#REF! -> #REF! | J36: 0 | K36: 0 | L36: 0 | N36: 31 | O36: =B36-B35 -> 0 | Q36: =D36-D35 -> 0 | R36: =E36-E35 -> 0 | T36: =G36-G35 -> 0
B37: (5 Digits) | D37: (5 Digits) | E37: (4 Digits) | G37: (6 Digits)
A39: LD | B39: =LARGE(B5:B36, 1) -> 649950 | D39: =LARGE(D5:D36, 1) -> 21996 | E39: =LARGE(E5:E36, 1) -> 2112 | G39: =LARGE(G5:G36, 1) -> 228099 | J39: =LARGE(J5:J36, 1) -> 0 | K39: =LARGE(K5:K36, 1) -> 0 | L39: =LARGE(L5:L36, 1) -> 0 | N39: AVG | O39: =AVERAGEIF($M$6:$M$36, "x",O6:O36) -> -649950 | Q39: =AVERAGEIF($M$6:$M$36, "x",Q6:Q36) -> -21996 | R39: =AVERAGEIF($M$6:$M$36, "x",R6:R36) -> -2112 | T39: =AVERAGEIF($M$6:$M$36, "x",T6:T36) -> -228099
B41: Consumption: | N41: PRV AVG
B42: =B39-B5 -> 0 | D42: =D39-D5 -> 0 | E42: =E39-E5 -> 0 | G42: =G39-G5 -> 0 | J42: =J39-J5 -> 0 | K42: =K39-K5 -> 0 | L42: =L39-L5 -> 0 | O42: =Jun!Y39 -> 32.888889 | Q42: =Jun!AF39 -> 15.555556 | R42: =Jun!AG39 -> 5.2222222 | T42: =Jun!AK39 -> 19.111111
N43: 1.5 | O43: =O42*$N$43 -> 49.333333 | Q43: =Q42*$N$43 -> 23.333333 | R43: =R42*$N$43 -> 7.8333333 | T43: =T42*$N$43 -> 28.666667
H44: AVG | N44: 0.5 | O44: =O42*$N$44 -> 16.444444 | Q44: =Q42*$N$44 -> 7.7777778 | R44: =R42*$N$44 -> 2.6111111 | T44: =T42*$N$44 -> 9.5555556
H45: =AVERAGE(H6:H36) -> #REF!
O46: Note 1
O47: Note 2
N48: ! | O48: Note 3
O49: Note 4
N50: ! | O50: Note 5
H51: =AVERAGE(H6:H36) -> #REF!

Sheet Aug
B1: City Water | D1: Cooling Towers | G1: Natural Gas | J1: Georgia Power | O1: City Water | Q1: Cooling Towers | T1: Natural Gas
B2: Sidewalk Meter | D2: Hotel Chillers | G2: Gas Room at P1 | J2: Electrical Vault at P1 | O2: Sidewalk Meter | Q2: Hotel Chillers | T2: Gas Room at P1
A3: Date | B3: Bldg Main Meter #1 (CCF) | D3: Make Up Gall * 100 | E3: Blow Down | G3: Corrected CCF *10 | J3: KWH (*4800) | K3: KW | L3: KQH | N3: Date | O3: Bldg Main Meter #1 (CCF) | Q3: Make Up Gall * 100 | R3: Blow Down | T3: Corrected CCF *10
A5: LR | J5: =Jul!J39 -> 0 | K5: =Jul!K39 -> 0 | L5: =Jul!L39 -> 0
A6: 1 | H6: =#REF!-#REF! -> #REF! | J6: 0 | K6: 0 | L6: 0 | M6: x | N6: 1 | O6: =B6-B5 -> 0 | Q6: =D6-D5 -> 0 | R6: =E6-E5 -> 0 | T6: =G6-G5 -> 0
A7: 2 | H7: =#REF!-#REF! -> #REF! | J7: 0 | K7: 0 | L7: 0 | N7: 2 | O7: =B7-B6 -> 0 | Q7: =D7-D6 -> 0 | R7: =E7-E6 -> 0 | T7: =G7-G6 -> 0
A8: 3 | H8: =#REF!-#REF! -> #REF! | J8: 0 | K8: 0 | L8: 0 | N8: 3 | O8: =B8-B7 -> 0 | Q8: =D8-D7 -> 0 | R8: =E8-E7 -> 0 | T8: =G8-G7 -> 0
A9: 4 | H9: =#REF!-#REF! -> #REF! | J9: 0 | K9: 0 | L9: 0 | N9: 4 | O9: =B9-B8 -> 0 | Q9: =D9-D8 -> 0 | R9: =E9-E8 -> 0 | T9: =G9-G8 -> 0
A10: 5 | H10: =#REF!-#REF! -> #REF! | J10: 0 | K10: 0 | L10: 0 | N10: 5 | O10: =B10-B9 -> 0 | Q10: =D10-D9 -> 0 | R10: =E10-E9 -> 0 | T10: =G10-G9 -> 0
A11: 6 | H11: =#REF!-#REF! -> #REF! | J11: 0 | K11: 0 | L11: 0 | N11: 6 | O11: =B11-B10 -> 0 | Q11: =D11-D10 -> 0 | R11: =E11-E10 -> 0 | T11: =G11-G10 -> 0
A12: 7 | H12: =#REF!-#REF! -> #REF! | J12: 0 | K12: 0 | L12: 0 | N12: 7 | O12: =B12-B11 -> 0 | Q12: =D12-D11 -> 0 | R12: =E12-E11 -> 0 | T12: =G12-G11 -> 0
A13: 8 | H13: =#REF!-#REF! -> #REF! | J13: 0 | K13: 0 | L13: 0 | N13: 8 | O13: =B13-B12 -> 0 | Q13: =D13-D12 -> 0 | R13: =E13-E12 -> 0 | T13: =G13-G12 -> 0
A14: 9 | H14: =#REF!-#REF! -> #REF! | J14: 0 | K14: 0 | L14: 0 | N14: 9 | O14: =B14-B13 -> 0 | Q14: =D14-D13 -> 0 | R14: =E14-E13 -> 0 | T14: =G14-G13 -> 0
A15: 10 | H15: =#REF!-#REF! -> #REF! | J15: 0 | K15: 0 | L15: 0 | N15: 10 | O15: =B15-B14 -> 0 | Q15: =D15-D14 -> 0 | R15: =E15-E14 -> 0 | T15: =G15-G14 -> 0
A16: 11 | H16: =#REF!-#REF! -> #REF! | J16: 0 | K16: 0 | L16: 0 | N16: 11 | O16: =B16-B15 -> 0 | Q16: =D16-D15 -> 0 | R16: =E16-E15 -> 0 | T16: =G16-G15 -> 0
A17: 12 | H17: =#REF!-#REF! -> #REF! | J17: 0 | K17: 0 | L17: 0 | N17: 12 | O17: =B17-B16 -> 0 | Q17: =D17-D16 -> 0 | R17: =E17-E16 -> 0 | T17: =G17-G16 -> 0
A18: 13 | H18: =#REF!-#REF! -> #REF! | J18: 0 | K18: 0 | L18: 0 | N18: 13 | O18: =B18-B17 -> 0 | Q18: =D18-D17 -> 0 | R18: =E18-E17 -> 0 | T18: =G18-G17 -> 0
... A36: 31 | H36: =#REF!-#REF! -> #REF! | J36: 0 | K36: 0 | L36: 0 | N36: 31 | O36: =B36-B35 -> 0 | Q36: =D36-D35 -> 0 | R36: =E36-E35 -> 0 | T36: =G36-G35 -> 0
B37: (5 Digits) | D37: (5 Digits) | E37: (4 Digits) | G37: (6 Digits)
A39: LD | B39: =LARGE(B5:B36, 1) -> #NUM! | D39: =LARGE(D5:D36, 1) -> #NUM! | E39: =LARGE(E5:E36, 1) -> #NUM! | G39: =LARGE(G5:G36, 1) -> #NUM! | J39: =LARGE(J5:J36, 1) -> 0 | K39: =LARGE(K5:K36, 1) -> 0 | L39: =LARGE(L5:L36, 1) -> 0 | N39: AVG | O39: =AVERAGEIF($M$6:$M$36, "x",O6:O36) -> 0 | Q39: =AVERAGEIF($M$6:$M$36, "x",Q6:Q36) -> 0 | R39: =AVERAGEIF($M$6:$M$36, "x",R6:R36) -> 0 | T39: =AVERAGEIF($M$6:$M$36, "x",T6:T36) -> 0
B41: Consumption: | N41: PRV AVG
B42: =B39-B5 -> #NUM! | D42: =D39-D5 -> #NUM! | E42: =E39-E5 -> #NUM! | G42: =G39-G5 -> #NUM! | J42: =J39-J5 -> 0 | K42: =K39-K5 -> 0 | L42: =L39-L5 -> 0 | O42: =Jul!O39 -> -649950 | Q42: =Jul!Q39 -> -21996 | R42: =Jul!R39 -> -2112 | T42: =Jul!T39 -> -228099
N43: 1.5 | O43: =O42*$N$43 -> -974925 | Q43: =Q42*$N$43 -> -32994 | R43: =R42*$N$43 -> -3168 | T43: =T42*$N$43 -> -342148.5
H44: AVG | N44: 0.5 | O44: =O42*$N$44 -> -324975 | Q44: =Q42*$N$44 -> -10998 | R44: =R42*$N$44 -> -1056 | T44: =T42*$N$44 -> -114049.5
H45: =AVERAGE(H6:H36) -> #REF!
O46: Note 1
O47: Note 2
N48: ! | O48: Note 3
O49: Note 4
N50: ! | O50: Note 5
H51: =AVERAGE(H6:H36) -> #REF!

Sheet Sep
B1: City Water | D1: Cooling Towers | G1: Natural Gas | J1: Georgia Power | O1: City Water | Q1: Cooling Towers | T1: Natural Gas
B2: Sidewalk Meter | D2: Hotel Chillers | G2: Gas Room at P1 | J2: Electrical Vault at P1 | O2: Sidewalk Meter | Q2: Hotel Chillers | T2: Gas Room at P1
A3: Date | B3: Bldg Main Meter #1 (CCF) | D3: Make Up Gall * 100 | E3: Blow Down | G3: Corrected CCF *10 | J3: KWH (*4800) | K3: KW | L3: KQH | N3: Date | O3: Bldg Main Meter #1 (CCF) | Q3: Make Up Gall * 100 | R3: Blow Down | T3: Corrected CCF *10
A5: LR | B5: 652753 | D5: 23675 | E5: 2513 | G5: 229032 | J5: =Aug!J39 -> 0 | K5: =Aug!K39 -> 0 | L5: =Aug!L39 -> 0
A6: 1 | B6: 652807 | D6: 23707 | E6: 2523 | G6: 229049 | H6: =#REF!-#REF! -> #REF! | J6: 0 | K6: 0 | L6: 0 | M6: x | N6: 1 | O6: =B6-B5 -> 54 | Q6: =D6-D5 -> 32 | R6: =E6-E5 -> 10 | T6: =G6-G5 -> 17
A7: 2 | B7: 652846 | D7: 23730 | E7: 2523 | G7: 229065 | H7: =#REF!-#REF! -> #REF! | J7: 0 | K7: 0 | L7: 0 | N7: 2 | O7: =B7-B6 -> 39 | Q7: =D7-D6 -> 23 | R7: =E7-E6 -> 0 | T7: =G7-G6 -> 16
A8: 3 | B8: 652886 | D8: 23753 | E8: 2523 | G8: 229080 | H8: =#REF!-#REF! -> #REF! | J8: 0 | K8: 0 | L8: 0 | N8: 3 | O8: =B8-B7 -> 40 | Q8: =D8-D7 -> 23 | R8: =E8-E7 -> 0 | T8: =G8-G7 -> 15
A9: 4 | B9: 652939 | D9: 23778 | E9: 2527 | G9: 229099 | H9: =#REF!-#REF! -> #REF! | J9: 0 | K9: 0 | L9: 0 | N9: 4 | O9: =B9-B8 -> 53 | Q9: =D9-D8 -> 25 | R9: =E9-E8 -> 4 | T9: =G9-G8 -> 19
A10: 5 | B10: 652971 | D10: 23802 | E10: 2530 | G10: 229116 | H10: =#REF!-#REF! -> #REF! | J10: 0 | K10: 0 | L10: 0 | N10: 5 | O10: =B10-B9 -> 32 | Q10: =D10-D9 -> 24 | R10: =E10-E9 -> 3 | T10: =G10-G9 -> 17
A11: 6 | B11: 653001 | D11: 23822 | E11: 2532 | G11: 229131 | H11: =#REF!-#REF! -> #REF! | J11: 0 | K11: 0 | L11: 0 | N11: 6 | O11: =B11-B10 -> 30 | Q11: =D11-D10 -> 20 | R11: =E11-E10 -> 2 | T11: =G11-G10 -> 15
A12: 7 | B12: 653051 | D12: 23942 | E12: 2535 | G12: 229149 | H12: =#REF!-#REF! -> #REF! | J12: 0 | K12: 0 | L12: 0 | N12: 7 | O12: =B12-B11 -> 50 | Q12: =D12-D11 -> 120 | R12: =E12-E11 -> 3 | T12: =G12-G11 -> 18
A13: 8 | B13: 653091 | D13: 23862 | E13: 2535 | G13: 229166 | H13: =#REF!-#REF! -> #REF! | J13: 0 | K13: 0 | L13: 0 | N13: 8 | O13: =B13-B12 -> 40 | Q13: =D13-D12 -> -80 | R13: =E13-E12 -> 0 | T13: =G13-G12 -> 17
A14: 9 | B14: 653133 | D14: 23882 | E14: 2530 | G14: 229183 | H14: =#REF!-#REF! -> #REF! | J14: 0 | K14: 0 | L14: 0 | N14: 9 | O14: =B14-B13 -> 42 | Q14: =D14-D13 -> 20 | R14: =E14-E13 -> -5 | T14: =G14-G13 -> 17
A15: 10 | B15: 653172 | D15: 23905 | E15: 2540 | G15: 229200 | H15: =#REF!-#REF! -> #REF! | J15: 0 | K15: 0 | L15: 0 | N15: 10 | O15: =B15-B14 -> 39 | Q15: =D15-D14 -> 23 | R15: =E15-E14 -> 10 | T15: =G15-G14 -> 17
A16: 11 | B16: 653211 | D16: 23928 | E16: 2545 | G16: 229216 | H16: =#REF!-#REF! -> #REF! | J16: 0 | K16: 0 | L16: 0 | N16: 11 | O16: =B16-B15 -> 39 | Q16: =D16-D15 -> 23 | R16: =E16-E15 -> 5 | T16: =G16-G15 -> 16
A17: 12 | B17: 653251 | D17: 23947 | E17: 2547 | G17: 229232 | H17: =#REF!-#REF! -> #REF! | J17: 0 | K17: 0 | L17: 0 | N17: 12 | O17: =B17-B16 -> 40 | Q17: =D17-D16 -> 19 | R17: =E17-E16 -> 2 | T17: =G17-G16 -> 16
A18: 13 | B18: 653289 | D18: 23972 | E18: 2551 | G18: 229247 | H18: =#REF!-#REF! -> #REF! | J18: 0 | K18: 0 | L18: 0 | N18: 13 | O18: =B18-B17 -> 38 | Q18: =D18-D17 -> 25 | R18: =E18-E17 -> 4 | T18: =G18-G17 -> 15
... A20: 15 | B20: 653358 | D20: 24015 | E20: 2557 | G20: 229277 | H20: =#REF!-#REF! -> #REF! | J20: 0 | K20: 0 | L20: 0 | N20: 15 | O20: =B20-B19 -> 35 | Q20: =D20-D19 -> 24 | R20: =E20-E19 -> 3 | T20: =G20-G19 -> 15
A21: 16 | B21: OOO | D21: 24037 | E21: 2560 | G21: 229293 | H21: =#REF!-#REF! -> #REF! | J21: 0 | K21: 0 | L21: 0 | N21: 16 | O21: =B21-B20 -> #VALUE! | Q21: =D21-D20 -> 22 | R21: =E21-E20 -> 3 | T21: =G21-G20 -> 16
A22: 17 | B22: 64 | D22: 24062 | E22: 2563 | G22: 229311 | H22: =#REF!-#REF! -> #REF! | J22: 0 | K22: 0 | L22: 0 | N22: 17 | O22: =B22-B21 -> #VALUE! | Q22: =D22-D21 -> 25 | R22: =E22-E21 -> 3 | T22: =G22-G21 -> 18
A23: 18 | B23: 107 | D23: 24084 | E23: 2565 | G23: 229327 | H23: =#REF!-#REF! -> #REF! | J23: 0 | K23: 0 | L23: 0 | N23: 18 | O23: =B23-B22 -> 43 | Q23: =D23-D22 -> 22 | R23: =E23-E22 -> 2 | T23: =G23-G22 -> 16
A24: 19 | B24: 145 | D24: 24102 | E24: 2567 | G24: 229346 | H24: =#REF!-#REF! -> #REF! | J24: 0 | K24: 0 | L24: 0 | N24: 19 | O24: =B24-B23 -> 38 | Q24: =D24-D23 -> 18 | R24: =E24-E23 -> 2 | T24: =G24-G23 -> 19
A25: 20 | B25: 185 | D25: 24121 | E25: 2567 | G25: 229364 | H25: =#REF!-#REF! -> #REF! | J25: 0 | K25: 0 | L25: 0 | N25: 20 | O25: =B25-B24 -> 40 | Q25: =D25-D24 -> 19 | R25: =E25-E24 -> 0 | T25: =G25-G24 -> 18
A26: 21 | B26: 218 | D26: 24133 | E26: 2567 | G26: 229382 | H26: =#REF!-#REF! -> #REF! | J26: 0 | K26: 0 | L26: 0 | N26: 21 | O26: =B26-B25 -> 33 | Q26: =D26-D25 -> 12 | R26: =E26-E25 -> 0 | T26: =G26-G25 -> 18
A27: 22 | B27: 258 | D27: 24144 | E27: 2569 | G27: 229397 | H27: =#REF!-#REF! -> #REF! | J27: 0 | K27: 0 | L27: 0 | N27: 22 | O27: =B27-B26 -> 40 | Q27: =D27-D26 -> 11 | R27: =E27-E26 -> 2 | T27: =G27-G26 -> 15
A28: 23 | B28: 263 | D28: 24158 | E28: 2569 | G28: 229413 | H28: =#REF!-#REF! -> #REF! | J28: 0 | K28: 0 | L28: 0 | N28: 23 | O28: =B28-B27 -> 5 | Q28: =D28-D27 -> 14 | R28: =E28-E27 -> 0 | T28: =G28-G27 -> 16
A29: 24 | B29: 292 | D29: 24170 | E29: 2569 | G29: 229430 | H29: =#REF!-#REF! -> #REF! | J29: 0 | K29: 0 | L29: 0 | N29: 24 | O29: =B29-B28 -> 29 | Q29: =D29-D28 -> 12 | R29: =E29-E28 -> 0 | T29: =G29-G28 -> 17
A30: 25 | B30: 328 | D30: 24181 | E30: 2573 | G30: 229451 | H30: =#REF!-#REF! -> #REF! | J30: 0 | K30: 0 | L30: 0 | N30: 25 | O30: =B30-B29 -> 36 | Q30: =D30-D29 -> 11 | R30: =E30-E29 -> 4 | T30: =G30-G29 -> 21
A31: 26 | B31: 371 | D31: 24199 | E31: 2575 | G31: 229472 | H31: =#REF!-#REF! -> #REF! | J31: 0 | K31: 0 | L31: 0 | N31: 26 | O31: =B31-B30 -> 43 | Q31: =D31-D30 -> 18 | R31: =E31-E30 -> 2 | T31: =G31-G30 -> 21
A32: 27 | B32: 412 | D32: 24216 | E32: 2579 | G32: 229491 | H32: =#REF!-#REF! -> #REF! | J32: 0 | K32: 0 | L32: 0 | N32: 27 | O32: =B32-B31 -> 41 | Q32: =D32-D31 -> 17 | R32: =E32-E31 -> 4 | T32: =G32-G31 -> 19
A33: 28 | B33: 451 | D33: 24238 | E33: 2580 | G33: 229509 | H33: =#REF!-#REF! -> #REF! | J33: 0 | K33: 0 | L33: 0 | N33: 28 | O33: =B33-B32 -> 39 | Q33: =D33-D32 -> 22 | R33: =E33-E32 -> 1 | T33: =G33-G32 -> 18
... A35: 30 | B35: 514 | D35: 24267 | E35: 2581 | G35: 229564 | H35: =#REF!-#REF! -> #REF! | J35: 0 | K35: 0 | L35: 0 | N35: 30 | O35: =B35-B34 -> 29 | Q35: =D35-D34 -> 13 | R35: =E35-E34 -> 0 | T35: =G35-G34 -> 35
A36: 31 | J36: 0 | K36: 0 | L36: 0 | N36: 31 | O36: =B36-B35 -> -514 | Q36: =D36-D35 -> -24267 | R36: =E36-E35 -> -2581 | T36: =G36-G35 -> -229564
B37: (5 Digits) | D37: (5 Digits) | E37: (4 Digits) | G37: (6 Digits)
A39: LD | B39: =LARGE(B5:B36, 1) -> 653358 | D39: =LARGE(D5:D36, 1) -> 24267 | E39: =LARGE(E5:E36, 1) -> 2581 | G39: =LARGE(G5:G36, 1) -> 229564 | J39: =LARGE(J5:J36, 1) -> 0 | K39: =LARGE(K5:K36, 1) -> 0 | L39: =LARGE(L5:L36, 1) -> 0 | N39: AVG | O39: =AVERAGEIF($M$6:$M$36, "x",O6:O36) -> 54 | Q39: =AVERAGEIF($M$6:$M$36, "x",Q6:Q36) -> 32 | R39: =AVERAGEIF($M$6:$M$36, "x",R6:R36) -> 10 | T39: =AVERAGEIF($M$6:$M$36, "x",T6:T36) -> 17
B41: Consumption: | N41: PRV AVG
B42: =B39-B5 -> 605 | D42: =D39-D5 -> 592 | E42: =E39-E5 -> 68 | G42: =G39-G5 -> 532 | J42: =J39-J5 -> 0 | K42: =K39-K5 -> 0 | L42: =L39-L5 -> 0 | O42: =Aug!O39 -> 0 | Q42: =Aug!Q39 -> 0 | R42: =Aug!R39 -> 0 | T42: =Aug!T39 -> 0
N43: 1.5 | O43: =O42*$N$43 -> 0 | Q43: =Q42*$N$43 -> 0 | R43: =R42*$N$43 -> 0 | T43: =T42*$N$43 -> 0
H44: AVG | N44: 0.5 | O44: =O42*$N$44 -> 0 | Q44: =Q42*$N$44 -> 0 | R44: =R42*$N$44 -> 0 | T44: =T42*$N$44 -> 0
H45: =AVERAGE(H6:H36) -> #REF!
O46: Note 1
O47: Note 2
N48: ! | O48: Note 3
O49: Note 4
N50: ! | O50: Note 5
H51: =AVERAGE(H6:H36) -> #REF!

Sheet Oct
B1: City Water | D1: Cooling Towers | G1: Natural Gas | J1: Georgia Power | O1: City Water | Q1: Cooling Towers | T1: Natural Gas
B2: Sidewalk Meter | D2: Hotel Chillers | G2: Gas Room at P1 | J2: Electrical Vault at P1 | O2: Sidewalk Meter | Q2: Hotel Chillers | T2: Gas Room at P1
A3: Date | B3: Bldg Main Meter #1 (CCF) | D3: Make Up Gall * 100 | E3: Blow Down | G3: Corrected CCF *10 | J3: KWH (*4800) | K3: KW | L3: KQH | N3: Date | O3: Bldg Main Meter #1 (CCF) | Q3: Make Up Gall * 100 | R3: Blow Down | T3: Corrected CCF *10
A5: LR | J5: =Sep!J39 -> 0 | K5: =Sep!K39 -> 0 | L5: =Sep!L39 -> 0
A6: 1 | B6: 552 | D6: 24283 | E6: 2583 | G6: 229598 | H6: =#REF!-#REF! -> #REF! | J6: 0 | K6: 0 | L6: 0 | M6: x | N6: 1 | O6: =B6-B5 -> 552 | Q6: =D6-D5 -> 24283 | R6: =E6-E5 -> 2583 | T6: =G6-G5 -> 229598
A7: 2 | B7: 589 | D7: 24300 | E7: 2585 | G7: 229631 | H7: =#REF!-#REF! -> #REF! | J7: 0 | K7: 0 | L7: 0 | N7: 2 | O7: =B7-B6 -> 37 | Q7: =D7-D6 -> 17 | R7: =E7-E6 -> 2 | T7: =G7-G6 -> 33
A8: 3 | B8: 619 | D8: 24314 | E8: 2585 | G8: 229661 | H8: =#REF!-#REF! -> #REF! | J8: 0 | K8: 0 | L8: 0 | N8: 3 | O8: =B8-B7 -> 30 | Q8: =D8-D7 -> 14 | R8: =E8-E7 -> 0 | T8: =G8-G7 -> 30
A9: 4 | B9: 653 | D9: 24329 | E9: 2588 | G9: 229690 | H9: =#REF!-#REF! -> #REF! | J9: 0 | K9: 0 | L9: 0 | N9: 4 | O9: =B9-B8 -> 34 | Q9: =D9-D8 -> 15 | R9: =E9-E8 -> 3 | T9: =G9-G8 -> 29
A10: 5 | B10: 681 | D10: 24345 | E10: 2589 | G10: 229719 | H10: =#REF!-#REF! -> #REF! | J10: 0 | K10: 0 | L10: 0 | N10: 5 | O10: =B10-B9 -> 28 | Q10: =D10-D9 -> 16 | R10: =E10-E9 -> 1 | T10: =G10-G9 -> 29
A11: 6 | B11: 718 | D11: 24360 | E11: 2593 | G11: 229748 | H11: =#REF!-#REF! -> #REF! | J11: 0 | K11: 0 | L11: 0 | N11: 6 | O11: =B11-B10 -> 37 | Q11: =D11-D10 -> 15 | R11: =E11-E10 -> 4 | T11: =G11-G10 -> 29
A12: 7 | B12: 754 | D12: 24378 | E12: 2596 | G12: 229777 | H12: =#REF!-#REF! -> #REF! | J12: 0 | K12: 0 | L12: 0 | N12: 7 | O12: =B12-B11 -> 36 | Q12: =D12-D11 -> 18 | R12: =E12-E11 -> 3 | T12: =G12-G11 -> 29
A13: 8 | B13: 797 | D13: 24396 | E13: 2599 | G13: 229805 | H13: =#REF!-#REF! -> #REF! | J13: 0 | K13: 0 | L13: 0 | N13: 8 | O13: =B13-B12 -> 43 | Q13: =D13-D12 -> 18 | R13: =E13-E12 -> 3 | T13: =G13-G12 -> 28
A14: 9 | B14: 834 | D14: 24412 | E14: 2601 | G14: 229833 | H14: =#REF!-#REF! -> #REF! | J14: 0 | K14: 0 | L14: 0 | N14: 9 | O14: =B14-B13 -> 37 | Q14: =D14-D13 -> 16 | R14: =E14-E13 -> 2 | T14: =G14-G13 -> 28
A15: 10 | B15: 873 | D15: 24427 | E15: 2603 | G15: 229864 | H15: =#REF!-#REF! -> #REF! | J15: 0 | K15: 0 | L15: 0 | N15: 10 | O15: =B15-B14 -> 39 | Q15: =D15-D14 -> 15 | R15: =E15-E14 -> 2 | T15: =G15-G14 -> 31
A16: 11 | B16: 914 | D16: 24440 | E16: 2606 | G16: 229894 | H16: =#REF!-#REF! -> #REF! | J16: 0 | K16: 0 | L16: 0 | N16: 11 | O16: =B16-B15 -> 41 | Q16: =D16-D15 -> 13 | R16: =E16-E15 -> 3 | T16: =G16-G15 -> 30
A17: 12 | B17: 953 | D17: 24469 | E17: 2611 | G17: 229920 | H17: =#REF!-#REF! -> #REF! | J17: 0 | K17: 0 | L17: 0 | N17: 12 | O17: =B17-B16 -> 39 | Q17: =D17-D16 -> 29 | R17: =E17-E16 -> 5 | T17: =G17-G16 -> 26
A18: 13 | B18: 996 | D18: 24491 | E18: 2614 | G18: 229948 | H18: =#REF!-#REF! -> #REF! | J18: 0 | K18: 0 | L18: 0 | N18: 13 | O18: =B18-B17 -> 43 | Q18: =D18-D17 -> 22 | R18: =E18-E17 -> 3 | T18: =G18-G17 -> 28
... A36: 31 | B36: 1597 | D36: 24763 | E36: 2654 | G36: 230589 | H36: =#REF!-#REF! -> #REF! | J36: 0 | K36: 0 | L36: 0 | N36: 31 | O36: =B36-B35 -> 27 | Q36: =D36-D35 -> 10 | R36: =E36-E35 -> 2 | T36: =G36-G35 -> 50
B37: (5 Digits) | D37: (5 Digits) | E37: (4 Digits) | G37: (6 Digits)
A39: LD | B39: =LARGE(B5:B36, 1) -> 1597 | D39: =LARGE(D5:D36, 1) -> 24763 | E39: =LARGE(E5:E36, 1) -> 2656 | G39: =LARGE(G5:G36, 1) -> 230589 | J39: =LARGE(J5:J36, 1) -> 0 | K39: =LARGE(K5:K36, 1) -> 0 | L39: =LARGE(L5:L36, 1) -> 0 | N39: AVG | O39: =AVERAGEIF($M$6:$M$36, "x",O6:O36) -> 552 | Q39: =AVERAGEIF($M$6:$M$36, "x",Q6:Q36) -> 24283 | R39: =AVERAGEIF($M$6:$M$36, "x",R6:R36) -> 2583 | T39: =AVERAGEIF($M$6:$M$36, "x",T6:T36) -> 229598
B41: Consumption: | N41: PRV AVG
B42: =B39-B5 -> 1597 | D42: =D39-D5 -> 24763 | E42: =E39-E5 -> 2656 | G42: =G39-G5 -> 230589 | J42: =J39-J5 -> 0 | K42: =K39-K5 -> 0 | L42: =L39-L5 -> 0 | O42: =Sep!O39 -> 54 | Q42: =Sep!Q39 -> 32 | R42: =Sep!R39 -> 10 | T42: =Sep!T39 -> 17
N43: 1.5 | O43: =O42*$N$43 -> 81 | Q43: =Q42*$N$43 -> 48 | R43: =R42*$N$43 -> 15 | T43: =T42*$N$43 -> 25.5
H44: AVG | N44: 0.5 | O44: =O42*$N$44 -> 27 | Q44: =Q42*$N$44 -> 16 | R44: =R42*$N$44 -> 5 | T44: =T42*$N$44 -> 8.5
H45: =AVERAGE(H6:H36) -> #REF!
O46: Note 1
O47: Note 2
N48: ! | O48: Note 3
O49: Note 4
N50: ! | O50: Note 5
H51: =AVERAGE(H6:H36) -> #REF!

Sheet Dec
B1: City Water | D1: Cooling Towers | G1: Natural Gas | J1: Georgia Power | O1: City Water | Q1: Cooling Towers | T1: Natural Gas
B2: Sidewalk Meter | D2: Hotel Chillers | G2: Gas Room at P1 | J2: Electrical Vault at P1 | O2: Sidewalk Meter | Q2: Hotel Chillers | T2: Gas Room at P1
A3: Date | B3: Bldg Main Meter #1 (CCF) | D3: Make Up Gall * 100 | E3: Blow Down | G3: Corrected CCF *10 | J3: KWH (*4800) | K3: KW | L3: KQH | N3: Date | O3: Bldg Main Meter #1 (CCF) | Q3: Make Up Gall * 100 | R3: Blow Down | T3: Corrected CCF *10
A5: LR | B5: =Nov!B39 -> 2542 | D5: =Nov!D39 -> 25163 | E5: =Nov!E39 -> 2734 | G5: =Nov!G39 -> 231711 | J5: =Nov!J39 -> 0 | K5: =Nov!K39 -> 0 | L5: =Nov!L39 -> 0
A6: 1 | B6: 2565 | D6: 25170 | E6: 2734 | G6: 231800 | H6: =#REF!-#REF! -> #REF! | J6: 0 | K6: 0 | L6: 0 | M6: x | N6: 1 | O6: =B6-B5 -> 23 | Q6: =D6-D5 -> 7 | R6: =E6-E5 -> 0 | T6: =G6-G5 -> 89
A7: 2 | B7: 2589 | D7: 25175 | E7: 2734 | G7: 231866 | H7: =#REF!-#REF! -> #REF! | J7: 0 | K7: 0 | L7: 0 | N7: 2 | O7: =B7-B6 -> 24 | Q7: =D7-D6 -> 5 | R7: =E7-E6 -> 0 | T7: =G7-G6 -> 66
A8: 3 | B8: 2615 | D8: 25182 | E8: 2736 | G8: 231927 | H8: =#REF!-#REF! -> #REF! | J8: 0 | K8: 0 | L8: 0 | N8: 3 | O8: =B8-B7 -> 26 | Q8: =D8-D7 -> 7 | R8: =E8-E7 -> 2 | T8: =G8-G7 -> 61
A9: 4 | B9: 2638 | D9: 25187 | E9: 2736 | G9: 232008 | H9: =#REF!-#REF! -> #REF! | J9: 0 | K9: 0 | L9: 0 | N9: 4 | O9: =B9-B8 -> 23 | Q9: =D9-D8 -> 5 | R9: =E9-E8 -> 0 | T9: =G9-G8 -> 81
A10: 5 | B10: 2668 | D10: 25192 | E10: 2738 | G10: 232082 | H10: =#REF!-#REF! -> #REF! | J10: 0 | K10: 0 | L10: 0 | N10: 5 | O10: =B10-B9 -> 30 | Q10: =D10-D9 -> 5 | R10: =E10-E9 -> 2 | T10: =G10-G9 -> 74
A11: 6 | B11: 2697 | D11: 25202 | E11: 2741 | G11: 232159 | H11: =#REF!-#REF! -> #REF! | J11: 0 | K11: 0 | L11: 0 | N11: 6 | O11: =B11-B10 -> 29 | Q11: =D11-D10 -> 10 | R11: =E11-E10 -> 3 | T11: =G11-G10 -> 77
A12: 7 | B12: 2723 | D12: 25208 | E12: 2743 | G12: 232230 | H12: =#REF!-#REF! -> #REF! | J12: 0 | K12: 0 | L12: 0 | N12: 7 | O12: =B12-B11 -> 26 | Q12: =D12-D11 -> 6 | R12: =E12-E11 -> 2 | T12: =G12-G11 -> 71
A13: 8 | B13: 2755 | D13: 25217 | E13: 2744 | G13: 232290 | H13: =#REF!-#REF! -> #REF! | J13: 0 | K13: 0 | L13: 0 | N13: 8 | O13: =B13-B12 -> 32 | Q13: =D13-D12 -> 9 | R13: =E13-E12 -> 1 | T13: =G13-G12 -> 60
A14: 9 | B14: 2786 | D14: 25228 | E14: 2748 | G14: 232340 | H14: =#REF!-#REF! -> #REF! | J14: 0 | K14: 0 | L14: 0 | N14: 9 | O14: =B14-B13 -> 31 | Q14: =D14-D13 -> 11 | R14: =E14-E13 -> 4 | T14: =G14-G13 -> 50
A15: 10 | B15: 2815 | D15: 25237 | E15: 2749 | G15: 232386 | H15: =#REF!-#REF! -> #REF! | J15: 0 | K15: 0 | L15: 0 | N15: 10 | O15: =B15-B14 -> 29 | Q15: =D15-D14 -> 9 | R15: =E15-E14 -> 1 | T15: =G15-G14 -> 46
A16: 11 | B16: 2843 | D16: 25247 | E16: 2752 | G16: 232428 | H16: =#REF!-#REF! -> #REF! | J16: 0 | K16: 0 | L16: 0 | N16: 11 | O16: =B16-B15 -> 28 | Q16: =D16-D15 -> 10 | R16: =E16-E15 -> 3 | T16: =G16-G15 -> 42
A17: 12 | B17: 2876 | D17: 25258 | E17: 2754 | G17: 232467 | H17: =#REF!-#REF! -> #REF! | J17: 0 | K17: 0 | L17: 0 | N17: 12 | O17: =B17-B16 -> 33 | Q17: =D17-D16 -> 11 | R17: =E17-E16 -> 2 | T17: =G17-G16 -> 39
A18: 13 | B18: 2903 | D18: 25265 | E18: 2755 | G18: 232509 | H18: =#REF!-#REF! -> #REF! | J18: 0 | K18: 0 | L18: 0 | N18: 13 | O18: =B18-B17 -> 27 | Q18: =D18-D17 -> 7 | R18: =E18-E17 -> 1 | T18: =G18-G17 -> 42
... A27: 22 | B27: 3134 | D27: 25316 | E27: 2766 | G27: 233164 | H27: =#REF!-#REF! -> #REF! | J27: 0 | K27: 0 | L27: 0 | N27: 22 | O27: =B27-B26 -> 24 | Q27: =D27-D26 -> 7 | R27: =E27-E26 -> 0 | T27: =G27-G26 -> 49
A28: 23 | H28: =#REF!-#REF! -> #REF! | J28: 0 | K28: 0 | L28: 0 | N28: 23 | O28: =B28-B27 -> -3134 | Q28: =D28-D27 -> -25316 | R28: =E28-E27 -> -2766 | T28: =G28-G27 -> -233164
A29: 24 | H29: =#REF!-#REF! -> #REF! | J29: 0 | K29: 0 | L29: 0 | N29: 24 | O29: =B29-B28 -> 0 | Q29: =D29-D28 -> 0 | R29: =E29-E28 -> 0 | T29: =G29-G28 -> 0
A30: 25 | H30: =#REF!-#REF! -> #REF! | J30: 0 | K30: 0 | L30: 0 | N30: 25 | O30: =B30-B29 -> 0 | Q30: =D30-D29 -> 0 | R30: =E30-E29 -> 0 | T30: =G30-G29 -> 0
A31: 26 | B31: 3235 | D31: 25341 | E31: 2766 | G31: 233408 | H31: =IF(#REF!-#REF!<0,0,#REF!-#REF!) -> #REF! | J31: 0 | K31: 0 | L31: 0 | N31: 26 | O31: =B31-B30 -> 3235 | Q31: =D31-D30 -> 25341 | R31: =E31-E30 -> 2766 | T31: =G31-G30 -> 233408
A32: 27 | B32: 3259 | D32: 25346 | E32: 2766 | G32: 233463 | H32: =IF(#REF!-#REF!<0,0,#REF!-#REF!) -> #REF! | J32: 0 | K32: 0 | L32: 0 | N32: 27 | O32: =B32-B31 -> 24 | Q32: =D32-D31 -> 5 | R32: =E32-E31 -> 0 | T32: =G32-G31 -> 55
A33: 28 | B33: 3289 | D33: 25352 | E33: 2766 | G33: 233503 | H33: =IF(#REF!-#REF!<0,0,#REF!-#REF!) -> #REF! | J33: 0 | K33: 0 | L33: 0 | N33: 28 | O33: =B33-B32 -> 30 | Q33: =D33-D32 -> 6 | R33: =E33-E32 -> 0 | T33: =G33-G32 -> 40
A34: 29 | B34: 3307 | D34: 25361 | E34: 2768 | G34: 233546 | H34: =IF(#REF!-#REF!<0,0,#REF!-#REF!) -> #REF! | J34: 0 | K34: 0 | L34: 0 | N34: 29 | O34: =B34-B33 -> 18 | Q34: =D34-D33 -> 9 | R34: =E34-E33 -> 2 | T34: =G34-G33 -> 43
A35: 30 | B35: 3322 | D35: 25367 | E35: 2758 | G35: 233589 | H35: =IF(#REF!-#REF!<0,0,#REF!-#REF!) -> #REF! | J35: 0 | K35: 0 | L35: 0 | N35: 30 | O35: =B35-B34 -> 15 | Q35: =D35-D34 -> 6 | R35: =E35-E34 -> -10 | T35: =G35-G34 -> 43
A36: 31 | B36: 3358 | D36: 25377 | E36: 2770 | G36: 233628 | H36: =IF(#REF!-#REF!<0,0,#REF!-#REF!) -> #REF! | J36: 0 | K36: 0 | L36: 0 | N36: 31 | O36: =B36-B35 -> 36 | Q36: =D36-D35 -> 10 | R36: =E36-E35 -> 12 | T36: =G36-G35 -> 39
B37: (5 Digits) | D37: (5 Digits) | E37: (4 Digits) | G37: (6 Digits)
A39: LD | B39: =LARGE(B5:B36, 1) -> 3358 | D39: =LARGE(D5:D36, 1) -> 25377 | E39: =LARGE(E5:E36, 1) -> 2770 | G39: =LARGE(G5:G36, 1) -> 233628 | J39: =LARGE(J5:J36, 1) -> 0 | K39: =LARGE(K5:K36, 1) -> 0 | L39: =LARGE(L5:L36, 1) -> 0 | N39: AVG | O39: =AVERAGEIF($M$6:$M$36, "x",O6:O36) -> 23 | Q39: =AVERAGEIF($M$6:$M$36, "x",Q6:Q36) -> 7 | R39: =AVERAGEIF($M$6:$M$36, "x",R6:R36) -> 0 | T39: =AVERAGEIF($M$6:$M$36, "x",T6:T36) -> 89
B41: Consumption: | N41: PRV AVG
B42: =B39-B5 -> 816 | D42: =D39-D5 -> 214 | E42: =E39-E5 -> 36 | G42: =G39-G5 -> 1917 | J42: =J39-J5 -> 0 | K42: =K39-K5 -> 0 | L42: =L39-L5 -> 0 | O42: =Nov!O39 -> 34 | Q42: =Nov!Q39 -> 11 | R42: =Nov!R39 -> 1 | T42: =Nov!T39 -> 39
N43: 1.5 | O43: =O42*$N$43 -> 51 | Q43: =Q42*$N$43 -> 16.5 | R43: =R42*$N$43 -> 1.5 | T43: =T42*$N$43 -> 58.5
H44: AVG | N44: 0.5 | O44: =O42*$N$44 -> 17 | Q44: =Q42*$N$44 -> 5.5 | R44: =R42*$N$44 -> 0.5 | T44: =T42*$N$44 -> 19.5
H45: =AVERAGE(H6:H36) -> #REF!
O46: Note 1
O47: Note 2
N48: ! | O48: Note 3
O49: Note 4
N50: ! | O50: Note 5
H51: =AVERAGE(H6:H36) -> #REF!

Sheet Nov
B1: City Water | D1: Cooling Towers | G1: Natural Gas | J1: Georgia Power | O1: City Water | Q1: Cooling Towers | T1: Natural Gas
B2: Sidewalk Meter | D2: Hotel Chillers | G2: Gas Room at P1 | J2: Electrical Vault at P1 | O2: Sidewalk Meter | Q2: Hotel Chillers | T2: Gas Room at P1
A3: Date | B3: Bldg Main Meter #1 (CCF) | D3: Make Up Gall * 100 | E3: Blow Down | G3: Corrected CCF *10 | J3: KWH (*4800) | K3: KW | L3: KQH | N3: Date | O3: Bldg Main Meter #1 (CCF) | Q3: Make Up Gall * 100 | R3: Blow Down | T3: Corrected CCF *10
A5: LR | B5: =Oct!B39 -> 1597 | D5: =Oct!D39 -> 24763 | E5: =Oct!E39 -> 2656 | G5: =Oct!G39 -> 230589 | J5: =Oct!J39 -> 0 | K5: =Oct!K39 -> 0 | L5: =Oct!L39 -> 0
A6: 1 | B6: 1631 | D6: 24774 | E6: 2657 | G6: 230628 | H6: =#REF!-#REF! -> #REF! | J6: 0 | K6: 0 | L6: 0 | M6: x | N6: 1 | O6: =B6-B5 -> 34 | Q6: =D6-D5 -> 11 | R6: =E6-E5 -> 1 | T6: =G6-G5 -> 39
A7: 2 | B7: 1664 | D7: 24787 | E7: 2659 | G7: 230663 | H7: =#REF!-#REF! -> #REF! | J7: 0 | K7: 0 | L7: 0 | N7: 2 | O7: =B7-B6 -> 33 | Q7: =D7-D6 -> 13 | R7: =E7-E6 -> 2 | T7: =G7-G6 -> 35
A8: 3 | B8: 1688 | D8: 24799 | E8: 2659 | G8: 230708 | H8: =#REF!-#REF! -> #REF! | J8: 0 | K8: 0 | L8: 0 | N8: 3 | O8: =B8-B7 -> 24 | Q8: =D8-D7 -> 12 | R8: =E8-E7 -> 0 | T8: =G8-G7 -> 45
A9: 4 | B9: 1718 | D9: 24800 | E9: 2662 | G9: 230747 | H9: =#REF!-#REF! -> #REF! | J9: 0 | K9: 0 | L9: 0 | N9: 4 | O9: =B9-B8 -> 30 | Q9: =D9-D8 -> 1 | R9: =E9-E8 -> 3 | T9: =G9-G8 -> 39
A10: 5 | B10: 1748 | D10: 24822 | E10: 2666 | G10: 230780 | H10: =#REF!-#REF! -> #REF! | J10: 0 | K10: 0 | L10: 0 | N10: 5 | O10: =B10-B9 -> 30 | Q10: =D10-D9 -> 22 | R10: =E10-E9 -> 4 | T10: =G10-G9 -> 33
A11: 6 | B11: 1782 | D11: 24837 | E11: 2669 | G11: 230814 | H11: =#REF!-#REF! -> #REF! | J11: 0 | K11: 0 | L11: 0 | N11: 6 | O11: =B11-B10 -> 34 | Q11: =D11-D10 -> 15 | R11: =E11-E10 -> 3 | T11: =G11-G10 -> 34
A12: 7 | B12: 1815 | D12: 24850 | E12: 2671 | G12: 230845 | H12: =#REF!-#REF! -> #REF! | J12: 0 | K12: 0 | L12: 0 | N12: 7 | O12: =B12-B11 -> 33 | Q12: =D12-D11 -> 13 | R12: =E12-E11 -> 2 | T12: =G12-G11 -> 31
A13: 8 | B13: 1849 | D13: 24862 | E13: 2673 | G13: 230878 | H13: =#REF!-#REF! -> #REF! | J13: 0 | K13: 0 | L13: 0 | N13: 8 | O13: =B13-B12 -> 34 | Q13: =D13-D12 -> 12 | R13: =E13-E12 -> 2 | T13: =G13-G12 -> 33
A14: 9 | B14: 1881 | D14: 24878 | E14: 2676 | G14: 230910 | H14: =#REF!-#REF! -> #REF! | J14: 0 | K14: 0 | L14: 0 | N14: 9 | O14: =B14-B13 -> 32 | Q14: =D14-D13 -> 16 | R14: =E14-E13 -> 3 | T14: =G14-G13 -> 32
A15: 10 | B15: 1918 | D15: 24896 | E15: 2681 | G15: 230939 | H15: =#REF!-#REF! -> #REF! | J15: 0 | K15: 0 | L15: 0 | N15: 10 | O15: =B15-B14 -> 37 | Q15: =D15-D14 -> 18 | R15: =E15-E14 -> 5 | T15: =G15-G14 -> 29
A16: 11 | B16: 1950 | D16: 24913 | E16: 2684 | G16: 230968 | H16: =#REF!-#REF! -> #REF! | J16: 0 | K16: 0 | L16: 0 | N16: 11 | O16: =B16-B15 -> 32 | Q16: =D16-D15 -> 17 | R16: =E16-E15 -> 3 | T16: =G16-G15 -> 29
A17: 12 | B17: 1987 | D17: 24929 | E17: 2687 | G17: 230998 | H17: =#REF!-#REF! -> #REF! | J17: 0 | K17: 0 | L17: 0 | N17: 12 | O17: =B17-B16 -> 37 | Q17: =D17-D16 -> 16 | R17: =E17-E16 -> 3 | T17: =G17-G16 -> 30
A18: 13 | B18: 2015 | D18: 24944 | E18: 2689 | G18: 231027 | H18: =#REF!-#REF! -> #REF! | J18: 0 | K18: 0 | L18: 0 | N18: 13 | O18: =B18-B17 -> 28 | Q18: =D18-D17 -> 15 | R18: =E18-E17 -> 2 | T18: =G18-G17 -> 29
... A22: 17 | B22: 2145 | D22: 25004 | E22: 2700 | G22: 231170 | H22: =#REF!-#REF! -> #REF! | J22: 0 | K22: 0 | L22: 0 | N22: 17 | O22: =B22-B21 -> 31 | Q22: =D22-D21 -> 13 | R22: =E22-E21 -> 3 | T22: =G22-G21 -> 44
A23: 18 | B23: 2177 | D23: 25018 | E23: 2703 | G23: 231213 | H23: =#REF!-#REF! -> #REF! | I23: . | J23: 0 | K23: 0 | L23: 0 | N23: 18 | O23: =B23-B22 -> 32 | Q23: =D23-D22 -> 14 | R23: =E23-E22 -> 3 | T23: =G23-G22 -> 43
A24: 19 | B24: 2210 | D24: 25030 | E24: 2706 | G24: 231258 | H24: =#REF!-#REF! -> #REF! | I24: . | J24: 0 | K24: 0 | L24: 0 | N24: 19 | O24: =B24-B23 -> 33 | Q24: =D24-D23 -> 12 | R24: =E24-E23 -> 3 | T24: =G24-G23 -> 45
A25: 20 | B25: 2245 | D25: 25048 | E25: 2710 | G25: 231296 | H25: =#REF!-#REF! -> #REF! | I25: . | J25: 0 | K25: 0 | L25: 0 | N25: 20 | O25: =B25-B24 -> 35 | Q25: =D25-D24 -> 18 | R25: =E25-E24 -> 4 | T25: =G25-G24 -> 38
A26: 21 | B26: 2276 | D26: 25060 | E26: 2714 | G26: 231332 | H26: =#REF!-#REF! -> #REF! | I26: . | J26: 0 | K26: 0 | L26: 0 | N26: 21 | O26: =B26-B25 -> 31 | Q26: =D26-D25 -> 12 | R26: =E26-E25 -> 4 | T26: =G26-G25 -> 36
A27: 22 | B27: 2312 | D27: 25076 | E27: 2718 | G27: 231370 | H27: =#REF!-#REF! -> #REF! | I27: . | J27: 0 | K27: 0 | L27: 0 | N27: 22 | O27: =B27-B26 -> 36 | Q27: =D27-D26 -> 16 | R27: =E27-E26 -> 4 | T27: =G27-G26 -> 38
A28: 23 | B28: 2346 | D28: 25091 | E28: 2721 | G28: 231406 | H28: =#REF!-#REF! -> #REF! | I28: . | J28: 0 | K28: 0 | L28: 0 | N28: 23 | O28: =B28-B27 -> 34 | Q28: =D28-D27 -> 15 | R28: =E28-E27 -> 3 | T28: =G28-G27 -> 36
A29: 24 | B29: 2373 | D29: 25099 | E29: 2723 | G29: 231448 | H29: =#REF!-#REF! -> #REF! | I29: . | J29: 0 | K29: 0 | L29: 0 | N29: 24 | O29: =B29-B28 -> 27 | Q29: =D29-D28 -> 8 | R29: =E29-E28 -> 2 | T29: =G29-G28 -> 42
A30: 25 | B30: 2396 | D30: 25143 | E30: 2724 | G30: 231485 | H30: =#REF!-#REF! -> #REF! | I30: . | J30: 0 | K30: 0 | L30: 0 | N30: 25 | O30: =B30-B29 -> 23 | Q30: =D30-D29 -> 44 | R30: =E30-E29 -> 1 | T30: =G30-G29 -> 37
A31: 26 | B31: 2432 | D31: 25125 | E31: 2726 | G31: 231523 | H31: =#REF!-#REF! -> #REF! | J31: 0 | K31: 0 | L31: 0 | N31: 26 | O31: =B31-B30 -> 36 | Q31: =D31-D30 -> -18 | R31: =E31-E30 -> 2 | T31: =G31-G30 -> 38
A32: 27 | B32: 2466 | D32: 25140 | E32: 2728 | G32: 231562 | H32: =#REF!-#REF! -> #REF! | J32: 0 | K32: 0 | L32: 0 | N32: 27 | O32: =B32-B31 -> 34 | Q32: =D32-D31 -> 15 | R32: =E32-E31 -> 2 | T32: =G32-G31 -> 39
A33: 28 | B33: 2496 | D33: 25152 | E33: 2734 | G33: 231600 | H33: =#REF!-#REF! -> #REF! | J33: 0 | K33: 0 | L33: 0 | N33: 28 | O33: =B33-B32 -> 30 | Q33: =D33-D32 -> 12 | R33: =E33-E32 -> 6 | T33: =G33-G32 -> 38
A34: 29 | B34: 2518 | D34: 25157 | E34: 2734 | G34: 231641 | H34: =#REF!-#REF! -> #REF! | J34: 0 | K34: 0 | L34: 0 | N34: 29 | O34: =B34-B33 -> 22 | Q34: =D34-D33 -> 5 | R34: =E34-E33 -> 0 | T34: =G34-G33 -> 41
A35: 30 | B35: 2542 | D35: 25163 | E35: 2734 | G35: 231711 | H35: =#REF!-#REF! -> #REF! | J35: 0 | K35: 0 | L35: 0 | N35: 30 | O35: =B35-B34 -> 24 | Q35: =D35-D34 -> 6 | R35: =E35-E34 -> 0 | T35: =G35-G34 -> 70
A36: 31 | J36: 0 | K36: 0 | L36: 0 | N36: 31 | O36: =B36-B35 -> -2542 | Q36: =D36-D35 -> -25163 | R36: =E36-E35 -> -2734 | T36: =G36-G35 -> -231711
B37: (5 Digits) | D37: (5 Digits) | E37: (4 Digits) | G37: (6 Digits)
A39: LD | B39: =LARGE(B5:B36, 1) -> 2542 | D39: =LARGE(D5:D36, 1) -> 25163 | E39: =LARGE(E5:E36, 1) -> 2734 | G39: =LARGE(G5:G36, 1) -> 231711 | J39: =LARGE(J5:J36, 1) -> 0 | K39: =LARGE(K5:K36, 1) -> 0 | L39: =LARGE(L5:L36, 1) -> 0 | N39: AVG | O39: =AVERAGEIF($M$6:$M$36, "x",O6:O36) -> 34 | Q39: =AVERAGEIF($M$6:$M$36, "x",Q6:Q36) -> 11 | R39: =AVERAGEIF($M$6:$M$36, "x",R6:R36) -> 1 | T39: =AVERAGEIF($M$6:$M$36, "x",T6:T36) -> 39
B41: Consumption: | N41: PRV AVG
B42: =B39-B5 -> 945 | D42: =D39-D5 -> 400 | E42: =E39-E5 -> 78 | G42: =G39-G5 -> 1122 | J42: =J39-J5 -> 0 | K42: =K39-K5 -> 0 | L42: =L39-L5 -> 0 | O42: =Oct!O39 -> 552 | Q42: =Oct!Q39 -> 24283 | R42: =Oct!R39 -> 2583 | T42: =Oct!T39 -> 229598
N43: 1.5 | O43: =O42*$N$43 -> 828 | Q43: =Q42*$N$43 -> 36424.5 | R43: =R42*$N$43 -> 3874.5 | T43: =T42*$N$43 -> 344397
N44: 0.5 | O44: =O42*$N$44 -> 276 | Q44: =Q42*$N$44 -> 12141.5 | R44: =R42*$N$44 -> 1291.5 | T44: =T42*$N$44 -> 114799
H45: =AVERAGE(H6:H36) -> #REF!
O46: Note 1
O47: Note 2
N48: ! | O48: Note 3
O49: Note 4
N50: ! | O50: Note 5
H51: =AVERAGE(H6:H36) -> #REF!
I60: ..

Sheet Jan 21
B1: City Water | I1: Cooling Towers | N1: Natural Gas | T1: Georgia Power | Y1: City Water | AF1: Cooling Towers | AK1: Natural Gas
B2: Sidewalk Meter | I2: Hotel Chillers | K2: Apartment Loop | N2: Gas Room at P1 | Q2: MEZ | T2: Electrical Vault at P1 | Y2: Sidewalk Meter | AF2: Hotel Chillers | AH2: Apartment Loop | AK2: Gas Room at P1 | AN2: MEZ
A3: Date | B3: Bldg Main Meter #1 (CCF) | C3: Meter #2 (CCF) | D3: Fire Main Meter #3 (CCF) | E3: Pump Rm. Gall * 100 | F3: Offices at Level 20 Gall * 100 | G3: Offices at Level 30 Gall * 100 | I3: Make Up Gall * 100 | J3: Blow Down | K3: Make Up Gall * 100 | L3: Blow Down | N3: Corrected CCF *10 | O3: Not Corrected | P3: Engine | Q3: Tower Htg CCF *10 | T3: KWH (*4800) | U3: KW | V3: KQH | X3: Date | Y3: Bldg Main Meter #1 (CCF) | Z3: Meter #2 (CCF) | AA3: Fire Main Meter #3 (CCF) | AB3: Pump Rm. Gall * 100 | AC3: Offices at Level 20 Gall * 100 | AD3: Offices at Level 30 Gall * 100 | AF3: Make Up Gall * 100 | AG3: Blow Down | AH3: Make Up Gall * 100 | AI3: Blow Down | AK3: Corrected CCF *10 | AL3: Not Corrected | AM3: Engine | AN3: Tower Htg CCF *10
A5: LR | B5: =Dec!B39 -> 3358 | C5: =Dec!#REF! -> #REF! | D5: =Dec!#REF! -> #REF! | E5: =Dec!#REF! -> #REF! | F5: =Dec!#REF! -> #REF! | G5: =Dec!#REF! -> #REF! | I5: =Dec!D39 -> 25377 | J5: =Dec!E39 -> 2770 | K5: =Dec!#REF! -> #REF! | L5: =Dec!#REF! -> #REF! | N5: =Dec!G39 -> 233628 | O5: =Dec!#REF! -> #REF! | P5: =Dec!#REF! -> #REF! | Q5: =Dec!#REF! -> #REF! | T5: 0 | U5: 0 | V5: 0
A6: 1 | B6: 3387 | C6: 0 | D6: 0 | I6: 25383 | J6: 2771 | N6: 233701 | R6: =Q6-Q5 -> #REF! | T6: 0 | U6: 0 | V6: 0 | W6: x | X6: 1 | Y6: =B6-B5 -> 29 | Z6: =C6-C5 -> #REF! | AA6: =D6-D5 -> #REF! | AB6: =E6-E5 -> #REF! | AC6: =F6-F5 -> #REF! | AD6: =G6-G5 -> #REF! | AF6: =I6-I5 -> 6 | AG6: =J6-J5 -> 1 | AH6: =K6-K5 -> #REF! | AI6: =L6-L5 -> #REF! | AK6: =N6-N5 -> 73 | AL6: =O6-O5 -> #REF! | AM6: =P6-P5 -> #REF! | AN6: =Q6-Q5 -> #REF!
A7: 2 | B7: 3405 | C7: 0 | D7: 0 | I7: 25386 | J7: 2771 | N7: 233770 | R7: =Q7-Q6 -> 0 | T7: 0 | U7: 0 | V7: 0 | X7: 2 | Y7: =B7-B6 -> 18 | Z7: =C7-C6 -> 0 | AA7: =D7-D6 -> 0 | AB7: =E7-E6 -> 0 | AC7: =F7-F6 -> 0 | AD7: =G7-G6 -> 0 | AF7: =I7-I6 -> 3 | AG7: =J7-J6 -> 0 | AH7: =K7-K6 -> 0 | AI7: =L7-L6 -> 0 | AK7: =N7-N6 -> 69 | AL7: =O7-O6 -> 0 | AM7: =P7-P6 -> 0 | AN7: =Q7-Q6 -> 0
A8: 3 | B8: 3425 | C8: 0 | D8: 0 | I8: 25389 | J8: 2772 | N8: 233840 | R8: =Q8-Q7 -> 0 | T8: 0 | U8: 0 | V8: 0 | X8: 3 | Y8: =B8-B7 -> 20 | Z8: =C8-C7 -> 0 | AA8: =D8-D7 -> 0 | AB8: =E8-E7 -> 0 | AC8: =F8-F7 -> 0 | AD8: =G8-G7 -> 0 | AF8: =I8-I7 -> 3 | AG8: =J8-J7 -> 1 | AH8: =K8-K7 -> 0 | AI8: =L8-L7 -> 0 | AK8: =N8-N7 -> 70 | AL8: =O8-O7 -> 0 | AM8: =P8-P7 -> 0 | AN8: =Q8-Q7 -> 0
A9: 4 | B9: 3558 | C9: 0 | D9: 0 | I9: 25399 | J9: 2774 | N9: 233997 | R9: =Q9-Q8 -> 0 | T9: 0 | U9: 0 | V9: 0 | X9: 4 | Y9: =B9-B8 -> 133 | Z9: =C9-C8 -> 0 | AA9: =D9-D8 -> 0 | AB9: =E9-E8 -> 0 | AC9: =F9-F8 -> 0 | AD9: =G9-G8 -> 0 | AF9: =I9-I8 -> 10 | AG9: =J9-J8 -> 2 | AH9: =K9-K8 -> 0 | AI9: =L9-L8 -> 0 | AK9: =N9-N8 -> 157 | AL9: =O9-O8 -> 0 | AM9: =P9-P8 -> 0 | AN9: =Q9-Q8 -> 0
A10: 5 | B10: 3508 | C10: 0 | D10: 0 | I10: 25409 | J10: 2774 | N10: 233990 | R10: =Q10-Q9 -> 0 | T10: 0 | U10: 0 | V10: 0 | X10: 5 | Y10: =B10-B9 -> -50 | Z10: =C10-C9 -> 0 | AA10: =D10-D9 -> 0 | AB10: =E10-E9 -> 0 | AC10: =F10-F9 -> 0 | AD10: =G10-G9 -> 0 | AF10: =I10-I9 -> 10 | AG10: =J10-J9 -> 0 | AH10: =K10-K9 -> 0 | AI10: =L10-L9 -> 0 | AK10: =N10-N9 -> -7 | AL10: =O10-O9 -> 0 | AM10: =P10-P9 -> 0 | AN10: =Q10-Q9 -> 0
A11: 6 | B11: 3533 | C11: 0 | D11: 0 | I11: 25416 | J11: 2776 | N11: 234039 | R11: =Q11-Q10 -> 0 | T11: 0 | U11: 0 | V11: 0 | X11: 6 | Y11: =B11-B10 -> 25 | Z11: =C11-C10 -> 0 | AA11: =D11-D10 -> 0 | AB11: =E11-E10 -> 0 | AC11: =F11-F10 -> 0 | AD11: =G11-G10 -> 0 | AF11: =I11-I10 -> 7 | AG11: =J11-J10 -> 2 | AH11: =K11-K10 -> 0 | AI11: =L11-L10 -> 0 | AK11: =N11-N10 -> 49 | AL11: =O11-O10 -> 0 | AM11: =P11-P10 -> 0 | AN11: =Q11-Q10 -> 0
A12: 7 | B12: 3557 | C12: 0 | D12: 0 | I12: 25423 | J12: 2776 | N12: 234093 | R12: =Q12-Q11 -> 0 | T12: 0 | U12: 0 | V12: 0 | X12: 7 | Y12: =B12-B11 -> 24 | Z12: =C12-C11 -> 0 | AA12: =D12-D11 -> 0 | AB12: =E12-E11 -> 0 | AC12: =F12-F11 -> 0 | AD12: =G12-G11 -> 0 | AF12: =I12-I11 -> 7 | AG12: =J12-J11 -> 0 | AH12: =K12-K11 -> 0 | AI12: =L12-L11 -> 0 | AK12: =N12-N11 -> 54 | AL12: =O12-O11 -> 0 | AM12: =P12-P11 -> 0 | AN12: =Q12-Q11 -> 0
A13: 8 | B13: 3583 | C13: 0 | D13: 0 | I13: 25431 | J13: 2779 | N13: 234162 | R13: =Q13-Q12 -> 0 | T13: 0 | U13: 0 | V13: 0 | X13: 8 | Y13: =B13-B12 -> 26 | Z13: =C13-C12 -> 0 | AA13: =D13-D12 -> 0 | AB13: =E13-E12 -> 0 | AC13: =F13-F12 -> 0 | AD13: =G13-G12 -> 0 | AF13: =I13-I12 -> 8 | AG13: =J13-J12 -> 3 | AH13: =K13-K12 -> 0 | AI13: =L13-L12 -> 0 | AK13: =N13-N12 -> 69 | AL13: =O13-O12 -> 0 | AM13: =P13-P12 -> 0 | AN13: =Q13-Q12 -> 0
A14: 9 | B14: 3609 | C14: 0 | D14: 0 | I14: 25435 | J14: 2779 | N14: 234254 | R14: =Q14-Q13 -> 0 | T14: 0 | U14: 0 | V14: 0 | X14: 9 | Y14: =B14-B13 -> 26 | Z14: =C14-C13 -> 0 | AA14: =D14-D13 -> 0 | AB14: =E14-E13 -> 0 | AC14: =F14-F13 -> 0 | AD14: =G14-G13 -> 0 | AF14: =I14-I13 -> 4 | AG14: =J14-J13 -> 0 | AH14: =K14-K13 -> 0 | AI14: =L14-L13 -> 0 | AK14: =N14-N13 -> 92 | AL14: =O14-O13 -> 0 | AM14: =P14-P13 -> 0 | AN14: =Q14-Q13 -> 0
A15: 10 | B15: 3634 | C15: 0 | D15: 0 | I15: 25438 | J15: 2779 | N15: 234334 | R15: =Q15-Q14 -> 0 | T15: 0 | U15: 0 | V15: 0 | X15: 10 | Y15: =B15-B14 -> 25 | Z15: =C15-C14 -> 0 | AA15: =D15-D14 -> 0 | AB15: =E15-E14 -> 0 | AC15: =F15-F14 -> 0 | AD15: =G15-G14 -> 0 | AF15: =I15-I14 -> 3 | AG15: =J15-J14 -> 0 | AH15: =K15-K14 -> 0 | AI15: =L15-L14 -> 0 | AK15: =N15-N14 -> 80 | AL15: =O15-O14 -> 0 | AM15: =P15-P14 -> 0 | AN15: =Q15-Q14 -> 0
A16: 11 | B16: 3645 | C16: 0 | D16: 0 | I16: 25440 | J16: 2779 | N16: 234437 | R16: =Q16-Q15 -> 0 | T16: 0 | U16: 0 | V16: 0 | X16: 11 | Y16: =B16-B15 -> 11 | Z16: =C16-C15 -> 0 | AA16: =D16-D15 -> 0 | AB16: =E16-E15 -> 0 | AC16: =F16-F15 -> 0 | AD16: =G16-G15 -> 0 | AF16: =I16-I15 -> 2 | AG16: =J16-J15 -> 0 | AH16: =K16-K15 -> 0 | AI16: =L16-L15 -> 0 | AK16: =N16-N15 -> 103 | AL16: =O16-O15 -> 0 | AM16: =P16-P15 -> 0 | AN16: =Q16-Q15 -> 0
A17: 12 | B17: 3663 | C17: 0 | D17: 0 | I17: 25442 | J17: 2779 | N17: 234562 | R17: =Q17-Q16 -> 0 | T17: 0 | U17: 0 | V17: 0 | X17: 12 | Y17: =B17-B16 -> 18 | Z17: =C17-C16 -> 0 | AA17: =D17-D16 -> 0 | AB17: =E17-E16 -> 0 | AC17: =F17-F16 -> 0 | AD17: =G17-G16 -> 0 | AF17: =I17-I16 -> 2 | AG17: =J17-J16 -> 0 | AH17: =K17-K16 -> 0 | AI17: =L17-L16 -> 0 | AK17: =N17-N16 -> 125 | AL17: =O17-O16 -> 0 | AM17: =P17-P16 -> 0 | AN17: =Q17-Q16 -> 0
A18: 13 | B18: 3689 | C18: 0 | D18: 0 | I18: 25446 | J18: 2779 | N18: 234700 | R18: =Q18-Q17 -> 0 | T18: 0 | U18: 0 | V18: 0 | X18: 13 | Y18: =B18-B17 -> 26 | Z18: =C18-C17 -> 0 | AA18: =D18-D17 -> 0 | AB18: =E18-E17 -> 0 | AC18: =F18-F17 -> 0 | AD18: =G18-G17 -> 0 | AF18: =I18-I17 -> 4 | AG18: =J18-J17 -> 0 | AH18: =K18-K17 -> 0 | AI18: =L18-L17 -> 0 | AK18: =N18-N17 -> 138 | AL18: =O18-O17 -> 0 | AM18: =P18-P17 -> 0 | AN18: =Q18-Q17 -> 0
... A36: 31 | B36: 4184 | C36: 0 | D36: 0 | I36: 25587 | J36: 2800 | N36: 235754 | R36: =Q36-Q35 -> 0 | T36: 0 | U36: 0 | V36: 0 | X36: 31 | Y36: =B36-B35 -> 28 | Z36: =C36-C35 -> 0 | AA36: =D36-D35 -> 0 | AB36: =E36-E35 -> 0 | AC36: =F36-F35 -> 0 | AD36: =G36-G35 -> 0 | AF36: =I36-I35 -> 7 | AG36: =J36-J35 -> 0 | AH36: =K36-K35 -> 0 | AI36: =L36-L35 -> 0 | AK36: =N36-N35 -> -17 | AL36: =O36-O35 -> 0 | AM36: =P36-P35 -> 0 | AN36: =Q36-Q35 -> 0
B37: (5 Digits) | E37: (6 Digits) | F37: (5 Digits) | G37: (5 Digits) | I37: (5 Digits) | J37: (4 Digits) | K37: (4 Digits) | L37: (5 Digits) | N37: (6 Digits) | O37: (6 Digits) | P37: (6 Digits) | Q37: (5 Digits)
A39: LD | B39: =LARGE(B5:B36, 1) -> 4184 | C39: =LARGE(C5:C36, 1) -> #REF! | D39: =LARGE(D5:D36, 1) -> #REF! | E39: =LARGE(E5:E36, 1) -> #REF! | F39: =LARGE(F5:F36, 1) -> #REF! | G39: =LARGE(G5:G36, 1) -> #REF! | I39: =LARGE(I5:I36, 1) -> 25587 | J39: =LARGE(J5:J36, 1) -> 2800 | K39: =LARGE(K5:K36, 1) -> #REF! | L39: =LARGE(L5:L36, 1) -> #REF! | N39: =LARGE(N5:N36, 1) -> 235771 | O39: =LARGE(O5:O36, 1) -> #REF! | P39: =LARGE(P5:P36, 1) -> #REF! | Q39: =LARGE(Q5:Q36, 1) -> #REF! | T39: =LARGE(T5:T36, 1) -> 0 | U39: =LARGE(U5:U36, 1) -> 0 | V39: =LARGE(V5:V36, 1) -> 0 | X39: AVG | Y39: =AVERAGEIF($W$6:$W$36, "x",Y6:Y36) -> 29 | Z39: =AVERAGEIF($W$6:$W$36, "x",Z6:Z36) -> #REF! | AA39: =AVERAGEIF($W$6:$W$36, "x",AA6:AA36) -> #REF! | AB39: =AVERAGEIF($W$6:$W$36, "x",AB6:AB36) -> #REF! | AC39: =AVERAGEIF($W$6:$W$36, "x",AC6:AC36) -> #REF! | AD39: =AVERAGEIF($W$6:$W$36, "x",AD6:AD36) -> #REF! | AF39: =AVERAGEIF($W$6:$W$36, "x",AF6:AF36) -> 6 | AG39: =AVERAGEIF($W$6:$W$36, "x",AG6:AG36) -> 1 | AH39: =AVERAGEIF($W$6:$W$36, "x",AH6:AH36) -> #REF! | AI39: =AVERAGEIF($W$6:$W$36, "x",AI6:AI36) -> #REF! | AK39: =AVERAGEIF($W$6:$W$36, "x",AK6:AK36) -> 73 | AL39: =AVERAGEIF($W$6:$W$36, "x",AL6:AL36) -> #REF! | AM39: =AVERAGEIF($W$6:$W$36, "x",AM6:AM36) -> #REF! | AN39: =AVERAGEIF($W$6:$W$36, "x",AN6:AN36) -> #REF!
B41: Consumption: | X41: PRV AVG
B42: =B39-B5 -> 826 | C42: =C39-C5 -> #REF! | D42: =D39-D5 -> #REF! | E42: =E39-E5 -> #REF! | F42: =F39-F5 -> #REF! | G42: =G39-G5 -> #REF! | I42: =I39-I5 -> 210 | J42: =J39-J5 -> 30 | K42: =K39-K5 -> #REF! | L42: =L39-L5 -> #REF! | N42: =N39-N5 -> 2143 | O42: =O39-O5 -> #REF! | P42: =P39-P5 -> #REF! | Q42: =Q39-Q5 -> #REF! | T42: =T39-T5 -> 0 | U42: =U39-U5 -> 0 | V42: =V39-V5 -> 0 | Y42: 0 | Z42: 0 | AA42: 0 | AB42: 119.875 | AC42: 3.5 | AD42: 21.8125 | AF42: 43.625 | AG42: 0 | AH42: 8.375 | AI42: 1.1875 | AK42: 53.125 | AL42: 69.1875 | AM42: 9.3125 | AN42: 0
X43: 1.5 | Y43: =Y42*$X$43 -> 0 | Z43: =Z42*$X$43 -> 0 | AA43: =AA42*$X$43 -> 0 | AB43: =AB42*$X$43 -> 179.8125 | AC43: =AC42*$X$43 -> 5.25 | AD43: =AD42*$X$43 -> 32.71875 | AF43: =AF42*$X$43 -> 65.4375 | AG43: =AG42*$X$43 -> 0 | AH43: =AH42*$X$43 -> 12.5625 | AI43: =AI42*$X$43 -> 1.78125 | AK43: =AK42*$X$43 -> 79.6875 | AL43: =AL42*$X$43 -> 103.78125 | AM43: =AM42*$X$43 -> 13.96875 | AN43: =AN42*$X$43 -> 0
R44: AVG | X44: 0.5 | Y44: =Y42*$X$44 -> 0 | Z44: =Z42*$X$44 -> 0 | AA44: =AA42*$X$44 -> 0 | AB44: =AB42*$X$44 -> 59.9375 | AC44: =AC42*$X$44 -> 1.75 | AD44: =AD42*$X$44 -> 10.90625 | AF44: =AF42*$X$44 -> 21.8125 | AG44: =AG42*$X$44 -> 0 | AH44: =AH42*$X$44 -> 4.1875 | AI44: =AI42*$X$44 -> 0.59375 | AK44: =AK42*$X$44 -> 26.5625 | AL44: =AL42*$X$44 -> 34.59375 | AM44: 0 | AN44: 0
R45: =AVERAGE(R6:R36) -> #REF!
Y46: Note 1 | Z46: Normal formating for cells where the daily average consumption is within range from the previous month's average range noted above.
Y47: Note 2 | Z47: Indicates the daily average for that day is outside the average range for that meter, based on the previous month's averages. Not necessarily a problem, just something to keeep an eye on.
X48: ! | Y48: Note 3 | Z48: This RED FLAG should be brought to Management for further review as to why it is more than twice the monthly average. Still can be explained, depending on the meter, but warrants immediate review to minimize impact to utilities and/or billing.
Y49: Note 4 | Z49: This is the same calculation as the RED FLAG, but is a known non-issue (example: Emergency Generator run once a week, plus bi-monthly inspections)
X50: ! | Y50: Note 5 | Z50: THIS IS AN ISSUE. METERS DO NOT RUN BACKWARDS, THUS NO NEGATIVE READINGS ALLOWED. Check for a simple typo or transposed number in the reading and/or verify the meter reading logged is correct by physically checking meter again.
R51: =AVERAGE(R6:R36) -> #REF!

Sheet Feb 21
B1: City Water | D1: Cooling Towers | G1: Natural Gas | J1: Georgia Power | O1: City Water | V1: Cooling Towers | AA1: Natural Gas
B2: Sidewalk Meter | D2: Hotel Chillers | G2: Gas Room at P1 | J2: Electrical Vault at P1 | O2: Sidewalk Meter | V2: Hotel Chillers | X2: Apartment Loop | AA2: Gas Room at P1 | AD2: MEZ
A3: Date | B3: Bldg Main Meter #1 (CCF) | D3: Make Up Gall * 100 | E3: Blow Down | G3: Corrected CCF *10 | J3: KWH (*4800) | K3: KW | L3: KQH | N3: Date | O3: Bldg Main Meter #1 (CCF) | P3: Meter #2 (CCF) | Q3: Fire Main Meter #3 (CCF) | R3: Pump Rm. Gall * 100 | S3: Offices at Level 20 Gall * 100 | T3: Offices at Level 30 Gall * 100 | V3: Make Up Gall * 100 | W3: Blow Down | X3: Make Up Gall * 100 | Y3: Blow Down | AA3: Corrected CCF *10 | AB3: Not Corrected | AC3: Engine | AD3: Tower Htg CCF *10
A5: LR | B5: =Dec!B39 -> 3358 | D5: =Dec!D39 -> 25377 | E5: =Dec!E39 -> 2770 | G5: =Dec!G39 -> 233628 | J5: 0 | K5: 0 | L5: 0
A6: 1 | B6: 4184 | D6: 25610 | E6: 2806 | G6: 235810 | H6: =#REF!-#REF! -> #REF! | J6: 0 | K6: 0 | L6: 0 | M6: x | N6: 1 | O6: =B6-B5 -> 826 | P6: =#REF!-#REF! -> #REF! | Q6: =#REF!-#REF! -> #REF! | R6: =#REF!-#REF! -> #REF! | S6: =#REF!-#REF! -> #REF! | T6: =#REF!-#REF! -> #REF! | V6: =D6-D5 -> 233 | W6: =E6-E5 -> 36 | X6: =#REF!-#REF! -> #REF! | Y6: =#REF!-#REF! -> #REF! | AA6: =G6-G5 -> 2182 | AB6: =#REF!-#REF! -> #REF! | AC6: =#REF!-#REF! -> #REF! | AD6: =#REF!-#REF! -> #REF!
A7: 2 | B7: 4239 | D7: 25608 | E7: 2807 | G7: 235873 | H7: =#REF!-#REF! -> #REF! | J7: 0 | K7: 0 | L7: 0 | N7: 2 | O7: =B7-B6 -> 55 | P7: =#REF!-#REF! -> #REF! | Q7: =#REF!-#REF! -> #REF! | R7: =#REF!-#REF! -> #REF! | S7: =#REF!-#REF! -> #REF! | T7: =#REF!-#REF! -> #REF! | V7: =D7-D6 -> -2 | W7: =E7-E6 -> 1 | X7: =#REF!-#REF! -> #REF! | Y7: =#REF!-#REF! -> #REF! | AA7: =G7-G6 -> 63 | AB7: =#REF!-#REF! -> #REF! | AC7: =#REF!-#REF! -> #REF! | AD7: =#REF!-#REF! -> #REF!
A8: 3 | B8: 4264 | D8: 25616 | E8: 2808 | G8: 235933 | H8: =#REF!-#REF! -> #REF! | J8: 0 | K8: 0 | L8: 0 | N8: 3 | O8: =B8-B7 -> 25 | P8: =#REF!-#REF! -> #REF! | Q8: =#REF!-#REF! -> #REF! | R8: =#REF!-#REF! -> #REF! | S8: =#REF!-#REF! -> #REF! | T8: =#REF!-#REF! -> #REF! | V8: =D8-D7 -> 8 | W8: =E8-E7 -> 1 | X8: =#REF!-#REF! -> #REF! | Y8: =#REF!-#REF! -> #REF! | AA8: =G8-G7 -> 60 | AB8: =#REF!-#REF! -> #REF! | AC8: =#REF!-#REF! -> #REF! | AD8: =#REF!-#REF! -> #REF!
A9: 4 | B9: 4303 | D9: 25623 | E9: 2809 | G9: 235984 | H9: =#REF!-#REF! -> #REF! | J9: 0 | K9: 0 | L9: 0 | N9: 4 | O9: =B9-B8 -> 39 | P9: =#REF!-#REF! -> #REF! | Q9: =#REF!-#REF! -> #REF! | R9: =#REF!-#REF! -> #REF! | S9: =#REF!-#REF! -> #REF! | T9: =#REF!-#REF! -> #REF! | V9: =D9-D8 -> 7 | W9: =E9-E8 -> 1 | X9: =#REF!-#REF! -> #REF! | Y9: =#REF!-#REF! -> #REF! | AA9: =G9-G8 -> 51 | AB9: =#REF!-#REF! -> #REF! | AC9: =#REF!-#REF! -> #REF! | AD9: =#REF!-#REF! -> #REF!
A10: 5 | B10: 4343 | D10: 25633 | E10: 2812 | G10: 236027 | H10: =#REF!-#REF! -> #REF! | J10: 0 | K10: 0 | L10: 0 | N10: 5 | O10: =B10-B9 -> 40 | P10: =#REF!-#REF! -> #REF! | Q10: =#REF!-#REF! -> #REF! | R10: =#REF!-#REF! -> #REF! | S10: =#REF!-#REF! -> #REF! | T10: =#REF!-#REF! -> #REF! | V10: =D10-D9 -> 10 | W10: =E10-E9 -> 3 | X10: =#REF!-#REF! -> #REF! | Y10: =#REF!-#REF! -> #REF! | AA10: =G10-G9 -> 43 | AB10: =#REF!-#REF! -> #REF! | AC10: =#REF!-#REF! -> #REF! | AD10: =#REF!-#REF! -> #REF!
A11: 6 | B11: 4366 | D11: 25637 | E11: 2812 | G11: 236110 | H11: =#REF!-#REF! -> #REF! | J11: 0 | K11: 0 | L11: 0 | N11: 6 | O11: =B11-B10 -> 23 | P11: =#REF!-#REF! -> #REF! | Q11: =#REF!-#REF! -> #REF! | R11: =#REF!-#REF! -> #REF! | S11: =#REF!-#REF! -> #REF! | T11: =#REF!-#REF! -> #REF! | V11: =D11-D10 -> 4 | W11: =E11-E10 -> 0 | X11: =#REF!-#REF! -> #REF! | Y11: =#REF!-#REF! -> #REF! | AA11: =G12-G10 -> 143 | AB11: =#REF!-#REF! -> #REF! | AC11: =#REF!-#REF! -> #REF! | AD11: =#REF!-#REF! -> #REF!
A12: 7 | B12: 4391 | D12: 25641 | E12: 2813 | G12: 236170 | H12: =#REF!-#REF! -> #REF! | J12: 0 | K12: 0 | L12: 0 | N12: 7 | O12: =B12-B11 -> 25 | P12: =#REF!-#REF! -> #REF! | Q12: =#REF!-#REF! -> #REF! | R12: =#REF!-#REF! -> #REF! | S12: =#REF!-#REF! -> #REF! | T12: =#REF!-#REF! -> #REF! | V12: =D12-D11 -> 4 | W12: =E12-E11 -> 1 | X12: =#REF!-#REF! -> #REF! | Y12: =#REF!-#REF! -> #REF! | AA12: =G13-G12 -> 71 | AB12: =#REF!-#REF! -> #REF! | AC12: =#REF!-#REF! -> #REF! | AD12: =#REF!-#REF! -> #REF!
A13: 8 | B13: 4414 | D13: 25649 | E13: 2844 | G13: 236241 | H13: =#REF!-#REF! -> #REF! | J13: 0 | K13: 0 | L13: 0 | N13: 8 | O13: =B13-B12 -> 23 | P13: =#REF!-#REF! -> #REF! | Q13: =#REF!-#REF! -> #REF! | R13: =#REF!-#REF! -> #REF! | S13: =#REF!-#REF! -> #REF! | T13: =#REF!-#REF! -> #REF! | V13: =D13-D12 -> 8 | W13: =E13-E12 -> 31 | X13: =#REF!-#REF! -> #REF! | Y13: =#REF!-#REF! -> #REF! | AA13: =G14-G13 -> 44 | AB13: =#REF!-#REF! -> #REF! | AC13: =#REF!-#REF! -> #REF! | AD13: =#REF!-#REF! -> #REF!
A14: 9 | B14: 4438 | D14: 25655 | E14: 2844 | G14: 236285 | H14: =#REF!-#REF! -> #REF! | J14: 0 | K14: 0 | L14: 0 | N14: 9 | O14: =B14-B13 -> 24 | P14: =#REF!-#REF! -> #REF! | Q14: =#REF!-#REF! -> #REF! | R14: =#REF!-#REF! -> #REF! | S14: =#REF!-#REF! -> #REF! | T14: =#REF!-#REF! -> #REF! | V14: =D14-D13 -> 6 | W14: =E14-E13 -> 0 | X14: =#REF!-#REF! -> #REF! | Y14: =#REF!-#REF! -> #REF! | AA14: =G15-G14 -> 45 | AB14: =#REF!-#REF! -> #REF! | AC14: =#REF!-#REF! -> #REF! | AD14: =#REF!-#REF! -> #REF!
A15: 10 | B15: 4468 | D15: 25662 | E15: 2814 | G15: 236330 | H15: =#REF!-#REF! -> #REF! | J15: 0 | K15: 0 | L15: 0 | N15: 10 | O15: =B15-B14 -> 30 | P15: =#REF!-#REF! -> #REF! | Q15: =#REF!-#REF! -> #REF! | R15: =#REF!-#REF! -> #REF! | S15: =#REF!-#REF! -> #REF! | T15: =#REF!-#REF! -> #REF! | V15: =D15-D14 -> 7 | W15: =E15-E14 -> -30 | X15: =#REF!-#REF! -> #REF! | Y15: =#REF!-#REF! -> #REF! | AA15: =G16-G15 -> 69 | AB15: =#REF!-#REF! -> #REF! | AC15: =#REF!-#REF! -> #REF! | AD15: =#REF!-#REF! -> #REF!
A16: 11 | B16: 4509 | D16: 25667 | E16: 2814 | G16: 236399 | H16: =#REF!-#REF! -> #REF! | J16: 0 | K16: 0 | L16: 0 | N16: 11 | O16: =B16-B15 -> 41 | P16: =#REF!-#REF! -> #REF! | Q16: =#REF!-#REF! -> #REF! | R16: =#REF!-#REF! -> #REF! | S16: =#REF!-#REF! -> #REF! | T16: =#REF!-#REF! -> #REF! | V16: =D16-D15 -> 5 | W16: =E16-E15 -> 0 | X16: =#REF!-#REF! -> #REF! | Y16: =#REF!-#REF! -> #REF! | AA16: =G17-G16 -> 132 | AB16: =#REF!-#REF! -> #REF! | AC16: =#REF!-#REF! -> #REF! | AD16: =#REF!-#REF! -> #REF!
A17: 12 | B17: 4544 | D17: 25669 | E17: 2814 | G17: 236531 | H17: =#REF!-#REF! -> #REF! | J17: 0 | K17: 0 | L17: 0 | N17: 12 | O17: =B17-B16 -> 35 | P17: =#REF!-#REF! -> #REF! | Q17: =#REF!-#REF! -> #REF! | R17: =#REF!-#REF! -> #REF! | S17: =#REF!-#REF! -> #REF! | T17: =#REF!-#REF! -> #REF! | V17: =D17-D16 -> 2 | W17: =E17-E16 -> 0 | X17: =#REF!-#REF! -> #REF! | Y17: =#REF!-#REF! -> #REF! | AA17: =G18-G17 -> 150 | AB17: =#REF!-#REF! -> #REF! | AC17: =#REF!-#REF! -> #REF! | AD17: =#REF!-#REF! -> #REF!
A18: 13 | B18: 4567 | D18: 25674 | E18: 2814 | G18: 236681 | H18: =#REF!-#REF! -> #REF! | J18: 0 | K18: 0 | L18: 0 | N18: 13 | O18: =B18-B17 -> 23 | P18: =#REF!-#REF! -> #REF! | Q18: =#REF!-#REF! -> #REF! | R18: =#REF!-#REF! -> #REF! | S18: =#REF!-#REF! -> #REF! | T18: =#REF!-#REF! -> #REF! | V18: =D18-D17 -> 5 | W18: =E18-E17 -> 0 | X18: =#REF!-#REF! -> #REF! | Y18: =#REF!-#REF! -> #REF! | AA18: =G19-G18 -> 140 | AB18: =#REF!-#REF! -> #REF! | AC18: =#REF!-#REF! -> #REF! | AD18: =#REF!-#REF! -> #REF!
A19: 14 | B19: 4591 | D19: 25679 | E19: 2814 | G19: 236821 | H19: =#REF!-#REF! -> #REF! | J19: 0 | K19: 0 | L19: 0 | N19: 14 | O19: =B19-B18 -> 24 | P19: =#REF!-#REF! -> #REF! | Q19: =#REF!-#REF! -> #REF! | R19: =#REF!-#REF! -> #REF! | S19: =#REF!-#REF! -> #REF! | T19: =#REF!-#REF! -> #REF! | V19: =D19-D18 -> 5 | W19: =E19-E18 -> 0 | X19: =#REF!-#REF! -> #REF! | Y19: =#REF!-#REF! -> #REF! | AA19: =G20-G19 -> 77 | AB19: =#REF!-#REF! -> #REF! | AC19: =#REF!-#REF! -> #REF! | AD19: =#REF!-#REF! -> #REF!
A20: 15 | B20: 4614 | D20: 25679 | E20: 2814 | G20: 236898 | H20: =#REF!-#REF! -> #REF! | J20: 0 | K20: 0 | L20: 0 | N20: 15 | O20: =B20-B19 -> 23 | P20: =#REF!-#REF! -> #REF! | Q20: =#REF!-#REF! -> #REF! | R20: =#REF!-#REF! -> #REF! | S20: =#REF!-#REF! -> #REF! | T20: =#REF!-#REF! -> #REF! | V20: =D20-D19 -> 0 | W20: =E20-E19 -> 0 | X20: =#REF!-#REF! -> #REF! | Y20: =#REF!-#REF! -> #REF! | AA20: =G21-G20 -> 244 | AB20: =#REF!-#REF! -> #REF! | AC20: =#REF!-#REF! -> #REF! | AD20: =#REF!-#REF! -> #REF!
A21: 16 | B21: 4651 | D21: 25684 | E21: 2814 | G21: 237142 | H21: =#REF!-#REF! -> #REF! | J21: 0 | K21: 0 | L21: 0 | N21: 16 | O21: =B21-B20 -> 37 | P21: =#REF!-#REF! -> #REF! | Q21: =#REF!-#REF! -> #REF! | R21: =#REF!-#REF! -> #REF! | S21: =#REF!-#REF! -> #REF! | T21: =#REF!-#REF! -> #REF! | V21: =D21-D20 -> 5 | W21: =E21-E20 -> 0 | X21: =#REF!-#REF! -> #REF! | Y21: =#REF!-#REF! -> #REF! | AA21: =G22-G21 -> 146 | AB21: =#REF!-#REF! -> #REF! | AC21: =#REF!-#REF! -> #REF! | AD21: =#REF!-#REF! -> #REF!
A22: 17 | B22: 4697 | D22: 25689 | E22: 2844 | G22: 237288 | H22: =#REF!-#REF! -> #REF! | J22: 0 | K22: 0 | L22: 0 | N22: 17 | O22: =B22-B21 -> 46 | P22: =#REF!-#REF! -> #REF! | Q22: =#REF!-#REF! -> #REF! | R22: =#REF!-#REF! -> #REF! | S22: =#REF!-#REF! -> #REF! | T22: =#REF!-#REF! -> #REF! | V22: =D22-D21 -> 5 | W22: =E22-E21 -> 30 | X22: =#REF!-#REF! -> #REF! | Y22: =#REF!-#REF! -> #REF! | AA22: =G23-G22 -> 165 | AB22: =#REF!-#REF! -> #REF! | AC22: =#REF!-#REF! -> #REF! | AD22: =#REF!-#REF! -> #REF!
A23: 18 | B23: 4745 | D23: 25693 | E23: 2854 | G23: 237453 | H23: =#REF!-#REF! -> #REF! | J23: 0 | K23: 0 | L23: 0 | N23: 18 | O23: =B23-B22 -> 48 | P23: =#REF!-#REF! -> #REF! | Q23: =#REF!-#REF! -> #REF! | R23: =#REF!-#REF! -> #REF! | S23: =#REF!-#REF! -> #REF! | T23: =#REF!-#REF! -> #REF! | V23: =D23-D22 -> 4 | W23: =E23-E22 -> 10 | X23: =#REF!-#REF! -> #REF! | Y23: =#REF!-#REF! -> #REF! | AA23: =G24-G23 -> 140 | AB23: =#REF!-#REF! -> #REF! | AC23: =#REF!-#REF! -> #REF! | AD23: =#REF!-#REF! -> #REF!
... A32: 27 | B32: 5059 | D32: 25753 | E32: 2814 | G32: 238080 | H32: =#REF!-#REF! -> #REF! | J32: 0 | K32: 0 | L32: 0 | N32: 27 | O32: =B32-B31 -> 35 | P32: =#REF!-#REF! -> #REF! | Q32: =#REF!-#REF! -> #REF! | R32: =#REF!-#REF! -> #REF! | S32: =#REF!-#REF! -> #REF! | T32: =#REF!-#REF! -> #REF! | V32: =D32-D31 -> 10 | W32: =E32-E31 -> 0 | X32: =#REF!-#REF! -> #REF! | Y32: =#REF!-#REF! -> #REF! | AA32: =G33-G32 -> 40 | AB32: =#REF!-#REF! -> #REF! | AC32: =#REF!-#REF! -> #REF! | AD32: =#REF!-#REF! -> #REF!
A33: 28 | B33: 5085 | D33: 25762 | E33: 2814 | G33: 238120 | H33: =#REF!-#REF! -> #REF! | J33: 0 | K33: 0 | L33: 0 | N33: 28 | O33: =B33-B32 -> 26 | P33: =#REF!-#REF! -> #REF! | Q33: =#REF!-#REF! -> #REF! | R33: =#REF!-#REF! -> #REF! | S33: =#REF!-#REF! -> #REF! | T33: =#REF!-#REF! -> #REF! | V33: =D33-D32 -> 9 | W33: =E33-E32 -> 0 | X33: =#REF!-#REF! -> #REF! | Y33: =#REF!-#REF! -> #REF! | AA33: =#REF!-G33 -> #REF! | AB33: =#REF!-#REF! -> #REF! | AC33: =#REF!-#REF! -> #REF! | AD33: =#REF!-#REF! -> #REF!
B34: (5 Digits) | D34: (5 Digits) | E34: (4 Digits) | G34: (6 Digits)
A36: LD | B36: =LARGE(B5:B33, 1) -> 5085 | D36: =LARGE(D5:D33, 1) -> 25762 | E36: =LARGE(E5:E33, 1) -> 2854 | G36: =LARGE(G5:G33, 1) -> 238120 | J36: =LARGE(J5:J33, 1) -> 0 | K36: =LARGE(K5:K33, 1) -> 0 | L36: =LARGE(L5:L33, 1) -> 0 | N36: AVG | O36: =AVERAGEIF($M$6:$M$33, "x",O6:O33) -> 826 | P36: =AVERAGEIF($M$6:$M$33, "x",P6:P33) -> #REF! | Q36: =AVERAGEIF($M$6:$M$33, "x",Q6:Q33) -> #REF! | R36: =AVERAGEIF($M$6:$M$33, "x",R6:R33) -> #REF! | S36: =AVERAGEIF($M$6:$M$33, "x",S6:S33) -> #REF! | T36: =AVERAGEIF($M$6:$M$33, "x",T6:T33) -> #REF! | V36: =AVERAGEIF($M$6:$M$33, "x",V6:V33) -> 233 | W36: =AVERAGEIF($M$6:$M$33, "x",W6:W33) -> 36 | X36: =AVERAGEIF($M$6:$M$33, "x",X6:X33) -> #REF! | Y36: =AVERAGEIF($M$6:$M$33, "x",Y6:Y33) -> #REF! | AA36: =AVERAGEIF($M$6:$M$33, "x",AA6:AA33) -> 2182 | AB36: =AVERAGEIF($M$6:$M$33, "x",AB6:AB33) -> #REF! | AC36: =AVERAGEIF($M$6:$M$33, "x",AC6:AC33) -> #REF! | AD36: =AVERAGEIF($M$6:$M$33, "x",AD6:AD33) -> #REF!
B38: Consumption: | N38: PRV AVG
B39: =B36-B5 -> 1727 | D39: =D36-D5 -> 385 | E39: =E36-E5 -> 84 | G39: =G36-G5 -> 4492 | J39: =J36-J5 -> 0 | K39: =K36-K5 -> 0 | L39: =L36-L5 -> 0 | O39: 0 | P39: 0 | Q39: 0 | R39: 119.875 | S39: 3.5 | T39: 21.8125 | V39: 43.625 | W39: 0 | X39: 8.375 | Y39: 1.1875 | AA39: 53.125 | AB39: 69.1875 | AC39: 9.3125 | AD39: 0
N40: 1.5 | O40: =O39*$N$40 -> 0 | P40: =P39*$N$40 -> 0 | Q40: =Q39*$N$40 -> 0 | R40: =R39*$N$40 -> 179.8125 | S40: =S39*$N$40 -> 5.25 | T40: =T39*$N$40 -> 32.71875 | V40: =V39*$N$40 -> 65.4375 | W40: =W39*$N$40 -> 0 | X40: =X39*$N$40 -> 12.5625 | Y40: =Y39*$N$40 -> 1.78125 | AA40: =AA39*$N$40 -> 79.6875 | AB40: =AB39*$N$40 -> 103.78125 | AC40: =AC39*$N$40 -> 13.96875 | AD40: =AD39*$N$40 -> 0
H41: AVG | N41: 0.5 | O41: =O39*$N$41 -> 0 | P41: =P39*$N$41 -> 0 | Q41: =Q39*$N$41 -> 0 | R41: =R39*$N$41 -> 59.9375 | S41: =S39*$N$41 -> 1.75 | T41: =T39*$N$41 -> 10.90625 | V41: =V39*$N$41 -> 21.8125 | W41: =W39*$N$41 -> 0 | X41: =X39*$N$41 -> 4.1875 | Y41: =Y39*$N$41 -> 0.59375 | AA41: =AA39*$N$41 -> 26.5625 | AB41: =AB39*$N$41 -> 34.59375 | AC41: 0 | AD41: 0
H42: =AVERAGE(H6:H33) -> #REF!
O43: Note 1 | P43: Normal formating for cells where the daily average consumption is within range from the previous month's average range noted above.
O44: Note 2 | P44: Indicates the daily average for that day is outside the average range for that meter, based on the previous month's averages. Not necessarily a problem, just something to keeep an eye on.
N45: ! | O45: Note 3 | P45: This RED FLAG should be brought to Management for further review as to why it is more than twice the monthly average. Still can be explained, depending on the meter, but warrants immediate review to minimize impact to utilities and/or billing.
O46: Note 4 | P46: This is the same calculation as the RED FLAG, but is a known non-issue (example: Emergency Generator run once a week, plus bi-monthly inspections)
N47: ! | O47: Note 5 | P47: THIS IS AN ISSUE. METERS DO NOT RUN BACKWARDS, THUS NO NEGATIVE READINGS ALLOWED. Check for a simple typo or transposed number in the reading and/or verify the meter reading logged is correct by physically checking meter again.
H48: =AVERAGE(H6:H33) -> #REF!

Sheet March21
B1: City Water | D1: Cooling Towers | G1: Natural Gas | J1: Georgia Power | O1: City Water | V1: Cooling Towers | AA1: Natural Gas
B2: Sidewalk Meter | D2: Hotel Chillers | G2: Gas Room at P1 | J2: Electrical Vault at P1 | O2: Sidewalk Meter | V2: Hotel Chillers | X2: Apartment Loop | AA2: Gas Room at P1 | AD2: MEZ
A3: Date | B3: Bldg Main Meter #1 (CCF) | D3: Make Up Gall * 100 | E3: Blow Down | G3: Corrected CCF *10 | J3: KWH (*4800) | K3: KW | L3: KQH | N3: Date | O3: Bldg Main Meter #1 (CCF) | P3: Meter #2 (CCF) | Q3: Fire Main Meter #3 (CCF) | R3: Pump Rm. Gall * 100 | S3: Offices at Level 20 Gall * 100 | T3: Offices at Level 30 Gall * 100 | V3: Make Up Gall * 100 | W3: Blow Down | X3: Make Up Gall * 100 | Y3: Blow Down | AA3: Corrected CCF *10 | AB3: Not Corrected | AC3: Engine | AD3: Tower Htg CCF *10
A5: LR | B5: =Dec!B39 -> 3358 | D5: =Dec!D39 -> 25377 | E5: =Dec!E39 -> 2770 | G5: =Dec!G39 -> 233628 | J5: 0 | K5: 0 | L5: 0
A6: 1 | B6: 5120 | D6: 25774 | E6: 2844 | G6: 238131 | H6: =#REF!-#REF! -> #REF! | J6: 0 | K6: 0 | L6: 0 | M6: x | N6: 1 | O6: =B6-B5 -> 1762 | P6: =#REF!-#REF! -> #REF! | Q6: =#REF!-#REF! -> #REF! | R6: =#REF!-#REF! -> #REF! | S6: =#REF!-#REF! -> #REF! | T6: =#REF!-#REF! -> #REF! | V6: =D6-D5 -> 397 | W6: =E6-E5 -> 74 | X6: =#REF!-#REF! -> #REF! | Y6: =#REF!-#REF! -> #REF! | AA6: =G6-G5 -> 4503 | AB6: =#REF!-#REF! -> #REF! | AC6: =#REF!-#REF! -> #REF! | AD6: =#REF!-#REF! -> #REF!
A7: 2 | B7: 5152 | D7: 25786 | E7: 2818 | G7: 238205 | H7: =#REF!-#REF! -> #REF! | J7: 0 | K7: 0 | L7: 0 | N7: 2 | O7: =B7-B6 -> 32 | P7: =#REF!-#REF! -> #REF! | Q7: =#REF!-#REF! -> #REF! | R7: =#REF!-#REF! -> #REF! | S7: =#REF!-#REF! -> #REF! | T7: =#REF!-#REF! -> #REF! | V7: =D7-D6 -> 12 | W7: =E7-E6 -> -26 | X7: =#REF!-#REF! -> #REF! | Y7: =#REF!-#REF! -> #REF! | AA7: =G7-G6 -> 74 | AB7: =#REF!-#REF! -> #REF! | AC7: =#REF!-#REF! -> #REF! | AD7: =#REF!-#REF! -> #REF!
A8: 3 | B8: 5183 | D8: 25795 | E8: 2822 | G8: 238261 | H8: =#REF!-#REF! -> #REF! | J8: 0 | K8: 0 | L8: 0 | N8: 3 | O8: =B8-B7 -> 31 | P8: =#REF!-#REF! -> #REF! | Q8: =#REF!-#REF! -> #REF! | R8: =#REF!-#REF! -> #REF! | S8: =#REF!-#REF! -> #REF! | T8: =#REF!-#REF! -> #REF! | V8: =D8-D7 -> 9 | W8: =E8-E7 -> 4 | X8: =#REF!-#REF! -> #REF! | Y8: =#REF!-#REF! -> #REF! | AA8: =G8-G7 -> 56 | AB8: =#REF!-#REF! -> #REF! | AC8: =#REF!-#REF! -> #REF! | AD8: =#REF!-#REF! -> #REF!
A9: 4 | B9: 5212 | D9: 25803 | E9: 2824 | G9: 238316 | H9: =#REF!-#REF! -> #REF! | J9: 0 | K9: 0 | L9: 0 | N9: 4 | O9: =B9-B8 -> 29 | P9: =#REF!-#REF! -> #REF! | Q9: =#REF!-#REF! -> #REF! | R9: =#REF!-#REF! -> #REF! | S9: =#REF!-#REF! -> #REF! | T9: =#REF!-#REF! -> #REF! | V9: =D9-D8 -> 8 | W9: =E9-E8 -> 2 | X9: =#REF!-#REF! -> #REF! | Y9: =#REF!-#REF! -> #REF! | AA9: =G9-G8 -> 55 | AB9: =#REF!-#REF! -> #REF! | AC9: =#REF!-#REF! -> #REF! | AD9: =#REF!-#REF! -> #REF!
A10: 5 | B10: 5241 | D10: 25811 | E10: 2824 | G10: 238364 | H10: =#REF!-#REF! -> #REF! | J10: 0 | K10: 0 | L10: 0 | N10: 5 | O10: =B10-B9 -> 29 | P10: =#REF!-#REF! -> #REF! | Q10: =#REF!-#REF! -> #REF! | R10: =#REF!-#REF! -> #REF! | S10: =#REF!-#REF! -> #REF! | T10: =#REF!-#REF! -> #REF! | V10: =D10-D9 -> 8 | W10: =E10-E9 -> 0 | X10: =#REF!-#REF! -> #REF! | Y10: =#REF!-#REF! -> #REF! | AA10: =G10-G9 -> 48 | AB10: =#REF!-#REF! -> #REF! | AC10: =#REF!-#REF! -> #REF! | AD10: =#REF!-#REF! -> #REF!
A11: 6 | B11: 5268 | D11: 25820 | E11: 2827 | G11: 238409 | H11: =#REF!-#REF! -> #REF! | J11: 0 | K11: 0 | L11: 0 | N11: 6 | O11: =B11-B10 -> 27 | P11: =#REF!-#REF! -> #REF! | Q11: =#REF!-#REF! -> #REF! | R11: =#REF!-#REF! -> #REF! | S11: =#REF!-#REF! -> #REF! | T11: =#REF!-#REF! -> #REF! | V11: =D11-D10 -> 9 | W11: =E11-E10 -> 3 | X11: =#REF!-#REF! -> #REF! | Y11: =#REF!-#REF! -> #REF! | AA11: =G12-G10 -> 96 | AB11: =#REF!-#REF! -> #REF! | AC11: =#REF!-#REF! -> #REF! | AD11: =#REF!-#REF! -> #REF!
A12: 7 | B12: 5233 | D12: 25829 | E12: 2829 | G12: 238460 | H12: =#REF!-#REF! -> #REF! | J12: 0 | K12: 0 | L12: 0 | N12: 7 | O12: =B12-B11 -> -35 | P12: =#REF!-#REF! -> #REF! | Q12: =#REF!-#REF! -> #REF! | R12: =#REF!-#REF! -> #REF! | S12: =#REF!-#REF! -> #REF! | T12: =#REF!-#REF! -> #REF! | V12: =D12-D11 -> 9 | W12: =E12-E11 -> 2 | X12: =#REF!-#REF! -> #REF! | Y12: =#REF!-#REF! -> #REF! | AA12: =G13-G12 -> 53 | AB12: =#REF!-#REF! -> #REF! | AC12: =#REF!-#REF! -> #REF! | AD12: =#REF!-#REF! -> #REF!
A13: 8 | B13: 5326 | D13: 25838 | E13: 2830 | G13: 238513 | H13: =#REF!-#REF! -> #REF! | J13: 0 | K13: 0 | L13: 0 | N13: 8 | O13: =B13-B12 -> 93 | P13: =#REF!-#REF! -> #REF! | Q13: =#REF!-#REF! -> #REF! | R13: =#REF!-#REF! -> #REF! | S13: =#REF!-#REF! -> #REF! | T13: =#REF!-#REF! -> #REF! | V13: =D13-D12 -> 9 | W13: =E13-E12 -> 1 | X13: =#REF!-#REF! -> #REF! | Y13: =#REF!-#REF! -> #REF! | AA13: =G14-G13 -> 119 | AB13: =#REF!-#REF! -> #REF! | AC13: =#REF!-#REF! -> #REF! | AD13: =#REF!-#REF! -> #REF!
A14: 9 | B14: 5368 | D14: 25863 | E14: 2830 | G14: 238632 | H14: =#REF!-#REF! -> #REF! | J14: 0 | K14: 0 | L14: 0 | N14: 9 | O14: =B14-B13 -> 42 | P14: =#REF!-#REF! -> #REF! | Q14: =#REF!-#REF! -> #REF! | R14: =#REF!-#REF! -> #REF! | S14: =#REF!-#REF! -> #REF! | T14: =#REF!-#REF! -> #REF! | V14: =D14-D13 -> 25 | W14: =E14-E13 -> 0 | X14: =#REF!-#REF! -> #REF! | Y14: =#REF!-#REF! -> #REF! | AA14: =G15-G14 -> -37 | AB14: =#REF!-#REF! -> #REF! | AC14: =#REF!-#REF! -> #REF! | AD14: =#REF!-#REF! -> #REF!
A15: 10 | B15: 5395 | D15: 25871 | E15: 2830 | G15: 238595 | H15: =#REF!-#REF! -> #REF! | J15: 0 | K15: 0 | L15: 0 | N15: 10 | O15: =B15-B14 -> 27 | P15: =#REF!-#REF! -> #REF! | Q15: =#REF!-#REF! -> #REF! | R15: =#REF!-#REF! -> #REF! | S15: =#REF!-#REF! -> #REF! | T15: =#REF!-#REF! -> #REF! | V15: =D15-D14 -> 8 | W15: =E15-E14 -> 0 | X15: =#REF!-#REF! -> #REF! | Y15: =#REF!-#REF! -> #REF! | AA15: =G16-G15 -> 48 | AB15: =#REF!-#REF! -> #REF! | AC15: =#REF!-#REF! -> #REF! | AD15: =#REF!-#REF! -> #REF!
A16: 11 | B16: 5424 | D16: 25880 | E16: 2830 | G16: 238643 | H16: =#REF!-#REF! -> #REF! | J16: 0 | K16: 0 | L16: 0 | N16: 11 | O16: =B16-B15 -> 29 | P16: =#REF!-#REF! -> #REF! | Q16: =#REF!-#REF! -> #REF! | R16: =#REF!-#REF! -> #REF! | S16: =#REF!-#REF! -> #REF! | T16: =#REF!-#REF! -> #REF! | V16: =D16-D15 -> 9 | W16: =E16-E15 -> 0 | X16: =#REF!-#REF! -> #REF! | Y16: =#REF!-#REF! -> #REF! | AA16: =G17-G16 -> 35 | AB16: =#REF!-#REF! -> #REF! | AC16: =#REF!-#REF! -> #REF! | AD16: =#REF!-#REF! -> #REF!
A17: 12 | B17: 5458 | D17: 25890 | E17: 2830 | G17: 238678 | H17: =#REF!-#REF! -> #REF! | J17: 0 | K17: 0 | L17: 0 | N17: 12 | O17: =B17-B16 -> 34 | P17: =#REF!-#REF! -> #REF! | Q17: =#REF!-#REF! -> #REF! | R17: =#REF!-#REF! -> #REF! | S17: =#REF!-#REF! -> #REF! | T17: =#REF!-#REF! -> #REF! | V17: =D17-D16 -> 10 | W17: =E17-E16 -> 0 | X17: =#REF!-#REF! -> #REF! | Y17: =#REF!-#REF! -> #REF! | AA17: =G18-G17 -> 39 | AB17: =#REF!-#REF! -> #REF! | AC17: =#REF!-#REF! -> #REF! | AD17: =#REF!-#REF! -> #REF!
A18: 13 | B18: 5492 | D18: 25901 | E18: 2830 | G18: 238717 | H18: =#REF!-#REF! -> #REF! | J18: 0 | K18: 0 | L18: 0 | N18: 13 | O18: =B18-B17 -> 34 | P18: =#REF!-#REF! -> #REF! | Q18: =#REF!-#REF! -> #REF! | R18: =#REF!-#REF! -> #REF! | S18: =#REF!-#REF! -> #REF! | T18: =#REF!-#REF! -> #REF! | V18: =D18-D17 -> 11 | W18: =E18-E17 -> 0 | X18: =#REF!-#REF! -> #REF! | Y18: =#REF!-#REF! -> #REF! | AA18: =G19-G18 -> 40 | AB18: =#REF!-#REF! -> #REF! | AC18: =#REF!-#REF! -> #REF! | AD18: =#REF!-#REF! -> #REF!
A19: 14 | B19: 5525 | D19: 25910 | E19: 2830 | G19: 238757 | H19: =#REF!-#REF! -> #REF! | J19: 0 | K19: 0 | L19: 0 | N19: 14 | O19: =B19-B18 -> 33 | P19: =#REF!-#REF! -> #REF! | Q19: =#REF!-#REF! -> #REF! | R19: =#REF!-#REF! -> #REF! | S19: =#REF!-#REF! -> #REF! | T19: =#REF!-#REF! -> #REF! | V19: =D19-D18 -> 9 | W19: =E19-E18 -> 0 | X19: =#REF!-#REF! -> #REF! | Y19: =#REF!-#REF! -> #REF! | AA19: =G20-G19 -> 48 | AB19: =#REF!-#REF! -> #REF! | AC19: =#REF!-#REF! -> #REF! | AD19: =#REF!-#REF! -> #REF!
A20: 15 | B20: 5562 | D20: 25922 | E20: 2831 | G20: 238805 | H20: =#REF!-#REF! -> #REF! | J20: 0 | K20: 0 | L20: 0 | N20: 15 | O20: =B20-B19 -> 37 | P20: =#REF!-#REF! -> #REF! | Q20: =#REF!-#REF! -> #REF! | R20: =#REF!-#REF! -> #REF! | S20: =#REF!-#REF! -> #REF! | T20: =#REF!-#REF! -> #REF! | V20: =D20-D19 -> 12 | W20: =E20-E19 -> 1 | X20: =#REF!-#REF! -> #REF! | Y20: =#REF!-#REF! -> #REF! | AA20: =G21-G20 -> 38 | AB20: =#REF!-#REF! -> #REF! | AC20: =#REF!-#REF! -> #REF! | AD20: =#REF!-#REF! -> #REF!
A21: 16 | B21: 5596 | D21: 25934 | E21: 2834 | G21: 238843 | H21: =#REF!-#REF! -> #REF! | J21: 0 | K21: 0 | L21: 0 | N21: 16 | O21: =B21-B20 -> 34 | P21: =#REF!-#REF! -> #REF! | Q21: =#REF!-#REF! -> #REF! | R21: =#REF!-#REF! -> #REF! | S21: =#REF!-#REF! -> #REF! | T21: =#REF!-#REF! -> #REF! | V21: =D21-D20 -> 12 | W21: =E21-E20 -> 3 | X21: =#REF!-#REF! -> #REF! | Y21: =#REF!-#REF! -> #REF! | AA21: =G22-G21 -> 35 | AB21: =#REF!-#REF! -> #REF! | AC21: =#REF!-#REF! -> #REF! | AD21: =#REF!-#REF! -> #REF!
A22: 17 | B22: 5627 | D22: 25948 | E22: 2837 | G22: 238878 | H22: =#REF!-#REF! -> #REF! | J22: 0 | K22: 0 | L22: 0 | N22: 17 | O22: =B22-B21 -> 31 | P22: =#REF!-#REF! -> #REF! | Q22: =#REF!-#REF! -> #REF! | R22: =#REF!-#REF! -> #REF! | S22: =#REF!-#REF! -> #REF! | T22: =#REF!-#REF! -> #REF! | V22: =D22-D21 -> 14 | W22: =E22-E21 -> 3 | X22: =#REF!-#REF! -> #REF! | Y22: =#REF!-#REF! -> #REF! | AA22: =G23-G22 -> 30 | AB22: =#REF!-#REF! -> #REF! | AC22: =#REF!-#REF! -> #REF! | AD22: =#REF!-#REF! -> #REF!
A23: 18 | B23: 5655 | D23: 25952 | E23: 2838 | G23: 238908 | H23: =#REF!-#REF! -> #REF! | J23: 0 | K23: 0 | L23: 0 | N23: 18 | O23: =B23-B22 -> 28 | P23: =#REF!-#REF! -> #REF! | Q23: =#REF!-#REF! -> #REF! | R23: =#REF!-#REF! -> #REF! | S23: =#REF!-#REF! -> #REF! | T23: =#REF!-#REF! -> #REF! | V23: =D23-D22 -> 4 | W23: =E23-E22 -> 1 | X23: =#REF!-#REF! -> #REF! | Y23: =#REF!-#REF! -> #REF! | AA23: =G24-G23 -> 59 | AB23: =#REF!-#REF! -> #REF! | AC23: =#REF!-#REF! -> #REF! | AD23: =#REF!-#REF! -> #REF!
... A32: 27 | B32: 5968 | D32: 26048 | E32: 2854 | G32: 239341 | H32: =#REF!-#REF! -> #REF! | J32: 0 | K32: 0 | L32: 0 | N32: 27 | O32: =B32-B31 -> 36 | P32: =#REF!-#REF! -> #REF! | Q32: =#REF!-#REF! -> #REF! | R32: =#REF!-#REF! -> #REF! | S32: =#REF!-#REF! -> #REF! | T32: =#REF!-#REF! -> #REF! | V32: =D32-D31 -> 9 | W32: =E32-E31 -> 6 | X32: =#REF!-#REF! -> #REF! | Y32: =#REF!-#REF! -> #REF! | AA32: =G33-G32 -> 37 | AB32: =#REF!-#REF! -> #REF! | AC32: =#REF!-#REF! -> #REF! | AD32: =#REF!-#REF! -> #REF!
A33: 28 | B33: 6006 | D33: 26069 | E33: 2858 | G33: 239378 | H33: =#REF!-#REF! -> #REF! | J33: 0 | K33: 0 | L33: 0 | N33: 28 | O33: =B33-B32 -> 38 | P33: =#REF!-#REF! -> #REF! | Q33: =#REF!-#REF! -> #REF! | R33: =#REF!-#REF! -> #REF! | S33: =#REF!-#REF! -> #REF! | T33: =#REF!-#REF! -> #REF! | V33: =D33-D32 -> 21 | W33: =E33-E32 -> 4 | X33: =#REF!-#REF! -> #REF! | Y33: =#REF!-#REF! -> #REF! | AA33: =#REF!-G33 -> #REF! | AB33: =#REF!-#REF! -> #REF! | AC33: =#REF!-#REF! -> #REF! | AD33: =#REF!-#REF! -> #REF!
A34: 29 | B34: 6030 | D34: 26076 | E34: 2858 | G34: 239423
A35: 30 | B35: 6059 | D35: 26086 | E35: 2858 | G35: 239469
A36: 31 | B36: 6132 | D36: 26114 | E36: 2865 | G36: 239568
B37: (5 Digits) | D37: (5 Digits) | E37: (4 Digits) | G37: (6 Digits)
A39: LD | B39: =LARGE(B5:B33, 1) -> 6006 | D39: =LARGE(D5:D33, 1) -> 26069 | E39: =LARGE(E5:E33, 1) -> 2858 | G39: =LARGE(G5:G33, 1) -> 239378 | J39: =LARGE(J5:J33, 1) -> 0 | K39: =LARGE(K5:K33, 1) -> 0 | L39: =LARGE(L5:L33, 1) -> 0 | N39: AVG | O39: =AVERAGEIF($M$6:$M$33, "x",O6:O33) -> 1762 | P39: =AVERAGEIF($M$6:$M$33, "x",P6:P33) -> #REF! | Q39: =AVERAGEIF($M$6:$M$33, "x",Q6:Q33) -> #REF! | R39: =AVERAGEIF($M$6:$M$33, "x",R6:R33) -> #REF! | S39: =AVERAGEIF($M$6:$M$33, "x",S6:S33) -> #REF! | T39: =AVERAGEIF($M$6:$M$33, "x",T6:T33) -> #REF! | V39: =AVERAGEIF($M$6:$M$33, "x",V6:V33) -> 397 | W39: =AVERAGEIF($M$6:$M$33, "x",W6:W33) -> 74 | X39: =AVERAGEIF($M$6:$M$33, "x",X6:X33) -> #REF! | Y39: =AVERAGEIF($M$6:$M$33, "x",Y6:Y33) -> #REF! | AA39: =AVERAGEIF($M$6:$M$33, "x",AA6:AA33) -> 4503 | AB39: =AVERAGEIF($M$6:$M$33, "x",AB6:AB33) -> #REF! | AC39: =AVERAGEIF($M$6:$M$33, "x",AC6:AC33) -> #REF! | AD39: =AVERAGEIF($M$6:$M$33, "x",AD6:AD33) -> #REF!
B41: Consumption: | N41: PRV AVG
B42: =B39-B5 -> 2648 | D42: =D39-D5 -> 692 | E42: =E39-E5 -> 88 | G42: =G39-G6 -> 1247 | J42: =J39-J5 -> 0 | K42: =K39-K5 -> 0 | L42: =L39-L5 -> 0 | O42: 0 | P42: 0 | Q42: 0 | R42: 119.875 | S42: 3.5 | T42: 21.8125 | V42: 43.625 | W42: 0 | X42: 8.375 | Y42: 1.1875 | AA42: 53.125 | AB42: 69.1875 | AC42: 9.3125 | AD42: 0
N43: 1.5 | O43: =O42*$N$43 -> 0 | P43: =P42*$N$43 -> 0 | Q43: =Q42*$N$43 -> 0 | R43: =R42*$N$43 -> 179.8125 | S43: =S42*$N$43 -> 5.25 | T43: =T42*$N$43 -> 32.71875 | V43: =V42*$N$43 -> 65.4375 | W43: =W42*$N$43 -> 0 | X43: =X42*$N$43 -> 12.5625 | Y43: =Y42*$N$43 -> 1.78125 | AA43: =AA42*$N$43 -> 79.6875 | AB43: =AB42*$N$43 -> 103.78125 | AC43: =AC42*$N$43 -> 13.96875 | AD43: =AD42*$N$43 -> 0
H44: AVG | N44: 0.5 | O44: =O42*$N$44 -> 0 | P44: =P42*$N$44 -> 0 | Q44: =Q42*$N$44 -> 0 | R44: =R42*$N$44 -> 59.9375 | S44: =S42*$N$44 -> 1.75 | T44: =T42*$N$44 -> 10.90625 | V44: =V42*$N$44 -> 21.8125 | W44: =W42*$N$44 -> 0 | X44: =X42*$N$44 -> 4.1875 | Y44: =Y42*$N$44 -> 0.59375 | AA44: =AA42*$N$44 -> 26.5625 | AB44: =AB42*$N$44 -> 34.59375 | AC44: 0 | AD44: 0
H45: =AVERAGE(H6:H33) -> #REF!
O46: Note 1 | P46: Normal formating for cells where the daily average consumption is within range from the previous month's average range noted above.
O47: Note 2 | P47: Indicates the daily average for that day is outside the average range for that meter, based on the previous month's averages. Not necessarily a problem, just something to keeep an eye on.
N48: ! | O48: Note 3 | P48: This RED FLAG should be brought to Management for further review as to why it is more than twice the monthly average. Still can be explained, depending on the meter, but warrants immediate review to minimize impact to utilities and/or billing.
O49: Note 4 | P49: This is the same calculation as the RED FLAG, but is a known non-issue (example: Emergency Generator run once a week, plus bi-monthly inspections)
N50: ! | O50: Note 5 | P50: THIS IS AN ISSUE. METERS DO NOT RUN BACKWARDS, THUS NO NEGATIVE READINGS ALLOWED. Check for a simple typo or transposed number in the reading and/or verify the meter reading logged is correct by physically checking meter again.

Sheet April 2021 (2)
B1: City Water | I1: Cooling Towers | N1: Natural Gas | T1: Georgia Power | Y1: City Water | AF1: Cooling Towers | AK1: Natural Gas
B2: Sidewalk Meter | I2: Hotel Chillers | K2: Apartment Loop | N2: Gas Room at P1 | Q2: MEZ | T2: Electrical Vault at P1 | Y2: Sidewalk Meter | AF2: Hotel Chillers | AH2: Apartment Loop | AK2: Gas Room at P1 | AN2: MEZ
A3: Date | B3: Bldg Main Meter #1 (CCF) | C3: Meter #2 (CCF) | D3: Fire Main Meter #3 (CCF) | E3: Pump Rm. Gall * 100 | F3: Offices at Level 20 Gall * 100 | G3: Offices at Level 30 Gall * 100 | I3: Make Up Gall * 100 | J3: Blow Down | K3: Make Up Gall * 100 | L3: Blow Down | N3: Corrected CCF *10 | O3: Not Corrected | P3: Engine | Q3: Tower Htg CCF *10 | T3: KWH (*4800) | U3: KW | V3: KQH | X3: Date | Y3: Bldg Main Meter #1 (CCF) | Z3: Meter #2 (CCF) | AA3: Fire Main Meter #3 (CCF) | AB3: Pump Rm. Gall * 100 | AC3: Offices at Level 20 Gall * 100 | AD3: Offices at Level 30 Gall * 100 | AF3: Make Up Gall * 100 | AG3: Blow Down | AH3: Make Up Gall * 100 | AI3: Blow Down | AK3: Corrected CCF *10 | AL3: Not Corrected | AM3: Engine | AN3: Tower Htg CCF *10
A5: LR | B5: =Dec!B39 -> 3358 | C5: =Dec!#REF! -> #REF! | D5: =Dec!#REF! -> #REF! | E5: =Dec!#REF! -> #REF! | F5: =Dec!#REF! -> #REF! | G5: =Dec!#REF! -> #REF! | I5: =Dec!D39 -> 25377 | J5: =Dec!E39 -> 2770 | K5: =Dec!#REF! -> #REF! | L5: =Dec!#REF! -> #REF! | N5: =Dec!G39 -> 233628 | O5: =Dec!#REF! -> #REF! | P5: =Dec!#REF! -> #REF! | Q5: =Dec!#REF! -> #REF! | T5: 0 | U5: 0 | V5: 0
A6: 1 | B6: 6165 | I6: 26121 | J6: 2865 | N6: 239609 | R6: =Q6-Q5 -> #REF! | T6: 0 | U6: 0 | V6: 0 | W6: x | X6: 1 | Y6: =B6-B5 -> 2807 | Z6: =C6-C5 -> #REF! | AA6: =D6-D5 -> #REF! | AB6: =E6-E5 -> #REF! | AC6: =F6-F5 -> #REF! | AD6: =G6-G5 -> #REF! | AF6: =I6-I5 -> 744 | AG6: =J6-J5 -> 95 | AH6: =K6-K5 -> #REF! | AI6: =L6-L5 -> #REF! | AK6: =N6-N5 -> 5981 | AL6: =O6-O5 -> #REF! | AM6: =P6-P5 -> #REF! | AN6: =Q6-Q5 -> #REF!
A7: 2 | B7: 6200 | I7: 26121 | J7: 2865 | N7: 239663 | R7: =Q7-Q6 -> 0 | T7: 0 | U7: 0 | V7: 0 | X7: 2 | Y7: =B7-B6 -> 35 | Z7: =C7-C6 -> 0 | AA7: =D7-D6 -> 0 | AB7: =E7-E6 -> 0 | AC7: =F7-F6 -> 0 | AD7: =G7-G6 -> 0 | AF7: =I7-I6 -> 0 | AG7: =J7-J6 -> 0 | AH7: =K7-K6 -> 0 | AI7: =L7-L6 -> 0 | AK7: =N7-N6 -> 54 | AL7: =O7-O6 -> 0 | AM7: =P7-P6 -> 0 | AN7: =Q7-Q6 -> 0
A8: 3 | B8: 6234 | I8: 26135 | J8: 2867 | N8: 239719 | R8: =Q8-Q7 -> 0 | T8: 0 | U8: 0 | V8: 0 | X8: 3 | Y8: =B8-B7 -> 34 | Z8: =C8-C7 -> 0 | AA8: =D8-D7 -> 0 | AB8: =E8-E7 -> 0 | AC8: =F8-F7 -> 0 | AD8: =G8-G7 -> 0 | AF8: =I8-I7 -> 14 | AG8: =J8-J7 -> 2 | AH8: =K8-K7 -> 0 | AI8: =L8-L7 -> 0 | AK8: =N8-N7 -> 56 | AL8: =O8-O7 -> 0 | AM8: =P8-P7 -> 0 | AN8: =Q8-Q7 -> 0
A9: 4 | B9: 6275 | I9: 26146 | J9: 2868 | N9: 239767 | R9: =Q9-Q8 -> 0 | T9: 0 | U9: 0 | V9: 0 | X9: 4 | Y9: =B9-B8 -> 41 | Z9: =C9-C8 -> 0 | AA9: =D9-D8 -> 0 | AB9: =E9-E8 -> 0 | AC9: =F9-F8 -> 0 | AD9: =G9-G8 -> 0 | AF9: =I9-I8 -> 11 | AG9: =J9-J8 -> 1 | AH9: =K9-K8 -> 0 | AI9: =L9-L8 -> 0 | AK9: =N9-N8 -> 48 | AL9: =O9-O8 -> 0 | AM9: =P9-P8 -> 0 | AN9: =Q9-Q8 -> 0
A10: 5 | B10: 6326 | I10: 26160 | J10: 2868 | N10: 239818 | R10: =Q10-Q9 -> 0 | T10: 0 | U10: 0 | V10: 0 | X10: 5 | Y10: =B10-B9 -> 51 | Z10: =C10-C9 -> 0 | AA10: =D10-D9 -> 0 | AB10: =E10-E9 -> 0 | AC10: =F10-F9 -> 0 | AD10: =G10-G9 -> 0 | AF10: =I10-I9 -> 14 | AG10: =J10-J9 -> 0 | AH10: =K10-K9 -> 0 | AI10: =L10-L9 -> 0 | AK10: =N10-N9 -> 51 | AL10: =O10-O9 -> 0 | AM10: =P10-P9 -> 0 | AN10: =Q10-Q9 -> 0
A11: 6 | B11: 6371 | I11: 26175 | J11: 2876 | N11: 239862 | R11: =Q11-Q10 -> 0 | T11: 0 | U11: 0 | V11: 0 | X11: 6 | Y11: =B11-B10 -> 45 | Z11: =C11-C10 -> 0 | AA11: =D11-D10 -> 0 | AB11: =E11-E10 -> 0 | AC11: =F11-F10 -> 0 | AD11: =G11-G10 -> 0 | AF11: =I11-I10 -> 15 | AG11: =J11-J10 -> 8 | AH11: =K11-K10 -> 0 | AI11: =L11-L10 -> 0 | AK11: =N12-N10 -> 95 | AL11: =O11-O10 -> 0 | AM11: =P11-P10 -> 0 | AN11: =Q11-Q10 -> 0
A12: 7 | B12: 6426 | I12: 26192 | J12: 2880 | N12: 239913 | R12: =Q12-Q11 -> 0 | T12: 0 | U12: 0 | V12: 0 | X12: 7 | Y12: =B12-B11 -> 55 | Z12: =C12-C11 -> 0 | AA12: =D12-D11 -> 0 | AB12: =E12-E11 -> 0 | AC12: =F12-F11 -> 0 | AD12: =G12-G11 -> 0 | AF12: =I12-I11 -> 17 | AG12: =J12-J11 -> 4 | AH12: =K12-K11 -> 0 | AI12: =L12-L11 -> 0 | AK12: =N13-N12 -> 46 | AL12: =O12-O11 -> 0 | AM12: =P12-P11 -> 0 | AN12: =Q12-Q11 -> 0
A13: 8 | B13: 6480 | I13: 26211 | J13: 2883 | N13: 239959 | R13: =Q13-Q12 -> 0 | T13: 0 | U13: 0 | V13: 0 | X13: 8 | Y13: =B13-B12 -> 54 | Z13: =C13-C12 -> 0 | AA13: =D13-D12 -> 0 | AB13: =E13-E12 -> 0 | AC13: =F13-F12 -> 0 | AD13: =G13-G12 -> 0 | AF13: =I13-I12 -> 19 | AG13: =J13-J12 -> 3 | AH13: =K13-K12 -> 0 | AI13: =L13-L12 -> 0 | AK13: =N14-N13 -> 50 | AL13: =O13-O12 -> 0 | AM13: =P13-P12 -> 0 | AN13: =Q13-Q12 -> 0
A14: 9 | B14: 6538 | I14: 26231 | J14: 2888 | N14: 240009 | R14: =Q14-Q13 -> 0 | T14: 0 | U14: 0 | V14: 0 | X14: 9 | Y14: =B14-B13 -> 58 | Z14: =C14-C13 -> 0 | AA14: =D14-D13 -> 0 | AB14: =E14-E13 -> 0 | AC14: =F14-F13 -> 0 | AD14: =G14-G13 -> 0 | AF14: =I14-I13 -> 20 | AG14: =J14-J13 -> 5 | AH14: =K14-K13 -> 0 | AI14: =L14-L13 -> 0 | AK14: =N15-N14 -> 45 | AL14: =O14-O13 -> 0 | AM14: =P14-P13 -> 0 | AN14: =Q14-Q13 -> 0
A15: 10 | B15: 6588 | I15: 26246 | J15: 2830 | N15: 240054 | R15: =Q15-Q14 -> 0 | T15: 0 | U15: 0 | V15: 0 | X15: 10 | Y15: =B15-B14 -> 50 | Z15: =C15-C14 -> 0 | AA15: =D15-D14 -> 0 | AB15: =E15-E14 -> 0 | AC15: =F15-F14 -> 0 | AD15: =G15-G14 -> 0 | AF15: =I15-I14 -> 15 | AG15: =J15-J14 -> -58 | AH15: =K15-K14 -> 0 | AI15: =L15-L14 -> 0 | AK15: =N16-N15 -> 51 | AL15: =O15-O14 -> 0 | AM15: =P15-P14 -> 0 | AN15: =Q15-Q14 -> 0
A16: 11 | B16: 6629 | I16: 26264 | J16: 2892 | N16: 240105 | R16: =Q16-Q15 -> 0 | T16: 0 | U16: 0 | V16: 0 | X16: 11 | Y16: =B16-B15 -> 41 | Z16: =C16-C15 -> 0 | AA16: =D16-D15 -> 0 | AB16: =E16-E15 -> 0 | AC16: =F16-F15 -> 0 | AD16: =G16-G15 -> 0 | AF16: =I16-I15 -> 18 | AG16: =J16-J15 -> 62 | AH16: =K16-K15 -> 0 | AI16: =L16-L15 -> 0 | AK16: =N17-N16 -> 0 | AL16: =O16-O15 -> 0 | AM16: =P16-P15 -> 0 | AN16: =Q16-Q15 -> 0
A17: 12 | B17: 6700 | I17: 26299 | J17: 2904 | N17: 240105 | R17: =Q17-Q16 -> 0 | T17: 0 | U17: 0 | V17: 0 | X17: 12 | Y17: =B17-B16 -> 71 | Z17: =C17-C16 -> 0 | AA17: =D17-D16 -> 0 | AB17: =E17-E16 -> 0 | AC17: =F17-F16 -> 0 | AD17: =G17-G16 -> 0 | AF17: =I17-I16 -> 35 | AG17: =J17-J16 -> 12 | AH17: =K17-K16 -> 0 | AI17: =L17-L16 -> 0 | AK17: =N18-N17 -> 90 | AL17: =O17-O16 -> 0 | AM17: =P17-P16 -> 0 | AN17: =Q17-Q16 -> 0
A18: 13 | B18: 6769 | I18: 26344 | J18: 2934 | N18: 240195 | R18: =Q18-Q17 -> 0 | T18: 0 | U18: 0 | V18: 0 | X18: 13 | Y18: =B18-B17 -> 69 | Z18: =C18-C17 -> 0 | AA18: =D18-D17 -> 0 | AB18: =E18-E17 -> 0 | AC18: =F18-F17 -> 0 | AD18: =G18-G17 -> 0 | AF18: =I18-I17 -> 45 | AG18: =J18-J17 -> 30 | AH18: =K18-K17 -> 0 | AI18: =L18-L17 -> 0 | AK18: =N19-N18 -> 40 | AL18: =O18-O17 -> 0 | AM18: =P18-P17 -> 0 | AN18: =Q18-Q17 -> 0
A19: 14 | B19: 6843 | I19: 26384 | J19: 2959 | N19: 240235 | R19: =Q19-Q18 -> 0 | T19: 0 | U19: 0 | V19: 0 | X19: 14 | Y19: =B19-B18 -> 74 | Z19: =C19-C18 -> 0 | AA19: =D19-D18 -> 0 | AB19: =E19-E18 -> 0 | AC19: =F19-F18 -> 0 | AD19: =G19-G18 -> 0 | AF19: =I19-I18 -> 40 | AG19: =J19-J18 -> 25 | AH19: =K19-K18 -> 0 | AI19: =L19-L18 -> 0 | AK19: =N20-N19 -> 41 | AL19: =O19-O18 -> 0 | AM19: =P19-P18 -> 0 | AN19: =Q19-Q18 -> 0
A20: 15 | B20: 6910 | I20: 26425 | J20: 2988 | N20: 240276 | R20: =Q20-Q19 -> 0 | T20: 0 | U20: 0 | V20: 0 | X20: 15 | Y20: =B20-B19 -> 67 | Z20: =C20-C19 -> 0 | AA20: =D20-D19 -> 0 | AB20: =E20-E19 -> 0 | AC20: =F20-F19 -> 0 | AD20: =G20-G19 -> 0 | AF20: =I20-I19 -> 41 | AG20: =J20-J19 -> 29 | AH20: =K20-K19 -> 0 | AI20: =L20-L19 -> 0 | AK20: =N21-N20 -> 444 | AL20: =O20-O19 -> 0 | AM20: =P20-P19 -> 0 | AN20: =Q20-Q19 -> 0
A21: 16 | B21: 6985 | I21: 26465 | J21: 3017 | N21: 240720 | R21: =Q21-Q20 -> 0 | T21: 0 | U21: 0 | V21: 0 | X21: 16 | Y21: =B21-B20 -> 75 | Z21: =C21-C20 -> 0 | AA21: =D21-D20 -> 0 | AB21: =E21-E20 -> 0 | AC21: =F21-F20 -> 0 | AD21: =G21-G20 -> 0 | AF21: =I21-I20 -> 40 | AG21: =J21-J20 -> 29 | AH21: =K21-K20 -> 0 | AI21: =L21-L20 -> 0 | AK21: =N22-N21 -> -360 | AL21: =O21-O20 -> 0 | AM21: =P21-P20 -> 0 | AN21: =Q21-Q20 -> 0
A22: 17 | B22: 7055 | I22: 26495 | J22: 3044 | N22: 240360 | R22: =Q22-Q21 -> 0 | T22: 0 | U22: 0 | V22: 0 | X22: 17 | Y22: =B22-B21 -> 70 | Z22: =C22-C21 -> 0 | AA22: =D22-D21 -> 0 | AB22: =E22-E21 -> 0 | AC22: =F22-F21 -> 0 | AD22: =G22-G21 -> 0 | AF22: =I22-I21 -> 30 | AG22: =J22-J21 -> 27 | AH22: =K22-K21 -> 0 | AI22: =L22-L21 -> 0 | AK22: =N23-N22 -> 62 | AL22: =O22-O21 -> 0 | AM22: =P22-P21 -> 0 | AN22: =Q22-Q21 -> 0
A23: 18 | B23: 7108 | I23: 26529 | J23: 3065 | N23: 240422 | R23: =Q23-Q22 -> 0 | T23: 0 | U23: 0 | V23: 0 | X23: 18 | Y23: =B23-B22 -> 53 | Z23: =C23-C22 -> 0 | AA23: =D23-D22 -> 0 | AB23: =E23-E22 -> 0 | AC23: =F23-F22 -> 0 | AD23: =G23-G22 -> 0 | AF23: =I23-I22 -> 34 | AG23: =J23-J22 -> 21 | AH23: =K23-K22 -> 0 | AI23: =L23-L22 -> 0 | AK23: =N24-N23 -> 43 | AL23: =O23-O22 -> 0 | AM23: =P23-P22 -> 0 | AN23: =Q23-Q22 -> 0
... A32: 27 | B32: 7613 | I32: 26750 | J32: 3188 | N32: 240747 | R32: =Q32-Q31 -> 0 | T32: 0 | U32: 0 | V32: 0 | X32: 27 | Y32: =B32-B31 -> 64 | Z32: =C32-C31 -> 0 | AA32: =D32-D31 -> 0 | AB32: =E32-E31 -> 0 | AC32: =F32-F31 -> 0 | AD32: =G32-G31 -> 0 | AF32: =I32-I31 -> 26 | AG32: =J32-J31 -> 13 | AH32: =K32-K31 -> 0 | AI32: =L32-L31 -> 0 | AK32: =N33-N32 -> 55 | AL32: =O32-O31 -> 0 | AM32: =P32-P31 -> 0 | AN32: =Q32-Q31 -> 0
A33: 28 | B33: 7663 | I33: 26780 | J33: 3191 | N33: 240802 | R33: =Q33-Q32 -> 0 | T33: 0 | U33: 0 | V33: 0 | X33: 28 | Y33: =B33-B32 -> 50 | Z33: =C33-C32 -> 0 | AA33: =D33-D32 -> 0 | AB33: =E33-E32 -> 0 | AC33: =F33-F32 -> 0 | AD33: =G33-G32 -> 0 | AF33: =I33-I32 -> 30 | AG33: =J33-J32 -> 3 | AH33: =K33-K32 -> 0 | AI33: =L33-L32 -> 0 | AK33: =#REF!-N33 -> #REF! | AL33: =O33-O32 -> 0 | AM33: =P33-P32 -> 0 | AN33: =Q33-Q32 -> 0
A34: 29 | B34: 7723 | I34: 26810 | J34: 3210 | N34: 240842
A35: 30 | B35: 7814 | I35: 26841 | J35: 3231 | N35: 240863
A36: 31
B37: (5 Digits) | E37: (6 Digits) | F37: (5 Digits) | G37: (5 Digits) | I37: (5 Digits) | J37: (4 Digits) | K37: (4 Digits) | L37: (5 Digits) | N37: (6 Digits) | O37: (6 Digits) | P37: (6 Digits) | Q37: (5 Digits)
A39: LD | B39: =LARGE(B5:B35, 1) -> 7814 | C39: =LARGE(C5:C33, 1) -> #REF! | D39: =LARGE(D5:D33, 1) -> #REF! | E39: =LARGE(E5:E33, 1) -> #REF! | F39: =LARGE(F5:F33, 1) -> #REF! | G39: =LARGE(G5:G33, 1) -> #REF! | I39: =LARGE(I5:I33, 1) -> 26780 | J39: =LARGE(J5:J33, 1) -> 3191 | K39: =LARGE(K5:K33, 1) -> #REF! | L39: =LARGE(L5:L33, 1) -> #REF! | N39: =LARGE(N5:N35, 1) -> 240863 | O39: =LARGE(O5:O33, 1) -> #REF! | P39: =LARGE(P5:P33, 1) -> #REF! | Q39: =LARGE(Q5:Q33, 1) -> #REF! | T39: =LARGE(T5:T33, 1) -> 0 | U39: =LARGE(U5:U33, 1) -> 0 | V39: =LARGE(V5:V33, 1) -> 0 | X39: AVG | Y39: =AVERAGEIF($W$6:$W$33, "x",Y6:Y33) -> 2807 | Z39: =AVERAGEIF($W$6:$W$33, "x",Z6:Z33) -> #REF! | AA39: =AVERAGEIF($W$6:$W$33, "x",AA6:AA33) -> #REF! | AB39: =AVERAGEIF($W$6:$W$33, "x",AB6:AB33) -> #REF! | AC39: =AVERAGEIF($W$6:$W$33, "x",AC6:AC33) -> #REF! | AD39: =AVERAGEIF($W$6:$W$33, "x",AD6:AD33) -> #REF! | AF39: =AVERAGEIF($W$6:$W$33, "x",AF6:AF33) -> 744 | AG39: =AVERAGEIF($W$6:$W$33, "x",AG6:AG33) -> 95 | AH39: =AVERAGEIF($W$6:$W$33, "x",AH6:AH33) -> #REF! | AI39: =AVERAGEIF($W$6:$W$33, "x",AI6:AI33) -> #REF! | AK39: =AVERAGEIF($W$6:$W$33, "x",AK6:AK33) -> 5981 | AL39: =AVERAGEIF($W$6:$W$33, "x",AL6:AL33) -> #REF! | AM39: =AVERAGEIF($W$6:$W$33, "x",AM6:AM33) -> #REF! | AN39: =AVERAGEIF($W$6:$W$33, "x",AN6:AN33) -> #REF!
B41: Consumption: | X41: PRV AVG
B42: =B39-B5 -> 4456 | C42: =C39-C5 -> #REF! | D42: =D39-D5 -> #REF! | E42: =E39-E5 -> #REF! | F42: =F39-F5 -> #REF! | G42: =G39-G5 -> #REF! | I42: =I39-I5 -> 1403 | J42: =J39-J5 -> 421 | K42: =K39-K5 -> #REF! | L42: =L39-L5 -> #REF! | N42: =N39-N6 -> 1254 | O42: =O39-O5 -> #REF! | P42: =P39-P5 -> #REF! | Q42: =Q39-Q5 -> #REF! | T42: =T39-T5 -> 0 | U42: =U39-U5 -> 0 | V42: =V39-V5 -> 0 | Y42: 0 | Z42: 0 | AA42: 0 | AB42: 119.875 | AC42: 3.5 | AD42: 21.8125 | AF42: 43.625 | AG42: 0 | AH42: 8.375 | AI42: 1.1875 | AK42: 53.125 | AL42: 69.1875 | AM42: 9.3125 | AN42: 0
X43: 1.5 | Y43: =Y42*$X$43 -> 0 | Z43: =Z42*$X$43 -> 0 | AA43: =AA42*$X$43 -> 0 | AB43: =AB42*$X$43 -> 179.8125 | AC43: =AC42*$X$43 -> 5.25 | AD43: =AD42*$X$43 -> 32.71875 | AF43: =AF42*$X$43 -> 65.4375 | AG43: =AG42*$X$43 -> 0 | AH43: =AH42*$X$43 -> 12.5625 | AI43: =AI42*$X$43 -> 1.78125 | AK43: =AK42*$X$43 -> 79.6875 | AL43: =AL42*$X$43 -> 103.78125 | AM43: =AM42*$X$43 -> 13.96875 | AN43: =AN42*$X$43 -> 0
R44: AVG | X44: 0.5 | Y44: =Y42*$X$44 -> 0 | Z44: =Z42*$X$44 -> 0 | AA44: =AA42*$X$44 -> 0 | AB44: =AB42*$X$44 -> 59.9375 | AC44: =AC42*$X$44 -> 1.75 | AD44: =AD42*$X$44 -> 10.90625 | AF44: =AF42*$X$44 -> 21.8125 | AG44: =AG42*$X$44 -> 0 | AH44: =AH42*$X$44 -> 4.1875 | AI44: =AI42*$X$44 -> 0.59375 | AK44: =AK42*$X$44 -> 26.5625 | AL44: =AL42*$X$44 -> 34.59375 | AM44: 0 | AN44: 0
R45: =AVERAGE(R6:R33) -> #REF!
Y46: Note 1 | Z46: Normal formating for cells where the daily average consumption is within range from the previous month's average range noted above.
Y47: Note 2 | Z47: Indicates the daily average for that day is outside the average range for that meter, based on the previous month's averages. Not necessarily a problem, just something to keeep an eye on.
X48: ! | Y48: Note 3 | Z48: This RED FLAG should be brought to Management for further review as to why it is more than twice the monthly average. Still can be explained, depending on the meter, but warrants immediate review to minimize impact to utilities and/or billing.
Y49: Note 4 | Z49: This is the same calculation as the RED FLAG, but is a known non-issue (example: Emergency Generator run once a week, plus bi-monthly inspections)
X50: ! | Y50: Note 5 | Z50: THIS IS AN ISSUE. METERS DO NOT RUN BACKWARDS, THUS NO NEGATIVE READINGS ALLOWED. Check for a simple typo or transposed number in the reading and/or verify the meter reading logged is correct by physically checking meter again.

Sheet May 2021
B1: City Water | I1: Cooling Towers | N1: Natural Gas | T1: Georgia Power | Y1: City Water | AF1: Cooling Towers | AK1: Natural Gas
B2: Sidewalk Meter | I2: Hotel Chillers | K2: Apartment Loop | N2: Gas Room at P1 | Q2: MEZ | T2: Electrical Vault at P1 | Y2: Sidewalk Meter | AF2: Hotel Chillers | AH2: Apartment Loop | AK2: Gas Room at P1 | AN2: MEZ
A3: Date | B3: Bldg Main Meter #1 (CCF) | C3: Meter #2 (CCF) | D3: Fire Main Meter #3 (CCF) | E3: Pump Rm. Gall * 100 | F3: Offices at Level 20 Gall * 100 | G3: Offices at Level 30 Gall * 100 | I3: Make Up Gall * 100 | J3: Blow Down | K3: Make Up Gall * 100 | L3: Blow Down | N3: Corrected CCF *10 | O3: Not Corrected | P3: Engine | Q3: Tower Htg CCF *10 | T3: KWH (*4800) | U3: KW | V3: KQH | X3: Date | Y3: Bldg Main Meter #1 (CCF) | Z3: Meter #2 (CCF) | AA3: Fire Main Meter #3 (CCF) | AB3: Pump Rm. Gall * 100 | AC3: Offices at Level 20 Gall * 100 | AD3: Offices at Level 30 Gall * 100 | AF3: Make Up Gall * 100 | AG3: Blow Down | AH3: Make Up Gall * 100 | AI3: Blow Down | AK3: Corrected CCF *10 | AL3: Not Corrected | AM3: Engine | AN3: Tower Htg CCF *10
A5: LR | B5: 7814 | C5: =Dec!#REF! -> #REF! | D5: =Dec!#REF! -> #REF! | E5: =Dec!#REF! -> #REF! | F5: =Dec!#REF! -> #REF! | G5: =Dec!#REF! -> #REF! | I5: 26780 | J5: 3191 | K5: =Dec!#REF! -> #REF! | L5: =Dec!#REF! -> #REF! | N5: 240863 | O5: =Dec!#REF! -> #REF! | P5: =Dec!#REF! -> #REF! | Q5: =Dec!#REF! -> #REF! | T5: 0 | U5: 0 | V5: 0
A6: 1 | B6: 7814 | I6: 26841 | J6: 3231 | N6: 240863 | R6: =Q6-Q5 -> #REF! | T6: 0 | U6: 0 | V6: 0 | W6: x | X6: 1 | Y6: =B6-B5 -> 0 | Z6: =C6-C5 -> #REF! | AA6: =D6-D5 -> #REF! | AB6: =E6-E5 -> #REF! | AC6: =F6-F5 -> #REF! | AD6: =G6-G5 -> #REF! | AF6: =I6-I5 -> 61 | AG6: =J6-J5 -> 40 | AH6: =K6-K5 -> #REF! | AI6: =L6-L5 -> #REF! | AK6: =N6-N5 -> 0 | AL6: =O6-O5 -> #REF! | AM6: =P6-P5 -> #REF! | AN6: =Q6-Q5 -> #REF!
A7: 2 | B7: 7890 | I7: 26876 | J7: 3254 | N7: 240909 | R7: =Q7-Q6 -> 0 | T7: 0 | U7: 0 | V7: 0 | X7: 2 | Y7: =B7-B6 -> 76 | Z7: =C7-C6 -> 0 | AA7: =D7-D6 -> 0 | AB7: =E7-E6 -> 0 | AC7: =F7-F6 -> 0 | AD7: =G7-G6 -> 0 | AF7: =I7-I6 -> 35 | AG7: =J7-J6 -> 23 | AH7: =K7-K6 -> 0 | AI7: =L7-L6 -> 0 | AK7: =N7-N6 -> 46 | AL7: =O7-O6 -> 0 | AM7: =P7-P6 -> 0 | AN7: =Q7-Q6 -> 0
A8: 3 | B8: 7961 | I8: 26914 | J8: 3273 | N8: 240948 | R8: =Q8-Q7 -> 0 | T8: 0 | U8: 0 | V8: 0 | X8: 3 | Y8: =B8-B7 -> 71 | Z8: =C8-C7 -> 0 | AA8: =D8-D7 -> 0 | AB8: =E8-E7 -> 0 | AC8: =F8-F7 -> 0 | AD8: =G8-G7 -> 0 | AF8: =I8-I7 -> 38 | AG8: =J8-J7 -> 19 | AH8: =K8-K7 -> 0 | AI8: =L8-L7 -> 0 | AK8: =N8-N7 -> 39 | AL8: =O8-O7 -> 0 | AM8: =P8-P7 -> 0 | AN8: =Q8-Q7 -> 0
A9: 4 | B9: 8029 | I9: 26953 | J9: 3294 | N9: 240979 | R9: =Q9-Q8 -> 0 | T9: 0 | U9: 0 | V9: 0 | X9: 4 | Y9: =B9-B8 -> 68 | Z9: =C9-C8 -> 0 | AA9: =D9-D8 -> 0 | AB9: =E9-E8 -> 0 | AC9: =F9-F8 -> 0 | AD9: =G9-G8 -> 0 | AF9: =I9-I8 -> 39 | AG9: =J9-J8 -> 21 | AH9: =K9-K8 -> 0 | AI9: =L9-L8 -> 0 | AK9: =N9-N8 -> 31 | AL9: =O9-O8 -> 0 | AM9: =P9-P8 -> 0 | AN9: =Q9-Q8 -> 0
A10: 5 | B10: 8101 | I10: 26993 | J10: 3316 | N10: 241019 | R10: =Q10-Q9 -> 0 | T10: 0 | U10: 0 | V10: 0 | X10: 5 | Y10: =B10-B9 -> 72 | Z10: =C10-C9 -> 0 | AA10: =D10-D9 -> 0 | AB10: =E10-E9 -> 0 | AC10: =F10-F9 -> 0 | AD10: =G10-G9 -> 0 | AF10: =I10-I9 -> 40 | AG10: =J10-J9 -> 22 | AH10: =K10-K9 -> 0 | AI10: =L10-L9 -> 0 | AK10: =N10-N9 -> 40 | AL10: =O10-O9 -> 0 | AM10: =P10-P9 -> 0 | AN10: =Q10-Q9 -> 0
A11: 6 | B11: 8171 | I11: 27029 | J11: 3338 | N11: 241058 | R11: =Q11-Q10 -> 0 | T11: 0 | U11: 0 | V11: 0 | X11: 6 | Y11: =B11-B10 -> 70 | Z11: =C11-C10 -> 0 | AA11: =D11-D10 -> 0 | AB11: =E11-E10 -> 0 | AC11: =F11-F10 -> 0 | AD11: =G11-G10 -> 0 | AF11: =I11-I10 -> 36 | AG11: =J11-J10 -> 22 | AH11: =K11-K10 -> 0 | AI11: =L11-L10 -> 0 | AK11: =N12-N10 -> 74 | AL11: =O11-O10 -> 0 | AM11: =P11-P10 -> 0 | AN11: =Q11-Q10 -> 0
A12: 7 | B12: 8225 | I12: 27053 | J12: 3347 | N12: 241093 | R12: =Q12-Q11 -> 0 | T12: 0 | U12: 0 | V12: 0 | X12: 7 | Y12: =B12-B11 -> 54 | Z12: =C12-C11 -> 0 | AA12: =D12-D11 -> 0 | AB12: =E12-E11 -> 0 | AC12: =F12-F11 -> 0 | AD12: =G12-G11 -> 0 | AF12: =I12-I11 -> 24 | AG12: =J12-J11 -> 9 | AH12: =K12-K11 -> 0 | AI12: =L12-L11 -> 0 | AK12: =N13-N12 -> 35 | AL12: =O12-O11 -> 0 | AM12: =P12-P11 -> 0 | AN12: =Q12-Q11 -> 0
A13: 8 | B13: 8272 | I13: 27068 | J13: 3347 | N13: 241128 | R13: =Q13-Q12 -> 0 | T13: 0 | U13: 0 | V13: 0 | X13: 8 | Y13: =B13-B12 -> 47 | Z13: =C13-C12 -> 0 | AA13: =D13-D12 -> 0 | AB13: =E13-E12 -> 0 | AC13: =F13-F12 -> 0 | AD13: =G13-G12 -> 0 | AF13: =I13-I12 -> 15 | AG13: =J13-J12 -> 0 | AH13: =K13-K12 -> 0 | AI13: =L13-L12 -> 0 | AK13: =N14-N13 -> 37 | AL13: =O13-O12 -> 0 | AM13: =P13-P12 -> 0 | AN13: =Q13-Q12 -> 0
