Workbook

Sheet TOTAL
A1: Site Name | B1: Day | C1: Month | D1: Year | E1: Total Electricity Kwh | F1: Electricity Tariff ($/Kwh) | G1: Natual Gas (m3) | H1: Natural Gas $/m3 | I1: Water Utility Supply (m3) m3 | J1: Water Utility Supply (m3) $/m3 | K1: District Energy Heating Kwh | L1: District Energy Heating $/Kwh | M1: Room Nights | N1: Total Guests
A2: Seattle | B2: 1 | C2: 3 | D2: 2021 | E2: =IF('Submetering '!E3+'Submetering '!F3+'Submetering '!G3+'Submetering '!H3+'Submetering '!I3+'Submetering '!J3+'Submetering '!K3+'Submetering '!L3>0,'Submetering '!E3+'Submetering '!F3+'Submetering '!G3+'Submetering '!H3+'Submetering '!I3+'Submetering '!J3+'Submetering '!K3+'Submetering '!L3,0) -> 222 | F2: 0.095807779 | G2: =IF(('Submetering '!M3)*2.8>0,('Submetering '!M3)*2.8,0) -> 282.8 | H2: 0.26031906 | I2: =IF(('Submetering '!N3+'Submetering '!O3)*2.83>0,('Submetering '!N3+'Submetering '!O3)*2.83,0) -> 64.241 | J2: 7.5929285 | K2: =IF(('Submetering '!P3+'Submetering '!Q3)*346.26>0,('Submetering '!P3+'Submetering '!Q3)*346.26,0) -> 17146.795 | L2: 0.089402633 | M2: 11 | N2: 21
A3: Seattle | B3: =B2+1 -> 2 | C3: 3 | D3: 2021 | E3: =IF('Submetering '!E4+'Submetering '!F4+'Submetering '!G4+'Submetering '!H4+'Submetering '!I4+'Submetering '!J4+'Submetering '!K4+'Submetering '!L4>0,'Submetering '!E4+'Submetering '!F4+'Submetering '!G4+'Submetering '!H4+'Submetering '!I4+'Submetering '!J4+'Submetering '!K4+'Submetering '!L4,0) -> 215 | F3: 0.095807779 | G3: =IF(('Submetering '!M4)*2.8>0,('Submetering '!M4)*2.8,0) -> 282.8 | H3: 0.26031906 | I3: =IF(('Submetering '!N4+'Submetering '!O4)*2.83>0,('Submetering '!N4+'Submetering '!O4)*2.83,0) -> 72.7027 | J3: 7.5929285 | K3: =IF(('Submetering '!P4+'Submetering '!Q4)*346.26>0,('Submetering '!P4+'Submetering '!Q4)*346.26,0) -> 19355.934 | L3: 0.089402633 | M3: 10 | N3: 17
A4: Seattle | B4: =B3+1 -> 3 | C4: 3 | D4: 2021 | E4: =IF('Submetering '!E5+'Submetering '!F5+'Submetering '!G5+'Submetering '!H5+'Submetering '!I5+'Submetering '!J5+'Submetering '!K5+'Submetering '!L5>0,'Submetering '!E5+'Submetering '!F5+'Submetering '!G5+'Submetering '!H5+'Submetering '!I5+'Submetering '!J5+'Submetering '!K5+'Submetering '!L5,0) -> 185 | F4: 0.095807779 | G4: =IF(('Submetering '!M5)*2.8>0,('Submetering '!M5)*2.8,0) -> 226.8 | H4: 0.26031906 | I4: =IF(('Submetering '!N5+'Submetering '!O5)*2.83>0,('Submetering '!N5+'Submetering '!O5)*2.83,0) -> 64.6938 | J4: 7.5929285 | K4: =IF(('Submetering '!P5+'Submetering '!Q5)*346.26>0,('Submetering '!P5+'Submetering '!Q5)*346.26,0) -> 21246.514 | L4: 0.089402633 | M4: 11 | N4: 18
A5: Seattle | B5: =B4+1 -> 4 | C5: 3 | D5: 2021 | E5: =IF('Submetering '!E6+'Submetering '!F6+'Submetering '!G6+'Submetering '!H6+'Submetering '!I6+'Submetering '!J6+'Submetering '!K6+'Submetering '!L6>0,'Submetering '!E6+'Submetering '!F6+'Submetering '!G6+'Submetering '!H6+'Submetering '!I6+'Submetering '!J6+'Submetering '!K6+'Submetering '!L6,0) -> 216 | F5: 0.095807779 | G5: =IF(('Submetering '!M6)*2.8>0,('Submetering '!M6)*2.8,0) -> 249.2 | H5: 0.26031906 | I5: =IF(('Submetering '!N6+'Submetering '!O6)*2.83>0,('Submetering '!N6+'Submetering '!O6)*2.83,0) -> 64.7787 | J5: 7.5929285 | K5: =IF(('Submetering '!P6+'Submetering '!Q6)*346.26>0,('Submetering '!P6+'Submetering '!Q6)*346.26,0) -> 13275.608 | L5: 0.089402633 | M5: 13 | N5: 24
A6: Seattle | B6: =B5+1 -> 5 | C6: 3 | D6: 2021 | E6: =IF('Submetering '!E7+'Submetering '!F7+'Submetering '!G7+'Submetering '!H7+'Submetering '!I7+'Submetering '!J7+'Submetering '!K7+'Submetering '!L7>0,'Submetering '!E7+'Submetering '!F7+'Submetering '!G7+'Submetering '!H7+'Submetering '!I7+'Submetering '!J7+'Submetering '!K7+'Submetering '!L7,0) -> 192 | F6: 0.095807779 | G6: =IF(('Submetering '!M7)*2.8>0,('Submetering '!M7)*2.8,0) -> 557.2 | H6: 0.26031906 | I6: =IF(('Submetering '!N7+'Submetering '!O7)*2.83>0,('Submetering '!N7+'Submetering '!O7)*2.83,0) -> 65.2032 | J6: 7.5929285 | K6: =IF(('Submetering '!P7+'Submetering '!Q7)*346.26>0,('Submetering '!P7+'Submetering '!Q7)*346.26,0) -> 15727.129 | L6: 0.089402633 | M6: 29 | N6: 62
A7: Seattle | B7: =B6+1 -> 6 | C7: 3 | D7: 2021 | E7: =IF('Submetering '!E8+'Submetering '!F8+'Submetering '!G8+'Submetering '!H8+'Submetering '!I8+'Submetering '!J8+'Submetering '!K8+'Submetering '!L8>0,'Submetering '!E8+'Submetering '!F8+'Submetering '!G8+'Submetering '!H8+'Submetering '!I8+'Submetering '!J8+'Submetering '!K8+'Submetering '!L8,0) -> 262 | F7: 0.095807779 | G7: =IF(('Submetering '!M8)*2.8>0,('Submetering '!M8)*2.8,0) -> 1108.8 | H7: 0.26031906 | I7: =IF(('Submetering '!N8+'Submetering '!O8)*2.83>0,('Submetering '!N8+'Submetering '!O8)*2.83,0) -> 110.4832 | J7: 7.5929285 | K7: =IF(('Submetering '!P8+'Submetering '!Q8)*346.26>0,('Submetering '!P8+'Submetering '!Q8)*346.26,0) -> 23580.306 | L7: 0.089402633 | M7: 38 | N7: 85
A8: Seattle | B8: =B7+1 -> 7 | C8: 3 | D8: 2021 | E8: =IF('Submetering '!E9+'Submetering '!F9+'Submetering '!G9+'Submetering '!H9+'Submetering '!I9+'Submetering '!J9+'Submetering '!K9+'Submetering '!L9>0,'Submetering '!E9+'Submetering '!F9+'Submetering '!G9+'Submetering '!H9+'Submetering '!I9+'Submetering '!J9+'Submetering '!K9+'Submetering '!L9,0) -> 159 | F8: 0.095807779 | G8: =IF(('Submetering '!M9)*2.8>0,('Submetering '!M9)*2.8,0) -> 711.2 | H8: 0.26031906 | I8: =IF(('Submetering '!N9+'Submetering '!O9)*2.83>0,('Submetering '!N9+'Submetering '!O9)*2.83,0) -> 92.9372 | J8: 7.5929285 | K8: =IF(('Submetering '!P9+'Submetering '!Q9)*346.26>0,('Submetering '!P9+'Submetering '!Q9)*346.26,0) -> 15803.306 | L8: 0.089402633 | M8: 15 | N8: 25
A9: Seattle | B9: =B8+1 -> 8 | C9: 3 | D9: 2021 | E9: =IF('Submetering '!E10+'Submetering '!F10+'Submetering '!G10+'Submetering '!H10+'Submetering '!I10+'Submetering '!J10+'Submetering '!K10+'Submetering '!L10>0,'Submetering '!E10+'Submetering '!F10+'Submetering '!G10+'Submetering '!H10+'Submetering '!I10+'Submetering '!J10+'Submetering '!K10+'Submetering '!L10,0) -> 206 | F9: 0.095807779 | G9: =IF(('Submetering '!M10)*2.8>0,('Submetering '!M10)*2.8,0) -> 798 | H9: 0.26031906 | I9: =IF(('Submetering '!N10+'Submetering '!O10)*2.83>0,('Submetering '!N10+'Submetering '!O10)*2.83,0) -> 67.92 | J9: 7.5929285 | K9: =IF(('Submetering '!P10+'Submetering '!Q10)*346.26>0,('Submetering '!P10+'Submetering '!Q10)*346.26,0) -> 19092.776 | L9: 0.089402633 | M9: 6 | N9: 10
A10: Seattle | B10: =B9+1 -> 9 | C10: 3 | D10: 2021 | E10: =IF('Submetering '!E11+'Submetering '!F11+'Submetering '!G11+'Submetering '!H11+'Submetering '!I11+'Submetering '!J11+'Submetering '!K11+'Submetering '!L11>0,'Submetering '!E11+'Submetering '!F11+'Submetering '!G11+'Submetering '!H11+'Submetering '!I11+'Submetering '!J11+'Submetering '!K11+'Submetering '!L11,0) -> 204 | F10: 0.095807779 | G10: =IF(('Submetering '!M11)*2.8>0,('Submetering '!M11)*2.8,0) -> 823.2 | H10: 0.26031906 | I10: =IF(('Submetering '!N11+'Submetering '!O11)*2.83>0,('Submetering '!N11+'Submetering '!O11)*2.83,0) -> 80.7682 | J10: 7.5929285 | K10: =IF(('Submetering '!P11+'Submetering '!Q11)*346.26>0,('Submetering '!P11+'Submetering '!Q11)*346.26,0) -> 17915.492 | L10: 0.089402633 | M10: 7 | N10: 12
A11: Seattle | B11: =B10+1 -> 10 | C11: 3 | D11: 2021 | E11: =IF('Submetering '!E12+'Submetering '!F12+'Submetering '!G12+'Submetering '!H12+'Submetering '!I12+'Submetering '!J12+'Submetering '!K12+'Submetering '!L12>0,'Submetering '!E12+'Submetering '!F12+'Submetering '!G12+'Submetering '!H12+'Submetering '!I12+'Submetering '!J12+'Submetering '!K12+'Submetering '!L12,0) -> 206 | F11: 0.095807779 | G11: =IF(('Submetering '!M12)*2.8>0,('Submetering '!M12)*2.8,0) -> 795.2 | H11: 0.26031906 | I11: =IF(('Submetering '!N12+'Submetering '!O12)*2.83>0,('Submetering '!N12+'Submetering '!O12)*2.83,0) -> 104.0025 | J11: 7.5929285 | K11: =IF(('Submetering '!P12+'Submetering '!Q12)*346.26>0,('Submetering '!P12+'Submetering '!Q12)*346.26,0) -> 17901.642 | L11: 0.089402633 | M11: 11 | N11: 15
A12: Seattle | B12: =B11+1 -> 11 | C12: 3 | D12: 2021 | E12: =IF('Submetering '!E13+'Submetering '!F13+'Submetering '!G13+'Submetering '!H13+'Submetering '!I13+'Submetering '!J13+'Submetering '!K13+'Submetering '!L13>0,'Submetering '!E13+'Submetering '!F13+'Submetering '!G13+'Submetering '!H13+'Submetering '!I13+'Submetering '!J13+'Submetering '!K13+'Submetering '!L13,0) -> 231 | F12: 0.095807779 | G12: =IF(('Submetering '!M13)*2.8>0,('Submetering '!M13)*2.8,0) -> 907.2 | H12: 0.26031906 | I12: =IF(('Submetering '!N13+'Submetering '!O13)*2.83>0,('Submetering '!N13+'Submetering '!O13)*2.83,0) -> 89.994 | J12: 7.5929285 | K12: =IF(('Submetering '!P13+'Submetering '!Q13)*346.26>0,('Submetering '!P13+'Submetering '!Q13)*346.26,0) -> 19861.474 | L12: 0.089402633 | M12: 14 | N12: 25
A13: Seattle | B13: =B12+1 -> 12 | C13: 3 | D13: 2021 | E13: =IF('Submetering '!E14+'Submetering '!F14+'Submetering '!G14+'Submetering '!H14+'Submetering '!I14+'Submetering '!J14+'Submetering '!K14+'Submetering '!L14>0,'Submetering '!E14+'Submetering '!F14+'Submetering '!G14+'Submetering '!H14+'Submetering '!I14+'Submetering '!J14+'Submetering '!K14+'Submetering '!L14,0) -> 176 | F13: 0.095807779 | G13: =IF(('Submetering '!M14)*2.8>0,('Submetering '!M14)*2.8,0) -> 784 | H13: 0.26031906 | I13: =IF(('Submetering '!N14+'Submetering '!O14)*2.83>0,('Submetering '!N14+'Submetering '!O14)*2.83,0) -> 74.6554 | J13: 7.5929285 | K13: =IF(('Submetering '!P14+'Submetering '!Q14)*346.26>0,('Submetering '!P14+'Submetering '!Q14)*346.26,0) -> 15041.534 | L13: 0.089402633 | M13: 24 | N13: 48
A14: Seattle | B14: =B13+1 -> 13 | C14: 3 | D14: 2021 | E14: =IF('Submetering '!E15+'Submetering '!F15+'Submetering '!G15+'Submetering '!H15+'Submetering '!I15+'Submetering '!J15+'Submetering '!K15+'Submetering '!L15>0,'Submetering '!E15+'Submetering '!F15+'Submetering '!G15+'Submetering '!H15+'Submetering '!I15+'Submetering '!J15+'Submetering '!K15+'Submetering '!L15,0) -> 204 | F14: 0.095807779 | G14: =IF(('Submetering '!M15)*2.8>0,('Submetering '!M15)*2.8,0) -> 887.6 | H14: 0.26031906 | I14: =IF(('Submetering '!N15+'Submetering '!O15)*2.83>0,('Submetering '!N15+'Submetering '!O15)*2.83,0) -> 88.6639 | J14: 7.5929285 | K14: =IF(('Submetering '!P15+'Submetering '!Q15)*346.26>0,('Submetering '!P15+'Submetering '!Q15)*346.26,0) -> 13081.703 | L14: 0.089402633 | M14: 34 | N14: 73
... A32: Seattle | B32: =B31+1 -> 31 | C32: 3 | D32: 2021 | E32: =IF('Submetering '!E33+'Submetering '!F33+'Submetering '!G33+'Submetering '!H33+'Submetering '!I33+'Submetering '!J33+'Submetering '!K33+'Submetering '!L33>0,'Submetering '!E33+'Submetering '!F33+'Submetering '!G33+'Submetering '!H33+'Submetering '!I33+'Submetering '!J33+'Submetering '!K33+'Submetering '!L33,0) -> 209 | F32: 0.095807779 | G32: =IF(('Submetering '!M33)*2.8>0,('Submetering '!M33)*2.8,0) -> 792.4 | H32: 0.26031906 | I32: =IF(('Submetering '!N33+'Submetering '!O33)*2.83>0,('Submetering '!N33+'Submetering '!O33)*2.83,0) -> 103.8044 | J32: 7.5929285 | K32: =IF(('Submetering '!P33+'Submetering '!Q33)*346.26>0,('Submetering '!P33+'Submetering '!Q33)*346.26,0) -> 13732.672 | L32: 0.089402633 | M32: 83 | N32: 139

Sheet Submetering 
A1: Site Name | B1: Day | C1: Month | D1: Year | E1: C Level Meter 768867 | F1: C Level Meter 768898 | G1: C Level Meter 789059 | H1: C Level 796579 | I1: C Level 796593 | J1: D Level 789073 | K1: 16th FL N 788970 | L1: 19th FL S 798644 | M1: Gas meter | N1: Domestic Water South | O1: Domestic Water North | P1: Condensate 1 (Steam 103-G) | Q1: Condensate 2 (Steam 7034-G)
A3: Seattle | B3: 1 | C3: 3 | D3: 2021 | E3: =DAILY!C4-DAILY!B4 -> 12 | F3: =DAILY!$C$5-DAILY!$B$5 -> 27 | G3: =DAILY!$C$6-DAILY!$B$6 -> 7 | H3: =DAILY!$C$7-DAILY!$B$7 -> 49 | I3: =DAILY!$C$8-DAILY!$B$8 -> 11 | J3: =DAILY!$C$9-DAILY!$B$9 -> 0 | K3: =DAILY!$C$10-DAILY!$B$10 -> 12 | L3: =DAILY!$C$11-DAILY!$B$11 -> 104 | M3: =DAILY!$C$12-DAILY!$B$12 -> 101 | N3: =DAILY!$C$13-DAILY!$B$13 -> 22.7 | O3: =DAILY!$C$14-DAILY!$B$14 -> 0 | P3: =DAILY!$C$15-DAILY!$B$15 -> 40.78 | Q3: =DAILY!$C$16-DAILY!$B$16 -> 8.74
A4: Seattle | B4: =B3+1 -> 2 | C4: 3 | D4: 2021 | E4: =DAILY!D4-DAILY!C4 -> 12 | F4: =DAILY!$D$5-DAILY!$C$5 -> 27 | G4: =DAILY!$D$6-DAILY!$C$6 -> 7 | H4: =DAILY!$D$7-DAILY!$C$7 -> 48 | I4: =DAILY!$D$8-DAILY!$C$8 -> 11 | J4: =DAILY!$D$9-DAILY!$C$9 -> 0 | K4: =DAILY!$D$10-DAILY!$C$10 -> 8 | L4: =DAILY!$D$11-DAILY!$C$11 -> 102 | M4: =DAILY!$D$12-DAILY!$C$12 -> 101 | N4: =DAILY!$D$13-DAILY!$C$13 -> 24.69 | O4: =DAILY!$D$14-DAILY!$C$14 -> 1 | P4: =DAILY!$D$15-DAILY!$C$15 -> 44.22 | Q4: =DAILY!$D$16-DAILY!$C$16 -> 11.68
A5: Seattle | B5: =B4+1 -> 3 | C5: 3 | D5: 2021 | E5: =DAILY!E4-DAILY!D4 -> 10 | F5: =DAILY!$E$5-DAILY!$D$5 -> 22 | G5: =DAILY!$E$6-DAILY!$D$6 -> 6 | H5: =DAILY!$E$7-DAILY!$D$7 -> 40 | I5: =DAILY!$E$8-DAILY!$D$8 -> 10 | J5: =DAILY!$E$9-DAILY!$D$9 -> 0 | K5: =DAILY!$E$10-DAILY!$D$10 -> 8 | L5: =DAILY!$E$11-DAILY!$D$11 -> 89 | M5: =DAILY!$E$12-DAILY!$D$12 -> 81 | N5: =DAILY!$E$13-DAILY!$D$13 -> 22.86 | O5: =DAILY!$E$14-DAILY!$D$14 -> 0 | P5: =DAILY!$E$15-DAILY!$D$15 -> 48.36 | Q5: =DAILY!$E$16-DAILY!$D$16 -> 13
A6: Seattle | B6: =B5+1 -> 4 | C6: 3 | D6: 2021 | E6: =DAILY!F4-DAILY!E4 -> 13 | F6: =DAILY!$F$5-DAILY!$E$5 -> 26 | G6: =DAILY!$F$6-DAILY!$E$6 -> 8 | H6: =DAILY!$F$7-DAILY!$E$7 -> 49 | I6: =DAILY!$F$8-DAILY!$E$8 -> 12 | J6: =DAILY!$F$9-DAILY!$E$9 -> 0 | K6: =DAILY!$F$10-DAILY!$E$10 -> 10 | L6: =DAILY!$F$11-DAILY!$E$11 -> 98 | M6: =DAILY!$F$12-DAILY!$E$12 -> 89 | N6: =DAILY!$F$13-DAILY!$E$13 -> 22.89 | O6: =DAILY!$F$14-DAILY!$E$14 -> 0 | P6: =DAILY!$F$15-DAILY!$E$15 -> 30.64 | Q6: =DAILY!$F$16-DAILY!$E$16 -> 7.7
A7: Seattle | B7: =B6+1 -> 5 | C7: 3 | D7: 2021 | E7: =DAILY!G4-DAILY!F4 -> 12 | F7: =DAILY!$G$5-DAILY!$F$5 -> 24 | G7: =DAILY!$G$6-DAILY!$F$6 -> 7 | H7: =DAILY!$G$7-DAILY!$F$7 -> 43 | I7: =DAILY!$G$8-DAILY!$F$8 -> 11 | J7: =DAILY!$G$9-DAILY!$F$9 -> 0 | K7: =DAILY!$G$10-DAILY!$F$10 -> 8 | L7: =DAILY!$G$11-DAILY!$F$11 -> 87 | M7: =DAILY!$G$12-DAILY!$F$12 -> 199 | N7: =DAILY!$G$13-DAILY!$F$13 -> 23.04 | O7: =DAILY!$G$14-DAILY!$F$14 -> 0 | P7: =DAILY!$G$15-DAILY!$F$15 -> 37.06 | Q7: =DAILY!$G$16-DAILY!$F$16 -> 8.36
A8: Seattle | B8: =B7+1 -> 6 | C8: 3 | D8: 2021 | E8: =DAILY!H4-DAILY!G4 -> 15 | F8: =DAILY!$H$5-DAILY!$G$5 -> 33 | G8: =DAILY!$H$6-DAILY!$G$6 -> 8 | H8: =DAILY!$H$7-DAILY!$G$7 -> 57 | I8: =DAILY!$H$8-DAILY!$G$8 -> 12 | J8: =DAILY!$H$9-DAILY!$G$9 -> 0 | K8: =DAILY!$H$10-DAILY!$G$10 -> 12 | L8: =DAILY!$H$11-DAILY!$G$11 -> 125 | M8: =DAILY!$H$12-DAILY!$G$12 -> 396 | N8: =DAILY!$H$13-DAILY!$G$13 -> 38.04 | O8: =DAILY!$H$14-DAILY!$G$14 -> 1 | P8: =DAILY!$H$15-DAILY!$G$15 -> 54.46 | Q8: =DAILY!$H$16-DAILY!$G$16 -> 13.64
A9: Seattle | B9: =B8+1 -> 7 | C9: 3 | D9: 2021 | E9: =DAILY!I4-DAILY!H4 -> 10 | F9: =DAILY!$I$5-DAILY!$H$5 -> 19 | G9: =DAILY!$I$6-DAILY!$H$6 -> 7 | H9: =DAILY!$I$7-DAILY!$H$7 -> 35 | I9: =DAILY!$I$8-DAILY!$H$8 -> 8 | J9: =DAILY!$I$9-DAILY!$H$9 -> 0 | K9: =DAILY!$I$10-DAILY!$H$10 -> 7 | L9: =DAILY!$I$11-DAILY!$H$11 -> 73 | M9: =DAILY!$I$12-DAILY!$H$12 -> 254 | N9: =DAILY!$I$13-DAILY!$H$13 -> 32.84 | O9: =DAILY!$I$14-DAILY!$H$14 -> 0 | P9: =DAILY!$I$15-DAILY!$H$15 -> 34.52 | Q9: =DAILY!$I$16-DAILY!$H$16 -> 11.12
A10: Seattle | B10: =B9+1 -> 8 | C10: 3 | D10: 2021 | E10: =DAILY!J4-DAILY!I4 -> 12 | F10: =DAILY!$J$5-DAILY!$I$5 -> 25 | G10: =DAILY!$J$6-DAILY!$I$6 -> 7 | H10: =DAILY!$J$7-DAILY!$I$7 -> 45 | I10: =DAILY!$J$8-DAILY!$I$8 -> 11 | J10: =DAILY!$J$9-DAILY!$I$9 -> 0 | K10: =DAILY!$J$10-DAILY!$I$10 -> 9 | L10: =DAILY!$J$11-DAILY!$I$11 -> 97 | M10: =DAILY!$J$12-DAILY!$I$12 -> 285 | N10: =DAILY!$J$13-DAILY!$I$13 -> 24 | O10: =DAILY!$J$14-DAILY!$I$14 -> 0 | P10: =DAILY!$J$15-DAILY!$I$15 -> 43.7 | Q10: =DAILY!$J$16-DAILY!$I$16 -> 11.44
A11: Seattle | B11: =B10+1 -> 9 | C11: 3 | D11: 2021 | E11: =DAILY!K4-DAILY!J4 -> 11 | F11: =DAILY!$K$5-DAILY!$J$5 -> 25 | G11: =DAILY!$K$6-DAILY!$J$6 -> 8 | H11: =DAILY!$K$7-DAILY!$J$7 -> 45 | I11: =DAILY!$K$8-DAILY!$J$8 -> 10 | J11: =DAILY!$K$9-DAILY!$J$9 -> 0 | K11: =DAILY!$K$10-DAILY!$J$10 -> 9 | L11: =DAILY!$K$11-DAILY!$J$11 -> 96 | M11: =DAILY!$K$12-DAILY!$J$12 -> 294 | N11: =DAILY!$K$13-DAILY!$J$13 -> 28.54 | O11: =DAILY!$K$14-DAILY!$J$14 -> 0 | P11: =DAILY!$K$15-DAILY!$J$15 -> 40.8 | Q11: =DAILY!$K$16-DAILY!$J$16 -> 10.94
A12: Seattle | B12: =B11+1 -> 10 | C12: 3 | D12: 2021 | E12: =DAILY!L4-DAILY!K4 -> 12 | F12: =DAILY!$L$5-DAILY!$K$5 -> 25 | G12: =DAILY!$L$6-DAILY!$K$6 -> 8 | H12: =DAILY!$L$7-DAILY!$K$7 -> 46 | I12: =DAILY!$L$8-DAILY!$K$8 -> 10 | J12: =DAILY!$L$9-DAILY!$K$9 -> 0 | K12: =DAILY!$L$10-DAILY!$K$10 -> 9 | L12: =DAILY!$L$11-DAILY!$K$11 -> 96 | M12: =DAILY!$L$12-DAILY!$K$12 -> 284 | N12: =DAILY!$L$13-DAILY!$K$13 -> 35.75 | O12: =DAILY!$L$14-DAILY!$K$14 -> 1 | P12: =DAILY!$L$15-DAILY!$K$15 -> 41.16 | Q12: =DAILY!$L$16-DAILY!$K$16 -> 10.54
A13: Seattle | B13: =B12+1 -> 11 | C13: 3 | D13: 2021 | E13: =DAILY!M4-DAILY!L4 -> 13 | F13: =DAILY!$M$5-DAILY!$L$5 -> 28 | G13: =DAILY!$M$6-DAILY!$L$6 -> 8 | H13: =DAILY!$M$7-DAILY!$L$7 -> 51 | I13: =DAILY!$M$8-DAILY!$L$8 -> 11 | J13: =DAILY!$M$9-DAILY!$L$9 -> 1 | K13: =DAILY!$M$10-DAILY!$L$10 -> 11 | L13: =DAILY!$M$11-DAILY!$L$11 -> 108 | M13: =DAILY!$M$12-DAILY!$L$12 -> 324 | N13: =DAILY!$M$13-DAILY!$L$13 -> 31.8 | O13: =DAILY!$M$14-DAILY!$L$14 -> 0 | P13: =DAILY!$M$15-DAILY!$L$15 -> 45.24 | Q13: =DAILY!$M$16-DAILY!$L$16 -> 12.12
A14: Seattle | B14: =B13+1 -> 12 | C14: 3 | D14: 2021 | E14: =DAILY!N4-DAILY!M4 -> 11 | F14: =DAILY!$N$5-DAILY!$M$5 -> 22 | G14: =DAILY!$N$6-DAILY!$M$6 -> 6 | H14: =DAILY!$N$7-DAILY!$M$7 -> 40 | I14: =DAILY!$N$8-DAILY!$M$8 -> 9 | J14: =DAILY!$N$9-DAILY!$M$9 -> 0 | K14: =DAILY!$N$10-DAILY!$M$10 -> 7 | L14: =DAILY!$N$11-DAILY!$M$11 -> 81 | M14: =DAILY!$N$12-DAILY!$M$12 -> 280 | N14: =DAILY!$N$13-DAILY!$M$13 -> 26.38 | O14: =DAILY!$N$14-DAILY!$M$14 -> 0 | P14: =DAILY!$N$15-DAILY!$M$15 -> 35.1 | Q14: =DAILY!$N$16-DAILY!$M$16 -> 8.34
A15: Seattle | B15: =B14+1 -> 13 | C15: 3 | D15: 2021 | E15: =DAILY!O4-DAILY!N4 -> 13 | F15: =DAILY!$O$5-DAILY!$N$5 -> 22 | G15: =DAILY!$O$6-DAILY!$N$6 -> 7 | H15: =DAILY!$O$7-DAILY!$N$7 -> 45 | I15: =DAILY!$O$8-DAILY!$N$8 -> 10 | J15: =DAILY!$O$9-DAILY!$N$9 -> 0 | K15: =DAILY!$O$10-DAILY!$N$10 -> 10 | L15: =DAILY!$O$11-DAILY!$N$11 -> 97 | M15: =DAILY!$O$12-DAILY!$N$12 -> 317 | N15: =DAILY!$O$13-DAILY!$N$13 -> 30.33 | O15: =DAILY!$O$14-DAILY!$N$14 -> 1 | P15: =DAILY!$O$15-DAILY!$N$15 -> 29.78 | Q15: =DAILY!$O$16-DAILY!$N$16 -> 8
A16: Seattle | B16: =B15+1 -> 14 | C16: 3 | D16: 2021 | E16: =DAILY!P4-DAILY!O4 -> 12 | F16: =DAILY!$P$5-DAILY!$O$5 -> 25 | G16: =DAILY!$P$6-DAILY!$O$6 -> 7 | H16: =DAILY!$P$7-DAILY!$O$7 -> 46 | I16: =DAILY!$P$8-DAILY!$O$8 -> 10 | J16: =DAILY!$P$9-DAILY!$O$9 -> 0 | K16: =DAILY!$P$10-DAILY!$O$10 -> 9 | L16: =DAILY!$P$11-DAILY!$O$11 -> 100 | M16: =DAILY!$P$12-DAILY!$O$12 -> 303 | N16: =DAILY!$P$13-DAILY!$O$13 -> 35.71 | O16: =DAILY!$P$14-DAILY!$O$14 -> 0 | P16: =DAILY!$P$15-DAILY!$O$15 -> 42.38 | Q16: =DAILY!$P$16-DAILY!$O$16 -> 11.1
A17: Seattle | B17: =B16+1 -> 15 | C17: 3 | D17: 2021 | E17: =DAILY!Q4-DAILY!P4 -> 11 | F17: =DAILY!$Q$5-DAILY!$P$5 -> 25 | G17: =DAILY!$Q$6-DAILY!$P$6 -> 7 | H17: =DAILY!$Q$7-DAILY!$P$7 -> 45 | I17: =DAILY!$Q$8-DAILY!$P$8 -> 12 | J17: =DAILY!$Q$9-DAILY!$P$9 -> 0 | K17: =DAILY!$Q$10-DAILY!$P$10 -> 12 | L17: =DAILY!$Q$11-DAILY!$P$11 -> 127 | M17: =DAILY!$Q$12-DAILY!$P$12 -> 271 | N17: =DAILY!$Q$13-DAILY!$P$13 -> 25.61 | O17: =DAILY!$Q$14-DAILY!$P$14 -> 0 | P17: =DAILY!$Q$15-DAILY!$P$15 -> 46.24 | Q17: =DAILY!$Q$16-DAILY!$P$16 -> 13.26
A18: Seattle | B18: =B17+1 -> 16 | C18: 3 | D18: 2021 | E18: =DAILY!R4-DAILY!Q4 -> 12 | F18: =DAILY!$R$5-DAILY!$Q$5 -> 24 | G18: =DAILY!$R$6-DAILY!$Q$6 -> 7 | H18: =DAILY!$R$7-DAILY!$Q$7 -> 45 | I18: =DAILY!$R$8-DAILY!$Q$8 -> 12 | J18: =DAILY!$R$9-DAILY!$Q$9 -> 0 | K18: =DAILY!$R$10-DAILY!$Q$10 -> 6 | L18: =DAILY!$R$11-DAILY!$Q$11 -> 67 | M18: =DAILY!$R$12-DAILY!$Q$12 -> 273 | N18: =DAILY!$R$13-DAILY!$Q$13 -> 24.47 | O18: =DAILY!$R$14-DAILY!$Q$14 -> 0 | P18: =DAILY!$R$15-DAILY!$Q$15 -> 43.68 | Q18: =DAILY!$R$16-DAILY!$Q$16 -> 11.64
A19: Seattle | B19: =B18+1 -> 17 | C19: 3 | D19: 2021 | E19: =DAILY!S4-DAILY!R4 -> 13 | F19: =DAILY!$S$5-DAILY!$R$5 -> 26 | G19: =DAILY!$S$6-DAILY!$R$6 -> 8 | H19: =DAILY!$S$7-DAILY!$R$7 -> 49 | I19: =DAILY!$S$8-DAILY!$R$8 -> 12 | J19: =DAILY!$S$9-DAILY!$R$9 -> 0 | K19: =DAILY!$S$10-DAILY!$R$10 -> 10 | L19: =DAILY!$S$11-DAILY!$R$11 -> 105 | M19: =DAILY!$S$12-DAILY!$R$12 -> 295 | N19: =DAILY!$S$13-DAILY!$R$13 -> 26.4 | O19: =DAILY!$S$14-DAILY!$R$14 -> 0 | P19: =DAILY!$S$15-DAILY!$R$15 -> 42.08 | Q19: =DAILY!$S$16-DAILY!$R$16 -> 9.74
A20: Seattle | B20: =B19+1 -> 18 | C20: 3 | D20: 2021 | E20: =DAILY!T4-DAILY!S4 -> 11 | F20: =DAILY!$T$5-DAILY!$S$5 -> 23 | G20: =DAILY!$T$6-DAILY!$S$6 -> 6 | H20: =DAILY!$T$7-DAILY!$S$7 -> 42 | I20: =DAILY!$T$8-DAILY!$S$8 -> 12 | J20: =DAILY!$T$9-DAILY!$S$9 -> 0 | K20: =DAILY!$T$10-DAILY!$S$10 -> 9 | L20: =DAILY!$T$11-DAILY!$S$11 -> 93 | M20: =DAILY!$T$12-DAILY!$S$12 -> 314 | N20: =DAILY!$T$13-DAILY!$S$13 -> 34.82 | O20: =DAILY!$T$14-DAILY!$S$14 -> 1 | P20: =DAILY!$T$15-DAILY!$S$15 -> 33.64 | Q20: =DAILY!$T$16-DAILY!$S$16 -> 7.02
A21: Seattle | B21: =B20+1 -> 19 | C21: 3 | D21: 2021 | E21: =DAILY!U4-DAILY!T4 -> 13 | F21: =DAILY!$U$5-DAILY!$T$5 -> 23 | G21: =DAILY!$U$6-DAILY!$T$6 -> 7 | H21: =DAILY!$U$7-DAILY!$T$7 -> 44 | I21: =DAILY!$U$8-DAILY!$T$8 -> 10 | J21: =DAILY!$U$9-DAILY!$T$9 -> 0 | K21: =DAILY!$U$10-DAILY!$T$10 -> 8 | L21: =DAILY!$U$11-DAILY!$T$11 -> 92 | M21: =DAILY!$U$12-DAILY!$T$12 -> 297 | N21: =DAILY!$U$13-DAILY!$T$13 -> 30.06 | O21: =DAILY!$U$14-DAILY!$T$14 -> 0 | P21: =DAILY!$U$15-DAILY!$T$15 -> 33.4 | Q21: =DAILY!$U$16-DAILY!$T$16 -> 6.66
A22: Seattle | B22: =B21+1 -> 20 | C22: 3 | D22: 2021 | E22: =DAILY!V4-DAILY!U4 -> 12 | F22: =DAILY!$V$5-DAILY!$U$5 -> 24 | G22: =DAILY!$V$6-DAILY!$U$6 -> 7 | H22: =DAILY!$V$7-DAILY!$U$7 -> 44 | I22: =DAILY!$V$8-DAILY!$U$8 -> 11 | J22: =DAILY!$V$9-DAILY!$U$9 -> 0 | K22: =DAILY!$V$10-DAILY!$U$10 -> 9 | L22: =DAILY!$V$11-DAILY!$U$11 -> 98 | M22: =DAILY!$V$12-DAILY!$U$12 -> 313 | N22: =DAILY!$V$13-DAILY!$U$13 -> 42.53 | O22: =DAILY!$V$14-DAILY!$U$14 -> 0 | P22: =DAILY!$V$15-DAILY!$U$15 -> 37.18 | Q22: =DAILY!$V$16-DAILY!$U$16 -> 7.26
A23: Seattle | B23: =B22+1 -> 21 | C23: 3 | D23: 2021 | E23: =DAILY!W4-DAILY!V4 -> 12 | F23: =DAILY!$W$5-DAILY!$V$5 -> 24 | G23: =DAILY!$W$6-DAILY!$V$6 -> 8 | H23: =DAILY!$W$7-DAILY!$V$7 -> 47 | I23: =DAILY!$W$8-DAILY!$V$8 -> 12 | J23: =DAILY!$W$9-DAILY!$V$9 -> 0 | K23: =DAILY!$W$10-DAILY!$V$10 -> 12 | L23: =DAILY!$W$11-DAILY!$V$11 -> 129 | M23: =DAILY!$W$12-DAILY!$V$12 -> 314 | N23: =DAILY!$W$13-DAILY!$V$13 -> 17.38 | O23: =DAILY!$W$14-DAILY!$V$14 -> 0 | P23: =DAILY!$W$15-DAILY!$V$15 -> 51.04 | Q23: =DAILY!$W$16-DAILY!$V$16 -> 12.24
A24: Seattle | B24: =B23+1 -> 22 | C24: 3 | D24: 2021 | E24: =DAILY!X4-DAILY!W4 -> 12 | F24: =DAILY!$X$5-DAILY!$W$5 -> 22 | G24: =DAILY!$X$6-DAILY!$W$6 -> 8 | H24: =DAILY!$X$7-DAILY!$W$7 -> 45 | I24: =DAILY!$X$8-DAILY!$W$8 -> 12 | J24: =DAILY!$X$9-DAILY!$W$9 -> 0 | K24: =DAILY!$X$10-DAILY!$W$10 -> 7 | L24: =DAILY!$X$11-DAILY!$W$11 -> 76 | M24: =DAILY!$X$12-DAILY!$W$12 -> 292 | N24: =DAILY!$X$13-DAILY!$W$13 -> 24.64 | O24: =DAILY!$X$14-DAILY!$W$14 -> 0 | P24: =DAILY!$X$15-DAILY!$W$15 -> 38.58 | Q24: =DAILY!$X$16-DAILY!$W$16 -> 8.96
A25: Seattle | B25: =B24+1 -> 23 | C25: 3 | D25: 2021 | E25: =DAILY!Y4-DAILY!X4 -> 13 | F25: =DAILY!$Y$5-DAILY!$X$5 -> 28 | G25: =DAILY!$Y$6-DAILY!$X$6 -> 8 | H25: =DAILY!$Y$7-DAILY!$X$7 -> 54 | I25: =DAILY!$Y$8-DAILY!$X$8 -> 14 | J25: =DAILY!$Y$9-DAILY!$X$9 -> 0 | K25: =DAILY!$Y$10-DAILY!$X$10 -> 11 | L25: =DAILY!$Y$11-DAILY!$X$11 -> 118 | M25: =DAILY!$Y$12-DAILY!$X$12 -> 323 | N25: =DAILY!$Y$13-DAILY!$X$13 -> 24.15 | O25: =DAILY!$Y$14-DAILY!$X$14 -> 0 | P25: =DAILY!$Y$15-DAILY!$X$15 -> 30.1 | Q25: =DAILY!$Y$16-DAILY!$X$16 -> 6.12
A26: Seattle | B26: =B25+1 -> 24 | C26: 3 | D26: 2021 | E26: =DAILY!Z4-DAILY!Y4 -> 11 | F26: =DAILY!$Z$5-DAILY!$Y$5 -> 22 | G26: =DAILY!$Z$6-DAILY!$Y$6 -> 7 | H26: =DAILY!$Z$7-DAILY!$Y$7 -> 42 | I26: =DAILY!$Z$8-DAILY!$Y$8 -> 11 | J26: =DAILY!$Z$9-DAILY!$Y$9 -> 0 | K26: =DAILY!$Z$10-DAILY!$Y$10 -> 9 | L26: =DAILY!$Z$11-DAILY!$Y$11 -> 94 | M26: =DAILY!$Z$12-DAILY!$Y$12 -> 249 | N26: =DAILY!$Z$13-DAILY!$Y$13 -> 26.65 | O26: =DAILY!$Z$14-DAILY!$Y$14 -> 1 | P26: =DAILY!$Z$15-DAILY!$Y$15 -> 34.46 | Q26: =DAILY!$Z$16-DAILY!$Y$16 -> 7.38
A27: Seattle | B27: =B26+1 -> 25 | C27: 3 | D27: 2021 | E27: =DAILY!AA4-DAILY!Z4 -> 12 | F27: =DAILY!$AA$5-DAILY!$Z$5 -> 22 | G27: =DAILY!$AA$6-DAILY!$Z$6 -> 6 | H27: =DAILY!$AA$7-DAILY!$Z$7 -> 44 | I27: =DAILY!$AA$8-DAILY!$Z$8 -> 12 | J27: =DAILY!$AA$9-DAILY!$Z$9 -> 0 | K27: =DAILY!$AA$10-DAILY!$Z$10 -> 8 | L27: =DAILY!$AA$11-DAILY!$Z$11 -> 93 | M27: =DAILY!$AA$12-DAILY!$Z$12 -> 270 | N27: =DAILY!$AA$13-DAILY!$Z$13 -> 31.45 | O27: =DAILY!$AA$14-DAILY!$Z$14 -> 0 | P27: =DAILY!$AA$15-DAILY!$Z$15 -> 32.64 | Q27: =DAILY!$AA$16-DAILY!$Z$16 -> 6.94
A28: Seattle | B28: =B27+1 -> 26 | C28: 3 | D28: 2021 | E28: =DAILY!AB4-DAILY!AA4 -> 12 | F28: =DAILY!$AB$5-DAILY!$AA$5 -> 22 | G28: =DAILY!$AB$6-DAILY!$AA$6 -> 8 | H28: =DAILY!$AB$7-DAILY!$AA$7 -> 43 | I28: =DAILY!$AB$8-DAILY!$AA$8 -> 13 | J28: =DAILY!$AB$9-DAILY!$AA$9 -> 0 | K28: =DAILY!$AB$10-DAILY!$AA$10 -> 9 | L28: =DAILY!$AB$11-DAILY!$AA$11 -> 90 | M28: =DAILY!$AB$12-DAILY!$AA$12 -> 307 | N28: =DAILY!$AB$13-DAILY!$AA$13 -> 31.27 | O28: =DAILY!$AB$14-DAILY!$AA$14 -> 0 | P28: =DAILY!$AB$15-DAILY!$AA$15 -> 33.56 | Q28: =DAILY!$AB$16-DAILY!$AA$16 -> 6.36
A29: Seattle | B29: =B28+1 -> 27 | C29: 3 | D29: 2021 | E29: =DAILY!AC4-DAILY!AB4 -> 17 | F29: =DAILY!$AC$5-DAILY!$AB$5 -> 31 | G29: =DAILY!$AC$6-DAILY!$AB$6 -> 8 | H29: =DAILY!$AC$7-DAILY!$AB$7 -> 42 | I29: =DAILY!$AC$8-DAILY!$AB$8 -> 18 | J29: =DAILY!$AC$9-DAILY!$AB$9 -> 0 | K29: =DAILY!$AC$10-DAILY!$AB$10 -> 10 | L29: =DAILY!$AC$11-DAILY!$AB$11 -> 103 | M29: =DAILY!$AC$12-DAILY!$AB$12 -> 204 | N29: =DAILY!$AC$13-DAILY!$AB$13 -> 27.89 | O29: =DAILY!$AC$14-DAILY!$AB$14 -> 0 | P29: =DAILY!$AC$15-DAILY!$AB$15 -> 42.14 | Q29: =DAILY!$AC$16-DAILY!$AB$16 -> 6.87
A30: Seattle | B30: =B29+1 -> 28 | C30: 3 | D30: 2021 | E30: =DAILY!AD4-DAILY!AC4 -> 10 | F30: =DAILY!$AD$5-DAILY!$AC$5 -> 17 | G30: =DAILY!$AD$6-DAILY!$AC$6 -> 7 | H30: =DAILY!$AD$7-DAILY!$AC$7 -> 50 | I30: =DAILY!$AD$8-DAILY!$AC$8 -> 6 | J30: =DAILY!$AD$9-DAILY!$AC$9 -> 0 | K30: =DAILY!$AD$10-DAILY!$AC$10 -> 9 | L30: =DAILY!$AD$11-DAILY!$AC$11 -> 103 | M30: =DAILY!$AD$12-DAILY!$AC$12 -> 472 | N30: =DAILY!$AD$13-DAILY!$AC$13 -> 52.61 | O30: =DAILY!$AD$14-DAILY!$AC$14 -> 0 | P30: =DAILY!$AD$15-DAILY!$AC$15 -> 36.36 | Q30: =DAILY!$AD$16-DAILY!$AC$16 -> 10.39
A31: Seattle | B31: =B30+1 -> 29 | C31: 3 | D31: 2021 | E31: =DAILY!AE4-DAILY!AD4 -> 13 | F31: =DAILY!$AE$5-DAILY!$AD$5 -> 24 | G31: =DAILY!$AE$6-DAILY!$AD$6 -> 8 | H31: =DAILY!$AE$7-DAILY!$AD$7 -> 46 | I31: =DAILY!$AE$8-DAILY!$AD$8 -> 12 | J31: =DAILY!$AE$9-DAILY!$AD$9 -> 0 | K31: =DAILY!$AE$10-DAILY!$AD$10 -> 9 | L31: =DAILY!$AE$11-DAILY!$AD$11 -> 100 | M31: =DAILY!$AE$12-DAILY!$AD$12 -> 299 | N31: =DAILY!$AE$13-DAILY!$AD$13 -> 32.49 | O31: =DAILY!$AE$14-DAILY!$AD$14 -> 1 | P31: =DAILY!$AE$15-DAILY!$AD$15 -> 40.3 | Q31: =DAILY!$AE$16-DAILY!$AD$16 -> 9.08
A32: Seattle | B32: =B31+1 -> 30 | C32: 3 | D32: 2021 | E32: =DAILY!AF4-DAILY!AE4 -> 12 | F32: =DAILY!$AF$5-DAILY!$AE$5 -> 24 | G32: =DAILY!$AF$6-DAILY!$AE$6 -> 8 | H32: =DAILY!$AF$7-DAILY!$AE$7 -> 46 | I32: =DAILY!$AF$8-DAILY!$AE$8 -> 12 | J32: =DAILY!$AF$9-DAILY!$AE$9 -> 0 | K32: =DAILY!$AF$10-DAILY!$AE$10 -> 9 | L32: =DAILY!$AF$11-DAILY!$AE$11 -> 99 | M32: =DAILY!$AF$12-DAILY!$AE$12 -> 295 | N32: =DAILY!$AF$13-DAILY!$AE$13 -> 39.51 | O32: =DAILY!$AF$14-DAILY!$AE$14 -> 0 | P32: =DAILY!$AF$15-DAILY!$AE$15 -> 38.46 | Q32: =DAILY!$AF$16-DAILY!$AE$16 -> 8.64
A33: Seattle | B33: =B32+1 -> 31 | C33: 3 | D33: 2021 | E33: =DAILY!AG4-DAILY!AF4 -> 13 | F33: =DAILY!$AG$5-DAILY!$AF$5 -> 22 | G33: =DAILY!$AG$6-DAILY!$AF$6 -> 8 | H33: =DAILY!$AG$7-DAILY!$AF$7 -> 46 | I33: =DAILY!$AG$8-DAILY!$AF$8 -> 13 | J33: =DAILY!$AG$9-DAILY!$AF$9 -> 0 | K33: =DAILY!$AG$10-DAILY!$AF$10 -> 9 | L33: =DAILY!$AG$11-DAILY!$AF$11 -> 98 | M33: =DAILY!$AG$12-DAILY!$AF$12 -> 283 | N33: =DAILY!$AG$13-DAILY!$AF$13 -> 36.68 | O33: =DAILY!$AG$14-DAILY!$AF$14 -> 0 | P33: =DAILY!$AG$15-DAILY!$AF$15 -> 33.18 | Q33: =DAILY!$AG$16-DAILY!$AF$16 -> 6.48

Sheet DAILY
A1: July Meter Readings
A2: Location/Meter | C2: Readings
B3: 44255 | C3: 44256 | D3: =SUM(C3+1) -> 44257 | E3: =SUM(D3+1) -> 44258 | F3: =SUM(E3+1) -> 44259 | G3: =SUM(F3+1) -> 44260 | H3: =SUM(G3+1) -> 44261 | I3: =SUM(H3+1) -> 44262 | J3: =SUM(I3+1) -> 44263 | K3: =SUM(J3+1) -> 44264 | ... AG3: =SUM(AF3+1) -> 44286
A4: C Level Meter 768867 | B4: 86971 | C4: 86983 | D4: 86995 | E4: 87005 | F4: 87018 | G4: 87030 | H4: 87045 | I4: 87055 | J4: 87067 | K4: 87078 | L4: 87090 | M4: 87103 | N4: 87114 | O4: 87127 | P4: 87139 | Q4: 87150 | R4: 87162 | S4: 87175 | T4: 87186 | U4: 87199 | V4: 87211 | W4: 87223 | X4: 87235 | Y4: 87248 | Z4: 87259 | AA4: 87271 | AB4: 87283 | AC4: 87300 | AD4: 87310 | AE4: 87323 | AF4: 87335 | AG4: 87348
A5: C Level Meter 768898 | B5: 114080 | C5: 114107 | D5: 114134 | E5: 114156 | F5: 114182 | G5: 114206 | H5: 114239 | I5: 114258 | J5: 114283 | K5: 114308 | L5: 114333 | M5: 114361 | N5: 114383 | O5: 114405 | P5: 114430 | Q5: 114455 | R5: 114479 | S5: 114505 | T5: 114528 | U5: 114551 | V5: 114575 | W5: 114599 | X5: 114621 | Y5: 114649 | Z5: 114671 | AA5: 114693 | AB5: 114715 | AC5: 114746 | AD5: 114763 | AE5: 114787 | AF5: 114811 | AG5: 114833
A6: C Level Meter 789059 | B6: 52171 | C6: 52178 | D6: 52185 | E6: 52191 | F6: 52199 | G6: 52206 | H6: 52214 | I6: 52221 | J6: 52228 | K6: 52236 | L6: 52244 | M6: 52252 | N6: 52258 | O6: 52265 | P6: 52272 | Q6: 52279 | R6: 52286 | S6: 52294 | T6: 52300 | U6: 52307 | V6: 52314 | W6: 52322 | X6: 52330 | Y6: 52338 | Z6: 52345 | AA6: 52351 | AB6: 52359 | AC6: 52367 | AD6: 52374 | AE6: 52382 | AF6: 52390 | AG6: 52398
A7: C Level 796579 | B7: 339515 | C7: 339564 | D7: 339612 | E7: 339652 | F7: 339701 | G7: 339744 | H7: 339801 | I7: 339836 | J7: 339881 | K7: 339926 | L7: 339972 | M7: 340023 | N7: 340063 | O7: 340108 | P7: 340154 | Q7: 340199 | R7: 340244 | S7: 340293 | T7: 340335 | U7: 340379 | V7: 340423 | W7: 340470 | X7: 340515 | Y7: 340569 | Z7: 340611 | AA7: 340655 | AB7: 340698 | AC7: 340740 | AD7: 340790 | AE7: 340836 | AF7: 340882 | AG7: 340928
A8: C Level 796593 | B8: 43961 | C8: 43972 | D8: 43983 | E8: 43993 | F8: 44005 | G8: 44016 | H8: 44028 | I8: 44036 | J8: 44047 | K8: 44057 | L8: 44067 | M8: 44078 | N8: 44087 | O8: 44097 | P8: 44107 | Q8: 44119 | R8: 44131 | S8: 44143 | T8: 44155 | U8: 44165 | V8: 44176 | W8: 44188 | X8: 44200 | Y8: 44214 | Z8: 44225 | AA8: 44237 | AB8: 44250 | AC8: 44268 | AD8: 44274 | AE8: 44286 | AF8: 44298 | AG8: 44311
A9: D Level 789073 | B9: 0124 | C9: 0124 | D9: 0124 | E9: 0124 | F9: 0124 | G9: 0124 | H9: 0124 | I9: 0124 | J9: 0124 | K9: 0124 | L9: 0124 | M9: 0125 | N9: 0125 | O9: 0125 | P9: 0125 | Q9: 0125 | R9: 0125 | S9: 0125 | T9: 0125 | U9: 0125 | V9: 0125 | W9: 0125 | X9: 0125 | Y9: 0125 | Z9: 0125 | AA9: 0125 | AB9: 0125 | AC9: 0125 | AD9: 0125 | AE9: 0125 | AF9: 0125 | AG9: 0125
A10: 16th FL N 788970 | B10: 86654 | C10: 86666 | D10: 86674 | E10: 86682 | F10: 86692 | G10: 86700 | H10: 86712 | I10: 86719 | J10: 86728 | K10: 86737 | L10: 86746 | M10: 86757 | N10: 86764 | O10: 86774 | P10: 86783 | Q10: 86795 | R10: 86801 | S10: 86811 | T10: 86820 | U10: 86828 | V10: 86837 | W10: 86849 | X10: 86856 | Y10: 86867 | Z10: 86876 | AA10: 86884 | AB10: 86893 | AC10: 86903 | AD10: 86912 | AE10: 86921 | AF10: 86930 | AG10: 86939
A11: 19th FL S 798644 | B11: 96739 | C11: 96843 | D11: 96945 | E11: 97034 | F11: 97132 | G11: 97219 | H11: 97344 | I11: 97417 | J11: 97514 | K11: 97610 | L11: 97706 | M11: 97814 | N11: 97895 | O11: 97992 | P11: 98092 | Q11: 98219 | R11: 98286 | S11: 98391 | T11: 98484 | U11: 98576 | V11: 98674 | W11: 98803 | X11: 98879 | Y11: 98997 | Z11: 99091 | AA11: 99184 | AB11: 99274 | AC11: 99377 | AD11: 99480 | AE11: 99580 | AF11: 99679 | AG11: 99777
A12: Gas meter | B12: 228349 | C12: 228450 | D12: 228551 | E12: 228632 | F12: 228721 | G12: 228920 | H12: 229316 | I12: 229570 | J12: 229855 | K12: 230149 | L12: 230433 | M12: 230757 | N12: 231037 | O12: 231354 | P12: 231657 | Q12: 231928 | R12: 232201 | S12: 232496 | T12: 232810 | U12: 233107 | V12: 233420 | W12: 233734 | X12: 234026 | Y12: 234349 | Z12: 234598 | AA12: 234868 | AB12: 235175 | AC12: 235379 | AD12: 235851 | AE12: 236150 | AF12: 236445 | AG12: 236728
A13: Domestic Water South | B13: 47309.56 | C13: 47332.26 | D13: 47356.95 | E13: 47379.81 | F13: 47402.70 | G13: 47425.74 | H13: 47463.78 | I13: 47496.62 | J13: 47520.62 | K13: 47549.16 | L13: 47584.91 | M13: 47616.71 | N13: 47643.09 | O13: 47673.42 | P13: 47709.13 | Q13: 47734.74 | R13: 47759.21 | S13: 47785.61 | T13: 47820.43 | U13: 47850.49 | V13: 47893.02 | W13: 47910.40 | X13: 47935.04 | Y13: 47959.19 | Z13: 47985.84 | AA13: 48017.29 | AB13: 48048.56 | AC13: 48076.45 | AD13: 48129.06 | AE13: 48161.55 | AF13: 48201.06 | AG13: 48237.74
A14: Domestic Water North | B14: 8579 | C14: 8579 | D14: 8580 | E14: 8580 | F14: 8580 | G14: 8580 | H14: 8581 | I14: 8581 | J14: 8581 | K14: 8581 | L14: 8582 | M14: 8582 | N14: 8582 | O14: 8583 | P14: 8583 | Q14: 8583 | R14: 8583 | S14: 8583 | T14: 8584 | U14: 8584 | V14: 8584 | W14: 8584 | X14: 8584 | Y14: 8584 | Z14: 8585 | AA14: 8585 | AB14: 8585 | AC14: 8585 | AD14: 8585 | AE14: 8586 | AF14: 8586 | AG14: 8586
A15: Condensate 1 (Steam 103-G) | B15: 125381.38 | C15: 125422.16 | D15: 125466.38 | E15: 125514.74 | F15: 125545.38 | G15: 125582.44 | H15: 125636.90 | I15: 125671.42 | J15: 125715.12 | K15: 125755.92 | L15: 125797.08 | M15: 125842.32 | N15: 125877.42 | O15: 125907.20 | P15: 125949.58 | Q15: 125995.82 | R15: 126039.50 | S15: 126081.58 | T15: 126115.22 | U15: 126148.62 | V15: 126185.80 | W15: 126236.84 | X15: 126275.42 | Y15: 126305.52 | Z15: 126339.98 | AA15: 126372.62 | AB15: 126406.18 | AC15: 126448.32 | AD15: 126484.68 | AE15: 126524.98 | AF15: 126563.44 | AG15: 126596.62
A16: Condensate 2 (Steam 7034-G) | B16: 43362.07 | C16: 43370.81 | D16: 43382.49 | E16: 43395.49 | F16: 43403.19 | G16: 43411.55 | H16: 43425.19 | I16: 43436.31 | J16: 43447.75 | K16: 43458.69 | L16: 43469.23 | M16: 43481.35 | N16: 43489.69 | O16: 43497.69 | P16: 43508.79 | Q16: 43522.05 | R16: 43533.69 | S16: 43543.43 | T16: 43550.45 | U16: 43557.11 | V16: 43564.37 | W16: 43576.61 | X16: 43585.57 | Y16: 43591.69 | Z16: 43599.07 | AA16: 43606.01 | AB16: 43612.37 | AC16: 43619.24 | AD16: 43629.63 | AE16: 43638.71 | AF16: 43647.35 | AG16: 43653.83
