Workbook

Sheet Total Daily 
A1: Site Name | B1: Day | C1: Month | D1: Year | E1: Total Electricity Kwh | F1: Electricity Tariff ($/Kwh) | G1: LPG (Kg) | H1: LPG $/Kg | I1: District Energy Cooling Kwh | J1: District Energy Cooling $/Kwh | K1: Water Utility Supply (m3) m3 | L1: Water Utility Supply (m3) m3 | M1: Water Utility Supply (m3) $/m3 | N1: Room Nights
A2: Dubai DIFC | B2: 1 | C2: 8 | D2: 2021 | E2: ='8 - 2021'!B8-'8 - 2021'!B7+'8 - 2021'!C8-'8 - 2021'!C7 -> 9590 | F2: 0.118 | G2: ='8 - 2021'!D8-'8 - 2021'!D7+'8 - 2021'!E8-'8 - 2021'!E7 -> 22.1 | H2: 0.99 | I2: ='8 - 2021'!J8-'8 - 2021'!J7 -> 44544 | J2: 0.081 | K2: ='8 - 2021'!H8-'8 - 2021'!H7 -> 0 | L2: ='8 - 2021'!I8-'8 - 2021'!I7 -> 86 | M2: 4.3936294 | N2: 26
A3: Dubai DIFC | B3: =B2+1 -> 2 | C3: 8 | D3: 2021 | E3: ='8 - 2021'!B9-'8 - 2021'!B8+'8 - 2021'!C9-'8 - 2021'!C8 -> 9334 | F3: 0.118 | G3: ='8 - 2021'!D9-'8 - 2021'!D8+'8 - 2021'!E9-'8 - 2021'!E8 -> 19.98 | H3: 0.99 | I3: ='8 - 2021'!J9-'8 - 2021'!J8 -> 38184 | J3: 0.081 | K3: ='8 - 2021'!H9-'8 - 2021'!H8 -> 0 | L3: ='8 - 2021'!I9-'8 - 2021'!I8 -> 84 | M3: 4.3936294 | N3: 25
A4: Dubai DIFC | B4: =B3+1 -> 3 | C4: 8 | D4: 2021 | E4: ='8 - 2021'!B10-'8 - 2021'!B9+'8 - 2021'!C10-'8 - 2021'!C9 -> 9379 | F4: 0.118 | G4: ='8 - 2021'!D10-'8 - 2021'!D9+'8 - 2021'!E10-'8 - 2021'!E9 -> 22.39 | H4: 0.99 | I4: ='8 - 2021'!J10-'8 - 2021'!J9 -> 34664 | J4: 0.081 | K4: ='8 - 2021'!H10-'8 - 2021'!H9 -> 0 | L4: ='8 - 2021'!I10-'8 - 2021'!I9 -> 88 | M4: 4.3936294 | N4: 24
A5: Dubai DIFC | B5: =B4+1 -> 4 | C5: 8 | D5: 2021 | E5: ='8 - 2021'!B11-'8 - 2021'!B10+'8 - 2021'!C11-'8 - 2021'!C10 -> 9563 | F5: 0.118 | G5: ='8 - 2021'!D11-'8 - 2021'!D10+'8 - 2021'!E11-'8 - 2021'!E10 -> 25.37 | H5: 0.99 | I5: ='8 - 2021'!J11-'8 - 2021'!J10 -> 38412 | J5: 0.081 | K5: ='8 - 2021'!H11-'8 - 2021'!H10 -> 0 | L5: ='8 - 2021'!I11-'8 - 2021'!I10 -> 84 | M5: 4.3936294 | N5: 28
A6: Dubai DIFC | B6: =B5+1 -> 5 | C6: 8 | D6: 2021 | E6: ='8 - 2021'!B12-'8 - 2021'!B11+'8 - 2021'!C12-'8 - 2021'!C11 -> 9291 | F6: 0.118 | G6: ='8 - 2021'!D12-'8 - 2021'!D11+'8 - 2021'!E12-'8 - 2021'!E11 -> 24.22 | H6: 0.99 | I6: ='8 - 2021'!J12-'8 - 2021'!J11 -> 39157 | J6: 0.081 | K6: ='8 - 2021'!H12-'8 - 2021'!H11 -> 0 | L6: ='8 - 2021'!I12-'8 - 2021'!I11 -> 94 | M6: 4.3936294 | N6: 36
A7: Dubai DIFC | B7: =B6+1 -> 6 | C7: 8 | D7: 2021 | E7: ='8 - 2021'!B13-'8 - 2021'!B12+'8 - 2021'!C13-'8 - 2021'!C12 -> 9246 | F7: 0.118 | G7: ='8 - 2021'!D13-'8 - 2021'!D12+'8 - 2021'!E13-'8 - 2021'!E12 -> 19.83 | H7: 0.99 | I7: ='8 - 2021'!J13-'8 - 2021'!J12 -> 39547 | J7: 0.081 | K7: ='8 - 2021'!H13-'8 - 2021'!H12 -> 0 | L7: ='8 - 2021'!I13-'8 - 2021'!I12 -> 87 | M7: 4.3936294 | N7: 31
A8: Dubai DIFC | B8: =B7+1 -> 7 | C8: 8 | D8: 2021 | E8: ='8 - 2021'!B14-'8 - 2021'!B13+'8 - 2021'!C14-'8 - 2021'!C13 -> 9710 | F8: 0.118 | G8: ='8 - 2021'!D14-'8 - 2021'!D13+'8 - 2021'!E14-'8 - 2021'!E13 -> 24.3 | H8: 0.99 | I8: ='8 - 2021'!J14-'8 - 2021'!J13 -> 40268 | J8: 0.081 | K8: ='8 - 2021'!H14-'8 - 2021'!H13 -> 0 | L8: ='8 - 2021'!I14-'8 - 2021'!I13 -> 84 | M8: 4.3936294 | N8: 30
A9: Dubai DIFC | B9: =B8+1 -> 8 | C9: 8 | D9: 2021 | E9: ='8 - 2021'!B15-'8 - 2021'!B14+'8 - 2021'!C15-'8 - 2021'!C14 -> 9403 | F9: 0.118 | G9: ='8 - 2021'!D15-'8 - 2021'!D14+'8 - 2021'!E15-'8 - 2021'!E14 -> 20.18 | H9: 0.99 | I9: ='8 - 2021'!J15-'8 - 2021'!J14 -> 42548 | J9: 0.081 | K9: ='8 - 2021'!H15-'8 - 2021'!H14 -> 0 | L9: ='8 - 2021'!I15-'8 - 2021'!I14 -> 86 | M9: 4.3936294 | N9: 27
A10: Dubai DIFC | B10: =B9+1 -> 9 | C10: 8 | D10: 2021 | E10: ='8 - 2021'!B16-'8 - 2021'!B15+'8 - 2021'!C16-'8 - 2021'!C15 -> 9040 | F10: 0.118 | G10: ='8 - 2021'!D16-'8 - 2021'!D15+'8 - 2021'!E16-'8 - 2021'!E15 -> 23.94 | H10: 0.99 | I10: ='8 - 2021'!J16-'8 - 2021'!J15 -> 35816 | J10: 0.081 | K10: ='8 - 2021'!H16-'8 - 2021'!H15 -> 0 | L10: ='8 - 2021'!I16-'8 - 2021'!I15 -> 80 | M10: 4.3936294 | N10: 25
A11: Dubai DIFC | B11: =B10+1 -> 10 | C11: 8 | D11: 2021 | E11: ='8 - 2021'!B17-'8 - 2021'!B16+'8 - 2021'!C17-'8 - 2021'!C16 -> 9187 | F11: 0.118 | G11: ='8 - 2021'!D17-'8 - 2021'!D16+'8 - 2021'!E17-'8 - 2021'!E16 -> 21.76 | H11: 0.99 | I11: ='8 - 2021'!J17-'8 - 2021'!J16 -> 32408 | J11: 0.081 | K11: ='8 - 2021'!H17-'8 - 2021'!H16 -> 0 | L11: ='8 - 2021'!I17-'8 - 2021'!I16 -> 85 | M11: 4.3936294 | N11: 24
A12: Dubai DIFC | B12: =B11+1 -> 11 | C12: 8 | D12: 2021 | E12: 0 | F12: 0.118 | G12: 0 | H12: 0.99 | I12: 0 | J12: 0.081 | K12: 0 | L12: 0 | M12: 4.3936294
A13: Dubai DIFC | B13: =B12+1 -> 12 | C13: 8 | D13: 2021 | E13: ='8 - 2021'!B19-'8 - 2021'!B18+'8 - 2021'!C19-'8 - 2021'!C18 -> 0 | F13: 0.118 | G13: ='8 - 2021'!D19-'8 - 2021'!D18+'8 - 2021'!E19-'8 - 2021'!E18 -> 0 | H13: 0.99 | I13: ='8 - 2021'!J19-'8 - 2021'!J18 -> 0 | J13: 0.081 | K13: ='8 - 2021'!H19-'8 - 2021'!H18 -> 0 | L13: ='8 - 2021'!I19-'8 - 2021'!I18 -> 0 | M13: 4.3936294
A14: Dubai DIFC | B14: =B13+1 -> 13 | C14: 8 | D14: 2021 | E14: ='8 - 2021'!B20-'8 - 2021'!B19+'8 - 2021'!C20-'8 - 2021'!C19 -> 0 | F14: 0.118 | G14: ='8 - 2021'!D20-'8 - 2021'!D19+'8 - 2021'!E20-'8 - 2021'!E19 -> 0 | H14: 0.99 | I14: ='8 - 2021'!J20-'8 - 2021'!J19 -> 0 | J14: 0.081 | K14: ='8 - 2021'!H20-'8 - 2021'!H19 -> 0 | L14: ='8 - 2021'!I20-'8 - 2021'!I19 -> 0 | M14: 4.3936294
A15: Dubai DIFC | B15: =B14+1 -> 14 | C15: 8 | D15: 2021 | E15: ='8 - 2021'!B21-'8 - 2021'!B20+'8 - 2021'!C21-'8 - 2021'!C20 -> 0 | F15: 0.118 | G15: ='8 - 2021'!D21-'8 - 2021'!D20+'8 - 2021'!E21-'8 - 2021'!E20 -> 0 | H15: 0.99 | I15: ='8 - 2021'!J21-'8 - 2021'!J20 -> 0 | J15: 0.081 | K15: ='8 - 2021'!H21-'8 - 2021'!H20 -> 0 | L15: ='8 - 2021'!I21-'8 - 2021'!I20 -> 0 | M15: 4.3936294
A16: Dubai DIFC | B16: =B15+1 -> 15 | C16: 8 | D16: 2021 | E16: ='8 - 2021'!B22-'8 - 2021'!B21+'8 - 2021'!C22-'8 - 2021'!C21 -> 0 | F16: 0.118 | G16: ='8 - 2021'!D22-'8 - 2021'!D21+'8 - 2021'!E22-'8 - 2021'!E21 -> 0 | H16: 0.99 | I16: ='8 - 2021'!J22-'8 - 2021'!J21 -> 0 | J16: 0.081 | K16: ='8 - 2021'!H22-'8 - 2021'!H21 -> 0 | L16: ='8 - 2021'!I22-'8 - 2021'!I21 -> 0 | M16: 4.3936294
A17: Dubai DIFC | B17: =B16+1 -> 16 | C17: 8 | D17: 2021 | E17: ='8 - 2021'!B23-'8 - 2021'!B22+'8 - 2021'!C23-'8 - 2021'!C22 -> 0 | F17: 0.118 | G17: ='8 - 2021'!D23-'8 - 2021'!D22+'8 - 2021'!E23-'8 - 2021'!E22 -> 0 | H17: 0.99 | I17: ='8 - 2021'!J23-'8 - 2021'!J22 -> 0 | J17: 0.081 | K17: ='8 - 2021'!H23-'8 - 2021'!H22 -> 0 | L17: ='8 - 2021'!I23-'8 - 2021'!I22 -> 0 | M17: 4.3936294
A18: Dubai DIFC | B18: =B17+1 -> 17 | C18: 8 | D18: 2021 | E18: ='8 - 2021'!B24-'8 - 2021'!B23+'8 - 2021'!C24-'8 - 2021'!C23 -> 0 | F18: 0.118 | G18: ='8 - 2021'!D24-'8 - 2021'!D23+'8 - 2021'!E24-'8 - 2021'!E23 -> 0 | H18: 0.99 | I18: ='8 - 2021'!J24-'8 - 2021'!J23 -> 0 | J18: 0.081 | K18: ='8 - 2021'!H24-'8 - 2021'!H23 -> 0 | L18: ='8 - 2021'!I24-'8 - 2021'!I23 -> 0 | M18: 4.3936294
A19: Dubai DIFC | B19: =B18+1 -> 18 | C19: 8 | D19: 2021 | E19: ='8 - 2021'!B25-'8 - 2021'!B24+'8 - 2021'!C25-'8 - 2021'!C24 -> 0 | F19: 0.118 | G19: ='8 - 2021'!D25-'8 - 2021'!D24+'8 - 2021'!E25-'8 - 2021'!E24 -> 0 | H19: 0.99 | I19: ='8 - 2021'!J25-'8 - 2021'!J24 -> 0 | J19: 0.081 | K19: ='8 - 2021'!H25-'8 - 2021'!H24 -> 0 | L19: ='8 - 2021'!I25-'8 - 2021'!I24 -> 0 | M19: 4.3936294
A20: Dubai DIFC | B20: =B19+1 -> 19 | C20: 8 | D20: 2021 | E20: ='8 - 2021'!B26-'8 - 2021'!B25+'8 - 2021'!C26-'8 - 2021'!C25 -> 0 | F20: 0.118 | G20: ='8 - 2021'!D26-'8 - 2021'!D25+'8 - 2021'!E26-'8 - 2021'!E25 -> 0 | H20: 0.99 | I20: ='8 - 2021'!J26-'8 - 2021'!J25 -> 0 | J20: 0.081 | K20: ='8 - 2021'!H26-'8 - 2021'!H25 -> 0 | L20: ='8 - 2021'!I26-'8 - 2021'!I25 -> 0 | M20: 4.3936294
A21: Dubai DIFC | B21: =B20+1 -> 20 | C21: 8 | D21: 2021 | E21: ='8 - 2021'!B27-'8 - 2021'!B26+'8 - 2021'!C27-'8 - 2021'!C26 -> 0 | F21: 0.118 | G21: ='8 - 2021'!D27-'8 - 2021'!D26+'8 - 2021'!E27-'8 - 2021'!E26 -> 0 | H21: 0.99 | I21: ='8 - 2021'!J27-'8 - 2021'!J26 -> 0 | J21: 0.081 | K21: ='8 - 2021'!H27-'8 - 2021'!H26 -> 0 | L21: ='8 - 2021'!I27-'8 - 2021'!I26 -> 0 | M21: 4.3936294
A22: Dubai DIFC | B22: =B21+1 -> 21 | C22: 8 | D22: 2021 | E22: ='8 - 2021'!B28-'8 - 2021'!B27+'8 - 2021'!C28-'8 - 2021'!C27 -> 0 | F22: 0.118 | G22: ='8 - 2021'!D28-'8 - 2021'!D27+'8 - 2021'!E28-'8 - 2021'!E27 -> 0 | H22: 0.99 | I22: ='8 - 2021'!J28-'8 - 2021'!J27 -> 0 | J22: 0.081 | K22: ='8 - 2021'!H28-'8 - 2021'!H27 -> 0 | L22: ='8 - 2021'!I28-'8 - 2021'!I27 -> 0 | M22: 4.3936294
A23: Dubai DIFC | B23: =B22+1 -> 22 | C23: 8 | D23: 2021 | E23: ='8 - 2021'!B29-'8 - 2021'!B28+'8 - 2021'!C29-'8 - 2021'!C28 -> 0 | F23: 0.118 | G23: ='8 - 2021'!D29-'8 - 2021'!D28+'8 - 2021'!E29-'8 - 2021'!E28 -> 0 | H23: 0.99 | I23: ='8 - 2021'!J29-'8 - 2021'!J28 -> 0 | J23: 0.081 | K23: ='8 - 2021'!H29-'8 - 2021'!H28 -> 0 | L23: ='8 - 2021'!I29-'8 - 2021'!I28 -> 0 | M23: 4.3936294
A24: Dubai DIFC | B24: =B23+1 -> 23 | C24: 8 | D24: 2021 | E24: ='8 - 2021'!B30-'8 - 2021'!B29+'8 - 2021'!C30-'8 - 2021'!C29 -> 0 | F24: 0.118 | G24: ='8 - 2021'!D30-'8 - 2021'!D29+'8 - 2021'!E30-'8 - 2021'!E29 -> 0 | H24: 0.99 | I24: ='8 - 2021'!J30-'8 - 2021'!J29 -> 0 | J24: 0.081 | K24: ='8 - 2021'!H30-'8 - 2021'!H29 -> 0 | L24: ='8 - 2021'!I30-'8 - 2021'!I29 -> 0 | M24: 4.3936294
... A32: Dubai DIFC | B32: =B31+1 -> 31 | C32: 8 | D32: 2021 | E32: ='8 - 2021'!B38-'8 - 2021'!B37+'8 - 2021'!C38-'8 - 2021'!C37 -> 0 | F32: 0.118 | G32: ='8 - 2021'!D38-'8 - 2021'!D37+'8 - 2021'!E38-'8 - 2021'!E37 -> 0 | H32: 0.99 | I32: ='8 - 2021'!J38-'8 - 2021'!J37 -> 0 | J32: 0.081 | K32: ='8 - 2021'!H38-'8 - 2021'!H37 -> 0 | L32: ='8 - 2021'!I38-'8 - 2021'!I37 -> 0 | M32: 4.3936294

Sheet Submetering Daily 
A1: Site Name | B1: Day | C1: Month | D1: Year | E1: Panel LV1 Kwh | F1: Panel LV2 Kwh | G1: Electricity Tariff ($/Kwh) | H1: Main Kitchen LPG (Kg) | I1: Podium Kitchen LPG (Kg) | J1: Boiler LPG (Kg) | K1: LPG $/Kg | L1: Room Nights
A2: Dubai DIFC | B2: 1 | C2: 8 | D2: 2021 | E2: ='8 - 2021'!B8-'8 - 2021'!B7 -> 3597 | F2: ='8 - 2021'!C8-'8 - 2021'!C7 -> 5993 | G2: 0.118 | H2: ='8 - 2021'!E8-'8 - 2021'!E7 -> 22.15 | I2: ='8 - 2021'!F8-'8 - 2021'!F7 -> 6.47 | J2: ='8 - 2021'!G8-'8 - 2021'!G7 -> 24.7 | K2: 0.74 | L2: 26
A3: Dubai DIFC | B3: =B2+1 -> 2 | C3: 8 | D3: 2021 | E3: ='8 - 2021'!B9-'8 - 2021'!B8 -> 3598 | F3: ='8 - 2021'!C9-'8 - 2021'!C8 -> 5736 | G3: 0.118 | H3: ='8 - 2021'!E9-'8 - 2021'!E8 -> 20.03 | I3: ='8 - 2021'!F9-'8 - 2021'!F8 -> 6.06 | J3: ='8 - 2021'!G9-'8 - 2021'!G8 -> 23.15 | K3: 0.74 | L3: 25
A4: Dubai DIFC | B4: =B3+1 -> 3 | C4: 8 | D4: 2021 | E4: ='8 - 2021'!B10-'8 - 2021'!B9 -> 3602 | F4: ='8 - 2021'!C10-'8 - 2021'!C9 -> 5777 | G4: 0.118 | H4: ='8 - 2021'!E10-'8 - 2021'!E9 -> 22.44 | I4: ='8 - 2021'!F10-'8 - 2021'!F9 -> 3.92 | J4: ='8 - 2021'!G10-'8 - 2021'!G9 -> 24.62 | K4: 0.74 | L4: 24
A5: Dubai DIFC | B5: =B4+1 -> 4 | C5: 8 | D5: 2021 | E5: ='8 - 2021'!B11-'8 - 2021'!B10 -> 3742 | F5: ='8 - 2021'!C11-'8 - 2021'!C10 -> 5821 | G5: 0.118 | H5: ='8 - 2021'!E11-'8 - 2021'!E10 -> 24.85 | I5: ='8 - 2021'!F11-'8 - 2021'!F10 -> 5.49 | J5: ='8 - 2021'!G11-'8 - 2021'!G10 -> 24.89 | K5: 0.74 | L5: 28
A6: Dubai DIFC | B6: =B5+1 -> 5 | C6: 8 | D6: 2021 | E6: ='8 - 2021'!B12-'8 - 2021'!B11 -> 3634 | F6: ='8 - 2021'!C12-'8 - 2021'!C11 -> 5657 | G6: 0.118 | H6: ='8 - 2021'!E12-'8 - 2021'!E11 -> 24.29 | I6: ='8 - 2021'!F12-'8 - 2021'!F11 -> 4.6 | J6: ='8 - 2021'!G12-'8 - 2021'!G11 -> 26.6 | K6: 0.74 | L6: 36
A7: Dubai DIFC | B7: =B6+1 -> 6 | C7: 8 | D7: 2021 | E7: ='8 - 2021'!B13-'8 - 2021'!B12 -> 3614 | F7: ='8 - 2021'!C13-'8 - 2021'!C12 -> 5632 | G7: 0.118 | H7: ='8 - 2021'!E13-'8 - 2021'!E12 -> 19.91 | I7: ='8 - 2021'!F13-'8 - 2021'!F12 -> 6.03 | J7: ='8 - 2021'!G13-'8 - 2021'!G12 -> 29.64 | K7: 0.74 | L7: 31
A8: Dubai DIFC | B8: =B7+1 -> 7 | C8: 8 | D8: 2021 | E8: ='8 - 2021'!B14-'8 - 2021'!B13 -> 3830 | F8: ='8 - 2021'!C14-'8 - 2021'!C13 -> 5880 | G8: 0.118 | H8: ='8 - 2021'!E14-'8 - 2021'!E13 -> 24.36 | I8: ='8 - 2021'!F14-'8 - 2021'!F13 -> 6.43 | J8: ='8 - 2021'!G14-'8 - 2021'!G13 -> 27.07 | K8: 0.74 | L8: 30
A9: Dubai DIFC | B9: =B8+1 -> 8 | C9: 8 | D9: 2021 | E9: ='8 - 2021'!B15-'8 - 2021'!B14 -> 3621 | F9: ='8 - 2021'!C15-'8 - 2021'!C14 -> 5782 | G9: 0.118 | H9: ='8 - 2021'!E15-'8 - 2021'!E14 -> 20.26 | I9: ='8 - 2021'!F15-'8 - 2021'!F14 -> 7.3 | J9: ='8 - 2021'!G15-'8 - 2021'!G14 -> 26.56 | K9: 0.74 | L9: 27
A10: Dubai DIFC | B10: =B9+1 -> 9 | C10: 8 | D10: 2021 | E10: ='8 - 2021'!B16-'8 - 2021'!B15 -> 3535 | F10: ='8 - 2021'!C16-'8 - 2021'!C15 -> 5505 | G10: 0.118 | H10: ='8 - 2021'!E16-'8 - 2021'!E15 -> 24.01 | I10: ='8 - 2021'!F16-'8 - 2021'!F15 -> 6.11 | J10: ='8 - 2021'!G16-'8 - 2021'!G15 -> 24.09 | K10: 0.74 | L10: 25
A11: Dubai DIFC | B11: =B10+1 -> 10 | C11: 8 | D11: 2021 | E11: ='8 - 2021'!B17-'8 - 2021'!B16 -> 3629 | F11: ='8 - 2021'!C17-'8 - 2021'!C16 -> 5558 | G11: 0.118 | H11: ='8 - 2021'!E17-'8 - 2021'!E16 -> 21.84 | I11: ='8 - 2021'!F17-'8 - 2021'!F16 -> 5.27 | J11: ='8 - 2021'!G17-'8 - 2021'!G16 -> 23.96 | K11: 0.74 | L11: 24
A12: Dubai DIFC | B12: =B11+1 -> 11 | C12: 8 | D12: 2021 | E12: 0 | F12: 0 | G12: 0.118 | H12: 0 | I12: 0 | J12: 0 | K12: 0.74
A13: Dubai DIFC | B13: =B12+1 -> 12 | C13: 8 | D13: 2021 | E13: ='8 - 2021'!B19-'8 - 2021'!B18 -> 0 | F13: ='8 - 2021'!C19-'8 - 2021'!C18 -> 0 | G13: 0.118 | H13: ='8 - 2021'!E19-'8 - 2021'!E18 -> 0 | I13: ='8 - 2021'!F19-'8 - 2021'!F18 -> 0 | J13: ='8 - 2021'!G19-'8 - 2021'!G18 -> 0 | K13: 0.74
A14: Dubai DIFC | B14: =B13+1 -> 13 | C14: 8 | D14: 2021 | E14: ='8 - 2021'!B20-'8 - 2021'!B19 -> 0 | F14: ='8 - 2021'!C20-'8 - 2021'!C19 -> 0 | G14: 0.118 | H14: ='8 - 2021'!E20-'8 - 2021'!E19 -> 0 | I14: ='8 - 2021'!F20-'8 - 2021'!F19 -> 0 | J14: ='8 - 2021'!G20-'8 - 2021'!G19 -> 0 | K14: 0.74
A15: Dubai DIFC | B15: =B14+1 -> 14 | C15: 8 | D15: 2021 | E15: ='8 - 2021'!B21-'8 - 2021'!B20 -> 0 | F15: ='8 - 2021'!C21-'8 - 2021'!C20 -> 0 | G15: 0.118 | H15: ='8 - 2021'!E21-'8 - 2021'!E20 -> 0 | I15: ='8 - 2021'!F21-'8 - 2021'!F20 -> 0 | J15: ='8 - 2021'!G21-'8 - 2021'!G20 -> 0 | K15: 0.74
A16: Dubai DIFC | B16: =B15+1 -> 15 | C16: 8 | D16: 2021 | E16: ='8 - 2021'!B22-'8 - 2021'!B21 -> 0 | F16: ='8 - 2021'!C22-'8 - 2021'!C21 -> 0 | G16: 0.118 | H16: ='8 - 2021'!E22-'8 - 2021'!E21 -> 0 | I16: ='8 - 2021'!F22-'8 - 2021'!F21 -> 0 | J16: ='8 - 2021'!G22-'8 - 2021'!G21 -> 0 | K16: 0.74
A17: Dubai DIFC | B17: =B16+1 -> 16 | C17: 8 | D17: 2021 | E17: ='8 - 2021'!B23-'8 - 2021'!B22 -> 0 | F17: ='8 - 2021'!C23-'8 - 2021'!C22 -> 0 | G17: 0.118 | H17: ='8 - 2021'!E23-'8 - 2021'!E22 -> 0 | I17: ='8 - 2021'!F23-'8 - 2021'!F22 -> 0 | J17: ='8 - 2021'!G23-'8 - 2021'!G22 -> 0 | K17: 0.74
A18: Dubai DIFC | B18: =B17+1 -> 17 | C18: 8 | D18: 2021 | E18: ='8 - 2021'!B24-'8 - 2021'!B23 -> 0 | F18: ='8 - 2021'!C24-'8 - 2021'!C23 -> 0 | G18: 0.118 | H18: ='8 - 2021'!E24-'8 - 2021'!E23 -> 0 | I18: ='8 - 2021'!F24-'8 - 2021'!F23 -> 0 | J18: ='8 - 2021'!G24-'8 - 2021'!G23 -> 0 | K18: 0.74
A19: Dubai DIFC | B19: =B18+1 -> 18 | C19: 8 | D19: 2021 | E19: ='8 - 2021'!B25-'8 - 2021'!B24 -> 0 | F19: ='8 - 2021'!C25-'8 - 2021'!C24 -> 0 | G19: 0.118 | H19: ='8 - 2021'!E25-'8 - 2021'!E24 -> 0 | I19: ='8 - 2021'!F25-'8 - 2021'!F24 -> 0 | J19: ='8 - 2021'!G25-'8 - 2021'!G24 -> 0 | K19: 0.74
A20: Dubai DIFC | B20: =B19+1 -> 19 | C20: 8 | D20: 2021 | E20: ='8 - 2021'!B26-'8 - 2021'!B25 -> 0 | F20: ='8 - 2021'!C26-'8 - 2021'!C25 -> 0 | G20: 0.118 | H20: ='8 - 2021'!E26-'8 - 2021'!E25 -> 0 | I20: ='8 - 2021'!F26-'8 - 2021'!F25 -> 0 | J20: ='8 - 2021'!G26-'8 - 2021'!G25 -> 0 | K20: 0.74
A21: Dubai DIFC | B21: =B20+1 -> 20 | C21: 8 | D21: 2021 | E21: ='8 - 2021'!B27-'8 - 2021'!B26 -> 0 | F21: ='8 - 2021'!C27-'8 - 2021'!C26 -> 0 | G21: 0.118 | H21: ='8 - 2021'!E27-'8 - 2021'!E26 -> 0 | I21: ='8 - 2021'!F27-'8 - 2021'!F26 -> 0 | J21: ='8 - 2021'!G27-'8 - 2021'!G26 -> 0 | K21: 0.74
A22: Dubai DIFC | B22: =B21+1 -> 21 | C22: 8 | D22: 2021 | E22: ='8 - 2021'!B28-'8 - 2021'!B27 -> 0 | F22: ='8 - 2021'!C28-'8 - 2021'!C27 -> 0 | G22: 0.118 | H22: ='8 - 2021'!E28-'8 - 2021'!E27 -> 0 | I22: ='8 - 2021'!F28-'8 - 2021'!F27 -> 0 | J22: ='8 - 2021'!G28-'8 - 2021'!G27 -> 0 | K22: 0.74
A23: Dubai DIFC | B23: =B22+1 -> 22 | C23: 8 | D23: 2021 | E23: ='8 - 2021'!B29-'8 - 2021'!B28 -> 0 | F23: ='8 - 2021'!C29-'8 - 2021'!C28 -> 0 | G23: 0.118 | H23: ='8 - 2021'!E29-'8 - 2021'!E28 -> 0 | I23: ='8 - 2021'!F29-'8 - 2021'!F28 -> 0 | J23: ='8 - 2021'!G29-'8 - 2021'!G28 -> 0 | K23: 0.74
A24: Dubai DIFC | B24: =B23+1 -> 23 | C24: 8 | D24: 2021 | E24: ='8 - 2021'!B30-'8 - 2021'!B29 -> 0 | F24: ='8 - 2021'!C30-'8 - 2021'!C29 -> 0 | G24: 0.118 | H24: ='8 - 2021'!E30-'8 - 2021'!E29 -> 0 | I24: ='8 - 2021'!F30-'8 - 2021'!F29 -> 0 | J24: ='8 - 2021'!G30-'8 - 2021'!G29 -> 0 | K24: 0.74
... A32: Dubai DIFC | B32: =B31+1 -> 31 | C32: 8 | D32: 2021 | E32: ='8 - 2021'!B38-'8 - 2021'!B37 -> 0 | F32: ='8 - 2021'!C38-'8 - 2021'!C37 -> 0 | G32: 0.118 | H32: ='8 - 2021'!E38-'8 - 2021'!E37 -> 0 | I32: ='8 - 2021'!F38-'8 - 2021'!F37 -> 0 | J32: ='8 - 2021'!G38-'8 - 2021'!G37 -> 0 | K32: 0.74

Sheet 8 - 2021
A3: FOUR SEASONS HOTEL - DIFC
A4: HLP READING MONTH OF AUGUST' 2021
B5: Electricity | D5: LPG (cu.m) | H5: Water (cu.m) | J5: BTU
A6: Date | B6: LV-01, 2025952759 | C6: LV-2, 2030235407 | D6: Main Meter % | E6: Main Kitchen | F6: Podium Kitchen | G6: Boiler | H6: B-3 Water Meter (DIFC) | I6: MainWater Meter (DEWA) | J6: Chilled Water (KWH) | K6: Gas Received (Litres) | L6: Remark
A7: 44408 | B7: 935721 | C7: 165665 | D7: 0.48 | E7: 4430.42 | F7: 24.34 | G7: 31631.72 | H7: 14528 | I7: 126527 | J7: 48708452
A8: =A7+1 -> 44409 | B8: 939318 | C8: 171658 | D8: 0.43 | E8: 4452.57 | F8: 30.81 | G8: 31656.42 | H8: 14528 | I8: 126613 | J8: 48752996
A9: =A8+1 -> 44410 | B9: 942916 | C9: 177394 | D9: 0.38 | E9: 4472.6 | F9: 36.87 | G9: 31679.57 | H9: 14528 | I9: 126697 | J9: 48791180
A10: =A9+1 -> 44411 | B10: 946518 | C10: 183171 | D10: 0.33 | E10: 4495.04 | F10: 40.79 | G10: 31704.19 | H10: 14528 | I10: 126785 | J10: 48825844
A11: =A10+1 -> 44412 | B11: 950260 | C11: 188992 | D11: 0.85 | E11: 4519.89 | F11: 46.28 | G11: 31729.08 | H11: 14528 | I11: 126869 | J11: 48864256 | K11: 4000
A12: =A11+1 -> 44413 | B12: 953894 | C12: 194649 | D12: 0.78 | E12: 4544.18 | F12: 50.88 | G12: 31755.68 | H12: 14528 | I12: 126963 | J12: 48903413
A13: =A12+1 -> 44414 | B13: 957508 | C13: 200281 | D13: 0.7 | E13: 4564.09 | F13: 56.91 | G13: 31785.32 | H13: 14528 | I13: 127050 | J13: 48942960
A14: =A13+1 -> 44415 | B14: 961338 | C14: 206161 | D14: 0.64 | E14: 4588.45 | F14: 63.34 | G14: 31812.39 | H14: 14528 | I14: 127134 | J14: 48983228
A15: =A14+1 -> 44416 | B15: 964959 | C15: 211943 | D15: 0.56 | E15: 4608.71 | F15: 70.64 | G15: 31838.95 | H15: 14528 | I15: 127220 | J15: 49025776
A16: =A15+1 -> 44417 | B16: 968494 | C16: 217448 | D16: 0.49 | E16: 4632.72 | F16: 76.75 | G16: 31863.04 | H16: 14528 | I16: 127300 | J16: 49061592
A17: =A16+1 -> 44418 | B17: 972123 | C17: 223006 | D17: 0.41 | E17: 4654.56 | F17: 82.02 | G17: 31887 | H17: 14528 | I17: 127385 | J17: 49094000
A18: =A17+1 -> 44419
A19: =A18+1 -> 44420
A20: =A19+1 -> 44421
A21: =A20+1 -> 44422
A22: =A21+1 -> 44423
A23: =A22+1 -> 44424
A24: =A23+1 -> 44425
A25: =A24+1 -> 44426
A26: =A25+1 -> 44427
A27: =A26+1 -> 44428
A28: =A27+1 -> 44429
A29: =A28+1 -> 44430
... A38: =A37+1 -> 44439
A39: Readings | B39: =B38-B7 -> -935721 | C39: =C38-C7 -> -165665 | D39: =D38-D7 -> -0.48 | E39: =E38-E7 -> -4430.42 | F39: =F38-F7 -> -24.34 | G39: =G38-G7 -> -31631.72 | H39: =H38-H7 -> -14528 | I39: =I38-I7 -> -126527 | J39: =J38-J7 -> -48708452 | K39: =SUM(K7:K38) -> 4000
H40: =H39*219.969 -> -3195709.6 | I40: =I39*219.969 -> -27832018
