Workbook

Sheet TOTAL
A1: Site Name | B1: Day | C1: Month | D1: Year | E1: Total Electricity Kwh | F1: Electricity Tariff ($/Kwh) | G1: LPG (Kg) | H1: LPG $/Kg | I1: Water Utility Supply (m3) m3 | J1: Water Utility Supply (m3) $/m3 | K1: Room Nights | L1: Food Covers
A2: Maldives at Landaa Giraavaru | B2: 1 | C2: 7 | D2: 2021 | E2: ='Maldives at LG Daily'!D5 -> 25744 | F2: 0.93 | G2: ='Maldives at LG Daily'!F5 -> 225 | H2: 1.24 | I2: ='Maldives at LG Daily'!H5 -> 418 | J2: 2.16 | K2: ='Maldives at LG Daily'!I5 -> 18 | L2: ='Maldives at LG Daily'!J5 -> 196
A3: Maldives at Landaa Giraavaru | B3: =B2+1 -> 2 | C3: 7 | D3: 2021 | E3: ='Maldives at LG Daily'!D6 -> 26606 | F3: 0.93 | G3: ='Maldives at LG Daily'!F6 -> 0 | H3: 1.24 | I3: ='Maldives at LG Daily'!H6 -> 390 | J3: 2.16 | K3: ='Maldives at LG Daily'!I6 -> 23 | L3: ='Maldives at LG Daily'!J6 -> 225
A4: Maldives at Landaa Giraavaru | B4: =B3+1 -> 3 | C4: 7 | D4: 2021 | E4: ='Maldives at LG Daily'!D7 -> 26843 | F4: 0.93 | G4: ='Maldives at LG Daily'!F7 -> 90 | H4: 1.24 | I4: ='Maldives at LG Daily'!H7 -> 429 | J4: 2.16 | K4: ='Maldives at LG Daily'!I7 -> 26 | L4: ='Maldives at LG Daily'!J7 -> 243
A5: Maldives at Landaa Giraavaru | B5: =B4+1 -> 4 | C5: 7 | D5: 2021 | E5: ='Maldives at LG Daily'!D8 -> 27285 | F5: 0.93 | G5: ='Maldives at LG Daily'!F8 -> 0 | H5: 1.24 | I5: ='Maldives at LG Daily'!H8 -> 416 | J5: 2.16 | K5: ='Maldives at LG Daily'!I8 -> 33 | L5: ='Maldives at LG Daily'!J8 -> 295
A6: Maldives at Landaa Giraavaru | B6: =B5+1 -> 5 | C6: 7 | D6: 2021 | E6: ='Maldives at LG Daily'!D9 -> 29505 | F6: 0.93 | G6: ='Maldives at LG Daily'!F9 -> 90 | H6: 1.24 | I6: ='Maldives at LG Daily'!H9 -> 387 | J6: 2.16 | K6: ='Maldives at LG Daily'!I9 -> 30 | L6: ='Maldives at LG Daily'!J9 -> 256
A7: Maldives at Landaa Giraavaru | B7: =B6+1 -> 6 | C7: 7 | D7: 2021 | E7: ='Maldives at LG Daily'!D10 -> 24509 | F7: 0.93 | G7: ='Maldives at LG Daily'!F10 -> 0 | H7: 1.24 | I7: ='Maldives at LG Daily'!H10 -> 409 | J7: 2.16 | K7: ='Maldives at LG Daily'!I10 -> 33 | L7: ='Maldives at LG Daily'!J10 -> 272
A8: Maldives at Landaa Giraavaru | B8: =B7+1 -> 7 | C8: 7 | D8: 2021 | E8: ='Maldives at LG Daily'!D11 -> 27353 | F8: 0.93 | G8: ='Maldives at LG Daily'!F11 -> 0 | H8: 1.24 | I8: ='Maldives at LG Daily'!H11 -> 328 | J8: 2.16 | K8: ='Maldives at LG Daily'!I11 -> 36 | L8: ='Maldives at LG Daily'!J11 -> 308
A9: Maldives at Landaa Giraavaru | B9: =B8+1 -> 8 | C9: 7 | D9: 2021 | E9: ='Maldives at LG Daily'!D12 -> 28127 | F9: 0.93 | G9: ='Maldives at LG Daily'!F12 -> 0 | H9: 1.24 | I9: ='Maldives at LG Daily'!H12 -> 398 | J9: 2.16 | K9: ='Maldives at LG Daily'!I12 -> 45 | L9: ='Maldives at LG Daily'!J12 -> 311
A10: Maldives at Landaa Giraavaru | B10: =B9+1 -> 9 | C10: 7 | D10: 2021 | E10: ='Maldives at LG Daily'!D13 -> 27718 | F10: 0.93 | G10: ='Maldives at LG Daily'!F13 -> 0 | H10: 1.24 | I10: ='Maldives at LG Daily'!H13 -> 364 | J10: 2.16 | K10: ='Maldives at LG Daily'!I13 -> 41 | L10: ='Maldives at LG Daily'!J13 -> 281
A11: Maldives at Landaa Giraavaru | B11: =B10+1 -> 10 | C11: 7 | D11: 2021 | E11: ='Maldives at LG Daily'!D14 -> 28349 | F11: 0.93 | G11: ='Maldives at LG Daily'!F14 -> 45 | H11: 1.24 | I11: ='Maldives at LG Daily'!H14 -> 362 | J11: 2.16 | K11: ='Maldives at LG Daily'!I14 -> 37 | L11: ='Maldives at LG Daily'!J14 -> 255
A12: Maldives at Landaa Giraavaru | B12: =B11+1 -> 11 | C12: 7 | D12: 2021 | E12: ='Maldives at LG Daily'!D15 -> 28217 | F12: 0.93 | G12: ='Maldives at LG Daily'!F15 -> 0 | H12: 1.24 | I12: ='Maldives at LG Daily'!H15 -> 405 | J12: 2.16 | K12: ='Maldives at LG Daily'!I15 -> 36 | L12: ='Maldives at LG Daily'!J15 -> 327
A13: Maldives at Landaa Giraavaru | B13: =B12+1 -> 12 | C13: 7 | D13: 2021 | E13: ='Maldives at LG Daily'!D16 -> 28423 | F13: 0.93 | G13: ='Maldives at LG Daily'!F16 -> 0 | H13: 1.24 | I13: ='Maldives at LG Daily'!H16 -> 415 | J13: 2.16 | K13: ='Maldives at LG Daily'!I16 -> 0 | L13: ='Maldives at LG Daily'!J16 -> 0
A14: Maldives at Landaa Giraavaru | B14: =B13+1 -> 13 | C14: 7 | D14: 2021 | E14: ='Maldives at LG Daily'!D17 -> 0 | F14: 0.93 | G14: ='Maldives at LG Daily'!F17 -> 0 | H14: 1.24 | I14: ='Maldives at LG Daily'!H17 -> 406 | J14: 2.16 | K14: ='Maldives at LG Daily'!I17 -> 0 | L14: ='Maldives at LG Daily'!J17 -> 0
... A30: Maldives at Landaa Giraavaru | B30: =B29+1 -> 29 | C30: 7 | D30: 2021 | E30: ='Maldives at LG Daily'!D33 -> 0 | F30: 0.93 | G30: ='Maldives at LG Daily'!F33 -> 0 | H30: 1.24 | I30: ='Maldives at LG Daily'!H33 -> 0 | J30: 2.16 | K30: ='Maldives at LG Daily'!I33 -> 0 | L30: ='Maldives at LG Daily'!J33 -> 0
A31: Maldives at Landaa Giraavaru | B31: 30 | C31: 7 | D31: 2021 | E31: ='Maldives at LG Daily'!D34 -> 0 | F31: 0.93 | G31: ='Maldives at LG Daily'!F34 -> 0 | H31: 1.24 | I31: ='Maldives at LG Daily'!H34 -> 0 | J31: 2.16 | K31: ='Maldives at LG Daily'!I34 -> 0 | L31: ='Maldives at LG Daily'!J34 -> 0
A32: Maldives at Landaa Giraavaru | B32: 31 | C32: 7 | D32: 2021 | E32: ='Maldives at LG Daily'!D35 -> 0 | F32: 0.93 | G32: ='Maldives at LG Daily'!F35 -> 0 | H32: 1.24 | I32: ='Maldives at LG Daily'!H35 -> 0 | J32: 2.16 | K32: ='Maldives at LG Daily'!I35 -> 0 | L32: ='Maldives at LG Daily'!J35 -> 0

Sheet Maldives at LG Daily
A2: Days | C2: Electricity Meter (KWh) | E2: Gas Kg | G2: Water m3
A3: Date | C3: Reading KWH | D3: Difference KWH | E3: Reading Kg | F3: Difference Kg | G3: Reading m³ | H3: Daily Consumption m³ | I3: ROOM NIGHTS | J3: TOTAL GUESTS
A4: 44408 | C4: ='[1]Maldives at LG Daily'!$C$35 -> 92090395 | D4: =D35 -> 0 | E4: ='Gas-2'!G5 -> 0 | F4: 90 | G4: =SUM(WATER!G6,WATER!L6,WATER!Q6,WATER!B6) -> 979486 | H4: 423 | I4: 23 | J4: 251
A5: =A4+1 -> 44409 | C5: =SUM('GENSET #1'!C10+'GENSET #2'!C10+'GENSET #3'!C10+'GENSET #4'!C10+'GENSET #5'!C10) -> 92116139 | D5: =IF((C5-C4<0), "0",C5-C4) -> 25744 | E5: ='Gas-2'!G6 -> 225 | F5: =IF((E5-E4<0), "0",E5-E4) -> 225 | G5: =SUM(WATER!C6,WATER!H6,WATER!M6,WATER!R6) -> 979861 | H5: 418 | I5: 18 | J5: 196
A6: =A5+1 -> 44410 | C6: =SUM('GENSET #1'!C11+'GENSET #2'!C11+'GENSET #3'!C11+'GENSET #4'!C11+'GENSET #5'!C11) -> 92142745 | D6: =IF((C6-C5<0), "0",C6-C5) -> 26606 | E6: ='Gas-2'!G7 -> 180 | F6: =IF((E6-E5<0), "0",E6-E5) -> 0 | G6: =SUM(WATER!C7,WATER!H7,WATER!M7,WATER!R7) -> 980251 | H6: =IF((G6-G5<0), "0",G6-G5) -> 390 | I6: 23 | J6: 225
A7: =A6+1 -> 44411 | C7: =SUM('GENSET #1'!C12+'GENSET #2'!C12+'GENSET #3'!C12+'GENSET #4'!C12+'GENSET #5'!C12) -> 92169588 | D7: =IF((C7-C6<0), "0",C7-C6) -> 26843 | E7: ='Gas-2'!G8 -> 270 | F7: =IF((E7-E6<0), "0",E7-E6) -> 90 | G7: =SUM(WATER!C8,WATER!H8,WATER!M8,WATER!R8) -> 980680 | H7: =IF((G7-G6<0), "0",G7-G6) -> 429 | I7: 26 | J7: 243
A8: =A7+1 -> 44412 | C8: =SUM('GENSET #1'!C13+'GENSET #2'!C13+'GENSET #3'!C13+'GENSET #4'!C13+'GENSET #5'!C13) -> 92196873 | D8: =IF((C8-C7<0), "0",C8-C7) -> 27285 | E8: ='Gas-2'!G9 -> 180 | F8: =IF((E8-E7<0), "0",E8-E7) -> 0 | G8: =SUM(WATER!C9,WATER!H9,WATER!M9,WATER!R9) -> 981096 | H8: =IF((G8-G7<0), "0",G8-G7) -> 416 | I8: 33 | J8: 295
A9: =A8+1 -> 44413 | C9: =SUM('GENSET #1'!C14+'GENSET #2'!C14+'GENSET #3'!C14+'GENSET #4'!C14+'GENSET #5'!C14) -> 92226378 | D9: =IF((C9-C8<0), "0",C9-C8) -> 29505 | E9: ='Gas-2'!G10 -> 270 | F9: =IF((E9-E8<0), "0",E9-E8) -> 90 | G9: =SUM(WATER!C10,WATER!H10,WATER!M10,WATER!R10) -> 981483 | H9: =IF((G9-G8<0), "0",G9-G8) -> 387 | I9: 30 | J9: 256
A10: =A9+1 -> 44414 | C10: =SUM('GENSET #1'!C15+'GENSET #2'!C15+'GENSET #3'!C15+'GENSET #4'!C15+'GENSET #5'!C15) -> 92250887 | D10: =IF((C10-C9<0), "0",C10-C9) -> 24509 | E10: ='Gas-2'!G11 -> 225 | F10: =IF((E10-E9<0), "0",E10-E9) -> 0 | G10: =SUM(WATER!C11,WATER!H11,WATER!M11,WATER!R11) -> 981892 | H10: =IF((G10-G9<0), "0",G10-G9) -> 409 | I10: 33 | J10: 272
A11: =A10+1 -> 44415 | C11: =SUM('GENSET #1'!C16+'GENSET #2'!C16+'GENSET #3'!C16+'GENSET #4'!C16+'GENSET #5'!C16) -> 92278240 | D11: =IF((C11-C10<0), "0",C11-C10) -> 27353 | E11: ='Gas-2'!G12 -> 225 | F11: =IF((E11-E10<0), "0",E11-E10) -> 0 | G11: =SUM(WATER!C12,WATER!H12,WATER!M12,WATER!R12) -> 982220 | H11: =IF((G11-G10<0), "0",G11-G10) -> 328 | I11: 36 | J11: 308
A12: =A11+1 -> 44416 | C12: =SUM('GENSET #1'!C17+'GENSET #2'!C17+'GENSET #3'!C17+'GENSET #4'!C17+'GENSET #5'!C17) -> 92306367 | D12: =IF((C12-C11<0), "0",C12-C11) -> 28127 | E12: ='Gas-2'!G13 -> 225 | F12: =IF((E12-E11<0), "0",E12-E11) -> 0 | G12: =SUM(WATER!C13,WATER!H13,WATER!M13,WATER!R13) -> 982618 | H12: =IF((G12-G11<0), "0",G12-G11) -> 398 | I12: 45 | J12: 311
A13: =A12+1 -> 44417 | C13: =SUM('GENSET #1'!C18+'GENSET #2'!C18+'GENSET #3'!C18+'GENSET #4'!C18+'GENSET #5'!C18) -> 92334085 | D13: =IF((C13-C12<0), "0",C13-C12) -> 27718 | E13: ='Gas-2'!G14 -> 225 | F13: =IF((E13-E12<0), "0",E13-E12) -> 0 | G13: =SUM(WATER!C14,WATER!H14,WATER!M14,WATER!R14) -> 982982 | H13: =IF((G13-G12<0), "0",G13-G12) -> 364 | I13: 41 | J13: 281
A14: =A13+1 -> 44418 | C14: =SUM('GENSET #1'!C19+'GENSET #2'!C19+'GENSET #3'!C19+'GENSET #4'!C19+'GENSET #5'!C19) -> 92362434 | D14: =IF((C14-C13<0), "0",C14-C13) -> 28349 | E14: ='Gas-2'!G15 -> 270 | F14: =IF((E14-E13<0), "0",E14-E13) -> 45 | G14: =SUM(WATER!C15,WATER!H15,WATER!M15,WATER!R15) -> 983344 | H14: =IF((G14-G13<0), "0",G14-G13) -> 362 | I14: 37 | J14: 255
A15: =A14+1 -> 44419 | C15: =SUM('GENSET #1'!C20+'GENSET #2'!C20+'GENSET #3'!C20+'GENSET #4'!C20+'GENSET #5'!C20) -> 92390651 | D15: =IF((C15-C14<0), "0",C15-C14) -> 28217 | E15: ='Gas-2'!G16 -> 270 | F15: =IF((E15-E14<0), "0",E15-E14) -> 0 | G15: =SUM(WATER!C16,WATER!H16,WATER!M16,WATER!R16) -> 983749 | H15: =IF((G15-G14<0), "0",G15-G14) -> 405 | I15: 36 | J15: 327
A16: =A15+1 -> 44420 | C16: =SUM('GENSET #1'!C21+'GENSET #2'!C21+'GENSET #3'!C21+'GENSET #4'!C21+'GENSET #5'!C21) -> 92419074 | D16: =IF((C16-C15<0), "0",C16-C15) -> 28423 | E16: ='Gas-2'!G17 -> 135 | F16: =IF((E16-E15<0), "0",E16-E15) -> 0 | G16: =SUM(WATER!C17,WATER!H17,WATER!M17,WATER!R17) -> 984164 | H16: =IF((G16-G15<0), "0",G16-G15) -> 415
A17: =A16+1 -> 44421 | C17: =SUM('GENSET #1'!C22+'GENSET #2'!C22+'GENSET #3'!C22+'GENSET #4'!C22+'GENSET #5'!C22) -> 0 | D17: =IF((C17-C16<0), "0",C17-C16) -> 0 | E17: ='Gas-2'!G18 -> 0 | F17: =IF((E17-E16<0), "0",E17-E16) -> 0 | G17: =SUM(WATER!C18,WATER!H18,WATER!M18,WATER!R18) -> 984570 | H17: =IF((G17-G16<0), "0",G17-G16) -> 406
A18: =A17+1 -> 44422 | C18: =SUM('GENSET #1'!C23+'GENSET #2'!C23+'GENSET #3'!C23+'GENSET #4'!C23+'GENSET #5'!C23) -> 0 | D18: =IF((C18-C17<0), "0",C18-C17) -> 0 | E18: ='Gas-2'!G19 -> 0 | F18: =IF((E18-E17<0), "0",E18-E17) -> 0 | G18: =SUM(WATER!C19,WATER!H19,WATER!M19,WATER!R19) -> 0 | H18: =IF((G18-G17<0), "0",G18-G17) -> 0
A19: =A18+1 -> 44423 | C19: =SUM('GENSET #1'!C24+'GENSET #2'!C24+'GENSET #3'!C24+'GENSET #4'!C24+'GENSET #5'!C24) -> 0 | D19: =IF((C19-C18<0), "0",C19-C18) -> 0 | E19: ='Gas-2'!G20 -> 0 | F19: =IF((E19-E18<0), "0",E19-E18) -> 0 | G19: =SUM(WATER!C20,WATER!H20,WATER!M20,WATER!R20) -> 0 | H19: =IF((G19-G18<0), "0",G19-G18) -> 0
A20: =A19+1 -> 44424 | C20: =SUM('GENSET #1'!C25+'GENSET #2'!C25+'GENSET #3'!C25+'GENSET #4'!C25+'GENSET #5'!C25) -> 0 | D20: =IF((C20-C19<0), "0",C20-C19) -> 0 | E20: ='Gas-2'!G21 -> 0 | F20: =IF((E20-E19<0), "0",E20-E19) -> 0 | G20: =SUM(WATER!C21,WATER!H21,WATER!M21,WATER!R21) -> 0 | H20: =IF((G20-G19<0), "0",G20-G19) -> 0
A21: =A20+1 -> 44425 | C21: =SUM('GENSET #1'!C26+'GENSET #2'!C26+'GENSET #3'!C26+'GENSET #4'!C26+'GENSET #5'!C26) -> 0 | D21: =IF((C21-C20<0), "0",C21-C20) -> 0 | E21: ='Gas-2'!G22 -> 0 | F21: =IF((E21-E20<0), "0",E21-E20) -> 0 | G21: =SUM(WATER!C22,WATER!H22,WATER!M22,WATER!R22) -> 0 | H21: =IF((G21-G20<0), "0",G21-G20) -> 0
A22: =A21+1 -> 44426 | C22: =SUM('GENSET #1'!C27+'GENSET #2'!C27+'GENSET #3'!C27+'GENSET #4'!C27+'GENSET #5'!C27) -> 0 | D22: =IF((C22-C21<0), "0",C22-C21) -> 0 | E22: ='Gas-2'!G23 -> 0 | F22: =IF((E22-E21<0), "0",E22-E21) -> 0 | G22: =SUM(WATER!C23,WATER!H23,WATER!M23,WATER!R23) -> 0 | H22: =IF((G22-G21<0), "0",G22-G21) -> 0
A23: =A22+1 -> 44427 | C23: =SUM('GENSET #1'!C28+'GENSET #2'!C28+'GENSET #3'!C28+'GENSET #4'!C28+'GENSET #5'!C28) -> 0 | D23: =IF((C23-C22<0), "0",C23-C22) -> 0 | E23: ='Gas-2'!G24 -> 0 | F23: =IF((E23-E22<0), "0",E23-E22) -> 0 | G23: =SUM(WATER!C24,WATER!H24,WATER!M24,WATER!R24) -> 0 | H23: =IF((G23-G22<0), "0",G23-G22) -> 0
A24: =A23+1 -> 44428 | C24: =SUM('GENSET #1'!C29+'GENSET #2'!C29+'GENSET #3'!C29+'GENSET #4'!C29+'GENSET #5'!C29) -> 0 | D24: =IF((C24-C23<0), "0",C24-C23) -> 0 | E24: ='Gas-2'!G25 -> 0 | F24: =IF((E24-E23<0), "0",E24-E23) -> 0 | G24: =SUM(WATER!C25,WATER!H25,WATER!M25,WATER!R25) -> 0 | H24: =IF((G24-G23<0), "0",G24-G23) -> 0
A25: =A24+1 -> 44429 | C25: =SUM('GENSET #1'!C30+'GENSET #2'!C30+'GENSET #3'!C30+'GENSET #4'!C30+'GENSET #5'!C30) -> 0 | D25: =IF((C25-C24<0), "0",C25-C24) -> 0 | E25: ='Gas-2'!G26 -> 0 | F25: =IF((E25-E24<0), "0",E25-E24) -> 0 | G25: =SUM(WATER!C26,WATER!H26,WATER!M26,WATER!R26) -> 0 | H25: =IF((G25-G24<0), "0",G25-G24) -> 0
A26: =A25+1 -> 44430 | C26: =SUM('GENSET #1'!C31+'GENSET #2'!C31+'GENSET #3'!C31+'GENSET #4'!C31+'GENSET #5'!C31) -> 0 | D26: =IF((C26-C25<0), "0",C26-C25) -> 0 | E26: ='Gas-2'!G27 -> 0 | F26: =IF((E26-E25<0), "0",E26-E25) -> 0 | G26: =SUM(WATER!C27,WATER!H27,WATER!M27,WATER!R27) -> 0 | H26: =IF((G26-G25<0), "0",G26-G25) -> 0
A27: =A26+1 -> 44431 | C27: =SUM('GENSET #1'!C32+'GENSET #2'!C32+'GENSET #3'!C32+'GENSET #4'!C32+'GENSET #5'!C32) -> 0 | D27: =IF((C27-C26<0), "0",C27-C26) -> 0 | E27: ='Gas-2'!G28 -> 0 | F27: =IF((E27-E26<0), "0",E27-E26) -> 0 | G27: =SUM(WATER!C28,WATER!H28,WATER!M28,WATER!R28) -> 0 | H27: =IF((G27-G26<0), "0",G27-G26) -> 0
... A35: =A34+1 -> 44439 | C35: =SUM('GENSET #1'!C40+'GENSET #2'!C40+'GENSET #3'!C40+'GENSET #4'!C40+'GENSET #5'!C40) -> 0 | D35: =IF((C35-C34<0), "0",C35-C34) -> 0 | E35: ='Gas-2'!G36 -> 0 | F35: =IF((E35-E34<0), "0",E35-E34) -> 0 | G35: =SUM(WATER!C36,WATER!H36,WATER!M36,WATER!R36) -> 0 | H35: =IF((G35-G34<0), "0",G35-G34) -> 0

Sheet Finance Only
A1: Four Seasons Landaa Giraavaru
A3: Property | B3: MLG
A4: Month | B4: August
A5: Year | B5: 2021
A7: DAY | B7: Electricity Consumption ( kwh) | C7: Diesel Consumption (Liters) | D7: Solar Power Consumption(kwh) | E7: Gas Consumption (kg) | F7: Water Consumption ( m3) | G7: Occupancy | H7: Weather | I7: Electricity Variance (Today vs Yesterday)
A8: 1 | B8: =SUM('GENSET #1:GENSET #5'!D10) -> 25744 | C8: ='Diesel consumption'!D5 -> 7390 | D8: ='SOLAR METER READING'!D9 -> 3215 | E8: ='Gas-2'!G6 -> 225 | F8: =WATER!V6 -> 375 | G8: =WATER!W6 -> 18 | H8: ='SOLAR METER READING'!E9 -> SUNNY
A9: 2 | B9: =SUM('GENSET #1:GENSET #5'!D11) -> 26606 | C9: ='Diesel consumption'!D6 -> 7010 | D9: ='SOLAR METER READING'!D10 -> 3103 | E9: ='Gas-2'!G7 -> 180 | F9: =WATER!V7 -> 390 | G9: =WATER!W7 -> 23 | H9: ='SOLAR METER READING'!E10 -> SUNNY | I9: =B9-B8 -> 862
A10: 3 | B10: =SUM('GENSET #1:GENSET #5'!D12) -> 26843 | C10: ='Diesel consumption'!D7 -> 7590 | D10: ='SOLAR METER READING'!D11 -> 3081 | E10: ='Gas-2'!G8 -> 270 | F10: =WATER!V8 -> 429 | G10: =WATER!W8 -> 26 | H10: ='SOLAR METER READING'!E11 -> SUNNY | I10: =B10-B9 -> 237
A11: 4 | B11: =SUM('GENSET #1:GENSET #5'!D13) -> 27285 | C11: ='Diesel consumption'!D8 -> 7480 | D11: ='SOLAR METER READING'!D12 -> 3158 | E11: ='Gas-2'!G9 -> 180 | F11: =WATER!V9 -> 416 | G11: =WATER!W9 -> 33 | H11: ='SOLAR METER READING'!E12 -> SUNNY | I11: =B11-B10 -> 442
A12: 5 | B12: =SUM('GENSET #1:GENSET #5'!D14) -> 29505 | C12: ='Diesel consumption'!D9 -> 7780 | D12: ='SOLAR METER READING'!D13 -> 2492 | E12: ='Gas-2'!G10 -> 270 | F12: =WATER!V10 -> 387 | G12: =WATER!W10 -> 30 | H12: ='SOLAR METER READING'!E13 -> CLOUDY | I12: =B12-B11 -> 2220
A13: 6 | B13: =SUM('GENSET #1:GENSET #5'!D15) -> 24509 | C13: ='Diesel consumption'!D10 -> 7410 | D13: ='SOLAR METER READING'!D14 -> 1206 | E13: ='Gas-2'!G11 -> 225 | F13: =WATER!V11 -> 409 | G13: =WATER!W11 -> 33 | H13: ='SOLAR METER READING'!E14 -> CLOUDY | I13: =B13-B12 -> -4996
A14: 7 | B14: =SUM('GENSET #1:GENSET #5'!D16) -> 27353 | C14: ='Diesel consumption'!D11 -> 7520 | D14: ='SOLAR METER READING'!D15 -> 2441 | E14: ='Gas-2'!G12 -> 225 | F14: =WATER!V12 -> 328 | G14: =WATER!W12 -> 36 | H14: ='SOLAR METER READING'!E15 -> CLOUDY | I14: =B14-B13 -> 2844
A15: 8 | B15: =SUM('GENSET #1:GENSET #5'!D17) -> 28127 | C15: ='Diesel consumption'!D12 -> 7700 | D15: ='SOLAR METER READING'!D16 -> 1599 | E15: ='Gas-2'!G13 -> 225 | F15: =WATER!V13 -> 398 | G15: =WATER!W13 -> 45 | H15: ='SOLAR METER READING'!E16 -> CLOUDY | I15: =B15-B14 -> 774
A16: 9 | B16: =SUM('GENSET #1:GENSET #5'!D18) -> 27718 | C16: ='Diesel consumption'!D13 -> 7850 | D16: ='SOLAR METER READING'!D17 -> 3321 | E16: ='Gas-2'!G14 -> 225 | F16: =WATER!V14 -> 364 | G16: =WATER!W14 -> 41 | H16: ='SOLAR METER READING'!E17 -> SUNNY | I16: =B16-B15 -> -409
A17: 10 | B17: =SUM('GENSET #1:GENSET #5'!D19) -> 28349 | C17: ='Diesel consumption'!D14 -> 7650 | D17: ='SOLAR METER READING'!D18 -> 2286 | E17: ='Gas-2'!G15 -> 270 | F17: =WATER!V15 -> 362 | G17: =WATER!W15 -> 37 | H17: ='SOLAR METER READING'!E18 -> CLOUDY | I17: =B17-B16 -> 631
A18: 11 | B18: =SUM('GENSET #1:GENSET #5'!D20) -> 28217 | C18: ='Diesel consumption'!D15 -> 7720 | D18: ='SOLAR METER READING'!D19 -> 2952 | E18: ='Gas-2'!G16 -> 270 | F18: =WATER!V16 -> 405 | G18: =WATER!W16 -> 36 | H18: ='SOLAR METER READING'!E19 -> SUNNY | I18: =B18-B17 -> -132
A19: 12 | B19: =SUM('GENSET #1:GENSET #5'!D21) -> 28423 | C19: ='Diesel consumption'!D16 -> 8010 | D19: ='SOLAR METER READING'!D20 -> 2946 | E19: ='Gas-2'!G17 -> 135 | F19: =WATER!V17 -> 415 | G19: =WATER!W17 -> 0 | H19: ='SOLAR METER READING'!E20 -> SUNNY | I19: =B19-B18 -> 206
A20: 13 | B20: =SUM('GENSET #1:GENSET #5'!D22) -> -92419074 | C20: ='Diesel consumption'!D17 -> -44637690 | D20: ='SOLAR METER READING'!D21 -> -2881555 | E20: ='Gas-2'!G18 -> 0 | F20: =WATER!V18 -> 406 | G20: =WATER!W18 -> 0 | H20: ='SOLAR METER READING'!E21 -> 0 | I20: =B20-B19 -> -92447497
... A38: 31 | B38: =SUM('GENSET #1:GENSET #5'!D40) -> 0 | C38: ='Diesel consumption'!D35 -> 0 | D38: ='SOLAR METER READING'!D39 -> 0 | E38: ='Gas-2'!G36 -> 0 | F38: =WATER!V36 -> 0 | G38: =WATER!W36 -> 0 | H38: ='SOLAR METER READING'!E39 -> 0 | I38: =B38-B37 -> 0
A39: Total | B39: =SUM(B8:B38) -> -92090395 | C39: =SUM(C8:C38) -> -44546580 | D39: =SUM(D8:D38) -> -2849755 | E39: =SUM(E8:E38) -> 2700 | F39: =SUM(F8:F38) -> -979486 | G39: =SUM(G8:G37)/30 -> 11.933333
A40: Avg | B40: =B39/30 -> -3069679.8 | C40: =C39/30 -> -1484886 | D40: =D39/30 -> -94991.833 | E40: =E39/30 -> 90 | F40: =F39/31 -> -31596.323

Sheet GENSET #1
C1: 1000 KVA
C3: NO#1
A6: 44409
B8: GENSET NO 1
A9: DAY | B9: YESTARDAY | C9: TODAY | D9: Final Electricity Consumption( KWh)
A10: 1 | B10: 17618058 | C10: 17619819 | D10: =C10-B10 -> 1761
A11: 2 | B11: =C10 -> 17619819 | C11: 17626689 | D11: =C11-B11 -> 6870
A12: 3 | B12: =C11 -> 17626689 | C12: 17634252 | D12: =C12-B12 -> 7563
A13: 4 | B13: =C12 -> 17634252 | C13: 17636770 | D13: =C13-B13 -> 2518
A14: 5 | B14: =C13 -> 17636770 | C14: 17645771 | D14: =C14-B14 -> 9001
A15: 6 | B15: =C14 -> 17645771 | C15: 17651070 | D15: =C15-B15 -> 5299
A16: 7 | B16: =C15 -> 17651070 | C16: 17653380 | D16: =C16-B16 -> 2310
A17: 8 | B17: =C16 -> 17653380 | C17: 17659940 | D17: =C17-B17 -> 6560
A18: 9 | B18: =C17 -> 17659940 | C18: 17666513 | D18: =C18-B18 -> 6573
A19: 10 | B19: =C18 -> 17666513 | C19: 17672810 | D19: =C19-B19 -> 6297
A20: 11 | B20: =C19 -> 17672810 | C20: 17672843 | D20: =C20-B20 -> 33
A21: 12 | B21: =C20 -> 17672843 | C21: 17683136 | D21: =C21-B21 -> 10293
A22: 13 | B22: =C21 -> 17683136 | D22: =C22-B22 -> -17683136
A23: 14 | B23: =C22 -> 0 | D23: =C23-B23 -> 0
A24: 15 | B24: =C23 -> 0 | D24: =C24-B24 -> 0
A25: 16 | B25: =C24 -> 0 | D25: =C25-B25 -> 0
A26: 17 | B26: =C25 -> 0 | D26: =C26-B26 -> 0
A27: 18 | B27: =C26 -> 0 | D27: =C27-B27 -> 0
A28: 19 | B28: =C27 -> 0 | D28: =C28-B28 -> 0
A29: 20 | B29: =C28 -> 0 | D29: =C29-B29 -> 0
A30: 21 | B30: =C29 -> 0 | D30: =C30-B30 -> 0
A31: 22 | B31: =C30 -> 0 | D31: =C31-B31 -> 0
A32: 23 | B32: =C31 -> 0 | D32: =C32-B32 -> 0
A33: 24 | B33: =C32 -> 0 | D33: =C33-B33 -> 0
... A38: 29 | B38: =C37 -> 0 | D38: =C38-B38 -> 0
A39: 30 | B39: =C38 -> 0 | D39: =C39-B39 -> 0 | G39: NEW ENGINE PURCHASED FROM UK
A40: 31 | B40: =C39 -> 0 | D40: =C40-B40 -> 0
A41: Total | D41: =SUM(D10:D40) -> -17618058 | G41: INSTALLED: NOV 30 2013

Sheet GENSET #2
C1: 1600 KVA
C3: NO#2
A6: 44409
B8: GENSET NO 2
A9: DAY | B9: YESTARDAY | C9: TODAY | D9: Final Electricity Consumption( KW h)
A10: 1 | B10: 30410715 | C10: 30421989 | D10: =C10-B10 -> 11274
A11: 2 | B11: =C10 -> 30421989 | C11: 30428295 | D11: =C11-B11 -> 6306
A12: 3 | B12: =C11 -> 30428295 | C12: 30438498 | D12: =C12-B12 -> 10203
A13: 4 | B13: =C12 -> 30438498 | C13: 30448299 | D13: =C13-B13 -> 9801
A14: 5 | B14: =C13 -> 30448299 | C14: 30457686 | D14: =C14-B14 -> 9387
A15: 6 | B15: =C14 -> 30457686 | C15: 30465066 | D15: =C15-B15 -> 7380
A16: 7 | B16: =C15 -> 30465066 | C16: 30480334 | D16: =C16-B16 -> 15268
A17: 8 | B17: =C16 -> 30480334 | C17: 30490840 | D17: =C17-B17 -> 10506
A18: 9 | B18: =C17 -> 30490840 | C18: 30501479 | D18: =C18-B18 -> 10639
A19: 10 | B19: =C18 -> 30501479 | C19: 30508204 | D19: =C19-B19 -> 6725
A20: 11 | B20: =C19 -> 30508204 | C20: 30524196 | D20: =C20-B20 -> 15992
A21: 12 | B21: =C20 -> 30524196 | C21: 30532099 | D21: =C21-B21 -> 7903
A22: 13 | B22: =C21 -> 30532099 | D22: =C22-B22 -> -30532099
A23: 14 | B23: =C22 -> 0 | D23: =C23-B23 -> 0
A24: 15 | B24: =C23 -> 0 | D24: =C24-B24 -> 0
A25: 16 | B25: =C24 -> 0 | D25: =C25-B25 -> 0
A26: 17 | B26: =C25 -> 0 | D26: =C26-B26 -> 0
A27: 18 | B27: =C26 -> 0 | D27: =C27-B27 -> 0
A28: 19 | B28: =C27 -> 0 | D28: =C28-B28 -> 0
A29: 20 | B29: =C28 -> 0 | D29: =C29-B29 -> 0
A30: 21 | B30: =C29 -> 0 | D30: =C30-B30 -> 0
A31: 22 | B31: =C30 -> 0 | D31: =C31-B31 -> 0
A32: 23 | B32: =C31 -> 0 | D32: =C32-B32 -> 0
A33: 24 | B33: =C32 -> 0 | D33: =C33-B33 -> 0
... A40: 31 | B40: =C39 -> 0 | D40: =C40-B40 -> 0
A41: Total | B41: =#REF! -> #REF! | D41: =SUM(D10:D40) -> -30410715

Sheet GENSET #3
C1: 900 KVA
C3: NO#3
A6: 44409
B8: GENSET NO 3
A9: DAY | B9: YESTARDAY | C9: TODAY | D9: Final Electricity Consumption( KW h)
A10: 1 | B10: 13572734 | C10: 13581250 | D10: =C10-B10 -> 8516
A11: 2 | B11: =C10 -> 13581250 | C11: 13584756 | D11: =C11-B11 -> 3506
A12: 3 | B12: =C11 -> 13584756 | C12: 13586563 | D12: =C12-B12 -> 1807
A13: 4 | B13: =C12 -> 13586563 | C13: 13591915 | D13: =C13-B13 -> 5352
A14: 5 | B14: =C13 -> 13591915 | C14: 13597734 | D14: =C14-B14 -> 5819
A15: 6 | B15: =C14 -> 13597734 | C15: 13600008 | D15: =C15-B15 -> 2274
A16: 7 | B16: =C15 -> 13600008 | C16: 13606173 | D16: =C16-B16 -> 6165
A17: 8 | B17: =C16 -> 13606173 | C17: 13610643 | D17: =C17-B17 -> 4470
A18: 9 | B18: =C17 -> 13610643 | C18: 13615260 | D18: =C18-B18 -> 4617
A19: 10 | B19: =C18 -> 13615260 | C19: 13621687 | D19: =C19-B19 -> 6427
A20: 11 | B20: =C19 -> 13621687 | C20: 13623732 | D20: =C20-B20 -> 2045
A21: 12 | B21: =C20 -> 13623732 | C21: 13629927 | D21: =C21-B21 -> 6195
A22: 13 | B22: =C21 -> 13629927 | D22: =C22-B22 -> -13629927
A23: 14 | B23: =C22 -> 0 | D23: =C23-B23 -> 0
A24: 15 | B24: =C23 -> 0 | D24: =C24-B24 -> 0
A25: 16 | B25: =C24 -> 0 | D25: =C25-B25 -> 0
A26: 17 | B26: =C25 -> 0 | D26: =C26-B26 -> 0
A27: 18 | B27: =C26 -> 0 | D27: =C27-B27 -> 0
A28: 19 | B28: =C27 -> 0 | D28: =C28-B28 -> 0
A29: 20 | B29: =C28 -> 0 | D29: =C29-B29 -> 0
A30: 21 | B30: =C29 -> 0 | D30: =C30-B30 -> 0
A31: 22 | B31: =C30 -> 0 | D31: =C31-B31 -> 0
A32: 23 | B32: =C31 -> 0 | D32: =C32-B32 -> 0
A33: 24 | B33: =C32 -> 0 | D33: =C33-B33 -> 0
... A40: 31 | B40: =C39 -> 0 | D40: =C40-B40 -> 0
A41: Total | B41: =#REF! -> #REF! | D41: =SUM(D10:D40) -> -13572734

Sheet GENSET #4
C1: 500 KVA
C3: NO#4
A6: 44409
B8: GENSET NO 4
A9: DAY | B9: YESTARDAY | C9: TODAY | D9: Final Electricity Consumption( KW h)
A10: 1 | B10: 11841888 | C10: 11841888 | D10: =C10-B10 -> 0
A11: 2 | B11: =C10 -> 11841888 | C11: 11844915 | D11: =C11-B11 -> 3027
A12: 3 | B12: =C11 -> 11844915 | C12: 11846904 | D12: =C12-B12 -> 1989
A13: 4 | B13: =C12 -> 11846904 | C13: 11850611 | D13: =C13-B13 -> 3707
A14: 5 | B14: =C13 -> 11850611 | C14: 11850611 | D14: =C14-B14 -> 0
A15: 6 | B15: =C14 -> 11850611 | C15: 11853072 | D15: =C15-B15 -> 2461
A16: 7 | B16: =C15 -> 11853072 | C16: 11854373 | D16: =C16-B16 -> 1301
A17: 8 | B17: =C16 -> 11854373 | C17: 11855921 | D17: =C17-B17 -> 1548
A18: 9 | B18: =C17 -> 11855921 | C18: 11856656 | D18: =C18-B18 -> 735
A19: 10 | B19: =C18 -> 11856656 | C19: 11858413 | D19: =C19-B19 -> 1757
A20: 11 | B20: =C19 -> 11858413 | C20: 11860306 | D20: =C20-B20 -> 1893
A21: 12 | B21: =C20 -> 11860306 | C21: 11863519 | D21: =C21-B21 -> 3213
A22: 13 | B22: =C21 -> 11863519 | D22: =C22-B22 -> -11863519
A23: 14 | B23: =C22 -> 0 | D23: =C23-B23 -> 0
A24: 15 | B24: =C23 -> 0 | D24: =C24-B24 -> 0
A25: 16 | B25: =C24 -> 0 | D25: =C25-B25 -> 0
A26: 17 | B26: =C25 -> 0 | D26: =C26-B26 -> 0
A27: 18 | B27: =C26 -> 0 | D27: =C27-B27 -> 0
A28: 19 | B28: =C27 -> 0 | D28: =C28-B28 -> 0
A29: 20 | B29: =C28 -> 0 | D29: =C29-B29 -> 0
A30: 21 | B30: =C29 -> 0 | D30: =C30-B30 -> 0
A31: 22 | B31: =C30 -> 0 | D31: =C31-B31 -> 0
A32: 23 | B32: =C31 -> 0 | D32: =C32-B32 -> 0
A33: 24 | B33: =C32 -> 0 | D33: =C33-B33 -> 0
... A40: 31 | B40: =C39 -> 0 | D40: =C40-B40 -> 0
A41: Total | B41: =#REF! -> #REF! | D41: =SUM(D10:D40) -> -11841888

Sheet GENSET #5
C1: 1000 KVA
C3: NO#5
A6: 44409
B8: GENSET NO 5
A9: DAY | B9: YESTARDAY | C9: TODAY | D9: Final Electricity Consumption( KWh)
A10: 1 | B10: 18647000 | C10: 18651193 | D10: =C10-B10 -> 4193
A11: 2 | B11: =C10 -> 18651193 | C11: 18658090 | D11: =C11-B11 -> 6897
A12: 3 | B12: =C11 -> 18658090 | C12: 18663371 | D12: =C12-B12 -> 5281
A13: 4 | B13: =C12 -> 18663371 | C13: 18669278 | D13: =C13-B13 -> 5907
A14: 5 | B14: =C13 -> 18669278 | C14: 18674576 | D14: =C14-B14 -> 5298
A15: 6 | B15: =C14 -> 18674576 | C15: 18681671 | D15: =C15-B15 -> 7095
A16: 7 | B16: =C15 -> 18681671 | C16: 18683980 | D16: =C16-B16 -> 2309
A17: 8 | B17: =C16 -> 18683980 | C17: 18689023 | D17: =C17-B17 -> 5043
A18: 9 | B18: =C17 -> 18689023 | C18: 18694177 | D18: =C18-B18 -> 5154
A19: 10 | B19: =C18 -> 18694177 | C19: 18701320 | D19: =C19-B19 -> 7143
A20: 11 | B20: =C19 -> 18701320 | C20: 18709574 | D20: =C20-B20 -> 8254
A21: 12 | B21: =C20 -> 18709574 | C21: 18710393 | D21: =C21-B21 -> 819
A22: 13 | B22: =C21 -> 18710393 | D22: =C22-B22 -> -18710393
A23: 14 | B23: =C22 -> 0 | D23: =C23-B23 -> 0
A24: 15 | B24: =C23 -> 0 | D24: =C24-B24 -> 0
A25: 16 | B25: =C24 -> 0 | D25: =C25-B25 -> 0
A26: 17 | B26: =C25 -> 0 | D26: =C26-B26 -> 0
A27: 18 | B27: =C26 -> 0 | D27: =C27-B27 -> 0
A28: 19 | B28: =C27 -> 0 | D28: =C28-B28 -> 0
A29: 20 | B29: =C28 -> 0 | D29: =C29-B29 -> 0
A30: 21 | B30: =C29 -> 0 | D30: =C30-B30 -> 0
A31: 22 | B31: =C30 -> 0 | D31: =C31-B31 -> 0
A32: 23 | B32: =C31 -> 0 | D32: =C32-B32 -> 0
A33: 24 | B33: =C32 -> 0 | D33: =C33-B33 -> 0
... A40: 31 | B40: =C39 -> 0 | D40: =C40-B40 -> 0
A41: Total | D41: =SUM(D10:D40) -> -18647000

Sheet Diesel consumption
A1: Diesel Consumption - Powerhouse | F1: Diesel Tank Jetty Meter
A2: 44409
D3: Liters | F3: Boat meter Reading
A4: Date | B4: Yesterday | C4: Today | D4: ConsumptionIn 24 hrs | F4: Yesterday | G4: Today | H4: Consumption (Liters) | J4: In Barrels | L4: Carbon Emmision
A5: 1 | B5: 44546580 | C5: 44553970 | D5: =C5-B5 -> 7390 | F5: 726690 | G5: 727310 | H5: =G5-F5 -> 620 | J5: =D5/200 -> 36.95 | L5: =2.68*D5 -> 19805.2 | M5: =L5/1000 -> 19.8052
A6: 2 | B6: =C5 -> 44553970 | C6: 44560980 | D6: =C6-B6 -> 7010 | F6: =G5 -> 727310 | G6: 729120 | H6: =G6-F6 -> 1810 | J6: =D6/200 -> 35.05 | L6: =2.68*D6 -> 18786.8 | M6: =L6/1000 -> 18.7868
A7: 3 | B7: =C6 -> 44560980 | C7: 44568570 | D7: =C7-B7 -> 7590 | F7: =G6 -> 729120 | G7: 729740 | H7: =G7-F7 -> 620 | J7: =D7/200 -> 37.95 | L7: =2.68*D7 -> 20341.2 | M7: =L7/1000 -> 20.3412
A8: 4 | B8: =C7 -> 44568570 | C8: 44576050 | D8: =C8-B8 -> 7480 | F8: =G7 -> 729740 | G8: 729940 | H8: =G8-F8 -> 200 | J8: =D8/200 -> 37.4 | L8: =2.68*D8 -> 20046.4 | M8: =L8/1000 -> 20.0464
A9: 5 | B9: =C8 -> 44576050 | C9: 44583830 | D9: =C9-B9 -> 7780 | F9: =G8 -> 729940 | G9: 731930 | H9: =G9-F9 -> 1990 | J9: =D9/200 -> 38.9 | L9: =2.68*D9 -> 20850.4 | M9: =L9/1000 -> 20.8504
A10: 6 | B10: =C9 -> 44583830 | C10: 44591240 | D10: =C10-B10 -> 7410 | F10: =G9 -> 731930 | G10: 733150 | H10: =G10-F10 -> 1220 | J10: =D10/200 -> 37.05 | L10: =2.68*D10 -> 19858.8 | M10: =L10/1000 -> 19.8588
A11: 7 | B11: =C10 -> 44591240 | C11: 44598760 | D11: =C11-B11 -> 7520 | F11: =G10 -> 733150 | G11: 733150 | H11: =G11-F11 -> 0 | J11: =D11/200 -> 37.6 | L11: =2.68*D11 -> 20153.6 | M11: =L11/1000 -> 20.1536
A12: 8 | B12: =C11 -> 44598760 | C12: 44606460 | D12: =C12-B12 -> 7700 | F12: =G11 -> 733150 | G12: 733410 | H12: =G12-F12 -> 260 | J12: =D12/200 -> 38.5 | L12: =2.68*D12 -> 20636 | M12: =L12/1000 -> 20.636
A13: 9 | B13: =C12 -> 44606460 | C13: 44614310 | D13: =C13-B13 -> 7850 | F13: =G12 -> 733410 | G13: 735440 | H13: =G13-F13 -> 2030 | J13: =D13/200 -> 39.25 | L13: =2.68*D13 -> 21038 | M13: =L13/1000 -> 21.038
A14: 10 | B14: =C13 -> 44614310 | C14: 44621960 | D14: =C14-B14 -> 7650 | F14: =G13 -> 735440 | G14: 735640 | H14: =G14-F14 -> 200 | J14: =D14/200 -> 38.25 | L14: =2.68*D14 -> 20502 | M14: =L14/1000 -> 20.502
A15: 11 | B15: =C14 -> 44621960 | C15: 44629680 | D15: =C15-B15 -> 7720 | F15: =G14 -> 735640 | G15: 736740 | H15: =G15-F15 -> 1100 | J15: =D15/200 -> 38.6 | L15: =2.68*D15 -> 20689.6 | M15: =L15/1000 -> 20.6896
A16: 12 | B16: =C15 -> 44629680 | C16: 44637690 | D16: =C16-B16 -> 8010 | F16: =G15 -> 736740 | G16: 740760 | H16: =G16-F16 -> 4020 | J16: =D16/200 -> 40.05 | L16: =2.68*D16 -> 21466.8 | M16: =L16/1000 -> 21.4668
A17: 13 | B17: =C16 -> 44637690 | D17: =C17-B17 -> -44637690 | F17: =G16 -> 740760 | H17: =G17-F17 -> -740760 | J17: =D17/200 -> -223188.45 | L17: =2.68*D17 -> -1.1962901e+08 | M17: =L17/1000 -> -119629.01
A18: 14 | B18: =C17 -> 0 | D18: =C18-B18 -> 0 | F18: =G17 -> 0 | H18: =G18-F18 -> 0 | J18: =D18/200 -> 0 | L18: =2.68*D18 -> 0 | M18: =L18/1000 -> 0
A19: 15 | B19: =C18 -> 0 | D19: =C19-B19 -> 0 | F19: =G18 -> 0 | H19: =G19-F19 -> 0 | J19: =D19/200 -> 0 | L19: =2.68*D19 -> 0 | M19: =L19/1000 -> 0
A20: 16 | B20: =C19 -> 0 | D20: =C20-B20 -> 0 | F20: =G19 -> 0 | H20: =G20-F20 -> 0 | J20: =D20/200 -> 0 | L20: =2.68*D20 -> 0 | M20: =L20/1000 -> 0
A21: 17 | B21: =C20 -> 0 | D21: =C21-B21 -> 0 | F21: =G20 -> 0 | H21: =G21-F21 -> 0 | J21: =D21/200 -> 0 | L21: =2.68*D21 -> 0 | M21: =L21/1000 -> 0
A22: 18 | B22: =C21 -> 0 | D22: =C22-B22 -> 0 | F22: =G21 -> 0 | H22: =G22-F22 -> 0 | J22: =D22/200 -> 0 | L22: =2.68*D22 -> 0 | M22: =L22/1000 -> 0
A23: 19 | B23: =C22 -> 0 | D23: =C23-B23 -> 0 | F23: =G22 -> 0 | H23: =G23-F23 -> 0 | J23: =D23/200 -> 0 | L23: =2.68*D23 -> 0 | M23: =L23/1000 -> 0
A24: 20 | B24: =C23 -> 0 | D24: =C24-B24 -> 0 | F24: =G23 -> 0 | H24: =G24-F24 -> 0 | J24: =D24/200 -> 0 | L24: =2.68*D24 -> 0 | M24: =L24/1000 -> 0
A25: 21 | B25: =C24 -> 0 | D25: =C25-B25 -> 0 | F25: =G24 -> 0 | H25: =G25-F25 -> 0 | J25: =D25/200 -> 0 | L25: =2.68*D25 -> 0 | M25: =L25/1000 -> 0
A26: 22 | B26: =C25 -> 0 | D26: =C26-B26 -> 0 | F26: =G25 -> 0 | H26: =G26-F26 -> 0 | J26: =D26/200 -> 0 | L26: =2.68*D26 -> 0 | M26: =L26/1000 -> 0
A27: 23 | B27: =C26 -> 0 | D27: =C27-B27 -> 0 | F27: =G26 -> 0 | H27: =G27-F27 -> 0 | J27: =D27/200 -> 0 | L27: =2.68*D27 -> 0 | M27: =L27/1000 -> 0
A28: 24 | B28: =C27 -> 0 | D28: =C28-B28 -> 0 | F28: =G27 -> 0 | H28: =G28-F28 -> 0 | J28: =D28/200 -> 0 | L28: =2.68*D28 -> 0 | M28: =L28/1000 -> 0
... A34: 30 | B34: =C33 -> 0 | D34: =C34-B34 -> 0 | F34: =G33 -> 0 | H34: =G34-F34 -> 0 | J34: =D34/200 -> 0 | L34: =2.68*D34 -> 0 | M34: =L34/1000 -> 0
A35: 31 | B35: =C34 -> 0 | D35: =C35-B35 -> 0 | F35: =G34 -> 0 | H35: =G35-F35 -> 0
D36: =SUM(D5:D35) -> -44546580 | J36: =SUM(J5:J34) -> -222732.9 | L36: =2.68*D36 -> -1.1938483e+08 | M36: =L36/1000 -> -119384.83

Sheet SOLAR METER READING
C3: solar reading
B5: 44409
B7: solar meter reading
A8: DAY | B8: YESTARDAY | C8: TODAY | D8: Final Electricity Consumption( KW h) | E8: Weather Condition
A9: 1 | B9: 2849755 | C9: 2852970 | D9: =C9-B9 -> 3215 | E9: SUNNY
A10: 2 | B10: =C9 -> 2852970 | C10: 2856073 | D10: =C10-B10 -> 3103 | E10: SUNNY
A11: 3 | B11: =C10 -> 2856073 | C11: 2859154 | D11: =C11-B11 -> 3081 | E11: SUNNY
A12: 4 | B12: =C11 -> 2859154 | C12: 2862312 | D12: =C12-B12 -> 3158 | E12: SUNNY
A13: 5 | B13: =C12 -> 2862312 | C13: 2864804 | D13: =C13-B13 -> 2492 | E13: CLOUDY | J13: 1 liter diesel | K13: 11.1 kwh
A14: 6 | B14: =C13 -> 2864804 | C14: 2866010 | D14: =C14-B14 -> 1206 | E14: CLOUDY | J14: 212.88 diesel | K14: 2363 kwh
A15: 7 | B15: =C14 -> 2866010 | C15: 2868451 | D15: =C15-B15 -> 2441 | E15: CLOUDY
A16: 8 | B16: =C15 -> 2868451 | C16: 2870050 | D16: =C16-B16 -> 1599 | E16: CLOUDY
A17: 9 | B17: =C16 -> 2870050 | C17: 2873371 | D17: =C17-B17 -> 3321 | E17: SUNNY
A18: 10 | B18: =C17 -> 2873371 | C18: 2875657 | D18: =C18-B18 -> 2286 | E18: CLOUDY
A19: 11 | B19: =C18 -> 2875657 | C19: 2878609 | D19: =C19-B19 -> 2952 | E19: SUNNY
A20: 12 | B20: =C19 -> 2878609 | C20: 2881555 | D20: =C20-B20 -> 2946 | E20: SUNNY
A21: 13 | B21: =C20 -> 2881555 | D21: =C21-B21 -> -2881555
A22: 14 | B22: =C21 -> 0 | D22: =C22-B22 -> 0
A23: 15 | B23: =C22 -> 0 | D23: =C23-B23 -> 0
A24: 16 | B24: =C23 -> 0 | D24: =C24-B24 -> 0
A25: 17 | B25: =C24 -> 0 | D25: =C25-B25 -> 0
A26: 18 | B26: =C25 -> 0 | D26: =C26-B26 -> 0
A27: 19 | B27: =C26 -> 0 | D27: =C27-B27 -> 0
A28: 20 | B28: =C27 -> 0 | D28: =C28-B28 -> 0
A29: 21 | B29: =C28 -> 0 | D29: =C29-B29 -> 0
A30: 22 | B30: =C29 -> 0 | D30: =C30-B30 -> 0
A31: 23 | B31: =C30 -> 0 | D31: =C31-B31 -> 0
A32: 24 | B32: =C31 -> 0 | D32: =C32-B32 -> 0
... A39: 31 | B39: =C38 -> 0 | D39: =C39-B39 -> 0
A40: Total | D40: =SUM(D9:D39) -> -2849755

Sheet FEEDER Consumption 
A1: 44409
A2: POWER HOUSE FEEDER READING
C3: BLU FEEDER PANEL 1 | H3: BLU FEEDER PANEL 2 | M3: POWER HOUSE FEEDER PANEL NO:3 | R3: Main Kitchen -7 | W3: Main Kitchen -10 | AB3: Water treatment Plant | AG3: Sewage treatment Plant | AL3: Laundry--8SSB | AQ3: Laundry-9 | AV3: New staff accomodation (E0) | BA3: Staff block-16(E2-E3) | BF3: Staff Block Feeder-3(E4-E5) | BK3: Management block-5 | BP3: SNR STAFF BLOCK | BU3: BOAT DOCK FEEDER - 22 | BZ3: RECEPTION | CE3: DIVE CENTER | CJ3: 301-307 | CO3: 308-314 | CT3: 315-320 | CY3: 401-407 | DD3: 408-414 | DI3: 415-420 | DN3: SPA - 1 | DS3: SPA - 2 | DX3: BLU KITCHEN - 1 | EC3: BLU KITCHEN - 2 | EH3: AL BARAKATH | EM3: STAFF KITCHEN | ER3: MANAGR BLOCK GARDEN | EW3: 121-131 | FB3: 113-120
A4: DAY | B4: Occupancy | C4: Yesterday | D4: Today | E4: Consumption | F4: Variance (Tdy vs Ystdy) | G4: % | H4: Yesterday | I4: Today | J4: Consumption | K4: Var(Tdy vs Ystdy) | L4: % | M4: Yesterday | N4: Today | O4: Consumption | P4: Var (Tdy vs Ystdy) | Q4: % | R4: Yesterday | S4: Today | T4: Consumption | U4: Var(Tdy vs Ystdy) | V4: % | W4: Yesterday | X4: Today | Y4: Consumption | Z4: Var(Tdy vs Ystdy) | AA4: % | AB4: Yesterday | AC4: Today | AD4: Consumption | AE4: Var(Tdy vs Ystdy) | AF4: % | AG4: Yesterday | AH4: Today | AI4: Consumption | AJ4: Var(Tdy vs Ystdy) | AK4: % | AL4: Yesterday | AM4: Today | AN4: Consumption | AO4: Var(Tdy vs Ystdy) | AP4: % | AQ4: Yesterday | AR4: Today | AS4: Consumption | AT4: Var(Tdy vs Ystdy) | AU4: % | AV4: Yesterday | AW4: Today | AX4: Consumption | AY4: Var(Tdy vs Ystdy) | AZ4: % | BA4: Yesterday | BB4: Today | BC4: Consumption | BD4: Var(Tdy vs Ystdy) | BE4: % | BF4: Yesterday | BG4: Today | BH4: Consumption | BI4: Var(Tdy vs Ystdy) | BJ4: % | BK4: Yesterday | BL4: Today | BM4: Consumption | BN4: Var(Tdy vs Ystdy) | BO4: % | BP4: Yesterday | BQ4: Today | BR4: Consumption | BS4: Var(Tdy vs Ystdy) | BT4: % | BU4: Yesterday | BV4: Today | BW4: Consumption | BX4: Var(Tdy vs Ystdy) | BY4: % | BZ4: Yesterday | CA4: Today | CB4: Consumption | CC4: Var(Tdy vs Ystdy) | CD4: % | CE4: Yesterday | CF4: Today | CG4: Consumption | CH4: Var(Tdy vs Ystdy) | CI4: % | CJ4: Yesterday | CK4: Today | CL4: Consumption | CM4: Var(Tdy vs Ystdy) | CN4: % | CO4: Yesterday | CP4: Today | CQ4: Consumption | CR4: Var(Tdy vs Ystdy) | CS4: % | CT4: Yesterday | CU4: Today | CV4: Consumption | CW4: Var(Tdy vs Ystdy) | CX4: % | CY4: Yesterday | CZ4: Today | DA4: Consumption | DB4: Var(Tdy vs Ystdy) | DC4: % | DD4: Yesterday | DE4: Today | DF4: Consumption | DG4: Var(Tdy vs Ystdy) | DH4: % | DI4: Yesterday | DJ4: Today | DK4: Consumption | DL4: Var(Tdy vs Ystdy) | DM4: % | DN4: Yesterday | DO4: Today | DP4: Consumption | DQ4: Var(Tdy vs Ystdy) | DR4: % | DS4: Yesterday | DT4: Today | DU4: Consumption | DV4: Var(Tdy vs Ystdy) | DW4: % | DX4: Yesterday | DY4: Today | DZ4: Consumption | EA4: Var(Tdy vs Ystdy) | EB4: % | EC4: Yesterday | ED4: Today | EE4: Consumption | EF4: Var(Tdy vs Ystdy) | EG4: % | EH4: Yesterday | EI4: Today | EJ4: Consumption | EK4: Var(Tdy vs Ystdy) | EL4: % | EM4: Yesterday | EN4: Today | EO4: Consumption | EP4: Var(Tdy vs Ystdy) | EQ4: % | ER4: Yesterday | ES4: Today | ET4: Consumption | EU4: Var(Tdy vs Ystdy) | EV4: % | EW4: Yesterday | EX4: Today | EY4: Consumption | EZ4: Var(Tdy vs Ystdy) | FA4: % | FB4: Yesterday | FC4: Today | FD4: Consumption | FE4: Var(Tdy vs Ystdy) | FF4: %
A5: 1 | B5: ='Finance Only'!G8 -> 18 | C5: 25797276 | D5: 25799595 | E5: =D5-C5 -> 2319 | H5: 23012686 | I5: 23016925 | J5: =I5-H5 -> 4239 | M5: 86714172 | N5: 86727618 | O5: =N5-M5 -> 13446 | R5: 21516 | S5: 21536 | T5: =S5-R5 -> 20 | W5: 2910539 | X5: 2913286 | Y5: =X5-W5 -> 2747 | AB5: 17818 | AC5: 17835 | AD5: =AC5-AB5 -> 17 | AG5: 790459 | AH5: 791118 | AI5: =AH5-AG5 -> 659 | AL5: 81890 | AM5: 81955 | AN5: =AM5-AL5 -> 65 | AQ5: 18457 | AR5: 18469 | AS5: =AR5-AQ5 -> 12 | AV5: 532676 | AW5: 533093 | AX5: =AW5-AV5 -> 417 | BA5: 71411 | BB5: 71496 | BC5: =BB5-BA5 -> 85 | BF5: 81256 | BG5: 81351 | BH5: =BG5-BF5 -> 95 | BK5: 12670 | BL5: 12684 | BM5: =BL5-BK5 -> 14 | BP5: 74596 | BQ5: 74736 | BR5: =BQ5-BP5 -> 140 | BU5: 39682 | BV5: 39717 | BW5: =BV5-BU5 -> 35 | BZ5: 56881 | CA5: 57003 | CB5: =CA5-BZ5 -> 122 | CE5: 17093 | CF5: 17131 | CG5: =CF5-CE5 -> 38 | CJ5: 39028 | CK5: 39121 | CL5: =CK5-CJ5 -> 93 | CO5: 30715 | CP5: 30786 | CQ5: =CP5-CO5 -> 71 | CT5: 27021 | CU5: 27070 | CV5: =CU5-CT5 -> 49 | CY5: 45440 | CZ5: 45536 | DA5: =CZ5-CY5 -> 96 | DD5: 34215 | DE5: 34304 | DF5: =DE5-DD5 -> 89 | DI5: 31620 | DJ5: 31699 | DK5: =DJ5-DI5 -> 79 | DN5: 21040 | DO5: 21087 | DP5: =DO5-DN5 -> 47 | DS5: 55671 | DT5: 55757 | DU5: =DT5-DS5 -> 86 | DX5: 38361 | DY5: 38427 | DZ5: =DY5-DX5 -> 66 | EC5: 11921 | ED5: 11943 | EE5: =ED5-EC5 -> 22 | EH5: 10828 | EI5: 10862 | EJ5: =EI5-EH5 -> 34 | EM5: 21268 | EN5: 21321 | EO5: =EN5-EM5 -> 53 | ER5: 50280 | ES5: 50705 | ET5: =ES5-ER5 -> 425 | EW5: 22069 | EX5: 24737 | EY5: =EX5-EW5 -> 2668 | FB5: 9736 | FC5: 10619 | FD5: =FC5-FB5 -> 883
A6: 2 | B6: ='Finance Only'!G9 -> 23 | C6: =D5 -> 25799595 | D6: 25801940 | E6: =D6-C6 -> 2345 | F6: =E6-E5 -> 26 | G6: =(E6/'Finance Only'!B9)*100 -> 8.8138014 | H6: =I5 -> 23016925 | I6: 23021371 | J6: =I6-H6 -> 4446 | K6: =J6-J5 -> 207 | L6: =(J6/'Finance Only'!B9)*100 -> 16.710516 | M6: =N5 -> 86727618 | N6: 86741582 | O6: =N6-M6 -> 13964 | P6: =O6-O5 -> 518 | Q6: =(O6/'Finance Only'!B9)*100 -> 52.484402 | R6: =S5 -> 21536 | S6: 21556 | T6: =S6-R6 -> 20 | U6: =T6-T5 -> 0 | V6: =(T6/'Finance Only'!B9)*100 -> 0.075171014 | W6: =X5 -> 2913286 | X6: 2916024 | Y6: =X6-W6 -> 2738 | Z6: =Y6-Y5 -> -9 | AA6: =(Y6/'Finance Only'!B9)*100 -> 10.290912 | AB6: =AC5 -> 17835 | AC6: 17854 | AD6: =AC6-AB6 -> 19 | AE6: =AD6-AD5 -> 2 | AF6: =(AD6/'Finance Only'!B9)*100 -> 0.071412463 | AG6: =AH5 -> 791118 | AH6: 791787 | AI6: =AH6-AG6 -> 669 | AJ6: =AI6-AI5 -> 10 | AK6: =(AI6/'Finance Only'!B9)*100 -> 2.5144704 | AL6: =AM5 -> 81955 | AM6: 82020 | AN6: =AM6-AL6 -> 65 | AO6: =AN6-AN5 -> 0 | AP6: =(AN6/'Finance Only'!B9)*100 -> 0.2443058 | AQ6: =AR5 -> 18469 | AR6: 18478 | AS6: =AR6-AQ6 -> 9 | AT6: =AS6-AS5 -> -3 | AU6: =(AS6/'Finance Only'!B9)*100 -> 0.033826956 | AV6: =AW5 -> 533093 | AW6: 533492 | AX6: =AW6-AV6 -> 399 | AY6: =AX6-AX5 -> -18 | AZ6: =(AX6/'Finance Only'!B9)*100 -> 1.4996617 | BA6: =BB5 -> 71496 | BB6: 71585 | BC6: =BB6-BA6 -> 89 | BD6: =BC6-BC5 -> 4 | BE6: =(BC6/'Finance Only'!B9)*100 -> 0.33451101 | BF6: =BG5 -> 81351 | BG6: 81434 | BH6: =BG6-BF6 -> 83 | BI6: =BH6-BH5 -> -12 | BJ6: =(BH6/'Finance Only'!B9)*100 -> 0.31195971 | BK6: =BL5 -> 12684 | BL6: 12698 | BM6: =BL6-BK6 -> 14 | BN6: =BM6-BM5 -> 0 | BO6: =(BM6/'Finance Only'!B9)*100 -> 0.05261971 | BP6: =BQ5 -> 74736 | BQ6: 74854 | BR6: =BQ6-BP6 -> 118 | BS6: =BR6-BR5 -> -22 | BT6: =(BR6/'Finance Only'!B9)*100 -> 0.44350898 | BU6: =BV5 -> 39717 | BV6: 39757 | BW6: =BV6-BU6 -> 40 | BX6: =BW6-BW5 -> 5 | BY6: =(BW6/'Finance Only'!B9)*100 -> 0.15034203 | BZ6: =CA5 -> 57003 | CA6: 57124 | CB6: =CA6-BZ6 -> 121 | CC6: =CB6-CB5 -> -1 | CD6: =(CB6/'Finance Only'!B9)*100 -> 0.45478464 | CE6: =CF5 -> 17131 | CF6: 17169 | CG6: =CF6-CE6 -> 38 | CH6: =CG6-CG5 -> 0 | CI6: =(CG6/'Finance Only'!B9)*100 -> 0.14282493 | CJ6: =CK5 -> 39121 | CK6: 39209 | CL6: =CK6-CJ6 -> 88 | CM6: =CL6-CL5 -> -5 | CN6: =(CL6/'Finance Only'!B9)*100 -> 0.33075246 | CO6: =CP5 -> 30786 | CP6: 30856 | CQ6: =CP6-CO6 -> 70 | CR6: =CQ6-CQ5 -> -1 | CS6: =(CQ6/'Finance Only'!B9)*100 -> 0.26309855 | CT6: =CU5 -> 27070 | CU6: 27125 | CV6: =CU6-CT6 -> 55 | CW6: =CV6-CV5 -> 6 | CX6: =(CV6/'Finance Only'!B9)*100 -> 0.20672029 | CY6: =CZ5 -> 45536 | CZ6: 45644 | DA6: =CZ6-CY6 -> 108 | DB6: =DA6-DA5 -> 12 | DC6: =(DA6/'Finance Only'!B9)*100 -> 0.40592348 | DD6: =DE5 -> 34304 | DE6: 34388 | DF6: =DE6-DD6 -> 84 | DG6: =DF6-DF5 -> -5 | DH6: =(DF6/'Finance Only'!B9)*100 -> 0.31571826 | DI6: =DJ5 -> 31699 | DJ6: 31785 | DK6: =DJ6-DI6 -> 86 | DL6: =DK6-DK5 -> 7 | DM6: =(DK6/'Finance Only'!B9)*100 -> 0.32323536 | DN6: =DO5 -> 21087 | DO6: 21135 | DP6: =DO6-DN6 -> 48 | DQ6: =DP6-DP5 -> 1 | DR6: =(DP6/'Finance Only'!B9)*100 -> 0.18041043 | DS6: =DT5 -> 55757 | DT6: 55843 | DU6: =DT6-DS6 -> 86 | DV6: =DU6-DU5 -> 0 | DW6: =(DU6/'Finance Only'!B9)*100 -> 0.32323536 | DX6: =DY5 -> 38427 | DY6: 38493 | DZ6: =DY6-DX6 -> 66 | EA6: =DZ6-DZ5 -> 0 | EB6: =(DZ6/'Finance Only'!B9)*100 -> 0.24806435 | EC6: =ED5 -> 11943 | ED6: 11966 | EE6: =ED6-EC6 -> 23 | EF6: =EE6-EE5 -> 1 | EG6: =(EE6/'Finance Only'!B9)*100 -> 0.086446666 | EH6: =EI5 -> 10862 | EI6: 10895 | EJ6: =EI6-EH6 -> 33 | EK6: =EJ6-EJ5 -> -1 | EL6: =(EJ6/'Finance Only'!B9)*100 -> 0.12403217 | EM6: =EN5 -> 21321 | EN6: 21367 | EO6: =EN6-EM6 -> 46 | EP6: =EO6-EO5 -> -7 | EQ6: =(EO6/'Finance Only'!B9)*100 -> 0.17289333 | ER6: =ES5 -> 50705 | ES6: 50705 | ET6: =ES6-ER6 -> 0 | EU6: =ET6-ET5 -> -425 | EV6: =(ET6/'Finance Only'!B9)*100 -> 0 | EW6: =EX5 -> 24737 | EX6: 27191 | EY6: =EX6-EW6 -> 2454 | EZ6: =EY6-EY5 -> -214 | FA6: =(EY6/'Finance Only'!G9)*100 -> 10669.565 | FB6: =FC5 -> 10619 | FC6: 12389 | FD6: =FC6-FB6 -> 1770 | FE6: =FD6-FD5 -> 887 | FF6: =(FD6/'Finance Only'!L9)*100 -> #DIV/0!
A7: 3 | B7: ='Finance Only'!G10 -> 26 | C7: =D6 -> 25801940 | D7: 25804235 | E7: =D7-C7 -> 2295 | F7: =E7-E6 -> -50 | G7: =(E7/'Finance Only'!B10)*100 -> 8.549715 | H7: =I6 -> 23021371 | I7: 23025911 | J7: =I7-H7 -> 4540 | K7: =J7-J6 -> 94 | L7: =(J7/'Finance Only'!B10)*100 -> 16.913162 | M7: =N6 -> 86741582 | N7: 86755303 | O7: =N7-M7 -> 13721 | P7: =O7-O6 -> -243 | Q7: =(O7/'Finance Only'!B10)*100 -> 51.115747 | R7: =S6 -> 21556 | S7: 21577 | T7: =S7-R7 -> 21 | U7: =T7-T6 -> 1 | V7: =(T7/'Finance Only'!B10)*100 -> 0.078232686 | W7: =X6 -> 2916024 | X7: 2918746 | Y7: =X7-W7 -> 2722 | Z7: =Y7-Y6 -> -16 | AA7: =(Y7/'Finance Only'!B10)*100 -> 10.140446 | AB7: =AC6 -> 17854 | AC7: 17871 | AD7: =AC7-AB7 -> 17 | AE7: =AD7-AD6 -> -2 | AF7: =(AD7/'Finance Only'!B10)*100 -> 0.063331222 | AG7: =AH6 -> 791787 | AH7: 792504 | AI7: =AH7-AG7 -> 717 | AJ7: =AI7-AI6 -> 48 | AK7: =(AI7/'Finance Only'!B10)*100 -> 2.6710874 | AL7: =AM6 -> 82020 | AM7: 82085 | AN7: =AM7-AL7 -> 65 | AO7: =AN7-AN6 -> 0 | AP7: =(AN7/'Finance Only'!B10)*100 -> 0.24214879 | AQ7: =AR6 -> 18478 | AR7: 18492 | AS7: =AR7-AQ7 -> 14 | AT7: =AS7-AS6 -> 5 | AU7: =(AS7/'Finance Only'!B10)*100 -> 0.052155124 | AV7: =AW6 -> 533492 | AW7: 533892 | AX7: =AW7-AV7 -> 400 | AY7: =AX7-AX6 -> 1 | AZ7: =(AX7/'Finance Only'!B10)*100 -> 1.4901464 | BA7: =BB6 -> 71585 | BB7: 71676 | BC7: =BB7-BA7 -> 91 | BD7: =BC7-BC6 -> 2 | BE7: =(BC7/'Finance Only'!B10)*100 -> 0.33900831 | BF7: =BG6 -> 81434 | BG7: 81519 | BH7: =BG7-BF7 -> 85 | BI7: =BH7-BH6 -> 2 | BJ7: =(BH7/'Finance Only'!B10)*100 -> 0.31665611 | BK7: =BL6 -> 12698 | BL7: 12712 | BM7: =BL7-BK7 -> 14 | BN7: =BM7-BM6 -> 0 | BO7: =(BM7/'Finance Only'!B10)*100 -> 0.052155124 | BP7: =BQ6 -> 74854 | BQ7: 74959 | BR7: =BQ7-BP7 -> 105 | BS7: =BR7-BR6 -> -13 | BT7: =(BR7/'Finance Only'!B10)*100 -> 0.39116343 | BU7: =BV6 -> 39757 | BV7: 39796 | BW7: =BV7-BU7 -> 39 | BX7: =BW7-BW6 -> -1 | BY7: =(BW7/'Finance Only'!B10)*100 -> 0.14528927 | BZ7: =CA6 -> 57124 | CA7: 57249 | CB7: =CA7-BZ7 -> 125 | CC7: =CB7-CB6 -> 4 | CD7: =(CB7/'Finance Only'!B10)*100 -> 0.46567075 | CE7: =CF6 -> 17169 | CF7: 17207 | CG7: =CF7-CE7 -> 38 | CH7: =CG7-CG6 -> 0 | CI7: =(CG7/'Finance Only'!B10)*100 -> 0.14156391 | CJ7: =CK6 -> 39209 | CK7: 39308 | CL7: =CK7-CJ7 -> 99 | CM7: =CL7-CL6 -> 11 | CN7: =(CL7/'Finance Only'!B10)*100 -> 0.36881124 | CO7: =CP6 -> 30856 | CP7: 30925 | CQ7: =CP7-CO7 -> 69 | CR7: =CQ7-CQ6 -> -1 | CS7: =(CQ7/'Finance Only'!B10)*100 -> 0.25705026 | CT7: =CU6 -> 27125 | CU7: 27171 | CV7: =CU7-CT7 -> 46 | CW7: =CV7-CV6 -> -9 | CX7: =(CV7/'Finance Only'!B10)*100 -> 0.17136684 | CY7: =CZ6 -> 45644 | CZ7: 45747 | DA7: =CZ7-CY7 -> 103 | DB7: =DA7-DA6 -> -5 | DC7: =(DA7/'Finance Only'!B10)*100 -> 0.3837127 | DD7: =DE6 -> 34388 | DE7: 34484 | DF7: =DE7-DD7 -> 96 | DG7: =DF7-DF6 -> 12 | DH7: =(DF7/'Finance Only'!B10)*100 -> 0.35763514 | DI7: =DJ6 -> 31785 | DJ7: 31875 | DK7: =DJ7-DI7 -> 90 | DL7: =DK7-DK6 -> 4 | DM7: =(DK7/'Finance Only'!B10)*100 -> 0.33528294 | DN7: =DO6 -> 21135 | DO7: 21181 | DP7: =DO7-DN7 -> 46 | DQ7: =DP7-DP6 -> -2 | DR7: =(DP7/'Finance Only'!B10)*100 -> 0.17136684 | DS7: =DT6 -> 55843 | DT7: 55929 | DU7: =DT7-DS7 -> 86 | DV7: =DU7-DU6 -> 0 | DW7: =(DU7/'Finance Only'!B10)*100 -> 0.32038148 | DX7: =DY6 -> 38493 | DY7: 38558 | DZ7: =DY7-DX7 -> 65 | EA7: =DZ7-DZ6 -> -1 | EB7: =(DZ7/'Finance Only'!B10)*100 -> 0.24214879 | EC7: =ED6 -> 11966 | ED7: 11990 | EE7: =ED7-EC7 -> 24 | EF7: =EE7-EE6 -> 1 | EG7: =(EE7/'Finance Only'!B10)*100 -> 0.089408784 | EH7: =EI6 -> 10895 | EI7: 10928 | EJ7: =EI7-EH7 -> 33 | EK7: =EJ7-EJ6 -> 0 | EL7: =(EJ7/'Finance Only'!B10)*100 -> 0.12293708 | EM7: =EN6 -> 21367 | EN7: 21417 | EO7: =EN7-EM7 -> 50 | EP7: =EO7-EO6 -> 4 | EQ7: =(EO7/'Finance Only'!B10)*100 -> 0.1862683 | ER7: =ES6 -> 50705 | ES7: 51536 | ET7: =ES7-ER7 -> 831 | EU7: =ET7-ET6 -> 831 | EV7: =(ET7/'Finance Only'!B10)*100 -> 3.0957792 | EW7: =EX6 -> 27191 | EX7: 31137 | EY7: =EX7-EW7 -> 3946 | EZ7: =EY7-EY6 -> 1492 | FA7: =(EY7/'Finance Only'!G10)*100 -> 15176.923 | FB7: =FC6 -> 12389 | FC7: 14242 | FD7: =FC7-FB7 -> 1853 | FE7: =FD7-FD6 -> 83 | FF7: =(FD7/'Finance Only'!L10)*100 -> #DIV/0!
A8: 4 | B8: ='Finance Only'!G11 -> 33 | C8: =D7 -> 25804235 | D8: 25806502 | E8: =D8-C8 -> 2267 | F8: =E8-E7 -> -28 | G8: =(E8/'Finance Only'!B11)*100 -> 8.3085945 | H8: =I7 -> 23025911 | I8: 23030729 | J8: =I8-H8 -> 4818 | K8: =J8-J7 -> 278 | L8: =(J8/'Finance Only'!B11)*100 -> 17.658054 | M8: =N7 -> 86755303 | N8: 86769827 | O8: =N8-M8 -> 14524 | P8: =O8-O7 -> 803 | Q8: =(O8/'Finance Only'!B11)*100 -> 53.230713 | R8: =S7 -> 21577 | S8: 21599 | T8: =S8-R8 -> 22 | U8: =T8-T7 -> 1 | V8: =(T8/'Finance Only'!B11)*100 -> 0.080630383 | W8: =X7 -> 2918746 | X8: 2921641 | Y8: =X8-W8 -> 2895 | Z8: =Y8-Y7 -> 173 | AA8: =(Y8/'Finance Only'!B11)*100 -> 10.610225 | AB8: =AC7 -> 17871 | AC8: 17890 | AD8: =AC8-AB8 -> 19 | AE8: =AD8-AD7 -> 2 | AF8: =(AD8/'Finance Only'!B11)*100 -> 0.069635331 | AG8: =AH7 -> 792504 | AH8: 793121 | AI8: =AH8-AG8 -> 617 | AJ8: =AI8-AI7 -> -100 | AK8: =(AI8/'Finance Only'!B11)*100 -> 2.2613157 | AL8: =AM7 -> 82085 | AM8: 82152 | AN8: =AM8-AL8 -> 67 | AO8: =AN8-AN7 -> 2 | AP8: =(AN8/'Finance Only'!B11)*100 -> 0.24555617 | AQ8: =AR7 -> 18492 | AR8: 18502 | AS8: =AR8-AQ8 -> 10 | AT8: =AS8-AS7 -> -4 | AU8: =(AS8/'Finance Only'!B11)*100 -> 0.036650174 | AV8: =AW7 -> 533892 | AW8: 534281 | AX8: =AW8-AV8 -> 389 | AY8: =AX8-AX7 -> -11 | AZ8: =(AX8/'Finance Only'!B11)*100 -> 1.4256918 | BA8: =BB7 -> 71676 | BB8: 71767 | BC8: =BB8-BA8 -> 91 | BD8: =BC8-BC7 -> 0 | BE8: =(BC8/'Finance Only'!B11)*100 -> 0.33351658 | BF8: =BG7 -> 81519 | BG8: 81606 | BH8: =BG8-BF8 -> 87 | BI8: =BH8-BH7 -> 2 | BJ8: =(BH8/'Finance Only'!B11)*100 -> 0.31885651 | BK8: =BL7 -> 12712 | BL8: 12725 | BM8: =BL8-BK8 -> 13 | BN8: =BM8-BM7 -> -1 | BO8: =(BM8/'Finance Only'!B11)*100 -> 0.047645226 | BP8: =BQ7 -> 74959 | BQ8: 75087 | BR8: =BQ8-BP8 -> 128 | BS8: =BR8-BR7 -> 23 | BT8: =(BR8/'Finance Only'!B11)*100 -> 0.46912223 | BU8: =BV7 -> 39796 | BV8: 39834 | BW8: =BV8-BU8 -> 38 | BX8: =BW8-BW7 -> -1 | BY8: =(BW8/'Finance Only'!B11)*100 -> 0.13927066 | BZ8: =CA7 -> 57249 | CA8: 57377 | CB8: =CA8-BZ8 -> 128 | CC8: =CB8-CB7 -> 3 | CD8: =(CB8/'Finance Only'!B11)*100 -> 0.46912223 | CE8: =CF7 -> 17207 | CF8: 17247 | CG8: =CF8-CE8 -> 40 | CH8: =CG8-CG7 -> 2 | CI8: =(CG8/'Finance Only'!B11)*100 -> 0.1466007 | CJ8: =CK7 -> 39308 | CK8: 39411 | CL8: =CK8-CJ8 -> 103 | CM8: =CL8-CL7 -> 4 | CN8: =(CL8/'Finance Only'!B11)*100 -> 0.37749679 | CO8: =CP7 -> 30925 | CP8: 30999 | CQ8: =CP8-CO8 -> 74 | CR8: =CQ8-CQ7 -> 5 | CS8: =(CQ8/'Finance Only'!B11)*100 -> 0.27121129 | CT8: =CU7 -> 27171 | CU8: 27241 | CV8: =CU8-CT8 -> 70 | CW8: =CV8-CV7 -> 24 | CX8: =(CV8/'Finance Only'!B11)*100 -> 0.25655122 | CY8: =CZ7 -> 45747 | CZ8: 45858 | DA8: =CZ8-CY8 -> 111 | DB8: =DA8-DA7 -> 8 | DC8: =(DA8/'Finance Only'!B11)*100 -> 0.40681693 | DD8: =DE7 -> 34484 | DE8: 34577 | DF8: =DE8-DD8 -> 93 | DG8: =DF8-DF7 -> -3 | DH8: =(DF8/'Finance Only'!B11)*100 -> 0.34084662 | DI8: =DJ7 -> 31875 | DJ8: 31978 | DK8: =DJ8-DI8 -> 103 | DL8: =DK8-DK7 -> 13 | DM8: =(DK8/'Finance Only'!B11)*100 -> 0.37749679 | DN8: =DO7 -> 21181 | DO8: 21230 | DP8: =DO8-DN8 -> 49 | DQ8: =DP8-DP7 -> 3 | DR8: =(DP8/'Finance Only'!B11)*100 -> 0.17958585 | DS8: =DT7 -> 55929 | DT8: 56011 | DU8: =DT8-DS8 -> 82 | DV8: =DU8-DU7 -> -4 | DW8: =(DU8/'Finance Only'!B11)*100 -> 0.30053143 | DX8: =DY7 -> 38558 | DY8: 38625 | DZ8: =DY8-DX8 -> 67 | EA8: =DZ8-DZ7 -> 2 | EB8: =(DZ8/'Finance Only'!B11)*100 -> 0.24555617 | EC8: =ED7 -> 11990 | ED8: 12012 | EE8: =ED8-EC8 -> 22 | EF8: =EE8-EE7 -> -2 | EG8: =(EE8/'Finance Only'!B11)*100 -> 0.080630383 | EH8: =EI7 -> 10928 | EI8: 10964 | EJ8: =EI8-EH8 -> 36 | EK8: =EJ8-EJ7 -> 3 | EL8: =(EJ8/'Finance Only'!B11)*100 -> 0.13194063 | EM8: =EN7 -> 21417 | EN8: 21476 | EO8: =EN8-EM8 -> 59 | EP8: =EO8-EO7 -> 9 | EQ8: =(EO8/'Finance Only'!B11)*100 -> 0.21623603 | ER8: =ES7 -> 51536 | ES8: 52102 | ET8: =ES8-ER8 -> 566 | EU8: =ET8-ET7 -> -265 | EV8: =(ET8/'Finance Only'!B11)*100 -> 2.0743999 | EW8: =EX7 -> 31137 | EX8: 33324 | EY8: =EX8-EW8 -> 2187 | EZ8: =EY8-EY7 -> -1759 | FA8: =(EY8/'Finance Only'!G11)*100 -> 6627.2727 | FB8: =FC7 -> 14242 | FC8: 16013 | FD8: =FC8-FB8 -> 1771 | FE8: =FD8-FD7 -> -82 | FF8: =(FD8/'Finance Only'!L11)*100 -> #DIV/0!
A9: 5 | B9: ='Finance Only'!G12 -> 30 | C9: =D8 -> 25806502 | D9: 25808743 | E9: =D9-C9 -> 2241 | F9: =E9-E8 -> -26 | G9: =(E9/'Finance Only'!B12)*100 -> 7.5953228 | H9: =I8 -> 23030729 | I9: 23035583 | J9: =I9-H9 -> 4854 | K9: =J9-J8 -> 36 | L9: =(J9/'Finance Only'!B12)*100 -> 16.451449 | M9: =N8 -> 86769827 | N9: 86780802 | O9: =N9-M9 -> 10975 | P9: =O9-O8 -> -3549 | Q9: =(O9/'Finance Only'!B12)*100 -> 37.197085 | R9: =S8 -> 21599 | S9: 21619 | T9: =S9-R9 -> 20 | U9: =T9-T8 -> -2 | V9: =(T9/'Finance Only'!B12)*100 -> 0.067785121 | W9: =X8 -> 2921641 | X9: 2924453 | Y9: =X9-W9 -> 2812 | Z9: =Y9-Y8 -> -83 | AA9: =(Y9/'Finance Only'!B12)*100 -> 9.530588 | AB9: =AC8 -> 17890 | AC9: 17908 | AD9: =AC9-AB9 -> 18 | AE9: =AD9-AD8 -> -1 | AF9: =(AD9/'Finance Only'!B12)*100 -> 0.061006609 | AG9: =AH8 -> 793121 | AH9: 793857 | AI9: =AH9-AG9 -> 736 | AJ9: =AI9-AI8 -> 119 | AK9: =(AI9/'Finance Only'!B12)*100 -> 2.4944925 | AL9: =AM8 -> 82152 | AM9: 82216 | AN9: =AM9-AL9 -> 64 | AO9: =AN9-AN8 -> -3 | AP9: =(AN9/'Finance Only'!B12)*100 -> 0.21691239 | AQ9: =AR8 -> 18502 | AR9: 18518 | AS9: =AR9-AQ9 -> 16 | AT9: =AS9-AS8 -> 6 | AU9: =(AS9/'Finance Only'!B12)*100 -> 0.054228097 | AV9: =AW8 -> 534281 | AW9: 534677 | AX9: =AW9-AV9 -> 396 | AY9: =AX9-AX8 -> 7 | AZ9: =(AX9/'Finance Only'!B12)*100 -> 1.3421454 | BA9: =BB8 -> 71767 | BB9: 71864 | BC9: =BB9-BA9 -> 97 | BD9: =BC9-BC8 -> 6 | BE9: =(BC9/'Finance Only'!B12)*100 -> 0.32875784 | BF9: =BG8 -> 81606 | BG9: 81696 | BH9: =BG9-BF9 -> 90 | BI9: =BH9-BH8 -> 3 | BJ9: =(BH9/'Finance Only'!B12)*100 -> 0.30503305 | BK9: =BL8 -> 12725 | BL9: 12740 | BM9: =BL9-BK9 -> 15 | BN9: =BM9-BM8 -> 2 | BO9: =(BM9/'Finance Only'!B12)*100 -> 0.050838841 | BP9: =BQ8 -> 75087 | BQ9: 75235 | BR9: =BQ9-BP9 -> 148 | BS9: =BR9-BR8 -> 20 | BT9: =(BR9/'Finance Only'!B12)*100 -> 0.5016099 | BU9: =BV8 -> 39834 | BV9: 39877 | BW9: =BV9-BU9 -> 43 | BX9: =BW9-BW8 -> 5 | BY9: =(BW9/'Finance Only'!B12)*100 -> 0.14573801 | BZ9: =CA8 -> 57377 | CA9: 57500 | CB9: =CA9-BZ9 -> 123 | CC9: =CB9-CB8 -> -5 | CD9: =(CB9/'Finance Only'!B12)*100 -> 0.4168785 | CE9: =CF8 -> 17247 | CF9: 17287 | CG9: =CF9-CE9 -> 40 | CH9: =CG9-CG8 -> 0 | CI9: =(CG9/'Finance Only'!B12)*100 -> 0.13557024 | CJ9: =CK8 -> 39411 | CK9: 39506 | CL9: =CK9-CJ9 -> 95 | CM9: =CL9-CL8 -> -8 | CN9: =(CL9/'Finance Only'!B12)*100 -> 0.32197933 | CO9: =CP8 -> 30999 | CP9: 31073 | CQ9: =CP9-CO9 -> 74 | CR9: =CQ9-CQ8 -> 0 | CS9: =(CQ9/'Finance Only'!B12)*100 -> 0.25080495 | CT9: =CU8 -> 27241 | CU9: 27306 | CV9: =CU9-CT9 -> 65 | CW9: =CV9-CV8 -> -5 | CX9: =(CV9/'Finance Only'!B12)*100 -> 0.22030164 | CY9: =CZ8 -> 45858 | CZ9: 45975 | DA9: =CZ9-CY9 -> 117 | DB9: =DA9-DA8 -> 6 | DC9: =(DA9/'Finance Only'!B12)*100 -> 0.39654296 | DD9: =DE8 -> 34577 | DE9: 34681 | DF9: =DE9-DD9 -> 104 | DG9: =DF9-DF8 -> 11 | DH9: =(DF9/'Finance Only'!B12)*100 -> 0.35248263 | DI9: =DJ8 -> 31978 | DJ9: 32087 | DK9: =DJ9-DI9 -> 109 | DL9: =DK9-DK8 -> 6 | DM9: =(DK9/'Finance Only'!B12)*100 -> 0.36942891 | DN9: =DO8 -> 21230 | DO9: 21280 | DP9: =DO9-DN9 -> 50 | DQ9: =DP9-DP8 -> 1 | DR9: =(DP9/'Finance Only'!B12)*100 -> 0.1694628 | DS9: =DT8 -> 56011 | DT9: 56113 | DU9: =DT9-DS9 -> 102 | DV9: =DU9-DU8 -> 20 | DW9: =(DU9/'Finance Only'!B12)*100 -> 0.34570412 | DX9: =DY8 -> 38625 | DY9: 38692 | DZ9: =DY9-DX9 -> 67 | EA9: =DZ9-DZ8 -> 0 | EB9: =(DZ9/'Finance Only'!B12)*100 -> 0.22708016 | EC9: =ED8 -> 12012 | ED9: 12036 | EE9: =ED9-EC9 -> 24 | EF9: =EE9-EE8 -> 2 | EG9: =(EE9/'Finance Only'!B12)*100 -> 0.081342145 | EH9: =EI8 -> 10964 | EI9: 10999 | EJ9: =EI9-EH9 -> 35 | EK9: =EJ9-EJ8 -> -1 | EL9: =(EJ9/'Finance Only'!B12)*100 -> 0.11862396 | EM9: =EN8 -> 21476 | EN9: 21515 | EO9: =EN9-EM9 -> 39 | EP9: =EO9-EO8 -> -20 | EQ9: =(EO9/'Finance Only'!B12)*100 -> 0.13218099 | ER9: =ES8 -> 52102 | ES9: 52416 | ET9: =ES9-ER9 -> 314 | EU9: =ET9-ET8 -> -252 | EV9: =(ET9/'Finance Only'!B12)*100 -> 1.0642264 | EW9: =EX8 -> 33324 | EX9: 35233 | EY9: =EX9-EW9 -> 1909 | EZ9: =EY9-EY8 -> -278 | FA9: =(EY9/'Finance Only'!G12)*100 -> 6363.3333 | FB9: =FC8 -> 16013 | FC9: 17437 | FD9: =FC9-FB9 -> 1424 | FE9: =FD9-FD8 -> -347 | FF9: =(FD9/'Finance Only'!L12)*100 -> #DIV/0!
A10: 6 | B10: ='Finance Only'!G13 -> 33 | C10: =D9 -> 25808743 | D10: 25810837 | E10: =D10-C10 -> 2094 | F10: =E10-E9 -> -147 | G10: =(E10/'Finance Only'!B13)*100 -> 8.5438002 | H10: =I9 -> 23035583 | I10: 23039995 | J10: =I10-H10 -> 4412 | K10: =J10-J9 -> -442 | L10: =(J10/'Finance Only'!B13)*100 -> 18.00155 | M10: =N9 -> 86780802 | N10: 86798102 | O10: =N10-M10 -> 17300 | P10: =O10-O9 -> 6325 | Q10: =(O10/'Finance Only'!B13)*100 -> 70.586315 | R10: =S9 -> 21619 | S10: 21639 | T10: =S10-R10 -> 20 | U10: =T10-T9 -> 0 | V10: =(T10/'Finance Only'!B13)*100 -> 0.081602677 | W10: =X9 -> 2924453 | X10: 2927074 | Y10: =X10-W10 -> 2621 | Z10: =Y10-Y9 -> -191 | AA10: =(Y10/'Finance Only'!B13)*100 -> 10.694031 | AB10: =AC9 -> 17908 | AC10: 17925 | AD10: =AC10-AB10 -> 17 | AE10: =AD10-AD9 -> -1 | AF10: =(AD10/'Finance Only'!B13)*100 -> 0.069362275 | AG10: =AH9 -> 793857 | AH10: 794594 | AI10: =AH10-AG10 -> 737 | AJ10: =AI10-AI9 -> 1 | AK10: =(AI10/'Finance Only'!B13)*100 -> 3.0070586 | AL10: =AM9 -> 82216 | AM10: 82275 | AN10: =AM10-AL10 -> 59 | AO10: =AN10-AN9 -> -5 | AP10: =(AN10/'Finance Only'!B13)*100 -> 0.2407279 | AQ10: =AR9 -> 18518 | AR10: 18534 | AS10: =AR10-AQ10 -> 16 | AT10: =AS10-AS9 -> 0 | AU10: =(AS10/'Finance Only'!B13)*100 -> 0.065282141 | AV10: =AW9 -> 534677 | AW10: 535066 | AX10: =AW10-AV10 -> 389 | AY10: =AX10-AX9 -> -7 | AZ10: =(AX10/'Finance Only'!B13)*100 -> 1.5871721 | BA10: =BB9 -> 71864 | BB10: 71961 | BC10: =BB10-BA10 -> 97 | BD10: =BC10-BC9 -> 0 | BE10: =(BC10/'Finance Only'!B13)*100 -> 0.39577298 | BF10: =BG9 -> 81696 | BG10: 81789 | BH10: =BG10-BF10 -> 93 | BI10: =BH10-BH9 -> 3 | BJ10: =(BH10/'Finance Only'!B13)*100 -> 0.37945245 | BK10: =BL9 -> 12740 | BL10: 12755 | BM10: =BL10-BK10 -> 15 | BN10: =BM10-BM9 -> 0 | BO10: =(BM10/'Finance Only'!B13)*100 -> 0.061202007 | BP10: =BQ9 -> 75235 | BQ10: 75357 | BR10: =BQ10-BP10 -> 122 | BS10: =BR10-BR9 -> -26 | BT10: =(BR10/'Finance Only'!B13)*100 -> 0.49777633 | BU10: =BV9 -> 39877 | BV10: 39920 | BW10: =BV10-BU10 -> 43 | BX10: =BW10-BW9 -> 0 | BY10: =(BW10/'Finance Only'!B13)*100 -> 0.17544575 | BZ10: =CA9 -> 57500 | CA10: 57622 | CB10: =CA10-BZ10 -> 122 | CC10: =CB10-CB9 -> -1 | CD10: =(CB10/'Finance Only'!B13)*100 -> 0.49777633 | CE10: =CF9 -> 17287 | CF10: 17324 | CG10: =CF10-CE10 -> 37 | CH10: =CG10-CG9 -> -3 | CI10: =(CG10/'Finance Only'!B13)*100 -> 0.15096495 | CJ10: =CK9 -> 39506 | CK10: 39574 | CL10: =CK10-CJ10 -> 68 | CM10: =CL10-CL9 -> -27 | CN10: =(CL10/'Finance Only'!B13)*100 -> 0.2774491 | CO10: =CP9 -> 31073 | CP10: 31146 | CQ10: =CP10-CO10 -> 73 | CR10: =CQ10-CQ9 -> -1 | CS10: =(CQ10/'Finance Only'!B13)*100 -> 0.29784977 | CT10: =CU9 -> 27306 | CU10: 27361 | CV10: =CU10-CT10 -> 55 | CW10: =CV10-CV9 -> -10 | CX10: =(CV10/'Finance Only'!B13)*100 -> 0.22440736 | CY10: =CZ9 -> 45975 | CZ10: 46056 | DA10: =CZ10-CY10 -> 81 | DB10: =DA10-DA9 -> -36 | DC10: =(DA10/'Finance Only'!B13)*100 -> 0.33049084 | DD10: =DE9 -> 34681 | DE10: 34754 | DF10: =DE10-DD10 -> 73 | DG10: =DF10-DF9 -> -31 | DH10: =(DF10/'Finance Only'!B13)*100 -> 0.29784977 | DI10: =DJ9 -> 32087 | DJ10: 32171 | DK10: =DJ10-DI10 -> 84 | DL10: =DK10-DK9 -> -25 | DM10: =(DK10/'Finance Only'!B13)*100 -> 0.34273124 | DN10: =DO9 -> 21280 | DO10: 21326 | DP10: =DO10-DN10 -> 46 | DQ10: =DP10-DP9 -> -4 | DR10: =(DP10/'Finance Only'!B13)*100 -> 0.18768616 | DS10: =DT9 -> 56113 | DT10: 56198 | DU10: =DT10-DS10 -> 85 | DV10: =DU10-DU9 -> -17 | DW10: =(DU10/'Finance Only'!B13)*100 -> 0.34681138 | DX10: =DY9 -> 38692 | DY10: 38749 | DZ10: =DY10-DX10 -> 57 | EA10: =DZ10-DZ9 -> -10 | EB10: =(DZ10/'Finance Only'!B13)*100 -> 0.23256763 | EC10: =ED9 -> 12036 | ED10: 12057 | EE10: =ED10-EC10 -> 21 | EF10: =EE10-EE9 -> -3 | EG10: =(EE10/'Finance Only'!B13)*100 -> 0.08568281 | EH10: =EI9 -> 10999 | EI10: 11018 | EJ10: =EI10-EH10 -> 19 | EK10: =EJ10-EJ9 -> -16 | EL10: =(EJ10/'Finance Only'!B13)*100 -> 0.077522543 | EM10: =EN9 -> 21515 | EN10: 21564 | EO10: =EN10-EM10 -> 49 | EP10: =EO10-EO9 -> 10 | EQ10: =(EO10/'Finance Only'!B13)*100 -> 0.19992656 | ER10: =ES9 -> 52416 | ES10: 52724 | ET10: =ES10-ER10 -> 308 | EU10: =ET10-ET9 -> -6 | EV10: =(ET10/'Finance Only'!B13)*100 -> 1.2566812 | EW10: =EX9 -> 35233 | EX10: 36503 | EY10: =EX10-EW10 -> 1270 | EZ10: =EY10-EY9 -> -639 | FA10: =(EY10/'Finance Only'!G13)*100 -> 3848.4848 | FB10: =FC9 -> 17437 | FC10: 18418 | FD10: =FC10-FB10 -> 981 | FE10: =FD10-FD9 -> -443 | FF10: =(FD10/'Finance Only'!L13)*100 -> #DIV/0!
A11: 7 | B11: ='Finance Only'!G14 -> 36 | C11: =D10 -> 25810837 | D11: 25813137 | E11: =D11-C11 -> 2300 | F11: =E11-E10 -> 206 | G11: =(E11/'Finance Only'!B14)*100 -> 8.4085841 | H11: =I10 -> 23039995 | I11: 23045166 | J11: =I11-H11 -> 5171 | K11: =J11-J10 -> 759 | L11: =(J11/'Finance Only'!B14)*100 -> 18.904691 | M11: =N10 -> 86798102 | N11: 86811726 | O11: =N11-M11 -> 13624 | P11: =O11-O10 -> -3676 | Q11: =(O11/'Finance Only'!B14)*100 -> 49.808065 | R11: =S10 -> 21639 | S11: 21659 | T11: =S11-R11 -> 20 | U11: =T11-T10 -> 0 | V11: =(T11/'Finance Only'!B14)*100 -> 0.073118122 | W11: =X10 -> 2927074 | X11: 2929715 | Y11: =X11-W11 -> 2641 | Z11: =Y11-Y10 -> 20 | AA11: =(Y11/'Finance Only'!B14)*100 -> 9.6552481 | AB11: =AC10 -> 17925 | AC11: 17940 | AD11: =AC11-AB11 -> 15 | AE11: =AD11-AD10 -> -2 | AF11: =(AD11/'Finance Only'!B14)*100 -> 0.054838592 | AG11: =AH10 -> 794594 | AH11: 795311 | AI11: =AH11-AG11 -> 717 | AJ11: =AI11-AI10 -> -20 | AK11: =(AI11/'Finance Only'!B14)*100 -> 2.6212847 | AL11: =AM10 -> 82275 | AM11: 82332 | AN11: =AM11-AL11 -> 57 | AO11: =AN11-AN10 -> -2 | AP11: =(AN11/'Finance Only'!B14)*100 -> 0.20838665 | AQ11: =AR10 -> 18534 | AR11: 18551 | AS11: =AR11-AQ11 -> 17 | AT11: =AS11-AS10 -> 1 | AU11: =(AS11/'Finance Only'!B14)*100 -> 0.062150404 | AV11: =AW10 -> 535066 | AW11: 535401 | AX11: =AW11-AV11 -> 335 | AY11: =AX11-AX10 -> -54 | AZ11: =(AX11/'Finance Only'!B14)*100 -> 1.2247285 | BA11: =BB10 -> 71961 | BB11: 72055 | BC11: =BB11-BA11 -> 94 | BD11: =BC11-BC10 -> -3 | BE11: =(BC11/'Finance Only'!B14)*100 -> 0.34365517 | BF11: =BG10 -> 81789 | BG11: 81867 | BH11: =BG11-BF11 -> 78 | BI11: =BH11-BH10 -> -15 | BJ11: =(BH11/'Finance Only'!B14)*100 -> 0.28516068 | BK11: =BL10 -> 12755 | BL11: 12769 | BM11: =BL11-BK11 -> 14 | BN11: =BM11-BM10 -> -1 | BO11: =(BM11/'Finance Only'!B14)*100 -> 0.051182686 | BP11: =BQ10 -> 75357 | BQ11: 75491 | BR11: =BQ11-BP11 -> 134 | BS11: =BR11-BR10 -> 12 | BT11: =(BR11/'Finance Only'!B14)*100 -> 0.48989142 | BU11: =BV10 -> 39920 | BV11: 39955 | BW11: =BV11-BU11 -> 35 | BX11: =BW11-BW10 -> -8 | BY11: =(BW11/'Finance Only'!B14)*100 -> 0.12795671 | BZ11: =CA10 -> 57622 | CA11: 57743 | CB11: =CA11-BZ11 -> 121 | CC11: =CB11-CB10 -> -1 | CD11: =(CB11/'Finance Only'!B14)*100 -> 0.44236464 | CE11: =CF10 -> 17324 | CF11: 17370 | CG11: =CF11-CE11 -> 46 | CH11: =CG11-CG10 -> 9 | CI11: =(CG11/'Finance Only'!B14)*100 -> 0.16817168 | CJ11: =CK10 -> 39574 | CK11: 39659 | CL11: =CK11-CJ11 -> 85 | CM11: =CL11-CL10 -> 17 | CN11: =(CL11/'Finance Only'!B14)*100 -> 0.31075202 | CO11: =CP10 -> 31146 | CP11: 31248 | CQ11: =CP11-CO11 -> 102 | CR11: =CQ11-CQ10 -> 29 | CS11: =(CQ11/'Finance Only'!B14)*100 -> 0.37290242 | CT11: =CU10 -> 27361 | CU11: 27438 | CV11: =CU11-CT11 -> 77 | CW11: =CV11-CV10 -> 22 | CX11: =(CV11/'Finance Only'!B14)*100 -> 0.28150477 | CY11: =CZ10 -> 46056 | CZ11: 46183 | DA11: =CZ11-CY11 -> 127 | DB11: =DA11-DA10 -> 46 | DC11: =(DA11/'Finance Only'!B14)*100 -> 0.46430008 | DD11: =DE10 -> 34754 | DE11: 34853 | DF11: =DE11-DD11 -> 99 | DG11: =DF11-DF10 -> 26 | DH11: =(DF11/'Finance Only'!B14)*100 -> 0.36193471 | DI11: =DJ10 -> 32171 | DJ11: 32266 | DK11: =DJ11-DI11 -> 95 | DL11: =DK11-DK10 -> 11 | DM11: =(DK11/'Finance Only'!B14)*100 -> 0.34731108 | DN11: =DO10 -> 21326 | DO11: 21378 | DP11: =DO11-DN11 -> 52 | DQ11: =DP11-DP10 -> 6 | DR11: =(DP11/'Finance Only'!B14)*100 -> 0.19010712 | DS11: =DT10 -> 56198 | DT11: 56284 | DU11: =DT11-DS11 -> 86 | DV11: =DU11-DU10 -> 1 | DW11: =(DU11/'Finance Only'!B14)*100 -> 0.31440793 | DX11: =DY10 -> 38749 | DY11: 38814 | DZ11: =DY11-DX11 -> 65 | EA11: =DZ11-DZ10 -> 8 | EB11: =(DZ11/'Finance Only'!B14)*100 -> 0.2376339 | EC11: =ED10 -> 12057 | ED11: 12080 | EE11: =ED11-EC11 -> 23 | EF11: =EE11-EE10 -> 2 | EG11: =(EE11/'Finance Only'!B14)*100 -> 0.084085841 | EH11: =EI10 -> 11018 | EI11: 11049 | EJ11: =EI11-EH11 -> 31 | EK11: =EJ11-EJ10 -> 12 | EL11: =(EJ11/'Finance Only'!B14)*100 -> 0.11333309 | EM11: =EN10 -> 21564 | EN11: 21610 | EO11: =EN11-EM11 -> 46 | EP11: =EO11-EO10 -> -3 | EQ11: =(EO11/'Finance Only'!B14)*100 -> 0.16817168 | ER11: =ES10 -> 52724 | ES11: 53076 | ET11: =ES11-ER11 -> 352 | EU11: =ET11-ET10 -> 44 | EV11: =(ET11/'Finance Only'!B14)*100 -> 1.286879 | EW11: =EX10 -> 36503 | EX11: 37899 | EY11: =EX11-EW11 -> 1396 | EZ11: =EY11-EY10 -> 126 | FA11: =(EY11/'Finance Only'!G14)*100 -> 3877.7778 | FB11: =FC10 -> 18418 | FC11: 19520 | FD11: =FC11-FB11 -> 1102 | FE11: =FD11-FD10 -> 121 | FF11: =(FD11/'Finance Only'!L14)*100 -> #DIV/0!
A12: 8 | B12: ='Finance Only'!G15 -> 45 | C12: =D11 -> 25813137 | D12: 25815389 | E12: =D12-C12 -> 2252 | F12: =E12-E11 -> -48 | G12: =(E12/'Finance Only'!B15)*100 -> 8.0065418 | H12: =I11 -> 23045166 | I12: 23050532 | J12: =I12-H12 -> 5366 | K12: =J12-J11 -> 195 | L12: =(J12/'Finance Only'!B15)*100 -> 19.077754 | M12: =N11 -> 86811726 | N12: 86825738 | O12: =N12-M12 -> 14012 | P12: =O12-O11 -> 388 | Q12: =(O12/'Finance Only'!B15)*100 -> 49.816902 | R12: =S11 -> 21659 | S12: 21679 | T12: =S12-R12 -> 20 | U12: =T12-T11 -> 0 | V12: =(T12/'Finance Only'!B15)*100 -> 0.071106055 | W12: =X11 -> 2929715 | X12: 2932364 | Y12: =X12-W12 -> 2649 | Z12: =Y12-Y11 -> 8 | AA12: =(Y12/'Finance Only'!B15)*100 -> 9.4179969 | AB12: =AC11 -> 17940 | AC12: 17958 | AD12: =AC12-AB12 -> 18 | AE12: =AD12-AD11 -> 3 | AF12: =(AD12/'Finance Only'!B15)*100 -> 0.063995449 | AG12: =AH11 -> 795311 | AH12: 796055 | AI12: =AH12-AG12 -> 744 | AJ12: =AI12-AI11 -> 27 | AK12: =(AI12/'Finance Only'!B15)*100 -> 2.6451452 | AL12: =AM11 -> 82332 | AM12: 82391 | AN12: =AM12-AL12 -> 59 | AO12: =AN12-AN11 -> 2 | AP12: =(AN12/'Finance Only'!B15)*100 -> 0.20976286 | AQ12: =AR11 -> 18551 | AR12: 18566 | AS12: =AR12-AQ12 -> 15 | AT12: =AS12-AS11 -> -2 | AU12: =(AS12/'Finance Only'!B15)*100 -> 0.053329541 | AV12: =AW11 -> 535401 | AW12: 535770 | AX12: =AW12-AV12 -> 369 | AY12: =AX12-AX11 -> 34 | AZ12: =(AX12/'Finance Only'!B15)*100 -> 1.3119067 | BA12: =BB11 -> 72055 | BB12: 72154 | BC12: =BB12-BA12 -> 99 | BD12: =BC12-BC11 -> 5 | BE12: =(BC12/'Finance Only'!B15)*100 -> 0.35197497 | BF12: =BG11 -> 81867 | BG12: 81956 | BH12: =BG12-BF12 -> 89 | BI12: =BH12-BH11 -> 11 | BJ12: =(BH12/'Finance Only'!B15)*100 -> 0.31642194 | BK12: =BL11 -> 12769 | BL12: 12784 | BM12: =BL12-BK12 -> 15 | BN12: =BM12-BM11 -> 1 | BO12: =(BM12/'Finance Only'!B15)*100 -> 0.053329541 | BP12: =BQ11 -> 75491 | BQ12: 75644 | BR12: =BQ12-BP12 -> 153 | BS12: =BR12-BR11 -> 19 | BT12: =(BR12/'Finance Only'!B15)*100 -> 0.54396132 | BU12: =BV11 -> 39955 | BV12: 39995 | BW12: =BV12-BU12 -> 40 | BX12: =BW12-BW11 -> 5 | BY12: =(BW12/'Finance Only'!B15)*100 -> 0.14221211 | BZ12: =CA11 -> 57743 | CA12: 57859 | CB12: =CA12-BZ12 -> 116 | CC12: =CB12-CB11 -> -5 | CD12: =(CB12/'Finance Only'!B15)*100 -> 0.41241512 | CE12: =CF11 -> 17370 | CF12: 17412 | CG12: =CF12-CE12 -> 42 | CH12: =CG12-CG11 -> -4 | CI12: =(CG12/'Finance Only'!B15)*100 -> 0.14932271 | CJ12: =CK11 -> 39659 | CK12: 39744 | CL12: =CK12-CJ12 -> 85 | CM12: =CL12-CL11 -> 0 | CN12: =(CL12/'Finance Only'!B15)*100 -> 0.30220073 | CO12: =CP11 -> 31248 | CP12: 31337 | CQ12: =CP12-CO12 -> 89 | CR12: =CQ12-CQ11 -> -13 | CS12: =(CQ12/'Finance Only'!B15)*100 -> 0.31642194 | CT12: =CU11 -> 27438 | CU12: 27526 | CV12: =CU12-CT12 -> 88 | CW12: =CV12-CV11 -> 11 | CX12: =(CV12/'Finance Only'!B15)*100 -> 0.31286664 | CY12: =CZ11 -> 46183 | CZ12: 46328 | DA12: =CZ12-CY12 -> 145 | DB12: =DA12-DA11 -> 18 | DC12: =(DA12/'Finance Only'!B15)*100 -> 0.5155189 | DD12: =DE11 -> 34853 | DE12: 34946 | DF12: =DE12-DD12 -> 93 | DG12: =DF12-DF11 -> -6 | DH12: =(DF12/'Finance Only'!B15)*100 -> 0.33064315 | DI12: =DJ11 -> 32266 | DJ12: 32376 | DK12: =DJ12-DI12 -> 110 | DL12: =DK12-DK11 -> 15 | DM12: =(DK12/'Finance Only'!B15)*100 -> 0.3910833 | DN12: =DO11 -> 21378 | DO12: 21426 | DP12: =DO12-DN12 -> 48 | DQ12: =DP12-DP11 -> -4 | DR12: =(DP12/'Finance Only'!B15)*100 -> 0.17065453 | DS12: =DT11 -> 56284 | DT12: 56374 | DU12: =DT12-DS12 -> 90 | DV12: =DU12-DU11 -> 4 | DW12: =(DU12/'Finance Only'!B15)*100 -> 0.31997725 | DX12: =DY11 -> 38814 | DY12: 38881 | DZ12: =DY12-DX12 -> 67 | EA12: =DZ12-DZ11 -> 2 | EB12: =(DZ12/'Finance Only'!B15)*100 -> 0.23820528 | EC12: =ED11 -> 12080 | ED12: 12104 | EE12: =ED12-EC12 -> 24 | EF12: =EE12-EE11 -> 1 | EG12: =(EE12/'Finance Only'!B15)*100 -> 0.085327266 | EH12: =EI11 -> 11049 | EI12: 11083 | EJ12: =EI12-EH12 -> 34 | EK12: =EJ12-EJ11 -> 3 | EL12: =(EJ12/'Finance Only'!B15)*100 -> 0.12088029 | EM12: =EN11 -> 21610 | EN12: 21665 | EO12: =EN12-EM12 -> 55 | EP12: =EO12-EO11 -> 9 | EQ12: =(EO12/'Finance Only'!B15)*100 -> 0.19554165 | ER12: =ES11 -> 53076 | ES12: 53437 | ET12: =ES12-ER12 -> 361 | EU12: =ET12-ET11 -> 9 | EV12: =(ET12/'Finance Only'!B15)*100 -> 1.2834643 | EW12: =EX11 -> 37899 | EX12: 38984 | EY12: =EX12-EW12 -> 1085 | EZ12: =EY12-EY11 -> -311 | FA12: =(EY12/'Finance Only'!G15)*100 -> 2411.1111 | FB12: =FC11 -> 19520 | FC12: 20430 | FD12: =FC12-FB12 -> 910 | FE12: =FD12-FD11 -> -192 | FF12: =(FD12/'Finance Only'!L15)*100 -> #DIV/0!
A13: 9 | B13: ='Finance Only'!G16 -> 41 | C13: =D12 -> 25815389 | D13: 25817798 | E13: =D13-C13 -> 2409 | F13: =E13-E12 -> 157 | G13: =(E13/'Finance Only'!B16)*100 -> 8.6911033 | H13: =I12 -> 23050532 | I13: 23056639 | J13: =I13-H13 -> 6107 | K13: =J13-J12 -> 741 | L13: =(J13/'Finance Only'!B16)*100 -> 22.032614 | M13: =N12 -> 86825738 | N13: 86839380 | O13: =N13-M13 -> 13642 | P13: =O13-O12 -> -370 | Q13: =(O13/'Finance Only'!B16)*100 -> 49.217115 | R13: =S12 -> 21679 | S13: 21701 | T13: =S13-R13 -> 22 | U13: =T13-T12 -> 2 | V13: =(T13/'Finance Only'!B16)*100 -> 0.079370806 | W13: =X12 -> 2932364 | X13: 2935211 | Y13: =X13-W13 -> 2847 | Z13: =Y13-Y12 -> 198 | AA13: =(Y13/'Finance Only'!B16)*100 -> 10.271304 | AB13: =AC12 -> 17958 | AC13: 17975 | AD13: =AC13-AB13 -> 17 | AE13: =AD13-AD12 -> -1 | AF13: =(AD13/'Finance Only'!B16)*100 -> 0.061331986 | AG13: =AH12 -> 796055 | AH13: 796774 | AI13: =AH13-AG13 -> 719 | AJ13: =AI13-AI12 -> -25 | AK13: =(AI13/'Finance Only'!B16)*100 -> 2.5939822 | AL13: =AM12 -> 82391 | AM13: 82453 | AN13: =AM13-AL13 -> 62 | AO13: =AN13-AN12 -> 3 | AP13: =(AN13/'Finance Only'!B16)*100 -> 0.22368136 | AQ13: =AR12 -> 18566 | AR13: 18581 | AS13: =AR13-AQ13 -> 15 | AT13: =AS13-AS12 -> 0 | AU13: =(AS13/'Finance Only'!B16)*100 -> 0.054116459 | AV13: =AW12 -> 535770 | AW13: 536198 | AX13: =AW13-AV13 -> 428 | AY13: =AX13-AX12 -> 59 | AZ13: =(AX13/'Finance Only'!B16)*100 -> 1.544123 | BA13: =BB12 -> 72154 | BB13: 72236 | BC13: =BB13-BA13 -> 82 | BD13: =BC13-BC12 -> -17 | BE13: =(BC13/'Finance Only'!B16)*100 -> 0.29583664 | BF13: =BG12 -> 81956 | BG13: 82034 | BH13: =BG13-BF13 -> 78 | BI13: =BH13-BH12 -> -11 | BJ13: =(BH13/'Finance Only'!B16)*100 -> 0.28140558 | BK13: =BL12 -> 12784 | BL13: 12797 | BM13: =BL13-BK13 -> 13 | BN13: =BM13-BM12 -> -2 | BO13: =(BM13/'Finance Only'!B16)*100 -> 0.046900931 | BP13: =BQ12 -> 75644 | BQ13: 75782 | BR13: =BQ13-BP13 -> 138 | BS13: =BR13-BR12 -> -15 | BT13: =(BR13/'Finance Only'!B16)*100 -> 0.49787142 | BU13: =BV12 -> 39995 | BV13: 40030 | BW13: =BV13-BU13 -> 35 | BX13: =BW13-BW12 -> -5 | BY13: =(BW13/'Finance Only'!B16)*100 -> 0.12627174 | BZ13: =CA12 -> 57859 | CA13: 57985 | CB13: =CA13-BZ13 -> 126 | CC13: =CB13-CB12 -> 10 | CD13: =(CB13/'Finance Only'!B16)*100 -> 0.45457825 | CE13: =CF12 -> 17412 | CF13: 17451 | CG13: =CF13-CE13 -> 39 | CH13: =CG13-CG12 -> -3 | CI13: =(CG13/'Finance Only'!B16)*100 -> 0.14070279 | CJ13: =CK12 -> 39744 | CK13: 39852 | CL13: =CK13-CJ13 -> 108 | CM13: =CL13-CL12 -> 23 | CN13: =(CL13/'Finance Only'!B16)*100 -> 0.3896385 | CO13: =CP12 -> 31337 | CP13: 31438 | CQ13: =CP13-CO13 -> 101 | CR13: =CQ13-CQ12 -> 12 | CS13: =(CQ13/'Finance Only'!B16)*100 -> 0.36438415 | CT13: =CU12 -> 27526 | CU13: 27621 | CV13: =CU13-CT13 -> 95 | CW13: =CV13-CV12 -> 7 | CX13: =(CV13/'Finance Only'!B16)*100 -> 0.34273757 | CY13: =CZ12 -> 46328 | CZ13: 46486 | DA13: =CZ13-CY13 -> 158 | DB13: =DA13-DA12 -> 13 | DC13: =(DA13/'Finance Only'!B16)*100 -> 0.5700267 | DD13: =DE12 -> 34946 | DE13: 35050 | DF13: =DE13-DD13 -> 104 | DG13: =DF13-DF12 -> 11 | DH13: =(DF13/'Finance Only'!B16)*100 -> 0.37520745 | DI13: =DJ12 -> 32376 | DJ13: 32505 | DK13: =DJ13-DI13 -> 129 | DL13: =DK13-DK12 -> 19 | DM13: =(DK13/'Finance Only'!B16)*100 -> 0.46540154 | DN13: =DO12 -> 21426 | DO13: 21476 | DP13: =DO13-DN13 -> 50 | DQ13: =DP13-DP12 -> 2 | DR13: =(DP13/'Finance Only'!B16)*100 -> 0.1803882 | DS13: =DT12 -> 56374 | DT13: 56475 | DU13: =DT13-DS13 -> 101 | DV13: =DU13-DU12 -> 11 | DW13: =(DU13/'Finance Only'!B16)*100 -> 0.36438415 | DX13: =DY12 -> 38881 | DY13: 38950 | DZ13: =DY13-DX13 -> 69 | EA13: =DZ13-DZ12 -> 2 | EB13: =(DZ13/'Finance Only'!B16)*100 -> 0.24893571 | EC13: =ED12 -> 12104 | ED13: 12130 | EE13: =ED13-EC13 -> 26 | EF13: =EE13-EE12 -> 2 | EG13: =(EE13/'Finance Only'!B16)*100 -> 0.093801862 | EH13: =EI12 -> 11083 | EI13: 11117 | EJ13: =EI13-EH13 -> 34 | EK13: =EJ13-EJ12 -> 0 | EL13: =(EJ13/'Finance Only'!B16)*100 -> 0.12266397 | EM13: =EN12 -> 21665 | EN13: 21715 | EO13: =EN13-EM13 -> 50 | EP13: =EO13-EO12 -> -5 | EQ13: =(EO13/'Finance Only'!B16)*100 -> 0.1803882 | ER13: =ES12 -> 53437 | ES13: 53868 | ET13: =ES13-ER13 -> 431 | EU13: =ET13-ET12 -> 70 | EV13: =(ET13/'Finance Only'!B16)*100 -> 1.5549462 | EW13: =EX12 -> 38984 | EX13: 39883 | EY13: =EX13-EW13 -> 899 | EZ13: =EY13-EY12 -> -186 | FA13: =(EY13/'Finance Only'!G16)*100 -> 2192.6829 | FB13: =FC12 -> 20430 | FC13: 21095 | FD13: =FC13-FB13 -> 665 | FE13: =FD13-FD12 -> -245 | FF13: =(FD13/'Finance Only'!L16)*100 -> #DIV/0!
A14: 10 | B14: ='Finance Only'!G17 -> 37 | C14: =D13 -> 25817798 | D14: 25820132 | E14: =D14-C14 -> 2334 | F14: =E14-E13 -> -75 | G14: =(E14/'Finance Only'!B17)*100 -> 8.2330946 | H14: =I13 -> 23056639 | I14: 23061886 | J14: =I14-H14 -> 5247 | K14: =J14-J13 -> -860 | L14: =(J14/'Finance Only'!B17)*100 -> 18.508589 | M14: =N13 -> 86839380 | N14: 86853664 | O14: =N14-M14 -> 14284 | P14: =O14-O13 -> 642 | Q14: =(O14/'Finance Only'!B17)*100 -> 50.386257 | R14: =S13 -> 21701 | S14: 21723 | T14: =S14-R14 -> 22 | U14: =T14-T13 -> 0 | V14: =(T14/'Finance Only'!B17)*100 -> 0.077604148 | W14: =X13 -> 2935211 | X14: 2937954 | Y14: =X14-W14 -> 2743 | Z14: =Y14-Y13 -> -104 | AA14: =(Y14/'Finance Only'!B17)*100 -> 9.6758263 | AB14: =AC13 -> 17975 | AC14: 17992 | AD14: =AC14-AB14 -> 17 | AE14: =AD14-AD13 -> 0 | AF14: =(AD14/'Finance Only'!B17)*100 -> 0.059966842 | AG14: =AH13 -> 796774 | AH14: 797501 | AI14: =AH14-AG14 -> 727 | AJ14: =AI14-AI13 -> 8 | AK14: =(AI14/'Finance Only'!B17)*100 -> 2.5644644 | AL14: =AM13 -> 82453 | AM14: 82515 | AN14: =AM14-AL14 -> 62 | AO14: =AN14-AN13 -> 0 | AP14: =(AN14/'Finance Only'!B17)*100 -> 0.2187026 | AQ14: =AR13 -> 18581 | AR14: 18599 | AS14: =AR14-AQ14 -> 18 | AT14: =AS14-AS13 -> 3 | AU14: =(AS14/'Finance Only'!B17)*100 -> 0.063494303 | AV14: =AW13 -> 536198 | AW14: 536535 | AX14: =AW14-AV14 -> 337 | AY14: =AX14-AX13 -> -91 | AZ14: =(AX14/'Finance Only'!B17)*100 -> 1.1887545 | BA14: =BB13 -> 72236 | BB14: 72332 | BC14: =BB14-BA14 -> 96 | BD14: =BC14-BC13 -> 14 | BE14: =(BC14/'Finance Only'!B17)*100 -> 0.33863628 | BF14: =BG13 -> 82034 | BG14: 82128 | BH14: =BG14-BF14 -> 94 | BI14: =BH14-BH13 -> 16 | BJ14: =(BH14/'Finance Only'!B17)*100 -> 0.33158136 | BK14: =BL13 -> 12797 | BL14: 12811 | BM14: =BL14-BK14 -> 14 | BN14: =BM14-BM13 -> 1 | BO14: =(BM14/'Finance Only'!B17)*100 -> 0.049384458 | BP14: =BQ13 -> 75782 | BQ14: 75907 | BR14: =BQ14-BP14 -> 125 | BS14: =BR14-BR13 -> -13 | BT14: =(BR14/'Finance Only'!B17)*100 -> 0.44093266 | BU14: =BV13 -> 40030 | BV14: 40067 | BW14: =BV14-BU14 -> 37 | BX14: =BW14-BW13 -> 2 | BY14: =(BW14/'Finance Only'!B17)*100 -> 0.13051607 | BZ14: =CA13 -> 57985 | CA14: 58107 | CB14: =CA14-BZ14 -> 122 | CC14: =CB14-CB13 -> -4 | CD14: =(CB14/'Finance Only'!B17)*100 -> 0.43035028 | CE14: =CF13 -> 17451 | CF14: 17490 | CG14: =CF14-CE14 -> 39 | CH14: =CG14-CG13 -> 0 | CI14: =(CG14/'Finance Only'!B17)*100 -> 0.13757099 | CJ14: =CK13 -> 39852 | CK14: 39946 | CL14: =CK14-CJ14 -> 94 | CM14: =CL14-CL13 -> -14 | CN14: =(CL14/'Finance Only'!B17)*100 -> 0.33158136 | CO14: =CP13 -> 31438 | CP14: 31533 | CQ14: =CP14-CO14 -> 95 | CR14: =CQ14-CQ13 -> -6 | CS14: =(CQ14/'Finance Only'!B17)*100 -> 0.33510882 | CT14: =CU13 -> 27621 | CU14: 27696 | CV14: =CU14-CT14 -> 75 | CW14: =CV14-CV13 -> -20 | CX14: =(CV14/'Finance Only'!B17)*100 -> 0.2645596 | CY14: =CZ13 -> 46486 | CZ14: 46614 | DA14: =CZ14-CY14 -> 128 | DB14: =DA14-DA13 -> -30 | DC14: =(DA14/'Finance Only'!B17)*100 -> 0.45151504 | DD14: =DE13 -> 35050 | DE14: 35150 | DF14: =DE14-DD14 -> 100 | DG14: =DF14-DF13 -> -4 | DH14: =(DF14/'Finance Only'!B17)*100 -> 0.35274613 | DI14: =DJ13 -> 32505 | DJ14: 32596 | DK14: =DJ14-DI14 -> 91 | DL14: =DK14-DK13 -> -38 | DM14: =(DK14/'Finance Only'!B17)*100 -> 0.32099898 | DN14: =DO13 -> 21476 | DO14: 21526 | DP14: =DO14-DN14 -> 50 | DQ14: =DP14-DP13 -> 0 | DR14: =(DP14/'Finance Only'!B17)*100 -> 0.17637306 | DS14: =DT13 -> 56475 | DT14: 56582 | DU14: =DT14-DS14 -> 107 | DV14: =DU14-DU13 -> 6 | DW14: =(DU14/'Finance Only'!B17)*100 -> 0.37743836 | DX14: =DY13 -> 38950 | DY14: 39013 | DZ14: =DY14-DX14 -> 63 | EA14: =DZ14-DZ13 -> -6 | EB14: =(DZ14/'Finance Only'!B17)*100 -> 0.22223006 | EC14: =ED13 -> 12130 | ED14: 12155 | EE14: =ED14-EC14 -> 25 | EF14: =EE14-EE13 -> -1 | EG14: =(EE14/'Finance Only'!B17)*100 -> 0.088186532 | EH14: =EI13 -> 11117 | EI14: 11146 | EJ14: =EI14-EH14 -> 29 | EK14: =EJ14-EJ13 -> -5 | EL14: =(EJ14/'Finance Only'!B17)*100 -> 0.10229638 | EM14: =EN13 -> 21715 | EN14: 21764 | EO14: =EN14-EM14 -> 49 | EP14: =EO14-EO13 -> -1 | EQ14: =(EO14/'Finance Only'!B17)*100 -> 0.1728456 | ER14: =ES13 -> 53868 | ES14: 54337 | ET14: =ES14-ER14 -> 469 | EU14: =ET14-ET13 -> 38 | EV14: =(ET14/'Finance Only'!B17)*100 -> 1.6543793 | EW14: =EX13 -> 39883 | EX14: 40260 | EY14: =EX14-EW14 -> 377 | EZ14: =EY14-EY13 -> -522 | FA14: =(EY14/'Finance Only'!G17)*100 -> 1018.9189 | FB14: =FC13 -> 21095 | FC14: 21661 | FD14: =FC14-FB14 -> 566 | FE14: =FD14-FD13 -> -99 | FF14: =(FD14/'Finance Only'!L17)*100 -> #DIV/0!
A15: 11 | B15: ='Finance Only'!G18 -> 36 | C15: =D14 -> 25820132 | D15: 25822585 | E15: =D15-C15 -> 2453 | F15: =E15-E14 -> 119 | G15: =(E15/'Finance Only'!B18)*100 -> 8.6933409 | H15: =I14 -> 23061886 | I15: 23066988 | J15: =I15-H15 -> 5102 | K15: =J15-J14 -> -145 | L15: =(J15/'Finance Only'!B18)*100 -> 18.081299 | M15: =N14 -> 86853664 | N15: 86868100 | O15: =N15-M15 -> 14436 | P15: =O15-O14 -> 152 | Q15: =(O15/'Finance Only'!B18)*100 -> 51.160648 | R15: =S14 -> 21723 | S15: 21745 | T15: =S15-R15 -> 22 | U15: =T15-T14 -> 0 | V15: =(T15/'Finance Only'!B18)*100 -> 0.077967183 | W15: =X14 -> 2937954 | X15: 2940744 | Y15: =X15-W15 -> 2790 | Z15: =Y15-Y14 -> 47 | AA15: =(Y15/'Finance Only'!B18)*100 -> 9.8876564 | AB15: =AC14 -> 17992 | AC15: 18009 | AD15: =AC15-AB15 -> 17 | AE15: =AD15-AD14 -> 0 | AF15: =(AD15/'Finance Only'!B18)*100 -> 0.060247369 | AG15: =AH14 -> 797501 | AH15: 798238 | AI15: =AH15-AG15 -> 737 | AJ15: =AI15-AI14 -> 10 | AK15: =(AI15/'Finance Only'!B18)*100 -> 2.6119006 | AL15: =AM14 -> 82515 | AM15: 82580 | AN15: =AM15-AL15 -> 65 | AO15: =AN15-AN14 -> 3 | AP15: =(AN15/'Finance Only'!B18)*100 -> 0.23035759 | AQ15: =AR14 -> 18599 | AR15: 18614 | AS15: =AR15-AQ15 -> 15 | AT15: =AS15-AS14 -> -3 | AU15: =(AS15/'Finance Only'!B18)*100 -> 0.053159443 | AV15: =AW14 -> 536535 | AW15: 536934 | AX15: =AW15-AV15 -> 399 | AY15: =AX15-AX14 -> 62 | AZ15: =(AX15/'Finance Only'!B18)*100 -> 1.4140412 | BA15: =BB14 -> 72332 | BB15: 72426 | BC15: =BB15-BA15 -> 94 | BD15: =BC15-BC14 -> -2 | BE15: =(BC15/'Finance Only'!B18)*100 -> 0.33313251 | BF15: =BG14 -> 82128 | BG15: 82223 | BH15: =BG15-BF15 -> 95 | BI15: =BH15-BH14 -> 1 | BJ15: =(BH15/'Finance Only'!B18)*100 -> 0.33667647 | BK15: =BL14 -> 12811 | BL15: 12825 | BM15: =BL15-BK15 -> 14 | BN15: =BM15-BM14 -> 0 | BO15: =(BM15/'Finance Only'!B18)*100 -> 0.04961548 | BP15: =BQ14 -> 75907 | BQ15: 76062 | BR15: =BQ15-BP15 -> 155 | BS15: =BR15-BR14 -> 30 | BT15: =(BR15/'Finance Only'!B18)*100 -> 0.54931424 | BU15: =BV14 -> 40067 | BV15: 40102 | BW15: =BV15-BU15 -> 35 | BX15: =BW15-BW14 -> -2 | BY15: =(BW15/'Finance Only'!B18)*100 -> 0.1240387 | BZ15: =CA14 -> 58107 | CA15: 58236 | CB15: =CA15-BZ15 -> 129 | CC15: =CB15-CB14 -> 7 | CD15: =(CB15/'Finance Only'!B18)*100 -> 0.45717121 | CE15: =CF14 -> 17490 | CF15: 17533 | CG15: =CF15-CE15 -> 43 | CH15: =CG15-CG14 -> 4 | CI15: =(CG15/'Finance Only'!B18)*100 -> 0.1523904 | CJ15: =CK14 -> 39946 | CK15: 40049 | CL15: =CK15-CJ15 -> 103 | CM15: =CL15-CL14 -> 9 | CN15: =(CL15/'Finance Only'!B18)*100 -> 0.36502817 | CO15: =CP14 -> 31533 | CP15: 31639 | CQ15: =CP15-CO15 -> 106 | CR15: =CQ15-CQ14 -> 11 | CS15: =(CQ15/'Finance Only'!B18)*100 -> 0.37566006 | CT15: =CU14 -> 27696 | CU15: 27757 | CV15: =CU15-CT15 -> 61 | CW15: =CV15-CV14 -> -14 | CX15: =(CV15/'Finance Only'!B18)*100 -> 0.21618173 | CY15: =CZ14 -> 46614 | CZ15: 46726 | DA15: =CZ15-CY15 -> 112 | DB15: =DA15-DA14 -> -16 | DC15: =(DA15/'Finance Only'!B18)*100 -> 0.39692384 | DD15: =DE14 -> 35150 | DE15: 35241 | DF15: =DE15-DD15 -> 91 | DG15: =DF15-DF14 -> -9 | DH15: =(DF15/'Finance Only'!B18)*100 -> 0.32250062 | DI15: =DJ14 -> 32596 | DJ15: 32676 | DK15: =DJ15-DI15 -> 80 | DL15: =DK15-DK14 -> -11 | DM15: =(DK15/'Finance Only'!B18)*100 -> 0.28351703 | DN15: =DO14 -> 21526 | DO15: 21579 | DP15: =DO15-DN15 -> 53 | DQ15: =DP15-DP14 -> 3 | DR15: =(DP15/'Finance Only'!B18)*100 -> 0.18783003 | DS15: =DT14 -> 56582 | DT15: 56693 | DU15: =DT15-DS15 -> 111 | DV15: =DU15-DU14 -> 4 | DW15: =(DU15/'Finance Only'!B18)*100 -> 0.39337988 | DX15: =DY14 -> 39013 | DY15: 39077 | DZ15: =DY15-DX15 -> 64 | EA15: =DZ15-DZ14 -> 1 | EB15: =(DZ15/'Finance Only'!B18)*100 -> 0.22681362 | EC15: =ED14 -> 12155 | ED15: 12179 | EE15: =ED15-EC15 -> 24 | EF15: =EE15-EE14 -> -1 | EG15: =(EE15/'Finance Only'!B18)*100 -> 0.085055109 | EH15: =EI14 -> 11146 | EI15: 11178 | EJ15: =EI15-EH15 -> 32 | EK15: =EJ15-EJ14 -> 3 | EL15: =(EJ15/'Finance Only'!B18)*100 -> 0.11340681 | EM15: =EN14 -> 21764 | EN15: 21814 | EO15: =EN15-EM15 -> 50 | EP15: =EO15-EO14 -> 1 | EQ15: =(EO15/'Finance Only'!B18)*100 -> 0.17719814 | ER15: =ES14 -> 54337 | ES15: 54774 | ET15: =ES15-ER15 -> 437 | EU15: =ET15-ET14 -> -32 | EV15: =(ET15/'Finance Only'!B18)*100 -> 1.5487118 | EW15: =EX14 -> 40260 | EX15: 40262 | EY15: =EX15-EW15 -> 2 | EZ15: =EY15-EY14 -> -375 | FA15: =(EY15/'Finance Only'!G18)*100 -> 5.5555556 | FB15: =FC14 -> 21661 | FC15: 22284 | FD15: =FC15-FB15 -> 623 | FE15: =FD15-FD14 -> 57 | FF15: =(FD15/'Finance Only'!L18)*100 -> #DIV/0!
A16: 12 | B16: ='Finance Only'!G19 -> 0 | C16: =D15 -> 25822585 | D16: 25825089 | E16: =D16-C16 -> 2504 | F16: =E16-E15 -> 51 | G16: =(E16/'Finance Only'!B19)*100 -> 8.8097667 | H16: =I15 -> 23066988 | I16: 23071956 | J16: =I16-H16 -> 4968 | K16: =J16-J15 -> -134 | L16: =(J16/'Finance Only'!B19)*100 -> 17.478802 | M16: =N15 -> 86868100 | N16: 86882578 | O16: =N16-M16 -> 14478 | P16: =O16-O15 -> 42 | Q16: =(O16/'Finance Only'!B19)*100 -> 50.937621 | R16: =S15 -> 21745 | S16: 21767 | T16: =S16-R16 -> 22 | U16: =T16-T15 -> 0 | V16: =(T16/'Finance Only'!B19)*100 -> 0.077402104 | W16: =X15 -> 2940744 | X16: 2943599 | Y16: =X16-W16 -> 2855 | Z16: =Y16-Y15 -> 65 | AA16: =(Y16/'Finance Only'!B19)*100 -> 10.044682 | AB16: =AC15 -> 18009 | AC16: 18028 | AD16: =AC16-AB16 -> 19 | AE16: =AD16-AD15 -> 2 | AF16: =(AD16/'Finance Only'!B19)*100 -> 0.066847272 | AG16: =AH15 -> 798238 | AH16: 798959 | AI16: =AH16-AG16 -> 721 | AJ16: =AI16-AI15 -> -16 | AK16: =(AI16/'Finance Only'!B19)*100 -> 2.536678 | AL16: =AM15 -> 82580 | AM16: 82642 | AN16: =AM16-AL16 -> 62 | AO16: =AN16-AN15 -> -3 | AP16: =(AN16/'Finance Only'!B19)*100 -> 0.2181332 | AQ16: =AR15 -> 18614 | AR16: 18631 | AS16: =AR16-AQ16 -> 17 | AT16: =AS16-AS15 -> 2 | AU16: =(AS16/'Finance Only'!B19)*100 -> 0.059810717 | AV16: =AW15 -> 536934 | AW16: 537331 | AX16: =AW16-AV16 -> 397 | AY16: =AX16-AX15 -> -2 | AZ16: =(AX16/'Finance Only'!B19)*100 -> 1.3967561 | BA16: =BB15 -> 72426 | BB16: 72519 | BC16: =BB16-BA16 -> 93 | BD16: =BC16-BC15 -> -1 | BE16: =(BC16/'Finance Only'!B19)*100 -> 0.3271998 | BF16: =BG15 -> 82223 | BG16: 82306 | BH16: =BG16-BF16 -> 83 | BI16: =BH16-BH15 -> -12 | BJ16: =(BH16/'Finance Only'!B19)*100 -> 0.29201703 | BK16: =BL15 -> 12825 | BL16: 12840 | BM16: =BL16-BK16 -> 15 | BN16: =BM16-BM15 -> 1 | BO16: =(BM16/'Finance Only'!B19)*100 -> 0.052774162 | BP16: =BQ15 -> 76062 | BQ16: 76199 | BR16: =BQ16-BP16 -> 137 | BS16: =BR16-BR15 -> -18 | BT16: =(BR16/'Finance Only'!B19)*100 -> 0.48200401 | BU16: =BV15 -> 40102 | BV16: 40138 | BW16: =BV16-BU16 -> 36 | BX16: =BW16-BW15 -> 1 | BY16: =(BW16/'Finance Only'!B19)*100 -> 0.12665799 | BZ16: =CA15 -> 58236 | CA16: 58363 | CB16: =CA16-BZ16 -> 127 | CC16: =CB16-CB15 -> -2 | CD16: =(CB16/'Finance Only'!B19)*100 -> 0.44682124 | CE16: =CF15 -> 17533 | CF16: 17574 | CG16: =CF16-CE16 -> 41 | CH16: =CG16-CG15 -> -2 | CI16: =(CG16/'Finance Only'!B19)*100 -> 0.14424938 | CJ16: =CK15 -> 40049 | CK16: 40146 | CL16: =CK16-CJ16 -> 97 | CM16: =CL16-CL15 -> -6 | CN16: =(CL16/'Finance Only'!B19)*100 -> 0.34127291 | CO16: =CP15 -> 31639 | CP16: 31755 | CQ16: =CP16-CO16 -> 116 | CR16: =CQ16-CQ15 -> 10 | CS16: =(CQ16/'Finance Only'!B19)*100 -> 0.40812018 | CT16: =CU15 -> 27757 | CU16: 27813 | CV16: =CU16-CT16 -> 56 | CW16: =CV16-CV15 -> -5 | CX16: =(CV16/'Finance Only'!B19)*100 -> 0.19702354 | CY16: =CZ15 -> 46726 | CZ16: 46850 | DA16: =CZ16-CY16 -> 124 | DB16: =DA16-DA15 -> 12 | DC16: =(DA16/'Finance Only'!B19)*100 -> 0.4362664 | DD16: =DE15 -> 35241 | DE16: 35333 | DF16: =DE16-DD16 -> 92 | DG16: =DF16-DF15 -> 1 | DH16: =(DF16/'Finance Only'!B19)*100 -> 0.32368153 | DI16: =DJ15 -> 32676 | DJ16: 32761 | DK16: =DJ16-DI16 -> 85 | DL16: =DK16-DK15 -> 5 | DM16: =(DK16/'Finance Only'!B19)*100 -> 0.29905358 | DN16: =DO15 -> 21579 | DO16: 21628 | DP16: =DO16-DN16 -> 49 | DQ16: =DP16-DP15 -> -4 | DR16: =(DP16/'Finance Only'!B19)*100 -> 0.1723956 | DS16: =DT15 -> 56693 | DT16: 56804 | DU16: =DT16-DS16 -> 111 | DV16: =DU16-DU15 -> 0 | DW16: =(DU16/'Finance Only'!B19)*100 -> 0.3905288 | DX16: =DY15 -> 39077 | DY16: 39147 | DZ16: =DY16-DX16 -> 70 | EA16: =DZ16-DZ15 -> 6 | EB16: =(DZ16/'Finance Only'!B19)*100 -> 0.24627942 | EC16: =ED15 -> 12179 | ED16: 12202 | EE16: =ED16-EC16 -> 23 | EF16: =EE16-EE15 -> -1 | EG16: =(EE16/'Finance Only'!B19)*100 -> 0.080920381 | EH16: =EI15 -> 11178 | EI16: 11207 | EJ16: =EI16-EH16 -> 29 | EK16: =EJ16-EJ15 -> -3 | EL16: =(EJ16/'Finance Only'!B19)*100 -> 0.10203005 | EM16: =EN15 -> 21814 | EN16: 21863 | EO16: =EN16-EM16 -> 49 | EP16: =EO16-EO15 -> -1 | EQ16: =(EO16/'Finance Only'!B19)*100 -> 0.1723956 | ER16: =ES15 -> 54774 | ES16: 55261 | ET16: =ES16-ER16 -> 487 | EU16: =ET16-ET15 -> 50 | EV16: =(ET16/'Finance Only'!B19)*100 -> 1.7134011 | EW16: =EX15 -> 40262 | EX16: 40401 | EY16: =EX16-EW16 -> 139 | EZ16: =EY16-EY15 -> 137 | FA16: =(EY16/'Finance Only'!G19)*100 -> #DIV/0! | FB16: =FC15 -> 22284 | FC16: 23179 | FD16: =FC16-FB16 -> 895 | FE16: =FD16-FD15 -> 272 | FF16: =(FD16/'Finance Only'!L19)*100 -> #DIV/0!
A17: 13 | B17: ='Finance Only'!G20 -> 0 | C17: =D16 -> 25825089 | E17: =D17-C17 -> -25825089 | F17: =E17-E16 -> -25827593 | G17: =(E17/'Finance Only'!B20)*100 -> 27.943462 | H17: =I16 -> 23071956 | J17: =I17-H17 -> -23071956 | K17: =J17-J16 -> -23076924 | L17: =(J17/'Finance Only'!B20)*100 -> 24.964496 | M17: =N16 -> 86882578 | O17: =N17-M17 -> -86882578 | P17: =O17-O16 -> -86897056 | Q17: =(O17/'Finance Only'!B20)*100 -> 94.009358 | R17: =S16 -> 21767 | T17: =S17-R17 -> -21767 | U17: =T17-T16 -> -21789 | V17: =(T17/'Finance Only'!B20)*100 -> 0.023552497 | W17: =X16 -> 2943599 | Y17: =X17-W17 -> -2943599 | Z17: =Y17-Y16 -> -2946454 | AA17: =(Y17/'Finance Only'!B20)*100 -> 3.1850557 | AB17: =AC16 -> 18028 | AD17: =AC17-AB17 -> -18028 | AE17: =AD17-AD16 -> -18047 | AF17: =(AD17/'Finance Only'!B20)*100 -> 0.019506796 | AG17: =AH16 -> 798959 | AI17: =AH17-AG17 -> -798959 | AJ17: =AI17-AI16 -> -799680 | AK17: =(AI17/'Finance Only'!B20)*100 -> 0.86449579 | AL17: =AM16 -> 82642 | AN17: =AM17-AL17 -> -82642 | AO17: =AN17-AN16 -> -82704 | AP17: =(AN17/'Finance Only'!B20)*100 -> 0.089420935 | AQ17: =AR16 -> 18631 | AS17: =AR17-AQ17 -> -18631 | AT17: =AS17-AS16 -> -18648 | AU17: =(AS17/'Finance Only'!B20)*100 -> 0.020159258 | AV17: =AW16 -> 537331 | AX17: =AW17-AV17 -> -537331 | AY17: =AX17-AX16 -> -537728 | AZ17: =(AX17/'Finance Only'!B20)*100 -> 0.58140704 | BA17: =BB16 -> 72519 | BC17: =BB17-BA17 -> -72519 | BD17: =BC17-BC16 -> -72612 | BE17: =(BC17/'Finance Only'!B20)*100 -> 0.078467568 | BF17: =BG16 -> 82306 | BH17: =BG17-BF17 -> -82306 | BI17: =BH17-BH16 -> -82389 | BJ17: =(BH17/'Finance Only'!B20)*100 -> 0.089057374 | BK17: =BL16 -> 12840 | BM17: =BL17-BK17 -> -12840 | BN17: =BM17-BM16 -> -12855 | BO17: =(BM17/'Finance Only'!B20)*100 -> 0.013893236 | BP17: =BQ16 -> 76199 | BR17: =BQ17-BP17 -> -76199 | BS17: =BR17-BR16 -> -76336 | BT17: =(BR17/'Finance Only'!B20)*100 -> 0.08244943 | BU17: =BV16 -> 40138 | BW17: =BV17-BU17 -> -40138 | BX17: =BW17-BW16 -> -40174 | BY17: =(BW17/'Finance Only'!B20)*100 -> 0.043430429 | BZ17: =CA16 -> 58363 | CB17: =CA17-BZ17 -> -58363 | CC17: =CB17-CB16 -> -58490 | CD17: =(CB17/'Finance Only'!B20)*100 -> 0.063150384 | CE17: =CF16 -> 17574 | CG17: =CF17-CE17 -> -17574 | CH17: =CG17-CG16 -> -17615 | CI17: =(CG17/'Finance Only'!B20)*100 -> 0.019015555 | CJ17: =CK16 -> 40146 | CL17: =CK17-CJ17 -> -40146 | CM17: =CL17-CL16 -> -40243 | CN17: =(CL17/'Finance Only'!B20)*100 -> 0.043439085 | CO17: =CP16 -> 31755 | CQ17: =CP17-CO17 -> -31755 | CR17: =CQ17-CQ16 -> -31871 | CS17: =(CQ17/'Finance Only'!B20)*100 -> 0.03435979 | CT17: =CU16 -> 27813 | CV17: =CU17-CT17 -> -27813 | CW17: =CV17-CV16 -> -27869 | CX17: =(CV17/'Finance Only'!B20)*100 -> 0.030094437 | CY17: =CZ16 -> 46850 | DA17: =CZ17-CY17 -> -46850 | DB17: =DA17-DA16 -> -46974 | DC17: =(DA17/'Finance Only'!B20)*100 -> 0.050692999 | DD17: =DE16 -> 35333 | DF17: =DE17-DD17 -> -35333 | DG17: =DF17-DF16 -> -35425 | DH17: =(DF17/'Finance Only'!B20)*100 -> 0.038231285 | DI17: =DJ16 -> 32761 | DK17: =DJ17-DI17 -> -32761 | DL17: =DK17-DK16 -> -32846 | DM17: =(DK17/'Finance Only'!B20)*100 -> 0.03544831 | DN17: =DO16 -> 21628 | DP17: =DO17-DN17 -> -21628 | DQ17: =DP17-DP16 -> -21677 | DR17: =(DP17/'Finance Only'!B20)*100 -> 0.023402096 | DS17: =DT16 -> 56804 | DU17: =DT17-DS17 -> -56804 | DV17: =DU17-DU16 -> -56915 | DW17: =(DU17/'Finance Only'!B20)*100 -> 0.061463503 | DX17: =DY16 -> 39147 | DZ17: =DY17-DX17 -> -39147 | EA17: =DZ17-DZ16 -> -39217 | EB17: =(DZ17/'Finance Only'!B20)*100 -> 0.042358139 | EC17: =ED16 -> 12202 | EE17: =ED17-EC17 -> -12202 | EF17: =EE17-EE16 -> -12225 | EG17: =(EE17/'Finance Only'!B20)*100 -> 0.013202902 | EH17: =EI16 -> 11207 | EJ17: =EI17-EH17 -> -11207 | EK17: =EJ17-EJ16 -> -11236 | EL17: =(EJ17/'Finance Only'!B20)*100 -> 0.012126285 | EM17: =EN16 -> 21863 | EO17: =EN17-EM17 -> -21863 | EP17: =EO17-EO16 -> -21912 | EQ17: =(EO17/'Finance Only'!B20)*100 -> 0.023656372 | ER17: =ES16 -> 55261 | ET17: =ES17-ER17 -> -55261 | EU17: =ET17-ET16 -> -55748 | EV17: =(ET17/'Finance Only'!B20)*100 -> 0.059793934 | EW17: =EX16 -> 40401 | EY17: =EX17-EW17 -> -40401 | EZ17: =EY17-EY16 -> -40540 | FA17: =(EY17/'Finance Only'!G20)*100 -> #DIV/0! | FB17: =FC16 -> 23179 | FD17: =FC17-FB17 -> -23179 | FE17: =FD17-FD16 -> -24074 | FF17: =(FD17/'Finance Only'!L20)*100 -> #DIV/0!
A18: 14 | B18: ='Finance Only'!G21 -> 0 | C18: =D17 -> 0 | E18: =D18-C18 -> 0 | F18: =E18-E17 -> 25825089 | G18: =(E18/'Finance Only'!B21)*100 -> #DIV/0! | H18: =I17 -> 0 | J18: =I18-H18 -> 0 | K18: =J18-J17 -> 23071956 | L18: =(J18/'Finance Only'!B21)*100 -> #DIV/0! | M18: =N17 -> 0 | O18: =N18-M18 -> 0 | P18: =O18-O17 -> 86882578 | Q18: =(O18/'Finance Only'!B21)*100 -> #DIV/0! | R18: =S17 -> 0 | T18: =S18-R18 -> 0 | U18: =T18-T17 -> 21767 | V18: =(T18/'Finance Only'!B21)*100 -> #DIV/0! | W18: =X17 -> 0 | Y18: =X18-W18 -> 0 | Z18: =Y18-Y17 -> 2943599 | AA18: =(Y18/'Finance Only'!B21)*100 -> #DIV/0! | AB18: =AC17 -> 0 | AD18: =AC18-AB18 -> 0 | AE18: =AD18-AD17 -> 18028 | AF18: =(AD18/'Finance Only'!B21)*100 -> #DIV/0! | AG18: =AH17 -> 0 | AI18: =AH18-AG18 -> 0 | AJ18: =AI18-AI17 -> 798959 | AK18: =(AI18/'Finance Only'!B21)*100 -> #DIV/0! | AL18: =AM17 -> 0 | AN18: =AM18-AL18 -> 0 | AO18: =AN18-AN17 -> 82642 | AP18: =(AN18/'Finance Only'!B21)*100 -> #DIV/0! | AQ18: =AR17 -> 0 | AS18: =AR18-AQ18 -> 0 | AT18: =AS18-AS17 -> 18631 | AU18: =(AS18/'Finance Only'!B21)*100 -> #DIV/0! | AV18: =AW17 -> 0 | AX18: =AW18-AV18 -> 0 | AY18: =AX18-AX17 -> 537331 | AZ18: =(AX18/'Finance Only'!B21)*100 -> #DIV/0! | BA18: =BB17 -> 0 | BC18: =BB18-BA18 -> 0 | BD18: =BC18-BC17 -> 72519 | BE18: =(BC18/'Finance Only'!B21)*100 -> #DIV/0! | BF18: =BG17 -> 0 | BH18: =BG18-BF18 -> 0 | BI18: =BH18-BH17 -> 82306 | BJ18: =(BH18/'Finance Only'!B21)*100 -> #DIV/0! | BK18: =BL17 -> 0 | BM18: =BL18-BK18 -> 0 | BN18: =BM18-BM17 -> 12840 | BO18: =(BM18/'Finance Only'!B21)*100 -> #DIV/0! | BP18: =BQ17 -> 0 | BR18: =BQ18-BP18 -> 0 | BS18: =BR18-BR17 -> 76199 | BT18: =(BR18/'Finance Only'!B21)*100 -> #DIV/0! | BU18: =BV17 -> 0 | BW18: =BV18-BU18 -> 0 | BX18: =BW18-BW17 -> 40138 | BY18: =(BW18/'Finance Only'!B21)*100 -> #DIV/0! | BZ18: =CA17 -> 0 | CB18: =CA18-BZ18 -> 0 | CC18: =CB18-CB17 -> 58363 | CD18: =(CB18/'Finance Only'!B21)*100 -> #DIV/0! | CE18: =CF17 -> 0 | CG18: =CF18-CE18 -> 0 | CH18: =CG18-CG17 -> 17574 | CI18: =(CG18/'Finance Only'!B21)*100 -> #DIV/0! | CJ18: =CK17 -> 0 | CL18: =CK18-CJ18 -> 0 | CM18: =CL18-CL17 -> 40146 | CN18: =(CL18/'Finance Only'!B21)*100 -> #DIV/0! | CO18: =CP17 -> 0 | CQ18: =CP18-CO18 -> 0 | CR18: =CQ18-CQ17 -> 31755 | CS18: =(CQ18/'Finance Only'!B21)*100 -> #DIV/0! | CT18: =CU17 -> 0 | CV18: =CU18-CT18 -> 0 | CW18: =CV18-CV17 -> 27813 | CX18: =(CV18/'Finance Only'!B21)*100 -> #DIV/0! | CY18: =CZ17 -> 0 | DA18: =CZ18-CY18 -> 0 | DB18: =DA18-DA17 -> 46850 | DC18: =(DA18/'Finance Only'!B21)*100 -> #DIV/0! | DD18: =DE17 -> 0 | DF18: =DE18-DD18 -> 0 | DG18: =DF18-DF17 -> 35333 | DH18: =(DF18/'Finance Only'!B21)*100 -> #DIV/0! | DI18: =DJ17 -> 0 | DK18: =DJ18-DI18 -> 0 | DL18: =DK18-DK17 -> 32761 | DM18: =(DK18/'Finance Only'!B21)*100 -> #DIV/0! | DN18: =DO17 -> 0 | DP18: =DO18-DN18 -> 0 | DQ18: =DP18-DP17 -> 21628 | DR18: =(DP18/'Finance Only'!B21)*100 -> #DIV/0! | DS18: =DT17 -> 0 | DU18: =DT18-DS18 -> 0 | DV18: =DU18-DU17 -> 56804 | DW18: =(DU18/'Finance Only'!B21)*100 -> #DIV/0! | DX18: =DY17 -> 0 | DZ18: =DY18-DX18 -> 0 | EA18: =DZ18-DZ17 -> 39147 | EB18: =(DZ18/'Finance Only'!B21)*100 -> #DIV/0! | EC18: =ED17 -> 0 | EE18: =ED18-EC18 -> 0 | EF18: =EE18-EE17 -> 12202 | EG18: =(EE18/'Finance Only'!B21)*100 -> #DIV/0! | EH18: =EI17 -> 0 | EJ18: =EI18-EH18 -> 0 | EK18: =EJ18-EJ17 -> 11207 | EL18: =(EJ18/'Finance Only'!B21)*100 -> #DIV/0! | EM18: =EN17 -> 0 | EO18: =EN18-EM18 -> 0 | EP18: =EO18-EO17 -> 21863 | EQ18: =(EO18/'Finance Only'!B21)*100 -> #DIV/0! | ER18: =ES17 -> 0 | ET18: =ES18-ER18 -> 0 | EU18: =ET18-ET17 -> 55261 | EV18: =(ET18/'Finance Only'!B21)*100 -> #DIV/0! | EW18: =EX17 -> 0 | EY18: =EX18-EW18 -> 0 | EZ18: =EY18-EY17 -> 40401 | FA18: =(EY18/'Finance Only'!G21)*100 -> #DIV/0! | FB18: =FC17 -> 0 | FD18: =FC18-FB18 -> 0 | FE18: =FD18-FD17 -> 23179 | FF18: =(FD18/'Finance Only'!L21)*100 -> #DIV/0!
A19: 15 | B19: ='Finance Only'!G22 -> 0 | C19: =D18 -> 0 | E19: =D19-C19 -> 0 | F19: =E19-E18 -> 0 | G19: =(E19/'Finance Only'!B22)*100 -> #DIV/0! | H19: =I18 -> 0 | J19: =I19-H19 -> 0 | K19: =J19-J18 -> 0 | L19: =(J19/'Finance Only'!B22)*100 -> #DIV/0! | M19: =N18 -> 0 | O19: =N19-M19 -> 0 | P19: =O19-O18 -> 0 | Q19: =(O19/'Finance Only'!B22)*100 -> #DIV/0! | R19: =S18 -> 0 | T19: =S19-R19 -> 0 | U19: =T19-T18 -> 0 | V19: =(T19/'Finance Only'!B22)*100 -> #DIV/0! | W19: =X18 -> 0 | Y19: =X19-W19 -> 0 | Z19: =Y19-Y18 -> 0 | AA19: =(Y19/'Finance Only'!B22)*100 -> #DIV/0! | AB19: =AC18 -> 0 | AD19: =AC19-AB19 -> 0 | AE19: =AD19-AD18 -> 0 | AF19: =(AD19/'Finance Only'!B22)*100 -> #DIV/0! | AG19: =AH18 -> 0 | AI19: =AH19-AG19 -> 0 | AJ19: =AI19-AI18 -> 0 | AK19: =(AI19/'Finance Only'!B22)*100 -> #DIV/0! | AL19: =AM18 -> 0 | AN19: =AM19-AL19 -> 0 | AO19: =AN19-AN18 -> 0 | AP19: =(AN19/'Finance Only'!B22)*100 -> #DIV/0! | AQ19: =AR18 -> 0 | AS19: =AR19-AQ19 -> 0 | AT19: =AS19-AS18 -> 0 | AU19: =(AS19/'Finance Only'!B22)*100 -> #DIV/0! | AV19: =AW18 -> 0 | AX19: =AW19-AV19 -> 0 | AY19: =AX19-AX18 -> 0 | AZ19: =(AX19/'Finance Only'!B22)*100 -> #DIV/0! | BA19: =BB18 -> 0 | BC19: =BB19-BA19 -> 0 | BD19: =BC19-BC18 -> 0 | BE19: =(BC19/'Finance Only'!B22)*100 -> #DIV/0! | BF19: =BG18 -> 0 | BH19: =BG19-BF19 -> 0 | BI19: =BH19-BH18 -> 0 | BJ19: =(BH19/'Finance Only'!B22)*100 -> #DIV/0! | BK19: =BL18 -> 0 | BM19: =BL19-BK19 -> 0 | BN19: =BM19-BM18 -> 0 | BO19: =(BM19/'Finance Only'!B22)*100 -> #DIV/0! | BP19: =BQ18 -> 0 | BR19: =BQ19-BP19 -> 0 | BS19: =BR19-BR18 -> 0 | BT19: =(BR19/'Finance Only'!B22)*100 -> #DIV/0! | BU19: =BV18 -> 0 | BW19: =BV19-BU19 -> 0 | BX19: =BW19-BW18 -> 0 | BY19: =(BW19/'Finance Only'!B22)*100 -> #DIV/0! | BZ19: =CA18 -> 0 | CB19: =CA19-BZ19 -> 0 | CC19: =CB19-CB18 -> 0 | CD19: =(CB19/'Finance Only'!B22)*100 -> #DIV/0! | CE19: =CF18 -> 0 | CG19: =CF19-CE19 -> 0 | CH19: =CG19-CG18 -> 0 | CI19: =(CG19/'Finance Only'!B22)*100 -> #DIV/0! | CJ19: =CK18 -> 0 | CL19: =CK19-CJ19 -> 0 | CM19: =CL19-CL18 -> 0 | CN19: =(CL19/'Finance Only'!B22)*100 -> #DIV/0! | CO19: =CP18 -> 0 | CQ19: =CP19-CO19 -> 0 | CR19: =CQ19-CQ18 -> 0 | CS19: =(CQ19/'Finance Only'!B22)*100 -> #DIV/0! | CT19: =CU18 -> 0 | CV19: =CU19-CT19 -> 0 | CW19: =CV19-CV18 -> 0 | CX19: =(CV19/'Finance Only'!B22)*100 -> #DIV/0! | CY19: =CZ18 -> 0 | DA19: =CZ19-CY19 -> 0 | DB19: =DA19-DA18 -> 0 | DC19: =(DA19/'Finance Only'!B22)*100 -> #DIV/0! | DD19: =DE18 -> 0 | DF19: =DE19-DD19 -> 0 | DG19: =DF19-DF18 -> 0 | DH19: =(DF19/'Finance Only'!B22)*100 -> #DIV/0! | DI19: =DJ18 -> 0 | DK19: =DJ19-DI19 -> 0 | DL19: =DK19-DK18 -> 0 | DM19: =(DK19/'Finance Only'!B22)*100 -> #DIV/0! | DN19: =DO18 -> 0 | DP19: =DO19-DN19 -> 0 | DQ19: =DP19-DP18 -> 0 | DR19: =(DP19/'Finance Only'!B22)*100 -> #DIV/0! | DS19: =DT18 -> 0 | DU19: =DT19-DS19 -> 0 | DV19: =DU19-DU18 -> 0 | DW19: =(DU19/'Finance Only'!B22)*100 -> #DIV/0! | DX19: =DY18 -> 0 | DZ19: =DY19-DX19 -> 0 | EA19: =DZ19-DZ18 -> 0 | EB19: =(DZ19/'Finance Only'!B22)*100 -> #DIV/0! | EC19: =ED18 -> 0 | EE19: =ED19-EC19 -> 0 | EF19: =EE19-EE18 -> 0 | EG19: =(EE19/'Finance Only'!B22)*100 -> #DIV/0! | EH19: =EI18 -> 0 | EJ19: =EI19-EH19 -> 0 | EK19: =EJ19-EJ18 -> 0 | EL19: =(EJ19/'Finance Only'!B22)*100 -> #DIV/0! | EM19: =EN18 -> 0 | EO19: =EN19-EM19 -> 0 | EP19: =EO19-EO18 -> 0 | EQ19: =(EO19/'Finance Only'!B22)*100 -> #DIV/0! | ER19: =ES18 -> 0 | ET19: =ES19-ER19 -> 0 | EU19: =ET19-ET18 -> 0 | EV19: =(ET19/'Finance Only'!B22)*100 -> #DIV/0! | EW19: =EX18 -> 0 | EY19: =EX19-EW19 -> 0 | EZ19: =EY19-EY18 -> 0 | FA19: =(EY19/'Finance Only'!G22)*100 -> #DIV/0! | FB19: =FC18 -> 0 | FD19: =FC19-FB19 -> 0 | FE19: =FD19-FD18 -> 0 | FF19: =(FD19/'Finance Only'!L22)*100 -> #DIV/0!
A20: 16 | B20: ='Finance Only'!G23 -> 0 | C20: =D19 -> 0 | E20: =D20-C20 -> 0 | F20: =E20-E19 -> 0 | G20: =(E20/'Finance Only'!B23)*100 -> #DIV/0! | H20: =I19 -> 0 | J20: =I20-H20 -> 0 | K20: =J20-J19 -> 0 | L20: =(J20/'Finance Only'!B23)*100 -> #DIV/0! | M20: =N19 -> 0 | O20: =N20-M20 -> 0 | P20: =O20-O19 -> 0 | Q20: =(O20/'Finance Only'!B23)*100 -> #DIV/0! | R20: =S19 -> 0 | T20: =S20-R20 -> 0 | U20: =T20-T19 -> 0 | V20: =(T20/'Finance Only'!B23)*100 -> #DIV/0! | W20: =X19 -> 0 | Y20: =X20-W20 -> 0 | Z20: =Y20-Y19 -> 0 | AA20: =(Y20/'Finance Only'!B23)*100 -> #DIV/0! | AB20: =AC19 -> 0 | AD20: =AC20-AB20 -> 0 | AE20: =AD20-AD19 -> 0 | AF20: =(AD20/'Finance Only'!B23)*100 -> #DIV/0! | AG20: =AH19 -> 0 | AI20: =AH20-AG20 -> 0 | AJ20: =AI20-AI19 -> 0 | AK20: =(AI20/'Finance Only'!B23)*100 -> #DIV/0! | AL20: =AM19 -> 0 | AN20: =AM20-AL20 -> 0 | AO20: =AN20-AN19 -> 0 | AP20: =(AN20/'Finance Only'!B23)*100 -> #DIV/0! | AQ20: =AR19 -> 0 | AS20: =AR20-AQ20 -> 0 | AT20: =AS20-AS19 -> 0 | AU20: =(AS20/'Finance Only'!B23)*100 -> #DIV/0! | AV20: =AW19 -> 0 | AX20: =AW20-AV20 -> 0 | AY20: =AX20-AX19 -> 0 | AZ20: =(AX20/'Finance Only'!B23)*100 -> #DIV/0! | BA20: =BB19 -> 0 | BC20: =BB20-BA20 -> 0 | BD20: =BC20-BC19 -> 0 | BE20: =(BC20/'Finance Only'!B23)*100 -> #DIV/0! | BF20: =BG19 -> 0 | BH20: =BG20-BF20 -> 0 | BI20: =BH20-BH19 -> 0 | BJ20: =(BH20/'Finance Only'!B23)*100 -> #DIV/0! | BK20: =BL19 -> 0 | BM20: =BL20-BK20 -> 0 | BN20: =BM20-BM19 -> 0 | BO20: =(BM20/'Finance Only'!B23)*100 -> #DIV/0! | BP20: =BQ19 -> 0 | BR20: =BQ20-BP20 -> 0 | BS20: =BR20-BR19 -> 0 | BT20: =(BR20/'Finance Only'!B23)*100 -> #DIV/0! | BU20: =BV19 -> 0 | BW20: =BV20-BU20 -> 0 | BX20: =BW20-BW19 -> 0 | BY20: =(BW20/'Finance Only'!B23)*100 -> #DIV/0! | BZ20: =CA19 -> 0 | CB20: =CA20-BZ20 -> 0 | CC20: =CB20-CB19 -> 0 | CD20: =(CB20/'Finance Only'!B23)*100 -> #DIV/0! | CE20: =CF19 -> 0 | CG20: =CF20-CE20 -> 0 | CH20: =CG20-CG19 -> 0 | CI20: =(CG20/'Finance Only'!B23)*100 -> #DIV/0! | CJ20: =CK19 -> 0 | CL20: =CK20-CJ20 -> 0 | CM20: =CL20-CL19 -> 0 | CN20: =(CL20/'Finance Only'!B23)*100 -> #DIV/0! | CO20: =CP19 -> 0 | CQ20: =CP20-CO20 -> 0 | CR20: =CQ20-CQ19 -> 0 | CS20: =(CQ20/'Finance Only'!B23)*100 -> #DIV/0! | CT20: =CU19 -> 0 | CV20: =CU20-CT20 -> 0 | CW20: =CV20-CV19 -> 0 | CX20: =(CV20/'Finance Only'!B23)*100 -> #DIV/0! | CY20: =CZ19 -> 0 | DA20: =CZ20-CY20 -> 0 | DB20: =DA20-DA19 -> 0 | DC20: =(DA20/'Finance Only'!B23)*100 -> #DIV/0! | DD20: =DE19 -> 0 | DF20: =DE20-DD20 -> 0 | DG20: =DF20-DF19 -> 0 | DH20: =(DF20/'Finance Only'!B23)*100 -> #DIV/0! | DI20: =DJ19 -> 0 | DK20: =DJ20-DI20 -> 0 | DL20: =DK20-DK19 -> 0 | DM20: =(DK20/'Finance Only'!B23)*100 -> #DIV/0! | DN20: =DO19 -> 0 | DP20: =DO20-DN20 -> 0 | DQ20: =DP20-DP19 -> 0 | DR20: =(DP20/'Finance Only'!B23)*100 -> #DIV/0! | DS20: =DT19 -> 0 | DU20: =DT20-DS20 -> 0 | DV20: =DU20-DU19 -> 0 | DW20: =(DU20/'Finance Only'!B23)*100 -> #DIV/0! | DX20: =DY19 -> 0 | DZ20: =DY20-DX20 -> 0 | EA20: =DZ20-DZ19 -> 0 | EB20: =(DZ20/'Finance Only'!B23)*100 -> #DIV/0! | EC20: =ED19 -> 0 | EE20: =ED20-EC20 -> 0 | EF20: =EE20-EE19 -> 0 | EG20: =(EE20/'Finance Only'!B23)*100 -> #DIV/0! | EH20: =EI19 -> 0 | EJ20: =EI20-EH20 -> 0 | EK20: =EJ20-EJ19 -> 0 | EL20: =(EJ20/'Finance Only'!B23)*100 -> #DIV/0! | EM20: =EN19 -> 0 | EO20: =EN20-EM20 -> 0 | EP20: =EO20-EO19 -> 0 | EQ20: =(EO20/'Finance Only'!B23)*100 -> #DIV/0! | ER20: =ES19 -> 0 | ET20: =ES20-ER20 -> 0 | EU20: =ET20-ET19 -> 0 | EV20: =(ET20/'Finance Only'!B23)*100 -> #DIV/0! | EW20: =EX19 -> 0 | EY20: =EX20-EW20 -> 0 | EZ20: =EY20-EY19 -> 0 | FA20: =(EY20/'Finance Only'!G23)*100 -> #DIV/0! | FB20: =FC19 -> 0 | FD20: =FC20-FB20 -> 0 | FE20: =FD20-FD19 -> 0 | FF20: =(FD20/'Finance Only'!L23)*100 -> #DIV/0!
A21: 17 | B21: ='Finance Only'!G24 -> 0 | C21: =D20 -> 0 | E21: =D21-C21 -> 0 | F21: =E21-E20 -> 0 | G21: =(E21/'Finance Only'!B24)*100 -> #DIV/0! | H21: =I20 -> 0 | J21: =I21-H21 -> 0 | K21: =J21-J20 -> 0 | L21: =(J21/'Finance Only'!B24)*100 -> #DIV/0! | M21: =N20 -> 0 | O21: =N21-M21 -> 0 | P21: =O21-O20 -> 0 | Q21: =(O21/'Finance Only'!B24)*100 -> #DIV/0! | R21: =S20 -> 0 | T21: =S21-R21 -> 0 | U21: =T21-T20 -> 0 | V21: =(T21/'Finance Only'!B24)*100 -> #DIV/0! | W21: =X20 -> 0 | Y21: =X21-W21 -> 0 | Z21: =Y21-Y20 -> 0 | AA21: =(Y21/'Finance Only'!B24)*100 -> #DIV/0! | AB21: =AC20 -> 0 | AD21: =AC21-AB21 -> 0 | AE21: =AD21-AD20 -> 0 | AF21: =(AD21/'Finance Only'!B24)*100 -> #DIV/0! | AG21: =AH20 -> 0 | AI21: =AH21-AG21 -> 0 | AJ21: =AI21-AI20 -> 0 | AK21: =(AI21/'Finance Only'!B24)*100 -> #DIV/0! | AL21: =AM20 -> 0 | AN21: =AM21-AL21 -> 0 | AO21: =AN21-AN20 -> 0 | AP21: =(AN21/'Finance Only'!B24)*100 -> #DIV/0! | AQ21: =AR20 -> 0 | AS21: =AR21-AQ21 -> 0 | AT21: =AS21-AS20 -> 0 | AU21: =(AS21/'Finance Only'!B24)*100 -> #DIV/0! | AV21: =AW20 -> 0 | AX21: =AW21-AV21 -> 0 | AY21: =AX21-AX20 -> 0 | AZ21: =(AX21/'Finance Only'!B24)*100 -> #DIV/0! | BA21: =BB20 -> 0 | BC21: =BB21-BA21 -> 0 | BD21: =BC21-BC20 -> 0 | BE21: =(BC21/'Finance Only'!B24)*100 -> #DIV/0! | BF21: =BG20 -> 0 | BH21: =BG21-BF21 -> 0 | BI21: =BH21-BH20 -> 0 | BJ21: =(BH21/'Finance Only'!B24)*100 -> #DIV/0! | BK21: =BL20 -> 0 | BM21: =BL21-BK21 -> 0 | BN21: =BM21-BM20 -> 0 | BO21: =(BM21/'Finance Only'!B24)*100 -> #DIV/0! | BP21: =BQ20 -> 0 | BR21: =BQ21-BP21 -> 0 | BS21: =BR21-BR20 -> 0 | BT21: =(BR21/'Finance Only'!B24)*100 -> #DIV/0! | BU21: =BV20 -> 0 | BW21: =BV21-BU21 -> 0 | BX21: =BW21-BW20 -> 0 | BY21: =(BW21/'Finance Only'!B24)*100 -> #DIV/0! | BZ21: =CA20 -> 0 | CB21: =CA21-BZ21 -> 0 | CC21: =CB21-CB20 -> 0 | CD21: =(CB21/'Finance Only'!B24)*100 -> #DIV/0! | CE21: =CF20 -> 0 | CG21: =CF21-CE21 -> 0 | CH21: =CG21-CG20 -> 0 | CI21: =(CG21/'Finance Only'!B24)*100 -> #DIV/0! | CJ21: =CK20 -> 0 | CL21: =CK21-CJ21 -> 0 | CM21: =CL21-CL20 -> 0 | CN21: =(CL21/'Finance Only'!B24)*100 -> #DIV/0! | CO21: =CP20 -> 0 | CQ21: =CP21-CO21 -> 0 | CR21: =CQ21-CQ20 -> 0 | CS21: =(CQ21/'Finance Only'!B24)*100 -> #DIV/0! | CT21: =CU20 -> 0 | CV21: =CU21-CT21 -> 0 | CW21: =CV21-CV20 -> 0 | CX21: =(CV21/'Finance Only'!B24)*100 -> #DIV/0! | CY21: =CZ20 -> 0 | DA21: =CZ21-CY21 -> 0 | DB21: =DA21-DA20 -> 0 | DC21: =(DA21/'Finance Only'!B24)*100 -> #DIV/0! | DD21: =DE20 -> 0 | DF21: =DE21-DD21 -> 0 | DG21: =DF21-DF20 -> 0 | DH21: =(DF21/'Finance Only'!B24)*100 -> #DIV/0! | DI21: =DJ20 -> 0 | DK21: =DJ21-DI21 -> 0 | DL21: =DK21-DK20 -> 0 | DM21: =(DK21/'Finance Only'!B24)*100 -> #DIV/0! | DN21: =DO20 -> 0 | DP21: =DO21-DN21 -> 0 | DQ21: =DP21-DP20 -> 0 | DR21: =(DP21/'Finance Only'!B24)*100 -> #DIV/0! | DS21: =DT20 -> 0 | DU21: =DT21-DS21 -> 0 | DV21: =DU21-DU20 -> 0 | DW21: =(DU21/'Finance Only'!B24)*100 -> #DIV/0! | DX21: =DY20 -> 0 | DZ21: =DY21-DX21 -> 0 | EA21: =DZ21-DZ20 -> 0 | EB21: =(DZ21/'Finance Only'!B24)*100 -> #DIV/0! | EC21: =ED20 -> 0 | EE21: =ED21-EC21 -> 0 | EF21: =EE21-EE20 -> 0 | EG21: =(EE21/'Finance Only'!B24)*100 -> #DIV/0! | EH21: =EI20 -> 0 | EJ21: =EI21-EH21 -> 0 | EK21: =EJ21-EJ20 -> 0 | EL21: =(EJ21/'Finance Only'!B24)*100 -> #DIV/0! | EM21: =EN20 -> 0 | EO21: =EN21-EM21 -> 0 | EP21: =EO21-EO20 -> 0 | EQ21: =(EO21/'Finance Only'!B24)*100 -> #DIV/0! | ER21: =ES20 -> 0 | ET21: =ES21-ER21 -> 0 | EU21: =ET21-ET20 -> 0 | EV21: =(ET21/'Finance Only'!B24)*100 -> #DIV/0! | EW21: =EX20 -> 0 | EY21: =EX21-EW21 -> 0 | EZ21: =EY21-EY20 -> 0 | FA21: =(EY21/'Finance Only'!G24)*100 -> #DIV/0! | FB21: =FC20 -> 0 | FD21: =FC21-FB21 -> 0 | FE21: =FD21-FD20 -> 0 | FF21: =(FD21/'Finance Only'!L24)*100 -> #DIV/0!
A22: 18 | B22: ='Finance Only'!G25 -> 0 | C22: =D21 -> 0 | E22: =D22-C22 -> 0 | F22: =E22-E21 -> 0 | G22: =(E22/'Finance Only'!B25)*100 -> #DIV/0! | H22: =I21 -> 0 | J22: =I22-H22 -> 0 | K22: =J22-J21 -> 0 | L22: =(J22/'Finance Only'!B25)*100 -> #DIV/0! | M22: =N21 -> 0 | O22: =N22-M22 -> 0 | P22: =O22-O21 -> 0 | Q22: =(O22/'Finance Only'!B25)*100 -> #DIV/0! | R22: =S21 -> 0 | T22: =S22-R22 -> 0 | U22: =T22-T21 -> 0 | V22: =(T22/'Finance Only'!B25)*100 -> #DIV/0! | W22: =X21 -> 0 | Y22: =X22-W22 -> 0 | Z22: =Y22-Y21 -> 0 | AA22: =(Y22/'Finance Only'!B25)*100 -> #DIV/0! | AB22: =AC21 -> 0 | AD22: =AC22-AB22 -> 0 | AE22: =AD22-AD21 -> 0 | AF22: =(AD22/'Finance Only'!B25)*100 -> #DIV/0! | AG22: =AH21 -> 0 | AI22: =AH22-AG22 -> 0 | AJ22: =AI22-AI21 -> 0 | AK22: =(AI22/'Finance Only'!B25)*100 -> #DIV/0! | AL22: =AM21 -> 0 | AN22: =AM22-AL22 -> 0 | AO22: =AN22-AN21 -> 0 | AP22: =(AN22/'Finance Only'!B25)*100 -> #DIV/0! | AQ22: =AR21 -> 0 | AS22: =AR22-AQ22 -> 0 | AT22: =AS22-AS21 -> 0 | AU22: =(AS22/'Finance Only'!B25)*100 -> #DIV/0! | AV22: =AW21 -> 0 | AX22: =AW22-AV22 -> 0 | AY22: =AX22-AX21 -> 0 | AZ22: =(AX22/'Finance Only'!B25)*100 -> #DIV/0! | BA22: =BB21 -> 0 | BC22: =BB22-BA22 -> 0 | BD22: =BC22-BC21 -> 0 | BE22: =(BC22/'Finance Only'!B25)*100 -> #DIV/0! | BF22: =BG21 -> 0 | BH22: =BG22-BF22 -> 0 | BI22: =BH22-BH21 -> 0 | BJ22: =(BH22/'Finance Only'!B25)*100 -> #DIV/0! | BK22: =BL21 -> 0 | BM22: =BL22-BK22 -> 0 | BN22: =BM22-BM21 -> 0 | BO22: =(BM22/'Finance Only'!B25)*100 -> #DIV/0! | BP22: =BQ21 -> 0 | BR22: =BQ22-BP22 -> 0 | BS22: =BR22-BR21 -> 0 | BT22: =(BR22/'Finance Only'!B25)*100 -> #DIV/0! | BU22: =BV21 -> 0 | BW22: =BV22-BU22 -> 0 | BX22: =BW22-BW21 -> 0 | BY22: =(BW22/'Finance Only'!B25)*100 -> #DIV/0! | BZ22: =CA21 -> 0 | CB22: =CA22-BZ22 -> 0 | CC22: =CB22-CB21 -> 0 | CD22: =(CB22/'Finance Only'!B25)*100 -> #DIV/0! | CE22: =CF21 -> 0 | CG22: =CF22-CE22 -> 0 | CH22: =CG22-CG21 -> 0 | CI22: =(CG22/'Finance Only'!B25)*100 -> #DIV/0! | CJ22: =CK21 -> 0 | CL22: =CK22-CJ22 -> 0 | CM22: =CL22-CL21 -> 0 | CN22: =(CL22/'Finance Only'!B25)*100 -> #DIV/0! | CO22: =CP21 -> 0 | CQ22: =CP22-CO22 -> 0 | CR22: =CQ22-CQ21 -> 0 | CS22: =(CQ22/'Finance Only'!B25)*100 -> #DIV/0! | CT22: =CU21 -> 0 | CV22: =CU22-CT22 -> 0 | CW22: =CV22-CV21 -> 0 | CX22: =(CV22/'Finance Only'!B25)*100 -> #DIV/0! | CY22: =CZ21 -> 0 | DA22: =CZ22-CY22 -> 0 | DB22: =DA22-DA21 -> 0 | DC22: =(DA22/'Finance Only'!B25)*100 -> #DIV/0! | DD22: =DE21 -> 0 | DF22: =DE22-DD22 -> 0 | DG22: =DF22-DF21 -> 0 | DH22: =(DF22/'Finance Only'!B25)*100 -> #DIV/0! | DI22: =DJ21 -> 0 | DK22: =DJ22-DI22 -> 0 | DL22: =DK22-DK21 -> 0 | DM22: =(DK22/'Finance Only'!B25)*100 -> #DIV/0! | DN22: =DO21 -> 0 | DP22: =DO22-DN22 -> 0 | DQ22: =DP22-DP21 -> 0 | DR22: =(DP22/'Finance Only'!B25)*100 -> #DIV/0! | DS22: =DT21 -> 0 | DU22: =DT22-DS22 -> 0 | DV22: =DU22-DU21 -> 0 | DW22: =(DU22/'Finance Only'!B25)*100 -> #DIV/0! | DX22: =DY21 -> 0 | DZ22: =DY22-DX22 -> 0 | EA22: =DZ22-DZ21 -> 0 | EB22: =(DZ22/'Finance Only'!B25)*100 -> #DIV/0! | EC22: =ED21 -> 0 | EE22: =ED22-EC22 -> 0 | EF22: =EE22-EE21 -> 0 | EG22: =(EE22/'Finance Only'!B25)*100 -> #DIV/0! | EH22: =EI21 -> 0 | EJ22: =EI22-EH22 -> 0 | EK22: =EJ22-EJ21 -> 0 | EL22: =(EJ22/'Finance Only'!B25)*100 -> #DIV/0! | EM22: =EN21 -> 0 | EO22: =EN22-EM22 -> 0 | EP22: =EO22-EO21 -> 0 | EQ22: =(EO22/'Finance Only'!B25)*100 -> #DIV/0! | ER22: =ES21 -> 0 | ET22: =ES22-ER22 -> 0 | EU22: =ET22-ET21 -> 0 | EV22: =(ET22/'Finance Only'!B25)*100 -> #DIV/0! | EW22: =EX21 -> 0 | EY22: =EX22-EW22 -> 0 | EZ22: =EY22-EY21 -> 0 | FA22: =(EY22/'Finance Only'!G25)*100 -> #DIV/0! | FB22: =FC21 -> 0 | FD22: =FC22-FB22 -> 0 | FE22: =FD22-FD21 -> 0 | FF22: =(FD22/'Finance Only'!L25)*100 -> #DIV/0!
A23: 19 | B23: ='Finance Only'!G26 -> 0 | C23: =D22 -> 0 | E23: =D23-C23 -> 0 | F23: =E23-E22 -> 0 | G23: =(E23/'Finance Only'!B26)*100 -> #DIV/0! | H23: =I22 -> 0 | J23: =I23-H23 -> 0 | K23: =J23-J22 -> 0 | L23: =(J23/'Finance Only'!B26)*100 -> #DIV/0! | M23: =N22 -> 0 | O23: =N23-M23 -> 0 | P23: =O23-O22 -> 0 | Q23: =(O23/'Finance Only'!B26)*100 -> #DIV/0! | R23: =S22 -> 0 | T23: =S23-R23 -> 0 | U23: =T23-T22 -> 0 | V23: =(T23/'Finance Only'!B26)*100 -> #DIV/0! | W23: =X22 -> 0 | Y23: =X23-W23 -> 0 | Z23: =Y23-Y22 -> 0 | AA23: =(Y23/'Finance Only'!B26)*100 -> #DIV/0! | AB23: =AC22 -> 0 | AD23: =AC23-AB23 -> 0 | AE23: =AD23-AD22 -> 0 | AF23: =(AD23/'Finance Only'!B26)*100 -> #DIV/0! | AG23: =AH22 -> 0 | AI23: =AH23-AG23 -> 0 | AJ23: =AI23-AI22 -> 0 | AK23: =(AI23/'Finance Only'!B26)*100 -> #DIV/0! | AL23: =AM22 -> 0 | AN23: =AM23-AL23 -> 0 | AO23: =AN23-AN22 -> 0 | AP23: =(AN23/'Finance Only'!B26)*100 -> #DIV/0! | AQ23: =AR22 -> 0 | AS23: =AR23-AQ23 -> 0 | AT23: =AS23-AS22 -> 0 | AU23: =(AS23/'Finance Only'!B26)*100 -> #DIV/0! | AV23: =AW22 -> 0 | AX23: =AW23-AV23 -> 0 | AY23: =AX23-AX22 -> 0 | AZ23: =(AX23/'Finance Only'!B26)*100 -> #DIV/0! | BA23: =BB22 -> 0 | BC23: =BB23-BA23 -> 0 | BD23: =BC23-BC22 -> 0 | BE23: =(BC23/'Finance Only'!B26)*100 -> #DIV/0! | BF23: =BG22 -> 0 | BH23: =BG23-BF23 -> 0 | BI23: =BH23-BH22 -> 0 | BJ23: =(BH23/'Finance Only'!B26)*100 -> #DIV/0! | BK23: =BL22 -> 0 | BM23: =BL23-BK23 -> 0 | BN23: =BM23-BM22 -> 0 | BO23: =(BM23/'Finance Only'!B26)*100 -> #DIV/0! | BP23: =BQ22 -> 0 | BR23: =BQ23-BP23 -> 0 | BS23: =BR23-BR22 -> 0 | BT23: =(BR23/'Finance Only'!B26)*100 -> #DIV/0! | BU23: =BV22 -> 0 | BW23: =BV23-BU23 -> 0 | BX23: =BW23-BW22 -> 0 | BY23: =(BW23/'Finance Only'!B26)*100 -> #DIV/0! | BZ23: =CA22 -> 0 | CB23: =CA23-BZ23 -> 0 | CC23: =CB23-CB22 -> 0 | CD23: =(CB23/'Finance Only'!B26)*100 -> #DIV/0! | CE23: =CF22 -> 0 | CG23: =CF23-CE23 -> 0 | CH23: =CG23-CG22 -> 0 | CI23: =(CG23/'Finance Only'!B26)*100 -> #DIV/0! | CJ23: =CK22 -> 0 | CL23: =CK23-CJ23 -> 0 | CM23: =CL23-CL22 -> 0 | CN23: =(CL23/'Finance Only'!B26)*100 -> #DIV/0! | CO23: =CP22 -> 0 | CQ23: =CP23-CO23 -> 0 | CR23: =CQ23-CQ22 -> 0 | CS23: =(CQ23/'Finance Only'!B26)*100 -> #DIV/0! | CT23: =CU22 -> 0 | CV23: =CU23-CT23 -> 0 | CW23: =CV23-CV22 -> 0 | CX23: =(CV23/'Finance Only'!B26)*100 -> #DIV/0! | CY23: =CZ22 -> 0 | DA23: =CZ23-CY23 -> 0 | DB23: =DA23-DA22 -> 0 | DC23: =(DA23/'Finance Only'!B26)*100 -> #DIV/0! | DD23: =DE22 -> 0 | DF23: =DE23-DD23 -> 0 | DG23: =DF23-DF22 -> 0 | DH23: =(DF23/'Finance Only'!B26)*100 -> #DIV/0! | DI23: =DJ22 -> 0 | DK23: =DJ23-DI23 -> 0 | DL23: =DK23-DK22 -> 0 | DM23: =(DK23/'Finance Only'!B26)*100 -> #DIV/0! | DN23: =DO22 -> 0 | DP23: =DO23-DN23 -> 0 | DQ23: =DP23-DP22 -> 0 | DR23: =(DP23/'Finance Only'!B26)*100 -> #DIV/0! | DS23: =DT22 -> 0 | DU23: =DT23-DS23 -> 0 | DV23: =DU23-DU22 -> 0 | DW23: =(DU23/'Finance Only'!B26)*100 -> #DIV/0! | DX23: =DY22 -> 0 | DZ23: =DY23-DX23 -> 0 | EA23: =DZ23-DZ22 -> 0 | EB23: =(DZ23/'Finance Only'!B26)*100 -> #DIV/0! | EC23: =ED22 -> 0 | EE23: =ED23-EC23 -> 0 | EF23: =EE23-EE22 -> 0 | EG23: =(EE23/'Finance Only'!B26)*100 -> #DIV/0! | EH23: =EI22 -> 0 | EJ23: =EI23-EH23 -> 0 | EK23: =EJ23-EJ22 -> 0 | EL23: =(EJ23/'Finance Only'!B26)*100 -> #DIV/0! | EM23: =EN22 -> 0 | EO23: =EN23-EM23 -> 0 | EP23: =EO23-EO22 -> 0 | EQ23: =(EO23/'Finance Only'!B26)*100 -> #DIV/0! | ER23: =ES22 -> 0 | ET23: =ES23-ER23 -> 0 | EU23: =ET23-ET22 -> 0 | EV23: =(ET23/'Finance Only'!B26)*100 -> #DIV/0! | EW23: =EX22 -> 0 | EY23: =EX23-EW23 -> 0 | EZ23: =EY23-EY22 -> 0 | FA23: =(EY23/'Finance Only'!G26)*100 -> #DIV/0! | FB23: =FC22 -> 0 | FD23: =FC23-FB23 -> 0 | FE23: =FD23-FD22 -> 0 | FF23: =(FD23/'Finance Only'!L26)*100 -> #DIV/0!
A24: 20 | B24: ='Finance Only'!G27 -> 0 | C24: =D23 -> 0 | E24: =D24-C24 -> 0 | F24: =E24-E23 -> 0 | G24: =(E24/'Finance Only'!B27)*100 -> #DIV/0! | H24: =I23 -> 0 | J24: =I24-H24 -> 0 | K24: =J24-J23 -> 0 | L24: =(J24/'Finance Only'!B27)*100 -> #DIV/0! | M24: =N23 -> 0 | O24: =N24-M24 -> 0 | P24: =O24-O23 -> 0 | Q24: =(O24/'Finance Only'!B27)*100 -> #DIV/0! | R24: =S23 -> 0 | T24: =S24-R24 -> 0 | U24: =T24-T23 -> 0 | V24: =(T24/'Finance Only'!B27)*100 -> #DIV/0! | W24: =X23 -> 0 | Y24: =X24-W24 -> 0 | Z24: =Y24-Y23 -> 0 | AA24: =(Y24/'Finance Only'!B27)*100 -> #DIV/0! | AB24: =AC23 -> 0 | AD24: =AC24-AB24 -> 0 | AE24: =AD24-AD23 -> 0 | AF24: =(AD24/'Finance Only'!B27)*100 -> #DIV/0! | AG24: =AH23 -> 0 | AI24: =AH24-AG24 -> 0 | AJ24: =AI24-AI23 -> 0 | AK24: =(AI24/'Finance Only'!B27)*100 -> #DIV/0! | AL24: =AM23 -> 0 | AN24: =AM24-AL24 -> 0 | AO24: =AN24-AN23 -> 0 | AP24: =(AN24/'Finance Only'!B27)*100 -> #DIV/0! | AQ24: =AR23 -> 0 | AS24: =AR24-AQ24 -> 0 | AT24: =AS24-AS23 -> 0 | AU24: =(AS24/'Finance Only'!B27)*100 -> #DIV/0! | AV24: =AW23 -> 0 | AX24: =AW24-AV24 -> 0 | AY24: =AX24-AX23 -> 0 | AZ24: =(AX24/'Finance Only'!B27)*100 -> #DIV/0! | BA24: =BB23 -> 0 | BC24: =BB24-BA24 -> 0 | BD24: =BC24-BC23 -> 0 | BE24: =(BC24/'Finance Only'!B27)*100 -> #DIV/0! | BF24: =BG23 -> 0 | BH24: =BG24-BF24 -> 0 | BI24: =BH24-BH23 -> 0 | BJ24: =(BH24/'Finance Only'!B27)*100 -> #DIV/0! | BK24: =BL23 -> 0 | BM24: =BL24-BK24 -> 0 | BN24: =BM24-BM23 -> 0 | BO24: =(BM24/'Finance Only'!B27)*100 -> #DIV/0! | BP24: =BQ23 -> 0 | BR24: =BQ24-BP24 -> 0 | BS24: =BR24-BR23 -> 0 | BT24: =(BR24/'Finance Only'!B27)*100 -> #DIV/0! | BU24: =BV23 -> 0 | BW24: =BV24-BU24 -> 0 | BX24: =BW24-BW23 -> 0 | BY24: =(BW24/'Finance Only'!B27)*100 -> #DIV/0! | BZ24: =CA23 -> 0 | CB24: =CA24-BZ24 -> 0 | CC24: =CB24-CB23 -> 0 | CD24: =(CB24/'Finance Only'!B27)*100 -> #DIV/0! | CE24: =CF23 -> 0 | CG24: =CF24-CE24 -> 0 | CH24: =CG24-CG23 -> 0 | CI24: =(CG24/'Finance Only'!B27)*100 -> #DIV/0! | CJ24: =CK23 -> 0 | CL24: =CK24-CJ24 -> 0 | CM24: =CL24-CL23 -> 0 | CN24: =(CL24/'Finance Only'!B27)*100 -> #DIV/0! | CO24: =CP23 -> 0 | CQ24: =CP24-CO24 -> 0 | CR24: =CQ24-CQ23 -> 0 | CS24: =(CQ24/'Finance Only'!B27)*100 -> #DIV/0! | CT24: =CU23 -> 0 | CV24: =CU24-CT24 -> 0 | CW24: =CV24-CV23 -> 0 | CX24: =(CV24/'Finance Only'!B27)*100 -> #DIV/0! | CY24: =CZ23 -> 0 | DA24: =CZ24-CY24 -> 0 | DB24: =DA24-DA23 -> 0 | DC24: =(DA24/'Finance Only'!B27)*100 -> #DIV/0! | DD24: =DE23 -> 0 | DF24: =DE24-DD24 -> 0 | DG24: =DF24-DF23 -> 0 | DH24: =(DF24/'Finance Only'!B27)*100 -> #DIV/0! | DI24: =DJ23 -> 0 | DK24: =DJ24-DI24 -> 0 | DL24: =DK24-DK23 -> 0 | DM24: =(DK24/'Finance Only'!B27)*100 -> #DIV/0! | DN24: =DO23 -> 0 | DP24: =DO24-DN24 -> 0 | DQ24: =DP24-DP23 -> 0 | DR24: =(DP24/'Finance Only'!B27)*100 -> #DIV/0! | DS24: =DT23 -> 0 | DU24: =DT24-DS24 -> 0 | DV24: =DU24-DU23 -> 0 | DW24: =(DU24/'Finance Only'!B27)*100 -> #DIV/0! | DX24: =DY23 -> 0 | DZ24: =DY24-DX24 -> 0 | EA24: =DZ24-DZ23 -> 0 | EB24: =(DZ24/'Finance Only'!B27)*100 -> #DIV/0! | EC24: =ED23 -> 0 | EE24: =ED24-EC24 -> 0 | EF24: =EE24-EE23 -> 0 | EG24: =(EE24/'Finance Only'!B27)*100 -> #DIV/0! | EH24: =EI23 -> 0 | EJ24: =EI24-EH24 -> 0 | EK24: =EJ24-EJ23 -> 0 | EL24: =(EJ24/'Finance Only'!B27)*100 -> #DIV/0! | EM24: =EN23 -> 0 | EO24: =EN24-EM24 -> 0 | EP24: =EO24-EO23 -> 0 | EQ24: =(EO24/'Finance Only'!B27)*100 -> #DIV/0! | ER24: =ES23 -> 0 | ET24: =ES24-ER24 -> 0 | EU24: =ET24-ET23 -> 0 | EV24: =(ET24/'Finance Only'!B27)*100 -> #DIV/0! | EW24: =EX23 -> 0 | EY24: =EX24-EW24 -> 0 | EZ24: =EY24-EY23 -> 0 | FA24: =(EY24/'Finance Only'!G27)*100 -> #DIV/0! | FB24: =FC23 -> 0 | FD24: =FC24-FB24 -> 0 | FE24: =FD24-FD23 -> 0 | FF24: =(FD24/'Finance Only'!L27)*100 -> #DIV/0!
A25: 21 | B25: ='Finance Only'!G28 -> 0 | C25: =D24 -> 0 | E25: =D25-C25 -> 0 | F25: =E25-E24 -> 0 | G25: =(E25/'Finance Only'!B28)*100 -> #DIV/0! | H25: =I24 -> 0 | J25: =I25-H25 -> 0 | K25: =J25-J24 -> 0 | L25: =(J25/'Finance Only'!B28)*100 -> #DIV/0! | M25: =N24 -> 0 | O25: =N25-M25 -> 0 | P25: =O25-O24 -> 0 | Q25: =(O25/'Finance Only'!B28)*100 -> #DIV/0! | R25: =S24 -> 0 | T25: =S25-R25 -> 0 | U25: =T25-T24 -> 0 | V25: =(T25/'Finance Only'!B28)*100 -> #DIV/0! | W25: =X24 -> 0 | Y25: =X25-W25 -> 0 | Z25: =Y25-Y24 -> 0 | AA25: =(Y25/'Finance Only'!B28)*100 -> #DIV/0! | AB25: =AC24 -> 0 | AD25: =AC25-AB25 -> 0 | AE25: =AD25-AD24 -> 0 | AF25: =(AD25/'Finance Only'!B28)*100 -> #DIV/0! | AG25: =AH24 -> 0 | AI25: =AH25-AG25 -> 0 | AJ25: =AI25-AI24 -> 0 | AK25: =(AI25/'Finance Only'!B28)*100 -> #DIV/0! | AL25: =AM24 -> 0 | AN25: =AM25-AL25 -> 0 | AO25: =AN25-AN24 -> 0 | AP25: =(AN25/'Finance Only'!B28)*100 -> #DIV/0! | AQ25: =AR24 -> 0 | AS25: =AR25-AQ25 -> 0 | AT25: =AS25-AS24 -> 0 | AU25: =(AS25/'Finance Only'!B28)*100 -> #DIV/0! | AV25: =AW24 -> 0 | AX25: =AW25-AV25 -> 0 | AY25: =AX25-AX24 -> 0 | AZ25: =(AX25/'Finance Only'!B28)*100 -> #DIV/0! | BA25: =BB24 -> 0 | BC25: =BB25-BA25 -> 0 | BD25: =BC25-BC24 -> 0 | BE25: =(BC25/'Finance Only'!B28)*100 -> #DIV/0! | BF25: =BG24 -> 0 | BH25: =BG25-BF25 -> 0 | BI25: =BH25-BH24 -> 0 | BJ25: =(BH25/'Finance Only'!B28)*100 -> #DIV/0! | BK25: =BL24 -> 0 | BM25: =BL25-BK25 -> 0 | BN25: =BM25-BM24 -> 0 | BO25: =(BM25/'Finance Only'!B28)*100 -> #DIV/0! | BP25: =BQ24 -> 0 | BR25: =BQ25-BP25 -> 0 | BS25: =BR25-BR24 -> 0 | BT25: =(BR25/'Finance Only'!B28)*100 -> #DIV/0! | BU25: =BV24 -> 0 | BW25: =BV25-BU25 -> 0 | BX25: =BW25-BW24 -> 0 | BY25: =(BW25/'Finance Only'!B28)*100 -> #DIV/0! | BZ25: =CA24 -> 0 | CB25: =CA25-BZ25 -> 0 | CC25: =CB25-CB24 -> 0 | CD25: =(CB25/'Finance Only'!B28)*100 -> #DIV/0! | CE25: =CF24 -> 0 | CG25: =CF25-CE25 -> 0 | CH25: =CG25-CG24 -> 0 | CI25: =(CG25/'Finance Only'!B28)*100 -> #DIV/0! | CJ25: =CK24 -> 0 | CL25: =CK25-CJ25 -> 0 | CM25: =CL25-CL24 -> 0 | CN25: =(CL25/'Finance Only'!B28)*100 -> #DIV/0! | CO25: =CP24 -> 0 | CQ25: =CP25-CO25 -> 0 | CR25: =CQ25-CQ24 -> 0 | CS25: =(CQ25/'Finance Only'!B28)*100 -> #DIV/0! | CT25: =CU24 -> 0 | CV25: =CU25-CT25 -> 0 | CW25: =CV25-CV24 -> 0 | CX25: =(CV25/'Finance Only'!B28)*100 -> #DIV/0! | CY25: =CZ24 -> 0 | DA25: =CZ25-CY25 -> 0 | DB25: =DA25-DA24 -> 0 | DC25: =(DA25/'Finance Only'!B28)*100 -> #DIV/0! | DD25: =DE24 -> 0 | DF25: =DE25-DD25 -> 0 | DG25: =DF25-DF24 -> 0 | DH25: =(DF25/'Finance Only'!B28)*100 -> #DIV/0! | DI25: =DJ24 -> 0 | DK25: =DJ25-DI25 -> 0 | DL25: =DK25-DK24 -> 0 | DM25: =(DK25/'Finance Only'!B28)*100 -> #DIV/0! | DN25: =DO24 -> 0 | DP25: =DO25-DN25 -> 0 | DQ25: =DP25-DP24 -> 0 | DR25: =(DP25/'Finance Only'!B28)*100 -> #DIV/0! | DS25: =DT24 -> 0 | DU25: =DT25-DS25 -> 0 | DV25: =DU25-DU24 -> 0 | DW25: =(DU25/'Finance Only'!B28)*100 -> #DIV/0! | DX25: =DY24 -> 0 | DZ25: =DY25-DX25 -> 0 | EA25: =DZ25-DZ24 -> 0 | EB25: =(DZ25/'Finance Only'!B28)*100 -> #DIV/0! | EC25: =ED24 -> 0 | EE25: =ED25-EC25 -> 0 | EF25: =EE25-EE24 -> 0 | EG25: =(EE25/'Finance Only'!B28)*100 -> #DIV/0! | EH25: =EI24 -> 0 | EJ25: =EI25-EH25 -> 0 | EK25: =EJ25-EJ24 -> 0 | EL25: =(EJ25/'Finance Only'!B28)*100 -> #DIV/0! | EM25: =EN24 -> 0 | EO25: =EN25-EM25 -> 0 | EP25: =EO25-EO24 -> 0 | EQ25: =(EO25/'Finance Only'!B28)*100 -> #DIV/0! | ER25: =ES24 -> 0 | ET25: =ES25-ER25 -> 0 | EU25: =ET25-ET24 -> 0 | EV25: =(ET25/'Finance Only'!B28)*100 -> #DIV/0! | EW25: =EX24 -> 0 | EY25: =EX25-EW25 -> 0 | EZ25: =EY25-EY24 -> 0 | FA25: =(EY25/'Finance Only'!G28)*100 -> #DIV/0! | FB25: =FC24 -> 0 | FD25: =FC25-FB25 -> 0 | FE25: =FD25-FD24 -> 0 | FF25: =(FD25/'Finance Only'!L28)*100 -> #DIV/0!
A26: 22 | B26: ='Finance Only'!G29 -> 0 | C26: =D25 -> 0 | E26: =D26-C26 -> 0 | F26: =E26-E25 -> 0 | G26: =(E26/'Finance Only'!B29)*100 -> #DIV/0! | H26: =I25 -> 0 | J26: =I26-H26 -> 0 | K26: =J26-J25 -> 0 | L26: =(J26/'Finance Only'!B29)*100 -> #DIV/0! | M26: =N25 -> 0 | O26: =N26-M26 -> 0 | P26: =O26-O25 -> 0 | Q26: =(O26/'Finance Only'!B29)*100 -> #DIV/0! | R26: =S25 -> 0 | T26: =S26-R26 -> 0 | U26: =T26-T25 -> 0 | V26: =(T26/'Finance Only'!B29)*100 -> #DIV/0! | W26: =X25 -> 0 | Y26: =X26-W26 -> 0 | Z26: =Y26-Y25 -> 0 | AA26: =(Y26/'Finance Only'!B29)*100 -> #DIV/0! | AB26: =AC25 -> 0 | AD26: =AC26-AB26 -> 0 | AE26: =AD26-AD25 -> 0 | AF26: =(AD26/'Finance Only'!B29)*100 -> #DIV/0! | AG26: =AH25 -> 0 | AI26: =AH26-AG26 -> 0 | AJ26: =AI26-AI25 -> 0 | AK26: =(AI26/'Finance Only'!B29)*100 -> #DIV/0! | AL26: =AM25 -> 0 | AN26: =AM26-AL26 -> 0 | AO26: =AN26-AN25 -> 0 | AP26: =(AN26/'Finance Only'!B29)*100 -> #DIV/0! | AQ26: =AR25 -> 0 | AS26: =AR26-AQ26 -> 0 | AT26: =AS26-AS25 -> 0 | AU26: =(AS26/'Finance Only'!B29)*100 -> #DIV/0! | AV26: =AW25 -> 0 | AX26: =AW26-AV26 -> 0 | AY26: =AX26-AX25 -> 0 | AZ26: =(AX26/'Finance Only'!B29)*100 -> #DIV/0! | BA26: =BB25 -> 0 | BC26: =BB26-BA26 -> 0 | BD26: =BC26-BC25 -> 0 | BE26: =(BC26/'Finance Only'!B29)*100 -> #DIV/0! | BF26: =BG25 -> 0 | BH26: =BG26-BF26 -> 0 | BI26: =BH26-BH25 -> 0 | BJ26: =(BH26/'Finance Only'!B29)*100 -> #DIV/0! | BK26: =BL25 -> 0 | BM26: =BL26-BK26 -> 0 | BN26: =BM26-BM25 -> 0 | BO26: =(BM26/'Finance Only'!B29)*100 -> #DIV/0! | BP26: =BQ25 -> 0 | BR26: =BQ26-BP26 -> 0 | BS26: =BR26-BR25 -> 0 | BT26: =(BR26/'Finance Only'!B29)*100 -> #DIV/0! | BU26: =BV25 -> 0 | BW26: =BV26-BU26 -> 0 | BX26: =BW26-BW25 -> 0 | BY26: =(BW26/'Finance Only'!B29)*100 -> #DIV/0! | BZ26: =CA25 -> 0 | CB26: =CA26-BZ26 -> 0 | CC26: =CB26-CB25 -> 0 | CD26: =(CB26/'Finance Only'!B29)*100 -> #DIV/0! | CE26: =CF25 -> 0 | CG26: =CF26-CE26 -> 0 | CH26: =CG26-CG25 -> 0 | CI26: =(CG26/'Finance Only'!B29)*100 -> #DIV/0! | CJ26: =CK25 -> 0 | CL26: =CK26-CJ26 -> 0 | CM26: =CL26-CL25 -> 0 | CN26: =(CL26/'Finance Only'!B29)*100 -> #DIV/0! | CO26: =CP25 -> 0 | CQ26: =CP26-CO26 -> 0 | CR26: =CQ26-CQ25 -> 0 | CS26: =(CQ26/'Finance Only'!B29)*100 -> #DIV/0! | CT26: =CU25 -> 0 | CV26: =CU26-CT26 -> 0 | CW26: =CV26-CV25 -> 0 | CX26: =(CV26/'Finance Only'!B29)*100 -> #DIV/0! | CY26: =CZ25 -> 0 | DA26: =CZ26-CY26 -> 0 | DB26: =DA26-DA25 -> 0 | DC26: =(DA26/'Finance Only'!B29)*100 -> #DIV/0! | DD26: =DE25 -> 0 | DF26: =DE26-DD26 -> 0 | DG26: =DF26-DF25 -> 0 | DH26: =(DF26/'Finance Only'!B29)*100 -> #DIV/0! | DI26: =DJ25 -> 0 | DK26: =DJ26-DI26 -> 0 | DL26: =DK26-DK25 -> 0 | DM26: =(DK26/'Finance Only'!B29)*100 -> #DIV/0! | DN26: =DO25 -> 0 | DP26: =DO26-DN26 -> 0 | DQ26: =DP26-DP25 -> 0 | DR26: =(DP26/'Finance Only'!B29)*100 -> #DIV/0! | DS26: =DT25 -> 0 | DU26: =DT26-DS26 -> 0 | DV26: =DU26-DU25 -> 0 | DW26: =(DU26/'Finance Only'!B29)*100 -> #DIV/0! | DX26: =DY25 -> 0 | DZ26: =DY26-DX26 -> 0 | EA26: =DZ26-DZ25 -> 0 | EB26: =(DZ26/'Finance Only'!B29)*100 -> #DIV/0! | EC26: =ED25 -> 0 | EE26: =ED26-EC26 -> 0 | EF26: =EE26-EE25 -> 0 | EG26: =(EE26/'Finance Only'!B29)*100 -> #DIV/0! | EH26: =EI25 -> 0 | EJ26: =EI26-EH26 -> 0 | EK26: =EJ26-EJ25 -> 0 | EL26: =(EJ26/'Finance Only'!B29)*100 -> #DIV/0! | EM26: =EN25 -> 0 | EO26: =EN26-EM26 -> 0 | EP26: =EO26-EO25 -> 0 | EQ26: =(EO26/'Finance Only'!B29)*100 -> #DIV/0! | ER26: =ES25 -> 0 | ET26: =ES26-ER26 -> 0 | EU26: =ET26-ET25 -> 0 | EV26: =(ET26/'Finance Only'!B29)*100 -> #DIV/0! | EW26: =EX25 -> 0 | EY26: =EX26-EW26 -> 0 | EZ26: =EY26-EY25 -> 0 | FA26: =(EY26/'Finance Only'!G29)*100 -> #DIV/0! | FB26: =FC25 -> 0 | FD26: =FC26-FB26 -> 0 | FE26: =FD26-FD25 -> 0 | FF26: =(FD26/'Finance Only'!L29)*100 -> #DIV/0!
A27: 23 | B27: ='Finance Only'!G30 -> 0 | C27: =D26 -> 0 | E27: =D27-C27 -> 0 | F27: =E27-E26 -> 0 | G27: =(E27/'Finance Only'!B30)*100 -> #DIV/0! | H27: =I26 -> 0 | J27: =I27-H27 -> 0 | K27: =J27-J26 -> 0 | L27: =(J27/'Finance Only'!B30)*100 -> #DIV/0! | M27: =N26 -> 0 | O27: =N27-M27 -> 0 | P27: =O27-O26 -> 0 | Q27: =(O27/'Finance Only'!B30)*100 -> #DIV/0! | R27: =S26 -> 0 | T27: =S27-R27 -> 0 | U27: =T27-T26 -> 0 | V27: =(T27/'Finance Only'!B30)*100 -> #DIV/0! | W27: =X26 -> 0 | Y27: =X27-W27 -> 0 | Z27: =Y27-Y26 -> 0 | AA27: =(Y27/'Finance Only'!B30)*100 -> #DIV/0! | AB27: =AC26 -> 0 | AD27: =AC27-AB27 -> 0 | AE27: =AD27-AD26 -> 0 | AF27: =(AD27/'Finance Only'!B30)*100 -> #DIV/0! | AG27: =AH26 -> 0 | AI27: =AH27-AG27 -> 0 | AJ27: =AI27-AI26 -> 0 | AK27: =(AI27/'Finance Only'!B30)*100 -> #DIV/0! | AL27: =AM26 -> 0 | AN27: =AM27-AL27 -> 0 | AO27: =AN27-AN26 -> 0 | AP27: =(AN27/'Finance Only'!B30)*100 -> #DIV/0! | AQ27: =AR26 -> 0 | AS27: =AR27-AQ27 -> 0 | AT27: =AS27-AS26 -> 0 | AU27: =(AS27/'Finance Only'!B30)*100 -> #DIV/0! | AV27: =AW26 -> 0 | AX27: =AW27-AV27 -> 0 | AY27: =AX27-AX26 -> 0 | AZ27: =(AX27/'Finance Only'!B30)*100 -> #DIV/0! | BA27: =BB26 -> 0 | BC27: =BB27-BA27 -> 0 | BD27: =BC27-BC26 -> 0 | BE27: =(BC27/'Finance Only'!B30)*100 -> #DIV/0! | BF27: =BG26 -> 0 | BH27: =BG27-BF27 -> 0 | BI27: =BH27-BH26 -> 0 | BJ27: =(BH27/'Finance Only'!B30)*100 -> #DIV/0! | BK27: =BL26 -> 0 | BM27: =BL27-BK27 -> 0 | BN27: =BM27-BM26 -> 0 | BO27: =(BM27/'Finance Only'!B30)*100 -> #DIV/0! | BP27: =BQ26 -> 0 | BR27: =BQ27-BP27 -> 0 | BS27: =BR27-BR26 -> 0 | BT27: =(BR27/'Finance Only'!B30)*100 -> #DIV/0! | BU27: =BV26 -> 0 | BW27: =BV27-BU27 -> 0 | BX27: =BW27-BW26 -> 0 | BY27: =(BW27/'Finance Only'!B30)*100 -> #DIV/0! | BZ27: =CA26 -> 0 | CB27: =CA27-BZ27 -> 0 | CC27: =CB27-CB26 -> 0 | CD27: =(CB27/'Finance Only'!B30)*100 -> #DIV/0! | CE27: =CF26 -> 0 | CG27: =CF27-CE27 -> 0 | CH27: =CG27-CG26 -> 0 | CI27: =(CG27/'Finance Only'!B30)*100 -> #DIV/0! | CJ27: =CK26 -> 0 | CL27: =CK27-CJ27 -> 0 | CM27: =CL27-CL26 -> 0 | CN27: =(CL27/'Finance Only'!B30)*100 -> #DIV/0! | CO27: =CP26 -> 0 | CQ27: =CP27-CO27 -> 0 | CR27: =CQ27-CQ26 -> 0 | CS27: =(CQ27/'Finance Only'!B30)*100 -> #DIV/0! | CT27: =CU26 -> 0 | CV27: =CU27-CT27 -> 0 | CW27: =CV27-CV26 -> 0 | CX27: =(CV27/'Finance Only'!B30)*100 -> #DIV/0! | CY27: =CZ26 -> 0 | DA27: =CZ27-CY27 -> 0 | DB27: =DA27-DA26 -> 0 | DC27: =(DA27/'Finance Only'!B30)*100 -> #DIV/0! | DD27: =DE26 -> 0 | DF27: =DE27-DD27 -> 0 | DG27: =DF27-DF26 -> 0 | DH27: =(DF27/'Finance Only'!B30)*100 -> #DIV/0! | DI27: =DJ26 -> 0 | DK27: =DJ27-DI27 -> 0 | DL27: =DK27-DK26 -> 0 | DM27: =(DK27/'Finance Only'!B30)*100 -> #DIV/0! | DN27: =DO26 -> 0 | DP27: =DO27-DN27 -> 0 | DQ27: =DP27-DP26 -> 0 | DR27: =(DP27/'Finance Only'!B30)*100 -> #DIV/0! | DS27: =DT26 -> 0 | DU27: =DT27-DS27 -> 0 | DV27: =DU27-DU26 -> 0 | DW27: =(DU27/'Finance Only'!B30)*100 -> #DIV/0! | DX27: =DY26 -> 0 | DZ27: =DY27-DX27 -> 0 | EA27: =DZ27-DZ26 -> 0 | EB27: =(DZ27/'Finance Only'!B30)*100 -> #DIV/0! | EC27: =ED26 -> 0 | EE27: =ED27-EC27 -> 0 | EF27: =EE27-EE26 -> 0 | EG27: =(EE27/'Finance Only'!B30)*100 -> #DIV/0! | EH27: =EI26 -> 0 | EJ27: =EI27-EH27 -> 0 | EK27: =EJ27-EJ26 -> 0 | EL27: =(EJ27/'Finance Only'!B30)*100 -> #DIV/0! | EM27: =EN26 -> 0 | EO27: =EN27-EM27 -> 0 | EP27: =EO27-EO26 -> 0 | EQ27: =(EO27/'Finance Only'!B30)*100 -> #DIV/0! | ER27: =ES26 -> 0 | ET27: =ES27-ER27 -> 0 | EU27: =ET27-ET26 -> 0 | EV27: =(ET27/'Finance Only'!B30)*100 -> #DIV/0! | EW27: =EX26 -> 0 | EY27: =EX27-EW27 -> 0 | EZ27: =EY27-EY26 -> 0 | FA27: =(EY27/'Finance Only'!G30)*100 -> #DIV/0! | FB27: =FC26 -> 0 | FD27: =FC27-FB27 -> 0 | FE27: =FD27-FD26 -> 0 | FF27: =(FD27/'Finance Only'!L30)*100 -> #DIV/0!
A28: 24 | B28: ='Finance Only'!G31 -> 0 | C28: =D27 -> 0 | E28: =D28-C28 -> 0 | F28: =E28-E27 -> 0 | G28: =(E28/'Finance Only'!B31)*100 -> #DIV/0! | H28: =I27 -> 0 | J28: =I28-H28 -> 0 | K28: =J28-J27 -> 0 | L28: =(J28/'Finance Only'!B31)*100 -> #DIV/0! | M28: =N27 -> 0 | O28: =N28-M28 -> 0 | P28: =O28-O27 -> 0 | Q28: =(O28/'Finance Only'!B31)*100 -> #DIV/0! | R28: =S27 -> 0 | T28: =S28-R28 -> 0 | U28: =T28-T27 -> 0 | V28: =(T28/'Finance Only'!B31)*100 -> #DIV/0! | W28: =X27 -> 0 | Y28: =X28-W28 -> 0 | Z28: =Y28-Y27 -> 0 | AA28: =(Y28/'Finance Only'!B31)*100 -> #DIV/0! | AB28: =AC27 -> 0 | AD28: =AC28-AB28 -> 0 | AE28: =AD28-AD27 -> 0 | AF28: =(AD28/'Finance Only'!B31)*100 -> #DIV/0! | AG28: =AH27 -> 0 | AI28: =AH28-AG28 -> 0 | AJ28: =AI28-AI27 -> 0 | AK28: =(AI28/'Finance Only'!B31)*100 -> #DIV/0! | AL28: =AM27 -> 0 | AN28: =AM28-AL28 -> 0 | AO28: =AN28-AN27 -> 0 | AP28: =(AN28/'Finance Only'!B31)*100 -> #DIV/0! | AQ28: =AR27 -> 0 | AS28: =AR28-AQ28 -> 0 | AT28: =AS28-AS27 -> 0 | AU28: =(AS28/'Finance Only'!B31)*100 -> #DIV/0! | AV28: =AW27 -> 0 | AX28: =AW28-AV28 -> 0 | AY28: =AX28-AX27 -> 0 | AZ28: =(AX28/'Finance Only'!B31)*100 -> #DIV/0! | BA28: =BB27 -> 0 | BC28: =BB28-BA28 -> 0 | BD28: =BC28-BC27 -> 0 | BE28: =(BC28/'Finance Only'!B31)*100 -> #DIV/0! | BF28: =BG27 -> 0 | BH28: =BG28-BF28 -> 0 | BI28: =BH28-BH27 -> 0 | BJ28: =(BH28/'Finance Only'!B31)*100 -> #DIV/0! | BK28: =BL27 -> 0 | BM28: =BL28-BK28 -> 0 | BN28: =BM28-BM27 -> 0 | BO28: =(BM28/'Finance Only'!B31)*100 -> #DIV/0! | BP28: =BQ27 -> 0 | BR28: =BQ28-BP28 -> 0 | BS28: =BR28-BR27 -> 0 | BT28: =(BR28/'Finance Only'!B31)*100 -> #DIV/0! | BU28: =BV27 -> 0 | BW28: =BV28-BU28 -> 0 | BX28: =BW28-BW27 -> 0 | BY28: =(BW28/'Finance Only'!B31)*100 -> #DIV/0! | BZ28: =CA27 -> 0 | CB28: =CA28-BZ28 -> 0 | CC28: =CB28-CB27 -> 0 | CD28: =(CB28/'Finance Only'!B31)*100 -> #DIV/0! | CE28: =CF27 -> 0 | CG28: =CF28-CE28 -> 0 | CH28: =CG28-CG27 -> 0 | CI28: =(CG28/'Finance Only'!B31)*100 -> #DIV/0! | CJ28: =CK27 -> 0 | CL28: =CK28-CJ28 -> 0 | CM28: =CL28-CL27 -> 0 | CN28: =(CL28/'Finance Only'!B31)*100 -> #DIV/0! | CO28: =CP27 -> 0 | CQ28: =CP28-CO28 -> 0 | CR28: =CQ28-CQ27 -> 0 | CS28: =(CQ28/'Finance Only'!B31)*100 -> #DIV/0! | CT28: =CU27 -> 0 | CV28: =CU28-CT28 -> 0 | CW28: =CV28-CV27 -> 0 | CX28: =(CV28/'Finance Only'!B31)*100 -> #DIV/0! | CY28: =CZ27 -> 0 | DA28: =CZ28-CY28 -> 0 | DB28: =DA28-DA27 -> 0 | DC28: =(DA28/'Finance Only'!B31)*100 -> #DIV/0! | DD28: =DE27 -> 0 | DF28: =DE28-DD28 -> 0 | DG28: =DF28-DF27 -> 0 | DH28: =(DF28/'Finance Only'!B31)*100 -> #DIV/0! | DI28: =DJ27 -> 0 | DK28: =DJ28-DI28 -> 0 | DL28: =DK28-DK27 -> 0 | DM28: =(DK28/'Finance Only'!B31)*100 -> #DIV/0! | DN28: =DO27 -> 0 | DP28: =DO28-DN28 -> 0 | DQ28: =DP28-DP27 -> 0 | DR28: =(DP28/'Finance Only'!B31)*100 -> #DIV/0! | DS28: =DT27 -> 0 | DU28: =DT28-DS28 -> 0 | DV28: =DU28-DU27 -> 0 | DW28: =(DU28/'Finance Only'!B31)*100 -> #DIV/0! | DX28: =DY27 -> 0 | DZ28: =DY28-DX28 -> 0 | EA28: =DZ28-DZ27 -> 0 | EB28: =(DZ28/'Finance Only'!B31)*100 -> #DIV/0! | EC28: =ED27 -> 0 | EE28: =ED28-EC28 -> 0 | EF28: =EE28-EE27 -> 0 | EG28: =(EE28/'Finance Only'!B31)*100 -> #DIV/0! | EH28: =EI27 -> 0 | EJ28: =EI28-EH28 -> 0 | EK28: =EJ28-EJ27 -> 0 | EL28: =(EJ28/'Finance Only'!B31)*100 -> #DIV/0! | EM28: =EN27 -> 0 | EO28: =EN28-EM28 -> 0 | EP28: =EO28-EO27 -> 0 | EQ28: =(EO28/'Finance Only'!B31)*100 -> #DIV/0! | ER28: =ES27 -> 0 | ET28: =ES28-ER28 -> 0 | EU28: =ET28-ET27 -> 0 | EV28: =(ET28/'Finance Only'!B31)*100 -> #DIV/0! | EW28: =EX27 -> 0 | EY28: =EX28-EW28 -> 0 | EZ28: =EY28-EY27 -> 0 | FA28: =(EY28/'Finance Only'!G31)*100 -> #DIV/0! | FB28: =FC27 -> 0 | FD28: =FC28-FB28 -> 0 | FE28: =FD28-FD27 -> 0 | FF28: =(FD28/'Finance Only'!L31)*100 -> #DIV/0!
... A34: 30 | B34: ='Finance Only'!G37 -> 0 | C34: =D33 -> 0 | E34: =D34-C34 -> 0 | F34: =E34-E33 -> 0 | G34: =(E34/'Finance Only'!B37)*100 -> #DIV/0! | H34: =I33 -> 0 | J34: =I34-H34 -> 0 | K34: =J34-J33 -> 0 | L34: =(J34/'Finance Only'!B37)*100 -> #DIV/0! | M34: =N33 -> 0 | O34: =N34-M34 -> 0 | P34: =O34-O33 -> 0 | Q34: =(O34/'Finance Only'!B37)*100 -> #DIV/0! | R34: =S33 -> 0 | T34: =S34-R34 -> 0 | U34: =T34-T33 -> 0 | V34: =(T34/'Finance Only'!B37)*100 -> #DIV/0! | W34: =X33 -> 0 | Y34: =X34-W34 -> 0 | Z34: =Y34-Y33 -> 0 | AA34: =(Y34/'Finance Only'!B37)*100 -> #DIV/0! | AB34: =AC33 -> 0 | AD34: =AC34-AB34 -> 0 | AE34: =AD34-AD33 -> 0 | AF34: =(AD34/'Finance Only'!B37)*100 -> #DIV/0! | AG34: =AH33 -> 0 | AI34: =AH34-AG34 -> 0 | AJ34: =AI34-AI33 -> 0 | AK34: =(AI34/'Finance Only'!B37)*100 -> #DIV/0! | AL34: =AM33 -> 0 | AN34: =AM34-AL34 -> 0 | AO34: =AN34-AN33 -> 0 | AP34: =(AN34/'Finance Only'!B37)*100 -> #DIV/0! | AQ34: =AR33 -> 0 | AS34: =AR34-AQ34 -> 0 | AT34: =AS34-AS33 -> 0 | AU34: =(AS34/'Finance Only'!B37)*100 -> #DIV/0! | AV34: =AW33 -> 0 | AX34: =AW34-AV34 -> 0 | AY34: =AX34-AX33 -> 0 | AZ34: =(AX34/'Finance Only'!B37)*100 -> #DIV/0! | BA34: =BB33 -> 0 | BC34: =BB34-BA34 -> 0 | BD34: =BC34-BC33 -> 0 | BE34: =(BC34/'Finance Only'!B37)*100 -> #DIV/0! | BF34: =BG33 -> 0 | BH34: =BG34-BF34 -> 0 | BI34: =BH34-BH33 -> 0 | BJ34: =(BH34/'Finance Only'!B37)*100 -> #DIV/0! | BK34: =BL33 -> 0 | BM34: =BL34-BK34 -> 0 | BN34: =BM34-BM33 -> 0 | BO34: =(BM34/'Finance Only'!B37)*100 -> #DIV/0! | BP34: =BQ33 -> 0 | BR34: =BQ34-BP34 -> 0 | BS34: =BR34-BR33 -> 0 | BT34: =(BR34/'Finance Only'!B37)*100 -> #DIV/0! | BU34: =BV33 -> 0 | BW34: =BV34-BU34 -> 0 | BX34: =BW34-BW33 -> 0 | BY34: =(BW34/'Finance Only'!B37)*100 -> #DIV/0! | BZ34: =CA33 -> 0 | CB34: =CA34-BZ34 -> 0 | CC34: =CB34-CB33 -> 0 | CD34: =(CB34/'Finance Only'!B37)*100 -> #DIV/0! | CE34: =CF33 -> 0 | CG34: =CF34-CE34 -> 0 | CH34: =CG34-CG33 -> 0 | CI34: =(CG34/'Finance Only'!B37)*100 -> #DIV/0! | CJ34: =CK33 -> 0 | CL34: =CK34-CJ34 -> 0 | CM34: =CL34-CL33 -> 0 | CN34: =(CL34/'Finance Only'!B37)*100 -> #DIV/0! | CO34: =CP33 -> 0 | CQ34: =CP34-CO34 -> 0 | CR34: =CQ34-CQ33 -> 0 | CS34: =(CQ34/'Finance Only'!B37)*100 -> #DIV/0! | CT34: =CU33 -> 0 | CV34: =CU34-CT34 -> 0 | CW34: =CV34-CV33 -> 0 | CX34: =(CV34/'Finance Only'!B37)*100 -> #DIV/0! | CY34: =CZ33 -> 0 | DA34: =CZ34-CY34 -> 0 | DB34: =DA34-DA33 -> 0 | DC34: =(DA34/'Finance Only'!B37)*100 -> #DIV/0! | DD34: =DE33 -> 0 | DF34: =DE34-DD34 -> 0 | DG34: =DF34-DF33 -> 0 | DH34: =(DF34/'Finance Only'!B37)*100 -> #DIV/0! | DI34: =DJ33 -> 0 | DK34: =DJ34-DI34 -> 0 | DL34: =DK34-DK33 -> 0 | DM34: =(DK34/'Finance Only'!B37)*100 -> #DIV/0! | DN34: =DO33 -> 0 | DP34: =DO34-DN34 -> 0 | DQ34: =DP34-DP33 -> 0 | DR34: =(DP34/'Finance Only'!B37)*100 -> #DIV/0! | DS34: =DT33 -> 0 | DU34: =DT34-DS34 -> 0 | DV34: =DU34-DU33 -> 0 | DW34: =(DU34/'Finance Only'!B37)*100 -> #DIV/0! | DX34: =DY33 -> 0 | DZ34: =DY34-DX34 -> 0 | EA34: =DZ34-DZ33 -> 0 | EB34: =(DZ34/'Finance Only'!B37)*100 -> #DIV/0! | EC34: =ED33 -> 0 | EE34: =ED34-EC34 -> 0 | EF34: =EE34-EE33 -> 0 | EG34: =(EE34/'Finance Only'!B37)*100 -> #DIV/0! | EH34: =EI33 -> 0 | EJ34: =EI34-EH34 -> 0 | EK34: =EJ34-EJ33 -> 0 | EL34: =(EJ34/'Finance Only'!B37)*100 -> #DIV/0! | EM34: =EN33 -> 0 | EO34: =EN34-EM34 -> 0 | EP34: =EO34-EO33 -> 0 | EQ34: =(EO34/'Finance Only'!B37)*100 -> #DIV/0! | ER34: =ES33 -> 0 | ET34: =ES34-ER34 -> 0 | EU34: =ET34-ET33 -> 0 | EV34: =(ET34/'Finance Only'!B37)*100 -> #DIV/0! | EW34: =EX33 -> 0 | EY34: =EX34-EW34 -> 0 | EZ34: =EY34-EY33 -> 0 | FA34: =(EY34/'Finance Only'!G37)*100 -> #DIV/0! | FB34: =FC33 -> 0 | FD34: =FC34-FB34 -> 0 | FE34: =FD34-FD33 -> 0 | FF34: =(FD34/'Finance Only'!L37)*100 -> #DIV/0!
A35: 31 | B35: ='Finance Only'!G38 -> 0 | C35: =D34 -> 0 | E35: =D35-C35 -> 0 | F35: =E35-E34 -> 0 | G35: =(E35/'Finance Only'!B39)*100 -> 0 | H35: =I34 -> 0 | J35: =I35-H35 -> 0 | K35: =J35-J34 -> 0 | L35: =(J35/'Finance Only'!B39)*100 -> 0 | M35: =N34 -> 0 | O35: =N35-M35 -> 0 | P35: =O35-O34 -> 0 | Q35: =(O35/'Finance Only'!B39)*100 -> 0 | R35: =S34 -> 0 | T35: =S35-R35 -> 0 | U35: =T35-T34 -> 0 | V35: =(T35/'Finance Only'!B39)*100 -> 0 | W35: =X34 -> 0 | Y35: =X35-W35 -> 0 | Z35: =Y35-Y34 -> 0 | AA35: =(Y35/'Finance Only'!B39)*100 -> 0 | AB35: =AC34 -> 0 | AD35: =AC35-AB35 -> 0 | AE35: =AD35-AD34 -> 0 | AF35: =(AD35/'Finance Only'!B39)*100 -> 0 | AG35: =AH34 -> 0 | AI35: =AH35-AG35 -> 0 | AJ35: =AI35-AI34 -> 0 | AK35: =(AI35/'Finance Only'!B39)*100 -> 0 | AL35: =AM34 -> 0 | AN35: =AM35-AL35 -> 0 | AO35: =AN35-AN34 -> 0 | AP35: =(AN35/'Finance Only'!B39)*100 -> 0 | AQ35: =AR34 -> 0 | AS35: =AR35-AQ35 -> 0 | AT35: =AS35-AS34 -> 0 | AU35: =(AS35/'Finance Only'!B39)*100 -> 0 | AV35: =AW34 -> 0 | AX35: =AW35-AV35 -> 0 | AY35: =AX35-AX34 -> 0 | AZ35: =(AX35/'Finance Only'!B39)*100 -> 0 | BA35: =BB34 -> 0 | BC35: =BB35-BA35 -> 0 | BD35: =BC35-BC34 -> 0 | BE35: =(BC35/'Finance Only'!B39)*100 -> 0 | BF35: =BG34 -> 0 | BH35: =BG35-BF35 -> 0 | BI35: =BH35-BH34 -> 0 | BJ35: =(BH35/'Finance Only'!B39)*100 -> 0 | BK35: =BL34 -> 0 | BM35: =BL35-BK35 -> 0 | BN35: =BM35-BM34 -> 0 | BO35: =(BM35/'Finance Only'!B39)*100 -> 0 | BP35: =BQ34 -> 0 | BR35: =BQ35-BP35 -> 0 | BS35: =BR35-BR34 -> 0 | BT35: =(BR35/'Finance Only'!B39)*100 -> 0 | BU35: =BV34 -> 0 | BW35: =BV35-BU35 -> 0 | BX35: =BW35-BW34 -> 0 | BY35: =(BW35/'Finance Only'!B39)*100 -> 0 | BZ35: =CA34 -> 0 | CB35: =CA35-BZ35 -> 0 | CC35: =CB35-CB34 -> 0 | CD35: =(CB35/'Finance Only'!B39)*100 -> 0 | CE35: =CF34 -> 0 | CG35: =CF35-CE35 -> 0 | CH35: =CG35-CG34 -> 0 | CI35: =(CG35/'Finance Only'!B39)*100 -> 0 | CJ35: =CK34 -> 0 | CL35: =CK35-CJ35 -> 0 | CM35: =CL35-CL34 -> 0 | CN35: =(CL35/'Finance Only'!B39)*100 -> 0 | CO35: =CP34 -> 0 | CQ35: =CP35-CO35 -> 0 | CR35: =CQ35-CQ34 -> 0 | CS35: =(CQ35/'Finance Only'!B39)*100 -> 0 | CT35: =CU34 -> 0 | CV35: =CU35-CT35 -> 0 | CW35: =CV35-CV34 -> 0 | CX35: =(CV35/'Finance Only'!B39)*100 -> 0 | CY35: =CZ34 -> 0 | DA35: =CZ35-CY35 -> 0 | DB35: =DA35-DA34 -> 0 | DC35: =(DA35/'Finance Only'!B39)*100 -> 0 | DD35: =DE34 -> 0 | DF35: =DE35-DD35 -> 0 | DG35: =DF35-DF34 -> 0 | DH35: =(DF35/'Finance Only'!B39)*100 -> 0 | DI35: =DJ34 -> 0 | DK35: =DJ35-DI35 -> 0 | DL35: =DK35-DK34 -> 0 | DM35: =(DK35/'Finance Only'!B39)*100 -> 0 | DN35: =DO34 -> 0 | DP35: =DO35-DN35 -> 0 | DQ35: =DP35-DP34 -> 0 | DR35: =(DP35/'Finance Only'!B39)*100 -> 0 | DS35: =DT34 -> 0 | DU35: =DT35-DS35 -> 0 | DV35: =DU35-DU34 -> 0 | DW35: =(DU35/'Finance Only'!B39)*100 -> 0 | DX35: =DY34 -> 0 | DZ35: =DY35-DX35 -> 0 | EA35: =DZ35-DZ34 -> 0 | EB35: =(DZ35/'Finance Only'!B39)*100 -> 0 | EC35: =ED34 -> 0 | EE35: =ED35-EC35 -> 0 | EF35: =EE35-EE34 -> 0 | EG35: =(EE35/'Finance Only'!B39)*100 -> 0 | EH35: =EI34 -> 0 | EJ35: =EI35-EH35 -> 0 | EK35: =EJ35-EJ34 -> 0 | EL35: =(EJ35/'Finance Only'!B39)*100 -> 0 | EM35: =EN34 -> 0 | EO35: =EN35-EM35 -> 0 | EP35: =EO35-EO34 -> 0 | EQ35: =(EO35/'Finance Only'!B39)*100 -> 0 | ER35: =ES34 -> 0 | ET35: =ES35-ER35 -> 0 | EU35: =ET35-ET34 -> 0 | EV35: =(ET35/'Finance Only'!B39)*100 -> 0 | EW35: =EX34 -> 0 | EY35: =EX35-EW35 -> 0 | EZ35: =EY35-EY34 -> 0 | FA35: =(EY35/'Finance Only'!G39)*100 -> 0 | FB35: =FC34 -> 0 | FD35: =FC35-FB35 -> 0 | FE35: =FD35-FD34 -> 0 | FF35: =(FD35/'Finance Only'!L39)*100 -> #DIV/0!
A36: Total | E36: =SUM(E5:E34) -> -25797276 | J36: =SUM(J5:J34) -> -23012686 | O36: =SUM(O5:O34) -> -86714172 | T36: =SUM(T5:T34) -> -21516 | Y36: =SUM(Y5:Y34) -> -2910539 | AD36: =SUM(AD5:AD34) -> -17818 | AI36: =SUM(AI5:AI34) -> -790459 | AN36: =SUM(AN5:AN34) -> -81890 | AS36: =SUM(AS5:AS34) -> -18457 | AX36: =SUM(AX5:AX34) -> -532676 | BC36: =SUM(BC5:BC34) -> -71411 | BH36: =SUM(BH5:BH34) -> -81256 | BM36: =SUM(BM5:BM34) -> -12670 | BR36: =SUM(BR5:BR34) -> -74596 | BW36: =SUM(BW5:BW34) -> -39682 | CB36: =SUM(CB5:CB34) -> -56881 | CG36: =SUM(CG5:CG34) -> -17093 | CL36: =SUM(CL5:CL34) -> -39028 | CQ36: =SUM(CQ5:CQ34) -> -30715 | CV36: =SUM(CV5:CV34) -> -27021 | DA36: =SUM(DA5:DA34) -> -45440 | DF36: =SUM(DF5:DF34) -> -34215 | DK36: =SUM(DK5:DK34) -> -31620 | DP36: =SUM(DP5:DP34) -> -21040 | DU36: =SUM(DU5:DU34) -> -55671 | DZ36: =SUM(DZ5:DZ34) -> -38361 | EE36: =SUM(EE5:EE34) -> -11921 | EJ36: =SUM(EJ5:EJ34) -> -10828 | EO36: =SUM(EO5:EO34) -> -21268 | ET36: =SUM(ET5:ET34) -> -50280 | EY36: =SUM(EY5:EY34) -> -22069 | FD36: =SUM(FD5:FD34) -> -9736

Sheet WATER
A1: RO Plant Water Production Reading | Z1: Water Consumption by locations
A3: Month | C3: 44410 | Z3: Date: | AD3: 44360
A4: R/O Plant A | F4: R/O Plant B | K4: R/O Plant C | P4: R/O Plant D | U4: Total Production | Z4: Laundry | AD4: Staff Block - E0 | AG4: Staff Block - E1 | AJ4: Staff Block - E2 | AM4: Staff Block - E3 | AP4: Staff Block - E4 | AS4: Staff Block - E5 | AV4: Management Block | AY4: PC Block | BB4: GM Bungalow | BE4: Boat Dock | BH4: Supply Jetty | BK4: Main Kitchen | BN4: Day Facility | BQ4: Reception | BT4: Main Pool | BW4: Dive Center | BZ4: Albarakthu | CC4: Blu Resturant | CF4: Main Jetty | CI4: Landaa Estate
A5: DAY | B5: YESTARDAY | C5: TODAY | D5: Production (M3) | F5: DAY | G5: YESTARDAY | H5: TODAY | I5: Production (M3) | K5: DAY | L5: YESTARDAY | M5: TODAY | N5: Production (M3) | P5: DAY | Q5: YESTARDAY | R5: TODAY | S5: Production (M3) | U5: Day | V5: Water | W5: Occ% | X5: ADR $ | Z5: DAY | AA5: Yesterday | AB5: Today | AC5: Usage | AD5: Yesterday | AE5: Today | AF5: Usage | AG5: Yesterday | AH5: Today | AI5: Usage | AJ5: Yesterday | AK5: Today | AL5: Usage | AM5: Yesterday | AN5: Today | AO5: Usage | AP5: Yesterday | AQ5: Today | AR5: Usage | AS5: Yesterday | AT5: Today | AU5: Usage | AV5: Yesterday | AW5: Today | AX5: Usage | AY5: Yesterday | AZ5: Today | BA5: Usage | BB5: Yesterday | BC5: Today | BD5: Usage | BE5: Yesterday | BF5: Today | BG5: Usage | BH5: Yesterday | BI5: Today | BJ5: Usage | BK5: Yesterday | BL5: Today | BM5: Usage | BN5: Yesterday | BO5: Today | BP5: Usage | BQ5: Yesterday | BR5: Today | BS5: Usage | BT5: Yesterday | BU5: Today | BV5: Usage | BW5: Yesterday | BX5: Today | BY5: Usage | BZ5: Yesterday | CA5: Today | CB5: Usage | CC5: Yesterday | CD5: Today | CE5: Usage | CF5: Yesterday | CG5: Today | CH5: Usage | CI5: Yesterday | CJ5: Today | CK5: Usage
A6: 1 | B6: 12433 | C6: 12489 | D6: =C6-B6 -> 56 | F6: 1 | G6: 8622 | H6: 8680 | I6: =H6-G6 -> 58 | K6: 1 | L6: 750885 | M6: 751124 | N6: =M6-L6 -> 239 | P6: 1 | Q6: 207546 | R6: 207568 | S6: =R6-Q6 -> 22 | U6: 1 | V6: =SUM(S6+N6+I6+D6) -> 375 | W6: ='Maldives at LG Daily'!I5 -> 18 | Z6: 1 | AA6: 37504 | AB6: 37526 | AC6: =AB6-AA6 -> 22 | AD6: 8042 | AE6: 8047 | AF6: =AE6-AD6 -> 5 | AG6: 5890 | AH6: 5896 | AI6: =AH6-AG6 -> 6 | AJ6: 14224 | AK6: 14234 | AL6: =AK6-AJ6 -> 10 | AM6: 32051 | AN6: 32057 | AO6: =AN6-AM6 -> 6 | AP6: 6190 | AQ6: 6195 | AR6: =AQ6-AP6 -> 5 | AS6: 22224 | AT6: 22235 | AU6: =AT6-AS6 -> 11 | AV6: 6294 | AW6: 6303 | AX6: =AW6-AV6 -> 9 | AY6: 3390 | AZ6: 3390 | BA6: =AZ6-AY6 -> 0 | BB6: 1531 | BC6: 1531 | BD6: =BC6-BB6 -> 0 | BE6: 26669 | BF6: 26680 | BG6: =BF6-BE6 -> 11 | BH6: 2445 | BI6: 2445 | BJ6: =BI6-BH6 -> 0 | BK6: 72027 | BL6: 72052 | BM6: =BL6-BK6 -> 25 | BN6: 23268 | BO6: 23272 | BP6: =BO6-BN6 -> 4 | BQ6: 12412 | BR6: 12413 | BS6: =BR6-BQ6 -> 1 | BT6: 17237 | BU6: 17243 | BV6: =BU6-BT6 -> 6 | BW6: 19513 | BX6: 19519 | BY6: =BX6-BW6 -> 6 | BZ6: 8436 | CA6: 8440 | CB6: =CA6-BZ6 -> 4 | CC6: 18440 | CD6: 18456 | CE6: =CD6-CC6 -> 16 | CF6: 1858 | CG6: 1860 | CH6: =CG6-CF6 -> 2 | CI6: 9639 | CJ6: 9639 | CK6: =CJ6-CI6 -> 0
A7: 2 | B7: =C6 -> 12489 | C7: 12563 | D7: =C7-B7 -> 74 | F7: 2 | G7: =H6 -> 8680 | H7: 8775 | I7: =H7-G7 -> 95 | K7: 2 | L7: =M6 -> 751124 | M7: 751336 | N7: =M7-L7 -> 212 | P7: 2 | Q7: =R6 -> 207568 | R7: 207577 | S7: =R7-Q7 -> 9 | U7: 2 | V7: =SUM(S7+N7+I7+D7) -> 390 | W7: ='Maldives at LG Daily'!I6 -> 23 | Z7: 2 | AA7: =AB6 -> 37526 | AB7: 37543 | AC7: =AB7-AA7 -> 17 | AD7: =AE6 -> 8047 | AE7: 8052 | AF7: =AE7-AD7 -> 5 | AG7: =AH6 -> 5896 | AH7: 5903 | AI7: =AH7-AG7 -> 7 | AJ7: =AK6 -> 14234 | AK7: 14245 | AL7: =AK7-AJ7 -> 11 | AM7: =AN6 -> 32057 | AN7: 32063 | AO7: =AN7-AM7 -> 6 | AP7: =AQ6 -> 6195 | AQ7: 6200 | AR7: =AQ7-AP7 -> 5 | AS7: =AT6 -> 22235 | AT7: 22245 | AU7: =AT7-AS7 -> 10 | AV7: =AW6 -> 6303 | AW7: 6312 | AX7: =AW7-AV7 -> 9 | AY7: =AZ6 -> 3390 | AZ7: 3391 | BA7: =AZ7-AY7 -> 1 | BB7: =BC6 -> 1531 | BC7: 1532 | BD7: =BC7-BB7 -> 1 | BE7: =BF6 -> 26680 | BF7: 26681 | BG7: =BF7-BE7 -> 1 | BH7: =BI6 -> 2445 | BI7: 2448 | BJ7: =BI7-BH7 -> 3 | BK7: =BL6 -> 72052 | BL7: 72075 | BM7: =BL7-BK7 -> 23 | BN7: =BO6 -> 23272 | BO7: 23276 | BP7: =BO7-BN7 -> 4 | BQ7: =BR6 -> 12413 | BR7: 12414 | BS7: =BR7-BQ7 -> 1 | BT7: =BU6 -> 17243 | BU7: 17251 | BV7: =BU7-BT7 -> 8 | BW7: =BX6 -> 19519 | BX7: 19523 | BY7: =BX7-BW7 -> 4 | BZ7: =CA6 -> 8440 | CA7: 8442 | CB7: =CA7-BZ7 -> 2 | CC7: =CD6 -> 18456 | CD7: 18472 | CE7: =CD7-CC7 -> 16 | CF7: =CG6 -> 1860 | CG7: 1860 | CH7: =CG7-CF7 -> 0 | CI7: =CJ6 -> 9639 | CJ7: 9645 | CK7: =CJ7-CI7 -> 6
A8: 3 | B8: =C7 -> 12563 | C8: 12564 | D8: =C8-B8 -> 1 | F8: 3 | G8: =H7 -> 8775 | H8: 8847 | I8: =H8-G8 -> 72 | K8: 3 | L8: =M7 -> 751336 | M8: 751599 | N8: =M8-L8 -> 263 | P8: 3 | Q8: =R7 -> 207577 | R8: 207670 | S8: =R8-Q8 -> 93 | U8: 3 | V8: =SUM(S8+N8+I8+D8) -> 429 | W8: ='Maldives at LG Daily'!I7 -> 26 | Z8: 3 | AA8: =AB7 -> 37543 | AB8: 37561 | AC8: =AB8-AA8 -> 18 | AD8: =AE7 -> 8052 | AE8: 8058 | AF8: =AE8-AD8 -> 6 | AG8: =AH7 -> 5903 | AH8: 5912 | AI8: =AH8-AG8 -> 9 | AJ8: =AK7 -> 14245 | AK8: 14255 | AL8: =AK8-AJ8 -> 10 | AM8: =AN7 -> 32063 | AN8: 32069 | AO8: =AN8-AM8 -> 6 | AP8: =AQ7 -> 6200 | AQ8: 6206 | AR8: =AQ8-AP8 -> 6 | AS8: =AT7 -> 22245 | AT8: 22256 | AU8: =AT8-AS8 -> 11 | AV8: =AW7 -> 6312 | AW8: 6322 | AX8: =AW8-AV8 -> 10 | AY8: =AZ7 -> 3391 | AZ8: 3392 | BA8: =AZ8-AY8 -> 1 | BB8: =BC7 -> 1532 | BC8: 1532 | BD8: =BC8-BB8 -> 0 | BE8: =BF7 -> 26681 | BF8: 26682 | BG8: =BF8-BE8 -> 1 | BH8: =BI7 -> 2448 | BI8: 2453 | BJ8: =BI8-BH8 -> 5 | BK8: =BL7 -> 72075 | BL8: 72099 | BM8: =BL8-BK8 -> 24 | BN8: =BO7 -> 23276 | BO8: 23281 | BP8: =BO8-BN8 -> 5 | BQ8: =BR7 -> 12414 | BR8: 12415 | BS8: =BR8-BQ8 -> 1 | BT8: =BU7 -> 17251 | BU8: 17258 | BV8: =BU8-BT8 -> 7 | BW8: =BX7 -> 19523 | BX8: 19528 | BY8: =BX8-BW8 -> 5 | BZ8: =CA7 -> 8442 | CA8: 8444 | CB8: =CA8-BZ8 -> 2 | CC8: =CD7 -> 18472 | CD8: 18487 | CE8: =CD8-CC8 -> 15 | CF8: =CG7 -> 1860 | CG8: 1861 | CH8: =CG8-CF8 -> 1 | CI8: =CJ7 -> 9645 | CJ8: 9646 | CK8: =CJ8-CI8 -> 1
A9: 4 | B9: =C8 -> 12564 | C9: 12659 | D9: =C9-B9 -> 95 | F9: 4 | G9: =H8 -> 8847 | H9: 8932 | I9: =H9-G9 -> 85 | K9: 4 | L9: =M8 -> 751599 | M9: 751835 | N9: =M9-L9 -> 236 | P9: 4 | Q9: =R8 -> 207670 | R9: 207670 | S9: =R9-Q9 -> 0 | U9: 4 | V9: =SUM(S9+N9+I9+D9) -> 416 | W9: ='Maldives at LG Daily'!I8 -> 33 | Z9: 4 | AA9: =AB8 -> 37561 | AB9: 37584 | AC9: =AB9-AA9 -> 23 | AD9: =AE8 -> 8058 | AE9: 8062 | AF9: =AE9-AD9 -> 4 | AG9: =AH8 -> 5912 | AH9: 5918 | AI9: =AH9-AG9 -> 6 | AJ9: =AK8 -> 14255 | AK9: 14266 | AL9: =AK9-AJ9 -> 11 | AM9: =AN8 -> 32069 | AN9: 32075 | AO9: =AN9-AM9 -> 6 | AP9: =AQ8 -> 6206 | AQ9: 6211 | AR9: =AQ9-AP9 -> 5 | AS9: =AT8 -> 22256 | AT9: 22267 | AU9: =AT9-AS9 -> 11 | AV9: =AW8 -> 6322 | AW9: 6333 | AX9: =AW9-AV9 -> 11 | AY9: =AZ8 -> 3392 | AZ9: 3394 | BA9: =AZ9-AY9 -> 2 | BB9: =BC8 -> 1532 | BC9: 1534 | BD9: =BC9-BB9 -> 2 | BE9: =BF8 -> 26682 | BF9: 26685 | BG9: =BF9-BE9 -> 3 | BH9: =BI8 -> 2453 | BI9: 2454 | BJ9: =BI9-BH9 -> 1 | BK9: =BL8 -> 72099 | BL9: 72121 | BM9: =BL9-BK9 -> 22 | BN9: =BO8 -> 23281 | BO9: 23281 | BP9: =BO9-BN9 -> 0 | BQ9: =BR8 -> 12415 | BR9: 12416 | BS9: =BR9-BQ9 -> 1 | BT9: =BU8 -> 17258 | BU9: 17263 | BV9: =BU9-BT9 -> 5 | BW9: =BX8 -> 19528 | BX9: 19528 | BY9: =BX9-BW9 -> 0 | BZ9: =CA8 -> 8444 | CA9: 8447 | CB9: =CA9-BZ9 -> 3 | CC9: =CD8 -> 18487 | CD9: 18487 | CE9: =CD9-CC9 -> 0 | CF9: =CG8 -> 1861 | CG9: 1863 | CH9: =CG9-CF9 -> 2 | CI9: =CJ8 -> 9646 | CJ9: 9647 | CK9: =CJ9-CI9 -> 1
A10: 5 | B10: =C9 -> 12659 | C10: 12659 | D10: =C10-B10 -> 0 | F10: 5 | G10: =H9 -> 8932 | H10: 9038 | I10: =H10-G10 -> 106 | K10: 5 | L10: =M9 -> 751835 | M10: 752017 | N10: =M10-L10 -> 182 | P10: 5 | Q10: =R9 -> 207670 | R10: 207769 | S10: =R10-Q10 -> 99 | U10: 5 | V10: =SUM(S10+N10+I10+D10) -> 387 | W10: ='Maldives at LG Daily'!I9 -> 30 | Z10: 5 | AA10: =AB9 -> 37584 | AB10: 37602 | AC10: =AB10-AA10 -> 18 | AD10: =AE9 -> 8062 | AE10: 8066 | AF10: =AE10-AD10 -> 4 | AG10: =AH9 -> 5918 | AH10: 5925 | AI10: =AH10-AG10 -> 7 | AJ10: =AK9 -> 14266 | AK10: 14276 | AL10: =AK10-AJ10 -> 10 | AM10: =AN9 -> 32075 | AN10: 32080 | AO10: =AN10-AM10 -> 5 | AP10: =AQ9 -> 6211 | AQ10: 6216 | AR10: =AQ10-AP10 -> 5 | AS10: =AT9 -> 22267 | AT10: 22277 | AU10: =AT10-AS10 -> 10 | AV10: =AW9 -> 6333 | AW10: 6342 | AX10: =AW10-AV10 -> 9 | AY10: =AZ9 -> 3394 | AZ10: 3396 | BA10: =AZ10-AY10 -> 2 | BB10: =BC9 -> 1534 | BC10: 1534 | BD10: =BC10-BB10 -> 0 | BE10: =BF9 -> 26685 | BF10: 26690 | BG10: =BF10-BE10 -> 5 | BH10: =BI9 -> 2454 | BI10: 2455 | BJ10: =BI10-BH10 -> 1 | BK10: =BL9 -> 72121 | BL10: 72147 | BM10: =BL10-BK10 -> 26 | BN10: =BO9 -> 23281 | BO10: 23284 | BP10: =BO10-BN10 -> 3 | BQ10: =BR9 -> 12416 | BR10: 12417 | BS10: =BR10-BQ10 -> 1 | BT10: =BU9 -> 17263 | BU10: 17269 | BV10: =BU10-BT10 -> 6 | BW10: =BX9 -> 19528 | BX10: 19533 | BY10: =BX10-BW10 -> 5 | BZ10: =CA9 -> 8447 | CA10: 8449 | CB10: =CA10-BZ10 -> 2 | CC10: =CD9 -> 18487 | CD10: 18487 | CE10: =CD10-CC10 -> 0 | CF10: =CG9 -> 1863 | CG10: 1865 | CH10: =CG10-CF10 -> 2 | CI10: =CJ9 -> 9647 | CJ10: 9649 | CK10: =CJ10-CI10 -> 2
A11: 6 | B11: =C10 -> 12659 | C11: 12728 | D11: =C11-B11 -> 69 | F11: 6 | G11: =H10 -> 9038 | H11: 9153 | I11: =H11-G11 -> 115 | K11: 6 | L11: =M10 -> 752017 | M11: 752242 | N11: =M11-L11 -> 225 | P11: 6 | Q11: =R10 -> 207769 | R11: 207769 | S11: =R11-Q11 -> 0 | U11: 6 | V11: =SUM(S11+N11+I11+D11) -> 409 | W11: ='Maldives at LG Daily'!I10 -> 33 | Z11: 6 | AA11: =AB10 -> 37602 | AB11: 37624 | AC11: =AB11-AA11 -> 22 | AD11: =AE10 -> 8066 | AE11: 8071 | AF11: =AE11-AD11 -> 5 | AG11: =AH10 -> 5925 | AH11: 5932 | AI11: =AH11-AG11 -> 7 | AJ11: =AK10 -> 14276 | AK11: 14287 | AL11: =AK11-AJ11 -> 11 | AM11: =AN10 -> 32080 | AN11: 32086 | AO11: =AN11-AM11 -> 6 | AP11: =AQ10 -> 6216 | AQ11: 6221 | AR11: =AQ11-AP11 -> 5 | AS11: =AT10 -> 22277 | AT11: 22287 | AU11: =AT11-AS11 -> 10 | AV11: =AW10 -> 6342 | AW11: 6351 | AX11: =AW11-AV11 -> 9 | AY11: =AZ10 -> 3396 | AZ11: 3397 | BA11: =AZ11-AY11 -> 1 | BB11: =BC10 -> 1534 | BC11: 1534 | BD11: =BC11-BB11 -> 0 | BE11: =BF10 -> 26690 | BF11: 26693 | BG11: =BF11-BE11 -> 3 | BH11: =BI10 -> 2455 | BI11: 2458 | BJ11: =BI11-BH11 -> 3 | BK11: =BL10 -> 72147 | BL11: 72173 | BM11: =BL11-BK11 -> 26 | BN11: =BO10 -> 23284 | BO11: 23287 | BP11: =BO11-BN11 -> 3 | BQ11: =BR10 -> 12417 | BR11: 12418 | BS11: =BR11-BQ11 -> 1 | BT11: =BU10 -> 17269 | BU11: 17271 | BV11: =BU11-BT11 -> 2 | BW11: =BX10 -> 19533 | BX11: 19536 | BY11: =BX11-BW11 -> 3 | BZ11: =CA10 -> 8449 | CA11: 8451 | CB11: =CA11-BZ11 -> 2 | CC11: =CD10 -> 18487 | CD11: 18530 | CE11: =CD11-CC11 -> 43 | CF11: =CG10 -> 1865 | CG11: 1866 | CH11: =CG11-CF11 -> 1 | CI11: =CJ10 -> 9649 | CJ11: 9650 | CK11: =CJ11-CI11 -> 1
A12: 7 | B12: =C11 -> 12728 | C12: 12728 | D12: =C12-B12 -> 0 | F12: 7 | G12: =H11 -> 9153 | H12: 9203 | I12: =H12-G12 -> 50 | K12: 7 | L12: =M11 -> 752242 | M12: 752456 | N12: =M12-L12 -> 214 | P12: 7 | Q12: =R11 -> 207769 | R12: 207833 | S12: =R12-Q12 -> 64 | U12: 7 | V12: =SUM(S12+N12+I12+D12) -> 328 | W12: ='Maldives at LG Daily'!I11 -> 36 | Z12: 7 | AA12: =AB11 -> 37624 | AB12: 37644 | AC12: =AB12-AA12 -> 20 | AD12: =AE11 -> 8071 | AE12: 8076 | AF12: =AE12-AD12 -> 5 | AG12: =AH11 -> 5932 | AH12: 5939 | AI12: =AH12-AG12 -> 7 | AJ12: =AK11 -> 14287 | AK12: 14297 | AL12: =AK12-AJ12 -> 10 | AM12: =AN11 -> 32086 | AN12: 32091 | AO12: =AN12-AM12 -> 5 | AP12: =AQ11 -> 6221 | AQ12: 6227 | AR12: =AQ12-AP12 -> 6 | AS12: =AT11 -> 22287 | AT12: 22297 | AU12: =AT12-AS12 -> 10 | AV12: =AW11 -> 6351 | AW12: 6361 | AX12: =AW12-AV12 -> 10 | AY12: =AZ11 -> 3397 | AZ12: 3399 | BA12: =AZ12-AY12 -> 2 | BB12: =BC11 -> 1534 | BC12: 1534 | BD12: =BC12-BB12 -> 0 | BE12: =BF11 -> 26693 | BF12: 26694 | BG12: =BF12-BE12 -> 1 | BH12: =BI11 -> 2458 | BI12: 2460 | BJ12: =BI12-BH12 -> 2 | BK12: =BL11 -> 72173 | BL12: 72201 | BM12: =BL12-BK12 -> 28 | BN12: =BO11 -> 23287 | BO12: 23289 | BP12: =BO12-BN12 -> 2 | BQ12: =BR11 -> 12418 | BR12: 12418 | BS12: =BR12-BQ12 -> 0 | BT12: =BU11 -> 17271 | BU12: 17274 | BV12: =BU12-BT12 -> 3 | BW12: =BX11 -> 19536 | BX12: 19538 | BY12: =BX12-BW12 -> 2 | BZ12: =CA11 -> 8451 | CA12: 8452 | CB12: =CA12-BZ12 -> 1 | CC12: =CD11 -> 18530 | CD12: 18548 | CE12: =CD12-CC12 -> 18 | CF12: =CG11 -> 1866 | CG12: 1869 | CH12: =CG12-CF12 -> 3 | CI12: =CJ11 -> 9650 | CJ12: 9651 | CK12: =CJ12-CI12 -> 1
A13: 8 | B13: =C12 -> 12728 | C13: 12831 | D13: =C13-B13 -> 103 | F13: 8 | G13: =H12 -> 9203 | H13: 9276 | I13: =H13-G13 -> 73 | K13: 8 | L13: =M12 -> 752456 | M13: 752678 | N13: =M13-L13 -> 222 | P13: 8 | Q13: =R12 -> 207833 | R13: 207833 | S13: =R13-Q13 -> 0 | U13: 8 | V13: =SUM(S13+N13+I13+D13) -> 398 | W13: ='Maldives at LG Daily'!I12 -> 45 | Z13: 8 | AA13: =AB12 -> 37644 | AB13: 37667 | AC13: =AB13-AA13 -> 23 | AD13: =AE12 -> 8076 | AE13: 8081 | AF13: =AE13-AD13 -> 5 | AG13: =AH12 -> 5939 | AH13: 5947 | AI13: =AH13-AG13 -> 8 | AJ13: =AK12 -> 14297 | AK13: 14307 | AL13: =AK13-AJ13 -> 10 | AM13: =AN12 -> 32091 | AN13: 32098 | AO13: =AN13-AM13 -> 7 | AP13: =AQ12 -> 6227 | AQ13: 6232 | AR13: =AQ13-AP13 -> 5 | AS13: =AT12 -> 22297 | AT13: 22308 | AU13: =AT13-AS13 -> 11 | AV13: =AW12 -> 6361 | AW13: 6371 | AX13: =AW13-AV13 -> 10 | AY13: =AZ12 -> 3399 | AZ13: 3400 | BA13: =AZ13-AY13 -> 1 | BB13: =BC12 -> 1534 | BC13: 1534 | BD13: =BC13-BB13 -> 0 | BE13: =BF12 -> 26694 | BF13: 26697 | BG13: =BF13-BE13 -> 3 | BH13: =BI12 -> 2460 | BI13: 2460 | BJ13: =BI13-BH13 -> 0 | BK13: =BL12 -> 72201 | BL13: 72229 | BM13: =BL13-BK13 -> 28 | BN13: =BO12 -> 23289 | BO13: 23298 | BP13: =BO13-BN13 -> 9 | BQ13: =BR12 -> 12418 | BR13: 12419 | BS13: =BR13-BQ13 -> 1 | BT13: =BU12 -> 17274 | BU13: 17275 | BV13: =BU13-BT13 -> 1 | BW13: =BX12 -> 19538 | BX13: 19539 | BY13: =BX13-BW13 -> 1 | BZ13: =CA12 -> 8452 | CA13: 8454 | CB13: =CA13-BZ13 -> 2 | CC13: =CD12 -> 18548 | CD13: 18566 | CE13: =CD13-CC13 -> 18 | CF13: =CG12 -> 1869 | CG13: 1870 | CH13: =CG13-CF13 -> 1 | CI13: =CJ12 -> 9651 | CJ13: 9652 | CK13: =CJ13-CI13 -> 1
A14: 9 | B14: =C13 -> 12831 | C14: 12831 | D14: =C14-B14 -> 0 | F14: 9 | G14: =H13 -> 9276 | H14: 9354 | I14: =H14-G14 -> 78 | K14: 9 | L14: =M13 -> 752678 | M14: 752864 | N14: =M14-L14 -> 186 | P14: 9 | Q14: =R13 -> 207833 | R14: 207933 | S14: =R14-Q14 -> 100 | U14: 9 | V14: =SUM(S14+N14+I14+D14) -> 364 | W14: ='Maldives at LG Daily'!I13 -> 41 | Z14: 9 | AA14: =AB13 -> 37667 | AB14: 37692 | AC14: =AB14-AA14 -> 25 | AD14: =AE13 -> 8081 | AE14: 8085 | AF14: =AE14-AD14 -> 4 | AG14: =AH13 -> 5947 | AH14: 5950 | AI14: =AH14-AG14 -> 3 | AJ14: =AK13 -> 14307 | AK14: 14313 | AL14: =AK14-AJ14 -> 6 | AM14: =AN13 -> 32098 | AN14: 32105 | AO14: =AN14-AM14 -> 7 | AP14: =AQ13 -> 6232 | AQ14: 6237 | AR14: =AQ14-AP14 -> 5 | AS14: =AT13 -> 22308 | AT14: 22318 | AU14: =AT14-AS14 -> 10 | AV14: 6380 | AW14: 6388 | AX14: =AW14-AV14 -> 8 | AY14: =AZ13 -> 3400 | AZ14: 3402 | BA14: =AZ14-AY14 -> 2 | BB14: =BC13 -> 1534 | BC14: 1535 | BD14: =BC14-BB14 -> 1 | BE14: =BF13 -> 26697 | BF14: 26698 | BG14: =BF14-BE14 -> 1 | BH14: =BI13 -> 2460 | BI14: 2462 | BJ14: =BI14-BH14 -> 2 | BK14: =BL13 -> 72229 | BL14: 72257 | BM14: =BL14-BK14 -> 28 | BN14: =BO13 -> 23298 | BO14: 23301 | BP14: =BO14-BN14 -> 3 | BQ14: =BR13 -> 12419 | BR14: 12419 | BS14: =BR14-BQ14 -> 0 | BT14: 17279 | BU14: 17283 | BV14: =BU14-BT14 -> 4 | BW14: =BX13 -> 19539 | BX14: 19541 | BY14: =BX14-BW14 -> 2 | BZ14: =CA13 -> 8454 | CA14: 8457 | CB14: =CA14-BZ14 -> 3 | CC14: =CD13 -> 18566 | CD14: 18584 | CE14: =CD14-CC14 -> 18 | CF14: =CG13 -> 1870 | CG14: 1871 | CH14: =CG14-CF14 -> 1 | CI14: =CJ13 -> 9652 | CJ14: 9654 | CK14: =CJ14-CI14 -> 2
A15: 10 | B15: =C14 -> 12831 | C15: 12864 | D15: =C15-B15 -> 33 | F15: 10 | G15: =H14 -> 9354 | H15: 9453 | I15: =H15-G15 -> 99 | K15: 10 | L15: =M14 -> 752864 | M15: 753063 | N15: =M15-L15 -> 199 | P15: 10 | Q15: =R14 -> 207933 | R15: 207964 | S15: =R15-Q15 -> 31 | U15: 10 | V15: =SUM(S15+N15+I15+D15) -> 362 | W15: ='Maldives at LG Daily'!I14 -> 37 | Z15: 10 | AA15: =AB14 -> 37692 | AB15: 37718 | AC15: =AB15-AA15 -> 26 | AD15: =AE14 -> 8085 | AE15: 8091 | AF15: =AE15-AD15 -> 6 | AG15: =AH14 -> 5950 | AH15: 5958 | AI15: =AH15-AG15 -> 8 | AJ15: =AK14 -> 14313 | AK15: 14321 | AL15: =AK15-AJ15 -> 8 | AM15: =AN14 -> 32105 | AN15: 32111 | AO15: =AN15-AM15 -> 6 | AP15: =AQ14 -> 6237 | AQ15: 6242 | AR15: =AQ15-AP15 -> 5 | AS15: =AT14 -> 22318 | AT15: 22327 | AU15: =AT15-AS15 -> 9 | AV15: =AW14 -> 6388 | AW15: 6388 | AX15: =AW15-AV15 -> 0 | AY15: =AZ14 -> 3402 | AZ15: 3404 | BA15: =AZ15-AY15 -> 2 | BB15: =BC14 -> 1535 | BC15: 1535 | BD15: =BC15-BB15 -> 0 | BE15: =BF14 -> 26698 | BF15: 26701 | BG15: =BF15-BE15 -> 3 | BH15: =BI14 -> 2462 | BI15: 2464 | BJ15: =BI15-BH15 -> 2 | BK15: =BL14 -> 72257 | BL15: 72284 | BM15: =BL15-BK15 -> 27 | BN15: =BO14 -> 23301 | BO15: 23304 | BP15: 0 | BQ15: =BR14 -> 12419 | BR15: 12420 | BS15: =BR15-BQ15 -> 1 | BT15: =BU14 -> 17283 | BU15: 17283 | BV15: =BU15-BT15 -> 0 | BW15: =BX14 -> 19541 | BX15: 19544 | BY15: =BX15-BW15 -> 3 | BZ15: =CA14 -> 8457 | CA15: 8459 | CB15: =CA15-BZ15 -> 2 | CC15: =CD14 -> 18584 | CD15: 18602 | CE15: =CD15-CC15 -> 18 | CF15: =CG14 -> 1871 | CG15: 1873 | CH15: =CG15-CF15 -> 2 | CI15: =CJ14 -> 9654 | CJ15: 9655 | CK15: =CJ15-CI15 -> 1
A16: 11 | B16: =C15 -> 12864 | C16: 12936 | D16: =C16-B16 -> 72 | F16: 11 | G16: =H15 -> 9453 | H16: 9558 | I16: =H16-G16 -> 105 | K16: 11 | L16: =M15 -> 753063 | M16: 753268 | N16: =M16-L16 -> 205 | P16: 11 | Q16: =R15 -> 207964 | R16: 207987 | S16: =R16-Q16 -> 23 | U16: 11 | V16: =SUM(S16+N16+I16+D16) -> 405 | W16: ='Maldives at LG Daily'!I15 -> 36 | Z16: 11 | AA16: =AB15 -> 37718 | AB16: 37742 | AC16: =AB16-AA16 -> 24 | AD16: =AE15 -> 8091 | AE16: 8095 | AF16: =AE16-AD16 -> 4 | AG16: =AH15 -> 5958 | AH16: 5969 | AI16: =AH16-AG16 -> 11 | AJ16: =AK15 -> 14321 | AK16: 14336 | AL16: =AK16-AJ16 -> 15 | AM16: =AN15 -> 32111 | AN16: 32116 | AO16: =AN16-AM16 -> 5 | AP16: =AQ15 -> 6242 | AQ16: 6249 | AR16: =AQ16-AP16 -> 7 | AS16: =AT15 -> 22327 | AT16: 22338 | AU16: =AT16-AS16 -> 11 | AV16: =AW15 -> 6388 | AW16: 6398 | AX16: =AW16-AV16 -> 10 | AY16: =AZ15 -> 3404 | AZ16: 3405 | BA16: =AZ16-AY16 -> 1 | BB16: =BC15 -> 1535 | BC16: 1535 | BD16: =BC16-BB16 -> 0 | BE16: =BF15 -> 26701 | BF16: 26703 | BG16: =BF16-BE16 -> 2 | BH16: =BI15 -> 2464 | BI16: 2468 | BJ16: =BI16-BH16 -> 4 | BK16: =BL15 -> 72284 | BL16: 72312 | BM16: =BL16-BK16 -> 28 | BN16: =BO15 -> 23304 | BO16: 23307 | BP16: =BO16-BN16 -> 3 | BQ16: =BR15 -> 12420 | BR16: 12421 | BS16: =BR16-BQ16 -> 1 | BT16: =BU15 -> 17283 | BU16: 17290 | BV16: =BU16-BT16 -> 7 | BW16: =BX15 -> 19544 | BX16: 19547 | BY16: =BX16-BW16 -> 3 | BZ16: =CA15 -> 8459 | CA16: 8461 | CB16: =CA16-BZ16 -> 2 | CC16: =CD15 -> 18602 | CD16: 18619 | CE16: =CD16-CC16 -> 17 | CF16: =CG15 -> 1873 | CG16: 1875 | CH16: =CG16-CF16 -> 2 | CI16: =CJ15 -> 9655 | CJ16: 9656 | CK16: =CJ16-CI16 -> 1
A17: 12 | B17: =C16 -> 12936 | C17: 12937 | D17: =C17-B17 -> 1 | F17: 12 | G17: =H16 -> 9558 | H17: 9642 | I17: =H17-G17 -> 84 | K17: 12 | L17: =M16 -> 753268 | M17: 753502 | N17: =M17-L17 -> 234 | P17: 12 | Q17: =R16 -> 207987 | R17: 208083 | S17: =R17-Q17 -> 96 | U17: 12 | V17: =SUM(S17+N17+I17+D17) -> 415 | W17: ='Maldives at LG Daily'!I16 -> 0 | Z17: 12 | AA17: =AB16 -> 37742 | AB17: 37767 | AC17: =AB17-AA17 -> 25 | AD17: =AE16 -> 8095 | AE17: 8101 | AF17: =AE17-AD17 -> 6 | AG17: =AH16 -> 5969 | AH17: 5977 | AI17: =AH17-AG17 -> 8 | AJ17: =AK16 -> 14336 | AK17: 14346 | AL17: =AK17-AJ17 -> 10 | AM17: =AN16 -> 32116 | AN17: 32122 | AO17: =AN17-AM17 -> 6 | AP17: =AQ16 -> 6249 | AQ17: 6255 | AR17: =AQ17-AP17 -> 6 | AS17: =AT16 -> 22338 | AT17: 22346 | AU17: =AT17-AS17 -> 8 | AV17: =AW16 -> 6398 | AW17: 6407 | AX17: =AW17-AV17 -> 9 | AY17: =AZ16 -> 3405 | AZ17: 3407 | BA17: =AZ17-AY17 -> 2 | BB17: =BC16 -> 1535 | BC17: 1535 | BD17: =BC17-BB17 -> 0 | BE17: =BF16 -> 26703 | BF17: 26706 | BG17: =BF17-BE17 -> 3 | BH17: =BI16 -> 2468 | BI17: 2470 | BJ17: =BI17-BH17 -> 2 | BK17: =BL16 -> 72312 | BL17: 72341 | BM17: =BL17-BK17 -> 29 | BN17: =BO16 -> 23307 | BO17: 23310 | BP17: =BO17-BN17 -> 3 | BQ17: =BR16 -> 12421 | BR17: 12425 | BS17: =BR17-BQ17 -> 4 | BT17: =BU16 -> 17290 | BU17: 17295 | BV17: =BU17-BT17 -> 5 | BW17: =BX16 -> 19547 | BX17: 19550 | BY17: =BX17-BW17 -> 3 | BZ17: =CA16 -> 8461 | CA17: 8464 | CB17: =CA17-BZ17 -> 3 | CC17: =CD16 -> 18619 | CD17: 18634 | CE17: =CD17-CC17 -> 15 | CF17: =CG16 -> 1875 | CG17: 1878 | CH17: =CG17-CF17 -> 3 | CI17: =CJ16 -> 9656 | CJ17: 9658 | CK17: =CJ17-CI17 -> 2
A18: 13 | B18: =C17 -> 12937 | C18: 12966 | D18: =C18-B18 -> 29 | F18: 13 | G18: =H17 -> 9642 | H18: 9725 | I18: =H18-G18 -> 83 | K18: 13 | L18: =M17 -> 753502 | M18: 753736 | N18: =M18-L18 -> 234 | P18: 13 | Q18: =R17 -> 208083 | R18: 208143 | S18: =R18-Q18 -> 60 | U18: 13 | V18: =SUM(S18+N18+I18+D18) -> 406 | W18: ='Maldives at LG Daily'!I17 -> 0 | Z18: 13 | AA18: =AB17 -> 37767 | AC18: =AB18-AA18 -> -37767 | AD18: =AE17 -> 8101 | AF18: =AE18-AD18 -> -8101 | AG18: =AH17 -> 5977 | AI18: =AH18-AG18 -> -5977 | AJ18: =AK17 -> 14346 | AL18: =AK18-AJ18 -> -14346 | AM18: =AN17 -> 32122 | AO18: =AN18-AM18 -> -32122 | AP18: =AQ17 -> 6255 | AR18: =AQ18-AP18 -> -6255 | AS18: =AT17 -> 22346 | AU18: =AT18-AS18 -> -22346 | AV18: =AW17 -> 6407 | AX18: =AW18-AV18 -> -6407 | AY18: =AZ17 -> 3407 | BA18: =AZ18-AY18 -> -3407 | BB18: =BC17 -> 1535 | BD18: =BC18-BB18 -> -1535 | BE18: =BF17 -> 26706 | BG18: =BF18-BE18 -> -26706 | BH18: =BI17 -> 2470 | BJ18: =BI18-BH18 -> -2470 | BK18: =BL17 -> 72341 | BM18: =BL18-BK18 -> -72341 | BN18: =BO17 -> 23310 | BP18: =BO18-BN18 -> -23310 | BQ18: =BR17 -> 12425 | BS18: =BR18-BQ18 -> -12425 | BT18: =BU17 -> 17295 | BV18: =BU18-BT18 -> -17295 | BW18: =BX17 -> 19550 | BY18: =BX18-BW18 -> -19550 | BZ18: =CA17 -> 8464 | CB18: =CA18-BZ18 -> -8464 | CC18: =CD17 -> 18634 | CE18: =CD18-CC18 -> -18634 | CF18: =CG17 -> 1878 | CH18: =CG18-CF18 -> -1878 | CI18: =CJ17 -> 9658 | CK18: =CJ18-CI18 -> -9658
A19: 14 | B19: =C18 -> 12966 | D19: =C19-B19 -> -12966 | F19: 14 | G19: =H18 -> 9725 | I19: =H19-G19 -> -9725 | K19: 14 | L19: =M18 -> 753736 | N19: =M19-L19 -> -753736 | P19: 14 | Q19: =R18 -> 208143 | S19: =R19-Q19 -> -208143 | U19: 14 | V19: =SUM(S19+N19+I19+D19) -> -984570 | W19: ='Maldives at LG Daily'!I18 -> 0 | Z19: 14 | AA19: =AB18 -> 0 | AC19: =AB19-AA19 -> 0 | AD19: =AE18 -> 0 | AF19: =AE19-AD19 -> 0 | AG19: =AH18 -> 0 | AI19: =AH19-AG19 -> 0 | AJ19: =AK18 -> 0 | AL19: =AK19-AJ19 -> 0 | AM19: =AN18 -> 0 | AO19: =AN19-AM19 -> 0 | AP19: =AQ18 -> 0 | AR19: =AQ19-AP19 -> 0 | AS19: =AT18 -> 0 | AU19: =AT19-AS19 -> 0 | AV19: =AW18 -> 0 | AX19: =AW19-AV19 -> 0 | AY19: =AZ18 -> 0 | BA19: =AZ19-AY19 -> 0 | BB19: =BC18 -> 0 | BD19: =BC19-BB19 -> 0 | BE19: =BF18 -> 0 | BG19: =BF19-BE19 -> 0 | BH19: =BI18 -> 0 | BJ19: =BI19-BH19 -> 0 | BK19: =BL18 -> 0 | BM19: =BL19-BK19 -> 0 | BN19: =BO18 -> 0 | BP19: =BO19-BN19 -> 0 | BQ19: =BR18 -> 0 | BS19: =BR19-BQ19 -> 0 | BT19: =BU18 -> 0 | BV19: =BU19-BT19 -> 0 | BW19: =BX18 -> 0 | BY19: =BX19-BW19 -> 0 | BZ19: =CA18 -> 0 | CB19: =CA19-BZ19 -> 0 | CC19: =CD18 -> 0 | CE19: =CD19-CC19 -> 0 | CF19: =CG18 -> 0 | CH19: =CG19-CF19 -> 0 | CI19: =CJ18 -> 0 | CK19: =CJ19-CI19 -> 0
A20: 15 | B20: =C19 -> 0 | D20: =C20-B20 -> 0 | F20: 15 | G20: =H19 -> 0 | I20: =H20-G20 -> 0 | K20: 15 | L20: =M19 -> 0 | N20: =M20-L20 -> 0 | P20: 15 | Q20: =R19 -> 0 | S20: =R20-Q20 -> 0 | U20: 15 | V20: =SUM(S20+N20+I20+D20) -> 0 | W20: ='Maldives at LG Daily'!I19 -> 0 | Z20: 15 | AA20: =AB19 -> 0 | AC20: =AB20-AA20 -> 0 | AD20: =AE19 -> 0 | AF20: =AE20-AD20 -> 0 | AG20: =AH19 -> 0 | AI20: =AH20-AG20 -> 0 | AJ20: =AK19 -> 0 | AL20: =AK20-AJ20 -> 0 | AM20: =AN19 -> 0 | AO20: =AN20-AM20 -> 0 | AP20: =AQ19 -> 0 | AR20: =AQ20-AP20 -> 0 | AS20: =AT19 -> 0 | AU20: =AT20-AS20 -> 0 | AV20: =AW19 -> 0 | AX20: =AW20-AV20 -> 0 | AY20: =AZ19 -> 0 | BA20: =AZ20-AY20 -> 0 | BB20: =BC19 -> 0 | BD20: =BC20-BB20 -> 0 | BE20: =BF19 -> 0 | BG20: =BF20-BE20 -> 0 | BH20: =BI19 -> 0 | BJ20: =BI20-BH20 -> 0 | BK20: =BL19 -> 0 | BM20: =BL20-BK20 -> 0 | BN20: =BO19 -> 0 | BP20: =BO20-BN20 -> 0 | BQ20: =BR19 -> 0 | BS20: =BR20-BQ20 -> 0 | BT20: =BU19 -> 0 | BV20: =BU20-BT20 -> 0 | BW20: =BX19 -> 0 | BY20: =BX20-BW20 -> 0 | BZ20: =CA19 -> 0 | CB20: =CA20-BZ20 -> 0 | CC20: =CD19 -> 0 | CE20: =CD20-CC20 -> 0 | CF20: =CG19 -> 0 | CH20: =CG20-CF20 -> 0 | CI20: =CJ19 -> 0 | CK20: =CJ20-CI20 -> 0
A21: 16 | B21: =C20 -> 0 | D21: =C21-B21 -> 0 | F21: 16 | G21: =H20 -> 0 | I21: =H21-G21 -> 0 | K21: 16 | L21: =M20 -> 0 | N21: =M21-L21 -> 0 | P21: 16 | Q21: =R20 -> 0 | S21: =R21-Q21 -> 0 | U21: 16 | V21: =SUM(S21+N21+I21+D21) -> 0 | W21: ='Maldives at LG Daily'!I20 -> 0 | Z21: 16 | AA21: =AB20 -> 0 | AC21: =AB21-AA21 -> 0 | AD21: =AE20 -> 0 | AF21: =AE21-AD21 -> 0 | AG21: =AH20 -> 0 | AI21: =AH21-AG21 -> 0 | AJ21: =AK20 -> 0 | AL21: =AK21-AJ21 -> 0 | AM21: =AN20 -> 0 | AO21: =AN21-AM21 -> 0 | AP21: =AQ20 -> 0 | AR21: =AQ21-AP21 -> 0 | AS21: =AT20 -> 0 | AU21: =AT21-AS21 -> 0 | AV21: =AW20 -> 0 | AX21: =AW21-AV21 -> 0 | AY21: =AZ20 -> 0 | BA21: =AZ21-AY21 -> 0 | BB21: =BC20 -> 0 | BD21: =BC21-BB21 -> 0 | BE21: =BF20 -> 0 | BG21: =BF21-BE21 -> 0 | BH21: =BI20 -> 0 | BJ21: =BI21-BH21 -> 0 | BK21: =BL20 -> 0 | BM21: =BL21-BK21 -> 0 | BN21: =BO20 -> 0 | BP21: =BO21-BN21 -> 0 | BQ21: =BR20 -> 0 | BS21: =BR21-BQ21 -> 0 | BT21: =BU20 -> 0 | BV21: =BU21-BT21 -> 0 | BW21: =BX20 -> 0 | BY21: =BX21-BW21 -> 0 | BZ21: =CA20 -> 0 | CB21: =CA21-BZ21 -> 0 | CC21: =CD20 -> 0 | CE21: =CD21-CC21 -> 0 | CF21: =CG20 -> 0 | CH21: =CG21-CF21 -> 0 | CI21: =CJ20 -> 0 | CK21: =CJ21-CI21 -> 0
A22: 17 | B22: =C21 -> 0 | D22: =C22-B22 -> 0 | F22: 17 | G22: =H21 -> 0 | I22: =H22-G22 -> 0 | K22: 17 | L22: =M21 -> 0 | N22: =M22-L22 -> 0 | P22: 17 | Q22: =R21 -> 0 | S22: =R22-Q22 -> 0 | U22: 17 | V22: =SUM(S22+N22+I22+D22) -> 0 | W22: ='Maldives at LG Daily'!I21 -> 0 | Z22: 17 | AA22: =AB21 -> 0 | AC22: =AB22-AA22 -> 0 | AD22: =AE21 -> 0 | AF22: =AE22-AD22 -> 0 | AG22: =AH21 -> 0 | AI22: =AH22-AG22 -> 0 | AJ22: =AK21 -> 0 | AL22: =AK22-AJ22 -> 0 | AM22: =AN21 -> 0 | AO22: =AN22-AM22 -> 0 | AP22: =AQ21 -> 0 | AR22: =AQ22-AP22 -> 0 | AS22: =AT21 -> 0 | AU22: =AT22-AS22 -> 0 | AV22: =AW21 -> 0 | AX22: =AW22-AV22 -> 0 | AY22: =AZ21 -> 0 | BA22: =AZ22-AY22 -> 0 | BB22: =BC21 -> 0 | BD22: =BC22-BB22 -> 0 | BE22: =BF21 -> 0 | BG22: =BF22-BE22 -> 0 | BH22: =BI21 -> 0 | BJ22: =BI22-BH22 -> 0 | BK22: =BL21 -> 0 | BM22: =BL22-BK22 -> 0 | BN22: =BO21 -> 0 | BP22: =BO22-BN22 -> 0 | BQ22: =BR21 -> 0 | BS22: =BR22-BQ22 -> 0 | BT22: =BU21 -> 0 | BV22: =BU22-BT22 -> 0 | BW22: =BX21 -> 0 | BY22: =BX22-BW22 -> 0 | BZ22: =CA21 -> 0 | CB22: =CA22-BZ22 -> 0 | CC22: =CD21 -> 0 | CE22: =CD22-CC22 -> 0 | CF22: =CG21 -> 0 | CH22: =CG22-CF22 -> 0 | CI22: =CJ21 -> 0 | CK22: =CJ22-CI22 -> 0
A23: 18 | B23: =C22 -> 0 | D23: =C23-B23 -> 0 | F23: 18 | G23: =H22 -> 0 | I23: =H23-G23 -> 0 | K23: 18 | L23: =M22 -> 0 | N23: =M23-L23 -> 0 | P23: 18 | Q23: =R22 -> 0 | S23: =R23-Q23 -> 0 | U23: 18 | V23: =SUM(S23+N23+I23+D23) -> 0 | W23: ='Maldives at LG Daily'!I22 -> 0 | Z23: 18 | AA23: =AB22 -> 0 | AC23: =AB23-AA23 -> 0 | AD23: =AE22 -> 0 | AF23: =AE23-AD23 -> 0 | AG23: =AH22 -> 0 | AI23: =AH23-AG23 -> 0 | AJ23: =AK22 -> 0 | AL23: =AK23-AJ23 -> 0 | AM23: =AN22 -> 0 | AO23: =AN23-AM23 -> 0 | AP23: =AQ22 -> 0 | AR23: =AQ23-AP23 -> 0 | AS23: =AT22 -> 0 | AU23: =AT23-AS23 -> 0 | AV23: =AW22 -> 0 | AX23: =AW23-AV23 -> 0 | AY23: =AZ22 -> 0 | BA23: =AZ23-AY23 -> 0 | BB23: =BC22 -> 0 | BD23: =BC23-BB23 -> 0 | BE23: =BF22 -> 0 | BG23: =BF23-BE23 -> 0 | BH23: =BI22 -> 0 | BJ23: =BI23-BH23 -> 0 | BK23: =BL22 -> 0 | BM23: =BL23-BK23 -> 0 | BN23: =BO22 -> 0 | BP23: =BO23-BN23 -> 0 | BQ23: =BR22 -> 0 | BS23: =BR23-BQ23 -> 0 | BT23: =BU22 -> 0 | BV23: =BU23-BT23 -> 0 | BW23: =BX22 -> 0 | BY23: =BX23-BW23 -> 0 | BZ23: =CA22 -> 0 | CB23: =CA23-BZ23 -> 0 | CC23: =CD22 -> 0 | CE23: =CD23-CC23 -> 0 | CF23: =CG22 -> 0 | CH23: =CG23-CF23 -> 0 | CI23: =CJ22 -> 0 | CK23: =CJ23-CI23 -> 0
A24: 19 | B24: =C23 -> 0 | D24: =C24-B24 -> 0 | F24: 19 | G24: =H23 -> 0 | I24: =H24-G24 -> 0 | K24: 19 | L24: =M23 -> 0 | N24: =M24-L24 -> 0 | P24: 19 | Q24: =R23 -> 0 | S24: =R24-Q24 -> 0 | U24: 19 | V24: =SUM(S24+N24+I24+D24) -> 0 | W24: ='Maldives at LG Daily'!I23 -> 0 | Z24: 19 | AA24: =AB23 -> 0 | AC24: =AB24-AA24 -> 0 | AD24: =AE23 -> 0 | AF24: =AE24-AD24 -> 0 | AG24: =AH23 -> 0 | AI24: =AH24-AG24 -> 0 | AJ24: =AK23 -> 0 | AL24: =AK24-AJ24 -> 0 | AM24: =AN23 -> 0 | AO24: =AN24-AM24 -> 0 | AP24: =AQ23 -> 0 | AR24: =AQ24-AP24 -> 0 | AS24: =AT23 -> 0 | AU24: =AT24-AS24 -> 0 | AV24: =AW23 -> 0 | AX24: =AW24-AV24 -> 0 | AY24: =AZ23 -> 0 | BA24: =AZ24-AY24 -> 0 | BB24: =BC23 -> 0 | BD24: =BC24-BB24 -> 0 | BE24: =BF23 -> 0 | BG24: =BF24-BE24 -> 0 | BH24: =BI23 -> 0 | BJ24: =BI24-BH24 -> 0 | BK24: =BL23 -> 0 | BM24: =BL24-BK24 -> 0 | BN24: =BO23 -> 0 | BP24: =BO24-BN24 -> 0 | BQ24: =BR23 -> 0 | BS24: =BR24-BQ24 -> 0 | BT24: =BU23 -> 0 | BV24: =BU24-BT24 -> 0 | BW24: =BX23 -> 0 | BY24: =BX24-BW24 -> 0 | BZ24: =CA23 -> 0 | CB24: =CA24-BZ24 -> 0 | CC24: =CD23 -> 0 | CE24: =CD24-CC24 -> 0 | CF24: =CG23 -> 0 | CH24: =CG24-CF24 -> 0 | CI24: =CJ23 -> 0 | CK24: =CJ24-CI24 -> 0
A25: 20 | B25: =C24 -> 0 | D25: =C25-B25 -> 0 | F25: 20 | G25: =H24 -> 0 | I25: =H25-G25 -> 0 | K25: 20 | L25: =M24 -> 0 | N25: =M25-L25 -> 0 | P25: 20 | Q25: =R24 -> 0 | S25: =R25-Q25 -> 0 | U25: 20 | V25: =SUM(S25+N25+I25+D25) -> 0 | W25: ='Maldives at LG Daily'!I24 -> 0 | Z25: 20 | AA25: =AB24 -> 0 | AC25: =AB25-AA25 -> 0 | AD25: =AE24 -> 0 | AF25: =AE25-AD25 -> 0 | AG25: =AH24 -> 0 | AI25: =AH25-AG25 -> 0 | AJ25: =AK24 -> 0 | AL25: =AK25-AJ25 -> 0 | AM25: =AN24 -> 0 | AO25: =AN25-AM25 -> 0 | AP25: =AQ24 -> 0 | AR25: =AQ25-AP25 -> 0 | AS25: =AT24 -> 0 | AU25: =AT25-AS25 -> 0 | AV25: =AW24 -> 0 | AX25: =AW25-AV25 -> 0 | AY25: =AZ24 -> 0 | BA25: =AZ25-AY25 -> 0 | BB25: =BC24 -> 0 | BD25: =BC25-BB25 -> 0 | BE25: =BF24 -> 0 | BG25: =BF25-BE25 -> 0 | BH25: =BI24 -> 0 | BJ25: =BI25-BH25 -> 0 | BK25: =BL24 -> 0 | BM25: =BL25-BK25 -> 0 | BN25: =BO24 -> 0 | BP25: =BO25-BN25 -> 0 | BQ25: =BR24 -> 0 | BS25: =BR25-BQ25 -> 0 | BT25: =BU24 -> 0 | BV25: =BU25-BT25 -> 0 | BW25: =BX24 -> 0 | BY25: =BX25-BW25 -> 0 | BZ25: =CA24 -> 0 | CB25: =CA25-BZ25 -> 0 | CC25: =CD24 -> 0 | CE25: =CD25-CC25 -> 0 | CF25: =CG24 -> 0 | CH25: =CG25-CF25 -> 0 | CI25: =CJ24 -> 0 | CK25: =CJ25-CI25 -> 0
A26: 21 | B26: =C25 -> 0 | D26: =C26-B26 -> 0 | F26: 21 | G26: =H25 -> 0 | I26: =H26-G26 -> 0 | K26: 21 | L26: =M25 -> 0 | N26: =M26-L26 -> 0 | P26: 21 | Q26: =R25 -> 0 | S26: =R26-Q26 -> 0 | U26: 21 | V26: =SUM(S26+N26+I26+D26) -> 0 | W26: ='Maldives at LG Daily'!I25 -> 0 | Z26: 21 | AA26: =AB25 -> 0 | AC26: =AB26-AA26 -> 0 | AD26: =AE25 -> 0 | AF26: =AE26-AD26 -> 0 | AG26: =AH25 -> 0 | AI26: =AH26-AG26 -> 0 | AJ26: =AK25 -> 0 | AL26: =AK26-AJ26 -> 0 | AM26: =AN25 -> 0 | AO26: =AN26-AM26 -> 0 | AP26: =AQ25 -> 0 | AR26: =AQ26-AP26 -> 0 | AS26: =AT25 -> 0 | AU26: =AT26-AS26 -> 0 | AV26: =AW25 -> 0 | AX26: =AW26-AV26 -> 0 | AY26: =AZ25 -> 0 | BA26: =AZ26-AY26 -> 0 | BB26: =BC25 -> 0 | BD26: =BC26-BB26 -> 0 | BE26: =BF25 -> 0 | BG26: =BF26-BE26 -> 0 | BH26: =BI25 -> 0 | BJ26: =BI26-BH26 -> 0 | BK26: =BL25 -> 0 | BM26: =BL26-BK26 -> 0 | BN26: =BO25 -> 0 | BP26: =BO26-BN26 -> 0 | BQ26: =BR25 -> 0 | BS26: =BR26-BQ26 -> 0 | BT26: =BU25 -> 0 | BV26: =BU26-BT26 -> 0 | BW26: =BX25 -> 0 | BY26: =BX26-BW26 -> 0 | BZ26: =CA25 -> 0 | CB26: =CA26-BZ26 -> 0 | CC26: =CD25 -> 0 | CE26: =CD26-CC26 -> 0 | CF26: =CG25 -> 0 | CH26: =CG26-CF26 -> 0 | CI26: =CJ25 -> 0 | CK26: =CJ26-CI26 -> 0
A27: 22 | B27: =C26 -> 0 | D27: =C27-B27 -> 0 | F27: 22 | G27: =H26 -> 0 | I27: =H27-G27 -> 0 | K27: 22 | L27: =M26 -> 0 | N27: =M27-L27 -> 0 | P27: 22 | Q27: =R26 -> 0 | S27: =R27-Q27 -> 0 | U27: 22 | V27: =SUM(S27+N27+I27+D27) -> 0 | W27: ='Maldives at LG Daily'!I26 -> 0 | Z27: 22 | AA27: =AB26 -> 0 | AC27: =AB27-AA27 -> 0 | AD27: =AE26 -> 0 | AF27: =AE27-AD27 -> 0 | AG27: =AH26 -> 0 | AI27: =AH27-AG27 -> 0 | AJ27: =AK26 -> 0 | AL27: =AK27-AJ27 -> 0 | AM27: =AN26 -> 0 | AO27: =AN27-AM27 -> 0 | AP27: =AQ26 -> 0 | AR27: =AQ27-AP27 -> 0 | AS27: =AT26 -> 0 | AU27: =AT27-AS27 -> 0 | AV27: =AW26 -> 0 | AX27: =AW27-AV27 -> 0 | AY27: =AZ26 -> 0 | BA27: =AZ27-AY27 -> 0 | BB27: =BC26 -> 0 | BD27: =BC27-BB27 -> 0 | BE27: =BF26 -> 0 | BG27: =BF27-BE27 -> 0 | BH27: =BI26 -> 0 | BJ27: =BI27-BH27 -> 0 | BK27: =BL26 -> 0 | BM27: =BL27-BK27 -> 0 | BN27: =BO26 -> 0 | BP27: =BO27-BN27 -> 0 | BQ27: =BR26 -> 0 | BS27: =BR27-BQ27 -> 0 | BT27: =BU26 -> 0 | BV27: =BU27-BT27 -> 0 | BW27: =BX26 -> 0 | BY27: =BX27-BW27 -> 0 | BZ27: =CA26 -> 0 | CB27: =CA27-BZ27 -> 0 | CC27: =CD26 -> 0 | CE27: =CD27-CC27 -> 0 | CF27: =CG26 -> 0 | CH27: =CG27-CF27 -> 0 | CI27: =CJ26 -> 0 | CK27: =CJ27-CI27 -> 0
A28: 23 | B28: =C27 -> 0 | D28: =C28-B28 -> 0 | F28: 23 | G28: =H27 -> 0 | I28: =H28-G28 -> 0 | K28: 23 | L28: =M27 -> 0 | N28: =M28-L28 -> 0 | P28: 23 | Q28: =R27 -> 0 | S28: =R28-Q28 -> 0 | U28: 23 | V28: =SUM(S28+N28+I28+D28) -> 0 | W28: ='Maldives at LG Daily'!I27 -> 0 | Z28: 23 | AA28: =AB27 -> 0 | AC28: =AB28-AA28 -> 0 | AD28: =AE27 -> 0 | AF28: =AE28-AD28 -> 0 | AG28: =AH27 -> 0 | AI28: =AH28-AG28 -> 0 | AJ28: =AK27 -> 0 | AL28: =AK28-AJ28 -> 0 | AM28: =AN27 -> 0 | AO28: =AN28-AM28 -> 0 | AP28: =AQ27 -> 0 | AR28: =AQ28-AP28 -> 0 | AS28: =AT27 -> 0 | AU28: =AT28-AS28 -> 0 | AV28: =AW27 -> 0 | AX28: =AW28-AV28 -> 0 | AY28: =AZ27 -> 0 | BA28: =AZ28-AY28 -> 0 | BB28: =BC27 -> 0 | BD28: =BC28-BB28 -> 0 | BE28: =BF27 -> 0 | BG28: =BF28-BE28 -> 0 | BH28: =BI27 -> 0 | BJ28: =BI28-BH28 -> 0 | BK28: =BL27 -> 0 | BM28: =BL28-BK28 -> 0 | BN28: =BO27 -> 0 | BP28: =BO28-BN28 -> 0 | BQ28: =BR27 -> 0 | BS28: =BR28-BQ28 -> 0 | BT28: =BU27 -> 0 | BV28: =BU28-BT28 -> 0 | BW28: =BX27 -> 0 | BY28: =BX28-BW28 -> 0 | BZ28: =CA27 -> 0 | CB28: =CA28-BZ28 -> 0 | CC28: =CD27 -> 0 | CE28: =CD28-CC28 -> 0 | CF28: =CG27 -> 0 | CH28: =CG28-CF28 -> 0 | CI28: =CJ27 -> 0 | CK28: =CJ28-CI28 -> 0
A29: 24 | B29: =C28 -> 0 | D29: =C29-B29 -> 0 | F29: 24 | G29: =H28 -> 0 | I29: =H29-G29 -> 0 | K29: 24 | L29: =M28 -> 0 | N29: =M29-L29 -> 0 | P29: 24 | Q29: =R28 -> 0 | S29: =R29-Q29 -> 0 | U29: 24 | V29: =SUM(S29+N29+I29+D29) -> 0 | W29: ='Maldives at LG Daily'!I28 -> 0 | Z29: 24 | AA29: =AB28 -> 0 | AC29: =AB29-AA29 -> 0 | AD29: =AE28 -> 0 | AF29: =AE29-AD29 -> 0 | AG29: =AH28 -> 0 | AI29: =AH29-AG29 -> 0 | AJ29: =AK28 -> 0 | AL29: =AK29-AJ29 -> 0 | AM29: =AN28 -> 0 | AO29: =AN29-AM29 -> 0 | AP29: =AQ28 -> 0 | AR29: =AQ29-AP29 -> 0 | AS29: =AT28 -> 0 | AU29: =AT29-AS29 -> 0 | AV29: =AW28 -> 0 | AX29: =AW29-AV29 -> 0 | AY29: =AZ28 -> 0 | BA29: =AZ29-AY29 -> 0 | BB29: =BC28 -> 0 | BD29: =BC29-BB29 -> 0 | BE29: =BF28 -> 0 | BG29: =BF29-BE29 -> 0 | BH29: =BI28 -> 0 | BJ29: =BI29-BH29 -> 0 | BK29: =BL28 -> 0 | BM29: =BL29-BK29 -> 0 | BN29: =BO28 -> 0 | BP29: =BO29-BN29 -> 0 | BQ29: =BR28 -> 0 | BS29: =BR29-BQ29 -> 0 | BT29: =BU28 -> 0 | BV29: =BU29-BT29 -> 0 | BW29: =BX28 -> 0 | BY29: =BX29-BW29 -> 0 | BZ29: =CA28 -> 0 | CB29: =CA29-BZ29 -> 0 | CC29: =CD28 -> 0 | CE29: =CD29-CC29 -> 0 | CF29: =CG28 -> 0 | CH29: =CG29-CF29 -> 0 | CI29: =CJ28 -> 0 | CK29: =CJ29-CI29 -> 0
A30: 25 | B30: =C29 -> 0 | D30: =C30-B30 -> 0 | F30: 25 | G30: =H29 -> 0 | I30: =H30-G30 -> 0 | K30: 25 | L30: =M29 -> 0 | N30: =M30-L30 -> 0 | P30: 25 | Q30: =R29 -> 0 | S30: =R30-Q30 -> 0 | U30: 25 | V30: =SUM(S30+N30+I30+D30) -> 0 | W30: ='Maldives at LG Daily'!I29 -> 0 | Z30: 25 | AA30: =AB29 -> 0 | AC30: =AB30-AA30 -> 0 | AD30: =AE29 -> 0 | AF30: =AE30-AD30 -> 0 | AG30: =AH29 -> 0 | AI30: =AH30-AG30 -> 0 | AJ30: =AK29 -> 0 | AL30: =AK30-AJ30 -> 0 | AM30: =AN29 -> 0 | AO30: =AN30-AM30 -> 0 | AP30: =AQ29 -> 0 | AR30: =AQ30-AP30 -> 0 | AS30: =AT29 -> 0 | AU30: =AT30-AS30 -> 0 | AV30: =AW29 -> 0 | AX30: =AW30-AV30 -> 0 | AY30: =AZ29 -> 0 | BA30: =AZ30-AY30 -> 0 | BB30: =BC29 -> 0 | BD30: =BC30-BB30 -> 0 | BE30: =BF29 -> 0 | BG30: =BF30-BE30 -> 0 | BH30: =BI29 -> 0 | BJ30: =BI30-BH30 -> 0 | BK30: =BL29 -> 0 | BM30: =BL30-BK30 -> 0 | BN30: =BO29 -> 0 | BP30: =BO30-BN30 -> 0 | BQ30: =BR29 -> 0 | BS30: =BR30-BQ30 -> 0 | BT30: =BU29 -> 0 | BV30: =BU30-BT30 -> 0 | BW30: =BX29 -> 0 | BY30: =BX30-BW30 -> 0 | BZ30: =CA29 -> 0 | CB30: =CA30-BZ30 -> 0 | CC30: =CD29 -> 0 | CE30: =CD30-CC30 -> 0 | CF30: =CG29 -> 0 | CH30: =CG30-CF30 -> 0 | CI30: =CJ29 -> 0 | CK30: =CJ30-CI30 -> 0
... A36: 31 | B36: =C35 -> 0 | D36: =C36-B36 -> 0 | F36: 31 | G36: =H35 -> 0 | I36: =H36-G36 -> 0 | K36: 31 | L36: =M35 -> 0 | N36: =M36-L36 -> 0 | P36: 31 | Q36: =R35 -> 0 | S36: =R36-Q36 -> 0 | U36: 31 | V36: =SUM(S36+N36+I36+D36) -> 0 | W36: ='Maldives at LG Daily'!I35 -> 0 | Z36: 31 | AA36: =AB35 -> 0 | AC36: =AB36-AA36 -> 0 | AD36: =AE35 -> 0 | AF36: =AE36-AD36 -> 0 | AG36: =AH35 -> 0 | AI36: =AH36-AG36 -> 0 | AJ36: =AK35 -> 0 | AL36: =AK36-AJ36 -> 0 | AM36: =AN35 -> 0 | AO36: =AN36-AM36 -> 0 | AP36: =AQ35 -> 0 | AR36: =AQ36-AP36 -> 0 | AS36: =AT35 -> 0 | AU36: =AT36-AS36 -> 0 | AV36: =AW35 -> 0 | AX36: =AW36-AV36 -> 0 | AY36: =AZ35 -> 0 | BA36: =AZ36-AY36 -> 0 | BB36: =BC35 -> 0 | BD36: =BC36-BB36 -> 0 | BE36: =BF35 -> 0 | BG36: =BF36-BE36 -> 0 | BH36: =BI35 -> 0 | BJ36: =BI36-BH36 -> 0 | BK36: =BL35 -> 0 | BM36: =BL36-BK36 -> 0 | BN36: =BO35 -> 0 | BP36: =BO36-BN36 -> 0 | BQ36: =BR35 -> 0 | BS36: =BR36-BQ36 -> 0 | BT36: =BU35 -> 0 | BV36: =BU36-BT36 -> 0 | BW36: =BX35 -> 0 | BY36: =BX36-BW36 -> 0 | BZ36: =CA35 -> 0 | CB36: =CA36-BZ36 -> 0 | CC36: =CD35 -> 0 | CE36: =CD36-CC36 -> 0 | CF36: =CG35 -> 0 | CH36: =CG36-CF36 -> 0 | CI36: =CJ35 -> 0 | CK36: =CJ36-CI36 -> 0
A37: Total | D37: =SUM(D6:D36) -> -12433 | F37: Total | I37: =SUM(I6:I36) -> -8622 | K37: Total | N37: =SUM(N6:N36) -> -750885 | P37: Total | S37: =SUM(S6:S36) -> -207546 | W37: =SUM(W6:W36) -> 358
W38: =W37/31 -> 11.548387

Sheet Gas-2
A2: GAS CONSUMPTION / CYLINDERS
A3: Month: | B3: 44410
A4: DAY | B4: Blu Kitchen & Tiki Torch | C4: Albarakath Kitchen & Tiki Torch | D4: Fuego Tiki Torch | E4: Main Kitchen | F4: Total | G4: Total Consumption | H4: Occupancy
A5: 44409
A6: 1 | B6: 1 | C6: 1 | D6: 1 | E6: 2 | F6: =SUM(B6:E6) -> 5 | G6: =F6*45 -> 225 | H6: =WATER!W6 -> 18
A7: 2 | B7: 1 | C7: 0 | D7: 1 | E7: 2 | F7: =SUM(B7:E7) -> 4 | G7: =F7*45 -> 180 | H7: =WATER!W7 -> 23
A8: 3 | B8: 2 | C8: 1 | D8: 1 | E8: 2 | F8: =SUM(B8:E8) -> 6 | G8: =F8*45 -> 270 | H8: =WATER!W8 -> 26
A9: 4 | B9: 1 | C9: 0 | D9: 1 | E9: 2 | F9: =SUM(B9:E9) -> 4 | G9: =F9*45 -> 180 | H9: =WATER!W9 -> 33
A10: 5 | B10: 2 | C10: 1 | D10: 1 | E10: 2 | F10: =SUM(B10:E10) -> 6 | G10: =F10*45 -> 270 | H10: =WATER!W10 -> 30
A11: 6 | B11: 2 | C11: 0 | D11: 1 | E11: 2 | F11: =SUM(B11:E11) -> 5 | G11: =F11*45 -> 225 | H11: =WATER!W11 -> 33
A12: 7 | B12: 1 | C12: 0 | D12: 1 | E12: 3 | F12: =SUM(B12:E12) -> 5 | G12: =F12*45 -> 225 | H12: =WATER!W12 -> 36
A13: 8 | B13: 1 | C13: 1 | D13: 1 | E13: 2 | F13: =SUM(B13:E13) -> 5 | G13: =F13*45 -> 225 | H13: =WATER!W13 -> 45
A14: 9 | B14: 1 | C14: 0 | D14: 1 | E14: 3 | F14: =SUM(B14:E14) -> 5 | G14: =F14*45 -> 225 | H14: =WATER!W14 -> 41
A15: 10 | B15: 2 | C15: 1 | D15: 1 | E15: 2 | F15: =SUM(B15:E15) -> 6 | G15: =F15*45 -> 270 | H15: =WATER!W15 -> 37
A16: 11 | B16: 2 | C16: 0 | D16: 1 | E16: 3 | F16: =SUM(B16:E16) -> 6 | G16: =F16*45 -> 270 | H16: =WATER!W16 -> 36
A17: 12 | B17: 1 | C17: 1 | D17: 1 | F17: =SUM(B17:E17) -> 3 | G17: =F17*45 -> 135 | H17: =WATER!W17 -> 0
A18: 13 | F18: =SUM(B18:E18) -> 0 | G18: =F18*45 -> 0 | H18: =WATER!W18 -> 0
A19: 14 | F19: =SUM(B19:E19) -> 0 | G19: =F19*45 -> 0 | H19: =WATER!W19 -> 0
A20: 15 | F20: =SUM(B20:E20) -> 0 | G20: =F20*45 -> 0 | H20: =WATER!W20 -> 0
A21: 16 | F21: =SUM(B21:E21) -> 0 | G21: =F21*45 -> 0 | H21: =WATER!W21 -> 0
A22: 17 | F22: =SUM(B22:E22) -> 0 | G22: =F22*45 -> 0 | H22: =WATER!W22 -> 0
A23: 18 | F23: =SUM(B23:E23) -> 0 | G23: =F23*45 -> 0 | H23: =WATER!W23 -> 0
A24: 19 | F24: =SUM(B24:E24) -> 0 | G24: =F24*45 -> 0 | H24: =WATER!W24 -> 0
A25: 20 | F25: =SUM(B25:E25) -> 0 | G25: =F25*45 -> 0 | H25: =WATER!W25 -> 0
A26: 21 | F26: =SUM(B26:E26) -> 0 | G26: =F26*45 -> 0 | H26: =WATER!W26 -> 0
A27: 22 | F27: =SUM(B27:E27) -> 0 | G27: =F27*45 -> 0 | H27: =WATER!W27 -> 0
A28: 23 | F28: =SUM(B28:E28) -> 0 | G28: =F28*45 -> 0 | H28: =WATER!W28 -> 0
A29: 24 | F29: =SUM(B29:E29) -> 0 | G29: =F29*45 -> 0 | H29: =WATER!W29 -> 0
... A36: 31 | F36: =SUM(B36:E36) -> 0 | G36: =F36*45 -> 0 | H36: =WATER!W36 -> 0
A37: Total | E37: =SUM(E6:E36) -> 25 | F37: =SUM(F6:F36) -> 60 | G37: =SUM(G6:G36) -> 2700 | H37: =SUM(H6:H36)/30 -> 11.933333

Sheet KWH Summary
B1: 44256
B3: Total KW Production
B4: Day | C4: Genset 1 | D4: Genset 2 | E4: Genset 3 | F4: Genset 4 | G4: Genset 5 | H4: Total
B5: 1 | C5: ='GENSET #1'!D10 -> 1761 | D5: ='GENSET #2'!D10 -> 11274 | E5: ='GENSET #3'!D10 -> 8516 | F5: ='GENSET #4'!D10 -> 0 | G5: ='GENSET #5'!D10 -> 4193 | H5: =SUM(C5:G5) -> 25744
B6: 2 | C6: ='GENSET #1'!D11 -> 6870 | D6: ='GENSET #2'!D11 -> 6306 | E6: ='GENSET #3'!D11 -> 3506 | F6: ='GENSET #4'!D11 -> 3027 | G6: ='GENSET #5'!D11 -> 6897 | H6: =SUM(C6:G6) -> 26606
B7: 3 | C7: ='GENSET #1'!D12 -> 7563 | D7: ='GENSET #2'!D12 -> 10203 | E7: ='GENSET #3'!D12 -> 1807 | F7: ='GENSET #4'!D12 -> 1989 | G7: ='GENSET #5'!D12 -> 5281 | H7: =SUM(C7:G7) -> 26843
B8: 4 | C8: ='GENSET #1'!D13 -> 2518 | D8: ='GENSET #2'!D13 -> 9801 | E8: ='GENSET #3'!D13 -> 5352 | F8: ='GENSET #4'!D13 -> 3707 | G8: ='GENSET #5'!D13 -> 5907 | H8: =SUM(C8:G8) -> 27285
B9: 5 | C9: ='GENSET #1'!D14 -> 9001 | D9: ='GENSET #2'!D14 -> 9387 | E9: ='GENSET #3'!D14 -> 5819 | F9: ='GENSET #4'!D14 -> 0 | G9: ='GENSET #5'!D14 -> 5298 | H9: =SUM(C9:G9) -> 29505
B10: 6 | C10: ='GENSET #1'!D15 -> 5299 | D10: ='GENSET #2'!D15 -> 7380 | E10: ='GENSET #3'!D15 -> 2274 | F10: ='GENSET #4'!D15 -> 2461 | G10: ='GENSET #5'!D15 -> 7095 | H10: =SUM(C10:G10) -> 24509
B11: 7 | C11: ='GENSET #1'!D16 -> 2310 | D11: ='GENSET #2'!D16 -> 15268 | E11: ='GENSET #3'!D16 -> 6165 | F11: ='GENSET #4'!D16 -> 1301 | G11: ='GENSET #5'!D16 -> 2309 | H11: =SUM(C11:G11) -> 27353
B12: 8 | C12: ='GENSET #1'!D17 -> 6560 | D12: ='GENSET #2'!D17 -> 10506 | E12: ='GENSET #3'!D17 -> 4470 | F12: ='GENSET #4'!D17 -> 1548 | G12: ='GENSET #5'!D17 -> 5043 | H12: =SUM(C12:G12) -> 28127
B13: 9 | C13: ='GENSET #1'!D18 -> 6573 | D13: ='GENSET #2'!D18 -> 10639 | E13: ='GENSET #3'!D18 -> 4617 | F13: ='GENSET #4'!D18 -> 735 | G13: ='GENSET #5'!D18 -> 5154 | H13: =SUM(C13:G13) -> 27718
B14: 10 | C14: ='GENSET #1'!D19 -> 6297 | D14: ='GENSET #2'!D19 -> 6725 | E14: ='GENSET #3'!D19 -> 6427 | F14: ='GENSET #4'!D19 -> 1757 | G14: ='GENSET #5'!D19 -> 7143 | H14: =SUM(C14:G14) -> 28349
B15: 11 | C15: ='GENSET #1'!D20 -> 33 | D15: ='GENSET #2'!D20 -> 15992 | E15: ='GENSET #3'!D20 -> 2045 | F15: ='GENSET #4'!D20 -> 1893 | G15: ='GENSET #5'!D20 -> 8254 | H15: =SUM(C15:G15) -> 28217
B16: 12 | C16: ='GENSET #1'!D21 -> 10293 | D16: ='GENSET #2'!D21 -> 7903 | E16: ='GENSET #3'!D21 -> 6195 | F16: ='GENSET #4'!D21 -> 3213 | G16: ='GENSET #5'!D21 -> 819 | H16: =SUM(C16:G16) -> 28423
... B34: 30 | C34: ='GENSET #1'!D39 -> 0 | D34: ='GENSET #2'!D39 -> 0 | E34: ='GENSET #3'!D39 -> 0 | F34: ='GENSET #4'!D39 -> 0 | G34: ='GENSET #5'!D39 -> 0 | H34: =SUM(C34:G34) -> 0
B35: 31 | C35: ='GENSET #1'!#REF! -> #REF! | D35: ='GENSET #2'!#REF! -> #REF! | E35: ='GENSET #3'!#REF! -> #REF! | F35: ='GENSET #4'!#REF! -> #REF! | G35: ='GENSET #5'!#REF! -> #REF! | H35: =SUM(C35:G35) -> #REF!
A36: TOTAL | C36: =SUM(C5:C35) -> #REF! | D36: =SUM(D5:D35) -> #REF! | E36: =SUM(E5:E35) -> #REF! | F36: =SUM(F5:F35) -> #REF! | G36: =SUM(G5:G35) -> #REF!

Sheet Focus Data
B4: 44256
A7: FS LANDAA GIRAAVARU
A8: Month-Feb- 17 | B8: Electricity (KWh) | C8: Diesel (Ltrs) | D8: Solar Power (KWh) | E8: Gas | F8: Water | G8: Resort Occupancy % | H8: Gen Avg | I8: Total Kwh
A9: 1 | B9: =SUM('GENSET #1:GENSET #5'!D10) -> 25744 | C9: ='Diesel consumption'!D5 -> 7390 | D9: ='SOLAR METER READING'!D9 -> 3215 | E9: ='Gas-2'!G6 -> 225 | F9: =WATER!V6 -> 375 | G9: =WATER!W6 -> 18 | H9: =B9/C9 -> 3.4836265 | I9: =SUM(B9,D9) -> 28959
A10: 2 | B10: =SUM('GENSET #1:GENSET #5'!D11) -> 26606 | C10: ='Diesel consumption'!D6 -> 7010 | D10: ='SOLAR METER READING'!D10 -> 3103 | E10: ='Gas-2'!G7 -> 180 | F10: =WATER!V7 -> 390 | G10: =WATER!W7 -> 23 | H10: =B10/C10 -> 3.7954351 | I10: =SUM(B10,D10) -> 29709
A11: 3 | B11: =SUM('GENSET #1:GENSET #5'!D12) -> 26843 | C11: ='Diesel consumption'!D7 -> 7590 | D11: ='SOLAR METER READING'!D11 -> 3081 | E11: ='Gas-2'!G8 -> 270 | F11: =WATER!V8 -> 429 | G11: =WATER!W8 -> 26 | H11: =B11/C11 -> 3.5366271 | I11: =SUM(B11,D11) -> 29924
A12: 4 | B12: =SUM('GENSET #1:GENSET #5'!D13) -> 27285 | C12: ='Diesel consumption'!D8 -> 7480 | D12: ='SOLAR METER READING'!D12 -> 3158 | E12: ='Gas-2'!G9 -> 180 | F12: =WATER!V9 -> 416 | G12: =WATER!W9 -> 33 | H12: =B12/C12 -> 3.6477273 | I12: =SUM(B12,D12) -> 30443
A13: 5 | B13: =SUM('GENSET #1:GENSET #5'!D14) -> 29505 | C13: ='Diesel consumption'!D9 -> 7780 | D13: ='SOLAR METER READING'!D13 -> 2492 | E13: ='Gas-2'!G10 -> 270 | F13: =WATER!V10 -> 387 | G13: =WATER!W10 -> 30 | H13: =B13/C13 -> 3.7924165 | I13: =SUM(B13,D13) -> 31997
A14: 6 | B14: =SUM('GENSET #1:GENSET #5'!D15) -> 24509 | C14: ='Diesel consumption'!D10 -> 7410 | D14: ='SOLAR METER READING'!D14 -> 1206 | E14: ='Gas-2'!G11 -> 225 | F14: =WATER!V11 -> 409 | G14: =WATER!W11 -> 33 | H14: =B14/C14 -> 3.3075574 | I14: =SUM(B14,D14) -> 25715
A15: 7 | B15: =SUM('GENSET #1:GENSET #5'!D16) -> 27353 | C15: ='Diesel consumption'!D11 -> 7520 | D15: ='SOLAR METER READING'!D15 -> 2441 | E15: ='Gas-2'!G12 -> 225 | F15: =WATER!V12 -> 328 | G15: =WATER!W12 -> 36 | H15: =B15/C15 -> 3.637367 | I15: =SUM(B15,D15) -> 29794
A16: 8 | B16: =SUM('GENSET #1:GENSET #5'!D17) -> 28127 | C16: ='Diesel consumption'!D12 -> 7700 | D16: ='SOLAR METER READING'!D16 -> 1599 | E16: ='Gas-2'!G13 -> 225 | F16: =WATER!V13 -> 398 | G16: =WATER!W13 -> 45 | H16: =B16/C16 -> 3.6528571 | I16: =SUM(B16,D16) -> 29726
A17: 9 | B17: =SUM('GENSET #1:GENSET #5'!D18) -> 27718 | C17: ='Diesel consumption'!D13 -> 7850 | D17: ='SOLAR METER READING'!D17 -> 3321 | E17: ='Gas-2'!G14 -> 225 | F17: =WATER!V14 -> 364 | G17: =WATER!W14 -> 41 | H17: =B17/C17 -> 3.5309554 | I17: =SUM(B17,D17) -> 31039
A18: 10 | B18: =SUM('GENSET #1:GENSET #5'!D19) -> 28349 | C18: ='Diesel consumption'!D14 -> 7650 | D18: ='SOLAR METER READING'!D18 -> 2286 | E18: ='Gas-2'!G15 -> 270 | F18: =WATER!V15 -> 362 | G18: =WATER!W15 -> 37 | H18: =B18/C18 -> 3.7057516 | I18: =SUM(B18,D18) -> 30635
A19: 11 | B19: =SUM('GENSET #1:GENSET #5'!D20) -> 28217 | C19: ='Diesel consumption'!D15 -> 7720 | D19: ='SOLAR METER READING'!D19 -> 2952 | E19: ='Gas-2'!G16 -> 270 | F19: =WATER!V16 -> 405 | G19: =WATER!W16 -> 36 | H19: =B19/C19 -> 3.6550518 | I19: =SUM(B19,D19) -> 31169
A20: 12 | B20: =SUM('GENSET #1:GENSET #5'!D21) -> 28423 | C20: ='Diesel consumption'!D16 -> 8010 | D20: ='SOLAR METER READING'!D20 -> 2946 | E20: ='Gas-2'!G17 -> 135 | F20: =WATER!V17 -> 415 | G20: =WATER!W17 -> 0 | H20: =B20/C20 -> 3.5484395 | I20: =SUM(B20,D20) -> 31369
... A38: 30 | B38: =SUM('GENSET #1:GENSET #5'!D39) -> 0 | C38: ='Diesel consumption'!D34 -> 0 | D38: ='SOLAR METER READING'!D38 -> 0 | E38: ='Gas-2'!G35 -> 0 | F38: =WATER!V35 -> 0 | G38: =WATER!W35 -> 0 | H38: =B38/C38 -> #DIV/0! | I38: =SUM(B38,D38) -> 0
A39: 31 | B39: =SUM('GENSET #1:GENSET #5'!D40) -> 0 | C39: ='Diesel consumption'!#REF! -> #REF! | D39: ='SOLAR METER READING'!#REF! -> #REF! | E39: ='Gas-2'!G36 -> 0 | F39: =WATER!V36 -> 0 | G39: =WATER!W36 -> 0
A40: Total | B40: =SUM(B9:B39) -> -92090395 | C40: =SUM(C9:C39) -> #REF! | D40: =SUM(D9:D39) -> #REF! | E40: =SUM(E9:E39) -> 2700 | F40: =SUM(F9:F39) -> -979486 | I40: =SUM(B40,D40) -> #REF!

Sheet Sheet1
