Workbook

Sheet TOTAL
A1: Site Name | B1: Day | C1: Month | D1: Year | E1: Total Electricity Kwh | F1: Electricity Tariff ($/Kwh) | G1: Natual Gas (m3) | H1: Natural Gas $/m3 | I1: Water Utility Supply (m3) m3 | J1: Water Utility Supply (m3) $/m3 | K1: Room Nights | L1: Total Guests | M1: Utilities day cost dh
A2: Mumbai | B2: 1 | C2: 8 | D2: 2021 | E2: =(IF('Daily HLP'!I4>0,'Daily HLP'!I4,0)) -> 22540.07 | F2: 9 | G2: =(IF('Daily HLP'!M4>0,'Daily HLP'!M4,0)) -> 776 | H2: 52 | I2: =(IF('Daily HLP'!P4>0,'Daily HLP'!P4,0)) -> 243 | J2: 118 | K2: =Occupancy!G2 -> 149 | L2: =Occupancy!F2 -> 519 | M2: =E2*F2+G2*H2+#REF!*#REF!+I2*J2 -> #REF!
A3: Mumbai | B3: =B2+1 -> 2 | C3: 8 | D3: 2021 | E3: =(IF('Daily HLP'!I5>0,'Daily HLP'!I5,0)) -> 21861.68 | F3: 9 | G3: =(IF('Daily HLP'!M5>0,'Daily HLP'!M5,0)) -> 924.25 | H3: 52 | I3: =(IF('Daily HLP'!P5>0,'Daily HLP'!P5,0)) -> 244 | J3: 118 | K3: =Occupancy!G3 -> 136 | L3: =Occupancy!F3 -> 427 | M3: =E3*F3+G3*H3+#REF!*#REF!+I3*J3 -> #REF!
A4: Mumbai | B4: =B3+1 -> 3 | C4: 8 | D4: 2021 | E4: =(IF('Daily HLP'!I6>0,'Daily HLP'!I6,0)) -> 21488.82 | F4: 9 | G4: =(IF('Daily HLP'!M6>0,'Daily HLP'!M6,0)) -> 755.885 | H4: 52 | I4: =(IF('Daily HLP'!P6>0,'Daily HLP'!P6,0)) -> 196 | J4: 118 | K4: =Occupancy!G4 -> 153 | L4: =Occupancy!F4 -> 458 | M4: =E4*F4+G4*H4+#REF!*#REF!+I4*J4 -> #REF!
A5: Mumbai | B5: =B4+1 -> 4 | C5: 8 | D5: 2021 | E5: =(IF('Daily HLP'!I7>0,'Daily HLP'!I7,0)) -> 24881.14 | F5: 9 | G5: =(IF('Daily HLP'!M7>0,'Daily HLP'!M7,0)) -> 889.057 | H5: 52 | I5: =(IF('Daily HLP'!P7>0,'Daily HLP'!P7,0)) -> 191 | J5: 118 | K5: =Occupancy!G5 -> 161 | L5: =Occupancy!F5 -> 632 | M5: =E5*F5+G5*H5+#REF!*#REF!+I5*J5 -> #REF!
A6: Mumbai | B6: =B5+1 -> 5 | C6: 8 | D6: 2021 | E6: =(IF('Daily HLP'!I8>0,'Daily HLP'!I8,0)) -> 23183.28 | F6: 9 | G6: =(IF('Daily HLP'!M8>0,'Daily HLP'!M8,0)) -> 738.088 | H6: 52 | I6: =(IF('Daily HLP'!P8>0,'Daily HLP'!P8,0)) -> 242 | J6: 118 | K6: =Occupancy!G6 -> 182 | L6: =Occupancy!F6 -> 430 | M6: =E6*F6+G6*H6+#REF!*#REF!+I6*J6 -> #REF!
A7: Mumbai | B7: =B6+1 -> 6 | C7: 8 | D7: 2021 | E7: =(IF('Daily HLP'!I9>0,'Daily HLP'!I9,0)) -> 24216.64 | F7: 9 | G7: =(IF('Daily HLP'!M9>0,'Daily HLP'!M9,0)) -> 968.18 | H7: 52 | I7: =(IF('Daily HLP'!P9>0,'Daily HLP'!P9,0)) -> 261 | J7: 118 | K7: =Occupancy!G7 -> 174 | L7: =Occupancy!F7 -> 586 | M7: =E7*F7+G7*H7+#REF!*#REF!+I7*J7 -> #REF!
A8: Mumbai | B8: =B7+1 -> 7 | C8: 8 | D8: 2021 | E8: =(IF('Daily HLP'!I10>0,'Daily HLP'!I10,0)) -> 24405.68 | F8: 9 | G8: =(IF('Daily HLP'!M10>0,'Daily HLP'!M10,0)) -> 860.81 | H8: 52 | I8: =(IF('Daily HLP'!P10>0,'Daily HLP'!P10,0)) -> 225 | J8: 118 | K8: =Occupancy!G8 -> 188 | L8: =Occupancy!F8 -> 526 | M8: =E8*F8+G8*H8+#REF!*#REF!+I8*J8 -> #REF!
A9: Mumbai | B9: =B8+1 -> 8 | C9: 8 | D9: 2021 | E9: =(IF('Daily HLP'!I11>0,'Daily HLP'!I11,0)) -> 22435.69 | F9: 9 | G9: =(IF('Daily HLP'!M11>0,'Daily HLP'!M11,0)) -> 902.73 | H9: 52 | I9: =(IF('Daily HLP'!P11>0,'Daily HLP'!P11,0)) -> 275 | J9: 118 | K9: =Occupancy!G9 -> 145 | L9: =Occupancy!F9 -> 436 | M9: =E9*F9+G9*H9+#REF!*#REF!+I9*J9 -> #REF!
A10: Mumbai | B10: =B9+1 -> 9 | C10: 8 | D10: 2021 | E10: =(IF('Daily HLP'!I12>0,'Daily HLP'!I12,0)) -> 20612 | F10: 9 | G10: =(IF('Daily HLP'!M12>0,'Daily HLP'!M12,0)) -> 764 | H10: 52 | I10: =(IF('Daily HLP'!P12>0,'Daily HLP'!P12,0)) -> 224 | J10: 118 | K10: =Occupancy!G10 -> 110 | L10: =Occupancy!F10 -> 313 | M10: =E10*F10+G10*H10+#REF!*#REF!+I10*J10 -> #REF!
A11: Mumbai | B11: =B10+1 -> 10 | C11: 8 | D11: 2021 | E11: =(IF('Daily HLP'!I13>0,'Daily HLP'!I13,0)) -> 21667 | F11: 9 | G11: =(IF('Daily HLP'!M13>0,'Daily HLP'!M13,0)) -> 907 | H11: 52 | I11: =(IF('Daily HLP'!P13>0,'Daily HLP'!P13,0)) -> 197 | J11: 118 | K11: =Occupancy!G11 -> 159 | L11: =Occupancy!F11 -> 340 | M11: =E11*F11+G11*H11+#REF!*#REF!+I11*J11 -> #REF!
A12: Mumbai | B12: =B11+1 -> 11 | C12: 8 | D12: 2021 | E12: =(IF('Daily HLP'!I14>0,'Daily HLP'!I14,0)) -> 21713 | F12: 9 | G12: =(IF('Daily HLP'!M14>0,'Daily HLP'!M14,0)) -> 826 | H12: 52 | I12: =(IF('Daily HLP'!P14>0,'Daily HLP'!P14,0)) -> 224 | J12: 118 | K12: =Occupancy!G12 -> 170 | L12: =Occupancy!F12 -> 469 | M12: =E12*F12+G12*H12+#REF!*#REF!+I12*J12 -> #REF!
A13: Mumbai | B13: =B12+1 -> 12 | C13: 8 | D13: 2021 | E13: =(IF('Daily HLP'!I15>0,'Daily HLP'!I15,0)) -> 23053 | F13: 9 | G13: =(IF('Daily HLP'!M15>0,'Daily HLP'!M15,0)) -> 930 | H13: 52 | I13: =(IF('Daily HLP'!P15>0,'Daily HLP'!P15,0)) -> 240 | J13: 118 | K13: =Occupancy!G13 -> 171 | L13: =Occupancy!F13 -> 638 | M13: =E13*F13+G13*H13+#REF!*#REF!+I13*J13 -> #REF!
A14: Mumbai | B14: =B13+1 -> 13 | C14: 8 | D14: 2021 | E14: =(IF('Daily HLP'!I16>0,'Daily HLP'!I16,0)) -> 22751 | F14: 9 | G14: =(IF('Daily HLP'!M16>0,'Daily HLP'!M16,0)) -> 901 | H14: 52 | I14: =(IF('Daily HLP'!P16>0,'Daily HLP'!P16,0)) -> 251 | J14: 118 | K14: =Occupancy!G14 -> 160 | L14: =Occupancy!F14 -> 496 | M14: =E14*F14+G14*H14+#REF!*#REF!+I14*J14 -> #REF!
... A31: Mumbai | B31: =B30+1 -> 30 | C31: 8 | D31: 2021 | E31: =(IF('Daily HLP'!I33>0,'Daily HLP'!I33,0)) -> 22284 | F31: 9 | G31: =(IF('Daily HLP'!M33>0,'Daily HLP'!M33,0)) -> 950 | H31: 52 | I31: =(IF('Daily HLP'!P33>0,'Daily HLP'!P33,0)) -> 210 | J31: 118 | K31: =Occupancy!G31 -> 0 | L31: =Occupancy!F31 -> 0 | M31: =E31*F31+G31*H31+#REF!*#REF!+I31*J31 -> #REF!
A32: Mumbai | B32: =B31+1 -> 31 | C32: 8 | D32: 2021 | E32: =(IF('Daily HLP'!I34>0,'Daily HLP'!I34,0)) -> 21500 | F32: 9 | G32: =(IF('Daily HLP'!M34>0,'Daily HLP'!M34,0)) -> 950 | H32: 52 | I32: =(IF('Daily HLP'!P34>0,'Daily HLP'!P34,0)) -> 120 | J32: 118 | K32: =Occupancy!G32 -> 0 | L32: =Occupancy!F32 -> 0

Sheet Submetering
A1: Site Name | B1: Day | C1: Month | D1: Year | E1: ='Section Load'!F4 -> HVAC | F1: ='Section Load'!G4 -> Fire & Emergency PP | G1: ='Section Load'!H4 -> Main PP | H1: ='Section Load'!I4 -> Lighting PP | I1: ='Section Load'!J4 -> CH-1+ CH2+CH3+CH4 | J1: ='Section Load'!K4 -> Chilled water Pump | K1: ='Section Load'!L4 -> Ball Room-1 | L1: ='Section Load'!M4 -> Ball Room-2 | ... AL1: ='Section Load'!AM4 -> Cooling Tower | AM1: R.o.plant | AN1: STP Water Prod | AO1: Domestic Zone-1 | AP1: Domestic Zone-2 | AQ1: Domestic Zone-3 | AR1: Flush Zone -1 | AS1: Flush Zone -2 | AT1: Flush Zone -3 | AU1: Swimming pool | AV1: B2 Laundry | AW1: Boiler Feed Water | AX1: cooling tower filling water | AY1: STP flush(new water meter) | AZ1: Garden Water Pump | BA1: Flush Zone 2 pump meter | BB1: Flush Zone 3 Pump Meter (wtp transfer ) | BC1: Flush Tanker-Zone-1 | BD1: Total Domestic Water (Tanker (R.O) +BMC) | BE1: Total Domestic Consumption | BF1: Total STP Consumption | BG1: ='Section Load'!AN4 -> MGL | BH1: ='Section Load'!AO4 -> HWG | BI1: ='Section Load'!AP4 -> Prato | BJ1: ='Section Load'!AQ4 -> BR-1 | BK1: ='Section Load'!AR4 -> SanQi IND | BL1: ='Section Load'!AS4 -> SanQi JPN | BM1: ='Section Load'!AT4 -> Boiler
A2: Mumbai | B2: 1 | C2: 8 | D2: 2021 | E2: =(IF('Section Load'!F5>0,'Section Load'!F5,0)) -> 3081.67 | F2: =(IF('Section Load'!G5>0,'Section Load'!G5,0)) -> 1651.6 | G2: =(IF('Section Load'!H5>0,'Section Load'!H5,0)) -> 1739.37 | H2: =(IF('Section Load'!I5>0,'Section Load'!I5,0)) -> 3756.58 | I2: =(IF('Section Load'!J5>0,'Section Load'!J5,0)) -> 6395.74 | J2: =(IF('Section Load'!K5>0,'Section Load'!K5,0)) -> 2724.7 | K2: =(IF('Section Load'!L5>0,'Section Load'!L5,0)) -> 1556.47 | L2: =(IF('Section Load'!M5>0,'Section Load'!M5,0)) -> 732.6 | ... AL2: =(IF('Section Load'!AM5>0,'Section Load'!AM5,0)) -> 809 | AM2: =(IF('Water Report'!$D$7>0,'Water Report'!$D$7,0)) -> 135 | AN2: =(IF('Water Report'!$D$8>0,'Water Report'!$D$8,0)) -> 171 | AO2: =(IF('Water Report'!$D$9>0,'Water Report'!$D$9,0)) -> 70 | AP2: =(IF('Water Report'!$D$10>0,'Water Report'!$D$10,0)) -> 34 | AQ2: =(IF('Water Report'!$D$11>0,'Water Report'!$D$11,0)) -> 43 | AR2: =(IF('Water Report'!$D$13>0,'Water Report'!$D$13,0)) -> 6 | AS2: =(IF('Water Report'!$D$14>0,'Water Report'!$D$14,0)) -> 28 | AT2: =(IF('Water Report'!$D$15>0,'Water Report'!$D$15,0)) -> 16 | AU2: =(IF('Water Report'!$D$17>0,'Water Report'!$D$17,0)) -> 0 | AV2: =(IF('Water Report'!$D$18>0,'Water Report'!$D$18,0)) -> 11 | AW2: =(IF('Water Report'!$D$19>0,'Water Report'!$D$19,0)) -> 4 | AX2: =(IF('Water Report'!$D$21>0,'Water Report'!$D$21,0)) -> 71 | AY2: =(IF('Water Report'!$D$22>0,'Water Report'!$D$22,0)) -> 0 | AZ2: =(IF('Water Report'!$D$23>0,'Water Report'!$D$23,0)) -> 0 | BA2: =(IF('Water Report'!$D$14>0,'Water Report'!$D$14,0)) -> 28 | BB2: =(IF('Water Report'!$D$15>0,'Water Report'!$D$15,0)) -> 16 | BC2: =(IF('Water Report'!$D$13>0,'Water Report'!$D$13,0)) -> 6 | BD2: =(IF('Water Report'!$D$24>0,'Water Report'!$D$24,0)) -> 243 | BE2: =(IF('Water Report'!$D$25>0,'Water Report'!$D$25,0)) -> 191 | BF2: =(IF('Water Report'!$D$27>0,'Water Report'!$D$27,0)) -> 77 | BG2: =(IF('Section Load'!AN5>0,'Section Load'!AN5,0)) -> 776 | BH2: =(IF('Section Load'!AO5>0,'Section Load'!AO5,0)) -> 269.36 | BI2: =(IF('Section Load'!AP5>0,'Section Load'!AP5,0)) -> 0 | BJ2: =(IF('Section Load'!AQ5>0,'Section Load'!AQ5,0)) -> 77 | BK2: =(IF('Section Load'!AR5>0,'Section Load'!AR5,0)) -> 46 | BL2: =(IF('Section Load'!AS5>0,'Section Load'!AS5,0)) -> 2 | BM2: =(IF('Section Load'!AT5>0,'Section Load'!AT5,0)) -> 381.64
A3: Mumbai | B3: =B2+1 -> 2 | C3: 8 | D3: 2021 | E3: =(IF('Section Load'!F6>0,'Section Load'!F6,0)) -> 3099.88 | F3: =(IF('Section Load'!G6>0,'Section Load'!G6,0)) -> 1604.82 | G3: =(IF('Section Load'!H6>0,'Section Load'!H6,0)) -> 1664.92 | H3: =(IF('Section Load'!I6>0,'Section Load'!I6,0)) -> 3764.68 | I3: =(IF('Section Load'!J6>0,'Section Load'!J6,0)) -> 6598.59 | J3: =(IF('Section Load'!K6>0,'Section Load'!K6,0)) -> 2502.5 | K3: =(IF('Section Load'!L6>0,'Section Load'!L6,0)) -> 1119.48 | L3: =(IF('Section Load'!M6>0,'Section Load'!M6,0)) -> 549.29 | ... AL3: =(IF('Section Load'!AM6>0,'Section Load'!AM6,0)) -> 782 | AM3: =(IF('Water Report'!$E$7>0,'Water Report'!$E$7,0)) -> 82 | AN3: =(IF('Water Report'!$E$8>0,'Water Report'!$E$8,0)) -> 195 | AO3: =(IF('Water Report'!$E$9>0,'Water Report'!$E$9,0)) -> 68 | AP3: =(IF('Water Report'!$E$10>0,'Water Report'!$E$10,0)) -> 26 | AQ3: =(IF('Water Report'!$E$11>0,'Water Report'!$E$11,0)) -> 27 | AR3: =(IF('Water Report'!$E$13>0,'Water Report'!$E$13,0)) -> 45 | AS3: =(IF('Water Report'!$E$14>0,'Water Report'!$E$14,0)) -> 21 | AT3: =(IF('Water Report'!$E$15>0,'Water Report'!$E$15,0)) -> 11 | AU3: =(IF('Water Report'!$E$17>0,'Water Report'!$E$17,0)) -> 0 | AV3: =(IF('Water Report'!$E$18>0,'Water Report'!$E$18,0)) -> 10 | AW3: =(IF('Water Report'!$E$19>0,'Water Report'!$E$19,0)) -> 5 | AX3: =(IF('Water Report'!$E$21>0,'Water Report'!$E$21,0)) -> 73 | AY3: =(IF('Water Report'!$E$22>0,'Water Report'!$E$22,0)) -> 0 | AZ3: =(IF('Water Report'!$E$23>0,'Water Report'!$E$23,0)) -> 37 | BA3: =(IF('Water Report'!$E$14>0,'Water Report'!$E$14,0)) -> 21 | BB3: =(IF('Water Report'!$E$15>0,'Water Report'!$E$15,0)) -> 11 | BC3: =(IF('Water Report'!$E$13>0,'Water Report'!$E$13,0)) -> 45 | BD3: =(IF('Water Report'!$E$24>0,'Water Report'!$E$24,0)) -> 244 | BE3: =(IF('Water Report'!$E$25>0,'Water Report'!$E$25,0)) -> 153 | BF3: =(IF('Water Report'!$E$27>0,'Water Report'!$E$27,0)) -> 155 | BG3: =(IF('Section Load'!AN6>0,'Section Load'!AN6,0)) -> 924.25 | BH3: =(IF('Section Load'!AO6>0,'Section Load'!AO6,0)) -> 267.6 | BI3: =(IF('Section Load'!AP6>0,'Section Load'!AP6,0)) -> 0 | BJ3: =(IF('Section Load'!AQ6>0,'Section Load'!AQ6,0)) -> 79.72 | BK3: =(IF('Section Load'!AR6>0,'Section Load'!AR6,0)) -> 43.7 | BL3: =(IF('Section Load'!AS6>0,'Section Load'!AS6,0)) -> 2.6 | BM3: =(IF('Section Load'!AT6>0,'Section Load'!AT6,0)) -> 530.63
A4: Mumbai | B4: =B3+1 -> 3 | C4: 8 | D4: 2021 | E4: =(IF('Section Load'!F7>0,'Section Load'!F7,0)) -> 2964.9 | F4: =(IF('Section Load'!G7>0,'Section Load'!G7,0)) -> 1599.1 | G4: =(IF('Section Load'!H7>0,'Section Load'!H7,0)) -> 1612.4 | H4: =(IF('Section Load'!I7>0,'Section Load'!I7,0)) -> 3726.28 | I4: =(IF('Section Load'!J7>0,'Section Load'!J7,0)) -> 6846 | J4: =(IF('Section Load'!K7>0,'Section Load'!K7,0)) -> 2671.6 | K4: =(IF('Section Load'!L7>0,'Section Load'!L7,0)) -> 958.92 | L4: =(IF('Section Load'!M7>0,'Section Load'!M7,0)) -> 802.79 | ... AL4: =(IF('Section Load'!AM7>0,'Section Load'!AM7,0)) -> 647 | AM4: =(IF('Water Report'!$F$7>0,'Water Report'!$F$7,0)) -> 72 | AN4: =(IF('Water Report'!$F$8>0,'Water Report'!$F$8,0)) -> 131 | AO4: =(IF('Water Report'!$F$9>0,'Water Report'!$G$9,0)) -> 91 | AP4: =(IF('Water Report'!$F$10>0,'Water Report'!$F$10,0)) -> 21 | AQ4: =(IF('Water Report'!$F$11>0,'Water Report'!$F$11,0)) -> 23 | AR4: =(IF('Water Report'!$F$13>0,'Water Report'!$F$13,0)) -> 7 | AS4: =(IF('Water Report'!$F$14>0,'Water Report'!$F$14,0)) -> 15 | AT4: =(IF('Water Report'!$F$15>0,'Water Report'!$F$15,0)) -> 10 | AU4: =(IF('Water Report'!$F$17>0,'Water Report'!$F$17,0)) -> 0 | AV4: =(IF('Water Report'!$F$18>0,'Water Report'!$F$18,0)) -> 10 | AW4: =(IF('Water Report'!$F$19>0,'Water Report'!$F$19,0)) -> 6 | AX4: =(IF('Water Report'!$F$21>0,'Water Report'!$F$21,0)) -> 76 | AY4: =(IF('Water Report'!$F$22>0,'Water Report'!$F$22,0)) -> 0 | AZ4: =(IF('Water Report'!$F$23>0,'Water Report'!$F$23,0)) -> 0 | BA4: =(IF('Water Report'!$F$14>0,'Water Report'!$F$14,0)) -> 15 | BB4: =(IF('Water Report'!$F$15>0,'Water Report'!$F$15,0)) -> 10 | BC4: =(IF('Water Report'!$F$13>0,'Water Report'!$F$13,0)) -> 7 | BD4: =(IF('Water Report'!$F$24>0,'Water Report'!$F$24,0)) -> 196 | BE4: =(IF('Water Report'!$F$25>0,'Water Report'!$F$25,0)) -> 131 | BF4: =(IF('Water Report'!$F$27>0,'Water Report'!$F$27,0)) -> 83 | BG4: =(IF('Section Load'!AN7>0,'Section Load'!AN7,0)) -> 755.885 | BH4: =(IF('Section Load'!AO7>0,'Section Load'!AO7,0)) -> 252.9 | BI4: =(IF('Section Load'!AP7>0,'Section Load'!AP7,0)) -> 0 | BJ4: =(IF('Section Load'!AQ7>0,'Section Load'!AQ7,0)) -> 84.86 | BK4: =(IF('Section Load'!AR7>0,'Section Load'!AR7,0)) -> 42.1 | BL4: =(IF('Section Load'!AS7>0,'Section Load'!AS7,0)) -> 1.4 | BM4: =(IF('Section Load'!AT7>0,'Section Load'!AT7,0)) -> 374.625
A5: Mumbai | B5: =B4+1 -> 4 | C5: 8 | D5: 2021 | E5: =(IF('Section Load'!F8>0,'Section Load'!F8,0)) -> 3090.55 | F5: =(IF('Section Load'!G8>0,'Section Load'!G8,0)) -> 1605.35 | G5: =(IF('Section Load'!H8>0,'Section Load'!H8,0)) -> 1684.38 | H5: =(IF('Section Load'!I8>0,'Section Load'!I8,0)) -> 3735.05 | I5: =(IF('Section Load'!J8>0,'Section Load'!J8,0)) -> 7495.14 | J5: =(IF('Section Load'!K8>0,'Section Load'!K8,0)) -> 3000.2 | K5: =(IF('Section Load'!L8>0,'Section Load'!L8,0)) -> 1093.13 | L5: =(IF('Section Load'!M8>0,'Section Load'!M8,0)) -> 982.72 | ... AL5: =(IF('Section Load'!AM8>0,'Section Load'!AM8,0)) -> 687 | AM5: =(IF('Water Report'!$G$7>0,'Water Report'!$F$7,0)) -> 72 | AN5: =(IF('Water Report'!$G$8>0,'Water Report'!$F$8,0)) -> 131 | AO5: =(IF('Water Report'!$G$9>0,'Water Report'!$H$9,0)) -> 125 | AP5: =(IF('Water Report'!$G$10>0,'Water Report'!$G$10,0)) -> 22 | AQ5: =(IF('Water Report'!$G$11>0,'Water Report'!$G$11,0)) -> 25 | AR5: =(IF('Water Report'!$G$13>0,'Water Report'!$G$13,0)) -> 24 | AS5: =(IF('Water Report'!$G$14>0,'Water Report'!$G$14,0)) -> 11 | AT5: =(IF('Water Report'!$G$15>0,'Water Report'!$G$15,0)) -> 7 | AU5: =(IF('Water Report'!$G$17>0,'Water Report'!$G$17,0)) -> 199 | AV5: =(IF('Water Report'!$G$18>0,'Water Report'!$G$18,0)) -> 10 | AW5: =(IF('Water Report'!$G$19>0,'Water Report'!$G$19,0)) -> 8 | AX5: =(IF('Water Report'!$G$21>0,'Water Report'!$G$21,0)) -> 101 | AY5: =(IF('Water Report'!$G$22>0,'Water Report'!$G$22,0)) -> 0 | AZ5: =(IF('Water Report'!$G$23>0,'Water Report'!$G$23,0)) -> 5 | BA5: =(IF('Water Report'!$G$14>0,'Water Report'!$G$14,0)) -> 11 | BB5: =(IF('Water Report'!$G$15>0,'Water Report'!$G$15,0)) -> 7 | BC5: =(IF('Water Report'!$G$13>0,'Water Report'!$G$13,0)) -> 24 | BD5: =(IF('Water Report'!$G$24>0,'Water Report'!$G$24,0)) -> 191 | BE5: =(IF('Water Report'!$G$25>0,'Water Report'!$G$25,0)) -> 156 | BF5: =(IF('Water Report'!$G$27>0,'Water Report'!$G$27,0)) -> 130 | BG5: =(IF('Section Load'!AN8>0,'Section Load'!AN8,0)) -> 889.057 | BH5: =(IF('Section Load'!AO8>0,'Section Load'!AO8,0)) -> 262.703 | BI5: =(IF('Section Load'!AP8>0,'Section Load'!AP8,0)) -> 0 | BJ5: =(IF('Section Load'!AQ8>0,'Section Load'!AQ8,0)) -> 75.59 | BK5: =(IF('Section Load'!AR8>0,'Section Load'!AR8,0)) -> 44.9 | BL5: =(IF('Section Load'!AS8>0,'Section Load'!AS8,0)) -> 1.5 | BM5: =(IF('Section Load'!AT8>0,'Section Load'!AT8,0)) -> 504.364
A6: Mumbai | B6: =B5+1 -> 5 | C6: 8 | D6: 2021 | E6: =(IF('Section Load'!F9>0,'Section Load'!F9,0)) -> 3125 | F6: =(IF('Section Load'!G9>0,'Section Load'!G9,0)) -> 1625 | G6: =(IF('Section Load'!H9>0,'Section Load'!H9,0)) -> 1714 | H6: =(IF('Section Load'!I9>0,'Section Load'!I9,0)) -> 3761 | I6: =(IF('Section Load'!J9>0,'Section Load'!J9,0)) -> 7630 | J6: =(IF('Section Load'!K9>0,'Section Load'!K9,0)) -> 2920 | K6: =(IF('Section Load'!L9>0,'Section Load'!L9,0)) -> 1415 | L6: =(IF('Section Load'!M9>0,'Section Load'!M9,0)) -> 758.24 | ... AL6: =(IF('Section Load'!AM9>0,'Section Load'!AM9,0)) -> 781 | AM6: =(IF('Water Report'!$H$7>0,'Water Report'!$H$7,0)) -> 128 | AN6: =(IF('Water Report'!$H$8>0,'Water Report'!$H$8,0)) -> 131 | AO6: =(IF('Water Report'!$H$9>0,'Water Report'!$H$9,0)) -> 125 | AP6: =(IF('Water Report'!$H$10>0,'Water Report'!$H$10,0)) -> 24 | AQ6: =(IF('Water Report'!$H$11>0,'Water Report'!$H$11,0)) -> 30 | AR6: =(IF('Water Report'!$H$13>0,'Water Report'!$H$13,0)) -> 21 | AS6: =(IF('Water Report'!$H$14>0,'Water Report'!$H$14,0)) -> 17 | AT6: =(IF('Water Report'!$H$15>0,'Water Report'!$H$15,0)) -> 16 | AU6: =(IF('Water Report'!$H$17>0,'Water Report'!$H$17,0)) -> 101 | AV6: =(IF('Water Report'!$H$18>0,'Water Report'!$H$18,0)) -> 10 | AW6: =(IF('Water Report'!$H$19>0,'Water Report'!$H$19,0)) -> 6 | AX6: =(IF('Water Report'!$H$21>0,'Water Report'!$H$21,0)) -> 75 | AY6: =(IF('Water Report'!$H$22>0,'Water Report'!$H$22,0)) -> 0 | AZ6: =(IF('Water Report'!$H$23>0,'Water Report'!$H$23,0)) -> 0 | BA6: =(IF('Water Report'!$H$14>0,'Water Report'!$H$14,0)) -> 17 | BB6: =(IF('Water Report'!$H$15>0,'Water Report'!$H$15,0)) -> 16 | BC6: =(IF('Water Report'!$H$13>0,'Water Report'!$H$13,0)) -> 21 | BD6: =(IF('Water Report'!$H$24>0,'Water Report'!$H$24,0)) -> 242 | BE6: =(IF('Water Report'!$H$25>0,'Water Report'!$H$25,0)) -> 212 | BF6: =(IF('Water Report'!$H$27>0,'Water Report'!$H$27,0)) -> 96 | BG6: =(IF('Section Load'!AN9>0,'Section Load'!AN9,0)) -> 738.088 | BH6: =(IF('Section Load'!AO9>0,'Section Load'!AO9,0)) -> 259.917 | BI6: =(IF('Section Load'!AP9>0,'Section Load'!AP9,0)) -> 0 | BJ6: =(IF('Section Load'!AQ9>0,'Section Load'!AQ9,0)) -> 71.4 | BK6: =(IF('Section Load'!AR9>0,'Section Load'!AR9,0)) -> 38.7 | BL6: =(IF('Section Load'!AS9>0,'Section Load'!AS9,0)) -> 1 | BM6: =(IF('Section Load'!AT9>0,'Section Load'!AT9,0)) -> 367.071
A7: Mumbai | B7: =B6+1 -> 6 | C7: 8 | D7: 2021 | E7: =(IF('Section Load'!F10>0,'Section Load'!F10,0)) -> 3208 | F7: =(IF('Section Load'!G10>0,'Section Load'!G10,0)) -> 1613 | G7: =(IF('Section Load'!H10>0,'Section Load'!H10,0)) -> 1713 | H7: =(IF('Section Load'!I10>0,'Section Load'!I10,0)) -> 3750 | I7: =(IF('Section Load'!J10>0,'Section Load'!J10,0)) -> 7934 | J7: =(IF('Section Load'!K10>0,'Section Load'!K10,0)) -> 2980 | K7: =(IF('Section Load'!L10>0,'Section Load'!L10,0)) -> 1519 | L7: =(IF('Section Load'!M10>0,'Section Load'!M10,0)) -> 698.96 | ... AL7: =(IF('Section Load'!AM10>0,'Section Load'!AM10,0)) -> 841 | AM7: =(IF('Water Report'!$I$7>0,'Water Report'!$I$7,0)) -> 114 | AN7: =(IF('Water Report'!$I$8>0,'Water Report'!$I$8,0)) -> 150 | AO7: =(IF('Water Report'!$I$9>0,'Water Report'!$I$9,0)) -> 74 | AP7: =(IF('Water Report'!$I$10>0,'Water Report'!$I$10,0)) -> 23 | AQ7: =(IF('Water Report'!$I$11>0,'Water Report'!$I$11,0)) -> 30 | AR7: =(IF('Water Report'!$I$13>0,'Water Report'!$I$13,0)) -> 13 | AS7: =(IF('Water Report'!$I$14>0,'Water Report'!$I$14,0)) -> 22 | AT7: =(IF('Water Report'!$I$15>0,'Water Report'!$I$15,0)) -> 6 | AU7: =(IF('Water Report'!$I$17>0,'Water Report'!$I$17,0)) -> 0 | AV7: =(IF('Water Report'!$I$18>0,'Water Report'!$I$18,0)) -> 8 | AW7: =(IF('Water Report'!$I$19>0,'Water Report'!$I$19,0)) -> 9 | AX7: =(IF('Water Report'!$I$21>0,'Water Report'!$I$21,0)) -> 77 | AY7: =(IF('Water Report'!$I$22>0,'Water Report'!$I$22,0)) -> 0 | AZ7: =(IF('Water Report'!$I$23>0,'Water Report'!$I$23,0)) -> 13 | BA7: =(IF('Water Report'!$I$14>0,'Water Report'!$I$14,0)) -> 22 | BB7: =(IF('Water Report'!$I$15>0,'Water Report'!$I$15,0)) -> 6 | BC7: =(IF('Water Report'!$I$13>0,'Water Report'!$I$13,0)) -> 13 | BD7: =(IF('Water Report'!$I$24>0,'Water Report'!$I$24,0)) -> 261 | BE7: =(IF('Water Report'!$I$25>0,'Water Report'!$I$25,0)) -> 155 | BF7: =(IF('Water Report'!$I$27>0,'Water Report'!$I$27,0)) -> 103 | BG7: =(IF('Section Load'!AN10>0,'Section Load'!AN10,0)) -> 968.18 | BH7: =(IF('Section Load'!AO10>0,'Section Load'!AO10,0)) -> 266.89 | BI7: =(IF('Section Load'!AP10>0,'Section Load'!AP10,0)) -> 0 | BJ7: =(IF('Section Load'!AQ10>0,'Section Load'!AQ10,0)) -> 107.76 | BK7: =(IF('Section Load'!AR10>0,'Section Load'!AR10,0)) -> 53.4 | BL7: =(IF('Section Load'!AS10>0,'Section Load'!AS10,0)) -> 1.1 | BM7: =(IF('Section Load'!AT10>0,'Section Load'!AT10,0)) -> 539.03
A8: Mumbai | B8: =B7+1 -> 7 | C8: 8 | D8: 2021 | E8: =(IF('Section Load'!F11>0,'Section Load'!F11,0)) -> 3068 | F8: =(IF('Section Load'!G11>0,'Section Load'!G11,0)) -> 1651 | G8: =(IF('Section Load'!H11>0,'Section Load'!H11,0)) -> 1801 | H8: =(IF('Section Load'!I11>0,'Section Load'!I11,0)) -> 3772 | I8: =(IF('Section Load'!J11>0,'Section Load'!J11,0)) -> 8272 | J8: =(IF('Section Load'!K11>0,'Section Load'!K11,0)) -> 3030 | K8: =(IF('Section Load'!L11>0,'Section Load'!L11,0)) -> 1147 | L8: =(IF('Section Load'!M11>0,'Section Load'!M11,0)) -> 743.9 | ... AL8: =(IF('Section Load'!AM11>0,'Section Load'!AM11,0)) -> 785 | AM8: =(IF('Water Report'!$J$7>0,'Water Report'!$J$7,0)) -> 129 | AN8: =(IF('Water Report'!$J$8>0,'Water Report'!$J$8,0)) -> 182 | AO8: =(IF('Water Report'!$J$9>0,'Water Report'!$J$9,0)) -> 86 | AP8: =(IF('Water Report'!$J$10>0,'Water Report'!$J$10,0)) -> 25 | AQ8: =(IF('Water Report'!$J$11>0,'Water Report'!$J$11,0)) -> 36 | AR8: =(IF('Water Report'!$J$13>0,'Water Report'!$J$13,0)) -> 36 | AS8: =(IF('Water Report'!$J$14>0,'Water Report'!$J$14,0)) -> 36 | AT8: =(IF('Water Report'!$J$15>0,'Water Report'!$J$15,0)) -> 1 | AU8: =(IF('Water Report'!$J$17>0,'Water Report'!$J$17,0)) -> 0 | AV8: =(IF('Water Report'!$J$18>0,'Water Report'!$J$18,0)) -> 11 | AW8: =(IF('Water Report'!$J$19>0,'Water Report'!$J$19,0)) -> 7 | AX8: =(IF('Water Report'!$J$21>0,'Water Report'!$J$21,0)) -> 79 | AY8: =(IF('Water Report'!$J$22>0,'Water Report'!$J$22,0)) -> 0 | AZ8: =(IF('Water Report'!$J$23>0,'Water Report'!$J$23,0)) -> 2 | BA8: =(IF('Water Report'!$J$14>0,'Water Report'!$J$14,0)) -> 36 | BB8: =(IF('Water Report'!$J$15>0,'Water Report'!$J$15,0)) -> 1 | BC8: =(IF('Water Report'!$J$13>0,'Water Report'!$J$13,0)) -> 36 | BD8: =(IF('Water Report'!$J$24>0,'Water Report'!$J$24,0)) -> 225 | BE8: =(IF('Water Report'!$J$25>0,'Water Report'!$J$25,0)) -> 184 | BF8: =(IF('Water Report'!$J$27>0,'Water Report'!$J$27,0)) -> 117 | BG8: =(IF('Section Load'!AN11>0,'Section Load'!AN11,0)) -> 860.81 | BH8: =(IF('Section Load'!AO11>0,'Section Load'!AO11,0)) -> 266.65 | BI8: =(IF('Section Load'!AP11>0,'Section Load'!AP11,0)) -> 0 | BJ8: =(IF('Section Load'!AQ11>0,'Section Load'!AQ11,0)) -> 96.31 | BK8: =(IF('Section Load'!AR11>0,'Section Load'!AR11,0)) -> 45.1 | BL8: =(IF('Section Load'!AS11>0,'Section Load'!AS11,0)) -> 3.9 | BM8: =(IF('Section Load'!AT11>0,'Section Load'!AT11,0)) -> 449.25
A9: Mumbai | B9: =B8+1 -> 8 | C9: 8 | D9: 2021 | E9: =(IF('Section Load'!F12>0,'Section Load'!F12,0)) -> 2939.7 | F9: =(IF('Section Load'!G12>0,'Section Load'!G12,0)) -> 1610 | G9: =(IF('Section Load'!H12>0,'Section Load'!H12,0)) -> 1794 | H9: =(IF('Section Load'!I12>0,'Section Load'!I12,0)) -> 3646.08 | I9: =(IF('Section Load'!J12>0,'Section Load'!J12,0)) -> 6557.53 | J9: =(IF('Section Load'!K12>0,'Section Load'!K12,0)) -> 2900 | K9: =(IF('Section Load'!L12>0,'Section Load'!L12,0)) -> 1089 | L9: =(IF('Section Load'!M12>0,'Section Load'!M12,0)) -> 688.5 | ... AL9: =(IF('Section Load'!AM12>0,'Section Load'!AM12,0)) -> 775 | AM9: =(IF('Water Report'!$K$7>0,'Water Report'!$K$7,0)) -> 129 | AN9: =(IF('Water Report'!$K$8>0,'Water Report'!$K$8,0)) -> 189 | AO9: =(IF('Water Report'!$K$9>0,'Water Report'!$K$9,0)) -> 74 | AP9: =(IF('Water Report'!$K$10>0,'Water Report'!$K$10,0)) -> 35 | AQ9: =(IF('Water Report'!$K$11>0,'Water Report'!$K$11,0)) -> 39 | AR9: =(IF('Water Report'!$K$13>0,'Water Report'!$K$13,0)) -> 24 | AS9: =(IF('Water Report'!$K$14>0,'Water Report'!$K$14,0)) -> 35 | AT9: =(IF('Water Report'!$K$15>0,'Water Report'!$K$15,0)) -> 12 | AU9: =(IF('Water Report'!$K$17>0,'Water Report'!$K$17,0)) -> 0 | AV9: =(IF('Water Report'!$K$18>0,'Water Report'!$K$18,0)) -> 8 | AW9: =(IF('Water Report'!$K$19>0,'Water Report'!$K$19,0)) -> 10 | AX9: =(IF('Water Report'!$K$21>0,'Water Report'!$K$21,0)) -> 81 | AY9: =(IF('Water Report'!$K$22>0,'Water Report'!$K$22,0)) -> 0 | AZ9: =(IF('Water Report'!$K$23>0,'Water Report'!$K$23,0)) -> 0 | BA9: =(IF('Water Report'!$K$14>0,'Water Report'!$K$14,0)) -> 35 | BB9: =(IF('Water Report'!$K$15>0,'Water Report'!$K$15,0)) -> 12 | BC9: =(IF('Water Report'!$K$13>0,'Water Report'!$K$13,0)) -> 24 | BD9: =(IF('Water Report'!$K$24>0,'Water Report'!$K$24,0)) -> 275 | BE9: =(IF('Water Report'!$K$25>0,'Water Report'!$K$25,0)) -> 195 | BF9: =(IF('Water Report'!$K$27>0,'Water Report'!$K$27,0)) -> 105 | BG9: =(IF('Section Load'!AN12>0,'Section Load'!AN12,0)) -> 902.73 | BH9: =(IF('Section Load'!AO12>0,'Section Load'!AO12,0)) -> 261.98 | BI9: =(IF('Section Load'!AP12>0,'Section Load'!AP12,0)) -> 0.4 | BJ9: =(IF('Section Load'!AQ12>0,'Section Load'!AQ12,0)) -> 95.36 | BK9: =(IF('Section Load'!AR12>0,'Section Load'!AR12,0)) -> 35.1 | BL9: =(IF('Section Load'!AS12>0,'Section Load'!AS12,0)) -> 1.5 | BM9: =(IF('Section Load'!AT12>0,'Section Load'!AT12,0)) -> 508.39
A10: Mumbai | B10: =B9+1 -> 9 | C10: 8 | D10: 2021 | E10: =(IF('Section Load'!F13>0,'Section Load'!F13,0)) -> 2734 | F10: =(IF('Section Load'!G13>0,'Section Load'!G13,0)) -> 1498 | G10: =(IF('Section Load'!H13>0,'Section Load'!H13,0)) -> 1606 | H10: =(IF('Section Load'!I13>0,'Section Load'!I13,0)) -> 3904 | I10: =(IF('Section Load'!J13>0,'Section Load'!J13,0)) -> 5620 | J10: =(IF('Section Load'!K13>0,'Section Load'!K13,0)) -> 2570 | K10: =(IF('Section Load'!L13>0,'Section Load'!L13,0)) -> 992 | L10: =(IF('Section Load'!M13>0,'Section Load'!M13,0)) -> 659 | ... AL10: =(IF('Section Load'!AM13>0,'Section Load'!AM13,0)) -> 781 | AM10: =(IF('Water Report'!$L$7>0,'Water Report'!$L$7,0)) -> 92 | AN10: =(IF('Water Report'!$L$8>0,'Water Report'!$L$8,0)) -> 158 | AO10: =(IF('Water Report'!$L$9>0,'Water Report'!$L$9,0)) -> 84 | AP10: =(IF('Water Report'!$L$10>0,'Water Report'!$L$10,0)) -> 29 | AQ10: =(IF('Water Report'!$L$11>0,'Water Report'!$L$11,0)) -> 23 | AR10: =(IF('Water Report'!$L$13>0,'Water Report'!$L$13,0)) -> 48 | AS10: =(IF('Water Report'!$L$14>0,'Water Report'!$L$14,0)) -> 16 | AT10: =(IF('Water Report'!$L$15>0,'Water Report'!$L$15,0)) -> 10 | AU10: =(IF('Water Report'!$L$17>0,'Water Report'!$L$17,0)) -> 0 | AV10: =(IF('Water Report'!$L$18>0,'Water Report'!$L$18,0)) -> 12 | AW10: =(IF('Water Report'!$L$19>0,'Water Report'!$L$19,0)) -> 10 | AX10: =(IF('Water Report'!$L$21>0,'Water Report'!$L$21,0)) -> 101 | AY10: =(IF('Water Report'!$L$22>0,'Water Report'!$L$22,0)) -> 0 | AZ10: =(IF('Water Report'!$L$23>0,'Water Report'!$L$23,0)) -> 5 | BA10: =(IF('Water Report'!$L$14>0,'Water Report'!$L$14,0)) -> 16 | BB10: =(IF('Water Report'!$L$15>0,'Water Report'!$L$15,0)) -> 10 | BC10: =(IF('Water Report'!$L$13>0,'Water Report'!$L$13,0)) -> 48 | BD10: =(IF('Water Report'!$L$24>0,'Water Report'!$L$24,0)) -> 224 | BE10: =(IF('Water Report'!$L$25>0,'Water Report'!$L$25,0)) -> 162 | BF10: =(IF('Water Report'!$L$27>0,'Water Report'!$L$27,0)) -> 154 | BG10: =(IF('Section Load'!AN13>0,'Section Load'!AN13,0)) -> 764 | BH10: =(IF('Section Load'!AO13>0,'Section Load'!AO13,0)) -> 262 | BI10: =(IF('Section Load'!AP13>0,'Section Load'!AP13,0)) -> 0 | BJ10: =(IF('Section Load'!AQ13>0,'Section Load'!AQ13,0)) -> 76 | BK10: =(IF('Section Load'!AR13>0,'Section Load'!AR13,0)) -> 32 | BL10: =(IF('Section Load'!AS13>0,'Section Load'!AS13,0)) -> 0.8 | BM10: =(IF('Section Load'!AT13>0,'Section Load'!AT13,0)) -> 393.2
A11: Mumbai | B11: =B10+1 -> 10 | C11: 8 | D11: 2021 | E11: =(IF('Section Load'!F14>0,'Section Load'!F14,0)) -> 2950 | F11: =(IF('Section Load'!G14>0,'Section Load'!G14,0)) -> 1555 | G11: =(IF('Section Load'!H14>0,'Section Load'!H14,0)) -> 1654 | H11: =(IF('Section Load'!I14>0,'Section Load'!I14,0)) -> 3790.33 | I11: =(IF('Section Load'!J14>0,'Section Load'!J14,0)) -> 6540 | J11: =(IF('Section Load'!K14>0,'Section Load'!K14,0)) -> 2950 | K11: =(IF('Section Load'!L14>0,'Section Load'!L14,0)) -> 892 | L11: =(IF('Section Load'!M14>0,'Section Load'!M14,0)) -> 714 | ... AL11: =(IF('Section Load'!AM14>0,'Section Load'!AM14,0)) -> 749 | AM11: =(IF('Water Report'!$M$7>0,'Water Report'!$M$7,0)) -> 87 | AN11: =(IF('Water Report'!$M$8>0,'Water Report'!$M$8,0)) -> 185 | AO11: =(IF('Water Report'!$M$9>0,'Water Report'!$M$9,0)) -> 76 | AP11: =(IF('Water Report'!$M$10>0,'Water Report'!$M$10,0)) -> 23 | AQ11: =(IF('Water Report'!$M$11>0,'Water Report'!$M$11,0)) -> 20 | AR11: =(IF('Water Report'!$M$13>0,'Water Report'!$M$13,0)) -> 18 | AS11: =(IF('Water Report'!$M$14>0,'Water Report'!$M$14,0)) -> 22 | AT11: =(IF('Water Report'!$M$15>0,'Water Report'!$M$15,0)) -> 6 | AU11: =(IF('Water Report'!$M$17>0,'Water Report'!$M$17,0)) -> 0 | AV11: =(IF('Water Report'!$M$18>0,'Water Report'!$M$18,0)) -> 7 | AW11: =(IF('Water Report'!$M$19>0,'Water Report'!$M$19,0)) -> 9 | AX11: =(IF('Water Report'!$M$21>0,'Water Report'!$M$21,0)) -> 78 | AY11: =(IF('Water Report'!$M$22>0,'Water Report'!$M$22,0)) -> 0 | AZ11: =(IF('Water Report'!$M$23>0,'Water Report'!$M$23,0)) -> 3 | BA11: =(IF('Water Report'!$M$14>0,'Water Report'!$M$14,0)) -> 22 | BB11: =(IF('Water Report'!$M$15>0,'Water Report'!$M$15,0)) -> 6 | BC11: =(IF('Water Report'!$M$13>0,'Water Report'!$M$13,0)) -> 18 | BD11: =(IF('Water Report'!$M$24>0,'Water Report'!$M$24,0)) -> 197 | BE11: =(IF('Water Report'!$M$25>0,'Water Report'!$M$25,0)) -> 147 | BF11: =(IF('Water Report'!$M$27>0,'Water Report'!$M$27,0)) -> 99 | BG11: =(IF('Section Load'!AN14>0,'Section Load'!AN14,0)) -> 907 | BH11: =(IF('Section Load'!AO14>0,'Section Load'!AO14,0)) -> 279 | BI11: =(IF('Section Load'!AP14>0,'Section Load'!AP14,0)) -> 0 | BJ11: =(IF('Section Load'!AQ14>0,'Section Load'!AQ14,0)) -> 84 | BK11: =(IF('Section Load'!AR14>0,'Section Load'!AR14,0)) -> 34 | BL11: =(IF('Section Load'!AS14>0,'Section Load'!AS14,0)) -> 2.2 | BM11: =(IF('Section Load'!AT14>0,'Section Load'!AT14,0)) -> 507.8
A12: Mumbai | B12: =B11+1 -> 11 | C12: 8 | D12: 2021 | E12: =(IF('Section Load'!F15>0,'Section Load'!F15,0)) -> 3073 | F12: =(IF('Section Load'!G15>0,'Section Load'!G15,0)) -> 1551 | G12: =(IF('Section Load'!H15>0,'Section Load'!H15,0)) -> 1631 | H12: =(IF('Section Load'!I15>0,'Section Load'!I15,0)) -> 3772.59 | I12: =(IF('Section Load'!J15>0,'Section Load'!J15,0)) -> 6303 | J12: =(IF('Section Load'!K15>0,'Section Load'!K15,0)) -> 2940 | K12: =(IF('Section Load'!L15>0,'Section Load'!L15,0)) -> 1053 | L12: =(IF('Section Load'!M15>0,'Section Load'!M15,0)) -> 691 | ... AL12: =(IF('Section Load'!AM15>0,'Section Load'!AM15,0)) -> 773 | AM12: =(IF('Water Report'!$N$7>0,'Water Report'!$N$7,0)) -> 85 | AN12: =(IF('Water Report'!$N$8>0,'Water Report'!$N$8,0)) -> 133 | AO12: =(IF('Water Report'!$N$9>0,'Water Report'!$N$9,0)) -> 69 | AP12: =(IF('Water Report'!$N$10>0,'Water Report'!$N$10,0)) -> 24 | AQ12: =(IF('Water Report'!$N$11>0,'Water Report'!$N$11,0)) -> 24 | AR12: =(IF('Water Report'!$N$13>0,'Water Report'!$N$13,0)) -> 20 | AS12: =(IF('Water Report'!$N$14>0,'Water Report'!$N$14,0)) -> 17 | AT12: =(IF('Water Report'!$N$15>0,'Water Report'!$N$15,0)) -> 15 | AU12: =(IF('Water Report'!$N$17>0,'Water Report'!$N$17,0)) -> 0 | AV12: =(IF('Water Report'!$N$18>0,'Water Report'!$N$18,0)) -> 8 | AW12: =(IF('Water Report'!$N$19>0,'Water Report'!$N$19,0)) -> 7 | AX12: =(IF('Water Report'!$N$21>0,'Water Report'!$N$21,0)) -> 77 | AY12: =(IF('Water Report'!$N$22>0,'Water Report'!$N$22,0)) -> 0 | AZ12: =(IF('Water Report'!$N$23>0,'Water Report'!$N$23,0)) -> 2 | BA12: =(IF('Water Report'!$N$14>0,'Water Report'!$N$14,0)) -> 17 | BB12: =(IF('Water Report'!$N$15>0,'Water Report'!$N$15,0)) -> 15 | BC12: =(IF('Water Report'!$N$13>0,'Water Report'!$N$13,0)) -> 20 | BD12: =(IF('Water Report'!$N$24>0,'Water Report'!$N$24,0)) -> 224 | BE12: =(IF('Water Report'!$N$25>0,'Water Report'!$N$25,0)) -> 149 | BF12: =(IF('Water Report'!$N$27>0,'Water Report'!$N$27,0)) -> 99 | BG12: =(IF('Section Load'!AN15>0,'Section Load'!AN15,0)) -> 826 | BH12: =(IF('Section Load'!AO15>0,'Section Load'!AO15,0)) -> 281 | BI12: =(IF('Section Load'!AP15>0,'Section Load'!AP15,0)) -> 0 | BJ12: =(IF('Section Load'!AQ15>0,'Section Load'!AQ15,0)) -> 91 | BK12: =(IF('Section Load'!AR15>0,'Section Load'!AR15,0)) -> 50 | BL12: =(IF('Section Load'!AS15>0,'Section Load'!AS15,0)) -> 2 | BM12: =(IF('Section Load'!AT15>0,'Section Load'!AT15,0)) -> 402
A13: Mumbai | B13: =B12+1 -> 12 | C13: 8 | D13: 2021 | E13: =(IF('Section Load'!F16>0,'Section Load'!F16,0)) -> 3146 | F13: =(IF('Section Load'!G16>0,'Section Load'!G16,0)) -> 1629 | G13: =(IF('Section Load'!H16>0,'Section Load'!H16,0)) -> 1686 | H13: =(IF('Section Load'!I16>0,'Section Load'!I16,0)) -> 4025.41 | I13: =(IF('Section Load'!J16>0,'Section Load'!J16,0)) -> 7375 | J13: =(IF('Section Load'!K16>0,'Section Load'!K16,0)) -> 3210 | K13: =(IF('Section Load'!L16>0,'Section Load'!L16,0)) -> 965 | L13: =(IF('Section Load'!M16>0,'Section Load'!M16,0)) -> 837.7 | ... AL13: =(IF('Section Load'!AM16>0,'Section Load'!AM16,0)) -> 746 | AM13: =(IF('Water Report'!$O$7>0,'Water Report'!$O$7,0)) -> 94 | AN13: =(IF('Water Report'!$O$8>0,'Water Report'!$O$8,0)) -> 93 | AO13: =(IF('Water Report'!$O$9>0,'Water Report'!$O$9,0)) -> 87 | AP13: =(IF('Water Report'!$O$10>0,'Water Report'!$O$10,0)) -> 24 | AQ13: =(IF('Water Report'!$O$11>0,'Water Report'!$O$11,0)) -> 26 | AR13: =(IF('Water Report'!$O$13>0,'Water Report'!$O$13,0)) -> 41 | AS13: =(IF('Water Report'!$O$14>0,'Water Report'!$O$14,0)) -> 14 | AT13: =(IF('Water Report'!$O$15>0,'Water Report'!$O$15,0)) -> 9 | AU13: =(IF('Water Report'!$O$17>0,'Water Report'!$O$17,0)) -> 0 | AV13: =(IF('Water Report'!$O$18>0,'Water Report'!$O$18,0)) -> 9 | AW13: =(IF('Water Report'!$O$19>0,'Water Report'!$O$19,0)) -> 8 | AX13: =(IF('Water Report'!$O$21>0,'Water Report'!$O$21,0)) -> 82 | AY13: =(IF('Water Report'!$O$22>0,'Water Report'!$O$22,0)) -> 0 | AZ13: =(IF('Water Report'!$O$23>0,'Water Report'!$O$23,0)) -> 0 | BA13: =(IF('Water Report'!$O$14>0,'Water Report'!$O$14,0)) -> 14 | BB13: =(IF('Water Report'!$O$15>0,'Water Report'!$O$15,0)) -> 9 | BC13: =(IF('Water Report'!$O$13>0,'Water Report'!$O$13,0)) -> 41 | BD13: =(IF('Water Report'!$O$24>0,'Water Report'!$O$24,0)) -> 240 | BE13: =(IF('Water Report'!$O$25>0,'Water Report'!$O$25,0)) -> 160 | BF13: =(IF('Water Report'!$O$27>0,'Water Report'!$O$27,0)) -> 123 | BG13: =(IF('Section Load'!AN16>0,'Section Load'!AN16,0)) -> 930 | BH13: =(IF('Section Load'!AO16>0,'Section Load'!AO16,0)) -> 275 | BI13: =(IF('Section Load'!AP16>0,'Section Load'!AP16,0)) -> 0 | BJ13: =(IF('Section Load'!AQ16>0,'Section Load'!AQ16,0)) -> 80 | BK13: =(IF('Section Load'!AR16>0,'Section Load'!AR16,0)) -> 69 | BL13: =(IF('Section Load'!AS16>0,'Section Load'!AS16,0)) -> 2 | BM13: =(IF('Section Load'!AT16>0,'Section Load'!AT16,0)) -> 504.4
A14: Mumbai | B14: =B13+1 -> 13 | C14: 8 | D14: 2021 | E14: =(IF('Section Load'!F17>0,'Section Load'!F17,0)) -> 3138 | F14: =(IF('Section Load'!G17>0,'Section Load'!G17,0)) -> 1619 | G14: =(IF('Section Load'!H17>0,'Section Load'!H17,0)) -> 1802 | H14: =(IF('Section Load'!I17>0,'Section Load'!I17,0)) -> 3617 | I14: =(IF('Section Load'!J17>0,'Section Load'!J17,0)) -> 6670 | J14: =(IF('Section Load'!K17>0,'Section Load'!K17,0)) -> 2730.33 | K14: =(IF('Section Load'!L17>0,'Section Load'!L17,0)) -> 1196 | L14: =(IF('Section Load'!M17>0,'Section Load'!M17,0)) -> 726.9 | ... AL14: =(IF('Section Load'!AM17>0,'Section Load'!AM17,0)) -> 804 | AM14: =(IF('Water Report'!$P$7>0,'Water Report'!$P$7,0)) -> 105 | AN14: =(IF('Water Report'!$P$8>0,'Water Report'!$P$8,0)) -> 164 | AO14: =(IF('Water Report'!$P$9>0,'Water Report'!$P$9,0)) -> 74 | AP14: =(IF('Water Report'!$P$10>0,'Water Report'!$P$10,0)) -> 25 | AQ14: =(IF('Water Report'!$P$11>0,'Water Report'!$P$11,0)) -> 32 | AR14: =(IF('Water Report'!$P$13>0,'Water Report'!$P$13,0)) -> 31 | AS14: =(IF('Water Report'!$P$14>0,'Water Report'!$P$14,0)) -> 15 | AT14: =(IF('Water Report'!$P$15>0,'Water Report'!$P$15,0)) -> 15 | AU14: =(IF('Water Report'!$P$17>0,'Water Report'!$P$17,0)) -> 0 | AV14: =(IF('Water Report'!$P$18>0,'Water Report'!$P$18,0)) -> 9 | AW14: =(IF('Water Report'!$P$19>0,'Water Report'!$P$19,0)) -> 11 | AX14: =(IF('Water Report'!$P$21>0,'Water Report'!$P$21,0)) -> 96 | AY14: =(IF('Water Report'!$P$22>0,'Water Report'!$P$22,0)) -> 0 | AZ14: =(IF('Water Report'!$P$23>0,'Water Report'!$P$23,0)) -> 3 | BA14: =(IF('Water Report'!$P$14>0,'Water Report'!$P$14,0)) -> 15 | BB14: =(IF('Water Report'!$P$15>0,'Water Report'!$P$15,0)) -> 15 | BC14: =(IF('Water Report'!$P$13>0,'Water Report'!$P$13,0)) -> 31 | BD14: =(IF('Water Report'!$P$24>0,'Water Report'!$P$24,0)) -> 251 | BE14: =(IF('Water Report'!$P$25>0,'Water Report'!$P$25,0)) -> 161 | BF14: =(IF('Water Report'!$P$27>0,'Water Report'!$P$27,0)) -> 130 | BG14: =(IF('Section Load'!AN17>0,'Section Load'!AN17,0)) -> 901 | BH14: =(IF('Section Load'!AO17>0,'Section Load'!AO17,0)) -> 277 | BI14: =(IF('Section Load'!AP17>0,'Section Load'!AP17,0)) -> 0 | BJ14: =(IF('Section Load'!AQ17>0,'Section Load'!AQ17,0)) -> 101 | BK14: =(IF('Section Load'!AR17>0,'Section Load'!AR17,0)) -> 35 | BL14: =(IF('Section Load'!AS17>0,'Section Load'!AS17,0)) -> 2 | BM14: =(IF('Section Load'!AT17>0,'Section Load'!AT17,0)) -> 486
A15: Mumbai | B15: =B14+1 -> 14 | C15: 8 | D15: 2021 | E15: =(IF('Section Load'!F18>0,'Section Load'!F18,0)) -> 3064 | F15: =(IF('Section Load'!G18>0,'Section Load'!G18,0)) -> 1554 | G15: =(IF('Section Load'!H18>0,'Section Load'!H18,0)) -> 1717 | H15: =(IF('Section Load'!I18>0,'Section Load'!I18,0)) -> 3673.59 | I15: =(IF('Section Load'!J18>0,'Section Load'!J18,0)) -> 6022 | J15: =(IF('Section Load'!K18>0,'Section Load'!K18,0)) -> 2490 | K15: =(IF('Section Load'!L18>0,'Section Load'!L18,0)) -> 986 | L15: =(IF('Section Load'!M18>0,'Section Load'!M18,0)) -> 633.4 | ... AL15: =(IF('Section Load'!AM18>0,'Section Load'!AM18,0)) -> 807 | AM15: =(IF('Water Report'!$Q$7>0,'Water Report'!$Q$7,0)) -> 83 | AN15: =(IF('Water Report'!$Q$8>0,'Water Report'!$Q$8,0)) -> 179 | AO15: =(IF('Water Report'!$Q$9>0,'Water Report'!$Q$9,0)) -> 69 | AP15: =(IF('Water Report'!$Q$10>0,'Water Report'!$Q$10,0)) -> 22 | AQ15: =(IF('Water Report'!$Q$11>0,'Water Report'!$Q$11,0)) -> 36 | AR15: =(IF('Water Report'!$Q$13>0,'Water Report'!$Q$13,0)) -> 11 | AS15: =(IF('Water Report'!$Q$14>0,'Water Report'!$Q$14,0)) -> 15 | AT15: =(IF('Water Report'!$Q$15>0,'Water Report'!$Q$15,0)) -> 9 | AU15: =(IF('Water Report'!$Q$17>0,'Water Report'!$Q$17,0)) -> 15 | AV15: =(IF('Water Report'!$Q$18>0,'Water Report'!$Q$18,0)) -> 8 | AW15: =(IF('Water Report'!$Q$19>0,'Water Report'!$Q$19,0)) -> 11 | AX15: =(IF('Water Report'!$Q$21>0,'Water Report'!$Q$21,0)) -> 71 | AY15: =(IF('Water Report'!$Q$22>0,'Water Report'!$Q$22,0)) -> 0 | AZ15: =(IF('Water Report'!$Q$23>0,'Water Report'!$Q$23,0)) -> 0 | BA15: =(IF('Water Report'!$Q$14>0,'Water Report'!$Q$14,0)) -> 15 | BB15: =(IF('Water Report'!$Q$15>0,'Water Report'!$Q$15,0)) -> 9 | BC15: =(IF('Water Report'!$Q$13>0,'Water Report'!$Q$13,0)) -> 11 | BD15: =(IF('Water Report'!$Q$24>0,'Water Report'!$Q$24,0)) -> 223 | BE15: =(IF('Water Report'!$Q$25>0,'Water Report'!$Q$25,0)) -> 151 | BF15: =(IF('Water Report'!$Q$27>0,'Water Report'!$Q$27,0)) -> 82 | BG15: =(IF('Section Load'!AN18>0,'Section Load'!AN18,0)) -> 1092 | BH15: =(IF('Section Load'!AO18>0,'Section Load'!AO18,0)) -> 271 | BI15: =(IF('Section Load'!AP18>0,'Section Load'!AP18,0)) -> 0.4 | BJ15: =(IF('Section Load'!AQ18>0,'Section Load'!AQ18,0)) -> 110 | BK15: =(IF('Section Load'!AR18>0,'Section Load'!AR18,0)) -> 47 | BL15: =(IF('Section Load'!AS18>0,'Section Load'!AS18,0)) -> 4 | BM15: =(IF('Section Load'!AT18>0,'Section Load'!AT18,0)) -> 659.6
A16: Mumbai | B16: =B15+1 -> 15 | C16: 8 | D16: 2021 | E16: =(IF('Section Load'!F19>0,'Section Load'!F19,0)) -> 2975 | F16: =(IF('Section Load'!G19>0,'Section Load'!G19,0)) -> 1554 | G16: =(IF('Section Load'!H19>0,'Section Load'!H19,0)) -> 1841.93 | H16: =(IF('Section Load'!I19>0,'Section Load'!I19,0)) -> 3671.41 | I16: =(IF('Section Load'!J19>0,'Section Load'!J19,0)) -> 6209 | J16: =(IF('Section Load'!K19>0,'Section Load'!K19,0)) -> 2580 | K16: =(IF('Section Load'!L19>0,'Section Load'!L19,0)) -> 1206 | L16: =(IF('Section Load'!M19>0,'Section Load'!M19,0)) -> 823 | ... AL16: =(IF('Section Load'!AM19>0,'Section Load'!AM19,0)) -> 837 | AM16: =(IF('Water Report'!$R$7>0,'Water Report'!$R$7,0)) -> 130 | AN16: =(IF('Water Report'!$R$8>0,'Water Report'!$R$8,0)) -> 168 | AO16: =(IF('Water Report'!$R$9>0,'Water Report'!$R$9,0)) -> 78 | AP16: =(IF('Water Report'!$R$10>0,'Water Report'!$R$10,0)) -> 38 | AQ16: =(IF('Water Report'!$R$11>0,'Water Report'!$R$11,0)) -> 41 | AR16: =(IF('Water Report'!$R$13>0,'Water Report'!$R$13,0)) -> 50 | AS16: =(IF('Water Report'!$R$14>0,'Water Report'!$R$14,0)) -> 20 | AT16: =(IF('Water Report'!$R$15>0,'Water Report'!$R$15,0)) -> 13 | AU16: =(IF('Water Report'!$R$17>0,'Water Report'!$R$17,0)) -> 0 | AV16: =(IF('Water Report'!$R$18>0,'Water Report'!$R$18,0)) -> 11 | AW16: =(IF('Water Report'!$R$19>0,'Water Report'!$R$19,0)) -> 9 | AX16: =(IF('Water Report'!$R$21>0,'Water Report'!$R$21,0)) -> 47 | AY16: =(IF('Water Report'!$R$22>0,'Water Report'!$R$22,0)) -> 0 | AZ16: =(IF('Water Report'!$R$23>0,'Water Report'!$R$23,0)) -> 0 | BA16: =(IF('Water Report'!$R$14>0,'Water Report'!$R$14,0)) -> 20 | BB16: =(IF('Water Report'!$R$15>0,'Water Report'!$R$15,0)) -> 13 | BC16: =(IF('Water Report'!$R$13>0,'Water Report'!$R$13,0)) -> 50 | BD16: =(IF('Water Report'!$R$24>0,'Water Report'!$R$24,0)) -> 254 | BE16: =(IF('Water Report'!$R$25>0,'Water Report'!$R$25,0)) -> 190 | BF16: =(IF('Water Report'!$R$27>0,'Water Report'!$R$27,0)) -> 97 | BG16: =(IF('Section Load'!AN19>0,'Section Load'!AN19,0)) -> 920 | BH16: =(IF('Section Load'!AO19>0,'Section Load'!AO19,0)) -> 304 | BI16: =(IF('Section Load'!AP19>0,'Section Load'!AP19,0)) -> 0 | BJ16: =(IF('Section Load'!AQ19>0,'Section Load'!AQ19,0)) -> 86 | BK16: =(IF('Section Load'!AR19>0,'Section Load'!AR19,0)) -> 57 | BL16: =(IF('Section Load'!AS19>0,'Section Load'!AS19,0)) -> 3 | BM16: =(IF('Section Load'!AT19>0,'Section Load'!AT19,0)) -> 470
A17: Mumbai | B17: =B16+1 -> 16 | C17: 8 | D17: 2021 | E17: =(IF('Section Load'!F20>0,'Section Load'!F20,0)) -> 0 | F17: =(IF('Section Load'!G20>0,'Section Load'!G20,0)) -> 0 | G17: =(IF('Section Load'!H20>0,'Section Load'!H20,0)) -> 0 | H17: =(IF('Section Load'!I20>0,'Section Load'!I20,0)) -> 0 | I17: =(IF('Section Load'!J20>0,'Section Load'!J20,0)) -> 0 | J17: =(IF('Section Load'!K20>0,'Section Load'!K20,0)) -> 0 | K17: =(IF('Section Load'!L20>0,'Section Load'!L20,0)) -> 0 | L17: =(IF('Section Load'!M20>0,'Section Load'!M20,0)) -> 0 | ... AL17: =(IF('Section Load'!AM20>0,'Section Load'!AM20,0)) -> 0 | AM17: =(IF('Water Report'!$S$7>0,'Water Report'!$S$7,0)) -> 0 | AN17: =(IF('Water Report'!$S$8>0,'Water Report'!$S$8,0)) -> 0 | AO17: =(IF('Water Report'!$S$9>0,'Water Report'!$S$9,0)) -> 0 | AP17: =(IF('Water Report'!$S$10>0,'Water Report'!$D$10,0)) -> 0 | AQ17: =(IF('Water Report'!$S$11>0,'Water Report'!$D$11,0)) -> 0 | AR17: =(IF('Water Report'!$S$13>0,'Water Report'!$D$13,0)) -> 0 | AS17: =(IF('Water Report'!$S$14>0,'Water Report'!$D$14,0)) -> 0 | AT17: =(IF('Water Report'!$S$15>0,'Water Report'!$D$15,0)) -> 0 | AU17: =(IF('Water Report'!$S$17>0,'Water Report'!$D$17,0)) -> 0 | AV17: =(IF('Water Report'!$S$18>0,'Water Report'!$D$18,0)) -> 0 | AW17: =(IF('Water Report'!$S$19>0,'Water Report'!$D$19,0)) -> 0 | AX17: =(IF('Water Report'!$S$21>0,'Water Report'!$D$21,0)) -> 0 | AY17: =(IF('Water Report'!$S$22>0,'Water Report'!$D$22,0)) -> 0 | AZ17: =(IF('Water Report'!$S$23>0,'Water Report'!$D$23,0)) -> 0 | BA17: =(IF('Water Report'!$S$14>0,'Water Report'!$D$14,0)) -> 0 | BB17: =(IF('Water Report'!$S$15>0,'Water Report'!$D$15,0)) -> 0 | BC17: =(IF('Water Report'!$S$13>0,'Water Report'!$D$13,0)) -> 0 | BD17: =(IF('Water Report'!$S$24>0,'Water Report'!$D$24,0)) -> 243 | BE17: =(IF('Water Report'!$S$25>0,'Water Report'!$D$25,0)) -> 0 | BF17: =(IF('Water Report'!$S$27>0,'Water Report'!$D$27,0)) -> 0 | BG17: =(IF('Section Load'!AN20>0,'Section Load'!AN20,0)) -> 950 | BH17: =(IF('Section Load'!AO20>0,'Section Load'!AO20,0)) -> 0 | BI17: =(IF('Section Load'!AP20>0,'Section Load'!AP20,0)) -> 0 | BJ17: =(IF('Section Load'!AQ20>0,'Section Load'!AQ20,0)) -> 0 | BK17: =(IF('Section Load'!AR20>0,'Section Load'!AR20,0)) -> 0 | BL17: =(IF('Section Load'!AS20>0,'Section Load'!AS20,0)) -> 0 | BM17: =(IF('Section Load'!AT20>0,'Section Load'!AT20,0)) -> 12891.36
A18: Mumbai | B18: =B17+1 -> 17 | C18: 8 | D18: 2021 | E18: =(IF('Section Load'!F21>0,'Section Load'!F21,0)) -> 3270.42 | F18: =(IF('Section Load'!G21>0,'Section Load'!G21,0)) -> 1656.55 | G18: =(IF('Section Load'!H21>0,'Section Load'!H21,0)) -> 1759.92 | H18: =(IF('Section Load'!I21>0,'Section Load'!I21,0)) -> 3718.93 | I18: =(IF('Section Load'!J21>0,'Section Load'!J21,0)) -> 8133.4 | J18: =(IF('Section Load'!K21>0,'Section Load'!K21,0)) -> 3097.4 | K18: =(IF('Section Load'!L21>0,'Section Load'!L21,0)) -> 1300.44 | L18: =(IF('Section Load'!M21>0,'Section Load'!M21,0)) -> 1131.82 | ... AL18: =(IF('Section Load'!AM21>0,'Section Load'!AM21,0)) -> 678 | AM18: =(IF('Water Report'!$T$7>0,'Water Report'!$T$7,0)) -> 101 | AN18: =(IF('Water Report'!$T$8>0,'Water Report'!$T$8,0)) -> 190 | AO18: =(IF('Water Report'!$T$9>0,'Water Report'!$T$9,0)) -> 89 | AP18: =(IF('Water Report'!$T$10>0,'Water Report'!$T$10,0)) -> 30 | AQ18: =(IF('Water Report'!$T$11>0,'Water Report'!$T$11,0)) -> 30 | AR18: =(IF('Water Report'!$T$13>0,'Water Report'!$T$13,0)) -> 23 | AS18: =(IF('Water Report'!$T$14>0,'Water Report'!$T$14,0)) -> 16 | AT18: =(IF('Water Report'!$T$15>0,'Water Report'!$T$15,0)) -> 8 | AU18: =(IF('Water Report'!$T$17>0,'Water Report'!$T$17,0)) -> 0 | AV18: =(IF('Water Report'!$T$18>0,'Water Report'!$T$18,0)) -> 11 | AW18: =(IF('Water Report'!$T$19>0,'Water Report'!$T$19,0)) -> 4 | AX18: =(IF('Water Report'!$T$21>0,'Water Report'!$T$21,0)) -> 66 | AY18: =(IF('Water Report'!$T$22>0,'Water Report'!$T$22,0)) -> 26 | AZ18: =(IF('Water Report'!$T$23>0,'Water Report'!$T$23,0)) -> 0 | BA18: =(IF('Water Report'!$T$14>0,'Water Report'!$T$14,0)) -> 16 | BB18: =(IF('Water Report'!$T$15>0,'Water Report'!$T$15,0)) -> 8 | BC18: =(IF('Water Report'!$T$13>0,'Water Report'!$T$13,0)) -> 23 | BD18: =(IF('Water Report'!$T$24>0,'Water Report'!$T$24,0)) -> 200 | BE18: =(IF('Water Report'!$T$25>0,'Water Report'!$T$25,0)) -> 173 | BF18: =(IF('Water Report'!$T$27>0,'Water Report'!$T$27,0)) -> 89 | BG18: =(IF('Section Load'!AN21>0,'Section Load'!AN21,0)) -> 950 | BH18: =(IF('Section Load'!AO21>0,'Section Load'!AO21,0)) -> 289.02 | BI18: =(IF('Section Load'!AP21>0,'Section Load'!AP21,0)) -> 0 | BJ18: =(IF('Section Load'!AQ21>0,'Section Load'!AQ21,0)) -> 114.2 | BK18: =(IF('Section Load'!AR21>0,'Section Load'!AR21,0)) -> 41 | BL18: =(IF('Section Load'!AS21>0,'Section Load'!AS21,0)) -> 6.7 | BM18: =(IF('Section Load'!AT21>0,'Section Load'!AT21,0)) -> 499.08
A19: Mumbai | B19: =B18+1 -> 18 | C19: 8 | D19: 2021 | E19: =(IF('Section Load'!F22>0,'Section Load'!F22,0)) -> 3484.808 | F19: =(IF('Section Load'!G22>0,'Section Load'!G22,0)) -> 1846.52 | G19: =(IF('Section Load'!H22>0,'Section Load'!H22,0)) -> 1840.98 | H19: =(IF('Section Load'!I22>0,'Section Load'!I22,0)) -> 3750.84 | I19: =(IF('Section Load'!J22>0,'Section Load'!J22,0)) -> 8129.57 | J19: =(IF('Section Load'!K22>0,'Section Load'!K22,0)) -> 3145.2 | K19: =(IF('Section Load'!L22>0,'Section Load'!L22,0)) -> 1712.2 | L19: =(IF('Section Load'!M22>0,'Section Load'!M22,0)) -> 1191.63 | ... AL19: =(IF('Section Load'!AM22>0,'Section Load'!AM22,0)) -> 823 | AM19: =(IF('Water Report'!$U$7>0,'Water Report'!$U$7,0)) -> 163 | AN19: =(IF('Water Report'!$U$8>0,'Water Report'!$U$8,0)) -> 160 | AO19: =(IF('Water Report'!$U$9>0,'Water Report'!$U$9,0)) -> 90 | AP19: =(IF('Water Report'!$U$10>0,'Water Report'!$U$10,0)) -> 30 | AQ19: =(IF('Water Report'!$U$11>0,'Water Report'!$U$11,0)) -> 29 | AR19: =(IF('Water Report'!$U$13>0,'Water Report'!$U$13,0)) -> 27 | AS19: =(IF('Water Report'!$U$14>0,'Water Report'!$U$14,0)) -> 19 | AT19: =(IF('Water Report'!$U$15>0,'Water Report'!$U$15,0)) -> 9 | AU19: =(IF('Water Report'!$U$17>0,'Water Report'!$U$17,0)) -> 0 | AV19: =(IF('Water Report'!$U$18>0,'Water Report'!$U$18,0)) -> 10 | AW19: =(IF('Water Report'!$U$19>0,'Water Report'!$U$19,0)) -> 5 | AX19: =(IF('Water Report'!$U$21>0,'Water Report'!$U$21,0)) -> 65 | AY19: =(IF('Water Report'!$U$22>0,'Water Report'!$U$22,0)) -> 12 | AZ19: =(IF('Water Report'!$U$23>0,'Water Report'!$U$23,0)) -> 0 | BA19: =(IF('Water Report'!$U$14>0,'Water Report'!$U$14,0)) -> 19 | BB19: =(IF('Water Report'!$U$15>0,'Water Report'!$U$15,0)) -> 9 | BC19: =(IF('Water Report'!$U$13>0,'Water Report'!$U$13,0)) -> 27 | BD19: =(IF('Water Report'!$U$24>0,'Water Report'!$U$24,0)) -> 230 | BE19: =(IF('Water Report'!$U$25>0,'Water Report'!$U$25,0)) -> 177 | BF19: =(IF('Water Report'!$U$27>0,'Water Report'!$U$27,0)) -> 92 | BG19: =(IF('Section Load'!AN22>0,'Section Load'!AN22,0)) -> 950 | BH19: =(IF('Section Load'!AO22>0,'Section Load'!AO22,0)) -> 295.74 | BI19: =(IF('Section Load'!AP22>0,'Section Load'!AP22,0)) -> 0 | BJ19: =(IF('Section Load'!AQ22>0,'Section Load'!AQ22,0)) -> 107.8 | BK19: =(IF('Section Load'!AR22>0,'Section Load'!AR22,0)) -> 45.1 | BL19: =(IF('Section Load'!AS22>0,'Section Load'!AS22,0)) -> 4.9 | BM19: =(IF('Section Load'!AT22>0,'Section Load'!AT22,0)) -> 496.46
A20: Mumbai | B20: =B19+1 -> 19 | C20: 8 | D20: 2021 | E20: =(IF('Section Load'!F23>0,'Section Load'!F23,0)) -> 3252.302 | F20: =(IF('Section Load'!G23>0,'Section Load'!G23,0)) -> 1591.16 | G20: =(IF('Section Load'!H23>0,'Section Load'!H23,0)) -> 1606.46 | H20: =(IF('Section Load'!I23>0,'Section Load'!I23,0)) -> 3770.33 | I20: =(IF('Section Load'!J23>0,'Section Load'!J23,0)) -> 6446.2 | J20: =(IF('Section Load'!K23>0,'Section Load'!K23,0)) -> 2549.57 | K20: =(IF('Section Load'!L23>0,'Section Load'!L23,0)) -> 1093.93 | L20: =(IF('Section Load'!M23>0,'Section Load'!M23,0)) -> 815.72 | ... AL20: =(IF('Section Load'!AM23>0,'Section Load'!AM23,0)) -> 776 | AM20: =(IF('Water Report'!$V$7>0,'Water Report'!$V$7,0)) -> 100 | AN20: =(IF('Water Report'!$V$8>0,'Water Report'!$V$8,0)) -> 154 | AO20: =(IF('Water Report'!$V$9>0,'Water Report'!$V$9,0)) -> 76 | AP20: =(IF('Water Report'!$V$10>0,'Water Report'!$V$10,0)) -> 18 | AQ20: =(IF('Water Report'!$V$11>0,'Water Report'!$V$11,0)) -> 23 | AR20: =(IF('Water Report'!$V$13>0,'Water Report'!$V$13,0)) -> 35 | AS20: =(IF('Water Report'!$V$14>0,'Water Report'!$V$14,0)) -> 11 | AT20: =(IF('Water Report'!$V$15>0,'Water Report'!$V$15,0)) -> 6 | AU20: =(IF('Water Report'!$V$17>0,'Water Report'!$V$17,0)) -> 0 | AV20: =(IF('Water Report'!$V$18>0,'Water Report'!$V$18,0)) -> 10 | AW20: =(IF('Water Report'!$V$19>0,'Water Report'!$V$19,0)) -> 6 | AX20: =(IF('Water Report'!$V$21>0,'Water Report'!$V$21,0)) -> 66 | AY20: =(IF('Water Report'!$V$22>0,'Water Report'!$V$22,0)) -> 40 | AZ20: =(IF('Water Report'!$V$23>0,'Water Report'!$V$23,0)) -> 0 | BA20: =(IF('Water Report'!$V$14>0,'Water Report'!$V$14,0)) -> 11 | BB20: =(IF('Water Report'!$V$15>0,'Water Report'!$V$15,0)) -> 6 | BC20: =(IF('Water Report'!$V$13>0,'Water Report'!$V$13,0)) -> 35 | BD20: =(IF('Water Report'!$V$24>0,'Water Report'!$V$24,0)) -> 260 | BE20: =(IF('Water Report'!$V$25>0,'Water Report'!$V$25,0)) -> 134 | BF20: =(IF('Water Report'!$V$27>0,'Water Report'!$V$27,0)) -> 101 | BG20: =(IF('Section Load'!AN23>0,'Section Load'!AN23,0)) -> 950 | BH20: =(IF('Section Load'!AO23>0,'Section Load'!AO23,0)) -> 267.73 | BI20: =(IF('Section Load'!AP23>0,'Section Load'!AP23,0)) -> 0 | BJ20: =(IF('Section Load'!AQ23>0,'Section Load'!AQ23,0)) -> 68.47 | BK20: =(IF('Section Load'!AR23>0,'Section Load'!AR23,0)) -> 31.7 | BL20: =(IF('Section Load'!AS23>0,'Section Load'!AS23,0)) -> 0 | BM20: =(IF('Section Load'!AT23>0,'Section Load'!AT23,0)) -> 582.1
A21: Mumbai | B21: =B20+1 -> 20 | C21: 8 | D21: 2021 | E21: =(IF('Section Load'!F24>0,'Section Load'!F24,0)) -> 2573.21 | F21: =(IF('Section Load'!G24>0,'Section Load'!G24,0)) -> 1586.97 | G21: =(IF('Section Load'!H24>0,'Section Load'!H24,0)) -> 1448.93 | H21: =(IF('Section Load'!I24>0,'Section Load'!I24,0)) -> 3767.43 | I21: =(IF('Section Load'!J24>0,'Section Load'!J24,0)) -> 7204.54 | J21: =(IF('Section Load'!K24>0,'Section Load'!K24,0)) -> 2710.7 | K21: =(IF('Section Load'!L24>0,'Section Load'!L24,0)) -> 1063.75 | L21: =(IF('Section Load'!M24>0,'Section Load'!M24,0)) -> 1166.52 | ... AL21: =(IF('Section Load'!AM24>0,'Section Load'!AM24,0)) -> 727 | AM21: =(IF('Water Report'!$W$7>0,'Water Report'!$W$7,0)) -> 35 | AN21: =(IF('Water Report'!$W$8>0,'Water Report'!$W$8,0)) -> 151 | AO21: =(IF('Water Report'!$W$9>0,'Water Report'!$W$9,0)) -> 51 | AP21: =(IF('Water Report'!$W$10>0,'Water Report'!$W$10,0)) -> 15 | AQ21: =(IF('Water Report'!$W$11>0,'Water Report'!$W$11,0)) -> 17 | AR21: =(IF('Water Report'!$W$13>0,'Water Report'!$W$13,0)) -> 10 | AS21: =(IF('Water Report'!$W$14>0,'Water Report'!$W$14,0)) -> 15 | AT21: =(IF('Water Report'!$W$15>0,'Water Report'!$W$15,0)) -> 4 | AU21: =(IF('Water Report'!$W$17>0,'Water Report'!$W$17,0)) -> 0 | AV21: =(IF('Water Report'!$W$18>0,'Water Report'!$W$18,0)) -> 0 | AW21: =(IF('Water Report'!$W$19>0,'Water Report'!$W$19,0)) -> 0 | AX21: =(IF('Water Report'!$W$21>0,'Water Report'!$W$21,0)) -> 66 | AY21: =(IF('Water Report'!$W$22>0,'Water Report'!$W$22,0)) -> 33 | AZ21: =(IF('Water Report'!$W$23>0,'Water Report'!$W$23,0)) -> 0 | BA21: =(IF('Water Report'!$W$14>0,'Water Report'!$W$14,0)) -> 15 | BB21: =(IF('Water Report'!$W$15>0,'Water Report'!$W$15,0)) -> 4 | BC21: =(IF('Water Report'!$W$13>0,'Water Report'!$W$13,0)) -> 10 | BD21: =(IF('Water Report'!$W$24>0,'Water Report'!$W$24,0)) -> 140 | BE21: =(IF('Water Report'!$W$25>0,'Water Report'!$W$25,0)) -> 102 | BF21: =(IF('Water Report'!$W$27>0,'Water Report'!$W$27,0)) -> 76 | BG21: =(IF('Section Load'!AN24>0,'Section Load'!AN24,0)) -> 950 | BH21: =(IF('Section Load'!AO24>0,'Section Load'!AO24,0)) -> 260.45 | BI21: =(IF('Section Load'!AP24>0,'Section Load'!AP24,0)) -> 0 | BJ21: =(IF('Section Load'!AQ24>0,'Section Load'!AQ24,0)) -> 81.23 | BK21: =(IF('Section Load'!AR24>0,'Section Load'!AR24,0)) -> 37 | BL21: =(IF('Section Load'!AS24>0,'Section Load'!AS24,0)) -> 1.7 | BM21: =(IF('Section Load'!AT24>0,'Section Load'!AT24,0)) -> 569.62
A22: Mumbai | B22: =B21+1 -> 21 | C22: 8 | D22: 2021 | E22: =(IF('Section Load'!F25>0,'Section Load'!F25,0)) -> 2837.54 | F22: =(IF('Section Load'!G25>0,'Section Load'!G25,0)) -> 1602.92 | G22: =(IF('Section Load'!H25>0,'Section Load'!H25,0)) -> 1578.05 | H22: =(IF('Section Load'!I25>0,'Section Load'!I25,0)) -> 3741.52 | I22: =(IF('Section Load'!J25>0,'Section Load'!J25,0)) -> 6289.11 | J22: =(IF('Section Load'!K25>0,'Section Load'!K25,0)) -> 2552.6 | K22: =(IF('Section Load'!L25>0,'Section Load'!L25,0)) -> 1014.92 | L22: =(IF('Section Load'!M25>0,'Section Load'!M25,0)) -> 759.4 | ... AL22: =(IF('Section Load'!AM25>0,'Section Load'!AM25,0)) -> 697 | AM22: =(IF('Water Report'!$X$7>0,'Water Report'!$X$7,0)) -> 79 | AN22: =(IF('Water Report'!$X$8>0,'Water Report'!$X$8,0)) -> 118 | AO22: =(IF('Water Report'!$X$9>0,'Water Report'!$X$9,0)) -> 79 | AP22: =(IF('Water Report'!$X$10>0,'Water Report'!$X$10,0)) -> 18 | AQ22: =(IF('Water Report'!$X$11>0,'Water Report'!$X$11,0)) -> 23 | AR22: =(IF('Water Report'!$X$13>0,'Water Report'!$X$13,0)) -> 18 | AS22: =(IF('Water Report'!$X$14>0,'Water Report'!$X$14,0)) -> 19 | AT22: =(IF('Water Report'!$X$15>0,'Water Report'!$X$15,0)) -> 11 | AU22: =(IF('Water Report'!$X$17>0,'Water Report'!$X$17,0)) -> 0 | AV22: =(IF('Water Report'!$X$18>0,'Water Report'!$X$18,0)) -> 12 | AW22: =(IF('Water Report'!$X$19>0,'Water Report'!$X$19,0)) -> 6 | AX22: =(IF('Water Report'!$X$21>0,'Water Report'!$X$21,0)) -> 66 | AY22: =(IF('Water Report'!$X$22>0,'Water Report'!$X$22,0)) -> 4 | AZ22: =(IF('Water Report'!$X$23>0,'Water Report'!$X$23,0)) -> 0 | BA22: =(IF('Water Report'!$X$14>0,'Water Report'!$X$14,0)) -> 19 | BB22: =(IF('Water Report'!$X$15>0,'Water Report'!$X$15,0)) -> 11 | BC22: =(IF('Water Report'!$X$13>0,'Water Report'!$X$13,0)) -> 18 | BD22: =(IF('Water Report'!$X$24>0,'Water Report'!$X$24,0)) -> 160 | BE22: =(IF('Water Report'!$X$25>0,'Water Report'!$X$25,0)) -> 150 | BF22: =(IF('Water Report'!$X$27>0,'Water Report'!$X$27,0)) -> 84 | BG22: =(IF('Section Load'!AN25>0,'Section Load'!AN25,0)) -> 950 | BH22: =(IF('Section Load'!AO25>0,'Section Load'!AO25,0)) -> 269.23 | BI22: =(IF('Section Load'!AP25>0,'Section Load'!AP25,0)) -> 0 | BJ22: =(IF('Section Load'!AQ25>0,'Section Load'!AQ25,0)) -> 85.07 | BK22: =(IF('Section Load'!AR25>0,'Section Load'!AR25,0)) -> 39.6 | BL22: =(IF('Section Load'!AS25>0,'Section Load'!AS25,0)) -> 1.3 | BM22: =(IF('Section Load'!AT25>0,'Section Load'!AT25,0)) -> 554.8
A23: Mumbai | B23: =B22+1 -> 22 | C23: 8 | D23: 2021 | E23: =(IF('Section Load'!F26>0,'Section Load'!F26,0)) -> 2925.76 | F23: =(IF('Section Load'!G26>0,'Section Load'!G26,0)) -> 1618.98 | G23: =(IF('Section Load'!H26>0,'Section Load'!H26,0)) -> 1490.8 | H23: =(IF('Section Load'!I26>0,'Section Load'!I26,0)) -> 3759.08 | I23: =(IF('Section Load'!J26>0,'Section Load'!J26,0)) -> 6891.7 | J23: =(IF('Section Load'!K26>0,'Section Load'!K26,0)) -> 2641.6 | K23: =(IF('Section Load'!L26>0,'Section Load'!L26,0)) -> 1079.52 | L23: =(IF('Section Load'!M26>0,'Section Load'!M26,0)) -> 653.86 | ... AL23: =(IF('Section Load'!AM26>0,'Section Load'!AM26,0)) -> 700 | AM23: =(IF('Water Report'!$Y$7>0,'Water Report'!$Y$7,0)) -> 81 | AN23: =(IF('Water Report'!$Y$8>0,'Water Report'!$Y$8,0)) -> 30 | AO23: =(IF('Water Report'!$Y$9>0,'Water Report'!$Y$9,0)) -> 73 | AP23: =(IF('Water Report'!$Y$10>0,'Water Report'!$Y$10,0)) -> 22 | AQ23: =(IF('Water Report'!$Y$11>0,'Water Report'!$Y$11,0)) -> 20 | AR23: =(IF('Water Report'!$Y$13>0,'Water Report'!$Y$13,0)) -> 14 | AS23: =(IF('Water Report'!$Y$14>0,'Water Report'!$Y$14,0)) -> 23 | AT23: =(IF('Water Report'!$Y$15>0,'Water Report'!$Y$15,0)) -> 11 | AU23: =(IF('Water Report'!$Y$17>0,'Water Report'!$Y$17,0)) -> 0 | AV23: =(IF('Water Report'!$Y$18>0,'Water Report'!$Y$18,0)) -> 10 | AW23: =(IF('Water Report'!$Y$19>0,'Water Report'!$Y$19,0)) -> 5 | AX23: =(IF('Water Report'!$Y$21>0,'Water Report'!$Y$21,0)) -> 68 | AY23: =(IF('Water Report'!$Y$22>0,'Water Report'!$Y$22,0)) -> 15 | AZ23: =(IF('Water Report'!$Y$23>0,'Water Report'!$Y$23,0)) -> 0 | BA23: =(IF('Water Report'!$Y$14>0,'Water Report'!$Y$14,0)) -> 23 | BB23: =(IF('Water Report'!$Y$15>0,'Water Report'!$Y$15,0)) -> 11 | BC23: =(IF('Water Report'!$Y$13>0,'Water Report'!$Y$13,0)) -> 14 | BD23: =(IF('Water Report'!$Y$24>0,'Water Report'!$Y$24,0)) -> 180 | BE23: =(IF('Water Report'!$Y$25>0,'Water Report'!$Y$25,0)) -> 149 | BF23: =(IF('Water Report'!$Y$27>0,'Water Report'!$Y$27,0)) -> 82 | BG23: =(IF('Section Load'!AN26>0,'Section Load'!AN26,0)) -> 950 | BH23: =(IF('Section Load'!AO26>0,'Section Load'!AO26,0)) -> 265 | BI23: =(IF('Section Load'!AP26>0,'Section Load'!AP26,0)) -> 0 | BJ23: =(IF('Section Load'!AQ26>0,'Section Load'!AQ26,0)) -> 82.09 | BK23: =(IF('Section Load'!AR26>0,'Section Load'!AR26,0)) -> 44.7 | BL23: =(IF('Section Load'!AS26>0,'Section Load'!AS26,0)) -> 1 | BM23: =(IF('Section Load'!AT26>0,'Section Load'!AT26,0)) -> 557.21
A24: Mumbai | B24: =B23+1 -> 23 | C24: 8 | D24: 2021 | E24: =(IF('Section Load'!F27>0,'Section Load'!F27,0)) -> 3047.58 | F24: =(IF('Section Load'!G27>0,'Section Load'!G27,0)) -> 1602.16 | G24: =(IF('Section Load'!H27>0,'Section Load'!H27,0)) -> 1578.86 | H24: =(IF('Section Load'!I27>0,'Section Load'!I27,0)) -> 3787.96 | I24: =(IF('Section Load'!J27>0,'Section Load'!J27,0)) -> 7521.05 | J24: =(IF('Section Load'!K27>0,'Section Load'!K27,0)) -> 2699.2 | K24: =(IF('Section Load'!L27>0,'Section Load'!L27,0)) -> 996.76 | L24: =(IF('Section Load'!M27>0,'Section Load'!M27,0)) -> 684.06 | ... AL24: =(IF('Section Load'!AM27>0,'Section Load'!AM27,0)) -> 709 | AM24: =(IF('Water Report'!$Z$7>0,'Water Report'!$Z$7,0)) -> 102 | AN24: =(IF('Water Report'!$Z$8>0,'Water Report'!$Z$8,0)) -> 124 | AO24: =(IF('Water Report'!$Z$9>0,'Water Report'!$Z$9,0)) -> 67 | AP24: =(IF('Water Report'!$Z$10>0,'Water Report'!$Z$10,0)) -> 20 | AQ24: =(IF('Water Report'!$Z$11>0,'Water Report'!$Z$11,0)) -> 21 | AR24: =(IF('Water Report'!$Z$13>0,'Water Report'!$Z$13,0)) -> 49 | AS24: =(IF('Water Report'!$Z$14>0,'Water Report'!$Z$14,0)) -> 12 | AT24: =(IF('Water Report'!$Z$15>0,'Water Report'!$Z$15,0)) -> 8 | AU24: =(IF('Water Report'!$Z$17>0,'Water Report'!$Z$17,0)) -> 0 | AV24: =(IF('Water Report'!$Z$18>0,'Water Report'!$Z$18,0)) -> 9 | AW24: =(IF('Water Report'!$Z$19>0,'Water Report'!$Z$19,0)) -> 5 | AX24: =(IF('Water Report'!$Z$21>0,'Water Report'!$Z$21,0)) -> 71 | AY24: =(IF('Water Report'!$Z$22>0,'Water Report'!$Z$22,0)) -> 26 | AZ24: =(IF('Water Report'!$Z$23>0,'Water Report'!$Z$23,0)) -> 0 | BA24: =(IF('Water Report'!$Z$14>0,'Water Report'!$Z$14,0)) -> 12 | BB24: =(IF('Water Report'!$Z$15>0,'Water Report'!$Z$15,0)) -> 8 | BC24: =(IF('Water Report'!$Z$13>0,'Water Report'!$Z$13,0)) -> 49 | BD24: =(IF('Water Report'!$Z$24>0,'Water Report'!$Z$24,0)) -> 160 | BE24: =(IF('Water Report'!$Z$25>0,'Water Report'!$Z$25,0)) -> 128 | BF24: =(IF('Water Report'!$Z$27>0,'Water Report'!$Z$27,0)) -> 120 | BG24: =(IF('Section Load'!AN27>0,'Section Load'!AN27,0)) -> 950 | BH24: =(IF('Section Load'!AO27>0,'Section Load'!AO27,0)) -> 259.04 | BI24: =(IF('Section Load'!AP27>0,'Section Load'!AP27,0)) -> 0 | BJ24: =(IF('Section Load'!AQ27>0,'Section Load'!AQ27,0)) -> 78.82 | BK24: =(IF('Section Load'!AR27>0,'Section Load'!AR27,0)) -> 41.4 | BL24: =(IF('Section Load'!AS27>0,'Section Load'!AS27,0)) -> 1.9 | BM24: =(IF('Section Load'!AT27>0,'Section Load'!AT27,0)) -> 568.84
A25: Mumbai | B25: =B24+1 -> 24 | C25: 8 | D25: 2021 | E25: =(IF('Section Load'!F28>0,'Section Load'!F28,0)) -> 3076.91 | F25: =(IF('Section Load'!G28>0,'Section Load'!G28,0)) -> 1631.97 | G25: =(IF('Section Load'!H28>0,'Section Load'!H28,0)) -> 1604.36 | H25: =(IF('Section Load'!I28>0,'Section Load'!I28,0)) -> 3817.42 | I25: =(IF('Section Load'!J28>0,'Section Load'!J28,0)) -> 7305.15 | J25: =(IF('Section Load'!K28>0,'Section Load'!K28,0)) -> 2784.9 | K25: =(IF('Section Load'!L28>0,'Section Load'!L28,0)) -> 988.05 | L25: =(IF('Section Load'!M28>0,'Section Load'!M28,0)) -> 689.16 | ... AL25: =(IF('Section Load'!AM28>0,'Section Load'!AM28,0)) -> 782 | AM25: =(IF('Water Report'!$AA$7>0,'Water Report'!$AA$7,0)) -> 124 | AN25: =(IF('Water Report'!$AA$8>0,'Water Report'!$AA$8,0)) -> 110 | AO25: =(IF('Water Report'!$AA$9>0,'Water Report'!$AA$9,0)) -> 64 | AP25: =(IF('Water Report'!$AA$10>0,'Water Report'!$AA$10,0)) -> 23 | AQ25: =(IF('Water Report'!$AA$11>0,'Water Report'!$AA$11,0)) -> 34 | AR25: =(IF('Water Report'!$AA$13>0,'Water Report'!$AA$13,0)) -> 6 | AS25: =(IF('Water Report'!$AA$14>0,'Water Report'!$AA$14,0)) -> 12 | AT25: =(IF('Water Report'!$AA$15>0,'Water Report'!$AA$15,0)) -> 6 | AU25: =(IF('Water Report'!$AA$17>0,'Water Report'!$AA$17,0)) -> 0 | AV25: =(IF('Water Report'!$AA$18>0,'Water Report'!$AA$18,0)) -> 10 | AW25: =(IF('Water Report'!$AA$19>0,'Water Report'!$AA$19,0)) -> 5 | AX25: =(IF('Water Report'!$AA$21>0,'Water Report'!$AA$21,0)) -> 72 | AY25: =(IF('Water Report'!$AA$22>0,'Water Report'!$AA$22,0)) -> 31 | AZ25: =(IF('Water Report'!$AA$23>0,'Water Report'!$AA$23,0)) -> 0 | BA25: =(IF('Water Report'!$AA$14>0,'Water Report'!$AA$14,0)) -> 12 | BB25: =(IF('Water Report'!$AA$15>0,'Water Report'!$AA$15,0)) -> 6 | BC25: =(IF('Water Report'!$AA$13>0,'Water Report'!$AA$13,0)) -> 6 | BD25: =(IF('Water Report'!$AA$24>0,'Water Report'!$AA$24,0)) -> 170 | BE25: =(IF('Water Report'!$AA$25>0,'Water Report'!$AA$25,0)) -> 139 | BF25: =(IF('Water Report'!$AA$27>0,'Water Report'!$AA$27,0)) -> 78 | BG25: =(IF('Section Load'!AN28>0,'Section Load'!AN28,0)) -> 950 | BH25: =(IF('Section Load'!AO28>0,'Section Load'!AO28,0)) -> 254.28 | BI25: =(IF('Section Load'!AP28>0,'Section Load'!AP28,0)) -> 0 | BJ25: =(IF('Section Load'!AQ28>0,'Section Load'!AQ28,0)) -> 87.79 | BK25: =(IF('Section Load'!AR28>0,'Section Load'!AR28,0)) -> 50.3 | BL25: =(IF('Section Load'!AS28>0,'Section Load'!AS28,0)) -> 4.1 | BM25: =(IF('Section Load'!AT28>0,'Section Load'!AT28,0)) -> 553.93
A26: Mumbai | B26: =B25+1 -> 25 | C26: 8 | D26: 2021 | E26: =(IF('Section Load'!F29>0,'Section Load'!F29,0)) -> 2993 | F26: =(IF('Section Load'!G29>0,'Section Load'!G29,0)) -> 1677.87 | G26: =(IF('Section Load'!H29>0,'Section Load'!H29,0)) -> 1682.07 | H26: =(IF('Section Load'!I29>0,'Section Load'!I29,0)) -> 3772 | I26: =(IF('Section Load'!J29>0,'Section Load'!J29,0)) -> 7467.45 | J26: =(IF('Section Load'!K29>0,'Section Load'!K29,0)) -> 2870 | K26: =(IF('Section Load'!L29>0,'Section Load'!L29,0)) -> 1138 | L26: =(IF('Section Load'!M29>0,'Section Load'!M29,0)) -> 718 | ... AL26: =(IF('Section Load'!AM29>0,'Section Load'!AM29,0)) -> 784 | AM26: =(IF('Water Report'!$AB$7>0,'Water Report'!$AB$7,0)) -> 134 | AN26: =(IF('Water Report'!$AB$8>0,'Water Report'!$AB$8,0)) -> 67 | AO26: =(IF('Water Report'!$AB$9>0,'Water Report'!$AB$9,0)) -> 78 | AP26: =(IF('Water Report'!$AB$10>0,'Water Report'!$AB$10,0)) -> 31 | AQ26: =(IF('Water Report'!$AB$11>0,'Water Report'!$AB$11,0)) -> 39 | AR26: =(IF('Water Report'!$AB$13>0,'Water Report'!$AB$13,0)) -> 35 | AS26: =(IF('Water Report'!$AB$14>0,'Water Report'!$AB$14,0)) -> 19 | AT26: =(IF('Water Report'!$AB$15>0,'Water Report'!$AB$15,0)) -> 15 | AU26: =(IF('Water Report'!$AB$17>0,'Water Report'!$AB$17,0)) -> 0 | AV26: =(IF('Water Report'!$AB$18>0,'Water Report'!$AB$18,0)) -> 10 | AW26: =(IF('Water Report'!$AB$19>0,'Water Report'!$AB$19,0)) -> 5 | AX26: =(IF('Water Report'!$AB$21>0,'Water Report'!$AB$21,0)) -> 72 | AY26: =(IF('Water Report'!$AB$22>0,'Water Report'!$AB$22,0)) -> 37 | AZ26: =(IF('Water Report'!$AB$23>0,'Water Report'!$AB$23,0)) -> 0 | BA26: =(IF('Water Report'!$AB$14>0,'Water Report'!$AB$14,0)) -> 19 | BB26: =(IF('Water Report'!$AB$15>0,'Water Report'!$AB$15,0)) -> 15 | BC26: =(IF('Water Report'!$AB$13>0,'Water Report'!$AB$13,0)) -> 35 | BD26: =(IF('Water Report'!$AB$24>0,'Water Report'!$AB$24,0)) -> 220 | BE26: =(IF('Water Report'!$AB$25>0,'Water Report'!$AB$25,0)) -> 182 | BF26: =(IF('Water Report'!$AB$27>0,'Water Report'!$AB$27,0)) -> 107 | BG26: =(IF('Section Load'!AN29>0,'Section Load'!AN29,0)) -> 950 | BH26: =(IF('Section Load'!AO29>0,'Section Load'!AO29,0)) -> 280 | BI26: =(IF('Section Load'!AP29>0,'Section Load'!AP29,0)) -> 0 | BJ26: =(IF('Section Load'!AQ29>0,'Section Load'!AQ29,0)) -> 73 | BK26: =(IF('Section Load'!AR29>0,'Section Load'!AR29,0)) -> 40 | BL26: =(IF('Section Load'!AS29>0,'Section Load'!AS29,0)) -> 4 | BM26: =(IF('Section Load'!AT29>0,'Section Load'!AT29,0)) -> 553
A27: Mumbai | B27: =B26+1 -> 26 | C27: 8 | D27: 2021 | E27: =(IF('Section Load'!F30>0,'Section Load'!F30,0)) -> 3145 | F27: =(IF('Section Load'!G30>0,'Section Load'!G30,0)) -> 1663 | G27: =(IF('Section Load'!H30>0,'Section Load'!H30,0)) -> 1573 | H27: =(IF('Section Load'!I30>0,'Section Load'!I30,0)) -> 3750 | I27: =(IF('Section Load'!J30>0,'Section Load'!J30,0)) -> 7309 | J27: =(IF('Section Load'!K30>0,'Section Load'!K30,0)) -> 2794 | K27: =(IF('Section Load'!L30>0,'Section Load'!L30,0)) -> 928 | L27: =(IF('Section Load'!M30>0,'Section Load'!M30,0)) -> 755 | ... AL27: =(IF('Section Load'!AM30>0,'Section Load'!AM30,0)) -> 829 | AM27: =(IF('Water Report'!$AC$7>0,'Water Report'!$AC$7,0)) -> 82 | AN27: =(IF('Water Report'!$AC$8>0,'Water Report'!$AC$8,0)) -> 108 | AO27: =(IF('Water Report'!$AC$9>0,'Water Report'!$AC$9,0)) -> 69 | AP27: =(IF('Water Report'!$AC$10>0,'Water Report'!$AC$10,0)) -> 24 | AQ27: =(IF('Water Report'!$AC$11>0,'Water Report'!$AC$11,0)) -> 22 | AR27: =(IF('Water Report'!$AC$13>0,'Water Report'!$AC$13,0)) -> 27 | AS27: =(IF('Water Report'!$AC$14>0,'Water Report'!$AC$14,0)) -> 21 | AT27: =(IF('Water Report'!$AC$15>0,'Water Report'!$AC$15,0)) -> 6 | AU27: =(IF('Water Report'!$AC$17>0,'Water Report'!$AC$17,0)) -> 0 | AV27: =(IF('Water Report'!$AC$18>0,'Water Report'!$AC$18,0)) -> 12 | AW27: =(IF('Water Report'!$AC$19>0,'Water Report'!$AC$19,0)) -> 4 | AX27: =(IF('Water Report'!$AC$21>0,'Water Report'!$AC$21,0)) -> 73 | AY27: =(IF('Water Report'!$AC$22>0,'Water Report'!$AC$22,0)) -> 11 | AZ27: =(IF('Water Report'!$AC$23>0,'Water Report'!$AC$23,0)) -> 0 | BA27: =(IF('Water Report'!$AC$14>0,'Water Report'!$AC$14,0)) -> 21 | BB27: =(IF('Water Report'!$AC$15>0,'Water Report'!$AC$15,0)) -> 6 | BC27: =(IF('Water Report'!$AC$13>0,'Water Report'!$AC$13,0)) -> 27 | BD27: =(IF('Water Report'!$AC$24>0,'Water Report'!$AC$24,0)) -> 180 | BE27: =(IF('Water Report'!$AC$25>0,'Water Report'!$AC$25,0)) -> 142 | BF27: =(IF('Water Report'!$AC$27>0,'Water Report'!$AC$27,0)) -> 100 | BG27: =(IF('Section Load'!AN30>0,'Section Load'!AN30,0)) -> 950 | BH27: =(IF('Section Load'!AO30>0,'Section Load'!AO30,0)) -> 252 | BI27: =(IF('Section Load'!AP30>0,'Section Load'!AP30,0)) -> 0 | BJ27: =(IF('Section Load'!AQ30>0,'Section Load'!AQ30,0)) -> 71 | BK27: =(IF('Section Load'!AR30>0,'Section Load'!AR30,0)) -> 35 | BL27: =(IF('Section Load'!AS30>0,'Section Load'!AS30,0)) -> 2 | BM27: =(IF('Section Load'!AT30>0,'Section Load'!AT30,0)) -> 590
A28: Mumbai | B28: =B27+1 -> 27 | C28: 8 | D28: 2021 | E28: =(IF('Section Load'!F31>0,'Section Load'!F31,0)) -> 2883 | F28: =(IF('Section Load'!G31>0,'Section Load'!G31,0)) -> 1655.13 | G28: =(IF('Section Load'!H31>0,'Section Load'!H31,0)) -> 1507.93 | H28: =(IF('Section Load'!I31>0,'Section Load'!I31,0)) -> 3783 | I28: =(IF('Section Load'!J31>0,'Section Load'!J31,0)) -> 6213 | J28: =(IF('Section Load'!K31>0,'Section Load'!K31,0)) -> 2676 | K28: =(IF('Section Load'!L31>0,'Section Load'!L31,0)) -> 988 | L28: =(IF('Section Load'!M31>0,'Section Load'!M31,0)) -> 671 | ... AL28: =(IF('Section Load'!AM31>0,'Section Load'!AM31,0)) -> 835 | AM28: =(IF('Water Report'!$AD$7>0,'Water Report'!$AD$7,0)) -> 54 | AN28: =(IF('Water Report'!$AD$8>0,'Water Report'!$AD$8,0)) -> 15 | AO28: =(IF('Water Report'!$AD$9>0,'Water Report'!$AD$9,0)) -> 62 | AP28: =(IF('Water Report'!$AD$10>0,'Water Report'!AD$10,0)) -> 19 | AQ28: =(IF('Water Report'!$AD$11>0,'Water Report'!AE$11,0)) -> 24 | AR28: =(IF('Water Report'!$AD$13>0,'Water Report'!AF$13,0)) -> 30 | AS28: =(IF('Water Report'!$AD$14>0,'Water Report'!AG$14,0)) -> 18 | AT28: =(IF('Water Report'!$AD$15>0,'Water Report'!AH$15,0)) -> -499 | AU28: =(IF('Water Report'!$AD$17>0,'Water Report'!AI$17,0)) -> 0 | AV28: =(IF('Water Report'!$AD$18>0,'Water Report'!AJ$18,0)) -> 0 | AW28: =(IF('Water Report'!$AD$19>0,'Water Report'!AK$19,0)) -> 0 | AX28: =(IF('Water Report'!$AD$21>0,'Water Report'!AL$21,0)) -> 0 | AY28: =(IF('Water Report'!$AD$22>0,'Water Report'!AM$22,0)) -> 0 | AZ28: =(IF('Water Report'!$AD$23>0,'Water Report'!AN$23,0)) -> 0 | BA28: =(IF('Water Report'!$AD$14>0,'Water Report'!AO$14,0)) -> 0 | BB28: =(IF('Water Report'!$AD$15>0,'Water Report'!AP$15,0)) -> 0 | BC28: =(IF('Water Report'!$AD$13>0,'Water Report'!AQ$13,0)) -> 0 | BD28: =(IF('Water Report'!$AD$24>0,'Water Report'!AR$24,0)) -> 0 | BE28: =(IF('Water Report'!$AD$25>0,'Water Report'!AS$25,0)) -> 0 | BF28: =(IF('Water Report'!$AD$27>0,'Water Report'!AT$27,0)) -> 0 | BG28: =(IF('Section Load'!AN31>0,'Section Load'!AN31,0)) -> 950 | BH28: =(IF('Section Load'!AO31>0,'Section Load'!AO31,0)) -> 250 | BI28: =(IF('Section Load'!AP31>0,'Section Load'!AP31,0)) -> 0.4 | BJ28: =(IF('Section Load'!AQ31>0,'Section Load'!AQ31,0)) -> 62 | BK28: =(IF('Section Load'!AR31>0,'Section Load'!AR31,0)) -> 30 | BL28: =(IF('Section Load'!AS31>0,'Section Load'!AS31,0)) -> 1 | BM28: =(IF('Section Load'!AT31>0,'Section Load'!AT31,0)) -> 606.6
A29: Mumbai | B29: =B28+1 -> 28 | C29: 8 | D29: 2021 | E29: =(IF('Section Load'!F32>0,'Section Load'!F32,0)) -> 2896 | F29: =(IF('Section Load'!G32>0,'Section Load'!G32,0)) -> 1600 | G29: =(IF('Section Load'!H32>0,'Section Load'!H32,0)) -> 1549.07 | H29: =(IF('Section Load'!I32>0,'Section Load'!I32,0)) -> 3785 | I29: =(IF('Section Load'!J32>0,'Section Load'!J32,0)) -> 6109 | J29: =(IF('Section Load'!K32>0,'Section Load'!K32,0)) -> 2686.33 | K29: =(IF('Section Load'!L32>0,'Section Load'!L32,0)) -> 920 | L29: =(IF('Section Load'!M32>0,'Section Load'!M32,0)) -> 674 | ... AL29: =(IF('Section Load'!AM32>0,'Section Load'!AM32,0)) -> 779 | AM29: =(IF('Water Report'!$AE$7>0,'Water Report'!$AE$7,0)) -> 61 | AN29: =(IF('Water Report'!$AE$8>0,'Water Report'!$AE$8,0)) -> 119 | AO29: =(IF('Water Report'!$AE$9>0,'Water Report'!$AE$9,0)) -> 61 | AP29: =(IF('Water Report'!$AE$10>0,'Water Report'!$AE$10,0)) -> 21 | AQ29: =(IF('Water Report'!$AE$11>0,'Water Report'!$AE$11,0)) -> 24 | AR29: =(IF('Water Report'!$AE$13>0,'Water Report'!$AE$13,0)) -> 47 | AS29: =(IF('Water Report'!$AE$14>0,'Water Report'!$AE$14,0)) -> 11 | AT29: =(IF('Water Report'!$AE$15>0,'Water Report'!$AE$15,0)) -> 9 | AU29: =(IF('Water Report'!$AE$17>0,'Water Report'!$AE$17,0)) -> 0 | AV29: =(IF('Water Report'!$AE$18>0,'Water Report'!$AE$18,0)) -> 8 | AW29: =(IF('Water Report'!$AE$19>0,'Water Report'!$AE$19,0)) -> 3 | AX29: =(IF('Water Report'!$AE$21>0,'Water Report'!$AE$21,0)) -> 70 | AY29: =(IF('Water Report'!$AE$22>0,'Water Report'!$AE$22,0)) -> 19 | AZ29: =(IF('Water Report'!$AE$23>0,'Water Report'!$AE$23,0)) -> 0 | BA29: =(IF('Water Report'!$AE$14>0,'Water Report'!$AE$14,0)) -> 11 | BB29: =(IF('Water Report'!$AE$15>0,'Water Report'!$AE$15,0)) -> 9 | BC29: =(IF('Water Report'!$AE$13>0,'Water Report'!$AE$13,0)) -> 47 | BD29: =(IF('Water Report'!$AE$24>0,'Water Report'!$AE$24,0)) -> 120 | BE29: =(IF('Water Report'!$AE$25>0,'Water Report'!$AE$25,0)) -> 126 | BF29: =(IF('Water Report'!$AE$27>0,'Water Report'!$AE$27,0)) -> 117 | BG29: =(IF('Section Load'!AN32>0,'Section Load'!AN32,0)) -> 950 | BH29: =(IF('Section Load'!AO32>0,'Section Load'!AO32,0)) -> 243 | BI29: =(IF('Section Load'!AP32>0,'Section Load'!AP32,0)) -> 0 | BJ29: =(IF('Section Load'!AQ32>0,'Section Load'!AQ32,0)) -> 66 | BK29: =(IF('Section Load'!AR32>0,'Section Load'!AR32,0)) -> 32 | BL29: =(IF('Section Load'!AS32>0,'Section Load'!AS32,0)) -> 2 | BM29: =(IF('Section Load'!AT32>0,'Section Load'!AT32,0)) -> 607
A30: Mumbai | B30: =B29+1 -> 29 | C30: 8 | D30: 2021 | E30: =(IF('Section Load'!F33>0,'Section Load'!F33,0)) -> 3024 | F30: =(IF('Section Load'!G33>0,'Section Load'!G33,0)) -> 1606.87 | G30: =(IF('Section Load'!H33>0,'Section Load'!H33,0)) -> 1643 | H30: =(IF('Section Load'!I33>0,'Section Load'!I33,0)) -> 3817 | I30: =(IF('Section Load'!J33>0,'Section Load'!J33,0)) -> 7255 | J30: =(IF('Section Load'!K33>0,'Section Load'!K33,0)) -> 2797.67 | K30: =(IF('Section Load'!L33>0,'Section Load'!L33,0)) -> 980 | L30: =(IF('Section Load'!M33>0,'Section Load'!M33,0)) -> 1126 | ... AL30: =(IF('Section Load'!AM33>0,'Section Load'!AM33,0)) -> 793 | AM30: =(IF('Water Report'!$AF$7>0,'Water Report'!$AF$7,0)) -> 67 | AN30: =(IF('Water Report'!$AF$8>0,'Water Report'!$AF$8,0)) -> 108 | AO30: =(IF('Water Report'!$AF$9>0,'Water Report'!$AF$9,0)) -> 69 | AP30: =(IF('Water Report'!$AF$10>0,'Water Report'!$AF$10,0)) -> 20 | AQ30: =(IF('Water Report'!$AF$11>0,'Water Report'!$AF$11,0)) -> 25 | AR30: =(IF('Water Report'!$AF$13>0,'Water Report'!$AF$13,0)) -> 30 | AS30: =(IF('Water Report'!$AF$14>0,'Water Report'!$AF$14,0)) -> 10 | AT30: =(IF('Water Report'!$AF$15>0,'Water Report'!$AF$15,0)) -> 7 | AU30: =(IF('Water Report'!$AF$17>0,'Water Report'!$AF$17,0)) -> 0 | AV30: =(IF('Water Report'!$AF$18>0,'Water Report'!$AF$18,0)) -> 8 | AW30: =(IF('Water Report'!$AF$19>0,'Water Report'!$AF$19,0)) -> 5 | AX30: =(IF('Water Report'!$AF$21>0,'Water Report'!$AF$21,0)) -> 70 | AY30: =(IF('Water Report'!$AF$22>0,'Water Report'!$AF$22,0)) -> 0 | AZ30: =(IF('Water Report'!$AF$23>0,'Water Report'!$AF$23,0)) -> 0 | BA30: =(IF('Water Report'!$AF$14>0,'Water Report'!$AF$14,0)) -> 10 | BB30: =(IF('Water Report'!$AF$15>0,'Water Report'!$AF$15,0)) -> 7 | BC30: =(IF('Water Report'!$AF$13>0,'Water Report'!$AF$13,0)) -> 30 | BD30: =(IF('Water Report'!$AF$24>0,'Water Report'!$AF$24,0)) -> 200 | BE30: =(IF('Water Report'!$AF$25>0,'Water Report'!$AF$25,0)) -> 131 | BF30: =(IF('Water Report'!$AF$27>0,'Water Report'!$AF$27,0)) -> 100 | BG30: =(IF('Section Load'!AN33>0,'Section Load'!AN33,0)) -> 950 | BH30: =(IF('Section Load'!AO33>0,'Section Load'!AO33,0)) -> 265 | BI30: =(IF('Section Load'!AP33>0,'Section Load'!AP33,0)) -> 0 | BJ30: =(IF('Section Load'!AQ33>0,'Section Load'!AQ33,0)) -> 89 | BK30: =(IF('Section Load'!AR33>0,'Section Load'!AR33,0)) -> 44 | BL30: =(IF('Section Load'!AS33>0,'Section Load'!AS33,0)) -> 1 | BM30: =(IF('Section Load'!AT33>0,'Section Load'!AT33,0)) -> 551.4
A31: Mumbai | B31: =B30+1 -> 30 | C31: 8 | D31: 2021 | E31: =(IF('Section Load'!F34>0,'Section Load'!F34,0)) -> 3004 | F31: =(IF('Section Load'!G34>0,'Section Load'!G34,0)) -> 1632.13 | G31: =(IF('Section Load'!H34>0,'Section Load'!H34,0)) -> 1699.93 | H31: =(IF('Section Load'!I34>0,'Section Load'!I34,0)) -> 3848 | I31: =(IF('Section Load'!J34>0,'Section Load'!J34,0)) -> 6835 | J31: =(IF('Section Load'!K34>0,'Section Load'!K34,0)) -> 2640 | K31: =(IF('Section Load'!L34>0,'Section Load'!L34,0)) -> 1029 | L31: =(IF('Section Load'!M34>0,'Section Load'!M34,0)) -> 857 | ... AL31: =(IF('Section Load'!AM34>0,'Section Load'!AM34,0)) -> 802 | AM31: =(IF('Water Report'!$AG$7>0,'Water Report'!$AG$7,0)) -> 85 | AN31: =(IF('Water Report'!$AG$8>0,'Water Report'!$AG$8,0)) -> 76 | AO31: =(IF('Water Report'!$AG$9>0,'Water Report'!$AG$9,0)) -> 73 | AP31: =(IF('Water Report'!$AG$10>0,'Water Report'!$DAG$10,0)) -> 0 | AQ31: =(IF('Water Report'!$AG$11>0,'Water Report'!$DAG$11,0)) -> 0 | AR31: =(IF('Water Report'!$AG$13>0,'Water Report'!$DAG$13,0)) -> 0 | AS31: =(IF('Water Report'!$AG$14>0,'Water Report'!$DAG$14,0)) -> 0 | AT31: =(IF('Water Report'!$AG$15>0,'Water Report'!$DAG$15,0)) -> 0 | AU31: =(IF('Water Report'!$AG$17>0,'Water Report'!$DAG$17,0)) -> 0 | AV31: =(IF('Water Report'!$AG$18>0,'Water Report'!$DAG$18,0)) -> 0 | AW31: =(IF('Water Report'!$AG$19>0,'Water Report'!$DAG$19,0)) -> 0 | AX31: =(IF('Water Report'!$AG$21>0,'Water Report'!$DAG$21,0)) -> 0 | AY31: =(IF('Water Report'!$AG$22>0,'Water Report'!$DAG$22,0)) -> 0 | AZ31: =(IF('Water Report'!$AG$23>0,'Water Report'!$DAG$23,0)) -> 0 | BA31: =(IF('Water Report'!$AG$14>0,'Water Report'!$DAG$14,0)) -> 0 | BB31: =(IF('Water Report'!$AG$15>0,'Water Report'!$DAG$15,0)) -> 0 | BC31: =(IF('Water Report'!$AG$13>0,'Water Report'!$DAG$13,0)) -> 0 | BD31: =(IF('Water Report'!$AG$24>0,'Water Report'!$DAG$24,0)) -> 0 | BE31: =(IF('Water Report'!$AG$25>0,'Water Report'!$DAG$25,0)) -> 0 | BF31: =(IF('Water Report'!$AG$27>0,'Water Report'!$DAG$27,0)) -> 0 | BG31: =(IF('Section Load'!AN34>0,'Section Load'!AN34,0)) -> 950 | BH31: =(IF('Section Load'!AO34>0,'Section Load'!AO34,0)) -> 162 | BI31: =(IF('Section Load'!AP34>0,'Section Load'!AP34,0)) -> 0.4 | BJ31: =(IF('Section Load'!AQ34>0,'Section Load'!AQ34,0)) -> 91 | BK31: =(IF('Section Load'!AR34>0,'Section Load'!AR34,0)) -> 49 | BL31: =(IF('Section Load'!AS34>0,'Section Load'!AS34,0)) -> 4 | BM31: =(IF('Section Load'!AT34>0,'Section Load'!AT34,0)) -> 643.6
A32: Mumbai | B32: =B31+1 -> 31 | C32: 8 | D32: 2021 | E32: =(IF('Section Load'!F35>0,'Section Load'!F35,0)) -> 0 | F32: =(IF('Section Load'!G35>0,'Section Load'!G35,0)) -> 0 | G32: =(IF('Section Load'!H35>0,'Section Load'!H35,0)) -> 1249 | H32: =(IF('Section Load'!I35>0,'Section Load'!I35,0)) -> 0 | I32: =(IF('Section Load'!J35>0,'Section Load'!J35,0)) -> 0 | J32: =(IF('Section Load'!K35>0,'Section Load'!K35,0)) -> 0 | K32: =(IF('Section Load'!L35>0,'Section Load'!L35,0)) -> 0 | L32: =(IF('Section Load'!M35>0,'Section Load'!M35,0)) -> 173 | ... AL32: =(IF('Section Load'!AM35>0,'Section Load'!AM35,0)) -> 0 | AM32: =(IF('Water Report'!$AH$7>0,'Water Report'!$AH$7,0)) -> 0 | AN32: =(IF('Water Report'!$AH$8>0,'Water Report'!$AH$8,0)) -> 0 | AO32: =(IF('Water Report'!$AH$9>0,'Water Report'!$AH$9,0)) -> 0 | AP32: =(IF('Water Report'!$AH$10>0,'Water Report'!$DAH$10,0)) -> 0 | AQ32: =(IF('Water Report'!$AH$11>0,'Water Report'!$DAH$11,0)) -> 0 | AR32: =(IF('Water Report'!$AH$13>0,'Water Report'!$DAH$13,0)) -> 0 | AS32: =(IF('Water Report'!$AH$14>0,'Water Report'!$DAH$14,0)) -> 0 | AT32: =(IF('Water Report'!$AH$15>0,'Water Report'!$DAH$15,0)) -> 0 | AU32: =(IF('Water Report'!$AH$17>0,'Water Report'!$DAH$17,0)) -> 0 | AV32: =(IF('Water Report'!$AH$18>0,'Water Report'!$DAH$18,0)) -> 0 | AW32: =(IF('Water Report'!$AH$19>0,'Water Report'!$DAH$19,0)) -> 0 | AX32: =(IF('Water Report'!$AH$21>0,'Water Report'!$DAH$21,0)) -> 0 | AY32: =(IF('Water Report'!$AH$22>0,'Water Report'!$DAH$22,0)) -> 0 | AZ32: =(IF('Water Report'!$AH$23>0,'Water Report'!$DAH$23,0)) -> 0 | BA32: =(IF('Water Report'!$AH$14>0,'Water Report'!$DAH$14,0)) -> 0 | BB32: =(IF('Water Report'!$AH$15>0,'Water Report'!$DAH$15,0)) -> 0 | BC32: =(IF('Water Report'!$AH$13>0,'Water Report'!$DAH$13,0)) -> 0 | BD32: =(IF('Water Report'!$AH$24>0,'Water Report'!$DAH$24,0)) -> 0 | BE32: =(IF('Water Report'!$AH$25>0,'Water Report'!$DAH$25,0)) -> 0 | BF32: =(IF('Water Report'!$AH$27>0,'Water Report'!$DAH$27,0)) -> 0 | BG32: =(IF('Section Load'!AN35>0,'Section Load'!AN35,0)) -> 950 | BH32: =(IF('Section Load'!AO35>0,'Section Load'!AO35,0)) -> 0 | BI32: =(IF('Section Load'!AP35>0,'Section Load'!AP35,0)) -> 0 | BJ32: =(IF('Section Load'!AQ35>0,'Section Load'!AQ35,0)) -> 0 | BK32: =(IF('Section Load'!AR35>0,'Section Load'!AR35,0)) -> 0 | BL32: =(IF('Section Load'!AS35>0,'Section Load'!AS35,0)) -> 0 | BM32: =(IF('Section Load'!AT35>0,'Section Load'!AT35,0)) -> 22905

Sheet Daily HLP
A2: Date | B2: Date | C2: Min.Tem (Degee) | D2: Avg.Temp (Degree) | E2: Hum % | F2: Occu. | G2: KWAH | I2: Electricity | M2: Gas | P2: Water | S2: Water per occiped room | T2: Diesel | W2: Water Consumption Zone | AA2: Chiller Running Hrs | AF2: Chiller Total | AG2: Chiller Avg. Laod | AH2: Boiler Running Hrs | AK2: Total boiler | AL2: Hot Water Generator | AO2: Total HWG RH | AP2: HWG Gas consumption | AQ2: Transformer -1 | BA2: Transformer -2 | BO2: Total HLP Cost | BQ2: Chiller lock at 70%
F3: % | H3: KwH | I3: Units (Kvah) | J3: Rate | K3: Total Cost(Rs) | L3: Per room | M3: Total Units(CuM) | N3: Rate | O3: Total Cost(Rs) | P3: Units(KL) | Q3: Rate | R3: Total Cost(Rs) | T3: Ltrs | U3: Rate | V3: Total Cost(Rs) | W3: Zone-1 | X3: Zone-2 | Y3: Zone-3 | AA3: CH1 | AB3: CH2 | AC3: CH3 | AD3: CH4 | AE3: Total chiller | AH3: Boiler1 | AI3: Boiler2 | AJ3: Boiler3 | AL3: HWG1 | AM3: HWG2 | AQ3: HVAC-1 | AR3: FPP-1 | AS3: MPP | AT3: Lighting-1 | AU3: Cap bank 1100KVAR-1 | AV3: CH-1 | AW3: CH-2 | AX3: Chilled water Pump | AY3: Co Generator | AZ3: Ball Room-2 | BA3: HVAC-2 | BB3: FPP-2 | BC3: MPP | BD3: Lighting-2 | BE3: Cap bank 1200KVAR-2 | BF3: CH-3 | BG3: CH-4 | BH3: Chilled water Pump | BI3: Ball Room-1 | BK3: Cooling Tower consumption | BL3: HVAC% | BM3: Lighting% | BN3: Power% | BP3: Chiller Plant IKW
A4: 1 | B4: 1 | D4: ='1'!D3 -> 27 | E4: ='1'!D4 -> 0.9 | F4: ='1'!D2 -> 0.63 | G4: ='1'!G8 -> 22540.07 | H4: ='1'!G7 -> 22452.87 | I4: ='1'!G8 -> 22540.07 | J4: 9 | K4: =I4*J4 -> 202860.63 | L4: =I4/202 -> 111.5845 | M4: ='1'!G15 -> 776 | N4: 53 | O4: =M4*N4 -> 41128 | P4: ='1'!G20 -> 243 | Q4: 108 | R4: =P4*Q4 -> 26244 | S4: =P4/(F4*202/100) -> 190.94767 | T4: ='1'!G24 -> 0 | U4: 69 | V4: =T4*U4 -> 0 | W4: ='1'!G96 -> 70 | X4: ='1'!G97 -> 34 | Y4: ='1'!G98 -> 43 | Z4: =W4+X4+Y4 -> 147 | AA4: ='1'!G133 -> 0.05 | AB4: ='1'!G134 -> 23.18 | AC4: ='1'!G135 -> 7.09 | AD4: ='1'!G136 -> 0.05 | AE4: =AA4+AB4+AC4+AD4 -> 30.37 | AF4: =AV4+AW4+BF4+BG4 -> 6395.74 | AG4: =AF4/AE4 -> 210.59401 | AH4: ='1'!G137 -> 6.79 | AI4: ='1'!G138 -> 0 | AJ4: ='1'!G139 -> 0 | AK4: =AH4+AI4+AJ4 -> 6.79 | AL4: ='1'!G140 -> 9.97 | AM4: ='1'!G141 -> -0.33 | AO4: =AL4+AM4 -> 9.64 | AP4: ='1'!G124 -> 269.36 | AQ4: ='1'!G35 -> 0 | AR4: ='1'!G37 -> 1651.73 | AS4: ='1'!G38 -> 1739.37 | AT4: ='1'!G39 -> 3756.99 | AU4: ='1'!G40 -> 628.58 | AV4: ='1'!G41 -> 0 | AW4: ='1'!G42 -> 5230.44 | AX4: ='1'!G43 -> 2724.7 | AY4: ='1'!G44 -> 0 | AZ4: ='1'!G36 -> 732.6 | BA4: ='1'!G49 -> 3081.67 | BB4: ='1'!G51 -> -0.13 | BC4: ='1'!G52 -> 0 | BD4: ='1'!G53 -> -0.41 | BE4: ='1'!G54 -> 0 | BF4: ='1'!G55 -> 1154.27 | BG4: ='1'!G56 -> 11.03 | BH4: ='1'!G57 -> 0 | BI4: ='1'!G50 -> 1556.47 | BJ4: =SUM(AV4,AW4,BF4,BG4) -> 6395.74 | BK4: ='1'!G84 -> 809 | BL4: =SUM(AQ4,AV4,AW4,AX4,BA4,BF4,BG4,BH4)/I4% -> 54.135191 | BM4: =SUM(AT4,BD4)/I4% -> 16.66623 | BN4: =(AS4+BC4)/I4 -> 0.077167906 | BO4: =K4+O4+R4+V4 -> 270232.63 | BP4: =SUM(AV4,AW4,AX4,BF4,BG4,BH4,BK4) -> 9929.44 | BQ4: =BP4/(AE4*280) -> 1.1676749 | BR4: =SUM(AV4,AW4,BF4,BG4)/(AE4*400) -> 0.52648502
A5: 2 | B5: 2 | D5: ='2'!D3 -> 30 | E5: ='2'!D4 -> 0.8 | F5: ='2'!D2 -> 0.81 | G5: ='2'!G8 -> 21861.68 | H5: ='2'!G7 -> 21737.28 | I5: ='2'!G8 -> 21861.68 | J5: 9 | K5: =I5*J5 -> 196755.12 | L5: =I5/202 -> 108.22614 | M5: ='2'!G15 -> 924.25 | N5: 53 | O5: =M5*N5 -> 48985.25 | P5: ='2'!G20 -> 244 | Q5: 108 | R5: =P5*Q5 -> 26352 | S5: =P5/(F5*202/100) -> 149.12602 | T5: ='2'!G24 -> 0 | U5: 69 | V5: =T5*U5 -> 0 | W5: ='2'!G96 -> 68 | X5: ='2'!G97 -> 26 | Y5: ='2'!G98 -> 27 | Z5: =W5+X5+Y5 -> 121 | AA5: ='2'!G133 -> 0 | AB5: ='2'!G134 -> 24.03 | AC5: ='2'!G135 -> 6.34 | AD5: ='2'!G136 -> 0 | AE5: =AA5+AB5+AC5+AD5 -> 30.37 | AF5: =AV5+AW5+BF5+BG5 -> 6598.59 | AG5: =AF5/AE5 -> 217.2733 | AH5: ='2'!G137 -> 9.83 | AI5: ='2'!G138 -> 0 | AJ5: ='2'!G139 -> 0 | AK5: =AH5+AI5+AJ5 -> 9.83 | AL5: ='2'!G140 -> 9.8 | AM5: ='2'!G141 -> 0 | AO5: =AL5+AM5 -> 9.8 | AP5: ='2'!G124 -> 267.6 | AQ5: ='2'!G35 -> 0 | AR5: ='2'!G37 -> 1604.82 | AS5: ='2'!G38 -> 1664.92 | AT5: ='2'!G39 -> 3764.68 | AU5: ='2'!G40 -> 354.46 | AV5: ='2'!G41 -> -0.45 | AW5: ='2'!G42 -> 5166.04 | AX5: ='2'!G43 -> 2502.5 | AY5: ='2'!G44 -> 0 | AZ5: ='2'!G36 -> 549.29 | BA5: ='2'!G49 -> 3099.88 | BB5: ='2'!G51 -> 0 | BC5: ='2'!G52 -> 0 | BD5: ='2'!G53 -> 0 | BE5: ='2'!G54 -> 0 | BF5: ='2'!G55 -> 1421.72 | BG5: ='2'!G56 -> 11.28 | BH5: ='2'!G57 -> 0 | BI5: ='2'!G50 -> 1119.48 | BJ5: =SUM(AV5,AW5,BF5,BG5) -> 6598.59 | BK5: ='2'!G84 -> 782 | BL5: =SUM(AQ5,AV5,AW5,AX5,BA5,BF5,BG5,BH5)/I5% -> 55.809846 | BM5: =SUM(AT5,BD5)/I5% -> 17.220451 | BN5: =(AS5+BC5)/I5 -> 0.076157002 | BO5: =K5+O5+R5+V5 -> 272092.37 | BP5: =SUM(AV5,AW5,AX5,BF5,BG5,BH5,BK5) -> 9883.09 | BQ5: =BP5/(AE5*280) -> 1.1622242
A6: 3 | B6: 3 | D6: ='3'!D3 -> 29 | E6: ='3'!D4 -> 0.78 | F6: ='3'!D2 -> 0.57 | G6: ='3'!G8 -> 21488.82 | H6: ='3'!G7 -> 21401.72 | I6: ='3'!G8 -> 21488.82 | J6: 9 | K6: =I6*J6 -> 193399.38 | L6: =I6/202 -> 106.3803 | M6: ='3'!G15 -> 755.885 | N6: 53 | O6: =M6*N6 -> 40061.905 | P6: ='3'!G20 -> 196 | Q6: 108 | R6: =P6*Q6 -> 21168 | S6: =P6/(F6*202/100) -> 170.22755 | T6: ='3'!G24 -> 0 | U6: 69 | V6: =T6*U6 -> 0 | W6: ='3'!G96 -> 62 | X6: ='3'!G97 -> 21 | Y6: ='3'!G98 -> 23 | Z6: =W6+X6+Y6 -> 106 | AA6: ='3'!G133 -> 4.1 | AB6: ='3'!G134 -> 23.94 | AC6: ='3'!G135 -> 0 | AD6: ='3'!G136 -> -0.05 | AE6: =AA6+AB6+AC6+AD6 -> 27.99 | AF6: =AV6+AW6+BF6+BG6 -> 6846 | AG6: =AF6/AE6 -> 244.58735 | AH6: ='3'!G137 -> 6.65 | AI6: ='3'!G138 -> 0.003 | AJ6: ='3'!G139 -> 0 | AK6: =AH6+AI6+AJ6 -> 6.653 | AL6: ='3'!G140 -> 9.31 | AM6: ='3'!G141 -> 0 | AO6: =AL6+AM6 -> 9.31 | AP6: ='3'!G124 -> 252.9 | AQ6: ='3'!G35 -> 0 | AR6: ='3'!G37 -> 1599.1 | AS6: ='3'!G38 -> 1612.4 | AT6: ='3'!G39 -> 3726.28 | AU6: ='3'!G40 -> 389.94 | AV6: ='3'!G41 -> 897.92 | AW6: ='3'!G42 -> 5437.64 | AX6: ='3'!G43 -> 2671.6 | AY6: ='3'!G44 -> 0 | AZ6: ='3'!G36 -> 802.79 | BA6: ='3'!G49 -> 2964.9 | BB6: ='3'!G51 -> 0 | BC6: ='3'!G52 -> 0 | BD6: ='3'!G53 -> 0 | BE6: ='3'!G54 -> 0 | BF6: ='3'!G55 -> 500 | BG6: ='3'!G56 -> 10.44 | BH6: ='3'!G57 -> 0 | BI6: ='3'!G50 -> 958.92 | BJ6: =SUM(AV6,AW6,BF6,BG6) -> 6846 | BK6: ='3'!G84 -> 647 | BL6: =SUM(AQ6,AV6,AW6,AX6,BA6,BF6,BG6,BH6)/I6% -> 58.088345 | BM6: =SUM(AT6,BD6)/I6% -> 17.340552 | BN6: =(AS6+BC6)/I6 -> 0.075034367 | BO6: =K6+O6+R6+V6 -> 254629.29 | BP6: =SUM(AV6,AW6,AX6,BF6,BG6,BH6,BK6) -> 10164.6 | BQ6: =BP6/(AE6*280) -> 1.2969683
A7: 4 | B7: 4 | D7: ='4'!D3 -> 34 | E7: ='4'!D4 -> 0.84 | F7: ='4'!D2 -> 0.1 | G7: ='4'!G8 -> 24881.14 | H7: ='4'!G7 -> 24683.13 | I7: ='4'!G8 -> 24881.14 | J7: 9 | K7: =I7*J7 -> 223930.26 | L7: =I7/202 -> 123.17396 | M7: ='4'!G15 -> 889.057 | N7: 53 | O7: =M7*N7 -> 47120.021 | P7: ='4'!G20 -> 191 | Q7: 108 | R7: =P7*Q7 -> 20628 | S7: =P7/(F7*202/100) -> 945.54455 | T7: ='4'!G24 -> 0 | U7: 69 | V7: =T7*U7 -> 0 | W7: ='4'!G96 -> 91 | X7: ='4'!G97 -> 22 | Y7: ='4'!G98 -> 25 | Z7: =W7+X7+Y7 -> 138 | AA7: ='4'!G133 -> 0 | AB7: ='4'!G134 -> 23.39 | AC7: ='4'!G135 -> 13.92 | AD7: ='4'!G136 -> 0 | AE7: =AA7+AB7+AC7+AD7 -> 37.31 | AF7: =AV7+AW7+BF7+BG7 -> 7495.14 | AG7: =AF7/AE7 -> 200.88823 | AH7: ='4'!G137 -> 8.93 | AI7: ='4'!G138 -> -0.003 | AJ7: ='4'!G139 -> 1.66 | AK7: =AH7+AI7+AJ7 -> 10.587 | AL7: ='4'!G140 -> 9.59 | AM7: ='4'!G141 -> 0 | AO7: =AL7+AM7 -> 9.59 | AP7: ='4'!G124 -> 262.703 | AQ7: ='4'!G35 -> 0 | AR7: ='4'!G37 -> 1605.35 | AS7: ='4'!G38 -> 1684.31 | AT7: ='4'!G39 -> 3735.05 | AU7: ='4'!G40 -> 648.12 | AV7: ='4'!G41 -> 0 | AW7: ='4'!G42 -> 5174.88 | AX7: ='4'!G43 -> 3000.2 | AY7: ='4'!G44 -> 0 | AZ7: ='4'!G36 -> 982.72 | BA7: ='4'!G49 -> 3090.55 | BB7: ='4'!G51 -> 0 | BC7: ='4'!G52 -> 0.07 | BD7: ='4'!G53 -> 0 | BE7: ='4'!G54 -> 0 | BF7: ='4'!G55 -> 2309.01 | BG7: ='4'!G56 -> 11.25 | BH7: ='4'!G57 -> 0 | BI7: ='4'!G50 -> 1093.13 | BJ7: =SUM(AV7,AW7,BF7,BG7) -> 7495.14 | BK7: ='3'!G84 -> 647 | BL7: =SUM(AQ7,AV7,AW7,AX7,BA7,BF7,BG7,BH7)/I7% -> 54.603165 | BM7: =SUM(AT7,BD7)/I7% -> 15.011571 | BN7: =(AS7+BC7)/I7 -> 0.067697059 | BO7: =K7+O7+R7+V7 -> 291678.28 | BP7: =SUM(AV7,AW7,AX7,BF7,BG7,BH7,BK7) -> 11142.34 | BQ7: =BP7/(AE7*280) -> 1.0665792
A8: 5 | B8: 5 | D8: ='5'!D3 -> 34 | E8: ='5'!D4 -> 0.84 | F8: ='5'!D2 -> 0.7871 | G8: ='5'!G8 -> 23183.28 | H8: ='5'!G7 -> 23055.83 | I8: ='5'!G8 -> 23183.28 | J8: 9 | K8: =I8*J8 -> 208649.52 | L8: =I8/202 -> 114.76871 | M8: ='5'!G15 -> 738.088 | N8: 53 | O8: =M8*N8 -> 39118.664 | P8: ='5'!G20 -> 242 | Q8: 108 | R8: =P8*Q8 -> 26136 | S8: =P8/(F8*202/100) -> 152.20681 | T8: ='5'!G24 -> 0 | U8: 69 | V8: =T8*U8 -> 0 | W8: ='5'!G96 -> 125 | X8: ='5'!G97 -> 24 | Y8: ='5'!G98 -> 30 | Z8: =W8+X8+Y8 -> 179 | AA8: ='5'!G133 -> 0 | AB8: ='5'!G134 -> 11.47 | AC8: ='5'!G135 -> 23.12 | AD8: ='5'!G136 -> 0.05 | AE8: =AA8+AB8+AC8+AD8 -> 34.64 | AF8: =AV8+AW8+BF8+BG8 -> 7630 | AG8: =AF8/AE8 -> 220.26559 | AH8: ='5'!G137 -> 6.98 | AI8: ='5'!G138 -> 0 | AJ8: ='5'!G139 -> -0.06 | AK8: =AH8+AI8+AJ8 -> 6.92 | AL8: ='5'!G140 -> 9.58 | AM8: ='5'!G141 -> 0 | AO8: =AL8+AM8 -> 9.58 | AP8: ='5'!G124 -> 259.917 | AQ8: ='5'!G35 -> 0 | AR8: ='5'!G37 -> 1625 | AS8: ='5'!G38 -> 1714 | AT8: ='5'!G39 -> 3761 | AU8: ='5'!G40 -> 521.3 | AV8: ='5'!G41 -> 0 | AW8: ='5'!G42 -> 2231 | AX8: ='5'!G43 -> 2920 | AY8: ='5'!G44 -> 0 | AZ8: ='5'!G36 -> 758.24 | BA8: ='5'!G49 -> 3125 | BB8: ='5'!G51 -> 0 | BC8: ='5'!G52 -> 0 | BD8: ='5'!G53 -> 0 | BE8: ='5'!G54 -> 0 | BF8: ='5'!G55 -> 5387 | BG8: ='5'!G56 -> 12 | BH8: ='5'!G57 -> 0 | BI8: ='5'!G50 -> 1415 | BJ8: =SUM(AV8,AW8,BF8,BG8) -> 7630 | BK8: ='5'!G84 -> 781 | BL8: =SUM(AQ8,AV8,AW8,AX8,BA8,BF8,BG8,BH8)/I8% -> 58.986476 | BM8: =SUM(AT8,BD8)/I8% -> 16.222899 | BN8: =(AS8+BC8)/I8 -> 0.073932593 | BO8: =K8+O8+R8+V8 -> 273904.18 | BP8: =SUM(AV8,AW8,AX8,BF8,BG8,BH8,BK8) -> 11331 | BQ8: =BP8/(AE8*280) -> 1.1682407
A9: 6 | B9: 6 | D9: ='6'!D3 -> 34 | E9: ='6'!D4 -> 0.84 | F9: ='6'!D2 -> 0.9032 | G9: ='6'!G8 -> 24216.64 | H9: ='6'!G7 -> 24127.17 | I9: ='6'!G8 -> 24216.64 | J9: 9 | K9: =I9*J9 -> 217949.76 | L9: =I9/202 -> 119.88436 | M9: ='6'!G15 -> 968.18 | N9: 53 | O9: =M9*N9 -> 51313.54 | P9: ='6'!G20 -> 261 | Q9: 108 | R9: =P9*Q9 -> 28188 | S9: =P9/(F9*202/100) -> 143.05571 | T9: ='6'!G24 -> 0 | U9: 69 | V9: =T9*U9 -> 0 | W9: ='6'!G96 -> 74 | X9: ='6'!G97 -> 23 | Y9: ='6'!G98 -> 30 | Z9: =W9+X9+Y9 -> 127 | AA9: ='6'!G133 -> 0 | AB9: ='6'!G134 -> 11.37 | AC9: ='6'!G135 -> 24.08 | AD9: ='6'!G136 -> -0.05 | AE9: =AA9+AB9+AC9+AD9 -> 35.4 | AF9: =AV9+AW9+BF9+BG9 -> 7934 | AG9: =AF9/AE9 -> 224.12429 | AH9: ='6'!G137 -> 9.48 | AI9: ='6'!G138 -> 0 | AJ9: ='6'!G139 -> 0 | AK9: =AH9+AI9+AJ9 -> 9.48 | AL9: ='6'!G140 -> 9.82 | AM9: ='6'!G141 -> 0 | AO9: =AL9+AM9 -> 9.82 | AP9: ='6'!G124 -> 266.89 | AQ9: ='6'!G35 -> 0 | AR9: ='6'!G37 -> 1613 | AS9: ='6'!G38 -> 1713 | AT9: ='6'!G39 -> 3750 | AU9: ='6'!G40 -> 597.6 | AV9: ='6'!G41 -> 0 | AW9: ='6'!G42 -> 2457 | AX9: ='6'!G43 -> 2980 | AY9: ='6'!G44 -> 0 | AZ9: ='6'!G36 -> 698.96 | BA9: ='6'!G49 -> 3208 | BB9: ='6'!G51 -> 0 | BC9: ='6'!G52 -> 0 | BD9: ='6'!G53 -> 0 | BE9: ='6'!G54 -> 0 | BF9: ='6'!G55 -> 5466 | BG9: ='6'!G56 -> 11 | BH9: ='6'!G57 -> 0 | BI9: ='6'!G50 -> 1519 | BJ9: =SUM(AV9,AW9,BF9,BG9) -> 7934 | BK9: ='6'!G84 -> 841 | BL9: =SUM(AQ9,AV9,AW9,AX9,BA9,BF9,BG9,BH9)/I9% -> 58.315274 | BM9: =SUM(AT9,BD9)/I9% -> 15.48522 | BN9: =(AS9+BC9)/I9 -> 0.070736485 | BO9: =K9+O9+R9+V9 -> 297451.3 | BP9: =SUM(AV9,AW9,AX9,BF9,BG9,BH9,BK9) -> 11755 | BQ9: =BP9/(AE9*280) -> 1.1859362
A10: 7 | B10: 7 | D10: ='7'!D3 -> 33 | E10: ='7'!D4 -> 0.8 | F10: ='7'!D2 -> 0.9947 | G10: ='7'!G8 -> 24405.68 | H10: ='7'!G7 -> 24240 | I10: ='7'!G8 -> 24405.68 | J10: 9 | K10: =I10*J10 -> 219651.12 | L10: =I10/202 -> 120.8202 | M10: ='7'!G15 -> 860.81 | N10: 53 | O10: =M10*N10 -> 45622.93 | P10: ='7'!G20 -> 225 | Q10: 108 | R10: =P10*Q10 -> 24300 | S10: =P10/(F10*202/100) -> 111.97963 | T10: ='7'!G24 -> 0 | U10: 69 | V10: =T10*U10 -> 0 | W10: ='7'!G96 -> 86 | X10: ='7'!G97 -> 25 | Y10: ='7'!G98 -> 36 | Z10: =W10+X10+Y10 -> 147 | AA10: ='7'!G133 -> 0 | AB10: ='7'!G134 -> 15.15 | AC10: ='7'!G135 -> 24.45 | AD10: ='7'!G136 -> 0 | AE10: =AA10+AB10+AC10+AD10 -> 39.6 | AF10: =AV10+AW10+BF10+BG10 -> 8272 | AG10: =AF10/AE10 -> 208.88889 | AH10: ='7'!G137 -> 7.97 | AI10: ='7'!G138 -> 0 | AJ10: ='7'!G139 -> 0 | AK10: =AH10+AI10+AJ10 -> 7.97 | AL10: ='7'!G140 -> 9.82 | AM10: ='7'!G141 -> 0 | AO10: =AL10+AM10 -> 9.82 | AP10: ='7'!G124 -> 266.65 | AQ10: ='7'!G35 -> 0 | AR10: ='7'!G37 -> 1651 | AS10: ='7'!G38 -> 1801 | AT10: ='7'!G39 -> 3772 | AU10: ='7'!G40 -> 410 | AV10: ='7'!G41 -> 0 | AW10: ='7'!G42 -> 2904 | AX10: ='7'!G43 -> 3030 | AY10: ='7'!G44 -> 0 | AZ10: ='7'!G36 -> 743.9 | BA10: ='7'!G49 -> 3068 | BB10: ='7'!G51 -> 0 | BC10: ='7'!G52 -> 0 | BD10: ='7'!G53 -> 0 | BE10: ='7'!G54 -> 0 | BF10: ='7'!G55 -> 5357 | BG10: ='7'!G56 -> 11 | BH10: ='7'!G57 -> 0 | BI10: ='7'!G50 -> 1147 | BJ10: =SUM(AV10,AW10,BF10,BG10) -> 8272 | BK10: ='7'!G84 -> 785 | BL10: =SUM(AQ10,AV10,AW10,AX10,BA10,BF10,BG10,BH10)/I10% -> 58.879736 | BM10: =SUM(AT10,BD10)/I10% -> 15.455419 | BN10: =(AS10+BC10)/I10 -> 0.073794297 | BO10: =K10+O10+R10+V10 -> 289574.05 | BP10: =SUM(AV10,AW10,AX10,BF10,BG10,BH10,BK10) -> 12087 | BQ10: =BP10/(AE10*280) -> 1.0900974
A11: 8 | B11: 8 | D11: ='8'!D3 -> 27 | E11: ='8'!D4 -> 0.78 | F11: ='8'!D2 -> 0.78 | G11: ='8'!G8 -> 22435.69 | H11: ='8'!G7 -> 22354 | I11: ='8'!G8 -> 22435.69 | J11: 9 | K11: =I11*J11 -> 201921.21 | L11: =I11/202 -> 111.06777 | M11: ='8'!G15 -> 902.73 | N11: 53 | O11: =M11*N11 -> 47844.69 | P11: ='8'!G20 -> 275 | Q11: 108 | R11: =P11*Q11 -> 29700 | S11: =P11/(F11*202/100) -> 174.53668 | T11: ='8'!G24 -> 0 | U11: 69 | V11: =T11*U11 -> 0 | W11: ='8'!G96 -> 74 | X11: ='8'!G97 -> 35 | Y11: ='8'!G98 -> 39 | Z11: =W11+X11+Y11 -> 148 | AA11: ='8'!G133 -> 13.85 | AB11: ='8'!G134 -> 17.72 | AC11: ='8'!G135 -> 0 | AD11: ='8'!G136 -> 0.05 | AE11: =AA11+AB11+AC11+AD11 -> 31.62 | AF11: =AV11+AW11+BF11+BG11 -> 6557.53 | AG11: =AF11/AE11 -> 207.38552 | AH11: ='8'!G137 -> 9.24 | AI11: ='8'!G138 -> 0 | AJ11: ='8'!G139 -> -0.2 | AK11: =AH11+AI11+AJ11 -> 9.04 | AL11: ='8'!G140 -> 9.55 | AM11: ='8'!G141 -> 0 | AO11: =AL11+AM11 -> 9.55 | AP11: ='8'!G124 -> 261.98 | AQ11: ='8'!G35 -> -0.3 | AR11: ='8'!G37 -> 1610 | AS11: ='8'!G38 -> 1794 | AT11: ='8'!G39 -> 3646 | AU11: ='8'!G40 -> 425 | AV11: ='8'!G41 -> 2694.53 | AW11: ='8'!G42 -> 3786 | AX11: ='8'!G43 -> 2900 | AY11: ='8'!G44 -> 0 | AZ11: ='8'!G36 -> 688.5 | BA11: ='8'!G49 -> 2940 | BB11: ='8'!G51 -> 0 | BC11: ='8'!G52 -> 0 | BD11: ='8'!G53 -> 0.08 | BE11: ='8'!G54 -> 0 | BF11: ='8'!G55 -> 67 | BG11: ='8'!G56 -> 10 | BH11: ='8'!G57 -> 0 | BI11: ='8'!G50 -> 1089 | BJ11: =SUM(AV11,AW11,BF11,BG11) -> 6557.53 | BK11: ='8'!G84 -> 775 | BL11: =SUM(AQ11,AV11,AW11,AX11,BA11,BF11,BG11,BH11)/I11% -> 55.256736 | BM11: =SUM(AT11,BD11)/I11% -> 16.25125 | BN11: =(AS11+BC11)/I11 -> 0.079961882 | BO11: =K11+O11+R11+V11 -> 279465.9 | BP11: =SUM(AV11,AW11,AX11,BF11,BG11,BH11,BK11) -> 10232.53 | BQ11: =BP11/(AE11*280) -> 1.1557479
A12: 9 | B12: 9 | D12: ='9'!D3 -> 31 | E12: ='9'!D4 -> 0.78 | F12: ='9'!D2 -> 0.62 | G12: ='9'!G8 -> 20612 | H12: ='9'!G7 -> 19321 | I12: ='9'!G8 -> 20612 | J12: 9 | K12: =I12*J12 -> 185508 | L12: =I12/202 -> 102.0396 | M12: ='9'!G15 -> 764 | N12: 53 | O12: =M12*N12 -> 40492 | P12: ='9'!G20 -> 224 | Q12: 108 | R12: =P12*Q12 -> 24192 | S12: =P12/(F12*202/100) -> 178.8566 | T12: ='9'!G24 -> 0 | U12: 69 | V12: =T12*U12 -> 0 | W12: ='9'!G96 -> 84 | X12: ='9'!G97 -> 29 | Y12: ='9'!G98 -> 23 | Z12: =W12+X12+Y12 -> 136 | AA12: ='9'!G133 -> 24 | AB12: ='9'!G134 -> 0 | AC12: ='9'!G135 -> 0 | AD12: ='9'!G136 -> 0 | AE12: =AA12+AB12+AC12+AD12 -> 24 | AF12: =AV12+AW12+BF12+BG12 -> 5620 | AG12: =AF12/AE12 -> 234.16667 | AH12: ='9'!G137 -> 6.98 | AI12: ='9'!G138 -> 0 | AJ12: ='9'!G139 -> 0 | AK12: =AH12+AI12+AJ12 -> 6.98 | AL12: ='9'!G140 -> 9.84 | AM12: ='9'!G141 -> 0 | AO12: =AL12+AM12 -> 9.84 | AP12: ='9'!G124 -> 262 | AQ12: ='9'!G35 -> 0 | AR12: ='9'!G37 -> 1498 | AS12: ='9'!G38 -> 1606 | AT12: ='9'!G39 -> 3904 | AU12: ='9'!G40 -> 594 | AV12: ='9'!G41 -> 5609 | AW12: ='9'!G42 -> 0 | AX12: ='9'!G43 -> 2570 | AY12: ='9'!G44 -> 0 | AZ12: ='9'!G36 -> 659 | BA12: ='9'!G49 -> 2734 | BB12: ='9'!G51 -> 0 | BC12: ='9'!G52 -> 0 | BD12: ='9'!G53 -> 0 | BE12: ='9'!G54 -> 0 | BF12: ='9'!G55 -> 0 | BG12: ='9'!G56 -> 11 | BH12: ='9'!G57 -> 0 | BI12: ='9'!G50 -> 992 | BJ12: =SUM(AV12,AW12,BF12,BG12) -> 5620 | BK12: ='8'!G84 -> 775 | BL12: =SUM(AQ12,AV12,AW12,AX12,BA12,BF12,BG12,BH12)/I12% -> 52.998253 | BM12: =SUM(AT12,BD12)/I12% -> 18.940423 | BN12: =(AS12+BC12)/I12 -> 0.077915777 | BO12: =K12+O12+R12+V12 -> 250192 | BP12: =SUM(AV12,AW12,AX12,BF12,BG12,BH12,BK12) -> 8965 | BQ12: =BP12/(AE12*280) -> 1.3340774
A13: 10 | B13: 10 | D13: ='10'!D3 -> 28 | E13: ='10'!D4 -> 0.79 | F13: ='10'!D2 -> 0.88 | G13: ='10'!G8 -> 21667 | H13: ='10'!G7 -> 21648 | I13: ='10'!G8 -> 21667 | J13: 9 | K13: =I13*J13 -> 195003 | L13: =I13/202 -> 107.26238 | M13: ='10'!G15 -> 907 | N13: 53 | O13: =M13*N13 -> 48071 | P13: ='10'!G20 -> 197 | Q13: 108 | R13: =P13*Q13 -> 21276 | S13: =P13/(F13*202/100) -> 110.82358 | T13: ='10'!G24 -> 0 | U13: 69 | V13: =T13*U13 -> 0 | W13: ='10'!G96 -> 76 | X13: ='10'!G97 -> 23 | Y13: ='10'!G98 -> 20 | Z13: =W13+X13+Y13 -> 119 | AA13: ='10'!G133 -> 24 | AB13: ='10'!G134 -> 0 | AC13: ='10'!G135 -> 7.43 | AD13: ='10'!G136 -> 0 | AE13: =AA13+AB13+AC13+AD13 -> 31.43 | AF13: =AV13+AW13+BF13+BG13 -> 6540 | AG13: =AF13/AE13 -> 208.08145 | AH13: ='10'!G137 -> 9.59 | AI13: ='10'!G138 -> -0.45 | AJ13: ='10'!G139 -> 0 | AK13: =AH13+AI13+AJ13 -> 9.14 | AL13: ='10'!G140 -> 10.16 | AM13: ='10'!G141 -> 0 | AO13: =AL13+AM13 -> 10.16 | AP13: ='10'!G124 -> 279 | AQ13: ='10'!G35 -> 0 | AR13: ='10'!G37 -> 1555 | AS13: ='10'!G38 -> 1654 | AT13: ='10'!G39 -> 3790 | AU13: ='10'!G40 -> 379 | AV13: ='10'!G41 -> 5017 | AW13: ='10'!G42 -> 0 | AX13: ='10'!G43 -> 2950 | AY13: ='10'!G44 -> 0 | AZ13: ='10'!G36 -> 714 | BA13: ='10'!G49 -> 2950 | BB13: ='10'!G51 -> 0 | BC13: ='10'!G52 -> 0 | BD13: ='10'!G53 -> 0.33 | BE13: ='10'!G54 -> 0 | BF13: ='10'!G55 -> 1512 | BG13: ='10'!G56 -> 11 | BH13: ='10'!G57 -> 0 | BI13: ='10'!G50 -> 892 | BJ13: =SUM(AV13,AW13,BF13,BG13) -> 6540 | BK13: ='8'!G84 -> 775 | BL13: =SUM(AQ13,AV13,AW13,AX13,BA13,BF13,BG13,BH13)/I13% -> 57.414501 | BM13: =SUM(AT13,BD13)/I13% -> 17.493562 | BN13: =(AS13+BC13)/I13 -> 0.076337287 | BO13: =K13+O13+R13+V13 -> 264350 | BP13: =SUM(AV13,AW13,AX13,BF13,BG13,BH13,BK13) -> 10265 | BQ13: =BP13/(AE13*280) -> 1.1664243
A14: 11 | B14: 11 | D14: ='11'!D3 -> 30 | E14: ='11'!D4 -> 0.8 | F14: ='11'!D2 -> 0.94 | G14: ='11'!G8 -> 21713 | H14: ='11'!G7 -> 21561 | I14: ='11'!G8 -> 21713 | J14: 9 | K14: =I14*J14 -> 195417 | L14: =I14/202 -> 107.4901 | M14: ='11'!G15 -> 826 | N14: 53 | O14: =M14*N14 -> 43778 | P14: ='11'!G20 -> 224 | Q14: 108 | R14: =P14*Q14 -> 24192 | S14: =P14/(F14*202/100) -> 117.96924 | T14: ='11'!G24 -> 0 | U14: 69 | V14: =T14*U14 -> 0 | W14: ='11'!G96 -> 69 | X14: ='11'!G97 -> 24 | Y14: ='11'!G98 -> 24 | Z14: =W14+X14+Y14 -> 117 | AA14: ='11'!G133 -> 24 | AB14: ='11'!G134 -> 0 | AC14: ='11'!G135 -> 7.57 | AD14: ='11'!G136 -> 0 | AE14: =AA14+AB14+AC14+AD14 -> 31.57 | AF14: =AV14+AW14+BF14+BG14 -> 6303 | AG14: =AF14/AE14 -> 199.65157 | AH14: ='11'!G137 -> 7 | AI14: ='11'!G138 -> 0 | AJ14: ='11'!G139 -> 0 | AK14: =AH14+AI14+AJ14 -> 7 | AL14: ='11'!G140 -> 10 | AM14: ='11'!G141 -> 0 | AO14: =AL14+AM14 -> 10 | AP14: ='11'!G124 -> 281 | AQ14: ='11'!G35 -> 0 | AR14: ='11'!G37 -> 1551 | AS14: ='11'!G38 -> 1631 | AT14: ='11'!G39 -> 3773 | AU14: ='11'!G40 -> 541 | AV14: ='11'!G41 -> 4837 | AW14: ='11'!G42 -> 0 | AX14: ='11'!G43 -> 2940 | AY14: ='11'!G44 -> 0 | AZ14: ='11'!G36 -> 691 | BA14: ='11'!G49 -> 3073 | BB14: ='11'!G51 -> 0 | BC14: ='11'!G52 -> 0 | BD14: ='11'!G53 -> -0.41 | BE14: ='11'!G54 -> 0 | BF14: ='11'!G55 -> 1455 | BG14: ='11'!G56 -> 11 | BH14: ='11'!G57 -> 0 | BI14: ='11'!G50 -> 1053 | BJ14: =SUM(AV14,AW14,BF14,BG14) -> 6303 | BK14: ='11'!G84 -> 773 | BL14: =SUM(AQ14,AV14,AW14,AX14,BA14,BF14,BG14,BH14)/I14% -> 56.72178 | BM14: =SUM(AT14,BD14)/I14% -> 17.374799 | BN14: =(AS14+BC14)/I14 -> 0.07511629 | BO14: =K14+O14+R14+V14 -> 263387 | BP14: =SUM(AV14,AW14,AX14,BF14,BG14,BH14,BK14) -> 10016 | BQ14: =BP14/(AE14*280) -> 1.1330829
A15: 12 | B15: 12 | D15: ='12'!D3 -> 28 | E15: ='12'!D4 -> 0.79 | F15: ='12'!D2 -> 0.74 | G15: ='12'!G8 -> 23053 | H15: ='12'!G7 -> 24049 | I15: ='12'!G8 -> 23053 | J15: 9 | K15: =I15*J15 -> 207477 | L15: =I15/202 -> 114.12376 | M15: ='12'!G15 -> 930 | N15: 53 | O15: =M15*N15 -> 49290 | P15: ='12'!G20 -> 240 | Q15: 108 | R15: =P15*Q15 -> 25920 | S15: =P15/(F15*202/100) -> 160.5566 | T15: ='12'!G24 -> 0 | U15: 69 | V15: =T15*U15 -> 0 | W15: ='12'!G96 -> 87 | X15: ='12'!G97 -> 24 | Y15: ='12'!G98 -> 26 | Z15: =W15+X15+Y15 -> 137 | AA15: ='12'!G133 -> 24 | AB15: ='12'!G134 -> 0 | AC15: ='12'!G135 -> 12 | AD15: ='12'!G136 -> 0 | AE15: =AA15+AB15+AC15+AD15 -> 36 | AF15: =AV15+AW15+BF15+BG15 -> 7375 | AG15: =AF15/AE15 -> 204.86111 | AH15: ='12'!G137 -> 9.31 | AI15: ='12'!G138 -> 0.45 | AJ15: ='12'!G139 -> 0 | AK15: =AH15+AI15+AJ15 -> 9.76 | AL15: ='12'!G140 -> 10.72 | AM15: ='12'!G141 -> 0 | AO15: =AL15+AM15 -> 10.72 | AP15: ='12'!G124 -> 275 | AQ15: ='12'!G35 -> 0 | AR15: ='12'!G37 -> 1629 | AS15: ='12'!G38 -> 1686 | AT15: ='12'!G39 -> 4025 | AU15: ='12'!G40 -> 363 | AV15: ='12'!G41 -> 5051 | AW15: ='12'!G42 -> 0 | AX15: ='12'!G43 -> 3210 | AY15: ='12'!G44 -> 0 | AZ15: ='12'!G36 -> 837.7 | BA15: ='12'!G49 -> 3146 | BB15: ='12'!G51 -> 0 | BC15: ='12'!G52 -> 0 | BD15: ='12'!G53 -> 0.41 | BE15: ='12'!G54 -> 0 | BF15: ='12'!G55 -> 2311 | BG15: ='12'!G56 -> 13 | BH15: ='12'!G57 -> 0 | BI15: ='12'!G50 -> 965 | BJ15: =SUM(AV15,AW15,BF15,BG15) -> 7375 | BK15: ='12'!G84 -> 746 | BL15: =SUM(AQ15,AV15,AW15,AX15,BA15,BF15,BG15,BH15)/I15% -> 59.562747 | BM15: =SUM(AT15,BD15)/I15% -> 17.461545 | BN15: =(AS15+BC15)/I15 -> 0.073135817 | BO15: =K15+O15+R15+V15 -> 282687 | BP15: =SUM(AV15,AW15,AX15,BF15,BG15,BH15,BK15) -> 11331 | BQ15: =BP15/(AE15*280) -> 1.1241071
A16: 13 | B16: 13 | D16: ='13'!D3 -> 28 | E16: ='13'!D4 -> 0.86 | F16: ='13'!D2 -> 0.68 | G16: ='13'!G8 -> 22751 | H16: ='13'!G7 -> 21398 | I16: ='13'!G8 -> 22751 | J16: 9 | K16: =I16*J16 -> 204759 | L16: =I16/202 -> 112.62871 | M16: ='13'!G15 -> 901 | N16: 53 | O16: =M16*N16 -> 47753 | P16: ='13'!G20 -> 251 | Q16: 108 | R16: =P16*Q16 -> 27108 | S16: =P16/(F16*202/100) -> 182.73151 | T16: ='13'!G24 -> 0 | U16: 69 | V16: =T16*U16 -> 0 | W16: ='13'!G96 -> 74 | X16: ='13'!G97 -> 25 | Y16: ='13'!G98 -> 32 | Z16: =W16+X16+Y16 -> 131 | AA16: ='13'!G133 -> 24 | AB16: ='13'!G134 -> 0 | AC16: ='13'!G135 -> 9 | AD16: ='13'!G136 -> -0.05 | AE16: =AA16+AB16+AC16+AD16 -> 32.95 | AF16: =AV16+AW16+BF16+BG16 -> 6670 | AG16: =AF16/AE16 -> 202.42792 | AH16: ='13'!G137 -> 5.52 | AI16: ='13'!G138 -> 3.63 | AJ16: ='13'!G139 -> 0.2 | AK16: =AH16+AI16+AJ16 -> 9.35 | AL16: ='13'!G140 -> 10.2 | AM16: ='13'!G141 -> 0 | AO16: =AL16+AM16 -> 10.2 | AP16: ='13'!G124 -> 277 | AQ16: ='13'!G35 -> 0 | AR16: ='13'!G37 -> 1619 | AS16: ='13'!G38 -> 1802 | AT16: ='13'!G39 -> 3617 | AU16: ='13'!G40 -> 500 | AV16: ='13'!G41 -> 4910 | AW16: ='13'!G42 -> 0 | AX16: ='13'!G43 -> 2730 | AY16: ='13'!G44 -> 0 | AZ16: ='13'!G36 -> 726.9 | BA16: ='13'!G49 -> 3138 | BB16: ='13'!G51 -> 0 | BC16: ='13'!G52 -> 0 | BD16: ='13'!G53 -> 0 | BE16: ='13'!G54 -> 0 | BF16: ='13'!G55 -> 1749 | BG16: ='13'!G56 -> 11 | BH16: ='13'!G57 -> 0.33 | BI16: ='13'!G50 -> 1196 | BJ16: =SUM(AV16,AW16,BF16,BG16) -> 6670 | BK16: ='13'!G84 -> 804 | BL16: =SUM(AQ16,AV16,AW16,AX16,BA16,BF16,BG16,BH16)/I16% -> 55.111116 | BM16: =SUM(AT16,BD16)/I16% -> 15.898202 | BN16: =(AS16+BC16)/I16 -> 0.07920531 | BO16: =K16+O16+R16+V16 -> 279620 | BP16: =SUM(AV16,AW16,AX16,BF16,BG16,BH16,BK16) -> 10204.33 | BQ16: =BP16/(AE16*280) -> 1.1060405
A17: 14 | B17: 14 | D17: ='14'!D3 -> 28 | E17: ='14'!D4 -> 0.85 | F17: ='14'!D2 -> 0.8 | G17: ='14'!G8 -> 20814 | H17: ='14'!G7 -> 20799 | I17: ='14'!G8 -> 20814 | J17: 9 | K17: =I17*J17 -> 187326 | L17: =I17/202 -> 103.0396 | M17: ='14'!G15 -> 1092 | N17: 53 | O17: =M17*N17 -> 57876 | P17: ='14'!G20 -> 223 | Q17: 108 | R17: =P17*Q17 -> 24084 | S17: =P17/(F17*202/100) -> 137.99505 | T17: ='14'!G24 -> 0 | U17: 69 | V17: =T17*U17 -> 0 | W17: ='14'!G96 -> 69 | X17: ='14'!G97 -> 22 | Y17: ='14'!G98 -> 36 | Z17: =W17+X17+Y17 -> 127 | AA17: ='14'!G133 -> 24 | AB17: ='14'!G134 -> 0 | AC17: ='14'!G135 -> 1 | AD17: ='14'!G136 -> 0 | AE17: =AA17+AB17+AC17+AD17 -> 25 | AF17: =AV17+AW17+BF17+BG17 -> 6022 | AG17: =AF17/AE17 -> 240.88 | AH17: ='14'!G137 -> 0 | AI17: ='14'!G138 -> 9.9 | AJ17: ='14'!G139 -> 5.35 | AK17: =AH17+AI17+AJ17 -> 15.25 | AL17: ='14'!G140 -> 9.89 | AM17: ='14'!G141 -> 0 | AO17: =AL17+AM17 -> 9.89 | AP17: ='14'!G124 -> 271 | AQ17: ='14'!G35 -> 0 | AR17: ='14'!G37 -> 1554 | AS17: ='14'!G38 -> 1717 | AT17: ='14'!G39 -> 3674 | AU17: ='14'!G40 -> 352 | AV17: ='14'!G41 -> 5703 | AW17: ='14'!G42 -> 0 | AX17: ='14'!G43 -> 2490 | AY17: ='14'!G44 -> 0 | AZ17: ='14'!G36 -> 633.4 | BA17: ='14'!G49 -> 3064 | BB17: ='14'!G51 -> 0 | BC17: ='14'!G52 -> 0 | BD17: ='14'!G53 -> -0.41 | BE17: ='14'!G54 -> 0 | BF17: ='14'!G55 -> 306 | BG17: ='14'!G56 -> 13 | BH17: ='14'!G57 -> 0 | BI17: ='14'!G50 -> 986 | BJ17: =SUM(AV17,AW17,BF17,BG17) -> 6022 | BK17: ='14'!G84 -> 807 | BL17: =SUM(AQ17,AV17,AW17,AX17,BA17,BF17,BG17,BH17)/I17% -> 55.616412 | BM17: =SUM(AT17,BD17)/I17% -> 17.649611 | BN17: =(AS17+BC17)/I17 -> 0.082492553 | BO17: =K17+O17+R17+V17 -> 269286 | BP17: =SUM(AV17,AW17,AX17,BF17,BG17,BH17,BK17) -> 9319 | BQ17: =BP17/(AE17*280) -> 1.3312857
A18: 15 | B18: 15 | D18: ='15'!D3 -> 28 | E18: ='15'!D4 -> 0.9 | F18: ='15'!D2 -> 0.58 | G18: ='15'!G8 -> 21550 | H18: ='15'!G7 -> 21488 | I18: ='15'!G8 -> 21550 | J18: 9 | K18: =I18*J18 -> 193950 | L18: =I18/202 -> 106.68317 | M18: ='15'!G15 -> 920 | N18: 53 | O18: =M18*N18 -> 48760 | P18: ='15'!G20 -> 254 | Q18: 108 | R18: =P18*Q18 -> 27432 | S18: =P18/(F18*202/100) -> 216.79754 | T18: ='15'!G24 -> 0 | U18: 69 | V18: =T18*U18 -> 0 | W18: ='15'!G96 -> 78 | X18: ='15'!G97 -> 38 | Y18: ='15'!G98 -> 41 | Z18: =W18+X18+Y18 -> 157 | AA18: ='15'!G133 -> 24 | AB18: ='15'!G134 -> 0 | AC18: ='15'!G135 -> 3 | AD18: ='15'!G136 -> 0 | AE18: =AA18+AB18+AC18+AD18 -> 27 | AF18: =AV18+AW18+BF18+BG18 -> 6209 | AG18: =AF18/AE18 -> 229.96296 | AH18: ='15'!G137 -> 8.63 | AI18: ='15'!G138 -> 0 | AJ18: ='15'!G139 -> 0 | AK18: =AH18+AI18+AJ18 -> 8.63 | AL18: ='15'!G140 -> 11.22 | AM18: ='15'!G141 -> 0 | AO18: =AL18+AM18 -> 11.22 | AP18: ='15'!G124 -> 304 | AQ18: ='15'!G35 -> 0 | AR18: ='15'!G37 -> 1554 | AS18: ='15'!G38 -> 1842 | AT18: ='15'!G39 -> 3671 | AU18: ='15'!G40 -> 431 | AV18: ='15'!G41 -> 5558 | AW18: ='15'!G42 -> 0 | AX18: ='15'!G43 -> 2580 | AY18: ='15'!G44 -> 0 | AZ18: ='15'!G36 -> 823 | BA18: ='15'!G49 -> 2975 | BB18: ='15'!G51 -> 0 | BC18: ='15'!G52 -> -0.07 | BD18: ='15'!G53 -> 0.41 | BE18: ='15'!G54 -> 0 | BF18: ='15'!G55 -> 638 | BG18: ='15'!G56 -> 13 | BH18: ='15'!G57 -> 0 | BI18: ='15'!G50 -> 1206 | BJ18: =SUM(AV18,AW18,BF18,BG18) -> 6209 | BK18: ='15'!G84 -> 837 | BL18: =SUM(AQ18,AV18,AW18,AX18,BA18,BF18,BG18,BH18)/I18% -> 54.589327 | BM18: =SUM(AT18,BD18)/I18% -> 17.036705 | BN18: =(AS18+BC18)/I18 -> 0.08547239 | BO18: =K18+O18+R18+V18 -> 270142 | BP18: =SUM(AV18,AW18,AX18,BF18,BG18,BH18,BK18) -> 9626 | BQ18: =BP18/(AE18*280) -> 1.2732804
A19: 16 | B19: 16 | D19: ='16'!D3 -> 30 | E19: ='16'!D4 -> 0.78 | F19: ='16'!D2 -> 0.52 | G19: ='16'!G8 -> -676966.61 | H19: ='16'!G7 -> 23250 | I19: ='16'!G8 -> -676966.61 | J19: 9 | K19: =I19*J19 -> -6092699.5 | L19: =I19/202 -> -3351.3199 | M19: ='16'!G15 -> 950 | N19: 53 | O19: =M19*N19 -> 50350 | P19: ='16'!G20 -> 170 | Q19: 108 | R19: =P19*Q19 -> 18360 | S19: =P19/(F19*202/100) -> 161.84311 | T19: ='16'!G24 -> 0 | U19: 69 | V19: =T19*U19 -> 0 | W19: ='16'!G96 -> -2268 | X19: ='16'!G97 -> -733 | Y19: ='16'!G98 -> -843 | Z19: =W19+X19+Y19 -> -3844 | AA19: ='16'!G133 -> -192.9 | AB19: ='16'!G134 -> -339.77 | AC19: ='16'!G135 -> -429 | AD19: ='16'!G136 -> 0 | AE19: =AA19+AB19+AC19+AD19 -> -961.67 | AF19: =AV19+AW19+BF19+BG19 -> -208824.17 | AG19: =AF19/AE19 -> 217.14743 | AH19: ='16'!G137 -> -213.67 | AI19: ='16'!G138 -> -33.82 | AJ19: ='16'!G139 -> -6.95 | AK19: =AH19+AI19+AJ19 -> -254.44 | AL19: ='16'!G140 -> -213.26 | AM19: ='16'!G141 -> -77.9 | AO19: =AL19+AM19 -> -291.16 | AP19: ='16'!G124 -> -8028.49 | AQ19: ='16'!G35 -> 1.3 | AR19: ='16'!G37 -> -48548.1 | AS19: ='16'!G38 -> -49969.43 | AT19: ='16'!G39 -> -113041.1 | AU19: ='16'!G40 -> -14155.26 | AV19: ='16'!G41 -> -41614.65 | AW19: ='16'!G42 -> -71357.22 | AX19: ='16'!G43 -> -83668.5 | AY19: ='16'!G44 -> 0 | AZ19: ='16'!G36 -> -23881.17 | BA19: ='16'!G49 -> -91143.83 | BB19: ='16'!G51 -> 0 | BC19: ='16'!G52 -> 0.07 | BD19: ='16'!G53 -> -0.41 | BE19: ='16'!G54 -> 0.27 | BF19: ='16'!G55 -> -95520.21 | BG19: ='16'!G56 -> -332.09 | BH19: ='16'!G57 -> 0 | BI19: ='16'!G50 -> -33597.57 | BJ19: =SUM(AV19,AW19,BF19,BG19) -> -208824.17 | BK19: ='16'!G84 -> -23138 | BL19: =SUM(AQ19,AV19,AW19,AX19,BA19,BF19,BG19,BH19)/I19% -> 56.669737 | BM19: =SUM(AT19,BD19)/I19% -> 16.69824 | BN19: =(AS19+BC19)/I19 -> 0.073813626 | BO19: =K19+O19+R19+V19 -> -6023989.5 | BP19: =SUM(AV19,AW19,AX19,BF19,BG19,BH19,BK19) -> -315630.67 | BQ19: =BP19/(AE19*280) -> 1.1721821
A20: 17 | B20: 17 | D20: ='17'!D3 -> 29 | E20: ='17'!D4 -> 0.8 | F20: ='17'!D2 -> 0.6 | G20: ='17'!G8 -> 24914.74 | H20: ='17'!G7 -> 23250 | I20: ='17'!G8 -> 24914.74 | J20: 9 | K20: =I20*J20 -> 224232.66 | L20: =I20/202 -> 123.3403 | M20: ='17'!G15 -> 950 | N20: 53 | O20: =M20*N20 -> 50350 | P20: ='17'!G20 -> 200 | Q20: 108 | R20: =P20*Q20 -> 21600 | S20: =P20/(F20*202/100) -> 165.0165 | T20: ='17'!G24 -> 0 | U20: 69 | V20: =T20*U20 -> 0 | W20: ='17'!G96 -> 89 | X20: ='17'!G97 -> 30 | Y20: ='17'!G98 -> 30 | Z20: =W20+X20+Y20 -> 149 | AA20: ='17'!G133 -> 0 | AB20: ='17'!G134 -> 12.65 | AC20: ='17'!G135 -> 24.09 | AD20: ='17'!G136 -> 0 | AE20: =AA20+AB20+AC20+AD20 -> 36.74 | AF20: =AV20+AW20+BF20+BG20 -> 8133.4 | AG20: =AF20/AE20 -> 221.37725 | AH20: ='17'!G137 -> 9.11 | AI20: ='17'!G138 -> 0 | AJ20: ='17'!G139 -> 0 | AK20: =AH20+AI20+AJ20 -> 9.11 | AL20: ='17'!G140 -> 0 | AM20: ='17'!G141 -> 10.06 | AO20: =AL20+AM20 -> 10.06 | AP20: ='17'!G124 -> 289.02 | AQ20: ='17'!G35 -> 0 | AR20: ='17'!G37 -> 1656.55 | AS20: ='17'!G38 -> 1759.92 | AT20: ='17'!G39 -> 3718.53 | AU20: ='17'!G40 -> 419.45 | AV20: ='17'!G41 -> 0 | AW20: ='17'!G42 -> 2731.4 | AX20: ='17'!G43 -> 3097.4 | AY20: ='17'!G44 -> 0 | AZ20: ='17'!G36 -> 1131.82 | BA20: ='17'!G49 -> 3270.42 | BB20: ='17'!G51 -> 0 | BC20: ='17'!G52 -> 0 | BD20: ='17'!G53 -> 0.4 | BE20: ='17'!G54 -> 0 | BF20: ='17'!G55 -> 5391.56 | BG20: ='17'!G56 -> 10.44 | BH20: ='17'!G57 -> 0 | BI20: ='17'!G50 -> 1300.44 | BJ20: =SUM(AV20,AW20,BF20,BG20) -> 8133.4 | BK20: ='17'!G84 -> 678 | BL20: =SUM(AQ20,AV20,AW20,AX20,BA20,BF20,BG20,BH20)/I20% -> 58.203377 | BM20: =SUM(AT20,BD20)/I20% -> 14.926626 | BN20: =(AS20+BC20)/I20 -> 0.070637703 | BO20: =K20+O20+R20+V20 -> 296182.66 | BP20: =SUM(AV20,AW20,AX20,BF20,BG20,BH20,BK20) -> 11908.8 | BQ20: =BP20/(AE20*280) -> 1.1576328
A21: 18 | B21: 18 | D21: ='18'!D3 -> 29 | E21: ='18'!D4 -> 0.79 | F21: ='18'!D2 -> 0.54 | G21: ='18'!G8 -> 25951.08 | H21: ='18'!G7 -> 23250 | I21: ='18'!G8 -> 25951.08 | J21: 9 | K21: =I21*J21 -> 233559.72 | L21: =I21/202 -> 128.47069 | M21: ='18'!G15 -> 950 | N21: 53 | O21: =M21*N21 -> 50350 | P21: ='18'!G20 -> 230 | Q21: 108 | R21: =P21*Q21 -> 24840 | S21: =P21/(F21*202/100) -> 210.85442 | T21: ='18'!G24 -> 0 | U21: 69 | V21: =T21*U21 -> 0 | W21: ='18'!G96 -> 90 | X21: ='18'!G97 -> 30 | Y21: ='18'!G98 -> 29 | Z21: =W21+X21+Y21 -> 149 | AA21: ='18'!G133 -> 0 | AB21: ='18'!G134 -> 13.05 | AC21: ='18'!G135 -> 23.91 | AD21: ='18'!G136 -> 0 | AE21: =AA21+AB21+AC21+AD21 -> 36.96 | AF21: =AV21+AW21+BF21+BG21 -> 8129.57 | AG21: =AF21/AE21 -> 219.9559 | AH21: ='18'!G137 -> 8.54 | AI21: ='18'!G138 -> 0 | AJ21: ='18'!G139 -> 0 | AK21: =AH21+AI21+AJ21 -> 8.54 | AL21: ='18'!G140 -> 0 | AM21: ='18'!G141 -> 10.29 | AO21: =AL21+AM21 -> 10.29 | AP21: ='18'!G124 -> 295.74 | AQ21: ='18'!G35 -> 0 | AR21: ='18'!G37 -> 1846.52 | AS21: ='18'!G38 -> 1840.98 | AT21: ='18'!G39 -> 3751.24 | AU21: ='18'!G40 -> 682.61 | AV21: ='18'!G41 -> 0 | AW21: ='18'!G42 -> 2740.73 | AX21: ='18'!G43 -> 3145.2 | AY21: ='18'!G44 -> 0 | AZ21: ='18'!G36 -> 1191.63 | BA21: ='18'!G49 -> 3484.808 | BB21: ='18'!G51 -> 0 | BC21: ='18'!G52 -> 0 | BD21: ='18'!G53 -> -0.4 | BE21: ='18'!G54 -> 0.08 | BF21: ='18'!G55 -> 5388.84 | BG21: ='18'!G56 -> 0 | BH21: ='18'!G57 -> 0 | BI21: ='18'!G50 -> 1712.2 | BJ21: =SUM(AV21,AW21,BF21,BG21) -> 8129.57 | BK21: ='18'!G84 -> 823 | BL21: =SUM(AQ21,AV21,AW21,AX21,BA21,BF21,BG21,BH21)/I21% -> 56.874619 | BM21: =SUM(AT21,BD21)/I21% -> 14.453503 | BN21: =(AS21+BC21)/I21 -> 0.0709404 | BO21: =K21+O21+R21+V21 -> 308749.72 | BP21: =SUM(AV21,AW21,AX21,BF21,BG21,BH21,BK21) -> 12097.77 | BQ21: =BP21/(AE21*280) -> 1.1690022
A22: 19 | B22: 19 | D22: ='19'!D3 -> 27 | E22: ='19'!D4 -> 0.8 | F22: ='19'!D2 -> 0.62 | G22: ='19'!G8 -> 21717.79 | H22: ='19'!G7 -> 23250 | I22: ='19'!G8 -> 21717.79 | J22: 9 | K22: =I22*J22 -> 195460.11 | L22: =I22/202 -> 107.51381 | M22: ='19'!G15 -> 950 | N22: 53 | O22: =M22*N22 -> 50350 | P22: ='19'!G20 -> 260 | Q22: 108 | R22: =P22*Q22 -> 28080 | S22: =P22/(F22*202/100) -> 207.60141 | T22: ='19'!G24 -> 0 | U22: 69 | V22: =T22*U22 -> 0 | W22: ='19'!G96 -> 76 | X22: ='19'!G97 -> 18 | Y22: ='19'!G98 -> 23 | Z22: =W22+X22+Y22 -> 117 | AA22: ='19'!G133 -> -0.1 | AB22: ='19'!G134 -> 4.24 | AC22: ='19'!G135 -> 24 | AD22: ='19'!G136 -> 0 | AE22: =AA22+AB22+AC22+AD22 -> 28.14 | AF22: =AV22+AW22+BF22+BG22 -> 6446.2 | AG22: =AF22/AE22 -> 229.07605 | AH22: ='19'!G137 -> 9.56 | AI22: ='19'!G138 -> -0.16 | AJ22: ='19'!G139 -> 0 | AK22: =AH22+AI22+AJ22 -> 9.4 | AL22: ='19'!G140 -> 0 | AM22: ='19'!G141 -> 9.4 | AO22: =AL22+AM22 -> 9.4 | AP22: ='19'!G124 -> 267.73 | AQ22: ='19'!G35 -> -0.3 | AR22: ='19'!G37 -> 1591.03 | AS22: ='19'!G38 -> 1606.53 | AT22: ='19'!G39 -> 3770.33 | AU22: ='19'!G40 -> 359.2 | AV22: ='19'!G41 -> -0.35 | AW22: ='19'!G42 -> 824.09 | AX22: ='19'!G43 -> 2549.9 | AY22: ='19'!G44 -> 0 | AZ22: ='19'!G36 -> 815.72 | BA22: ='19'!G49 -> 3252.602 | BB22: ='19'!G51 -> 0.13 | BC22: ='19'!G52 -> -0.07 | BD22: ='19'!G53 -> 0 | BE22: ='19'!G54 -> -0.35 | BF22: ='19'!G55 -> 5622.81 | BG22: ='19'!G56 -> -0.35 | BH22: ='19'!G57 -> -0.33 | BI22: ='19'!G50 -> 1093.93 | BJ22: =SUM(AV22,AW22,BF22,BG22) -> 6446.2 | BK22: ='19'!G84 -> 776 | BL22: =SUM(AQ22,AV22,AW22,AX22,BA22,BF22,BG22,BH22)/I22% -> 56.396493 | BM22: =SUM(AT22,BD22)/I22% -> 17.36056 | BN22: =(AS22+BC22)/I22 -> 0.073969773 | BO22: =K22+O22+R22+V22 -> 273890.11 | BP22: =SUM(AV22,AW22,AX22,BF22,BG22,BH22,BK22) -> 9771.77 | BQ22: =BP22/(AE22*280) -> 1.2401982
A23: 20 | B23: 20 | D23: ='20'!D3 -> 27 | E23: ='20'!D4 -> 0.84 | F23: ='20'!D2 -> 0.67 | G23: ='20'!G8 -> 22217.27 | H23: ='20'!G7 -> 23250 | I23: ='20'!G8 -> 22217.27 | J23: 9 | K23: =I23*J23 -> 199955.43 | L23: =I23/202 -> 109.98649 | M23: ='20'!G15 -> 950 | N23: 53 | O23: =M23*N23 -> 50350 | P23: ='20'!G20 -> 140 | Q23: 108 | R23: =P23*Q23 -> 15120 | S23: =P23/(F23*202/100) -> 103.44318 | T23: ='20'!G24 -> 0 | U23: 69 | V23: =T23*U23 -> 0 | W23: ='20'!G96 -> 51 | X23: ='20'!G97 -> 15 | Y23: ='20'!G98 -> 17 | Z23: =W23+X23+Y23 -> 83 | AA23: ='20'!G133 -> 0.1 | AB23: ='20'!G134 -> 12.59 | AC23: ='20'!G135 -> 23.14 | AD23: ='20'!G136 -> 0 | AE23: =AA23+AB23+AC23+AD23 -> 35.83 | AF23: =AV23+AW23+BF23+BG23 -> 7204.54 | AG23: =AF23/AE23 -> 201.07563 | AH23: ='20'!G137 -> 0.28 | AI23: ='20'!G138 -> 0.16 | AJ23: ='20'!G139 -> 0 | AK23: =AH23+AI23+AJ23 -> 0.44 | AL23: ='20'!G140 -> 0 | AM23: ='20'!G141 -> 9.15 | AO23: =AL23+AM23 -> 9.15 | AP23: ='20'!G124 -> 260.45 | AQ23: ='20'!G35 -> 0 | AR23: ='20'!G37 -> 1586.97 | AS23: ='20'!G38 -> 1448.93 | AT23: ='20'!G39 -> 3767.43 | AU23: ='20'!G40 -> 531.89 | AV23: ='20'!G41 -> 0.35 | AW23: ='20'!G42 -> 2322.57 | AX23: ='20'!G43 -> 2710.7 | AY23: ='20'!G44 -> 0 | AZ23: ='20'!G36 -> 1166.52 | BA23: ='20'!G49 -> 2573.21 | BB23: ='20'!G51 -> 0 | BC23: ='20'!G52 -> 0 | BD23: ='20'!G580 -> 0 | BE23: ='20'!G54 -> 0 | BF23: ='20'!G55 -> 4850.47 | BG23: ='20'!G56 -> 31.15 | BH23: ='20'!G57 -> 0 | BI23: ='20'!G50 -> 1063.75 | BJ23: =SUM(AV23,AW23,BF23,BG23) -> 7204.54 | BK23: ='20'!G84 -> 727 | BL23: =SUM(AQ23,AV23,AW23,AX23,BA23,BF23,BG23,BH23)/I23% -> 56.210552 | BM23: =SUM(AT23,BD23)/I23% -> 16.957214 | BN23: =(AS23+BC23)/I23 -> 0.065216383 | BO23: =K23+O23+R23+V23 -> 265425.43 | BP23: =SUM(AV23,AW23,AX23,BF23,BG23,BH23,BK23) -> 10642.24 | BQ23: =BP23/(AE23*280) -> 1.060787
A24: 21 | B24: 21 | D24: 21 | E24: ='21'!D4 -> 0.84 | F24: ='21'!D2 -> 0.66 | G24: ='21'!G8 -> 21222.56 | H24: ='21'!G7 -> 23250 | I24: ='21'!G8 -> 21222.56 | J24: 9 | K24: =I24*J24 -> 191003.04 | L24: =I24/202 -> 105.06218 | M24: ='21'!G15 -> 950 | N24: 53 | O24: =M24*N24 -> 50350 | P24: ='21'!G20 -> 160 | Q24: 108 | R24: =P24*Q24 -> 17280 | S24: =P24/(F24*202/100) -> 120.012 | T24: ='21'!G24 -> 0 | U24: 69 | V24: =T24*U24 -> 0 | W24: ='21'!G96 -> 79 | X24: ='21'!G97 -> 18 | Y24: ='21'!G98 -> 23 | Z24: =W24+X24+Y24 -> 120 | AA24: ='21'!G133 -> 0 | AB24: ='21'!G134 -> 18.18 | AC24: ='21'!G135 -> 9.39 | AD24: ='21'!G136 -> 0 | AE24: =AA24+AB24+AC24+AD24 -> 27.57 | AF24: =AV24+AW24+BF24+BG24 -> 6289.11 | AG24: =AF24/AE24 -> 228.11425 | AH24: ='21'!G137 -> 10.07 | AI24: ='21'!G138 -> 0 | AJ24: ='21'!G139 -> 0 | AK24: =AH24+AI24+AJ24 -> 10.07 | AL24: ='21'!G140 -> 0 | AM24: ='21'!G141 -> 9.46 | AO24: =AL24+AM24 -> 9.46 | AP24: ='21'!G124 -> 269.23 | AQ24: ='21'!G35 -> 0 | AR24: ='21'!G37 -> 1602.92 | AS24: ='21'!G38 -> 1577.98 | AT24: ='21'!G39 -> 3741.52 | AU24: ='21'!G40 -> 267.51 | AV24: ='21'!G41 -> 0 | AW24: ='21'!G42 -> 4011.53 | AX24: ='21'!G43 -> 2552.6 | AY24: ='21'!G44 -> 0 | AZ24: ='21'!G36 -> 759.4 | BA24: ='21'!G49 -> 2837.54 | BB24: ='21'!G51 -> 0 | BC24: ='21'!G52 -> 0.07 | BD24: ='21'!G53 -> 0 | BE24: ='21'!G54 -> 0 | BF24: ='21'!G55 -> 2266.54 | BG24: ='21'!G56 -> 11.04 | BH24: ='21'!G57 -> 0 | BI24: ='21'!G50 -> 1014.92 | BJ24: =SUM(AV24,AW24,BF24,BG24) -> 6289.11 | BK24: ='21'!G84 -> 697 | BL24: =SUM(AQ24,AV24,AW24,AX24,BA24,BF24,BG24,BH24)/I24% -> 55.032239 | BM24: =SUM(AT24,BD24)/I24% -> 17.629918 | BN24: =(AS24+BC24)/I24 -> 0.074357193 | BO24: =K24+O24+R24+V24 -> 258633.04 | BP24: =SUM(AV24,AW24,AX24,BF24,BG24,BH24,BK24) -> 9538.71 | BQ24: =BP24/(AE24*280) -> 1.2356482
A25: 22 | B25: 22 | D25: ='22'!D3 -> 27 | E25: ='22'!D4 -> 0.84 | F25: ='22'!D2 -> 0.8 | G25: ='22'!G8 -> 21681.12 | H25: ='22'!G7 -> 23250 | I25: ='22'!G8 -> 21681.12 | J25: 9 | K25: =I25*J25 -> 195130.08 | L25: =I25/202 -> 107.33228 | M25: ='22'!G15 -> 950 | N25: 53 | O25: =M25*N25 -> 50350 | P25: ='22'!G20 -> 180 | Q25: 108 | R25: =P25*Q25 -> 19440 | S25: =P25/(F25*202/100) -> 111.38614 | T25: ='22'!G24 -> 0 | U25: 69 | V25: =T25*U25 -> 0 | W25: ='22'!G96 -> 73 | X25: ='22'!G97 -> 22 | Y25: ='22'!G98 -> 20 | Z25: =W25+X25+Y25 -> 115 | AA25: ='22'!G133 -> 6.95 | AB25: ='22'!G134 -> 0 | AC25: ='22'!G135 -> 24.48 | AD25: ='22'!G136 -> 0.05 | AE25: =AA25+AB25+AC25+AD25 -> 31.48 | AF25: =AV25+AW25+BF25+BG25 -> 6891.7 | AG25: =AF25/AE25 -> 218.92313 | AH25: ='22'!G137 -> 5.7 | AI25: ='22'!G138 -> 0 | AJ25: ='22'!G139 -> 0 | AK25: =AH25+AI25+AJ25 -> 5.7 | AL25: ='22'!G140 -> 0 | AM25: ='22'!G141 -> 9.18 | AO25: =AL25+AM25 -> 9.18 | AP25: ='22'!G124 -> 265 | AQ25: ='22'!G35 -> 0 | AR25: ='22'!G37 -> 1618.98 | AS25: ='22'!G38 -> 1490.8 | AT25: ='22'!G39 -> 3759.08 | AU25: ='22'!G40 -> 445.33 | AV25: ='22'!G41 -> 1337.2 | AW25: ='22'!G42 -> 0 | AX25: ='22'!G43 -> 2641.6 | AY25: ='22'!G44 -> 0 | AZ25: ='22'!G36 -> 653.86 | BA25: ='22'!G49 -> 2925.76 | BB25: ='22'!G51 -> 0 | BC25: ='22'!G52 -> 0 | BD25: ='22'!G53 -> 0 | BE25: ='22'!G54 -> 0.39 | BF25: ='22'!G55 -> 5543.86 | BG25: ='22'!G56 -> 10.64 | BH25: ='22'!G57 -> 0 | BI25: ='22'!G50 -> 1079.52 | BJ25: =SUM(AV25,AW25,BF25,BG25) -> 6891.7 | BK25: ='22'!G84 -> 700 | BL25: =SUM(AQ25,AV25,AW25,AX25,BA25,BF25,BG25,BH25)/I25% -> 57.46502 | BM25: =SUM(AT25,BD25)/I25% -> 17.338034 | BN25: =(AS25+BC25)/I25 -> 0.068760285 | BO25: =K25+O25+R25+V25 -> 264920.08 | BP25: =SUM(AV25,AW25,AX25,BF25,BG25,BH25,BK25) -> 10233.3 | BQ25: =BP25/(AE25*280) -> 1.1609752
A26: 23 | B26: 23 | D26: ='23'!D3 -> 30 | E26: ='23'!D4 -> 0.78 | F26: ='23'!D2 -> 0.85 | G26: ='23'!G8 -> 22659.96 | H26: ='23'!G7 -> 23250 | I26: ='23'!G8 -> 22659.96 | J26: 9 | K26: =I26*J26 -> 203939.64 | L26: =I26/202 -> 112.17802 | M26: ='23'!G15 -> 950 | N26: 53 | O26: =M26*N26 -> 50350 | P26: ='23'!G20 -> 160 | Q26: 108 | R26: =P26*Q26 -> 17280 | S26: =P26/(F26*202/100) -> 93.185789 | T26: ='23'!G24 -> 0 | U26: 69 | V26: =T26*U26 -> 0 | W26: ='23'!G96 -> 67 | X26: ='23'!G97 -> 20 | Y26: ='23'!G98 -> 21 | Z26: =W26+X26+Y26 -> 108 | AA26: ='23'!G133 -> 0 | AB26: ='23'!G134 -> 9.34 | AC26: ='23'!G135 -> 24.1 | AD26: ='23'!G136 -> 0 | AE26: =AA26+AB26+AC26+AD26 -> 33.44 | AF26: =AV26+AW26+BF26+BG26 -> 7521.05 | AG26: =AF26/AE26 -> 224.91178 | AH26: ='23'!G137 -> 9.67 | AI26: ='23'!G138 -> 0 | AJ26: ='23'!G139 -> 0 | AK26: =AH26+AI26+AJ26 -> 9.67 | AL26: ='23'!G140 -> 0 | AM26: ='23'!G141 -> 9.04 | AO26: =AL26+AM26 -> 9.04 | AP26: ='23'!G124 -> 259.04 | AQ26: ='23'!G35 -> 0 | AR26: ='23'!G37 -> 1602.16 | AS26: ='23'!G38 -> 1578.86 | AT26: ='23'!G39 -> 3787.96 | AU26: ='23'!G40 -> 586.75 | AV26: ='23'!G41 -> 0 | AW26: ='23'!G42 -> 1924.99 | AX26: ='23'!G43 -> 2699.2 | AY26: ='23'!G44 -> 0 | AZ26: ='23'!G36 -> 684.06 | BA26: ='23'!G49 -> 3047.58 | BB26: ='23'!G51 -> 0 | BC26: ='23'!G52 -> 0 | BD26: ='23'!G53 -> 0 | BE26: ='23'!G54 -> 0 | BF26: ='23'!G55 -> 5585.62 | BG26: ='23'!G56 -> 10.44 | BH26: ='23'!G57 -> 0 | BI26: ='23'!G50 -> 996.76 | BJ26: =SUM(AV26,AW26,BF26,BG26) -> 7521.05 | BK26: ='23'!G84 -> 709 | BL26: =SUM(AQ26,AV26,AW26,AX26,BA26,BF26,BG26,BH26)/I26% -> 58.551869 | BM26: =SUM(AT26,BD26)/I26% -> 16.716534 | BN26: =(AS26+BC26)/I26 -> 0.069676204 | BO26: =K26+O26+R26+V26 -> 271569.64 | BP26: =SUM(AV26,AW26,AX26,BF26,BG26,BH26,BK26) -> 10929.25 | BQ26: =BP26/(AE26*280) -> 1.1672559
A27: 24 | B27: 24 | D27: ='24'!D3 -> 28 | E27: ='24'!D4 -> 0.8 | F27: ='24'!D2 -> 1 | G27: ='24'!G8 -> 22644.09 | H27: ='24'!G7 -> 23250 | I27: ='24'!G8 -> 22644.09 | J27: 9 | K27: =I27*J27 -> 203796.81 | L27: =I27/202 -> 112.09946 | M27: ='24'!G15 -> 950 | N27: 53 | O27: =M27*N27 -> 50350 | P27: ='24'!G20 -> 170 | Q27: 108 | R27: =P27*Q27 -> 18360 | S27: =P27/(F27*202/100) -> 84.158416 | T27: ='24'!G24 -> 0 | U27: 69 | V27: =T27*U27 -> 0 | W27: ='24'!G96 -> 64 | X27: ='24'!G97 -> 23 | Y27: ='24'!G98 -> 34 | Z27: =W27+X27+Y27 -> 121 | AA27: ='24'!G133 -> -0.05 | AB27: ='24'!G134 -> 9.85 | AC27: ='24'!G135 -> 23.89 | AD27: ='24'!G136 -> -0.05 | AE27: =AA27+AB27+AC27+AD27 -> 33.64 | AF27: =AV27+AW27+BF27+BG27 -> 7305.15 | AG27: =AF27/AE27 -> 217.15666 | AH27: ='24'!G137 -> 7.95 | AI27: ='24'!G138 -> -0.16 | AJ27: ='24'!G139 -> 0.4 | AK27: =AH27+AI27+AJ27 -> 8.19 | AL27: ='24'!G140 -> 0 | AM27: ='24'!G141 -> 8.83 | AO27: =AL27+AM27 -> 8.83 | AP27: ='24'!G124 -> 254.28 | AQ27: ='24'!G35 -> 0 | AR27: ='24'!G37 -> 1631.97 | AS27: ='24'!G38 -> 1604.43 | AT27: ='24'!G39 -> 3817.01 | AU27: ='24'!G40 -> 428.52 | AV27: ='24'!G41 -> 0 | AW27: ='24'!G42 -> 1849.91 | AX27: ='24'!G43 -> 2784.9 | AY27: ='24'!G44 -> 0 | AZ27: ='24'!G36 -> 689.16 | BA27: ='24'!G49 -> 3076.91 | BB27: ='24'!G51 -> 0 | BC27: ='24'!G52 -> -0.07 | BD27: ='24'!G53 -> 0.41 | BE27: ='24'!G54 -> -0.39 | BF27: ='24'!G55 -> 5455.51 | BG27: ='24'!G56 -> -0.27 | BH27: ='24'!G57 -> 0 | BI27: ='24'!G50 -> 988.05 | BJ27: =SUM(AV27,AW27,BF27,BG27) -> 7305.15 | BK27: ='24'!G84 -> 782 | BL27: =SUM(AQ27,AV27,AW27,AX27,BA27,BF27,BG27,BH27)/I27% -> 58.147446 | BM27: =SUM(AT27,BD27)/I27% -> 16.85835 | BN27: =(AS27+BC27)/I27 -> 0.070851158 | BO27: =K27+O27+R27+V27 -> 272506.81 | BP27: =SUM(AV27,AW27,AX27,BF27,BG27,BH27,BK27) -> 10872.05 | BQ27: =BP27/(AE27*280) -> 1.1542435
A28: 25 | B28: 25 | D28: ='25'!D3 -> 28 | E28: ='25'!D4 -> 0.8 | F28: ='25'!D2 -> 0.74 | G28: ='25'!G8 -> 23122 | H28: ='25'!G7 -> 23250 | I28: ='25'!G8 -> 23122 | J28: 9 | K28: =I28*J28 -> 208098 | L28: =I28/202 -> 114.46535 | M28: ='25'!G15 -> 950 | N28: 53 | O28: =M28*N28 -> 50350 | P28: ='25'!G20 -> 220 | Q28: 108 | R28: =P28*Q28 -> 23760 | S28: =P28/(F28*202/100) -> 147.17688 | T28: ='25'!G24 -> 0 | U28: 69 | V28: =T28*U28 -> 0 | W28: ='25'!G96 -> 78 | X28: ='25'!G97 -> 31 | Y28: ='25'!G98 -> 39 | Z28: =W28+X28+Y28 -> 148 | AA28: ='25'!G133 -> 0 | AB28: ='25'!G134 -> 9.62 | AC28: ='25'!G135 -> 24 | AD28: ='25'!G136 -> 0 | AE28: =AA28+AB28+AC28+AD28 -> 33.62 | AF28: =AV28+AW28+BF28+BG28 -> 5647.45 | AG28: =AF28/AE28 -> 167.97888 | AH28: ='24'!G137 -> 7.95 | AI28: ='24'!G138 -> -0.16 | AJ28: ='24'!G139 -> 0.4 | AK28: =AH28+AI28+AJ28 -> 8.19 | AL28: ='23'!G140 -> 0 | AM28: ='24'!G141 -> 8.83 | AO28: =AL28+AM28 -> 8.83 | AP28: ='25'!G124 -> 280 | AQ28: ='25'!G35 -> 0 | AR28: ='25'!G37 -> 1678 | AS28: ='25'!G38 -> 1682 | AT28: ='25'!G39 -> 3772 | AU28: ='25'!G40 -> 640 | AV28: ='25'!G41 -> 0.45 | AX28: ='25'!G43 -> 2870 | AY28: ='25'!G44 -> 0 | AZ28: ='25'!G36 -> 718 | BA28: ='25'!G49 -> 2993 | BB28: ='25'!G51 -> -0.13 | BC28: ='25'!G52 -> 0.07 | BD28: ='25'!G53 -> 0 | BE28: ='24'!G54 -> -0.39 | BF28: ='25'!G55 -> 5647 | BG28: ='25'!G56 -> 0 | BH28: ='25'!G57 -> 0 | BI28: ='25'!G50 -> 1138 | BJ28: =SUM(AV28,AW28,BF28,BG28) -> 5647.45 | BK28: ='25'!G84 -> 784 | BL28: =SUM(AQ28,AV28,AW28,AX28,BA28,BF28,BG28,BH28)/I28% -> 49.781377 | BM28: =SUM(AT28,BD28)/I28% -> 16.313468 | BN28: =(AS28+BC28)/I28 -> 0.0727476 | BO28: =K28+O28+R28+V28 -> 282208 | BP28: =SUM(AV28,AW28,AX28,BF28,BG28,BH28,BK28) -> 9301.45 | BQ28: =BP28/(AE28*280) -> 0.98808639
A29: 26 | B29: 26 | D29: ='26'!D3 -> 27 | E29: ='26'!D4 -> 0.78 | F29: ='26'!D2 -> 0.75 | G29: ='26'!G8 -> 22721 | H29: ='26'!G7 -> 23250 | I29: ='26'!G8 -> 22721 | J29: 9 | K29: =I29*J29 -> 204489 | L29: =I29/202 -> 112.4802 | M29: ='26'!G15 -> 950 | N29: 53 | O29: =M29*N29 -> 50350 | P29: ='26'!G20 -> 180 | Q29: 108 | R29: =P29*Q29 -> 19440 | S29: =P29/(F29*202/100) -> 118.81188 | T29: ='26'!G24 -> 0 | U29: 69 | V29: =T29*U29 -> 0 | W29: ='26'!G96 -> 69 | X29: ='26'!G97 -> 24 | Y29: ='26'!G98 -> 22 | Z29: =W29+X29+Y29 -> 115 | AA29: ='26'!G133 -> 0 | AB29: ='26'!G134 -> 12 | AC29: ='26'!G135 -> 20 | AD29: ='26'!G136 -> 0 | AE29: =AA29+AB29+AC29+AD29 -> 32 | AF29: =AV29+AW29+BF29+BG29 -> 7309 | AG29: =AF29/AE29 -> 228.40625 | AH29: ='26'!G137 -> 7 | AI29: ='26'!G138 -> 0 | AJ29: ='26'!G139 -> 0 | AK29: =AH29+AI29+AJ29 -> 7 | AL29: ='26'!G140 -> 9.27 | AM29: ='26'!G141 -> 0 | AO29: =AL29+AM29 -> 9.27 | AP29: ='26'!G124 -> 252 | AQ29: ='26'!G35 -> 0 | AR29: ='26'!G37 -> 1663 | AS29: ='26'!G38 -> 1573 | AT29: ='26'!G39 -> 3750 | AU29: ='26'!G40 -> 360 | AV29: ='26'!G41 -> 0 | AW29: ='26'!G42 -> 2781 | AX29: ='26'!G43 -> 2794 | AY29: ='26'!G44 -> 0 | AZ29: ='26'!G36 -> 755 | BA29: ='26'!G49 -> 3145 | BB29: ='26'!G51 -> 0 | BC29: ='26'!G52 -> 0 | BD29: ='26'!G53 -> 0 | BE29: ='26'!G54 -> 0 | BF29: ='26'!G55 -> 4528 | BG29: ='26'!G56 -> 0 | BH29: ='26'!G57 -> 0 | BI29: ='26'!G50 -> 928 | BJ29: =SUM(AV29,AW29,BF29,BG29) -> 7309 | BK29: ='26'!G84 -> 829 | BL29: =SUM(AQ29,AV29,AW29,AX29,BA29,BF29,BG29,BH29)/I29% -> 58.307293 | BM29: =SUM(AT29,BD29)/I29% -> 16.504555 | BN29: =(AS29+BC29)/I29 -> 0.069231108 | BO29: =K29+O29+R29+V29 -> 274279 | BP29: =SUM(AV29,AW29,AX29,BF29,BG29,BH29,BK29) -> 10932 | BQ29: =BP29/(AE29*280) -> 1.2200893
A30: 27 | B30: 27 | D30: ='27'!D3 -> 29 | E30: ='27'!D4 -> 0.85 | F30: ='27'!D2 -> 0.64 | G30: ='27'!G8 -> 21225 | H30: ='27'!G7 -> 23250 | I30: ='27'!G8 -> 21225 | J30: 9 | K30: =I30*J30 -> 191025 | L30: =I30/202 -> 105.07426 | M30: ='27'!G15 -> 950 | N30: 53 | O30: =M30*N30 -> 50350 | P30: ='27'!G20 -> 170 | Q30: 108 | R30: =P30*Q30 -> 18360 | S30: =P30/(F30*202/100) -> 131.49752 | T30: ='27'!G24 -> 0 | U30: 69 | V30: =T30*U30 -> 0 | W30: ='27'!G96 -> 62 | X30: ='27'!G97 -> 19 | Y30: ='27'!G98 -> 24 | Z30: =W30+X30+Y30 -> 105 | AA30: ='27'!G133 -> 0 | AB30: ='27'!G134 -> 24 | AC30: ='27'!G135 -> 6 | AD30: ='27'!G136 -> 0 | AE30: =AA30+AB30+AC30+AD30 -> 30 | AF30: =AV30+AW30+BF30+BG30 -> 6213 | AG30: =AF30/AE30 -> 207.1 | AH30: ='27'!G137 -> 8.78 | AI30: ='27'!G138 -> 0.16 | AJ30: ='27'!G139 -> -0.4 | AK30: =AH30+AI30+AJ30 -> 8.54 | AL30: ='27'!G140 -> 9.16 | AM30: ='27'!G141 -> 0 | AO30: =AL30+AM30 -> 9.16 | AP30: ='27'!G124 -> 250 | AQ30: ='27'!G35 -> 0 | AR30: ='27'!G37 -> 1655 | AS30: ='27'!G38 -> 1508 | AT30: ='27'!G39 -> 3783 | AU30: ='27'!G40 -> 386 | AV30: ='27'!G41 -> 0 | AW30: ='27'!G42 -> 4991 | AX30: ='27'!G43 -> 2676 | AY30: ='27'!G44 -> 0 | AZ30: ='27'!G36 -> 671 | BA30: ='27'!G49 -> 2883 | BB30: ='27'!G51 -> 0.13 | BC30: ='27'!G52 -> -0.07 | BD30: ='27'!G53 -> 0 | BE30: ='27'!G54 -> 0 | BF30: ='27'!G55 -> 1179 | BG30: ='27'!G56 -> 43 | BH30: ='27'!G57 -> 0 | BI30: ='27'!G50 -> 988 | BJ30: =SUM(AV30,AW30,BF30,BG30) -> 6213 | BK30: ='27'!G84 -> 835 | BL30: =SUM(AQ30,AV30,AW30,AX30,BA30,BF30,BG30,BH30)/I30% -> 55.462898 | BM30: =SUM(AT30,BD30)/I30% -> 17.823322 | BN30: =(AS30+BC30)/I30 -> 0.071044994 | BO30: =K30+O30+R30+V30 -> 259735 | BP30: =SUM(AV30,AW30,AX30,BF30,BG30,BH30,BK30) -> 9724 | BQ30: =BP30/(AE30*280) -> 1.157619
A31: 28 | B31: 28 | D31: ='28'!D3 -> 27 | E31: ='28'!D4 -> 0.9 | F31: ='28'!D2 -> 0.57 | G31: ='28'!G8 -> 21058 | H31: ='28'!G7 -> 23250 | I31: ='28'!G8 -> 21058 | J31: 9 | K31: =I31*J31 -> 189522 | L31: =I31/202 -> 104.24752 | M31: ='28'!G15 -> 950 | N31: 53 | O31: =M31*N31 -> 50350 | P31: ='28'!G20 -> 120 | Q31: 108 | R31: =P31*Q31 -> 12960 | S31: =P31/(F31*202/100) -> 104.22095 | T31: ='28'!G24 -> 0 | U31: 69 | V31: =T31*U31 -> 0 | W31: ='28'!G96 -> 61 | X31: ='28'!G97 -> 21 | Y31: ='28'!G98 -> 24 | Z31: =W31+X31+Y31 -> 106 | AA31: ='28'!G133 -> 0 | AB31: ='28'!G134 -> 24 | AC31: ='28'!G135 -> 6 | AD31: ='28'!G136 -> 0 | AE31: =AA31+AB31+AC31+AD31 -> 30 | AF31: =AV31+AW31+BF31+BG31 -> 6109 | AG31: =AF31/AE31 -> 203.63333 | AH31: ='28'!G137 -> 5.8 | AI31: ='28'!G138 -> 0.02 | AJ31: ='28'!G139 -> 0 | AK31: =AH31+AI31+AJ31 -> 5.82 | AL31: ='28'!G140 -> 9.39 | AM31: ='28'!G141 -> 0.33 | AO31: =AL31+AM31 -> 9.72 | AP31: ='28'!G124 -> 243 | AQ31: ='28'!G35 -> 0 | AR31: ='28'!G37 -> 1600 | AS31: ='28'!G38 -> 1549 | AT31: ='28'!G39 -> 3785 | AU31: ='28'!G40 -> 473 | AV31: ='28'!G41 -> 0 | AW31: ='28'!G42 -> 4964 | AX31: ='28'!G43 -> 2686 | AY31: ='28'!G44 -> 0 | AZ31: ='28'!G36 -> 674 | BA31: ='28'!G49 -> 2896 | BB31: ='28'!G51 -> 0 | BC31: ='28'!G52 -> 0.07 | BD31: ='28'!G53 -> 0 | BE31: ='28'!G54 -> 0 | BF31: ='28'!G55 -> 1134 | BG31: ='28'!G56 -> 11 | BH31: ='28'!G57 -> 0.33 | BI31: ='28'!G50 -> 920 | BJ31: =SUM(AV31,AW31,BF31,BG31) -> 6109 | BK31: ='28'!G84 -> 779 | BL31: =SUM(AQ31,AV31,AW31,AX31,BA31,BF31,BG31,BH31)/I31% -> 55.51966 | BM31: =SUM(AT31,BD31)/I31% -> 17.974167 | BN31: =(AS31+BC31)/I31 -> 0.073562067 | BO31: =K31+O31+R31+V31 -> 252832 | BP31: =SUM(AV31,AW31,AX31,BF31,BG31,BH31,BK31) -> 9574.33 | BQ31: =BP31/(AE31*280) -> 1.1398012
A32: 29 | B32: 29 | D32: ='29'!D3 -> 27 | E32: ='29'!D4 -> 0.9 | F32: ='29'!D2 -> 0.7 | G32: ='29'!G8 -> 23083 | H32: ='29'!G7 -> 23250 | I32: ='29'!G8 -> 23083 | J32: 9 | K32: =I32*J32 -> 207747 | L32: =I32/202 -> 114.27228 | M32: ='29'!G15 -> 950 | N32: 53 | O32: =M32*N32 -> 50350 | P32: ='29'!G20 -> 200 | Q32: 108 | R32: =P32*Q32 -> 21600 | S32: =P32/(F32*202/100) -> 141.44272 | T32: ='29'!G24 -> 0 | U32: 69 | V32: =T32*U32 -> 0 | W32: ='29'!G96 -> 69 | X32: ='29'!G97 -> 20 | Y32: ='29'!G98 -> 25 | Z32: =W32+X32+Y32 -> 114 | AA32: ='29'!G133 -> 0 | AB32: ='29'!G134 -> 20 | AC32: ='29'!G135 -> 14 | AD32: ='29'!G136 -> 0 | AE32: =AA32+AB32+AC32+AD32 -> 34 | AF32: =AV32+AW32+BF32+BG32 -> 7255 | AG32: =AF32/AE32 -> 213.38235 | AH32: ='29'!G137 -> -0.02 | AI32: ='29'!G138 -> 10.77 | AJ32: ='29'!G139 -> 0.4 | AK32: =AH32+AI32+AJ32 -> 11.15 | AL32: ='29'!G140 -> 9.31 | AM32: ='29'!G141 -> 0 | AO32: =AL32+AM32 -> 9.31 | AP32: ='29'!G124 -> 265 | AQ32: ='29'!G35 -> 0 | AR32: ='29'!G37 -> 1607 | AS32: ='29'!G38 -> 1643 | AT32: ='29'!G39 -> 3817 | AU32: ='29'!G40 -> 395 | AV32: ='29'!G41 -> 0 | AW32: ='29'!G42 -> 3970 | AX32: ='29'!G43 -> 2798 | AY32: ='29'!G44 -> 0 | AZ32: ='29'!G36 -> 1126 | BA32: ='29'!G49 -> 3024 | BB32: ='29'!G51 -> -0.13 | BC32: ='29'!G52 -> 0 | BD32: ='29'!G53 -> 0 | BE32: ='29'!G54 -> 0 | BF32: ='29'!G55 -> 3274 | BG32: ='29'!G56 -> 11 | BH32: ='29'!G57 -> -0.33 | BI32: ='29'!G50 -> 980 | BJ32: =SUM(AV32,AW32,BF32,BG32) -> 7255 | BK32: ='29'!G84 -> 793 | BL32: =SUM(AQ32,AV32,AW32,AX32,BA32,BF32,BG32,BH32)/I32% -> 56.650652 | BM32: =SUM(AT32,BD32)/I32% -> 16.535979 | BN32: =(AS32+BC32)/I32 -> 0.071177923 | BO32: =K32+O32+R32+V32 -> 279697 | BP32: =SUM(AV32,AW32,AX32,BF32,BG32,BH32,BK32) -> 10845.67 | BQ32: =BP32/(AE32*280) -> 1.1392511
A33: 30 | B33: 30 | D33: ='30'!D3 -> 27 | E33: ='30'!D4 -> 0.9 | F33: ='30'!D2 -> 0.5 | G33: ='30'!G8 -> 22284 | H33: ='30'!G7 -> 23250 | I33: ='30'!G8 -> 22284 | J33: 9 | K33: =I33*J33 -> 200556 | L33: =I33/202 -> 110.31683 | M33: ='30'!G15 -> 950 | N33: 53 | O33: =M33*N33 -> 50350 | P33: ='30'!G20 -> 210 | Q33: 108 | R33: =P33*Q33 -> 22680 | S33: =P33/(F33*202/100) -> 207.92079 | T33: ='30'!G24 -> 0 | U33: 69 | V33: =T33*U33 -> 0 | W33: ='30'!G96 -> 73 | X33: ='30'!G97 -> 23 | Y33: ='30'!G98 -> 26 | Z33: =W33+X33+Y33 -> 122 | AA33: ='30'!G133 -> 0 | AB33: ='30'!G134 -> 5 | AC33: ='30'!G135 -> 24 | AD33: ='30'!G136 -> 0 | AE33: =AA33+AB33+AC33+AD33 -> 29 | AF33: =AV33+AW33+BF33+BG33 -> 6835 | AG33: =AF33/AE33 -> 235.68966 | AH33: ='30'!G137 -> 0 | AI33: ='30'!G138 -> 9.5 | AJ33: ='30'!G139 -> -0.4 | AK33: =AH33+AI33+AJ33 -> 9.1 | AL33: ='30'!G140 -> 8.84 | AM33: ='30'!G141 -> 0 | AO33: =AL33+AM33 -> 8.84 | AP33: ='30'!G124 -> 162 | AQ33: ='30'!G35 -> 0 | AR33: ='30'!G37 -> 1632 | AS33: ='30'!G38 -> 1700 | AT33: ='30'!G39 -> 3848 | AU33: ='30'!G40 -> 648 | AV33: ='30'!G41 -> 0 | AW33: ='30'!G42 -> 1096 | AX33: ='30'!G43 -> 2640 | AY33: ='30'!G44 -> 0 | AZ33: ='30'!G36 -> 857 | BA33: ='30'!G49 -> 3004 | BB33: ='30'!G51 -> 0.13 | BC33: ='30'!G52 -> -0.07 | BD33: ='30'!G53 -> 0 | BE33: ='30'!G54 -> 0 | BF33: ='30'!G55 -> 5727 | BG33: ='30'!G56 -> 12 | BH33: ='30'!G57 -> 0 | BI33: ='30'!G50 -> 1029 | BJ33: =SUM(AV33,AW33,BF33,BG33) -> 6835 | BK33: ='30'!G84 -> 802 | BL33: =SUM(AQ33,AV33,AW33,AX33,BA33,BF33,BG33,BH33)/I33% -> 55.99982 | BM33: =SUM(AT33,BD33)/I33% -> 17.267995 | BN33: =(AS33+BC33)/I33 -> 0.076284778 | BO33: =K33+O33+R33+V33 -> 273586 | BP33: =SUM(AV33,AW33,AX33,BF33,BG33,BH33,BK33) -> 10277 | BQ33: =BP33/(AE33*280) -> 1.2656404
A34: 31 | B34: 31 | D34: 30 | E34: ='30'!D5 -> Unit | F34: ='30'!D3 -> 27 | G34: ='31'!G8 -> 21500 | H34: ='31'!G7 -> 23250 | I34: ='31'!G8 -> 21500 | J34: 9 | K34: =I34*J34 -> 193500 | L34: =I34/202 -> 106.43564 | M34: ='31'!G15 -> 950 | N34: 53 | O34: =M34*N34 -> 50350 | P34: ='31'!G20 -> 120 | Q34: 108 | R34: =P34*Q34 -> 12960 | S34: =P34/(F34*202/100) -> 2.20022 | T34: ='30'!G25 -> 0 | U34: 70 | V34: =T34*U34 -> 0 | W34: ='30'!G97 -> 23 | X34: ='30'!G98 -> 26 | Y34: ='30'!G99 -> 23 | Z34: =W34+X34+Y34 -> 72 | AA34: ='30'!G134 -> 5 | AB34: ='30'!G135 -> 24 | AC34: ='30'!G136 -> 0 | AD34: ='30'!G137 -> 0 | AE34: =AA34+AB34+AC34+AD34 -> 29 | AF34: =AV34+AW34+BF34+BG34 -> -375153 | AG34: =AF34/AE34 -> -12936.31 | AH34: ='30'!G138 -> 9.5 | AI34: ='30'!G139 -> -0.4 | AJ34: ='30'!G140 -> 8.84 | AK34: =AH34+AI34+AJ34 -> 17.94 | AL34: ='30'!G141 -> 0 | AM34: ='30'!G142 -> 0 | AO34: =AL34+AM34 -> 0 | AP34: ='30'!G125 -> 0.4 | AQ34: ='31'!G35 -> -108109 | AR34: ='31'!G37 -> -90281 | AS34: ='31'!G38 -> 1249 | AT34: ='31'!G39 -> -208538 | AU34: ='31'!G40 -> -18887 | AV34: ='31'!G41 -> -126362 | AW34: ='31'!G42 -> -53369 | AX34: ='31'!G43 -> -159393 | AY34: ='31'!G44 -> 0 | AZ34: ='31'!G36 -> 173 | BA34: ='31'!G49 -> -60284 | BB34: ='31'!G51 -> 0 | BC34: ='31'!G52 -> 0 | BD34: ='31'!G53 -> -1664 | BE34: ='31'!G54 -> -1217 | BF34: ='31'!G55 -> -163270 | BG34: ='31'!G56 -> -32152 | BH34: ='31'!G57 -> 0 | BI34: ='31'!G50 -> -66212 | BJ34: =SUM(AV34,AW34,BF34,BG34) -> -375153 | BK34: ='31'!G84 -> -46279 | BL34: =SUM(AQ34,AV34,AW34,AX34,BA34,BF34,BG34,BH34)/I34% -> -3269.4837 | BM34: =SUM(AT34,BD34)/I34% -> -977.68372 | BN34: =(AS34+BC34)/I34 -> 0.058093023 | BO34: =K34+O34+R34+V34 -> 256810 | BP34: =SUM(AV34,AW34,AX34,BF34,BG34,BH34,BK34) -> -580825 | BQ34: =BP34/(AE34*280) -> -71.530172
A35: Total | D35: =AVERAGE(D4:D34) -> 28.774194 | F35: =AVERAGE(F4:F34) -> 1.5475806 | G35: =SUM(G4:G34) -> -1792 | H35: =SUM(H4:H34) -> 706316 | I35: =SUM(I4:I34) -> -1792 | J35: 9 | K35: =SUM(K4:K34) -> -16128 | L35: =SUM(L4:L34) -> -8.8712871 | M35: =SUM(M4:M34) -> 28355 | N35: =SUM(N4:N34) -> 1643 | O35: =SUM(O4:O34) -> 1502815 | P35: =SUM(P4:P34) -> 6380 | Q35: =SUM(Q4:Q34) -> 3348 | R35: =SUM(R4:R34) -> 689040 | ... BO35: =SUM(BO4:BO34) -> 2175727 | BP35: =SUM(AV35,AW35,AX35,BF35,BG35,BH35,BK35) -> -593556 | BQ35: =BP35/(AE35*280) -> 423.96857
B36: =B18-B17 -> 1 | C36: =C18-C17 -> 0 | D36: =D18-D17 -> 0 | E36: =E18-E17 -> 0.05 | F36: =F18-F17 -> -0.22 | I36: =I18-I17 -> 736 | J36: =J18-J17 -> 0 | K36: =K18-K17 -> 6624 | L36: =L18-L17 -> 3.6435644 | M36: =M18-M17 -> -172 | N36: =N18-N17 -> 0 | O36: =O18-O17 -> -9116 | P36: =P18-P17 -> 31 | ... AO36: =AO18-AO17 -> 1.33 | AQ36: =AQ18-AQ17 -> 0 | AR36: =AR18-AR17 -> 0 | AS36: =AS18-AS17 -> 125 | AT36: =AT18-AT17 -> -3 | AU36: =AU18-AU17 -> 79 | AV36: =AV18-AV17 -> -145 | AW36: =AW18-AW17 -> 0 | AX36: =AX18-AX17 -> 90 | BA36: =BA18-BA17 -> -89 | BB36: =BB18-BB17 -> 0 | BC36: =BC18-BC17 -> -0.07 | BD36: =BD18-BD17 -> 0.82 | BE36: =BE18-BE17 -> 0 | BF36: =BF18-BF17 -> 332 | BG36: =BG18-BG17 -> 0 | BH36: =BH18-BH17 -> 0 | BL36: =BL18-BL17 -> -1.0270849 | BM36: =BM18-BM17 -> -0.6129055 | BO36: =BO18-BO17 -> 856 | BP36: =BP18-BP17 -> 307
F37: =AVERAGE(F4:F35) -> 1.5475806 | I37: =AVERAGE(I4:I35) -> -112
B38: Guest complaint | F38: =AVERAGE(F4:F35) -> 1.5475806
BJ41: =(BJ31+BK31)/400 -> 17.22

Sheet Occupancy
B1: Hotel Paid Occupancy Occ% | C1: Room Nights | D1: Comp Night | E1: Cummulative % | F1: Total Covers Guests | G1: Total Room Nights | H1: Paid occ %
A2: 1 | B2: =C2/202% -> 62.871287 | C2: 127 | D2: 22 | E2: =SUM(C2:D2)/202% -> 73.762376 | F2: 519 | G2: =C2+D2 -> 149 | H2: =C2/202% -> 62.871287 | K2: =10/202 -> 0.04950495
A3: 2 | B3: =C3/202% -> 55.445545 | C3: 112 | D3: 24 | E3: =SUM(C3:D3)/202% -> 67.326733 | F3: 427 | G3: =C3+D3 -> 136 | H3: =C3/202% -> 55.445545
A4: 3 | B4: =C4/202% -> 64.851485 | C4: 131 | D4: 22 | E4: =SUM(C4:D4)/202% -> 75.742574 | F4: 458 | G4: =C4+D4 -> 153 | H4: =C4/202% -> 64.851485
A5: 4 | B5: =C5/202% -> 68.316832 | C5: 138 | D5: 23 | E5: =SUM(C5:D5)/202% -> 79.70297 | F5: 632 | G5: =C5+D5 -> 161 | H5: =C5/202% -> 68.316832
A6: 5 | B6: =C6/202% -> 78.712871 | C6: 159 | D6: 23 | E6: =SUM(C6:D6)/202% -> 90.09901 | F6: 430 | G6: =C6+D6 -> 182 | H6: =C6/202% -> 78.712871
A7: 6 | B7: =C7/202% -> 75.247525 | C7: 152 | D7: 22 | E7: =SUM(C7:D7)/202% -> 86.138614 | F7: 586 | G7: =C7+D7 -> 174 | H7: =C7/202% -> 75.247525
A8: 7 | B8: =C8/202% -> 82.178218 | C8: 166 | D8: 22 | E8: =SUM(C8:D8)/202% -> 93.069307 | F8: 526 | G8: =C8+D8 -> 188 | H8: =C8/202% -> 82.178218
A9: 8 | B9: =C9/202% -> 60.891089 | C9: 123 | D9: 22 | E9: =SUM(C9:D9)/202% -> 71.782178 | F9: 436 | G9: =C9+D9 -> 145 | H9: =C9/202% -> 60.891089
A10: 9 | B10: =C10/202% -> 43.564356 | C10: 88 | D10: 22 | E10: =SUM(C10:D10)/202% -> 54.455446 | F10: 313 | G10: =C10+D10 -> 110 | H10: =C10/202% -> 43.564356
A11: 10 | B11: =C11/202% -> 67.326733 | C11: 136 | D11: 23 | E11: =SUM(C11:D11)/202% -> 78.712871 | F11: 340 | G11: =C11+D11 -> 159 | H11: =C11/202% -> 67.326733
A12: 11 | B12: =C12/202% -> 72.772277 | C12: 147 | D12: 23 | E12: =SUM(C12:D12)/202% -> 84.158416 | F12: 469 | G12: =C12+D12 -> 170 | H12: =C12/202% -> 72.772277
A13: 12 | B13: =C13/202% -> 73.762376 | C13: 149 | D13: 22 | E13: =SUM(C13:D13)/202% -> 84.653465 | F13: 638 | G13: =C13+D13 -> 171 | H13: =C13/202% -> 73.762376
A14: 13 | B14: =C14/202% -> 68.316832 | C14: 138 | D14: 22 | E14: =SUM(C14:D14)/202% -> 79.207921 | F14: 496 | G14: =C14+D14 -> 160 | H14: =C14/202% -> 68.316832
... A16: 15 | B16: =C16/202% -> 58.415842 | C16: 118 | D16: 22 | E16: =SUM(C16:D16)/202% -> 69.306931 | F16: 418 | G16: =C16+D16 -> 140 | H16: =C16/202% -> 58.415842
A17: 16 | B17: =C17/202% -> 0 | E17: =SUM(C17:D17)/202% -> 0 | G17: =C17+D17 -> 0 | H17: =C17/202% -> 0
A18: 17 | B18: =C18/202% -> 0 | E18: =SUM(C18:D18)/202% -> 0 | G18: =C18+D18 -> 0 | H18: =C18/202% -> 0
A19: 18 | B19: =C19/202% -> 0 | E19: =SUM(C19:D19)/202% -> 0 | G19: =C19+D19 -> 0 | H19: =C19/202% -> 0
A20: 19 | B20: =C20/202% -> 0 | E20: =SUM(C20:D20)/202% -> 0 | G20: =C20+D20 -> 0 | H20: =C20/202% -> 0 | J20: =165/192 -> 0.859375
A21: 20 | B21: =C21/202% -> 0 | E21: =SUM(C21:D21)/202% -> 0 | G21: =C21+D21 -> 0 | H21: =C21/202% -> 0
A22: 21 | B22: =C22/202% -> 0 | E22: =SUM(C22:D22)/202% -> 0 | G22: =C22+D22 -> 0 | H22: =C22/202% -> 0
A23: 22 | B23: =C23/202% -> 0 | E23: =SUM(C23:D23)/202% -> 0 | G23: =C23+D23 -> 0 | H23: =C23/202% -> 0
A24: 23 | B24: =C24/202% -> 0 | E24: =SUM(C24:D24)/202% -> 0 | G24: =C24+D24 -> 0 | H24: =C24/202% -> 0
A25: 24 | B25: =C25/202% -> 0 | E25: =SUM(C25:D25)/202% -> 0 | G25: =C25+D25 -> 0 | H25: =C25/202% -> 0
A26: 25 | B26: =C26/202% -> 0 | E26: =SUM(C26:D26)/202% -> 0 | G26: =C26+D26 -> 0 | H26: =C26/202% -> 0
A27: 26 | B27: =C27/202% -> 0 | E27: =SUM(C27:D27)/202% -> 0 | G27: =C27+D27 -> 0 | H27: =C27/202% -> 0
A28: 27 | B28: =C28/202% -> 0 | E28: =SUM(C28:D28)/202% -> 0 | G28: =C28+D28 -> 0 | H28: =C28/202% -> 0
A29: 28 | B29: =C29/202% -> 0 | E29: =SUM(C29:D29)/202% -> 0 | G29: =C29+D29 -> 0 | H29: =C29/202% -> 0
A30: 29 | B30: =C30/202% -> 0 | E30: =SUM(C30:D30)/202% -> 0 | G30: =C30+D30 -> 0 | H30: =C30/202% -> 0
A31: 30 | B31: =C31/202% -> 0 | E31: =SUM(C31:D31)/202% -> 0 | G31: =C31+D31 -> 0 | H31: =C31/202% -> 0
A32: 31 | B32: =C32/202% -> 0 | H32: =C32/202% -> 0
A33: Average | B33: =AVERAGE(B2:B31) -> 33.762376 | C33: =AVERAGE(C2:C31) -> 136.4 | D33: =AVERAGE(D2:D31) -> 22.4 | E33: =AVERAGE(E2:E31) -> 39.306931 | F33: =AVERAGE(F2:F31) -> 480.93333 | G33: =AVERAGE(G2:G31) -> 79.4 | H33: =AVERAGE(H2:H31) -> 33.762376

Sheet Water Report
C3: Date | D3: 1 | E3: 2 | F3: 3 | G3: 4 | H3: 5 | I3: 6 | J3: 7 | K3: 8 | L3: 9 | M3: 10 | N3: 11 | O3: 12 | P3: 13 | Q3: 14 | R3: 15 | S3: 16 | T3: 17 | U3: 18 | V3: 19 | W3: 20 | X3: 21 | Y3: 22 | Z3: 23 | AA3: 24 | AB3: 25 | AC3: 26 | AD3: 27 | AE3: 28 | AF3: 29 | AG3: 30 | AH3: 31
C4: occupancy | D4: =Occupancy!B2 -> 62.871287 | E4: =Occupancy!C2 -> 127 | F4: =Occupancy!D2 -> 22 | G4: =Occupancy!E2 -> 73.762376 | H4: =Occupancy!F2 -> 519 | I4: =Occupancy!G2 -> 149 | J4: =Occupancy!H2 -> 62.871287
C5: Tanker | D5: ='1'!G18 -> 180 | E5: ='2'!G18 -> 180 | F5: ='3'!G18 -> 140 | G5: ='4'!G18 -> 130 | H5: ='5'!G18 -> 180 | I5: ='6'!G18 -> 200 | J5: ='7'!G18 -> 170 | K5: ='8'!G18 -> 210 | L5: ='9'!G18 -> 160 | M5: ='10'!G18 -> 130 | N5: ='11'!G18 -> 160 | O5: ='12'!G18 -> 180 | P5: ='13'!G18 -> 180 | Q5: ='14'!G18 -> 160 | R5: ='15'!G18 -> 190 | S5: ='16'!G18 -> 110 | T5: ='17'!G18 -> 140 | U5: ='18'!G18 -> 170 | V5: ='19'!G18 -> 200 | W5: ='20'!G18 -> 80 | X5: ='21'!G18 -> 100 | Y5: ='22'!G18 -> 120 | Z5: ='23'!G18 -> 100 | AA5: ='24'!G18 -> 110 | AB5: ='25'!G18 -> 160 | AC5: ='26'!G18 -> 120 | AD5: ='27'!G18 -> 110 | AE5: ='28'!G18 -> 60 | AF5: ='29'!G18 -> 140 | AG5: ='30'!G18 -> 150 | AH5: ='31'!G18 -> 60
C6: BMC | D6: ='1'!G19 -> 63 | E6: ='2'!G19 -> 64 | F6: ='3'!G19 -> 56 | G6: ='4'!G19 -> 61 | H6: ='5'!G19 -> 62 | I6: ='6'!G19 -> 61 | J6: ='7'!G19 -> 55 | K6: ='8'!G19 -> 65 | L6: ='9'!G19 -> 64 | M6: ='10'!G19 -> 67 | N6: ='11'!G19 -> 64 | O6: ='12'!G19 -> 60 | P6: ='13'!G19 -> 71 | Q6: ='14'!G19 -> 63 | R6: ='15'!G19 -> 64 | S6: ='16'!G19 -> 60 | T6: ='17'!G19 -> 60 | U6: ='18'!G19 -> 60 | V6: ='19'!G19 -> 60 | W6: ='20'!G19 -> 60 | X6: ='21'!G19 -> 60 | Y6: ='22'!G19 -> 60 | Z6: ='23'!G19 -> 60 | AA6: ='24'!G19 -> 60 | AB6: ='25'!G19 -> 60 | AC6: ='26'!G19 -> 60 | AD6: ='27'!G19 -> 60 | AE6: ='28'!G19 -> 60 | AF6: ='29'!G19 -> 60 | AG6: ='30'!G19 -> 60 | AH6: ='31'!G19 -> 60
C7: R.O. Plant Production | D7: ='1'!G93 -> 135 | E7: ='2'!G93 -> 82 | F7: ='3'!G93 -> 72 | G7: ='4'!G93 -> 97 | H7: ='5'!G93 -> 128 | I7: ='6'!G93 -> 114 | J7: ='7'!G93 -> 129 | K7: ='8'!G93 -> 129 | L7: ='9'!G93 -> 92 | M7: ='10'!G93 -> 87 | N7: ='11'!G93 -> 85 | O7: ='12'!G93 -> 94 | P7: ='13'!G93 -> 105 | Q7: ='14'!G93 -> 83 | R7: ='15'!G93 -> 130 | S7: ='16'!G93 -> -2933 | T7: ='17'!G93 -> 101 | U7: ='18'!G93 -> 163 | V7: ='19'!G93 -> 100 | W7: ='20'!G93 -> 35 | X7: ='21'!G93 -> 79 | Y7: ='22'!G93 -> 81 | Z7: ='23'!G93 -> 102 | AA7: ='24'!G93 -> 124 | AB7: ='25'!G93 -> 134 | AC7: ='26'!G93 -> 82 | AD7: ='27'!G93 -> 54 | AE7: ='28'!G93 -> 61 | AF7: ='29'!G93 -> 67 | AG7: ='30'!G93 -> 85 | AH7: ='31'!G93 -> -4723
C8: STP Production | D8: ='1'!G94 -> 171 | E8: ='2'!G94 -> 195 | F8: ='3'!G94 -> 131 | G8: ='4'!G94 -> 128 | H8: ='5'!G94 -> 131 | I8: ='6'!G94 -> 150 | J8: ='7'!G94 -> 182 | K8: ='8'!G94 -> 189 | L8: ='9'!G94 -> 158 | M8: ='10'!G94 -> 185 | N8: ='11'!G94 -> 133 | O8: ='12'!G94 -> 93 | P8: ='13'!G94 -> 164 | Q8: ='14'!G94 -> 179 | R8: ='15'!G94 -> 168 | S8: ='16'!G94 -> -3990 | T8: ='17'!G94 -> 190 | U8: ='18'!G94 -> 160 | V8: ='19'!G94 -> 154 | W8: ='20'!G94 -> 151 | X8: ='21'!G94 -> 118 | Y8: ='22'!G94 -> 30 | Z8: ='23'!G94 -> 124 | AA8: ='24'!G94 -> 110 | AB8: ='25'!G94 -> 67 | AC8: ='26'!G94 -> 108 | AD8: ='27'!G94 -> 15 | AE8: ='28'!G94 -> 119 | AF8: ='29'!G94 -> 108 | AG8: ='30'!G94 -> 76 | AH8: ='31'!G94 -> -6674
B9: Domestic Water | C9: Zone-1 | D9: ='1'!G96 -> 70 | E9: ='2'!G96 -> 68 | F9: ='3'!G96 -> 62 | G9: ='4'!G96 -> 91 | H9: ='5'!G96 -> 125 | I9: ='6'!G96 -> 74 | J9: ='7'!G96 -> 86 | K9: ='8'!G96 -> 74 | L9: ='9'!G96 -> 84 | M9: ='10'!G96 -> 76 | N9: ='11'!G96 -> 69 | O9: ='12'!G96 -> 87 | P9: ='13'!G96 -> 74 | Q9: ='14'!G96 -> 69 | R9: ='15'!G96 -> 78 | S9: ='16'!G96 -> -2268 | T9: ='17'!G96 -> 89 | U9: ='18'!G96 -> 90 | V9: ='19'!G96 -> 76 | W9: ='20'!G96 -> 51 | X9: ='21'!G96 -> 79 | Y9: ='22'!G96 -> 73 | Z9: ='23'!G96 -> 67 | AA9: ='24'!G96 -> 64 | AB9: ='25'!G96 -> 78 | AC9: ='26'!G96 -> 69 | AD9: ='27'!G96 -> 62 | AE9: ='28'!G96 -> 61 | AF9: ='29'!G96 -> 69 | AG9: ='30'!G96 -> 73 | AH9: ='31'!G96 -> -4173
C10: Zone-2 | D10: ='1'!G97 -> 34 | E10: ='2'!G97 -> 26 | F10: ='3'!G97 -> 21 | G10: ='4'!G97 -> 22 | H10: ='5'!G97 -> 24 | I10: ='6'!G97 -> 23 | J10: ='7'!G97 -> 25 | K10: ='8'!G97 -> 35 | L10: ='9'!G97 -> 29 | M10: ='10'!G97 -> 23 | N10: ='11'!G97 -> 24 | O10: ='12'!G97 -> 24 | P10: ='13'!G97 -> 25 | Q10: ='14'!G97 -> 22 | R10: ='15'!G97 -> 38 | S10: ='16'!G97 -> -733 | T10: ='17'!G97 -> 30 | U10: ='18'!G97 -> 30 | V10: ='19'!G97 -> 18 | W10: ='20'!G97 -> 15 | X10: ='21'!G97 -> 18 | Y10: ='22'!G97 -> 22 | Z10: ='23'!G97 -> 20 | AA10: ='24'!G97 -> 23 | AB10: ='25'!G97 -> 31 | AC10: ='26'!G97 -> 24 | AD10: ='27'!G97 -> 19 | AE10: ='28'!G97 -> 21 | AF10: ='29'!G97 -> 20 | AG10: ='30'!G97 -> 23 | AH10: ='31'!G97 -> -1177
C11: Zone-3 | D11: ='1'!G98 -> 43 | E11: ='2'!G98 -> 27 | F11: ='3'!G98 -> 23 | G11: ='4'!G98 -> 25 | H11: ='5'!G98 -> 30 | I11: ='6'!G98 -> 30 | J11: ='7'!G98 -> 36 | K11: ='8'!G98 -> 39 | L11: ='9'!G98 -> 23 | M11: ='10'!G98 -> 20 | N11: ='11'!G98 -> 24 | O11: ='12'!G98 -> 26 | P11: ='13'!G98 -> 32 | Q11: ='14'!G98 -> 36 | R11: ='15'!G98 -> 41 | S11: ='16'!G98 -> -843 | T11: ='17'!G98 -> 30 | U11: ='18'!G98 -> 29 | V11: ='19'!G98 -> 23 | W11: ='20'!G98 -> 17 | X11: ='21'!G98 -> 23 | Y11: ='22'!G98 -> 20 | Z11: ='23'!G98 -> 21 | AA11: ='24'!G98 -> 34 | AB11: ='25'!G98 -> 39 | AC11: ='26'!G98 -> 22 | AD11: ='27'!G98 -> 24 | AE11: ='28'!G98 -> 24 | AF11: ='29'!G98 -> 25 | AG11: ='30'!G98 -> 26 | AH11: ='31'!G98 -> -1467
B13: Flushing Water | C13: Zone-1 | D13: ='1'!G99 -> 6 | E13: ='2'!G99 -> 45 | F13: ='3'!G99 -> 7 | G13: ='4'!G99 -> 24 | H13: ='5'!G99 -> 21 | I13: ='6'!G99 -> 13 | J13: ='7'!G99 -> 36 | K13: ='8'!G99 -> 24 | L13: ='9'!G99 -> 48 | M13: ='10'!G99 -> 18 | N13: ='11'!G99 -> 20 | O13: ='12'!G99 -> 41 | P13: ='13'!G99 -> 31 | Q13: ='14'!G99 -> 11 | R13: ='15'!G99 -> 50 | S13: ='16'!G99 -> -761 | T13: ='17'!G99 -> 23 | U13: ='18'!G99 -> 27 | V13: ='19'!G99 -> 35 | W13: ='20'!G99 -> 10 | X13: ='21'!G99 -> 18 | Y13: ='22'!G99 -> 14 | Z13: ='23'!G99 -> 49 | AA13: ='24'!G99 -> 6 | AB13: ='25'!G99 -> 35 | AC13: ='26'!G99 -> 27 | AD13: ='27'!G99 -> 7 | AE13: ='28'!G99 -> 47 | AF13: ='29'!G99 -> 30 | AG13: ='30'!G99 -> 23 | AH13: ='31'!G99 -> -1384
C14: Zone-2 | D14: ='1'!G115 -> 28 | E14: ='2'!G115 -> 21 | F14: ='3'!G115 -> 15 | G14: ='4'!G115 -> 11 | H14: ='5'!G115 -> 17 | I14: ='6'!G115 -> 22 | J14: ='7'!G115 -> 36 | K14: ='8'!G115 -> 35 | L14: ='9'!G115 -> 16 | M14: ='10'!G115 -> 22 | N14: ='11'!G115 -> 17 | O14: ='12'!G115 -> 14 | P14: ='13'!G115 -> 15 | Q14: ='14'!G115 -> 15 | R14: ='15'!G115 -> 20 | S14: ='16'!G115 -> -543 | T14: ='17'!G115 -> 16 | U14: ='18'!G115 -> 19 | V14: ='19'!G115 -> 11 | W14: ='20'!G115 -> 15 | X14: ='21'!G115 -> 19 | Y14: ='22'!G115 -> 23 | Z14: ='23'!G115 -> 12 | AA14: ='24'!G115 -> 12 | AB14: ='25'!G115 -> 19 | AC14: ='26'!G115 -> 21 | AD14: ='27'!G115 -> 10 | AE14: ='28'!G115 -> 11 | AF14: ='29'!G115 -> 10 | AG14: ='30'!G115 -> 18 | AH14: ='31'!G115 -> -945
C15: Zone-3 | D15: ='1'!G116 -> 16 | E15: ='2'!G116 -> 11 | F15: ='3'!G116 -> 10 | G15: ='4'!G116 -> 7 | H15: ='5'!G116 -> 16 | I15: ='6'!G116 -> 6 | J15: ='7'!G116 -> 1 | K15: ='8'!G116 -> 12 | L15: ='9'!G116 -> 10 | M15: ='10'!G116 -> 6 | N15: ='11'!G116 -> 15 | O15: ='12'!G116 -> 9 | P15: ='13'!G116 -> 15 | Q15: ='14'!G116 -> 9 | R15: ='15'!G116 -> 13 | S15: ='16'!G116 -> -282 | T15: ='17'!G116 -> 8 | U15: ='18'!G116 -> 9 | V15: ='19'!G116 -> 6 | W15: ='20'!G116 -> 4 | X15: ='21'!G116 -> 11 | Y15: ='22'!G116 -> 11 | Z15: ='23'!G116 -> 8 | AA15: ='24'!G116 -> 6 | AB15: ='25'!G116 -> 15 | AC15: ='26'!G116 -> 6 | AD15: ='27'!G116 -> 7 | AE15: ='28'!G116 -> 9 | AF15: ='29'!G116 -> 7 | AG15: ='30'!G116 -> 10 | AH15: ='31'!G116 -> -499
B17: Branches ( Domestic water ) | C17: Pool | D17: ='1'!G105 -> 0 | E17: ='2'!G105 -> 0 | F17: ='3'!G105 -> 0 | G17: ='4'!G105 -> 199 | H17: ='5'!G105 -> 101 | I17: ='6'!G105 -> 0 | J17: ='7'!G105 -> 0 | K17: ='8'!G105 -> 0 | L17: ='9'!G105 -> 0 | M17: ='10'!G105 -> 0 | N17: ='11'!G105 -> 0 | O17: ='12'!G105 -> 0 | P17: ='13'!G105 -> 0 | Q17: ='14'!G105 -> 15 | R17: ='15'!G105 -> 0 | S17: ='16'!G105 -> -185 | T17: ='17'!G105 -> 0 | U17: ='18'!G105 -> 0 | V17: ='19'!G105 -> 0 | W17: ='20'!G105 -> 0 | X17: ='21'!G105 -> 0 | Y17: ='22'!G105 -> 0 | Z17: ='23'!G105 -> 0 | AA17: ='24'!G105 -> 0 | AB17: ='25'!G105 -> 0 | AC17: ='26'!G105 -> 0 | AD17: ='27'!G105 -> 0 | AE17: ='28'!G105 -> 0 | AF17: ='29'!G105 -> 0 | AG17: ='30'!G105 -> 0 | AH17: ='31'!G105 -> -153
C18: B2 Laundry | D18: ='1'!G106 -> 11 | E18: ='2'!G106 -> 10 | F18: ='3'!G106 -> 10 | G18: ='4'!G106 -> 10 | H18: ='5'!G106 -> 10 | I18: ='6'!G106 -> 8 | J18: ='7'!G106 -> 11 | K18: ='8'!G106 -> 8 | L18: ='9'!G106 -> 12 | M18: ='10'!G106 -> 7 | N18: ='11'!G106 -> 8 | O18: ='12'!G106 -> 9 | P18: ='13'!G106 -> 9 | Q18: ='14'!G106 -> 8 | R18: ='15'!G106 -> 11 | S18: ='16'!G106 -> -281 | T18: ='17'!G106 -> 11 | U18: ='18'!G106 -> 10 | V18: ='19'!G106 -> 10 | W18: ='20'!G106 -> 0 | X18: ='21'!G106 -> 12 | Y18: ='22'!G106 -> 10 | Z18: ='23'!G106 -> 9 | AA18: ='24'!G106 -> 10 | AB18: ='25'!G106 -> 10 | AC18: ='26'!G106 -> 12 | AD18: ='27'!G106 -> 9 | AE18: ='28'!G106 -> 8 | AF18: ='29'!G106 -> 8 | AG18: ='30'!G106 -> 11 | AH18: ='31'!G106 -> -498
C19: Boiler Feed Water | D19: ='1'!G107 -> 4 | E19: ='2'!G107 -> 5 | F19: ='3'!G107 -> 6 | G19: ='4'!G107 -> 8 | H19: ='5'!G107 -> 6 | I19: ='6'!G107 -> 9 | J19: ='7'!G107 -> 7 | K19: ='8'!G107 -> 10 | L19: ='9'!G107 -> 10 | M19: ='10'!G107 -> 9 | N19: ='11'!G107 -> 7 | O19: ='12'!G107 -> 8 | P19: ='13'!G107 -> 11 | Q19: ='14'!G107 -> 11 | R19: ='15'!G107 -> 9 | S19: ='16'!G107 -> -190 | T19: ='17'!G107 -> 4 | U19: ='18'!G107 -> 5 | V19: ='19'!G107 -> 6 | W19: ='20'!G107 -> 0 | X19: ='21'!G107 -> 6 | Y19: ='22'!G107 -> 5 | Z19: ='23'!G107 -> 5 | AA19: ='24'!G107 -> 5 | AB19: ='25'!G107 -> 5 | AC19: ='26'!G107 -> 4 | AD19: ='27'!G107 -> 5 | AE19: ='28'!G107 -> 3 | AF19: ='29'!G107 -> 5 | AG19: ='30'!G107 -> 6 | AH19: ='31'!G107 -> -249
B21: Branches ( STP Water ) | C21: CT water | D21: ='1'!G110 -> 71 | E21: ='2'!G110 -> 73 | F21: ='3'!G110 -> 76 | G21: ='4'!G110 -> 101 | H21: ='5'!G110 -> 75 | I21: ='6'!G110 -> 77 | J21: ='7'!G110 -> 79 | K21: ='8'!G110 -> 81 | L21: ='9'!G110 -> 101 | M21: ='10'!G110 -> 78 | N21: ='11'!G110 -> 77 | O21: ='12'!G110 -> 82 | P21: ='13'!G110 -> 96 | Q21: ='14'!G110 -> 71 | R21: ='15'!G110 -> 47 | S21: ='16'!G110 -> -2249 | T21: ='17'!G110 -> 66 | U21: ='18'!G110 -> 65 | V21: ='19'!G110 -> 66 | W21: ='20'!G110 -> 66 | X21: ='21'!G110 -> 66 | Y21: ='22'!G110 -> 68 | Z21: ='23'!G110 -> 71 | AA21: ='24'!G110 -> 72 | AB21: ='25'!G110 -> 72 | AC21: ='26'!G110 -> 73 | AD21: ='27'!G110 -> 71 | AE21: ='28'!G110 -> 70 | AF21: ='29'!G110 -> 70 | AG21: ='30'!G110 -> 86 | AH21: ='31'!G110 -> -4187
C22: STP flush | D22: ='1'!G111 -> 0 | E22: ='2'!G111 -> 0 | F22: ='3'!G111 -> 0 | G22: ='4'!G111 -> 0 | H22: ='5'!G111 -> 0 | I22: ='6'!G111 -> 0 | J22: ='7'!G111 -> 0 | K22: ='8'!G111 -> 0 | L22: ='9'!G111 -> 0 | M22: ='10'!G111 -> 0 | N22: ='11'!G111 -> 0 | O22: ='12'!G111 -> 0 | P22: ='13'!G111 -> 0 | Q22: ='14'!G111 -> 0 | R22: ='15'!G111 -> 0 | S22: ='16'!G111 -> -283 | T22: ='17'!G111 -> 26 | U22: ='18'!G111 -> 12 | V22: ='19'!G111 -> 40 | W22: ='20'!G111 -> 33 | X22: ='21'!G111 -> 4 | Y22: ='22'!G111 -> 15 | Z22: ='23'!G111 -> 26 | AA22: ='24'!G111 -> 31 | AB22: ='25'!G111 -> 37 | AC22: ='26'!G111 -> 11 | AD22: ='27'!G111 -> 29 | AE22: ='28'!G111 -> 19 | AF22: ='29'!G111 -> 0 | AG22: ='30'!G111 -> 0 | AH22: ='31'!G111 -> -1308
C23: Garden | D23: ='1'!G112 -> 0 | E23: ='2'!G112 -> 37 | F23: ='3'!G112 -> 0 | G23: ='4'!G112 -> 5 | H23: ='5'!G112 -> 0 | I23: ='6'!G112 -> 13 | J23: ='7'!G112 -> 2 | K23: ='8'!G112 -> 0 | L23: ='9'!G112 -> 5 | M23: ='10'!G112 -> 3 | N23: ='11'!G112 -> 2 | O23: ='12'!G112 -> 0 | P23: ='13'!G112 -> 3 | Q23: ='14'!G112 -> 0 | R23: ='15'!G112 -> 0 | S23: ='16'!G112 -> -70.7 | T23: ='17'!G112 -> 0 | U23: ='18'!G112 -> 0 | V23: ='19'!G112 -> 0 | W23: ='20'!G112 -> 0 | X23: ='21'!G112 -> 0 | Y23: ='22'!G112 -> 0 | Z23: ='23'!G112 -> 0 | AA23: ='24'!G112 -> 0 | AB23: ='25'!G112 -> 0 | AC23: ='26'!G112 -> 0 | AD23: ='27'!G112 -> 0 | AE23: ='28'!G112 -> 0 | AF23: ='29'!G112 -> 0 | AG23: ='30'!G112 -> 0 | AH23: ='31'!G112 -> -46
B24: Total Tanke(RO) + BMC | D24: =SUM(D5:D6) -> 243 | E24: =SUM(E5:E6) -> 244 | F24: =SUM(F5:F6) -> 196 | G24: =SUM(G5:G6) -> 191 | H24: =SUM(H5:H6) -> 242 | I24: =SUM(I5:I6) -> 261 | J24: =SUM(J5:J6) -> 225 | K24: =SUM(K5:K6) -> 275 | ... AH24: =SUM(AH5:AH6) -> 120
B25: Domestic consumption | D25: =SUM(D9:D11,D14:D15,) -> 191 | E25: =SUM(E9:E11,E14:E15,) -> 153 | F25: =SUM(F9:F11,F14:F15,) -> 131 | G25: =SUM(G9:G11,G14:G15,) -> 156 | H25: =SUM(H9:H11,H14:H15,) -> 212 | I25: =SUM(I9:I11,I14:I15,) -> 155 | J25: =SUM(J9:J11,J14:J15,) -> 184 | K25: =SUM(K9:K11,K14:K15,) -> 195 | ... AI25: =SUM(AI9:AI11,AI14:AI15,) -> 0
B27: STP +Flush Consumption | D27: =SUM(D13,D21,D23) -> 77 | E27: =SUM(E13,E21,E23) -> 155 | F27: =SUM(F13,F21,F23) -> 83 | G27: =SUM(G13,G21,G23) -> 130 | H27: =SUM(H13,H21,H23) -> 96 | I27: =SUM(I13,I21,I23) -> 103 | J27: =SUM(J13,J21,J23) -> 117 | K27: =SUM(K13,K21,K23) -> 105 | ... AH27: =SUM(AH13,AH21,AH23) -> -5617 | AI27: =SUM(AI13) -> 0
B29: BOH | D29: =D9 -> 70 | E29: =E9 -> 68 | F29: =F9 -> 62 | G29: =G9 -> 91 | H29: =H9 -> 125 | I29: =I9 -> 74 | J29: =J9 -> 86 | K29: =K9 -> 74 | ... AH29: =AH9 -> -4173
B30: Guest Floor | D30: =SUM(D10:D11,D14:D15) -> 121 | E30: =SUM(E10:E11,E14:E15) -> 85 | F30: =SUM(F10:F11,F14:F15) -> 69 | G30: =SUM(G10:G11,G14:G15) -> 65 | H30: =SUM(H10:H11,H14:H15) -> 87 | I30: =SUM(I10:I11,I14:I15) -> 81 | J30: =SUM(J10:J11,J14:J15) -> 98 | K30: =SUM(K10:K11,K14:K15) -> 121 | ... AH30: =SUM(AH10:AH11,AH14:AH15) -> -4088
B31: Guest floor% | D31: =D30/SUM(D29:D30)% -> 63.350785 | E31: =E30/SUM(E29:E30)% -> 55.555556 | F31: =F30/SUM(F29:F30)% -> 52.671756 | G31: =G30/SUM(G29:G30)% -> 41.666667 | H31: =H30/SUM(H29:H30)% -> 41.037736 | I31: =I30/SUM(I29:I30)% -> 52.258065 | J31: =J30/SUM(J29:J30)% -> 53.26087 | K31: =K30/SUM(K29:K30)% -> 62.051282 | ... AH31: =AH30/SUM(AH29:AH30)% -> 49.485534

Sheet Section Load
F2: Transformer -Load | N2: Electrical | AV2: Boiler Running
AN3: Gas consumption | AU3: Boiler Running Hours
B4: HT Kwh | C4: HT Kvah | D4: MGL Gas | E4: Water | F4: HVAC | G4: Fire & Emergency PP | H4: Main PP | I4: Lighting PP | J4: CH-1+ CH2+CH3+CH4 | K4: Chilled water Pump | L4: Ball Room-1 | M4: Ball Room-2 | N4: MK-1 | O4: MK-2 | P4: Prato | Q4: San- Qi Indian | R4: San- Qi Japanese | S4: The club | T4: AER | U4: COLD ROOM'S | V4: Ball Room 1 | W4: Ball Room 2 | X4: B1 Laundry | Y4: B2 Laundry | Z4: STP | AA4: MOCK Up Room | AB4: 27th Floor | AC4: Physic57 | AD4: Pinoor Legal- Power+lighting | AE4: 2nd floor plant room | AF4: 5th Floor | AG4: 5th Floor | AH4: 12th Floor | AI4: 20th Floor | AJ4: 27th Floor | AK4: 34th Floor | AL4: Sanqi | AM4: Cooling Tower | AN4: MGL | AO4: HWG | AP4: Prato | AQ4: BR-1 | AR4: SanQi IND | AS4: SanQi JPN | AT4: Boiler | AU4: HWG | AV4: Boiler1 | AW4: Boiler2 | AX4: Boiler3 (400Kg) | AY4: Total
A5: 44044 | B5: ='1'!G7 -> 22452.87 | C5: ='1'!G8 -> 22540.07 | D5: ='1'!G15 -> 776 | E5: ='1'!G20 -> 243 | F5: =SUM('1'!G35,'1'!G49) -> 3081.67 | G5: =SUM('1'!H37,'1'!H51) -> 1651.6 | H5: =SUM('1'!G38,'1'!G52) -> 1739.37 | I5: =SUM('1'!G39,'1'!G53) -> 3756.58 | J5: =SUM('1'!G41,'1'!G42,'1'!G55,'1'!G56) -> 6395.74 | K5: =SUM('1'!G43,'1'!G57) -> 2724.7 | L5: ='1'!G50 -> 1556.47 | M5: ='1'!G36 -> 732.6 | N5: ='1'!G72 -> 14 | O5: ='1'!$G$73 -> 1 | P5: ='1'!$G$74 -> 1 | Q5: ='1'!$G$75 -> 161.64 | R5: ='1'!$G$76 -> 59.63 | S5: ='1'!$G$77 -> 59 | T5: ='1'!$G$78 -> 144 | U5: ='1'!$G$79 -> 143 | V5: ='1'!$G$80 -> 461.32 | W5: ='1'!$G$81 -> 165.56 | X5: ='1'!$G$82 -> 13.28 | Y5: ='1'!$G$58 -> 194.99 | Z5: ='1'!$G$83 -> 305 | AA5: ='1'!G86 -> 238 | AB5: ='1'!G87 -> 7.7 | AC5: ='1'!G88 -> 0 | AD5: ='1'!G89+'1'!G90 -> 18.9 | AE5: ='1'!$G$62 -> 0 | AF5: ='1'!$G$63 -> 0 | AG5: ='1'!$G$64 -> 393.69 | AH5: ='1'!$G$65 -> 379.01 | AI5: ='1'!$G$66 -> 405.23 | AJ5: ='1'!$G$67 -> 501 | AK5: ='1'!$G$68 -> 0 | AL5: ='1'!$G$69 -> 325.53 | AM5: ='1'!$G$84 -> 809 | AN5: ='1'!$G$15 -> 776 | AO5: ='1'!$G$124 -> 269.36 | AP5: ='1'!$G$125 -> 0 | AQ5: ='1'!$G$126 -> 77 | AR5: ='1'!$G$127 -> 46 | AS5: ='1'!$G$128 -> 2 | AT5: =AN5-SUM(AO5:AS5) -> 381.64 | AU5: =SUM('1'!G140:G141) -> 9.64 | AV5: ='1'!$G$137 -> 6.79 | AW5: ='1'!$G$138 -> 0 | AX5: ='1'!$G$139 -> 0 | AY5: =SUM(AV5:AX5) -> 6.79 | AZ5: =AO5/AU5 -> 27.941909
A6: 44045 | B6: ='2'!G7 -> 21737.28 | C6: ='2'!G8 -> 21861.68 | D6: ='2'!G15 -> 924.25 | E6: ='2'!G20 -> 244 | F6: =SUM('2'!G35,'2'!G49) -> 3099.88 | G6: =SUM('2'!G37,'2'!G51) -> 1604.82 | H6: =SUM('2'!G38,'2'!G52) -> 1664.92 | I6: =SUM('2'!G39,'2'!G53) -> 3764.68 | J6: =SUM('2'!G41,'2'!G42,'2'!G55,'2'!G56) -> 6598.59 | K6: =SUM('2'!G43,'2'!G57) -> 2502.5 | L6: ='2'!G50 -> 1119.48 | M6: ='2'!G36 -> 549.29 | N6: ='2'!G72 -> 12 | O6: ='2'!$G$73 -> 2 | P6: ='2'!$G$74 -> 2 | Q6: ='2'!$G$75 -> 157.72 | R6: ='2'!$G$76 -> 56.51 | S6: ='2'!$G$77 -> 67 | T6: ='2'!$G$78 -> 104 | U6: ='2'!$G$79 -> 153 | V6: ='2'!$G$80 -> 390.68 | W6: ='2'!$G$81 -> 113.04 | X6: ='2'!$G$82 -> 26.12 | Y6: ='2'!$G$58 -> 241.6 | Z6: ='2'!$G$83 -> 326 | AA6: ='2'!G86 -> 203 | AB6: ='2'!G87 -> 33.5 | AC6: ='2'!G88 -> 0 | AD6: ='2'!G89+'2'!G90 -> 64.1 | AE6: ='2'!$G$62 -> 0 | AF6: ='2'!$G$63 -> 0 | AG6: ='2'!$G$64 -> 378.94 | AH6: ='2'!$G$65 -> 396.5 | AI6: ='2'!$G$66 -> 417.03 | AJ6: ='2'!$G$67 -> 478.67 | AK6: ='2'!$G$68 -> 0 | AL6: ='2'!$G$69 -> 318.48 | AM6: ='2'!$G$84 -> 782 | AN6: ='2'!$G$15 -> 924.25 | AO6: ='2'!$G$124 -> 267.6 | AP6: ='2'!$G$125 -> 0 | AQ6: ='2'!$G$126 -> 79.72 | AR6: ='2'!$G$127 -> 43.7 | AS6: ='2'!$G$128 -> 2.6 | AT6: =AN6-SUM(AO6:AS6) -> 530.63 | AU6: =SUM('2'!G140:G141) -> 9.8 | AV6: ='2'!$G$137 -> 9.83 | AW6: ='2'!$G$138 -> 0 | AX6: ='2'!$G$139 -> 0 | AY6: =SUM(AV6:AX6) -> 9.83 | AZ6: =AO6/AU6 -> 27.306122
A7: 44046 | B7: ='3'!G7 -> 21401.72 | C7: ='3'!G8 -> 21488.82 | D7: ='3'!G15 -> 755.885 | E7: ='3'!G20 -> 196 | F7: =SUM('3'!G35,'3'!G49) -> 2964.9 | G7: =SUM('3'!G37,'3'!G51) -> 1599.1 | H7: =SUM('3'!G38,'3'!G52) -> 1612.4 | I7: =SUM('3'!G39,'3'!G53) -> 3726.28 | J7: =SUM('3'!G41,'3'!G42,'3'!G55,'3'!G56) -> 6846 | K7: =SUM('3'!G43,'3'!G57) -> 2671.6 | L7: ='3'!G50 -> 958.92 | M7: ='3'!G36 -> 802.79 | N7: ='3'!G72 -> 14 | O7: ='3'!$G$73 -> 1 | P7: ='3'!$G$74 -> 1.2 | Q7: ='3'!$G$75 -> 149.68 | R7: ='3'!$G$76 -> 45.18 | S7: ='3'!$G$77 -> 67 | T7: ='3'!$G$78 -> 89 | U7: ='3'!$G$79 -> 148 | V7: ='3'!$G$80 -> 386.64 | W7: ='3'!$G$81 -> 132.2 | X7: ='3'!$G$82 -> 12.61 | Y7: ='3'!$G$58 -> 206 | Z7: ='3'!$G$83 -> 328 | AA7: ='3'!G86 -> 6.52 | AB7: ='1'!G87 -> 7.7 | AC7: ='3'!G88 -> 0 | AD7: ='3'!G89+'3'!G90 -> 37.5 | AE7: ='3'!$G$62 -> 0 | AF7: ='3'!$G$63 -> 0 | AG7: ='3'!$G$64 -> 349.69 | AH7: ='3'!$G$65 -> 401.58 | AI7: ='3'!$G$66 -> 396.05 | AJ7: ='3'!$G$67 -> 468.44 | AK7: ='3'!$G$68 -> 0 | AL7: ='3'!$G$69 -> 299.06 | AM7: ='3'!$G$84 -> 647 | AN7: ='3'!$G$15 -> 755.885 | AO7: ='3'!$G$124 -> 252.9 | AP7: ='3'!$G$125 -> 0 | AQ7: ='3'!$G$126 -> 84.86 | AR7: ='3'!$G$127 -> 42.1 | AS7: ='3'!$G$128 -> 1.4 | AT7: =AN7-SUM(AO7:AS7) -> 374.625 | AU7: =SUM('3'!G140:G141) -> 9.31 | AV7: ='3'!$G$137 -> 6.65 | AW7: ='3'!$G$138 -> 0.003 | AX7: ='3'!$G$139 -> 0 | AY7: =SUM(AV7:AX7) -> 6.653 | AZ7: =AO7/AU7 -> 27.164339
A8: 44047 | B8: ='4'!G7 -> 24683.13 | C8: ='4'!G8 -> 24881.14 | D8: ='4'!G15 -> 889.057 | E8: ='4'!G20 -> 191 | F8: =SUM('4'!G35,'4'!G49) -> 3090.55 | G8: =SUM('4'!G37,'4'!G51) -> 1605.35 | H8: =SUM('4'!G38,'4'!G52) -> 1684.38 | I8: =SUM('4'!G39,'4'!G53) -> 3735.05 | J8: =SUM('4'!G41,'4'!G42,'4'!G55,'4'!G56) -> 7495.14 | K8: =SUM('4'!G43,'4'!G57) -> 3000.2 | L8: ='4'!G50 -> 1093.13 | M8: ='4'!G36 -> 982.72 | N8: ='4'!G72 -> 14 | O8: ='4'!$G$73 -> 1 | P8: ='4'!$G$74 -> 1.3 | Q8: ='4'!$G$75 -> 159.66 | R8: ='4'!$G$76 -> 52.88 | S8: ='4'!$G$77 -> 73 | T8: ='4'!$G$78 -> 118 | U8: ='4'!$G$79 -> 162 | V8: ='4'!$G$80 -> 386.2 | W8: ='4'!$G$81 -> 201.16 | X8: ='4'!$G$82 -> 24.99 | Y8: ='4'!$G$58 -> 210.31 | Z8: ='4'!$G$83 -> 322 | AA8: ='4'!G86 -> 11.52 | AB8: ='4'!G87 -> 29.7 | AC8: ='4'!G88 -> 0 | AD8: ='4'!G89+'4'!G90 -> 41.5 | AE8: ='4'!$G$62 -> 0 | AF8: ='4'!$G$63 -> 0 | AG8: ='4'!$G$64 -> 349.68 | AH8: ='4'!$G$65 -> 384.91 | AI8: ='4'!$G$66 -> 393.09 | AJ8: ='4'!$G$67 -> 475.89 | AK8: ='4'!$G$68 -> 0 | AL8: ='4'!$G$69 -> 310.13 | AM8: ='4'!$G$84 -> 687 | AN8: ='4'!$G$15 -> 889.057 | AO8: ='4'!$G$124 -> 262.703 | AP8: ='4'!$G$125 -> 0 | AQ8: ='4'!$G$126 -> 75.59 | AR8: ='4'!$G$127 -> 44.9 | AS8: ='4'!$G$128 -> 1.5 | AT8: =AN8-SUM(AO8:AS8) -> 504.364 | AU8: =SUM('4'!G140:G141) -> 9.59 | AV8: ='4'!$G$137 -> 8.93 | AW8: ='4'!$G$138 -> -0.003 | AX8: ='4'!$G$139 -> 1.66 | AY8: =SUM(AV8:AX8) -> 10.587 | AZ8: =AO8/AU8 -> 27.393431
A9: 44048 | B9: ='5'!G7 -> 23055.83 | C9: ='5'!G8 -> 23183.28 | D9: ='5'!G15 -> 738.088 | E9: ='5'!G20 -> 242 | F9: =SUM('5'!G35,'5'!G49) -> 3125 | G9: =SUM('5'!G37,'5'!G51) -> 1625 | H9: =SUM('5'!G38,'5'!G52) -> 1714 | I9: =SUM('5'!G39,'5'!G53) -> 3761 | J9: =SUM('5'!G41,'5'!G42,'5'!G55,'5'!G56) -> 7630 | K9: =SUM('5'!G43,'5'!G57) -> 2920 | L9: ='5'!G50 -> 1415 | M9: ='5'!G36 -> 758.24 | N9: ='5'!G72 -> 13 | O9: ='5'!$G$73 -> 2 | P9: ='5'!$G$74 -> 1.3 | Q9: ='5'!$G$75 -> 181.2 | R9: ='5'!$G$76 -> 57 | S9: ='5'!$G$77 -> 64 | T9: ='5'!$G$78 -> 108 | U9: ='5'!$G$79 -> 151 | V9: ='5'!$G$80 -> 376.48 | W9: ='5'!$G$81 -> 197.36 | X9: ='5'!$G$82 -> 14 | Y9: ='5'!$G$58 -> 196 | Z9: ='5'!$G$83 -> 286 | AA9: ='5'!G86 -> 17.36 | AB9: ='5'!G87 -> 34.9 | AC9: ='5'!G88 -> 0 | AD9: ='5'!G89+'5'!G90 -> 39.7 | AE9: ='5'!$G$62 -> 0 | AF9: ='5'!$G$63 -> 0 | AG9: ='5'!$G$64 -> 377 | AH9: ='5'!$G$65 -> 389 | AI9: ='5'!$G$66 -> 392.7 | AJ9: ='5'!$G$67 -> 485 | AK9: ='5'!$G$68 -> 0 | AL9: ='5'!$G$69 -> 332.6 | AM9: ='5'!$G$84 -> 781 | AN9: ='5'!$G$15 -> 738.088 | AO9: ='5'!$G$124 -> 259.917 | AP9: ='5'!$G$125 -> 0 | AQ9: ='5'!$G$126 -> 71.4 | AR9: ='5'!$G$127 -> 38.7 | AS9: ='5'!$G$128 -> 1 | AT9: =AN9-SUM(AO9:AS9) -> 367.071 | AU9: =SUM('5'!G140:G141) -> 9.58 | AV9: ='5'!$G$137 -> 6.98 | AW9: ='5'!$G$138 -> 0 | AX9: ='5'!$G$139 -> -0.06 | AY9: =SUM(AV9:AX9) -> 6.92 | AZ9: =AO9/AU9 -> 27.131211
A10: 44049 | B10: ='6'!G7 -> 24127.17 | C10: ='6'!G8 -> 24216.64 | D10: ='6'!G15 -> 968.18 | E10: ='6'!G20 -> 261 | F10: =SUM('6'!G35,'6'!G49) -> 3208 | G10: =SUM('6'!G37,'6'!G51) -> 1613 | H10: =SUM('6'!G38,'6'!G52) -> 1713 | I10: =SUM('6'!G39,'6'!G53) -> 3750 | J10: =SUM('6'!G41,'6'!G42,'6'!G55,'6'!G56) -> 7934 | K10: =SUM('6'!G43,'6'!G57) -> 2980 | L10: ='6'!G50 -> 1519 | M10: ='6'!G36 -> 698.96 | N10: ='6'!G72 -> 12 | O10: ='6'!$G$73 -> 1 | P10: ='6'!$G$74 -> 1.2 | Q10: ='6'!$G$75 -> 183.7 | R10: ='6'!$G$76 -> 55.8 | S10: ='6'!$G$77 -> 66 | T10: ='6'!$G$78 -> 103 | U10: ='6'!$G$79 -> 155 | V10: ='6'!$G$80 -> 378.48 | W10: ='6'!$G$81 -> 150.64 | X10: ='6'!$G$82 -> 27 | Y10: ='6'!$G$58 -> 198.5 | Z10: ='6'!$G$83 -> 332 | AA10: ='6'!G86 -> 16.16 | AB10: ='6'!G87 -> 35.9 | AC10: ='6'!G88 -> 0 | AD10: ='6'!G89+'6'!G90 -> 56.3 | AE10: ='6'!$G$62 -> 0 | AF10: ='6'!$G$63 -> 0 | AG10: ='6'!$G$64 -> 387 | AH10: ='6'!$G$65 -> 404 | AI10: ='6'!$G$66 -> 394.9 | AJ10: ='6'!$G$67 -> 477 | AK10: ='6'!$G$68 -> 0 | AL10: ='6'!$G$69 -> 329 | AM10: ='6'!$G$84 -> 841 | AN10: ='6'!$G$15 -> 968.18 | AO10: ='6'!$G$124 -> 266.89 | AP10: ='6'!$G$125 -> 0 | AQ10: ='6'!$G$126 -> 107.76 | AR10: ='6'!$G$127 -> 53.4 | AS10: ='6'!$G$128 -> 1.1 | AT10: =AN10-SUM(AO10:AS10) -> 539.03 | AU10: =SUM('6'!G140:G141) -> 9.82 | AV10: ='6'!$G$137 -> 9.48 | AW10: ='6'!$G$138 -> 0 | AX10: ='6'!$G$139 -> 0 | AY10: =SUM(AV10:AX10) -> 9.48 | AZ10: =AO10/AU10 -> 27.178208
A11: 44050 | B11: ='7'!G7 -> 24240 | C11: ='7'!G8 -> 24405.68 | D11: ='7'!G15 -> 860.81 | E11: ='7'!G20 -> 225 | F11: =SUM('7'!G35,'7'!G49) -> 3068 | G11: =SUM('7'!G37,'7'!G51) -> 1651 | H11: =SUM('7'!G38,'7'!G52) -> 1801 | I11: =SUM('7'!G39,'7'!G53) -> 3772 | J11: =SUM('7'!G41,'7'!G42,'7'!G55,'7'!G56) -> 8272 | K11: =SUM('7'!G43,'7'!G57) -> 3030 | L11: ='7'!G50 -> 1147 | M11: ='7'!G36 -> 743.9 | N11: ='7'!G72 -> 15 | O11: ='7'!$G$73 -> 1 | P11: ='7'!$G$74 -> 1.5 | Q11: ='7'!$G$75 -> 179.6 | R11: ='7'!$G$76 -> 55.1 | S11: ='7'!$G$77 -> 96 | T11: ='7'!$G$78 -> 131 | U11: ='7'!$G$79 -> 154 | V11: ='7'!$G$80 -> 445.84 | W11: ='7'!$G$81 -> 209.36 | X11: ='7'!$G$82 -> 15 | Y11: ='7'!$G$58 -> 210.5 | Z11: ='7'!$G$83 -> 343 | AA11: ='7'!G86 -> 12.48 | AB11: ='7'!G87 -> 35.5 | AC11: ='7'!G88 -> 0 | AD11: ='7'!G89+'7'!G90 -> 48.9 | AE11: ='7'!$G$62 -> 0 | AF11: ='7'!$G$63 -> 0 | AG11: ='7'!$G$64 -> 360 | AH11: ='7'!$G$65 -> 405 | AI11: ='7'!$G$66 -> 425.5 | AJ11: ='7'!$G$67 -> 504 | AK11: ='7'!$G$68 -> 0 | AL11: ='7'!$G$69 -> 332 | AM11: ='7'!$G$84 -> 785 | AN11: ='7'!$G$15 -> 860.81 | AO11: ='7'!$G$124 -> 266.65 | AP11: ='7'!$G$125 -> -0.4 | AQ11: ='7'!$G$126 -> 96.31 | AR11: ='7'!$G$127 -> 45.1 | AS11: ='7'!$G$128 -> 3.9 | AT11: =AN11-SUM(AO11:AS11) -> 449.25 | AU11: =SUM('7'!G140:G141) -> 9.82 | AV11: ='7'!$G$137 -> 7.97 | AW11: ='7'!$G$138 -> 0 | AX11: ='7'!$G$139 -> 0 | AY11: =SUM(AV11:AX11) -> 7.97 | AZ11: =AO11/AU11 -> 27.153768
A12: 44051 | B12: ='8'!G7 -> 22354 | C12: ='8'!G8 -> 22435.69 | D12: ='8'!G15 -> 902.73 | E12: ='8'!G20 -> 275 | F12: =SUM('8'!G35,'8'!G49) -> 2939.7 | G12: =SUM('8'!G37,'8'!G51) -> 1610 | H12: =SUM('8'!G38,'8'!G52) -> 1794 | I12: =SUM('8'!G39,'8'!G53) -> 3646.08 | J12: =SUM('8'!G41,'8'!G42,'8'!G55,'8'!G56) -> 6557.53 | K12: =SUM('8'!G43,'8'!G57) -> 2900 | L12: ='8'!G50 -> 1089 | M12: ='8'!G36 -> 688.5 | N12: ='8'!G72 -> 12 | O12: ='8'!$G$73 -> 1 | P12: ='8'!$G$74 -> 0 | Q12: ='8'!$G$75 -> 162.8 | R12: ='8'!$G$76 -> 45.9 | S12: ='8'!$G$77 -> 74 | T12: ='8'!$G$78 -> 182 | U12: ='8'!$G$79 -> 149 | V12: ='8'!$G$80 -> 404.36 | W12: ='8'!$G$81 -> 144.68 | X12: ='8'!$G$82 -> 26 | Y12: ='8'!$G$58 -> 198.1 | Z12: ='8'!$G$83 -> 324 | AA12: ='8'!G86 -> 10.96 | AB12: ='8'!G87 -> 19 | AC12: ='8'!G88 -> 0 | AD12: ='8'!G89+'8'!G90 -> 46.5 | AE12: ='8'!$G$62 -> 0 | AF12: ='8'!$G$63 -> 0 | AG12: ='8'!$G$64 -> 348 | AH12: ='8'!$G$65 -> 395 | AI12: ='8'!$G$66 -> 376.5 | AJ12: ='8'!$G$67 -> 514 | AK12: ='8'!$G$68 -> 0 | AL12: ='8'!$G$69 -> 306.2 | AM12: ='8'!$G$84 -> 775 | AN12: ='8'!$G$15 -> 902.73 | AO12: ='8'!$G$124 -> 261.98 | AP12: ='8'!$G$125 -> 0.4 | AQ12: ='8'!$G$126 -> 95.36 | AR12: ='8'!$G$127 -> 35.1 | AS12: ='8'!$G$128 -> 1.5 | AT12: =AN12-SUM(AO12:AS12) -> 508.39 | AU12: =SUM('8'!G140:G141) -> 9.55 | AV12: ='8'!$G$137 -> 9.24 | AW12: ='8'!$G$138 -> 0 | AX12: ='8'!$G$139 -> -0.2 | AY12: =SUM(AV12:AX12) -> 9.04
A13: 44052 | B13: ='9'!G7 -> 19321 | C13: ='9'!G8 -> 20612 | D13: ='9'!G15 -> 764 | E13: ='9'!G20 -> 224 | F13: =SUM('9'!G35,'9'!G49) -> 2734 | G13: =SUM('9'!G37,'9'!G51) -> 1498 | H13: =SUM('9'!G38,'9'!G52) -> 1606 | I13: =SUM('9'!G39,'9'!G53) -> 3904 | J13: =SUM('9'!G41,'9'!G42,'9'!G55,'9'!G56) -> 5620 | K13: =SUM('9'!G43,'9'!G57) -> 2570 | L13: ='9'!G50 -> 992 | M13: ='9'!G36 -> 659 | N13: ='9'!G72 -> 14 | O13: ='9'!$G$73 -> 1 | P13: ='9'!$G$74 -> 0 | Q13: ='9'!$G$75 -> 157 | R13: ='9'!$G$76 -> 49 | S13: ='9'!$G$77 -> 59 | T13: ='9'!$G$78 -> 143 | U13: ='9'!$G$79 -> 157 | V13: ='9'!$G$80 -> 400 | W13: ='9'!$G$81 -> 159 | X13: ='9'!$G$82 -> 9 | Y13: ='9'!$G$58 -> 220 | Z13: ='9'!$G$83 -> 292 | AA13: ='9'!G86 -> 15 | AB13: ='9'!G87 -> 37.5 | AC13: ='9'!G88 -> 0 | AD13: ='9'!G89+'9'!H90 -> 92.6 | AE13: ='9'!$G$62 -> 0 | AF13: ='9'!$G$63 -> 0 | AG13: ='9'!$G$64 -> 381 | AH13: ='9'!$G$65 -> 384 | AI13: ='9'!$G$66 -> 428 | AJ13: ='9'!$G$67 -> 480 | AK13: ='9'!$G$68 -> 0 | AL13: ='9'!$G$69 -> 324 | AM13: ='9'!$G$84 -> 781 | AN13: ='9'!$G$15 -> 764 | AO13: ='9'!$G$124 -> 262 | AP13: ='9'!$G$125 -> 0 | AQ13: ='9'!$G$126 -> 76 | AR13: ='9'!$G$127 -> 32 | AS13: ='9'!$G$128 -> 0.8 | AT13: =AN13-SUM(AO13:AS13) -> 393.2 | AU13: =SUM('9'!G140:G141) -> 9.84 | AV13: ='9'!$G$137 -> 6.98 | AW13: ='9'!$G$138 -> 0 | AX13: ='9'!$G$139 -> 0 | AY13: =SUM(AV13:AX13) -> 6.98
A14: 44053 | B14: ='10'!G7 -> 21648 | C14: ='10'!G8 -> 21667 | D14: ='10'!G15 -> 907 | E14: ='10'!G20 -> 197 | F14: =SUM('10'!G35,'10'!G49) -> 2950 | G14: =SUM('10'!G37,'10'!G51) -> 1555 | H14: =SUM('10'!G38,'10'!G52) -> 1654 | I14: =SUM('10'!G39,'10'!G53) -> 3790.33 | J14: =SUM('10'!G41,'10'!G42,'10'!G55,'10'!G56) -> 6540 | K14: =SUM('10'!G43,'10'!G57) -> 2950 | L14: ='10'!G50 -> 892 | M14: ='10'!G36 -> 714 | N14: ='10'!G72 -> 14 | O14: ='10'!$G$73 -> 1 | P14: ='10'!$G$74 -> 0 | Q14: ='10'!$G$75 -> 163 | R14: ='10'!$G$76 -> 54 | S14: ='10'!$G$77 -> 53 | T14: ='10'!$G$78 -> 62 | U14: ='10'!$G$79 -> 149 | V14: ='10'!$G$80 -> 393 | W14: ='10'!$G$81 -> 158 | X14: ='10'!$G$82 -> 26 | Y14: ='10'!$G$58 -> 212 | Z14: ='10'!$G$83 -> 289 | AA14: ='10'!G86 -> 25 | AB14: ='10'!G87 -> 34.5 | AC14: ='10'!G88 -> 0 | AD14: ='10'!G87+'10'!H90 -> 46.1 | AE14: ='10'!$G$62 -> 0 | AF14: ='10'!$G$63 -> 0 | AG14: ='10'!$G$64 -> 388 | AH14: ='10'!$G$65 -> 423 | AI14: ='10'!$G$66 -> 457 | AJ14: ='10'!$G$67 -> 458 | AK14: ='10'!$G$68 -> 0 | AL14: ='10'!$G$69 -> 323 | AM14: ='10'!$G$84 -> 749 | AN14: ='10'!$G$15 -> 907 | AO14: ='10'!$G$124 -> 279 | AP14: ='10'!$G$125 -> 0 | AQ14: ='10'!$G$126 -> 84 | AR14: ='10'!$G$127 -> 34 | AS14: ='10'!$G$128 -> 2.2 | AT14: =AN14-SUM(AO14:AS14) -> 507.8 | AU14: =SUM('10'!G140:G141) -> 10.16 | AV14: ='10'!$G$137 -> 9.59 | AW14: ='10'!$G$138 -> -0.45 | AX14: ='10'!$G$139 -> 0 | AY14: =SUM(AV14:AX14) -> 9.14
A15: 44054 | B15: ='11'!G7 -> 21561 | C15: ='11'!G8 -> 21713 | D15: ='11'!G15 -> 826 | E15: ='11'!G20 -> 224 | F15: =SUM('11'!G35,'11'!G49) -> 3073 | G15: =SUM('11'!G37,'11'!G51) -> 1551 | H15: =SUM('11'!G38,'11'!G52) -> 1631 | I15: =SUM('11'!G39,'11'!G53) -> 3772.59 | J15: =SUM('11'!G41,'11'!G42,'11'!G55,'11'!G56) -> 6303 | K15: =SUM('11'!G43,'11'!G57) -> 2940 | L15: ='11'!G50 -> 1053 | M15: ='11'!G36 -> 691 | N15: ='11'!G72 -> 12 | O15: ='11'!$G$73 -> 2 | P15: ='11'!$G$74 -> 3 | Q15: ='11'!$G$75 -> 177 | R15: ='11'!$G$76 -> 52 | S15: ='11'!$G$77 -> 55 | T15: ='11'!$G$78 -> 97 | U15: ='11'!$G$79 -> 153 | V15: ='11'!$G$80 -> 401 | W15: ='11'!$G$81 -> 171 | X15: ='11'!$G$82 -> 14 | Y15: ='11'!$G$58 -> 188 | Z15: ='11'!$G$83 -> 259 | AA15: ='11'!G86 -> 28 | AB15: ='11'!G87 -> 35 | AC15: ='11'!G88 -> 0 | AD15: ='11'!G87+'11'!H90 -> 42 | AE15: ='11'!$G$62 -> 0 | AF15: ='11'!$G$63 -> 0 | AG15: ='11'!$G$64 -> 412 | AH15: ='11'!$G$65 -> 413 | AI15: ='11'!$G$66 -> 379 | AJ15: ='11'!$G$67 -> 462 | AK15: ='11'!$G$68 -> 0 | AL15: ='11'!$G$69 -> 322 | AM15: ='11'!$G$84 -> 773 | AN15: ='11'!$G$15 -> 826 | AO15: ='11'!$G$124 -> 281 | AP15: ='11'!$G$125 -> 0 | AQ15: ='11'!$G$126 -> 91 | AR15: ='11'!$G$127 -> 50 | AS15: ='11'!$G$128 -> 2 | AT15: =AN15-SUM(AO15:AS15) -> 402 | AU15: =SUM('11'!G140:G141) -> 10 | AV15: ='11'!$G$137 -> 7 | AW15: ='11'!$G$138 -> 0 | AX15: ='11'!$G$139 -> 0 | AY15: =SUM(AV15:AX15) -> 7
A16: 44055 | B16: ='12'!G7 -> 24049 | C16: ='12'!G8 -> 23053 | D16: ='12'!G15 -> 930 | E16: ='12'!G20 -> 240 | F16: =SUM('12'!G35,'12'!G49) -> 3146 | G16: =SUM('12'!G37,'12'!G51) -> 1629 | H16: =SUM('12'!G38,'12'!G52) -> 1686 | I16: =SUM('12'!G39,'12'!G53) -> 4025.41 | J16: =SUM('12'!G41,'12'!G42,'12'!G55,'12'!G56) -> 7375 | K16: =SUM('12'!G43,'12'!G57) -> 3210 | L16: ='12'!G50 -> 965 | M16: ='12'!G36 -> 837.7 | N16: ='12'!G72 -> 13 | O16: ='12'!$G$73 -> 1 | P16: ='12'!$G$74 -> 2.5 | Q16: ='12'!$G$75 -> 184 | R16: ='12'!$G$76 -> 54 | S16: ='12'!$G$77 -> 53 | T16: ='12'!$G$78 -> 100 | U16: ='12'!$G$79 -> 167 | V16: ='12'!$G$80 -> 404 | W16: ='12'!$G$81 -> 193 | X16: ='12'!$G$82 -> 24 | Y16: ='12'!$G$58 -> 206 | Z16: ='12'!$G$83 -> 278 | AA16: ='12'!G86 -> 8 | AB16: ='12'!G87 -> 30 | AC16: ='12'!G88 -> 0 | AD16: ='12'!G87+'12'!H90 -> 36 | AE16: ='12'!$G$62 -> 0 | AF16: ='12'!$G$63 -> 0 | AG16: ='12'!$G$64 -> 456 | AH16: ='12'!$G$65 -> 410 | AI16: ='12'!$G$66 -> 413 | AJ16: ='12'!$G$67 -> 514 | AK16: ='12'!$G$68 -> 0 | AL16: ='12'!$G$69 -> 335 | AM16: ='12'!$G$84 -> 746 | AN16: ='12'!$G$15 -> 930 | AO16: ='12'!$G$124 -> 275 | AP16: ='12'!$G$125 -> -0.4 | AQ16: ='12'!$G$126 -> 80 | AR16: ='12'!$G$127 -> 69 | AS16: ='12'!$G$128 -> 2 | AT16: =AN16-SUM(AO16:AS16) -> 504.4 | AU16: =SUM('12'!G140:G141) -> 10.72 | AV16: ='12'!$G$137 -> 9.31 | AW16: ='12'!$G$138 -> 0.45 | AX16: ='12'!$G$139 -> 0 | AY16: =SUM(AV16:AX16) -> 9.76 | BA16: =AO16-AQ16 -> 195
A17: 44056 | B17: ='13'!G7 -> 21398 | C17: ='13'!G8 -> 22751 | D17: ='13'!G15 -> 901 | E17: ='13'!G20 -> 251 | F17: =SUM('13'!G35,'13'!G49) -> 3138 | G17: =SUM('13'!G37,'13'!G51) -> 1619 | H17: =SUM('13'!G38,'13'!G52) -> 1802 | I17: =SUM('13'!G39,'13'!G53) -> 3617 | J17: =SUM('13'!G41,'13'!G42,'13'!G55,'13'!G56) -> 6670 | K17: =SUM('13'!G43,'13'!G57) -> 2730.33 | L17: ='13'!G50 -> 1196 | M17: ='13'!G36 -> 726.9 | N17: ='13'!G72 -> 14 | O17: ='13'!$G$73 -> 1 | P17: ='13'!$G$74 -> 3 | Q17: ='13'!$G$75 -> 170.7 | R17: ='13'!$G$76 -> 49.1 | S17: ='13'!$G$77 -> 52 | T17: ='13'!$G$78 -> 137 | U17: ='13'!$G$79 -> 144 | V17: ='13'!$G$80 -> 411 | W17: ='13'!$G$81 -> 195 | X17: ='13'!$G$82 -> 13 | Y17: ='13'!$G$58 -> 202.8 | Z17: ='13'!$G$83 -> 354 | AA17: ='13'!G86 -> 8 | AB17: ='13'!G87 -> 33 | AC17: ='13'!G88 -> 0 | AD17: ='13'!G87+'13'!H90 -> 41 | AE17: ='13'!$G$62 -> 0 | AF17: ='13'!$G$63 -> 0 | AG17: ='13'!$G$64 -> 417 | AH17: ='13'!$G$65 -> 400 | AI17: ='13'!$G$66 -> 371 | AJ17: ='13'!$G$67 -> 476 | AK17: ='13'!$G$68 -> 0 | AL17: ='13'!$G$69 -> 308 | AM17: ='13'!$G$84 -> 804 | AN17: ='13'!$G$15 -> 901 | AO17: ='13'!$G$124 -> 277 | AP17: ='13'!$G$125 -> 0 | AQ17: ='13'!$G$126 -> 101 | AR17: ='13'!$G$127 -> 35 | AS17: ='13'!$G$128 -> 2 | AT17: =AN17-SUM(AO17:AS17) -> 486 | AU17: =SUM('13'!G140:G141) -> 10.2 | AV17: ='13'!$G$137 -> 5.52 | AW17: ='13'!$G$138 -> 3.63 | AX17: ='13'!$G$139 -> 0.2 | AY17: =SUM(AV17:AX17) -> 9.35 | BA17: =AO17-AT17 -> -209
A18: 44057 | B18: ='14'!G7 -> 20799 | C18: ='14'!G8 -> 20814 | D18: ='14'!G15 -> 1092 | E18: ='14'!G20 -> 223 | F18: =SUM('14'!G35,'14'!G49) -> 3064 | G18: =SUM('14'!G37,'14'!G51) -> 1554 | H18: =SUM('14'!G38,'14'!G52) -> 1717 | I18: =SUM('14'!G39,'14'!G53) -> 3673.59 | J18: =SUM('14'!G41,'14'!G42,'14'!G55,'14'!G56) -> 6022 | K18: =SUM('14'!G43,'14'!G57) -> 2490 | L18: ='14'!G50 -> 986 | M18: ='14'!G36 -> 633.4 | N18: ='14'!G72 -> 12 | O18: ='14'!$G$73 -> 1 | P18: ='14'!$G$74 -> 72 | Q18: ='14'!$G$75 -> 176.8 | R18: ='14'!$G$76 -> 51.9 | S18: ='14'!$G$77 -> 51 | T18: ='14'!$G$78 -> 83 | U18: ='14'!$G$79 -> 166 | V18: ='14'!$G$80 -> 414 | W18: ='14'!$G$81 -> 172 | X18: ='14'!$G$82 -> 21 | Y18: ='14'!$G$58 -> 197.9 | Z18: ='14'!$G$83 -> 297 | AA18: ='14'!G86 -> 8 | AB18: ='14'!G87 -> 24 | AC18: ='14'!G88 -> 0 | AD18: ='14'!G87+'14'!H90 -> 25 | AE18: ='14'!$G$62 -> 0 | AF18: ='14'!$G$63 -> 0 | AG18: ='14'!$G$64 -> 359 | AH18: ='14'!$G$65 -> 26 | AI18: ='14'!$G$66 -> 408 | AJ18: ='14'!$G$67 -> 466 | AK18: ='14'!$G$68 -> 0 | AL18: ='14'!$G$69 -> 303 | AM18: ='14'!$G$84 -> 807 | AN18: ='14'!$G$15 -> 1092 | AO18: ='14'!$G$124 -> 271 | AP18: ='14'!$G$125 -> 0.4 | AQ18: ='14'!$G$126 -> 110 | AR18: ='14'!$G$127 -> 47 | AS18: ='14'!$G$128 -> 4 | AT18: =AN18-SUM(AO18:AS18) -> 659.6 | AU18: =SUM('14'!G140:G141) -> 9.89 | AV18: ='14'!$G$137 -> 0 | AW18: ='14'!$G$138 -> 9.9 | AX18: ='14'!$G$139 -> 5.35 | AY18: =SUM(AV18:AX18) -> 15.25 | BA18: =AO18-AT18 -> -388.6
A19: 44058 | B19: ='15'!G7 -> 21488 | C19: ='15'!G8 -> 21550 | D19: ='15'!G15 -> 920 | E19: ='15'!G20 -> 254 | F19: =SUM('15'!G35,'15'!G49) -> 2975 | G19: =SUM('15'!G37,'15'!G51) -> 1554 | H19: =SUM('15'!G38,'15'!G52) -> 1841.93 | I19: =SUM('15'!G39,'15'!G53) -> 3671.41 | J19: =SUM('15'!G41,'15'!G42,'15'!G55,'15'!G56) -> 6209 | K19: =SUM('15'!G43,'15'!G57) -> 2580 | L19: ='15'!G50 -> 1206 | M19: ='15'!G36 -> 823 | N19: ='15'!G72 -> 10 | O19: ='15'!$G$73 -> 1 | P19: ='15'!$G$74 -> 1 | Q19: ='15'!$G$75 -> 179 | R19: ='15'!$G$76 -> 47 | S19: ='15'!$G$77 -> 44 | T19: ='15'!$G$78 -> 75 | U19: ='15'!$G$79 -> 154 | V19: ='15'!$G$80 -> 424 | W19: ='15'!$G$81 -> 210 | X19: ='15'!$G$82 -> 13 | Y19: ='15'!$G$58 -> 212.3 | Z19: ='15'!$G$83 -> 390 | AA19: ='15'!G86 -> 8 | AB19: ='15'!G87 -> 26 | AC19: ='15'!G88 -> 0 | AD19: ='15'!G87+'15'!H90 -> 27 | AE19: ='15'!$G$62 -> 0.18 | AF19: ='15'!$G$63 -> 0 | AG19: ='15'!$G$64 -> 362 | AH19: ='15'!$G$65 -> 777 | AI19: ='15'!$G$66 -> 404 | AJ19: ='15'!$G$67 -> 444 | AK19: ='15'!$G$68 -> 0 | AL19: ='15'!$G$69 -> 292 | AM19: ='15'!$G$84 -> 837 | AN19: ='15'!$G$15 -> 920 | AO19: ='15'!$G$124 -> 304 | AP19: ='15'!$G$125 -> 0 | AQ19: ='15'!$G$126 -> 86 | AR19: ='15'!$G$127 -> 57 | AS19: ='15'!$G$128 -> 3 | AT19: =AN19-SUM(AO19:AS19) -> 470 | AU19: =SUM('15'!G140:G141) -> 11.22 | AV19: ='15'!$G$137 -> 8.63 | AW19: ='15'!$G$138 -> 0 | AX19: ='15'!$G$139 -> 0 | AY19: =SUM(AV19:AX19) -> 8.63 | BA19: =AO19-AT19 -> -166
A20: 44059 | B20: ='16'!G7 -> 23250 | C20: ='16'!G8 -> -676966.61 | D20: ='16'!G15 -> 950 | E20: ='16'!G20 -> 170 | F20: =SUM('16'!G35,'16'!G49) -> -91142.53 | G20: =SUM('16'!G37,'16'!G51) -> -48548.1 | H20: =SUM('16'!G38,'16'!G52) -> -49969.36 | I20: =SUM('16'!G39,'16'!G53) -> -113041.51 | J20: =SUM('16'!G41,'16'!G42,'16'!G55,'16'!G56) -> -208824.17 | K20: =SUM('16'!G43,'16'!G57) -> -83668.5 | L20: ='16'!G50 -> -33597.57 | M20: ='16'!G36 -> -23881.17 | N20: ='16'!G72 -> -387 | O20: ='16'!$G$73 -> -37 | P20: ='16'!$G$74 -> -37.4 | Q20: ='16'!$G$75 -> -4962.91 | R20: ='16'!$G$76 -> -1823.99 | S20: ='16'!$G$77 -> -2036 | T20: ='16'!$G$78 -> -3533 | U20: ='16'!$G$79 -> -4607 | V20: ='16'!$G$80 -> -12242.24 | W20: ='16'!$G$81 -> -5592.92 | X20: ='16'!$G$82 -> -600.12 | Y20: ='16'!$G$58 -> -5957.81 | Z20: ='16'!$G$83 -> -8437 | AA20: ='16'!G86 -> -911.12 | AB20: ='16'!G87 -> -875.6 | AC20: ='16'!G88 -> -1087.34 | AD20: ='16'!G87+'16'!H90 -> -996.7 | AE20: ='16'!$G$62 -> 0 | AF20: ='16'!$G$63 -> 0 | AG20: ='16'!$G$64 -> -11250.19 | AH20: ='16'!$G$65 -> -11863.93 | AI20: ='16'!$G$66 -> -12191.36 | AJ20: ='16'!$G$67 -> -14768.95 | AK20: ='16'!$G$68 -> 0 | AL20: ='16'!$G$69 -> -9590.88 | AM20: ='16'!$G$84 -> -23138 | AN20: ='16'!$G$15 -> 950 | AO20: ='16'!$G$124 -> -8028.49 | AP20: ='16'!$G$125 -> 0 | AQ20: ='16'!$G$126 -> -2565.47 | AR20: ='16'!$G$127 -> -1276.8 | AS20: ='16'!$G$128 -> -70.6 | AT20: =AN20-SUM(AO20:AS20) -> 12891.36 | AU20: =SUM('16'!G140:G141) -> -291.16 | AV20: ='16'!$G$137 -> -213.67 | AW20: ='16'!$G$138 -> -33.82 | AX20: ='16'!$G$139 -> -6.95 | AY20: =SUM(AV20:AX20) -> -254.44 | BA20: =AO20-AT20 -> -20919.85
A21: 44060 | B21: ='17'!G7 -> 23250 | C21: ='17'!G8 -> 24914.74 | D21: ='17'!G15 -> 950 | E21: ='17'!G20 -> 200 | F21: =SUM('17'!G35,'17'!G49) -> 3270.42 | G21: =SUM('17'!G37,'17'!G51) -> 1656.55 | H21: =SUM('17'!G38,'17'!G52) -> 1759.92 | I21: =SUM('17'!G39,'17'!G53) -> 3718.93 | J21: =SUM('17'!G41,'17'!G42,'17'!G55,'17'!G56) -> 8133.4 | K21: =SUM('17'!G43,'17'!G57) -> 3097.4 | L21: ='17'!G50 -> 1300.44 | M21: ='17'!G36 -> 1131.82 | N21: ='18'!G72 -> 15 | O21: ='17'!$G$73 -> 1 | P21: ='17'!$G$74 -> 1 | Q21: ='17'!$G$75 -> 176.71 | R21: ='17'!$G$76 -> 65.12 | S21: ='17'!$G$77 -> 65 | T21: ='17'!$G$78 -> 100 | U21: ='17'!$G$79 -> 199 | V21: ='17'!$G$80 -> 476.56 | W21: ='17'!$G$81 -> 231.2 | X21: ='17'!$G$82 -> 27.37 | Y21: ='17'!$G$58 -> 192.37 | Z21: ='17'!$G$83 -> 276 | AA21: ='17'!G86 -> 17.96 | AB21: ='17'!G87 -> 19.6 | AC21: ='17'!G88 -> 121.06 | AD21: ='17'!G87+'17'!H90 -> 21.7 | AE21: ='17'!$G$62 -> -0.18 | AF21: ='17'!$G$63 -> 0 | AG21: ='17'!$G$64 -> 365.26 | AH21: ='17'!$G$65 -> 386.54 | AI21: ='17'!$G$66 -> 390.96 | AJ21: ='17'!$G$67 -> 477.86 | AK21: ='17'!$G$68 -> 0 | AL21: ='17'!$G$69 -> 301.97 | AM21: ='17'!$G$84 -> 678 | AN21: ='17'!$G$15 -> 950 | AO21: ='17'!$G$124 -> 289.02 | AP21: ='17'!$G$125 -> 0 | AQ21: ='17'!$G$126 -> 114.2 | AR21: ='17'!$G$127 -> 41 | AS21: ='17'!$G$128 -> 6.7 | AT21: =AN21-SUM(AO21:AS21) -> 499.08 | AU21: =SUM('17'!G140:G141) -> 10.06 | AV21: ='17'!$G$137 -> 9.11 | AW21: ='17'!$G$138 -> 0 | AX21: ='17'!$G$139 -> 0 | AY21: =SUM(AV21:AX21) -> 9.11 | BA21: =AO21-AT21 -> -210.06
A22: 44061 | B22: ='18'!G7 -> 23250 | C22: ='18'!G8 -> 25951.08 | D22: ='18'!G15 -> 950 | E22: ='18'!G20 -> 230 | F22: =SUM('18'!G35,'18'!G49) -> 3484.808 | G22: =SUM('18'!G37,'18'!G51) -> 1846.52 | H22: =SUM('18'!G38,'18'!G52) -> 1840.98 | I22: =SUM('18'!G39,'18'!G53) -> 3750.84 | J22: =SUM('18'!G41,'18'!G42,'18'!G55,'18'!G56) -> 8129.57 | K22: =SUM('18'!G43,'18'!G57) -> 3145.2 | L22: ='18'!G50 -> 1712.2 | M22: ='18'!G36 -> 1191.63 | N22: ='18'!G72 -> 15 | O22: ='18'!$G$73 -> 1 | P22: ='18'!$G$74 -> 0.5 | Q22: ='18'!$G$75 -> 172.45 | R22: ='18'!$G$76 -> 63.15 | S22: ='18'!$G$77 -> 86 | T22: ='18'!$G$78 -> 104 | U22: ='18'!$G$79 -> 157 | V22: ='18'!$G$80 -> 503.68 | W22: ='18'!$G$81 -> 226.24 | X22: ='18'!$G$82 -> 22.6 | Y22: ='18'!$G$58 -> 191.57 | Z22: ='18'!$G$83 -> 229 | AA22: ='18'!G86 -> 8.16 | AB22: ='18'!G87 -> 9.6 | AC22: ='18'!G88 -> 75.28 | AD22: ='18'!G87+'18'!H90 -> 10.6 | AE22: ='18'!$G$62 -> 0.18 | AF22: ='18'!$G$63 -> 0 | AG22: ='18'!$G$64 -> 372.08 | AH22: ='18'!$G$65 -> 408.42 | AI22: ='18'!$G$66 -> 427.3 | AJ22: ='18'!$G$67 -> 472.2 | AK22: ='18'!$G$68 -> 0 | AL22: ='18'!$G$69 -> 307.29 | AM22: ='18'!$G$84 -> 823 | AN22: ='18'!$G$15 -> 950 | AO22: ='18'!$G$124 -> 295.74 | AP22: ='18'!$G$125 -> 0 | AQ22: ='18'!$G$126 -> 107.8 | AR22: ='18'!$G$127 -> 45.1 | AS22: ='18'!$G$128 -> 4.9 | AT22: =AN22-SUM(AO22:AS22) -> 496.46 | AU22: =SUM('18'!G140:G141) -> 10.29 | AV22: ='18'!$G$137 -> 8.54 | AW22: ='18'!$G$138 -> 0 | AX22: ='18'!$G$139 -> 0 | AY22: =SUM(AV22:AX22) -> 8.54 | BA22: =AO22-AT22 -> -200.72
A23: 44062 | B23: ='19'!G7 -> 23250 | C23: ='19'!G8 -> 21717.79 | D23: ='19'!G15 -> 950 | E23: ='19'!G20 -> 260 | F23: =SUM('19'!G35,'19'!G49) -> 3252.302 | G23: =SUM('19'!G37,'19'!G51) -> 1591.16 | H23: =SUM('19'!G38,'19'!G52) -> 1606.46 | I23: =SUM('19'!G39,'19'!G53) -> 3770.33 | J23: =SUM('19'!G41,'19'!G42,'19'!G55,'19'!G56) -> 6446.2 | K23: =SUM('19'!G43,'19'!G57) -> 2549.57 | L23: ='19'!G50 -> 1093.93 | M23: ='19'!G36 -> 815.72 | N23: ='19'!G72 -> 14 | O23: ='19'!$G$73 -> 2 | P23: ='19'!$G$74 -> -0.1 | Q23: ='19'!$G$75 -> 148.25 | R23: ='19'!G76 -> 60.72 | S23: ='19'!$G$77 -> 68 | T23: ='19'!$G$78 -> 82 | U23: ='19'!$G$79 -> 155 | V23: ='19'!$G$80 -> 401 | W23: ='19'!$G$81 -> 219.48 | X23: ='19'!$G$82 -> 24.15 | Y23: ='19'!$G$58 -> 217.87 | Z23: ='19'!$G$83 -> 272 | AA23: ='19'!G86 -> 17 | AB23: ='19'!G87 -> 30.4 | AC23: ='19'!G88 -> 126 | AD23: ='19'!G87+'19'!H90 -> 33.4 | AE23: ='19'!$G$62 -> 0.02 | AF23: ='19'!$G$63 -> 0 | AG23: ='19'!$G$64 -> 374.85 | AH23: ='19'!$G$65 -> 395.97 | AI23: ='19'!$G$66 -> 429.1 | AJ23: ='19'!$G$67 -> 481.89 | AK23: ='19'!$G$68 -> 0 | AL23: ='19'!$G$69 -> 305.62 | AM23: ='19'!$G$84 -> 776 | AN23: ='19'!$G$15 -> 950 | AO23: ='19'!$G$124 -> 267.73 | AP23: ='19'!$G$125 -> 0 | AQ23: ='19'!$G$126 -> 68.47 | AR23: ='19'!$G$127 -> 31.7 | AS23: ='19'!$G$128 -> 0 | AT23: =AN23-SUM(AO23:AS23) -> 582.1 | AU23: =SUM('19'!G140:G141) -> 9.4 | AV23: ='19'!$G$137 -> 9.56 | AW23: ='19'!$G$138 -> -0.16 | AX23: ='19'!$G$139 -> 0 | AY23: =SUM(AV23:AX23) -> 9.4 | BA23: =AO23-AT23 -> -314.37
A24: 44063 | B24: ='20'!G7 -> 23250 | C24: ='20'!G8 -> 22217.27 | D24: ='20'!G15 -> 950 | E24: ='20'!G20 -> 140 | F24: =SUM('20'!G35,'20'!G49) -> 2573.21 | G24: =SUM('20'!G37,'20'!G51) -> 1586.97 | H24: =SUM('20'!G38,'20'!G52) -> 1448.93 | I24: =SUM('20'!G39,'20'!G53) -> 3767.43 | J24: =SUM('20'!G41,'20'!G42,'20'!G55,'20'!G56) -> 7204.54 | K24: =SUM('20'!G43,'20'!G57) -> 2710.7 | L24: ='20'!G50 -> 1063.75 | M24: ='20'!G36 -> 1166.52 | N24: ='20'!G72 -> 13 | O24: ='20'!$G$73 -> 2 | P24: ='20'!$G$74 -> 3.3 | Q24: ='20'!$G$75 -> 166.63 | R24: ='20'!$G$76 -> 63.9 | S24: ='20'!$G$77 -> 57 | T24: ='20'!$G$78 -> 90 | U24: ='20'!$G$79 -> 150 | V24: ='20'!$G$80 -> 428.28 | W24: ='20'!$G$81 -> 238.04 | X24: ='20'!$G$82 -> 13.07 | Y24: ='20'!$G$58 -> 7.74 | Z24: ='20'!$G$83 -> 238 | AA24: ='20'!G86 -> 23.36 | AB24: ='20'!G87 -> 38 | AC24: ='20'!G88 -> 168.46 | AD24: ='20'!G87+'20'!H90 -> 43 | AE24: ='20'!$G$62 -> 0 | AF24: ='20'!$G$63 -> 0 | AG24: ='20'!$G$64 -> 363.47 | AH24: ='20'!$G$65 -> 386.09 | AI24: ='20'!$G$66 -> 428.93 | AJ24: ='20'!$G$67 -> 501.67 | AK24: ='20'!$G$68 -> 0 | AL24: ='20'!$G$69 -> 295.63 | AM24: ='20'!$G$84 -> 727 | AN24: ='20'!$G$15 -> 950 | AO24: ='20'!$G$124 -> 260.45 | AP24: ='20'!$G$125 -> 0 | AQ24: ='20'!$G$126 -> 81.23 | AR24: ='20'!$G$127 -> 37 | AS24: ='20'!$G$128 -> 1.7 | AT24: =AN24-SUM(AO24:AS24) -> 569.62 | AU24: =SUM('20'!G140:G141) -> 9.15 | AV24: ='20'!$G$137 -> 0.28 | AW24: ='20'!$G$138 -> 0.16 | AX24: ='20'!$G$139 -> 0 | AY24: =SUM(AV24:AX24) -> 0.44 | BA24: =AO24-AT24 -> -309.17
A25: 44064 | B25: ='21'!G7 -> 23250 | C25: ='21'!G8 -> 21222.56 | D25: ='21'!G15 -> 950 | E25: ='21'!G20 -> 160 | F25: =SUM('21'!G35,'21'!G49) -> 2837.54 | G25: =SUM('21'!G37,'21'!G51) -> 1602.92 | H25: =SUM('21'!G38,'21'!G52) -> 1578.05 | I25: =SUM('21'!G39,'21'!G53) -> 3741.52 | J25: =SUM('21'!G41,'21'!G42,'21'!G55,'21'!G56) -> 6289.11 | K25: =SUM('21'!G43,'21'!G57) -> 2552.6 | L25: ='21'!G50 -> 1014.92 | M25: ='21'!G36 -> 759.4 | N25: ='21'!G72 -> 13 | O25: ='21'!$G$73 -> 1 | P25: ='21'!$G$74 -> 1.3 | Q25: ='21'!$G$75 -> 153.25 | R25: ='21'!$G$76 -> 69.45 | S25: ='21'!$G$77 -> 93 | T25: ='21'!$G$78 -> 126 | U25: ='21'!$G$79 -> 155 | V25: ='21'!$G$80 -> 421.72 | W25: ='21'!$G$81 -> 184.96 | X25: ='21'!$G$82 -> 26.45 | Y25: ='21'!$G$58 -> 222.89 | Z25: ='21'!$G$83 -> 206 | AA25: ='21'!G86 -> 22.16 | AB25: ='21'!G87 -> 34.8 | AC25: ='21'!G88 -> 103.37 | AD25: ='21'!G87+'21'!H90 -> 42.8 | AE25: ='21'!$G$62 -> 0 | AF25: ='21'!$G$63 -> 0 | AG25: ='21'!$G$64 -> 348.02 | AH25: ='21'!$G$65 -> 382.5 | AI25: ='21'!$G$66 -> 407.82 | AJ25: ='21'!$G$67 -> 501.44 | AK25: ='21'!$G$68 -> 0 | AL25: ='21'!$G$69 -> 284.55 | AM25: ='21'!$G$84 -> 697 | AN25: ='21'!$G$15 -> 950 | AO25: ='21'!$G$124 -> 269.23 | AP25: ='21'!$G$125 -> 0 | AQ25: ='21'!$G$126 -> 85.07 | AR25: ='21'!$G$127 -> 39.6 | AS25: ='21'!$G$128 -> 1.3 | AT25: =AN25-SUM(AO25:AS25) -> 554.8 | AU25: =SUM('21'!G140:G141) -> 9.46 | AV25: ='21'!$G$137 -> 10.07 | AW25: ='21'!$G$138 -> 0 | AX25: ='21'!$G$139 -> 0 | AY25: =SUM(AV25:AX25) -> 10.07 | BA25: =AO25-AT25 -> -285.57
A26: 44065 | B26: ='22'!G7 -> 23250 | C26: ='22'!G8 -> 21681.12 | D26: ='22'!G15 -> 950 | E26: ='22'!G20 -> 180 | F26: =SUM('22'!G35,'22'!G49) -> 2925.76 | G26: =SUM('22'!G37,'22'!G51) -> 1618.98 | H26: =SUM('22'!G38,'22'!G52) -> 1490.8 | I26: =SUM('22'!G39,'22'!G53) -> 3759.08 | J26: =SUM('22'!G41,'22'!G42,'22'!G55,'22'!G56) -> 6891.7 | K26: =SUM('22'!G43,'22'!G57) -> 2641.6 | L26: ='22'!G50 -> 1079.52 | M26: ='22'!G36 -> 653.86 | N26: ='22'!G72 -> 11 | O26: ='22'!$G$73 -> 1 | P26: ='22'!$G$74 -> 1.4 | Q26: ='22'!$G$75 -> 149.95 | R26: ='22'!$G$76 -> 65.6 | S26: ='22'!$G$77 -> 65 | T26: ='22'!$G$78 -> 100 | U26: ='22'!$G$79 -> 145 | V26: ='22'!$G$80 -> 386 | W26: ='22'!$G$81 -> 186 | X26: ='22'!$G$82 -> 12.7 | Y26: ='22'!$G$58 -> 189.5 | Z26: ='22'!$G$83 -> 188 | AA26: ='22'!G86 -> 22.48 | AB26: ='22'!G87 -> 30.1 | AC26: ='22'!G88 -> 129.88 | AD26: ='22'!G87+'22'!H90 -> 42.4 | AE26: ='22'!$G$62 -> 0 | AF26: ='22'!$G$63 -> 0 | AG26: ='22'!$G$64 -> 374.86 | AH26: ='22'!$G$65 -> 402 | AI26: ='22'!$G$66 -> 392.54 | AJ26: ='22'!$G$67 -> 489.62 | AK26: ='22'!$G$68 -> 0 | AL26: ='22'!$G$69 -> 300.81 | AM26: ='22'!$G$84 -> 700 | AN26: ='22'!$G$15 -> 950 | AO26: ='22'!$G$124 -> 265 | AP26: ='22'!$G$125 -> 0 | AQ26: ='22'!$G$126 -> 82.09 | AR26: ='22'!$G$127 -> 44.7 | AS26: ='22'!$G$128 -> 1 | AT26: =AN26-SUM(AO26:AS26) -> 557.21 | AU26: =SUM('22'!G140:G141) -> 9.18 | AV26: ='22'!$G$137 -> 5.7 | AW26: ='22'!$G$138 -> 0 | AX26: ='22'!$G$139 -> 0 | AY26: =SUM(AV26:AX26) -> 5.7 | BA26: =AO26-AT26 -> -292.21
A27: 44066 | B27: ='23'!G7 -> 23250 | C27: ='23'!G8 -> 22659.96 | D27: ='23'!G15 -> 950 | E27: ='23'!G20 -> 160 | F27: =SUM('23'!G35,'23'!G49) -> 3047.58 | G27: =SUM('23'!G37,'23'!G51) -> 1602.16 | H27: =SUM('23'!G38,'23'!G52) -> 1578.86 | I27: =SUM('23'!G39,'23'!G53) -> 3787.96 | J27: =SUM('23'!G41,'23'!G42,'23'!G55,'23'!G56) -> 7521.05 | K27: =SUM('23'!G43,'23'!G57) -> 2699.2 | L27: ='23'!G50 -> 996.76 | M27: ='23'!G36 -> 684.06 | N27: ='23'!G72 -> 12 | O27: ='23'!G73 -> 2 | P27: ='23'!$G$74 -> 1 | Q27: ='23'!$G$75 -> 148.46 | R27: ='23'!$G$76 -> 68.85 | S27: ='23'!$G$77 -> 52 | T27: ='23'!$G$78 -> 106 | U27: ='23'!$G$79 -> 149 | V27: ='23'!$G$80 -> 358.52 | W27: ='23'!$G$81 -> 186.16 | X27: ='23'!$G$82 -> 27.16 | Y27: ='23'!$G$58 -> 209.98 | Z27: ='23'!$G$83 -> 241 | AA27: ='23'!$G$86 -> 12 | AB27: ='23'!G87 -> 32.8 | AC27: ='23'!G88 -> 131.09 | AD27: ='23'!G87+'23'!H90 -> 50.5 | AE27: ='23'!$G$62 -> -0.2 | AF27: ='23'!$G$63 -> 0 | AG27: ='23'!$G$64 -> 370.28 | AH27: ='23'!$G$65 -> 415.06 | AI27: ='23'!$G$66 -> 396.06 | AJ27: ='23'!$G$67 -> 512.54 | AK27: ='23'!$G$68 -> 0 | AL27: ='23'!$G$69 -> 314.68 | AM27: ='23'!$G$84 -> 709 | AN27: ='23'!$G$15 -> 950 | AO27: ='23'!$G$124 -> 259.04 | AP27: ='23'!$G$125 -> 0 | AQ27: ='23'!$G$126 -> 78.82 | AR27: ='23'!$G$127 -> 41.4 | AS27: ='23'!$G$128 -> 1.9 | AT27: =AN27-SUM(AO27:AS27) -> 568.84 | AU27: =SUM('23'!G140:G141) -> 9.04 | AV27: ='23'!$G$137 -> 9.67 | AW27: ='23'!$G$138 -> 0 | AX27: ='23'!$G$139 -> 0 | AY27: =SUM(AV27:AX27) -> 9.67 | BA27: =AO27-AT27 -> -309.8
A28: 44067 | B28: ='24'!G7 -> 23250 | C28: ='24'!G8 -> 22644.09 | D28: ='24'!G15 -> 950 | E28: ='24'!G20 -> 170 | F28: =SUM('24'!G35,'24'!G49) -> 3076.91 | G28: =SUM('24'!G37,'24'!G51) -> 1631.97 | H28: =SUM('24'!G38,'24'!G52) -> 1604.36 | I28: =SUM('24'!G39,'24'!G53) -> 3817.42 | J28: =SUM('24'!G41,'24'!G42,'24'!G55,'24'!G56) -> 7305.15 | K28: =SUM('24'!G43,'24'!G57) -> 2784.9 | L28: ='24'!G50 -> 988.05 | M28: ='24'!G36 -> 689.16 | N28: ='24'!G72 -> 14 | O28: ='24'!G73 -> 1 | P28: ='24'!$G$74 -> 0 | Q28: ='24'!$G$75 -> 175.71 | R28: ='24'!$G$76 -> 65.2 | S28: ='24'!$G$77 -> 54 | T28: ='24'!$G$78 -> 173 | U28: ='24'!$G$79 -> 159 | V28: ='24'!$G$80 -> 398.48 | W28: ='24'!$G$81 -> 186.84 | X28: ='24'!$G$82 -> 20.62 | Y28: ='24'!$G$58 -> 207.89 | Z28: ='24'!$G$83 -> 190 | AA28: ='24'!G86 -> 9 | AB28: ='24'!G87 -> 22.3 | AC28: ='24'!G88 -> 75.2 | AD28: ='24'!G87+'24'!H90 -> 26.6 | AE28: ='24'!$G$62 -> 0 | AF28: ='24'!$G$63 -> 0 | AG28: ='24'!$G$64 -> 339.37 | AH28: ='24'!$G$65 -> 404.35 | AI28: ='24'!$G$66 -> 409.65 | AJ28: ='24'!$G$67 -> 551.73 | AK28: ='24'!$G$68 -> 0 | AL28: ='24'!$G$69 -> 311.33 | AM28: ='24'!$G$84 -> 782 | AN28: ='24'!$G$15 -> 950 | AO28: ='24'!$G$124 -> 254.28 | AP28: ='24'!$G$125 -> -0.4 | AQ28: ='24'!$G$126 -> 87.79 | AR28: ='24'!$G$127 -> 50.3 | AS28: ='24'!$G$128 -> 4.1 | AT28: =AN28-SUM(AO28:AS28) -> 553.93 | AU28: =SUM('24'!G140:G141) -> 8.83 | AV28: ='24'!$G$137 -> 7.95 | AW28: ='24'!$G$138 -> -0.16 | AX28: ='24'!$G$139 -> 0.4 | AY28: =SUM(AV28:AX28) -> 8.19 | BA28: =AO28-AT28 -> -299.65
A29: 44068 | B29: ='25'!G7 -> 23250 | C29: ='25'!G8 -> 23122 | D29: ='25'!G15 -> 950 | E29: ='25'!G20 -> 220 | F29: =SUM('25'!G35,'25'!G49) -> 2993 | G29: =SUM('25'!G37,'25'!G51) -> 1677.87 | H29: =SUM('25'!G38,'25'!G52) -> 1682.07 | I29: =SUM('25'!G39,'25'!G53) -> 3772 | J29: =SUM('25'!G41,'25'!G42,'25'!G55,'25'!G56) -> 7467.45 | K29: =SUM('25'!G43,'25'!G57) -> 2870 | L29: ='25'!G50 -> 1138 | M29: ='25'!G36 -> 718 | N29: ='25'!G72 -> 10 | O29: ='25'!$G$73 -> 1 | P29: ='25'!$G$74 -> 0 | Q29: ='25'!$G$75 -> 165 | R29: ='25'!$G$76 -> 71 | S29: ='25'!$G$77 -> 55 | T29: ='25'!$G$78 -> 134 | U29: ='25'!$G$79 -> 142 | V29: ='25'!$G$80 -> 443 | W29: ='25'!$G$81 -> 224 | X29: ='25'!$G$82 -> 27 | Y29: ='25'!$G$58 -> 236 | Z29: ='25'!$G$83 -> 674 | AA29: ='25'!G86 -> 9 | AB29: ='25'!G87 -> 17 | AC29: ='25'!G88 -> 18 | AD29: ='25'!G87+'25'!H90 -> 19 | AE29: ='25'!$G$62 -> 0 | AF29: ='25'!$G$63 -> 0 | AG29: ='25'!$G$64 -> 349 | AH29: ='25'!$G$65 -> 390 | AI29: ='25'!$G$66 -> 399 | AJ29: ='25'!$G$67 -> 497 | AK29: ='25'!$G$68 -> 0 | AL29: ='25'!$G$69 -> 328 | AM29: ='25'!$G$84 -> 784 | AN29: ='25'!$G$15 -> 950 | AO29: ='25'!$G$124 -> 280 | AP29: ='25'!$G$125 -> 0 | AQ29: ='25'!$G$126 -> 73 | AR29: ='25'!$G$127 -> 40 | AS29: ='25'!$G$128 -> 4 | AT29: =AN29-SUM(AO29:AS29) -> 553 | AU29: =SUM('25'!G140:G141) -> 10.08 | AV29: ='25'!$G$137 -> 9.33 | AW29: ='25'!$G$138 -> 0 | AX29: ='25'!$G$139 -> 0 | AY29: =SUM(AV29:AX29) -> 9.33 | BA29: =AO29-AT29 -> -273
A30: 44069 | B30: ='26'!G7 -> 23250 | C30: ='26'!G8 -> 22721 | D30: ='26'!G15 -> 950 | E30: ='26'!G20 -> 180 | F30: =SUM('26'!G35,'26'!G49) -> 3145 | G30: =SUM('26'!G37,'26'!G51) -> 1663 | H30: =SUM('26'!G38,'26'!G52) -> 1573 | I30: =SUM('26'!G39,'26'!G53) -> 3750 | J30: =SUM('26'!G41,'26'!G42,'26'!G55,'26'!G56) -> 7309 | K30: =SUM('26'!G43,'26'!G57) -> 2794 | L30: ='26'!G50 -> 928 | M30: ='26'!G36 -> 755 | N30: ='26'!G72 -> 11 | O30: ='26'!$G$73 -> 1 | P30: ='26'!$G$74 -> 0 | Q30: ='26'!$G$75 -> 145 | R30: ='26'!$G$76 -> 81 | S30: ='26'!$G$77 -> 133 | T30: ='26'!$G$78 -> 89 | U30: ='26'!$G$79 -> 154 | V30: ='26'!$G$80 -> 408 | W30: ='26'!$G$81 -> 193 | X30: ='26'!$G$82 -> 14 | Y30: ='26'!$G$58 -> 208 | Z30: ='26'!$G$83 -> 11 | AA30: ='26'!G86 -> 14 | AB30: ='26'!G87 -> 35 | AC30: ='26'!G88 -> 26 | AD30: ='26'!G87+'26'!H90 -> 42 | AE30: ='26'!$G$62 -> 0 | AF30: ='26'!$G$63 -> 0 | AG30: ='26'!$G$64 -> 403 | AH30: ='26'!$G$65 -> 369 | AI30: ='26'!$G$66 -> 414 | AJ30: ='26'!$G$67 -> 481 | AK30: ='26'!$G$68 -> 0 | AL30: ='26'!$G$69 -> 352 | AM30: ='26'!$G$84 -> 829 | AN30: ='26'!$G$15 -> 950 | AO30: ='26'!$G$124 -> 252 | AP30: ='26'!$G$125 -> 0 | AQ30: ='26'!$G$126 -> 71 | AR30: ='26'!$G$127 -> 35 | AS30: ='26'!$G$128 -> 2 | AT30: =AN30-SUM(AO30:AS30) -> 590 | AU30: =SUM('26'!G140:G141) -> 9.27 | AV30: ='26'!$G$137 -> 7 | AW30: ='26'!$G$138 -> 0 | AX30: ='26'!$G$139 -> 0 | AY30: =SUM(AV30:AX30) -> 7 | BA30: =AO30-AT30 -> -338
A31: 44070 | B31: ='27'!G7 -> 23250 | C31: ='27'!G8 -> 21225 | D31: ='27'!G15 -> 950 | E31: ='27'!G20 -> 170 | F31: =SUM('27'!G35,'27'!G49) -> 2883 | G31: =SUM('27'!G37,'27'!G51) -> 1655.13 | H31: =SUM('27'!G38,'27'!G52) -> 1507.93 | I31: =SUM('27'!G39,'27'!G53) -> 3783 | J31: =SUM('27'!G41,'27'!G42,'27'!G55,'27'!G56) -> 6213 | K31: =SUM('27'!G43,'27'!G57) -> 2676 | L31: ='27'!G50 -> 988 | M31: ='27'!G36 -> 671 | N31: ='27'!G72 -> 13 | O31: ='27'!$G$73 -> 1 | P31: ='27'!$G$74 -> 3 | Q31: ='27'!$G$75 -> 148 | R31: ='27'!$G$76 -> 78 | S31: ='27'!$G$77 -> 113 | T31: ='27'!$G$78 -> 185 | U31: ='27'!$G$79 -> 144 | V31: ='27'!$G$80 -> 374 | W31: ='27'!$G$81 -> 185 | X31: ='27'!$G$82 -> 23 | Y31: ='27'!$G$58 -> 192 | Z31: ='27'!$G$83 -> 29 | AA31: ='27'!G86 -> 79 | AB31: ='27'!G87 -> 30 | AC31: ='27'!G88 -> 34 | AD31: ='27'!G87+'27'!H90 -> 35 | AE31: ='27'!$G$62 -> 0 | AF31: ='27'!$G$63 -> 0 | AG31: ='27'!$G$64 -> 351 | AH31: ='27'!$G$65 -> 358 | AI31: ='27'!$G$66 -> 402 | AJ31: ='27'!$G$67 -> 529 | AK31: ='27'!$G$68 -> 0 | AL31: ='27'!$G$69 -> 345 | AM31: ='27'!$G$84 -> 835 | AN31: ='27'!$G$15 -> 950 | AO31: ='27'!$G$124 -> 250 | AP31: ='27'!$G$125 -> 0.4 | AQ31: ='27'!$G$126 -> 62 | AR31: ='27'!$G$127 -> 30 | AS31: ='27'!$G$128 -> 1 | AT31: =AN31-SUM(AO31:AS31) -> 606.6 | AU31: =SUM('27'!G140:G141) -> 9.16 | AV31: ='27'!$G$137 -> 8.78 | AW31: ='27'!$G$138 -> 0.16 | AX31: ='27'!$G$139 -> -0.4 | AY31: =SUM(AV31:AX31) -> 8.54 | BA31: =AO31-AT31 -> -356.6
