Workbook

Sheet TOTAL
A1: Site Name | B1: Day | C1: Month | D1: Year | E1: Total Electricity Kwh | F1: Electricity Tariff ($/Kwh) | G1: Natual Gas (m3) | H1: Natural Gas $/m3 | I1: Water Utility Supply (m3) m3 | J1: Water Utility Supply (m3) $/m3 | K1: Total Guests | L1: Room Nights
A2: Prague | B2: 1 | C2: 8 | D2: 2021 | E2: =August!B4 -> 11716 | F2: 0.099 | G2: =August!C4 -> 472 | H2: 0.28 | I2: =August!D4 -> 36 | J2: 3.272 | K2: =August!J4 -> 39 | L2: =August!K4 -> 23
A3: Prague | B3: =B2+1 -> 2 | C3: 8 | D3: 2021 | E3: =August!B5 -> 11878 | F3: 0.099 | G3: =August!C5 -> 588 | H3: 0.28 | I3: =August!D5 -> 53 | J3: 3.272 | K3: =August!J5 -> 62 | L3: =August!K5 -> 39
A4: Prague | B4: =B3+1 -> 3 | C4: 8 | D4: 2021 | E4: =August!B6 -> 12461 | F4: 0.099 | G4: =August!C6 -> 599 | H4: 0.28 | I4: =August!D6 -> 52 | J4: 3.272 | K4: =August!J6 -> 105 | L4: =August!K6 -> 62
A5: Prague | B5: =B4+1 -> 4 | C5: 8 | D5: 2021 | E5: =August!B7 -> 12004 | F5: 0.099 | G5: =August!C7 -> 560 | H5: 0.28 | I5: =August!D7 -> 58 | J5: 3.272 | K5: =August!J7 -> 121 | L5: =August!K7 -> 63
A6: Prague | B6: =B5+1 -> 5 | C6: 8 | D6: 2021 | E6: =August!B8 -> 11218 | F6: 0.099 | G6: =August!C8 -> 578 | H6: 0.28 | I6: =August!D8 -> 55 | J6: 3.272 | K6: =August!J8 -> 63 | L6: =August!K8 -> 41
A7: Prague | B7: =B6+1 -> 6 | C7: 8 | D7: 2021 | E7: =August!B9 -> 11801 | F7: 0.099 | G7: =August!C9 -> 527 | H7: 0.28 | I7: =August!D9 -> 46 | J7: 3.272 | K7: =August!J9 -> 73 | L7: =August!K9 -> 42
A8: Prague | B8: =B7+1 -> 7 | C8: 8 | D8: 2021 | E8: =August!B10 -> 12082 | F8: 0.099 | G8: =August!C10 -> 518 | H8: 0.28 | I8: =August!D10 -> 39 | J8: 3.272 | K8: =August!J10 -> 62 | L8: =August!K10 -> 31
A9: Prague | B9: =B8+1 -> 8 | C9: 8 | D9: 2021 | E9: =August!B11 -> 10917 | F9: 0.099 | G9: =August!C11 -> 546 | H9: 0.28 | I9: =August!D11 -> 43 | J9: 3.272 | K9: =August!J11 -> 47 | L9: =August!K11 -> 27
A10: Prague | B10: =B9+1 -> 9 | C10: 8 | D10: 2021 | E10: =August!B12 -> 11654 | F10: 0.099 | G10: =August!C12 -> 515 | H10: 0.28 | I10: =August!D12 -> 36 | J10: 3.272 | K10: =August!J12 -> 36 | L10: =August!K12 -> 22
A11: Prague | B11: =B10+1 -> 10 | C11: 8 | D11: 2021 | E11: =August!B13 -> 12828 | F11: 0.099 | G11: =August!C13 -> 523 | H11: 0.28 | I11: =August!D13 -> 37 | J11: 3.272 | K11: =August!J13 -> 39 | L11: =August!K13 -> 23
A12: Prague | B12: =B11+1 -> 11 | C12: 8 | D12: 2021 | E12: =August!B14 -> 12528 | F12: 0.099 | G12: =August!C14 -> 512 | H12: 0.28 | I12: =August!D14 -> 36 | J12: 3.272 | K12: =August!J14 -> 42 | L12: =August!K14 -> 24
A13: Prague | B13: =B12+1 -> 12 | C13: 8 | D13: 2021 | E13: =August!B15 -> 12669 | F13: 0.099 | G13: =August!C15 -> 536 | H13: 0.28 | I13: =August!D15 -> 37 | J13: 3.272 | K13: =August!J15 -> 71 | L13: =August!K15 -> 37
A14: Prague | B14: =B13+1 -> 13 | C14: 8 | D14: 2021 | E14: =August!B16 -> 14766 | F14: 0.099 | G14: =August!C16 -> 488 | H14: 0.28 | I14: =August!D16 -> 48 | J14: 3.272 | K14: =August!J16 -> 81 | L14: =August!K16 -> 41
... A32: Prague | B32: =B31+1 -> 31 | C32: 8 | D32: 2021 | E32: =August!B34 -> 11411 | F32: 0.099 | G32: =August!C34 -> 689 | H32: 0.28 | I32: =August!D34 -> 42 | J32: 3.272 | K32: =August!J34 -> 81 | L32: =August!K34 -> 55

Sheet January
A1: Four Seasons Hotel Prague - Utilities Daily Consumption - JANUARY 2021
A2: DATE | B2: Electricity | C2: Gas | D2: Water | F2: Guests | G2: Room Night | H2: MTG
B3: [kWh] | C3: [m3] | D3: [m3] | F3: in house | G3: rooms | H3: rooms
A4: 1 | B4: 3636 | C4: 515 | D4: 13 | F4: 0 | G4: 0 | H4: 0
A5: 2 | B5: 4028 | C5: 755 | D5: 5 | F5: 0 | G5: 0 | H5: 0
A6: 3 | B6: 4596 | C6: 710 | D6: 5 | F6: 0 | G6: 0 | H6: 0
A7: 4 | B7: 4403 | C7: 684 | D7: 4 | F7: 0 | G7: 0 | H7: 0
A8: 5 | B8: 4260 | C8: 682 | D8: 6 | F8: 0 | G8: 0 | H8: 0
A9: 6 | B9: 4195 | C9: 690 | D9: 6 | F9: 0 | G9: 0 | H9: 0
A10: 7 | B10: 4354 | C10: 754 | D10: 4 | F10: 0 | G10: 0 | H10: 0
A11: 8 | B11: 4154 | C11: 749 | D11: 4 | F11: 0 | G11: 0 | H11: 0
A12: 9 | B12: 4132 | C12: 734 | D12: 5 | F12: 0 | G12: 0 | H12: 0
A13: 10 | B13: 4166 | C13: 751 | D13: 4 | F13: 0 | G13: 0 | H13: 0
A14: 11 | B14: 4210 | C14: 776 | D14: 4 | F14: 0 | G14: 0 | H14: 0
A15: 12 | B15: 4257 | C15: 738 | D15: 4 | F15: 0 | G15: 0 | H15: 0
... A34: 31 | B34: 4203 | C34: 825 | D34: 4 | F34: 0 | G34: 0 | H34: 0
A35: TOTAL | B35: =SUM(B4:B34) -> 128859 | C35: =SUM(C4:C34) -> 22856 | D35: =SUM(D4:D34) -> 147 | F35: =SUM(F4:F34) -> 0 | G35: =SUM(G4:G34) -> 0 | H35: =SUM(H4:H34) -> 0
A36: AVG | B36: =AVERAGE(B4:B34) -> 4156.7419 | C36: =AVERAGE(C4:C34) -> 737.29032 | D36: =AVERAGE(D4:D34) -> 4.7419355
B37: Average consumption per guest
B38: =B35/F35 -> #DIV/0! | C38: =C35/F35 -> #DIV/0! | D38: =D35/F35 -> #DIV/0!
A41: OpticLab | B41: 71841
A42: Stefano Ricci | B42: 50979

Sheet February
A1: Four Seasons Hotel Prague - Utilities Daily Consumption - FEBRUARY 2021
A2: DATE | B2: Electricity | C2: Gas | D2: Water | F2: Guests | G2: Room Night | H2: MTG
B3: [kWh] | C3: [m3] | D3: [m3] | F3: in house | G3: rooms | H3: rooms
A4: 1 | B4: 4152 | C4: 763 | D4: 4 | F4: 0 | G4: 0 | H4: 0
A5: 2 | B5: 4128 | C5: 694 | D5: 5 | F5: 0 | G5: 0 | H5: 0
A6: 3 | B6: 4099 | C6: 603 | D6: 5 | F6: 0 | G6: 0 | H6: 0
A7: 4 | B7: 4059 | C7: 659 | D7: 5 | F7: 0 | G7: 0 | H7: 0
A8: 5 | B8: 4360 | C8: 782 | D8: 4 | F8: 0 | G8: 0 | H8: 0
A9: 6 | B9: 4217 | C9: 748 | D9: 4 | F9: 0 | G9: 0 | H9: 0
A10: 7 | B10: 4344 | C10: 781 | D10: 4 | F10: 0 | G10: 0 | H10: 0
A11: 8 | B11: 4372 | C11: 842 | D11: 3 | F11: 0 | G11: 0 | H11: 0
A12: 9 | B12: 4564 | C12: 987 | D12: 25 | F12: 0 | G12: 0 | H12: 0
A13: 10 | B13: 4409 | C13: 1043 | D13: 4 | F13: 0 | G13: 0 | H13: 0
A14: 11 | B14: 4385 | C14: 992 | D14: 4 | F14: 0 | G14: 0 | H14: 0
A15: 12 | B15: 4414 | C15: 1019 | D15: 3 | F15: 0 | G15: 0 | H15: 0
... A31: 28 | B31: 4246 | C31: 811 | D31: 4 | F31: 0 | G31: 0 | H31: 0
A32: 29 | F32: 0 | G32: 0 | H32: 0
A33: 30 | F33: 0 | G33: 0 | H33: 0
A34: 31 | F34: 0 | G34: 0 | H34: 0
A35: TOTAL | B35: =SUM(B4:B34) -> 118802 | C35: =SUM(C4:C34) -> 22751 | D35: =SUM(D4:D34) -> 160 | F35: =SUM(F4:F34) -> 0 | G35: =SUM(G4:G34) -> 0 | H35: =SUM(H4:H34) -> 0
A36: AVG | B36: =AVERAGE(B4:B34) -> 4242.9286 | C36: =AVERAGE(C4:C34) -> 812.53571 | D36: =AVERAGE(D4:D34) -> 5.7142857
B37: Average consumption per guest
B38: =B35/F35 -> #DIV/0! | C38: =C35/F35 -> #DIV/0! | D38: =D35/F35 -> #DIV/0!
A41: OpticLab | B41: 71908
A42: Stefano Ricci | B42: 52852

Sheet March
A1: Four Seasons Hotel Prague - Utilities Daily Consumption - MARCH 2021
A2: DATE | B2: Electricity | C2: Gas | D2: Water | F2: Temperature °C | J2: Guests | K2: Room Night | L2: MTG
B3: [kWh] | C3: [m3] | D3: [m3] | F3: min. ČR | G3: max. ČR | H3: FSHP-max | J3: in house | K3: rooms | L3: rooms
A4: 1 | B4: 4437 | C4: 803 | D4: 4 | F4: -2 | G4: 6 | H4: 7 | J4: 0 | K4: 0 | L4: 0
A5: 2 | B5: 4924 | C5: 977 | D5: 10 | F5: -1 | G5: 3 | H5: 4 | J5: 1 | K5: 1 | L5: 0
A6: 3 | B6: 5197 | C6: 962 | D6: 10 | F6: -1 | G6: 5 | H6: 5 | J6: 3 | K6: 3 | L6: 0
A7: 4 | B7: 5001 | C7: 865 | D7: 6 | F7: -1 | G7: 15 | H7: 12 | J7: 3 | K7: 3 | L7: 0
A8: 5 | B8: 5495 | C8: 1025 | D8: 9 | F8: -3 | G8: 3 | H8: 3 | J8: 3 | K8: 3 | L8: 0
A9: 6 | B9: 4916 | C9: 949 | D9: 7 | F9: -5 | G9: 6 | H9: 6 | J9: 3 | K9: 3 | L9: 0
A10: 7 | B10: 5363 | C10: 1028 | D10: 7 | F10: -6 | G10: 7 | H10: 7 | J10: 4 | K10: 4 | L10: 0
A11: 8 | B11: 5260 | C11: 1061 | D11: 7 | F11: -4 | G11: 5 | H11: 5 | J11: 23 | K11: 22 | L11: 0
A12: 9 | B12: 5873 | C12: 1164 | D12: 16 | F12: -6 | G12: 5 | H12: 5 | J12: 23 | K12: 22 | L12: 0
A13: 10 | B13: 5424 | C13: 1041 | D13: 13 | F13: -3 | G13: 6 | H13: 6 | J13: 25 | K13: 24 | L13: 0
A14: 11 | B14: 6205 | C14: 926 | D14: 15 | F14: 0 | G14: 12 | H14: 11 | J14: 25 | K14: 24 | L14: 0
A15: 12 | B15: 5584 | C15: 1046 | D15: 12 | F15: 4 | G15: 10 | H15: 9 | J15: 25 | K15: 24 | L15: 0
... A33: 30 | B33: 6109 | C33: 721 | D33: 14 | F33: 5 | G33: 22 | H33: 22 | J33: 34 | K33: 29 | L33: 0
A34: 31 | B34: 5906 | C34: 681 | D34: 15 | H34: 23 | J34: 31 | K34: 28 | L34: 0
A35: TOTAL | B35: =SUM(B4:B34) -> 175086 | C35: =SUM(C4:C34) -> 30654 | D35: =SUM(D4:D34) -> 406 | F35: =AVERAGE(F4:F34) -> -0.23333333 | G35: =AVERAGE(G4:G34) -> 8.8 | H35: =AVERAGE(H4:H34) -> 8.9032258 | J35: =SUM(J4:J34) -> 700 | K35: =SUM(K4:K34) -> 625 | L35: =SUM(L4:L34) -> 0
A36: AVG | B36: =AVERAGE(B4:B34) -> 5647.9355 | C36: =AVERAGE(C4:C34) -> 988.83871 | D36: =AVERAGE(D4:D34) -> 13.096774
B37: Average consumption per guest
B38: =B35/J35 -> 250.12286 | C38: =C35/J35 -> 43.791429 | D38: =D35/J35 -> 0.58
A41: OpticLab | B41: 71592
A42: Stefano Ricci | B42: 54736

Sheet April
A1: Four Seasons Hotel Prague - Utilities Daily Consumption - APRIL 2021
A2: DATE | B2: Electricity | C2: Gas | D2: Water | F2: Temperature °C | J2: Guests | K2: Room Night | L2: MTG
B3: [kWh] | C3: [m3] | D3: [m3] | F3: min. ČR | G3: max. ČR | H3: FSHP-max | J3: in house | K3: rooms | L3: rooms
A4: 1 | B4: 6389 | C4: 659 | D4: 14 | F4: 6 | G4: 22 | H4: 20 | J4: 30 | K4: 27 | L4: 0
A5: 2 | B5: 6570 | C5: 910 | D5: 17 | F5: 5 | G5: 9 | H5: 9 | J5: 25 | K5: 25 | L5: 0
A6: 3 | B6: 6082 | C6: 931 | D6: 11 | F6: 3 | G6: 8 | H6: 8 | J6: 7 | K6: 3 | L6: 0
A7: 4 | B7: 5710 | C7: 852 | D7: 6 | F7: -2 | G7: 11 | H7: 12 | J7: 5 | K7: 2 | L7: 0
A8: 5 | B8: 5693 | C8: 990 | D8: 6 | F8: -2 | G8: 12 | H8: 12 | J8: 0 | K8: 0 | L8: 0
A9: 6 | B9: 5964 | C9: 1172 | D9: 9 | F9: -3 | G9: 5 | H9: 5 | J9: 0 | K9: 0 | L9: 0
A10: 7 | B10: 5517 | C10: 1109 | D10: 8 | F10: -2 | G10: 6 | H10: 6 | J10: 0 | K10: 0 | L10: 0
A11: 8 | B11: 5391 | C11: 948 | D11: 7 | F11: 0 | G11: 7 | H11: 7 | J11: 0 | K11: 0 | L11: 0
A12: 9 | B12: 5418 | C12: 652 | D12: 8 | F12: -1 | G12: 15 | H12: 15 | J12: 0 | K12: 0 | L12: 0
A13: 10 | B13: 4893 | C13: 504 | D13: 7 | F13: 5 | G13: 14 | H13: 14 | J13: 0 | K13: 0 | L13: 0
A14: 11 | B14: 4055 | C14: 487 | D14: 6 | F14: 3 | G14: 19 | H14: 18 | J14: 0 | K14: 0 | L14: 0
A15: 12 | B15: 4658 | C15: 844 | D15: 6 | F15: 2 | G15: 12 | H15: 14 | J15: 1 | K15: 1 | L15: 0
... A33: 30 | B33: 5530 | C33: 518 | D33: 15 | F33: 7 | G33: 18 | H33: 18 | J33: 14 | K33: 8 | L33: 0
A35: TOTAL | B35: =SUM(B4:B34) -> 151399 | C35: =SUM(C4:C34) -> 22341 | D35: =SUM(D4:D34) -> 261 | F35: =AVERAGE(F4:F34) -> 2.1666667 | G35: =AVERAGE(G4:G34) -> 11.866667 | H35: =AVERAGE(H4:H34) -> 12.166667 | J35: =SUM(J4:J34) -> 149 | K35: =SUM(K4:K34) -> 124 | L35: =SUM(L4:L34) -> 0
A36: AVG | B36: =AVERAGE(B4:B34) -> 5046.6333 | C36: =AVERAGE(C4:C34) -> 744.7 | D36: =AVERAGE(D4:D34) -> 8.7
B37: Average consumption per guest
B38: =B35/J35 -> 1016.1007 | C38: =C35/J35 -> 149.9396 | D38: =D35/J35 -> 1.7516779
A41: OpticLab | B41: 72046
A42: Stefano Ricci | B42: 56648

Sheet May
A1: Four Seasons Hotel Prague - Utilities Daily Consumption - MAY 2021
A2: DATE | B2: Electricity | C2: Gas | D2: Water | F2: Temperature °C | J2: Guests | K2: Room Night | L2: MTG
B3: [kWh] | C3: [m3] | D3: [m3] | F3: min. ČR | G3: max. ČR | H3: FSHP-max | J3: in house | K3: rooms | L3: rooms
A4: 1 | B4: 5098 | C4: 515 | D4: 12 | F4: 7 | G4: 13 | H4: 15 | J4: 13 | K4: 8 | L4: 0
A5: 2 | B5: 5195 | C5: 598 | D5: 10 | F5: 4 | G5: 11 | H5: 11 | J5: 7 | K5: 4 | L5: 0
A6: 3 | B6: 5855 | C6: 634 | D6: 10 | F6: 2 | G6: 13 | H6: 12 | J6: 6 | K6: 3 | L6: 0
A7: 4 | B7: 5722 | C7: 506 | D7: 12 | F7: 4 | G7: 18 | H7: 13 | J7: 6 | K7: 3 | L7: 0
A8: 5 | B8: 5373 | C8: 572 | D8: 12 | F8: 4 | G8: 14 | H8: 15 | J8: 7 | K8: 4 | L8: 0
A9: 6 | B9: 5233 | C9: 555 | D9: 11 | F9: 4 | G9: 13 | H9: 12 | J9: 5 | K9: 3 | L9: 0
A10: 7 | B10: 5647 | C10: 626 | D10: 11 | F10: 3 | G10: 11 | H10: 11 | J10: 2 | K10: 1 | L10: 0
A11: 8 | B11: 5130 | C11: 542 | D11: 10 | F11: 2 | G11: 16 | H11: 17 | J11: 0 | K11: 0 | L11: 0
A12: 9 | B12: 4907 | C12: 347 | D12: 5 | F12: 6 | G12: 26 | H12: 26 | J12: 0 | K12: 0 | L12: 0
A13: 10 | B13: 5803 | C13: 353 | D13: 12 | F13: 10 | G13: 29 | H13: 30 | J13: 0 | K13: 0 | L13: 0
A14: 11 | B14: 5330 | C14: 329 | D14: 13 | F14: 12 | G14: 28 | H14: 29 | J14: 2 | K14: 1 | L14: 0
A15: 12 | B15: 6032 | C15: 388 | D15: 13 | F15: 12 | G15: 17 | H15: 21 | J15: 0 | K15: 0 | L15: 0
... A34: 31 | B34: 6621 | C34: 506 | D34: 25 | F34: 4 | G34: 19 | H34: 20 | J34: 8 | K34: 6 | L34: 0
A35: TOTAL | B35: =SUM(B4:B34) -> 192993 | C35: =SUM(C4:C34) -> 15783 | D35: =SUM(D4:D34) -> 564 | F35: =AVERAGE(F4:F34) -> 6.483871 | G35: =AVERAGE(G4:G34) -> 16.709677 | H35: =AVERAGE(H4:H34) -> 16.870968 | J35: =SUM(J4:J34) -> 311 | K35: =SUM(K4:K34) -> 237 | L35: =SUM(L4:L34) -> 4
A36: AVG | B36: =AVERAGE(B4:B34) -> 6225.5806 | C36: =AVERAGE(C4:C34) -> 509.12903 | D36: =AVERAGE(D4:D34) -> 18.193548
B37: Average consumption per guest
B38: =B35/J35 -> 620.55627 | C38: =C35/J35 -> 50.749196 | D38: =D35/J35 -> 1.8135048
A41: OpticLab | B41: 72126
A42: Stefano Ricci | B42: 59461

Sheet June
A1: Four Seasons Hotel Prague - Utilities Daily Consumption - JUNE 2021
A2: DATE | B2: Electricity | C2: Gas | D2: Water | F2: Temperature °C | J2: Guests | K2: Room Night | L2: MTG
B3: [kWh] | C3: [m3] | D3: [m3] | F3: min. ČR | G3: max. ČR | H3: FSHP-max | J3: in house | K3: rooms | L3: rooms
A4: 1 | B4: 7804 | C4: 504 | D4: 36 | F4: 5 | G4: 22 | H4: 22 | J4: 20 | K4: 15 | L4: 0
A5: 2 | B5: 8232 | C5: 458 | D5: 35 | F5: 8 | G5: 23 | H5: 25 | J5: 22 | K5: 16 | L5: 0
A6: 3 | B6: 10269 | C6: 448 | D6: 31 | F6: 10 | G6: 25 | H6: 26 | J6: 16 | K6: 13 | L6: 0
A7: 4 | B7: 11864 | C7: 490 | D7: 40 | F7: 12 | G7: 28 | H7: 29 | J7: 35 | K7: 25 | L7: 0
A8: 5 | B8: 12362 | C8: 552 | D8: 48 | F8: 17 | G8: 27 | H8: 27 | J8: 31 | K8: 24 | L8: 0
A9: 6 | B9: 11990 | C9: 462 | D9: 29 | F9: 15 | G9: 25 | H9: 26 | J9: 30 | K9: 25 | L9: 0
A10: 7 | B10: 11665 | C10: 567 | D10: 24 | F10: 13 | G10: 26 | H10: 29 | J10: 32 | K10: 29 | L10: 0
A11: 8 | B11: 11889 | C11: 367 | D11: 35 | F11: 13 | G11: 26 | H11: 27 | J11: 33 | K11: 29 | L11: 1
A12: 9 | B12: 11839 | C12: 487 | D12: 29 | F12: 13 | G12: 22 | H12: 23 | J12: 33 | K12: 27 | L12: 0
A13: 10 | B13: 11710 | C13: 507 | D13: 38 | F13: 11 | G13: 27 | H13: 25 | J13: 35 | K13: 27 | L13: 0
A14: 11 | B14: 12076 | C14: 473 | D14: 36 | F14: 13 | G14: 26 | H14: 25 | J14: 35 | K14: 28 | L14: 0
A15: 12 | B15: 11618 | C15: 454 | D15: 32 | F15: 14 | G15: 26 | H15: 25 | J15: 22 | K15: 21 | L15: 0
... A26: 23 | B26: 13205 | C26: 503 | D26: 48 | F26: 16 | G26: 22 | H26: 22 | J26: 69 | K26: 57 | L26: 0
A27: 24 | B27: 13979 | C27: 458 | D27: 51 | F27: 16 | G27: 25 | H27: 25
A28: 25 | B28: 13122 | C28: 521 | D28: 50 | F28: 16.1 | G28: 23.1 | H28: 23
A29: 26 | B29: 13205 | C29: 491 | D29: 48 | F29: 15.9 | G29: 27 | H29: 27
A30: 27 | B30: 13424 | C30: 468 | D30: 44 | F30: 13.3 | G30: 24.8 | H30: 25
A31: 28 | B31: 14677 | C31: 463 | D31: 51 | F31: 14.4 | G31: 27 | H31: 27
A32: 29 | B32: 15697 | C32: 445 | D32: 55 | F32: 15.9 | G32: 27 | H32: 27
A33: 30 | B33: 12944 | C33: 1080 | D33: 46 | F33: 14.5 | G33: 21.7 | H33: 22
A35: TOTAL | B35: =SUM(B4:B34) -> 382488 | C35: =SUM(C4:C34) -> 14596 | D35: =SUM(D4:D34) -> 1252 | F35: =AVERAGE(F4:F34) -> 13.836667 | G35: =AVERAGE(G4:G34) -> 26.086667 | H35: =AVERAGE(H4:H34) -> 26.466667 | J35: =SUM(J4:J34) -> 915 | K35: =SUM(K4:K34) -> 741 | L35: =SUM(L4:L34) -> 1
A36: AVG | B36: =AVERAGE(B4:B34) -> 12749.6 | C36: =AVERAGE(C4:C34) -> 486.53333 | D36: =AVERAGE(D4:D34) -> 41.733333
B37: Average consumption per guest
B38: =B35/J35 -> 418.01967 | C38: =C35/J35 -> 15.951913 | D38: =D35/J35 -> 1.368306
A41: OpticLab | B41: 72237
A42: Stefano Ricci | B42: 62662

Sheet July
A1: Four Seasons Hotel Prague - Utilities Daily Consumption - JULY 2021
A2: DATE | B2: Electricity | C2: Gas | D2: Water | F2: Temperature °C | J2: Guests | K2: Room Night | L2: MTG
B3: [kWh] | C3: [m3] | D3: [m3] | F3: min. ČR | G3: max. ČR | H3: FSHP-max | J3: in house | K3: rooms | L3: rooms
A4: 1 | B4: 10012 | C4: 400 | D4: 48 | F4: 13 | G4: 21 | H4: 20 | J4: 66 | K4: 48 | L4: 0
A5: 2 | B5: 12176 | C5: 424 | D5: 57 | F5: 13 | G5: 16 | H5: 7 | J5: 79 | K5: 59 | L5: 0
A6: 3 | B6: 12570 | C6: 524 | D6: 46 | F6: 12 | G6: 25 | H6: 24 | L6: 0
A7: 4 | B7: 12918 | C7: 504 | D7: 50 | F7: 12 | G7: 26 | H7: 27 | L7: 0
A8: 5 | B8: 13079 | C8: 495 | D8: 42 | F8: 16 | G8: 24 | H8: 25 | L8: 0
A9: 6 | B9: 14059 | C9: 464 | D9: 59 | F9: 15 | G9: 30 | H9: 31 | L9: 0
A10: 7 | B10: 13542 | C10: 481 | D10: 41 | F10: 16 | G10: 23 | H10: 24 | L10: 0
A11: 8 | B11: 13308 | C11: 477 | D11: 46 | F11: 16 | G11: 23 | H11: 24 | L11: 1
A12: 9 | B12: 13069 | C12: 491 | D12: 47 | F12: 13 | G12: 24 | H12: 24 | L12: 1
A13: 10 | B13: 12608 | C13: 523 | D13: 54 | F13: 12 | G13: 25 | H13: 27 | L13: 1
A14: 11 | B14: 12491 | C14: 492 | D14: 44 | F14: 15 | G14: 26 | H14: 26 | L14: 1
A15: 12 | B15: 12608 | C15: 473 | D15: 48 | F15: 14 | G15: 25 | H15: 26 | J15: 56 | K15: 45 | L15: 1
A16: 13 | B16: 15153 | C16: 473 | D16: 58 | F16: 15 | G16: 30 | H16: 30 | J16: 68 | K16: 57 | L16: 1
A17: 14 | B17: 13306 | C17: 504 | D17: 48 | F17: 15 | G17: 24 | H17: 24 | J17: 72 | K17: 58 | L17: 1
A18: 15 | B18: 13163 | C18: 536 | D18: 51 | F18: 14 | G18: 24 | H18: 25 | J18: 59 | K18: 45 | L18: 1
A19: 16 | B19: 14519 | C19: 470 | D19: 55 | F19: 13 | G19: 27 | H19: 27 | J19: 61 | K19: 46 | L19: 1
A20: 17 | B20: 15485 | C20: 490 | D20: 44 | F20: 19 | G20: 24 | H20: 24 | J20: 74 | K20: 54 | L20: 1
A21: 18 | B21: 14967 | C21: 471 | D21: 49 | F21: 17 | G21: 25 | H21: 26 | J21: 60 | K21: 46 | L21: 1
A22: 19 | B22: 13038 | C22: 481 | D22: 35 | F22: 12 | G22: 23 | H22: 23 | J22: 43 | K22: 35 | L22: 1
A23: 20 | B23: 11712 | C23: 509 | D23: 42 | F23: 10 | G23: 20 | H23: 21 | J23: 42 | K23: 30 | L23: 1
A24: 21 | B24: 12359 | C24: 491 | D24: 42 | F24: 11 | G24: 23 | H24: 23 | J24: 57 | K24: 40 | L24: 1
A25: 22 | B25: 13096 | C25: 481 | D25: 47 | F25: 13 | G25: 25 | H25: 25 | J25: 65 | K25: 44 | L25: 0
A26: 23 | B26: 14122 | C26: 465 | D26: 43 | F26: 14 | G26: 28 | H26: 29 | J26: 54 | K26: 33 | L26: 0
... A34: 31 | B34: 14125 | C34: 429 | D34: 44 | F34: 18 | G34: 26 | H34: 26 | J34: 42 | K34: 24 | L34: 0
A35: TOTAL | B35: =SUM(B4:B34) -> 417819 | C35: =SUM(C4:C34) -> 14492 | D35: =SUM(D4:D34) -> 1444 | F35: =AVERAGE(F4:F34) -> 14.419355 | G35: =AVERAGE(G4:G34) -> 25.129032 | H35: =AVERAGE(H4:H34) -> 25.290323 | J35: =SUM(J4:J34) -> 1138 | K35: =SUM(K4:K34) -> 798 | L35: 0
A36: AVG | B36: =AVERAGE(B4:B34) -> 13478.032 | C36: =AVERAGE(C4:C34) -> 467.48387 | D36: =AVERAGE(D4:D34) -> 46.580645
B37: Average consumption per guest
B38: =B35/J35 -> 367.15202 | C38: =C35/J35 -> 12.734622 | D38: =D35/J35 -> 1.2688928
A41: OpticLab | B41: 72340
A42: Stefano Ricci | B42: 66213

Sheet August
A1: Four Seasons Hotel Prague - Utilities Daily Consumption - August 2021
A2: DATE | B2: Electricity | C2: Gas | D2: Water | F2: Temperature °C | J2: Guests | K2: Room Night | L2: MTG
B3: [kWh] | C3: [m3] | D3: [m3] | F3: min. ČR | G3: max. ČR | H3: FSHP-max | J3: in house | K3: rooms | L3: rooms
A4: 1 | B4: 11716 | C4: 472 | D4: 36 | F4: 13 | G4: 19 | H4: 20 | J4: 39 | K4: 23 | L4: 1
A5: 2 | B5: 11878 | C5: 588 | D5: 53 | F5: 12 | G5: 22 | H5: 18 | J5: 62 | K5: 39 | L5: 1
A6: 3 | B6: 12461 | C6: 599 | D6: 52 | F6: 12 | G6: 24 | H6: 24 | J6: 105 | K6: 62 | L6: 1
A7: 4 | B7: 12004 | C7: 560 | D7: 58 | F7: 14 | G7: 22 | H7: 21 | J7: 121 | K7: 63 | L7: 0
A8: 5 | B8: 11218 | C8: 578 | D8: 55 | F8: 13 | G8: 19 | H8: 19 | J8: 63 | K8: 41 | L8: 0
A9: 6 | B9: 11801 | C9: 527 | D9: 46 | F9: 12 | G9: 24 | H9: 23 | J9: 73 | K9: 42 | L9: 0
A10: 7 | B10: 12082 | C10: 518 | D10: 39 | F10: 14 | G10: 26 | H10: 26 | J10: 62 | K10: 31 | L10: 0
A11: 8 | B11: 10917 | C11: 546 | D11: 43 | F11: 14 | G11: 25 | H11: 24 | J11: 47 | K11: 27 | L11: 0
A12: 9 | B12: 11654 | C12: 515 | D12: 36 | F12: 12 | G12: 25 | H12: 26 | J12: 36 | K12: 22 | L12: 0
A13: 10 | B13: 12828 | C13: 523 | D13: 37 | F13: 13 | G13: 27 | H13: 26 | J13: 39 | K13: 23 | L13: 0
A14: 11 | B14: 12528 | C14: 512 | D14: 36 | F14: 14 | G14: 25 | H14: 25 | J14: 42 | K14: 24 | L14: 0
A15: 12 | B15: 12669 | C15: 536 | D15: 37 | F15: 13 | G15: 26 | H15: 26 | J15: 71 | K15: 37 | L15: 0
... A33: 30 | B33: 11723 | C33: 701 | D33: 53 | F33: 9 | G33: 20 | H33: 20 | J33: 91 | K33: 58 | L33: 1
A34: 31 | B34: 11411 | C34: 689 | D34: 42 | H34: 16 | J34: 81 | K34: 55 | L34: 1
A35: TOTAL | B35: =SUM(B4:B34) -> 381003 | C35: =SUM(C4:C34) -> 17505 | D35: =SUM(D4:D34) -> 1433 | F35: =AVERAGE(F4:F34) -> 12.5 | G35: =AVERAGE(G4:G34) -> 22.9 | H35: =AVERAGE(H4:H34) -> 22.83871 | J35: =SUM(J4:J34) -> 2092 | K35: =SUM(K4:K34) -> 1179 | L35: =SUM(L4:L34) -> 5
A36: AVG | B36: =AVERAGE(B4:B34) -> 12290.419 | C36: =AVERAGE(C4:C34) -> 564.67742 | D36: =AVERAGE(D4:D34) -> 46.225806
B37: Average consumption per guest
B38: =B35/J35 -> 182.1238 | C38: =C35/J35 -> 8.3675908 | D38: =D35/J35 -> 0.68499044
A41: Kremosyn | B41: 72431
A42: Stefano Ricci | B42: 69466
