Workbook

Sheet TOTAL
A1: Site Name | B1: Day | C1: Month | D1: Year | E1: Total Electricity Kwh | F1: Peak hour Kwh | G1: Low Peak Hour Kwh | H1: Electricity Tariff ($/Kwh) | I1: Electricity Total Tariff (Rupiah) | J1: Natual Gas (m3) | K1: Natural Gas $/m3 | L1: Water Utility Supply (m3) m3 | M1: Water Utility Supply (m3) $/m3 | N1: Room Nights | O1: Total Guests | P1: Utilities day cost dh
A2: Jakarta | B2: 1 | C2: 8 | D2: 2021 | E2: =Electricity!H6 -> 7672 | F2: =+Electricity!F6 -> 2744 | G2: =+Electricity!G6 -> 4928 | H2: 1035.78 | I2: =+Electricity!O6 -> 9648622.1 | J2: =Gas!D5 -> 21.43 | K2: 5362 | L2: =Water!C5 -> 171.22 | M2: 12500 | N2: =Electricity!C6 -> 15 | O2: =Electricity!D6 -> 132 | P2: =E2*H2+J2*K2+#REF!*#REF!+L2*M2 -> #REF!
A3: Jakarta | B3: =B2+1 -> 2 | C3: 8 | D3: 2021 | E3: =Electricity!H7 -> 16470 | F3: =+Electricity!F7 -> 2866 | G3: =+Electricity!G7 -> 13604 | H3: 1035.78 | I3: =+Electricity!O7 -> 19099876 | J3: =Gas!D6 -> 35.44 | K3: 5362 | L3: =Water!C6 -> 118.8 | M3: 12500 | N3: =Electricity!C7 -> 16 | O3: =Electricity!D7 -> 102 | P3: =E3*H3+J3*K3+#REF!*#REF!+L3*M3 -> #REF!
A4: Jakarta | B4: =B3+1 -> 3 | C4: 8 | D4: 2021 | E4: =Electricity!H8 -> 19276 | F4: =+Electricity!F8 -> 3602 | G4: =+Electricity!G8 -> 15674 | H4: 1035.78 | I4: =+Electricity!O8 -> 22486069 | J4: =Gas!D7 -> 71.17 | K4: 5362 | L4: =Water!C7 -> 81.2 | M4: 12500 | N4: =Electricity!C8 -> 36 | O4: =Electricity!D8 -> 250 | P4: =E4*H4+J4*K4+#REF!*#REF!+L4*M4 -> #REF!
A5: Jakarta | B5: =B4+1 -> 4 | C5: 8 | D5: 2021 | E5: =Electricity!H9 -> 20504 | F5: =+Electricity!F9 -> 3478 | G5: =+Electricity!G9 -> 17026 | H5: 1035.78 | I5: =+Electricity!O9 -> 23730020 | J5: =Gas!D8 -> 73.21 | K5: 5362 | L5: =Water!C8 -> 135.56 | M5: 12500 | N5: =Electricity!C9 -> 31 | O5: =Electricity!D9 -> 257 | P5: =E5*H5+J5*K5+#REF!*#REF!+L5*M5 -> #REF!
A6: Jakarta | B6: =B5+1 -> 5 | C6: 8 | D6: 2021 | E6: =Electricity!H10 -> 18566 | F6: =+Electricity!F10 -> 3292 | G6: =+Electricity!G10 -> 15274 | H6: 1035.78 | I6: =+Electricity!O10 -> 21563241 | J6: =Gas!D9 -> 85.93 | K6: 5362 | L6: =Water!C9 -> 114.9 | M6: 12500 | N6: =Electricity!C10 -> 71 | O6: =Electricity!D10 -> 305 | P6: =E6*H6+J6*K6+#REF!*#REF!+L6*M6 -> #REF!
A7: Jakarta | B7: =B6+1 -> 6 | C7: 8 | D7: 2021 | E7: =Electricity!H11 -> 19254 | F7: =+Electricity!F11 -> 3100 | G7: =+Electricity!G11 -> 16154 | H7: 1035.78 | I7: =+Electricity!O11 -> 22194818 | J7: =Gas!D10 -> 70.13 | K7: 5362 | L7: =Water!C10 -> 94.42 | M7: 12500 | N7: =Electricity!C11 -> 63 | O7: =Electricity!D11 -> 597 | P7: =E7*H7+J7*K7+#REF!*#REF!+L7*M7 -> #REF!
A8: Jakarta | B8: =B7+1 -> 7 | C8: 8 | D8: 2021 | E8: =Electricity!H12 -> 17400 | F8: =+Electricity!F12 -> 2972 | G8: =+Electricity!G12 -> 14428 | H8: 1035.78 | I8: =+Electricity!O12 -> 20148593 | J8: =Gas!D11 -> 22.66 | K8: 5362 | L8: =Water!C11 -> 148.44 | M8: 12500 | N8: =Electricity!C12 -> 49 | O8: =Electricity!D12 -> 350 | P8: =E8*H8+J8*K8+#REF!*#REF!+L8*M8 -> #REF!
A9: Jakarta | B9: =B8+1 -> 8 | C9: 8 | D9: 2021 | E9: =Electricity!H13 -> 17440 | F9: =+Electricity!F13 -> 2948 | G9: =+Electricity!G13 -> 14492 | H9: 1035.78 | I9: =+Electricity!O13 -> 20178465 | J9: =Gas!D12 -> 29.86 | K9: 5362 | L9: =Water!C12 -> 118.58 | M9: 12500 | N9: =Electricity!C13 -> 30 | O9: =Electricity!D13 -> 256 | P9: =E9*H9+J9*K9+#REF!*#REF!+L9*M9 -> #REF!
A10: Jakarta | B10: =B9+1 -> 9 | C10: 8 | D10: 2021 | E10: =Electricity!H14 -> 16786 | F10: =+Electricity!F14 -> 2994 | G10: =+Electricity!G14 -> 13792 | H10: 1035.78 | I10: =+Electricity!O14 -> 19505281 | J10: =Gas!D13 -> 26.3 | K10: 5362 | L10: =Water!C13 -> 112.4 | M10: 12500 | N10: =Electricity!C14 -> 20 | O10: =Electricity!D14 -> 136 | P10: =E10*H10+J10*K10+#REF!*#REF!+L10*M10 -> #REF!
A11: Jakarta | B11: =B10+1 -> 10 | C11: 8 | D11: 2021 | E11: =Electricity!H15 -> 16152 | F11: =+Electricity!F15 -> 4064 | G11: =+Electricity!G15 -> 12088 | H11: 1035.78 | I11: =+Electricity!O15 -> 19399662 | J11: =Gas!D14 -> 29 | K11: 5362 | L11: =Water!C14 -> 143.74 | M11: 12500 | N11: =Electricity!C15 -> 22 | O11: =Electricity!D15 -> 148 | P11: =E11*H11+J11*K11+#REF!*#REF!+L11*M11 -> #REF!
A12: Jakarta | B12: =B11+1 -> 11 | C12: 8 | D12: 2021 | E12: =Electricity!H16 -> 16028 | F12: =+Electricity!F16 -> 2812 | G12: =+Electricity!G16 -> 13216 | H12: 1035.78 | I12: =+Electricity!O16 -> 18599522 | J12: =Gas!D15 -> 19.71 | K12: 5362 | L12: =Water!C15 -> 85.6 | M12: 12500 | N12: =Electricity!C16 -> 16 | O12: =Electricity!D16 -> 102 | P12: =E12*H12+J12*K12+#REF!*#REF!+L12*M12 -> #REF!
A13: Jakarta | B13: =B12+1 -> 12 | C13: 8 | D13: 2021 | E13: =Electricity!H17 -> 16218 | F13: =+Electricity!F17 -> 2864 | G13: =+Electricity!G17 -> 13354 | H13: 1035.78 | I13: =+Electricity!O17 -> 18829963 | J13: =Gas!D16 -> 35.23 | K13: 5362 | L13: =Water!C16 -> 110.28 | M13: 12500 | N13: =Electricity!C17 -> 23 | O13: =Electricity!D17 -> 116 | P13: =E13*H13+J13*K13+#REF!*#REF!+L13*M13 -> #REF!
A14: Jakarta | B14: =B13+1 -> 13 | C14: 8 | D14: 2021 | E14: =Electricity!H18 -> 16380 | F14: =+Electricity!F18 -> 2810 | G14: =+Electricity!G18 -> 13570 | H14: 1035.78 | I14: =+Electricity!O18 -> 18973988 | J14: =Gas!D17 -> 14.82 | K14: 5362 | L14: =Water!C17 -> 121.16 | M14: 12500 | N14: =Electricity!C18 -> 32 | O14: =Electricity!D18 -> 149 | P14: =E14*H14+J14*K14+#REF!*#REF!+L14*M14 -> #REF!
... A30: Jakarta | B30: =B29+1 -> 29 | C30: 8 | D30: 2021 | E30: =Electricity!H34 -> 17396 | F30: =+Electricity!F34 -> 3092 | G30: =+Electricity!G34 -> 14304 | H30: 1035.78 | I30: =+Electricity!O34 -> 20208337 | J30: =Gas!D33 -> 11.48 | K30: 5362 | L30: =Water!C33 -> 142.88 | M30: 12500 | N30: =Electricity!C34 -> 37 | O30: =Electricity!D34 -> 223 | P30: =E30*H30+J30*K30+#REF!*#REF!+L30*M30 -> #REF!
A31: Jakarta | B31: =B30+1 -> 30 | C31: 8 | D31: 2021 | E31: =Electricity!H35 -> 19126 | F31: =+Electricity!F35 -> 3210 | G31: =+Electricity!G35 -> 15916 | H31: 1035.79 | I31: =+Electricity!O35 -> 22116938 | J31: =Gas!D34 -> 59.79 | K31: 5363 | L31: =Water!C34 -> 114.02 | M31: 12501 | N31: =Electricity!C35 -> 39 | O31: =Electricity!D35 -> 310
A32: Jakarta | B32: =B31+1 -> 31 | C32: 8 | D32: 2021 | E32: =Electricity!H36 -> 17685 | F32: =+Electricity!F36 -> 3120 | G32: =+Electricity!G36 -> 14565 | H32: 1035.78 | I32: =+Electricity!O36 -> 20531594 | J32: =Gas!D34 -> 59.79 | K32: 5362 | L32: =Water!C34 -> 114.02 | M32: 12500 | N32: =Electricity!C36 -> 19 | O32: =Electricity!D36 -> 137
P33: =E33*H33+J33*K33+#REF!*#REF!+L33*M33 -> #REF!

Sheet Electricity
B1: Electricity Distribution 2021
B2: Date | E2: Cost per kWh in Rupiah ( Rp) | F2: HOTEL DAILY ELECTRICITY METER
F3: Peak Hour | G3: Low Peak Hour | H3: Total Metering | I3: Sub Metering | K3: Total Cost | N3: Tax for public service3% | O3: TOTAL BILL
F4: ( 17:01-22:00) | G4: ( 22:01 -17:00) | H4: 24 Hour | I4: Chiller | J4: Other | K4: Peak Hour | L4: Low Peak Hour | M4: Total (Rp)
C5: Room Nights | D5: Total Guests | E5: 1035.78 | F5: kWh | G5: kWh | H5: kWh | I5: kWh | J5: kWh | K5: Rupiah | L5: Rupiah | M5: Rupiah | N5: Rupiah | O5: Rupiah
B6: 44409 | C6: 15 | D6: 132 | E6: 1035.78 | F6: 2744 | G6: 4928 | H6: =G6+F6 -> 7672 | I6: 6320 | J6: =+H6-I6 -> 1352 | K6: =F6*1.5*E6 -> 4263270.5 | L6: =G6*E6 -> 5104323.8 | M6: =L6+K6 -> 9367594.3 | N6: =M6*0.03 -> 281027.83 | O6: =M6+N6 -> 9648622.1
B7: 44410 | C7: 16 | D7: 102 | E7: 1035.78 | F7: 2866 | G7: 13604 | H7: =G7+F7 -> 16470 | I7: 6291 | J7: =+H7-I7 -> 10179 | K7: =F7*1.5*E7 -> 4452818.2 | L7: =G7*E7 -> 14090751 | M7: =L7+K7 -> 18543569 | N7: =M7*0.03 -> 556307.08 | O7: =M7+N7 -> 19099876
B8: 44411 | C8: 36 | D8: 250 | E8: 1035.78 | F8: 3602 | G8: 15674 | H8: =G8+F8 -> 19276 | I8: 7647 | J8: =+H8-I8 -> 11629 | K8: =F8*1.5*E8 -> 5596319.3 | L8: =G8*E8 -> 16234816 | M8: =L8+K8 -> 21831135 | N8: =M8*0.03 -> 654934.05 | O8: =M8+N8 -> 22486069
B9: 44412 | C9: 31 | D9: 257 | E9: 1035.78 | F9: 3478 | G9: 17026 | H9: =G9+F9 -> 20504 | I9: 8262 | J9: =+H9-I9 -> 12242 | K9: =F9*1.5*E9 -> 5403664.3 | L9: =G9*E9 -> 17635190 | M9: =L9+K9 -> 23038855 | N9: =M9*0.03 -> 691165.64 | O9: =M9+N9 -> 23730020
B10: 44413 | C10: 71 | D10: 305 | E10: 1035.78 | F10: 3292 | G10: 15274 | H10: =G10+F10 -> 18566 | I10: 7155 | J10: =+H10-I10 -> 11411 | K10: =F10*1.5*E10 -> 5114681.6 | L10: =G10*E10 -> 15820504 | M10: =L10+K10 -> 20935185 | N10: =M10*0.03 -> 628055.56 | O10: =M10+N10 -> 21563241
B11: 44414 | C11: 63 | D11: 597 | E11: 1035.78 | F11: 3100 | G11: 16154 | H11: =G11+F11 -> 19254 | I11: 7442 | J11: =+H11-I11 -> 11812 | K11: =F11*1.5*E11 -> 4816377 | L11: =G11*E11 -> 16731990 | M11: =L11+K11 -> 21548367 | N11: =M11*0.03 -> 646451.01 | O11: =M11+N11 -> 22194818
B12: 44415 | C12: 49 | D12: 350 | E12: 1035.78 | F12: 2972 | G12: 14428 | H12: =G12+F12 -> 17400 | I12: 6843 | J12: =+H12-I12 -> 10557 | K12: =F12*1.5*E12 -> 4617507.2 | L12: =G12*E12 -> 14944234 | M12: =L12+K12 -> 19561741 | N12: =M12*0.03 -> 586852.23 | O12: =M12+N12 -> 20148593
B13: 44416 | C13: 30 | D13: 256 | E13: 1035.78 | F13: 2948 | G13: 14492 | H13: =G13+F13 -> 17440 | I13: 7101 | J13: =+H13-I13 -> 10339 | K13: =F13*1.5*E13 -> 4580219.2 | L13: =G13*E13 -> 15010524 | M13: =L13+K13 -> 19590743 | N13: =M13*0.03 -> 587722.29 | O13: =M13+N13 -> 20178465
B14: 44417 | C14: 20 | D14: 136 | E14: 1035.78 | F14: 2994 | G14: 13792 | H14: =G14+F14 -> 16786 | I14: 6624 | J14: =+H14-I14 -> 10162 | K14: =F14*1.5*E14 -> 4651688 | L14: =G14*E14 -> 14285478 | M14: =L14+K14 -> 18937166 | N14: =M14*0.03 -> 568114.97 | O14: =M14+N14 -> 19505281
B15: 44418 | C15: 22 | D15: 148 | E15: 1035.78 | F15: 4064 | G15: 12088 | H15: =G15+F15 -> 16152 | I15: 6465 | J15: =+H15-I15 -> 9687 | K15: =F15*1.5*E15 -> 6314114.9 | L15: =G15*E15 -> 12520509 | M15: =L15+K15 -> 18834624 | N15: =M15*0.03 -> 565038.71 | O15: =M15+N15 -> 19399662
B16: 44419 | C16: 16 | D16: 102 | E16: 1035.78 | F16: 2812 | G16: 13216 | H16: =G16+F16 -> 16028 | I16: 6128 | J16: =+H16-I16 -> 9900 | K16: =F16*1.5*E16 -> 4368920 | L16: =G16*E16 -> 13688868 | M16: =L16+K16 -> 18057789 | N16: =M16*0.03 -> 541733.66 | O16: =M16+N16 -> 18599522
B17: 44420 | C17: 23 | D17: 116 | E17: 1035.78 | F17: 2864 | G17: 13354 | H17: =G17+F17 -> 16218 | I17: 6157 | J17: =+H17-I17 -> 10061 | K17: =F17*1.5*E17 -> 4449710.9 | L17: =G17*E17 -> 13831806 | M17: =L17+K17 -> 18281517 | N17: =M17*0.03 -> 548445.51 | O17: =M17+N17 -> 18829963
... B36: 44439 | C36: 19 | D36: 137 | E36: 1035.78 | F36: 3120 | G36: 14565 | H36: =G36+F36 -> 17685 | I36: 6894 | J36: =+H36-I36 -> 10791 | K36: =F36*1.5*E36 -> 4847450.4 | L36: =G36*E36 -> 15086136 | M36: =L36+K36 -> 19933586 | N36: =M36*0.03 -> 598007.58 | O36: =M36+N36 -> 20531594
D37: =SUM(D6:D36) -> 6410 | E37: Hotel | F37: =SUM(F6:F36) -> 93747 | G37: =SUM(G6:G36) -> 428854 | H37: =SUM(H6:H36) -> 522601 | I37: =SUM(I6:I36) -> 210114 | J37: =SUM(J6:J36) -> 312487 | K37: =SUM(K6:K36) -> 1.456519e+08 | L37: =SUM(L6:L36) -> 4.441984e+08 | M37: =SUM(M6:M36) -> 5.898503e+08 | ... O37: =SUM(O6:O36) -> 6.0754581e+08

Sheet Water
B1: WATER METER READING
B3: Date | C3: Total Metering | D3: Sub metering
C4: m3 | D4: Clean water Level 22 | E4: CW Public Area | F4: Recycle Water share 20% | G4: Recycle Water
B5: 44409 | C5: 171.22 | D5: 10.7 | E5: 139.9 | F5: 20.62 | G5: 103.1
B6: 44410 | C6: 118.8 | D6: 11 | E6: 96.4 | F6: 11.4 | G6: 57
B7: 44411 | C7: 81.2 | D7: 13.9 | E7: 57.7 | F7: 9.6 | G7: 48
B8: 44412 | C8: 135.56 | D8: 8.6 | E8: 107.2 | F8: 19.76 | G8: 98.8
B9: 44413 | C9: 114.9 | D9: 16.9 | E9: 85.1 | F9: 12.9 | G9: 64.5
B10: 44414 | C10: 94.42 | D10: 23.4 | E10: 62 | F10: 9.02 | G10: 45.1
B11: 44415 | C11: 148.44 | D11: 23.8 | E11: 116 | F11: 8.64 | G11: 43.2
B12: 44416 | C12: 118.58 | D12: 23.8 | E12: 86.9 | F12: 7.88 | G12: 39.4
B13: 44417 | C13: 112.4 | D13: 22.6 | E13: 81.9 | F13: 7.9 | G13: 39.5
B14: 44418 | C14: 143.74 | D14: 35.4 | E14: 75.2 | F14: 33.14 | G14: 165.7
B15: 44419 | C15: 85.6 | D15: 19.9 | E15: 56.3 | F15: 9.4 | G15: 47
B16: 44420 | C16: 110.28 | D16: 13 | E16: 83.1 | F16: 14.18 | G16: 70.9
... B35: 44439 | C35: 93.08 | D35: 17.7 | E35: 66.7 | F35: 8.68 | G35: 43.4
C37: =+D37+E37+F37 -> 3651.5 | D37: =SUM(D5:D35) -> 591 | E37: =SUM(E5:E35) -> 2654.1 | F37: =SUM(F5:F35) -> 406.4 | G37: =SUM(G5:G35) -> 2032
B41: Total Consumption CW Hotel + Public Area + Recycle Water commond share ( 20% )
B44: Unit Price | E44: Rupiah ( Rp) | G44: 12500
B47: Total Bill | G47: =+G41*G44 -> 0

Sheet Gas
B1: GAS METER READING
B3: Date | C3: Main metering | E3: Sub metering ( m3)
C4: Mmbtu | D4: Sm3 | E4: Kitchen B1 | F4: Palm court Kitchen | G4: Ballroom Kitchen | H4: Alto Kitchen
B5: 44409 | C5: 0.78 | D5: 21.43
B6: 44410 | C6: 1.3 | D6: 35.44
B7: 44411 | C7: 2.6 | D7: 71.17
B8: 44412 | C8: 2.68 | D8: 73.21
B9: 44413 | C9: 3.14 | D9: 85.93
B10: 44414 | C10: 2.57 | D10: 70.13
B11: 44415 | C11: 0.83 | D11: 22.66
B12: 44416 | C12: 1.09 | D12: 29.86
B13: 44417 | C13: 0.96 | D13: 26.3
B14: 44418 | C14: 1.06 | D14: 29
B15: 44419 | C15: 0.72 | D15: 19.71
B16: 44420 | C16: 1.28 | D16: 35.23
... B35: 44439 | C35: 1.7 | D35: 48.7
C37: =SUM(C5:C35) -> 47.3 | D37: =SUM(D5:D35) -> 1295.53 | E37: =SUM(E5:E35) -> 0 | F37: =SUM(F5:F35) -> 0 | G37: =SUM(G5:G35) -> 0 | H37: =SUM(H5:H35) -> 0
H38: =H37*80% -> 0
C43: Unit Price | D43: US $ | E43: 10.2
C44: mimimum contract | D44: Mmbtu | E44: 350
C46: Total Bill | D46: US $ | E46: =IF(C37>E44,(C37*E43),(E44*E43)) -> 3570
