Workbook

Sheet Total
A1: Site Name | B1: Day | C1: Month | D1: Year | E1: Total Electricity Kwh | F1: Electricity Tariff ($/Kwh) | G1: Natual Gas (m3) | H1: Natural Gas $/m3 | I1: Water Utility Supply (m3) m3 | J1: Water Utility Supply (m3) $/m3 | K1: Room Nights | L1: Total Guests
A2: Istanbul at the Bosphorus | B2: 1 | C2: 1 | D2: 2021 | E2: ='Electricity '!I3+'Electricity '!O3 -> 20488.86 | F2: 0.55 | G2: ='Gas Water'!M4 -> 2196 | H2: 1.88 | I2: ='Gas Water'!L4 -> 128 | J2: 12.05 | K2: 88 | L2: 175
A3: Istanbul at the Bosphorus | B3: 2 | C3: 1 | D3: 2021 | E3: ='Electricity '!I4+'Electricity '!O4 -> 20646.18 | F3: 0.55 | G3: ='Gas Water'!M5 -> 2142 | H3: 1.88 | I3: ='Gas Water'!L5 -> 105 | J3: 12.05 | K3: 79 | L3: 157
A4: Istanbul at the Bosphorus | B4: 3 | C4: 1 | D4: 2021 | E4: ='Electricity '!I5+'Electricity '!O5 -> 20273.58 | F4: 0.55 | G4: ='Gas Water'!M6 -> 2437 | H4: 1.88 | I4: ='Gas Water'!L6 -> 104 | J4: 12.05 | K4: 65 | L4: 131
A5: Istanbul at the Bosphorus | B5: 4 | C5: 1 | D5: 2021 | E5: ='Electricity '!I6+'Electricity '!O6 -> 19412.46 | F5: 0.55 | G5: ='Gas Water'!M7 -> 2083 | H5: 1.88 | I5: ='Gas Water'!L7 -> 112 | J5: 12.05 | K5: 62 | L5: 118
A6: Istanbul at the Bosphorus | B6: 5 | C6: 1 | D6: 2021 | E6: ='Electricity '!I7+'Electricity '!O7 -> 20414.34 | F6: 0.55 | G6: ='Gas Water'!M8 -> 2135 | H6: 1.88 | I6: ='Gas Water'!L8 -> 100 | J6: 12.05 | K6: 70 | L6: 133
A7: Istanbul at the Bosphorus | B7: 6 | C7: 1 | D7: 2021 | E7: ='Electricity '!I8+'Electricity '!O8 -> 20815.92 | F7: 0.55 | G7: ='Gas Water'!M9 -> 2200 | H7: 1.88 | I7: ='Gas Water'!L9 -> 113 | J7: 12.05 | K7: 81 | L7: 147
A8: Istanbul at the Bosphorus | B8: 7 | C8: 1 | D8: 2021 | E8: ='Electricity '!I9+'Electricity '!O9 -> 21639.78 | F8: 0.55 | G8: ='Gas Water'!M10 -> 2075 | H8: 1.88 | I8: ='Gas Water'!L10 -> 106 | J8: 12.05 | K8: 82 | L8: 142
A9: Istanbul at the Bosphorus | B9: 8 | C9: 1 | D9: 2021 | E9: ='Electricity '!I10+'Electricity '!O10 -> 19259.28 | F9: 0.55 | G9: ='Gas Water'!M11 -> 1785 | H9: 1.88 | I9: ='Gas Water'!L11 -> 114 | J9: 12.05 | K9: 70 | L9: 128
A10: Istanbul at the Bosphorus | B10: 9 | C10: 1 | D10: 2021 | E10: ='Electricity '!I11+'Electricity '!O11 -> 21904.74 | F10: 0.55 | G10: ='Gas Water'!M12 -> 2155 | H10: 1.88 | I10: ='Gas Water'!L12 -> 76 | J10: 12.05 | K10: 50 | L10: 96
A11: Istanbul at the Bosphorus | B11: 10 | C11: 1 | D11: 2021 | E11: ='Electricity '!I12+'Electricity '!O12 -> 19313.1 | F11: 0.55 | G11: ='Gas Water'!M13 -> 2642 | H11: 1.88 | I11: ='Gas Water'!L13 -> 91 | J11: 12.05 | K11: 46 | L11: 86
A12: Istanbul at the Bosphorus | B12: 11 | C12: 1 | D12: 2021 | E12: ='Electricity '!I13+'Electricity '!O13 -> 19097.82 | F12: 0.55 | G12: ='Gas Water'!M14 -> 2005 | H12: 1.88 | I12: ='Gas Water'!L14 -> 111 | J12: 12.05 | K12: 47 | L12: 90
A13: Istanbul at the Bosphorus | B13: 12 | C13: 1 | D13: 2021 | E13: ='Electricity '!I14+'Electricity '!O14 -> 21420.36 | F13: 0.55 | G13: ='Gas Water'!M15 -> 2117 | H13: 1.88 | I13: ='Gas Water'!L15 -> 87 | J13: 12.05 | K13: 55 | L13: 103
... A32: Istanbul at the Bosphorus | B32: 31 | C32: 1 | D32: 2021 | E32: ='Electricity '!I33+'Electricity '!O33 -> 18592.74 | F32: 0.55 | G32: ='Gas Water'!M34 -> 2609 | H32: 1.88 | I32: ='Gas Water'!L34 -> 79 | J32: 12.05 | K32: 42 | L32: 81
A33: Istanbul at the Bosphorus | B33: 1 | C33: 2 | D33: 2021 | E33: ='Electricity '!I34+'Electricity '!O34 -> 20236.32 | F33: =('Electricity '!I34*0.58+'Gas Water'!H35*1.88)/(Total!E33) -> 0.58 | G33: ='Gas Water'!M35 -> 2117 | H33: 1.72 | I33: ='Gas Water'!L35 -> 88 | J33: 12.85 | K33: 43 | L33: 75
A34: Istanbul at the Bosphorus | B34: 2 | C34: 2 | D34: 2021 | E34: ='Electricity '!I35+'Electricity '!O35 -> 19913.4 | F34: =('Electricity '!I35*0.58+'Gas Water'!H36*1.88)/(Total!E34) -> 0.58 | G34: ='Gas Water'!M36 -> 2297 | H34: 1.72 | I34: ='Gas Water'!L36 -> 126 | J34: 12.85 | K34: 59 | L34: 104
A35: Istanbul at the Bosphorus | B35: 3 | C35: 2 | D35: 2021 | E35: ='Electricity '!I36+'Electricity '!O36 -> 20989.8 | F35: =('Electricity '!I36*0.58+'Gas Water'!H37*1.88)/(Total!E35) -> 0.58 | G35: ='Gas Water'!M37 -> 2397 | H35: 1.72 | I35: ='Gas Water'!L37 -> 171 | J35: 12.85 | K35: 84 | L35: 142
A36: Istanbul at the Bosphorus | B36: 4 | C36: 2 | D36: 2021 | E36: ='Electricity '!I37+'Electricity '!O37 -> 20356.38 | F36: =('Electricity '!I37*0.58+'Gas Water'!H38*1.88)/(Total!E36) -> 0.58 | G36: ='Gas Water'!M38 -> 2456 | H36: 1.72 | I36: ='Gas Water'!L38 -> 154 | J36: 12.85 | K36: 90 | L36: 148
A37: Istanbul at the Bosphorus | B37: 5 | C37: 2 | D37: 2021 | E37: ='Electricity '!I38+'Electricity '!O38 -> 20459.88 | F37: =('Electricity '!I38*0.58+'Gas Water'!H39*1.88)/(Total!E37) -> 0.58 | G37: ='Gas Water'!M39 -> 2549 | H37: 1.72 | I37: ='Gas Water'!L39 -> 131 | J37: 12.85 | K37: 103 | L37: 176
A38: Istanbul at the Bosphorus | B38: 6 | C38: 2 | D38: 2021 | E38: ='Electricity '!I39+'Electricity '!O39 -> 18480.96 | F38: =('Electricity '!I39*0.58+'Gas Water'!H40*1.88)/(Total!E38) -> 0.58 | G38: ='Gas Water'!M40 -> 2543 | H38: 1.72 | I38: ='Gas Water'!L40 -> 131 | J38: 12.85 | K38: 99 | L38: 171
A39: Istanbul at the Bosphorus | B39: 7 | C39: 2 | D39: 2021 | E39: ='Electricity '!I40+'Electricity '!O40 -> 19648.44 | F39: =('Electricity '!I40*0.58+'Gas Water'!H41*1.88)/(Total!E39) -> 0.58 | G39: ='Gas Water'!M41 -> 2280 | H39: 1.72 | I39: ='Gas Water'!L41 -> 123 | J39: 12.85 | K39: 64 | L39: 116
A40: Istanbul at the Bosphorus | B40: 8 | C40: 2 | D40: 2021 | E40: ='Electricity '!I41+'Electricity '!O41 -> 19458 | F40: =('Electricity '!I41*0.58+'Gas Water'!H42*1.88)/(Total!E40) -> 0.58 | G40: ='Gas Water'!M42 -> 1872 | H40: 1.72 | I40: ='Gas Water'!L42 -> 95 | J40: 12.85 | K40: 74 | L40: 138
A41: Istanbul at the Bosphorus | B41: 9 | C41: 2 | D41: 2021 | E41: ='Electricity '!I42+'Electricity '!O42 -> 20232.18 | F41: =('Electricity '!I42*0.58+'Gas Water'!H43*1.88)/(Total!E41) -> 0.58 | G41: ='Gas Water'!M43 -> 1976 | H41: 1.72 | I41: ='Gas Water'!L43 -> 99 | J41: 12.85 | K41: 76 | L41: 139
A42: Istanbul at the Bosphorus | B42: 10 | C42: 2 | D42: 2021 | E42: ='Electricity '!I43+'Electricity '!O43 -> 16746.3 | F42: =('Electricity '!I43*0.58+'Gas Water'!H44*1.88)/(Total!E42) -> 0.58 | G42: ='Gas Water'!M44 -> 2160 | H42: 1.72 | I42: ='Gas Water'!L44 -> 102 | J42: 12.85 | K42: 85 | L42: 157
A43: Istanbul at the Bosphorus | B43: 11 | C43: 2 | D43: 2021 | E43: ='Electricity '!I44+'Electricity '!O44 -> 23540.04 | F43: =('Electricity '!I44*0.58+'Gas Water'!H45*1.88)/(Total!E43) -> 0.58 | G43: ='Gas Water'!M45 -> 2024 | H43: 1.72 | I43: ='Gas Water'!L45 -> 172 | J43: 12.85 | K43: 93 | L43: 172
A44: Istanbul at the Bosphorus | B44: 12 | C44: 2 | D44: 2021 | E44: ='Electricity '!I45+'Electricity '!O45 -> 21528 | F44: =('Electricity '!I45*0.58+'Gas Water'!H46*1.88)/(Total!E44) -> 0.58 | G44: ='Gas Water'!M46 -> 3716 | H44: 1.72 | I44: ='Gas Water'!L46 -> 122 | J44: 12.85 | K44: 86 | L44: 164
... A62: Istanbul at the Bosphorus | B62: 2 | C62: 3 | D62: 2021 | E62: ='Electricity '!I63+'Electricity '!O63 -> 22285.62 | F62: =('Electricity '!I63*0.58+'Gas Water'!H64*1.88)/(Total!E62) -> 0.58 | G62: ='Gas Water'!M64 -> 3548 | H62: 1.76 | I62: ='Gas Water'!L64 -> 108 | J62: 12.85 | K62: 72 | L62: 118
A63: Istanbul at the Bosphorus | B63: 3 | C63: 3 | D63: 2021 | E63: ='Electricity '!I64+'Electricity '!O64 -> 22728.6 | F63: =('Electricity '!I64*0.58+'Gas Water'!H65*1.72)/(Total!E63) -> 0.58 | G63: ='Gas Water'!M65 -> 3407 | H63: 1.76 | I63: ='Gas Water'!L65 -> 128 | J63: 12.85 | K63: 102 | L63: 184
A64: Istanbul at the Bosphorus | B64: 4 | C64: 3 | D64: 2021 | E64: ='Electricity '!I65+'Electricity '!O65 -> 21701.88 | F64: =('Electricity '!I65*0.58+'Gas Water'!H66*1.88)/(Total!E64) -> 0.58 | G64: ='Gas Water'!M66 -> 3183 | H64: 1.76 | I64: ='Gas Water'!L66 -> 140 | J64: 12.85 | K64: 115 | L64: 189
A65: Istanbul at the Bosphorus | B65: 5 | C65: 3 | D65: 2021 | E65: ='Electricity '!I66+'Electricity '!O66 -> 20894.58 | F65: =('Electricity '!I66*0.58+'Gas Water'!H67*1.88)/(Total!E65) -> 0.58 | G65: ='Gas Water'!M67 -> 2739 | H65: 1.76 | I65: ='Gas Water'!L67 -> 305 | J65: 12.85 | K65: 131 | L65: 225
A66: Istanbul at the Bosphorus | B66: 6 | C66: 3 | D66: 2021 | E66: ='Electricity '!I67+'Electricity '!O67 -> 20840.76 | F66: =('Electricity '!I67*0.58+'Gas Water'!H68*1.88)/(Total!E66) -> 0.58 | G66: ='Gas Water'!M68 -> 3255 | H66: 1.76 | I66: ='Gas Water'!L68 -> 168 | J66: 12.85 | K66: 129 | L66: 237
A67: Istanbul at the Bosphorus | B67: 7 | C67: 3 | D67: 2021 | E67: ='Electricity '!I68+'Electricity '!O68 -> 21788.82 | F67: =('Electricity '!I68*0.58+'Gas Water'!H69*1.88)/(Total!E67) -> 0.58 | G67: ='Gas Water'!M69 -> 3750 | H67: 1.76 | I67: ='Gas Water'!L69 -> 155 | J67: 12.85 | K67: 107 | L67: 197
A68: Istanbul at the Bosphorus | B68: 8 | C68: 3 | D68: 2021 | E68: ='Electricity '!I69+'Electricity '!O69 -> 22086.9 | F68: =('Electricity '!I69*0.58+'Gas Water'!H70*1.88)/(Total!E68) -> 0.58 | G68: ='Gas Water'!M70 -> 3482 | H68: 1.76 | I68: ='Gas Water'!L70 -> 143 | J68: 12.85 | K68: 89 | L68: 159
A69: Istanbul at the Bosphorus | B69: 9 | C69: 3 | D69: 2021 | E69: ='Electricity '!I70+'Electricity '!O70 -> 22074.48 | F69: =('Electricity '!I70*0.58+'Gas Water'!H71*1.88)/(Total!E69) -> 0.58 | G69: ='Gas Water'!M71 -> 3037 | H69: 1.76 | I69: ='Gas Water'!L71 -> 141 | J69: 12.85 | K69: 115 | L69: 187
A70: Istanbul at the Bosphorus | B70: 10 | C70: 3 | D70: 2021 | E70: ='Electricity '!I71+'Electricity '!O71 -> 22240.08 | F70: =('Electricity '!I71*0.58+'Gas Water'!H72*1.88)/(Total!E70) -> 0.58 | G70: ='Gas Water'!M72 -> 3049 | H70: 1.76 | I70: ='Gas Water'!L72 -> 147 | J70: 12.85 | K70: 121 | L70: 199
A71: Istanbul at the Bosphorus | B71: 11 | C71: 3 | D71: 2021 | E71: ='Electricity '!I72+'Electricity '!O72 -> 23519.34 | F71: =('Electricity '!I72*0.58+'Gas Water'!H73*1.88)/(Total!E71) -> 0.58 | G71: ='Gas Water'!M73 -> 3802 | H71: 1.76 | I71: ='Gas Water'!L73 -> 142 | J71: 12.85 | K71: 107 | L71: 184
A72: Istanbul at the Bosphorus | B72: 12 | C72: 3 | D72: 2021 | E72: ='Electricity '!I73+'Electricity '!O73 -> 21850.92 | F72: =('Electricity '!I73*0.58+'Gas Water'!H74*1.88)/(Total!E72) -> 0.58 | G72: ='Gas Water'!M74 -> 3566 | H72: 1.76 | I72: ='Gas Water'!L74 -> 160 | J72: 12.85 | K72: 115 | L72: 195
A73: Istanbul at the Bosphorus | B73: 13 | C73: 3 | D73: 2021 | E73: ='Electricity '!I74+'Electricity '!O74 -> 22364.28 | F73: =('Electricity '!I74*0.58+'Gas Water'!H75*1.88)/(Total!E73) -> 0.58 | G73: ='Gas Water'!M75 -> 3112 | H73: 1.76 | I73: ='Gas Water'!L75 -> 135 | J73: 12.85 | K73: 117 | L73: 214
A74: Istanbul at the Bosphorus | B74: 14 | C74: 3 | D74: 2021 | E74: ='Electricity '!I75+'Electricity '!O75 -> 20857.32 | F74: =('Electricity '!I75*0.58+'Gas Water'!H76*1.88)/(Total!E74) -> 0.58 | G74: ='Gas Water'!M76 -> 2984 | H74: 1.76 | I74: ='Gas Water'!L76 -> 156 | J74: 12.85 | K74: 88 | L74: 154
A75: Istanbul at the Bosphorus | B75: 15 | C75: 3 | D75: 2021 | E75: ='Electricity '!I76+'Electricity '!O76 -> 22211.1 | F75: =('Electricity '!I76*0.58+'Gas Water'!H77*1.88)/(Total!E75) -> 0.58 | G75: ='Gas Water'!M77 -> 2571 | H75: 1.76 | I75: ='Gas Water'!L77 -> 143 | J75: 12.85 | K75: 91 | L75: 160
A76: Istanbul at the Bosphorus | B76: 16 | C76: 3 | D76: 2021 | E76: ='Electricity '!I77+'Electricity '!O77 -> 21900.6 | F76: 0.58 | G76: ='Gas Water'!M78 -> 2924 | H76: 1.76 | I76: ='Gas Water'!L78 -> 159 | J76: 12.85 | K76: 90 | L76: 157
A77: Istanbul at the Bosphorus | B77: 17 | C77: 3 | D77: 2021 | E77: ='Electricity '!I78+'Electricity '!O78 -> 23436.54 | F77: 0.58 | G77: ='Gas Water'!M79 -> 3416 | H77: 1.76 | I77: ='Gas Water'!L79 -> 121 | J77: 12.85 | K77: 90 | L77: 160
A78: Istanbul at the Bosphorus | B78: 18 | C78: 3 | D78: 2021 | E78: ='Electricity '!I79+'Electricity '!O79 -> 21527.52 | F78: 0.58 | G78: ='Gas Water'!M80 -> 3113 | H78: 1.76 | I78: ='Gas Water'!L80 -> 122 | J78: 12.85 | K78: 96 | L78: 176
A79: Istanbul at the Bosphorus | B79: 19 | C79: 3 | D79: 2021 | E79: ='Electricity '!I80+'Electricity '!O80 -> 23142.6 | F79: 0.58 | G79: 3403 | H79: 1.76 | I79: 153 | J79: 12.85 | K79: 106 | L79: 196
A80: Istanbul at the Bosphorus | B80: 20 | C80: 3 | D80: 2021 | E80: ='Electricity '!I81+'Electricity '!O81 -> 20430.9 | F80: 0.58 | G80: ='Gas Water'!M82 -> 2997 | H80: 1.76 | I80: 155 | J80: 12.85 | K80: 98 | L80: 183
A81: Istanbul at the Bosphorus | B81: 21 | C81: 3 | D81: 2021 | E81: ='Electricity '!I82+'Electricity '!O82 -> 21523.86 | F81: 0.58 | G81: ='Gas Water'!M83 -> 3217 | H81: 1.76 | I81: ='Gas Water'!L83 -> 141 | J81: 12.85 | K81: 102 | L81: 197
A82: Istanbul at the Bosphorus | B82: 22 | C82: 3 | D82: 2021 | E82: ='Electricity '!I83+'Electricity '!O83 -> 21896.46 | F82: 0.58 | G82: ='Gas Water'!M84 -> 3146 | H82: 1.76 | I82: ='Gas Water'!L84 -> 143 | J82: 12.85 | K82: 106 | L82: 199
A83: Istanbul at the Bosphorus | B83: 23 | C83: 3 | D83: 2021 | E83: ='Electricity '!I84+'Electricity '!O84 -> 22736.88 | F83: 0.58 | G83: ='Gas Water'!M85 -> 3823 | H83: 1.76 | I83: ='Gas Water'!L85 -> 164 | J83: 12.85 | K83: 116 | L83: 198
A84: Istanbul at the Bosphorus | B84: 24 | C84: 3 | D84: 2021 | E84: ='Electricity '!I85+'Electricity '!O85 -> 21254.76 | F84: 0.58 | G84: ='Gas Water'!M86 -> 3982 | H84: 1.76 | I84: ='Gas Water'!L86 -> 150 | J84: 12.85 | K84: 124 | L84: 210
A85: Istanbul at the Bosphorus | B85: 25 | C85: 3 | D85: 2021 | E85: ='Electricity '!I86+'Electricity '!O86 -> 23146.74 | F85: 0.58 | G85: ='Gas Water'!M87 -> 3769 | H85: 1.76 | I85: ='Gas Water'!L87 -> 139 | J85: 12.85 | K85: 128 | L85: 215
A86: Istanbul at the Bosphorus | B86: 26 | C86: 3 | D86: 2021 | E86: ='Electricity '!I87+'Electricity '!O87 -> 22906.62 | F86: 0.58 | G86: 3386 | H86: 1.76 | I86: 160 | J86: 12.85 | K86: 139 | L86: 252
A87: Istanbul at the Bosphorus | B87: 27 | C87: 3 | D87: 2021 | E87: ='Electricity '!I88+'Electricity '!O88 -> 21648.06 | F87: 0.58 | G87: ='Gas Water'!M89 -> 3322 | H87: 1.76 | I87: ='Gas Water'!L89 -> 168 | J87: 12.85 | K87: 156 | L87: 282
A88: Istanbul at the Bosphorus | B88: 28 | C88: 3 | D88: 2021 | E88: ='Electricity '!I89+'Electricity '!O89 -> 20414.34 | F88: 0.58 | G88: 2762 | H88: 1.76 | I88: 143 | J88: 12.85 | K88: 152 | L88: 283
A89: Istanbul at the Bosphorus | B89: 29 | C89: 3 | D89: 2021 | E89: ='Electricity '!I90+'Electricity '!O90 -> 20232.18 | F89: 0.58 | G89: ='Gas Water'!M91 -> 2893 | H89: 1.76 | I89: ='Gas Water'!L91 -> 161 | J89: 12.85 | K89: 152 | L89: 275
A90: Istanbul at the Bosphorus | B90: 30 | C90: 3 | D90: 2021 | E90: ='Electricity '!I91+'Electricity '!O91 -> 21532.14 | F90: 0.58 | G90: ='Gas Water'!M92 -> 3217 | H90: 1.76 | I90: ='Gas Water'!L92 -> 156 | J90: 12.85 | K90: 145 | L90: 269
A91: Istanbul at the Bosphorus | B91: 31 | C91: 3 | D91: 2021 | E91: ='Electricity '!I92+'Electricity '!O92 -> 22749.3 | F91: 0.58 | G91: ='Gas Water'!M93 -> 3340 | H91: 1.76 | I91: ='Gas Water'!L93 -> 163 | J91: 12.85 | K91: 148 | L91: 290
A92: Istanbul at the Bosphorus | B92: 1 | C92: 4 | D92: 2021 | E92: ='Electricity '!I93+'Electricity '!O93 -> 22455.36 | F92: 0.67 | G92: ='Gas Water'!M94 -> 3206 | H92: 1.77 | I92: ='Gas Water'!L94 -> 195 | J92: 12.93 | K92: 136 | L92: 257
A93: Istanbul at the Bosphorus | B93: 2 | C93: 4 | D93: 2021 | E93: ='Electricity '!I94+'Electricity '!O94 -> 24840 | F93: 0.67 | G93: ='Gas Water'!M95 -> 2841 | H93: 1.77 | I93: ='Gas Water'!L95 -> 144 | J93: 12.93 | K93: 141 | L93: 269
A94: Istanbul at the Bosphorus | B94: 3 | C94: 4 | D94: 2021 | E94: ='Electricity '!I95+'Electricity '!O95 -> 17859.96 | F94: 0.67 | G94: ='Gas Water'!M96 -> 2274 | H94: 1.77 | I94: ='Gas Water'!L96 -> 153 | J94: 12.93 | K94: 130 | L94: 243
A95: Istanbul at the Bosphorus | B95: 4 | C95: 4 | D95: 2021 | E95: ='Electricity '!I96+'Electricity '!O96 -> 20944.26 | F95: 0.67 | G95: ='Gas Water'!M97 -> 2784 | H95: 1.77 | I95: ='Gas Water'!L97 -> 201 | J95: 12.93 | K95: 138 | L95: 253
A96: Istanbul at the Bosphorus | B96: 5 | C96: 4 | D96: 2021 | E96: ='Electricity '!I97+'Electricity '!O97 -> 22745.16 | F96: 0.67 | G96: ='Gas Water'!M98 -> 3071 | H96: 1.77 | I96: ='Gas Water'!L98 -> 163 | J96: 12.93 | K96: 128 | L96: 233
A97: Istanbul at the Bosphorus | B97: 6 | C97: 4 | D97: 2021 | E97: ='Electricity '!I98+'Electricity '!O98 -> 20919.42 | F97: 0.67 | G97: ='Gas Water'!M99 -> 2265 | H97: 1.77 | I97: ='Gas Water'!L99 -> 167 | J97: 12.93 | K97: 125 | L97: 242
A98: Istanbul at the Bosphorus | B98: 7 | C98: 4 | D98: 2021 | E98: ='Electricity '!I99+'Electricity '!O99 -> 22128.3 | F98: 0.67 | G98: ='Gas Water'!M100 -> 2268 | H98: 1.77 | I98: ='Gas Water'!L100 -> 175 | J98: 12.93 | K98: 135 | L98: 250
A99: Istanbul at the Bosphorus | B99: 8 | C99: 4 | D99: 2021 | E99: ='Electricity '!I100+'Electricity '!O100 -> 21970.98 | F99: 0.67 | G99: ='Gas Water'!M101 -> 3194 | H99: 1.77 | I99: ='Gas Water'!L101 -> 150 | J99: 12.93 | K99: 116 | L99: 206
A100: Istanbul at the Bosphorus | B100: 9 | C100: 4 | D100: 2021 | E100: ='Electricity '!I101+'Electricity '!O101 -> 22285.62 | F100: 0.67 | G100: ='Gas Water'!M102 -> 2998 | H100: 1.77 | I100: ='Gas Water'!L102 -> 204 | J100: 12.93 | K100: 104 | L100: 199
... A252: Istanbul at the Bosphorus | B252: 8 | C252: 9 | D252: 2021 | E252: ='Electricity '!I253+'Electricity '!O253 -> 32461.74 | F252: 0.85 | G252: ='Gas Water'!M254 -> 1572 | H252: 2 | I252: ='Gas Water'!L254 -> 230 | J252: 13.9 | K252: 90 | L252: 167
A253: Istanbul at the Bosphorus | B253: 9 | C253: 9 | D253: 2021 | E253: ='Electricity '!I254+'Electricity '!O254 -> #VALUE! | F253: 0.85 | G253: ='Gas Water'!M255 | H253: 2 | I253: ='Gas Water'!L255 | J253: 13.9
A254: Istanbul at the Bosphorus | B254: 10 | C254: 9 | D254: 2021 | E254: ='Electricity '!I255+'Electricity '!O255 -> #VALUE! | F254: 0.85 | G254: ='Gas Water'!M256 | H254: 2 | I254: ='Gas Water'!L256 | J254: 13.9
A255: Istanbul at the Bosphorus | B255: 11 | C255: 9 | D255: 2021 | E255: ='Electricity '!I256+'Electricity '!O256 -> #VALUE! | F255: 0.85 | G255: ='Gas Water'!M257 | H255: 2 | I255: ='Gas Water'!L257 | J255: 13.9
A256: Istanbul at the Bosphorus | B256: 12 | C256: 9 | D256: 2021 | E256: ='Electricity '!I257+'Electricity '!O257 -> #VALUE! | F256: 0.85 | G256: ='Gas Water'!M258 | H256: 2 | I256: ='Gas Water'!L258 | J256: 13.9
A257: Istanbul at the Bosphorus | B257: 13 | C257: 9 | D257: 2021 | E257: ='Electricity '!I258+'Electricity '!O258 -> #VALUE! | F257: 0.85 | G257: ='Gas Water'!M259 | H257: 2 | I257: ='Gas Water'!L259 | J257: 13.9
A258: Istanbul at the Bosphorus | B258: 14 | C258: 9 | D258: 2021 | E258: ='Electricity '!I259+'Electricity '!O259 -> #VALUE! | F258: 0.85 | G258: ='Gas Water'!M260 | H258: 2 | I258: ='Gas Water'!L260 | J258: 13.9
A259: Istanbul at the Bosphorus | B259: 15 | C259: 9 | D259: 2021 | E259: ='Electricity '!I260+'Electricity '!O260 -> #VALUE! | F259: 0.85 | G259: ='Gas Water'!M261 | H259: 2 | I259: ='Gas Water'!L261 | J259: 13.9
A260: Istanbul at the Bosphorus | B260: 16 | C260: 9 | D260: 2021 | E260: ='Electricity '!I261+'Electricity '!O261 -> #VALUE! | F260: 0.85 | G260: ='Gas Water'!M262 | H260: 2 | I260: ='Gas Water'!L262 | J260: 13.9
A261: Istanbul at the Bosphorus | B261: 17 | C261: 9 | D261: 2021 | E261: ='Electricity '!I262+'Electricity '!O262 -> #VALUE! | F261: 0.85 | G261: ='Gas Water'!M263 | H261: 2 | I261: ='Gas Water'!L263 | J261: 13.9
A262: Istanbul at the Bosphorus | B262: 18 | C262: 9 | D262: 2021 | E262: ='Electricity '!I263+'Electricity '!O263 -> #VALUE! | F262: 0.85 | G262: ='Gas Water'!M264 | H262: 2 | I262: ='Gas Water'!L264 | J262: 13.9
A263: Istanbul at the Bosphorus | B263: 19 | C263: 9 | D263: 2021 | E263: ='Electricity '!I264+'Electricity '!O264 -> #VALUE! | F263: 0.85 | G263: ='Gas Water'!M265 | H263: 2 | I263: ='Gas Water'!L265 | J263: 13.9
A264: Istanbul at the Bosphorus | B264: 20 | C264: 9 | D264: 2021 | E264: ='Electricity '!I265+'Electricity '!O265 -> #VALUE! | F264: 0.85 | G264: ='Gas Water'!M266 | H264: 2 | I264: ='Gas Water'!L266 | J264: 13.9
... A274: Istanbul at the Bosphorus | B274: 30 | C274: 9 | D274: 2021 | E274: ='Electricity '!I275+'Electricity '!O275 -> #VALUE! | F274: 0.85 | G274: ='Gas Water'!M276 | H274: 2 | I274: ='Gas Water'!L276 | J274: 13.9
A275: Istanbul at the Bosphorus | B275: 1 | C275: 10 | D275: 2021 | E275: ='Electricity '!I276+'Electricity '!O276 -> #VALUE! | F275: =('Electricity '!I276*0.55+'Gas Water'!H277*1.88)/(Total!E275) -> #VALUE! | G275: ='Gas Water'!M277 | H275: 1.88 | I275: ='Gas Water'!L277 | J275: 11.3
A276: Istanbul at the Bosphorus | B276: 2 | C276: 10 | D276: 2021 | E276: ='Electricity '!I277+'Electricity '!O277 -> #VALUE! | F276: =('Electricity '!I277*0.55+'Gas Water'!H278*1.88)/(Total!E276) -> #VALUE! | G276: ='Gas Water'!M278 | H276: 1.88 | I276: ='Gas Water'!L278 | J276: 11.3
A277: Istanbul at the Bosphorus | B277: 3 | C277: 10 | D277: 2021 | E277: ='Electricity '!I278+'Electricity '!O278 -> #VALUE! | F277: =('Electricity '!I278*0.55+'Gas Water'!H279*1.88)/(Total!E277) -> #VALUE! | G277: ='Gas Water'!M279 | H277: 1.88 | I277: ='Gas Water'!L279 | J277: 11.3
A278: Istanbul at the Bosphorus | B278: 4 | C278: 10 | D278: 2021 | E278: ='Electricity '!I279+'Electricity '!O279 -> #VALUE! | F278: =('Electricity '!I279*0.55+'Gas Water'!H280*1.88)/(Total!E278) -> #VALUE! | G278: ='Gas Water'!M280 | H278: 1.88 | I278: ='Gas Water'!L280 | J278: 11.3
A279: Istanbul at the Bosphorus | B279: 5 | C279: 10 | D279: 2021 | E279: ='Electricity '!I280+'Electricity '!O280 -> #VALUE! | F279: =('Electricity '!I280*0.55+'Gas Water'!H281*1.88)/(Total!E279) -> #VALUE! | G279: ='Gas Water'!M281 | H279: 1.88 | I279: ='Gas Water'!L281 | J279: 11.3
A280: Istanbul at the Bosphorus | B280: 6 | C280: 10 | D280: 2021 | E280: ='Electricity '!I281+'Electricity '!O281 -> #VALUE! | F280: =('Electricity '!I281*0.55+'Gas Water'!H282*1.88)/(Total!E280) -> #VALUE! | G280: ='Gas Water'!M282 | H280: 1.88 | I280: ='Gas Water'!L282 | J280: 11.3
A281: Istanbul at the Bosphorus | B281: 7 | C281: 10 | D281: 2021 | E281: ='Electricity '!I282+'Electricity '!O282 -> #VALUE! | F281: =('Electricity '!I282*0.55+'Gas Water'!H283*1.88)/(Total!E281) -> #VALUE! | G281: ='Gas Water'!M283 | H281: 1.88 | I281: ='Gas Water'!L283 | J281: 11.3
A282: Istanbul at the Bosphorus | B282: 8 | C282: 10 | D282: 2021 | E282: ='Electricity '!I283+'Electricity '!O283 -> #VALUE! | F282: =('Electricity '!I283*0.55+'Gas Water'!H284*1.88)/(Total!E282) -> #VALUE! | G282: ='Gas Water'!M284 | H282: 1.88 | I282: ='Gas Water'!L284 | J282: 11.3
A283: Istanbul at the Bosphorus | B283: 9 | C283: 10 | D283: 2021 | E283: ='Electricity '!I284+'Electricity '!O284 -> #VALUE! | F283: =('Electricity '!I284*0.55+'Gas Water'!H285*1.88)/(Total!E283) -> #VALUE! | G283: ='Gas Water'!M285 | H283: 1.88 | I283: ='Gas Water'!L285 | J283: 11.3
A284: Istanbul at the Bosphorus | B284: 10 | C284: 10 | D284: 2021 | E284: ='Electricity '!I285+'Electricity '!O285 -> #VALUE! | F284: =('Electricity '!I285*0.55+'Gas Water'!H286*1.88)/(Total!E284) -> #VALUE! | G284: ='Gas Water'!M286 | H284: 1.88 | I284: ='Gas Water'!L286 | J284: 11.3
A285: Istanbul at the Bosphorus | B285: 11 | C285: 10 | D285: 2021 | E285: ='Electricity '!I286+'Electricity '!O286 -> #VALUE! | F285: =('Electricity '!I286*0.55+'Gas Water'!H287*1.88)/(Total!E285) -> #VALUE! | G285: ='Gas Water'!M287 | H285: 1.88 | I285: ='Gas Water'!L287 | J285: 11.3
A286: Istanbul at the Bosphorus | B286: 12 | C286: 10 | D286: 2021 | E286: ='Electricity '!I287+'Electricity '!O287 -> #VALUE! | F286: =('Electricity '!I287*0.55+'Gas Water'!H288*1.88)/(Total!E286) -> #VALUE! | G286: ='Gas Water'!M288 | H286: 1.88 | I286: ='Gas Water'!L288 | J286: 11.3
... A366: Istanbul at the Bosphorus | B366: 31 | C366: 12 | D366: 2021 | E366: ='Electricity '!I367+'Electricity '!O367 -> #VALUE! | F366: =('Electricity '!I367*0.55+'Gas Water'!H368*1.88)/(Total!E366) -> #VALUE! | G366: ='Gas Water'!M368 | H366: 1.88 | I366: ='Gas Water'!L368 | J366: 11.3

Sheet Gas Water
B2: Date | C2: CHP Reading m3 | D2: Boiler Reading m3 | E2: Kitchen Reading m3 | F2: Laundry Reading m3 | G2: Water Supplier Credit m3 | H2: CHP Diffenece m3 | I2: Boiler Difference m3 | J2: Kitchen Difference m3 | K2: Laundry Difference m3 | L2: Water Difference m3 | M2: Total Gas Consumption m3
B3: 43830 | C3: 16228333 | D3: 3990997 | E3: 223696 | F3: 521490 | G3: 5647
B4: 44197 | C4: 16228335 | D4: 4463442 | E4: 277482 | F4: 575904 | G4: 225686 | H4: 0 | I4: 1954 | J4: 128 | K4: 114 | L4: 128 | M4: 2196 | Q4: =IF(L4="",1,0) -> 0
B5: 44198 | C5: 16228335 | D5: 4465332 | E5: 277603 | F5: 576035 | G5: 225791 | H5: 0 | I5: 1890 | J5: 121 | K5: 131 | L5: 105 | M5: 2142 | Q5: =IF(L5="",1,0) -> 0
B6: 44199 | C6: 16228335 | D6: 4467510 | E6: 277734 | F6: 576163 | G6: 225895 | H6: 0 | I6: 2178 | J6: 131 | K6: 128 | L6: 104 | M6: 2437 | Q6: =IF(L6="",1,0) -> 0
B7: 44200 | C7: 16228335 | D7: 4469336 | E7: 277851 | F7: 576303 | G7: 226007 | H7: 0 | I7: 1826 | J7: 117 | K7: 140 | L7: 112 | M7: 2083 | Q7: =IF(L7="",1,0) -> 0
B8: 44201 | C8: 16228335 | D8: 4471208 | E8: 277990 | F8: 576427 | G8: 226107 | H8: 0 | I8: 1872 | J8: 139 | K8: 124 | L8: 100 | M8: 2135 | Q8: =IF(L8="",1,0) -> 0
B9: 44202 | C9: 16228335 | D9: 4473169 | E9: 278127 | F9: 576529 | G9: 226220 | H9: 0 | I9: 1961 | J9: 137 | K9: 102 | L9: 113 | M9: 2200 | Q9: =IF(L9="",1,0) -> 0
B10: 44203 | C10: 16228335 | D10: 4474988 | E10: 278259 | F10: 576653 | G10: 226326 | H10: 0 | I10: 1819 | J10: 132 | K10: 124 | L10: 106 | M10: 2075 | Q10: =IF(L10="",1,0) -> 0
B11: 44204 | C11: 16228335 | D11: 4476515 | E11: 278386 | F11: 576784 | G11: 226440 | H11: 0 | I11: 1527 | J11: 127 | K11: 131 | L11: 114 | M11: 1785 | Q11: =IF(L11="",1,0) -> 0
B12: 44205 | C12: 16228335 | D12: 4478432 | E12: 278504 | F12: 576904 | G12: 226516 | H12: 0 | I12: 1917 | J12: 118 | K12: 120 | L12: 76 | M12: 2155 | Q12: =IF(L12="",1,0) -> 0
B13: 44206 | C13: 16228335 | D13: 4480830 | E13: 278634 | F13: 577018 | G13: 226607 | H13: 0 | I13: 2398 | J13: 130 | K13: 114 | L13: 91 | M13: 2642 | Q13: =IF(L13="",1,0) -> 0
B14: 44207 | C14: 16228335 | D14: 4482588 | E14: 278774 | F14: 577125 | G14: 226718 | H14: 0 | I14: 1758 | J14: 140 | K14: 107 | L14: 111 | M14: 2005 | Q14: =IF(L14="",1,0) -> 0
B15: 44208 | C15: 16228335 | D15: 4484455 | E15: 278913 | F15: 577236 | G15: 226805 | H15: 0 | I15: 1867 | J15: 139 | K15: 111 | L15: 87 | M15: 2117 | Q15: =IF(L15="",1,0) -> 0
... B24: 44217 | C24: 16228335 | D24: 4517220 | E24: 280051 | F24: 578160 | G24: 227610 | H24: 0 | I24: 3214 | J24: 134 | K24: 108 | L24: 101 | M24: 3456 | Q24: =IF(L24="",1,0) -> 0
B25: 44218 | C25: 16228335 | D25: 4519533 | E25: 280158 | F25: 578273 | G25: 227717 | H25: 0 | I25: 2313 | J25: 107 | K25: 113 | L25: 107 | M25: 2533 | N25: Total Water m3 | O25: Total Gas m3 | Q25: =IF(L25="",1,0) -> 0
B26: 44219 | C26: 16228335 | D26: 4521970 | E26: 280289 | F26: 578391 | G26: 227832 | H26: 0 | I26: 2437 | J26: 131 | K26: 118 | L26: 115 | M26: 2686 | Q26: =IF(L26="",1,0) -> 0
B27: 44220 | C27: 16228335 | D27: 4524269 | E27: 280407 | F27: 578505 | G27: 227920 | H27: 0 | I27: 2299 | J27: 118 | K27: 114 | L27: 88 | M27: 2531 | Q27: =IF(L27="",1,0) -> 0
B28: 44221 | C28: 16228335 | D28: 4526764 | E28: 280553 | F28: 578615 | G28: 228007 | H28: 0 | I28: 2495 | J28: 146 | K28: 110 | L28: 87 | M28: 2751 | N28: =SUM(L4:L34) -> 3034 | O28: =SUM(M4:M34) -> 90629 | Q28: =IF(L28="",1,0) -> 0
B29: 44222 | C29: 16228335 | D29: 4529086 | E29: 280686 | F29: 578736 | G29: 228111 | H29: 0 | I29: 2322 | J29: 133 | K29: 121 | L29: 104 | M29: 2576 | N29: Daily Average Water Consumption | O29: Daily Average Gas Consumption | Q29: =IF(L29="",1,0) -> 0
B30: 44223 | C30: 16228335 | D30: 4532734 | E30: 280825 | F30: 578859 | G30: 228202 | H30: 0 | I30: 3648 | J30: 139 | K30: 123 | L30: 91 | M30: 3910 | Q30: =IF(L30="",1,0) -> 0
B31: 44224 | C31: 16228335 | D31: 4536383 | E31: 280976 | F31: 578983 | G31: 228316 | H31: 0 | I31: 3649 | J31: 151 | K31: 124 | L31: 114 | M31: 3924 | N31: =AVERAGE(L4:L34) -> 97.870968 | O31: =AVERAGE(M4:M34) -> 2923.5161 | Q31: =IF(L31="",1,0) -> 0
B32: 44225 | C32: 16228335 | D32: 4539594 | E32: 281116 | F32: 579121 | G32: 228427 | H32: 0 | I32: 3211 | J32: 140 | K32: 138 | L32: 111 | M32: 3489 | O32: =IF(L32="",1,0) -> 0
B33: 44226 | C33: 16228335 | D33: 4542176 | E33: 281242 | F33: 579234 | G33: 228513 | H33: 0 | I33: 2582 | J33: 126 | K33: 113 | L33: 86 | M33: 2821 | O33: =IF(L33="",1,0) -> 0
B34: 44227 | C34: 16228335 | D34: 4544555 | E34: 281363 | F34: 579343 | G34: 228592 | H34: 0 | I34: 2379 | J34: 121 | K34: 109 | L34: 79 | M34: 2609 | Q34: =IF(L34="",1,0) -> 0
B35: 44228 | C35: 16228335 | D35: 4546448 | E35: 281482 | F35: 579448 | G35: 228680 | H35: 0 | I35: 1893 | J35: 119 | K35: 105 | L35: 88 | M35: 2117
B36: 44229 | C36: 16228335 | D36: 4548532 | E36: 281601 | F36: 579542 | G36: 228806 | H36: 0 | I36: 2084 | J36: 119 | K36: 94 | L36: 126 | M36: 2297 | Q36: =IF(L36="",1,0) -> 0
B37: 44230 | C37: 16228335 | D37: 4550676 | E37: 281742 | F37: 579654 | G37: 228977 | H37: 0 | I37: 2144 | J37: 141 | K37: 112 | L37: 171 | M37: 2397 | Q37: =IF(L37="",1,0) -> 0
B38: 44231 | C38: 16228335 | D38: 4552886 | E38: 281882 | F38: 579760 | G38: 229131 | H38: 0 | I38: 2210 | J38: 140 | K38: 106 | L38: 154 | M38: 2456 | Q38: =IF(L38="",1,0) -> 0
B39: 44232 | C39: 16228335 | D39: 4555153 | E39: 282033 | F39: 579891 | G39: 229262 | H39: 0 | I39: 2267 | J39: 151 | K39: 131 | L39: 131 | M39: 2549 | Q39: =IF(L39="",1,0) -> 0
B40: 44233 | C40: 16228335 | D40: 4557430 | E40: 282160 | F40: 580030 | G40: 229393 | H40: 0 | I40: 2277 | J40: 127 | K40: 139 | L40: 131 | M40: 2543 | Q40: =IF(L40="",1,0) -> 0
B41: 44234 | C41: 16228335 | D41: 4559442 | E41: 282285 | F41: 580173 | G41: 229516 | H41: 0 | I41: 2012 | J41: 125 | K41: 143 | L41: 123 | M41: 2280 | Q41: =IF(L41="",1,0) -> 0
B42: 44235 | C42: 16228335 | D42: 4561022 | E42: 282439 | F42: 580311 | G42: 229611 | H42: 0 | I42: 1580 | J42: 154 | K42: 138 | L42: 95 | M42: 1872 | Q42: =IF(L42="",1,0) -> 0
B43: 44236 | C43: 16228335 | D43: 4562745 | E43: 282581 | F43: 580422 | G43: 229710 | H43: 0 | I43: 1723 | J43: 142 | K43: 111 | L43: 99 | M43: 1976 | Q43: =IF(L43="",1,0) -> 0
B44: 44237 | C44: 16228335 | D44: 4564656 | E44: 282701 | F44: 580551 | G44: 229812 | H44: 0 | I44: 1911 | J44: 120 | K44: 129 | L44: 102 | M44: 2160 | Q44: =IF(L44="",1,0) -> 0
B45: 44238 | C45: 16228335 | D45: 4566425 | E45: 282827 | F45: 580680 | G45: 229984 | H45: 0 | I45: 1769 | J45: 126 | K45: 129 | L45: 172 | M45: 2024 | Q45: =IF(L45="",1,0) -> 0
B46: 44239 | C46: 16228335 | D46: 4569862 | E46: 282962 | F46: 580824 | G46: 230106 | H46: 0 | I46: 3437 | J46: 135 | K46: 144 | L46: 122 | M46: 3716 | Q46: =IF(L46="",1,0) -> 0
B47: 44240 | C47: 16228335 | D47: 4573447 | E47: 283081 | F47: 580933 | G47: 230295 | H47: 0 | I47: 3585 | J47: 119 | K47: 109 | L47: 189 | M47: 3813 | Q47: =IF(L47="",1,0) -> 0
... B52: 44245 | C52: 16228335 | D52: 4594466 | E52: 283813 | F52: 581645 | G52: 230926 | H52: 0 | I52: 4001 | J52: 167 | K52: 122 | L52: 346 | M52: 4290 | Q52: =IF(L52="",1,0) -> 0
B53: 44246 | C53: 16228335 | D53: 4598082 | E53: 283934 | F53: 581764 | G53: 230946 | H53: 0 | I53: 3616 | J53: 121 | K53: 119 | L53: 20 | M53: 3856 | N53: Total Water m3 | O53: Total Gas m3 | Q53: =IF(L53="",1,0) -> 0
B54: 44247 | C54: 16228335 | D54: 4602445 | E54: 284071 | F54: 581856 | G54: 231160 | H54: 0 | I54: 4363 | J54: 137 | K54: 92 | L54: 214 | M54: 4592 | Q54: =IF(L54="",1,0) -> 0
B55: 44248 | C55: 16228335 | D55: 4605943 | E55: 284193 | F55: 581976 | G55: 231357 | H55: 0 | I55: 3498 | J55: 122 | K55: 120 | L55: 197 | M55: 3740 | Q55: =IF(L55="",1,0) -> 0
B56: 44249 | C56: 16228335 | D56: 4609428 | E56: 284334 | F56: 582122 | G56: 231535 | H56: 0 | I56: 3485 | J56: 141 | K56: 146 | L56: 178 | M56: 3772 | N56: =SUM(L35:L63) -> 3937 | O56: =SUM(M35:M63) -> 95062 | Q56: =IF(L56="",1,0) -> 0
B57: 44250 | C57: 16228335 | D57: 4612707 | E57: 284487 | F57: 582252 | G57: 231719 | H57: 0 | I57: 3279 | J57: 153 | K57: 130 | L57: 184 | M57: 3562 | N57: Daily Average Water Consumption | O57: Daily Average Gas Consumption | Q57: =IF(L57="",1,0) -> 0
B58: 44251 | C58: 16228335 | D58: 4616132 | E58: 284654 | F58: 582392 | G58: 231847 | H58: 0 | I58: 3425 | J58: 167 | K58: 140 | L58: 128 | M58: 3732 | Q58: =IF(L58="",1,0) -> 0
B59: 44252 | C59: 16228335 | D59: 4619459 | E59: 284828 | F59: 582532 | G59: 231981 | H59: 0 | I59: 3327 | J59: 174 | K59: 140 | L59: 134 | M59: 3641 | N59: =AVERAGE(L35:L63) -> 135.75862 | O59: =AVERAGE(M35:M63) -> 3278 | Q59: =IF(L59="",1,0) -> 0
B60: 44253 | C60: 16228335 | D60: 4622424 | E60: 284969 | F60: 582673 | G60: 232103 | H60: 0 | I60: 2965 | J60: 141 | K60: 141 | L60: 122 | M60: 3247 | N60: ISKI Aysonu | O60: Doğalgaz Aysonu | Q60: =IF(L60="",1,0) -> 0
B61: 44254 | C61: 16228335 | D61: 4625493 | E61: 285116 | F61: 582816 | G61: 232246 | H61: 0 | I61: 3069 | J61: 147 | K61: 143 | L61: 143 | M61: 3359 | Q61: =IF(L61="",1,0) -> 0
B62: 44255 | C62: 16228335 | D62: 4628697 | E62: 285269 | F62: 582955 | G62: 232399 | H62: 0 | I62: 3204 | J62: 153 | K62: 139 | L62: 153 | M62: 3496 | N62: =N56+(N59*SUM(Q35:Q63)) -> 3937 | O62: =O56+(O59*SUM(Q35:Q63)) -> 95062 | Q62: =IF(L62="",1,0) -> 0
B63: 44256 | C63: 16228335 | D63: 4631793 | E63: 285403 | F63: 583127 | G63: 232529 | H63: 0 | I63: 3096 | J63: 134 | K63: 172 | L63: 130 | M63: 3402 | Q63: =IF(L63="",1,0) -> 0
B64: 44257 | C64: 16228335 | D64: 4635049 | E64: 285544 | F64: 583278 | G64: 232637 | H64: 0 | I64: 3256 | J64: 141 | K64: 151 | L64: 108 | M64: 3548 | Q64: =IF(L64="",1,0) -> 0
B65: 44258 | C65: 16228335 | D65: 4638185 | E65: 285697 | F65: 583396 | G65: 232765 | H65: 0 | I65: 3136 | J65: 153 | K65: 118 | L65: 128 | M65: 3407 | Q65: =IF(L65="",1,0) -> 0
B66: 44259 | C66: 16228335 | D66: 4641040 | E66: 285869 | F66: 583552 | G66: 232905 | H66: 0 | I66: 2855 | J66: 172 | K66: 156 | L66: 140 | M66: 3183 | Q66: =IF(L66="",1,0) -> 0
B67: 44260 | C67: 16228335 | D67: 4643466 | E67: 286009 | F67: 583725 | G67: 233210 | H67: 0 | I67: 2426 | J67: 140 | K67: 173 | L67: 305 | M67: 2739 | Q67: =IF(L67="",1,0) -> 0
B68: 44261 | C68: 16228335 | D68: 4646431 | E68: 286146 | F68: 583878 | G68: 233378 | H68: 0 | I68: 2965 | J68: 137 | K68: 153 | L68: 168 | M68: 3255 | Q68: =IF(L68="",1,0) -> 0
B69: 44262 | C69: 16228335 | D69: 4649860 | E69: 286296 | F69: 584049 | G69: 233533 | H69: 0 | I69: 3429 | J69: 150 | K69: 171 | L69: 155 | M69: 3750 | Q69: =IF(L69="",1,0) -> 0
B70: 44263 | C70: 16228335 | D70: 4653014 | E70: 286469 | F70: 584204 | G70: 233676 | H70: 0 | I70: 3154 | J70: 173 | K70: 155 | L70: 143 | M70: 3482 | Q70: =IF(L70="",1,0) -> 0
B71: 44264 | C71: 16228335 | D71: 4655730 | E71: 286643 | F71: 584351 | G71: 233817 | H71: 0 | I71: 2716 | J71: 174 | K71: 147 | L71: 141 | M71: 3037 | Q71: =IF(L71="",1,0) -> 0
B72: 44265 | C72: 16228335 | D72: 4658474 | E72: 286815 | F72: 584484 | G72: 233964 | H72: 0 | I72: 2744 | J72: 172 | K72: 133 | L72: 147 | M72: 3049 | Q72: =IF(L72="",1,0) -> 0
B73: 44266 | C73: 16228335 | D73: 4661966 | E73: 286968 | F73: 584641 | G73: 234106 | H73: 0 | I73: 3492 | J73: 153 | K73: 157 | L73: 142 | M73: 3802 | Q73: =IF(L73="",1,0) -> 0
B74: 44267 | C74: 16228335 | D74: 4665199 | E74: 287151 | F74: 584791 | G74: 234266 | H74: 0 | I74: 3233 | J74: 183 | K74: 150 | L74: 160 | M74: 3566 | Q74: =IF(L74="",1,0) -> 0
... B77: 44270 | C77: 16228335 | D77: 4672955 | E77: 287611 | F77: 585242 | G77: 234700 | H77: 0 | I77: 2257 | J77: 158 | K77: 156 | L77: 143 | M77: 2571 | Q77: =IF(L77="",1,0) -> 0
B78: 44271 | C78: 16228335 | D78: 4675580 | E78: 287772 | F78: 585380 | G78: 234859 | H78: =IF(C78="","",+(C78-C77)) -> 0 | I78: =IF(D78="","",+(D78-D77)) -> 2625 | J78: =IF(E78="","",+(E78-E77)) -> 161 | K78: =IF(F78="","",+(F78-F77)) -> 138 | L78: =IF(G78="","",+(G78-G77)) -> 159 | M78: =IF(H78="","",+(H78+I78+J78+K78)) -> 2924 | Q78: =IF(L78="",1,0) -> 0
B79: 44272 | C79: 16228335 | D79: 4678672 | E79: 287956 | F79: 585520 | G79: 234980 | H79: =IF(C79="","",+(C79-C78)) -> 0 | I79: =IF(D79="","",+(D79-D78)) -> 3092 | J79: =IF(E79="","",+(E79-E78)) -> 184 | K79: =IF(F79="","",+(F79-F78)) -> 140 | L79: =IF(G79="","",+(G79-G78)) -> 121 | M79: =IF(H79="","",+(H79+I79+J79+K79)) -> 3416 | Q79: =IF(L79="",1,0) -> 0
B80: 44273 | C80: 16228335 | D80: 4681476 | E80: 288125 | F80: 585660 | G80: 235102 | H80: =IF(C80="","",+(C80-C79)) -> 0 | I80: =IF(D80="","",+(D80-D79)) -> 2804 | J80: =IF(E80="","",+(E80-E79)) -> 169 | K80: =IF(F80="","",+(F80-F79)) -> 140 | L80: =IF(G80="","",+(G80-G79)) -> 122 | M80: =IF(H80="","",+(H80+I80+J80+K80)) -> 3113 | Q80: =IF(L80="",1,0) -> 0
B81: 44274 | C81: 16228335 | D81: 4684564 | E81: 288290 | F81: 585810 | G81: 235255 | H81: =IF(C81="","",+(C81-C80)) -> 0 | I81: =IF(D81="","",+(D81-D80)) -> 3088 | J81: =IF(E81="","",+(E81-E80)) -> 165 | K81: =IF(F81="","",+(F81-F80)) -> 150 | L81: =IF(G81="","",+(G81-G80)) -> 153 | M81: =IF(H81="","",+(H81+I81+J81+K81)) -> 3403 | Q81: =IF(L81="",1,0) -> 0
B82: 44275 | C82: 16228335 | D82: 4687272 | E82: 288425 | F82: 585964 | G82: 235410 | H82: =IF(C82="","",+(C82-C81)) -> 0 | I82: =IF(D82="","",+(D82-D81)) -> 2708 | J82: =IF(E82="","",+(E82-E81)) -> 135 | K82: =IF(F82="","",+(F82-F81)) -> 154 | L82: =IF(G82="","",+(G82-G81)) -> 155 | M82: =IF(H82="","",+(H82+I82+J82+K82)) -> 2997 | Q82: =IF(L82="",1,0) -> 0
B83: 44276 | C83: 16228335 | D83: 4690181 | E83: 288564 | F83: 586133 | G83: 235551 | H83: =IF(C83="","",+(C83-C82)) -> 0 | I83: =IF(D83="","",+(D83-D82)) -> 2909 | J83: =IF(E83="","",+(E83-E82)) -> 139 | K83: =IF(F83="","",+(F83-F82)) -> 169 | L83: =IF(G83="","",+(G83-G82)) -> 141 | M83: =IF(H83="","",+(H83+I83+J83+K83)) -> 3217 | Q83: =IF(L83="",1,0) -> 0
B84: 44277 | C84: 16228335 | D84: 4693009 | E84: 288717 | F84: 586298 | G84: 235694 | H84: =IF(C84="","",+(C84-C83)) -> 0 | I84: =IF(D84="","",+(D84-D83)) -> 2828 | J84: =IF(E84="","",+(E84-E83)) -> 153 | K84: =IF(F84="","",+(F84-F83)) -> 165 | L84: =IF(G84="","",+(G84-G83)) -> 143 | M84: =IF(H84="","",+(H84+I84+J84+K84)) -> 3146 | N84: Total Water m3 | O84: Total Gas m3 | Q84: =IF(L84="",1,0) -> 0
B85: 44278 | C85: 16228335 | D85: 4696534 | E85: 288853 | F85: 586460 | G85: 235858 | H85: =IF(C85="","",+(C85-C84)) -> 0 | I85: =IF(D85="","",+(D85-D84)) -> 3525 | J85: =IF(E85="","",+(E85-E84)) -> 136 | K85: =IF(F85="","",+(F85-F84)) -> 162 | L85: =IF(G85="","",+(G85-G84)) -> 164 | M85: =IF(H85="","",+(H85+I85+J85+K85)) -> 3823 | Q85: =IF(L85="",1,0) -> 0
B86: 44279 | C86: 16228335 | D86: 4700181 | E86: 289010 | F86: 586638 | G86: 236008 | H86: =IF(C86="","",+(C86-C85)) -> 0 | I86: =IF(D86="","",+(D86-D85)) -> 3647 | J86: =IF(E86="","",+(E86-E85)) -> 157 | K86: =IF(F86="","",+(F86-F85)) -> 178 | L86: =IF(G86="","",+(G86-G85)) -> 150 | M86: =IF(H86="","",+(H86+I86+J86+K86)) -> 3982 | Q86: =IF(L86="",1,0) -> 0
B87: 44280 | C87: 16228335 | D87: 4703638 | E87: 289148 | F87: 586812 | G87: 236147 | H87: =IF(C87="","",+(C87-C86)) -> 0 | I87: =IF(D87="","",+(D87-D86)) -> 3457 | J87: =IF(E87="","",+(E87-E86)) -> 138 | K87: =IF(F87="","",+(F87-F86)) -> 174 | L87: =IF(G87="","",+(G87-G86)) -> 139 | M87: =IF(H87="","",+(H87+I87+J87+K87)) -> 3769 | N87: =SUM(L64:L94) -> 4764 | O87: =SUM(M64:M94) -> 101601 | Q87: =IF(L87="",1,0) -> 0
B88: 44281 | C88: 16228335 | D88: 4706852 | E88: 289330 | F88: 587002 | G88: 236307 | H88: =IF(C88="","",+(C88-C87)) -> 0 | I88: =IF(D88="","",+(D88-D87)) -> 3214 | J88: =IF(E88="","",+(E88-E87)) -> 182 | K88: =IF(F88="","",+(F88-F87)) -> 190 | L88: =IF(G88="","",+(G88-G87)) -> 160 | M88: =IF(H88="","",+(H88+I88+J88+K88)) -> 3586 | N88: Daily Average Water Consumption | O88: Daily Average Gas Consumption | Q88: =IF(L88="",1,0) -> 0
B89: 44282 | C89: 16228335 | D89: 4709837 | E89: 289498 | F89: 587171 | G89: 236475 | H89: =IF(C89="","",+(C89-C88)) -> 0 | I89: =IF(D89="","",+(D89-D88)) -> 2985 | J89: =IF(E89="","",+(E89-E88)) -> 168 | K89: =IF(F89="","",+(F89-F88)) -> 169 | L89: =IF(G89="","",+(G89-G88)) -> 168 | M89: =IF(H89="","",+(H89+I89+J89+K89)) -> 3322 | Q89: =IF(L89="",1,0) -> 0
B90: 44283 | C90: 16228335 | D90: 4712294 | E90: 289623 | F90: 587351 | G90: 236618 | H90: =IF(C90="","",+(C90-C89)) -> 0 | I90: =IF(D90="","",+(D90-D89)) -> 2457 | J90: =IF(E90="","",+(E90-E89)) -> 125 | K90: =IF(F90="","",+(F90-F89)) -> 180 | L90: =IF(G90="","",+(G90-G89)) -> 143 | M90: =IF(H90="","",+(H90+I90+J90+K90)) -> 2762 | N90: =AVERAGE(L64:L94) -> 153.67742 | O90: =AVERAGE(M64:M94) -> 3277.4516 | Q90: =IF(L90="",1,0) -> 0
B91: 44284 | C91: 16228335 | D91: 4714860 | E91: 289777 | F91: 587524 | G91: 236779 | H91: =IF(C91="","",+(C91-C90)) -> 0 | I91: =IF(D91="","",+(D91-D90)) -> 2566 | J91: =IF(E91="","",+(E91-E90)) -> 154 | K91: =IF(F91="","",+(F91-F90)) -> 173 | L91: =IF(G91="","",+(G91-G90)) -> 161 | M91: =IF(H91="","",+(H91+I91+J91+K91)) -> 2893 | N91: ISKI Aysonu | O91: Doğalgaz Aysonu | Q91: =IF(L91="",1,0) -> 0
B92: 44285 | C92: 16228335 | D92: 4717722 | E92: 289953 | F92: 587703 | G92: 236935 | H92: =IF(C92="","",+(C92-C91)) -> 0 | I92: =IF(D92="","",+(D92-D91)) -> 2862 | J92: =IF(E92="","",+(E92-E91)) -> 176 | K92: =IF(F92="","",+(F92-F91)) -> 179 | L92: =IF(G92="","",+(G92-G91)) -> 156 | M92: =IF(H92="","",+(H92+I92+J92+K92)) -> 3217 | Q92: =IF(L92="",1,0) -> 0
B93: 44286 | C93: 16228335 | D93: 4720744 | E93: 290093 | F93: 587881 | G93: 237098 | H93: =IF(C93="","",+(C93-C92)) -> 0 | I93: =IF(D93="","",+(D93-D92)) -> 3022 | J93: =IF(E93="","",+(E93-E92)) -> 140 | K93: =IF(F93="","",+(F93-F92)) -> 178 | L93: =IF(G93="","",+(G93-G92)) -> 163 | M93: =IF(H93="","",+(H93+I93+J93+K93)) -> 3340 | N93: =N87+(N90*SUM(Q64:Q94)) -> 4764 | O93: =O87+(O90*SUM(Q64:Q94)) -> 101601 | Q93: =IF(L93="",1,0) -> 0
B94: 44287 | C94: 16228335 | D94: 4723626 | E94: 290236 | F94: 588062 | G94: 237293 | H94: =IF(C94="","",+(C94-C93)) -> 0 | I94: =IF(D94="","",+(D94-D93)) -> 2882 | J94: =IF(E94="","",+(E94-E93)) -> 143 | K94: =IF(F94="","",+(F94-F93)) -> 181 | L94: =IF(G94="","",+(G94-G93)) -> 195 | M94: =IF(H94="","",+(H94+I94+J94+K94)) -> 3206 | Q94: =IF(L94="",1,0) -> 0
B95: 44288 | C95: 16228335 | D95: 4726155 | E95: 290380 | F95: 588230 | G95: 237437 | H95: =IF(C95="","",+(C95-C94)) -> 0 | I95: =IF(D95="","",+(D95-D94)) -> 2529 | J95: =IF(E95="","",+(E95-E94)) -> 144 | K95: =IF(F95="","",+(F95-F94)) -> 168 | L95: =IF(G95="","",+(G95-G94)) -> 144 | M95: =IF(H95="","",+(H95+I95+J95+K95)) -> 2841 | Q95: =IF(L95="",1,0) -> 0
B96: 44289 | C96: 16228335 | D96: 4728098 | E96: 290529 | F96: 588412 | G96: 237590 | H96: =IF(C96="","",+(C96-C95)) -> 0 | I96: =IF(D96="","",+(D96-D95)) -> 1943 | J96: =IF(E96="","",+(E96-E95)) -> 149 | K96: =IF(F96="","",+(F96-F95)) -> 182 | L96: =IF(G96="","",+(G96-G95)) -> 153 | M96: =IF(H96="","",+(H96+I96+J96+K96)) -> 2274 | Q96: =IF(L96="",1,0) -> 0
B97: 44290 | C97: 16228335 | D97: 4730566 | E97: 290666 | F97: 588591 | G97: 237791 | H97: =IF(C97="","",+(C97-C96)) -> 0 | I97: =IF(D97="","",+(D97-D96)) -> 2468 | J97: =IF(E97="","",+(E97-E96)) -> 137 | K97: =IF(F97="","",+(F97-F96)) -> 179 | L97: =IF(G97="","",+(G97-G96)) -> 201 | M97: =IF(H97="","",+(H97+I97+J97+K97)) -> 2784 | Q97: =IF(L97="",1,0) -> 0
B98: 44291 | C98: 16228335 | D98: 4733340 | E98: 290797 | F98: 588757 | G98: 237954 | H98: =IF(C98="","",+(C98-C97)) -> 0 | I98: =IF(D98="","",+(D98-D97)) -> 2774 | J98: =IF(E98="","",+(E98-E97)) -> 131 | K98: =IF(F98="","",+(F98-F97)) -> 166 | L98: =IF(G98="","",+(G98-G97)) -> 163 | M98: =IF(H98="","",+(H98+I98+J98+K98)) -> 3071 | Q98: =IF(L98="",1,0) -> 0
B99: 44292 | C99: 16228335 | D99: 4735248 | E99: 290972 | F99: 588939 | G99: 238121 | H99: =IF(C99="","",+(C99-C98)) -> 0 | I99: =IF(D99="","",+(D99-D98)) -> 1908 | J99: =IF(E99="","",+(E99-E98)) -> 175 | K99: =IF(F99="","",+(F99-F98)) -> 182 | L99: =IF(G99="","",+(G99-G98)) -> 167 | M99: =IF(H99="","",+(H99+I99+J99+K99)) -> 2265 | Q99: =IF(L99="",1,0) -> 0
B100: 44293 | C100: 16228335 | D100: 4737202 | E100: 291111 | F100: 589114 | G100: 238296 | H100: =IF(C100="","",+(C100-C99)) -> 0 | I100: =IF(D100="","",+(D100-D99)) -> 1954 | J100: =IF(E100="","",+(E100-E99)) -> 139 | K100: =IF(F100="","",+(F100-F99)) -> 175 | L100: =IF(G100="","",+(G100-G99)) -> 175 | M100: =IF(H100="","",+(H100+I100+J100+K100)) -> 2268 | Q100: =IF(L100="",1,0) -> 0
B101: 44294 | C101: 16228335 | D101: 4740068 | E101: 291261 | F101: 589292 | G101: 238446 | H101: =IF(C101="","",+(C101-C100)) -> 0 | I101: =IF(D101="","",+(D101-D100)) -> 2866 | J101: =IF(E101="","",+(E101-E100)) -> 150 | K101: =IF(F101="","",+(F101-F100)) -> 178 | L101: =IF(G101="","",+(G101-G100)) -> 150 | M101: =IF(H101="","",+(H101+I101+J101+K101)) -> 3194 | Q101: =IF(L101="",1,0) -> 0
B102: 44295 | C102: 16228335 | D102: 4742762 | E102: 291403 | F102: 589454 | G102: 238650 | H102: =IF(C102="","",+(C102-C101)) -> 0 | I102: =IF(D102="","",+(D102-D101)) -> 2694 | J102: =IF(E102="","",+(E102-E101)) -> 142 | K102: =IF(F102="","",+(F102-F101)) -> 162 | L102: =IF(G102="","",+(G102-G101)) -> 204 | M102: =IF(H102="","",+(H102+I102+J102+K102)) -> 2998 | Q102: =IF(L102="",1,0) -> 0
B103: 44296 | C103: 16228335 | D103: 4745326 | E103: 291545 | F103: 589620 | G103: 238776 | H103: =IF(C103="","",+(C103-C102)) -> 0 | I103: =IF(D103="","",+(D103-D102)) -> 2564 | J103: =IF(E103="","",+(E103-E102)) -> 142 | K103: =IF(F103="","",+(F103-F102)) -> 166 | L103: =IF(G103="","",+(G103-G102)) -> 126 | M103: =IF(H103="","",+(H103+I103+J103+K103)) -> 2872 | Q103: =IF(L103="",1,0) -> 0
B104: 44297 | C104: 16228335 | D104: 4747633 | E104: 291706 | F104: 589792 | G104: 238907 | H104: =IF(C104="","",+(C104-C103)) -> 0 | I104: =IF(D104="","",+(D104-D103)) -> 2307 | J104: =IF(E104="","",+(E104-E103)) -> 161 | K104: =IF(F104="","",+(F104-F103)) -> 172 | L104: =IF(G104="","",+(G104-G103)) -> 131 | M104: =IF(H104="","",+(H104+I104+J104+K104)) -> 2640 | Q104: =IF(L104="",1,0) -> 0
B105: 44298 | C105: 16228335 | D105: 4749949 | E105: 291882 | F105: 589953 | G105: 239041 | H105: =IF(C105="","",+(C105-C104)) -> 0 | I105: =IF(D105="","",+(D105-D104)) -> 2316 | J105: =IF(E105="","",+(E105-E104)) -> 176 | K105: =IF(F105="","",+(F105-F104)) -> 161 | L105: =IF(G105="","",+(G105-G104)) -> 134 | M105: =IF(H105="","",+(H105+I105+J105+K105)) -> 2653 | Q105: =IF(L105="",1,0) -> 0
... B113: 44306 | C113: 16228335 | D113: 4768173 | E113: 292994 | F113: 590922 | G113: 240372 | H113: =IF(C113="","",+(C113-C112)) -> 0 | I113: =IF(D113="","",+(D113-D112)) -> 2250 | J113: =IF(E113="","",+(E113-E112)) -> 151 | K113: =IF(F113="","",+(F113-F112)) -> 141 | L113: =IF(G113="","",+(G113-G112)) -> 120 | M113: =IF(H113="","",+(H113+I113+J113+K113)) -> 2542 | Q113: =IF(L113="",1,0) -> 0
B114: 44307 | C114: 16228335 | D114: 4770399 | E114: 293157 | F114: 591040 | G114: 240538 | H114: =IF(C114="","",+(C114-C113)) -> 0 | I114: =IF(D114="","",+(D114-D113)) -> 2226 | J114: =IF(E114="","",+(E114-E113)) -> 163 | K114: =IF(F114="","",+(F114-F113)) -> 118 | L114: =IF(G114="","",+(G114-G113)) -> 166 | M114: =IF(H114="","",+(H114+I114+J114+K114)) -> 2507 | N114: Total Water m3 | O114: Total Gas m3 | Q114: =IF(L114="",1,0) -> 0
B115: 44308 | C115: 16228335 | D115: 4772606 | E115: 293282 | F115: 591152 | G115: 240705 | H115: =IF(C115="","",+(C115-C114)) -> 0 | I115: =IF(D115="","",+(D115-D114)) -> 2207 | J115: =IF(E115="","",+(E115-E114)) -> 125 | K115: =IF(F115="","",+(F115-F114)) -> 112 | L115: =IF(G115="","",+(G115-G114)) -> 167 | M115: =IF(H115="","",+(H115+I115+J115+K115)) -> 2444 | Q115: =IF(L115="",1,0) -> 0
B116: 44309 | C116: 16228335 | D116: 4774664 | E116: 293415 | F116: 591289 | G116: 240831 | H116: =IF(C116="","",+(C116-C115)) -> 0 | I116: =IF(D116="","",+(D116-D115)) -> 2058 | J116: =IF(E116="","",+(E116-E115)) -> 133 | K116: =IF(F116="","",+(F116-F115)) -> 137 | L116: =IF(G116="","",+(G116-G115)) -> 126 | M116: =IF(H116="","",+(H116+I116+J116+K116)) -> 2328 | Q116: =IF(L116="",1,0) -> 0
B117: 44310 | C117: 16228335 | D117: 4776923 | E117: 293556 | F117: 591405 | G117: 240945 | H117: =IF(C117="","",+(C117-C116)) -> 0 | I117: =IF(D117="","",+(D117-D116)) -> 2259 | J117: =IF(E117="","",+(E117-E116)) -> 141 | K117: =IF(F117="","",+(F117-F116)) -> 116 | L117: =IF(G117="","",+(G117-G116)) -> 114 | M117: =IF(H117="","",+(H117+I117+J117+K117)) -> 2516 | N117: =SUM(L95:L124) -> 4431 | O117: =SUM(M95:M124) -> 74704 | Q117: =IF(L117="",1,0) -> 0
B118: 44311 | C118: 16228335 | D118: 4779395 | E118: 293692 | F118: 591512 | G118: 241049 | H118: =IF(C118="","",+(C118-C117)) -> 0 | I118: =IF(D118="","",+(D118-D117)) -> 2472 | J118: =IF(E118="","",+(E118-E117)) -> 136 | K118: =IF(F118="","",+(F118-F117)) -> 107 | L118: =IF(G118="","",+(G118-G117)) -> 104 | M118: =IF(H118="","",+(H118+I118+J118+K118)) -> 2715 | N118: Daily Average Water Consumption | O118: Daily Average Gas Consumption | Q118: =IF(L118="",1,0) -> 0
B119: 44312 | C119: 16228335 | D119: 4781626 | E119: 293820 | F119: 591626 | G119: 241159 | H119: =IF(C119="","",+(C119-C118)) -> 0 | I119: =IF(D119="","",+(D119-D118)) -> 2231 | J119: =IF(E119="","",+(E119-E118)) -> 128 | K119: =IF(F119="","",+(F119-F118)) -> 114 | L119: =IF(G119="","",+(G119-G118)) -> 110 | M119: =IF(H119="","",+(H119+I119+J119+K119)) -> 2473 | Q119: =IF(L119="",1,0) -> 0
B120: 44313 | C120: 16228335 | D120: 4783629 | E120: 293956 | F120: 591726 | G120: 241249 | H120: =IF(C120="","",+(C120-C119)) -> 0 | I120: =IF(D120="","",+(D120-D119)) -> 2003 | J120: =IF(E120="","",+(E120-E119)) -> 136 | K120: =IF(F120="","",+(F120-F119)) -> 100 | L120: =IF(G120="","",+(G120-G119)) -> 90 | M120: =IF(H120="","",+(H120+I120+J120+K120)) -> 2239 | N120: =AVERAGE(L95:L124) -> 147.7 | O120: =AVERAGE(M95:M124) -> 2490.1333 | Q120: =IF(L120="",1,0) -> 0
B121: 44314 | C121: 16228335 | D121: 4785437 | E121: 294086 | F121: 591822 | G121: 241353 | H121: =IF(C121="","",+(C121-C120)) -> 0 | I121: =IF(D121="","",+(D121-D120)) -> 1808 | J121: =IF(E121="","",+(E121-E120)) -> 130 | K121: =IF(F121="","",+(F121-F120)) -> 96 | L121: =IF(G121="","",+(G121-G120)) -> 104 | M121: =IF(H121="","",+(H121+I121+J121+K121)) -> 2034 | O121: =IF(L121="",1,0) -> 0
B122: 44315 | C122: 16228335 | D122: 4787177 | E122: 294224 | F122: 591949 | G122: 241447 | H122: =IF(C122="","",+(C122-C121)) -> 0 | I122: =IF(D122="","",+(D122-D121)) -> 1740 | J122: =IF(E122="","",+(E122-E121)) -> 138 | K122: =IF(F122="","",+(F122-F121)) -> 127 | L122: =IF(G122="","",+(G122-G121)) -> 94 | M122: =IF(H122="","",+(H122+I122+J122+K122)) -> 2005 | O122: =IF(L122="",1,0) -> 0
...

Sheet Electricity 
A1: Date | B1: TR1 (bilgisayarda) | C1: TR2 (bilgisayardan) | D1: Meter Reading(Active)KWh | E1: Reactive Reading KWh | F1: Capacitive Reading KWh | G1: Şebekeye | H1: Meter Multipier | I1: Şebekeden (kWh) | J1: Endüktif (kVAr) | K1: Reaktif Endüktif Oranı | L1: Kapasitif (kVAr) | M1: Reaktif Kapasitif Oranı | N1: Kojen Değeri | O1: Kojen (kWh)
A2: 43465 | D2: 4926.457 | E2: 220.02 | F2: 169.75 | N2: 66068309
A3: 44197 | D3: 0.142 | E3: 6807.857 | F3: 322.333 | G3: 183.67 | I3: 20488.86 | J3: 1113.66 | K3: 0.054354415 | L3: 194.58 | M3: 0.0094968681 | N3: 66068309 | O3: 0 | P3: =IF(N3="",0,1) -> 1 | Q3: =IF(N3="",1,0) -> 0
A4: 44198 | D4: 0.142 | E4: 6812.844 | F4: 322.65 | G4: 183.709 | I4: 20646.18 | J4: 1312.38 | K4: 0.06356527 | L4: 161.46 | M4: 0.0078203329 | N4: 66068309 | O4: 0 | P4: =IF(N4="",0,1) -> 1 | Q4: =IF(N4="",1,0) -> 0
A5: 44199 | D5: 0.142 | E5: 6817.741 | F5: 322.855 | G5: 183.741 | I5: 20273.58 | J5: 848.7 | K5: 0.041862365 | L5: 132.48 | M5: 0.006534613 | N5: 66068309 | O5: 0 | P5: =IF(N5="",0,1) -> 1 | Q5: =IF(N5="",1,0) -> 0
A6: 44200 | D6: 0.142 | E6: 6822.43 | F6: 323.131 | G6: 183.781 | I6: 19412.46 | J6: 1142.64 | K6: 0.058861164 | L6: 165.6 | M6: 0.0085306035 | N6: 66068309 | O6: 0 | P6: =IF(N6="",0,1) -> 1 | Q6: =IF(N6="",1,0) -> 0
A7: 44201 | D7: 0.142 | E7: 6827.361 | F7: 323.407 | G7: 183.809 | I7: 20414.34 | J7: 1142.64 | K7: 0.055972419 | L7: 115.92 | M7: 0.0056783614 | N7: 66068309 | O7: 0 | P7: =IF(N7="",0,1) -> 1 | Q7: =IF(N7="",1,0) -> 0
A8: 44202 | D8: 0.142 | E8: 6832.389 | F8: 323.7 | G8: 183.832 | I8: 20815.92 | J8: 1213.02 | K8: 0.058273667 | L8: 95.22 | M8: 0.0045743835 | N8: 66068309 | O8: 0 | R8: =IF(N8="",0,1) -> 1 | S8: =IF(N8="",1,0) -> 0
A9: 44203 | D9: 0.142 | E9: 6837.616 | F9: 323.923 | G9: 183.872 | I9: 21639.78 | J9: 923.22 | K9: 0.042663095 | L9: 165.6 | M9: 0.0076525732 | N9: 66068309 | O9: 0 | R9: =IF(N9="",0,1) -> 1 | S9: =IF(N9="",1,0) -> 0
A10: 44204 | D10: 0.142 | E10: 6842.268 | F10: 324.105 | G10: 183.909 | I10: 19259.28 | J10: 753.48 | K10: 0.039122958 | L10: 153.18 | M10: 0.0079535684 | N10: 66068309 | O10: 0 | R10: =IF(N10="",0,1) -> 1 | S10: =IF(N10="",1,0) -> 0
A11: 44205 | D11: 0.142 | E11: 6847.559 | F11: 324.294 | G11: 183.944 | I11: 21904.74 | J11: 782.46 | K11: 0.035721036 | L11: 144.9 | M11: 0.0066150066 | N11: 66068309 | O11: 0 | R11: =IF(N11="",0,1) -> 1 | S11: =IF(N11="",1,0) -> 0
A12: 44206 | D12: 0.142 | E12: 6852.224 | F12: 324.454 | G12: 183.986 | I12: 19313.1 | J12: 662.4 | K12: 0.034297964 | L12: 173.88 | M12: 0.0090032154 | N12: 66068309 | O12: 0 | R12: =IF(N12="",0,1) -> 1 | S12: =IF(N12="",1,0) -> 0
A13: 44207 | D13: 0.142 | E13: 6856.837 | F13: 324.586 | G13: 184.028 | I13: 19097.82 | J13: 546.48 | K13: 0.028614784 | L13: 173.88 | M13: 0.0091047041 | N13: 66068309 | O13: 0 | R13: =IF(N13="",0,1) -> 1 | S13: =IF(N13="",1,0) -> 0
A14: 44208 | D14: 0.142 | E14: 6862.011 | F14: 324.794 | G14: 184.073 | I14: 21420.36 | J14: 861.12 | K14: 0.040201005 | L14: 186.3 | M14: 0.0086973328 | N14: 66068309 | O14: 0 | R14: =IF(N14="",0,1) -> 1 | S14: =IF(N14="",1,0) -> 0
A15: 44209 | D15: 0.142 | E15: 6867.271 | F15: 325.038 | G15: 184.107 | I15: 21776.4 | J15: 1010.16 | K15: 0.046387833 | L15: 140.76 | M15: 0.0064638783 | N15: 66068309 | O15: 0 | R15: =IF(N15="",0,1) -> 1 | S15: =IF(N15="",1,0) -> 0
A16: 44210 | D16: 0.142 | E16: 6872.249 | F16: 325.252 | G16: 184.131 | I16: 20608.92 | J16: 885.96 | K16: 0.042989152 | L16: 99.36 | M16: 0.0048212133 | N16: 66068309 | O16: 0 | R16: =IF(N16="",0,1) -> 1 | S16: =IF(N16="",1,0) -> 0
A17: 44211 | D17: 0.142 | E17: 6877.206 | F17: 325.474 | G17: 184.166 | I17: 20521.98 | J17: 919.08 | K17: 0.044785152 | L17: 144.9 | M17: 0.0070607222 | N17: 66068309 | O17: 0 | R17: =IF(N17="",0,1) -> 1 | S17: =IF(N17="",1,0) -> 0
A18: 44212 | D18: 0.142 | E18: 6882.08 | F18: 325.661 | G18: 184.206 | I18: 20178.36 | J18: 774.18 | K18: 0.038366844 | L18: 165.6 | M18: 0.0082068117 | N18: 66068309 | O18: 0 | R18: =IF(N18="",0,1) -> 1 | S18: =IF(N18="",1,0) -> 0
A19: 44213 | D19: 0.142 | E19: 6886.78 | F19: 325.87 | G19: 184.245 | I19: 19458 | J19: 865.26 | K19: 0.044468085 | L19: 161.46 | M19: 0.0082978723 | N19: 66068309 | O19: 0 | R19: =IF(N19="",0,1) -> 1 | S19: =IF(N19="",1,0) -> 0
A20: 44214 | D20: 0.142 | E20: 6891.461 | F20: 326.126 | G20: 184.282 | I20: 19379.34 | J20: 1059.84 | K20: 0.054689169 | L20: 153.18 | M20: 0.007904294 | N20: 66068309 | O20: 0 | R20: =IF(N20="",0,1) -> 1 | S20: =IF(N20="",1,0) -> 0
A21: 44215 | D21: 0.142 | E21: 6896.302 | F21: 326.371 | G21: 184.312 | I21: 20041.74 | J21: 1014.3 | K21: 0.050609378 | L21: 124.2 | M21: 0.0061970667 | N21: 66068309 | O21: 0 | P21: Ocak / Jan | R21: =IF(N21="",0,1) -> 1 | S21: =IF(N21="",1,0) -> 0
A22: 44216 | D22: 0.142 | E22: 6901.127 | F22: 326.61 | G22: 184.348 | I22: 19975.5 | J22: 989.46 | K22: 0.049533679 | L22: 149.04 | M22: 0.0074611399 | N22: 66068309 | O22: 0 | R22: =IF(N22="",0,1) -> 1 | S22: =IF(N22="",1,0) -> 0
A23: 44217 | D23: 0.142 | E23: 6906.085 | F23: 326.838 | G23: 184.39 | I23: 20526.12 | J23: 943.92 | K23: 0.045986285 | L23: 173.88 | M23: 0.0084711577 | N23: 66068309 | O23: 0 | P23: End. | Q23: Kap. | R23: =IF(N23="",0,1) -> 1 | S23: =IF(N23="",1,0) -> 0
A24: 44218 | D24: 0.142 | E24: 6910.954 | F24: 327.098 | G24: 184.438 | I24: 20157.66 | J24: 1076.4 | K24: 0.053399055 | L24: 198.72 | M24: 0.0098582871 | N24: 66068309 | O24: 0 | P24: =IF(J3="",0,+SUM(J3:J33)/SUM(I3:I33)) -> 0.046229912 | Q24: =IF(L3="",0,+SUM(L3:L33)/SUM(I3:I33)) -> 0.00812414 | R24: =IF(N24="",0,1) -> 1 | S24: =IF(N24="",1,0) -> 0
A25: 44219 | D25: 0.142 | E25: 6915.616 | F25: 327.345 | G25: 184.483 | I25: 19300.68 | J25: 1022.58 | K25: 0.052981553 | L25: 186.3 | M25: 0.0096525097 | N25: 66068309 | O25: 0 | P25: =IF(J3="",0,+(+(LOOKUP(9.99999999999999E+307,E3:E33)-E2))/(+(LOOKUP(9.99999999999999E+307,D3:D33)-D2))) -> -1.3671032 | Q25: =IF(L3="",0,+(+(LOOKUP(9.99999999999999E+307,F3:F33)-F2))/(+(LOOKUP(9.99999999999999E+307,D3:D33)-D2))) -> -0.032343851 | R25: =IF(N25="",0,1) -> 1 | S25: =IF(N25="",1,0) -> 0
A26: 44220 | D26: 0.142 | E26: 6920.41 | F26: 327.542 | G26: 184.538 | I26: 19847.16 | J26: 815.58 | K26: 0.041093033 | L26: 227.7 | M26: 0.011472674 | N26: 66068309 | O26: 0 | P26: Cat Aylık | Q26: Cat Günlük | R26: =IF(N26="",0,1) -> 1 | S26: =IF(N26="",1,0) -> 0
A27: 44221 | D27: 0.142 | E27: 6925.488 | F27: 327.802 | G27: 184.571 | I27: 21022.92 | J27: 1076.4 | K27: 0.05120126 | L27: 136.62 | M27: 0.0064986215 | N27: 66068309 | O27: 0 | P27: =IF(N2="",0,+(LOOKUP(9.99999999999999E+307,N2:N33)-N2)) -> 0 | Q27: =IF(P27="",0,+P27/SUM(R3:R33)) -> 0 | R27: =IF(N27="",0,1) -> 1 | S27: =IF(N27="",1,0) -> 0
A28: 44222 | D28: 0.142 | E28: 6930.433 | F28: 328.004 | G28: 184.61 | I28: 20472.3 | J28: 836.28 | K28: 0.040849343 | L28: 161.46 | M28: 0.0078867543 | N28: 66068309 | O28: 0 | P28: Bedaş Aylık | Q28: Bedaş Günlük | R28: =IF(N28="",0,1) -> 1 | S28: =IF(N28="",1,0) -> 0
A29: 44223 | D29: 0.142 | E29: 6935.5 | F29: 328.216 | G29: 184.662 | I29: 20977.38 | J29: 877.68 | K29: 0.041839353 | L29: 215.28 | M29: 0.010262483 | N29: 66068309 | O29: 0 | P29: =IF(D3="",0,+(LOOKUP(9.99999999999999E+307,D2:D33)-D2))*4140 -> -20394944 | Q29: =IF(P29="",0,+P29/SUM(R3:R33)) -> -784420.93 | R29: =IF(N29="",0,1) -> 1 | S29: =IF(N29="",1,0) -> 0
A30: 44224 | D30: 0.142 | E30: 6940.439 | F30: 328.416 | G30: 184.722 | I30: 20447.46 | J30: 828 | K30: 0.040494027 | L30: 248.4 | M30: 0.012148208 | N30: 66068309 | O30: 0 | P30: Tüketim TL | Q30: Cat Birim TL | R30: =IF(N30="",0,1) -> 1 | S30: =IF(N30="",1,0) -> 0
A31: 44225 | D31: 0.142 | E31: 6945.526 | F31: 328.657 | G31: 184.769 | I31: 21060.18 | J31: 997.74 | K31: 0.047375663 | L31: 194.58 | M31: 0.0092392373 | N31: 66068309 | O31: 0 | P31: =P29*Q34 -> -11625118 | Q31: =IF(Q34="",0,(SUM('[1]Günlük Tüketim'!H4:H34)*1.62)/SUM(O3:O33)) -> #DIV/0! | R31: =IF(N31="",0,1) -> 1 | S31: =IF(N31="",1,0) -> 0
A32: 44226 | D32: 0.142 | E32: 6950.31 | F32: 328.782 | G32: 184.81 | I32: 19805.76 | J32: 517.5 | K32: 0.026128763 | L32: 169.74 | M32: 0.0085702341 | N32: 66068309 | O32: 0 | P32: Top. Tüketim TL | Q32: Top. Bedaş kWh | R32: =IF(N32="",0,1) -> 1 | S32: =IF(N32="",1,0) -> 0
A33: 44227 | D33: 0.142 | E33: 6954.801 | F33: 329.086 | G33: 184.857 | I33: 18592.74 | J33: 1258.56 | K33: 0.067690937 | L33: 194.58 | M33: 0.010465375 | N33: 66068309 | O33: 0 | P33: =(P31+Q29*SUM(S3:S33)*Q34) -> -11625118 | Q33: =Q29*31 -> -24317049 | R33: =IF(N33="",0,1) -> 1 | S33: =IF(N33="",1,0) -> 0
A34: 44228 | D34: 0.142 | E34: 6959.689 | F34: 329.347 | G34: 184.89 | I34: 20236.32 | J34: 1080.54 | K34: 0.053396072 | L34: 136.62 | M34: 0.0067512275 | N34: 66068309 | O34: 0 | P34: Bedaş Birim | Q34: 0.57 | R34: =IF(N34="",0,1) -> 1 | S34: =IF(N34="",1,0) -> 0
A35: 44229 | D35: 0.142 | E35: 6964.499 | F35: 329.519 | G35: 184.919 | I35: 19913.4 | J35: 712.08 | K35: 0.035758836 | L35: 120.06 | M35: 0.006029106 | N35: 66068309 | O35: 0 | R35: =IF(N35="",0,1) -> 1 | S35: =IF(N35="",1,0) -> 0
A36: 44230 | D36: 0.142 | E36: 6969.569 | F36: 329.829 | G36: 184.967 | I36: 20989.8 | J36: 1283.4 | K36: 0.061143984 | L36: 198.72 | M36: 0.0094674556 | N36: 66068309 | O36: 0 | R36: =IF(N36="",0,1) -> 1 | S36: =IF(N36="",1,0) -> 0
A37: 44231 | D37: 0.142 | E37: 6974.486 | F37: 329.987 | G37: 185.077 | I37: 20356.38 | J37: 654.12 | K37: 0.032133415 | L37: 455.4 | M37: 0.022371365 | N37: 66068309 | O37: 0 | R37: =IF(N37="",0,1) -> 1 | S37: =IF(N37="",1,0) -> 0
A38: 44232 | D38: 0.142 | E38: 6979.428 | F38: 330.244 | G38: 185.119 | I38: 20459.88 | J38: 1063.98 | K38: 0.052003238 | L38: 173.88 | M38: 0.0084985836 | N38: 66068309 | O38: 0 | R38: =IF(N38="",0,1) -> 1 | S38: =IF(N38="",1,0) -> 0
A39: 44233 | D39: 0.142 | E39: 6983.892 | F39: 330.495 | G39: 185.148 | I39: 18480.96 | J39: 1039.14 | K39: 0.056227599 | L39: 120.06 | M39: 0.0064964158 | N39: 66068309 | O39: 0 | R39: =IF(N39="",0,1) -> 1 | S39: =IF(N39="",1,0) -> 0
A40: 44234 | D40: 0.142 | E40: 6988.638 | F40: 330.707 | G40: 185.192 | I40: 19648.44 | J40: 877.68 | K40: 0.044669195 | L40: 182.16 | M40: 0.009270965 | N40: 66068309 | O40: 0 | R40: =IF(N40="",0,1) -> 1 | S40: =IF(N40="",1,0) -> 0
A41: 44235 | D41: 0.142 | E41: 6993.338 | F41: 330.852 | G41: 185.263 | I41: 19458 | J41: 600.3 | K41: 0.030851064 | L41: 293.94 | M41: 0.015106383 | N41: 66068309 | O41: 0 | R41: =IF(N41="",0,1) -> 1 | S41: =IF(N41="",1,0) -> 0
A42: 44236 | D42: 0.142 | E42: 6998.225 | F42: 331.012 | G42: 185.318 | I42: 20232.18 | J42: 662.4 | K42: 0.032739922 | L42: 227.7 | M42: 0.011254348 | N42: 66068309 | O42: 0 | R42: =IF(N42="",0,1) -> 1 | S42: =IF(N42="",1,0) -> 0
A43: 44237 | D43: 0.142 | E43: 7002.27 | F43: 331.106 | G43: 185.463 | I43: 16746.3 | J43: 389.16 | K43: 0.023238566 | L43: 600.3 | M43: 0.035846724 | N43: 66068309 | O43: 0 | R43: =IF(N43="",0,1) -> 1 | S43: =IF(N43="",1,0) -> 0
A44: 44238 | D44: 0.142 | E44: 7007.956 | F44: 331.319 | G44: 185.536 | I44: 23540.04 | J44: 881.82 | K44: 0.037460429 | L44: 302.22 | M44: 0.012838551 | N44: 66068309 | O44: 0 | R44: =IF(N44="",0,1) -> 1 | S44: =IF(N44="",1,0) -> 0
A45: 44239 | D45: 0.142 | E45: 7013.156 | F45: 331.479 | G45: 185.636 | I45: 21528 | J45: 662.4 | K45: 0.030769231 | L45: 414 | M45: 0.019230769 | N45: 66068309 | O45: 0 | R45: =IF(N45="",0,1) -> 1 | S45: =IF(N45="",1,0) -> 0
A46: 44240 | D46: 0.142 | E46: 7018.23 | F46: 331.69 | G46: 185.687 | I46: 21006.36 | J46: 873.54 | K46: 0.041584549 | L46: 211.14 | M46: 0.010051242 | N46: 66068309 | O46: 0 | R46: =IF(N46="",0,1) -> 1 | S46: =IF(N46="",1,0) -> 0
... A48: 44242 | D48: 0.142 | E48: 7028.53 | F48: 332.041 | G48: 185.84 | I48: 21528 | J48: 749.34 | K48: 0.034807692 | L48: 331.2 | M48: 0.015384615 | N48: 66068309 | O48: 0 | R48: =IF(N48="",0,1) -> 1 | S48: =IF(N48="",1,0) -> 0
A49: 44243 | D49: 0.142 | E49: 7033.608 | F49: 332.22 | G49: 185.916 | I49: 21022.92 | J49: 741.06 | K49: 0.035250098 | L49: 314.64 | M49: 0.014966522 | N49: 66068309 | O49: 0 | P49: Şubat / Feb | R49: =IF(N49="",0,1) -> 1 | S49: =IF(N49="",1,0) -> 0
A50: 44244 | D50: 0.142 | E50: 7038.723 | F50: 332.43 | G50: 185.968 | I50: 21176.1 | J50: 869.4 | K50: 0.041055718 | L50: 215.28 | M50: 0.010166178 | N50: 66068309 | O50: 0 | R50: =IF(N50="",0,1) -> 1 | S50: =IF(N50="",1,0) -> 0
A51: 44245 | D51: 0.142 | E51: 7043.922 | F51: 332.604 | G51: 186.031 | I51: 21523.86 | J51: 720.36 | K51: 0.033467975 | L51: 260.82 | M51: 0.012117715 | N51: 66068309 | O51: 0 | P51: End. | Q51: Kap. | R51: =IF(N51="",0,1) -> 1 | S51: =IF(N51="",1,0) -> 0
A52: 44246 | D52: 0.142 | E52: 7049.353 | F52: 332.732 | G52: 186.157 | I52: 22484.34 | J52: 529.92 | K52: 0.023568404 | L52: 521.64 | M52: 0.023200147 | N52: 66068309 | O52: 0 | P52: =IF(J34="",0,+SUM(J34:J61)/SUM(I34:I61)) -> 0.038431624 | Q52: =IF(L34="",0,+SUM(L34:L61)/SUM(I34:I61)) -> 0.013100717 | R52: =IF(N52="",0,1) -> 1 | S52: =IF(N52="",1,0) -> 0
A53: 44247 | D53: 0.142 | E53: 7054.139 | F53: 332.907 | G53: 186.211 | I53: 19814.04 | J53: 724.5 | K53: 0.036564981 | L53: 223.56 | M53: 0.011282908 | N53: 66068309 | O53: 0 | P53: =IF(J34="",0,+(+(LOOKUP(9.99999999999999E+307,E34:E61)-E33))/(+(LOOKUP(9.99999999999999E+307,D34:D61)-D33))) -> #DIV/0! | Q53: =IF(L34="",0,+(+(LOOKUP(9.99999999999999E+307,F34:F61)-F33))/(+(LOOKUP(9.99999999999999E+307,D34:D61)-D33))) -> #DIV/0! | R53: =IF(N53="",0,1) -> 1 | S53: =IF(N53="",1,0) -> 0
A54: 44248 | D54: 0.142 | E54: 7058.82 | F54: 333.082 | G54: 186.25 | I54: 19379.34 | J54: 724.5 | K54: 0.037385174 | L54: 161.46 | M54: 0.0083315531 | N54: 66068309 | O54: 0 | P54: Cat Aylık | Q54: Cat Günlük | R54: =IF(N54="",0,1) -> 1 | S54: =IF(N54="",1,0) -> 0
A55: 44249 | D55: 0.142 | E55: 7063.959 | F55: 333.261 | G55: 186.306 | I55: 21275.46 | J55: 741.06 | K55: 0.034831679 | L55: 231.84 | M55: 0.010897062 | N55: 66068309 | O55: 0 | P55: =IF(N33="",0,+(LOOKUP(9.99999999999999E+307,N33:N61)-N33)) -> 0 | Q55: =IF(P55="",0,+P55/SUM(R34:R61)) -> 0 | R55: =IF(N55="",0,1) -> 1 | S55: =IF(N55="",1,0) -> 0
A56: 44250 | D56: 0.142 | E56: 7069.058 | F56: 333.457 | G56: 186.366 | I56: 21109.86 | J56: 811.44 | K56: 0.03843891 | L56: 248.4 | M56: 0.011767013 | N56: 66068309 | O56: 0 | P56: Bedaş Aylık | Q56: Bedaş Gün | R56: =IF(N56="",0,1) -> 1 | S56: =IF(N56="",1,0) -> 0
A57: 44251 | D57: 0.142 | E57: 7074.502 | F57: 333.693 | G57: 186.435 | I57: 22538.16 | J57: 977.04 | K57: 0.043350478 | L57: 285.66 | M57: 0.012674504 | N57: 66068309 | O57: 0 | P57: =IF(D33="",0,+(LOOKUP(9.99999999999999E+307,D33:D62)-D33))*4140 -> 0 | Q57: =IF(P57="",0,+P57/SUM(R34:R62)) -> 0 | R57: =IF(N57="",0,1) -> 1 | S57: =IF(N57="",1,0) -> 0
A58: 44252 | D58: 0.142 | E58: 7079.22 | F58: 333.829 | G58: 186.5 | I58: 19532.52 | J58: 563.04 | K58: 0.028825774 | L58: 269.1 | M58: 0.013777024 | N58: 66068309 | O58: 0 | P58: Tüketim TL | Q58: Cat Birim | R58: =IF(N58="",0,1) -> 1 | S58: =IF(N58="",1,0) -> 0
A59: 44253 | D59: 0.142 | E59: 7084.413 | F59: 333.995 | G59: 186.563 | I59: 21499.02 | J59: 687.24 | K59: 0.031966108 | L59: 260.82 | M59: 0.012131716 | N59: 66068309 | O59: 0 | P59: =P57*Q63 -> 0 | Q59: =IF(Q34="",0,(SUM('[1]Günlük Tüketim'!H35:H62)*1.62)/SUM(O34:O61)) -> #DIV/0! | R59: =IF(N59="",0,1) -> 1 | S59: =IF(N59="",1,0) -> 0
A60: 44254 | D60: 0.142 | E60: 7089.38 | F60: 334.235 | G60: 186.622 | I60: 20563.38 | J60: 993.6 | K60: 0.048318905 | L60: 244.26 | M60: 0.011878397 | N60: 66068309 | O60: 0 | P60: Top. Tüketim TL | Q60: Top. Bedaş kWh | R60: =IF(N60="",0,1) -> 1 | S60: =IF(N60="",1,0) -> 0
A61: 44255 | D61: 0.142 | E61: 7094.946 | F61: 334.472 | G61: 186.693 | I61: 23043.24 | J61: 981.18 | K61: 0.04257995 | L61: 293.94 | M61: 0.012756019 | N61: 66068309 | O61: 0 | P61: =(P59+Q57*SUM(S34:S61)*Q63) -> 0 | Q61: =Q57*29 -> 0 | R61: =IF(N61="",0,1) -> 1 | S61: =IF(N61="",1,0) -> 0
A62: 44256 | D62: 0.142 | E62: 7100.119 | F62: 334.628 | G62: 186.775 | I62: =IF(E62="","",+(E62-E61)*4140) -> 21416.22 | J62: =IF(F62="","",+(F62-F61)*4140) -> 645.84 | K62: =IF(J62="","",+(J62/I62)) -> 0.030156582 | L62: =IF(G62="","",+(G62-G61)*4140) -> 339.48 | M62: =IF(L62="","",(L62/I62)) -> 0.015851537 | N62: 66068309 | O62: =IF(N62="","",N62-N61) -> 0 | R62: =IF(N62="",0,1) -> 1 | S62: =IF(N62="",1,0) -> 0
A63: 44257 | D63: 0.142 | E63: 7105.502 | F63: 334.775 | G63: 186.875 | I63: =IF(E63="","",+(E63-E62)*4140) -> 22285.62 | J63: =IF(F63="","",+(F63-F62)*4140) -> 608.58 | K63: =IF(J63="","",+(J63/I63)) -> 0.027308192 | L63: =IF(G63="","",+(G63-G62)*4140) -> 414 | M63: =IF(L63="","",(L63/I63)) -> 0.018577002 | N63: 66068309 | O63: =IF(N63="","",N63-N62) -> 0 | P63: Bedaş Birim | Q63: 0.57 | R63: =IF(N63="",0,1) -> 1 | S63: =IF(N63="",1,0) -> 0
A64: 44258 | D64: 0.142 | E64: 7110.992 | F64: 334.919 | G64: 187.013 | I64: =IF(E64="","",+(E64-E63)*4140) -> 22728.6 | J64: =IF(F64="","",+(F64-F63)*4140) -> 596.16 | K64: =IF(J64="","",+(J64/I64)) -> 0.026229508 | L64: =IF(G64="","",+(G64-G63)*4140) -> 571.32 | M64: =IF(L64="","",(L64/I64)) -> 0.025136612 | N64: 66068309 | O64: =IF(N64="","",N64-N63) -> 0 | R64: =IF(N64="",0,1) -> 1 | S64: =IF(N64="",1,0) -> 0
A65: 44259 | D65: 0.142 | E65: 7116.234 | F65: 335.1 | G65: 187.118 | I65: =IF(E65="","",+(E65-E64)*4140) -> 21701.88 | J65: =IF(F65="","",+(F65-F64)*4140) -> 749.34 | K65: =IF(J65="","",+(J65/I65)) -> 0.034528806 | L65: =IF(G65="","",+(G65-G64)*4140) -> 434.7 | M65: =IF(L65="","",(L65/I65)) -> 0.020030523 | N65: 66068309 | O65: =IF(N65="","",N65-N64) -> 0 | R65: =IF(N65="",0,1) -> 1 | S65: =IF(N65="",1,0) -> 0
A66: 44260 | D66: 0.142 | E66: 7121.281 | F66: 335.3 | G66: 187.225 | I66: =IF(E66="","",+(E66-E65)*4140) -> 20894.58 | J66: =IF(F66="","",+(F66-F65)*4140) -> 828 | K66: =IF(J66="","",+(J66/I66)) -> 0.039627501 | L66: =IF(G66="","",+(G66-G65)*4140) -> 442.98 | M66: =IF(L66="","",(L66/I66)) -> 0.021200713 | N66: 66068309 | O66: =IF(N66="","",N66-N65) -> 0 | R66: =IF(N66="",0,1) -> 1 | S66: =IF(N66="",1,0) -> 0
A67: 44261 | D67: 0.142 | E67: 7126.315 | F67: 335.493 | G67: 187.323 | I67: =IF(E67="","",+(E67-E66)*4140) -> 20840.76 | J67: =IF(F67="","",+(F67-F66)*4140) -> 799.02 | K67: =IF(J67="","",+(J67/I67)) -> 0.038339293 | L67: =IF(G67="","",+(G67-G66)*4140) -> 405.72 | M67: =IF(L67="","",(L67/I67)) -> 0.01946762 | N67: 66068309 | O67: =IF(N67="","",N67-N66) -> 0 | R67: =IF(N67="",0,1) -> 1 | S67: =IF(N67="",1,0) -> 0
A68: 44262 | D68: 0.142 | E68: 7131.578 | F68: 335.635 | G68: 187.411 | I68: =IF(E68="","",+(E68-E67)*4140) -> 21788.82 | J68: =IF(F68="","",+(F68-F67)*4140) -> 587.88 | K68: =IF(J68="","",+(J68/I68)) -> 0.026980809 | L68: =IF(G68="","",+(G68-G67)*4140) -> 364.32 | M68: =IF(L68="","",(L68/I68)) -> 0.016720502 | N68: 66068309 | O68: =IF(N68="","",N68-N67) -> 0 | R68: =IF(N68="",0,1) -> 1 | S68: =IF(N68="",1,0) -> 0
A69: 44263 | D69: 0.142 | E69: 7136.913 | F69: 335.916 | G69: 187.492 | I69: =IF(E69="","",+(E69-E68)*4140) -> 22086.9 | J69: =IF(F69="","",+(F69-F68)*4140) -> 1163.34 | K69: =IF(J69="","",+(J69/I69)) -> 0.05267104 | L69: =IF(G69="","",+(G69-G68)*4140) -> 335.34 | M69: =IF(L69="","",(L69/I69)) -> 0.015182755 | N69: 66068309 | O69: =IF(N69="","",N69-N68) -> 0 | R69: =IF(N69="",0,1) -> 1 | S69: =IF(N69="",1,0) -> 0
A70: 44264 | D70: 0.142 | E70: 7142.245 | F70: 336.143 | G70: 187.551 | I70: =IF(E70="","",+(E70-E69)*4140) -> 22074.48 | J70: =IF(F70="","",+(F70-F69)*4140) -> 939.78 | K70: =IF(J70="","",+(J70/I70)) -> 0.042573143 | L70: =IF(G70="","",+(G70-G69)*4140) -> 244.26 | M70: =IF(L70="","",(L70/I70)) -> 0.011065266 | N70: 66068309 | O70: =IF(N70="","",N70-N69) -> 0 | R70: =IF(N70="",0,1) -> 1 | S70: =IF(N70="",1,0) -> 0
A71: 44265 | D71: 0.142 | E71: 7147.617 | F71: 336.414 | G71: 187.586 | I71: =IF(E71="","",+(E71-E70)*4140) -> 22240.08 | J71: =IF(F71="","",+(F71-F70)*4140) -> 1121.94 | K71: =IF(J71="","",+(J71/I71)) -> 0.050446761 | L71: =IF(G71="","",+(G71-G70)*4140) -> 144.9 | M71: =IF(L71="","",(L71/I71)) -> 0.0065152643 | N71: 66068309 | O71: =IF(N71="","",N71-N70) -> 0 | R71: =IF(N71="",0,1) -> 1 | S71: =IF(N71="",1,0) -> 0
A72: 44266 | D72: 0.142 | E72: 7153.298 | F72: 336.626 | G72: 187.63 | I72: =IF(E72="","",+(E72-E71)*4140) -> 23519.34 | J72: =IF(F72="","",+(F72-F71)*4140) -> 877.68 | K72: =IF(J72="","",+(J72/I72)) -> 0.037317374 | L72: =IF(G72="","",+(G72-G71)*4140) -> 182.16 | M72: =IF(L72="","",(L72/I72)) -> 0.0077451153 | N72: 66068309 | O72: =IF(N72="","",N72-N71) -> 0 | R72: =IF(N72="",0,1) -> 1 | S72: =IF(N72="",1,0) -> 0
A73: 44267 | D73: 0.142 | E73: 7158.576 | F73: 336.834 | G73: 187.704 | I73: =IF(E73="","",+(E73-E72)*4140) -> 21850.92 | J73: =IF(F73="","",+(F73-F72)*4140) -> 861.12 | K73: =IF(J73="","",+(J73/I73)) -> 0.039408867 | L73: =IF(G73="","",+(G73-G72)*4140) -> 306.36 | M73: =IF(L73="","",(L73/I73)) -> 0.014020462 | N73: 66068309 | O73: =IF(N73="","",N73-N72) -> 0 | R73: =IF(N73="",0,1) -> 1 | S73: =IF(N73="",1,0) -> 0
A74: 44268 | D74: 0.142 | E74: 7163.978 | F74: 337.044 | G74: 187.773 | I74: =IF(E74="","",+(E74-E73)*4140) -> 22364.28 | J74: =IF(F74="","",+(F74-F73)*4140) -> 869.4 | K74: =IF(J74="","",+(J74/I74)) -> 0.038874491 | L74: =IF(G74="","",+(G74-G73)*4140) -> 285.66 | M74: =IF(L74="","",(L74/I74)) -> 0.012773047 | N74: 66068309 | O74: =IF(N74="","",N74-N73) -> 0 | R74: =IF(N74="",0,1) -> 1 | S74: =IF(N74="",1,0) -> 0
A75: 44269 | D75: 0.142 | E75: 7169.016 | F75: 337.278 | G75: 187.822 | I75: =IF(E75="","",+(E75-E74)*4140) -> 20857.32 | J75: =IF(F75="","",+(F75-F74)*4140) -> 968.76 | K75: =IF(J75="","",+(J75/I75)) -> 0.046447003 | L75: =IF(G75="","",+(G75-G74)*4140) -> 202.86 | M75: =IF(L75="","",(L75/I75)) -> 0.0097260818 | N75: 66068309 | O75: =IF(N75="","",N75-N74) -> 0 | R75: =IF(N75="",0,1) -> 1 | S75: =IF(N75="",1,0) -> 0
A76: 44270 | D76: 0.142 | E76: 7174.381 | F76: 337.531 | G76: 187.883 | I76: =IF(E76="","",+(E76-E75)*4140) -> 22211.1 | J76: =IF(F76="","",+(F76-F75)*4140) -> 1047.42 | K76: =IF(J76="","",+(J76/I76)) -> 0.047157502 | L76: =IF(G76="","",+(G76-G75)*4140) -> 252.54 | M76: =IF(L76="","",(L76/I76)) -> 0.011369991 | N76: 66068309 | O76: =IF(N76="","",N76-N75) -> 0 | R76: =IF(N76="",0,1) -> 1 | S76: =IF(N76="",1,0) -> 0
A77: 44271 | D77: 0.142 | E77: 7179.671 | F77: 337.703 | I77: =IF(D77="","",+(E77-E76)*4140) -> 21900.6 | J77: =IF(E77="","",+(F77-F76)*4140) -> 712.08 | K77: =IF(J77="","",+(J77/I77)) -> 0.032514178 | L77: =IF(F77="","",+(F77-F76)*4140) -> 712.08 | M77: =IF(L77="","",(L77/I77)) -> 0.032514178 | N77: 66068309 | O77: =IF(N77="","",N77-N76) -> 0 | R77: =IF(N77="",0,1) -> 1 | S77: =IF(N77="",1,0) -> 0
A78: 44272 | D78: 0.142 | E78: 7185.332 | F78: 337.941 | I78: =IF(D78="","",+(E78-E77)*4140) -> 23436.54 | J78: =IF(E78="","",+(F78-F77)*4140) -> 985.32 | K78: =IF(J78="","",+(J78/I78)) -> 0.042042042 | L78: =IF(F78="","",+(F78-F77)*4140) -> 985.32 | M78: =IF(L78="","",(L78/I78)) -> 0.042042042 | N78: 66068309 | O78: =IF(N78="","",N78-N77) -> 0 | R78: =IF(N78="",0,1) -> 1 | S78: =IF(N78="",1,0) -> 0
A79: 44273 | D79: 0.142 | E79: 3.9 | F79: 0.2 | I79: =IF(D79="","",+(E79-E78)*4140)+29752656 -> 21527.52 | J79: =IF(E79="","",+(F79-F78)*4140)+1398774 -> 526.26 | K79: =IF(J79="","",+(J79/I79)) -> 0.024445919 | L79: =IF(F79="","",+(F79-F78)*4140)+1398774 -> 526.26 | M79: =IF(L79="","",(L79/I79)) -> 0.024445919 | N79: 66068309 | O79: =IF(N79="","",N79-N78) -> 0 | R79: =IF(N79="",0,1) -> 1 | S79: =IF(N79="",1,0) -> 0
A80: 44274 | D80: 0.142 | E80: 9.49 | F80: 0.361 | I80: =IF(D80="","",+(E80-E79)*4140) -> 23142.6 | J80: =IF(E80="","",+(F80-F79)*4140) -> 666.54 | K80: =IF(J80="","",+(J80/I80)) -> 0.028801431 | L80: =IF(F80="","",+(F80-F79)*4140) -> 666.54 | M80: =IF(L80="","",(L80/I80)) -> 0.028801431 | N80: 66068309 | O80: =IF(N80="","",N80-N79) -> 0 | R80: =IF(N80="",0,1) -> 1 | S80: =IF(N80="",1,0) -> 0
A81: 44275 | D81: 0.142 | E81: 14.425 | F81: 0.491 | I81: =IF(D81="","",+(E81-E80)*4140) -> 20430.9 | J81: =IF(E81="","",+(F81-F80)*4140) -> 538.2 | K81: =IF(J81="","",+(J81/I81)) -> 0.026342452 | L81: =IF(F81="","",+(F81-F80)*4140) -> 538.2 | M81: =IF(L81="","",(L81/I81)) -> 0.026342452 | N81: 66068309 | O81: =IF(N81="","",N81-N80) -> 0 | P81: Mart / Mar | R81: =IF(N81="",0,1) -> 1 | S81: =IF(N81="",1,0) -> 0
A82: 44276 | D82: 0.142 | E82: 19.624 | F82: 0.616 | I82: =IF(D82="","",+(E82-E81)*4140) -> 21523.86 | J82: =IF(E82="","",+(F82-F81)*4140) -> 517.5 | K82: =IF(J82="","",+(J82/I82)) -> 0.024043085 | L82: =IF(F82="","",+(F82-F81)*4140) -> 517.5 | M82: =IF(L82="","",(L82/I82)) -> 0.024043085 | N82: 66068309 | O82: =IF(N82="","",N82-N81) -> 0 | R82: =IF(N82="",0,1) -> 1 | S82: =IF(N82="",1,0) -> 0
A83: 44277 | D83: 0.142 | E83: 24.913 | F83: 0.769 | I83: =IF(D83="","",+(E83-E82)*4140) -> 21896.46 | J83: =IF(E83="","",+(F83-F82)*4140) -> 633.42 | K83: =IF(J83="","",+(J83/I83)) -> 0.028927964 | L83: =IF(F83="","",+(F83-F82)*4140) -> 633.42 | M83: =IF(L83="","",(L83/I83)) -> 0.028927964 | N83: 66068309 | O83: =IF(N83="","",N83-N82) -> 0 | P83: End. | Q83: Kap. | R83: =IF(N83="",0,1) -> 1 | S83: =IF(N83="",1,0) -> 0
A84: 44278 | D84: 0.142 | E84: 30.405 | F84: 0.938 | I84: =IF(D84="","",+(E84-E83)*4140) -> 22736.88 | J84: =IF(E84="","",+(F84-F83)*4140) -> 699.66 | K84: =IF(J84="","",+(J84/I84)) -> 0.030772032 | L84: =IF(F84="","",+(F84-F83)*4140) -> 699.66 | M84: =IF(L84="","",(L84/I84)) -> 0.030772032 | N84: 66068309 | O84: =IF(N84="","",N84-N83) -> 0 | P84: =IF(J63="",0,+SUM(J63:J93)/SUM(I63:I93)) -> 0.036150734 | Q84: =IF(L63="",0,+SUM(L63:L93)/SUM(I63:I93)) -> 0.025228448 | R84: =IF(N84="",0,1) -> 1 | S84: =IF(N84="",1,0) -> 0
A85: 44279 | D85: 0.142 | E85: 35.539 | F85: 1.145 | I85: =IF(D85="","",+(E85-E84)*4140) -> 21254.76 | J85: =IF(E85="","",+(F85-F84)*4140) -> 856.98 | K85: =IF(J85="","",+(J85/I85)) -> 0.040319439 | L85: =IF(F85="","",+(F85-F84)*4140) -> 856.98 | M85: =IF(L85="","",(L85/I85)) -> 0.040319439 | N85: 66068309 | O85: =IF(N85="","",N85-N84) -> 0 | P85: =IF(J63="",0,+(+(LOOKUP(9.99999999999999E+307,E63:E93)-E61))/(+(LOOKUP(9.99999999999999E+307,D63:D93)-D62))) -> #DIV/0! | Q85: =IF(L63="",0,+(+(LOOKUP(9.99999999999999E+307,F63:F93)-F61))/(+(LOOKUP(9.99999999999999E+307,D63:D93)-D62))) -> #DIV/0! | R85: =IF(N85="",0,1) -> 1 | S85: =IF(N85="",1,0) -> 0
A86: 44280 | D86: 0.142 | E86: 41.13 | F86: 1.311 | I86: =IF(D86="","",+(E86-E85)*4140) -> 23146.74 | J86: =IF(E86="","",+(F86-F85)*4140) -> 687.24 | K86: =IF(J86="","",+(J86/I86)) -> 0.029690574 | L86: =IF(F86="","",+(F86-F85)*4140) -> 687.24 | M86: =IF(L86="","",(L86/I86)) -> 0.029690574 | N86: 66068309 | O86: =IF(N86="","",N86-N85) -> 0 | P86: Cat Aylık | Q86: Cat Günlük | R86: =IF(N86="",0,1) -> 1 | S86: =IF(N86="",1,0) -> 0
A87: 44281 | D87: 0.142 | E87: 46.663 | F87: 1.519 | I87: =IF(D87="","",+(E87-E86)*4140) -> 22906.62 | J87: =IF(E87="","",+(F87-F86)*4140) -> 861.12 | K87: =IF(J87="","",+(J87/I87)) -> 0.037592626 | L87: =IF(F87="","",+(F87-F86)*4140) -> 861.12 | M87: =IF(L87="","",(L87/I87)) -> 0.037592626 | N87: 66068309 | O87: =IF(N87="","",N87-N86) -> 0 | P87: =IF(N61="",0,+(LOOKUP(9.99999999999999E+307,N61:N93)-N61)) -> 0 | Q87: =IF(P87="",0,+P87/SUM(R63:R93)) -> 0 | R87: =IF(N87="",0,1) -> 1 | S87: =IF(N87="",1,0) -> 0
A88: 44282 | D88: 0.142 | E88: 51.892 | F88: 1.686 | I88: =IF(D88="","",+(E88-E87)*4140) -> 21648.06 | J88: =IF(E88="","",+(F88-F87)*4140) -> 691.38 | K88: =IF(J88="","",+(J88/I88)) -> 0.031937273 | L88: =IF(F88="","",+(F88-F87)*4140) -> 691.38 | M88: =IF(L88="","",(L88/I88)) -> 0.031937273 | N88: 66068309 | O88: =IF(N88="","",N88-N87) -> 0 | P88: Bedaş Aylık | Q88: Bedaş Gün | R88: =IF(N88="",0,1) -> 1 | S88: =IF(N88="",1,0) -> 0
A89: 44283 | D89: 0.142 | E89: 56.823 | F89: 1.863 | I89: =IF(D89="","",+(E89-E88)*4140) -> 20414.34 | J89: =IF(E89="","",+(F89-F88)*4140) -> 732.78 | K89: =IF(J89="","",+(J89/I89)) -> 0.035895356 | L89: =IF(F89="","",+(F89-F88)*4140) -> 732.78 | M89: =IF(L89="","",(L89/I89)) -> 0.035895356 | N89: 66068309 | O89: =IF(N89="","",N89-N88) -> 0 | P89: =IF(D61="",0,+(LOOKUP(9.99999999999999E+307,D62:D93)-D62))*4140 -> 0 | Q89: =IF(P89="",0,+P89/SUM(R63:R93)) -> 0 | R89: =IF(N89="",0,1) -> 1 | S89: =IF(N89="",1,0) -> 0
A90: 44284 | D90: 0.142 | E90: 61.71 | F90: 2.066 | I90: =IF(D90="","",+(E90-E89)*4140) -> 20232.18 | J90: =IF(E90="","",+(F90-F89)*4140) -> 840.42 | K90: =IF(J90="","",+(J90/I90)) -> 0.041538776 | L90: =IF(F90="","",+(F90-F89)*4140) -> 840.42 | M90: =IF(L90="","",(L90/I90)) -> 0.041538776 | N90: 66068309 | O90: =IF(N90="","",N90-N89) -> 0 | P90: Tüketim TL | Q90: Cat Birim | R90: =IF(N90="",0,1) -> 1 | S90: =IF(N90="",1,0) -> 0
A91: 44285 | D91: 0.142 | E91: 66.911 | F91: 2.257 | I91: =IF(D91="","",+(E91-E90)*4140) -> 21532.14 | J91: =IF(E91="","",+(F91-F90)*4140) -> 790.74 | K91: =IF(J91="","",+(J91/I91)) -> 0.036723707 | L91: =IF(F91="","",+(F91-F90)*4140) -> 790.74 | M91: =IF(L91="","",(L91/I91)) -> 0.036723707 | N91: 66068309 | O91: =IF(N91="","",N91-N90) -> 0 | P91: =P89*Q94 -> 0 | Q91: =IF(Q34="",0,(SUM('[1]Günlük Tüketim'!H63:H93)*1.62)/SUM(O63:O93)) -> #DIV/0! | R91: =IF(N91="",0,1) -> 1 | S91: =IF(N91="",1,0) -> 0
A92: 44286 | D92: 0.142 | E92: 72.406 | F92: 2.492 | I92: =IF(D92="","",+(E92-E91)*4140) -> 22749.3 | J92: =IF(E92="","",+(F92-F91)*4140) -> 972.9 | K92: =IF(J92="","",+(J92/I92)) -> 0.042766151 | L92: =IF(F92="","",+(F92-F91)*4140) -> 972.9 | M92: =IF(L92="","",(L92/I92)) -> 0.042766151 | N92: 66068309 | O92: =IF(N92="","",N92-N91) -> 0 | P92: Top. Tüketim TL | Q92: Top. Bedaş kWh | R92: =IF(N92="",0,1) -> 1 | S92: =IF(N92="",1,0) -> 0
A93: 44287 | D93: 0.142 | E93: 77.83 | F93: 2.701 | H93: 4140 | I93: =IF(D93="","",+(E93-E92)*4140) -> 22455.36 | J93: =IF(E93="","",+(F93-F92)*4140) -> 865.26 | K93: =IF(J93="","",+(J93/I93)) -> 0.038532448 | L93: =IF(F93="","",+(F93-F92)*4140) -> 865.26 | M93: =IF(L93="","",(L93/I93)) -> 0.038532448 | N93: 66068309 | O93: =IF(N93="","",N93-N92) -> 0 | P93: =(P91+Q89*SUM(S63:S93)*Q94) -> 0 | Q93: =Q89*31 -> 0 | R93: =IF(N93="",0,1) -> 1 | S93: =IF(N93="",1,0) -> 0
A94: 44288 | D94: 0.142 | E94: 83.83 | F94: 2.9 | H94: 4140 | I94: =IF(D94="","",+(E94-E93)*4140) -> 24840 | J94: =IF(E94="","",+(F94-F93)*4140) -> 823.86 | K94: =IF(J94="","",+(J94/I94)) -> 0.033166667 | L94: =IF(F94="","",+(F94-F93)*4140) -> 823.86 | M94: =IF(L94="","",(L94/I94)) -> 0.033166667 | N94: 66068309 | O94: =IF(N94="","",N94-N93) -> 0 | P94: Bedaş Birim | Q94: 0.57 | R94: =IF(N94="",0,1) -> 1 | S94: =IF(N94="",1,0) -> 0
A95: 44289 | D95: 0.142 | E95: 88.144 | F95: 3.092 | H95: 4140 | I95: =IF(D95="","",+(E95-E94)*4140) -> 17859.96 | J95: =IF(E95="","",+(F95-F94)*4140) -> 794.88 | K95: =IF(J95="","",+(J95/I95)) -> 0.044506259 | L95: =IF(F95="","",+(F95-F94)*4140) -> 794.88 | M95: =IF(L95="","",(L95/I95)) -> 0.044506259 | N95: 66068309 | O95: =IF(N95="","",N95-N94) -> 0 | R95: =IF(N95="",0,1) -> 1 | S95: =IF(N95="",1,0) -> 0
A96: 44290 | D96: 0.142 | E96: 93.203 | F96: 3.323 | H96: 4140 | I96: =IF(D96="","",+(E96-E95)*4140) -> 20944.26 | J96: =IF(E96="","",+(F96-F95)*4140) -> 956.34 | K96: =IF(J96="","",+(J96/I96)) -> 0.045661198 | L96: =IF(F96="","",+(F96-F95)*4140) -> 956.34 | M96: =IF(L96="","",(L96/I96)) -> 0.045661198 | N96: 66068309 | O96: =IF(N96="","",N96-N95) -> 0 | R96: =IF(N96="",0,1) -> 1 | S96: =IF(N96="",1,0) -> 0
A97: 44291 | D97: 0.142 | E97: 98.697 | F97: 3.555 | H97: 4140 | I97: =IF(D97="","",+(E97-E96)*4140) -> 22745.16 | J97: =IF(E97="","",+(F97-F96)*4140) -> 960.48 | K97: =IF(J97="","",+(J97/I97)) -> 0.042227885 | L97: =IF(F97="","",+(F97-F96)*4140) -> 960.48 | M97: =IF(L97="","",(L97/I97)) -> 0.042227885 | N97: 66068309 | O97: =IF(N97="","",N97-N96) -> 0 | R97: =IF(N97="",0,1) -> 1 | S97: =IF(N97="",1,0) -> 0
A98: 44292 | D98: 0.142 | E98: 103.75 | F98: 3.705 | H98: 4140 | I98: =IF(D98="","",+(E98-E97)*4140) -> 20919.42 | J98: =IF(E98="","",+(F98-F97)*4140) -> 621 | K98: =IF(J98="","",+(J98/I98)) -> 0.029685335 | L98: =IF(F98="","",+(F98-F97)*4140) -> 621 | M98: =IF(L98="","",(L98/I98)) -> 0.029685335 | N98: 66068309 | O98: =IF(N98="","",N98-N97) -> 0 | R98: =IF(N98="",0,1) -> 1 | S98: =IF(N98="",1,0) -> 0
A99: 44293 | D99: 0.142 | E99: 109.095 | F99: 3.94 | H99: 4140 | I99: =IF(D99="","",+(E99-E98)*4140) -> 22128.3 | J99: =IF(E99="","",+(F99-F98)*4140) -> 972.9 | K99: =IF(J99="","",+(J99/I99)) -> 0.043966324 | L99: =IF(F99="","",+(F99-F98)*4140) -> 972.9 | M99: =IF(L99="","",(L99/I99)) -> 0.043966324 | N99: 66068309 | O99: =IF(N99="","",N99-N98) -> 0 | R99: =IF(N99="",0,1) -> 1 | S99: =IF(N99="",1,0) -> 0
A100: 44294 | D100: 0.142 | E100: 114.402 | F100: 4.175 | H100: 4140 | I100: =IF(D100="","",+(E100-E99)*4140) -> 21970.98 | J100: =IF(E100="","",+(F100-F99)*4140) -> 972.9 | K100: =IF(J100="","",+(J100/I100)) -> 0.044281138 | L100: =IF(F100="","",+(F100-F99)*4140) -> 972.9 | M100: =IF(L100="","",(L100/I100)) -> 0.044281138 | N100: 66068309 | O100: =IF(N100="","",N100-N99) -> 0 | R100: =IF(N100="",0,1) -> 1 | S100: =IF(N100="",1,0) -> 0
A101: 44295 | D101: 0.142 | E101: 119.785 | F101: 4.37 | H101: 4140 | I101: =IF(D101="","",+(E101-E100)*4140) -> 22285.62 | J101: =IF(E101="","",+(F101-F100)*4140) -> 807.3 | K101: =IF(J101="","",+(J101/I101)) -> 0.036225153 | L101: =IF(F101="","",+(F101-F100)*4140) -> 807.3 | M101: =IF(L101="","",(L101/I101)) -> 0.036225153 | N101: 66068309 | O101: =IF(N101="","",N101-N100) -> 0 | R101: =IF(N101="",0,1) -> 1 | S101: =IF(N101="",1,0) -> 0
...
