Workbook

Sheet TOTAL
A1: Site Name | B1: Day | C1: Month | D1: Year | E1: Total Electricity Kwh | F1: Electricity Tariff ($/Kwh) | G1: Natual Gas (m3) | H1: Natural Gas $/m3 | I1: Water Utility Supply (m3) m3 | J1: Water Utility Supply (m3) $/m3 | K1: Room Nights | L1: Total Guests | M1: Utilities day cost dh
A2: Mumbai | B2: 1 | C2: 9 | D2: 2021 | E2: =(IF('Daily HLP'!I4>0,'Daily HLP'!I4,0)) -> 24099.41 | F2: 9 | G2: =(IF('Daily HLP'!M4>0,'Daily HLP'!M4,0)) -> 945.49 | H2: 52 | I2: =(IF('Daily HLP'!P4>0,'Daily HLP'!P4,0)) -> 146 | J2: 118 | K2: =Occupancy!G2 -> 167 | L2: =Occupancy!F2 -> 530 | M2: =E2*F2+G2*H2+#REF!*#REF!+I2*J2 -> #REF!
A3: Mumbai | B3: =B2+1 -> 2 | C3: 9 | D3: 2021 | E3: =(IF('Daily HLP'!I5>0,'Daily HLP'!I5,0)) -> 22799.34 | F3: 9 | G3: =(IF('Daily HLP'!M5>0,'Daily HLP'!M5,0)) -> 861.03 | H3: 52 | I3: =(IF('Daily HLP'!P5>0,'Daily HLP'!P5,0)) -> 183 | J3: 118 | K3: =Occupancy!G3 -> 158 | L3: =Occupancy!F3 -> 633 | M3: =E3*F3+G3*H3+#REF!*#REF!+I3*J3 -> #REF!
A4: Mumbai | B4: =B3+1 -> 3 | C4: 9 | D4: 2021 | E4: =(IF('Daily HLP'!I6>0,'Daily HLP'!I6,0)) -> 21890.56 | F4: 9 | G4: =(IF('Daily HLP'!M6>0,'Daily HLP'!M6,0)) -> 866.202 | H4: 52 | I4: =(IF('Daily HLP'!P6>0,'Daily HLP'!P6,0)) -> 241 | J4: 118 | K4: =Occupancy!G4 -> 148 | L4: =Occupancy!F4 -> 505 | M4: =E4*F4+G4*H4+#REF!*#REF!+I4*J4 -> #REF!
A5: Mumbai | B5: =B4+1 -> 4 | C5: 9 | D5: 2021 | E5: =(IF('Daily HLP'!I7>0,'Daily HLP'!I7,0)) -> 21459.68 | F5: 9 | G5: =(IF('Daily HLP'!M7>0,'Daily HLP'!M7,0)) -> 821.238 | H5: 52 | I5: =(IF('Daily HLP'!P7>0,'Daily HLP'!P7,0)) -> 203 | J5: 118 | K5: =Occupancy!G5 -> 166 | L5: =Occupancy!F5 -> 414 | M5: =E5*F5+G5*H5+#REF!*#REF!+I5*J5 -> #REF!
A6: Mumbai | B6: =B5+1 -> 5 | C6: 9 | D6: 2021 | E6: =(IF('Daily HLP'!I8>0,'Daily HLP'!I8,0)) -> 21315.16 | F6: 9 | G6: =(IF('Daily HLP'!M8>0,'Daily HLP'!M8,0)) -> 851.14 | H6: 52 | I6: =(IF('Daily HLP'!P8>0,'Daily HLP'!P8,0)) -> 261 | J6: 118 | K6: =Occupancy!G6 -> 123 | L6: =Occupancy!F6 -> 417 | M6: =E6*F6+G6*H6+#REF!*#REF!+I6*J6 -> #REF!
A7: Mumbai | B7: =B6+1 -> 6 | C7: 9 | D7: 2021 | E7: =(IF('Daily HLP'!I9>0,'Daily HLP'!I9,0)) -> 22055.52 | F7: 9 | G7: =(IF('Daily HLP'!M9>0,'Daily HLP'!M9,0)) -> 920.32 | H7: 52 | I7: =(IF('Daily HLP'!P9>0,'Daily HLP'!P9,0)) -> 163 | J7: 118 | K7: =Occupancy!G7 -> 130 | L7: =Occupancy!F7 -> 356 | M7: =E7*F7+G7*H7+#REF!*#REF!+I7*J7 -> #REF!
A8: Mumbai | B8: =B7+1 -> 7 | C8: 9 | D8: 2021 | E8: =(IF('Daily HLP'!I10>0,'Daily HLP'!I10,0)) -> 20481.92 | F8: 9 | G8: =(IF('Daily HLP'!M10>0,'Daily HLP'!M10,0)) -> 856.76 | H8: 52 | I8: =(IF('Daily HLP'!P10>0,'Daily HLP'!P10,0)) -> 218 | J8: 118 | K8: =Occupancy!G8 -> 145 | L8: =Occupancy!F8 -> 402 | M8: =E8*F8+G8*H8+#REF!*#REF!+I8*J8 -> #REF!
A9: Mumbai | B9: =B8+1 -> 8 | C9: 9 | D9: 2021 | E9: =(IF('Daily HLP'!I11>0,'Daily HLP'!I11,0)) -> 22311.4 | F9: 9 | G9: =(IF('Daily HLP'!M11>0,'Daily HLP'!M11,0)) -> 851.33 | H9: 52 | I9: =(IF('Daily HLP'!P11>0,'Daily HLP'!P11,0)) -> 209 | J9: 118 | K9: =Occupancy!G9 -> 164 | L9: =Occupancy!F9 -> 467 | M9: =E9*F9+G9*H9+#REF!*#REF!+I9*J9 -> #REF!
A10: Mumbai | B10: =B9+1 -> 9 | C10: 9 | D10: 2021 | E10: =(IF('Daily HLP'!I12>0,'Daily HLP'!I12,0)) -> 21965.01 | F10: 9 | G10: =(IF('Daily HLP'!M12>0,'Daily HLP'!M12,0)) -> 851.49 | H10: 52 | I10: =(IF('Daily HLP'!P12>0,'Daily HLP'!P12,0)) -> 200 | J10: 118 | K10: =Occupancy!G10 -> 113 | L10: =Occupancy!F10 -> 444 | M10: =E10*F10+G10*H10+#REF!*#REF!+I10*J10 -> #REF!
A11: Mumbai | B11: =B10+1 -> 10 | C11: 9 | D11: 2021 | E11: =(IF('Daily HLP'!I13>0,'Daily HLP'!I13,0)) -> 21417 | F11: 9 | G11: =(IF('Daily HLP'!M13>0,'Daily HLP'!M13,0)) -> 796 | H11: 52 | I11: =(IF('Daily HLP'!P13>0,'Daily HLP'!P13,0)) -> 197 | J11: 118 | K11: =Occupancy!G11 -> 141 | L11: =Occupancy!F11 -> 327 | M11: =E11*F11+G11*H11+#REF!*#REF!+I11*J11 -> #REF!
A12: Mumbai | B12: =B11+1 -> 11 | C12: 9 | D12: 2021 | E12: =(IF('Daily HLP'!I14>0,'Daily HLP'!I14,0)) -> 21441 | F12: 9 | G12: =(IF('Daily HLP'!M14>0,'Daily HLP'!M14,0)) -> 881 | H12: 52 | I12: =(IF('Daily HLP'!P14>0,'Daily HLP'!P14,0)) -> 211 | J12: 118 | K12: =Occupancy!G12 -> 0 | L12: =Occupancy!F12 -> 0 | M12: =E12*F12+G12*H12+#REF!*#REF!+I12*J12 -> #REF!
A13: Mumbai | B13: =B12+1 -> 12 | C13: 9 | D13: 2021 | E13: =(IF('Daily HLP'!I15>0,'Daily HLP'!I15,0)) -> 22425.27 | F13: 9 | G13: =(IF('Daily HLP'!M15>0,'Daily HLP'!M15,0)) -> 916.831 | H13: 52 | I13: =(IF('Daily HLP'!P15>0,'Daily HLP'!P15,0)) -> 223 | J13: 118 | K13: =Occupancy!G13 -> 0 | L13: =Occupancy!F13 -> 0 | M13: =E13*F13+G13*H13+#REF!*#REF!+I13*J13 -> #REF!
A14: Mumbai | B14: =B13+1 -> 13 | C14: 9 | D14: 2021 | E14: =(IF('Daily HLP'!I16>0,'Daily HLP'!I16,0)) -> 22500 | F14: 9 | G14: =(IF('Daily HLP'!M16>0,'Daily HLP'!M16,0)) -> 0 | H14: 52 | I14: =(IF('Daily HLP'!P16>0,'Daily HLP'!P16,0)) -> 0 | J14: 118 | K14: =Occupancy!G14 -> 0 | L14: =Occupancy!F14 -> 0 | M14: =E14*F14+G14*H14+#REF!*#REF!+I14*J14 -> #REF!
... A31: Mumbai | B31: =B30+1 -> 30 | C31: 9 | D31: 2021 | E31: =(IF('Daily HLP'!I33>0,'Daily HLP'!I33,0)) -> 22500 | F31: 9 | G31: =(IF('Daily HLP'!M33>0,'Daily HLP'!M33,0)) -> 877 | H31: 52 | I31: =(IF('Daily HLP'!P33>0,'Daily HLP'!P33,0)) -> 249 | J31: 118 | K31: =Occupancy!G31 -> 0 | L31: =Occupancy!F31 -> 0 | M31: =E31*F31+G31*H31+#REF!*#REF!+I31*J31 -> #REF!
A32: Mumbai | B32: =B31+1 -> 31 | C32: 9 | D32: 2021 | E32: =(IF('Daily HLP'!I34>0,'Daily HLP'!I34,0)) -> 22500 | F32: 9 | G32: =(IF('Daily HLP'!M34>0,'Daily HLP'!M34,0)) -> 749 | H32: 52 | I32: =(IF('Daily HLP'!P34>0,'Daily HLP'!P34,0)) -> 202 | J32: 118 | K32: =Occupancy!G32 -> 0 | L32: =Occupancy!F32 -> 0

Sheet Submetering
A1: Site Name | B1: Day | C1: Month | D1: Year | E1: ='Section Load'!F4 -> HVAC | F1: ='Section Load'!G4 -> Fire & Emergency PP | G1: ='Section Load'!H4 -> Main PP | H1: ='Section Load'!I4 -> Lighting PP | I1: ='Section Load'!J4 -> CH-1+ CH2+CH3+CH4 | J1: ='Section Load'!K4 -> Chilled water Pump | K1: ='Section Load'!L4 -> Ball Room-1 | L1: ='Section Load'!M4 -> Ball Room-2 | ... AL1: ='Section Load'!AM4 -> Cooling Tower | AM1: R.o.plant | AN1: STP Water Prod | AO1: Domestic Zone-1 | AP1: Domestic Zone-2 | AQ1: Domestic Zone-3 | AR1: Flush Zone -1 | AS1: Flush Zone -2 | AT1: Flush Zone -3 | AU1: Swimming pool | AV1: B2 Laundry | AW1: Boiler Feed Water | AX1: cooling tower filling water | AY1: STP flush(new water meter) | AZ1: Garden Water Pump | BA1: Flush Zone 2 pump meter | BB1: Flush Zone 3 Pump Meter (wtp transfer ) | BC1: Flush Tanker-Zone-1 | BD1: Total Domestic Water (Tanker (R.O) +BMC) | BE1: Total Domestic Consumption | BF1: Total STP Consumption | BG1: ='Section Load'!AN4 -> MGL | BH1: ='Section Load'!AO4 -> HWG | BI1: ='Section Load'!AP4 -> Prato | BJ1: ='Section Load'!AQ4 -> BR-1 | BK1: ='Section Load'!AR4 -> SanQi IND | BL1: ='Section Load'!AS4 -> SanQi JPN | BM1: ='Section Load'!AT4 -> Boiler
A2: Mumbai | B2: 1 | C2: 9 | D2: 2021 | E2: =(IF('Section Load'!F5>0,'Section Load'!F5,0)) -> 3258.13 | F2: =(IF('Section Load'!G5>0,'Section Load'!G5,0)) -> 1523.03 | G2: =(IF('Section Load'!H5>0,'Section Load'!H5,0)) -> 1668.3 | H2: =(IF('Section Load'!I5>0,'Section Load'!I5,0)) -> 3713.96 | I2: =(IF('Section Load'!J5>0,'Section Load'!J5,0)) -> 7992 | J2: =(IF('Section Load'!K5>0,'Section Load'!K5,0)) -> 2885 | K2: =(IF('Section Load'!L5>0,'Section Load'!L5,0)) -> 1444 | L2: =(IF('Section Load'!M5>0,'Section Load'!M5,0)) -> 1101.96 | ... AL2: =(IF('Section Load'!AM5>0,'Section Load'!AM5,0)) -> 740 | AM2: =(IF('Water Report'!$D$7>0,'Water Report'!$D$7,0)) -> 62 | AN2: =(IF('Water Report'!$D$8>0,'Water Report'!$D$8,0)) -> 163 | AO2: =(IF('Water Report'!$D$9>0,'Water Report'!$D$9,0)) -> 66 | AP2: =(IF('Water Report'!$D$10>0,'Water Report'!$D$10,0)) -> 18 | AQ2: =(IF('Water Report'!$D$11>0,'Water Report'!$D$11,0)) -> 24 | AR2: =(IF('Water Report'!$D$13>0,'Water Report'!$D$13,0)) -> 11 | AS2: =(IF('Water Report'!$D$14>0,'Water Report'!$D$14,0)) -> 13 | AT2: =(IF('Water Report'!$D$15>0,'Water Report'!$D$15,0)) -> 7 | AU2: =(IF('Water Report'!$D$17>0,'Water Report'!$D$17,0)) -> 0 | AV2: =(IF('Water Report'!$D$18>0,'Water Report'!$D$18,0)) -> 7 | AW2: =(IF('Water Report'!$D$19>0,'Water Report'!$D$19,0)) -> 10 | AX2: =(IF('Water Report'!$D$21>0,'Water Report'!$D$21,0)) -> 93 | AY2: =(IF('Water Report'!$D$22>0,'Water Report'!$D$22,0)) -> 0 | AZ2: =(IF('Water Report'!$D$23>0,'Water Report'!$D$23,0)) -> 0 | BA2: =(IF('Water Report'!$D$14>0,'Water Report'!$D$14,0)) -> 13 | BB2: =(IF('Water Report'!$D$15>0,'Water Report'!$D$15,0)) -> 7 | BC2: =(IF('Water Report'!$D$13>0,'Water Report'!$D$13,0)) -> 11 | BD2: =(IF('Water Report'!$D$24>0,'Water Report'!$D$24,0)) -> 146 | BE2: =(IF('Water Report'!$D$25>0,'Water Report'!$D$25,0)) -> 128 | BF2: =(IF('Water Report'!$D$27>0,'Water Report'!$D$27,0)) -> 104 | BG2: =(IF('Section Load'!AN5>0,'Section Load'!AN5,0)) -> 945.49 | BH2: =(IF('Section Load'!AO5>0,'Section Load'!AO5,0)) -> 265 | BI2: =(IF('Section Load'!AP5>0,'Section Load'!AP5,0)) -> 0 | BJ2: =(IF('Section Load'!AQ5>0,'Section Load'!AQ5,0)) -> 88.8 | BK2: =(IF('Section Load'!AR5>0,'Section Load'!AR5,0)) -> 44.1 | BL2: =(IF('Section Load'!AS5>0,'Section Load'!AS5,0)) -> 1.9 | BM2: =(IF('Section Load'!AT5>0,'Section Load'!AT5,0)) -> 545.69
A3: Mumbai | B3: =B2+1 -> 2 | C3: 9 | D3: 2021 | E3: =(IF('Section Load'!F6>0,'Section Load'!F6,0)) -> 3230.17 | F3: =(IF('Section Load'!G6>0,'Section Load'!G6,0)) -> 1548.17 | G3: =(IF('Section Load'!H6>0,'Section Load'!H6,0)) -> 1746.07 | H3: =(IF('Section Load'!I6>0,'Section Load'!I6,0)) -> 3969.52 | I3: =(IF('Section Load'!J6>0,'Section Load'!J6,0)) -> 6815.14 | J3: =(IF('Section Load'!K6>0,'Section Load'!K6,0)) -> 2704.9 | K3: =(IF('Section Load'!L6>0,'Section Load'!L6,0)) -> 1424.79 | L3: =(IF('Section Load'!M6>0,'Section Load'!M6,0)) -> 966.12 | ... AL3: =(IF('Section Load'!AM6>0,'Section Load'!AM6,0)) -> 634 | AM3: =(IF('Water Report'!$E$7>0,'Water Report'!$E$7,0)) -> 91 | AN3: =(IF('Water Report'!$E$8>0,'Water Report'!$E$8,0)) -> 144 | AO3: =(IF('Water Report'!$E$9>0,'Water Report'!$E$9,0)) -> 84 | AP3: =(IF('Water Report'!$E$10>0,'Water Report'!$E$10,0)) -> 21 | AQ3: =(IF('Water Report'!$E$11>0,'Water Report'!$E$11,0)) -> 37 | AR3: =(IF('Water Report'!$E$13>0,'Water Report'!$E$13,0)) -> 29 | AS3: =(IF('Water Report'!$E$14>0,'Water Report'!$E$14,0)) -> 11 | AT3: =(IF('Water Report'!$E$15>0,'Water Report'!$E$15,0)) -> 13 | AU3: =(IF('Water Report'!$E$17>0,'Water Report'!$E$17,0)) -> 0 | AV3: =(IF('Water Report'!$E$18>0,'Water Report'!$E$18,0)) -> 9 | AW3: =(IF('Water Report'!$E$19>0,'Water Report'!$E$19,0)) -> 9 | AX3: =(IF('Water Report'!$E$21>0,'Water Report'!$E$21,0)) -> 79 | AY3: =(IF('Water Report'!$E$22>0,'Water Report'!$E$22,0)) -> 0 | AZ3: =(IF('Water Report'!$E$23>0,'Water Report'!$E$23,0)) -> 0 | BA3: =(IF('Water Report'!$E$14>0,'Water Report'!$E$14,0)) -> 11 | BB3: =(IF('Water Report'!$E$15>0,'Water Report'!$E$15,0)) -> 13 | BC3: =(IF('Water Report'!$E$13>0,'Water Report'!$E$13,0)) -> 29 | BD3: =(IF('Water Report'!$E$24>0,'Water Report'!$E$24,0)) -> 183 | BE3: =(IF('Water Report'!$E$25>0,'Water Report'!$E$25,0)) -> 166 | BF3: =(IF('Water Report'!$E$27>0,'Water Report'!$E$27,0)) -> 108 | BG3: =(IF('Section Load'!AN6>0,'Section Load'!AN6,0)) -> 861.03 | BH3: =(IF('Section Load'!AO6>0,'Section Load'!AO6,0)) -> 213.16 | BI3: =(IF('Section Load'!AP6>0,'Section Load'!AP6,0)) -> 0 | BJ3: =(IF('Section Load'!AQ6>0,'Section Load'!AQ6,0)) -> 85.39 | BK3: =(IF('Section Load'!AR6>0,'Section Load'!AR6,0)) -> 47.2 | BL3: =(IF('Section Load'!AS6>0,'Section Load'!AS6,0)) -> 1.3 | BM3: =(IF('Section Load'!AT6>0,'Section Load'!AT6,0)) -> 513.98
A4: Mumbai | B4: =B3+1 -> 3 | C4: 9 | D4: 2021 | E4: =(IF('Section Load'!F7>0,'Section Load'!F7,0)) -> 2702.48 | F4: =(IF('Section Load'!G7>0,'Section Load'!G7,0)) -> 1487.28 | G4: =(IF('Section Load'!H7>0,'Section Load'!H7,0)) -> 1807.5 | H4: =(IF('Section Load'!I7>0,'Section Load'!I7,0)) -> 3782.84 | I4: =(IF('Section Load'!J7>0,'Section Load'!J7,0)) -> 6081.98 | J4: =(IF('Section Load'!K7>0,'Section Load'!K7,0)) -> 2608.6 | K4: =(IF('Section Load'!L7>0,'Section Load'!L7,0)) -> 1619.72 | L4: =(IF('Section Load'!M7>0,'Section Load'!M7,0)) -> 664.27 | ... AL4: =(IF('Section Load'!AM7>0,'Section Load'!AM7,0)) -> 597 | AM4: =(IF('Water Report'!$F$7>0,'Water Report'!$F$7,0)) -> 102 | AN4: =(IF('Water Report'!$F$8>0,'Water Report'!$F$8,0)) -> 123 | AO4: =(IF('Water Report'!$F$9>0,'Water Report'!$G$9,0)) -> 83 | AP4: =(IF('Water Report'!$F$10>0,'Water Report'!$F$10,0)) -> 24 | AQ4: =(IF('Water Report'!$F$11>0,'Water Report'!$F$11,0)) -> 30 | AR4: =(IF('Water Report'!$F$13>0,'Water Report'!$F$13,0)) -> 29 | AS4: =(IF('Water Report'!$F$14>0,'Water Report'!$F$14,0)) -> 13 | AT4: =(IF('Water Report'!$F$15>0,'Water Report'!$F$15,0)) -> 0 | AU4: =(IF('Water Report'!$F$17>0,'Water Report'!$F$17,0)) -> 0 | AV4: =(IF('Water Report'!$F$18>0,'Water Report'!$F$18,0)) -> 8 | AW4: =(IF('Water Report'!$F$19>0,'Water Report'!$F$19,0)) -> 8 | AX4: =(IF('Water Report'!$F$21>0,'Water Report'!$F$21,0)) -> 50 | AY4: =(IF('Water Report'!$F$22>0,'Water Report'!$F$22,0)) -> 0 | AZ4: =(IF('Water Report'!$F$23>0,'Water Report'!$F$23,0)) -> 5 | BA4: =(IF('Water Report'!$F$14>0,'Water Report'!$F$14,0)) -> 13 | BB4: =(IF('Water Report'!$F$15>0,'Water Report'!$F$15,0)) -> 0 | BC4: =(IF('Water Report'!$F$13>0,'Water Report'!$F$13,0)) -> 29 | BD4: =(IF('Water Report'!$F$24>0,'Water Report'!$F$24,0)) -> 241 | BE4: =(IF('Water Report'!$F$25>0,'Water Report'!$F$25,0)) -> 154 | BF4: =(IF('Water Report'!$F$27>0,'Water Report'!$F$27,0)) -> 84 | BG4: =(IF('Section Load'!AN7>0,'Section Load'!AN7,0)) -> 866.202 | BH4: =(IF('Section Load'!AO7>0,'Section Load'!AO7,0)) -> 248.07 | BI4: =(IF('Section Load'!AP7>0,'Section Load'!AP7,0)) -> 0 | BJ4: =(IF('Section Load'!AQ7>0,'Section Load'!AQ7,0)) -> 95.65 | BK4: =(IF('Section Load'!AR7>0,'Section Load'!AR7,0)) -> 49.5 | BL4: =(IF('Section Load'!AS7>0,'Section Load'!AS7,0)) -> 1.2 | BM4: =(IF('Section Load'!AT7>0,'Section Load'!AT7,0)) -> 471.782
A5: Mumbai | B5: =B4+1 -> 4 | C5: 9 | D5: 2021 | E5: =(IF('Section Load'!F8>0,'Section Load'!F8,0)) -> 3147.55 | F5: =(IF('Section Load'!G8>0,'Section Load'!G8,0)) -> 1491.33 | G5: =(IF('Section Load'!H8>0,'Section Load'!H8,0)) -> 1776.73 | H5: =(IF('Section Load'!I8>0,'Section Load'!I8,0)) -> 3801.03 | I5: =(IF('Section Load'!J8>0,'Section Load'!J8,0)) -> 6292.56 | J5: =(IF('Section Load'!K8>0,'Section Load'!K8,0)) -> 2655.6 | K5: =(IF('Section Load'!L8>0,'Section Load'!L8,0)) -> 1085.36 | L5: =(IF('Section Load'!M8>0,'Section Load'!M8,0)) -> 634.54 | ... AL5: =(IF('Section Load'!AM8>0,'Section Load'!AM8,0)) -> 660 | AM5: =(IF('Water Report'!$G$7>0,'Water Report'!$F$7,0)) -> 102 | AN5: =(IF('Water Report'!$G$8>0,'Water Report'!$F$8,0)) -> 123 | AO5: =(IF('Water Report'!$G$9>0,'Water Report'!$H$9,0)) -> 67 | AP5: =(IF('Water Report'!$G$10>0,'Water Report'!$G$10,0)) -> 21 | AQ5: =(IF('Water Report'!$G$11>0,'Water Report'!$G$11,0)) -> 29 | AR5: =(IF('Water Report'!$G$13>0,'Water Report'!$G$13,0)) -> 32 | AS5: =(IF('Water Report'!$G$14>0,'Water Report'!$G$14,0)) -> 14 | AT5: =(IF('Water Report'!$G$15>0,'Water Report'!$G$15,0)) -> 7 | AU5: =(IF('Water Report'!$G$17>0,'Water Report'!$G$17,0)) -> 0 | AV5: =(IF('Water Report'!$G$18>0,'Water Report'!$G$18,0)) -> 9 | AW5: =(IF('Water Report'!$G$19>0,'Water Report'!$G$19,0)) -> 8 | AX5: =(IF('Water Report'!$G$21>0,'Water Report'!$G$21,0)) -> 62 | AY5: =(IF('Water Report'!$G$22>0,'Water Report'!$G$22,0)) -> 0 | AZ5: =(IF('Water Report'!$G$23>0,'Water Report'!$G$23,0)) -> 2 | BA5: =(IF('Water Report'!$G$14>0,'Water Report'!$G$14,0)) -> 14 | BB5: =(IF('Water Report'!$G$15>0,'Water Report'!$G$15,0)) -> 7 | BC5: =(IF('Water Report'!$G$13>0,'Water Report'!$G$13,0)) -> 32 | BD5: =(IF('Water Report'!$G$24>0,'Water Report'!$G$24,0)) -> 203 | BE5: =(IF('Water Report'!$G$25>0,'Water Report'!$G$25,0)) -> 154 | BF5: =(IF('Water Report'!$G$27>0,'Water Report'!$G$27,0)) -> 96 | BG5: =(IF('Section Load'!AN8>0,'Section Load'!AN8,0)) -> 821.238 | BH5: =(IF('Section Load'!AO8>0,'Section Load'!AO8,0)) -> 241.89 | BI5: =(IF('Section Load'!AP8>0,'Section Load'!AP8,0)) -> 0 | BJ5: =(IF('Section Load'!AQ8>0,'Section Load'!AQ8,0)) -> 91.13 | BK5: =(IF('Section Load'!AR8>0,'Section Load'!AR8,0)) -> 35.2 | BL5: =(IF('Section Load'!AS8>0,'Section Load'!AS8,0)) -> 4.7 | BM5: =(IF('Section Load'!AT8>0,'Section Load'!AT8,0)) -> 448.318
A6: Mumbai | B6: =B5+1 -> 5 | C6: 9 | D6: 2021 | E6: =(IF('Section Load'!F9>0,'Section Load'!F9,0)) -> 3023.37 | F6: =(IF('Section Load'!G9>0,'Section Load'!G9,0)) -> 1454.15 | G6: =(IF('Section Load'!H9>0,'Section Load'!H9,0)) -> 1714.86 | H6: =(IF('Section Load'!I9>0,'Section Load'!I9,0)) -> 3765.16 | I6: =(IF('Section Load'!J9>0,'Section Load'!J9,0)) -> 6489.18 | J6: =(IF('Section Load'!K9>0,'Section Load'!K9,0)) -> 2643.4 | K6: =(IF('Section Load'!L9>0,'Section Load'!L9,0)) -> 1139.6 | L6: =(IF('Section Load'!M9>0,'Section Load'!M9,0)) -> 566.8 | ... AL6: =(IF('Section Load'!AM9>0,'Section Load'!AM9,0)) -> 589 | AM6: =(IF('Water Report'!$H$7>0,'Water Report'!$H$7,0)) -> 107 | AN6: =(IF('Water Report'!$H$8>0,'Water Report'!$H$8,0)) -> 155 | AO6: =(IF('Water Report'!$H$9>0,'Water Report'!$H$9,0)) -> 67 | AP6: =(IF('Water Report'!$H$10>0,'Water Report'!$H$10,0)) -> 27 | AQ6: =(IF('Water Report'!$H$11>0,'Water Report'!$H$11,0)) -> 30 | AR6: =(IF('Water Report'!$H$13>0,'Water Report'!$H$13,0)) -> 27 | AS6: =(IF('Water Report'!$H$14>0,'Water Report'!$H$14,0)) -> 22 | AT6: =(IF('Water Report'!$H$15>0,'Water Report'!$H$15,0)) -> 11 | AU6: =(IF('Water Report'!$H$17>0,'Water Report'!$H$17,0)) -> 0 | AV6: =(IF('Water Report'!$H$18>0,'Water Report'!$H$18,0)) -> 6 | AW6: =(IF('Water Report'!$H$19>0,'Water Report'!$H$19,0)) -> 7 | AX6: =(IF('Water Report'!$H$21>0,'Water Report'!$H$21,0)) -> 76 | AY6: =(IF('Water Report'!$H$22>0,'Water Report'!$H$22,0)) -> 0 | AZ6: =(IF('Water Report'!$H$23>0,'Water Report'!$H$23,0)) -> 0 | BA6: =(IF('Water Report'!$H$14>0,'Water Report'!$H$14,0)) -> 22 | BB6: =(IF('Water Report'!$H$15>0,'Water Report'!$H$15,0)) -> 11 | BC6: =(IF('Water Report'!$H$13>0,'Water Report'!$H$13,0)) -> 27 | BD6: =(IF('Water Report'!$H$24>0,'Water Report'!$H$24,0)) -> 261 | BE6: =(IF('Water Report'!$H$25>0,'Water Report'!$H$25,0)) -> 157 | BF6: =(IF('Water Report'!$H$27>0,'Water Report'!$H$27,0)) -> 103 | BG6: =(IF('Section Load'!AN9>0,'Section Load'!AN9,0)) -> 851.14 | BH6: =(IF('Section Load'!AO9>0,'Section Load'!AO9,0)) -> 255.31 | BI6: =(IF('Section Load'!AP9>0,'Section Load'!AP9,0)) -> 0 | BJ6: =(IF('Section Load'!AQ9>0,'Section Load'!AQ9,0)) -> 94.22 | BK6: =(IF('Section Load'!AR9>0,'Section Load'!AR9,0)) -> 40.9 | BL6: =(IF('Section Load'!AS9>0,'Section Load'!AS9,0)) -> 2.8 | BM6: =(IF('Section Load'!AT9>0,'Section Load'!AT9,0)) -> 457.91
A7: Mumbai | B7: =B6+1 -> 6 | C7: 9 | D7: 2021 | E7: =(IF('Section Load'!F10>0,'Section Load'!F10,0)) -> 3085.78 | F7: =(IF('Section Load'!G10>0,'Section Load'!G10,0)) -> 1828.49 | G7: =(IF('Section Load'!H10>0,'Section Load'!H10,0)) -> 1659.62 | H7: =(IF('Section Load'!I10>0,'Section Load'!I10,0)) -> 3883.88 | I7: =(IF('Section Load'!J10>0,'Section Load'!J10,0)) -> 7083.12 | J7: =(IF('Section Load'!K10>0,'Section Load'!K10,0)) -> 2661.8 | K7: =(IF('Section Load'!L10>0,'Section Load'!L10,0)) -> 956.36 | L7: =(IF('Section Load'!M10>0,'Section Load'!M10,0)) -> 685.98 | ... AL7: =(IF('Section Load'!AM10>0,'Section Load'!AM10,0)) -> 601 | AM7: =(IF('Water Report'!$I$7>0,'Water Report'!$I$7,0)) -> 70 | AN7: =(IF('Water Report'!$I$8>0,'Water Report'!$I$8,0)) -> 163 | AO7: =(IF('Water Report'!$I$9>0,'Water Report'!$I$9,0)) -> 71 | AP7: =(IF('Water Report'!$I$10>0,'Water Report'!$I$10,0)) -> 17 | AQ7: =(IF('Water Report'!$I$11>0,'Water Report'!$I$11,0)) -> 27 | AR7: =(IF('Water Report'!$I$13>0,'Water Report'!$I$13,0)) -> 17 | AS7: =(IF('Water Report'!$I$14>0,'Water Report'!$I$14,0)) -> 12 | AT7: =(IF('Water Report'!$I$15>0,'Water Report'!$I$15,0)) -> 9 | AU7: =(IF('Water Report'!$I$17>0,'Water Report'!$I$17,0)) -> 0 | AV7: =(IF('Water Report'!$I$18>0,'Water Report'!$I$18,0)) -> 10 | AW7: =(IF('Water Report'!$I$19>0,'Water Report'!$I$19,0)) -> 8 | AX7: =(IF('Water Report'!$I$21>0,'Water Report'!$I$21,0)) -> 66 | AY7: =(IF('Water Report'!$I$22>0,'Water Report'!$I$22,0)) -> 0 | AZ7: =(IF('Water Report'!$I$23>0,'Water Report'!$I$23,0)) -> 4 | BA7: =(IF('Water Report'!$I$14>0,'Water Report'!$I$14,0)) -> 12 | BB7: =(IF('Water Report'!$I$15>0,'Water Report'!$I$15,0)) -> 9 | BC7: =(IF('Water Report'!$I$13>0,'Water Report'!$I$13,0)) -> 17 | BD7: =(IF('Water Report'!$I$24>0,'Water Report'!$I$24,0)) -> 163 | BE7: =(IF('Water Report'!$I$25>0,'Water Report'!$I$25,0)) -> 136 | BF7: =(IF('Water Report'!$I$27>0,'Water Report'!$I$27,0)) -> 87 | BG7: =(IF('Section Load'!AN10>0,'Section Load'!AN10,0)) -> 920.32 | BH7: =(IF('Section Load'!AO10>0,'Section Load'!AO10,0)) -> 286.57 | BI7: =(IF('Section Load'!AP10>0,'Section Load'!AP10,0)) -> 0 | BJ7: =(IF('Section Load'!AQ10>0,'Section Load'!AQ10,0)) -> 95.09 | BK7: =(IF('Section Load'!AR10>0,'Section Load'!AR10,0)) -> 35.5 | BL7: =(IF('Section Load'!AS10>0,'Section Load'!AS10,0)) -> 1 | BM7: =(IF('Section Load'!AT10>0,'Section Load'!AT10,0)) -> 502.16
A8: Mumbai | B8: =B7+1 -> 7 | C8: 9 | D8: 2021 | E8: =(IF('Section Load'!F11>0,'Section Load'!F11,0)) -> 4524.89 | F8: =(IF('Section Load'!G11>0,'Section Load'!G11,0)) -> 1681.05 | G8: =(IF('Section Load'!H11>0,'Section Load'!H11,0)) -> 1663.89 | H8: =(IF('Section Load'!I11>0,'Section Load'!I11,0)) -> 3792.29 | I8: =(IF('Section Load'!J11>0,'Section Load'!J11,0)) -> 5975 | J8: =(IF('Section Load'!K11>0,'Section Load'!K11,0)) -> 2465.8 | K8: =(IF('Section Load'!L11>0,'Section Load'!L11,0)) -> 928.56 | L8: =(IF('Section Load'!M11>0,'Section Load'!M11,0)) -> 590.48 | ... AL8: =(IF('Section Load'!AM11>0,'Section Load'!AM11,0)) -> 607 | AM8: =(IF('Water Report'!$J$7>0,'Water Report'!$J$7,0)) -> 83 | AN8: =(IF('Water Report'!$J$8>0,'Water Report'!$J$8,0)) -> 100 | AO8: =(IF('Water Report'!$J$9>0,'Water Report'!$J$9,0)) -> 71 | AP8: =(IF('Water Report'!$J$10>0,'Water Report'!$J$10,0)) -> 14 | AQ8: =(IF('Water Report'!$J$11>0,'Water Report'!$J$11,0)) -> 38 | AR8: =(IF('Water Report'!$J$13>0,'Water Report'!$J$13,0)) -> 31 | AS8: =(IF('Water Report'!$J$14>0,'Water Report'!$J$14,0)) -> 12 | AT8: =(IF('Water Report'!$J$15>0,'Water Report'!$J$15,0)) -> 7 | AU8: =(IF('Water Report'!$J$17>0,'Water Report'!$J$17,0)) -> 0 | AV8: =(IF('Water Report'!$J$18>0,'Water Report'!$J$18,0)) -> 7 | AW8: =(IF('Water Report'!$J$19>0,'Water Report'!$J$19,0)) -> 8 | AX8: =(IF('Water Report'!$J$21>0,'Water Report'!$J$21,0)) -> 62 | AY8: =(IF('Water Report'!$J$22>0,'Water Report'!$J$22,0)) -> 0 | AZ8: =(IF('Water Report'!$J$23>0,'Water Report'!$J$23,0)) -> 0 | BA8: =(IF('Water Report'!$J$14>0,'Water Report'!$J$14,0)) -> 12 | BB8: =(IF('Water Report'!$J$15>0,'Water Report'!$J$15,0)) -> 7 | BC8: =(IF('Water Report'!$J$13>0,'Water Report'!$J$13,0)) -> 31 | BD8: =(IF('Water Report'!$J$24>0,'Water Report'!$J$24,0)) -> 218 | BE8: =(IF('Water Report'!$J$25>0,'Water Report'!$J$25,0)) -> 142 | BF8: =(IF('Water Report'!$J$27>0,'Water Report'!$J$27,0)) -> 93 | BG8: =(IF('Section Load'!AN11>0,'Section Load'!AN11,0)) -> 856.76 | BH8: =(IF('Section Load'!AO11>0,'Section Load'!AO11,0)) -> 234.16 | BI8: =(IF('Section Load'!AP11>0,'Section Load'!AP11,0)) -> 0 | BJ8: =(IF('Section Load'!AQ11>0,'Section Load'!AQ11,0)) -> 85.46 | BK8: =(IF('Section Load'!AR11>0,'Section Load'!AR11,0)) -> 51.4 | BL8: =(IF('Section Load'!AS11>0,'Section Load'!AS11,0)) -> 1.2 | BM8: =(IF('Section Load'!AT11>0,'Section Load'!AT11,0)) -> 484.94
A9: Mumbai | B9: =B8+1 -> 8 | C9: 9 | D9: 2021 | E9: =(IF('Section Load'!F12>0,'Section Load'!F12,0)) -> 4765.96 | F9: =(IF('Section Load'!G12>0,'Section Load'!G12,0)) -> 1742.43 | G9: =(IF('Section Load'!H12>0,'Section Load'!H12,0)) -> 1706.96 | H9: =(IF('Section Load'!I12>0,'Section Load'!I12,0)) -> 3944.41 | I9: =(IF('Section Load'!J12>0,'Section Load'!J12,0)) -> 7061.62 | J9: =(IF('Section Load'!K12>0,'Section Load'!K12,0)) -> 2588.6 | K9: =(IF('Section Load'!L12>0,'Section Load'!L12,0)) -> 948.28 | L9: =(IF('Section Load'!M12>0,'Section Load'!M12,0)) -> 730.86 | ... AL9: =(IF('Section Load'!AM12>0,'Section Load'!AM12,0)) -> 637 | AM9: =(IF('Water Report'!$K$7>0,'Water Report'!$K$7,0)) -> 87 | AN9: =(IF('Water Report'!$K$8>0,'Water Report'!$K$8,0)) -> 195 | AO9: =(IF('Water Report'!$K$9>0,'Water Report'!$K$9,0)) -> 69 | AP9: =(IF('Water Report'!$K$10>0,'Water Report'!$K$10,0)) -> 20 | AQ9: =(IF('Water Report'!$K$11>0,'Water Report'!$K$11,0)) -> 25 | AR9: =(IF('Water Report'!$K$13>0,'Water Report'!$K$13,0)) -> 22 | AS9: =(IF('Water Report'!$K$14>0,'Water Report'!$K$14,0)) -> 15 | AT9: =(IF('Water Report'!$K$15>0,'Water Report'!$K$15,0)) -> 6 | AU9: =(IF('Water Report'!$K$17>0,'Water Report'!$K$17,0)) -> 0 | AV9: =(IF('Water Report'!$K$18>0,'Water Report'!$K$18,0)) -> 6 | AW9: =(IF('Water Report'!$K$19>0,'Water Report'!$K$19,0)) -> 7 | AX9: =(IF('Water Report'!$K$21>0,'Water Report'!$K$21,0)) -> 68 | AY9: =(IF('Water Report'!$K$22>0,'Water Report'!$K$22,0)) -> 0 | AZ9: =(IF('Water Report'!$K$23>0,'Water Report'!$K$23,0)) -> 3 | BA9: =(IF('Water Report'!$K$14>0,'Water Report'!$K$14,0)) -> 15 | BB9: =(IF('Water Report'!$K$15>0,'Water Report'!$K$15,0)) -> 6 | BC9: =(IF('Water Report'!$K$13>0,'Water Report'!$K$13,0)) -> 22 | BD9: =(IF('Water Report'!$K$24>0,'Water Report'!$K$24,0)) -> 209 | BE9: =(IF('Water Report'!$K$25>0,'Water Report'!$K$25,0)) -> 135 | BF9: =(IF('Water Report'!$K$27>0,'Water Report'!$K$27,0)) -> 93 | BG9: =(IF('Section Load'!AN12>0,'Section Load'!AN12,0)) -> 851.33 | BH9: =(IF('Section Load'!AO12>0,'Section Load'!AO12,0)) -> 222.19 | BI9: =(IF('Section Load'!AP12>0,'Section Load'!AP12,0)) -> 0.4 | BJ9: =(IF('Section Load'!AQ12>0,'Section Load'!AQ12,0)) -> 91.18 | BK9: =(IF('Section Load'!AR12>0,'Section Load'!AR12,0)) -> 46.2 | BL9: =(IF('Section Load'!AS12>0,'Section Load'!AS12,0)) -> 1.6 | BM9: =(IF('Section Load'!AT12>0,'Section Load'!AT12,0)) -> 489.76
A10: Mumbai | B10: =B9+1 -> 9 | C10: 9 | D10: 2021 | E10: =(IF('Section Load'!F13>0,'Section Load'!F13,0)) -> 4824.67 | F10: =(IF('Section Load'!G13>0,'Section Load'!G13,0)) -> 1716.07 | G10: =(IF('Section Load'!H13>0,'Section Load'!H13,0)) -> 1626.07 | H10: =(IF('Section Load'!I13>0,'Section Load'!I13,0)) -> 3960.91 | I10: =(IF('Section Load'!J13>0,'Section Load'!J13,0)) -> 6865.62 | J10: =(IF('Section Load'!K13>0,'Section Load'!K13,0)) -> 2589.3 | K10: =(IF('Section Load'!L13>0,'Section Load'!L13,0)) -> 930.33 | L10: =(IF('Section Load'!M13>0,'Section Load'!M13,0)) -> 618.99 | ... AL10: =(IF('Section Load'!AM13>0,'Section Load'!AM13,0)) -> 748 | AM10: =(IF('Water Report'!$L$7>0,'Water Report'!$L$7,0)) -> 96 | AN10: =(IF('Water Report'!$L$8>0,'Water Report'!$L$8,0)) -> 127 | AO10: =(IF('Water Report'!$L$9>0,'Water Report'!$L$9,0)) -> 72 | AP10: =(IF('Water Report'!$L$10>0,'Water Report'!$L$10,0)) -> 21 | AQ10: =(IF('Water Report'!$L$11>0,'Water Report'!$L$11,0)) -> 26 | AR10: =(IF('Water Report'!$L$13>0,'Water Report'!$L$13,0)) -> 17 | AS10: =(IF('Water Report'!$L$14>0,'Water Report'!$L$14,0)) -> 20 | AT10: =(IF('Water Report'!$L$15>0,'Water Report'!$L$15,0)) -> 8 | AU10: =(IF('Water Report'!$L$17>0,'Water Report'!$L$17,0)) -> 0 | AV10: =(IF('Water Report'!$L$18>0,'Water Report'!$L$18,0)) -> 10 | AW10: =(IF('Water Report'!$L$19>0,'Water Report'!$L$19,0)) -> 9 | AX10: =(IF('Water Report'!$L$21>0,'Water Report'!$L$21,0)) -> 72 | AY10: =(IF('Water Report'!$L$22>0,'Water Report'!$L$22,0)) -> 0 | AZ10: =(IF('Water Report'!$L$23>0,'Water Report'!$L$23,0)) -> 2 | BA10: =(IF('Water Report'!$L$14>0,'Water Report'!$L$14,0)) -> 20 | BB10: =(IF('Water Report'!$L$15>0,'Water Report'!$L$15,0)) -> 8 | BC10: =(IF('Water Report'!$L$13>0,'Water Report'!$L$13,0)) -> 17 | BD10: =(IF('Water Report'!$L$24>0,'Water Report'!$L$24,0)) -> 200 | BE10: =(IF('Water Report'!$L$25>0,'Water Report'!$L$25,0)) -> 147 | BF10: =(IF('Water Report'!$L$27>0,'Water Report'!$L$27,0)) -> 91 | BG10: =(IF('Section Load'!AN13>0,'Section Load'!AN13,0)) -> 851.49 | BH10: =(IF('Section Load'!AO13>0,'Section Load'!AO13,0)) -> 233.65 | BI10: =(IF('Section Load'!AP13>0,'Section Load'!AP13,0)) -> 0 | BJ10: =(IF('Section Load'!AQ13>0,'Section Load'!AQ13,0)) -> 72.08 | BK10: =(IF('Section Load'!AR13>0,'Section Load'!AR13,0)) -> 34 | BL10: =(IF('Section Load'!AS13>0,'Section Load'!AS13,0)) -> 1.3 | BM10: =(IF('Section Load'!AT13>0,'Section Load'!AT13,0)) -> 510.46
A11: Mumbai | B11: =B10+1 -> 10 | C11: 9 | D11: 2021 | E11: =(IF('Section Load'!F14>0,'Section Load'!F14,0)) -> 4554 | F11: =(IF('Section Load'!G14>0,'Section Load'!G14,0)) -> 1638 | G11: =(IF('Section Load'!H14>0,'Section Load'!H14,0)) -> 1688 | H11: =(IF('Section Load'!I14>0,'Section Load'!I14,0)) -> 3934 | I11: =(IF('Section Load'!J14>0,'Section Load'!J14,0)) -> 6866 | J11: =(IF('Section Load'!K14>0,'Section Load'!K14,0)) -> 2556 | K11: =(IF('Section Load'!L14>0,'Section Load'!L14,0)) -> 920 | L11: =(IF('Section Load'!M14>0,'Section Load'!M14,0)) -> 524 | ... AL11: =(IF('Section Load'!AM14>0,'Section Load'!AM14,0)) -> 689 | AM11: =(IF('Water Report'!$M$7>0,'Water Report'!$M$7,0)) -> 63 | AN11: =(IF('Water Report'!$M$8>0,'Water Report'!$M$8,0)) -> 157 | AO11: =(IF('Water Report'!$M$9>0,'Water Report'!$M$9,0)) -> 56 | AP11: =(IF('Water Report'!$M$10>0,'Water Report'!$M$10,0)) -> 20 | AQ11: =(IF('Water Report'!$M$11>0,'Water Report'!$M$11,0)) -> 26 | AR11: =(IF('Water Report'!$M$13>0,'Water Report'!$M$13,0)) -> 50 | AS11: =(IF('Water Report'!$M$14>0,'Water Report'!$M$14,0)) -> 10 | AT11: =(IF('Water Report'!$M$15>0,'Water Report'!$M$15,0)) -> 12 | AU11: =(IF('Water Report'!$M$17>0,'Water Report'!$M$17,0)) -> 0 | AV11: =(IF('Water Report'!$M$18>0,'Water Report'!$M$18,0)) -> 7 | AW11: =(IF('Water Report'!$M$19>0,'Water Report'!$M$19,0)) -> 6 | AX11: =(IF('Water Report'!$M$21>0,'Water Report'!$M$21,0)) -> 129 | AY11: =(IF('Water Report'!$M$22>0,'Water Report'!$M$22,0)) -> 0 | AZ11: =(IF('Water Report'!$M$23>0,'Water Report'!$M$23,0)) -> 2 | BA11: =(IF('Water Report'!$M$14>0,'Water Report'!$M$14,0)) -> 10 | BB11: =(IF('Water Report'!$M$15>0,'Water Report'!$M$15,0)) -> 12 | BC11: =(IF('Water Report'!$M$13>0,'Water Report'!$M$13,0)) -> 50 | BD11: =(IF('Water Report'!$M$24>0,'Water Report'!$M$24,0)) -> 197 | BE11: =(IF('Water Report'!$M$25>0,'Water Report'!$M$25,0)) -> 124 | BF11: =(IF('Water Report'!$M$27>0,'Water Report'!$M$27,0)) -> 181 | BG11: =(IF('Section Load'!AN14>0,'Section Load'!AN14,0)) -> 796 | BH11: =(IF('Section Load'!AO14>0,'Section Load'!AO14,0)) -> 229 | BI11: =(IF('Section Load'!AP14>0,'Section Load'!AP14,0)) -> 0 | BJ11: =(IF('Section Load'!AQ14>0,'Section Load'!AQ14,0)) -> 90 | BK11: =(IF('Section Load'!AR14>0,'Section Load'!AR14,0)) -> 36 | BL11: =(IF('Section Load'!AS14>0,'Section Load'!AS14,0)) -> 2 | BM11: =(IF('Section Load'!AT14>0,'Section Load'!AT14,0)) -> 439
A12: Mumbai | B12: =B11+1 -> 11 | C12: 9 | D12: 2021 | E12: =(IF('Section Load'!F15>0,'Section Load'!F15,0)) -> 4510 | F12: =(IF('Section Load'!G15>0,'Section Load'!G15,0)) -> 1694 | G12: =(IF('Section Load'!H15>0,'Section Load'!H15,0)) -> 1618 | H12: =(IF('Section Load'!I15>0,'Section Load'!I15,0)) -> 3836 | I12: =(IF('Section Load'!J15>0,'Section Load'!J15,0)) -> 6766 | J12: =(IF('Section Load'!K15>0,'Section Load'!K15,0)) -> 2593 | K12: =(IF('Section Load'!L15>0,'Section Load'!L15,0)) -> 997 | L12: =(IF('Section Load'!M15>0,'Section Load'!M15,0)) -> 553 | ... AL12: =(IF('Section Load'!AM15>0,'Section Load'!AM15,0)) -> 712 | AM12: =(IF('Water Report'!$N$7>0,'Water Report'!$N$7,0)) -> 83 | AN12: =(IF('Water Report'!$N$8>0,'Water Report'!$N$8,0)) -> 190 | AO12: =(IF('Water Report'!$N$9>0,'Water Report'!$N$9,0)) -> 64 | AP12: =(IF('Water Report'!$N$10>0,'Water Report'!$N$10,0)) -> 29 | AQ12: =(IF('Water Report'!$N$11>0,'Water Report'!$N$11,0)) -> 39 | AR12: =(IF('Water Report'!$N$13>0,'Water Report'!$N$13,0)) -> 12 | AS12: =(IF('Water Report'!$N$14>0,'Water Report'!$N$14,0)) -> 0 | AT12: =(IF('Water Report'!$N$15>0,'Water Report'!$N$15,0)) -> 7 | AU12: =(IF('Water Report'!$N$17>0,'Water Report'!$N$17,0)) -> 0 | AV12: =(IF('Water Report'!$N$18>0,'Water Report'!$N$18,0)) -> 7 | AW12: =(IF('Water Report'!$N$19>0,'Water Report'!$N$19,0)) -> 7 | AX12: =(IF('Water Report'!$N$21>0,'Water Report'!$N$21,0)) -> 18 | AY12: =(IF('Water Report'!$N$22>0,'Water Report'!$N$22,0)) -> 0 | AZ12: =(IF('Water Report'!$N$23>0,'Water Report'!$N$23,0)) -> 4 | BA12: =(IF('Water Report'!$N$14>0,'Water Report'!$N$14,0)) -> 0 | BB12: =(IF('Water Report'!$N$15>0,'Water Report'!$N$15,0)) -> 7 | BC12: =(IF('Water Report'!$N$13>0,'Water Report'!$N$13,0)) -> 12 | BD12: =(IF('Water Report'!$N$24>0,'Water Report'!$N$24,0)) -> 211 | BE12: =(IF('Water Report'!$N$25>0,'Water Report'!$N$25,0)) -> 139 | BF12: =(IF('Water Report'!$N$27>0,'Water Report'!$N$27,0)) -> 34 | BG12: =(IF('Section Load'!AN15>0,'Section Load'!AN15,0)) -> 881 | BH12: =(IF('Section Load'!AO15>0,'Section Load'!AO15,0)) -> 270 | BI12: =(IF('Section Load'!AP15>0,'Section Load'!AP15,0)) -> 0 | BJ12: =(IF('Section Load'!AQ15>0,'Section Load'!AQ15,0)) -> 76 | BK12: =(IF('Section Load'!AR15>0,'Section Load'!AR15,0)) -> 47 | BL12: =(IF('Section Load'!AS15>0,'Section Load'!AS15,0)) -> 2 | BM12: =(IF('Section Load'!AT15>0,'Section Load'!AT15,0)) -> 486
A13: Mumbai | B13: =B12+1 -> 12 | C13: 9 | D13: 2021 | E13: =(IF('Section Load'!F16>0,'Section Load'!F16,0)) -> 4641.63 | F13: =(IF('Section Load'!G16>0,'Section Load'!G16,0)) -> 1706.59 | G13: =(IF('Section Load'!H16>0,'Section Load'!H16,0)) -> 1663.35 | H13: =(IF('Section Load'!I16>0,'Section Load'!I16,0)) -> 3783.25 | I13: =(IF('Section Load'!J16>0,'Section Load'!J16,0)) -> 6958.98 | J13: =(IF('Section Load'!K16>0,'Section Load'!K16,0)) -> 2648 | K13: =(IF('Section Load'!L16>0,'Section Load'!L16,0)) -> 1184.99 | L13: =(IF('Section Load'!M16>0,'Section Load'!M16,0)) -> 713.6 | ... AL13: =(IF('Section Load'!AM16>0,'Section Load'!AM16,0)) -> 670 | AM13: =(IF('Water Report'!$O$7>0,'Water Report'!$O$7,0)) -> 105 | AN13: =(IF('Water Report'!$O$8>0,'Water Report'!$O$8,0)) -> 168 | AO13: =(IF('Water Report'!$O$9>0,'Water Report'!$O$9,0)) -> 70 | AP13: =(IF('Water Report'!$O$10>0,'Water Report'!$O$10,0)) -> 35 | AQ13: =(IF('Water Report'!$O$11>0,'Water Report'!$O$11,0)) -> 33 | AR13: =(IF('Water Report'!$O$13>0,'Water Report'!$O$13,0)) -> 25 | AS13: =(IF('Water Report'!$O$14>0,'Water Report'!$O$14,0)) -> 30 | AT13: =(IF('Water Report'!$O$15>0,'Water Report'!$O$15,0)) -> 15 | AU13: =(IF('Water Report'!$O$17>0,'Water Report'!$O$17,0)) -> 0 | AV13: =(IF('Water Report'!$O$18>0,'Water Report'!$O$18,0)) -> 10 | AW13: =(IF('Water Report'!$O$19>0,'Water Report'!$O$19,0)) -> 9 | AX13: =(IF('Water Report'!$O$21>0,'Water Report'!$O$21,0)) -> 57 | AY13: =(IF('Water Report'!$O$22>0,'Water Report'!$O$22,0)) -> 0 | AZ13: =(IF('Water Report'!$O$23>0,'Water Report'!$O$23,0)) -> 5 | BA13: =(IF('Water Report'!$O$14>0,'Water Report'!$O$14,0)) -> 30 | BB13: =(IF('Water Report'!$O$15>0,'Water Report'!$O$15,0)) -> 15 | BC13: =(IF('Water Report'!$O$13>0,'Water Report'!$O$13,0)) -> 25 | BD13: =(IF('Water Report'!$O$24>0,'Water Report'!$O$24,0)) -> 223 | BE13: =(IF('Water Report'!$O$25>0,'Water Report'!$O$25,0)) -> 183 | BF13: =(IF('Water Report'!$O$27>0,'Water Report'!$O$27,0)) -> 87 | BG13: =(IF('Section Load'!AN16>0,'Section Load'!AN16,0)) -> 916.831 | BH13: =(IF('Section Load'!AO16>0,'Section Load'!AO16,0)) -> 282.02 | BI13: =(IF('Section Load'!AP16>0,'Section Load'!AP16,0)) -> 0 | BJ13: =(IF('Section Load'!AQ16>0,'Section Load'!AQ16,0)) -> 85.09 | BK13: =(IF('Section Load'!AR16>0,'Section Load'!AR16,0)) -> 43.6 | BL13: =(IF('Section Load'!AS16>0,'Section Load'!AS16,0)) -> 3.5 | BM13: =(IF('Section Load'!AT16>0,'Section Load'!AT16,0)) -> 503.021
A14: Mumbai | B14: =B13+1 -> 13 | C14: 9 | D14: 2021 | E14: =(IF('Section Load'!F17>0,'Section Load'!F17,0)) -> 305211.37 | F14: =(IF('Section Load'!G17>0,'Section Load'!G17,0)) -> 368339.28 | G14: =(IF('Section Load'!H17>0,'Section Load'!H17,0)) -> 785104.72 | H14: =(IF('Section Load'!I17>0,'Section Load'!I17,0)) -> 953761.75 | I14: =(IF('Section Load'!J17>0,'Section Load'!J17,0)) -> 0 | J14: =(IF('Section Load'!K17>0,'Section Load'!K17,0)) -> 0 | K14: =(IF('Section Load'!L17>0,'Section Load'!L17,0)) -> 0 | L14: =(IF('Section Load'!M17>0,'Section Load'!M17,0)) -> 46200 | ... AL14: =(IF('Section Load'!AM17>0,'Section Load'!AM17,0)) -> 0 | AM14: =(IF('Water Report'!$P$7>0,'Water Report'!$P$7,0)) -> 0 | AN14: =(IF('Water Report'!$P$8>0,'Water Report'!$P$8,0)) -> 0 | AO14: =(IF('Water Report'!$P$9>0,'Water Report'!$P$9,0)) -> 0 | AP14: =(IF('Water Report'!$P$10>0,'Water Report'!$P$10,0)) -> 0 | AQ14: =(IF('Water Report'!$P$11>0,'Water Report'!$P$11,0)) -> 0 | AR14: =(IF('Water Report'!$P$13>0,'Water Report'!$P$13,0)) -> 0 | AS14: =(IF('Water Report'!$P$14>0,'Water Report'!$P$14,0)) -> 0 | AT14: =(IF('Water Report'!$P$15>0,'Water Report'!$P$15,0)) -> 0 | AU14: =(IF('Water Report'!$P$17>0,'Water Report'!$P$17,0)) -> 0 | AV14: =(IF('Water Report'!$P$18>0,'Water Report'!$P$18,0)) -> 9 | AW14: =(IF('Water Report'!$P$19>0,'Water Report'!$P$19,0)) -> 0 | AX14: =(IF('Water Report'!$P$21>0,'Water Report'!$P$21,0)) -> 0 | AY14: =(IF('Water Report'!$P$22>0,'Water Report'!$P$22,0)) -> 0 | AZ14: =(IF('Water Report'!$P$23>0,'Water Report'!$P$23,0)) -> 0 | BA14: =(IF('Water Report'!$P$14>0,'Water Report'!$P$14,0)) -> 0 | BB14: =(IF('Water Report'!$P$15>0,'Water Report'!$P$15,0)) -> 0 | BC14: =(IF('Water Report'!$P$13>0,'Water Report'!$P$13,0)) -> 0 | BD14: =(IF('Water Report'!$P$24>0,'Water Report'!$P$24,0)) -> 0 | BE14: =(IF('Water Report'!$P$25>0,'Water Report'!$P$25,0)) -> 0 | BF14: =(IF('Water Report'!$P$27>0,'Water Report'!$P$27,0)) -> 0 | BG14: =(IF('Section Load'!AN17>0,'Section Load'!AN17,0)) -> 0 | BH14: =(IF('Section Load'!AO17>0,'Section Load'!AO17,0)) -> 0 | BI14: =(IF('Section Load'!AP17>0,'Section Load'!AP17,0)) -> 0 | BJ14: =(IF('Section Load'!AQ17>0,'Section Load'!AQ17,0)) -> 0 | BK14: =(IF('Section Load'!AR17>0,'Section Load'!AR17,0)) -> 0 | BL14: =(IF('Section Load'!AS17>0,'Section Load'!AS17,0)) -> 0 | BM14: =(IF('Section Load'!AT17>0,'Section Load'!AT17,0)) -> 0
A15: Mumbai | B15: =B14+1 -> 14 | C15: 9 | D15: 2021 | E15: =(IF('Section Load'!F18>0,'Section Load'!F18,0)) -> 3064 | F15: =(IF('Section Load'!G18>0,'Section Load'!G18,0)) -> 1554 | G15: =(IF('Section Load'!H18>0,'Section Load'!H18,0)) -> 1717 | H15: =(IF('Section Load'!I18>0,'Section Load'!I18,0)) -> 3673.59 | I15: =(IF('Section Load'!J18>0,'Section Load'!J18,0)) -> 6022 | J15: =(IF('Section Load'!K18>0,'Section Load'!K18,0)) -> 2490 | K15: =(IF('Section Load'!L18>0,'Section Load'!L18,0)) -> 986 | L15: =(IF('Section Load'!M18>0,'Section Load'!M18,0)) -> 633.4 | ... AL15: =(IF('Section Load'!AM18>0,'Section Load'!AM18,0)) -> 807 | AM15: =(IF('Water Report'!$Q$7>0,'Water Report'!$Q$7,0)) -> 83 | AN15: =(IF('Water Report'!$Q$8>0,'Water Report'!$Q$8,0)) -> 179 | AO15: =(IF('Water Report'!$Q$9>0,'Water Report'!$Q$9,0)) -> 69 | AP15: =(IF('Water Report'!$Q$10>0,'Water Report'!$Q$10,0)) -> 22 | AQ15: =(IF('Water Report'!$Q$11>0,'Water Report'!$Q$11,0)) -> 36 | AR15: =(IF('Water Report'!$Q$13>0,'Water Report'!$Q$13,0)) -> 11 | AS15: =(IF('Water Report'!$Q$14>0,'Water Report'!$Q$14,0)) -> 15 | AT15: =(IF('Water Report'!$Q$15>0,'Water Report'!$Q$15,0)) -> 9 | AU15: =(IF('Water Report'!$Q$17>0,'Water Report'!$Q$17,0)) -> 15 | AV15: =(IF('Water Report'!$Q$18>0,'Water Report'!$Q$18,0)) -> 8 | AW15: =(IF('Water Report'!$Q$19>0,'Water Report'!$Q$19,0)) -> 11 | AX15: =(IF('Water Report'!$Q$21>0,'Water Report'!$Q$21,0)) -> 71 | AY15: =(IF('Water Report'!$Q$22>0,'Water Report'!$Q$22,0)) -> 0 | AZ15: =(IF('Water Report'!$Q$23>0,'Water Report'!$Q$23,0)) -> 0 | BA15: =(IF('Water Report'!$Q$14>0,'Water Report'!$Q$14,0)) -> 15 | BB15: =(IF('Water Report'!$Q$15>0,'Water Report'!$Q$15,0)) -> 9 | BC15: =(IF('Water Report'!$Q$13>0,'Water Report'!$Q$13,0)) -> 11 | BD15: =(IF('Water Report'!$Q$24>0,'Water Report'!$Q$24,0)) -> 223 | BE15: =(IF('Water Report'!$Q$25>0,'Water Report'!$Q$25,0)) -> 151 | BF15: =(IF('Water Report'!$Q$27>0,'Water Report'!$Q$27,0)) -> 82 | BG15: =(IF('Section Load'!AN18>0,'Section Load'!AN18,0)) -> 1092 | BH15: =(IF('Section Load'!AO18>0,'Section Load'!AO18,0)) -> 271 | BI15: =(IF('Section Load'!AP18>0,'Section Load'!AP18,0)) -> 0.4 | BJ15: =(IF('Section Load'!AQ18>0,'Section Load'!AQ18,0)) -> 110 | BK15: =(IF('Section Load'!AR18>0,'Section Load'!AR18,0)) -> 47 | BL15: =(IF('Section Load'!AS18>0,'Section Load'!AS18,0)) -> 4 | BM15: =(IF('Section Load'!AT18>0,'Section Load'!AT18,0)) -> 659.6
A16: Mumbai | B16: =B15+1 -> 15 | C16: 9 | D16: 2021 | E16: =(IF('Section Load'!F19>0,'Section Load'!F19,0)) -> 2975 | F16: =(IF('Section Load'!G19>0,'Section Load'!G19,0)) -> 1554 | G16: =(IF('Section Load'!H19>0,'Section Load'!H19,0)) -> 1841.93 | H16: =(IF('Section Load'!I19>0,'Section Load'!I19,0)) -> 3671.41 | I16: =(IF('Section Load'!J19>0,'Section Load'!J19,0)) -> 6209 | J16: =(IF('Section Load'!K19>0,'Section Load'!K19,0)) -> 2580 | K16: =(IF('Section Load'!L19>0,'Section Load'!L19,0)) -> 1206 | L16: =(IF('Section Load'!M19>0,'Section Load'!M19,0)) -> 823 | ... AL16: =(IF('Section Load'!AM19>0,'Section Load'!AM19,0)) -> 837 | AM16: =(IF('Water Report'!$R$7>0,'Water Report'!$R$7,0)) -> 130 | AN16: =(IF('Water Report'!$R$8>0,'Water Report'!$R$8,0)) -> 168 | AO16: =(IF('Water Report'!$R$9>0,'Water Report'!$R$9,0)) -> 78 | AP16: =(IF('Water Report'!$R$10>0,'Water Report'!$R$10,0)) -> 38 | AQ16: =(IF('Water Report'!$R$11>0,'Water Report'!$R$11,0)) -> 41 | AR16: =(IF('Water Report'!$R$13>0,'Water Report'!$R$13,0)) -> 50 | AS16: =(IF('Water Report'!$R$14>0,'Water Report'!$R$14,0)) -> 20 | AT16: =(IF('Water Report'!$R$15>0,'Water Report'!$R$15,0)) -> 13 | AU16: =(IF('Water Report'!$R$17>0,'Water Report'!$R$17,0)) -> 0 | AV16: =(IF('Water Report'!$R$18>0,'Water Report'!$R$18,0)) -> 11 | AW16: =(IF('Water Report'!$R$19>0,'Water Report'!$R$19,0)) -> 9 | AX16: =(IF('Water Report'!$R$21>0,'Water Report'!$R$21,0)) -> 47 | AY16: =(IF('Water Report'!$R$22>0,'Water Report'!$R$22,0)) -> 0 | AZ16: =(IF('Water Report'!$R$23>0,'Water Report'!$R$23,0)) -> 0 | BA16: =(IF('Water Report'!$R$14>0,'Water Report'!$R$14,0)) -> 20 | BB16: =(IF('Water Report'!$R$15>0,'Water Report'!$R$15,0)) -> 13 | BC16: =(IF('Water Report'!$R$13>0,'Water Report'!$R$13,0)) -> 50 | BD16: =(IF('Water Report'!$R$24>0,'Water Report'!$R$24,0)) -> 264 | BE16: =(IF('Water Report'!$R$25>0,'Water Report'!$R$25,0)) -> 190 | BF16: =(IF('Water Report'!$R$27>0,'Water Report'!$R$27,0)) -> 97 | BG16: =(IF('Section Load'!AN19>0,'Section Load'!AN19,0)) -> 920 | BH16: =(IF('Section Load'!AO19>0,'Section Load'!AO19,0)) -> 304 | BI16: =(IF('Section Load'!AP19>0,'Section Load'!AP19,0)) -> 0 | BJ16: =(IF('Section Load'!AQ19>0,'Section Load'!AQ19,0)) -> 86 | BK16: =(IF('Section Load'!AR19>0,'Section Load'!AR19,0)) -> 57 | BL16: =(IF('Section Load'!AS19>0,'Section Load'!AS19,0)) -> 3 | BM16: =(IF('Section Load'!AT19>0,'Section Load'!AT19,0)) -> 470
A17: Mumbai | B17: =B16+1 -> 16 | C17: 9 | D17: 2021 | E17: =(IF('Section Load'!F20>0,'Section Load'!F20,0)) -> 3248.3 | F17: =(IF('Section Load'!G20>0,'Section Load'!G20,0)) -> 1612 | G17: =(IF('Section Load'!H20>0,'Section Load'!H20,0)) -> 1690.07 | H17: =(IF('Section Load'!I20>0,'Section Load'!I20,0)) -> 3911.59 | I17: =(IF('Section Load'!J20>0,'Section Load'!J20,0)) -> 6647 | J17: =(IF('Section Load'!K20>0,'Section Load'!K20,0)) -> 2740 | K17: =(IF('Section Load'!L20>0,'Section Load'!L20,0)) -> 1437 | L17: =(IF('Section Load'!M20>0,'Section Load'!M20,0)) -> 663 | ... AL17: =(IF('Section Load'!AM20>0,'Section Load'!AM20,0)) -> 837 | AM17: =(IF('Water Report'!$S$7>0,'Water Report'!$S$7,0)) -> 84 | AN17: =(IF('Water Report'!$S$8>0,'Water Report'!$S$8,0)) -> 140 | AO17: =(IF('Water Report'!$S$9>0,'Water Report'!$S$9,0)) -> 67 | AP17: =(IF('Water Report'!$S$10>0,'Water Report'!$D$10,0)) -> 18 | AQ17: =(IF('Water Report'!$S$11>0,'Water Report'!$D$11,0)) -> 24 | AR17: =(IF('Water Report'!$S$13>0,'Water Report'!$D$13,0)) -> 11 | AS17: =(IF('Water Report'!$S$14>0,'Water Report'!$D$14,0)) -> 13 | AT17: =(IF('Water Report'!$S$15>0,'Water Report'!$D$15,0)) -> 7 | AU17: =(IF('Water Report'!$S$17>0,'Water Report'!$D$17,0)) -> 0 | AV17: =(IF('Water Report'!$S$18>0,'Water Report'!$D$18,0)) -> 7 | AW17: =(IF('Water Report'!$S$19>0,'Water Report'!$D$19,0)) -> 10 | AX17: =(IF('Water Report'!$S$21>0,'Water Report'!$D$21,0)) -> 93 | AY17: =(IF('Water Report'!$S$22>0,'Water Report'!$D$22,0)) -> 0 | AZ17: =(IF('Water Report'!$S$23>0,'Water Report'!$D$23,0)) -> 0 | BA17: =(IF('Water Report'!$S$14>0,'Water Report'!$D$14,0)) -> 13 | BB17: =(IF('Water Report'!$S$15>0,'Water Report'!$D$15,0)) -> 7 | BC17: =(IF('Water Report'!$S$13>0,'Water Report'!$D$13,0)) -> 11 | BD17: =(IF('Water Report'!$S$24>0,'Water Report'!$D$24,0)) -> 146 | BE17: =(IF('Water Report'!$S$25>0,'Water Report'!$D$25,0)) -> 128 | BF17: =(IF('Water Report'!$S$27>0,'Water Report'!$D$27,0)) -> 104 | BG17: =(IF('Section Load'!AN20>0,'Section Load'!AN20,0)) -> 896.097 | BH17: =(IF('Section Load'!AO20>0,'Section Load'!AO20,0)) -> 250.46 | BI17: =(IF('Section Load'!AP20>0,'Section Load'!AP20,0)) -> 0 | BJ17: =(IF('Section Load'!AQ20>0,'Section Load'!AQ20,0)) -> 75.5 | BK17: =(IF('Section Load'!AR20>0,'Section Load'!AR20,0)) -> 40.3 | BL17: =(IF('Section Load'!AS20>0,'Section Load'!AS20,0)) -> 0.7 | BM17: =(IF('Section Load'!AT20>0,'Section Load'!AT20,0)) -> 529.137
A18: Mumbai | B18: =B17+1 -> 17 | C18: 9 | D18: 2021 | E18: =(IF('Section Load'!F21>0,'Section Load'!F21,0)) -> 3008 | F18: =(IF('Section Load'!G21>0,'Section Load'!G21,0)) -> 1496 | G18: =(IF('Section Load'!H21>0,'Section Load'!H21,0)) -> 1715 | H18: =(IF('Section Load'!I21>0,'Section Load'!I21,0)) -> 3719.4 | I18: =(IF('Section Load'!J21>0,'Section Load'!J21,0)) -> 5807 | J18: =(IF('Section Load'!K21>0,'Section Load'!K21,0)) -> 2430 | K18: =(IF('Section Load'!L21>0,'Section Load'!L21,0)) -> 1453 | L18: =(IF('Section Load'!M21>0,'Section Load'!M21,0)) -> 632.5 | ... AL18: =(IF('Section Load'!AM21>0,'Section Load'!AM21,0)) -> 679 | AM18: =(IF('Water Report'!$T$7>0,'Water Report'!$T$7,0)) -> 79 | AN18: =(IF('Water Report'!$T$8>0,'Water Report'!$T$8,0)) -> 105 | AO18: =(IF('Water Report'!$T$9>0,'Water Report'!$T$9,0)) -> 80 | AP18: =(IF('Water Report'!$T$10>0,'Water Report'!$T$10,0)) -> 18 | AQ18: =(IF('Water Report'!$T$11>0,'Water Report'!$T$11,0)) -> 24 | AR18: =(IF('Water Report'!$T$13>0,'Water Report'!$T$13,0)) -> 36 | AS18: =(IF('Water Report'!$T$14>0,'Water Report'!$T$14,0)) -> 14 | AT18: =(IF('Water Report'!$T$15>0,'Water Report'!$T$15,0)) -> 4 | AU18: =(IF('Water Report'!$T$17>0,'Water Report'!$T$17,0)) -> 0 | AV18: =(IF('Water Report'!$T$18>0,'Water Report'!$T$18,0)) -> 9 | AW18: =(IF('Water Report'!$T$19>0,'Water Report'!$T$19,0)) -> 6 | AX18: =(IF('Water Report'!$T$21>0,'Water Report'!$T$21,0)) -> 74 | AY18: =(IF('Water Report'!$T$22>0,'Water Report'!$T$22,0)) -> 0 | AZ18: =(IF('Water Report'!$T$23>0,'Water Report'!$T$23,0)) -> 0 | BA18: =(IF('Water Report'!$T$14>0,'Water Report'!$T$14,0)) -> 14 | BB18: =(IF('Water Report'!$T$15>0,'Water Report'!$T$15,0)) -> 4 | BC18: =(IF('Water Report'!$T$13>0,'Water Report'!$T$13,0)) -> 36 | BD18: =(IF('Water Report'!$T$24>0,'Water Report'!$T$24,0)) -> 226 | BE18: =(IF('Water Report'!$T$25>0,'Water Report'!$T$25,0)) -> 140 | BF18: =(IF('Water Report'!$T$27>0,'Water Report'!$T$27,0)) -> 110 | BG18: =(IF('Section Load'!AN21>0,'Section Load'!AN21,0)) -> 813.512 | BH18: =(IF('Section Load'!AO21>0,'Section Load'!AO21,0)) -> 296.09 | BI18: =(IF('Section Load'!AP21>0,'Section Load'!AP21,0)) -> 0 | BJ18: =(IF('Section Load'!AQ21>0,'Section Load'!AQ21,0)) -> 76.78 | BK18: =(IF('Section Load'!AR21>0,'Section Load'!AR21,0)) -> 39.9 | BL18: =(IF('Section Load'!AS21>0,'Section Load'!AS21,0)) -> 0.7 | BM18: =(IF('Section Load'!AT21>0,'Section Load'!AT21,0)) -> 400.042
A19: Mumbai | B19: =B18+1 -> 18 | C19: 9 | D19: 2021 | E19: =(IF('Section Load'!F22>0,'Section Load'!F22,0)) -> 2982 | F19: =(IF('Section Load'!G22>0,'Section Load'!G22,0)) -> 1535 | G19: =(IF('Section Load'!H22>0,'Section Load'!H22,0)) -> 1724 | H19: =(IF('Section Load'!I22>0,'Section Load'!I22,0)) -> 3770.6 | I19: =(IF('Section Load'!J22>0,'Section Load'!J22,0)) -> 5978 | J19: =(IF('Section Load'!K22>0,'Section Load'!K22,0)) -> 2570 | K19: =(IF('Section Load'!L22>0,'Section Load'!L22,0)) -> 1651 | L19: =(IF('Section Load'!M22>0,'Section Load'!M22,0)) -> 711.2 | ... AL19: =(IF('Section Load'!AM22>0,'Section Load'!AM22,0)) -> 705 | AM19: =(IF('Water Report'!$U$7>0,'Water Report'!$U$7,0)) -> 103 | AN19: =(IF('Water Report'!$U$8>0,'Water Report'!$U$8,0)) -> 55 | AO19: =(IF('Water Report'!$U$9>0,'Water Report'!$U$9,0)) -> 110 | AP19: =(IF('Water Report'!$U$10>0,'Water Report'!$U$10,0)) -> 20 | AQ19: =(IF('Water Report'!$U$11>0,'Water Report'!$U$11,0)) -> 24 | AR19: =(IF('Water Report'!$U$13>0,'Water Report'!$U$13,0)) -> 46 | AS19: =(IF('Water Report'!$U$14>0,'Water Report'!$U$14,0)) -> 18 | AT19: =(IF('Water Report'!$U$15>0,'Water Report'!$U$15,0)) -> 6 | AU19: =(IF('Water Report'!$U$17>0,'Water Report'!$U$17,0)) -> 16 | AV19: =(IF('Water Report'!$U$18>0,'Water Report'!$U$18,0)) -> 20 | AW19: =(IF('Water Report'!$U$19>0,'Water Report'!$U$19,0)) -> 10 | AX19: =(IF('Water Report'!$U$21>0,'Water Report'!$U$21,0)) -> 49 | AY19: =(IF('Water Report'!$U$22>0,'Water Report'!$U$22,0)) -> 0 | AZ19: =(IF('Water Report'!$U$23>0,'Water Report'!$U$23,0)) -> 0 | BA19: =(IF('Water Report'!$U$14>0,'Water Report'!$U$14,0)) -> 18 | BB19: =(IF('Water Report'!$U$15>0,'Water Report'!$U$15,0)) -> 6 | BC19: =(IF('Water Report'!$U$13>0,'Water Report'!$U$13,0)) -> 46 | BD19: =(IF('Water Report'!$U$24>0,'Water Report'!$U$24,0)) -> 200 | BE19: =(IF('Water Report'!$U$25>0,'Water Report'!$U$25,0)) -> 178 | BF19: =(IF('Water Report'!$U$27>0,'Water Report'!$U$27,0)) -> 95 | BG19: =(IF('Section Load'!AN22>0,'Section Load'!AN22,0)) -> 964.543 | BH19: =(IF('Section Load'!AO22>0,'Section Load'!AO22,0)) -> 293.45 | BI19: =(IF('Section Load'!AP22>0,'Section Load'!AP22,0)) -> 0 | BJ19: =(IF('Section Load'!AQ22>0,'Section Load'!AQ22,0)) -> 99.55 | BK19: =(IF('Section Load'!AR22>0,'Section Load'!AR22,0)) -> 45.6 | BL19: =(IF('Section Load'!AS22>0,'Section Load'!AS22,0)) -> 0 | BM19: =(IF('Section Load'!AT22>0,'Section Load'!AT22,0)) -> 525.943
A20: Mumbai | B20: =B19+1 -> 19 | C20: 9 | D20: 2021 | E20: =(IF('Section Load'!F23>0,'Section Load'!F23,0)) -> 3165.7 | F20: =(IF('Section Load'!G23>0,'Section Load'!G23,0)) -> 1571.13 | G20: =(IF('Section Load'!H23>0,'Section Load'!H23,0)) -> 1830.93 | H20: =(IF('Section Load'!I23>0,'Section Load'!I23,0)) -> 3827 | I20: =(IF('Section Load'!J23>0,'Section Load'!J23,0)) -> 6118 | J20: =(IF('Section Load'!K23>0,'Section Load'!K23,0)) -> 2599.67 | K20: =(IF('Section Load'!L23>0,'Section Load'!L23,0)) -> 1813 | L20: =(IF('Section Load'!M23>0,'Section Load'!M23,0)) -> 962.3 | ... AL20: =(IF('Section Load'!AM23>0,'Section Load'!AM23,0)) -> 778 | AM20: =(IF('Water Report'!$V$7>0,'Water Report'!$V$7,0)) -> 90 | AN20: =(IF('Water Report'!$V$8>0,'Water Report'!$V$8,0)) -> 188 | AO20: =(IF('Water Report'!$V$9>0,'Water Report'!$V$9,0)) -> 74 | AP20: =(IF('Water Report'!$V$10>0,'Water Report'!$V$10,0)) -> 26 | AQ20: =(IF('Water Report'!$V$11>0,'Water Report'!$V$11,0)) -> 29 | AR20: =(IF('Water Report'!$V$13>0,'Water Report'!$V$13,0)) -> 24 | AS20: =(IF('Water Report'!$V$14>0,'Water Report'!$V$14,0)) -> 15 | AT20: =(IF('Water Report'!$V$15>0,'Water Report'!$V$15,0)) -> 8 | AU20: =(IF('Water Report'!$V$17>0,'Water Report'!$V$17,0)) -> 0 | AV20: =(IF('Water Report'!$V$18>0,'Water Report'!$V$18,0)) -> 8 | AW20: =(IF('Water Report'!$V$19>0,'Water Report'!$V$19,0)) -> 6 | AX20: =(IF('Water Report'!$V$21>0,'Water Report'!$V$21,0)) -> 70 | AY20: =(IF('Water Report'!$V$22>0,'Water Report'!$V$22,0)) -> 0 | AZ20: =(IF('Water Report'!$V$23>0,'Water Report'!$V$23,0)) -> 0 | BA20: =(IF('Water Report'!$V$14>0,'Water Report'!$V$14,0)) -> 15 | BB20: =(IF('Water Report'!$V$15>0,'Water Report'!$V$15,0)) -> 8 | BC20: =(IF('Water Report'!$V$13>0,'Water Report'!$V$13,0)) -> 24 | BD20: =(IF('Water Report'!$V$24>0,'Water Report'!$V$24,0)) -> 210 | BE20: =(IF('Water Report'!$V$25>0,'Water Report'!$V$25,0)) -> 152 | BF20: =(IF('Water Report'!$V$27>0,'Water Report'!$V$27,0)) -> 94 | BG20: =(IF('Section Load'!AN23>0,'Section Load'!AN23,0)) -> 837.848 | BH20: =(IF('Section Load'!AO23>0,'Section Load'!AO23,0)) -> 288 | BI20: =(IF('Section Load'!AP23>0,'Section Load'!AP23,0)) -> 0 | BJ20: =(IF('Section Load'!AQ23>0,'Section Load'!AQ23,0)) -> 96.09 | BK20: =(IF('Section Load'!AR23>0,'Section Load'!AR23,0)) -> 42 | BL20: =(IF('Section Load'!AS23>0,'Section Load'!AS23,0)) -> 0 | BM20: =(IF('Section Load'!AT23>0,'Section Load'!AT23,0)) -> 411.998
A21: Mumbai | B21: =B20+1 -> 20 | C21: 9 | D21: 2021 | E21: =(IF('Section Load'!F24>0,'Section Load'!F24,0)) -> 2777 | F21: =(IF('Section Load'!G24>0,'Section Load'!G24,0)) -> 1460 | G21: =(IF('Section Load'!H24>0,'Section Load'!H24,0)) -> 1714 | H21: =(IF('Section Load'!I24>0,'Section Load'!I24,0)) -> 3421 | I21: =(IF('Section Load'!J24>0,'Section Load'!J24,0)) -> 5842.14 | J21: =(IF('Section Load'!K24>0,'Section Load'!K24,0)) -> 2360 | K21: =(IF('Section Load'!L24>0,'Section Load'!L24,0)) -> 1302 | L21: =(IF('Section Load'!M24>0,'Section Load'!M24,0)) -> 802.6 | ... AL21: =(IF('Section Load'!AM24>0,'Section Load'!AM24,0)) -> 673 | AM21: =(IF('Water Report'!$W$7>0,'Water Report'!$W$7,0)) -> 123 | AN21: =(IF('Water Report'!$W$8>0,'Water Report'!$W$8,0)) -> 134 | AO21: =(IF('Water Report'!$W$9>0,'Water Report'!$W$9,0)) -> 111 | AP21: =(IF('Water Report'!$W$10>0,'Water Report'!$W$10,0)) -> 26 | AQ21: =(IF('Water Report'!$W$11>0,'Water Report'!$W$11,0)) -> 32 | AR21: =(IF('Water Report'!$W$13>0,'Water Report'!$W$13,0)) -> 29 | AS21: =(IF('Water Report'!$W$14>0,'Water Report'!$W$14,0)) -> 21 | AT21: =(IF('Water Report'!$W$15>0,'Water Report'!$W$15,0)) -> 11 | AU21: =(IF('Water Report'!$W$17>0,'Water Report'!$W$17,0)) -> 0 | AV21: =(IF('Water Report'!$W$18>0,'Water Report'!$W$18,0)) -> 9 | AW21: =(IF('Water Report'!$W$19>0,'Water Report'!$W$19,0)) -> 9 | AX21: =(IF('Water Report'!$W$21>0,'Water Report'!$W$21,0)) -> 61 | AY21: =(IF('Water Report'!$W$22>0,'Water Report'!$W$22,0)) -> 0 | AZ21: =(IF('Water Report'!$W$23>0,'Water Report'!$W$23,0)) -> 74 | BA21: =(IF('Water Report'!$W$14>0,'Water Report'!$W$14,0)) -> 21 | BB21: =(IF('Water Report'!$W$15>0,'Water Report'!$W$15,0)) -> 11 | BC21: =(IF('Water Report'!$W$13>0,'Water Report'!$W$13,0)) -> 29 | BD21: =(IF('Water Report'!$W$24>0,'Water Report'!$W$24,0)) -> 299 | BE21: =(IF('Water Report'!$W$25>0,'Water Report'!$W$25,0)) -> 201 | BF21: =(IF('Water Report'!$W$27>0,'Water Report'!$W$27,0)) -> 164 | BG21: =(IF('Section Load'!AN24>0,'Section Load'!AN24,0)) -> 900.52 | BH21: =(IF('Section Load'!AO24>0,'Section Load'!AO24,0)) -> 285.7 | BI21: =(IF('Section Load'!AP24>0,'Section Load'!AP24,0)) -> 0 | BJ21: =(IF('Section Load'!AQ24>0,'Section Load'!AQ24,0)) -> 86.58 | BK21: =(IF('Section Load'!AR24>0,'Section Load'!AR24,0)) -> 39.7 | BL21: =(IF('Section Load'!AS24>0,'Section Load'!AS24,0)) -> 0.29 | BM21: =(IF('Section Load'!AT24>0,'Section Load'!AT24,0)) -> 488.25
A22: Mumbai | B22: =B21+1 -> 21 | C22: 9 | D22: 2021 | E22: =(IF('Section Load'!F25>0,'Section Load'!F25,0)) -> 3056 | F22: =(IF('Section Load'!G25>0,'Section Load'!G25,0)) -> 1562 | G22: =(IF('Section Load'!H25>0,'Section Load'!H25,0)) -> 1883.07 | H22: =(IF('Section Load'!I25>0,'Section Load'!I25,0)) -> 3720 | I22: =(IF('Section Load'!J25>0,'Section Load'!J25,0)) -> 6296 | J22: =(IF('Section Load'!K25>0,'Section Load'!K25,0)) -> 2600 | K22: =(IF('Section Load'!L25>0,'Section Load'!L25,0)) -> 1002 | L22: =(IF('Section Load'!M25>0,'Section Load'!M25,0)) -> 674.8 | ... AL22: =(IF('Section Load'!AM25>0,'Section Load'!AM25,0)) -> 661 | AM22: =(IF('Water Report'!$X$7>0,'Water Report'!$X$7,0)) -> 129 | AN22: =(IF('Water Report'!$X$8>0,'Water Report'!$X$8,0)) -> 144 | AO22: =(IF('Water Report'!$X$9>0,'Water Report'!$X$9,0)) -> 78 | AP22: =(IF('Water Report'!$X$10>0,'Water Report'!$X$10,0)) -> 28 | AQ22: =(IF('Water Report'!$X$11>0,'Water Report'!$X$11,0)) -> 33 | AR22: =(IF('Water Report'!$X$13>0,'Water Report'!$X$13,0)) -> 13 | AS22: =(IF('Water Report'!$X$14>0,'Water Report'!$X$14,0)) -> 18 | AT22: =(IF('Water Report'!$X$15>0,'Water Report'!$X$15,0)) -> 25 | AU22: =(IF('Water Report'!$X$17>0,'Water Report'!$X$17,0)) -> 18 | AV22: =(IF('Water Report'!$X$18>0,'Water Report'!$X$18,0)) -> 11 | AW22: =(IF('Water Report'!$X$19>0,'Water Report'!$X$19,0)) -> 8 | AX22: =(IF('Water Report'!$X$21>0,'Water Report'!$X$21,0)) -> 85 | AY22: =(IF('Water Report'!$X$22>0,'Water Report'!$X$22,0)) -> 0 | AZ22: =(IF('Water Report'!$X$23>0,'Water Report'!$X$23,0)) -> 0 | BA22: =(IF('Water Report'!$X$14>0,'Water Report'!$X$14,0)) -> 18 | BB22: =(IF('Water Report'!$X$15>0,'Water Report'!$X$15,0)) -> 25 | BC22: =(IF('Water Report'!$X$13>0,'Water Report'!$X$13,0)) -> 13 | BD22: =(IF('Water Report'!$X$24>0,'Water Report'!$X$24,0)) -> 253 | BE22: =(IF('Water Report'!$X$25>0,'Water Report'!$X$25,0)) -> 182 | BF22: =(IF('Water Report'!$X$27>0,'Water Report'!$X$27,0)) -> 98 | BG22: =(IF('Section Load'!AN25>0,'Section Load'!AN25,0)) -> 890.94 | BH22: =(IF('Section Load'!AO25>0,'Section Load'!AO25,0)) -> 279.3 | BI22: =(IF('Section Load'!AP25>0,'Section Load'!AP25,0)) -> 0 | BJ22: =(IF('Section Load'!AQ25>0,'Section Load'!AQ25,0)) -> 101.12 | BK22: =(IF('Section Load'!AR25>0,'Section Load'!AR25,0)) -> 50.3 | BL22: =(IF('Section Load'!AS25>0,'Section Load'!AS25,0)) -> 12.75 | BM22: =(IF('Section Load'!AT25>0,'Section Load'!AT25,0)) -> 447.47
A23: Mumbai | B23: =B22+1 -> 22 | C23: 9 | D23: 2021 | E23: =(IF('Section Load'!F26>0,'Section Load'!F26,0)) -> 3360 | F23: =(IF('Section Load'!G26>0,'Section Load'!G26,0)) -> 1652 | G23: =(IF('Section Load'!H26>0,'Section Load'!H26,0)) -> 1801 | H23: =(IF('Section Load'!I26>0,'Section Load'!I26,0)) -> 4097 | I23: =(IF('Section Load'!J26>0,'Section Load'!J26,0)) -> 7248.86 | J23: =(IF('Section Load'!K26>0,'Section Load'!K26,0)) -> 2820 | K23: =(IF('Section Load'!L26>0,'Section Load'!L26,0)) -> 1431 | L23: =(IF('Section Load'!M26>0,'Section Load'!M26,0)) -> 865.4 | ... AL23: =(IF('Section Load'!AM26>0,'Section Load'!AM26,0)) -> 783 | AM23: =(IF('Water Report'!$Y$7>0,'Water Report'!$Y$7,0)) -> 106 | AN23: =(IF('Water Report'!$Y$8>0,'Water Report'!$Y$8,0)) -> 157 | AO23: =(IF('Water Report'!$Y$9>0,'Water Report'!$Y$9,0)) -> 82 | AP23: =(IF('Water Report'!$Y$10>0,'Water Report'!$Y$10,0)) -> 28 | AQ23: =(IF('Water Report'!$Y$11>0,'Water Report'!$Y$11,0)) -> 33 | AR23: =(IF('Water Report'!$Y$13>0,'Water Report'!$Y$13,0)) -> 41 | AS23: =(IF('Water Report'!$Y$14>0,'Water Report'!$Y$14,0)) -> 13 | AT23: =(IF('Water Report'!$Y$15>0,'Water Report'!$Y$15,0)) -> 9 | AU23: =(IF('Water Report'!$Y$17>0,'Water Report'!$Y$17,0)) -> 0 | AV23: =(IF('Water Report'!$Y$18>0,'Water Report'!$Y$18,0)) -> 7 | AW23: =(IF('Water Report'!$Y$19>0,'Water Report'!$Y$19,0)) -> 9 | AX23: =(IF('Water Report'!$Y$21>0,'Water Report'!$Y$21,0)) -> 83 | AY23: =(IF('Water Report'!$Y$22>0,'Water Report'!$Y$22,0)) -> 0 | AZ23: =(IF('Water Report'!$Y$23>0,'Water Report'!$Y$23,0)) -> 2 | BA23: =(IF('Water Report'!$Y$14>0,'Water Report'!$Y$14,0)) -> 13 | BB23: =(IF('Water Report'!$Y$15>0,'Water Report'!$Y$15,0)) -> 9 | BC23: =(IF('Water Report'!$Y$13>0,'Water Report'!$Y$13,0)) -> 41 | BD23: =(IF('Water Report'!$Y$24>0,'Water Report'!$Y$24,0)) -> 265 | BE23: =(IF('Water Report'!$Y$25>0,'Water Report'!$Y$25,0)) -> 165 | BF23: =(IF('Water Report'!$Y$27>0,'Water Report'!$Y$27,0)) -> 126 | BG23: =(IF('Section Load'!AN26>0,'Section Load'!AN26,0)) -> 882.82 | BH23: =(IF('Section Load'!AO26>0,'Section Load'!AO26,0)) -> 272.02 | BI23: =(IF('Section Load'!AP26>0,'Section Load'!AP26,0)) -> 0 | BJ23: =(IF('Section Load'!AQ26>0,'Section Load'!AQ26,0)) -> 97.61 | BK23: =(IF('Section Load'!AR26>0,'Section Load'!AR26,0)) -> 37.5 | BL23: =(IF('Section Load'!AS26>0,'Section Load'!AS26,0)) -> 1.7 | BM23: =(IF('Section Load'!AT26>0,'Section Load'!AT26,0)) -> 473.99
A24: Mumbai | B24: =B23+1 -> 23 | C24: 9 | D24: 2021 | E24: =(IF('Section Load'!F27>0,'Section Load'!F27,0)) -> 3117 | F24: =(IF('Section Load'!G27>0,'Section Load'!G27,0)) -> 1589 | G24: =(IF('Section Load'!H27>0,'Section Load'!H27,0)) -> 1544 | H24: =(IF('Section Load'!I27>0,'Section Load'!I27,0)) -> 3499 | I24: =(IF('Section Load'!J27>0,'Section Load'!J27,0)) -> 7286 | J24: =(IF('Section Load'!K27>0,'Section Load'!K27,0)) -> 2470 | K24: =(IF('Section Load'!L27>0,'Section Load'!L27,0)) -> 985 | L24: =(IF('Section Load'!M27>0,'Section Load'!M27,0)) -> 662.2 | ... AL24: =(IF('Section Load'!AM27>0,'Section Load'!AM27,0)) -> 691 | AM24: =(IF('Water Report'!$Z$7>0,'Water Report'!$Z$7,0)) -> 64 | AN24: =(IF('Water Report'!$Z$8>0,'Water Report'!$Z$8,0)) -> 178 | AO24: =(IF('Water Report'!$Z$9>0,'Water Report'!$Z$9,0)) -> 65 | AP24: =(IF('Water Report'!$Z$10>0,'Water Report'!$Z$10,0)) -> 19 | AQ24: =(IF('Water Report'!$Z$11>0,'Water Report'!$Z$11,0)) -> 23 | AR24: =(IF('Water Report'!$Z$13>0,'Water Report'!$Z$13,0)) -> 44 | AS24: =(IF('Water Report'!$Z$14>0,'Water Report'!$Z$14,0)) -> 18 | AT24: =(IF('Water Report'!$Z$15>0,'Water Report'!$Z$15,0)) -> 3 | AU24: =(IF('Water Report'!$Z$17>0,'Water Report'!$Z$17,0)) -> 0 | AV24: =(IF('Water Report'!$Z$18>0,'Water Report'!$Z$18,0)) -> 11 | AW24: =(IF('Water Report'!$Z$19>0,'Water Report'!$Z$19,0)) -> 7 | AX24: =(IF('Water Report'!$Z$21>0,'Water Report'!$Z$21,0)) -> 77 | AY24: =(IF('Water Report'!$Z$22>0,'Water Report'!$Z$22,0)) -> 0 | AZ24: =(IF('Water Report'!$Z$23>0,'Water Report'!$Z$23,0)) -> 0 | BA24: =(IF('Water Report'!$Z$14>0,'Water Report'!$Z$14,0)) -> 18 | BB24: =(IF('Water Report'!$Z$15>0,'Water Report'!$Z$15,0)) -> 3 | BC24: =(IF('Water Report'!$Z$13>0,'Water Report'!$Z$13,0)) -> 44 | BD24: =(IF('Water Report'!$Z$24>0,'Water Report'!$Z$24,0)) -> 226 | BE24: =(IF('Water Report'!$Z$25>0,'Water Report'!$Z$25,0)) -> 128 | BF24: =(IF('Water Report'!$Z$27>0,'Water Report'!$Z$27,0)) -> 121 | BG24: =(IF('Section Load'!AN27>0,'Section Load'!AN27,0)) -> 828.72 | BH24: =(IF('Section Load'!AO27>0,'Section Load'!AO27,0)) -> 261.98 | BI24: =(IF('Section Load'!AP27>0,'Section Load'!AP27,0)) -> 0 | BJ24: =(IF('Section Load'!AQ27>0,'Section Load'!AQ27,0)) -> 95.77 | BK24: =(IF('Section Load'!AR27>0,'Section Load'!AR27,0)) -> 33.7 | BL24: =(IF('Section Load'!AS27>0,'Section Load'!AS27,0)) -> 1.1 | BM24: =(IF('Section Load'!AT27>0,'Section Load'!AT27,0)) -> 436.17
A25: Mumbai | B25: =B24+1 -> 24 | C25: 9 | D25: 2021 | E25: =(IF('Section Load'!F28>0,'Section Load'!F28,0)) -> 3121 | F25: =(IF('Section Load'!G28>0,'Section Load'!G28,0)) -> 1505 | G25: =(IF('Section Load'!H28>0,'Section Load'!H28,0)) -> 1660.93 | H25: =(IF('Section Load'!I28>0,'Section Load'!I28,0)) -> 3973.41 | I25: =(IF('Section Load'!J28>0,'Section Load'!J28,0)) -> 8002 | J25: =(IF('Section Load'!K28>0,'Section Load'!K28,0)) -> 3020 | K25: =(IF('Section Load'!L28>0,'Section Load'!L28,0)) -> 1445 | L25: =(IF('Section Load'!M28>0,'Section Load'!M28,0)) -> 672 | ... AL25: =(IF('Section Load'!AM28>0,'Section Load'!AM28,0)) -> 687 | AM25: =(IF('Water Report'!$AA$7>0,'Water Report'!$AA$7,0)) -> 76 | AN25: =(IF('Water Report'!$AA$8>0,'Water Report'!$AA$8,0)) -> 137 | AO25: =(IF('Water Report'!$AA$9>0,'Water Report'!$AA$9,0)) -> 67 | AP25: =(IF('Water Report'!$AA$10>0,'Water Report'!$AA$10,0)) -> 27 | AQ25: =(IF('Water Report'!$AA$11>0,'Water Report'!$AA$11,0)) -> 20 | AR25: =(IF('Water Report'!$AA$13>0,'Water Report'!$AA$13,0)) -> 52 | AS25: =(IF('Water Report'!$AA$14>0,'Water Report'!$AA$14,0)) -> 15 | AT25: =(IF('Water Report'!$AA$15>0,'Water Report'!$AA$15,0)) -> 7 | AU25: =(IF('Water Report'!$AA$17>0,'Water Report'!$AA$17,0)) -> 16 | AV25: =(IF('Water Report'!$AA$18>0,'Water Report'!$AA$18,0)) -> 7 | AW25: =(IF('Water Report'!$AA$19>0,'Water Report'!$AA$19,0)) -> 10 | AX25: =(IF('Water Report'!$AA$21>0,'Water Report'!$AA$21,0)) -> 75 | AY25: =(IF('Water Report'!$AA$22>0,'Water Report'!$AA$22,0)) -> 0 | AZ25: =(IF('Water Report'!$AA$23>0,'Water Report'!$AA$23,0)) -> 60 | BA25: =(IF('Water Report'!$AA$14>0,'Water Report'!$AA$14,0)) -> 15 | BB25: =(IF('Water Report'!$AA$15>0,'Water Report'!$AA$15,0)) -> 7 | BC25: =(IF('Water Report'!$AA$13>0,'Water Report'!$AA$13,0)) -> 52 | BD25: =(IF('Water Report'!$AA$24>0,'Water Report'!$AA$24,0)) -> 224 | BE25: =(IF('Water Report'!$AA$25>0,'Water Report'!$AA$25,0)) -> 136 | BF25: =(IF('Water Report'!$AA$27>0,'Water Report'!$AA$27,0)) -> 187 | BG25: =(IF('Section Load'!AN28>0,'Section Load'!AN28,0)) -> 879 | BH25: =(IF('Section Load'!AO28>0,'Section Load'!AO28,0)) -> 244 | BI25: =(IF('Section Load'!AP28>0,'Section Load'!AP28,0)) -> 0 | BJ25: =(IF('Section Load'!AQ28>0,'Section Load'!AQ28,0)) -> 80 | BK25: =(IF('Section Load'!AR28>0,'Section Load'!AR28,0)) -> 45 | BL25: =(IF('Section Load'!AS28>0,'Section Load'!AS28,0)) -> 2 | BM25: =(IF('Section Load'!AT28>0,'Section Load'!AT28,0)) -> 508.4
A26: Mumbai | B26: =B25+1 -> 25 | C26: 9 | D26: 2021 | E26: =(IF('Section Load'!F29>0,'Section Load'!F29,0)) -> 3038 | F26: =(IF('Section Load'!G29>0,'Section Load'!G29,0)) -> 1615.87 | G26: =(IF('Section Load'!H29>0,'Section Load'!H29,0)) -> 1662.07 | H26: =(IF('Section Load'!I29>0,'Section Load'!I29,0)) -> 4050 | I26: =(IF('Section Load'!J29>0,'Section Load'!J29,0)) -> 7567 | J26: =(IF('Section Load'!K29>0,'Section Load'!K29,0)) -> 3160 | K26: =(IF('Section Load'!L29>0,'Section Load'!L29,0)) -> 1299 | L26: =(IF('Section Load'!M29>0,'Section Load'!M29,0)) -> 696 | ... AL26: =(IF('Section Load'!AM29>0,'Section Load'!AM29,0)) -> 685 | AM26: =(IF('Water Report'!$AB$7>0,'Water Report'!$AB$7,0)) -> 73 | AN26: =(IF('Water Report'!$AB$8>0,'Water Report'!$AB$8,0)) -> 124 | AO26: =(IF('Water Report'!$AB$9>0,'Water Report'!$AB$9,0)) -> 65 | AP26: =(IF('Water Report'!$AB$10>0,'Water Report'!$AB$10,0)) -> 20 | AQ26: =(IF('Water Report'!$AB$11>0,'Water Report'!$AB$11,0)) -> 27 | AR26: =(IF('Water Report'!$AB$13>0,'Water Report'!$AB$13,0)) -> 27 | AS26: =(IF('Water Report'!$AB$14>0,'Water Report'!$AB$14,0)) -> 13 | AT26: =(IF('Water Report'!$AB$15>0,'Water Report'!$AB$15,0)) -> 9 | AU26: =(IF('Water Report'!$AB$17>0,'Water Report'!$AB$17,0)) -> 0 | AV26: =(IF('Water Report'!$AB$18>0,'Water Report'!$AB$18,0)) -> 8 | AW26: =(IF('Water Report'!$AB$19>0,'Water Report'!$AB$19,0)) -> 8 | AX26: =(IF('Water Report'!$AB$21>0,'Water Report'!$AB$21,0)) -> 73 | AY26: =(IF('Water Report'!$AB$22>0,'Water Report'!$AB$22,0)) -> 0 | AZ26: =(IF('Water Report'!$AB$23>0,'Water Report'!$AB$23,0)) -> 5 | BA26: =(IF('Water Report'!$AB$14>0,'Water Report'!$AB$14,0)) -> 13 | BB26: =(IF('Water Report'!$AB$15>0,'Water Report'!$AB$15,0)) -> 9 | BC26: =(IF('Water Report'!$AB$13>0,'Water Report'!$AB$13,0)) -> 27 | BD26: =(IF('Water Report'!$AB$24>0,'Water Report'!$AB$24,0)) -> 222 | BE26: =(IF('Water Report'!$AB$25>0,'Water Report'!$AB$25,0)) -> 134 | BF26: =(IF('Water Report'!$AB$27>0,'Water Report'!$AB$27,0)) -> 105 | BG26: =(IF('Section Load'!AN29>0,'Section Load'!AN29,0)) -> 795 | BH26: =(IF('Section Load'!AO29>0,'Section Load'!AO29,0)) -> 242 | BI26: =(IF('Section Load'!AP29>0,'Section Load'!AP29,0)) -> 0 | BJ26: =(IF('Section Load'!AQ29>0,'Section Load'!AQ29,0)) -> 94 | BK26: =(IF('Section Load'!AR29>0,'Section Load'!AR29,0)) -> 51 | BL26: =(IF('Section Load'!AS29>0,'Section Load'!AS29,0)) -> 2 | BM26: =(IF('Section Load'!AT29>0,'Section Load'!AT29,0)) -> 406
A27: Mumbai | B27: =B26+1 -> 26 | C27: 9 | D27: 2021 | E27: =(IF('Section Load'!F30>0,'Section Load'!F30,0)) -> 3049 | F27: =(IF('Section Load'!G30>0,'Section Load'!G30,0)) -> 1519 | G27: =(IF('Section Load'!H30>0,'Section Load'!H30,0)) -> 1729 | H27: =(IF('Section Load'!I30>0,'Section Load'!I30,0)) -> 3903 | I27: =(IF('Section Load'!J30>0,'Section Load'!J30,0)) -> 6975 | J27: =(IF('Section Load'!K30>0,'Section Load'!K30,0)) -> 2870 | K27: =(IF('Section Load'!L30>0,'Section Load'!L30,0)) -> 1061 | L27: =(IF('Section Load'!M30>0,'Section Load'!M30,0)) -> 822 | ... AL27: =(IF('Section Load'!AM30>0,'Section Load'!AM30,0)) -> 674 | AM27: =(IF('Water Report'!$AC$7>0,'Water Report'!$AC$7,0)) -> 108 | AN27: =(IF('Water Report'!$AC$8>0,'Water Report'!$AC$8,0)) -> 105 | AO27: =(IF('Water Report'!$AC$9>0,'Water Report'!$AC$9,0)) -> 73 | AP27: =(IF('Water Report'!$AC$10>0,'Water Report'!$AC$10,0)) -> 24 | AQ27: =(IF('Water Report'!$AC$11>0,'Water Report'!$AC$11,0)) -> 31 | AR27: =(IF('Water Report'!$AC$13>0,'Water Report'!$AC$13,0)) -> 43 | AS27: =(IF('Water Report'!$AC$14>0,'Water Report'!$AC$14,0)) -> 30 | AT27: =(IF('Water Report'!$AC$15>0,'Water Report'!$AC$15,0)) -> 8 | AU27: =(IF('Water Report'!$AC$17>0,'Water Report'!$AC$17,0)) -> 16 | AV27: =(IF('Water Report'!$AC$18>0,'Water Report'!$AC$18,0)) -> 7 | AW27: =(IF('Water Report'!$AC$19>0,'Water Report'!$AC$19,0)) -> 10 | AX27: =(IF('Water Report'!$AC$21>0,'Water Report'!$AC$21,0)) -> 99 | AY27: =(IF('Water Report'!$AC$22>0,'Water Report'!$AC$22,0)) -> 0 | AZ27: =(IF('Water Report'!$AC$23>0,'Water Report'!$AC$23,0)) -> 6 | BA27: =(IF('Water Report'!$AC$14>0,'Water Report'!$AC$14,0)) -> 30 | BB27: =(IF('Water Report'!$AC$15>0,'Water Report'!$AC$15,0)) -> 8 | BC27: =(IF('Water Report'!$AC$13>0,'Water Report'!$AC$13,0)) -> 43 | BD27: =(IF('Water Report'!$AC$24>0,'Water Report'!$AC$24,0)) -> 226 | BE27: =(IF('Water Report'!$AC$25>0,'Water Report'!$AC$25,0)) -> 166 | BF27: =(IF('Water Report'!$AC$27>0,'Water Report'!$AC$27,0)) -> 148 | BG27: =(IF('Section Load'!AN30>0,'Section Load'!AN30,0)) -> 863 | BH27: =(IF('Section Load'!AO30>0,'Section Load'!AO30,0)) -> 252 | BI27: =(IF('Section Load'!AP30>0,'Section Load'!AP30,0)) -> 0 | BJ27: =(IF('Section Load'!AQ30>0,'Section Load'!AQ30,0)) -> 89 | BK27: =(IF('Section Load'!AR30>0,'Section Load'!AR30,0)) -> 37 | BL27: =(IF('Section Load'!AS30>0,'Section Load'!AS30,0)) -> 2 | BM27: =(IF('Section Load'!AT30>0,'Section Load'!AT30,0)) -> 483
A28: Mumbai | B28: =B27+1 -> 27 | C28: 9 | D28: 2021 | E28: =(IF('Section Load'!F31>0,'Section Load'!F31,0)) -> 2493 | F28: =(IF('Section Load'!G31>0,'Section Load'!G31,0)) -> 1481.13 | G28: =(IF('Section Load'!H31>0,'Section Load'!H31,0)) -> 1757.93 | H28: =(IF('Section Load'!I31>0,'Section Load'!I31,0)) -> 3207 | I28: =(IF('Section Load'!J31>0,'Section Load'!J31,0)) -> 5590 | J28: =(IF('Section Load'!K31>0,'Section Load'!K31,0)) -> 2380 | K28: =(IF('Section Load'!L31>0,'Section Load'!L31,0)) -> 1064 | L28: =(IF('Section Load'!M31>0,'Section Load'!M31,0)) -> 693 | ... AL28: =(IF('Section Load'!AM31>0,'Section Load'!AM31,0)) -> 634 | AM28: =(IF('Water Report'!$AD$7>0,'Water Report'!$AD$7,0)) -> 146 | AN28: =(IF('Water Report'!$AD$8>0,'Water Report'!$AD$8,0)) -> 201 | AO28: =(IF('Water Report'!$AD$9>0,'Water Report'!$AD$9,0)) -> 121 | AP28: =(IF('Water Report'!$AD$10>0,'Water Report'!AD$10,0)) -> 26 | AQ28: =(IF('Water Report'!$AD$11>0,'Water Report'!AE$11,0)) -> 35 | AR28: =(IF('Water Report'!$AD$13>0,'Water Report'!AF$13,0)) -> 10 | AS28: =(IF('Water Report'!$AD$14>0,'Water Report'!AG$14,0)) -> 12 | AT28: =(IF('Water Report'!$AD$15>0,'Water Report'!AH$15,0)) -> 6 | AU28: =(IF('Water Report'!$AD$17>0,'Water Report'!AI$17,0)) -> 0 | AV28: =(IF('Water Report'!$AD$18>0,'Water Report'!AJ$18,0)) -> 0 | AW28: =(IF('Water Report'!$AD$19>0,'Water Report'!AK$19,0)) -> 0 | AX28: =(IF('Water Report'!$AD$21>0,'Water Report'!AL$21,0)) -> 0 | AY28: =(IF('Water Report'!$AD$22>0,'Water Report'!AM$22,0)) -> 0 | AZ28: =(IF('Water Report'!$AD$23>0,'Water Report'!AN$23,0)) -> 0 | BA28: =(IF('Water Report'!$AD$14>0,'Water Report'!AO$14,0)) -> 0 | BB28: =(IF('Water Report'!$AD$15>0,'Water Report'!AP$15,0)) -> 0 | BC28: =(IF('Water Report'!$AD$13>0,'Water Report'!AQ$13,0)) -> 0 | BD28: =(IF('Water Report'!$AD$24>0,'Water Report'!AR$24,0)) -> 0 | BE28: =(IF('Water Report'!$AD$25>0,'Water Report'!AS$25,0)) -> 0 | BF28: =(IF('Water Report'!$AD$27>0,'Water Report'!AT$27,0)) -> 0 | BG28: =(IF('Section Load'!AN31>0,'Section Load'!AN31,0)) -> 845 | BH28: =(IF('Section Load'!AO31>0,'Section Load'!AO31,0)) -> 274 | BI28: =(IF('Section Load'!AP31>0,'Section Load'!AP31,0)) -> 0.4 | BJ28: =(IF('Section Load'!AQ31>0,'Section Load'!AQ31,0)) -> 97 | BK28: =(IF('Section Load'!AR31>0,'Section Load'!AR31,0)) -> 47 | BL28: =(IF('Section Load'!AS31>0,'Section Load'!AS31,0)) -> 2 | BM28: =(IF('Section Load'!AT31>0,'Section Load'!AT31,0)) -> 424.6
A29: Mumbai | B29: =B28+1 -> 28 | C29: 9 | D29: 2021 | E29: =(IF('Section Load'!F32>0,'Section Load'!F32,0)) -> 3633 | F29: =(IF('Section Load'!G32>0,'Section Load'!G32,0)) -> 1485 | G29: =(IF('Section Load'!H32>0,'Section Load'!H32,0)) -> 1792.07 | H29: =(IF('Section Load'!I32>0,'Section Load'!I32,0)) -> 4184 | I29: =(IF('Section Load'!J32>0,'Section Load'!J32,0)) -> 6994 | J29: =(IF('Section Load'!K32>0,'Section Load'!K32,0)) -> 3100.33 | K29: =(IF('Section Load'!L32>0,'Section Load'!L32,0)) -> 1071 | L29: =(IF('Section Load'!M32>0,'Section Load'!M32,0)) -> 849 | ... AL29: =(IF('Section Load'!AM32>0,'Section Load'!AM32,0)) -> 751 | AM29: =(IF('Water Report'!$AE$7>0,'Water Report'!$AE$7,0)) -> 114 | AN29: =(IF('Water Report'!$AE$8>0,'Water Report'!$AE$8,0)) -> 183 | AO29: =(IF('Water Report'!$AE$9>0,'Water Report'!$AE$9,0)) -> 82 | AP29: =(IF('Water Report'!$AE$10>0,'Water Report'!$AE$10,0)) -> 25 | AQ29: =(IF('Water Report'!$AE$11>0,'Water Report'!$AE$11,0)) -> 35 | AR29: =(IF('Water Report'!$AE$13>0,'Water Report'!$AE$13,0)) -> 41 | AS29: =(IF('Water Report'!$AE$14>0,'Water Report'!$AE$14,0)) -> 16 | AT29: =(IF('Water Report'!$AE$15>0,'Water Report'!$AE$15,0)) -> 11 | AU29: =(IF('Water Report'!$AE$17>0,'Water Report'!$AE$17,0)) -> 0 | AV29: =(IF('Water Report'!$AE$18>0,'Water Report'!$AE$18,0)) -> 10 | AW29: =(IF('Water Report'!$AE$19>0,'Water Report'!$AE$19,0)) -> 11 | AX29: =(IF('Water Report'!$AE$21>0,'Water Report'!$AE$21,0)) -> 101 | AY29: =(IF('Water Report'!$AE$22>0,'Water Report'!$AE$22,0)) -> 0 | AZ29: =(IF('Water Report'!$AE$23>0,'Water Report'!$AE$23,0)) -> 3 | BA29: =(IF('Water Report'!$AE$14>0,'Water Report'!$AE$14,0)) -> 16 | BB29: =(IF('Water Report'!$AE$15>0,'Water Report'!$AE$15,0)) -> 11 | BC29: =(IF('Water Report'!$AE$13>0,'Water Report'!$AE$13,0)) -> 41 | BD29: =(IF('Water Report'!$AE$24>0,'Water Report'!$AE$24,0)) -> 260 | BE29: =(IF('Water Report'!$AE$25>0,'Water Report'!$AE$25,0)) -> 169 | BF29: =(IF('Water Report'!$AE$27>0,'Water Report'!$AE$27,0)) -> 145 | BG29: =(IF('Section Load'!AN32>0,'Section Load'!AN32,0)) -> 964 | BH29: =(IF('Section Load'!AO32>0,'Section Load'!AO32,0)) -> 278 | BI29: =(IF('Section Load'!AP32>0,'Section Load'!AP32,0)) -> 0 | BJ29: =(IF('Section Load'!AQ32>0,'Section Load'!AQ32,0)) -> 98 | BK29: =(IF('Section Load'!AR32>0,'Section Load'!AR32,0)) -> 43 | BL29: =(IF('Section Load'!AS32>0,'Section Load'!AS32,0)) -> 4 | BM29: =(IF('Section Load'!AT32>0,'Section Load'!AT32,0)) -> 541
A30: Mumbai | B30: =B29+1 -> 29 | C30: 9 | D30: 2021 | E30: =(IF('Section Load'!F33>0,'Section Load'!F33,0)) -> 3322 | F30: =(IF('Section Load'!G33>0,'Section Load'!G33,0)) -> 1388.87 | G30: =(IF('Section Load'!H33>0,'Section Load'!H33,0)) -> 1012 | H30: =(IF('Section Load'!I33>0,'Section Load'!I33,0)) -> 3986 | I30: =(IF('Section Load'!J33>0,'Section Load'!J33,0)) -> 6639 | J30: =(IF('Section Load'!K33>0,'Section Load'!K33,0)) -> 2894.67 | K30: =(IF('Section Load'!L33>0,'Section Load'!L33,0)) -> 1098 | L30: =(IF('Section Load'!M33>0,'Section Load'!M33,0)) -> 812 | ... AL30: =(IF('Section Load'!AM33>0,'Section Load'!AM33,0)) -> 730 | AM30: =(IF('Water Report'!$AF$7>0,'Water Report'!$AF$7,0)) -> 112 | AN30: =(IF('Water Report'!$AF$8>0,'Water Report'!$AF$8,0)) -> 211 | AO30: =(IF('Water Report'!$AF$9>0,'Water Report'!$AF$9,0)) -> 79 | AP30: =(IF('Water Report'!$AF$10>0,'Water Report'!$AF$10,0)) -> 33 | AQ30: =(IF('Water Report'!$AF$11>0,'Water Report'!$AF$11,0)) -> 39 | AR30: =(IF('Water Report'!$AF$13>0,'Water Report'!$AF$13,0)) -> 10 | AS30: =(IF('Water Report'!$AF$14>0,'Water Report'!$AF$14,0)) -> 18 | AT30: =(IF('Water Report'!$AF$15>0,'Water Report'!$AF$15,0)) -> 9 | AU30: =(IF('Water Report'!$AF$17>0,'Water Report'!$AF$17,0)) -> 0 | AV30: =(IF('Water Report'!$AF$18>0,'Water Report'!$AF$18,0)) -> 12 | AW30: =(IF('Water Report'!$AF$19>0,'Water Report'!$AF$19,0)) -> 7 | AX30: =(IF('Water Report'!$AF$21>0,'Water Report'!$AF$21,0)) -> 83 | AY30: =(IF('Water Report'!$AF$22>0,'Water Report'!$AF$22,0)) -> 0 | AZ30: =(IF('Water Report'!$AF$23>0,'Water Report'!$AF$23,0)) -> 0 | BA30: =(IF('Water Report'!$AF$14>0,'Water Report'!$AF$14,0)) -> 18 | BB30: =(IF('Water Report'!$AF$15>0,'Water Report'!$AF$15,0)) -> 9 | BC30: =(IF('Water Report'!$AF$13>0,'Water Report'!$AF$13,0)) -> 10 | BD30: =(IF('Water Report'!$AF$24>0,'Water Report'!$AF$24,0)) -> 242 | BE30: =(IF('Water Report'!$AF$25>0,'Water Report'!$AF$25,0)) -> 178 | BF30: =(IF('Water Report'!$AF$27>0,'Water Report'!$AF$27,0)) -> 93 | BG30: =(IF('Section Load'!AN33>0,'Section Load'!AN33,0)) -> 834 | BH30: =(IF('Section Load'!AO33>0,'Section Load'!AO33,0)) -> 285 | BI30: =(IF('Section Load'!AP33>0,'Section Load'!AP33,0)) -> 0 | BJ30: =(IF('Section Load'!AQ33>0,'Section Load'!AQ33,0)) -> 99 | BK30: =(IF('Section Load'!AR33>0,'Section Load'!AR33,0)) -> 50 | BL30: =(IF('Section Load'!AS33>0,'Section Load'!AS33,0)) -> 4 | BM30: =(IF('Section Load'!AT33>0,'Section Load'!AT33,0)) -> 396.4
A31: Mumbai | B31: =B30+1 -> 30 | C31: 9 | D31: 2021 | E31: =(IF('Section Load'!F34>0,'Section Load'!F34,0)) -> 3556 | F31: =(IF('Section Load'!G34>0,'Section Load'!G34,0)) -> 1323.13 | G31: =(IF('Section Load'!H34>0,'Section Load'!H34,0)) -> 1113.93 | H31: =(IF('Section Load'!I34>0,'Section Load'!I34,0)) -> 3876 | I31: =(IF('Section Load'!J34>0,'Section Load'!J34,0)) -> 7640.79 | J31: =(IF('Section Load'!K34>0,'Section Load'!K34,0)) -> 2575 | K31: =(IF('Section Load'!L34>0,'Section Load'!L34,0)) -> 1097 | L31: =(IF('Section Load'!M34>0,'Section Load'!M34,0)) -> 682 | ... AL31: =(IF('Section Load'!AM34>0,'Section Load'!AM34,0)) -> 760 | AM31: =(IF('Water Report'!$AG$7>0,'Water Report'!$AG$7,0)) -> 109 | AN31: =(IF('Water Report'!$AG$8>0,'Water Report'!$AG$8,0)) -> 174 | AO31: =(IF('Water Report'!$AG$9>0,'Water Report'!$AG$9,0)) -> 77 | AP31: =(IF('Water Report'!$AG$10>0,'Water Report'!$DAG$10,0)) -> 0 | AQ31: =(IF('Water Report'!$AG$11>0,'Water Report'!$DAG$11,0)) -> 0 | AR31: =(IF('Water Report'!$AG$13>0,'Water Report'!$DAG$13,0)) -> 0 | AS31: =(IF('Water Report'!$AG$14>0,'Water Report'!$DAG$14,0)) -> 0 | AT31: =(IF('Water Report'!$AG$15>0,'Water Report'!$DAG$15,0)) -> 0 | AU31: =(IF('Water Report'!$AG$17>0,'Water Report'!$DAG$17,0)) -> 0 | AV31: =(IF('Water Report'!$AG$18>0,'Water Report'!$DAG$18,0)) -> 0 | AW31: =(IF('Water Report'!$AG$19>0,'Water Report'!$DAG$19,0)) -> 0 | AX31: =(IF('Water Report'!$AG$21>0,'Water Report'!$DAG$21,0)) -> 0 | AY31: =(IF('Water Report'!$AG$22>0,'Water Report'!$DAG$22,0)) -> 0 | AZ31: =(IF('Water Report'!$AG$23>0,'Water Report'!$DAG$23,0)) -> 0 | BA31: =(IF('Water Report'!$AG$14>0,'Water Report'!$DAG$14,0)) -> 0 | BB31: =(IF('Water Report'!$AG$15>0,'Water Report'!$DAG$15,0)) -> 0 | BC31: =(IF('Water Report'!$AG$13>0,'Water Report'!$DAG$13,0)) -> 0 | BD31: =(IF('Water Report'!$AG$24>0,'Water Report'!$DAG$24,0)) -> 0 | BE31: =(IF('Water Report'!$AG$25>0,'Water Report'!$DAG$25,0)) -> 0 | BF31: =(IF('Water Report'!$AG$27>0,'Water Report'!$DAG$27,0)) -> 0 | BG31: =(IF('Section Load'!AN34>0,'Section Load'!AN34,0)) -> 877 | BH31: =(IF('Section Load'!AO34>0,'Section Load'!AO34,0)) -> 265 | BI31: =(IF('Section Load'!AP34>0,'Section Load'!AP34,0)) -> 0.4 | BJ31: =(IF('Section Load'!AQ34>0,'Section Load'!AQ34,0)) -> 82 | BK31: =(IF('Section Load'!AR34>0,'Section Load'!AR34,0)) -> 33 | BL31: =(IF('Section Load'!AS34>0,'Section Load'!AS34,0)) -> 2 | BM31: =(IF('Section Load'!AT34>0,'Section Load'!AT34,0)) -> 494.6
A32: Mumbai | B32: =B31+1 -> 31 | C32: 9 | D32: 2021 | E32: =(IF('Section Load'!F35>0,'Section Load'!F35,0)) -> 3151 | F32: =(IF('Section Load'!G35>0,'Section Load'!G35,0)) -> 1163 | G32: =(IF('Section Load'!H35>0,'Section Load'!H35,0)) -> 1668 | H32: =(IF('Section Load'!I35>0,'Section Load'!I35,0)) -> 3886 | I32: =(IF('Section Load'!J35>0,'Section Load'!J35,0)) -> 5195.99 | J32: =(IF('Section Load'!K35>0,'Section Load'!K35,0)) -> 2495 | K32: =(IF('Section Load'!L35>0,'Section Load'!L35,0)) -> 976 | L32: =(IF('Section Load'!M35>0,'Section Load'!M35,0)) -> 668 | ... AL32: =(IF('Section Load'!AM35>0,'Section Load'!AM35,0)) -> 654 | AM32: =(IF('Water Report'!$AH$7>0,'Water Report'!$AH$7,0)) -> 60 | AN32: =(IF('Water Report'!$AH$8>0,'Water Report'!$AH$8,0)) -> 168 | AO32: =(IF('Water Report'!$AH$9>0,'Water Report'!$AH$9,0)) -> 65 | AP32: =(IF('Water Report'!$AH$10>0,'Water Report'!$DAH$10,0)) -> 0 | AQ32: =(IF('Water Report'!$AH$11>0,'Water Report'!$DAH$11,0)) -> 0 | AR32: =(IF('Water Report'!$AH$13>0,'Water Report'!$DAH$13,0)) -> 0 | AS32: =(IF('Water Report'!$AH$14>0,'Water Report'!$DAH$14,0)) -> 0 | AT32: =(IF('Water Report'!$AH$15>0,'Water Report'!$DAH$15,0)) -> 0 | AU32: =(IF('Water Report'!$AH$17>0,'Water Report'!$DAH$17,0)) -> 0 | AV32: =(IF('Water Report'!$AH$18>0,'Water Report'!$DAH$18,0)) -> 0 | AW32: =(IF('Water Report'!$AH$19>0,'Water Report'!$DAH$19,0)) -> 0 | AX32: =(IF('Water Report'!$AH$21>0,'Water Report'!$DAH$21,0)) -> 0 | AY32: =(IF('Water Report'!$AH$22>0,'Water Report'!$DAH$22,0)) -> 0 | AZ32: =(IF('Water Report'!$AH$23>0,'Water Report'!$DAH$23,0)) -> 0 | BA32: =(IF('Water Report'!$AH$14>0,'Water Report'!$DAH$14,0)) -> 0 | BB32: =(IF('Water Report'!$AH$15>0,'Water Report'!$DAH$15,0)) -> 0 | BC32: =(IF('Water Report'!$AH$13>0,'Water Report'!$DAH$13,0)) -> 0 | BD32: =(IF('Water Report'!$AH$24>0,'Water Report'!$DAH$24,0)) -> 0 | BE32: =(IF('Water Report'!$AH$25>0,'Water Report'!$DAH$25,0)) -> 0 | BF32: =(IF('Water Report'!$AH$27>0,'Water Report'!$DAH$27,0)) -> 0 | BG32: =(IF('Section Load'!AN35>0,'Section Load'!AN35,0)) -> 749 | BH32: =(IF('Section Load'!AO35>0,'Section Load'!AO35,0)) -> 262 | BI32: =(IF('Section Load'!AP35>0,'Section Load'!AP35,0)) -> 0 | BJ32: =(IF('Section Load'!AQ35>0,'Section Load'!AQ35,0)) -> 72 | BK32: =(IF('Section Load'!AR35>0,'Section Load'!AR35,0)) -> 33 | BL32: =(IF('Section Load'!AS35>0,'Section Load'!AS35,0)) -> 1 | BM32: =(IF('Section Load'!AT35>0,'Section Load'!AT35,0)) -> 381

Sheet Daily HLP
A2: Date | B2: Date | C2: Min.Tem (Degee) | D2: Avg.Temp (Degree) | E2: Hum % | F2: Occu. | G2: KWAH | I2: Electricity | M2: Gas | P2: Water | S2: Water per occiped room | T2: Diesel | W2: Water Consumption Zone | AA2: Chiller Running Hrs | AF2: Chiller Total | AG2: Chiller Avg. Laod | AH2: Boiler Running Hrs | AK2: Total boiler | AL2: Hot Water Generator | AO2: Total HWG RH | AP2: HWG Gas consumption | AQ2: Transformer -1 | BA2: Transformer -2 | BO2: Total HLP Cost | BQ2: Chiller lock at 70%
F3: % | H3: KwH | I3: Units (Kvah) | J3: Rate | K3: Total Cost(Rs) | L3: Per room | M3: Total Units(CuM) | N3: Rate | O3: Total Cost(Rs) | P3: Units(KL) | Q3: Rate | R3: Total Cost(Rs) | T3: Ltrs | U3: Rate | V3: Total Cost(Rs) | W3: Zone-1 | X3: Zone-2 | Y3: Zone-3 | AA3: CH1 | AB3: CH2 | AC3: CH3 | AD3: CH4 | AE3: Total chiller | AH3: Boiler1 | AI3: Boiler2 | AJ3: Boiler3 | AL3: HWG1 | AM3: HWG2 | AQ3: HVAC-1 | AR3: FPP-1 | AS3: MPP | AT3: Lighting-1 | AU3: Cap bank 1100KVAR-1 | AV3: CH-1 | AW3: CH-2 | AX3: Chilled water Pump | AY3: Co Generator | AZ3: Ball Room-2 | BA3: HVAC-2 | BB3: FPP-2 | BC3: MPP | BD3: Lighting-2 | BE3: Cap bank 1200KVAR-2 | BF3: CH-3 | BG3: CH-4 | BH3: Chilled water Pump | BI3: Ball Room-1 | BK3: Cooling Tower consumption | BL3: HVAC% | BM3: Lighting% | BN3: Power% | BP3: Chiller Plant IKW
A4: 1 | B4: 1 | D4: ='1'!D3 -> 27 | E4: ='1'!D4 -> 0.9 | F4: ='1'!D2 -> 0.9296 | G4: ='1'!G8 -> 24099.41 | H4: ='1'!G7 -> 24015.41 | I4: ='1'!G8 -> 24099.41 | J4: 9 | K4: =I4*J4 -> 216894.69 | L4: =I4/202 -> 119.30401 | M4: ='1'!G15 -> 945.49 | N4: 56.2 | O4: =M4*N4 -> 53136.538 | P4: ='1'!G20 -> 146 | Q4: 108 | R4: =P4*Q4 -> 15768 | S4: =P4/(F4*202/100) -> 77.75089 | T4: ='1'!G24 -> 0 | U4: 69 | V4: =T4*U4 -> 0 | W4: ='1'!G96 -> 66 | X4: ='1'!G97 -> 18 | Y4: ='1'!G98 -> 24 | Z4: =W4+X4+Y4 -> 108 | AA4: ='1'!G133 -> -0.47 | AB4: ='1'!G134 -> 24.27 | AC4: ='1'!G135 -> 0.14 | AD4: ='1'!G136 -> 15.19 | AE4: =AA4+AB4+AC4+AD4 -> 39.13 | AF4: =AV4+AW4+BF4+BG4 -> 7992 | AG4: =AF4/AE4 -> 204.24227 | AH4: ='1'!G137 -> 10.11 | AI4: ='1'!G138 -> 0.02 | AJ4: ='1'!G139 -> 1.12 | AK4: =AH4+AI4+AJ4 -> 11.25 | AL4: ='1'!G140 -> 10.19 | AM4: ='1'!G141 -> -0.33 | AO4: =AL4+AM4 -> 9.86 | AP4: ='1'!G124 -> 265 | AQ4: ='1'!G35 -> 0 | AR4: ='1'!G37 -> 1523.03 | AS4: ='1'!G38 -> 1668.3 | AT4: ='1'!G39 -> 3713.96 | AU4: ='1'!G40 -> 157.7 | AV4: ='1'!G41 -> 0 | AW4: ='1'!G42 -> 5610 | AX4: ='1'!G43 -> 2885 | AY4: ='1'!G44 -> 0 | AZ4: ='1'!G36 -> 1101.96 | BA4: ='1'!G49 -> 3258.13 | BB4: ='1'!G51 -> 0 | BC4: ='1'!G52 -> 0 | BD4: ='1'!G53 -> 0 | BE4: ='1'!G54 -> 159.03 | BF4: ='1'!G55 -> 0 | BG4: ='1'!G56 -> 2382 | BH4: ='1'!G57 -> 0 | BI4: ='1'!G50 -> 1444 | BJ4: =SUM(AV4,AW4,BF4,BG4) -> 7992 | BK4: ='1'!G84 -> 740 | BL4: =SUM(AQ4,AV4,AW4,AX4,BA4,BF4,BG4,BH4)/I4% -> 58.653428 | BM4: =SUM(AT4,BD4)/I4% -> 15.411 | BN4: =(AS4+BC4)/I4 -> 0.069225761 | BO4: =K4+O4+R4+V4 -> 285799.23 | BP4: =SUM(AV4,AW4,AX4,BF4,BG4,BH4,BK4) -> 11617 | BQ4: =BP4/(AE4*280) -> 1.0602935 | BR4: =SUM(AV4,AW4,BF4,BG4)/(AE4*400) -> 0.51060567
A5: 2 | B5: 2 | D5: ='2'!D3 -> 30 | E5: ='2'!D4 -> 0.8 | F5: ='2'!D2 -> 0.81 | G5: ='2'!G8 -> 22799.34 | H5: ='2'!G7 -> 22864.59 | I5: ='2'!G8 -> 22799.34 | J5: 9 | K5: =I5*J5 -> 205194.06 | L5: =I5/202 -> 112.86802 | M5: ='2'!G15 -> 861.03 | N5: 56.2 | O5: =M5*N5 -> 48389.886 | P5: ='2'!G20 -> 183 | Q5: 108 | R5: =P5*Q5 -> 19764 | S5: =P5/(F5*202/100) -> 111.84452 | T5: ='2'!G24 -> 0 | U5: 69 | V5: =T5*U5 -> 0 | W5: ='2'!G96 -> 84 | X5: ='2'!G97 -> 21 | Y5: ='2'!G98 -> 37 | Z5: =W5+X5+Y5 -> 142 | AA5: ='2'!G133 -> 0 | AB5: ='2'!G134 -> 24 | AC5: ='2'!G135 -> 0 | AD5: ='2'!G136 -> 8.15 | AE5: =AA5+AB5+AC5+AD5 -> 32.15 | AF5: =AV5+AW5+BF5+BG5 -> 6815.14 | AG5: =AF5/AE5 -> 211.97947 | AH5: ='2'!G137 -> 10.42 | AI5: ='2'!G138 -> 0 | AJ5: ='2'!G139 -> 0.33 | AK5: =AH5+AI5+AJ5 -> 10.75 | AL5: ='2'!G140 -> 8.21 | AM5: ='2'!G141 -> 0 | AO5: =AL5+AM5 -> 8.21 | AP5: ='2'!G124 -> 213.16 | AQ5: ='2'!G35 -> -0.7 | AR5: ='2'!G37 -> 1548.17 | AS5: ='2'!G38 -> 1746.07 | AT5: ='2'!G39 -> 3969.52 | AU5: ='2'!G40 -> 0 | AV5: ='2'!G41 -> 0 | AW5: ='2'!G42 -> 5218.83 | AX5: ='2'!G43 -> 2704.9 | AY5: ='2'!G44 -> 0 | AZ5: ='2'!G36 -> 966.12 | BA5: ='2'!G49 -> 3230.87 | BB5: ='2'!G51 -> 0 | BC5: ='2'!G52 -> 0 | BD5: ='2'!G53 -> 0 | BE5: ='2'!G54 -> 3.85 | BF5: ='2'!G55 -> 0 | BG5: ='2'!G56 -> 1596.31 | BH5: ='2'!G57 -> 0 | BI5: ='2'!G50 -> 1424.79 | BJ5: =SUM(AV5,AW5,BF5,BG5) -> 6815.14 | BK5: ='2'!G84 -> 634 | BL5: =SUM(AQ5,AV5,AW5,AX5,BA5,BF5,BG5,BH5)/I5% -> 55.923593 | BM5: =SUM(AT5,BD5)/I5% -> 17.410679 | BN5: =(AS5+BC5)/I5 -> 0.076584234 | BO5: =K5+O5+R5+V5 -> 273347.95 | BP5: =SUM(AV5,AW5,AX5,BF5,BG5,BH5,BK5) -> 10154.04 | BQ5: =BP5/(AE5*280) -> 1.127976
A6: 3 | B6: 3 | D6: ='3'!D3 -> 29 | E6: ='3'!D4 -> 0.78 | F6: ='3'!D2 -> 0.57 | G6: ='3'!G8 -> 21890.56 | H6: ='3'!G7 -> 21645.87 | I6: ='3'!G8 -> 21890.56 | J6: 9 | K6: =I6*J6 -> 197015.04 | L6: =I6/202 -> 108.36911 | M6: ='3'!G15 -> 866.202 | N6: 56.2 | O6: =M6*N6 -> 48680.552 | P6: ='3'!G20 -> 241 | Q6: 108 | R6: =P6*Q6 -> 26028 | S6: =P6/(F6*202/100) -> 209.3104 | T6: ='3'!G24 -> 0 | U6: 69 | V6: =T6*U6 -> 0 | W6: ='3'!G96 -> 87 | X6: ='3'!G97 -> 24 | Y6: ='3'!G98 -> 30 | Z6: =W6+X6+Y6 -> 141 | AA6: ='3'!G133 -> 0 | AB6: ='3'!G134 -> 23.83 | AC6: ='3'!G135 -> 0 | AD6: ='3'!G136 -> 7.04 | AE6: =AA6+AB6+AC6+AD6 -> 30.87 | AF6: =AV6+AW6+BF6+BG6 -> 6081.98 | AG6: =AF6/AE6 -> 197.01911 | AH6: ='3'!G137 -> 7.97 | AI6: ='3'!G138 -> 0 | AJ6: ='3'!G139 -> 0 | AK6: =AH6+AI6+AJ6 -> 7.97 | AL6: ='3'!G140 -> 9.59 | AM6: ='3'!G141 -> 0 | AO6: =AL6+AM6 -> 9.59 | AP6: ='3'!G124 -> 248.07 | AQ6: ='3'!G35 -> 0 | AR6: ='3'!G37 -> 1487.28 | AS6: ='3'!G38 -> 1807.5 | AT6: ='3'!G39 -> 3782.84 | AU6: ='3'!G40 -> -0.3 | AV6: ='3'!G41 -> 0 | AW6: ='3'!G42 -> 4941.94 | AX6: ='3'!G43 -> 2608.6 | AY6: ='3'!G44 -> 0 | AZ6: ='3'!G36 -> 664.27 | BA6: ='3'!G49 -> 2702.48 | BB6: ='3'!G51 -> 0 | BC6: ='3'!G52 -> 0 | BD6: ='3'!G53 -> 0 | BE6: ='3'!G54 -> 3.82 | BF6: ='3'!G55 -> 0 | BG6: ='3'!G56 -> 1140.04 | BH6: ='3'!G57 -> 0 | BI6: ='3'!G50 -> 1619.72 | BJ6: =SUM(AV6,AW6,BF6,BG6) -> 6081.98 | BK6: ='3'!G84 -> 597 | BL6: =SUM(AQ6,AV6,AW6,AX6,BA6,BF6,BG6,BH6)/I6% -> 52.045539 | BM6: =SUM(AT6,BD6)/I6% -> 17.280691 | BN6: =(AS6+BC6)/I6 -> 0.082569838 | BO6: =K6+O6+R6+V6 -> 271723.59 | BP6: =SUM(AV6,AW6,AX6,BF6,BG6,BH6,BK6) -> 9287.58 | BQ6: =BP6/(AE6*280) -> 1.0745037
A7: 4 | B7: 4 | D7: ='4'!D3 -> 34 | E7: ='4'!D4 -> 0.84 | F7: ='4'!D2 -> 0.1 | G7: ='4'!G8 -> 21459.68 | H7: ='4'!G7 -> 21363 | I7: ='4'!G8 -> 21459.68 | J7: 9 | K7: =I7*J7 -> 193137.12 | L7: =I7/202 -> 106.23604 | M7: ='4'!G15 -> 821.238 | N7: 56.2 | O7: =M7*N7 -> 46153.576 | P7: ='4'!G20 -> 203 | Q7: 108 | R7: =P7*Q7 -> 21924 | S7: =P7/(F7*202/100) -> 1004.9505 | T7: ='4'!G24 -> 0 | U7: 69 | V7: =T7*U7 -> 0 | W7: ='4'!G96 -> 83 | X7: ='4'!G97 -> 21 | Y7: ='4'!G98 -> 29 | Z7: =W7+X7+Y7 -> 133 | AA7: ='4'!G133 -> 11.54 | AB7: ='4'!G134 -> 12.06 | AC7: ='4'!G135 -> 0 | AD7: ='4'!G136 -> 0 | AE7: =AA7+AB7+AC7+AD7 -> 23.6 | AF7: =AV7+AW7+BF7+BG7 -> 6292.56 | AG7: =AF7/AE7 -> 266.6339 | AH7: ='4'!G137 -> 8.69 | AI7: ='4'!G138 -> 0 | AJ7: ='4'!G139 -> 0 | AK7: =AH7+AI7+AJ7 -> 8.69 | AL7: ='4'!G140 -> 9.34 | AM7: ='4'!G141 -> 0 | AO7: =AL7+AM7 -> 9.34 | AP7: ='4'!G124 -> 241.89 | AQ7: ='4'!G35 -> 0 | AR7: ='4'!G37 -> 1491.33 | AS7: ='4'!G38 -> 1776.73 | AT7: ='4'!G39 -> 3801.03 | AU7: ='4'!G40 -> 0 | AV7: ='4'!G41 -> 2283.6 | AW7: ='4'!G42 -> 3998.32 | AX7: ='4'!G43 -> 2655.6 | AY7: ='4'!G44 -> 0 | AZ7: ='4'!G36 -> 634.54 | BA7: ='4'!G49 -> 3147.55 | BB7: ='4'!G51 -> 0 | BC7: ='4'!G52 -> 0 | BD7: ='4'!G53 -> 0 | BE7: ='4'!G54 -> 4.03 | BF7: ='4'!G55 -> 0 | BG7: ='4'!G56 -> 10.64 | BH7: ='4'!G57 -> 0 | BI7: ='4'!G50 -> 1085.36 | BJ7: =SUM(AV7,AW7,BF7,BG7) -> 6292.56 | BK7: ='3'!G84 -> 597 | BL7: =SUM(AQ7,AV7,AW7,AX7,BA7,BF7,BG7,BH7)/I7% -> 56.36482 | BM7: =SUM(AT7,BD7)/I7% -> 17.712426 | BN7: =(AS7+BC7)/I7 -> 0.082793872 | BO7: =K7+O7+R7+V7 -> 261214.7 | BP7: =SUM(AV7,AW7,AX7,BF7,BG7,BH7,BK7) -> 9545.16 | BQ7: =BP7/(AE7*280) -> 1.4444855
A8: 5 | B8: 5 | D8: ='5'!D3 -> 34 | E8: ='5'!D4 -> 0.84 | F8: ='5'!D2 -> 0.48 | G8: ='5'!G8 -> 21315.16 | H8: ='5'!G7 -> 21236.16 | I8: ='5'!G8 -> 21315.16 | J8: 9 | K8: =I8*J8 -> 191836.44 | L8: =I8/202 -> 105.52059 | M8: ='5'!G15 -> 851.14 | N8: 56.2 | O8: =M8*N8 -> 47834.068 | P8: ='5'!G20 -> 261 | Q8: 108 | R8: =P8*Q8 -> 28188 | S8: =P8/(F8*202/100) -> 269.18317 | T8: ='5'!G24 -> 0 | U8: 69 | V8: =T8*U8 -> 0 | W8: ='5'!G96 -> 67 | X8: ='5'!G97 -> 27 | Y8: ='5'!G98 -> 30 | Z8: =W8+X8+Y8 -> 124 | AA8: ='5'!G133 -> 24.07 | AB8: ='5'!G134 -> 15.02 | AC8: ='5'!G135 -> 0 | AD8: ='5'!G136 -> 0 | AE8: =AA8+AB8+AC8+AD8 -> 39.09 | AF8: =AV8+AW8+BF8+BG8 -> 6489.18 | AG8: =AF8/AE8 -> 166.00614 | AH8: ='5'!G137 -> 8.42 | AI8: ='5'!G138 -> 0 | AJ8: ='5'!G139 -> 0 | AK8: =AH8+AI8+AJ8 -> 8.42 | AL8: ='5'!G140 -> 9.71 | AM8: ='5'!G141 -> 0 | AO8: =AL8+AM8 -> 9.71 | AP8: ='5'!G124 -> 255.31 | AQ8: ='5'!G35 -> 0 | AR8: ='5'!G37 -> 1454.15 | AS8: ='5'!G38 -> 1714.86 | AT8: ='5'!G39 -> 3765.16 | AU8: ='5'!G40 -> 0 | AV8: ='5'!G41 -> 5220.2 | AW8: ='5'!G42 -> 1257.54 | AX8: ='5'!G43 -> 2643.4 | AY8: ='5'!G44 -> 0 | AZ8: ='5'!G36 -> 566.8 | BA8: ='5'!G49 -> 3023.37 | BB8: ='5'!G51 -> 0 | BC8: ='5'!G52 -> 0 | BD8: ='5'!G53 -> 0 | BE8: ='5'!G54 -> 3.86 | BF8: ='5'!G55 -> 0 | BG8: ='5'!G56 -> 11.44 | BH8: ='5'!G57 -> 0 | BI8: ='5'!G50 -> 1139.6 | BJ8: =SUM(AV8,AW8,BF8,BG8) -> 6489.18 | BK8: ='5'!G84 -> 589 | BL8: =SUM(AQ8,AV8,AW8,AX8,BA8,BF8,BG8,BH8)/I8% -> 57.029598 | BM8: =SUM(AT8,BD8)/I8% -> 17.664235 | BN8: =(AS8+BC8)/I8 -> 0.080452598 | BO8: =K8+O8+R8+V8 -> 267858.51 | BP8: =SUM(AV8,AW8,AX8,BF8,BG8,BH8,BK8) -> 9721.58 | BQ8: =BP8/(AE8*280) -> 0.88820488
A9: 6 | B9: 6 | D9: ='6'!D3 -> 34 | E9: ='6'!D4 -> 0.84 | F9: ='6'!D2 -> 0.7 | G9: ='6'!G8 -> 22055.52 | H9: ='6'!G7 -> 21947.44 | I9: ='6'!G8 -> 22055.52 | J9: 9 | K9: =I9*J9 -> 198499.68 | L9: =I9/202 -> 109.18574 | M9: ='6'!G15 -> 920.32 | N9: 56.2 | O9: =M9*N9 -> 51721.984 | P9: ='6'!G20 -> 163 | Q9: 108 | R9: =P9*Q9 -> 17604 | S9: =P9/(F9*202/100) -> 115.27581 | T9: ='6'!G24 -> 0 | U9: 69 | V9: =T9*U9 -> 0 | W9: ='6'!G96 -> 71 | X9: ='6'!G97 -> 17 | Y9: ='6'!G98 -> 27 | Z9: =W9+X9+Y9 -> 115 | AA9: ='6'!G133 -> 24.13 | AB9: ='6'!G134 -> 8.06 | AC9: ='6'!G135 -> 0 | AD9: ='6'!G136 -> 0 | AE9: =AA9+AB9+AC9+AD9 -> 32.19 | AF9: =AV9+AW9+BF9+BG9 -> 7083.12 | AG9: =AF9/AE9 -> 220.04101 | AH9: ='6'!G137 -> 9.44 | AI9: ='6'!G138 -> 0 | AJ9: ='6'!G139 -> 0 | AK9: =AH9+AI9+AJ9 -> 9.44 | AL9: ='6'!G140 -> 5.64 | AM9: ='6'!G141 -> 4.79 | AO9: =AL9+AM9 -> 10.43 | AP9: ='6'!G124 -> 286.57 | AQ9: ='6'!G35 -> 0 | AR9: ='6'!G37 -> 1828.49 | AS9: ='6'!G38 -> 1659.62 | AT9: ='6'!G39 -> 3883.88 | AU9: ='6'!G40 -> 0 | AV9: ='6'!G41 -> 5387.92 | AW9: ='6'!G42 -> 1683.08 | AX9: ='6'!G43 -> 2661.8 | AY9: ='6'!G44 -> 0 | AZ9: ='6'!G36 -> 685.98 | BA9: ='6'!G49 -> 3085.78 | BB9: ='6'!G51 -> 0 | BC9: ='6'!G52 -> 0 | BD9: ='6'!G53 -> 0 | BE9: ='6'!G54 -> 3.76 | BF9: ='6'!G55 -> 0 | BG9: ='6'!G56 -> 12.12 | BH9: ='6'!G57 -> 0 | BI9: ='6'!G50 -> 956.36 | BJ9: =SUM(AV9,AW9,BF9,BG9) -> 7083.12 | BK9: ='6'!G84 -> 601 | BL9: =SUM(AQ9,AV9,AW9,AX9,BA9,BF9,BG9,BH9)/I9% -> 58.174552 | BM9: =SUM(AT9,BD9)/I9% -> 17.60956 | BN9: =(AS9+BC9)/I9 -> 0.075247376 | BO9: =K9+O9+R9+V9 -> 267825.66 | BP9: =SUM(AV9,AW9,AX9,BF9,BG9,BH9,BK9) -> 10345.92 | BQ9: =BP9/(AE9*280) -> 1.1478631
A10: 7 | B10: 7 | D10: ='7'!D3 -> 33 | E10: ='7'!D4 -> 0.8 | F10: ='7'!D2 -> 0.71 | G10: ='7'!G8 -> 20481.92 | H10: ='7'!G7 -> 20386.44 | I10: ='7'!G8 -> 20481.92 | J10: 9 | K10: =I10*J10 -> 184337.28 | L10: =I10/202 -> 101.39564 | M10: ='7'!G15 -> 856.76 | N10: 56.2 | O10: =M10*N10 -> 48149.912 | P10: ='7'!G20 -> 218 | Q10: 108 | R10: =P10*Q10 -> 23544 | S10: =P10/(F10*202/100) -> 152.00112 | T10: ='7'!G24 -> 0 | U10: 69 | V10: =T10*U10 -> 0 | W10: ='7'!G96 -> 71 | X10: ='7'!G97 -> 14 | Y10: ='7'!G98 -> 38 | Z10: =W10+X10+Y10 -> 123 | AA10: ='7'!G133 -> 24.03 | AB10: ='7'!G134 -> 0 | AC10: ='7'!G135 -> 0 | AD10: ='7'!G136 -> 0 | AE10: =AA10+AB10+AC10+AD10 -> 24.03 | AF10: =AV10+AW10+BF10+BG10 -> 5975 | AG10: =AF10/AE10 -> 248.64752 | AH10: ='7'!G137 -> 8.99 | AI10: ='7'!G138 -> 0 | AJ10: ='7'!G139 -> 0 | AK10: =AH10+AI10+AJ10 -> 8.99 | AL10: ='7'!G140 -> 8.76 | AM10: ='7'!G141 -> 0 | AO10: =AL10+AM10 -> 8.76 | AP10: ='7'!G124 -> 234.16 | AQ10: ='7'!G35 -> 0 | AR10: ='7'!G37 -> 1681.05 | AS10: ='7'!G38 -> 1663.89 | AT10: ='7'!G39 -> 3792.29 | AU10: ='7'!G40 -> 0 | AV10: ='7'!G41 -> 5963.76 | AW10: ='7'!G42 -> 0 | AX10: ='7'!G43 -> 2465.8 | AY10: ='7'!G44 -> 0 | AZ10: ='7'!G36 -> 590.48 | BA10: ='7'!G49 -> 4524.89 | BB10: ='7'!G51 -> 0 | BC10: ='7'!G52 -> 0 | BD10: ='7'!G53 -> 0 | BE10: ='7'!G54 -> 3.97 | BF10: ='7'!G55 -> 0 | BG10: ='7'!G56 -> 11.24 | BH10: ='7'!G57 -> 0 | BI10: ='7'!G50 -> 928.56 | BJ10: =SUM(AV10,AW10,BF10,BG10) -> 5975 | BK10: ='7'!G84 -> 607 | BL10: =SUM(AQ10,AV10,AW10,AX10,BA10,BF10,BG10,BH10)/I10% -> 63.303099 | BM10: =SUM(AT10,BD10)/I10% -> 18.515305 | BN10: =(AS10+BC10)/I10 -> 0.081237013 | BO10: =K10+O10+R10+V10 -> 256031.19 | BP10: =SUM(AV10,AW10,AX10,BF10,BG10,BH10,BK10) -> 9047.8 | BQ10: =BP10/(AE10*280) -> 1.3447179
A11: 8 | B11: 8 | D11: ='8'!D3 -> 27 | E11: ='8'!D4 -> 0.78 | F11: ='8'!D2 -> 0.78 | G11: ='8'!G8 -> 22311.4 | H11: ='8'!G7 -> 22222.52 | I11: ='8'!G8 -> 22311.4 | J11: 9 | K11: =I11*J11 -> 200802.6 | L11: =I11/202 -> 110.45248 | M11: ='8'!G15 -> 851.33 | N11: 56.2 | O11: =M11*N11 -> 47844.746 | P11: ='8'!G20 -> 209 | Q11: 108 | R11: =P11*Q11 -> 22572 | S11: =P11/(F11*202/100) -> 132.64788 | T11: ='8'!G24 -> 0 | U11: 69 | V11: =T11*U11 -> 0 | W11: ='8'!G96 -> 69 | X11: ='8'!G97 -> 20 | Y11: ='8'!G98 -> 25 | Z11: =W11+X11+Y11 -> 114 | AA11: ='8'!G133 -> 24.06 | AB11: ='8'!G134 -> 6.16 | AC11: ='8'!G135 -> 0 | AD11: ='8'!G136 -> 0 | AE11: =AA11+AB11+AC11+AD11 -> 30.22 | AF11: =AV11+AW11+BF11+BG11 -> 7061.62 | AG11: =AF11/AE11 -> 233.67373 | AH11: ='8'!G137 -> 9.02 | AI11: ='8'!G138 -> 0 | AJ11: ='8'!G139 -> 0 | AK11: =AH11+AI11+AJ11 -> 9.02 | AL11: ='8'!G140 -> 8.24 | AM11: ='8'!G141 -> 0 | AO11: =AL11+AM11 -> 8.24 | AP11: ='8'!G124 -> 222.19 | AQ11: ='8'!G35 -> -0.3 | AR11: ='8'!G37 -> 1742.43 | AS11: ='8'!G38 -> 1706.96 | AT11: ='8'!G39 -> 3944.41 | AU11: ='8'!G40 -> 0 | AV11: ='8'!G41 -> 5703.4 | AW11: ='8'!G42 -> 1348.22 | AX11: ='8'!G43 -> 2588.6 | AY11: ='8'!G44 -> 0 | AZ11: ='8'!G36 -> 730.86 | BA11: ='8'!G49 -> 4766.26 | BB11: ='8'!G51 -> 0 | BC11: ='8'!G52 -> 0 | BD11: ='8'!G53 -> 0 | BE11: ='8'!G54 -> 3.78 | BF11: ='8'!G55 -> 0 | BG11: ='8'!G56 -> 10 | BH11: ='8'!G57 -> 0 | BI11: ='8'!G50 -> 948.28 | BJ11: =SUM(AV11,AW11,BF11,BG11) -> 7061.62 | BK11: ='8'!G84 -> 637 | BL11: =SUM(AQ11,AV11,AW11,AX11,BA11,BF11,BG11,BH11)/I11% -> 64.613516 | BM11: =SUM(AT11,BD11)/I11% -> 17.6789 | BN11: =(AS11+BC11)/I11 -> 0.076506181 | BO11: =K11+O11+R11+V11 -> 271219.35 | BP11: =SUM(AV11,AW11,AX11,BF11,BG11,BH11,BK11) -> 10287.22 | BQ11: =BP11/(AE11*280) -> 1.2157535
A12: 9 | B12: 9 | D12: ='9'!D3 -> 27 | E12: ='9'!D4 -> 0.93 | F12: ='9'!D2 -> 0.42 | G12: ='9'!G8 -> 21965.01 | H12: ='9'!G7 -> 21877.57 | I12: ='9'!G8 -> 21965.01 | J12: 9 | K12: =I12*J12 -> 197685.09 | L12: =I12/202 -> 108.73767 | M12: ='9'!G15 -> 851.49 | N12: 56.2 | O12: =M12*N12 -> 47853.738 | P12: ='9'!G20 -> 200 | Q12: 108 | R12: =P12*Q12 -> 21600 | S12: =P12/(F12*202/100) -> 235.73786 | T12: ='9'!G24 -> 0 | U12: 69 | V12: =T12*U12 -> 0 | W12: ='9'!G96 -> 72 | X12: ='9'!G97 -> 21 | Y12: ='9'!G98 -> 26 | Z12: =W12+X12+Y12 -> 119 | AA12: ='9'!G133 -> 23.64 | AB12: ='9'!G134 -> 5.6 | AC12: ='9'!G135 -> 0 | AD12: ='9'!G136 -> 0 | AE12: =AA12+AB12+AC12+AD12 -> 29.24 | AF12: =AV12+AW12+BF12+BG12 -> 6865.62 | AG12: =AF12/AE12 -> 234.80233 | AH12: ='9'!G137 -> 9.51 | AI12: ='9'!G138 -> 0 | AJ12: ='9'!G139 -> 0.05 | AK12: =AH12+AI12+AJ12 -> 9.56 | AL12: ='9'!G140 -> 8.69 | AM12: ='9'!G141 -> 0 | AO12: =AL12+AM12 -> 8.69 | AP12: ='9'!G124 -> 233.65 | AQ12: ='9'!G35 -> 0 | AR12: ='9'!G37 -> 1716.07 | AS12: ='9'!G38 -> 1626.07 | AT12: ='9'!G39 -> 3960.91 | AU12: ='9'!G40 -> 0 | AV12: ='9'!G41 -> 5639.33 | AW12: ='9'!G42 -> 1216.07 | AX12: ='9'!G43 -> 2589.3 | AY12: ='9'!G44 -> 0 | AZ12: ='9'!G36 -> 618.99 | BA12: ='9'!G49 -> 4824.67 | BB12: ='9'!G51 -> 0 | BC12: ='9'!G52 -> 0 | BD12: ='9'!G53 -> 0 | BE12: ='9'!G54 -> 2.9 | BF12: ='9'!G55 -> 0.01 | BG12: ='9'!G56 -> 10.21 | BH12: ='9'!G57 -> 0 | BI12: ='9'!G50 -> 930.33 | BJ12: =SUM(AV12,AW12,BF12,BG12) -> 6865.62 | BK12: ='8'!G84 -> 637 | BL12: =SUM(AQ12,AV12,AW12,AX12,BA12,BF12,BG12,BH12)/I12% -> 65.010624 | BM12: =SUM(AT12,BD12)/I12% -> 18.032817 | BN12: =(AS12+BC12)/I12 -> 0.074030014 | BO12: =K12+O12+R12+V12 -> 267138.83 | BP12: =SUM(AV12,AW12,AX12,BF12,BG12,BH12,BK12) -> 10091.92 | BQ12: =BP12/(AE12*280) -> 1.2326461
A13: 10 | B13: 10 | D13: ='10'!D3 -> 28 | E13: ='10'!D4 -> 0.9 | F13: ='10'!D2 -> 0.45 | G13: ='10'!G8 -> 21417 | H13: ='10'!G7 -> 21347 | I13: ='10'!G8 -> 21417 | J13: 9 | K13: =I13*J13 -> 192753 | L13: =I13/202 -> 106.02475 | M13: ='10'!G15 -> 796 | N13: 56.2 | O13: =M13*N13 -> 44735.2 | P13: ='10'!G20 -> 197 | Q13: 108 | R13: =P13*Q13 -> 21276 | S13: =P13/(F13*202/100) -> 216.72167 | T13: ='10'!G24 -> 0 | U13: 69 | V13: =T13*U13 -> 0 | W13: ='10'!G96 -> 56 | X13: ='10'!G97 -> 20 | Y13: ='10'!G98 -> 26 | Z13: =W13+X13+Y13 -> 102 | AA13: ='10'!G133 -> 24 | AB13: ='10'!G134 -> 0 | AC13: ='10'!G135 -> 3.86 | AD13: ='10'!G136 -> 0 | AE13: =AA13+AB13+AC13+AD13 -> 27.86 | AF13: =AV13+AW13+BF13+BG13 -> 6866 | AG13: =AF13/AE13 -> 246.44652 | AH13: ='10'!G137 -> 8.39 | AI13: ='10'!G138 -> 0 | AJ13: ='10'!G139 -> 0 | AK13: =AH13+AI13+AJ13 -> 8.39 | AL13: ='10'!G140 -> 8.59 | AM13: ='10'!G141 -> 0 | AO13: =AL13+AM13 -> 8.59 | AP13: ='10'!G124 -> 229 | AQ13: ='10'!G35 -> 0 | AR13: ='10'!G37 -> 1638 | AS13: ='10'!G38 -> 1688 | AT13: ='10'!G39 -> 3934 | AU13: ='10'!G40 -> 0 | AV13: ='10'!G41 -> 5824 | AW13: ='10'!G42 -> 0 | AX13: ='10'!G43 -> 2556 | AY13: ='10'!G44 -> 0 | AZ13: ='10'!G36 -> 524 | BA13: ='10'!G49 -> 4554 | BB13: ='10'!G51 -> 0 | BC13: ='10'!G52 -> 0 | BD13: ='10'!G53 -> 0 | BE13: ='10'!G54 -> 4 | BF13: ='10'!G55 -> 1030 | BG13: ='10'!G56 -> 12 | BH13: ='10'!G57 -> 0 | BI13: ='10'!G50 -> 920 | BJ13: =SUM(AV13,AW13,BF13,BG13) -> 6866 | BK13: ='8'!G84 -> 637 | BL13: =SUM(AQ13,AV13,AW13,AX13,BA13,BF13,BG13,BH13)/I13% -> 65.256572 | BM13: =SUM(AT13,BD13)/I13% -> 18.368586 | BN13: =(AS13+BC13)/I13 -> 0.078815894 | BO13: =K13+O13+R13+V13 -> 258764.2 | BP13: =SUM(AV13,AW13,AX13,BF13,BG13,BH13,BK13) -> 10059 | BQ13: =BP13/(AE13*280) -> 1.2894831
A14: 11 | B14: 11 | D14: ='11'!D3 -> 28 | E14: ='11'!D4 -> 0.8 | F14: ='11'!D2 -> 0.99 | G14: ='11'!G8 -> 21441 | H14: ='11'!G7 -> 21343 | I14: ='11'!G8 -> 21441 | J14: 9 | K14: =I14*J14 -> 192969 | L14: =I14/202 -> 106.14356 | M14: ='11'!G15 -> 881 | N14: 56.2 | O14: =M14*N14 -> 49512.2 | P14: ='11'!G20 -> 211 | Q14: 108 | R14: =P14*Q14 -> 22788 | S14: =P14/(F14*202/100) -> 105.51055 | T14: ='11'!G24 -> 0 | U14: 69 | V14: =T14*U14 -> 0 | W14: ='11'!G96 -> 64 | X14: ='11'!G97 -> 29 | Y14: ='11'!G98 -> 39 | Z14: =W14+X14+Y14 -> 132 | AA14: ='11'!G133 -> 24 | AB14: ='11'!G134 -> 0 | AC14: ='11'!G135 -> 0 | AD14: ='11'!G136 -> 5.62 | AE14: =AA14+AB14+AC14+AD14 -> 29.62 | AF14: =AV14+AW14+BF14+BG14 -> 6766 | AG14: =AF14/AE14 -> 228.42674 | AH14: ='11'!G137 -> 8.43 | AI14: ='11'!G138 -> 0 | AJ14: ='11'!G139 -> -0.05 | AK14: =AH14+AI14+AJ14 -> 8.38 | AL14: ='11'!G140 -> 10.06 | AM14: ='11'!G141 -> 0 | AO14: =AL14+AM14 -> 10.06 | AP14: ='11'!G124 -> 270 | AQ14: ='11'!G35 -> 0 | AR14: ='11'!G37 -> 1694 | AS14: ='11'!G38 -> 1618 | AT14: ='11'!G39 -> 3836 | AU14: ='11'!G40 -> 0 | AV14: ='11'!G41 -> 5630 | AW14: ='11'!G42 -> 0 | AX14: ='11'!G43 -> 2593 | AY14: ='11'!G44 -> 0 | AZ14: ='11'!G36 -> 553 | BA14: ='11'!G49 -> 4510 | BB14: ='11'!G51 -> 0 | BC14: ='11'!G52 -> 0 | BD14: ='11'!G53 -> 0 | BE14: ='11'!G54 -> 4 | BF14: ='11'!G55 -> 0 | BG14: ='11'!G56 -> 1136 | BH14: ='11'!G57 -> 0 | BI14: ='11'!G50 -> 997 | BJ14: =SUM(AV14,AW14,BF14,BG14) -> 6766 | BK14: ='11'!G84 -> 712 | BL14: =SUM(AQ14,AV14,AW14,AX14,BA14,BF14,BG14,BH14)/I14% -> 64.684483 | BM14: =SUM(AT14,BD14)/I14% -> 17.890957 | BN14: =(AS14+BC14)/I14 -> 0.075462898 | BO14: =K14+O14+R14+V14 -> 265269.2 | BP14: =SUM(AV14,AW14,AX14,BF14,BG14,BH14,BK14) -> 10071 | BQ14: =BP14/(AE14*280) -> 1.2143098
A15: 12 | B15: 12 | D15: ='12'!D3 -> 28 | E15: ='12'!D4 -> 0.79 | F15: ='12'!D2 -> 0.74 | G15: ='12'!G8 -> 22425.27 | H15: ='12'!G7 -> 22295.67 | I15: ='12'!G8 -> 22425.27 | J15: 9 | K15: =I15*J15 -> 201827.43 | L15: =I15/202 -> 111.01619 | M15: ='12'!G15 -> 916.831 | N15: 56.2 | O15: =M15*N15 -> 51525.902 | P15: ='12'!G20 -> 223 | Q15: 108 | R15: =P15*Q15 -> 24084 | S15: =P15/(F15*202/100) -> 149.18384 | T15: ='12'!G24 -> 0 | U15: 69 | V15: =T15*U15 -> 0 | W15: ='12'!G96 -> 70 | X15: ='12'!G97 -> 35 | Y15: ='12'!G98 -> 33 | Z15: =W15+X15+Y15 -> 138 | AA15: ='12'!G133 -> 10.48 | AB15: ='12'!G134 -> 13.16 | AC15: ='12'!G135 -> 0.47 | AD15: ='12'!G136 -> 8.29 | AE15: =AA15+AB15+AC15+AD15 -> 32.4 | AF15: =AV15+AW15+BF15+BG15 -> 6958.98 | AG15: =AF15/AE15 -> 214.78333 | AH15: ='12'!G137 -> 9.19 | AI15: ='12'!G138 -> 0 | AJ15: ='12'!G139 -> 0.05 | AK15: =AH15+AI15+AJ15 -> 9.24 | AL15: ='12'!G140 -> 10.28 | AM15: ='12'!G141 -> 0 | AO15: =AL15+AM15 -> 10.28 | AP15: ='12'!G124 -> 282.02 | AQ15: ='12'!G35 -> 0 | AR15: ='12'!G37 -> 1706.59 | AS15: ='12'!G38 -> 1663.35 | AT15: ='12'!G39 -> 3783.25 | AU15: ='12'!G40 -> 0 | AV15: ='12'!G41 -> 2573.43 | AW15: ='12'!G42 -> 2879.25 | AX15: ='12'!G43 -> 2648 | AY15: ='12'!G44 -> 0 | AZ15: ='12'!G36 -> 713.6 | BA15: ='12'!G49 -> 4641.63 | BB15: ='12'!G51 -> 0 | BC15: ='12'!G52 -> 0 | BD15: ='12'!G53 -> 0 | BE15: ='12'!G54 -> 4.34 | BF15: ='12'!G55 -> 0.47 | BG15: ='12'!G56 -> 1505.83 | BH15: ='12'!G57 -> 0 | BI15: ='12'!G50 -> 1184.99 | BJ15: =SUM(AV15,AW15,BF15,BG15) -> 6958.98 | BK15: ='12'!G84 -> 670 | BL15: =SUM(AQ15,AV15,AW15,AX15,BA15,BF15,BG15,BH15)/I15% -> 63.538187 | BM15: =SUM(AT15,BD15)/I15% -> 16.870477 | BN15: =(AS15+BC15)/I15 -> 0.07417302 | BO15: =K15+O15+R15+V15 -> 277437.33 | BP15: =SUM(AV15,AW15,AX15,BF15,BG15,BH15,BK15) -> 10276.98 | BQ15: =BP15/(AE15*280) -> 1.1328241
A16: 13 | B16: 13 | D16: ='13'!D3 -> 28 | E16: ='13'!D4 -> 0.86 | F16: ='13'!D2 -> 0.68 | G16: ='13'!G8 -> 22500 | H16: ='13'!G7 -> 338615.33 | I16: ='13'!G8 -> 22500 | J16: 9 | K16: =I16*J16 -> 202500 | L16: =I16/202 -> 111.38614 | M16: ='13'!G15 -> -26251.831 | N16: 56.2 | O16: =M16*N16 -> -1475352.9 | P16: ='13'!G20 -> -1680 | Q16: 108 | R16: =P16*Q16 -> -181440 | S16: =P16/(F16*202/100) -> -1223.0635 | T16: ='13'!G24 -> 0 | U16: 69 | V16: =T16*U16 -> 0 | W16: ='13'!G96 -> -2303 | X16: ='13'!G97 -> -719 | Y16: ='13'!G98 -> -908 | Z16: =W16+X16+Y16 -> -3930 | AA16: ='13'!G133 -> -354.48 | AB16: ='13'!G134 -> -263.91 | AC16: ='13'!G135 -> -192.47 | AD16: ='13'!G136 -> -98.29 | AE16: =AA16+AB16+AC16+AD16 -> -909.15 | AF16: =AV16+AW16+BF16+BG16 -> -199304.98 | AG16: =AF16/AE16 -> 219.22123 | AH16: ='13'!G137 -> -254.18 | AI16: ='13'!G138 -> -9.9 | AJ16: ='13'!G139 -> -7.85 | AK16: =AH16+AI16+AJ16 -> -271.93 | AL16: ='13'!G140 -> -295.36 | AM16: ='13'!G141 -> -4.79 | AO16: =AL16+AM16 -> -300.15 | AP16: ='13'!G124 -> -7885.02 | AQ16: ='13'!G35 -> 0 | AR16: ='13'!G37 -> 223699.41 | AS16: ='13'!G38 -> 245498.65 | AT16: ='13'!G39 -> 519529.75 | AU16: ='13'!G40 -> 26525 | AV16: ='13'!G41 -> -81651.43 | AW16: ='13'!G42 -> -55366.25 | AX16: ='13'!G43 -> -79755 | AY16: ='13'!G44 -> 0 | AZ16: ='13'!G36 -> 46200 | BA16: ='13'!G49 -> 305211.37 | BB16: ='13'!G51 -> 144639.87 | BC16: ='13'!G52 -> 539606.07 | BD16: ='13'!G53 -> 434232 | BE16: ='13'!G54 -> 12304.66 | BF16: ='13'!G55 -> -42936.47 | BG16: ='13'!G56 -> -19350.83 | BH16: ='13'!G57 -> 0.33 | BI16: ='13'!G50 -> -35955.99 | BJ16: =SUM(AV16,AW16,BF16,BG16) -> -199304.98 | BK16: ='13'!G84 -> -20910 | BL16: =SUM(AQ16,AV16,AW16,AX16,BA16,BF16,BG16,BH16)/I16% -> 116.22987 | BM16: =SUM(AT16,BD16)/I16% -> 4238.9411 | BN16: =(AS16+BC16)/I16 -> 34.893543 | BO16: =K16+O16+R16+V16 -> -1454292.9 | BP16: =SUM(AV16,AW16,AX16,BF16,BG16,BH16,BK16) -> -299969.65 | BQ16: =BP16/(AE16*280) -> 1.1783756
A17: 14 | B17: 14 | D17: ='14'!D3 -> 28 | E17: ='14'!D4 -> 0.85 | F17: ='14'!D2 -> 0.8 | G17: ='14'!G8 -> 22500 | H17: ='14'!G7 -> 20799 | I17: ='14'!G8 -> 22500 | J17: 9 | K17: =I17*J17 -> 202500 | L17: =I17/202 -> 111.38614 | M17: ='14'!G15 -> 1092 | N17: 56.2 | O17: =M17*N17 -> 61370.4 | P17: ='14'!G20 -> 223 | Q17: 108 | R17: =P17*Q17 -> 24084 | S17: =P17/(F17*202/100) -> 137.99505 | T17: ='14'!G24 -> 0 | U17: 69 | V17: =T17*U17 -> 0 | W17: ='14'!G96 -> 69 | X17: ='14'!G97 -> 22 | Y17: ='14'!G98 -> 36 | Z17: =W17+X17+Y17 -> 127 | AA17: ='14'!G133 -> 24 | AB17: ='14'!G134 -> 0 | AC17: ='14'!G135 -> 1 | AD17: ='14'!G136 -> 0 | AE17: =AA17+AB17+AC17+AD17 -> 25 | AF17: =AV17+AW17+BF17+BG17 -> 6022 | AG17: =AF17/AE17 -> 240.88 | AH17: ='14'!G137 -> 0 | AI17: ='14'!G138 -> 9.9 | AJ17: ='14'!G139 -> 5.35 | AK17: =AH17+AI17+AJ17 -> 15.25 | AL17: ='14'!G140 -> 9.89 | AM17: ='14'!G141 -> 0 | AO17: =AL17+AM17 -> 9.89 | AP17: ='14'!G124 -> 271 | AQ17: ='14'!G35 -> 0 | AR17: ='14'!G37 -> 1554 | AS17: ='14'!G38 -> 1717 | AT17: ='14'!G39 -> 3674 | AU17: ='14'!G40 -> 352 | AV17: ='14'!G41 -> 5703 | AW17: ='14'!G42 -> 0 | AX17: ='14'!G43 -> 2490 | AY17: ='14'!G44 -> 0 | AZ17: ='14'!G36 -> 633.4 | BA17: ='14'!G49 -> 3064 | BB17: ='14'!G51 -> 0 | BC17: ='14'!G52 -> 0 | BD17: ='14'!G53 -> -0.41 | BE17: ='14'!G54 -> 0 | BF17: ='14'!G55 -> 306 | BG17: ='14'!G56 -> 13 | BH17: ='14'!G57 -> 0 | BI17: ='14'!G50 -> 986 | BJ17: =SUM(AV17,AW17,BF17,BG17) -> 6022 | BK17: ='14'!G84 -> 807 | BL17: =SUM(AQ17,AV17,AW17,AX17,BA17,BF17,BG17,BH17)/I17% -> 51.448889 | BM17: =SUM(AT17,BD17)/I17% -> 16.327067 | BN17: =(AS17+BC17)/I17 -> 0.076311111 | BO17: =K17+O17+R17+V17 -> 287954.4 | BP17: =SUM(AV17,AW17,AX17,BF17,BG17,BH17,BK17) -> 9319 | BQ17: =BP17/(AE17*280) -> 1.3312857
A18: 15 | B18: 15 | D18: ='15'!D3 -> 28 | E18: ='15'!D4 -> 0.9 | F18: ='15'!D2 -> 0.58 | G18: ='15'!G8 -> 22500 | H18: ='15'!G7 -> 22756 | I18: ='15'!G8 -> 22500 | J18: 9 | K18: =I18*J18 -> 202500 | L18: =I18/202 -> 111.38614 | M18: ='15'!G15 -> 920 | N18: 56.2 | O18: =M18*N18 -> 51704 | P18: ='15'!G20 -> 264 | Q18: 108 | R18: =P18*Q18 -> 28512 | S18: =P18/(F18*202/100) -> 225.33288 | T18: ='15'!G24 -> 0 | U18: 69 | V18: =T18*U18 -> 0 | W18: ='15'!G96 -> 78 | X18: ='15'!G97 -> 38 | Y18: ='15'!G98 -> 41 | Z18: =W18+X18+Y18 -> 157 | AA18: ='15'!G133 -> 24 | AB18: ='15'!G134 -> 0 | AC18: ='15'!G135 -> 3 | AD18: ='15'!G136 -> 0 | AE18: =AA18+AB18+AC18+AD18 -> 27 | AF18: =AV18+AW18+BF18+BG18 -> 6209 | AG18: =AF18/AE18 -> 229.96296 | AH18: ='15'!G137 -> 8.63 | AI18: ='15'!G138 -> 0 | AJ18: ='15'!G139 -> 0 | AK18: =AH18+AI18+AJ18 -> 8.63 | AL18: ='15'!G140 -> 11.22 | AM18: ='15'!G141 -> 0 | AO18: =AL18+AM18 -> 11.22 | AP18: ='15'!G124 -> 304 | AQ18: ='15'!G35 -> 0 | AR18: ='15'!G37 -> 1554 | AS18: ='15'!G38 -> 1842 | AT18: ='15'!G39 -> 3671 | AU18: ='15'!G40 -> 431 | AV18: ='15'!G41 -> 5558 | AW18: ='15'!G42 -> 0 | AX18: ='15'!G43 -> 2580 | AY18: ='15'!G44 -> 0 | AZ18: ='15'!G36 -> 823 | BA18: ='15'!G49 -> 2975 | BB18: ='15'!G51 -> 0 | BC18: ='15'!G52 -> -0.07 | BD18: ='15'!G53 -> 0.41 | BE18: ='15'!G54 -> 0 | BF18: ='15'!G55 -> 638 | BG18: ='15'!G56 -> 13 | BH18: ='15'!G57 -> 0 | BI18: ='15'!G50 -> 1206 | BJ18: =SUM(AV18,AW18,BF18,BG18) -> 6209 | BK18: ='15'!G84 -> 837 | BL18: =SUM(AQ18,AV18,AW18,AX18,BA18,BF18,BG18,BH18)/I18% -> 52.284444 | BM18: =SUM(AT18,BD18)/I18% -> 16.317378 | BN18: =(AS18+BC18)/I18 -> 0.081863556 | BO18: =K18+O18+R18+V18 -> 282716 | BP18: =SUM(AV18,AW18,AX18,BF18,BG18,BH18,BK18) -> 9626 | BQ18: =BP18/(AE18*280) -> 1.2732804
A19: 16 | B19: 16 | D19: ='16'!D3 -> 30 | E19: ='16'!D4 -> 0.78 | F19: ='16'!D2 -> 0.52 | G19: ='16'!G8 -> 22500 | H19: ='16'!G7 -> 21722 | I19: ='16'!G8 -> 22500 | J19: 9 | K19: =I19*J19 -> 202500 | L19: =I19/202 -> 111.38614 | M19: ='16'!G15 -> 896.097 | N19: 56.2 | O19: =M19*N19 -> 50360.651 | P19: ='16'!G20 -> 214 | Q19: 108 | R19: =P19*Q19 -> 23112 | S19: =P19/(F19*202/100) -> 203.73191 | T19: ='16'!G24 -> 0 | U19: 69 | V19: =T19*U19 -> 0 | W19: ='16'!G96 -> 67 | X19: ='16'!G97 -> 29 | Y19: ='16'!G98 -> 27 | Z19: =W19+X19+Y19 -> 123 | AA19: ='16'!G133 -> 23.54 | AB19: ='16'!G134 -> 0 | AC19: ='16'!G135 -> 6.06 | AD19: ='16'!G136 -> 0 | AE19: =AA19+AB19+AC19+AD19 -> 29.6 | AF19: =AV19+AW19+BF19+BG19 -> 6647 | AG19: =AF19/AE19 -> 224.56081 | AH19: ='16'!G137 -> 9.86 | AI19: ='16'!G138 -> 0 | AJ19: ='16'!G139 -> 0 | AK19: =AH19+AI19+AJ19 -> 9.86 | AL19: ='16'!G140 -> 9.54 | AM19: ='16'!G141 -> 0 | AO19: =AL19+AM19 -> 9.54 | AP19: ='16'!G124 -> 250.46 | AQ19: ='16'!G35 -> 1.3 | AR19: ='16'!G37 -> 1612 | AS19: ='16'!G38 -> 1690 | AT19: ='16'!G39 -> 3912 | AU19: ='16'!G40 -> 596.8 | AV19: ='16'!G41 -> 5562 | AW19: ='16'!G42 -> 0 | AX19: ='16'!G43 -> 2740 | AY19: ='16'!G44 -> 0 | AZ19: ='16'!G36 -> 663 | BA19: ='16'!G49 -> 3247 | BB19: ='16'!G51 -> 0 | BC19: ='16'!G52 -> 0.07 | BD19: ='16'!G53 -> -0.41 | BE19: ='16'!G54 -> 0.27 | BF19: ='16'!G55 -> 1073 | BG19: ='16'!G56 -> 12 | BH19: ='16'!G57 -> 0 | BI19: ='16'!G50 -> 1437 | BJ19: =SUM(AV19,AW19,BF19,BG19) -> 6647 | BK19: ='16'!G84 -> 837 | BL19: =SUM(AQ19,AV19,AW19,AX19,BA19,BF19,BG19,BH19)/I19% -> 56.156889 | BM19: =SUM(AT19,BD19)/I19% -> 17.384844 | BN19: =(AS19+BC19)/I19 -> 0.075114222 | BO19: =K19+O19+R19+V19 -> 275972.65 | BP19: =SUM(AV19,AW19,AX19,BF19,BG19,BH19,BK19) -> 10224 | BQ19: =BP19/(AE19*280) -> 1.2335907
A20: 17 | B20: 17 | D20: ='17'!D3 -> 29 | E20: ='17'!D4 -> 0.8 | F20: ='17'!D2 -> 0.6 | G20: ='17'!G8 -> 22500 | H20: ='17'!G7 -> 20791 | I20: ='17'!G8 -> 22500 | J20: 9 | K20: =I20*J20 -> 202500 | L20: =I20/202 -> 111.38614 | M20: ='17'!G15 -> 813.512 | N20: 56.2 | O20: =M20*N20 -> 45719.374 | P20: ='17'!G20 -> 226 | Q20: 108 | R20: =P20*Q20 -> 24408 | S20: =P20/(F20*202/100) -> 186.46865 | T20: ='17'!G24 -> 0 | U20: 69 | V20: =T20*U20 -> 0 | W20: ='17'!G96 -> 80 | X20: ='17'!G97 -> 18 | Y20: ='17'!G98 -> 24 | Z20: =W20+X20+Y20 -> 122 | AA20: ='17'!G133 -> 24.46 | AB20: ='17'!G134 -> 0 | AC20: ='17'!G135 -> 0 | AD20: ='17'!G136 -> 0 | AE20: =AA20+AB20+AC20+AD20 -> 24.46 | AF20: =AV20+AW20+BF20+BG20 -> 5807 | AG20: =AF20/AE20 -> 237.40801 | AH20: ='17'!G137 -> 7.64 | AI20: ='17'!G138 -> 0 | AJ20: ='17'!G139 -> 0 | AK20: =AH20+AI20+AJ20 -> 7.64 | AL20: ='17'!G140 -> 11.41 | AM20: ='17'!G141 -> 0 | AO20: =AL20+AM20 -> 11.41 | AP20: ='17'!G124 -> 296.09 | AQ20: ='17'!G35 -> 0 | AR20: ='17'!G37 -> 1496 | AS20: ='17'!G38 -> 1715 | AT20: ='17'!G39 -> 3719 | AU20: ='17'!G40 -> 426.4 | AV20: ='17'!G41 -> 5794 | AW20: ='17'!G42 -> 0 | AX20: ='17'!G43 -> 2430 | AY20: ='17'!G44 -> 0 | AZ20: ='17'!G36 -> 632.5 | BA20: ='17'!G49 -> 3008 | BB20: ='17'!G51 -> 0 | BC20: ='17'!G52 -> 0 | BD20: ='17'!G53 -> 0.4 | BE20: ='17'!G54 -> 0 | BF20: ='17'!G55 -> 0 | BG20: ='17'!G56 -> 13 | BH20: ='17'!G57 -> 0 | BI20: ='17'!G50 -> 1453 | BJ20: =SUM(AV20,AW20,BF20,BG20) -> 5807 | BK20: ='17'!G84 -> 679 | BL20: =SUM(AQ20,AV20,AW20,AX20,BA20,BF20,BG20,BH20)/I20% -> 49.977778 | BM20: =SUM(AT20,BD20)/I20% -> 16.530667 | BN20: =(AS20+BC20)/I20 -> 0.076222222 | BO20: =K20+O20+R20+V20 -> 272627.37 | BP20: =SUM(AV20,AW20,AX20,BF20,BG20,BH20,BK20) -> 8916 | BQ20: =BP20/(AE20*280) -> 1.3018339
A21: 18 | B21: 18 | D21: ='18 '!D3 -> 29 | E21: ='18 '!D4 -> 0.79 | F21: ='18 '!D2 -> 0.54 | G21: ='18 '!G8 -> 331487.73 | H21: ='18 '!G7 -> 21056 | I21: ='18 '!G8 -> 331487.73 | J21: 9 | K21: =I21*J21 -> 2983389.6 | L21: =I21/202 -> 1641.0284 | M21: ='18 '!G15 -> 964.543 | N21: 56.2 | O21: =M21*N21 -> 54207.317 | P21: ='18 '!G20 -> 200 | Q21: 108 | R21: =P21*Q21 -> 21600 | S21: =P21/(F21*202/100) -> 183.35167 | T21: ='18 '!G24 -> 0 | U21: 69 | V21: =T21*U21 -> 0 | W21: ='18 '!G96 -> 110 | X21: ='18 '!G97 -> 20 | Y21: ='18 '!G98 -> 24 | Z21: =W21+X21+Y21 -> 154 | AA21: ='18 '!G133 -> 24.13 | AB21: ='18 '!G134 -> 0 | AC21: ='18 '!G135 -> 3.98 | AD21: ='18 '!G136 -> 0 | AE21: =AA21+AB21+AC21+AD21 -> 28.11 | AF21: =AV21+AW21+BF21+BG21 -> 5978 | AG21: =AF21/AE21 -> 212.66453 | AH21: ='18 '!G137 -> 9.29 | AI21: ='18 '!G138 -> -0.08 | AJ21: ='18 '!G139 -> 0.05 | AK21: =AH21+AI21+AJ21 -> 9.26 | AL21: ='18 '!G140 -> 11.3 | AM21: ='18 '!G141 -> 0 | AO21: =AL21+AM21 -> 11.3 | AP21: ='18 '!G124 -> 293.45 | AQ21: ='18 '!G35 -> 0 | AR21: ='18 '!G37 -> 1535 | AS21: ='18 '!G38 -> 1724 | AT21: ='18 '!G39 -> 3771 | AU21: ='18 '!G40 -> 474.9 | AV21: ='18 '!G41 -> 5197 | AW21: ='18 '!G42 -> 0 | AX21: ='18 '!G43 -> 2570 | AY21: ='18 '!G44 -> 0 | AZ21: ='18 '!G36 -> 711.2 | BA21: ='18 '!G49 -> 2982 | BB21: ='18 '!G51 -> 0 | BC21: ='18 '!G52 -> 0 | BD21: ='18 '!G53 -> -0.4 | BE21: ='18 '!G54 -> 0.08 | BF21: ='18 '!G55 -> 768 | BG21: ='18 '!G56 -> 13 | BH21: ='18 '!G57 -> 0 | BI21: ='18 '!G50 -> 1651 | BJ21: =SUM(AV21,AW21,BF21,BG21) -> 5978 | BK21: ='18 '!G84 -> 705 | BL21: =SUM(AQ21,AV21,AW21,AX21,BA21,BF21,BG21,BH21)/I21% -> 3.4782585 | BM21: =SUM(AT21,BD21)/I21% -> 1.137478 | BN21: =(AS21+BC21)/I21 -> 0.0052007958 | BO21: =K21+O21+R21+V21 -> 3059196.9 | BP21: =SUM(AV21,AW21,AX21,BF21,BG21,BH21,BK21) -> 9253 | BQ21: =BP21/(AE21*280) -> 1.1756111
A22: 19 | B22: 19 | D22: ='19'!D3 -> 27 | E22: ='19'!D4 -> 0.8 | F22: ='19'!D2 -> 0.62 | G22: ='19'!G8 -> 22500 | H22: ='19'!G7 -> 22093.09 | I22: ='19'!G8 -> 22500 | J22: 9 | K22: =I22*J22 -> 202500 | L22: =I22/202 -> 111.38614 | M22: ='19'!G15 -> 837.848 | N22: 56.2 | O22: =M22*N22 -> 47087.058 | P22: ='19'!G20 -> 210 | Q22: 108 | R22: =P22*Q22 -> 22680 | S22: =P22/(F22*202/100) -> 167.67806 | T22: ='19'!G24 -> 0 | U22: 69 | V22: =T22*U22 -> 0 | W22: ='19'!G96 -> 74 | X22: ='19'!G97 -> 26 | Y22: ='19'!G98 -> 29 | Z22: =W22+X22+Y22 -> 129 | AA22: ='19'!G133 -> 23.87 | AB22: ='19'!G134 -> 0 | AC22: ='19'!G135 -> 5.15 | AD22: ='19'!G136 -> 0 | AE22: =AA22+AB22+AC22+AD22 -> 29.02 | AF22: =AV22+AW22+BF22+BG22 -> 6118 | AG22: =AF22/AE22 -> 210.82012 | AH22: ='19'!G137 -> 6.92 | AI22: ='19'!G138 -> 0.08 | AJ22: ='19'!G139 -> 0 | AK22: =AH22+AI22+AJ22 -> 7 | AL22: ='19'!G140 -> 11.15 | AM22: ='19'!G141 -> 0 | AO22: =AL22+AM22 -> 11.15 | AP22: ='19'!G124 -> 288 | AQ22: ='19'!G35 -> -0.3 | AR22: ='19'!G37 -> 1571 | AS22: ='19'!G38 -> 1831 | AT22: ='19'!G39 -> 3827 | AU22: ='19'!G40 -> 369.2 | AV22: ='19'!G41 -> 5149 | AW22: ='19'!G42 -> 0 | AX22: ='19'!G43 -> 2600 | AY22: ='19'!G44 -> 0 | AZ22: ='19'!G36 -> 962.3 | BA22: ='19'!G49 -> 3166 | BB22: ='19'!G51 -> 0.13 | BC22: ='19'!G52 -> -0.07 | BD22: ='19'!G53 -> 0 | BE22: ='19'!G54 -> -0.35 | BF22: ='19'!G55 -> 956 | BG22: ='19'!G56 -> 13 | BH22: ='19'!G57 -> -0.33 | BI22: ='19'!G50 -> 1813 | BJ22: =SUM(AV22,AW22,BF22,BG22) -> 6118 | BK22: ='19'!G84 -> 778 | BL22: =SUM(AQ22,AV22,AW22,AX22,BA22,BF22,BG22,BH22)/I22% -> 52.814978 | BM22: =SUM(AT22,BD22)/I22% -> 17.008889 | BN22: =(AS22+BC22)/I22 -> 0.081374667 | BO22: =K22+O22+R22+V22 -> 272267.06 | BP22: =SUM(AV22,AW22,AX22,BF22,BG22,BH22,BK22) -> 9495.67 | BQ22: =BP22/(AE22*280) -> 1.1686115
A23: 20 | B23: 20 | D23: ='20'!D3 -> 27 | E23: ='20'!D4 -> 0.84 | F23: ='20'!D2 -> 0.738 | G23: ='20'!G8 -> 22500 | H23: ='20'!G7 -> 21183.2 | I23: ='20'!G8 -> 22500 | J23: 9 | K23: =I23*J23 -> 202500 | L23: =I23/202 -> 111.38614 | M23: ='20'!G15 -> 900.52 | N23: 56.2 | O23: =M23*N23 -> 50609.224 | P23: ='20'!G20 -> 299 | Q23: 108 | R23: =P23*Q23 -> 32292 | S23: =P23/(F23*202/100) -> 200.56884 | T23: ='20'!G24 -> 0 | U23: 69 | V23: =T23*U23 -> 0 | W23: ='20'!G96 -> 111 | X23: ='20'!G97 -> 26 | Y23: ='20'!G98 -> 32 | Z23: =W23+X23+Y23 -> 169 | AA23: ='20'!G133 -> 16.19 | AB23: ='20'!G134 -> 0 | AC23: ='20'!G135 -> 11.81 | AD23: ='20'!G136 -> 0.05 | AE23: =AA23+AB23+AC23+AD23 -> 28.05 | AF23: =AV23+AW23+BF23+BG23 -> 5842.14 | AG23: =AF23/AE23 -> 208.27594 | AH23: ='20'!G137 -> 10.24 | AI23: ='20'!G138 -> 0 | AJ23: ='20'!G139 -> 0 | AK23: =AH23+AI23+AJ23 -> 10.24 | AL23: ='20'!G140 -> 10.95 | AM23: ='20'!G141 -> 0 | AO23: =AL23+AM23 -> 10.95 | AP23: ='20'!G124 -> 285.7 | AQ23: ='20'!G35 -> 0 | AR23: ='20'!G37 -> 1460 | AS23: ='20'!G38 -> 1714 | AT23: ='20'!G39 -> 3421 | AU23: ='20'!G40 -> 590.1 | AV23: ='20'!G41 -> 3565 | AW23: ='20'!G42 -> 0.14 | AX23: ='20'!G43 -> 2360 | AY23: ='20'!G44 -> 0 | AZ23: ='20'!G36 -> 802.6 | BA23: ='20'!G49 -> 2777 | BB23: ='20'!G51 -> 0 | BC23: ='20'!G52 -> 0 | BD23: ='20'!G580 -> 0 | BE23: ='20'!G54 -> 0 | BF23: ='20'!G55 -> 2265 | BG23: ='20'!G56 -> 12 | BH23: ='20'!G57 -> 0 | BI23: ='20'!G50 -> 1302 | BJ23: =SUM(AV23,AW23,BF23,BG23) -> 5842.14 | BK23: ='20'!G84 -> 673 | BL23: =SUM(AQ23,AV23,AW23,AX23,BA23,BF23,BG23,BH23)/I23% -> 48.796178 | BM23: =SUM(AT23,BD23)/I23% -> 15.204444 | BN23: =(AS23+BC23)/I23 -> 0.076177778 | BO23: =K23+O23+R23+V23 -> 285401.22 | BP23: =SUM(AV23,AW23,AX23,BF23,BG23,BH23,BK23) -> 8875.14 | BQ23: =BP23/(AE23*280) -> 1.1300153
A24: 21 | B24: 21 | D24: 21 | E24: ='21'!D4 -> 0.84 | F24: ='21'!D2 -> 0.66 | G24: ='21'!G8 -> 22500 | H24: ='21'!G7 -> 21387.2 | I24: ='21'!G8 -> 22500 | J24: 9 | K24: =I24*J24 -> 202500 | L24: =I24/202 -> 111.38614 | M24: ='21'!G15 -> 890.94 | N24: 56.2 | O24: =M24*N24 -> 50070.828 | P24: ='21'!G20 -> 253 | Q24: 108 | R24: =P24*Q24 -> 27324 | S24: =P24/(F24*202/100) -> 189.76898 | T24: ='21'!G24 -> 0 | U24: 69 | V24: =T24*U24 -> 0 | W24: ='21'!G96 -> 78 | X24: ='21'!G97 -> 28 | Y24: ='21'!G98 -> 33 | Z24: =W24+X24+Y24 -> 139 | AA24: ='21'!G133 -> 4.34 | AB24: ='21'!G134 -> 0 | AC24: ='21'!G135 -> 24 | AD24: ='21'!G136 -> 0 | AE24: =AA24+AB24+AC24+AD24 -> 28.34 | AF24: =AV24+AW24+BF24+BG24 -> 6296 | AG24: =AF24/AE24 -> 222.15949 | AH24: ='21'!G137 -> 7.86 | AI24: ='21'!G138 -> 0 | AJ24: ='21'!G139 -> 0 | AK24: =AH24+AI24+AJ24 -> 7.86 | AL24: ='21'!G140 -> 10.77 | AM24: ='21'!G141 -> 0 | AO24: =AL24+AM24 -> 10.77 | AP24: ='21'!G124 -> 279.3 | AQ24: ='21'!G35 -> 0 | AR24: ='21'!G37 -> 1562 | AS24: ='21'!G38 -> 1883 | AT24: ='21'!G39 -> 3720 | AU24: ='21'!G40 -> 302.3 | AV24: ='21'!G41 -> 898 | AW24: ='21'!G42 -> 0 | AX24: ='21'!G43 -> 2600 | AY24: ='21'!G44 -> 0 | AZ24: ='21'!G36 -> 674.8 | BA24: ='21'!G49 -> 3056 | BB24: ='21'!G51 -> 0 | BC24: ='21'!G52 -> 0.07 | BD24: ='21'!G53 -> 0 | BE24: ='21'!G54 -> 0 | BF24: ='21'!G55 -> 5386 | BG24: ='21'!G56 -> 12 | BH24: ='21'!G57 -> 0 | BI24: ='21'!G50 -> 1002 | BJ24: =SUM(AV24,AW24,BF24,BG24) -> 6296 | BK24: ='21'!G84 -> 661 | BL24: =SUM(AQ24,AV24,AW24,AX24,BA24,BF24,BG24,BH24)/I24% -> 53.12 | BM24: =SUM(AT24,BD24)/I24% -> 16.533333 | BN24: =(AS24+BC24)/I24 -> 0.083692 | BO24: =K24+O24+R24+V24 -> 279894.83 | BP24: =SUM(AV24,AW24,AX24,BF24,BG24,BH24,BK24) -> 9557 | BQ24: =BP24/(AE24*280) -> 1.2043805
A25: 22 | B25: 22 | D25: ='22'!D3 -> 27 | E25: ='22'!D4 -> 0.84 | F25: ='22'!D2 -> 0.8 | G25: ='22'!G8 -> 22500 | H25: ='22'!G7 -> 23774.4 | I25: ='22'!G8 -> 22500 | J25: 9 | K25: =I25*J25 -> 202500 | L25: =I25/202 -> 111.38614 | M25: ='22'!G15 -> 882.82 | N25: 56.2 | O25: =M25*N25 -> 49614.484 | P25: ='22'!G20 -> 265 | Q25: 108 | R25: =P25*Q25 -> 28620 | S25: =P25/(F25*202/100) -> 163.98515 | T25: ='22'!G24 -> 0 | U25: 69 | V25: =T25*U25 -> 0 | W25: ='22'!G96 -> 82 | X25: ='22'!G97 -> 28 | Y25: ='22'!G98 -> 33 | Z25: =W25+X25+Y25 -> 143 | AA25: ='22'!G133 -> 0 | AB25: ='22'!G134 -> 6.02 | AC25: ='22'!G135 -> 24.18 | AD25: ='22'!G136 -> 0 | AE25: =AA25+AB25+AC25+AD25 -> 30.2 | AF25: =AV25+AW25+BF25+BG25 -> 7248.86 | AG25: =AF25/AE25 -> 240.02848 | AH25: ='22'!G137 -> 8.51 | AI25: ='22'!G138 -> 0 | AJ25: ='22'!G139 -> 0.95 | AK25: =AH25+AI25+AJ25 -> 9.46 | AL25: ='22'!G140 -> 10.5 | AM25: ='22'!G141 -> 0 | AO25: =AL25+AM25 -> 10.5 | AP25: ='22'!G124 -> 272.02 | AQ25: ='22'!G35 -> 0 | AR25: ='22'!G37 -> 1652 | AS25: ='22'!G38 -> 1801 | AT25: ='22'!G39 -> 4097 | AU25: ='22'!G40 -> 537.1 | AV25: ='22'!G41 -> 0 | AW25: ='22'!G42 -> 1097.86 | AX25: ='22'!G43 -> 2820 | AY25: ='22'!G44 -> 0 | AZ25: ='22'!G36 -> 865.4 | BA25: ='22'!G49 -> 3360 | BB25: ='22'!G51 -> 0 | BC25: ='22'!G52 -> 0 | BD25: ='22'!G53 -> 0 | BE25: ='22'!G54 -> 0.39 | BF25: ='22'!G55 -> 6137 | BG25: ='22'!G56 -> 14 | BH25: ='22'!G57 -> 0 | BI25: ='22'!G50 -> 1431 | BJ25: =SUM(AV25,AW25,BF25,BG25) -> 7248.86 | BK25: ='22'!G84 -> 783 | BL25: =SUM(AQ25,AV25,AW25,AX25,BA25,BF25,BG25,BH25)/I25% -> 59.683822 | BM25: =SUM(AT25,BD25)/I25% -> 18.208889 | BN25: =(AS25+BC25)/I25 -> 0.080044444 | BO25: =K25+O25+R25+V25 -> 280734.48 | BP25: =SUM(AV25,AW25,AX25,BF25,BG25,BH25,BK25) -> 10851.86 | BQ25: =BP25/(AE25*280) -> 1.2833325
A26: 23 | B26: 23 | D26: ='23'!D3 -> 28 | E26: ='23'!D4 -> 0.78 | F26: ='23'!D2 -> 0.72 | G26: ='23'!G8 -> 22500 | H26: ='23'!G7 -> 22303.5 | I26: ='23'!G8 -> 22500 | J26: 9 | K26: =I26*J26 -> 202500 | L26: =I26/202 -> 111.38614 | M26: ='23'!G15 -> 828.72 | N26: 56.2 | O26: =M26*N26 -> 46574.064 | P26: ='23'!G20 -> 226 | Q26: 108 | R26: =P26*Q26 -> 24408 | S26: =P26/(F26*202/100) -> 155.39054 | T26: ='23'!G24 -> 0 | U26: 69 | V26: =T26*U26 -> 0 | W26: ='23'!G96 -> 65 | X26: ='23'!G97 -> 19 | Y26: ='23'!G98 -> 23 | Z26: =W26+X26+Y26 -> 107 | AA26: ='23'!G133 -> 0 | AB26: ='23'!G134 -> 6.73 | AC26: ='23'!G135 -> 23.82 | AD26: ='23'!G136 -> 0 | AE26: =AA26+AB26+AC26+AD26 -> 30.55 | AF26: =AV26+AW26+BF26+BG26 -> 7286 | AG26: =AF26/AE26 -> 238.49427 | AH26: ='23'!G137 -> 7.75 | AI26: ='23'!G138 -> 0 | AJ26: ='23'!G139 -> 0 | AK26: =AH26+AI26+AJ26 -> 7.75 | AL26: ='23'!G140 -> 10.18 | AM26: ='23'!G141 -> 0 | AO26: =AL26+AM26 -> 10.18 | AP26: ='23'!G124 -> 261.98 | AQ26: ='23'!G35 -> 0 | AR26: ='23'!G37 -> 1589 | AS26: ='23'!G38 -> 1544 | AT26: ='23'!G39 -> 3499 | AU26: ='23'!G40 -> 539.2 | AV26: ='23'!G41 -> 0 | AW26: ='23'!G42 -> 1430 | AX26: ='23'!G43 -> 2470 | AY26: ='23'!G44 -> 0 | AZ26: ='23'!G36 -> 662.2 | BA26: ='23'!G49 -> 3117 | BB26: ='23'!G51 -> 0 | BC26: ='23'!G52 -> 0 | BD26: ='23'!G53 -> 0 | BE26: ='23'!G54 -> 0 | BF26: ='23'!G55 -> 5843 | BG26: ='23'!G56 -> 13 | BH26: ='23'!G57 -> 0 | BI26: ='23'!G50 -> 985 | BJ26: =SUM(AV26,AW26,BF26,BG26) -> 7286 | BK26: ='23'!G84 -> 691 | BL26: =SUM(AQ26,AV26,AW26,AX26,BA26,BF26,BG26,BH26)/I26% -> 57.213333 | BM26: =SUM(AT26,BD26)/I26% -> 15.551111 | BN26: =(AS26+BC26)/I26 -> 0.068622222 | BO26: =K26+O26+R26+V26 -> 273482.06 | BP26: =SUM(AV26,AW26,AX26,BF26,BG26,BH26,BK26) -> 10447 | BQ26: =BP26/(AE26*280) -> 1.2213
A27: 24 | B27: 24 | D27: ='24'!D3 -> 29 | E27: ='24'!D4 -> 0.8 | F27: ='24'!D2 -> 0.81 | G27: ='24'!G8 -> 22500 | H27: ='24'!G7 -> 24087 | I27: ='24'!G8 -> 22500 | J27: 9 | K27: =I27*J27 -> 202500 | L27: =I27/202 -> 111.38614 | M27: ='24'!G15 -> 879 | N27: 56.2 | O27: =M27*N27 -> 49399.8 | P27: ='24'!G20 -> 224 | Q27: 108 | R27: =P27*Q27 -> 24192 | S27: =P27/(F27*202/100) -> 136.90258 | T27: ='24'!G24 -> 0 | U27: 69 | V27: =T27*U27 -> 0 | W27: ='24'!G96 -> 67 | X27: ='24'!G97 -> 27 | Y27: ='24'!G98 -> 20 | Z27: =W27+X27+Y27 -> 114 | AA27: ='24'!G133 -> 0 | AB27: ='24'!G134 -> 11 | AC27: ='24'!G135 -> 24 | AD27: ='24'!G136 -> -0.05 | AE27: =AA27+AB27+AC27+AD27 -> 34.95 | AF27: =AV27+AW27+BF27+BG27 -> 8002 | AG27: =AF27/AE27 -> 228.95565 | AH27: ='24'!G137 -> 9.47 | AI27: ='24'!G138 -> 0 | AJ27: ='24'!G139 -> 0 | AK27: =AH27+AI27+AJ27 -> 9.47 | AL27: ='24'!G140 -> 9.17 | AM27: ='24'!G141 -> 0 | AO27: =AL27+AM27 -> 9.17 | AP27: ='24'!G124 -> 244 | AQ27: ='24'!G35 -> 0 | AR27: ='24'!G37 -> 1505 | AS27: ='24'!G38 -> 1661 | AT27: ='24'!G39 -> 3973 | AU27: ='24'!G40 -> 422 | AV27: ='24'!G41 -> 0 | AW27: ='24'!G42 -> 2333 | AX27: ='24'!G43 -> 3020 | AY27: ='24'!G44 -> 0 | AZ27: ='24'!G36 -> 672 | BA27: ='24'!G49 -> 3121 | BB27: ='24'!G51 -> 0 | BC27: ='24'!G52 -> -0.07 | BD27: ='24'!G53 -> 0.41 | BE27: ='24'!G54 -> -0.39 | BF27: ='24'!G55 -> 5656 | BG27: ='24'!G56 -> 13 | BH27: ='24'!G57 -> 0 | BI27: ='24'!G50 -> 1445 | BJ27: =SUM(AV27,AW27,BF27,BG27) -> 8002 | BK27: ='24'!G84 -> 687 | BL27: =SUM(AQ27,AV27,AW27,AX27,BA27,BF27,BG27,BH27)/I27% -> 62.857778 | BM27: =SUM(AT27,BD27)/I27% -> 17.6596 | BN27: =(AS27+BC27)/I27 -> 0.073819111 | BO27: =K27+O27+R27+V27 -> 276091.8 | BP27: =SUM(AV27,AW27,AX27,BF27,BG27,BH27,BK27) -> 11709 | BQ27: =BP27/(AE27*280) -> 1.1965052
A28: 25 | B28: 25 | D28: ='25'!D3 -> 28 | E28: ='25'!D4 -> 0.8 | F28: ='25'!D2 -> 0.99 | G28: ='25'!G8 -> 22500 | H28: ='25'!G7 -> 23250 | I28: ='25'!G8 -> 22500 | J28: 9 | K28: =I28*J28 -> 202500 | L28: =I28/202 -> 111.38614 | M28: ='25'!G15 -> 795 | N28: 56.2 | O28: =M28*N28 -> 44679 | P28: ='25'!G20 -> 222 | Q28: 108 | R28: =P28*Q28 -> 23976 | S28: =P28/(F28*202/100) -> 111.0111 | T28: ='25'!G24 -> 0 | U28: 69 | V28: =T28*U28 -> 0 | W28: ='25'!G96 -> 65 | X28: ='25'!G97 -> 20 | Y28: ='25'!G98 -> 27 | Z28: =W28+X28+Y28 -> 112 | AA28: ='25'!G133 -> 0 | AB28: ='25'!G134 -> 12.52 | AC28: ='25'!G135 -> 24.35 | AD28: ='25'!G136 -> 0 | AE28: =AA28+AB28+AC28+AD28 -> 36.87 | AF28: =AV28+AW28+BF28+BG28 -> 5089 | AG28: =AF28/AE28 -> 138.02549 | AH28: ='24'!G137 -> 9.47 | AI28: ='24'!G138 -> 0 | AJ28: ='24'!G139 -> 0 | AK28: =AH28+AI28+AJ28 -> 9.47 | AL28: ='23'!G140 -> 10.18 | AM28: ='24'!G141 -> 0 | AO28: =AL28+AM28 -> 10.18 | AP28: ='25'!G124 -> 242 | AQ28: ='25'!G35 -> 0 | AR28: ='25'!G37 -> 1616 | AS28: ='25'!G38 -> 1662 | AT28: ='25'!G39 -> 4050 | AU28: ='25'!G40 -> 495 | AV28: ='25'!G41 -> 0 | AX28: ='25'!G43 -> 3160 | AY28: ='25'!G44 -> 0 | AZ28: ='25'!G36 -> 696 | BA28: ='25'!G49 -> 3038 | BB28: ='25'!G51 -> -0.13 | BC28: ='25'!G52 -> 0.07 | BD28: ='25'!G53 -> 0 | BE28: ='24'!G54 -> -0.39 | BF28: ='25'!G55 -> 5076 | BG28: ='25'!G56 -> 13 | BH28: ='25'!G57 -> 0 | BI28: ='25'!G50 -> 1299 | BJ28: =SUM(AV28,AW28,BF28,BG28) -> 5089 | BK28: ='25'!G84 -> 685 | BL28: =SUM(AQ28,AV28,AW28,AX28,BA28,BF28,BG28,BH28)/I28% -> 50.164444 | BM28: =SUM(AT28,BD28)/I28% -> 18 | BN28: =(AS28+BC28)/I28 -> 0.073869778 | BO28: =K28+O28+R28+V28 -> 271155 | BP28: =SUM(AV28,AW28,AX28,BF28,BG28,BH28,BK28) -> 8934 | BQ28: =BP28/(AE28*280) -> 0.86539579
A29: 26 | B29: 26 | D29: ='26'!D3 -> 29 | E29: ='26'!D4 -> 0.79 | F29: ='26'!D2 -> 0.75 | G29: ='26'!G8 -> 22500 | H29: ='26'!G7 -> 22798 | I29: ='26'!G8 -> 22500 | J29: 9 | K29: =I29*J29 -> 202500 | L29: =I29/202 -> 111.38614 | M29: ='26'!G15 -> 863 | N29: 56.2 | O29: =M29*N29 -> 48500.6 | P29: ='26'!G20 -> 226 | Q29: 108 | R29: =P29*Q29 -> 24408 | S29: =P29/(F29*202/100) -> 149.17492 | T29: ='26'!G24 -> 0 | U29: 69 | V29: =T29*U29 -> 0 | W29: ='26'!G96 -> 73 | X29: ='26'!G97 -> 24 | Y29: ='26'!G98 -> 31 | Z29: =W29+X29+Y29 -> 128 | AA29: ='26'!G133 -> 0 | AB29: ='26'!G134 -> 13.91 | AC29: ='26'!G135 -> 18.65 | AD29: ='26'!G136 -> 0 | AE29: =AA29+AB29+AC29+AD29 -> 32.56 | AF29: =AV29+AW29+BF29+BG29 -> 6975 | AG29: =AF29/AE29 -> 214.2199 | AH29: ='26'!G137 -> 9.1 | AI29: ='26'!G138 -> 0 | AJ29: ='26'!G139 -> 0 | AK29: =AH29+AI29+AJ29 -> 9.1 | AL29: ='26'!G140 -> 9.73 | AM29: ='26'!G141 -> 0 | AO29: =AL29+AM29 -> 9.73 | AP29: ='26'!G124 -> 252 | AQ29: ='26'!G35 -> 0 | AR29: ='26'!G37 -> 1519 | AS29: ='26'!G38 -> 1729 | AT29: ='26'!G39 -> 3903 | AU29: ='26'!G40 -> 564 | AV29: ='26'!G41 -> 0 | AW29: ='26'!G42 -> 2906 | AX29: ='26'!G43 -> 2870 | AY29: ='26'!G44 -> 0 | AZ29: ='26'!G36 -> 822 | BA29: ='26'!G49 -> 3049 | BB29: ='26'!G51 -> 0 | BC29: ='26'!G52 -> 0 | BD29: ='26'!G53 -> 0 | BE29: ='26'!G54 -> 0 | BF29: ='26'!G55 -> 4056 | BG29: ='26'!G56 -> 13 | BH29: ='26'!G57 -> 0 | BI29: ='26'!G50 -> 1061 | BJ29: =SUM(AV29,AW29,BF29,BG29) -> 6975 | BK29: ='26'!G84 -> 674 | BL29: =SUM(AQ29,AV29,AW29,AX29,BA29,BF29,BG29,BH29)/I29% -> 57.306667 | BM29: =SUM(AT29,BD29)/I29% -> 17.346667 | BN29: =(AS29+BC29)/I29 -> 0.076844444 | BO29: =K29+O29+R29+V29 -> 275408.6 | BP29: =SUM(AV29,AW29,AX29,BF29,BG29,BH29,BK29) -> 10519 | BQ29: =BP29/(AE29*280) -> 1.153804
A30: 27 | B30: 27 | D30: ='27'!D3 -> 29 | E30: ='27'!D4 -> 0.85 | F30: ='27'!D2 -> 0.72 | G30: ='27'!G8 -> 22500 | H30: ='27'!G7 -> 18832 | I30: ='27'!G8 -> 22500 | J30: 9 | K30: =I30*J30 -> 202500 | L30: =I30/202 -> 111.38614 | M30: ='27'!G15 -> 845 | N30: 56.2 | O30: =M30*N30 -> 47489 | P30: ='27'!G20 -> 260 | Q30: 108 | R30: =P30*Q30 -> 28080 | S30: =P30/(F30*202/100) -> 178.76788 | T30: ='27'!G24 -> 0 | U30: 69 | V30: =T30*U30 -> 0 | W30: ='27'!G96 -> 121 | X30: ='27'!G97 -> 26 | Y30: ='27'!G98 -> 37 | Z30: =W30+X30+Y30 -> 184 | AA30: ='27'!G133 -> 0 | AB30: ='27'!G134 -> 23.57 | AC30: ='27'!G135 -> 0 | AD30: ='27'!G136 -> 11 | AE30: =AA30+AB30+AC30+AD30 -> 34.57 | AF30: =AV30+AW30+BF30+BG30 -> 5590 | AG30: =AF30/AE30 -> 161.7009 | AH30: ='27'!G137 -> 8.43 | AI30: ='27'!G138 -> 0 | AJ30: ='27'!G139 -> 0 | AK30: =AH30+AI30+AJ30 -> 8.43 | AL30: ='27'!G140 -> 10.65 | AM30: ='27'!G141 -> 0 | AO30: =AL30+AM30 -> 10.65 | AP30: ='27'!G124 -> 274 | AQ30: ='27'!G35 -> 0 | AR30: ='27'!G37 -> 1481 | AS30: ='27'!G38 -> 1758 | AT30: ='27'!G39 -> 3207 | AU30: ='27'!G40 -> 341 | AV30: ='27'!G41 -> 0 | AW30: ='27'!G42 -> 4127 | AX30: ='27'!G43 -> 2380 | AY30: ='27'!G44 -> 0 | AZ30: ='27'!G36 -> 693 | BA30: ='27'!G49 -> 2493 | BB30: ='27'!G51 -> 0.13 | BC30: ='27'!G52 -> -0.07 | BD30: ='27'!G53 -> 0 | BE30: ='27'!G54 -> 0 | BF30: ='27'!G55 -> 0 | BG30: ='27'!G56 -> 1463 | BH30: ='27'!G57 -> 0 | BI30: ='27'!G50 -> 1064 | BJ30: =SUM(AV30,AW30,BF30,BG30) -> 5590 | BK30: ='27'!G84 -> 634 | BL30: =SUM(AQ30,AV30,AW30,AX30,BA30,BF30,BG30,BH30)/I30% -> 46.502222 | BM30: =SUM(AT30,BD30)/I30% -> 14.253333 | BN30: =(AS30+BC30)/I30 -> 0.078130222 | BO30: =K30+O30+R30+V30 -> 278069 | BP30: =SUM(AV30,AW30,AX30,BF30,BG30,BH30,BK30) -> 8604 | BQ30: =BP30/(AE30*280) -> 0.88887971
A31: 28 | B31: 28 | D31: ='28'!D3 -> 28 | E31: ='28'!D4 -> 0.85 | F31: ='28'!D2 -> 0.65 | G31: ='28'!G8 -> 22500 | H31: ='28'!G7 -> 23250 | I31: ='28'!G8 -> 22500 | J31: 9 | K31: =I31*J31 -> 202500 | L31: =I31/202 -> 111.38614 | M31: ='28'!G15 -> 964 | N31: 56.2 | O31: =M31*N31 -> 54176.8 | P31: ='28'!G20 -> 260 | Q31: 108 | R31: =P31*Q31 -> 28080 | S31: =P31/(F31*202/100) -> 198.0198 | T31: ='28'!G24 -> 0 | U31: 69 | V31: =T31*U31 -> 0 | W31: ='28'!G96 -> 82 | X31: ='28'!G97 -> 25 | Y31: ='28'!G98 -> 35 | Z31: =W31+X31+Y31 -> 142 | AA31: ='28'!G133 -> 0.47 | AB31: ='28'!G134 -> 0 | AC31: ='28'!G135 -> 10 | AD31: ='28'!G136 -> 24 | AE31: =AA31+AB31+AC31+AD31 -> 34.47 | AF31: =AV31+AW31+BF31+BG31 -> 6994 | AG31: =AF31/AE31 -> 202.90107 | AH31: ='28'!G137 -> 9.87 | AI31: ='28'!G138 -> 0 | AJ31: ='28'!G139 -> 0.45 | AK31: =AH31+AI31+AJ31 -> 10.32 | AL31: ='28'!G140 -> 10.54 | AM31: ='28'!G141 -> 0.33 | AO31: =AL31+AM31 -> 10.87 | AP31: ='28'!G124 -> 278 | AQ31: ='28'!G35 -> 0 | AR31: ='28'!G37 -> 1485 | AS31: ='28'!G38 -> 1792 | AT31: ='28'!G39 -> 4184 | AU31: ='28'!G40 -> 439.7 | AV31: ='28'!G41 -> 0 | AW31: ='28'!G42 -> 0 | AX31: ='28'!G43 -> 3100 | AY31: ='28'!G44 -> 0 | AZ31: ='28'!G36 -> 849 | BA31: ='28'!G49 -> 3633 | BB31: ='28'!G51 -> 0 | BC31: ='28'!G52 -> 0.07 | BD31: ='28'!G53 -> 0 | BE31: ='28'!G54 -> 0 | BF31: ='28'!G55 -> 1901 | BG31: ='28'!G56 -> 5093 | BH31: ='28'!G57 -> 0.33 | BI31: ='28'!G50 -> 1071 | BJ31: =SUM(AV31,AW31,BF31,BG31) -> 6994 | BK31: ='28'!G84 -> 751 | BL31: =SUM(AQ31,AV31,AW31,AX31,BA31,BF31,BG31,BH31)/I31% -> 61.010356 | BM31: =SUM(AT31,BD31)/I31% -> 18.595556 | BN31: =(AS31+BC31)/I31 -> 0.079647556 | BO31: =K31+O31+R31+V31 -> 284756.8 | BP31: =SUM(AV31,AW31,AX31,BF31,BG31,BH31,BK31) -> 10845.33 | BQ31: =BP31/(AE31*280) -> 1.1236821
A32: 29 | B32: 29 | D32: ='29'!D3 -> 28 | E32: ='29'!D4 -> 0.78 | F32: ='29'!D2 -> 0.86 | G32: ='29'!G8 -> 22500 | H32: ='29'!G7 -> 21510 | I32: ='29'!G8 -> 22500 | J32: 9 | K32: =I32*J32 -> 202500 | L32: =I32/202 -> 111.38614 | M32: ='29'!G15 -> 834 | N32: 56.2 | O32: =M32*N32 -> 46870.8 | P32: ='29'!G20 -> 242 | Q32: 108 | R32: =P32*Q32 -> 26136 | S32: =P32/(F32*202/100) -> 139.30463 | T32: ='29'!G24 -> 0 | U32: 69 | V32: =T32*U32 -> 0 | W32: ='29'!G96 -> 79 | X32: ='29'!G97 -> 33 | Y32: ='29'!G98 -> 39 | Z32: =W32+X32+Y32 -> 151 | AA32: ='29'!G133 -> 0 | AB32: ='29'!G134 -> 10 | AC32: ='29'!G135 -> 0 | AD32: ='29'!G136 -> 19 | AE32: =AA32+AB32+AC32+AD32 -> 29 | AF32: =AV32+AW32+BF32+BG32 -> 6639 | AG32: =AF32/AE32 -> 228.93103 | AH32: ='29'!G137 -> 6.7 | AI32: ='29'!G138 -> 0.02 | AJ32: ='29'!G139 -> -0.45 | AK32: =AH32+AI32+AJ32 -> 6.27 | AL32: ='29'!G140 -> 11.1 | AM32: ='29'!G141 -> 0 | AO32: =AL32+AM32 -> 11.1 | AP32: ='29'!G124 -> 285 | AQ32: ='29'!G35 -> 0 | AR32: ='29'!G37 -> 1389 | AS32: ='29'!G38 -> 1012 | AT32: ='29'!G39 -> 3986 | AU32: ='29'!G40 -> 419.3 | AV32: ='29'!G41 -> 0 | AW32: ='29'!G42 -> 2451 | AX32: ='29'!G43 -> 2895 | AY32: ='29'!G44 -> 0 | AZ32: ='29'!G36 -> 812 | BA32: ='29'!G49 -> 3322 | BB32: ='29'!G51 -> -0.13 | BC32: ='29'!G52 -> 0 | BD32: ='29'!G53 -> 0 | BE32: ='29'!G54 -> 0 | BF32: ='29'!G55 -> 0 | BG32: ='29'!G56 -> 4188 | BH32: ='29'!G57 -> -0.33 | BI32: ='29'!G50 -> 1098 | BJ32: =SUM(AV32,AW32,BF32,BG32) -> 6639 | BK32: ='29'!G84 -> 730 | BL32: =SUM(AQ32,AV32,AW32,AX32,BA32,BF32,BG32,BH32)/I32% -> 57.136311 | BM32: =SUM(AT32,BD32)/I32% -> 17.715556 | BN32: =(AS32+BC32)/I32 -> 0.044977778 | BO32: =K32+O32+R32+V32 -> 275506.8 | BP32: =SUM(AV32,AW32,AX32,BF32,BG32,BH32,BK32) -> 10263.67 | BQ32: =BP32/(AE32*280) -> 1.2639988
A33: 30 | B33: 30 | D33: ='30'!D3 -> 27 | E33: ='30'!D4 -> 0.78 | F33: ='30'!D2 -> 0.68 | G33: ='30'!G8 -> 22500 | H33: ='30'!G7 -> 22509 | I33: ='30'!G8 -> 22500 | J33: 9 | K33: =I33*J33 -> 202500 | L33: =I33/202 -> 111.38614 | M33: ='30'!G15 -> 877 | N33: 56.2 | O33: =M33*N33 -> 49287.4 | P33: ='30'!G20 -> 249 | Q33: 108 | R33: =P33*Q33 -> 26892 | S33: =P33/(F33*202/100) -> 181.27548 | T33: ='30'!G24 -> 0 | U33: 69 | V33: =T33*U33 -> 0 | W33: ='30'!G96 -> 77 | X33: ='30'!G97 -> 23 | Y33: ='30'!G98 -> 31 | Z33: =W33+X33+Y33 -> 131 | AA33: ='30'!G133 -> 0 | AB33: ='30'!G134 -> 24 | AC33: ='30'!G135 -> 8 | AD33: ='30'!G136 -> 0 | AE33: =AA33+AB33+AC33+AD33 -> 32 | AF33: =AV33+AW33+BF33+BG33 -> 7640.79 | AG33: =AF33/AE33 -> 238.77469 | AH33: ='30'!G137 -> 10 | AI33: ='30'!G138 -> 0 | AJ33: ='30'!G139 -> 0 | AK33: =AH33+AI33+AJ33 -> 10 | AL33: ='30'!G140 -> 10.22 | AM33: ='30'!G141 -> 0 | AO33: =AL33+AM33 -> 10.22 | AP33: ='30'!G124 -> 265 | AQ33: ='30'!G35 -> 0 | AR33: ='30'!G37 -> 1323 | AS33: ='30'!G38 -> 1114 | AT33: ='30'!G39 -> 3876 | AU33: ='30'!G40 -> 396 | AV33: ='30'!G41 -> -0.21 | AW33: ='30'!G42 -> 5785 | AX33: ='30'!G43 -> 2575 | AY33: ='30'!G44 -> 0 | AZ33: ='30'!G36 -> 682 | BA33: ='30'!G49 -> 3556 | BB33: ='30'!G51 -> 0.13 | BC33: ='30'!G52 -> -0.07 | BD33: ='30'!G53 -> 0 | BE33: ='30'!G54 -> 0 | BF33: ='30'!G55 -> 1844 | BG33: ='30'!G56 -> 12 | BH33: ='30'!G57 -> 0 | BI33: ='30'!G50 -> 1097 | BJ33: =SUM(AV33,AW33,BF33,BG33) -> 7640.79 | BK33: ='30'!G84 -> 760 | BL33: =SUM(AQ33,AV33,AW33,AX33,BA33,BF33,BG33,BH33)/I33% -> 61.207956 | BM33: =SUM(AT33,BD33)/I33% -> 17.226667 | BN33: =(AS33+BC33)/I33 -> 0.049508 | BO33: =K33+O33+R33+V33 -> 278679.4 | BP33: =SUM(AV33,AW33,AX33,BF33,BG33,BH33,BK33) -> 10975.79 | BQ33: =BP33/(AE33*280) -> 1.2249766
A34: 31 | B34: 31 | D34: 30 | E34: ='30'!D5 -> Unit | F34: ='30'!D3 -> 27 | G34: ='31'!G8 -> 22500 | H34: ='31'!G7 -> 20593 | I34: ='31'!G8 -> 22500 | J34: 9 | K34: =I34*J34 -> 202500 | L34: =I34/202 -> 111.38614 | M34: ='31'!G15 -> 749 | N34: 56.2 | O34: =M34*N34 -> 42093.8 | P34: ='31'!G20 -> 202 | Q34: 108 | R34: =P34*Q34 -> 21816 | S34: =P34/(F34*202/100) -> 3.7037037 | T34: ='30'!G25 -> 0 | U34: 70 | V34: =T34*U34 -> 0 | W34: ='30'!G97 -> 23 | X34: ='30'!G98 -> 31 | Y34: ='30'!G99 -> 32 | Z34: =W34+X34+Y34 -> 86 | AA34: ='30'!G134 -> 24 | AB34: ='30'!G135 -> 8 | AC34: ='30'!G136 -> 0 | AD34: ='30'!G137 -> 10 | AE34: =AA34+AB34+AC34+AD34 -> 42 | AF34: =AV34+AW34+BF34+BG34 -> 5195.99 | AG34: =AF34/AE34 -> 123.71405 | AH34: ='30'!G138 -> 0 | AI34: ='30'!G139 -> 0 | AJ34: ='30'!G140 -> 10.22 | AK34: =AH34+AI34+AJ34 -> 10.22 | AL34: ='30'!G141 -> 0 | AM34: ='30'!G142 -> 0 | AO34: =AL34+AM34 -> 0 | AP34: ='30'!G125 -> 0.4 | AQ34: ='31'!G35 -> 0 | AR34: ='31'!G37 -> 1163 | AS34: ='31'!G38 -> 1668 | AT34: ='31'!G39 -> 3886 | AU34: ='31'!G40 -> 378 | AV34: ='31'!G41 -> 0 | AW34: ='31'!G42 -> 4605 | AX34: ='31'!G43 -> 2495 | AY34: ='31'!G44 -> 0 | AZ34: ='31'!G36 -> 668 | BA34: ='31'!G49 -> 3151 | BB34: ='31'!G51 -> 0 | BC34: ='31'!G52 -> 0 | BD34: ='31'!G53 -> 0 | BE34: ='31'!G54 -> 0 | BF34: ='31'!G55 -> 0.99 | BG34: ='31'!G56 -> 590 | BH34: ='31'!G57 -> 0 | BI34: ='31'!G50 -> 976 | BJ34: =SUM(AV34,AW34,BF34,BG34) -> 5195.99 | BK34: ='31'!G84 -> 654 | BL34: =SUM(AQ34,AV34,AW34,AX34,BA34,BF34,BG34,BH34)/I34% -> 48.186622 | BM34: =SUM(AT34,BD34)/I34% -> 17.271111 | BN34: =(AS34+BC34)/I34 -> 0.074133333 | BO34: =K34+O34+R34+V34 -> 266409.8 | BP34: =SUM(AV34,AW34,AX34,BF34,BG34,BH34,BK34) -> 8344.99 | BQ34: =BP34/(AE34*280) -> 0.70960799
A35: Total | D35: =AVERAGE(D4:D34) -> 28.677419 | F35: =AVERAGE(F4:F34) -> 1.5289548 | G35: =SUM(G4:G34) -> 1000149 | H35: =SUM(H4:H34) -> 995854.39 | I35: =SUM(I4:I34) -> 1000149 | J35: 9 | K35: =SUM(K4:K34) -> 9001341 | L35: =SUM(L4:L34) -> 4951.2327 | M35: =SUM(M4:M34) -> 0 | N35: =SUM(N4:N34) -> 1742.2 | O35: =SUM(O4:O34) -> 1.2369128e-10 | P35: =SUM(P4:P34) -> 5040 | Q35: =SUM(Q4:Q34) -> 3348 | R35: =SUM(R4:R34) -> 544320 | ... BO35: =SUM(BO4:BO34) -> 9545661 | BP35: =SUM(AV35,AW35,AX35,BF35,BG35,BH35,BK35) -> -2704 | BQ35: =BP35/(AE35*280) -> -0.53650794
B36: =B18-B17 -> 1 | C36: =C18-C17 -> 0 | D36: =D18-D17 -> 0 | E36: =E18-E17 -> 0.05 | F36: =F18-F17 -> -0.22 | I36: =I18-I17 -> 0 | J36: =J18-J17 -> 0 | K36: =K18-K17 -> 0 | L36: =L18-L17 -> 0 | M36: =M18-M17 -> -172 | N36: =N18-N17 -> 0 | O36: =O18-O17 -> -9666.4 | P36: =P18-P17 -> 41 | ... AO36: =AO18-AO17 -> 1.33 | AQ36: =AQ18-AQ17 -> 0 | AR36: =AR18-AR17 -> 0 | AS36: =AS18-AS17 -> 125 | AT36: =AT18-AT17 -> -3 | AU36: =AU18-AU17 -> 79 | AV36: =AV18-AV17 -> -145 | AW36: =AW18-AW17 -> 0 | AX36: =AX18-AX17 -> 90 | BA36: =BA18-BA17 -> -89 | BB36: =BB18-BB17 -> 0 | BC36: =BC18-BC17 -> -0.07 | BD36: =BD18-BD17 -> 0.82 | BE36: =BE18-BE17 -> 0 | BF36: =BF18-BF17 -> 332 | BG36: =BG18-BG17 -> 0 | BH36: =BH18-BH17 -> 0 | BL36: =BL18-BL17 -> 0.83555556 | BM36: =BM18-BM17 -> -0.0096888889 | BO36: =BO18-BO17 -> -5238.4 | BP36: =BP18-BP17 -> 307
F37: =AVERAGE(F4:F35) -> 1.5289548 | I37: =AVERAGE(I4:I35) -> 62509.312
B38: Guest complaint | F38: =AVERAGE(F4:F35) -> 1.5289548
BJ41: =(BJ31+BK31)/400 -> 19.3625

Sheet Occupancy
B1: Hotel Paid Occupancy Occ% | C1: Room Nights | D1: Comp Night | E1: Cummulative % | F1: Total Covers Guests | G1: Total Room Nights | H1: Paid occ %
A2: 1 | B2: =C2/202% -> 69.80198 | C2: 141 | D2: 26 | E2: =SUM(C2:D2)/202% -> 82.673267 | F2: 530 | G2: =C2+D2 -> 167 | H2: =C2/202% -> 69.80198 | K2: =10/202 -> 0.04950495
A3: 2 | B3: =C3/202% -> 64.356436 | C3: 130 | D3: 28 | E3: =SUM(C3:D3)/202% -> 78.217822 | F3: 633 | G3: =C3+D3 -> 158 | H3: =C3/202% -> 64.356436
A4: 3 | B4: =C4/202% -> 59.90099 | C4: 121 | D4: 27 | E4: =SUM(C4:D4)/202% -> 73.267327 | F4: 505 | G4: =C4+D4 -> 148 | H4: =C4/202% -> 59.90099
A5: 4 | B5: =C5/202% -> 69.306931 | C5: 140 | D5: 26 | E5: =SUM(C5:D5)/202% -> 82.178218 | F5: 414 | G5: =C5+D5 -> 166 | H5: =C5/202% -> 69.306931
A6: 5 | B6: =C6/202% -> 48.019802 | C6: 97 | D6: 26 | E6: =SUM(C6:D6)/202% -> 60.891089 | F6: 417 | G6: =C6+D6 -> 123 | H6: =C6/202% -> 48.019802
A7: 6 | B7: =C7/202% -> 50 | C7: 101 | D7: 29 | E7: =SUM(C7:D7)/202% -> 64.356436 | F7: 356 | G7: =C7+D7 -> 130 | H7: =C7/202% -> 50
A8: 7 | B8: =C8/202% -> 57.425743 | C8: 116 | D8: 29 | E8: =SUM(C8:D8)/202% -> 71.782178 | F8: 402 | G8: =C8+D8 -> 145 | H8: =C8/202% -> 57.425743
A9: 8 | B9: =C9/202% -> 66.831683 | C9: 135 | D9: 29 | E9: =SUM(C9:D9)/202% -> 81.188119 | F9: 467 | G9: =C9+D9 -> 164 | H9: =C9/202% -> 66.831683
A10: 9 | B10: =C10/202% -> 42.079208 | C10: 85 | D10: 28 | E10: =SUM(C10:D10)/202% -> 55.940594 | F10: 444 | G10: =C10+D10 -> 113 | H10: =C10/202% -> 42.079208
A11: 10 | B11: =C11/202% -> 55.445545 | C11: 112 | D11: 29 | E11: =SUM(C11:D11)/202% -> 69.80198 | F11: 327 | G11: =C11+D11 -> 141 | H11: =C11/202% -> 55.445545
A12: 11 | B12: =C12/202% -> 0 | E12: =SUM(C12:D12)/202% -> 0 | G12: =C12+D12 -> 0 | H12: =C12/202% -> 0
A13: 12 | B13: =C13/202% -> 0 | E13: =SUM(C13:D13)/202% -> 0 | G13: =C13+D13 -> 0 | H13: =C13/202% -> 0
A14: 13 | B14: =C14/202% -> 0 | E14: =SUM(C14:D14)/202% -> 0 | G14: =C14+D14 -> 0 | H14: =C14/202% -> 0
A15: 14 | B15: =C15/202% -> 0 | E15: =SUM(C15:D15)/202% -> 0 | G15: =C15+D15 -> 0 | H15: =C15/202% -> 0
A16: 15 | B16: =C16/202% -> 0 | E16: =SUM(C16:D16)/202% -> 0 | G16: =C16+D16 -> 0 | H16: =C16/202% -> 0
A17: 16 | B17: =C17/202% -> 0 | E17: =SUM(C17:D17)/202% -> 0 | G17: =C17+D17 -> 0 | H17: =C17/202% -> 0
A18: 17 | B18: =C18/202% -> 0 | E18: =SUM(C18:D18)/202% -> 0 | G18: =C18+D18 -> 0 | H18: =C18/202% -> 0
A19: 18 | B19: =C19/202% -> 0 | E19: =SUM(C19:D19)/202% -> 0 | G19: =C19+D19 -> 0 | H19: =C19/202% -> 0
A20: 19 | B20: =C20/202% -> 0 | E20: =SUM(C20:D20)/202% -> 0 | G20: =C20+D20 -> 0 | H20: =C20/202% -> 0 | J20: =165/192 -> 0.859375
A21: 20 | B21: =C21/202% -> 0 | E21: =SUM(C21:D21)/202% -> 0 | G21: =C21+D21 -> 0 | H21: =C21/202% -> 0
A22: 21 | B22: 150 | E22: =SUM(C22:D22)/202% -> 0 | G22: =C22+D22 -> 0 | H22: =C22/202% -> 0
A23: 22 | B23: 83 | E23: =SUM(C23:D23)/202% -> 0 | G23: =C23+D23 -> 0 | H23: =C23/202% -> 0
A24: 23 | B24: 98 | E24: =SUM(C24:D24)/202% -> 0 | G24: =C24+D24 -> 0 | H24: =C24/202% -> 0
A25: 24 | B25: =C25/202% -> 0 | E25: =SUM(C25:D25)/202% -> 0 | G25: =C25+D25 -> 0 | H25: =C25/202% -> 0 | J25: =151/202 -> 0.74752475
A26: 25 | B26: =C26/202% -> 0 | E26: =SUM(C26:D26)/202% -> 0 | G26: =C26+D26 -> 0 | H26: =C26/202% -> 0 | J26: =151/190 -> 0.79473684
A27: 26 | B27: =C27/202% -> 0 | E27: =SUM(C27:D27)/202% -> 0 | G27: =C27+D27 -> 0 | H27: =C27/202% -> 0
A28: 27 | B28: =C28/202% -> 0 | E28: =SUM(C28:D28)/202% -> 0 | G28: =C28+D28 -> 0 | H28: =C28/202% -> 0
A29: 28 | B29: =C29/202% -> 0 | E29: =SUM(C29:D29)/202% -> 0 | G29: =C29+D29 -> 0 | H29: =C29/202% -> 0
A30: 29 | B30: =C30/202% -> 0 | E30: =SUM(C30:D30)/202% -> 0 | G30: =C30+D30 -> 0 | H30: =C30/202% -> 0
A31: 30 | B31: =C31/202% -> 0 | E31: =SUM(C31:D31)/202% -> 0 | G31: =C31+D31 -> 0 | H31: =C31/202% -> 0
A32: 31 | B32: =C32/202% -> 0 | H32: =C32/202% -> 0
A33: Average | B33: =AVERAGE(B2:B31) -> 30.472277 | C33: =AVERAGE(C2:C31) -> 117.8 | D33: =AVERAGE(D2:D31) -> 27.7 | E33: =AVERAGE(E2:E31) -> 24.009901 | F33: =AVERAGE(F2:F31) -> 449.5 | G33: =AVERAGE(G2:G31) -> 48.5 | H33: =AVERAGE(H2:H31) -> 19.438944

Sheet Water Report
C3: Date | D3: 1 | E3: 2 | F3: 3 | G3: 4 | H3: 5 | I3: 6 | J3: 7 | K3: 8 | L3: 9 | M3: 10 | N3: 11 | O3: 12 | P3: 13 | Q3: 14 | R3: 15 | S3: 16 | T3: 17 | U3: 18 | V3: 19 | W3: 20 | X3: 21 | Y3: 22 | Z3: 23 | AA3: 24 | AB3: 25 | AC3: 26 | AD3: 27 | AE3: 28 | AF3: 29 | AG3: 30 | AH3: 31
C4: occupancy | D4: =Occupancy!B2 -> 69.80198 | E4: =Occupancy!C2 -> 141 | F4: =Occupancy!D2 -> 26 | G4: =Occupancy!E2 -> 82.673267 | H4: =Occupancy!F2 -> 530 | I4: =Occupancy!G2 -> 167 | J4: =Occupancy!H2 -> 69.80198
C5: Tanker | D5: ='1'!G18 -> 80 | E5: ='2'!G18 -> 120 | F5: ='3'!G18 -> 180 | G5: ='4'!G18 -> 140 | H5: ='5'!G18 -> 200 | I5: ='6'!G18 -> 100 | J5: ='7'!G18 -> 160 | K5: ='8'!G18 -> 160 | L5: ='9'!G18 -> 140 | M5: ='10'!G18 -> 140 | N5: ='11'!G18 -> 150 | O5: ='12'!G18 -> 160 | P5: ='13'!G18 -> 180 | Q5: ='14'!G18 -> 160 | R5: ='15'!G18 -> 200 | S5: ='16'!G18 -> 150 | T5: ='17'!G18 -> 160 | U5: ='18 '!G18 -> 140 | V5: ='19'!G18 -> 150 | W5: ='20'!G18 -> 220 | X5: ='21'!G18 -> 190 | Y5: ='22'!G18 -> 200 | Z5: ='23'!G18 -> 160 | AA5: ='24'!G18 -> 160 | AB5: ='25'!G18 -> 160 | AC5: ='26'!G18 -> 170 | AD5: ='27'!G18 -> 200 | AE5: ='28'!G18 -> 200 | AF5: ='29'!G18 -> 180 | AG5: ='30'!G18 -> 190 | AH5: ='31'!G18 -> 140
C6: BMC | D6: ='1'!G19 -> 66 | E6: ='2'!G19 -> 63 | F6: ='3'!G19 -> 61 | G6: ='4'!G19 -> 63 | H6: ='5'!G19 -> 61 | I6: ='6'!G19 -> 63 | J6: ='7'!G19 -> 58 | K6: ='8'!G19 -> 49 | L6: ='9'!G19 -> 60 | M6: ='10'!G19 -> 57 | N6: ='11'!G19 -> 61 | O6: ='12'!G19 -> 63 | P6: ='13'!G19 -> -1860 | Q6: ='14'!G19 -> 63 | R6: ='15'!G19 -> 64 | S6: ='16'!G19 -> 64 | T6: ='17'!G19 -> 66 | U6: ='18 '!G19 -> 60 | V6: ='19'!G19 -> 60 | W6: ='20'!G19 -> 79 | X6: ='21'!G19 -> 63 | Y6: ='22'!G19 -> 65 | Z6: ='23'!G19 -> 66 | AA6: ='24'!G19 -> 64 | AB6: ='25'!G19 -> 62 | AC6: ='26'!G19 -> 56 | AD6: ='27'!G19 -> 60 | AE6: ='28'!G19 -> 60 | AF6: ='29'!G19 -> 62 | AG6: ='30'!G19 -> 59 | AH6: ='31'!G19 -> 62
C7: R.O. Plant Production | D7: ='1'!G93 -> 62 | E7: ='2'!G93 -> 91 | F7: ='3'!G93 -> 102 | G7: ='4'!G93 -> 83 | H7: ='5'!G93 -> 107 | I7: ='6'!G93 -> 70 | J7: ='7'!G93 -> 83 | K7: ='8'!G93 -> 87 | L7: ='9'!G93 -> 96 | M7: ='10'!G93 -> 63 | N7: ='11'!G93 -> 83 | O7: ='12'!G93 -> 105 | P7: ='13'!G93 -> -2821 | Q7: ='14'!G93 -> 83 | R7: ='15'!G93 -> 130 | S7: ='16'!G93 -> 84 | T7: ='17'!G93 -> 79 | U7: ='18 '!G93 -> 103 | V7: ='19'!G93 -> 90 | W7: ='20'!G93 -> 123 | X7: ='21'!G93 -> 129 | Y7: ='22'!G93 -> 106 | Z7: ='23'!G93 -> 64 | AA7: ='24'!G93 -> 76 | AB7: ='25'!G93 -> 73 | AC7: ='26'!G93 -> 108 | AD7: ='27'!G93 -> 146 | AE7: ='28'!G93 -> 114 | AF7: ='29'!G93 -> 112 | AG7: ='30'!G93 -> 109 | AH7: ='31'!G93 -> 60
C8: STP Production | D8: ='1'!G94 -> 163 | E8: ='2'!G94 -> 144 | F8: ='3'!G94 -> 123 | G8: ='4'!G94 -> 192 | H8: ='5'!G94 -> 155 | I8: ='6'!G94 -> 163 | J8: ='7'!G94 -> 100 | K8: ='8'!G94 -> 195 | L8: ='9'!G94 -> 127 | M8: ='10'!G94 -> 157 | N8: ='11'!G94 -> 190 | O8: ='12'!G94 -> 168 | P8: ='13'!G94 -> -4628 | Q8: ='14'!G94 -> 179 | R8: ='15'!G94 -> 168 | S8: ='16'!G94 -> 140 | T8: ='17'!G94 -> 105 | U8: ='18 '!G94 -> 55 | V8: ='19'!G94 -> 188 | W8: ='20'!G94 -> 134 | X8: ='21'!G94 -> 144 | Y8: ='22'!G94 -> 157 | Z8: ='23'!G94 -> 178 | AA8: ='24'!G94 -> 137 | AB8: ='25'!G94 -> 124 | AC8: ='26'!G94 -> 105 | AD8: ='27'!G94 -> 201 | AE8: ='28'!G94 -> 183 | AF8: ='29'!G94 -> 211 | AG8: ='30'!G94 -> 174 | AH8: ='31'!G94 -> 168
B9: Domestic Water | C9: Zone-1 | D9: ='1'!G96 -> 66 | E9: ='2'!G96 -> 84 | F9: ='3'!G96 -> 87 | G9: ='4'!G96 -> 83 | H9: ='5'!G96 -> 67 | I9: ='6'!G96 -> 71 | J9: ='7'!G96 -> 71 | K9: ='8'!G96 -> 69 | L9: ='9'!G96 -> 72 | M9: ='10'!G96 -> 56 | N9: ='11'!G96 -> 64 | O9: ='12'!G96 -> 70 | P9: ='13'!G96 -> -2303 | Q9: ='14'!G96 -> 69 | R9: ='15'!G96 -> 78 | S9: ='16'!G96 -> 67 | T9: ='17'!G96 -> 80 | U9: ='18 '!G96 -> 110 | V9: ='19'!G96 -> 74 | W9: ='20'!G96 -> 111 | X9: ='21'!G96 -> 78 | Y9: ='22'!G96 -> 82 | Z9: ='23'!G96 -> 65 | AA9: ='24'!G96 -> 67 | AB9: ='25'!G96 -> 65 | AC9: ='26'!G96 -> 73 | AD9: ='27'!G96 -> 121 | AE9: ='28'!G96 -> 82 | AF9: ='29'!G96 -> 79 | AG9: ='30'!G96 -> 77 | AH9: ='31'!G96 -> 65
C10: Zone-2 | D10: ='1'!G97 -> 18 | E10: ='2'!G97 -> 21 | F10: ='3'!G97 -> 24 | G10: ='4'!G97 -> 21 | H10: ='5'!G97 -> 27 | I10: ='6'!G97 -> 17 | J10: ='7'!G97 -> 14 | K10: ='8'!G97 -> 20 | L10: ='9'!G97 -> 21 | M10: ='10'!G97 -> 20 | N10: ='11'!G97 -> 29 | O10: ='12'!G97 -> 35 | P10: ='13'!G97 -> -719 | Q10: ='14'!G97 -> 22 | R10: ='15'!G97 -> 38 | S10: ='16'!G97 -> 29 | T10: ='17'!G97 -> 18 | U10: ='18 '!G97 -> 20 | V10: ='19'!G97 -> 26 | W10: ='20'!G97 -> 26 | X10: ='21'!G97 -> 28 | Y10: ='22'!G97 -> 28 | Z10: ='23'!G97 -> 19 | AA10: ='24'!G97 -> 27 | AB10: ='25'!G97 -> 20 | AC10: ='26'!G97 -> 24 | AD10: ='27'!G97 -> 26 | AE10: ='28'!G97 -> 25 | AF10: ='29'!G97 -> 33 | AG10: ='30'!G97 -> 23 | AH10: ='31'!G97 -> 20
C11: Zone-3 | D11: ='1'!G98 -> 24 | E11: ='2'!G98 -> 37 | F11: ='3'!G98 -> 30 | G11: ='4'!G98 -> 29 | H11: ='5'!G98 -> 30 | I11: ='6'!G98 -> 27 | J11: ='7'!G98 -> 38 | K11: ='8'!G98 -> 25 | L11: ='9'!G98 -> 26 | M11: ='10'!G98 -> 26 | N11: ='11'!G98 -> 39 | O11: ='12'!G98 -> 33 | P11: ='13'!G98 -> -908 | Q11: ='14'!G98 -> 36 | R11: ='15'!G98 -> 41 | S11: ='16'!G98 -> 27 | T11: ='17'!G98 -> 24 | U11: ='18 '!G98 -> 24 | V11: ='19'!G98 -> 29 | W11: ='20'!G98 -> 32 | X11: ='21'!G98 -> 33 | Y11: ='22'!G98 -> 33 | Z11: ='23'!G98 -> 23 | AA11: ='24'!G98 -> 20 | AB11: ='25'!G98 -> 27 | AC11: ='26'!G98 -> 31 | AD11: ='27'!G98 -> 37 | AE11: ='28'!G98 -> 35 | AF11: ='29'!G98 -> 39 | AG11: ='30'!G98 -> 31 | AH11: ='31'!G98 -> 22
B13: Flushing Water | C13: Zone-1 | D13: ='1'!G99 -> 11 | E13: ='2'!G99 -> 29 | F13: ='3'!G99 -> 29 | G13: ='4'!G99 -> 32 | H13: ='5'!G99 -> 27 | I13: ='6'!G99 -> 17 | J13: ='7'!G99 -> 31 | K13: ='8'!G99 -> 22 | L13: ='9'!G99 -> 17 | M13: ='10'!G99 -> 50 | N13: ='11'!G99 -> 12 | O13: ='12'!G99 -> 25 | P13: ='13'!G99 -> -852 | Q13: ='14'!G99 -> 11 | R13: ='15'!G99 -> 50 | S13: ='16'!G99 -> 19 | T13: ='17'!G99 -> 36 | U13: ='18 '!G99 -> 46 | V13: ='19'!G99 -> 24 | W13: ='20'!G99 -> 29 | X13: ='21'!G99 -> 13 | Y13: ='22'!G99 -> 41 | Z13: ='23'!G99 -> 44 | AA13: ='24'!G99 -> 52 | AB13: ='25'!G99 -> 27 | AC13: ='26'!G99 -> 43 | AD13: ='27'!G99 -> 23 | AE13: ='28'!G99 -> 41 | AF13: ='29'!G99 -> 10 | AG13: ='30'!G99 -> 32 | AH13: ='31'!G99 -> 9
C14: Zone-2 | D14: ='1'!G115 -> 13 | E14: ='2'!G115 -> 11 | F14: ='3'!G115 -> 13 | G14: ='4'!G115 -> 14 | H14: ='5'!G115 -> 22 | I14: ='6'!G115 -> 12 | J14: ='7'!G115 -> 12 | K14: ='8'!G115 -> 15 | L14: ='9'!G115 -> 20 | M14: ='10'!G115 -> 10 | N14: ='11'!G115 -> 0 | O14: ='12'!G115 -> 30 | P14: ='13'!G115 -> -476 | Q14: ='14'!G115 -> 15 | R14: ='15'!G115 -> 20 | S14: ='16'!G115 -> 13 | T14: ='17'!G115 -> 14 | U14: ='18 '!G115 -> 18 | V14: ='19'!G115 -> 15 | W14: ='20'!G115 -> 21 | X14: ='21'!G115 -> 18 | Y14: ='22'!G115 -> 13 | Z14: ='23'!G115 -> 18 | AA14: ='24'!G115 -> 15 | AB14: ='25'!G115 -> 13 | AC14: ='26'!G115 -> 30 | AD14: ='27'!G115 -> 22 | AE14: ='28'!G115 -> 16 | AF14: ='29'!G115 -> 18 | AG14: ='30'!G115 -> 12 | AH14: ='31'!G115 -> 13
C15: Zone-3 | D15: ='1'!G116 -> 7 | E15: ='2'!G116 -> 13 | F15: ='3'!G116 -> 0 | G15: ='4'!G116 -> 7 | H15: ='5'!G116 -> 11 | I15: ='6'!G116 -> 9 | J15: ='7'!G116 -> 7 | K15: ='8'!G116 -> 6 | L15: ='9'!G116 -> 8 | M15: ='10'!G116 -> 12 | N15: ='11'!G116 -> 7 | O15: ='12'!G116 -> 15 | P15: ='13'!G116 -> -274 | Q15: ='14'!G116 -> 9 | R15: ='15'!G116 -> 13 | S15: ='16'!G116 -> 12 | T15: ='17'!G116 -> 4 | U15: ='18 '!G116 -> 6 | V15: ='19'!G116 -> 8 | W15: ='20'!G116 -> 11 | X15: ='21'!G116 -> 25 | Y15: ='22'!G116 -> 9 | Z15: ='23'!G116 -> 3 | AA15: ='24'!G116 -> 7 | AB15: ='25'!G116 -> 9 | AC15: ='26'!G116 -> 8 | AD15: ='27'!G116 -> 9 | AE15: ='28'!G116 -> 11 | AF15: ='29'!G116 -> 9 | AG15: ='30'!G116 -> 13 | AH15: ='31'!G116 -> 6
B17: Branches ( Domestic water ) | C17: Pool | D17: ='1'!G105 -> 0 | E17: ='2'!G105 -> 0 | F17: ='3'!G105 -> 0 | G17: ='4'!G105 -> 0 | H17: ='5'!G105 -> 0 | I17: ='6'!G105 -> 0 | J17: ='7'!G105 -> 0 | K17: ='8'!G105 -> 0 | L17: ='9'!G105 -> 0 | M17: ='10'!G105 -> 0 | N17: ='11'!G105 -> 0 | O17: ='12'!G105 -> 0 | P17: ='13'!G105 -> -24 | Q17: ='14'!G105 -> 15 | R17: ='15'!G105 -> 0 | S17: ='16'!G105 -> 15 | T17: ='17'!G105 -> 0 | U17: ='18 '!G105 -> 16 | V17: ='19'!G105 -> 0 | W17: ='20'!G105 -> 0 | X17: ='21'!G105 -> 18 | Y17: ='22'!G105 -> 0 | Z17: ='23'!G105 -> 0 | AA17: ='24'!G105 -> 16 | AB17: ='25'!G105 -> 0 | AC17: ='26'!G105 -> 16 | AD17: ='27'!G105 -> 0 | AE17: ='28'!G105 -> 0 | AF17: ='29'!G105 -> 0 | AG17: ='30'!G105 -> 0 | AH17: ='31'!G105 -> 0
C18: B2 Laundry | D18: ='1'!G106 -> 7 | E18: ='2'!G106 -> 9 | F18: ='3'!G106 -> 8 | G18: ='4'!G106 -> 9 | H18: ='5'!G106 -> 6 | I18: ='6'!G106 -> 10 | J18: ='7'!G106 -> 7 | K18: ='8'!G106 -> 6 | L18: ='9'!G106 -> 10 | M18: ='10'!G106 -> 7 | N18: ='11'!G106 -> 7 | O18: ='12'!G106 -> 10 | P18: ='13'!G106 -> 9 | Q18: ='14'!G106 -> 8 | R18: ='15'!G106 -> 11 | S18: ='16'!G106 -> 9 | T18: ='17'!G106 -> 9 | U18: ='18 '!G106 -> 20 | V18: ='19'!G106 -> 8 | W18: ='20'!G106 -> 9 | X18: ='21'!G106 -> 11 | Y18: ='22'!G106 -> 7 | Z18: ='23'!G106 -> 11 | AA18: ='24'!G106 -> 7 | AB18: ='25'!G106 -> 8 | AC18: ='26'!G106 -> 7 | AD18: ='27'!G106 -> 13 | AE18: ='28'!G106 -> 10 | AF18: ='29'!G106 -> 12 | AG18: ='30'!G106 -> 13 | AH18: ='31'!G106 -> 9
C19: Boiler Feed Water | D19: ='1'!G107 -> 10 | E19: ='2'!G107 -> 9 | F19: ='3'!G107 -> 8 | G19: ='4'!G107 -> 8 | H19: ='5'!G107 -> 7 | I19: ='6'!G107 -> 8 | J19: ='7'!G107 -> 8 | K19: ='8'!G107 -> 7 | L19: ='9'!G107 -> 9 | M19: ='10'!G107 -> 6 | N19: ='11'!G107 -> 7 | O19: ='12'!G107 -> 9 | P19: ='13'!G107 -> -247 | Q19: ='14'!G107 -> 11 | R19: ='15'!G107 -> 9 | S19: ='16'!G107 -> 8 | T19: ='17'!G107 -> 6 | U19: ='18 '!G107 -> 10 | V19: ='19'!G107 -> 6 | W19: ='20'!G107 -> 9 | X19: ='21'!G107 -> 8 | Y19: ='22'!G107 -> 9 | Z19: ='23'!G107 -> 7 | AA19: ='24'!G107 -> 10 | AB19: ='25'!G107 -> 8 | AC19: ='26'!G107 -> 10 | AD19: ='27'!G107 -> 7 | AE19: ='28'!G107 -> 11 | AF19: ='29'!G107 -> 7 | AG19: ='30'!G107 -> 8 | AH19: ='31'!G107 -> 7
B21: Branches ( STP Water ) | C21: CT water | D21: ='1'!G110 -> 93 | E21: ='2'!G110 -> 79 | F21: ='3'!G110 -> 50 | G21: ='4'!G110 -> 62 | H21: ='5'!G110 -> 76 | I21: ='6'!G110 -> 66 | J21: ='7'!G110 -> 62 | K21: ='8'!G110 -> 68 | L21: ='9'!G110 -> 72 | M21: ='10'!G110 -> 129 | N21: ='11'!G110 -> 18 | O21: ='12'!G110 -> 57 | P21: ='13'!G110 -> -2186 | Q21: ='14'!G110 -> 71 | R21: ='15'!G110 -> 47 | S21: ='16'!G110 -> 75 | T21: ='17'!G110 -> 74 | U21: ='18 '!G110 -> 49 | V21: ='19'!G110 -> 70 | W21: ='20'!G110 -> 61 | X21: ='21'!G110 -> 85 | Y21: ='22'!G110 -> 83 | Z21: ='23'!G110 -> 77 | AA21: ='24'!G110 -> 75 | AB21: ='25'!G110 -> 73 | AC21: ='26'!G110 -> 99 | AD21: ='27'!G110 -> 76 | AE21: ='28'!G110 -> 101 | AF21: ='29'!G110 -> 83 | AG21: ='30'!G110 -> 76 | AH21: ='31'!G110 -> 79
C22: STP flush | D22: ='1'!G111 -> 0 | E22: ='2'!G111 -> 0 | F22: ='3'!G111 -> 0 | G22: ='4'!G111 -> 0 | H22: ='5'!G111 -> 0 | I22: ='6'!G111 -> 0 | J22: ='7'!G111 -> 0 | K22: ='8'!G111 -> 0 | L22: ='9'!G111 -> 0 | M22: ='10'!G111 -> 0 | N22: ='11'!G111 -> 0 | O22: ='12'!G111 -> 0 | P22: ='13'!G111 -> 0 | Q22: ='14'!G111 -> 0 | R22: ='15'!G111 -> 0 | S22: ='16'!G111 -> 0 | T22: ='17'!G111 -> 0 | U22: ='18 '!G111 -> 0 | V22: ='19'!G111 -> 0 | W22: ='20'!G111 -> 0 | X22: ='21'!G111 -> 0 | Y22: ='22'!G111 -> 0 | Z22: ='23'!G111 -> 0 | AA22: ='24'!G111 -> 0 | AB22: ='25'!G111 -> 0 | AC22: ='26'!G111 -> 0 | AD22: ='27'!G111 -> 0 | AE22: ='28'!G111 -> 0 | AF22: ='29'!G111 -> 0 | AG22: ='30'!G111 -> 0 | AH22: ='31'!G111 -> 0
C23: Garden | D23: ='1'!G112 -> 0 | E23: ='2'!G112 -> 0 | F23: ='3'!G112 -> 5 | G23: ='4'!G112 -> 2 | H23: ='5'!G112 -> 0 | I23: ='6'!G112 -> 4 | J23: ='7'!G112 -> 0 | K23: ='8'!G112 -> 3 | L23: ='9'!G112 -> 2 | M23: ='10'!G112 -> 2 | N23: ='11'!G112 -> 4 | O23: ='12'!G112 -> 5 | P23: ='13'!G112 -> -123 | Q23: ='14'!G112 -> 0 | R23: ='15'!G112 -> 0 | S23: ='16'!G112 -> 2 | T23: ='17'!G112 -> 0 | U23: ='18 '!G112 -> 0 | V23: ='19'!G112 -> 0 | W23: ='20'!G112 -> 74 | X23: ='21'!G112 -> 0 | Y23: ='22'!G112 -> 2 | Z23: ='23'!G112 -> 0 | AA23: ='24'!G112 -> 60 | AB23: ='25'!G112 -> 5 | AC23: ='26'!G112 -> 6 | AD23: ='27'!G112 -> 7 | AE23: ='28'!G112 -> 3 | AF23: ='29'!G112 -> 0 | AG23: ='30'!G112 -> 9 | AH23: ='31'!G112 -> 0
B24: Total Tanke(RO) + BMC | D24: =SUM(D5:D6) -> 146 | E24: =SUM(E5:E6) -> 183 | F24: =SUM(F5:F6) -> 241 | G24: =SUM(G5:G6) -> 203 | H24: =SUM(H5:H6) -> 261 | I24: =SUM(I5:I6) -> 163 | J24: =SUM(J5:J6) -> 218 | K24: =SUM(K5:K6) -> 209 | ... AH24: =SUM(AH5:AH6) -> 202
B25: Domestic consumption | D25: =SUM(D9:D11,D14:D15,) -> 128 | E25: =SUM(E9:E11,E14:E15,) -> 166 | F25: =SUM(F9:F11,F14:F15,) -> 154 | G25: =SUM(G9:G11,G14:G15,) -> 154 | H25: =SUM(H9:H11,H14:H15,) -> 157 | I25: =SUM(I9:I11,I14:I15,) -> 136 | J25: =SUM(J9:J11,J14:J15,) -> 142 | K25: =SUM(K9:K11,K14:K15,) -> 135 | ... AI25: =SUM(AI9:AI11,AI14:AI15,) -> 0
B27: STP +Flush Consumption | D27: =SUM(D13,D21,D23) -> 104 | E27: =SUM(E13,E21,E23) -> 108 | F27: =SUM(F13,F21,F23) -> 84 | G27: =SUM(G13,G21,G23) -> 96 | H27: =SUM(H13,H21,H23) -> 103 | I27: =SUM(I13,I21,I23) -> 87 | J27: =SUM(J13,J21,J23) -> 93 | K27: =SUM(K13,K21,K23) -> 93 | ... AH27: =SUM(AH13,AH21,AH23) -> 88 | AI27: =SUM(AI13) -> 0
B29: BOH | D29: =D9 -> 66 | E29: =E9 -> 84 | F29: =F9 -> 87 | G29: =G9 -> 83 | H29: =H9 -> 67 | I29: =I9 -> 71 | J29: =J9 -> 71 | K29: =K9 -> 69 | ... AH29: =AH9 -> 65
B30: Guest Floor | D30: =SUM(D10:D11,D14:D15) -> 62 | E30: =SUM(E10:E11,E14:E15) -> 82 | F30: =SUM(F10:F11,F14:F15) -> 67 | G30: =SUM(G10:G11,G14:G15) -> 71 | H30: =SUM(H10:H11,H14:H15) -> 90 | I30: =SUM(I10:I11,I14:I15) -> 65 | J30: =SUM(J10:J11,J14:J15) -> 71 | K30: =SUM(K10:K11,K14:K15) -> 66 | ... AH30: =SUM(AH10:AH11,AH14:AH15) -> 61
B31: Guest floor% | D31: =D30/SUM(D29:D30)% -> 48.4375 | E31: =E30/SUM(E29:E30)% -> 49.39759 | F31: =F30/SUM(F29:F30)% -> 43.506494 | G31: =G30/SUM(G29:G30)% -> 46.103896 | H31: =H30/SUM(H29:H30)% -> 57.324841 | I31: =I30/SUM(I29:I30)% -> 47.794118 | J31: =J30/SUM(J29:J30)% -> 50 | K31: =K30/SUM(K29:K30)% -> 48.888889 | ... AH31: =AH30/SUM(AH29:AH30)% -> 48.412698

Sheet Section Load
F2: Transformer -Load | N2: Electrical | AV2: Boiler Running | BB2: diff wrt feeder | BC2: Var%
AN3: Gas consumption | AU3: Boiler Running Hours
B4: HT Kwh | C4: HT Kvah | D4: MGL Gas | E4: Water | F4: HVAC | G4: Fire & Emergency PP | H4: Main PP | I4: Lighting PP | J4: CH-1+ CH2+CH3+CH4 | K4: Chilled water Pump | L4: Ball Room-1 | M4: Ball Room-2 | N4: MK-1 | O4: MK-2 | P4: Prato | Q4: San- Qi Indian | R4: San- Qi Japanese | S4: The club | T4: AER | U4: COLD ROOM'S | V4: Ball Room 1 | W4: Ball Room 2 | X4: B1 Laundry | Y4: B2 Laundry | Z4: STP | AA4: MOCK Up Room | AB4: 27th Floor | AC4: Physic57 | AD4: Pinoor Legal- Power+lighting | AE4: 2nd floor plant room | AF4: 5th Floor | AG4: 5th Floor | AH4: 12th Floor | AI4: 20th Floor | AJ4: 27th Floor | AK4: 34th Floor | AL4: Sanqi | AM4: Cooling Tower | AN4: MGL | AO4: HWG | AP4: Prato | AQ4: BR-1 | AR4: SanQi IND | AS4: SanQi JPN | AT4: Boiler | AU4: HWG | AV4: Boiler1 | AW4: Boiler2 | AX4: Boiler3 (400Kg) | AY4: Total
A5: 44044 | B5: ='1'!G7 -> 24015.41 | C5: ='1'!G8 -> 24099.41 | D5: ='1'!G15 -> 945.49 | E5: ='1'!G20 -> 146 | F5: =SUM('1'!G35,'1'!G49) -> 3258.13 | G5: =SUM('1'!H37,'1'!H51) -> 1523.03 | H5: =SUM('1'!G38,'1'!G52) -> 1668.3 | I5: =SUM('1'!G39,'1'!G53) -> 3713.96 | J5: =SUM('1'!G41,'1'!G42,'1'!G55,'1'!G56) -> 7992 | K5: =SUM('1'!G43,'1'!G57) -> 2885 | L5: ='1'!G50 -> 1444 | M5: ='1'!G36 -> 1101.96 | N5: ='1'!G72 -> 13 | O5: ='1'!$G$73 -> 1 | P5: ='1'!$G$74 -> 4.2 | Q5: ='1'!$G$75 -> 204.3 | R5: ='1'!$G$76 -> 75.7 | S5: ='1'!$G$77 -> 47 | T5: ='1'!$G$78 -> 18 | U5: ='1'!$G$79 -> 166 | V5: ='1'!$G$80 -> 383.56 | W5: ='1'!$G$81 -> 174.8 | X5: ='1'!$G$82 -> 30 | Y5: ='1'!$G$58 -> 215.7 | Z5: ='1'!$G$83 -> 311 | AA5: ='1'!G86 -> 26.2 | AB5: ='1'!G87 -> 28 | AC5: ='1'!G88 -> 0 | AD5: ='1'!G89+'1'!G90 -> 78.4 | AE5: ='1'!$G$62 -> 0 | AF5: ='1'!$G$63 -> 0 | AG5: ='1'!$G$64 -> 452 | AH5: ='1'!$G$65 -> 39 | AI5: ='1'!$G$66 -> 445.9 | AJ5: ='1'!$G$67 -> 447 | AK5: ='1'!$G$68 -> 0 | AL5: ='1'!$G$69 -> 294 | AM5: ='1'!$G$84 -> 740 | AN5: ='1'!$G$15 -> 945.49 | AO5: ='1'!$G$124 -> 265 | AP5: ='1'!$G$125 -> 0 | AQ5: ='1'!$G$126 -> 88.8 | AR5: ='1'!$G$127 -> 44.1 | AS5: ='1'!$G$128 -> 1.9 | AT5: =AN5-SUM(AO5:AS5) -> 545.69 | AU5: =SUM('1'!G140:G141) -> 9.86 | AV5: ='1'!$G$137 -> 10.11 | AW5: ='1'!$G$138 -> 0.02 | AX5: ='1'!$G$139 -> 1.12 | AY5: =SUM(AV5:AX5) -> 11.25 | AZ5: =AO5/AU5 -> 26.876268 | BB5: =C5-SUM(F5:K5,Y5) -> 2843.29 | BC5: =BB5/B5% -> 11.83944
A6: 44045 | B6: ='2'!G7 -> 22864.59 | C6: ='2'!G8 -> 22799.34 | D6: ='2'!G15 -> 861.03 | E6: ='2'!G20 -> 183 | F6: =SUM('2'!G35,'2'!G49) -> 3230.17 | G6: =SUM('2'!G37,'2'!G51) -> 1548.17 | H6: =SUM('2'!G38,'2'!G52) -> 1746.07 | I6: =SUM('2'!G39,'2'!G53) -> 3969.52 | J6: =SUM('2'!G41,'2'!G42,'2'!G55,'2'!G56) -> 6815.14 | K6: =SUM('2'!G43,'2'!G57) -> 2704.9 | L6: ='2'!G50 -> 1424.79 | M6: ='2'!G36 -> 966.12 | N6: ='2'!G72 -> 7 | O6: ='2'!$G$73 -> 0 | P6: ='2'!$G$74 -> 4.3 | Q6: ='2'!$G$75 -> 172 | R6: ='2'!$G$76 -> 67.08 | S6: ='2'!$G$77 -> 57 | T6: ='2'!$G$78 -> 17 | U6: ='2'!$G$79 -> 172 | V6: ='2'!$G$80 -> 398.08 | W6: ='2'!$G$81 -> 112.84 | X6: ='2'!$G$82 -> 25.19 | Y6: ='2'!$G$58 -> 204.15 | Z6: ='2'!$G$83 -> 273 | AA6: ='2'!G86 -> 12.64 | AB6: ='2'!G87 -> 41.6 | AC6: ='2'!G88 -> 0 | AD6: ='2'!G89+'2'!G90 -> 68.2 | AE6: ='2'!$G$62 -> 0 | AF6: ='2'!$G$63 -> 0 | AG6: ='2'!$G$64 -> 394.49 | AH6: ='2'!$G$65 -> 767.35 | AI6: ='2'!$G$66 -> 406.81 | AJ6: ='2'!$G$67 -> 397.23 | AK6: ='2'!$G$68 -> 0 | AL6: ='2'!$G$69 -> 291.94 | AM6: ='2'!$G$84 -> 634 | AN6: ='2'!$G$15 -> 861.03 | AO6: ='2'!$G$124 -> 213.16 | AP6: ='2'!$G$125 -> 0 | AQ6: ='2'!$G$126 -> 85.39 | AR6: ='2'!$G$127 -> 47.2 | AS6: ='2'!$G$128 -> 1.3 | AT6: =AN6-SUM(AO6:AS6) -> 513.98 | AU6: =SUM('2'!G140:G141) -> 8.21 | AV6: ='2'!$G$137 -> 10.42 | AW6: ='2'!$G$138 -> 0 | AX6: ='2'!$G$139 -> 0.33 | AY6: =SUM(AV6:AX6) -> 10.75 | AZ6: =AO6/AU6 -> 25.963459 | BB6: =C6-SUM(F6:K6,Y6) -> 2581.22 | BC6: =BB6/B6% -> 11.289159
A7: 44046 | B7: ='3'!G7 -> 21645.87 | C7: ='3'!G8 -> 21890.56 | D7: ='3'!G15 -> 866.202 | E7: ='3'!G20 -> 241 | F7: =SUM('3'!G35,'3'!G49) -> 2702.48 | G7: =SUM('3'!G37,'3'!G51) -> 1487.28 | H7: =SUM('3'!G38,'3'!G52) -> 1807.5 | I7: =SUM('3'!G39,'3'!G53) -> 3782.84 | J7: =SUM('3'!G41,'3'!G42,'3'!G55,'3'!G56) -> 6081.98 | K7: =SUM('3'!G43,'3'!G57) -> 2608.6 | L7: ='3'!G50 -> 1619.72 | M7: ='3'!G36 -> 664.27 | N7: ='3'!G72 -> 5 | O7: ='3'!$G$73 -> 0 | P7: ='3'!$G$74 -> 4.7 | Q7: ='3'!$G$75 -> 183.35 | R7: ='3'!$G$76 -> 68.36 | S7: ='3'!$G$77 -> 51 | T7: ='3'!$G$78 -> 5 | U7: ='3'!$G$79 -> 177 | V7: ='3'!$G$80 -> 394.16 | W7: ='3'!$G$81 -> 106.08 | X7: ='3'!$G$82 -> 20.12 | Y7: ='3'!$G$58 -> 196.79 | Z7: ='3'!$G$83 -> 309 | AA7: ='3'!G86 -> 276.68 | AB7: ='1'!G87 -> 28 | AC7: ='3'!G88 -> 0 | AD7: ='3'!G89+'3'!G90 -> 71.1 | AE7: ='3'!$G$62 -> 0 | AF7: ='3'!$G$63 -> 0 | AG7: ='3'!$G$64 -> 415.04 | AH7: ='3'!$G$65 -> 377.26 | AI7: ='3'!$G$66 -> 410.08 | AJ7: ='3'!$G$67 -> 423.5 | AK7: ='3'!$G$68 -> 0 | AL7: ='3'!$G$69 -> 289.12 | AM7: ='3'!$G$84 -> 597 | AN7: ='3'!$G$15 -> 866.202 | AO7: ='3'!$G$124 -> 248.07 | AP7: ='3'!$G$125 -> 0 | AQ7: ='3'!$G$126 -> 95.65 | AR7: ='3'!$G$127 -> 49.5 | AS7: ='3'!$G$128 -> 1.2 | AT7: =AN7-SUM(AO7:AS7) -> 471.782 | AU7: =SUM('3'!G140:G141) -> 9.59 | AV7: ='3'!$G$137 -> 7.97 | AW7: ='3'!$G$138 -> 0 | AX7: ='3'!$G$139 -> 0 | AY7: =SUM(AV7:AX7) -> 7.97 | AZ7: =AO7/AU7 -> 25.86757 | BB7: =C7-SUM(F7:K7,Y7) -> 3223.09 | BC7: =BB7/B7% -> 14.890092
A8: 44047 | B8: ='4'!G7 -> 21363 | C8: ='4'!G8 -> 21459.68 | D8: ='4'!G15 -> 821.238 | E8: ='4'!G20 -> 203 | F8: =SUM('4'!G35,'4'!G49) -> 3147.55 | G8: =SUM('4'!G37,'4'!G51) -> 1491.33 | H8: =SUM('4'!G38,'4'!G52) -> 1776.73 | I8: =SUM('4'!G39,'4'!G53) -> 3801.03 | J8: =SUM('4'!G41,'4'!G42,'4'!G55,'4'!G56) -> 6292.56 | K8: =SUM('4'!G43,'4'!G57) -> 2655.6 | L8: ='4'!G50 -> 1085.36 | M8: ='4'!G36 -> 634.54 | N8: ='4'!G72 -> 6 | O8: ='4'!$G$73 -> 1 | P8: ='4'!$G$74 -> 1.2 | Q8: ='4'!$G$75 -> 193.34 | R8: ='4'!$G$76 -> 71.44 | S8: ='4'!$G$77 -> 51 | T8: ='4'!$G$78 -> 47 | U8: ='4'!$G$79 -> 163 | V8: ='4'!$G$80 -> 411 | W8: ='4'!$G$81 -> 134.56 | X8: ='4'!$G$82 -> 19.2 | Y8: ='4'!$G$58 -> 197.35 | Z8: ='4'!$G$83 -> 297 | AA8: ='4'!G86 -> 39.52 | AB8: ='4'!G87 -> 30.2 | AC8: ='4'!G88 -> 0 | AD8: ='4'!G89+'4'!G90 -> 50.5 | AE8: ='4'!$G$62 -> 0 | AF8: ='4'!$G$63 -> 0 | AG8: ='4'!$G$64 -> 385.64 | AH8: ='4'!$G$65 -> 394.92 | AI8: ='4'!$G$66 -> 411.04 | AJ8: ='4'!$G$67 -> 435.78 | AK8: ='4'!$G$68 -> 0 | AL8: ='4'!$G$69 -> 289.12 | AM8: ='4'!$G$84 -> 660 | AN8: ='4'!$G$15 -> 821.238 | AO8: ='4'!$G$124 -> 241.89 | AP8: ='4'!$G$125 -> 0 | AQ8: ='4'!$G$126 -> 91.13 | AR8: ='4'!$G$127 -> 35.2 | AS8: ='4'!$G$128 -> 4.7 | AT8: =AN8-SUM(AO8:AS8) -> 448.318 | AU8: =SUM('4'!G140:G141) -> 9.34 | AV8: ='4'!$G$137 -> 8.69 | AW8: ='4'!$G$138 -> 0 | AX8: ='4'!$G$139 -> 0 | AY8: =SUM(AV8:AX8) -> 8.69 | AZ8: =AO8/AU8 -> 25.898287 | BB8: =C8-SUM(F8:K8,Y8) -> 2097.53 | BC8: =BB8/B8% -> 9.818518
A9: 44048 | B9: ='5'!G7 -> 21236.16 | C9: ='5'!G8 -> 21315.16 | D9: ='5'!G15 -> 851.14 | E9: ='5'!G20 -> 261 | F9: =SUM('5'!G35,'5'!G49) -> 3023.37 | G9: =SUM('5'!G37,'5'!G51) -> 1454.15 | H9: =SUM('5'!G38,'5'!G52) -> 1714.86 | I9: =SUM('5'!G39,'5'!G53) -> 3765.16 | J9: =SUM('5'!G41,'5'!G42,'5'!G55,'5'!G56) -> 6489.18 | K9: =SUM('5'!G43,'5'!G57) -> 2643.4 | L9: ='5'!G50 -> 1139.6 | M9: ='5'!G36 -> 566.8 | N9: ='5'!G72 -> 5 | O9: ='5'!$G$73 -> 0 | P9: ='5'!$G$74 -> 1.2 | Q9: ='5'!$G$75 -> 182.39 | R9: ='5'!$G$76 -> 64.12 | S9: ='5'!$G$77 -> 49 | T9: ='5'!$G$78 -> 84 | U9: ='5'!$G$79 -> 165 | V9: ='5'!$G$80 -> 395.2 | W9: ='5'!$G$81 -> 126.72 | X9: ='5'!$G$82 -> 20.49 | Y9: ='5'!$G$58 -> 184.32 | Z9: ='5'!$G$83 -> 250 | AA9: ='5'!G86 -> 12.88 | AB9: ='5'!G87 -> 10.8 | AC9: ='5'!G88 -> 0 | AD9: ='5'!G89+'5'!G90 -> 65 | AE9: ='5'!$G$62 -> 0 | AF9: ='5'!$G$63 -> 0 | AG9: ='5'!$G$64 -> 412.93 | AH9: ='5'!$G$65 -> 386.88 | AI9: ='5'!$G$66 -> 391.14 | AJ9: ='5'!$G$67 -> 438.34 | AK9: ='5'!$G$68 -> 0 | AL9: ='5'!$G$69 -> 300.57 | AM9: ='5'!$G$84 -> 589 | AN9: ='5'!$G$15 -> 851.14 | AO9: ='5'!$G$124 -> 255.31 | AP9: ='5'!$G$125 -> 0 | AQ9: ='5'!$G$126 -> 94.22 | AR9: ='5'!$G$127 -> 40.9 | AS9: ='5'!$G$128 -> 2.8 | AT9: =AN9-SUM(AO9:AS9) -> 457.91 | AU9: =SUM('5'!G140:G141) -> 9.71 | AV9: ='5'!$G$137 -> 8.42 | AW9: ='5'!$G$138 -> 0 | AX9: ='5'!$G$139 -> 0 | AY9: =SUM(AV9:AX9) -> 8.42 | AZ9: =AO9/AU9 -> 26.293512 | BB9: =C9-SUM(F9:K9,Y9) -> 2040.72 | BC9: =BB9/B9% -> 9.6096469
A10: 44049 | B10: ='6'!G7 -> 21947.44 | C10: ='6'!G8 -> 22055.52 | D10: ='6'!G15 -> 920.32 | E10: ='6'!G20 -> 163 | F10: =SUM('6'!G35,'6'!G49) -> 3085.78 | G10: =SUM('6'!G37,'6'!G51) -> 1828.49 | H10: =SUM('6'!G38,'6'!G52) -> 1659.62 | I10: =SUM('6'!G39,'6'!G53) -> 3883.88 | J10: =SUM('6'!G41,'6'!G42,'6'!G55,'6'!G56) -> 7083.12 | K10: =SUM('6'!G43,'6'!G57) -> 2661.8 | L10: ='6'!G50 -> 956.36 | M10: ='6'!G36 -> 685.98 | N10: ='6'!G72 -> 6 | O10: ='6'!$G$73 -> 0 | P10: ='6'!$G$74 -> 1.1 | Q10: ='6'!$G$75 -> 185.26 | R10: ='6'!$G$76 -> 64.97 | S10: ='6'!$G$77 -> 48 | T10: ='6'!$G$78 -> 138 | U10: ='6'!$G$79 -> 172 | V10: ='6'!$G$80 -> 358 | W10: ='6'!$G$81 -> 117 | X10: ='6'!$G$82 -> 22 | Y10: ='6'!$G$58 -> 202.59 | Z10: ='6'!$G$83 -> 272 | AA10: ='6'!G86 -> 15.08 | AB10: ='6'!G87 -> 35.6 | AC10: ='6'!G88 -> 0 | AD10: ='6'!G89+'6'!G90 -> 75.8 | AE10: ='6'!$G$62 -> 0 | AF10: ='6'!$G$63 -> 4 | AG10: ='6'!$G$64 -> 434.69 | AH10: ='6'!$G$65 -> 390.08 | AI10: ='6'!$G$66 -> 402.57 | AJ10: ='6'!$G$67 -> 457.32 | AK10: ='6'!$G$68 -> 0 | AL10: ='6'!$G$69 -> 296.87 | AM10: ='6'!$G$84 -> 601 | AN10: ='6'!$G$15 -> 920.32 | AO10: ='6'!$G$124 -> 286.57 | AP10: ='6'!$G$125 -> 0 | AQ10: ='6'!$G$126 -> 95.09 | AR10: ='6'!$G$127 -> 35.5 | AS10: ='6'!$G$128 -> 1 | AT10: =AN10-SUM(AO10:AS10) -> 502.16 | AU10: =SUM('6'!G140:G141) -> 10.43 | AV10: ='6'!$G$137 -> 9.44 | AW10: ='6'!$G$138 -> 0 | AX10: ='6'!$G$139 -> 0 | AY10: =SUM(AV10:AX10) -> 9.44 | AZ10: =AO10/AU10 -> 27.475551 | BB10: =C10-SUM(F10:K10,Y10) -> 1650.24 | BC10: =BB10/B10% -> 7.5190546
A11: 44050 | B11: ='7'!G7 -> 20386.44 | C11: ='7'!G8 -> 20481.92 | D11: ='7'!G15 -> 856.76 | E11: ='7'!G20 -> 218 | F11: =SUM('7'!G35,'7'!G49) -> 4524.89 | G11: =SUM('7'!G37,'7'!G51) -> 1681.05 | H11: =SUM('7'!G38,'7'!G52) -> 1663.89 | I11: =SUM('7'!G39,'7'!G53) -> 3792.29 | J11: =SUM('7'!G41,'7'!G42,'7'!G55,'7'!G56) -> 5975 | K11: =SUM('7'!G43,'7'!G57) -> 2465.8 | L11: ='7'!G50 -> 928.56 | M11: ='7'!G36 -> 590.48 | N11: ='7'!G72 -> 5 | O11: ='7'!$G$73 -> 1 | P11: ='7'!$G$74 -> 1.3 | Q11: ='7'!$G$75 -> 171.42 | R11: ='7'!$G$76 -> 64.11 | S11: ='7'!$G$77 -> 59 | T11: ='7'!$G$78 -> 136 | U11: ='7'!$G$79 -> 176 | V11: ='7'!$G$80 -> 396 | W11: ='7'!$G$81 -> 126 | X11: ='7'!$G$82 -> 26 | Y11: ='7'!$G$58 -> 202.74 | Z11: ='7'!$G$83 -> 235 | AA11: ='7'!G86 -> 13 | AB11: ='7'!G87 -> 36.2 | AC11: ='7'!G88 -> 0 | AD11: ='7'!G89+'7'!G90 -> 77.3 | AE11: ='7'!$G$62 -> 0 | AF11: ='7'!$G$63 -> 8.36 | AG11: ='7'!$G$64 -> 406.08 | AH11: ='7'!$G$65 -> 375.98 | AI11: ='7'!$G$66 -> 383.61 | AJ11: ='7'!$G$67 -> 461.8 | AK11: ='7'!$G$68 -> 0 | AL11: ='7'!$G$69 -> 298.17 | AM11: ='7'!$G$84 -> 607 | AN11: ='7'!$G$15 -> 856.76 | AO11: ='7'!$G$124 -> 234.16 | AP11: ='7'!$G$125 -> -0.4 | AQ11: ='7'!$G$126 -> 85.46 | AR11: ='7'!$G$127 -> 51.4 | AS11: ='7'!$G$128 -> 1.2 | AT11: =AN11-SUM(AO11:AS11) -> 484.94 | AU11: =SUM('7'!G140:G141) -> 8.76 | AV11: ='7'!$G$137 -> 8.99 | AW11: ='7'!$G$138 -> 0 | AX11: ='7'!$G$139 -> 0 | AY11: =SUM(AV11:AX11) -> 8.99 | AZ11: =AO11/AU11 -> 26.730594 | BB11: =C11-SUM(F11:K11,Y11) -> 176.26 | BC11: =BB11/B11% -> 0.86459431
A12: 44051 | B12: ='8'!G7 -> 22222.52 | C12: ='8'!G8 -> 22311.4 | D12: ='8'!G15 -> 851.33 | E12: ='8'!G20 -> 209 | F12: =SUM('8'!G35,'8'!G49) -> 4765.96 | G12: =SUM('8'!G37,'8'!G51) -> 1742.43 | H12: =SUM('8'!G38,'8'!G52) -> 1706.96 | I12: =SUM('8'!G39,'8'!G53) -> 3944.41 | J12: =SUM('8'!G41,'8'!G42,'8'!G55,'8'!G56) -> 7061.62 | K12: =SUM('8'!G43,'8'!G57) -> 2588.6 | L12: ='8'!G50 -> 948.28 | M12: ='8'!G36 -> 730.86 | N12: ='8'!G72 -> 6 | O12: ='8'!$G$73 -> 0 | P12: ='8'!$G$74 -> 1.3 | Q12: ='8'!$G$75 -> 158.42 | R12: ='8'!$G$76 -> 64.9 | S12: ='8'!$G$77 -> 64 | T12: ='8'!$G$78 -> 192 | U12: ='8'!$G$79 -> 171 | V12: ='8'!$G$80 -> 388 | W12: ='8'!$G$81 -> 106.6 | X12: ='8'!$G$82 -> 19.16 | Y12: ='8'!$G$58 -> 217.67 | Z12: ='8'!$G$83 -> 310 | AA12: ='8'!G86 -> 13.68 | AB12: ='8'!G87 -> 37.1 | AC12: ='8'!G88 -> 0 | AD12: ='8'!G89+'8'!G90 -> 77.8 | AE12: ='8'!$G$62 -> 0 | AF12: ='8'!$G$63 -> 8.5 | AG12: ='8'!$G$64 -> 410.42 | AH12: ='8'!$G$65 -> 368.5 | AI12: ='8'!$G$66 -> 386.82 | AJ12: ='8'!$G$67 -> 534.24 | AK12: ='8'!$G$68 -> 0 | AL12: ='8'!$G$69 -> 314.35 | AM12: ='8'!$G$84 -> 637 | AN12: ='8'!$G$15 -> 851.33 | AO12: ='8'!$G$124 -> 222.19 | AP12: ='8'!$G$125 -> 0.4 | AQ12: ='8'!$G$126 -> 91.18 | AR12: ='8'!$G$127 -> 46.2 | AS12: ='8'!$G$128 -> 1.6 | AT12: =AN12-SUM(AO12:AS12) -> 489.76 | AU12: =SUM('8'!G140:G141) -> 8.24 | AV12: ='8'!$G$137 -> 9.02 | AW12: ='8'!$G$138 -> 0 | AX12: ='8'!$G$139 -> 0 | AY12: =SUM(AV12:AX12) -> 9.02 | BB12: =C12-SUM(F12:K12,Y12) -> 283.75 | BC12: =BB12/B12% -> 1.2768579
A13: 44052 | B13: ='9'!G7 -> 21877.57 | C13: ='9'!G8 -> 21965.01 | D13: ='9'!G15 -> 851.49 | E13: ='9'!G20 -> 200 | F13: =SUM('9'!G35,'9'!G49) -> 4824.67 | G13: =SUM('9'!G37,'9'!G51) -> 1716.07 | H13: =SUM('9'!G38,'9'!G52) -> 1626.07 | I13: =SUM('9'!G39,'9'!G53) -> 3960.91 | J13: =SUM('9'!G41,'9'!G42,'9'!G55,'9'!G56) -> 6865.62 | K13: =SUM('9'!G43,'9'!G57) -> 2589.3 | L13: ='9'!G50 -> 930.33 | M13: ='9'!G36 -> 618.99 | N13: ='9'!G72 -> 5 | O13: ='9'!$G$73 -> 0 | P13: ='9'!$G$74 -> 0.7 | Q13: ='9'!$G$75 -> 213.52 | R13: ='9'!$G$76 -> 64.32 | S13: ='9'!$G$77 -> 47 | T13: ='9'!$G$78 -> 186 | U13: ='9'!$G$79 -> 169 | V13: ='9'!$G$80 -> 359 | W13: ='9'!$G$81 -> 134.4 | X13: ='9'!$G$82 -> 22.84 | Y13: ='9'!$G$58 -> 235.69 | Z13: ='9'!$G$83 -> 247 | AA13: ='9'!G86 -> 27.32 | AB13: ='9'!G87 -> 28.7 | AC13: ='9'!G88 -> 0 | AD13: ='9'!G89+'9'!H90 -> 93.4 | AE13: ='9'!$G$62 -> 0 | AF13: ='9'!$G$63 -> 9.94 | AG13: ='9'!$G$64 -> 426.71 | AH13: ='9'!$G$65 -> 362.03 | AI13: ='9'!$G$66 -> 394.03 | AJ13: ='9'!$G$67 -> 519.79 | AK13: ='9'!$G$68 -> 0 | AL13: ='9'!$G$69 -> 308.86 | AM13: ='9'!$G$84 -> 748 | AN13: ='9'!$G$15 -> 851.49 | AO13: ='9'!$G$124 -> 233.65 | AP13: ='9'!$G$125 -> 0 | AQ13: ='9'!$G$126 -> 72.08 | AR13: ='9'!$G$127 -> 34 | AS13: ='9'!$G$128 -> 1.3 | AT13: =AN13-SUM(AO13:AS13) -> 510.46 | AU13: =SUM('9'!G140:G141) -> 8.69 | AV13: ='9'!$G$137 -> 9.51 | AW13: ='9'!$G$138 -> 0 | AX13: ='9'!$G$139 -> 0.05 | AY13: =SUM(AV13:AX13) -> 9.56 | BB13: =C13-SUM(F13:K13,Y13) -> 146.68 | BC13: =BB13/B13% -> 0.67045837
A14: 44053 | B14: ='10'!G7 -> 21347 | C14: ='10'!G8 -> 21417 | D14: ='10'!G15 -> 796 | E14: ='10'!G20 -> 197 | F14: =SUM('10'!G35,'10'!G49) -> 4554 | G14: =SUM('10'!G37,'10'!G51) -> 1638 | H14: =SUM('10'!G38,'10'!G52) -> 1688 | I14: =SUM('10'!G39,'10'!G53) -> 3934 | J14: =SUM('10'!G41,'10'!G42,'10'!G55,'10'!G56) -> 6866 | K14: =SUM('10'!G43,'10'!G57) -> 2556 | L14: ='10'!G50 -> 920 | M14: ='10'!G36 -> 524 | N14: ='10'!G72 -> 6 | O14: ='10'!$G$73 -> 1 | P14: ='10'!$G$74 -> 1 | Q14: ='10'!$G$75 -> 123 | R14: ='10'!$G$76 -> 68 | S14: ='10'!$G$77 -> 55 | T14: ='10'!$G$78 -> 183 | U14: ='10'!$G$79 -> 168 | V14: ='10'!$G$80 -> 336 | W14: ='10'!$G$81 -> 121 | X14: ='10'!$G$82 -> 20 | Y14: ='10'!$G$58 -> 169 | Z14: ='10'!$G$83 -> 302 | AA14: ='10'!G86 -> 38 | AB14: ='10'!G87 -> 16 | AC14: ='10'!G88 -> 0 | AD14: ='10'!G87+'10'!H90 -> 32.7 | AE14: ='10'!$G$62 -> 0 | AF14: ='10'!$G$63 -> 10.2 | AG14: ='10'!$G$64 -> 398 | AH14: ='10'!$G$65 -> 393 | AI14: ='10'!$G$66 -> 408 | AJ14: ='10'!$G$67 -> 516 | AK14: ='10'!$G$68 -> 167 | AL14: ='10'!$G$69 -> 307 | AM14: ='10'!$G$84 -> 689 | AN14: ='10'!$G$15 -> 796 | AO14: ='10'!$G$124 -> 229 | AP14: ='10'!$G$125 -> 0 | AQ14: ='10'!$G$126 -> 90 | AR14: ='10'!$G$127 -> 36 | AS14: ='10'!$G$128 -> 2 | AT14: =AN14-SUM(AO14:AS14) -> 439 | AU14: =SUM('10'!G140:G141) -> 8.59 | AV14: ='10'!$G$137 -> 8.39 | AW14: ='10'!$G$138 -> 0 | AX14: ='10'!$G$139 -> 0 | AY14: =SUM(AV14:AX14) -> 8.39 | BB14: =C14-SUM(F14:K14,Y14) -> 12 | BC14: =BB14/B14% -> 0.056213988
A15: 44054 | B15: ='11'!G7 -> 21343 | C15: ='11'!G8 -> 21441 | D15: ='11'!G15 -> 881 | E15: ='11'!G20 -> 211 | F15: =SUM('11'!G35,'11'!G49) -> 4510 | G15: =SUM('11'!G37,'11'!G51) -> 1694 | H15: =SUM('11'!G38,'11'!G52) -> 1618 | I15: =SUM('11'!G39,'11'!G53) -> 3836 | J15: =SUM('11'!G41,'11'!G42,'11'!G55,'11'!G56) -> 6766 | K15: =SUM('11'!G43,'11'!G57) -> 2593 | L15: ='11'!G50 -> 997 | M15: ='11'!G36 -> 553 | N15: ='11'!G72 -> 5 | O15: ='11'!$G$73 -> 0 | P15: ='11'!$G$74 -> 0 | Q15: ='11'!$G$75 -> 197 | R15: ='11'!$G$76 -> 81 | S15: ='11'!$G$77 -> 49 | T15: ='11'!$G$78 -> 163 | U15: ='11'!$G$79 -> 171 | V15: ='11'!$G$80 -> 414 | W15: ='11'!$G$81 -> 145 | X15: ='11'!$G$82 -> 22 | Y15: ='11'!$G$58 -> 186 | Z15: ='11'!$G$83 -> 240 | AA15: ='11'!G86 -> 42 | AB15: ='11'!G87 -> 14 | AC15: ='11'!G88 -> 0 | AD15: ='11'!G87+'11'!H90 -> 18 | AE15: ='11'!$G$62 -> 0 | AF15: ='11'!$G$63 -> 10 | AG15: ='11'!$G$64 -> 391 | AH15: ='11'!$G$65 -> 384 | AI15: ='11'!$G$66 -> 404 | AJ15: ='11'!$G$67 -> 498 | AK15: ='11'!$G$68 -> 114 | AL15: ='11'!$G$69 -> 300 | AM15: ='11'!$G$84 -> 712 | AN15: ='11'!$G$15 -> 881 | AO15: ='11'!$G$124 -> 270 | AP15: ='11'!$G$125 -> 0 | AQ15: ='11'!$G$126 -> 76 | AR15: ='11'!$G$127 -> 47 | AS15: ='11'!$G$128 -> 2 | AT15: =AN15-SUM(AO15:AS15) -> 486 | AU15: =SUM('11'!G140:G141) -> 10.06 | AV15: ='11'!$G$137 -> 8.43 | AW15: ='11'!$G$138 -> 0 | AX15: ='11'!$G$139 -> -0.05 | AY15: =SUM(AV15:AX15) -> 8.38 | BB15: =C15-SUM(F15:K15,Y15) -> 238 | BC15: =BB15/B15% -> 1.1151197
A16: 44055 | B16: ='12'!G7 -> 22295.67 | C16: ='12'!G8 -> 22425.27 | D16: ='12'!G15 -> 916.831 | E16: ='12'!G20 -> 223 | F16: =SUM('12'!G35,'12'!G49) -> 4641.63 | G16: =SUM('12'!G37,'12'!G51) -> 1706.59 | H16: =SUM('12'!G38,'12'!G52) -> 1663.35 | I16: =SUM('12'!G39,'12'!G53) -> 3783.25 | J16: =SUM('12'!G41,'12'!G42,'12'!G55,'12'!G56) -> 6958.98 | K16: =SUM('12'!G43,'12'!G57) -> 2648 | L16: ='12'!G50 -> 1184.99 | M16: ='12'!G36 -> 713.6 | N16: ='12'!G72 -> 6 | O16: ='12'!$G$73 -> 0 | P16: ='12'!$G$74 -> 0 | Q16: ='12'!$G$75 -> 138.18 | R16: ='12'!$G$76 -> 54.92 | S16: ='12'!$G$77 -> 45 | T16: ='12'!$G$78 -> 109 | U16: ='12'!$G$79 -> 155 | V16: ='12'!$G$80 -> 405.44 | W16: ='12'!$G$81 -> 163.52 | X16: ='12'!$G$82 -> 28.9 | Y16: ='12'!$G$58 -> 195.98 | Z16: ='12'!$G$83 -> 276 | AA16: ='12'!G86 -> 40.04 | AB16: ='12'!G87 -> 6.6 | AC16: ='12'!G88 -> 0 | AD16: ='12'!G87+'12'!H90 -> 11.2 | AE16: ='12'!$G$62 -> 0 | AF16: ='12'!$G$63 -> 0 | AG16: ='12'!$G$64 -> 365.25 | AH16: ='12'!$G$65 -> 361.75 | AI16: ='12'!$G$66 -> 406.78 | AJ16: ='12'!$G$67 -> 470.33 | AK16: ='12'!$G$68 -> 287.26 | AL16: ='12'!$G$69 -> 303.11 | AM16: ='12'!$G$84 -> 670 | AN16: ='12'!$G$15 -> 916.831 | AO16: ='12'!$G$124 -> 282.02 | AP16: ='12'!$G$125 -> -0.4 | AQ16: ='12'!$G$126 -> 85.09 | AR16: ='12'!$G$127 -> 43.6 | AS16: ='12'!$G$128 -> 3.5 | AT16: =AN16-SUM(AO16:AS16) -> 503.021 | AU16: =SUM('12'!G140:G141) -> 10.28 | AV16: ='12'!$G$137 -> 9.19 | AW16: ='12'!$G$138 -> 0 | AX16: ='12'!$G$139 -> 0.05 | AY16: =SUM(AV16:AX16) -> 9.24 | BA16: =AO16-AQ16 -> 196.93 | BB16: =C16-SUM(F16:K16,Y16) -> 827.49 | BC16: =BB16/B16% -> 3.7114381
A17: 44056 | B17: ='13'!G7 -> 338615.33 | C17: ='13'!G8 -> 22500 | D17: ='13'!G15 -> -26251.831 | E17: ='13'!G20 -> -1680 | F17: =SUM('13'!G35,'13'!G49) -> 305211.37 | G17: =SUM('13'!G37,'13'!G51) -> 368339.28 | H17: =SUM('13'!G38,'13'!G52) -> 785104.72 | I17: =SUM('13'!G39,'13'!G53) -> 953761.75 | J17: =SUM('13'!G41,'13'!G42,'13'!G55,'13'!G56) -> -199304.98 | K17: =SUM('13'!G43,'13'!G57) -> -79754.67 | L17: ='13'!G50 -> -35955.99 | M17: ='13'!G36 -> 46200 | N17: ='13'!G72 -> -315 | O17: ='13'!$G$73 -> -26 | P17: ='13'!$G$74 -> -32 | Q17: ='13'!$G$75 -> -5295.48 | R17: ='13'!$G$76 -> -1972.82 | S17: ='13'!$G$77 -> -1620 | T17: ='13'!$G$78 -> -3320 | U17: ='13'!$G$79 -> -4874 | V17: ='13'!$G$80 -> -11745.44 | W17: ='13'!$G$81 -> -4538.52 | X17: ='13'!$G$82 -> 109528.1 | Y17: ='13'!$G$58 -> -6058.18 | Z17: ='13'!$G$83 -> -8582 | AA17: ='13'!G86 -> -765.04 | AB17: ='13'!G87 -> -871.6 | AC17: ='13'!G88 -> 0 | AD17: ='13'!G87+'13'!H90 -> -1044.2 | AE17: ='13'!$G$62 -> 0 | AF17: ='13'!$G$63 -> -51 | AG17: ='13'!$G$64 -> -12251.25 | AH17: ='13'!$G$65 -> -11835.75 | AI17: ='13'!$G$66 -> -12246.78 | AJ17: ='13'!$G$67 -> -14138.33 | AK17: ='13'!$G$68 -> -568.26 | AL17: ='13'!$G$69 -> -9277.11 | AM17: ='13'!$G$84 -> -20910 | AN17: ='13'!$G$15 -> -26251.831 | AO17: ='13'!$G$124 -> -7885.02 | AP17: ='13'!$G$125 -> 0 | AQ17: ='13'!$G$126 -> -2686.09 | AR17: ='13'!$G$127 -> -1282.6 | AS17: ='13'!$G$128 -> -67.5 | AT17: =AN17-SUM(AO17:AS17) -> -14330.621 | AU17: =SUM('13'!G140:G141) -> -300.15 | AV17: ='13'!$G$137 -> -254.18 | AW17: ='13'!$G$138 -> -9.9 | AX17: ='13'!$G$139 -> -7.85 | AY17: =SUM(AV17:AX17) -> -271.93 | BA17: =AO17-AT17 -> 6445.601 | BB17: =C17-SUM(F17:K17,Y17) -> -2104799.3 | BC17: =BB17/B17% -> -621.59008
A18: 44057 | B18: ='14'!G7 -> 20799 | C18: ='14'!G8 -> 22500 | D18: ='14'!G15 -> 1092 | E18: ='14'!G20 -> 223 | F18: =SUM('14'!G35,'14'!G49) -> 3064 | G18: =SUM('14'!G37,'14'!G51) -> 1554 | H18: =SUM('14'!G38,'14'!G52) -> 1717 | I18: =SUM('14'!G39,'14'!G53) -> 3673.59 | J18: =SUM('14'!G41,'14'!G42,'14'!G55,'14'!G56) -> 6022 | K18: =SUM('14'!G43,'14'!G57) -> 2490 | L18: ='14'!G50 -> 986 | M18: ='14'!G36 -> 633.4 | N18: ='14'!G72 -> 12 | O18: ='14'!$G$73 -> 1 | P18: ='14'!$G$74 -> 72 | Q18: ='14'!$G$75 -> 176.8 | R18: ='14'!$G$76 -> 51.9 | S18: ='14'!$G$77 -> 51 | T18: ='14'!$G$78 -> 83 | U18: ='14'!$G$79 -> 166 | V18: ='14'!$G$80 -> 414 | W18: ='14'!$G$81 -> 172 | X18: ='14'!$G$82 -> 21 | Y18: ='14'!$G$58 -> 197.9 | Z18: ='14'!$G$83 -> 297 | AA18: ='14'!G86 -> 8 | AB18: ='14'!G87 -> 24 | AC18: ='14'!G88 -> 0 | AD18: ='14'!G87+'14'!H90 -> 25 | AE18: ='14'!$G$62 -> 0 | AF18: ='14'!$G$63 -> 0 | AG18: ='14'!$G$64 -> 359 | AH18: ='14'!$G$65 -> 26 | AI18: ='14'!$G$66 -> 408 | AJ18: ='14'!$G$67 -> 466 | AK18: ='14'!$G$68 -> 0 | AL18: ='14'!$G$69 -> 303 | AM18: ='14'!$G$84 -> 807 | AN18: ='14'!$G$15 -> 1092 | AO18: ='14'!$G$124 -> 271 | AP18: ='14'!$G$125 -> 0.4 | AQ18: ='14'!$G$126 -> 110 | AR18: ='14'!$G$127 -> 47 | AS18: ='14'!$G$128 -> 4 | AT18: =AN18-SUM(AO18:AS18) -> 659.6 | AU18: =SUM('14'!G140:G141) -> 9.89 | AV18: ='14'!$G$137 -> 0 | AW18: ='14'!$G$138 -> 9.9 | AX18: ='14'!$G$139 -> 5.35 | AY18: =SUM(AV18:AX18) -> 15.25 | BA18: =AO18-AT18 -> -388.6 | BB18: =C18-SUM(F18:K18,Y18) -> 3781.51 | BC18: =BB18/B18% -> 18.181211
A19: 44058 | B19: ='15'!G7 -> 22756 | C19: ='15'!G8 -> 22500 | D19: ='15'!G15 -> 920 | E19: ='15'!G20 -> 264 | F19: =SUM('15'!G35,'15'!G49) -> 2975 | G19: =SUM('15'!G37,'15'!G51) -> 1554 | H19: =SUM('15'!G38,'15'!G52) -> 1841.93 | I19: =SUM('15'!G39,'15'!G53) -> 3671.41 | J19: =SUM('15'!G41,'15'!G42,'15'!G55,'15'!G56) -> 6209 | K19: =SUM('15'!G43,'15'!G57) -> 2580 | L19: ='15'!G50 -> 1206 | M19: ='15'!G36 -> 823 | N19: ='15'!G72 -> 10 | O19: ='15'!$G$73 -> 1 | P19: ='15'!$G$74 -> 1 | Q19: ='15'!$G$75 -> 179 | R19: ='15'!$G$76 -> 47 | S19: ='15'!$G$77 -> 44 | T19: ='15'!$G$78 -> 75 | U19: ='15'!$G$79 -> 154 | V19: ='15'!$G$80 -> 424 | W19: ='15'!$G$81 -> 210 | X19: ='15'!$G$82 -> 13 | Y19: ='15'!$G$58 -> 212.3 | Z19: ='15'!$G$83 -> 390 | AA19: ='15'!G86 -> 8 | AB19: ='15'!G87 -> 26 | AC19: ='15'!G88 -> 0 | AD19: ='15'!G87+'15'!H90 -> 27 | AE19: ='15'!$G$62 -> 0.18 | AF19: ='15'!$G$63 -> 0 | AG19: ='15'!$G$64 -> 362 | AH19: ='15'!$G$65 -> 777 | AI19: ='15'!$G$66 -> 404 | AJ19: ='15'!$G$67 -> 444 | AK19: ='15'!$G$68 -> 0 | AL19: ='15'!$G$69 -> 292 | AM19: ='15'!$G$84 -> 837 | AN19: ='15'!$G$15 -> 920 | AO19: ='15'!$G$124 -> 304 | AP19: ='15'!$G$125 -> 0 | AQ19: ='15'!$G$126 -> 86 | AR19: ='15'!$G$127 -> 57 | AS19: ='15'!$G$128 -> 3 | AT19: =AN19-SUM(AO19:AS19) -> 470 | AU19: =SUM('15'!G140:G141) -> 11.22 | AV19: ='15'!$G$137 -> 8.63 | AW19: ='15'!$G$138 -> 0 | AX19: ='15'!$G$139 -> 0 | AY19: =SUM(AV19:AX19) -> 8.63 | BA19: =AO19-AT19 -> -166 | BB19: =C19-SUM(F19:K19,Y19) -> 3456.36 | BC19: =BB19/B19% -> 15.188785
A20: 44059 | B20: ='16'!G7 -> 21722 | C20: ='16'!G8 -> 22500 | D20: ='16'!G15 -> 896.097 | E20: ='16'!G20 -> 214 | F20: =SUM('16'!G35,'16'!G49) -> 3248.3 | G20: =SUM('16'!G37,'16'!G51) -> 1612 | H20: =SUM('16'!G38,'16'!G52) -> 1690.07 | I20: =SUM('16'!G39,'16'!G53) -> 3911.59 | J20: =SUM('16'!G41,'16'!G42,'16'!G55,'16'!G56) -> 6647 | K20: =SUM('16'!G43,'16'!G57) -> 2740 | L20: ='16'!G50 -> 1437 | M20: ='16'!G36 -> 663 | N20: ='16'!G72 -> 16 | O20: ='16'!$G$73 -> 2 | P20: ='16'!$G$74 -> 1.6 | Q20: ='16'!$G$75 -> 160.9 | R20: ='16'!$G$76 -> 51.3 | S20: ='16'!$G$77 -> 48 | T20: ='16'!$G$78 -> 65 | U20: ='16'!$G$79 -> 164 | V20: ='16'!$G$80 -> 477.92 | W20: ='16'!$G$81 -> 168.64 | X20: ='16'!$G$82 -> 26 | Y20: ='16'!$G$58 -> 216.3 | Z20: ='16'!$G$83 -> 351 | AA20: ='16'!G86 -> 12.84 | AB20: ='16'!G87 -> 36.6 | AC20: ='16'!G88 -> 0 | AD20: ='16'!G87+'16'!H90 -> 40.8 | AE20: ='16'!$G$62 -> 0 | AF20: ='16'!$G$63 -> 0 | AG20: ='16'!$G$64 -> 383 | AH20: ='16'!$G$65 -> 459 | AI20: ='16'!$G$66 -> 439.4 | AJ20: ='16'!$G$67 -> 468 | AK20: ='16'!$G$68 -> 0 | AL20: ='16'!$G$69 -> 298 | AM20: ='16'!$G$84 -> 837 | AN20: ='16'!$G$15 -> 896.097 | AO20: ='16'!$G$124 -> 250.46 | AP20: ='16'!$G$125 -> 0 | AQ20: ='16'!$G$126 -> 75.5 | AR20: ='16'!$G$127 -> 40.3 | AS20: ='16'!$G$128 -> 0.7 | AT20: =AN20-SUM(AO20:AS20) -> 529.137 | AU20: =SUM('16'!G140:G141) -> 9.54 | AV20: ='16'!$G$137 -> 9.86 | AW20: ='16'!$G$138 -> 0 | AX20: ='16'!$G$139 -> 0 | AY20: =SUM(AV20:AX20) -> 9.86 | BA20: =AO20-AT20 -> -278.677 | BB20: =C20-SUM(F20:K20,Y20) -> 2434.74 | BC20: =BB20/B20% -> 11.208636
A21: 44060 | B21: ='17'!G7 -> 20791 | C21: ='17'!G8 -> 22500 | D21: ='17'!G15 -> 813.512 | E21: ='17'!G20 -> 226 | F21: =SUM('17'!G35,'17'!G49) -> 3008 | G21: =SUM('17'!G37,'17'!G51) -> 1496 | H21: =SUM('17'!G38,'17'!G52) -> 1715 | I21: =SUM('17'!G39,'17'!G53) -> 3719.4 | J21: =SUM('17'!G41,'17'!G42,'17'!G55,'17'!G56) -> 5807 | K21: =SUM('17'!G43,'17'!G57) -> 2430 | L21: ='17'!G50 -> 1453 | M21: ='17'!G36 -> 632.5 | N21: ='18 '!G72 -> 14 | O21: ='17'!$G$73 -> 1 | P21: ='17'!$G$74 -> 1.4 | Q21: ='17'!$G$75 -> 176.2 | R21: ='17'!$G$76 -> 56.3 | S21: ='17'!$G$77 -> 55 | T21: ='17'!$G$78 -> 64 | U21: ='17'!$G$79 -> 154 | V21: ='17'!$G$80 -> 305.44 | W21: ='17'!$G$81 -> 161.4 | X21: ='17'!$G$82 -> 14 | Y21: ='17'!$G$58 -> 196.2 | Z21: ='17'!$G$83 -> 284 | AA21: ='17'!G86 -> 8.4 | AB21: ='17'!G87 -> 32.9 | AC21: ='17'!G88 -> 0 | AD21: ='17'!G87+'17'!H90 -> 39.2 | AE21: ='17'!$G$62 -> -0.18 | AF21: ='17'!$G$63 -> 0 | AG21: ='17'!$G$64 -> 432 | AH21: ='17'!$G$65 -> 423 | AI21: ='17'!$G$66 -> 418.4 | AJ21: ='17'!$G$67 -> 422 | AK21: ='17'!$G$68 -> 0 | AL21: ='17'!$G$69 -> 303 | AM21: ='17'!$G$84 -> 679 | AN21: ='17'!$G$15 -> 813.512 | AO21: ='17'!$G$124 -> 296.09 | AP21: ='17'!$G$125 -> 0 | AQ21: ='17'!$G$126 -> 76.78 | AR21: ='17'!$G$127 -> 39.9 | AS21: ='17'!$G$128 -> 0.7 | AT21: =AN21-SUM(AO21:AS21) -> 400.042 | AU21: =SUM('17'!G140:G141) -> 11.41 | AV21: ='17'!$G$137 -> 7.64 | AW21: ='17'!$G$138 -> 0 | AX21: ='17'!$G$139 -> 0 | AY21: =SUM(AV21:AX21) -> 7.64 | BA21: =AO21-AT21 -> -103.952 | BB21: =C21-SUM(F21:K21,Y21) -> 4128.4 | BC21: =BB21/B21% -> 19.856669
A22: 44061 | B22: ='18 '!G7 -> 21056 | C22: ='18 '!G8 -> 331487.73 | D22: ='18 '!G15 -> 964.543 | E22: ='18 '!G20 -> 200 | F22: =SUM('18 '!G35,'18 '!G49) -> 2982 | G22: =SUM('18 '!G37,'18 '!G51) -> 1535 | H22: =SUM('18 '!G38,'18 '!G52) -> 1724 | I22: =SUM('18 '!G39,'18 '!G53) -> 3770.6 | J22: =SUM('18 '!G41,'18 '!G42,'18 '!G55,'18 '!G56) -> 5978 | K22: =SUM('18 '!G43,'18 '!G57) -> 2570 | L22: ='18 '!G50 -> 1651 | M22: ='18 '!G36 -> 711.2 | N22: ='18 '!G72 -> 14 | O22: ='18 '!$G$73 -> 2 | P22: ='18 '!$G$74 -> 2 | Q22: ='18 '!$G$75 -> 170.3 | R22: ='18 '!$G$76 -> 67.2 | S22: ='18 '!$G$77 -> 57 | T22: ='18 '!$G$78 -> 76 | U22: ='18 '!$G$79 -> 141 | V22: ='18 '!$G$80 -> 380.44 | W22: ='18 '!$G$81 -> 183.92 | X22: ='18 '!$G$82 -> 23 | Y22: ='18 '!$G$58 -> 207.3 | Z22: ='18 '!$G$83 -> 232 | AA22: ='18 '!G86 -> 10.68 | AB22: ='18 '!G87 -> 33.3 | AC22: ='18 '!G88 -> 0 | AD22: ='18 '!G87+'18 '!H90 -> 40 | AE22: ='18 '!$G$62 -> 0.18 | AF22: ='18 '!$G$63 -> 0 | AG22: ='18 '!$G$64 -> 433 | AH22: ='18 '!$G$65 -> 412 | AI22: ='18 '!$G$66 -> 423.5 | AJ22: ='18 '!$G$67 -> 439 | AK22: ='18 '!$G$68 -> 0 | AL22: ='18 '!$G$69 -> 307 | AM22: ='18 '!$G$84 -> 705 | AN22: ='18 '!$G$15 -> 964.543 | AO22: ='18 '!$G$124 -> 293.45 | AP22: ='18 '!$G$125 -> 0 | AQ22: ='18 '!$G$126 -> 99.55 | AR22: ='18 '!$G$127 -> 45.6 | AS22: ='18 '!$G$128 -> 0 | AT22: =AN22-SUM(AO22:AS22) -> 525.943 | AU22: =SUM('18 '!G140:G141) -> 11.3 | AV22: ='18 '!$G$137 -> 9.29 | AW22: ='18 '!$G$138 -> -0.08 | AX22: ='18 '!$G$139 -> 0.05 | AY22: =SUM(AV22:AX22) -> 9.26 | BA22: =AO22-AT22 -> -232.493 | BB22: =C22-SUM(F22:K22,Y22) -> 312720.83 | BC22: =BB22/B22% -> 1485.1863
A23: 44062 | B23: ='19'!G7 -> 22093.09 | C23: ='19'!G8 -> 22500 | D23: ='19'!G15 -> 837.848 | E23: ='19'!G20 -> 210 | F23: =SUM('19'!G35,'19'!G49) -> 3165.7 | G23: =SUM('19'!G37,'19'!G51) -> 1571.13 | H23: =SUM('19'!G38,'19'!G52) -> 1830.93 | I23: =SUM('19'!G39,'19'!G53) -> 3827 | J23: =SUM('19'!G41,'19'!G42,'19'!G55,'19'!G56) -> 6118 | K23: =SUM('19'!G43,'19'!G57) -> 2599.67 | L23: ='19'!G50 -> 1813 | M23: ='19'!G36 -> 962.3 | N23: ='19'!G72 -> 15 | O23: ='19'!$G$73 -> 1 | P23: ='19'!$G$74 -> 0.2 | Q23: ='19'!$G$75 -> 159.1 | R23: ='19'!G76 -> 66 | S23: ='19'!$G$77 -> 61 | T23: ='19'!$G$78 -> 84 | U23: ='19'!$G$79 -> 213 | V23: ='19'!$G$80 -> 421.84 | W23: ='19'!$G$81 -> 195.68 | X23: ='19'!$G$82 -> 13 | Y23: ='19'!$G$58 -> 159.4 | Z23: ='19'!$G$83 -> 331 | AA23: ='19'!G86 -> 8.4 | AB23: ='19'!G87 -> 34.8 | AC23: ='19'!G88 -> 0 | AD23: ='19'!G87+'19'!H90 -> 41.6 | AE23: ='19'!$G$62 -> 0.02 | AF23: ='19'!$G$63 -> 0 | AG23: ='19'!$G$64 -> 451 | AH23: ='19'!$G$65 -> 404 | AI23: ='19'!$G$66 -> 412.2 | AJ23: ='19'!$G$67 -> 448 | AK23: ='19'!$G$68 -> 0 | AL23: ='19'!$G$69 -> 309 | AM23: ='19'!$G$84 -> 778 | AN23: ='19'!$G$15 -> 837.848 | AO23: ='19'!$G$124 -> 288 | AP23: ='19'!$G$125 -> 0 | AQ23: ='19'!$G$126 -> 96.09 | AR23: ='19'!$G$127 -> 42 | AS23: ='19'!$G$128 -> -0.24 | AT23: =AN23-SUM(AO23:AS23) -> 411.998 | AU23: =SUM('19'!G140:G141) -> 11.15 | AV23: ='19'!$G$137 -> 6.92 | AW23: ='19'!$G$138 -> 0.08 | AX23: ='19'!$G$139 -> 0 | AY23: =SUM(AV23:AX23) -> 7 | BA23: =AO23-AT23 -> -123.998 | BB23: =C23-SUM(F23:K23,Y23) -> 3228.17 | BC23: =BB23/B23% -> 14.611673
A24: 44063 | B24: ='20'!G7 -> 21183.2 | C24: ='20'!G8 -> 22500 | D24: ='20'!G15 -> 900.52 | E24: ='20'!G20 -> 299 | F24: =SUM('20'!G35,'20'!G49) -> 2777 | G24: =SUM('20'!G37,'20'!G51) -> 1460 | H24: =SUM('20'!G38,'20'!G52) -> 1714 | I24: =SUM('20'!G39,'20'!G53) -> 3421 | J24: =SUM('20'!G41,'20'!G42,'20'!G55,'20'!G56) -> 5842.14 | K24: =SUM('20'!G43,'20'!G57) -> 2360 | L24: ='20'!G50 -> 1302 | M24: ='20'!G36 -> 802.6 | N24: ='20'!G72 -> 11 | O24: ='20'!$G$73 -> 1 | P24: ='20'!$G$74 -> 1.3 | Q24: ='20'!$G$75 -> 175.3 | R24: ='20'!$G$76 -> 61.8 | S24: ='20'!$G$77 -> 61 | T24: ='20'!$G$78 -> 91 | U24: ='20'!$G$79 -> 155 | V24: ='20'!$G$80 -> 412 | W24: ='20'!$G$81 -> 187.52 | X24: ='20'!$G$82 -> 26 | Y24: ='20'!$G$58 -> 215.7 | Z24: ='20'!$G$83 -> 247 | AA24: ='20'!G86 -> 8.52 | AB24: ='20'!G87 -> 35.7 | AC24: ='20'!G88 -> 0 | AD24: ='20'!G87+'20'!H90 -> 49.9 | AE24: ='20'!$G$62 -> 0 | AF24: ='20'!$G$63 -> 0 | AG24: ='20'!$G$64 -> 380 | AH24: ='20'!$G$65 -> 360 | AI24: ='20'!$G$66 -> 370.1 | AJ24: ='20'!$G$67 -> 417 | AK24: ='20'!$G$68 -> 0 | AL24: ='20'!$G$69 -> 272 | AM24: ='20'!$G$84 -> 673 | AN24: ='20'!$G$15 -> 900.52 | AO24: ='20'!$G$124 -> 285.7 | AP24: ='20'!$G$125 -> 0 | AQ24: ='20'!$G$126 -> 86.58 | AR24: ='20'!$G$127 -> 39.7 | AS24: ='20'!$G$128 -> 0.29 | AT24: =AN24-SUM(AO24:AS24) -> 488.25 | AU24: =SUM('20'!G140:G141) -> 10.95 | AV24: ='20'!$G$137 -> 10.24 | AW24: ='20'!$G$138 -> 0 | AX24: ='20'!$G$139 -> 0 | AY24: =SUM(AV24:AX24) -> 10.24 | BA24: =AO24-AT24 -> -202.55 | BB24: =C24-SUM(F24:K24,Y24) -> 4710.16 | BC24: =BB24/B24% -> 22.235356
A25: 44064 | B25: ='21'!G7 -> 21387.2 | C25: ='21'!G8 -> 22500 | D25: ='21'!G15 -> 890.94 | E25: ='21'!G20 -> 253 | F25: =SUM('21'!G35,'21'!G49) -> 3056 | G25: =SUM('21'!G37,'21'!G51) -> 1562 | H25: =SUM('21'!G38,'21'!G52) -> 1883.07 | I25: =SUM('21'!G39,'21'!G53) -> 3720 | J25: =SUM('21'!G41,'21'!G42,'21'!G55,'21'!G56) -> 6296 | K25: =SUM('21'!G43,'21'!G57) -> 2600 | L25: ='21'!G50 -> 1002 | M25: ='21'!G36 -> 674.8 | N25: ='21'!G72 -> 29 | O25: ='21'!$G$73 -> 1 | P25: ='21'!$G$74 -> 1.1 | Q25: ='21'!$G$75 -> 199.4 | R25: ='21'!$G$76 -> 68 | S25: ='21'!$G$77 -> 72 | T25: ='21'!$G$78 -> 110 | U25: ='21'!$G$79 -> 166 | V25: ='21'!$G$80 -> 379.88 | W25: ='21'!$G$81 -> 172.4 | X25: ='21'!$G$82 -> 17 | Y25: ='21'!$G$58 -> 202.4 | Z25: ='21'!$G$83 -> 306 | AA25: ='21'!G86 -> 9.2 | AB25: ='21'!G87 -> 28.6 | AC25: ='21'!G88 -> 0 | AD25: ='21'!G87+'21'!H90 -> 46.2 | AE25: ='21'!$G$62 -> 0 | AF25: ='21'!$G$63 -> 0 | AG25: ='21'!$G$64 -> 357 | AH25: ='21'!$G$65 -> 394 | AI25: ='21'!$G$66 -> 410.7 | AJ25: ='21'!$G$67 -> 456 | AK25: ='21'!$G$68 -> 0 | AL25: ='21'!$G$69 -> 321 | AM25: ='21'!$G$84 -> 661 | AN25: ='21'!$G$15 -> 890.94 | AO25: ='21'!$G$124 -> 279.3 | AP25: ='21'!$G$125 -> 0 | AQ25: ='21'!$G$126 -> 101.12 | AR25: ='21'!$G$127 -> 50.3 | AS25: ='21'!$G$128 -> 12.75 | AT25: =AN25-SUM(AO25:AS25) -> 447.47 | AU25: =SUM('21'!G140:G141) -> 10.77 | AV25: ='21'!$G$137 -> 7.86 | AW25: ='21'!$G$138 -> 0 | AX25: ='21'!$G$139 -> 0 | AY25: =SUM(AV25:AX25) -> 7.86 | BA25: =AO25-AT25 -> -168.17 | BB25: =C25-SUM(F25:K25,Y25) -> 3180.53 | BC25: =BB25/B25% -> 14.871185
A26: 44065 | B26: ='22'!G7 -> 23774.4 | C26: ='22'!G8 -> 22500 | D26: ='22'!G15 -> 882.82 | E26: ='22'!G20 -> 265 | F26: =SUM('22'!G35,'22'!G49) -> 3360 | G26: =SUM('22'!G37,'22'!G51) -> 1652 | H26: =SUM('22'!G38,'22'!G52) -> 1801 | I26: =SUM('22'!G39,'22'!G53) -> 4097 | J26: =SUM('22'!G41,'22'!G42,'22'!G55,'22'!G56) -> 7248.86 | K26: =SUM('22'!G43,'22'!G57) -> 2820 | L26: ='22'!G50 -> 1431 | M26: ='22'!G36 -> 865.4 | N26: ='22'!G72 -> 16 | O26: ='22'!$G$73 -> 1 | P26: ='22'!$G$74 -> 1.2 | Q26: ='22'!$G$75 -> 191.8 | R26: ='22'!$G$76 -> 65.2 | S26: ='22'!$G$77 -> 67 | T26: ='22'!$G$78 -> 146 | U26: ='22'!$G$79 -> 151 | V26: ='22'!$G$80 -> 396.48 | W26: ='22'!$G$81 -> 180.44 | X26: ='22'!$G$82 -> 24 | Y26: ='22'!$G$58 -> 187 | Z26: ='22'!$G$83 -> 239 | AA26: ='22'!G86 -> 8.06 | AB26: ='22'!G87 -> 13.5 | AC26: ='22'!G88 -> 0 | AD26: ='22'!G87+'22'!H90 -> 34.5 | AE26: ='22'!$G$62 -> 0 | AF26: ='22'!$G$63 -> 0 | AG26: ='22'!$G$64 -> 368 | AH26: ='22'!$G$65 -> 394 | AI26: ='22'!$G$66 -> 395.2 | AJ26: ='22'!$G$67 -> 478 | AK26: ='22'!$G$68 -> 0 | AL26: ='22'!$G$69 -> 325 | AM26: ='22'!$G$84 -> 783 | AN26: ='22'!$G$15 -> 882.82 | AO26: ='22'!$G$124 -> 272.02 | AP26: ='22'!$G$125 -> 0 | AQ26: ='22'!$G$126 -> 97.61 | AR26: ='22'!$G$127 -> 37.5 | AS26: ='22'!$G$128 -> 1.7 | AT26: =AN26-SUM(AO26:AS26) -> 473.99 | AU26: =SUM('22'!G140:G141) -> 10.5 | AV26: ='22'!$G$137 -> 8.51 | AW26: ='22'!$G$138 -> 0 | AX26: ='22'!$G$139 -> 0.95 | AY26: =SUM(AV26:AX26) -> 9.46 | BA26: =AO26-AT26 -> -201.97 | BB26: =C26-SUM(F26:K26,Y26) -> 1334.14 | BC26: =BB26/B26% -> 5.6116663
A27: 44066 | B27: ='23'!G7 -> 22303.5 | C27: ='23'!G8 -> 22500 | D27: ='23'!G15 -> 828.72 | E27: ='23'!G20 -> 226 | F27: =SUM('23'!G35,'23'!G49) -> 3117 | G27: =SUM('23'!G37,'23'!G51) -> 1589 | H27: =SUM('23'!G38,'23'!G52) -> 1544 | I27: =SUM('23'!G39,'23'!G53) -> 3499 | J27: =SUM('23'!G41,'23'!G42,'23'!G55,'23'!G56) -> 7286 | K27: =SUM('23'!G43,'23'!G57) -> 2470 | L27: ='23'!G50 -> 985 | M27: ='23'!G36 -> 662.2 | N27: ='23'!G72 -> 9 | O27: ='23'!G73 -> 1 | P27: ='23'!$G$74 -> 0.2 | Q27: ='23'!$G$75 -> 170.5 | R27: ='23'!$G$76 -> 63.2 | S27: ='23'!$G$77 -> 64 | T27: ='23'!$G$78 -> 75 | U27: ='23'!$G$79 -> 158 | V27: ='23'!$G$80 -> 400 | W27: ='23'!$G$81 -> 137 | X27: ='23'!$G$82 -> 16 | Y27: ='23'!$G$58 -> 193.7 | Z27: ='23'!$G$83 -> 290 | AA27: ='23'!$G$86 -> 18.9 | AB27: ='23'!G87 -> 44.6 | AC27: ='23'!G88 -> 0 | AD27: ='23'!G87+'23'!H90 -> 72.4 | AE27: ='23'!$G$62 -> -0.2 | AF27: ='23'!$G$63 -> 0 | AG27: ='23'!$G$64 -> 465 | AH27: ='23'!$G$65 -> 423 | AI27: ='23'!$G$66 -> 456.5 | AJ27: ='23'!$G$67 -> 489 | AK27: ='23'!$G$68 -> 0 | AL27: ='23'!$G$69 -> 325 | AM27: ='23'!$G$84 -> 691 | AN27: ='23'!$G$15 -> 828.72 | AO27: ='23'!$G$124 -> 261.98 | AP27: ='23'!$G$125 -> 0 | AQ27: ='23'!$G$126 -> 95.77 | AR27: ='23'!$G$127 -> 33.7 | AS27: ='23'!$G$128 -> 1.1 | AT27: =AN27-SUM(AO27:AS27) -> 436.17 | AU27: =SUM('23'!G140:G141) -> 10.18 | AV27: ='23'!$G$137 -> 7.75 | AW27: ='23'!$G$138 -> 0 | AX27: ='23'!$G$139 -> 0 | AY27: =SUM(AV27:AX27) -> 7.75 | BA27: =AO27-AT27 -> -174.19 | BB27: =C27-SUM(F27:K27,Y27) -> 2801.3 | BC27: =BB27/B27% -> 12.559912
A28: 44067 | B28: ='24'!G7 -> 24087 | C28: ='24'!G8 -> 22500 | D28: ='24'!G15 -> 879 | E28: ='24'!G20 -> 224 | F28: =SUM('24'!G35,'24'!G49) -> 3121 | G28: =SUM('24'!G37,'24'!G51) -> 1505 | H28: =SUM('24'!G38,'24'!G52) -> 1660.93 | I28: =SUM('24'!G39,'24'!G53) -> 3973.41 | J28: =SUM('24'!G41,'24'!G42,'24'!G55,'24'!G56) -> 8002 | K28: =SUM('24'!G43,'24'!G57) -> 3020 | L28: ='24'!G50 -> 1445 | M28: ='24'!G36 -> 672 | N28: ='24'!G72 -> 10 | O28: ='24'!G73 -> 1 | P28: ='24'!$G$74 -> 0 | Q28: ='24'!$G$75 -> 158 | R28: ='24'!$G$76 -> 71 | S28: ='24'!$G$77 -> 60 | T28: ='24'!$G$78 -> 59 | U28: ='24'!$G$79 -> 168 | V28: ='24'!$G$80 -> 382 | W28: ='24'!$G$81 -> 129 | X28: ='24'!$G$82 -> 26 | Y28: ='24'!$G$58 -> 223 | Z28: ='24'!$G$83 -> 276 | AA28: ='24'!G86 -> 27 | AB28: ='24'!G87 -> 28 | AC28: ='24'!G88 -> 0 | AD28: ='24'!G87+'24'!H90 -> 35 | AE28: ='24'!$G$62 -> 0 | AF28: ='24'!$G$63 -> 0 | AG28: ='24'!$G$64 -> 427 | AH28: ='24'!$G$65 -> 393 | AI28: ='24'!$G$66 -> 375 | AJ28: ='24'!$G$67 -> 441 | AK28: ='24'!$G$68 -> 0 | AL28: ='24'!$G$69 -> 340 | AM28: ='24'!$G$84 -> 687 | AN28: ='24'!$G$15 -> 879 | AO28: ='24'!$G$124 -> 244 | AP28: ='24'!$G$125 -> -0.4 | AQ28: ='24'!$G$126 -> 80 | AR28: ='24'!$G$127 -> 45 | AS28: ='24'!$G$128 -> 2 | AT28: =AN28-SUM(AO28:AS28) -> 508.4 | AU28: =SUM('24'!G140:G141) -> 9.17 | AV28: ='24'!$G$137 -> 9.47 | AW28: ='24'!$G$138 -> 0 | AX28: ='24'!$G$139 -> 0 | AY28: =SUM(AV28:AX28) -> 9.47 | BA28: =AO28-AT28 -> -264.4 | BB28: =C28-SUM(F28:K28,Y28) -> 994.66 | BC28: =BB28/B28% -> 4.1294474
A29: 44068 | B29: ='25'!G7 -> 23250 | C29: ='25'!G8 -> 22500 | D29: ='25'!G15 -> 795 | E29: ='25'!G20 -> 222 | F29: =SUM('25'!G35,'25'!G49) -> 3038 | G29: =SUM('25'!G37,'25'!G51) -> 1615.87 | H29: =SUM('25'!G38,'25'!G52) -> 1662.07 | I29: =SUM('25'!G39,'25'!G53) -> 4050 | J29: =SUM('25'!G41,'25'!G42,'25'!G55,'25'!G56) -> 7567 | K29: =SUM('25'!G43,'25'!G57) -> 3160 | L29: ='25'!G50 -> 1299 | M29: ='25'!G36 -> 696 | N29: ='25'!G72 -> 11 | O29: ='25'!$G$73 -> 1 | P29: ='25'!$G$74 -> 0 | Q29: ='25'!$G$75 -> 179 | R29: ='25'!$G$76 -> 70 | S29: ='25'!$G$77 -> 56 | T29: ='25'!$G$78 -> 138 | U29: ='25'!$G$79 -> 148 | V29: ='25'!$G$80 -> 361 | W29: ='25'!$G$81 -> 139 | X29: ='25'!$G$82 -> 13 | Y29: ='25'!$G$58 -> 188 | Z29: ='25'!$G$83 -> 264 | AA29: ='25'!G86 -> 11 | AB29: ='25'!G87 -> 31 | AC29: ='25'!G88 -> 0 | AD29: ='25'!G87+'25'!H90 -> 38 | AE29: ='25'!$G$62 -> 0 | AF29: ='25'!$G$63 -> 0 | AG29: ='25'!$G$64 -> 454 | AH29: ='25'!$G$65 -> 420 | AI29: ='25'!$G$66 -> 411 | AJ29: ='25'!$G$67 -> 502 | AK29: ='25'!$G$68 -> 0 | AL29: ='25'!$G$69 -> 345 | AM29: ='25'!$G$84 -> 685 | AN29: ='25'!$G$15 -> 795 | AO29: ='25'!$G$124 -> 242 | AP29: ='25'!$G$125 -> 0 | AQ29: ='25'!$G$126 -> 94 | AR29: ='25'!$G$127 -> 51 | AS29: ='25'!$G$128 -> 2 | AT29: =AN29-SUM(AO29:AS29) -> 406 | AU29: =SUM('25'!G140:G141) -> 9.62 | AV29: ='25'!$G$137 -> 7.9 | AW29: ='25'!$G$138 -> 0 | AX29: ='25'!$G$139 -> 0 | AY29: =SUM(AV29:AX29) -> 7.9 | BA29: =AO29-AT29 -> -164 | BB29: =C29-SUM(F29:K29,Y29) -> 1219.06 | BC29: =BB29/B29% -> 5.2432688
A30: 44069 | B30: ='26'!G7 -> 22798 | C30: ='26'!G8 -> 22500 | D30: ='26'!G15 -> 863 | E30: ='26'!G20 -> 226 | F30: =SUM('26'!G35,'26'!G49) -> 3049 | G30: =SUM('26'!G37,'26'!G51) -> 1519 | H30: =SUM('26'!G38,'26'!G52) -> 1729 | I30: =SUM('26'!G39,'26'!G53) -> 3903 | J30: =SUM('26'!G41,'26'!G42,'26'!G55,'26'!G56) -> 6975 | K30: =SUM('26'!G43,'26'!G57) -> 2870 | L30: ='26'!G50 -> 1061 | M30: ='26'!G36 -> 822 | N30: ='26'!G72 -> 11 | O30: ='26'!$G$73 -> 1 | P30: ='26'!$G$74 -> 0 | Q30: ='26'!$G$75 -> 170 | R30: ='26'!$G$76 -> 73 | S30: ='26'!$G$77 -> 57 | T30: ='26'!$G$78 -> 191 | U30: ='26'!$G$79 -> 152 | V30: ='26'!$G$80 -> 411 | W30: ='26'!$G$81 -> 162 | X30: ='26'!$G$82 -> 24 | Y30: ='26'!$G$58 -> 198 | Z30: ='26'!$G$83 -> 276 | AA30: ='26'!G86 -> 12 | AB30: ='26'!G87 -> 35 | AC30: ='26'!G88 -> 0 | AD30: ='26'!G87+'26'!H90 -> 41 | AE30: ='26'!$G$62 -> 0 | AF30: ='26'!$G$63 -> 0 | AG30: ='26'!$G$64 -> 435 | AH30: ='26'!$G$65 -> 385 | AI30: ='26'!$G$66 -> 406 | AJ30: ='26'!$G$67 -> 531 | AK30: ='26'!$G$68 -> 0 | AL30: ='26'!$G$69 -> 327 | AM30: ='26'!$G$84 -> 674 | AN30: ='26'!$G$15 -> 863 | AO30: ='26'!$G$124 -> 252 | AP30: ='26'!$G$125 -> 0 | AQ30: ='26'!$G$126 -> 89 | AR30: ='26'!$G$127 -> 37 | AS30: ='26'!$G$128 -> 2 | AT30: =AN30-SUM(AO30:AS30) -> 483 | AU30: =SUM('26'!G140:G141) -> 9.73 | AV30: ='26'!$G$137 -> 9.1 | AW30: ='26'!$G$138 -> 0 | AX30: ='26'!$G$139 -> 0 | AY30: =SUM(AV30:AX30) -> 9.1 | BA30: =AO30-AT30 -> -231 | BB30: =C30-SUM(F30:K30,Y30) -> 2257 | BC30: =BB30/B30% -> 9.8999912
