Workbook

Sheet TOTAL
A1: Site Name | B1: Day | C1: Month | D1: Year | E1: Total Electricity Kwh | F1: Electricity Tariff ($/Kwh) | G1: Total Fuel Oil (Liters) | H1: Fuel Oil $/Liter | I1: Water Utility Supply (m3) m3 | J1: Water Utility Supply (m3) $/m3 | K1: Room Nights | L1: Food Covers
A2: Langkawi | B2: 1 | C2: 8 | D2: 2021 | E2: ='B16'!I4+'B16 ext'!I4+'B17'!I4 -> 5794 | F2: =('B16'!J4+'B16 ext'!J4+'B17'!J4)/TOTAL!E2 -> 0.24786452 | G2: ='Diesel Reading Mac'!H4 -> 0 | H2: ='Diesel Reading Mac'!I4/'Diesel Reading Mac'!H4 -> #DIV/0! | I2: ='Water Reading'!H4 -> 631 | J2: ='Water Reading'!I4/'Water Reading'!H4 -> 1.35
A3: Langkawi | B3: =B2+1 -> 2 | C3: 8 | D3: 2021 | E3: ='B16'!I5+'B16 ext'!I5+'B17'!I5 -> 5906 | F3: =('B16'!J5+'B16 ext'!J5+'B17'!J5)/TOTAL!E3 -> 0.24381426 | G3: ='Diesel Reading Mac'!H5 -> 0 | H3: ='Diesel Reading Mac'!I5/'Diesel Reading Mac'!H5 -> #DIV/0! | I3: ='Water Reading'!H5 -> 547 | J3: ='Water Reading'!I5/'Water Reading'!H5 -> 1.35
A4: Langkawi | B4: =B3+1 -> 3 | C4: 8 | D4: 2021 | E4: ='B16'!I6+'B16 ext'!I6+'B17'!I6 -> 5357 | F4: =('B16'!J6+'B16 ext'!J6+'B17'!J6)/TOTAL!E4 -> 0.2438445 | G4: ='Diesel Reading Mac'!H6 -> 0 | H4: ='Diesel Reading Mac'!I6/'Diesel Reading Mac'!H6 -> #DIV/0! | I4: ='Water Reading'!H6 -> 338 | J4: ='Water Reading'!I6/'Water Reading'!H6 -> 1.35
A5: Langkawi | B5: =B4+1 -> 4 | C5: 8 | D5: 2021 | E5: ='B16'!I7+'B16 ext'!I7+'B17'!I7 -> 5716 | F5: =('B16'!J7+'B16 ext'!J7+'B17'!J7)/TOTAL!E5 -> 0.24533607 | G5: ='Diesel Reading Mac'!H7 -> 0 | H5: ='Diesel Reading Mac'!I7/'Diesel Reading Mac'!H7 -> #DIV/0! | I5: ='Water Reading'!H7 -> 312 | J5: ='Water Reading'!I7/'Water Reading'!H7 -> 1.35
A6: Langkawi | B6: =B5+1 -> 5 | C6: 8 | D6: 2021 | E6: ='B16'!I8+'B16 ext'!I8+'B17'!I8 -> 5457 | F6: =('B16'!J8+'B16 ext'!J8+'B17'!J8)/TOTAL!E6 -> 0.24835569 | G6: ='Diesel Reading Mac'!H8 -> 0 | H6: ='Diesel Reading Mac'!I8/'Diesel Reading Mac'!H8 -> #DIV/0! | I6: ='Water Reading'!H8 -> 370 | J6: ='Water Reading'!I8/'Water Reading'!H8 -> 1.35
A7: Langkawi | B7: =B6+1 -> 6 | C7: 8 | D7: 2021 | E7: ='B16'!I9+'B16 ext'!I9+'B17'!I9 -> 5305 | F7: =('B16'!J9+'B16 ext'!J9+'B17'!J9)/TOTAL!E7 -> 0.24525297 | G7: ='Diesel Reading Mac'!H9 -> 0 | H7: ='Diesel Reading Mac'!I9/'Diesel Reading Mac'!H9 -> #DIV/0! | I7: ='Water Reading'!H9 -> 247 | J7: ='Water Reading'!I9/'Water Reading'!H9 -> 1.35
A8: Langkawi | B8: =B7+1 -> 7 | C8: 8 | D8: 2021 | E8: ='B16'!I10+'B16 ext'!I10+'B17'!I10 -> 5241 | F8: =('B16'!J10+'B16 ext'!J10+'B17'!J10)/TOTAL!E8 -> 0.24371437 | G8: ='Diesel Reading Mac'!H10 -> 0 | H8: ='Diesel Reading Mac'!I10/'Diesel Reading Mac'!H10 -> #DIV/0! | I8: ='Water Reading'!H10 -> 219 | J8: ='Water Reading'!I10/'Water Reading'!H10 -> 1.35
A9: Langkawi | B9: =B8+1 -> 8 | C9: 8 | D9: 2021 | E9: ='B16'!I11+'B16 ext'!I11+'B17'!I11 -> 5244 | F9: =('B16'!J11+'B16 ext'!J11+'B17'!J11)/TOTAL!E9 -> 0.24390904 | G9: ='Diesel Reading Mac'!H11 -> 0 | H9: ='Diesel Reading Mac'!I11/'Diesel Reading Mac'!H11 -> #DIV/0! | I9: ='Water Reading'!H11 -> 231 | J9: ='Water Reading'!I11/'Water Reading'!H11 -> 1.35
A10: Langkawi | B10: =B9+1 -> 9 | C10: 8 | D10: 2021 | E10: ='B16'!I12+'B16 ext'!I12+'B17'!I12 -> 5241 | F10: =('B16'!J12+'B16 ext'!J12+'B17'!J12)/TOTAL!E10 -> 0.24407441 | G10: ='Diesel Reading Mac'!H12 -> 0 | H10: ='Diesel Reading Mac'!I12/'Diesel Reading Mac'!H12 -> #DIV/0! | I10: ='Water Reading'!H12 -> 168 | J10: ='Water Reading'!I12/'Water Reading'!H12 -> 1.35
A11: Langkawi | B11: =B10+1 -> 10 | C11: 8 | D11: 2021 | E11: ='B16'!I13+'B16 ext'!I13+'B17'!I13 -> 4931 | F11: =('B16'!J13+'B16 ext'!J13+'B17'!J13)/TOTAL!E11 -> 0.24223585 | G11: ='Diesel Reading Mac'!H13 -> 0 | H11: ='Diesel Reading Mac'!I13/'Diesel Reading Mac'!H13 -> #DIV/0! | I11: ='Water Reading'!H13 -> 385 | J11: ='Water Reading'!I13/'Water Reading'!H13 -> 1.35
A12: Langkawi | B12: =B11+1 -> 11 | C12: 8 | D12: 2021 | E12: ='B16'!I14+'B16 ext'!I14+'B17'!I14 -> 5042 | F12: =('B16'!J14+'B16 ext'!J14+'B17'!J14)/TOTAL!E12 -> 0.24890123 | G12: ='Diesel Reading Mac'!H14 -> 0 | H12: ='Diesel Reading Mac'!I14/'Diesel Reading Mac'!H14 -> #DIV/0! | I12: ='Water Reading'!H14 -> 283 | J12: ='Water Reading'!I14/'Water Reading'!H14 -> 1.35
A13: Langkawi | B13: =B12+1 -> 12 | C13: 8 | D13: 2021 | E13: ='B16'!I15+'B16 ext'!I15+'B17'!I15 -> 5901 | F13: =('B16'!J15+'B16 ext'!J15+'B17'!J15)/TOTAL!E13 -> 0.24390849 | G13: ='Diesel Reading Mac'!H15 -> 0 | H13: ='Diesel Reading Mac'!I15/'Diesel Reading Mac'!H15 -> #DIV/0! | I13: ='Water Reading'!H15 -> 396 | J13: ='Water Reading'!I15/'Water Reading'!H15 -> 1.35
A14: Langkawi | B14: =B13+1 -> 13 | C14: 8 | D14: 2021 | E14: ='B16'!I16+'B16 ext'!I16+'B17'!I16 -> 5055 | F14: =('B16'!J16+'B16 ext'!J16+'B17'!J16)/TOTAL!E14 -> 0.24487359 | G14: ='Diesel Reading Mac'!H16 -> 0 | H14: ='Diesel Reading Mac'!I16/'Diesel Reading Mac'!H16 -> #DIV/0! | I14: ='Water Reading'!H16 -> 320 | J14: ='Water Reading'!I16/'Water Reading'!H16 -> 1.35
... A32: Langkawi | B32: =B31+1 -> 31 | C32: 8 | D32: 2021 | E32: ='B16'!I34+'B16 ext'!I34+'B17'!I34 -> 0 | F32: =('B16'!J34+'B16 ext'!J34+'B17'!J34)/TOTAL!E32 -> #DIV/0! | G32: ='Diesel Reading Mac'!H34 -> 0 | H32: ='Diesel Reading Mac'!I34/'Diesel Reading Mac'!H34 -> #DIV/0! | I32: ='Water Reading'!H34 -> 241 | J32: ='Water Reading'!I34/'Water Reading'!H34 -> 1.35

Sheet B16
A1: Daily Electricity Consumption
B2: Meter Reading (kWh) | C2: Consumption (kWh) | D2: Meter Reading (kWh) | E2: Consumption (kWh) | F2: MD (kW) | G2: Occupancy | H2: Weather | I2: Total Consumption | J2: Cost
B3: (Peak) | C3: (Peak) | D3: (Off Peak) | E3: (Off Peak) | F3: (Peak) | G3: % | I3: Daily (KWh) | J3: Daily (RM)
A4: 44409 | B4: 0 | C4: =IF(B5-B4 < 0,0,B5-B4) -> 1905 | D4: 842 | E4: =IF(D5-D4 < 0,0,D5-D4) -> 1162 | F4: 167 | G4: 0 | H4: hot | I4: =+E4+C4 -> 3067 | J4: =(C4*0.288)+(E4*0.177) -> 754.314
A5: 44410 | B5: 1905 | C5: =IF(B6-B5 < 0,0,B6-B5) -> 2046 | D5: 2004 | E5: =IF(D6-D5 < 0,0,D6-D5) -> 1146 | F5: 198 | G5: 0 | H5: hot | I5: =+E5+C5 -> 3192 | J5: =(C5*0.288)+(E5*0.177) -> 792.09
A6: 44411 | B6: 3951 | C6: =IF(B7-B6 < 0,0,B7-B6) -> 1617 | D6: 3150 | E6: =IF(D7-D6 < 0,0,D7-D6) -> 1042 | F6: 198 | G6: 0 | H6: hot | I6: =+E6+C6 -> 2659 | J6: =(C6*0.288)+(E6*0.177) -> 650.13
A7: 44412 | B7: 5568 | C7: =IF(B8-B7 < 0,0,B8-B7) -> 1724 | D7: 4192 | E7: =IF(D8-D7 < 0,0,D8-D7) -> 1151 | F7: 198 | G7: 0 | H7: hot | I7: =+E7+C7 -> 2875 | J7: =(C7*0.288)+(E7*0.177) -> 700.239
A8: 44413 | B8: 7292 | C8: =IF(B9-B8 < 0,0,B9-B8) -> 1808 | D8: 5343 | E8: =IF(D9-D8 < 0,0,D9-D8) -> 1034 | F8: 198 | G8: 0 | H8: clear | I8: =+E8+C8 -> 2842 | J8: =(C8*0.288)+(E8*0.177) -> 703.722
A9: 44414 | B9: 9100 | C9: =IF(B10-B9 < 0,0,B10-B9) -> 1753 | D9: 6377 | E9: =IF(D10-D9 < 0,0,D10-D9) -> 1071 | F9: 198 | G9: 0 | H9: clear | I9: =+E9+C9 -> 2824 | J9: =(C9*0.288)+(E9*0.177) -> 694.431
A10: 44415 | B10: 10853 | C10: =IF(B11-B10 < 0,0,B11-B10) -> 1661 | D10: 7448 | E10: =IF(D11-D10 < 0,0,D11-D10) -> 1096 | F10: 198 | G10: 0 | H10: clear | I10: =+E10+C10 -> 2757 | J10: =(C10*0.288)+(E10*0.177) -> 672.36
A11: 44416 | B11: 12514 | C11: =IF(B12-B11 < 0,0,B12-B11) -> 1625 | D11: 8544 | E11: =IF(D12-D11 < 0,0,D12-D11) -> 1101 | F11: 198 | G11: 0 | H11: clear | I11: =+E11+C11 -> 2726 | J11: =(C11*0.288)+(E11*0.177) -> 662.877
A12: 44417 | B12: 14139 | C12: =IF(B13-B12 < 0,0,B13-B12) -> 1670 | D12: 9645 | E12: =IF(D13-D12 < 0,0,D13-D12) -> 1086 | F12: 198 | G12: 0 | H12: clear | I12: =+E12+C12 -> 2756 | J12: =(C12*0.288)+(E12*0.177) -> 673.182
A13: 44418 | B13: 15809 | C13: =IF(B14-B13 < 0,0,B14-B13) -> 1540 | D13: 10731 | E13: =IF(D14-D13 < 0,0,D14-D13) -> 1123 | F13: 198 | G13: 0 | H13: clear | I13: =+E13+C13 -> 2663 | J13: =(C13*0.288)+(E13*0.177) -> 642.291
A14: 44419 | B14: 17349 | C14: =IF(B15-B14 < 0,0,B15-B14) -> 1621 | D14: 11854 | E14: =IF(D15-D14 < 0,0,D15-D14) -> 947 | F14: 198 | G14: 0 | H14: clear | I14: =+E14+C14 -> 2568 | J14: =(C14*0.288)+(E14*0.177) -> 634.467
A15: 44420 | B15: 18970 | C15: =IF(B16-B15 < 0,0,B16-B15) -> 1795 | D15: 12801 | E15: =IF(D16-D15 < 0,0,D16-D15) -> 1175 | F15: 198 | G15: 0 | H15: clear | I15: =+E15+C15 -> 2970 | J15: =(C15*0.288)+(E15*0.177) -> 724.935
... A33: 44438 | B33: 48560 | C33: =IF(B34-B33 < 0,0,B34-B33) -> 1474 | D33: 30997 | E33: =IF(D34-D33 < 0,0,D34-D33) -> 1194 | F33: 198 | G33: 0 | H33: raining | I33: =+E33+C33 -> 2668 | J33: =(C33*0.288)+(E33*0.177) -> 635.85
A34: 44439 | B34: 50034 | D34: 32191 | F34: 198 | G34: 0 | H34: clear | I34: =+E34+C34 -> 0 | J34: =(C34*0.288)+(E34*0.177) -> 0
B35: 0 | D35: 8333 | I35: =+E35+C35 -> 0 | J35: =(C35*0.288)+(E35*0.177) -> 0
A36: Total | C36: =SUM(C4:C34) -> 50034 | E36: =SUM(E4:E34) -> 31349 | I36: =+E36+C36 -> 81383 | J36: =(C36*0.288)+(E36*0.177) -> 19958.565
C37: =COUNTIF(C4:C34,">0") -> 30
A39: PLEASE MAKE SURE TO KEY IN THE OCCUPANCY AND WEATHER FOR THE DAY!

Sheet B16 ext
A1: Daily Electricity Consumption
B2: Meter Reading (kWh) | C2: Consumption (kWh) | D2: Meter Reading (kWh) | E2: Consumption (kWh) | F2: MD (kW) | G2: Occupancy | H2: Weather | I2: Total Consumption | J2: Cost
B3: (Peak) | C3: (Peak) | D3: (Off Peak) | E3: (Off Peak) | F3: (Peak) | G3: % | I3: Daily (KWh) | J3: Daily (RM)
A4: 44409 | B4: 0 | C4: =IF(B5-B4 < 0,0,B5-B4) -> 683 | D4: 258 | E4: =IF(D5-D4 < 0,0,D5-D4) -> 416 | F4: 61 | G4: 0 | H4: Hot | I4: =+E4+C4 -> 1099 | J4: =(C4*0.288)+(E4*0.177) -> 270.336
A5: 44410 | B5: 683 | C5: =IF(B6-B5 < 0,0,B6-B5) -> 702 | D5: 674 | E5: =IF(D6-D5 < 0,0,D6-D5) -> 452 | F5: 69 | G5: 0 | H5: Hot | I5: =+E5+C5 -> 1154 | J5: =(C5*0.288)+(E5*0.177) -> 282.18
A6: 44411 | B6: 1385 | C6: =IF(B7-B6 < 0,0,B7-B6) -> 610 | D6: 1126 | E6: =IF(D7-D6 < 0,0,D7-D6) -> 414 | F6: 76 | G6: 0 | H6: Hot | I6: =+E6+C6 -> 1024 | J6: =(C6*0.288)+(E6*0.177) -> 248.958
A7: 44412 | B7: 1995 | C7: =IF(B8-B7 < 0,0,B8-B7) -> 776 | D7: 1540 | E7: =IF(D8-D7 < 0,0,D8-D7) -> 410 | F7: 76 | G7: 0 | H7: Hot | I7: =+E7+C7 -> 1186 | J7: =(C7*0.288)+(E7*0.177) -> 296.058
A8: 44413 | B8: 2771 | C8: =IF(B9-B8 < 0,0,B9-B8) -> 762 | D8: 1950 | E8: =IF(D9-D8 < 0,0,D9-D8) -> 360 | F8: 76 | G8: 0 | H8: clear | I8: =+E8+C8 -> 1122 | J8: =(C8*0.288)+(E8*0.177) -> 283.176
A9: 44414 | B9: 3533 | C9: =IF(B10-B9 < 0,0,B10-B9) -> 560 | D9: 2310 | E9: =IF(D10-D9 < 0,0,D10-D9) -> 376 | F9: 76 | G9: 0 | H9: clear | I9: =+E9+C9 -> 936 | J9: =(C9*0.288)+(E9*0.177) -> 227.832
A10: 44415 | B10: 4093 | C10: =IF(B11-B10 < 0,0,B11-B10) -> 540 | D10: 2686 | E10: =IF(D11-D10 < 0,0,D11-D10) -> 380 | F10: 76 | G10: 0 | H10: clear | I10: =+E10+C10 -> 920 | J10: =(C10*0.288)+(E10*0.177) -> 222.78
A11: 44416 | B11: 4633 | C11: =IF(B12-B11 < 0,0,B12-B11) -> 547 | D11: 3066 | E11: =IF(D12-D11 < 0,0,D12-D11) -> 378 | F11: 76 | G11: 0 | H11: clear | I11: =+E11+C11 -> 925 | J11: =(C11*0.288)+(E11*0.177) -> 224.442
A12: 44417 | B12: 5180 | C12: =IF(B13-B12 < 0,0,B13-B12) -> 548 | D12: 3444 | E12: =IF(D13-D12 < 0,0,D13-D12) -> 382 | F12: 76 | G12: 0 | H12: clear | I12: =+E12+C12 -> 930 | J12: =(C12*0.288)+(E12*0.177) -> 225.438
A13: 44418 | B13: 5728 | C13: =IF(B14-B13 < 0,0,B14-B13) -> 518 | D13: 3826 | E13: =IF(D14-D13 < 0,0,D14-D13) -> 365 | F13: 76 | G13: 0 | H13: clear | I13: =+E13+C13 -> 883 | J13: =(C13*0.288)+(E13*0.177) -> 213.789
A14: 44419 | B14: 6246 | C14: =IF(B15-B14 < 0,0,B15-B14) -> 675 | D14: 4191 | E14: =IF(D15-D14 < 0,0,D15-D14) -> 293 | F14: 80 | G14: 0 | H14: clear | I14: =+E14+C14 -> 968 | J14: =(C14*0.288)+(E14*0.177) -> 246.261
A15: 44420 | B15: 6921 | C15: =IF(B16-B15 < 0,0,B16-B15) -> 775 | D15: 4484 | E15: =IF(D16-D15 < 0,0,D16-D15) -> 424 | F15: 80 | G15: 0 | H15: clear | I15: =+E15+C15 -> 1199 | J15: =(C15*0.288)+(E15*0.177) -> 298.248
... A33: 44438 | B33: 16420 | C33: =IF(B34-B33 < 0,0,B34-B33) -> 517 | D33: 10532 | E33: =IF(D34-D33 < 0,0,D34-D33) -> 7968 | F33: 80 | G33: 0 | H33: raining | I33: =+E33+C33 -> 8485 | J33: =(C33*0.288)+(E33*0.177) -> 1559.232
A34: 44439 | B34: 16937 | D34: 18500 | F34: 0 | G34: 0 | H34: clear | I34: =+E34+C34 -> 0 | J34: =(C34*0.288)+(E34*0.177) -> 0
B35: 0 | D35: 237 | I35: =+E35+C35 -> 0 | J35: =(C35*0.288)+(E35*0.177) -> 0
C36: =SUM(C4:C35) -> 16937 | E36: =SUM(E4:E35) -> 18242 | I36: =+E36+C36 -> 35179 | J36: =(C36*0.288)+(E36*0.177) -> 8106.69
H37: f
H38: Rain
A39: PLEASE MAKE SURE TO KEY IN THE OCCUPANCY AND WEATHER FOR THE DAY! | H39: Hot
H40: Cloudy

Sheet B17
A1: Daily Electricity Consumption
B2: Meter Reading (kWh) | C2: Consumption (kWh) | D2: Meter Reading (kWh) | E2: Consumption (kWh) | F2: MD (kW) | G2: Occupancy | H2: Weather | I2: Total Consumption | J2: Cost
B3: (Peak) | C3: (Peak) | E3: (Off Peak) | F3: (Peak) | G3: % | I3: Daily (KWh) | J3: Daily (RM)
A4: 44409 | B4: 0 | C4: =IF(B5-B4 < 0,0,B5-B4) -> 1111 | D4: 467 | E4: =IF(D5-D4 < 0,0,D5-D4) -> 517 | F4: 84 | G4: 0 | H4: Hot | I4: =+E4+C4 -> 1628 | J4: =(C4*0.288)+(E4*0.177) -> 411.477
A5: 44410 | B5: 1111 | C5: =IF(B6-B5 < 0,0,B6-B5) -> 807 | D5: 984 | E5: =IF(D6-D5 < 0,0,D6-D5) -> 753 | F5: 84 | G5: 0 | H5: Hot | I5: =+E5+C5 -> 1560 | J5: =(C5*0.288)+(E5*0.177) -> 365.697
A6: 44411 | B6: 1918 | C6: =IF(B7-B6 < 0,0,B7-B6) -> 999 | D6: 1737 | E6: =IF(D7-D6 < 0,0,D7-D6) -> 675 | F6: 84 | G6: 0 | H6: Hot | I6: =+E6+C6 -> 1674 | J6: =(C6*0.288)+(E6*0.177) -> 407.187
A7: 44412 | B7: 2917 | C7: =IF(B8-B7 < 0,0,B8-B7) -> 1019 | D7: 2412 | E7: =IF(D8-D7 < 0,0,D8-D7) -> 636 | F7: 84 | G7: 0 | H7: Hot | I7: =+E7+C7 -> 1655 | J7: =(C7*0.288)+(E7*0.177) -> 406.044
A8: 44413 | B8: 3936 | C8: =IF(B9-B8 < 0,0,B9-B8) -> 938 | D8: 3048 | E8: =IF(D9-D8 < 0,0,D9-D8) -> 555 | F8: 84 | G8: 0 | H8: clear | I8: =+E8+C8 -> 1493 | J8: =(C8*0.288)+(E8*0.177) -> 368.379
A9: 44414 | B9: 4874 | C9: =IF(B10-B9 < 0,0,B10-B9) -> 949 | D9: 3603 | E9: =IF(D10-D9 < 0,0,D10-D9) -> 596 | F9: 84 | G9: 0 | H9: clear | I9: =+E9+C9 -> 1545 | J9: =(C9*0.288)+(E9*0.177) -> 378.804
A10: 44415 | B10: 5823 | C10: =IF(B11-B10 < 0,0,B11-B10) -> 949 | D10: 4199 | E10: =IF(D11-D10 < 0,0,D11-D10) -> 615 | F10: 84 | G10: 0 | H10: clear | I10: =+E10+C10 -> 1564 | J10: =(C10*0.288)+(E10*0.177) -> 382.167
A11: 44416 | B11: 6772 | C11: =IF(B12-B11 < 0,0,B12-B11) -> 989 | D11: 4814 | E11: =IF(D12-D11 < 0,0,D12-D11) -> 604 | F11: 84 | G11: 0 | H11: clear | I11: =+E11+C11 -> 1593 | J11: =(C11*0.288)+(E11*0.177) -> 391.74
A12: 44417 | B12: 7761 | C12: =IF(B13-B12 < 0,0,B13-B12) -> 949 | D12: 5418 | E12: =IF(D13-D12 < 0,0,D13-D12) -> 606 | F12: 84 | G12: 0 | H12: clear | I12: =+E12+C12 -> 1555 | J12: =(C12*0.288)+(E12*0.177) -> 380.574
A13: 44418 | B13: 8710 | C13: =IF(B14-B13 < 0,0,B14-B13) -> 840 | D13: 6024 | E13: =IF(D14-D13 < 0,0,D14-D13) -> 545 | F13: 84 | G13: 0 | H13: clear | I13: =+E13+C13 -> 1385 | J13: =(C13*0.288)+(E13*0.177) -> 338.385
A14: 44419 | B14: 9550 | C14: =IF(B15-B14 < 0,0,B15-B14) -> 970 | D14: 6569 | E14: =IF(D15-D14 < 0,0,D15-D14) -> 536 | F14: 84 | G14: 0 | H14: clear | I14: =+E14+C14 -> 1506 | J14: =(C14*0.288)+(E14*0.177) -> 374.232
A15: 44420 | B15: 10520 | C15: =IF(B16-B15 < 0,0,B16-B15) -> 987 | D15: 7105 | E15: =IF(D16-D15 < 0,0,D16-D15) -> 745 | F15: 84 | G15: 0 | H15: clear | I15: =+E15+C15 -> 1732 | J15: =(C15*0.288)+(E15*0.177) -> 416.121
... A33: 44438 | B33: 26709 | C33: =IF(B34-B33 < 0,0,B34-B33) -> 1019 | D33: 17845 | E33: =IF(D34-D33 < 0,0,D34-D33) -> 655 | F33: 84 | G33: 0 | H33: raining | I33: =+E33+C33 -> 1674 | J33: =(C33*0.288)+(E33*0.177) -> 409.407
A34: 44439 | B34: 27728 | D34: 18500 | F34: 0 | G34: 0 | H34: clear | I34: =+E34+C34 -> 0 | J34: =(C34*0.288)+(E34*0.177) -> 0
B35: 0 | D35: 833 | I35: =+E35+C35 -> 0 | J35: =(C35*0.288)+(E35*0.177) -> 0
C36: =SUM(C4:C35) -> 27728 | E36: =SUM(E4:E35) -> 18033 | I36: =+E36+C36 -> 45761 | J36: =(C36*0.288)+(E36*0.177) -> 11177.505
A37: =COUNT(A4:A34) -> 31
H38: Rain
A39: PLEASE MAKE SURE TO KEY IN THE OCCUPANCY AND WEATHER FOR THE DAY! | H39: Hot
H40: Cloudy

Sheet Water Reading
A1: Daily Water Consumption
B2: Meter Reading (Main) | C2: Consumption | D2: Meter Reading Landscape | E2: Consumption | F2: Occupancy | G2: Weather | H2: Total Consumption | I2: Cost | K2: NORTH | L2: TOTAL | N2: SOUTH | O2: TOTAL
B3: (m3) | C3: (m3) | D3: (m3) | E3: (m3) | F3: % | H3: (m3) | I3: Daily (RM)
A4: 44409 | B4: 32503 | C4: =IF(B5-B4<0,0,B5-B4) -> 631 | D4: 15 | E4: =IF(D5-D4<0,0,D5-D4) -> 0 | F4: 0 | G4: HOT | H4: =+E4+C4 -> 631 | I4: =(C4*1.35)+(E4*1.35) -> 851.85 | K4: 940 | L4: =IF(K5-K4<0,0,K5-K4) -> 179 | N4: 606 | O4: =IF(N5-N4<0,0,N5-N4) -> 194
A5: 44410 | B5: 33134 | C5: =IF(B6-B5<0,0,B6-B5) -> 547 | D5: 15 | E5: =IF(D6-D5<0,0,D6-D5) -> 0 | F5: 0 | G5: HOT | H5: =+E5+C5 -> 547 | I5: =(C5*1.35)+(E5*1.35) -> 738.45 | K5: 1119 | L5: =IF(K6-K5<0,0,K6-K5) -> 26 | N5: 800 | O5: =IF(N6-N5<0,0,N6-N5) -> 40
A6: 44411 | B6: 33681 | C6: =IF(B7-B6<0,0,B7-B6) -> 338 | D6: 15 | E6: =IF(D7-D6<0,0,D7-D6) -> 0 | F6: 0 | G6: HOT | H6: =+E6+C6 -> 338 | I6: =(C6*1.35)+(E6*1.35) -> 456.3 | K6: 1145 | L6: =IF(K7-K6<0,0,K7-K6) -> 198 | N6: 840 | O6: =IF(N7-N6<0,0,N7-N6) -> 113
A7: 44412 | B7: 34019 | C7: =IF(B8-B7<0,0,B8-B7) -> 312 | D7: 15 | E7: =IF(D8-D7<0,0,D8-D7) -> 0 | F7: 0 | G7: HOT | H7: =+E7+C7 -> 312 | I7: =(C7*1.35)+(E7*1.35) -> 421.2 | K7: 1343 | L7: =IF(K8-K7<0,0,K8-K7) -> 232 | N7: 953 | O7: =IF(N8-N7<0,0,N8-N7) -> 89
A8: 44413 | B8: 34331 | C8: =IF(B9-B8<0,0,B9-B8) -> 370 | D8: 15 | E8: =IF(D9-D8<0,0,D9-D8) -> 0 | F8: 0 | G8: clear | H8: =+E8+C8 -> 370 | I8: =(C8*1.35)+(E8*1.35) -> 499.5 | K8: 1575 | L8: =IF(K9-K8<0,0,K9-K8) -> 233 | N8: 1042 | O8: =IF(N9-N8<0,0,N9-N8) -> 96
A9: 44414 | B9: 34701 | C9: =IF(B10-B9<0,0,B10-B9) -> 247 | D9: 15 | E9: =IF(D10-D9<0,0,D10-D9) -> 0 | F9: 0 | G9: clear | H9: =+E9+C9 -> 247 | I9: =(C9*1.35)+(E9*1.35) -> 333.45 | K9: 1808 | L9: =IF(K10-K9<0,0,K10-K9) -> 177 | N9: 1138 | O9: =IF(N10-N9<0,0,N10-N9) -> 18
A10: 44415 | B10: 34948 | C10: =IF(B11-B10<0,0,B11-B10) -> 219 | D10: 15 | E10: =IF(D11-D10<0,0,D11-D10) -> 0 | F10: 0 | G10: clear | H10: =+E10+C10 -> 219 | I10: =(C10*1.35)+(E10*1.35) -> 295.65 | K10: 1985 | L10: =IF(K11-K10<0,0,K11-K10) -> 158 | N10: 1156 | O10: =IF(N11-N10<0,0,N11-N10) -> 61
A11: 44416 | B11: 35167 | C11: =IF(B12-B11<0,0,B12-B11) -> 231 | D11: 15 | E11: =IF(D12-D11<0,0,D12-D11) -> 0 | F11: 0 | G11: clear | H11: =+E11+C11 -> 231 | I11: =(C11*1.35)+(E11*1.35) -> 311.85 | K11: 2143 | L11: =IF(K12-K11<0,0,K12-K11) -> 158 | N11: 1217 | O11: =IF(N12-N11<0,0,N12-N11) -> 54
A12: 44417 | B12: 35398 | C12: =IF(B13-B12<0,0,B13-B12) -> 168 | D12: 15 | E12: =IF(D13-D12<0,0,D13-D12) -> 0 | F12: 0 | G12: clear | H12: =+E12+C12 -> 168 | I12: =(C12*1.35)+(E12*1.35) -> 226.8 | K12: 2301 | L12: =IF(K13-K12<0,0,K13-K12) -> 115 | N12: 1271 | O12: =IF(N13-N12<0,0,N13-N12) -> 24
A13: 44418 | B13: 35566 | C13: =IF(B14-B13<0,0,B14-B13) -> 385 | D13: 15 | E13: =IF(D14-D13<0,0,D14-D13) -> 0 | F13: 0 | G13: clear | H13: =+E13+C13 -> 385 | I13: =(C13*1.35)+(E13*1.35) -> 519.75 | K13: 2416 | L13: =IF(K14-K13<0,0,K14-K13) -> 167 | N13: 1295 | O13: =IF(N14-N13<0,0,N14-N13) -> 57
A14: 44419 | B14: 35951 | C14: =IF(B15-B14<0,0,B15-B14) -> 283 | D14: 15 | E14: =IF(D15-D14<0,0,D15-D14) -> 0 | F14: 0 | G14: clear | H14: =+E14+C14 -> 283 | I14: =(C14*1.35)+(E14*1.35) -> 382.05 | K14: 2583 | L14: =IF(K15-K14<0,0,K15-K14) -> 234 | N14: 1352 | O14: =IF(N15-N14<0,0,N15-N14) -> 84
A15: 44420 | B15: 36234 | C15: =IF(B16-B15<0,0,B16-B15) -> 396 | D15: 15 | E15: =IF(D16-D15<0,0,D16-D15) -> 0 | F15: 0 | G15: clear | H15: =+E15+C15 -> 396 | I15: =(C15*1.35)+(E15*1.35) -> 534.6 | K15: 2817 | L15: =IF(K16-K15<0,0,K16-K15) -> 298 | N15: 1436 | O15: =IF(N16-N15<0,0,N16-N15) -> 82
... A32: 44437 | B32: 42221 | C32: =IF(B33-B32<0,0,B33-B32) -> 439 | D32: 15 | E32: =IF(D33-D32<0,0,D33-D32) -> 0 | F32: 0 | G32: raining | H32: =+E32+C32 -> 439 | I32: =(C32*1.35)+(E32*1.35) -> 592.65 | K32: 6343 | L32: =IF(K33-K32<0,0,K33-K32) -> 247 | N32: 1770 | O32: =IF(N33-N32<0,0,N33-N32) -> 0
A33: 44438 | B33: 42660 | C33: =IF(B34-B33<0,0,B34-B33) -> 394 | D33: 15 | E33: 0 | F33: 0 | G33: raining | H33: =+E33+C33 -> 394 | I33: =(C33*1.35)+(E33*1.35) -> 531.9 | K33: 6590 | L33: =IF(K34-K33<0,0,K34-K33) -> 227 | N33: 1770 | O33: =IF(N34-N33<0,0,N34-N33) -> 0
A34: 44439 | B34: 43054 | C34: 241 | D34: 15 | E34: 0 | F34: 0 | G34: clear | H34: =+E34+C34 -> 241 | I34: =(C34*1.35)+(E34*1.35) -> 325.35 | K34: 6817 | L34: 148 | N34: 1770 | O34: =IF(N36-N34<0,0,N36-N34) -> 0
B35: 43295 | K35: 6965 | N35: 1770 | O35: 0
C36: =SUM(C4:C34) -> 10792 | E36: =SUM(E4:E34) -> 0 | H36: =SUM(H4:H34) -> 10792 | I36: =SUM(I4:I34) -> 14569.2 | L36: =SUM(L4:L34) -> 6025 | O36: =SUM(O4:O34) -> 1164
A38: PLEASE MAKE SURE TO KEY IN THE OCCUPANCY AND WEATHER FOR THE DAY!

Sheet Diesel Reading Mac
A1: Daily Diesel Consumption
B2: BOILER | C2: TIME | D2: TIME | E2: TOTAL | F2: Meter Reading | G2: Meter Reading | H2: Consumption | I2: Cost | J2: Lit/hr
B3: NO | C3: START | D3: STOP | E3: HRS | F3: START | G3: STOP | H3: (L) | I3: Daily (RM)
A4: 44409 | H4: =G4-F4 -> 0 | I4: =(H4*[1]Summary!$C$6) -> 0
A5: 44410 | H5: =G5-F5 -> 0 | I5: =(H5*[1]Summary!$C$6) -> 0
A6: 44411 | H6: =G6-F6 -> 0 | I6: =(H6*[1]Summary!$C$6) -> 0
A7: 44412 | H7: =G7-F7 -> 0 | I7: =(H7*[1]Summary!$C$6) -> 0
A8: 44413 | H8: =G8-F8 -> 0 | I8: =(H8*[1]Summary!$C$6) -> 0
A9: 44414 | H9: =G9-F9 -> 0 | I9: =(H9*[1]Summary!$C$6) -> 0
A10: 44415 | H10: =G10-F10 -> 0 | I10: =(H10*[1]Summary!$C$6) -> 0
A11: 44416 | H11: =G11-F11 -> 0 | I11: =(H11*[1]Summary!$C$6) -> 0
A12: 44417 | H12: =G12-F12 -> 0 | I12: =(H12*[1]Summary!$C$6) -> 0
A13: 44418 | H13: =G13-F13 -> 0 | I13: =(H13*[1]Summary!$C$6) -> 0
A14: 44419 | H14: =G14-F14 -> 0 | I14: =(H14*[1]Summary!$C$6) -> 0
A15: 44420 | H15: =G15-F15 -> 0 | I15: =(H15*[1]Summary!$C$6) -> 0
... A33: 44438 | H33: =G33-F33 -> 0 | I33: =(H33*[1]Summary!$C$6) -> 0
A34: 44439 | H34: =G34-F34 -> 0
A36: Total | H36: =SUM(H4:H34) -> 0 | I36: =SUM(I4:I34) -> 0
A37: =COUNT(A4:A34) -> 31
A39: PLEASE MAKE SURE TO KEY IN THE OCCUPANCY FOR THE DAY!
