Workbook

Sheet TOTAL
A1: Site Name | B1: Day | C1: Month | D1: Year | E1: Total Electricity Kwh | F1: Electricity Tariff ($/Kwh) | G1: Natual Gas (m3) | H1: Natural Gas $/m3 | I1: Water Utility Supply (m3) m3 | J1: Water Utility Supply (m3) $/m3 | K1: Room Nights | L1: Total Guests
A2: Geneva | B2: 1 | C2: 9 | D2: 2021 | E2: =Submetering!E3 -> 9020.89 | F2: 0.12 | G2: =Submetering!F3+Submetering!G3 -> 148.77 | H2: 0.71 | I2: =Submetering!J3+Submetering!I3+Submetering!H3 -> 91.34 | J2: 2.3196173 | K2: =Submetering!K2 -> 96 | L2: =Submetering!L2 -> 0
A3: Geneva | B3: =B2+1 -> 2 | C3: =C2 -> 9 | D3: 2021 | E3: =Submetering!E4 -> 9128.44 | F3: 0.12 | G3: =Submetering!F4+Submetering!G4 -> 148.75 | H3: 0.71 | I3: =Submetering!J4+Submetering!I4+Submetering!H4 -> 96.85 | J3: 2.3196173 | K3: =Submetering!K3 -> 97 | L3: =Submetering!L3 -> 0
A4: Geneva | B4: =B3+1 -> 3 | C4: =C3 -> 9 | D4: 2021 | E4: =Submetering!E5 -> 9266.36 | F4: 0.12 | G4: =Submetering!F5+Submetering!G5 -> 132.35 | H4: 0.71 | I4: =Submetering!J5+Submetering!I5+Submetering!H5 -> 85.99 | J4: 2.3196173 | K4: =Submetering!K4 -> 101 | L4: =Submetering!L4 -> 0
A5: Geneva | B5: =B4+1 -> 4 | C5: =C4 -> 9 | D5: 2021 | E5: =Submetering!E6 -> 8758.35 | F5: 0.12 | G5: =Submetering!F6+Submetering!G6 -> 94.95 | H5: 0.71 | I5: =Submetering!J6+Submetering!I6+Submetering!H6 -> 44.82 | J5: 2.3196173 | K5: =Submetering!K5 -> 102 | L5: =Submetering!L5 -> 0
A6: Geneva | B6: =B5+1 -> 5 | C6: =C5 -> 9 | D6: 2021 | E6: =Submetering!E7 -> 7921.37 | F6: 0.12 | G6: =Submetering!F7+Submetering!G7 -> 97.74 | H6: 0.71 | I6: =Submetering!J7+Submetering!I7+Submetering!H7 -> 43.98 | J6: 2.3196173 | K6: =Submetering!K6 -> 99 | L6: =Submetering!L6 -> 0
A7: Geneva | B7: =B6+1 -> 6 | C7: =C6 -> 9 | D7: 2021 | E7: =Submetering!E8 -> 7797.1 | F7: 0.12 | G7: =Submetering!F8+Submetering!G8 -> 99.92 | H7: 0.71 | I7: =Submetering!J8+Submetering!I8+Submetering!H8 -> 40.6 | J7: 2.3196173 | K7: =Submetering!K7 -> 99 | L7: =Submetering!L7 -> 0
A8: Geneva | B8: =B7+1 -> 7 | C8: =C7 -> 9 | D8: 2021 | E8: =Submetering!E9 -> 7672.82 | F8: 0.12 | G8: =Submetering!F9+Submetering!G9 -> 138.64 | H8: 0.71 | I8: =Submetering!J9+Submetering!I9+Submetering!H9 -> 37.24 | J8: 2.3196173 | K8: =Submetering!K8 -> 96 | L8: =Submetering!L8 -> 0
A9: Geneva | B9: =B8+1 -> 8 | C9: =C8 -> 9 | D9: 2021 | E9: =Submetering!E9 -> 7672.82 | F9: 0.12 | G9: =Submetering!F10+Submetering!G10 -> 104.27 | H9: 0.71 | I9: =Submetering!J10+Submetering!I10+Submetering!H10 -> 33.88 | J9: 2.3196173 | K9: =Submetering!K9 -> 80 | L9: =Submetering!L9 -> 0
A10: Geneva | B10: =B9+1 -> 9 | C10: =C9 -> 9 | D10: 2021 | E10: =Submetering!E10 -> 7548.55 | F10: 0.12 | G10: =Submetering!F11+Submetering!G11 -> 106.45 | H10: 0.71 | I10: =Submetering!J10+Submetering!I10+Submetering!H10 -> 33.88 | J10: 2.3196173 | K10: =Submetering!K10 -> 91 | L10: =Submetering!L10 -> 0
A11: Geneva | B11: =B10+1 -> 10 | C11: =C10 -> 9 | D11: 2021 | E11: =Submetering!E11 -> 7424.28 | F11: 0.12 | G11: =Submetering!F11+Submetering!G11 -> 106.45 | H11: 0.71 | I11: =Submetering!J11+Submetering!I11+Submetering!H11 -> 30.51 | J11: 2.3196173 | K11: =Submetering!K11 -> 88 | L11: =Submetering!L11 -> 0
A12: Geneva | B12: =B11+1 -> 11 | C12: =C11 -> 9 | D12: 2021 | E12: =Submetering!E12 -> 7300.01 | F12: 0.12 | G12: =Submetering!F12+Submetering!G12 -> 108.62 | H12: 0.71 | I12: =Submetering!J12+Submetering!I12+Submetering!H12 -> 26.78 | J12: 2.3196173 | K12: =Submetering!K12 -> 83 | L12: =Submetering!L12 -> 0
A13: Geneva | B13: =B12+1 -> 12 | C13: =C12 -> 9 | D13: 2021 | E13: =Submetering!E13 -> 7175.74 | F13: 0.12 | G13: =Submetering!F13+Submetering!G13 -> 134.6 | H13: 0.71 | I13: =Submetering!J13+Submetering!I13+Submetering!H13 -> 75.77 | J13: 2.3196173 | K13: =Submetering!K13 -> 77 | L13: =Submetering!L13 -> 0
A14: Geneva | B14: =B13+1 -> 13 | C14: =C13 -> 9 | D14: 2021 | E14: =Submetering!E14 -> 8691.86 | F14: 0.12 | G14: =Submetering!F14+Submetering!G14 -> 139.23 | H14: 0.71 | I14: =Submetering!J14+Submetering!I14+Submetering!H14 -> 93.73 | J14: 2.3196173 | K14: =Submetering!K14 -> 92 | L14: =Submetering!L14 -> 0
A15: Geneva | B15: =B14+1 -> 14 | C15: =C14 -> 9 | D15: 2021 | E15: =Submetering!E15 -> 9019.24 | F15: 0.12 | G15: =Submetering!F15+Submetering!G15 -> 154.18 | H15: 0.71 | I15: =Submetering!J15+Submetering!I15+Submetering!H15 -> 95.69 | J15: 2.3196173 | K15: =Submetering!K15 -> 92 | L15: =Submetering!L15 -> 0
A16: Geneva | B16: =B15+1 -> 15 | C16: =C15 -> 9 | D16: 2021 | E16: =Submetering!E16 -> 9262.69 | F16: 0.12 | G16: =Submetering!F16+Submetering!G16 -> 147.43 | H16: 0.71 | I16: =Submetering!J16+Submetering!I16+Submetering!H16 -> 82.18 | J16: 2.3196173 | K16: =Submetering!K16 -> 105 | L16: =Submetering!L16 -> 0
A17: Geneva | B17: =B16+1 -> 16 | C17: =C16 -> 9 | D17: 2021 | E17: =Submetering!E17 -> 9311.29 | F17: 0.12 | G17: =Submetering!F17+Submetering!G17 -> 121.71 | H17: 0.71 | I17: =Submetering!J17+Submetering!I17+Submetering!H17 -> 24.01 | J17: 2.3196173 | K17: =Submetering!K17 -> 82 | L17: =Submetering!L17 -> 0
A18: Geneva | B18: =B17+1 -> 17 | C18: =C17 -> 9 | D18: 2021 | E18: =Submetering!E18 -> 9210.64 | F18: 0.12 | G18: =Submetering!F18+Submetering!G18 -> 114.45 | H18: 0.71 | I18: =Submetering!J18+Submetering!I18+Submetering!H18 -> 94.08 | J18: 2.3196173 | K18: =Submetering!K18 -> 105 | L18: =Submetering!L18 -> 0
A19: Geneva | B19: =B18+1 -> 18 | C19: =C18 -> 9 | D19: 2021 | E19: =Submetering!E19 -> 0 | F19: 0.12 | G19: =Submetering!F19+Submetering!G19 -> 0 | H19: 0.71 | I19: =Submetering!J19+Submetering!I19+Submetering!H19 -> 0 | J19: 2.3196173 | K19: =Submetering!K19 -> 66 | L19: =Submetering!L19 -> 0
A20: Geneva | B20: =B19+1 -> 19 | C20: =C19 -> 9 | D20: 2021 | E20: =Submetering!E20 -> 0 | F20: 0.12 | G20: =Submetering!F20+Submetering!G20 -> 0 | H20: 0.71 | I20: =Submetering!J20+Submetering!I20+Submetering!H20 -> 0 | J20: 2.3196173 | K20: =Submetering!K20 -> 0 | L20: =Submetering!L20 -> 0
A21: Geneva | B21: =B20+1 -> 20 | C21: =C20 -> 9 | D21: 2021 | E21: =Submetering!E21 -> 0 | F21: 0.12 | G21: =Submetering!F21+Submetering!G21 -> 0 | H21: 0.71 | I21: =Submetering!J21+Submetering!I21+Submetering!H21 -> 0 | J21: 2.3196173 | K21: =Submetering!K21 -> 0 | L21: =Submetering!L21 -> 0
A22: Geneva | B22: =B21+1 -> 21 | C22: =C21 -> 9 | D22: 2021 | E22: =Submetering!E22 -> 0 | F22: 0.12 | G22: =Submetering!F22+Submetering!G22 -> 0 | H22: 0.71 | I22: =Submetering!J22+Submetering!I22+Submetering!H22 -> 0 | J22: 2.3196173 | K22: =Submetering!K23 -> 0 | L22: =Submetering!L22 -> 0
A23: Geneva | B23: =B22+1 -> 22 | C23: =C22 -> 9 | D23: 2021 | E23: =Submetering!E23 -> 0 | F23: 0.12 | G23: =Submetering!F23+Submetering!G23 -> 0 | H23: 0.71 | I23: =Submetering!J23+Submetering!I23+Submetering!H23 -> 0 | J23: 2.3196173 | K23: =Submetering!K24 -> 0 | L23: =Submetering!L23 -> 0
A24: Geneva | B24: =B23+1 -> 23 | C24: =C23 -> 9 | D24: 2021 | E24: =Submetering!E24 -> 0 | F24: 0.12 | G24: =Submetering!F24+Submetering!G24 -> 0 | H24: 0.71 | I24: =Submetering!J24+Submetering!I24+Submetering!H24 -> 0 | J24: 2.3196173 | K24: =Submetering!K25 -> 0 | L24: =Submetering!L24 -> 0
A25: Geneva | B25: =B24+1 -> 24 | C25: =C24 -> 9 | D25: 2021 | E25: =Submetering!E25 -> 0 | F25: 0.12 | G25: =Submetering!F25+Submetering!G25 -> 0 | H25: 0.71 | I25: =Submetering!J25+Submetering!I25+Submetering!H25 -> 0 | J25: 2.3196173 | K25: =Submetering!K26 -> 0 | L25: =Submetering!L25 -> 0
A26: Geneva | B26: =B25+1 -> 25 | C26: =C25 -> 9 | D26: 2021 | E26: =Submetering!E26 -> 0 | F26: 0.12 | G26: =Submetering!F26+Submetering!G26 -> 0 | H26: 0.71 | I26: =Submetering!J26+Submetering!I26+Submetering!H26 -> 0 | J26: 2.3196173 | K26: =Submetering!K27 -> 0 | L26: =Submetering!L26 -> 0
A27: Geneva | B27: =B26+1 -> 26 | C27: =C26 -> 9 | D27: 2021 | E27: =Submetering!E27 -> 0 | F27: 0.12 | G27: =Submetering!F27+Submetering!G27 -> 0 | H27: 0.71 | I27: =Submetering!J27+Submetering!I27+Submetering!H27 -> 0 | J27: 2.3196173 | K27: =Submetering!K28 -> 0 | L27: =Submetering!L27 -> 0
A28: Geneva | B28: =B27+1 -> 27 | C28: =C27 -> 9 | D28: 2021 | E28: =Submetering!E28 -> 0 | F28: 0.12 | G28: =Submetering!F28+Submetering!G28 -> 0 | H28: 0.71 | I28: =Submetering!J28+Submetering!I28+Submetering!H28 -> 0 | J28: 2.3196173 | K28: =Submetering!K29 -> 0 | L28: =Submetering!L28 -> 0
A29: Geneva | B29: =B28+1 -> 28 | C29: =C28 -> 9 | D29: 2021 | E29: =Submetering!E29 -> 0 | F29: 0.12 | G29: =Submetering!F29+Submetering!G29 -> 0 | H29: 0.71 | I29: =Submetering!J29+Submetering!I29+Submetering!H29 -> 0 | J29: 2.3196173 | K29: =Submetering!K29 -> 0 | L29: =Submetering!L29 -> 0
A30: Geneva | B30: =B29+1 -> 29 | C30: =C29 -> 9 | D30: 2021 | E30: =Submetering!E30 -> 0 | F30: 0.12 | G30: =Submetering!F30+Submetering!G30 -> 0 | H30: 0.71 | I30: =Submetering!J30+Submetering!I30+Submetering!H30 -> 0 | J30: 2.3196173 | K30: =Submetering!K30 -> 0 | L30: =Submetering!L30 -> 0
A31: Geneva | B31: =B30+1 -> 30 | C31: =C30 -> 9 | D31: 2021 | E31: =Submetering!E31 -> 0 | F31: 0.12 | G31: =Submetering!F31+Submetering!G31 -> 0 | H31: 0.71 | I31: =Submetering!J31+Submetering!I31+Submetering!H31 -> 0 | J31: 2.3196173 | K31: =Submetering!K31 -> 0 | L31: =Submetering!L31 -> 0

Sheet Submetering
A1: Site Name | B1: Day | C1: Month | D1: Year | E1: Main Electricity KWh | F1: Main Gas m3 | G1: SPA Boiler& Fire Place Gas m3 | H1: Water Bergues m3 | I1: Water Mont-Blanc m3 | J1: Water Winkelried m3 | K1: Room Nights | L1: Total Guests
A2: Geneva | B2: 1 | C2: 9 | D2: 2021 | E2: 8741.44 | F2: 151.71 | G2: 10.92 | H2: 4.01 | I2: 33.44 | J2: 55.5 | K2: 96
A3: Geneva | B3: =B2+1 -> 2 | C3: =C2 -> 9 | D3: 2021 | E3: 9020.89 | F3: 136.17 | G3: 12.6 | H3: 3.28 | I3: 36.56 | J3: 51.5 | K3: 97
A4: Geneva | B4: =B3+1 -> 3 | C4: =C3 -> 9 | D4: 2021 | E4: 9128.44 | F4: 139.67 | G4: 9.08 | H4: 3.35 | I4: 33.5 | J4: 60 | K4: 101
A5: Geneva | B5: =B4+1 -> 4 | C5: =C4 -> 9 | D5: 2021 | E5: 9266.36 | F5: 121.26 | G5: 11.09 | H5: 2.99 | I5: 30.5 | J5: 52.5 | K5: 102
A6: Geneva | B6: =B5+1 -> 5 | C6: =C5 -> 9 | D6: 2021 | E6: 8758.35 | F6: 94.95 | G6: 0 | H6: 1.54 | I6: 21.78 | J6: 21.5 | K6: 99
A7: Geneva | B7: =B6+1 -> 6 | C7: =C6 -> 9 | D7: 2021 | E7: 7921.37 | F7: 95.98 | G7: 1.76 | H7: 0.66 | I7: 19.32 | J7: 24 | K7: 99
A8: Geneva | B8: =B7+1 -> 7 | C8: =C7 -> 9 | D8: 2021 | E8: 7797.1 | F8: 97.01 | G8: 2.91 | H8: 0.8 | I8: 15.8 | J8: 24 | K8: 96
A9: Geneva | B9: =B8+1 -> 8 | C9: =C8 -> 9 | D9: 2021 | E9: 7672.82 | F9: 98.04 | G9: 40.6 | H9: 0.95 | I9: 12.29 | J9: 24 | K9: 80
A10: Geneva | B10: =B9+1 -> 9 | C10: =C9 -> 9 | D10: 2021 | E10: 7548.55 | F10: 99.07 | G10: 5.2 | H10: 1.1 | I10: 8.78 | J10: 24 | K10: 91
A11: Geneva | B11: =B10+1 -> 10 | C11: =C10 -> 9 | D11: 2021 | E11: 7424.28 | F11: 100.1 | G11: 6.35 | H11: 1.24 | I11: 5.27 | J11: 24 | K11: 88
A12: Geneva | B12: =B11+1 -> 11 | C12: =C11 -> 9 | D12: 2021 | E12: 7300.01 | F12: 101.13 | G12: 7.49 | H12: 1.39 | I12: 1.39 | J12: 24 | K12: 83
A13: Geneva | B13: =B12+1 -> 12 | C13: =C12 -> 9 | D13: 2021 | E13: 7175.74 | F13: 126.2 | G13: 8.4 | H13: 3.27 | I13: 30.5 | J13: 42 | K13: 77
A14: Geneva | B14: =B13+1 -> 13 | C14: =C13 -> 9 | D14: 2021 | E14: 8691.86 | F14: 130.24 | G14: 8.99 | H14: 7.73 | I14: 33 | J14: 53 | K14: 92
... A18: Geneva | B18: =B17+1 -> 17 | C18: =C17 -> 9 | D18: 2021 | E18: 9210.64 | F18: 105.04 | G18: 9.41 | H18: 3.08 | I18: 35.5 | J18: 55.5 | K18: 105
A19: Geneva | B19: =B18+1 -> 18 | C19: =C18 -> 9 | D19: 2021 | K19: 66
A20: Geneva | B20: =B19+1 -> 19 | C20: =C19 -> 9 | D20: 2021
A21: Geneva | B21: =B20+1 -> 20 | C21: =C20 -> 9 | D21: 2021
A22: Geneva | B22: =B21+1 -> 21 | C22: =C21 -> 9 | D22: 2021
A23: Geneva | B23: =B22+1 -> 22 | C23: =C22 -> 9 | D23: 2021
A24: Geneva | B24: =B23+1 -> 23 | C24: =C23 -> 9 | D24: 2021
A25: Geneva | B25: =B24+1 -> 24 | C25: =C24 -> 9 | D25: 2021
A26: Geneva | B26: =B25+1 -> 25 | C26: =C25 -> 9 | D26: 2021
A27: Geneva | B27: =B26+1 -> 26 | C27: =C26 -> 9 | D27: 2021
A28: Geneva | B28: =B27+1 -> 27 | C28: =C27 -> 9 | D28: 2021
A29: Geneva | B29: =B28+1 -> 28 | C29: =C28 -> 9 | D29: 2021
A30: Geneva | B30: =B29+1 -> 29 | C30: =C29 -> 9 | D30: 2021
A31: Geneva | B31: =B30+1 -> 30 | C31: =C30 -> 9 | D31: 2021

Sheet Sheet1
A1: Ecart
C4: Relevé avant le 13/09 | D4: Relevé du 19/09 | E4: Différence
B5: 1 | C5: 8741.44 | D5: 8741.44 | E5: =D5-C5 -> 0
B6: =B5+1 -> 2 | C6: 9020.89 | D6: 9020.89 | E6: =D6-C6 -> 0
B7: =B6+1 -> 3 | C7: 9128.44 | D7: 9128.44 | E7: =D7-C7 -> 0
B8: =B7+1 -> 4 | C8: 9266.36 | D8: 9266.36 | E8: =D8-C8 -> 0
B9: =B8+1 -> 5 | C9: 8758.35 | D9: 9106.58 | E9: =D9-C9 -> 348.23
B10: =B9+1 -> 6 | C10: 7921.37 | D10: 9326.18 | E10: =D10-C10 -> 1404.81
B11: =B10+1 -> 7 | C11: 7797.1 | D11: 9888.34 | E11: =D11-C11 -> 2091.24
B12: =B11+1 -> 8 | C12: 7672.82 | D12: 9684.41 | E12: =D12-C12 -> 2011.59
B13: =B12+1 -> 9 | C13: 7548.55 | D13: 9136.65 | E13: =D13-C13 -> 1588.1
B14: =B13+1 -> 10 | C14: 7424.28 | D14: 9042.45 | E14: =D14-C14 -> 1618.17
B15: =B14+1 -> 11 | C15: 7300.01 | D15: 9111.64 | E15: =D15-C15 -> 1811.63
B16: =B15+1 -> 12 | C16: 7175.74 | D16: 8642.29 | E16: =D16-C16 -> 1466.55
B17: =B16+1 -> 13 | D17: 8691.86
B18: =B17+1 -> 14 | D18: 9019.24
B19: =B18+1 -> 15 | D19: 9262.69
B20: =B19+1 -> 16 | D20: 9311.29
B21: =B20+1 -> 17 | D21: 9210.64

Sheet Geneva Daily
A2: Days | C2: Main Electricity KWh | E2: Main Gas KWh | G2: SPA Boiler& Fire Place Gas | J2: Water Bergues m3 | L2: Water Mont-Blanc m3 | N2: Water Winkelried m3
A3: Date | C3: Reading KWH | D3: Difference KWH | E3: Reading KWH | F3: Difference KWH | G3: Reading KWH | H3: Difference KWH | J3: Reading m³ | K3: Daily Consumption m³ | L3: Reading m³ | M3: Daily Consumption m³ | N3: Reading m³ | O3: Daily Consumption m³ | P3: ROOM NIGHTS | Q3: TOTAL GUESTS
A4: 43555 | C4: 22342913 | D4: =IF((C5-C4<0), "",C5-C4) -> 7975 | E4: 23837512 | F4: =IF((E5-E4<0), "",E5-E4) -> 5799 | G4: 9975816 | H4: =IF((G5-G4<0), "",G5-G4) -> 3477 | K4: 0 | M4: 0 | N4: 75776 | O4: =IF((N5-N4<0), "",N5-N4) -> 33
A5: 43556 | C5: 22350888 | E5: 23843311 | G5: 9979293 | J5: 0 | L5: 0 | N5: 75809
A6: 43557 | C6: 0 | D6: =IF((C6-C5<0), "",C6-C5) | F6: =IF((E6-E5<0), "",E6-E5) | H6: =IF((G6-G5<0), "",G6-G5) | J6: 0 | K6: =IF((J6-J5<0), "",J6-J5) -> 0 | L6: 0 | M6: =IF((L6-L5<0), "",L6-L5) -> 0 | O6: =IF((N6-N5<0), "",N6-N5)
A7: 43558 | C7: 0 | D7: =IF((C7-C6<0), "",C7-C6) -> 0 | F7: =IF((E7-E6<0), "",E7-E6) -> 0 | H7: =IF((G7-G6<0), "",G7-G6) -> 0 | J7: 0 | K7: =IF((J7-J6<0), "",J7-J6) -> 0 | L7: 0 | M7: =IF((L7-L6<0), "",L7-L6) -> 0 | O7: =IF((N7-N6<0), "",N7-N6) -> 0
A8: 43559 | D8: =IF((C8-C7<0), "",C8-C7) -> 0 | F8: =IF((E8-E7<0), "",E8-E7) -> 0 | H8: =IF((G8-G7<0), "",G8-G7) -> 0 | J8: 0 | K8: =IF((J8-J7<0), "",J8-J7) -> 0 | L8: 0 | M8: =IF((L8-L7<0), "",L8-L7) -> 0 | O8: =IF((N8-N7<0), "",N8-N7) -> 0
A9: 43560 | C9: 0 | D9: =IF((C9-C8<0), "",C9-C8) -> 0 | E9: 0 | F9: =IF((E9-E8<0), "",E9-E8) -> 0 | G9: 0 | H9: =IF((G9-G8<0), "",G9-G8) -> 0 | J9: 0 | K9: =IF((J9-J8<0), "",J9-J8) -> 0 | L9: 0 | M9: =IF((L9-L8<0), "",L9-L8) -> 0 | N9: 0 | O9: =IF((N9-N8<0), "",N9-N8) -> 0
A10: 43561 | C10: 0 | D10: =IF((C10-C9<0), "",C10-C9) -> 0 | E10: 0 | F10: =IF((E10-E9<0), "",E10-E9) -> 0 | G10: 0 | H10: =IF((G10-G9<0), "",G10-G9) -> 0 | J10: 0 | K10: =IF((J10-J9<0), "",J10-J9) -> 0 | L10: 0 | M10: =IF((L10-L9<0), "",L10-L9) -> 0 | N10: 0 | O10: =IF((N10-N9<0), "",N10-N9) -> 0
A11: 43562 | C11: 0 | D11: =IF((C11-C10<0), "",C11-C10) -> 0 | E11: 0 | F11: =IF((E11-E10<0), "",E11-E10) -> 0 | G11: 0 | H11: =IF((G11-G10<0), "",G11-G10) -> 0 | J11: 0 | K11: =IF((J11-J10<0), "",J11-J10) -> 0 | L11: 0 | M11: =IF((L11-L10<0), "",L11-L10) -> 0 | N11: 0 | O11: =IF((N11-N10<0), "",N11-N10) -> 0
A12: 43563 | C12: 0 | D12: =IF((C12-C11<0), "",C12-C11) -> 0 | E12: 0 | F12: =IF((E12-E11<0), "",E12-E11) -> 0 | G12: 0 | H12: =IF((G12-G11<0), "",G12-G11) -> 0 | J12: 0 | K12: =IF((J12-J11<0), "",J12-J11) -> 0 | L12: 0 | M12: =IF((L12-L11<0), "",L12-L11) -> 0 | N12: 0 | O12: =IF((N12-N11<0), "",N12-N11) -> 0
A13: 43564 | C13: 0 | D13: =IF((C13-C12<0), "",C13-C12) -> 0 | E13: 0 | F13: =IF((E13-E12<0), "",E13-E12) -> 0 | G13: 0 | H13: =IF((G13-G12<0), "",G13-G12) -> 0 | J13: 0 | K13: =IF((J13-J12<0), "",J13-J12) -> 0 | L13: 0 | M13: =IF((L13-L12<0), "",L13-L12) -> 0 | N13: 0 | O13: =IF((N13-N12<0), "",N13-N12) -> 0
A14: 43565 | C14: 0 | D14: =IF((C14-C13<0), "",C14-C13) -> 0 | E14: 0 | F14: =IF((E14-E13<0), "",E14-E13) -> 0 | G14: 0 | H14: =IF((G14-G13<0), "",G14-G13) -> 0 | J14: 0 | K14: =IF((J14-J13<0), "",J14-J13) -> 0 | L14: 0 | M14: =IF((L14-L13<0), "",L14-L13) -> 0 | N14: 0 | O14: =IF((N14-N13<0), "",N14-N13) -> 0
A15: 43566 | C15: 0 | D15: =IF((C15-C14<0), "",C15-C14) -> 0 | E15: 0 | F15: =IF((E15-E14<0), "",E15-E14) -> 0 | G15: 0 | J15: 0 | L15: 0 | N15: 0
A16: 43567 | C16: 0 | D16: =IF((C16-C15<0), "",C16-C15) -> 0 | E16: 0 | F16: =IF((E16-E15<0), "",E16-E15) -> 0 | G16: 0 | H16: =IF((G16-G15<0), "",G16-G15) -> 0 | J16: 0 | K16: =IF((J16-J15<0), "",J16-J15) -> 0 | L16: 0 | M16: =IF((L16-L15<0), "",L16-L15) -> 0 | N16: 0 | O16: =IF((N16-N15<0), "",N16-N15) -> 0
A17: 43568 | C17: 0 | D17: =IF((C17-C16<0), "",C17-C16) -> 0 | E17: 0 | F17: =IF((E17-E16<0), "",E17-E16) -> 0 | G17: 0 | H17: =IF((G17-G16<0), "",G17-G16) -> 0 | J17: 0 | K17: =IF((J17-J16<0), "",J17-J16) -> 0 | L17: 0 | M17: =IF((L17-L16<0), "",L17-L16) -> 0 | N17: 0 | O17: =IF((N17-N16<0), "",N17-N16) -> 0
A18: 43569 | C18: 0 | D18: =IF((C18-C17<0), "",C18-C17) -> 0 | E18: 0 | F18: =IF((E18-E17<0), "",E18-E17) -> 0 | G18: 0 | H18: =IF((G18-G17<0), "",G18-G17) -> 0 | J18: 0 | K18: =IF((J18-J17<0), "",J18-J17) -> 0 | L18: 0 | M18: =IF((L18-L17<0), "",L18-L17) -> 0 | N18: 0 | O18: =IF((N18-N17<0), "",N18-N17) -> 0
A19: 43570 | C19: 0 | D19: =IF((C19-C18<0), "",C19-C18) -> 0 | E19: 0 | F19: =IF((E19-E18<0), "",E19-E18) -> 0 | G19: 0 | H19: =IF((G19-G18<0), "",G19-G18) -> 0 | J19: 0 | K19: =IF((J19-J18<0), "",J19-J18) -> 0 | L19: 0 | M19: =IF((L19-L18<0), "",L19-L18) -> 0 | N19: 0 | O19: =IF((N19-N18<0), "",N19-N18) -> 0
A20: 43571 | C20: 0 | D20: =IF((C20-C19<0), "",C20-C19) -> 0 | E20: 0 | F20: =IF((E20-E19<0), "",E20-E19) -> 0 | G20: 0 | H20: =IF((G20-G19<0), "",G20-G19) -> 0 | J20: 0 | K20: =IF((J20-J19<0), "",J20-J19) -> 0 | L20: 0 | M20: =IF((L20-L19<0), "",L20-L19) -> 0 | N20: 0 | O20: =IF((N20-N19<0), "",N20-N19) -> 0
A21: 43572 | C21: 0 | D21: =IF((C21-C20<0), "",C21-C20) -> 0 | E21: 0 | F21: =IF((E21-E20<0), "",E21-E20) -> 0 | G21: 0 | H21: =IF((G21-G20<0), "",G21-G20) -> 0 | J21: 0 | K21: =IF((J21-J20<0), "",J21-J20) -> 0 | L21: 0 | M21: =IF((L21-L20<0), "",L21-L20) -> 0 | N21: 0 | O21: =IF((N21-N20<0), "",N21-N20) -> 0
A22: 43573 | C22: 0 | D22: =IF((C22-C21<0), "",C22-C21) -> 0 | E22: 0 | F22: =IF((E22-E21<0), "",E22-E21) -> 0 | G22: 0 | H22: =IF((G22-G21<0), "",G22-G21) -> 0 | J22: 0 | K22: =IF((J22-J21<0), "",J22-J21) -> 0 | L22: 0 | M22: =IF((L22-L21<0), "",L22-L21) -> 0 | N22: 0 | O22: =IF((N22-N21<0), "",N22-N21) -> 0
A23: 43574 | C23: 0 | D23: =IF((C23-C22<0), "",C23-C22) -> 0 | E23: 0 | F23: =IF((E23-E22<0), "",E23-E22) -> 0 | G23: 0 | H23: =IF((G23-G22<0), "",G23-G22) -> 0 | J23: 0 | K23: =IF((J23-J22<0), "",J23-J22) -> 0 | L23: 0 | M23: =IF((L23-L22<0), "",L23-L22) -> 0 | N23: 0 | O23: =IF((N23-N22<0), "",N23-N22) -> 0
A24: 43575 | C24: 0 | D24: =IF((C24-C23<0), "",C24-C23) -> 0 | E24: 0 | F24: =IF((E24-E23<0), "",E24-E23) -> 0 | G24: 0 | H24: =IF((G24-G23<0), "",G24-G23) -> 0 | J24: 0 | K24: =IF((J24-J23<0), "",J24-J23) -> 0 | L24: 0 | M24: =IF((L24-L23<0), "",L24-L23) -> 0 | N24: 0 | O24: =IF((N24-N23<0), "",N24-N23) -> 0
A25: 43576 | C25: 0 | D25: =IF((C25-C24<0), "",C25-C24) -> 0 | E25: 0 | F25: =IF((E25-E24<0), "",E25-E24) -> 0 | G25: 0 | H25: =IF((G25-G24<0), "",G25-G24) -> 0 | J25: 0 | K25: =IF((J25-J24<0), "",J25-J24) -> 0 | L25: 0 | M25: =IF((L25-L24<0), "",L25-L24) -> 0 | N25: 0 | O25: =IF((N25-N24<0), "",N25-N24) -> 0
A26: 43577 | C26: 0 | D26: =IF((C26-C25<0), "",C26-C25) -> 0 | E26: 0 | F26: =IF((E26-E25<0), "",E26-E25) -> 0 | G26: 0 | H26: =IF((G26-G25<0), "",G26-G25) -> 0 | J26: 0 | K26: =IF((J26-J25<0), "",J26-J25) -> 0 | L26: 0 | M26: =IF((L26-L25<0), "",L26-L25) -> 0 | N26: 0 | O26: =IF((N26-N25<0), "",N26-N25) -> 0
A27: 43578 | C27: 0 | D27: =IF((C27-C26<0), "",C27-C26) -> 0 | E27: 0 | F27: =IF((E27-E26<0), "",E27-E26) -> 0 | G27: 0 | H27: =IF((G27-G26<0), "",G27-G26) -> 0 | J27: 0 | K27: =IF((J27-J26<0), "",J27-J26) -> 0 | L27: 0 | M27: =IF((L27-L26<0), "",L27-L26) -> 0 | N27: 0 | O27: =IF((N27-N26<0), "",N27-N26) -> 0
... A34: 43585 | C34: 0 | D34: =IF((C34-C33<0), "",C34-C33) -> 0 | E34: 0 | F34: =IF((E34-E33<0), "",E34-E33) -> 0 | G34: 0 | H34: =IF((G34-G33<0), "",G34-G33) -> 0 | J34: 0 | K34: =IF((J34-J33<0), "",J34-J33) -> 0 | L34: 0 | M34: =IF((L34-L33<0), "",L34-L33) -> 0 | N34: 0 | O34: =IF((N34-N33<0), "",N34-N33) -> 0
