Workbook

Sheet TOTAL
A1: Site Name | B1: Day | C1: Month | D1: Year | E1: Total Electricity Kwh | F1: Electricity Tariff ($/Kwh) | G1: Natual Gas (m3) | H1: Natural Gas $/m3 | I1: Water Utility Supply (m3) m3 | J1: Water Utility Supply (m3) $/m3 | K1: Room Nights | L1: Total Guests
A2: Hampshire | B2: 1 | C2: 8 | D2: 2021 | E2: =(Submetering!E2+Submetering!F2) -> 5787 | F2: 0.14 | G2: =Submetering!M2 -> 2249 | H2: 0.16 | I2: =Submetering!N2 -> 123 | J2: 2.06 | K2: ='Hampshire Daily'!B5 -> 103 | L2: ='Hampshire Daily'!C5 -> 247
A3: Hampshire | B3: =B2+1 -> 2 | C3: 8 | D3: 2021 | E3: =Submetering!E3+Submetering!F3 -> 6387 | F3: 0.14 | G3: =Submetering!M3 -> 2360 | H3: 0.16 | I3: =Submetering!N3 -> 143 | J3: 2.06 | K3: ='Hampshire Daily'!B6 -> 74 | L3: ='Hampshire Daily'!C6 -> 209
A4: Hampshire | B4: =B3+1 -> 3 | C4: 8 | D4: 2021 | E4: =Submetering!E4+Submetering!F4 -> 5721 | F4: 0.14 | G4: =Submetering!M4 -> 2284 | H4: 0.16 | I4: =Submetering!N4 -> 132 | J4: 2.06 | K4: ='Hampshire Daily'!B7 -> 73 | L4: ='Hampshire Daily'!C7 -> 211
A5: Hampshire | B5: =B4+1 -> 4 | C5: 8 | D5: 2021 | E5: =Submetering!E5+Submetering!F5 -> 6245 | F5: 0.14 | G5: =Submetering!M5 -> 2040 | H5: 0.16 | I5: =Submetering!N5 -> 131 | J5: 2.06 | K5: ='Hampshire Daily'!B8 -> 73 | L5: ='Hampshire Daily'!C8 -> 194
A6: Hampshire | B6: =B5+1 -> 5 | C6: 8 | D6: 2021 | E6: =Submetering!E6+Submetering!F6 -> 5838 | F6: 0.14 | G6: =Submetering!M6 -> 2134 | H6: 0.16 | I6: =Submetering!N6 -> 139 | J6: 2.06 | K6: ='Hampshire Daily'!B9 -> 61 | L6: ='Hampshire Daily'!C9 -> 152
A7: Hampshire | B7: =B6+1 -> 6 | C7: 8 | D7: 2021 | E7: =Submetering!E7+Submetering!F7 -> 6538 | F7: 0.14 | G7: =Submetering!M7 -> 2175 | H7: 0.16 | I7: =Submetering!N7 -> 119 | J7: 2.06 | K7: ='Hampshire Daily'!B10 -> 66 | L7: ='Hampshire Daily'!C10 -> 162
A8: Hampshire | B8: =B7+1 -> 7 | C8: 8 | D8: 2021 | E8: =Submetering!E8+Submetering!F8 -> 5853 | F8: 0.14 | G8: =Submetering!M8 -> 2304 | H8: 0.16 | I8: =Submetering!N8 -> 120 | J8: 2.06 | K8: ='Hampshire Daily'!B11 -> 72 | L8: ='Hampshire Daily'!C11 -> 178
A9: Hampshire | B9: =B8+1 -> 8 | C9: 8 | D9: 2021 | E9: =Submetering!E9+Submetering!F9 -> 5996 | F9: 0.14 | G9: =Submetering!M9 -> 2350 | H9: 0.16 | I9: =Submetering!N9 -> 120 | J9: 2.06 | K9: ='Hampshire Daily'!B12 -> 69 | L9: ='Hampshire Daily'!C12 -> 179
A10: Hampshire | B10: =B9+1 -> 9 | C10: 8 | D10: 2021 | E10: =Submetering!E10+Submetering!F10 -> 5581 | F10: 0.14 | G10: =Submetering!M10 -> 2344 | H10: 0.16 | I10: =Submetering!N10 -> 169 | J10: 2.06 | K10: ='Hampshire Daily'!B13 -> 82 | L10: ='Hampshire Daily'!C13 -> 212
A11: Hampshire | B11: =B10+1 -> 10 | C11: 8 | D11: 2021 | E11: =Submetering!E11+Submetering!F11 -> 5746 | F11: 0.14 | G11: =Submetering!M11 -> 2241 | H11: 0.16 | I11: =Submetering!N11 -> 133 | J11: 2.06 | K11: ='Hampshire Daily'!B14 -> 92 | L11: ='Hampshire Daily'!C14 -> 226
A12: Hampshire | B12: =B11+1 -> 11 | C12: 8 | D12: 2021 | E12: =Submetering!E12+Submetering!F12 -> 6500 | F12: 0.14 | G12: =Submetering!M12 -> 2105 | H12: 0.16 | I12: =Submetering!N12 -> 120 | J12: 2.06 | K12: ='Hampshire Daily'!B15 -> 112 | L12: ='Hampshire Daily'!C15 -> 253
A13: Hampshire | B13: =B12+1 -> 12 | C13: 8 | D13: 2021 | E13: =Submetering!E13+Submetering!F13 -> 7212 | F13: 0.14 | G13: =Submetering!M13 -> 2187 | H13: 0.16 | I13: =Submetering!N13 -> 149 | J13: 2.06 | K13: ='Hampshire Daily'!B16 -> 68 | L13: ='Hampshire Daily'!C16 -> 176
A14: Hampshire | B14: =B13+1 -> 13 | C14: 8 | D14: 2021 | E14: =Submetering!E14+Submetering!F14 -> 6433 | F14: 0.14 | G14: =Submetering!M14 -> 2111 | H14: 0.16 | I14: =Submetering!N14 -> 169 | J14: 2.06 | K14: ='Hampshire Daily'!B17 -> 91 | L14: ='Hampshire Daily'!C17 -> 243
... A32: Hampshire | B32: =B31+1 -> 31 | C32: 8 | D32: 2021 | E32: =Submetering!E32+Submetering!F32 -> 6137 | F32: 0.14 | G32: =Submetering!M32 -> 2269 | H32: 0.16 | I32: =Submetering!N32 -> 160 | J32: 2.06 | K32: ='Hampshire Daily'!B35 -> 48 | L32: ='Hampshire Daily'!C35 -> 109

Sheet Submetering
A1: Site Name | B1: Day | C1: Month | D1: Year | E1: Meter 1- KWh | F1: Meter 2- KWh | G1: East MCC- KWh | H1: South MCC 1- KWh | I1: South MCC 2- KWh | J1: West MCC- KWh | K1: Kitchen - KWh | L1: SPA - KWh | M1: Gas- KWh | N1: Main Site Water Meter - m3 | O1: Chiller 2- m3 | P1: Chiller 3- m3 | Q1: Chiller 4- m3 | R1: Hard Water Supply- m3 | S1: Pool Supply- m3 | T1: LTHW SPA- m3 | U1: LTHW East- m3 | V1: Chilled make-up- m3 | W1: Orchard irrigation | X1: Kids Pool | Y1: Room Nights | Z1: Total Guests
A2: Hampshire | B2: 1 | C2: 8 | D2: 2021 | E2: =IF(('Hampshire Daily'!D5-'Hampshire Daily'!D4<0),"0",('Hampshire Daily'!D5-'Hampshire Daily'!D4)) -> 3788 | F2: =IF(('Hampshire Daily'!F5-'Hampshire Daily'!F4<0),"0",('Hampshire Daily'!F5-'Hampshire Daily'!F4)) -> 1999 | G2: =IF(('Hampshire Daily'!H5-'Hampshire Daily'!H4<0),"0",('Hampshire Daily'!H5-'Hampshire Daily'!H4)) -> 0 | H2: =IF(('Hampshire Daily'!I5-'Hampshire Daily'!I4<0),"0",('Hampshire Daily'!I5-'Hampshire Daily'!I4)) -> 1730 | I2: =IF(('Hampshire Daily'!J5-'Hampshire Daily'!J4<0),"0",('Hampshire Daily'!J5-'Hampshire Daily'!J4)) -> 3 | J2: =IF(('Hampshire Daily'!K5-'Hampshire Daily'!K4<0),"0",('Hampshire Daily'!K5-'Hampshire Daily'!K4)) -> 2632 | K2: =IF(('Hampshire Daily'!L5-'Hampshire Daily'!L4<0),"0",('Hampshire Daily'!L5-'Hampshire Daily'!L4)) -> 1386 | L2: =IF(('Hampshire Daily'!M5-'Hampshire Daily'!M4<0),"0",('Hampshire Daily'!M5-'Hampshire Daily'!M4)) -> 0 | M2: =IF(('Hampshire Daily'!N5-'Hampshire Daily'!N4<0),"0",('Hampshire Daily'!N5-'Hampshire Daily'!N4)) -> 2249 | N2: =IF(('Hampshire Daily'!O5-'Hampshire Daily'!O4<0),"0",('Hampshire Daily'!O5-'Hampshire Daily'!O4)) -> 123 | ... Q2: =IF(('Hampshire Daily'!R5-'Hampshire Daily'!R4<0),"0",('Hampshire Daily'!R5-'Hampshire Daily'!R4)) -> 2 | R2: =IF(('Hampshire Daily'!U5-'Hampshire Daily'!U4<0),"0",('Hampshire Daily'!U5-'Hampshire Daily'!U4)) -> 9 | S2: =IF(('Hampshire Daily'!V5-'Hampshire Daily'!V4<0),"0",('Hampshire Daily'!V5-'Hampshire Daily'!V4)) -> 1 | T2: =IF(('Hampshire Daily'!W5-'Hampshire Daily'!W4<0),"0",('Hampshire Daily'!W5-'Hampshire Daily'!W4)) -> 0 | U2: =IF(('Hampshire Daily'!X5-'Hampshire Daily'!X4<0),"0",('Hampshire Daily'!X5-'Hampshire Daily'!X4)) -> 0.24 | V2: =IF(('Hampshire Daily'!Y5-'Hampshire Daily'!Y4<0),"0",('Hampshire Daily'!Y5-'Hampshire Daily'!Y4)) -> 0.009 | W2: =IF(('Hampshire Daily'!Z5-'Hampshire Daily'!Z4<0),"0",('Hampshire Daily'!Z5-'Hampshire Daily'!Z4)) -> 0 | X2: =IF(('Hampshire Daily'!AA5-'Hampshire Daily'!AA4<0),"0",('Hampshire Daily'!AA5-'Hampshire Daily'!AA4)) -> 7 | Y2: ='Hampshire Daily'!B5 -> 103 | Z2: ='Hampshire Daily'!C5 -> 247
A3: Hampshire | B3: =B2+1 -> 2 | C3: 8 | D3: 2021 | E3: =IF(('Hampshire Daily'!D6-'Hampshire Daily'!D5<0),"0",('Hampshire Daily'!D6-'Hampshire Daily'!D5)) -> 4371 | F3: =IF(('Hampshire Daily'!F6-'Hampshire Daily'!F5<0),"0",('Hampshire Daily'!F6-'Hampshire Daily'!F5)) -> 2016 | G3: =IF(('Hampshire Daily'!H6-'Hampshire Daily'!H5<0),"0",('Hampshire Daily'!H6-'Hampshire Daily'!H5)) -> 0 | H3: =IF(('Hampshire Daily'!I6-'Hampshire Daily'!I5<0),"0",('Hampshire Daily'!I6-'Hampshire Daily'!I5)) -> 1730 | I3: =IF(('Hampshire Daily'!J6-'Hampshire Daily'!J5<0),"0",('Hampshire Daily'!J6-'Hampshire Daily'!J5)) -> 0 | J3: =IF(('Hampshire Daily'!K6-'Hampshire Daily'!K5<0),"0",('Hampshire Daily'!K6-'Hampshire Daily'!K5)) -> 0 | K3: =IF(('Hampshire Daily'!L6-'Hampshire Daily'!L5<0),"0",('Hampshire Daily'!L6-'Hampshire Daily'!L5)) -> 1361 | L3: =IF(('Hampshire Daily'!M6-'Hampshire Daily'!M5<0),"0",('Hampshire Daily'!M6-'Hampshire Daily'!M5)) -> 0 | M3: =IF(('Hampshire Daily'!N6-'Hampshire Daily'!N5<0),"0",('Hampshire Daily'!N6-'Hampshire Daily'!N5)) -> 2360 | N3: =IF(('Hampshire Daily'!O6-'Hampshire Daily'!O5<0),"0",('Hampshire Daily'!O6-'Hampshire Daily'!O5)) -> 143 | ... Q3: =IF(('Hampshire Daily'!R6-'Hampshire Daily'!R5<0),"0",('Hampshire Daily'!R6-'Hampshire Daily'!R5)) -> 4 | R3: =IF(('Hampshire Daily'!U6-'Hampshire Daily'!U5<0),"0",('Hampshire Daily'!U6-'Hampshire Daily'!U5)) -> 11 | S3: =IF(('Hampshire Daily'!V6-'Hampshire Daily'!V5<0),"0",('Hampshire Daily'!V6-'Hampshire Daily'!V5)) -> 16 | T3: =IF(('Hampshire Daily'!W6-'Hampshire Daily'!W5<0),"0",('Hampshire Daily'!W6-'Hampshire Daily'!W5)) -> 0 | U3: =IF(('Hampshire Daily'!X6-'Hampshire Daily'!X5<0),"0",('Hampshire Daily'!X6-'Hampshire Daily'!X5)) -> 0.214 | V3: =IF(('Hampshire Daily'!Y6-'Hampshire Daily'!Y5<0),"0",('Hampshire Daily'!Y6-'Hampshire Daily'!Y5)) -> 0.007 | W3: =IF(('Hampshire Daily'!Z6-'Hampshire Daily'!Z5<0),"0",('Hampshire Daily'!Z6-'Hampshire Daily'!Z5)) -> 0 | X3: =IF(('Hampshire Daily'!AA6-'Hampshire Daily'!AA5<0),"0",('Hampshire Daily'!AA6-'Hampshire Daily'!AA5)) -> 3 | Y3: ='Hampshire Daily'!B6 -> 74 | Z3: ='Hampshire Daily'!C6 -> 209
A4: Hampshire | B4: =B3+1 -> 3 | C4: 8 | D4: 2021 | E4: =IF(('Hampshire Daily'!D7-'Hampshire Daily'!D6<0),"0",('Hampshire Daily'!D7-'Hampshire Daily'!D6)) -> 3762 | F4: =IF(('Hampshire Daily'!F7-'Hampshire Daily'!F6<0),"0",('Hampshire Daily'!F7-'Hampshire Daily'!F6)) -> 1959 | G4: =IF(('Hampshire Daily'!H7-'Hampshire Daily'!H6<0),"0",('Hampshire Daily'!H7-'Hampshire Daily'!H6)) -> 18 | H4: =IF(('Hampshire Daily'!I7-'Hampshire Daily'!I6<0),"0",('Hampshire Daily'!I7-'Hampshire Daily'!I6)) -> 1730 | I4: =IF(('Hampshire Daily'!J7-'Hampshire Daily'!J6<0),"0",('Hampshire Daily'!J7-'Hampshire Daily'!J6)) -> 3 | J4: =IF(('Hampshire Daily'!K7-'Hampshire Daily'!K6<0),"0",('Hampshire Daily'!K7-'Hampshire Daily'!K6)) -> 2632 | K4: =IF(('Hampshire Daily'!L7-'Hampshire Daily'!L6<0),"0",('Hampshire Daily'!L7-'Hampshire Daily'!L6)) -> 1372 | L4: =IF(('Hampshire Daily'!M7-'Hampshire Daily'!M6<0),"0",('Hampshire Daily'!M7-'Hampshire Daily'!M6)) -> 1 | M4: =IF(('Hampshire Daily'!N7-'Hampshire Daily'!N6<0),"0",('Hampshire Daily'!N7-'Hampshire Daily'!N6)) -> 2284 | N4: =IF(('Hampshire Daily'!O7-'Hampshire Daily'!O6<0),"0",('Hampshire Daily'!O7-'Hampshire Daily'!O6)) -> 132 | ... Q4: =IF(('Hampshire Daily'!R7-'Hampshire Daily'!R6<0),"0",('Hampshire Daily'!R7-'Hampshire Daily'!R6)) -> 4 | R4: =IF(('Hampshire Daily'!U7-'Hampshire Daily'!U6<0),"0",('Hampshire Daily'!U7-'Hampshire Daily'!U6)) -> 11 | S4: =IF(('Hampshire Daily'!V7-'Hampshire Daily'!V6<0),"0",('Hampshire Daily'!V7-'Hampshire Daily'!V6)) -> 0 | T4: =IF(('Hampshire Daily'!W7-'Hampshire Daily'!W6<0),"0",('Hampshire Daily'!W7-'Hampshire Daily'!W6)) -> 0 | U4: =IF(('Hampshire Daily'!X7-'Hampshire Daily'!X6<0),"0",('Hampshire Daily'!X7-'Hampshire Daily'!X6)) -> 0.216 | V4: =IF(('Hampshire Daily'!Y7-'Hampshire Daily'!Y6<0),"0",('Hampshire Daily'!Y7-'Hampshire Daily'!Y6)) -> 0.355 | W4: =IF(('Hampshire Daily'!Z7-'Hampshire Daily'!Z6<0),"0",('Hampshire Daily'!Z7-'Hampshire Daily'!Z6)) -> 0 | X4: =IF(('Hampshire Daily'!AA7-'Hampshire Daily'!AA6<0),"0",('Hampshire Daily'!AA7-'Hampshire Daily'!AA6)) -> 5 | Y4: ='Hampshire Daily'!B7 -> 73 | Z4: ='Hampshire Daily'!C7 -> 211
A5: Hampshire | B5: =B4+1 -> 4 | C5: 8 | D5: 2021 | E5: =IF(('Hampshire Daily'!D8-'Hampshire Daily'!D7<0),"0",('Hampshire Daily'!D8-'Hampshire Daily'!D7)) -> 3529 | F5: =IF(('Hampshire Daily'!F8-'Hampshire Daily'!F7<0),"0",('Hampshire Daily'!F8-'Hampshire Daily'!F7)) -> 2716 | G5: =IF(('Hampshire Daily'!H8-'Hampshire Daily'!H7<0),"0",('Hampshire Daily'!H8-'Hampshire Daily'!H7)) -> 181 | H5: =IF(('Hampshire Daily'!I8-'Hampshire Daily'!I7<0),"0",('Hampshire Daily'!I8-'Hampshire Daily'!I7)) -> 1730 | I5: =IF(('Hampshire Daily'!J8-'Hampshire Daily'!J7<0),"0",('Hampshire Daily'!J8-'Hampshire Daily'!J7)) -> 0 | J5: =IF(('Hampshire Daily'!K8-'Hampshire Daily'!K7<0),"0",('Hampshire Daily'!K8-'Hampshire Daily'!K7)) -> 0 | K5: =IF(('Hampshire Daily'!L8-'Hampshire Daily'!L7<0),"0",('Hampshire Daily'!L8-'Hampshire Daily'!L7)) -> 1398 | L5: =IF(('Hampshire Daily'!M8-'Hampshire Daily'!M7<0),"0",('Hampshire Daily'!M8-'Hampshire Daily'!M7)) -> 20 | M5: =IF(('Hampshire Daily'!N8-'Hampshire Daily'!N7<0),"0",('Hampshire Daily'!N8-'Hampshire Daily'!N7)) -> 2040 | N5: =IF(('Hampshire Daily'!O8-'Hampshire Daily'!O7<0),"0",('Hampshire Daily'!O8-'Hampshire Daily'!O7)) -> 131 | ... Q5: =IF(('Hampshire Daily'!R8-'Hampshire Daily'!R7<0),"0",('Hampshire Daily'!R8-'Hampshire Daily'!R7)) -> 4 | R5: =IF(('Hampshire Daily'!U8-'Hampshire Daily'!U7<0),"0",('Hampshire Daily'!U8-'Hampshire Daily'!U7)) -> 9 | S5: =IF(('Hampshire Daily'!V8-'Hampshire Daily'!V7<0),"0",('Hampshire Daily'!V8-'Hampshire Daily'!V7)) -> 1 | T5: =IF(('Hampshire Daily'!W8-'Hampshire Daily'!W7<0),"0",('Hampshire Daily'!W8-'Hampshire Daily'!W7)) -> 0 | U5: =IF(('Hampshire Daily'!X8-'Hampshire Daily'!X7<0),"0",('Hampshire Daily'!X8-'Hampshire Daily'!X7)) -> 0.026 | V5: =IF(('Hampshire Daily'!Y8-'Hampshire Daily'!Y7<0),"0",('Hampshire Daily'!Y8-'Hampshire Daily'!Y7)) -> 0.011 | W5: =IF(('Hampshire Daily'!Z8-'Hampshire Daily'!Z7<0),"0",('Hampshire Daily'!Z8-'Hampshire Daily'!Z7)) -> 0 | X5: =IF(('Hampshire Daily'!AA8-'Hampshire Daily'!AA7<0),"0",('Hampshire Daily'!AA8-'Hampshire Daily'!AA7)) -> 5 | Y5: ='Hampshire Daily'!B8 -> 73 | Z5: ='Hampshire Daily'!C8 -> 194
A6: Hampshire | B6: =B5+1 -> 5 | C6: 8 | D6: 2021 | E6: =IF(('Hampshire Daily'!D9-'Hampshire Daily'!D8<0),"0",('Hampshire Daily'!D9-'Hampshire Daily'!D8)) -> 3551 | F6: =IF(('Hampshire Daily'!F9-'Hampshire Daily'!F8<0),"0",('Hampshire Daily'!F9-'Hampshire Daily'!F8)) -> 2287 | G6: =IF(('Hampshire Daily'!H9-'Hampshire Daily'!H8<0),"0",('Hampshire Daily'!H9-'Hampshire Daily'!H8)) -> 81 | H6: =IF(('Hampshire Daily'!I9-'Hampshire Daily'!I8<0),"0",('Hampshire Daily'!I9-'Hampshire Daily'!I8)) -> 1730 | I6: =IF(('Hampshire Daily'!J9-'Hampshire Daily'!J8<0),"0",('Hampshire Daily'!J9-'Hampshire Daily'!J8)) -> 3 | J6: =IF(('Hampshire Daily'!K9-'Hampshire Daily'!K8<0),"0",('Hampshire Daily'!K9-'Hampshire Daily'!K8)) -> 2632 | K6: =IF(('Hampshire Daily'!L9-'Hampshire Daily'!L8<0),"0",('Hampshire Daily'!L9-'Hampshire Daily'!L8)) -> 1361 | L6: =IF(('Hampshire Daily'!M9-'Hampshire Daily'!M8<0),"0",('Hampshire Daily'!M9-'Hampshire Daily'!M8)) -> 0 | M6: =IF(('Hampshire Daily'!N9-'Hampshire Daily'!N8<0),"0",('Hampshire Daily'!N9-'Hampshire Daily'!N8)) -> 2134 | N6: =IF(('Hampshire Daily'!O9-'Hampshire Daily'!O8<0),"0",('Hampshire Daily'!O9-'Hampshire Daily'!O8)) -> 139 | ... Q6: =IF(('Hampshire Daily'!R9-'Hampshire Daily'!R8<0),"0",('Hampshire Daily'!R9-'Hampshire Daily'!R8)) -> 4 | R6: =IF(('Hampshire Daily'!U9-'Hampshire Daily'!U8<0),"0",('Hampshire Daily'!U9-'Hampshire Daily'!U8)) -> 10 | S6: =IF(('Hampshire Daily'!V9-'Hampshire Daily'!V8<0),"0",('Hampshire Daily'!V9-'Hampshire Daily'!V8)) -> 1 | T6: =IF(('Hampshire Daily'!W9-'Hampshire Daily'!W8<0),"0",('Hampshire Daily'!W9-'Hampshire Daily'!W8)) -> 0.001 | U6: =IF(('Hampshire Daily'!X9-'Hampshire Daily'!X8<0),"0",('Hampshire Daily'!X9-'Hampshire Daily'!X8)) -> 0.329 | V6: =IF(('Hampshire Daily'!Y9-'Hampshire Daily'!Y8<0),"0",('Hampshire Daily'!Y9-'Hampshire Daily'!Y8)) -> 0 | W6: =IF(('Hampshire Daily'!Z9-'Hampshire Daily'!Z8<0),"0",('Hampshire Daily'!Z9-'Hampshire Daily'!Z8)) -> 0 | X6: =IF(('Hampshire Daily'!AA9-'Hampshire Daily'!AA8<0),"0",('Hampshire Daily'!AA9-'Hampshire Daily'!AA8)) -> 5 | Y6: ='Hampshire Daily'!B9 -> 61 | Z6: ='Hampshire Daily'!C9 -> 152
A7: Hampshire | B7: =B6+1 -> 6 | C7: 8 | D7: 2021 | E7: =IF(('Hampshire Daily'!D10-'Hampshire Daily'!D9<0),"0",('Hampshire Daily'!D10-'Hampshire Daily'!D9)) -> 4553 | F7: =IF(('Hampshire Daily'!F10-'Hampshire Daily'!F9<0),"0",('Hampshire Daily'!F10-'Hampshire Daily'!F9)) -> 1985 | G7: =IF(('Hampshire Daily'!H10-'Hampshire Daily'!H9<0),"0",('Hampshire Daily'!H10-'Hampshire Daily'!H9)) -> 21 | H7: =IF(('Hampshire Daily'!I10-'Hampshire Daily'!I9<0),"0",('Hampshire Daily'!I10-'Hampshire Daily'!I9)) -> 1730 | I7: =IF(('Hampshire Daily'!J10-'Hampshire Daily'!J9<0),"0",('Hampshire Daily'!J10-'Hampshire Daily'!J9)) -> 0 | J7: =IF(('Hampshire Daily'!K10-'Hampshire Daily'!K9<0),"0",('Hampshire Daily'!K10-'Hampshire Daily'!K9)) -> 0 | K7: =IF(('Hampshire Daily'!L10-'Hampshire Daily'!L9<0),"0",('Hampshire Daily'!L10-'Hampshire Daily'!L9)) -> 1361 | L7: =IF(('Hampshire Daily'!M10-'Hampshire Daily'!M9<0),"0",('Hampshire Daily'!M10-'Hampshire Daily'!M9)) -> 160 | M7: =IF(('Hampshire Daily'!N10-'Hampshire Daily'!N9<0),"0",('Hampshire Daily'!N10-'Hampshire Daily'!N9)) -> 2175 | N7: =IF(('Hampshire Daily'!O10-'Hampshire Daily'!O9<0),"0",('Hampshire Daily'!O10-'Hampshire Daily'!O9)) -> 119 | ... Q7: =IF(('Hampshire Daily'!R10-'Hampshire Daily'!R9<0),"0",('Hampshire Daily'!R10-'Hampshire Daily'!R9)) -> 4 | R7: =IF(('Hampshire Daily'!U10-'Hampshire Daily'!U9<0),"0",('Hampshire Daily'!U10-'Hampshire Daily'!U9)) -> 9 | S7: =IF(('Hampshire Daily'!V10-'Hampshire Daily'!V9<0),"0",('Hampshire Daily'!V10-'Hampshire Daily'!V9)) -> 1 | T7: =IF(('Hampshire Daily'!W10-'Hampshire Daily'!W9<0),"0",('Hampshire Daily'!W10-'Hampshire Daily'!W9)) -> 0 | U7: =IF(('Hampshire Daily'!X10-'Hampshire Daily'!X9<0),"0",('Hampshire Daily'!X10-'Hampshire Daily'!X9)) -> 0.245 | V7: =IF(('Hampshire Daily'!Y10-'Hampshire Daily'!Y9<0),"0",('Hampshire Daily'!Y10-'Hampshire Daily'!Y9)) -> 0.011 | W7: =IF(('Hampshire Daily'!Z10-'Hampshire Daily'!Z9<0),"0",('Hampshire Daily'!Z10-'Hampshire Daily'!Z9)) -> 0 | X7: =IF(('Hampshire Daily'!AA10-'Hampshire Daily'!AA9<0),"0",('Hampshire Daily'!AA10-'Hampshire Daily'!AA9)) -> 4 | Y7: ='Hampshire Daily'!B10 -> 66 | Z7: ='Hampshire Daily'!C10 -> 162
A8: Hampshire | B8: =B7+1 -> 7 | C8: 8 | D8: 2021 | E8: =IF(('Hampshire Daily'!D11-'Hampshire Daily'!D10<0),"0",('Hampshire Daily'!D11-'Hampshire Daily'!D10)) -> 3859 | F8: =IF(('Hampshire Daily'!F11-'Hampshire Daily'!F10<0),"0",('Hampshire Daily'!F11-'Hampshire Daily'!F10)) -> 1994 | G8: =IF(('Hampshire Daily'!H11-'Hampshire Daily'!H10<0),"0",('Hampshire Daily'!H11-'Hampshire Daily'!H10)) -> 0 | H8: =IF(('Hampshire Daily'!I11-'Hampshire Daily'!I10<0),"0",('Hampshire Daily'!I11-'Hampshire Daily'!I10)) -> 1730 | I8: =IF(('Hampshire Daily'!J11-'Hampshire Daily'!J10<0),"0",('Hampshire Daily'!J11-'Hampshire Daily'!J10)) -> 3 | J8: =IF(('Hampshire Daily'!K11-'Hampshire Daily'!K10<0),"0",('Hampshire Daily'!K11-'Hampshire Daily'!K10)) -> 2632 | K8: =IF(('Hampshire Daily'!L11-'Hampshire Daily'!L10<0),"0",('Hampshire Daily'!L11-'Hampshire Daily'!L10)) -> 1424 | L8: =IF(('Hampshire Daily'!M11-'Hampshire Daily'!M10<0),"0",('Hampshire Daily'!M11-'Hampshire Daily'!M10)) -> 0 | M8: =IF(('Hampshire Daily'!N11-'Hampshire Daily'!N10<0),"0",('Hampshire Daily'!N11-'Hampshire Daily'!N10)) -> 2304 | N8: =IF(('Hampshire Daily'!O11-'Hampshire Daily'!O10<0),"0",('Hampshire Daily'!O11-'Hampshire Daily'!O10)) -> 120 | ... Q8: =IF(('Hampshire Daily'!R11-'Hampshire Daily'!R10<0),"0",('Hampshire Daily'!R11-'Hampshire Daily'!R10)) -> 0 | R8: =IF(('Hampshire Daily'!U11-'Hampshire Daily'!U10<0),"0",('Hampshire Daily'!U11-'Hampshire Daily'!U10)) -> 12 | S8: =IF(('Hampshire Daily'!V11-'Hampshire Daily'!V10<0),"0",('Hampshire Daily'!V11-'Hampshire Daily'!V10)) -> 1 | T8: =IF(('Hampshire Daily'!W11-'Hampshire Daily'!W10<0),"0",('Hampshire Daily'!W11-'Hampshire Daily'!W10)) -> 0 | U8: =IF(('Hampshire Daily'!X11-'Hampshire Daily'!X10<0),"0",('Hampshire Daily'!X11-'Hampshire Daily'!X10)) -> 0.237 | V8: =IF(('Hampshire Daily'!Y11-'Hampshire Daily'!Y10<0),"0",('Hampshire Daily'!Y11-'Hampshire Daily'!Y10)) -> 0.003 | W8: =IF(('Hampshire Daily'!Z11-'Hampshire Daily'!Z10<0),"0",('Hampshire Daily'!Z11-'Hampshire Daily'!Z10)) -> 0 | X8: =IF(('Hampshire Daily'!AA11-'Hampshire Daily'!AA10<0),"0",('Hampshire Daily'!AA11-'Hampshire Daily'!AA10)) -> 4 | Y8: ='Hampshire Daily'!B11 -> 72 | Z8: ='Hampshire Daily'!C11 -> 178
A9: Hampshire | B9: =B8+1 -> 8 | C9: 8 | D9: 2021 | E9: =IF(('Hampshire Daily'!D12-'Hampshire Daily'!D11<0),"0",('Hampshire Daily'!D12-'Hampshire Daily'!D11)) -> 3930 | F9: =IF(('Hampshire Daily'!F12-'Hampshire Daily'!F11<0),"0",('Hampshire Daily'!F12-'Hampshire Daily'!F11)) -> 2066 | G9: =IF(('Hampshire Daily'!H12-'Hampshire Daily'!H11<0),"0",('Hampshire Daily'!H12-'Hampshire Daily'!H11)) -> 43 | H9: =IF(('Hampshire Daily'!I12-'Hampshire Daily'!I11<0),"0",('Hampshire Daily'!I12-'Hampshire Daily'!I11)) -> 1730 | I9: =IF(('Hampshire Daily'!J12-'Hampshire Daily'!J11<0),"0",('Hampshire Daily'!J12-'Hampshire Daily'!J11)) -> 0 | J9: =IF(('Hampshire Daily'!K12-'Hampshire Daily'!K11<0),"0",('Hampshire Daily'!K12-'Hampshire Daily'!K11)) -> 0 | K9: =IF(('Hampshire Daily'!L12-'Hampshire Daily'!L11<0),"0",('Hampshire Daily'!L12-'Hampshire Daily'!L11)) -> 1261 | L9: =IF(('Hampshire Daily'!M12-'Hampshire Daily'!M11<0),"0",('Hampshire Daily'!M12-'Hampshire Daily'!M11)) -> 0 | M9: =IF(('Hampshire Daily'!N12-'Hampshire Daily'!N11<0),"0",('Hampshire Daily'!N12-'Hampshire Daily'!N11)) -> 2350 | N9: =IF(('Hampshire Daily'!O12-'Hampshire Daily'!O11<0),"0",('Hampshire Daily'!O12-'Hampshire Daily'!O11)) -> 120 | ... Q9: =IF(('Hampshire Daily'!R12-'Hampshire Daily'!R11<0),"0",('Hampshire Daily'!R12-'Hampshire Daily'!R11)) -> 504 | R9: =IF(('Hampshire Daily'!U12-'Hampshire Daily'!U11<0),"0",('Hampshire Daily'!U12-'Hampshire Daily'!U11)) -> 8 | S9: =IF(('Hampshire Daily'!V12-'Hampshire Daily'!V11<0),"0",('Hampshire Daily'!V12-'Hampshire Daily'!V11)) -> 1 | T9: =IF(('Hampshire Daily'!W12-'Hampshire Daily'!W11<0),"0",('Hampshire Daily'!W12-'Hampshire Daily'!W11)) -> 0 | U9: =IF(('Hampshire Daily'!X12-'Hampshire Daily'!X11<0),"0",('Hampshire Daily'!X12-'Hampshire Daily'!X11)) -> 0.184 | V9: =IF(('Hampshire Daily'!Y12-'Hampshire Daily'!Y11<0),"0",('Hampshire Daily'!Y12-'Hampshire Daily'!Y11)) -> 0.006 | W9: =IF(('Hampshire Daily'!Z12-'Hampshire Daily'!Z11<0),"0",('Hampshire Daily'!Z12-'Hampshire Daily'!Z11)) -> 0 | X9: =IF(('Hampshire Daily'!AA12-'Hampshire Daily'!AA11<0),"0",('Hampshire Daily'!AA12-'Hampshire Daily'!AA11)) -> 7 | Y9: ='Hampshire Daily'!B12 -> 69 | Z9: ='Hampshire Daily'!C12 -> 179
A10: Hampshire | B10: =B9+1 -> 9 | C10: 8 | D10: 2021 | E10: =IF(('Hampshire Daily'!D13-'Hampshire Daily'!D12<0),"0",('Hampshire Daily'!D13-'Hampshire Daily'!D12)) -> 3683 | F10: =IF(('Hampshire Daily'!F13-'Hampshire Daily'!F12<0),"0",('Hampshire Daily'!F13-'Hampshire Daily'!F12)) -> 1898 | G10: =IF(('Hampshire Daily'!H13-'Hampshire Daily'!H12<0),"0",('Hampshire Daily'!H13-'Hampshire Daily'!H12)) -> 0 | H10: =IF(('Hampshire Daily'!I13-'Hampshire Daily'!I12<0),"0",('Hampshire Daily'!I13-'Hampshire Daily'!I12)) -> 1730 | I10: =IF(('Hampshire Daily'!J13-'Hampshire Daily'!J12<0),"0",('Hampshire Daily'!J13-'Hampshire Daily'!J12)) -> 3 | J10: =IF(('Hampshire Daily'!K13-'Hampshire Daily'!K12<0),"0",('Hampshire Daily'!K13-'Hampshire Daily'!K12)) -> 2632 | K10: =IF(('Hampshire Daily'!L13-'Hampshire Daily'!L12<0),"0",('Hampshire Daily'!L13-'Hampshire Daily'!L12)) -> 1291 | L10: =IF(('Hampshire Daily'!M13-'Hampshire Daily'!M12<0),"0",('Hampshire Daily'!M13-'Hampshire Daily'!M12)) -> 0 | M10: =IF(('Hampshire Daily'!N13-'Hampshire Daily'!N12<0),"0",('Hampshire Daily'!N13-'Hampshire Daily'!N12)) -> 2344 | N10: =IF(('Hampshire Daily'!O13-'Hampshire Daily'!O12<0),"0",('Hampshire Daily'!O13-'Hampshire Daily'!O12)) -> 169 | ... Q10: =IF(('Hampshire Daily'!R13-'Hampshire Daily'!R12<0),"0",('Hampshire Daily'!R13-'Hampshire Daily'!R12)) -> 4 | R10: =IF(('Hampshire Daily'!U13-'Hampshire Daily'!U12<0),"0",('Hampshire Daily'!U13-'Hampshire Daily'!U12)) -> 9 | S10: =IF(('Hampshire Daily'!V13-'Hampshire Daily'!V12<0),"0",('Hampshire Daily'!V13-'Hampshire Daily'!V12)) -> 11 | T10: =IF(('Hampshire Daily'!W13-'Hampshire Daily'!W12<0),"0",('Hampshire Daily'!W13-'Hampshire Daily'!W12)) -> 0 | U10: =IF(('Hampshire Daily'!X13-'Hampshire Daily'!X12<0),"0",('Hampshire Daily'!X13-'Hampshire Daily'!X12)) -> 0.221 | V10: =IF(('Hampshire Daily'!Y13-'Hampshire Daily'!Y12<0),"0",('Hampshire Daily'!Y13-'Hampshire Daily'!Y12)) -> 0.007 | W10: =IF(('Hampshire Daily'!Z13-'Hampshire Daily'!Z12<0),"0",('Hampshire Daily'!Z13-'Hampshire Daily'!Z12)) -> 0 | X10: =IF(('Hampshire Daily'!AA13-'Hampshire Daily'!AA12<0),"0",('Hampshire Daily'!AA13-'Hampshire Daily'!AA12)) -> 7 | Y10: ='Hampshire Daily'!B13 -> 82 | Z10: ='Hampshire Daily'!C13 -> 212
A11: Hampshire | B11: =B10+1 -> 10 | C11: 8 | D11: 2021 | E11: =IF(('Hampshire Daily'!D14-'Hampshire Daily'!D13<0),"0",('Hampshire Daily'!D14-'Hampshire Daily'!D13)) -> 3385 | F11: =IF(('Hampshire Daily'!F14-'Hampshire Daily'!F13<0),"0",('Hampshire Daily'!F14-'Hampshire Daily'!F13)) -> 2361 | G11: =IF(('Hampshire Daily'!H14-'Hampshire Daily'!H13<0),"0",('Hampshire Daily'!H14-'Hampshire Daily'!H13)) -> 82 | H11: =IF(('Hampshire Daily'!I14-'Hampshire Daily'!I13<0),"0",('Hampshire Daily'!I14-'Hampshire Daily'!I13)) -> 1730 | I11: =IF(('Hampshire Daily'!J14-'Hampshire Daily'!J13<0),"0",('Hampshire Daily'!J14-'Hampshire Daily'!J13)) -> 0 | J11: =IF(('Hampshire Daily'!K14-'Hampshire Daily'!K13<0),"0",('Hampshire Daily'!K14-'Hampshire Daily'!K13)) -> 0 | K11: =IF(('Hampshire Daily'!L14-'Hampshire Daily'!L13<0),"0",('Hampshire Daily'!L14-'Hampshire Daily'!L13)) -> 1361 | L11: =IF(('Hampshire Daily'!M14-'Hampshire Daily'!M13<0),"0",('Hampshire Daily'!M14-'Hampshire Daily'!M13)) -> 1 | M11: =IF(('Hampshire Daily'!N14-'Hampshire Daily'!N13<0),"0",('Hampshire Daily'!N14-'Hampshire Daily'!N13)) -> 2241 | N11: =IF(('Hampshire Daily'!O14-'Hampshire Daily'!O13<0),"0",('Hampshire Daily'!O14-'Hampshire Daily'!O13)) -> 133 | ... Q11: =IF(('Hampshire Daily'!R14-'Hampshire Daily'!R13<0),"0",('Hampshire Daily'!R14-'Hampshire Daily'!R13)) -> 4 | R11: =IF(('Hampshire Daily'!U14-'Hampshire Daily'!U13<0),"0",('Hampshire Daily'!U14-'Hampshire Daily'!U13)) -> 10 | S11: =IF(('Hampshire Daily'!V14-'Hampshire Daily'!V13<0),"0",('Hampshire Daily'!V14-'Hampshire Daily'!V13)) -> 1 | T11: =IF(('Hampshire Daily'!W14-'Hampshire Daily'!W13<0),"0",('Hampshire Daily'!W14-'Hampshire Daily'!W13)) -> 0 | U11: =IF(('Hampshire Daily'!X14-'Hampshire Daily'!X13<0),"0",('Hampshire Daily'!X14-'Hampshire Daily'!X13)) -> 0.136 | V11: =IF(('Hampshire Daily'!Y14-'Hampshire Daily'!Y13<0),"0",('Hampshire Daily'!Y14-'Hampshire Daily'!Y13)) -> 0.008 | W11: =IF(('Hampshire Daily'!Z14-'Hampshire Daily'!Z13<0),"0",('Hampshire Daily'!Z14-'Hampshire Daily'!Z13)) -> 0 | X11: =IF(('Hampshire Daily'!AA14-'Hampshire Daily'!AA13<0),"0",('Hampshire Daily'!AA14-'Hampshire Daily'!AA13)) -> 5 | Y11: ='Hampshire Daily'!B14 -> 92 | Z11: ='Hampshire Daily'!C14 -> 226
A12: Hampshire | B12: =B11+1 -> 11 | C12: 8 | D12: 2021 | E12: =IF(('Hampshire Daily'!D15-'Hampshire Daily'!D14<0),"0",('Hampshire Daily'!D15-'Hampshire Daily'!D14)) -> 4145 | F12: =IF(('Hampshire Daily'!F15-'Hampshire Daily'!F14<0),"0",('Hampshire Daily'!F15-'Hampshire Daily'!F14)) -> 2355 | G12: =IF(('Hampshire Daily'!H15-'Hampshire Daily'!H14<0),"0",('Hampshire Daily'!H15-'Hampshire Daily'!H14)) -> 110 | H12: =IF(('Hampshire Daily'!I15-'Hampshire Daily'!I14<0),"0",('Hampshire Daily'!I15-'Hampshire Daily'!I14)) -> 1730 | I12: =IF(('Hampshire Daily'!J15-'Hampshire Daily'!J14<0),"0",('Hampshire Daily'!J15-'Hampshire Daily'!J14)) -> 3 | J12: =IF(('Hampshire Daily'!K15-'Hampshire Daily'!K14<0),"0",('Hampshire Daily'!K15-'Hampshire Daily'!K14)) -> 2632 | K12: =IF(('Hampshire Daily'!L15-'Hampshire Daily'!L14<0),"0",('Hampshire Daily'!L15-'Hampshire Daily'!L14)) -> 1361 | L12: =IF(('Hampshire Daily'!M15-'Hampshire Daily'!M14<0),"0",('Hampshire Daily'!M15-'Hampshire Daily'!M14)) -> 10 | M12: =IF(('Hampshire Daily'!N15-'Hampshire Daily'!N14<0),"0",('Hampshire Daily'!N15-'Hampshire Daily'!N14)) -> 2105 | N12: =IF(('Hampshire Daily'!O15-'Hampshire Daily'!O14<0),"0",('Hampshire Daily'!O15-'Hampshire Daily'!O14)) -> 120 | ... Q12: =IF(('Hampshire Daily'!R15-'Hampshire Daily'!R14<0),"0",('Hampshire Daily'!R15-'Hampshire Daily'!R14)) -> 4 | R12: =IF(('Hampshire Daily'!U15-'Hampshire Daily'!U14<0),"0",('Hampshire Daily'!U15-'Hampshire Daily'!U14)) -> 9 | S12: =IF(('Hampshire Daily'!V15-'Hampshire Daily'!V14<0),"0",('Hampshire Daily'!V15-'Hampshire Daily'!V14)) -> 1 | T12: =IF(('Hampshire Daily'!W15-'Hampshire Daily'!W14<0),"0",('Hampshire Daily'!W15-'Hampshire Daily'!W14)) -> 0 | U12: =IF(('Hampshire Daily'!X15-'Hampshire Daily'!X14<0),"0",('Hampshire Daily'!X15-'Hampshire Daily'!X14)) -> 0.439 | V12: =IF(('Hampshire Daily'!Y15-'Hampshire Daily'!Y14<0),"0",('Hampshire Daily'!Y15-'Hampshire Daily'!Y14)) -> 0.009 | W12: =IF(('Hampshire Daily'!Z15-'Hampshire Daily'!Z14<0),"0",('Hampshire Daily'!Z15-'Hampshire Daily'!Z14)) -> 0 | X12: =IF(('Hampshire Daily'!AA15-'Hampshire Daily'!AA14<0),"0",('Hampshire Daily'!AA15-'Hampshire Daily'!AA14)) -> 5 | Y12: ='Hampshire Daily'!B15 -> 112 | Z12: ='Hampshire Daily'!C15 -> 253
A13: Hampshire | B13: =B12+1 -> 12 | C13: 8 | D13: 2021 | E13: =IF(('Hampshire Daily'!D16-'Hampshire Daily'!D15<0),"0",('Hampshire Daily'!D16-'Hampshire Daily'!D15)) -> 4127 | F13: =IF(('Hampshire Daily'!F16-'Hampshire Daily'!F15<0),"0",('Hampshire Daily'!F16-'Hampshire Daily'!F15)) -> 3085 | G13: =IF(('Hampshire Daily'!H16-'Hampshire Daily'!H15<0),"0",('Hampshire Daily'!H16-'Hampshire Daily'!H15)) -> 104 | H13: =IF(('Hampshire Daily'!I16-'Hampshire Daily'!I15<0),"0",('Hampshire Daily'!I16-'Hampshire Daily'!I15)) -> 1730 | I13: =IF(('Hampshire Daily'!J16-'Hampshire Daily'!J15<0),"0",('Hampshire Daily'!J16-'Hampshire Daily'!J15)) -> 0 | J13: =IF(('Hampshire Daily'!K16-'Hampshire Daily'!K15<0),"0",('Hampshire Daily'!K16-'Hampshire Daily'!K15)) -> 0 | K13: =IF(('Hampshire Daily'!L16-'Hampshire Daily'!L15<0),"0",('Hampshire Daily'!L16-'Hampshire Daily'!L15)) -> 1361 | L13: =IF(('Hampshire Daily'!M16-'Hampshire Daily'!M15<0),"0",('Hampshire Daily'!M16-'Hampshire Daily'!M15)) -> 0 | M13: =IF(('Hampshire Daily'!N16-'Hampshire Daily'!N15<0),"0",('Hampshire Daily'!N16-'Hampshire Daily'!N15)) -> 2187 | N13: =IF(('Hampshire Daily'!O16-'Hampshire Daily'!O15<0),"0",('Hampshire Daily'!O16-'Hampshire Daily'!O15)) -> 149 | ... Q13: =IF(('Hampshire Daily'!R16-'Hampshire Daily'!R15<0),"0",('Hampshire Daily'!R16-'Hampshire Daily'!R15)) -> 3 | R13: =IF(('Hampshire Daily'!U16-'Hampshire Daily'!U15<0),"0",('Hampshire Daily'!U16-'Hampshire Daily'!U15)) -> 10 | S13: =IF(('Hampshire Daily'!V16-'Hampshire Daily'!V15<0),"0",('Hampshire Daily'!V16-'Hampshire Daily'!V15)) -> 1 | T13: =IF(('Hampshire Daily'!W16-'Hampshire Daily'!W15<0),"0",('Hampshire Daily'!W16-'Hampshire Daily'!W15)) -> 0 | U13: =IF(('Hampshire Daily'!X16-'Hampshire Daily'!X15<0),"0",('Hampshire Daily'!X16-'Hampshire Daily'!X15)) -> 0.076 | V13: =IF(('Hampshire Daily'!Y16-'Hampshire Daily'!Y15<0),"0",('Hampshire Daily'!Y16-'Hampshire Daily'!Y15)) -> 0.01 | W13: =IF(('Hampshire Daily'!Z16-'Hampshire Daily'!Z15<0),"0",('Hampshire Daily'!Z16-'Hampshire Daily'!Z15)) -> 0 | X13: =IF(('Hampshire Daily'!AA16-'Hampshire Daily'!AA15<0),"0",('Hampshire Daily'!AA16-'Hampshire Daily'!AA15)) -> 5 | Y13: ='Hampshire Daily'!B16 -> 68 | Z13: ='Hampshire Daily'!C16 -> 176
A14: Hampshire | B14: =B13+1 -> 13 | C14: 8 | D14: 2021 | E14: =IF(('Hampshire Daily'!D17-'Hampshire Daily'!D16<0),"0",('Hampshire Daily'!D17-'Hampshire Daily'!D16)) -> 2882 | F14: =IF(('Hampshire Daily'!F17-'Hampshire Daily'!F16<0),"0",('Hampshire Daily'!F17-'Hampshire Daily'!F16)) -> 3551 | G14: =IF(('Hampshire Daily'!H17-'Hampshire Daily'!H16<0),"0",('Hampshire Daily'!H17-'Hampshire Daily'!H16)) -> 83 | H14: =IF(('Hampshire Daily'!I17-'Hampshire Daily'!I16<0),"0",('Hampshire Daily'!I17-'Hampshire Daily'!I16)) -> 1730 | I14: =IF(('Hampshire Daily'!J17-'Hampshire Daily'!J16<0),"0",('Hampshire Daily'!J17-'Hampshire Daily'!J16)) -> 3 | J14: =IF(('Hampshire Daily'!K17-'Hampshire Daily'!K16<0),"0",('Hampshire Daily'!K17-'Hampshire Daily'!K16)) -> 2632 | K14: =IF(('Hampshire Daily'!L17-'Hampshire Daily'!L16<0),"0",('Hampshire Daily'!L17-'Hampshire Daily'!L16)) -> 1361 | L14: =IF(('Hampshire Daily'!M17-'Hampshire Daily'!M16<0),"0",('Hampshire Daily'!M17-'Hampshire Daily'!M16)) -> 1 | M14: =IF(('Hampshire Daily'!N17-'Hampshire Daily'!N16<0),"0",('Hampshire Daily'!N17-'Hampshire Daily'!N16)) -> 2111 | N14: =IF(('Hampshire Daily'!O17-'Hampshire Daily'!O16<0),"0",('Hampshire Daily'!O17-'Hampshire Daily'!O16)) -> 169 | ... Q14: =IF(('Hampshire Daily'!R17-'Hampshire Daily'!R16<0),"0",('Hampshire Daily'!R17-'Hampshire Daily'!R16)) -> 2 | R14: =IF(('Hampshire Daily'!U17-'Hampshire Daily'!U16<0),"0",('Hampshire Daily'!U17-'Hampshire Daily'!U16)) -> 10 | S14: =IF(('Hampshire Daily'!V17-'Hampshire Daily'!V16<0),"0",('Hampshire Daily'!V17-'Hampshire Daily'!V16)) -> 2 | T14: =IF(('Hampshire Daily'!W17-'Hampshire Daily'!W16<0),"0",('Hampshire Daily'!W17-'Hampshire Daily'!W16)) -> 0 | U14: =IF(('Hampshire Daily'!X17-'Hampshire Daily'!X16<0),"0",('Hampshire Daily'!X17-'Hampshire Daily'!X16)) -> 0.344 | V14: =IF(('Hampshire Daily'!Y17-'Hampshire Daily'!Y16<0),"0",('Hampshire Daily'!Y17-'Hampshire Daily'!Y16)) -> 0.01 | W14: =IF(('Hampshire Daily'!Z17-'Hampshire Daily'!Z16<0),"0",('Hampshire Daily'!Z17-'Hampshire Daily'!Z16)) -> 21 | X14: =IF(('Hampshire Daily'!AA17-'Hampshire Daily'!AA16<0),"0",('Hampshire Daily'!AA17-'Hampshire Daily'!AA16)) -> 5 | Y14: ='Hampshire Daily'!B17 -> 91 | Z14: ='Hampshire Daily'!C17 -> 243
... A32: Hampshire | B32: =B31+1 -> 31 | C32: 8 | D32: 2021 | E32: =IF(('Hampshire Daily'!D35-'Hampshire Daily'!D34<0),"0",('Hampshire Daily'!D35-'Hampshire Daily'!D34)) -> 4412 | F32: =IF(('Hampshire Daily'!F35-'Hampshire Daily'!F34<0),"0",('Hampshire Daily'!F35-'Hampshire Daily'!F34)) -> 1725 | G32: =IF(('Hampshire Daily'!H35-'Hampshire Daily'!H34<0),"0",('Hampshire Daily'!H35-'Hampshire Daily'!H34)) -> 0 | H32: =IF(('Hampshire Daily'!I35-'Hampshire Daily'!I34<0),"0",('Hampshire Daily'!I35-'Hampshire Daily'!I34)) -> 1722 | I32: =IF(('Hampshire Daily'!J35-'Hampshire Daily'!J34<0),"0",('Hampshire Daily'!J35-'Hampshire Daily'!J34)) -> 0 | J32: =IF(('Hampshire Daily'!K35-'Hampshire Daily'!K34<0),"0",('Hampshire Daily'!K35-'Hampshire Daily'!K34)) -> 2875 | K32: =IF(('Hampshire Daily'!L35-'Hampshire Daily'!L34<0),"0",('Hampshire Daily'!L35-'Hampshire Daily'!L34)) -> 1466 | L32: =IF(('Hampshire Daily'!M35-'Hampshire Daily'!M34<0),"0",('Hampshire Daily'!M35-'Hampshire Daily'!M34)) -> 0 | M32: =IF(('Hampshire Daily'!N35-'Hampshire Daily'!N34<0),"0",('Hampshire Daily'!N35-'Hampshire Daily'!N34)) -> 2269 | N32: =IF(('Hampshire Daily'!O35-'Hampshire Daily'!O34<0),"0",('Hampshire Daily'!O35-'Hampshire Daily'!O34)) -> 160 | ... Q32: =IF(('Hampshire Daily'!R35-'Hampshire Daily'!R34<0),"0",('Hampshire Daily'!R35-'Hampshire Daily'!R34)) -> 5 | R32: =IF(('Hampshire Daily'!U35-'Hampshire Daily'!U34<0),"0",('Hampshire Daily'!U35-'Hampshire Daily'!U34)) -> 12 | S32: =IF(('Hampshire Daily'!V35-'Hampshire Daily'!V34<0),"0",('Hampshire Daily'!V35-'Hampshire Daily'!V34)) -> 0 | T32: =IF(('Hampshire Daily'!W35-'Hampshire Daily'!W34<0),"0",('Hampshire Daily'!W35-'Hampshire Daily'!W34)) -> 0.001 | U32: =IF(('Hampshire Daily'!X35-'Hampshire Daily'!X34<0),"0",('Hampshire Daily'!X35-'Hampshire Daily'!X34)) -> 0.214 | V32: =IF(('Hampshire Daily'!Y35-'Hampshire Daily'!Y34<0),"0",('Hampshire Daily'!Y35-'Hampshire Daily'!Y34)) -> 0.008 | W32: =IF(('Hampshire Daily'!Z35-'Hampshire Daily'!Z34<0),"0",('Hampshire Daily'!Z35-'Hampshire Daily'!Z34)) -> 20 | X32: =IF(('Hampshire Daily'!AA35-'Hampshire Daily'!AA34<0),"0",('Hampshire Daily'!AA35-'Hampshire Daily'!AA34)) -> 4 | Y32: ='Hampshire Daily'!B35 -> 48 | Z32: ='Hampshire Daily'!C35 -> 109

Sheet Hampshire Daily
D1: Electrical | N1: Gas | O1: Main Site Water Meter | S1: Water Softener Meter | U1: Hard Water Supply | V1: Pool Supply | W1: LTHW Spa | X1: LTHW East | Y1: Chilled make-up | Z1: Orchard irrigation | AA1: Kids pool | AB1: 42 | AC1: 41
B2: Room Night | C2: Guest | D2: Meter 1 | E2: Check 1 | F2: Meter 2 | G2: Check 2 | H2: East MCC | I2: South MCC 1 | J2: South MCC 2 | K2: West MCC | L2: Kitchen sub meter | M2: Spa electric | P2: Chiller | Q2: Chiller | R2: Chiller | AB2: Spa CHP Electric generated | AC2: East CHP Electric generated
P3: 2 | Q3: 3 | R3: 4
A4: 44407 | B4: 84 | C4: 204 | D4: 603985 | E4: 604901 | F4: 531541 | G4: 530997 | H4: 234498 | I4: 7198870 | J4: 32221 | K4: 5173101 | L4: 741542 | M4: 2632699 | N4: 1133818 | O4: 364359 | P4: 1483076 | Q4: 649913 | R4: 925 | S4: 335352 | T4: 37528 | U4: 51308 | V4: 30721 | W4: 489.716 | X4: 932.425 | Y4: 3888.477 | Z4: 3478 | AA4: 1952 | AB4: 2928 | AC4: 3530
A5: 44409 | B5: 103 | C5: 247 | D5: 607773 | E5: 608695 | F5: 533540 | G5: 532995 | H5: 234498 | I5: =I4+1730 -> 7200600 | J5: =J4+3 -> 32224 | K5: =K4+2632 -> 5175733 | L5: 742928 | M5: 2632699 | N5: 1136067 | O5: 364482 | P5: 1483076 | Q5: 650668 | R5: 927 | S5: 335448 | T5: 37626 | U5: 51317 | V5: 30722 | W5: 489.716 | X5: 932.665 | Y5: 3888.486 | Z5: 3478 | AA5: 1959 | AB5: 2928 | AC5: 3561
A6: 44410 | B6: 74 | C6: 209 | D6: 612144 | E6: 613073 | F6: 535556 | G6: 535009 | H6: 234498 | I6: =I5+1730 -> 7202330 | J6: 32222 | K6: 5173102 | L6: 744289 | M6: 2632699 | N6: 1138427 | O6: 364625 | P6: 1483076 | Q6: 651376 | R6: 931 | S6: 335559 | T6: 37738 | U6: 51328 | V6: 30738 | W6: 489.715 | X6: 932.879 | Y6: 3888.493 | Z6: 3478 | AA6: 1962 | AB6: 2928 | AC6: 3442
A7: 44411 | B7: 73 | C7: 211 | D7: 615906 | E7: 616841 | F7: 537515 | G7: 536966 | H7: 234516 | I7: =I6+1730 -> 7204060 | J7: =J6+3 -> 32225 | K7: =K6+2632 -> 5175734 | L7: 745661 | M7: 2632700 | N7: 1140711 | O7: 364757 | P7: 1483076 | Q7: 651848 | R7: 935 | S7: 335660 | T7: 37840 | U7: 51339 | V7: 30738 | W7: 489.715 | X7: 933.095 | Y7: 3888.848 | Z7: 3478 | AA7: 1967 | AB7: 2863 | AC7: 2913
A8: 44412 | B8: 73 | C8: 194 | D8: 619435 | E8: 620377 | F8: 540231 | G8: 539680 | H8: 234697 | I8: =I7+1730 -> 7205790 | J8: 32223 | K8: 5173103 | L8: 747059 | M8: 2632720 | N8: 1142751 | O8: 364888 | P8: 1483076 | Q8: 652336 | R8: 939 | S8: 335764 | T8: 37946 | U8: 51348 | V8: 30739 | W8: 489.715 | X8: 933.121 | Y8: 3888.859 | Z8: 3478 | AA8: 1972 | AB8: 2928 | AC8: 2898
A9: 44413 | B9: 61 | C9: 152 | D9: 622986 | E9: 623933 | F9: 542518 | G9: 541965 | H9: 234778 | I9: =I8+1730 -> 7207520 | J9: =J8+3 -> 32226 | K9: =K8+2632 -> 5175735 | L9: 748420 | M9: 2632720 | N9: 1144885 | O9: 365027 | P9: 1483076 | Q9: 653003 | R9: 943 | S9: 335865 | T9: 38048 | U9: 51358 | V9: 30740 | W9: 489.716 | X9: 933.45 | Y9: 3888.859 | Z9: 3478 | AA9: 1977 | AB9: 2334 | AC9: 3465
A10: 44414 | B10: 66 | C10: 162 | D10: 627539 | E10: 628493 | F10: 544503 | G10: 543948 | H10: 234799 | I10: =I9+1730 -> 7209250 | J10: 32224 | K10: 5173104 | L10: 749781 | M10: 2632880 | N10: 1147060 | O10: 365146 | P10: 1483076 | Q10: 653697 | R10: 947 | S10: 335956 | T10: 38139 | U10: 51367 | V10: 30741 | W10: 489.716 | X10: 933.695 | Y10: 3888.87 | Z10: 3478 | AA10: 1981 | AB10: 2925 | AC10: 3525
A11: 44415 | B11: 72 | C11: 178 | D11: 631398 | E11: 632358 | F11: 546497 | G11: 545940 | H11: 234799 | I11: =I10+1730 -> 7210980 | J11: =J10+3 -> 32227 | K11: =K10+2632 -> 5175736 | L11: 751205 | M11: 2632880 | N11: 1149364 | O11: 365266 | P11: 1483076 | Q11: 654349 | R11: 450 | S11: 336056 | T11: 38241 | U11: 51379 | V11: 30742 | W11: 489.715 | X11: 933.932 | Y11: 3888.873 | Z11: 3478 | AA11: 1985 | AB11: 2929 | AC11: 3378
A12: 44416 | B12: 69 | C12: 179 | D12: 635328 | E12: 636295 | F12: 548563 | G12: 548004 | H12: 234842 | I12: =I11+1730 -> 7212710 | J12: 32225 | K12: 5173105 | L12: 752466 | M12: 2632880 | N12: 1151714 | O12: 365386 | P12: 1483076 | Q12: 654923 | R12: 954 | S12: 336150 | T12: 38337 | U12: 51387 | V12: 30743 | W12: 489.715 | X12: 934.116 | Y12: 3888.879 | Z12: 3478 | AA12: 1992 | AB12: 2928 | AC12: 3566
A13: 44417 | B13: 82 | C13: 212 | D13: 639011 | E13: 639984 | F13: 550461 | G13: 549900 | H13: 234842 | I13: =I12+1730 -> 7214440 | J13: =J12+3 -> 32228 | K13: =K12+2632 -> 5175737 | L13: 753757 | M13: 2632880 | N13: 1154058 | O13: 365555 | P13: 1483076 | Q13: 655408 | R13: 958 | S13: 336260 | T13: 38448 | U13: 51396 | V13: 30754 | W13: 489.715 | X13: 934.337 | Y13: 3888.886 | Z13: 3478 | AA13: 1999 | AB13: 2928 | AC13: 3179
A14: 44418 | B14: 92 | C14: 226 | D14: 642396 | E14: 643375 | F14: 552822 | G14: 552259 | H14: 234924 | I14: =I13+1730 -> 7216170 | J14: 32226 | K14: 5173106 | L14: 755118 | M14: 2632881 | N14: 1156299 | O14: 365688 | P14: 1483076 | Q14: 655947 | R14: 962 | S14: 336363 | T14: 38552 | U14: 51406 | V14: 30755 | W14: 489.715 | X14: 934.473 | Y14: 3888.894 | Z14: 3478 | AA14: 2004 | AB14: 2891 | AC14: 3014
A15: 44419 | B15: 112 | C15: 253 | D15: 646541 | E15: 647527 | F15: 555177 | G15: 554611 | H15: 235034 | I15: =I14+1730 -> 7217900 | J15: =J14+3 -> 32229 | K15: =K14+2632 -> 5175738 | L15: 756479 | M15: 2632891 | N15: 1158404 | O15: 365808 | P15: 1483076 | Q15: 656674 | R15: 966 | S15: 336477 | T15: 38668 | U15: 51415 | V15: 30756 | W15: 489.715 | X15: 934.912 | Y15: 3888.903 | Z15: 3478 | AA15: 2009 | AB15: 2928 | AC15: 3190
A16: 44420 | B16: 68 | C16: 176 | D16: 650668 | E16: 651660 | F16: 558262 | G16: 557693 | H16: 235138 | I16: =I15+1730 -> 7219630 | J16: 32227 | K16: 5173107 | L16: 757840 | M16: 2632891 | N16: 1160591 | O16: 365957 | P16: 1483544 | Q16: 657237 | R16: 969 | S16: 336600 | T16: 38792 | U16: 51425 | V16: 30757 | W16: 489.715 | X16: 934.988 | Y16: 3888.913 | Z16: 3478 | AA16: 2014 | AB16: 2905 | AC16: 3069
A17: 44421 | B17: 91 | C17: 243 | D17: 653550 | E17: 654546 | F17: 561813 | G17: 561241 | H17: 235221 | I17: =I16+1730 -> 7221360 | J17: =J16+3 -> 32230 | K17: =K16+2632 -> 5175739 | L17: 759201 | M17: 2632892 | N17: 1162702 | O17: 366126 | P17: 1484354 | Q17: 657437 | R17: 971 | S17: 336714 | T17: 38907 | U17: 51435 | V17: 30759 | W17: 489.715 | X17: 935.332 | Y17: 3888.923 | Z17: 3499 | AA17: 2019 | AB17: 2825 | AC17: 3194
A18: 44422 | B18: 92 | C18: 236 | D18: 656795 | E18: 657795 | F18: 565762 | G18: 565186 | H18: 235302 | I18: =I17+1730 -> 7223090 | J18: 32228 | K18: 5173108 | L18: 760562 | M18: 2632893 | N18: 1165007 | O18: 366300 | P18: 1485211 | Q18: 657682 | R18: 974 | S18: 336837 | T18: 39031 | U18: 51446 | V18: 30760 | W18: 489.715 | X18: 935.639 | Y18: 3888.943 | Z18: 3520 | AA18: 2024 | AB18: 2859 | AC18: 3076
A19: 44423 | B19: 86 | C19: 231 | D19: 659505 | E19: 660509 | F19: 569641 | G19: 569061 | H19: 235409 | I19: =I18+1730 -> 7224820 | J19: =J18+3 -> 32231 | K19: =K18+2632 -> 5175740 | L19: 761923 | M19: 2632895 | N19: 1167101 | O19: 366483 | P19: 1486040 | Q19: 657875 | R19: 977 | S19: 336955 | T19: 39150 | U19: 51456 | V19: 30761 | W19: 489.715 | X19: 936.096 | Y19: 3888.948 | Z19: 3541 | AA19: 2029 | AB19: 2859 | AC19: 3271
A20: 44424 | B20: 72 | C20: 183 | D20: 662491 | E20: 663500 | F20: 573387 | G20: 572803 | H20: 235466 | I20: =I19+1730 -> 7226550 | J20: 32229 | K20: 5173109 | L20: 763284 | M20: 2632898 | N20: 1169376 | O20: 366166 | P20: 1486892 | Q20: 658011 | R20: 980 | S20: 337082 | T20: 39277 | U20: 51467 | V20: 30775 | W20: 489.715 | X20: 936.485 | Y20: 3888.956 | Z20: 3560 | AA20: 2034 | AB20: 2830 | AC20: 1575
A21: 44425 | B21: 65 | C21: 163 | D21: 665147 | E21: 666160 | F21: 580025 | G21: 579436 | H21: 236167 | I21: =I20+1730 -> 7228280 | J21: =J20+3 -> 32232 | K21: =K20+2632 -> 5175741 | L21: 764645 | M21: 2632898 | N21: 1171025 | O21: 366815 | P21: 1487695 | Q21: 658121 | R21: 981 | S21: 337198 | T21: 39394 | U21: 51476 | V21: 30776 | W21: 489.715 | X21: 936.57 | Y21: 3888.963 | Z21: 3580 | AA21: 2039 | AB21: 2357 | AC21: 24
A22: 44426 | B22: 83 | C22: 202 | D22: 667934 | E22: 668952 | F22: 586682 | G22: 586086 | H22: 237129 | I22: =I21+1730 -> 7230010 | J22: 32230 | K22: 5173110 | L22: 766006 | M22: 2632946 | N22: 1172612 | O22: 366992 | P22: 1488514 | Q22: 658288 | R22: 982.66 | S22: 337314 | T22: 39511 | U22: 51485.6 | V22: 30777 | W22: 489.715 | X22: 936.74 | Y22: 3888.963 | Z22: 3597 | AA22: 2044 | AB22: 2822 | AC22: 0
A23: 44427 | B23: 104 | C23: 242 | D23: 670721 | E23: 671744 | F23: 593339 | G23: 592736 | H23: 238091 | I23: =I22+1730 -> 7231740 | J23: =J22+3 -> 32233 | K23: =K22+2632 -> 5175742 | L23: 767367 | M23: 2632994 | N23: 1174199 | O23: 367169 | P23: 1489333 | Q23: 658455 | R23: 984.32 | S23: 337430 | T23: 39628 | U23: 51495.2 | V23: 30778 | W23: 489.715 | X23: 936.91 | Y23: 3888.963 | Z23: 3614 | AA23: 2049 | AB23: 2815 | AC23: 21
A24: 44428 | B24: 100 | C24: 241 | D24: 673510 | E24: 674537 | F24: 599997 | G24: 599388 | H24: 239054 | I24: =I23+1730 -> 7233470 | J24: 32231 | K24: 5173111 | L24: 768728 | M24: 2633044 | N24: 1175788 | O24: 367346 | P24: 1490154 | Q24: 658623 | R24: 986 | S24: 337546 | T24: 39745 | U24: 51505 | V24: 30779 | W24: 489.715 | X24: 937.08 | Y24: 3888.995 | Z24: 3632 | AA24: 2054 | AB24: 2884 | AC24: 13
A25: 44429 | B25: 104 | C25: 272 | D25: 676796 | E25: 677828 | F25: 607157 | G25: 606540 | H25: 239278 | I25: =I24+1730 -> 7235200 | J25: =J24+3 -> 32234 | K25: =K24+2632 -> 5175743 | L25: 770089 | M25: 2633045 | N25: 1177456 | O25: 367525 | P25: 1491005 | Q25: 658751 | R25: 988 | S25: 337731 | T25: 39930 | U25: 51515 | V25: 30780 | W25: 489.715 | X25: 937.093 | Y25: 3889.002 | Z25: 3651 | AA25: 2059 | AB25: 2865 | AC25: 0
A26: 44430 | B26: 112 | C26: 267 | D26: 679735 | E26: 680771 | F26: 613874 | G26: 613251 | H26: 240047 | I26: =I25+1730 -> 7236930 | J26: 32232 | K26: 5173112 | L26: 771282 | M26: 2633045 | N26: 1179020 | O26: 367767 | P26: 1491829 | Q26: 658886 | R26: 990 | S26: 337925 | T26: 40125 | U26: 51525 | V26: 30781 | W26: 489.715 | X26: 937.135 | Y26: 3889.005 | Z26: 3668 | AA26: 2064 | AB26: 2853 | AC26: 0
A27: 44431 | B27: 106 | C27: 245 | D27: 683174 | E27: 684216 | F27: 621025 | G27: 620396 | H27: 240833 | I27: =I26+1730 -> 7238660 | J27: =J26+3 -> 32235 | K27: =K26+2632 -> 5175744 | L27: 772787 | M27: 2633045 | N27: 1180598 | O27: 368000 | P27: 1492695 | Q27: 659114 | R27: 993 | S27: 338111 | T27: 40310 | U27: 51535 | V27: 30787 | W27: 489.715 | X27: 937.409 | Y27: 3889.013 | Z27: 3683 | AA27: 2072 | AB27: 2888 | AC27: 0
A28: 44432 | B28: 121 | C28: 281 | D28: 685851 | E28: 686897 | F28: 627455 | G28: 626818 | H28: 241576 | I28: =I27+1730 -> 7240390 | J28: 32233 | K28: 5173113 | L28: 774153 | M28: 2633058 | N28: 1182154 | O28: 368257 | P28: 1493476 | Q28: 659280 | R28: 995 | S28: 338319 | T28: 40520 | U28: 51545 | V28: 30787 | W28: 489.715 | X28: 937.423 | Y28: 3889.019 | Z28: 3689 | AA28: 2077 | AB28: 2843 | AC28: 0
A29: 44433 | B29: 78 | C29: 211 | D29: 689111 | E29: 690161 | F29: 634452 | G29: 633809 | H29: 242351 | I29: =I28+1730 -> 7242120 | J29: =J28+3 -> 32236 | K29: =K28+2632 -> 5175745 | L29: 775355 | M29: 2633058 | N29: 1183849 | O29: 368486 | P29: 1494316 | Q29: 659454 | R29: 997 | S29: 338511 | T29: 40712 | U29: 51554 | V29: 30788 | W29: 489.715 | X29: 937.464 | Y29: 3889.025 | Z29: 3689 | AA29: 2081 | AB29: 2831 | AC29: 0
A30: 44434 | B30: 102 | C30: 254 | D30: 691517 | E30: 692571 | F30: 640906 | G30: 640257 | H30: 243126 | I30: =I29+1730 -> 7243850 | J30: 32234 | K30: 5173114 | L30: 776716 | M30: 2633059 | N30: 1185210 | O30: 368637 | P30: 1495099 | Q30: 659630 | R30: 998 | S30: 338771 | T30: 40931 | U30: 51563 | V30: 30790 | W30: 489.715 | X30: 937.484 | Y30: 3889.32 | Z30: 3706 | AA30: 2085 | AB30: 2397 | AC30: 1825
A31: 44435 | B31: 99 | C31: 251 | D31: 694289 | E31: 695347 | F31: 644624 | G31: 643971 | H31: 243243 | I31: =I30+1730 -> 7245580 | J31: =J30+3 -> 32237 | K31: =K30+2632 -> 5175746 | L31: 778077 | M31: 2633187 | N31: 1187485 | O31: 368773 | P31: 1495900 | Q31: 659821 | R31: 999 | S31: 338695 | T31: 40909 | U31: 51578 | V31: 30790 | W31: 489.715 | X31: 937.506 | Y31: 3889.04 | Z31: 3725 | AA31: 2088 | AB31: 2857 | AC31: 3368
A32: 44436 | B32: 104 | C32: 267 | D32: 696613 | E32: 697675 | F32: 647833 | G32: 647176 | H32: 243283 | I32: =I31+1730 -> 7247310 | J32: 32235 | K32: 5173115 | L32: 779438 | M32: 2633187 | N32: 1189823 | O32: 368918 | P32: 1496669 | Q32: 660023 | R32: 1000 | S32: 338788 | T32: 41012 | U32: 51592 | V32: 30791 | W32: 489.715 | X32: 937.842 | Y32: 3889.06 | Z32: 3745 | AA32: 2091 | AB32: 2818 | AC32: 3570
A33: 44437 | B33: 104 | C33: 268 | D33: 700346 | E33: 701414 | F33: 649647 | G33: 648989 | H33: 243283 | I33: 7252530 | J33: 32341 | K33: 5254695 | L33: 781155 | M33: 2633188 | N33: 1192023 | O33: 369075 | P33: 1496669 | Q33: 660605 | R33: 1005 | S33: 338878 | T33: 41111 | U33: 51605 | V33: 30792 | W33: 489.715 | X33: 938.073 | Y33: 3889.076 | Z33: 3763 | AA33: 2097 | AB33: 2928 | AC33: 3547
A34: 44438 | B34: 75 | C34: 182 | D34: 704025 | E34: 705100 | F34: 651498 | G34: 650838 | H34: 243283 | I34: =I33+1721 -> 7254251 | J34: =J33 -> 32341 | K34: =K33+2875 -> 5257570 | L34: =L33+1466 -> 782621 | M34: 2633188 | N34: 1194370 | O34: =O33+160 -> 369235 | P34: 1496669 | Q34: 661201 | R34: 1009 | S34: 338980 | T34: 41214 | U34: 51619 | V34: 30807 | W34: 489.715 | X34: 938.289 | Y34: 3889.094 | Z34: 3780 | AA34: 2105 | AB34: 2829 | AC34: 3368
A35: 44439 | B35: 48 | C35: 109 | D35: 708437 | E35: 709519 | F35: 653223 | G35: 652562 | H35: 243283 | I35: 7255973 | J35: 32341 | K35: 5260445 | L35: 784087 | M35: 2633188 | N35: 1196639 | O35: 369395 | P35: 1496669 | Q35: 661786 | R35: 1014 | S35: 339079 | T35: 41315 | U35: 51631 | V35: 30807 | W35: 489.716 | X35: 938.503 | Y35: 3889.102 | Z35: 3800 | AA35: 2109 | AB35: 2829 | AC35: 3368
