Workbook

Sheet TOTAL
A1: Site Name | B1: Day | C1: Month | D1: Year | E1: Total Electricity Kwh | F1: Electricity Tariff ($/Kwh) | G1: Natual Gas (m3) | H1: Natural Gas $/m3 | I1: District Energy Cooling Kwh | J1: District Energy Cooling $/Kwh | K1: District Energy Heating Kwh | L1: District Energy Heating $/Kwh | M1: Water Utility Supply (m3) m3 | N1: Water Utility Supply (m3) $/m3 | O1: Room Nights | P1: Total Guests
A2: Tokyo at Otemachi | B2: 1 | C2: 12 | D2: 2020 | E2: ='Otemachi Daily'!D5 -> 14068 | F2: 21.45 | G2: ='Otemachi Daily'!F5 -> 200.5 | H2: 71.197192 | I2: ='Otemachi Daily'!H5 -> 3530.838 | J2: 10.79 | K2: ='Otemachi Daily'!J5 -> 23391.593 | L2: 7.22 | M2: ='Otemachi Daily'!L5 -> 204 | N2: 741 | O2: ='Otemachi Daily'!M5 -> 49 | P2: ='Otemachi Daily'!N5 -> 88
A3: Tokyo at Otemachi | B3: =B2+1 -> 2 | C3: 12 | D3: 2020 | E3: ='Otemachi Daily'!D6 -> 13939 | F3: 21.45 | G3: ='Otemachi Daily'!F6 -> 194 | H3: 71.197192 | I3: ='Otemachi Daily'!H6 -> 2407.9704 | J3: 10.79 | K3: ='Otemachi Daily'!J6 -> 26682.134 | L3: 7.22 | M3: ='Otemachi Daily'!L6 -> 173 | N3: 741 | O3: ='Otemachi Daily'!M6 -> 55 | P3: ='Otemachi Daily'!N6 -> 98
A4: Tokyo at Otemachi | B4: =B3+1 -> 3 | C4: 12 | D4: 2020 | E4: ='Otemachi Daily'!D7 -> 13965 | F4: 21.45 | G4: ='Otemachi Daily'!F7 -> 209 | H4: 71.197192 | I4: ='Otemachi Daily'!H7 -> 2179.0632 | J4: 10.79 | K4: ='Otemachi Daily'!J7 -> 24602.524 | L4: 7.22 | M4: ='Otemachi Daily'!L7 -> 185 | N4: 741 | O4: ='Otemachi Daily'!M7 -> 54 | P4: ='Otemachi Daily'!N7 -> 89
A5: Tokyo at Otemachi | B5: =B4+1 -> 4 | C5: 12 | D5: 2020 | E5: ='Otemachi Daily'!D8 -> 14633 | F5: 21.45 | G5: ='Otemachi Daily'!F8 -> 214.6 | H5: 71.197192 | I5: ='Otemachi Daily'!H8 -> 3067.4676 | J5: 10.79 | K5: ='Otemachi Daily'!J8 -> 27542.203 | L5: 7.22 | M5: ='Otemachi Daily'!L8 -> 231 | N5: 741 | O5: ='Otemachi Daily'!M8 -> 114 | P5: ='Otemachi Daily'!N8 -> 223
A6: Tokyo at Otemachi | B6: =B5+1 -> 5 | C6: 12 | D6: 2020 | E6: ='Otemachi Daily'!D9 -> 14856 | F6: 21.45 | G6: ='Otemachi Daily'!F9 -> 217.2 | H6: 71.197192 | I6: ='Otemachi Daily'!H9 -> 1990.1592 | J6: 10.79 | K6: ='Otemachi Daily'!J9 -> 30913.306 | L6: 7.22 | M6: ='Otemachi Daily'!L9 -> 216 | N6: 741 | O6: ='Otemachi Daily'!M9 -> 105 | P6: ='Otemachi Daily'!N9 -> 231
A7: Tokyo at Otemachi | B7: =B6+1 -> 6 | C7: 12 | D7: 2020 | E7: ='Otemachi Daily'!D10 -> 14442 | F7: 21.45 | G7: ='Otemachi Daily'!F10 -> 195 | H7: 71.197192 | I7: ='Otemachi Daily'!H10 -> 3157.4748 | J7: 10.79 | K7: ='Otemachi Daily'!J10 -> 27189.119 | L7: 7.22 | M7: ='Otemachi Daily'!L10 -> 220 | N7: 741 | O7: ='Otemachi Daily'!M10 -> 96 | P7: ='Otemachi Daily'!N10 -> 199
A8: Tokyo at Otemachi | B8: =B7+1 -> 7 | C8: 12 | D8: 2020 | E8: ='Otemachi Daily'!D11 -> 14000 | F8: 21.45 | G8: ='Otemachi Daily'!F11 -> 201 | H8: 71.197192 | I8: ='Otemachi Daily'!H11 -> 3684.1836 | J8: 10.79 | K8: ='Otemachi Daily'!J11 -> 22299.006 | L8: 7.22 | M8: ='Otemachi Daily'!L11 -> 199 | N8: 741 | O8: ='Otemachi Daily'!M11 -> 60 | P8: ='Otemachi Daily'!N11 -> 113
A9: Tokyo at Otemachi | B9: =B8+1 -> 8 | C9: 12 | D9: 2020 | E9: ='Otemachi Daily'!D12 -> 13493 | F9: 21.45 | G9: ='Otemachi Daily'!F12 -> 203 | H9: 71.197192 | I9: ='Otemachi Daily'!H12 -> 3295.2636 | J9: 10.79 | K9: ='Otemachi Daily'!J12 -> 18825.395 | L9: 7.22 | M9: ='Otemachi Daily'!L12 -> 176 | N9: 741 | O9: ='Otemachi Daily'!M12 -> 62 | P9: ='Otemachi Daily'!N12 -> 116
A10: Tokyo at Otemachi | B10: =B9+1 -> 9 | C10: 12 | D10: 2020 | E10: ='Otemachi Daily'!D13 -> 13575 | F10: 21.45 | G10: ='Otemachi Daily'!F13 -> 199 | H10: 71.197192 | I10: ='Otemachi Daily'!H13 -> 2599.9302 | J10: 10.79 | K10: ='Otemachi Daily'!J13 -> 24510.572 | L10: 7.22 | M10: ='Otemachi Daily'!L13 -> 169 | N10: 741 | O10: ='Otemachi Daily'!M13 -> 51 | P10: ='Otemachi Daily'!N13 -> 93
A11: Tokyo at Otemachi | B11: =B10+1 -> 10 | C11: 12 | D11: 2020 | E11: ='Otemachi Daily'!D14 -> 13854 | F11: 21.45 | G11: ='Otemachi Daily'!F14 -> 205.3 | H11: 71.197192 | I11: ='Otemachi Daily'!H14 -> 2542.9812 | J11: 10.79 | K11: ='Otemachi Daily'!J14 -> 23437.43 | L11: 7.22 | M11: ='Otemachi Daily'!L14 -> 160 | N11: 741 | O11: ='Otemachi Daily'!M14 -> 50 | P11: ='Otemachi Daily'!N14 -> 91
A12: Tokyo at Otemachi | B12: =B11+1 -> 11 | C12: 12 | D12: 2020 | E12: ='Otemachi Daily'!D15 -> 13677 | F12: 21.45 | G12: ='Otemachi Daily'!F15 -> 202 | H12: 71.197192 | I12: ='Otemachi Daily'!H15 -> 2886.6198 | J12: 10.79 | K12: ='Otemachi Daily'!J15 -> 19881.59 | L12: 7.22 | M12: ='Otemachi Daily'!L15 -> 174 | N12: 741 | O12: ='Otemachi Daily'!M15 -> 50 | P12: ='Otemachi Daily'!N15 -> 91
A13: Tokyo at Otemachi | B13: =B12+1 -> 12 | C13: 12 | D13: 2020 | E13: ='Otemachi Daily'!D16 -> 14162 | F13: 21.45 | G13: ='Otemachi Daily'!F16 -> 215.3 | H13: 71.197192 | I13: ='Otemachi Daily'!H16 -> 3388.6044 | J13: 10.79 | K13: ='Otemachi Daily'!J16 -> 20228.84 | L13: 7.22 | M13: ='Otemachi Daily'!L16 -> 206 | N13: 741 | O13: ='Otemachi Daily'!M16 -> 100 | P13: ='Otemachi Daily'!N16 -> 198
A14: Tokyo at Otemachi | B14: =B13+1 -> 13 | C14: 12 | D14: 2020 | E14: ='Otemachi Daily'!D17 -> 14221 | F14: 21.45 | G14: ='Otemachi Daily'!F17 -> 209 | H14: 71.197192 | I14: ='Otemachi Daily'!H17 -> 3586.398 | J14: 10.79 | K14: ='Otemachi Daily'!J17 -> 21830.635 | L14: 7.22 | M14: ='Otemachi Daily'!L17 -> 207 | N14: 741 | O14: ='Otemachi Daily'!M17 -> 114 | P14: ='Otemachi Daily'!N17 -> 218
... A32: Tokyo at Otemachi | B32: =B31+1 -> 31 | C32: 12 | D32: 2020 | E32: ='Otemachi Daily'!D35 -> 14718 | F32: 21.45 | G32: ='Otemachi Daily'!F35 -> 211 | H32: 71.197192 | I32: ='Otemachi Daily'!H35 -> 431.7012 | J32: 10.79 | K32: ='Otemachi Daily'!J35 -> 32660.39 | L32: 7.22 | M32: ='Otemachi Daily'!L35 -> 165 | N32: 741 | O32: ='Otemachi Daily'!M35 -> 67 | P32: ='Otemachi Daily'!N35 -> 136

Sheet Otemachi Daily
A2: Days | C2: Electricity Meter (KWh) | E2: Gas m3 | G2: District Cooling (KWh) | I2: District Heating (KWh) | K2: Water m3
A3: Date | C3: Reading KWH | D3: Difference KWH | E3: Reading m3 | F3: Difference KWH | G3: Reading KWh | H3: Difference KWH | I3: Reading KWh | J3: Difference KWH | K3: Reading m³ | L3: Daily Consumption m³ | M3: ROOM NIGHTS | N3: TOTAL GUESTS
A5: 44166 | C5: 14068 | D5: 14068 | E5: 200.5 | F5: 200.5 | G5: 3530.838 | H5: 3530.838 | I5: 23391.593 | J5: 23391.593 | K5: 204 | L5: 204 | M5: 49 | N5: 88
A6: 44167 | C6: 13939 | D6: 13939 | E6: 194 | F6: 194 | G6: 2407.9704 | H6: 2407.9704 | I6: 26682.134 | J6: 26682.134 | K6: 173 | L6: 173 | M6: 55 | N6: 98
A7: 44168 | C7: 13965 | D7: 13965 | E7: 209 | F7: 209 | G7: 2179.0632 | H7: 2179.0632 | I7: 24602.524 | J7: 24602.524 | K7: 185 | L7: 185 | M7: 54 | N7: 89
A8: 44169 | C8: 14633 | D8: 14633 | E8: 214.6 | F8: 214.6 | G8: 3067.4676 | H8: 3067.4676 | I8: 27542.203 | J8: 27542.203 | K8: 231 | L8: 231 | M8: 114 | N8: 223
A9: 44170 | C9: 14856 | D9: 14856 | E9: 217.2 | F9: 217.2 | G9: 1990.1592 | H9: 1990.1592 | I9: 30913.306 | J9: 30913.306 | K9: 216 | L9: 216 | M9: 105 | N9: 231
A10: 44171 | C10: 14442 | D10: 14442 | E10: 195 | F10: 195 | G10: 3157.4748 | H10: 3157.4748 | I10: 27189.119 | J10: 27189.119 | K10: 220 | L10: 220 | M10: 96 | N10: 199
A11: 44172 | C11: 14000 | D11: 14000 | E11: 201 | F11: 201 | G11: 3684.1836 | H11: 3684.1836 | I11: 22299.006 | J11: 22299.006 | K11: 199 | L11: 199 | M11: 60 | N11: 113
A12: 44173 | C12: 13493 | D12: 13493 | E12: 203 | F12: 203 | G12: 3295.2636 | H12: 3295.2636 | I12: 18825.395 | J12: 18825.395 | K12: 176 | L12: 176 | M12: 62 | N12: 116
A13: 44174 | C13: 13575 | D13: 13575 | E13: 199 | F13: 199 | G13: 2599.9302 | H13: 2599.9302 | I13: 24510.572 | J13: 24510.572 | K13: 169 | L13: 169 | M13: 51 | N13: 93
A14: 44175 | C14: 13854 | D14: 13854 | E14: 205.3 | F14: 205.3 | G14: 2542.9812 | H14: 2542.9812 | I14: 23437.43 | J14: 23437.43 | K14: 160 | L14: 160 | M14: 50 | N14: 91
A15: 44176 | C15: 13677 | D15: 13677 | E15: 202 | F15: 202 | G15: 2886.6198 | H15: 2886.6198 | I15: 19881.59 | J15: 19881.59 | K15: 174 | L15: 174 | M15: 50 | N15: 91
A16: 44177 | C16: 14162 | D16: 14162 | E16: 215.3 | F16: 215.3 | G16: 3388.6044 | H16: 3388.6044 | I16: 20228.84 | J16: 20228.84 | K16: 206 | L16: 206 | M16: 100 | N16: 198
... A35: 44196 | C35: 14718 | D35: 14718 | E35: 211 | F35: 211 | G35: 431.7012 | H35: 431.7012 | I35: 32660.39 | J35: 32660.39 | K35: 165 | L35: 165 | M35: 67 | N35: 136
