Workbook

Sheet TOTAL
A1: Site Name | B1: Day | C1: Month | D1: Year | E1: Total Electricity KWh | F1: Electricity Tariff ($/KWh) | G1: Natual Gas (m3) | H1: Natural Gas $/m3 | I1: District Energy Cooling KWh | J1: District Energy Cooling $/KWh | K1: District Energy Heating KWh | L1: District Energy Heating $/KWh | M1: Water Utility Supply (m3) m3 | N1: Water Utility Supply (m3) $/m3 | O1: Room Nights | P1: Total Guests
A2: Tokyo at Otemachi | B2: 1 | C2: 9 | D2: 2021 | E2: ='Otemachi Daily'!D5 -> 13777 | F2: =[1]見込!$G$3 -> 24 | G2: ='Otemachi Daily'!F5 -> 148 | H2: =[1]見込!$M$23 -> 115.15997 | I2: ='Otemachi Daily'!H5 -> 12301.54 | J2: 10.79 | K2: ='Otemachi Daily'!J5 -> 1558.7358 | L2: 7.22 | M2: ='Otemachi Daily'!L5 -> 110 | N2: 741 | O2: ='Otemachi Daily'!M5 -> 56 | P2: ='Otemachi Daily'!N5 -> 105
A3: Tokyo at Otemachi | B3: =B2+1 -> 2 | C3: 9 | D3: 2021 | E3: ='Otemachi Daily'!D6 -> 13704 | F3: =[1]見込!$G$3 -> 24 | G3: ='Otemachi Daily'!F6 -> 155 | H3: =[1]見込!$M$23 -> 115.15997 | I3: ='Otemachi Daily'!H6 -> 10354.717 | J3: 10.79 | K3: ='Otemachi Daily'!J6 -> 2039.052 | L3: 7.22 | M3: ='Otemachi Daily'!L6 -> 125 | N3: 741 | O3: ='Otemachi Daily'!M6 -> 47 | P3: ='Otemachi Daily'!N6 -> 87
A4: Tokyo at Otemachi | B4: =B3+1 -> 3 | C4: 9 | D4: 2021 | E4: ='Otemachi Daily'!D7 -> 13923 | F4: =[1]見込!$G$3 -> 24 | G4: ='Otemachi Daily'!F7 -> 160 | H4: =[1]見込!$M$23 -> 115.15997 | I4: ='Otemachi Daily'!H7 -> 10942.542 | J4: 10.79 | K4: ='Otemachi Daily'!J7 -> 1990.437 | L4: 7.22 | M4: ='Otemachi Daily'!L7 -> 140 | N4: 741 | O4: ='Otemachi Daily'!M7 -> 67 | P4: ='Otemachi Daily'!N7 -> 164
A5: Tokyo at Otemachi | B5: =B4+1 -> 4 | C5: 9 | D5: 2021 | E5: ='Otemachi Daily'!D8 -> 14431 | F5: =[1]見込!$G$3 -> 24 | G5: ='Otemachi Daily'!F8 -> 180 | H5: =[1]見込!$M$23 -> 115.15997 | I5: ='Otemachi Daily'!H8 -> 12846.861 | J5: 10.79 | K5: ='Otemachi Daily'!J8 -> 1936.266 | L5: 7.22 | M5: ='Otemachi Daily'!L8 -> 146 | N5: 741 | O5: ='Otemachi Daily'!M8 -> 69 | P5: ='Otemachi Daily'!N8 -> 181
A6: Tokyo at Otemachi | B6: =B5+1 -> 5 | C6: 9 | D6: 2021 | E6: ='Otemachi Daily'!D9 -> 14211 | F6: =[1]見込!$G$3 -> 24 | G6: ='Otemachi Daily'!F9 -> 165.2 | H6: =[1]見込!$M$23 -> 115.15997 | I6: ='Otemachi Daily'!H9 -> 11627.041 | J6: 10.79 | K6: ='Otemachi Daily'!J9 -> 1936.5438 | L6: 7.22 | M6: ='Otemachi Daily'!L9 -> 150 | N6: 741 | O6: ='Otemachi Daily'!M9 -> 47 | P6: ='Otemachi Daily'!N9 -> 95
A7: Tokyo at Otemachi | B7: =B6+1 -> 6 | C7: 9 | D7: 2021 | E7: ='Otemachi Daily'!D10 -> 13967 | F7: =[1]見込!$G$3 -> 24 | G7: ='Otemachi Daily'!F10 -> 158 | H7: =[1]見込!$M$23 -> 115.15997 | I7: ='Otemachi Daily'!H10 -> 8497.0686 | J7: 10.79 | K7: ='Otemachi Daily'!J10 -> 1884.5952 | L7: 7.22 | M7: ='Otemachi Daily'!L10 -> 128 | N7: 741 | O7: ='Otemachi Daily'!M10 -> 42 | P7: ='Otemachi Daily'!N10 -> 84
A8: Tokyo at Otemachi | B8: =B7+1 -> 7 | C8: 9 | D8: 2021 | E8: ='Otemachi Daily'!D11 -> 13703 | F8: =[1]見込!$G$3 -> 24 | G8: ='Otemachi Daily'!F11 -> 134 | H8: =[1]見込!$M$23 -> 115.15997 | I8: ='Otemachi Daily'!H11 -> 8061.4782 | J8: 10.79 | K8: ='Otemachi Daily'!J11 -> 1774.3086 | L8: 7.22 | M8: ='Otemachi Daily'!L11 -> 102 | N8: 741 | O8: ='Otemachi Daily'!M11 -> 57 | P8: ='Otemachi Daily'!N11 -> 113
A9: Tokyo at Otemachi | B9: =B8+1 -> 8 | C9: 9 | D9: 2021 | E9: ='Otemachi Daily'!D12 -> 13854 | F9: =[1]見込!$G$3 -> 24 | G9: ='Otemachi Daily'!F12 -> 156 | H9: =[1]見込!$M$23 -> 115.15997 | I9: ='Otemachi Daily'!H12 -> 10361.662 | J9: 10.79 | K9: ='Otemachi Daily'!J12 -> 1654.8546 | L9: 7.22 | M9: ='Otemachi Daily'!L12 -> 138 | N9: 741 | O9: ='Otemachi Daily'!M12 -> 67 | P9: ='Otemachi Daily'!N12 -> 134
A10: Tokyo at Otemachi | B10: =B9+1 -> 9 | C10: 9 | D10: 2021 | E10: ='Otemachi Daily'!D13 -> 13921 | F10: =[1]見込!$G$3 -> 24 | G10: ='Otemachi Daily'!F13 -> 156.2 | H10: =[1]見込!$M$23 -> 115.15997 | I10: ='Otemachi Daily'!H13 -> 11655.932 | J10: 10.79 | K10: ='Otemachi Daily'!J13 -> 1802.922 | L10: 7.22 | M10: ='Otemachi Daily'!L13 -> 156 | N10: 741 | O10: ='Otemachi Daily'!M13 -> 53 | P10: ='Otemachi Daily'!N13 -> 101
A11: Tokyo at Otemachi | B11: =B10+1 -> 10 | C11: 9 | D11: 2021 | E11: ='Otemachi Daily'!D14 -> 14897 | F11: =[1]見込!$G$3 -> 24 | G11: ='Otemachi Daily'!F14 -> 160 | H11: =[1]見込!$M$23 -> 115.15997 | I11: ='Otemachi Daily'!H14 -> 21515.054 | J11: 10.79 | K11: ='Otemachi Daily'!J14 -> 943.4088 | L11: 7.22 | M11: ='Otemachi Daily'!L14 -> 144 | N11: 741 | O11: ='Otemachi Daily'!M14 -> 77 | P11: ='Otemachi Daily'!N14 -> 195
A12: Tokyo at Otemachi | B12: =B11+1 -> 11 | C12: 9 | D12: 2021 | E12: ='Otemachi Daily'!D15 -> 15613 | F12: =[1]見込!$G$3 -> 24 | G12: ='Otemachi Daily'!F15 -> 178 | H12: =[1]見込!$M$23 -> 115.15997 | I12: ='Otemachi Daily'!H15 -> 24785.872 | J12: 10.79 | K12: ='Otemachi Daily'!J15 -> 995.0796 | L12: 7.22 | M12: ='Otemachi Daily'!L15 -> 161 | N12: 741 | O12: ='Otemachi Daily'!M15 -> 111 | P12: ='Otemachi Daily'!N15 -> 211
A13: Tokyo at Otemachi | B13: =B12+1 -> 12 | C13: 9 | D13: 2021 | E13: ='Otemachi Daily'!D16 -> 15467 | F13: =[1]見込!$G$3 -> 24 | G13: ='Otemachi Daily'!F16 -> 175 | H13: =[1]見込!$M$23 -> 115.15997 | I13: ='Otemachi Daily'!H16 -> 24000.253 | J13: 10.79 | K13: ='Otemachi Daily'!J16 -> 1098.4212 | L13: 7.22 | M13: ='Otemachi Daily'!L16 -> 164 | N13: 741 | O13: ='Otemachi Daily'!M16 -> 49 | P13: ='Otemachi Daily'!N16 -> 93
A14: Tokyo at Otemachi | B14: =B13+1 -> 13 | C14: 9 | D14: 2021 | E14: ='Otemachi Daily'!D17 -> 14627 | F14: =[1]見込!$G$3 -> 24 | G14: ='Otemachi Daily'!F17 -> 165 | H14: =[1]見込!$M$23 -> 115.15997 | I14: ='Otemachi Daily'!H17 -> 19566.287 | J14: 10.79 | K14: ='Otemachi Daily'!J17 -> 781.7292 | L14: 7.22 | M14: ='Otemachi Daily'!L17 -> 129 | N14: 741 | O14: ='Otemachi Daily'!M17 -> 64 | P14: ='Otemachi Daily'!N17 -> 120
... A32: Tokyo at Otemachi | B32: =B31+1 -> 31 | C32: 9 | D32: 2021 | E32: ='Otemachi Daily'!D35 -> 0 | F32: =[1]見込!$G$3 -> 24 | G32: ='Otemachi Daily'!F35 -> 0 | H32: =[1]見込!$M$23 -> 115.15997 | I32: ='Otemachi Daily'!H35 -> 0 | J32: 10.79 | K32: ='Otemachi Daily'!J35 -> 0 | L32: 7.22 | M32: ='Otemachi Daily'!L35 -> 0 | N32: 741 | O32: ='Otemachi Daily'!M35 -> 0 | P32: ='Otemachi Daily'!N35 -> 0

Sheet Otemachi Daily
A2: Days | C2: Electricity Meter (KWh) | E2: Gas m3 | G2: District Cooling (KWh) | I2: District Heating (KWh) | K2: Water m3
A3: Date | C3: Reading KWH | D3: Difference KWH | E3: Reading m3 | F3: Difference KWH | G3: Reading KWh | H3: Difference KWH | I3: Reading KWh | J3: Difference KWH | K3: Reading m³ | L3: Daily Consumption m³ | M3: ROOM NIGHTS | N3: TOTAL GUESTS
A5: 44440 | C5: =[1]コスト!$G$147 -> 13777 | D5: =C5 -> 13777 | E5: =[1]コスト!$G$23 -> 148 | F5: =E5 -> 148 | G5: =[1]コスト!$G$115 -> 12301.54 | H5: =G5 -> 12301.54 | I5: =[1]コスト!$G$91 -> 1558.7358 | J5: =I5 -> 1558.7358 | K5: =[1]コスト!$G$41 -> 110 | L5: =K5 -> 110 | M5: 56 | N5: 105
A6: 44441 | C6: =[1]コスト!$H$147 -> 13704 | D6: =C6 -> 13704 | E6: =[1]コスト!$H$23 -> 155 | F6: =E6 -> 155 | G6: =[1]コスト!$H$115 -> 10354.717 | H6: =G6 -> 10354.717 | I6: =[1]コスト!$H$91 -> 2039.052 | J6: =I6 -> 2039.052 | K6: =[1]コスト!$H$41 -> 125 | L6: =K6 -> 125 | M6: 47 | N6: 87
A7: 44442 | C7: =[1]コスト!$I$147 -> 13923 | D7: =C7 -> 13923 | E7: =[1]コスト!$I$23 -> 160 | F7: =E7 -> 160 | G7: =[1]コスト!$I$115 -> 10942.542 | H7: =G7 -> 10942.542 | I7: =[1]コスト!$I$91 -> 1990.437 | J7: =I7 -> 1990.437 | K7: =[1]コスト!$I$41 -> 140 | L7: =K7 -> 140 | M7: 67 | N7: 164
A8: 44443 | C8: =[1]コスト!$J$147 -> 14431 | D8: =C8 -> 14431 | E8: =[1]コスト!$J$23 -> 180 | F8: =E8 -> 180 | G8: =[1]コスト!$J$115 -> 12846.861 | H8: =G8 -> 12846.861 | I8: =[1]コスト!$J$91 -> 1936.266 | J8: =I8 -> 1936.266 | K8: =[1]コスト!$J$41 -> 146 | L8: =K8 -> 146 | M8: 69 | N8: 181
A9: 44444 | C9: =[1]コスト!$K$147 -> 14211 | D9: =C9 -> 14211 | E9: =[1]コスト!$K$23 -> 165.2 | F9: =E9 -> 165.2 | G9: =[1]コスト!$K$115 -> 11627.041 | H9: =G9 -> 11627.041 | I9: =[1]コスト!$K$91 -> 1936.5438 | J9: =I9 -> 1936.5438 | K9: =[1]コスト!$K$41 -> 150 | L9: =K9 -> 150 | M9: 47 | N9: 95
A10: 44445 | C10: =[1]コスト!$L$147 -> 13967 | D10: =C10 -> 13967 | E10: =[1]コスト!$L$23 -> 158 | F10: =E10 -> 158 | G10: =[1]コスト!$L$115 -> 8497.0686 | H10: =G10 -> 8497.0686 | I10: =[1]コスト!$L$91 -> 1884.5952 | J10: =I10 -> 1884.5952 | K10: =[1]コスト!$L$41 -> 128 | L10: =K10 -> 128 | M10: 42 | N10: 84
A11: 44446 | C11: =[1]コスト!$M$147 -> 13703 | D11: =C11 -> 13703 | E11: =[1]コスト!$M$23 -> 134 | F11: =E11 -> 134 | G11: =[1]コスト!$M$115 -> 8061.4782 | H11: =G11 -> 8061.4782 | I11: =[1]コスト!$M$91 -> 1774.3086 | J11: =I11 -> 1774.3086 | K11: =[1]コスト!$M$41 -> 102 | L11: =K11 -> 102 | M11: 57 | N11: 113
A12: 44447 | C12: =[1]コスト!$N$147 -> 13854 | D12: =C12 -> 13854 | E12: =[1]コスト!$N$23 -> 156 | F12: =E12 -> 156 | G12: =[1]コスト!$N$115 -> 10361.662 | H12: =G12 -> 10361.662 | I12: =[1]コスト!$N$91 -> 1654.8546 | J12: =I12 -> 1654.8546 | K12: =[1]コスト!$N$41 -> 138 | L12: =K12 -> 138 | M12: 67 | N12: 134
A13: 44448 | C13: =[1]コスト!$O$147 -> 13921 | D13: =C13 -> 13921 | E13: =[1]コスト!$O$23 -> 156.2 | F13: =E13 -> 156.2 | G13: =[1]コスト!$O$115 -> 11655.932 | H13: =G13 -> 11655.932 | I13: =[1]コスト!$O$91 -> 1802.922 | J13: =I13 -> 1802.922 | K13: =[1]コスト!$O$41 -> 156 | L13: =K13 -> 156 | M13: 53 | N13: 101
A14: 44449 | C14: =[1]コスト!$P$147 -> 14897 | D14: =C14 -> 14897 | E14: =[1]コスト!$P$23 -> 160 | F14: =E14 -> 160 | G14: =[1]コスト!$P$115 -> 21515.054 | H14: =G14 -> 21515.054 | I14: =[1]コスト!$P$91 -> 943.4088 | J14: =I14 -> 943.4088 | K14: =[1]コスト!$P$41 -> 144 | L14: =K14 -> 144 | M14: 77 | N14: 195
A15: 44450 | C15: =[1]コスト!$Q$147 -> 15613 | D15: =C15 -> 15613 | E15: =[1]コスト!$Q$23 -> 178 | F15: =E15 -> 178 | G15: =[1]コスト!$Q$115 -> 24785.872 | H15: =G15 -> 24785.872 | I15: =[1]コスト!$Q$91 -> 995.0796 | J15: =I15 -> 995.0796 | K15: =[1]コスト!$Q$41 -> 161 | L15: =K15 -> 161 | M15: 111 | N15: 211
A16: 44451 | C16: =[1]コスト!$R$147 -> 15467 | D16: =C16 -> 15467 | E16: =[1]コスト!$R$23 -> 175 | F16: =E16 -> 175 | G16: =[1]コスト!$R$115 -> 24000.253 | H16: =G16 -> 24000.253 | I16: =[1]コスト!$R$91 -> 1098.4212 | J16: =I16 -> 1098.4212 | K16: =[1]コスト!$R$41 -> 164 | L16: =K16 -> 164 | M16: 49 | N16: 93
A17: 44452 | C17: =[1]コスト!$S$147 -> 14627 | D17: =C17 -> 14627 | E17: =[1]コスト!$S$23 -> 165 | F17: =E17 -> 165 | G17: =[1]コスト!$S$115 -> 19566.287 | H17: =G17 -> 19566.287 | I17: =[1]コスト!$S$91 -> 781.7292 | J17: =I17 -> 781.7292 | K17: =[1]コスト!$S$41 -> 129 | L17: =K17 -> 129 | M17: 64 | N17: 120
A18: 44453 | C18: =[1]コスト!$T$147 -> 14297 | D18: =C18 -> 14297 | E18: =[1]コスト!$T$23 -> 142 | F18: =E18 -> 142 | G18: =[1]コスト!$T$115 -> 15036.481 | H18: =G18 -> 15036.481 | I18: =[1]コスト!$T$91 -> 1268.4348 | J18: =I18 -> 1268.4348 | K18: =[1]コスト!$T$41 -> 116 | L18: =K18 -> 116 | M18: 60 | N18: 114
A19: 44454 | C19: =[1]コスト!$U$147 -> 14661 | D19: =C19 -> 14661 | E19: =[1]コスト!$U$23 -> 143.2 | F19: =E19 -> 143.2 | G19: =[1]コスト!$U$115 -> 16430.759 | H19: =G19 -> 16430.759 | I19: =[1]コスト!$U$91 -> 1344.2742 | J19: =I19 -> 1344.2742 | K19: =[1]コスト!$U$41 -> 115 | L19: =K19 -> 115 | M19: 57 | N19: 107
A20: 44455 | C20: =[1]コスト!$V$147 -> 14794 | D20: =C20 -> 14794 | E20: =[1]コスト!$V$23 -> 164 | F20: =E20 -> 164 | G20: =[1]コスト!$V$115 -> 13480.801 | H20: =G20 -> 13480.801 | I20: =[1]コスト!$V$91 -> 1489.2858 | J20: =I20 -> 1489.2858 | K20: =[1]コスト!$V$41 -> 136 | L20: =K20 -> 136 | M20: 66 | N20: 122
A21: 44456 | C21: =[1]コスト!$W$147 -> 15056 | D21: =C21 -> 15056 | E21: =[1]コスト!$W$23 -> 182 | F21: =E21 -> 182 | G21: =[1]コスト!$W$115 -> 14276.142 | H21: =G21 -> 14276.142 | I21: =[1]コスト!$W$91 -> 1597.9056 | J21: =I21 -> 1597.9056 | K21: =[1]コスト!$W$41 -> 151 | L21: =K21 -> 151 | M21: 98 | N21: 200
A22: 44457 | C22: =[1]コスト!$X$147 -> 15652 | D22: =C22 -> 15652 | E22: =[1]コスト!$X$23 -> 182 | F22: =E22 -> 182 | G22: =[1]コスト!$X$115 -> 24011.365 | H22: =G22 -> 24011.365 | I22: =[1]コスト!$X$91 -> 1346.2188 | J22: =I22 -> 1346.2188 | K22: =[1]コスト!$X$41 -> 173 | L22: =K22 -> 173 | M22: 142 | N22: 311
A23: 44458 | C23: =[1]コスト!$Y$147 -> 16082 | D23: =C23 -> 16082 | E23: =[1]コスト!$Y$23 -> 173.1 | F23: =E23 -> 173.1 | G23: =[1]コスト!$Y$115 -> 19684.352 | H23: =G23 -> 19684.352 | I23: =[1]コスト!$Y$91 -> 1397.8896 | J23: =I23 -> 1397.8896 | K23: =[1]コスト!$Y$41 -> 221 | L23: =K23 -> 221 | M23: 157 | N23: 354
A24: 44459 | C24: =[1]コスト!$Z$147 -> 15612 | D24: =C24 -> 15612 | E24: =[1]コスト!$Z$23 -> 174 | F24: =E24 -> 174 | G24: =[1]コスト!$Z$115 -> 16105.177 | H24: =G24 -> 16105.177 | I24: =[1]コスト!$Z$91 -> 1645.1316 | J24: =I24 -> 1645.1316 | K24: =[1]コスト!$Z$41 -> 196 | L24: =K24 -> 196 | M24: 69 | N24: 116
A25: 44460 | C25: =[1]コスト!$AA$147 -> 14738 | D25: =C25 -> 14738 | E25: =[1]コスト!$AA$23 -> 139.2 | F25: =E25 -> 139.2 | G25: =[1]コスト!$AA$115 -> 14436.155 | H25: =G25 -> 14436.155 | I25: =[1]コスト!$AA$91 -> 1430.9478 | J25: =I25 -> 1430.9478 | K25: =[1]コスト!$AA$41 -> 141 | L25: =K25 -> 141 | M25: 60 | N25: 113
A26: 44461 | C26: =[1]コスト!$AB$147 -> 14944 | D26: =C26 -> 14944 | E26: =[1]コスト!$AB$23 -> 148 | F26: =E26 -> 148 | G26: =[1]コスト!$AB$115 -> 22794.879 | H26: =G26 -> 22794.879 | I26: =[1]コスト!$AB$91 -> 982.5786 | J26: =I26 -> 982.5786 | K26: =[1]コスト!$AB$41 -> 143 | L26: =K26 -> 143
A27: 44462 | C27: =[1]コスト!$AC$147 -> 0 | D27: =C27 -> 0 | E27: =[1]コスト!$AC$23 -> 0 | F27: =E27 -> 0 | G27: =[1]コスト!$AC$115 -> 0 | H27: =G27 -> 0 | I27: =[1]コスト!$AC$91 -> 0 | J27: =I27 -> 0 | K27: =[1]コスト!$AC$41 -> 0 | L27: =K27 -> 0
A28: 44463 | C28: =[1]コスト!$AD$147 -> 0 | D28: =C28 -> 0 | E28: =[1]コスト!$AD$23 -> 0 | F28: =E28 -> 0 | G28: =[1]コスト!$AD$115 -> 0 | H28: =G28 -> 0 | I28: =[1]コスト!$AD$91 -> 0 | J28: =I28 -> 0 | K28: =[1]コスト!$AD$41 -> 0 | L28: =K28 -> 0
A29: 44464 | C29: =[1]コスト!$AE$147 -> 0 | D29: =C29 -> 0 | E29: =[1]コスト!$AE$23 -> 0 | F29: =E29 -> 0 | G29: =[1]コスト!$AE$115 -> 0 | H29: =G29 -> 0 | I29: =[1]コスト!$AE$91 -> 0 | J29: =I29 -> 0 | K29: =[1]コスト!$AE$41 -> 0 | L29: =K29 -> 0
A30: 44465 | C30: =[1]コスト!$AF$147 -> 0 | D30: =C30 -> 0 | E30: =[1]コスト!$AF$23 -> 0 | F30: =E30 -> 0 | G30: =[1]コスト!$AF$115 -> 0 | H30: =G30 -> 0 | I30: =[1]コスト!$AF$91 -> 0 | J30: =I30 -> 0 | K30: =[1]コスト!$AF$41 -> 0 | L30: =K30 -> 0
A31: 44466 | C31: =[1]コスト!$AG$147 -> 0 | D31: =C31 -> 0 | E31: =[1]コスト!$AG$23 -> 0 | F31: =E31 -> 0 | G31: =[1]コスト!$AG$115 -> 0 | H31: =G31 -> 0 | I31: =[1]コスト!$AG$91 -> 0 | J31: =I31 -> 0 | K31: =[1]コスト!$AG$41 -> 0 | L31: =K31 -> 0
A32: 44467 | C32: =[1]コスト!$AH$147 -> 0 | D32: =C32 -> 0 | E32: =[1]コスト!$AH$23 -> 0 | F32: =E32 -> 0 | G32: =[1]コスト!$AH$115 -> 0 | H32: =G32 -> 0 | I32: =[1]コスト!$AH$91 -> 0 | J32: =I32 -> 0 | K32: =[1]コスト!$AH$41 -> 0 | L32: =K32 -> 0
A33: 44468 | C33: =[1]コスト!$AI$147 -> 0 | D33: =C33 -> 0 | E33: =[1]コスト!$AI$23 -> 0 | F33: =E33 -> 0 | G33: =[1]コスト!$AI$115 -> 0 | H33: =G33 -> 0 | I33: =[1]コスト!$AI$91 -> 0 | J33: =I33 -> 0 | K33: =[1]コスト!$AI$41 -> 0 | L33: =K33 -> 0
A34: 44469 | C34: =[1]コスト!$AJ$147 -> 0 | D34: =C34 -> 0 | E34: =[1]コスト!$AJ$23 -> 0 | F34: =E34 -> 0 | G34: =[1]コスト!$AJ$115 -> 0 | H34: =G34 -> 0 | I34: =[1]コスト!$AJ$91 -> 0 | J34: =I34 -> 0 | K34: =[1]コスト!$AJ$41 -> 0 | L34: =K34 -> 0
A35: 44470 | C35: =[1]コスト!$AK$147 -> 0 | D35: =C35 -> 0 | E35: =[1]コスト!$AK$23 -> 0 | F35: =E35 -> 0 | G35: =[1]コスト!$AK$115 -> 0 | H35: =G35 -> 0 | I35: =[1]コスト!$AK$91 -> 0 | J35: =I35 -> 0 | K35: =[1]コスト!$AK$41 -> 0 | L35: =K35 -> 0
