Workbook

Sheet Total Daily 
A1: Site Name | B1: Day | C1: Month | D1: Year | E1: Total Electricity Kwh | F1: Electricity Tariff ($/Kwh) | G1: LPG (Kg) | H1: LPG $/Kg | I1: District Energy Cooling Kwh | J1: District Energy Cooling $/Kwh | K1: Water Utility Supply (m3) m3 | L1: Water Utility Supply (m3) m3 | M1: Water Utility Supply (m3) $/m3 | N1: Room Nights
A2: Dubai DIFC | B2: 1 | C2: 9 | D2: 2021 | E2: ='9 - 2021'!B8-'9 - 2021'!B7+'9 - 2021'!C8-'9 - 2021'!C7 -> 9379.2 | F2: 0.118 | G2: ='9 - 2021'!D8-'9 - 2021'!D7+'9 - 2021'!E8-'9 - 2021'!E7 -> 24.15 | H2: 0.99 | I2: ='9 - 2021'!J8-'9 - 2021'!J7 -> 32188 | J2: 0.081 | K2: ='9 - 2021'!H8-'9 - 2021'!H7 -> 0 | L2: ='9 - 2021'!I8-'9 - 2021'!I7 -> 95 | M2: 4.3936294 | N2: 37
A3: Dubai DIFC | B3: =B2+1 -> 2 | C3: 9 | D3: 2021 | E3: ='9 - 2021'!B9-'9 - 2021'!B8+'9 - 2021'!C9-'9 - 2021'!C8 -> 9199.6 | F3: 0.118 | G3: ='9 - 2021'!D9-'9 - 2021'!D8+'9 - 2021'!E9-'9 - 2021'!E8 -> 21.46 | H3: 0.99 | I3: ='9 - 2021'!J9-'9 - 2021'!J8 -> 31992 | J3: 0.081 | K3: ='9 - 2021'!H9-'9 - 2021'!H8 -> 0 | L3: ='9 - 2021'!I9-'9 - 2021'!I8 -> 96 | M3: 4.3936294 | N3: 35
A4: Dubai DIFC | B4: =B3+1 -> 3 | C4: 9 | D4: 2021 | E4: ='9 - 2021'!B10-'9 - 2021'!B9+'9 - 2021'!C10-'9 - 2021'!C9 -> 9553.2 | F4: 0.118 | G4: ='9 - 2021'!D10-'9 - 2021'!D9+'9 - 2021'!E10-'9 - 2021'!E9 -> 24.57 | H4: 0.99 | I4: ='9 - 2021'!J10-'9 - 2021'!J9 -> 34040 | J4: 0.081 | K4: ='9 - 2021'!H10-'9 - 2021'!H9 -> 0 | L4: ='9 - 2021'!I10-'9 - 2021'!I9 -> 94 | M4: 4.3936294 | N4: 41
A5: Dubai DIFC | B5: =B4+1 -> 4 | C5: 9 | D5: 2021 | E5: ='9 - 2021'!B11-'9 - 2021'!B10+'9 - 2021'!C11-'9 - 2021'!C10 -> 9239.8 | F5: 0.118 | G5: ='9 - 2021'!D11-'9 - 2021'!D10+'9 - 2021'!E11-'9 - 2021'!E10 -> 23.31 | H5: 0.99 | I5: ='9 - 2021'!J11-'9 - 2021'!J10 -> 34730 | J5: 0.081 | K5: ='9 - 2021'!H11-'9 - 2021'!H10 -> 0 | L5: ='9 - 2021'!I11-'9 - 2021'!I10 -> 95 | M5: 4.3936294 | N5: 45
A6: Dubai DIFC | B6: =B5+1 -> 5 | C6: 9 | D6: 2021 | E6: ='9 - 2021'!B12-'9 - 2021'!B11+'9 - 2021'!C12-'9 - 2021'!C11 -> 9475.4 | F6: 0.118 | G6: ='9 - 2021'!D12-'9 - 2021'!D11+'9 - 2021'!E12-'9 - 2021'!E11 -> 23.46 | H6: 0.99 | I6: ='9 - 2021'!J12-'9 - 2021'!J11 -> 31660 | J6: 0.081 | K6: ='9 - 2021'!H12-'9 - 2021'!H11 -> 0 | L6: ='9 - 2021'!I12-'9 - 2021'!I11 -> 93 | M6: 4.3936294 | N6: 37
A7: Dubai DIFC | B7: =B6+1 -> 6 | C7: 9 | D7: 2021 | E7: ='9 - 2021'!B13-'9 - 2021'!B12+'9 - 2021'!C13-'9 - 2021'!C12 -> 9299.9 | F7: 0.118 | G7: ='9 - 2021'!D13-'9 - 2021'!D12+'9 - 2021'!E13-'9 - 2021'!E12 -> 23.78 | H7: 0.99 | I7: ='9 - 2021'!J13-'9 - 2021'!J12 -> 29450 | J7: 0.081 | K7: ='9 - 2021'!H13-'9 - 2021'!H12 -> 0 | L7: ='9 - 2021'!I13-'9 - 2021'!I12 -> 90 | M7: 4.3936294 | N7: 39
A8: Dubai DIFC | B8: =B7+1 -> 7 | C8: 9 | D8: 2021 | E8: ='9 - 2021'!B14-'9 - 2021'!B13+'9 - 2021'!C14-'9 - 2021'!C13 -> 9475.8 | F8: 0.118 | G8: ='9 - 2021'!D14-'9 - 2021'!D13+'9 - 2021'!E14-'9 - 2021'!E13 -> 22.92 | H8: 0.99 | I8: ='9 - 2021'!J14-'9 - 2021'!J13 -> 33760 | J8: 0.081 | K8: ='9 - 2021'!H14-'9 - 2021'!H13 -> 0 | L8: ='9 - 2021'!I14-'9 - 2021'!I13 -> 91 | M8: 4.3936294 | N8: 41
A9: Dubai DIFC | B9: =B8+1 -> 8 | C9: 9 | D9: 2021 | E9: ='9 - 2021'!B15-'9 - 2021'!B14+'9 - 2021'!C15-'9 - 2021'!C14 -> 9411.2 | F9: 0.118 | G9: ='9 - 2021'!D15-'9 - 2021'!D14+'9 - 2021'!E15-'9 - 2021'!E14 -> 23.63 | H9: 0.99 | I9: ='9 - 2021'!J15-'9 - 2021'!J14 -> 40678 | J9: 0.081 | K9: ='9 - 2021'!H15-'9 - 2021'!H14 -> 0 | L9: ='9 - 2021'!I15-'9 - 2021'!I14 -> 92 | M9: 4.3936294 | N9: 42
A10: Dubai DIFC | B10: =B9+1 -> 9 | C10: 9 | D10: 2021 | E10: ='9 - 2021'!B16-'9 - 2021'!B15+'9 - 2021'!C16-'9 - 2021'!C15 -> 9471.3 | F10: 0.118 | G10: ='9 - 2021'!D16-'9 - 2021'!D15+'9 - 2021'!E16-'9 - 2021'!E15 -> 25.47 | H10: 0.99 | I10: ='9 - 2021'!J16-'9 - 2021'!J15 -> 38788 | J10: 0.081 | K10: ='9 - 2021'!H16-'9 - 2021'!H15 -> 0 | L10: ='9 - 2021'!I16-'9 - 2021'!I15 -> 98 | M10: 4.3936294 | N10: 37
A11: Dubai DIFC | B11: =B10+1 -> 10 | C11: 9 | D11: 2021 | E11: ='9 - 2021'!B17-'9 - 2021'!B16+'9 - 2021'!C17-'9 - 2021'!C16 -> 9439.7 | F11: 0.118 | G11: ='9 - 2021'!D17-'9 - 2021'!D16+'9 - 2021'!E17-'9 - 2021'!E16 -> 25.47 | H11: 0.99 | I11: ='9 - 2021'!J17-'9 - 2021'!J16 -> 41175 | J11: 0.081 | K11: ='9 - 2021'!H17-'9 - 2021'!H16 -> 0 | L11: ='9 - 2021'!I17-'9 - 2021'!I16 -> 98 | M11: 4.3936294 | N11: 44
A12: Dubai DIFC | B12: =B11+1 -> 11 | C12: 9 | D12: 2021 | E12: ='9 - 2021'!B18-'9 - 2021'!B17+'9 - 2021'!C18-'9 - 2021'!C17 -> 9531 | F12: 0.118 | G12: ='9 - 2021'!D18-'9 - 2021'!D17+'9 - 2021'!E18-'9 - 2021'!E17 -> 24.39 | H12: 0.99 | I12: ='9 - 2021'!J18-'9 - 2021'!J17 -> 41736 | J12: 0.081 | K12: ='9 - 2021'!H18-'9 - 2021'!H17 -> 0 | L12: ='9 - 2021'!I18-'9 - 2021'!I17 -> 99 | M12: 4.3936294 | N12: 40
A13: Dubai DIFC | B13: =B12+1 -> 12 | C13: 9 | D13: 2021 | E13: ='9 - 2021'!B19-'9 - 2021'!B18+'9 - 2021'!C19-'9 - 2021'!C18 -> 9512.2 | F13: 0.118 | G13: ='9 - 2021'!D19-'9 - 2021'!D18+'9 - 2021'!E19-'9 - 2021'!E18 -> 22.19 | H13: 0.99 | I13: ='9 - 2021'!J19-'9 - 2021'!J18 -> 39596 | J13: 0.081 | K13: ='9 - 2021'!H19-'9 - 2021'!H18 -> 0 | L13: ='9 - 2021'!I19-'9 - 2021'!I18 -> 94 | M13: 4.3936294 | N13: 25
A14: Dubai DIFC | B14: =B13+1 -> 13 | C14: 9 | D14: 2021 | E14: ='9 - 2021'!B20-'9 - 2021'!B19+'9 - 2021'!C20-'9 - 2021'!C19 -> 9417.5 | F14: 0.118 | G14: ='9 - 2021'!D20-'9 - 2021'!D19+'9 - 2021'!E20-'9 - 2021'!E19 -> 24.22 | H14: 0.99 | I14: ='9 - 2021'!J20-'9 - 2021'!J19 -> 36401 | J14: 0.081 | K14: ='9 - 2021'!H20-'9 - 2021'!H19 -> 0 | L14: ='9 - 2021'!I20-'9 - 2021'!I19 -> 87 | M14: 4.3936294 | N14: 39
... A27: Dubai DIFC | B27: =B26+1 -> 26 | C27: 9 | D27: 2021 | E27: ='9 - 2021'!B33-'9 - 2021'!B32+'9 - 2021'!C33-'9 - 2021'!C32 -> 10185 | F27: 0.118 | G27: ='9 - 2021'!D33-'9 - 2021'!D32+'9 - 2021'!E33-'9 - 2021'!E32 -> 25.6 | H27: 0.99 | I27: ='9 - 2021'!J33-'9 - 2021'!J32 -> 40560 | J27: 0.081 | K27: ='9 - 2021'!H33-'9 - 2021'!H32 -> 0 | L27: ='9 - 2021'!I33-'9 - 2021'!I32 -> 110 | M27: 4.3936294 | N27: 44
A28: Dubai DIFC | B28: =B27+1 -> 27 | C28: 9 | D28: 2021 | E28: 0 | F28: 0.118 | G28: 0 | H28: 0.99 | I28: 0 | J28: 0.081 | K28: 0 | L28: 0 | M28: 4.3936294
A29: Dubai DIFC | B29: =B28+1 -> 28 | C29: 9 | D29: 2021 | E29: ='9 - 2021'!B35-'9 - 2021'!B34+'9 - 2021'!C35-'9 - 2021'!C34 -> 0 | F29: 0.118 | G29: ='9 - 2021'!D35-'9 - 2021'!D34+'9 - 2021'!E35-'9 - 2021'!E34 -> 0 | H29: 0.99 | I29: ='9 - 2021'!J35-'9 - 2021'!J34 -> 0 | J29: 0.081 | K29: ='9 - 2021'!H35-'9 - 2021'!H34 -> 0 | L29: ='9 - 2021'!I35-'9 - 2021'!I34 -> 0 | M29: 4.3936294
A30: Dubai DIFC | B30: =B29+1 -> 29 | C30: 9 | D30: 2021 | E30: ='9 - 2021'!B36-'9 - 2021'!B35+'9 - 2021'!C36-'9 - 2021'!C35 -> 0 | F30: 0.118 | G30: ='9 - 2021'!D36-'9 - 2021'!D35+'9 - 2021'!E36-'9 - 2021'!E35 -> 0 | H30: 0.99 | I30: ='9 - 2021'!J36-'9 - 2021'!J35 -> 0 | J30: 0.081 | K30: ='9 - 2021'!H36-'9 - 2021'!H35 -> 0 | L30: ='9 - 2021'!I36-'9 - 2021'!I35 -> 0 | M30: 4.3936294
A31: Dubai DIFC | B31: =B30+1 -> 30 | C31: 9 | D31: 2021 | E31: ='9 - 2021'!B37-'9 - 2021'!B36+'9 - 2021'!C37-'9 - 2021'!C36 -> 0 | F31: 0.118 | G31: ='9 - 2021'!D37-'9 - 2021'!D36+'9 - 2021'!E37-'9 - 2021'!E36 -> 0 | H31: 0.99 | I31: ='9 - 2021'!J37-'9 - 2021'!J36 -> 0 | J31: 0.081 | K31: ='9 - 2021'!H37-'9 - 2021'!H36 -> 0 | L31: ='9 - 2021'!I37-'9 - 2021'!I36 -> 0 | M31: 4.3936294

Sheet Submetering Daily 
A1: Site Name | B1: Day | C1: Month | D1: Year | E1: Panel LV1 Kwh | F1: Panel LV2 Kwh | G1: Electricity Tariff ($/Kwh) | H1: Main Kitchen LPG (Kg) | I1: Podium Kitchen LPG (Kg) | J1: Boiler LPG (Kg) | K1: LPG $/Kg | L1: Room Nights
A2: Dubai DIFC | B2: 1 | C2: 9 | D2: 2021 | E2: ='9 - 2021'!B8-'9 - 2021'!B7 -> 3737.2 | F2: ='9 - 2021'!C8-'9 - 2021'!C7 -> 5642 | G2: 0.118 | H2: ='9 - 2021'!E8-'9 - 2021'!E7 -> 24.2 | I2: ='9 - 2021'!F8-'9 - 2021'!F7 -> 6.08 | J2: ='9 - 2021'!G8-'9 - 2021'!G7 -> 29.23 | K2: 0.74 | L2: 37
A3: Dubai DIFC | B3: =B2+1 -> 2 | C3: 9 | D3: 2021 | E3: ='9 - 2021'!B9-'9 - 2021'!B8 -> 3699.6 | F3: ='9 - 2021'!C9-'9 - 2021'!C8 -> 5500 | G3: 0.118 | H3: ='9 - 2021'!E9-'9 - 2021'!E8 -> 21.54 | I3: ='9 - 2021'!F9-'9 - 2021'!F8 -> 7.82 | J3: ='9 - 2021'!G9-'9 - 2021'!G8 -> 30.49 | K3: 0.74 | L3: 35
A4: Dubai DIFC | B4: =B3+1 -> 3 | C4: 9 | D4: 2021 | E4: ='9 - 2021'!B10-'9 - 2021'!B9 -> 3802.2 | F4: ='9 - 2021'!C10-'9 - 2021'!C9 -> 5751 | G4: 0.118 | H4: ='9 - 2021'!E10-'9 - 2021'!E9 -> 24.63 | I4: ='9 - 2021'!F10-'9 - 2021'!F9 -> 7.5 | J4: ='9 - 2021'!G10-'9 - 2021'!G9 -> 30.72 | K4: 0.74 | L4: 41
A5: Dubai DIFC | B5: =B4+1 -> 4 | C5: 9 | D5: 2021 | E5: ='9 - 2021'!B11-'9 - 2021'!B10 -> 3621.8 | F5: ='9 - 2021'!C11-'9 - 2021'!C10 -> 5618 | G5: 0.118 | H5: ='9 - 2021'!E11-'9 - 2021'!E10 -> 23.38 | I5: ='9 - 2021'!F11-'9 - 2021'!F10 -> 5.42 | J5: ='9 - 2021'!G11-'9 - 2021'!G10 -> 28.59 | K5: 0.74 | L5: 45
A6: Dubai DIFC | B6: =B5+1 -> 5 | C6: 9 | D6: 2021 | E6: ='9 - 2021'!B12-'9 - 2021'!B11 -> 3704.4 | F6: ='9 - 2021'!C12-'9 - 2021'!C11 -> 5771 | G6: 0.118 | H6: ='9 - 2021'!E12-'9 - 2021'!E11 -> 23.53 | I6: ='9 - 2021'!F12-'9 - 2021'!F11 -> 10.13 | J6: ='9 - 2021'!G12-'9 - 2021'!G11 -> 30.79 | K6: 0.74 | L6: 37
A7: Dubai DIFC | B7: =B6+1 -> 6 | C7: 9 | D7: 2021 | E7: ='9 - 2021'!B13-'9 - 2021'!B12 -> 3708.9 | F7: ='9 - 2021'!C13-'9 - 2021'!C12 -> 5591 | G7: 0.118 | H7: ='9 - 2021'!E13-'9 - 2021'!E12 -> 23.85 | I7: ='9 - 2021'!F13-'9 - 2021'!F12 -> 7.47 | J7: ='9 - 2021'!G13-'9 - 2021'!G12 -> 27.51 | K7: 0.74 | L7: 39
A8: Dubai DIFC | B8: =B7+1 -> 7 | C8: 9 | D8: 2021 | E8: ='9 - 2021'!B14-'9 - 2021'!B13 -> 3665.8 | F8: ='9 - 2021'!C14-'9 - 2021'!C13 -> 5810 | G8: 0.118 | H8: ='9 - 2021'!E14-'9 - 2021'!E13 -> 22.98 | I8: ='9 - 2021'!F14-'9 - 2021'!F13 -> 7.33 | J8: ='9 - 2021'!G14-'9 - 2021'!G13 -> 29.34 | K8: 0.74 | L8: 41
A9: Dubai DIFC | B9: =B8+1 -> 8 | C9: 9 | D9: 2021 | E9: ='9 - 2021'!B15-'9 - 2021'!B14 -> 3705.2 | F9: ='9 - 2021'!C15-'9 - 2021'!C14 -> 5706 | G9: 0.118 | H9: ='9 - 2021'!E15-'9 - 2021'!E14 -> 23.1 | I9: ='9 - 2021'!F15-'9 - 2021'!F14 -> 7.06 | J9: ='9 - 2021'!G15-'9 - 2021'!G14 -> 29.35 | K9: 0.74 | L9: 42
A10: Dubai DIFC | B10: =B9+1 -> 9 | C10: 9 | D10: 2021 | E10: ='9 - 2021'!B16-'9 - 2021'!B15 -> 3734.3 | F10: ='9 - 2021'!C16-'9 - 2021'!C15 -> 5737 | G10: 0.118 | H10: ='9 - 2021'!E16-'9 - 2021'!E15 -> 25.57 | I10: ='9 - 2021'!F16-'9 - 2021'!F15 -> 6.94 | J10: ='9 - 2021'!G16-'9 - 2021'!G15 -> 32.72 | K10: 0.74 | L10: 37
A11: Dubai DIFC | B11: =B10+1 -> 10 | C11: 9 | D11: 2021 | E11: ='9 - 2021'!B17-'9 - 2021'!B16 -> 3737.7 | F11: ='9 - 2021'!C17-'9 - 2021'!C16 -> 5702 | G11: 0.118 | H11: ='9 - 2021'!E17-'9 - 2021'!E16 -> 25.57 | I11: ='9 - 2021'!F17-'9 - 2021'!F16 -> 7.37 | J11: ='9 - 2021'!G17-'9 - 2021'!G16 -> 31.79 | K11: 0.74 | L11: 44
A12: Dubai DIFC | B12: =B11+1 -> 11 | C12: 9 | D12: 2021 | E12: ='9 - 2021'!B18-'9 - 2021'!B17 -> 3862 | F12: ='9 - 2021'!C18-'9 - 2021'!C17 -> 5669 | G12: 0.118 | H12: ='9 - 2021'!E18-'9 - 2021'!E17 -> 24.47 | I12: ='9 - 2021'!F18-'9 - 2021'!F17 -> 6.28 | J12: ='9 - 2021'!G18-'9 - 2021'!G17 -> 33.56 | K12: 0.74 | L12: 40
A13: Dubai DIFC | B13: =B12+1 -> 12 | C13: 9 | D13: 2021 | E13: ='9 - 2021'!B19-'9 - 2021'!B18 -> 3821.2 | F13: ='9 - 2021'!C19-'9 - 2021'!C18 -> 5691 | G13: 0.118 | H13: ='9 - 2021'!E19-'9 - 2021'!E18 -> 22.28 | I13: ='9 - 2021'!F19-'9 - 2021'!F18 -> 6.61 | J13: ='9 - 2021'!G19-'9 - 2021'!G18 -> 30.6 | K13: 0.74 | L13: 25
A14: Dubai DIFC | B14: =B13+1 -> 13 | C14: 9 | D14: 2021 | E14: ='9 - 2021'!B20-'9 - 2021'!B19 -> 3795.5 | F14: ='9 - 2021'!C20-'9 - 2021'!C19 -> 5622 | G14: 0.118 | H14: ='9 - 2021'!E20-'9 - 2021'!E19 -> 24.28 | I14: ='9 - 2021'!F20-'9 - 2021'!F19 -> 6.2 | J14: ='9 - 2021'!G20-'9 - 2021'!G19 -> 28.77 | K14: 0.74 | L14: 39
... A27: Dubai DIFC | B27: =B26+1 -> 26 | C27: 9 | D27: 2021 | E27: ='9 - 2021'!B33-'9 - 2021'!B32 -> 4186 | F27: ='9 - 2021'!C33-'9 - 2021'!C32 -> 5999 | G27: 0.118 | H27: ='9 - 2021'!E33-'9 - 2021'!E32 -> 25 | I27: ='9 - 2021'!F33-'9 - 2021'!F32 -> 7.33 | J27: ='9 - 2021'!G33-'9 - 2021'!G32 -> 30.82 | K27: 0.74 | L27: 44
A28: Dubai DIFC | B28: =B27+1 -> 27 | C28: 9 | D28: 2021 | E28: 0 | F28: 0 | G28: 0.118 | H28: 0 | I28: 0 | J28: 0 | K28: 0.74
A29: Dubai DIFC | B29: =B28+1 -> 28 | C29: 9 | D29: 2021 | E29: ='9 - 2021'!B35-'9 - 2021'!B34 -> 0 | F29: ='9 - 2021'!C35-'9 - 2021'!C34 -> 0 | G29: 0.118 | H29: ='9 - 2021'!E35-'9 - 2021'!E34 -> 0 | I29: ='9 - 2021'!F35-'9 - 2021'!F34 -> 0 | J29: ='9 - 2021'!G35-'9 - 2021'!G34 -> 0 | K29: 0.74
A30: Dubai DIFC | B30: =B29+1 -> 29 | C30: 9 | D30: 2021 | E30: ='9 - 2021'!B36-'9 - 2021'!B35 -> 0 | F30: ='9 - 2021'!C36-'9 - 2021'!C35 -> 0 | G30: 0.118 | H30: ='9 - 2021'!E36-'9 - 2021'!E35 -> 0 | I30: ='9 - 2021'!F36-'9 - 2021'!F35 -> 0 | J30: ='9 - 2021'!G36-'9 - 2021'!G35 -> 0 | K30: 0.74
A31: Dubai DIFC | B31: =B30+1 -> 30 | C31: 9 | D31: 2021 | E31: ='9 - 2021'!B37-'9 - 2021'!B36 -> 0 | F31: ='9 - 2021'!C37-'9 - 2021'!C36 -> 0 | G31: 0.118 | H31: ='9 - 2021'!E37-'9 - 2021'!E36 -> 0 | I31: ='9 - 2021'!F37-'9 - 2021'!F36 -> 0 | J31: ='9 - 2021'!G37-'9 - 2021'!G36 -> 0 | K31: 0.74

Sheet 9 - 2021
A3: FOUR SEASONS HOTEL - DIFC
A4: HLP READING MONTH OF SEPTEMBER' 2021
B5: Electricity | D5: LPG (cu.m) | H5: Water (cu.m) | J5: BTU
A6: Date | B6: LV-01, 2025952759 | C6: LV-2, 2030235407 | D6: Main Meter % | E6: Main Kitchen | F6: Podium Kitchen | G6: Boiler | H6: B-3 Water Meter (DIFC) | I6: MainWater Meter (DEWA) | J6: Chilled Water (KWH) | K6: Gas Received (Litres) | L6: Remark
A7: 44439 | B7: 1048520.9 | C7: 343357 | D7: 0.78 | E7: 5121.1 | F7: 219.36 | G7: 32462.77 | H7: 14528 | I7: 129480 | J7: 49877280
A8: =A7+1 -> 44440 | B8: 1052258.1 | C8: 348999 | D8: 0.73 | E8: 5145.3 | F8: 225.44 | G8: 32492 | H8: 14528 | I8: 129575 | J8: 49909468
A9: =A8+1 -> 44441 | B9: 1055957.7 | C9: 354499 | D9: 0.65 | E9: 5166.84 | F9: 233.26 | G9: 32522.49 | H9: 14528 | I9: 129671 | J9: 49941460
A10: =A9+1 -> 44442 | B10: 1059759.9 | C10: 360250 | D10: 0.59 | E10: 5191.47 | F10: 240.76 | G10: 32553.21 | H10: 14528 | I10: 129765 | J10: 49975500
A11: =A10+1 -> 44443 | B11: 1063381.7 | C11: 365868 | D11: 0.52 | E11: 5214.85 | F11: 246.18 | G11: 32581.8 | H11: 14528 | I11: 129860 | J11: 50010230
A12: =A11+1 -> 44444 | B12: 1067086.1 | C12: 371639 | D12: 0.45 | E12: 5238.38 | F12: 256.31 | G12: 32612.59 | H12: 14528 | I12: 129953 | J12: 50041890
A13: =A12+1 -> 44445 | B13: 1070795 | C13: 377230 | D13: 0.38 | E13: 5262.23 | F13: 263.78 | G13: 32640.1 | H13: 14528 | I13: 130043 | J13: 50071340
A14: =A13+1 -> 44446 | B14: 1074460.8 | C14: 383040 | D14: 0.32 | E14: 5285.21 | F14: 271.11 | G14: 32669.44 | H14: 14528 | I14: 130134 | J14: 50105100
A15: =A14+1 -> 44447 | B15: 1078166 | C15: 388746 | D15: 0.85 | E15: 5308.31 | F15: 278.17 | G15: 32698.79 | H15: 14528 | I15: 130226 | J15: 50145778
A16: =A15+1 -> 44448 | B16: 1081900.3 | C16: 394483 | D16: 0.75 | E16: 5333.88 | F16: 285.11 | G16: 32731.51 | H16: 14528 | I16: 130324 | J16: 50184566
A17: =A16+1 -> 44449 | B17: 1085638 | C17: 400185 | D17: 0.65 | E17: 5359.45 | F17: 292.48 | G17: 32763.3 | H17: 14528 | I17: 130422 | J17: 50225741
A18: =A17+1 -> 44450 | B18: 1089500 | C18: 405854 | D18: 0.57 | E18: 5383.92 | F18: 298.76 | G18: 32796.86 | H18: 14528 | I18: 130521 | J18: 50267477
A19: =A18+1 -> 44451 | B19: 1093321.2 | C19: 411545 | D19: 0.48 | E19: 5406.2 | F19: 305.37 | G19: 32827.46 | H19: 14528 | I19: 130615 | J19: 50307073
... A33: =A32+1 -> 44465 | B33: 1149386 | C33: 491870 | D33: 0.8 | E33: 5750.34 | F33: 403.06 | G33: 33248.92 | H33: 14528 | I33: 132003 | J33: 50832532
A34: =A33+1 -> 44466
A35: =A34+1 -> 44467
A36: =A35+1 -> 44468
A37: =A36+1 -> 44469
A38: =A37+1 -> 44470
A39: Readings | B39: =B37-B7 -> -1048520.9 | C39: =C37-C7 -> -343357 | E39: =E37-E7 -> -5121.1 | F39: =F37-F7 -> -219.36 | G39: =G37-G7 -> -32462.77 | H39: =H37-H7 -> -14528 | I39: =I37-I7 -> -129480 | J39: =J37-J7 -> -49877280 | K39: =SUM(K7:K38) -> 0
H40: =H39*219.969 -> -3195709.6 | I40: =I39*219.969 -> -28481586
