Workbook

Sheet TOTAL
A1: Site Name | B1: Day | C1: Month | D1: Year | E1: Total Electricity Kwh | F1: Electricity Tariff ($/Kwh) | G1: Natual Gas (m3) | H1: Natural Gas $/m3 | I1: Water Utility Supply (m3) m3 | J1: Water Utility Supply (m3) $/m3 | K1: District Energy Cooling Kwh | L1: District Energy Cooling $/Kwh | M1: Room Nights | N1: Total Guests | O1: Utilities day cost dh
A2: Guangzhou | B2: 1 | C2: 3 | D2: 2021 | E2: =SUBMETERING!P5+SUBMETERING!M5 -> 48817.77 | F2: 0.675169 | G2: =SUBMETERING!K5 -> 3054 | H2: 3.95 | I2: =SUBMETERING!V5 -> 443.06 | J2: 4.86 | K2: =SUBMETERING!R5*1000 -> 7000 | L2: =SUBMETERING!S5/TOTAL!K2 -> 0.417 | M2: =(SUBMETERING!D5/100)*344 -> 196.0112 | N2: ='[1]Consommation mensuel énergie'!E10 -> 0 | O2: =E2*F2+G2*H2+#REF!*#REF!+I2*J2 -> #REF!
A3: Guangzhou | B3: =B2+1 -> 2 | C3: 3 | D3: 2021 | E3: =SUBMETERING!P6+SUBMETERING!M6 -> 47507.95 | F3: =F2 -> 0.675169 | G3: =SUBMETERING!K6 -> 3002 | H3: =H2 -> 3.95 | I3: =SUBMETERING!V6 -> 409.88 | J3: =J2 -> 4.86 | K3: =SUBMETERING!R6*1000 -> 9000 | L3: =SUBMETERING!S6/TOTAL!K3 -> 0.417 | M3: =(SUBMETERING!D6/100)*344 -> 242.004 | N3: ='[1]Consommation mensuel énergie'!E11 -> 0 | O3: =E3*F3+G3*H3+#REF!*#REF!+I3*J3 -> #REF!
A4: Guangzhou | B4: =B3+1 -> 3 | C4: 3 | D4: 2021 | E4: =SUBMETERING!P7+SUBMETERING!M7 -> 46639.77 | F4: =F3 -> 0.675169 | G4: =SUBMETERING!K7 -> 3048 | H4: =H3 -> 3.95 | I4: =SUBMETERING!V7 -> 462.02 | J4: =J3 -> 4.86 | K4: =SUBMETERING!R7*1000 -> 7000 | L4: =SUBMETERING!S7/TOTAL!K4 -> 0.417 | M4: =(SUBMETERING!D7/100)*344 -> 297.5944 | N4: ='[1]Consommation mensuel énergie'!E12 -> 0 | O4: =E4*F4+G4*H4+#REF!*#REF!+I4*J4 -> #REF!
A5: Guangzhou | B5: =B4+1 -> 4 | C5: 3 | D5: 2021 | E5: =SUBMETERING!P8+SUBMETERING!M8 -> 44737.77 | F5: =F4 -> 0.675169 | G5: =SUBMETERING!K8 -> 3333 | H5: =H4 -> 3.95 | I5: =SUBMETERING!V8 -> 428.84 | J5: =J4 -> 4.86 | K5: =SUBMETERING!R8*1000 -> 7000 | L5: =SUBMETERING!S8/TOTAL!K5 -> 0.417 | M5: =(SUBMETERING!D8/100)*344 -> 275.9912 | N5: ='[1]Consommation mensuel énergie'!E13 -> 0 | O5: =E5*F5+G5*H5+#REF!*#REF!+I5*J5 -> #REF!
A6: Guangzhou | B6: =B5+1 -> 5 | C6: 3 | D6: 2021 | E6: =SUBMETERING!P9+SUBMETERING!M9 -> 49152.95 | F6: =F5 -> 0.675169 | G6: =SUBMETERING!K9 -> 3509 | H6: =H5 -> 3.95 | I6: =SUBMETERING!V9 -> 503.1 | J6: =J5 -> 4.86 | K6: =SUBMETERING!R9*1000 -> 9000 | L6: =SUBMETERING!S9/TOTAL!K6 -> 0.417 | M6: =(SUBMETERING!D9/100)*344 -> 276.9888 | N6: ='[1]Consommation mensuel énergie'!E14 -> 0 | O6: =E6*F6+G6*H6+#REF!*#REF!+I6*J6 -> #REF!
A7: Guangzhou | B7: =B6+1 -> 6 | C7: 3 | D7: 2021 | E7: =SUBMETERING!P10+SUBMETERING!M10 -> 52131.31 | F7: =F6 -> 0.675169 | G7: =SUBMETERING!K10 -> 3421 | H7: =H6 -> 3.95 | I7: =SUBMETERING!V10 -> 555.24 | J7: =J6 -> 4.86 | K7: =SUBMETERING!R10*1000 -> 13000 | L7: =SUBMETERING!S10/TOTAL!K7 -> 0.417 | M7: =(SUBMETERING!D10/100)*344 -> 305.988 | N7: ='[1]Consommation mensuel énergie'!E15 -> 0 | O7: =E7*F7+G7*H7+#REF!*#REF!+I7*J7 -> #REF!
A8: Guangzhou | B8: =B7+1 -> 7 | C8: 3 | D8: 2021 | E8: =SUBMETERING!P11+SUBMETERING!M11 -> 47479.36 | F8: =F7 -> 0.675169 | G8: =SUBMETERING!K11 -> 3325 | H8: =H7 -> 3.95 | I8: =SUBMETERING!V11 -> 503.1 | J8: =J7 -> 4.86 | K8: =SUBMETERING!R11*1000 -> 8000 | L8: =SUBMETERING!S11/TOTAL!K8 -> 0.417 | M8: =(SUBMETERING!D11/100)*344 -> 226.008 | N8: ='[1]Consommation mensuel énergie'!E16 -> 0 | O8: =E8*F8+G8*H8+#REF!*#REF!+I8*J8 -> #REF!
A9: Guangzhou | B9: =B8+1 -> 8 | C9: 3 | D9: 2021 | E9: =SUBMETERING!P12+SUBMETERING!M12 -> 50027.36 | F9: =F8 -> 0.675169 | G9: =SUBMETERING!K12 -> 3170 | H9: =H8 -> 3.95 | I9: =SUBMETERING!V12 -> 526.8 | J9: =J8 -> 4.86 | K9: =SUBMETERING!R12*1000 -> 8000 | L9: =SUBMETERING!S12/TOTAL!K9 -> 0.417 | M9: =(SUBMETERING!D12/100)*344 -> 239.0112 | N9: ='[1]Consommation mensuel énergie'!E17 -> 0 | O9: =E9*F9+G9*H9+#REF!*#REF!+I9*J9 -> #REF!
A10: Guangzhou | B10: =B9+1 -> 9 | C10: 3 | D10: 2021 | E10: =SUBMETERING!P13+SUBMETERING!M13 -> 52892.31 | F10: =F9 -> 0.675169 | G10: =SUBMETERING!K13 -> 3127 | H10: =H9 -> 3.95 | I10: =SUBMETERING!V13 -> 449.38 | J10: =J9 -> 4.86 | K10: =SUBMETERING!R13*1000 -> 13000 | L10: =SUBMETERING!S13/TOTAL!K10 -> 0.417 | M10: =(SUBMETERING!D13/100)*344 -> 313.0056 | N10: ='[1]Consommation mensuel énergie'!E18 -> 0 | O10: =E10*F10+G10*H10+#REF!*#REF!+I10*J10 -> #REF!
A11: Guangzhou | B11: =B10+1 -> 10 | C11: 3 | D11: 2021 | E11: =SUBMETERING!P14+SUBMETERING!M14 -> 49954.54 | F11: =F10 -> 0.675169 | G11: =SUBMETERING!K14 -> 3144 | H11: =H10 -> 3.95 | I11: =SUBMETERING!V14 -> 528.38 | J11: =J10 -> 4.86 | K11: =SUBMETERING!R14*1000 -> 10000 | L11: =SUBMETERING!S14/TOTAL!K11 -> 0.417 | M11: =(SUBMETERING!D14/100)*344 -> 332.992 | N11: ='[1]Consommation mensuel énergie'!E19 -> 0 | O11: =E11*F11+G11*H11+#REF!*#REF!+I11*J11 -> #REF!
A12: Guangzhou | B12: =B11+1 -> 11 | C12: 3 | D12: 2021 | E12: =SUBMETERING!P15+SUBMETERING!M15 -> 52613.95 | F12: =F11 -> 0.675169 | G12: =SUBMETERING!K15 -> 3311 | H12: =H11 -> 3.95 | I12: =SUBMETERING!V15 -> 618.44 | J12: =J11 -> 4.86 | K12: =SUBMETERING!R15*1000 -> 9000 | L12: =SUBMETERING!S15/TOTAL!K12 -> 0.417 | M12: =(SUBMETERING!D15/100)*344 -> 332.992 | N12: ='[1]Consommation mensuel énergie'!E20 -> 0 | O12: =E12*F12+G12*H12+#REF!*#REF!+I12*J12 -> #REF!
A13: Guangzhou | B13: =B12+1 -> 12 | C13: 3 | D13: 2021 | E13: =SUBMETERING!P16+SUBMETERING!M16 -> 57658.49 | F13: =F12 -> 0.675169 | G13: =SUBMETERING!K16 -> 3436 | H13: =H12 -> 3.95 | I13: =SUBMETERING!V16 -> 403.56 | J13: =J12 -> 4.86 | K13: =SUBMETERING!R16*1000 -> 15000 | L13: =SUBMETERING!S16/TOTAL!K13 -> 0.417 | M13: =(SUBMETERING!D16/100)*344 -> 316.996 | N13: ='[1]Consommation mensuel énergie'!E21 -> 0 | O13: =E13*F13+G13*H13+#REF!*#REF!+I13*J13 -> #REF!
A14: Guangzhou | B14: =B13+1 -> 13 | C14: 3 | D14: 2021 | E14: =SUBMETERING!P17+SUBMETERING!M17 -> 53678.31 | F14: =F13 -> 0.675169 | G14: =SUBMETERING!K17 -> 3450 | H14: =H13 -> 3.95 | I14: =SUBMETERING!V17 -> 575.78 | J14: =J13 -> 4.86 | K14: =SUBMETERING!R17*1000 -> 13000 | L14: =SUBMETERING!S17/TOTAL!K14 -> 0.417 | M14: =(SUBMETERING!D17/100)*344 -> 331.9944 | N14: ='[1]Consommation mensuel énergie'!E22 -> 0 | O14: =E14*F14+G14*H14+#REF!*#REF!+I14*J14 -> #REF!
... A31: Guangzhou | B31: =B30+1 -> 30 | C31: 3 | D31: 2021 | E31: =SUBMETERING!P34+SUBMETERING!M34 -> 64625.44 | F31: =F30 -> 0.675169 | G31: =SUBMETERING!K34 -> 3275 | H31: =H30 -> 3.95 | I31: =SUBMETERING!V34 -> 297.7 | J31: =J30 -> 4.86 | K31: =SUBMETERING!R34*1000 -> 20000 | L31: =SUBMETERING!S34/TOTAL!K31 -> 0.417 | M31: =(SUBMETERING!D34/100)*344 -> 242.004 | N31: ='[1]Consommation mensuel énergie'!E39 -> 0 | O31: =E31*F31+G31*H31+#REF!*#REF!+I31*J31 -> #REF!
A32: Guangzhou | B32: =B31+1 -> 31 | C32: 3 | D32: 2021 | E32: =SUBMETERING!P35+SUBMETERING!M35 -> 63609.62 | F32: =F31 -> 0.675169 | G32: =SUBMETERING!K35 -> 2783 | H32: =H31 -> 3.95 | I32: =SUBMETERING!V35 -> 264.52 | J32: =J31 -> 4.86 | K32: =SUBMETERING!R35*1000 -> 22000 | L32: =SUBMETERING!S35/TOTAL!K32 -> 0.417 | M32: =(SUBMETERING!D35/100)*344 -> 282.0112 | N32: 0

Sheet SUBMETERING
A1: UTILITIES CONSUMPTION REPORT(2021-03) 电费从2019年8月1号开始下降改为0.675169/Kwh，天然气从2018年6月1号开始下降改为4.17/m³
A2: DATE 日期 | B2: Out door Temp℃ 户外 温度 | C2: Event Cover 宴会 人数 | D2: RoomOcc.% 客房率 | E2: Kitchen Gas 厨房天然气 (RMB3.95/m³) | G2: Boiler Gas 锅炉天然气(蒸汽) (RMB3.95/m³) | I2: Boiler Gas 锅炉天然气(热水) (RMB3.95/m³) | K2: General Gas 总天然气 (RMB3.95/m³) | M2: Chiller Electricity 制冷主机用电 | N2: Podium Electricity 裙楼用电 每月10.20.月末日抄表 | O2: Main Tower electricity 主塔用电 | P2: General electricity 总电量(*10000)(RMB0.675169/Kwh) | R2: Podium AC Consumption 裙楼空调用量 (Mw/h)Rmb291.66/MwH+1655.02/天 | T2: 主塔用水 | U2: 裙楼用水 每月10.20.30日抄表 | V2: Water Consumption 水用量 | X2: Daily Total Utility Expense(RMB) 每日能耗总费用
V3: domestic Water 生活水RMB4.86/m3
E4: Totalgas (m³) | F4: Total RMB | G4: Totalgas (m³) | H4: Total RMB | I4: Totalgas(m³) | J4: Total RMB | K4: Totalgas (m³) | L4: Total RMB | M4: Total electric (KWH) | N4: Total electric (KWH) | O4: Total electric (KWH) | P4: Total electric (KWH) | Q4: Total RMB | R4: Total (Mw/h0 | S4: Total RMB | T4: Total Water (m3) | U4: Total Water (m3) | V4: Total Water (m3) | W4: Total RMB
A5: 1 | B5: 16/23 | C5: 12 | D5: 56.98 | E5: =SUM([2]厨房燃气!BH7) -> 560 | F5: =IF(E5>0,E5*3.95,0) -> 2212 | G5: =SUM('[2]B1 & 102F 锅炉房'!C7) -> 1555 | H5: =IF(G5>0,G5*3.95,0) -> 6142.25 | I5: =SUM('[2]B1 & 102F 锅炉房'!G7) -> 939 | J5: =IF(I5>0,I5*3.95,0) -> 3709.05 | K5: =SUM(I5+G5+E5) -> 3054 | L5: =IF(K5>0,K5*4.17,0) -> 12735.18 | M5: =SUM([2]主塔楼空调用电量!V4) -> 6428 | N5: 9266.64 | O5: =SUM('[2]68F 高压F13&F30'!F7) -> 28800 | P5: =N5+O5+R5*617.59 -> 42389.77 | Q5: =IF(P5>0,P5*0.675169) -> 28620.259 | R5: =SUM([2]裙楼空调用量!L4) -> 7 | S5: =IF(R5*417>0,R5*417,0) -> 2919 | T5: =SUM('[2]B4 水表'!C7) -> 309.68 | U5: 133.38 | V5: =T5+U5 -> 443.06 | W5: =V5*4.86 -> 2153.2716 | X5: =SUM(L5+Q5+S5+W5) -> 46427.71
A6: 2 | B6: 17/23 | C6: 8 | D6: 70.35 | E6: =SUM([2]厨房燃气!BH8) -> 559 | F6: =IF(E6>0,E6*3.95,0) -> 2208.05 | G6: =SUM('[2]B1 & 102F 锅炉房'!C8) -> 1519 | H6: =IF(G6>0,G6*3.95,0) -> 6000.05 | I6: =SUM('[2]B1 & 102F 锅炉房'!G8) -> 924 | J6: =IF(I6>0,I6*3.95,0) -> 3649.8 | K6: =SUM(I6+G6+E6) -> 3002 | L6: =IF(K6>0,K6*4.17,0) -> 12518.34 | M6: =SUM([2]主塔楼空调用电量!V5) -> 4783 | N6: 9266.64 | O6: =SUM('[2]68F 高压F13&F30'!F8) -> 27900 | P6: =N6+O6+R6*617.59 -> 42724.95 | Q6: =IF(P6>0,P6*0.675169) -> 28846.562 | R6: =SUM([2]裙楼空调用量!L5) -> 9 | S6: =IF(R6*417>0,R6*417,0) -> 3753 | T6: =SUM('[2]B4 水表'!C8) -> 276.5 | U6: 133.38 | V6: =T6+U6 -> 409.88 | W6: =V6*4.86 -> 1992.0168 | X6: =SUM(L6+Q6+S6+W6) -> 47109.919
A7: 3 | B7: 19/21 | C7: 60 | D7: 86.51 | E7: =SUM([2]厨房燃气!BH9) -> 611 | F7: =IF(E7>0,E7*3.95,0) -> 2413.45 | G7: =SUM('[2]B1 & 102F 锅炉房'!C9) -> 1487 | H7: =IF(G7>0,G7*3.95,0) -> 5873.65 | I7: =SUM('[2]B1 & 102F 锅炉房'!G9) -> 950 | J7: =IF(I7>0,I7*3.95,0) -> 3752.5 | K7: =SUM(I7+G7+E7) -> 3048 | L7: =IF(K7>0,K7*4.17,0) -> 12710.16 | M7: =SUM([2]主塔楼空调用电量!V6) -> 5250 | N7: 9266.64 | O7: =SUM('[2]68F 高压F13&F30'!F9) -> 27800 | P7: =N7+O7+R7*617.59 -> 41389.77 | Q7: =IF(P7>0,P7*0.675169) -> 27945.09 | R7: =SUM([2]裙楼空调用量!L6) -> 7 | S7: =IF(R7*417>0,R7*417,0) -> 2919 | T7: =SUM('[2]B4 水表'!C9) -> 328.64 | U7: 133.38 | V7: =T7+U7 -> 462.02 | W7: =V7*4.86 -> 2245.4172 | X7: =SUM(L7+Q7+S7+W7) -> 45819.667
A8: 4 | B8: 17/19 | C8: 66 | D8: 80.23 | E8: =SUM([2]厨房燃气!BH10) -> 583 | F8: =IF(E8>0,E8*3.95,0) -> 2302.85 | G8: =SUM('[2]B1 & 102F 锅炉房'!C10) -> 1574 | H8: =IF(G8>0,G8*3.95,0) -> 6217.3 | I8: =SUM('[2]B1 & 102F 锅炉房'!G10) -> 1176 | J8: =IF(I8>0,I8*3.95,0) -> 4645.2 | K8: =SUM(I8+G8+E8) -> 3333 | L8: =IF(K8>0,K8*4.17,0) -> 13898.61 | M8: =SUM([2]主塔楼空调用电量!V7) -> 4348 | N8: 9266.64 | O8: =SUM('[2]68F 高压F13&F30'!F10) -> 26800 | P8: =N8+O8+R8*617.59 -> 40389.77 | Q8: =IF(P8>0,P8*0.675169) -> 27269.921 | R8: =SUM([2]裙楼空调用量!L7) -> 7 | S8: =IF(R8*417>0,R8*417,0) -> 2919 | T8: =SUM('[2]B4 水表'!C10) -> 295.46 | U8: 133.38 | V8: =T8+U8 -> 428.84 | W8: =V8*4.86 -> 2084.1624 | X8: =SUM(L8+Q8+S8+W8) -> 46171.693
A9: 5 | B9: 15/23 | C9: 1032 | D9: 80.52 | E9: =SUM([2]厨房燃气!BH11) -> 605 | F9: =IF(E9>0,E9*3.95,0) -> 2389.75 | G9: =SUM('[2]B1 & 102F 锅炉房'!C11) -> 1621 | H9: =IF(G9>0,G9*3.95,0) -> 6402.95 | I9: =SUM('[2]B1 & 102F 锅炉房'!G11) -> 1283 | J9: =IF(I9>0,I9*3.95,0) -> 5067.85 | K9: =SUM(I9+G9+E9) -> 3509 | L9: =IF(K9>0,K9*4.17,0) -> 14632.53 | M9: =SUM([2]主塔楼空调用电量!V8) -> 5628 | N9: 9266.64 | O9: =SUM('[2]68F 高压F13&F30'!F11) -> 28700 | P9: =N9+O9+R9*617.59 -> 43524.95 | Q9: =IF(P9>0,P9*0.675169) -> 29386.697 | R9: =SUM([2]裙楼空调用量!L8) -> 9 | S9: =IF(R9*417>0,R9*417,0) -> 3753 | T9: =SUM('[2]B4 水表'!C11) -> 369.72 | U9: 133.38 | V9: =T9+U9 -> 503.1 | W9: =V9*4.86 -> 2445.066 | X9: =SUM(L9+Q9+S9+W9) -> 50217.293
A10: 6 | B10: 15/21 | C10: 35 | D10: 88.95 | E10: =SUM([2]厨房燃气!BH12) -> 602 | F10: =IF(E10>0,E10*3.95,0) -> 2377.9 | G10: =SUM('[2]B1 & 102F 锅炉房'!C12) -> 1587 | H10: =IF(G10>0,G10*3.95,0) -> 6268.65 | I10: =SUM('[2]B1 & 102F 锅炉房'!G12) -> 1232 | J10: =IF(I10>0,I10*3.95,0) -> 4866.4 | K10: =SUM(I10+G10+E10) -> 3421 | L10: =IF(K10>0,K10*4.17,0) -> 14265.57 | M10: =SUM([2]主塔楼空调用电量!V9) -> 5336 | N10: 9266.64 | O10: =SUM('[2]68F 高压F13&F30'!F12) -> 29500 | P10: =N10+O10+R10*617.59 -> 46795.31 | Q10: =IF(P10>0,P10*0.675169) -> 31594.743 | R10: =SUM([2]裙楼空调用量!L9) -> 13 | S10: =IF(R10*417>0,R10*417,0) -> 5421 | T10: =SUM('[2]B4 水表'!C12) -> 421.86 | U10: 133.38 | V10: =T10+U10 -> 555.24 | W10: =V10*4.86 -> 2698.4664 | X10: =SUM(L10+Q10+S10+W10) -> 53979.779
A11: 7 | B11: 16/24 | C11: 15 | D11: 65.7 | E11: =SUM([2]厨房燃气!BH13) -> 620 | F11: =IF(E11>0,E11*3.95,0) -> 2449 | G11: =SUM('[2]B1 & 102F 锅炉房'!C13) -> 1622 | H11: =IF(G11>0,G11*3.95,0) -> 6406.9 | I11: =SUM('[2]B1 & 102F 锅炉房'!G13) -> 1083 | J11: =IF(I11>0,I11*3.95,0) -> 4277.85 | K11: =SUM(I11+G11+E11) -> 3325 | L11: =IF(K11>0,K11*4.17,0) -> 13865.25 | M11: =SUM([2]主塔楼空调用电量!V10) -> 5672 | N11: 9266.64 | O11: =SUM('[2]68F 高压F13&F30'!F13) -> 27600 | P11: =N11+O11+R11*617.59 -> 41807.36 | Q11: =IF(P11>0,P11*0.675169) -> 28227.033 | R11: =SUM([2]裙楼空调用量!L10) -> 8 | S11: =IF(R11*417>0,R11*417,0) -> 3336 | T11: =SUM('[2]B4 水表'!C13) -> 369.72 | U11: 133.38 | V11: =T11+U11 -> 503.1 | W11: =V11*4.86 -> 2445.066 | X11: =SUM(L11+Q11+S11+W11) -> 47873.349
A12: 8 | B12: 18/24 | C12: 87 | D12: 69.48 | E12: =SUM([2]厨房燃气!BH14) -> 586 | F12: =IF(E12>0,E12*3.95,0) -> 2314.7 | G12: =SUM('[2]B1 & 102F 锅炉房'!C14) -> 1541 | H12: =IF(G12>0,G12*3.95,0) -> 6086.95 | I12: =SUM('[2]B1 & 102F 锅炉房'!G14) -> 1043 | J12: =IF(I12>0,I12*3.95,0) -> 4119.85 | K12: =SUM(I12+G12+E12) -> 3170 | L12: =IF(K12>0,K12*4.17,0) -> 13218.9 | M12: =SUM([2]主塔楼空调用电量!V11) -> 6720 | N12: 9266.64 | O12: =SUM('[2]68F 高压F13&F30'!F14) -> 29100 | P12: =N12+O12+R12*617.59 -> 43307.36 | Q12: =IF(P12>0,P12*0.675169) -> 29239.787 | R12: =SUM([2]裙楼空调用量!L11) -> 8 | S12: =IF(R12*417>0,R12*417,0) -> 3336 | T12: =SUM('[2]B4 水表'!C14) -> 393.42 | U12: 133.38 | V12: =T12+U12 -> 526.8 | W12: =V12*4.86 -> 2560.248 | X12: =SUM(L12+Q12+S12+W12) -> 48354.935
A13: 9 | B13: 18/26 | C13: 68 | D13: 90.99 | E13: =SUM([2]厨房燃气!BH15) -> 578 | F13: =IF(E13>0,E13*3.95,0) -> 2283.1 | G13: =SUM('[2]B1 & 102F 锅炉房'!C15) -> 1609 | H13: =IF(G13>0,G13*3.95,0) -> 6355.55 | I13: =SUM('[2]B1 & 102F 锅炉房'!G15) -> 940 | J13: =IF(I13>0,I13*3.95,0) -> 3713 | K13: =SUM(I13+G13+E13) -> 3127 | L13: =IF(K13>0,K13*4.17,0) -> 13039.59 | M13: =SUM([2]主塔楼空调用电量!V12) -> 6197 | N13: 9266.64 | O13: =SUM('[2]68F 高压F13&F30'!F15) -> 29400 | P13: =N13+O13+R13*617.59 -> 46695.31 | Q13: =IF(P13>0,P13*0.675169) -> 31527.226 | R13: =SUM([2]裙楼空调用量!L12) -> 13 | S13: =IF(R13*417>0,R13*417,0) -> 5421 | T13: =SUM('[2]B4 水表'!C15) -> 316 | U13: 133.38 | V13: =T13+U13 -> 449.38 | W13: =V13*4.86 -> 2183.9868 | X13: =SUM(L13+Q13+S13+W13) -> 52171.803
A14: 10 | B14: 18/26 | C14: 20 | D14: 96.8 | E14: =SUM([2]厨房燃气!BH16) -> 557 | F14: =IF(E14>0,E14*3.95,0) -> 2200.15 | G14: =SUM('[2]B1 & 102F 锅炉房'!C16) -> 1552 | H14: =IF(G14>0,G14*3.95,0) -> 6130.4 | I14: =SUM('[2]B1 & 102F 锅炉房'!G16) -> 1035 | J14: =IF(I14>0,I14*3.95,0) -> 4088.25 | K14: =SUM(I14+G14+E14) -> 3144 | L14: =IF(K14>0,K14*4.17,0) -> 13110.48 | M14: =SUM([2]主塔楼空调用电量!V13) -> 5912 | N14: 9266.64 | O14: =SUM('[2]68F 高压F13&F30'!F16) -> 28600 | P14: =N14+O14+R14*617.59 -> 44042.54 | Q14: =IF(P14>0,P14*0.675169) -> 29736.158 | R14: =SUM([2]裙楼空调用量!L13) -> 10 | S14: =IF(R14*417>0,R14*417,0) -> 4170 | T14: =SUM('[2]B4 水表'!C16) -> 395 | U14: 133.38 | V14: =T14+U14 -> 528.38 | W14: =V14*4.86 -> 2567.9268 | X14: =SUM(L14+Q14+S14+W14) -> 49584.564
A15: 11 | B15: 19/27 | C15: 350 | D15: 96.8 | E15: =SUM([2]厨房燃气!BH17) -> 651 | F15: =IF(E15>0,E15*3.95,0) -> 2571.45 | G15: =SUM('[2]B1 & 102F 锅炉房'!C17) -> 1653 | H15: =IF(G15>0,G15*3.95,0) -> 6529.35 | I15: =SUM('[2]B1 & 102F 锅炉房'!G17) -> 1007 | J15: =IF(I15>0,I15*3.95,0) -> 3977.65 | K15: =SUM(I15+G15+E15) -> 3311 | L15: =IF(K15>0,K15*4.17,0) -> 13806.87 | M15: =SUM([2]主塔楼空调用电量!V14) -> 7089 | N15: 9266.64 | O15: =SUM('[2]68F 高压F13&F30'!F17) -> 30700 | P15: =N15+O15+R15*617.59 -> 45524.95 | Q15: =IF(P15>0,P15*0.675169) -> 30737.035 | R15: =SUM([2]裙楼空调用量!L14) -> 9 | S15: =IF(R15*417>0,R15*417,0) -> 3753 | T15: =SUM('[2]B4 水表'!C17) -> 485.06 | U15: 133.38 | V15: =T15+U15 -> 618.44 | W15: =V15*4.86 -> 3005.6184 | X15: =SUM(L15+Q15+S15+W15) -> 51302.523
A16: 12 | B16: 19/28 | C16: 539 | D16: 92.15 | E16: =SUM([2]厨房燃气!BH18) -> 779 | F16: =IF(E16>0,E16*3.95,0) -> 3077.05 | G16: =SUM('[2]B1 & 102F 锅炉房'!C18) -> 1702 | H16: =IF(G16>0,G16*3.95,0) -> 6722.9 | I16: =SUM('[2]B1 & 102F 锅炉房'!G18) -> 955 | J16: =IF(I16>0,I16*3.95,0) -> 3772.25 | K16: =SUM(I16+G16+E16) -> 3436 | L16: =IF(K16>0,K16*4.17,0) -> 14328.12 | M16: =SUM([2]主塔楼空调用电量!V15) -> 7828 | N16: 9266.64 | O16: =SUM('[2]68F 高压F13&F30'!F18) -> 31300 | P16: =N16+O16+R16*617.59 -> 49830.49 | Q16: =IF(P16>0,P16*0.675169) -> 33644.002 | R16: =SUM([2]裙楼空调用量!L15) -> 15 | S16: =IF(R16*417>0,R16*417,0) -> 6255 | T16: =SUM('[2]B4 水表'!C18) -> 270.18 | U16: 133.38 | V16: =T16+U16 -> 403.56 | W16: =V16*4.86 -> 1961.3016 | X16: =SUM(L16+Q16+S16+W16) -> 56188.424
... A18: 14 | B18: 19/27 | C18: 0 | D18: 63.66 | E18: =SUM([2]厨房燃气!BH20) -> 636 | F18: =IF(E18>0,E18*3.95,0) -> 2512.2 | G18: =SUM('[2]B1 & 102F 锅炉房'!C20) -> 1737 | H18: =IF(G18>0,G18*3.95,0) -> 6861.15 | I18: =SUM('[2]B1 & 102F 锅炉房'!G20) -> 1154 | J18: =IF(I18>0,I18*3.95,0) -> 4558.3 | K18: =SUM(I18+G18+E18) -> 3527 | L18: =IF(K18>0,K18*4.17,0) -> 14707.59 | M18: =SUM([2]主塔楼空调用电量!V17) -> 7136 | N18: 9266.64 | O18: =SUM('[2]68F 高压F13&F30'!F20) -> 30800 | P18: =N18+O18+R18*617.59 -> 47477.72 | Q18: =IF(P18>0,P18*0.675169) -> 32055.485 | R18: =SUM([2]裙楼空调用量!L17) -> 12 | S18: =IF(R18*417>0,R18*417,0) -> 5004 | T18: =SUM('[2]B4 水表'!C20) -> 426.6 | U18: 133.38 | V18: =T18+U18 -> 559.98 | W18: =V18*4.86 -> 2721.5028 | X18: =SUM(L18+Q18+S18+W18) -> 54488.578
A19: 15 | B19: 21/29 | C19: 10 | D19: 80.52 | E19: =SUM([2]厨房燃气!BH21) -> 556 | F19: =IF(E19>0,E19*3.95,0) -> 2196.2 | G19: =SUM('[2]B1 & 102F 锅炉房'!C21) -> 1578 | H19: =IF(G19>0,G19*3.95,0) -> 6233.1 | I19: =SUM('[2]B1 & 102F 锅炉房'!G21) -> 1040 | J19: =IF(I19>0,I19*3.95,0) -> 4108 | K19: =SUM(I19+G19+E19) -> 3174 | L19: =IF(K19>0,K19*4.17,0) -> 13235.58 | M19: =SUM([2]主塔楼空调用电量!V18) -> 7178 | N19: 9266.64 | O19: =SUM('[2]68F 高压F13&F30'!F21) -> 30100 | P19: =N19+O19+R19*617.59 -> 46160.13 | Q19: =IF(P19>0,P19*0.675169) -> 31165.889 | R19: =SUM([2]裙楼空调用量!L18) -> 11 | S19: =SUM(R19*417) -> 4587 | T19: =SUM('[2]B4 水表'!C21) -> 410.8 | U19: 133.38 | V19: =T19+U19 -> 544.18 | W19: =V19*4.86 -> 2644.7148 | X19: =SUM(L19+Q19+S19+W19) -> 51633.184
A20: 16 | B20: 22/30 | C20: 188 | D20: 83.14 | E20: =SUM([2]厨房燃气!BH22) -> 563 | F20: =IF(E20>0,E20*3.95,0) -> 2223.85 | G20: =SUM('[2]B1 & 102F 锅炉房'!C22) -> 1589 | H20: =IF(G20>0,G20*3.95,0) -> 6276.55 | I20: =SUM('[2]B1 & 102F 锅炉房'!G22) -> 983 | J20: =IF(I20>0,I20*3.95,0) -> 3882.85 | K20: =SUM(I20+G20+E20) -> 3135 | L20: =IF(K20>0,K20*4.17,0) -> 13072.95 | M20: =SUM([2]主塔楼空调用电量!V19) -> 7660 | N20: 9266.64 | O20: =SUM('[2]68F 高压F13&F30'!F22) -> 30600 | P20: =N20+O20+R20*617.59 -> 46660.13 | Q20: =IF(P20>0,P20*0.675169) -> 31503.473 | R20: =SUM([2]裙楼空调用量!L19) -> 11 | S20: =SUM(R20*417) -> 4587 | T20: =SUM('[2]B4 水表'!C22) -> 395 | U20: 133.38 | V20: =T20+U20 -> 528.38 | W20: =V20*4.86 -> 2567.9268 | X20: =SUM(L20+Q20+S20+W20) -> 51731.35
A21: 17 | B21: 21/29 | C21: 378 | D21: 90.12 | E21: =SUM([2]厨房燃气!BH23) -> 606 | F21: =IF(E21>0,E21*3.95,0) -> 2393.7 | G21: =SUM('[2]B1 & 102F 锅炉房'!C23) -> 1508 | H21: =IF(G21>0,G21*3.95,0) -> 5956.6 | I21: =SUM('[2]B1 & 102F 锅炉房'!G23) -> 995 | J21: =IF(I21>0,I21*3.95,0) -> 3930.25 | K21: =SUM(E21+G21+I21) -> 3109 | L21: =IF(K21>0,K21*4.17,0) -> 12964.53 | M21: =SUM([2]主塔楼空调用电量!V20) -> 8931 | N21: 9266.64 | O21: =SUM('[2]68F 高压F13&F30'!F23) -> 32600 | P21: =N21+O21+R21*617.59 -> 49277.72 | Q21: =IF(P21>0,P21*0.675169) -> 33270.789 | R21: =SUM([2]裙楼空调用量!L20) -> 12 | S21: =SUM(R21*417) -> 5004 | T21: =SUM('[2]B4 水表'!C23) -> 379.2 | U21: 133.38 | V21: =T21+U21 -> 512.58 | W21: =V21*4.86 -> 2491.1388 | X21: =SUM(L21+Q21+S21+W21) -> 53730.458
A22: 18 | B22: 22/29 | C22: 270 | D22: 88.95 | E22: =SUM([2]厨房燃气!BH24) -> 730 | F22: =IF(E22>0,E22*3.95,0) -> 2883.5 | G22: =SUM('[2]B1 & 102F 锅炉房'!C24) -> 1561 | H22: =IF(G22>0,G22*3.95,0) -> 6165.95 | I22: =SUM('[2]B1 & 102F 锅炉房'!G24) -> 953 | J22: =IF(I22>0,I22*3.95,0) -> 3764.35 | K22: =SUM(I22+G22+E22) -> 3244 | L22: =IF(K22>0,K22*4.17,0) -> 13527.48 | M22: =SUM([2]主塔楼空调用电量!V21) -> 8590 | N22: 9266.64 | O22: =SUM('[2]68F 高压F13&F30'!F24) -> 31800 | P22: =N22+O22+R22*617.59 -> 50330.49 | Q22: =IF(P22>0,P22*0.675169) -> 33981.587 | R22: =SUM([2]裙楼空调用量!L21) -> 15 | S22: =SUM(R22*417) -> 6255 | T22: =SUM('[2]B4 水表'!C24) -> 467.68 | U22: 133.38 | V22: =T22+U22 -> 601.06 | W22: =V22*4.86 -> 2921.1516 | X22: =SUM(L22+Q22+S22+W22) -> 56685.218
A23: 19 | B23: 19/30 | C23: 226 | D23: 89.53 | E23: =SUM([2]厨房燃气!BH25) -> 687 | F23: =IF(E23>0,E23*3.95,0) -> 2713.65 | G23: =SUM('[2]B1 & 102F 锅炉房'!C25) -> 1596 | H23: =IF(G23>0,G23*3.95,0) -> 6304.2 | I23: =SUM('[2]B1 & 102F 锅炉房'!G25) -> 942 | J23: =IF(I23>0,I23*3.95,0) -> 3720.9 | K23: =SUM(I23+G23+E23) -> 3225 | L23: =IF(K23>0,K23*4.17,0) -> 13448.25 | M23: =SUM([2]主塔楼空调用电量!V22) -> 9037 | N23: 9266.64 | O23: =SUM('[2]68F 高压F13&F30'!F25) -> 32200 | P23: =N23+O23+R23*617.59 -> 50730.49 | Q23: =IF(P23>0,P23*0.675169) -> 34251.654 | R23: =SUM([2]裙楼空调用量!L22) -> 15 | S23: =SUM(R23*417) -> 6255 | T23: =SUM('[2]B4 水表'!C25) -> 413.96 | U23: 133.38 | V23: =T23+U23 -> 547.34 | W23: =V23*4.86 -> 2660.0724 | X23: =SUM(L23+Q23+S23+W23) -> 56614.977
A24: 20 | B24: 14/19 | C24: 424 | D24: 94.77 | E24: =SUM([2]厨房燃气!BH26) -> 810 | F24: =IF(E24>0,E24*3.95,0) -> 3199.5 | G24: =SUM('[2]B1 & 102F 锅炉房'!C26) -> 1515 | H24: =IF(G24>0,G24*3.95,0) -> 5984.25 | I24: =SUM('[2]B1 & 102F 锅炉房'!G26) -> 1042 | J24: =IF(I24>0,I24*3.95,0) -> 4115.9 | K24: =SUM(I24+G24+E24) -> 3367 | L24: =IF(K24>0,K24*4.17,0) -> 14040.39 | M24: =SUM([2]主塔楼空调用电量!V23) -> 9259 | N24: 9266.64 | O24: =SUM('[2]68F 高压F13&F30'!F26) -> 32900 | P24: =N24+O24+R24*617.59 -> 50195.31 | Q24: =IF(P24>0,P24*0.675169) -> 33890.317 | R24: =SUM([2]裙楼空调用量!L23) -> 13 | S24: =SUM(R24*417) -> 5421 | T24: =SUM('[2]B4 水表'!C26) -> 521.4 | U24: 133.38 | V24: =T24+U24 -> 654.78 | W24: =V24*4.86 -> 3182.2308 | X24: =SUM(L24+Q24+S24+W24) -> 56533.938
A25: 21 | B25: 14/19 | C25: 188 | D25: 73.26 | E25: =SUM([2]厨房燃气!BH27) -> 590 | F25: =IF(E25>0,E25*3.95,0) -> 2330.5 | G25: =SUM('[2]B1 & 102F 锅炉房'!C27) -> 1496 | H25: =IF(G25>0,G25*3.95,0) -> 5909.2 | I25: =SUM('[2]B1 & 102F 锅炉房'!G27) -> 1017 | J25: =IF(I25>0,I25*3.95,0) -> 4017.15 | K25: =SUM(I25+G25+E25) -> 3103 | L25: =IF(K25>0,K25*4.17,0) -> 12939.51 | M25: =SUM([2]主塔楼空调用电量!V24) -> 5075 | N25: 9266.64 | O25: =SUM('[2]68F 高压F13&F30'!F27) -> 27800 | P25: =N25+O25+R25*617.59 -> 46330.49 | Q25: =IF(P25>0,P25*0.675169) -> 31280.911 | R25: =SUM([2]裙楼空调用量!L24) -> 15 | S25: =SUM(R25*417) -> 6255 | T25: =SUM('[2]B4 水表'!C27) -> 412.38 | U25: 133.38 | V25: =T25+U25 -> 545.76 | W25: =V25*4.86 -> 2652.3936 | X25: =SUM(L25+Q25+S25+W25) -> 53127.814
A26: 22 | B26: 14/19 | C26: 48 | D26: 67.15 | E26: =SUM([2]厨房燃气!BH28) -> 577 | F26: =IF(E26>0,E26*3.95,0) -> 2279.15 | G26: =SUM('[2]B1 & 102F 锅炉房'!C28) -> 1554 | H26: =IF(G26>0,G26*3.95,0) -> 6138.3 | I26: =SUM('[2]B1 & 102F 锅炉房'!G28) -> 909 | J26: =IF(I26>0,I26*3.95,0) -> 3590.55 | K26: =SUM(I26+G26+E26) -> 3040 | L26: =IF(K26>0,K26*4.17,0) -> 12676.8 | M26: =SUM([2]主塔楼空调用电量!V25) -> 4853 | N26: 9266.64 | O26: =SUM('[2]68F 高压F13&F30'!F28) -> 27000 | P26: =N26+O26+R26*617.59 -> 41824.95 | Q26: =IF(P26>0,P26*0.675169) -> 28238.91 | R26: =SUM([2]裙楼空调用量!L25) -> 9 | S26: =SUM(R26*417) -> 3753 | T26: =SUM('[2]B4 水表'!C28) -> 420.28 | U26: 133.38 | V26: =T26+U26 -> 553.66 | W26: =V26*4.86 -> 2690.7876 | X26: =SUM(L26+Q26+S26+W26) -> 47359.497
A27: 23 | B27: 17/27 | C27: 598 | D27: 85.42 | E27: =SUM([2]厨房燃气!BH29) -> 789 | F27: =IF(E27>0,E27*3.95,0) -> 3116.55 | G27: =SUM('[2]B1 & 102F 锅炉房'!C29) -> 1541 | H27: =IF(G27>0,G27*3.95,0) -> 6086.95 | I27: =SUM('[2]B1 & 102F 锅炉房'!G29) -> 907 | J27: =IF(I27>0,I27*3.95,0) -> 3582.65 | K27: =SUM(I27+G27+E27) -> 3237 | L27: =IF(K27>0,K27*4.17,0) -> 13498.29 | M27: =SUM([2]主塔楼空调用电量!V26) -> 4673 | N27: 9266.64 | O27: =SUM('[2]68F 高压F13&F30'!F29) -> 27000 | P27: =N27+O27+R27*617.59 -> 43060.13 | Q27: =IF(P27>0,P27*0.675169) -> 29072.865 | R27: =SUM([2]裙楼空调用量!L26) -> 11 | S27: =SUM(R27*417) -> 4587 | T27: =SUM('[2]B4 水表'!C29) -> 233.84 | U27: 133.38 | V27: =T27+U27 -> 367.22 | W27: =V27*4.86 -> 1784.6892 | X27: =SUM(L27+Q27+S27+W27) -> 48942.844
A28: 24 | B28: 17/28 | C28: 143 | D28: 73.76 | E28: =SUM([2]厨房燃气!BH30) -> 602 | F28: =IF(E28>0,E28*3.95,0) -> 2377.9 | G28: =SUM('[2]B1 & 102F 锅炉房'!C30) -> 1433 | H28: =IF(G28>0,G28*3.95,0) -> 5660.35 | I28: =SUM('[2]B1 & 102F 锅炉房'!G30) -> 1049 | J28: =IF(I28>0,I28*3.95,0) -> 4143.55 | K28: =SUM(I28+G28+E28) -> 3084 | L28: =IF(K28>0,K28*4.17,0) -> 12860.28 | M28: =SUM([2]主塔楼空调用电量!V27) -> 5430 | N28: 9266.64 | O28: =SUM('[2]68F 高压F13&F30'!F30) -> 28800 | P28: =N28+O28+R28*617.59 -> 44860.13 | Q28: =IF(P28>0,P28*0.675169) -> 30288.169 | R28: =SUM([2]裙楼空调用量!L27) -> 11 | S28: =SUM(R28*417) -> 4587 | T28: =SUM('[2]B4 水表'!C30) -> 480.32 | U28: 133.38 | V28: =T28+U28 -> 613.7 | W28: =V28*4.86 -> 2982.582 | X28: =SUM(L28+Q28+S28+W28) -> 50718.031
A29: 25 | B29: 19/28 | C29: 1215 | D29: 81.4 | E29: =SUM([2]厨房燃气!BH31) -> 653 | F29: =IF(E29>0,E29*3.95,0) -> 2579.35 | G29: =SUM('[2]B1 & 102F 锅炉房'!C31) -> 1520 | H29: =IF(G29>0,G29*3.95,0) -> 6004 | I29: =SUM('[2]B1 & 102F 锅炉房'!G31) -> 936 | J29: =IF(I29>0,I29*3.95,0) -> 3697.2 | K29: =SUM(I29+G29+E29) -> 3109 | L29: =IF(K29>0,K29*4.17,0) -> 12964.53 | M29: =SUM([2]主塔楼空调用电量!V28) -> 6363 | N29: 9266.64 | O29: =SUM('[2]68F 高压F13&F30'!F31) -> 28400 | P29: =N29+O29+R29*617.59 -> 44460.13 | Q29: =IF(P29>0,P29*0.675169) -> 30018.102 | R29: =SUM([2]裙楼空调用量!L28) -> 11 | S29: =SUM(R29*417) -> 4587 | T29: =SUM('[2]B4 水表'!C31) -> 350.76 | U29: 133.38 | V29: =T29+U29 -> 484.14 | W29: =V29*4.86 -> 2352.9204 | X29: =SUM(L29+Q29+S29+W29) -> 49922.552
A30: 26 | B30: 19/28 | C30: 756 | D30: 92.15 | E30: =SUM([2]厨房燃气!BH32) -> 665 | F30: =IF(E30>0,E30*3.95,0) -> 2626.75 | G30: =SUM('[2]B1 & 102F 锅炉房'!C32) -> 1556 | H30: =IF(G30>0,G30*3.95,0) -> 6146.2 | I30: =SUM('[2]B1 & 102F 锅炉房'!G32) -> 1047 | J30: =IF(I30>0,I30*3.95,0) -> 4135.65 | K30: =SUM(I30+G30+E30) -> 3268 | L30: =IF(K30>0,K30*4.17,0) -> 13627.56 | M30: =SUM([2]主塔楼空调用电量!V29) -> 6667 | N30: 9266.64 | O30: =SUM('[2]68F 高压F13&F30'!F32) -> 29500 | P30: =N30+O30+R30*617.59 -> 46177.72 | Q30: =IF(P30>0,P30*0.675169) -> 31177.765 | R30: =SUM([2]裙楼空调用量!L29) -> 12 | S30: =SUM(R30*417) -> 5004 | T30: =SUM('[2]B4 水表'!C32) -> 529.3 | U30: 133.38 | V30: =T30+U30 -> 662.68 | W30: =V30*4.86 -> 3220.6248 | X30: =SUM(L30+Q30+S30+W30) -> 53029.95
A31: 27 | B31: 23/31 | C31: 230 | D31: 88.37 | E31: =SUM([2]厨房燃气!BH33) -> 714 | F31: =IF(E31>0,E31*3.95,0) -> 2820.3 | G31: =SUM('[2]B1 & 102F 锅炉房'!C33) -> 1636 | H31: =IF(G31>0,G31*3.95,0) -> 6462.2 | I31: =SUM('[2]B1 & 102F 锅炉房'!G33) -> 1113 | J31: =IF(I31>0,I31*3.95,0) -> 4396.35 | K31: =SUM(I31+G31+E31) -> 3463 | L31: =IF(K31>0,K31*4.17,0) -> 14440.71 | M31: =SUM([2]主塔楼空调用电量!V30) -> 7496 | N31: 9266.64 | O31: =SUM('[2]68F 高压F13&F30'!F33) -> 30600 | P31: =N31+O31+R31*617.59 -> 50983.26 | Q31: =IF(P31>0,P31*0.675169) -> 34422.317 | R31: =SUM([2]裙楼空调用量!L30) -> 18 | S31: =SUM(R31*417) -> 7506 | T31: =SUM('[2]B4 水表'!C33) -> 417.12 | U31: 133.38 | V31: =T31+U31 -> 550.5 | W31: =V31*4.86 -> 2675.43 | X31: =SUM(L31+Q31+S31+W31) -> 59044.457
A32: 28 | B32: 23/33 | C32: 931 | D32: 56.98 | E32: =SUM([2]厨房燃气!BH34) -> 763 | F32: =IF(E32>0,E32*3.95,0) -> 3013.85 | G32: =SUM('[2]B1 & 102F 锅炉房'!C34) -> 1537 | H32: =IF(G32>0,G32*3.95,0) -> 6071.15 | I32: =SUM('[2]B1 & 102F 锅炉房'!G34) -> 1061 | J32: =IF(I32>0,I32*3.95,0) -> 4190.95 | K32: =SUM(I32+G32+E32) -> 3361 | L32: =IF(K32>0,K32*4.17,0) -> 14015.37 | M32: =SUM([2]主塔楼空调用电量!V31) -> 9283 | N32: 9266.64 | O32: =SUM('[2]68F 高压F13&F30'!F34) -> 32400 | P32: =N32+O32+R32*617.59 -> 51548.08 | Q32: =IF(P32>0,P32*0.675169) -> 34803.666 | R32: =SUM([2]裙楼空调用量!L31) -> 16 | S32: =SUM(R32*417) -> 6672 | T32: =SUM('[2]B4 水表'!C34) -> 426.6 | U32: 133.38 | V32: =T32+U32 -> 559.98 | W32: =V32*4.86 -> 2721.5028 | X32: =SUM(L32+Q32+S32+W32) -> 58212.538
A33: 29 | B33: 23/33 | C33: 320 | D33: 71.51 | E33: =SUM([2]厨房燃气!BH35) -> 768 | F33: =IF(E33>0,E33*3.95,0) -> 3033.6 | G33: =SUM('[2]B1 & 102F 锅炉房'!C35) -> 1502 | H33: =IF(G33>0,G33*3.95,0) -> 5932.9 | I33: =SUM('[2]B1 & 102F 锅炉房'!G35) -> 840 | J33: =IF(I33>0,I33*3.95,0) -> 3318 | K33: =SUM(I33+G33+E33) -> 3110 | L33: =IF(K33>0,K33*4.17,0) -> 12968.7 | M33: =SUM([2]主塔楼空调用电量!V32) -> 8304 | N33: 9266.64 | O33: =SUM('[2]68F 高压F13&F30'!F35) -> 30800 | P33: =N33+O33+R33*617.59 -> 53036.03 | Q33: =IF(P33>0,P33*0.675169) -> 35808.283 | R33: =SUM([2]裙楼空调用量!L32) -> 21 | S33: =SUM(R33*417) -> 8757 | T33: =SUM('[2]B4 水表'!C35) -> 380.78 | U33: 133.38 | V33: =T33+U33 -> 514.16 | W33: =V33*4.86 -> 2498.8176 | X33: =SUM(L33+Q33+S33+W33) -> 60032.801
... A35: 31 | B35: 24/31 | C35: 147 | D35: 81.98 | E35: =SUM([2]厨房燃气!BH37) -> 613 | F35: =IF(E35>0,E35*3.95,0) -> 2421.35 | G35: =SUM('[2]B1 & 102F 锅炉房'!C37) -> 1468 | H35: =IF(G35>0,G35*3.95,0) -> 5798.6 | I35: =SUM('[2]B1 & 102F 锅炉房'!G37) -> 702 | J35: =IF(I35>0,I35*3.95,0) -> 2772.9 | K35: =SUM(I35+G35+E35) -> 2783 | L35: =IF(K35>0,K35*4.17,0) -> 11605.11 | M35: =SUM([2]主塔楼空调用电量!V34) -> 8756 | N35: 9266.64 | O35: =SUM('[2]68F 高压F13&F30'!F37) -> 32000 | P35: =N35+O35+R35*617.59 -> 54853.62 | Q35: =IF(P35>0,P35*0.675169) -> 37035.464 | R35: =SUM([2]裙楼空调用量!L34) -> 22 | S35: =SUM(R35*417) -> 9174 | T35: =SUM('[2]B4 水表'!C37) -> 131.14 | U35: 133.38 | V35: =T35+U35 -> 264.52 | W35: =V35*4.86 -> 1285.5672 | X35: =SUM(L35+Q35+S35+W35) -> 59100.141
A36: Aver.
A37: Total | E37: =SUM(E5:E35) -> 19903 | F37: =SUM(F5:F35) -> 78616.85 | G37: =SUM(G5:G35) -> 48545 | H37: =SUM(H5:H35) -> 191752.75 | I37: =SUM(I5:I35) -> 31496 | J37: =SUM(J5:J35) -> 124409.2 | K37: =SUM(K5:K35) -> 99944 | L37: =SUM(L5:L35) -> 416766.48 | ... N37: =SUM(N5:N35) -> 287265.84 | P37: =SUM(P5:P35) -> 1448302.8 | Q37: =SUM(Q5:Q35) -> 977849.16 | R37: =SUM(R5:R35) -> 383 | S37: =SUM(S5:S35) -> 159711 | V37: =SUM(V5:V35) -> 15769.9 | W37: =SUM(W5:W35) -> 76641.714 | X37: =SUM(X5:X35) -> 1630968.4
