Workbook

Sheet TOTAL
A1: Site Name | B1: Day | C1: Month | D1: Year | E1: Total Electricity Kwh | F1: Electricity Tariff ($/Kwh) | G1: Natual Gas (m3) | H1: Natural Gas $/m3 | I1: Water Utility Supply (m3) m3 | J1: Water Utility Supply (m3) $/m3 | K1: District Energy Cooling Kwh | L1: District Energy Cooling $/Kwh | M1: Room Nights | N1: Total Guests | O1: Utilities day cost dh
A2: Guangzhou | B2: 1 | C2: 2 | D2: 2021 | E2: =SUBMETERING!P5 -> 44491.95 | F2: 0.675169 | G2: =SUBMETERING!K5 -> 3161 | H2: 3.95 | I2: =SUBMETERING!V5 -> 260.64 | J2: 4.86 | K2: =SUBMETERING!R5*1000 -> 9000 | L2: =SUBMETERING!S5/TOTAL!K2 -> 0.417 | M2: =(SUBMETERING!D5/100)*344 -> 152.0136 | N2: ='[1]Consommation mensuel énergie'!E10 -> 0 | O2: =E2*F2+G2*H2+#REF!*#REF!+I2*J2 -> #REF!
A3: Guangzhou | B3: =B2+1 -> 2 | C3: 2 | D3: 2021 | E3: =SUBMETERING!P6 -> 43109.54 | F3: =F2 -> 0.675169 | G3: =SUBMETERING!K6 -> 3027 | H3: =H2 -> 3.95 | I3: =SUBMETERING!V6 -> 290.64 | J3: =J2 -> 4.86 | K3: =SUBMETERING!R6*1000 -> 10000 | L3: =SUBMETERING!S6/TOTAL!K3 -> 0.417 | M3: =(SUBMETERING!D6/100)*344 -> 124.012 | N3: ='[1]Consommation mensuel énergie'!E11 -> 0 | O3: =E3*F3+G3*H3+#REF!*#REF!+I3*J3 -> #REF!
A4: Guangzhou | B4: =B3+1 -> 3 | C4: 2 | D4: 2021 | E4: =SUBMETERING!P7 -> 45027.13 | F4: =F3 -> 0.675169 | G4: =SUBMETERING!K7 -> 2795 | H4: =H3 -> 3.95 | I4: =SUBMETERING!V7 -> 280.64 | J4: =J3 -> 4.86 | K4: =SUBMETERING!R7*1000 -> 11000 | L4: =SUBMETERING!S7/TOTAL!K4 -> 0.417 | M4: =(SUBMETERING!D7/100)*344 -> 138.0128 | N4: ='[1]Consommation mensuel énergie'!E12 -> 0 | O4: =E4*F4+G4*H4+#REF!*#REF!+I4*J4 -> #REF!
A5: Guangzhou | B5: =B4+1 -> 4 | C5: 2 | D5: 2021 | E5: =SUBMETERING!P8 -> 43691.95 | F5: =F4 -> 0.675169 | G5: =SUBMETERING!K8 -> 2852 | H5: =H4 -> 3.95 | I5: =SUBMETERING!V8 -> 321.64 | J5: =J4 -> 4.86 | K5: =SUBMETERING!R8*1000 -> 9000 | L5: =SUBMETERING!S8/TOTAL!K5 -> 0.417 | M5: =(SUBMETERING!D8/100)*344 -> 167.012 | N5: ='[1]Consommation mensuel énergie'!E13 -> 0 | O5: =E5*F5+G5*H5+#REF!*#REF!+I5*J5 -> #REF!
A6: Guangzhou | B6: =B5+1 -> 5 | C6: 2 | D6: 2021 | E6: =SUBMETERING!P9 -> 42874.36 | F6: =F5 -> 0.675169 | G6: =SUBMETERING!K9 -> 3146 | H6: =H5 -> 3.95 | I6: =SUBMETERING!V9 -> 313.64 | J6: =J5 -> 4.86 | K6: =SUBMETERING!R9*1000 -> 8000 | L6: =SUBMETERING!S9/TOTAL!K6 -> 0.417 | M6: =(SUBMETERING!D9/100)*344 -> 162.9872 | N6: ='[1]Consommation mensuel énergie'!E14 -> 0 | O6: =E6*F6+G6*H6+#REF!*#REF!+I6*J6 -> #REF!
A7: Guangzhou | B7: =B6+1 -> 6 | C7: 2 | D7: 2021 | E7: =SUBMETERING!P10 -> 44074.36 | F7: =F6 -> 0.675169 | G7: =SUBMETERING!K10 -> 3064 | H7: =H6 -> 3.95 | I7: =SUBMETERING!V10 -> 270.64 | J7: =J6 -> 4.86 | K7: =SUBMETERING!R10*1000 -> 8000 | L7: =SUBMETERING!S10/TOTAL!K7 -> 0.417 | M7: =(SUBMETERING!D10/100)*344 -> 155.0064 | N7: ='[1]Consommation mensuel énergie'!E15 -> 0 | O7: =E7*F7+G7*H7+#REF!*#REF!+I7*J7 -> #REF!
A8: Guangzhou | B8: =B7+1 -> 7 | C8: 2 | D8: 2021 | E8: =SUBMETERING!P11 -> 44891.95 | F8: =F7 -> 0.675169 | G8: =SUBMETERING!K11 -> 2910 | H8: =H7 -> 3.95 | I8: =SUBMETERING!V11 -> 322.64 | J8: =J7 -> 4.86 | K8: =SUBMETERING!R11*1000 -> 9000 | L8: =SUBMETERING!S11/TOTAL!K8 -> 0.417 | M8: =(SUBMETERING!D11/100)*344 -> 196.0112 | N8: ='[1]Consommation mensuel énergie'!E16 -> 0 | O8: =E8*F8+G8*H8+#REF!*#REF!+I8*J8 -> #REF!
A9: Guangzhou | B9: =B8+1 -> 8 | C9: 2 | D9: 2021 | E9: =SUBMETERING!P12 -> 43391.95 | F9: =F8 -> 0.675169 | G9: =SUBMETERING!K12 -> 3072 | H9: =H8 -> 3.95 | I9: =SUBMETERING!V12 -> 263.64 | J9: =J8 -> 4.86 | K9: =SUBMETERING!R12*1000 -> 9000 | L9: =SUBMETERING!S12/TOTAL!K9 -> 0.417 | M9: =(SUBMETERING!D12/100)*344 -> 204.9896 | N9: ='[1]Consommation mensuel énergie'!E17 -> 0 | O9: =E9*F9+G9*H9+#REF!*#REF!+I9*J9 -> #REF!
A10: Guangzhou | B10: =B9+1 -> 9 | C10: 2 | D10: 2021 | E10: =SUBMETERING!P13 -> 42674.36 | F10: =F9 -> 0.675169 | G10: =SUBMETERING!K13 -> 3420 | H10: =H9 -> 3.95 | I10: =SUBMETERING!V13 -> 351.64 | J10: =J9 -> 4.86 | K10: =SUBMETERING!R13*1000 -> 8000 | L10: =SUBMETERING!S13/TOTAL!K10 -> 0.417 | M10: =(SUBMETERING!D13/100)*344 -> 205.9872 | N10: ='[1]Consommation mensuel énergie'!E18 -> 0 | O10: =E10*F10+G10*H10+#REF!*#REF!+I10*J10 -> #REF!
A11: Guangzhou | B11: =B10+1 -> 10 | C11: 2 | D11: 2021 | E11: =SUBMETERING!P14 -> 40239.18 | F11: =F10 -> 0.675169 | G11: =SUBMETERING!K14 -> 3574 | H11: =H10 -> 3.95 | I11: =SUBMETERING!V14 -> 279.64 | J11: =J10 -> 4.86 | K11: =SUBMETERING!R14*1000 -> 6000 | L11: =SUBMETERING!S14/TOTAL!K11 -> 0.417 | M11: =(SUBMETERING!D14/100)*344 -> 158.9968 | N11: ='[1]Consommation mensuel énergie'!E19 -> 0 | O11: =E11*F11+G11*H11+#REF!*#REF!+I11*J11 -> #REF!
A12: Guangzhou | B12: =B11+1 -> 11 | C12: 2 | D12: 2021 | E12: =SUBMETERING!P15 -> 41139.18 | F12: =F11 -> 0.675169 | G12: =SUBMETERING!K15 -> 3704 | H12: =H11 -> 3.95 | I12: =SUBMETERING!V15 -> 307.64 | J12: =J11 -> 4.86 | K12: =SUBMETERING!R15*1000 -> 6000 | L12: =SUBMETERING!S15/TOTAL!K12 -> 0.417 | M12: =(SUBMETERING!D15/100)*344 -> 192.984 | N12: ='[1]Consommation mensuel énergie'!E20 -> 0 | O12: =E12*F12+G12*H12+#REF!*#REF!+I12*J12 -> #REF!
A13: Guangzhou | B13: =B12+1 -> 12 | C13: 2 | D13: 2021 | E13: =SUBMETERING!P16 -> 39621.59 | F13: =F12 -> 0.675169 | G13: =SUBMETERING!K16 -> 3557 | H13: =H12 -> 3.95 | I13: =SUBMETERING!V16 -> 349.64 | J13: =J12 -> 4.86 | K13: =SUBMETERING!R16*1000 -> 5000 | L13: =SUBMETERING!S16/TOTAL!K13 -> 0.417 | M13: =(SUBMETERING!D16/100)*344 -> 160.992 | N13: ='[1]Consommation mensuel énergie'!E21 -> 0 | O13: =E13*F13+G13*H13+#REF!*#REF!+I13*J13 -> #REF!
A14: Guangzhou | B14: =B13+1 -> 13 | C14: 2 | D14: 2021 | E14: =SUBMETERING!P17 -> 42239.18 | F14: =F13 -> 0.675169 | G14: =SUBMETERING!K17 -> 3400 | H14: =H13 -> 3.95 | I14: =SUBMETERING!V17 -> 346.64 | J14: =J13 -> 4.86 | K14: =SUBMETERING!R17*1000 -> 6000 | L14: =SUBMETERING!S17/TOTAL!K14 -> 0.417 | M14: =(SUBMETERING!D17/100)*344 -> 219.988 | N14: ='[1]Consommation mensuel énergie'!E22 -> 0 | O14: =E14*F14+G14*H14+#REF!*#REF!+I14*J14 -> #REF!
... A29: Guangzhou | B29: =B28+1 -> 28 | C29: 2 | D29: 2021 | E29: =SUBMETERING!P32 -> 41874.36 | F29: =F28 -> 0.675169 | G29: =SUBMETERING!K32 -> 3020 | H29: =H28 -> 3.95 | I29: =SUBMETERING!V32 -> 343.64 | J29: =J28 -> 4.86 | K29: =SUBMETERING!R32*1000 -> 8000 | L29: =SUBMETERING!S32/TOTAL!K29 -> 0.417 | M29: =(SUBMETERING!D32/100)*344 -> 167.012 | N29: ='[1]Consommation mensuel énergie'!E37 -> 0 | O29: =E29*F29+G29*H29+#REF!*#REF!+I29*J29 -> #REF!

Sheet SUBMETERING
A1: UTILITIES CONSUMPTION REPORT(2020-11) 电费从2019年8月1号开始下降改为0.675169/Kwh，天然气从2020年9月1号开始下降改为3.95/m³2020年裙楼空调冷量价格为291.66/Mw.h+每天固定人工等1655.02元
A2: DATE 日期 | B2: Out door Temp℃ 户外 温度 | C2: Event Cover 宴会 人数 | D2: RoomOcc.% 客房率 | E2: Kitchen Gas 厨房天然气 (RMB3.95/m³) | G2: Boiler Gas 锅炉天然气(蒸汽) (RMB3.95/m³) | I2: Boiler Gas 锅炉天然气(热水) (RMB3.95/m³) | K2: General Gas 总天然气 (RMB3.95/m³) | M2: Chiller Electricity 制冷主机用电 | N2: Podium Electricity 裙楼用电 每月10.20.月末日抄表 | O2: Main Tower electricity 主塔用电 | P2: General electricity 总电量(*10000)(RMB0.675169/Kwh) | R2: Podium AC Consumption 裙楼空调用量 (Mw/h)Rmb291.66/MwH+1655.02/天 | T2: 主塔用水 | U2: 裙楼用水 每月10.20.30日抄表 | V2: Water Consumption 水用量 | X2: Daily Total Utility Expense(RMB) 每日能耗总费用
V3: domestic Water 生活水RMB4.86/m3
E4: Totalgas (m³) | F4: Total RMB | G4: Totalgas (m³) | H4: Total RMB | I4: Totalgas(m³) | J4: Total RMB | K4: Totalgas (m³) | L4: Total RMB | M4: Total electric (KWH) | N4: Total electric (KWH) | O4: Total electric (KWH) | P4: Total electric (KWH) | Q4: Total RMB | R4: Total (Mw/h0 | S4: Total RMB | T4: Total Water (m3) | U4: Total Water (m3) | V4: Total Water (m3) | W4: Total RMB
A5: 1 | B5: 15/28 | C5: 396 | D5: 44.19 | E5: 632 | F5: =IF(E5>0,E5*3.95,0) -> 2496.4 | G5: 1450 | H5: =IF(G5>0,G5*3.95,0) -> 5727.5 | I5: 1079 | J5: =IF(I5>0,I5*3.95,0) -> 4262.05 | K5: =SUM(I5+G5+E5) -> 3161 | L5: =IF(K5>0,K5*3.95,0) -> 12485.95 | M5: 6034 | N5: 9533.64 | O5: 29400 | P5: =N5+O5+R5*617.59 -> 44491.95 | Q5: =IF(P5>0,P5*0.675169) -> 30039.585 | R5: 9 | S5: =IF(R5*417>0,R5*417,0) -> 3753 | T5: 100 | U5: 160.64 | V5: =T5+U5 -> 260.64 | W5: =V5*4.86 -> 1266.7104 | X5: =SUM(L5+Q5+S5+W5) -> 47545.246
A6: 2 | B6: 14/26 | C6: 757 | D6: 36.05 | E6: 592 | F6: =IF(E6>0,E6*3.95,0) -> 2338.4 | G6: 1435 | H6: =IF(G6>0,G6*3.95,0) -> 5668.25 | I6: 1000 | J6: =IF(I6>0,I6*3.95,0) -> 3950 | K6: =SUM(I6+G6+E6) -> 3027 | L6: =IF(K6>0,K6*3.95,0) -> 11956.65 | M6: 6121 | N6: 9533.64 | O6: 27400 | P6: =N6+O6+R6*617.59 -> 43109.54 | Q6: =IF(P6>0,P6*0.675169) -> 29106.225 | R6: 10 | S6: =IF(R6*417>0,R6*417,0) -> 4170 | T6: 130 | U6: 160.64 | V6: =T6+U6 -> 290.64 | W6: =V6*4.86 -> 1412.5104 | X6: =SUM(L6+Q6+S6+W6) -> 46645.385
A7: 3 | B7: 14/27 | C7: 172 | D7: 40.12 | E7: 628 | F7: =IF(E7>0,E7*3.95,0) -> 2480.6 | G7: 1300 | H7: =IF(G7>0,G7*3.95,0) -> 5135 | I7: 867 | J7: =IF(I7>0,I7*3.95,0) -> 3424.65 | K7: =SUM(I7+G7+E7) -> 2795 | L7: =IF(K7>0,K7*3.95,0) -> 11040.25 | M7: 6437 | N7: 9533.64 | O7: 28700 | P7: =N7+O7+R7*617.59 -> 45027.13 | Q7: =IF(P7>0,P7*0.675169) -> 30400.922 | R7: 11 | S7: =IF(R7*417>0,R7*417,0) -> 4587 | T7: 120 | U7: 160.64 | V7: =T7+U7 -> 280.64 | W7: =V7*4.86 -> 1363.9104 | X7: =SUM(L7+Q7+S7+W7) -> 47392.083
A8: 4 | B8: 15/26 | C8: 15 | D8: 48.55 | E8: 611 | F8: =IF(E8>0,E8*3.95,0) -> 2413.45 | G8: 1319 | H8: =IF(G8>0,G8*3.95,0) -> 5210.05 | I8: 922 | J8: =IF(I8>0,I8*3.95,0) -> 3641.9 | K8: =SUM(I8+G8+E8) -> 2852 | L8: =IF(K8>0,K8*3.95,0) -> 11265.4 | M8: 6418 | N8: 9533.64 | O8: 28600 | P8: =N8+O8+R8*617.59 -> 43691.95 | Q8: =IF(P8>0,P8*0.675169) -> 29499.45 | R8: 9 | S8: =IF(R8*417>0,R8*417,0) -> 3753 | T8: 161 | U8: 160.64 | V8: =T8+U8 -> 321.64 | W8: =V8*4.86 -> 1563.1704 | X8: =SUM(L8+Q8+S8+W8) -> 46081.021
A9: 5 | B9: 16/28 | C9: 57 | D9: 47.38 | E9: 650 | F9: =IF(E9>0,E9*3.95,0) -> 2567.5 | G9: 1512 | H9: =IF(G9>0,G9*3.95,0) -> 5972.4 | I9: 984 | J9: =IF(I9>0,I9*3.95,0) -> 3886.8 | K9: =SUM(I9+G9+E9) -> 3146 | L9: =IF(K9>0,K9*3.95,0) -> 12426.7 | M9: 5901 | N9: 9533.64 | O9: 28400 | P9: =N9+O9+R9*617.59 -> 42874.36 | Q9: =IF(P9>0,P9*0.675169) -> 28947.439 | R9: 8 | S9: =IF(R9*417>0,R9*417,0) -> 3336 | T9: 153 | U9: 160.64 | V9: =T9+U9 -> 313.64 | W9: =V9*4.86 -> 1524.2904 | X9: =SUM(L9+Q9+S9+W9) -> 46234.429
A10: 6 | B10: 16/28 | C10: 107 | D10: 45.06 | E10: 649 | F10: =IF(E10>0,E10*3.95,0) -> 2563.55 | G10: 1453 | H10: =IF(G10>0,G10*3.95,0) -> 5739.35 | I10: 962 | J10: =IF(I10>0,I10*3.95,0) -> 3799.9 | K10: =SUM(I10+G10+E10) -> 3064 | L10: =IF(K10>0,K10*3.95,0) -> 12102.8 | M10: 6701 | N10: 9533.64 | O10: 29600 | P10: =N10+O10+R10*617.59 -> 44074.36 | Q10: =IF(P10>0,P10*0.675169) -> 29757.642 | R10: 8 | S10: =IF(R10*417>0,R10*417,0) -> 3336 | T10: 110 | U10: 160.64 | V10: =T10+U10 -> 270.64 | W10: =V10*4.86 -> 1315.3104 | X10: =SUM(L10+Q10+S10+W10) -> 46511.752
A11: 7 | B11: 17/27 | C11: 28 | D11: 56.98 | E11: 588 | F11: =IF(E11>0,E11*3.95,0) -> 2322.6 | G11: 1384 | H11: =IF(G11>0,G11*3.95,0) -> 5466.8 | I11: 938 | J11: =IF(I11>0,I11*3.95,0) -> 3705.1 | K11: =SUM(I11+G11+E11) -> 2910 | L11: =IF(K11>0,K11*3.95,0) -> 11494.5 | M11: 7166 | N11: 9533.64 | O11: 29800 | P11: =N11+O11+R11*617.59 -> 44891.95 | Q11: =IF(P11>0,P11*0.675169) -> 30309.653 | R11: 9 | S11: =IF(R11*417>0,R11*417,0) -> 3753 | T11: 162 | U11: 160.64 | V11: =T11+U11 -> 322.64 | W11: =V11*4.86 -> 1568.0304 | X11: =SUM(L11+Q11+S11+W11) -> 47125.183
A12: 8 | B12: 14/20 | C12: 28 | D12: 59.59 | E12: 575 | F12: =IF(E12>0,E12*3.95,0) -> 2271.25 | G12: 1379 | H12: =IF(G12>0,G12*3.95,0) -> 5447.05 | I12: 1118 | J12: =IF(I12>0,I12*3.95,0) -> 4416.1 | K12: =SUM(I12+G12+E12) -> 3072 | L12: =IF(K12>0,K12*3.95,0) -> 12134.4 | M12: 6215 | N12: 9533.64 | O12: 28300 | P12: =N12+O12+R12*617.59 -> 43391.95 | Q12: =IF(P12>0,P12*0.675169) -> 29296.899 | R12: 9 | S12: =IF(R12*417>0,R12*417,0) -> 3753 | T12: 103 | U12: 160.64 | V12: =T12+U12 -> 263.64 | W12: =V12*4.86 -> 1281.2904 | X12: =SUM(L12+Q12+S12+W12) -> 46465.59
A13: 9 | B13: 14/16 | C13: 8 | D13: 59.88 | E13: 623 | F13: =IF(E13>0,E13*3.95,0) -> 2460.85 | G13: 1580 | H13: =IF(G13>0,G13*3.95,0) -> 6241 | I13: 1217 | J13: =IF(I13>0,I13*3.95,0) -> 4807.15 | K13: =SUM(I13+G13+E13) -> 3420 | L13: =IF(K13>0,K13*3.95,0) -> 13509 | M13: 4973 | N13: 9533.64 | O13: 28200 | P13: =N13+O13+R13*617.59 -> 42674.36 | Q13: =IF(P13>0,P13*0.675169) -> 28812.405 | R13: 8 | S13: =IF(R13*417>0,R13*417,0) -> 3336 | T13: 191 | U13: 160.64 | V13: =T13+U13 -> 351.64 | W13: =V13*4.86 -> 1708.9704 | X13: =SUM(L13+Q13+S13+W13) -> 47366.375
A14: 10 | B14: 13/22 | C14: 0 | D14: 46.22 | E14: 588 | F14: =IF(E14>0,E14*3.95,0) -> 2322.6 | G14: 1569 | H14: =IF(G14>0,G14*3.95,0) -> 6197.55 | I14: 1417 | J14: =IF(I14>0,I14*3.95,0) -> 5597.15 | K14: =SUM(I14+G14+E14) -> 3574 | L14: =IF(K14>0,K14*3.95,0) -> 14117.3 | M14: 4663 | N14: 9533.64 | O14: 27000 | P14: =N14+O14+R14*617.59 -> 40239.18 | Q14: =IF(P14>0,P14*0.675169) -> 27168.247 | R14: 6 | S14: =IF(R14*417>0,R14*417,0) -> 2502 | T14: 119 | U14: 160.64 | V14: =T14+U14 -> 279.64 | W14: =V14*4.86 -> 1359.0504 | X14: =SUM(L14+Q14+S14+W14) -> 45146.597
A15: 11 | B15: 14/23 | C15: 0 | D15: 56.1 | E15: 646 | F15: =IF(E15>0,E15*3.95,0) -> 2551.7 | G15: 1537 | H15: =IF(G15>0,G15*3.95,0) -> 6071.15 | I15: 1521 | J15: =IF(I15>0,I15*3.95,0) -> 6007.95 | K15: =SUM(I15+G15+E15) -> 3704 | L15: =IF(K15>0,K15*3.95,0) -> 14630.8 | M15: 5126 | N15: 9533.64 | O15: 27900 | P15: =N15+O15+R15*617.59 -> 41139.18 | Q15: =IF(P15>0,P15*0.675169) -> 27775.899 | R15: 6 | S15: =IF(R15*417>0,R15*417,0) -> 2502 | T15: 147 | U15: 160.64 | V15: =T15+U15 -> 307.64 | W15: =V15*4.86 -> 1495.1304 | X15: =SUM(L15+Q15+S15+W15) -> 46403.829
A16: 12 | B16: 14/22 | C16: 0 | D16: 46.8 | E16: 639 | F16: =IF(E16>0,E16*3.95,0) -> 2524.05 | G16: 1616 | H16: =IF(G16>0,G16*3.95,0) -> 6383.2 | I16: 1302 | J16: =IF(I16>0,I16*3.95,0) -> 5142.9 | K16: =SUM(I16+G16+E16) -> 3557 | L16: =IF(K16>0,K16*3.95,0) -> 14050.15 | M16: 4746 | N16: 9533.64 | O16: 27000 | P16: =N16+O16+R16*617.59 -> 39621.59 | Q16: =IF(P16>0,P16*0.675169) -> 26751.269 | R16: 5 | S16: =IF(R16*417>0,R16*417,0) -> 2085 | T16: 189 | U16: 160.64 | V16: =T16+U16 -> 349.64 | W16: =V16*4.86 -> 1699.2504 | X16: =SUM(L16+Q16+S16+W16) -> 44585.67
... A18: 14 | B18: 16/27 | C18: 0 | D18: 81.4 | E18: 598 | F18: =IF(E18>0,E18*3.95,0) -> 2362.1 | G18: 1460 | H18: =IF(G18>0,G18*3.95,0) -> 5767 | I18: 1442 | J18: =IF(I18>0,I18*3.95,0) -> 5695.9 | K18: =SUM(I18+G18+E18) -> 3500 | L18: =IF(K18>0,K18*3.95,0) -> 13825 | M18: 6701 | N18: 9533.64 | O18: 30500 | P18: =N18+O18+R18*617.59 -> 43739.18 | Q18: =IF(P18>0,P18*0.675169) -> 29531.338 | R18: 6 | S18: =IF(R18*417>0,R18*417,0) -> 2502 | T18: 178 | U18: 160.64 | V18: =T18+U18 -> 338.64 | W18: =V18*4.86 -> 1645.7904 | X18: =SUM(L18+Q18+S18+W18) -> 47504.129
A19: 15 | B19: 16/26 | C19: 0 | D19: 63.95 | E19: 599 | F19: =IF(E19>0,E19*3.95,0) -> 2366.05 | G19: 1554 | H19: =IF(G19>0,G19*3.95,0) -> 6138.3 | I19: 966 | J19: =IF(I19>0,I19*3.95,0) -> 3815.7 | K19: =SUM(I19+G19+E19) -> 3119 | L19: =IF(K19>0,K19*3.95,0) -> 12320.05 | M19: 6996 | N19: 9533.64 | O19: 30800 | P19: =N19+O19+R19*617.59 -> 44656.77 | Q19: =IF(P19>0,P19*0.675169) -> 30150.867 | R19: 7 | S19: =SUM(R19*417) -> 2919 | T19: 284 | U19: 160.64 | V19: =T19+U19 -> 444.64 | W19: =V19*4.86 -> 2160.9504 | X19: =SUM(L19+Q19+S19+W19) -> 47550.867
A20: 16 | B20: 13/24 | C20: 0 | D20: 72.09 | E20: 597 | F20: =IF(E20>0,E20*3.95,0) -> 2358.15 | G20: 1682 | H20: =IF(G20>0,G20*3.95,0) -> 6643.9 | I20: 1136 | J20: =IF(I20>0,I20*3.95,0) -> 4487.2 | K20: =SUM(I20+G20+E20) -> 3415 | L20: =IF(K20>0,K20*3.95,0) -> 13489.25 | M20: 6732 | N20: 9533.64 | O20: 30400 | P20: =N20+O20+R20*617.59 -> 44256.77 | Q20: =IF(P20>0,P20*0.675169) -> 29880.799 | R20: 7 | S20: =SUM(R20*417) -> 2919 | T20: 158 | U20: 160.64 | V20: =T20+U20 -> 318.64 | W20: =V20*4.86 -> 1548.5904 | X20: =SUM(L20+Q20+S20+W20) -> 47837.64
A21: 17 | B21: 12\23 | C21: 0 | D21: 74.42 | E21: 607 | F21: =IF(E21>0,E21*3.95,0) -> 2397.65 | G21: 1707 | H21: =IF(G21>0,G21*3.95,0) -> 6742.65 | I21: 1158 | J21: =IF(I21>0,I21*3.95,0) -> 4574.1 | K21: =SUM(E21+G21+I21) -> 3472 | L21: =IF(K21>0,K21*3.95,0) -> 13714.4 | M21: 6305 | N21: 9533.64 | O21: 29500 | P21: =N21+O21+R21*617.59 -> 43356.77 | Q21: =IF(P21>0,P21*0.675169) -> 29273.147 | R21: 7 | S21: =SUM(R21*417) -> 2919 | T21: 227 | U21: 160.64 | V21: =T21+U21 -> 387.64 | W21: =V21*4.86 -> 1883.9304 | X21: =SUM(L21+Q21+S21+W21) -> 47790.477
A22: 18 | B22: 13/24 | C22: 0 | D22: 61.92 | E22: 625 | F22: =IF(E22>0,E22*3.95,0) -> 2468.75 | G22: 1679 | H22: =IF(G22>0,G22*3.95,0) -> 6632.05 | I22: 1147 | J22: =IF(I22>0,I22*3.95,0) -> 4530.65 | K22: =SUM(I22+G22+E22) -> 3451 | L22: =IF(K22>0,K22*3.95,0) -> 13631.45 | M22: 6092 | N22: 9533.64 | O22: 30800 | P22: =N22+O22+R22*617.59 -> 44039.18 | Q22: =IF(P22>0,P22*0.675169) -> 29733.889 | R22: 6 | S22: =SUM(R22*417) -> 2502 | T22: 258 | U22: 160.64 | V22: =T22+U22 -> 418.64 | W22: =V22*4.86 -> 2034.5904 | X22: =SUM(L22+Q22+S22+W22) -> 47901.93
A23: 19 | B23: 15/26 | C23: 0 | D23: 53.2 | E23: 552 | F23: =IF(E23>0,E23*3.95,0) -> 2180.4 | G23: 1643 | H23: =IF(G23>0,G23*3.95,0) -> 6489.85 | I23: 1052 | J23: =IF(I23>0,I23*3.95,0) -> 4155.4 | K23: =SUM(I23+G23+E23) -> 3247 | L23: =IF(K23>0,K23*3.95,0) -> 12825.65 | M23: 6228 | N23: 9533.64 | O23: 28700 | P23: =N23+O23+R23*617.59 -> 41939.18 | Q23: =IF(P23>0,P23*0.675169) -> 28316.034 | R23: 6 | S23: =SUM(R23*417) -> 2502 | T23: 197 | U23: 160.64 | V23: =T23+U23 -> 357.64 | W23: =V23*4.86 -> 1738.1304 | X23: =SUM(L23+Q23+S23+W23) -> 45381.815
A24: 20 | B24: 16/27 | C24: 0 | D24: 58.43 | E24: 582 | F24: =IF(E24>0,E24*3.95,0) -> 2298.9 | G24: 1563 | H24: =IF(G24>0,G24*3.95,0) -> 6173.85 | I24: 1010 | J24: =IF(I24>0,I24*3.95,0) -> 3989.5 | K24: =SUM(I24+G24+E24) -> 3155 | L24: =IF(K24>0,K24*3.95,0) -> 12462.25 | M24: 7133 | N24: 9533.64 | O24: 29600 | P24: =N24+O24+R24*617.59 -> 43456.77 | Q24: =IF(P24>0,P24*0.675169) -> 29340.664 | R24: 7 | S24: =SUM(R24*417) -> 2919 | T24: 150 | U24: 160.64 | V24: =T24+U24 -> 310.64 | W24: =V24*4.86 -> 1509.7104 | X24: =SUM(L24+Q24+S24+W24) -> 46231.624
A25: 21 | B25: 17/28 | C25: 0 | D25: 43.02 | E25: 602 | F25: =IF(E25>0,E25*3.95,0) -> 2377.9 | G25: 1505 | H25: =IF(G25>0,G25*3.95,0) -> 5944.75 | I25: 1014 | J25: =IF(I25>0,I25*3.95,0) -> 4005.3 | K25: =SUM(I25+G25+E25) -> 3121 | L25: =IF(K25>0,K25*3.95,0) -> 12327.95 | M25: 7339 | N25: 9533.64 | O25: 29400 | P25: =N25+O25+R25*617.59 -> 44491.95 | Q25: =IF(P25>0,P25*0.675169) -> 30039.585 | R25: 9 | S25: =SUM(R25*417) -> 3753 | T25: 203 | U25: 160.64 | V25: =T25+U25 -> 363.64 | W25: =V25*4.86 -> 1767.2904 | X25: =SUM(L25+Q25+S25+W25) -> 47887.826
A26: 22 | B26: 17/29 | C26: 0 | D26: 52.33 | E26: 600 | F26: =IF(E26>0,E26*3.95,0) -> 2370 | G26: 1446 | H26: =IF(G26>0,G26*3.95,0) -> 5711.7 | I26: 925 | J26: =IF(I26>0,I26*3.95,0) -> 3653.75 | K26: =SUM(I26+G26+E26) -> 2971 | L26: =IF(K26>0,K26*3.95,0) -> 11735.45 | M26: 7702 | N26: 9533.64 | O26: 29500 | P26: =N26+O26+R26*617.59 -> 43974.36 | Q26: =IF(P26>0,P26*0.675169) -> 29690.125 | R26: 8 | S26: =SUM(R26*417) -> 3336 | T26: 170 | U26: 160.64 | V26: =T26+U26 -> 330.64 | W26: =V26*4.86 -> 1606.9104 | X26: =SUM(L26+Q26+S26+W26) -> 46368.485
A27: 23 | B27: 18/29 | C27: 271 | D27: 68.9 | E27: 727 | F27: =IF(E27>0,E27*3.95,0) -> 2871.65 | G27: 1473 | H27: =IF(G27>0,G27*3.95,0) -> 5818.35 | I27: 959 | J27: =IF(I27>0,I27*3.95,0) -> 3788.05 | K27: =SUM(I27+G27+E27) -> 3159 | L27: =IF(K27>0,K27*3.95,0) -> 12478.05 | M27: 7975 | N27: 9533.64 | O27: 30400 | P27: =N27+O27+R27*617.59 -> 47344.72 | Q27: =IF(P27>0,P27*0.675169) -> 31965.687 | R27: 12 | S27: =SUM(R27*417) -> 5004 | T27: 172 | U27: 160.64 | V27: =T27+U27 -> 332.64 | W27: =V27*4.86 -> 1616.6304 | X27: =SUM(L27+Q27+S27+W27) -> 51064.368
A28: 24 | B28: 18/29 | C28: 100 | D28: 67.73 | E28: 554 | F28: =IF(E28>0,E28*3.95,0) -> 2188.3 | G28: 1412 | H28: =IF(G28>0,G28*3.95,0) -> 5577.4 | I28: 932 | J28: =IF(I28>0,I28*3.95,0) -> 3681.4 | K28: =SUM(I28+G28+E28) -> 2898 | L28: =IF(K28>0,K28*3.95,0) -> 11447.1 | M28: 7446 | N28: 9533.64 | O28: 30500 | P28: =N28+O28+R28*617.59 -> 44974.36 | Q28: =IF(P28>0,P28*0.675169) -> 30365.294 | R28: 8 | S28: =SUM(R28*417) -> 3336 | T28: 172 | U28: 160.64 | V28: =T28+U28 -> 332.64 | W28: =V28*4.86 -> 1616.6304 | X28: =SUM(L28+Q28+S28+W28) -> 46765.024
A29: 25 | B29: 15/23 | C29: 50 | D29: 53.2 | E29: 559 | F29: =IF(E29>0,E29*3.95,0) -> 2208.05 | G29: 1448 | H29: =IF(G29>0,G29*3.95,0) -> 5719.6 | I29: 995 | J29: =IF(I29>0,I29*3.95,0) -> 3930.25 | K29: =SUM(I29+G29+E29) -> 3002 | L29: =IF(K29>0,K29*3.95,0) -> 11857.9 | M29: 6783 | N29: 9533.64 | O29: 29600 | P29: =N29+O29+R29*617.59 -> 44691.95 | Q29: =IF(P29>0,P29*0.675169) -> 30174.619 | R29: 9 | S29: =SUM(R29*417) -> 3753 | T29: 216 | U29: 160.64 | V29: =T29+U29 -> 376.64 | W29: =V29*4.86 -> 1830.4704 | X29: =SUM(L29+Q29+S29+W29) -> 47615.99
A30: 26 | B30: 15/19 | C30: 85 | D30: 56.69 | E30: 558 | F30: =IF(E30>0,E30*3.95,0) -> 2204.1 | G30: 1471 | H30: =IF(G30>0,G30*3.95,0) -> 5810.45 | I30: 796 | J30: =IF(I30>0,I30*3.95,0) -> 3144.2 | K30: =SUM(I30+G30+E30) -> 2825 | L30: =IF(K30>0,K30*3.95,0) -> 11158.75 | M30: 5639 | N30: 9533.64 | O30: 27900 | P30: =N30+O30+R30*617.59 -> 44844.72 | Q30: =IF(P30>0,P30*0.675169) -> 30277.765 | R30: 12 | S30: =SUM(R30*417) -> 5004 | T30: 157 | U30: 160.64 | V30: =T30+U30 -> 317.64 | W30: =V30*4.86 -> 1543.7304 | X30: =SUM(L30+Q30+S30+W30) -> 47984.245
A31: 27 | B31: 15/19 | C31: 56 | D31: 77.33 | E31: 662 | F31: =IF(E31>0,E31*3.95,0) -> 2614.9 | G31: 1475 | H31: =IF(G31>0,G31*3.95,0) -> 5826.25 | I31: 1024 | J31: =IF(I31>0,I31*3.95,0) -> 4044.8 | K31: =SUM(I31+G31+E31) -> 3161 | L31: =IF(K31>0,K31*3.95,0) -> 12485.95 | M31: 4392 | N31: 9533.64 | O31: 26500 | P31: =N31+O31+R31*617.59 -> 41591.95 | Q31: =IF(P31>0,P31*0.675169) -> 28081.595 | R31: 9 | S31: =SUM(R31*417) -> 3753 | T31: 176 | U31: 160.64 | V31: =T31+U31 -> 336.64 | W31: =V31*4.86 -> 1636.0704 | X31: =SUM(L31+Q31+S31+W31) -> 45956.616
A32: 28 | B32: 14/26 | C32: 0 | D32: 48.55 | E32: 546 | F32: =IF(E32>0,E32*3.95,0) -> 2156.7 | G32: 1459 | H32: =IF(G32>0,G32*3.95,0) -> 5763.05 | I32: 1015 | J32: =IF(I32>0,I32*3.95,0) -> 4009.25 | K32: =SUM(I32+G32+E32) -> 3020 | L32: =IF(K32>0,K32*3.95,0) -> 11929 | M32: 4798 | N32: 9533.64 | O32: 27400 | P32: =N32+O32+R32*617.59 -> 41874.36 | Q32: =IF(P32>0,P32*0.675169) -> 28272.27 | R32: 8 | S32: =SUM(R32*417) -> 3336 | T32: 183 | U32: 160.64 | V32: =T32+U32 -> 343.64 | W32: =V32*4.86 -> 1670.0904 | X32: =SUM(L32+Q32+S32+W32) -> 45207.36
A33: 29 | F33: =IF(E33>0,E33*4.17,0) -> 0 | H33: =IF(G33>0,G33*4.17,0) -> 0 | J33: =IF(I33>0,I33*4.17,0) -> 0 | K33: =SUM(I33+G33+E33) -> 0 | L33: =IF(K33>0,K33*4.17,0) -> 0 | Q33: =IF(P33>0,P33*0.675169) -> FALSE | S33: =SUM(R33*417) -> 0 | W33: =V33*3.7287 -> 0 | X33: =SUM(L33+Q33+S33+W33) -> 0
A34: 30 | F34: =IF(E34>0,E34*4.17,0) -> 0 | H34: =IF(G34>0,G34*4.17,0) -> 0 | J34: =IF(I34>0,I34*4.17,0) -> 0 | K34: =SUM(I34+G34+E34) -> 0 | L34: =IF(K34>0,K34*4.17,0) -> 0 | Q34: =IF(P34>0,P34*0.675169) -> FALSE | S34: =SUM(R34*417) -> 0 | W34: =V34*3.7287 -> 0 | X34: =SUM(L34+Q34+S34+W34) -> 0
A35: 31 | F35: =IF(E35>0,E35*4.17,0) -> 0 | H35: =IF(G35>0,G35*4.17,0) -> 0 | J35: =IF(I35>0,I35*4.17,0) -> 0 | K35: =SUM(I35+G35+E35) -> 0 | L35: =IF(K35>0,K35*4.17,0) -> 0 | Q35: =IF(P35>0,P35*0.675169) -> FALSE | S35: =SUM(R35*417) -> 0 | W35: =V35*3.7287 -> 0 | X35: =SUM(L35+Q35+S35+W35) -> 0
A36: Aver.
A37: Total | E37: =SUM(E5:E35) -> 17000 | F37: =SUM(F5:F35) -> 67150 | G37: =SUM(G5:G35) -> 41977 | H37: =SUM(H5:H35) -> 165809.15 | I37: =SUM(I5:I35) -> 30221 | J37: =SUM(J5:J35) -> 119372.95 | K37: =SUM(K5:K35) -> 89198 | L37: =SUM(L5:L35) -> 352332.1 | M37: =SUM(M5:M35) -> 174339 | P37: =SUM(P5:P35) -> 1216699.7 | Q37: =SUM(Q5:Q35) -> 821477.9 | R37: =SUM(R5:R35) -> 225 | S37: =SUM(S5:S35) -> 93825 | V37: =SUM(V5:V35) -> 9269.92 | W37: =SUM(W5:W35) -> 45051.811 | X37: =SUM(X5:X35) -> 1312686.8
