Workbook

Sheet TOTAL
A1: Site Name | B1: Day | C1: Month | D1: Year | E1: Total Electricity Kwh | F1: Electricity Tariff ($/Kwh) | G1: Natual Gas (m3) | H1: Natural Gas $/m3 | I1: Water Utility Supply (m3) m3 | J1: Water Utility Supply (m3) $/m3 | K1: District Energy Cooling Kwh | L1: District Energy Cooling $/Kwh | M1: Room Nights | N1: Total Guests | O1: Utilities day cost dh
A2: Guangzhou | B2: 1 | C2: 8 | D2: 2021 | E2: =SUBMETERING!M5 -> 62407.93 | F2: 0.675169 | G2: =SUBMETERING!H5 -> 2770 | H2: 3.11 | I2: =SUBMETERING!S5 -> 856.96 | J2: 4.86 | K2: =SUBMETERING!O5*1000 -> 27000 | L2: =SUBMETERING!P5/TOTAL!K2 -> 0.417 | M2: =(SUBMETERING!D5/100)*344 -> 204.9896 | N2: ='[1]Consommation mensuel énergie'!E10 -> 0 | O2: =E2*F2+G2*H2+#REF!*#REF!+I2*J2 -> #REF!
A3: Guangzhou | B3: =B2+1 -> 2 | C3: 8 | D3: 2021 | E3: =SUBMETERING!M6 -> 59137.57 | F3: =F2 -> 0.675169 | G3: =SUBMETERING!H6 -> 2703 | H3: =H2 -> 3.11 | I3: =SUBMETERING!S6 -> 545.96 | J3: =J2 -> 4.86 | K3: =SUBMETERING!O6*1000 -> 23000 | L3: =SUBMETERING!P6/TOTAL!K3 -> 0.417 | M3: =(SUBMETERING!D6/100)*344 -> 224.0128 | N3: ='[1]Consommation mensuel énergie'!E11 -> 0 | O3: =E3*F3+G3*H3+#REF!*#REF!+I3*J3 -> #REF!
A4: Guangzhou | B4: =B3+1 -> 3 | C4: 8 | D4: 2021 | E4: =SUBMETERING!M7 -> 62490.34 | F4: =F3 -> 0.675169 | G4: =SUBMETERING!H7 -> 2800 | H4: =H3 -> 3.11 | I4: =SUBMETERING!S7 -> 805.96 | J4: =J3 -> 4.86 | K4: =SUBMETERING!O7*1000 -> 26000 | L4: =SUBMETERING!P7/TOTAL!K4 -> 0.417 | M4: =(SUBMETERING!D7/100)*344 -> 198.0064 | N4: ='[1]Consommation mensuel énergie'!E12 -> 0 | O4: =E4*F4+G4*H4+#REF!*#REF!+I4*J4 -> #REF!
A5: Guangzhou | B5: =B4+1 -> 4 | C5: 8 | D5: 2021 | E5: =SUBMETERING!M8 -> 63007.93 | F5: =F4 -> 0.675169 | G5: =SUBMETERING!H8 -> 2697 | H5: =H4 -> 3.11 | I5: =SUBMETERING!S8 -> 662.96 | J5: =J4 -> 4.86 | K5: =SUBMETERING!O8*1000 -> 27000 | L5: =SUBMETERING!P8/TOTAL!K5 -> 0.417 | M5: =(SUBMETERING!D8/100)*344 -> 184.0056 | N5: ='[1]Consommation mensuel énergie'!E13 -> 0 | O5: =E5*F5+G5*H5+#REF!*#REF!+I5*J5 -> #REF!
A6: Guangzhou | B6: =B5+1 -> 5 | C6: 8 | D6: 2021 | E6: =SUBMETERING!M9 -> 64460.7 | F6: =F5 -> 0.675169 | G6: =SUBMETERING!H9 -> 2581 | H6: =H5 -> 3.11 | I6: =SUBMETERING!S9 -> 691.96 | J6: =J5 -> 4.86 | K6: =SUBMETERING!O9*1000 -> 30000 | L6: =SUBMETERING!P9/TOTAL!K6 -> 0.417 | M6: =(SUBMETERING!D9/100)*344 -> 251.0168 | N6: ='[1]Consommation mensuel énergie'!E14 -> 0 | O6: =E6*F6+G6*H6+#REF!*#REF!+I6*J6 -> #REF!
A7: Guangzhou | B7: =B6+1 -> 6 | C7: 8 | D7: 2021 | E7: =SUBMETERING!M10 -> 65878.29 | F7: =F6 -> 0.675169 | G7: =SUBMETERING!H10 -> 2816 | H7: =H6 -> 3.11 | I7: =SUBMETERING!S10 -> 765.96 | J7: =J6 -> 4.86 | K7: =SUBMETERING!O10*1000 -> 31000 | L7: =SUBMETERING!P10/TOTAL!K7 -> 0.417 | M7: =(SUBMETERING!D10/100)*344 -> 203.992 | N7: ='[1]Consommation mensuel énergie'!E15 -> 0 | O7: =E7*F7+G7*H7+#REF!*#REF!+I7*J7 -> #REF!
A8: Guangzhou | B8: =B7+1 -> 7 | C8: 8 | D8: 2021 | E8: =SUBMETERING!M11 -> 62790.34 | F8: =F7 -> 0.675169 | G8: =SUBMETERING!H11 -> 2770 | H8: =H7 -> 3.11 | I8: =SUBMETERING!S11 -> 869.96 | J8: =J7 -> 4.86 | K8: =SUBMETERING!O11*1000 -> 26000 | L8: =SUBMETERING!P11/TOTAL!K8 -> 0.417 | M8: =(SUBMETERING!D11/100)*344 -> 215 | N8: ='[1]Consommation mensuel énergie'!E16 -> 0 | O8: =E8*F8+G8*H8+#REF!*#REF!+I8*J8 -> #REF!
A9: Guangzhou | B9: =B8+1 -> 8 | C9: 8 | D9: 2021 | E9: =SUBMETERING!M12 -> 65043.11 | F9: =F8 -> 0.675169 | G9: =SUBMETERING!H12 -> 2579 | H9: =H8 -> 3.11 | I9: =SUBMETERING!S12 -> 731.96 | J9: =J8 -> 4.86 | K9: =SUBMETERING!O12*1000 -> 29000 | L9: =SUBMETERING!P12/TOTAL!K9 -> 0.417 | M9: =(SUBMETERING!D12/100)*344 -> 155.0064 | N9: ='[1]Consommation mensuel énergie'!E17 -> 0 | O9: =E9*F9+G9*H9+#REF!*#REF!+I9*J9 -> #REF!
A10: Guangzhou | B10: =B9+1 -> 9 | C10: 8 | D10: 2021 | E10: =SUBMETERING!M13 -> 63190.34 | F10: =F9 -> 0.675169 | G10: =SUBMETERING!H13 -> 2491 | H10: =H9 -> 3.11 | I10: =SUBMETERING!S13 -> 545.96 | J10: =J9 -> 4.86 | K10: =SUBMETERING!O13*1000 -> 26000 | L10: =SUBMETERING!P13/TOTAL!K10 -> 0.417 | M10: =(SUBMETERING!D13/100)*344 -> 135.9832 | N10: ='[1]Consommation mensuel énergie'!E18 -> 0 | O10: =E10*F10+G10*H10+#REF!*#REF!+I10*J10 -> #REF!
A11: Guangzhou | B11: =B10+1 -> 10 | C11: 8 | D11: 2021 | E11: =SUBMETERING!M14 -> 59972.75 | F11: =F10 -> 0.675169 | G11: =SUBMETERING!H14 -> 2579 | H11: =H10 -> 3.11 | I11: =SUBMETERING!S14 -> 617.96 | J11: =J10 -> 4.86 | K11: =SUBMETERING!O14*1000 -> 25000 | L11: =SUBMETERING!P14/TOTAL!K11 -> 0.417 | M11: =(SUBMETERING!D14/100)*344 -> 302.9952 | N11: ='[1]Consommation mensuel énergie'!E19 -> 0 | O11: =E11*F11+G11*H11+#REF!*#REF!+I11*J11 -> #REF!
A12: Guangzhou | B12: =B11+1 -> 11 | C12: 8 | D12: 2021 | E12: =SUBMETERING!M15 -> 63290.34 | F12: =F11 -> 0.675169 | G12: =SUBMETERING!H15 -> 2681 | H12: =H11 -> 3.11 | I12: =SUBMETERING!S15 -> 734.96 | J12: =J11 -> 4.86 | K12: =SUBMETERING!O15*1000 -> 26000 | L12: =SUBMETERING!P15/TOTAL!K12 -> 0.417 | M12: =(SUBMETERING!D15/100)*344 -> 148.9864 | N12: ='[1]Consommation mensuel énergie'!E20 -> 0 | O12: =E12*F12+G12*H12+#REF!*#REF!+I12*J12 -> #REF!
A13: Guangzhou | B13: =B12+1 -> 12 | C13: 8 | D13: 2021 | E13: =SUBMETERING!M16 -> 64125.52 | F13: =F12 -> 0.675169 | G13: =SUBMETERING!H16 -> 2545 | H13: =H12 -> 3.11 | I13: =SUBMETERING!S16 -> 690.96 | J13: =J12 -> 4.86 | K13: =SUBMETERING!O16*1000 -> 28000 | L13: =SUBMETERING!P16/TOTAL!K13 -> 0.417 | M13: =(SUBMETERING!D16/100)*344 -> 181.0128 | N13: ='[1]Consommation mensuel énergie'!E21 -> 0 | O13: =E13*F13+G13*H13+#REF!*#REF!+I13*J13 -> #REF!
A14: Guangzhou | B14: =B13+1 -> 13 | C14: 8 | D14: 2021 | E14: =SUBMETERING!M17 -> 62472.75 | F14: =F13 -> 0.675169 | G14: =SUBMETERING!H17 -> 2549 | H14: =H13 -> 3.11 | I14: =SUBMETERING!S17 -> 694.96 | J14: =J13 -> 4.86 | K14: =SUBMETERING!O17*1000 -> 25000 | L14: =SUBMETERING!P17/TOTAL!K14 -> 0.417 | M14: =(SUBMETERING!D17/100)*344 -> 166.0144 | N14: ='[1]Consommation mensuel énergie'!E22 -> 0 | O14: =E14*F14+G14*H14+#REF!*#REF!+I14*J14 -> #REF!
... A31: Guangzhou | B31: =B30+1 -> 30 | C31: 8 | D31: 2021 | E31: =SUBMETERING!M34 -> 57702.39 | F31: =F30 -> 0.675169 | G31: =SUBMETERING!H34 -> 2429 | H31: =H30 -> 3.11 | I31: =SUBMETERING!S34 -> 819.96 | J31: =J30 -> 4.86 | K31: =SUBMETERING!O34*1000 -> 21000 | L31: =SUBMETERING!P34/TOTAL!K31 -> 0.417 | M31: =(SUBMETERING!D34/100)*344 -> 187.996 | N31: ='[1]Consommation mensuel énergie'!E39 -> 0 | O31: =E31*F31+G31*H31+#REF!*#REF!+I31*J31 -> #REF!
A32: Guangzhou | B32: =B31+1 -> 31 | C32: 8 | D32: 2021 | E32: =SUBMETERING!M35 -> 59737.57 | F32: =F31 -> 0.675169 | G32: =SUBMETERING!H35 -> 2497 | H32: =H31 -> 3.11 | I32: =SUBMETERING!S35 -> 685.96 | J32: =J31 -> 4.86 | K32: =SUBMETERING!O35*1000 -> 23000 | L32: =SUBMETERING!P35/TOTAL!K32 -> 0.417 | M32: =(SUBMETERING!D35/100)*344 -> 204.9896 | N32: ='[1]Consommation mensuel énergie'!E40 -> 0

Sheet SUBMETERING
A1: UTILITIES CONSUMPTION REPORT(2021-08) 电费从2019年8月1号开始下降改为0.675169/Kwh，天然气从2021年6月1号开始下降改为3.11/m³
A2: DATE 日期 | B2: Out door Temp℃ 户外 温度 | C2: Event Cover 宴会 人数 | D2: RoomOcc.% 客房率 | E2: Kitchen Gas 厨房天然气 (RMB3.11/m³) | F2: Boiler Gas 锅炉天然气(蒸汽) (RMB3.11/m³) | G2: Boiler Gas 锅炉天然气(热水) (RMB3.11/m³) | H2: General Gas 总天然气 (RMB3.11/m³) | J2: Chiller Electricity 制冷主机用电 | K2: Podium Electricity 裙楼用电 每月10.20.月末日抄表 | L2: Main Tower electricity 主塔用电 | M2: General electricity 总电量(*10000)(RMB0.675169/Kwh) | O2: Podium AC Consumption 裙楼空调用量 (Mw/h)Rmb291.66/MwH+1655.02/天 | Q2: 主塔用水 | R2: 裙楼用水 每月10.20.30日抄表 | S2: Water Consumption 水用量 | U2: Daily Total Utility Expense(RMB) 每日能耗总费用
S3: domestic Water 生活水RMB3.46/m3
E4: Totalgas (m³) | F4: Totalgas (m³) | G4: Totalgas(m³) | H4: Totalgas (m³) | I4: Total RMB | J4: Total electricity (KWH) | K4: Total electricity (KWH) | L4: Total electricity (KWH) | M4: Total electric (KWH) | N4: Total RMB | O4: Total (Mw/h0 | P4: Total RMB | Q4: Total Water (m1) | R4: Total Water (m2) | S4: Total Water (m3) | T4: Total RMB
A5: 1 | B5: 27/33 | C5: 70 | D5: 59.59 | E5: =SUM([2]厨房燃气!BH7) -> 623 | F5: =SUM('[2]B1 & 102F 锅炉房'!C7) -> 1387 | G5: =SUM('[2]B1 & 102F 锅炉房'!H7) -> 760 | H5: =SUM(G5+F5+E5) -> 2770 | I5: =IF(H5>0,H5*3.11,0) -> 8614.7 | J5: =SUM([2]主塔楼空调用电量!V4) -> 11880 | K5: 10033 | L5: =SUM('[2]68F 高压F13&F30'!F7) -> 35700 | M5: =K5+L5+O5*617.59 -> 62407.93 | N5: =IF(M5>0,M5*0.675169) -> 42135.9 | O5: =SUM([2]裙楼空调用量!L4) -> 27 | P5: =IF(O5*417>0,O5*417,0) -> 11259 | Q5: =SUM('[2]B4 水表'!C7) -> 750 | R5: 106.96 | S5: =Q5+R5 -> 856.96 | T5: =S5*3.46 -> 2965.0816 | U5: =SUM(I5+N5+P5+T5) -> 64974.681
A6: 2 | B6: 27/33 | C6: 640 | D6: 65.12 | E6: =SUM([2]厨房燃气!BH8) -> 600 | F6: =SUM('[2]B1 & 102F 锅炉房'!C8) -> 1375 | G6: =SUM('[2]B1 & 102F 锅炉房'!H8) -> 728 | H6: =SUM(G6+F6+E6) -> 2703 | I6: =IF(H6>0,H6*3.11,0) -> 8406.33 | J6: =SUM([2]主塔楼空调用电量!V5) -> 11636 | K6: 10033 | L6: =SUM('[2]68F 高压F13&F30'!F8) -> 34900 | M6: =K6+L6+O6*617.59 -> 59137.57 | N6: =IF(M6>0,M6*0.675169) -> 39927.854 | O6: =SUM([2]裙楼空调用量!L5) -> 23 | P6: =IF(O6*417>0,O6*417,0) -> 9591 | Q6: =SUM('[2]B4 水表'!C8) -> 439 | R6: 106.96 | S6: =Q6+R6 -> 545.96 | T6: =S6*3.46 -> 1889.0216 | U6: =SUM(I6+N6+P6+T6) -> 59814.206
A7: 3 | B7: 27/33 | C7: 620 | D7: 57.56 | E7: =SUM([2]厨房燃气!BH9) -> 626 | F7: =SUM('[2]B1 & 102F 锅炉房'!C9) -> 1463 | G7: =SUM('[2]B1 & 102F 锅炉房'!H9) -> 711 | H7: =SUM(G7+F7+E7) -> 2800 | I7: =IF(H7>0,H7*3.11,0) -> 8708 | J7: =SUM([2]主塔楼空调用电量!V6) -> 12804 | K7: 10033 | L7: =SUM('[2]68F 高压F13&F30'!F9) -> 36400 | M7: =K7+L7+O7*617.59 -> 62490.34 | N7: =IF(M7>0,M7*0.675169) -> 42191.54 | O7: =SUM([2]裙楼空调用量!L6) -> 26 | P7: =IF(O7*417>0,O7*417,0) -> 10842 | Q7: =SUM('[2]B4 水表'!C9) -> 699 | R7: 106.96 | S7: =Q7+R7 -> 805.96 | T7: =S7*3.46 -> 2788.6216 | U7: =SUM(I7+N7+P7+T7) -> 64530.162
A8: 4 | B8: 27/33 | C8: 220 | D8: 53.49 | E8: =SUM([2]厨房燃气!BH10) -> 654 | F8: =SUM('[2]B1 & 102F 锅炉房'!C10) -> 1364 | G8: =SUM('[2]B1 & 102F 锅炉房'!H10) -> 679 | H8: =SUM(G8+F8+E8) -> 2697 | I8: =IF(H8>0,H8*3.11,0) -> 8387.67 | J8: =SUM([2]主塔楼空调用电量!V7) -> 12699 | K8: 10033 | L8: =SUM('[2]68F 高压F13&F30'!F10) -> 36300 | M8: =K8+L8+O8*617.59 -> 63007.93 | N8: =IF(M8>0,M8*0.675169) -> 42541.001 | O8: =SUM([2]裙楼空调用量!L7) -> 27 | P8: =IF(O8*417>0,O8*417,0) -> 11259 | Q8: =SUM('[2]B4 水表'!C10) -> 556 | R8: 106.96 | S8: =Q8+R8 -> 662.96 | T8: =S8*3.46 -> 2293.8416 | U8: =SUM(I8+N8+P8+T8) -> 64481.513
A9: 5 | B9: 27/33 | C9: 227 | D9: 72.97 | E9: =SUM([2]厨房燃气!BH11) -> 648 | F9: =SUM('[2]B1 & 102F 锅炉房'!C11) -> 1243 | G9: =SUM('[2]B1 & 102F 锅炉房'!H11) -> 690 | H9: =SUM(G9+F9+E9) -> 2581 | I9: =IF(H9>0,H9*3.11,0) -> 8026.91 | J9: =SUM([2]主塔楼空调用电量!V8) -> 12491 | K9: 10033 | L9: =SUM('[2]68F 高压F13&F30'!F11) -> 35900 | M9: =K9+L9+O9*617.59 -> 64460.7 | N9: =IF(M9>0,M9*0.675169) -> 43521.866 | O9: =SUM([2]裙楼空调用量!L8) -> 30 | P9: =IF(O9*417>0,O9*417,0) -> 12510 | Q9: =SUM('[2]B4 水表'!C11) -> 585 | R9: 106.96 | S9: =Q9+R9 -> 691.96 | T9: =S9*3.46 -> 2394.1816 | U9: =SUM(I9+N9+P9+T9) -> 66452.958
A10: 6 | B10: 27/33 | C10: 469 | D10: 59.3 | E10: =SUM([2]厨房燃气!BH12) -> 735 | F10: =SUM('[2]B1 & 102F 锅炉房'!C12) -> 1365 | G10: =SUM('[2]B1 & 102F 锅炉房'!H12) -> 716 | H10: =SUM(G10+F10+E10) -> 2816 | I10: =IF(H10>0,H10*3.11,0) -> 8757.76 | J10: =SUM([2]主塔楼空调用电量!V9) -> 12763 | K10: 10033 | L10: =SUM('[2]68F 高压F13&F30'!F12) -> 36700 | M10: =K10+L10+O10*617.59 -> 65878.29 | N10: =IF(M10>0,M10*0.675169) -> 44478.979 | O10: =SUM([2]裙楼空调用量!L9) -> 31 | P10: =IF(O10*417>0,O10*417,0) -> 12927 | Q10: =SUM('[2]B4 水表'!C12) -> 659 | R10: 106.96 | S10: =Q10+R10 -> 765.96 | T10: =S10*3.46 -> 2650.2216 | U10: =SUM(I10+N10+P10+T10) -> 68813.961
A11: 7 | B11: 27/33 | C11: 339 | D11: 62.5 | E11: =SUM([2]厨房燃气!BH13) -> 748 | F11: =SUM('[2]B1 & 102F 锅炉房'!C13) -> 1314 | G11: =SUM('[2]B1 & 102F 锅炉房'!H13) -> 708 | H11: =SUM(G11+F11+E11) -> 2770 | I11: =IF(H11>0,H11*3.11,0) -> 8614.7 | J11: =SUM([2]主塔楼空调用电量!V10) -> 12240 | K11: 10033 | L11: =SUM('[2]68F 高压F13&F30'!F13) -> 36700 | M11: =K11+L11+O11*617.59 -> 62790.34 | N11: =IF(M11>0,M11*0.675169) -> 42394.091 | O11: =SUM([2]裙楼空调用量!L10) -> 26 | P11: =IF(O11*417>0,O11*417,0) -> 10842 | Q11: =SUM('[2]B4 水表'!C13) -> 763 | R11: 106.96 | S11: =Q11+R11 -> 869.96 | T11: =S11*3.46 -> 3010.0616 | U11: =SUM(I11+N11+P11+T11) -> 64860.853
A12: 8 | B12: 28/32 | C12: 10 | D12: 45.06 | E12: =SUM([2]厨房燃气!BH14) -> 551 | F12: =SUM('[2]B1 & 102F 锅炉房'!C14) -> 1282 | G12: =SUM('[2]B1 & 102F 锅炉房'!H14) -> 746 | H12: =SUM(G12+F12+E12) -> 2579 | I12: =IF(H12>0,H12*3.11,0) -> 8020.69 | J12: =SUM([2]主塔楼空调用电量!V11) -> 13113 | K12: 10033 | L12: =SUM('[2]68F 高压F13&F30'!F14) -> 37100 | M12: =K12+L12+O12*617.59 -> 65043.11 | N12: =IF(M12>0,M12*0.675169) -> 43915.092 | O12: =SUM([2]裙楼空调用量!L11) -> 29 | P12: =IF(O12*417>0,O12*417,0) -> 12093 | Q12: =SUM('[2]B4 水表'!C14) -> 625 | R12: 106.96 | S12: =Q12+R12 -> 731.96 | T12: =S12*3.46 -> 2532.5816 | U12: =SUM(I12+N12+P12+T12) -> 66561.363
A13: 9 | B13: 26/32 | C13: 382 | D13: 39.53 | E13: =SUM([2]厨房燃气!BH15) -> 552 | F13: =SUM('[2]B1 & 102F 锅炉房'!C15) -> 1279 | G13: =SUM('[2]B1 & 102F 锅炉房'!H15) -> 660 | H13: =SUM(G13+F13+E13) -> 2491 | I13: =IF(H13>0,H13*3.11,0) -> 7747.01 | J13: =SUM([2]主塔楼空调用电量!V12) -> 12230 | K13: 10033 | L13: =SUM('[2]68F 高压F13&F30'!F15) -> 37100 | M13: =K13+L13+O13*617.59 -> 63190.34 | N13: =M13*0.675169 -> 42664.159 | O13: =SUM([2]裙楼空调用量!L12) -> 26 | P13: =IF(O13*417>0,O13*417,0) -> 10842 | Q13: =SUM('[2]B4 水表'!C15) -> 439 | R13: 106.96 | S13: =Q13+R13 -> 545.96 | T13: =S13*3.46 -> 1889.0216 | U13: =SUM(I13+N13+P13+T13) -> 63142.19
A14: 10 | B14: 27/31 | C14: 110 | D14: 88.08 | E14: =SUM([2]厨房燃气!BH16) -> 639 | F14: =SUM('[2]B1 & 102F 锅炉房'!C16) -> 1287 | G14: =SUM('[2]B1 & 102F 锅炉房'!H16) -> 653 | H14: =SUM(G14+F14+E14) -> 2579 | I14: =IF(H14>0,H14*3.11,0) -> 8020.69 | J14: =SUM([2]主塔楼空调用电量!V13) -> 12859 | K14: 10033 | L14: =SUM('[2]68F 高压F13&F30'!F16) -> 34500 | M14: =K14+L14+O14*617.59 -> 59972.75 | N14: =M14*0.675169 -> 40491.742 | O14: =SUM([2]裙楼空调用量!L13) -> 25 | P14: =IF(O14*417>0,O14*417,0) -> 10425 | Q14: =SUM('[2]B4 水表'!C16) -> 511 | R14: 106.96 | S14: =Q14+R14 -> 617.96 | T14: =S14*3.46 -> 2138.1416 | U14: =SUM(I14+N14+P14+T14) -> 61075.573
A15: 11 | B15: 26/33 | C15: 280 | D15: 43.31 | E15: =SUM([2]厨房燃气!BH17) -> 614 | F15: =SUM('[2]B1 & 102F 锅炉房'!C17) -> 1298 | G15: =SUM('[2]B1 & 102F 锅炉房'!H17) -> 769 | H15: =SUM(G15+F15+E15) -> 2681 | I15: =IF(H15>0,H15*3.11,0) -> 8337.91 | J15: =SUM([2]主塔楼空调用电量!V14) -> 13316 | K15: 10033 | L15: =SUM('[2]68F 高压F13&F30'!F17) -> 37200 | M15: =K15+L15+O15*617.59 -> 63290.34 | N15: =M15*0.675169 -> 42731.676 | O15: =SUM([2]裙楼空调用量!L14) -> 26 | P15: =IF(O15*417>0,O15*417,0) -> 10842 | Q15: =SUM('[2]B4 水表'!C17) -> 628 | R15: 106.96 | S15: =Q15+R15 -> 734.96 | T15: =S15*3.46 -> 2542.9616 | U15: =SUM(I15+N15+P15+T15) -> 64454.547
A16: 12 | B16: 27/32 | C16: 284 | D16: 52.62 | E16: =SUM([2]厨房燃气!BH18) -> 593 | F16: =SUM('[2]B1 & 102F 锅炉房'!C18) -> 1293 | G16: =SUM('[2]B1 & 102F 锅炉房'!H18) -> 659 | H16: =SUM(G16+F16+E16) -> 2545 | I16: =IF(H16>0,H16*3.11,0) -> 7914.95 | J16: =SUM([2]主塔楼空调用电量!V15) -> 12839 | K16: 10033 | L16: =SUM('[2]68F 高压F13&F30'!F18) -> 36800 | M16: =K16+L16+O16*617.59 -> 64125.52 | N16: =M16*0.675169 -> 43295.563 | O16: =SUM([2]裙楼空调用量!L15) -> 28 | P16: =IF(O16*417>0,O16*417,0) -> 11676 | Q16: =SUM('[2]B4 水表'!C18) -> 584 | R16: 106.96 | S16: =Q16+R16 -> 690.96 | T16: =S16*3.46 -> 2390.7216 | U16: =SUM(I16+N16+P16+T16) -> 65277.235
A17: 13 | B17: 25/33 | C17: 260 | D17: 48.26 | E17: =SUM([2]厨房燃气!BH19) -> 639 | F17: =SUM('[2]B1 & 102F 锅炉房'!C19) -> 1220 | G17: =SUM('[2]B1 & 102F 锅炉房'!H19) -> 690 | H17: =SUM(G17+F17+E17) -> 2549 | I17: =IF(H17>0,H17*3.11,0) -> 7927.39 | J17: =SUM([2]主塔楼空调用电量!V16) -> 13460 | K17: 10033 | L17: =SUM('[2]68F 高压F13&F30'!F19) -> 37000 | M17: =K17+L17+O17*617.59 -> 62472.75 | N17: =M17*0.675169 -> 42179.664 | O17: =SUM([2]裙楼空调用量!L16) -> 25 | P17: =IF(O17*417>0,O17*417,0) -> 10425 | Q17: =SUM('[2]B4 水表'!C19) -> 588 | R17: 106.96 | S17: =Q17+R17 -> 694.96 | T17: =S17*3.46 -> 2404.5616 | U17: =SUM(I17+N17+P17+T17) -> 62936.616
A18: 14 | B18: 26/29 | C18: 120 | D18: 88.08 | E18: =SUM([2]厨房燃气!BH20) -> 777 | F18: =SUM('[2]B1 & 102F 锅炉房'!C20) -> 1234 | G18: =SUM('[2]B1 & 102F 锅炉房'!H20) -> 742 | H18: =SUM(G18+F18+E18) -> 2753 | I18: =IF(H18>0,H18*3.11,0) -> 8561.83 | J18: =SUM([2]主塔楼空调用电量!V17) -> 13478 | K18: 10033 | L18: =SUM('[2]68F 高压F13&F30'!F20) -> 38100 | M18: =K18+L18+O18*617.59 -> 62955.16 | N18: =M18*0.675169 -> 42505.372 | O18: =SUM([2]裙楼空调用量!L17) -> 24 | P18: =IF(O18*417>0,O18*417,0) -> 10008 | Q18: =SUM('[2]B4 水表'!C20) -> 668 | R18: 106.96 | S18: =Q18+R18 -> 774.96 | T18: =S18*3.46 -> 2681.3616 | U18: =SUM(I18+N18+P18+T18) -> 63756.564
A19: 15 | B19: 26/31 | C19: 10 | D19: 40.41 | E19: =SUM([2]厨房燃气!BH21) -> 597 | F19: =SUM('[2]B1 & 102F 锅炉房'!C21) -> 1264 | G19: =SUM('[2]B1 & 102F 锅炉房'!H21) -> 738 | H19: =SUM(G19+F19+E19) -> 2599 | I19: =IF(H19>0,H19*3.11,0) -> 8082.89 | J19: =SUM([2]主塔楼空调用电量!V18) -> 12361 | K19: 10033 | L19: =SUM('[2]68F 高压F13&F30'!F21) -> 36200 | M19: =K19+L19+O19*617.59 -> 61055.16 | N19: =M19*0.675169 -> 41222.551 | O19: =SUM([2]裙楼空调用量!L18) -> 24 | P19: =SUM(O19*417) -> 10008 | Q19: =SUM('[2]B4 水表'!C21) -> 617 | R19: 106.96 | S19: =Q19+R19 -> 723.96 | T19: =S19*3.46 -> 2504.9016 | U19: =SUM(I19+N19+P19+T19) -> 61818.343
A20: 16 | B20: 26/34 | C20: 90 | D20: 37.21 | E20: =SUM([2]厨房燃气!BH22) -> 547 | F20: =SUM('[2]B1 & 102F 锅炉房'!C22) -> 1264 | G20: =SUM('[2]B1 & 102F 锅炉房'!H22) -> 635 | H20: =SUM(G20+F20+E20) -> 2446 | I20: =IF(H20>0,H20*3.11,0) -> 7607.06 | J20: =SUM([2]主塔楼空调用电量!V19) -> 12661 | K20: 10033 | L20: =SUM('[2]68F 高压F13&F30'!F22) -> 35400 | M20: =K20+L20+O20*617.59 -> 60872.75 | N20: =M20*0.675169 -> 41099.394 | O20: =SUM([2]裙楼空调用量!L19) -> 25 | P20: =SUM(O20*417) -> 10425 | Q20: =SUM('[2]B4 水表'!C22) -> 554 | R20: 106.96 | S20: =Q20+R20 -> 660.96 | T20: =S20*3.46 -> 2286.9216 | U20: =SUM(I20+N20+P20+T20) -> 61418.375
A21: 17 | B21: 26/34 | C21: 520 | D21: 47.97 | E21: =SUM([2]厨房燃气!BH23) -> 588 | F21: =SUM('[2]B1 & 102F 锅炉房'!C23) -> 1288 | G21: =SUM('[2]B1 & 102F 锅炉房'!H23) -> 630 | H21: =SUM(E21+F21+G21) -> 2506 | I21: =IF(H21>0,H21*3.11,0) -> 7793.66 | J21: =SUM([2]主塔楼空调用电量!V20) -> 13244 | K21: 10033 | L21: =SUM('[2]68F 高压F13&F30'!F23) -> 36900 | M21: =K21+L21+O21*617.59 -> 63607.93 | N21: =M21*0.675169 -> 42946.102 | O21: =SUM([2]裙楼空调用量!L20) -> 27 | P21: =SUM(O21*417) -> 11259 | Q21: =SUM('[2]B4 水表'!C23) -> 631 | R21: 106.96 | S21: =Q21+R21 -> 737.96 | T21: =S21*3.46 -> 2553.3416 | U21: =SUM(I21+N21+P21+T21) -> 64552.104
A22: 18 | B22: 26/33 | C22: 250 | D22: 43.02 | E22: =SUM([2]厨房燃气!BH24) -> 757 | F22: =SUM('[2]B1 & 102F 锅炉房'!C24) -> 1237 | G22: =SUM('[2]B1 & 102F 锅炉房'!H24) -> 674 | H22: =SUM(G22+F22+E22) -> 2668 | I22: =IF(H22>0,H22*3.11,0) -> 8297.48 | J22: =SUM([2]主塔楼空调用电量!V21) -> 12575 | K22: 10033 | L22: =SUM('[2]68F 高压F13&F30'!F24) -> 35800 | M22: =K22+L22+O22*617.59 -> 66213.47 | N22: =M22*0.675169 -> 44705.282 | O22: =SUM([2]裙楼空调用量!L21) -> 33 | P22: =SUM(O22*417) -> 13761 | Q22: =SUM('[2]B4 水表'!C24) -> 583 | R22: 106.96 | S22: =Q22+R22 -> 689.96 | T22: =S22*3.46 -> 2387.2616 | U22: =SUM(I22+N22+P22+T22) -> 69151.024
A23: 19 | B23: 26/34 | C23: 190 | D23: 47.97 | E23: =SUM([2]厨房燃气!BH25) -> 685 | F23: =SUM('[2]B1 & 102F 锅炉房'!C25) -> 1225 | G23: =SUM('[2]B1 & 102F 锅炉房'!H25) -> 642 | H23: =SUM(G23+F23+E23) -> 2552 | I23: =IF(H23>0,H23*3.11,0) -> 7936.72 | J23: =SUM([2]主塔楼空调用电量!V22) -> 12157 | K23: 10033 | L23: =SUM('[2]68F 高压F13&F30'!F25) -> 34700 | M23: =K23+L23+O23*617.59 -> 61407.93 | N23: =M23*0.675169 -> 41460.731 | O23: =SUM([2]裙楼空调用量!L22) -> 27 | P23: =SUM(O23*417) -> 11259 | Q23: =SUM('[2]B4 水表'!C25) -> 608 | R23: 106.96 | S23: =Q23+R23 -> 714.96 | T23: =S23*3.46 -> 2473.7616 | U23: =SUM(I23+N23+P23+T23) -> 63130.212
A24: 20 | B24: 26/36 | C24: 18 | D24: 51.16 | E24: =SUM([2]厨房燃气!BH26) -> 625 | F24: =SUM('[2]B1 & 102F 锅炉房'!C26) -> 1240 | G24: =SUM('[2]B1 & 102F 锅炉房'!H26) -> 703 | H24: =SUM(G24+F24+E24) -> 2568 | I24: =IF(H24>0,H24*3.11,0) -> 7986.48 | J24: =SUM([2]主塔楼空调用电量!V23) -> 12950 | K24: 10033 | L24: =SUM('[2]68F 高压F13&F30'!F26) -> 36200 | M24: =K24+L24+O24*617.59 -> 61055.16 | N24: =M24*0.675169 -> 41222.551 | O24: =SUM([2]裙楼空调用量!L23) -> 24 | P24: =SUM(O24*417) -> 10008 | Q24: =SUM('[2]B4 水表'!C26) -> 534 | R24: 106.96 | S24: =Q24+R24 -> 640.96 | T24: =S24*3.46 -> 2217.7216 | U24: =SUM(I24+N24+P24+T24) -> 61434.753
A25: 21 | B25: 27/35 | C25: 10 | D25: 67.73 | E25: =SUM([2]厨房燃气!BH27) -> 569 | F25: =SUM('[2]B1 & 102F 锅炉房'!C27) -> 1226 | G25: =SUM('[2]B1 & 102F 锅炉房'!H27) -> 676 | H25: =SUM(G25+F25+E25) -> 2471 | I25: =IF(H25>0,H25*3.11,0) -> 7684.81 | J25: =SUM([2]主塔楼空调用电量!V24) -> 13594 | K25: 10033 | L25: =SUM('[2]68F 高压F13&F30'!F27) -> 37500 | M25: =K25+L25+O25*617.59 -> 61737.57 | N25: =M25*0.675169 -> 41683.293 | O25: =SUM([2]裙楼空调用量!L24) -> 23 | P25: =SUM(O25*417) -> 9591 | Q25: =SUM('[2]B4 水表'!C27) -> 719 | R25: 106.96 | S25: =Q25+R25 -> 825.96 | T25: =S25*3.46 -> 2857.8216 | U25: =SUM(I25+N25+P25+T25) -> 61816.925
A26: 22 | B26: 27/34 | C26: 10 | D26: 45.06 | E26: =SUM([2]厨房燃气!BH28) -> 519 | F26: =SUM('[2]B1 & 102F 锅炉房'!C28) -> 1226 | G26: =SUM('[2]B1 & 102F 锅炉房'!H28) -> 701 | H26: =SUM(G26+F26+E26) -> 2446 | I26: =IF(H26>0,H26*3.11,0) -> 7607.06 | J26: =SUM([2]主塔楼空调用电量!V25) -> 13152 | K26: 10033 | L26: =SUM('[2]68F 高压F13&F30'!F28) -> 36200 | M26: =K26+L26+O26*617.59 -> 59819.98 | N26: =M26*0.675169 -> 40388.596 | O26: =SUM([2]裙楼空调用量!L25) -> 22 | P26: =SUM(O26*417) -> 9174 | Q26: =SUM('[2]B4 水表'!C28) -> 635 | R26: 106.96 | S26: =Q26+R26 -> 741.96 | T26: =S26*3.46 -> 2567.1816 | U26: =SUM(I26+N26+P26+T26) -> 59736.838
A27: 23 | B27: 26/35 | C27: 90 | D27: 46.51 | E27: =SUM([2]厨房燃气!BH29) -> 506 | F27: =SUM('[2]B1 & 102F 锅炉房'!C29) -> 1198 | G27: =SUM('[2]B1 & 102F 锅炉房'!H29) -> 623 | H27: =SUM(G27+F27+E27) -> 2327 | I27: =IF(H27>0,H27*3.11,0) -> 7236.97 | J27: =SUM([2]主塔楼空调用电量!V26) -> 12045 | K27: 10033 | L27: =SUM('[2]68F 高压F13&F30'!F29) -> 34900 | M27: =K27+L27+O27*617.59 -> 59755.16 | N27: =M27*0.675169 -> 40344.832 | O27: =SUM([2]裙楼空调用量!L26) -> 24 | P27: =SUM(O27*417) -> 10008 | Q27: =SUM('[2]B4 水表'!C29) -> 449 | R27: 106.96 | S27: =Q27+R27 -> 555.96 | T27: =S27*3.46 -> 1923.6216 | U27: =SUM(I27+N27+P27+T27) -> 59513.423
A28: 24 | B28: 27/35 | C28: 95 | D28: 45.35 | E28: =SUM([2]厨房燃气!BH30) -> 594 | F28: =SUM('[2]B1 & 102F 锅炉房'!C30) -> 1220 | G28: =SUM('[2]B1 & 102F 锅炉房'!H30) -> 647 | H28: =SUM(G28+F28+E28) -> 2461 | I28: =IF(H28>0,H28*3.11,0) -> 7653.71 | J28: =SUM([2]主塔楼空调用电量!V27) -> 12762 | K28: 10033 | L28: =SUM('[2]68F 高压F13&F30'!F30) -> 35600 | M28: =K28+L28+O28*617.59 -> 61072.75 | N28: =M28*0.675169 -> 41234.428 | O28: =SUM([2]裙楼空调用量!L27) -> 25 | P28: =SUM(O28*417) -> 10425 | Q28: =SUM('[2]B4 水表'!C30) -> 574 | R28: 106.96 | S28: =Q28+R28 -> 680.96 | T28: =S28*3.46 -> 2356.1216 | U28: =SUM(I28+N28+P28+T28) -> 61669.259
A29: 25 | B29: 26/34 | C29: 95 | D29: 56.98 | E29: =SUM([2]厨房燃气!BH31) -> 549 | F29: =SUM('[2]B1 & 102F 锅炉房'!C31) -> 1295 | G29: =SUM('[2]B1 & 102F 锅炉房'!H31) -> 676 | H29: =SUM(G29+F29+E29) -> 2520 | I29: =IF(H29>0,H29*3.11,0) -> 7837.2 | J29: =SUM([2]主塔楼空调用电量!V28) -> 13179 | K29: 10033 | L29: =SUM('[2]68F 高压F13&F30'!F31) -> 37700 | M29: =K29+L29+O29*617.59 -> 63172.75 | N29: =M29*0.675169 -> 42652.282 | O29: =SUM([2]裙楼空调用量!L28) -> 25 | P29: =SUM(O29*417) -> 10425 | Q29: =SUM('[2]B4 水表'!C31) -> 520 | R29: 106.96 | S29: =Q29+R29 -> 626.96 | T29: =S29*3.46 -> 2169.2816 | U29: =SUM(I29+N29+P29+T29) -> 63083.764
A30: 26 | B30: 26/33 | C30: 40 | D30: 55.23 | E30: =SUM([2]厨房燃气!BH32) -> 535 | F30: =SUM('[2]B1 & 102F 锅炉房'!C32) -> 1245 | G30: =SUM('[2]B1 & 102F 锅炉房'!H32) -> 686 | H30: =SUM(G30+F30+E30) -> 2466 | I30: =IF(H30>0,H30*3.11,0) -> 7669.26 | J30: =SUM([2]主塔楼空调用电量!V29) -> 12289 | K30: 10033 | L30: =SUM('[2]68F 高压F13&F30'!F32) -> 35200 | M30: =K30+L30+O30*617.59 -> 60055.16 | N30: =M30*0.675169 -> 40547.382 | O30: =SUM([2]裙楼空调用量!L29) -> 24 | P30: =SUM(O30*417) -> 10008 | Q30: =SUM('[2]B4 水表'!C32) -> 595 | R30: 106.96 | S30: =Q30+R30 -> 701.96 | T30: =S30*3.46 -> 2428.7816 | U30: =SUM(I30+N30+P30+T30) -> 60653.424
A31: 27 | B31: 26/32 | C31: 301 | D31: 71.51 | E31: =SUM([2]厨房燃气!BH33) -> 622 | F31: =SUM('[2]B1 & 102F 锅炉房'!C33) -> 1201 | G31: =SUM('[2]B1 & 102F 锅炉房'!H33) -> 637 | H31: =SUM(G31+F31+E31) -> 2460 | I31: =IF(H31>0,H31*3.11,0) -> 7650.6 | J31: =SUM([2]主塔楼空调用电量!V30) -> 12859 | K31: 10033 | L31: =SUM('[2]68F 高压F13&F30'!F33) -> 35800 | M31: =K31+L31+O31*617.59 -> 64360.7 | N31: =M31*0.675169 -> 43454.349 | O31: =SUM([2]裙楼空调用量!L30) -> 30 | P31: =SUM(O31*417) -> 12510 | Q31: =SUM('[2]B4 水表'!C33) -> 680 | R31: 106.96 | S31: =Q31+R31 -> 786.96 | T31: =S31*3.46 -> 2722.8816 | U31: =SUM(I31+N31+P31+T31) -> 66337.831
A32: 28 | B32: 26/33 | C32: 78 | D32: 80.23 | E32: =SUM([2]厨房燃气!BH34) -> 718 | F32: =SUM('[2]B1 & 102F 锅炉房'!C34) -> 1292 | G32: =SUM('[2]B1 & 102F 锅炉房'!H34) -> 671 | H32: =SUM(G32+F32+E32) -> 2681 | I32: =IF(H32>0,H32*3.11,0) -> 8337.91 | J32: =SUM([2]主塔楼空调用电量!V31) -> 10764 | K32: 10033 | L32: =SUM('[2]68F 高压F13&F30'!F34) -> 34500 | M32: =K32+L32+O32*617.59 -> 58737.57 | N32: =M32*0.675169 -> 39657.786 | O32: =SUM([2]裙楼空调用量!L31) -> 23 | P32: =SUM(O32*417) -> 9591 | Q32: =SUM('[2]B4 水表'!C34) -> 651 | R32: 106.96 | S32: =Q32+R32 -> 757.96 | T32: =S32*3.46 -> 2622.5416 | U32: =SUM(I32+N32+P32+T32) -> 60209.238
A33: 29 | B33: 25/34 | C33: 110 | D33: 42.73 | E33: =SUM([2]厨房燃气!BH35) -> 540 | F33: =SUM('[2]B1 & 102F 锅炉房'!C35) -> 1297 | G33: =SUM('[2]B1 & 102F 锅炉房'!H35) -> 725 | H33: =SUM(G33+F33+E33) -> 2562 | I33: =IF(H33>0,H33*3.11,0) -> 7967.82 | J33: =SUM([2]主塔楼空调用电量!V32) -> 11662 | K33: 10033 | L33: =SUM('[2]68F 高压F13&F30'!F35) -> 35400 | M33: =K33+L33+O33*617.59 -> 60255.16 | N33: =M33*0.675169 -> 40682.416 | O33: =SUM([2]裙楼空调用量!L32) -> 24 | P33: =SUM(O33*417) -> 10008 | Q33: =SUM('[2]B4 水表'!C35) -> 692 | R33: 106.96 | S33: =Q33+R33 -> 798.96 | T33: =S33*3.46 -> 2764.4016 | U33: =SUM(I33+N33+P33+T33) -> 61422.638
... A35: 31 | B35: 25/33 | C35: 93 | D35: 59.59 | E35: =SUM([2]厨房燃气!BH37) -> 556 | F35: =SUM('[2]B1 & 102F 锅炉房'!C37) -> 1309 | G35: =SUM('[2]B1 & 102F 锅炉房'!H37) -> 632 | H35: =SUM(G35+F35+E35) -> 2497 | I35: =IF(H35>0,H35*3.11,0) -> 7765.67 | J35: =SUM([2]主塔楼空调用电量!V34) -> 12966 | K35: 10033 | L35: =SUM('[2]68F 高压F13&F30'!F37) -> 35500 | M35: =K35+L35+O35*617.59 -> 59737.57 | N35: =M35*0.675169 -> 40332.955 | O35: =SUM([2]裙楼空调用量!L34) -> 23 | P35: =SUM(O35*417) -> 9591 | Q35: =SUM('[2]B4 水表'!C37) -> 579 | R35: 106.96 | S35: =Q35+R35 -> 685.96 | T35: =S35*3.46 -> 2373.4216 | U35: =SUM(I35+N35+P35+T35) -> 60063.047
A36: Aver.
A37: Total | E37: =SUM(E5:E35) -> 19020 | F37: =SUM(F5:F35) -> 39697 | G37: =SUM(G5:G35) -> 21256 | H37: =SUM(H5:H35) -> 79973 | I37: =SUM(I5:I35) -> 248716.03 | J37: =SUM(J5:J35) -> 389905 | M37: =SUM(M5:M35) -> 1921842.2 | N37: =SUM(N5:N35) -> 1297568.3 | O37: =SUM(O5:O35) -> 797 | P37: =SUM(P5:P35) -> 332349 | S37: =SUM(S5:S35) -> 22143.76 | T37: =SUM(T5:T35) -> 76617.41 | U37: =SUM(U5:U35) -> 1955250.7
