Workbook

Sheet TOTAL
A1: Site Name | B1: Day | C1: Month | D1: Year | E1: Total Electricity Kwh | F1: Electricity Tariff ($/Kwh) | G1: LPG (Kg) | H1: LPG $/Kg | I1: Total Fuel Oil (Liter) | J1: Fuel Oil $/Liter | K1: Water Utility Supply (m3) m3 | L1: Water Utility Supply (m3) $/m3 | M1: Room Nights | N1: Food Covers
A2: Bali Jimbaran | B2: 1 | C2: 9 | D2: 2021 | E2: ='FS Jimbaran September 2021'!P12 -> 13600 | F2: ='FS Jimbaran September 2021'!O12/'FS Jimbaran September 2021'!P12 -> 1181.9316 | G2: ='FS Jimbaran September 2021'!AG12 -> 50 | H2: ='FS Jimbaran September 2021'!AH12/'FS Jimbaran September 2021'!AG12 -> 14180 | I2: ='FS Jimbaran September 2021'!AJ12 -> 425.47 | J2: ='FS Jimbaran September 2021'!AK12/'FS Jimbaran September 2021'!AJ12 -> 9900 | K2: ='FS Jimbaran September 2021'!V12 -> 368 | L2: ='FS Jimbaran September 2021'!AA12/'FS Jimbaran September 2021'!V12 -> 9011.9262 | M2: =+'RNs & Covers September 2021'!B6 -> 3 | N2: =+'RNs & Covers September 2021'!C6 -> 48
A3: Bali Jimbaran | B3: =B2+1 -> 2 | C3: 9 | D3: 2021 | E3: ='FS Jimbaran September 2021'!P13 -> 13260 | F3: ='FS Jimbaran September 2021'!O13/'FS Jimbaran September 2021'!P13 -> 1181.8906 | G3: ='FS Jimbaran September 2021'!AG13 -> 50 | H3: ='FS Jimbaran September 2021'!AH13/'FS Jimbaran September 2021'!AG13 -> 14180 | I3: ='FS Jimbaran September 2021'!AJ13 -> 313.69 | J3: ='FS Jimbaran September 2021'!AK13/'FS Jimbaran September 2021'!AJ13 -> 9900 | K3: ='FS Jimbaran September 2021'!V13 -> 731 | L3: ='FS Jimbaran September 2021'!AA13/'FS Jimbaran September 2021'!V13 -> 6993.3541 | M3: =+'RNs & Covers September 2021'!B7 -> 5 | N3: =+'RNs & Covers September 2021'!C7 -> 43
A4: Bali Jimbaran | B4: =B3+1 -> 3 | C4: 9 | D4: 2021 | E4: ='FS Jimbaran September 2021'!P14 -> 13560 | F4: ='FS Jimbaran September 2021'!O14/'FS Jimbaran September 2021'!P14 -> 1188.6263 | G4: ='FS Jimbaran September 2021'!AG14 -> 112 | H4: ='FS Jimbaran September 2021'!AH14/'FS Jimbaran September 2021'!AG14 -> 13888.393 | I4: ='FS Jimbaran September 2021'!AJ14 -> 400.7 | J4: ='FS Jimbaran September 2021'!AK14/'FS Jimbaran September 2021'!AJ14 -> 9900 | K4: ='FS Jimbaran September 2021'!V14 -> 621 | L4: ='FS Jimbaran September 2021'!AA14/'FS Jimbaran September 2021'!V14 -> 6520.4364 | M4: =+'RNs & Covers September 2021'!B8 -> 6 | N4: =+'RNs & Covers September 2021'!C8 -> 84
A5: Bali Jimbaran | B5: =B4+1 -> 4 | C5: 9 | D5: 2021 | E5: ='FS Jimbaran September 2021'!P15 -> 13720 | F5: ='FS Jimbaran September 2021'!O15/'FS Jimbaran September 2021'!P15 -> 1180.3136 | G5: ='FS Jimbaran September 2021'!AG15 -> 50 | H5: ='FS Jimbaran September 2021'!AH15/'FS Jimbaran September 2021'!AG15 -> 14180 | I5: ='FS Jimbaran September 2021'!AJ15 -> 381.58 | J5: ='FS Jimbaran September 2021'!AK15/'FS Jimbaran September 2021'!AJ15 -> 9900 | K5: ='FS Jimbaran September 2021'!V15 -> 466 | L5: ='FS Jimbaran September 2021'!AA15/'FS Jimbaran September 2021'!V15 -> 4728.1282 | M5: =+'RNs & Covers September 2021'!B9 -> 5 | N5: =+'RNs & Covers September 2021'!C9 -> 67
A6: Bali Jimbaran | B6: =B5+1 -> 5 | C6: 9 | D6: 2021 | E6: ='FS Jimbaran September 2021'!P16 -> 13660 | F6: ='FS Jimbaran September 2021'!O16/'FS Jimbaran September 2021'!P16 -> 1188.6827 | G6: ='FS Jimbaran September 2021'!AG16 -> 112 | H6: ='FS Jimbaran September 2021'!AH16/'FS Jimbaran September 2021'!AG16 -> 13888.393 | I6: ='FS Jimbaran September 2021'!AJ16 -> 347.23 | J6: ='FS Jimbaran September 2021'!AK16/'FS Jimbaran September 2021'!AJ16 -> 9900 | K6: ='FS Jimbaran September 2021'!V16 -> 430 | L6: ='FS Jimbaran September 2021'!AA16/'FS Jimbaran September 2021'!V16 -> 7747.6377 | M6: =+'RNs & Covers September 2021'!B10 -> 5 | N6: =+'RNs & Covers September 2021'!C10 -> 84
A7: Bali Jimbaran | B7: =B6+1 -> 6 | C7: 9 | D7: 2021 | E7: ='FS Jimbaran September 2021'!P17 -> 13600 | F7: ='FS Jimbaran September 2021'!O17/'FS Jimbaran September 2021'!P17 -> 1179.5326 | G7: ='FS Jimbaran September 2021'!AG17 -> 62 | H7: ='FS Jimbaran September 2021'!AH17/'FS Jimbaran September 2021'!AG17 -> 13653.226 | I7: ='FS Jimbaran September 2021'!AJ17 -> 380.97 | J7: ='FS Jimbaran September 2021'!AK17/'FS Jimbaran September 2021'!AJ17 -> 9900 | K7: ='FS Jimbaran September 2021'!V17 -> 598 | L7: ='FS Jimbaran September 2021'!AA17/'FS Jimbaran September 2021'!V17 -> 7386.4527 | M7: =+'RNs & Covers September 2021'!B11 -> 4 | N7: =+'RNs & Covers September 2021'!C11 -> 65
A8: Bali Jimbaran | B8: =B7+1 -> 7 | C8: 9 | D8: 2021 | E8: ='FS Jimbaran September 2021'!P18 -> 13900 | F8: ='FS Jimbaran September 2021'!O18/'FS Jimbaran September 2021'!P18 -> 1180.6774 | G8: ='FS Jimbaran September 2021'!AG18 -> 50 | H8: ='FS Jimbaran September 2021'!AH18/'FS Jimbaran September 2021'!AG18 -> 14180 | I8: ='FS Jimbaran September 2021'!AJ18 -> 346.91 | J8: ='FS Jimbaran September 2021'!AK18/'FS Jimbaran September 2021'!AJ18 -> 9900 | K8: ='FS Jimbaran September 2021'!V18 -> 486 | L8: ='FS Jimbaran September 2021'!AA18/'FS Jimbaran September 2021'!V18 -> 6936.5688 | M8: =+'RNs & Covers September 2021'!B12 -> 4 | N8: =+'RNs & Covers September 2021'!C12 -> 56
A9: Bali Jimbaran | B9: =B8+1 -> 8 | C9: 9 | D9: 2021 | E9: ='FS Jimbaran September 2021'!P19 -> 13940 | F9: ='FS Jimbaran September 2021'!O19/'FS Jimbaran September 2021'!P19 -> 1182.7508 | G9: ='FS Jimbaran September 2021'!AG19 -> 50 | H9: ='FS Jimbaran September 2021'!AH19/'FS Jimbaran September 2021'!AG19 -> 14180 | I9: ='FS Jimbaran September 2021'!AJ19 -> 418.61 | J9: ='FS Jimbaran September 2021'!AK19/'FS Jimbaran September 2021'!AJ19 -> 9900 | K9: ='FS Jimbaran September 2021'!V19 -> 510 | L9: ='FS Jimbaran September 2021'!AA19/'FS Jimbaran September 2021'!V19 -> 6962.4501 | M9: =+'RNs & Covers September 2021'!B13 -> 3 | N9: =+'RNs & Covers September 2021'!C13 -> 58
A10: Bali Jimbaran | B10: =B9+1 -> 9 | C10: 9 | D10: 2021 | E10: ='FS Jimbaran September 2021'!P20 -> 13720 | F10: ='FS Jimbaran September 2021'!O20/'FS Jimbaran September 2021'!P20 -> 1179.5209 | G10: ='FS Jimbaran September 2021'!AG20 -> 62 | H10: ='FS Jimbaran September 2021'!AH20/'FS Jimbaran September 2021'!AG20 -> 13653.226 | I10: ='FS Jimbaran September 2021'!AJ20 -> 266.1 | J10: ='FS Jimbaran September 2021'!AK20/'FS Jimbaran September 2021'!AJ20 -> 9900 | K10: ='FS Jimbaran September 2021'!V20 -> 652 | L10: ='FS Jimbaran September 2021'!AA20/'FS Jimbaran September 2021'!V20 -> 7064.7479 | M10: =+'RNs & Covers September 2021'!B14 -> 2 | N10: =+'RNs & Covers September 2021'!C14 -> 61
A11: Bali Jimbaran | B11: =B10+1 -> 10 | C11: 9 | D11: 2021 | E11: ='FS Jimbaran September 2021'!P21 -> 13980 | F11: ='FS Jimbaran September 2021'!O21/'FS Jimbaran September 2021'!P21 -> 1181.7005 | G11: ='FS Jimbaran September 2021'!AG21 -> 112 | H11: ='FS Jimbaran September 2021'!AH21/'FS Jimbaran September 2021'!AG21 -> 13888.393 | I11: ='FS Jimbaran September 2021'!AJ21 -> 377.81 | J11: ='FS Jimbaran September 2021'!AK21/'FS Jimbaran September 2021'!AJ21 -> 9900 | K11: ='FS Jimbaran September 2021'!V21 -> 483 | L11: ='FS Jimbaran September 2021'!AA21/'FS Jimbaran September 2021'!V21 -> 8430.58 | M11: =+'RNs & Covers September 2021'!B15 -> 2 | N11: =+'RNs & Covers September 2021'!C15 -> 88
A12: Bali Jimbaran | B12: =B11+1 -> 11 | C12: 9 | D12: 2021 | E12: ='FS Jimbaran September 2021'!P22 -> 13360 | F12: ='FS Jimbaran September 2021'!O22/'FS Jimbaran September 2021'!P22 -> 1177.9284 | G12: ='FS Jimbaran September 2021'!AG22 -> 50 | H12: ='FS Jimbaran September 2021'!AH22/'FS Jimbaran September 2021'!AG22 -> 14180 | I12: ='FS Jimbaran September 2021'!AJ22 -> 178.34 | J12: ='FS Jimbaran September 2021'!AK22/'FS Jimbaran September 2021'!AJ22 -> 9900 | K12: ='FS Jimbaran September 2021'!V22 -> 365 | L12: ='FS Jimbaran September 2021'!AA22/'FS Jimbaran September 2021'!V22 -> 8575.5593 | M12: =+'RNs & Covers September 2021'!B16 -> 1 | N12: =+'RNs & Covers September 2021'!C16 -> 55
A13: Bali Jimbaran | B13: =B12+1 -> 12 | C13: 9 | D13: 2021 | E13: ='FS Jimbaran September 2021'!P23 -> 12800 | F13: ='FS Jimbaran September 2021'!O23/'FS Jimbaran September 2021'!P23 -> 1179.3326 | G13: ='FS Jimbaran September 2021'!AG23 -> 62 | H13: ='FS Jimbaran September 2021'!AH23/'FS Jimbaran September 2021'!AG23 -> 13653.226 | I13: ='FS Jimbaran September 2021'!AJ23 -> 178.73 | J13: ='FS Jimbaran September 2021'!AK23/'FS Jimbaran September 2021'!AJ23 -> 9900 | K13: ='FS Jimbaran September 2021'!V23 -> 533 | L13: ='FS Jimbaran September 2021'!AA23/'FS Jimbaran September 2021'!V23 -> 7064.7651 | M13: =+'RNs & Covers September 2021'!B17 -> 2 | N13: =+'RNs & Covers September 2021'!C17 -> 63
A14: Bali Jimbaran | B14: =B13+1 -> 13 | C14: 9 | D14: 2021 | E14: ='FS Jimbaran September 2021'!P24 -> 13100 | F14: ='FS Jimbaran September 2021'!O24/'FS Jimbaran September 2021'!P24 -> 1178.8916 | G14: ='FS Jimbaran September 2021'!AG24 -> 50 | H14: ='FS Jimbaran September 2021'!AH24/'FS Jimbaran September 2021'!AG24 -> 14180 | I14: ='FS Jimbaran September 2021'!AJ24 -> 447.21 | J14: ='FS Jimbaran September 2021'!AK24/'FS Jimbaran September 2021'!AJ24 -> 9900 | K14: ='FS Jimbaran September 2021'!V24 -> 464 | L14: ='FS Jimbaran September 2021'!AA24/'FS Jimbaran September 2021'!V24 -> 8154.1585 | M14: =+'RNs & Covers September 2021'!B18 -> 1 | N14: =+'RNs & Covers September 2021'!C18 -> 24
... A31: Bali Jimbaran | B31: =B30+1 -> 30 | C31: 9 | D31: 2021 | E31: ='FS Jimbaran September 2021'!P41 -> 13740 | F31: ='FS Jimbaran September 2021'!O41/'FS Jimbaran September 2021'!P41 -> 1178.5955 | G31: ='FS Jimbaran September 2021'!AG41 -> 112 | H31: ='FS Jimbaran September 2021'!AH41/'FS Jimbaran September 2021'!AG41 -> 13888.393 | I31: ='FS Jimbaran September 2021'!AJ41 -> 313.39 | J31: ='FS Jimbaran September 2021'!AK41/'FS Jimbaran September 2021'!AJ41 -> 9900 | K31: ='FS Jimbaran September 2021'!V41 -> 680 | L31: ='FS Jimbaran September 2021'!AA41/'FS Jimbaran September 2021'!V41 -> 7143.7748 | M31: =+'RNs & Covers September 2021'!B35 -> 11 | N31: =+'RNs & Covers September 2021'!C35 -> 80

Sheet FS Jimbaran September 2021
B6: Four Seasons Resort Bali at Jimbaran Bay
B7: SEPTEMBER 2021
B8: Date | C8: Room Nights | D8: Food Covers | E8: ELECTRICITY Resort, Sundara & Residences | V8: WATER | AC8: GAS
E9: Electricity Resort | J9: Electricity - Sundara | O9: Sub Total (Resort & Sundara) Cost (IDR) | P9: Sub Total (Resort & Sundara), KWh | Q9: Residences- Electricity KWh | R9: Residences- Electricity cost (IDR) | S9: TOTAL Electricity consumption (KWh) | T9: TOTAL Electricity cost | W9: Water (m3) | AA9: Total Water Cost | AC9: LPG | AJ9: Diesel
E10: BASED LOAD KWh (from 10 pm - 6 pm) | F10: Cost (IDR) | G10: PEAK LOAD KWh (from 6 pm - 10 pm) | H10: Cost (IDR) | I10: Resort Cost (IDR) | J10: BASED LOAD KWh (from 10 pm - 6 pm) | K10: Cost (IDR) | L10: PEAK LOAD KWh (from 6 pm - 10 pm) | M10: Cost (IDR) | N10: Sundara Cost (IDR) | T10: IDR | U10: USD | V10: Water consumption (m3) | W10: Municipal Water (m3) | X10: Municipal Water cost (IDR) | Y10: Deepwell Consumption (m3) | Z10: Deepwell water Cost (IDR) | AA10: IDR | AB10: USD | AC10: LPG Bulk (m3) | AD10: 50 Kg (tube) IVD & TW | AE10: Sundara 50 kg (tube) | AF10: 12 Kg (tube) | AG10: Total kg | AH10: IDR | AI10: USD | AJ10: Used (liters) | AK10: IDR | AL10: USD
B12: 1 | C12: 3 | D12: 48 | E12: 9880 | F12: 10745182 | G12: 2000 | H12: 3262707 | I12: =F12+H12 -> 14007889 | J12: 1360 | K12: 1479093.8 | L12: 360 | M12: 587287.26 | N12: =+K12+M12 -> 2066381.1 | O12: =N12+I12 -> 16074270 | P12: =L12+J12+G12+E12 -> 13600 | U12: 0 | V12: =Y12+W12 -> 368 | W12: 119 | X12: 2139084.9 | Y12: 249 | Z12: 1177303.9 | AA12: =Z12+X12 -> 3316388.8 | AB12: =AA12/$AL$47 -> 255.5769 | AC12: 0 | AD12: 0 | AE12: 50 | AF12: 0 | AG12: =+AE12+AF12 -> 50 | AH12: 709000 | AI12: =AH12/$AL$47 -> 54.638955 | AJ12: 425.47 | AK12: 4212153 | AL12: =AK12/$AL$47 -> 324.6088
B13: 2 | C13: 5 | D13: 43 | E13: 9600 | F13: 10440662 | G13: 1960 | H13: 3197452.9 | I13: =F13+H13 -> 13638115 | J13: 1360 | K13: 1479093.8 | L13: 340 | M13: 554660.19 | N13: =+K13+M13 -> 2033754 | O13: =N13+I13 -> 15671869 | P13: =L13+J13+G13+E13 -> 13260 | U13: 0 | V13: =Y13+W13 -> 731 | W13: 125 | X13: 2246896.1 | Y13: 606 | Z13: 2865245.7 | AA13: =Z13+X13 -> 5112141.8 | AB13: =AA13/$AL$47 -> 393.96628 | AC13: 0 | AD13: 0 | AE13: 50 | AF13: 0 | AG13: =+AE13+AF13 -> 50 | AH13: 709000 | AI13: =AH13/$AL$47 -> 54.638955 | AJ13: 313.69 | AK13: 3105531 | AL13: =AK13/$AL$47 -> 239.32718
B14: 3 | C14: 6 | D14: 84 | E14: 9680 | F14: 10527668 | G14: 2120 | H14: 3458469.4 | I14: =F14+H14 -> 13986137 | J14: 1360 | K14: 1479093.8 | L14: 400 | M14: 652541.4 | N14: =+K14+M14 -> 2131635.2 | O14: =N14+I14 -> 16117773 | P14: =L14+J14+G14+E14 -> 13560 | U14: 0 | V14: =Y14+W14 -> 621 | W14: 84 | X14: 1510186.1 | Y14: 537 | Z14: 2539004.9 | AA14: =Z14+X14 -> 4049191 | AB14: =AA14/$AL$47 -> 312.05016 | AC14: 0 | AD14: 0 | AE14: 100 | AF14: 12 | AG14: =+AE14+AF14 -> 112 | AH14: 1555500 | AI14: =AH14/$AL$47 -> 119.87432 | AJ14: 400.7 | AK14: 3966930 | AL14: =AK14/$AL$47 -> 305.71073
B15: 4 | C15: 5 | D15: 67 | E15: 10000 | F15: 10875690 | G15: 1960 | H15: 3197452.9 | I15: =F15+H15 -> 14073143 | J15: 1380 | K15: 1500845.2 | L15: 380 | M15: 619914.33 | N15: =+K15+M15 -> 2120759.5 | O15: =N15+I15 -> 16193902 | P15: =L15+J15+G15+E15 -> 13720 | U15: 0 | V15: =Y15+W15 -> 466 | W15: 0 | X15: 0 | Y15: 466 | Z15: 2203307.8 | AA15: =Z15+X15 -> 2203307.8 | AB15: =AA15/$AL$47 -> 169.79751 | AC15: 0 | AD15: 0 | AE15: 50 | AF15: 0 | AG15: =+AE15+AF15 -> 50 | AH15: 709000 | AI15: =AH15/$AL$47 -> 54.638955 | AJ15: 381.58 | AK15: 3777642 | AL15: =AK15/$AL$47 -> 291.12329
B16: 5 | C16: 5 | D16: 84 | E16: 9680 | F16: 10527668 | G16: 2160 | H16: 3523723.6 | I16: =F16+H16 -> 14051391 | J16: 1440 | K16: 1566099.4 | L16: 380 | M16: 619914.33 | N16: =+K16+M16 -> 2186013.7 | O16: =N16+I16 -> 16237405 | P16: =L16+J16+G16+E16 -> 13660 | U16: 0 | V16: =Y16+W16 -> 430 | W16: 98 | X16: 1761745.6 | Y16: 332 | Z16: 1569738.6 | AA16: =Z16+X16 -> 3331484.2 | AB16: =AA16/$AL$47 -> 256.74022 | AC16: 0 | AD16: 0 | AE16: 100 | AF16: 12 | AG16: =+AE16+AF16 -> 112 | AH16: 1555500 | AI16: =AH16/$AL$47 -> 119.87432 | AJ16: 347.23 | AK16: 3437577 | AL16: =AK16/$AL$47 -> 264.91624
B17: 6 | C17: 4 | D17: 65 | E17: 9880 | F17: 10745182 | G17: 1920 | H17: 3132198.7 | I17: =F17+H17 -> 13877380 | J17: 1420 | K17: 1544348 | L17: 380 | M17: 619914.33 | N17: =+K17+M17 -> 2164262.3 | O17: =N17+I17 -> 16041643 | P17: =L17+J17+G17+E17 -> 13600 | U17: 0 | V17: =Y17+W17 -> 598 | W17: 120 | X17: 2157053.4 | Y17: 478 | Z17: 2260045.3 | AA17: =Z17+X17 -> 4417098.7 | AB17: =AA17/$AL$47 -> 340.40291 | AC17: 0 | AD17: 0 | AE17: 50 | AF17: 12 | AG17: =+AE17+AF17 -> 62 | AH17: 846500 | AI17: =AH17/$AL$47 -> 65.235368 | AJ17: 380.97 | AK17: 3771603 | AL17: =AK17/$AL$47 -> 290.65789
B18: 7 | C18: 4 | D18: 56 | E18: 10120 | F18: 11006198 | G18: 2040 | H18: 3327961.1 | I18: =F18+H18 -> 14334159 | J18: 1400 | K18: 1522596.6 | L18: 340 | M18: 554660.19 | N18: =+K18+M18 -> 2077256.8 | O18: =N18+I18 -> 16411416 | P18: =L18+J18+G18+E18 -> 13900 | U18: 0 | V18: =Y18+W18 -> 486 | W18: 81 | X18: 1456280.5 | Y18: 405 | Z18: 1914891.9 | AA18: =Z18+X18 -> 3371172.4 | AB18: =AA18/$AL$47 -> 259.79879 | AC18: 0 | AD18: 0 | AE18: 50 | AF18: 0 | AG18: =+AE18+AF18 -> 50 | AH18: 709000 | AI18: =AH18/$AL$47 -> 54.638955 | AJ18: 346.91 | AK18: 3434409 | AL18: =AK18/$AL$47 -> 264.6721
B19: 8 | C19: 3 | D19: 58 | E19: 10160 | F19: 11049701 | G19: 2080 | H19: 3393215.3 | I19: =F19+H19 -> 14442916 | J19: 1340 | K19: 1457342.5 | L19: 360 | M19: 587287.26 | N19: =+K19+M19 -> 2044629.7 | O19: =N19+I19 -> 16487546 | P19: =L19+J19+G19+E19 -> 13940 | U19: 0 | V19: =Y19+W19 -> 510 | W19: 86 | X19: 1546123.2 | Y19: 424 | Z19: 2004726.4 | AA19: =Z19+X19 -> 3550849.6 | AB19: =AA19/$AL$47 -> 273.64557 | AC19: 0 | AD19: 0 | AE19: 50 | AF19: 0 | AG19: =+AE19+AF19 -> 50 | AH19: 709000 | AI19: =AH19/$AL$47 -> 54.638955 | AJ19: 418.61 | AK19: 4144239 | AL19: =AK19/$AL$47 -> 319.37502
B20: 9 | C20: 2 | D20: 61 | E20: 10000 | F20: 10875690 | G20: 1960 | H20: 3197452.9 | I20: =F20+H20 -> 14073143 | J20: 1400 | K20: 1522596.6 | L20: 360 | M20: 587287.26 | N20: =+K20+M20 -> 2109883.9 | O20: =N20+I20 -> 16183027 | P20: =L20+J20+G20+E20 -> 13720 | U20: 0 | V20: =Y20+W20 -> 652 | W20: 115 | X20: 2067210.8 | Y20: 537 | Z20: 2539004.9 | AA20: =Z20+X20 -> 4606215.6 | AB20: =AA20/$AL$47 -> 354.97716 | AC20: 0 | AD20: 0 | AE20: 50 | AF20: 12 | AG20: =+AE20+AF20 -> 62 | AH20: 846500 | AI20: =AH20/$AL$47 -> 65.235368 | AJ20: 266.1 | AK20: 2634390 | AL20: =AK20/$AL$47 -> 203.01878
B21: 10 | C21: 2 | D21: 88 | E21: 10160 | F21: 11049701 | G21: 2000 | H21: 3262707 | I21: =F21+H21 -> 14312408 | J21: 1400 | K21: 1522596.6 | L21: 420 | M21: 685168.47 | N21: =+K21+M21 -> 2207765.1 | O21: =N21+I21 -> 16520173 | P21: =L21+J21+G21+E21 -> 13980 | U21: 0 | V21: =Y21+W21 -> 483 | W21: 135 | X21: 2426581.5 | Y21: 348 | Z21: 1645388.6 | AA21: =Z21+X21 -> 4071970.1 | AB21: =AA21/$AL$47 -> 313.80563 | AC21: 0 | AD21: 0 | AE21: 100 | AF21: 12 | AG21: =+AE21+AF21 -> 112 | AH21: 1555500 | AI21: =AH21/$AL$47 -> 119.87432 | AJ21: 377.81 | AK21: 3740319 | AL21: =AK21/$AL$47 -> 288.247
B22: 11 | C22: 1 | D22: 55 | E22: 9800 | F22: 10658176 | G22: 1880 | H22: 3066944.6 | I22: =F22+H22 -> 13725121 | J22: 1340 | K22: 1457342.5 | L22: 340 | M22: 554660.19 | N22: =+K22+M22 -> 2012002.6 | O22: =N22+I22 -> 15737123 | P22: =L22+J22+G22+E22 -> 13360 | U22: 0 | V22: =Y22+W22 -> 365 | W22: 106 | X22: 1905493.9 | Y22: 259 | Z22: 1224585.2 | AA22: =Z22+X22 -> 3130079.1 | AB22: =AA22/$AL$47 -> 241.21898 | AC22: 0 | AD22: 0 | AE22: 50 | AF22: 0 | AG22: =+AE22+AF22 -> 50 | AH22: 709000 | AI22: =AH22/$AL$47 -> 54.638955 | AJ22: 178.34 | AK22: 1765566 | AL22: =AK22/$AL$47 -> 136.06302
B23: 12 | C23: 2 | D23: 63 | E23: 9360 | F23: 10179646 | G23: 1840 | H23: 3001690.4 | I23: =F23+H23 -> 13181336 | J23: 1280 | K23: 1392088.3 | L23: 320 | M23: 522033.12 | N23: =+K23+M23 -> 1914121.4 | O23: =N23+I23 -> 15095458 | P23: =L23+J23+G23+E23 -> 12800 | U23: 0 | V23: =Y23+W23 -> 533 | W23: 94 | X23: 1689871.5 | Y23: 439 | Z23: 2075648.3 | AA23: =Z23+X23 -> 3765519.8 | AB23: =AA23/$AL$47 -> 290.18909 | AC23: 0 | AD23: 0 | AE23: 50 | AF23: 12 | AG23: =+AE23+AF23 -> 62 | AH23: 846500 | AI23: =AH23/$AL$47 -> 65.235368 | AJ23: 178.73 | AK23: 1769427 | AL23: =AK23/$AL$47 -> 136.36057
... B29: 18 | C29: 6 | D29: 102 | E29: 10400 | F29: 11310718 | G29: 2000 | H29: 3262707 | I29: =F29+H29 -> 14573425 | J29: 1380 | K29: 1500845.2 | L29: 340 | M29: 554660.19 | N29: =+K29+M29 -> 2055505.4 | O29: =N29+I29 -> 16628930 | P29: =L29+J29+G29+E29 -> 14120 | U29: 0 | V29: =Y29+W29 -> 476 | W29: 119 | X29: 2139084.9 | Y29: 357 | Z29: 1687941.8 | AA29: =Z29+X29 -> 3827026.7 | AB29: =AA29/$AL$47 -> 294.92911 | AC29: 0 | AD29: 0 | AE29: 150 | AF29: 12 | AG29: =+AE29+AF29 -> 162 | AH29: 2264500 | AI29: =AH29/$AL$47 -> 174.51328 | AJ29: 186.4 | AK29: 1845360 | AL29: =AK29/$AL$47 -> 142.21233
B30: 19 | C30: 3 | D30: 91 | E30: 10120 | F30: 11006198 | G30: 2040 | H30: 3327961.1 | I30: =F30+H30 -> 14334159 | J30: 1300 | K30: 1413839.7 | L30: 340 | M30: 554660.19 | N30: =+K30+M30 -> 1968499.9 | O30: =N30+I30 -> 16302659 | P30: =L30+J30+G30+E30 -> 13800 | Q30: Refer to: | R30: Refer to: | U30: 0 | V30: =Y30+W30 -> 479 | W30: 119 | X30: 2139084.9 | Y30: 360 | Z30: 1702126.2 | AA30: =Z30+X30 -> 3841211.1 | AB30: =AA30/$AL$47 -> 296.02223 | AC30: 0 | AD30: 0 | AE30: 100 | AF30: 12 | AG30: =+AE30+AF30 -> 112 | AH30: 1555500 | AI30: =AH30/$AL$47 -> 119.87432 | AJ30: 196.75 | AK30: 1947825 | AL30: =AK30/$AL$47 -> 150.10878
B31: 20 | C31: 8 | D31: 42 | E31: 9800 | F31: 10658176 | G31: 2000 | H31: 3262707 | I31: =F31+H31 -> 13920883 | J31: 1240 | K31: 1348585.6 | L31: 320 | M31: 522033.12 | N31: =+K31+M31 -> 1870618.7 | O31: =N31+I31 -> 15791502 | P31: =L31+J31+G31+E31 -> 13360 | Q31: Residence Electricity'!A1 | R31: Residence Electricity'!A1 | U31: 0 | V31: =Y31+W31 -> 449 | W31: 115 | X31: 2067210.8 | Y31: 334 | Z31: 1579194.8 | AA31: =Z31+X31 -> 3646405.6 | AB31: =AA31/$AL$47 -> 281.00958 | AC31: 0 | AD31: 0 | AE31: 50 | AF31: 0 | AG31: =+AE31+AF31 -> 50 | AH31: 709000 | AI31: =AH31/$AL$47 -> 54.638955 | AJ31: 257.18 | AK31: 2546082 | AL31: =AK31/$AL$47 -> 196.21334
B32: 21 | C32: 9 | D32: 70 | E32: 10240 | F32: 11136707 | G32: 2000 | H32: 3262707 | I32: =F32+H32 -> 14399414 | J32: 1160 | K32: 1261580 | L32: 320 | M32: 522033.12 | N32: =+K32+M32 -> 1783613.2 | O32: =N32+I32 -> 16183027 | P32: =L32+J32+G32+E32 -> 13720 | U32: 0 | V32: =Y32+W32 -> 556 | W32: 121 | X32: 2175022 | Y32: 435 | Z32: 2056735.8 | AA32: =Z32+X32 -> 4231757.8 | AB32: =AA32/$AL$47 -> 326.11964 | AC32: 0 | AD32: 0 | AE32: 100 | AF32: 12 | AG32: =+AE32+AF32 -> 112 | AH32: 1555500 | AI32: =AH32/$AL$47 -> 119.87432 | AJ32: 212.57 | AK32: 2104443 | AL32: =AK32/$AL$47 -> 162.17851
B33: 22 | C33: 5 | D33: 93 | E33: 10560 | F33: 11484729 | G33: 2080 | H33: 3393215.3 | I33: =F33+H33 -> 14877944 | J33: 1180 | K33: 1283331.4 | L33: 300 | M33: 489406.05 | N33: =+K33+M33 -> 1772737.5 | O33: =N33+I33 -> 16650681 | P33: =L33+J33+G33+E33 -> 14120 | U33: 0 | V33: =Y33+W33 -> 672 | W33: 119 | X33: 2139084.9 | Y33: 553 | Z33: 2614654.9 | AA33: =Z33+X33 -> 4753739.8 | AB33: =AA33/$AL$47 -> 366.34609 | AC33: 0 | AD33: 0 | AE33: 100 | AF33: 12 | AG33: =+AE33+AF33 -> 112 | AH33: 1555500 | AI33: =AH33/$AL$47 -> 119.87432 | AJ33: 422.89 | AK33: 4186611 | AL33: =AK33/$AL$47 -> 322.64041
B34: 23 | C34: 3 | D34: 60 | E34: 10360 | F34: 11267215 | G34: 2000 | H34: 3262707 | I34: =F34+H34 -> 14529922 | J34: 1300 | K34: 1413839.7 | L34: 400 | M34: 652541.4 | N34: =+K34+M34 -> 2066381.1 | O34: =N34+I34 -> 16596303 | P34: =L34+J34+G34+E34 -> 14060 | U34: 0 | V34: =Y34+W34 -> 614 | W34: 118 | X34: 2121116.4 | Y34: 496 | Z34: 2345151.6 | AA34: =Z34+X34 -> 4466268 | AB34: =AA34/$AL$47 -> 344.19212 | AC34: 0 | AD34: 0 | AE34: 50 | AF34: 0 | AG34: =+AE34+AF34 -> 50 | AH34: 709000 | AI34: =AH34/$AL$47 -> 54.638955 | AJ34: 153.45 | AK34: 1519155 | AL34: =AK34/$AL$47 -> 117.0734
B35: 24 | C35: 6 | D35: 131 | E35: 10120 | F35: 11006198 | G35: 1960 | H35: 3197452.9 | I35: =F35+H35 -> 14203651 | J35: 1540 | K35: 1674856.3 | L35: 320 | M35: 522033.12 | N35: =+K35+M35 -> 2196889.4 | O35: =N35+I35 -> 16400541 | P35: =L35+J35+G35+E35 -> 13940 | U35: 0 | V35: =Y35+W35 -> 644 | W35: 120 | X35: 2157053.4 | Y35: 524 | Z35: 2477539.2 | AA35: =Z35+X35 -> 4634592.6 | AB35: =AA35/$AL$47 -> 357.16403 | AC35: 0 | AD35: 0 | AE35: 150 | AF35: 24 | AG35: =+AE35+AF35 -> 174 | AH35: 2402000 | AI35: =AH35/$AL$47 -> 185.10969 | AJ35: 427.63 | AK35: 4233537 | AL35: =AK35/$AL$47 -> 326.25675
B36: 25 | C36: 8 | D36: 128 | E36: 10040 | F36: 10919193 | G36: 1920 | H36: 3132198.7 | I36: =F36+H36 -> 14051391 | J36: 1200 | K36: 1305082.8 | L36: 320 | M36: 522033.12 | N36: =+K36+M36 -> 1827115.9 | O36: =N36+I36 -> 15878507 | P36: =L36+J36+G36+E36 -> 13480 | U36: 0 | V36: =Y36+W36 -> 616 | W36: 120 | X36: 2157053.4 | Y36: 496 | Z36: 2345151.6 | AA36: =Z36+X36 -> 4502205.1 | AB36: =AA36/$AL$47 -> 346.96161 | AC36: 0 | AD36: 0 | AE36: 150 | AF36: 24 | AG36: =+AE36+AF36 -> 174 | AH36: 2402000 | AI36: =AH36/$AL$47 -> 185.10969 | AJ36: 175.31 | AK36: 1735569 | AL36: =AK36/$AL$47 -> 133.75131
B37: 26 | C37: 5 | D37: 117 | E37: 9880 | F37: 10745182 | G37: 2040 | H37: 3327961.1 | I37: =F37+H37 -> 14073143 | J37: 1400 | K37: 1522596.6 | L37: 400 | M37: 652541.4 | N37: =+K37+M37 -> 2175138 | O37: =N37+I37 -> 16248281 | P37: =L37+J37+G37+E37 -> 13720 | U37: 0 | V37: =Y37+W37 -> 656 | W37: 120 | X37: 2157053.4 | Y37: 536 | Z37: 2534276.7 | AA37: =Z37+X37 -> 4691330.2 | AB37: =AA37/$AL$47 -> 361.5365 | AC37: 0 | AD37: 0 | AE37: 150 | AF37: 24 | AG37: =+AE37+AF37 -> 174 | AH37: 2402000 | AI37: =AH37/$AL$47 -> 185.10969 | AJ37: 221.07 | AK37: 2188593 | AL37: =AK37/$AL$47 -> 168.66352
B38: 27 | C38: 6 | D38: 88 | E38: 9760 | F38: 10614673 | G38: 1960 | H38: 3197452.9 | I38: =F38+H38 -> 13812126 | J38: 1480 | K38: 1609602.1 | L38: 340 | M38: 554660.19 | N38: =+K38+M38 -> 2164262.3 | O38: =N38+I38 -> 15976389 | P38: =L38+J38+G38+E38 -> 13540 | U38: 0 | V38: =Y38+W38 -> 642 | W38: 121 | X38: 2175022 | Y38: 521 | Z38: 2463354.8 | AA38: =Z38+X38 -> 4638376.8 | AB38: =AA38/$AL$47 -> 357.45566 | AC38: 0 | AD38: 0 | AE38: 100 | AF38: 12 | AG38: =+AE38+AF38 -> 112 | AH38: 1555500 | AI38: =AH38/$AL$47 -> 119.87432 | AJ38: 307.45 | AK38: 3043755 | AL38: =AK38/$AL$47 -> 234.56642
B39: 28 | C39: 7 | D39: 99 | E39: 9600 | F39: 10440662 | G39: 1960 | H39: 3197452.9 | I39: =F39+H39 -> 13638115 | J39: 1380 | K39: 1500845.2 | L39: 400 | M39: 652541.4 | N39: =+K39+M39 -> 2153386.6 | O39: =N39+I39 -> 15791502 | P39: =L39+J39+G39+E39 -> 13340 | U39: 0 | V39: =Y39+W39 -> 667 | W39: 120 | X39: 2157053.4 | Y39: 547 | Z39: 2586286.1 | AA39: =Z39+X39 -> 4743339.6 | AB39: =AA39/$AL$47 -> 365.5446 | AC39: 0 | AD39: 0 | AE39: 100 | AF39: 12 | AG39: =+AE39+AF39 -> 112 | AH39: 1555500 | AI39: =AH39/$AL$47 -> 119.87432 | AJ39: 258.05 | AK39: 2554695 | AL39: =AK39/$AL$47 -> 196.8771
B40: 29 | C40: 9 | D40: 52 | E40: 10000 | F40: 10875690 | G40: 2080 | H40: 3393215.3 | I40: =F40+H40 -> 14268905 | J40: 1160 | K40: 1261580 | L40: 300 | M40: 489406.05 | N40: =+K40+M40 -> 1750986.1 | O40: =N40+I40 -> 16019891 | P40: =L40+J40+G40+E40 -> 13540 | U40: 0 | V40: =Y40+W40 -> 697 | W40: 120 | X40: 2157053.4 | Y40: 577 | Z40: 2728130 | AA40: =Z40+X40 -> 4885183.4 | AB40: =AA40/$AL$47 -> 376.47577 | AC40: 0 | AD40: 0 | AE40: 100 | AF40: 0 | AG40: =+AE40+AF40 -> 100 | AH40: 1418000 | AI40: =AH40/$AL$47 -> 109.27791 | AJ40: 335.35 | AK40: 3319965 | AL40: =AK40/$AL$47 -> 255.85249
B41: 30 | C41: 11 | D41: 80 | E41: 10200 | F41: 11093204 | G41: 2000 | H41: 3262707 | I41: =F41+H41 -> 14355911 | J41: 1240 | K41: 1348585.6 | L41: 300 | M41: 489406.05 | N41: =+K41+M41 -> 1837991.6 | O41: =N41+I41 -> 16193902 | P41: =L41+J41+G41+E41 -> 13740 | U41: 0 | V41: =Y41+W41 -> 680 | W41: 124 | X41: 2228927.6 | Y41: 556 | Z41: 2628839.3 | AA41: =Z41+X41 -> 4857766.9 | AB41: =AA41/$AL$47 -> 374.36292 | AC41: 0 | AD41: 0 | AE41: 100 | AF41: 12 | AG41: =+AE41+AF41 -> 112 | AH41: 1555500 | AI41: =AH41/$AL$47 -> 119.87432 | AJ41: 313.39 | AK41: 3102561 | AL41: =AK41/$AL$47 -> 239.0983
C46: =SUM(C12:C42) -> 158 | D46: =SUM(D12:D42) -> 2137 | E46: =SUM(E12:E42) -> 299200 | F46: =SUM(F12:F42) -> 3.2540064e+08 | G46: =SUM(G12:G42) -> 59640 | H46: =SUM(H12:H42) -> 97293923 | I46: =SUM(I12:I42) -> 4.2269457e+08 | J46: =SUM(J12:J42) -> 39540 | ... P46: =SUM(P12:P42) -> 408800 | Q46: =+'Residence Electricity'!D26 -> 35318 | R46: =+'Residence Electricity'!D27 -> 59921967 | S46: =Q46+P46 -> 444118 | T46: =R46+O46 -> 5.4261772e+08 | U46: =T46/AL47 -> 41816.735 | V46: =SUM(V12:V41) -> 16515 | W46: =SUM(W12:W41) -> 3318 | X46: =SUM(X12:X41) -> 59643647 | Y46: =SUM(Y12:Y41) -> 13197 | Z46: =SUM(Z12:Z41) -> 62397108 | AA46: =SUM(AA12:AA41) -> 1.2204076e+08 | AB46: =AA46/$AL$47 -> 9405.0485 | AC46: =SUM(AC12:AC41) -> 0 | AD46: =SUM(AD12:AD41) -> 0 | AE46: =SUM(AE12:AE41) -> 2400 | AF46: =SUM(AF12:AF41) -> 228 | AG46: =SUM(AG12:AG41) -> 2628 | AH46: =SUM(AH12:AH42) -> 36644500 | AI46: =AH46/$AL$47 -> 2824.0017 | AJ46: =SUM(AJ12:AJ42) -> 9001.46 | AK46: =SUM(AK12:AK42) -> 89114454 | AL46: =AK46/AL47 -> 6867.5891
T47: kWh rate | U47: =U46/S46 -> 0.094156812 | V47: m3/RNs | AL47: 12976.09

Sheet RNs & Covers September 2021
A1: Four Seasons Resort Bali at Jimbaran Bay
A2: 44440
A3: Date | B3: Room Nights | C3: Food Covers
A6: 1 | B6: 3 | C6: 48
A7: 2 | B7: 5 | C7: 43
A8: =A7+1 -> 3 | B8: 6 | C8: 84
A9: =A8+1 -> 4 | B9: 5 | C9: 67
A10: =A9+1 -> 5 | B10: 5 | C10: 84
A11: =A10+1 -> 6 | B11: 4 | C11: 65
A12: =A11+1 -> 7 | B12: 4 | C12: 56
A13: =A12+1 -> 8 | B13: 3 | C13: 58
A14: =A13+1 -> 9 | B14: 2 | C14: 61
A15: =A14+1 -> 10 | B15: 2 | C15: 88
A16: =A15+1 -> 11 | B16: 1 | C16: 55
A17: =A16+1 -> 12 | B17: 2 | C17: 63
A18: =A17+1 -> 13 | B18: 1 | C18: 24
A19: =A18+1 -> 14 | B19: 13 | C19: 50
... A35: =A34+1 -> 30 | B35: 11 | C35: 80
B37: =SUM(B6:B35) -> 158 | C37: =SUM(C6:C35) -> 2137

Sheet Residence Electricity
B6: Office & Pantry | C6: Unit (KWh) - bill Estate Common | D6: 2150
C7: Charge | D7: 3261410
B8: Residence 001 | C8: Unit (KWh) - bill Estate 1 | D8: 4933
C9: Charge | D9: 8195711
B10: Residence 002 | C10: Unit (KWh) - bill Estate 2 | D10: 1184
C11: Charge | D11: 3522178
B12: Residence 003 | C12: Unit (KWh) - bill Estate 3 | D12: 6706
C13: Charge | D13: 11141382
B14: Residence 005 | C14: Unit (KWh) - bill Estate 4 | D14: 3476
C15: Charge | D15: 5775044
B16: Residence 006 | C16: Unit (KWh)-bill Estate 5 | D16: 2604
C17: Charge | D17: 4326299
B18: Residence 007 | C18: Unit (KWh)-bill Estate 6 | D18: 2899
C19: Charge | D19: 4816413
B20: Residence 008 | C20: Unit (KWh)-bill Estate 7 | D20: 2502
C21: Charge | D21: 4156835
B22: Residence 009 | C22: Unit (KWh)-bill Estate 8 | D22: 6067
C23: Charge | D23: 10079745
B24: Residence 010 | C24: Unit (KWh)-billa Estate 9 | D24: 2797
C25: Charge | D25: 4646950
B26: Total KWh | D26: =+D6+D8+D10+D12+D14+D16+D18+D20+D22+D24 -> 35318
B27: Total Charge | D27: =+D7+D9+D11+D13+D15+D17+D19+D21+D23+D25 -> 59921967
