Workbook

Sheet TOTAL
A1: Site Name | B1: Day | C1: Month | D1: Year | E1: Total Electricity Kwh | F1: Electricity Tariff ($/Kwh) | G1: LPG (Kg) | H1: LPG $/Kg | I1: Water Utility Supply (m3) m3 | J1: Water Utility Supply (m3) $/m3 | K1: Irrigation Water (m3) m3 | L1: Irrigation water $/m3 | M1: Room Nights | N1: Total Guests
A2: Dubai at Jumeirah Beach | B2: 1 | C2: 10 | D2: 2021 | E2: =Submetering!M2+Submetering!N2+Submetering!O2+Submetering!P2+Submetering!Q2+Submetering!R2+Submetering!S2+Submetering!T2+Submetering!U2+Submetering!V2 -> 61143.6 | F2: 0.44448 | G2: =Submetering!Z2+Submetering!AA2+Submetering!AB2 -> 330.75 | H2: =1.69/0.52 -> 3.25 | I2: =Submetering!G2 -> 765 | J2: 13.83 | K2: =Submetering!I2 -> 331 | L2: 1.2 | M2: =Submetering!E2 -> 173.01 | N2: =Submetering!F2 -> 276
A3: Dubai at Jumeirah Beach | B3: =B2+1 -> 2 | C3: 10 | D3: 2021 | E3: =Submetering!M3+Submetering!N3+Submetering!O3+Submetering!P3+Submetering!Q3+Submetering!R3+Submetering!S3+Submetering!T3+Submetering!U3+Submetering!V3 -> 59438.4 | F3: 0.44448 | G3: =Submetering!Z3+Submetering!AA3+Submetering!AB3 -> 334.53 | H3: =1.69/0.52 -> 3.25 | I3: =Submetering!G3 -> 697 | J3: 13.83 | K3: =Submetering!I3 -> 489 | L3: 1.2 | M3: =Submetering!E3 -> 144.57 | N3: =Submetering!F3 -> 241
A4: Dubai at Jumeirah Beach | B4: =B3+1 -> 3 | C4: 10 | D4: 2021 | E4: =Submetering!M4+Submetering!N4+Submetering!O4+Submetering!P4+Submetering!Q4+Submetering!R4+Submetering!S4+Submetering!T4+Submetering!U4+Submetering!V4 -> 51204.72 | F4: 0.44448 | G4: =Submetering!Z4+Submetering!AA4+Submetering!AB4 -> 332.64 | H4: =1.69/0.52 -> 3.25 | I4: =Submetering!G4 -> 711 | J4: 13.83 | K4: =Submetering!I4 -> 423 | L4: 1.2 | M4: =Submetering!E4 -> 118.5 | N4: =Submetering!F4 -> 195
A5: Dubai at Jumeirah Beach | B5: =B4+1 -> 4 | C5: 10 | D5: 2021 | E5: =Submetering!M5+Submetering!N5+Submetering!O5+Submetering!P5+Submetering!Q5+Submetering!R5+Submetering!S5+Submetering!T5+Submetering!U5+Submetering!V5 -> 52666.32 | F5: 0.44448 | G5: =Submetering!Z5+Submetering!AA5+Submetering!AB5 -> 340.2 | H5: =1.69/0.52 -> 3.25 | I5: =Submetering!G5 -> 574 | J5: 13.83 | K5: =Submetering!I5 -> 367 | L5: 1.2 | M5: =Submetering!E5 -> 116.13 | N5: =Submetering!F5 -> 177
A6: Dubai at Jumeirah Beach | B6: =B5+1 -> 5 | C6: 10 | D6: 2021 | E6: =Submetering!M6+Submetering!N6+Submetering!O6+Submetering!P6+Submetering!Q6+Submetering!R6+Submetering!S6+Submetering!T6+Submetering!U6+Submetering!V6 -> 54030.48 | F6: 0.44448 | G6: =Submetering!Z6+Submetering!AA6+Submetering!AB6 -> 336.42 | H6: =1.69/0.52 -> 3.25 | I6: =Submetering!G6 -> 810 | J6: 13.83 | K6: =Submetering!I6 -> 478 | L6: 1.2 | M6: =Submetering!E6 -> 132.72 | N6: =Submetering!F6 -> 198
A7: Dubai at Jumeirah Beach | B7: =B6+1 -> 6 | C7: 10 | D7: 2021 | E7: =Submetering!M7+Submetering!N7+Submetering!O7+Submetering!P7+Submetering!Q7+Submetering!R7+Submetering!S7+Submetering!T7+Submetering!U7+Submetering!V7 -> 53104.8 | F7: 0.44448 | G7: =Submetering!Z7+Submetering!AA7+Submetering!AB7 -> 345.87 | H7: =1.69/0.52 -> 3.25 | I7: =Submetering!G7 -> 792 | J7: 13.83 | K7: =Submetering!I7 -> 418 | L7: 1.2 | M7: =Submetering!E7 -> 151.68 | N7: =Submetering!F7 -> 203
A8: Dubai at Jumeirah Beach | B8: =B7+1 -> 7 | C8: 10 | D8: 2021 | E8: =Submetering!M8+Submetering!N8+Submetering!O8+Submetering!P8+Submetering!Q8+Submetering!R8+Submetering!S8+Submetering!T8+Submetering!U8+Submetering!V8 -> 0 | F8: 0.44448 | G8: =Submetering!Z8+Submetering!AA8+Submetering!AB8 -> 0 | H8: =1.69/0.52 -> 3.25 | I8: =Submetering!G8 -> 0 | J8: 13.83 | K8: =Submetering!I8 -> 0 | L8: 1.2 | M8: =Submetering!E8 -> 0 | N8: =Submetering!F8 -> 249
A9: Dubai at Jumeirah Beach | B9: =B8+1 -> 8 | C9: 10 | D9: 2021 | E9: =Submetering!M9+Submetering!N9+Submetering!O9+Submetering!P9+Submetering!Q9+Submetering!R9+Submetering!S9+Submetering!T9+Submetering!U9+Submetering!V9 -> 0 | F9: 0.44448 | G9: =Submetering!Z9+Submetering!AA9+Submetering!AB9 -> 0 | H9: =1.69/0.52 -> 3.25 | I9: =Submetering!G9 -> 0 | J9: 13.83 | K9: =Submetering!I9 -> 0 | L9: 1.2 | M9: =Submetering!E9 -> 0 | N9: =Submetering!F9 -> 0
A10: Dubai at Jumeirah Beach | B10: =B9+1 -> 9 | C10: 10 | D10: 2021 | E10: =Submetering!M10+Submetering!N10+Submetering!O10+Submetering!P10+Submetering!Q10+Submetering!R10+Submetering!S10+Submetering!T10+Submetering!U10+Submetering!V10 -> 0 | F10: 0.44448 | G10: =Submetering!Z10+Submetering!AA10+Submetering!AB10 -> 0 | H10: =1.69/0.52 -> 3.25 | I10: =Submetering!G10 -> 0 | J10: 13.83 | K10: =Submetering!I10 -> 0 | L10: 1.2 | M10: =Submetering!E10 -> 0 | N10: =Submetering!F10 -> 0
A11: Dubai at Jumeirah Beach | B11: =B10+1 -> 10 | C11: 10 | D11: 2021 | E11: =Submetering!M11+Submetering!N11+Submetering!O11+Submetering!P11+Submetering!Q11+Submetering!R11+Submetering!S11+Submetering!T11+Submetering!U11+Submetering!V11 -> 0 | F11: 0.44448 | G11: =Submetering!Z11+Submetering!AA11+Submetering!AB11 -> 0 | H11: =1.69/0.52 -> 3.25 | I11: =Submetering!G11 -> 0 | J11: 13.83 | K11: =Submetering!I11 -> 0 | L11: 1.2 | M11: =Submetering!E11 -> 0 | N11: =Submetering!F11 -> 0
A12: Dubai at Jumeirah Beach | B12: =B11+1 -> 11 | C12: 10 | D12: 2021 | E12: =Submetering!M12+Submetering!N12+Submetering!O12+Submetering!P12+Submetering!Q12+Submetering!R12+Submetering!S12+Submetering!T12+Submetering!U12+Submetering!V12 -> 0 | F12: 0.44448 | G12: =Submetering!Z12+Submetering!AA12+Submetering!AB12 -> 0 | H12: =1.69/0.52 -> 3.25 | I12: =Submetering!G12 -> 0 | J12: 13.83 | K12: =Submetering!I12 -> 0 | L12: 1.2 | M12: =Submetering!E12 -> 0 | N12: =Submetering!F12 -> 0
A13: Dubai at Jumeirah Beach | B13: =B12+1 -> 12 | C13: 10 | D13: 2021 | E13: =Submetering!M13+Submetering!N13+Submetering!O13+Submetering!P13+Submetering!Q13+Submetering!R13+Submetering!S13+Submetering!T13+Submetering!U13+Submetering!V13 -> 0 | F13: 0.44448 | G13: =Submetering!Z13+Submetering!AA13+Submetering!AB13 -> 0 | H13: =1.69/0.52 -> 3.25 | I13: =Submetering!G13 -> 0 | J13: 13.83 | K13: =Submetering!I13 -> 0 | L13: 1.2 | M13: =Submetering!E13 -> 0 | N13: =Submetering!F13 -> 0
A14: Dubai at Jumeirah Beach | B14: =B13+1 -> 13 | C14: 10 | D14: 2021 | E14: =Submetering!M14+Submetering!N14+Submetering!O14+Submetering!P14+Submetering!Q14+Submetering!R14+Submetering!S14+Submetering!T14+Submetering!U14+Submetering!V14 -> 0 | F14: 0.44448 | G14: =Submetering!Z14+Submetering!AA14+Submetering!AB14 -> 0 | H14: =1.69/0.52 -> 3.25 | I14: =Submetering!G14 -> 0 | J14: 13.83 | K14: =Submetering!I14 -> 0 | L14: 1.2 | M14: =Submetering!E14 -> 0 | N14: =Submetering!F14 -> 0
... A31: Dubai at Jumeirah Beach | B31: =B30+1 -> 30 | C31: 10 | D31: 2021 | E31: =Submetering!M31+Submetering!N31+Submetering!O31+Submetering!P31+Submetering!Q31+Submetering!R31+Submetering!S31+Submetering!T31+Submetering!U31+Submetering!V31 -> 0 | F31: 0.44448 | G31: =Submetering!Z31+Submetering!AA31+Submetering!AB31 -> 0 | H31: =1.69/0.52 -> 3.25 | I31: =Submetering!G31 -> 0 | J31: 13.83 | K31: =Submetering!I31 -> 0 | L31: 1.2 | M31: =Submetering!E31 -> 0 | N31: =Submetering!F31 -> 0
A32: Dubai at Jumeirah Beach | B32: 31 | C32: 10 | D32: 2021 | E32: =Submetering!M32+Submetering!N32+Submetering!O32+Submetering!P32+Submetering!Q32+Submetering!R32+Submetering!S32+Submetering!T32+Submetering!U32+Submetering!V32 -> 0 | F32: 0.44448 | G32: =Submetering!Z32+Submetering!AA32+Submetering!AB32 -> 0 | H32: =1.69/0.52 -> 3.25 | I32: =Submetering!G32 -> 0 | J32: 13.83 | K32: =Submetering!I32 -> 0 | L32: 1.2 | M32: =Submetering!E32 -> 0 | N32: =Submetering!F32 -> 0

Sheet Submetering
A1: Site Name | B1: Day | C1: Month | D1: Year | E1: Room Nights | F1: Total Guests | G1: Potable Water -IG (m3) | H1: Resort Water (m3) | I1: Tse Water (m3) | J1: Irrigation (m3) | K1: Cooling Tower Water (m3) | L1: Cooling Tower Blowdown (m3) | M1: EMDB-1 All Pumps (KWh) | N1: EMDB-2 Elevators (KWh) | O1: MDB-1 Chiller #1 (KWh) | P1: MDB-2 Chiller #2 (KWh) | Q1: MDB-3 Chiller #3(KWh) | R1: MDB-4 North Riser (KWh) | S1: MDB-5 North Riser (KWh) | T1: MDB-6 Main Kitchen (KWh) | U1: MDB-7 South Riser (KWh) | V1: MDB-8 F&B (KWh) | W1: Chiller 1 (Kwh cooling) | X1: Chiller 2 (Kwh cooling) | Y1: Chiller 3 (Kwh cooling) | Z1: Steam Boiler LPG (Kg) | AA1: Solar Hot Water Boiler LPG (Kg) | AB1: Low Temp Hot Water Boiler LPG (Kg) | AC1: Steam Boiler Steam (Kg) | AD1: Ird Kitchen (Kg) | AE1: Suq Kitchen (Kg) | AF1: Bakery Kitchen (Kg) | AG1: Shai Saloon Kitchen (kg) | AH1: Banquet Kitchen (Kg) | AI1: Sea Fu Kitchen (Kg) | AJ1: Jean George Cold Water (m³) | AK1: Jean George Hot Water (m³) | AL1: Coya Cold Water (m³) | AM1: Coya Hot Water (m³) | AN1: Nusrat Cold Water (m³) | AO1: Nusrat Hot Water (m³) | AP1: Provocateur Cold Water (m³) | AQ1: Provocateur Hot Water (m³) | AR1: Scalini Cold Water (m³) | AS1: Scalini Hot Water (m³) | AT1: F&B V Irrigation (m³) | AU1: MDB Coya (KWh) | AV1: MDB Jean Georges (KWh) | AW1: MDB Nusrat(KWh) | AX1: SMDB Provocateur (KWh) | AY1: SMDB Scalini (KWh) | AZ1: Common ESMDB (KWh) | BA1: Chilled Water Coya (Kwh) | BB1: Chilled Water Coya Cold Room (Kwh) | BC1: Chilled Water Jean Georges (Kwh) | BD1: Chilled Water Nusrat (Kwh) | BE1: Chilled Water Provocateur A (Kwh) | BF1: Chilled Water Provocateur B (Kwh) | BG1: Coya LPG (Kg) | BH1: Nusrat LPG (Kg) | BI1: Jean Georges LPG (Kg) | BJ1: Provocateur LPG (Kg) | BK1: Scalini LPG (Kg)
A2: Dubai at Jumeirah Beach | B2: 1 | C2: 10 | D2: 2021 | E2: =237*0.73 -> 173.01 | F2: =259+17 -> 276 | G2: ='DJB Daily Readings'!C10-'DJB Daily Readings'!C9 -> 765 | H2: ='DJB Daily Readings'!F10-'DJB Daily Readings'!F9 -> 417 | I2: ='DJB Daily Readings'!K10-'DJB Daily Readings'!K9 -> 331 | J2: ='DJB Daily Readings'!K10-'DJB Daily Readings'!K9 -> 331 | K2: ='DJB Daily Readings'!O10-'DJB Daily Readings'!O9 -> 271.21 | L2: ='DJB Daily Readings'!R10-'DJB Daily Readings'!R9 -> 42 | M2: ='DJB Daily Readings'!U10-'DJB Daily Readings'!U9 -> 4141.2 | N2: ='DJB Daily Readings'!X10-'DJB Daily Readings'!X9 -> 4725.84 | O2: ='DJB Daily Readings'!AA10-'DJB Daily Readings'!AA9 -> 14274.96 | P2: ='DJB Daily Readings'!AD10-'DJB Daily Readings'!AD9 -> 12374.88 | Q2: ='DJB Daily Readings'!AG10-'DJB Daily Readings'!AG9 -> 779.52 | R2: ='DJB Daily Readings'!AJ10-'DJB Daily Readings'!AJ9 -> 6333.6 | S2: ='DJB Daily Readings'!AM10-'DJB Daily Readings'!AM9 -> 4969.44 | T2: ='DJB Daily Readings'!AP10-'DJB Daily Readings'!AP9 -> 4287.36 | U2: ='DJB Daily Readings'!AS10-'DJB Daily Readings'!AS9 -> 3556.56 | V2: ='DJB Daily Readings'!AV10-'DJB Daily Readings'!AV9 -> 5700.24 | W2: ='DJB Daily Readings'!AZ10-'DJB Daily Readings'!AZ9 -> 68600 | X2: ='DJB Daily Readings'!BC10-'DJB Daily Readings'!BC9 -> 65400 | Y2: ='DJB Daily Readings'!BF10-'DJB Daily Readings'!BF9 -> 0 | Z2: =('DJB Daily Readings'!CK10-'DJB Daily Readings'!CK9)*1.89 -> 177.66 | AA2: =('DJB Daily Readings'!CN10-'DJB Daily Readings'!CN9)*1.89 -> 153.09 | AB2: =('DJB Daily Readings'!CQ10-'DJB Daily Readings'!CQ9)*1.89 -> 0 | AC2: ='DJB Daily Readings'!CT10-'DJB Daily Readings'!CT9 -> 195 | AD2: =('DJB Daily Readings'!BY10-'DJB Daily Readings'!BY9)*1.89 -> 34.02 | AE2: =('DJB Daily Readings'!CA10-'DJB Daily Readings'!CA9)*1.89 -> 37.8 | AF2: =('DJB Daily Readings'!CC10-'DJB Daily Readings'!CC9)*1.89 -> 13.23 | AG2: =('DJB Daily Readings'!CE10-'DJB Daily Readings'!CE9)*1.89 -> 18.9 | AH2: =('DJB Daily Readings'!CG10-'DJB Daily Readings'!CG9)*1.89 -> 32.13 | AI2: =('DJB Daily Readings'!CI10-'DJB Daily Readings'!CI9)*1.89 -> 56.7 | AJ2: ='DJB Daily Readings'!CY10-'DJB Daily Readings'!CY9 -> 9 | AK2: ='DJB Daily Readings'!CW10-'DJB Daily Readings'!CW9 -> 9 | AL2: ='DJB Daily Readings'!DC10-'DJB Daily Readings'!DC9 -> 19 | AM2: ='DJB Daily Readings'!DA10-'DJB Daily Readings'!DA9 -> 18 | AN2: ='DJB Daily Readings'!DG10-'DJB Daily Readings'!DG9 -> 11 | AO2: ='DJB Daily Readings'!DE10-'DJB Daily Readings'!DE9 -> 7 | AP2: ='DJB Daily Readings'!DK10-'DJB Daily Readings'!DK9 -> 15 | AQ2: ='DJB Daily Readings'!DI10-'DJB Daily Readings'!DI9 -> 8 | AR2: ='DJB Daily Readings'!DO10-'DJB Daily Readings'!DO9 -> 6 | AS2: ='DJB Daily Readings'!DM10-'DJB Daily Readings'!DM9 -> 10 | AT2: ='DJB Daily Readings'!DQ10-'DJB Daily Readings'!DQ9 -> 0 | AU2: ='DJB Daily Readings'!DT10-'DJB Daily Readings'!DT9 -> 11 | AW2: ='DJB Daily Readings'!DX10-'DJB Daily Readings'!DX9 -> 7.7 | AX2: ='DJB Daily Readings'!DZ10-'DJB Daily Readings'!DZ9 -> 5.9 | AY2: ='DJB Daily Readings'!EB10-'DJB Daily Readings'!EB9 -> 886 | AZ2: ='DJB Daily Readings'!ED10-'DJB Daily Readings'!ED9 -> 155.9 | BA2: ='DJB Daily Readings'!EG10-'DJB Daily Readings'!EG9 -> 11100 | BB2: ='DJB Daily Readings'!EI10-'DJB Daily Readings'!EI9 -> 530 | BC2: ='DJB Daily Readings'!EQ10-'DJB Daily Readings'!EQ9 -> 11800 | BD2: ='DJB Daily Readings'!EK10-'DJB Daily Readings'!EK9 -> 4500 | BE2: ='DJB Daily Readings'!EM10-'DJB Daily Readings'!EM9 -> 2200 | BF2: ='DJB Daily Readings'!EO10-'DJB Daily Readings'!EO9 -> 1220 | BG2: =('DJB Daily Readings'!ET10-'DJB Daily Readings'!ET9)*1.89 -> 30.24 | BH2: =('DJB Daily Readings'!EV10-'DJB Daily Readings'!EV9)*1.89 -> 24.57 | BI2: =('DJB Daily Readings'!EZ10-'DJB Daily Readings'!EZ9)*1.89 -> 34.02 | BJ2: =('DJB Daily Readings'!EX10-'DJB Daily Readings'!EX9)*1.89 -> 30.24 | BK2: =('DJB Daily Readings'!FB10-'DJB Daily Readings'!FB9)*1.89 -> 66.15
A3: Dubai at Jumeirah Beach | B3: =B2+1 -> 2 | C3: 10 | D3: 2021 | E3: =237*0.61 -> 144.57 | F3: =221+20 -> 241 | G3: ='DJB Daily Readings'!C11-'DJB Daily Readings'!C10 -> 697 | H3: ='DJB Daily Readings'!F11-'DJB Daily Readings'!F10 -> 324 | I3: ='DJB Daily Readings'!K11-'DJB Daily Readings'!K10 -> 489 | J3: ='DJB Daily Readings'!K11-'DJB Daily Readings'!K10 -> 489 | K3: ='DJB Daily Readings'!O11-'DJB Daily Readings'!O10 -> 264.55 | L3: ='DJB Daily Readings'!R11-'DJB Daily Readings'!R10 -> 43 | M3: ='DJB Daily Readings'!U11-'DJB Daily Readings'!U10 -> 4189.92 | N3: ='DJB Daily Readings'!X11-'DJB Daily Readings'!X10 -> 4823.28 | O3: ='DJB Daily Readings'!AA11-'DJB Daily Readings'!AA10 -> 11059.44 | P3: ='DJB Daily Readings'!AD11-'DJB Daily Readings'!AD10 -> 12910.8 | Q3: ='DJB Daily Readings'!AG11-'DJB Daily Readings'!AG10 -> 1607.76 | R3: ='DJB Daily Readings'!AJ11-'DJB Daily Readings'!AJ10 -> 6236.16 | S3: ='DJB Daily Readings'!AM11-'DJB Daily Readings'!AM10 -> 4774.56 | T3: ='DJB Daily Readings'!AP11-'DJB Daily Readings'!AP10 -> 4092.48 | U3: ='DJB Daily Readings'!AS11-'DJB Daily Readings'!AS10 -> 3069.36 | V3: ='DJB Daily Readings'!AV11-'DJB Daily Readings'!AV10 -> 6674.64 | W3: ='DJB Daily Readings'!AZ11-'DJB Daily Readings'!AZ10 -> 57600 | X3: ='DJB Daily Readings'!BC11-'DJB Daily Readings'!BC10 -> 69400 | Y3: ='DJB Daily Readings'!BF11-'DJB Daily Readings'!BF10 -> 0 | Z3: =('DJB Daily Readings'!CK11-'DJB Daily Readings'!CK10)*1.89 -> 181.44 | AA3: =('DJB Daily Readings'!CN11-'DJB Daily Readings'!CN10)*1.89 -> 153.09 | AB3: =('DJB Daily Readings'!CQ11-'DJB Daily Readings'!CQ10)*1.89 -> 0 | AC3: ='DJB Daily Readings'!CT11-'DJB Daily Readings'!CT10 -> 190 | AD3: =('DJB Daily Readings'!BY11-'DJB Daily Readings'!BY10)*1.89 -> 34.02 | AE3: =('DJB Daily Readings'!CA11-'DJB Daily Readings'!CA10)*1.89 -> 32.13 | AF3: =('DJB Daily Readings'!CC11-'DJB Daily Readings'!CC10)*1.89 -> 13.23 | AG3: =('DJB Daily Readings'!CE11-'DJB Daily Readings'!CE10)*1.89 -> 18.9 | AH3: =('DJB Daily Readings'!CG11-'DJB Daily Readings'!CG10)*1.89 -> 26.46 | AI3: =('DJB Daily Readings'!CI11-'DJB Daily Readings'!CI10)*1.89 -> 54.81 | AJ3: ='DJB Daily Readings'!CY11-'DJB Daily Readings'!CY10 -> 6 | AK3: ='DJB Daily Readings'!CW11-'DJB Daily Readings'!CW10 -> 7 | AL3: ='DJB Daily Readings'!DC11-'DJB Daily Readings'!DC10 -> 14 | AM3: ='DJB Daily Readings'!DA11-'DJB Daily Readings'!DA10 -> 12 | AN3: ='DJB Daily Readings'!DG11-'DJB Daily Readings'!DG10 -> 7 | AO3: ='DJB Daily Readings'!DE11-'DJB Daily Readings'!DE10 -> 7 | AP3: ='DJB Daily Readings'!DK11-'DJB Daily Readings'!DK10 -> 16 | AQ3: ='DJB Daily Readings'!DI11-'DJB Daily Readings'!DI10 -> 8 | AR3: ='DJB Daily Readings'!DO11-'DJB Daily Readings'!DO10 -> 7 | AS3: ='DJB Daily Readings'!DM11-'DJB Daily Readings'!DM10 -> 8 | AT3: ='DJB Daily Readings'!DQ11-'DJB Daily Readings'!DQ10 -> 0 | AU3: ='DJB Daily Readings'!DT11-'DJB Daily Readings'!DT10 -> 10.1 | AW3: ='DJB Daily Readings'!DX11-'DJB Daily Readings'!DX10 -> 7.7 | AX3: ='DJB Daily Readings'!DZ11-'DJB Daily Readings'!DZ10 -> 12.2 | AY3: ='DJB Daily Readings'!EB11-'DJB Daily Readings'!EB10 -> 768 | AZ3: ='DJB Daily Readings'!ED11-'DJB Daily Readings'!ED10 -> 153 | BA3: ='DJB Daily Readings'!EG11-'DJB Daily Readings'!EG10 -> 8600 | BB3: ='DJB Daily Readings'!EI11-'DJB Daily Readings'!EI10 -> 360 | BC3: ='DJB Daily Readings'!EQ11-'DJB Daily Readings'!EQ10 -> 8000 | BD3: ='DJB Daily Readings'!EK11-'DJB Daily Readings'!EK10 -> 3500 | BE3: ='DJB Daily Readings'!EM11-'DJB Daily Readings'!EM10 -> 1000 | BF3: ='DJB Daily Readings'!EO11-'DJB Daily Readings'!EO10 -> 900 | BG3: =('DJB Daily Readings'!ET11-'DJB Daily Readings'!ET10)*1.89 -> 26.46 | BH3: =('DJB Daily Readings'!EV11-'DJB Daily Readings'!EV10)*1.89 -> 20.79 | BI3: =('DJB Daily Readings'!EZ11-'DJB Daily Readings'!EZ10)*1.89 -> 34.02 | BJ3: =('DJB Daily Readings'!EX11-'DJB Daily Readings'!EX10)*1.89 -> 32.13 | BK3: =('DJB Daily Readings'!FB11-'DJB Daily Readings'!FB10)*1.89 -> 64.26
A4: Dubai at Jumeirah Beach | B4: =B3+1 -> 3 | C4: 10 | D4: 2021 | E4: =237*0.5 -> 118.5 | F4: =179+16 -> 195 | G4: ='DJB Daily Readings'!C12-'DJB Daily Readings'!C11 -> 711 | H4: ='DJB Daily Readings'!F12-'DJB Daily Readings'!F11 -> 314 | I4: ='DJB Daily Readings'!K12-'DJB Daily Readings'!K11 -> 423 | J4: ='DJB Daily Readings'!K12-'DJB Daily Readings'!K11 -> 423 | K4: ='DJB Daily Readings'!O12-'DJB Daily Readings'!O11 -> 234.09 | L4: ='DJB Daily Readings'!R12-'DJB Daily Readings'!R11 -> 50 | M4: ='DJB Daily Readings'!U12-'DJB Daily Readings'!U11 -> 2630.88 | N4: ='DJB Daily Readings'!X12-'DJB Daily Readings'!X11 -> 4628.4 | O4: ='DJB Daily Readings'!AA12-'DJB Daily Readings'!AA11 -> 7941.36 | P4: ='DJB Daily Readings'!AD12-'DJB Daily Readings'!AD11 -> 10572.24 | Q4: ='DJB Daily Readings'!AG12-'DJB Daily Readings'!AG11 -> 1364.16 | R4: ='DJB Daily Readings'!AJ12-'DJB Daily Readings'!AJ11 -> 6138.72 | S4: ='DJB Daily Readings'!AM12-'DJB Daily Readings'!AM11 -> 4579.68 | T4: ='DJB Daily Readings'!AP12-'DJB Daily Readings'!AP11 -> 4043.76 | U4: ='DJB Daily Readings'!AS12-'DJB Daily Readings'!AS11 -> 3069.36 | V4: ='DJB Daily Readings'!AV12-'DJB Daily Readings'!AV11 -> 6236.16 | W4: ='DJB Daily Readings'!AZ12-'DJB Daily Readings'!AZ11 -> 37900 | X4: ='DJB Daily Readings'!BC12-'DJB Daily Readings'!BC11 -> 52900 | Y4: ='DJB Daily Readings'!BF12-'DJB Daily Readings'!BF11 -> 5900 | Z4: =('DJB Daily Readings'!CK12-'DJB Daily Readings'!CK11)*1.89 -> 175.77 | AA4: =('DJB Daily Readings'!CN12-'DJB Daily Readings'!CN11)*1.89 -> 156.87 | AB4: =('DJB Daily Readings'!CQ12-'DJB Daily Readings'!CQ11)*1.89 -> 0 | AC4: ='DJB Daily Readings'!CT12-'DJB Daily Readings'!CT11 -> 192 | AD4: =('DJB Daily Readings'!BY12-'DJB Daily Readings'!BY11)*1.89 -> 34.02 | AE4: =('DJB Daily Readings'!CA12-'DJB Daily Readings'!CA11)*1.89 -> 32.13 | AF4: =('DJB Daily Readings'!CC12-'DJB Daily Readings'!CC11)*1.89 -> 11.34 | AG4: =('DJB Daily Readings'!CE12-'DJB Daily Readings'!CE11)*1.89 -> 17.01 | AH4: =('DJB Daily Readings'!CG12-'DJB Daily Readings'!CG11)*1.89 -> 26.46 | AI4: =('DJB Daily Readings'!CI12-'DJB Daily Readings'!CI11)*1.89 -> 49.14 | AJ4: ='DJB Daily Readings'!CY12-'DJB Daily Readings'!CY11 -> 5 | AK4: ='DJB Daily Readings'!CW12-'DJB Daily Readings'!CW11 -> 4 | AL4: ='DJB Daily Readings'!DC12-'DJB Daily Readings'!DC11 -> 18 | AM4: ='DJB Daily Readings'!DA12-'DJB Daily Readings'!DA11 -> 12 | AN4: ='DJB Daily Readings'!DG12-'DJB Daily Readings'!DG11 -> 7 | AO4: ='DJB Daily Readings'!DE12-'DJB Daily Readings'!DE11 -> 7 | AP4: ='DJB Daily Readings'!DK12-'DJB Daily Readings'!DK11 -> 9 | AQ4: ='DJB Daily Readings'!DI12-'DJB Daily Readings'!DI11 -> 7 | AR4: ='DJB Daily Readings'!DO12-'DJB Daily Readings'!DO11 -> 7 | AS4: ='DJB Daily Readings'!DM12-'DJB Daily Readings'!DM11 -> 4 | AT4: ='DJB Daily Readings'!DQ12-'DJB Daily Readings'!DQ11 -> 0 | AU4: ='DJB Daily Readings'!DT12-'DJB Daily Readings'!DT11 -> 9.8 | AW4: ='DJB Daily Readings'!DX12-'DJB Daily Readings'!DX11 -> 7.5 | AX4: ='DJB Daily Readings'!DZ12-'DJB Daily Readings'!DZ11 -> 11.4 | AY4: ='DJB Daily Readings'!EB12-'DJB Daily Readings'!EB11 -> 704 | AZ4: ='DJB Daily Readings'!ED12-'DJB Daily Readings'!ED11 -> 152.1 | BA4: ='DJB Daily Readings'!EG12-'DJB Daily Readings'!EG11 -> 4100 | BB4: ='DJB Daily Readings'!EI12-'DJB Daily Readings'!EI11 -> 420 | BC4: ='DJB Daily Readings'!EQ12-'DJB Daily Readings'!EQ11 -> 7000 | BD4: ='DJB Daily Readings'!EK12-'DJB Daily Readings'!EK11 -> 1900 | BE4: ='DJB Daily Readings'!EM12-'DJB Daily Readings'!EM11 -> 800 | BF4: ='DJB Daily Readings'!EO12-'DJB Daily Readings'!EO11 -> 620 | BG4: =('DJB Daily Readings'!ET12-'DJB Daily Readings'!ET11)*1.89 -> 24.57 | BH4: =('DJB Daily Readings'!EV12-'DJB Daily Readings'!EV11)*1.89 -> 24.57 | BI4: =('DJB Daily Readings'!EZ12-'DJB Daily Readings'!EZ11)*1.89 -> 32.13 | BJ4: =('DJB Daily Readings'!EX12-'DJB Daily Readings'!EX11)*1.89 -> 22.68 | BK4: =('DJB Daily Readings'!FB12-'DJB Daily Readings'!FB11)*1.89 -> 56.7
A5: Dubai at Jumeirah Beach | B5: =B4+1 -> 4 | C5: 10 | D5: 2021 | E5: =237*0.49 -> 116.13 | F5: =162+15 -> 177 | G5: ='DJB Daily Readings'!C13-'DJB Daily Readings'!C12 -> 574 | H5: ='DJB Daily Readings'!F13-'DJB Daily Readings'!F12 -> 298 | I5: ='DJB Daily Readings'!K13-'DJB Daily Readings'!K12 -> 367 | J5: ='DJB Daily Readings'!K13-'DJB Daily Readings'!K12 -> 367 | K5: ='DJB Daily Readings'!O13-'DJB Daily Readings'!O12 -> 221.29 | L5: ='DJB Daily Readings'!R13-'DJB Daily Readings'!R12 -> 38 | M5: ='DJB Daily Readings'!U13-'DJB Daily Readings'!U12 -> 2582.16 | N5: ='DJB Daily Readings'!X13-'DJB Daily Readings'!X12 -> 4823.28 | O5: ='DJB Daily Readings'!AA13-'DJB Daily Readings'!AA12 -> 8331.12 | P5: ='DJB Daily Readings'!AD13-'DJB Daily Readings'!AD12 -> 11449.2 | Q5: ='DJB Daily Readings'!AG13-'DJB Daily Readings'!AG12 -> 1071.84 | R5: ='DJB Daily Readings'!AJ13-'DJB Daily Readings'!AJ12 -> 6041.28 | S5: ='DJB Daily Readings'!AM13-'DJB Daily Readings'!AM12 -> 4774.56 | T5: ='DJB Daily Readings'!AP13-'DJB Daily Readings'!AP12 -> 4287.36 | U5: ='DJB Daily Readings'!AS13-'DJB Daily Readings'!AS12 -> 3118.08 | V5: ='DJB Daily Readings'!AV13-'DJB Daily Readings'!AV12 -> 6187.44 | W5: ='DJB Daily Readings'!AZ13-'DJB Daily Readings'!AZ12 -> 42700 | X5: ='DJB Daily Readings'!BC13-'DJB Daily Readings'!BC12 -> 57600 | Y5: ='DJB Daily Readings'!BF13-'DJB Daily Readings'!BF12 -> 0 | Z5: =('DJB Daily Readings'!CK13-'DJB Daily Readings'!CK12)*1.89 -> 177.66 | AA5: =('DJB Daily Readings'!CN13-'DJB Daily Readings'!CN12)*1.89 -> 162.54 | AB5: =('DJB Daily Readings'!CQ13-'DJB Daily Readings'!CQ12)*1.89 -> 0 | AC5: ='DJB Daily Readings'!CT13-'DJB Daily Readings'!CT12 -> 201 | AD5: =('DJB Daily Readings'!BY13-'DJB Daily Readings'!BY12)*1.89 -> 34.02 | AE5: =('DJB Daily Readings'!CA13-'DJB Daily Readings'!CA12)*1.89 -> 34.02 | AF5: =('DJB Daily Readings'!CC13-'DJB Daily Readings'!CC12)*1.89 -> 11.34 | AG5: =('DJB Daily Readings'!CE13-'DJB Daily Readings'!CE12)*1.89 -> 18.9 | AH5: =('DJB Daily Readings'!CG13-'DJB Daily Readings'!CG12)*1.89 -> 20.79 | AI5: =('DJB Daily Readings'!CI13-'DJB Daily Readings'!CI12)*1.89 -> 52.92 | AJ5: ='DJB Daily Readings'!CY13-'DJB Daily Readings'!CY12 -> 3 | AK5: ='DJB Daily Readings'!CW13-'DJB Daily Readings'!CW12 -> 6 | AL5: ='DJB Daily Readings'!DC13-'DJB Daily Readings'!DC12 -> 15 | AM5: ='DJB Daily Readings'!DA13-'DJB Daily Readings'!DA12 -> 12 | AN5: ='DJB Daily Readings'!DG13-'DJB Daily Readings'!DG12 -> 7 | AO5: ='DJB Daily Readings'!DE13-'DJB Daily Readings'!DE12 -> 7 | AP5: ='DJB Daily Readings'!DK13-'DJB Daily Readings'!DK12 -> 6 | AQ5: ='DJB Daily Readings'!DI13-'DJB Daily Readings'!DI12 -> 5 | AR5: ='DJB Daily Readings'!DO13-'DJB Daily Readings'!DO12 -> 7 | AS5: ='DJB Daily Readings'!DM13-'DJB Daily Readings'!DM12 -> 3 | AT5: ='DJB Daily Readings'!DQ13-'DJB Daily Readings'!DQ12 -> 10 | AU5: ='DJB Daily Readings'!DT13-'DJB Daily Readings'!DT12 -> 9.7 | AW5: ='DJB Daily Readings'!DX13-'DJB Daily Readings'!DX12 -> 6.8 | AX5: ='DJB Daily Readings'!DZ13-'DJB Daily Readings'!DZ12 -> 10.9 | AY5: ='DJB Daily Readings'!EB13-'DJB Daily Readings'!EB12 -> 638 | AZ5: ='DJB Daily Readings'!ED13-'DJB Daily Readings'!ED12 -> 149.5 | BA5: ='DJB Daily Readings'!EG13-'DJB Daily Readings'!EG12 -> 7500 | BB5: ='DJB Daily Readings'!EI13-'DJB Daily Readings'!EI12 -> 510 | BC5: ='DJB Daily Readings'!EQ13-'DJB Daily Readings'!EQ12 -> 9500 | BD5: ='DJB Daily Readings'!EK13-'DJB Daily Readings'!EK12 -> 3400 | BE5: ='DJB Daily Readings'!EM13-'DJB Daily Readings'!EM12 -> 800 | BF5: ='DJB Daily Readings'!EO13-'DJB Daily Readings'!EO12 -> 880 | BG5: =('DJB Daily Readings'!ET13-'DJB Daily Readings'!ET12)*1.89 -> 28.35 | BH5: =('DJB Daily Readings'!EV13-'DJB Daily Readings'!EV12)*1.89 -> 22.68 | BI5: =('DJB Daily Readings'!EZ13-'DJB Daily Readings'!EZ12)*1.89 -> 30.24 | BJ5: =('DJB Daily Readings'!EX13-'DJB Daily Readings'!EX12)*1.89 -> 20.79 | BK5: =('DJB Daily Readings'!FB13-'DJB Daily Readings'!FB12)*1.89 -> 60.48
A6: Dubai at Jumeirah Beach | B6: =B5+1 -> 5 | C6: 10 | D6: 2021 | E6: =237*0.56 -> 132.72 | F6: =182+16 -> 198 | G6: ='DJB Daily Readings'!C14-'DJB Daily Readings'!C13 -> 810 | H6: ='DJB Daily Readings'!F14-'DJB Daily Readings'!F13 -> 306 | I6: ='DJB Daily Readings'!K14-'DJB Daily Readings'!K13 -> 478 | J6: ='DJB Daily Readings'!K14-'DJB Daily Readings'!K13 -> 478 | K6: ='DJB Daily Readings'!O14-'DJB Daily Readings'!O13 -> 221.84 | L6: ='DJB Daily Readings'!R14-'DJB Daily Readings'!R13 -> 31 | M6: ='DJB Daily Readings'!U14-'DJB Daily Readings'!U13 -> 2533.44 | N6: ='DJB Daily Readings'!X14-'DJB Daily Readings'!X13 -> 4725.84 | O6: ='DJB Daily Readings'!AA14-'DJB Daily Readings'!AA13 -> 8477.28 | P6: ='DJB Daily Readings'!AD14-'DJB Daily Readings'!AD13 -> 12764.64 | Q6: ='DJB Daily Readings'!AG14-'DJB Daily Readings'!AG13 -> 1218 | R6: ='DJB Daily Readings'!AJ14-'DJB Daily Readings'!AJ13 -> 5748.96 | S6: ='DJB Daily Readings'!AM14-'DJB Daily Readings'!AM13 -> 4579.68 | T6: ='DJB Daily Readings'!AP14-'DJB Daily Readings'!AP13 -> 4092.48 | U6: ='DJB Daily Readings'!AS14-'DJB Daily Readings'!AS13 -> 3459.12 | V6: ='DJB Daily Readings'!AV14-'DJB Daily Readings'!AV13 -> 6431.04 | W6: ='DJB Daily Readings'!AZ14-'DJB Daily Readings'!AZ13 -> 43300 | X6: ='DJB Daily Readings'!BC14-'DJB Daily Readings'!BC13 -> 63400 | Y6: ='DJB Daily Readings'!BF14-'DJB Daily Readings'!BF13 -> 0 | Z6: =('DJB Daily Readings'!CK14-'DJB Daily Readings'!CK13)*1.89 -> 179.55 | AA6: =('DJB Daily Readings'!CN14-'DJB Daily Readings'!CN13)*1.89 -> 156.87 | AB6: =('DJB Daily Readings'!CQ14-'DJB Daily Readings'!CQ13)*1.89 -> 0 | AC6: ='DJB Daily Readings'!CT14-'DJB Daily Readings'!CT13 -> 207 | AD6: =('DJB Daily Readings'!BY14-'DJB Daily Readings'!BY13)*1.89 -> 32.13 | AE6: =('DJB Daily Readings'!CA14-'DJB Daily Readings'!CA13)*1.89 -> 34.02 | AF6: =('DJB Daily Readings'!CC14-'DJB Daily Readings'!CC13)*1.89 -> 11.34 | AG6: =('DJB Daily Readings'!CE14-'DJB Daily Readings'!CE13)*1.89 -> 18.9 | AH6: =('DJB Daily Readings'!CG14-'DJB Daily Readings'!CG13)*1.89 -> 24.57 | AI6: =('DJB Daily Readings'!CI14-'DJB Daily Readings'!CI13)*1.89 -> 47.25 | AJ6: ='DJB Daily Readings'!CY14-'DJB Daily Readings'!CY13 -> 7 | AK6: ='DJB Daily Readings'!CW14-'DJB Daily Readings'!CW13 -> 7 | AL6: ='DJB Daily Readings'!DC14-'DJB Daily Readings'!DC13 -> 18 | AM6: ='DJB Daily Readings'!DA14-'DJB Daily Readings'!DA13 -> 13 | AN6: ='DJB Daily Readings'!DG14-'DJB Daily Readings'!DG13 -> 7 | AO6: ='DJB Daily Readings'!DE14-'DJB Daily Readings'!DE13 -> 8 | AP6: ='DJB Daily Readings'!DK14-'DJB Daily Readings'!DK13 -> 6 | AQ6: ='DJB Daily Readings'!DI14-'DJB Daily Readings'!DI13 -> 8 | AR6: ='DJB Daily Readings'!DO14-'DJB Daily Readings'!DO13 -> 7 | AS6: ='DJB Daily Readings'!DM14-'DJB Daily Readings'!DM13 -> 5 | AT6: ='DJB Daily Readings'!DQ14-'DJB Daily Readings'!DQ13 -> 5 | AU6: ='DJB Daily Readings'!DT14-'DJB Daily Readings'!DT13 -> 10 | AW6: ='DJB Daily Readings'!DX14-'DJB Daily Readings'!DX13 -> 7.1 | AX6: ='DJB Daily Readings'!DZ14-'DJB Daily Readings'!DZ13 -> 11.1 | AY6: ='DJB Daily Readings'!EB14-'DJB Daily Readings'!EB13 -> 658 | AZ6: ='DJB Daily Readings'!ED14-'DJB Daily Readings'!ED13 -> 153.3 | BA6: ='DJB Daily Readings'!EG14-'DJB Daily Readings'!EG13 -> 6900 | BB6: ='DJB Daily Readings'!EI14-'DJB Daily Readings'!EI13 -> 460 | BC6: ='DJB Daily Readings'!EQ14-'DJB Daily Readings'!EQ13 -> 8500 | BD6: ='DJB Daily Readings'!EK14-'DJB Daily Readings'!EK13 -> 3000 | BE6: ='DJB Daily Readings'!EM14-'DJB Daily Readings'!EM13 -> 800 | BF6: ='DJB Daily Readings'!EO14-'DJB Daily Readings'!EO13 -> 790 | BG6: =('DJB Daily Readings'!ET14-'DJB Daily Readings'!ET13)*1.89 -> 30.24 | BH6: =('DJB Daily Readings'!EV14-'DJB Daily Readings'!EV13)*1.89 -> 22.68 | BI6: =('DJB Daily Readings'!EZ14-'DJB Daily Readings'!EZ13)*1.89 -> 30.24 | BJ6: =('DJB Daily Readings'!EX14-'DJB Daily Readings'!EX13)*1.89 -> 24.57 | BK6: =('DJB Daily Readings'!FB14-'DJB Daily Readings'!FB13)*1.89 -> 56.7
A7: Dubai at Jumeirah Beach | B7: =B6+1 -> 6 | C7: 10 | D7: 2021 | E7: =237*0.64 -> 151.68 | F7: =186+17 -> 203 | G7: ='DJB Daily Readings'!C15-'DJB Daily Readings'!C14 -> 792 | H7: ='DJB Daily Readings'!F15-'DJB Daily Readings'!F14 -> 330 | I7: ='DJB Daily Readings'!K15-'DJB Daily Readings'!K14 -> 418 | J7: ='DJB Daily Readings'!K15-'DJB Daily Readings'!K14 -> 418 | K7: ='DJB Daily Readings'!O15-'DJB Daily Readings'!O14 -> 224.28 | L7: ='DJB Daily Readings'!R15-'DJB Daily Readings'!R14 -> 39 | M7: ='DJB Daily Readings'!U15-'DJB Daily Readings'!U14 -> 2484.72 | N7: ='DJB Daily Readings'!X15-'DJB Daily Readings'!X14 -> 4774.56 | O7: ='DJB Daily Readings'!AA15-'DJB Daily Readings'!AA14 -> 8720.88 | P7: ='DJB Daily Readings'!AD15-'DJB Daily Readings'!AD14 -> 11595.36 | Q7: ='DJB Daily Readings'!AG15-'DJB Daily Readings'!AG14 -> 1120.56 | R7: ='DJB Daily Readings'!AJ15-'DJB Daily Readings'!AJ14 -> 5992.56 | S7: ='DJB Daily Readings'!AM15-'DJB Daily Readings'!AM14 -> 4579.68 | T7: ='DJB Daily Readings'!AP15-'DJB Daily Readings'!AP14 -> 4189.92 | U7: ='DJB Daily Readings'!AS15-'DJB Daily Readings'!AS14 -> 3507.84 | V7: ='DJB Daily Readings'!AV15-'DJB Daily Readings'!AV14 -> 6138.72 | W7: ='DJB Daily Readings'!AZ15-'DJB Daily Readings'!AZ14 -> 44900 | X7: ='DJB Daily Readings'!BC15-'DJB Daily Readings'!BC14 -> 57500 | Y7: ='DJB Daily Readings'!BF15-'DJB Daily Readings'!BF14 -> 0 | Z7: =('DJB Daily Readings'!CK15-'DJB Daily Readings'!CK14)*1.89 -> 181.44 | AA7: =('DJB Daily Readings'!CN15-'DJB Daily Readings'!CN14)*1.89 -> 164.43 | AB7: =('DJB Daily Readings'!CQ15-'DJB Daily Readings'!CQ14)*1.89 -> 0 | AC7: ='DJB Daily Readings'!CT15-'DJB Daily Readings'!CT14 -> 195 | AD7: =('DJB Daily Readings'!BY15-'DJB Daily Readings'!BY14)*1.89 -> 34.02 | AE7: =('DJB Daily Readings'!CA15-'DJB Daily Readings'!CA14)*1.89 -> 34.02 | AF7: =('DJB Daily Readings'!CC15-'DJB Daily Readings'!CC14)*1.89 -> 11.34 | AG7: =('DJB Daily Readings'!CE15-'DJB Daily Readings'!CE14)*1.89 -> 17.01 | AH7: =('DJB Daily Readings'!CG15-'DJB Daily Readings'!CG14)*1.89 -> 26.46 | AI7: =('DJB Daily Readings'!CI15-'DJB Daily Readings'!CI14)*1.89 -> 51.03 | AJ7: ='DJB Daily Readings'!CY15-'DJB Daily Readings'!CY14 -> 7 | AK7: ='DJB Daily Readings'!CW15-'DJB Daily Readings'!CW14 -> 8 | AL7: ='DJB Daily Readings'!DC15-'DJB Daily Readings'!DC14 -> 17 | AM7: ='DJB Daily Readings'!DA15-'DJB Daily Readings'!DA14 -> 14 | AN7: ='DJB Daily Readings'!DG15-'DJB Daily Readings'!DG14 -> 7 | AO7: ='DJB Daily Readings'!DE15-'DJB Daily Readings'!DE14 -> 7 | AP7: ='DJB Daily Readings'!DK15-'DJB Daily Readings'!DK14 -> 8 | AQ7: ='DJB Daily Readings'!DI15-'DJB Daily Readings'!DI14 -> 9 | AR7: ='DJB Daily Readings'!DO15-'DJB Daily Readings'!DO14 -> 8 | AS7: ='DJB Daily Readings'!DM15-'DJB Daily Readings'!DM14 -> 5 | AT7: ='DJB Daily Readings'!DQ15-'DJB Daily Readings'!DQ14 -> 6 | AU7: ='DJB Daily Readings'!DT15-'DJB Daily Readings'!DT14 -> 10.4 | AW7: ='DJB Daily Readings'!DX15-'DJB Daily Readings'!DX14 -> 7.3 | AX7: ='DJB Daily Readings'!DZ15-'DJB Daily Readings'!DZ14 -> 11.1 | AY7: ='DJB Daily Readings'!EB15-'DJB Daily Readings'!EB14 -> 717 | AZ7: ='DJB Daily Readings'!ED15-'DJB Daily Readings'!ED14 -> 149.8 | BA7: ='DJB Daily Readings'!EG15-'DJB Daily Readings'!EG14 -> 7400 | BB7: ='DJB Daily Readings'!EI15-'DJB Daily Readings'!EI14 -> 490 | BC7: ='DJB Daily Readings'!EQ15-'DJB Daily Readings'!EQ14 -> 9100 | BD7: ='DJB Daily Readings'!EK15-'DJB Daily Readings'!EK14 -> 3200 | BE7: ='DJB Daily Readings'!EM15-'DJB Daily Readings'!EM14 -> 900 | BF7: ='DJB Daily Readings'!EO15-'DJB Daily Readings'!EO14 -> 870 | BG7: =('DJB Daily Readings'!ET15-'DJB Daily Readings'!ET14)*1.89 -> 30.24 | BH7: =('DJB Daily Readings'!EV15-'DJB Daily Readings'!EV14)*1.89 -> 20.79 | BI7: =('DJB Daily Readings'!EZ15-'DJB Daily Readings'!EZ14)*1.89 -> 34.02 | BJ7: =('DJB Daily Readings'!EX15-'DJB Daily Readings'!EX14)*1.89 -> 24.57 | BK7: =('DJB Daily Readings'!FB15-'DJB Daily Readings'!FB14)*1.89 -> 60.48
A8: Dubai at Jumeirah Beach | B8: =B7+1 -> 7 | C8: 10 | D8: 2021 | F8: =221+28 -> 249
A9: Dubai at Jumeirah Beach | B9: =B8+1 -> 8 | C9: 10 | D9: 2021
A10: Dubai at Jumeirah Beach | B10: =B9+1 -> 9 | C10: 10 | D10: 2021
A11: Dubai at Jumeirah Beach | B11: =B10+1 -> 10 | C11: 10 | D11: 2021
A12: Dubai at Jumeirah Beach | B12: =B11+1 -> 11 | C12: 10 | D12: 2021
A13: Dubai at Jumeirah Beach | B13: =B12+1 -> 12 | C13: 10 | D13: 2021
A14: Dubai at Jumeirah Beach | B14: =B13+1 -> 13 | C14: 10 | D14: 2021
A15: Dubai at Jumeirah Beach | B15: =B14+1 -> 14 | C15: 10 | D15: 2021
A16: Dubai at Jumeirah Beach | B16: =B15+1 -> 15 | C16: 10 | D16: 2021
A17: Dubai at Jumeirah Beach | B17: =B16+1 -> 16 | C17: 10 | D17: 2021
A18: Dubai at Jumeirah Beach | B18: =B17+1 -> 17 | C18: 10 | D18: 2021
A19: Dubai at Jumeirah Beach | B19: =B18+1 -> 18 | C19: 10 | D19: 2021
A20: Dubai at Jumeirah Beach | B20: =B19+1 -> 19 | C20: 10 | D20: 2021
... A31: Dubai at Jumeirah Beach | B31: =B30+1 -> 30 | C31: 10 | D31: 2021
A32: Dubai at Jumeirah Beach | B32: 31 | C32: 10 | D32: 2021

Sheet DJB Daily Readings
A6: Daily Water Consumption January 2020 | U6: Electricity Daily Consumption January 2020 | AZ6: Chiller BTU Meter Reading January 2020 | BV6: Lpg Daily Consumption January 2020 | CW6: F& B Village Daily Water Meter Reading 2020 | DT6: F & B Electrical Daily Reading January 2020 | EG6: F & B Village Chilled Water Reading January 2020 | ET6: F & B Village Daily Lpg Reading January 2020
A7: Date | B7: Daily Occupancy % | C7: Potable Water meter Reading -M³ | F7: Resort Water Meter Reading M³ | I7: Tse Water meter Reading M³ | K7: Irrigation Water Meter Reading M³ | M7: Domestic Water For Irrigation M³ | O7: Cooling Tower Meter ReadingM³ | R7: Cooling Tower Blowdown Reading | U7: EMDB-1 All Pumps | X7: EMDB-2 Elevators | AA7: MDB-1 Chiller # 1 | AD7: MDB-2 Chiller # 2 | AG7: MDB-3 Chiller # 3 | AJ7: MDB-4 North Riser Guest Rooms | AM7: MDB-5 North Riser Guest Rooms | AP7: MDB-6 Main Kitchen | AS7: MDB-7 South Riser Guest Rooms | AV7: MDB-8 F & B | AZ7: Chiller 1 | BC7: Chiller 2 | BF7: Chiller 3 | BI7: Active Pool Heat Exchanger Hot Water | BK7: Active Pool Heat Exchanger Chilled Water | BM7: Quiet Pool Heat Exchanger Hot Water | BO7: Quiet Pool Heat Exchanger Chilled Water | BQ7: Sea Fu Restaurant | BS7: cold water heat exchanger | BV7: Lpg Main Tank | BY7: Ird Kitchen | CA7: Suq Kitchen | CC7: Bakery Kitchen | CE7: Shai Saloon Kitchen | CG7: Banquet Kitchen | CI7: Sea Fu Kitchen | CK7: Steam Boiler | CN7: Solar Hot Water Boiler | CQ7: Low Temp Hot Water Boiler | CT7: Steam Boiler Steam Meter Reading | CW7: Verde Water Meter Reading | DA7: Coya Water Meter Reading M³ | DE7: Nusret Water meter Reading M³ | DI7: Provoceteur Meter Reading M³ | DM7: Scalini Meter Reading M³ | DQ7: Irrigation | DT7: MDB - Coya | DV7: MDB Verde | DX7: MDB - Nusret | DZ7: Peovoceteur SMDB | EB7: SMDB - Scalini | ED7: Common ESMDB | EG7: Coya Btu | EI7: Coya Cold Room Btu | EK7: Nusret Btu | EM7: Provocateur- A | EO7: Provocateur- B | EQ7: Verde Btu | ET7: Coya Lpg | EV7: Nusret Lpg | EX7: Provocateur Lpg | EZ7: Verde Lpg | FB7: Scalini
C8: Reading In M³ | D8: Daily consumption M³ 2018 | E8: Daily consumption M³ December-2017 | F8: Reading M³ | G8: Daily Consumption M³ | H8: Daily consumption M³ December-2017 | I8: Reading M³ | J8: Daily consumption M³ | K8: Reading M³ | L8: Daily consumption M³ | M8: Reading M³ | N8: Daily consumption M³ | O8: Reading M³ | P8: Daily Consumption M³ | Q8: Daily consumption M³ December-2017 | R8: Reading M³ | S8: Daily Consumption M³ | U8: Reading KWH | V8: Daily Consumption Kwh 2018 | W8: Daily Consumption Kwh 2017 | X8: Reading KWH | Y8: Daily Consumption Kwh 2018 | Z8: Daily Consumption Kwh 2017 | AA8: Reading KWH | AB8: Daily Consumption Kwh 2018 | AC8: Daily Consumption Kwh 2017 | AD8: Reading KWH | AE8: Daily Consumption Kwh 2018 | AF8: Daily Consumption Kwh 2017 | AG8: Reading KWH | AH8: Daily Consumption Kwh 2018 | AI8: Daily Consumption Kwh 2017 | AJ8: Reading KWH | AK8: Daily Consumption Kwh 2018 | AL8: Daily Consumption Kwh 2017 | AM8: Reading KWH | AN8: Daily Consumption Kwh 2018 | AO8: Daily Consumption Kwh 2017 | AP8: Reading KWH | AQ8: Daily Consumption Kwh 2018 | AR8: Daily Consumption Kwh 2017 | AS8: Reading KWH | AT8: Daily Consumption Kwh 2018 | AU8: Daily Consumption Kwh 2017 | AV8: Reading KWH | AW8: Daily Consumption Kwh 2018 | AX8: Daily Consumption Kwh 2017 | AZ8: Reading Kwh | BA8: Daily Consumption Kwh | BB8: Daily Consumption Kwh 2017 | BC8: Reading Kwh | BD8: Daily Consumption Kwh | BE8: Daily Consumption Kwh 2017 | BF8: Reading Kwh | BG8: Daily Consumption Kwh | BH8: Daily Consumption Kwh 2017 | BI8: Reading Kwh | BJ8: Daily Consumption Kwh | BK8: Reading Kwh | BL8: Daily Consumption Kwh | BM8: Reading Kwh | BN8: Daily Consumption Kwh | BO8: Reading Kwh | BP8: Daily Consumption Kwh | BQ8: Reading Kwh | BR8: Daily Consumption Kwh | BS8: Reading Kwh | BT8: Daily Consumption Kwh | BV8: Reading % | BW8: Reading M³ | BX8: Daily consumption M³ December-2017 | BY8: Reading M³ | BZ8: Daily Consumption M³ | CA8: Reading M³ | CB8: Daily Consumption M³ | CC8: Reading M³ | CD8: Daily Consumption M³ | CE8: Reading M³ | CF8: Daily Consumption M³ | CG8: Reading M³ | CH8: Daily Consumption M³ | CI8: Reading M³ | CJ8: Daily Consumption M³ | CK8: Reading M³ | CL8: Daily Consumption M³ | CM8: Daily consumption M³ December-2017 | CN8: Reading M³ | CO8: Daily Consumption M³ | CP8: Daily consumption M³ December-2017 | CQ8: Reading M³ | CR8: Daily Consumption M³ | CS8: Daily consumption M³ December-2017 | CT8: Reading Kg | CU8: Daily Consumption Kg | CW8: Hot Water M³ | CX8: Daily consumption M³ | CY8: Cold Water M³ | CZ8: Daily consumption M³ | DA8: Hot Water M³ | DB8: Daily Consumption M³ | DC8: Cold Water M³ | DD8: Daily Consumption M³ | DE8: Hot Water M³ | DF8: Daily consumption M³ | DG8: Cold Water M³ | DH8: Daily consumption M³ | DI8: Hot Water M³ | DJ8: Daily Consumption M³ | DK8: Cold Water M³ | DL8: Daily Consumption M³ | DM8: Hot Water M³ | DN8: Daily Consumption M³ | DO8: Cold Water M³ | DP8: Daily Consumption M³ | DQ8: Daily Reading | DR8: Daily Consumption M³ | DT8: Reading KWH | DU8: Difference KWH | DV8: Reading KWH | DW8: Difference KWH | DX8: Reading KWH | DY8: Difference KWH | DZ8: Reading KWH | EA8: Difference KWH | EB8: Reading KWH | EC8: Difference KWH | ED8: Reading KWH | EE8: Difference KWH | EG8: Reading KWH | EH8: Difference KWH | EI8: Reading KWH | EJ8: Difference KWH | EK8: Reading KWH | EL8: Difference KWH | EM8: Reading KWH | EN8: Difference KWH | EO8: Reading KWH | EP8: Difference KWH | EQ8: Reading KWH | ER8: Difference KWH | ET8: Reading M³ | EU8: Daily Consumption M³ | EV8: Reading M³ | EW8: Daily Consumption M³ | EX8: Reading M³ | EY8: Daily Consumption M³ | EZ8: Reading M³ | FA8: Daily Consumption M³ | FB8: Reading M³ | FC8: Daily Consumption M³
A9: 43830 | B9: ='[1]October - 2021'!B9 -> 0.76 | C9: ='[1]October - 2021'!E9 -> 872256 | D9: =C10-C9 -> 765 | E9: ='[1]October - 2021'!G9 -> 582 | F9: ='[1]October - 2021'!H9 -> 61118 | G9: =F10-F9 -> 417 | H9: ='[1]October - 2021'!J9 -> 313 | I9: ='[1]October - 2021'!K9 -> 164625 | J9: =I10-I9 -> 0 | K9: ='[1]October - 2021'!N9 -> 800710 | L9: =K10-K9 -> 331 | M9: ='[1]October - 2021'!Q9 -> 183610 | N9: =M10-M9 -> 46 | O9: ='[1]October - 2021'!S9 -> 41866.07 | P9: =O10-O9 -> 271.21 | Q9: ='[1]October - 2021'!U9 -> 109 | R9: ='[1]October - 2021'!V9 -> 2200 | S9: =R10-R9 -> 42 | U9: ='[1]October - 2021'!AC9 -> 6972903.8 | V9: =U10-U9 -> 4141.2 | W9: ='[1]October - 2021'!AD9 -> 4141.2 | X9: ='[1]October - 2021'!AF9 -> 13421142 | Y9: =X10-X9 -> 4725.84 | Z9: ='[1]October - 2021'!AG9 -> 4725.84 | AA9: ='[1]October - 2021'!AI9 -> 13317271 | AB9: =AA10-AA9 -> 14274.96 | AC9: ='[1]October - 2021'!AJ9 -> 14274.96 | AD9: ='[1]October - 2021'!AL9 -> 16300348 | AE9: =AD10-AD9 -> 12374.88 | AF9: ='[1]October - 2021'!AM9 -> 12374.88 | AG9: ='[1]October - 2021'!AO9 -> 16710570 | AH9: =AG10-AG9 -> 779.52 | AI9: ='[1]October - 2021'!AP9 -> 779.52 | AJ9: ='[1]October - 2021'!AR9 -> 15072750 | AK9: =AJ10-AJ9 -> 6333.6 | AL9: ='[1]October - 2021'!AS9 -> 6333.6 | AM9: ='[1]October - 2021'!AU9 -> 12848000 | AN9: =AM10-AM9 -> 4969.44 | AO9: ='[1]October - 2021'!AV9 -> 4969.44 | AP9: ='[1]October - 2021'!AX9 -> 12368303 | AQ9: =AP10-AP9 -> 4287.36 | AR9: ='[1]October - 2021'!AY9 -> 4287.36 | AS9: ='[1]October - 2021'!BA9 -> 9865361.5 | AT9: =AS10-AS9 -> 3556.56 | AU9: ='[1]October - 2021'!BB9 -> 3556.56 | AV9: ='[1]October - 2021'!BD9 -> 15242783 | AW9: =AV10-AV9 -> 5700.24 | AX9: ='[1]October - 2021'!BE9 -> 5700.24 | AZ9: ='[1]October - 2021'!BK9 -> 66088200 | BA9: =AZ10-AZ9 -> 68600 | BB9: ='[1]October - 2021'!BL9 -> 68600 | BC9: ='[1]October - 2021'!BN9 -> 68499700 | BD9: =BC10-BC9 -> 65400 | BE9: ='[1]October - 2021'!BO9 -> 65400 | BF9: ='[1]October - 2021'!BQ9 -> 63297900 | BG9: =BF10-BF9 -> 0 | BH9: ='[1]October - 2021'!BR9 -> 0 | BS9: ='[1]October - 2021'!BT9 -> 7219090 | BT9: =BS10-BS9 -> 7620 | BV9: ='[1]October - 2021'!BW9 -> 0.79 | BW9: =BV10-BV9 -> -0.04 | BX9: ='[1]October - 2021'!$BX$9:$BX$10 -> 0.04 | BY9: ='[1]October - 2021'!BZ9 -> 55717 | BZ9: =BY10-BY9 -> 18 | CA9: ='[1]October - 2021'!CB9 -> 47253 | CB9: =CA10-CA9 -> 20 | CC9: ='[1]October - 2021'!CD9 -> 16334 | CD9: =CC10-CC9 -> 7 | CE9: ='[1]October - 2021'!CF9 -> 21339 | CF9: =CE10-CE9 -> 10 | CG9: ='[1]October - 2021'!CH9 -> 23108 | CH9: =CG10-CG9 -> 17 | CI9: ='[1]October - 2021'!CJ9 -> 51575 | CJ9: =CI10-CI9 -> 30 | CK9: ='[1]October - 2021'!CL9 -> 227310 | CL9: =CK10-CK9 -> 94 | CM9: ='[1]October - 2021'!CM9 -> 94 | CN9: ='[1]October - 2021'!CO9 -> 173158 | CO9: =CN10-CN9 -> 81 | CP9: ='[1]October - 2021'!CP9 -> 81 | CQ9: ='[1]October - 2021'!CR9 -> 308195 | CR9: =CQ10-CQ9 -> 0 | CS9: ='[1]October - 2021'!CS9 -> 0 | CT9: ='[1]October - 2021'!CU9 -> 604639 | CU9: =CT10-CT9 -> 195 | CW9: ='[1]October - 2021'!CX9 -> 5797 | CX9: =CW10-CW9 -> 9 | CY9: ='[1]October - 2021'!CZ9 -> 3342 | CZ9: =CY10-CY9 -> 9 | DA9: ='[1]October - 2021'!DB9 -> 25655 | DB9: =DA10-DA9 -> 18 | DC9: ='[1]October - 2021'!DD9 -> 26370 | DD9: =DC10-DC9 -> 19 | DE9: ='[1]October - 2021'!DF9 -> 18067 | DF9: =DE10-DE9 -> 7 | DG9: ='[1]October - 2021'!DH9 -> 21176 | DH9: =DG10-DG9 -> 11 | DI9: ='[1]October - 2021'!DJ9 -> 2635 | DJ9: =DI10-DI9 -> 8 | DK9: ='[1]October - 2021'!DL9 -> 5917 | DL9: =DK10-DK9 -> 15 | DM9: ='[1]October - 2021'!DN9 -> 1480 | DN9: =DM10-DM9 -> 10 | DO9: ='[1]October - 2021'!DP9 -> 3034 | DP9: =DO10-DO9 -> 6 | DQ9: ='[1]October - 2021'!DR9 -> 25998 | DR9: =DQ10-DQ9 -> 0 | DT9: ='[1]October - 2021'!DU9 -> 2460.5 | DU9: =DT10-DT9 -> 11 | DV9: ='[1]October - 2021'!DW9 -> 7671.3 | DW9: =DV10-DV9 -> 9.1 | DX9: ='[1]October - 2021'!DY9 -> 1853.5 | DY9: =DX10-DX9 -> 7.7 | DZ9: ='[1]October - 2021'!EA9 -> 1807.6 | EA9: =DZ10-DZ9 -> 5.9 | EB9: ='[1]October - 2021'!EC9 -> 826585 | EC9: =EB10-EB9 -> 886 | ED9: ='[1]October - 2021'!EG9 -> 165661.4 | EE9: =ED10-ED9 -> 155.9 | EG9: ='[1]October - 2021'!EJ9 -> 10069900 | EH9: =EG10-EG9 -> 11100 | EI9: ='[1]October - 2021'!EL9 -> 802400 | EJ9: =EI10-EI9 -> 530 | EK9: ='[1]October - 2021'!EN9 -> 6240100 | EL9: =EK10-EK9 -> 4500 | EM9: ='[1]October - 2021'!EP9 -> 2205300 | EN9: =EM10-EM9 -> 2200 | EO9: ='[1]October - 2021'!ER9 -> 942170 | EP9: =EO10-EO9 -> 1220 | EQ9: ='[1]October - 2021'!ET9 -> 13908000 | ER9: =EQ10-EQ9 -> 11800 | ET9: ='[1]October - 2021'!EW9 -> 36453 | EU9: =ET10-ET9 -> 16 | EV9: ='[1]October - 2021'!EY9 -> 31514 | EW9: =EV10-EV9 -> 13 | EX9: ='[1]October - 2021'!FA9 -> 2629 | EY9: 0 | EZ9: ='[1]October - 2021'!FC9 -> 52872 | FA9: =EZ10-EZ9 -> 18 | FB9: ='[1]October - 2021'!FE9 -> 35506 | FC9: =FB10-FB9 -> 35
A10: 43831 | B10: ='[1]October - 2021'!B10 -> 0.73 | C10: ='[1]October - 2021'!E10 -> 873021 | F10: ='[1]October - 2021'!H10 -> 61535 | I10: ='[1]October - 2021'!K10 -> 164625 | K10: ='[1]October - 2021'!N10 -> 801041 | M10: ='[1]October - 2021'!Q10 -> 183656 | O10: ='[1]October - 2021'!S10 -> 42137.28 | R10: ='[1]October - 2021'!V10 -> 2242 | U10: ='[1]October - 2021'!AC10 -> 6977045 | X10: ='[1]October - 2021'!AF10 -> 13425868 | AA10: ='[1]October - 2021'!AI10 -> 13331546 | AD10: ='[1]October - 2021'!AL10 -> 16312723 | AG10: ='[1]October - 2021'!AO10 -> 16711350 | AJ10: ='[1]October - 2021'!AR10 -> 15079084 | AM10: ='[1]October - 2021'!AU10 -> 12852969 | AP10: ='[1]October - 2021'!AX10 -> 12372590 | AS10: ='[1]October - 2021'!BA10 -> 9868918.1 | AV10: ='[1]October - 2021'!BD10 -> 15248483 | AZ10: ='[1]October - 2021'!BK10 -> 66156800 | BC10: ='[1]October - 2021'!BN10 -> 68565100 | BF10: ='[1]October - 2021'!BQ10 -> 63297900 | BS10: ='[1]October - 2021'!BT10 -> 7226710 | BV10: ='[1]October - 2021'!BW10 -> 0.75 | BY10: ='[1]October - 2021'!BZ10 -> 55735 | CA10: ='[1]October - 2021'!CB10 -> 47273 | CC10: ='[1]October - 2021'!CD10 -> 16341 | CE10: ='[1]October - 2021'!CF10 -> 21349 | CG10: ='[1]October - 2021'!CH10 -> 23125 | CI10: ='[1]October - 2021'!CJ10 -> 51605 | CK10: ='[1]October - 2021'!CL10 -> 227404 | CN10: ='[1]October - 2021'!CO10 -> 173239 | CQ10: ='[1]October - 2021'!CR10 -> 308195 | CT10: ='[1]October - 2021'!CU10 -> 604834 | CW10: ='[1]October - 2021'!CX10 -> 5806 | CY10: ='[1]October - 2021'!CZ10 -> 3351 | DA10: ='[1]October - 2021'!DB10 -> 25673 | DC10: ='[1]October - 2021'!DD10 -> 26389 | DE10: ='[1]October - 2021'!DF10 -> 18074 | DG10: ='[1]October - 2021'!DH10 -> 21187 | DI10: ='[1]October - 2021'!DJ10 -> 2643 | DK10: ='[1]October - 2021'!DL10 -> 5932 | DM10: ='[1]October - 2021'!DN10 -> 1490 | DO10: ='[1]October - 2021'!DP10 -> 3040 | DQ10: ='[1]October - 2021'!DR10 -> 25998 | DT10: ='[1]October - 2021'!DU10 -> 2471.5 | DV10: ='[1]October - 2021'!DW10 -> 7680.4 | DX10: ='[1]October - 2021'!DY10 -> 1861.2 | DZ10: ='[1]October - 2021'!EA10 -> 1813.5 | EB10: ='[1]October - 2021'!EC10 -> 827471 | ED10: ='[1]October - 2021'!EG10 -> 165817.3 | EG10: ='[1]October - 2021'!EJ10 -> 10081000 | EI10: ='[1]October - 2021'!EL10 -> 802930 | EK10: ='[1]October - 2021'!EN10 -> 6244600 | EM10: ='[1]October - 2021'!EP10 -> 2207500 | EO10: ='[1]October - 2021'!ER10 -> 943390 | EQ10: ='[1]October - 2021'!ET10 -> 13919800 | ET10: ='[1]October - 2021'!EW10 -> 36469 | EV10: ='[1]October - 2021'!EY10 -> 31527 | EX10: ='[1]October - 2021'!FA10 -> 2645 | EZ10: ='[1]October - 2021'!FC10 -> 52890 | FB10: ='[1]October - 2021'!FE10 -> 35541
A11: 43832 | B11: ='[1]October - 2021'!B11 -> 0.61 | C11: ='[1]October - 2021'!E11 -> 873718 | D11: ='[1]October - 2021'!F11 -> 697 | E11: ='[1]October - 2021'!G11 -> 554 | F11: ='[1]October - 2021'!H11 -> 61859 | G11: ='[1]October - 2021'!I11 -> 324 | H11: ='[1]October - 2021'!J11 -> 360 | I11: ='[1]October - 2021'!K11 -> 164625 | J11: ='[1]October - 2021'!L11 -> 0 | K11: ='[1]October - 2021'!N11 -> 801530 | L11: ='[1]October - 2021'!O11 -> 489 | M11: ='[1]October - 2021'!Q11 -> 183801 | N11: ='[1]October - 2021'!R11 -> 145 | O11: ='[1]October - 2021'!S11 -> 42401.83 | P11: ='[1]October - 2021'!T11 -> 264.55 | Q11: ='[1]October - 2021'!U11 -> 130 | R11: ='[1]October - 2021'!V11 -> 2285 | S11: ='[1]October - 2021'!W11 -> 43 | U11: ='[1]October - 2021'!AC11 -> 6981235 | V11: ='[1]October - 2021'!AD11 -> 4189.92 | W11: ='[1]October - 2021'!AD11 -> 4189.92 | X11: ='[1]October - 2021'!AF11 -> 13430691 | Y11: ='[1]October - 2021'!AG11 -> 4823.28 | Z11: ='[1]October - 2021'!AG11 -> 4823.28 | AA11: ='[1]October - 2021'!AI11 -> 13342605 | AB11: ='[1]October - 2021'!AJ11 -> 11059.44 | AC11: ='[1]October - 2021'!AJ11 -> 11059.44 | AD11: ='[1]October - 2021'!AL11 -> 16325634 | AE11: ='[1]October - 2021'!AM11 -> 12910.8 | AF11: ='[1]October - 2021'!AM11 -> 12910.8 | AG11: ='[1]October - 2021'!AO11 -> 16712958 | AH11: ='[1]October - 2021'!AP11 -> 1607.76 | AI11: ='[1]October - 2021'!AP11 -> 1607.76 | AJ11: ='[1]October - 2021'!AR11 -> 15085320 | AK11: ='[1]October - 2021'!AS11 -> 6236.16 | AL11: ='[1]October - 2021'!AS11 -> 6236.16 | AM11: ='[1]October - 2021'!AU11 -> 12857744 | AN11: ='[1]October - 2021'!AV11 -> 4774.56 | AO11: ='[1]October - 2021'!AV11 -> 4774.56 | AP11: ='[1]October - 2021'!AX11 -> 12376683 | AQ11: ='[1]October - 2021'!AY11 -> 4092.48 | AR11: ='[1]October - 2021'!AY11 -> 4092.48 | AS11: ='[1]October - 2021'!BA11 -> 9871987.4 | AT11: ='[1]October - 2021'!BB11 -> 3069.36 | AU11: ='[1]October - 2021'!BB11 -> 3069.36 | AV11: ='[1]October - 2021'!BD11 -> 15255158 | AW11: ='[1]October - 2021'!BE11 -> 6674.64 | AX11: ='[1]October - 2021'!BE11 -> 6674.64 | AZ11: ='[1]October - 2021'!BK11 -> 66214400 | BA11: ='[1]October - 2021'!BL11 -> 57600 | BB11: ='[1]October - 2021'!BL11 -> 57600 | BC11: ='[1]October - 2021'!BN11 -> 68634500 | BD11: ='[1]October - 2021'!BO11 -> 69400 | BE11: ='[1]October - 2021'!BO11 -> 69400 | BF11: ='[1]October - 2021'!BQ11 -> 63297900 | BG11: ='[1]October - 2021'!BR11 -> 0 | BH11: ='[1]October - 2021'!BR11 -> 0 | BS11: ='[1]October - 2021'!BT11 -> 7233230 | BT11: ='[1]October - 2021'!BU11 -> 6520 | BV11: ='[1]October - 2021'!BW11 -> 0.82 | BW11: ='[1]October - 2021'!BX11 -> -0.07 | BX11: ='[1]October - 2021'!BX11 -> -0.07 | BY11: ='[1]October - 2021'!BZ11 -> 55753 | BZ11: ='[1]October - 2021'!CA11 -> 18 | CA11: ='[1]October - 2021'!CB11 -> 47290 | CB11: ='[1]October - 2021'!CC11 -> 17 | CC11: ='[1]October - 2021'!CD11 -> 16348 | CD11: ='[1]October - 2021'!CE11 -> 7 | CE11: ='[1]October - 2021'!CF11 -> 21359 | CF11: ='[1]October - 2021'!CG11 -> 10 | ... CL11: ='[1]October - 2021'!CM11 -> 96 | CM11: ='[1]October - 2021'!CM11 -> 96 | CN11: ='[1]October - 2021'!CO11 -> 173320 | CO11: ='[1]October - 2021'!CP11 -> 81 | CP11: ='[1]October - 2021'!CP11 -> 81 | CQ11: ='[1]October - 2021'!CR11 -> 308195 | CR11: ='[1]October - 2021'!CS11 -> 0 | CS11: ='[1]October - 2021'!CS11 -> 0 | CT11: ='[1]October - 2021'!CU11 -> 605024 | CU11: ='[1]October - 2021'!CV11 -> 190 | CW11: ='[1]October - 2021'!CX11 -> 5813 | CX11: ='[1]October - 2021'!CY11 -> 7 | CY11: ='[1]October - 2021'!CZ11 -> 3357 | CZ11: ='[1]October - 2021'!DA11 -> 0 | DA11: ='[1]October - 2021'!DB11 -> 25685 | DB11: ='[1]October - 2021'!DC11 -> 12 | DC11: ='[1]October - 2021'!DD11 -> 26403 | DD11: ='[1]October - 2021'!DE11 -> 14 | ... DR11: ='[1]October - 2021'!DS11 -> 0 | DT11: ='[1]October - 2021'!DU11 -> 2481.6 | DU11: ='[1]October - 2021'!DV11 -> 10.1 | DV11: ='[1]October - 2021'!DW11 -> 7689.4 | DW11: ='[1]October - 2021'!DX11 -> 9 | DX11: ='[1]October - 2021'!DY11 -> 1868.9 | DY11: ='[1]October - 2021'!DZ11 -> 7.7 | DZ11: ='[1]October - 2021'!EA11 -> 1825.7 | EA11: ='[1]October - 2021'!EB11 -> 12.2 | ... EC11: ='[1]October - 2021'!ED11 -> 768 | ED11: ='[1]October - 2021'!EG11 -> 165970.3 | EE11: ='[1]October - 2021'!EH11 -> 153 | EG11: ='[1]October - 2021'!EJ11 -> 10089600 | EH11: ='[1]October - 2021'!EK11 -> 8600 | EI11: ='[1]October - 2021'!EL11 -> 803290 | EJ11: ='[1]October - 2021'!EM11 -> 360 | EK11: ='[1]October - 2021'!EN11 -> 6248100 | EL11: ='[1]October - 2021'!EO11 -> 3500 | EM11: ='[1]October - 2021'!EP11 -> 2208500 | EN11: ='[1]October - 2021'!EQ11 -> 1000 | ... ER11: ='[1]October - 2021'!EU11 -> 8000 | ET11: ='[1]October - 2021'!EW11 -> 36483 | EU11: ='[1]October - 2021'!EX11 -> 14 | EV11: ='[1]October - 2021'!EY11 -> 31538 | EW11: ='[1]October - 2021'!EZ11 -> 11 | EX11: ='[1]October - 2021'!FA11 -> 2662 | EY11: ='[1]October - 2021'!FB11 -> 17 | EZ11: ='[1]October - 2021'!FC11 -> 52908 | FA11: ='[1]October - 2021'!FD11 -> 18 | ... FC11: ='[1]October - 2021'!FF11 -> 34
A12: 43833 | B12: ='[1]October - 2021'!B12 -> 0.5 | C12: ='[1]October - 2021'!E12 -> 874429 | D12: ='[1]October - 2021'!F12 -> 711 | E12: ='[1]October - 2021'!G12 -> 542 | F12: ='[1]October - 2021'!H12 -> 62173 | G12: ='[1]October - 2021'!I12 -> 314 | H12: ='[1]October - 2021'!J12 -> 309 | I12: ='[1]October - 2021'!K12 -> 164625 | J12: ='[1]October - 2021'!L12 -> 0 | K12: ='[1]October - 2021'!N12 -> 801953 | L12: ='[1]October - 2021'!O12 -> 423 | M12: ='[1]October - 2021'!Q12 -> 183937 | N12: ='[1]October - 2021'!R12 -> 136 | O12: ='[1]October - 2021'!S12 -> 42635.92 | P12: ='[1]October - 2021'!T12 -> 234.09 | Q12: ='[1]October - 2021'!U12 -> 146 | R12: ='[1]October - 2021'!V12 -> 2335 | S12: ='[1]October - 2021'!W12 -> 50 | U12: ='[1]October - 2021'!AC12 -> 6983865.8 | V12: ='[1]October - 2021'!AD12 -> 2630.88 | W12: ='[1]October - 2021'!AD12 -> 2630.88 | X12: ='[1]October - 2021'!AF12 -> 13435320 | Y12: ='[1]October - 2021'!AG12 -> 4628.4 | Z12: ='[1]October - 2021'!AG12 -> 4628.4 | AA12: ='[1]October - 2021'!AI12 -> 13350547 | AB12: ='[1]October - 2021'!AJ12 -> 7941.36 | AC12: ='[1]October - 2021'!AJ12 -> 7941.36 | AD12: ='[1]October - 2021'!AL12 -> 16336206 | AE12: ='[1]October - 2021'!AM12 -> 10572.24 | AF12: ='[1]October - 2021'!AM12 -> 10572.24 | AG12: ='[1]October - 2021'!AO12 -> 16714322 | AH12: ='[1]October - 2021'!AP12 -> 1364.16 | AI12: ='[1]October - 2021'!AP12 -> 1364.16 | AJ12: ='[1]October - 2021'!AR12 -> 15091458 | AK12: ='[1]October - 2021'!AS12 -> 6138.72 | AL12: ='[1]October - 2021'!AS12 -> 6138.72 | AM12: ='[1]October - 2021'!AU12 -> 12862324 | AN12: ='[1]October - 2021'!AV12 -> 4579.68 | AO12: ='[1]October - 2021'!AV12 -> 4579.68 | AP12: ='[1]October - 2021'!AX12 -> 12380726 | AQ12: ='[1]October - 2021'!AY12 -> 4043.76 | AR12: ='[1]October - 2021'!AY12 -> 4043.76 | AS12: ='[1]October - 2021'!BA12 -> 9875056.8 | AT12: ='[1]October - 2021'!BB12 -> 3069.36 | AU12: ='[1]October - 2021'!BB12 -> 3069.36 | AV12: ='[1]October - 2021'!BD12 -> 15261394 | AW12: ='[1]October - 2021'!BE12 -> 6236.16 | AX12: ='[1]October - 2021'!BE12 -> 6236.16 | AZ12: ='[1]October - 2021'!BK12 -> 66252300 | BA12: ='[1]October - 2021'!BL12 -> 37900 | BB12: ='[1]October - 2021'!BL12 -> 37900 | BC12: ='[1]October - 2021'!BN12 -> 68687400 | BD12: ='[1]October - 2021'!BO12 -> 52900 | BE12: ='[1]October - 2021'!BO12 -> 52900 | BF12: ='[1]October - 2021'!BQ12 -> 63303800 | BG12: ='[1]October - 2021'!BR12 -> 5900 | BH12: ='[1]October - 2021'!BR12 -> 5900 | BS12: ='[1]October - 2021'!BT12 -> 7239170 | BT12: ='[1]October - 2021'!BU12 -> 5940 | BV12: ='[1]October - 2021'!BW12 -> 0.78 | BW12: ='[1]October - 2021'!BX12 -> 0.04 | BX12: ='[1]October - 2021'!BX12 -> 0.04 | BY12: ='[1]October - 2021'!BZ12 -> 55771 | BZ12: ='[1]October - 2021'!CA12 -> 18 | CA12: ='[1]October - 2021'!CB12 -> 47307 | CB12: ='[1]October - 2021'!CC12 -> 17 | CC12: ='[1]October - 2021'!CD12 -> 16354 | CD12: ='[1]October - 2021'!CE12 -> 6 | CE12: ='[1]October - 2021'!CF12 -> 21368 | CF12: ='[1]October - 2021'!CG12 -> 9 | ... CL12: ='[1]October - 2021'!CM12 -> 93 | CM12: ='[1]October - 2021'!CM12 -> 93 | CN12: ='[1]October - 2021'!CO12 -> 173403 | CO12: ='[1]October - 2021'!CP12 -> 83 | CP12: ='[1]October - 2021'!CP12 -> 83 | CQ12: ='[1]October - 2021'!CR12 -> 308195 | CR12: ='[1]October - 2021'!CS12 -> 0 | CS12: ='[1]October - 2021'!CS12 -> 0 | CT12: ='[1]October - 2021'!CU12 -> 605216 | CU12: ='[1]October - 2021'!CV12 -> 192 | CW12: ='[1]October - 2021'!CX12 -> 5817 | CX12: ='[1]October - 2021'!CY12 -> 4 | CY12: ='[1]October - 2021'!CZ12 -> 3362 | CZ12: ='[1]October - 2021'!DA12 -> 5 | DA12: ='[1]October - 2021'!DB12 -> 25697 | DB12: ='[1]October - 2021'!DC12 -> 12 | DC12: ='[1]October - 2021'!DD12 -> 26421 | DD12: ='[1]October - 2021'!DE12 -> 18 | ... DR12: ='[1]October - 2021'!DS12 -> 0 | DT12: ='[1]October - 2021'!DU12 -> 2491.4 | DU12: ='[1]October - 2021'!DV12 -> 9.8 | DV12: ='[1]October - 2021'!DW12 -> 7697.8 | DW12: ='[1]October - 2021'!DX12 -> 8.4 | DX12: ='[1]October - 2021'!DY12 -> 1876.4 | DY12: ='[1]October - 2021'!DZ12 -> 7.5 | DZ12: ='[1]October - 2021'!EA12 -> 1837.1 | EA12: ='[1]October - 2021'!EB12 -> 11.4 | ... EC12: ='[1]October - 2021'!ED12 -> 704 | ED12: ='[1]October - 2021'!EG12 -> 166122.4 | EE12: ='[1]October - 2021'!EH12 -> 152.1 | EG12: ='[1]October - 2021'!EJ12 -> 10093700 | EH12: ='[1]October - 2021'!EK12 -> 4100 | EI12: ='[1]October - 2021'!EL12 -> 803710 | EJ12: ='[1]October - 2021'!EM12 -> 420 | EK12: ='[1]October - 2021'!EN12 -> 6250000 | EL12: ='[1]October - 2021'!EO12 -> 1900 | EM12: ='[1]October - 2021'!EP12 -> 2209300 | EN12: ='[1]October - 2021'!EQ12 -> 800 | ... ER12: ='[1]October - 2021'!EU12 -> 7000 | ET12: ='[1]October - 2021'!EW12 -> 36496 | EU12: ='[1]October - 2021'!EX12 -> 13 | EV12: ='[1]October - 2021'!EY12 -> 31551 | EW12: ='[1]October - 2021'!EZ12 -> 13 | EX12: ='[1]October - 2021'!FA12 -> 2674 | EY12: ='[1]October - 2021'!FB12 -> 12 | EZ12: ='[1]October - 2021'!FC12 -> 52925 | FA12: ='[1]October - 2021'!FD12 -> 17 | ... FC12: ='[1]October - 2021'!FF12 -> 30
A13: 43834 | B13: ='[1]October - 2021'!B13 -> 0.49 | C13: ='[1]October - 2021'!E13 -> 875003 | D13: ='[1]October - 2021'!F13 -> 574 | E13: ='[1]October - 2021'!G13 -> 522 | F13: ='[1]October - 2021'!H13 -> 62471 | G13: ='[1]October - 2021'!I13 -> 298 | H13: ='[1]October - 2021'!J13 -> 283 | I13: ='[1]October - 2021'!K13 -> 164625 | J13: ='[1]October - 2021'!L13 -> 0 | K13: ='[1]October - 2021'!N13 -> 802320 | L13: ='[1]October - 2021'!O13 -> 367 | M13: ='[1]October - 2021'!Q13 -> 184029 | N13: ='[1]October - 2021'!R13 -> 92 | O13: ='[1]October - 2021'!S13 -> 42857.21 | P13: ='[1]October - 2021'!T13 -> 221.29 | Q13: ='[1]October - 2021'!U13 -> 153 | R13: ='[1]October - 2021'!V13 -> 2373 | S13: ='[1]October - 2021'!W13 -> 38 | U13: ='[1]October - 2021'!AC13 -> 6986448 | V13: ='[1]October - 2021'!AD13 -> 2582.16 | W13: ='[1]October - 2021'!AD13 -> 2582.16 | X13: ='[1]October - 2021'!AF13 -> 13440143 | Y13: ='[1]October - 2021'!AG13 -> 4823.28 | Z13: ='[1]October - 2021'!AG13 -> 4823.28 | AA13: ='[1]October - 2021'!AI13 -> 13358878 | AB13: ='[1]October - 2021'!AJ13 -> 8331.12 | AC13: ='[1]October - 2021'!AJ13 -> 8331.12 | AD13: ='[1]October - 2021'!AL13 -> 16347655 | AE13: ='[1]October - 2021'!AM13 -> 11449.2 | AF13: ='[1]October - 2021'!AM13 -> 11449.2 | AG13: ='[1]October - 2021'!AO13 -> 16715394 | AH13: ='[1]October - 2021'!AP13 -> 1071.84 | AI13: ='[1]October - 2021'!AP13 -> 1071.84 | AJ13: ='[1]October - 2021'!AR13 -> 15097500 | AK13: ='[1]October - 2021'!AS13 -> 6041.28 | AL13: ='[1]October - 2021'!AS13 -> 6041.28 | AM13: ='[1]October - 2021'!AU13 -> 12867098 | AN13: ='[1]October - 2021'!AV13 -> 4774.56 | AO13: ='[1]October - 2021'!AV13 -> 4774.56 | AP13: ='[1]October - 2021'!AX13 -> 12385014 | AQ13: ='[1]October - 2021'!AY13 -> 4287.36 | AR13: ='[1]October - 2021'!AY13 -> 4287.36 | AS13: ='[1]October - 2021'!BA13 -> 9878174.9 | AT13: ='[1]October - 2021'!BB13 -> 3118.08 | AU13: ='[1]October - 2021'!BB13 -> 3118.08 | AV13: ='[1]October - 2021'!BD13 -> 15267581 | AW13: ='[1]October - 2021'!BE13 -> 6187.44 | AX13: ='[1]October - 2021'!BE13 -> 6187.44 | AZ13: ='[1]October - 2021'!BK13 -> 66295000 | BA13: ='[1]October - 2021'!BL13 -> 42700 | BB13: ='[1]October - 2021'!BL13 -> 42700 | BC13: ='[1]October - 2021'!BN13 -> 68745000 | BD13: ='[1]October - 2021'!BO13 -> 57600 | BE13: ='[1]October - 2021'!BO13 -> 57600 | BF13: ='[1]October - 2021'!BQ13 -> 63303800 | BG13: ='[1]October - 2021'!BR13 -> 0 | BH13: ='[1]October - 2021'!BR13 -> 0 | BS13: ='[1]October - 2021'!BT13 -> 7245410 | BT13: ='[1]October - 2021'!BU13 -> 6240 | BV13: ='[1]October - 2021'!BW13 -> 0.72 | BW13: ='[1]October - 2021'!BX13 -> 0.06 | BX13: ='[1]October - 2021'!BX13 -> 0.06 | BY13: ='[1]October - 2021'!BZ13 -> 55789 | BZ13: ='[1]October - 2021'!CA13 -> 18 | CA13: ='[1]October - 2021'!CB13 -> 47325 | CB13: ='[1]October - 2021'!CC13 -> 18 | CC13: ='[1]October - 2021'!CD13 -> 16360 | CD13: ='[1]October - 2021'!CE13 -> 6 | CE13: ='[1]October - 2021'!CF13 -> 21378 | CF13: ='[1]October - 2021'!CG13 -> 10 | ... CL13: ='[1]October - 2021'!CM13 -> 94 | CM13: ='[1]October - 2021'!CM13 -> 94 | CN13: ='[1]October - 2021'!CO13 -> 173489 | CO13: ='[1]October - 2021'!CP13 -> 86 | CP13: ='[1]October - 2021'!CP13 -> 86 | CQ13: ='[1]October - 2021'!CR13 -> 308195 | CR13: ='[1]October - 2021'!CS13 -> 0 | CS13: ='[1]October - 2021'!CS13 -> 0 | CT13: ='[1]October - 2021'!CU13 -> 605417 | CU13: ='[1]October - 2021'!CV13 -> 201 | CW13: ='[1]October - 2021'!CX13 -> 5823 | CX13: ='[1]October - 2021'!CY13 -> 6 | CY13: ='[1]October - 2021'!CZ13 -> 3365 | CZ13: ='[1]October - 2021'!DA13 -> 3 | DA13: ='[1]October - 2021'!DB13 -> 25709 | DB13: ='[1]October - 2021'!DC13 -> 12 | DC13: ='[1]October - 2021'!DD13 -> 26436 | DD13: ='[1]October - 2021'!DE13 -> 15 | ... DR13: ='[1]October - 2021'!DS13 -> 10 | DT13: ='[1]October - 2021'!DU13 -> 2501.1 | DU13: ='[1]October - 2021'!DV13 -> 9.7 | DV13: ='[1]October - 2021'!DW13 -> 7705.8 | DW13: ='[1]October - 2021'!DX13 -> 8 | DX13: ='[1]October - 2021'!DY13 -> 1883.2 | DY13: ='[1]October - 2021'!DZ13 -> 6.8 | DZ13: ='[1]October - 2021'!EA13 -> 1848 | EA13: ='[1]October - 2021'!EB13 -> 10.9 | ... EC13: ='[1]October - 2021'!ED13 -> 638 | ED13: ='[1]October - 2021'!EG13 -> 166271.9 | EE13: ='[1]October - 2021'!EH13 -> 149.5 | EG13: ='[1]October - 2021'!EJ13 -> 10101200 | EH13: ='[1]October - 2021'!EK13 -> 7500 | EI13: ='[1]October - 2021'!EL13 -> 804220 | EJ13: ='[1]October - 2021'!EM13 -> 510 | EK13: ='[1]October - 2021'!EN13 -> 6253400 | EL13: ='[1]October - 2021'!EO13 -> 3400 | EM13: ='[1]October - 2021'!EP13 -> 2210100 | EN13: ='[1]October - 2021'!EQ13 -> 800 | ... ER13: ='[1]October - 2021'!EU13 -> 9500 | ET13: ='[1]October - 2021'!EW13 -> 36511 | EU13: ='[1]October - 2021'!EX13 -> 15 | EV13: ='[1]October - 2021'!EY13 -> 31563 | EW13: ='[1]October - 2021'!EZ13 -> 12 | EX13: ='[1]October - 2021'!FA13 -> 2685 | EY13: ='[1]October - 2021'!FB13 -> 11 | EZ13: ='[1]October - 2021'!FC13 -> 52941 | FA13: ='[1]October - 2021'!FD13 -> 16 | ... FC13: ='[1]October - 2021'!FF13 -> 32
A14: 43835 | B14: ='[1]October - 2021'!B14 -> 0.56 | C14: ='[1]October - 2021'!E14 -> 875813 | D14: ='[1]October - 2021'!F14 -> 810 | E14: ='[1]October - 2021'!G14 -> 550 | F14: ='[1]October - 2021'!H14 -> 62777 | G14: ='[1]October - 2021'!I14 -> 306 | H14: ='[1]October - 2021'!J14 -> 267 | I14: ='[1]October - 2021'!K14 -> 164625 | J14: ='[1]October - 2021'!L14 -> 0 | K14: ='[1]October - 2021'!N14 -> 802798 | L14: ='[1]October - 2021'!O14 -> 478 | M14: ='[1]October - 2021'!Q14 -> 184220 | N14: ='[1]October - 2021'!R14 -> 191 | O14: ='[1]October - 2021'!S14 -> 43079.05 | P14: ='[1]October - 2021'!T14 -> 221.84 | Q14: ='[1]October - 2021'!U14 -> 139 | R14: ='[1]October - 2021'!V14 -> 2404 | S14: ='[1]October - 2021'!W14 -> 31 | U14: ='[1]October - 2021'!AC14 -> 6988981.4 | V14: ='[1]October - 2021'!AD14 -> 2533.44 | W14: ='[1]October - 2021'!AD14 -> 2533.44 | X14: ='[1]October - 2021'!AF14 -> 13444869 | Y14: ='[1]October - 2021'!AG14 -> 4725.84 | Z14: ='[1]October - 2021'!AG14 -> 4725.84 | AA14: ='[1]October - 2021'!AI14 -> 13367355 | AB14: ='[1]October - 2021'!AJ14 -> 8477.28 | AC14: ='[1]October - 2021'!AJ14 -> 8477.28 | AD14: ='[1]October - 2021'!AL14 -> 16360420 | AE14: ='[1]October - 2021'!AM14 -> 12764.64 | AF14: ='[1]October - 2021'!AM14 -> 12764.64 | AG14: ='[1]October - 2021'!AO14 -> 16716612 | AH14: ='[1]October - 2021'!AP14 -> 1218 | AI14: ='[1]October - 2021'!AP14 -> 1218 | AJ14: ='[1]October - 2021'!AR14 -> 15103249 | AK14: ='[1]October - 2021'!AS14 -> 5748.96 | AL14: ='[1]October - 2021'!AS14 -> 5748.96 | AM14: ='[1]October - 2021'!AU14 -> 12871678 | AN14: ='[1]October - 2021'!AV14 -> 4579.68 | AO14: ='[1]October - 2021'!AV14 -> 4579.68 | AP14: ='[1]October - 2021'!AX14 -> 12389106 | AQ14: ='[1]October - 2021'!AY14 -> 4092.48 | AR14: ='[1]October - 2021'!AY14 -> 4092.48 | AS14: ='[1]October - 2021'!BA14 -> 9881634 | AT14: ='[1]October - 2021'!BB14 -> 3459.12 | AU14: ='[1]October - 2021'!BB14 -> 3459.12 | AV14: ='[1]October - 2021'!BD14 -> 15274012 | AW14: ='[1]October - 2021'!BE14 -> 6431.04 | AX14: ='[1]October - 2021'!BE14 -> 6431.04 | AZ14: ='[1]October - 2021'!BK14 -> 66338300 | BA14: ='[1]October - 2021'!BL14 -> 43300 | BB14: ='[1]October - 2021'!BL14 -> 43300 | BC14: ='[1]October - 2021'!BN14 -> 68808400 | BD14: ='[1]October - 2021'!BO14 -> 63400 | BE14: ='[1]October - 2021'!BO14 -> 63400 | BF14: ='[1]October - 2021'!BQ14 -> 63303800 | BG14: ='[1]October - 2021'!BR14 -> 0 | BH14: ='[1]October - 2021'!BR14 -> 0 | BS14: ='[1]October - 2021'!BT14 -> 7251320 | BT14: ='[1]October - 2021'!BU14 -> 5910 | BV14: ='[1]October - 2021'!BW14 -> 0.69 | BW14: ='[1]October - 2021'!BX14 -> 0.03 | BX14: ='[1]October - 2021'!BX14 -> 0.03 | BY14: ='[1]October - 2021'!BZ14 -> 55806 | BZ14: ='[1]October - 2021'!CA14 -> 17 | CA14: ='[1]October - 2021'!CB14 -> 47343 | CB14: ='[1]October - 2021'!CC14 -> 18 | CC14: ='[1]October - 2021'!CD14 -> 16366 | CD14: ='[1]October - 2021'!CE14 -> 6 | CE14: ='[1]October - 2021'!CF14 -> 21388 | CF14: ='[1]October - 2021'!CG14 -> 10 | ... CL14: ='[1]October - 2021'!CM14 -> 95 | CM14: ='[1]October - 2021'!CM14 -> 95 | CN14: ='[1]October - 2021'!CO14 -> 173572 | CO14: ='[1]October - 2021'!CP14 -> 83 | CP14: ='[1]October - 2021'!CP14 -> 83 | CQ14: ='[1]October - 2021'!CR14 -> 308195 | CR14: ='[1]October - 2021'!CS14 -> 0 | CS14: ='[1]October - 2021'!CS14 -> 0 | CT14: ='[1]October - 2021'!CU14 -> 605624 | CU14: ='[1]October - 2021'!CV14 -> 207 | CW14: ='[1]October - 2021'!CX14 -> 5830 | CX14: ='[1]October - 2021'!CY14 -> 7 | CY14: ='[1]October - 2021'!CZ14 -> 3372 | CZ14: ='[1]October - 2021'!DA14 -> 7 | DA14: ='[1]October - 2021'!DB14 -> 25722 | DB14: ='[1]October - 2021'!DC14 -> 13 | DC14: ='[1]October - 2021'!DD14 -> 26454 | DD14: ='[1]October - 2021'!DE14 -> 18 | ... DR14: ='[1]October - 2021'!DS14 -> 5 | DT14: ='[1]October - 2021'!DU14 -> 2511.1 | DU14: ='[1]October - 2021'!DV14 -> 10 | DV14: ='[1]October - 2021'!DW14 -> 7714.1 | DW14: ='[1]October - 2021'!DX14 -> 8.3 | DX14: ='[1]October - 2021'!DY14 -> 1890.3 | DY14: ='[1]October - 2021'!DZ14 -> 7.1 | DZ14: ='[1]October - 2021'!EA14 -> 1859.1 | EA14: ='[1]October - 2021'!EB14 -> 11.1 | ... EC14: ='[1]October - 2021'!ED14 -> 658 | ED14: ='[1]October - 2021'!EG14 -> 166425.2 | EE14: ='[1]October - 2021'!EH14 -> 153.3 | EG14: ='[1]October - 2021'!EJ14 -> 10108100 | EH14: ='[1]October - 2021'!EK14 -> 6900 | EI14: ='[1]October - 2021'!EL14 -> 804680 | EJ14: ='[1]October - 2021'!EM14 -> 460 | EK14: ='[1]October - 2021'!EN14 -> 6256400 | EL14: ='[1]October - 2021'!EO14 -> 3000 | EM14: ='[1]October - 2021'!EP14 -> 2210900 | EN14: ='[1]October - 2021'!EQ14 -> 800 | ... ER14: ='[1]October - 2021'!EU14 -> 8500 | ET14: ='[1]October - 2021'!EW14 -> 36527 | EU14: ='[1]October - 2021'!EX14 -> 16 | EV14: ='[1]October - 2021'!EY14 -> 31575 | EW14: ='[1]October - 2021'!EZ14 -> 12 | EX14: ='[1]October - 2021'!FA14 -> 2698 | EY14: ='[1]October - 2021'!FB14 -> 13 | EZ14: ='[1]October - 2021'!FC14 -> 52957 | FA14: ='[1]October - 2021'!FD14 -> 16 | ... FC14: ='[1]October - 2021'!FF14 -> 30
A15: 43836 | B15: ='[1]October - 2021'!B15 -> 0.64 | C15: ='[1]October - 2021'!E15 -> 876605 | D15: ='[1]October - 2021'!F15 -> 792 | E15: ='[1]October - 2021'!G15 -> 513 | F15: ='[1]October - 2021'!H15 -> 63107 | G15: ='[1]October - 2021'!I15 -> 330 | H15: ='[1]October - 2021'!J15 -> 285 | I15: ='[1]October - 2021'!K15 -> 164625 | J15: ='[1]October - 2021'!L15 -> 0 | K15: ='[1]October - 2021'!N15 -> 803216 | L15: ='[1]October - 2021'!O15 -> 418 | M15: ='[1]October - 2021'!Q15 -> 184423 | N15: ='[1]October - 2021'!R15 -> 203 | O15: ='[1]October - 2021'!S15 -> 43303.33 | P15: ='[1]October - 2021'!T15 -> 224.28 | Q15: ='[1]October - 2021'!U15 -> 151 | R15: ='[1]October - 2021'!V15 -> 2443 | S15: ='[1]October - 2021'!W15 -> 39 | U15: ='[1]October - 2021'!AC15 -> 6991466.2 | V15: ='[1]October - 2021'!AD15 -> 2484.72 | W15: ='[1]October - 2021'!AD15 -> 2484.72 | X15: ='[1]October - 2021'!AF15 -> 13449643 | Y15: ='[1]October - 2021'!AG15 -> 4774.56 | Z15: ='[1]October - 2021'!AG15 -> 4774.56 | AA15: ='[1]October - 2021'!AI15 -> 13376076 | AB15: ='[1]October - 2021'!AJ15 -> 8720.88 | AC15: ='[1]October - 2021'!AJ15 -> 8720.88 | AD15: ='[1]October - 2021'!AL15 -> 16372015 | AE15: ='[1]October - 2021'!AM15 -> 11595.36 | AF15: ='[1]October - 2021'!AM15 -> 11595.36 | AG15: ='[1]October - 2021'!AO15 -> 16717732 | AH15: ='[1]October - 2021'!AP15 -> 1120.56 | AI15: ='[1]October - 2021'!AP15 -> 1120.56 | AJ15: ='[1]October - 2021'!AR15 -> 15109241 | AK15: ='[1]October - 2021'!AS15 -> 5992.56 | AL15: ='[1]October - 2021'!AS15 -> 5992.56 | AM15: ='[1]October - 2021'!AU15 -> 12876258 | AN15: ='[1]October - 2021'!AV15 -> 4579.68 | AO15: ='[1]October - 2021'!AV15 -> 4579.68 | AP15: ='[1]October - 2021'!AX15 -> 12393296 | AQ15: ='[1]October - 2021'!AY15 -> 4189.92 | AR15: ='[1]October - 2021'!AY15 -> 4189.92 | AS15: ='[1]October - 2021'!BA15 -> 9885141.8 | AT15: ='[1]October - 2021'!BB15 -> 3507.84 | AU15: ='[1]October - 2021'!BB15 -> 3507.84 | AV15: ='[1]October - 2021'!BD15 -> 15280151 | AW15: ='[1]October - 2021'!BE15 -> 6138.72 | AX15: ='[1]October - 2021'!BE15 -> 6138.72 | AZ15: ='[1]October - 2021'!BK15 -> 66383200 | BA15: ='[1]October - 2021'!BL15 -> 44900 | BB15: ='[1]October - 2021'!BL15 -> 44900 | BC15: ='[1]October - 2021'!BN15 -> 68865900 | BD15: ='[1]October - 2021'!BO15 -> 57500 | BE15: ='[1]October - 2021'!BO15 -> 57500 | BF15: ='[1]October - 2021'!BQ15 -> 63303800 | BG15: ='[1]October - 2021'!BR15 -> 0 | BH15: ='[1]October - 2021'!BR15 -> 0 | BS15: ='[1]October - 2021'!BT15 -> 7257790 | BT15: ='[1]October - 2021'!BU15 -> 6470 | BV15: ='[1]October - 2021'!BW15 -> 0.65 | BW15: ='[1]October - 2021'!BX15 -> 0.04 | BX15: ='[1]October - 2021'!BX15 -> 0.04 | BY15: ='[1]October - 2021'!BZ15 -> 55824 | BZ15: ='[1]October - 2021'!CA15 -> 18 | CA15: ='[1]October - 2021'!CB15 -> 47361 | CB15: ='[1]October - 2021'!CC15 -> 18 | CC15: ='[1]October - 2021'!CD15 -> 16372 | CD15: ='[1]October - 2021'!CE15 -> 6 | CE15: ='[1]October - 2021'!CF15 -> 21397 | CF15: ='[1]October - 2021'!CG15 -> 9 | ... CL15: ='[1]October - 2021'!CM15 -> 96 | CM15: ='[1]October - 2021'!CM15 -> 96 | CN15: ='[1]October - 2021'!CO15 -> 173659 | CO15: ='[1]October - 2021'!CP15 -> 87 | CP15: ='[1]October - 2021'!CP15 -> 87 | CQ15: ='[1]October - 2021'!CR15 -> 308195 | CR15: ='[1]October - 2021'!CS15 -> 0 | CS15: ='[1]October - 2021'!CS15 -> 0 | CT15: ='[1]October - 2021'!CU15 -> 605819 | CU15: ='[1]October - 2021'!CV15 -> 195 | CW15: ='[1]October - 2021'!CX15 -> 5838 | CX15: ='[1]October - 2021'!CY15 -> 8 | CY15: ='[1]October - 2021'!CZ15 -> 3379 | CZ15: ='[1]October - 2021'!DA15 -> 7 | DA15: ='[1]October - 2021'!DB15 -> 25736 | DB15: ='[1]October - 2021'!DC15 -> 14 | DC15: ='[1]October - 2021'!DD15 -> 26471 | DD15: ='[1]October - 2021'!DE15 -> 17 | ... DR15: ='[1]October - 2021'!DS15 -> 6 | DT15: ='[1]October - 2021'!DU15 -> 2521.5 | DU15: ='[1]October - 2021'!DV15 -> 10.4 | DV15: ='[1]October - 2021'!DW15 -> 7722.8 | DW15: ='[1]October - 2021'!DX15 -> 8.7 | DX15: ='[1]October - 2021'!DY15 -> 1897.6 | DY15: ='[1]October - 2021'!DZ15 -> 7.3 | DZ15: ='[1]October - 2021'!EA15 -> 1870.2 | EA15: ='[1]October - 2021'!EB15 -> 11.1 | ... EC15: ='[1]October - 2021'!ED15 -> 717 | ED15: ='[1]October - 2021'!EG15 -> 166575 | EE15: ='[1]October - 2021'!EH15 -> 149.8 | EG15: ='[1]October - 2021'!EJ15 -> 10115500 | EH15: ='[1]October - 2021'!EK15 -> 7400 | EI15: ='[1]October - 2021'!EL15 -> 805170 | EJ15: ='[1]October - 2021'!EM15 -> 490 | EK15: ='[1]October - 2021'!EN15 -> 6259600 | EL15: ='[1]October - 2021'!EO15 -> 3200 | EM15: ='[1]October - 2021'!EP15 -> 2211800 | EN15: ='[1]October - 2021'!EQ15 -> 900 | ... ER15: ='[1]October - 2021'!EU15 -> 9100 | ET15: ='[1]October - 2021'!EW15 -> 36543 | EU15: ='[1]October - 2021'!EX15 -> 16 | EV15: ='[1]October - 2021'!EY15 -> 31586 | EW15: ='[1]October - 2021'!EZ15 -> 11 | EX15: ='[1]October - 2021'!FA15 -> 2711 | EY15: ='[1]October - 2021'!FB15 -> 13 | EZ15: ='[1]October - 2021'!FC15 -> 52975 | FA15: ='[1]October - 2021'!FD15 -> 18 | ... FC15: ='[1]October - 2021'!FF15 -> 32
A16: 43837 | B16: ='[1]October - 2021'!B16 -> 0 | C16: ='[1]October - 2021'!E16 -> 0 | D16: ='[1]October - 2021'!F16 -> -876605 | E16: ='[1]October - 2021'!G16 -> 509 | F16: ='[1]October - 2021'!H16 -> 0 | G16: ='[1]October - 2021'!I16 -> -63107 | H16: ='[1]October - 2021'!J16 -> 303 | I16: ='[1]October - 2021'!K16 -> 0 | J16: ='[1]October - 2021'!L16 -> -164625 | K16: ='[1]October - 2021'!N16 -> 0 | L16: ='[1]October - 2021'!O16 -> -803216 | M16: ='[1]October - 2021'!Q16 -> 0 | N16: ='[1]October - 2021'!R16 -> -184423 | O16: ='[1]October - 2021'!S16 -> 0 | P16: ='[1]October - 2021'!T16 -> -43303.33 | Q16: ='[1]October - 2021'!U16 -> 123 | R16: ='[1]October - 2021'!V16 -> 0 | S16: ='[1]October - 2021'!W16 -> -2443 | U16: ='[1]October - 2021'!AC16 -> 0 | V16: ='[1]October - 2021'!AD16 -> -6991466.2 | W16: ='[1]October - 2021'!AD16 -> -6991466.2 | X16: ='[1]October - 2021'!AF16 -> 0 | Y16: ='[1]October - 2021'!AG16 -> -13449643 | Z16: ='[1]October - 2021'!AG16 -> -13449643 | AA16: ='[1]October - 2021'!AI16 -> 0 | AB16: ='[1]October - 2021'!AJ16 -> -13376076 | AC16: ='[1]October - 2021'!AJ16 -> -13376076 | AD16: ='[1]October - 2021'!AL16 -> 0 | AE16: ='[1]October - 2021'!AM16 -> -16372015 | AF16: ='[1]October - 2021'!AM16 -> -16372015 | AG16: ='[1]October - 2021'!AO16 -> 0 | AH16: ='[1]October - 2021'!AP16 -> -16717732 | AI16: ='[1]October - 2021'!AP16 -> -16717732 | AJ16: ='[1]October - 2021'!AR16 -> 0 | AK16: ='[1]October - 2021'!AS16 -> -15109241 | AL16: ='[1]October - 2021'!AS16 -> -15109241 | AM16: ='[1]October - 2021'!AU16 -> 0 | AN16: ='[1]October - 2021'!AV16 -> -12876258 | AO16: ='[1]October - 2021'!AV16 -> -12876258 | AP16: ='[1]October - 2021'!AX16 -> 0 | AQ16: ='[1]October - 2021'!AY16 -> -12393296 | AR16: ='[1]October - 2021'!AY16 -> -12393296 | AS16: ='[1]October - 2021'!BA16 -> 0 | AT16: ='[1]October - 2021'!BB16 -> -9885141.8 | AU16: ='[1]October - 2021'!BB16 -> -9885141.8 | AV16: ='[1]October - 2021'!BD16 -> 0 | AW16: ='[1]October - 2021'!BE16 -> -15280151 | AX16: ='[1]October - 2021'!BE16 -> -15280151 | AZ16: ='[1]October - 2021'!BK16 -> 0 | BA16: ='[1]October - 2021'!BL16 -> -66383200 | BB16: ='[1]October - 2021'!BL16 -> -66383200 | BC16: ='[1]October - 2021'!BN16 -> 0 | BD16: ='[1]October - 2021'!BO16 -> -68865900 | BE16: ='[1]October - 2021'!BO16 -> -68865900 | BF16: ='[1]October - 2021'!BQ16 -> 0 | BG16: ='[1]October - 2021'!BR16 -> -63303800 | BH16: ='[1]October - 2021'!BR16 -> -63303800 | BS16: ='[1]October - 2021'!BT16 -> 0 | BT16: ='[1]October - 2021'!BU16 -> -7257790 | BV16: ='[1]October - 2021'!BW16 -> 0 | BW16: ='[1]October - 2021'!BX16 -> 0.65 | BX16: ='[1]October - 2021'!BX16 -> 0.65 | BY16: ='[1]October - 2021'!BZ16 -> 0 | BZ16: ='[1]October - 2021'!CA16 -> -55824 | CA16: ='[1]October - 2021'!CB16 -> 0 | CB16: ='[1]October - 2021'!CC16 -> -47361 | CC16: ='[1]October - 2021'!CD16 -> 0 | CD16: ='[1]October - 2021'!CE16 -> -16372 | CE16: ='[1]October - 2021'!CF16 -> 0 | CF16: ='[1]October - 2021'!CG16 -> -21397 | ... CL16: ='[1]October - 2021'!CM16 -> -227878 | CM16: ='[1]October - 2021'!CM16 -> -227878 | CN16: ='[1]October - 2021'!CO16 -> 0 | CO16: ='[1]October - 2021'!CP16 -> -173659 | CP16: ='[1]October - 2021'!CP16 -> -173659 | CQ16: ='[1]October - 2021'!CR16 -> 0 | CR16: ='[1]October - 2021'!CS16 -> -308195 | CS16: ='[1]October - 2021'!CS16 -> -308195 | CT16: ='[1]October - 2021'!CU16 -> 0 | CU16: ='[1]October - 2021'!CV16 -> -605819 | CW16: ='[1]October - 2021'!CX16 -> 0 | CX16: ='[1]October - 2021'!CY16 -> -5838 | CY16: ='[1]October - 2021'!CZ16 -> 0 | CZ16: ='[1]October - 2021'!DA16 -> -3379 | DA16: ='[1]October - 2021'!DB16 -> 0 | DB16: ='[1]October - 2021'!DC16 -> -25736 | DC16: ='[1]October - 2021'!DD16 -> 0 | DD16: ='[1]October - 2021'!DE16 -> -26471 | ... DR16: ='[1]October - 2021'!DS16 -> -26019 | DT16: ='[1]October - 2021'!DU16 -> 0 | DU16: ='[1]October - 2021'!DV16 -> -2521.5 | DV16: ='[1]October - 2021'!DW16 -> 0 | DW16: ='[1]October - 2021'!DX16 -> -7722.8 | DX16: ='[1]October - 2021'!DY16 -> 0 | DY16: ='[1]October - 2021'!DZ16 -> -1897.6 | DZ16: ='[1]October - 2021'!EA16 -> 0 | EA16: ='[1]October - 2021'!EB16 -> -1870.2 | ... EC16: ='[1]October - 2021'!ED16 -> -830956 | ED16: ='[1]October - 2021'!EG16 -> 0 | EE16: ='[1]October - 2021'!EH16 -> -166575 | EG16: ='[1]October - 2021'!EJ16 -> 0 | EH16: ='[1]October - 2021'!EK16 -> -10115500 | EI16: ='[1]October - 2021'!EL16 -> 0 | EJ16: ='[1]October - 2021'!EM16 -> -805170 | EK16: ='[1]October - 2021'!EN16 -> 0 | EL16: ='[1]October - 2021'!EO16 -> -6259600 | EM16: ='[1]October - 2021'!EP16 -> 0 | EN16: ='[1]October - 2021'!EQ16 -> -2211800 | ... ER16: ='[1]October - 2021'!EU16 -> -13961900 | ET16: ='[1]October - 2021'!EW16 -> 0 | EU16: ='[1]October - 2021'!EX16 -> -36543 | EV16: ='[1]October - 2021'!EY16 -> 0 | EW16: ='[1]October - 2021'!EZ16 -> -31586 | EX16: ='[1]October - 2021'!FA16 -> 0 | EY16: ='[1]October - 2021'!FB16 -> -2711 | EZ16: ='[1]October - 2021'!FC16 -> 0 | FA16: ='[1]October - 2021'!FD16 -> -52975 | ... FC16: ='[1]October - 2021'!FF16 -> -35699
A17: 43838 | B17: ='[1]October - 2021'!B17 -> 0 | C17: ='[1]October - 2021'!E17 -> 0 | D17: ='[1]October - 2021'!F17 -> 0 | E17: ='[1]October - 2021'!G17 -> 563 | F17: ='[1]October - 2021'!H17 -> 0 | G17: ='[1]October - 2021'!I17 -> 0 | H17: ='[1]October - 2021'!J17 -> 321 | I17: ='[1]October - 2021'!K17 -> 0 | J17: ='[1]October - 2021'!L17 -> 0 | K17: ='[1]October - 2021'!N17 -> 0 | L17: ='[1]October - 2021'!O17 -> 0 | M17: ='[1]October - 2021'!Q17 -> 0 | N17: ='[1]October - 2021'!R17 -> 0 | O17: ='[1]October - 2021'!S17 -> 0 | P17: ='[1]October - 2021'!T17 -> 0 | Q17: ='[1]October - 2021'!U17 -> 137 | R17: ='[1]October - 2021'!V17 -> 0 | S17: ='[1]October - 2021'!W17 -> 0 | U17: ='[1]October - 2021'!AC17 -> 0 | V17: ='[1]October - 2021'!AD17 -> 0 | W17: ='[1]October - 2021'!AD17 -> 0 | X17: ='[1]October - 2021'!AF17 -> 0 | Y17: ='[1]October - 2021'!AG17 -> 0 | Z17: ='[1]October - 2021'!AG17 -> 0 | AA17: ='[1]October - 2021'!AI17 -> 0 | AB17: ='[1]October - 2021'!AJ17 -> 0 | AC17: ='[1]October - 2021'!AJ17 -> 0 | AD17: ='[1]October - 2021'!AL17 -> 0 | AE17: ='[1]October - 2021'!AM17 -> 0 | AF17: ='[1]October - 2021'!AM17 -> 0 | AG17: ='[1]October - 2021'!AO17 -> 0 | AH17: ='[1]October - 2021'!AP17 -> 0 | AI17: ='[1]October - 2021'!AP17 -> 0 | AJ17: ='[1]October - 2021'!AR17 -> 0 | AK17: ='[1]October - 2021'!AS17 -> 0 | AL17: ='[1]October - 2021'!AS17 -> 0 | AM17: ='[1]October - 2021'!AU17 -> 0 | AN17: ='[1]October - 2021'!AV17 -> 0 | AO17: ='[1]October - 2021'!AV17 -> 0 | AP17: ='[1]October - 2021'!AX17 -> 0 | AQ17: ='[1]October - 2021'!AY17 -> 0 | AR17: ='[1]October - 2021'!AY17 -> 0 | AS17: ='[1]October - 2021'!BA17 -> 0 | AT17: ='[1]October - 2021'!BB17 -> 0 | AU17: ='[1]October - 2021'!BB17 -> 0 | AV17: ='[1]October - 2021'!BD17 -> 0 | AW17: ='[1]October - 2021'!BE17 -> 0 | AX17: ='[1]October - 2021'!BE17 -> 0 | AZ17: ='[1]October - 2021'!BK17 -> 0 | BA17: ='[1]October - 2021'!BL17 -> 0 | BB17: ='[1]October - 2021'!BL17 -> 0 | BC17: ='[1]October - 2021'!BN17 -> 0 | BD17: ='[1]October - 2021'!BO17 -> 0 | BE17: ='[1]October - 2021'!BO17 -> 0 | BF17: ='[1]October - 2021'!BQ17 -> 0 | BG17: ='[1]October - 2021'!BR17 -> 0 | BH17: ='[1]October - 2021'!BR17 -> 0 | BS17: ='[1]October - 2021'!BT17 -> 0 | BT17: ='[1]October - 2021'!BU17 -> 0 | BV17: ='[1]October - 2021'!BW17 -> 0 | BW17: ='[1]October - 2021'!BX17 -> 0 | BX17: ='[1]October - 2021'!BX17 -> 0 | BY17: ='[1]October - 2021'!BZ17 -> 0 | BZ17: ='[1]October - 2021'!CA17 -> 0 | CA17: ='[1]October - 2021'!CB17 -> 0 | CB17: ='[1]October - 2021'!CC17 -> 0 | CC17: ='[1]October - 2021'!CD17 -> 0 | CD17: ='[1]October - 2021'!CE17 -> 0 | CE17: ='[1]October - 2021'!CF17 -> 0 | CF17: ='[1]October - 2021'!CG17 -> 0 | ... CL17: ='[1]October - 2021'!CM17 -> 0 | CM17: ='[1]October - 2021'!CM17 -> 0 | CN17: ='[1]October - 2021'!CO17 -> 0 | CO17: ='[1]October - 2021'!CP17 -> 0 | CP17: ='[1]October - 2021'!CP17 -> 0 | CQ17: ='[1]October - 2021'!CR17 -> 0 | CR17: ='[1]October - 2021'!CS17 -> 0 | CS17: ='[1]October - 2021'!CS17 -> 0 | CT17: ='[1]October - 2021'!CU17 -> 0 | CU17: ='[1]October - 2021'!CV17 -> 0 | CW17: ='[1]October - 2021'!CX17 -> 0 | CX17: ='[1]October - 2021'!CY17 -> 0 | CY17: ='[1]October - 2021'!CZ17 -> 0 | CZ17: ='[1]October - 2021'!DA17 -> 0 | DA17: ='[1]October - 2021'!DB17 -> 0 | DB17: ='[1]October - 2021'!DC17 -> 0 | DC17: ='[1]October - 2021'!DD17 -> 0 | DD17: ='[1]October - 2021'!DE17 -> 0 | ... DR17: ='[1]October - 2021'!DS17 -> 0 | DT17: ='[1]October - 2021'!DU17 -> 0 | DU17: ='[1]October - 2021'!DV17 -> 0 | DV17: ='[1]October - 2021'!DW17 -> 0 | DW17: ='[1]October - 2021'!DX17 -> 0 | DX17: ='[1]October - 2021'!DY17 -> 0 | DY17: ='[1]October - 2021'!DZ17 -> 0 | DZ17: ='[1]October - 2021'!EA17 -> 0 | EA17: ='[1]October - 2021'!EB17 -> 0 | ... EC17: ='[1]October - 2021'!ED17 -> 0 | ED17: ='[1]October - 2021'!EG17 -> 0 | EE17: ='[1]October - 2021'!EH17 -> 0 | EG17: ='[1]October - 2021'!EJ17 -> 0 | EH17: ='[1]October - 2021'!EK17 -> 0 | EI17: ='[1]October - 2021'!EL17 -> 0 | EJ17: ='[1]October - 2021'!EM17 -> 0 | EK17: ='[1]October - 2021'!EN17 -> 0 | EL17: ='[1]October - 2021'!EO17 -> 0 | EM17: ='[1]October - 2021'!EP17 -> 0 | EN17: ='[1]October - 2021'!EQ17 -> 0 | ... ER17: ='[1]October - 2021'!EU17 -> 0 | ET17: ='[1]October - 2021'!EW17 -> 0 | EU17: ='[1]October - 2021'!EX17 -> 0 | EV17: ='[1]October - 2021'!EY17 -> 0 | EW17: ='[1]October - 2021'!EZ17 -> 0 | EX17: ='[1]October - 2021'!FA17 -> 0 | EY17: ='[1]October - 2021'!FB17 -> 0 | EZ17: ='[1]October - 2021'!FC17 -> 0 | FA17: ='[1]October - 2021'!FD17 -> 0 | ... FC17: ='[1]October - 2021'!FF17 -> 0
A18: 43839 | B18: ='[1]October - 2021'!B18 -> 0 | C18: ='[1]October - 2021'!E18 -> 0 | D18: ='[1]October - 2021'!F18 -> 0 | E18: ='[1]October - 2021'!G18 -> 567 | F18: ='[1]October - 2021'!H18 -> 0 | G18: ='[1]October - 2021'!I18 -> 0 | H18: ='[1]October - 2021'!J18 -> 346 | I18: ='[1]October - 2021'!K18 -> 0 | J18: ='[1]October - 2021'!L18 -> 0 | K18: ='[1]October - 2021'!N18 -> 0 | L18: ='[1]October - 2021'!O18 -> 0 | M18: ='[1]October - 2021'!Q18 -> 0 | N18: ='[1]October - 2021'!R18 -> 0 | O18: ='[1]October - 2021'!S18 -> 0 | P18: ='[1]October - 2021'!T18 -> 0 | Q18: ='[1]October - 2021'!U18 -> 130 | R18: ='[1]October - 2021'!V18 -> 0 | S18: ='[1]October - 2021'!W18 -> 0 | U18: ='[1]October - 2021'!AC18 -> 0 | V18: ='[1]October - 2021'!AD18 -> 0 | W18: ='[1]October - 2021'!AD18 -> 0 | X18: ='[1]October - 2021'!AF18 -> 0 | Y18: ='[1]October - 2021'!AG18 -> 0 | Z18: ='[1]October - 2021'!AG18 -> 0 | AA18: ='[1]October - 2021'!AI18 -> 0 | AB18: ='[1]October - 2021'!AJ18 -> 0 | AC18: ='[1]October - 2021'!AJ18 -> 0 | AD18: ='[1]October - 2021'!AL18 -> 0 | AE18: ='[1]October - 2021'!AM18 -> 0 | AF18: ='[1]October - 2021'!AM18 -> 0 | AG18: ='[1]October - 2021'!AO18 -> 0 | AH18: ='[1]October - 2021'!AP18 -> 0 | AI18: ='[1]October - 2021'!AP18 -> 0 | AJ18: ='[1]October - 2021'!AR18 -> 0 | AK18: ='[1]October - 2021'!AS18 -> 0 | AL18: ='[1]October - 2021'!AS18 -> 0 | AM18: ='[1]October - 2021'!AU18 -> 0 | AN18: ='[1]October - 2021'!AV18 -> 0 | AO18: ='[1]October - 2021'!AV18 -> 0 | AP18: ='[1]October - 2021'!AX18 -> 0 | AQ18: ='[1]October - 2021'!AY18 -> 0 | AR18: ='[1]October - 2021'!AY18 -> 0 | AS18: ='[1]October - 2021'!BA18 -> 0 | AT18: ='[1]October - 2021'!BB18 -> 0 | AU18: ='[1]October - 2021'!BB18 -> 0 | AV18: ='[1]October - 2021'!BD18 -> 0 | AW18: ='[1]October - 2021'!BE18 -> 0 | AX18: ='[1]October - 2021'!BE18 -> 0 | AZ18: ='[1]October - 2021'!BK18 -> 0 | BA18: ='[1]October - 2021'!BL18 -> 0 | BB18: ='[1]October - 2021'!BL18 -> 0 | BC18: ='[1]October - 2021'!BN18 -> 0 | BD18: ='[1]October - 2021'!BO18 -> 0 | BE18: ='[1]October - 2021'!BO18 -> 0 | BF18: ='[1]October - 2021'!BQ18 -> 0 | BG18: ='[1]October - 2021'!BR18 -> 0 | BH18: ='[1]October - 2021'!BR18 -> 0 | BS18: ='[1]October - 2021'!BT18 -> 0 | BT18: ='[1]October - 2021'!BU18 -> 0 | BV18: ='[1]October - 2021'!BW18 -> 0 | BW18: ='[1]October - 2021'!BX18 -> 0 | BX18: ='[1]October - 2021'!BX18 -> 0 | BY18: ='[1]October - 2021'!BZ18 -> 0 | BZ18: ='[1]October - 2021'!CA18 -> 0 | CA18: ='[1]October - 2021'!CB18 -> 0 | CB18: ='[1]October - 2021'!CC18 -> 0 | CC18: ='[1]October - 2021'!CD18 -> 0 | CD18: ='[1]October - 2021'!CE18 -> 0 | CE18: ='[1]October - 2021'!CF18 -> 0 | CF18: ='[1]October - 2021'!CG18 -> 0 | ... CL18: ='[1]October - 2021'!CM18 -> 0 | CM18: ='[1]October - 2021'!CM18 -> 0 | CN18: ='[1]October - 2021'!CO18 -> 0 | CO18: ='[1]October - 2021'!CP18 -> 0 | CP18: ='[1]October - 2021'!CP18 -> 0 | CQ18: ='[1]October - 2021'!CR18 -> 0 | CR18: ='[1]October - 2021'!CS18 -> 0 | CS18: ='[1]October - 2021'!CS18 -> 0 | CT18: ='[1]October - 2021'!CU18 -> 0 | CU18: ='[1]October - 2021'!CV18 -> 0 | CW18: ='[1]October - 2021'!CX18 -> 0 | CX18: ='[1]October - 2021'!CY18 -> 0 | CY18: ='[1]October - 2021'!CZ18 -> 0 | CZ18: ='[1]October - 2021'!DA18 -> 0 | DA18: ='[1]October - 2021'!DB18 -> 0 | DB18: ='[1]October - 2021'!DC18 -> 0 | DC18: ='[1]October - 2021'!DD18 -> 0 | DD18: ='[1]October - 2021'!DE18 -> 0 | ... DR18: ='[1]October - 2021'!DS18 -> 0 | DT18: ='[1]October - 2021'!DU18 -> 0 | DU18: ='[1]October - 2021'!DV18 -> 0 | DV18: ='[1]October - 2021'!DW18 -> 0 | DW18: ='[1]October - 2021'!DX18 -> 0 | DX18: ='[1]October - 2021'!DY18 -> 0 | DY18: ='[1]October - 2021'!DZ18 -> 0 | DZ18: ='[1]October - 2021'!EA18 -> 0 | EA18: ='[1]October - 2021'!EB18 -> 0 | ... EC18: ='[1]October - 2021'!ED18 -> 0 | ED18: ='[1]October - 2021'!EG18 -> 0 | EE18: ='[1]October - 2021'!EH18 -> 0 | EG18: ='[1]October - 2021'!EJ18 -> 0 | EH18: ='[1]October - 2021'!EK18 -> 0 | EI18: ='[1]October - 2021'!EL18 -> 0 | EJ18: ='[1]October - 2021'!EM18 -> 0 | EK18: ='[1]October - 2021'!EN18 -> 0 | EL18: ='[1]October - 2021'!EO18 -> 0 | EM18: ='[1]October - 2021'!EP18 -> 0 | EN18: ='[1]October - 2021'!EQ18 -> 0 | ... ER18: ='[1]October - 2021'!EU18 -> 0 | ET18: ='[1]October - 2021'!EW18 -> 0 | EU18: ='[1]October - 2021'!EX18 -> 0 | EV18: ='[1]October - 2021'!EY18 -> 0 | EW18: ='[1]October - 2021'!EZ18 -> 0 | EX18: ='[1]October - 2021'!FA18 -> 0 | EY18: ='[1]October - 2021'!FB18 -> 0 | EZ18: ='[1]October - 2021'!FC18 -> 0 | FA18: ='[1]October - 2021'!FD18 -> 0 | ... FC18: ='[1]October - 2021'!FF18 -> 0
A19: 43840 | B19: ='[1]October - 2021'!B19 -> 0 | C19: ='[1]October - 2021'!E19 -> 0 | D19: ='[1]October - 2021'!F19 -> 0 | E19: ='[1]October - 2021'!G19 -> 524 | F19: ='[1]October - 2021'!H19 -> 0 | G19: ='[1]October - 2021'!I19 -> 0 | H19: ='[1]October - 2021'!J19 -> 302 | I19: ='[1]October - 2021'!K19 -> 0 | J19: ='[1]October - 2021'!L19 -> 0 | K19: ='[1]October - 2021'!N19 -> 0 | L19: ='[1]October - 2021'!O19 -> 0 | M19: ='[1]October - 2021'!Q19 -> 0 | N19: ='[1]October - 2021'!R19 -> 0 | O19: ='[1]October - 2021'!S19 -> 0 | P19: ='[1]October - 2021'!T19 -> 0 | Q19: ='[1]October - 2021'!U19 -> 129 | R19: ='[1]October - 2021'!V19 -> 0 | S19: ='[1]October - 2021'!W19 -> 0 | U19: ='[1]October - 2021'!AC19 -> 0 | V19: ='[1]October - 2021'!AD19 -> 0 | W19: ='[1]October - 2021'!AD19 -> 0 | X19: ='[1]October - 2021'!AF19 -> 0 | Y19: ='[1]October - 2021'!AG19 -> 0 | Z19: ='[1]October - 2021'!AG19 -> 0 | AA19: ='[1]October - 2021'!AI19 -> 0 | AB19: ='[1]October - 2021'!AJ19 -> 0 | AC19: ='[1]October - 2021'!AJ19 -> 0 | AD19: ='[1]October - 2021'!AL19 -> 0 | AE19: ='[1]October - 2021'!AM19 -> 0 | AF19: ='[1]October - 2021'!AM19 -> 0 | AG19: ='[1]October - 2021'!AO19 -> 0 | AH19: ='[1]October - 2021'!AP19 -> 0 | AI19: ='[1]October - 2021'!AP19 -> 0 | AJ19: ='[1]October - 2021'!AR19 -> 0 | AK19: ='[1]October - 2021'!AS19 -> 0 | AL19: ='[1]October - 2021'!AS19 -> 0 | AM19: ='[1]October - 2021'!AU19 -> 0 | AN19: ='[1]October - 2021'!AV19 -> 0 | AO19: ='[1]October - 2021'!AV19 -> 0 | AP19: ='[1]October - 2021'!AX19 -> 0 | AQ19: ='[1]October - 2021'!AY19 -> 0 | AR19: ='[1]October - 2021'!AY19 -> 0 | AS19: ='[1]October - 2021'!BA19 -> 0 | AT19: ='[1]October - 2021'!BB19 -> 0 | AU19: ='[1]October - 2021'!BB19 -> 0 | AV19: ='[1]October - 2021'!BD19 -> 0 | AW19: ='[1]October - 2021'!BE19 -> 0 | AX19: ='[1]October - 2021'!BE19 -> 0 | AZ19: ='[1]October - 2021'!BK19 -> 0 | BA19: ='[1]October - 2021'!BL19 -> 0 | BB19: ='[1]October - 2021'!BL19 -> 0 | BC19: ='[1]October - 2021'!BN19 -> 0 | BD19: ='[1]October - 2021'!BO19 -> 0 | BE19: ='[1]October - 2021'!BO19 -> 0 | BF19: ='[1]October - 2021'!BQ19 -> 0 | BG19: ='[1]October - 2021'!BR19 -> 0 | BH19: ='[1]October - 2021'!BR19 -> 0 | BS19: ='[1]October - 2021'!BT19 -> 0 | BT19: ='[1]October - 2021'!BU19 -> 0 | BV19: ='[1]October - 2021'!BW19 -> 0 | BW19: ='[1]October - 2021'!BX19 -> 0 | BX19: ='[1]October - 2021'!BX19 -> 0 | BY19: ='[1]October - 2021'!BZ19 -> 0 | BZ19: ='[1]October - 2021'!CA19 -> 0 | CA19: ='[1]October - 2021'!CB19 -> 0 | CB19: ='[1]October - 2021'!CC19 -> 0 | CC19: ='[1]October - 2021'!CD19 -> 0 | CD19: ='[1]October - 2021'!CE19 -> 0 | CE19: ='[1]October - 2021'!CF19 -> 0 | CF19: ='[1]October - 2021'!CG19 -> 0 | ... CL19: ='[1]October - 2021'!CM19 -> 0 | CM19: ='[1]October - 2021'!CM19 -> 0 | CN19: ='[1]October - 2021'!CO19 -> 0 | CO19: ='[1]October - 2021'!CP19 -> 0 | CP19: ='[1]October - 2021'!CP19 -> 0 | CQ19: ='[1]October - 2021'!CR19 -> 0 | CR19: ='[1]October - 2021'!CS19 -> 0 | CS19: ='[1]October - 2021'!CS19 -> 0 | CT19: ='[1]October - 2021'!CU19 -> 0 | CU19: ='[1]October - 2021'!CV19 -> 0 | CW19: ='[1]October - 2021'!CX19 -> 0 | CX19: ='[1]October - 2021'!CY19 -> 0 | CY19: ='[1]October - 2021'!CZ19 -> 0 | CZ19: ='[1]October - 2021'!DA19 -> 0 | DA19: ='[1]October - 2021'!DB19 -> 0 | DB19: ='[1]October - 2021'!DC19 -> 0 | DC19: ='[1]October - 2021'!DD19 -> 0 | DD19: ='[1]October - 2021'!DE19 -> 0 | ... DR19: ='[1]October - 2021'!DS19 -> 0 | DT19: ='[1]October - 2021'!DU19 -> 0 | DU19: ='[1]October - 2021'!DV19 -> 0 | DV19: ='[1]October - 2021'!DW19 -> 0 | DW19: ='[1]October - 2021'!DX19 -> 0 | DX19: ='[1]October - 2021'!DY19 -> 0 | DY19: ='[1]October - 2021'!DZ19 -> 0 | DZ19: ='[1]October - 2021'!EA19 -> 0 | EA19: ='[1]October - 2021'!EB19 -> 0 | ... EC19: ='[1]October - 2021'!ED19 -> 0 | ED19: ='[1]October - 2021'!EG19 -> 0 | EE19: ='[1]October - 2021'!EH19 -> 0 | EG19: ='[1]October - 2021'!EJ19 -> 0 | EH19: ='[1]October - 2021'!EK19 -> 0 | EI19: ='[1]October - 2021'!EL19 -> 0 | EJ19: ='[1]October - 2021'!EM19 -> 0 | EK19: ='[1]October - 2021'!EN19 -> 0 | EL19: ='[1]October - 2021'!EO19 -> 0 | EM19: ='[1]October - 2021'!EP19 -> 0 | EN19: ='[1]October - 2021'!EQ19 -> 0 | ... ER19: ='[1]October - 2021'!EU19 -> 0 | ET19: ='[1]October - 2021'!EW19 -> 0 | EU19: ='[1]October - 2021'!EX19 -> 0 | EV19: ='[1]October - 2021'!EY19 -> 0 | EW19: ='[1]October - 2021'!EZ19 -> 0 | EX19: ='[1]October - 2021'!FA19 -> 0 | EY19: ='[1]October - 2021'!FB19 -> 0 | EZ19: ='[1]October - 2021'!FC19 -> 0 | FA19: ='[1]October - 2021'!FD19 -> 0 | ... FC19: ='[1]October - 2021'!FF19 -> 0
A20: 43841 | B20: ='[1]October - 2021'!B20 -> 0 | C20: ='[1]October - 2021'!E20 -> 0 | D20: ='[1]October - 2021'!F20 -> 0 | E20: ='[1]October - 2021'!G20 -> 501 | F20: ='[1]October - 2021'!H20 -> 0 | G20: ='[1]October - 2021'!I20 -> 0 | H20: ='[1]October - 2021'!J20 -> 328 | I20: ='[1]October - 2021'!K20 -> 0 | J20: ='[1]October - 2021'!L20 -> 0 | K20: ='[1]October - 2021'!N20 -> 0 | L20: ='[1]October - 2021'!O20 -> 0 | M20: ='[1]October - 2021'!Q20 -> 0 | N20: ='[1]October - 2021'!R20 -> 0 | O20: ='[1]October - 2021'!S20 -> 0 | P20: ='[1]October - 2021'!T20 -> 0 | Q20: ='[1]October - 2021'!U20 -> 97 | R20: ='[1]October - 2021'!V20 -> 0 | S20: ='[1]October - 2021'!W20 -> 0 | U20: ='[1]October - 2021'!AC20 -> 0 | V20: ='[1]October - 2021'!AD20 -> 0 | W20: ='[1]October - 2021'!AD20 -> 0 | X20: ='[1]October - 2021'!AF20 -> 0 | Y20: ='[1]October - 2021'!AG20 -> 0 | Z20: ='[1]October - 2021'!AG20 -> 0 | AA20: ='[1]October - 2021'!AI20 -> 0 | AB20: ='[1]October - 2021'!AJ20 -> 0 | AC20: ='[1]October - 2021'!AJ20 -> 0 | AD20: ='[1]October - 2021'!AL20 -> 0 | AE20: ='[1]October - 2021'!AM20 -> 0 | AF20: ='[1]October - 2021'!AM20 -> 0 | AG20: ='[1]October - 2021'!AO20 -> 0 | AH20: ='[1]October - 2021'!AP20 -> 0 | AI20: ='[1]October - 2021'!AP20 -> 0 | AJ20: ='[1]October - 2021'!AR20 -> 0 | AK20: ='[1]October - 2021'!AS20 -> 0 | AL20: ='[1]October - 2021'!AS20 -> 0 | AM20: ='[1]October - 2021'!AU20 -> 0 | AN20: ='[1]October - 2021'!AV20 -> 0 | AO20: ='[1]October - 2021'!AV20 -> 0 | AP20: ='[1]October - 2021'!AX20 -> 0 | AQ20: ='[1]October - 2021'!AY20 -> 0 | AR20: ='[1]October - 2021'!AY20 -> 0 | AS20: ='[1]October - 2021'!BA20 -> 0 | AT20: ='[1]October - 2021'!BB20 -> 0 | AU20: ='[1]October - 2021'!BB20 -> 0 | AV20: ='[1]October - 2021'!BD20 -> 0 | AW20: ='[1]October - 2021'!BE20 -> 0 | AX20: ='[1]October - 2021'!BE20 -> 0 | AZ20: ='[1]October - 2021'!BK20 -> 0 | BA20: ='[1]October - 2021'!BL20 -> 0 | BB20: ='[1]October - 2021'!BL20 -> 0 | BC20: ='[1]October - 2021'!BN20 -> 0 | BD20: ='[1]October - 2021'!BO20 -> 0 | BE20: ='[1]October - 2021'!BO20 -> 0 | BF20: ='[1]October - 2021'!BQ20 -> 0 | BG20: ='[1]October - 2021'!BR20 -> 0 | BH20: ='[1]October - 2021'!BR20 -> 0 | BS20: ='[1]October - 2021'!BT20 -> 0 | BT20: ='[1]October - 2021'!BU20 -> 0 | BV20: ='[1]October - 2021'!BW20 -> 0 | BW20: ='[1]October - 2021'!BX20 -> 0 | BX20: ='[1]October - 2021'!BX20 -> 0 | BY20: ='[1]October - 2021'!BZ20 -> 0 | BZ20: ='[1]October - 2021'!CA20 -> 0 | CA20: ='[1]October - 2021'!CB20 -> 0 | CB20: ='[1]October - 2021'!CC20 -> 0 | CC20: ='[1]October - 2021'!CD20 -> 0 | CD20: ='[1]October - 2021'!CE20 -> 0 | CE20: ='[1]October - 2021'!CF20 -> 0 | CF20: ='[1]October - 2021'!CG20 -> 0 | ... CL20: ='[1]October - 2021'!CM20 -> 0 | CM20: ='[1]October - 2021'!CM20 -> 0 | CN20: ='[1]October - 2021'!CO20 -> 0 | CO20: ='[1]October - 2021'!CP20 -> 0 | CP20: ='[1]October - 2021'!CP20 -> 0 | CQ20: ='[1]October - 2021'!CR20 -> 0 | CR20: ='[1]October - 2021'!CS20 -> 0 | CS20: ='[1]October - 2021'!CS20 -> 0 | CT20: ='[1]October - 2021'!CU20 -> 0 | CU20: ='[1]October - 2021'!CV20 -> 0 | CW20: ='[1]October - 2021'!CX20 -> 0 | CX20: ='[1]October - 2021'!CY20 -> 0 | CY20: ='[1]October - 2021'!CZ20 -> 0 | CZ20: ='[1]October - 2021'!DA20 -> 0 | DA20: ='[1]October - 2021'!DB20 -> 0 | DB20: ='[1]October - 2021'!DC20 -> 0 | DC20: ='[1]October - 2021'!DD20 -> 0 | DD20: ='[1]October - 2021'!DE20 -> 0 | ... DR20: ='[1]October - 2021'!DS20 -> 0 | DT20: ='[1]October - 2021'!DU20 -> 0 | DU20: ='[1]October - 2021'!DV20 -> 0 | DV20: ='[1]October - 2021'!DW20 -> 0 | DW20: ='[1]October - 2021'!DX20 -> 0 | DX20: ='[1]October - 2021'!DY20 -> 0 | DY20: ='[1]October - 2021'!DZ20 -> 0 | DZ20: ='[1]October - 2021'!EA20 -> 0 | EA20: ='[1]October - 2021'!EB20 -> 0 | ... EC20: ='[1]October - 2021'!ED20 -> 0 | ED20: ='[1]October - 2021'!EG20 -> 0 | EE20: ='[1]October - 2021'!EH20 -> 0 | EG20: ='[1]October - 2021'!EJ20 -> 0 | EH20: ='[1]October - 2021'!EK20 -> 0 | EI20: ='[1]October - 2021'!EL20 -> 0 | EJ20: ='[1]October - 2021'!EM20 -> 0 | EK20: ='[1]October - 2021'!EN20 -> 0 | EL20: ='[1]October - 2021'!EO20 -> 0 | EM20: ='[1]October - 2021'!EP20 -> 0 | EN20: ='[1]October - 2021'!EQ20 -> 0 | ... ER20: ='[1]October - 2021'!EU20 -> 0 | ET20: ='[1]October - 2021'!EW20 -> 0 | EU20: ='[1]October - 2021'!EX20 -> 0 | EV20: ='[1]October - 2021'!EY20 -> 0 | EW20: ='[1]October - 2021'!EZ20 -> 0 | EX20: ='[1]October - 2021'!FA20 -> 0 | EY20: ='[1]October - 2021'!FB20 -> 0 | EZ20: ='[1]October - 2021'!FC20 -> 0 | FA20: ='[1]October - 2021'!FD20 -> 0 | ... FC20: ='[1]October - 2021'!FF20 -> 0
A21: 43842 | B21: ='[1]October - 2021'!B21 -> 0 | C21: ='[1]October - 2021'!E21 -> 0 | D21: ='[1]October - 2021'!F21 -> 0 | E21: ='[1]October - 2021'!G21 -> 477 | F21: ='[1]October - 2021'!H21 -> 0 | G21: ='[1]October - 2021'!I21 -> 0 | H21: ='[1]October - 2021'!J21 -> 269 | I21: ='[1]October - 2021'!K21 -> 0 | J21: ='[1]October - 2021'!L21 -> 0 | K21: ='[1]October - 2021'!N21 -> 0 | L21: ='[1]October - 2021'!O21 -> 0 | M21: ='[1]October - 2021'!Q21 -> 0 | N21: ='[1]October - 2021'!R21 -> 0 | O21: ='[1]October - 2021'!S21 -> 0 | P21: ='[1]October - 2021'!T21 -> 0 | Q21: ='[1]October - 2021'!U21 -> 100 | R21: ='[1]October - 2021'!V21 -> 0 | S21: ='[1]October - 2021'!W21 -> 0 | U21: ='[1]October - 2021'!AC21 -> 0 | V21: ='[1]October - 2021'!AD21 -> 0 | W21: ='[1]October - 2021'!AD21 -> 0 | X21: ='[1]October - 2021'!AF21 -> 0 | Y21: ='[1]October - 2021'!AG21 -> 0 | Z21: ='[1]October - 2021'!AG21 -> 0 | AA21: ='[1]October - 2021'!AI21 -> 0 | AB21: ='[1]October - 2021'!AJ21 -> 0 | AC21: ='[1]October - 2021'!AJ21 -> 0 | AD21: ='[1]October - 2021'!AL21 -> 0 | AE21: ='[1]October - 2021'!AM21 -> 0 | AF21: ='[1]October - 2021'!AM21 -> 0 | AG21: ='[1]October - 2021'!AO21 -> 0 | AH21: ='[1]October - 2021'!AP21 -> 0 | AI21: ='[1]October - 2021'!AP21 -> 0 | AJ21: ='[1]October - 2021'!AR21 -> 0 | AK21: ='[1]October - 2021'!AS21 -> 0 | AL21: ='[1]October - 2021'!AS21 -> 0 | AM21: ='[1]October - 2021'!AU21 -> 0 | AN21: ='[1]October - 2021'!AV21 -> 0 | AO21: ='[1]October - 2021'!AV21 -> 0 | AP21: ='[1]October - 2021'!AX21 -> 0 | AQ21: ='[1]October - 2021'!AY21 -> 0 | AR21: ='[1]October - 2021'!AY21 -> 0 | AS21: ='[1]October - 2021'!BA21 -> 0 | AT21: ='[1]October - 2021'!BB21 -> 0 | AU21: ='[1]October - 2021'!BB21 -> 0 | AV21: ='[1]October - 2021'!BD21 -> 0 | AW21: ='[1]October - 2021'!BE21 -> 0 | AX21: ='[1]October - 2021'!BE21 -> 0 | AZ21: ='[1]October - 2021'!BK21 -> 0 | BA21: ='[1]October - 2021'!BL21 -> 0 | BB21: ='[1]October - 2021'!BL21 -> 0 | BC21: ='[1]October - 2021'!BN21 -> 0 | BD21: ='[1]October - 2021'!BO21 -> 0 | BE21: ='[1]October - 2021'!BO21 -> 0 | BF21: ='[1]October - 2021'!BQ21 -> 0 | BG21: ='[1]October - 2021'!BR21 -> 0 | BH21: ='[1]October - 2021'!BR21 -> 0 | BS21: ='[1]October - 2021'!BT21 -> 0 | BT21: ='[1]October - 2021'!BU21 -> 0 | BV21: ='[1]October - 2021'!BW21 -> 0 | BW21: ='[1]October - 2021'!BX21 -> 0 | BX21: ='[1]October - 2021'!BX21 -> 0 | BY21: ='[1]October - 2021'!BZ21 -> 0 | BZ21: ='[1]October - 2021'!CA21 -> 0 | CA21: ='[1]October - 2021'!CB21 -> 0 | CB21: ='[1]October - 2021'!CC21 -> 0 | CC21: ='[1]October - 2021'!CD21 -> 0 | CD21: ='[1]October - 2021'!CE21 -> 0 | CE21: ='[1]October - 2021'!CF21 -> 0 | CF21: ='[1]October - 2021'!CG21 -> 0 | ... CL21: ='[1]October - 2021'!CM21 -> 0 | CM21: ='[1]October - 2021'!CM21 -> 0 | CN21: ='[1]October - 2021'!CO21 -> 0 | CO21: ='[1]October - 2021'!CP21 -> 0 | CP21: ='[1]October - 2021'!CP21 -> 0 | CQ21: ='[1]October - 2021'!CR21 -> 0 | CR21: ='[1]October - 2021'!CS21 -> 0 | CS21: ='[1]October - 2021'!CS21 -> 0 | CT21: ='[1]October - 2021'!CU21 -> 0 | CU21: ='[1]October - 2021'!CV21 -> 0 | CW21: ='[1]October - 2021'!CX21 -> 0 | CX21: ='[1]October - 2021'!CY21 -> 0 | CY21: ='[1]October - 2021'!CZ21 -> 0 | CZ21: ='[1]October - 2021'!DA21 -> 0 | DA21: ='[1]October - 2021'!DB21 -> 0 | DB21: ='[1]October - 2021'!DC21 -> 0 | DC21: ='[1]October - 2021'!DD21 -> 0 | DD21: ='[1]October - 2021'!DE21 -> 0 | ... DR21: ='[1]October - 2021'!DS21 -> 0 | DT21: ='[1]October - 2021'!DU21 -> 0 | DU21: ='[1]October - 2021'!DV21 -> 0 | DV21: ='[1]October - 2021'!DW21 -> 0 | DW21: ='[1]October - 2021'!DX21 -> 0 | DX21: ='[1]October - 2021'!DY21 -> 0 | DY21: ='[1]October - 2021'!DZ21 -> 0 | DZ21: ='[1]October - 2021'!EA21 -> 0 | EA21: ='[1]October - 2021'!EB21 -> 0 | ... EC21: ='[1]October - 2021'!ED21 -> 0 | ED21: ='[1]October - 2021'!EG21 -> 0 | EE21: ='[1]October - 2021'!EH21 -> 0 | EG21: ='[1]October - 2021'!EJ21 -> 0 | EH21: ='[1]October - 2021'!EK21 -> 0 | EI21: ='[1]October - 2021'!EL21 -> 0 | EJ21: ='[1]October - 2021'!EM21 -> 0 | EK21: ='[1]October - 2021'!EN21 -> 0 | EL21: ='[1]October - 2021'!EO21 -> 0 | EM21: ='[1]October - 2021'!EP21 -> 0 | EN21: ='[1]October - 2021'!EQ21 -> 0 | ... ER21: ='[1]October - 2021'!EU21 -> 0 | ET21: ='[1]October - 2021'!EW21 -> 0 | EU21: ='[1]October - 2021'!EX21 -> 0 | EV21: ='[1]October - 2021'!EY21 -> 0 | EW21: ='[1]October - 2021'!EZ21 -> 0 | EX21: ='[1]October - 2021'!FA21 -> 0 | EY21: ='[1]October - 2021'!FB21 -> 0 | EZ21: ='[1]October - 2021'!FC21 -> 0 | FA21: ='[1]October - 2021'!FD21 -> 0 | ... FC21: ='[1]October - 2021'!FF21 -> 0
A22: 43843 | B22: ='[1]October - 2021'!B22 -> 0 | C22: ='[1]October - 2021'!E22 -> 0 | D22: ='[1]October - 2021'!F22 -> 0 | E22: ='[1]October - 2021'!G22 -> 431 | F22: ='[1]October - 2021'!H22 -> 0 | G22: ='[1]October - 2021'!I22 -> 0 | H22: ='[1]October - 2021'!J22 -> 273 | I22: ='[1]October - 2021'!K22 -> 0 | J22: ='[1]October - 2021'!L22 -> 0 | K22: ='[1]October - 2021'!N22 -> 0 | L22: ='[1]October - 2021'!O22 -> 0 | M22: ='[1]October - 2021'!Q22 -> 0 | N22: ='[1]October - 2021'!R22 -> 0 | O22: ='[1]October - 2021'!S22 -> 0 | P22: ='[1]October - 2021'!T22 -> 0 | Q22: ='[1]October - 2021'!U22 -> 104 | R22: ='[1]October - 2021'!V22 -> 0 | S22: ='[1]October - 2021'!W22 -> 0 | U22: ='[1]October - 2021'!AC22 -> 0 | V22: ='[1]October - 2021'!AD22 -> 0 | W22: ='[1]October - 2021'!AD22 -> 0 | X22: ='[1]October - 2021'!AF22 -> 0 | Y22: ='[1]October - 2021'!AG22 -> 0 | Z22: ='[1]October - 2021'!AG22 -> 0 | AA22: ='[1]October - 2021'!AI22 -> 0 | AB22: ='[1]October - 2021'!AJ22 -> 0 | AC22: ='[1]October - 2021'!AJ22 -> 0 | AD22: ='[1]October - 2021'!AL22 -> 0 | AE22: ='[1]October - 2021'!AM22 -> 0 | AF22: ='[1]October - 2021'!AM22 -> 0 | AG22: ='[1]October - 2021'!AO22 -> 0 | AH22: ='[1]October - 2021'!AP22 -> 0 | AI22: ='[1]October - 2021'!AP22 -> 0 | AJ22: ='[1]October - 2021'!AR22 -> 0 | AK22: ='[1]October - 2021'!AS22 -> 0 | AL22: ='[1]October - 2021'!AS22 -> 0 | AM22: ='[1]October - 2021'!AU22 -> 0 | AN22: ='[1]October - 2021'!AV22 -> 0 | AO22: ='[1]October - 2021'!AV22 -> 0 | AP22: ='[1]October - 2021'!AX22 -> 0 | AQ22: ='[1]October - 2021'!AY22 -> 0 | AR22: ='[1]October - 2021'!AY22 -> 0 | AS22: ='[1]October - 2021'!BA22 -> 0 | AT22: ='[1]October - 2021'!BB22 -> 0 | AU22: ='[1]October - 2021'!BB22 -> 0 | AV22: ='[1]October - 2021'!BD22 -> 0 | AW22: ='[1]October - 2021'!BE22 -> 0 | AX22: ='[1]October - 2021'!BE22 -> 0 | AZ22: ='[1]October - 2021'!BK22 -> 0 | BA22: ='[1]October - 2021'!BL22 -> 0 | BB22: ='[1]October - 2021'!BL22 -> 0 | BC22: ='[1]October - 2021'!BN22 -> 0 | BD22: ='[1]October - 2021'!BO22 -> 0 | BE22: ='[1]October - 2021'!BO22 -> 0 | BF22: ='[1]October - 2021'!BQ22 -> 0 | BG22: ='[1]October - 2021'!BR22 -> 0 | BH22: ='[1]October - 2021'!BR22 -> 0 | BS22: ='[1]October - 2021'!BT22 -> 0 | BT22: ='[1]October - 2021'!BU22 -> 0 | BV22: ='[1]October - 2021'!BW22 -> 0 | BW22: ='[1]October - 2021'!BX22 -> 0 | BX22: ='[1]October - 2021'!BX22 -> 0 | BY22: ='[1]October - 2021'!BZ22 -> 0 | BZ22: ='[1]October - 2021'!CA22 -> 0 | CA22: ='[1]October - 2021'!CB22 -> 0 | CB22: ='[1]October - 2021'!CC22 -> 0 | CC22: ='[1]October - 2021'!CD22 -> 0 | CD22: ='[1]October - 2021'!CE22 -> 0 | CE22: ='[1]October - 2021'!CF22 -> 0 | CF22: ='[1]October - 2021'!CG22 -> 0 | ... CL22: ='[1]October - 2021'!CM22 -> 0 | CM22: ='[1]October - 2021'!CM22 -> 0 | CN22: ='[1]October - 2021'!CO22 -> 0 | CO22: ='[1]October - 2021'!CP22 -> 0 | CP22: ='[1]October - 2021'!CP22 -> 0 | CQ22: ='[1]October - 2021'!CR22 -> 0 | CR22: ='[1]October - 2021'!CS22 -> 0 | CS22: ='[1]October - 2021'!CS22 -> 0 | CT22: ='[1]October - 2021'!CU22 -> 0 | CU22: ='[1]October - 2021'!CV22 -> 0 | CW22: ='[1]October - 2021'!CX22 -> 0 | CX22: ='[1]October - 2021'!CY22 -> 0 | CY22: ='[1]October - 2021'!CZ22 -> 0 | CZ22: ='[1]October - 2021'!DA22 -> 0 | DA22: ='[1]October - 2021'!DB22 -> 0 | DB22: ='[1]October - 2021'!DC22 -> 0 | DC22: ='[1]October - 2021'!DD22 -> 0 | DD22: ='[1]October - 2021'!DE22 -> 0 | ... DR22: ='[1]October - 2021'!DS22 -> 0 | DT22: ='[1]October - 2021'!DU22 -> 0 | DU22: ='[1]October - 2021'!DV22 -> 0 | DV22: ='[1]October - 2021'!DW22 -> 0 | DW22: ='[1]October - 2021'!DX22 -> 0 | DX22: ='[1]October - 2021'!DY22 -> 0 | DY22: ='[1]October - 2021'!DZ22 -> 0 | DZ22: ='[1]October - 2021'!EA22 -> 0 | EA22: ='[1]October - 2021'!EB22 -> 0 | ... EC22: ='[1]October - 2021'!ED22 -> 0 | ED22: ='[1]October - 2021'!EG22 -> 0 | EE22: ='[1]October - 2021'!EH22 -> 0 | EG22: ='[1]October - 2021'!EJ22 -> 0 | EH22: ='[1]October - 2021'!EK22 -> 0 | EI22: ='[1]October - 2021'!EL22 -> 0 | EJ22: ='[1]October - 2021'!EM22 -> 0 | EK22: ='[1]October - 2021'!EN22 -> 0 | EL22: ='[1]October - 2021'!EO22 -> 0 | EM22: ='[1]October - 2021'!EP22 -> 0 | EN22: ='[1]October - 2021'!EQ22 -> 0 | ... ER22: ='[1]October - 2021'!EU22 -> 0 | ET22: ='[1]October - 2021'!EW22 -> 0 | EU22: ='[1]October - 2021'!EX22 -> 0 | EV22: ='[1]October - 2021'!EY22 -> 0 | EW22: ='[1]October - 2021'!EZ22 -> 0 | EX22: ='[1]October - 2021'!FA22 -> 0 | EY22: ='[1]October - 2021'!FB22 -> 0 | EZ22: ='[1]October - 2021'!FC22 -> 0 | FA22: ='[1]October - 2021'!FD22 -> 0 | ... FC22: ='[1]October - 2021'!FF22 -> 0
... A40: 43861 | B40: ='[1]October - 2021'!B40 -> 0 | C40: ='[1]October - 2021'!E40 -> 0 | D40: ='[1]October - 2021'!F40 -> 0 | E40: ='[1]October - 2021'!G40 -> 524 | F40: ='[1]October - 2021'!H40 -> 0 | G40: ='[1]October - 2021'!I40 -> 0 | H40: ='[1]October - 2021'!J40 -> 379 | I40: ='[1]October - 2021'!K40 -> 0 | J40: ='[1]October - 2021'!L40 -> 0 | K40: ='[1]October - 2021'!N40 -> 0 | L40: ='[1]October - 2021'!O40 -> 0 | M40: ='[1]October - 2021'!Q40 -> 0 | N40: ='[1]October - 2021'!R40 -> 0 | O40: ='[1]October - 2021'!S40 -> 0 | P40: ='[1]October - 2021'!T40 -> 0 | Q40: ='[1]October - 2021'!U40 -> 82 | R40: ='[1]October - 2021'!V40 -> 0 | S40: ='[1]October - 2021'!W40 -> 0 | U40: ='[1]October - 2021'!AC40 -> 0 | V40: ='[1]October - 2021'!AD40 -> 0 | W40: ='[1]October - 2021'!AD40 -> 0 | X40: ='[1]October - 2021'!AF40 -> 0 | Y40: ='[1]October - 2021'!AG40 -> 0 | Z40: ='[1]October - 2021'!AG40 -> 0 | AA40: ='[1]October - 2021'!AI40 -> 0 | AB40: ='[1]October - 2021'!AJ40 -> 0 | AC40: ='[1]October - 2021'!AJ40 -> 0 | AD40: ='[1]October - 2021'!AL40 -> 0 | AE40: ='[1]October - 2021'!AM40 -> 0 | AF40: ='[1]October - 2021'!AM40 -> 0 | AG40: ='[1]October - 2021'!AO40 -> 0 | AH40: ='[1]October - 2021'!AP40 -> 0 | AI40: ='[1]October - 2021'!AP40 -> 0 | AJ40: ='[1]October - 2021'!AR40 -> 0 | AK40: ='[1]October - 2021'!AS40 -> 0 | AL40: ='[1]October - 2021'!AS40 -> 0 | AM40: ='[1]October - 2021'!AU40 -> 0 | AN40: ='[1]October - 2021'!AV40 -> 0 | AO40: ='[1]October - 2021'!AV40 -> 0 | AP40: ='[1]October - 2021'!AX40 -> 0 | AQ40: ='[1]October - 2021'!AY40 -> 0 | AR40: ='[1]October - 2021'!AY40 -> 0 | AS40: ='[1]October - 2021'!BA40 -> 0 | AT40: ='[1]October - 2021'!BB40 -> 0 | AU40: ='[1]October - 2021'!BB40 -> 0 | AV40: ='[1]October - 2021'!BD40 -> 0 | AW40: ='[1]October - 2021'!BE40 -> 0 | AX40: ='[1]October - 2021'!BE40 -> 0 | AZ40: ='[1]October - 2021'!BK40 -> 0 | BA40: ='[1]October - 2021'!BL40 -> 0 | BB40: ='[1]October - 2021'!BL40 -> 0 | BC40: ='[1]October - 2021'!BN40 -> 0 | BD40: ='[1]October - 2021'!BO40 -> 0 | BE40: ='[1]October - 2021'!BO40 -> 0 | BF40: ='[1]October - 2021'!BQ40 -> 0 | BG40: ='[1]October - 2021'!BR40 -> 0 | BH40: ='[1]October - 2021'!BR40 -> 0 | BS40: ='[1]October - 2021'!BT40 -> 0 | BT40: ='[1]October - 2021'!BU40 -> 0 | BV40: ='[1]October - 2021'!BW40 -> 0 | BW40: ='[1]October - 2021'!BX40 -> 0 | BX40: ='[1]October - 2021'!BX40 -> 0 | BY40: ='[1]October - 2021'!BZ40 -> 0 | BZ40: ='[1]October - 2021'!CA40 -> 0 | CA40: ='[1]October - 2021'!CB40 -> 0 | CB40: ='[1]October - 2021'!CC40 -> 0 | CC40: ='[1]October - 2021'!CD40 -> 0 | CD40: ='[1]October - 2021'!CE40 -> 0 | CE40: ='[1]October - 2021'!CF40 -> 0 | CF40: ='[1]October - 2021'!CG40 -> 0 | ... CL40: ='[1]October - 2021'!CM40 -> 0 | CM40: ='[1]October - 2021'!CM40 -> 0 | CN40: ='[1]October - 2021'!CO40 -> 0 | CO40: ='[1]October - 2021'!CP40 -> 0 | CP40: ='[1]October - 2021'!CP40 -> 0 | CQ40: ='[1]October - 2021'!CR40 -> 0 | CR40: ='[1]October - 2021'!CS40 -> 0 | CS40: ='[1]October - 2021'!CS40 -> 0 | CT40: ='[1]October - 2021'!CU40 -> 0 | CU40: ='[1]October - 2021'!CV40 -> 0 | CW40: ='[1]October - 2021'!CX40 -> 0 | CX40: ='[1]October - 2021'!CY40 -> 0 | CY40: ='[1]October - 2021'!CZ40 -> 0 | CZ40: ='[1]October - 2021'!DA40 -> 0 | DA40: ='[1]October - 2021'!DB40 -> 0 | DB40: ='[1]October - 2021'!DC40 -> 0 | DC40: ='[1]October - 2021'!DD40 -> 0 | DD40: ='[1]October - 2021'!DE40 -> 0 | ... DR40: ='[1]October - 2021'!DS40 -> 0 | DT40: ='[1]October - 2021'!DU40 -> 0 | DU40: ='[1]October - 2021'!DV40 -> 0 | DV40: ='[1]October - 2021'!DW40 -> 0 | DW40: ='[1]October - 2021'!DX40 -> 0 | DX40: ='[1]October - 2021'!DY40 -> 0 | DY40: ='[1]October - 2021'!DZ40 -> 0 | DZ40: ='[1]October - 2021'!EA40 -> 0 | EA40: ='[1]October - 2021'!EB40 -> 0 | ... EC40: ='[1]October - 2021'!ED40 -> 0 | ED40: ='[1]October - 2021'!EG40 -> 0 | EE40: ='[1]October - 2021'!EH40 -> 0 | EG40: ='[1]October - 2021'!EJ40 -> 0 | EH40: ='[1]October - 2021'!EK40 -> 0 | EI40: ='[1]October - 2021'!EL40 -> 0 | EJ40: ='[1]October - 2021'!EM40 -> 0 | EK40: ='[1]October - 2021'!EN40 -> 0 | EL40: ='[1]October - 2021'!EO40 -> 0 | EM40: ='[1]October - 2021'!EP40 -> 0 | EN40: ='[1]October - 2021'!EQ40 -> 0 | ... ER40: ='[1]October - 2021'!EU40 -> 0 | ET40: ='[1]October - 2021'!EW40 -> 0 | EU40: ='[1]October - 2021'!EX40 -> 0 | EV40: ='[1]October - 2021'!EY40 -> 0 | EW40: ='[1]October - 2021'!EZ40 -> 0 | EX40: ='[1]October - 2021'!FA40 -> 0 | EY40: ='[1]October - 2021'!FB40 -> 0 | EZ40: ='[1]October - 2021'!FC40 -> 0 | FA40: ='[1]October - 2021'!FD40 -> 0 | ... FC40: ='[1]October - 2021'!FF40 -> 0
A42: Potable Water Daily Consumption January 2018 | U42: Electricity Daily Consumption January 2018 | AZ42: Total Chillers Btu Meter Monthly Consumption 2018 | BS42: Cold water Heat Exchanger 2018 | BV42: Lpg Daily Consumption January 2018 | DU42: .
A43: Location | C43: Domestic Water | F43: Resort Water | I43: Tse Water | K43: Irrigation Water | O43: Cooling Tower make up & Blowdown | U43: EMDB-1 | X43: EMDB-2 | AA43: MDB-1 | AD43: MDB-2 | AG43: MDB-3 | AJ43: MDB-4 | AM43: MDB-5 | AP43: MDB-6 | AS43: MDB-7 | AV43: MDB-8 | AZ43: Chiiler # 1 | BC43: Chiiler # 2 | BF43: Chiiler # 3 | BS43: Heat Exchanger | BV43: Lpg Main Tank | BY43: Ird Kitchen | CA43: Suq Kitchen | CC43: Bakery Kitchen | CE43: Shai Saloon Kitchen | CG43: Banquet Kitchen | CI43: Sea Fu Kitchen | CK43: Steam Boiler | CN43: Solar Hot Water Boiler | CQ43: Lthw Boiler | CT43: Steam Boiler Steam Meter Reading Kg
A44: January Reading 2017 two weeks | C44: =SUM(E9:E24) -> 7790 | F44: =SUM(H9:H24) -> 4628 | O44: =SUM(Q9:Q24) -> 1812 | U44: =SUM(W9:W24) -> -6972903.8 | X44: =SUM(Z9:Z24) -> -13421142 | AA44: =SUM(AC9:AC24) -> -13317271 | AD44: =SUM(AF9:AF24) -> -16300348 | AG44: =SUM(AI9:AI24) -> -16710570 | AJ44: =SUM(AL9:AL24) -> -15072750 | AM44: =SUM(AO9:AO24) -> -12848000 | AP44: =SUM(AR9:AR24) -> -12368303 | AS44: =SUM(AU9:AU24) -> -9865361.5 | AV44: =SUM(AX9:AX24) -> -15242783 | AZ44: =SUM(BB9:BB24) -> -66088200 | BC44: =SUM(BE9:BE24) -> -68499700 | BF44: =SUM(BH9:BH24) -> -63297900 | CK44: =SUM(CM9:CM24) -> -227310 | CN44: =SUM(CP9:CP24) -> -173158 | CQ44: =SUM(CS9:CS24) -> -308195
A45: January Reading 2018 two weeks | C45: =SUM(D9:D24) -> -872256 | F45: =SUM(G9:G24) -> -61118 | O45: =SUM(P9:P24) -> -41866.07 | U45: =SUM(V9:V24) -> -6972903.8 | X45: =SUM(Y9:Y24) -> -13421142 | AA45: =SUM(AB9:AB24) -> -13317271 | AD45: =SUM(AE9:AE24) -> -16300348 | AG45: =SUM(AH9:AH24) -> -16710570 | AJ45: =SUM(AK9:AK24) -> -15072750 | AM45: =SUM(AN9:AN24) -> -12848000 | AP45: =SUM(AQ9:AQ24) -> -12368303 | AS45: =SUM(AT9:AT24) -> -9865361.5 | AV45: =SUM(AW9:AW24) -> -15242783 | AZ45: =SUM(BA9:BA24) -> -66088200 | BC45: =SUM(BD9:BD24) -> -68499700 | BF45: =SUM(BG9:BG24) -> -63297900 | CK45: =SUM(CL9:CL24) -> -227310 | CN45: =SUM(CO9:CO24) -> -173158 | CQ45: =SUM(CR9:CR24) -> -308195 | DT45: Grand Total All EMDB KWH
A46: Difference | AZ46: =AZ44-AZ45 -> 0 | BC46: =BC45-BC44 -> 0 | BF46: =BF45-BF44 -> 0
A47: January Reading 2017 Monthly | C47: =SUM(E9:E39) -> 15263 | F47: =SUM(H9:H39) -> 10007 | I47: 7048.9 | K47: 7702.2 | O47: =SUM(Q9:Q39) -> 2933 | R47: 476 | U47: =SUM(W9:W39) -> -6972903.8 | X47: =SUM(Z9:Z39) -> -13421142 | AA47: =SUM(AC9:AC39) -> -13317271 | AD47: =SUM(AF9:AF39) -> -16300348 | AG47: =SUM(AI9:AI39) -> -16710570 | AJ47: =SUM(AL9:AL39) -> -15072750 | AM47: =SUM(AO9:AO39) -> -12848000 | AP47: =SUM(AR9:AR39) -> -12368303 | AS47: =SUM(AU9:AU39) -> -9865361.5 | AV47: =SUM(AX9:AX39) -> -15242783 | AZ47: 347300 | BC47: 361100 | BF47: 558842 | BS47: 131110 | BY47: 718 | CA47: 719 | CC47: 234 | CE47: 265 | CG47: 368 | CI47: 820 | CK47: =SUM(CM9:CM39) -> -227310 | CN47: =SUM(CP9:CP39) -> -173158 | CQ47: =SUM(CS9:CS39) -> -308195 | CT47: 3894 | DJ47: 487.2
A48: January Reading 2018 Monthly | C48: =SUM(D10:D39) -> -873021 | F48: =SUM(G9:G39) -> -61118 | I48: =SUM(J10:J39) -> -164625 | K48: =SUM(L9:L39) -> -800710 | O48: =SUM(P9:P39) -> -41866.07 | R48: =SUM(S9:S39) -> -2200 | U48: =SUM(V9:V39) -> -6972903.8 | X48: =SUM(Y9:Y39) -> -13421142 | AA48: =SUM(AB9:AB39) -> -13317271 | AD48: =SUM(AE9:AE39) -> -16300348 | AG48: =SUM(AH9:AH39) -> -16710570 | AJ48: =SUM(AK9:AK39) -> -15072750 | AM48: =SUM(AN9:AN39) -> -12848000 | AP48: =SUM(AQ9:AQ39) -> -12368303 | AS48: =SUM(AT9:AT39) -> -9865361.5 | AV48: =SUM(AW9:AW39) -> -15242783 | AZ48: =SUM(BA9:BA40) -> -66088200 | BC48: =SUM(BD9:BD40) -> -68499700 | BF48: =SUM(BG9:BG40) -> -63297900 | BS48: =SUM(BT9:BT39) -> -7219090 | BY48: =SUM(BZ9:BZ39) -> -55717 | CA48: =SUM(CB9:CB39) -> -47253 | CC48: =SUM(CD9:CD39) -> -16334 | CE48: =SUM(CF9:CF39) -> -21339 | CG48: =SUM(CH9:CH39) -> -23108 | CI48: =SUM(CJ9:CJ39) -> -51575 | CK48: =SUM(CL9:CL39) -> -227310 | CN48: =SUM(CO9:CO39) -> -173158 | CQ48: =SUM(CR9:CR39) -> -308195 | CT48: =SUM(CU9:CU39) -> -604639
A49: Difference | C49: =C47-C48 -> 888284 | F49: =F47-F48 -> 71125 | I49: =I47-I48 -> 171673.9 | K49: =K47-K48 -> 808412.2 | O49: =O47-O48 -> 44799.07 | R49: =R47-R48 -> 2676 | U49: =U48-U47 -> 0 | X49: =X47-X48 -> 0 | AA49: =AA47-AA48 -> 0 | AD49: =AD47-AD48 -> 0 | AG49: =AG47-AG48 -> 0 | AJ49: =AJ47-AJ48 -> 0 | AM49: =AM47-AM48 -> 0 | AP49: =AP47-AP48 -> 0 | AS49: =AS47-AS48 -> 0 | AV49: =AV47-AV48 -> 0 | AZ49: =AZ48-AZ47 -> -66435500 | BC49: =BC48-BC47 -> -68860800 | BF49: =BF48-BF47 -> -63856742 | CK49: =CK47-CK48 -> 0 | CN49: =CN47-CN48 -> 0 | CQ49: =CQ47-CQ48 -> 0 | CT49: =CT47-CT48 -> 608533
A50: Total Monthly Electrical Kwh | U50: January 2017 Kwh | AA50: =SUM(U47,X47,AA47,AD47,AG47,AJ47,AM47,AP47,AS47,AV47) -> -1.3211943e+08 | AG50: January 2018 Kwh | AM50: =SUM(U48,X48,AA48,AD48,AG48,AJ48,AM48,AP48,AS48,AV48) -> -1.3211943e+08 | AS50: Saving Kwh | AV50: =AA50-AM50 -> 0 | AZ50: 42751 | BC50: 43116 | BF50: Difference
U51: January 2017 Kwh two weeks | AA51: =SUM(U44:AX44) -> -1.3211943e+08 | AG51: January 2018 Kwh two weeks | AM51: =SUM(U45:AX45) -> -1.3211943e+08 | AS51: Saving Kwh | AV51: =AA51-AM51 -> 0 | AZ51: =SUM(AZ47,BC47,BF47) -> 1267242 | BC51: =SUM(AZ48:BG48) -> -197885800 | BF51: 643100
A53: 487.2
V56: 487.2
H57: 487.2 | AC57: 487.2 | AT57: 487.2
