Workbook

Sheet TOTAL
A1: Site Name | B1: Day | C1: Month | D1: Year | E1: Total Electricity Kwh | F1: Electricity Tariff ($/Kwh) | G1: Natual Gas (Therms) | H1: Natural Gas $/Therms | I1: Water Utility Supply (USG) USG | J1: Water Utility Supply (USG) $/USG | K1: District Energy Heating Steam Mlbs | L1: District Energy Heating $/Steam Mlbs | M1: Room Nights
A2: San Francisco at Embarcadero | B2: 1 | C2: 10 | D2: 2021 | E2: =IF(March!C9>0,March!C9,0) -> 6900 | F2: 0.1375 | G2: =IF(March!E9>0,March!E9,0) -> 15.705 | H2: 1.71 | I2: =IF((March!I9+March!O9)>0,(March!I9+March!O9),0) -> 10147 | J2: 0.04 | K2: =IF((March!G9+March!M9)>0,(March!G9+March!M9),0) -> 7.7 | L2: 35.36 | M2: =March!R9 -> 0
A3: San Francisco at Embarcadero | B3: =B2+1 -> 2 | C3: 10 | D3: 2021 | E3: =IF(March!C10>0,March!C10,0) -> 5700 | F3: 0.1375 | G3: =IF(March!E10>0,March!E10,0) -> 8.376 | H3: 1.71 | I3: =IF((March!I10+March!O10)>0,(March!I10+March!O10),0) -> 7017 | J3: 0.04 | K3: =IF((March!G10+March!M10)>0,(March!G10+March!M10),0) -> 7.1 | L3: 35.36 | M3: =March!R10 -> 0
A4: San Francisco at Embarcadero | B4: =B3+1 -> 3 | C4: 10 | D4: 2021 | E4: =IF(March!C11>0,March!C11,0) -> 6000 | F4: 0.1375 | G4: =IF(March!E11>0,March!E11,0) -> 8.376 | H4: 1.71 | I4: =IF((March!I11+March!O11)>0,(March!I11+March!O11),0) -> 7192 | J4: 0.04 | K4: =IF((March!G11+March!M11)>0,(March!G11+March!M11),0) -> 4.7 | L4: 35.36 | M4: =March!R11 -> 0
A5: San Francisco at Embarcadero | B5: =B4+1 -> 4 | C5: 10 | D5: 2021 | E5: =IF(March!C12>0,March!C12,0) -> 4200 | F5: 0.1375 | G5: =IF(March!E12>0,March!E12,0) -> 6.282 | H5: 1.71 | I5: =IF((March!I12+March!O12)>0,(March!I12+March!O12),0) -> 8424 | J5: 0.04 | K5: =IF((March!G12+March!M12)>0,(March!G12+March!M12),0) -> 3.9 | L5: 35.36 | M5: =March!R12 -> 0
A6: San Francisco at Embarcadero | B6: =B5+1 -> 5 | C6: 10 | D6: 2021 | E6: =IF(March!C13>0,March!C13,0) -> 5400 | F6: 0.1375 | G6: =IF(March!E13>0,March!E13,0) -> 7.329 | H6: 1.71 | I6: =IF((March!I13+March!O13)>0,(March!I13+March!O13),0) -> 13170 | J6: 0.04 | K6: =IF((March!G13+March!M13)>0,(March!G13+March!M13),0) -> 6.3 | L6: 35.36 | M6: =March!R13 -> 0
A7: San Francisco at Embarcadero | B7: =B6+1 -> 6 | C7: 10 | D7: 2021 | E7: =IF(March!C14>0,March!C14,0) -> 6000 | F7: 0.1375 | G7: =IF(March!E14>0,March!E14,0) -> 7.329 | H7: 1.71 | I7: =IF((March!I14+March!O14)>0,(March!I14+March!O14),0) -> 13985 | J7: 0.04 | K7: =IF((March!G14+March!M14)>0,(March!G14+March!M14),0) -> 6 | L7: 35.36 | M7: =March!R14 -> 0
A8: San Francisco at Embarcadero | B8: =B7+1 -> 7 | C8: 10 | D8: 2021 | E8: =IF(March!C15>0,March!C15,0) -> 5700 | F8: 0.1375 | G8: =IF(March!E15>0,March!E15,0) -> 7.329 | H8: 1.71 | I8: =IF((March!I15+March!O15)>0,(March!I15+March!O15),0) -> 4255 | J8: 0.04 | K8: =IF((March!G15+March!M15)>0,(March!G15+March!M15),0) -> 5.4 | L8: 35.36 | M8: =March!R15 -> 0
A9: San Francisco at Embarcadero | B9: =B8+1 -> 8 | C9: 10 | D9: 2021 | E9: =IF(March!C16>0,March!C16,0) -> 7500 | F9: 0.1375 | G9: =IF(March!E16>0,March!E16,0) -> 11.517 | H9: 1.71 | I9: =IF((March!I16+March!O16)>0,(March!I16+March!O16),0) -> 26975 | J9: 0.04 | K9: =IF((March!G16+March!M16)>0,(March!G16+March!M16),0) -> 6.1 | L9: 35.36 | M9: =March!R16 -> 0
A10: San Francisco at Embarcadero | B10: =B9+1 -> 9 | C10: 10 | D10: 2021 | E10: =IF(March!C17>0,March!C17,0) -> 3900 | F10: 0.1375 | G10: =IF(March!E17>0,March!E17,0) -> 5.235 | H10: 1.71 | I10: =IF((March!I17+March!O17)>0,(March!I17+March!O17),0) -> 8900 | J10: 0.04 | K10: =IF((March!G17+March!M17)>0,(March!G17+March!M17),0) -> 5.2 | L10: 35.36 | M10: =March!R17 -> 0
A11: San Francisco at Embarcadero | B11: =B10+1 -> 10 | C11: 10 | D11: 2021 | E11: =IF(March!C18>0,March!C18,0) -> 6000 | F11: 0.1375 | G11: =IF(March!E18>0,March!E18,0) -> 8.376 | H11: 1.71 | I11: =IF((March!I18+March!O18)>0,(March!I18+March!O18),0) -> 6440 | J11: 0.04 | K11: =IF((March!G18+March!M18)>0,(March!G18+March!M18),0) -> 5.4 | L11: 35.36 | M11: =March!R18 -> 0
A12: San Francisco at Embarcadero | B12: =B11+1 -> 11 | C12: 10 | D12: 2021 | E12: =IF(March!C19>0,March!C19,0) -> 3600 | F12: 0.1375 | G12: =IF(March!E19>0,March!E19,0) -> 6.282 | H12: 1.71 | I12: =IF((March!I19+March!O19)>0,(March!I19+March!O19),0) -> 4175 | J12: 0.04 | K12: =IF((March!G19+March!M19)>0,(March!G19+March!M19),0) -> 4 | L12: 35.36 | M12: =March!R19 -> 0
A13: San Francisco at Embarcadero | B13: =B12+1 -> 12 | C13: 10 | D13: 2021 | E13: =IF(March!C20>0,March!C20,0) -> 5700 | F13: 0.1375 | G13: =IF(March!E20>0,March!E20,0) -> 8.376 | H13: 1.71 | I13: =IF((March!I20+March!O20)>0,(March!I20+March!O20),0) -> 6225 | J13: 0.04 | K13: =IF((March!G20+March!M20)>0,(March!G20+March!M20),0) -> 5.5 | L13: 35.36 | M13: =March!R20 -> 0
A14: San Francisco at Embarcadero | B14: =B13+1 -> 13 | C14: 10 | D14: 2021 | E14: =IF(March!C21>0,March!C21,0) -> 5400 | F14: 0.1375 | G14: =IF(March!E21>0,March!E21,0) -> 9.423 | H14: 1.71 | I14: =IF((March!I21+March!O21)>0,(March!I21+March!O21),0) -> 7580 | J14: 0.04 | K14: =IF((March!G21+March!M21)>0,(March!G21+March!M21),0) -> 5.4 | L14: 35.36 | M14: =March!R21 -> 0
... A32: San Francisco at Embarcadero | B32: =B31+1 -> 31 | C32: 10 | D32: 2021 | E32: =IF(March!C39>0,March!C39,0) -> 5400 | F32: 0.1375 | G32: =IF(March!E39>0,March!E39,0) -> 10.47 | H32: 1.71 | I32: =IF((March!I39+March!O39)>0,(March!I39+March!O39),0) -> 6418 | J32: 0.04 | K32: =IF((March!G39+March!M39)>0,(March!G39+March!M39),0) -> 5.5 | L32: 35.36 | M32: =March!R39 -> 0

Sheet March
A2: MONTHLY METER READINGS: March 2021
A6: PREVIOUS Meter Reading | B6: 15448 | D6: 47833 | F6: 28358 | H6: 10720800 | J6: 343409 | L6: 11090 | N6: 28078275 | P6: 6231195
A7: DATE | B7: 1B | D7: 1B | F7: 1B | H7: 1B | J7: 4TH | L7: 36TH | N7: 36TH | P7: EAST PENT.
B8: ELECTRIC (kWh) | C8: Usage (kWh) | D8: GAS (CCF) | E8: Usage (Therms) | F8: STEAM (Mlbs) | G8: Usage (Mlbs) | H8: WATER (Gallons) | I8: Usage (Gallons) | J8: CT - 5 (Gallons) | K8: Usage (Gallons) | L8: STEAM (Mlbs) | M8: Usage (Mlbs) | N8: WATER (Gallons) | O8: Usage (Gallons) | P8: CT -3 (Gallons) | Q8: Usage (Gallons) | R8: Room Nights
A9: 1 | B9: 15471 | C9: =+(B9-B6)*300 -> 6900 | D9: 47848 | E9: =+(D9-D6)*1.047 -> 15.705 | F9: 28370 | G9: =+(F9-F6)*0.1 -> 1.2 | H9: 10721442 | I9: =+H9-H6 -> 642 | J9: 343420 | K9: =+J9-J6 -> 11 | L9: 11155 | M9: =+(L9-L6)*0.1 -> 6.5 | N9: 28087780 | O9: =+N9-N6 -> 9505 | P9: 6231196 | Q9: =+P9-P6 -> 1 | R9: 0
A10: 2 | B10: 15490 | C10: =+(B10-B9)*300 -> 5700 | D10: 47856 | E10: =+(D10-D9)*1.047 -> 8.376 | F10: 28388 | G10: =+(F10-F9)*0.1 -> 1.8 | H10: 10722038 | I10: =+H10-H9 -> 596 | J10: 343467 | K10: =+J10-J9 -> 47 | L10: 11208 | M10: =+(L10-L9)*0.1 -> 5.3 | N10: 28094201 | O10: =+N10-N9 -> 6421 | P10: 6231196 | Q10: =+P10-P9 -> 0 | R10: 0
A11: 3 | B11: 15510 | C11: =+(B11-B10)*300 -> 6000 | D11: 47864 | E11: =+(D11-D10)*1.047 -> 8.376 | F11: 28392 | G11: =+(F11-F10)*0.1 -> 0.4 | H11: 10722673 | I11: =+H11-H10 -> 635 | J11: 343538 | K11: =+J11-J10 -> 71 | L11: 11251 | M11: =+(L11-L10)*0.1 -> 4.3 | N11: 28100758 | O11: =+N11-N10 -> 6557 | P11: 6231196 | Q11: =+P11-P10 -> 0 | R11: 0
A12: 4 | B12: 15524 | C12: =+(B12-B11)*300 -> 4200 | D12: 47870 | E12: =+(D12-D11)*1.047 -> 6.282 | F12: 28397 | G12: =+(F12-F11)*0.1 -> 0.5 | H12: 10723015 | I12: =+H12-H11 -> 342 | J12: 343554 | K12: =+J12-J11 -> 16 | L12: 11285 | M12: =+(L12-L11)*0.1 -> 3.4 | N12: 28108840 | O12: =+N12-N11 -> 8082 | P12: 6231196 | Q12: =+P12-P11 -> 0 | R12: 0
A13: 5 | B13: 15542 | C13: =+(B13-B12)*300 -> 5400 | D13: 47877 | E13: =+(D13-D12)*1.047 -> 7.329 | F13: 28405 | G13: =+(F13-F12)*0.1 -> 0.8 | H13: 10723545 | I13: =+H13-H12 -> 530 | J13: 343600 | K13: =+J13-J12 -> 46 | L13: 11340 | M13: =+(L13-L12)*0.1 -> 5.5 | N13: 28121480 | O13: =+N13-N12 -> 12640 | P13: 6231196 | Q13: =+P13-P12 -> 0 | R13: 0
A14: 6 | B14: 15562 | C14: =+(B14-B13)*300 -> 6000 | D14: 47884 | E14: =+(D14-D13)*1.047 -> 7.329 | F14: 28413 | G14: =+(F14-F13)*0.1 -> 0.8 | H14: 10724140 | I14: =+H14-H13 -> 595 | J14: 343646 | K14: =+J14-J13 -> 46 | L14: 11392 | M14: =+(L14-L13)*0.1 -> 5.2 | N14: 28134870 | O14: =+N14-N13 -> 13390 | P14: 6231196 | Q14: =+P14-P13 -> 0 | R14: 0
A15: 7 | B15: 15581 | C15: =+(B15-B14)*300 -> 5700 | D15: 47891 | E15: =+(D15-D14)*1.047 -> 7.329 | F15: 28421 | G15: =+(F15-F14)*0.1 -> 0.8 | H15: 10724765 | I15: =+H15-H14 -> 625 | J15: 343735 | K15: =+J15-J14 -> 89 | L15: 11438 | M15: =+(L15-L14)*0.1 -> 4.6 | N15: 28138500 | O15: =+N15-N14 -> 3630 | P15: 6231196 | Q15: =+P15-P14 -> 0 | R15: 0
A16: 8 | B16: 15606 | C16: =+(B16-B15)*300 -> 7500 | D16: 47902 | E16: =+(D16-D15)*1.047 -> 11.517 | F16: 28433 | G16: =+(F16-F15)*0.1 -> 1.2 | H16: 10725480 | I16: =+H16-H15 -> 715 | J16: 343756 | K16: =+J16-J15 -> 21 | L16: 11487 | M16: =+(L16-L15)*0.1 -> 4.9 | N16: 28164760 | O16: =+N16-N15 -> 26260 | P16: 6231296 | Q16: =+P16-P15 -> 100 | R16: 0
A17: 9 | B17: 15619 | C17: =+(B17-B16)*300 -> 3900 | D17: 47907 | E17: =+(D17-D16)*1.047 -> 5.235 | F17: 28440 | G17: =+(F17-F16)*0.1 -> 0.7 | H17: 10725670 | I17: =+H17-H16 -> 190 | J17: 343889 | K17: =+J17-J16 -> 133 | L17: 11532 | M17: =+(L17-L16)*0.1 -> 4.5 | N17: 28173470 | O17: =+N17-N16 -> 8710 | P17: 6231296 | Q17: =+P17-P16 -> 0 | R17: 0
A18: 10 | B18: 15639 | C18: =+(B18-B17)*300 -> 6000 | D18: 47915 | E18: =+(D18-D17)*1.047 -> 8.376 | F18: 28448 | G18: =+(F18-F17)*0.1 -> 0.8 | H18: 10726540 | I18: =+H18-H17 -> 870 | J18: 343978 | K18: =+J18-J17 -> 89 | L18: 11578 | M18: =+(L18-L17)*0.1 -> 4.6 | N18: 28179040 | O18: =+N18-N17 -> 5570 | P18: 6231296 | Q18: =+P18-P17 -> 0 | R18: 0
A19: 11 | B19: 15651 | C19: =+(B19-B18)*300 -> 3600 | D19: 47921 | E19: =+(D19-D18)*1.047 -> 6.282 | F19: 28453 | G19: =+(F19-F18)*0.1 -> 0.5 | H19: 10726910 | I19: =+H19-H18 -> 370 | J19: 343980 | K19: =+J19-J18 -> 2 | L19: 11613 | M19: =+(L19-L18)*0.1 -> 3.5 | N19: 28182845 | O19: =+N19-N18 -> 3805 | P19: 6231296 | Q19: =+P19-P18 -> 0 | R19: 0
A20: 12 | B20: 15670 | C20: =+(B20-B19)*300 -> 5700 | D20: 47929 | E20: =+(D20-D19)*1.047 -> 8.376 | F20: 28460 | G20: =+(F20-F19)*0.1 -> 0.7 | H20: 10727480 | I20: =+H20-H19 -> 570 | J20: 344013 | K20: =+J20-J19 -> 33 | L20: 11661 | M20: =+(L20-L19)*0.1 -> 4.8 | N20: 28188500 | O20: =+N20-N19 -> 5655 | P20: 6231296 | Q20: =+P20-P19 -> 0 | R20: 0
A21: 13 | B21: 15688 | C21: =+(B21-B20)*300 -> 5400 | D21: 47938 | E21: =+(D21-D20)*1.047 -> 9.423 | F21: 28468 | G21: =+(F21-F20)*0.1 -> 0.8 | H21: 10728090 | I21: =+H21-H20 -> 610 | J21: 344096 | K21: =+J21-J20 -> 83 | L21: 11707 | M21: =+(L21-L20)*0.1 -> 4.6 | N21: 28195470 | O21: =+N21-N20 -> 6970 | P21: 6231296 | Q21: =+P21-P20 -> 0 | R21: 0
... A39: 31 | B39: 16016 | C39: =+(B39-B38)*300 -> 5400 | D39: 48086 | E39: =+(D39-D38)*1.047 -> 10.47 | F39: 28632 | G39: =+(F39-F38)*0.1 -> 0.9 | H39: 10738938 | I39: =+H39-H38 -> 773 | J39: 345271 | K39: =+J39-J38 -> 74 | L39: 12464 | M39: =+(L39-L38)*0.1 -> 4.6 | N39: 28310545 | O39: =+N39-N38 -> 5645 | P39: 6233068 | Q39: =+P39-P38 -> 82 | R39: 0
A41: Total | C41: =SUM(C9:C40) -> 170400 | E41: =SUM(E9:E40) -> 264.891 | G41: =SUM(G9:G40) -> 27.4 | I41: =SUM(I9:I40) -> 18138 | K41: =SUM(K9:K40) -> 1862 | M41: =SUM(M9:M40) -> 137.4 | O41: =SUM(O9:O40) -> 232270 | Q41: =SUM(Q9:Q40) -> 1873
