Workbook

Sheet TOTAL
A1: Site Name | B1: Day | C1: Month | D1: Year | E1: Total Electricity Kwh | F1: Electricity Tariff ($/Kwh) | G1: Natual Gas (Therms) | H1: Natural Gas $/Therms | I1: Water Utility Supply (USG) USG | J1: Water Utility Supply (USG) $/USG | K1: District Energy Heating Steam Mlbs | L1: District Energy Heating $/Steam Mlbs | M1: Room Nights
A2: San Francisco at Embarcadero | B2: 1 | C2: 10 | D2: 2021 | E2: =IF(May!C9>0,May!C9,0) -> 3000 | F2: 0.1362 | G2: =IF(May!E9>0,May!E9,0) -> 3.141 | H2: 1.28 | I2: =IF((May!I9+May!O9)>0,(May!I9+May!O9),0) -> 590 | J2: 0.04 | K2: =IF((May!G9+May!M9)>0,(May!G9+May!M9),0) -> 2.6 | L2: 39 | M2: =May!R9 -> 0
A3: San Francisco at Embarcadero | B3: =B2+1 -> 2 | C3: 10 | D3: 2021 | E3: =IF(May!C10>0,May!C10,0) -> 3600 | F3: 0.1362 | G3: =IF(May!E10>0,May!E10,0) -> 5.235 | H3: 1.28 | I3: =IF((May!I10+May!O10)>0,(May!I10+May!O10),0) -> 2276 | J3: 0.04 | K3: =IF((May!G10+May!M10)>0,(May!G10+May!M10),0) -> 4.2 | L3: 39 | M3: =May!R10 -> 0
A4: San Francisco at Embarcadero | B4: =B3+1 -> 3 | C4: 10 | D4: 2021 | E4: =IF(May!C11>0,May!C11,0) -> 3600 | F4: 0.1362 | G4: =IF(May!E11>0,May!E11,0) -> 4.188 | H4: 1.28 | I4: =IF((May!I11+May!O11)>0,(May!I11+May!O11),0) -> 1590 | J4: 0.04 | K4: =IF((May!G11+May!M11)>0,(May!G11+May!M11),0) -> 4.3 | L4: 39 | M4: =May!R11 -> 0
A5: San Francisco at Embarcadero | B5: =B4+1 -> 4 | C5: 10 | D5: 2021 | E5: =IF(May!C12>0,May!C12,0) -> 3900 | F5: 0.1362 | G5: =IF(May!E12>0,May!E12,0) -> 4.188 | H5: 1.28 | I5: =IF((May!I12+May!O12)>0,(May!I12+May!O12),0) -> 1504 | J5: 0.04 | K5: =IF((May!G12+May!M12)>0,(May!G12+May!M12),0) -> 3.3 | L5: 39 | M5: =May!R12 -> 0
A6: San Francisco at Embarcadero | B6: =B5+1 -> 5 | C6: 10 | D6: 2021 | E6: =IF(May!C13>0,May!C13,0) -> 4200 | F6: 0.1362 | G6: =IF(May!E13>0,May!E13,0) -> 5.235 | H6: 1.28 | I6: =IF((May!I13+May!O13)>0,(May!I13+May!O13),0) -> 1290 | J6: 0.04 | K6: =IF((May!G13+May!M13)>0,(May!G13+May!M13),0) -> 3.6 | L6: 39 | M6: =May!R13 -> 0
A7: San Francisco at Embarcadero | B7: =B6+1 -> 6 | C7: 10 | D7: 2021 | E7: =IF(May!C14>0,May!C14,0) -> 3900 | F7: 0.1362 | G7: =IF(May!E14>0,May!E14,0) -> 4.188 | H7: 1.28 | I7: =IF((May!I14+May!O14)>0,(May!I14+May!O14),0) -> 1000 | J7: 0.04 | K7: =IF((May!G14+May!M14)>0,(May!G14+May!M14),0) -> 3.2 | L7: 39 | M7: =May!R14 -> 0
A8: San Francisco at Embarcadero | B8: =B7+1 -> 7 | C8: 10 | D8: 2021 | E8: =IF(May!C15>0,May!C15,0) -> 3300 | F8: 0.1362 | G8: =IF(May!E15>0,May!E15,0) -> 4.188 | H8: 1.28 | I8: =IF((May!I15+May!O15)>0,(May!I15+May!O15),0) -> 70 | J8: 0.04 | K8: =IF((May!G15+May!M15)>0,(May!G15+May!M15),0) -> 2.6 | L8: 39 | M8: =May!R15 -> 0
A9: San Francisco at Embarcadero | B9: =B8+1 -> 8 | C9: 10 | D9: 2021 | E9: =IF(May!C16>0,May!C16,0) -> 3600 | F9: 0.1362 | G9: =IF(May!E16>0,May!E16,0) -> 5.235 | H9: 1.28 | I9: =IF((May!I16+May!O16)>0,(May!I16+May!O16),0) -> 218 | J9: 0.04 | K9: =IF((May!G16+May!M16)>0,(May!G16+May!M16),0) -> 3.2 | L9: 39 | M9: =May!R16 -> 0
A10: San Francisco at Embarcadero | B10: =B9+1 -> 9 | C10: 10 | D10: 2021 | E10: =IF(May!C17>0,May!C17,0) -> 3600 | F10: 0.1362 | G10: =IF(May!E17>0,May!E17,0) -> 4.188 | H10: 1.28 | I10: =IF((May!I17+May!O17)>0,(May!I17+May!O17),0) -> 887 | J10: 0.04 | K10: =IF((May!G17+May!M17)>0,(May!G17+May!M17),0) -> 3.1 | L10: 39 | M10: =May!R17 -> 0
A11: San Francisco at Embarcadero | B11: =B10+1 -> 10 | C11: 10 | D11: 2021 | E11: =IF(May!C18>0,May!C18,0) -> 4200 | F11: 0.1362 | G11: =IF(May!E18>0,May!E18,0) -> 4.188 | H11: 1.28 | I11: =IF((May!I18+May!O18)>0,(May!I18+May!O18),0) -> 486 | J11: 0.04 | K11: =IF((May!G18+May!M18)>0,(May!G18+May!M18),0) -> 3.3 | L11: 39 | M11: =May!R18 -> 0
A12: San Francisco at Embarcadero | B12: =B11+1 -> 11 | C12: 10 | D12: 2021 | E12: =IF(May!C19>0,May!C19,0) -> 4200 | F12: 0.1362 | G12: =IF(May!E19>0,May!E19,0) -> 4.188 | H12: 1.28 | I12: =IF((May!I19+May!O19)>0,(May!I19+May!O19),0) -> 664 | J12: 0.04 | K12: =IF((May!G19+May!M19)>0,(May!G19+May!M19),0) -> 2.8 | L12: 39 | M12: =May!R19 -> 0
A13: San Francisco at Embarcadero | B13: =B12+1 -> 12 | C13: 10 | D13: 2021 | E13: =IF(May!C20>0,May!C20,0) -> 4200 | F13: 0.1362 | G13: =IF(May!E20>0,May!E20,0) -> 5.235 | H13: 1.28 | I13: =IF((May!I20+May!O20)>0,(May!I20+May!O20),0) -> 725 | J13: 0.04 | K13: =IF((May!G20+May!M20)>0,(May!G20+May!M20),0) -> 3.4 | L13: 39 | M13: =May!R20 -> 0
A14: San Francisco at Embarcadero | B14: =B13+1 -> 13 | C14: 10 | D14: 2021 | E14: =IF(May!C21>0,May!C21,0) -> 3300 | F14: 0.1362 | G14: =IF(May!E21>0,May!E21,0) -> 3.141 | H14: 1.28 | I14: =IF((May!I21+May!O21)>0,(May!I21+May!O21),0) -> 105 | J14: 0.04 | K14: =IF((May!G21+May!M21)>0,(May!G21+May!M21),0) -> 2.7 | L14: 39 | M14: =May!R21 -> 0
... A32: San Francisco at Embarcadero | B32: =B31+1 -> 31 | C32: 10 | D32: 2021 | E32: =IF(May!C39>0,May!C39,0) -> 6900 | F32: 0.1362 | G32: =IF(May!E39>0,May!E39,0) -> 8.376 | H32: 1.28 | I32: =IF((May!I39+May!O39)>0,(May!I39+May!O39),0) -> 1436 | J32: 0.04 | K32: =IF((May!G39+May!M39)>0,(May!G39+May!M39),0) -> 7.3 | L32: 39 | M32: =May!R39 -> 0

Sheet May
A2: MONTHLY METER READINGS: May 2021
A6: PREVIOUS Meter Reading | B6: 13982 | D6: 47141 | F6: 27534 | H6: 10679870 | J6: 341083 | L6: 7618 | N6: 27715440 | P6: 6227195
A7: DATE | B7: 1B | D7: 1B | F7: 1B | H7: 1B | J7: 4TH | L7: 36TH | N7: 36TH | P7: EAST PENT.
B8: ELECTRIC (kWh) | C8: Usage (kWh) | D8: GAS (CCF) | E8: Usage (Therms) | F8: STEAM (Mlbs) | G8: Usage (Mlbs) | H8: WATER (Gallons) | I8: Usage (Gallons) | J8: CT - 5 (Gallons) | K8: Usage (Gallons) | L8: STEAM (Mlbs) | M8: Usage (Mlbs) | N8: WATER (Gallons) | O8: Usage (Gallons) | P8: CT -3 (Gallons) | Q8: Usage (Gallons) | R8: Room Nights
A9: 1 | B9: 13992 | C9: =+(B9-B6)*300 -> 3000 | D9: 47144 | E9: =+(D9-D6)*1.047 -> 3.141 | F9: 27541 | G9: =+(F9-F6)*0.1 -> 0.7 | H9: 10679960 | I9: =+H9-H6 -> 90 | J9: 341083 | K9: =+J9-J6 -> 0 | L9: 7637 | M9: =+(L9-L6)*0.1 -> 1.9 | N9: 27715940 | O9: =+N9-N6 -> 500 | P9: 6227195 | Q9: =+P9-P6 -> 0 | R9: 0
A10: 2 | B10: 14004 | C10: =+(B10-B9)*300 -> 3600 | D10: 47149 | E10: =+(D10-D9)*1.047 -> 5.235 | F10: 27548 | G10: =+(F10-F9)*0.1 -> 0.7 | H10: 10680061 | I10: =+H10-H9 -> 101 | J10: 341087 | K10: =+J10-J9 -> 4 | L10: 7672 | M10: =+(L10-L9)*0.1 -> 3.5 | N10: 27718115 | O10: =+N10-N9 -> 2175 | P10: 6227195 | Q10: =+P10-P9 -> 0 | R10: 0
A11: 3 | B11: 14016 | C11: =+(B11-B10)*300 -> 3600 | D11: 47153 | E11: =+(D11-D10)*1.047 -> 4.188 | F11: 27556 | G11: =+(F11-F10)*0.1 -> 0.8 | H11: 10680161 | I11: =+H11-H10 -> 100 | J11: 341098 | K11: =+J11-J10 -> 11 | L11: 7707 | M11: =+(L11-L10)*0.1 -> 3.5 | N11: 27719605 | O11: =+N11-N10 -> 1490 | P11: 6227198 | Q11: =+P11-P10 -> 3 | R11: 0
A12: 4 | B12: 14029 | C12: =+(B12-B11)*300 -> 3900 | D12: 47157 | E12: =+(D12-D11)*1.047 -> 4.188 | F12: 27563 | G12: =+(F12-F11)*0.1 -> 0.7 | H12: 10680450 | I12: =+H12-H11 -> 289 | J12: 341137 | K12: =+J12-J11 -> 39 | L12: 7733 | M12: =+(L12-L11)*0.1 -> 2.6 | N12: 27720820 | O12: =+N12-N11 -> 1215 | P12: 6227202 | Q12: =+P12-P11 -> 4 | R12: 0
A13: 5 | B13: 14043 | C13: =+(B13-B12)*300 -> 4200 | D13: 47162 | E13: =+(D13-D12)*1.047 -> 5.235 | F13: 27570 | G13: =+(F13-F12)*0.1 -> 0.7 | H13: 10680705 | I13: =+H13-H12 -> 255 | J13: 341169 | K13: =+J13-J12 -> 32 | L13: 7762 | M13: =+(L13-L12)*0.1 -> 2.9 | N13: 27721855 | O13: =+N13-N12 -> 1035 | P13: 6227230 | Q13: =+P13-P12 -> 28 | R13: 0
A14: 6 | B14: 14056 | C14: =+(B14-B13)*300 -> 3900 | D14: 47166 | E14: =+(D14-D13)*1.047 -> 4.188 | F14: 27577 | G14: =+(F14-F13)*0.1 -> 0.7 | H14: 10680998 | I14: =+H14-H13 -> 293 | J14: 341180 | K14: =+J14-J13 -> 11 | L14: 7787 | M14: =+(L14-L13)*0.1 -> 2.5 | N14: 27722562 | O14: =+N14-N13 -> 707 | P14: 6227234 | Q14: =+P14-P13 -> 4 | R14: 0
A15: 7 | B15: 14067 | C15: =+(B15-B14)*300 -> 3300 | D15: 47170 | E15: =+(D15-D14)*1.047 -> 4.188 | F15: 27582 | G15: =+(F15-F14)*0.1 -> 0.5 | H15: 10681063 | I15: =+H15-H14 -> 65 | J15: 341185 | K15: =+J15-J14 -> 5 | L15: 7808 | M15: =+(L15-L14)*0.1 -> 2.1 | N15: 27722567 | O15: =+N15-N14 -> 5 | P15: 6227234 | Q15: =+P15-P14 -> 0 | R15: 0
A16: 8 | B16: 14079 | C16: =+(B16-B15)*300 -> 3600 | D16: 47175 | E16: =+(D16-D15)*1.047 -> 5.235 | F16: 27589 | G16: =+(F16-F15)*0.1 -> 0.7 | H16: 10681248 | I16: =+H16-H15 -> 185 | J16: 341186 | K16: =+J16-J15 -> 1 | L16: 7833 | M16: =+(L16-L15)*0.1 -> 2.5 | N16: 27722600 | O16: =+N16-N15 -> 33 | P16: 6227235 | Q16: =+P16-P15 -> 1 | R16: 0
A17: 9 | B17: 14091 | C17: =+(B17-B16)*300 -> 3600 | D17: 47179 | E17: =+(D17-D16)*1.047 -> 4.188 | F17: 27597 | G17: =+(F17-F16)*0.1 -> 0.8 | H17: 10681385 | I17: =+H17-H16 -> 137 | J17: 341191 | K17: =+J17-J16 -> 5 | L17: 7856 | M17: =+(L17-L16)*0.1 -> 2.3 | N17: 27723350 | O17: =+N17-N16 -> 750 | P17: 6227238 | Q17: =+P17-P16 -> 3 | R17: 0
A18: 10 | B18: 14105 | C18: =+(B18-B17)*300 -> 4200 | D18: 47183 | E18: =+(D18-D17)*1.047 -> 4.188 | F18: 27605 | G18: =+(F18-F17)*0.1 -> 0.8 | H18: 10681471 | I18: =+H18-H17 -> 86 | J18: 341201 | K18: =+J18-J17 -> 10 | L18: 7881 | M18: =+(L18-L17)*0.1 -> 2.5 | N18: 27723750 | O18: =+N18-N17 -> 400 | P18: 6227260 | Q18: =+P18-P17 -> 22 | R18: 0
A19: 11 | B19: 14119 | C19: =+(B19-B18)*300 -> 4200 | D19: 47187 | E19: =+(D19-D18)*1.047 -> 4.188 | F19: 27613 | G19: =+(F19-F18)*0.1 -> 0.8 | H19: 10681670 | I19: =+H19-H18 -> 199 | J19: 341203 | K19: =+J19-J18 -> 2 | L19: 7901 | M19: =+(L19-L18)*0.1 -> 2 | N19: 27724215 | O19: =+N19-N18 -> 465 | P19: 6227299 | Q19: =+P19-P18 -> 39 | R19: 0
A20: 12 | B20: 14133 | C20: =+(B20-B19)*300 -> 4200 | D20: 47192 | E20: =+(D20-D19)*1.047 -> 5.235 | F20: 27621 | G20: =+(F20-F19)*0.1 -> 0.8 | H20: 10681860 | I20: =+H20-H19 -> 190 | J20: 341205 | K20: =+J20-J19 -> 2 | L20: 7927 | M20: =+(L20-L19)*0.1 -> 2.6 | N20: 27724750 | O20: =+N20-N19 -> 535 | P20: 6227800 | Q20: =+P20-P19 -> 501 | R20: 0
A21: 13 | B21: 14144 | C21: =+(B21-B20)*300 -> 3300 | D21: 47195 | E21: =+(D21-D20)*1.047 -> 3.141 | F21: 27627 | G21: =+(F21-F20)*0.1 -> 0.6 | H21: 10681915 | I21: =+H21-H20 -> 55 | J21: 341205 | K21: =+J21-J20 -> 0 | L21: 7948 | M21: =+(L21-L20)*0.1 -> 2.1 | N21: 27724800 | O21: =+N21-N20 -> 50 | P21: 6227800 | Q21: =+P21-P20 -> 0 | R21: 0
... A39: 31 | B39: 14388 | C39: =+(B39-B38)*300 -> 6900 | D39: 47275 | E39: =+(D39-D38)*1.047 -> 8.376 | F39: 27771 | G39: =+(F39-F38)*0.1 -> 2.2 | H39: 10683482 | I39: =+H39-H38 -> 82 | J39: 341254 | K39: =+J39-J38 -> 3 | L39: 8536 | M39: =+(L39-L38)*0.1 -> 5.1 | N39: 27734150 | O39: =+N39-N38 -> 1354 | P39: 6227837 | Q39: =+P39-P38 -> 7 | R39: 0
A41: Total | C41: =SUM(C9:C40) -> 121800 | E41: =SUM(E9:E40) -> 140.298 | G41: =SUM(G9:G40) -> 23.7 | I41: =SUM(I9:I40) -> 3612 | K41: =SUM(K9:K40) -> 171 | M41: =SUM(M9:M40) -> 91.8 | O41: =SUM(O9:O40) -> 18710 | Q41: =SUM(Q9:Q40) -> 642
