Workbook

Sheet TOTAL
A1: Site Name | B1: Day | C1: Month | D1: Year | E1: Total Electricity Kwh | F1: Electricity Tariff ($/Kwh) | G1: Natual Gas (m3) | H1: Natural Gas $/m3 | I1: Water Utility Supply (m3) m3 | J1: Water Utility Supply (m3) $/m3 | K1: Room Nights | L1: Total Guests | M1: Utilities day cost dh
A2: Mumbai | B2: 1 | C2: 10 | D2: 2021 | E2: =(IF('Daily HLP'!H4>0,'Daily HLP'!H4,0)) -> 22430.2 | F2: 9 | G2: =(IF('Daily HLP'!L4>0,'Daily HLP'!L4,0)) -> 981 | H2: 54.6 | I2: =(IF('Daily HLP'!O4>0,'Daily HLP'!O4,0)) -> 199 | J2: 99 | K2: =Occupancy!G2 -> 171 | L2: =Occupancy!F2 -> 687 | M2: =E2*F2+G2*H2+#REF!*#REF!+I2*J2 -> #REF!
A3: Mumbai | B3: =B2+1 -> 2 | C3: 10 | D3: 2021 | E3: =(IF('Daily HLP'!H5>0,'Daily HLP'!H5,0)) -> 22758 | F3: 9 | G3: =(IF('Daily HLP'!L5>0,'Daily HLP'!L5,0)) -> 1027 | H3: 54.6 | I3: =(IF('Daily HLP'!O5>0,'Daily HLP'!O5,0)) -> 259 | J3: 99 | K3: =Occupancy!G3 -> 176 | L3: =Occupancy!F3 -> 739 | M3: =E3*F3+G3*H3+#REF!*#REF!+I3*J3 -> #REF!
A4: Mumbai | B4: =B3+1 -> 3 | C4: 10 | D4: 2021 | E4: =(IF('Daily HLP'!H6>0,'Daily HLP'!H6,0)) -> 23433.3 | F4: 9 | G4: =(IF('Daily HLP'!L6>0,'Daily HLP'!L6,0)) -> 1056.887 | H4: 54.6 | I4: =(IF('Daily HLP'!O6>0,'Daily HLP'!O6,0)) -> 259 | J4: 99 | K4: =Occupancy!G4 -> 127 | L4: =Occupancy!F4 -> 601 | M4: =E4*F4+G4*H4+#REF!*#REF!+I4*J4 -> #REF!
A5: Mumbai | B5: =B4+1 -> 4 | C5: 10 | D5: 2021 | E5: =(IF('Daily HLP'!H7>0,'Daily HLP'!H7,0)) -> 23852.74 | F5: 9 | G5: =(IF('Daily HLP'!L7>0,'Daily HLP'!L7,0)) -> 1064.113 | H5: 54.6 | I5: =(IF('Daily HLP'!O7>0,'Daily HLP'!O7,0)) -> 250 | J5: 99 | K5: =Occupancy!G5 -> 153 | L5: =Occupancy!F5 -> 576 | M5: =E5*F5+G5*H5+#REF!*#REF!+I5*J5 -> #REF!
A6: Mumbai | B6: =B5+1 -> 5 | C6: 10 | D6: 2021 | E6: =(IF('Daily HLP'!H8>0,'Daily HLP'!H8,0)) -> 25691.76 | F6: 9 | G6: =(IF('Daily HLP'!L8>0,'Daily HLP'!L8,0)) -> 1023 | H6: 54.6 | I6: =(IF('Daily HLP'!O8>0,'Daily HLP'!O8,0)) -> 281 | J6: 99 | K6: =Occupancy!G6 -> 163 | L6: =Occupancy!F6 -> 466 | M6: =E6*F6+G6*H6+#REF!*#REF!+I6*J6 -> #REF!
A7: Mumbai | B7: =B6+1 -> 6 | C7: 10 | D7: 2021 | E7: =(IF('Daily HLP'!H9>0,'Daily HLP'!H9,0)) -> 24192 | F7: 9 | G7: =(IF('Daily HLP'!L9>0,'Daily HLP'!L9,0)) -> 974 | H7: 54.6 | I7: =(IF('Daily HLP'!O9>0,'Daily HLP'!O9,0)) -> 240 | J7: 99 | K7: =Occupancy!G7 -> 158 | L7: =Occupancy!F7 -> 556 | M7: =E7*F7+G7*H7+#REF!*#REF!+I7*J7 -> #REF!
A8: Mumbai | B8: =B7+1 -> 7 | C8: 10 | D8: 2021 | E8: =(IF('Daily HLP'!H10>0,'Daily HLP'!H10,0)) -> 22240.32 | F8: 9 | G8: =(IF('Daily HLP'!L10>0,'Daily HLP'!L10,0)) -> 998.83 | H8: 54.6 | I8: =(IF('Daily HLP'!O10>0,'Daily HLP'!O10,0)) -> 258 | J8: 99 | K8: =Occupancy!G8 -> 164 | L8: =Occupancy!F8 -> 953 | M8: =E8*F8+G8*H8+#REF!*#REF!+I8*J8 -> #REF!
A9: Mumbai | B9: =B8+1 -> 8 | C9: 10 | D9: 2021 | E9: =(IF('Daily HLP'!H11>0,'Daily HLP'!H11,0)) -> 23705.19 | F9: 9 | G9: =(IF('Daily HLP'!L11>0,'Daily HLP'!L11,0)) -> 1022.55 | H9: 54.6 | I9: =(IF('Daily HLP'!O11>0,'Daily HLP'!O11,0)) -> 231 | J9: 99 | K9: =Occupancy!G9 -> 148 | L9: =Occupancy!F9 -> 602 | M9: =E9*F9+G9*H9+#REF!*#REF!+I9*J9 -> #REF!
A10: Mumbai | B10: =B9+1 -> 9 | C10: 10 | D10: 2021 | E10: =(IF('Daily HLP'!H12>0,'Daily HLP'!H12,0)) -> 24465.49 | F10: 9 | G10: =(IF('Daily HLP'!L12>0,'Daily HLP'!L12,0)) -> 996.62 | H10: 54.6 | I10: =(IF('Daily HLP'!O12>0,'Daily HLP'!O12,0)) -> 274 | J10: 99 | K10: =Occupancy!G10 -> 173 | L10: =Occupancy!F10 -> 749 | M10: =E10*F10+G10*H10+#REF!*#REF!+I10*J10 -> #REF!
A11: Mumbai | B11: =B10+1 -> 10 | C11: 10 | D11: 2021 | E11: =(IF('Daily HLP'!H13>0,'Daily HLP'!H13,0)) -> 24337 | F11: 9 | G11: =(IF('Daily HLP'!L13>0,'Daily HLP'!L13,0)) -> 948 | H11: 54.6 | I11: =(IF('Daily HLP'!O13>0,'Daily HLP'!O13,0)) -> 258 | J11: 99 | K11: =Occupancy!G11 -> 139 | L11: =Occupancy!F11 -> 524 | M11: =E11*F11+G11*H11+#REF!*#REF!+I11*J11 -> #REF!
A12: Mumbai | B12: =B11+1 -> 11 | C12: 10 | D12: 2021 | E12: =(IF('Daily HLP'!H14>0,'Daily HLP'!H14,0)) -> 24048 | F12: 9 | G12: =(IF('Daily HLP'!L14>0,'Daily HLP'!L14,0)) -> 1045 | H12: 54.6 | I12: =(IF('Daily HLP'!O14>0,'Daily HLP'!O14,0)) -> 276 | J12: 99 | K12: =Occupancy!G12 -> 146 | L12: =Occupancy!F12 -> 52 | M12: =E12*F12+G12*H12+#REF!*#REF!+I12*J12 -> #REF!
A13: Mumbai | B13: =B12+1 -> 12 | C13: 10 | D13: 2021 | E13: =(IF('Daily HLP'!H15>0,'Daily HLP'!H15,0)) -> 24516 | F13: 9 | G13: =(IF('Daily HLP'!L15>0,'Daily HLP'!L15,0)) -> 959 | H13: 54.6 | I13: =(IF('Daily HLP'!O15>0,'Daily HLP'!O15,0)) -> 248 | J13: 99 | K13: =Occupancy!G13 -> 134 | L13: =Occupancy!F13 -> 436 | M13: =E13*F13+G13*H13+#REF!*#REF!+I13*J13 -> #REF!
A14: Mumbai | B14: =B13+1 -> 13 | C14: 10 | D14: 2021 | E14: =(IF('Daily HLP'!H16>0,'Daily HLP'!H16,0)) -> 23605 | F14: 9 | G14: =(IF('Daily HLP'!L16>0,'Daily HLP'!L16,0)) -> 952 | H14: 54.6 | I14: =(IF('Daily HLP'!O16>0,'Daily HLP'!O16,0)) -> 219 | J14: 99 | K14: =Occupancy!G14 -> 129 | L14: =Occupancy!F14 -> 455 | M14: =E14*F14+G14*H14+#REF!*#REF!+I14*J14 -> #REF!
... A31: Mumbai | B31: =B30+1 -> 30 | C31: 10 | D31: 2021 | E31: =(IF('Daily HLP'!H33>0,'Daily HLP'!H33,0)) -> 23050 | F31: 9 | G31: =(IF('Daily HLP'!L33>0,'Daily HLP'!L33,0)) -> 875 | H31: 54.6 | I31: =(IF('Daily HLP'!O33>0,'Daily HLP'!O33,0)) -> 200 | J31: 99 | K31: =Occupancy!G31 -> 0 | L31: =Occupancy!F31 -> 0 | M31: =E31*F31+G31*H31+#REF!*#REF!+I31*J31 -> #REF!
A32: Mumbai | B32: =B31+1 -> 31 | C32: 10 | D32: 2021 | E32: =(IF('Daily HLP'!H34>0,'Daily HLP'!H34,0)) -> 23050 | F32: 9 | G32: =(IF('Daily HLP'!L34>0,'Daily HLP'!L34,0)) -> 875 | H32: 54.6 | I32: =(IF('Daily HLP'!O34>0,'Daily HLP'!O34,0)) -> 200 | J32: 99 | K32: =Occupancy!G32 -> 0 | L32: =Occupancy!F32 -> 0

Sheet Submetering
A1: Site Name | B1: Day | C1: Month | D1: Year | E1: ='Section Load'!F4 -> HVAC | F1: ='Section Load'!G4 -> Fire & Emergency PP | G1: ='Section Load'!H4 -> Main PP | H1: ='Section Load'!I4 -> Lighting PP | I1: ='Section Load'!J4 -> CH-1+ CH2+CH3+CH4 | J1: ='Section Load'!K4 -> Chilled water Pump | K1: ='Section Load'!L4 -> Ball Room-1 | L1: ='Section Load'!M4 -> Ball Room-2 | ... AL1: ='Section Load'!AM4 -> Cooling Tower | AM1: R.o.plant | AN1: STP Water Prod | AO1: Domestic Zone-1 | AP1: Domestic Zone-2 | AQ1: Domestic Zone-3 | AR1: Flush Zone -1 | AS1: Flush Zone -2 | AT1: Flush Zone -3 | AU1: Swimming pool | AV1: B2 Laundry | AW1: Boiler Feed Water | AX1: cooling tower filling water | AY1: STP flush(new water meter) | AZ1: Garden Water Pump | BA1: Flush Zone 2 pump meter | BB1: Flush Zone 3 Pump Meter (wtp transfer ) | BC1: Flush Tanker-Zone-1 | BD1: Total Domestic Water (Tanker (R.O) +BMC) | BE1: Total Domestic Consumption | BF1: Total STP Consumption | BG1: ='Section Load'!AN4 -> MGL | BH1: ='Section Load'!AO4 -> HWG | BI1: ='Section Load'!AP4 -> Prato | BJ1: ='Section Load'!AQ4 -> BR-1 | BK1: ='Section Load'!AR4 -> SanQi IND | BL1: ='Section Load'!AS4 -> SanQi JPN | BM1: ='Section Load'!AT4 -> Boiler
A2: Mumbai | B2: 1 | C2: 10 | D2: 2021 | E2: =(IF('Section Load'!F5>0,'Section Load'!F5,0)) -> 4296.31 | F2: =(IF('Section Load'!G5>0,'Section Load'!G5,0)) -> 1758.31 | G2: =(IF('Section Load'!H5>0,'Section Load'!H5,0)) -> 1899.22 | H2: =(IF('Section Load'!I5>0,'Section Load'!I5,0)) -> 4013.78 | I2: =(IF('Section Load'!J5>0,'Section Load'!J5,0)) -> 6682.73 | J2: =(IF('Section Load'!K5>0,'Section Load'!K5,0)) -> 2266 | K2: =(IF('Section Load'!L5>0,'Section Load'!L5,0)) -> 1076.15 | L2: =(IF('Section Load'!M5>0,'Section Load'!M5,0)) -> 944.9 | ... AL2: =(IF('Section Load'!AM5>0,'Section Load'!AM5,0)) -> 707.37 | AM2: =(IF('Water Report'!$D$7>0,'Water Report'!$D$7,0)) -> 98 | AN2: =(IF('Water Report'!$D$8>0,'Water Report'!$D$8,0)) -> 165 | AO2: =(IF('Water Report'!$D$9>0,'Water Report'!$D$9,0)) -> 76 | AP2: =(IF('Water Report'!$D$10>0,'Water Report'!$D$10,0)) -> 24 | AQ2: =(IF('Water Report'!$D$11>0,'Water Report'!$D$11,0)) -> 29 | AR2: =(IF('Water Report'!$D$13>0,'Water Report'!$D$13,0)) -> 31 | AS2: =(IF('Water Report'!$D$14>0,'Water Report'!$D$14,0)) -> 9 | AT2: =(IF('Water Report'!$D$15>0,'Water Report'!$D$15,0)) -> 10 | AU2: =(IF('Water Report'!$D$17>0,'Water Report'!$D$17,0)) -> 0 | AV2: =(IF('Water Report'!$D$18>0,'Water Report'!$D$18,0)) -> 10 | AW2: =(IF('Water Report'!$D$19>0,'Water Report'!$D$19,0)) -> 9 | AX2: =(IF('Water Report'!$D$21>0,'Water Report'!$D$21,0)) -> 83 | AY2: =(IF('Water Report'!$D$22>0,'Water Report'!$D$22,0)) -> 0 | AZ2: =(IF('Water Report'!$D$23>0,'Water Report'!$D$23,0)) -> 0 | BA2: =(IF('Water Report'!$D$14>0,'Water Report'!$D$14,0)) -> 9 | BB2: =(IF('Water Report'!$D$15>0,'Water Report'!$D$15,0)) -> 10 | BC2: =(IF('Water Report'!$D$13>0,'Water Report'!$D$13,0)) -> 31 | BD2: =(IF('Water Report'!$D$24>0,'Water Report'!$D$24,0)) -> 199 | BE2: =(IF('Water Report'!$D$25>0,'Water Report'!$D$25,0)) -> 148 | BF2: =(IF('Water Report'!$D$27>0,'Water Report'!$D$27,0)) -> 114 | BG2: =(IF('Section Load'!AN5>0,'Section Load'!AN5,0)) -> 981 | BH2: =(IF('Section Load'!AO5>0,'Section Load'!AO5,0)) -> 286.61 | BI2: =(IF('Section Load'!AP5>0,'Section Load'!AP5,0)) -> 0 | BJ2: =(IF('Section Load'!AQ5>0,'Section Load'!AQ5,0)) -> 125.32 | BK2: =(IF('Section Load'!AR5>0,'Section Load'!AR5,0)) -> 54.8 | BL2: =(IF('Section Load'!AS5>0,'Section Load'!AS5,0)) -> 1.7 | BM2: =(IF('Section Load'!AT5>0,'Section Load'!AT5,0)) -> 512.57
A3: Mumbai | B3: =B2+1 -> 2 | C3: 10 | D3: 2021 | E3: =(IF('Section Load'!F6>0,'Section Load'!F6,0)) -> 4605.6 | F3: =(IF('Section Load'!G6>0,'Section Load'!G6,0)) -> 1726.88 | G3: =(IF('Section Load'!H6>0,'Section Load'!H6,0)) -> 1966.95 | H3: =(IF('Section Load'!I6>0,'Section Load'!I6,0)) -> 4103.22 | I3: =(IF('Section Load'!J6>0,'Section Load'!J6,0)) -> 6979.96 | J3: =(IF('Section Load'!K6>0,'Section Load'!K6,0)) -> 2274.7 | K3: =(IF('Section Load'!L6>0,'Section Load'!L6,0)) -> 1107.68 | L3: =(IF('Section Load'!M6>0,'Section Load'!M6,0)) -> 857.81 | ... AL3: =(IF('Section Load'!AM6>0,'Section Load'!AM6,0)) -> 777.62 | AM3: =(IF('Water Report'!$E$7>0,'Water Report'!$E$7,0)) -> 119 | AN3: =(IF('Water Report'!$E$8>0,'Water Report'!$E$8,0)) -> 164 | AO3: =(IF('Water Report'!$E$9>0,'Water Report'!$E$9,0)) -> 94 | AP3: =(IF('Water Report'!$E$10>0,'Water Report'!$E$10,0)) -> 22 | AQ3: =(IF('Water Report'!$E$11>0,'Water Report'!$E$11,0)) -> 40 | AR3: =(IF('Water Report'!$E$13>0,'Water Report'!$E$13,0)) -> 42 | AS3: =(IF('Water Report'!$E$14>0,'Water Report'!$E$14,0)) -> 21 | AT3: =(IF('Water Report'!$E$15>0,'Water Report'!$E$15,0)) -> 10 | AU3: =(IF('Water Report'!$E$17>0,'Water Report'!$E$17,0)) -> 0 | AV3: =(IF('Water Report'!$E$18>0,'Water Report'!$E$18,0)) -> 12 | AW3: =(IF('Water Report'!$E$19>0,'Water Report'!$E$19,0)) -> 9 | AX3: =(IF('Water Report'!$E$21>0,'Water Report'!$E$21,0)) -> 84 | AY3: =(IF('Water Report'!$E$22>0,'Water Report'!$E$22,0)) -> 0 | AZ3: =(IF('Water Report'!$E$23>0,'Water Report'!$E$23,0)) -> 0 | BA3: =(IF('Water Report'!$E$14>0,'Water Report'!$E$14,0)) -> 21 | BB3: =(IF('Water Report'!$E$15>0,'Water Report'!$E$15,0)) -> 10 | BC3: =(IF('Water Report'!$E$13>0,'Water Report'!$E$13,0)) -> 42 | BD3: =(IF('Water Report'!$E$24>0,'Water Report'!$E$24,0)) -> 259 | BE3: =(IF('Water Report'!$E$25>0,'Water Report'!$E$25,0)) -> 187 | BF3: =(IF('Water Report'!$E$27>0,'Water Report'!$E$27,0)) -> 126 | BG3: =(IF('Section Load'!AN6>0,'Section Load'!AN6,0)) -> 1027 | BH3: =(IF('Section Load'!AO6>0,'Section Load'!AO6,0)) -> 306.45 | BI3: =(IF('Section Load'!AP6>0,'Section Load'!AP6,0)) -> 0 | BJ3: =(IF('Section Load'!AQ6>0,'Section Load'!AQ6,0)) -> 103.46 | BK3: =(IF('Section Load'!AR6>0,'Section Load'!AR6,0)) -> 63.2 | BL3: =(IF('Section Load'!AS6>0,'Section Load'!AS6,0)) -> 4.5 | BM3: =(IF('Section Load'!AT6>0,'Section Load'!AT6,0)) -> 549.39
A4: Mumbai | B4: =B3+1 -> 3 | C4: 10 | D4: 2021 | E4: =(IF('Section Load'!F7>0,'Section Load'!F7,0)) -> 4727.07 | F4: =(IF('Section Load'!G7>0,'Section Load'!G7,0)) -> 1707.23 | G4: =(IF('Section Load'!H7>0,'Section Load'!H7,0)) -> 1951.81 | H4: =(IF('Section Load'!I7>0,'Section Load'!I7,0)) -> 4180.14 | I4: =(IF('Section Load'!J7>0,'Section Load'!J7,0)) -> 7169.17 | J4: =(IF('Section Load'!K7>0,'Section Load'!K7,0)) -> 2284.9 | K4: =(IF('Section Load'!L7>0,'Section Load'!L7,0)) -> 1216.72 | L4: =(IF('Section Load'!M7>0,'Section Load'!M7,0)) -> 887.09 | ... AL4: =(IF('Section Load'!AM7>0,'Section Load'!AM7,0)) -> 796.59 | AM4: =(IF('Water Report'!$F$7>0,'Water Report'!$F$7,0)) -> 125 | AN4: =(IF('Water Report'!$F$8>0,'Water Report'!$F$8,0)) -> 160 | AO4: =(IF('Water Report'!$F$9>0,'Water Report'!$G$9,0)) -> 85 | AP4: =(IF('Water Report'!$F$10>0,'Water Report'!$F$10,0)) -> 26 | AQ4: =(IF('Water Report'!$F$11>0,'Water Report'!$F$11,0)) -> 36 | AR4: =(IF('Water Report'!$F$13>0,'Water Report'!$F$13,0)) -> 53 | AS4: =(IF('Water Report'!$F$14>0,'Water Report'!$F$14,0)) -> 12 | AT4: =(IF('Water Report'!$F$15>0,'Water Report'!$F$15,0)) -> 10 | AU4: =(IF('Water Report'!$F$17>0,'Water Report'!$F$17,0)) -> 0 | AV4: =(IF('Water Report'!$F$18>0,'Water Report'!$F$18,0)) -> 12 | AW4: =(IF('Water Report'!$F$19>0,'Water Report'!$F$19,0)) -> 9 | AX4: =(IF('Water Report'!$F$21>0,'Water Report'!$F$21,0)) -> 73 | AY4: =(IF('Water Report'!$F$22>0,'Water Report'!$F$22,0)) -> 0 | AZ4: =(IF('Water Report'!$F$23>0,'Water Report'!$F$23,0)) -> 8 | BA4: =(IF('Water Report'!$F$14>0,'Water Report'!$F$14,0)) -> 12 | BB4: =(IF('Water Report'!$F$15>0,'Water Report'!$F$15,0)) -> 10 | BC4: =(IF('Water Report'!$F$13>0,'Water Report'!$F$13,0)) -> 53 | BD4: =(IF('Water Report'!$F$24>0,'Water Report'!$F$24,0)) -> 259 | BE4: =(IF('Water Report'!$F$25>0,'Water Report'!$F$25,0)) -> 164 | BF4: =(IF('Water Report'!$F$27>0,'Water Report'!$F$27,0)) -> 134 | BG4: =(IF('Section Load'!AN7>0,'Section Load'!AN7,0)) -> 1056.887 | BH4: =(IF('Section Load'!AO7>0,'Section Load'!AO7,0)) -> 308.53 | BI4: =(IF('Section Load'!AP7>0,'Section Load'!AP7,0)) -> 0 | BJ4: =(IF('Section Load'!AQ7>0,'Section Load'!AQ7,0)) -> 111.66 | BK4: =(IF('Section Load'!AR7>0,'Section Load'!AR7,0)) -> 53.1 | BL4: =(IF('Section Load'!AS7>0,'Section Load'!AS7,0)) -> 1.6 | BM4: =(IF('Section Load'!AT7>0,'Section Load'!AT7,0)) -> 581.997
A5: Mumbai | B5: =B4+1 -> 4 | C5: 10 | D5: 2021 | E5: =(IF('Section Load'!F8>0,'Section Load'!F8,0)) -> 5101.64 | F5: =(IF('Section Load'!G8>0,'Section Load'!G8,0)) -> 1697.31 | G5: =(IF('Section Load'!H8>0,'Section Load'!H8,0)) -> 1873.39 | H5: =(IF('Section Load'!I8>0,'Section Load'!I8,0)) -> 4257.73 | I5: =(IF('Section Load'!J8>0,'Section Load'!J8,0)) -> 7669.82 | J5: =(IF('Section Load'!K8>0,'Section Load'!K8,0)) -> 2392.5 | K5: =(IF('Section Load'!L8>0,'Section Load'!L8,0)) -> 1031.8 | L5: =(IF('Section Load'!M8>0,'Section Load'!M8,0)) -> 995.67 | ... AL5: =(IF('Section Load'!AM8>0,'Section Load'!AM8,0)) -> 776.65 | AM5: =(IF('Water Report'!$G$7>0,'Water Report'!$F$7,0)) -> 125 | AN5: =(IF('Water Report'!$G$8>0,'Water Report'!$F$8,0)) -> 160 | AO5: =(IF('Water Report'!$G$9>0,'Water Report'!$H$9,0)) -> 102 | AP5: =(IF('Water Report'!$G$10>0,'Water Report'!$G$10,0)) -> 21 | AQ5: =(IF('Water Report'!$G$11>0,'Water Report'!$G$11,0)) -> 23 | AR5: =(IF('Water Report'!$G$13>0,'Water Report'!$G$13,0)) -> 49 | AS5: =(IF('Water Report'!$G$14>0,'Water Report'!$G$14,0)) -> 22 | AT5: =(IF('Water Report'!$G$15>0,'Water Report'!$G$15,0)) -> 8 | AU5: =(IF('Water Report'!$G$17>0,'Water Report'!$G$17,0)) -> 0 | AV5: =(IF('Water Report'!$G$18>0,'Water Report'!$G$18,0)) -> 13 | AW5: =(IF('Water Report'!$G$19>0,'Water Report'!$G$19,0)) -> 12 | AX5: =(IF('Water Report'!$G$21>0,'Water Report'!$G$21,0)) -> 84 | AY5: =(IF('Water Report'!$G$22>0,'Water Report'!$G$22,0)) -> 0 | AZ5: =(IF('Water Report'!$G$23>0,'Water Report'!$G$23,0)) -> 8 | BA5: =(IF('Water Report'!$G$14>0,'Water Report'!$G$14,0)) -> 22 | BB5: =(IF('Water Report'!$G$15>0,'Water Report'!$G$15,0)) -> 8 | BC5: =(IF('Water Report'!$G$13>0,'Water Report'!$G$13,0)) -> 49 | BD5: =(IF('Water Report'!$G$24>0,'Water Report'!$G$24,0)) -> 250 | BE5: =(IF('Water Report'!$G$25>0,'Water Report'!$G$25,0)) -> 159 | BF5: =(IF('Water Report'!$G$27>0,'Water Report'!$G$27,0)) -> 141 | BG5: =(IF('Section Load'!AN8>0,'Section Load'!AN8,0)) -> 1064.113 | BH5: =(IF('Section Load'!AO8>0,'Section Load'!AO8,0)) -> 291.647 | BI5: =(IF('Section Load'!AP8>0,'Section Load'!AP8,0)) -> 0 | BJ5: =(IF('Section Load'!AQ8>0,'Section Load'!AQ8,0)) -> 117.66 | BK5: =(IF('Section Load'!AR8>0,'Section Load'!AR8,0)) -> 48.1 | BL5: =(IF('Section Load'!AS8>0,'Section Load'!AS8,0)) -> 3.3 | BM5: =(IF('Section Load'!AT8>0,'Section Load'!AT8,0)) -> 603.406
A6: Mumbai | B6: =B5+1 -> 5 | C6: 10 | D6: 2021 | E6: =(IF('Section Load'!F9>0,'Section Load'!F9,0)) -> 3634 | F6: =(IF('Section Load'!G9>0,'Section Load'!G9,0)) -> 1743.27 | G6: =(IF('Section Load'!H9>0,'Section Load'!H9,0)) -> 1982.63 | H6: =(IF('Section Load'!I9>0,'Section Load'!I9,0)) -> 4350.13 | I6: =(IF('Section Load'!J9>0,'Section Load'!J9,0)) -> 8338.73 | J6: =(IF('Section Load'!K9>0,'Section Load'!K9,0)) -> 2485.9 | K6: =(IF('Section Load'!L9>0,'Section Load'!L9,0)) -> 1769.65 | L6: =(IF('Section Load'!M9>0,'Section Load'!M9,0)) -> 1103.53 | ... AL6: =(IF('Section Load'!AM9>0,'Section Load'!AM9,0)) -> 794.77 | AM6: =(IF('Water Report'!$H$7>0,'Water Report'!$H$7,0)) -> 109 | AN6: =(IF('Water Report'!$H$8>0,'Water Report'!$H$8,0)) -> 0 | AO6: =(IF('Water Report'!$H$9>0,'Water Report'!$H$9,0)) -> 102 | AP6: =(IF('Water Report'!$H$10>0,'Water Report'!$H$10,0)) -> 16 | AQ6: =(IF('Water Report'!$H$11>0,'Water Report'!$H$11,0)) -> 24 | AR6: =(IF('Water Report'!$H$13>0,'Water Report'!$H$13,0)) -> 52 | AS6: =(IF('Water Report'!$H$14>0,'Water Report'!$H$14,0)) -> 8 | AT6: =(IF('Water Report'!$H$15>0,'Water Report'!$H$15,0)) -> 10 | AU6: =(IF('Water Report'!$H$17>0,'Water Report'!$H$17,0)) -> 0 | AV6: =(IF('Water Report'!$H$18>0,'Water Report'!$H$18,0)) -> 10 | AW6: =(IF('Water Report'!$H$19>0,'Water Report'!$H$19,0)) -> 11 | AX6: =(IF('Water Report'!$H$21>0,'Water Report'!$H$21,0)) -> 82 | AY6: =(IF('Water Report'!$H$22>0,'Water Report'!$H$22,0)) -> 0 | AZ6: =(IF('Water Report'!$H$23>0,'Water Report'!$H$23,0)) -> 0 | BA6: =(IF('Water Report'!$H$14>0,'Water Report'!$H$14,0)) -> 8 | BB6: =(IF('Water Report'!$H$15>0,'Water Report'!$H$15,0)) -> 10 | BC6: =(IF('Water Report'!$H$13>0,'Water Report'!$H$13,0)) -> 52 | BD6: =(IF('Water Report'!$H$24>0,'Water Report'!$H$24,0)) -> 281 | BE6: =(IF('Water Report'!$H$25>0,'Water Report'!$H$25,0)) -> 160 | BF6: =(IF('Water Report'!$H$27>0,'Water Report'!$H$27,0)) -> 134 | BG6: =(IF('Section Load'!AN9>0,'Section Load'!AN9,0)) -> 1023 | BH6: =(IF('Section Load'!AO9>0,'Section Load'!AO9,0)) -> 297.763 | BI6: =(IF('Section Load'!AP9>0,'Section Load'!AP9,0)) -> 0 | BJ6: =(IF('Section Load'!AQ9>0,'Section Load'!AQ9,0)) -> 124.9 | BK6: =(IF('Section Load'!AR9>0,'Section Load'!AR9,0)) -> 46.8 | BL6: =(IF('Section Load'!AS9>0,'Section Load'!AS9,0)) -> 3.9 | BM6: =(IF('Section Load'!AT9>0,'Section Load'!AT9,0)) -> 549.637
A7: Mumbai | B7: =B6+1 -> 6 | C7: 10 | D7: 2021 | E7: =(IF('Section Load'!F10>0,'Section Load'!F10,0)) -> 3639 | F7: =(IF('Section Load'!G10>0,'Section Load'!G10,0)) -> 1728 | G7: =(IF('Section Load'!H10>0,'Section Load'!H10,0)) -> 1867 | H7: =(IF('Section Load'!I10>0,'Section Load'!I10,0)) -> 4190 | I7: =(IF('Section Load'!J10>0,'Section Load'!J10,0)) -> 7522 | J7: =(IF('Section Load'!K10>0,'Section Load'!K10,0)) -> 2319 | K7: =(IF('Section Load'!L10>0,'Section Load'!L10,0)) -> 1832 | L7: =(IF('Section Load'!M10>0,'Section Load'!M10,0)) -> 825 | ... AL7: =(IF('Section Load'!AM10>0,'Section Load'!AM10,0)) -> 755 | AM7: =(IF('Water Report'!$I$7>0,'Water Report'!$I$7,0)) -> 110 | AN7: =(IF('Water Report'!$I$8>0,'Water Report'!$I$8,0)) -> 150 | AO7: =(IF('Water Report'!$I$9>0,'Water Report'!$I$9,0)) -> 97 | AP7: =(IF('Water Report'!$I$10>0,'Water Report'!$I$10,0)) -> 27 | AQ7: =(IF('Water Report'!$I$11>0,'Water Report'!$I$11,0)) -> 23 | AR7: =(IF('Water Report'!$I$13>0,'Water Report'!$I$13,0)) -> 45 | AS7: =(IF('Water Report'!$I$14>0,'Water Report'!$I$14,0)) -> 10 | AT7: =(IF('Water Report'!$I$15>0,'Water Report'!$I$15,0)) -> 15 | AU7: =(IF('Water Report'!$I$17>0,'Water Report'!$I$17,0)) -> 0 | AV7: =(IF('Water Report'!$I$18>0,'Water Report'!$I$18,0)) -> 11 | AW7: =(IF('Water Report'!$I$19>0,'Water Report'!$I$19,0)) -> 11 | AX7: =(IF('Water Report'!$I$21>0,'Water Report'!$I$21,0)) -> 86 | AY7: =(IF('Water Report'!$I$22>0,'Water Report'!$I$22,0)) -> 0 | AZ7: =(IF('Water Report'!$I$23>0,'Water Report'!$I$23,0)) -> 4 | BA7: =(IF('Water Report'!$I$14>0,'Water Report'!$I$14,0)) -> 10 | BB7: =(IF('Water Report'!$I$15>0,'Water Report'!$I$15,0)) -> 15 | BC7: =(IF('Water Report'!$I$13>0,'Water Report'!$I$13,0)) -> 45 | BD7: =(IF('Water Report'!$I$24>0,'Water Report'!$I$24,0)) -> 240 | BE7: =(IF('Water Report'!$I$25>0,'Water Report'!$I$25,0)) -> 172 | BF7: =(IF('Water Report'!$I$27>0,'Water Report'!$I$27,0)) -> 135 | BG7: =(IF('Section Load'!AN10>0,'Section Load'!AN10,0)) -> 974 | BH7: =(IF('Section Load'!AO10>0,'Section Load'!AO10,0)) -> 281 | BI7: =(IF('Section Load'!AP10>0,'Section Load'!AP10,0)) -> 0 | BJ7: =(IF('Section Load'!AQ10>0,'Section Load'!AQ10,0)) -> 95 | BK7: =(IF('Section Load'!AR10>0,'Section Load'!AR10,0)) -> 52 | BL7: =(IF('Section Load'!AS10>0,'Section Load'!AS10,0)) -> 1 | BM7: =(IF('Section Load'!AT10>0,'Section Load'!AT10,0)) -> 545
A8: Mumbai | B8: =B7+1 -> 7 | C8: 10 | D8: 2021 | E8: =(IF('Section Load'!F11>0,'Section Load'!F11,0)) -> 3425.48 | F8: =(IF('Section Load'!G11>0,'Section Load'!G11,0)) -> 1722.05 | G8: =(IF('Section Load'!H11>0,'Section Load'!H11,0)) -> 1785.06 | H8: =(IF('Section Load'!I11>0,'Section Load'!I11,0)) -> 4090.26 | I8: =(IF('Section Load'!J11>0,'Section Load'!J11,0)) -> 6425.11 | J8: =(IF('Section Load'!K11>0,'Section Load'!K11,0)) -> 2327 | K8: =(IF('Section Load'!L11>0,'Section Load'!L11,0)) -> 1497.39 | L8: =(IF('Section Load'!M11>0,'Section Load'!M11,0)) -> 655.29 | ... AL8: =(IF('Section Load'!AM11>0,'Section Load'!AM11,0)) -> 814.23 | AM8: =(IF('Water Report'!$J$7>0,'Water Report'!$J$7,0)) -> 105 | AN8: =(IF('Water Report'!$J$8>0,'Water Report'!$J$8,0)) -> 35 | AO8: =(IF('Water Report'!$J$9>0,'Water Report'!$J$9,0)) -> 99 | AP8: =(IF('Water Report'!$J$10>0,'Water Report'!$J$10,0)) -> 17 | AQ8: =(IF('Water Report'!$J$11>0,'Water Report'!$J$11,0)) -> 26 | AR8: =(IF('Water Report'!$J$13>0,'Water Report'!$J$13,0)) -> 41 | AS8: =(IF('Water Report'!$J$14>0,'Water Report'!$J$14,0)) -> 11 | AT8: =(IF('Water Report'!$J$15>0,'Water Report'!$J$15,0)) -> 9 | AU8: =(IF('Water Report'!$J$17>0,'Water Report'!$J$17,0)) -> 0 | AV8: =(IF('Water Report'!$J$18>0,'Water Report'!$J$18,0)) -> 13 | AW8: =(IF('Water Report'!$J$19>0,'Water Report'!$J$19,0)) -> 11 | AX8: =(IF('Water Report'!$J$21>0,'Water Report'!$J$21,0)) -> 42 | AY8: =(IF('Water Report'!$J$22>0,'Water Report'!$J$22,0)) -> 0 | AZ8: =(IF('Water Report'!$J$23>0,'Water Report'!$J$23,0)) -> 0 | BA8: =(IF('Water Report'!$J$14>0,'Water Report'!$J$14,0)) -> 11 | BB8: =(IF('Water Report'!$J$15>0,'Water Report'!$J$15,0)) -> 9 | BC8: =(IF('Water Report'!$J$13>0,'Water Report'!$J$13,0)) -> 41 | BD8: =(IF('Water Report'!$J$24>0,'Water Report'!$J$24,0)) -> 258 | BE8: =(IF('Water Report'!$J$25>0,'Water Report'!$J$25,0)) -> 162 | BF8: =(IF('Water Report'!$J$27>0,'Water Report'!$J$27,0)) -> 83 | BG8: =(IF('Section Load'!AN11>0,'Section Load'!AN11,0)) -> 998.83 | BH8: =(IF('Section Load'!AO11>0,'Section Load'!AO11,0)) -> 298.03 | BI8: =(IF('Section Load'!AP11>0,'Section Load'!AP11,0)) -> 0 | BJ8: =(IF('Section Load'!AQ11>0,'Section Load'!AQ11,0)) -> 87.08 | BK8: =(IF('Section Load'!AR11>0,'Section Load'!AR11,0)) -> 42.7 | BL8: =(IF('Section Load'!AS11>0,'Section Load'!AS11,0)) -> 4.1 | BM8: =(IF('Section Load'!AT11>0,'Section Load'!AT11,0)) -> 566.92
A9: Mumbai | B9: =B8+1 -> 8 | C9: 10 | D9: 2021 | E9: =(IF('Section Load'!F12>0,'Section Load'!F12,0)) -> 3417.86 | F9: =(IF('Section Load'!G12>0,'Section Load'!G12,0)) -> 1737.9 | G9: =(IF('Section Load'!H12>0,'Section Load'!H12,0)) -> 1901.97 | H9: =(IF('Section Load'!I12>0,'Section Load'!I12,0)) -> 4276.41 | I9: =(IF('Section Load'!J12>0,'Section Load'!J12,0)) -> 7312.74 | J9: =(IF('Section Load'!K12>0,'Section Load'!K12,0)) -> 2709.6 | K9: =(IF('Section Load'!L12>0,'Section Load'!L12,0)) -> 1110.24 | L9: =(IF('Section Load'!M12>0,'Section Load'!M12,0)) -> 708.78 | ... AL9: =(IF('Section Load'!AM12>0,'Section Load'!AM12,0)) -> 738.64 | AM9: =(IF('Water Report'!$K$7>0,'Water Report'!$K$7,0)) -> 113 | AN9: =(IF('Water Report'!$K$8>0,'Water Report'!$K$8,0)) -> 135 | AO9: =(IF('Water Report'!$K$9>0,'Water Report'!$K$9,0)) -> 90 | AP9: =(IF('Water Report'!$K$10>0,'Water Report'!$K$10,0)) -> 26 | AQ9: =(IF('Water Report'!$K$11>0,'Water Report'!$K$11,0)) -> 28 | AR9: =(IF('Water Report'!$K$13>0,'Water Report'!$K$13,0)) -> 48 | AS9: =(IF('Water Report'!$K$14>0,'Water Report'!$K$14,0)) -> 16 | AT9: =(IF('Water Report'!$K$15>0,'Water Report'!$K$15,0)) -> 11 | AU9: =(IF('Water Report'!$K$17>0,'Water Report'!$K$17,0)) -> 0 | AV9: =(IF('Water Report'!$K$18>0,'Water Report'!$K$18,0)) -> 11 | AW9: =(IF('Water Report'!$K$19>0,'Water Report'!$K$19,0)) -> 12 | AX9: =(IF('Water Report'!$K$21>0,'Water Report'!$K$21,0)) -> 96 | AY9: =(IF('Water Report'!$K$22>0,'Water Report'!$K$22,0)) -> 0 | AZ9: =(IF('Water Report'!$K$23>0,'Water Report'!$K$23,0)) -> 4 | BA9: =(IF('Water Report'!$K$14>0,'Water Report'!$K$14,0)) -> 16 | BB9: =(IF('Water Report'!$K$15>0,'Water Report'!$K$15,0)) -> 11 | BC9: =(IF('Water Report'!$K$13>0,'Water Report'!$K$13,0)) -> 48 | BD9: =(IF('Water Report'!$K$24>0,'Water Report'!$K$24,0)) -> 231 | BE9: =(IF('Water Report'!$K$25>0,'Water Report'!$K$25,0)) -> 171 | BF9: =(IF('Water Report'!$K$27>0,'Water Report'!$K$27,0)) -> 148 | BG9: =(IF('Section Load'!AN12>0,'Section Load'!AN12,0)) -> 1022.55 | BH9: =(IF('Section Load'!AO12>0,'Section Load'!AO12,0)) -> 287.34 | BI9: =(IF('Section Load'!AP12>0,'Section Load'!AP12,0)) -> 0 | BJ9: =(IF('Section Load'!AQ12>0,'Section Load'!AQ12,0)) -> 121.9 | BK9: =(IF('Section Load'!AR12>0,'Section Load'!AR12,0)) -> 49.6 | BL9: =(IF('Section Load'!AS12>0,'Section Load'!AS12,0)) -> 1.8 | BM9: =(IF('Section Load'!AT12>0,'Section Load'!AT12,0)) -> 561.91
A10: Mumbai | B10: =B9+1 -> 9 | C10: 10 | D10: 2021 | E10: =(IF('Section Load'!F13>0,'Section Load'!F13,0)) -> 3709.66 | F10: =(IF('Section Load'!G13>0,'Section Load'!G13,0)) -> 1733.05 | G10: =(IF('Section Load'!H13>0,'Section Load'!H13,0)) -> 1963.97 | H10: =(IF('Section Load'!I13>0,'Section Load'!I13,0)) -> 4274.33 | I10: =(IF('Section Load'!J13>0,'Section Load'!J13,0)) -> 7809.15 | J10: =(IF('Section Load'!K13>0,'Section Load'!K13,0)) -> 2700.4 | K10: =(IF('Section Load'!L13>0,'Section Load'!L13,0)) -> 1033.37 | L10: =(IF('Section Load'!M13>0,'Section Load'!M13,0)) -> 875.93 | ... AL10: =(IF('Section Load'!AM13>0,'Section Load'!AM13,0)) -> 871.13 | AM10: =(IF('Water Report'!$L$7>0,'Water Report'!$L$7,0)) -> 118 | AN10: =(IF('Water Report'!$L$8>0,'Water Report'!$L$8,0)) -> 159 | AO10: =(IF('Water Report'!$L$9>0,'Water Report'!$L$9,0)) -> 83 | AP10: =(IF('Water Report'!$L$10>0,'Water Report'!$L$10,0)) -> 26 | AQ10: =(IF('Water Report'!$L$11>0,'Water Report'!$L$11,0)) -> 34 | AR10: =(IF('Water Report'!$L$13>0,'Water Report'!$L$13,0)) -> 41 | AS10: =(IF('Water Report'!$L$14>0,'Water Report'!$L$14,0)) -> 16 | AT10: =(IF('Water Report'!$L$15>0,'Water Report'!$L$15,0)) -> 11 | AU10: =(IF('Water Report'!$L$17>0,'Water Report'!$L$17,0)) -> 0 | AV10: =(IF('Water Report'!$L$18>0,'Water Report'!$L$18,0)) -> 10 | AW10: =(IF('Water Report'!$L$19>0,'Water Report'!$L$19,0)) -> 9 | AX10: =(IF('Water Report'!$L$21>0,'Water Report'!$L$21,0)) -> 119 | AY10: =(IF('Water Report'!$L$22>0,'Water Report'!$L$22,0)) -> 0 | AZ10: =(IF('Water Report'!$L$23>0,'Water Report'!$L$23,0)) -> 26 | BA10: =(IF('Water Report'!$L$14>0,'Water Report'!$L$14,0)) -> 16 | BB10: =(IF('Water Report'!$L$15>0,'Water Report'!$L$15,0)) -> 11 | BC10: =(IF('Water Report'!$L$13>0,'Water Report'!$L$13,0)) -> 41 | BD10: =(IF('Water Report'!$L$24>0,'Water Report'!$L$24,0)) -> 274 | BE10: =(IF('Water Report'!$L$25>0,'Water Report'!$L$25,0)) -> 170 | BF10: =(IF('Water Report'!$L$27>0,'Water Report'!$L$27,0)) -> 186 | BG10: =(IF('Section Load'!AN13>0,'Section Load'!AN13,0)) -> 996.62 | BH10: =(IF('Section Load'!AO13>0,'Section Load'!AO13,0)) -> 275.63 | BI10: =(IF('Section Load'!AP13>0,'Section Load'!AP13,0)) -> 0 | BJ10: =(IF('Section Load'!AQ13>0,'Section Load'!AQ13,0)) -> 111.02 | BK10: =(IF('Section Load'!AR13>0,'Section Load'!AR13,0)) -> 48.7 | BL10: =(IF('Section Load'!AS13>0,'Section Load'!AS13,0)) -> 2.1 | BM10: =(IF('Section Load'!AT13>0,'Section Load'!AT13,0)) -> 559.17
A11: Mumbai | B11: =B10+1 -> 10 | C11: 10 | D11: 2021 | E11: =(IF('Section Load'!F14>0,'Section Load'!F14,0)) -> 3829 | F11: =(IF('Section Load'!G14>0,'Section Load'!G14,0)) -> 1684 | G11: =(IF('Section Load'!H14>0,'Section Load'!H14,0)) -> 1960 | H11: =(IF('Section Load'!I14>0,'Section Load'!I14,0)) -> 4216 | I11: =(IF('Section Load'!J14>0,'Section Load'!J14,0)) -> 7582 | J11: =(IF('Section Load'!K14>0,'Section Load'!K14,0)) -> 2787 | K11: =(IF('Section Load'!L14>0,'Section Load'!L14,0)) -> 1128 | L11: =(IF('Section Load'!M14>0,'Section Load'!M14,0)) -> 799 | ... AL11: =(IF('Section Load'!AM14>0,'Section Load'!AM14,0)) -> 858 | AM11: =(IF('Water Report'!$M$7>0,'Water Report'!$M$7,0)) -> 114 | AN11: =(IF('Water Report'!$M$8>0,'Water Report'!$M$8,0)) -> 157 | AO11: =(IF('Water Report'!$M$9>0,'Water Report'!$M$9,0)) -> 89 | AP11: =(IF('Water Report'!$M$10>0,'Water Report'!$M$10,0)) -> 25 | AQ11: =(IF('Water Report'!$M$11>0,'Water Report'!$M$11,0)) -> 30 | AR11: =(IF('Water Report'!$M$13>0,'Water Report'!$M$13,0)) -> 41 | AS11: =(IF('Water Report'!$M$14>0,'Water Report'!$M$14,0)) -> 14 | AT11: =(IF('Water Report'!$M$15>0,'Water Report'!$M$15,0)) -> 14 | AU11: =(IF('Water Report'!$M$17>0,'Water Report'!$M$17,0)) -> 3 | AV11: =(IF('Water Report'!$M$18>0,'Water Report'!$M$18,0)) -> 9 | AW11: =(IF('Water Report'!$M$19>0,'Water Report'!$M$19,0)) -> 9 | AX11: =(IF('Water Report'!$M$21>0,'Water Report'!$M$21,0)) -> 112 | AY11: =(IF('Water Report'!$M$22>0,'Water Report'!$M$22,0)) -> 0 | AZ11: =(IF('Water Report'!$M$23>0,'Water Report'!$M$23,0)) -> 1 | BA11: =(IF('Water Report'!$M$14>0,'Water Report'!$M$14,0)) -> 14 | BB11: =(IF('Water Report'!$M$15>0,'Water Report'!$M$15,0)) -> 14 | BC11: =(IF('Water Report'!$M$13>0,'Water Report'!$M$13,0)) -> 41 | BD11: =(IF('Water Report'!$M$24>0,'Water Report'!$M$24,0)) -> 258 | BE11: =(IF('Water Report'!$M$25>0,'Water Report'!$M$25,0)) -> 172 | BF11: =(IF('Water Report'!$M$27>0,'Water Report'!$M$27,0)) -> 154 | BG11: =(IF('Section Load'!AN14>0,'Section Load'!AN14,0)) -> 948 | BH11: =(IF('Section Load'!AO14>0,'Section Load'!AO14,0)) -> 293 | BI11: =(IF('Section Load'!AP14>0,'Section Load'!AP14,0)) -> 0 | BJ11: =(IF('Section Load'!AQ14>0,'Section Load'!AQ14,0)) -> 116 | BK11: =(IF('Section Load'!AR14>0,'Section Load'!AR14,0)) -> 54 | BL11: =(IF('Section Load'!AS14>0,'Section Load'!AS14,0)) -> 2 | BM11: =(IF('Section Load'!AT14>0,'Section Load'!AT14,0)) -> 483
A12: Mumbai | B12: =B11+1 -> 11 | C12: 10 | D12: 2021 | E12: =(IF('Section Load'!F15>0,'Section Load'!F15,0)) -> 3321 | F12: =(IF('Section Load'!G15>0,'Section Load'!G15,0)) -> 1692 | G12: =(IF('Section Load'!H15>0,'Section Load'!H15,0)) -> 1926 | H12: =(IF('Section Load'!I15>0,'Section Load'!I15,0)) -> 4356 | I12: =(IF('Section Load'!J15>0,'Section Load'!J15,0)) -> 7289 | J12: =(IF('Section Load'!K15>0,'Section Load'!K15,0)) -> 2717 | K12: =(IF('Section Load'!L15>0,'Section Load'!L15,0)) -> 1149 | L12: =(IF('Section Load'!M15>0,'Section Load'!M15,0)) -> 779 | ... AL12: =(IF('Section Load'!AM15>0,'Section Load'!AM15,0)) -> 801 | AM12: =(IF('Water Report'!$N$7>0,'Water Report'!$N$7,0)) -> 125 | AN12: =(IF('Water Report'!$N$8>0,'Water Report'!$N$8,0)) -> 185 | AO12: =(IF('Water Report'!$N$9>0,'Water Report'!$N$9,0)) -> 98 | AP12: =(IF('Water Report'!$N$10>0,'Water Report'!$N$10,0)) -> 26 | AQ12: =(IF('Water Report'!$N$11>0,'Water Report'!$N$11,0)) -> 24 | AR12: =(IF('Water Report'!$N$13>0,'Water Report'!$N$13,0)) -> 43 | AS12: =(IF('Water Report'!$N$14>0,'Water Report'!$N$14,0)) -> 12 | AT12: =(IF('Water Report'!$N$15>0,'Water Report'!$N$15,0)) -> 22 | AU12: =(IF('Water Report'!$N$17>0,'Water Report'!$N$17,0)) -> 0 | AV12: =(IF('Water Report'!$N$18>0,'Water Report'!$N$18,0)) -> 373 | AW12: =(IF('Water Report'!$N$19>0,'Water Report'!$N$19,0)) -> 12 | AX12: =(IF('Water Report'!$N$21>0,'Water Report'!$N$21,0)) -> 72 | AY12: =(IF('Water Report'!$N$22>0,'Water Report'!$N$22,0)) -> 0 | AZ12: =(IF('Water Report'!$N$23>0,'Water Report'!$N$23,0)) -> 7 | BA12: =(IF('Water Report'!$N$14>0,'Water Report'!$N$14,0)) -> 12 | BB12: =(IF('Water Report'!$N$15>0,'Water Report'!$N$15,0)) -> 22 | BC12: =(IF('Water Report'!$N$13>0,'Water Report'!$N$13,0)) -> 43 | BD12: =(IF('Water Report'!$N$24>0,'Water Report'!$N$24,0)) -> 276 | BE12: =(IF('Water Report'!$N$25>0,'Water Report'!$N$25,0)) -> 182 | BF12: =(IF('Water Report'!$N$27>0,'Water Report'!$N$27,0)) -> 122 | BG12: =(IF('Section Load'!AN15>0,'Section Load'!AN15,0)) -> 1045 | BH12: =(IF('Section Load'!AO15>0,'Section Load'!AO15,0)) -> 293 | BI12: =(IF('Section Load'!AP15>0,'Section Load'!AP15,0)) -> 0 | BJ12: =(IF('Section Load'!AQ15>0,'Section Load'!AQ15,0)) -> 90 | BK12: =(IF('Section Load'!AR15>0,'Section Load'!AR15,0)) -> 44 | BL12: =(IF('Section Load'!AS15>0,'Section Load'!AS15,0)) -> 5 | BM12: =(IF('Section Load'!AT15>0,'Section Load'!AT15,0)) -> 613
A13: Mumbai | B13: =B12+1 -> 12 | C13: 10 | D13: 2021 | E13: =(IF('Section Load'!F16>0,'Section Load'!F16,0)) -> 3314 | F13: =(IF('Section Load'!G16>0,'Section Load'!G16,0)) -> 1772 | G13: =(IF('Section Load'!H16>0,'Section Load'!H16,0)) -> 1853 | H13: =(IF('Section Load'!I16>0,'Section Load'!I16,0)) -> 4376 | I13: =(IF('Section Load'!J16>0,'Section Load'!J16,0)) -> 7367 | J13: =(IF('Section Load'!K16>0,'Section Load'!K16,0)) -> 2735 | K13: =(IF('Section Load'!L16>0,'Section Load'!L16,0)) -> 1186 | L13: =(IF('Section Load'!M16>0,'Section Load'!M16,0)) -> 721 | ... AL13: =(IF('Section Load'!AM16>0,'Section Load'!AM16,0)) -> 792 | AM13: =(IF('Water Report'!$O$7>0,'Water Report'!$O$7,0)) -> 76 | AN13: =(IF('Water Report'!$O$8>0,'Water Report'!$O$8,0)) -> 121 | AO13: =(IF('Water Report'!$O$9>0,'Water Report'!$O$9,0)) -> 81 | AP13: =(IF('Water Report'!$O$10>0,'Water Report'!$O$10,0)) -> 17 | AQ13: =(IF('Water Report'!$O$11>0,'Water Report'!$O$11,0)) -> 24 | AR13: =(IF('Water Report'!$O$13>0,'Water Report'!$O$13,0)) -> 41 | AS13: =(IF('Water Report'!$O$14>0,'Water Report'!$O$14,0)) -> 8 | AT13: =(IF('Water Report'!$O$15>0,'Water Report'!$O$15,0)) -> 7 | AU13: =(IF('Water Report'!$O$17>0,'Water Report'!$O$17,0)) -> 0 | AV13: =(IF('Water Report'!$O$18>0,'Water Report'!$O$18,0)) -> 12 | AW13: =(IF('Water Report'!$O$19>0,'Water Report'!$O$19,0)) -> 12 | AX13: =(IF('Water Report'!$O$21>0,'Water Report'!$O$21,0)) -> 27 | AY13: =(IF('Water Report'!$O$22>0,'Water Report'!$O$22,0)) -> 0 | AZ13: =(IF('Water Report'!$O$23>0,'Water Report'!$O$23,0)) -> 8 | BA13: =(IF('Water Report'!$O$14>0,'Water Report'!$O$14,0)) -> 8 | BB13: =(IF('Water Report'!$O$15>0,'Water Report'!$O$15,0)) -> 7 | BC13: =(IF('Water Report'!$O$13>0,'Water Report'!$O$13,0)) -> 41 | BD13: =(IF('Water Report'!$O$24>0,'Water Report'!$O$24,0)) -> 248 | BE13: =(IF('Water Report'!$O$25>0,'Water Report'!$O$25,0)) -> 137 | BF13: =(IF('Water Report'!$O$27>0,'Water Report'!$O$27,0)) -> 76 | BG13: =(IF('Section Load'!AN16>0,'Section Load'!AN16,0)) -> 959 | BH13: =(IF('Section Load'!AO16>0,'Section Load'!AO16,0)) -> 279 | BI13: =(IF('Section Load'!AP16>0,'Section Load'!AP16,0)) -> 0 | BJ13: =(IF('Section Load'!AQ16>0,'Section Load'!AQ16,0)) -> 78 | BK13: =(IF('Section Load'!AR16>0,'Section Load'!AR16,0)) -> 50 | BL13: =(IF('Section Load'!AS16>0,'Section Load'!AS16,0)) -> 2 | BM13: =(IF('Section Load'!AT16>0,'Section Load'!AT16,0)) -> 550
A14: Mumbai | B14: =B13+1 -> 13 | C14: 10 | D14: 2021 | E14: =(IF('Section Load'!F17>0,'Section Load'!F17,0)) -> 3602 | F14: =(IF('Section Load'!G17>0,'Section Load'!G17,0)) -> 1663 | G14: =(IF('Section Load'!H17>0,'Section Load'!H17,0)) -> 1845 | H14: =(IF('Section Load'!I17>0,'Section Load'!I17,0)) -> 4354 | I14: =(IF('Section Load'!J17>0,'Section Load'!J17,0)) -> 7041 | J14: =(IF('Section Load'!K17>0,'Section Load'!K17,0)) -> 2578 | K14: =(IF('Section Load'!L17>0,'Section Load'!L17,0)) -> 1068 | L14: =(IF('Section Load'!M17>0,'Section Load'!M17,0)) -> 639 | ... AL14: =(IF('Section Load'!AM17>0,'Section Load'!AM17,0)) -> 724 | AM14: =(IF('Water Report'!$P$7>0,'Water Report'!$P$7,0)) -> 87 | AN14: =(IF('Water Report'!$P$8>0,'Water Report'!$P$8,0)) -> 96 | AO14: =(IF('Water Report'!$P$9>0,'Water Report'!$P$9,0)) -> 90 | AP14: =(IF('Water Report'!$P$10>0,'Water Report'!$P$10,0)) -> 21 | AQ14: =(IF('Water Report'!$P$11>0,'Water Report'!$P$11,0)) -> 22 | AR14: =(IF('Water Report'!$P$13>0,'Water Report'!$P$13,0)) -> 38 | AS14: =(IF('Water Report'!$P$14>0,'Water Report'!$P$14,0)) -> 10 | AT14: =(IF('Water Report'!$P$15>0,'Water Report'!$P$15,0)) -> 12 | AU14: =(IF('Water Report'!$P$17>0,'Water Report'!$P$17,0)) -> 0 | AV14: =(IF('Water Report'!$P$18>0,'Water Report'!$P$18,0)) -> 22 | AW14: =(IF('Water Report'!$P$19>0,'Water Report'!$P$19,0)) -> 10 | AX14: =(IF('Water Report'!$P$21>0,'Water Report'!$P$21,0)) -> 88 | AY14: =(IF('Water Report'!$P$22>0,'Water Report'!$P$22,0)) -> 0 | AZ14: =(IF('Water Report'!$P$23>0,'Water Report'!$P$23,0)) -> 4 | BA14: =(IF('Water Report'!$P$14>0,'Water Report'!$P$14,0)) -> 10 | BB14: =(IF('Water Report'!$P$15>0,'Water Report'!$P$15,0)) -> 12 | BC14: =(IF('Water Report'!$P$13>0,'Water Report'!$P$13,0)) -> 38 | BD14: =(IF('Water Report'!$P$24>0,'Water Report'!$P$24,0)) -> 219 | BE14: =(IF('Water Report'!$P$25>0,'Water Report'!$P$25,0)) -> 155 | BF14: =(IF('Water Report'!$P$27>0,'Water Report'!$P$27,0)) -> 130 | BG14: =(IF('Section Load'!AN17>0,'Section Load'!AN17,0)) -> 952 | BH14: =(IF('Section Load'!AO17>0,'Section Load'!AO17,0)) -> 296 | BI14: =(IF('Section Load'!AP17>0,'Section Load'!AP17,0)) -> 0 | BJ14: =(IF('Section Load'!AQ17>0,'Section Load'!AQ17,0)) -> 86 | BK14: =(IF('Section Load'!AR17>0,'Section Load'!AR17,0)) -> 43 | BL14: =(IF('Section Load'!AS17>0,'Section Load'!AS17,0)) -> 2 | BM14: =(IF('Section Load'!AT17>0,'Section Load'!AT17,0)) -> 525
A15: Mumbai | B15: =B14+1 -> 14 | C15: 10 | D15: 2021 | E15: =(IF('Section Load'!F18>0,'Section Load'!F18,0)) -> 3657 | F15: =(IF('Section Load'!G18>0,'Section Load'!G18,0)) -> 1696 | G15: =(IF('Section Load'!H18>0,'Section Load'!H18,0)) -> 1962 | H15: =(IF('Section Load'!I18>0,'Section Load'!I18,0)) -> 4269 | I15: =(IF('Section Load'!J18>0,'Section Load'!J18,0)) -> 7906 | J15: =(IF('Section Load'!K18>0,'Section Load'!K18,0)) -> 2705 | K15: =(IF('Section Load'!L18>0,'Section Load'!L18,0)) -> 1042 | L15: =(IF('Section Load'!M18>0,'Section Load'!M18,0)) -> 590 | ... AL15: =(IF('Section Load'!AM18>0,'Section Load'!AM18,0)) -> 751 | AM15: =(IF('Water Report'!$Q$7>0,'Water Report'!$Q$7,0)) -> 92 | AN15: =(IF('Water Report'!$Q$8>0,'Water Report'!$Q$8,0)) -> 127 | AO15: =(IF('Water Report'!$Q$9>0,'Water Report'!$Q$9,0)) -> 89 | AP15: =(IF('Water Report'!$Q$10>0,'Water Report'!$Q$10,0)) -> 18 | AQ15: =(IF('Water Report'!$Q$11>0,'Water Report'!$Q$11,0)) -> 19 | AR15: =(IF('Water Report'!$Q$13>0,'Water Report'!$Q$13,0)) -> 59 | AS15: =(IF('Water Report'!$Q$14>0,'Water Report'!$Q$14,0)) -> 9 | AT15: =(IF('Water Report'!$Q$15>0,'Water Report'!$Q$15,0)) -> 9 | AU15: =(IF('Water Report'!$Q$17>0,'Water Report'!$Q$17,0)) -> 0 | AV15: =(IF('Water Report'!$Q$18>0,'Water Report'!$Q$18,0)) -> 22 | AW15: =(IF('Water Report'!$Q$19>0,'Water Report'!$Q$19,0)) -> 14 | AX15: =(IF('Water Report'!$Q$21>0,'Water Report'!$Q$21,0)) -> 112 | AY15: =(IF('Water Report'!$Q$22>0,'Water Report'!$Q$22,0)) -> 0 | AZ15: =(IF('Water Report'!$Q$23>0,'Water Report'!$Q$23,0)) -> 9 | BA15: =(IF('Water Report'!$Q$14>0,'Water Report'!$Q$14,0)) -> 9 | BB15: =(IF('Water Report'!$Q$15>0,'Water Report'!$Q$15,0)) -> 9 | BC15: =(IF('Water Report'!$Q$13>0,'Water Report'!$Q$13,0)) -> 59 | BD15: =(IF('Water Report'!$Q$24>0,'Water Report'!$Q$24,0)) -> 241 | BE15: =(IF('Water Report'!$Q$25>0,'Water Report'!$Q$25,0)) -> 144 | BF15: =(IF('Water Report'!$Q$27>0,'Water Report'!$Q$27,0)) -> 180 | BG15: =(IF('Section Load'!AN18>0,'Section Load'!AN18,0)) -> 1032 | BH15: =(IF('Section Load'!AO18>0,'Section Load'!AO18,0)) -> 290 | BI15: =(IF('Section Load'!AP18>0,'Section Load'!AP18,0)) -> 0 | BJ15: =(IF('Section Load'!AQ18>0,'Section Load'!AQ18,0)) -> 105 | BK15: =(IF('Section Load'!AR18>0,'Section Load'!AR18,0)) -> 46 | BL15: =(IF('Section Load'!AS18>0,'Section Load'!AS18,0)) -> 2 | BM15: =(IF('Section Load'!AT18>0,'Section Load'!AT18,0)) -> 589
A16: Mumbai | B16: =B15+1 -> 15 | C16: 10 | D16: 2021 | E16: =(IF('Section Load'!F19>0,'Section Load'!F19,0)) -> 3380 | F16: =(IF('Section Load'!G19>0,'Section Load'!G19,0)) -> 1687 | G16: =(IF('Section Load'!H19>0,'Section Load'!H19,0)) -> 1953 | H16: =(IF('Section Load'!I19>0,'Section Load'!I19,0)) -> 4212 | I16: =(IF('Section Load'!J19>0,'Section Load'!J19,0)) -> 6623 | J16: =(IF('Section Load'!K19>0,'Section Load'!K19,0)) -> 2560 | K16: =(IF('Section Load'!L19>0,'Section Load'!L19,0)) -> 1047 | L16: =(IF('Section Load'!M19>0,'Section Load'!M19,0)) -> 935 | ... AL16: =(IF('Section Load'!AM19>0,'Section Load'!AM19,0)) -> 716 | AM16: =(IF('Water Report'!$R$7>0,'Water Report'!$R$7,0)) -> 133 | AN16: =(IF('Water Report'!$R$8>0,'Water Report'!$R$8,0)) -> 150 | AO16: =(IF('Water Report'!$R$9>0,'Water Report'!$R$9,0)) -> 120 | AP16: =(IF('Water Report'!$R$10>0,'Water Report'!$R$10,0)) -> 17 | AQ16: =(IF('Water Report'!$R$11>0,'Water Report'!$R$11,0)) -> 29 | AR16: =(IF('Water Report'!$R$13>0,'Water Report'!$R$13,0)) -> 34 | AS16: =(IF('Water Report'!$R$14>0,'Water Report'!$R$14,0)) -> 9 | AT16: =(IF('Water Report'!$R$15>0,'Water Report'!$R$15,0)) -> 7 | AU16: =(IF('Water Report'!$R$17>0,'Water Report'!$R$17,0)) -> 0 | AV16: =(IF('Water Report'!$R$18>0,'Water Report'!$R$18,0)) -> 20 | AW16: =(IF('Water Report'!$R$19>0,'Water Report'!$R$19,0)) -> 9 | AX16: =(IF('Water Report'!$R$21>0,'Water Report'!$R$21,0)) -> 110 | AY16: =(IF('Water Report'!$R$22>0,'Water Report'!$R$22,0)) -> 0 | AZ16: =(IF('Water Report'!$R$23>0,'Water Report'!$R$23,0)) -> 11 | BA16: =(IF('Water Report'!$R$14>0,'Water Report'!$R$14,0)) -> 9 | BB16: =(IF('Water Report'!$R$15>0,'Water Report'!$R$15,0)) -> 7 | BC16: =(IF('Water Report'!$R$13>0,'Water Report'!$R$13,0)) -> 34 | BD16: =(IF('Water Report'!$R$24>0,'Water Report'!$R$24,0)) -> 269 | BE16: =(IF('Water Report'!$R$25>0,'Water Report'!$R$25,0)) -> 182 | BF16: =(IF('Water Report'!$R$27>0,'Water Report'!$R$27,0)) -> 155 | BG16: =(IF('Section Load'!AN19>0,'Section Load'!AN19,0)) -> 976 | BH16: =(IF('Section Load'!AO19>0,'Section Load'!AO19,0)) -> 288 | BI16: =(IF('Section Load'!AP19>0,'Section Load'!AP19,0)) -> 0 | BJ16: =(IF('Section Load'!AQ19>0,'Section Load'!AQ19,0)) -> 82 | BK16: =(IF('Section Load'!AR19>0,'Section Load'!AR19,0)) -> 53 | BL16: =(IF('Section Load'!AS19>0,'Section Load'!AS19,0)) -> 2 | BM16: =(IF('Section Load'!AT19>0,'Section Load'!AT19,0)) -> 551
A17: Mumbai | B17: =B16+1 -> 16 | C17: 10 | D17: 2021 | E17: =(IF('Section Load'!F20>0,'Section Load'!F20,0)) -> 4287.14 | F17: =(IF('Section Load'!G20>0,'Section Load'!G20,0)) -> 1707.67 | G17: =(IF('Section Load'!H20>0,'Section Load'!H20,0)) -> 1899.88 | H17: =(IF('Section Load'!I20>0,'Section Load'!I20,0)) -> 4126.13 | I17: =(IF('Section Load'!J20>0,'Section Load'!J20,0)) -> 5849.52 | J17: =(IF('Section Load'!K20>0,'Section Load'!K20,0)) -> 2418.5 | K17: =(IF('Section Load'!L20>0,'Section Load'!L20,0)) -> 1115.23 | L17: =(IF('Section Load'!M20>0,'Section Load'!M20,0)) -> 766.8 | ... AL17: =(IF('Section Load'!AM20>0,'Section Load'!AM20,0)) -> 719.4 | AM17: =(IF('Water Report'!$S$7>0,'Water Report'!$S$7,0)) -> 116 | AN17: =(IF('Water Report'!$S$8>0,'Water Report'!$S$8,0)) -> 134 | AO17: =(IF('Water Report'!$S$9>0,'Water Report'!$S$9,0)) -> 89 | AP17: =(IF('Water Report'!$S$10>0,'Water Report'!$D$10,0)) -> 24 | AQ17: =(IF('Water Report'!$S$11>0,'Water Report'!$D$11,0)) -> 29 | AR17: =(IF('Water Report'!$S$13>0,'Water Report'!$D$13,0)) -> 31 | AS17: =(IF('Water Report'!$S$14>0,'Water Report'!$D$14,0)) -> 9 | AT17: =(IF('Water Report'!$S$15>0,'Water Report'!$D$15,0)) -> 10 | AU17: =(IF('Water Report'!$S$17>0,'Water Report'!$D$17,0)) -> 0 | AV17: =(IF('Water Report'!$S$18>0,'Water Report'!$D$18,0)) -> 10 | AW17: =(IF('Water Report'!$S$19>0,'Water Report'!$D$19,0)) -> 9 | AX17: =(IF('Water Report'!$S$21>0,'Water Report'!$D$21,0)) -> 83 | AY17: =(IF('Water Report'!$S$22>0,'Water Report'!$D$22,0)) -> 0 | AZ17: =(IF('Water Report'!$S$23>0,'Water Report'!$D$23,0)) -> 0 | BA17: =(IF('Water Report'!$S$14>0,'Water Report'!$D$14,0)) -> 9 | BB17: =(IF('Water Report'!$S$15>0,'Water Report'!$D$15,0)) -> 10 | BC17: =(IF('Water Report'!$S$13>0,'Water Report'!$D$13,0)) -> 31 | BD17: =(IF('Water Report'!$S$24>0,'Water Report'!$D$24,0)) -> 199 | BE17: =(IF('Water Report'!$S$25>0,'Water Report'!$D$25,0)) -> 148 | BF17: =(IF('Water Report'!$S$27>0,'Water Report'!$D$27,0)) -> 114 | BG17: =(IF('Section Load'!AN20>0,'Section Load'!AN20,0)) -> 978.883 | BH17: =(IF('Section Load'!AO20>0,'Section Load'!AO20,0)) -> 290.61 | BI17: =(IF('Section Load'!AP20>0,'Section Load'!AP20,0)) -> 0 | BJ17: =(IF('Section Load'!AQ20>0,'Section Load'!AQ20,0)) -> 119.178 | BK17: =(IF('Section Load'!AR20>0,'Section Load'!AR20,0)) -> 51.15 | BL17: =(IF('Section Load'!AS20>0,'Section Load'!AS20,0)) -> 3.6 | BM17: =(IF('Section Load'!AT20>0,'Section Load'!AT20,0)) -> 514.345
A18: Mumbai | B18: =B17+1 -> 17 | C18: 10 | D18: 2021 | E18: =(IF('Section Load'!F21>0,'Section Load'!F21,0)) -> 4163.32 | F18: =(IF('Section Load'!G21>0,'Section Load'!G21,0)) -> 1635.2 | G18: =(IF('Section Load'!H21>0,'Section Load'!H21,0)) -> 1880.72 | H18: =(IF('Section Load'!I21>0,'Section Load'!I21,0)) -> 4167.9 | I18: =(IF('Section Load'!J21>0,'Section Load'!J21,0)) -> 6803.66 | J18: =(IF('Section Load'!K21>0,'Section Load'!K21,0)) -> 2564.7 | K18: =(IF('Section Load'!L21>0,'Section Load'!L21,0)) -> 1251.72 | L18: =(IF('Section Load'!M21>0,'Section Load'!M21,0)) -> 742.3 | ... AL18: =(IF('Section Load'!AM21>0,'Section Load'!AM21,0)) -> 772.1 | AM18: =(IF('Water Report'!$T$7>0,'Water Report'!$T$7,0)) -> 121 | AN18: =(IF('Water Report'!$T$8>0,'Water Report'!$T$8,0)) -> 92 | AO18: =(IF('Water Report'!$T$9>0,'Water Report'!$T$9,0)) -> 98 | AP18: =(IF('Water Report'!$T$10>0,'Water Report'!$T$10,0)) -> 27 | AQ18: =(IF('Water Report'!$T$11>0,'Water Report'!$T$11,0)) -> 33 | AR18: =(IF('Water Report'!$T$13>0,'Water Report'!$T$13,0)) -> 50 | AS18: =(IF('Water Report'!$T$14>0,'Water Report'!$T$14,0)) -> 13 | AT18: =(IF('Water Report'!$T$15>0,'Water Report'!$T$15,0)) -> 16 | AU18: =(IF('Water Report'!$T$17>0,'Water Report'!$T$17,0)) -> 0 | AV18: =(IF('Water Report'!$T$18>0,'Water Report'!$T$18,0)) -> 11 | AW18: =(IF('Water Report'!$T$19>0,'Water Report'!$T$19,0)) -> 9 | AX18: =(IF('Water Report'!$T$21>0,'Water Report'!$T$21,0)) -> 106 | AY18: =(IF('Water Report'!$T$22>0,'Water Report'!$T$22,0)) -> 0 | AZ18: =(IF('Water Report'!$T$23>0,'Water Report'!$T$23,0)) -> 0 | BA18: =(IF('Water Report'!$T$14>0,'Water Report'!$T$14,0)) -> 13 | BB18: =(IF('Water Report'!$T$15>0,'Water Report'!$T$15,0)) -> 16 | BC18: =(IF('Water Report'!$T$13>0,'Water Report'!$T$13,0)) -> 50 | BD18: =(IF('Water Report'!$T$24>0,'Water Report'!$T$24,0)) -> 271 | BE18: =(IF('Water Report'!$T$25>0,'Water Report'!$T$25,0)) -> 187 | BF18: =(IF('Water Report'!$T$27>0,'Water Report'!$T$27,0)) -> 156 | BG18: =(IF('Section Load'!AN21>0,'Section Load'!AN21,0)) -> 875 | BH18: =(IF('Section Load'!AO21>0,'Section Load'!AO21,0)) -> 303.26 | BI18: =(IF('Section Load'!AP21>0,'Section Load'!AP21,0)) -> 0 | BJ18: =(IF('Section Load'!AQ21>0,'Section Load'!AQ21,0)) -> 93.742 | BK18: =(IF('Section Load'!AR21>0,'Section Load'!AR21,0)) -> 46.65 | BL18: =(IF('Section Load'!AS21>0,'Section Load'!AS21,0)) -> 2 | BM18: =(IF('Section Load'!AT21>0,'Section Load'!AT21,0)) -> 429.348
A19: Mumbai | B19: =B18+1 -> 18 | C19: 10 | D19: 2021 | E19: =(IF('Section Load'!F22>0,'Section Load'!F22,0)) -> 1321112.5 | F19: =(IF('Section Load'!G22>0,'Section Load'!G22,0)) -> 64161.13 | G19: =(IF('Section Load'!H22>0,'Section Load'!H22,0)) -> 454831.4 | H19: =(IF('Section Load'!I22>0,'Section Load'!I22,0)) -> 877442.97 | I19: =(IF('Section Load'!J22>0,'Section Load'!J22,0)) -> 0 | J19: =(IF('Section Load'!K22>0,'Section Load'!K22,0)) -> 0 | K19: =(IF('Section Load'!L22>0,'Section Load'!L22,0)) -> 0 | L19: =(IF('Section Load'!M22>0,'Section Load'!M22,0)) -> 0 | ... AL19: =(IF('Section Load'!AM22>0,'Section Load'!AM22,0)) -> 0 | AM19: =(IF('Water Report'!$U$7>0,'Water Report'!$U$7,0)) -> 0 | AN19: =(IF('Water Report'!$U$8>0,'Water Report'!$U$8,0)) -> 0 | AO19: =(IF('Water Report'!$U$9>0,'Water Report'!$U$9,0)) -> 0 | AP19: =(IF('Water Report'!$U$10>0,'Water Report'!$U$10,0)) -> 0 | AQ19: =(IF('Water Report'!$U$11>0,'Water Report'!$U$11,0)) -> 0 | AR19: =(IF('Water Report'!$U$13>0,'Water Report'!$U$13,0)) -> 0 | AS19: =(IF('Water Report'!$U$14>0,'Water Report'!$U$14,0)) -> 0 | AT19: =(IF('Water Report'!$U$15>0,'Water Report'!$U$15,0)) -> 0 | AU19: =(IF('Water Report'!$U$17>0,'Water Report'!$U$17,0)) -> 63 | AV19: =(IF('Water Report'!$U$18>0,'Water Report'!$U$18,0)) -> 0 | AW19: =(IF('Water Report'!$U$19>0,'Water Report'!$U$19,0)) -> 0 | AX19: =(IF('Water Report'!$U$21>0,'Water Report'!$U$21,0)) -> 0 | AY19: =(IF('Water Report'!$U$22>0,'Water Report'!$U$22,0)) -> 0 | AZ19: =(IF('Water Report'!$U$23>0,'Water Report'!$U$23,0)) -> 0 | BA19: =(IF('Water Report'!$U$14>0,'Water Report'!$U$14,0)) -> 0 | BB19: =(IF('Water Report'!$U$15>0,'Water Report'!$U$15,0)) -> 0 | BC19: =(IF('Water Report'!$U$13>0,'Water Report'!$U$13,0)) -> 0 | BD19: =(IF('Water Report'!$U$24>0,'Water Report'!$U$24,0)) -> 200 | BE19: =(IF('Water Report'!$U$25>0,'Water Report'!$U$25,0)) -> 0 | BF19: =(IF('Water Report'!$U$27>0,'Water Report'!$U$27,0)) -> 0 | BG19: =(IF('Section Load'!AN22>0,'Section Load'!AN22,0)) -> 875 | BH19: =(IF('Section Load'!AO22>0,'Section Load'!AO22,0)) -> 0 | BI19: =(IF('Section Load'!AP22>0,'Section Load'!AP22,0)) -> 0 | BJ19: =(IF('Section Load'!AQ22>0,'Section Load'!AQ22,0)) -> 0 | BK19: =(IF('Section Load'!AR22>0,'Section Load'!AR22,0)) -> 0 | BL19: =(IF('Section Load'!AS22>0,'Section Load'!AS22,0)) -> 0 | BM19: =(IF('Section Load'!AT22>0,'Section Load'!AT22,0)) -> 20834.19
A20: Mumbai | B20: =B19+1 -> 19 | C20: 10 | D20: 2021 | E20: =(IF('Section Load'!F23>0,'Section Load'!F23,0)) -> 1321112.5 | F20: =(IF('Section Load'!G23>0,'Section Load'!G23,0)) -> 64161.13 | G20: =(IF('Section Load'!H23>0,'Section Load'!H23,0)) -> 454831.4 | H20: =(IF('Section Load'!I23>0,'Section Load'!I23,0)) -> 877442.97 | I20: =(IF('Section Load'!J23>0,'Section Load'!J23,0)) -> 0 | J20: =(IF('Section Load'!K23>0,'Section Load'!K23,0)) -> 0 | K20: =(IF('Section Load'!L23>0,'Section Load'!L23,0)) -> 0 | L20: =(IF('Section Load'!M23>0,'Section Load'!M23,0)) -> 0 | ... AL20: =(IF('Section Load'!AM23>0,'Section Load'!AM23,0)) -> 0 | AM20: =(IF('Water Report'!$V$7>0,'Water Report'!$V$7,0)) -> 0 | AN20: =(IF('Water Report'!$V$8>0,'Water Report'!$V$8,0)) -> 0 | AO20: =(IF('Water Report'!$V$9>0,'Water Report'!$V$9,0)) -> 0 | AP20: =(IF('Water Report'!$V$10>0,'Water Report'!$V$10,0)) -> 0 | AQ20: =(IF('Water Report'!$V$11>0,'Water Report'!$V$11,0)) -> 0 | AR20: =(IF('Water Report'!$V$13>0,'Water Report'!$V$13,0)) -> 0 | AS20: =(IF('Water Report'!$V$14>0,'Water Report'!$V$14,0)) -> 0 | AT20: =(IF('Water Report'!$V$15>0,'Water Report'!$V$15,0)) -> 0 | AU20: =(IF('Water Report'!$V$17>0,'Water Report'!$V$17,0)) -> 63 | AV20: =(IF('Water Report'!$V$18>0,'Water Report'!$V$18,0)) -> 0 | AW20: =(IF('Water Report'!$V$19>0,'Water Report'!$V$19,0)) -> 0 | AX20: =(IF('Water Report'!$V$21>0,'Water Report'!$V$21,0)) -> 0 | AY20: =(IF('Water Report'!$V$22>0,'Water Report'!$V$22,0)) -> 0 | AZ20: =(IF('Water Report'!$V$23>0,'Water Report'!$V$23,0)) -> 0 | BA20: =(IF('Water Report'!$V$14>0,'Water Report'!$V$14,0)) -> 0 | BB20: =(IF('Water Report'!$V$15>0,'Water Report'!$V$15,0)) -> 0 | BC20: =(IF('Water Report'!$V$13>0,'Water Report'!$V$13,0)) -> 0 | BD20: =(IF('Water Report'!$V$24>0,'Water Report'!$V$24,0)) -> 200 | BE20: =(IF('Water Report'!$V$25>0,'Water Report'!$V$25,0)) -> 0 | BF20: =(IF('Water Report'!$V$27>0,'Water Report'!$V$27,0)) -> 0 | BG20: =(IF('Section Load'!AN23>0,'Section Load'!AN23,0)) -> 875 | BH20: =(IF('Section Load'!AO23>0,'Section Load'!AO23,0)) -> 0 | BI20: =(IF('Section Load'!AP23>0,'Section Load'!AP23,0)) -> 0 | BJ20: =(IF('Section Load'!AQ23>0,'Section Load'!AQ23,0)) -> 0 | BK20: =(IF('Section Load'!AR23>0,'Section Load'!AR23,0)) -> 0 | BL20: =(IF('Section Load'!AS23>0,'Section Load'!AS23,0)) -> 0 | BM20: =(IF('Section Load'!AT23>0,'Section Load'!AT23,0)) -> 20834.19
A21: Mumbai | B21: =B20+1 -> 20 | C21: 10 | D21: 2021 | E21: =(IF('Section Load'!F24>0,'Section Load'!F24,0)) -> 0 | F21: =(IF('Section Load'!G24>0,'Section Load'!G24,0)) -> 0 | G21: =(IF('Section Load'!H24>0,'Section Load'!H24,0)) -> 0 | H21: =(IF('Section Load'!I24>0,'Section Load'!I24,0)) -> 0 | I21: =(IF('Section Load'!J24>0,'Section Load'!J24,0)) -> 0 | J21: =(IF('Section Load'!K24>0,'Section Load'!K24,0)) -> 0 | K21: =(IF('Section Load'!L24>0,'Section Load'!L24,0)) -> 0 | L21: =(IF('Section Load'!M24>0,'Section Load'!M24,0)) -> 0 | ... AL21: =(IF('Section Load'!AM24>0,'Section Load'!AM24,0)) -> 0 | AM21: =(IF('Water Report'!$W$7>0,'Water Report'!$W$7,0)) -> 0 | AN21: =(IF('Water Report'!$W$8>0,'Water Report'!$W$8,0)) -> 0 | AO21: =(IF('Water Report'!$W$9>0,'Water Report'!$W$9,0)) -> 0 | AP21: =(IF('Water Report'!$W$10>0,'Water Report'!$W$10,0)) -> 0 | AQ21: =(IF('Water Report'!$W$11>0,'Water Report'!$W$11,0)) -> 0 | AR21: =(IF('Water Report'!$W$13>0,'Water Report'!$W$13,0)) -> 0 | AS21: =(IF('Water Report'!$W$14>0,'Water Report'!$W$14,0)) -> 0 | AT21: =(IF('Water Report'!$W$15>0,'Water Report'!$W$15,0)) -> 0 | AU21: =(IF('Water Report'!$W$17>0,'Water Report'!$W$17,0)) -> 0 | AV21: =(IF('Water Report'!$W$18>0,'Water Report'!$W$18,0)) -> 0 | AW21: =(IF('Water Report'!$W$19>0,'Water Report'!$W$19,0)) -> 0 | AX21: =(IF('Water Report'!$W$21>0,'Water Report'!$W$21,0)) -> 0 | AY21: =(IF('Water Report'!$W$22>0,'Water Report'!$W$22,0)) -> 0 | AZ21: =(IF('Water Report'!$W$23>0,'Water Report'!$W$23,0)) -> 0 | BA21: =(IF('Water Report'!$W$14>0,'Water Report'!$W$14,0)) -> 0 | BB21: =(IF('Water Report'!$W$15>0,'Water Report'!$W$15,0)) -> 0 | BC21: =(IF('Water Report'!$W$13>0,'Water Report'!$W$13,0)) -> 0 | BD21: =(IF('Water Report'!$W$24>0,'Water Report'!$W$24,0)) -> 200 | BE21: =(IF('Water Report'!$W$25>0,'Water Report'!$W$25,0)) -> 0 | BF21: =(IF('Water Report'!$W$27>0,'Water Report'!$W$27,0)) -> 0 | BG21: =(IF('Section Load'!AN24>0,'Section Load'!AN24,0)) -> 875 | BH21: =(IF('Section Load'!AO24>0,'Section Load'!AO24,0)) -> 0 | BI21: =(IF('Section Load'!AP24>0,'Section Load'!AP24,0)) -> 0 | BJ21: =(IF('Section Load'!AQ24>0,'Section Load'!AQ24,0)) -> 0 | BK21: =(IF('Section Load'!AR24>0,'Section Load'!AR24,0)) -> 0 | BL21: =(IF('Section Load'!AS24>0,'Section Load'!AS24,0)) -> 0 | BM21: =(IF('Section Load'!AT24>0,'Section Load'!AT24,0)) -> 875
A22: Mumbai | B22: =B21+1 -> 21 | C22: 10 | D22: 2021 | E22: =(IF('Section Load'!F25>0,'Section Load'!F25,0)) -> 0 | F22: =(IF('Section Load'!G25>0,'Section Load'!G25,0)) -> 0 | G22: =(IF('Section Load'!H25>0,'Section Load'!H25,0)) -> 0 | H22: =(IF('Section Load'!I25>0,'Section Load'!I25,0)) -> 0 | I22: =(IF('Section Load'!J25>0,'Section Load'!J25,0)) -> 0 | J22: =(IF('Section Load'!K25>0,'Section Load'!K25,0)) -> 0 | K22: =(IF('Section Load'!L25>0,'Section Load'!L25,0)) -> 0 | L22: =(IF('Section Load'!M25>0,'Section Load'!M25,0)) -> 0 | ... AL22: =(IF('Section Load'!AM25>0,'Section Load'!AM25,0)) -> 0 | AM22: =(IF('Water Report'!$X$7>0,'Water Report'!$X$7,0)) -> 0 | AN22: =(IF('Water Report'!$X$8>0,'Water Report'!$X$8,0)) -> 0 | AO22: =(IF('Water Report'!$X$9>0,'Water Report'!$X$9,0)) -> 0 | AP22: =(IF('Water Report'!$X$10>0,'Water Report'!$X$10,0)) -> 0 | AQ22: =(IF('Water Report'!$X$11>0,'Water Report'!$X$11,0)) -> 0 | AR22: =(IF('Water Report'!$X$13>0,'Water Report'!$X$13,0)) -> 0 | AS22: =(IF('Water Report'!$X$14>0,'Water Report'!$X$14,0)) -> 0 | AT22: =(IF('Water Report'!$X$15>0,'Water Report'!$X$15,0)) -> 0 | AU22: =(IF('Water Report'!$X$17>0,'Water Report'!$X$17,0)) -> 0 | AV22: =(IF('Water Report'!$X$18>0,'Water Report'!$X$18,0)) -> 0 | AW22: =(IF('Water Report'!$X$19>0,'Water Report'!$X$19,0)) -> 0 | AX22: =(IF('Water Report'!$X$21>0,'Water Report'!$X$21,0)) -> 0 | AY22: =(IF('Water Report'!$X$22>0,'Water Report'!$X$22,0)) -> 0 | AZ22: =(IF('Water Report'!$X$23>0,'Water Report'!$X$23,0)) -> 0 | BA22: =(IF('Water Report'!$X$14>0,'Water Report'!$X$14,0)) -> 0 | BB22: =(IF('Water Report'!$X$15>0,'Water Report'!$X$15,0)) -> 0 | BC22: =(IF('Water Report'!$X$13>0,'Water Report'!$X$13,0)) -> 0 | BD22: =(IF('Water Report'!$X$24>0,'Water Report'!$X$24,0)) -> 200 | BE22: =(IF('Water Report'!$X$25>0,'Water Report'!$X$25,0)) -> 0 | BF22: =(IF('Water Report'!$X$27>0,'Water Report'!$X$27,0)) -> 0 | BG22: =(IF('Section Load'!AN25>0,'Section Load'!AN25,0)) -> 875 | BH22: =(IF('Section Load'!AO25>0,'Section Load'!AO25,0)) -> 0 | BI22: =(IF('Section Load'!AP25>0,'Section Load'!AP25,0)) -> 0 | BJ22: =(IF('Section Load'!AQ25>0,'Section Load'!AQ25,0)) -> 0 | BK22: =(IF('Section Load'!AR25>0,'Section Load'!AR25,0)) -> 0 | BL22: =(IF('Section Load'!AS25>0,'Section Load'!AS25,0)) -> 0 | BM22: =(IF('Section Load'!AT25>0,'Section Load'!AT25,0)) -> 875
A23: Mumbai | B23: =B22+1 -> 22 | C23: 10 | D23: 2021 | E23: =(IF('Section Load'!F26>0,'Section Load'!F26,0)) -> 0 | F23: =(IF('Section Load'!G26>0,'Section Load'!G26,0)) -> 0 | G23: =(IF('Section Load'!H26>0,'Section Load'!H26,0)) -> 0 | H23: =(IF('Section Load'!I26>0,'Section Load'!I26,0)) -> 0 | I23: =(IF('Section Load'!J26>0,'Section Load'!J26,0)) -> 0 | J23: =(IF('Section Load'!K26>0,'Section Load'!K26,0)) -> 0 | K23: =(IF('Section Load'!L26>0,'Section Load'!L26,0)) -> 0 | L23: =(IF('Section Load'!M26>0,'Section Load'!M26,0)) -> 0 | ... AL23: =(IF('Section Load'!AM26>0,'Section Load'!AM26,0)) -> 0 | AM23: =(IF('Water Report'!$Y$7>0,'Water Report'!$Y$7,0)) -> 0 | AN23: =(IF('Water Report'!$Y$8>0,'Water Report'!$Y$8,0)) -> 0 | AO23: =(IF('Water Report'!$Y$9>0,'Water Report'!$Y$9,0)) -> 0 | AP23: =(IF('Water Report'!$Y$10>0,'Water Report'!$Y$10,0)) -> 0 | AQ23: =(IF('Water Report'!$Y$11>0,'Water Report'!$Y$11,0)) -> 0 | AR23: =(IF('Water Report'!$Y$13>0,'Water Report'!$Y$13,0)) -> 0 | AS23: =(IF('Water Report'!$Y$14>0,'Water Report'!$Y$14,0)) -> 0 | AT23: =(IF('Water Report'!$Y$15>0,'Water Report'!$Y$15,0)) -> 0 | AU23: =(IF('Water Report'!$Y$17>0,'Water Report'!$Y$17,0)) -> 0 | AV23: =(IF('Water Report'!$Y$18>0,'Water Report'!$Y$18,0)) -> 0 | AW23: =(IF('Water Report'!$Y$19>0,'Water Report'!$Y$19,0)) -> 0 | AX23: =(IF('Water Report'!$Y$21>0,'Water Report'!$Y$21,0)) -> 0 | AY23: =(IF('Water Report'!$Y$22>0,'Water Report'!$Y$22,0)) -> 0 | AZ23: =(IF('Water Report'!$Y$23>0,'Water Report'!$Y$23,0)) -> 0 | BA23: =(IF('Water Report'!$Y$14>0,'Water Report'!$Y$14,0)) -> 0 | BB23: =(IF('Water Report'!$Y$15>0,'Water Report'!$Y$15,0)) -> 0 | BC23: =(IF('Water Report'!$Y$13>0,'Water Report'!$Y$13,0)) -> 0 | BD23: =(IF('Water Report'!$Y$24>0,'Water Report'!$Y$24,0)) -> 200 | BE23: =(IF('Water Report'!$Y$25>0,'Water Report'!$Y$25,0)) -> 0 | BF23: =(IF('Water Report'!$Y$27>0,'Water Report'!$Y$27,0)) -> 0 | BG23: =(IF('Section Load'!AN26>0,'Section Load'!AN26,0)) -> 875 | BH23: =(IF('Section Load'!AO26>0,'Section Load'!AO26,0)) -> 0 | BI23: =(IF('Section Load'!AP26>0,'Section Load'!AP26,0)) -> 0 | BJ23: =(IF('Section Load'!AQ26>0,'Section Load'!AQ26,0)) -> 0 | BK23: =(IF('Section Load'!AR26>0,'Section Load'!AR26,0)) -> 0 | BL23: =(IF('Section Load'!AS26>0,'Section Load'!AS26,0)) -> 0 | BM23: =(IF('Section Load'!AT26>0,'Section Load'!AT26,0)) -> 875
A24: Mumbai | B24: =B23+1 -> 23 | C24: 10 | D24: 2021 | E24: =(IF('Section Load'!F27>0,'Section Load'!F27,0)) -> 0 | F24: =(IF('Section Load'!G27>0,'Section Load'!G27,0)) -> 0 | G24: =(IF('Section Load'!H27>0,'Section Load'!H27,0)) -> 0 | H24: =(IF('Section Load'!I27>0,'Section Load'!I27,0)) -> 0 | I24: =(IF('Section Load'!J27>0,'Section Load'!J27,0)) -> 0 | J24: =(IF('Section Load'!K27>0,'Section Load'!K27,0)) -> 0 | K24: =(IF('Section Load'!L27>0,'Section Load'!L27,0)) -> 0 | L24: =(IF('Section Load'!M27>0,'Section Load'!M27,0)) -> 0 | ... AL24: =(IF('Section Load'!AM27>0,'Section Load'!AM27,0)) -> 0 | AM24: =(IF('Water Report'!$Z$7>0,'Water Report'!$Z$7,0)) -> 0 | AN24: =(IF('Water Report'!$Z$8>0,'Water Report'!$Z$8,0)) -> 0 | AO24: =(IF('Water Report'!$Z$9>0,'Water Report'!$Z$9,0)) -> 0 | AP24: =(IF('Water Report'!$Z$10>0,'Water Report'!$Z$10,0)) -> 0 | AQ24: =(IF('Water Report'!$Z$11>0,'Water Report'!$Z$11,0)) -> 0 | AR24: =(IF('Water Report'!$Z$13>0,'Water Report'!$Z$13,0)) -> 0 | AS24: =(IF('Water Report'!$Z$14>0,'Water Report'!$Z$14,0)) -> 0 | AT24: =(IF('Water Report'!$Z$15>0,'Water Report'!$Z$15,0)) -> 0 | AU24: =(IF('Water Report'!$Z$17>0,'Water Report'!$Z$17,0)) -> 0 | AV24: =(IF('Water Report'!$Z$18>0,'Water Report'!$Z$18,0)) -> 0 | AW24: =(IF('Water Report'!$Z$19>0,'Water Report'!$Z$19,0)) -> 0 | AX24: =(IF('Water Report'!$Z$21>0,'Water Report'!$Z$21,0)) -> 0 | AY24: =(IF('Water Report'!$Z$22>0,'Water Report'!$Z$22,0)) -> 0 | AZ24: =(IF('Water Report'!$Z$23>0,'Water Report'!$Z$23,0)) -> 0 | BA24: =(IF('Water Report'!$Z$14>0,'Water Report'!$Z$14,0)) -> 0 | BB24: =(IF('Water Report'!$Z$15>0,'Water Report'!$Z$15,0)) -> 0 | BC24: =(IF('Water Report'!$Z$13>0,'Water Report'!$Z$13,0)) -> 0 | BD24: =(IF('Water Report'!$Z$24>0,'Water Report'!$Z$24,0)) -> 200 | BE24: =(IF('Water Report'!$Z$25>0,'Water Report'!$Z$25,0)) -> 0 | BF24: =(IF('Water Report'!$Z$27>0,'Water Report'!$Z$27,0)) -> 0 | BG24: =(IF('Section Load'!AN27>0,'Section Load'!AN27,0)) -> 875 | BH24: =(IF('Section Load'!AO27>0,'Section Load'!AO27,0)) -> 0 | BI24: =(IF('Section Load'!AP27>0,'Section Load'!AP27,0)) -> 0 | BJ24: =(IF('Section Load'!AQ27>0,'Section Load'!AQ27,0)) -> 0 | BK24: =(IF('Section Load'!AR27>0,'Section Load'!AR27,0)) -> 0 | BL24: =(IF('Section Load'!AS27>0,'Section Load'!AS27,0)) -> 0 | BM24: =(IF('Section Load'!AT27>0,'Section Load'!AT27,0)) -> 875
A25: Mumbai | B25: =B24+1 -> 24 | C25: 10 | D25: 2021 | E25: =(IF('Section Load'!F28>0,'Section Load'!F28,0)) -> 0 | F25: =(IF('Section Load'!G28>0,'Section Load'!G28,0)) -> 0 | G25: =(IF('Section Load'!H28>0,'Section Load'!H28,0)) -> 0 | H25: =(IF('Section Load'!I28>0,'Section Load'!I28,0)) -> 0 | I25: =(IF('Section Load'!J28>0,'Section Load'!J28,0)) -> 0 | J25: =(IF('Section Load'!K28>0,'Section Load'!K28,0)) -> 0 | K25: =(IF('Section Load'!L28>0,'Section Load'!L28,0)) -> 0 | L25: =(IF('Section Load'!M28>0,'Section Load'!M28,0)) -> 0 | ... AL25: =(IF('Section Load'!AM28>0,'Section Load'!AM28,0)) -> 0 | AM25: =(IF('Water Report'!$AA$7>0,'Water Report'!$AA$7,0)) -> 0 | AN25: =(IF('Water Report'!$AA$8>0,'Water Report'!$AA$8,0)) -> 0 | AO25: =(IF('Water Report'!$AA$9>0,'Water Report'!$AA$9,0)) -> 0 | AP25: =(IF('Water Report'!$AA$10>0,'Water Report'!$AA$10,0)) -> 0 | AQ25: =(IF('Water Report'!$AA$11>0,'Water Report'!$AA$11,0)) -> 0 | AR25: =(IF('Water Report'!$AA$13>0,'Water Report'!$AA$13,0)) -> 0 | AS25: =(IF('Water Report'!$AA$14>0,'Water Report'!$AA$14,0)) -> 0 | AT25: =(IF('Water Report'!$AA$15>0,'Water Report'!$AA$15,0)) -> 0 | AU25: =(IF('Water Report'!$AA$17>0,'Water Report'!$AA$17,0)) -> 0 | AV25: =(IF('Water Report'!$AA$18>0,'Water Report'!$AA$18,0)) -> 0 | AW25: =(IF('Water Report'!$AA$19>0,'Water Report'!$AA$19,0)) -> 0 | AX25: =(IF('Water Report'!$AA$21>0,'Water Report'!$AA$21,0)) -> 0 | AY25: =(IF('Water Report'!$AA$22>0,'Water Report'!$AA$22,0)) -> 0 | AZ25: =(IF('Water Report'!$AA$23>0,'Water Report'!$AA$23,0)) -> 0 | BA25: =(IF('Water Report'!$AA$14>0,'Water Report'!$AA$14,0)) -> 0 | BB25: =(IF('Water Report'!$AA$15>0,'Water Report'!$AA$15,0)) -> 0 | BC25: =(IF('Water Report'!$AA$13>0,'Water Report'!$AA$13,0)) -> 0 | BD25: =(IF('Water Report'!$AA$24>0,'Water Report'!$AA$24,0)) -> 200 | BE25: =(IF('Water Report'!$AA$25>0,'Water Report'!$AA$25,0)) -> 0 | BF25: =(IF('Water Report'!$AA$27>0,'Water Report'!$AA$27,0)) -> 0 | BG25: =(IF('Section Load'!AN28>0,'Section Load'!AN28,0)) -> 875 | BH25: =(IF('Section Load'!AO28>0,'Section Load'!AO28,0)) -> 0 | BI25: =(IF('Section Load'!AP28>0,'Section Load'!AP28,0)) -> 0 | BJ25: =(IF('Section Load'!AQ28>0,'Section Load'!AQ28,0)) -> 0 | BK25: =(IF('Section Load'!AR28>0,'Section Load'!AR28,0)) -> 0 | BL25: =(IF('Section Load'!AS28>0,'Section Load'!AS28,0)) -> 0 | BM25: =(IF('Section Load'!AT28>0,'Section Load'!AT28,0)) -> 875
A26: Mumbai | B26: =B25+1 -> 25 | C26: 10 | D26: 2021 | E26: =(IF('Section Load'!F29>0,'Section Load'!F29,0)) -> 0 | F26: =(IF('Section Load'!G29>0,'Section Load'!G29,0)) -> 0 | G26: =(IF('Section Load'!H29>0,'Section Load'!H29,0)) -> 0 | H26: =(IF('Section Load'!I29>0,'Section Load'!I29,0)) -> 0 | I26: =(IF('Section Load'!J29>0,'Section Load'!J29,0)) -> 0 | J26: =(IF('Section Load'!K29>0,'Section Load'!K29,0)) -> 0 | K26: =(IF('Section Load'!L29>0,'Section Load'!L29,0)) -> 0 | L26: =(IF('Section Load'!M29>0,'Section Load'!M29,0)) -> 0 | ... AL26: =(IF('Section Load'!AM29>0,'Section Load'!AM29,0)) -> 0 | AM26: =(IF('Water Report'!$AB$7>0,'Water Report'!$AB$7,0)) -> 0 | AN26: =(IF('Water Report'!$AB$8>0,'Water Report'!$AB$8,0)) -> 0 | AO26: =(IF('Water Report'!$AB$9>0,'Water Report'!$AB$9,0)) -> 0 | AP26: =(IF('Water Report'!$AB$10>0,'Water Report'!$AB$10,0)) -> 0 | AQ26: =(IF('Water Report'!$AB$11>0,'Water Report'!$AB$11,0)) -> 0 | AR26: =(IF('Water Report'!$AB$13>0,'Water Report'!$AB$13,0)) -> 0 | AS26: =(IF('Water Report'!$AB$14>0,'Water Report'!$AB$14,0)) -> 0 | AT26: =(IF('Water Report'!$AB$15>0,'Water Report'!$AB$15,0)) -> 0 | AU26: =(IF('Water Report'!$AB$17>0,'Water Report'!$AB$17,0)) -> 0 | AV26: =(IF('Water Report'!$AB$18>0,'Water Report'!$AB$18,0)) -> 0 | AW26: =(IF('Water Report'!$AB$19>0,'Water Report'!$AB$19,0)) -> 0 | AX26: =(IF('Water Report'!$AB$21>0,'Water Report'!$AB$21,0)) -> 0 | AY26: =(IF('Water Report'!$AB$22>0,'Water Report'!$AB$22,0)) -> 0 | AZ26: =(IF('Water Report'!$AB$23>0,'Water Report'!$AB$23,0)) -> 0 | BA26: =(IF('Water Report'!$AB$14>0,'Water Report'!$AB$14,0)) -> 0 | BB26: =(IF('Water Report'!$AB$15>0,'Water Report'!$AB$15,0)) -> 0 | BC26: =(IF('Water Report'!$AB$13>0,'Water Report'!$AB$13,0)) -> 0 | BD26: =(IF('Water Report'!$AB$24>0,'Water Report'!$AB$24,0)) -> 200 | BE26: =(IF('Water Report'!$AB$25>0,'Water Report'!$AB$25,0)) -> 0 | BF26: =(IF('Water Report'!$AB$27>0,'Water Report'!$AB$27,0)) -> 0 | BG26: =(IF('Section Load'!AN29>0,'Section Load'!AN29,0)) -> 875 | BH26: =(IF('Section Load'!AO29>0,'Section Load'!AO29,0)) -> 0 | BI26: =(IF('Section Load'!AP29>0,'Section Load'!AP29,0)) -> 0 | BJ26: =(IF('Section Load'!AQ29>0,'Section Load'!AQ29,0)) -> 0 | BK26: =(IF('Section Load'!AR29>0,'Section Load'!AR29,0)) -> 0 | BL26: =(IF('Section Load'!AS29>0,'Section Load'!AS29,0)) -> 0 | BM26: =(IF('Section Load'!AT29>0,'Section Load'!AT29,0)) -> 875
A27: Mumbai | B27: =B26+1 -> 26 | C27: 10 | D27: 2021 | E27: =(IF('Section Load'!F30>0,'Section Load'!F30,0)) -> 0 | F27: =(IF('Section Load'!G30>0,'Section Load'!G30,0)) -> 0 | G27: =(IF('Section Load'!H30>0,'Section Load'!H30,0)) -> 0 | H27: =(IF('Section Load'!I30>0,'Section Load'!I30,0)) -> 0 | I27: =(IF('Section Load'!J30>0,'Section Load'!J30,0)) -> 0 | J27: =(IF('Section Load'!K30>0,'Section Load'!K30,0)) -> 0 | K27: =(IF('Section Load'!L30>0,'Section Load'!L30,0)) -> 0 | L27: =(IF('Section Load'!M30>0,'Section Load'!M30,0)) -> 0 | ... AL27: =(IF('Section Load'!AM30>0,'Section Load'!AM30,0)) -> 0 | AM27: =(IF('Water Report'!$AC$7>0,'Water Report'!$AC$7,0)) -> 0 | AN27: =(IF('Water Report'!$AC$8>0,'Water Report'!$AC$8,0)) -> 0 | AO27: =(IF('Water Report'!$AC$9>0,'Water Report'!$AC$9,0)) -> 0 | AP27: =(IF('Water Report'!$AC$10>0,'Water Report'!$AC$10,0)) -> 0 | AQ27: =(IF('Water Report'!$AC$11>0,'Water Report'!$AC$11,0)) -> 0 | AR27: =(IF('Water Report'!$AC$13>0,'Water Report'!$AC$13,0)) -> 0 | AS27: =(IF('Water Report'!$AC$14>0,'Water Report'!$AC$14,0)) -> 0 | AT27: =(IF('Water Report'!$AC$15>0,'Water Report'!$AC$15,0)) -> 0 | AU27: =(IF('Water Report'!$AC$17>0,'Water Report'!$AC$17,0)) -> 0 | AV27: =(IF('Water Report'!$AC$18>0,'Water Report'!$AC$18,0)) -> 0 | AW27: =(IF('Water Report'!$AC$19>0,'Water Report'!$AC$19,0)) -> 0 | AX27: =(IF('Water Report'!$AC$21>0,'Water Report'!$AC$21,0)) -> 0 | AY27: =(IF('Water Report'!$AC$22>0,'Water Report'!$AC$22,0)) -> 0 | AZ27: =(IF('Water Report'!$AC$23>0,'Water Report'!$AC$23,0)) -> 0 | BA27: =(IF('Water Report'!$AC$14>0,'Water Report'!$AC$14,0)) -> 0 | BB27: =(IF('Water Report'!$AC$15>0,'Water Report'!$AC$15,0)) -> 0 | BC27: =(IF('Water Report'!$AC$13>0,'Water Report'!$AC$13,0)) -> 0 | BD27: =(IF('Water Report'!$AC$24>0,'Water Report'!$AC$24,0)) -> 200 | BE27: =(IF('Water Report'!$AC$25>0,'Water Report'!$AC$25,0)) -> 0 | BF27: =(IF('Water Report'!$AC$27>0,'Water Report'!$AC$27,0)) -> 0 | BG27: =(IF('Section Load'!AN30>0,'Section Load'!AN30,0)) -> 875 | BH27: =(IF('Section Load'!AO30>0,'Section Load'!AO30,0)) -> 0 | BI27: =(IF('Section Load'!AP30>0,'Section Load'!AP30,0)) -> 0 | BJ27: =(IF('Section Load'!AQ30>0,'Section Load'!AQ30,0)) -> 0 | BK27: =(IF('Section Load'!AR30>0,'Section Load'!AR30,0)) -> 0 | BL27: =(IF('Section Load'!AS30>0,'Section Load'!AS30,0)) -> 0 | BM27: =(IF('Section Load'!AT30>0,'Section Load'!AT30,0)) -> 875
A28: Mumbai | B28: =B27+1 -> 27 | C28: 10 | D28: 2021 | E28: =(IF('Section Load'!F31>0,'Section Load'!F31,0)) -> 0 | F28: =(IF('Section Load'!G31>0,'Section Load'!G31,0)) -> 0 | G28: =(IF('Section Load'!H31>0,'Section Load'!H31,0)) -> 0 | H28: =(IF('Section Load'!I31>0,'Section Load'!I31,0)) -> 0 | I28: =(IF('Section Load'!J31>0,'Section Load'!J31,0)) -> 0 | J28: =(IF('Section Load'!K31>0,'Section Load'!K31,0)) -> 0 | K28: =(IF('Section Load'!L31>0,'Section Load'!L31,0)) -> 0 | L28: =(IF('Section Load'!M31>0,'Section Load'!M31,0)) -> 0 | ... AL28: =(IF('Section Load'!AM31>0,'Section Load'!AM31,0)) -> 0 | AM28: =(IF('Water Report'!$AD$7>0,'Water Report'!$AD$7,0)) -> 0 | AN28: =(IF('Water Report'!$AD$8>0,'Water Report'!$AD$8,0)) -> 0 | AO28: =(IF('Water Report'!$AD$9>0,'Water Report'!$AD$9,0)) -> 0 | AP28: =(IF('Water Report'!$AD$10>0,'Water Report'!AD$10,0)) -> 0 | AQ28: =(IF('Water Report'!$AD$11>0,'Water Report'!AE$11,0)) -> 0 | AR28: =(IF('Water Report'!$AD$13>0,'Water Report'!AF$13,0)) -> 0 | AS28: =(IF('Water Report'!$AD$14>0,'Water Report'!AG$14,0)) -> 0 | AT28: =(IF('Water Report'!$AD$15>0,'Water Report'!AH$15,0)) -> 0 | AU28: =(IF('Water Report'!$AD$17>0,'Water Report'!AI$17,0)) -> 0 | AV28: =(IF('Water Report'!$AD$18>0,'Water Report'!AJ$18,0)) -> 0 | AW28: =(IF('Water Report'!$AD$19>0,'Water Report'!AK$19,0)) -> 0 | AX28: =(IF('Water Report'!$AD$21>0,'Water Report'!AL$21,0)) -> 0 | AY28: =(IF('Water Report'!$AD$22>0,'Water Report'!AM$22,0)) -> 0 | AZ28: =(IF('Water Report'!$AD$23>0,'Water Report'!AN$23,0)) -> 0 | BA28: =(IF('Water Report'!$AD$14>0,'Water Report'!AO$14,0)) -> 0 | BB28: =(IF('Water Report'!$AD$15>0,'Water Report'!AP$15,0)) -> 0 | BC28: =(IF('Water Report'!$AD$13>0,'Water Report'!AQ$13,0)) -> 0 | BD28: =(IF('Water Report'!$AD$24>0,'Water Report'!AR$24,0)) -> 0 | BE28: =(IF('Water Report'!$AD$25>0,'Water Report'!AS$25,0)) -> 0 | BF28: =(IF('Water Report'!$AD$27>0,'Water Report'!AT$27,0)) -> 0 | BG28: =(IF('Section Load'!AN31>0,'Section Load'!AN31,0)) -> 875 | BH28: =(IF('Section Load'!AO31>0,'Section Load'!AO31,0)) -> 0 | BI28: =(IF('Section Load'!AP31>0,'Section Load'!AP31,0)) -> 0 | BJ28: =(IF('Section Load'!AQ31>0,'Section Load'!AQ31,0)) -> 0 | BK28: =(IF('Section Load'!AR31>0,'Section Load'!AR31,0)) -> 0 | BL28: =(IF('Section Load'!AS31>0,'Section Load'!AS31,0)) -> 0 | BM28: =(IF('Section Load'!AT31>0,'Section Load'!AT31,0)) -> 875
A29: Mumbai | B29: =B28+1 -> 28 | C29: 10 | D29: 2021 | E29: =(IF('Section Load'!F32>0,'Section Load'!F32,0)) -> 0 | F29: =(IF('Section Load'!G32>0,'Section Load'!G32,0)) -> 0 | G29: =(IF('Section Load'!H32>0,'Section Load'!H32,0)) -> 0 | H29: =(IF('Section Load'!I32>0,'Section Load'!I32,0)) -> 0 | I29: =(IF('Section Load'!J32>0,'Section Load'!J32,0)) -> 0 | J29: =(IF('Section Load'!K32>0,'Section Load'!K32,0)) -> 0 | K29: =(IF('Section Load'!L32>0,'Section Load'!L32,0)) -> 0 | L29: =(IF('Section Load'!M32>0,'Section Load'!M32,0)) -> 0 | ... AL29: =(IF('Section Load'!AM32>0,'Section Load'!AM32,0)) -> 0 | AM29: =(IF('Water Report'!$AE$7>0,'Water Report'!$AE$7,0)) -> 0 | AN29: =(IF('Water Report'!$AE$8>0,'Water Report'!$AE$8,0)) -> 0 | AO29: =(IF('Water Report'!$AE$9>0,'Water Report'!$AE$9,0)) -> 0 | AP29: =(IF('Water Report'!$AE$10>0,'Water Report'!$AE$10,0)) -> 0 | AQ29: =(IF('Water Report'!$AE$11>0,'Water Report'!$AE$11,0)) -> 0 | AR29: =(IF('Water Report'!$AE$13>0,'Water Report'!$AE$13,0)) -> 0 | AS29: =(IF('Water Report'!$AE$14>0,'Water Report'!$AE$14,0)) -> 0 | AT29: =(IF('Water Report'!$AE$15>0,'Water Report'!$AE$15,0)) -> 0 | AU29: =(IF('Water Report'!$AE$17>0,'Water Report'!$AE$17,0)) -> 0 | AV29: =(IF('Water Report'!$AE$18>0,'Water Report'!$AE$18,0)) -> 0 | AW29: =(IF('Water Report'!$AE$19>0,'Water Report'!$AE$19,0)) -> 0 | AX29: =(IF('Water Report'!$AE$21>0,'Water Report'!$AE$21,0)) -> 0 | AY29: =(IF('Water Report'!$AE$22>0,'Water Report'!$AE$22,0)) -> 0 | AZ29: =(IF('Water Report'!$AE$23>0,'Water Report'!$AE$23,0)) -> 0 | BA29: =(IF('Water Report'!$AE$14>0,'Water Report'!$AE$14,0)) -> 0 | BB29: =(IF('Water Report'!$AE$15>0,'Water Report'!$AE$15,0)) -> 0 | BC29: =(IF('Water Report'!$AE$13>0,'Water Report'!$AE$13,0)) -> 0 | BD29: =(IF('Water Report'!$AE$24>0,'Water Report'!$AE$24,0)) -> 200 | BE29: =(IF('Water Report'!$AE$25>0,'Water Report'!$AE$25,0)) -> 0 | BF29: =(IF('Water Report'!$AE$27>0,'Water Report'!$AE$27,0)) -> 0 | BG29: =(IF('Section Load'!AN32>0,'Section Load'!AN32,0)) -> 875 | BH29: =(IF('Section Load'!AO32>0,'Section Load'!AO32,0)) -> 0 | BI29: =(IF('Section Load'!AP32>0,'Section Load'!AP32,0)) -> 0 | BJ29: =(IF('Section Load'!AQ32>0,'Section Load'!AQ32,0)) -> 0 | BK29: =(IF('Section Load'!AR32>0,'Section Load'!AR32,0)) -> 0 | BL29: =(IF('Section Load'!AS32>0,'Section Load'!AS32,0)) -> 0 | BM29: =(IF('Section Load'!AT32>0,'Section Load'!AT32,0)) -> 875
A30: Mumbai | B30: =B29+1 -> 29 | C30: 10 | D30: 2021 | E30: =(IF('Section Load'!F33>0,'Section Load'!F33,0)) -> 0 | F30: =(IF('Section Load'!G33>0,'Section Load'!G33,0)) -> 0 | G30: =(IF('Section Load'!H33>0,'Section Load'!H33,0)) -> 0 | H30: =(IF('Section Load'!I33>0,'Section Load'!I33,0)) -> 0 | I30: =(IF('Section Load'!J33>0,'Section Load'!J33,0)) -> 0 | J30: =(IF('Section Load'!K33>0,'Section Load'!K33,0)) -> 0 | K30: =(IF('Section Load'!L33>0,'Section Load'!L33,0)) -> 0 | L30: =(IF('Section Load'!M33>0,'Section Load'!M33,0)) -> 0 | ... AL30: =(IF('Section Load'!AM33>0,'Section Load'!AM33,0)) -> 0 | AM30: =(IF('Water Report'!$AF$7>0,'Water Report'!$AF$7,0)) -> 0 | AN30: =(IF('Water Report'!$AF$8>0,'Water Report'!$AF$8,0)) -> 0 | AO30: =(IF('Water Report'!$AF$9>0,'Water Report'!$AF$9,0)) -> 0 | AP30: =(IF('Water Report'!$AF$10>0,'Water Report'!$AF$10,0)) -> 0 | AQ30: =(IF('Water Report'!$AF$11>0,'Water Report'!$AF$11,0)) -> 0 | AR30: =(IF('Water Report'!$AF$13>0,'Water Report'!$AF$13,0)) -> 0 | AS30: =(IF('Water Report'!$AF$14>0,'Water Report'!$AF$14,0)) -> 0 | AT30: =(IF('Water Report'!$AF$15>0,'Water Report'!$AF$15,0)) -> 0 | AU30: =(IF('Water Report'!$AF$17>0,'Water Report'!$AF$17,0)) -> 0 | AV30: =(IF('Water Report'!$AF$18>0,'Water Report'!$AF$18,0)) -> 0 | AW30: =(IF('Water Report'!$AF$19>0,'Water Report'!$AF$19,0)) -> 0 | AX30: =(IF('Water Report'!$AF$21>0,'Water Report'!$AF$21,0)) -> 0 | AY30: =(IF('Water Report'!$AF$22>0,'Water Report'!$AF$22,0)) -> 0 | AZ30: =(IF('Water Report'!$AF$23>0,'Water Report'!$AF$23,0)) -> 0 | BA30: =(IF('Water Report'!$AF$14>0,'Water Report'!$AF$14,0)) -> 0 | BB30: =(IF('Water Report'!$AF$15>0,'Water Report'!$AF$15,0)) -> 0 | BC30: =(IF('Water Report'!$AF$13>0,'Water Report'!$AF$13,0)) -> 0 | BD30: =(IF('Water Report'!$AF$24>0,'Water Report'!$AF$24,0)) -> 200 | BE30: =(IF('Water Report'!$AF$25>0,'Water Report'!$AF$25,0)) -> 0 | BF30: =(IF('Water Report'!$AF$27>0,'Water Report'!$AF$27,0)) -> 0 | BG30: =(IF('Section Load'!AN33>0,'Section Load'!AN33,0)) -> 875 | BH30: =(IF('Section Load'!AO33>0,'Section Load'!AO33,0)) -> 0 | BI30: =(IF('Section Load'!AP33>0,'Section Load'!AP33,0)) -> 0 | BJ30: =(IF('Section Load'!AQ33>0,'Section Load'!AQ33,0)) -> 0 | BK30: =(IF('Section Load'!AR33>0,'Section Load'!AR33,0)) -> 0 | BL30: =(IF('Section Load'!AS33>0,'Section Load'!AS33,0)) -> 0 | BM30: =(IF('Section Load'!AT33>0,'Section Load'!AT33,0)) -> 875
A31: Mumbai | B31: =B30+1 -> 30 | C31: 10 | D31: 2021 | E31: =(IF('Section Load'!F34>0,'Section Load'!F34,0)) -> 0 | F31: =(IF('Section Load'!G34>0,'Section Load'!G34,0)) -> 0 | G31: =(IF('Section Load'!H34>0,'Section Load'!H34,0)) -> 0 | H31: =(IF('Section Load'!I34>0,'Section Load'!I34,0)) -> 0 | I31: =(IF('Section Load'!J34>0,'Section Load'!J34,0)) -> 0 | J31: =(IF('Section Load'!K34>0,'Section Load'!K34,0)) -> 0 | K31: =(IF('Section Load'!L34>0,'Section Load'!L34,0)) -> 0 | L31: =(IF('Section Load'!M34>0,'Section Load'!M34,0)) -> 0 | ... AL31: =(IF('Section Load'!AM34>0,'Section Load'!AM34,0)) -> 0 | AM31: =(IF('Water Report'!$AG$7>0,'Water Report'!$AG$7,0)) -> 0 | AN31: =(IF('Water Report'!$AG$8>0,'Water Report'!$AG$8,0)) -> 0 | AO31: =(IF('Water Report'!$AG$9>0,'Water Report'!$AG$9,0)) -> 0 | AP31: =(IF('Water Report'!$AG$10>0,'Water Report'!$DAG$10,0)) -> 0 | AQ31: =(IF('Water Report'!$AG$11>0,'Water Report'!$DAG$11,0)) -> 0 | AR31: =(IF('Water Report'!$AG$13>0,'Water Report'!$DAG$13,0)) -> 0 | AS31: =(IF('Water Report'!$AG$14>0,'Water Report'!$DAG$14,0)) -> 0 | AT31: =(IF('Water Report'!$AG$15>0,'Water Report'!$DAG$15,0)) -> 0 | AU31: =(IF('Water Report'!$AG$17>0,'Water Report'!$DAG$17,0)) -> 0 | AV31: =(IF('Water Report'!$AG$18>0,'Water Report'!$DAG$18,0)) -> 0 | AW31: =(IF('Water Report'!$AG$19>0,'Water Report'!$DAG$19,0)) -> 0 | AX31: =(IF('Water Report'!$AG$21>0,'Water Report'!$DAG$21,0)) -> 0 | AY31: =(IF('Water Report'!$AG$22>0,'Water Report'!$DAG$22,0)) -> 0 | AZ31: =(IF('Water Report'!$AG$23>0,'Water Report'!$DAG$23,0)) -> 0 | BA31: =(IF('Water Report'!$AG$14>0,'Water Report'!$DAG$14,0)) -> 0 | BB31: =(IF('Water Report'!$AG$15>0,'Water Report'!$DAG$15,0)) -> 0 | BC31: =(IF('Water Report'!$AG$13>0,'Water Report'!$DAG$13,0)) -> 0 | BD31: =(IF('Water Report'!$AG$24>0,'Water Report'!$DAG$24,0)) -> 0 | BE31: =(IF('Water Report'!$AG$25>0,'Water Report'!$DAG$25,0)) -> 0 | BF31: =(IF('Water Report'!$AG$27>0,'Water Report'!$DAG$27,0)) -> 0 | BG31: =(IF('Section Load'!AN34>0,'Section Load'!AN34,0)) -> 875 | BH31: =(IF('Section Load'!AO34>0,'Section Load'!AO34,0)) -> 0 | BI31: =(IF('Section Load'!AP34>0,'Section Load'!AP34,0)) -> 0 | BJ31: =(IF('Section Load'!AQ34>0,'Section Load'!AQ34,0)) -> 0 | BK31: =(IF('Section Load'!AR34>0,'Section Load'!AR34,0)) -> 0 | BL31: =(IF('Section Load'!AS34>0,'Section Load'!AS34,0)) -> 0 | BM31: =(IF('Section Load'!AT34>0,'Section Load'!AT34,0)) -> 875
A32: Mumbai | B32: =B31+1 -> 31 | C32: 10 | D32: 2021 | E32: =(IF('Section Load'!F35>0,'Section Load'!F35,0)) -> 0 | F32: =(IF('Section Load'!G35>0,'Section Load'!G35,0)) -> 0 | G32: =(IF('Section Load'!H35>0,'Section Load'!H35,0)) -> 0 | H32: =(IF('Section Load'!I35>0,'Section Load'!I35,0)) -> 0 | I32: =(IF('Section Load'!J35>0,'Section Load'!J35,0)) -> 0 | J32: =(IF('Section Load'!K35>0,'Section Load'!K35,0)) -> 0 | K32: =(IF('Section Load'!L35>0,'Section Load'!L35,0)) -> 0 | L32: =(IF('Section Load'!M35>0,'Section Load'!M35,0)) -> 0 | ... AL32: =(IF('Section Load'!AM35>0,'Section Load'!AM35,0)) -> 0 | AM32: =(IF('Water Report'!$AH$7>0,'Water Report'!$AH$7,0)) -> 0 | AN32: =(IF('Water Report'!$AH$8>0,'Water Report'!$AH$8,0)) -> 0 | AO32: =(IF('Water Report'!$AH$9>0,'Water Report'!$AH$9,0)) -> 0 | AP32: =(IF('Water Report'!$AH$10>0,'Water Report'!$DAH$10,0)) -> 0 | AQ32: =(IF('Water Report'!$AH$11>0,'Water Report'!$DAH$11,0)) -> 0 | AR32: =(IF('Water Report'!$AH$13>0,'Water Report'!$DAH$13,0)) -> 0 | AS32: =(IF('Water Report'!$AH$14>0,'Water Report'!$DAH$14,0)) -> 0 | AT32: =(IF('Water Report'!$AH$15>0,'Water Report'!$DAH$15,0)) -> 0 | AU32: =(IF('Water Report'!$AH$17>0,'Water Report'!$DAH$17,0)) -> 0 | AV32: =(IF('Water Report'!$AH$18>0,'Water Report'!$DAH$18,0)) -> 0 | AW32: =(IF('Water Report'!$AH$19>0,'Water Report'!$DAH$19,0)) -> 0 | AX32: =(IF('Water Report'!$AH$21>0,'Water Report'!$DAH$21,0)) -> 0 | AY32: =(IF('Water Report'!$AH$22>0,'Water Report'!$DAH$22,0)) -> 0 | AZ32: =(IF('Water Report'!$AH$23>0,'Water Report'!$DAH$23,0)) -> 0 | BA32: =(IF('Water Report'!$AH$14>0,'Water Report'!$DAH$14,0)) -> 0 | BB32: =(IF('Water Report'!$AH$15>0,'Water Report'!$DAH$15,0)) -> 0 | BC32: =(IF('Water Report'!$AH$13>0,'Water Report'!$DAH$13,0)) -> 0 | BD32: =(IF('Water Report'!$AH$24>0,'Water Report'!$DAH$24,0)) -> 0 | BE32: =(IF('Water Report'!$AH$25>0,'Water Report'!$DAH$25,0)) -> 0 | BF32: =(IF('Water Report'!$AH$27>0,'Water Report'!$DAH$27,0)) -> 0 | BG32: =(IF('Section Load'!AN35>0,'Section Load'!AN35,0)) -> 875 | BH32: =(IF('Section Load'!AO35>0,'Section Load'!AO35,0)) -> 0 | BI32: =(IF('Section Load'!AP35>0,'Section Load'!AP35,0)) -> 0 | BJ32: =(IF('Section Load'!AQ35>0,'Section Load'!AQ35,0)) -> 0 | BK32: =(IF('Section Load'!AR35>0,'Section Load'!AR35,0)) -> 0 | BL32: =(IF('Section Load'!AS35>0,'Section Load'!AS35,0)) -> 0 | BM32: =(IF('Section Load'!AT35>0,'Section Load'!AT35,0)) -> 875

Sheet Daily HLP
A2: Date | B2: Date | C2: Min.Tem (Degee) | D2: Avg.Temp (Degree) | E2: Hum % | F2: Occu. | H2: Electricity | L2: Gas | O2: Water | R2: Water per occiped room | S2: Diesel | V2: Water Consumption Zone | Z2: Chiller Running Hrs | AE2: Chiller Total | AF2: Chiller Avg. Laod | AG2: Boiler Running Hrs | AJ2: Total boiler | AK2: Hot Water Generator | AN2: Total HWG RH | AO2: HWG Gas consumption | AP2: Transformer -1 | AZ2: Transformer -2 | BN2: Total HLP Cost | BP2: Chiller lock at 70%
F3: % | G3: KwH | H3: Units (Kvah) | I3: Rate | J3: Total Cost(Rs) | K3: Per room | L3: Total Units(CuM) | M3: Rate | N3: Total Cost(Rs) | O3: Units(KL) | P3: Rate | Q3: Total Cost(Rs) | S3: Ltrs | T3: Rate | U3: Total Cost(Rs) | V3: Zone-1 | W3: Zone-2 | X3: Zone-3 | Z3: CH1 | AA3: CH2 | AB3: CH3 | AC3: CH4 | AD3: Total chiller | AG3: Boiler1 | AH3: Boiler2 | AI3: Boiler3 | AK3: HWG1 | AL3: HWG2 | AP3: HVAC-1 | AQ3: FPP-1 | AR3: MPP | AS3: Lighting-1 | AT3: Cap bank 1100KVAR-1 | AU3: CH-1 | AV3: CH-2 | AW3: Chilled water Pump | AX3: Co Generator | AY3: Ball Room-2 | AZ3: HVAC-2 | BA3: FPP-2 | BB3: MPP | BC3: Lighting-2 | BD3: Cap bank 1200KVAR-2 | BE3: CH-3 | BF3: CH-4 | BG3: Chilled water Pump | BH3: Ball Room-1 | BJ3: Cooling Tower consumption | BK3: HVAC% | BL3: Lighting% | BM3: Power% | BO3: Chiller Plant IKW
A4: 1 | B4: 1 | D4: ='1'!D3 -> 28 | E4: ='1'!D4 -> 0.9 | F4: ='1'!D2 -> 0.51 | G4: ='1'!G7 -> 22306.2 | H4: ='1'!G8 -> 22430.2 | I4: 9 | J4: =H4*I4 -> 201871.8 | K4: =H4/202 -> 111.04059 | L4: ='1'!G15 -> 981 | M4: 56.2 | N4: =L4*M4 -> 55132.2 | O4: ='1'!G20 -> 199 | P4: 108 | Q4: =O4*P4 -> 21492 | R4: =O4/(F4*202/100) -> 193.16638 | S4: ='1'!G24 -> 0 | T4: 69 | U4: =S4*T4 -> 0 | V4: ='1'!G65 -> 76 | W4: ='1'!G66 -> 24 | X4: ='1'!G67 -> 29 | Y4: =V4+W4+X4 -> 129 | Z4: ='1'!G84 -> 11.42 | AA4: ='1'!G85 -> 8.37 | AB4: ='1'!G86 -> 0.47 | AC4: ='1'!G87 -> 9.52 | AD4: =Z4+AA4+AB4+AC4 -> 29.78 | AE4: =AU4+AV4+BE4+BF4 -> 6682.73 | AF4: =AE4/AD4 -> 224.40329 | AG4: ='1'!G88 -> 0 | AH4: ='1'!G89 -> 11.32 | AI4: ='1'!G90 -> 0 | AJ4: =AG4+AH4+AI4 -> 11.32 | AK4: ='1'!G91 -> 10.54 | AL4: ='1'!G92 -> 0 | AN4: =AK4+AL4 -> 10.54 | AO4: ='1'!G74 -> 286.61 | AP4: ='1'!G35 -> 0 | AQ4: ='1'!G37 -> 1758.31 | AR4: ='1'!G38 -> 1899.22 | AS4: ='1'!G39 -> 4013.78 | AT4: ='1'!G40 -> 0 | AU4: ='1'!G41 -> 2756.2 | AV4: ='1'!G42 -> 1955.83 | AW4: ='1'!G43 -> 2266 | AX4: ='1'!G44 -> 0 | AY4: ='1'!G36 -> 944.9 | AZ4: ='1'!G49 -> 4296.31 | BA4: ='1'!G51 -> 0 | BB4: ='1'!G52 -> 0 | BC4: ='1'!G53 -> 0 | BD4: ='1'!G54 -> 4.05 | BE4: ='1'!G55 -> 0.47 | BF4: ='1'!G56 -> 1970.23 | BG4: ='1'!G57 -> 0 | BH4: ='1'!G50 -> 1076.15 | BI4: =SUM(AU4,AV4,BE4,BF4) -> 6682.73 | BJ4: ='1'!G133 -> 707.37 | BK4: =SUM(AP4,AU4,AV4,AW4,AZ4,BE4,BF4,BG4)/H4% -> 59.050031 | BL4: =SUM(AS4,BC4)/H4% -> 17.894535 | BM4: =(AR4+BB4)/H4 -> 0.084672451 | BN4: =J4+N4+Q4+U4 -> 278496 | BO4: =SUM(AU4,AV4,AW4,BE4,BF4,BG4,BJ4) -> 9656.1 | BP4: =BO4/(AD4*280) -> 1.1580279 | BQ4: =SUM(AU4,AV4,BE4,BF4)/(AD4*400) -> 0.56100823
A5: 2 | B5: 2 | D5: ='2'!D3 -> 28 | E5: ='2'!D4 -> 0.9 | F5: ='2'!D2 -> 0.51 | G5: ='2'!G7 -> 22634 | H5: ='2'!G8 -> 22758 | I5: 9 | J5: =H5*I5 -> 204822 | K5: =H5/202 -> 112.66337 | L5: ='2'!G15 -> 1027 | M5: 56.2 | N5: =L5*M5 -> 57717.4 | O5: ='2'!G20 -> 259 | P5: 108 | Q5: =O5*P5 -> 27972 | R5: =O5/(F5*202/100) -> 251.40749 | S5: ='2'!G24 -> 0 | T5: 69 | U5: =S5*T5 -> 0 | V5: ='2'!F65 -> 423459 | W5: ='2'!G66 -> 22 | X5: ='2'!G67 -> 40 | Y5: =V5+W5+X5 -> 423521 | Z5: ='2'!G84 -> 23.93 | AA5: ='2'!G85 -> 0.33 | AB5: ='2'!G86 -> 0 | AC5: ='2'!G87 -> 8.89 | AD5: =Z5+AA5+AB5+AC5 -> 33.15 | AE5: =AU5+AV5+BE5+BF5 -> 6979.96 | AF5: =AE5/AD5 -> 210.55686 | AG5: ='2'!G88 -> 10.17 | AH5: ='2'!G89 -> -0.08 | AI5: ='2'!G90 -> 0 | AJ5: =AG5+AH5+AI5 -> 10.09 | AK5: ='2'!G91 -> 11.3 | AL5: ='2'!G92 -> 0.46 | AN5: =AK5+AL5 -> 11.76 | AO5: ='2'!G74 -> 306.45 | AP5: ='2'!G35 -> 0 | AQ5: ='2'!G37 -> 1726.88 | AR5: ='2'!G38 -> 1966.95 | AS5: ='2'!G39 -> 4103.22 | AT5: ='2'!G40 -> 0 | AU5: ='2'!G41 -> 5207.32 | AV5: ='2'!G42 -> 0 | AW5: ='2'!G43 -> 2274.7 | AX5: ='2'!G44 -> 0 | AY5: ='2'!G36 -> 857.81 | AZ5: ='2'!G49 -> 4605.6 | BA5: ='2'!G51 -> 0 | BB5: ='2'!G52 -> 0 | BC5: ='2'!G53 -> 0 | BD5: ='2'!G54 -> 3.78 | BE5: ='2'!G55 -> 0 | BF5: ='2'!G56 -> 1772.64 | BG5: ='2'!G57 -> 0 | BH5: ='2'!G50 -> 1107.68 | BI5: =SUM(AU5,AV5,BE5,BF5) -> 6979.96 | BJ5: ='2'!G133 -> 777.62 | BK5: =SUM(AP5,AU5,AV5,AW5,AZ5,BE5,BF5,BG5)/H5% -> 60.902803 | BL5: =SUM(AS5,BC5)/H5% -> 18.029792 | BM5: =(AR5+BB5)/H5 -> 0.086428948 | BN5: =J5+N5+Q5+U5 -> 290511.4 | BO5: =SUM(AU5,AV5,AW5,BE5,BF5,BG5,BJ5) -> 10032.28 | BP5: =BO5/(AD5*280) -> 1.0808317
A6: 3 | B6: 3 | D6: ='3'!D3 -> 28 | E6: ='3'!D4 -> 0.9 | F6: ='3'!D2 -> 0.51 | G6: ='3'!G7 -> 23276.1 | H6: ='3'!G8 -> 23433.3 | I6: 9 | J6: =H6*I6 -> 210899.7 | K6: =H6/202 -> 116.00644 | L6: ='3'!G15 -> 1056.887 | M6: 56.2 | N6: =L6*M6 -> 59397.049 | O6: ='3'!G20 -> 259 | P6: 108 | Q6: =O6*P6 -> 27972 | R6: =O6/(F6*202/100) -> 251.40749 | S6: ='3'!G24 -> 0 | T6: 69 | U6: =S6*T6 -> 0 | V6: ='3'!G65 -> 80 | W6: ='3'!G66 -> 26 | X6: ='3'!G67 -> 36 | Y6: =V6+W6+X6 -> 142 | Z6: ='3'!G84 -> 23.92 | AA6: ='3'!G85 -> -0.33 | AB6: ='3'!G86 -> 0 | AC6: ='3'!G87 -> 8.09 | AD6: =Z6+AA6+AB6+AC6 -> 31.68 | AE6: =AU6+AV6+BE6+BF6 -> 7169.17 | AF6: =AE6/AD6 -> 226.29956 | AG6: ='3'!G88 -> 9.4 | AH6: ='3'!G89 -> 0.08 | AI6: ='3'!G90 -> 3.83 | AJ6: =AG6+AH6+AI6 -> 13.31 | AK6: ='3'!G91 -> 11.34 | AL6: ='3'!G92 -> 0.2 | AN6: =AK6+AL6 -> 11.54 | AO6: ='3'!G74 -> 308.53 | AP6: ='3'!G35 -> 0 | AQ6: ='3'!G37 -> 1707.23 | AR6: ='3'!G38 -> 1951.81 | AS6: ='3'!G39 -> 4180.14 | AT6: ='3'!G40 -> 0 | AU6: ='3'!G41 -> 5458.04 | AV6: ='3'!G42 -> 0 | AW6: ='3'!G43 -> 2284.9 | AX6: ='3'!G44 -> 0 | AY6: ='3'!G36 -> 887.09 | AZ6: ='3'!G49 -> 4727.07 | BA6: ='3'!G51 -> 0 | BB6: ='3'!G52 -> 0 | BC6: ='3'!G53 -> 0 | BD6: ='3'!G54 -> 3.89 | BE6: ='3'!G55 -> 0 | BF6: ='3'!G56 -> 1711.13 | BG6: ='3'!G57 -> 0 | BH6: ='3'!G50 -> 1216.72 | BI6: =SUM(AU6,AV6,BE6,BF6) -> 7169.17 | BJ6: ='3'!G133 -> 796.59 | BK6: =SUM(AP6,AU6,AV6,AW6,AZ6,BE6,BF6,BG6)/H6% -> 60.517042 | BL6: =SUM(AS6,BC6)/H6% -> 17.838461 | BM6: =(AR6+BB6)/H6 -> 0.083292153 | BN6: =J6+N6+Q6+U6 -> 298268.75 | BO6: =SUM(AU6,AV6,AW6,BE6,BF6,BG6,BJ6) -> 10250.66 | BP6: =BO6/(AD6*280) -> 1.1556029
A7: 4 | B7: 4 | D7: ='4'!D3 -> 28 | E7: ='4'!D4 -> 0.9 | F7: ='4'!D2 -> 0.68 | G7: ='4'!G7 -> 23675.9 | H7: ='4'!G8 -> 23852.74 | I7: 9 | J7: =H7*I7 -> 214674.66 | K7: =H7/202 -> 118.08287 | L7: ='4'!G15 -> 1064.113 | M7: 56.2 | N7: =L7*M7 -> 59803.151 | O7: ='4'!G20 -> 250 | P7: 108 | Q7: =O7*P7 -> 27000 | R7: =O7/(F7*202/100) -> 182.00349 | S7: ='4'!G24 -> 0 | T7: 69 | U7: =S7*T7 -> 0 | V7: ='4'!G65 -> 85 | W7: ='4'!G66 -> 21 | X7: ='4'!G67 -> 23 | Y7: =V7+W7+X7 -> 129 | Z7: ='4'!G84 -> 24 | AA7: ='4'!G85 -> 0 | AB7: ='4'!G86 -> 0 | AC7: ='4'!G87 -> 9 | AD7: =Z7+AA7+AB7+AC7 -> 33 | AE7: =AU7+AV7+BE7+BF7 -> 7669.82 | AF7: =AE7/AD7 -> 232.41879 | AG7: ='4'!G88 -> 0 | AH7: ='4'!G89 -> 11.75 | AI7: ='4'!G90 -> 2.67 | AJ7: =AG7+AH7+AI7 -> 14.42 | AK7: ='4'!G91 -> 10.66 | AL7: ='4'!G92 -> -0.06 | AN7: =AK7+AL7 -> 10.6 | AO7: ='4'!G74 -> 291.647 | AP7: ='4'!G35 -> 0 | AQ7: ='4'!G37 -> 1697.31 | AR7: ='4'!G38 -> 1873.39 | AS7: ='4'!G39 -> 4257.73 | AT7: ='4'!G40 -> 0 | AU7: ='4'!G41 -> 5694.36 | AV7: ='4'!G42 -> 0 | AW7: ='4'!G43 -> 2392.5 | AX7: ='4'!G44 -> 0 | AY7: ='4'!G36 -> 995.67 | AZ7: ='4'!G49 -> 5101.64 | BA7: ='4'!G51 -> 0 | BB7: ='4'!G52 -> 0 | BC7: ='4'!G53 -> 0 | BD7: ='4'!G54 -> 3.87 | BE7: ='4'!G55 -> -0.05 | BF7: ='4'!G56 -> 1975.51 | BG7: ='4'!G57 -> 0 | BH7: ='4'!G50 -> 1031.8 | BI7: =SUM(AU7,AV7,BE7,BF7) -> 7669.82 | BJ7: ='3'!G133 -> 796.59 | BK7: =SUM(AP7,AU7,AV7,AW7,AZ7,BE7,BF7,BG7)/H7% -> 63.573241 | BL7: =SUM(AS7,BC7)/H7% -> 17.850067 | BM7: =(AR7+BB7)/H7 -> 0.078539824 | BN7: =J7+N7+Q7+U7 -> 301477.81 | BO7: =SUM(AU7,AV7,AW7,BE7,BF7,BG7,BJ7) -> 10858.91 | BP7: =BO7/(AD7*280) -> 1.1752067
A8: 5 | B8: 5 | D8: ='5'!D3 -> 31 | E8: ='5'!D4 -> 0.7 | F8: ='5'!D2 -> 0.75 | G8: ='5'!G7 -> 25457.4 | H8: ='5'!G8 -> 25691.76 | I8: 9 | J8: =H8*I8 -> 231225.84 | K8: =H8/202 -> 127.18693 | L8: ='5'!G15 -> 1023 | M8: 56.2 | N8: =L8*M8 -> 57492.6 | O8: ='5'!G20 -> 281 | P8: 108 | Q8: =O8*P8 -> 30348 | R8: =O8/(F8*202/100) -> 185.47855 | S8: ='5'!G24 -> 0 | T8: 69 | U8: =S8*T8 -> 0 | V8: ='5'!G65 -> 102 | W8: ='5'!G66 -> 16 | X8: ='5'!G67 -> 24 | Y8: =V8+W8+X8 -> 142 | Z8: ='5'!G84 -> 23.73 | AA8: ='5'!G85 -> 6.63 | AB8: ='5'!G86 -> 0 | AC8: ='5'!G87 -> 0 | AD8: =Z8+AA8+AB8+AC8 -> 30.36 | AE8: =AU8+AV8+BE8+BF8 -> 8338.73 | AF8: =AE8/AD8 -> 274.66173 | AG8: ='5'!G88 -> 0 | AH8: ='5'!G89 -> 10.33 | AI8: ='5'!G90 -> 3.5 | AJ8: =AG8+AH8+AI8 -> 13.83 | AK8: ='5'!G91 -> 10.92 | AL8: ='5'!G92 -> 0 | AN8: =AK8+AL8 -> 10.92 | AO8: ='5'!G74 -> 297.763 | AP8: ='5'!G35 -> 0 | AQ8: ='5'!G37 -> 1743.27 | AR8: ='5'!G38 -> 1982.63 | AS8: ='5'!G39 -> 4350.13 | AT8: ='5'!G40 -> 0 | AU8: ='5'!G41 -> 5613.49 | AV8: ='5'!G42 -> 1613.17 | AW8: ='5'!G43 -> 2485.9 | AX8: ='5'!G44 -> 0 | AY8: ='5'!G36 -> 1103.53 | AZ8: ='5'!G49 -> 3634 | BA8: ='5'!G51 -> 0 | BB8: ='5'!G52 -> 0 | BC8: ='5'!G53 -> 0 | BD8: ='5'!G54 -> 5.41 | BE8: ='5'!G55 -> -0.42 | BF8: ='5'!G56 -> 1112.49 | BG8: ='5'!G57 -> 0 | BH8: ='5'!G50 -> 1769.65 | BI8: =SUM(AU8,AV8,BE8,BF8) -> 8338.73 | BJ8: ='5'!G133 -> 794.77 | BK8: =SUM(AP8,AU8,AV8,AW8,AZ8,BE8,BF8,BG8)/H8% -> 56.277304 | BL8: =SUM(AS8,BC8)/H8% -> 16.932005 | BM8: =(AR8+BB8)/H8 -> 0.077169879 | BN8: =J8+N8+Q8+U8 -> 319066.44 | BO8: =SUM(AU8,AV8,AW8,BE8,BF8,BG8,BJ8) -> 11619.4 | BP8: =BO8/(AD8*280) -> 1.3668596
A9: 6 | B9: 6 | D9: ='6'!D3 -> 28 | E9: ='6'!D4 -> 0.79 | F9: ='6'!D2 -> 0.6 | G9: ='6'!G7 -> 24023 | H9: ='6'!G8 -> 24192 | I9: 9 | J9: =H9*I9 -> 217728 | K9: =H9/202 -> 119.76238 | L9: ='6'!G15 -> 974 | M9: 56.2 | N9: =L9*M9 -> 54738.8 | O9: ='6'!G20 -> 240 | P9: 108 | Q9: =O9*P9 -> 25920 | R9: =O9/(F9*202/100) -> 198.0198 | S9: ='6'!G24 -> 0 | T9: 69 | U9: =S9*T9 -> 0 | V9: ='6'!G65 -> 97 | W9: ='6'!G66 -> 27 | X9: ='6'!G67 -> 23 | Y9: =V9+W9+X9 -> 147 | Z9: ='6'!G84 -> 14 | AA9: ='6'!G85 -> 20 | AB9: ='6'!G86 -> 0 | AC9: ='6'!G87 -> 0 | AD9: =Z9+AA9+AB9+AC9 -> 34 | AE9: =AU9+AV9+BE9+BF9 -> 7522 | AF9: =AE9/AD9 -> 221.23529 | AG9: ='6'!G88 -> 0 | AH9: ='6'!G89 -> 10.56 | AI9: ='6'!G90 -> 4.48 | AJ9: =AG9+AH9+AI9 -> 15.04 | AK9: ='6'!G91 -> 10.27 | AL9: ='6'!G92 -> 0 | AN9: =AK9+AL9 -> 10.27 | AO9: ='6'!G74 -> 281 | AP9: ='6'!G35 -> 0 | AQ9: ='6'!G37 -> 1728 | AR9: ='6'!G38 -> 1867 | AS9: ='6'!G39 -> 4190 | AT9: ='6'!G40 -> 0 | AU9: ='6'!G41 -> 3260 | AV9: ='6'!G42 -> 4250 | AW9: ='6'!G43 -> 2319 | AX9: ='6'!G44 -> 0 | AY9: ='6'!G36 -> 825 | AZ9: ='6'!G49 -> 3639 | BA9: ='6'!G51 -> 0 | BB9: ='6'!G52 -> 0 | BC9: ='6'!G53 -> 0 | BD9: ='6'!G54 -> 2 | BE9: ='6'!G55 -> 0 | BF9: ='6'!G56 -> 12 | BG9: ='6'!G57 -> 0 | BH9: ='6'!G50 -> 1832 | BI9: =SUM(AU9,AV9,BE9,BF9) -> 7522 | BJ9: ='6'!G133 -> 755 | BK9: =SUM(AP9,AU9,AV9,AW9,AZ9,BE9,BF9,BG9)/H9% -> 55.720899 | BL9: =SUM(AS9,BC9)/H9% -> 17.319775 | BM9: =(AR9+BB9)/H9 -> 0.077174272 | BN9: =J9+N9+Q9+U9 -> 298386.8 | BO9: =SUM(AU9,AV9,AW9,BE9,BF9,BG9,BJ9) -> 10596 | BP9: =BO9/(AD9*280) -> 1.1130252
A10: 7 | B10: 7 | D10: ='7'!D3 -> 28 | E10: ='7'!D4 -> 0.9 | F10: ='7'!D2 -> 0.98 | G10: ='7'!G7 -> 22049.02 | H10: ='7'!G8 -> 22240.32 | I10: 9 | J10: =H10*I10 -> 200162.88 | K10: =H10/202 -> 110.10059 | L10: ='7'!G15 -> 998.83 | M10: 56.2 | N10: =L10*M10 -> 56134.246 | O10: ='7'!G20 -> 258 | P10: 108 | Q10: =O10*P10 -> 27864 | R10: =O10/(F10*202/100) -> 130.32936 | S10: ='7'!G24 -> 0 | T10: 69 | U10: =S10*T10 -> 0 | V10: ='7'!G65 -> 99 | W10: ='7'!G66 -> 17 | X10: ='7'!G67 -> 26 | Y10: =V10+W10+X10 -> 142 | Z10: ='7'!G84 -> 25.17 | AA10: ='7'!G85 -> 6.02 | AB10: ='7'!G86 -> 0 | AC10: ='7'!G87 -> 3.93 | AD10: =Z10+AA10+AB10+AC10 -> 35.12 | AE10: =AU10+AV10+BE10+BF10 -> 6425.11 | AF10: =AE10/AD10 -> 182.94732 | AG10: ='7'!G88 -> -0.02 | AH10: ='7'!G89 -> 10.79 | AI10: ='7'!G90 -> 2.48 | AJ10: =AG10+AH10+AI10 -> 13.25 | AK10: ='7'!G91 -> 11.11 | AL10: ='7'!G92 -> 0 | AN10: =AK10+AL10 -> 11.11 | AO10: ='7'!G74 -> 298.03 | AP10: ='7'!G35 -> 0 | AQ10: ='7'!G37 -> 1722.05 | AR10: ='7'!G38 -> 1785.06 | AS10: ='7'!G39 -> 4090.26 | AT10: ='7'!G40 -> 0 | AU10: ='7'!G41 -> 5211.71 | AV10: ='7'!G42 -> 1199.65 | AW10: ='7'!G43 -> 2327 | AX10: ='7'!G44 -> 0 | AY10: ='7'!G36 -> 655.29 | AZ10: ='7'!G49 -> 3425.48 | BA10: ='7'!G51 -> 0 | BB10: ='7'!G52 -> 0 | BC10: ='7'!G53 -> 0 | BD10: ='7'!G54 -> 4.74 | BE10: ='7'!G55 -> 0 | BF10: ='7'!G56 -> 13.75 | BG10: ='7'!G57 -> 0 | BH10: ='7'!G50 -> 1497.39 | BI10: =SUM(AU10,AV10,BE10,BF10) -> 6425.11 | BJ10: ='7'!G133 -> 814.23 | BK10: =SUM(AP10,AU10,AV10,AW10,AZ10,BE10,BF10,BG10)/H10% -> 54.754563 | BL10: =SUM(AS10,BC10)/H10% -> 18.391192 | BM10: =(AR10+BB10)/H10 -> 0.080262334 | BN10: =J10+N10+Q10+U10 -> 284161.13 | BO10: =SUM(AU10,AV10,AW10,BE10,BF10,BG10,BJ10) -> 9566.34 | BP10: =BO10/(AD10*280) -> 0.97282175
A11: 8 | B11: 8 | D11: ='8'!D3 -> 28 | E11: ='8'!D4 -> 0.9 | F11: ='8'!D2 -> 0.9294 | G11: ='8'!G7 -> 23228.18 | H11: ='8'!G8 -> 23705.19 | I11: 9 | J11: =H11*I11 -> 213346.71 | K11: =H11/202 -> 117.35243 | L11: ='8'!G15 -> 1022.55 | M11: 56.2 | N11: =L11*M11 -> 57467.31 | O11: ='8'!G20 -> 231 | P11: 108 | Q11: =O11*P11 -> 24948 | R11: =O11/(F11*202/100) -> 123.04329 | S11: ='8'!G24 -> 0 | T11: 69 | U11: =S11*T11 -> 0 | V11: ='8'!G65 -> 90 | W11: ='8'!G66 -> 26 | X11: ='8'!G67 -> 28 | Y11: =V11+W11+X11 -> 144 | Z11: ='8'!G84 -> 23.98 | AA11: ='8'!G85 -> 10.55 | AB11: ='8'!G86 -> 0 | AC11: ='8'!G87 -> 0 | AD11: =Z11+AA11+AB11+AC11 -> 34.53 | AE11: =AU11+AV11+BE11+BF11 -> 7312.74 | AF11: =AE11/AD11 -> 211.77932 | AG11: ='8'!G88 -> 9.68 | AH11: ='8'!G89 -> 0 | AI11: ='8'!G90 -> 2.82 | AJ11: =AG11+AH11+AI11 -> 12.5 | AK11: ='8'!G91 -> 10.56 | AL11: ='8'!G92 -> 0 | AN11: =AK11+AL11 -> 10.56 | AO11: ='8'!G74 -> 287.34 | AP11: ='8'!G35 -> 0 | AQ11: ='8'!G37 -> 1737.9 | AR11: ='8'!G38 -> 1901.97 | AS11: ='8'!G39 -> 4276.41 | AT11: ='8'!G40 -> 1.3 | AU11: ='8'!G41 -> 5132.36 | AV11: ='8'!G42 -> 2165.26 | AW11: ='8'!G43 -> 2709.6 | AX11: ='8'!G44 -> 0 | AY11: ='8'!G36 -> 708.78 | AZ11: ='8'!G49 -> 3417.86 | BA11: ='8'!G51 -> 0 | BB11: ='8'!G52 -> 0 | BC11: ='8'!G53 -> 0 | BD11: ='8'!G54 -> 4.14 | BE11: ='8'!G55 -> 0 | BF11: ='8'!G56 -> 15.12 | BG11: ='8'!G57 -> 0 | BH11: ='8'!G50 -> 1110.24 | BI11: =SUM(AU11,AV11,BE11,BF11) -> 7312.74 | BJ11: ='8'!G133 -> 738.64 | BK11: =SUM(AP11,AU11,AV11,AW11,AZ11,BE11,BF11,BG11)/H11% -> 56.697289 | BL11: =SUM(AS11,BC11)/H11% -> 18.039974 | BM11: =(AR11+BB11)/H11 -> 0.080234328 | BN11: =J11+N11+Q11+U11 -> 295762.02 | BO11: =SUM(AU11,AV11,AW11,BE11,BF11,BG11,BJ11) -> 10760.98 | BP11: =BO11/(AD11*280) -> 1.1130053
A12: 9 | B12: 9 | D12: ='9'!D3 -> 27 | E12: ='9'!D4 -> 0.8 | F12: ='9'!D2 -> 1 | G12: ='9'!G7 -> 24085.8 | H12: ='9'!G8 -> 24465.49 | I12: 9 | J12: =H12*I12 -> 220189.41 | K12: =H12/202 -> 121.11629 | L12: ='9'!G15 -> 996.62 | M12: 56.2 | N12: =L12*M12 -> 56010.044 | O12: ='9'!G20 -> 274 | P12: 108 | Q12: =O12*P12 -> 29592 | R12: =O12/(F12*202/100) -> 135.64356 | S12: ='9'!G24 -> 0 | T12: 69 | U12: =S12*T12 -> 0 | V12: ='9'!G65 -> 83 | W12: ='9'!G66 -> 26 | X12: ='9'!G67 -> 34 | Y12: =V12+W12+X12 -> 143 | Z12: ='9'!G84 -> 23.85 | AA12: ='9'!G85 -> 10.43 | AB12: ='9'!G86 -> 0 | AC12: ='9'!G87 -> 0 | AD12: =Z12+AA12+AB12+AC12 -> 34.28 | AE12: =AU12+AV12+BE12+BF12 -> 7809.15 | AF12: =AE12/AD12 -> 227.80484 | AG12: ='9'!G88 -> 8.58 | AH12: ='9'!G89 -> -0.12 | AI12: ='9'!G90 -> 4.24 | AJ12: =AG12+AH12+AI12 -> 12.7 | AK12: ='9'!G91 -> 10.34 | AL12: ='9'!G92 -> 0 | AN12: =AK12+AL12 -> 10.34 | AO12: ='9'!G74 -> 275.63 | AP12: ='9'!G35 -> 0 | AQ12: ='9'!G37 -> 1733.05 | AR12: ='9'!G38 -> 1963.97 | AS12: ='9'!G39 -> 4274.33 | AT12: ='9'!G40 -> 0 | AU12: ='9'!G41 -> 5563.93 | AV12: ='9'!G42 -> 2231.09 | AW12: ='9'!G43 -> 2700.4 | AX12: ='9'!G44 -> 0 | AY12: ='9'!G36 -> 875.93 | AZ12: ='9'!G49 -> 3709.66 | BA12: ='9'!G51 -> 0 | BB12: ='9'!G52 -> 0 | BC12: ='9'!G53 -> 0 | BD12: ='9'!G54 -> 4.12 | BE12: ='9'!G55 -> 0 | BF12: ='9'!G56 -> 14.13 | BG12: ='9'!G57 -> 0 | BH12: ='9'!G50 -> 1033.37 | BI12: =SUM(AU12,AV12,BE12,BF12) -> 7809.15 | BJ12: ='8'!G133 -> 738.64 | BK12: =SUM(AP12,AU12,AV12,AW12,AZ12,BE12,BF12,BG12)/H12% -> 58.119457 | BL12: =SUM(AS12,BC12)/H12% -> 17.470854 | BM12: =(AR12+BB12)/H12 -> 0.080275114 | BN12: =J12+N12+Q12+U12 -> 305791.45 | BO12: =SUM(AU12,AV12,AW12,BE12,BF12,BG12,BJ12) -> 11248.19 | BP12: =BO12/(AD12*280) -> 1.1718818
A13: 10 | B13: 10 | D13: ='10'!D3 -> 27 | E13: ='10'!D4 -> 0.8 | F13: ='10'!D2 -> 0.78 | G13: ='10'!G7 -> 23937 | H13: ='10'!G8 -> 24337 | I13: 9 | J13: =H13*I13 -> 219033 | K13: =H13/202 -> 120.4802 | L13: ='10'!G15 -> 948 | M13: 56.2 | N13: =L13*M13 -> 53277.6 | O13: ='10'!G20 -> 258 | P13: 108 | Q13: =O13*P13 -> 27864 | R13: =O13/(F13*202/100) -> 163.74714 | S13: ='10'!G24 -> 0 | T13: 69 | U13: =S13*T13 -> 0 | V13: ='10'!G65 -> 89 | W13: ='10'!G66 -> 25 | X13: ='10'!G67 -> 30 | Y13: =V13+W13+X13 -> 144 | Z13: ='10'!G84 -> 24 | AA13: ='10'!G85 -> 13 | AB13: ='10'!G86 -> 0 | AC13: ='10'!G87 -> -0.43 | AD13: =Z13+AA13+AB13+AC13 -> 36.57 | AE13: =AU13+AV13+BE13+BF13 -> 7582 | AF13: =AE13/AD13 -> 207.32841 | AG13: ='10'!G88 -> 9.22 | AH13: ='10'!G89 -> 0 | AI13: ='10'!G90 -> 2 | AJ13: =AG13+AH13+AI13 -> 11.22 | AK13: ='10'!G91 -> 11.09 | AL13: ='10'!G92 -> 0 | AN13: =AK13+AL13 -> 11.09 | AO13: ='10'!G74 -> 293 | AP13: ='10'!G35 -> 0 | AQ13: ='10'!G37 -> 1684 | AR13: ='10'!G38 -> 1960 | AS13: ='10'!G39 -> 4216 | AT13: ='10'!G40 -> 0 | AU13: ='10'!G41 -> 5055 | AV13: ='10'!G42 -> 2510 | AW13: ='10'!G43 -> 2787 | AX13: ='10'!G44 -> 0 | AY13: ='10'!G36 -> 799 | AZ13: ='10'!G49 -> 3829 | BA13: ='10'!G51 -> 0 | BB13: ='10'!G52 -> 0 | BC13: ='10'!G53 -> 0 | BD13: ='10'!G54 -> 4 | BE13: ='10'!G55 -> 0 | BF13: ='10'!G56 -> 17 | BG13: ='10'!G57 -> 0 | BH13: ='10'!G50 -> 1128 | BI13: =SUM(AU13,AV13,BE13,BF13) -> 7582 | BJ13: ='8'!G133 -> 738.64 | BK13: =SUM(AP13,AU13,AV13,AW13,AZ13,BE13,BF13,BG13)/H13% -> 58.339154 | BL13: =SUM(AS13,BC13)/H13% -> 17.323417 | BM13: =(AR13+BB13)/H13 -> 0.08053581 | BN13: =J13+N13+Q13+U13 -> 300174.6 | BO13: =SUM(AU13,AV13,AW13,BE13,BF13,BG13,BJ13) -> 11107.64 | BP13: =BO13/(AD13*280) -> 1.0847728
A14: 11 | B14: 11 | D14: ='11'!D3 -> 28 | E14: ='11'!D4 -> 0.78 | F14: ='11'!D2 -> 0.87 | G14: ='11'!G7 -> 23563 | H14: ='11'!G8 -> 24048 | I14: 9 | J14: =H14*I14 -> 216432 | K14: =H14/202 -> 119.0495 | L14: ='11'!G15 -> 1045 | M14: 56.2 | N14: =L14*M14 -> 58729 | O14: ='11'!G20 -> 276 | P14: 108 | Q14: =O14*P14 -> 29808 | R14: =O14/(F14*202/100) -> 157.05019 | S14: ='11'!G24 -> 0 | T14: 69 | U14: =S14*T14 -> 0 | V14: ='11'!G65 -> 98 | W14: ='11'!G66 -> 26 | X14: ='11'!G67 -> 24 | Y14: =V14+W14+X14 -> 148 | Z14: ='11'!G84 -> 19 | AA14: ='11'!G85 -> 3 | AB14: ='11'!G86 -> 0 | AC14: ='11'!G87 -> 11 | AD14: =Z14+AA14+AB14+AC14 -> 33 | AE14: =AU14+AV14+BE14+BF14 -> 7289 | AF14: =AE14/AD14 -> 220.87879 | AG14: ='11'!G88 -> 9 | AH14: ='11'!G89 -> 0 | AI14: ='11'!G90 -> 7 | AJ14: =AG14+AH14+AI14 -> 16 | AK14: ='11'!G91 -> 11 | AL14: ='11'!G92 -> 0 | AN14: =AK14+AL14 -> 11 | AO14: ='11'!G74 -> 293 | AP14: ='11'!G35 -> 0 | AQ14: ='11'!G37 -> 1692 | AR14: ='11'!G38 -> 1926 | AS14: ='11'!G39 -> 4356 | AT14: ='11'!G40 -> 0 | AU14: ='11'!G41 -> 4259 | AV14: ='11'!G42 -> 688 | AW14: ='11'!G43 -> 2717 | AX14: ='11'!G44 -> 0 | AY14: ='11'!G36 -> 779 | AZ14: ='11'!G49 -> 3321 | BA14: ='11'!G51 -> 0 | BB14: ='11'!G52 -> 0 | BC14: ='11'!G53 -> 0 | BD14: ='11'!G54 -> 4 | BE14: ='11'!G55 -> 0 | BF14: ='11'!G56 -> 2342 | BG14: ='11'!G57 -> 0 | BH14: ='11'!G50 -> 1149 | BI14: =SUM(AU14,AV14,BE14,BF14) -> 7289 | BJ14: ='11'!G133 -> 801 | BK14: =SUM(AP14,AU14,AV14,AW14,AZ14,BE14,BF14,BG14)/H14% -> 55.41833 | BL14: =SUM(AS14,BC14)/H14% -> 18.113772 | BM14: =(AR14+BB14)/H14 -> 0.08008982 | BN14: =J14+N14+Q14+U14 -> 304969 | BO14: =SUM(AU14,AV14,AW14,BE14,BF14,BG14,BJ14) -> 10807 | BP14: =BO14/(AD14*280) -> 1.1695887
A15: 12 | B15: 12 | D15: ='12'!D3 -> 28 | E15: ='12'!D4 -> 0.79 | F15: ='12'!D2 -> 0.6 | G15: ='12'!G7 -> 23869 | H15: ='12'!G8 -> 24516 | I15: 9 | J15: =H15*I15 -> 220644 | K15: =H15/202 -> 121.36634 | L15: ='12'!G15 -> 959 | M15: 56.2 | N15: =L15*M15 -> 53895.8 | O15: ='12'!G20 -> 248 | P15: 108 | Q15: =O15*P15 -> 26784 | R15: =O15/(F15*202/100) -> 204.62046 | S15: ='12'!G24 -> 0 | T15: 69 | U15: =S15*T15 -> 0 | V15: ='12'!G65 -> 81 | W15: ='12'!G66 -> 17 | X15: ='12'!G67 -> 24 | Y15: =V15+W15+X15 -> 122 | Z15: ='12'!G84 -> 0 | AA15: ='12'!G85 -> 10 | AB15: ='12'!G86 -> 0 | AC15: ='12'!G87 -> 24 | AD15: =Z15+AA15+AB15+AC15 -> 34 | AE15: =AU15+AV15+BE15+BF15 -> 7367 | AF15: =AE15/AD15 -> 216.67647 | AG15: ='12'!G88 -> 8.8 | AH15: ='12'!G89 -> 0.12 | AI15: ='12'!G90 -> 5.5 | AJ15: =AG15+AH15+AI15 -> 14.42 | AK15: ='12'!G91 -> 10.22 | AL15: ='12'!G92 -> 0 | AN15: =AK15+AL15 -> 10.22 | AO15: ='12'!G74 -> 279 | AP15: ='12'!G35 -> 0 | AQ15: ='12'!G37 -> 1772 | AR15: ='12'!G38 -> 1853 | AS15: ='12'!G39 -> 4376 | AT15: ='12'!G40 -> 0 | AU15: ='12'!G41 -> 0 | AV15: ='12'!G42 -> 2139 | AW15: ='12'!G43 -> 2735 | AX15: ='12'!G44 -> 0 | AY15: ='12'!G36 -> 721 | AZ15: ='12'!G49 -> 3314 | BA15: ='12'!G51 -> 0 | BB15: ='12'!G52 -> 0 | BC15: ='12'!G53 -> 0 | BD15: ='12'!G54 -> 4 | BE15: ='12'!G55 -> 0 | BF15: ='12'!G56 -> 5228 | BG15: ='12'!G57 -> 0 | BH15: ='12'!G50 -> 1186 | BI15: =SUM(AU15,AV15,BE15,BF15) -> 7367 | BJ15: ='12'!G133 -> 792 | BK15: =SUM(AP15,AU15,AV15,AW15,AZ15,BE15,BF15,BG15)/H15% -> 54.723446 | BL15: =SUM(AS15,BC15)/H15% -> 17.849568 | BM15: =(AR15+BB15)/H15 -> 0.075583293 | BN15: =J15+N15+Q15+U15 -> 301323.8 | BO15: =SUM(AU15,AV15,AW15,BE15,BF15,BG15,BJ15) -> 10894 | BP15: =BO15/(AD15*280) -> 1.1443277
A16: 13 | B16: 13 | D16: ='13'!D3 -> 28 | E16: ='13'!D4 -> 0.78 | F16: ='13'!D2 -> 0.6 | G16: ='13'!G7 -> 22951 | H16: ='13'!G8 -> 23605 | I16: 9 | J16: =H16*I16 -> 212445 | K16: =H16/202 -> 116.85644 | L16: ='13'!G15 -> 952 | M16: 56.2 | N16: =L16*M16 -> 53502.4 | O16: ='13'!G20 -> 219 | P16: 108 | Q16: =O16*P16 -> 23652 | R16: =O16/(F16*202/100) -> 180.69307 | S16: ='13'!G24 -> 0 | T16: 69 | U16: =S16*T16 -> 0 | V16: ='13'!G65 -> 90 | W16: ='13'!G66 -> 21 | X16: ='13'!G67 -> 22 | Y16: =V16+W16+X16 -> 133 | Z16: ='13'!G84 -> 0 | AA16: ='13'!G85 -> 8 | AB16: ='13'!G86 -> 0 | AC16: ='13'!G87 -> 24 | AD16: =Z16+AA16+AB16+AC16 -> 32 | AE16: =AU16+AV16+BE16+BF16 -> 7041 | AF16: =AE16/AD16 -> 220.03125 | AG16: ='13'!G88 -> 8.27 | AH16: ='13'!G89 -> 0 | AI16: ='13'!G90 -> 5.19 | AJ16: =AG16+AH16+AI16 -> 13.46 | AK16: ='13'!G91 -> 10.99 | AL16: ='13'!G92 -> 0 | AN16: =AK16+AL16 -> 10.99 | AO16: ='13'!G74 -> 296 | AP16: ='13'!G35 -> 0 | AQ16: ='13'!G37 -> 1663 | AR16: ='13'!G38 -> 1845 | AS16: ='13'!G39 -> 4354 | AT16: ='13'!G40 -> 0 | AU16: ='13'!G41 -> 0 | AV16: ='13'!G42 -> 1676 | AW16: ='13'!G43 -> 2578 | AX16: ='13'!G44 -> 0 | AY16: ='13'!G36 -> 639 | AZ16: ='13'!G49 -> 3602 | BA16: ='13'!G51 -> 0 | BB16: ='13'!G52 -> 0 | BC16: ='13'!G53 -> 0 | BD16: ='13'!G54 -> 5 | BE16: ='13'!G55 -> 0 | BF16: ='13'!G56 -> 5365 | BG16: ='13'!G57 -> 0 | BH16: ='13'!G50 -> 1068 | BI16: =SUM(AU16,AV16,BE16,BF16) -> 7041 | BJ16: ='13'!G133 -> 724 | BK16: =SUM(AP16,AU16,AV16,AW16,AZ16,BE16,BF16,BG16)/H16% -> 56.00932 | BL16: =SUM(AS16,BC16)/H16% -> 18.445245 | BM16: =(AR16+BB16)/H16 -> 0.078161406 | BN16: =J16+N16+Q16+U16 -> 289599.4 | BO16: =SUM(AU16,AV16,AW16,BE16,BF16,BG16,BJ16) -> 10343 | BP16: =BO16/(AD16*280) -> 1.1543527
A17: 14 | B17: 14 | D17: ='14'!D3 -> 29 | E17: ='14'!D4 -> 0.85 | F17: ='14'!D2 -> 0.59 | G17: ='14'!G7 -> 24059 | H17: ='14'!G8 -> 24667 | I17: 9 | J17: =H17*I17 -> 222003 | K17: =H17/202 -> 122.11386 | L17: ='14'!G15 -> 1032 | M17: 56.2 | N17: =L17*M17 -> 57998.4 | O17: ='14'!G20 -> 241 | P17: 108 | Q17: =O17*P17 -> 26028 | R17: =O17/(F17*202/100) -> 202.21514 | S17: ='14'!G24 -> 0 | T17: 69 | U17: =S17*T17 -> 0 | V17: ='14'!G65 -> 89 | W17: ='14'!G66 -> 18 | X17: ='14'!G67 -> 19 | Y17: =V17+W17+X17 -> 126 | Z17: ='14'!G84 -> 0 | AA17: ='14'!G85 -> 10 | AB17: ='14'!G86 -> 0 | AC17: ='14'!G87 -> 24 | AD17: =Z17+AA17+AB17+AC17 -> 34 | AE17: =AU17+AV17+BE17+BF17 -> 7906 | AF17: =AE17/AD17 -> 232.52941 | AG17: ='14'!G88 -> 9.4 | AH17: ='14'!G89 -> 0 | AI17: ='14'!G90 -> 5.97 | AJ17: =AG17+AH17+AI17 -> 15.37 | AK17: ='14'!G91 -> 10.72 | AL17: ='14'!G92 -> 0 | AN17: =AK17+AL17 -> 10.72 | AO17: ='14'!G44 -> 0 | AP17: ='14'!G35 -> 0 | AQ17: ='14'!G37 -> 1696 | AR17: ='14'!G38 -> 1962 | AS17: ='14'!G39 -> 4269 | AT17: ='14'!G40 -> 0 | AU17: ='14'!G41 -> 0 | AV17: ='14'!G42 -> 2349 | AW17: ='14'!G43 -> 2705 | AX17: ='14'!G44 -> 0 | AY17: ='14'!G36 -> 590 | AZ17: ='14'!G49 -> 3657 | BA17: ='14'!G51 -> 0 | BB17: ='14'!G52 -> 0 | BC17: ='14'!G53 -> 0 | BD17: ='14'!G54 -> 4 | BE17: ='14'!G55 -> 0 | BF17: ='14'!G56 -> 5557 | BG17: ='14'!G57 -> 0 | BH17: ='14'!G50 -> 1042 | BI17: =SUM(AU17,AV17,BE17,BF17) -> 7906 | BJ17: ='14'!G133 -> 751 | BK17: =SUM(AP17,AU17,AV17,AW17,AZ17,BE17,BF17,BG17)/H17% -> 57.842462 | BL17: =SUM(AS17,BC17)/H17% -> 17.306523 | BM17: =(AR17+BB17)/H17 -> 0.079539466 | BN17: =J17+N17+Q17+U17 -> 306029.4 | BO17: =SUM(AU17,AV17,AW17,BE17,BF17,BG17,BJ17) -> 11362 | BP17: =BO17/(AD17*280) -> 1.1934874
A18: 15 | B18: 15 | D18: ='15'!D3 -> 29 | E18: ='15'!D4 -> 0.84 | F18: ='15'!D2 -> 0.7 | G18: ='15'!G7 -> 22613 | H18: ='15'!G8 -> 23193 | I18: 9 | J18: =H18*I18 -> 208737 | K18: =H18/202 -> 114.81683 | L18: ='15'!G15 -> 976 | M18: 56.2 | N18: =L18*M18 -> 54851.2 | O18: ='15'!G20 -> 269 | P18: 108 | Q18: =O18*P18 -> 29052 | R18: =O18/(F18*202/100) -> 190.24045 | S18: ='15'!G24 -> 0 | T18: 69 | U18: =S18*T18 -> 0 | V18: ='15'!G65 -> 120 | W18: ='15'!G66 -> 17 | X18: ='15'!G67 -> 29 | Y18: =V18+W18+X18 -> 166 | Z18: ='15'!G84 -> 9 | AA18: ='15'!G85 -> 1 | AB18: ='15'!G86 -> 0 | AC18: ='15'!G87 -> 22 | AD18: =Z18+AA18+AB18+AC18 -> 32 | AE18: =AU18+AV18+BE18+BF18 -> 6623 | AF18: =AE18/AD18 -> 206.96875 | AG18: ='15'!G88 -> 9.72 | AH18: ='15'!G89 -> 0 | AI18: ='15'!G90 -> 0.54 | AJ18: =AG18+AH18+AI18 -> 10.26 | AK18: ='15'!G91 -> 10.66 | AL18: ='15'!G92 -> 0 | AN18: =AK18+AL18 -> 10.66 | AO18: ='15'!G74 -> 288 | AP18: ='15'!G35 -> 0 | AQ18: ='15'!G37 -> 1687 | AR18: ='15'!G38 -> 1953 | AS18: ='15'!G39 -> 4212 | AT18: ='15'!G40 -> 7 | AU18: ='15'!G41 -> 1850 | AV18: ='15'!G42 -> 204 | AW18: ='15'!G43 -> 2560 | AX18: ='15'!G44 -> 0 | AY18: ='15'!G36 -> 935 | AZ18: ='15'!G49 -> 3380 | BA18: ='15'!G51 -> 0 | BB18: ='15'!G52 -> 0 | BC18: ='15'!G53 -> 0 | BD18: ='15'!G54 -> 4 | BE18: ='15'!G55 -> 0 | BF18: ='15'!G56 -> 4569 | BG18: ='15'!G57 -> 0 | BH18: ='15'!G50 -> 1047 | BI18: =SUM(AU18,AV18,BE18,BF18) -> 6623 | BJ18: ='15'!G133 -> 716 | BK18: =SUM(AP18,AU18,AV18,AW18,AZ18,BE18,BF18,BG18)/H18% -> 54.167206 | BL18: =SUM(AS18,BC18)/H18% -> 18.160652 | BM18: =(AR18+BB18)/H18 -> 0.084206442 | BN18: =J18+N18+Q18+U18 -> 292640.2 | BO18: =SUM(AU18,AV18,AW18,BE18,BF18,BG18,BJ18) -> 9899 | BP18: =BO18/(AD18*280) -> 1.1047991
A19: 16 | B19: 16 | D19: ='16'!D3 -> 28 | E19: ='16'!D4 -> 0.9 | F19: ='16'!D2 -> 0.51 | G19: ='16'!G7 -> 21373.71 | H19: ='16'!G8 -> 21644.71 | I19: 9 | J19: =H19*I19 -> 194802.39 | K19: =H19/202 -> 107.15203 | L19: ='16'!G15 -> 978.883 | M19: 56.2 | N19: =L19*M19 -> 55013.225 | O19: ='16'!G20 -> 280 | P19: 108 | Q19: =O19*P19 -> 30240 | R19: =O19/(F19*202/100) -> 271.79189 | S19: ='16'!G24 -> 0 | T19: 69 | U19: =S19*T19 -> 0 | V19: ='16'!G65 -> 89 | W19: ='16'!G66 -> 20 | X19: ='16'!G67 -> 36 | Y19: =V19+W19+X19 -> 145 | Z19: ='16'!G84 -> 24.27 | AA19: ='16'!G85 -> 0.59 | AB19: ='16'!G86 -> 0 | AC19: ='16'!G87 -> 5.23 | AD19: =Z19+AA19+AB19+AC19 -> 30.09 | AE19: =AU19+AV19+BE19+BF19 -> 5849.52 | AF19: =AE19/AD19 -> 194.4008 | AG19: ='16'!G88 -> 9.66 | AH19: ='16'!G89 -> 0 | AI19: ='16'!G90 -> 2.5 | AJ19: =AG19+AH19+AI19 -> 12.16 | AK19: ='16'!G91 -> 10.67 | AL19: ='16'!G92 -> -0.14 | AN19: =AK19+AL19 -> 10.53 | AO19: ='16'!G74 -> 290.61 | AP19: ='16'!G35 -> 2667.38 | AQ19: ='16'!G37 -> 1707.67 | AR19: ='16'!G38 -> 1899.88 | AS19: ='16'!G39 -> 4126.13 | AT19: ='16'!G40 -> 0.53 | AU19: ='16'!G41 -> 5014.19 | AV19: ='16'!G42 -> -0.49 | AW19: ='16'!G43 -> 2418.5 | AX19: ='16'!G44 -> 0 | AY19: ='16'!G36 -> 766.8 | AZ19: ='16'!G49 -> 1619.76 | BA19: ='16'!G51 -> 0 | BB19: ='16'!G52 -> 0 | BC19: ='16'!G53 -> 0 | BD19: ='16'!G54 -> 5 | BE19: ='16'!G55 -> -0.53 | BF19: ='16'!G56 -> 836.35 | BG19: ='16'!G57 -> 0 | BH19: ='16'!G50 -> 1115.23 | BI19: =SUM(AU19,AV19,BE19,BF19) -> 5849.52 | BJ19: ='16'!G133 -> 719.4 | BK19: =SUM(AP19,AU19,AV19,AW19,AZ19,BE19,BF19,BG19)/H19% -> 58.005674 | BL19: =SUM(AS19,BC19)/H19% -> 19.062995 | BM19: =(AR19+BB19)/H19 -> 0.08777572 | BN19: =J19+N19+Q19+U19 -> 280055.61 | BO19: =SUM(AU19,AV19,AW19,BE19,BF19,BG19,BJ19) -> 8987.42 | BP19: =BO19/(AD19*280) -> 1.0667308
A20: 17 | B20: 17 | D20: ='17'!D3 -> 28 | E20: ='17'!D4 -> 0.9 | F20: ='17'!D2 -> 0.51 | G20: ='17'!G7 -> 22835.76 | H20: ='17'!G8 -> 23033.04 | I20: 9 | J20: =H20*I20 -> 207297.36 | K20: =H20/202 -> 114.02495 | L20: ='17'!G15 -> 875 | M20: 56.2 | N20: =L20*M20 -> 49175 | O20: ='17'!G20 -> 271 | P20: 108 | Q20: =O20*P20 -> 29268 | R20: =O20/(F20*202/100) -> 263.05572 | S20: ='17'!G24 -> 0 | T20: 69 | U20: =S20*T20 -> 0 | V20: ='17'!G65 -> 98 | W20: ='17'!G66 -> 27 | X20: ='17'!G67 -> 33 | Y20: =V20+W20+X20 -> 158 | Z20: ='17'!G84 -> 23.92 | AA20: ='17'!G85 -> 7.86 | AB20: ='17'!G86 -> 0 | AC20: ='17'!G87 -> 0 | AD20: =Z20+AA20+AB20+AC20 -> 31.78 | AE20: =AU20+AV20+BE20+BF20 -> 6803.66 | AF20: =AE20/AD20 -> 214.08622 | AG20: ='17'!G88 -> 9.38 | AH20: ='17'!G89 -> 0.003 | AI20: ='17'!G90 -> 2.53 | AJ20: =AG20+AH20+AI20 -> 11.913 | AK20: ='17'!G91 -> 11.21 | AL20: ='17'!G92 -> 0 | AN20: =AK20+AL20 -> 11.21 | AO20: ='17'!G74 -> 303.26 | AP20: ='17'!G35 -> 2841.02 | AQ20: ='17'!G37 -> 1635.2 | AR20: ='17'!G38 -> 1880.72 | AS20: ='17'!G39 -> 4167.9 | AT20: ='17'!G40 -> 0 | AU20: ='17'!G41 -> 5283.48 | AV20: ='17'!G42 -> 1500.98 | AW20: ='17'!G43 -> 2564.7 | AX20: ='17'!G44 -> 0 | AY20: ='17'!G36 -> 742.3 | AZ20: ='17'!G49 -> 1322.3 | BA20: ='17'!G51 -> 0 | BB20: ='17'!G52 -> 0 | BC20: ='17'!G53 -> 0 | BD20: ='17'!G54 -> 4.23 | BE20: ='17'!G55 -> 0 | BF20: ='17'!G56 -> 19.2 | BG20: ='17'!G57 -> 0 | BH20: ='17'!G50 -> 1251.72 | BI20: =SUM(AU20,AV20,BE20,BF20) -> 6803.66 | BJ20: ='17'!G133 -> 772.1 | BK20: =SUM(AP20,AU20,AV20,AW20,AZ20,BE20,BF20,BG20)/H20% -> 58.748997 | BL20: =SUM(AS20,BC20)/H20% -> 18.09531 | BM20: =(AR20+BB20)/H20 -> 0.081653138 | BN20: =J20+N20+Q20+U20 -> 285740.36 | BO20: =SUM(AU20,AV20,AW20,BE20,BF20,BG20,BJ20) -> 10140.46 | BP20: =BO20/(AD20*280) -> 1.1395824
A21: 18 | B21: 18 | D21: ='18 '!D3 -> 28 | E21: ='18 '!D4 -> 0.9 | F21: ='18 '!D2 -> 0.51 | G21: ='18 '!G7 -> 23000 | H21: ='18 '!G8 -> 23050 | I21: 9 | J21: =H21*I21 -> 207450 | K21: =H21/202 -> 114.10891 | L21: ='18 '!G15 -> 875 | M21: 56.2 | N21: =L21*M21 -> 49175 | O21: ='18 '!G20 -> 200 | P21: 108 | Q21: =O21*P21 -> 21600 | R21: =O21/(F21*202/100) -> 194.13706 | S21: ='18 '!G24 -> 0 | T21: 69 | U21: =S21*T21 -> 0 | V21: ='18 '!G65 -> -3830 | W21: ='18 '!G66 -> -1054 | X21: ='18 '!G67 -> -1394 | Y21: =V21+W21+X21 -> -6278 | Z21: ='18 '!G84 -> -534.19 | AA21: ='18 '!G85 -> -438.45 | AB21: ='18 '!G86 -> -4.47 | AC21: ='18 '!G87 -> -535.23 | AD21: =Z21+AA21+AB21+AC21 -> -1512.34 | AE21: =AU21+AV21+BE21+BF21 -> -329160.4 | AF21: =AE21/AD21 -> 217.64973 | AG21: ='18 '!G88 -> -345.8 | AH21: ='18 '!G89 -> -109.163 | AI21: ='18 '!G90 -> -63.68 | AJ21: =AG21+AH21+AI21 -> -518.643 | AK21: ='18 '!G91 -> -481.49 | AL21: ='18 '!G92 -> -4.46 | AN21: =AK21+AL21 -> -485.95 | AO21: ='18 '!G74 -> -13121.87 | AP21: ='18 '!G35 -> 1053088.6 | AQ21: ='18 '!G37 -> -80478.87 | AR21: ='18 '!G38 -> -84774.6 | AS21: ='18 '!G39 -> 443210.97 | AT21: ='18 '!G40 -> 34591.47 | AU21: ='18 '!G41 -> -121296.88 | AV21: ='18 '!G42 -> -93552.49 | AW21: ='18 '!G43 -> -117038.2 | AX21: ='18 '!G44 -> 0 | AY21: ='18 '!G36 -> -35870.1 | AZ21: ='18 '!G49 -> 268023.94 | BA21: ='18 '!G51 -> 144640 | BB21: ='18 '!G52 -> 539606 | BC21: ='18 '!G53 -> 434232 | BD21: ='18 '!G54 -> 12164.77 | BE21: ='18 '!G55 -> -1029.48 | BF21: ='18 '!G56 -> -113281.55 | BG21: ='18 '!G57 -> 7711 | BH21: ='18 '!G50 -> -56853.95 | BI21: =SUM(AU21,AV21,BE21,BF21) -> -329160.4 | BJ21: ='18 '!G133 -> -29556.5 | BK21: =SUM(AP21,AU21,AV21,AW21,AZ21,BE21,BF21,BG21)/H21% -> 3829.1754 | BL21: =SUM(AS21,BC21)/H21% -> 3806.694 | BM21: =(AR21+BB21)/H21 -> 19.732382 | BN21: =J21+N21+Q21+U21 -> 278225 | BO21: =SUM(AU21,AV21,AW21,BE21,BF21,BG21,BJ21) -> -468044.1 | BP21: =BO21/(AD21*280) -> 1.1052978
A22: 19 | B22: 19 | D22: ='19'!D3 -> 28 | E22: ='19'!D4 -> 0.9 | F22: ='19'!D2 -> 0.51 | G22: ='19'!G7 -> 23000 | H22: ='19'!G8 -> 23050 | I22: 9 | J22: =H22*I22 -> 207450 | K22: =H22/202 -> 114.10891 | L22: ='19'!G15 -> 875 | M22: 56.2 | N22: =L22*M22 -> 49175 | O22: ='19'!G20 -> 200 | P22: 108 | Q22: =O22*P22 -> 21600 | R22: =O22/(F22*202/100) -> 194.13706 | S22: ='19'!G24 -> 0 | T22: 69 | U22: =S22*T22 -> 0 | V22: ='19'!G65 -> -3830 | W22: ='19'!G66 -> -1054 | X22: ='19'!G67 -> -1394 | Y22: =V22+W22+X22 -> -6278 | Z22: ='19'!G84 -> -534.19 | AA22: ='19'!G85 -> -438.45 | AB22: ='19'!G86 -> -4.47 | AC22: ='19'!G87 -> -535.23 | AD22: =Z22+AA22+AB22+AC22 -> -1512.34 | AE22: =AU22+AV22+BE22+BF22 -> -329160.4 | AF22: =AE22/AD22 -> 217.64973 | AG22: ='19'!G88 -> -345.8 | AH22: ='19'!G89 -> -109.163 | AI22: ='19'!G90 -> -63.68 | AJ22: =AG22+AH22+AI22 -> -518.643 | AK22: ='19'!G91 -> -481.49 | AL22: ='19'!G92 -> -4.46 | AN22: =AK22+AL22 -> -485.95 | AO22: ='19'!G74 -> -13121.87 | AP22: ='19'!G35 -> 1053088.6 | AQ22: ='19'!G37 -> -80478.87 | AR22: ='19'!G38 -> -84774.6 | AS22: ='19'!G39 -> 443210.97 | AT22: ='19'!G40 -> 34591.47 | AU22: ='19'!G41 -> -121296.88 | AV22: ='19'!G42 -> -93552.49 | AW22: ='19'!G43 -> -117038.2 | AX22: ='19'!G44 -> 0 | AY22: ='19'!G36 -> -35870.1 | AZ22: ='19'!G49 -> 268023.94 | BA22: ='19'!G51 -> 144640 | BB22: ='19'!G52 -> 539606 | BC22: ='19'!G53 -> 434232 | BD22: ='19'!G54 -> 12164.77 | BE22: ='19'!G55 -> -1029.48 | BF22: ='19'!G56 -> -113281.55 | BG22: ='19'!G57 -> 7711 | BH22: ='19'!G50 -> -56853.95 | BI22: =SUM(AU22,AV22,BE22,BF22) -> -329160.4 | BJ22: ='19'!G133 -> -29556.5 | BK22: =SUM(AP22,AU22,AV22,AW22,AZ22,BE22,BF22,BG22)/H22% -> 3829.1754 | BL22: =SUM(AS22,BC22)/H22% -> 3806.694 | BM22: =(AR22+BB22)/H22 -> 19.732382 | BN22: =J22+N22+Q22+U22 -> 278225 | BO22: =SUM(AU22,AV22,AW22,BE22,BF22,BG22,BJ22) -> -468044.1 | BP22: =BO22/(AD22*280) -> 1.1052978
A23: 20 | B23: 20 | D23: ='20'!D3 -> 28 | E23: ='20'!D4 -> 0.9 | F23: ='20'!D2 -> 0.51 | G23: ='20'!G7 -> 23000 | H23: ='20'!G8 -> 23050 | I23: 9 | J23: =H23*I23 -> 207450 | K23: =H23/202 -> 114.10891 | L23: ='20'!G15 -> 875 | M23: 56.2 | N23: =L23*M23 -> 49175 | O23: ='20'!G20 -> 200 | P23: 108 | Q23: =O23*P23 -> 21600 | R23: =O23/(F23*202/100) -> 194.13706 | S23: ='20'!G24 -> 0 | T23: 69 | U23: =S23*T23 -> 0 | V23: ='20'!G65 -> 0 | W23: ='20'!G66 -> 0 | X23: ='20'!G67 -> 0 | Y23: =V23+W23+X23 -> 0 | Z23: ='20'!G84 -> 0 | AA23: ='20'!G85 -> 0 | AB23: ='20'!G86 -> 0 | AC23: ='20'!G87 -> 0 | AD23: =Z23+AA23+AB23+AC23 -> 0 | AE23: =AU23+AV23+BE23+BF23 -> 0 | AF23: =AE23/AD23 -> #DIV/0! | AG23: ='20'!G88 -> 0 | AH23: ='20'!G89 -> 0 | AI23: ='20'!G90 -> 0 | AJ23: =AG23+AH23+AI23 -> 0 | AK23: ='20'!G91 -> 0 | AL23: ='20'!G92 -> 0 | AN23: =AK23+AL23 -> 0 | AO23: ='20'!G74 -> 0 | AP23: ='20'!G35 -> 0 | AQ23: ='20'!G37 -> 0 | AR23: ='20'!G38 -> 0 | AS23: ='20'!G39 -> 0 | AT23: ='20'!G40 -> 0 | AU23: ='20'!G41 -> 0 | AV23: ='20'!G42 -> 0 | AW23: ='20'!G43 -> 0 | AX23: ='20'!G44 -> 0 | AY23: ='20'!G36 -> 0 | AZ23: ='20'!G49 -> 0 | BA23: ='20'!G51 -> 0 | BB23: ='20'!G52 -> 0 | BC23: ='20'!G585 -> 0 | BD23: ='20'!G54 -> 0 | BE23: ='20'!G55 -> 0 | BF23: ='20'!G56 -> 0 | BG23: ='20'!G57 -> 0 | BH23: ='20'!G50 -> 0 | BI23: =SUM(AU23,AV23,BE23,BF23) -> 0 | BJ23: ='20'!G133 -> 0 | BK23: =SUM(AP23,AU23,AV23,AW23,AZ23,BE23,BF23,BG23)/H23% -> 0 | BL23: =SUM(AS23,BC23)/H23% -> 0 | BM23: =(AR23+BB23)/H23 -> 0 | BN23: =J23+N23+Q23+U23 -> 278225 | BO23: =SUM(AU23,AV23,AW23,BE23,BF23,BG23,BJ23) -> 0 | BP23: =BO23/(AD23*280) -> #DIV/0!
A24: 21 | B24: 21 | D24: 21 | E24: ='21'!D4 -> 0.9 | F24: ='21'!D2 -> 0.51 | G24: ='21'!G7 -> 23000 | H24: ='21'!G8 -> 23050 | I24: 9 | J24: =H24*I24 -> 207450 | K24: =H24/202 -> 114.10891 | L24: ='21'!G15 -> 875 | M24: 56.2 | N24: =L24*M24 -> 49175 | O24: ='21'!G20 -> 200 | P24: 108 | Q24: =O24*P24 -> 21600 | R24: =O24/(F24*202/100) -> 194.13706 | S24: ='21'!G24 -> 0 | T24: 69 | U24: =S24*T24 -> 0 | V24: ='21'!G65 -> 0 | W24: ='21'!G66 -> 0 | X24: ='21'!G67 -> 0 | Y24: =V24+W24+X24 -> 0 | Z24: ='21'!G84 -> 0 | AA24: ='21'!G85 -> 0 | AB24: ='21'!G86 -> 0 | AC24: ='21'!G87 -> 0 | AD24: =Z24+AA24+AB24+AC24 -> 0 | AE24: =AU24+AV24+BE24+BF24 -> 0 | AF24: =AE24/AD24 -> #DIV/0! | AG24: ='21'!G88 -> 0 | AH24: ='21'!G89 -> 0 | AI24: ='21'!G90 -> 0 | AJ24: =AG24+AH24+AI24 -> 0 | AK24: ='21'!G91 -> 0 | AL24: ='21'!G92 -> 0 | AN24: =AK24+AL24 -> 0 | AO24: ='21'!G74 -> 0 | AP24: ='21'!G35 -> 0 | AQ24: ='21'!G37 -> 0 | AR24: ='21'!G38 -> 0 | AS24: ='21'!G39 -> 0 | AT24: ='21'!G40 -> 0 | AU24: ='21'!G41 -> 0 | AV24: ='21'!G42 -> 0 | AW24: ='21'!G43 -> 0 | AX24: ='21'!G44 -> 0 | AY24: ='21'!G36 -> 0 | AZ24: ='21'!G49 -> 0 | BA24: ='21'!G51 -> 0 | BB24: ='21'!G52 -> 0 | BC24: ='21'!G53 -> 0 | BD24: ='21'!G54 -> 0 | BE24: ='21'!G55 -> 0 | BF24: ='21'!G56 -> 0 | BG24: ='21'!G57 -> 0 | BH24: ='21'!G50 -> 0 | BI24: =SUM(AU24,AV24,BE24,BF24) -> 0 | BJ24: ='21'!G133 -> 0 | BK24: =SUM(AP24,AU24,AV24,AW24,AZ24,BE24,BF24,BG24)/H24% -> 0 | BL24: =SUM(AS24,BC24)/H24% -> 0 | BM24: =(AR24+BB24)/H24 -> 0 | BN24: =J24+N24+Q24+U24 -> 278225 | BO24: =SUM(AU24,AV24,AW24,BE24,BF24,BG24,BJ24) -> 0 | BP24: =BO24/(AD24*280) -> #DIV/0!
A25: 22 | B25: 22 | D25: ='22'!D3 -> 28 | E25: ='22'!D4 -> 0.9 | F25: ='22'!D2 -> 0.51 | G25: ='22'!G7 -> 23000 | H25: ='22'!G8 -> 23050 | I25: 9 | J25: =H25*I25 -> 207450 | K25: =H25/202 -> 114.10891 | L25: ='22'!G15 -> 875 | M25: 56.2 | N25: =L25*M25 -> 49175 | O25: ='22'!G20 -> 200 | P25: 108 | Q25: =O25*P25 -> 21600 | R25: =O25/(F25*202/100) -> 194.13706 | S25: ='22'!G24 -> 0 | T25: 69 | U25: =S25*T25 -> 0 | V25: ='22'!G65 -> 0 | W25: ='22'!G66 -> 0 | X25: ='22'!G67 -> 0 | Y25: =V25+W25+X25 -> 0 | Z25: ='22'!G84 -> 0 | AA25: ='22'!G85 -> 0 | AB25: ='22'!G86 -> 0 | AC25: ='22'!G87 -> 0 | AD25: =Z25+AA25+AB25+AC25 -> 0 | AE25: =AU25+AV25+BE25+BF25 -> 0 | AF25: =AE25/AD25 -> #DIV/0! | AG25: ='22'!G88 -> 0 | AH25: ='22'!G89 -> 0 | AI25: ='22'!G90 -> 0 | AJ25: =AG25+AH25+AI25 -> 0 | AK25: ='22'!G91 -> 0 | AL25: ='22'!G92 -> 0 | AN25: =AK25+AL25 -> 0 | AO25: ='22'!G74 -> 0 | AP25: ='22'!G35 -> 0 | AQ25: ='22'!G37 -> 0 | AR25: ='22'!G38 -> 0 | AS25: ='22'!G39 -> 0 | AT25: ='22'!G40 -> 0 | AU25: ='22'!G41 -> 0 | AV25: ='22'!G42 -> 0 | AW25: ='22'!G43 -> 0 | AX25: ='22'!G44 -> 0 | AY25: ='22'!G36 -> 0 | AZ25: ='22'!G49 -> 0 | BA25: ='22'!G51 -> 0 | BB25: ='22'!G52 -> 0 | BC25: ='22'!G53 -> 0 | BD25: ='22'!G54 -> 0 | BE25: ='22'!G55 -> 0 | BF25: ='22'!G56 -> 0 | BG25: ='22'!G57 -> 0 | BH25: ='22'!G50 -> 0 | BI25: =SUM(AU25,AV25,BE25,BF25) -> 0 | BJ25: ='22'!G133 -> 0 | BK25: =SUM(AP25,AU25,AV25,AW25,AZ25,BE25,BF25,BG25)/H25% -> 0 | BL25: =SUM(AS25,BC25)/H25% -> 0 | BM25: =(AR25+BB25)/H25 -> 0 | BN25: =J25+N25+Q25+U25 -> 278225 | BO25: =SUM(AU25,AV25,AW25,BE25,BF25,BG25,BJ25) -> 0 | BP25: =BO25/(AD25*280) -> #DIV/0!
A26: 23 | B26: 23 | D26: ='23'!D3 -> 28 | E26: ='23'!D4 -> 0.9 | F26: ='23'!D2 -> 0.51 | G26: ='23'!G7 -> 23000 | H26: ='23'!G8 -> 23050 | I26: 9 | J26: =H26*I26 -> 207450 | K26: =H26/202 -> 114.10891 | L26: ='23'!G15 -> 875 | M26: 56.2 | N26: =L26*M26 -> 49175 | O26: ='23'!G20 -> 200 | P26: 108 | Q26: =O26*P26 -> 21600 | R26: =O26/(F26*202/100) -> 194.13706 | S26: ='23'!G24 -> 0 | T26: 69 | U26: =S26*T26 -> 0 | V26: ='23'!G65 -> 0 | W26: ='23'!G66 -> 0 | X26: ='23'!G67 -> 0 | Y26: =V26+W26+X26 -> 0 | Z26: ='23'!G84 -> 0 | AA26: ='23'!G85 -> 0 | AB26: ='23'!G86 -> 0 | AC26: ='23'!G87 -> 0 | AD26: =Z26+AA26+AB26+AC26 -> 0 | AE26: =AU26+AV26+BE26+BF26 -> 0 | AF26: =AE26/AD26 -> #DIV/0! | AG26: ='23'!G88 -> 0 | AH26: ='23'!G89 -> 0 | AI26: ='23'!G90 -> 0 | AJ26: =AG26+AH26+AI26 -> 0 | AK26: ='23'!G91 -> 0 | AL26: ='23'!G92 -> 0 | AN26: =AK26+AL26 -> 0 | AO26: ='23'!G74 -> 0 | AP26: ='23'!G35 -> 0 | AQ26: ='23'!G37 -> 0 | AR26: ='23'!G38 -> 0 | AS26: ='23'!G39 -> 0 | AT26: ='23'!G40 -> 0 | AU26: ='23'!G41 -> 0 | AV26: ='23'!G42 -> 0 | AW26: ='23'!G43 -> 0 | AX26: ='23'!G44 -> 0 | AY26: ='23'!G36 -> 0 | AZ26: ='23'!G49 -> 0 | BA26: ='23'!G51 -> 0 | BB26: ='23'!G52 -> 0 | BC26: ='23'!G53 -> 0 | BD26: ='23'!G54 -> 0 | BE26: ='23'!G55 -> 0 | BF26: ='23'!G56 -> 0 | BG26: ='23'!G57 -> 0 | BH26: ='23'!G50 -> 0 | BI26: =SUM(AU26,AV26,BE26,BF26) -> 0 | BJ26: ='23'!G133 -> 0 | BK26: =SUM(AP26,AU26,AV26,AW26,AZ26,BE26,BF26,BG26)/H26% -> 0 | BL26: =SUM(AS26,BC26)/H26% -> 0 | BM26: =(AR26+BB26)/H26 -> 0 | BN26: =J26+N26+Q26+U26 -> 278225 | BO26: =SUM(AU26,AV26,AW26,BE26,BF26,BG26,BJ26) -> 0 | BP26: =BO26/(AD26*280) -> #DIV/0!
A27: 24 | B27: 24 | D27: ='24'!D3 -> 28 | E27: ='24'!D4 -> 0.9 | F27: ='24'!D2 -> 0.51 | G27: ='24'!G7 -> 23000 | H27: ='24'!G8 -> 23050 | I27: 9 | J27: =H27*I27 -> 207450 | K27: =H27/202 -> 114.10891 | L27: ='24'!G15 -> 875 | M27: 56.2 | N27: =L27*M27 -> 49175 | O27: ='24'!G20 -> 200 | P27: 108 | Q27: =O27*P27 -> 21600 | R27: =O27/(F27*202/100) -> 194.13706 | S27: ='24'!G24 -> 0 | T27: 69 | U27: =S27*T27 -> 0 | V27: ='24'!G65 -> 0 | W27: ='24'!G66 -> 0 | X27: ='24'!G67 -> 0 | Y27: =V27+W27+X27 -> 0 | Z27: ='24'!G84 -> 0 | AA27: ='24'!G85 -> 0 | AB27: ='24'!G86 -> 0 | AC27: ='24'!G87 -> 0 | AD27: =Z27+AA27+AB27+AC27 -> 0 | AE27: =AU27+AV27+BE27+BF27 -> 0 | AF27: =AE27/AD27 -> #DIV/0! | AG27: ='24'!G88 -> 0 | AH27: ='24'!G89 -> 0 | AI27: ='24'!G90 -> 0 | AJ27: =AG27+AH27+AI27 -> 0 | AK27: ='24'!G91 -> 0 | AL27: ='24'!G92 -> 0 | AN27: =AK27+AL27 -> 0 | AO27: ='24'!G74 -> 0 | AP27: ='24'!G35 -> 0 | AQ27: ='24'!G37 -> 0 | AR27: ='24'!G38 -> 0 | AS27: ='24'!G39 -> 0 | AT27: ='24'!G40 -> 0 | AU27: ='24'!G41 -> 0 | AV27: ='24'!G42 -> 0 | AW27: ='24'!G43 -> 0 | AX27: ='24'!G44 -> 0 | AY27: ='24'!G36 -> 0 | AZ27: ='24'!G49 -> 0 | BA27: ='24'!G51 -> 0 | BB27: ='24'!G52 -> 0 | BC27: ='24'!G53 -> 0 | BD27: ='24'!G54 -> 0 | BE27: ='24'!G55 -> 0 | BF27: ='24'!G56 -> 0 | BG27: ='24'!G57 -> 0 | BH27: ='24'!G50 -> 0 | BI27: =SUM(AU27,AV27,BE27,BF27) -> 0 | BJ27: ='24'!G133 -> 0 | BK27: =SUM(AP27,AU27,AV27,AW27,AZ27,BE27,BF27,BG27)/H27% -> 0 | BL27: =SUM(AS27,BC27)/H27% -> 0 | BM27: =(AR27+BB27)/H27 -> 0 | BN27: =J27+N27+Q27+U27 -> 278225 | BO27: =SUM(AU27,AV27,AW27,BE27,BF27,BG27,BJ27) -> 0 | BP27: =BO27/(AD27*280) -> #DIV/0!
A28: 25 | B28: 25 | D28: ='25'!D3 -> 28 | E28: ='25'!D4 -> 0.9 | F28: ='25'!D2 -> 0.51 | G28: ='25'!G7 -> 23000 | H28: ='25'!G8 -> 23050 | I28: 9 | J28: =H28*I28 -> 207450 | K28: =H28/202 -> 114.10891 | L28: ='25'!G15 -> 875 | M28: 56.2 | N28: =L28*M28 -> 49175 | O28: ='25'!G20 -> 200 | P28: 108 | Q28: =O28*P28 -> 21600 | R28: =O28/(F28*202/100) -> 194.13706 | S28: ='25'!G24 -> 0 | T28: 69 | U28: =S28*T28 -> 0 | V28: ='25'!G65 -> 0 | W28: ='25'!G66 -> 0 | X28: ='25'!G67 -> 0 | Y28: =V28+W28+X28 -> 0 | Z28: ='25'!G84 -> 0 | AA28: ='25'!G85 -> 0 | AB28: ='25'!G86 -> 0 | AC28: ='25'!G87 -> 0 | AD28: =Z28+AA28+AB28+AC28 -> 0 | AE28: =AU28+AV28+BE28+BF28 -> 0 | AF28: =AE28/AD28 -> #DIV/0! | AG28: ='25'!G88 -> 0 | AH28: ='25'!G89 -> 0 | AI28: ='25'!G90 -> 0 | AJ28: =AG28+AH28+AI28 -> 0 | AK28: ='25'!G91 -> 0 | AL28: ='25'!G92 -> 0 | AN28: =AK28+AL28 -> 0 | AO28: ='25'!G74 -> 0 | AP28: ='25'!G35 -> 0 | AQ28: ='25'!G37 -> 0 | AR28: ='25'!G38 -> 0 | AS28: ='25'!G39 -> 0 | AT28: ='25'!G40 -> 0 | AU28: ='25'!G41 -> 0 | AW28: ='25'!G43 -> 0 | AX28: ='25'!G44 -> 0 | AY28: ='25'!G36 -> 0 | AZ28: ='25'!G49 -> 0 | BA28: ='25'!G51 -> 0 | BB28: ='25'!G52 -> 0 | BC28: ='25'!G53 -> 0 | BD28: ='24'!G54 -> 0 | BE28: ='25'!G55 -> 0 | BF28: ='25'!G56 -> 0 | BG28: ='25'!G57 -> 0 | BH28: ='25'!G50 -> 0 | BI28: =SUM(AU28,AV28,BE28,BF28) -> 0 | BJ28: ='25'!G133 -> 0 | BK28: =SUM(AP28,AU28,AV28,AW28,AZ28,BE28,BF28,BG28)/H28% -> 0 | BL28: =SUM(AS28,BC28)/H28% -> 0 | BM28: =(AR28+BB28)/H28 -> 0 | BN28: =J28+N28+Q28+U28 -> 278225 | BO28: =SUM(AU28,AV28,AW28,BE28,BF28,BG28,BJ28) -> 0 | BP28: =BO28/(AD28*280) -> #DIV/0!
A29: 26 | B29: 26 | D29: ='26'!D3 -> 28 | E29: ='26'!D4 -> 0.9 | F29: ='26'!D2 -> 0.51 | G29: ='26'!G7 -> 23000 | H29: ='26'!G8 -> 23050 | I29: 9 | J29: =H29*I29 -> 207450 | K29: =H29/202 -> 114.10891 | L29: ='26'!G15 -> 875 | M29: 56.2 | N29: =L29*M29 -> 49175 | O29: ='26'!G20 -> 200 | P29: 108 | Q29: =O29*P29 -> 21600 | R29: =O29/(F29*202/100) -> 194.13706 | S29: ='26'!G24 -> 0 | T29: 69 | U29: =S29*T29 -> 0 | V29: ='26'!G65 -> 0 | W29: ='26'!G66 -> 0 | X29: ='26'!G67 -> 0 | Y29: =V29+W29+X29 -> 0 | Z29: ='26'!G84 -> 0 | AA29: ='26'!G85 -> 0 | AB29: ='26'!G86 -> 0 | AC29: ='26'!G87 -> 0 | AD29: =Z29+AA29+AB29+AC29 -> 0 | AE29: =AU29+AV29+BE29+BF29 -> 0 | AF29: =AE29/AD29 -> #DIV/0! | AG29: ='26'!G88 -> 0 | AH29: ='26'!G89 -> 0 | AI29: ='26'!G90 -> 0 | AJ29: =AG29+AH29+AI29 -> 0 | AK29: ='26'!G91 -> 0 | AL29: ='26'!G92 -> 0 | AN29: =AK29+AL29 -> 0 | AO29: ='26'!G74 -> 0 | AP29: ='26'!G35 -> 0 | AQ29: ='26'!G37 -> 0 | AR29: ='26'!G38 -> 0 | AS29: ='26'!G39 -> 0 | AT29: ='26'!G40 -> 0 | AU29: ='26'!G41 -> 0 | AV29: ='26'!G42 -> 0 | AW29: ='26'!G43 -> 0 | AX29: ='26'!G44 -> 0 | AY29: ='26'!G36 -> 0 | AZ29: ='26'!G49 -> 0 | BA29: ='26'!G51 -> 0 | BB29: ='26'!G52 -> 0 | BC29: ='26'!G53 -> 0 | BD29: ='26'!G54 -> 0 | BE29: ='26'!G55 -> 0 | BF29: ='26'!G56 -> 0 | BG29: ='26'!G57 -> 0 | BH29: ='26'!G50 -> 0 | BI29: =SUM(AU29,AV29,BE29,BF29) -> 0 | BJ29: ='26'!G133 -> 0 | BK29: =SUM(AP29,AU29,AV29,AW29,AZ29,BE29,BF29,BG29)/H29% -> 0 | BL29: =SUM(AS29,BC29)/H29% -> 0 | BM29: =(AR29+BB29)/H29 -> 0 | BN29: =J29+N29+Q29+U29 -> 278225 | BO29: =SUM(AU29,AV29,AW29,BE29,BF29,BG29,BJ29) -> 0 | BP29: =BO29/(AD29*280) -> #DIV/0!
A30: 27 | B30: 27 | D30: ='27'!D3 -> 28 | E30: ='27'!D4 -> 0.9 | F30: ='27'!D2 -> 0.51 | G30: ='27'!G7 -> 23000 | H30: ='27'!G8 -> 23050 | I30: 9 | J30: =H30*I30 -> 207450 | K30: =H30/202 -> 114.10891 | L30: ='27'!G15 -> 875 | M30: 56.2 | N30: =L30*M30 -> 49175 | O30: ='27'!G20 -> 200 | P30: 108 | Q30: =O30*P30 -> 21600 | R30: =O30/(F30*202/100) -> 194.13706 | S30: ='27'!G24 -> 0 | T30: 69 | U30: =S30*T30 -> 0 | V30: ='27'!G65 -> 0 | W30: ='27'!G66 -> 0 | X30: ='27'!G67 -> 0 | Y30: =V30+W30+X30 -> 0 | Z30: ='27'!G84 -> 0 | AA30: ='27'!G85 -> 0 | AB30: ='27'!G86 -> 0 | AC30: ='27'!G87 -> 0 | AD30: =Z30+AA30+AB30+AC30 -> 0 | AE30: =AU30+AV30+BE30+BF30 -> 0 | AF30: =AE30/AD30 -> #DIV/0! | AG30: ='27'!G88 -> 0 | AH30: ='27'!G89 -> 0 | AI30: ='27'!G90 -> 0 | AJ30: =AG30+AH30+AI30 -> 0 | AK30: ='27'!G91 -> 0 | AL30: ='27'!G92 -> 0 | AN30: =AK30+AL30 -> 0 | AO30: ='27'!G74 -> 0 | AP30: ='27'!G35 -> 0 | AQ30: ='27'!G37 -> 0 | AR30: ='27'!G38 -> 0 | AS30: ='27'!G39 -> 0 | AT30: ='27'!G40 -> 0 | AU30: ='27'!G41 -> 0 | AV30: ='27'!G42 -> 0 | AW30: ='27'!G43 -> 0 | AX30: ='27'!G44 -> 0 | AY30: ='27'!G36 -> 0 | AZ30: ='27'!G49 -> 0 | BA30: ='27'!G51 -> 0 | BB30: ='27'!G52 -> 0 | BC30: ='27'!G53 -> 0 | BD30: ='27'!G54 -> 0 | BE30: ='27'!G55 -> 0 | BF30: ='27'!G56 -> 0 | BG30: ='27'!G57 -> 0 | BH30: ='27'!G50 -> 0 | BI30: =SUM(AU30,AV30,BE30,BF30) -> 0 | BJ30: ='27'!G133 -> 0 | BK30: =SUM(AP30,AU30,AV30,AW30,AZ30,BE30,BF30,BG30)/H30% -> 0 | BL30: =SUM(AS30,BC30)/H30% -> 0 | BM30: =(AR30+BB30)/H30 -> 0 | BN30: =J30+N30+Q30+U30 -> 278225 | BO30: =SUM(AU30,AV30,AW30,BE30,BF30,BG30,BJ30) -> 0 | BP30: =BO30/(AD30*280) -> #DIV/0!
A31: 28 | B31: 28 | D31: ='28'!D3 -> 28 | E31: ='28'!D4 -> 0.9 | F31: ='28'!D2 -> 0.51 | G31: ='28'!G7 -> 23000 | H31: ='28'!G8 -> 23050 | I31: 9 | J31: =H31*I31 -> 207450 | K31: =H31/202 -> 114.10891 | L31: ='28'!G15 -> 875 | M31: 56.2 | N31: =L31*M31 -> 49175 | O31: ='28'!G20 -> 200 | P31: 108 | Q31: =O31*P31 -> 21600 | R31: =O31/(F31*202/100) -> 194.13706 | S31: ='28'!G24 -> 0 | T31: 69 | U31: =S31*T31 -> 0 | V31: ='28'!G65 -> 0 | W31: ='28'!G66 -> 0 | X31: ='28'!G67 -> 0 | Y31: =V31+W31+X31 -> 0 | Z31: ='28'!G84 -> 0 | AA31: ='28'!G85 -> 0 | AB31: ='28'!G86 -> 0 | AC31: ='28'!G87 -> 0 | AD31: =Z31+AA31+AB31+AC31 -> 0 | AE31: =AU31+AV31+BE31+BF31 -> 0 | AF31: =AE31/AD31 -> #DIV/0! | AG31: ='28'!G88 -> 0 | AH31: ='28'!G89 -> 0 | AI31: ='28'!G90 -> 0 | AJ31: =AG31+AH31+AI31 -> 0 | AK31: ='28'!G91 -> 0 | AL31: ='28'!G92 -> 0 | AN31: =AK31+AL31 -> 0 | AO31: ='28'!G74 -> 0 | AP31: ='28'!G35 -> 0 | AQ31: ='28'!G37 -> 0 | AR31: ='28'!G38 -> 0 | AS31: ='28'!G39 -> 0 | AT31: ='28'!G40 -> 0 | AU31: ='28'!G41 -> 0 | AV31: ='28'!G42 -> 0 | AW31: ='28'!G43 -> 0 | AX31: ='28'!G44 -> 0 | AY31: ='28'!G36 -> 0 | AZ31: ='28'!G49 -> 0 | BA31: ='28'!G51 -> 0 | BB31: ='28'!G52 -> 0 | BC31: ='28'!G53 -> 0 | BD31: ='28'!G54 -> 0 | BE31: ='28'!G55 -> 0 | BF31: ='28'!G56 -> 0 | BG31: ='28'!G57 -> 0 | BH31: ='28'!G50 -> 0 | BI31: =SUM(AU31,AV31,BE31,BF31) -> 0 | BJ31: ='28'!G133 -> 0 | BK31: =SUM(AP31,AU31,AV31,AW31,AZ31,BE31,BF31,BG31)/H31% -> 0 | BL31: =SUM(AS31,BC31)/H31% -> 0 | BM31: =(AR31+BB31)/H31 -> 0 | BN31: =J31+N31+Q31+U31 -> 278225 | BO31: =SUM(AU31,AV31,AW31,BE31,BF31,BG31,BJ31) -> 0 | BP31: =BO31/(AD31*280) -> #DIV/0!
A32: 29 | B32: 29 | D32: ='29'!D3 -> 28 | E32: ='29'!D4 -> 0.9 | F32: ='29'!D2 -> 0.51 | G32: ='29'!G7 -> 23000 | H32: ='29'!G8 -> 23050 | I32: 9 | J32: =H32*I32 -> 207450 | K32: =H32/202 -> 114.10891 | L32: ='29'!G15 -> 875 | M32: 56.2 | N32: =L32*M32 -> 49175 | O32: ='29'!G20 -> 200 | P32: 108 | Q32: =O32*P32 -> 21600 | R32: =O32/(F32*202/100) -> 194.13706 | S32: ='29'!G24 -> 0 | T32: 69 | U32: =S32*T32 -> 0 | V32: ='29'!G65 -> 0 | W32: ='29'!G66 -> 0 | X32: ='29'!G67 -> 0 | Y32: =V32+W32+X32 -> 0 | Z32: ='29'!G84 -> 0 | AA32: ='29'!G85 -> 0 | AB32: ='29'!G86 -> 0 | AC32: ='29'!G87 -> 0 | AD32: =Z32+AA32+AB32+AC32 -> 0 | AE32: =AU32+AV32+BE32+BF32 -> 0 | AF32: =AE32/AD32 -> #DIV/0! | AG32: ='29'!G88 -> 0 | AH32: ='29'!G89 -> 0 | AI32: ='29'!G90 -> 0 | AJ32: =AG32+AH32+AI32 -> 0 | AK32: ='29'!G91 -> 0 | AL32: ='29'!G92 -> 0 | AN32: =AK32+AL32 -> 0 | AO32: ='29'!G74 -> 0 | AP32: ='29'!G35 -> 0 | AQ32: ='29'!G37 -> 0 | AR32: ='29'!G38 -> 0 | AS32: ='29'!G39 -> 0 | AT32: ='29'!G40 -> 0 | AU32: ='29'!G41 -> 0 | AV32: ='29'!G42 -> 0 | AW32: ='29'!G43 -> 0 | AX32: ='29'!G44 -> 0 | AY32: ='29'!G36 -> 0 | AZ32: ='29'!G49 -> 0 | BA32: ='29'!G51 -> 0 | BB32: ='29'!G52 -> 0 | BC32: ='29'!G53 -> 0 | BD32: ='29'!G54 -> 0 | BE32: ='29'!G55 -> 0 | BF32: ='29'!G56 -> 0 | BG32: ='29'!G57 -> 0 | BH32: ='29'!G50 -> 0 | BI32: =SUM(AU32,AV32,BE32,BF32) -> 0 | BJ32: ='29'!G133 -> 0 | BK32: =SUM(AP32,AU32,AV32,AW32,AZ32,BE32,BF32,BG32)/H32% -> 0 | BL32: =SUM(AS32,BC32)/H32% -> 0 | BM32: =(AR32+BB32)/H32 -> 0 | BN32: =J32+N32+Q32+U32 -> 278225 | BO32: =SUM(AU32,AV32,AW32,BE32,BF32,BG32,BJ32) -> 0 | BP32: =BO32/(AD32*280) -> #DIV/0!
A33: 30 | B33: 30 | D33: ='30'!D3 -> 28 | E33: ='30'!D4 -> 0.9 | F33: ='30'!D2 -> 0.51 | G33: ='30'!G7 -> 23000 | H33: ='30'!G8 -> 23050 | I33: 9 | J33: =H33*I33 -> 207450 | K33: =H33/202 -> 114.10891 | L33: ='30'!G15 -> 875 | M33: 56.2 | N33: =L33*M33 -> 49175 | O33: ='30'!G20 -> 200 | P33: 108 | Q33: =O33*P33 -> 21600 | R33: =O33/(F33*202/100) -> 194.13706 | S33: ='30'!G24 -> 0 | T33: 69 | U33: =S33*T33 -> 0 | V33: ='30'!G65 -> 0 | W33: ='30'!G66 -> 0 | X33: ='30'!G67 -> 0 | Y33: =V33+W33+X33 -> 0 | Z33: ='30'!G84 -> 0 | AA33: ='30'!G85 -> 0 | AB33: ='30'!G86 -> 0 | AC33: ='30'!G87 -> 0 | AD33: =Z33+AA33+AB33+AC33 -> 0 | AE33: =AU33+AV33+BE33+BF33 -> 0 | AF33: =AE33/AD33 -> #DIV/0! | AG33: ='30'!G88 -> 0 | AH33: ='30'!G89 -> 0 | AI33: ='30'!G90 -> 0 | AJ33: =AG33+AH33+AI33 -> 0 | AK33: ='30'!G91 -> 0 | AL33: ='30'!G92 -> 0 | AN33: =AK33+AL33 -> 0 | AO33: ='30'!G74 -> 0 | AP33: ='30'!G35 -> 0 | AQ33: ='30'!G37 -> 0 | AR33: ='30'!G38 -> 0 | AS33: ='30'!G39 -> 0 | AT33: ='30'!G40 -> 0 | AU33: ='30'!G41 -> 0 | AV33: ='30'!G42 -> 0 | AW33: ='30'!G43 -> 0 | AX33: ='30'!G44 -> 0 | AY33: ='30'!G36 -> 0 | AZ33: ='30'!G49 -> 0 | BA33: ='30'!G51 -> 0 | BB33: ='30'!G52 -> 0 | BC33: ='30'!G53 -> 0 | BD33: ='30'!G54 -> 0 | BE33: ='30'!G55 -> 0 | BF33: ='30'!G56 -> 0 | BG33: ='30'!G57 -> 0 | BH33: ='30'!G50 -> 0 | BI33: =SUM(AU33,AV33,BE33,BF33) -> 0 | BJ33: ='30'!G133 -> 0 | BK33: =SUM(AP33,AU33,AV33,AW33,AZ33,BE33,BF33,BG33)/H33% -> 0 | BL33: =SUM(AS33,BC33)/H33% -> 0 | BM33: =(AR33+BB33)/H33 -> 0 | BN33: =J33+N33+Q33+U33 -> 278225 | BO33: =SUM(AU33,AV33,AW33,BE33,BF33,BG33,BJ33) -> 0 | BP33: =BO33/(AD33*280) -> #DIV/0!
A34: 31 | B34: 31 | D34: 30 | E34: ='30'!D5 -> Unit | F34: ='30'!D3 -> 28 | G34: ='31'!G7 -> 23000 | H34: ='31'!G8 -> 23050 | I34: 9 | J34: =H34*I34 -> 207450 | K34: =H34/202 -> 114.10891 | L34: ='31'!G15 -> 875 | M34: 56.2 | N34: =L34*M34 -> 49175 | O34: ='31'!G20 -> 200 | P34: 108 | Q34: =O34*P34 -> 21600 | R34: =O34/(F34*202/100) -> 3.5360679 | S34: ='30'!G25 -> 0 | T34: 70 | U34: =S34*T34 -> 0 | V34: ='31'!G65 -> 0 | W34: ='31'!G66 -> 0 | X34: ='31'!G67 -> 0 | Y34: =V34+W34+X34 -> 0 | Z34: ='31'!G84 -> 0 | AA34: ='31'!G85 -> 0 | AB34: ='31'!G86 -> 0 | AC34: ='31'!G87 -> 0 | AD34: =Z34+AA34+AB34+AC34 -> 0 | AE34: =AU34+AV34+BE34+BF34 -> 0 | AF34: =AE34/AD34 -> #DIV/0! | AG34: ='31'!G88 -> 0 | AH34: ='31'!G89 -> 0 | AI34: ='31'!G90 -> 0 | AJ34: =AG34+AH34+AI34 -> 0 | AK34: ='31'!G91 -> 0 | AL34: ='31'!G92 -> 0 | AN34: =AK34+AL34 -> 0 | AO34: ='31'!G74 -> 0 | AP34: ='31'!G35 -> 0 | AQ34: ='31'!G37 -> 0 | AR34: ='31'!G38 -> 0 | AS34: ='31'!G39 -> 0 | AT34: ='31'!G40 -> 0 | AU34: ='31'!G41 -> 0 | AV34: ='31'!G42 -> 0 | AW34: ='31'!G43 -> 0 | AX34: ='31'!G44 -> 0 | AY34: ='31'!G36 -> 0 | AZ34: ='31'!G49 -> 0 | BA34: ='31'!G51 -> 0 | BB34: ='31'!G52 -> 0 | BC34: ='31'!G53 -> 0 | BD34: ='31'!G54 -> 0 | BE34: ='31'!G55 -> 0 | BF34: ='31'!G56 -> 0 | BG34: ='31'!G57 -> 0 | BH34: ='31'!G50 -> 0 | BI34: =SUM(AU34,AV34,BE34,BF34) -> 0 | BJ34: ='31'!G133 -> 0 | BK34: =SUM(AP34,AU34,AV34,AW34,AZ34,BE34,BF34,BG34)/H34% -> 0 | BL34: =SUM(AS34,BC34)/H34% -> 0 | BM34: =(AR34+BB34)/H34 -> 0 | BN34: =J34+N34+Q34+U34 -> 278225 | BO34: =SUM(AU34,AV34,AW34,BE34,BF34,BG34,BJ34) -> 0 | BP34: =BO34/(AD34*280) -> #DIV/0!
A35: Total | D35: =AVERAGE(D4:D34) -> 27.935484 | F35: =AVERAGE(F4:F34) -> 1.4922387 | G35: =SUM(G4:G34) -> 717937.07 | H35: =SUM(H4:H34) -> 724512.75 | I35: 9 | J35: =SUM(J4:J34) -> 6520614.8 | K35: =SUM(K4:K34) -> 3586.6968 | L35: =SUM(L4:L34) -> 29159.883 | M35: =SUM(M4:M34) -> 1742.2 | N35: =SUM(N4:N34) -> 1638785.4 | O35: =SUM(O4:O34) -> 7113 | P35: =SUM(P4:P34) -> 3348 | Q35: =SUM(Q4:Q34) -> 768204 | ... BN35: =SUM(BN4:BN34) -> 8927604.2 | BO35: =SUM(AU35,AV35,AW35,BE35,BF35,BG35,BJ35) -> -757958.82 | BP35: =BO35/(AD35*280) -> 1.0980213
B36: =B18-B17 -> 1 | C36: =C18-C17 -> 0 | D36: =D18-D17 -> 0 | E36: =E18-E17 -> -0.01 | F36: =F18-F17 -> 0.11 | H36: =H18-H17 -> -1474 | I36: =I18-I17 -> 0 | J36: =J18-J17 -> -13266 | K36: =K18-K17 -> -7.2970297 | L36: =L18-L17 -> -56 | M36: =M18-M17 -> 0 | N36: =N18-N17 -> -3147.2 | O36: =O18-O17 -> 28 | ... AN36: =AN18-AN17 -> -0.06 | AP36: =AP18-AP17 -> 0 | AQ36: =AQ18-AQ17 -> -9 | AR36: =AR18-AR17 -> -9 | AS36: =AS18-AS17 -> -57 | AT36: =AT18-AT17 -> 7 | AU36: =AU18-AU17 -> 1850 | AV36: =AV18-AV17 -> -2145 | AW36: =AW18-AW17 -> -145 | AZ36: =AZ18-AZ17 -> -277 | BA36: =BA18-BA17 -> 0 | BB36: =BB18-BB17 -> 0 | BC36: =BC18-BC17 -> 0 | BD36: =BD18-BD17 -> 0 | BE36: =BE18-BE17 -> 0 | BF36: =BF18-BF17 -> -988 | BG36: =BG18-BG17 -> 0 | BK36: =BK18-BK17 -> -3.675256 | BL36: =BL18-BL17 -> 0.85412904 | BN36: =BN18-BN17 -> -13389.2 | BO36: =BO18-BO17 -> -1463
F37: =AVERAGE(F4:F35) -> 1.4922387 | H37: =AVERAGE(H4:H35) -> 45282.047
B38: Guest complaint | F38: =AVERAGE(F4:F35) -> 1.4922387
BI41: =(BI31+BJ31)/400 -> 0

Sheet Occupancy
B1: Hotel Paid Occupancy Occ% | C1: Room Nights | D1: Comp Night | E1: Cummulative % | F1: Total Covers Guests | G1: Total Room Nights | H1: Paid occ % | J1: KWH/Room
A2: 1 | B2: =C2/202% -> 76.732673 | C2: 155 | D2: 16 | E2: =SUM(C2:D2)/202% -> 84.653465 | F2: 687 | G2: =C2+D2 -> 171 | H2: =C2/202% -> 76.732673 | J2: ='Section Load'!C5/G2 -> 131.17076 | K2: =10/202 -> 0.04950495
A3: 2 | B3: =C3/202% -> 79.207921 | C3: 160 | D3: 16 | E3: =SUM(C3:D3)/202% -> 87.128713 | F3: 739 | G3: =C3+D3 -> 176 | H3: =C3/202% -> 79.207921 | J3: ='Section Load'!C6/G3 -> 129.30682
A4: 3 | B4: =C4/202% -> 54.950495 | C4: 111 | D4: 16 | E4: =SUM(C4:D4)/202% -> 62.871287 | F4: 601 | G4: =C4+D4 -> 127 | H4: =C4/202% -> 54.950495 | J4: ='Section Load'!C7/G4 -> 184.51417 | Q4: =C2/202 -> 0.76732673
A5: 4 | B5: =C5/202% -> 68.811881 | C5: 139 | D5: 14 | E5: =SUM(C5:D5)/202% -> 75.742574 | F5: 576 | G5: =C5+D5 -> 153 | H5: =C5/202% -> 68.811881 | J5: ='Section Load'!C8/G5 -> 155.90026
A6: 5 | B6: =C6/202% -> 74.752475 | C6: 151 | D6: 12 | E6: =SUM(C6:D6)/202% -> 80.693069 | F6: 466 | G6: =C6+D6 -> 163 | H6: =C6/202% -> 74.752475 | J6: ='Section Load'!C9/G6 -> 157.61816
A7: 6 | B7: =C7/202% -> 72.277228 | C7: 146 | D7: 12 | E7: =SUM(C7:D7)/202% -> 78.217822 | F7: 556 | G7: =C7+D7 -> 158 | H7: =C7/202% -> 72.277228 | J7: ='Section Load'!C10/G7 -> 153.11392
A8: 7 | B8: =C8/202% -> 75.247525 | C8: 152 | D8: 12 | E8: =SUM(C8:D8)/202% -> 81.188119 | F8: 953 | G8: =C8+D8 -> 164 | H8: =C8/202% -> 75.247525 | J8: ='Section Load'!C11/G8 -> 135.61171
A9: 8 | B9: =C9/202% -> 67.821782 | C9: 137 | D9: 11 | E9: =SUM(C9:D9)/202% -> 73.267327 | F9: 602 | G9: =C9+D9 -> 148 | H9: =C9/202% -> 67.821782 | J9: ='Section Load'!C12/G9 -> 160.1702
A10: 9 | B10: =C10/202% -> 80.19802 | C10: 162 | D10: 11 | E10: =SUM(C10:D10)/202% -> 85.643564 | F10: 749 | G10: =C10+D10 -> 173 | H10: =C10/202% -> 80.19802 | J10: ='Section Load'!C13/G10 -> 141.41902
A11: 10 | B11: =C11/202% -> 63.366337 | C11: 128 | D11: 11 | E11: =SUM(C11:D11)/202% -> 68.811881 | F11: 524 | G11: =C11+D11 -> 139 | H11: =C11/202% -> 63.366337 | J11: ='Section Load'!C14/G11 -> 175.08633
A12: 11 | B12: =C12/202% -> 67.326733 | C12: 136 | D12: 10 | E12: =SUM(C12:D12)/202% -> 72.277228 | F12: 52 | G12: =C12+D12 -> 146 | H12: =C12/202% -> 67.326733 | J12: ='Section Load'!C15/G12 -> 164.71233
A13: 12 | B13: =C13/202% -> 61.386139 | C13: 124 | D13: 10 | E13: =SUM(C13:D13)/202% -> 66.336634 | F13: 436 | G13: =C13+D13 -> 134 | H13: =C13/202% -> 61.386139 | J13: ='Section Load'!C16/G13 -> 182.95522
A14: 13 | B14: =C14/202% -> 58.910891 | C14: 119 | D14: 10 | E14: =SUM(C14:D14)/202% -> 63.861386 | F14: 455 | G14: =C14+D14 -> 129 | H14: =C14/202% -> 58.910891 | J14: ='Section Load'!C17/G14 -> 182.9845
A15: 14 | B15: =C15/202% -> 59.405941 | C15: 120 | D15: 10 | E15: =SUM(C15:D15)/202% -> 64.356436 | F15: 476 | G15: =C15+D15 -> 130 | H15: =C15/202% -> 59.405941 | J15: ='Section Load'!C18/G15 -> 189.74615
A16: 15 | B16: =C16/202% -> 73.267327 | C16: 148 | D16: 10 | E16: =SUM(C16:D16)/202% -> 78.217822 | F16: 768 | G16: =C16+D16 -> 158 | H16: =C16/202% -> 73.267327 | J16: ='Section Load'!C19/G16 -> 146.79114
... A18: 17 | B18: =C18/202% -> 67.821782 | C18: 137 | D18: 10 | E18: =SUM(C18:D18)/202% -> 72.772277 | F18: 619 | G18: =C18+D18 -> 147 | H18: =C18/202% -> 67.821782 | J18: ='Section Load'!C21/G18 -> 156.68735
A19: 18 | B19: =C19/202% -> 0 | E19: =SUM(C19:D19)/202% -> 0 | G19: =C19+D19 -> 0 | H19: =C19/202% -> 0 | J19: ='Section Load'!C22/G19 -> #DIV/0!
A20: 19 | B20: =C20/202% -> 0 | E20: =SUM(C20:D20)/202% -> 0 | G20: =C20+D20 -> 0 | H20: =C20/202% -> 0 | J20: ='Section Load'!C23/G20 -> #DIV/0!
A21: 20 | B21: =C21/202% -> 0 | E21: =SUM(C21:D21)/202% -> 0 | G21: =C21+D21 -> 0 | H21: =C21/202% -> 0 | J21: ='Section Load'!C24/G21 -> #DIV/0!
A22: 21 | B22: 150 | E22: =SUM(C22:D22)/202% -> 0 | G22: =C22+D22 -> 0 | H22: =C22/202% -> 0 | J22: ='Section Load'!C25/G22 -> #DIV/0!
A23: 22 | B23: 83 | E23: =SUM(C23:D23)/202% -> 0 | G23: =C23+D23 -> 0 | H23: =C23/202% -> 0 | J23: ='Section Load'!C26/G23 -> #DIV/0!
A24: 23 | B24: 98 | E24: =SUM(C24:D24)/202% -> 0 | G24: =C24+D24 -> 0 | H24: =C24/202% -> 0 | J24: ='Section Load'!C27/G24 -> #DIV/0!
A25: 24 | B25: =C25/202% -> 0 | E25: =SUM(C25:D25)/202% -> 0 | G25: =C25+D25 -> 0 | H25: =C25/202% -> 0 | J25: ='Section Load'!C28/G25 -> #DIV/0!
A26: 25 | B26: =C26/202% -> 0 | E26: =SUM(C26:D26)/202% -> 0 | G26: =C26+D26 -> 0 | H26: =C26/202% -> 0 | J26: ='Section Load'!C29/G26 -> #DIV/0!
A27: 26 | B27: =C27/202% -> 0 | E27: =SUM(C27:D27)/202% -> 0 | G27: =C27+D27 -> 0 | H27: =C27/202% -> 0 | J27: ='Section Load'!C30/G27 -> #DIV/0!
A28: 27 | B28: =C28/202% -> 0 | E28: =SUM(C28:D28)/202% -> 0 | G28: =C28+D28 -> 0 | H28: =C28/202% -> 0 | J28: ='Section Load'!C31/G28 -> #DIV/0!
A29: 28 | B29: =C29/202% -> 0 | E29: =SUM(C29:D29)/202% -> 0 | G29: =C29+D29 -> 0 | H29: =C29/202% -> 0 | J29: ='Section Load'!C32/G29 -> #DIV/0!
A30: 29 | B30: =C30/202% -> 0 | E30: =SUM(C30:D30)/202% -> 0 | G30: =C30+D30 -> 0 | H30: =C30/202% -> 0 | J30: ='Section Load'!C33/G30 -> #DIV/0!
A31: 30 | B31: =C31/202% -> 0 | E31: =SUM(C31:D31)/202% -> 0 | G31: =C31+D31 -> 0 | H31: =C31/202% -> 0 | J31: ='Section Load'!C34/G31 -> #DIV/0!
A32: 31 | B32: =C32/202% -> 0 | H32: =C32/202% -> 0 | J32: ='Section Load'!C35/G32 -> #DIV/0!
A33: Average | B33: =AVERAGE(B2:B31) -> 50.373267 | C33: =AVERAGE(C2:C31) -> 140.23529 | D33: =AVERAGE(D2:D31) -> 11.882353 | E33: =AVERAGE(E2:E31) -> 42.673267 | F33: =AVERAGE(F2:F31) -> 577.47059 | G33: =AVERAGE(G2:G31) -> 86.2 | H33: =AVERAGE(H2:H31) -> 39.339934

Sheet Water Report
C3: Date | D3: 1 | E3: 2 | F3: 3 | G3: 4 | H3: 5 | I3: 6 | J3: 7 | K3: 8 | L3: 9 | M3: 10 | N3: 11 | O3: 12 | P3: 13 | Q3: 14 | R3: 15 | S3: 16 | T3: 17 | U3: 18 | V3: 19 | W3: 20 | X3: 21 | Y3: 22 | Z3: 23 | AA3: 24 | AB3: 25 | AC3: 26 | AD3: 27 | AE3: 28 | AF3: 29 | AG3: 30 | AH3: 31
C4: occupancy | D4: =Occupancy!B2 -> 76.732673 | E4: =Occupancy!B3 -> 79.207921 | F4: =Occupancy!C3 -> 160 | G4: =Occupancy!D3 -> 16 | H4: =Occupancy!E3 -> 87.128713 | I4: =Occupancy!F3 -> 739 | J4: =Occupancy!G3 -> 176 | K4: =Occupancy!H3 -> 79.207921 | L4: =Occupancy!I3 -> 0 | ... AH4: =Occupancy!AE3 -> 0
C5: Tanker | D5: ='1'!G18 -> 140 | E5: ='2'!G18 -> 200 | F5: ='3'!G18 -> 200 | G5: ='4'!G18 -> 190 | H5: ='5'!G18 -> 220 | I5: ='6'!G18 -> 180 | J5: ='7'!G18 -> 200 | K5: ='8'!G18 -> 180 | L5: ='9'!G18 -> 220 | M5: ='10'!G18 -> 200 | N5: ='11'!G18 -> 220 | O5: ='12'!G18 -> 180 | P5: ='13'!G18 -> 160 | Q5: ='14'!G18 -> 180 | R5: ='15'!G18 -> 220 | S5: ='16'!G18 -> 220 | T5: ='17'!G18 -> 210 | U5: ='18 '!G18 -> 140 | V5: ='19'!G18 -> 140 | W5: ='20'!G18 -> 140 | X5: ='21'!G18 -> 140 | Y5: ='22'!G18 -> 140 | Z5: ='23'!G18 -> 140 | AA5: ='24'!G18 -> 140 | AB5: ='25'!G18 -> 140 | AC5: ='26'!G18 -> 140 | AD5: ='27'!G18 -> 140 | AE5: ='28'!G18 -> 140 | AF5: ='29'!G18 -> 140 | AG5: ='30'!G18 -> 140 | AH5: ='31'!G18 -> 140
C6: BMC | D6: ='1'!G19 -> 59 | E6: ='2'!G19 -> 59 | F6: ='3'!G19 -> 59 | G6: ='4'!G19 -> 60 | H6: ='5'!G19 -> 61 | I6: ='6'!G19 -> 60 | J6: ='7'!G19 -> 58 | K6: ='8'!G19 -> 51 | L6: ='9'!G19 -> 54 | M6: ='10'!G19 -> 58 | N6: ='11'!G19 -> 56 | O6: ='12'!G19 -> 68 | P6: ='13'!G19 -> 59 | Q6: ='14'!G19 -> 61 | R6: ='15'!G19 -> 49 | S6: ='16'!G19 -> 60 | T6: ='17'!G19 -> 61 | U6: ='18 '!G19 -> 60 | V6: ='19'!G19 -> 60 | W6: ='20'!G19 -> 60 | X6: ='21'!G19 -> 60 | Y6: ='22'!G19 -> 60 | Z6: ='23'!G19 -> 60 | AA6: ='24'!G19 -> 60 | AB6: ='25'!G19 -> 60 | AC6: ='26'!G19 -> 60 | AD6: ='27'!G19 -> 60 | AE6: ='28'!G19 -> 60 | AF6: ='29'!G19 -> 60 | AG6: ='30'!G19 -> 60 | AH6: ='31'!G19 -> 60
C7: R.O. Plant Production | D7: ='1'!G62 -> 98 | E7: ='2'!G62 -> 119 | F7: ='3'!G62 -> 125 | G7: ='4'!G62 -> 92 | H7: ='5'!G62 -> 109 | I7: ='6'!G62 -> 110 | J7: ='7'!G62 -> 105 | K7: ='8'!G62 -> 113 | L7: ='9'!G62 -> 118 | M7: ='10'!G62 -> 114 | N7: ='11'!G62 -> 125 | O7: ='12'!G62 -> 76 | P7: ='13'!G62 -> 87 | Q7: ='14'!G62 -> 92 | R7: ='15'!G62 -> 133 | S7: ='16'!G62 -> 116 | T7: ='17'!G62 -> 121 | U7: ='18 '!G62 -> -4754 | V7: ='19'!G62 -> -4754 | W7: ='20'!G62 -> 0 | X7: ='21'!G62 -> 0 | Y7: ='22'!G62 -> 0 | Z7: ='23'!G62 -> 0 | AA7: ='24'!G62 -> 0 | AB7: ='25'!G62 -> 0 | AC7: ='26'!G62 -> 0 | AD7: ='27'!G62 -> 0 | AE7: ='28'!G62 -> 0 | AF7: ='29'!G62 -> 0 | AG7: ='30'!G62 -> 0 | AH7: ='31'!G62 -> 0
C8: STP Production | D8: ='1'!G63 -> 165 | E8: ='2'!G63 -> 164 | F8: ='3'!G63 -> 160 | G8: ='4'!G63 -> 1148 | H8: ='5'!G63 -> -942 | I8: ='6'!G63 -> 150 | J8: ='7'!G63 -> 35 | K8: ='8'!G63 -> 135 | L8: ='9'!G63 -> 159 | M8: ='10'!G63 -> 157 | N8: ='11'!G63 -> 185 | O8: ='12'!G63 -> 121 | P8: ='13'!G63 -> 96 | Q8: ='14'!G63 -> 127 | R8: ='15'!G63 -> 150 | S8: ='16'!G63 -> 134 | T8: ='17'!G63 -> 92 | U8: ='18 '!G63 -> -7103 | V8: ='19'!G63 -> -7103 | W8: ='20'!G63 -> 0 | X8: ='21'!G63 -> 0 | Y8: ='22'!G63 -> 0 | Z8: ='23'!G63 -> 0 | AA8: ='24'!G63 -> 0 | AB8: ='25'!G63 -> 0 | AC8: ='26'!G63 -> 0 | AD8: ='27'!G63 -> 0 | AE8: ='28'!G63 -> 0 | AF8: ='29'!G63 -> 0 | AG8: ='30'!G63 -> 0 | AH8: ='31'!G63 -> 0
B9: Domestic Water | C9: Zone-1 | D9: ='1'!G65 -> 76 | E9: ='2'!G65 -> 94 | F9: ='3'!G65 -> 80 | G9: ='4'!G65 -> 85 | H9: ='5'!G65 -> 102 | I9: ='6'!G65 -> 97 | J9: ='7'!G65 -> 99 | K9: ='8'!G65 -> 90 | L9: ='9'!G65 -> 83 | M9: ='10'!G65 -> 89 | N9: ='11'!G65 -> 98 | O9: ='12'!G65 -> 81 | P9: ='13'!G65 -> 90 | Q9: ='14'!G65 -> 89 | R9: ='15'!G65 -> 120 | S9: ='16'!G65 -> 89 | T9: ='17'!G65 -> 98 | U9: ='18 '!G65 -> -3830 | V9: ='19'!G65 -> -3830 | W9: ='20'!G65 -> 0 | X9: ='21'!G65 -> 0 | Y9: ='22'!G65 -> 0 | Z9: ='23'!G65 -> 0 | AA9: ='24'!G65 -> 0 | AB9: ='25'!G65 -> 0 | AC9: ='26'!G65 -> 0 | AD9: ='27'!G65 -> 0 | AE9: ='28'!G65 -> 0 | AF9: ='29'!G65 -> 0 | AG9: ='30'!G65 -> 0 | AH9: ='31'!G65 -> 0
C10: Zone-2 | D10: ='1'!G66 -> 24 | E10: ='2'!G66 -> 22 | F10: ='3'!G66 -> 26 | G10: ='4'!G66 -> 21 | H10: ='5'!G66 -> 16 | I10: ='6'!G66 -> 27 | J10: ='7'!G66 -> 17 | K10: ='8'!G66 -> 26 | L10: ='9'!G66 -> 26 | M10: ='10'!G66 -> 25 | N10: ='11'!G66 -> 26 | O10: ='12'!G66 -> 17 | P10: ='13'!G66 -> 21 | Q10: ='14'!G66 -> 18 | R10: ='15'!G66 -> 17 | S10: ='16'!G66 -> 20 | T10: ='17'!G66 -> 27 | U10: ='18 '!G66 -> -1054 | V10: ='19'!G66 -> -1054 | W10: ='20'!G66 -> 0 | X10: ='21'!G66 -> 0 | Y10: ='22'!G66 -> 0 | Z10: ='23'!G66 -> 0 | AA10: ='24'!G66 -> 0 | AB10: ='25'!G66 -> 0 | AC10: ='26'!G66 -> 0 | AD10: ='27'!G66 -> 0 | AE10: ='28'!G66 -> 0 | AF10: ='29'!G66 -> 0 | AG10: ='30'!G66 -> 0 | AH10: ='31'!G66 -> 0
C11: Zone-3 | D11: ='1'!G67 -> 29 | E11: ='2'!G67 -> 40 | F11: ='3'!G67 -> 36 | G11: ='4'!G67 -> 23 | H11: ='5'!G67 -> 24 | I11: ='6'!G67 -> 23 | J11: ='7'!G67 -> 26 | K11: ='8'!G67 -> 28 | L11: ='9'!G67 -> 34 | M11: ='10'!G67 -> 30 | N11: ='11'!G67 -> 24 | O11: ='12'!G67 -> 24 | P11: ='13'!G67 -> 22 | Q11: ='14'!G67 -> 19 | R11: ='15'!G67 -> 29 | S11: ='16'!G67 -> 36 | T11: ='17'!G67 -> 33 | U11: ='18 '!G67 -> -1394 | V11: ='19'!G67 -> -1394 | W11: ='20'!G67 -> 0 | X11: ='21'!G67 -> 0 | Y11: ='22'!G67 -> 0 | Z11: ='23'!G67 -> 0 | AA11: ='24'!G67 -> 0 | AB11: ='25'!G67 -> 0 | AC11: ='26'!G67 -> 0 | AD11: ='27'!G67 -> 0 | AE11: ='28'!G67 -> 0 | AF11: ='29'!G67 -> 0 | AG11: ='30'!G67 -> 0 | AH11: ='31'!G67 -> 0
B13: Flushing Water | C13: Zone-1 | D13: ='1'!G68 -> 31 | E13: ='2'!G68 -> 42 | F13: ='3'!G68 -> 53 | G13: ='4'!G68 -> 49 | H13: ='5'!G68 -> 52 | I13: ='6'!G68 -> 45 | J13: ='7'!G68 -> 41 | K13: ='8'!G68 -> 48 | L13: ='9'!G68 -> 41 | M13: ='10'!G68 -> 41 | N13: ='11'!G68 -> 43 | O13: ='12'!G68 -> 41 | P13: ='13'!G68 -> 38 | Q13: ='14'!G68 -> 59 | R13: ='15'!G68 -> 34 | S13: ='16'!G68 -> 51 | T13: ='17'!G68 -> 50 | U13: ='18 '!G68 -> -1737 | V13: ='19'!G68 -> -1737 | W13: ='20'!G68 -> 0 | X13: ='21'!G68 -> 0 | Y13: ='22'!G68 -> 0 | Z13: ='23'!G68 -> 0 | AA13: ='24'!G68 -> 0 | AB13: ='25'!G68 -> 0 | AC13: ='26'!G68 -> 0 | AD13: ='27'!G68 -> 0 | AE13: ='28'!G68 -> 0 | AF13: ='29'!G68 -> 0 | AG13: ='30'!G68 -> 0 | AH13: ='31'!G68 -> 0
C14: Zone-2 | D14: ='1'!G69 -> 9 | E14: ='2'!G69 -> 21 | F14: ='3'!G69 -> 12 | G14: ='4'!G69 -> 22 | H14: ='5'!G69 -> 8 | I14: ='6'!G69 -> 10 | J14: ='7'!G69 -> 11 | K14: ='8'!G69 -> 16 | L14: ='9'!G69 -> 16 | M14: ='10'!G69 -> 14 | N14: ='11'!G69 -> 12 | O14: ='12'!G69 -> 8 | P14: ='13'!G69 -> 10 | Q14: ='14'!G69 -> 9 | R14: ='15'!G69 -> 9 | S14: ='16'!G69 -> 8 | T14: ='17'!G69 -> 13 | U14: ='18 '!G69 -> -620 | V14: ='19'!G69 -> -620 | W14: ='20'!G69 -> 0 | X14: ='21'!G69 -> 0 | Y14: ='22'!G69 -> 0 | Z14: ='23'!G69 -> 0 | AA14: ='24'!G69 -> 0 | AB14: ='25'!G69 -> 0 | AC14: ='26'!G69 -> 0 | AD14: ='27'!G69 -> 0 | AE14: ='28'!G69 -> 0 | AF14: ='29'!G69 -> 0 | AG14: ='30'!G69 -> 0 | AH14: ='31'!G69 -> 0
C15: Zone-3 | D15: ='1'!G70 -> 10 | E15: ='2'!G70 -> 10 | F15: ='3'!G70 -> 10 | G15: ='4'!G70 -> 8 | H15: ='5'!G70 -> 10 | I15: ='6'!G70 -> 15 | J15: ='7'!G70 -> 9 | K15: ='8'!G70 -> 11 | L15: ='9'!G70 -> 11 | M15: ='10'!G70 -> 14 | N15: ='11'!G70 -> 22 | O15: ='12'!G70 -> 7 | P15: ='13'!G70 -> 12 | Q15: ='14'!G70 -> 9 | R15: ='15'!G70 -> 7 | S15: ='16'!G70 -> 16 | T15: ='17'!G70 -> 16 | U15: ='18 '!G70 -> -628 | V15: ='19'!G70 -> -628 | W15: ='20'!G70 -> 0 | X15: ='21'!G70 -> 0 | Y15: ='22'!G70 -> 0 | Z15: ='23'!G70 -> 0 | AA15: ='24'!G70 -> 0 | AB15: ='25'!G70 -> 0 | AC15: ='26'!G70 -> 0 | AD15: ='27'!G70 -> 0 | AE15: ='28'!G70 -> 0 | AF15: ='29'!G70 -> 0 | AG15: ='30'!G70 -> 0 | AH15: ='31'!G70 -> 0
B17: Branches ( Domestic water ) | C17: Pool | D17: ='1'!G170 -> 0 | E17: ='2'!G170 -> 0 | F17: ='3'!G170 -> 0 | G17: ='4'!G170 -> 0 | H17: ='5'!G170 -> 0 | I17: ='6'!G170 -> 0 | J17: ='7'!G170 -> 0 | K17: ='8'!G170 -> 0 | L17: ='9'!G170 -> 0 | M17: ='10'!G170 -> 3 | N17: ='11'!G170 -> 0 | O17: ='12'!G170 -> 0 | P17: ='13'!G170 -> 0 | Q17: ='14'!G170 -> 0 | R17: ='15'!G170 -> 0 | S17: ='16'!G170 -> 0 | T17: ='17'!G170 -> 0 | U17: ='18 '!G170 -> 63 | V17: ='19'!G170 -> 63 | W17: ='20'!G170 -> 0 | X17: ='21'!G170 -> 0 | Y17: ='22'!G170 -> 0 | Z17: ='23'!G170 -> 0 | AA17: ='24'!G170 -> 0 | AB17: ='25'!G170 -> 0 | AC17: ='26'!G170 -> 0 | AD17: ='27'!G170 -> 0 | AE17: ='28'!G170 -> 0 | AF17: ='29'!G170 -> 0 | AG17: ='30'!G170 -> 0 | AH17: ='31'!G170 -> 0
C18: B2 Laundry | D18: ='1'!G171 -> 10 | E18: ='2'!G171 -> 12 | F18: ='3'!G171 -> 12 | G18: ='4'!G171 -> 13 | H18: ='5'!G171 -> 10 | I18: ='6'!G171 -> 11 | J18: ='7'!G171 -> 13 | K18: ='8'!G171 -> 11 | L18: ='9'!G171 -> 10 | M18: ='10'!G171 -> 9 | N18: ='11'!G171 -> 373 | O18: ='12'!G171 -> 12 | P18: ='13'!G171 -> 22 | Q18: ='14'!G171 -> 22 | R18: ='15'!G171 -> 20 | S18: ='16'!G171 -> 11 | T18: ='17'!G171 -> 11 | U18: ='18 '!G171 -> -457 | V18: ='19'!G171 -> -457 | W18: ='20'!G171 -> 0 | X18: ='21'!G171 -> 0 | Y18: ='22'!G171 -> 0 | Z18: ='23'!G171 -> 0 | AA18: ='24'!G171 -> 0 | AB18: ='25'!G171 -> 0 | AC18: ='26'!G171 -> 0 | AD18: ='27'!G171 -> 0 | AE18: ='28'!G171 -> 0 | AF18: ='29'!G171 -> 0 | AG18: ='30'!G171 -> 0 | AH18: ='31'!G171 -> 0
C19: Boiler Feed Water | D19: ='1'!G172 -> 9 | E19: ='2'!G172 -> 9 | F19: ='3'!G172 -> 9 | G19: ='4'!G172 -> 12 | H19: ='5'!G172 -> 11 | I19: ='6'!G172 -> 11 | J19: ='7'!G172 -> 11 | K19: ='8'!G172 -> 12 | L19: ='9'!G172 -> 9 | M19: ='10'!G172 -> 9 | N19: ='11'!G172 -> 12 | O19: ='12'!G172 -> 12 | P19: ='13'!G172 -> 10 | Q19: ='14'!G172 -> 14 | R19: ='15'!G172 -> 9 | S19: ='16'!G172 -> 9 | T19: ='17'!G172 -> 9 | U19: ='18 '!G172 -> -432 | V19: ='19'!G172 -> -432 | W19: ='20'!G172 -> 0 | X19: ='21'!G172 -> 0 | Y19: ='22'!G172 -> 0 | Z19: ='23'!G172 -> 0 | AA19: ='24'!G172 -> 0 | AB19: ='25'!G172 -> 0 | AC19: ='26'!G172 -> 0 | AD19: ='27'!G172 -> 0 | AE19: ='28'!G172 -> 0 | AF19: ='29'!G172 -> 0 | AG19: ='30'!G172 -> 0 | AH19: ='31'!G172 -> 0
B21: Branches ( STP Water ) | C21: CT water | D21: ='1'!G175 -> 83 | E21: ='2'!G175 -> 84 | F21: ='3'!G175 -> 73 | G21: ='4'!G175 -> 84 | H21: ='5'!G175 -> 82 | I21: ='6'!G175 -> 86 | J21: ='7'!G175 -> 42 | K21: ='8'!G175 -> 96 | L21: ='9'!G175 -> 119 | M21: ='10'!G175 -> 112 | N21: ='11'!G175 -> 72 | O21: ='12'!G175 -> 27 | P21: ='13'!G175 -> 88 | Q21: ='14'!G175 -> 112 | R21: ='15'!G175 -> 110 | S21: ='16'!G175 -> 107 | T21: ='17'!G175 -> 106 | U21: ='18 '!G175 -> -3893 | V21: ='19'!G175 -> -3893 | W21: ='20'!G175 -> 0 | X21: ='21'!G175 -> 0 | Y21: ='22'!G175 -> 0 | Z21: ='23'!G175 -> 0 | AA21: ='24'!G175 -> 0 | AB21: ='25'!G175 -> 0 | AC21: ='26'!G175 -> 0 | AD21: ='27'!G175 -> 0 | AE21: ='28'!G175 -> 0 | AF21: ='29'!G175 -> 0 | AG21: ='30'!G175 -> 0 | AH21: ='31'!G175 -> 0
C22: STP flush | D22: ='1'!G176 -> 0 | E22: ='2'!G176 -> 0 | F22: ='3'!G176 -> 0 | G22: ='4'!G176 -> 0 | H22: ='5'!G176 -> 0 | I22: ='6'!G176 -> 0 | J22: ='7'!G176 -> 0 | K22: ='8'!G176 -> 0 | L22: ='9'!G176 -> 0 | M22: ='10'!G176 -> 0 | N22: ='11'!G176 -> 0 | O22: ='12'!G176 -> 0 | P22: ='13'!G176 -> 0 | Q22: ='14'!G176 -> 0 | R22: ='15'!G176 -> 0 | S22: ='16'!G176 -> 0 | T22: ='17'!G176 -> 0 | U22: ='18 '!G176 -> 0 | V22: ='19'!G176 -> 0 | W22: ='20'!G176 -> 0 | X22: ='21'!G176 -> 0 | Y22: ='22'!G176 -> 0 | Z22: ='23'!G176 -> 0 | AA22: ='24'!G176 -> 0 | AB22: ='25'!G176 -> 0 | AC22: ='26'!G176 -> 0 | AD22: ='27'!G176 -> 0 | AE22: ='28'!G176 -> 0 | AF22: ='29'!G176 -> 0 | AG22: ='30'!G176 -> 0 | AH22: ='31'!G176 -> 0
C23: Garden | D23: ='1'!G177 -> 0 | E23: ='2'!G177 -> 0 | F23: ='3'!G177 -> 8 | G23: ='4'!G177 -> 8 | H23: ='5'!G177 -> 0 | I23: ='6'!G177 -> 4 | J23: ='7'!G177 -> 0 | K23: ='8'!G177 -> 4 | L23: ='9'!G177 -> 26 | M23: ='10'!G177 -> 1 | N23: ='11'!G177 -> 7 | O23: ='12'!G177 -> 8 | P23: ='13'!G177 -> 4 | Q23: ='14'!G177 -> 9 | R23: ='15'!G177 -> 11 | S23: ='16'!G177 -> 3014 | T23: ='17'!G177 -> 0 | U23: ='18 '!G177 -> -3147 | V23: ='19'!G177 -> -3147 | W23: ='20'!G177 -> 0 | X23: ='21'!G177 -> 0 | Y23: ='22'!G177 -> 0 | Z23: ='23'!G177 -> 0 | AA23: ='24'!G177 -> 0 | AB23: ='25'!G177 -> 0 | AC23: ='26'!G177 -> 0 | AD23: ='27'!G177 -> 0 | AE23: ='28'!G177 -> 0 | AF23: ='29'!G177 -> 0 | AG23: ='30'!G177 -> 0 | AH23: ='31'!G177 -> 0
B24: Total Tanke(RO) + BMC | D24: =SUM(D5:D6) -> 199 | E24: =SUM(E5:E6) -> 259 | F24: =SUM(F5:F6) -> 259 | G24: =SUM(G5:G6) -> 250 | H24: =SUM(H5:H6) -> 281 | I24: =SUM(I5:I6) -> 240 | J24: =SUM(J5:J6) -> 258 | K24: =SUM(K5:K6) -> 231 | ... AH24: =SUM(AH5:AH6) -> 200
B25: Domestic consumption | D25: =SUM(D9:D11,D14:D15,) -> 148 | E25: =SUM(E9:E11,E14:E15,) -> 187 | F25: =SUM(F9:F11,F14:F15,) -> 164 | G25: =SUM(G9:G11,G14:G15,) -> 159 | H25: =SUM(H9:H11,H14:H15,) -> 160 | I25: =SUM(I9:I11,I14:I15,) -> 172 | J25: =SUM(J9:J11,J14:J15,) -> 162 | K25: =SUM(K9:K11,K14:K15,) -> 171 | ... AI25: =SUM(AI9:AI11,AI14:AI15,) -> 0
B27: STP +Flush Consumption | D27: =SUM(D13,D21,D23) -> 114 | E27: =SUM(E13,E21,E23) -> 126 | F27: =SUM(F13,F21,F23) -> 134 | G27: =SUM(G13,G21,G23) -> 141 | H27: =SUM(H13,H21,H23) -> 134 | I27: =SUM(I13,I21,I23) -> 135 | J27: =SUM(J13,J21,J23) -> 83 | K27: =SUM(K13,K21,K23) -> 148 | ... AH27: =SUM(AH13,AH21,AH23) -> 0 | AI27: =SUM(AI13) -> 0
B29: BOH | D29: =D9 -> 76 | E29: =E9 -> 94 | F29: =F9 -> 80 | G29: =G9 -> 85 | H29: =H9 -> 102 | I29: =I9 -> 97 | J29: =J9 -> 99 | K29: =K9 -> 90 | ... AH29: =AH9 -> 0
B30: Guest Floor | D30: =SUM(D10:D11,D14:D15) -> 72 | E30: =SUM(E10:E11,E14:E15) -> 93 | F30: =SUM(F10:F11,F14:F15) -> 84 | G30: =SUM(G10:G11,G14:G15) -> 74 | H30: =SUM(H10:H11,H14:H15) -> 58 | I30: =SUM(I10:I11,I14:I15) -> 75 | J30: =SUM(J10:J11,J14:J15) -> 63 | K30: =SUM(K10:K11,K14:K15) -> 81 | ... AH30: =SUM(AH10:AH11,AH14:AH15) -> 0
B31: Guest floor% | D31: =D30/SUM(D29:D30)% -> 48.648649 | E31: =E30/SUM(E29:E30)% -> 49.73262 | F31: =F30/SUM(F29:F30)% -> 51.219512 | G31: =G30/SUM(G29:G30)% -> 46.540881 | H31: =H30/SUM(H29:H30)% -> 36.25 | I31: =I30/SUM(I29:I30)% -> 43.604651 | J31: =J30/SUM(J29:J30)% -> 38.888889 | K31: =K30/SUM(K29:K30)% -> 47.368421 | ... AH31: =AH30/SUM(AH29:AH30)% -> #DIV/0!

Sheet Section Load
F2: Transformer -Load | N2: Electrical | AV2: Boiler Running | BB2: diff wrt feeder | BC2: Var%
AN3: Gas consumption | AU3: Boiler Running Hours
A4: Date | B4: HT Kwh | C4: HT Kvah | D4: MGL Gas | E4: Water | F4: HVAC | G4: Fire & Emergency PP | H4: Main PP | I4: Lighting PP | J4: CH-1+ CH2+CH3+CH4 | K4: Chilled water Pump | L4: Ball Room-1 | M4: Ball Room-2 | N4: MK-1 | O4: MK-2 | P4: Prato | Q4: San- Qi Indian | R4: San- Qi Japanese | S4: The club | T4: AER | U4: COLD ROOM'S | V4: Ball Room 1 | W4: Ball Room 2 | X4: B1 Laundry | Y4: B2 Laundry | Z4: STP | AA4: MOCK Up Room | AB4: 27th Floor | AC4: Physic57 | AD4: Pinoor Legal- Power+lighting | AE4: 2nd floor plant room | AF4: 5th Floor SPA | AG4: 5th Floor | AH4: 12th Floor | AI4: 20th Floor | AJ4: 27th Floor | AK4: 34th Floor | AL4: Sanqi | AM4: Cooling Tower | AN4: MGL | AO4: HWG | AP4: Prato | AQ4: BR-1 | AR4: SanQi IND | AS4: SanQi JPN | AT4: Boiler | AU4: HWG | AV4: Boiler1 | AW4: Boiler2 | AX4: Boiler3 (400Kg) | AY4: Total
A5: 1 | B5: ='1'!G7 -> 22306.2 | C5: ='1'!G8 -> 22430.2 | D5: ='1'!G15 -> 981 | E5: ='1'!G20 -> 199 | F5: =SUM('1'!G35,'1'!G49) -> 4296.31 | G5: =SUM('1'!H37,'1'!H51) -> 1758.31 | H5: =SUM('1'!G38,'1'!G52) -> 1899.22 | I5: =SUM('1'!G39,'1'!G53) -> 4013.78 | J5: =SUM('1'!G41,'1'!G42,'1'!G55,'1'!G56) -> 6682.73 | K5: =SUM('1'!G43,'1'!G57) -> 2266 | L5: ='1'!G50 -> 1076.15 | M5: ='1'!G36 -> 944.9 | N5: ='1'!G138 -> 92 | O5: ='1'!G139 -> 2 | P5: ='1'!G140 -> -0.8 | Q5: ='1'!G141 -> 180.67 | R5: ='1'!G142 -> 72.3 | S5: ='1'!$G$145 -> 20.68 | T5: ='1'!$G$146 -> 162 | U5: ='1'!$G$144 -> 172 | V5: ='1'!$G$147 -> 485.48 | W5: ='1'!$G$148 -> 156.05 | X5: ='1'!$G$143 -> 25.66 | Y5: ='1'!$G$58 -> 212 | Z5: ='1'!$G$151 -> 332 | AA5: ='1'!G158 -> 29.2 | AB5: ='1'!G159 -> 31.8 | AD5: ='1'!G160+'1'!G161 -> 94.6 | AE5: ='1'!$G$116 -> 0 | AF5: ='1'!$G$117 -> 19 | AG5: ='1'!$G$118 -> 428.33 | AH5: ='1'!$G$119 -> 378.65 | AI5: ='1'!$G$120 -> 401.1 | AJ5: ='1'!$G$121 -> 523.73 | AK5: ='1'!$G$122 -> 306.7 | AL5: ='1'!$G$123 -> 325.33 | AM5: ='1'!$G$133 -> 707.37 | AN5: ='1'!$G$15 -> 981 | AO5: ='1'!$G$74 -> 286.61 | AP5: ='1'!$G$75 -> 0 | AQ5: ='1'!$G$76 -> 125.32 | AR5: ='1'!$G$77 -> 54.8 | AS5: ='1'!$G$78 -> 1.7 | AT5: =AN5-SUM(AO5:AS5) -> 512.57 | AU5: =SUM('1'!G91:G92) -> 10.54 | AV5: ='1'!$G$88 -> 0 | AW5: ='1'!$G$89 -> 11.32 | AX5: ='1'!$G$90 -> 0 | AY5: =SUM(AV5:AX5) -> 11.32 | AZ5: =AO5/AU5 -> 27.1926 | BB5: =C5-SUM(F5:K5,Y5) -> 1301.85 | BC5: =BB5/B5% -> 5.8362697
A6: 2 | B6: ='2'!G7 -> 22634 | C6: ='2'!G8 -> 22758 | D6: ='2'!G15 -> 1027 | E6: ='2'!G20 -> 259 | F6: =SUM('2'!G35,'2'!G49) -> 4605.6 | G6: =SUM('2'!G37,'2'!G51) -> 1726.88 | H6: =SUM('2'!G38,'2'!G52) -> 1966.95 | I6: =SUM('2'!G39,'2'!G53) -> 4103.22 | J6: =SUM('2'!G41,'2'!G42,'2'!G55,'2'!G56) -> 6979.96 | K6: =SUM('2'!G43,'2'!G57) -> 2274.7 | L6: ='2'!G50 -> 1107.68 | M6: ='2'!G36 -> 857.81 | N6: ='2'!G138 -> 90 | O6: ='2'!$G$139 -> 0 | P6: ='2'!$G$140 -> 0 | Q6: ='2'!$G$141 -> 188.1 | R6: ='2'!$G$142 -> 70.3 | S6: ='2'!$G$145 -> 46.8 | T6: ='2'!$G$146 -> 212 | U6: ='2'!$G$144 -> 173 | V6: ='2'!$G$147 -> 365.04 | W6: ='2'!$G$148 -> 213.59 | X6: ='2'!$G$143 -> 30.78 | Y6: ='2'!$G$58 -> 219.21 | Z6: ='2'!$G$151 -> 294 | AA6: ='2'!G158 -> 39.24 | AB6: ='2'!G159 -> 23.7 | AD6: ='2'!G160+'2'!G161 -> 58.5 | AE6: ='2'!$G$116 -> 0 | AF6: ='2'!$G$117 -> 18.17 | AG6: ='2'!$G$118 -> 384.18 | AH6: ='2'!$G$119 -> 396.4 | AI6: ='2'!$G$120 -> 411.15 | AJ6: ='2'!$G$121 -> 521.27 | AK6: ='2'!$G$122 -> 304.47 | AL6: ='2'!$G$123 -> 333.42 | AM6: ='2'!$G$133 -> 777.62 | AN6: ='2'!$G$15 -> 1027 | AO6: ='2'!$G$74 -> 306.45 | AP6: ='2'!$G$75 -> 0 | AQ6: ='2'!$G$76 -> 103.46 | AR6: ='2'!$G$77 -> 63.2 | AS6: ='2'!$G$78 -> 4.5 | AT6: =AN6-SUM(AO6:AS6) -> 549.39 | AU6: =SUM('2'!G91:G92) -> 11.76 | AV6: ='2'!$G$88 -> 10.17 | AW6: ='2'!$G$89 -> -0.08 | AX6: ='2'!$G$90 -> 0 | AY6: =SUM(AV6:AX6) -> 10.09 | AZ6: =AO6/AU6 -> 26.058673 | BB6: =C6-SUM(F6:K6,Y6) -> 881.48 | BC6: =BB6/B6% -> 3.894495
A7: 3 | B7: ='3'!G7 -> 23276.1 | C7: ='3'!G8 -> 23433.3 | D7: ='3'!G15 -> 1056.887 | E7: ='3'!G20 -> 259 | F7: =SUM('3'!G35,'3'!G49) -> 4727.07 | G7: =SUM('3'!G37,'3'!G51) -> 1707.23 | H7: =SUM('3'!G38,'3'!G52) -> 1951.81 | I7: =SUM('3'!G39,'3'!G53) -> 4180.14 | J7: =SUM('3'!G41,'3'!G42,'3'!G55,'3'!G56) -> 7169.17 | K7: =SUM('3'!G43,'3'!G57) -> 2284.9 | L7: ='3'!G50 -> 1216.72 | M7: ='3'!G36 -> 887.09 | N7: ='3'!G138 -> 88 | O7: ='3'!$G$139 -> 0 | P7: ='3'!$G$140 -> 0 | Q7: ='3'!$G$141 -> 184.19 | R7: ='3'!$G$142 -> 72.55 | S7: ='3'!$G$145 -> 50.47 | T7: ='3'!$G$146 -> 431 | U7: ='3'!$G$144 -> 173 | V7: ='3'!$G$147 -> 429.92 | W7: ='3'!$G$148 -> 204.88 | X7: ='3'!$G$143 -> 25.27 | Y7: ='3'!$G$58 -> 242.62 | Z7: ='3'!$G$151 -> 320 | AA7: ='3'!G158 -> 66.84 | AB7: ='3'!G159 -> 25.4 | AD7: ='3'!G160+'3'!G161 -> 51.1 | AE7: ='3'!$G$116 -> 0 | AF7: ='3'!$G$117 -> 19.48 | AG7: ='3'!$G$118 -> 360.46 | AH7: ='3'!$G$119 -> 390.82 | AI7: ='3'!$G$120 -> 411.76 | AJ7: ='3'!$G$121 -> 769.31 | AK7: ='3'!$G$122 -> 309.53 | AL7: ='3'!$G$123 -> 335 | AM7: ='3'!$G$133 -> 796.59 | AN7: ='3'!$G$15 -> 1056.887 | AO7: ='3'!$G$74 -> 308.53 | AP7: ='3'!$G$75 -> 0 | AQ7: ='3'!$G$76 -> 111.66 | AR7: ='3'!$G$77 -> 53.1 | AS7: ='3'!$G$78 -> 1.6 | AT7: =AN7-SUM(AO7:AS7) -> 581.997 | AU7: =SUM('3'!G91:G92) -> 11.54 | AV7: ='3'!$G$88 -> 9.4 | AW7: ='3'!$G$89 -> 0.08 | AX7: ='3'!$G$90 -> 3.83 | AY7: =SUM(AV7:AX7) -> 13.31 | AZ7: =AO7/AU7 -> 26.735702 | BB7: =C7-SUM(F7:K7,Y7) -> 1170.36 | BC7: =BB7/B7% -> 5.0281619
A8: 4 | B8: ='4'!G7 -> 23675.9 | C8: ='4'!G8 -> 23852.74 | D8: ='4'!G15 -> 1064.113 | E8: ='4'!G20 -> 250 | F8: =SUM('4'!G35,'4'!G49) -> 5101.64 | G8: =SUM('4'!G37,'4'!G51) -> 1697.31 | H8: =SUM('4'!G38,'4'!G52) -> 1873.39 | I8: =SUM('4'!G39,'4'!G53) -> 4257.73 | J8: =SUM('4'!G41,'4'!G42,'4'!G55,'4'!G56) -> 7669.82 | K8: =SUM('4'!G43,'4'!G57) -> 2392.5 | L8: ='4'!G50 -> 1031.8 | M8: ='4'!G36 -> 995.67 | N8: ='4'!G138 -> 88 | O8: ='4'!$G$139 -> 0 | P8: ='4'!$G$140 -> 0 | Q8: ='4'!$G$141 -> 182.89 | R8: ='4'!$G$142 -> 72.6 | S8: ='4'!$G$145 -> 44.43 | T8: ='4'!$G$146 -> 356 | U8: ='4'!$G$144 -> 170 | V8: ='4'!$G$147 -> 397.84 | W8: ='4'!$G$148 -> 203.6 | X8: ='4'!$G$143 -> 23.077 | Y8: ='4'!$G$58 -> 264 | Z8: ='4'!$G$151 -> 330 | AA8: ='4'!G158 -> 26.56 | AB8: ='4'!G159 -> 41.2 | AD8: ='4'!G160+'4'!G161 -> 72.2 | AE8: ='4'!$G$116 -> 0 | AF8: ='4'!$G$117 -> 18.94 | AG8: ='4'!$G$118 -> 429.12 | AH8: ='4'!$G$119 -> 385.42 | AI8: ='4'!$G$120 -> 416.35 | AJ8: ='4'!$G$121 -> 1671.96 | AK8: ='4'!$G$122 -> 291.28 | AL8: ='4'!$G$123 -> 331.37 | AM8: ='4'!$G$133 -> 776.65 | AN8: ='4'!$G$15 -> 1064.113 | AO8: ='4'!$G$74 -> 291.647 | AP8: ='4'!$G$75 -> 0 | AQ8: ='4'!$G$76 -> 117.66 | AR8: ='4'!$G$77 -> 48.1 | AS8: ='4'!$G$78 -> 3.3 | AT8: =AN8-SUM(AO8:AS8) -> 603.406 | AU8: =SUM('4'!G91:G92) -> 10.6 | AV8: ='4'!$G$88 -> 0 | AW8: ='4'!$G$89 -> 11.75 | AX8: ='4'!$G$90 -> 2.67 | AY8: =SUM(AV8:AX8) -> 14.42 | AZ8: =AO8/AU8 -> 27.513868 | BB8: =C8-SUM(F8:K8,Y8) -> 596.35 | BC8: =BB8/B8% -> 2.518806
A9: 5 | B9: ='5'!G7 -> 25457.4 | C9: ='5'!G8 -> 25691.76 | D9: ='5'!G15 -> 1023 | E9: ='5'!G20 -> 281 | F9: =SUM('5'!G35,'5'!G49) -> 3634 | G9: =SUM('5'!G37,'5'!G51) -> 1743.27 | H9: =SUM('5'!G38,'5'!G52) -> 1982.63 | I9: =SUM('5'!G39,'5'!G53) -> 4350.13 | J9: =SUM('5'!G41,'5'!G42,'5'!G55,'5'!G56) -> 8338.73 | K9: =SUM('5'!G43,'5'!G57) -> 2485.9 | L9: ='5'!G50 -> 1769.65 | M9: ='5'!G36 -> 1103.53 | N9: ='5'!G138 -> 68 | O9: ='5'!$G$139 -> 1 | P9: ='5'!$G$140 -> -0.2 | Q9: ='5'!$G$141 -> 200.15 | R9: ='5'!$G$142 -> 75.25 | S9: ='5'!$G$145 -> 45.62 | T9: ='5'!$G$146 -> 379 | U9: ='5'!$G$144 -> 171 | V9: ='5'!$G$147 -> 461.72 | W9: ='5'!$G$148 -> 199.88 | X9: ='5'!$G$143 -> 27.213 | Y9: ='5'!$G$58 -> 227.17 | Z9: ='5'!$G$151 -> 341 | AA9: ='5'!G158 -> 91.16 | AB9: ='5'!G159 -> 43.9 | AD9: ='5'!G160+'5'!G161 -> 90.6 | AE9: ='5'!$G$116 -> 0 | AF9: ='5'!$G$117 -> 18.41 | AG9: ='5'!$G$118 -> 439.91 | AH9: ='5'!$G$119 -> 373.71 | AI9: ='5'!$G$120 -> 411.64 | AJ9: ='5'!$G$121 -> 520 | AK9: ='5'!$G$122 -> 316.02 | AL9: ='5'!$G$123 -> 333.88 | AM9: ='5'!$G$133 -> 794.77 | AN9: ='5'!$G$15 -> 1023 | AO9: ='5'!$G$74 -> 297.763 | AP9: ='5'!$G$75 -> 0 | AQ9: ='5'!$G$76 -> 124.9 | AR9: ='5'!$G$77 -> 46.8 | AS9: ='5'!$G$78 -> 3.9 | AT9: =AN9-SUM(AO9:AS9) -> 549.637 | AU9: =SUM('5'!G91:G92) -> 10.92 | AV9: ='5'!$G$88 -> 0 | AW9: ='5'!$G$89 -> 10.33 | AX9: ='5'!$G$90 -> 3.5 | AY9: =SUM(AV9:AX9) -> 13.83 | AZ9: =AO9/AU9 -> 27.267674 | BB9: =C9-SUM(F9:K9,Y9) -> 2929.93 | BC9: =BB9/B9% -> 11.509149
A10: 6 | B10: ='6'!G7 -> 24023 | C10: ='6'!G8 -> 24192 | D10: ='6'!G15 -> 974 | E10: ='6'!G20 -> 240 | F10: =SUM('6'!G35,'6'!G49) -> 3639 | G10: =SUM('6'!G37,'6'!G51) -> 1728 | H10: =SUM('6'!G38,'6'!G52) -> 1867 | I10: =SUM('6'!G39,'6'!G53) -> 4190 | J10: =SUM('6'!G41,'6'!G42,'6'!G55,'6'!G56) -> 7522 | K10: =SUM('6'!G43,'6'!G57) -> 2319 | L10: ='6'!G50 -> 1832 | M10: ='6'!G36 -> 825 | N10: ='6'!G138 -> 59 | O10: ='6'!$G$139 -> 1 | P10: ='6'!$G$140 -> 0 | Q10: ='6'!$G$141 -> 173 | R10: ='6'!$G$142 -> 66 | S10: ='6'!$G$145 -> 45 | T10: ='6'!$G$146 -> 244 | U10: ='6'!$G$144 -> 162 | V10: ='6'!$G$147 -> 413 | W10: ='6'!$G$148 -> 178 | X10: ='6'!$G$143 -> 25 | Y10: ='6'!$G$58 -> 214 | Z10: ='6'!$G$151 -> 325 | AA10: ='6'!G158 -> 298 | AB10: ='6'!G159 -> 41 | AD10: ='6'!G160+'6'!G161 -> 112 | AE10: ='6'!$G$116 -> 0 | AF10: ='6'!$G$117 -> 21 | AG10: ='6'!$G$118 -> 455 | AH10: ='6'!$G$119 -> 378 | AI10: ='6'!$G$120 -> 406 | AJ10: ='6'!$G$121 -> 604 | AK10: ='6'!$G$122 -> 322 | AL10: ='6'!$G$123 -> 334 | AM10: ='6'!$G$133 -> 755 | AN10: ='6'!$G$15 -> 974 | AO10: ='6'!$G$74 -> 281 | AP10: ='6'!$G$75 -> 0 | AQ10: ='6'!$G$76 -> 95 | AR10: ='6'!$G$77 -> 52 | AS10: ='6'!$G$78 -> 1 | AT10: =AN10-SUM(AO10:AS10) -> 545 | AU10: =SUM('6'!G91:G92) -> 10.27 | AV10: ='6'!$G$88 -> 0 | AW10: ='6'!$G$89 -> 10.56 | AX10: ='6'!$G$90 -> 4.48 | AY10: =SUM(AV10:AX10) -> 15.04 | AZ10: =AO10/AU10 -> 27.361246 | BB10: =C10-SUM(F10:K10,Y10) -> 2713 | BC10: =BB10/B10% -> 11.293344
A11: 7 | B11: ='7'!G7 -> 22049.02 | C11: ='7'!G8 -> 22240.32 | D11: ='7'!G15 -> 998.83 | E11: ='7'!G20 -> 258 | F11: =SUM('7'!G35,'7'!G49) -> 3425.48 | G11: =SUM('7'!G37,'7'!G51) -> 1722.05 | H11: =SUM('7'!G38,'7'!G52) -> 1785.06 | I11: =SUM('7'!G39,'7'!G53) -> 4090.26 | J11: =SUM('7'!G41,'7'!G42,'7'!G55,'7'!G56) -> 6425.11 | K11: =SUM('7'!G43,'7'!G57) -> 2327 | L11: ='7'!G50 -> 1497.39 | M11: ='7'!G36 -> 655.29 | N11: ='7'!G138 -> 115 | O11: ='7'!$G$139 -> 1 | P11: ='7'!$G$140 -> 0 | Q11: ='7'!$G$141 -> 182.13 | R11: ='7'!$G$142 -> 68.85 | S11: ='7'!$G$145 -> 45 | T11: ='7'!$G$146 -> 254 | U11: ='7'!$G$144 -> 173 | V11: ='7'!$G$147 -> 395 | W11: ='7'!$G$148 -> 183 | X11: ='7'!$G$143 -> 24.42 | Y11: ='7'!$G$58 -> 213.19 | Z11: ='7'!$G$151 -> 279 | AA11: ='7'!G158 -> 270 | AB11: ='7'!G159 -> 46 | AD11: ='7'!G160+'7'!G161 -> 78.4 | AE11: ='7'!$G$116 -> 0 | AF11: ='7'!$G$117 -> 23.09 | AG11: ='7'!$G$118 -> 415.37 | AH11: ='7'!$G$119 -> 372.31 | AI11: ='7'!$G$120 -> 407.65 | AJ11: ='7'!$G$121 -> 605.99 | AK11: ='7'!$G$122 -> 303.01 | AL11: ='7'!$G$123 -> 342.16 | AM11: ='7'!$G$133 -> 814.23 | AN11: ='7'!$G$15 -> 998.83 | AO11: ='7'!$G$74 -> 298.03 | AP11: ='7'!$G$75 -> 0 | AQ11: ='7'!$G$76 -> 87.08 | AR11: ='7'!$G$77 -> 42.7 | AS11: ='7'!$G$78 -> 4.1 | AT11: =AN11-SUM(AO11:AS11) -> 566.92 | AU11: =SUM('7'!G91:G92) -> 11.11 | AV11: ='7'!$G$88 -> -0.02 | AW11: ='7'!$G$89 -> 10.79 | AX11: ='7'!$G$90 -> 2.48 | AY11: =SUM(AV11:AX11) -> 13.25 | AZ11: =AO11/AU11 -> 26.825383 | BB11: =C11-SUM(F11:K11,Y11) -> 2252.17 | BC11: =BB11/B11% -> 10.214377
A12: 8 | B12: ='8'!G7 -> 23228.18 | C12: ='8'!G8 -> 23705.19 | D12: ='8'!G15 -> 1022.55 | E12: ='8'!G20 -> 231 | F12: =SUM('8'!G35,'8'!G49) -> 3417.86 | G12: =SUM('8'!G37,'8'!G51) -> 1737.9 | H12: =SUM('8'!G38,'8'!G52) -> 1901.97 | I12: =SUM('8'!G39,'8'!G53) -> 4276.41 | J12: =SUM('8'!G41,'8'!G42,'8'!G55,'8'!G56) -> 7312.74 | K12: =SUM('8'!G43,'8'!G57) -> 2709.6 | L12: ='8'!G50 -> 1110.24 | M12: ='8'!G36 -> 708.78 | N12: ='8'!G138 -> 73 | O12: ='8'!$G$139 -> 0 | P12: ='8'!$G$140 -> 0.2 | Q12: ='8'!$G$141 -> 189.21 | R12: ='8'!$G$142 -> 70.98 | S12: ='8'!$G$145 -> 45.58 | T12: ='8'!$G$146 -> 372 | U12: ='8'!$G$144 -> 168 | V12: ='8'!$G$147 -> 360.12 | W12: ='8'!$G$148 -> 177 | X12: ='8'!$G$143 -> 23.89 | Y12: ='8'!$G$58 -> 216.57 | Z12: ='8'!$G$151 -> 340 | AA12: ='8'!G158 -> 274 | AB12: ='8'!G159 -> 38.4 | AD12: ='8'!G160+'8'!G161 -> 81.8 | AE12: ='8'!$G$116 -> 0 | AF12: ='8'!$G$117 -> 24.95 | AG12: ='8'!$G$118 -> 431.06 | AH12: ='8'!$G$119 -> 382.92 | AI12: ='8'!$G$120 -> 407.71 | AJ12: ='8'!$G$121 -> 689.76 | AK12: ='8'!$G$122 -> 321.2 | AL12: ='8'!$G$123 -> 329.65 | AM12: ='8'!$G$133 -> 738.64 | AN12: ='8'!$G$15 -> 1022.55 | AO12: ='8'!$G$74 -> 287.34 | AP12: ='8'!$G$75 -> 0 | AQ12: ='8'!$G$76 -> 121.9 | AR12: ='8'!$G$77 -> 49.6 | AS12: ='8'!$G$78 -> 1.8 | AT12: =AN12-SUM(AO12:AS12) -> 561.91 | AU12: =SUM('8'!G91:G92) -> 10.56 | AV12: ='8'!$G$88 -> 9.68 | AW12: ='8'!$G$89 -> 0 | AX12: ='8'!$G$90 -> 2.82 | AY12: =SUM(AV12:AX12) -> 12.5 | BB12: =C12-SUM(F12:K12,Y12) -> 2132.14 | BC12: =BB12/B12% -> 9.1791092
A13: 9 | B13: ='9'!G7 -> 24085.8 | C13: ='9'!G8 -> 24465.49 | D13: ='9'!G15 -> 996.62 | E13: ='9'!G20 -> 274 | F13: =SUM('9'!G35,'9'!G49) -> 3709.66 | G13: =SUM('9'!G37,'9'!G51) -> 1733.05 | H13: =SUM('9'!G38,'9'!G52) -> 1963.97 | I13: =SUM('9'!G39,'9'!G53) -> 4274.33 | J13: =SUM('9'!G41,'9'!G42,'9'!G55,'9'!G56) -> 7809.15 | K13: =SUM('9'!G43,'9'!G57) -> 2700.4 | L13: ='9'!G50 -> 1033.37 | M13: ='9'!G36 -> 875.93 | N13: ='9'!G138 -> 82 | O13: ='9'!$G$139 -> 0 | P13: ='9'!$G$140 -> -0.2 | Q13: ='9'!$G$141 -> 194.66 | R13: ='9'!$G$142 -> 66.17 | S13: ='9'!$G$145 -> 51.42 | T13: ='9'!$G$146 -> 456 | U13: ='9'!$G$144 -> 154 | V13: ='9'!$G$147 -> 415.88 | W13: ='9'!$G$148 -> 176 | X13: ='9'!$G$143 -> 32.69 | Y13: ='9'!$G$58 -> 186.24 | Z13: ='9'!$G$151 -> 354 | AA13: ='9'!G158 -> 202 | AB13: ='9'!G159 -> 16.6 | AD13: ='9'!G160+'9'!H161 -> 106.3 | AE13: ='9'!$G$116 -> 0 | AF13: ='9'!$G$117 -> 22.96 | AG13: ='9'!$G$118 -> 378.57 | AH13: ='9'!$G$119 -> 405.77 | AI13: ='9'!$G$120 -> 401.64 | AJ13: ='9'!$G$121 -> 709.25 | AK13: ='9'!$G$122 -> 302.79 | AL13: ='9'!$G$123 -> 321.19 | AM13: ='9'!$G$133 -> 871.13 | AN13: ='9'!$G$15 -> 996.62 | AO13: ='9'!$G$74 -> 275.63 | AP13: ='9'!$G$75 -> 0 | AQ13: ='9'!$G$76 -> 111.02 | AR13: ='9'!$G$77 -> 48.7 | AS13: ='9'!$G$78 -> 2.1 | AT13: =AN13-SUM(AO13:AS13) -> 559.17 | AU13: =SUM('9'!G91:G92) -> 10.34 | AV13: ='9'!$G$88 -> 8.58 | AW13: ='9'!$G$89 -> -0.12 | AX13: ='9'!$G$90 -> 4.24 | AY13: =SUM(AV13:AX13) -> 12.7 | BB13: =C13-SUM(F13:K13,Y13) -> 2088.69 | BC13: =BB13/B13% -> 8.6718731
A14: 10 | B14: ='10'!G7 -> 23937 | C14: ='10'!G8 -> 24337 | D14: ='10'!G15 -> 948 | E14: ='10'!G20 -> 258 | F14: =SUM('10'!G35,'10'!G49) -> 3829 | G14: =SUM('10'!G37,'10'!G51) -> 1684 | H14: =SUM('10'!G38,'10'!G52) -> 1960 | I14: =SUM('10'!G39,'10'!G53) -> 4216 | J14: =SUM('10'!G41,'10'!G42,'10'!G55,'10'!G56) -> 7582 | K14: =SUM('10'!G43,'10'!G57) -> 2787 | L14: ='10'!G50 -> 1128 | M14: ='10'!G36 -> 799 | N14: ='10'!G138 -> 89 | O14: ='10'!$G$139 -> 1 | P14: ='10'!$G$140 -> 0 | Q14: ='10'!$G$141 -> 184 | R14: ='10'!$G$142 -> 74 | S14: ='10'!$G$145 -> 42 | T14: ='10'!$G$146 -> 361 | U14: ='10'!$G$144 -> 150 | V14: ='10'!$G$147 -> 410 | W14: ='10'!$G$148 -> 190 | X14: ='10'!$G$143 -> 30 | Y14: ='10'!$G$58 -> 197 | Z14: ='10'!$G$151 -> 291 | AA14: ='10'!G158 -> 3 | AB14: ='10'!G159 -> 18 | AD14: ='10'!G160+'10'!H161 -> 107 | AE14: ='10'!$G$116 -> 0 | AF14: ='10'!$G$117 -> 31 | AG14: ='10'!$G$118 -> 378 | AH14: ='10'!$G$119 -> 405 | AI14: ='10'!$G$120 -> 404 | AJ14: ='10'!$G$121 -> 688 | AK14: ='10'!$G$122 -> 299 | AL14: ='10'!$G$123 -> 329 | AM14: ='10'!$G$133 -> 858 | AN14: ='10'!$G$15 -> 948 | AO14: ='10'!$G$74 -> 293 | AP14: ='10'!$G$75 -> 0 | AQ14: ='10'!$G$76 -> 116 | AR14: ='10'!$G$77 -> 54 | AS14: ='10'!$G$78 -> 2 | AT14: =AN14-SUM(AO14:AS14) -> 483 | AU14: =SUM('10'!G91:G92) -> 11.09 | AV14: ='10'!$G$88 -> 9.22 | AW14: ='10'!$G$89 -> 0 | AX14: ='10'!$G$90 -> 2 | AY14: =SUM(AV14:AX14) -> 11.22 | BB14: =C14-SUM(F14:K14,Y14) -> 2082 | BC14: =BB14/B14% -> 8.6978318
A15: 11 | B15: ='11'!G7 -> 23563 | C15: ='11'!G8 -> 24048 | D15: ='11'!G15 -> 1045 | E15: ='11'!G20 -> 276 | F15: =SUM('11'!G35,'11'!G49) -> 3321 | G15: =SUM('11'!G37,'11'!G51) -> 1692 | H15: =SUM('11'!G38,'11'!G52) -> 1926 | I15: =SUM('11'!G39,'11'!G53) -> 4356 | J15: =SUM('11'!G41,'11'!G42,'11'!G55,'11'!G56) -> 7289 | K15: =SUM('11'!G43,'11'!G57) -> 2717 | L15: ='11'!G50 -> 1149 | M15: ='11'!G36 -> 779 | N15: ='11'!G138 -> 96 | O15: ='11'!$G$139 -> 1 | P15: ='11'!$G$140 -> 0 | Q15: ='11'!$G$141 -> 160 | R15: ='11'!$G$142 -> 67 | S15: ='11'!$G$145 -> 43 | T15: ='11'!$G$146 -> 415 | U15: ='11'!$G$144 -> 167 | V15: ='11'!$G$147 -> 412 | W15: ='11'!$G$148 -> 173 | X15: ='11'!$G$143 -> 31 | Y15: ='11'!$G$58 -> 232 | Z15: ='11'!$G$151 -> 346 | AA15: ='11'!G158 -> 175 | AB15: ='11'!G159 -> 35 | AC15: ='11'!G88 -> 9 | AD15: ='11'!G160+'11'!H161 -> 116 | AE15: ='11'!$G$116 -> 0 | AF15: ='11'!$G$117 -> 32 | AG15: ='11'!$G$118 -> 382 | AH15: ='11'!$G$119 -> 408 | AI15: ='11'!$G$120 -> 404 | AJ15: ='11'!$G$121 -> 722 | AK15: ='11'!$G$122 -> 338 | AL15: ='11'!$G$123 -> 337 | AM15: ='11'!$G$133 -> 801 | AN15: ='11'!$G$15 -> 1045 | AO15: ='11'!$G$74 -> 293 | AP15: ='11'!$G$75 -> 0 | AQ15: ='11'!$G$76 -> 90 | AR15: ='11'!$G$77 -> 44 | AS15: ='11'!$G$78 -> 5 | AT15: =AN15-SUM(AO15:AS15) -> 613 | AU15: =SUM('11'!G91:G92) -> 11 | AV15: ='11'!$G$88 -> 9 | AW15: ='11'!$G$89 -> 0 | AX15: ='11'!$G$90 -> 7 | AY15: =SUM(AV15:AX15) -> 16 | BB15: =C15-SUM(F15:K15,Y15) -> 2515 | BC15: =BB15/B15% -> 10.673514
A16: 12 | B16: ='12'!G7 -> 23869 | C16: ='12'!G8 -> 24516 | D16: ='12'!G15 -> 959 | E16: ='12'!G20 -> 248 | F16: =SUM('12'!G35,'12'!G49) -> 3314 | G16: =SUM('12'!G37,'12'!G51) -> 1772 | H16: =SUM('12'!G38,'12'!G52) -> 1853 | I16: =SUM('12'!G39,'12'!G53) -> 4376 | J16: =SUM('12'!G41,'12'!G42,'12'!G55,'12'!G56) -> 7367 | K16: =SUM('12'!G43,'12'!G57) -> 2735 | L16: ='12'!G50 -> 1186 | M16: ='12'!G36 -> 721 | N16: ='12'!G138 -> 73 | O16: ='12'!$G$139 -> 0 | P16: ='12'!$G$140 -> 0 | Q16: ='12'!$G$141 -> 172 | R16: ='12'!$G$142 -> 70 | S16: ='12'!$G$145 -> 40 | T16: ='12'!$G$146 -> 405 | U16: ='12'!$G$144 -> 174 | V16: ='12'!$G$147 -> 406 | W16: ='12'!$G$148 -> 168 | X16: ='12'!$G$143 -> 31 | Y16: ='12'!$G$58 -> 216 | Z16: ='12'!$G$151 -> 364 | AA16: ='12'!G158 -> 145 | AB16: ='12'!G159 -> 32 | AC16: ='12'!G88 -> 8.8 | AD16: ='12'!G160+'12'!H161 -> 163 | AE16: ='12'!$G$116 -> 0 | AF16: ='12'!$G$117 -> 21 | AG16: ='12'!$G$118 -> 446 | AH16: ='12'!$G$119 -> 388 | AI16: ='12'!$G$120 -> 412 | AJ16: ='12'!$G$121 -> 723 | AK16: ='12'!$G$122 -> 353 | AL16: ='12'!$G$123 -> 345 | AM16: ='12'!$G$133 -> 792 | AN16: ='12'!$G$15 -> 959 | AO16: ='12'!$G$74 -> 279 | AP16: ='12'!$G$75 -> 0 | AQ16: ='12'!$G$76 -> 78 | AR16: ='12'!$G$77 -> 50 | AS16: ='12'!$G$78 -> 2 | AT16: =AN16-SUM(AO16:AS16) -> 550 | AU16: =SUM('12'!G91:G92) -> 10.22 | AV16: ='12'!$G$88 -> 8.8 | AW16: ='12'!$G$89 -> 0.12 | AX16: ='12'!$G$90 -> 5.5 | AY16: =SUM(AV16:AX16) -> 14.42 | BA16: =AO16-AQ16 -> 201 | BB16: =C16-SUM(F16:K16,Y16) -> 2883 | BC16: =BB16/B16% -> 12.078428
A17: 13 | B17: ='13'!G7 -> 22951 | C17: ='13'!G8 -> 23605 | D17: ='13'!G15 -> 952 | E17: ='13'!G20 -> 219 | F17: =SUM('13'!G35,'13'!G49) -> 3602 | G17: =SUM('13'!G37,'13'!G51) -> 1663 | H17: =SUM('13'!G38,'13'!G52) -> 1845 | I17: =SUM('13'!G39,'13'!G53) -> 4354 | J17: =SUM('13'!G41,'13'!G42,'13'!G55,'13'!G56) -> 7041 | K17: =SUM('13'!G43,'13'!G57) -> 2578 | L17: ='13'!G50 -> 1068 | M17: ='13'!G36 -> 639 | N17: ='13'!G138 -> 68 | O17: ='13'!$G$139 -> 2 | P17: ='13'!$G$140 -> 0 | Q17: ='13'!$G$141 -> 182 | R17: ='13'!$G$142 -> 73 | S17: ='13'!$G$145 -> 35 | T17: ='13'!$G$146 -> 369 | U17: ='13'!$G$144 -> 169 | V17: ='13'!$G$147 -> 392 | W17: ='13'!$G$148 -> 156 | X17: ='13'!$G$143 -> 31 | Y17: ='13'!$G$58 -> 181 | Z17: ='13'!$G$151 -> 363 | AA17: ='13'!G158 -> 50 | AB17: ='13'!G159 -> 37 | AC17: ='13'!G88 -> 8.27 | AD17: ='13'!G160+'13'!H161 -> 199 | AE17: ='13'!$G$116 -> 0 | AF17: ='13'!$G$117 -> 21 | AG17: ='13'!$G$118 -> 452 | AH17: ='13'!$G$119 -> 397 | AI17: ='13'!$G$120 -> 402 | AJ17: ='13'!$G$121 -> 707 | AK17: ='13'!$G$122 -> 340 | AL17: ='13'!$G$123 -> 341 | AM17: ='13'!$G$133 -> 724 | AN17: ='13'!$G$15 -> 952 | AO17: ='13'!$G$74 -> 296 | AP17: ='13'!$G$75 -> 0 | AQ17: ='13'!$G$76 -> 86 | AR17: ='13'!$G$77 -> 43 | AS17: ='13'!$G$78 -> 2 | AT17: =AN17-SUM(AO17:AS17) -> 525 | AU17: =SUM('13'!G91:G92) -> 10.99 | AV17: ='13'!$G$88 -> 8.27 | AW17: ='13'!$G$89 -> 0 | AX17: ='13'!$G$90 -> 5.19 | AY17: =SUM(AV17:AX17) -> 13.46 | BA17: =AO17-AT17 -> -229 | BB17: =C17-SUM(F17:K17,Y17) -> 2341 | BC17: =BB17/B17% -> 10.199991
A18: 14 | B18: ='14'!G7 -> 24059 | C18: ='14'!G8 -> 24667 | D18: ='14'!G15 -> 1032 | E18: ='14'!G20 -> 241 | F18: =SUM('14'!G35,'14'!G49) -> 3657 | G18: =SUM('14'!G37,'14'!G51) -> 1696 | H18: =SUM('14'!G38,'14'!G52) -> 1962 | I18: =SUM('14'!G39,'14'!G53) -> 4269 | J18: =SUM('14'!G41,'14'!G42,'14'!G55,'14'!G56) -> 7906 | K18: =SUM('14'!G43,'14'!G57) -> 2705 | L18: ='14'!G50 -> 1042 | M18: ='14'!G36 -> 590 | N18: ='14'!G138 -> 78 | O18: ='14'!$G$139 -> 1 | P18: ='14'!$G$140 -> 0 | Q18: ='14'!$G$141 -> 182 | R18: ='14'!$G$142 -> 74 | S18: ='14'!$G$145 -> 40 | T18: ='14'!$G$146 -> 383 | U18: ='14'!$G$144 -> 178 | V18: ='14'!$G$147 -> 413 | W18: ='14'!$G$148 -> 150 | X18: ='14'!$G$143 -> 28 | Y18: ='14'!$G$58 -> 255 | Z18: ='14'!$G$151 -> 327 | AA18: ='14'!G158 -> 49 | AB18: ='14'!G159 -> 39 | AC18: ='14'!G88 -> 9.4 | AD18: ='14'!G160+'14'!H161 -> 163 | AE18: ='14'!$G$116 -> 0 | AF18: ='14'!$G$117 -> 20 | AG18: ='14'!$G$118 -> 409 | AH18: ='14'!$G$119 -> 403 | AI18: ='14'!$G$120 -> 394 | AJ18: ='14'!$G$121 -> 680 | AK18: ='14'!$G$122 -> 326 | AL18: ='14'!$G$123 -> 331 | AM18: ='14'!$G$133 -> 751 | AN18: ='14'!$G$15 -> 1032 | AO18: ='14'!$G$74 -> 290 | AP18: ='14'!$G$75 -> 0 | AQ18: ='14'!$G$76 -> 105 | AR18: ='14'!$G$77 -> 46 | AS18: ='14'!$G$78 -> 2 | AT18: =AN18-SUM(AO18:AS18) -> 589 | AU18: =SUM('14'!G91:G92) -> 10.72 | AV18: ='14'!$G$88 -> 9.4 | AW18: ='14'!$G$89 -> 0 | AX18: ='14'!$G$90 -> 5.97 | AY18: =SUM(AV18:AX18) -> 15.37 | BA18: =AO18-AT18 -> -299 | BB18: =C18-SUM(F18:K18,Y18) -> 2217 | BC18: =BB18/B18% -> 9.2148468
A19: 15 | B19: ='15'!G7 -> 22613 | C19: ='15'!G8 -> 23193 | D19: ='15'!G15 -> 976 | E19: ='15'!G20 -> 269 | F19: =SUM('15'!G35,'15'!G49) -> 3380 | G19: =SUM('15'!G37,'15'!G51) -> 1687 | H19: =SUM('15'!G38,'15'!G52) -> 1953 | I19: =SUM('15'!G39,'15'!G53) -> 4212 | J19: =SUM('15'!G41,'15'!G42,'15'!G55,'15'!G56) -> 6623 | K19: =SUM('15'!G43,'15'!G57) -> 2560 | L19: ='15'!G50 -> 1047 | M19: ='15'!G36 -> 935 | N19: ='15'!G138 -> 69 | O19: ='15'!$G$139 -> 1 | P19: ='15'!$G$140 -> 0 | Q19: ='15'!$G$141 -> 196 | R19: ='15'!$G$142 -> 81 | S19: ='15'!$G$145 -> 42 | T19: ='15'!$G$146 -> 380 | U19: ='15'!$G$144 -> 177 | V19: ='15'!$G$147 -> 396 | W19: ='15'!$G$148 -> 156 | X19: ='15'!$G$143 -> 27 | Y19: ='15'!$G$58 -> 247 | Z19: ='15'!$G$151 -> 350 | AA19: ='15'!G158 -> 40 | AB19: ='15'!G159 -> 18 | AC19: ='15'!G88 -> 9.72 | AD19: ='15'!G160+'15'!H161 -> 131 | AE19: ='15'!$G$116 -> 0 | AF19: ='15'!$G$117 -> 26 | AG19: ='15'!$G$118 -> 349 | AH19: ='15'!$G$119 -> 431 | AI19: ='15'!$G$120 -> 400 | AJ19: ='15'!$G$121 -> 664 | AK19: ='15'!$G$122 -> 327 | AL19: ='15'!$G$123 -> 345 | AM19: ='15'!$G$133 -> 716 | AN19: ='15'!$G$15 -> 976 | AO19: ='15'!$G$74 -> 288 | AP19: ='15'!$G$75 -> 0 | AQ19: ='15'!$G$76 -> 82 | AR19: ='15'!$G$77 -> 53 | AS19: ='15'!$G$78 -> 2 | AT19: =AN19-SUM(AO19:AS19) -> 551 | AU19: =SUM('15'!G91:G92) -> 10.66 | AV19: ='15'!$G$88 -> 9.72 | AW19: ='15'!$G$89 -> 0 | AX19: ='15'!$G$90 -> 0.54 | AY19: =SUM(AV19:AX19) -> 10.26 | BA19: =AO19-AT19 -> -263 | BB19: =C19-SUM(F19:K19,Y19) -> 2531 | BC19: =BB19/B19% -> 11.192677
A20: 16 | B20: ='16'!G7 -> 21373.71 | C20: ='16'!G8 -> 21644.71 | D20: ='16'!G15 -> 978.883 | E20: ='16'!G20 -> 280 | F20: =SUM('16'!G35,'16'!G49) -> 4287.14 | G20: =SUM('16'!G37,'16'!G51) -> 1707.67 | H20: =SUM('16'!G38,'16'!G52) -> 1899.88 | I20: =SUM('16'!G39,'16'!G53) -> 4126.13 | J20: =SUM('16'!G41,'16'!G42,'16'!G55,'16'!G56) -> 5849.52 | K20: =SUM('16'!G43,'16'!G57) -> 2418.5 | L20: ='16'!G50 -> 1115.23 | M20: ='16'!G36 -> 766.8 | N20: ='16'!G138 -> 82 | O20: ='16'!$G$139 -> 1 | P20: ='16'!$G$140 -> 0.4 | Q20: ='16'!$G$141 -> 187.8 | R20: ='16'!$G$142 -> 73.49 | S20: ='16'!$G$145 -> 43 | T20: ='16'!$G$146 -> 342 | U20: ='16'!$G$144 -> 177 | V20: ='16'!$G$147 -> 418.04 | W20: ='16'!$G$148 -> 221.12 | X20: ='16'!$G$143 -> 30.58 | Y20: ='16'!$G$58 -> 216.26 | Z20: ='16'!$G$151 -> 348 | AA20: ='16'!G158 -> 72.44 | AB20: ='16'!G159 -> 25.1 | AC20: ='16'!G88 -> 9.66 | AD20: ='16'!G160+'16'!H161 -> 134.1 | AE20: ='16'!$G$116 -> 0 | AF20: ='16'!$G$117 -> 41.1 | AG20: ='16'!$G$118 -> 352.57 | AH20: ='16'!$G$119 -> 409.5 | AI20: ='16'!$G$120 -> 409.98 | AJ20: ='16'!$G$121 -> 637.85 | AK20: ='16'!$G$122 -> 294.351 | AL20: ='16'!$G$123 -> 338.97 | AM20: ='16'!$G$133 -> 719.4 | AN20: ='16'!$G$15 -> 978.883 | AO20: ='16'!$G$74 -> 290.61 | AP20: ='16'!$G$75 -> 0 | AQ20: ='16'!$G$76 -> 119.178 | AR20: ='16'!$G$77 -> 51.15 | AS20: ='16'!$G$78 -> 3.6 | AT20: =AN20-SUM(AO20:AS20) -> 514.345 | AU20: =SUM('16'!G91:G92) -> 10.53 | AV20: ='16'!$G$88 -> 9.66 | AW20: ='16'!$G$89 -> 0 | AX20: ='16'!$G$90 -> 2.5 | AY20: =SUM(AV20:AX20) -> 12.16 | BA20: =AO20-AT20 -> -223.735 | BB20: =C20-SUM(F20:K20,Y20) -> 1139.61 | BC20: =BB20/B20% -> 5.3318306
A21: 17 | B21: ='17'!G7 -> 22835.76 | C21: ='17'!G8 -> 23033.04 | D21: ='17'!G15 -> 875 | E21: ='17'!G20 -> 271 | F21: =SUM('17'!G35,'17'!G49) -> 4163.32 | G21: =SUM('17'!G37,'17'!G51) -> 1635.2 | H21: =SUM('17'!G38,'17'!G52) -> 1880.72 | I21: =SUM('17'!G39,'17'!G53) -> 4167.9 | J21: =SUM('17'!G41,'17'!G42,'17'!G55,'17'!G56) -> 6803.66 | K21: =SUM('17'!G43,'17'!G57) -> 2564.7 | L21: ='17'!G50 -> 1251.72 | M21: ='17'!G36 -> 742.3 | N21: ='18 '!G138 -> -1715 | O21: ='17'!$G$139 -> -1 | P21: ='17'!$G$140 -> 3.7 | Q21: ='17'!$G$141 -> 178.7 | R21: ='17'!$G$142 -> 68.81 | S21: ='17'!$G$145 -> 30.4 | T21: ='17'!$G$146 -> 346 | U21: ='17'!$G$144 -> 165 | V21: ='17'!$G$147 -> 434.68 | W21: ='17'!$G$148 -> 244.42 | X21: ='17'!$G$143 -> 26.77 | Y21: ='17'!$G$58 -> 239.54 | Z21: ='17'!$G$151 -> 357 | AA21: ='17'!G158 -> 40.96 | AB21: ='17'!G159 -> 17.3 | AC21: ='17'!G88 -> 9.38 | AD21: ='17'!G160+'17'!H161 -> 225.7 | AE21: ='17'!$G$116 -> 0 | AF21: ='17'!$G$117 -> 29.92 | AG21: ='17'!$G$118 -> 344.82 | AH21: ='17'!$G$119 -> 415.55 | AI21: ='17'!$G$120 -> 407.51 | AJ21: ='17'!$G$121 -> 646.05 | AK21: ='17'!$G$122 -> 313.289 | AL21: ='17'!$G$123 -> 344.37 | AM21: ='17'!$G$133 -> 772.1 | AN21: ='17'!$G$15 -> 875 | AO21: ='17'!$G$74 -> 303.26 | AP21: ='17'!$G$75 -> 0 | AQ21: ='17'!$G$76 -> 93.742 | AR21: ='17'!$G$77 -> 46.65 | AS21: ='17'!$G$78 -> 2 | AT21: =AN21-SUM(AO21:AS21) -> 429.348 | AU21: =SUM('17'!G91:G92) -> 11.21 | AV21: ='17'!$G$88 -> 9.38 | AW21: ='17'!$G$89 -> 0.003 | AX21: ='17'!$G$90 -> 2.53 | AY21: =SUM(AV21:AX21) -> 11.913 | BA21: =AO21-AT21 -> -126.088 | BB21: =C21-SUM(F21:K21,Y21) -> 1578 | BC21: =BB21/B21% -> 6.9102145
A22: 18 | B22: ='18 '!G7 -> 23000 | C22: ='18 '!G8 -> 23050 | D22: ='18 '!G15 -> 875 | E22: ='18 '!G20 -> 200 | F22: =SUM('18 '!G35,'18 '!G49) -> 1321112.5 | G22: =SUM('18 '!G37,'18 '!G51) -> 64161.13 | H22: =SUM('18 '!G38,'18 '!G52) -> 454831.4 | I22: =SUM('18 '!G39,'18 '!G53) -> 877442.97 | J22: =SUM('18 '!G41,'18 '!G42,'18 '!G55,'18 '!G56) -> -329160.4 | K22: =SUM('18 '!G43,'18 '!G57) -> -109327.2 | L22: ='18 '!G50 -> -56853.95 | M22: ='18 '!G36 -> -35870.1 | N22: ='18 '!G138 -> -1715 | O22: ='18 '!$G$139 -> -22 | P22: ='18 '!$G$140 -> -25.1 | Q22: ='18 '!$G$141 -> -8345.5 | R22: ='18 '!$G$142 -> -3261.3 | S22: ='18 '!$G$145 -> -1664.4 | T22: ='18 '!$G$146 -> -693059 | U22: ='18 '!$G$144 -> -852910 | V22: ='18 '!$G$147 -> -583077.72 | W22: ='18 '!$G$148 -> -661750.54 | X22: ='18 '!$G$143 -> -1002.35 | Y22: ='18 '!$G$58 -> -9919.8 | Z22: ='18 '!$G$151 -> -59040 | AA22: ='18 '!G158 -> -3818.4 | AB22: ='18 '!G159 -> -1440.4 | AC22: ='18 '!G88 -> -345.8 | AD22: ='18 '!G160+'18 '!H161 -> -3198.2 | AE22: ='18 '!$G$116 -> 44933 | AF22: ='18 '!$G$117 -> 44108.98 | AG22: ='18 '!$G$118 -> -168434.39 | AH22: ='18 '!$G$119 -> -168018.05 | AI22: ='18 '!$G$120 -> 32509.51 | AJ22: ='18 '!$G$121 -> -276594.9 | AK22: ='18 '!$G$122 -> -52056.64 | AL22: ='18 '!$G$123 -> -76307.34 | AM22: ='18 '!$G$133 -> -29556.5 | AN22: ='18 '!$G$15 -> 875 | AO22: ='18 '!$G$74 -> -13121.87 | AP22: ='18 '!$G$75 -> 0 | AQ22: ='18 '!$G$76 -> -4502.92 | AR22: ='18 '!$G$77 -> -2221.8 | AS22: ='18 '!$G$78 -> -112.6 | AT22: =AN22-SUM(AO22:AS22) -> 20834.19 | AU22: =SUM('18 '!G91:G92) -> -485.95 | AV22: ='18 '!$G$88 -> -345.8 | AW22: ='18 '!$G$89 -> -109.163 | AX22: ='18 '!$G$90 -> -63.68 | AY22: =SUM(AV22:AX22) -> -518.643 | BA22: =AO22-AT22 -> -33956.06 | BB22: =C22-SUM(F22:K22,Y22) -> -2246090.6 | BC22: =BB22/B22% -> -9765.6115
A23: 19 | B23: ='19'!G7 -> 23000 | C23: ='19'!G8 -> 23050 | D23: ='19'!G15 -> 875 | E23: ='19'!G20 -> 200 | F23: =SUM('19'!G35,'19'!G49) -> 1321112.5 | G23: =SUM('19'!G37,'19'!G51) -> 64161.13 | H23: =SUM('19'!G38,'19'!G52) -> 454831.4 | I23: =SUM('19'!G39,'19'!G53) -> 877442.97 | J23: =SUM('19'!G41,'19'!G42,'19'!G55,'19'!G56) -> -329160.4 | K23: =SUM('19'!G43,'19'!G57) -> -109327.2 | L23: ='19'!G50 -> -56853.95 | M23: ='19'!G36 -> -35870.1 | N23: ='19'!G138 -> -1715 | O23: ='19'!$G$139 -> -22 | P23: ='19'!$G$140 -> -25.1 | Q23: ='19'!$G$141 -> -8345.5 | R23: ='19'!G142 -> -3261.3 | S23: ='19'!$G$145 -> -1664.4 | T23: ='19'!$G$146 -> -693059 | U23: ='19'!$G$144 -> -852910 | V23: ='19'!$G$147 -> -583077.72 | W23: ='19'!$G$148 -> -661750.54 | X23: ='19'!$G$143 -> -1002.35 | Y23: ='19'!$G$58 -> -9919.8 | Z23: ='19'!$G$151 -> -59040 | AA23: ='19'!G158 -> -3818.4 | AB23: ='19'!G159 -> -1440.4 | AC23: ='19'!G88 -> -345.8 | AD23: ='19'!G160+'19'!H161 -> -3567.5 | AE23: ='19'!$G$116 -> 44933 | AF23: ='19'!$G$117 -> 44108.98 | AG23: ='19'!$G$118 -> -168434.39 | AH23: ='19'!$G$119 -> -168018.05 | AI23: ='19'!$G$120 -> 32509.51 | AJ23: ='19'!$G$121 -> -276594.9 | AK23: ='19'!$G$122 -> -52056.64 | AL23: ='19'!$G$123 -> -76307.34 | AM23: ='19'!$G$133 -> -29556.5 | AN23: ='19'!$G$15 -> 875 | AO23: ='19'!$G$74 -> -13121.87 | AP23: ='19'!$G$75 -> 0 | AQ23: ='19'!$G$76 -> -4502.92 | AR23: ='19'!$G$77 -> -2221.8 | AS23: ='19'!$G$78 -> -112.6 | AT23: =AN23-SUM(AO23:AS23) -> 20834.19 | AU23: =SUM('19'!G91:G92) -> -485.95 | AV23: ='19'!$G$88 -> -345.8 | AW23: ='19'!$G$89 -> -109.163 | AX23: ='19'!$G$90 -> -63.68 | AY23: =SUM(AV23:AX23) -> -518.643 | BA23: =AO23-AT23 -> -33956.06 | BB23: =C23-SUM(F23:K23,Y23) -> -2246090.6 | BC23: =BB23/B23% -> -9765.6115
A24: 20 | B24: ='20'!G7 -> 23000 | C24: ='20'!G8 -> 23050 | D24: ='20'!G15 -> 875 | E24: ='20'!G20 -> 200 | F24: =SUM('20'!G35,'20'!G49) -> 0 | G24: =SUM('20'!G37,'20'!G51) -> 0 | H24: =SUM('20'!G38,'20'!G52) -> 0 | I24: =SUM('20'!G39,'20'!G53) -> 0 | J24: =SUM('20'!G41,'20'!G42,'20'!G55,'20'!G56) -> 0 | K24: =SUM('20'!G43,'20'!G57) -> 0 | L24: ='20'!G50 -> 0 | M24: ='20'!G36 -> 0 | N24: ='20'!G138 -> 0 | O24: ='20'!$G$139 -> 0 | P24: ='20'!$G$140 -> 0 | Q24: ='20'!$G$141 -> 0 | R24: ='20'!$G$142 -> 0 | S24: ='20'!$G$145 -> 0 | T24: ='20'!$G$146 -> 0 | U24: ='20'!$G$144 -> 0 | V24: ='20'!$G$147 -> 0 | W24: ='20'!$G$148 -> 0 | X24: ='20'!$G$143 -> 0 | Y24: ='20'!$G$58 -> 0 | Z24: ='20'!$G$151 -> 0 | AA24: ='20'!G158 -> 0 | AB24: ='20'!G159 -> 0 | AC24: ='20'!G88 -> 0 | AD24: ='20'!G160+'20'!H161 -> -555.3 | AE24: ='20'!$G$116 -> 0 | AF24: ='20'!$G$117 -> 0 | AG24: ='20'!$G$118 -> 0 | AH24: ='20'!$G$119 -> 0 | AI24: ='20'!$G$120 -> 0 | AJ24: ='20'!$G$121 -> 0 | AK24: ='20'!$G$122 -> 0 | AL24: ='20'!$G$123 -> 0 | AM24: ='20'!$G$133 -> 0 | AN24: ='20'!$G$15 -> 875 | AO24: ='20'!$G$74 -> 0 | AP24: ='20'!$G$75 -> 0 | AQ24: ='20'!$G$76 -> 0 | AR24: ='20'!$G$77 -> 0 | AS24: ='20'!$G$78 -> 0 | AT24: =AN24-SUM(AO24:AS24) -> 875 | AU24: =SUM('20'!G91:G92) -> 0 | AV24: ='20'!$G$88 -> 0 | AW24: ='20'!$G$89 -> 0 | AX24: ='20'!$G$90 -> 0 | AY24: =SUM(AV24:AX24) -> 0 | BA24: =AO24-AT24 -> -875 | BB24: =C24-SUM(F24:K24,Y24) -> 23050 | BC24: =BB24/B24% -> 100.21739
A25: 21 | B25: ='21'!G7 -> 23000 | C25: ='21'!G8 -> 23050 | D25: ='21'!G15 -> 875 | E25: ='21'!G20 -> 200 | F25: =SUM('21'!G35,'21'!G49) -> 0 | G25: =SUM('21'!G37,'21'!G51) -> 0 | H25: =SUM('21'!G38,'21'!G52) -> 0 | I25: =SUM('21'!G39,'21'!G53) -> 0 | J25: =SUM('21'!G41,'21'!G42,'21'!G55,'21'!G56) -> 0 | K25: =SUM('21'!G43,'21'!G57) -> 0 | L25: ='21'!G50 -> 0 | M25: ='21'!G36 -> 0 | N25: ='21'!G138 -> 0 | O25: ='21'!$G$139 -> 0 | P25: ='21'!$G$140 -> 0 | Q25: ='21'!$G$141 -> 0 | R25: ='21'!$G$142 -> 0 | S25: ='21'!$G$145 -> 0 | T25: ='21'!$G$146 -> 0 | U25: ='21'!$G$144 -> 0 | V25: ='21'!$G$147 -> 0 | W25: ='21'!$G$148 -> 0 | X25: ='21'!$G$143 -> 0 | Y25: ='21'!$G$58 -> 0 | Z25: ='21'!$G$151 -> 0 | AA25: ='21'!G158 -> 0 | AB25: ='21'!G159 -> 0 | AC25: ='21'!G88 -> 0 | AD25: ='21'!G160+'21'!H161 -> -555.3 | AE25: ='21'!$G$116 -> 0 | AF25: ='21'!$G$117 -> 0 | AG25: ='21'!$G$118 -> 0 | AH25: ='21'!$G$119 -> 0 | AI25: ='21'!$G$120 -> 0 | AJ25: ='21'!$G$121 -> 0 | AK25: ='21'!$G$122 -> 0 | AL25: ='21'!$G$123 -> 0 | AM25: ='21'!$G$133 -> 0 | AN25: ='21'!$G$15 -> 875 | AO25: ='21'!$G$74 -> 0 | AP25: ='21'!$G$75 -> 0 | AQ25: ='21'!$G$76 -> 0 | AR25: ='21'!$G$77 -> 0 | AS25: ='21'!$G$78 -> 0 | AT25: =AN25-SUM(AO25:AS25) -> 875 | AU25: =SUM('21'!G91:G92) -> 0 | AV25: ='21'!$G$88 -> 0 | AW25: ='21'!$G$89 -> 0 | AX25: ='21'!$G$90 -> 0 | AY25: =SUM(AV25:AX25) -> 0 | BA25: =AO25-AT25 -> -875 | BB25: =C25-SUM(F25:K25,Y25) -> 23050 | BC25: =BB25/B25% -> 100.21739
A26: 22 | B26: ='22'!G7 -> 23000 | C26: ='22'!G8 -> 23050 | D26: ='22'!G15 -> 875 | E26: ='22'!G20 -> 200 | F26: =SUM('22'!G35,'22'!G49) -> 0 | G26: =SUM('22'!G37,'22'!G51) -> 0 | H26: =SUM('22'!G38,'22'!G52) -> 0 | I26: =SUM('22'!G39,'22'!G53) -> 0 | J26: =SUM('22'!G41,'22'!G42,'22'!G55,'22'!G56) -> 0 | K26: =SUM('22'!G43,'22'!G57) -> 0 | L26: ='22'!G50 -> 0 | M26: ='22'!G36 -> 0 | N26: ='22'!G138 -> 0 | O26: ='22'!$G$139 -> 0 | P26: ='22'!$G$140 -> 0 | Q26: ='22'!$G$141 -> 0 | R26: ='22'!$G$142 -> 0 | S26: ='22'!$G$145 -> 0 | T26: ='22'!$G$146 -> 0 | U26: ='22'!$G$144 -> 0 | V26: ='22'!$G$147 -> 0 | W26: ='22'!$G$148 -> 0 | X26: ='22'!$G$143 -> 0 | Y26: ='22'!$G$58 -> 0 | Z26: ='22'!$G$151 -> 0 | AA26: ='22'!G158 -> 0 | AB26: ='22'!G159 -> 0 | AC26: ='22'!G88 -> 0 | AD26: ='22'!G160+'22'!H161 -> -555.3 | AE26: ='22'!$G$116 -> 0 | AF26: ='22'!$G$117 -> 0 | AG26: ='22'!$G$118 -> 0 | AH26: ='22'!$G$119 -> 0 | AI26: ='22'!$G$120 -> 0 | AJ26: ='22'!$G$121 -> 0 | AK26: ='22'!$G$122 -> 0 | AL26: ='22'!$G$123 -> 0 | AM26: ='22'!$G$133 -> 0 | AN26: ='22'!$G$15 -> 875 | AO26: ='22'!$G$74 -> 0 | AP26: ='22'!$G$75 -> 0 | AQ26: ='22'!$G$76 -> 0 | AR26: ='22'!$G$77 -> 0 | AS26: ='22'!$G$78 -> 0 | AT26: =AN26-SUM(AO26:AS26) -> 875 | AU26: =SUM('22'!G91:G92) -> 0 | AV26: ='22'!$G$88 -> 0 | AW26: ='22'!$G$89 -> 0 | AX26: ='22'!$G$90 -> 0 | AY26: =SUM(AV26:AX26) -> 0 | BA26: =AO26-AT26 -> -875 | BB26: =C26-SUM(F26:K26,Y26) -> 23050 | BC26: =BB26/B26% -> 100.21739
A27: 23 | B27: ='23'!G7 -> 23000 | C27: ='23'!G8 -> 23050 | D27: ='23'!G15 -> 875 | E27: ='23'!G20 -> 200 | F27: =SUM('23'!G35,'23'!G49) -> 0 | G27: =SUM('23'!G37,'23'!G51) -> 0 | H27: =SUM('23'!G38,'23'!G52) -> 0 | I27: =SUM('23'!G39,'23'!G53) -> 0 | J27: =SUM('23'!G41,'23'!G42,'23'!G55,'23'!G56) -> 0 | K27: =SUM('23'!G43,'23'!G57) -> 0 | L27: ='23'!G50 -> 0 | M27: ='23'!G36 -> 0 | N27: ='23'!G138 -> 0 | O27: ='23'!G139 -> 0 | P27: ='23'!$G$140 -> 0 | Q27: ='23'!$G$141 -> 0 | R27: ='23'!$G$142 -> 0 | S27: ='23'!$G$145 -> 0 | T27: ='23'!$G$146 -> 0 | U27: ='23'!$G$144 -> 0 | V27: ='23'!$G$147 -> 0 | W27: ='23'!$G$148 -> 0 | X27: ='23'!$G$143 -> 0 | Y27: ='23'!$G$58 -> 0 | Z27: ='23'!$G$151 -> 0 | AA27: ='23'!$G$158 -> 0 | AB27: ='23'!G159 -> 0 | AC27: ='23'!G88 -> 0 | AD27: ='23'!G160+'23'!H161 -> -555.3 | AE27: ='23'!$G$116 -> 0 | AF27: ='23'!$G$117 -> 0 | AG27: ='23'!$G$118 -> 0 | AH27: ='23'!$G$119 -> 0 | AI27: ='23'!$G$120 -> 0 | AJ27: ='23'!$G$121 -> 0 | AK27: ='23'!$G$122 -> 0 | AL27: ='23'!$G$123 -> 0 | AM27: ='23'!$G$133 -> 0 | AN27: ='23'!$G$15 -> 875 | AO27: ='23'!$G$74 -> 0 | AP27: ='23'!$G$75 -> 0 | AQ27: ='23'!$G$76 -> 0 | AR27: ='23'!$G$77 -> 0 | AS27: ='23'!$G$78 -> 0 | AT27: =AN27-SUM(AO27:AS27) -> 875 | AU27: =SUM('23'!G91:G92) -> 0 | AV27: ='23'!$G$88 -> 0 | AW27: ='23'!$G$89 -> 0 | AX27: ='23'!$G$90 -> 0 | AY27: =SUM(AV27:AX27) -> 0 | BA27: =AO27-AT27 -> -875 | BB27: =C27-SUM(F27:K27,Y27) -> 23050 | BC27: =BB27/B27% -> 100.21739
A28: 24 | B28: ='24'!G7 -> 23000 | C28: ='24'!G8 -> 23050 | D28: ='24'!G15 -> 875 | E28: ='24'!G20 -> 200 | F28: =SUM('24'!G35,'24'!G49) -> 0 | G28: =SUM('24'!G37,'24'!G51) -> 0 | H28: =SUM('24'!G38,'24'!G52) -> 0 | I28: =SUM('24'!G39,'24'!G53) -> 0 | J28: =SUM('24'!G41,'24'!G42,'24'!G55,'24'!G56) -> 0 | K28: =SUM('24'!G43,'24'!G57) -> 0 | L28: ='24'!G50 -> 0 | M28: ='24'!G36 -> 0 | N28: ='24'!G138 -> 0 | O28: ='24'!G139 -> 0 | P28: ='24'!$G$140 -> 0 | Q28: ='24'!$G$141 -> 0 | R28: ='24'!$G$142 -> 0 | S28: ='24'!$G$145 -> 0 | T28: ='24'!$G$146 -> 0 | U28: ='24'!$G$144 -> 0 | V28: ='24'!$G$147 -> 0 | W28: ='24'!$G$148 -> 0 | X28: ='24'!$G$143 -> 0 | Y28: ='24'!$G$58 -> 0 | Z28: ='24'!$G$151 -> 0 | AA28: ='24'!G158 -> 0 | AB28: ='24'!G159 -> 0 | AC28: ='24'!G88 -> 0 | AD28: ='24'!G160+'24'!H161 -> -555.3 | AE28: ='24'!$G$116 -> 0 | AF28: ='24'!$G$117 -> 0 | AG28: ='24'!$G$118 -> 0 | AH28: ='24'!$G$119 -> 0 | AI28: ='24'!$G$120 -> 0 | AJ28: ='24'!$G$121 -> 0 | AK28: ='24'!$G$122 -> 0 | AL28: ='24'!$G$123 -> 0 | AM28: ='24'!$G$133 -> 0 | AN28: ='24'!$G$15 -> 875 | AO28: ='24'!$G$74 -> 0 | AP28: ='24'!$G$75 -> 0 | AQ28: ='24'!$G$76 -> 0 | AR28: ='24'!$G$77 -> 0 | AS28: ='24'!$G$78 -> 0 | AT28: =AN28-SUM(AO28:AS28) -> 875 | AU28: =SUM('24'!G91:G92) -> 0 | AV28: ='24'!$G$88 -> 0 | AW28: ='24'!$G$89 -> 0 | AX28: ='24'!$G$90 -> 0 | AY28: =SUM(AV28:AX28) -> 0 | BA28: =AO28-AT28 -> -875 | BB28: =C28-SUM(F28:K28,Y28) -> 23050 | BC28: =BB28/B28% -> 100.21739
A29: 25 | B29: ='25'!G7 -> 23000 | C29: ='25'!G8 -> 23050 | D29: ='25'!G15 -> 875 | E29: ='25'!G20 -> 200 | F29: =SUM('25'!G35,'25'!G49) -> 0 | G29: =SUM('25'!G37,'25'!G51) -> 0 | H29: =SUM('25'!G38,'25'!G52) -> 0 | I29: =SUM('25'!G39,'25'!G53) -> 0 | J29: =SUM('25'!G41,'25'!G42,'25'!G55,'25'!G56) -> 0 | K29: =SUM('25'!G43,'25'!G57) -> 0 | L29: ='25'!G50 -> 0 | M29: ='25'!G36 -> 0 | N29: ='25'!G138 -> 0 | O29: ='25'!$G$139 -> 0 | P29: ='25'!$G$140 -> 0 | Q29: ='25'!$G$141 -> 0 | R29: ='25'!$G$142 -> 0 | S29: ='25'!$G$145 -> 0 | T29: ='25'!$G$146 -> 0 | U29: ='25'!$G$144 -> 0 | V29: ='25'!$G$147 -> 0 | W29: ='25'!$G$148 -> 0 | X29: ='25'!$G$143 -> 0 | Y29: ='25'!$G$58 -> 0 | Z29: ='25'!$G$151 -> 0 | AA29: ='25'!G158 -> 0 | AB29: ='25'!G159 -> 0 | AC29: ='25'!G88 -> 0 | AD29: ='25'!G160+'25'!H161 -> -555.3 | AE29: ='25'!$G$116 -> 0 | AF29: ='25'!$G$117 -> 0 | AG29: ='25'!$G$118 -> 0 | AH29: ='25'!$G$119 -> 0 | AI29: ='25'!$G$120 -> 0 | AJ29: ='25'!$G$121 -> 0 | AK29: ='25'!$G$122 -> 0 | AL29: ='25'!$G$123 -> 0 | AM29: ='25'!$G$133 -> 0 | AN29: ='25'!$G$15 -> 875 | AO29: ='25'!$G$74 -> 0 | AP29: ='25'!$G$75 -> 0 | AQ29: ='25'!$G$76 -> 0 | AR29: ='25'!$G$77 -> 0 | AS29: ='25'!$G$78 -> 0 | AT29: =AN29-SUM(AO29:AS29) -> 875 | AU29: =SUM('25'!G91:G92) -> 0 | AV29: ='25'!$G$88 -> 0 | AW29: ='25'!$G$89 -> 0 | AX29: ='25'!$G$90 -> 0 | AY29: =SUM(AV29:AX29) -> 0 | BA29: =AO29-AT29 -> -875 | BB29: =C29-SUM(F29:K29,Y29) -> 23050 | BC29: =BB29/B29% -> 100.21739
A30: 26 | B30: ='26'!G7 -> 23000 | C30: ='26'!G8 -> 23050 | D30: ='26'!G15 -> 875 | E30: ='26'!G20 -> 200 | F30: =SUM('26'!G35,'26'!G49) -> 0 | G30: =SUM('26'!G37,'26'!G51) -> 0 | H30: =SUM('26'!G38,'26'!G52) -> 0 | I30: =SUM('26'!G39,'26'!G53) -> 0 | J30: =SUM('26'!G41,'26'!G42,'26'!G55,'26'!G56) -> 0 | K30: =SUM('26'!G43,'26'!G57) -> 0 | L30: ='26'!G50 -> 0 | M30: ='26'!G36 -> 0 | N30: ='26'!G138 -> 0 | O30: ='26'!$G$139 -> 0 | P30: ='26'!$G$140 -> 0 | Q30: ='26'!$G$141 -> 0 | R30: ='26'!$G$142 -> 0 | S30: ='26'!$G$145 -> 0 | T30: ='26'!$G$146 -> 0 | U30: ='26'!$G$144 -> 0 | V30: ='26'!$G$147 -> 0 | W30: ='26'!$G$148 -> 0 | X30: ='26'!$G$143 -> 0 | Y30: ='26'!$G$58 -> 0 | Z30: ='26'!$G$151 -> 0 | AA30: ='26'!G158 -> 0 | AB30: ='26'!G159 -> 0 | AC30: ='26'!G88 -> 0 | AD30: ='26'!G160+'26'!H161 -> -555.3 | AE30: ='26'!$G$116 -> 0 | AF30: ='26'!$G$117 -> 0 | AG30: ='26'!$G$118 -> 0 | AH30: ='26'!$G$119 -> 0 | AI30: ='26'!$G$120 -> 0 | AJ30: ='26'!$G$121 -> 0 | AK30: ='26'!$G$122 -> 0 | AL30: ='26'!$G$123 -> 0 | AM30: ='26'!$G$133 -> 0 | AN30: ='26'!$G$15 -> 875 | AO30: ='26'!$G$74 -> 0 | AP30: ='26'!$G$75 -> 0 | AQ30: ='26'!$G$76 -> 0 | AR30: ='26'!$G$77 -> 0 | AS30: ='26'!$G$78 -> 0 | AT30: =AN30-SUM(AO30:AS30) -> 875 | AU30: =SUM('26'!G91:G92) -> 0 | AV30: ='26'!$G$88 -> 0 | AW30: ='26'!$G$89 -> 0 | AX30: ='26'!$G$90 -> 0 | AY30: =SUM(AV30:AX30) -> 0 | BA30: =AO30-AT30 -> -875 | BB30: =C30-SUM(F30:K30,Y30) -> 23050 | BC30: =BB30/B30% -> 100.21739
A31: 27 | B31: ='27'!G7 -> 23000 | C31: ='27'!G8 -> 23050 | D31: ='27'!G15 -> 875 | E31: ='27'!G20 -> 200 | F31: =SUM('27'!G35,'27'!G49) -> 0 | G31: =SUM('27'!G37,'27'!G51) -> 0 | H31: =SUM('27'!G38,'27'!G52) -> 0 | I31: =SUM('27'!G39,'27'!G53) -> 0 | J31: =SUM('27'!G41,'27'!G42,'27'!G55,'27'!G56) -> 0 | K31: =SUM('27'!G43,'27'!G57) -> 0 | L31: ='27'!G50 -> 0 | M31: ='27'!G36 -> 0 | N31: ='27'!G138 -> 0 | O31: ='27'!$G$139 -> 0 | P31: ='27'!$G$140 -> 0 | Q31: ='27'!$G$141 -> 0 | R31: ='27'!$G$142 -> 0 | S31: ='27'!$G$145 -> 0 | T31: ='27'!$G$146 -> 0 | U31: ='27'!$G$144 -> 0 | V31: ='27'!$G$147 -> 0 | W31: ='27'!$G$148 -> 0 | X31: ='27'!$G$143 -> 0 | Y31: ='27'!$G$58 -> 0 | Z31: ='27'!$G$151 -> 0 | AA31: ='27'!G158 -> 0 | AB31: ='27'!G159 -> 0 | AC31: ='27'!G88 -> 0 | AD31: ='27'!G160+'27'!H161 -> -555.3 | AE31: ='27'!$G$116 -> 0 | AF31: ='27'!$G$117 -> 0 | AG31: ='27'!$G$118 -> 0 | AH31: ='27'!$G$119 -> 0 | AI31: ='27'!$G$120 -> 0 | AJ31: ='27'!$G$121 -> 0 | AK31: ='27'!$G$122 -> 0 | AL31: ='27'!$G$123 -> 0 | AM31: ='27'!$G$133 -> 0 | AN31: ='27'!$G$15 -> 875 | AO31: ='27'!$G$74 -> 0 | AP31: ='27'!$G$75 -> 0 | AQ31: ='27'!$G$76 -> 0 | AR31: ='27'!$G$77 -> 0 | AS31: ='27'!$G$78 -> 0 | AT31: =AN31-SUM(AO31:AS31) -> 875 | AU31: =SUM('27'!G91:G92) -> 0 | AV31: ='27'!$G$88 -> 0 | AW31: ='27'!$G$89 -> 0 | AX31: ='27'!$G$90 -> 0 | AY31: =SUM(AV31:AX31) -> 0 | BA31: =AO31-AT31 -> -875 | BB31: =C31-SUM(F31:K31,Y31) -> 23050 | BC31: =BB31/B31% -> 100.21739
