Workbook

Sheet Total Daily 
A1: Site Name | B1: Day | C1: Month | D1: Year | E1: Total Electricity Kwh | F1: Electricity Tariff ($/Kwh) | G1: LPG (Kg) | H1: LPG $/Kg | I1: District Energy Cooling Kwh | J1: District Energy Cooling $/Kwh | K1: Water Utility Supply (m3) m3 | L1: Water Utility Supply (m3) m3 | M1: Water Utility Supply (m3) $/m3 | N1: Room Nights
A2: Dubai DIFC | B2: 1 | C2: 10 | D2: 2021 | E2: ='10 - 2021'!B8-'10 - 2021'!B7+'10 - 2021'!C8-'10 - 2021'!C7 -> 9850 | F2: 0.118 | G2: ='10 - 2021'!D8-'10 - 2021'!D7+'10 - 2021'!E8-'10 - 2021'!E7 -> 24.95 | H2: 0.99 | I2: ='10 - 2021'!J8-'10 - 2021'!J7 -> 38036 | J2: 0.081 | K2: ='10 - 2021'!H8-'10 - 2021'!H7 -> 0 | L2: ='10 - 2021'!I8-'10 - 2021'!I7 -> 113 | M2: 4.3936294 | N2: 101
A3: Dubai DIFC | B3: =B2+1 -> 2 | C3: 10 | D3: 2021 | E3: ='10 - 2021'!B9-'10 - 2021'!B8+'10 - 2021'!C9-'10 - 2021'!C8 -> 10090 | F3: 0.118 | G3: ='10 - 2021'!D9-'10 - 2021'!D8+'10 - 2021'!E9-'10 - 2021'!E8 -> 26.9 | H3: 0.99 | I3: ='10 - 2021'!J9-'10 - 2021'!J8 -> 41714 | J3: 0.081 | K3: ='10 - 2021'!H9-'10 - 2021'!H8 -> 0 | L3: ='10 - 2021'!I9-'10 - 2021'!I8 -> 119 | M3: 4.3936294 | N3: 99
A4: Dubai DIFC | B4: =B3+1 -> 3 | C4: 10 | D4: 2021 | E4: ='10 - 2021'!B10-'10 - 2021'!B9+'10 - 2021'!C10-'10 - 2021'!C9 -> 9901 | F4: 0.118 | G4: ='10 - 2021'!D10-'10 - 2021'!D9+'10 - 2021'!E10-'10 - 2021'!E9 -> 27.72 | H4: 0.99 | I4: ='10 - 2021'!J10-'10 - 2021'!J9 -> 40425 | J4: 0.081 | K4: ='10 - 2021'!H10-'10 - 2021'!H9 -> 0 | L4: ='10 - 2021'!I10-'10 - 2021'!I9 -> 113 | M4: 4.3936294 | N4: 85
A5: Dubai DIFC | B5: =B4+1 -> 4 | C5: 10 | D5: 2021 | E5: ='10 - 2021'!B11-'10 - 2021'!B10+'10 - 2021'!C11-'10 - 2021'!C10 -> 9935 | F5: 0.118 | G5: ='10 - 2021'!D11-'10 - 2021'!D10+'10 - 2021'!E11-'10 - 2021'!E10 -> 27.75 | H5: 0.99 | I5: ='10 - 2021'!J11-'10 - 2021'!J10 -> 33935 | J5: 0.081 | K5: ='10 - 2021'!H11-'10 - 2021'!H10 -> 0 | L5: ='10 - 2021'!I11-'10 - 2021'!I10 -> 103 | M5: 4.3936294 | N5: 94
A6: Dubai DIFC | B6: =B5+1 -> 5 | C6: 10 | D6: 2021 | E6: ='10 - 2021'!B12-'10 - 2021'!B11+'10 - 2021'!C12-'10 - 2021'!C11 -> 9742 | F6: 0.118 | G6: ='10 - 2021'!D12-'10 - 2021'!D11+'10 - 2021'!E12-'10 - 2021'!E11 -> 26.9 | H6: 0.99 | I6: ='10 - 2021'!J12-'10 - 2021'!J11 -> 33582 | J6: 0.081 | K6: ='10 - 2021'!H12-'10 - 2021'!H11 -> 0 | L6: ='10 - 2021'!I12-'10 - 2021'!I11 -> 111 | M6: 4.3936294 | N6: 97
A7: Dubai DIFC | B7: =B6+1 -> 6 | C7: 10 | D7: 2021 | E7: ='10 - 2021'!B13-'10 - 2021'!B12+'10 - 2021'!C13-'10 - 2021'!C12 -> 9089 | F7: 0.118 | G7: ='10 - 2021'!D13-'10 - 2021'!D12+'10 - 2021'!E13-'10 - 2021'!E12 -> 26.92 | H7: 0.99 | I7: ='10 - 2021'!J13-'10 - 2021'!J12 -> 35556 | J7: 0.081 | K7: ='10 - 2021'!H13-'10 - 2021'!H12 -> 0 | L7: ='10 - 2021'!I13-'10 - 2021'!I12 -> 113 | M7: 4.3936294 | N7: 99
A8: Dubai DIFC | B8: =B7+1 -> 7 | C8: 10 | D8: 2021 | E8: ='10 - 2021'!B14-'10 - 2021'!B13+'10 - 2021'!C14-'10 - 2021'!C13 -> 9914 | F8: 0.118 | G8: ='10 - 2021'!D14-'10 - 2021'!D13+'10 - 2021'!E14-'10 - 2021'!E13 -> 26.94 | H8: 0.99 | I8: ='10 - 2021'!J14-'10 - 2021'!J13 -> 34096 | J8: 0.081 | K8: ='10 - 2021'!H14-'10 - 2021'!H13 -> 0 | L8: ='10 - 2021'!I14-'10 - 2021'!I13 -> 115 | M8: 4.3936294 | N8: 101
A9: Dubai DIFC | B9: =B8+1 -> 8 | C9: 10 | D9: 2021 | E9: ='10 - 2021'!B15-'10 - 2021'!B14+'10 - 2021'!C15-'10 - 2021'!C14 -> 10394 | F9: 0.118 | G9: ='10 - 2021'!D15-'10 - 2021'!D14+'10 - 2021'!E15-'10 - 2021'!E14 -> 24.09 | H9: 0.99 | I9: ='10 - 2021'!J15-'10 - 2021'!J14 -> 31387 | J9: 0.081 | K9: ='10 - 2021'!H15-'10 - 2021'!H14 -> 0 | L9: ='10 - 2021'!I15-'10 - 2021'!I14 -> 126 | M9: 4.3936294 | N9: 100
A10: Dubai DIFC | B10: =B9+1 -> 9 | C10: 10 | D10: 2021 | E10: ='10 - 2021'!B16-'10 - 2021'!B15+'10 - 2021'!C16-'10 - 2021'!C15 -> 10160 | F10: 0.118 | G10: ='10 - 2021'!D16-'10 - 2021'!D15+'10 - 2021'!E16-'10 - 2021'!E15 -> 25.06 | H10: 0.99 | I10: ='10 - 2021'!J16-'10 - 2021'!J15 -> 38048 | J10: 0.081 | K10: ='10 - 2021'!H16-'10 - 2021'!H15 -> 0 | L10: ='10 - 2021'!I16-'10 - 2021'!I15 -> 120 | M10: 4.3936294 | N10: 94
A11: Dubai DIFC | B11: =B10+1 -> 10 | C11: 10 | D11: 2021 | E11: ='10 - 2021'!B17-'10 - 2021'!B16+'10 - 2021'!C17-'10 - 2021'!C16 -> 10170 | F11: 0.118 | G11: ='10 - 2021'!D17-'10 - 2021'!D16+'10 - 2021'!E17-'10 - 2021'!E16 -> 24.32 | H11: 0.99 | I11: ='10 - 2021'!J17-'10 - 2021'!J16 -> 40001 | J11: 0.081 | K11: ='10 - 2021'!H17-'10 - 2021'!H16 -> 0 | L11: ='10 - 2021'!I17-'10 - 2021'!I16 -> 117 | M11: 4.3936294 | N11: 82
A12: Dubai DIFC | B12: =B11+1 -> 11 | C12: 10 | D12: 2021 | E12: ='10 - 2021'!B18-'10 - 2021'!B17+'10 - 2021'!C18-'10 - 2021'!C17 -> 10024 | F12: 0.118 | G12: ='10 - 2021'!D18-'10 - 2021'!D17+'10 - 2021'!E18-'10 - 2021'!E17 -> 24.58 | H12: 0.99 | I12: ='10 - 2021'!J18-'10 - 2021'!J17 -> 36804 | J12: 0.081 | K12: ='10 - 2021'!H18-'10 - 2021'!H17 -> 0 | L12: ='10 - 2021'!I18-'10 - 2021'!I17 -> 95 | M12: 4.3936294 | N12: 82
A13: Dubai DIFC | B13: =B12+1 -> 12 | C13: 10 | D13: 2021 | E13: ='10 - 2021'!B19-'10 - 2021'!B18+'10 - 2021'!C19-'10 - 2021'!C18 -> 10042 | F13: 0.118 | G13: ='10 - 2021'!D19-'10 - 2021'!D18+'10 - 2021'!E19-'10 - 2021'!E18 -> 29 | H13: 0.99 | I13: ='10 - 2021'!J19-'10 - 2021'!J18 -> 32858 | J13: 0.081 | K13: ='10 - 2021'!H19-'10 - 2021'!H18 -> 0 | L13: ='10 - 2021'!I19-'10 - 2021'!I18 -> 99 | M13: 4.3936294 | N13: 104
A14: Dubai DIFC | B14: =B13+1 -> 13 | C14: 10 | D14: 2021 | E14: ='10 - 2021'!B20-'10 - 2021'!B19+'10 - 2021'!C20-'10 - 2021'!C19 -> 9838 | F14: 0.118 | G14: ='10 - 2021'!D20-'10 - 2021'!D19+'10 - 2021'!E20-'10 - 2021'!E19 -> 23.83 | H14: 0.99 | I14: ='10 - 2021'!J20-'10 - 2021'!J19 -> 26262 | J14: 0.081 | K14: ='10 - 2021'!H20-'10 - 2021'!H19 -> 0 | L14: ='10 - 2021'!I20-'10 - 2021'!I19 -> 119 | M14: 4.3936294 | N14: 99
... A28: Dubai DIFC | B28: =B27+1 -> 27 | C28: 10 | D28: 2021 | E28: ='10 - 2021'!B34-'10 - 2021'!B33+'10 - 2021'!C34-'10 - 2021'!C33 -> 9696 | F28: 0.118 | G28: ='10 - 2021'!D34-'10 - 2021'!D33+'10 - 2021'!E34-'10 - 2021'!E33 -> 23.11 | H28: 0.99 | I28: ='10 - 2021'!J34-'10 - 2021'!J33 -> 27285 | J28: 0.081 | K28: ='10 - 2021'!H34-'10 - 2021'!H33 -> 0 | L28: ='10 - 2021'!I34-'10 - 2021'!I33 -> 110 | M28: 4.3936294 | N28: 88
A29: Dubai DIFC | B29: =B28+1 -> 28 | C29: 10 | D29: 2021 | E29: 0 | F29: 0.118 | G29: ='10 - 2021'!D35-'10 - 2021'!D34+'10 - 2021'!E35-'10 - 2021'!E34 -> 24.53 | H29: 0.99 | I29: ='10 - 2021'!J35-'10 - 2021'!J34 -> 26107 | J29: 0.081 | K29: ='10 - 2021'!H35-'10 - 2021'!H34 -> 0 | L29: ='10 - 2021'!I35-'10 - 2021'!I34 -> 108 | M29: 4.3936294 | N29: 98
A30: Dubai DIFC | B30: =B29+1 -> 29 | C30: 10 | D30: 2021 | E30: ='10 - 2021'!B36-'10 - 2021'!B35+'10 - 2021'!C36-'10 - 2021'!C35 -> -1956510 | F30: 0.118 | G30: 0 | H30: 0.99 | I30: 0 | J30: 0.081 | K30: 0 | L30: 0 | M30: 4.3936294
A31: Dubai DIFC | B31: =B30+1 -> 30 | C31: 10 | D31: 2021 | E31: ='10 - 2021'!B37-'10 - 2021'!B36+'10 - 2021'!C37-'10 - 2021'!C36 -> 0 | F31: 0.118 | G31: ='10 - 2021'!D37-'10 - 2021'!D36+'10 - 2021'!E37-'10 - 2021'!E36 -> 0 | H31: 0.99 | I31: ='10 - 2021'!J37-'10 - 2021'!J36 -> 0 | J31: 0.081 | K31: ='10 - 2021'!H37-'10 - 2021'!H36 -> 0 | L31: ='10 - 2021'!I37-'10 - 2021'!I36 -> 0 | M31: 4.3936294
A32: Dubai DIFC | B32: 31

Sheet Submetering Daily 
A1: Site Name | B1: Day | C1: Month | D1: Year | E1: Panel LV1 Kwh | F1: Panel LV2 Kwh | G1: Electricity Tariff ($/Kwh) | H1: Main Kitchen LPG (Kg) | I1: Podium Kitchen LPG (Kg) | J1: Boiler LPG (Kg) | K1: LPG $/Kg | L1: Room Nights
A2: Dubai DIFC | B2: 1 | C2: 10 | D2: 2021 | E2: ='10 - 2021'!B8-'10 - 2021'!B7 -> 4048 | F2: ='10 - 2021'!C8-'10 - 2021'!C7 -> 5802 | G2: 0.118 | H2: ='10 - 2021'!E8-'10 - 2021'!E7 -> 25.05 | I2: ='10 - 2021'!F8-'10 - 2021'!F7 -> 7.57 | J2: ='10 - 2021'!G8-'10 - 2021'!G7 -> 33.63 | K2: 0.74 | L2: 101
A3: Dubai DIFC | B3: =B2+1 -> 2 | C3: 10 | D3: 2021 | E3: ='10 - 2021'!B9-'10 - 2021'!B8 -> 4182 | F3: ='10 - 2021'!C9-'10 - 2021'!C8 -> 5908 | G3: 0.118 | H3: ='10 - 2021'!E9-'10 - 2021'!E8 -> 27 | I3: ='10 - 2021'!F9-'10 - 2021'!F8 -> 7.51 | J3: ='10 - 2021'!G9-'10 - 2021'!G8 -> 34.76 | K3: 0.74 | L3: 99
A4: Dubai DIFC | B4: =B3+1 -> 3 | C4: 10 | D4: 2021 | E4: ='10 - 2021'!B10-'10 - 2021'!B9 -> 4084 | F4: ='10 - 2021'!C10-'10 - 2021'!C9 -> 5817 | G4: 0.118 | H4: ='10 - 2021'!E10-'10 - 2021'!E9 -> 27.2 | I4: ='10 - 2021'!F10-'10 - 2021'!F9 -> 7.72 | J4: ='10 - 2021'!G10-'10 - 2021'!G9 -> 34.58 | K4: 0.74 | L4: 85
A5: Dubai DIFC | B5: =B4+1 -> 4 | C5: 10 | D5: 2021 | E5: ='10 - 2021'!B11-'10 - 2021'!B10 -> 4262 | F5: ='10 - 2021'!C11-'10 - 2021'!C10 -> 5673 | G5: 0.118 | H5: ='10 - 2021'!E11-'10 - 2021'!E10 -> 27.85 | I5: ='10 - 2021'!F11-'10 - 2021'!F10 -> 6.97 | J5: ='10 - 2021'!G11-'10 - 2021'!G10 -> 31.53 | K5: 0.74 | L5: 94
A6: Dubai DIFC | B6: =B5+1 -> 5 | C6: 10 | D6: 2021 | E6: ='10 - 2021'!B12-'10 - 2021'!B11 -> 4063 | F6: ='10 - 2021'!C12-'10 - 2021'!C11 -> 5679 | G6: 0.118 | H6: ='10 - 2021'!E12-'10 - 2021'!E11 -> 27 | I6: ='10 - 2021'!F12-'10 - 2021'!F11 -> 7.74 | J6: ='10 - 2021'!G12-'10 - 2021'!G11 -> 32.18 | K6: 0.74 | L6: 97
A7: Dubai DIFC | B7: =B6+1 -> 6 | C7: 10 | D7: 2021 | E7: ='10 - 2021'!B13-'10 - 2021'!B12 -> 3734 | F7: ='10 - 2021'!C13-'10 - 2021'!C12 -> 5355 | G7: 0.118 | H7: ='10 - 2021'!E13-'10 - 2021'!E12 -> 27 | I7: ='10 - 2021'!F13-'10 - 2021'!F12 -> 8.89 | J7: ='10 - 2021'!G13-'10 - 2021'!G12 -> 32.64 | K7: 0.74 | L7: 99
A8: Dubai DIFC | B8: =B7+1 -> 7 | C8: 10 | D8: 2021 | E8: ='10 - 2021'!B14-'10 - 2021'!B13 -> 3957 | F8: ='10 - 2021'!C14-'10 - 2021'!C13 -> 5957 | G8: 0.118 | H8: ='10 - 2021'!E14-'10 - 2021'!E13 -> 27 | I8: ='10 - 2021'!F14-'10 - 2021'!F13 -> 6.95 | J8: ='10 - 2021'!G14-'10 - 2021'!G13 -> 30.78 | K8: 0.74 | L8: 101
A9: Dubai DIFC | B9: =B8+1 -> 8 | C9: 10 | D9: 2021 | E9: ='10 - 2021'!B15-'10 - 2021'!B14 -> 4688 | F9: ='10 - 2021'!C15-'10 - 2021'!C14 -> 5706 | G9: 0.118 | H9: ='10 - 2021'!E15-'10 - 2021'!E14 -> 24.15 | I9: ='10 - 2021'!F15-'10 - 2021'!F14 -> 7.47 | J9: ='10 - 2021'!G15-'10 - 2021'!G14 -> 39 | K9: 0.74 | L9: 100
A10: Dubai DIFC | B10: =B9+1 -> 9 | C10: 10 | D10: 2021 | E10: ='10 - 2021'!B16-'10 - 2021'!B15 -> 4221 | F10: ='10 - 2021'!C16-'10 - 2021'!C15 -> 5939 | G10: 0.118 | H10: ='10 - 2021'!E16-'10 - 2021'!E15 -> 25.11 | I10: ='10 - 2021'!F16-'10 - 2021'!F15 -> 6.88 | J10: ='10 - 2021'!G16-'10 - 2021'!G15 -> 33.6 | K10: 0.74 | L10: 94
A11: Dubai DIFC | B11: =B10+1 -> 10 | C11: 10 | D11: 2021 | E11: ='10 - 2021'!B17-'10 - 2021'!B16 -> 4110 | F11: ='10 - 2021'!C17-'10 - 2021'!C16 -> 6060 | G11: 0.118 | H11: ='10 - 2021'!E17-'10 - 2021'!E16 -> 23.89 | I11: ='10 - 2021'!F17-'10 - 2021'!F16 -> 7.16 | J11: ='10 - 2021'!G17-'10 - 2021'!G16 -> 31.5 | K11: 0.74 | L11: 82
A12: Dubai DIFC | B12: =B11+1 -> 11 | C12: 10 | D12: 2021 | E12: ='10 - 2021'!B18-'10 - 2021'!B17 -> 3993 | F12: ='10 - 2021'!C18-'10 - 2021'!C17 -> 6031 | G12: 0.118 | H12: ='10 - 2021'!E18-'10 - 2021'!E17 -> 24.64 | I12: ='10 - 2021'!F18-'10 - 2021'!F17 -> 7.26 | J12: ='10 - 2021'!G18-'10 - 2021'!G17 -> 31.55 | K12: 0.74 | L12: 82
A13: Dubai DIFC | B13: =B12+1 -> 12 | C13: 10 | D13: 2021 | E13: ='10 - 2021'!B19-'10 - 2021'!B18 -> 4021 | F13: ='10 - 2021'!C19-'10 - 2021'!C18 -> 6021 | G13: 0.118 | H13: ='10 - 2021'!E19-'10 - 2021'!E18 -> 29.09 | I13: ='10 - 2021'!F19-'10 - 2021'!F18 -> 7.05 | J13: ='10 - 2021'!G19-'10 - 2021'!G18 -> 31.97 | K13: 0.74 | L13: 104
A14: Dubai DIFC | B14: =B13+1 -> 13 | C14: 10 | D14: 2021 | E14: ='10 - 2021'!B20-'10 - 2021'!B19 -> 4028 | F14: ='10 - 2021'!C20-'10 - 2021'!C19 -> 5810 | G14: 0.118 | H14: ='10 - 2021'!E20-'10 - 2021'!E19 -> 23.91 | I14: ='10 - 2021'!F20-'10 - 2021'!F19 -> 8.25 | J14: ='10 - 2021'!G20-'10 - 2021'!G19 -> 31.66 | K14: 0.74 | L14: 99
... A29: Dubai DIFC | B29: =B28+1 -> 28 | C29: 10 | D29: 2021 | E29: ='10 - 2021'!B35-'10 - 2021'!B34 -> 4052 | F29: ='10 - 2021'!C35-'10 - 2021'!C34 -> 5805 | G29: 0.118 | H29: ='10 - 2021'!E35-'10 - 2021'!E34 -> 24.6 | I29: ='10 - 2021'!F35-'10 - 2021'!F34 -> 7.73 | J29: ='10 - 2021'!G35-'10 - 2021'!G34 -> 32.63 | K29: 0.74 | L29: 98
A30: Dubai DIFC | B30: =B29+1 -> 29 | C30: 10 | D30: 2021 | E30: 0 | F30: 0 | G30: 0.118 | H30: 0 | I30: 0 | J30: 0 | K30: 0.74
A31: Dubai DIFC | B31: =B30+1 -> 30 | C31: 10 | D31: 2021 | E31: ='10 - 2021'!B37-'10 - 2021'!B36 -> 0 | F31: ='10 - 2021'!C37-'10 - 2021'!C36 -> 0 | G31: 0.118 | H31: ='10 - 2021'!E37-'10 - 2021'!E36 -> 0 | I31: ='10 - 2021'!F37-'10 - 2021'!F36 -> 0 | J31: ='10 - 2021'!G37-'10 - 2021'!G36 -> 0 | K31: 0.74
A32: Dubai DIFC | B32: 31 | C32: 10

Sheet 10 - 2021
A3: FOUR SEASONS HOTEL - DIFC
A4: HLP READING MONTH OF OCTOBER' 2021
B5: Electricity | D5: LPG (cu.m) | H5: Water (cu.m) | J5: BTU
A6: Date | B6: LV-01, 2025952759 | C6: LV-2, 2030235407 | D6: Main Meter % | E6: Main Kitchen | F6: Podium Kitchen | G6: Boiler | H6: B-3 Water Meter (DIFC) | I6: MainWater Meter (DEWA) | J6: Chilled Water (KWH) | K6: Gas Received (Litres) | L6: Remark
A7: 44469 | B7: 1165260 | C7: 514463 | D7: 0.48 | E7: 5812.95 | F7: 432.49 | G7: 33374.9 | H7: 14528 | I7: 132398 | J7: 50981856
A8: =A7+1 -> 44470 | B8: 1169308 | C8: 520265 | D8: 0.38 | E8: 5838 | F8: 440.06 | G8: 33408.53 | H8: 14528 | I8: 132511 | J8: 51019892
A9: =A8+1 -> 44471 | B9: 1173490 | C9: 526173 | D9: 0.28 | E9: 5865 | F9: 447.57 | G9: 33443.29 | H9: 14528 | I9: 132630 | J9: 51061606 | K9: 3600
A10: =A9+1 -> 44472 | B10: 1177574 | C10: 531990 | D10: 0.8 | E10: 5892.2 | F10: 455.29 | G10: 33477.87 | H10: 14528 | I10: 132743 | J10: 51102031
A11: =A10+1 -> 44473 | B11: 1181836 | C11: 537663 | D11: 0.7 | E11: 5920.05 | F11: 462.26 | G11: 33509.4 | H11: 14528 | I11: 132846 | J11: 51135966
A12: =A11+1 -> 44474 | B12: 1185899 | C12: 543342 | D12: 0.6 | E12: =E11+27 -> 5947.05 | F12: 470 | G12: 33541.58 | H12: 14528 | I12: 132957 | J12: 51169548
A13: =A12+1 -> 44475 | B13: 1189633 | C13: 548697 | D13: 0.52 | E13: =E12+27 -> 5974.05 | F13: 478.89 | G13: 33574.22 | H13: 14528 | I13: 133070 | J13: 51205104
A14: =A13+1 -> 44476 | B14: 1193590 | C14: 554654 | D14: 0.46 | E14: =E13+27 -> 6001.05 | F14: 485.84 | G14: 33605 | H14: 14528 | I14: 133185 | J14: 51239200
A15: =A14+1 -> 44477 | B15: 1198278 | C15: 560360 | D15: 0.4 | E15: 6025.2 | F15: 493.31 | G15: 33644 | H15: 14528 | I15: 133311 | J15: 51270587
A16: =A15+1 -> 44478 | B16: 1202499 | C16: 566299 | D16: 0.35 | E16: 6050.31 | F16: 500.19 | G16: 33677.6 | H16: 14528 | I16: 133431 | J16: 51308635 | K16: 3600
A17: =A16+1 -> 44479 | B17: 1206609 | C17: 572359 | D17: 0.78 | E17: 6074.2 | F17: 507.35 | G17: 33709.1 | H17: 14528 | I17: 133548 | J17: 51348636
A18: =A17+1 -> 44480 | B18: 1210602 | C18: 578390 | D18: 0.72 | E18: 6098.84 | F18: 514.61 | G18: 33740.65 | H18: 14528 | I18: 133643 | J18: 51385440
A19: =A18+1 -> 44481 | B19: 1214623 | C19: 584411 | D19: 0.63 | E19: 6127.93 | F19: 521.66 | G19: 33772.62 | H19: 14528 | I19: 133742 | J19: 51418298
A20: =A19+1 -> 44482 | B20: 1218651 | C20: 590221 | D20: 0.55 | E20: 6151.84 | F20: 529.91 | G20: 33804.28 | H20: 14528 | I20: 133861 | J20: 51444560
A21: =A20+1 -> 44483 | B21: 1222833 | C21: 596018 | D21: 0.47 | E21: 6177.8 | F21: 537.45 | G21: 33837.45 | H21: 14528 | I21: 133975 | J21: 51471206
A22: =A21+1 -> 44484 | B22: 1226943 | C22: 601855 | D22: 0.4 | E22: 6201.78 | F22: 544.52 | G22: 33871.7 | H22: 14528 | I22: 134094 | J22: 51503831 | K22: 3200
A23: =A22+1 -> 44485 | B23: 1231106 | C23: 607732 | D23: 0.78 | E23: 6230.24 | F23: 552.54 | G23: 33908.2 | H23: 14528 | I23: 134220 | J23: 51536879
A24: =A23+1 -> 44486 | B24: 1235290 | C24: 613527 | D24: 0.7 | E24: 6254.22 | F24: 560.64 | G24: 33944.82 | H24: 14528 | I24: 134369 | J24: 51569944
A25: =A24+1 -> 44487 | B25: 1239329 | C25: 619102 | D25: 0.62 | E25: 6277.12 | F25: 567.94 | G25: 33979.48 | H25: 14528 | I25: 134496 | J25: 51597984
A26: =A25+1 -> 44488 | B26: 1243378 | C26: 624675 | D26: 0.55 | E26: 6301.81 | F26: 575.45 | G26: 34012.39 | H26: 14528 | I26: 134605 | J26: 51625776
A27: =A26+1 -> 44489 | B27: 1247368 | C27: 630348 | D27: 0.5 | E27: 6326.35 | F27: 582.57 | G27: 34047.66 | H27: 14528 | I27: 134725 | J27: 51657480
A28: =A27+1 -> 44490 | B28: 1251548 | C28: 636374 | D28: 0.44 | E28: 6352.97 | F28: 590.79 | G28: 34082.14 | H28: 14528 | I28: 134850 | J28: 51689914
A29: =A28+1 -> 44491 | B29: 1255478 | C29: 642057 | D29: 0.35 | E29: 6376.58 | F29: 598.16 | G29: 34113.8 | H29: 14528 | I29: 134960 | J29: 51721227
A30: =A29+1 -> 44492 | B30: 1259635 | C30: 648004 | D30: 0.28 | E30: 6405 | F30: 605.79 | G30: 34149 | H30: 14528 | I30: 135093 | J30: 51752072 | K30: 4100
A31: =A30+1 -> 44493 | B31: 1263607 | C31: 653761 | D31: 0.78 | E31: 6430.05 | F31: 612.99 | G31: 34186 | H31: 14528 | I31: 135204 | J31: 51782342
A32: =A31+1 -> 44494 | B32: 1267583 | C32: 659494 | D32: 0.7 | E32: 6453.27 | F32: 620.5 | G32: 34219.2 | H32: 14528 | I32: 135315 | J32: 51812081
A33: =A32+1 -> 44495 | B33: 1271629 | C33: 665328 | D33: 0.62 | E33: 6478.21 | F33: 628.1 | G33: 34249.45 | H33: 14528 | I33: 135435 | J33: 51842734
A34: =A33+1 -> 44496 | B34: 1275673 | C34: 670980 | D34: 0.55 | E34: 6501.39 | F34: 635.46 | G34: 34282.51 | H34: 14528 | I34: 135545 | J34: 51870019
A35: =A34+1 -> 44497 | B35: 1279725 | C35: 676785 | D35: 0.48 | E35: 6525.99 | F35: 643.19 | G35: 34315.14 | H35: 14528 | I35: 135653 | J35: 51896126
A36: =A35+1 -> 44498
A37: =A36+1 -> 44499
A38: =A37+1 -> 44500
A39: Readings | B39: =B38-B7 -> -1165260 | C39: =C38-C7 -> -514463 | E39: =E38-E7 -> -5812.95 | F39: =F38-F7 -> -432.49 | G39: =G38-G7 -> -33374.9 | H39: =H38-H7 -> -14528 | I39: =I38-I7 -> -132398 | J39: =J38-J7 -> -50981856 | K39: =SUM(K7:K38) -> 14500
H40: =H39*219.969 -> -3195709.6 | I40: =I39*219.969 -> -29123456
