Workbook

Sheet TOTAL
A1: Site Name | B1: Day | C1: Month | D1: Year | E1: Total Electricity Kwh | F1: Electricity Tariff ($/Kwh) | G1: LPG (Kg) | H1: LPG $/Kg | I1: Water Utility Supply (m3) m3 | J1: Water Utility Supply (m3) $/m3 | K1: Irrigation Water (m3) m3 | L1: Irrigation water $/m3 | M1: Room Nights
A2: Seychelles | B2: 1 | C2: 10 | D2: 2021 | E2: ='Submetering '!O2+'Submetering '!P2+'Submetering '!Q2+'Submetering '!R2+'Submetering '!S2 -> 31928 | F2: =('FS Seychelles'!R3*'FS Seychelles'!S3)/TOTAL!E2 -> 0.28724818 | G2: =('FS Seychelles'!$AC$10+'FS Seychelles'!$AC$15)/30 -> 435.26667 | H2: 1.08 | I2: ='FS Seychelles'!T3+'FS Seychelles'!V3+'FS Seychelles'!W3+'FS Seychelles'!X3 -> 342 | J2: 0 | K2: ='Submetering '!Z2 -> 73 | L2: 0 | M2: ='FS Seychelles'!B3 -> 38.96
A3: Seychelles | B3: =B2+1 -> 2 | C3: 10 | D3: 2021 | E3: ='Submetering '!O3+'Submetering '!P3+'Submetering '!Q3+'Submetering '!R3+'Submetering '!S3 -> 17562 | F3: =('FS Seychelles'!R4*'FS Seychelles'!S4)/TOTAL!E3 -> 0.29797802 | G3: =('FS Seychelles'!$AC$10+'FS Seychelles'!$AC$15)/30 -> 435.26667 | H3: =H2 -> 1.08 | I3: ='FS Seychelles'!T4+'FS Seychelles'!V4+'FS Seychelles'!W4+'FS Seychelles'!X4 -> 303 | J3: =J2 -> 0 | K3: ='Submetering '!Z3 -> 75 | L3: =L2 -> 0 | M3: ='FS Seychelles'!B4 -> 36.36
A4: Seychelles | B4: =B3+1 -> 3 | C4: 10 | D4: 2021 | E4: ='Submetering '!O4+'Submetering '!P4+'Submetering '!Q4+'Submetering '!R4+'Submetering '!S4 -> 23634 | F4: =('FS Seychelles'!R5*'FS Seychelles'!S5)/TOTAL!E4 -> 0.30360794 | G4: =('FS Seychelles'!$AC$10+'FS Seychelles'!$AC$15)/30 -> 435.26667 | H4: =H3 -> 1.08 | I4: ='FS Seychelles'!T5+'FS Seychelles'!V5+'FS Seychelles'!W5+'FS Seychelles'!X5 -> 304 | J4: =J3 -> 0 | K4: ='Submetering '!Z4 -> 24 | L4: =L3 -> 0 | M4: ='FS Seychelles'!B5 -> 43.42
A5: Seychelles | B5: =B4+1 -> 4 | C5: 10 | D5: 2021 | E5: ='Submetering '!O5+'Submetering '!P5+'Submetering '!Q5+'Submetering '!R5+'Submetering '!S5 -> 28070 | F5: =('FS Seychelles'!R6*'FS Seychelles'!S6)/TOTAL!E5 -> 0.27772284 | G5: =('FS Seychelles'!$AC$10+'FS Seychelles'!$AC$15)/30 -> 435.26667 | H5: =H4 -> 1.08 | I5: ='FS Seychelles'!T6+'FS Seychelles'!V6+'FS Seychelles'!W6+'FS Seychelles'!X6 -> 403 | J5: =J4 -> 0 | K5: ='Submetering '!Z5 -> 78 | L5: =L4 -> 0 | M5: ='FS Seychelles'!B6 -> 38.16
A6: Seychelles | B6: =B5+1 -> 5 | C6: 10 | D6: 2021 | E6: ='Submetering '!O6+'Submetering '!P6+'Submetering '!Q6+'Submetering '!R6+'Submetering '!S6 -> 25719 | F6: =('FS Seychelles'!R7*'FS Seychelles'!S7)/TOTAL!E6 -> 0.26738248 | G6: =('FS Seychelles'!$AC$10+'FS Seychelles'!$AC$15)/30 -> 435.26667 | H6: =H5 -> 1.08 | I6: ='FS Seychelles'!T7+'FS Seychelles'!V7+'FS Seychelles'!W7+'FS Seychelles'!X7 -> 422 | J6: =J5 -> 0 | K6: ='Submetering '!Z6 -> 119 | L6: =L5 -> 0 | M6: ='FS Seychelles'!B7 -> 34.21
A7: Seychelles | B7: =B6+1 -> 6 | C7: 10 | D7: 2021 | E7: ='Submetering '!O7+'Submetering '!P7+'Submetering '!Q7+'Submetering '!R7+'Submetering '!S7 -> 26645 | F7: =('FS Seychelles'!R8*'FS Seychelles'!S8)/TOTAL!E7 -> 0.29482567 | G7: =('FS Seychelles'!$AC$10+'FS Seychelles'!$AC$15)/30 -> 435.26667 | H7: =H6 -> 1.08 | I7: ='FS Seychelles'!T8+'FS Seychelles'!V8+'FS Seychelles'!W8+'FS Seychelles'!X8 -> 502 | J7: =J6 -> 0 | K7: ='Submetering '!Z7 -> 115 | L7: =L6 -> 0 | M7: ='FS Seychelles'!B8 -> 35.53
A8: Seychelles | B8: =B7+1 -> 7 | C8: 10 | D8: 2021 | E8: ='Submetering '!O8+'Submetering '!P8+'Submetering '!Q8+'Submetering '!R8+'Submetering '!S8 -> 37719 | F8: =('FS Seychelles'!R9*'FS Seychelles'!S9)/TOTAL!E8 -> 0.29146425 | G8: =('FS Seychelles'!$AC$10+'FS Seychelles'!$AC$15)/30 -> 435.26667 | H8: =H7 -> 1.08 | I8: ='FS Seychelles'!T9+'FS Seychelles'!V9+'FS Seychelles'!W9+'FS Seychelles'!X9 -> 443 | J8: =J7 -> 0 | K8: ='Submetering '!Z8 -> 114 | L8: =L7 -> 0 | M8: ='FS Seychelles'!B9 -> 40.79
A9: Seychelles | B9: =B8+1 -> 8 | C9: 10 | D9: 2021 | E9: ='Submetering '!O9+'Submetering '!P9+'Submetering '!Q9+'Submetering '!R9+'Submetering '!S9 -> 17800 | F9: =('FS Seychelles'!R10*'FS Seychelles'!S10)/TOTAL!E9 -> 0.33998202 | G9: =('FS Seychelles'!$AC$10+'FS Seychelles'!$AC$15)/30 -> 435.26667 | H9: =H8 -> 1.08 | I9: ='FS Seychelles'!T10+'FS Seychelles'!V10+'FS Seychelles'!W10+'FS Seychelles'!X10 -> 474 | J9: =J8 -> 0 | K9: ='Submetering '!Z9 -> 107 | L9: =L8 -> 0 | M9: ='FS Seychelles'!B10 -> 47.38
A10: Seychelles | B10: =B9+1 -> 9 | C10: 10 | D10: 2021 | E10: ='Submetering '!O10+'Submetering '!P10+'Submetering '!Q10+'Submetering '!R10+'Submetering '!S10 -> 27945 | F10: =('FS Seychelles'!R11*'FS Seychelles'!S11)/TOTAL!E10 -> 0.30287529 | G10: =('FS Seychelles'!$AC$10+'FS Seychelles'!$AC$15)/30 -> 435.26667 | H10: =H9 -> 1.08 | I10: ='FS Seychelles'!T11+'FS Seychelles'!V11+'FS Seychelles'!W11+'FS Seychelles'!X11 -> 447 | J10: =J9 -> 0 | K10: ='Submetering '!Z10 -> 109 | L10: =L9 -> 0 | M10: ='FS Seychelles'!B11 -> 49.33
A11: Seychelles | B11: =B10+1 -> 10 | C11: 10 | D11: 2021 | E11: ='Submetering '!O11+'Submetering '!P11+'Submetering '!Q11+'Submetering '!R11+'Submetering '!S11 -> 26078 | F11: =('FS Seychelles'!R12*'FS Seychelles'!S12)/TOTAL!E11 -> 0.26687821 | G11: =('FS Seychelles'!$AC$10+'FS Seychelles'!$AC$15)/30 -> 435.26667 | H11: =H10 -> 1.08 | I11: ='FS Seychelles'!T12+'FS Seychelles'!V12+'FS Seychelles'!W12+'FS Seychelles'!X12 -> 432 | J11: =J10 -> 0 | K11: ='Submetering '!Z11 -> 113 | L11: =L10 -> 0 | M11: ='FS Seychelles'!B12 -> 47.37
A12: Seychelles | B12: =B11+1 -> 11 | C12: 10 | D12: 2021 | E12: ='Submetering '!O12+'Submetering '!P12+'Submetering '!Q12+'Submetering '!R12+'Submetering '!S12 -> 28168 | F12: =('FS Seychelles'!R13*'FS Seychelles'!S13)/TOTAL!E12 -> 0.27954274 | G12: =('FS Seychelles'!$AC$10+'FS Seychelles'!$AC$15)/30 -> 435.26667 | H12: =H11 -> 1.08 | I12: ='FS Seychelles'!T13+'FS Seychelles'!V13+'FS Seychelles'!W13+'FS Seychelles'!X13 -> 430 | J12: =J11 -> 0 | K12: ='Submetering '!Z12 -> 110 | L12: =L11 -> 0 | M12: ='FS Seychelles'!B13 -> 46.75
A13: Seychelles | B13: =B12+1 -> 12 | C13: 10 | D13: 2021 | E13: ='Submetering '!O13+'Submetering '!P13+'Submetering '!Q13+'Submetering '!R13+'Submetering '!S13 -> 23669 | F13: =('FS Seychelles'!R14*'FS Seychelles'!S14)/TOTAL!E13 -> 0.290725 | G13: =('FS Seychelles'!$AC$10+'FS Seychelles'!$AC$15)/30 -> 435.26667 | H13: =H12 -> 1.08 | I13: ='FS Seychelles'!T14+'FS Seychelles'!V14+'FS Seychelles'!W14+'FS Seychelles'!X14 -> 464 | J13: =J12 -> 0 | K13: ='Submetering '!Z13 -> 115 | L13: =L12 -> 0 | M13: ='FS Seychelles'!B14 -> 50.67
A14: Seychelles | B14: =B13+1 -> 13 | C14: 10 | D14: 2021 | E14: ='Submetering '!O14+'Submetering '!P14+'Submetering '!Q14+'Submetering '!R14+'Submetering '!S14 -> 28558 | F14: =('FS Seychelles'!R15*'FS Seychelles'!S15)/TOTAL!E14 -> 0.29019084 | G14: =('FS Seychelles'!$AC$10+'FS Seychelles'!$AC$15)/30 -> 435.26667 | H14: =H13 -> 1.08 | I14: ='FS Seychelles'!T15+'FS Seychelles'!V15+'FS Seychelles'!W15+'FS Seychelles'!X15 -> 432 | J14: =J13 -> 0 | K14: ='Submetering '!Z14 -> 52 | L14: =L13 -> 0 | M14: ='FS Seychelles'!B15 -> 52.63
... A32: Seychelles | B32: =B31+1 -> 31 | C32: 10 | D32: 2021 | E32: ='Submetering '!O32+'Submetering '!P32+'Submetering '!Q32+'Submetering '!R32+'Submetering '!S32 -> 28914 | F32: =('FS Seychelles'!R33*'FS Seychelles'!S33)/TOTAL!E32 -> 0.31082694 | G32: =('FS Seychelles'!$AC$10+'FS Seychelles'!$AC$15)/30 -> 435.26667 | H32: =H31 -> 1.08 | I32: ='FS Seychelles'!T33+'FS Seychelles'!V33+'FS Seychelles'!W33+'FS Seychelles'!X33 -> 413 | J32: =J31 -> 0 | K32: ='Submetering '!Z32 -> 113 | L32: =L31 -> 0 | M32: ='FS Seychelles'!B33 -> 55.26

Sheet Submetering 
A1: Site Name | B1: Day | C1: Month | D1: Year | E1: Room Night | F1: SS-A - KWh | G1: SS-B- KWh | H1: SS-C- KWh | I1: SS-D1- KWh | J1: SS-D2- KWh | K1: SS-E- KWh | L1: FIRE PUMP- KWh | M1: CASINO- KWh | N1: BOH- KWh | O1: Generator#1 - KWh | P1: Generator#2- KWh | Q1: Generator#3- KWh | R1: Generator#4- KWh | S1: Generator#5- KWh | T1: DIESEL - Liter | U1: BOH Water- m3 | V1: E-Resort- m3 | W1: North RVs- m3 | X1: WT59- m3 | Y1: WT08- m3 | Z1: PUC (HOH)- m3 | AA1: PUC (Resort) - m3 | AB1: LPG (Kg)
A2: Seychelles | B2: 1 | C2: 10 | D2: 2021 | E2: ='FS Seychelles'!B3 -> 38.96 | F2: ='FS Seychelles'!D3*1000 -> 2272.256 | G2: ='FS Seychelles'!E3*1000 -> 3569.664 | H2: ='FS Seychelles'!F3*1000 -> 4671.488 | I2: ='FS Seychelles'!G3*1000 -> 1503.488 | J2: ='FS Seychelles'!H3*1000 -> 2365.44 | K2: ='FS Seychelles'!I3*1000 -> 2328.32 | L2: ='FS Seychelles'!J3*1000 -> 1382.912 | M2: ='FS Seychelles'!K3*1000 -> 1633.024 | N2: ='FS Seychelles'!L3*1000 -> 3576.832 | O2: ='FS Seychelles'!M3 -> 2945 | P2: ='FS Seychelles'!N3 -> 5772 | Q2: ='FS Seychelles'!O3 -> 8585 | R2: ='FS Seychelles'!P3 -> 8700 | S2: ='FS Seychelles'!Q3 -> 5926 | T2: ='FS Seychelles'!R3 -> 8414 | U2: ='FS Seychelles'!T3 -> 65 | V2: ='FS Seychelles'!U3 -> 0 | W2: ='FS Seychelles'!V3 -> 81 | X2: ='FS Seychelles'!W3 -> 116 | Y2: ='FS Seychelles'!X3 -> 80 | Z2: ='FS Seychelles'!Y3 -> 73 | AA2: ='FS Seychelles'!Z3 -> 0 | AB2: =TOTAL!G2 -> 435.26667
A3: Seychelles | B3: =B2+1 -> 2 | C3: 10 | D3: 2021 | E3: ='FS Seychelles'!B4 -> 36.36 | F3: ='FS Seychelles'!D4*1000 -> 1937.408 | G3: ='FS Seychelles'!E4*1000 -> 3352.064 | H3: ='FS Seychelles'!F4*1000 -> 4298.752 | I3: ='FS Seychelles'!G4*1000 -> 1311.232 | J3: ='FS Seychelles'!H4*1000 -> 1930.496 | K3: ='FS Seychelles'!I4*1000 -> 2192.896 | L3: ='FS Seychelles'!J4*1000 -> 1384.96 | M3: ='FS Seychelles'!K4*1000 -> 1593.344 | N3: ='FS Seychelles'!L4*1000 -> 3524.608 | O3: ='FS Seychelles'!M4 -> 3460 | P3: ='FS Seychelles'!N4 -> 0 | Q3: ='FS Seychelles'!O4 -> 3815 | R3: ='FS Seychelles'!P4 -> 5451 | S3: ='FS Seychelles'!Q4 -> 4836 | T3: ='FS Seychelles'!R4 -> 4801 | U3: ='FS Seychelles'!T4 -> 57 | V3: ='FS Seychelles'!U4 -> 53 | W3: ='FS Seychelles'!V4 -> 66 | X3: ='FS Seychelles'!W4 -> 99 | Y3: ='FS Seychelles'!X4 -> 81 | Z3: ='FS Seychelles'!Y4 -> 75 | AA3: ='FS Seychelles'!Z4 -> 0 | AB3: =TOTAL!G3 -> 435.26667
A4: Seychelles | B4: =B3+1 -> 3 | C4: 10 | D4: 2021 | E4: ='FS Seychelles'!B5 -> 43.42 | F4: ='FS Seychelles'!D5*1000 -> 1942.528 | G4: ='FS Seychelles'!E5*1000 -> 3642.368 | H4: ='FS Seychelles'!F5*1000 -> 4527.616 | I4: ='FS Seychelles'!G5*1000 -> 1449.728 | J4: ='FS Seychelles'!H5*1000 -> 1973.248 | K4: ='FS Seychelles'!I5*1000 -> 2163.456 | L4: ='FS Seychelles'!J5*1000 -> 1349.248 | M4: ='FS Seychelles'!K5*1000 -> 1627.136 | N4: ='FS Seychelles'!L5*1000 -> 3385.856 | O4: ='FS Seychelles'!M5 -> 2392 | P4: ='FS Seychelles'!N5 -> 0 | Q4: ='FS Seychelles'!O5 -> 2603 | R4: ='FS Seychelles'!P5 -> 8115 | S4: ='FS Seychelles'!Q5 -> 10524 | T4: ='FS Seychelles'!R5 -> 6583 | U4: ='FS Seychelles'!T5 -> 56 | V4: ='FS Seychelles'!U5 -> 28 | W4: ='FS Seychelles'!V5 -> 94 | X4: ='FS Seychelles'!W5 -> 90 | Y4: ='FS Seychelles'!X5 -> 64 | Z4: ='FS Seychelles'!Y5 -> 24 | AA4: ='FS Seychelles'!Z5 -> 0 | AB4: =TOTAL!G4 -> 435.26667
A5: Seychelles | B5: =B4+1 -> 4 | C5: 10 | D5: 2021 | E5: ='FS Seychelles'!B6 -> 38.16 | F5: ='FS Seychelles'!D6*1000 -> 2447.36 | G5: ='FS Seychelles'!E6*1000 -> 4145.664 | H5: ='FS Seychelles'!F6*1000 -> 4762.624 | I5: ='FS Seychelles'!G6*1000 -> 1578.752 | J5: ='FS Seychelles'!H6*1000 -> 2436.608 | K5: ='FS Seychelles'!I6*1000 -> 2648.064 | L5: ='FS Seychelles'!J6*1000 -> 1401.344 | M5: ='FS Seychelles'!K6*1000 -> 1663.744 | N5: ='FS Seychelles'!L6*1000 -> 3688.448 | O5: ='FS Seychelles'!M6 -> 0 | P5: ='FS Seychelles'!N6 -> 0 | Q5: ='FS Seychelles'!O6 -> 10485 | R5: ='FS Seychelles'!P6 -> 9066 | S5: ='FS Seychelles'!Q6 -> 8519 | T5: ='FS Seychelles'!R6 -> 7152 | U5: ='FS Seychelles'!T6 -> 62 | V5: ='FS Seychelles'!U6 -> 20 | W5: ='FS Seychelles'!V6 -> 119 | X5: ='FS Seychelles'!W6 -> 137 | Y5: ='FS Seychelles'!X6 -> 85 | Z5: ='FS Seychelles'!Y6 -> 78 | AA5: ='FS Seychelles'!Z6 -> 0 | AB5: =TOTAL!G5 -> 435.26667
A6: Seychelles | B6: =B5+1 -> 5 | C6: 10 | D6: 2021 | E6: ='FS Seychelles'!B7 -> 34.21 | F6: ='FS Seychelles'!D7*1000 -> 2188.8 | G6: ='FS Seychelles'!E7*1000 -> 3999.744 | H6: ='FS Seychelles'!F7*1000 -> 4811.776 | I6: ='FS Seychelles'!G7*1000 -> 1577.984 | J6: ='FS Seychelles'!H7*1000 -> 2392.832 | K6: ='FS Seychelles'!I7*1000 -> 2597.376 | L6: ='FS Seychelles'!J7*1000 -> 1349.376 | M6: ='FS Seychelles'!K7*1000 -> 1615.104 | N6: ='FS Seychelles'!L7*1000 -> 3616.256 | O6: ='FS Seychelles'!M7 -> 11074 | P6: ='FS Seychelles'!N7 -> 0 | Q6: ='FS Seychelles'!O7 -> 8749 | R6: ='FS Seychelles'!P7 -> 0 | S6: ='FS Seychelles'!Q7 -> 5896 | T6: ='FS Seychelles'!R7 -> 6309 | U6: ='FS Seychelles'!T7 -> 58 | V6: ='FS Seychelles'!U7 -> 22 | W6: ='FS Seychelles'!V7 -> 132 | X6: ='FS Seychelles'!W7 -> 150 | Y6: ='FS Seychelles'!X7 -> 82 | Z6: ='FS Seychelles'!Y7 -> 119 | AA6: ='FS Seychelles'!Z7 -> 0 | AB6: =TOTAL!G6 -> 435.26667
A7: Seychelles | B7: =B6+1 -> 6 | C7: 10 | D7: 2021 | E7: ='FS Seychelles'!B8 -> 35.53 | F7: ='FS Seychelles'!D8*1000 -> 2369.536 | G7: ='FS Seychelles'!E8*1000 -> 4272.64 | H7: ='FS Seychelles'!F8*1000 -> 4855.808 | I7: ='FS Seychelles'!G8*1000 -> 1625.6 | J7: ='FS Seychelles'!H8*1000 -> 2454.784 | K7: ='FS Seychelles'!I8*1000 -> 2606.592 | L7: ='FS Seychelles'!J8*1000 -> 1374.848 | M7: ='FS Seychelles'!K8*1000 -> 1589.504 | N7: ='FS Seychelles'!L8*1000 -> 3717.12 | O7: ='FS Seychelles'!M8 -> 2515 | P7: ='FS Seychelles'!N8 -> 6295 | Q7: ='FS Seychelles'!O8 -> 3959 | R7: ='FS Seychelles'!P8 -> 10393 | S7: ='FS Seychelles'!Q8 -> 3483 | T7: ='FS Seychelles'!R8 -> 7207 | U7: ='FS Seychelles'!T8 -> 52 | V7: ='FS Seychelles'!U8 -> 32 | W7: ='FS Seychelles'!V8 -> 142 | X7: ='FS Seychelles'!W8 -> 212 | Y7: ='FS Seychelles'!X8 -> 96 | Z7: ='FS Seychelles'!Y8 -> 115 | AA7: ='FS Seychelles'!Z8 -> 0 | AB7: =TOTAL!G7 -> 435.26667
A8: Seychelles | B8: =B7+1 -> 7 | C8: 10 | D8: 2021 | E8: ='FS Seychelles'!B9 -> 40.79 | F8: ='FS Seychelles'!D9*1000 -> 2492.928 | G8: ='FS Seychelles'!E9*1000 -> 4080.128 | H8: ='FS Seychelles'!F9*1000 -> 4987.904 | I8: ='FS Seychelles'!G9*1000 -> 1728.256 | J8: ='FS Seychelles'!H9*1000 -> 2624.256 | K8: ='FS Seychelles'!I9*1000 -> 2865.408 | L8: ='FS Seychelles'!J9*1000 -> 1269.888 | M8: ='FS Seychelles'!K9*1000 -> 1614.592 | N8: ='FS Seychelles'!L9*1000 -> 3695.616 | O8: ='FS Seychelles'!M9 -> 13020 | P8: ='FS Seychelles'!N9 -> 7450 | Q8: ='FS Seychelles'!O9 -> 3492 | R8: ='FS Seychelles'!P9 -> 8515 | S8: ='FS Seychelles'!Q9 -> 5242 | T8: ='FS Seychelles'!R9 -> 10086 | U8: ='FS Seychelles'!T9 -> 60 | V8: ='FS Seychelles'!U9 -> 67 | W8: ='FS Seychelles'!V9 -> 129 | X8: ='FS Seychelles'!W9 -> 145 | Y8: ='FS Seychelles'!X9 -> 109 | Z8: ='FS Seychelles'!Y9 -> 114 | AA8: ='FS Seychelles'!Z9 -> 0 | AB8: =TOTAL!G8 -> 435.26667
A9: Seychelles | B9: =B8+1 -> 8 | C9: 10 | D9: 2021 | E9: ='FS Seychelles'!B10 -> 47.38 | F9: ='FS Seychelles'!D10*1000 -> 2515.968 | G9: ='FS Seychelles'!E10*1000 -> 4024.832 | H9: ='FS Seychelles'!F10*1000 -> 4742.656 | I9: ='FS Seychelles'!G10*1000 -> 1756.672 | J9: ='FS Seychelles'!H10*1000 -> 2642.176 | K9: ='FS Seychelles'!I10*1000 -> 2792.192 | L9: ='FS Seychelles'!J10*1000 -> 1404.416 | M9: ='FS Seychelles'!K10*1000 -> 1624.832 | N9: ='FS Seychelles'!L10*1000 -> 3843.072 | O9: ='FS Seychelles'!M10 -> 6658 | P9: ='FS Seychelles'!N10 -> 0 | Q9: ='FS Seychelles'!O10 -> 0 | R9: ='FS Seychelles'!P10 -> 6169 | S9: ='FS Seychelles'!Q10 -> 4973 | T9: ='FS Seychelles'!R10 -> 5552 | U9: ='FS Seychelles'!T10 -> 50 | V9: ='FS Seychelles'!U10 -> 32 | W9: ='FS Seychelles'!V10 -> 141 | X9: ='FS Seychelles'!W10 -> 176 | Y9: ='FS Seychelles'!X10 -> 107 | Z9: ='FS Seychelles'!Y10 -> 107 | AA9: ='FS Seychelles'!Z10 -> 0 | AB9: =TOTAL!G9 -> 435.26667
A10: Seychelles | B10: =B9+1 -> 9 | C10: 10 | D10: 2021 | E10: ='FS Seychelles'!B11 -> 49.33 | F10: ='FS Seychelles'!D11*1000 -> 2785.792 | G10: ='FS Seychelles'!E11*1000 -> 4327.424 | H10: ='FS Seychelles'!F11*1000 -> 4713.472 | I10: ='FS Seychelles'!G11*1000 -> 1733.632 | J10: ='FS Seychelles'!H11*1000 -> 2556.16 | K10: ='FS Seychelles'!I11*1000 -> 2985.472 | L10: ='FS Seychelles'!J11*1000 -> 1443.584 | M10: ='FS Seychelles'!K11*1000 -> 1718.528 | N10: ='FS Seychelles'!L11*1000 -> 3768.832 | O10: ='FS Seychelles'!M11 -> 5328 | P10: ='FS Seychelles'!N11 -> 8075 | Q10: ='FS Seychelles'!O11 -> 985 | R10: ='FS Seychelles'!P11 -> 8186 | S10: ='FS Seychelles'!Q11 -> 5371 | T10: ='FS Seychelles'!R11 -> 7765 | U10: ='FS Seychelles'!T11 -> 51 | V10: ='FS Seychelles'!U11 -> 0 | W10: ='FS Seychelles'!V11 -> 144 | X10: ='FS Seychelles'!W11 -> 184 | Y10: ='FS Seychelles'!X11 -> 68 | Z10: ='FS Seychelles'!Y11 -> 109 | AA10: ='FS Seychelles'!Z11 -> 0 | AB10: =TOTAL!G10 -> 435.26667
A11: Seychelles | B11: =B10+1 -> 10 | C11: 10 | D11: 2021 | E11: ='FS Seychelles'!B12 -> 47.37 | F11: ='FS Seychelles'!D12*1000 -> 2401.792 | G11: ='FS Seychelles'!E12*1000 -> 3593.216 | H11: ='FS Seychelles'!F12*1000 -> 4619.264 | I11: ='FS Seychelles'!G12*1000 -> 1599.488 | J11: ='FS Seychelles'!H12*1000 -> 2324.992 | K11: ='FS Seychelles'!I12*1000 -> 2568.704 | L11: ='FS Seychelles'!J12*1000 -> 1429.504 | M11: ='FS Seychelles'!K12*1000 -> 1638.912 | N11: ='FS Seychelles'!L12*1000 -> 3621.888 | O11: ='FS Seychelles'!M12 -> 3501 | P11: ='FS Seychelles'!N12 -> 8160 | Q11: ='FS Seychelles'!O12 -> 8086 | R11: ='FS Seychelles'!P12 -> 0 | S11: ='FS Seychelles'!Q12 -> 6331 | T11: ='FS Seychelles'!R12 -> 6385 | U11: ='FS Seychelles'!T12 -> 46 | V11: ='FS Seychelles'!U12 -> 26 | W11: ='FS Seychelles'!V12 -> 125 | X11: ='FS Seychelles'!W12 -> 185 | Y11: ='FS Seychelles'!X12 -> 76 | Z11: ='FS Seychelles'!Y12 -> 113 | AA11: ='FS Seychelles'!Z12 -> 0 | AB11: =TOTAL!G11 -> 435.26667
A12: Seychelles | B12: =B11+1 -> 11 | C12: 10 | D12: 2021 | E12: ='FS Seychelles'!B13 -> 46.75 | F12: ='FS Seychelles'!D13*1000 -> 2628.096 | G12: ='FS Seychelles'!E13*1000 -> 3826.176 | H12: ='FS Seychelles'!F13*1000 -> 5011.968 | I12: ='FS Seychelles'!G13*1000 -> 1714.944 | J12: ='FS Seychelles'!H13*1000 -> 2732.8 | K12: ='FS Seychelles'!I13*1000 -> 2967.552 | L12: ='FS Seychelles'!J13*1000 -> 1276.544 | M12: ='FS Seychelles'!K13*1000 -> 1598.208 | N12: ='FS Seychelles'!L13*1000 -> 3588.096 | O12: ='FS Seychelles'!M13 -> 6208 | P12: ='FS Seychelles'!N13 -> 3554 | Q12: ='FS Seychelles'!O13 -> 5705 | R12: ='FS Seychelles'!P13 -> 5382 | S12: ='FS Seychelles'!Q13 -> 7319 | T12: ='FS Seychelles'!R13 -> 7224 | U12: ='FS Seychelles'!T13 -> 51 | V12: ='FS Seychelles'!U13 -> 50 | W12: ='FS Seychelles'!V13 -> 149 | X12: ='FS Seychelles'!W13 -> 141 | Y12: ='FS Seychelles'!X13 -> 89 | Z12: ='FS Seychelles'!Y13 -> 110 | AA12: ='FS Seychelles'!Z13 -> 0 | AB12: =TOTAL!G12 -> 435.26667
A13: Seychelles | B13: =B12+1 -> 12 | C13: 10 | D13: 2021 | E13: ='FS Seychelles'!B14 -> 50.67 | F13: ='FS Seychelles'!D14*1000 -> 2695.68 | G13: ='FS Seychelles'!E14*1000 -> 3993.6 | H13: ='FS Seychelles'!F14*1000 -> 5081.088 | I13: ='FS Seychelles'!G14*1000 -> 1756.928 | J13: ='FS Seychelles'!H14*1000 -> 2837.248 | K13: ='FS Seychelles'!I14*1000 -> 3768.064 | L13: ='FS Seychelles'!J14*1000 -> 1296.768 | M13: ='FS Seychelles'!K14*1000 -> 1559.296 | N13: ='FS Seychelles'!L14*1000 -> 3587.072 | O13: ='FS Seychelles'!M14 -> 11869 | P13: ='FS Seychelles'!N14 -> 7982 | Q13: ='FS Seychelles'!O14 -> 0 | R13: ='FS Seychelles'!P14 -> 0 | S13: ='FS Seychelles'!Q14 -> 3818 | T13: ='FS Seychelles'!R14 -> 6313 | U13: ='FS Seychelles'!T14 -> 55 | V13: ='FS Seychelles'!U14 -> 28 | W13: ='FS Seychelles'!V14 -> 163 | X13: ='FS Seychelles'!W14 -> 177 | Y13: ='FS Seychelles'!X14 -> 69 | Z13: ='FS Seychelles'!Y14 -> 115 | AA13: ='FS Seychelles'!Z14 -> 0 | AB13: =TOTAL!G13 -> 435.26667
A14: Seychelles | B14: =B13+1 -> 13 | C14: 10 | D14: 2021 | E14: ='FS Seychelles'!B15 -> 52.63 | F14: ='FS Seychelles'!D15*1000 -> 2518.528 | G14: ='FS Seychelles'!E15*1000 -> 3859.968 | H14: ='FS Seychelles'!F15*1000 -> 4948.992 | I14: ='FS Seychelles'!G15*1000 -> 1693.184 | J14: ='FS Seychelles'!H15*1000 -> 2513.408 | K14: ='FS Seychelles'!I15*1000 -> 3851.008 | L14: ='FS Seychelles'!J15*1000 -> 1198.848 | M14: ='FS Seychelles'!K15*1000 -> 1548.544 | N14: ='FS Seychelles'!L15*1000 -> 3500.544 | O14: ='FS Seychelles'!M15 -> 5095 | P14: ='FS Seychelles'!N15 -> 8086 | Q14: ='FS Seychelles'!O15 -> 4192 | R14: ='FS Seychelles'!P15 -> 5982 | S14: ='FS Seychelles'!Q15 -> 5203 | T14: ='FS Seychelles'!R15 -> 7603 | U14: ='FS Seychelles'!T15 -> 49 | V14: ='FS Seychelles'!U15 -> 47 | W14: ='FS Seychelles'!V15 -> 142 | X14: ='FS Seychelles'!W15 -> 166 | Y14: ='FS Seychelles'!X15 -> 75 | Z14: ='FS Seychelles'!Y15 -> 52 | AA14: ='FS Seychelles'!Z15 -> 0 | AB14: =TOTAL!G14 -> 435.26667
... A20: Seychelles | B20: =B19+1 -> 19 | C20: 10 | D20: 2021 | E20: ='FS Seychelles'!B21 -> 61.84 | F20: ='FS Seychelles'!D21*1000 -> 2616.32 | G20: ='FS Seychelles'!E21*1000 -> 4058.624 | H20: ='FS Seychelles'!F21*1000 -> 4775.936 | I20: ='FS Seychelles'!G21*1000 -> 1888.256 | J20: ='FS Seychelles'!H21*1000 -> 2876.928 | K20: ='FS Seychelles'!I21*1000 -> 3976.448 | L20: ='FS Seychelles'!J21*1000 -> 1508.608 | M20: ='FS Seychelles'!K21*1000 -> 1440.768 | N20: ='FS Seychelles'!L21*1000 -> 3800.064 | O20: ='FS Seychelles'!M21 -> 6003 | P20: ='FS Seychelles'!N21 -> 8494 | Q20: ='FS Seychelles'!O21 -> 4803 | R20: ='FS Seychelles'!P21 -> 0 | S20: ='FS Seychelles'!Q21 -> 5537 | T20: ='FS Seychelles'!R21 -> 6449 | U20: ='FS Seychelles'!T21 -> 54 | V20: ='FS Seychelles'!U21 -> 43 | W20: ='FS Seychelles'!V21 -> 153 | X20: ='FS Seychelles'!W21 -> 190 | Y20: ='FS Seychelles'!X21 -> 86 | Z20: ='FS Seychelles'!Y21 -> 103 | AA20: ='FS Seychelles'!Z21 -> 0 | AB20: =TOTAL!G20 -> 435.26667
A21: Seychelles | B21: =B20+1 -> 20 | C21: 10 | D21: 2021 | E21: ='FS Seychelles'!B22 -> 64.47 | F21: ='FS Seychelles'!D22*1000 -> 2789.888 | G21: ='FS Seychelles'!E22*1000 -> 4246.016 | H21: ='FS Seychelles'!F22*1000 -> 4890.624 | I21: ='FS Seychelles'!G22*1000 -> 1735.168 | J21: ='FS Seychelles'!H22*1000 -> 2980.608 | K21: ='FS Seychelles'!I22*1000 -> 4223.232 | L21: ='FS Seychelles'!J22*1000 -> 1452.928 | M21: ='FS Seychelles'!K22*1000 -> 1608.192 | N21: ='FS Seychelles'!L22*1000 -> 3851.264 | O21: ='FS Seychelles'!M22 -> 3076 | P21: ='FS Seychelles'!N22 -> 10013 | Q21: ='FS Seychelles'!O22 -> 10123 | R21: ='FS Seychelles'!P22 -> 0 | S21: ='FS Seychelles'!Q23 -> 8731 | T21: ='FS Seychelles'!R22 -> 7838 | U21: ='FS Seychelles'!T22 -> 54 | V21: ='FS Seychelles'!U22 -> 0 | W21: ='FS Seychelles'!V22 -> 169 | X21: ='FS Seychelles'!W22 -> 230 | Y21: ='FS Seychelles'!X22 -> 198 | Z21: ='FS Seychelles'!Y22 -> 110 | AA21: ='FS Seychelles'!Z22 -> 0 | AB21: =TOTAL!G21 -> 435.26667
A22: Seychelles | B22: =B21+1 -> 21 | C22: 10 | D22: 2021 | E22: ='FS Seychelles'!B23 -> 63.16 | F22: ='FS Seychelles'!D23*1000 -> 2941.952 | G22: ='FS Seychelles'!E23*1000 -> 4311.04 | H22: ='FS Seychelles'!F23*1000 -> 5172.224 | I22: ='FS Seychelles'!G23*1000 -> 1798.656 | J22: ='FS Seychelles'!H23*1000 -> 3094.784 | K22: ='FS Seychelles'!I23*1000 -> 4459.264 | L22: ='FS Seychelles'!J23*1000 -> 1466.24 | M22: ='FS Seychelles'!K23*1000 -> 1728.512 | N22: ='FS Seychelles'!L23*1000 -> 3928.576 | O22: ='FS Seychelles'!M23 -> 7911 | P22: ='FS Seychelles'!N23 -> 5758 | Q22: ='FS Seychelles'!O23 -> 9706 | R22: ='FS Seychelles'!P23 -> 0 | S22: ='FS Seychelles'!Q24 -> 8210 | T22: ='FS Seychelles'!R23 -> 7960 | U22: ='FS Seychelles'!T23 -> 61 | V22: ='FS Seychelles'!U23 -> 10 | W22: ='FS Seychelles'!V23 -> 138 | X22: ='FS Seychelles'!W23 -> 157 | Y22: ='FS Seychelles'!X23 -> 91 | Z22: ='FS Seychelles'!Y23 -> 114 | AA22: ='FS Seychelles'!Z23 -> 0 | AB22: =TOTAL!G22 -> 435.26667
A23: Seychelles | B23: =B22+1 -> 22 | C23: 10 | D23: 2021 | E23: ='FS Seychelles'!B24 -> 64.47 | F23: ='FS Seychelles'!D24*1000 -> 3098.624 | G23: ='FS Seychelles'!E24*1000 -> 4475.392 | H23: ='FS Seychelles'!F24*1000 -> 5188.608 | I23: ='FS Seychelles'!G24*1000 -> 1915.904 | J23: ='FS Seychelles'!H24*1000 -> 2880.768 | K23: ='FS Seychelles'!I24*1000 -> 4333.056 | L23: ='FS Seychelles'!J24*1000 -> 1460.48 | M23: ='FS Seychelles'!K24*1000 -> 1754.368 | N23: ='FS Seychelles'!L24*1000 -> 3770.368 | O23: ='FS Seychelles'!M24 -> 5739 | P23: ='FS Seychelles'!N24 -> 11884 | Q23: ='FS Seychelles'!O24 -> 5075 | R23: ='FS Seychelles'!P24 -> 0 | S23: ='FS Seychelles'!Q25 -> 10457 | T23: ='FS Seychelles'!R24 -> 8035 | U23: ='FS Seychelles'!T24 -> 61 | V23: ='FS Seychelles'!U24 -> 28 | W23: ='FS Seychelles'!V24 -> 141 | X23: ='FS Seychelles'!W24 -> 164 | Y23: ='FS Seychelles'!X24 -> 121 | Z23: ='FS Seychelles'!Y24 -> 96 | AA23: ='FS Seychelles'!Z24 -> 0 | AB23: =TOTAL!G23 -> 435.26667
A24: Seychelles | B24: =B23+1 -> 23 | C24: 10 | D24: 2021 | E24: ='FS Seychelles'!B25 -> 64.47 | F24: ='FS Seychelles'!D25*1000 -> 3058.688 | G24: ='FS Seychelles'!E25*1000 -> 4324.352 | H24: ='FS Seychelles'!F25*1000 -> 5285.376 | I24: ='FS Seychelles'!G25*1000 -> 1967.616 | J24: ='FS Seychelles'!H25*1000 -> 2563.584 | K24: ='FS Seychelles'!I25*1000 -> 3870.464 | L24: ='FS Seychelles'!J25*1000 -> 1392.64 | M24: ='FS Seychelles'!K25*1000 -> 1852.928 | N24: ='FS Seychelles'!L25*1000 -> 3427.328 | O24: ='FS Seychelles'!M25 -> 0 | P24: ='FS Seychelles'!N25 -> 8314 | Q24: ='FS Seychelles'!O25 -> 13645 | R24: ='FS Seychelles'!P25 -> 0 | S24: ='FS Seychelles'!Q25 -> 10457 | T24: ='FS Seychelles'!R25 -> 7597 | U24: ='FS Seychelles'!T25 -> 53 | V24: ='FS Seychelles'!U25 -> 24 | W24: ='FS Seychelles'!V25 -> 166 | X24: ='FS Seychelles'!W25 -> 204 | Y24: ='FS Seychelles'!X25 -> 89 | Z24: ='FS Seychelles'!Y25 -> 105 | AA24: ='FS Seychelles'!Z25 -> 0 | AB24: =TOTAL!G24 -> 435.26667
A25: Seychelles | B25: =B24+1 -> 24 | C25: 10 | D25: 2021 | E25: ='FS Seychelles'!B26 -> 39.76 | F25: ='FS Seychelles'!D26*1000 -> 2929.152 | G25: ='FS Seychelles'!E26*1000 -> 4307.456 | H25: ='FS Seychelles'!F26*1000 -> 5078.528 | I25: ='FS Seychelles'!G26*1000 -> 1988.864 | J25: ='FS Seychelles'!H26*1000 -> 2580.992 | K25: ='FS Seychelles'!I26*1000 -> 3246.592 | L25: ='FS Seychelles'!J26*1000 -> 1433.344 | M25: ='FS Seychelles'!K26*1000 -> 1664.768 | N25: ='FS Seychelles'!L26*1000 -> 3471.36 | O25: ='FS Seychelles'!M26 -> 11125 | P25: ='FS Seychelles'!N26 -> 9700 | Q25: ='FS Seychelles'!O26 -> 8685 | R25: ='FS Seychelles'!P26 -> 0 | S25: ='FS Seychelles'!Q26 -> 0 | T25: ='FS Seychelles'!R26 -> 7362 | U25: ='FS Seychelles'!T26 -> 49 | V25: ='FS Seychelles'!U26 -> 24 | W25: ='FS Seychelles'!V26 -> 84 | X25: ='FS Seychelles'!W26 -> 171 | Y25: ='FS Seychelles'!X26 -> 74 | Z25: ='FS Seychelles'!Y26 -> 102 | AA25: ='FS Seychelles'!Z26 -> 0 | AB25: =TOTAL!G25 -> 435.26667
A26: Seychelles | B26: =B25+1 -> 25 | C26: 10 | D26: 2021 | E26: ='FS Seychelles'!B27 -> 50 | F26: ='FS Seychelles'!D27*1000 -> 2486.784 | G26: ='FS Seychelles'!E27*1000 -> 3663.872 | H26: ='FS Seychelles'!F27*1000 -> 4824.064 | I26: ='FS Seychelles'!G27*1000 -> 1806.08 | J26: ='FS Seychelles'!H27*1000 -> 2408.448 | K26: ='FS Seychelles'!I27*1000 -> 2694.4 | L26: ='FS Seychelles'!J27*1000 -> 1456.512 | M26: ='FS Seychelles'!K27*1000 -> 1645.824 | N26: ='FS Seychelles'!L27*1000 -> 3748.352 | O26: ='FS Seychelles'!M27 -> 10369 | P26: ='FS Seychelles'!N27 -> 7108 | Q26: ='FS Seychelles'!O27 -> 9774 | R26: ='FS Seychelles'!P27 -> 0 | S26: ='FS Seychelles'!Q27 -> 0 | T26: ='FS Seychelles'!R27 -> 6623 | U26: ='FS Seychelles'!T27 -> 55 | V26: ='FS Seychelles'!U27 -> 36 | W26: ='FS Seychelles'!V27 -> 89 | X26: ='FS Seychelles'!W27 -> 185 | Y26: ='FS Seychelles'!X27 -> 88 | Z26: ='FS Seychelles'!Y27 -> 106 | AA26: ='FS Seychelles'!Z27 -> 0 | AB26: =TOTAL!G26 -> 435.26667
A27: Seychelles | B27: =B26+1 -> 26 | C27: 10 | D27: 2021 | E27: ='FS Seychelles'!B28 -> 54.22 | F27: ='FS Seychelles'!D28*1000 -> 2189.312 | G27: ='FS Seychelles'!E28*1000 -> 3396.608 | H27: ='FS Seychelles'!F28*1000 -> 4876.288 | I27: ='FS Seychelles'!G28*1000 -> 1676.032 | J27: ='FS Seychelles'!H28*1000 -> 2141.44 | K27: ='FS Seychelles'!I28*1000 -> 2970.624 | L27: ='FS Seychelles'!J28*1000 -> 1504.768 | M27: ='FS Seychelles'!K28*1000 -> 1611.52 | N27: ='FS Seychelles'!L28*1000 -> 3587.072 | O27: ='FS Seychelles'!M28 -> 14728 | P27: ='FS Seychelles'!N28 -> 0 | Q27: ='FS Seychelles'!O28 -> 8338 | R27: ='FS Seychelles'!P28 -> 0 | S27: ='FS Seychelles'!Q28 -> 0 | T27: ='FS Seychelles'!R28 -> 5738 | U27: ='FS Seychelles'!T28 -> 55 | V27: ='FS Seychelles'!U28 -> 10 | W27: ='FS Seychelles'!V28 -> 38 | X27: ='FS Seychelles'!W28 -> 137 | Y27: ='FS Seychelles'!X28 -> 85 | Z27: ='FS Seychelles'!Y28 -> 106 | AA27: ='FS Seychelles'!Z28 -> 0 | AB27: =TOTAL!G27 -> 435.26667
A28: Seychelles | B28: =B27+1 -> 27 | C28: 10 | D28: 2021 | E28: ='FS Seychelles'!B29 -> 54.76 | F28: ='FS Seychelles'!D29*1000 -> 2392.576 | G28: ='FS Seychelles'!E29*1000 -> 3991.04 | H28: ='FS Seychelles'!F29*1000 -> 4970.496 | I28: ='FS Seychelles'!G29*1000 -> 1923.84 | J28: ='FS Seychelles'!H29*1000 -> 2446.336 | K28: ='FS Seychelles'!I29*1000 -> 3397.376 | L28: ='FS Seychelles'!J29*1000 -> 1400.832 | M28: ='FS Seychelles'!K29*1000 -> 1827.84 | N28: ='FS Seychelles'!L29*1000 -> 3569.152 | O28: ='FS Seychelles'!M29 -> 5701 | P28: ='FS Seychelles'!N29 -> 13214 | Q28: ='FS Seychelles'!O29 -> 2428 | R28: ='FS Seychelles'!P29 -> 0 | S28: ='FS Seychelles'!Q29 -> 9944 | T28: ='FS Seychelles'!R29 -> 8130 | U28: ='FS Seychelles'!T29 -> 56 | V28: ='FS Seychelles'!U29 -> 34 | W28: ='FS Seychelles'!V29 -> 116 | X28: ='FS Seychelles'!W29 -> 178 | Y28: ='FS Seychelles'!X29 -> 120 | Z28: ='FS Seychelles'!Y29 -> 106 | AA28: ='FS Seychelles'!Z29 -> 0 | AB28: =TOTAL!G28 -> 435.26667
A29: Seychelles | B29: =B28+1 -> 28 | C29: 10 | D29: 2021 | E29: ='FS Seychelles'!B30 -> 67.1 | F29: ='FS Seychelles'!D30*1000 -> 2714.112 | G29: ='FS Seychelles'!E30*1000 -> 4088.832 | H29: ='FS Seychelles'!F30*1000 -> 4989.44 | I29: ='FS Seychelles'!G30*1000 -> 2130.944 | J29: ='FS Seychelles'!H30*1000 -> 2599.168 | K29: ='FS Seychelles'!I30*1000 -> 3467.008 | L29: ='FS Seychelles'!J30*1000 -> 1280.896 | M29: ='FS Seychelles'!K30*1000 -> 1788.672 | N29: ='FS Seychelles'!L30*1000 -> 3553.792 | O29: ='FS Seychelles'!M30 -> 4006 | P29: ='FS Seychelles'!N30 -> 5239 | Q29: ='FS Seychelles'!O30 -> 8836 | R29: ='FS Seychelles'!P30 -> 0 | S29: ='FS Seychelles'!Q30 -> 11318 | T29: ='FS Seychelles'!R30 -> 7367 | U29: ='FS Seychelles'!T30 -> 60 | V29: ='FS Seychelles'!U30 -> 25 | W29: ='FS Seychelles'!V30 -> 122 | X29: ='FS Seychelles'!W30 -> 223 | Y29: ='FS Seychelles'!X30 -> 144 | Z29: ='FS Seychelles'!Y30 -> 104 | AA29: ='FS Seychelles'!Z30 -> 0 | AB29: =TOTAL!G29 -> 435.26667
A30: Seychelles | B30: =B29+1 -> 29 | C30: 10 | D30: 2021 | E30: ='FS Seychelles'!B31 -> 64.47 | F30: ='FS Seychelles'!D31*1000 -> 2792.448 | G30: ='FS Seychelles'!E31*1000 -> 4042.752 | H30: ='FS Seychelles'!F31*1000 -> 4940.8 | I30: ='FS Seychelles'!G31*1000 -> 2214.144 | J30: ='FS Seychelles'!H31*1000 -> 2828.032 | K30: ='FS Seychelles'!I31*1000 -> 3277.824 | L30: ='FS Seychelles'!J31*1000 -> 1483.904 | M30: ='FS Seychelles'!K31*1000 -> 1712.896 | N30: ='FS Seychelles'!L31*1000 -> 3812.352 | O30: ='FS Seychelles'!M31 -> 6446 | P30: ='FS Seychelles'!N31 -> 10177 | Q30: ='FS Seychelles'!O31 -> 10951 | R30: ='FS Seychelles'!P31 -> 0 | S30: ='FS Seychelles'!Q31 -> 4015 | T30: ='FS Seychelles'!R31 -> 7732 | U30: ='FS Seychelles'!T31 -> 61 | V30: ='FS Seychelles'!U31 -> 22 | W30: ='FS Seychelles'!V31 -> 124 | X30: ='FS Seychelles'!W31 -> 201 | Y30: ='FS Seychelles'!X31 -> 96 | Z30: ='FS Seychelles'!Y31 -> 105 | AA30: ='FS Seychelles'!Z31 -> 0 | AB30: =TOTAL!G30 -> 435.26667
A31: Seychelles | B31: =B30+1 -> 30 | C31: 10 | D31: 2021 | E31: ='FS Seychelles'!B32 -> 60.53 | F31: ='FS Seychelles'!D32*1000 -> 2695.68 | G31: ='FS Seychelles'!E32*1000 -> 4089.856 | H31: ='FS Seychelles'!F32*1000 -> 5045.76 | I31: ='FS Seychelles'!G32*1000 -> 2231.296 | J31: ='FS Seychelles'!H32*1000 -> 2974.464 | K31: ='FS Seychelles'!I32*1000 -> 3553.792 | L31: ='FS Seychelles'!J32*1000 -> 1369.728 | M31: ='FS Seychelles'!K32*1000 -> 1821.184 | N31: ='FS Seychelles'!L32*1000 -> 3509.248 | O31: ='FS Seychelles'!M32 -> 4273 | P31: ='FS Seychelles'!N32 -> 9841 | Q31: ='FS Seychelles'!O32 -> 10404 | R31: ='FS Seychelles'!P32 -> 0 | S31: ='FS Seychelles'!Q32 -> 6008 | T31: ='FS Seychelles'!R32 -> 7418 | U31: ='FS Seychelles'!T32 -> 60 | V31: ='FS Seychelles'!U32 -> 26 | W31: ='FS Seychelles'!V32 -> 81 | X31: ='FS Seychelles'!W32 -> 217 | Y31: ='FS Seychelles'!X32 -> 123 | Z31: ='FS Seychelles'!Y32 -> 101 | AA31: ='FS Seychelles'!Z32 -> 0 | AB31: =TOTAL!G31 -> 435.26667
A32: Seychelles | B32: 31 | C32: 10 | D32: 2021 | E32: ='FS Seychelles'!B33 -> 55.26 | F32: ='FS Seychelles'!D33*1000 -> 2793.984 | G32: ='FS Seychelles'!E33*1000 -> 4016.64 | H32: ='FS Seychelles'!F33*1000 -> 4923.392 | I32: ='FS Seychelles'!G33*1000 -> 2366.464 | J32: ='FS Seychelles'!H33*1000 -> 2714.88 | K32: ='FS Seychelles'!I33*1000 -> 3831.296 | L32: ='FS Seychelles'!J33*1000 -> 1427.84 | M32: ='FS Seychelles'!K33*1000 -> 1895.68 | N32: ='FS Seychelles'!L33*1000 -> 3631.104 | O32: ='FS Seychelles'!M33 -> 5735 | P32: ='FS Seychelles'!N33 -> 8805 | Q32: ='FS Seychelles'!O33 -> 0 | R32: ='FS Seychelles'!P33 -> 4462 | S32: ='FS Seychelles'!Q33 -> 9912 | T32: ='FS Seychelles'!R33 -> 7815 | U32: ='FS Seychelles'!T33 -> 64 | V32: ='FS Seychelles'!U33 -> 31 | W32: ='FS Seychelles'!V33 -> 53 | X32: ='FS Seychelles'!W33 -> 218 | Y32: ='FS Seychelles'!X33 -> 78 | Z32: ='FS Seychelles'!Y33 -> 113 | AA32: ='FS Seychelles'!Z33 -> 0 | AB32: =TOTAL!G32 -> 435.26667
O33: =SUM(O2:O32) -> 191921 | P33: =SUM(P2:P32) -> 198749 | Q33: =SUM(Q2:Q32) -> 194210 | R33: =SUM(R2:R32) -> 97066
R35: =SUM(O33:R33) -> 681946

Sheet FS Seychelles
A2: DATE | B2: Room Night % | C2: Food Covers (Customers) | D2: SS-A (KWH) | E2: SS-B (KWH) | F2: SS-C (KWH) | G2: SS-D1 (KWH) | H2: SS-D2 (KWH) | I2: SS-E (KWH) | J2: FIRE PUMP (KWH) | K2: CASINO (KWH) | L2: BOH (KWH) | M2: Generator#1 (KWH) | N2: Generator#2 (KWH) | O2: Generator#3 (KWH) | P2: Generator#4 (KWH) | Q2: Generator#5 (KWH) | R2: DIESEL (Liter) | S2: DIESEL TARIFF (Euro/Liter) | T2: BOH Water (m3) | U2: E-Resort (m3) | V2: North RVs (m3) | W2: WT59 (m3) | X2: WT08 (m3) | Y2: PUC HOH (m3) | Z2: PUC Eresort (m3) | AA2: LPG (Kg)
A3: 44470 | B3: 38.96 | C3: 228 | D3: 2.272256 | E3: 3.569664 | F3: 4.671488 | G3: 1.503488 | H3: 2.36544 | I3: 2.32832 | J3: 1.382912 | K3: 1.633024 | L3: 3.576832 | M3: 2945 | N3: 5772 | O3: 8585 | P3: 8700 | Q3: 5926 | R3: =807+1515+1798+2659+1635 -> 8414 | S3: 1.09 | T3: 65 | U3: 0 | V3: 81 | W3: 116 | X3: 80 | Y3: 73 | Z3: 0 | AA3: CYLINDER DELIVERY (KG)
A4: 44471 | B4: 36.36 | C4: 203 | D4: 1.937408 | E4: 3.352064 | F4: 4.298752 | G4: 1.311232 | H4: 1.930496 | I4: 2.192896 | J4: 1.38496 | K4: 1.593344 | L4: 3.524608 | M4: 3460 | N4: 0 | O4: 3815 | P4: 5451 | Q4: 4836 | R4: =940+875+1678+1308 -> 4801 | S4: 1.09 | T4: 57 | U4: 53 | V4: 66 | W4: 99 | X4: 81 | Y4: 75 | Z4: 0 | AA4: Unit (kg) | AB4: Quantity | AC4: Sub total
A5: 44472 | B5: 43.42 | C5: 141 | D5: 1.942528 | E5: 3.642368 | F5: 4.527616 | G5: 1.449728 | H5: 1.973248 | I5: 2.163456 | J5: 1.349248 | K5: 1.627136 | L5: 3.385856 | M5: 2392 | N5: 0 | O5: 2603 | P5: 8115 | Q5: 10524 | R5: =670+633+2486+2794 -> 6583 | S5: 1.09 | T5: 56 | U5: 28 | V5: 94 | W5: 90 | X5: 64 | Y5: 24 | Z5: 0 | AA5: 4.5 | AB5: 1 | AC5: 4.5
A6: 44473 | B6: 38.16 | C6: 201 | D6: 2.44736 | E6: 4.145664 | F6: 4.762624 | G6: 1.578752 | H6: 2.436608 | I6: 2.648064 | J6: 1.401344 | K6: 1.663744 | L6: 3.688448 | M6: 0 | N6: 0 | O6: 10485 | P6: 9066 | Q6: 8519 | R6: =2148+2832+2172 -> 7152 | S6: 1.09 | T6: 62 | U6: 20 | V6: 119 | W6: 137 | X6: 85 | Y6: 78 | Z6: 0 | AA6: 5 | AB6: 8 | AC6: 40
A7: 44474 | B7: 34.21 | C7: 208 | D7: 2.1888 | E7: 3.999744 | F7: 4.811776 | G7: 1.577984 | H7: 2.392832 | I7: 2.597376 | J7: 1.349376 | K7: 1.615104 | L7: 3.616256 | M7: 11074 | N7: 0 | O7: 8749 | P7: 0 | Q7: 5896 | R7: =2942+1828+1539 -> 6309 | S7: 1.09 | T7: 58 | U7: 22 | V7: 132 | W7: 150 | X7: 82 | Y7: 119 | Z7: 0 | AA7: 10 | AB7: 16 | AC7: 160
A8: 44475 | B8: 35.53 | C8: 256 | D8: 2.369536 | E8: 4.27264 | F8: 4.855808 | G8: 1.6256 | H8: 2.454784 | I8: 2.606592 | J8: 1.374848 | K8: 1.589504 | L8: 3.71712 | M8: 2515 | N8: 6295 | O8: 3959 | P8: 10393 | Q8: 3483 | R8: =444+1677+882+3224+980 -> 7207 | S8: 1.09 | T8: 52 | U8: 32 | V8: 142 | W8: 212 | X8: 96 | Y8: 115 | Z8: 0 | AA8: 12 | AB8: 4 | AC8: 48
A9: 44476 | B9: 40.79 | C9: 245 | D9: 2.492928 | E9: 4.080128 | F9: 4.987904 | G9: 1.728256 | H9: 2.624256 | I9: 2.865408 | J9: 1.269888 | K9: 1.614592 | L9: 3.695616 | M9: 13020 | N9: 7450 | O9: 3492 | P9: 8515 | Q9: 5242 | R9: =3349+1937+782+2657+1361 -> 10086 | S9: 1.09 | T9: 60 | U9: 67 | V9: 129 | W9: 145 | X9: 109 | Y9: 114 | Z9: 0 | AA9: 20 | AB9: 68 | AC9: 1360
A10: 44477 | B10: 47.38 | C10: 269 | D10: 2.515968 | E10: 4.024832 | F10: 4.742656 | G10: 1.756672 | H10: 2.642176 | I10: 2.792192 | J10: 1.404416 | K10: 1.624832 | L10: 3.843072 | M10: 6658 | N10: 0 | O10: 0 | P10: 6169 | Q10: 4973 | R10: =2277+1856+1419 -> 5552 | S10: 1.09 | T10: 50 | U10: 32 | V10: 141 | W10: 176 | X10: 107 | Y10: 107 | Z10: 0 | AB10: Total | AC10: =SUM(AC6:AC9) -> 1608
A11: 44478 | B11: 49.33 | C11: 281 | D11: 2.785792 | E11: 4.327424 | F11: 4.713472 | G11: 1.733632 | H11: 2.55616 | I11: 2.985472 | J11: 1.443584 | K11: 1.718528 | L11: 3.768832 | M11: 5328 | N11: 8075 | O11: 985 | P11: 8186 | Q11: 5371 | R11: =1454+2090+222+2546+1453 -> 7765 | S11: 1.09 | T11: 51 | U11: 0 | V11: 144 | W11: 184 | X11: 68 | Y11: 109 | Z11: 0 | AA11: TRUCK DELIVERY (KG)
A12: 44479 | B12: 47.37 | C12: 275 | D12: 2.401792 | E12: 3.593216 | F12: 4.619264 | G12: 1.599488 | H12: 2.324992 | I12: 2.568704 | J12: 1.429504 | K12: 1.638912 | L12: 3.621888 | M12: 3501 | N12: 8160 | O12: 8086 | P12: 0 | Q12: 6331 | R12: =963+2113+1672+1637 -> 6385 | S12: 1.09 | T12: 46 | U12: 26 | V12: 125 | W12: 185 | X12: 76 | Y12: 113 | Z12: 0 | AB12: Sub Total
A13: 44480 | B13: 46.75 | C13: 249 | D13: 2.628096 | E13: 3.826176 | F13: 5.011968 | G13: 1.714944 | H13: 2.7328 | I13: 2.967552 | J13: 1.276544 | K13: 1.598208 | L13: 3.588096 | M13: 6208 | N13: 3554 | O13: 5705 | P13: 5382 | Q13: 7319 | R13: =1694+894+1184+1706+1746 -> 7224 | S13: 1.09 | T13: 51 | U13: 50 | V13: 149 | W13: 141 | X13: 89 | Y13: 110 | Z13: 0 | AA13: Sitronel | AB13: 7650
A14: 44481 | B14: 50.67 | C14: 312 | D14: 2.69568 | E14: 3.9936 | F14: 5.081088 | G14: 1.756928 | H14: 2.837248 | I14: 3.768064 | J14: 1.296768 | K14: 1.559296 | L14: 3.587072 | M14: 11869 | N14: 7982 | O14: 0 | P14: 0 | Q14: 3818 | R14: =3221+2147+945 -> 6313 | S14: 1.09 | T14: 55 | U14: 28 | V14: 163 | W14: 177 | X14: 69 | Y14: 115 | Z14: 0 | AA14: Zez | AB14: 3800
A15: 44482 | B15: 52.63 | C15: 339 | D15: 2.518528 | E15: 3.859968 | F15: 4.948992 | G15: 1.693184 | H15: 2.513408 | I15: 3.851008 | J15: 1.198848 | K15: 1.548544 | L15: 3.500544 | M15: 5095 | N15: 8086 | O15: 4192 | P15: 5982 | Q15: 5203 | R15: =1390+2127+878+1787+1421 -> 7603 | S15: 1.09 | T15: 49 | U15: 47 | V15: 142 | W15: 166 | X15: 75 | Y15: 52 | Z15: 0 | AB15: Total | AC15: =SUM(AB13:AC14) -> 11450
A16: 44483 | B16: 51.31 | C16: 337 | D16: 2.506752 | E16: 3.926528 | F16: 5.034496 | G16: 1.831424 | H16: 2.509312 | I16: 4.036864 | J16: 1.156608 | K16: 1.56416 | L16: 3.412992 | M16: 3527 | N16: 5800 | O16: 6820 | P16: 5041 | Q16: 6079 | R16: =916+1490+1436+1629+1574 -> 7045 | S16: 1.09 | T16: 52 | U16: 33 | V16: 149 | W16: 200 | X16: 91 | Y16: 95 | Z16: 0
A17: 44484 | B17: 57.89 | C17: 340 | D17: 2.564608 | E17: 3.858944 | F17: 5.005312 | G17: 1.950976 | H17: 2.661632 | I17: 4.128768 | J17: 1.47392 | K17: 1.542656 | L17: 3.710976 | M17: 7514 | N17: 4827 | O17: 5028 | P17: 976 | Q17: 9759 | R17: =2060+1300+1087+335+2656 -> 7438 | S17: 1.09 | T17: 61 | U17: 51 | V17: 150 | W17: 178 | X17: 96 | Y17: 111 | Z17: 0
A18: 44485 | B18: 64.47 | C18: 402 | D18: 2.79296 | E18: 4.410368 | F18: 5.122048 | G18: 1.99296 | H18: 2.557696 | I18: 4.386816 | J18: 1.459328 | K18: 1.704192 | L18: 3.66848 | M18: 4013 | N18: 10332 | O18: 0 | P18: 10628 | Q18: 4256 | R18: =1055+2611+3285+1146 -> 8097 | S18: 1.09 | T18: 55 | U18: 0 | V18: 141 | W18: 186 | X18: 111 | Y18: 99 | Z18: 0
A19: 44486 | B19: 55.26 | C19: 395 | D19: 2.338304 | E19: 3.712 | F19: 4.882432 | G19: 1.676288 | H19: 2.352896 | I19: 3.404544 | J19: 1.530752 | K19: 1.678848 | L19: 3.577856 | M19: 12002 | N19: 5692 | O19: 9908 | P19: 0 | Q19: 4089 | R19: =3204+1481+2030+1089 -> 7804 | S19: 1.09 | T19: 50 | U19: 34 | V19: 168 | W19: 203 | X19: 97 | Y19: 101 | Z19: 0
A20: 44487 | B20: 67.11 | C20: 370 | D20: 2.36032 | E20: 3.749888 | F20: 4.779008 | G20: 1.804288 | H20: 2.52928 | I20: 3.724544 | J20: 1.406336 | K20: 1.577728 | L20: 3.771392 | M20: 5688 | N20: 8177 | O20: 9030 | P20: 0 | Q20: 4867 | R20: =1534+2101+1841+1323 -> 6799 | S20: 1.09 | T20: 56 | U20: 8 | V20: 143 | W20: 240 | X20: 82 | Y20: 99 | Z20: 0
A21: 44488 | B21: 61.84 | C21: 373 | D21: 2.61632 | E21: 4.058624 | F21: 4.775936 | G21: 1.888256 | H21: 2.876928 | I21: 3.976448 | J21: 1.508608 | K21: 1.440768 | L21: 3.800064 | M21: 6003 | N21: 8494 | O21: 4803 | P21: 0 | Q21: 5537 | R21: =1629+2455+873+1492 -> 6449 | S21: 1.09 | T21: 54 | U21: 43 | V21: 153 | W21: 190 | X21: 86 | Y21: 103 | Z21: 0
A22: 44489 | B22: 64.47 | C22: 420 | D22: 2.789888 | E22: 4.246016 | F22: 4.890624 | G22: 1.735168 | H22: 2.980608 | I22: 4.223232 | J22: 1.452928 | K22: 1.608192 | L22: 3.851264 | M22: 3076 | N22: 10013 | O22: 10123 | P22: 0 | Q22: 8842 | R22: =807+2572+2121+2338 -> 7838 | S22: 1.09 | T22: 54 | U22: 0 | V22: 169 | W22: 230 | X22: 198 | Y22: 110 | Z22: 0
A23: 44490 | B23: 63.16 | C23: 413 | D23: 2.941952 | E23: 4.31104 | F23: 5.172224 | G23: 1.798656 | H23: 3.094784 | I23: 4.459264 | J23: 1.46624 | K23: 1.728512 | L23: 3.928576 | M23: 7911 | N23: 5758 | O23: 9706 | P23: 0 | Q23: 8731 | R23: =2098+1483+2025+2354 -> 7960 | S23: 1.09 | T23: 61 | U23: 10 | V23: 138 | W23: 157 | X23: 91 | Y23: 114 | Z23: 0
A24: 44491 | B24: 64.47 | C24: 334 | D24: 3.098624 | E24: 4.475392 | F24: 5.188608 | G24: 1.915904 | H24: 2.880768 | I24: 4.333056 | J24: 1.46048 | K24: 1.754368 | L24: 3.770368 | M24: 5739 | N24: 11884 | O24: 5075 | P24: 0 | Q24: 8210 | R24: =1476+3093+1102+2364 -> 8035 | S24: 1.09 | T24: 61 | U24: 28 | V24: 141 | W24: 164 | X24: 121 | Y24: 96 | Z24: 0
A25: 44492 | B25: 64.47 | C25: 316 | D25: 3.058688 | E25: 4.324352 | F25: 5.285376 | G25: 1.967616 | H25: 2.563584 | I25: 3.870464 | J25: 1.39264 | K25: 1.852928 | L25: 3.427328 | M25: 0 | N25: 8314 | O25: 13645 | P25: 0 | Q25: 10457 | R25: =2112+2800+2685 -> 7597 | S25: 1.09 | T25: 53 | U25: 24 | V25: 166 | W25: 204 | X25: 89 | Y25: 105 | Z25: 0
A26: 44493 | B26: 39.76 | C26: 265 | D26: 2.929152 | E26: 4.307456 | F26: 5.078528 | G26: 1.988864 | H26: 2.580992 | I26: 3.246592 | J26: 1.433344 | K26: 1.664768 | L26: 3.47136 | M26: 11125 | N26: 9700 | O26: 8685 | P26: 0 | Q26: 0 | R26: =3023+2507+1832 -> 7362 | S26: 1.15 | T26: 49 | U26: 24 | V26: 84 | W26: 171 | X26: 74 | Y26: 102 | Z26: 0
A27: 44494 | B27: 50 | C27: 250 | D27: 2.486784 | E27: 3.663872 | F27: 4.824064 | G27: 1.80608 | H27: 2.408448 | I27: 2.6944 | J27: 1.456512 | K27: 1.645824 | L27: 3.748352 | M27: 10369 | N27: 7108 | O27: 9774 | P27: 0 | Q27: 0 | R27: =2762+1837+2024 -> 6623 | S27: 1.15 | T27: 55 | U27: 36 | V27: 89 | W27: 185 | X27: 88 | Y27: 106 | Z27: 0
A28: 44495 | B28: 54.22 | C28: 282 | D28: 2.189312 | E28: 3.396608 | F28: 4.876288 | G28: 1.676032 | H28: 2.14144 | I28: 2.970624 | J28: 1.504768 | K28: 1.61152 | L28: 3.587072 | M28: 14728 | N28: 0 | O28: 8338 | P28: 0 | Q28: 0 | R28: =3979+1759 -> 5738 | S28: 1.15 | T28: 55 | U28: 10 | V28: 38 | W28: 137 | X28: 85 | Y28: 106 | Z28: 0
A29: 44496 | B29: 54.76 | C29: 318 | D29: 2.392576 | E29: 3.99104 | F29: 4.970496 | G29: 1.92384 | H29: 2.446336 | I29: 3.397376 | J29: 1.400832 | K29: 1.82784 | L29: 3.569152 | M29: 5701 | N29: 13214 | O29: 2428 | P29: 0 | Q29: 9944 | R29: =1516+3393+527+2694 -> 8130 | S29: 1.15 | T29: 56 | U29: 34 | V29: 116 | W29: 178 | X29: 120 | Y29: 106 | Z29: 0
A30: 44497 | B30: 67.1 | C30: 354 | D30: 2.714112 | E30: 4.088832 | F30: 4.98944 | G30: 2.130944 | H30: 2.599168 | I30: 3.467008 | J30: 1.280896 | K30: 1.788672 | L30: 3.553792 | M30: 4006 | N30: 5239 | O30: 8836 | P30: 0 | Q30: 11318 | R30: =1105+1388+1923+2951 -> 7367 | S30: 1.15 | T30: 60 | U30: 25 | V30: 122 | W30: 223 | X30: 144 | Y30: 104 | Z30: 0
A31: 44498 | B31: 64.47 | C31: 369 | D31: 2.792448 | E31: 4.042752 | F31: 4.9408 | G31: 2.214144 | H31: 2.828032 | I31: 3.277824 | J31: 1.483904 | K31: 1.712896 | L31: 3.812352 | M31: 6446 | N31: 10177 | O31: 10951 | P31: 0 | Q31: 4015 | R31: =1748+2586+2233+1165 -> 7732 | S31: 1.15 | T31: 61 | U31: 22 | V31: 124 | W31: 201 | X31: 96 | Y31: 105 | Z31: 0
A32: 44499 | B32: 60.53 | C32: 345 | D32: 2.69568 | E32: 4.089856 | F32: 5.04576 | G32: 2.231296 | H32: 2.974464 | I32: 3.553792 | J32: 1.369728 | K32: 1.821184 | L32: 3.509248 | M32: 4273 | N32: 9841 | O32: 10404 | P32: 0 | Q32: 6008 | R32: =1181+2511+2149+1577 -> 7418 | S32: 1.15 | T32: 60 | U32: 26 | V32: 81 | W32: 217 | X32: 123 | Y32: 101 | Z32: 0
A33: 44500 | B33: 55.26 | C33: 409 | D33: 2.793984 | E33: 4.01664 | F33: 4.923392 | G33: 2.366464 | H33: 2.71488 | I33: 3.831296 | J33: 1.42784 | K33: 1.89568 | L33: 3.631104 | M33: 5735 | N33: 8805 | O33: 0 | P33: 4462 | Q33: 9912 | R33: =1586+2231+2600+1398 -> 7815 | S33: 1.15 | T33: 64 | U33: 31 | V33: 53 | W33: 218 | X33: 78 | Y33: 113 | Z33: 0
M38: =SUM(M3:M33) -> 191921 | N38: =SUM(N3:N33) -> 198749 | O38: =SUM(O3:O33) -> 194210 | P38: =SUM(P3:P33) -> 97066 | Q38: =SUM(Q3:Q33) -> 189465 | R38: =SUM(R3:R33) -> 224641
M40: =SUM(M38:R38) -> 1096052
