Workbook

Sheet Total Daily 
A1: Site Name | B1: Day | C1: Month | D1: Year | E1: Total Electricity Kwh | F1: Electricity Tariff ($/Kwh) | G1: LPG (Kg) | H1: LPG $/Kg | I1: District Energy Cooling Kwh | J1: District Energy Cooling $/Kwh | K1: Water Utility Supply (m3) m3 | L1: Water Utility Supply (m3) m3 | M1: Water Utility Supply (m3) $/m3 | N1: Room Nights
A2: Dubai DIFC | B2: 1 | C2: 11 | D2: 2021 | E2: ='11 - 2021'!B8-'11 - 2021'!B7+'11 - 2021'!C8-'11 - 2021'!C7 -> 9636 | F2: 0.118 | G2: ='11 - 2021'!D8-'11 - 2021'!D7+'11 - 2021'!E8-'11 - 2021'!E7 -> 18.83 | H2: 0.99 | I2: ='11 - 2021'!J8-'11 - 2021'!J7 -> 26068 | J2: 0.081 | K2: ='11 - 2021'!H8-'11 - 2021'!H7 -> 0 | L2: ='11 - 2021'!I8-'11 - 2021'!I7 -> 107 | M2: 4.3936294 | N2: 85
A3: Dubai DIFC | B3: =B2+1 -> 2 | C3: 11 | D3: 2021 | E3: ='11 - 2021'!B9-'11 - 2021'!B8+'11 - 2021'!C9-'11 - 2021'!C8 -> 9646 | F3: 0.118 | G3: ='11 - 2021'!D9-'11 - 2021'!D8+'11 - 2021'!E9-'11 - 2021'!E8 -> 19.16 | H3: 0.99 | I3: ='11 - 2021'!J9-'11 - 2021'!J8 -> 29786 | J3: 0.081 | K3: ='11 - 2021'!H9-'11 - 2021'!H8 -> 0 | L3: ='11 - 2021'!I9-'11 - 2021'!I8 -> 112 | M3: 4.3936294 | N3: 89
A4: Dubai DIFC | B4: =B3+1 -> 3 | C4: 11 | D4: 2021 | E4: ='11 - 2021'!B10-'11 - 2021'!B9+'11 - 2021'!C10-'11 - 2021'!C9 -> 9830 | F4: 0.118 | G4: ='11 - 2021'!D10-'11 - 2021'!D9+'11 - 2021'!E10-'11 - 2021'!E9 -> 19.38 | H4: 0.99 | I4: ='11 - 2021'!J10-'11 - 2021'!J9 -> 31121 | J4: 0.081 | K4: ='11 - 2021'!H10-'11 - 2021'!H9 -> 0 | L4: ='11 - 2021'!I10-'11 - 2021'!I9 -> 127 | M4: 4.3936294 | N4: 93
A5: Dubai DIFC | B5: =B4+1 -> 4 | C5: 11 | D5: 2021 | E5: ='11 - 2021'!B11-'11 - 2021'!B10+'11 - 2021'!C11-'11 - 2021'!C10 -> 10151 | F5: 0.118 | G5: ='11 - 2021'!D11-'11 - 2021'!D10+'11 - 2021'!E11-'11 - 2021'!E10 -> 19.01 | H5: 0.99 | I5: ='11 - 2021'!J11-'11 - 2021'!J10 -> 31607 | J5: 0.081 | K5: ='11 - 2021'!H11-'11 - 2021'!H10 -> 0 | L5: ='11 - 2021'!I11-'11 - 2021'!I10 -> 101 | M5: 4.3936294 | N5: 100
A6: Dubai DIFC | B6: =B5+1 -> 5 | C6: 11 | D6: 2021 | E6: ='11 - 2021'!B12-'11 - 2021'!B11+'11 - 2021'!C12-'11 - 2021'!C11 -> 10291 | F6: 0.118 | G6: ='11 - 2021'!D12-'11 - 2021'!D11+'11 - 2021'!E12-'11 - 2021'!E11 -> 18.18 | H6: 0.99 | I6: ='11 - 2021'!J12-'11 - 2021'!J11 -> 28103 | J6: 0.081 | K6: ='11 - 2021'!H12-'11 - 2021'!H11 -> 0 | L6: ='11 - 2021'!I12-'11 - 2021'!I11 -> 143 | M6: 4.3936294 | N6: 98
A7: Dubai DIFC | B7: =B6+1 -> 6 | C7: 11 | D7: 2021 | E7: ='11 - 2021'!B13-'11 - 2021'!B12+'11 - 2021'!C13-'11 - 2021'!C12 -> 9979 | F7: 0.118 | G7: ='11 - 2021'!D13-'11 - 2021'!D12+'11 - 2021'!E13-'11 - 2021'!E12 -> 20.66 | H7: 0.99 | I7: ='11 - 2021'!J13-'11 - 2021'!J12 -> 28481 | J7: 0.081 | K7: ='11 - 2021'!H13-'11 - 2021'!H12 -> 0 | L7: ='11 - 2021'!I13-'11 - 2021'!I12 -> 135 | M7: 4.3936294 | N7: 103
A8: Dubai DIFC | B8: =B7+1 -> 7 | C8: 11 | D8: 2021 | E8: ='11 - 2021'!B14-'11 - 2021'!B13+'11 - 2021'!C14-'11 - 2021'!C13 -> 9732 | F8: 0.118 | G8: ='11 - 2021'!D14-'11 - 2021'!D13+'11 - 2021'!E14-'11 - 2021'!E13 -> 18.11 | H8: 0.99 | I8: ='11 - 2021'!J14-'11 - 2021'!J13 -> 26198 | J8: 0.081 | K8: ='11 - 2021'!H14-'11 - 2021'!H13 -> 0 | L8: ='11 - 2021'!I14-'11 - 2021'!I13 -> 123 | M8: 4.3936294 | N8: 101
A9: Dubai DIFC | B9: =B8+1 -> 8 | C9: 11 | D9: 2021 | E9: ='11 - 2021'!B15-'11 - 2021'!B14+'11 - 2021'!C15-'11 - 2021'!C14 -> 10194 | F9: 0.118 | G9: ='11 - 2021'!D15-'11 - 2021'!D14+'11 - 2021'!E15-'11 - 2021'!E14 -> 18.04 | H9: 0.99 | I9: ='11 - 2021'!J15-'11 - 2021'!J14 -> 22668 | J9: 0.081 | K9: ='11 - 2021'!H15-'11 - 2021'!H14 -> 0 | L9: ='11 - 2021'!I15-'11 - 2021'!I14 -> 107 | M9: 4.3936294 | N9: 86
A10: Dubai DIFC | B10: =B9+1 -> 9 | C10: 11 | D10: 2021 | E10: 0 | F10: 0.118 | G10: 0 | H10: 0.99 | I10: 0 | J10: 0.081 | K10: 0 | L10: 0 | M10: 4.3936294
A11: Dubai DIFC | B11: =B10+1 -> 10 | C11: 11 | D11: 2021 | E11: ='11 - 2021'!B17-'11 - 2021'!B16+'11 - 2021'!C17-'11 - 2021'!C16 -> 0 | F11: 0.118 | G11: ='11 - 2021'!D17-'11 - 2021'!D16+'11 - 2021'!E17-'11 - 2021'!E16 -> 0 | H11: 0.99 | I11: ='11 - 2021'!J17-'11 - 2021'!J16 -> 0 | J11: 0.081 | K11: ='11 - 2021'!H17-'11 - 2021'!H16 -> 0 | L11: ='11 - 2021'!I17-'11 - 2021'!I16 -> 0 | M11: 4.3936294
A12: Dubai DIFC | B12: =B11+1 -> 11 | C12: 11 | D12: 2021 | E12: ='11 - 2021'!B18-'11 - 2021'!B17+'11 - 2021'!C18-'11 - 2021'!C17 -> 0 | F12: 0.118 | G12: ='11 - 2021'!D18-'11 - 2021'!D17+'11 - 2021'!E18-'11 - 2021'!E17 -> 0 | H12: 0.99 | I12: ='11 - 2021'!J18-'11 - 2021'!J17 -> 0 | J12: 0.081 | K12: ='11 - 2021'!H18-'11 - 2021'!H17 -> 0 | L12: ='11 - 2021'!I18-'11 - 2021'!I17 -> 0 | M12: 4.3936294
A13: Dubai DIFC | B13: =B12+1 -> 12 | C13: 11 | D13: 2021 | E13: ='11 - 2021'!B19-'11 - 2021'!B18+'11 - 2021'!C19-'11 - 2021'!C18 -> 0 | F13: 0.118 | G13: ='11 - 2021'!D19-'11 - 2021'!D18+'11 - 2021'!E19-'11 - 2021'!E18 -> 0 | H13: 0.99 | I13: ='11 - 2021'!J19-'11 - 2021'!J18 -> 0 | J13: 0.081 | K13: ='11 - 2021'!H19-'11 - 2021'!H18 -> 0 | L13: ='11 - 2021'!I19-'11 - 2021'!I18 -> 0 | M13: 4.3936294
A14: Dubai DIFC | B14: =B13+1 -> 13 | C14: 11 | D14: 2021 | E14: ='11 - 2021'!B20-'11 - 2021'!B19+'11 - 2021'!C20-'11 - 2021'!C19 -> 0 | F14: 0.118 | G14: ='11 - 2021'!D20-'11 - 2021'!D19+'11 - 2021'!E20-'11 - 2021'!E19 -> 0 | H14: 0.99 | I14: ='11 - 2021'!J20-'11 - 2021'!J19 -> 0 | J14: 0.081 | K14: ='11 - 2021'!H20-'11 - 2021'!H19 -> 0 | L14: ='11 - 2021'!I20-'11 - 2021'!I19 -> 0 | M14: 4.3936294
A15: Dubai DIFC | B15: =B14+1 -> 14 | C15: 11 | D15: 2021 | E15: ='11 - 2021'!B21-'11 - 2021'!B20+'11 - 2021'!C21-'11 - 2021'!C20 -> 0 | F15: 0.118 | G15: ='11 - 2021'!D21-'11 - 2021'!D20+'11 - 2021'!E21-'11 - 2021'!E20 -> 0 | H15: 0.99 | I15: ='11 - 2021'!J21-'11 - 2021'!J20 -> 0 | J15: 0.081 | K15: ='11 - 2021'!H21-'11 - 2021'!H20 -> 0 | L15: ='11 - 2021'!I21-'11 - 2021'!I20 -> 0 | M15: 4.3936294
A16: Dubai DIFC | B16: =B15+1 -> 15 | C16: 11 | D16: 2021 | E16: ='11 - 2021'!B22-'11 - 2021'!B21+'11 - 2021'!C22-'11 - 2021'!C21 -> 0 | F16: 0.118 | G16: ='11 - 2021'!D22-'11 - 2021'!D21+'11 - 2021'!E22-'11 - 2021'!E21 -> 0 | H16: 0.99 | I16: ='11 - 2021'!J22-'11 - 2021'!J21 -> 0 | J16: 0.081 | K16: ='11 - 2021'!H22-'11 - 2021'!H21 -> 0 | L16: ='11 - 2021'!I22-'11 - 2021'!I21 -> 0 | M16: 4.3936294
A17: Dubai DIFC | B17: =B16+1 -> 16 | C17: 11 | D17: 2021 | E17: ='11 - 2021'!B23-'11 - 2021'!B22+'11 - 2021'!C23-'11 - 2021'!C22 -> 0 | F17: 0.118 | G17: ='11 - 2021'!D23-'11 - 2021'!D22+'11 - 2021'!E23-'11 - 2021'!E22 -> 0 | H17: 0.99 | I17: ='11 - 2021'!J23-'11 - 2021'!J22 -> 0 | J17: 0.081 | K17: ='11 - 2021'!H23-'11 - 2021'!H22 -> 0 | L17: ='11 - 2021'!I23-'11 - 2021'!I22 -> 0 | M17: 4.3936294
A18: Dubai DIFC | B18: =B17+1 -> 17 | C18: 11 | D18: 2021 | E18: ='11 - 2021'!B24-'11 - 2021'!B23+'11 - 2021'!C24-'11 - 2021'!C23 -> 0 | F18: 0.118 | G18: ='11 - 2021'!D24-'11 - 2021'!D23+'11 - 2021'!E24-'11 - 2021'!E23 -> 0 | H18: 0.99 | I18: ='11 - 2021'!J24-'11 - 2021'!J23 -> 0 | J18: 0.081 | K18: ='11 - 2021'!H24-'11 - 2021'!H23 -> 0 | L18: ='11 - 2021'!I24-'11 - 2021'!I23 -> 0 | M18: 4.3936294
A19: Dubai DIFC | B19: =B18+1 -> 18 | C19: 11 | D19: 2021 | E19: ='11 - 2021'!B25-'11 - 2021'!B24+'11 - 2021'!C25-'11 - 2021'!C24 -> 0 | F19: 0.118 | G19: ='11 - 2021'!D25-'11 - 2021'!D24+'11 - 2021'!E25-'11 - 2021'!E24 -> 0 | H19: 0.99 | I19: ='11 - 2021'!J25-'11 - 2021'!J24 -> 0 | J19: 0.081 | K19: ='11 - 2021'!H25-'11 - 2021'!H24 -> 0 | L19: ='11 - 2021'!I25-'11 - 2021'!I24 -> 0 | M19: 4.3936294
A20: Dubai DIFC | B20: =B19+1 -> 19 | C20: 11 | D20: 2021 | E20: ='11 - 2021'!B26-'11 - 2021'!B25+'11 - 2021'!C26-'11 - 2021'!C25 -> 0 | F20: 0.118 | G20: ='11 - 2021'!D26-'11 - 2021'!D25+'11 - 2021'!E26-'11 - 2021'!E25 -> 0 | H20: 0.99 | I20: ='11 - 2021'!J26-'11 - 2021'!J25 -> 0 | J20: 0.081 | K20: ='11 - 2021'!H26-'11 - 2021'!H25 -> 0 | L20: ='11 - 2021'!I26-'11 - 2021'!I25 -> 0 | M20: 4.3936294
A21: Dubai DIFC | B21: =B20+1 -> 20 | C21: 11 | D21: 2021 | E21: ='11 - 2021'!B27-'11 - 2021'!B26+'11 - 2021'!C27-'11 - 2021'!C26 -> 0 | F21: 0.118 | G21: ='11 - 2021'!D27-'11 - 2021'!D26+'11 - 2021'!E27-'11 - 2021'!E26 -> 0 | H21: 0.99 | I21: ='11 - 2021'!J27-'11 - 2021'!J26 -> 0 | J21: 0.081 | K21: ='11 - 2021'!H27-'11 - 2021'!H26 -> 0 | L21: ='11 - 2021'!I27-'11 - 2021'!I26 -> 0 | M21: 4.3936294
A22: Dubai DIFC | B22: =B21+1 -> 21 | C22: 11 | D22: 2021 | E22: ='11 - 2021'!B28-'11 - 2021'!B27+'11 - 2021'!C28-'11 - 2021'!C27 -> 0 | F22: 0.118 | G22: ='11 - 2021'!D28-'11 - 2021'!D27+'11 - 2021'!E28-'11 - 2021'!E27 -> 0 | H22: 0.99 | I22: ='11 - 2021'!J28-'11 - 2021'!J27 -> 0 | J22: 0.081 | K22: ='11 - 2021'!H28-'11 - 2021'!H27 -> 0 | L22: ='11 - 2021'!I28-'11 - 2021'!I27 -> 0 | M22: 4.3936294
... A31: Dubai DIFC | B31: =B30+1 -> 30 | C31: 11 | D31: 2021 | E31: ='11 - 2021'!B37-'11 - 2021'!B36+'11 - 2021'!C37-'11 - 2021'!C36 -> 0 | F31: 0.118 | G31: ='11 - 2021'!D37-'11 - 2021'!D36+'11 - 2021'!E37-'11 - 2021'!E36 -> 0 | H31: 0.99 | I31: ='11 - 2021'!J37-'11 - 2021'!J36 -> 0 | J31: 0.081 | K31: ='11 - 2021'!H37-'11 - 2021'!H36 -> 0 | L31: ='11 - 2021'!I37-'11 - 2021'!I36 -> 0 | M31: 4.3936294

Sheet Submetering Daily 
A1: Site Name | B1: Day | C1: Month | D1: Year | E1: Panel LV1 Kwh | F1: Panel LV2 Kwh | G1: Electricity Tariff ($/Kwh) | H1: Main Kitchen LPG (Kg) | I1: Podium Kitchen LPG (Kg) | J1: Boiler LPG (Kg) | K1: LPG $/Kg | L1: Room Nights
A2: Dubai DIFC | B2: 1 | C2: 11 | D2: 2021 | E2: ='11 - 2021'!B8-'11 - 2021'!B7 -> 3944 | F2: ='11 - 2021'!C8-'11 - 2021'!C7 -> 5692 | G2: 0.118 | H2: ='11 - 2021'!E8-'11 - 2021'!E7 -> 18.89 | I2: ='11 - 2021'!F8-'11 - 2021'!F7 -> 7.95 | J2: ='11 - 2021'!G8-'11 - 2021'!G7 -> 35.09 | K2: 0.74 | L2: 85
A3: Dubai DIFC | B3: =B2+1 -> 2 | C3: 11 | D3: 2021 | E3: ='11 - 2021'!B9-'11 - 2021'!B8 -> 3971 | F3: ='11 - 2021'!C9-'11 - 2021'!C8 -> 5675 | G3: 0.118 | H3: ='11 - 2021'!E9-'11 - 2021'!E8 -> 19.23 | I3: ='11 - 2021'!F9-'11 - 2021'!F8 -> 7.75 | J3: ='11 - 2021'!G9-'11 - 2021'!G8 -> 33.99 | K3: 0.74 | L3: 89
A4: Dubai DIFC | B4: =B3+1 -> 3 | C4: 11 | D4: 2021 | E4: ='11 - 2021'!B10-'11 - 2021'!B9 -> 4043 | F4: ='11 - 2021'!C10-'11 - 2021'!C9 -> 5787 | G4: 0.118 | H4: ='11 - 2021'!E10-'11 - 2021'!E9 -> 19.45 | I4: ='11 - 2021'!F10-'11 - 2021'!F9 -> 7.86 | J4: ='11 - 2021'!G10-'11 - 2021'!G9 -> 34.68 | K4: 0.74 | L4: 93
A5: Dubai DIFC | B5: =B4+1 -> 4 | C5: 11 | D5: 2021 | E5: ='11 - 2021'!B11-'11 - 2021'!B10 -> 4192 | F5: ='11 - 2021'!C11-'11 - 2021'!C10 -> 5959 | G5: 0.118 | H5: ='11 - 2021'!E11-'11 - 2021'!E10 -> 19.11 | I5: ='11 - 2021'!F11-'11 - 2021'!F10 -> 7.29 | J5: ='11 - 2021'!G11-'11 - 2021'!G10 -> 39.37 | K5: 0.74 | L5: 100
A6: Dubai DIFC | B6: =B5+1 -> 5 | C6: 11 | D6: 2021 | E6: ='11 - 2021'!B12-'11 - 2021'!B11 -> 4263 | F6: ='11 - 2021'!C12-'11 - 2021'!C11 -> 6028 | G6: 0.118 | H6: ='11 - 2021'!E12-'11 - 2021'!E11 -> 18.25 | I6: ='11 - 2021'!F12-'11 - 2021'!F11 -> 7.53 | J6: ='11 - 2021'!G12-'11 - 2021'!G11 -> 32.28 | K6: 0.74 | L6: 98
A7: Dubai DIFC | B7: =B6+1 -> 6 | C7: 11 | D7: 2021 | E7: ='11 - 2021'!B13-'11 - 2021'!B12 -> 3974 | F7: ='11 - 2021'!C13-'11 - 2021'!C12 -> 6005 | G7: 0.118 | H7: ='11 - 2021'!E13-'11 - 2021'!E12 -> 20.24 | I7: ='11 - 2021'!F13-'11 - 2021'!F12 -> 6.77 | J7: ='11 - 2021'!G13-'11 - 2021'!G12 -> 34.2 | K7: 0.74 | L7: 103
A8: Dubai DIFC | B8: =B7+1 -> 7 | C8: 11 | D8: 2021 | E8: ='11 - 2021'!B14-'11 - 2021'!B13 -> 3963 | F8: ='11 - 2021'!C14-'11 - 2021'!C13 -> 5769 | G8: 0.118 | H8: ='11 - 2021'!E14-'11 - 2021'!E13 -> 18.17 | I8: ='11 - 2021'!F14-'11 - 2021'!F13 -> 7.89 | J8: ='11 - 2021'!G14-'11 - 2021'!G13 -> 37.3 | K8: 0.74 | L8: 101
A9: Dubai DIFC | B9: =B8+1 -> 8 | C9: 11 | D9: 2021 | E9: ='11 - 2021'!B15-'11 - 2021'!B14 -> 4156 | F9: ='11 - 2021'!C15-'11 - 2021'!C14 -> 6038 | G9: 0.118 | H9: ='11 - 2021'!E15-'11 - 2021'!E14 -> 18.1 | I9: ='11 - 2021'!F15-'11 - 2021'!F14 -> 8.1 | J9: ='11 - 2021'!G15-'11 - 2021'!G14 -> 34.51 | K9: 0.74 | L9: 86
A10: Dubai DIFC | B10: =B9+1 -> 9 | C10: 11 | D10: 2021 | E10: 0 | F10: 0 | G10: 0.118 | H10: 0 | I10: 0 | J10: 0 | K10: 0.74
A11: Dubai DIFC | B11: =B10+1 -> 10 | C11: 11 | D11: 2021 | E11: ='11 - 2021'!B17-'11 - 2021'!B16 -> 0 | F11: ='11 - 2021'!C17-'11 - 2021'!C16 -> 0 | G11: 0.118 | H11: ='11 - 2021'!E17-'11 - 2021'!E16 -> 0 | I11: ='11 - 2021'!F17-'11 - 2021'!F16 -> 0 | J11: ='11 - 2021'!G17-'11 - 2021'!G16 -> 0 | K11: 0.74
A12: Dubai DIFC | B12: =B11+1 -> 11 | C12: 11 | D12: 2021 | E12: ='11 - 2021'!B18-'11 - 2021'!B17 -> 0 | F12: ='11 - 2021'!C18-'11 - 2021'!C17 -> 0 | G12: 0.118 | H12: ='11 - 2021'!E18-'11 - 2021'!E17 -> 0 | I12: ='11 - 2021'!F18-'11 - 2021'!F17 -> 0 | J12: ='11 - 2021'!G18-'11 - 2021'!G17 -> 0 | K12: 0.74
A13: Dubai DIFC | B13: =B12+1 -> 12 | C13: 11 | D13: 2021 | E13: ='11 - 2021'!B19-'11 - 2021'!B18 -> 0 | F13: ='11 - 2021'!C19-'11 - 2021'!C18 -> 0 | G13: 0.118 | H13: ='11 - 2021'!E19-'11 - 2021'!E18 -> 0 | I13: ='11 - 2021'!F19-'11 - 2021'!F18 -> 0 | J13: ='11 - 2021'!G19-'11 - 2021'!G18 -> 0 | K13: 0.74
A14: Dubai DIFC | B14: =B13+1 -> 13 | C14: 11 | D14: 2021 | E14: ='11 - 2021'!B20-'11 - 2021'!B19 -> 0 | F14: ='11 - 2021'!C20-'11 - 2021'!C19 -> 0 | G14: 0.118 | H14: ='11 - 2021'!E20-'11 - 2021'!E19 -> 0 | I14: ='11 - 2021'!F20-'11 - 2021'!F19 -> 0 | J14: ='11 - 2021'!G20-'11 - 2021'!G19 -> 0 | K14: 0.74
A15: Dubai DIFC | B15: =B14+1 -> 14 | C15: 11 | D15: 2021 | E15: ='11 - 2021'!B21-'11 - 2021'!B20 -> 0 | F15: ='11 - 2021'!C21-'11 - 2021'!C20 -> 0 | G15: 0.118 | H15: ='11 - 2021'!E21-'11 - 2021'!E20 -> 0 | I15: ='11 - 2021'!F21-'11 - 2021'!F20 -> 0 | J15: ='11 - 2021'!G21-'11 - 2021'!G20 -> 0 | K15: 0.74
A16: Dubai DIFC | B16: =B15+1 -> 15 | C16: 11 | D16: 2021 | E16: ='11 - 2021'!B22-'11 - 2021'!B21 -> 0 | F16: ='11 - 2021'!C22-'11 - 2021'!C21 -> 0 | G16: 0.118 | H16: ='11 - 2021'!E22-'11 - 2021'!E21 -> 0 | I16: ='11 - 2021'!F22-'11 - 2021'!F21 -> 0 | J16: ='11 - 2021'!G22-'11 - 2021'!G21 -> 0 | K16: 0.74
A17: Dubai DIFC | B17: =B16+1 -> 16 | C17: 11 | D17: 2021 | E17: ='11 - 2021'!B23-'11 - 2021'!B22 -> 0 | F17: ='11 - 2021'!C23-'11 - 2021'!C22 -> 0 | G17: 0.118 | H17: ='11 - 2021'!E23-'11 - 2021'!E22 -> 0 | I17: ='11 - 2021'!F23-'11 - 2021'!F22 -> 0 | J17: ='11 - 2021'!G23-'11 - 2021'!G22 -> 0 | K17: 0.74
A18: Dubai DIFC | B18: =B17+1 -> 17 | C18: 11 | D18: 2021 | E18: ='11 - 2021'!B24-'11 - 2021'!B23 -> 0 | F18: ='11 - 2021'!C24-'11 - 2021'!C23 -> 0 | G18: 0.118 | H18: ='11 - 2021'!E24-'11 - 2021'!E23 -> 0 | I18: ='11 - 2021'!F24-'11 - 2021'!F23 -> 0 | J18: ='11 - 2021'!G24-'11 - 2021'!G23 -> 0 | K18: 0.74
A19: Dubai DIFC | B19: =B18+1 -> 18 | C19: 11 | D19: 2021 | E19: ='11 - 2021'!B25-'11 - 2021'!B24 -> 0 | F19: ='11 - 2021'!C25-'11 - 2021'!C24 -> 0 | G19: 0.118 | H19: ='11 - 2021'!E25-'11 - 2021'!E24 -> 0 | I19: ='11 - 2021'!F25-'11 - 2021'!F24 -> 0 | J19: ='11 - 2021'!G25-'11 - 2021'!G24 -> 0 | K19: 0.74
A20: Dubai DIFC | B20: =B19+1 -> 19 | C20: 11 | D20: 2021 | E20: ='11 - 2021'!B26-'11 - 2021'!B25 -> 0 | F20: ='11 - 2021'!C26-'11 - 2021'!C25 -> 0 | G20: 0.118 | H20: ='11 - 2021'!E26-'11 - 2021'!E25 -> 0 | I20: ='11 - 2021'!F26-'11 - 2021'!F25 -> 0 | J20: ='11 - 2021'!G26-'11 - 2021'!G25 -> 0 | K20: 0.74
A21: Dubai DIFC | B21: =B20+1 -> 20 | C21: 11 | D21: 2021 | E21: ='11 - 2021'!B27-'11 - 2021'!B26 -> 0 | F21: ='11 - 2021'!C27-'11 - 2021'!C26 -> 0 | G21: 0.118 | H21: ='11 - 2021'!E27-'11 - 2021'!E26 -> 0 | I21: ='11 - 2021'!F27-'11 - 2021'!F26 -> 0 | J21: ='11 - 2021'!G27-'11 - 2021'!G26 -> 0 | K21: 0.74
A22: Dubai DIFC | B22: =B21+1 -> 21 | C22: 11 | D22: 2021 | E22: ='11 - 2021'!B28-'11 - 2021'!B27 -> 0 | F22: ='11 - 2021'!C28-'11 - 2021'!C27 -> 0 | G22: 0.118 | H22: ='11 - 2021'!E28-'11 - 2021'!E27 -> 0 | I22: ='11 - 2021'!F28-'11 - 2021'!F27 -> 0 | J22: ='11 - 2021'!G28-'11 - 2021'!G27 -> 0 | K22: 0.74
... A31: Dubai DIFC | B31: =B30+1 -> 30 | C31: 11 | D31: 2021 | E31: ='11 - 2021'!B37-'11 - 2021'!B36 -> 0 | F31: ='11 - 2021'!C37-'11 - 2021'!C36 -> 0 | G31: 0.118 | H31: ='11 - 2021'!E37-'11 - 2021'!E36 -> 0 | I31: ='11 - 2021'!F37-'11 - 2021'!F36 -> 0 | J31: ='11 - 2021'!G37-'11 - 2021'!G36 -> 0 | K31: 0.74

Sheet 11 - 2021
A3: FOUR SEASONS HOTEL - DIFC
A4: HLP READING MONTH OF NOVEMBER' 2021
B5: Electricity | D5: LPG (cu.m) | H5: Water (cu.m) | J5: BTU
A6: Date | B6: LV-01, 2025952759 | C6: LV-2, 2030235407 | D6: Main Meter % | E6: Main Kitchen | F6: Podium Kitchen | G6: Boiler | H6: B-3 Water Meter (DIFC) | I6: MainWater Meter (DEWA) | J6: Chilled Water (KWH) | K6: Gas Received (Litres) | L6: Remark
A7: 44500 | B7: 291988 | C7: 694043 | D7: 0.8 | E7: 582.46 | F7: 665.6 | G7: 34418.1 | H7: 14528 | I7: 135990 | J7: 51970400
A8: =A7+1 -> 44501 | B8: 295932 | C8: 699735 | D8: 0.74 | E8: 601.35 | F8: 673.55 | G8: 34453.19 | H8: 14528 | I8: 136097 | J8: 51996468
A9: =A8+1 -> 44502 | B9: 299903 | C9: 705410 | D9: 0.67 | E9: 620.58 | F9: 681.3 | G9: 34487.18 | H9: 14528 | I9: 136209 | J9: 52026254
A10: =A9+1 -> 44503 | B10: 303946 | C10: 711197 | D10: 0.6 | E10: 640.03 | F10: 689.16 | G10: 34521.86 | H10: 14528 | I10: 136336 | J10: 52057375
A11: =A10+1 -> 44504 | B11: 308138 | C11: 717156 | D11: 0.5 | E11: 659.14 | F11: 696.45 | G11: 34561.23 | H11: 14528 | I11: 136437 | J11: 52088982
A12: =A11+1 -> 44505 | B12: 312401 | C12: 723184 | D12: 0.43 | E12: 677.39 | F12: 703.98 | G12: 34593.51 | H12: 14528 | I12: 136580 | J12: 52117085
A13: =A12+1 -> 44506 | B13: 316375 | C13: 729189 | D13: 0.85 | E13: 697.63 | F13: 710.75 | G13: 34627.71 | H13: 14528 | I13: 136715 | J13: 52145566
A14: =A13+1 -> 44507 | B14: 320338 | C14: 734958 | D14: 0.79 | E14: 715.8 | F14: 718.64 | G14: 34665.01 | H14: 14528 | I14: 136838 | J14: 52171764
A15: =A14+1 -> 44508 | B15: 324494 | C15: 740996 | D15: 0.73 | E15: 733.9 | F15: 726.74 | G15: 34699.52 | H15: 14528 | I15: 136945 | J15: 52194432
A16: =A15+1 -> 44509
A17: =A16+1 -> 44510
A18: =A17+1 -> 44511
A19: =A18+1 -> 44512
A20: =A19+1 -> 44513
A21: =A20+1 -> 44514
A22: =A21+1 -> 44515
A23: =A22+1 -> 44516
A24: =A23+1 -> 44517
A25: =A24+1 -> 44518
A26: =A25+1 -> 44519
A27: =A26+1 -> 44520
... A37: =A36+1 -> 44530
A38: Readings | B38: =B37-B7 -> -291988 | C38: =C37-C7 -> -694043 | E38: =E37-E7 -> -582.46 | F38: =F37-F7 -> -665.6 | G38: =G37-G7 -> -34418.1 | H38: =H37-H7 -> -14528 | I38: =I37-I7 -> -135990 | J38: =J37-J7 -> -51970400 | K38: =SUM(K7:K37) -> 0
H39: =H38*219.969 -> -3195709.6 | I39: =I38*219.969 -> -29913584
