Workbook

Sheet TOTAL
A1: Site Name | B1: Day | C1: Month | D1: Year | E1: Total Electricity Kwh | F1: Electricity Tariff ($/Kwh) | G1: Natual Gas (m3) | H1: Natural Gas $/m3 | I1: Water Utility Supply (m3) m3 | J1: Water Utility Supply (m3) $/m3 | K1: Room Nights | L1: Total Guests
A2: Hampshire | B2: 1 | C2: 10 | D2: 2021 | E2: =(Submetering!E2+Submetering!F2) -> 5424 | F2: 0.14 | G2: =Submetering!M2 -> 2351 | H2: 0.25 | I2: =Submetering!N2 -> 102 | J2: 2.06 | K2: ='Hampshire Daily'!B5 -> 69 | L2: ='Hampshire Daily'!C5 -> 177
A3: Hampshire | B3: =B2+1 -> 2 | C3: 10 | D3: 2021 | E3: =Submetering!E3+Submetering!F3 -> 5656 | F3: 0.14 | G3: =Submetering!M3 -> 2424 | H3: 0.25 | I3: =Submetering!N3 -> 78 | J3: 2.06 | K3: ='Hampshire Daily'!B6 -> 42 | L3: ='Hampshire Daily'!C6 -> 151
A4: Hampshire | B4: =B3+1 -> 3 | C4: 10 | D4: 2021 | E4: =Submetering!E4+Submetering!F4 -> 6039 | F4: 0.14 | G4: =Submetering!M4 -> 2447 | H4: 0.25 | I4: =Submetering!N4 -> 97 | J4: 2.06 | K4: ='Hampshire Daily'!B7 -> 49 | L4: ='Hampshire Daily'!C7 -> 146
A5: Hampshire | B5: =B4+1 -> 4 | C5: 10 | D5: 2021 | E5: =Submetering!E5+Submetering!F5 -> 6068 | F5: 0.14 | G5: =Submetering!M5 -> 2453 | H5: 0.25 | I5: =Submetering!N5 -> 112 | J5: 2.06 | K5: ='Hampshire Daily'!B8 -> 83 | L5: ='Hampshire Daily'!C8 -> 168
A6: Hampshire | B6: =B5+1 -> 5 | C6: 10 | D6: 2021 | E6: =Submetering!E6+Submetering!F6 -> 5927 | F6: 0.14 | G6: =Submetering!M6 -> 2508 | H6: 0.25 | I6: =Submetering!N6 -> 96 | J6: 2.06 | K6: ='Hampshire Daily'!B9 -> 7 | L6: ='Hampshire Daily'!C9 -> 147
A7: Hampshire | B7: =B6+1 -> 6 | C7: 10 | D7: 2021 | E7: =Submetering!E7+Submetering!F7 -> 5602 | F7: 0.14 | G7: =Submetering!M7 -> 2465 | H7: 0.25 | I7: =Submetering!N7 -> 87 | J7: 2.06 | K7: ='Hampshire Daily'!B10 -> 13 | L7: ='Hampshire Daily'!C10 -> 36
A8: Hampshire | B8: =B7+1 -> 7 | C8: 10 | D8: 2021 | E8: =Submetering!E8+Submetering!F8 -> 8841 | F8: 0.14 | G8: =Submetering!M8 -> 1778 | H8: 0.25 | I8: =Submetering!N8 -> 73 | J8: 2.06 | K8: ='Hampshire Daily'!B11 -> 52 | L8: ='Hampshire Daily'!C11 -> 91
A9: Hampshire | B9: =B8+1 -> 8 | C9: 10 | D9: 2021 | E9: =Submetering!E9+Submetering!F9 -> 10114 | F9: 0.14 | G9: =Submetering!M9 -> 1547 | H9: 0.25 | I9: =Submetering!N9 -> 67 | J9: 2.06 | K9: ='Hampshire Daily'!B12 -> 37 | L9: ='Hampshire Daily'!C12 -> 135
A10: Hampshire | B10: =B9+1 -> 9 | C10: 10 | D10: 2021 | E10: =Submetering!E10+Submetering!F10 -> 10227 | F10: 0.14 | G10: =Submetering!M10 -> 1662 | H10: 0.25 | I10: =Submetering!N10 -> 84 | J10: 2.06 | K10: ='Hampshire Daily'!B13 -> 49 | L10: ='Hampshire Daily'!C13 -> 219
A11: Hampshire | B11: =B10+1 -> 10 | C11: 10 | D11: 2021 | E11: =Submetering!E11+Submetering!F11 -> 13699 | F11: 0.14 | G11: =Submetering!M11 -> 2201 | H11: 0.25 | I11: =Submetering!N11 -> 124 | J11: 2.06 | K11: ='Hampshire Daily'!B14 -> 57 | L11: ='Hampshire Daily'!C14 -> 171
A12: Hampshire | B12: =B11+1 -> 11 | C12: 10 | D12: 2021 | E12: =Submetering!E12+Submetering!F12 -> 7642 | F12: 0.14 | G12: =Submetering!M12 -> 1328 | H12: 0.25 | I12: =Submetering!N12 -> 124 | J12: 2.06 | K12: ='Hampshire Daily'!B15 -> 44 | L12: ='Hampshire Daily'!C15 -> 128
A13: Hampshire | B13: =B12+1 -> 12 | C13: 10 | D13: 2021 | E13: =Submetering!E13+Submetering!F13 -> 11114 | F13: 0.14 | G13: =Submetering!M13 -> 1817 | H13: 0.25 | I13: =Submetering!N13 -> 113 | J13: 2.06 | K13: ='Hampshire Daily'!B16 -> 35 | L13: ='Hampshire Daily'!C16 -> 60
A14: Hampshire | B14: =B13+1 -> 13 | C14: 10 | D14: 2021 | E14: =Submetering!E14+Submetering!F14 -> 5252 | F14: 0.14 | G14: =Submetering!M14 -> 1671 | H14: 0.25 | I14: =Submetering!N14 -> 72 | J14: 2.06 | K14: ='Hampshire Daily'!B17 -> 102 | L14: ='Hampshire Daily'!C17 -> 130
... A31: Hampshire | B31: =B30+1 -> 30 | C31: 10 | D31: 2021 | E31: =Submetering!E31+Submetering!F31 -> 3823 | F31: 0.14 | G31: =Submetering!M31 -> 2441 | H31: 0.25 | I31: =Submetering!N31 -> 124 | J31: 2.06 | K31: ='Hampshire Daily'!B34 -> 27 | L31: ='Hampshire Daily'!C34 -> 226
A32: Hampshire | B32: 31 | C32: 10 | D32: 2021 | E32: =Submetering!E32+Submetering!F32 -> 3732 | F32: 0.14 | G32: =Submetering!M32 -> 2519 | H32: 0.25 | I32: =Submetering!N32 -> 108 | J32: 2.06 | K32: ='Hampshire Daily'!B35 -> 21 | L32: ='Hampshire Daily'!C35 -> 72

Sheet Submetering
A1: Site Name | B1: Day | C1: Month | D1: Year | E1: Meter 1- KWh | F1: Meter 2- KWh | G1: East MCC- KWh | H1: South MCC 1- KWh | I1: South MCC 2- KWh | J1: West MCC- KWh | K1: Kitchen - KWh | L1: SPA - KWh | M1: Gas- KWh | N1: Main Site Water Meter - m3 | O1: Chiller 2- m3 | P1: Chiller 3- m3 | Q1: Chiller 4- m3 | R1: Hard Water Supply- m3 | S1: Pool Supply- m3 | T1: LTHW SPA- m3 | U1: LTHW East- m3 | V1: Chilled make-up- m3 | W1: Orchard irrigation | X1: Kids Pool | Y1: Room Nights | Z1: Total Guests
A2: Hampshire | B2: 1 | C2: 10 | D2: 2021 | E2: =IF(('Hampshire Daily'!F5-'Hampshire Daily'!F4<0),"0",('Hampshire Daily'!F5-'Hampshire Daily'!F4)) -> 2713 | F2: =IF(('Hampshire Daily'!G5-'Hampshire Daily'!G4<0),"0",('Hampshire Daily'!G5-'Hampshire Daily'!G4)) -> 2711 | G2: =IF(('Hampshire Daily'!H5-'Hampshire Daily'!H4<0),"0",('Hampshire Daily'!H5-'Hampshire Daily'!H4)) -> 0 | H2: =IF(('Hampshire Daily'!I5-'Hampshire Daily'!I4<0),"0",('Hampshire Daily'!I5-'Hampshire Daily'!I4)) -> 1939 | I2: =IF(('Hampshire Daily'!J5-'Hampshire Daily'!J4<0),"0",('Hampshire Daily'!J5-'Hampshire Daily'!J4)) -> 8 | J2: =IF(('Hampshire Daily'!K5-'Hampshire Daily'!K4<0),"0",('Hampshire Daily'!K5-'Hampshire Daily'!K4)) -> 2595 | K2: =IF(('Hampshire Daily'!L5-'Hampshire Daily'!L4<0),"0",('Hampshire Daily'!L5-'Hampshire Daily'!L4)) -> 1198 | L2: =IF(('Hampshire Daily'!M5-'Hampshire Daily'!M4<0),"0",('Hampshire Daily'!M5-'Hampshire Daily'!M4)) -> 0 | ... X2: =IF(('Hampshire Daily'!Y5-'Hampshire Daily'!Y4<0),"0",('Hampshire Daily'!Y5-'Hampshire Daily'!Y4)) -> 0.001 | Y2: ='Hampshire Daily'!B5 -> 69 | Z2: ='Hampshire Daily'!C5 -> 177
A3: Hampshire | B3: =B2+1 -> 2 | C3: 10 | D3: 2021 | E3: =IF(('Hampshire Daily'!F6-'Hampshire Daily'!F5<0),"0",('Hampshire Daily'!F6-'Hampshire Daily'!F5)) -> 2830 | F3: =IF(('Hampshire Daily'!G6-'Hampshire Daily'!G5<0),"0",('Hampshire Daily'!G6-'Hampshire Daily'!G5)) -> 2826 | G3: =IF(('Hampshire Daily'!H6-'Hampshire Daily'!H5<0),"0",('Hampshire Daily'!H6-'Hampshire Daily'!H5)) -> 0 | H3: =IF(('Hampshire Daily'!I6-'Hampshire Daily'!I5<0),"0",('Hampshire Daily'!I6-'Hampshire Daily'!I5)) -> 1939 | I3: =IF(('Hampshire Daily'!J6-'Hampshire Daily'!J5<0),"0",('Hampshire Daily'!J6-'Hampshire Daily'!J5)) -> 8 | J3: =IF(('Hampshire Daily'!K6-'Hampshire Daily'!K5<0),"0",('Hampshire Daily'!K6-'Hampshire Daily'!K5)) -> 2595 | K3: =IF(('Hampshire Daily'!L6-'Hampshire Daily'!L5<0),"0",('Hampshire Daily'!L6-'Hampshire Daily'!L5)) -> 1256 | L3: =IF(('Hampshire Daily'!M6-'Hampshire Daily'!M5<0),"0",('Hampshire Daily'!M6-'Hampshire Daily'!M5)) -> 0 | ... X3: =IF(('Hampshire Daily'!Y6-'Hampshire Daily'!Y5<0),"0",('Hampshire Daily'!Y6-'Hampshire Daily'!Y5)) -> 0.001 | Y3: ='Hampshire Daily'!B6 -> 42 | Z3: ='Hampshire Daily'!C6 -> 151
A4: Hampshire | B4: =B3+1 -> 3 | C4: 10 | D4: 2021 | E4: =IF(('Hampshire Daily'!F7-'Hampshire Daily'!F6<0),"0",('Hampshire Daily'!F7-'Hampshire Daily'!F6)) -> 3021 | F4: =IF(('Hampshire Daily'!G7-'Hampshire Daily'!G6<0),"0",('Hampshire Daily'!G7-'Hampshire Daily'!G6)) -> 3018 | G4: =IF(('Hampshire Daily'!H7-'Hampshire Daily'!H6<0),"0",('Hampshire Daily'!H7-'Hampshire Daily'!H6)) -> 0 | H4: =IF(('Hampshire Daily'!I7-'Hampshire Daily'!I6<0),"0",('Hampshire Daily'!I7-'Hampshire Daily'!I6)) -> 1939 | I4: =IF(('Hampshire Daily'!J7-'Hampshire Daily'!J6<0),"0",('Hampshire Daily'!J7-'Hampshire Daily'!J6)) -> 8 | J4: =IF(('Hampshire Daily'!K7-'Hampshire Daily'!K6<0),"0",('Hampshire Daily'!K7-'Hampshire Daily'!K6)) -> 2595 | K4: =IF(('Hampshire Daily'!L7-'Hampshire Daily'!L6<0),"0",('Hampshire Daily'!L7-'Hampshire Daily'!L6)) -> 1256 | L4: =IF(('Hampshire Daily'!M7-'Hampshire Daily'!M6<0),"0",('Hampshire Daily'!M7-'Hampshire Daily'!M6)) -> 2 | ... X4: =IF(('Hampshire Daily'!Y7-'Hampshire Daily'!Y6<0),"0",('Hampshire Daily'!Y7-'Hampshire Daily'!Y6)) -> 0.001 | Y4: ='Hampshire Daily'!B7 -> 49 | Z4: ='Hampshire Daily'!C7 -> 146
A5: Hampshire | B5: =B4+1 -> 4 | C5: 10 | D5: 2021 | E5: =IF(('Hampshire Daily'!F8-'Hampshire Daily'!F7<0),"0",('Hampshire Daily'!F8-'Hampshire Daily'!F7)) -> 3038 | F5: =IF(('Hampshire Daily'!G8-'Hampshire Daily'!G7<0),"0",('Hampshire Daily'!G8-'Hampshire Daily'!G7)) -> 3030 | G5: =IF(('Hampshire Daily'!H8-'Hampshire Daily'!H7<0),"0",('Hampshire Daily'!H8-'Hampshire Daily'!H7)) -> 0 | H5: =IF(('Hampshire Daily'!I8-'Hampshire Daily'!I7<0),"0",('Hampshire Daily'!I8-'Hampshire Daily'!I7)) -> 1939 | I5: =IF(('Hampshire Daily'!J8-'Hampshire Daily'!J7<0),"0",('Hampshire Daily'!J8-'Hampshire Daily'!J7)) -> 8 | J5: =IF(('Hampshire Daily'!K8-'Hampshire Daily'!K7<0),"0",('Hampshire Daily'!K8-'Hampshire Daily'!K7)) -> 2595 | K5: =IF(('Hampshire Daily'!L8-'Hampshire Daily'!L7<0),"0",('Hampshire Daily'!L8-'Hampshire Daily'!L7)) -> 1256 | L5: =IF(('Hampshire Daily'!M8-'Hampshire Daily'!M7<0),"0",('Hampshire Daily'!M8-'Hampshire Daily'!M7)) -> 0 | ... X5: =IF(('Hampshire Daily'!Y8-'Hampshire Daily'!Y7<0),"0",('Hampshire Daily'!Y8-'Hampshire Daily'!Y7)) -> 0.002 | Y5: ='Hampshire Daily'!B8 -> 83 | Z5: ='Hampshire Daily'!C8 -> 168
A6: Hampshire | B6: =B5+1 -> 5 | C6: 10 | D6: 2021 | E6: =IF(('Hampshire Daily'!F9-'Hampshire Daily'!F8<0),"0",('Hampshire Daily'!F9-'Hampshire Daily'!F8)) -> 2962 | F6: =IF(('Hampshire Daily'!G9-'Hampshire Daily'!G8<0),"0",('Hampshire Daily'!G9-'Hampshire Daily'!G8)) -> 2965 | G6: =IF(('Hampshire Daily'!H9-'Hampshire Daily'!H8<0),"0",('Hampshire Daily'!H9-'Hampshire Daily'!H8)) -> 0 | H6: =IF(('Hampshire Daily'!I9-'Hampshire Daily'!I8<0),"0",('Hampshire Daily'!I9-'Hampshire Daily'!I8)) -> 1939 | I6: =IF(('Hampshire Daily'!J9-'Hampshire Daily'!J8<0),"0",('Hampshire Daily'!J9-'Hampshire Daily'!J8)) -> 8 | J6: =IF(('Hampshire Daily'!K9-'Hampshire Daily'!K8<0),"0",('Hampshire Daily'!K9-'Hampshire Daily'!K8)) -> 2595 | K6: =IF(('Hampshire Daily'!L9-'Hampshire Daily'!L8<0),"0",('Hampshire Daily'!L9-'Hampshire Daily'!L8)) -> 1092 | L6: =IF(('Hampshire Daily'!M9-'Hampshire Daily'!M8<0),"0",('Hampshire Daily'!M9-'Hampshire Daily'!M8)) -> 1 | ... X6: =IF(('Hampshire Daily'!Y9-'Hampshire Daily'!Y8<0),"0",('Hampshire Daily'!Y9-'Hampshire Daily'!Y8)) -> 0.001 | Y6: ='Hampshire Daily'!B9 -> 7 | Z6: ='Hampshire Daily'!C9 -> 147
A7: Hampshire | B7: =B6+1 -> 6 | C7: 10 | D7: 2021 | E7: =IF(('Hampshire Daily'!F10-'Hampshire Daily'!F9<0),"0",('Hampshire Daily'!F10-'Hampshire Daily'!F9)) -> 2803 | F7: =IF(('Hampshire Daily'!G10-'Hampshire Daily'!G9<0),"0",('Hampshire Daily'!G10-'Hampshire Daily'!G9)) -> 2799 | G7: =IF(('Hampshire Daily'!H10-'Hampshire Daily'!H9<0),"0",('Hampshire Daily'!H10-'Hampshire Daily'!H9)) -> 4 | H7: =IF(('Hampshire Daily'!I10-'Hampshire Daily'!I9<0),"0",('Hampshire Daily'!I10-'Hampshire Daily'!I9)) -> 1939 | I7: =IF(('Hampshire Daily'!J10-'Hampshire Daily'!J9<0),"0",('Hampshire Daily'!J10-'Hampshire Daily'!J9)) -> 8 | J7: =IF(('Hampshire Daily'!K10-'Hampshire Daily'!K9<0),"0",('Hampshire Daily'!K10-'Hampshire Daily'!K9)) -> 2595 | K7: =IF(('Hampshire Daily'!L10-'Hampshire Daily'!L9<0),"0",('Hampshire Daily'!L10-'Hampshire Daily'!L9)) -> 1195 | L7: =IF(('Hampshire Daily'!M10-'Hampshire Daily'!M9<0),"0",('Hampshire Daily'!M10-'Hampshire Daily'!M9)) -> 12 | ... X7: =IF(('Hampshire Daily'!Y10-'Hampshire Daily'!Y9<0),"0",('Hampshire Daily'!Y10-'Hampshire Daily'!Y9)) -> 0.001 | Y7: ='Hampshire Daily'!B10 -> 13 | Z7: ='Hampshire Daily'!C10 -> 36
A8: Hampshire | B8: =B7+1 -> 7 | C8: 10 | D8: 2021 | E8: =IF(('Hampshire Daily'!F11-'Hampshire Daily'!F10<0),"0",('Hampshire Daily'!F11-'Hampshire Daily'!F10)) -> 4422 | F8: =IF(('Hampshire Daily'!G11-'Hampshire Daily'!G10<0),"0",('Hampshire Daily'!G11-'Hampshire Daily'!G10)) -> 4419 | G8: =IF(('Hampshire Daily'!H11-'Hampshire Daily'!H10<0),"0",('Hampshire Daily'!H11-'Hampshire Daily'!H10)) -> 586 | H8: =IF(('Hampshire Daily'!I11-'Hampshire Daily'!I10<0),"0",('Hampshire Daily'!I11-'Hampshire Daily'!I10)) -> 1939 | I8: =IF(('Hampshire Daily'!J11-'Hampshire Daily'!J10<0),"0",('Hampshire Daily'!J11-'Hampshire Daily'!J10)) -> 8 | J8: =IF(('Hampshire Daily'!K11-'Hampshire Daily'!K10<0),"0",('Hampshire Daily'!K11-'Hampshire Daily'!K10)) -> 2595 | K8: =IF(('Hampshire Daily'!L11-'Hampshire Daily'!L10<0),"0",('Hampshire Daily'!L11-'Hampshire Daily'!L10)) -> 1060 | L8: =IF(('Hampshire Daily'!M11-'Hampshire Daily'!M10<0),"0",('Hampshire Daily'!M11-'Hampshire Daily'!M10)) -> 0 | ... X8: =IF(('Hampshire Daily'!Y11-'Hampshire Daily'!Y10<0),"0",('Hampshire Daily'!Y11-'Hampshire Daily'!Y10)) -> 0.001 | Y8: ='Hampshire Daily'!B11 -> 52 | Z8: ='Hampshire Daily'!C11 -> 91
A9: Hampshire | B9: =B8+1 -> 8 | C9: 10 | D9: 2021 | E9: =IF(('Hampshire Daily'!F12-'Hampshire Daily'!F11<0),"0",('Hampshire Daily'!F12-'Hampshire Daily'!F11)) -> 5060 | F9: =IF(('Hampshire Daily'!G12-'Hampshire Daily'!G11<0),"0",('Hampshire Daily'!G12-'Hampshire Daily'!G11)) -> 5054 | G9: =IF(('Hampshire Daily'!H12-'Hampshire Daily'!H11<0),"0",('Hampshire Daily'!H12-'Hampshire Daily'!H11)) -> 728 | H9: =IF(('Hampshire Daily'!I12-'Hampshire Daily'!I11<0),"0",('Hampshire Daily'!I12-'Hampshire Daily'!I11)) -> 1939 | I9: =IF(('Hampshire Daily'!J12-'Hampshire Daily'!J11<0),"0",('Hampshire Daily'!J12-'Hampshire Daily'!J11)) -> 8 | J9: =IF(('Hampshire Daily'!K12-'Hampshire Daily'!K11<0),"0",('Hampshire Daily'!K12-'Hampshire Daily'!K11)) -> 2595 | K9: =IF(('Hampshire Daily'!L12-'Hampshire Daily'!L11<0),"0",('Hampshire Daily'!L12-'Hampshire Daily'!L11)) -> 1204 | L9: =IF(('Hampshire Daily'!M12-'Hampshire Daily'!M11<0),"0",('Hampshire Daily'!M12-'Hampshire Daily'!M11)) -> 0 | ... X9: =IF(('Hampshire Daily'!Y12-'Hampshire Daily'!Y11<0),"0",('Hampshire Daily'!Y12-'Hampshire Daily'!Y11)) -> 0.002 | Y9: ='Hampshire Daily'!B12 -> 37 | Z9: ='Hampshire Daily'!C12 -> 135
A10: Hampshire | B10: =B9+1 -> 9 | C10: 10 | D10: 2021 | E10: =IF(('Hampshire Daily'!F13-'Hampshire Daily'!F12<0),"0",('Hampshire Daily'!F13-'Hampshire Daily'!F12)) -> 5116 | F10: =IF(('Hampshire Daily'!G13-'Hampshire Daily'!G12<0),"0",('Hampshire Daily'!G13-'Hampshire Daily'!G12)) -> 5111 | G10: =IF(('Hampshire Daily'!H13-'Hampshire Daily'!H12<0),"0",('Hampshire Daily'!H13-'Hampshire Daily'!H12)) -> 743 | H10: =IF(('Hampshire Daily'!I13-'Hampshire Daily'!I12<0),"0",('Hampshire Daily'!I13-'Hampshire Daily'!I12)) -> 1939 | I10: =IF(('Hampshire Daily'!J13-'Hampshire Daily'!J12<0),"0",('Hampshire Daily'!J13-'Hampshire Daily'!J12)) -> 8 | J10: =IF(('Hampshire Daily'!K13-'Hampshire Daily'!K12<0),"0",('Hampshire Daily'!K13-'Hampshire Daily'!K12)) -> 2595 | K10: =IF(('Hampshire Daily'!L13-'Hampshire Daily'!L12<0),"0",('Hampshire Daily'!L13-'Hampshire Daily'!L12)) -> 1256 | L10: =IF(('Hampshire Daily'!M13-'Hampshire Daily'!M12<0),"0",('Hampshire Daily'!M13-'Hampshire Daily'!M12)) -> 1 | ... X10: =IF(('Hampshire Daily'!Y13-'Hampshire Daily'!Y12<0),"0",('Hampshire Daily'!Y13-'Hampshire Daily'!Y12)) -> 0.014 | Y10: ='Hampshire Daily'!B13 -> 49 | Z10: ='Hampshire Daily'!C13 -> 219
A11: Hampshire | B11: =B10+1 -> 10 | C11: 10 | D11: 2021 | E11: =IF(('Hampshire Daily'!F14-'Hampshire Daily'!F13<0),"0",('Hampshire Daily'!F14-'Hampshire Daily'!F13)) -> 6853 | F11: =IF(('Hampshire Daily'!G14-'Hampshire Daily'!G13<0),"0",('Hampshire Daily'!G14-'Hampshire Daily'!G13)) -> 6846 | G11: =IF(('Hampshire Daily'!H14-'Hampshire Daily'!H13<0),"0",('Hampshire Daily'!H14-'Hampshire Daily'!H13)) -> 759 | H11: =IF(('Hampshire Daily'!I14-'Hampshire Daily'!I13<0),"0",('Hampshire Daily'!I14-'Hampshire Daily'!I13)) -> 1939 | I11: =IF(('Hampshire Daily'!J14-'Hampshire Daily'!J13<0),"0",('Hampshire Daily'!J14-'Hampshire Daily'!J13)) -> 8 | J11: =IF(('Hampshire Daily'!K14-'Hampshire Daily'!K13<0),"0",('Hampshire Daily'!K14-'Hampshire Daily'!K13)) -> 2595 | K11: =IF(('Hampshire Daily'!L14-'Hampshire Daily'!L13<0),"0",('Hampshire Daily'!L14-'Hampshire Daily'!L13)) -> 1256 | L11: =IF(('Hampshire Daily'!M14-'Hampshire Daily'!M13<0),"0",('Hampshire Daily'!M14-'Hampshire Daily'!M13)) -> 0 | ... X11: =IF(('Hampshire Daily'!Y14-'Hampshire Daily'!Y13<0),"0",('Hampshire Daily'!Y14-'Hampshire Daily'!Y13)) -> 0 | Y11: ='Hampshire Daily'!B14 -> 57 | Z11: ='Hampshire Daily'!C14 -> 171
A12: Hampshire | B12: =B11+1 -> 11 | C12: 10 | D12: 2021 | E12: =IF(('Hampshire Daily'!F15-'Hampshire Daily'!F14<0),"0",('Hampshire Daily'!F15-'Hampshire Daily'!F14)) -> 3823 | F12: =IF(('Hampshire Daily'!G15-'Hampshire Daily'!G14<0),"0",('Hampshire Daily'!G15-'Hampshire Daily'!G14)) -> 3819 | G12: =IF(('Hampshire Daily'!H15-'Hampshire Daily'!H14<0),"0",('Hampshire Daily'!H15-'Hampshire Daily'!H14)) -> 749 | H12: =IF(('Hampshire Daily'!I15-'Hampshire Daily'!I14<0),"0",('Hampshire Daily'!I15-'Hampshire Daily'!I14)) -> 1939 | I12: =IF(('Hampshire Daily'!J15-'Hampshire Daily'!J14<0),"0",('Hampshire Daily'!J15-'Hampshire Daily'!J14)) -> 8 | J12: =IF(('Hampshire Daily'!K15-'Hampshire Daily'!K14<0),"0",('Hampshire Daily'!K15-'Hampshire Daily'!K14)) -> 2595 | K12: =IF(('Hampshire Daily'!L15-'Hampshire Daily'!L14<0),"0",('Hampshire Daily'!L15-'Hampshire Daily'!L14)) -> 1256 | L12: =IF(('Hampshire Daily'!M15-'Hampshire Daily'!M14<0),"0",('Hampshire Daily'!M15-'Hampshire Daily'!M14)) -> 0 | ... X12: =IF(('Hampshire Daily'!Y15-'Hampshire Daily'!Y14<0),"0",('Hampshire Daily'!Y15-'Hampshire Daily'!Y14)) -> 0.001 | Y12: ='Hampshire Daily'!B15 -> 44 | Z12: ='Hampshire Daily'!C15 -> 128
A13: Hampshire | B13: =B12+1 -> 12 | C13: 10 | D13: 2021 | E13: =IF(('Hampshire Daily'!F16-'Hampshire Daily'!F15<0),"0",('Hampshire Daily'!F16-'Hampshire Daily'!F15)) -> 5560 | F13: =IF(('Hampshire Daily'!G16-'Hampshire Daily'!G15<0),"0",('Hampshire Daily'!G16-'Hampshire Daily'!G15)) -> 5554 | G13: =IF(('Hampshire Daily'!H16-'Hampshire Daily'!H15<0),"0",('Hampshire Daily'!H16-'Hampshire Daily'!H15)) -> 785 | H13: =IF(('Hampshire Daily'!I16-'Hampshire Daily'!I15<0),"0",('Hampshire Daily'!I16-'Hampshire Daily'!I15)) -> 1939 | I13: =IF(('Hampshire Daily'!J16-'Hampshire Daily'!J15<0),"0",('Hampshire Daily'!J16-'Hampshire Daily'!J15)) -> 8 | J13: =IF(('Hampshire Daily'!K16-'Hampshire Daily'!K15<0),"0",('Hampshire Daily'!K16-'Hampshire Daily'!K15)) -> 2595 | K13: =IF(('Hampshire Daily'!L16-'Hampshire Daily'!L15<0),"0",('Hampshire Daily'!L16-'Hampshire Daily'!L15)) -> 1256 | L13: =IF(('Hampshire Daily'!M16-'Hampshire Daily'!M15<0),"0",('Hampshire Daily'!M16-'Hampshire Daily'!M15)) -> 154 | ... X13: =IF(('Hampshire Daily'!Y16-'Hampshire Daily'!Y15<0),"0",('Hampshire Daily'!Y16-'Hampshire Daily'!Y15)) -> 0.004 | Y13: ='Hampshire Daily'!B16 -> 35 | Z13: ='Hampshire Daily'!C16 -> 60
A14: Hampshire | B14: =B13+1 -> 13 | C14: 10 | D14: 2021 | E14: =IF(('Hampshire Daily'!F17-'Hampshire Daily'!F16<0),"0",('Hampshire Daily'!F17-'Hampshire Daily'!F16)) -> 2626 | F14: =IF(('Hampshire Daily'!G17-'Hampshire Daily'!G16<0),"0",('Hampshire Daily'!G17-'Hampshire Daily'!G16)) -> 2626 | G14: =IF(('Hampshire Daily'!H17-'Hampshire Daily'!H16<0),"0",('Hampshire Daily'!H17-'Hampshire Daily'!H16)) -> 232 | H14: =IF(('Hampshire Daily'!I17-'Hampshire Daily'!I16<0),"0",('Hampshire Daily'!I17-'Hampshire Daily'!I16)) -> 1939 | I14: =IF(('Hampshire Daily'!J17-'Hampshire Daily'!J16<0),"0",('Hampshire Daily'!J17-'Hampshire Daily'!J16)) -> 8 | J14: =IF(('Hampshire Daily'!K17-'Hampshire Daily'!K16<0),"0",('Hampshire Daily'!K17-'Hampshire Daily'!K16)) -> 2595 | K14: =IF(('Hampshire Daily'!L17-'Hampshire Daily'!L16<0),"0",('Hampshire Daily'!L17-'Hampshire Daily'!L16)) -> 1207 | L14: =IF(('Hampshire Daily'!M17-'Hampshire Daily'!M16<0),"0",('Hampshire Daily'!M17-'Hampshire Daily'!M16)) -> 708 | ... X14: =IF(('Hampshire Daily'!Y17-'Hampshire Daily'!Y16<0),"0",('Hampshire Daily'!Y17-'Hampshire Daily'!Y16)) -> 0.001 | Y14: ='Hampshire Daily'!B17 -> 102 | Z14: ='Hampshire Daily'!C17 -> 130
... A31: Hampshire | B31: =B30+1 -> 30 | C31: 10 | D31: 2021 | E31: =IF(('Hampshire Daily'!F34-'Hampshire Daily'!F33<0),"0",('Hampshire Daily'!F34-'Hampshire Daily'!F33)) -> 1912 | F31: =IF(('Hampshire Daily'!G34-'Hampshire Daily'!G33<0),"0",('Hampshire Daily'!G34-'Hampshire Daily'!G33)) -> 1911 | G31: =IF(('Hampshire Daily'!H34-'Hampshire Daily'!H33<0),"0",('Hampshire Daily'!H34-'Hampshire Daily'!H33)) -> 0 | H31: =IF(('Hampshire Daily'!I34-'Hampshire Daily'!I33<0),"0",('Hampshire Daily'!I34-'Hampshire Daily'!I33)) -> 1939 | I31: =IF(('Hampshire Daily'!J34-'Hampshire Daily'!J33<0),"0",('Hampshire Daily'!J34-'Hampshire Daily'!J33)) -> 8 | J31: =IF(('Hampshire Daily'!K34-'Hampshire Daily'!K33<0),"0",('Hampshire Daily'!K34-'Hampshire Daily'!K33)) -> 2595 | K31: =IF(('Hampshire Daily'!L34-'Hampshire Daily'!L33<0),"0",('Hampshire Daily'!L34-'Hampshire Daily'!L33)) -> 1250 | L31: =IF(('Hampshire Daily'!M34-'Hampshire Daily'!M33<0),"0",('Hampshire Daily'!M34-'Hampshire Daily'!M33)) -> 0 | ... X31: =IF(('Hampshire Daily'!Y34-'Hampshire Daily'!Y33<0),"0",('Hampshire Daily'!Y34-'Hampshire Daily'!Y33)) -> 0.001 | Y31: ='Hampshire Daily'!B34 -> 27 | Z31: ='Hampshire Daily'!C34 -> 226
A32: Hampshire | B32: 31 | C32: 10 | D32: 2021 | E32: =IF(('Hampshire Daily'!F35-'Hampshire Daily'!F34<0),"0",('Hampshire Daily'!F35-'Hampshire Daily'!F34)) -> 1867 | F32: =IF(('Hampshire Daily'!G35-'Hampshire Daily'!G34<0),"0",('Hampshire Daily'!G35-'Hampshire Daily'!G34)) -> 1865 | G32: =IF(('Hampshire Daily'!H35-'Hampshire Daily'!H34<0),"0",('Hampshire Daily'!H35-'Hampshire Daily'!H34)) -> 0 | H32: =IF(('Hampshire Daily'!I35-'Hampshire Daily'!I34<0),"0",('Hampshire Daily'!I35-'Hampshire Daily'!I34)) -> 1943 | I32: =IF(('Hampshire Daily'!J35-'Hampshire Daily'!J34<0),"0",('Hampshire Daily'!J35-'Hampshire Daily'!J34)) -> 11 | J32: =IF(('Hampshire Daily'!K35-'Hampshire Daily'!K34<0),"0",('Hampshire Daily'!K35-'Hampshire Daily'!K34)) -> 2595 | K32: =IF(('Hampshire Daily'!L35-'Hampshire Daily'!L34<0),"0",('Hampshire Daily'!L35-'Hampshire Daily'!L34)) -> 1258 | L32: =IF(('Hampshire Daily'!M35-'Hampshire Daily'!M34<0),"0",('Hampshire Daily'!M35-'Hampshire Daily'!M34)) -> 1 | ... X32: =IF(('Hampshire Daily'!Y35-'Hampshire Daily'!Y34<0),"0",('Hampshire Daily'!Y35-'Hampshire Daily'!Y34)) -> 0 | Y32: ='Hampshire Daily'!B35 -> 21 | Z32: ='Hampshire Daily'!C35 -> 72

Sheet Hampshire Daily
D1: Electrical | N1: Gas | O1: Main Site Water Meter | S1: Water Softener Meter | U1: Hard Water Supply | V1: Pool Supply | W1: LTHW Spa | X1: LTHW East | Y1: Chilled make-up | Z1: Orchard irrigation | AA1: Kids pool | AB1: 42 | AC1: 41
B2: Room Night | C2: Guest | D2: Meter 1 | E2: Check 1 | F2: Meter 2 | G2: Check 2 | H2: East MCC | I2: South MCC 1 | J2: South MCC 2 | K2: West MCC | L2: Kitchen sub meter | M2: Spa electric | P2: Chiller | Q2: Chiller | R2: Chiller | AB2: Spa CHP Electric generated | AC2: East CHP Electric generated
P3: 2 | Q3: 3 | R3: 4
A4: 44469 | B4: 30 | C4: 65 | D4: 800070 | E4: 801297 | F4: 788847 | G4: 788053 | H4: 253159 | I4: 7314275 | J4: 32544 | K4: 5338254 | L4: 820797 | M4: 2633596 | N4: 1252630 | O4: 372974 | P4: 1515278 | Q4: 675640 | R4: 1049 | S4: 341071 | T4: 43481 | U4: 51940 | V4: 30873 | W4: 490.033 | X4: 946.194 | Y4: 3889.305 | Z4: 4377 | AA4: 2239 | AB4: 2923 | AC4: 3569
A5: 44470 | B5: 69 | C5: 177 | D5: 802080 | E5: 803311 | F5: 791560 | G5: 790764 | H5: 253159 | I5: 7316214 | J5: 32552 | K5: 5340849 | L5: 821995 | M5: 2633596 | N5: 1254981 | O5: 373076 | P5: 1516060 | Q5: 675660 | R5: 1050 | S5: 341097 | T5: 43521 | U5: 51949 | V5: 30874 | W5: 490.033 | X5: 946.365 | Y5: 3889.306 | Z5: 4398 | AA5: 2250 | AB5: 2914 | AC5: 3578
A6: 44471 | B6: 42 | C6: 151 | D6: 804618 | E6: 805854 | F6: 794390 | G6: 793590 | H6: 253159 | I6: 7318153 | J6: 32560 | K6: 5343444 | L6: 823251 | M6: 2633596 | N6: 1257405 | O6: 373154 | P6: 1516834 | Q6: 675782 | R6: 1050 | S6: 341134 | T6: 43571 | U6: 51961 | V6: 30875 | W6: 490.033 | X6: 946.478 | Y6: 3889.307 | Z6: 4398 | AA6: 2257 | AB6: 2317 | AC6: 3601
A7: 44472 | B7: 49 | C7: 146 | D7: 806919 | E7: 808159 | F7: 797411 | G7: 796608 | H7: 253159 | I7: 7320092 | J7: 32568 | K7: 5346039 | L7: 824507 | M7: 2633598 | N7: 1259852 | O7: 373251 | P7: 1517590 | Q7: 675887 | R7: 1050 | S7: 341189 | T7: 43633 | U7: 51970 | V7: 30876 | W7: 490.085 | X7: 946.546 | Y7: 3889.308 | Z7: 4398 | AA7: 2271 | AB7: 2916 | AC7: 3600
A8: 44473 | B8: 83 | C8: 168 | D8: 809342 | E8: 810586 | F8: 800449 | G8: 799638 | H8: 253159 | I8: 7322031 | J8: 32576 | K8: 5348634 | L8: 825763 | M8: 2633598 | N8: 1262305 | O8: 373363 | P8: 1518377 | Q8: 676023 | R8: 1050 | S8: 341247 | T8: 43699 | U8: 51982 | V8: 30888 | W8: 490.133 | X8: 946.633 | Y8: 3889.31 | Z8: 4398 | AA8: 2291 | AB8: 2927 | AC8: 3601
A9: 44474 | B9: 7 | C9: 147 | D9: 811781 | E9: 813030 | F9: 803411 | G9: 802603 | H9: 253159 | I9: 7323970 | J9: 32584 | K9: 5351229 | L9: 826855 | M9: 2633599 | N9: 1264813 | O9: 373459 | P9: 1519184 | Q9: 676196 | R9: 1050 | S9: 341307 | T9: 43764 | U9: 51992 | V9: 30888 | W9: 490.133 | X9: 946.709 | Y9: 3889.311 | Z9: 4398 | AA9: 2297 | AB9: 2862 | AC9: 3576
A10: 44475 | B10: 13 | C10: 36 | D10: 814368 | E10: 815622 | F10: 806214 | G10: 805402 | H10: 253163 | I10: 7325909 | J10: 32592 | K10: 5353824 | L10: 828050 | M10: 2633611 | N10: 1267278 | O10: 373546 | P10: 1519783 | Q10: 676364 | R10: 1051 | S10: 341365 | T10: 43829 | U10: 52002 | V10: 30890 | W10: 490.168 | X10: 946.81 | Y10: 3889.312 | Z10: 4398 | AA10: 2302 | AB10: 2919 | AC10: 1982
A11: 44476 | B11: 52 | C11: 91 | D11: 818130 | E11: 819390 | F11: 810636 | G11: 809821 | H11: 253749 | I11: 7327848 | J11: 32600 | K11: 5356419 | L11: 829110 | M11: 2633611 | N11: 1269056 | O11: 373619 | P11: 1519787 | Q11: 676631 | R11: 1055 | S11: 341401 | T11: 43875 | U11: 52010 | V11: 30891 | W11: 490.168 | X11: 946.962 | Y11: 3889.313 | Z11: 4398 | AA11: 2307 | AB11: 2928 | AC11: 0
A12: 44477 | B12: 37 | C12: 135 | D12: 821984 | E12: 823250 | F12: 815696 | G12: 814875 | H12: 254477 | I12: 7329787 | J12: 32608 | K12: 5359014 | L12: 830314 | M12: 2633611 | N12: 1270603 | O12: 373686 | P12: 1519787 | Q12: 677042 | R12: 1060 | S12: 341440 | T12: 43919 | U12: 52019 | V12: 30892 | W12: 490.23 | X12: 947.061 | Y12: 3889.315 | Z12: 4398 | AA12: 2311 | AB12: 2929 | AC12: 0
A13: 44478 | B13: 49 | C13: 219 | D13: 825966 | E13: 827239 | F13: 820812 | G13: 819986 | H13: 255220 | I13: 7331726 | J13: 32616 | K13: 5361609 | L13: 831570 | M13: 2633612 | N13: 1272265 | O13: 373770 | P13: 1519787 | Q13: 677452 | R13: 1064 | S13: 341486 | T13: 43971 | U13: 52028 | V13: 30893 | W13: 490.23 | X13: 947.1 | Y13: 3889.329 | Z13: 4398 | AA13: 2320 | AB13: 2928 | AC13: 0
A14: 44479 | B14: 57 | C14: 171 | D14: 830485 | E14: 831766 | F14: 827665 | G14: 826832 | H14: 255979 | I14: 7333665 | J14: 32624 | K14: 5364204 | L14: 832826 | M14: 2633612 | N14: 1274466 | O14: 373894 | P14: 1519787 | Q14: 677702 | R14: 1069 | S14: 341544 | T14: 44036 | U14: 52037 | V14: 30894 | W14: 490.279 | X14: 947.382 | Y14: 3889.317 | Z14: 4398 | AA14: 2341 | AB14: 2928 | AC14: 0
A15: 44480 | B15: 44 | C15: 128 | D15: 833203 | E15: 834489 | F15: 831488 | G15: 830651 | H15: 256728 | I15: 7335604 | J15: 32632 | K15: 5366799 | L15: 834082 | M15: 2633612 | N15: 1275794 | O15: 374018 | P15: 1519787 | Q15: 677849 | R15: 1072 | S15: 341620 | T15: 44120 | U15: 52049 | V15: 30897 | W15: 490.279 | X15: 947.541 | Y15: 3889.318 | Z15: 4398 | AA15: 2366 | AB15: 2928 | AC15: 0
A16: 44481 | B16: 35 | C16: 60 | D16: 837873 | E16: 839167 | F16: 837048 | G16: 836205 | H16: 257513 | I16: 7337543 | J16: 32640 | K16: 5369394 | L16: 835338 | M16: 2633766 | N16: 1277611 | O16: 374131 | P16: 1519787 | Q16: 677950 | R16: 1076 | S16: 341681 | T16: 44185 | U16: 52058 | V16: 30898 | W16: 490.326 | X16: 947.706 | Y16: 3889.322 | Z16: 4398 | AA16: 2389 | AB16: 273 | AC16: 1275
A17: 44482 | B17: 102 | C17: 130 | D17: 839486 | E17: =E16+1613 -> 840780 | F17: =F16+2626 -> 839674 | G17: =G16+2626 -> 838831 | H17: 257745 | I17: 7339482 | J17: 32648 | K17: 5371989 | L17: 836545 | M17: 2634474 | N17: 1279282 | O17: 374203 | P17: 1519787 | Q17: 678131 | R17: 1080 | S17: 341711 | T17: 44232 | U17: 52068 | V17: 30899 | W17: 490.326 | X17: 947.815 | Y17: 3889.323 | Z17: 4398 | AA17: 2392 | AB17: 0 | AC17: 3084
A18: 44483 | B18: 73 | C18: 116 | D18: 850629 | E18: 851946 | F18: 842306 | G18: 841457 | H18: 258074 | I18: 7341421 | J18: 32656 | K18: 5374584 | L18: 837801 | M18: 2635144 | N18: 1280850 | O18: 374203 | P18: 1519787 | Q18: 678352 | R18: 1084 | S18: 341761 | T18: 44288 | U18: 52078 | V18: 30900 | W18: 490.326 | X18: 947.815 | Y18: 3889.323 | Z18: 4398 | AA18: 2396 | AB18: 0 | AC18: 1989
A19: 44484 | B19: 123 | C19: 259 | D19: 857048 | E19: 858377 | F19: 845771 | G19: 844919 | H19: 258404 | I19: 7343360 | J19: 32664 | K19: 5377179 | L19: 839057 | M19: 2635855 | N19: 1282273 | O19: 374364 | P19: 1519787 | Q19: 678490 | R19: 1089 | S19: 341807 | T19: 44347 | U19: 52088 | V19: 30902 | W19: 490.326 | X19: 948.44 | Y19: 3889.325 | Z19: 4398 | AA19: 2402 | AB19: 0 | AC19: 1990
A20: 44485 | B20: 56 | C20: 232 | D20: 864065 | E20: 865404 | F20: 847912 | G20: 847058 | H20: 258474 | I20: 7345299 | J20: 32672 | K20: 5379774 | L20: 840016 | M20: 2636577 | N20: 1284140 | O20: 374460 | P20: 1519787 | Q20: 678718 | R20: 1093 | S20: 341869 | T20: 44417 | U20: 52099 | V20: 30903 | W20: 490.326 | X20: 948.549 | Y20: 3889.326 | Z20: 4398 | AA20: 2405 | AB20: 0 | AC20: 2224
A21: 44486 | B21: 19 | C21: 100 | D21: 871046 | E21: 872397 | F21: 852177 | G21: 851319 | H21: 259002 | I21: 7347238 | J21: 32680 | K21: 5382369 | L21: 841345 | M21: 2637292 | N21: 1285604 | O21: 374565 | P21: 1519787 | Q21: 678996 | R21: 1097 | S21: 341938 | T21: 44493 | U21: 52110 | V21: 30904 | W21: 490.326 | X21: 948.789 | Y21: 3889.329 | Z21: 4398 | AA21: 2410 | AB21: 0 | AC21: 586
A22: 44487 | B22: 121 | C22: 180 | D22: 877623 | E22: 878985 | F22: 856624 | G22: 855760 | H22: 259616 | I22: 7349177 | J22: 32688 | K22: 5384964 | L22: 842601 | M22: 2637996 | N22: 1287056 | O22: 374657 | P22: 1519787 | Q22: 679223 | R22: 1101 | S22: 341986 | T22: 44551 | U22: 52117 | V22: 30908 | W22: 490.326 | X22: 948.986 | Y22: 3889.329 | Z22: 4398 | AA22: 2418 | AB22: 961 | AC22: 1350
A23: 44488 | B23: 51 | C23: 121 | D23: 882619 | E23: 883990 | F23: 860347 | G23: 859481 | H23: 260061 | I23: 7351116 | J23: 32696 | K23: 5387559 | L23: 843746 | M23: 2638273 | N23: 1288776 | O23: 374750 | P23: 1519787 | Q23: 679705 | R23: 1106 | S23: 342036 | T23: 44604 | U23: 52127 | V23: 30909 | W23: 490.326 | X23: 949.201 | Y23: 3889.331 | Z23: 4398 | AA23: 2421 | AB23: 2897 | AC23: 1081
A24: 44489 | B24: 60 | C24: 195 | D24: 886918 | E24: 888955 | F24: 864256 | G24: 863386 | H24: 260570 | I24: 7353055 | J24: 32704 | K24: 5390154 | L24: 844996 | M24: 2638282 | N24: 1290534 | O24: 374831 | P24: 1519787 | Q24: 680292 | R24: 1110 | S24: 342088 | T24: 44662 | U24: 52138 | V24: 30910 | W24: 490.326 | X24: 949.419 | Y24: 3889.331 | Z24: 4398 | AA24: 2426 | AB24: 2928 | AC24: 521
A25: 44490 | B25: 33 | C25: 203 | D25: 890826 | E25: 892210 | F25: 868708 | G25: 867832 | H25: 261186 | I25: 7354994 | J25: 32712 | K25: 5392749 | L25: 846246 | M25: 2638283 | N25: 1292428 | O25: 374915 | P25: 1519787 | Q25: 680592 | R25: 1114 | S25: 342139 | T25: 44719 | U25: 52149 | V25: 30911 | W25: 490.326 | X25: 949.609 | Y25: 3889.331 | Z25: 4398 | AA25: 2432 | AB25: 2928 | AC25: 1102
A26: 44491 | B26: 52 | C26: 194 | D26: 894004 | E26: 895394 | F26: 870599 | G26: 869721 | H26: 261248 | I26: 7356933 | J26: 32720 | K26: 5395344 | L26: 847496 | M26: 2638283 | N26: 1294955 | O26: 375003 | P26: 1519787 | Q26: 680661 | R26: 1117 | S26: 342208 | T26: 44793 | U26: 52162 | V26: 30913 | W26: 490.326 | X26: 949.709 | Y26: 3889.333 | Z26: 4398 | AA26: 2438 | AB26: 2913 | AC26: 1844
A27: 44492 | B27: 28 | C27: 220 | D27: 897402 | E27: 898798 | F27: 872322 | G27: 871442 | H27: 261248 | I27: 7358872 | J27: 32728 | K27: 5397939 | L27: 848746 | M27: 2638283 | N27: 1297321 | O27: 375106 | P27: 1519787 | Q27: 680722 | R27: 1121 | S27: 342267 | T27: 44859 | U27: 52172 | V27: 30914 | W27: 490.326 | X27: 949.759 | Y27: 3889.337 | Z27: 4398 | AA27: 2444 | AB27: 2929 | AC27: 1844
A28: 44493 | B28: 36 | C28: 213 | D28: 900777 | E28: 902178 | F28: 874068 | G28: 873187 | H28: 261248 | I28: 7360811 | J28: 32736 | K28: 5400534 | L28: 849996 | M28: 2638312 | N28: 1299600 | O28: 375193 | P28: 1519787 | Q28: 680799 | R28: 1124 | S28: 342322 | T28: 44918 | U28: 52183 | V28: 30915 | W28: 490.326 | X28: 949.813 | Y28: 3889.338 | Z28: 4398 | AA28: 2449 | AB28: 2832 | AC28: 0
A29: 44494 | B29: 47 | C29: 230 | D29: 904410 | E29: 905818 | F29: 876289 | G29: 875406 | H29: 261342 | I29: 7362750 | J29: 32744 | K29: 5403129 | L29: 851246 | M29: 2638313 | N29: 1301919 | O29: 375299 | P29: 1519787 | Q29: 680998 | R29: 1129 | S29: 342385 | T29: 44988 | U29: 52195 | V29: 30924 | W29: 490.326 | X29: 949.982 | Y29: 3889.338 | Z29: 4398 | AA29: 2454 | AB29: 2928 | AC29: 0
... A35: 44500 | B35: 21 | C35: 72 | D35: 926429 | E35: 927873 | F35: 898061 | G35: 897155 | H35: 263746 | I35: 7374388 | J35: 32795 | K35: 5418699 | L35: 858754 | M35: 2638350 | N35: 1314256 | O35: 375933 | P35: 1519787 | Q35: 682013 | R35: 1153 | S35: 342811 | T35: 45448 | U35: 52259 | V35: 30932 | W35: 490.326 | X35: 950.722 | Y35: 3889.34 | Z35: 4398 | AA35: 2485 | AB35: 0 | AC35: 3509
D37: =D17-D16 -> 1613
D38: =D13-D12 -> 3982 | E38: =E13-E12 -> 3989 | F38: =F13-F12 -> 5116 | G38: =G13-G12 -> 5111 | H38: =SUM(G18-G16)/2 -> 2626 | I38: =SUM(H18-H16)/2 -> 280.5
D39: =D14-D13 -> 4519 | E39: =E14-E13 -> 4527 | F39: =F14-F13 -> 6853 | G39: =G14-G13 -> 6846
D40: =D15-D14 -> 2718 | E40: =E15-E14 -> 2723 | F40: =F15-F14 -> 3823 | G40: =G15-G14 -> 3819
D41: =D16-D15 -> 4670 | E41: =E16-E15 -> 4678 | F41: =F16-F15 -> 5560 | G41: =G16-G15 -> 5554
D42: =D17-D16 -> 1613 | E42: =E17-E16 -> 1613 | F42: =F17-F16 -> 2626 | G42: =G17-G16 -> 2626
D43: =D18-D17 -> 11143 | E43: =E18-E17 -> 11166 | F43: =F18-F17 -> 2632 | G43: =G18-G17 -> 2626
D44: =D19-D18 -> 6419 | E44: =E19-E18 -> 6431 | F44: =F19-F18 -> 3465 | G44: =G19-G18 -> 3462
