Workbook

Sheet TOTAL
A1: Site Name | B1: Day | C1: Month | D1: Year | E1: Total Electricity Kwh | F1: Electricity Tariff ($/Kwh) | G1: Natual Gas (m3) | H1: Natural Gas $/m3 | I1: Water Utility Supply (m3) m3 | J1: Water Utility Supply (m3) $/m3 | K1: Room Nights | L1: Total Guests
A2: Tianjin | B2: 1 | C2: 11 | D2: 2020 | E2: =704550/30 -> 23485 | F2: 0.68 | G2: =84718/30 -> 2823.9333 | H2: 2.52 | I2: =5508/30 -> 183.6 | J2: 8.47 | K2: =2955/30 -> 98.5 | L2: ='Sydney Daily'!L4 -> 0
A3: Tianjin | B3: =B2+1 -> 2 | C3: 11 | D3: 2020 | E3: =704550/30 -> 23485 | F3: 0.68 | G3: =84718/30 -> 2823.9333 | H3: 2.52 | I3: =5508/30 -> 183.6 | J3: 8.47 | K3: =2955/30 -> 98.5 | L3: ='Sydney Daily'!L5 -> 0
A4: Tianjin | B4: =B3+1 -> 3 | C4: 11 | D4: 2020 | E4: =704550/30 -> 23485 | F4: 0.68 | G4: =84718/30 -> 2823.9333 | H4: 2.52 | I4: =5508/30 -> 183.6 | J4: 8.47 | K4: =2955/30 -> 98.5 | L4: ='Sydney Daily'!L6 -> 0
A5: Tianjin | B5: =B4+1 -> 4 | C5: 11 | D5: 2020 | E5: =704550/30 -> 23485 | F5: 0.68 | G5: =84718/30 -> 2823.9333 | H5: 2.52 | I5: =5508/30 -> 183.6 | J5: 8.47 | K5: =2955/30 -> 98.5 | L5: ='Sydney Daily'!L7 -> 0
A6: Tianjin | B6: =B5+1 -> 5 | C6: 11 | D6: 2020 | E6: =704550/30 -> 23485 | F6: 0.68 | G6: =84718/30 -> 2823.9333 | H6: 2.52 | I6: =5508/30 -> 183.6 | J6: 8.47 | K6: =2955/30 -> 98.5 | L6: ='Sydney Daily'!L8 -> 0
A7: Tianjin | B7: =B6+1 -> 6 | C7: 11 | D7: 2020 | E7: =704550/30 -> 23485 | F7: 0.68 | G7: =84718/30 -> 2823.9333 | H7: 2.52 | I7: =5508/30 -> 183.6 | J7: 8.47 | K7: =2955/30 -> 98.5 | L7: ='Sydney Daily'!L9 -> 0
A8: Tianjin | B8: =B7+1 -> 7 | C8: 11 | D8: 2020 | E8: =704550/30 -> 23485 | F8: 0.68 | G8: =84718/30 -> 2823.9333 | H8: 2.52 | I8: =5508/30 -> 183.6 | J8: 8.47 | K8: =2955/30 -> 98.5 | L8: ='Sydney Daily'!L10 -> 0
A9: Tianjin | B9: =B8+1 -> 8 | C9: 11 | D9: 2020 | E9: =704550/30 -> 23485 | F9: 0.68 | G9: =84718/30 -> 2823.9333 | H9: 2.52 | I9: =5508/30 -> 183.6 | J9: 8.47 | K9: =2955/30 -> 98.5 | L9: ='Sydney Daily'!L11 -> 0
A10: Tianjin | B10: =B9+1 -> 9 | C10: 11 | D10: 2020 | E10: =704550/30 -> 23485 | F10: 0.68 | G10: =84718/30 -> 2823.9333 | H10: 2.52 | I10: =5508/30 -> 183.6 | J10: 8.47 | K10: =2955/30 -> 98.5 | L10: ='Sydney Daily'!L12 -> 0
A11: Tianjin | B11: =B10+1 -> 10 | C11: 11 | D11: 2020 | E11: =704550/30 -> 23485 | F11: 0.68 | G11: =84718/30 -> 2823.9333 | H11: 2.52 | I11: =5508/30 -> 183.6 | J11: 8.47 | K11: =2955/30 -> 98.5 | L11: ='Sydney Daily'!L13 -> 0
A12: Tianjin | B12: =B11+1 -> 11 | C12: 11 | D12: 2020 | E12: =704550/30 -> 23485 | F12: 0.68 | G12: =84718/30 -> 2823.9333 | H12: 2.52 | I12: =5508/30 -> 183.6 | J12: 8.47 | K12: =2955/30 -> 98.5 | L12: ='Sydney Daily'!L14 -> 0
A13: Tianjin | B13: =B12+1 -> 12 | C13: 11 | D13: 2020 | E13: =704550/30 -> 23485 | F13: 0.68 | G13: =84718/30 -> 2823.9333 | H13: 2.52 | I13: =5508/30 -> 183.6 | J13: 8.47 | K13: =2955/30 -> 98.5 | L13: ='Sydney Daily'!L15 -> 0
A14: Tianjin | B14: =B13+1 -> 13 | C14: 11 | D14: 2020 | E14: =704550/30 -> 23485 | F14: 0.68 | G14: =84718/30 -> 2823.9333 | H14: 2.52 | I14: =5508/30 -> 183.6 | J14: 8.47 | K14: =2955/30 -> 98.5 | L14: ='Sydney Daily'!L16 -> 0
... A31: Tianjin | B31: =B30+1 -> 30 | C31: 11 | D31: 2020 | E31: =704550/30 -> 23485 | F31: 0.68 | G31: =84718/30 -> 2823.9333 | H31: 2.52 | I31: =5508/30 -> 183.6 | J31: 8.47 | K31: =2955/30 -> 98.5 | L31: ='Sydney Daily'!L33 -> 0

Sheet Sydney Daily
A2: Days | C2: Electricity Meter 2 (KWh) | E2: Electricity Meter 1 (Kwh) | G2: Gas m3 | I2: Water m3
A3: Date | C3: Reading KWH | D3: Difference KWH | E3: Reading KWH | F3: Difference KWH | G3: Reading m3 | H3: Difference KWH | I3: Reading m³ | J3: Daily Consumption m³ | K3: ROOM NIGHTS | L3: TOTAL GUESTS
A4: 44135 | C4: 1500 | E4: 4299 | G4: 796700 | I4: 348000
A5: 44136 | C5: 1502.3 | D5: =IF((C5-C4<0), "0",C5-C4) -> 2.3 | E5: 4301.3 | F5: =IF((E5-E4<0), "0",E5-E4) -> 2.3 | G5: 796760 | H5: =IF((G5-G4<0), "0",G5-G4) -> 60 | I5: 348033 | J5: =IF((I5-I4<0), "0",I5-I4) -> 33
A6: 44137 | C6: 1513.9 | D6: =IF((C6-C5<0), "0",C6-C5) -> 11.6 | E6: 4334.1 | F6: =IF((E6-E5<0), "0",E6-E5) -> 32.8 | G6: 797256 | H6: =IF((G6-G5<0), "0",G6-G5) -> 496 | I6: 348153 | J6: =IF((I6-I5<0), "0",I6-I5) -> 120
A7: 44138 | C7: 1522.6 | D7: =IF((C7-C6<0), "0",C7-C6) -> 8.7 | E7: 4356.9 | F7: =IF((E7-E6<0), "0",E7-E6) -> 22.8 | G7: 797644 | H7: =IF((G7-G6<0), "0",G7-G6) -> 388 | I7: 348260 | J7: =IF((I7-I6<0), "0",I7-I6) -> 107
A8: 44139 | C8: 1531.7 | D8: =IF((C8-C7<0), "0",C8-C7) -> 9.1 | E8: 4382.5 | F8: =IF((E8-E7<0), "0",E8-E7) -> 25.6 | G8: 798012 | H8: =IF((G8-G7<0), "0",G8-G7) -> 368 | I8: 348375 | J8: =IF((I8-I7<0), "0",I8-I7) -> 115
A9: 44140 | C9: 1542.9 | D9: =IF((C9-C8<0), "0",C9-C8) -> 11.2 | E9: 4411.6 | F9: =IF((E9-E8<0), "0",E9-E8) -> 29.1 | G9: 798798 | H9: =IF((G9-G8<0), "0",G9-G8) -> 786 | I9: 348451 | J9: =IF((I9-I8<0), "0",I9-I8) -> 76
A10: 44141 | C10: 1552.7 | D10: =IF((C10-C9<0), "0",C10-C9) -> 9.8 | E10: 4440.4 | F10: =IF((E10-E9<0), "0",E10-E9) -> 28.8 | G10: 799414 | H10: =IF((G10-G9<0), "0",G10-G9) -> 616 | I10: 348660 | J10: =IF((I10-I9<0), "0",I10-I9) -> 209
A11: 44142 | C11: 1560.9 | D11: =IF((C11-C10<0), "0",C11-C10) -> 8.2 | E11: 4463.7 | F11: =IF((E11-E10<0), "0",E11-E10) -> 23.3 | G11: 799865 | H11: =IF((G11-G10<0), "0",G11-G10) -> 451 | I11: 348746 | J11: =IF((I11-I10<0), "0",I11-I10) -> 86
A12: 44143 | C12: 1571 | D12: =IF((C12-C11<0), "0",C12-C11) -> 10.1 | E12: 4491.5 | F12: =IF((E12-E11<0), "0",E12-E11) -> 27.8 | G12: 800359 | H12: =IF((G12-G11<0), "0",G12-G11) -> 494 | I12: 348889 | J12: =IF((I12-I11<0), "0",I12-I11) -> 143
A13: 44144 | C13: 1579.4 | D13: =IF((C13-C12<0), "0",C13-C12) -> 8.4 | E13: 4514.2 | F13: =IF((E13-E12<0), "0",E13-E12) -> 22.7 | G13: 800762 | H13: =IF((G13-G12<0), "0",G13-G12) -> 403 | I13: 349016 | J13: =IF((I13-I12<0), "0",I13-I12) -> 127
A14: 44145 | C14: 1589.1 | D14: =IF((C14-C13<0), "0",C14-C13) -> 9.7 | E14: 4541.2 | F14: =IF((E14-E13<0), "0",E14-E13) -> 27 | G14: 801230 | H14: =IF((G14-G13<0), "0",G14-G13) -> 468 | I14: 349109 | J14: =IF((I14-I13<0), "0",I14-I13) -> 93
A15: 44146 | C15: 1599.2 | D15: =IF((C15-C14<0), "0",C15-C14) -> 10.1 | E15: 4565.9 | F15: =IF((E15-E14<0), "0",E15-E14) -> 24.7 | G15: 801648 | H15: =IF((G15-G14<0), "0",G15-G14) -> 418 | I15: 349206 | J15: =IF((I15-I14<0), "0",I15-I14) -> 97
A16: 44147 | C16: 1612.6 | D16: =IF((C16-C15<0), "0",C16-C15) -> 13.4 | E16: 4592 | F16: =IF((E16-E15<0), "0",E16-E15) -> 26.1 | G16: 802074 | H16: =IF((G16-G15<0), "0",G16-G15) -> 426 | I16: 349322 | J16: =IF((I16-I15<0), "0",I16-I15) -> 116
... A22: 44153 | C22: 1696.2 | D22: =IF((C22-C21<0), "0",C22-C21) -> 11.3 | E22: 4752.4 | F22: =IF((E22-E21<0), "0",E22-E21) -> 25 | G22: 804791 | H22: =IF((G22-G21<0), "0",G22-G21) -> 422 | I22: 350201 | J22: =IF((I22-I21<0), "0",I22-I21) -> 112
A23: 44154 | D23: =IF((C23-C22<0), "0",C23-C22) -> 0 | E23: 0 | F23: =IF((E23-E22<0), "0",E23-E22) -> 0 | G23: 0 | H23: =IF((G23-G22<0), "0",G23-G22) -> 0 | I23: 0 | J23: =IF((I23-I22<0), "0",I23-I22) -> 0
A24: 44155 | C24: 0 | D24: =IF((C24-C23<0), "0",C24-C23) -> 0 | E24: 0 | F24: =IF((E24-E23<0), "0",E24-E23) -> 0 | G24: 0 | H24: =IF((G24-G23<0), "0",G24-G23) -> 0 | I24: 0 | J24: =IF((I24-I23<0), "0",I24-I23) -> 0
A25: 44156 | C25: 0 | D25: =IF((C25-C24<0), "0",C25-C24) -> 0 | E25: 0 | F25: =IF((E25-E24<0), "0",E25-E24) -> 0 | G25: 0 | H25: =IF((G25-G24<0), "0",G25-G24) -> 0 | I25: 0 | J25: =IF((I25-I24<0), "0",I25-I24) -> 0
A26: 44157 | C26: 0 | D26: =IF((C26-C25<0), "0",C26-C25) -> 0 | E26: 0 | F26: =IF((E26-E25<0), "0",E26-E25) -> 0 | G26: 0 | H26: =IF((G26-G25<0), "0",G26-G25) -> 0 | I26: 0 | J26: =IF((I26-I25<0), "0",I26-I25) -> 0
A27: 44158 | C27: 0 | D27: =IF((C27-C26<0), "0",C27-C26) -> 0 | E27: 0 | F27: =IF((E27-E26<0), "0",E27-E26) -> 0 | G27: 0 | H27: =IF((G27-G26<0), "0",G27-G26) -> 0 | I27: 0 | J27: =IF((I27-I26<0), "0",I27-I26) -> 0
A28: 44159 | C28: 0 | D28: =IF((C28-C27<0), "0",C28-C27) -> 0 | E28: 0 | F28: =IF((E28-E27<0), "0",E28-E27) -> 0 | G28: 0 | H28: =IF((G28-G27<0), "0",G28-G27) -> 0 | I28: 0 | J28: =IF((I28-I27<0), "0",I28-I27) -> 0
A29: 44160 | C29: 0 | D29: =IF((C29-C28<0), "0",C29-C28) -> 0 | E29: 0 | F29: =IF((E29-E28<0), "0",E29-E28) -> 0 | G29: 0 | H29: =IF((G29-G28<0), "0",G29-G28) -> 0 | I29: 0 | J29: =IF((I29-I28<0), "0",I29-I28) -> 0
A30: 44161 | C30: 0 | D30: =IF((C30-C29<0), "0",C30-C29) -> 0 | E30: 0 | F30: =IF((E30-E29<0), "0",E30-E29) -> 0 | G30: 0 | H30: =IF((G30-G29<0), "0",G30-G29) -> 0 | I30: 0 | J30: =IF((I30-I29<0), "0",I30-I29) -> 0
A31: 44162 | C31: 0 | D31: =IF((C31-C30<0), "0",C31-C30) -> 0 | E31: 0 | F31: =IF((E31-E30<0), "0",E31-E30) -> 0 | G31: 0 | H31: =IF((G31-G30<0), "0",G31-G30) -> 0 | I31: 0 | J31: =IF((I31-I30<0), "0",I31-I30) -> 0
A32: 44163 | C32: 0 | D32: =IF((C32-C31<0), "0",C32-C31) -> 0 | E32: 0 | F32: =IF((E32-E31<0), "0",E32-E31) -> 0 | G32: 0 | H32: =IF((G32-G31<0), "0",G32-G31) -> 0 | I32: 0 | J32: =IF((I32-I31<0), "0",I32-I31) -> 0
A33: 44164 | C33: 0 | D33: =IF((C33-C32<0), "0",C33-C32) -> 0 | E33: 0 | F33: =IF((E33-E32<0), "0",E33-E32) -> 0 | G33: 0 | H33: =IF((G33-G32<0), "0",G33-G32) -> 0 | I33: 0 | J33: =IF((I33-I32<0), "0",I33-I32) -> 0
A34: 44165 | C34: 0 | D34: =IF((C34-C33<0), "0",C34-C33) -> 0 | E34: 0 | F34: =IF((E34-E33<0), "0",E34-E33) -> 0 | G34: 0 | H34: =IF((G34-G33<0), "0",G34-G33) -> 0 | I34: 0 | J34: =IF((I34-I33<0), "0",I34-I33) -> 0
