Workbook

Sheet TOTAL
A1: Site Name | B1: Day | C1: Month | D1: Year | E1: Total Electricity Kwh | F1: Electricity Tariff ($/Kwh) | G1: Natual Gas (m3) | H1: Natural Gas $/m3 | I1: Water Utility Supply (m3) m3 | J1: Water Utility Supply (m3) $/m3 | K1: Room Nights | L1: Total Guests | M1: Utilities day cost dh
A2: Mumbai | B2: 1 | C2: 11 | D2: 2021 | E2: =(IF('Daily HLP'!H4>0,'Daily HLP'!H4,0)) -> 21808.97 | F2: 9 | G2: =(IF('Daily HLP'!L4>0,'Daily HLP'!L4,0)) -> 1029.03 | H2: 65 | I2: =(IF('Daily HLP'!O4>0,'Daily HLP'!O4,0)) -> 237 | J2: 99 | K2: =Occupancy!G2 -> 127 | L2: =Occupancy!F2 -> 514 | M2: =E2*F2+G2*H2+#REF!*#REF!+I2*J2 -> #REF!
A3: Mumbai | B3: =B2+1 -> 2 | C3: 11 | D3: 2021 | E3: =(IF('Daily HLP'!H5>0,'Daily HLP'!H5,0)) -> 22954.08 | F3: 9 | G3: =(IF('Daily HLP'!L5>0,'Daily HLP'!L5,0)) -> 946.85 | H3: 65 | I3: =(IF('Daily HLP'!O5>0,'Daily HLP'!O5,0)) -> 270 | J3: 99 | K3: =Occupancy!G3 -> 109 | L3: =Occupancy!F3 -> 502 | M3: =E3*F3+G3*H3+#REF!*#REF!+I3*J3 -> #REF!
A4: Mumbai | B4: =B3+1 -> 3 | C4: 11 | D4: 2021 | E4: =(IF('Daily HLP'!H6>0,'Daily HLP'!H6,0)) -> 22487.75 | F4: 9 | G4: =(IF('Daily HLP'!L6>0,'Daily HLP'!L6,0)) -> 955.49 | H4: 65 | I4: =(IF('Daily HLP'!O6>0,'Daily HLP'!O6,0)) -> 279 | J4: 99 | K4: =Occupancy!G4 -> 91 | L4: =Occupancy!F4 -> 363 | M4: =E4*F4+G4*H4+#REF!*#REF!+I4*J4 -> #REF!
A5: Mumbai | B5: =B4+1 -> 4 | C5: 11 | D5: 2021 | E5: =(IF('Daily HLP'!H7>0,'Daily HLP'!H7,0)) -> 20833.41 | F5: 9 | G5: =(IF('Daily HLP'!L7>0,'Daily HLP'!L7,0)) -> 914.75 | H5: 65 | I5: =(IF('Daily HLP'!O7>0,'Daily HLP'!O7,0)) -> 239 | J5: 99 | K5: =Occupancy!G5 -> 84 | L5: =Occupancy!F5 -> 386 | M5: =E5*F5+G5*H5+#REF!*#REF!+I5*J5 -> #REF!
A6: Mumbai | B6: =B5+1 -> 5 | C6: 11 | D6: 2021 | E6: =(IF('Daily HLP'!H8>0,'Daily HLP'!H8,0)) -> 24186.89 | F6: 9 | G6: =(IF('Daily HLP'!L8>0,'Daily HLP'!L8,0)) -> 889.92 | H6: 65 | I6: =(IF('Daily HLP'!O8>0,'Daily HLP'!O8,0)) -> 159 | J6: 99 | K6: =Occupancy!G6 -> 165 | L6: =Occupancy!F6 -> 675 | M6: =E6*F6+G6*H6+#REF!*#REF!+I6*J6 -> #REF!
A7: Mumbai | B7: =B6+1 -> 6 | C7: 11 | D7: 2021 | E7: =(IF('Daily HLP'!H9>0,'Daily HLP'!H9,0)) -> 22837.55 | F7: 9 | G7: =(IF('Daily HLP'!L9>0,'Daily HLP'!L9,0)) -> 955.68 | H7: 65 | I7: =(IF('Daily HLP'!O9>0,'Daily HLP'!O9,0)) -> 291 | J7: 99 | K7: =Occupancy!G7 -> 184 | L7: =Occupancy!F7 -> 588 | M7: =E7*F7+G7*H7+#REF!*#REF!+I7*J7 -> #REF!
A8: Mumbai | B8: =B7+1 -> 7 | C8: 11 | D8: 2021 | E8: =(IF('Daily HLP'!H10>0,'Daily HLP'!H10,0)) -> 21951.04 | F8: 9 | G8: =(IF('Daily HLP'!L10>0,'Daily HLP'!L10,0)) -> 962.49 | H8: 65 | I8: =(IF('Daily HLP'!O10>0,'Daily HLP'!O10,0)) -> 259 | J8: 99 | K8: =Occupancy!G8 -> 159 | L8: =Occupancy!F8 -> 525 | M8: =E8*F8+G8*H8+#REF!*#REF!+I8*J8 -> #REF!
A9: Mumbai | B9: =B8+1 -> 8 | C9: 11 | D9: 2021 | E9: =(IF('Daily HLP'!H11>0,'Daily HLP'!H11,0)) -> 21972.24 | F9: 9 | G9: =(IF('Daily HLP'!L11>0,'Daily HLP'!L11,0)) -> 1009.75 | H9: 65 | I9: =(IF('Daily HLP'!O11>0,'Daily HLP'!O11,0)) -> 258 | J9: 99 | K9: =Occupancy!G9 -> 117 | L9: =Occupancy!F9 -> 464 | M9: =E9*F9+G9*H9+#REF!*#REF!+I9*J9 -> #REF!
A10: Mumbai | B10: =B9+1 -> 9 | C10: 11 | D10: 2021 | E10: =(IF('Daily HLP'!H12>0,'Daily HLP'!H12,0)) -> 21818.17 | F10: 9 | G10: =(IF('Daily HLP'!L12>0,'Daily HLP'!L12,0)) -> 1028.08 | H10: 65 | I10: =(IF('Daily HLP'!O12>0,'Daily HLP'!O12,0)) -> 253 | J10: 99 | K10: =Occupancy!G10 -> 128 | L10: =Occupancy!F10 -> 385 | M10: =E10*F10+G10*H10+#REF!*#REF!+I10*J10 -> #REF!
A11: Mumbai | B11: =B10+1 -> 10 | C11: 11 | D11: 2021 | E11: =(IF('Daily HLP'!H13>0,'Daily HLP'!H13,0)) -> 21010 | F11: 9 | G11: =(IF('Daily HLP'!L13>0,'Daily HLP'!L13,0)) -> 1016 | H11: 65 | I11: =(IF('Daily HLP'!O13>0,'Daily HLP'!O13,0)) -> 225 | J11: 99 | K11: =Occupancy!G11 -> 151 | L11: =Occupancy!F11 -> 503 | M11: =E11*F11+G11*H11+#REF!*#REF!+I11*J11 -> #REF!
A12: Mumbai | B12: =B11+1 -> 11 | C12: 11 | D12: 2021 | E12: =(IF('Daily HLP'!H14>0,'Daily HLP'!H14,0)) -> 20585 | F12: 9 | G12: =(IF('Daily HLP'!L14>0,'Daily HLP'!L14,0)) -> 1046 | H12: 65 | I12: =(IF('Daily HLP'!O14>0,'Daily HLP'!O14,0)) -> 233 | J12: 99 | K12: =Occupancy!G12 -> 166 | L12: =Occupancy!F12 -> 521 | M12: =E12*F12+G12*H12+#REF!*#REF!+I12*J12 -> #REF!
A13: Mumbai | B13: =B12+1 -> 12 | C13: 11 | D13: 2021 | E13: =(IF('Daily HLP'!H15>0,'Daily HLP'!H15,0)) -> 22424 | F13: 9 | G13: =(IF('Daily HLP'!L15>0,'Daily HLP'!L15,0)) -> 1060 | H13: 65 | I13: =(IF('Daily HLP'!O15>0,'Daily HLP'!O15,0)) -> 278 | J13: 99 | K13: =Occupancy!G13 -> 166 | L13: =Occupancy!F13 -> 684 | M13: =E13*F13+G13*H13+#REF!*#REF!+I13*J13 -> #REF!
A14: Mumbai | B14: =B13+1 -> 13 | C14: 11 | D14: 2021 | E14: =(IF('Daily HLP'!H16>0,'Daily HLP'!H16,0)) -> 24350 | F14: 9 | G14: =(IF('Daily HLP'!L16>0,'Daily HLP'!L16,0)) -> 1071 | H14: 65 | I14: =(IF('Daily HLP'!O16>0,'Daily HLP'!O16,0)) -> 256 | J14: 99 | K14: =Occupancy!G14 -> 148 | L14: =Occupancy!F14 -> 756 | M14: =E14*F14+G14*H14+#REF!*#REF!+I14*J14 -> #REF!
... A31: Mumbai | B31: =B30+1 -> 30 | C31: 11 | D31: 2021 | E31: =(IF('Daily HLP'!H33>0,'Daily HLP'!H33,0)) -> 21500 | F31: 9 | G31: =(IF('Daily HLP'!L33>0,'Daily HLP'!L33,0)) -> 988 | H31: 65 | I31: =(IF('Daily HLP'!O33>0,'Daily HLP'!O33,0)) -> 247 | J31: 99 | K31: =Occupancy!G31 -> 0 | L31: =Occupancy!F31 -> 0 | M31: =E31*F31+G31*H31+#REF!*#REF!+I31*J31 -> #REF!
A32: Mumbai | B32: =B31+1 -> 31 | C32: 11 | D32: 2021 | E32: =(IF('Daily HLP'!H34>0,'Daily HLP'!H34,0)) -> 21500 | F32: 9 | G32: =(IF('Daily HLP'!L34>0,'Daily HLP'!L34,0)) -> 1024.96 | H32: 65 | I32: =(IF('Daily HLP'!O34>0,'Daily HLP'!O34,0)) -> 269 | J32: 99 | K32: =Occupancy!G32 -> 0 | L32: =Occupancy!F32 -> 0

Sheet Submetering
A1: Site Name | B1: Day | C1: Month | D1: Year | E1: ='Section Load'!F4 -> HVAC | F1: ='Section Load'!G4 -> Fire & Emergency PP | G1: ='Section Load'!H4 -> Main PP | H1: ='Section Load'!I4 -> Lighting PP | I1: ='Section Load'!J4 -> CH-1+ CH2+CH3+CH4 | J1: ='Section Load'!K4 -> Chilled water Pump | K1: ='Section Load'!L4 -> Ball Room-1 | L1: ='Section Load'!M4 -> Ball Room-2 | ... AL1: ='Section Load'!AM4 -> Cooling Tower | AM1: R.o.plant | AN1: STP Water Prod | AO1: Domestic Zone-1 | AP1: Domestic Zone-2 | AQ1: Domestic Zone-3 | AR1: Flush Zone -1 | AS1: Flush Zone -2 | AT1: Flush Zone -3 | AU1: Swimming pool | AV1: B2 Laundry | AW1: Boiler Feed Water | AX1: cooling tower filling water | AY1: STP flush(new water meter) | AZ1: Garden Water Pump | BA1: Flush Zone 2 pump meter | BB1: Flush Zone 3 Pump Meter (wtp transfer ) | BC1: Flush Tanker-Zone-1 | BD1: Total Domestic Water (Tanker (R.O) +BMC) | BE1: Total Domestic Consumption | BF1: Total STP Consumption | BG1: ='Section Load'!AN4 -> MGL | BH1: ='Section Load'!AO4 -> HWG | BI1: ='Section Load'!AP4 -> Prato | BJ1: ='Section Load'!AQ4 -> BR-1 | BK1: ='Section Load'!AR4 -> SanQi IND | BL1: ='Section Load'!AS4 -> SanQi JPN | BM1: ='Section Load'!AT4 -> Boiler
A2: Mumbai | B2: 1 | C2: 11 | D2: 2021 | E2: =(IF('Section Load'!F5>0,'Section Load'!F5,0)) -> 3192.96 | F2: =(IF('Section Load'!G5>0,'Section Load'!G5,0)) -> 1604.96 | G2: =(IF('Section Load'!H5>0,'Section Load'!H5,0)) -> 1846.14 | H2: =(IF('Section Load'!I5>0,'Section Load'!I5,0)) -> 2900.04 | I2: =(IF('Section Load'!J5>0,'Section Load'!J5,0)) -> 5549.16 | J2: =(IF('Section Load'!K5>0,'Section Load'!K5,0)) -> 2600.9 | K2: =(IF('Section Load'!L5>0,'Section Load'!L5,0)) -> 1026.96 | L2: =(IF('Section Load'!M5>0,'Section Load'!M5,0)) -> 683.28 | ... AL2: =(IF('Section Load'!AM5>0,'Section Load'!AM5,0)) -> 604.29 | AM2: =(IF('Water Report'!$D$7>0,'Water Report'!$D$7,0)) -> 118 | AN2: =(IF('Water Report'!$D$8>0,'Water Report'!$D$8,0)) -> 80 | AO2: =(IF('Water Report'!$D$9>0,'Water Report'!$D$9,0)) -> 97 | AP2: =(IF('Water Report'!$D$10>0,'Water Report'!$D$10,0)) -> 23 | AQ2: =(IF('Water Report'!$D$11>0,'Water Report'!$D$11,0)) -> 30 | AR2: =(IF('Water Report'!$D$13>0,'Water Report'!$D$13,0)) -> 41 | AS2: =(IF('Water Report'!$D$14>0,'Water Report'!$D$14,0)) -> 9 | AT2: =(IF('Water Report'!$D$15>0,'Water Report'!$D$15,0)) -> 7 | AU2: =(IF('Water Report'!$D$17>0,'Water Report'!$D$17,0)) -> 0 | AV2: =(IF('Water Report'!$D$18>0,'Water Report'!$D$18,0)) -> 16 | AW2: =(IF('Water Report'!$D$19>0,'Water Report'!$D$19,0)) -> 11 | AX2: =(IF('Water Report'!$D$21>0,'Water Report'!$D$21,0)) -> 68 | AY2: =(IF('Water Report'!$D$22>0,'Water Report'!$D$22,0)) -> 0 | AZ2: =(IF('Water Report'!$D$23>0,'Water Report'!$D$23,0)) -> 0 | BA2: =(IF('Water Report'!$D$14>0,'Water Report'!$D$14,0)) -> 9 | BB2: =(IF('Water Report'!$D$15>0,'Water Report'!$D$15,0)) -> 7 | BC2: =(IF('Water Report'!$D$13>0,'Water Report'!$D$13,0)) -> 41 | BD2: =(IF('Water Report'!$D$24>0,'Water Report'!$D$24,0)) -> 237 | BE2: =(IF('Water Report'!$D$25>0,'Water Report'!$D$25,0)) -> 166 | BF2: =(IF('Water Report'!$D$27>0,'Water Report'!$D$27,0)) -> 109 | BG2: =(IF('Section Load'!AN5>0,'Section Load'!AN5,0)) -> 1029.03 | BH2: =(IF('Section Load'!AO5>0,'Section Load'!AO5,0)) -> 294.149 | BI2: =(IF('Section Load'!AP5>0,'Section Load'!AP5,0)) -> 0 | BJ2: =(IF('Section Load'!AQ5>0,'Section Load'!AQ5,0)) -> 94.87 | BK2: =(IF('Section Load'!AR5>0,'Section Load'!AR5,0)) -> 35.4 | BL2: =(IF('Section Load'!AS5>0,'Section Load'!AS5,0)) -> 2 | BM2: =(IF('Section Load'!AT5>0,'Section Load'!AT5,0)) -> 602.611
A3: Mumbai | B3: =B2+1 -> 2 | C3: 11 | D3: 2021 | E3: =(IF('Section Load'!F6>0,'Section Load'!F6,0)) -> 3505.37 | F3: =(IF('Section Load'!G6>0,'Section Load'!G6,0)) -> 1550.52 | G3: =(IF('Section Load'!H6>0,'Section Load'!H6,0)) -> 1770.99 | H3: =(IF('Section Load'!I6>0,'Section Load'!I6,0)) -> 2945.4 | I3: =(IF('Section Load'!J6>0,'Section Load'!J6,0)) -> 6250.29 | J3: =(IF('Section Load'!K6>0,'Section Load'!K6,0)) -> 2747.8 | K3: =(IF('Section Load'!L6>0,'Section Load'!L6,0)) -> 1026.48 | L3: =(IF('Section Load'!M6>0,'Section Load'!M6,0)) -> 757.12 | ... AL3: =(IF('Section Load'!AM6>0,'Section Load'!AM6,0)) -> 675.56 | AM3: =(IF('Water Report'!$E$7>0,'Water Report'!$E$7,0)) -> 108 | AN3: =(IF('Water Report'!$E$8>0,'Water Report'!$E$8,0)) -> 89 | AO3: =(IF('Water Report'!$E$9>0,'Water Report'!$E$9,0)) -> 109 | AP3: =(IF('Water Report'!$E$10>0,'Water Report'!$E$10,0)) -> 18 | AQ3: =(IF('Water Report'!$E$11>0,'Water Report'!$E$11,0)) -> 24 | AR3: =(IF('Water Report'!$E$13>0,'Water Report'!$E$13,0)) -> 26 | AS3: =(IF('Water Report'!$E$14>0,'Water Report'!$E$14,0)) -> 6 | AT3: =(IF('Water Report'!$E$15>0,'Water Report'!$E$15,0)) -> 10 | AU3: =(IF('Water Report'!$E$17>0,'Water Report'!$E$17,0)) -> 0 | AV3: =(IF('Water Report'!$E$18>0,'Water Report'!$E$18,0)) -> 12 | AW3: =(IF('Water Report'!$E$19>0,'Water Report'!$E$19,0)) -> 10 | AX3: =(IF('Water Report'!$E$21>0,'Water Report'!$E$21,0)) -> 57 | AY3: =(IF('Water Report'!$E$22>0,'Water Report'!$E$22,0)) -> 0 | AZ3: =(IF('Water Report'!$E$23>0,'Water Report'!$E$23,0)) -> 19 | BA3: =(IF('Water Report'!$E$14>0,'Water Report'!$E$14,0)) -> 6 | BB3: =(IF('Water Report'!$E$15>0,'Water Report'!$E$15,0)) -> 10 | BC3: =(IF('Water Report'!$E$13>0,'Water Report'!$E$13,0)) -> 26 | BD3: =(IF('Water Report'!$E$24>0,'Water Report'!$E$24,0)) -> 270 | BE3: =(IF('Water Report'!$E$25>0,'Water Report'!$E$25,0)) -> 167 | BF3: =(IF('Water Report'!$E$27>0,'Water Report'!$E$27,0)) -> 102 | BG3: =(IF('Section Load'!AN6>0,'Section Load'!AN6,0)) -> 946.85 | BH3: =(IF('Section Load'!AO6>0,'Section Load'!AO6,0)) -> 292.8 | BI3: =(IF('Section Load'!AP6>0,'Section Load'!AP6,0)) -> 0 | BJ3: =(IF('Section Load'!AQ6>0,'Section Load'!AQ6,0)) -> 96.84 | BK3: =(IF('Section Load'!AR6>0,'Section Load'!AR6,0)) -> 37.5 | BL3: =(IF('Section Load'!AS6>0,'Section Load'!AS6,0)) -> 2.9 | BM3: =(IF('Section Load'!AT6>0,'Section Load'!AT6,0)) -> 516.81
A4: Mumbai | B4: =B3+1 -> 3 | C4: 11 | D4: 2021 | E4: =(IF('Section Load'!F7>0,'Section Load'!F7,0)) -> 3774.23 | F4: =(IF('Section Load'!G7>0,'Section Load'!G7,0)) -> 1629.46 | G4: =(IF('Section Load'!H7>0,'Section Load'!H7,0)) -> 1944.71 | H4: =(IF('Section Load'!I7>0,'Section Load'!I7,0)) -> 2961.16 | I4: =(IF('Section Load'!J7>0,'Section Load'!J7,0)) -> 5371.22 | J4: =(IF('Section Load'!K7>0,'Section Load'!K7,0)) -> 2695.4 | K4: =(IF('Section Load'!L7>0,'Section Load'!L7,0)) -> 960.16 | L4: =(IF('Section Load'!M7>0,'Section Load'!M7,0)) -> 684.49 | ... AL4: =(IF('Section Load'!AM7>0,'Section Load'!AM7,0)) -> 815.11 | AM4: =(IF('Water Report'!$F$7>0,'Water Report'!$F$7,0)) -> 128 | AN4: =(IF('Water Report'!$F$8>0,'Water Report'!$F$8,0)) -> 113 | AO4: =(IF('Water Report'!$F$9>0,'Water Report'!$G$9,0)) -> 85 | AP4: =(IF('Water Report'!$F$10>0,'Water Report'!$F$10,0)) -> 17 | AQ4: =(IF('Water Report'!$F$11>0,'Water Report'!$F$11,0)) -> 19 | AR4: =(IF('Water Report'!$F$13>0,'Water Report'!$F$13,0)) -> 35 | AS4: =(IF('Water Report'!$F$14>0,'Water Report'!$F$14,0)) -> 30 | AT4: =(IF('Water Report'!$F$15>0,'Water Report'!$F$15,0)) -> 15 | AU4: =(IF('Water Report'!$F$17>0,'Water Report'!$F$17,0)) -> 0 | AV4: =(IF('Water Report'!$F$18>0,'Water Report'!$F$18,0)) -> 14 | AW4: =(IF('Water Report'!$F$19>0,'Water Report'!$F$19,0)) -> 8 | AX4: =(IF('Water Report'!$F$21>0,'Water Report'!$F$21,0)) -> 60 | AY4: =(IF('Water Report'!$F$22>0,'Water Report'!$F$22,0)) -> 0 | AZ4: =(IF('Water Report'!$F$23>0,'Water Report'!$F$23,0)) -> 14 | BA4: =(IF('Water Report'!$F$14>0,'Water Report'!$F$14,0)) -> 30 | BB4: =(IF('Water Report'!$F$15>0,'Water Report'!$F$15,0)) -> 15 | BC4: =(IF('Water Report'!$F$13>0,'Water Report'!$F$13,0)) -> 35 | BD4: =(IF('Water Report'!$F$24>0,'Water Report'!$F$24,0)) -> 279 | BE4: =(IF('Water Report'!$F$25>0,'Water Report'!$F$25,0)) -> 202 | BF4: =(IF('Water Report'!$F$27>0,'Water Report'!$F$27,0)) -> 109 | BG4: =(IF('Section Load'!AN7>0,'Section Load'!AN7,0)) -> 955.49 | BH4: =(IF('Section Load'!AO7>0,'Section Load'!AO7,0)) -> 291.926 | BI4: =(IF('Section Load'!AP7>0,'Section Load'!AP7,0)) -> 0 | BJ4: =(IF('Section Load'!AQ7>0,'Section Load'!AQ7,0)) -> 114.23 | BK4: =(IF('Section Load'!AR7>0,'Section Load'!AR7,0)) -> 36.1 | BL4: =(IF('Section Load'!AS7>0,'Section Load'!AS7,0)) -> 1 | BM4: =(IF('Section Load'!AT7>0,'Section Load'!AT7,0)) -> 512.234
A5: Mumbai | B5: =B4+1 -> 4 | C5: 11 | D5: 2021 | E5: =(IF('Section Load'!F8>0,'Section Load'!F8,0)) -> 3614.51 | F5: =(IF('Section Load'!G8>0,'Section Load'!G8,0)) -> 1438.9 | G5: =(IF('Section Load'!H8>0,'Section Load'!H8,0)) -> 1642.61 | H5: =(IF('Section Load'!I8>0,'Section Load'!I8,0)) -> 2745.68 | I5: =(IF('Section Load'!J8>0,'Section Load'!J8,0)) -> 5066.5 | J5: =(IF('Section Load'!K8>0,'Section Load'!K8,0)) -> 2524.2 | K5: =(IF('Section Load'!L8>0,'Section Load'!L8,0)) -> 884 | L5: =(IF('Section Load'!M8>0,'Section Load'!M8,0)) -> 640.12 | ... AL5: =(IF('Section Load'!AM8>0,'Section Load'!AM8,0)) -> 752.16 | AM5: =(IF('Water Report'!$G$7>0,'Water Report'!$F$7,0)) -> 128 | AN5: =(IF('Water Report'!$G$8>0,'Water Report'!$F$8,0)) -> 113 | AO5: =(IF('Water Report'!$G$9>0,'Water Report'!$H$9,0)) -> 72 | AP5: =(IF('Water Report'!$G$10>0,'Water Report'!$G$10,0)) -> 17 | AQ5: =(IF('Water Report'!$G$11>0,'Water Report'!$G$11,0)) -> 17 | AR5: =(IF('Water Report'!$G$13>0,'Water Report'!$G$13,0)) -> 40 | AS5: =(IF('Water Report'!$G$14>0,'Water Report'!$G$14,0)) -> 7 | AT5: =(IF('Water Report'!$G$15>0,'Water Report'!$G$15,0)) -> 13 | AU5: =(IF('Water Report'!$G$17>0,'Water Report'!$G$17,0)) -> 0 | AV5: =(IF('Water Report'!$G$18>0,'Water Report'!$G$18,0)) -> 9 | AW5: =(IF('Water Report'!$G$19>0,'Water Report'!$G$19,0)) -> 10 | AX5: =(IF('Water Report'!$G$21>0,'Water Report'!$G$21,0)) -> 65 | AY5: =(IF('Water Report'!$G$22>0,'Water Report'!$G$22,0)) -> 0 | AZ5: =(IF('Water Report'!$G$23>0,'Water Report'!$G$23,0)) -> 1 | BA5: =(IF('Water Report'!$G$14>0,'Water Report'!$G$14,0)) -> 7 | BB5: =(IF('Water Report'!$G$15>0,'Water Report'!$G$15,0)) -> 13 | BC5: =(IF('Water Report'!$G$13>0,'Water Report'!$G$13,0)) -> 40 | BD5: =(IF('Water Report'!$G$24>0,'Water Report'!$G$24,0)) -> 239 | BE5: =(IF('Water Report'!$G$25>0,'Water Report'!$G$25,0)) -> 139 | BF5: =(IF('Water Report'!$G$27>0,'Water Report'!$G$27,0)) -> 106 | BG5: =(IF('Section Load'!AN8>0,'Section Load'!AN8,0)) -> 914.75 | BH5: =(IF('Section Load'!AO8>0,'Section Load'!AO8,0)) -> 278.424 | BI5: =(IF('Section Load'!AP8>0,'Section Load'!AP8,0)) -> 0 | BJ5: =(IF('Section Load'!AQ8>0,'Section Load'!AQ8,0)) -> 85.56 | BK5: =(IF('Section Load'!AR8>0,'Section Load'!AR8,0)) -> 44.5 | BL5: =(IF('Section Load'!AS8>0,'Section Load'!AS8,0)) -> 3.6 | BM5: =(IF('Section Load'!AT8>0,'Section Load'!AT8,0)) -> 502.666
A6: Mumbai | B6: =B5+1 -> 5 | C6: 11 | D6: 2021 | E6: =(IF('Section Load'!F9>0,'Section Load'!F9,0)) -> 3597.87 | F6: =(IF('Section Load'!G9>0,'Section Load'!G9,0)) -> 1602.33 | G6: =(IF('Section Load'!H9>0,'Section Load'!H9,0)) -> 1798.51 | H6: =(IF('Section Load'!I9>0,'Section Load'!I9,0)) -> 2856.67 | I6: =(IF('Section Load'!J9>0,'Section Load'!J9,0)) -> 6887.75 | J6: =(IF('Section Load'!K9>0,'Section Load'!K9,0)) -> 2973.3 | K6: =(IF('Section Load'!L9>0,'Section Load'!L9,0)) -> 1183.09 | L6: =(IF('Section Load'!M9>0,'Section Load'!M9,0)) -> 903.32 | ... AL6: =(IF('Section Load'!AM9>0,'Section Load'!AM9,0)) -> 815.59 | AM6: =(IF('Water Report'!$H$7>0,'Water Report'!$H$7,0)) -> 67 | AN6: =(IF('Water Report'!$H$8>0,'Water Report'!$H$8,0)) -> 95 | AO6: =(IF('Water Report'!$H$9>0,'Water Report'!$H$9,0)) -> 72 | AP6: =(IF('Water Report'!$H$10>0,'Water Report'!$H$10,0)) -> 13 | AQ6: =(IF('Water Report'!$H$11>0,'Water Report'!$H$11,0)) -> 30 | AR6: =(IF('Water Report'!$H$13>0,'Water Report'!$H$13,0)) -> 28 | AS6: =(IF('Water Report'!$H$14>0,'Water Report'!$H$14,0)) -> 9 | AT6: =(IF('Water Report'!$H$15>0,'Water Report'!$H$15,0)) -> 10 | AU6: =(IF('Water Report'!$H$17>0,'Water Report'!$H$17,0)) -> 0 | AV6: =(IF('Water Report'!$H$18>0,'Water Report'!$H$18,0)) -> 8 | AW6: =(IF('Water Report'!$H$19>0,'Water Report'!$H$19,0)) -> 8 | AX6: =(IF('Water Report'!$H$21>0,'Water Report'!$H$21,0)) -> 122 | AY6: =(IF('Water Report'!$H$22>0,'Water Report'!$H$22,0)) -> 0 | AZ6: =(IF('Water Report'!$H$23>0,'Water Report'!$H$23,0)) -> 2 | BA6: =(IF('Water Report'!$H$14>0,'Water Report'!$H$14,0)) -> 9 | BB6: =(IF('Water Report'!$H$15>0,'Water Report'!$H$15,0)) -> 10 | BC6: =(IF('Water Report'!$H$13>0,'Water Report'!$H$13,0)) -> 28 | BD6: =(IF('Water Report'!$H$24>0,'Water Report'!$H$24,0)) -> 159 | BE6: =(IF('Water Report'!$H$25>0,'Water Report'!$H$25,0)) -> 134 | BF6: =(IF('Water Report'!$H$27>0,'Water Report'!$H$27,0)) -> 152 | BG6: =(IF('Section Load'!AN9>0,'Section Load'!AN9,0)) -> 889.92 | BH6: =(IF('Section Load'!AO9>0,'Section Load'!AO9,0)) -> 289.47 | BI6: =(IF('Section Load'!AP9>0,'Section Load'!AP9,0)) -> 0 | BJ6: =(IF('Section Load'!AQ9>0,'Section Load'!AQ9,0)) -> 87 | BK6: =(IF('Section Load'!AR9>0,'Section Load'!AR9,0)) -> 47 | BL6: =(IF('Section Load'!AS9>0,'Section Load'!AS9,0)) -> 2.1 | BM6: =(IF('Section Load'!AT9>0,'Section Load'!AT9,0)) -> 464.35
A7: Mumbai | B7: =B6+1 -> 6 | C7: 11 | D7: 2021 | E7: =(IF('Section Load'!F10>0,'Section Load'!F10,0)) -> 3610.56 | F7: =(IF('Section Load'!G10>0,'Section Load'!G10,0)) -> 1653.71 | G7: =(IF('Section Load'!H10>0,'Section Load'!H10,0)) -> 1902.3 | H7: =(IF('Section Load'!I10>0,'Section Load'!I10,0)) -> 2809.59 | I7: =(IF('Section Load'!J10>0,'Section Load'!J10,0)) -> 5959.01 | J7: =(IF('Section Load'!K10>0,'Section Load'!K10,0)) -> 2754.6 | K7: =(IF('Section Load'!L10>0,'Section Load'!L10,0)) -> 1109.71 | L7: =(IF('Section Load'!M10>0,'Section Load'!M10,0)) -> 875.98 | ... AL7: =(IF('Section Load'!AM10>0,'Section Load'!AM10,0)) -> 804.89 | AM7: =(IF('Water Report'!$I$7>0,'Water Report'!$I$7,0)) -> 144 | AN7: =(IF('Water Report'!$I$8>0,'Water Report'!$I$8,0)) -> 100 | AO7: =(IF('Water Report'!$I$9>0,'Water Report'!$I$9,0)) -> 110 | AP7: =(IF('Water Report'!$I$10>0,'Water Report'!$I$10,0)) -> 32 | AQ7: =(IF('Water Report'!$I$11>0,'Water Report'!$I$11,0)) -> 41 | AR7: =(IF('Water Report'!$I$13>0,'Water Report'!$I$13,0)) -> 14 | AS7: =(IF('Water Report'!$I$14>0,'Water Report'!$I$14,0)) -> 22 | AT7: =(IF('Water Report'!$I$15>0,'Water Report'!$I$15,0)) -> 17 | AU7: =(IF('Water Report'!$I$17>0,'Water Report'!$I$17,0)) -> 23 | AV7: =(IF('Water Report'!$I$18>0,'Water Report'!$I$18,0)) -> 10 | AW7: =(IF('Water Report'!$I$19>0,'Water Report'!$I$19,0)) -> 9 | AX7: =(IF('Water Report'!$I$21>0,'Water Report'!$I$21,0)) -> 129 | AY7: =(IF('Water Report'!$I$22>0,'Water Report'!$I$22,0)) -> 0 | AZ7: =(IF('Water Report'!$I$23>0,'Water Report'!$I$23,0)) -> 15 | BA7: =(IF('Water Report'!$I$14>0,'Water Report'!$I$14,0)) -> 22 | BB7: =(IF('Water Report'!$I$15>0,'Water Report'!$I$15,0)) -> 17 | BC7: =(IF('Water Report'!$I$13>0,'Water Report'!$I$13,0)) -> 14 | BD7: =(IF('Water Report'!$I$24>0,'Water Report'!$I$24,0)) -> 291 | BE7: =(IF('Water Report'!$I$25>0,'Water Report'!$I$25,0)) -> 222 | BF7: =(IF('Water Report'!$I$27>0,'Water Report'!$I$27,0)) -> 158 | BG7: =(IF('Section Load'!AN10>0,'Section Load'!AN10,0)) -> 955.68 | BH7: =(IF('Section Load'!AO10>0,'Section Load'!AO10,0)) -> 308.46 | BI7: =(IF('Section Load'!AP10>0,'Section Load'!AP10,0)) -> 3.4 | BJ7: =(IF('Section Load'!AQ10>0,'Section Load'!AQ10,0)) -> 88.75 | BK7: =(IF('Section Load'!AR10>0,'Section Load'!AR10,0)) -> 47 | BL7: =(IF('Section Load'!AS10>0,'Section Load'!AS10,0)) -> 3 | BM7: =(IF('Section Load'!AT10>0,'Section Load'!AT10,0)) -> 505.07
A8: Mumbai | B8: =B7+1 -> 7 | C8: 11 | D8: 2021 | E8: =(IF('Section Load'!F11>0,'Section Load'!F11,0)) -> 3710.46 | F8: =(IF('Section Load'!G11>0,'Section Load'!G11,0)) -> 1579.82 | G8: =(IF('Section Load'!H11>0,'Section Load'!H11,0)) -> 1893.21 | H8: =(IF('Section Load'!I11>0,'Section Load'!I11,0)) -> 2812.86 | I8: =(IF('Section Load'!J11>0,'Section Load'!J11,0)) -> 5341.64 | J8: =(IF('Section Load'!K11>0,'Section Load'!K11,0)) -> 2609.7 | K8: =(IF('Section Load'!L11>0,'Section Load'!L11,0)) -> 1148.88 | L8: =(IF('Section Load'!M11>0,'Section Load'!M11,0)) -> 701.53 | ... AL8: =(IF('Section Load'!AM11>0,'Section Load'!AM11,0)) -> 832.26 | AM8: =(IF('Water Report'!$J$7>0,'Water Report'!$J$7,0)) -> 133 | AN8: =(IF('Water Report'!$J$8>0,'Water Report'!$J$8,0)) -> 126 | AO8: =(IF('Water Report'!$J$9>0,'Water Report'!$J$9,0)) -> 90 | AP8: =(IF('Water Report'!$J$10>0,'Water Report'!$J$10,0)) -> 31 | AQ8: =(IF('Water Report'!$J$11>0,'Water Report'!$J$11,0)) -> 33 | AR8: =(IF('Water Report'!$J$13>0,'Water Report'!$J$13,0)) -> 25 | AS8: =(IF('Water Report'!$J$14>0,'Water Report'!$J$14,0)) -> 17 | AT8: =(IF('Water Report'!$J$15>0,'Water Report'!$J$15,0)) -> 11 | AU8: =(IF('Water Report'!$J$17>0,'Water Report'!$J$17,0)) -> 0 | AV8: =(IF('Water Report'!$J$18>0,'Water Report'!$J$18,0)) -> 13 | AW8: =(IF('Water Report'!$J$19>0,'Water Report'!$J$19,0)) -> 13 | AX8: =(IF('Water Report'!$J$21>0,'Water Report'!$J$21,0)) -> 89 | AY8: =(IF('Water Report'!$J$22>0,'Water Report'!$J$22,0)) -> 0 | AZ8: =(IF('Water Report'!$J$23>0,'Water Report'!$J$23,0)) -> 2 | BA8: =(IF('Water Report'!$J$14>0,'Water Report'!$J$14,0)) -> 17 | BB8: =(IF('Water Report'!$J$15>0,'Water Report'!$J$15,0)) -> 11 | BC8: =(IF('Water Report'!$J$13>0,'Water Report'!$J$13,0)) -> 25 | BD8: =(IF('Water Report'!$J$24>0,'Water Report'!$J$24,0)) -> 259 | BE8: =(IF('Water Report'!$J$25>0,'Water Report'!$J$25,0)) -> 182 | BF8: =(IF('Water Report'!$J$27>0,'Water Report'!$J$27,0)) -> 116 | BG8: =(IF('Section Load'!AN11>0,'Section Load'!AN11,0)) -> 962.49 | BH8: =(IF('Section Load'!AO11>0,'Section Load'!AO11,0)) -> 288.83 | BI8: =(IF('Section Load'!AP11>0,'Section Load'!AP11,0)) -> 0 | BJ8: =(IF('Section Load'!AQ11>0,'Section Load'!AQ11,0)) -> 86.23 | BK8: =(IF('Section Load'!AR11>0,'Section Load'!AR11,0)) -> 37 | BL8: =(IF('Section Load'!AS11>0,'Section Load'!AS11,0)) -> 1.3 | BM8: =(IF('Section Load'!AT11>0,'Section Load'!AT11,0)) -> 549.13
A9: Mumbai | B9: =B8+1 -> 8 | C9: 11 | D9: 2021 | E9: =(IF('Section Load'!F12>0,'Section Load'!F12,0)) -> 3847.94 | F9: =(IF('Section Load'!G12>0,'Section Load'!G12,0)) -> 1589.14 | G9: =(IF('Section Load'!H12>0,'Section Load'!H12,0)) -> 1785.87 | H9: =(IF('Section Load'!I12>0,'Section Load'!I12,0)) -> 2891.22 | I9: =(IF('Section Load'!J12>0,'Section Load'!J12,0)) -> 5181.82 | J9: =(IF('Section Load'!K12>0,'Section Load'!K12,0)) -> 2607.8 | K9: =(IF('Section Load'!L12>0,'Section Load'!L12,0)) -> 1020.8 | L9: =(IF('Section Load'!M12>0,'Section Load'!M12,0)) -> 823.66 | ... AL9: =(IF('Section Load'!AM12>0,'Section Load'!AM12,0)) -> 780.19 | AM9: =(IF('Water Report'!$K$7>0,'Water Report'!$K$7,0)) -> 118 | AN9: =(IF('Water Report'!$K$8>0,'Water Report'!$K$8,0)) -> 107 | AO9: =(IF('Water Report'!$K$9>0,'Water Report'!$K$9,0)) -> 96 | AP9: =(IF('Water Report'!$K$10>0,'Water Report'!$K$10,0)) -> 27 | AQ9: =(IF('Water Report'!$K$11>0,'Water Report'!$K$11,0)) -> 29 | AR9: =(IF('Water Report'!$K$13>0,'Water Report'!$K$13,0)) -> 30 | AS9: =(IF('Water Report'!$K$14>0,'Water Report'!$K$14,0)) -> 12 | AT9: =(IF('Water Report'!$K$15>0,'Water Report'!$K$15,0)) -> 8 | AU9: =(IF('Water Report'!$K$17>0,'Water Report'!$K$17,0)) -> 0 | AV9: =(IF('Water Report'!$K$18>0,'Water Report'!$K$18,0)) -> 14 | AW9: =(IF('Water Report'!$K$19>0,'Water Report'!$K$19,0)) -> 14 | AX9: =(IF('Water Report'!$K$21>0,'Water Report'!$K$21,0)) -> 50 | AY9: =(IF('Water Report'!$K$22>0,'Water Report'!$K$22,0)) -> 0 | AZ9: =(IF('Water Report'!$K$23>0,'Water Report'!$K$23,0)) -> 11 | BA9: =(IF('Water Report'!$K$14>0,'Water Report'!$K$14,0)) -> 12 | BB9: =(IF('Water Report'!$K$15>0,'Water Report'!$K$15,0)) -> 8 | BC9: =(IF('Water Report'!$K$13>0,'Water Report'!$K$13,0)) -> 30 | BD9: =(IF('Water Report'!$K$24>0,'Water Report'!$K$24,0)) -> 258 | BE9: =(IF('Water Report'!$K$25>0,'Water Report'!$K$25,0)) -> 172 | BF9: =(IF('Water Report'!$K$27>0,'Water Report'!$K$27,0)) -> 91 | BG9: =(IF('Section Load'!AN12>0,'Section Load'!AN12,0)) -> 1009.75 | BH9: =(IF('Section Load'!AO12>0,'Section Load'!AO12,0)) -> 287.15 | BI9: =(IF('Section Load'!AP12>0,'Section Load'!AP12,0)) -> 0 | BJ9: =(IF('Section Load'!AQ12>0,'Section Load'!AQ12,0)) -> 92.42 | BK9: =(IF('Section Load'!AR12>0,'Section Load'!AR12,0)) -> 41 | BL9: =(IF('Section Load'!AS12>0,'Section Load'!AS12,0)) -> 1.4 | BM9: =(IF('Section Load'!AT12>0,'Section Load'!AT12,0)) -> 587.78
A10: Mumbai | B10: =B9+1 -> 9 | C10: 11 | D10: 2021 | E10: =(IF('Section Load'!F13>0,'Section Load'!F13,0)) -> 3457.04 | F10: =(IF('Section Load'!G13>0,'Section Load'!G13,0)) -> 1570.33 | G10: =(IF('Section Load'!H13>0,'Section Load'!H13,0)) -> 1768.62 | H10: =(IF('Section Load'!I13>0,'Section Load'!I13,0)) -> 2928.33 | I10: =(IF('Section Load'!J13>0,'Section Load'!J13,0)) -> 5158.53 | J10: =(IF('Section Load'!K13>0,'Section Load'!K13,0)) -> 2590.9 | K10: =(IF('Section Load'!L13>0,'Section Load'!L13,0)) -> 1069.61 | L10: =(IF('Section Load'!M13>0,'Section Load'!M13,0)) -> 999.83 | ... AL10: =(IF('Section Load'!AM13>0,'Section Load'!AM13,0)) -> 557.66 | AM10: =(IF('Water Report'!$L$7>0,'Water Report'!$L$7,0)) -> 112 | AN10: =(IF('Water Report'!$L$8>0,'Water Report'!$L$8,0)) -> 75 | AO10: =(IF('Water Report'!$L$9>0,'Water Report'!$L$9,0)) -> 106 | AP10: =(IF('Water Report'!$L$10>0,'Water Report'!$L$10,0)) -> 25 | AQ10: =(IF('Water Report'!$L$11>0,'Water Report'!$L$11,0)) -> 23 | AR10: =(IF('Water Report'!$L$13>0,'Water Report'!$L$13,0)) -> 22 | AS10: =(IF('Water Report'!$L$14>0,'Water Report'!$L$14,0)) -> 8 | AT10: =(IF('Water Report'!$L$15>0,'Water Report'!$L$15,0)) -> 9 | AU10: =(IF('Water Report'!$L$17>0,'Water Report'!$L$17,0)) -> 0 | AV10: =(IF('Water Report'!$L$18>0,'Water Report'!$L$18,0)) -> 21 | AW10: =(IF('Water Report'!$L$19>0,'Water Report'!$L$19,0)) -> 14 | AX10: =(IF('Water Report'!$L$21>0,'Water Report'!$L$21,0)) -> 62 | AY10: =(IF('Water Report'!$L$22>0,'Water Report'!$L$22,0)) -> 0 | AZ10: =(IF('Water Report'!$L$23>0,'Water Report'!$L$23,0)) -> 1 | BA10: =(IF('Water Report'!$L$14>0,'Water Report'!$L$14,0)) -> 8 | BB10: =(IF('Water Report'!$L$15>0,'Water Report'!$L$15,0)) -> 9 | BC10: =(IF('Water Report'!$L$13>0,'Water Report'!$L$13,0)) -> 22 | BD10: =(IF('Water Report'!$L$24>0,'Water Report'!$L$24,0)) -> 253 | BE10: =(IF('Water Report'!$L$25>0,'Water Report'!$L$25,0)) -> 171 | BF10: =(IF('Water Report'!$L$27>0,'Water Report'!$L$27,0)) -> 85 | BG10: =(IF('Section Load'!AN13>0,'Section Load'!AN13,0)) -> 1028.08 | BH10: =(IF('Section Load'!AO13>0,'Section Load'!AO13,0)) -> 261.56 | BI10: =(IF('Section Load'!AP13>0,'Section Load'!AP13,0)) -> 0 | BJ10: =(IF('Section Load'!AQ13>0,'Section Load'!AQ13,0)) -> 94.6 | BK10: =(IF('Section Load'!AR13>0,'Section Load'!AR13,0)) -> 34 | BL10: =(IF('Section Load'!AS13>0,'Section Load'!AS13,0)) -> 2.3 | BM10: =(IF('Section Load'!AT13>0,'Section Load'!AT13,0)) -> 635.62
A11: Mumbai | B11: =B10+1 -> 10 | C11: 11 | D11: 2021 | E11: =(IF('Section Load'!F14>0,'Section Load'!F14,0)) -> 3227 | F11: =(IF('Section Load'!G14>0,'Section Load'!G14,0)) -> 1588 | G11: =(IF('Section Load'!H14>0,'Section Load'!H14,0)) -> 1767 | H11: =(IF('Section Load'!I14>0,'Section Load'!I14,0)) -> 2884 | I11: =(IF('Section Load'!J14>0,'Section Load'!J14,0)) -> 4843 | J11: =(IF('Section Load'!K14>0,'Section Load'!K14,0)) -> 2516 | K11: =(IF('Section Load'!L14>0,'Section Load'!L14,0)) -> 1089 | L11: =(IF('Section Load'!M14>0,'Section Load'!M14,0)) -> 882 | ... AL11: =(IF('Section Load'!AM14>0,'Section Load'!AM14,0)) -> 492 | AM11: =(IF('Water Report'!$M$7>0,'Water Report'!$M$7,0)) -> 100 | AN11: =(IF('Water Report'!$M$8>0,'Water Report'!$M$8,0)) -> 96 | AO11: =(IF('Water Report'!$M$9>0,'Water Report'!$M$9,0)) -> 95 | AP11: =(IF('Water Report'!$M$10>0,'Water Report'!$M$10,0)) -> 20 | AQ11: =(IF('Water Report'!$M$11>0,'Water Report'!$M$11,0)) -> 23 | AR11: =(IF('Water Report'!$M$13>0,'Water Report'!$M$13,0)) -> 36 | AS11: =(IF('Water Report'!$M$14>0,'Water Report'!$M$14,0)) -> 11 | AT11: =(IF('Water Report'!$M$15>0,'Water Report'!$M$15,0)) -> 12 | AU11: =(IF('Water Report'!$M$17>0,'Water Report'!$M$17,0)) -> 0 | AV11: =(IF('Water Report'!$M$18>0,'Water Report'!$M$18,0)) -> 11 | AW11: =(IF('Water Report'!$M$19>0,'Water Report'!$M$19,0)) -> 10 | AX11: =(IF('Water Report'!$M$21>0,'Water Report'!$M$21,0)) -> 78 | AY11: =(IF('Water Report'!$M$22>0,'Water Report'!$M$22,0)) -> 0 | AZ11: =(IF('Water Report'!$M$23>0,'Water Report'!$M$23,0)) -> 14 | BA11: =(IF('Water Report'!$M$14>0,'Water Report'!$M$14,0)) -> 11 | BB11: =(IF('Water Report'!$M$15>0,'Water Report'!$M$15,0)) -> 12 | BC11: =(IF('Water Report'!$M$13>0,'Water Report'!$M$13,0)) -> 36 | BD11: =(IF('Water Report'!$M$24>0,'Water Report'!$M$24,0)) -> 225 | BE11: =(IF('Water Report'!$M$25>0,'Water Report'!$M$25,0)) -> 161 | BF11: =(IF('Water Report'!$M$27>0,'Water Report'!$M$27,0)) -> 128 | BG11: =(IF('Section Load'!AN14>0,'Section Load'!AN14,0)) -> 1016 | BH11: =(IF('Section Load'!AO14>0,'Section Load'!AO14,0)) -> 299 | BI11: =(IF('Section Load'!AP14>0,'Section Load'!AP14,0)) -> 0 | BJ11: =(IF('Section Load'!AQ14>0,'Section Load'!AQ14,0)) -> 113 | BK11: =(IF('Section Load'!AR14>0,'Section Load'!AR14,0)) -> 35 | BL11: =(IF('Section Load'!AS14>0,'Section Load'!AS14,0)) -> 1 | BM11: =(IF('Section Load'!AT14>0,'Section Load'!AT14,0)) -> 568
A12: Mumbai | B12: =B11+1 -> 11 | C12: 11 | D12: 2021 | E12: =(IF('Section Load'!F15>0,'Section Load'!F15,0)) -> 3327 | F12: =(IF('Section Load'!G15>0,'Section Load'!G15,0)) -> 1567 | G12: =(IF('Section Load'!H15>0,'Section Load'!H15,0)) -> 1740 | H12: =(IF('Section Load'!I15>0,'Section Load'!I15,0)) -> 2887 | I12: =(IF('Section Load'!J15>0,'Section Load'!J15,0)) -> 4864 | J12: =(IF('Section Load'!K15>0,'Section Load'!K15,0)) -> 2425 | K12: =(IF('Section Load'!L15>0,'Section Load'!L15,0)) -> 1114 | L12: =(IF('Section Load'!M15>0,'Section Load'!M15,0)) -> 874 | ... AL12: =(IF('Section Load'!AM15>0,'Section Load'!AM15,0)) -> 490 | AM12: =(IF('Water Report'!$N$7>0,'Water Report'!$N$7,0)) -> 103 | AN12: =(IF('Water Report'!$N$8>0,'Water Report'!$N$8,0)) -> 93 | AO12: =(IF('Water Report'!$N$9>0,'Water Report'!$N$9,0)) -> 95 | AP12: =(IF('Water Report'!$N$10>0,'Water Report'!$N$10,0)) -> 17 | AQ12: =(IF('Water Report'!$N$11>0,'Water Report'!$N$11,0)) -> 24 | AR12: =(IF('Water Report'!$N$13>0,'Water Report'!$N$13,0)) -> 38 | AS12: =(IF('Water Report'!$N$14>0,'Water Report'!$N$14,0)) -> 9 | AT12: =(IF('Water Report'!$N$15>0,'Water Report'!$N$15,0)) -> 11 | AU12: =(IF('Water Report'!$N$17>0,'Water Report'!$N$17,0)) -> 0 | AV12: =(IF('Water Report'!$N$18>0,'Water Report'!$N$18,0)) -> 13 | AW12: =(IF('Water Report'!$N$19>0,'Water Report'!$N$19,0)) -> 14 | AX12: =(IF('Water Report'!$N$21>0,'Water Report'!$N$21,0)) -> 63 | AY12: =(IF('Water Report'!$N$22>0,'Water Report'!$N$22,0)) -> 0 | AZ12: =(IF('Water Report'!$N$23>0,'Water Report'!$N$23,0)) -> 10 | BA12: =(IF('Water Report'!$N$14>0,'Water Report'!$N$14,0)) -> 9 | BB12: =(IF('Water Report'!$N$15>0,'Water Report'!$N$15,0)) -> 11 | BC12: =(IF('Water Report'!$N$13>0,'Water Report'!$N$13,0)) -> 38 | BD12: =(IF('Water Report'!$N$24>0,'Water Report'!$N$24,0)) -> 233 | BE12: =(IF('Water Report'!$N$25>0,'Water Report'!$N$25,0)) -> 156 | BF12: =(IF('Water Report'!$N$27>0,'Water Report'!$N$27,0)) -> 111 | BG12: =(IF('Section Load'!AN15>0,'Section Load'!AN15,0)) -> 1046 | BH12: =(IF('Section Load'!AO15>0,'Section Load'!AO15,0)) -> 293 | BI12: =(IF('Section Load'!AP15>0,'Section Load'!AP15,0)) -> 0 | BJ12: =(IF('Section Load'!AQ15>0,'Section Load'!AQ15,0)) -> 118 | BK12: =(IF('Section Load'!AR15>0,'Section Load'!AR15,0)) -> 39 | BL12: =(IF('Section Load'!AS15>0,'Section Load'!AS15,0)) -> 2 | BM12: =(IF('Section Load'!AT15>0,'Section Load'!AT15,0)) -> 594
A13: Mumbai | B13: =B12+1 -> 12 | C13: 11 | D13: 2021 | E13: =(IF('Section Load'!F16>0,'Section Load'!F16,0)) -> 3413 | F13: =(IF('Section Load'!G16>0,'Section Load'!G16,0)) -> 1617 | G13: =(IF('Section Load'!H16>0,'Section Load'!H16,0)) -> 1852 | H13: =(IF('Section Load'!I16>0,'Section Load'!I16,0)) -> 2962 | I13: =(IF('Section Load'!J16>0,'Section Load'!J16,0)) -> 5360.29 | J13: =(IF('Section Load'!K16>0,'Section Load'!K16,0)) -> 2719 | K13: =(IF('Section Load'!L16>0,'Section Load'!L16,0)) -> 1311 | L13: =(IF('Section Load'!M16>0,'Section Load'!M16,0)) -> 986 | ... AL13: =(IF('Section Load'!AM16>0,'Section Load'!AM16,0)) -> 576 | AM13: =(IF('Water Report'!$O$7>0,'Water Report'!$O$7,0)) -> 120 | AN13: =(IF('Water Report'!$O$8>0,'Water Report'!$O$8,0)) -> 90 | AO13: =(IF('Water Report'!$O$9>0,'Water Report'!$O$9,0)) -> 112 | AP13: =(IF('Water Report'!$O$10>0,'Water Report'!$O$10,0)) -> 21 | AQ13: =(IF('Water Report'!$O$11>0,'Water Report'!$O$11,0)) -> 29 | AR13: =(IF('Water Report'!$O$13>0,'Water Report'!$O$13,0)) -> 47 | AS13: =(IF('Water Report'!$O$14>0,'Water Report'!$O$14,0)) -> 12 | AT13: =(IF('Water Report'!$O$15>0,'Water Report'!$O$15,0)) -> 18 | AU13: =(IF('Water Report'!$O$17>0,'Water Report'!$O$17,0)) -> 0 | AV13: =(IF('Water Report'!$O$18>0,'Water Report'!$O$18,0)) -> 13 | AW13: =(IF('Water Report'!$O$19>0,'Water Report'!$O$19,0)) -> 16 | AX13: =(IF('Water Report'!$O$21>0,'Water Report'!$O$21,0)) -> 84 | AY13: =(IF('Water Report'!$O$22>0,'Water Report'!$O$22,0)) -> 0 | AZ13: =(IF('Water Report'!$O$23>0,'Water Report'!$O$23,0)) -> 0 | BA13: =(IF('Water Report'!$O$14>0,'Water Report'!$O$14,0)) -> 12 | BB13: =(IF('Water Report'!$O$15>0,'Water Report'!$O$15,0)) -> 18 | BC13: =(IF('Water Report'!$O$13>0,'Water Report'!$O$13,0)) -> 47 | BD13: =(IF('Water Report'!$O$24>0,'Water Report'!$O$24,0)) -> 278 | BE13: =(IF('Water Report'!$O$25>0,'Water Report'!$O$25,0)) -> 192 | BF13: =(IF('Water Report'!$O$27>0,'Water Report'!$O$27,0)) -> 131 | BG13: =(IF('Section Load'!AN16>0,'Section Load'!AN16,0)) -> 1060 | BH13: =(IF('Section Load'!AO16>0,'Section Load'!AO16,0)) -> 305 | BI13: =(IF('Section Load'!AP16>0,'Section Load'!AP16,0)) -> 0 | BJ13: =(IF('Section Load'!AQ16>0,'Section Load'!AQ16,0)) -> 120 | BK13: =(IF('Section Load'!AR16>0,'Section Load'!AR16,0)) -> 50 | BL13: =(IF('Section Load'!AS16>0,'Section Load'!AS16,0)) -> 4 | BM13: =(IF('Section Load'!AT16>0,'Section Load'!AT16,0)) -> 581
A14: Mumbai | B14: =B13+1 -> 13 | C14: 11 | D14: 2021 | E14: =(IF('Section Load'!F17>0,'Section Load'!F17,0)) -> 3825 | F14: =(IF('Section Load'!G17>0,'Section Load'!G17,0)) -> 1651 | G14: =(IF('Section Load'!H17>0,'Section Load'!H17,0)) -> 1898 | H14: =(IF('Section Load'!I17>0,'Section Load'!I17,0)) -> 3040 | I14: =(IF('Section Load'!J17>0,'Section Load'!J17,0)) -> 6131 | J14: =(IF('Section Load'!K17>0,'Section Load'!K17,0)) -> 2775 | K14: =(IF('Section Load'!L17>0,'Section Load'!L17,0)) -> 1833 | L14: =(IF('Section Load'!M17>0,'Section Load'!M17,0)) -> 1288 | ... AL14: =(IF('Section Load'!AM17>0,'Section Load'!AM17,0)) -> 783 | AM14: =(IF('Water Report'!$P$7>0,'Water Report'!$P$7,0)) -> 131 | AN14: =(IF('Water Report'!$P$8>0,'Water Report'!$P$8,0)) -> 107 | AO14: =(IF('Water Report'!$P$9>0,'Water Report'!$P$9,0)) -> 110 | AP14: =(IF('Water Report'!$P$10>0,'Water Report'!$P$10,0)) -> 20 | AQ14: =(IF('Water Report'!$P$11>0,'Water Report'!$P$11,0)) -> 33 | AR14: =(IF('Water Report'!$P$13>0,'Water Report'!$P$13,0)) -> 41 | AS14: =(IF('Water Report'!$P$14>0,'Water Report'!$P$14,0)) -> 19 | AT14: =(IF('Water Report'!$P$15>0,'Water Report'!$P$15,0)) -> 10 | AU14: =(IF('Water Report'!$P$17>0,'Water Report'!$P$17,0)) -> 0 | AV14: =(IF('Water Report'!$P$18>0,'Water Report'!$P$18,0)) -> 18 | AW14: =(IF('Water Report'!$P$19>0,'Water Report'!$P$19,0)) -> 17 | AX14: =(IF('Water Report'!$P$21>0,'Water Report'!$P$21,0)) -> 63 | AY14: =(IF('Water Report'!$P$22>0,'Water Report'!$P$22,0)) -> 0 | AZ14: =(IF('Water Report'!$P$23>0,'Water Report'!$P$23,0)) -> 24 | BA14: =(IF('Water Report'!$P$14>0,'Water Report'!$P$14,0)) -> 19 | BB14: =(IF('Water Report'!$P$15>0,'Water Report'!$P$15,0)) -> 10 | BC14: =(IF('Water Report'!$P$13>0,'Water Report'!$P$13,0)) -> 41 | BD14: =(IF('Water Report'!$P$24>0,'Water Report'!$P$24,0)) -> 256 | BE14: =(IF('Water Report'!$P$25>0,'Water Report'!$P$25,0)) -> 192 | BF14: =(IF('Water Report'!$P$27>0,'Water Report'!$P$27,0)) -> 128 | BG14: =(IF('Section Load'!AN17>0,'Section Load'!AN17,0)) -> 1071 | BH14: =(IF('Section Load'!AO17>0,'Section Load'!AO17,0)) -> 303 | BI14: =(IF('Section Load'!AP17>0,'Section Load'!AP17,0)) -> 0 | BJ14: =(IF('Section Load'!AQ17>0,'Section Load'!AQ17,0)) -> 119 | BK14: =(IF('Section Load'!AR17>0,'Section Load'!AR17,0)) -> 45 | BL14: =(IF('Section Load'!AS17>0,'Section Load'!AS17,0)) -> 3 | BM14: =(IF('Section Load'!AT17>0,'Section Load'!AT17,0)) -> 601
A15: Mumbai | B15: =B14+1 -> 14 | C15: 11 | D15: 2021 | E15: =(IF('Section Load'!F18>0,'Section Load'!F18,0)) -> 3440 | F15: =(IF('Section Load'!G18>0,'Section Load'!G18,0)) -> 1518 | G15: =(IF('Section Load'!H18>0,'Section Load'!H18,0)) -> 1821 | H15: =(IF('Section Load'!I18>0,'Section Load'!I18,0)) -> 2824 | I15: =(IF('Section Load'!J18>0,'Section Load'!J18,0)) -> 6179 | J15: =(IF('Section Load'!K18>0,'Section Load'!K18,0)) -> 2571 | K15: =(IF('Section Load'!L18>0,'Section Load'!L18,0)) -> 1194 | L15: =(IF('Section Load'!M18>0,'Section Load'!M18,0)) -> 875 | ... AL15: =(IF('Section Load'!AM18>0,'Section Load'!AM18,0)) -> 769 | AM15: =(IF('Water Report'!$Q$7>0,'Water Report'!$Q$7,0)) -> 141 | AN15: =(IF('Water Report'!$Q$8>0,'Water Report'!$Q$8,0)) -> 117 | AO15: =(IF('Water Report'!$Q$9>0,'Water Report'!$Q$9,0)) -> 101 | AP15: =(IF('Water Report'!$Q$10>0,'Water Report'!$Q$10,0)) -> 26 | AQ15: =(IF('Water Report'!$Q$11>0,'Water Report'!$Q$11,0)) -> 24 | AR15: =(IF('Water Report'!$Q$13>0,'Water Report'!$Q$13,0)) -> 23 | AS15: =(IF('Water Report'!$Q$14>0,'Water Report'!$Q$14,0)) -> 10 | AT15: =(IF('Water Report'!$Q$15>0,'Water Report'!$Q$15,0)) -> 9 | AU15: =(IF('Water Report'!$Q$17>0,'Water Report'!$Q$17,0)) -> 0 | AV15: =(IF('Water Report'!$Q$18>0,'Water Report'!$Q$18,0)) -> 13 | AW15: =(IF('Water Report'!$Q$19>0,'Water Report'!$Q$19,0)) -> 11 | AX15: =(IF('Water Report'!$Q$21>0,'Water Report'!$Q$21,0)) -> 111 | AY15: =(IF('Water Report'!$Q$22>0,'Water Report'!$Q$22,0)) -> 0 | AZ15: =(IF('Water Report'!$Q$23>0,'Water Report'!$Q$23,0)) -> 4 | BA15: =(IF('Water Report'!$Q$14>0,'Water Report'!$Q$14,0)) -> 10 | BB15: =(IF('Water Report'!$Q$15>0,'Water Report'!$Q$15,0)) -> 9 | BC15: =(IF('Water Report'!$Q$13>0,'Water Report'!$Q$13,0)) -> 23 | BD15: =(IF('Water Report'!$Q$24>0,'Water Report'!$Q$24,0)) -> 293 | BE15: =(IF('Water Report'!$Q$25>0,'Water Report'!$Q$25,0)) -> 170 | BF15: =(IF('Water Report'!$Q$27>0,'Water Report'!$Q$27,0)) -> 138 | BG15: =(IF('Section Load'!AN18>0,'Section Load'!AN18,0)) -> 1139.97 | BH15: =(IF('Section Load'!AO18>0,'Section Load'!AO18,0)) -> 280 | BI15: =(IF('Section Load'!AP18>0,'Section Load'!AP18,0)) -> 0 | BJ15: =(IF('Section Load'!AQ18>0,'Section Load'!AQ18,0)) -> 128 | BK15: =(IF('Section Load'!AR18>0,'Section Load'!AR18,0)) -> 41 | BL15: =(IF('Section Load'!AS18>0,'Section Load'!AS18,0)) -> 1 | BM15: =(IF('Section Load'!AT18>0,'Section Load'!AT18,0)) -> 689.97
A16: Mumbai | B16: =B15+1 -> 15 | C16: 11 | D16: 2021 | E16: =(IF('Section Load'!F19>0,'Section Load'!F19,0)) -> 3603.7 | F16: =(IF('Section Load'!G19>0,'Section Load'!G19,0)) -> 1554.88 | G16: =(IF('Section Load'!H19>0,'Section Load'!H19,0)) -> 1735.56 | H16: =(IF('Section Load'!I19>0,'Section Load'!I19,0)) -> 2954.21 | I16: =(IF('Section Load'!J19>0,'Section Load'!J19,0)) -> 7030.51 | J16: =(IF('Section Load'!K19>0,'Section Load'!K19,0)) -> 2788.5 | K16: =(IF('Section Load'!L19>0,'Section Load'!L19,0)) -> 1115.47 | L16: =(IF('Section Load'!M19>0,'Section Load'!M19,0)) -> 840.7 | ... AL16: =(IF('Section Load'!AM19>0,'Section Load'!AM19,0)) -> 740.98 | AM16: =(IF('Water Report'!$R$7>0,'Water Report'!$R$7,0)) -> 107 | AN16: =(IF('Water Report'!$R$8>0,'Water Report'!$R$8,0)) -> 95 | AO16: =(IF('Water Report'!$R$9>0,'Water Report'!$R$9,0)) -> 116 | AP16: =(IF('Water Report'!$R$10>0,'Water Report'!$R$10,0)) -> 21 | AQ16: =(IF('Water Report'!$R$11>0,'Water Report'!$R$11,0)) -> 20 | AR16: =(IF('Water Report'!$R$13>0,'Water Report'!$R$13,0)) -> 28 | AS16: =(IF('Water Report'!$R$14>0,'Water Report'!$R$14,0)) -> 9 | AT16: =(IF('Water Report'!$R$15>0,'Water Report'!$R$15,0)) -> 8 | AU16: =(IF('Water Report'!$R$17>0,'Water Report'!$R$17,0)) -> 0 | AV16: =(IF('Water Report'!$R$18>0,'Water Report'!$R$18,0)) -> 14 | AW16: =(IF('Water Report'!$R$19>0,'Water Report'!$R$19,0)) -> 11 | AX16: =(IF('Water Report'!$R$21>0,'Water Report'!$R$21,0)) -> 77 | AY16: =(IF('Water Report'!$R$22>0,'Water Report'!$R$22,0)) -> 0 | AZ16: =(IF('Water Report'!$R$23>0,'Water Report'!$R$23,0)) -> 9 | BA16: =(IF('Water Report'!$R$14>0,'Water Report'!$R$14,0)) -> 9 | BB16: =(IF('Water Report'!$R$15>0,'Water Report'!$R$15,0)) -> 8 | BC16: =(IF('Water Report'!$R$13>0,'Water Report'!$R$13,0)) -> 28 | BD16: =(IF('Water Report'!$R$24>0,'Water Report'!$R$24,0)) -> 236 | BE16: =(IF('Water Report'!$R$25>0,'Water Report'!$R$25,0)) -> 174 | BF16: =(IF('Water Report'!$R$27>0,'Water Report'!$R$27,0)) -> 114 | BG16: =(IF('Section Load'!AN19>0,'Section Load'!AN19,0)) -> 911.2 | BH16: =(IF('Section Load'!AO19>0,'Section Load'!AO19,0)) -> 252.49 | BI16: =(IF('Section Load'!AP19>0,'Section Load'!AP19,0)) -> 0 | BJ16: =(IF('Section Load'!AQ19>0,'Section Load'!AQ19,0)) -> 110.8 | BK16: =(IF('Section Load'!AR19>0,'Section Load'!AR19,0)) -> 46 | BL16: =(IF('Section Load'!AS19>0,'Section Load'!AS19,0)) -> 1.8 | BM16: =(IF('Section Load'!AT19>0,'Section Load'!AT19,0)) -> 500.11
A17: Mumbai | B17: =B16+1 -> 16 | C17: 11 | D17: 2021 | E17: =(IF('Section Load'!F20>0,'Section Load'!F20,0)) -> 3624.86 | F17: =(IF('Section Load'!G20>0,'Section Load'!G20,0)) -> 1596.44 | G17: =(IF('Section Load'!H20>0,'Section Load'!H20,0)) -> 1865.83 | H17: =(IF('Section Load'!I20>0,'Section Load'!I20,0)) -> 2997.28 | I17: =(IF('Section Load'!J20>0,'Section Load'!J20,0)) -> 7804 | J17: =(IF('Section Load'!K20>0,'Section Load'!K20,0)) -> 2788.9 | K17: =(IF('Section Load'!L20>0,'Section Load'!L20,0)) -> 1347.92 | L17: =(IF('Section Load'!M20>0,'Section Load'!M20,0)) -> 905.24 | ... AL17: =(IF('Section Load'!AM20>0,'Section Load'!AM20,0)) -> 645.72 | AM17: =(IF('Water Report'!$S$7>0,'Water Report'!$S$7,0)) -> 119 | AN17: =(IF('Water Report'!$S$8>0,'Water Report'!$S$8,0)) -> 117 | AO17: =(IF('Water Report'!$S$9>0,'Water Report'!$S$9,0)) -> 102 | AP17: =(IF('Water Report'!$S$10>0,'Water Report'!$D$10,0)) -> 23 | AQ17: =(IF('Water Report'!$S$11>0,'Water Report'!$D$11,0)) -> 30 | AR17: =(IF('Water Report'!$S$13>0,'Water Report'!$D$13,0)) -> 41 | AS17: =(IF('Water Report'!$S$14>0,'Water Report'!$D$14,0)) -> 9 | AT17: =(IF('Water Report'!$S$15>0,'Water Report'!$D$15,0)) -> 7 | AU17: =(IF('Water Report'!$S$17>0,'Water Report'!$D$17,0)) -> 0 | AV17: =(IF('Water Report'!$S$18>0,'Water Report'!$D$18,0)) -> 16 | AW17: =(IF('Water Report'!$S$19>0,'Water Report'!$D$19,0)) -> 11 | AX17: =(IF('Water Report'!$S$21>0,'Water Report'!$D$21,0)) -> 68 | AY17: =(IF('Water Report'!$S$22>0,'Water Report'!$D$22,0)) -> 0 | AZ17: =(IF('Water Report'!$S$23>0,'Water Report'!$D$23,0)) -> 0 | BA17: =(IF('Water Report'!$S$14>0,'Water Report'!$D$14,0)) -> 9 | BB17: =(IF('Water Report'!$S$15>0,'Water Report'!$D$15,0)) -> 7 | BC17: =(IF('Water Report'!$S$13>0,'Water Report'!$D$13,0)) -> 41 | BD17: =(IF('Water Report'!$S$24>0,'Water Report'!$D$24,0)) -> 237 | BE17: =(IF('Water Report'!$S$25>0,'Water Report'!$D$25,0)) -> 166 | BF17: =(IF('Water Report'!$S$27>0,'Water Report'!$D$27,0)) -> 109 | BG17: =(IF('Section Load'!AN20>0,'Section Load'!AN20,0)) -> 794.9 | BH17: =(IF('Section Load'!AO20>0,'Section Load'!AO20,0)) -> 283.48 | BI17: =(IF('Section Load'!AP20>0,'Section Load'!AP20,0)) -> 0 | BJ17: =(IF('Section Load'!AQ20>0,'Section Load'!AQ20,0)) -> 123.5 | BK17: =(IF('Section Load'!AR20>0,'Section Load'!AR20,0)) -> 37 | BL17: =(IF('Section Load'!AS20>0,'Section Load'!AS20,0)) -> 0.6 | BM17: =(IF('Section Load'!AT20>0,'Section Load'!AT20,0)) -> 350.32
A18: Mumbai | B18: =B17+1 -> 17 | C18: 11 | D18: 2021 | E18: =(IF('Section Load'!F21>0,'Section Load'!F21,0)) -> 3829.88 | F18: =(IF('Section Load'!G21>0,'Section Load'!G21,0)) -> 1696.08 | G18: =(IF('Section Load'!H21>0,'Section Load'!H21,0)) -> 1917.7 | H18: =(IF('Section Load'!I21>0,'Section Load'!I21,0)) -> 2980.36 | I18: =(IF('Section Load'!J21>0,'Section Load'!J21,0)) -> 8791.76 | J18: =(IF('Section Load'!K21>0,'Section Load'!K21,0)) -> 3015.6 | K18: =(IF('Section Load'!L21>0,'Section Load'!L21,0)) -> 1503.28 | L18: =(IF('Section Load'!M21>0,'Section Load'!M21,0)) -> 1258.36 | ... AL18: =(IF('Section Load'!AM21>0,'Section Load'!AM21,0)) -> 804.85 | AM18: =(IF('Water Report'!$T$7>0,'Water Report'!$T$7,0)) -> 120 | AN18: =(IF('Water Report'!$T$8>0,'Water Report'!$T$8,0)) -> 78 | AO18: =(IF('Water Report'!$T$9>0,'Water Report'!$T$9,0)) -> 109 | AP18: =(IF('Water Report'!$T$10>0,'Water Report'!$T$10,0)) -> 23 | AQ18: =(IF('Water Report'!$T$11>0,'Water Report'!$T$11,0)) -> 35 | AR18: =(IF('Water Report'!$T$13>0,'Water Report'!$T$13,0)) -> 30 | AS18: =(IF('Water Report'!$T$14>0,'Water Report'!$T$14,0)) -> 4 | AT18: =(IF('Water Report'!$T$15>0,'Water Report'!$T$15,0)) -> 7 | AU18: =(IF('Water Report'!$T$17>0,'Water Report'!$T$17,0)) -> 0 | AV18: =(IF('Water Report'!$T$18>0,'Water Report'!$T$18,0)) -> 30 | AW18: =(IF('Water Report'!$T$19>0,'Water Report'!$T$19,0)) -> 11 | AX18: =(IF('Water Report'!$T$21>0,'Water Report'!$T$21,0)) -> 136 | AY18: =(IF('Water Report'!$T$22>0,'Water Report'!$T$22,0)) -> 0 | AZ18: =(IF('Water Report'!$T$23>0,'Water Report'!$T$23,0)) -> 0 | BA18: =(IF('Water Report'!$T$14>0,'Water Report'!$T$14,0)) -> 4 | BB18: =(IF('Water Report'!$T$15>0,'Water Report'!$T$15,0)) -> 7 | BC18: =(IF('Water Report'!$T$13>0,'Water Report'!$T$13,0)) -> 30 | BD18: =(IF('Water Report'!$T$24>0,'Water Report'!$T$24,0)) -> 255 | BE18: =(IF('Water Report'!$T$25>0,'Water Report'!$T$25,0)) -> 178 | BF18: =(IF('Water Report'!$T$27>0,'Water Report'!$T$27,0)) -> 166 | BG18: =(IF('Section Load'!AN21>0,'Section Load'!AN21,0)) -> 824.4 | BH18: =(IF('Section Load'!AO21>0,'Section Load'!AO21,0)) -> 281.27 | BI18: =(IF('Section Load'!AP21>0,'Section Load'!AP21,0)) -> 0 | BJ18: =(IF('Section Load'!AQ21>0,'Section Load'!AQ21,0)) -> 131.6 | BK18: =(IF('Section Load'!AR21>0,'Section Load'!AR21,0)) -> 41.6 | BL18: =(IF('Section Load'!AS21>0,'Section Load'!AS21,0)) -> 2.3 | BM18: =(IF('Section Load'!AT21>0,'Section Load'!AT21,0)) -> 367.63
A19: Mumbai | B19: =B18+1 -> 18 | C19: 11 | D19: 2021 | E19: =(IF('Section Load'!F22>0,'Section Load'!F22,0)) -> 1697.28 | F19: =(IF('Section Load'!G22>0,'Section Load'!G22,0)) -> 1804.68 | G19: =(IF('Section Load'!H22>0,'Section Load'!H22,0)) -> 1865.97 | H19: =(IF('Section Load'!I22>0,'Section Load'!I22,0)) -> 2891.16 | I19: =(IF('Section Load'!J22>0,'Section Load'!J22,0)) -> 8645.31 | J19: =(IF('Section Load'!K22>0,'Section Load'!K22,0)) -> 2870.4 | K19: =(IF('Section Load'!L22>0,'Section Load'!L22,0)) -> 1613.28 | L19: =(IF('Section Load'!M22>0,'Section Load'!M22,0)) -> 1112.44 | ... AL19: =(IF('Section Load'!AM22>0,'Section Load'!AM22,0)) -> 778.93 | AM19: =(IF('Water Report'!$U$7>0,'Water Report'!$U$7,0)) -> 146 | AN19: =(IF('Water Report'!$U$8>0,'Water Report'!$U$8,0)) -> 0 | AO19: =(IF('Water Report'!$U$9>0,'Water Report'!$U$9,0)) -> 106 | AP19: =(IF('Water Report'!$U$10>0,'Water Report'!$U$10,0)) -> 43 | AQ19: =(IF('Water Report'!$U$11>0,'Water Report'!$U$11,0)) -> 25 | AR19: =(IF('Water Report'!$U$13>0,'Water Report'!$U$13,0)) -> 37 | AS19: =(IF('Water Report'!$U$14>0,'Water Report'!$U$14,0)) -> 9 | AT19: =(IF('Water Report'!$U$15>0,'Water Report'!$U$15,0)) -> 11 | AU19: =(IF('Water Report'!$U$17>0,'Water Report'!$U$17,0)) -> 0 | AV19: =(IF('Water Report'!$U$18>0,'Water Report'!$U$18,0)) -> 14 | AW19: =(IF('Water Report'!$U$19>0,'Water Report'!$U$19,0)) -> 11 | AX19: =(IF('Water Report'!$U$21>0,'Water Report'!$U$21,0)) -> 108 | AY19: =(IF('Water Report'!$U$22>0,'Water Report'!$U$22,0)) -> 0 | AZ19: =(IF('Water Report'!$U$23>0,'Water Report'!$U$23,0)) -> 0 | BA19: =(IF('Water Report'!$U$14>0,'Water Report'!$U$14,0)) -> 9 | BB19: =(IF('Water Report'!$U$15>0,'Water Report'!$U$15,0)) -> 11 | BC19: =(IF('Water Report'!$U$13>0,'Water Report'!$U$13,0)) -> 37 | BD19: =(IF('Water Report'!$U$24>0,'Water Report'!$U$24,0)) -> 337 | BE19: =(IF('Water Report'!$U$25>0,'Water Report'!$U$25,0)) -> 194 | BF19: =(IF('Water Report'!$U$27>0,'Water Report'!$U$27,0)) -> 145 | BG19: =(IF('Section Load'!AN22>0,'Section Load'!AN22,0)) -> 783.8 | BH19: =(IF('Section Load'!AO22>0,'Section Load'!AO22,0)) -> 296.51 | BI19: =(IF('Section Load'!AP22>0,'Section Load'!AP22,0)) -> 0 | BJ19: =(IF('Section Load'!AQ22>0,'Section Load'!AQ22,0)) -> 106.2 | BK19: =(IF('Section Load'!AR22>0,'Section Load'!AR22,0)) -> 38.3 | BL19: =(IF('Section Load'!AS22>0,'Section Load'!AS22,0)) -> 2.1 | BM19: =(IF('Section Load'!AT22>0,'Section Load'!AT22,0)) -> 341.09
A20: Mumbai | B20: =B19+1 -> 19 | C20: 11 | D20: 2021 | E20: =(IF('Section Load'!F23>0,'Section Load'!F23,0)) -> 5620.05 | F20: =(IF('Section Load'!G23>0,'Section Load'!G23,0)) -> 1586.63 | G20: =(IF('Section Load'!H23>0,'Section Load'!H23,0)) -> 1808.79 | H20: =(IF('Section Load'!I23>0,'Section Load'!I23,0)) -> 2926.9 | I20: =(IF('Section Load'!J23>0,'Section Load'!J23,0)) -> 7972.46 | J20: =(IF('Section Load'!K23>0,'Section Load'!K23,0)) -> 2801.2 | K20: =(IF('Section Load'!L23>0,'Section Load'!L23,0)) -> 1761.04 | L20: =(IF('Section Load'!M23>0,'Section Load'!M23,0)) -> 807.42 | ... AL20: =(IF('Section Load'!AM23>0,'Section Load'!AM23,0)) -> 793.15 | AM20: =(IF('Water Report'!$V$7>0,'Water Report'!$V$7,0)) -> 122 | AN20: =(IF('Water Report'!$V$8>0,'Water Report'!$V$8,0)) -> 76 | AO20: =(IF('Water Report'!$V$9>0,'Water Report'!$V$9,0)) -> 95 | AP20: =(IF('Water Report'!$V$10>0,'Water Report'!$V$10,0)) -> 23 | AQ20: =(IF('Water Report'!$V$11>0,'Water Report'!$V$11,0)) -> 33 | AR20: =(IF('Water Report'!$V$13>0,'Water Report'!$V$13,0)) -> 22 | AS20: =(IF('Water Report'!$V$14>0,'Water Report'!$V$14,0)) -> 12 | AT20: =(IF('Water Report'!$V$15>0,'Water Report'!$V$15,0)) -> 8 | AU20: =(IF('Water Report'!$V$17>0,'Water Report'!$V$17,0)) -> 0 | AV20: =(IF('Water Report'!$V$18>0,'Water Report'!$V$18,0)) -> 16 | AW20: =(IF('Water Report'!$V$19>0,'Water Report'!$V$19,0)) -> 12 | AX20: =(IF('Water Report'!$V$21>0,'Water Report'!$V$21,0)) -> 84 | AY20: =(IF('Water Report'!$V$22>0,'Water Report'!$V$22,0)) -> 0 | AZ20: =(IF('Water Report'!$V$23>0,'Water Report'!$V$23,0)) -> 0 | BA20: =(IF('Water Report'!$V$14>0,'Water Report'!$V$14,0)) -> 12 | BB20: =(IF('Water Report'!$V$15>0,'Water Report'!$V$15,0)) -> 8 | BC20: =(IF('Water Report'!$V$13>0,'Water Report'!$V$13,0)) -> 22 | BD20: =(IF('Water Report'!$V$24>0,'Water Report'!$V$24,0)) -> 325 | BE20: =(IF('Water Report'!$V$25>0,'Water Report'!$V$25,0)) -> 171 | BF20: =(IF('Water Report'!$V$27>0,'Water Report'!$V$27,0)) -> 106 | BG20: =(IF('Section Load'!AN23>0,'Section Load'!AN23,0)) -> 785.6 | BH20: =(IF('Section Load'!AO23>0,'Section Load'!AO23,0)) -> 286.02 | BI20: =(IF('Section Load'!AP23>0,'Section Load'!AP23,0)) -> 0.4 | BJ20: =(IF('Section Load'!AQ23>0,'Section Load'!AQ23,0)) -> 125.7 | BK20: =(IF('Section Load'!AR23>0,'Section Load'!AR23,0)) -> 39.9 | BL20: =(IF('Section Load'!AS23>0,'Section Load'!AS23,0)) -> 1.6 | BM20: =(IF('Section Load'!AT23>0,'Section Load'!AT23,0)) -> 331.98
A21: Mumbai | B21: =B20+1 -> 20 | C21: 11 | D21: 2021 | E21: =(IF('Section Load'!F24>0,'Section Load'!F24,0)) -> 3684 | F21: =(IF('Section Load'!G24>0,'Section Load'!G24,0)) -> 1650.31 | G21: =(IF('Section Load'!H24>0,'Section Load'!H24,0)) -> 1897.07 | H21: =(IF('Section Load'!I24>0,'Section Load'!I24,0)) -> 2942.6 | I21: =(IF('Section Load'!J24>0,'Section Load'!J24,0)) -> 8670.22 | J21: =(IF('Section Load'!K24>0,'Section Load'!K24,0)) -> 2977.1 | K21: =(IF('Section Load'!L24>0,'Section Load'!L24,0)) -> 1214.96 | L21: =(IF('Section Load'!M24>0,'Section Load'!M24,0)) -> 1243.59 | ... AL21: =(IF('Section Load'!AM24>0,'Section Load'!AM24,0)) -> 854.41 | AM21: =(IF('Water Report'!$W$7>0,'Water Report'!$W$7,0)) -> 120 | AN21: =(IF('Water Report'!$W$8>0,'Water Report'!$W$8,0)) -> 95 | AO21: =(IF('Water Report'!$W$9>0,'Water Report'!$W$9,0)) -> 102 | AP21: =(IF('Water Report'!$W$10>0,'Water Report'!$W$10,0)) -> 15 | AQ21: =(IF('Water Report'!$W$11>0,'Water Report'!$W$11,0)) -> 31 | AR21: =(IF('Water Report'!$W$13>0,'Water Report'!$W$13,0)) -> 20 | AS21: =(IF('Water Report'!$W$14>0,'Water Report'!$W$14,0)) -> 16 | AT21: =(IF('Water Report'!$W$15>0,'Water Report'!$W$15,0)) -> 14 | AU21: =(IF('Water Report'!$W$17>0,'Water Report'!$W$17,0)) -> 0 | AV21: =(IF('Water Report'!$W$18>0,'Water Report'!$W$18,0)) -> 16 | AW21: =(IF('Water Report'!$W$19>0,'Water Report'!$W$19,0)) -> 12 | AX21: =(IF('Water Report'!$W$21>0,'Water Report'!$W$21,0)) -> 85 | AY21: =(IF('Water Report'!$W$22>0,'Water Report'!$W$22,0)) -> 0 | AZ21: =(IF('Water Report'!$W$23>0,'Water Report'!$W$23,0)) -> 15 | BA21: =(IF('Water Report'!$W$14>0,'Water Report'!$W$14,0)) -> 16 | BB21: =(IF('Water Report'!$W$15>0,'Water Report'!$W$15,0)) -> 14 | BC21: =(IF('Water Report'!$W$13>0,'Water Report'!$W$13,0)) -> 20 | BD21: =(IF('Water Report'!$W$24>0,'Water Report'!$W$24,0)) -> 271 | BE21: =(IF('Water Report'!$W$25>0,'Water Report'!$W$25,0)) -> 178 | BF21: =(IF('Water Report'!$W$27>0,'Water Report'!$W$27,0)) -> 120 | BG21: =(IF('Section Load'!AN24>0,'Section Load'!AN24,0)) -> 1135.28 | BH21: =(IF('Section Load'!AO24>0,'Section Load'!AO24,0)) -> 284.37 | BI21: =(IF('Section Load'!AP24>0,'Section Load'!AP24,0)) -> 0 | BJ21: =(IF('Section Load'!AQ24>0,'Section Load'!AQ24,0)) -> 126.82 | BK21: =(IF('Section Load'!AR24>0,'Section Load'!AR24,0)) -> 65.2 | BL21: =(IF('Section Load'!AS24>0,'Section Load'!AS24,0)) -> 5.6 | BM21: =(IF('Section Load'!AT24>0,'Section Load'!AT24,0)) -> 653.29
A22: Mumbai | B22: =B21+1 -> 21 | C22: 11 | D22: 2021 | E22: =(IF('Section Load'!F25>0,'Section Load'!F25,0)) -> 3680.58 | F22: =(IF('Section Load'!G25>0,'Section Load'!G25,0)) -> 1626.58 | G22: =(IF('Section Load'!H25>0,'Section Load'!H25,0)) -> 1956.14 | H22: =(IF('Section Load'!I25>0,'Section Load'!I25,0)) -> 2957.14 | I22: =(IF('Section Load'!J25>0,'Section Load'!J25,0)) -> 8485.46 | J22: =(IF('Section Load'!K25>0,'Section Load'!K25,0)) -> 3011.8 | K22: =(IF('Section Load'!L25>0,'Section Load'!L25,0)) -> 1735.04 | L22: =(IF('Section Load'!M25>0,'Section Load'!M25,0)) -> 1542.09 | ... AL22: =(IF('Section Load'!AM25>0,'Section Load'!AM25,0)) -> 916.51 | AM22: =(IF('Water Report'!$X$7>0,'Water Report'!$X$7,0)) -> 139 | AN22: =(IF('Water Report'!$X$8>0,'Water Report'!$X$8,0)) -> 134 | AO22: =(IF('Water Report'!$X$9>0,'Water Report'!$X$9,0)) -> 109 | AP22: =(IF('Water Report'!$X$10>0,'Water Report'!$X$10,0)) -> 25 | AQ22: =(IF('Water Report'!$X$11>0,'Water Report'!$X$11,0)) -> 42 | AR22: =(IF('Water Report'!$X$13>0,'Water Report'!$X$13,0)) -> 18 | AS22: =(IF('Water Report'!$X$14>0,'Water Report'!$X$14,0)) -> 13 | AT22: =(IF('Water Report'!$X$15>0,'Water Report'!$X$15,0)) -> 21 | AU22: =(IF('Water Report'!$X$17>0,'Water Report'!$X$17,0)) -> 0 | AV22: =(IF('Water Report'!$X$18>0,'Water Report'!$X$18,0)) -> 14 | AW22: =(IF('Water Report'!$X$19>0,'Water Report'!$X$19,0)) -> 9 | AX22: =(IF('Water Report'!$X$21>0,'Water Report'!$X$21,0)) -> 107 | AY22: =(IF('Water Report'!$X$22>0,'Water Report'!$X$22,0)) -> 0 | AZ22: =(IF('Water Report'!$X$23>0,'Water Report'!$X$23,0)) -> 3 | BA22: =(IF('Water Report'!$X$14>0,'Water Report'!$X$14,0)) -> 13 | BB22: =(IF('Water Report'!$X$15>0,'Water Report'!$X$15,0)) -> 21 | BC22: =(IF('Water Report'!$X$13>0,'Water Report'!$X$13,0)) -> 18 | BD22: =(IF('Water Report'!$X$24>0,'Water Report'!$X$24,0)) -> 276 | BE22: =(IF('Water Report'!$X$25>0,'Water Report'!$X$25,0)) -> 210 | BF22: =(IF('Water Report'!$X$27>0,'Water Report'!$X$27,0)) -> 128 | BG22: =(IF('Section Load'!AN25>0,'Section Load'!AN25,0)) -> 1044.04 | BH22: =(IF('Section Load'!AO25>0,'Section Load'!AO25,0)) -> 288.98 | BI22: =(IF('Section Load'!AP25>0,'Section Load'!AP25,0)) -> 0 | BJ22: =(IF('Section Load'!AQ25>0,'Section Load'!AQ25,0)) -> 113.68 | BK22: =(IF('Section Load'!AR25>0,'Section Load'!AR25,0)) -> 48.1 | BL22: =(IF('Section Load'!AS25>0,'Section Load'!AS25,0)) -> 2.6 | BM22: =(IF('Section Load'!AT25>0,'Section Load'!AT25,0)) -> 590.68
A23: Mumbai | B23: =B22+1 -> 22 | C23: 11 | D23: 2021 | E23: =(IF('Section Load'!F26>0,'Section Load'!F26,0)) -> 3667.22 | F23: =(IF('Section Load'!G26>0,'Section Load'!G26,0)) -> 1656.13 | G23: =(IF('Section Load'!H26>0,'Section Load'!H26,0)) -> 1904.18 | H23: =(IF('Section Load'!I26>0,'Section Load'!I26,0)) -> 3001.5 | I23: =(IF('Section Load'!J26>0,'Section Load'!J26,0)) -> 7664.87 | J23: =(IF('Section Load'!K26>0,'Section Load'!K26,0)) -> 2913.2 | K23: =(IF('Section Load'!L26>0,'Section Load'!L26,0)) -> 1158 | L23: =(IF('Section Load'!M26>0,'Section Load'!M26,0)) -> 1392.41 | ... AL23: =(IF('Section Load'!AM26>0,'Section Load'!AM26,0)) -> 852.48 | AM23: =(IF('Water Report'!$Y$7>0,'Water Report'!$Y$7,0)) -> 124 | AN23: =(IF('Water Report'!$Y$8>0,'Water Report'!$Y$8,0)) -> 119 | AO23: =(IF('Water Report'!$Y$9>0,'Water Report'!$Y$9,0)) -> 112 | AP23: =(IF('Water Report'!$Y$10>0,'Water Report'!$Y$10,0)) -> 13 | AQ23: =(IF('Water Report'!$Y$11>0,'Water Report'!$Y$11,0)) -> 28 | AR23: =(IF('Water Report'!$Y$13>0,'Water Report'!$Y$13,0)) -> 17 | AS23: =(IF('Water Report'!$Y$14>0,'Water Report'!$Y$14,0)) -> 14 | AT23: =(IF('Water Report'!$Y$15>0,'Water Report'!$Y$15,0)) -> 7 | AU23: =(IF('Water Report'!$Y$17>0,'Water Report'!$Y$17,0)) -> 0 | AV23: =(IF('Water Report'!$Y$18>0,'Water Report'!$Y$18,0)) -> 14 | AW23: =(IF('Water Report'!$Y$19>0,'Water Report'!$Y$19,0)) -> 11 | AX23: =(IF('Water Report'!$Y$21>0,'Water Report'!$Y$21,0)) -> 84 | AY23: =(IF('Water Report'!$Y$22>0,'Water Report'!$Y$22,0)) -> 0 | AZ23: =(IF('Water Report'!$Y$23>0,'Water Report'!$Y$23,0)) -> 5 | BA23: =(IF('Water Report'!$Y$14>0,'Water Report'!$Y$14,0)) -> 14 | BB23: =(IF('Water Report'!$Y$15>0,'Water Report'!$Y$15,0)) -> 7 | BC23: =(IF('Water Report'!$Y$13>0,'Water Report'!$Y$13,0)) -> 17 | BD23: =(IF('Water Report'!$Y$24>0,'Water Report'!$Y$24,0)) -> 260 | BE23: =(IF('Water Report'!$Y$25>0,'Water Report'!$Y$25,0)) -> 174 | BF23: =(IF('Water Report'!$Y$27>0,'Water Report'!$Y$27,0)) -> 106 | BG23: =(IF('Section Load'!AN26>0,'Section Load'!AN26,0)) -> 1044.04 | BH23: =(IF('Section Load'!AO26>0,'Section Load'!AO26,0)) -> 297.27 | BI23: =(IF('Section Load'!AP26>0,'Section Load'!AP26,0)) -> 0 | BJ23: =(IF('Section Load'!AQ26>0,'Section Load'!AQ26,0)) -> 127.7 | BK23: =(IF('Section Load'!AR26>0,'Section Load'!AR26,0)) -> 35.9 | BL23: =(IF('Section Load'!AS26>0,'Section Load'!AS26,0)) -> 4 | BM23: =(IF('Section Load'!AT26>0,'Section Load'!AT26,0)) -> 579.17
A24: Mumbai | B24: =B23+1 -> 23 | C24: 11 | D24: 2021 | E24: =(IF('Section Load'!F27>0,'Section Load'!F27,0)) -> 3702.64 | F24: =(IF('Section Load'!G27>0,'Section Load'!G27,0)) -> 1625.34 | G24: =(IF('Section Load'!H27>0,'Section Load'!H27,0)) -> 1918.3 | H24: =(IF('Section Load'!I27>0,'Section Load'!I27,0)) -> 3091.34 | I24: =(IF('Section Load'!J27>0,'Section Load'!J27,0)) -> 9030.97 | J24: =(IF('Section Load'!K27>0,'Section Load'!K27,0)) -> 3055.6 | K24: =(IF('Section Load'!L27>0,'Section Load'!L27,0)) -> 1756.88 | L24: =(IF('Section Load'!M27>0,'Section Load'!M27,0)) -> 1366.88 | ... AL24: =(IF('Section Load'!AM27>0,'Section Load'!AM27,0)) -> 890.36 | AM24: =(IF('Water Report'!$Z$7>0,'Water Report'!$Z$7,0)) -> 113 | AN24: =(IF('Water Report'!$Z$8>0,'Water Report'!$Z$8,0)) -> 109 | AO24: =(IF('Water Report'!$Z$9>0,'Water Report'!$Z$9,0)) -> 111 | AP24: =(IF('Water Report'!$Z$10>0,'Water Report'!$Z$10,0)) -> 19 | AQ24: =(IF('Water Report'!$Z$11>0,'Water Report'!$Z$11,0)) -> 28 | AR24: =(IF('Water Report'!$Z$13>0,'Water Report'!$Z$13,0)) -> 44 | AS24: =(IF('Water Report'!$Z$14>0,'Water Report'!$Z$14,0)) -> 25 | AT24: =(IF('Water Report'!$Z$15>0,'Water Report'!$Z$15,0)) -> 8 | AU24: =(IF('Water Report'!$Z$17>0,'Water Report'!$Z$17,0)) -> 0 | AV24: =(IF('Water Report'!$Z$18>0,'Water Report'!$Z$18,0)) -> 13 | AW24: =(IF('Water Report'!$Z$19>0,'Water Report'!$Z$19,0)) -> 11 | AX24: =(IF('Water Report'!$Z$21>0,'Water Report'!$Z$21,0)) -> 139 | AY24: =(IF('Water Report'!$Z$22>0,'Water Report'!$Z$22,0)) -> 0 | AZ24: =(IF('Water Report'!$Z$23>0,'Water Report'!$Z$23,0)) -> 7 | BA24: =(IF('Water Report'!$Z$14>0,'Water Report'!$Z$14,0)) -> 25 | BB24: =(IF('Water Report'!$Z$15>0,'Water Report'!$Z$15,0)) -> 8 | BC24: =(IF('Water Report'!$Z$13>0,'Water Report'!$Z$13,0)) -> 44 | BD24: =(IF('Water Report'!$Z$24>0,'Water Report'!$Z$24,0)) -> 233 | BE24: =(IF('Water Report'!$Z$25>0,'Water Report'!$Z$25,0)) -> 191 | BF24: =(IF('Water Report'!$Z$27>0,'Water Report'!$Z$27,0)) -> 190 | BG24: =(IF('Section Load'!AN27>0,'Section Load'!AN27,0)) -> 1060.32 | BH24: =(IF('Section Load'!AO27>0,'Section Load'!AO27,0)) -> 288.32 | BI24: =(IF('Section Load'!AP27>0,'Section Load'!AP27,0)) -> 0 | BJ24: =(IF('Section Load'!AQ27>0,'Section Load'!AQ27,0)) -> 120.1 | BK24: =(IF('Section Load'!AR27>0,'Section Load'!AR27,0)) -> 51 | BL24: =(IF('Section Load'!AS27>0,'Section Load'!AS27,0)) -> 2.2 | BM24: =(IF('Section Load'!AT27>0,'Section Load'!AT27,0)) -> 598.7
A25: Mumbai | B25: =B24+1 -> 24 | C25: 11 | D25: 2021 | E25: =(IF('Section Load'!F28>0,'Section Load'!F28,0)) -> 3640.79 | F25: =(IF('Section Load'!G28>0,'Section Load'!G28,0)) -> 1598.93 | G25: =(IF('Section Load'!H28>0,'Section Load'!H28,0)) -> 1926.46 | H25: =(IF('Section Load'!I28>0,'Section Load'!I28,0)) -> 2994.51 | I25: =(IF('Section Load'!J28>0,'Section Load'!J28,0)) -> 8544.23 | J25: =(IF('Section Load'!K28>0,'Section Load'!K28,0)) -> 2995.7 | K25: =(IF('Section Load'!L28>0,'Section Load'!L28,0)) -> 1395.13 | L25: =(IF('Section Load'!M28>0,'Section Load'!M28,0)) -> 878.87 | ... AL25: =(IF('Section Load'!AM28>0,'Section Load'!AM28,0)) -> 807.61 | AM25: =(IF('Water Report'!$AA$7>0,'Water Report'!$AA$7,0)) -> 117 | AN25: =(IF('Water Report'!$AA$8>0,'Water Report'!$AA$8,0)) -> 102 | AO25: =(IF('Water Report'!$AA$9>0,'Water Report'!$AA$9,0)) -> 93 | AP25: =(IF('Water Report'!$AA$10>0,'Water Report'!$AA$10,0)) -> 12 | AQ25: =(IF('Water Report'!$AA$11>0,'Water Report'!$AA$11,0)) -> 24 | AR25: =(IF('Water Report'!$AA$13>0,'Water Report'!$AA$13,0)) -> 29 | AS25: =(IF('Water Report'!$AA$14>0,'Water Report'!$AA$14,0)) -> 10 | AT25: =(IF('Water Report'!$AA$15>0,'Water Report'!$AA$15,0)) -> 13 | AU25: =(IF('Water Report'!$AA$17>0,'Water Report'!$AA$17,0)) -> 57 | AV25: =(IF('Water Report'!$AA$18>0,'Water Report'!$AA$18,0)) -> 16 | AW25: =(IF('Water Report'!$AA$19>0,'Water Report'!$AA$19,0)) -> 11 | AX25: =(IF('Water Report'!$AA$21>0,'Water Report'!$AA$21,0)) -> 111 | AY25: =(IF('Water Report'!$AA$22>0,'Water Report'!$AA$22,0)) -> 0 | AZ25: =(IF('Water Report'!$AA$23>0,'Water Report'!$AA$23,0)) -> 14 | BA25: =(IF('Water Report'!$AA$14>0,'Water Report'!$AA$14,0)) -> 10 | BB25: =(IF('Water Report'!$AA$15>0,'Water Report'!$AA$15,0)) -> 13 | BC25: =(IF('Water Report'!$AA$13>0,'Water Report'!$AA$13,0)) -> 29 | BD25: =(IF('Water Report'!$AA$24>0,'Water Report'!$AA$24,0)) -> 235 | BE25: =(IF('Water Report'!$AA$25>0,'Water Report'!$AA$25,0)) -> 152 | BF25: =(IF('Water Report'!$AA$27>0,'Water Report'!$AA$27,0)) -> 154 | BG25: =(IF('Section Load'!AN28>0,'Section Load'!AN28,0)) -> 1071.6 | BH25: =(IF('Section Load'!AO28>0,'Section Load'!AO28,0)) -> 281.29 | BI25: =(IF('Section Load'!AP28>0,'Section Load'!AP28,0)) -> 0 | BJ25: =(IF('Section Load'!AQ28>0,'Section Load'!AQ28,0)) -> 130.9 | BK25: =(IF('Section Load'!AR28>0,'Section Load'!AR28,0)) -> 47 | BL25: =(IF('Section Load'!AS28>0,'Section Load'!AS28,0)) -> 6.2 | BM25: =(IF('Section Load'!AT28>0,'Section Load'!AT28,0)) -> 606.21
A26: Mumbai | B26: =B25+1 -> 25 | C26: 11 | D26: 2021 | E26: =(IF('Section Load'!F29>0,'Section Load'!F29,0)) -> 0 | F26: =(IF('Section Load'!G29>0,'Section Load'!G29,0)) -> 0 | G26: =(IF('Section Load'!H29>0,'Section Load'!H29,0)) -> 0 | H26: =(IF('Section Load'!I29>0,'Section Load'!I29,0)) -> 0 | I26: =(IF('Section Load'!J29>0,'Section Load'!J29,0)) -> 0 | J26: =(IF('Section Load'!K29>0,'Section Load'!K29,0)) -> 0 | K26: =(IF('Section Load'!L29>0,'Section Load'!L29,0)) -> 0 | L26: =(IF('Section Load'!M29>0,'Section Load'!M29,0)) -> 0 | ... AL26: =(IF('Section Load'!AM29>0,'Section Load'!AM29,0)) -> 0 | AM26: =(IF('Water Report'!$AB$7>0,'Water Report'!$AB$7,0)) -> 0 | AN26: =(IF('Water Report'!$AB$8>0,'Water Report'!$AB$8,0)) -> 0 | AO26: =(IF('Water Report'!$AB$9>0,'Water Report'!$AB$9,0)) -> 0 | AP26: =(IF('Water Report'!$AB$10>0,'Water Report'!$AB$10,0)) -> 0 | AQ26: =(IF('Water Report'!$AB$11>0,'Water Report'!$AB$11,0)) -> 0 | AR26: =(IF('Water Report'!$AB$13>0,'Water Report'!$AB$13,0)) -> 0 | AS26: =(IF('Water Report'!$AB$14>0,'Water Report'!$AB$14,0)) -> 0 | AT26: =(IF('Water Report'!$AB$15>0,'Water Report'!$AB$15,0)) -> 0 | AU26: =(IF('Water Report'!$AB$17>0,'Water Report'!$AB$17,0)) -> 0 | AV26: =(IF('Water Report'!$AB$18>0,'Water Report'!$AB$18,0)) -> 0 | AW26: =(IF('Water Report'!$AB$19>0,'Water Report'!$AB$19,0)) -> 0 | AX26: =(IF('Water Report'!$AB$21>0,'Water Report'!$AB$21,0)) -> 0 | AY26: =(IF('Water Report'!$AB$22>0,'Water Report'!$AB$22,0)) -> 0 | AZ26: =(IF('Water Report'!$AB$23>0,'Water Report'!$AB$23,0)) -> 0 | BA26: =(IF('Water Report'!$AB$14>0,'Water Report'!$AB$14,0)) -> 0 | BB26: =(IF('Water Report'!$AB$15>0,'Water Report'!$AB$15,0)) -> 0 | BC26: =(IF('Water Report'!$AB$13>0,'Water Report'!$AB$13,0)) -> 0 | BD26: =(IF('Water Report'!$AB$24>0,'Water Report'!$AB$24,0)) -> 0 | BE26: =(IF('Water Report'!$AB$25>0,'Water Report'!$AB$25,0)) -> 0 | BF26: =(IF('Water Report'!$AB$27>0,'Water Report'!$AB$27,0)) -> 0 | BG26: =(IF('Section Load'!AN29>0,'Section Load'!AN29,0)) -> 0 | BH26: =(IF('Section Load'!AO29>0,'Section Load'!AO29,0)) -> 0 | BI26: =(IF('Section Load'!AP29>0,'Section Load'!AP29,0)) -> 0 | BJ26: =(IF('Section Load'!AQ29>0,'Section Load'!AQ29,0)) -> 0 | BK26: =(IF('Section Load'!AR29>0,'Section Load'!AR29,0)) -> 0 | BL26: =(IF('Section Load'!AS29>0,'Section Load'!AS29,0)) -> 0 | BM26: =(IF('Section Load'!AT29>0,'Section Load'!AT29,0)) -> 0
A27: Mumbai | B27: =B26+1 -> 26 | C27: 11 | D27: 2021 | E27: =(IF('Section Load'!F30>0,'Section Load'!F30,0)) -> 3405 | F27: =(IF('Section Load'!G30>0,'Section Load'!G30,0)) -> 1587 | G27: =(IF('Section Load'!H30>0,'Section Load'!H30,0)) -> 1788 | H27: =(IF('Section Load'!I30>0,'Section Load'!I30,0)) -> 2889 | I27: =(IF('Section Load'!J30>0,'Section Load'!J30,0)) -> 6682 | J27: =(IF('Section Load'!K30>0,'Section Load'!K30,0)) -> 2994 | K27: =(IF('Section Load'!L30>0,'Section Load'!L30,0)) -> 1637 | L27: =(IF('Section Load'!M30>0,'Section Load'!M30,0)) -> 1173 | ... AL27: =(IF('Section Load'!AM30>0,'Section Load'!AM30,0)) -> 783 | AM27: =(IF('Water Report'!$AC$7>0,'Water Report'!$AC$7,0)) -> 118 | AN27: =(IF('Water Report'!$AC$8>0,'Water Report'!$AC$8,0)) -> 89 | AO27: =(IF('Water Report'!$AC$9>0,'Water Report'!$AC$9,0)) -> 98 | AP27: =(IF('Water Report'!$AC$10>0,'Water Report'!$AC$10,0)) -> 20 | AQ27: =(IF('Water Report'!$AC$11>0,'Water Report'!$AC$11,0)) -> 20 | AR27: =(IF('Water Report'!$AC$13>0,'Water Report'!$AC$13,0)) -> 54 | AS27: =(IF('Water Report'!$AC$14>0,'Water Report'!$AC$14,0)) -> 10 | AT27: =(IF('Water Report'!$AC$15>0,'Water Report'!$AC$15,0)) -> 7 | AU27: =(IF('Water Report'!$AC$17>0,'Water Report'!$AC$17,0)) -> 0 | AV27: =(IF('Water Report'!$AC$18>0,'Water Report'!$AC$18,0)) -> 16 | AW27: =(IF('Water Report'!$AC$19>0,'Water Report'!$AC$19,0)) -> 11 | AX27: =(IF('Water Report'!$AC$21>0,'Water Report'!$AC$21,0)) -> 81 | AY27: =(IF('Water Report'!$AC$22>0,'Water Report'!$AC$22,0)) -> 0 | AZ27: =(IF('Water Report'!$AC$23>0,'Water Report'!$AC$23,0)) -> 0 | BA27: =(IF('Water Report'!$AC$14>0,'Water Report'!$AC$14,0)) -> 10 | BB27: =(IF('Water Report'!$AC$15>0,'Water Report'!$AC$15,0)) -> 7 | BC27: =(IF('Water Report'!$AC$13>0,'Water Report'!$AC$13,0)) -> 54 | BD27: =(IF('Water Report'!$AC$24>0,'Water Report'!$AC$24,0)) -> 268 | BE27: =(IF('Water Report'!$AC$25>0,'Water Report'!$AC$25,0)) -> 155 | BF27: =(IF('Water Report'!$AC$27>0,'Water Report'!$AC$27,0)) -> 135 | BG27: =(IF('Section Load'!AN30>0,'Section Load'!AN30,0)) -> 1051 | BH27: =(IF('Section Load'!AO30>0,'Section Load'!AO30,0)) -> 278 | BI27: =(IF('Section Load'!AP30>0,'Section Load'!AP30,0)) -> 0 | BJ27: =(IF('Section Load'!AQ30>0,'Section Load'!AQ30,0)) -> 85 | BK27: =(IF('Section Load'!AR30>0,'Section Load'!AR30,0)) -> 48 | BL27: =(IF('Section Load'!AS30>0,'Section Load'!AS30,0)) -> 4 | BM27: =(IF('Section Load'!AT30>0,'Section Load'!AT30,0)) -> 636
A28: Mumbai | B28: =B27+1 -> 27 | C28: 11 | D28: 2021 | E28: =(IF('Section Load'!F31>0,'Section Load'!F31,0)) -> 3550 | F28: =(IF('Section Load'!G31>0,'Section Load'!G31,0)) -> 1560 | G28: =(IF('Section Load'!H31>0,'Section Load'!H31,0)) -> 1787 | H28: =(IF('Section Load'!I31>0,'Section Load'!I31,0)) -> 2898 | I28: =(IF('Section Load'!J31>0,'Section Load'!J31,0)) -> 5951.87 | J28: =(IF('Section Load'!K31>0,'Section Load'!K31,0)) -> 2845 | K28: =(IF('Section Load'!L31>0,'Section Load'!L31,0)) -> 1482 | L28: =(IF('Section Load'!M31>0,'Section Load'!M31,0)) -> 911 | ... AL28: =(IF('Section Load'!AM31>0,'Section Load'!AM31,0)) -> 782 | AM28: =(IF('Water Report'!$AD$7>0,'Water Report'!$AD$7,0)) -> 96 | AN28: =(IF('Water Report'!$AD$8>0,'Water Report'!$AD$8,0)) -> 79 | AO28: =(IF('Water Report'!$AD$9>0,'Water Report'!$AD$9,0)) -> 85 | AP28: =(IF('Water Report'!$AD$10>0,'Water Report'!AD$10,0)) -> 18 | AQ28: =(IF('Water Report'!$AD$11>0,'Water Report'!AE$11,0)) -> 24 | AR28: =(IF('Water Report'!$AD$13>0,'Water Report'!AF$13,0)) -> 38 | AS28: =(IF('Water Report'!$AD$14>0,'Water Report'!AG$14,0)) -> 11 | AT28: =(IF('Water Report'!$AD$15>0,'Water Report'!AH$15,0)) -> 12 | AU28: =(IF('Water Report'!$AD$17>0,'Water Report'!AI$17,0)) -> 0 | AV28: =(IF('Water Report'!$AD$18>0,'Water Report'!AJ$18,0)) -> 0 | AW28: =(IF('Water Report'!$AD$19>0,'Water Report'!AK$19,0)) -> 0 | AX28: =(IF('Water Report'!$AD$21>0,'Water Report'!AL$21,0)) -> 0 | AY28: =(IF('Water Report'!$AD$22>0,'Water Report'!AM$22,0)) -> 0 | AZ28: =(IF('Water Report'!$AD$23>0,'Water Report'!AN$23,0)) -> 0 | BA28: =(IF('Water Report'!$AD$14>0,'Water Report'!AO$14,0)) -> 0 | BB28: =(IF('Water Report'!$AD$15>0,'Water Report'!AP$15,0)) -> 0 | BC28: =(IF('Water Report'!$AD$13>0,'Water Report'!AQ$13,0)) -> 0 | BD28: =(IF('Water Report'!$AD$24>0,'Water Report'!AR$24,0)) -> 0 | BE28: =(IF('Water Report'!$AD$25>0,'Water Report'!AS$25,0)) -> 0 | BF28: =(IF('Water Report'!$AD$27>0,'Water Report'!AT$27,0)) -> 0 | BG28: =(IF('Section Load'!AN31>0,'Section Load'!AN31,0)) -> 990 | BH28: =(IF('Section Load'!AO31>0,'Section Load'!AO31,0)) -> 292 | BI28: =(IF('Section Load'!AP31>0,'Section Load'!AP31,0)) -> 0 | BJ28: =(IF('Section Load'!AQ31>0,'Section Load'!AQ31,0)) -> 103 | BK28: =(IF('Section Load'!AR31>0,'Section Load'!AR31,0)) -> 48 | BL28: =(IF('Section Load'!AS31>0,'Section Load'!AS31,0)) -> 1 | BM28: =(IF('Section Load'!AT31>0,'Section Load'!AT31,0)) -> 546
A29: Mumbai | B29: =B28+1 -> 28 | C29: 11 | D29: 2021 | E29: =(IF('Section Load'!F32>0,'Section Load'!F32,0)) -> 3623 | F29: =(IF('Section Load'!G32>0,'Section Load'!G32,0)) -> 1572 | G29: =(IF('Section Load'!H32>0,'Section Load'!H32,0)) -> 1758 | H29: =(IF('Section Load'!I32>0,'Section Load'!I32,0)) -> 2896 | I29: =(IF('Section Load'!J32>0,'Section Load'!J32,0)) -> 4898.13 | J29: =(IF('Section Load'!K32>0,'Section Load'!K32,0)) -> 2613 | K29: =(IF('Section Load'!L32>0,'Section Load'!L32,0)) -> 1186 | L29: =(IF('Section Load'!M32>0,'Section Load'!M32,0)) -> 823 | ... AL29: =(IF('Section Load'!AM32>0,'Section Load'!AM32,0)) -> 786 | AM29: =(IF('Water Report'!$AE$7>0,'Water Report'!$AE$7,0)) -> 112 | AN29: =(IF('Water Report'!$AE$8>0,'Water Report'!$AE$8,0)) -> 104 | AO29: =(IF('Water Report'!$AE$9>0,'Water Report'!$AE$9,0)) -> 103 | AP29: =(IF('Water Report'!$AE$10>0,'Water Report'!$AE$10,0)) -> 17 | AQ29: =(IF('Water Report'!$AE$11>0,'Water Report'!$AE$11,0)) -> 24 | AR29: =(IF('Water Report'!$AE$13>0,'Water Report'!$AE$13,0)) -> 49 | AS29: =(IF('Water Report'!$AE$14>0,'Water Report'!$AE$14,0)) -> 12 | AT29: =(IF('Water Report'!$AE$15>0,'Water Report'!$AE$15,0)) -> 5 | AU29: =(IF('Water Report'!$AE$17>0,'Water Report'!$AE$17,0)) -> 0 | AV29: =(IF('Water Report'!$AE$18>0,'Water Report'!$AE$18,0)) -> 15 | AW29: =(IF('Water Report'!$AE$19>0,'Water Report'!$AE$19,0)) -> 15 | AX29: =(IF('Water Report'!$AE$21>0,'Water Report'!$AE$21,0)) -> 88 | AY29: =(IF('Water Report'!$AE$22>0,'Water Report'!$AE$22,0)) -> 0 | AZ29: =(IF('Water Report'!$AE$23>0,'Water Report'!$AE$23,0)) -> 6 | BA29: =(IF('Water Report'!$AE$14>0,'Water Report'!$AE$14,0)) -> 12 | BB29: =(IF('Water Report'!$AE$15>0,'Water Report'!$AE$15,0)) -> 5 | BC29: =(IF('Water Report'!$AE$13>0,'Water Report'!$AE$13,0)) -> 49 | BD29: =(IF('Water Report'!$AE$24>0,'Water Report'!$AE$24,0)) -> 252 | BE29: =(IF('Water Report'!$AE$25>0,'Water Report'!$AE$25,0)) -> 161 | BF29: =(IF('Water Report'!$AE$27>0,'Water Report'!$AE$27,0)) -> 143 | BG29: =(IF('Section Load'!AN32>0,'Section Load'!AN32,0)) -> 1091 | BH29: =(IF('Section Load'!AO32>0,'Section Load'!AO32,0)) -> 296 | BI29: =(IF('Section Load'!AP32>0,'Section Load'!AP32,0)) -> 0 | BJ29: =(IF('Section Load'!AQ32>0,'Section Load'!AQ32,0)) -> 112 | BK29: =(IF('Section Load'!AR32>0,'Section Load'!AR32,0)) -> 46 | BL29: =(IF('Section Load'!AS32>0,'Section Load'!AS32,0)) -> 3 | BM29: =(IF('Section Load'!AT32>0,'Section Load'!AT32,0)) -> 634
A30: Mumbai | B30: =B29+1 -> 29 | C30: 11 | D30: 2021 | E30: =(IF('Section Load'!F33>0,'Section Load'!F33,0)) -> 3628 | F30: =(IF('Section Load'!G33>0,'Section Load'!G33,0)) -> 1567 | G30: =(IF('Section Load'!H33>0,'Section Load'!H33,0)) -> 1767 | H30: =(IF('Section Load'!I33>0,'Section Load'!I33,0)) -> 2897 | I30: =(IF('Section Load'!J33>0,'Section Load'!J33,0)) -> 4614.63 | J30: =(IF('Section Load'!K33>0,'Section Load'!K33,0)) -> 2596 | K30: =(IF('Section Load'!L33>0,'Section Load'!L33,0)) -> 1480 | L30: =(IF('Section Load'!M33>0,'Section Load'!M33,0)) -> 1004 | ... AL30: =(IF('Section Load'!AM33>0,'Section Load'!AM33,0)) -> 791 | AM30: =(IF('Water Report'!$AF$7>0,'Water Report'!$AF$7,0)) -> 108 | AN30: =(IF('Water Report'!$AF$8>0,'Water Report'!$AF$8,0)) -> 68 | AO30: =(IF('Water Report'!$AF$9>0,'Water Report'!$AF$9,0)) -> 95 | AP30: =(IF('Water Report'!$AF$10>0,'Water Report'!$AF$10,0)) -> 17 | AQ30: =(IF('Water Report'!$AF$11>0,'Water Report'!$AF$11,0)) -> 27 | AR30: =(IF('Water Report'!$AF$13>0,'Water Report'!$AF$13,0)) -> 38 | AS30: =(IF('Water Report'!$AF$14>0,'Water Report'!$AF$14,0)) -> 20 | AT30: =(IF('Water Report'!$AF$15>0,'Water Report'!$AF$15,0)) -> 17 | AU30: =(IF('Water Report'!$AF$17>0,'Water Report'!$AF$17,0)) -> 0 | AV30: =(IF('Water Report'!$AF$18>0,'Water Report'!$AF$18,0)) -> 13 | AW30: =(IF('Water Report'!$AF$19>0,'Water Report'!$AF$19,0)) -> 9 | AX30: =(IF('Water Report'!$AF$21>0,'Water Report'!$AF$21,0)) -> 69 | AY30: =(IF('Water Report'!$AF$22>0,'Water Report'!$AF$22,0)) -> 0 | AZ30: =(IF('Water Report'!$AF$23>0,'Water Report'!$AF$23,0)) -> 16 | BA30: =(IF('Water Report'!$AF$14>0,'Water Report'!$AF$14,0)) -> 20 | BB30: =(IF('Water Report'!$AF$15>0,'Water Report'!$AF$15,0)) -> 17 | BC30: =(IF('Water Report'!$AF$13>0,'Water Report'!$AF$13,0)) -> 38 | BD30: =(IF('Water Report'!$AF$24>0,'Water Report'!$AF$24,0)) -> 241 | BE30: =(IF('Water Report'!$AF$25>0,'Water Report'!$AF$25,0)) -> 176 | BF30: =(IF('Water Report'!$AF$27>0,'Water Report'!$AF$27,0)) -> 123 | BG30: =(IF('Section Load'!AN33>0,'Section Load'!AN33,0)) -> 1008 | BH30: =(IF('Section Load'!AO33>0,'Section Load'!AO33,0)) -> 284 | BI30: =(IF('Section Load'!AP33>0,'Section Load'!AP33,0)) -> 0 | BJ30: =(IF('Section Load'!AQ33>0,'Section Load'!AQ33,0)) -> 96 | BK30: =(IF('Section Load'!AR33>0,'Section Load'!AR33,0)) -> 44 | BL30: =(IF('Section Load'!AS33>0,'Section Load'!AS33,0)) -> 2 | BM30: =(IF('Section Load'!AT33>0,'Section Load'!AT33,0)) -> 582
A31: Mumbai | B31: =B30+1 -> 30 | C31: 11 | D31: 2021 | E31: =(IF('Section Load'!F34>0,'Section Load'!F34,0)) -> 3428 | F31: =(IF('Section Load'!G34>0,'Section Load'!G34,0)) -> 1613 | G31: =(IF('Section Load'!H34>0,'Section Load'!H34,0)) -> 1863 | H31: =(IF('Section Load'!I34>0,'Section Load'!I34,0)) -> 2973 | I31: =(IF('Section Load'!J34>0,'Section Load'!J34,0)) -> 4439.37 | J31: =(IF('Section Load'!K34>0,'Section Load'!K34,0)) -> 2543 | K31: =(IF('Section Load'!L34>0,'Section Load'!L34,0)) -> 1355 | L31: =(IF('Section Load'!M34>0,'Section Load'!M34,0)) -> 816 | ... AL31: =(IF('Section Load'!AM34>0,'Section Load'!AM34,0)) -> 761 | AM31: =(IF('Water Report'!$AG$7>0,'Water Report'!$AG$7,0)) -> 106 | AN31: =(IF('Water Report'!$AG$8>0,'Water Report'!$AG$8,0)) -> 107 | AO31: =(IF('Water Report'!$AG$9>0,'Water Report'!$AG$9,0)) -> 95 | AP31: =(IF('Water Report'!$AG$10>0,'Water Report'!$DAG$10,0)) -> 0 | AQ31: =(IF('Water Report'!$AG$11>0,'Water Report'!$DAG$11,0)) -> 0 | AR31: =(IF('Water Report'!$AG$13>0,'Water Report'!$DAG$13,0)) -> 0 | AS31: =(IF('Water Report'!$AG$14>0,'Water Report'!$DAG$14,0)) -> 0 | AT31: =(IF('Water Report'!$AG$15>0,'Water Report'!$DAG$15,0)) -> 0 | AU31: =(IF('Water Report'!$AG$17>0,'Water Report'!$DAG$17,0)) -> 0 | AV31: =(IF('Water Report'!$AG$18>0,'Water Report'!$DAG$18,0)) -> 0 | AW31: =(IF('Water Report'!$AG$19>0,'Water Report'!$DAG$19,0)) -> 0 | AX31: =(IF('Water Report'!$AG$21>0,'Water Report'!$DAG$21,0)) -> 0 | AY31: =(IF('Water Report'!$AG$22>0,'Water Report'!$DAG$22,0)) -> 0 | AZ31: =(IF('Water Report'!$AG$23>0,'Water Report'!$DAG$23,0)) -> 0 | BA31: =(IF('Water Report'!$AG$14>0,'Water Report'!$DAG$14,0)) -> 0 | BB31: =(IF('Water Report'!$AG$15>0,'Water Report'!$DAG$15,0)) -> 0 | BC31: =(IF('Water Report'!$AG$13>0,'Water Report'!$DAG$13,0)) -> 0 | BD31: =(IF('Water Report'!$AG$24>0,'Water Report'!$DAG$24,0)) -> 0 | BE31: =(IF('Water Report'!$AG$25>0,'Water Report'!$DAG$25,0)) -> 0 | BF31: =(IF('Water Report'!$AG$27>0,'Water Report'!$DAG$27,0)) -> 0 | BG31: =(IF('Section Load'!AN34>0,'Section Load'!AN34,0)) -> 988 | BH31: =(IF('Section Load'!AO34>0,'Section Load'!AO34,0)) -> 293 | BI31: =(IF('Section Load'!AP34>0,'Section Load'!AP34,0)) -> 0 | BJ31: =(IF('Section Load'!AQ34>0,'Section Load'!AQ34,0)) -> 90 | BK31: =(IF('Section Load'!AR34>0,'Section Load'!AR34,0)) -> 52 | BL31: =(IF('Section Load'!AS34>0,'Section Load'!AS34,0)) -> 4 | BM31: =(IF('Section Load'!AT34>0,'Section Load'!AT34,0)) -> 549
A32: Mumbai | B32: =B31+1 -> 31 | C32: 11 | D32: 2021 | E32: =(IF('Section Load'!F35>0,'Section Load'!F35,0)) -> 3463.06 | F32: =(IF('Section Load'!G35>0,'Section Load'!G35,0)) -> 1594.83 | G32: =(IF('Section Load'!H35>0,'Section Load'!H35,0)) -> 1838.04 | H32: =(IF('Section Load'!I35>0,'Section Load'!I35,0)) -> 2988.05 | I32: =(IF('Section Load'!J35>0,'Section Load'!J35,0)) -> 4806.79 | J32: =(IF('Section Load'!K35>0,'Section Load'!K35,0)) -> 2606.4 | K32: =(IF('Section Load'!L35>0,'Section Load'!L35,0)) -> 1308.31 | L32: =(IF('Section Load'!M35>0,'Section Load'!M35,0)) -> 684.67 | ... AL32: =(IF('Section Load'!AM35>0,'Section Load'!AM35,0)) -> 761.29 | AM32: =(IF('Water Report'!$AH$7>0,'Water Report'!$AH$7,0)) -> 125 | AN32: =(IF('Water Report'!$AH$8>0,'Water Report'!$AH$8,0)) -> 149 | AO32: =(IF('Water Report'!$AH$9>0,'Water Report'!$AH$9,0)) -> 112 | AP32: =(IF('Water Report'!$AH$10>0,'Water Report'!$DAH$10,0)) -> 0 | AQ32: =(IF('Water Report'!$AH$11>0,'Water Report'!$DAH$11,0)) -> 0 | AR32: =(IF('Water Report'!$AH$13>0,'Water Report'!$DAH$13,0)) -> 0 | AS32: =(IF('Water Report'!$AH$14>0,'Water Report'!$DAH$14,0)) -> 0 | AT32: =(IF('Water Report'!$AH$15>0,'Water Report'!$DAH$15,0)) -> 0 | AU32: =(IF('Water Report'!$AH$17>0,'Water Report'!$DAH$17,0)) -> 0 | AV32: =(IF('Water Report'!$AH$18>0,'Water Report'!$DAH$18,0)) -> 0 | AW32: =(IF('Water Report'!$AH$19>0,'Water Report'!$DAH$19,0)) -> 0 | AX32: =(IF('Water Report'!$AH$21>0,'Water Report'!$DAH$21,0)) -> 0 | AY32: =(IF('Water Report'!$AH$22>0,'Water Report'!$DAH$22,0)) -> 0 | AZ32: =(IF('Water Report'!$AH$23>0,'Water Report'!$DAH$23,0)) -> 0 | BA32: =(IF('Water Report'!$AH$14>0,'Water Report'!$DAH$14,0)) -> 0 | BB32: =(IF('Water Report'!$AH$15>0,'Water Report'!$DAH$15,0)) -> 0 | BC32: =(IF('Water Report'!$AH$13>0,'Water Report'!$DAH$13,0)) -> 0 | BD32: =(IF('Water Report'!$AH$24>0,'Water Report'!$DAH$24,0)) -> 0 | BE32: =(IF('Water Report'!$AH$25>0,'Water Report'!$DAH$25,0)) -> 0 | BF32: =(IF('Water Report'!$AH$27>0,'Water Report'!$DAH$27,0)) -> 0 | BG32: =(IF('Section Load'!AN35>0,'Section Load'!AN35,0)) -> 1024.96 | BH32: =(IF('Section Load'!AO35>0,'Section Load'!AO35,0)) -> 292.231 | BI32: =(IF('Section Load'!AP35>0,'Section Load'!AP35,0)) -> 0 | BJ32: =(IF('Section Load'!AQ35>0,'Section Load'!AQ35,0)) -> 88.5 | BK32: =(IF('Section Load'!AR35>0,'Section Load'!AR35,0)) -> 44.5 | BL32: =(IF('Section Load'!AS35>0,'Section Load'!AS35,0)) -> 1.4 | BM32: =(IF('Section Load'!AT35>0,'Section Load'!AT35,0)) -> 598.329

Sheet Daily HLP
A2: Date | B2: Date | C2: Min.Tem (Degee) | D2: Avg.Temp (Degree) | E2: Hum % | F2: Occu. | H2: Electricity | L2: Gas | O2: Water | R2: Water per occiped room | S2: Diesel | V2: Water Consumption Zone | Z2: Chiller Running Hrs | AE2: Chiller Total | AF2: Chiller Avg. Laod | AG2: Boiler Running Hrs | AJ2: Total boiler | AK2: Hot Water Generator | AN2: Total HWG RH | AO2: HWG Gas consumption | AP2: Transformer -1 | AZ2: Transformer -2 | BN2: Total HLP Cost | BP2: Chiller lock at 70%
F3: % | G3: KwH | H3: Units (Kvah) | I3: Rate | J3: Total Cost(Rs) | K3: Per room | L3: Total Units(CuM) | M3: Rate | N3: Total Cost(Rs) | O3: Units(KL) | P3: Rate | Q3: Total Cost(Rs) | S3: Ltrs | T3: Rate | U3: Total Cost(Rs) | V3: Zone-1 | W3: Zone-2 | X3: Zone-3 | Z3: CH1 | AA3: CH2 | AB3: CH3 | AC3: CH4 | AD3: Total chiller | AG3: Boiler1 | AH3: Boiler2 | AI3: Boiler3 | AK3: HWG1 | AL3: HWG2 | AP3: HVAC-1 | AQ3: FPP-1 | AR3: MPP | AS3: Lighting-1 | AT3: Cap bank 1100KVAR-1 | AU3: CH-1 | AV3: CH-2 | AW3: Chilled water Pump | AX3: Co Generator | AY3: Ball Room-2 | AZ3: HVAC-2 | BA3: FPP-2 | BB3: MPP | BC3: Lighting-2 | BD3: Cap bank 1200KVAR-2 | BE3: CH-3 | BF3: CH-4 | BG3: Chilled water Pump | BH3: Ball Room-1 | BJ3: Cooling Tower consumption | BK3: HVAC% | BL3: Lighting% | BM3: Power% | BO3: Chiller Plant IKW
A4: 1 | B4: 1 | D4: ='1'!D3 -> 28 | E4: ='1'!D4 -> 0.9 | F4: ='1'!D2 -> 0.51 | G4: ='1'!G7 -> 21371.49 | H4: ='1'!G8 -> 21808.97 | I4: 9 | J4: =H4*I4 -> 196280.73 | K4: =H4/202 -> 107.9652 | L4: ='1'!G15 -> 1029.03 | M4: 56.2 | N4: =L4*M4 -> 57831.486 | O4: ='1'!G20 -> 237 | P4: 108 | Q4: =O4*P4 -> 25596 | R4: =O4/(F4*202/100) -> 230.05242 | S4: ='1'!G24 -> 0 | T4: 69 | U4: =S4*T4 -> 0 | V4: ='1'!G65 -> 97 | W4: ='1'!G66 -> 23 | X4: ='1'!G67 -> 30 | Y4: =V4+W4+X4 -> 150 | Z4: ='1'!G84 -> 0 | AA4: ='1'!G85 -> 0 | AB4: ='1'!G86 -> 0.47 | AC4: ='1'!G87 -> 24.31 | AD4: =Z4+AA4+AB4+AC4 -> 24.78 | AE4: =AU4+AV4+BE4+BF4 -> 5549.16 | AF4: =AE4/AD4 -> 223.93705 | AG4: ='1'!G88 -> 9.66 | AH4: ='1'!G89 -> 0 | AI4: ='1'!G90 -> 5.78 | AJ4: =AG4+AH4+AI4 -> 15.44 | AK4: ='1'!G91 -> 0 | AL4: ='1'!G92 -> 10.31 | AN4: =AK4+AL4 -> 10.31 | AO4: ='1'!G74 -> 294.149 | AP4: ='1'!G35 -> 1772.96 | AQ4: ='1'!G37 -> 1604.96 | AR4: ='1'!G38 -> 1846.14 | AS4: ='1'!G39 -> 2900.04 | AT4: ='1'!G40 -> 0.03 | AU4: ='1'!G41 -> 0 | AV4: ='1'!G42 -> -0.04 | AW4: ='1'!G43 -> 2600.9 | AX4: ='1'!G44 -> 0 | AY4: ='1'!G36 -> 683.28 | AZ4: ='1'!G49 -> 1420 | BA4: ='1'!G51 -> 0 | BB4: ='1'!G52 -> 0 | BC4: ='1'!G53 -> 0 | BD4: ='1'!G54 -> 4.51 | BE4: ='1'!G55 -> 0 | BF4: ='1'!G56 -> 5549.2 | BG4: ='1'!G57 -> 0 | BH4: ='1'!G50 -> 1026.96 | BI4: =SUM(AU4,AV4,BE4,BF4) -> 5549.16 | BJ4: ='1'!G133 -> 604.29 | BK4: =SUM(AP4,AU4,AV4,AW4,AZ4,BE4,BF4,BG4)/H4% -> 52.010801 | BL4: =SUM(AS4,BC4)/H4% -> 13.297464 | BM4: =(AR4+BB4)/H4 -> 0.08465049 | BN4: =J4+N4+Q4+U4 -> 279708.22 | BO4: =SUM(AU4,AV4,AW4,BE4,BF4,BG4,BJ4) -> 8754.35 | BP4: =BO4/(AD4*280) -> 1.2617246 | BQ4: =SUM(AU4,AV4,BE4,BF4)/(AD4*400) -> 0.55984262
A5: 2 | B5: 2 | D5: ='2'!D3 -> 28 | E5: ='2'!D4 -> 0.9 | F5: ='2'!D2 -> 0.51 | G5: ='2'!G7 -> 22482.88 | H5: ='2'!G8 -> 22954.08 | I5: 9 | J5: =H5*I5 -> 206586.72 | K5: =H5/202 -> 113.63406 | L5: ='2'!G15 -> 946.85 | M5: 56.2 | N5: =L5*M5 -> 53212.97 | O5: ='2'!G20 -> 270 | P5: 108 | Q5: =O5*P5 -> 29160 | R5: =O5/(F5*202/100) -> 262.08503 | S5: ='2'!G24 -> 0 | T5: 69 | U5: =S5*T5 -> 0 | V5: ='2'!F65 -> 426411 | W5: ='2'!G66 -> 18 | X5: ='2'!G67 -> 24 | Y5: =V5+W5+X5 -> 426453 | Z5: ='2'!G84 -> 3.44 | AA5: ='2'!G85 -> 0 | AB5: ='2'!G86 -> 0 | AC5: ='2'!G87 -> 23.69 | AD5: =Z5+AA5+AB5+AC5 -> 27.13 | AE5: =AU5+AV5+BE5+BF5 -> 6250.29 | AF5: =AE5/AD5 -> 230.38297 | AG5: ='2'!G88 -> 0 | AH5: ='2'!G89 -> 9.56 | AI5: ='2'!G90 -> 3.67 | AJ5: =AG5+AH5+AI5 -> 13.23 | AK5: ='2'!G91 -> 0 | AL5: ='2'!G92 -> 10.29 | AN5: =AK5+AL5 -> 10.29 | AO5: ='2'!G74 -> 292.8 | AP5: ='2'!G35 -> 1996.97 | AQ5: ='2'!G37 -> 1550.52 | AR5: ='2'!G38 -> 1770.99 | AS5: ='2'!G39 -> 2945.4 | AT5: ='2'!G40 -> 1.4 | AU5: ='2'!G41 -> 687.88 | AV5: ='2'!G42 -> 0 | AW5: ='2'!G43 -> 2747.8 | AX5: ='2'!G44 -> 0 | AY5: ='2'!G36 -> 757.12 | AZ5: ='2'!G49 -> 1508.4 | BA5: ='2'!G51 -> 0 | BB5: ='2'!G52 -> 0 | BC5: ='2'!G53 -> 0 | BD5: ='2'!G54 -> 4.89 | BE5: ='2'!G55 -> 0 | BF5: ='2'!G56 -> 5562.41 | BG5: ='2'!G57 -> 0 | BH5: ='2'!G50 -> 1026.48 | BI5: =SUM(AU5,AV5,BE5,BF5) -> 6250.29 | BJ5: ='2'!G133 -> 675.56 | BK5: =SUM(AP5,AU5,AV5,AW5,AZ5,BE5,BF5,BG5)/H5% -> 54.471623 | BL5: =SUM(AS5,BC5)/H5% -> 12.831706 | BM5: =(AR5+BB5)/H5 -> 0.077153604 | BN5: =J5+N5+Q5+U5 -> 288959.69 | BO5: =SUM(AU5,AV5,AW5,BE5,BF5,BG5,BJ5) -> 9673.65 | BP5: =BO5/(AD5*280) -> 1.2734519
A6: 3 | B6: 3 | D6: ='3'!D3 -> 28 | E6: ='3'!D4 -> 0.9 | F6: ='3'!D2 -> 0.51 | G6: ='3'!G7 -> 21968.68 | H6: ='3'!G8 -> 22487.75 | I6: 9 | J6: =H6*I6 -> 202389.75 | K6: =H6/202 -> 111.3255 | L6: ='3'!G15 -> 955.49 | M6: 56.2 | N6: =L6*M6 -> 53698.538 | O6: ='3'!G20 -> 279 | P6: 108 | Q6: =O6*P6 -> 30132 | R6: =O6/(F6*202/100) -> 270.8212 | S6: ='3'!G24 -> 0 | T6: 69 | U6: =S6*T6 -> 0 | V6: ='3'!G65 -> 121 | W6: ='3'!G66 -> 17 | X6: ='3'!G67 -> 19 | Y6: =V6+W6+X6 -> 157 | Z6: ='3'!G84 -> 0 | AA6: ='3'!G85 -> 0 | AB6: ='3'!G86 -> 0 | AC6: ='3'!G87 -> 24 | AD6: =Z6+AA6+AB6+AC6 -> 24 | AE6: =AU6+AV6+BE6+BF6 -> 5371.22 | AF6: =AE6/AD6 -> 223.80083 | AG6: ='3'!G88 -> 8.79 | AH6: ='3'!G89 -> 0 | AI6: ='3'!G90 -> 2.75 | AJ6: =AG6+AH6+AI6 -> 11.54 | AK6: ='3'!G91 -> 0 | AL6: ='3'!G92 -> 10.25 | AN6: =AK6+AL6 -> 10.25 | AO6: ='3'!G74 -> 291.926 | AP6: ='3'!G35 -> 2088.51 | AQ6: ='3'!G37 -> 1629.46 | AR6: ='3'!G38 -> 1944.71 | AS6: ='3'!G39 -> 2961.16 | AT6: ='3'!G40 -> 3.6 | AU6: ='3'!G41 -> 0 | AV6: ='3'!G42 -> 0.2 | AW6: ='3'!G43 -> 2695.4 | AX6: ='3'!G44 -> 0 | AY6: ='3'!G36 -> 684.49 | AZ6: ='3'!G49 -> 1685.72 | BA6: ='3'!G51 -> 0 | BB6: ='3'!G52 -> 0 | BC6: ='3'!G53 -> 0 | BD6: ='3'!G54 -> 4.85 | BE6: ='3'!G55 -> 0 | BF6: ='3'!G56 -> 5371.02 | BG6: ='3'!G57 -> 0 | BH6: ='3'!G50 -> 960.16 | BI6: =SUM(AU6,AV6,BE6,BF6) -> 5371.22 | BJ6: ='3'!G133 -> 815.11 | BK6: =SUM(AP6,AU6,AV6,AW6,AZ6,BE6,BF6,BG6)/H6% -> 52.654668 | BL6: =SUM(AS6,BC6)/H6% -> 13.16788 | BM6: =(AR6+BB6)/H6 -> 0.086478638 | BN6: =J6+N6+Q6+U6 -> 286220.29 | BO6: =SUM(AU6,AV6,AW6,BE6,BF6,BG6,BJ6) -> 8881.73 | BP6: =BO6/(AD6*280) -> 1.321686
A7: 4 | B7: 4 | D7: ='4'!D3 -> 28 | E7: ='4'!D4 -> 0.9 | F7: ='4'!D2 -> 0.68 | G7: ='4'!G7 -> 20341.48 | H7: ='4'!G8 -> 20833.41 | I7: 9 | J7: =H7*I7 -> 187500.69 | K7: =H7/202 -> 103.13569 | L7: ='4'!G15 -> 914.75 | M7: 56.2 | N7: =L7*M7 -> 51408.95 | O7: ='4'!G20 -> 239 | P7: 108 | Q7: =O7*P7 -> 25812 | R7: =O7/(F7*202/100) -> 173.99534 | S7: ='4'!G24 -> 0 | T7: 69 | U7: =S7*T7 -> 0 | V7: ='4'!G65 -> 85 | W7: ='4'!G66 -> 17 | X7: ='4'!G67 -> 17 | Y7: =V7+W7+X7 -> 119 | Z7: ='4'!G84 -> 0 | AA7: ='4'!G85 -> 0 | AB7: ='4'!G86 -> 0 | AC7: ='4'!G87 -> 24 | AD7: =Z7+AA7+AB7+AC7 -> 24 | AE7: =AU7+AV7+BE7+BF7 -> 5066.5 | AF7: =AE7/AD7 -> 211.10417 | AG7: ='4'!G88 -> 9.2 | AH7: ='4'!G89 -> 0 | AI7: ='4'!G90 -> 0.01 | AJ7: =AG7+AH7+AI7 -> 9.21 | AK7: ='4'!G91 -> 0 | AL7: ='4'!G92 -> 9.8 | AN7: =AK7+AL7 -> 9.8 | AO7: ='4'!G74 -> 278.424 | AP7: ='4'!G35 -> 1971.49 | AQ7: ='4'!G37 -> 1438.9 | AR7: ='4'!G38 -> 1642.61 | AS7: ='4'!G39 -> 2745.68 | AT7: ='4'!G40 -> 4.1 | AU7: ='4'!G41 -> 0 | AV7: ='4'!G42 -> -0.2 | AW7: ='4'!G43 -> 2524.2 | AX7: ='4'!G44 -> 0 | AY7: ='4'!G36 -> 640.12 | AZ7: ='4'!G49 -> 1643.02 | BA7: ='4'!G51 -> 0 | BB7: ='4'!G52 -> 0 | BC7: ='4'!G53 -> 0 | BD7: ='4'!G54 -> 4.6 | BE7: ='4'!G55 -> 0 | BF7: ='4'!G56 -> 5066.7 | BG7: ='4'!G57 -> 0 | BH7: ='4'!G50 -> 884 | BI7: =SUM(AU7,AV7,BE7,BF7) -> 5066.5 | BJ7: ='3'!G133 -> 815.11 | BK7: =SUM(AP7,AU7,AV7,AW7,AZ7,BE7,BF7,BG7)/H7% -> 53.78481 | BL7: =SUM(AS7,BC7)/H7% -> 13.179216 | BM7: =(AR7+BB7)/H7 -> 0.07884499 | BN7: =J7+N7+Q7+U7 -> 264721.64 | BO7: =SUM(AU7,AV7,AW7,BE7,BF7,BG7,BJ7) -> 8405.81 | BP7: =BO7/(AD7*280) -> 1.2508646
A8: 5 | B8: 5 | D8: ='5'!D3 -> 29 | E8: ='5'!D4 -> 0.7 | F8: ='5'!D2 -> 0.38 | G8: ='5'!G7 -> 23751.17 | H8: ='5'!G8 -> 24186.89 | I8: 9 | J8: =H8*I8 -> 217682.01 | K8: =H8/202 -> 119.73708 | L8: ='5'!G15 -> 889.92 | M8: 56.2 | N8: =L8*M8 -> 50013.504 | O8: ='5'!G20 -> 159 | P8: 108 | Q8: =O8*P8 -> 17172 | R8: =O8/(F8*202/100) -> 207.13913 | S8: ='5'!G24 -> 0 | T8: 69 | U8: =S8*T8 -> 0 | V8: ='5'!G65 -> 72 | W8: ='5'!G66 -> 13 | X8: ='5'!G67 -> 30 | Y8: =V8+W8+X8 -> 115 | Z8: ='5'!G84 -> 0 | AA8: ='5'!G85 -> 9 | AB8: ='5'!G86 -> 0 | AC8: ='5'!G87 -> 24 | AD8: =Z8+AA8+AB8+AC8 -> 33 | AE8: =AU8+AV8+BE8+BF8 -> 6887.75 | AF8: =AE8/AD8 -> 208.7197 | AG8: ='5'!G88 -> 7.33 | AH8: ='5'!G89 -> 0 | AI8: ='5'!G90 -> 3.67 | AJ8: =AG8+AH8+AI8 -> 11 | AK8: ='5'!G91 -> 0 | AL8: ='5'!G92 -> 10.16 | AN8: =AK8+AL8 -> 10.16 | AO8: ='5'!G74 -> 289.47 | AP8: ='5'!G35 -> 1911.4 | AQ8: ='5'!G37 -> 1602.33 | AR8: ='5'!G38 -> 1798.51 | AS8: ='5'!G39 -> 2856.67 | AT8: ='5'!G40 -> 3.5 | AU8: ='5'!G41 -> 0 | AV8: ='5'!G42 -> 1735.37 | AW8: ='5'!G43 -> 2973.3 | AX8: ='5'!G44 -> 0 | AY8: ='5'!G36 -> 903.32 | AZ8: ='5'!G49 -> 1686.47 | BA8: ='5'!G51 -> 0 | BB8: ='5'!G52 -> 0 | BC8: ='5'!G53 -> 0 | BD8: ='5'!G54 -> 4.66 | BE8: ='5'!G55 -> 0 | BF8: ='5'!G56 -> 5152.38 | BG8: ='5'!G57 -> 0 | BH8: ='5'!G50 -> 1183.09 | BI8: =SUM(AU8,AV8,BE8,BF8) -> 6887.75 | BJ8: ='5'!G133 -> 815.59 | BK8: =SUM(AP8,AU8,AV8,AW8,AZ8,BE8,BF8,BG8)/H8% -> 55.645517 | BL8: =SUM(AS8,BC8)/H8% -> 11.81082 | BM8: =(AR8+BB8)/H8 -> 0.074358878 | BN8: =J8+N8+Q8+U8 -> 284867.51 | BO8: =SUM(AU8,AV8,AW8,BE8,BF8,BG8,BJ8) -> 10676.64 | BP8: =BO8/(AD8*280) -> 1.1554805
A9: 6 | B9: 6 | D9: ='6'!D3 -> 28 | E9: ='6'!D4 -> 0.79 | F9: ='6'!D2 -> 1 | G9: ='6'!G7 -> 22578.03 | H9: ='6'!G8 -> 22837.55 | I9: 9 | J9: =H9*I9 -> 205537.95 | K9: =H9/202 -> 113.05718 | L9: ='6'!G15 -> 955.68 | M9: 56.2 | N9: =L9*M9 -> 53709.216 | O9: ='6'!G20 -> 291 | P9: 108 | Q9: =O9*P9 -> 31428 | R9: =O9/(F9*202/100) -> 144.05941 | S9: ='6'!G24 -> 0 | T9: 69 | U9: =S9*T9 -> 0 | V9: ='6'!G65 -> 110 | W9: ='6'!G66 -> 32 | X9: ='6'!G67 -> 41 | Y9: =V9+W9+X9 -> 183 | Z9: ='6'!G84 -> 0.09 | AA9: ='6'!G85 -> 3.51 | AB9: ='6'!G86 -> 0 | AC9: ='6'!G87 -> 25.4 | AD9: =Z9+AA9+AB9+AC9 -> 29 | AE9: =AU9+AV9+BE9+BF9 -> 5959.01 | AF9: =AE9/AD9 -> 205.4831 | AG9: ='6'!G88 -> 0 | AH9: ='6'!G89 -> 9.57 | AI9: ='6'!G90 -> 3.23 | AJ9: =AG9+AH9+AI9 -> 12.8 | AK9: ='6'!G91 -> 0 | AL9: ='6'!G92 -> 10.91 | AN9: =AK9+AL9 -> 10.91 | AO9: ='6'!G74 -> 308.46 | AP9: ='6'!G35 -> 1950.91 | AQ9: ='6'!G37 -> 1653.71 | AR9: ='6'!G38 -> 1902.3 | AS9: ='6'!G39 -> 2809.59 | AT9: ='6'!G40 -> 0.82 | AU9: ='6'!G41 -> 0 | AV9: ='6'!G42 -> 600.25 | AW9: ='6'!G43 -> 2754.6 | AX9: ='6'!G44 -> 0 | AY9: ='6'!G36 -> 875.98 | AZ9: ='6'!G49 -> 1659.65 | BA9: ='6'!G51 -> 0 | BB9: ='6'!G52 -> 0 | BC9: ='6'!G53 -> 0 | BD9: ='6'!G54 -> 5.86 | BE9: ='6'!G55 -> 0 | BF9: ='6'!G56 -> 5358.76 | BG9: ='6'!G57 -> 0 | BH9: ='6'!G50 -> 1109.71 | BI9: =SUM(AU9,AV9,BE9,BF9) -> 5959.01 | BJ9: ='6'!G133 -> 804.89 | BK9: =SUM(AP9,AU9,AV9,AW9,AZ9,BE9,BF9,BG9)/H9% -> 53.964501 | BL9: =SUM(AS9,BC9)/H9% -> 12.302502 | BM9: =(AR9+BB9)/H9 -> 0.083297026 | BN9: =J9+N9+Q9+U9 -> 290675.17 | BO9: =SUM(AU9,AV9,AW9,BE9,BF9,BG9,BJ9) -> 9518.5 | BP9: =BO9/(AD9*280) -> 1.1722291
A10: 7 | B10: 7 | D10: ='7'!D3 -> 28 | E10: ='7'!D4 -> 0.9 | F10: ='7'!D2 -> 0.98 | G10: ='7'!G7 -> 21692.32 | H10: ='7'!G8 -> 21951.04 | I10: 9 | J10: =H10*I10 -> 197559.36 | K10: =H10/202 -> 108.66851 | L10: ='7'!G15 -> 962.49 | M10: 56.2 | N10: =L10*M10 -> 54091.938 | O10: ='7'!G20 -> 259 | P10: 108 | Q10: =O10*P10 -> 27972 | R10: =O10/(F10*202/100) -> 130.83451 | S10: ='7'!G24 -> 0 | T10: 69 | U10: =S10*T10 -> 0 | V10: ='7'!G65 -> 90 | W10: ='7'!G66 -> 31 | X10: ='7'!G67 -> 33 | Y10: =V10+W10+X10 -> 154 | Z10: ='7'!G84 -> 0 | AA10: ='7'!G85 -> 0 | AB10: ='7'!G86 -> 0 | AC10: ='7'!G87 -> 24.09 | AD10: =Z10+AA10+AB10+AC10 -> 24.09 | AE10: =AU10+AV10+BE10+BF10 -> 5341.64 | AF10: =AE10/AD10 -> 221.73682 | AG10: ='7'!G88 -> 0 | AH10: ='7'!G89 -> 10.36 | AI10: ='7'!G90 -> 3.86 | AJ10: =AG10+AH10+AI10 -> 14.22 | AK10: ='7'!G91 -> 0 | AL10: ='7'!G92 -> 10.15 | AN10: =AK10+AL10 -> 10.15 | AO10: ='7'!G74 -> 288.83 | AP10: ='7'!G35 -> 1989.9 | AQ10: ='7'!G37 -> 1579.82 | AR10: ='7'!G38 -> 1893.21 | AS10: ='7'!G39 -> 2812.86 | AT10: ='7'!G40 -> 3.4 | AU10: ='7'!G41 -> 0 | AV10: ='7'!G42 -> 0 | AW10: ='7'!G43 -> 2609.7 | AX10: ='7'!G44 -> 0 | AY10: ='7'!G36 -> 701.53 | AZ10: ='7'!G49 -> 1720.56 | BA10: ='7'!G51 -> 0 | BB10: ='7'!G52 -> 0 | BC10: ='7'!G53 -> 0 | BD10: ='7'!G54 -> 5.52 | BE10: ='7'!G55 -> 0 | BF10: ='7'!G56 -> 5341.64 | BG10: ='7'!G57 -> 0 | BH10: ='7'!G50 -> 1148.88 | BI10: =SUM(AU10,AV10,BE10,BF10) -> 5341.64 | BJ10: ='7'!G133 -> 832.26 | BK10: =SUM(AP10,AU10,AV10,AW10,AZ10,BE10,BF10,BG10)/H10% -> 53.126412 | BL10: =SUM(AS10,BC10)/H10% -> 12.814245 | BM10: =(AR10+BB10)/H10 -> 0.086246939 | BN10: =J10+N10+Q10+U10 -> 279623.3 | BO10: =SUM(AU10,AV10,AW10,BE10,BF10,BG10,BJ10) -> 8783.6 | BP10: =BO10/(AD10*280) -> 1.3022001
A11: 8 | B11: 8 | D11: ='8'!D3 -> 28 | E11: ='8'!D4 -> 0.9 | F11: ='8'!D2 -> 0.55 | G11: ='8'!G7 -> 21652 | H11: ='8'!G8 -> 21972.24 | I11: 9 | J11: =H11*I11 -> 197750.16 | K11: =H11/202 -> 108.77347 | L11: ='8'!G15 -> 1009.75 | M11: 56.2 | N11: =L11*M11 -> 56747.95 | O11: ='8'!G20 -> 258 | P11: 108 | Q11: =O11*P11 -> 27864 | R11: =O11/(F11*202/100) -> 232.22322 | S11: ='8'!G24 -> 0 | T11: 69 | U11: =S11*T11 -> 0 | V11: ='8'!G65 -> 96 | W11: ='8'!G66 -> 27 | X11: ='8'!G67 -> 29 | Y11: =V11+W11+X11 -> 152 | Z11: ='8'!G84 -> 0 | AA11: ='8'!G85 -> 0 | AB11: ='8'!G86 -> 0 | AC11: ='8'!G87 -> 24.06 | AD11: =Z11+AA11+AB11+AC11 -> 24.06 | AE11: =AU11+AV11+BE11+BF11 -> 5181.82 | AF11: =AE11/AD11 -> 215.37074 | AG11: ='8'!G88 -> 0 | AH11: ='8'!G89 -> 9.93 | AI11: ='8'!G90 -> 6.83 | AJ11: =AG11+AH11+AI11 -> 16.76 | AK11: ='8'!G91 -> 0 | AL11: ='8'!G92 -> 10.07 | AN11: =AK11+AL11 -> 10.07 | AO11: ='8'!G74 -> 287.15 | AP11: ='8'!G35 -> 2125.92 | AQ11: ='8'!G37 -> 1589.14 | AR11: ='8'!G38 -> 1785.87 | AS11: ='8'!G39 -> 2891.22 | AT11: ='8'!G40 -> 16.6 | AU11: ='8'!G41 -> 0 | AV11: ='8'!G42 -> 0 | AW11: ='8'!G43 -> 2607.8 | AX11: ='8'!G44 -> 0 | AY11: ='8'!G36 -> 823.66 | AZ11: ='8'!G49 -> 1722.02 | BA11: ='8'!G51 -> 0 | BB11: ='8'!G52 -> 0 | BC11: ='8'!G53 -> 0 | BD11: ='8'!G54 -> 6.19 | BE11: ='8'!G55 -> 0 | BF11: ='8'!G56 -> 5181.82 | BG11: ='8'!G57 -> 0 | BH11: ='8'!G50 -> 1020.8 | BI11: =SUM(AU11,AV11,BE11,BF11) -> 5181.82 | BJ11: ='8'!G133 -> 780.19 | BK11: =SUM(AP11,AU11,AV11,AW11,AZ11,BE11,BF11,BG11)/H11% -> 52.964832 | BL11: =SUM(AS11,BC11)/H11% -> 13.158513 | BM11: =(AR11+BB11)/H11 -> 0.081278468 | BN11: =J11+N11+Q11+U11 -> 282362.11 | BO11: =SUM(AU11,AV11,AW11,BE11,BF11,BG11,BJ11) -> 8569.81 | BP11: =BO11/(AD11*280) -> 1.2720891
A12: 9 | B12: 9 | D12: ='9'!D3 -> 27 | E12: ='9'!D4 -> 0.7 | F12: ='9'!D2 -> 0.56 | G12: ='9'!G7 -> 21575.65 | H12: ='9'!G8 -> 21818.17 | I12: 9 | J12: =H12*I12 -> 196363.53 | K12: =H12/202 -> 108.01074 | L12: ='9'!G15 -> 1028.08 | M12: 56.2 | N12: =L12*M12 -> 57778.096 | O12: ='9'!G20 -> 253 | P12: 108 | Q12: =O12*P12 -> 27324 | R12: =O12/(F12*202/100) -> 223.65629 | S12: ='9'!G24 -> 0 | T12: 69 | U12: =S12*T12 -> 0 | V12: ='9'!G65 -> 106 | W12: ='9'!G66 -> 25 | X12: ='9'!G67 -> 23 | Y12: =V12+W12+X12 -> 154 | Z12: ='9'!G84 -> 0 | AA12: ='9'!G85 -> 0 | AB12: ='9'!G86 -> 0 | AC12: ='9'!G87 -> 24.45 | AD12: =Z12+AA12+AB12+AC12 -> 24.45 | AE12: =AU12+AV12+BE12+BF12 -> 5158.53 | AF12: =AE12/AD12 -> 210.98282 | AG12: ='9'!G88 -> 4.97 | AH12: ='9'!G89 -> 4.74 | AI12: ='9'!G90 -> 8.74 | AJ12: =AG12+AH12+AI12 -> 18.45 | AK12: ='9'!G91 -> 0 | AL12: ='9'!G92 -> 9.18 | AN12: =AK12+AL12 -> 9.18 | AO12: ='9'!G74 -> 261.56 | AP12: ='9'!G35 -> 2039.27 | AQ12: ='9'!G37 -> 1570.33 | AR12: ='9'!G38 -> 1768.62 | AS12: ='9'!G39 -> 2928.33 | AT12: ='9'!G40 -> 7.18 | AU12: ='9'!G41 -> 0 | AV12: ='9'!G42 -> -0.25 | AW12: ='9'!G43 -> 2590.9 | AX12: ='9'!G44 -> 0 | AY12: ='9'!G36 -> 999.83 | AZ12: ='9'!G49 -> 1417.77 | BA12: ='9'!G51 -> 0 | BB12: ='9'!G52 -> 0 | BC12: ='9'!G53 -> 0 | BD12: ='9'!G54 -> 5.43 | BE12: ='9'!G55 -> 0 | BF12: ='9'!G56 -> 5158.78 | BG12: ='9'!G57 -> 0 | BH12: ='9'!G50 -> 1069.61 | BI12: =SUM(AU12,AV12,BE12,BF12) -> 5158.53 | BJ12: ='8'!G133 -> 780.19 | BK12: =SUM(AP12,AU12,AV12,AW12,AZ12,BE12,BF12,BG12)/H12% -> 51.363015 | BL12: =SUM(AS12,BC12)/H12% -> 13.42152 | BM12: =(AR12+BB12)/H12 -> 0.081061794 | BN12: =J12+N12+Q12+U12 -> 281465.63 | BO12: =SUM(AU12,AV12,AW12,BE12,BF12,BG12,BJ12) -> 8529.62 | BP12: =BO12/(AD12*280) -> 1.2459275
A13: 10 | B13: 10 | D13: ='10'!D3 -> 27 | E13: ='10'!D4 -> 0.7 | F13: ='10'!D2 -> 0.68 | G13: ='10'!G7 -> 20815 | H13: ='10'!G8 -> 21010 | I13: 9 | J13: =H13*I13 -> 189090 | K13: =H13/202 -> 104.0099 | L13: ='10'!G15 -> 1016 | M13: 56.2 | N13: =L13*M13 -> 57099.2 | O13: ='10'!G20 -> 225 | P13: 108 | Q13: =O13*P13 -> 24300 | R13: =O13/(F13*202/100) -> 163.80315 | S13: ='10'!G24 -> 0 | T13: 69 | U13: =S13*T13 -> 0 | V13: ='10'!G65 -> 95 | W13: ='10'!G66 -> 20 | X13: ='10'!G67 -> 23 | Y13: =V13+W13+X13 -> 138 | Z13: ='10'!G84 -> 0 | AA13: ='10'!G85 -> 0 | AB13: ='10'!G86 -> 0 | AC13: ='10'!G87 -> 24 | AD13: =Z13+AA13+AB13+AC13 -> 24 | AE13: =AU13+AV13+BE13+BF13 -> 4843 | AF13: =AE13/AD13 -> 201.79167 | AG13: ='10'!G88 -> 0 | AH13: ='10'!G89 -> 9.38 | AI13: ='10'!G90 -> 6.33 | AJ13: =AG13+AH13+AI13 -> 15.71 | AK13: ='10'!G91 -> 0 | AL13: ='10'!G92 -> 10.49 | AN13: =AK13+AL13 -> 10.49 | AO13: ='10'!G74 -> 299 | AP13: ='10'!G35 -> 2009 | AQ13: ='10'!G37 -> 1588 | AR13: ='10'!G38 -> 1767 | AS13: ='10'!G39 -> 2884 | AT13: ='10'!G40 -> 2 | AU13: ='10'!G41 -> 0 | AV13: ='10'!G42 -> 0 | AW13: ='10'!G43 -> 2516 | AX13: ='10'!G44 -> 0 | AY13: ='10'!G36 -> 882 | AZ13: ='10'!G49 -> 1218 | BA13: ='10'!G51 -> 0 | BB13: ='10'!G52 -> 0 | BC13: ='10'!G53 -> 0 | BD13: ='10'!G54 -> 5 | BE13: ='10'!G55 -> 0 | BF13: ='10'!G56 -> 4843 | BG13: ='10'!G57 -> 0 | BH13: ='10'!G50 -> 1089 | BI13: =SUM(AU13,AV13,BE13,BF13) -> 4843 | BJ13: ='8'!G133 -> 780.19 | BK13: =SUM(AP13,AU13,AV13,AW13,AZ13,BE13,BF13,BG13)/H13% -> 50.385531 | BL13: =SUM(AS13,BC13)/H13% -> 13.726797 | BM13: =(AR13+BB13)/H13 -> 0.084102808 | BN13: =J13+N13+Q13+U13 -> 270489.2 | BO13: =SUM(AU13,AV13,AW13,BE13,BF13,BG13,BJ13) -> 8139.19 | BP13: =BO13/(AD13*280) -> 1.211189
A14: 11 | B14: 11 | D14: ='11'!D3 -> 27 | E14: ='11'!D4 -> 0.55 | F14: ='11'!D2 -> 0.76 | G14: ='11'!G7 -> 20414 | H14: ='11'!G8 -> 20585 | I14: 9 | J14: =H14*I14 -> 185265 | K14: =H14/202 -> 101.90594 | L14: ='11'!G15 -> 1046 | M14: 56.2 | N14: =L14*M14 -> 58785.2 | O14: ='11'!G20 -> 233 | P14: 108 | Q14: =O14*P14 -> 25164 | R14: =O14/(F14*202/100) -> 151.77176 | S14: ='11'!G24 -> 0 | T14: 69 | U14: =S14*T14 -> 0 | V14: ='11'!G65 -> 95 | W14: ='11'!G66 -> 17 | X14: ='11'!G67 -> 24 | Y14: =V14+W14+X14 -> 136 | Z14: ='11'!G84 -> 0 | AA14: ='11'!G85 -> 0 | AB14: ='11'!G86 -> 0 | AC14: ='11'!G87 -> 24 | AD14: =Z14+AA14+AB14+AC14 -> 24 | AE14: =AU14+AV14+BE14+BF14 -> 4864 | AF14: =AE14/AD14 -> 202.66667 | AG14: ='11'!G88 -> 0.05 | AH14: ='11'!G89 -> 10.23 | AI14: ='11'!G90 -> 6.22 | AJ14: =AG14+AH14+AI14 -> 16.5 | AK14: ='11'!G91 -> 0 | AL14: ='11'!G92 -> 10.29 | AN14: =AK14+AL14 -> 10.29 | AO14: ='11'!G74 -> 293 | AP14: ='11'!G35 -> 2071 | AQ14: ='11'!G37 -> 1567 | AR14: ='11'!G38 -> 1740 | AS14: ='11'!G39 -> 2887 | AT14: ='11'!G40 -> 1 | AU14: ='11'!G41 -> 0 | AV14: ='11'!G42 -> 400 | AW14: ='11'!G43 -> 2425 | AX14: ='11'!G44 -> 0 | AY14: ='11'!G36 -> 874 | AZ14: ='11'!G49 -> 1256 | BA14: ='11'!G51 -> 0 | BB14: ='11'!G52 -> 0 | BC14: ='11'!G53 -> 0 | BD14: ='11'!G54 -> 5 | BE14: ='11'!G55 -> 0 | BF14: ='11'!G56 -> 4464 | BG14: ='11'!G57 -> 0 | BH14: ='11'!G50 -> 1114 | BI14: =SUM(AU14,AV14,BE14,BF14) -> 4864 | BJ14: ='11'!G133 -> 490 | BK14: =SUM(AP14,AU14,AV14,AW14,AZ14,BE14,BF14,BG14)/H14% -> 51.571533 | BL14: =SUM(AS14,BC14)/H14% -> 14.024775 | BM14: =(AR14+BB14)/H14 -> 0.084527569 | BN14: =J14+N14+Q14+U14 -> 269214.2 | BO14: =SUM(AU14,AV14,AW14,BE14,BF14,BG14,BJ14) -> 7779 | BP14: =BO14/(AD14*280) -> 1.1575893
A15: 12 | B15: 12 | D15: ='12'!D3 -> 27 | E15: ='12'!D4 -> 0.55 | F15: ='12'!D2 -> 0.78 | G15: ='12'!G7 -> 22257 | H15: ='12'!G8 -> 22424 | I15: 9 | J15: =H15*I15 -> 201816 | K15: =H15/202 -> 111.0099 | L15: ='12'!G15 -> 1060 | M15: 56.2 | N15: =L15*M15 -> 59572 | O15: ='12'!G20 -> 278 | P15: 108 | Q15: =O15*P15 -> 30024 | R15: =O15/(F15*202/100) -> 176.44072 | S15: ='12'!G24 -> 0 | T15: 69 | U15: =S15*T15 -> 0 | V15: ='12'!G65 -> 112 | W15: ='12'!G66 -> 21 | X15: ='12'!G67 -> 29 | Y15: =V15+W15+X15 -> 162 | Z15: ='12'!G84 -> 5.91 | AA15: ='12'!G85 -> 0 | AB15: ='12'!G86 -> 0 | AC15: ='12'!G87 -> 24 | AD15: =Z15+AA15+AB15+AC15 -> 29.91 | AE15: =AU15+AV15+BE15+BF15 -> 5360.29 | AF15: =AE15/AD15 -> 179.21398 | AG15: ='12'!G88 -> 2.19 | AH15: ='12'!G89 -> 7.47 | AI15: ='12'!G90 -> 6.62 | AJ15: =AG15+AH15+AI15 -> 16.28 | AK15: ='12'!G91 -> 0 | AL15: ='12'!G92 -> 10.79 | AN15: =AK15+AL15 -> 10.79 | AO15: ='12'!G74 -> 305 | AP15: ='12'!G35 -> 2041 | AQ15: ='12'!G37 -> 1617 | AR15: ='12'!G38 -> 1852 | AS15: ='12'!G39 -> 2962 | AT15: ='12'!G40 -> 0 | AU15: ='12'!G41 -> 1200.29 | AV15: ='12'!G42 -> 0 | AW15: ='12'!G43 -> 2719 | AX15: ='12'!G44 -> 0 | AY15: ='12'!G36 -> 986 | AZ15: ='12'!G49 -> 1372 | BA15: ='12'!G51 -> 0 | BB15: ='12'!G52 -> 0 | BC15: ='12'!G53 -> 0 | BD15: ='12'!G54 -> 6 | BE15: ='12'!G55 -> 0 | BF15: ='12'!G56 -> 4160 | BG15: ='12'!G57 -> 0 | BH15: ='12'!G50 -> 1311 | BI15: =SUM(AU15,AV15,BE15,BF15) -> 5360.29 | BJ15: ='12'!G133 -> 576 | BK15: =SUM(AP15,AU15,AV15,AW15,AZ15,BE15,BF15,BG15)/H15% -> 51.249955 | BL15: =SUM(AS15,BC15)/H15% -> 13.209062 | BM15: =(AR15+BB15)/H15 -> 0.082590082 | BN15: =J15+N15+Q15+U15 -> 291412 | BO15: =SUM(AU15,AV15,AW15,BE15,BF15,BG15,BJ15) -> 8655.29 | BP15: =BO15/(AD15*280) -> 1.0334921
A16: 13 | B16: 13 | D16: ='13'!D3 -> 27 | E16: ='13'!D4 -> 0.55 | F16: ='13'!D2 -> 0.69 | G16: ='13'!G7 -> 24226 | H16: ='13'!G8 -> 24350 | I16: 9 | J16: =H16*I16 -> 219150 | K16: =H16/202 -> 120.54455 | L16: ='13'!G15 -> 1071 | M16: 56.2 | N16: =L16*M16 -> 60190.2 | O16: ='13'!G20 -> 256 | P16: 108 | Q16: =O16*P16 -> 27648 | R16: =O16/(F16*202/100) -> 183.67054 | S16: ='13'!G24 -> 0 | T16: 69 | U16: =S16*T16 -> 0 | V16: ='13'!G65 -> 110 | W16: ='13'!G66 -> 20 | X16: ='13'!G67 -> 33 | Y16: =V16+W16+X16 -> 163 | Z16: ='13'!G84 -> 11 | AA16: ='13'!G85 -> 0 | AB16: ='13'!G86 -> 0 | AC16: ='13'!G87 -> 21 | AD16: =Z16+AA16+AB16+AC16 -> 32 | AE16: =AU16+AV16+BE16+BF16 -> 6131 | AF16: =AE16/AD16 -> 191.59375 | AG16: ='13'!G88 -> 2.83 | AH16: ='13'!G89 -> 11.61 | AI16: ='13'!G90 -> 1.69 | AJ16: =AG16+AH16+AI16 -> 16.13 | AK16: ='13'!G91 -> 0 | AL16: ='13'!G92 -> 10.64 | AN16: =AK16+AL16 -> 10.64 | AO16: ='13'!G74 -> 303 | AP16: ='13'!G35 -> 2144 | AQ16: ='13'!G37 -> 1651 | AR16: ='13'!G38 -> 1898 | AS16: ='13'!G39 -> 3040 | AT16: ='13'!G40 -> 0 | AU16: ='13'!G41 -> 1945 | AV16: ='13'!G42 -> 0 | AW16: ='13'!G43 -> 2775 | AX16: ='13'!G44 -> 0 | AY16: ='13'!G36 -> 1288 | AZ16: ='13'!G49 -> 1681 | BA16: ='13'!G51 -> 0 | BB16: ='13'!G52 -> 0 | BC16: ='13'!G53 -> 0 | BD16: ='13'!G54 -> 5 | BE16: ='13'!G55 -> 0 | BF16: ='13'!G56 -> 4186 | BG16: ='13'!G57 -> 0 | BH16: ='13'!G50 -> 1833 | BI16: =SUM(AU16,AV16,BE16,BF16) -> 6131 | BJ16: ='13'!G133 -> 783 | BK16: =SUM(AP16,AU16,AV16,AW16,AZ16,BE16,BF16,BG16)/H16% -> 52.283368 | BL16: =SUM(AS16,BC16)/H16% -> 12.4846 | BM16: =(AR16+BB16)/H16 -> 0.077946612 | BN16: =J16+N16+Q16+U16 -> 306988.2 | BO16: =SUM(AU16,AV16,AW16,BE16,BF16,BG16,BJ16) -> 9689 | BP16: =BO16/(AD16*280) -> 1.0813616
A17: 14 | B17: 14 | D17: ='14'!D3 -> 27 | E17: ='14'!D4 -> 0.65 | F17: ='14'!D2 -> 0.51 | G17: ='14'!G7 -> 22252 | H17: ='14'!G8 -> 22382 | I17: 9 | J17: =H17*I17 -> 201438 | K17: =H17/202 -> 110.80198 | L17: ='14'!G15 -> 1139.97 | M17: 56.2 | N17: =L17*M17 -> 64066.314 | O17: ='14'!G20 -> 293 | P17: 108 | Q17: =O17*P17 -> 31644 | R17: =O17/(F17*202/100) -> 284.41079 | S17: ='14'!G24 -> 0 | T17: 69 | U17: =S17*T17 -> 0 | V17: ='14'!G65 -> 101 | W17: ='14'!G66 -> 26 | X17: ='14'!G67 -> 24 | Y17: =V17+W17+X17 -> 151 | Z17: ='14'!G84 -> 19 | AA17: ='14'!G85 -> 0 | AB17: ='14'!G86 -> 0 | AC17: ='14'!G87 -> 10 | AD17: =Z17+AA17+AB17+AC17 -> 29 | AE17: =AU17+AV17+BE17+BF17 -> 6179 | AF17: =AE17/AD17 -> 213.06897 | AG17: ='14'!G88 -> 0 | AH17: ='14'!G89 -> 10.27 | AI17: ='14'!G90 -> 7.14 | AJ17: =AG17+AH17+AI17 -> 17.41 | AK17: ='14'!G91 -> 0 | AL17: ='14'!G92 -> 9.79 | AN17: =AK17+AL17 -> 9.79 | AO17: ='14'!G44 -> 0 | AP17: ='14'!G35 -> 1792 | AQ17: ='14'!G37 -> 1518 | AR17: ='14'!G38 -> 1821 | AS17: ='14'!G39 -> 2824 | AT17: ='14'!G40 -> 0 | AU17: ='14'!G41 -> 4191 | AV17: ='14'!G42 -> 0 | AW17: ='14'!G43 -> 2571 | AX17: ='14'!G44 -> 0 | AY17: ='14'!G36 -> 875 | AZ17: ='14'!G49 -> 1648 | BA17: ='14'!G51 -> 0 | BB17: ='14'!G52 -> 0 | BC17: ='14'!G53 -> 0 | BD17: ='14'!G54 -> 6 | BE17: ='14'!G55 -> 0 | BF17: ='14'!G56 -> 1988 | BG17: ='14'!G57 -> 0 | BH17: ='14'!G50 -> 1194 | BI17: =SUM(AU17,AV17,BE17,BF17) -> 6179 | BJ17: ='14'!G133 -> 769 | BK17: =SUM(AP17,AU17,AV17,AW17,AZ17,BE17,BF17,BG17)/H17% -> 54.463408 | BL17: =SUM(AS17,BC17)/H17% -> 12.617282 | BM17: =(AR17+BB17)/H17 -> 0.081360021 | BN17: =J17+N17+Q17+U17 -> 297148.31 | BO17: =SUM(AU17,AV17,AW17,BE17,BF17,BG17,BJ17) -> 9519 | BP17: =BO17/(AD17*280) -> 1.1722906
A18: 15 | B18: 15 | D18: ='15'!D3 -> 29 | E18: ='15'!D4 -> 0.84 | F18: ='15'!D2 -> 0.7 | G18: ='15'!G7 -> 24122.82 | H18: ='15'!G8 -> 24876.32 | I18: 9 | J18: =H18*I18 -> 223886.88 | K18: =H18/202 -> 123.1501 | L18: ='15'!G15 -> 911.2 | M18: 56.2 | N18: =L18*M18 -> 51209.44 | O18: ='15'!G20 -> 236 | P18: 108 | Q18: =O18*P18 -> 25488 | R18: =O18/(F18*202/100) -> 166.9024 | S18: ='15'!G24 -> 0 | T18: 69 | U18: =S18*T18 -> 0 | V18: ='15'!G65 -> 116 | W18: ='15'!G66 -> 21 | X18: ='15'!G67 -> 20 | Y18: =V18+W18+X18 -> 157 | Z18: ='15'!G84 -> 0 | AA18: ='15'!G85 -> 11.52 | AB18: ='15'!G86 -> 0 | AC18: ='15'!G87 -> 24.17 | AD18: =Z18+AA18+AB18+AC18 -> 35.69 | AE18: =AU18+AV18+BE18+BF18 -> 7030.51 | AF18: =AE18/AD18 -> 196.98823 | AG18: ='15'!G88 -> -0.03 | AH18: ='15'!G89 -> 10.18 | AI18: ='15'!G90 -> 4.12 | AJ18: =AG18+AH18+AI18 -> 14.27 | AK18: ='15'!G91 -> 0 | AL18: ='15'!G92 -> 8.88 | AN18: =AK18+AL18 -> 8.88 | AO18: ='15'!G74 -> 252.49 | AP18: ='15'!G35 -> 1985.37 | AQ18: ='15'!G37 -> 1554.88 | AR18: ='15'!G38 -> 1735.56 | AS18: ='15'!G39 -> 2954.21 | AT18: ='15'!G40 -> 0.71 | AU18: ='15'!G41 -> 0.11 | AV18: ='15'!G42 -> 1965.59 | AW18: ='15'!G43 -> 2788.5 | AX18: ='15'!G44 -> 0 | AY18: ='15'!G36 -> 840.7 | AZ18: ='15'!G49 -> 1618.33 | BA18: ='15'!G51 -> 0 | BB18: ='15'!G52 -> 0 | BC18: ='15'!G53 -> 0 | BD18: ='15'!G54 -> 5.43 | BE18: ='15'!G55 -> 0 | BF18: ='15'!G56 -> 5064.81 | BG18: ='15'!G57 -> 0 | BH18: ='15'!G50 -> 1115.47 | BI18: =SUM(AU18,AV18,BE18,BF18) -> 7030.51 | BJ18: ='15'!G133 -> 740.98 | BK18: =SUM(AP18,AU18,AV18,AW18,AZ18,BE18,BF18,BG18)/H18% -> 53.95778 | BL18: =SUM(AS18,BC18)/H18% -> 11.875591 | BM18: =(AR18+BB18)/H18 -> 0.069767554 | BN18: =J18+N18+Q18+U18 -> 300584.32 | BO18: =SUM(AU18,AV18,AW18,BE18,BF18,BG18,BJ18) -> 10559.99 | BP18: =BO18/(AD18*280) -> 1.0567176
A19: 16 | B19: 16 | D19: ='16'!D3 -> 28 | E19: ='16'!D4 -> 0.62 | F19: ='16'!D2 -> 0.5742 | G19: ='16'!G7 -> 25079.88 | H19: ='16'!G8 -> 25405.38 | I19: 9 | J19: =H19*I19 -> 228648.42 | K19: =H19/202 -> 125.76921 | L19: ='16'!G15 -> 794.9 | M19: 56.2 | N19: =L19*M19 -> 44673.38 | O19: ='16'!G20 -> 251 | P19: 108 | Q19: =O19*P19 -> 27108 | R19: =O19/(F19*202/100) -> 216.40095 | S19: ='16'!G24 -> 0 | T19: 69 | U19: =S19*T19 -> 0 | V19: ='16'!G65 -> 102 | W19: ='16'!G66 -> 20 | X19: ='16'!G67 -> 22 | Y19: =V19+W19+X19 -> 144 | Z19: ='16'!G84 -> 0 | AA19: ='16'!G85 -> 11.47 | AB19: ='16'!G86 -> 0 | AC19: ='16'!G87 -> 22.14 | AD19: =Z19+AA19+AB19+AC19 -> 33.61 | AE19: =AU19+AV19+BE19+BF19 -> 7804 | AF19: =AE19/AD19 -> 232.1928 | AG19: ='16'!G88 -> 4.79 | AH19: ='16'!G89 -> 5.13 | AI19: ='16'!G90 -> 6.92 | AJ19: =AG19+AH19+AI19 -> 16.84 | AK19: ='16'!G91 -> 0 | AL19: ='16'!G92 -> 9 | AN19: =AK19+AL19 -> 9 | AO19: ='16'!G74 -> 283.48 | AP19: ='16'!G35 -> 2096.14 | AQ19: ='16'!G37 -> 1596.44 | AR19: ='16'!G38 -> 1865.83 | AS19: ='16'!G39 -> 2997.28 | AT19: ='16'!G40 -> 70.29 | AU19: ='16'!G41 -> 0 | AV19: ='16'!G42 -> 2585.72 | AW19: ='16'!G43 -> 2788.9 | AX19: ='16'!G44 -> 0 | AY19: ='16'!G36 -> 905.24 | AZ19: ='16'!G49 -> 1528.72 | BA19: ='16'!G51 -> 0 | BB19: ='16'!G52 -> 0 | BC19: ='16'!G53 -> 0 | BD19: ='16'!G54 -> 5.43 | BE19: ='16'!G55 -> 0 | BF19: ='16'!G56 -> 5218.28 | BG19: ='16'!G57 -> 0 | BH19: ='16'!G50 -> 1347.92 | BI19: =SUM(AU19,AV19,BE19,BF19) -> 7804 | BJ19: ='16'!G133 -> 645.72 | BK19: =SUM(AP19,AU19,AV19,AW19,AZ19,BE19,BF19,BG19)/H19% -> 55.963579 | BL19: =SUM(AS19,BC19)/H19% -> 11.797816 | BM19: =(AR19+BB19)/H19 -> 0.073442318 | BN19: =J19+N19+Q19+U19 -> 300429.8 | BO19: =SUM(AU19,AV19,AW19,BE19,BF19,BG19,BJ19) -> 11238.62 | BP19: =BO19/(AD19*280) -> 1.1942258
A20: 17 | B20: 17 | D20: ='17'!D3 -> 28 | E20: ='17'!D4 -> 0.9 | F20: ='17'!D2 -> 0.51 | G20: ='17'!G7 -> 27041.9 | H20: ='17'!G8 -> 27478.2 | I20: 9 | J20: =H20*I20 -> 247303.8 | K20: =H20/202 -> 136.03069 | L20: ='17'!G15 -> 824.4 | M20: 56.2 | N20: =L20*M20 -> 46331.28 | O20: ='17'!G20 -> 255 | P20: 108 | Q20: =O20*P20 -> 27540 | R20: =O20/(F20*202/100) -> 247.52475 | S20: ='17'!G24 -> 0 | T20: 69 | U20: =S20*T20 -> 0 | V20: ='17'!G65 -> 109 | W20: ='17'!G66 -> 23 | X20: ='17'!G67 -> 35 | Y20: =V20+W20+X20 -> 167 | Z20: ='17'!G84 -> 0 | AA20: ='17'!G85 -> 13.5 | AB20: ='17'!G86 -> 0 | AC20: ='17'!G87 -> 23.69 | AD20: =Z20+AA20+AB20+AC20 -> 37.19 | AE20: =AU20+AV20+BE20+BF20 -> 8791.76 | AF20: =AE20/AD20 -> 236.40118 | AG20: ='17'!G88 -> 9.55 | AH20: ='17'!G89 -> 0 | AI20: ='17'!G90 -> 9.69 | AJ20: =AG20+AH20+AI20 -> 19.24 | AK20: ='17'!G91 -> 0 | AL20: ='17'!G92 -> 10.8 | AN20: =AK20+AL20 -> 10.8 | AO20: ='17'!G74 -> 281.27 | AP20: ='17'!G35 -> 2120.44 | AQ20: ='17'!G37 -> 1696.08 | AR20: ='17'!G38 -> 1917.7 | AS20: ='17'!G39 -> 2980.36 | AT20: ='17'!G40 -> 0.2 | AU20: ='17'!G41 -> 0 | AV20: ='17'!G42 -> 4972.68 | AW20: ='17'!G43 -> 3015.6 | AX20: ='17'!G44 -> 0 | AY20: ='17'!G36 -> 1258.36 | AZ20: ='17'!G49 -> 1709.44 | BA20: ='17'!G51 -> 0 | BB20: ='17'!G52 -> 0 | BC20: ='17'!G53 -> 0 | BD20: ='17'!G54 -> 5.64 | BE20: ='17'!G55 -> 0 | BF20: ='17'!G56 -> 3819.08 | BG20: ='17'!G57 -> 0 | BH20: ='17'!G50 -> 1503.28 | BI20: =SUM(AU20,AV20,BE20,BF20) -> 8791.76 | BJ20: ='17'!G133 -> 804.85 | BK20: =SUM(AP20,AU20,AV20,AW20,AZ20,BE20,BF20,BG20)/H20% -> 56.907803 | BL20: =SUM(AS20,BC20)/H20% -> 10.846271 | BM20: =(AR20+BB20)/H20 -> 0.06978987 | BN20: =J20+N20+Q20+U20 -> 321175.08 | BO20: =SUM(AU20,AV20,AW20,BE20,BF20,BG20,BJ20) -> 12612.21 | BP20: =BO20/(AD20*280) -> 1.2111752
A21: 18 | B21: 18 | D21: ='18 '!D3 -> 28 | E21: ='18 '!D4 -> 0.9 | F21: ='18 '!D2 -> 0.51 | G21: ='18 '!G7 -> 26420.21 | H21: ='18 '!G8 -> 26897.63 | I21: 9 | J21: =H21*I21 -> 242078.67 | K21: =H21/202 -> 133.15658 | L21: ='18 '!G15 -> 783.8 | M21: 56.2 | N21: =L21*M21 -> 44049.56 | O21: ='18 '!G20 -> 337 | P21: 108 | Q21: =O21*P21 -> 36396 | R21: =O21/(F21*202/100) -> 327.12095 | S21: ='18 '!G24 -> 0 | T21: 69 | U21: =S21*T21 -> 0 | V21: ='18 '!G65 -> 106 | W21: ='18 '!G66 -> 43 | X21: ='18 '!G67 -> 25 | Y21: =V21+W21+X21 -> 174 | Z21: ='18 '!G84 -> 0.31 | AA21: ='18 '!G85 -> 20.36 | AB21: ='18 '!G86 -> 0 | AC21: ='18 '!G87 -> 16.1 | AD21: =Z21+AA21+AB21+AC21 -> 36.77 | AE21: =AU21+AV21+BE21+BF21 -> 8645.31 | AF21: =AE21/AD21 -> 235.11857 | AG21: ='18 '!G88 -> 8.89 | AH21: ='18 '!G89 -> 0 | AI21: ='18 '!G90 -> 7.78 | AJ21: =AG21+AH21+AI21 -> 16.67 | AK21: ='18 '!G91 -> 0 | AL21: ='18 '!G92 -> 10.39 | AN21: =AK21+AL21 -> 10.39 | AO21: ='18 '!G74 -> 296.51 | AP21: ='18 '!G35 -> 13.22 | AQ21: ='18 '!G37 -> 1804.68 | AR21: ='18 '!G38 -> 1865.97 | AS21: ='18 '!G39 -> 2891.16 | AT21: ='18 '!G40 -> 1.07 | AU21: ='18 '!G41 -> 0 | AV21: ='18 '!G42 -> 2732.98 | AW21: ='18 '!G43 -> 2870.4 | AX21: ='18 '!G44 -> 0 | AY21: ='18 '!G36 -> 1112.44 | AZ21: ='18 '!G49 -> 1684.06 | BA21: ='18 '!G51 -> 0 | BB21: ='18 '!G52 -> 0 | BC21: ='18 '!G53 -> 0 | BD21: ='18 '!G54 -> 5.47 | BE21: ='18 '!G55 -> 0 | BF21: ='18 '!G56 -> 5912.33 | BG21: ='18 '!G57 -> 0 | BH21: ='18 '!G50 -> 1613.28 | BI21: =SUM(AU21,AV21,BE21,BF21) -> 8645.31 | BJ21: ='18 '!G133 -> 778.93 | BK21: =SUM(AP21,AU21,AV21,AW21,AZ21,BE21,BF21,BG21)/H21% -> 49.12325 | BL21: =SUM(AS21,BC21)/H21% -> 10.748754 | BM21: =(AR21+BB21)/H21 -> 0.069373027 | BN21: =J21+N21+Q21+U21 -> 322524.23 | BO21: =SUM(AU21,AV21,AW21,BE21,BF21,BG21,BJ21) -> 12294.64 | BP21: =BO21/(AD21*280) -> 1.1941645
A22: 19 | B22: 19 | D22: ='19'!D3 -> 28 | E22: ='19'!D4 -> 0.9 | F22: ='19'!D2 -> 0.9298 | G22: ='19'!G7 -> 25465.64 | H22: ='19'!G8 -> 25802.36 | I22: 9 | J22: =H22*I22 -> 232221.24 | K22: =H22/202 -> 127.73446 | L22: ='19'!G15 -> 785.6 | M22: 56.2 | N22: =L22*M22 -> 44150.72 | O22: ='19'!G20 -> 325 | P22: 108 | Q22: =O22*P22 -> 35100 | R22: =O22/(F22*202/100) -> 173.03838 | S22: ='19'!G24 -> 0 | T22: 69 | U22: =S22*T22 -> 0 | V22: ='19'!G65 -> 95 | W22: ='19'!G66 -> 23 | X22: ='19'!G67 -> 33 | Y22: =V22+W22+X22 -> 151 | Z22: ='19'!G84 -> 0 | AA22: ='19'!G85 -> 9.13 | AB22: ='19'!G86 -> 0 | AC22: ='19'!G87 -> 24.02 | AD22: =Z22+AA22+AB22+AC22 -> 33.15 | AE22: =AU22+AV22+BE22+BF22 -> 7972.46 | AF22: =AE22/AD22 -> 240.49653 | AG22: ='19'!G88 -> 0.09 | AH22: ='19'!G89 -> 10.55 | AI22: ='19'!G90 -> 6.54 | AJ22: =AG22+AH22+AI22 -> 17.18 | AK22: ='19'!G91 -> 0 | AL22: ='19'!G92 -> 9.98 | AN22: =AK22+AL22 -> 9.98 | AO22: ='19'!G74 -> 286.02 | AP22: ='19'!G35 -> 4103.27 | AQ22: ='19'!G37 -> 1586.63 | AR22: ='19'!G38 -> 1808.79 | AS22: ='19'!G39 -> 2926.9 | AT22: ='19'!G40 -> 3.53 | AU22: ='19'!G41 -> 0 | AV22: ='19'!G42 -> 2143.18 | AW22: ='19'!G43 -> 2801.2 | AX22: ='19'!G44 -> 0 | AY22: ='19'!G36 -> 807.42 | AZ22: ='19'!G49 -> 1516.78 | BA22: ='19'!G51 -> 0 | BB22: ='19'!G52 -> 0 | BC22: ='19'!G53 -> 0 | BD22: ='19'!G54 -> 5.46 | BE22: ='19'!G55 -> 0 | BF22: ='19'!G56 -> 5829.28 | BG22: ='19'!G57 -> 0 | BH22: ='19'!G50 -> 1761.04 | BI22: =SUM(AU22,AV22,BE22,BF22) -> 7972.46 | BJ22: ='19'!G133 -> 793.15 | BK22: =SUM(AP22,AU22,AV22,AW22,AZ22,BE22,BF22,BG22)/H22% -> 63.5357 | BL22: =SUM(AS22,BC22)/H22% -> 11.343536 | BM22: =(AR22+BB22)/H22 -> 0.070101727 | BN22: =J22+N22+Q22+U22 -> 311471.96 | BO22: =SUM(AU22,AV22,AW22,BE22,BF22,BG22,BJ22) -> 11566.81 | BP22: =BO22/(AD22*280) -> 1.2461549
A23: 20 | B23: 20 | D23: ='20'!D3 -> 28 | E23: ='20'!D4 -> 0.78 | F23: ='20'!D2 -> 1 | G23: ='20'!G7 -> 26409.04 | H23: ='20'!G8 -> 26883.2 | I23: 9 | J23: =H23*I23 -> 241948.8 | K23: =H23/202 -> 133.08515 | L23: ='20'!G15 -> 1135.28 | M23: 56.2 | N23: =L23*M23 -> 63802.736 | O23: ='20'!G20 -> 271 | P23: 108 | Q23: =O23*P23 -> 29268 | R23: =O23/(F23*202/100) -> 134.15842 | S23: ='20'!G24 -> 0 | T23: 69 | U23: =S23*T23 -> 0 | V23: ='20'!G65 -> 102 | W23: ='20'!G66 -> 15 | X23: ='20'!G67 -> 31 | Y23: =V23+W23+X23 -> 148 | Z23: ='20'!G84 -> 0 | AA23: ='20'!G85 -> 11.96 | AB23: ='20'!G86 -> 0 | AC23: ='20'!G87 -> 24.41 | AD23: =Z23+AA23+AB23+AC23 -> 36.37 | AE23: =AU23+AV23+BE23+BF23 -> 8670.22 | AF23: =AE23/AD23 -> 238.38933 | AG23: ='20'!G88 -> 10.05 | AH23: ='20'!G89 -> 0 | AI23: ='20'!G90 -> 7.79 | AJ23: =AG23+AH23+AI23 -> 17.84 | AK23: ='20'!G91 -> 0 | AL23: ='20'!G92 -> 9.93 | AN23: =AK23+AL23 -> 9.93 | AO23: ='20'!G74 -> 284.37 | AP23: ='20'!G35 -> 2089.2 | AQ23: ='20'!G37 -> 1650.31 | AR23: ='20'!G38 -> 1897.07 | AS23: ='20'!G39 -> 2942.6 | AT23: ='20'!G40 -> 3.39 | AU23: ='20'!G41 -> 0 | AV23: ='20'!G42 -> 2711.58 | AW23: ='20'!G43 -> 2977.1 | AX23: ='20'!G44 -> 0 | AY23: ='20'!G36 -> 1243.59 | AZ23: ='20'!G49 -> 1594.8 | BA23: ='20'!G51 -> 0 | BB23: ='20'!G52 -> 0 | BC23: ='20'!G585 -> 0 | BD23: ='20'!G54 -> 5.81 | BE23: ='20'!G55 -> 0 | BF23: ='20'!G56 -> 5958.64 | BG23: ='20'!G57 -> 0 | BH23: ='20'!G50 -> 1214.96 | BI23: =SUM(AU23,AV23,BE23,BF23) -> 8670.22 | BJ23: ='20'!G133 -> 854.41 | BK23: =SUM(AP23,AU23,AV23,AW23,AZ23,BE23,BF23,BG23)/H23% -> 57.029372 | BL23: =SUM(AS23,BC23)/H23% -> 10.94587 | BM23: =(AR23+BB23)/H23 -> 0.07056712 | BN23: =J23+N23+Q23+U23 -> 335019.54 | BO23: =SUM(AU23,AV23,AW23,BE23,BF23,BG23,BJ23) -> 12501.73 | BP23: =BO23/(AD23*280) -> 1.2276336
A24: 21 | B24: 21 | D24: 21 | E24: ='21'!D4 -> 0.78 | F24: ='21'!D2 -> 0.8 | G24: ='21'!G7 -> 27181.66 | H24: ='21'!G8 -> 27602.04 | I24: 9 | J24: =H24*I24 -> 248418.36 | K24: =H24/202 -> 136.64376 | L24: ='21'!G15 -> 1044.04 | M24: 56.2 | N24: =L24*M24 -> 58675.048 | O24: ='21'!G20 -> 276 | P24: 108 | Q24: =O24*P24 -> 29808 | R24: =O24/(F24*202/100) -> 170.79208 | S24: ='21'!G24 -> 0 | T24: 69 | U24: =S24*T24 -> 0 | V24: ='21'!G65 -> 109 | W24: ='21'!G66 -> 25 | X24: ='21'!G67 -> 42 | Y24: =V24+W24+X24 -> 176 | Z24: ='21'!G84 -> 0 | AA24: ='21'!G85 -> 13.98 | AB24: ='21'!G86 -> 0 | AC24: ='21'!G87 -> 24.36 | AD24: =Z24+AA24+AB24+AC24 -> 38.34 | AE24: =AU24+AV24+BE24+BF24 -> 8485.46 | AF24: =AE24/AD24 -> 221.32134 | AG24: ='21'!G88 -> 8.96 | AH24: ='21'!G89 -> 0 | AI24: ='21'!G90 -> 5.98 | AJ24: =AG24+AH24+AI24 -> 14.94 | AK24: ='21'!G91 -> 0 | AL24: ='21'!G92 -> 10.11 | AN24: =AK24+AL24 -> 10.11 | AO24: ='21'!G74 -> 288.98 | AP24: ='21'!G35 -> 2011.96 | AQ24: ='21'!G37 -> 1626.58 | AR24: ='21'!G38 -> 1956.14 | AS24: ='21'!G39 -> 2957.14 | AT24: ='21'!G40 -> 6.76 | AU24: ='21'!G41 -> 0 | AV24: ='21'!G42 -> 3016.08 | AW24: ='21'!G43 -> 3011.8 | AX24: ='21'!G44 -> 0 | AY24: ='21'!G36 -> 1542.09 | AZ24: ='21'!G49 -> 1668.62 | BA24: ='21'!G51 -> 0 | BB24: ='21'!G52 -> 0 | BC24: ='21'!G53 -> 0 | BD24: ='21'!G54 -> 5.57 | BE24: ='21'!G55 -> 0 | BF24: ='21'!G56 -> 5469.38 | BG24: ='21'!G57 -> 0 | BH24: ='21'!G50 -> 1735.04 | BI24: =SUM(AU24,AV24,BE24,BF24) -> 8485.46 | BJ24: ='21'!G133 -> 916.51 | BK24: =SUM(AP24,AU24,AV24,AW24,AZ24,BE24,BF24,BG24)/H24% -> 54.98811 | BL24: =SUM(AS24,BC24)/H24% -> 10.713483 | BM24: =(AR24+BB24)/H24 -> 0.0708694 | BN24: =J24+N24+Q24+U24 -> 336901.41 | BO24: =SUM(AU24,AV24,AW24,BE24,BF24,BG24,BJ24) -> 12413.77 | BP24: =BO24/(AD24*280) -> 1.1563613
A25: 22 | B25: 22 | D25: ='22'!D3 -> 28 | E25: ='22'!D4 -> 0.9 | F25: ='22'!D2 -> 0.97 | G25: ='22'!G7 -> 25478.46 | H25: ='22'!G8 -> 25787.66 | I25: 9 | J25: =H25*I25 -> 232088.94 | K25: =H25/202 -> 127.66168 | L25: ='22'!G15 -> 1044.04 | M25: 56.2 | N25: =L25*M25 -> 58675.048 | O25: ='22'!G20 -> 260 | P25: 108 | Q25: =O25*P25 -> 28080 | R25: =O25/(F25*202/100) -> 132.69368 | S25: ='22'!G24 -> 0 | T25: 69 | U25: =S25*T25 -> 0 | V25: ='22'!G65 -> 112 | W25: ='22'!G66 -> 13 | X25: ='22'!G67 -> 28 | Y25: =V25+W25+X25 -> 153 | Z25: ='22'!G84 -> 0 | AA25: ='22'!G85 -> 23.62 | AB25: ='22'!G86 -> 0 | AC25: ='22'!G87 -> 14.32 | AD25: =Z25+AA25+AB25+AC25 -> 37.94 | AE25: =AU25+AV25+BE25+BF25 -> 7664.87 | AF25: =AE25/AD25 -> 202.02609 | AG25: ='22'!G88 -> 8.93 | AH25: ='22'!G89 -> 0 | AI25: ='22'!G90 -> 6.38 | AJ25: =AG25+AH25+AI25 -> 15.31 | AK25: ='22'!G91 -> 0 | AL25: ='22'!G92 -> 10.48 | AN25: =AK25+AL25 -> 10.48 | AO25: ='22'!G74 -> 297.27 | AP25: ='22'!G35 -> 2019.6 | AQ25: ='22'!G37 -> 1656.13 | AR25: ='22'!G38 -> 1904.18 | AS25: ='22'!G39 -> 3001.5 | AT25: ='22'!G40 -> 0.2 | AU25: ='22'!G41 -> -0.32 | AV25: ='22'!G42 -> 4884.94 | AW25: ='22'!G43 -> 2913.2 | AX25: ='22'!G44 -> 0 | AY25: ='22'!G36 -> 1392.41 | AZ25: ='22'!G49 -> 1647.62 | BA25: ='22'!G51 -> 0 | BB25: ='22'!G52 -> 0 | BC25: ='22'!G53 -> 0 | BD25: ='22'!G54 -> 5.68 | BE25: ='22'!G55 -> 0 | BF25: ='22'!G56 -> 2780.25 | BG25: ='22'!G57 -> 0 | BH25: ='22'!G50 -> 1158 | BI25: =SUM(AU25,AV25,BE25,BF25) -> 7664.87 | BJ25: ='22'!G133 -> 852.48 | BK25: =SUM(AP25,AU25,AV25,AW25,AZ25,BE25,BF25,BG25)/H25% -> 55.240724 | BL25: =SUM(AS25,BC25)/H25% -> 11.639288 | BM25: =(AR25+BB25)/H25 -> 0.073840744 | BN25: =J25+N25+Q25+U25 -> 318843.99 | BO25: =SUM(AU25,AV25,AW25,BE25,BF25,BG25,BJ25) -> 11430.55 | BP25: =BO25/(AD25*280) -> 1.0759988
A26: 23 | B26: 23 | D26: ='23'!D3 -> 28 | E26: ='23'!D4 -> 0.9 | F26: ='23'!D2 -> 0.9 | G26: ='23'!G7 -> 27714.3 | H26: ='23'!G8 -> 28205.54 | I26: 9 | J26: =H26*I26 -> 253849.86 | K26: =H26/202 -> 139.63139 | L26: ='23'!G15 -> 1060.32 | M26: 56.2 | N26: =L26*M26 -> 59589.984 | O26: ='23'!G20 -> 233 | P26: 108 | Q26: =O26*P26 -> 25164 | R26: =O26/(F26*202/100) -> 128.16282 | S26: ='23'!G24 -> 0 | T26: 69 | U26: =S26*T26 -> 0 | V26: ='23'!G65 -> 111 | W26: ='23'!G66 -> 19 | X26: ='23'!G67 -> 28 | Y26: =V26+W26+X26 -> 158 | Z26: ='23'!G84 -> 0 | AA26: ='23'!G85 -> 15.5 | AB26: ='23'!G86 -> 0 | AC26: ='23'!G87 -> 24.13 | AD26: =Z26+AA26+AB26+AC26 -> 39.63 | AE26: =AU26+AV26+BE26+BF26 -> 9030.97 | AF26: =AE26/AD26 -> 227.88216 | AG26: ='23'!G88 -> 1.87 | AH26: ='23'!G89 -> 8.39 | AI26: ='23'!G90 -> 5.47 | AJ26: =AG26+AH26+AI26 -> 15.73 | AK26: ='23'!G91 -> 0 | AL26: ='23'!G92 -> 10.16 | AN26: =AK26+AL26 -> 10.16 | AO26: ='23'!G74 -> 288.32 | AP26: ='23'!G35 -> 1993.84 | AQ26: ='23'!G37 -> 1625.34 | AR26: ='23'!G38 -> 1918.3 | AS26: ='23'!G39 -> 3091.34 | AT26: ='23'!G40 -> 3.98 | AU26: ='23'!G41 -> 0 | AV26: ='23'!G42 -> 3489.94 | AW26: ='23'!G43 -> 3055.6 | AX26: ='23'!G44 -> 0 | AY26: ='23'!G36 -> 1366.88 | AZ26: ='23'!G49 -> 1708.8 | BA26: ='23'!G51 -> 0 | BB26: ='23'!G52 -> 0 | BC26: ='23'!G53 -> 0 | BD26: ='23'!G54 -> 5.62 | BE26: ='23'!G55 -> 0 | BF26: ='23'!G56 -> 5541.03 | BG26: ='23'!G57 -> 0 | BH26: ='23'!G50 -> 1756.88 | BI26: =SUM(AU26,AV26,BE26,BF26) -> 9030.97 | BJ26: ='23'!G133 -> 890.36 | BK26: =SUM(AP26,AU26,AV26,AW26,AZ26,BE26,BF26,BG26)/H26% -> 55.979109 | BL26: =SUM(AS26,BC26)/H26% -> 10.960045 | BM26: =(AR26+BB26)/H26 -> 0.068011462 | BN26: =J26+N26+Q26+U26 -> 338603.84 | BO26: =SUM(AU26,AV26,AW26,BE26,BF26,BG26,BJ26) -> 12976.93 | BP26: =BO26/(AD26*280) -> 1.1694721
A27: 24 | B27: 24 | D27: ='24'!D3 -> 29 | E27: ='24'!D4 -> 0.79 | F27: ='24'!D2 -> 0.82 | G27: ='24'!G7 -> 26164.09 | H27: ='24'!G8 -> 26510.67 | I27: 9 | J27: =H27*I27 -> 238596.03 | K27: =H27/202 -> 131.24094 | L27: ='24'!G15 -> 1071.6 | M27: 56.2 | N27: =L27*M27 -> 60223.92 | O27: ='24'!G20 -> 235 | P27: 108 | Q27: =O27*P27 -> 25380 | R27: =O27/(F27*202/100) -> 141.87394 | S27: ='24'!G24 -> 0 | T27: 69 | U27: =S27*T27 -> 0 | V27: ='24'!G65 -> 93 | W27: ='24'!G66 -> 12 | X27: ='24'!G67 -> 24 | Y27: =V27+W27+X27 -> 129 | Z27: ='24'!G84 -> 0 | AA27: ='24'!G85 -> 12.96 | AB27: ='24'!G86 -> 0 | AC27: ='24'!G87 -> 23.66 | AD27: =Z27+AA27+AB27+AC27 -> 36.62 | AE27: =AU27+AV27+BE27+BF27 -> 8544.23 | AF27: =AE27/AD27 -> 233.32141 | AG27: ='24'!G88 -> 0 | AH27: ='24'!G89 -> 10.25 | AI27: ='24'!G90 -> 5.38 | AJ27: =AG27+AH27+AI27 -> 15.63 | AK27: ='24'!G91 -> 0 | AL27: ='24'!G92 -> 9.83 | AN27: =AK27+AL27 -> 9.83 | AO27: ='24'!G74 -> 281.29 | AP27: ='24'!G35 -> 1981.96 | AQ27: ='24'!G37 -> 1598.93 | AR27: ='24'!G38 -> 1926.46 | AS27: ='24'!G39 -> 2994.51 | AT27: ='24'!G40 -> 11.87 | AU27: ='24'!G41 -> 0 | AV27: ='24'!G42 -> 2891.31 | AW27: ='24'!G43 -> 2995.7 | AX27: ='24'!G44 -> 0 | AY27: ='24'!G36 -> 878.87 | AZ27: ='24'!G49 -> 1658.83 | BA27: ='24'!G51 -> 0 | BB27: ='24'!G52 -> 0 | BC27: ='24'!G53 -> 0 | BD27: ='24'!G54 -> 4.89 | BE27: ='24'!G55 -> 0 | BF27: ='24'!G56 -> 5652.92 | BG27: ='24'!G57 -> 0 | BH27: ='24'!G50 -> 1395.13 | BI27: =SUM(AU27,AV27,BE27,BF27) -> 8544.23 | BJ27: ='24'!G133 -> 807.61 | BK27: =SUM(AP27,AU27,AV27,AW27,AZ27,BE27,BF27,BG27)/H27% -> 57.26268 | BL27: =SUM(AS27,BC27)/H27% -> 11.29549 | BM27: =(AR27+BB27)/H27 -> 0.072667345 | BN27: =J27+N27+Q27+U27 -> 324199.95 | BO27: =SUM(AU27,AV27,AW27,BE27,BF27,BG27,BJ27) -> 12347.54 | BP27: =BO27/(AD27*280) -> 1.2042151
A28: 25 | B28: 25 | D28: ='25'!D3 -> 27 | E28: ='25'!D4 -> 0.78 | F28: ='25'!D2 -> 0.85 | G28: ='25'!G7 -> 21500 | H28: ='25'!G8 -> 21500 | I28: 9 | J28: =H28*I28 -> 193500 | K28: =H28/202 -> 106.43564 | L28: ='25'!G15 -> -26897 | M28: 56.2 | N28: =L28*M28 -> -1511611.4 | O28: ='25'!G20 -> -1452 | P28: 108 | Q28: =O28*P28 -> -156816 | R28: =O28/(F28*202/100) -> -845.66104 | S28: ='25'!G24 -> 0 | T28: 69 | U28: =S28*T28 -> 0 | V28: ='25'!G65 -> -3042 | W28: ='25'!G66 -> -638 | X28: ='25'!G67 -> -822 | Y28: =V28+W28+X28 -> -4502 | Z28: ='25'!G84 -> -59.31 | AA28: ='25'!G85 -> -156.51 | AB28: ='25'!G86 -> -0.47 | AC28: ='25'!G87 -> -686.43 | AD28: =Z28+AA28+AB28+AC28 -> -902.72 | AE28: =AU28+AV28+BE28+BF28 -> -158046.79 | AF28: =AE28/AD28 -> 175.07842 | AG28: ='25'!G88 -> -153.69 | AH28: ='25'!G89 -> -138 | AI28: ='25'!G90 -> -168 | AJ28: =AG28+AH28+AI28 -> -459.69 | AK28: ='25'!G91 -> -31.32 | AL28: ='25'!G92 -> -274.55 | AN28: =AK28+AL28 -> -305.87 | AO28: ='25'!G74 -> -8648 | AP28: ='25'!G35 -> -60272 | AQ28: ='25'!G37 -> -48050 | AR28: ='25'!G38 -> -55028 | AS28: ='25'!G39 -> -87726 | AT28: ='25'!G40 -> -92 | AU28: ='25'!G41 -> -11805.79 | AW28: ='25'!G43 -> -82526 | AX28: ='25'!G44 -> 0 | AY28: ='25'!G36 -> -28734 | AZ28: ='25'!G49 -> -47119 | BA28: ='25'!G51 -> 0 | BB28: ='25'!G52 -> 0 | BC28: ='25'!G53 -> 0 | BD28: ='24'!G54 -> 4.89 | BE28: ='25'!G55 -> 0 | BF28: ='25'!G56 -> -146241 | BG28: ='25'!G57 -> 0 | BH28: ='25'!G50 -> -39020 | BI28: =SUM(AU28,AV28,BE28,BF28) -> -158046.79 | BJ28: ='25'!G133 -> -22497 | BK28: =SUM(AP28,AU28,AV28,AW28,AZ28,BE28,BF28,BG28)/H28% -> -1618.4362 | BL28: =SUM(AS28,BC28)/H28% -> -408.02791 | BM28: =(AR28+BB28)/H28 -> -2.5594419 | BN28: =J28+N28+Q28+U28 -> -1474927.4 | BO28: =SUM(AU28,AV28,AW28,BE28,BF28,BG28,BJ28) -> -263069.79 | BP28: =BO28/(AD28*280) -> 1.0407823
A29: 26 | B29: 26 | D29: ='26'!D3 -> 26 | E29: ='26'!D4 -> 0.8 | F29: ='26'!D2 -> 0.97 | G29: ='26'!G7 -> 21500 | H29: ='26'!G8 -> 21500 | I29: 9 | J29: =H29*I29 -> 193500 | K29: =H29/202 -> 106.43564 | L29: ='26'!G15 -> 1051 | M29: 56.2 | N29: =L29*M29 -> 59066.2 | O29: ='26'!G20 -> 268 | P29: 108 | Q29: =O29*P29 -> 28944 | R29: =O29/(F29*202/100) -> 136.77656 | S29: ='26'!G24 -> 0 | T29: 69 | U29: =S29*T29 -> 0 | V29: ='26'!G65 -> 98 | W29: ='26'!G66 -> 20 | X29: ='26'!G67 -> 20 | Y29: =V29+W29+X29 -> 138 | Z29: ='26'!G84 -> 10 | AA29: ='26'!G85 -> 0 | AB29: ='26'!G86 -> 0 | AC29: ='26'!G87 -> 24.43 | AD29: =Z29+AA29+AB29+AC29 -> 34.43 | AE29: =AU29+AV29+BE29+BF29 -> 6682 | AF29: =AE29/AD29 -> 194.07493 | AG29: ='26'!G88 -> 10 | AH29: ='26'!G89 -> 0 | AI29: ='26'!G90 -> 6 | AJ29: =AG29+AH29+AI29 -> 16 | AK29: ='26'!G91 -> 10.97 | AL29: ='26'!G92 -> 0 | AN29: =AK29+AL29 -> 10.97 | AO29: ='26'!G74 -> 278 | AP29: ='26'!G35 -> 2012 | AQ29: ='26'!G37 -> 1587 | AR29: ='26'!G38 -> 1788 | AS29: ='26'!G39 -> 2889 | AT29: ='26'!G40 -> 7 | AU29: ='26'!G41 -> 2037 | AV29: ='26'!G42 -> 0 | AW29: ='26'!G43 -> 2994 | AX29: ='26'!G44 -> 0 | AY29: ='26'!G36 -> 1173 | AZ29: ='26'!G49 -> 1393 | BA29: ='26'!G51 -> 0 | BB29: ='26'!G52 -> 0 | BC29: ='26'!G53 -> 0 | BD29: ='26'!G54 -> 5 | BE29: ='26'!G55 -> 0 | BF29: ='26'!G56 -> 4645 | BG29: ='26'!G57 -> 0 | BH29: ='26'!G50 -> 1637 | BI29: =SUM(AU29,AV29,BE29,BF29) -> 6682 | BJ29: ='26'!G133 -> 783 | BK29: =SUM(AP29,AU29,AV29,AW29,AZ29,BE29,BF29,BG29)/H29% -> 60.84186 | BL29: =SUM(AS29,BC29)/H29% -> 13.437209 | BM29: =(AR29+BB29)/H29 -> 0.083162791 | BN29: =J29+N29+Q29+U29 -> 281510.2 | BO29: =SUM(AU29,AV29,AW29,BE29,BF29,BG29,BJ29) -> 10459 | BP29: =BO29/(AD29*280) -> 1.0849135
A30: 27 | B30: 27 | D30: ='27'!D3 -> 26 | E30: ='27'!D4 -> 0.8 | F30: ='27'!D2 -> 0.98 | G30: ='27'!G7 -> 21500 | H30: ='27'!G8 -> 21500 | I30: 9 | J30: =H30*I30 -> 193500 | K30: =H30/202 -> 106.43564 | L30: ='27'!G15 -> 990 | M30: 56.2 | N30: =L30*M30 -> 55638 | O30: ='27'!G20 -> 236 | P30: 108 | Q30: =O30*P30 -> 25488 | R30: =O30/(F30*202/100) -> 119.216 | S30: ='27'!G24 -> 0 | T30: 69 | U30: =S30*T30 -> 0 | V30: ='27'!G65 -> 85 | W30: ='27'!G66 -> 18 | X30: ='27'!G67 -> 22 | Y30: =V30+W30+X30 -> 125 | Z30: ='27'!G84 -> 6 | AA30: ='27'!G85 -> 0 | AB30: ='27'!G86 -> 0 | AC30: ='27'!G87 -> 24 | AD30: =Z30+AA30+AB30+AC30 -> 30 | AE30: =AU30+AV30+BE30+BF30 -> 5951.87 | AF30: =AE30/AD30 -> 198.39567 | AG30: ='27'!G88 -> 10 | AH30: ='27'!G89 -> 0 | AI30: ='27'!G90 -> 0.58 | AJ30: =AG30+AH30+AI30 -> 10.58 | AK30: ='27'!G91 -> 11.03 | AL30: ='27'!G92 -> 0.05 | AN30: =AK30+AL30 -> 11.08 | AO30: ='27'!G74 -> 292 | AP30: ='27'!G35 -> 2085 | AQ30: ='27'!G37 -> 1560 | AR30: ='27'!G38 -> 1787 | AS30: ='27'!G39 -> 2898 | AT30: ='27'!G40 -> 3 | AU30: ='27'!G41 -> 1104 | AV30: ='27'!G42 -> -0.13 | AW30: ='27'!G43 -> 2845 | AX30: ='27'!G44 -> 0 | AY30: ='27'!G36 -> 911 | AZ30: ='27'!G49 -> 1465 | BA30: ='27'!G51 -> 0 | BB30: ='27'!G52 -> 0 | BC30: ='27'!G53 -> 0 | BD30: ='27'!G54 -> 5 | BE30: ='27'!G55 -> 0 | BF30: ='27'!G56 -> 4848 | BG30: ='27'!G57 -> 0 | BH30: ='27'!G50 -> 1482 | BI30: =SUM(AU30,AV30,BE30,BF30) -> 5951.87 | BJ30: ='27'!G133 -> 782 | BK30: =SUM(AP30,AU30,AV30,AW30,AZ30,BE30,BF30,BG30)/H30% -> 57.427302 | BL30: =SUM(AS30,BC30)/H30% -> 13.47907 | BM30: =(AR30+BB30)/H30 -> 0.083116279 | BN30: =J30+N30+Q30+U30 -> 274626 | BO30: =SUM(AU30,AV30,AW30,BE30,BF30,BG30,BJ30) -> 9578.87 | BP30: =BO30/(AD30*280) -> 1.1403417
A31: 28 | B31: 28 | D31: ='28'!D3 -> 28 | E31: ='28'!D4 -> 0.78 | F31: ='28'!D2 -> 0.92 | G31: ='28'!G7 -> 21500 | H31: ='28'!G8 -> 21500 | I31: 9 | J31: =H31*I31 -> 193500 | K31: =H31/202 -> 106.43564 | L31: ='28'!G15 -> 1091 | M31: 56.2 | N31: =L31*M31 -> 61314.2 | O31: ='28'!G20 -> 252 | P31: 108 | Q31: =O31*P31 -> 27216 | R31: =O31/(F31*202/100) -> 135.60052 | S31: ='28'!G24 -> 0 | T31: 69 | U31: =S31*T31 -> 0 | V31: ='28'!G65 -> 103 | W31: ='28'!G66 -> 17 | X31: ='28'!G67 -> 24 | Y31: =V31+W31+X31 -> 144 | Z31: ='28'!G84 -> 0 | AA31: ='28'!G85 -> 0 | AB31: ='28'!G86 -> 0 | AC31: ='28'!G87 -> 24 | AD31: =Z31+AA31+AB31+AC31 -> 24 | AE31: =AU31+AV31+BE31+BF31 -> 4898.13 | AF31: =AE31/AD31 -> 204.08875 | AG31: ='28'!G88 -> 9 | AH31: ='28'!G89 -> 0 | AI31: ='28'!G90 -> 10.42 | AJ31: =AG31+AH31+AI31 -> 19.42 | AK31: ='28'!G91 -> 9 | AL31: ='28'!G92 -> 1 | AN31: =AK31+AL31 -> 10 | AO31: ='28'!G74 -> 296 | AP31: ='28'!G35 -> 2018 | AQ31: ='28'!G37 -> 1572 | AR31: ='28'!G38 -> 1758 | AS31: ='28'!G39 -> 2896 | AT31: ='28'!G40 -> 0.68 | AU31: ='28'!G41 -> 0 | AV31: ='28'!G42 -> 0.13 | AW31: ='28'!G43 -> 2613 | AX31: ='28'!G44 -> 0 | AY31: ='28'!G36 -> 823 | AZ31: ='28'!G49 -> 1605 | BA31: ='28'!G51 -> 0 | BB31: ='28'!G52 -> 0 | BC31: ='28'!G53 -> 0 | BD31: ='28'!G54 -> 5 | BE31: ='28'!G55 -> 0 | BF31: ='28'!G56 -> 4898 | BG31: ='28'!G57 -> 0 | BH31: ='28'!G50 -> 1186 | BI31: =SUM(AU31,AV31,BE31,BF31) -> 4898.13 | BJ31: ='28'!G133 -> 786 | BK31: =SUM(AP31,AU31,AV31,AW31,AZ31,BE31,BF31,BG31)/H31% -> 51.786651 | BL31: =SUM(AS31,BC31)/H31% -> 13.469767 | BM31: =(AR31+BB31)/H31 -> 0.081767442 | BN31: =J31+N31+Q31+U31 -> 282030.2 | BO31: =SUM(AU31,AV31,AW31,BE31,BF31,BG31,BJ31) -> 8297.13 | BP31: =BO31/(AD31*280) -> 1.234692
A32: 29 | B32: 29 | D32: ='29'!D3 -> 28 | E32: ='29'!D4 -> 0.8 | F32: ='29'!D2 -> 0.95 | G32: ='29'!G7 -> 21500 | H32: ='29'!G8 -> 21500 | I32: 9 | J32: =H32*I32 -> 193500 | K32: =H32/202 -> 106.43564 | L32: ='29'!G15 -> 1008 | M32: 56.2 | N32: =L32*M32 -> 56649.6 | O32: ='29'!G20 -> 241 | P32: 108 | Q32: =O32*P32 -> 26028 | R32: =O32/(F32*202/100) -> 125.58624 | S32: ='29'!G24 -> 0 | T32: 69 | U32: =S32*T32 -> 0 | V32: ='29'!G65 -> 95 | W32: ='29'!G66 -> 17 | X32: ='29'!G67 -> 27 | Y32: =V32+W32+X32 -> 139 | Z32: ='29'!G84 -> 3.56 | AA32: ='29'!G85 -> 0 | AB32: ='29'!G86 -> 0 | AC32: ='29'!G87 -> 24 | AD32: =Z32+AA32+AB32+AC32 -> 27.56 | AE32: =AU32+AV32+BE32+BF32 -> 4614.63 | AF32: =AE32/AD32 -> 167.4394 | AG32: ='29'!G88 -> 9 | AH32: ='29'!G89 -> 0 | AI32: ='29'!G90 -> 4.73 | AJ32: =AG32+AH32+AI32 -> 13.73 | AK32: ='29'!G91 -> 0 | AL32: ='29'!G92 -> 10 | AN32: =AK32+AL32 -> 10 | AO32: ='29'!G74 -> 284 | AP32: ='29'!G35 -> 2023 | AQ32: ='29'!G37 -> 1567 | AR32: ='29'!G38 -> 1767 | AS32: ='29'!G39 -> 2897 | AT32: ='29'!G40 -> 0.09 | AU32: ='29'!G41 -> 640 | AV32: ='29'!G42 -> -0.37 | AW32: ='29'!G43 -> 2596 | AX32: ='29'!G44 -> 0 | AY32: ='29'!G36 -> 1004 | AZ32: ='29'!G49 -> 1605 | BA32: ='29'!G51 -> 0 | BB32: ='29'!G52 -> 0 | BC32: ='29'!G53 -> 0 | BD32: ='29'!G54 -> 4 | BE32: ='29'!G55 -> 0 | BF32: ='29'!G56 -> 3975 | BG32: ='29'!G57 -> 0 | BH32: ='29'!G50 -> 1480 | BI32: =SUM(AU32,AV32,BE32,BF32) -> 4614.63 | BJ32: ='29'!G133 -> 791 | BK32: =SUM(AP32,AU32,AV32,AW32,AZ32,BE32,BF32,BG32)/H32% -> 50.412233 | BL32: =SUM(AS32,BC32)/H32% -> 13.474419 | BM32: =(AR32+BB32)/H32 -> 0.082186047 | BN32: =J32+N32+Q32+U32 -> 276177.6 | BO32: =SUM(AU32,AV32,AW32,BE32,BF32,BG32,BJ32) -> 8001.63 | BP32: =BO32/(AD32*280) -> 1.0369104
A33: 30 | B33: 30 | D33: ='30'!D3 -> 28 | E33: ='30'!D4 -> 0.8 | F33: ='30'!D2 -> 0.98 | G33: ='30'!G7 -> 21500 | H33: ='30'!G8 -> 21500 | I33: 9 | J33: =H33*I33 -> 193500 | K33: =H33/202 -> 106.43564 | L33: ='30'!G15 -> 988 | M33: 56.2 | N33: =L33*M33 -> 55525.6 | O33: ='30'!G20 -> 247 | P33: 108 | Q33: =O33*P33 -> 26676 | R33: =O33/(F33*202/100) -> 124.77268 | S33: ='30'!G24 -> 0 | T33: 69 | U33: =S33*T33 -> 0 | V33: ='30'!G65 -> 95 | W33: ='30'!G66 -> 21 | X33: ='30'!G67 -> 30 | Y33: =V33+W33+X33 -> 146 | Z33: ='30'!G84 -> 0 | AA33: ='30'!G85 -> 0 | AB33: ='30'!G86 -> 0 | AC33: ='30'!G87 -> 24 | AD33: =Z33+AA33+AB33+AC33 -> 24 | AE33: =AU33+AV33+BE33+BF33 -> 4439.37 | AF33: =AE33/AD33 -> 184.97375 | AG33: ='30'!G88 -> 9 | AH33: ='30'!G89 -> 0 | AI33: ='30'!G90 -> 4.27 | AJ33: =AG33+AH33+AI33 -> 13.27 | AK33: ='30'!G91 -> 0 | AL33: ='30'!G92 -> 11 | AN33: =AK33+AL33 -> 11 | AO33: ='30'!G74 -> 293 | AP33: ='30'!G35 -> 1883 | AQ33: ='30'!G37 -> 1613 | AR33: ='30'!G38 -> 1863 | AS33: ='30'!G39 -> 2973 | AT33: ='30'!G40 -> 3.23 | AU33: ='30'!G41 -> 0 | AV33: ='30'!G42 -> 0.37 | AW33: ='30'!G43 -> 2543 | AX33: ='30'!G44 -> 0 | AY33: ='30'!G36 -> 816 | AZ33: ='30'!G49 -> 1545 | BA33: ='30'!G51 -> 0 | BB33: ='30'!G52 -> 0 | BC33: ='30'!G53 -> 0 | BD33: ='30'!G54 -> 5 | BE33: ='30'!G55 -> 0 | BF33: ='30'!G56 -> 4439 | BG33: ='30'!G57 -> 0 | BH33: ='30'!G50 -> 1355 | BI33: =SUM(AU33,AV33,BE33,BF33) -> 4439.37 | BJ33: ='30'!G133 -> 761 | BK33: =SUM(AP33,AU33,AV33,AW33,AZ33,BE33,BF33,BG33)/H33% -> 48.420326 | BL33: =SUM(AS33,BC33)/H33% -> 13.827907 | BM33: =(AR33+BB33)/H33 -> 0.086651163 | BN33: =J33+N33+Q33+U33 -> 275701.6 | BO33: =SUM(AU33,AV33,AW33,BE33,BF33,BG33,BJ33) -> 7743.37 | BP33: =BO33/(AD33*280) -> 1.1522872
A34: 31 | B34: 31 | D34: 30 | E34: ='30'!D5 -> Unit | F34: ='30'!D3 -> 28 | G34: ='31'!G7 -> 21500 | H34: ='31'!G8 -> 21500 | I34: 9 | J34: =H34*I34 -> 193500 | K34: =H34/202 -> 106.43564 | L34: ='31'!G15 -> 1024.96 | M34: 56.2 | N34: =L34*M34 -> 57602.752 | O34: ='31'!G20 -> 269 | P34: 108 | Q34: =O34*P34 -> 29052 | R34: =O34/(F34*202/100) -> 4.7560113 | S34: ='30'!G25 -> 0 | T34: 70 | U34: =S34*T34 -> 0 | V34: ='31'!G65 -> 112 | W34: ='31'!G66 -> 24 | X34: ='31'!G67 -> 32 | Y34: =V34+W34+X34 -> 168 | Z34: ='31'!G84 -> 0 | AA34: ='31'!G85 -> 0 | AB34: ='31'!G86 -> 0 | AC34: ='31'!G87 -> 24 | AD34: =Z34+AA34+AB34+AC34 -> 24 | AE34: =AU34+AV34+BE34+BF34 -> 4806.79 | AF34: =AE34/AD34 -> 200.28292 | AG34: ='31'!G88 -> 8.57 | AH34: ='31'!G89 -> 0.38 | AI34: ='31'!G90 -> 9.41 | AJ34: =AG34+AH34+AI34 -> 18.36 | AK34: ='31'!G91 -> 0.32 | AL34: ='31'!G92 -> 9.82 | AN34: =AK34+AL34 -> 10.14 | AO34: ='31'!G74 -> 292.231 | AP34: ='31'!G35 -> 1931.67 | AQ34: ='31'!G37 -> 1594.83 | AR34: ='31'!G38 -> 1838.04 | AS34: ='31'!G39 -> 2988.05 | AT34: ='31'!G40 -> 1.37 | AU34: ='31'!G41 -> 0.83 | AV34: ='31'!G42 -> -0.33 | AW34: ='31'!G43 -> 2606.4 | AX34: ='31'!G44 -> 0 | AY34: ='31'!G36 -> 684.67 | AZ34: ='31'!G49 -> 1531.39 | BA34: ='31'!G51 -> 0 | BB34: ='31'!G52 -> 0 | BC34: ='31'!G53 -> 0 | BD34: ='31'!G54 -> 4.49 | BE34: ='31'!G55 -> 0 | BF34: ='31'!G56 -> 4806.29 | BG34: ='31'!G57 -> 0 | BH34: ='31'!G50 -> 1308.31 | BI34: =SUM(AU34,AV34,BE34,BF34) -> 4806.79 | BJ34: ='31'!G133 -> 761.29 | BK34: =SUM(AP34,AU34,AV34,AW34,AZ34,BE34,BF34,BG34)/H34% -> 50.587209 | BL34: =SUM(AS34,BC34)/H34% -> 13.897907 | BM34: =(AR34+BB34)/H34 -> 0.085490233 | BN34: =J34+N34+Q34+U34 -> 280154.75 | BO34: =SUM(AU34,AV34,AW34,BE34,BF34,BG34,BJ34) -> 8174.48 | BP34: =BO34/(AD34*280) -> 1.2164405
A35: Total | D35: =AVERAGE(D4:D34) -> 27.580645 | F35: =AVERAGE(F4:F34) -> 1.627871 | G35: =SUM(G4:G34) -> 718955.7 | H35: =SUM(H4:H34) -> 727550.1 | I35: 9 | J35: =SUM(J4:J34) -> 6547950.9 | K35: =SUM(K4:K34) -> 3601.7332 | L35: =SUM(L4:L34) -> 2736.15 | M35: =SUM(M4:M34) -> 1742.2 | N35: =SUM(N4:N34) -> 153771.63 | O35: =SUM(O4:O34) -> 6270 | P35: =SUM(P4:P34) -> 3348 | Q35: =SUM(Q4:Q34) -> 677160 | ... BN35: =SUM(BN4:BN34) -> 7378882.5 | BO35: =SUM(AU35,AV35,AW35,BE35,BF35,BG35,BJ35) -> 34702.67 | BP35: =BO35/(AD35*280) -> #DIV/0!
B36: =B18-B17 -> 1 | C36: =C18-C17 -> 0 | D36: =D18-D17 -> 2 | E36: =E18-E17 -> 0.19 | F36: =F18-F17 -> 0.19 | H36: =H18-H17 -> 2494.32 | I36: =I18-I17 -> 0 | J36: =J18-J17 -> 22448.88 | K36: =K18-K17 -> 12.348119 | L36: =L18-L17 -> -228.77 | M36: =M18-M17 -> 0 | N36: =N18-N17 -> -12856.874 | O36: =O18-O17 -> -57 | ... AN36: =AN18-AN17 -> -0.91 | AP36: =AP18-AP17 -> 193.37 | AQ36: =AQ18-AQ17 -> 36.88 | AR36: =AR18-AR17 -> -85.44 | AS36: =AS18-AS17 -> 130.21 | AT36: =AT18-AT17 -> 0.71 | AU36: =AU18-AU17 -> -4190.89 | AV36: =AV18-AV17 -> 1965.59 | AW36: =AW18-AW17 -> 217.5 | AZ36: =AZ18-AZ17 -> -29.67 | BA36: =BA18-BA17 -> 0 | BB36: =BB18-BB17 -> 0 | BC36: =BC18-BC17 -> 0 | BD36: =BD18-BD17 -> -0.57 | BE36: =BE18-BE17 -> 0 | BF36: =BF18-BF17 -> 3076.81 | BG36: =BG18-BG17 -> 0 | BK36: =BK18-BK17 -> -0.50562817 | BL36: =BL18-BL17 -> -0.74169082 | BN36: =BN18-BN17 -> 3436.006 | BO36: =BO18-BO17 -> 1040.99
F37: =AVERAGE(F4:F35) -> 1.627871 | H37: =AVERAGE(H4:H35) -> 45471.881
B38: Guest complaint | F38: =AVERAGE(F4:F35) -> 1.627871
BI41: =(BI31+BJ31)/400 -> 14.210325

Sheet Occupancy
B1: Hotel Paid Occupancy Occ% | C1: Room Nights | D1: Comp Night | E1: Cummulative % | F1: Total Covers Guests | G1: Total Room Nights | H1: Paid occ % | J1: KWH/Room
A2: 1 | B2: =C2/202% -> 59.405941 | C2: 120 | D2: 7 | E2: =SUM(C2:D2)/202% -> 62.871287 | F2: 514 | G2: =C2+D2 -> 127 | H2: =C2/202% -> 59.405941 | J2: ='Section Load'!C5/G2 -> 171.72417 | K2: =10/202 -> 0.04950495
A3: 2 | B3: =C3/202% -> 50.49505 | C3: 102 | D3: 7 | E3: =SUM(C3:D3)/202% -> 53.960396 | F3: 502 | G3: =C3+D3 -> 109 | H3: =C3/202% -> 50.49505 | J3: ='Section Load'!C6/G3 -> 210.58789
A4: 3 | B4: =C4/202% -> 41.584158 | C4: 84 | D4: 7 | E4: =SUM(C4:D4)/202% -> 45.049505 | F4: 363 | G4: =C4+D4 -> 91 | H4: =C4/202% -> 41.584158 | J4: ='Section Load'!C7/G4 -> 247.11813 | Q4: =C2/202 -> 0.59405941
A5: 4 | B5: =C5/202% -> 38.118812 | C5: 77 | D5: 7 | E5: =SUM(C5:D5)/202% -> 41.584158 | F5: 386 | G5: =C5+D5 -> 84 | H5: =C5/202% -> 38.118812 | J5: ='Section Load'!C8/G5 -> 248.01679
A6: 5 | B6: =C6/202% -> 77.722772 | C6: 157 | D6: 8 | E6: =SUM(C6:D6)/202% -> 81.683168 | F6: 675 | G6: =C6+D6 -> 165 | H6: =C6/202% -> 77.722772 | J6: ='Section Load'!C9/G6 -> 146.58721
A7: 6 | B7: =C7/202% -> 87.128713 | C7: 176 | D7: 8 | E7: =SUM(C7:D7)/202% -> 91.089109 | F7: 588 | G7: =C7+D7 -> 184 | H7: =C7/202% -> 87.128713 | J7: ='Section Load'!C10/G7 -> 124.11712
A8: 7 | B8: =C8/202% -> 74.752475 | C8: 151 | D8: 8 | E8: =SUM(C8:D8)/202% -> 78.712871 | F8: 525 | G8: =C8+D8 -> 159 | H8: =C8/202% -> 74.752475 | J8: ='Section Load'!C11/G8 -> 138.05686
A9: 8 | B9: =C9/202% -> 53.465347 | C9: 108 | D9: 9 | E9: =SUM(C9:D9)/202% -> 57.920792 | F9: 464 | G9: =C9+D9 -> 117 | H9: =C9/202% -> 53.465347 | J9: ='Section Load'!C12/G9 -> 187.79692
A10: 9 | B10: =C10/202% -> 55.940594 | C10: 113 | D10: 15 | E10: =SUM(C10:D10)/202% -> 63.366337 | F10: 385 | G10: =C10+D10 -> 128 | H10: =C10/202% -> 55.940594 | J10: ='Section Load'!C13/G10 -> 170.45445
A11: 10 | B11: =C11/202% -> 67.821782 | C11: 137 | D11: 14 | E11: =SUM(C11:D11)/202% -> 74.752475 | F11: 503 | G11: =C11+D11 -> 151 | H11: =C11/202% -> 67.821782 | J11: ='Section Load'!C14/G11 -> 139.13907
A12: 11 | B12: =C12/202% -> 75.742574 | C12: 153 | D12: 13 | E12: =SUM(C12:D12)/202% -> 82.178218 | F12: 521 | G12: =C12+D12 -> 166 | H12: =C12/202% -> 75.742574 | J12: ='Section Load'!C15/G12 -> 124.00602
A13: 12 | B13: =C13/202% -> 78.217822 | C13: 158 | D13: 8 | E13: =SUM(C13:D13)/202% -> 82.178218 | F13: 684 | G13: =C13+D13 -> 166 | H13: =C13/202% -> 78.217822 | J13: ='Section Load'!C16/G13 -> 135.08434
A14: 13 | B14: =C14/202% -> 68.811881 | C14: 139 | D14: 9 | E14: =SUM(C14:D14)/202% -> 73.267327 | F14: 756 | G14: =C14+D14 -> 148 | H14: =C14/202% -> 68.811881 | J14: ='Section Load'!C17/G14 -> 164.52703
A15: 14 | B15: =C15/202% -> 60.39604 | C15: 122 | D15: 9 | E15: =SUM(C15:D15)/202% -> 64.851485 | F15: 709 | G15: =C15+D15 -> 131 | H15: =C15/202% -> 60.39604 | J15: ='Section Load'!C18/G15 -> 170.85496
A16: 15 | B16: =C16/202% -> 67.326733 | C16: 136 | D16: 9 | E16: =SUM(C16:D16)/202% -> 71.782178 | F16: 491 | G16: =C16+D16 -> 145 | H16: =C16/202% -> 67.326733 | J16: ='Section Load'!C19/G16 -> 171.56083
... A22: 21 | B22: =C22/202% -> 67.821782 | C22: 137 | D22: 9 | E22: =SUM(C22:D22)/202% -> 72.277228 | F22: 1163 | G22: =C22+D22 -> 146 | H22: =C22/202% -> 67.821782 | J22: ='Section Load'!C25/G22 -> 189.05507
A23: 22 | B23: 83 | C23: 155 | D23: 10 | E23: =SUM(C23:D23)/202% -> 81.683168 | F23: 1847 | G23: =C23+D23 -> 165 | H23: =C23/202% -> 76.732673 | J23: ='Section Load'!C26/G23 -> 156.28885
A24: 23 | B24: 98 | C24: 146 | D24: 8 | E24: =SUM(C24:D24)/202% -> 76.237624 | F24: 737 | G24: =C24+D24 -> 154 | H24: =C24/202% -> 72.277228 | J24: ='Section Load'!C27/G24 -> 183.15286
A25: 24 | B25: =C25/202% -> 0 | E25: =SUM(C25:D25)/202% -> 0 | G25: =C25+D25 -> 0 | H25: =C25/202% -> 0 | J25: ='Section Load'!C28/G25 -> #DIV/0!
A26: 25 | B26: =C26/202% -> 0 | E26: =SUM(C26:D26)/202% -> 0 | G26: =C26+D26 -> 0 | H26: =C26/202% -> 0 | J26: ='Section Load'!C29/G26 -> #DIV/0!
A27: 26 | B27: =C27/202% -> 0 | E27: =SUM(C27:D27)/202% -> 0 | G27: =C27+D27 -> 0 | H27: =C27/202% -> 0 | J27: ='Section Load'!C30/G27 -> #DIV/0!
A28: 27 | B28: =C28/202% -> 0 | E28: =SUM(C28:D28)/202% -> 0 | G28: =C28+D28 -> 0 | H28: =C28/202% -> 0 | J28: ='Section Load'!C31/G28 -> #DIV/0!
A29: 28 | B29: =C29/202% -> 0 | E29: =SUM(C29:D29)/202% -> 0 | G29: =C29+D29 -> 0 | H29: =C29/202% -> 0 | J29: ='Section Load'!C32/G29 -> #DIV/0!
A30: 29 | B30: =C30/202% -> 0 | E30: =SUM(C30:D30)/202% -> 0 | G30: =C30+D30 -> 0 | H30: =C30/202% -> 0 | J30: ='Section Load'!C33/G30 -> #DIV/0!
A31: 30 | B31: =C31/202% -> 0 | E31: =SUM(C31:D31)/202% -> 0 | G31: =C31+D31 -> 0 | H31: =C31/202% -> 0 | J31: ='Section Load'!C34/G31 -> #DIV/0!
A32: 31 | B32: =C32/202% -> 0 | H32: =C32/202% -> 0 | J32: ='Section Load'!C35/G32 -> #DIV/0!
A33: Average | B33: =AVERAGE(B2:B31) -> 52.733003 | C33: =AVERAGE(C2:C31) -> 136.13043 | D33: =AVERAGE(D2:D31) -> 9.0869565 | E33: =AVERAGE(E2:E31) -> 55.115512 | F33: =AVERAGE(F2:F31) -> 662.86957 | G33: =AVERAGE(G2:G31) -> 111.33333 | H33: =AVERAGE(H2:H31) -> 51.666667

Sheet Water Report
C3: Date | D3: 1 | E3: 2 | F3: 3 | G3: 4 | H3: 5 | I3: 6 | J3: 7 | K3: 8 | L3: 9 | M3: 10 | N3: 11 | O3: 12 | P3: 13 | Q3: 14 | R3: 15 | S3: 16 | T3: 17 | U3: 18 | V3: 19 | W3: 20 | X3: 21 | Y3: 22 | Z3: 23 | AA3: 24 | AB3: 25 | AC3: 26 | AD3: 27 | AE3: 28 | AF3: 29 | AG3: 30 | AH3: 31
C4: occupancy | D4: =Occupancy!B2 -> 59.405941 | E4: =Occupancy!B3 -> 50.49505 | F4: =Occupancy!C3 -> 102 | G4: =Occupancy!D3 -> 7 | H4: =Occupancy!E3 -> 53.960396 | I4: =Occupancy!F3 -> 502 | J4: =Occupancy!G3 -> 109 | K4: =Occupancy!H3 -> 50.49505 | L4: =Occupancy!I3 -> 0 | ... AH4: =Occupancy!AE3 -> 0
C5: Tanker | D5: ='1'!G18 -> 180 | E5: ='2'!G18 -> 210 | F5: ='3'!G18 -> 220 | G5: ='4'!G18 -> 180 | H5: ='5'!G18 -> 100 | I5: ='6'!G18 -> 240 | J5: ='7'!G18 -> 200 | K5: ='8'!G18 -> 200 | L5: ='9'!G18 -> 200 | M5: ='10'!G18 -> 160 | N5: ='11'!G18 -> 180 | O5: ='12'!G18 -> 220 | P5: ='13'!G18 -> 200 | Q5: ='14'!G18 -> 240 | R5: ='15'!G18 -> 180 | S5: ='16'!G18 -> 200 | T5: ='17'!G18 -> 200 | U5: ='18 '!G18 -> 280 | V5: ='19'!G18 -> 270 | W5: ='20'!G18 -> 220 | X5: ='21'!G18 -> 220 | Y5: ='22'!G18 -> 200 | Z5: ='23'!G18 -> 180 | AA5: ='24'!G18 -> 180 | AB5: ='25'!G18 -> 240 | AC5: ='26'!G18 -> 220 | AD5: ='27'!G18 -> 180 | AE5: ='28'!G18 -> 200 | AF5: ='29'!G18 -> 190 | AG5: ='30'!G18 -> 180 | AH5: ='31'!G18 -> 200
C6: BMC | D6: ='1'!G19 -> 57 | E6: ='2'!G19 -> 60 | F6: ='3'!G19 -> 59 | G6: ='4'!G19 -> 59 | H6: ='5'!G19 -> 59 | I6: ='6'!G19 -> 51 | J6: ='7'!G19 -> 59 | K6: ='8'!G19 -> 58 | L6: ='9'!G19 -> 53 | M6: ='10'!G19 -> 65 | N6: ='11'!G19 -> 53 | O6: ='12'!G19 -> 58 | P6: ='13'!G19 -> 56 | Q6: ='14'!G19 -> 53 | R6: ='15'!G19 -> 56 | S6: ='16'!G19 -> 51 | T6: ='17'!G19 -> 55 | U6: ='18 '!G19 -> 57 | V6: ='19'!G19 -> 55 | W6: ='20'!G19 -> 51 | X6: ='21'!G19 -> 56 | Y6: ='22'!G19 -> 60 | Z6: ='23'!G19 -> 53 | AA6: ='24'!G19 -> 55 | AB6: ='25'!G19 -> -1692 | AC6: ='26'!G19 -> 48 | AD6: ='27'!G19 -> 56 | AE6: ='28'!G19 -> 52 | AF6: ='29'!G19 -> 51 | AG6: ='30'!G19 -> 67 | AH6: ='31'!G19 -> 69
C7: R.O. Plant Production | D7: ='1'!G62 -> 118 | E7: ='2'!G62 -> 108 | F7: ='3'!G62 -> 128 | G7: ='4'!G62 -> 94 | H7: ='5'!G62 -> 67 | I7: ='6'!G62 -> 144 | J7: ='7'!G62 -> 133 | K7: ='8'!G62 -> 118 | L7: ='9'!G62 -> 112 | M7: ='10'!G62 -> 100 | N7: ='11'!G62 -> 103 | O7: ='12'!G62 -> 120 | P7: ='13'!G62 -> 131 | Q7: ='14'!G62 -> 141 | R7: ='15'!G62 -> 107 | S7: ='16'!G62 -> 119 | T7: ='17'!G62 -> 120 | U7: ='18 '!G62 -> 146 | V7: ='19'!G62 -> 122 | W7: ='20'!G62 -> 120 | X7: ='21'!G62 -> 139 | Y7: ='22'!G62 -> 124 | Z7: ='23'!G62 -> 113 | AA7: ='24'!G62 -> 117 | AB7: ='25'!G62 -> -3509 | AC7: ='26'!G62 -> 118 | AD7: ='27'!G62 -> 96 | AE7: ='28'!G62 -> 112 | AF7: ='29'!G62 -> 108 | AG7: ='30'!G62 -> 106 | AH7: ='31'!G62 -> 125
C8: STP Production | D8: ='1'!G63 -> 80 | E8: ='2'!G63 -> 89 | F8: ='3'!G63 -> 113 | G8: ='4'!G63 -> 115 | H8: ='5'!G63 -> 95 | I8: ='6'!G63 -> 100 | J8: ='7'!G63 -> 126 | K8: ='8'!G63 -> 107 | L8: ='9'!G63 -> 75 | M8: ='10'!G63 -> 96 | N8: ='11'!G63 -> 93 | O8: ='12'!G63 -> 90 | P8: ='13'!G63 -> 107 | Q8: ='14'!G63 -> 117 | R8: ='15'!G63 -> 95 | S8: ='16'!G63 -> 117 | T8: ='17'!G63 -> 78 | U8: ='18 '!G63 -> 0 | V8: ='19'!G63 -> 76 | W8: ='20'!G63 -> 95 | X8: ='21'!G63 -> 134 | Y8: ='22'!G63 -> 119 | Z8: ='23'!G63 -> 109 | AA8: ='24'!G63 -> 102 | AB8: ='25'!G63 -> -2924 | AC8: ='26'!G63 -> 89 | AD8: ='27'!G63 -> 79 | AE8: ='28'!G63 -> 104 | AF8: ='29'!G63 -> 68 | AG8: ='30'!G63 -> 107 | AH8: ='31'!G63 -> 149
B9: Domestic Water | C9: Zone-1 | D9: ='1'!G65 -> 97 | E9: ='2'!G65 -> 109 | F9: ='3'!G65 -> 121 | G9: ='4'!G65 -> 85 | H9: ='5'!G65 -> 72 | I9: ='6'!G65 -> 110 | J9: ='7'!G65 -> 90 | K9: ='8'!G65 -> 96 | L9: ='9'!G65 -> 106 | M9: ='10'!G65 -> 95 | N9: ='11'!G65 -> 95 | O9: ='12'!G65 -> 112 | P9: ='13'!G65 -> 110 | Q9: ='14'!G65 -> 101 | R9: ='15'!G65 -> 116 | S9: ='16'!G65 -> 102 | T9: ='17'!G65 -> 109 | U9: ='18 '!G65 -> 106 | V9: ='19'!G65 -> 95 | W9: ='20'!G65 -> 102 | X9: ='21'!G65 -> 109 | Y9: ='22'!G65 -> 112 | Z9: ='23'!G65 -> 111 | AA9: ='24'!G65 -> 93 | AB9: ='25'!G65 -> -3042 | AC9: ='26'!G65 -> 98 | AD9: ='27'!G65 -> 85 | AE9: ='28'!G65 -> 103 | AF9: ='29'!G65 -> 95 | AG9: ='30'!G65 -> 95 | AH9: ='31'!G65 -> 112
C10: Zone-2 | D10: ='1'!G66 -> 23 | E10: ='2'!G66 -> 18 | F10: ='3'!G66 -> 17 | G10: ='4'!G66 -> 17 | H10: ='5'!G66 -> 13 | I10: ='6'!G66 -> 32 | J10: ='7'!G66 -> 31 | K10: ='8'!G66 -> 27 | L10: ='9'!G66 -> 25 | M10: ='10'!G66 -> 20 | N10: ='11'!G66 -> 17 | O10: ='12'!G66 -> 21 | P10: ='13'!G66 -> 20 | Q10: ='14'!G66 -> 26 | R10: ='15'!G66 -> 21 | S10: ='16'!G66 -> 20 | T10: ='17'!G66 -> 23 | U10: ='18 '!G66 -> 43 | V10: ='19'!G66 -> 23 | W10: ='20'!G66 -> 15 | X10: ='21'!G66 -> 25 | Y10: ='22'!G66 -> 13 | Z10: ='23'!G66 -> 19 | AA10: ='24'!G66 -> 12 | AB10: ='25'!G66 -> -638 | AC10: ='26'!G66 -> 20 | AD10: ='27'!G66 -> 18 | AE10: ='28'!G66 -> 17 | AF10: ='29'!G66 -> 17 | AG10: ='30'!G66 -> 21 | AH10: ='31'!G66 -> 24
C11: Zone-3 | D11: ='1'!G67 -> 30 | E11: ='2'!G67 -> 24 | F11: ='3'!G67 -> 19 | G11: ='4'!G67 -> 17 | H11: ='5'!G67 -> 30 | I11: ='6'!G67 -> 41 | J11: ='7'!G67 -> 33 | K11: ='8'!G67 -> 29 | L11: ='9'!G67 -> 23 | M11: ='10'!G67 -> 23 | N11: ='11'!G67 -> 24 | O11: ='12'!G67 -> 29 | P11: ='13'!G67 -> 33 | Q11: ='14'!G67 -> 24 | R11: ='15'!G67 -> 20 | S11: ='16'!G67 -> 22 | T11: ='17'!G67 -> 35 | U11: ='18 '!G67 -> 25 | V11: ='19'!G67 -> 33 | W11: ='20'!G67 -> 31 | X11: ='21'!G67 -> 42 | Y11: ='22'!G67 -> 28 | Z11: ='23'!G67 -> 28 | AA11: ='24'!G67 -> 24 | AB11: ='25'!G67 -> -822 | AC11: ='26'!G67 -> 20 | AD11: ='27'!G67 -> 22 | AE11: ='28'!G67 -> 24 | AF11: ='29'!G67 -> 27 | AG11: ='30'!G67 -> 30 | AH11: ='31'!G67 -> 32
B13: Flushing Water | C13: Zone-1 | D13: ='1'!G68 -> 41 | E13: ='2'!G68 -> 26 | F13: ='3'!G68 -> 35 | G13: ='4'!G68 -> 40 | H13: ='5'!G68 -> 28 | I13: ='6'!G68 -> 14 | J13: ='7'!G68 -> 25 | K13: ='8'!G68 -> 30 | L13: ='9'!G68 -> 22 | M13: ='10'!G68 -> 36 | N13: ='11'!G68 -> 38 | O13: ='12'!G68 -> 47 | P13: ='13'!G68 -> 41 | Q13: ='14'!G68 -> 23 | R13: ='15'!G68 -> 28 | S13: ='16'!G68 -> 37 | T13: ='17'!G68 -> 30 | U13: ='18 '!G68 -> 37 | V13: ='19'!G68 -> 22 | W13: ='20'!G68 -> 20 | X13: ='21'!G68 -> 18 | Y13: ='22'!G68 -> 17 | Z13: ='23'!G68 -> 44 | AA13: ='24'!G68 -> 29 | AB13: ='25'!G68 -> -988 | AC13: ='26'!G68 -> 54 | AD13: ='27'!G68 -> 42 | AE13: ='28'!G68 -> 49 | AF13: ='29'!G68 -> 38 | AG13: ='30'!G68 -> 44 | AH13: ='31'!G68 -> 33
C14: Zone-2 | D14: ='1'!G69 -> 9 | E14: ='2'!G69 -> 6 | F14: ='3'!G69 -> 30 | G14: ='4'!G69 -> 7 | H14: ='5'!G69 -> 9 | I14: ='6'!G69 -> 22 | J14: ='7'!G69 -> 17 | K14: ='8'!G69 -> 12 | L14: ='9'!G69 -> 8 | M14: ='10'!G69 -> 11 | N14: ='11'!G69 -> 9 | O14: ='12'!G69 -> 12 | P14: ='13'!G69 -> 19 | Q14: ='14'!G69 -> 10 | R14: ='15'!G69 -> 9 | S14: ='16'!G69 -> 19 | T14: ='17'!G69 -> 4 | U14: ='18 '!G69 -> 9 | V14: ='19'!G69 -> 12 | W14: ='20'!G69 -> 16 | X14: ='21'!G69 -> 13 | Y14: ='22'!G69 -> 14 | Z14: ='23'!G69 -> 25 | AA14: ='24'!G69 -> 10 | AB14: ='25'!G69 -> -393 | AC14: ='26'!G69 -> 10 | AD14: ='27'!G69 -> 8 | AE14: ='28'!G69 -> 12 | AF14: ='29'!G69 -> 20 | AG14: ='30'!G69 -> 11 | AH14: ='31'!G69 -> 20
C15: Zone-3 | D15: ='1'!G70 -> 7 | E15: ='2'!G70 -> 10 | F15: ='3'!G70 -> 15 | G15: ='4'!G70 -> 13 | H15: ='5'!G70 -> 10 | I15: ='6'!G70 -> 17 | J15: ='7'!G70 -> 11 | K15: ='8'!G70 -> 8 | L15: ='9'!G70 -> 9 | M15: ='10'!G70 -> 12 | N15: ='11'!G70 -> 11 | O15: ='12'!G70 -> 18 | P15: ='13'!G70 -> 10 | Q15: ='14'!G70 -> 9 | R15: ='15'!G70 -> 8 | S15: ='16'!G70 -> 8 | T15: ='17'!G70 -> 7 | U15: ='18 '!G70 -> 11 | V15: ='19'!G70 -> 8 | W15: ='20'!G70 -> 14 | X15: ='21'!G70 -> 21 | Y15: ='22'!G70 -> 7 | Z15: ='23'!G70 -> 8 | AA15: ='24'!G70 -> 13 | AB15: ='25'!G70 -> -330 | AC15: ='26'!G70 -> 7 | AD15: ='27'!G70 -> 14 | AE15: ='28'!G70 -> 5 | AF15: ='29'!G70 -> 17 | AG15: ='30'!G70 -> 10 | AH15: ='31'!G70 -> 12
B17: Branches ( Domestic water ) | C17: Pool | D17: ='1'!G170 -> 0 | E17: ='2'!G170 -> 0 | F17: ='3'!G170 -> 0 | G17: ='4'!G170 -> 0 | H17: ='5'!G170 -> 0 | I17: ='6'!G170 -> 23 | J17: ='7'!G170 -> 0 | K17: ='8'!G170 -> 0 | L17: ='9'!G170 -> 0 | M17: ='10'!G170 -> 0 | N17: ='11'!G170 -> 0 | O17: ='12'!G170 -> 0 | P17: ='13'!G170 -> 0 | Q17: ='14'!G170 -> 0 | R17: ='15'!G170 -> 0 | S17: ='16'!G170 -> 29 | T17: ='17'!G170 -> 0 | U17: ='18 '!G170 -> 0 | V17: ='19'!G170 -> 0 | W17: ='20'!G170 -> 0 | X17: ='21'!G170 -> 0 | Y17: ='22'!G170 -> 0 | Z17: ='23'!G170 -> 0 | AA17: ='24'!G170 -> 57 | AB17: ='25'!G170 -> -123 | AC17: ='26'!G170 -> 0 | AD17: ='27'!G170 -> 0 | AE17: ='28'!G170 -> 0 | AF17: ='29'!G170 -> 0 | AG17: ='30'!G170 -> 14 | AH17: ='31'!G170 -> 0
C18: B2 Laundry | D18: ='1'!G171 -> 16 | E18: ='2'!G171 -> 12 | F18: ='3'!G171 -> 14 | G18: ='4'!G171 -> 9 | H18: ='5'!G171 -> 8 | I18: ='6'!G171 -> 10 | J18: ='7'!G171 -> 13 | K18: ='8'!G171 -> 14 | L18: ='9'!G171 -> 21 | M18: ='10'!G171 -> 11 | N18: ='11'!G171 -> 13 | O18: ='12'!G171 -> 13 | P18: ='13'!G171 -> 18 | Q18: ='14'!G171 -> 13 | R18: ='15'!G171 -> 14 | S18: ='16'!G171 -> 10 | T18: ='17'!G171 -> 30 | U18: ='18 '!G171 -> 14 | V18: ='19'!G171 -> 16 | W18: ='20'!G171 -> 16 | X18: ='21'!G171 -> 14 | Y18: ='22'!G171 -> 14 | Z18: ='23'!G171 -> 13 | AA18: ='24'!G171 -> 16 | AB18: ='25'!G171 -> -418 | AC18: ='26'!G171 -> 16 | AD18: ='27'!G171 -> 6 | AE18: ='28'!G171 -> 15 | AF18: ='29'!G171 -> 13 | AG18: ='30'!G171 -> 11 | AH18: ='31'!G171 -> 15
C19: Boiler Feed Water | D19: ='1'!G172 -> 11 | E19: ='2'!G172 -> 10 | F19: ='3'!G172 -> 8 | G19: ='4'!G172 -> 10 | H19: ='5'!G172 -> 8 | I19: ='6'!G172 -> 9 | J19: ='7'!G172 -> 13 | K19: ='8'!G172 -> 14 | L19: ='9'!G172 -> 14 | M19: ='10'!G172 -> 10 | N19: ='11'!G172 -> 14 | O19: ='12'!G172 -> 16 | P19: ='13'!G172 -> 17 | Q19: ='14'!G172 -> 11 | R19: ='15'!G172 -> 11 | S19: ='16'!G172 -> 13 | T19: ='17'!G172 -> 11 | U19: ='18 '!G172 -> 11 | V19: ='19'!G172 -> 12 | W19: ='20'!G172 -> 12 | X19: ='21'!G172 -> 9 | Y19: ='22'!G172 -> 11 | Z19: ='23'!G172 -> 11 | AA19: ='24'!G172 -> 11 | AB19: ='25'!G172 -> -339 | AC19: ='26'!G172 -> 11 | AD19: ='27'!G172 -> 8 | AE19: ='28'!G172 -> 15 | AF19: ='29'!G172 -> 9 | AG19: ='30'!G172 -> 9 | AH19: ='31'!G172 -> 10
B21: Branches ( STP Water ) | C21: CT water | D21: ='1'!G175 -> 68 | E21: ='2'!G175 -> 57 | F21: ='3'!G175 -> 60 | G21: ='4'!G175 -> 65 | H21: ='5'!G175 -> 122 | I21: ='6'!G175 -> 129 | J21: ='7'!G175 -> 89 | K21: ='8'!G175 -> 50 | L21: ='9'!G175 -> 62 | M21: ='10'!G175 -> 78 | N21: ='11'!G175 -> 63 | O21: ='12'!G175 -> 84 | P21: ='13'!G175 -> 63 | Q21: ='14'!G175 -> 111 | R21: ='15'!G175 -> 77 | S21: ='16'!G175 -> 116 | T21: ='17'!G175 -> 136 | U21: ='18 '!G175 -> 108 | V21: ='19'!G175 -> 84 | W21: ='20'!G175 -> 85 | X21: ='21'!G175 -> 107 | Y21: ='22'!G175 -> 84 | Z21: ='23'!G175 -> 139 | AA21: ='24'!G175 -> 111 | AB21: ='25'!G175 -> -2671 | AC21: ='26'!G175 -> 81 | AD21: ='27'!G175 -> 75 | AE21: ='28'!G175 -> 88 | AF21: ='29'!G175 -> 69 | AG21: ='30'!G175 -> 96 | AH21: ='31'!G175 -> 114
C22: STP flush | D22: ='1'!G176 -> 0 | E22: ='2'!G176 -> 0 | F22: ='3'!G176 -> 0 | G22: ='4'!G176 -> 0 | H22: ='5'!G176 -> 0 | I22: ='6'!G176 -> 0 | J22: ='7'!G176 -> 0 | K22: ='8'!G176 -> 0 | L22: ='9'!G176 -> 0 | M22: ='10'!G176 -> 0 | N22: ='11'!G176 -> 0 | O22: ='12'!G176 -> 0 | P22: ='13'!G176 -> 0 | Q22: ='14'!G176 -> 0 | R22: ='15'!G176 -> 0 | S22: ='16'!G176 -> 0 | T22: ='17'!G176 -> 0 | U22: ='18 '!G176 -> 0 | V22: ='19'!G176 -> 0 | W22: ='20'!G176 -> 0 | X22: ='21'!G176 -> 0 | Y22: ='22'!G176 -> 0 | Z22: ='23'!G176 -> 0 | AA22: ='24'!G176 -> 0 | AB22: ='25'!G176 -> 0 | AC22: ='26'!G176 -> 0 | AD22: ='27'!G176 -> 0 | AE22: ='28'!G176 -> 0 | AF22: ='29'!G176 -> 0 | AG22: ='30'!G176 -> 0 | AH22: ='31'!G176 -> 0
C23: Garden | D23: ='1'!G177 -> 0 | E23: ='2'!G177 -> 19 | F23: ='3'!G177 -> 14 | G23: ='4'!G177 -> 1 | H23: ='5'!G177 -> 2 | I23: ='6'!G177 -> 15 | J23: ='7'!G177 -> 2 | K23: ='8'!G177 -> 11 | L23: ='9'!G177 -> 1 | M23: ='10'!G177 -> 14 | N23: ='11'!G177 -> 10 | O23: ='12'!G177 -> 0 | P23: ='13'!G177 -> 24 | Q23: ='14'!G177 -> 4 | R23: ='15'!G177 -> 9 | S23: ='16'!G177 -> 2768 | T23: ='17'!G177 -> 0 | U23: ='18 '!G177 -> 0 | V23: ='19'!G177 -> 0 | W23: ='20'!G177 -> 15 | X23: ='21'!G177 -> 3 | Y23: ='22'!G177 -> 5 | Z23: ='23'!G177 -> 7 | AA23: ='24'!G177 -> 14 | AB23: ='25'!G177 -> -224 | AC23: ='26'!G177 -> 0 | AD23: ='27'!G177 -> 15 | AE23: ='28'!G177 -> 6 | AF23: ='29'!G177 -> 16 | AG23: ='30'!G177 -> 0 | AH23: ='31'!G177 -> 1
B24: Total Tanke(RO) + BMC | D24: =SUM(D5:D6) -> 237 | E24: =SUM(E5:E6) -> 270 | F24: =SUM(F5:F6) -> 279 | G24: =SUM(G5:G6) -> 239 | H24: =SUM(H5:H6) -> 159 | I24: =SUM(I5:I6) -> 291 | J24: =SUM(J5:J6) -> 259 | K24: =SUM(K5:K6) -> 258 | ... AH24: =SUM(AH5:AH6) -> 269
B25: Domestic consumption | D25: =SUM(D9:D11,D14:D15,) -> 166 | E25: =SUM(E9:E11,E14:E15,) -> 167 | F25: =SUM(F9:F11,F14:F15,) -> 202 | G25: =SUM(G9:G11,G14:G15,) -> 139 | H25: =SUM(H9:H11,H14:H15,) -> 134 | I25: =SUM(I9:I11,I14:I15,) -> 222 | J25: =SUM(J9:J11,J14:J15,) -> 182 | K25: =SUM(K9:K11,K14:K15,) -> 172 | ... AI25: =SUM(AI9:AI11,AI14:AI15,) -> 0
B27: STP +Flush Consumption | D27: =SUM(D13,D21,D23) -> 109 | E27: =SUM(E13,E21,E23) -> 102 | F27: =SUM(F13,F21,F23) -> 109 | G27: =SUM(G13,G21,G23) -> 106 | H27: =SUM(H13,H21,H23) -> 152 | I27: =SUM(I13,I21,I23) -> 158 | J27: =SUM(J13,J21,J23) -> 116 | K27: =SUM(K13,K21,K23) -> 91 | ... AH27: =SUM(AH13,AH21,AH23) -> 148 | AI27: =SUM(AI13) -> 0
B29: BOH | D29: =D9 -> 97 | E29: =E9 -> 109 | F29: =F9 -> 121 | G29: =G9 -> 85 | H29: =H9 -> 72 | I29: =I9 -> 110 | J29: =J9 -> 90 | K29: =K9 -> 96 | ... AH29: =AH9 -> 112
B30: Guest Floor | D30: =SUM(D10:D11,D14:D15) -> 69 | E30: =SUM(E10:E11,E14:E15) -> 58 | F30: =SUM(F10:F11,F14:F15) -> 81 | G30: =SUM(G10:G11,G14:G15) -> 54 | H30: =SUM(H10:H11,H14:H15) -> 62 | I30: =SUM(I10:I11,I14:I15) -> 112 | J30: =SUM(J10:J11,J14:J15) -> 92 | K30: =SUM(K10:K11,K14:K15) -> 76 | ... AH30: =SUM(AH10:AH11,AH14:AH15) -> 88
B31: Guest floor% | D31: =D30/SUM(D29:D30)% -> 41.566265 | E31: =E30/SUM(E29:E30)% -> 34.730539 | F31: =F30/SUM(F29:F30)% -> 40.09901 | G31: =G30/SUM(G29:G30)% -> 38.848921 | H31: =H30/SUM(H29:H30)% -> 46.268657 | I31: =I30/SUM(I29:I30)% -> 50.45045 | J31: =J30/SUM(J29:J30)% -> 50.549451 | K31: =K30/SUM(K29:K30)% -> 44.186047 | ... AH31: =AH30/SUM(AH29:AH30)% -> 44

Sheet Section Load
F2: Transformer -Load | N2: Electrical | AV2: Boiler Running | BB2: diff wrt feeder | BC2: Var%
AN3: Gas consumption | AU3: Boiler Running Hours
A4: Date | B4: HT Kwh | C4: HT Kvah | D4: MGL Gas | E4: Water | F4: HVAC | G4: Fire & Emergency PP | H4: Main PP | I4: Lighting PP | J4: CH-1+ CH2+CH3+CH4 | K4: Chilled water Pump | L4: Ball Room-1 | M4: Ball Room-2 | N4: MK-1 | O4: MK-2 | P4: Prato | Q4: San- Qi Indian | R4: San- Qi Japanese | S4: The club | T4: AER | U4: COLD ROOM'S | V4: Ball Room 1 | W4: Ball Room 2 | X4: B1 Laundry | Y4: B2 Laundry | Z4: STP | AA4: MOCK Up Room | AB4: 27th Floor | AC4: Physic57 | AD4: Pinoor Legal- Power+lighting | AE4: 2nd floor plant room | AF4: 5th Floor SPA | AG4: 5th Floor | AH4: 12th Floor | AI4: 20th Floor | AJ4: 27th Floor | AK4: 34th Floor | AL4: Sanqi | AM4: Cooling Tower | AN4: MGL | AO4: HWG | AP4: Prato | AQ4: BR-1 | AR4: SanQi IND | AS4: SanQi JPN | AT4: Boiler | AU4: HWG | AV4: Boiler1 | AW4: Boiler2 | AX4: Boiler3 (400Kg) | AY4: Total
A5: 1 | B5: ='1'!G7 -> 21371.49 | C5: ='1'!G8 -> 21808.97 | D5: ='1'!G15 -> 1029.03 | E5: ='1'!G20 -> 237 | F5: =SUM('1'!G35,'1'!G49) -> 3192.96 | G5: =SUM('1'!H37,'1'!H51) -> 1604.96 | H5: =SUM('1'!G38,'1'!G52) -> 1846.14 | I5: =SUM('1'!G39,'1'!G53) -> 2900.04 | J5: =SUM('1'!G41,'1'!G42,'1'!G55,'1'!G56) -> 5549.16 | K5: =SUM('1'!G43,'1'!G57) -> 2600.9 | L5: ='1'!G50 -> 1026.96 | M5: ='1'!G36 -> 683.28 | N5: ='1'!G138 -> 59 | O5: ='1'!G139 -> 0 | P5: ='1'!G140 -> 0 | Q5: ='1'!G141 -> 193.48 | R5: ='1'!G142 -> 15.68 | S5: ='1'!$G$145 -> 33.25 | T5: ='1'!$G$146 -> 352 | U5: ='1'!$G$144 -> 223 | V5: ='1'!$G$147 -> 388.64 | W5: ='1'!$G$148 -> 211.52 | X5: ='1'!$G$143 -> 23.72 | Y5: ='1'!$G$58 -> 205.38 | Z5: ='1'!$G$151 -> 255 | AA5: ='1'!G158 -> 76.2 | AB5: ='1'!G159 -> 30.2 | AD5: ='1'!G160+'1'!G161 -> 86.4 | AE5: ='1'!$G$116 -> 0 | AF5: ='1'!$G$117 -> 79.01 | AG5: ='1'!$G$118 -> 353.16 | AH5: ='1'!$G$119 -> 441.8 | AI5: ='1'!$G$120 -> 451.45 | AJ5: ='1'!$G$121 -> 689.66 | AK5: ='1'!$G$122 -> 318.91 | AL5: ='1'!$G$123 -> 294.02 | AM5: ='1'!$G$133 -> 604.29 | AN5: ='1'!$G$15 -> 1029.03 | AO5: ='1'!$G$74 -> 294.149 | AP5: ='1'!$G$75 -> 0 | AQ5: ='1'!$G$76 -> 94.87 | AR5: ='1'!$G$77 -> 35.4 | AS5: ='1'!$G$78 -> 2 | AT5: =AN5-SUM(AO5:AS5) -> 602.611 | AU5: =SUM('1'!G91:G92) -> 10.31 | AV5: ='1'!$G$88 -> 9.66 | AW5: ='1'!$G$89 -> 0 | AX5: ='1'!$G$90 -> 5.78 | AY5: =SUM(AV5:AX5) -> 15.44 | AZ5: =AO5/AU5 -> 28.530456 | BB5: =C5-SUM(F5:K5,Y5) -> 3909.43 | BC5: =BB5/B5% -> 18.292735
A6: 2 | B6: ='2'!G7 -> 22482.88 | C6: ='2'!G8 -> 22954.08 | D6: ='2'!G15 -> 946.85 | E6: ='2'!G20 -> 270 | F6: =SUM('2'!G35,'2'!G49) -> 3505.37 | G6: =SUM('2'!G37,'2'!G51) -> 1550.52 | H6: =SUM('2'!G38,'2'!G52) -> 1770.99 | I6: =SUM('2'!G39,'2'!G53) -> 2945.4 | J6: =SUM('2'!G41,'2'!G42,'2'!G55,'2'!G56) -> 6250.29 | K6: =SUM('2'!G43,'2'!G57) -> 2747.8 | L6: ='2'!G50 -> 1026.48 | M6: ='2'!G36 -> 757.12 | N6: ='2'!G138 -> 62 | O6: ='2'!$G$139 -> 1 | P6: ='2'!$G$140 -> 0 | Q6: ='2'!$G$141 -> 169.47 | R6: ='2'!$G$142 -> 16.95 | S6: ='2'!$G$145 -> 35.57 | T6: ='2'!$G$146 -> 412 | U6: ='2'!$G$144 -> 224 | V6: ='2'!$G$147 -> 397.36 | W6: ='2'!$G$148 -> 222.4 | X6: ='2'!$G$143 -> 25.63 | Y6: ='2'!$G$58 -> 181.72 | Z6: ='2'!$G$151 -> 220 | AA6: ='2'!G158 -> 92.2 | AB6: ='2'!G159 -> 35.1 | AD6: ='2'!G160+'2'!G161 -> 81.2 | AE6: ='2'!$G$116 -> 0 | AF6: ='2'!$G$117 -> 85.64 | AG6: ='2'!$G$118 -> 352.26 | AH6: ='2'!$G$119 -> 434.72 | AI6: ='2'!$G$120 -> 436.66 | AJ6: ='2'!$G$121 -> 736.07 | AK6: ='2'!$G$122 -> 303.9 | AL6: ='2'!$G$123 -> 293.16 | AM6: ='2'!$G$133 -> 675.56 | AN6: ='2'!$G$15 -> 946.85 | AO6: ='2'!$G$74 -> 292.8 | AP6: ='2'!$G$75 -> 0 | AQ6: ='2'!$G$76 -> 96.84 | AR6: ='2'!$G$77 -> 37.5 | AS6: ='2'!$G$78 -> 2.9 | AT6: =AN6-SUM(AO6:AS6) -> 516.81 | AU6: =SUM('2'!G91:G92) -> 10.29 | AV6: ='2'!$G$88 -> 0 | AW6: ='2'!$G$89 -> 9.56 | AX6: ='2'!$G$90 -> 3.67 | AY6: =SUM(AV6:AX6) -> 13.23 | AZ6: =AO6/AU6 -> 28.45481 | BB6: =C6-SUM(F6:K6,Y6) -> 4001.99 | BC6: =BB6/B6% -> 17.800166
A7: 3 | B7: ='3'!G7 -> 21968.68 | C7: ='3'!G8 -> 22487.75 | D7: ='3'!G15 -> 955.49 | E7: ='3'!G20 -> 279 | F7: =SUM('3'!G35,'3'!G49) -> 3774.23 | G7: =SUM('3'!G37,'3'!G51) -> 1629.46 | H7: =SUM('3'!G38,'3'!G52) -> 1944.71 | I7: =SUM('3'!G39,'3'!G53) -> 2961.16 | J7: =SUM('3'!G41,'3'!G42,'3'!G55,'3'!G56) -> 5371.22 | K7: =SUM('3'!G43,'3'!G57) -> 2695.4 | L7: ='3'!G50 -> 960.16 | M7: ='3'!G36 -> 684.49 | N7: ='3'!G138 -> 65 | O7: ='3'!$G$139 -> 1 | P7: ='3'!$G$140 -> 0 | Q7: ='3'!$G$141 -> 177.51 | R7: ='3'!$G$142 -> 15.72 | S7: ='3'!$G$145 -> 36.57 | T7: ='3'!$G$146 -> 276 | U7: ='3'!$G$144 -> 228 | V7: ='3'!$G$147 -> 392.72 | W7: ='3'!$G$148 -> 210.6 | X7: ='3'!$G$143 -> 24.2 | Y7: ='3'!$G$58 -> 194.82 | Z7: ='3'!$G$151 -> 291 | AA7: ='3'!G158 -> 6.68 | AB7: ='3'!G159 -> 37.8 | AD7: ='3'!G160+'3'!G161 -> 62 | AE7: ='3'!$G$116 -> 0 | AF7: ='3'!$G$117 -> 50.02 | AG7: ='3'!$G$118 -> 336.58 | AH7: ='3'!$G$119 -> 445.72 | AI7: ='3'!$G$120 -> 456.89 | AJ7: ='3'!$G$121 -> 754.83 | AK7: ='3'!$G$122 -> 291.37 | AL7: ='3'!$G$123 -> 304.98 | AM7: ='3'!$G$133 -> 815.11 | AN7: ='3'!$G$15 -> 955.49 | AO7: ='3'!$G$74 -> 291.926 | AP7: ='3'!$G$75 -> 0 | AQ7: ='3'!$G$76 -> 114.23 | AR7: ='3'!$G$77 -> 36.1 | AS7: ='3'!$G$78 -> 1 | AT7: =AN7-SUM(AO7:AS7) -> 512.234 | AU7: =SUM('3'!G91:G92) -> 10.25 | AV7: ='3'!$G$88 -> 8.79 | AW7: ='3'!$G$89 -> 0 | AX7: ='3'!$G$90 -> 2.75 | AY7: =SUM(AV7:AX7) -> 11.54 | AZ7: =AO7/AU7 -> 28.480585 | BB7: =C7-SUM(F7:K7,Y7) -> 3916.75 | BC7: =BB7/B7% -> 17.828791
A8: 4 | B8: ='4'!G7 -> 20341.48 | C8: ='4'!G8 -> 20833.41 | D8: ='4'!G15 -> 914.75 | E8: ='4'!G20 -> 239 | F8: =SUM('4'!G35,'4'!G49) -> 3614.51 | G8: =SUM('4'!G37,'4'!G51) -> 1438.9 | H8: =SUM('4'!G38,'4'!G52) -> 1642.61 | I8: =SUM('4'!G39,'4'!G53) -> 2745.68 | J8: =SUM('4'!G41,'4'!G42,'4'!G55,'4'!G56) -> 5066.5 | K8: =SUM('4'!G43,'4'!G57) -> 2524.2 | L8: ='4'!G50 -> 884 | M8: ='4'!G36 -> 640.12 | N8: ='4'!G138 -> 37 | O8: ='4'!$G$139 -> 1 | P8: ='4'!$G$140 -> 4.8 | Q8: ='4'!$G$141 -> 185.41 | R8: ='4'!$G$142 -> 14.7 | S8: ='4'!$G$145 -> 32.76 | T8: ='4'!$G$146 -> 270 | U8: ='4'!$G$144 -> 227 | V8: ='4'!$G$147 -> 357.8 | W8: ='4'!$G$148 -> 209 | X8: ='4'!$G$143 -> 24.67 | Y8: ='4'!$G$58 -> 198.72 | Z8: ='4'!$G$151 -> 212 | AA8: ='4'!G158 -> 5.88 | AB8: ='4'!G159 -> 19.7 | AD8: ='4'!G160+'4'!G161 -> 36.4 | AE8: ='4'!$G$116 -> 0 | AF8: ='4'!$G$117 -> 22.26 | AG8: ='4'!$G$118 -> 295.4 | AH8: ='4'!$G$119 -> 411.66 | AI8: ='4'!$G$120 -> 433.72 | AJ8: ='4'!$G$121 -> 710.84 | AK8: ='4'!$G$122 -> 263.83 | AL8: ='4'!$G$123 -> 282.94 | AM8: ='4'!$G$133 -> 752.16 | AN8: ='4'!$G$15 -> 914.75 | AO8: ='4'!$G$74 -> 278.424 | AP8: ='4'!$G$75 -> 0 | AQ8: ='4'!$G$76 -> 85.56 | AR8: ='4'!$G$77 -> 44.5 | AS8: ='4'!$G$78 -> 3.6 | AT8: =AN8-SUM(AO8:AS8) -> 502.666 | AU8: =SUM('4'!G91:G92) -> 9.8 | AV8: ='4'!$G$88 -> 9.2 | AW8: ='4'!$G$89 -> 0 | AX8: ='4'!$G$90 -> 0.01 | AY8: =SUM(AV8:AX8) -> 9.21 | AZ8: =AO8/AU8 -> 28.410612 | BB8: =C8-SUM(F8:K8,Y8) -> 3602.29 | BC8: =BB8/B8% -> 17.709085
A9: 5 | B9: ='5'!G7 -> 23751.17 | C9: ='5'!G8 -> 24186.89 | D9: ='5'!G15 -> 889.92 | E9: ='5'!G20 -> 159 | F9: =SUM('5'!G35,'5'!G49) -> 3597.87 | G9: =SUM('5'!G37,'5'!G51) -> 1602.33 | H9: =SUM('5'!G38,'5'!G52) -> 1798.51 | I9: =SUM('5'!G39,'5'!G53) -> 2856.67 | J9: =SUM('5'!G41,'5'!G42,'5'!G55,'5'!G56) -> 6887.75 | K9: =SUM('5'!G43,'5'!G57) -> 2973.3 | L9: ='5'!G50 -> 1183.09 | M9: ='5'!G36 -> 903.32 | N9: ='5'!G138 -> 68 | O9: ='5'!$G$139 -> 0 | P9: ='5'!$G$140 -> 1.2 | Q9: ='5'!$G$141 -> 221.18 | R9: ='5'!$G$142 -> 17.08 | S9: ='5'!$G$145 -> 36.85 | T9: ='5'!$G$146 -> 564 | U9: ='5'!$G$144 -> 227 | V9: ='5'!$G$147 -> 397.56 | W9: ='5'!$G$148 -> 248.36 | X9: ='5'!$G$143 -> 23.6 | Y9: ='5'!$G$58 -> 171.46 | Z9: ='5'!$G$151 -> 228 | AA9: ='5'!G158 -> 7 | AB9: ='5'!G159 -> 15.6 | AD9: ='5'!G160+'5'!G161 -> 40.6 | AE9: ='5'!$G$116 -> 0 | AF9: ='5'!$G$117 -> 22.88 | AG9: ='5'!$G$118 -> 321.67 | AH9: ='5'!$G$119 -> 421.99 | AI9: ='5'!$G$120 -> 449.68 | AJ9: ='5'!$G$121 -> 733.09 | AK9: ='5'!$G$122 -> 275.11 | AL9: ='5'!$G$123 -> 300.14 | AM9: ='5'!$G$133 -> 815.59 | AN9: ='5'!$G$15 -> 889.92 | AO9: ='5'!$G$74 -> 289.47 | AP9: ='5'!$G$75 -> 0 | AQ9: ='5'!$G$76 -> 87 | AR9: ='5'!$G$77 -> 47 | AS9: ='5'!$G$78 -> 2.1 | AT9: =AN9-SUM(AO9:AS9) -> 464.35 | AU9: =SUM('5'!G91:G92) -> 10.16 | AV9: ='5'!$G$88 -> 7.33 | AW9: ='5'!$G$89 -> 0 | AX9: ='5'!$G$90 -> 3.67 | AY9: =SUM(AV9:AX9) -> 11 | AZ9: =AO9/AU9 -> 28.491142 | BB9: =C9-SUM(F9:K9,Y9) -> 4299 | BC9: =BB9/B9% -> 18.100161
A10: 6 | B10: ='6'!G7 -> 22578.03 | C10: ='6'!G8 -> 22837.55 | D10: ='6'!G15 -> 955.68 | E10: ='6'!G20 -> 291 | F10: =SUM('6'!G35,'6'!G49) -> 3610.56 | G10: =SUM('6'!G37,'6'!G51) -> 1653.71 | H10: =SUM('6'!G38,'6'!G52) -> 1902.3 | I10: =SUM('6'!G39,'6'!G53) -> 2809.59 | J10: =SUM('6'!G41,'6'!G42,'6'!G55,'6'!G56) -> 5959.01 | K10: =SUM('6'!G43,'6'!G57) -> 2754.6 | L10: ='6'!G50 -> 1109.71 | M10: ='6'!G36 -> 875.98 | N10: ='6'!G138 -> 55 | O10: ='6'!$G$139 -> 1 | P10: ='6'!$G$140 -> 1.2 | Q10: ='6'!$G$141 -> 195.97 | R10: ='6'!$G$142 -> 17.37 | S10: ='6'!$G$145 -> 40.45 | T10: ='6'!$G$146 -> 365 | U10: ='6'!$G$144 -> 224 | V10: ='6'!$G$147 -> 392 | W10: ='6'!$G$148 -> 264 | X10: ='6'!$G$143 -> 22.21 | Y10: ='6'!$G$58 -> 200.58 | Z10: ='6'!$G$151 -> 277 | AA10: ='6'!G158 -> 6.16 | AB10: ='6'!G159 -> 17.4 | AD10: ='6'!G160+'6'!G161 -> 37.3 | AE10: ='6'!$G$116 -> 0 | AF10: ='6'!$G$117 -> 25.47 | AG10: ='6'!$G$118 -> 319.23 | AH10: ='6'!$G$119 -> 435.37 | AI10: ='6'!$G$120 -> 431.04 | AJ10: ='6'!$G$121 -> 679.93 | AK10: ='6'!$G$122 -> 295.38 | AL10: ='6'!$G$123 -> 302.53 | AM10: ='6'!$G$133 -> 804.89 | AN10: ='6'!$G$15 -> 955.68 | AO10: ='6'!$G$74 -> 308.46 | AP10: ='6'!$G$75 -> 3.4 | AQ10: ='6'!$G$76 -> 88.75 | AR10: ='6'!$G$77 -> 47 | AS10: ='6'!$G$78 -> 3 | AT10: =AN10-SUM(AO10:AS10) -> 505.07 | AU10: =SUM('6'!G91:G92) -> 10.91 | AV10: ='6'!$G$88 -> 0 | AW10: ='6'!$G$89 -> 9.57 | AX10: ='6'!$G$90 -> 3.23 | AY10: =SUM(AV10:AX10) -> 12.8 | AZ10: =AO10/AU10 -> 28.273144 | BB10: =C10-SUM(F10:K10,Y10) -> 3947.2 | BC10: =BB10/B10% -> 17.482482
A11: 7 | B11: ='7'!G7 -> 21692.32 | C11: ='7'!G8 -> 21951.04 | D11: ='7'!G15 -> 962.49 | E11: ='7'!G20 -> 259 | F11: =SUM('7'!G35,'7'!G49) -> 3710.46 | G11: =SUM('7'!G37,'7'!G51) -> 1579.82 | H11: =SUM('7'!G38,'7'!G52) -> 1893.21 | I11: =SUM('7'!G39,'7'!G53) -> 2812.86 | J11: =SUM('7'!G41,'7'!G42,'7'!G55,'7'!G56) -> 5341.64 | K11: =SUM('7'!G43,'7'!G57) -> 2609.7 | L11: ='7'!G50 -> 1148.88 | M11: ='7'!G36 -> 701.53 | N11: ='7'!G138 -> 45 | O11: ='7'!$G$139 -> 1 | P11: ='7'!$G$140 -> 1.2 | Q11: ='7'!$G$141 -> 198.9 | R11: ='7'!$G$142 -> 16.65 | S11: ='7'!$G$145 -> 37.27 | T11: ='7'!$G$146 -> 401 | U11: ='7'!$G$144 -> 233 | V11: ='7'!$G$147 -> 417 | W11: ='7'!$G$148 -> 254.52 | X11: ='7'!$G$143 -> 19.1 | Y11: ='7'!$G$58 -> 211.55 | Z11: ='7'!$G$151 -> 259 | AA11: ='7'!G158 -> 6.4 | AB11: ='7'!G159 -> 6.2 | AD11: ='7'!G160+'7'!G161 -> 39 | AE11: ='7'!$G$116 -> 0 | AF11: ='7'!$G$117 -> 21.61 | AG11: ='7'!$G$118 -> 306.32 | AH11: ='7'!$G$119 -> 422.74 | AI11: ='7'!$G$120 -> 420.22 | AJ11: ='7'!$G$121 -> 693.58 | AK11: ='7'!$G$122 -> 307.89 | AL11: ='7'!$G$123 -> 294.26 | AM11: ='7'!$G$133 -> 832.26 | AN11: ='7'!$G$15 -> 962.49 | AO11: ='7'!$G$74 -> 288.83 | AP11: ='7'!$G$75 -> 0 | AQ11: ='7'!$G$76 -> 86.23 | AR11: ='7'!$G$77 -> 37 | AS11: ='7'!$G$78 -> 1.3 | AT11: =AN11-SUM(AO11:AS11) -> 549.13 | AU11: =SUM('7'!G91:G92) -> 10.15 | AV11: ='7'!$G$88 -> 0 | AW11: ='7'!$G$89 -> 10.36 | AX11: ='7'!$G$90 -> 3.86 | AY11: =SUM(AV11:AX11) -> 14.22 | AZ11: =AO11/AU11 -> 28.456158 | BB11: =C11-SUM(F11:K11,Y11) -> 3791.8 | BC11: =BB11/B11% -> 17.479919
A12: 8 | B12: ='8'!G7 -> 21652 | C12: ='8'!G8 -> 21972.24 | D12: ='8'!G15 -> 1009.75 | E12: ='8'!G20 -> 258 | F12: =SUM('8'!G35,'8'!G49) -> 3847.94 | G12: =SUM('8'!G37,'8'!G51) -> 1589.14 | H12: =SUM('8'!G38,'8'!G52) -> 1785.87 | I12: =SUM('8'!G39,'8'!G53) -> 2891.22 | J12: =SUM('8'!G41,'8'!G42,'8'!G55,'8'!G56) -> 5181.82 | K12: =SUM('8'!G43,'8'!G57) -> 2607.8 | L12: ='8'!G50 -> 1020.8 | M12: ='8'!G36 -> 823.66 | N12: ='8'!G138 -> 32 | O12: ='8'!$G$139 -> 1 | P12: ='8'!$G$140 -> 1.1 | Q12: ='8'!$G$141 -> 163.48 | R12: ='8'!$G$142 -> 15.59 | S12: ='8'!$G$145 -> 39.01 | T12: ='8'!$G$146 -> 389 | U12: ='8'!$G$144 -> 226 | V12: ='8'!$G$147 -> 403.56 | W12: ='8'!$G$148 -> 241.12 | X12: ='8'!$G$143 -> 27.82 | Y12: ='8'!$G$58 -> 205.38 | Z12: ='8'!$G$151 -> 235 | AA12: ='8'!G158 -> 6.4 | AB12: ='8'!G159 -> 31.7 | AD12: ='8'!G160+'8'!G161 -> 67 | AE12: ='8'!$G$116 -> 0 | AF12: ='8'!$G$117 -> 21.79 | AG12: ='8'!$G$118 -> 353.34 | AH12: ='8'!$G$119 -> 410.44 | AI12: ='8'!$G$120 -> 427.19 | AJ12: ='8'!$G$121 -> 717.64 | AK12: ='8'!$G$122 -> 323.1 | AL12: ='8'!$G$123 -> 296.68 | AM12: ='8'!$G$133 -> 780.19 | AN12: ='8'!$G$15 -> 1009.75 | AO12: ='8'!$G$74 -> 287.15 | AP12: ='8'!$G$75 -> 0 | AQ12: ='8'!$G$76 -> 92.42 | AR12: ='8'!$G$77 -> 41 | AS12: ='8'!$G$78 -> 1.4 | AT12: =AN12-SUM(AO12:AS12) -> 587.78 | AU12: =SUM('8'!G91:G92) -> 10.07 | AV12: ='8'!$G$88 -> 0 | AW12: ='8'!$G$89 -> 9.93 | AX12: ='8'!$G$90 -> 6.83 | AY12: =SUM(AV12:AX12) -> 16.76 | BB12: =C12-SUM(F12:K12,Y12) -> 3863.07 | BC12: =BB12/B12% -> 17.841631
A13: 9 | B13: ='9'!G7 -> 21575.65 | C13: ='9'!G8 -> 21818.17 | D13: ='9'!G15 -> 1028.08 | E13: ='9'!G20 -> 253 | F13: =SUM('9'!G35,'9'!G49) -> 3457.04 | G13: =SUM('9'!G37,'9'!G51) -> 1570.33 | H13: =SUM('9'!G38,'9'!G52) -> 1768.62 | I13: =SUM('9'!G39,'9'!G53) -> 2928.33 | J13: =SUM('9'!G41,'9'!G42,'9'!G55,'9'!G56) -> 5158.53 | K13: =SUM('9'!G43,'9'!G57) -> 2590.9 | L13: ='9'!G50 -> 1069.61 | M13: ='9'!G36 -> 999.83 | N13: ='9'!G138 -> 42 | O13: ='9'!$G$139 -> 1 | P13: ='9'!$G$140 -> 1.5 | Q13: ='9'!$G$141 -> 179.65 | R13: ='9'!$G$142 -> 14.39 | S13: ='9'!$G$145 -> 38.27 | T13: ='9'!$G$146 -> 447 | U13: ='9'!$G$144 -> 237 | V13: ='9'!$G$147 -> 410.44 | W13: ='9'!$G$148 -> 257.36 | X13: ='9'!$G$143 -> 27.87 | Y13: ='9'!$G$58 -> 230.49 | Z13: ='9'!$G$151 -> 207 | AA13: ='9'!G158 -> 36.04 | AB13: ='9'!G159 -> 37.7 | AD13: ='9'!G160+'9'!H161 -> 92.2 | AE13: ='9'!$G$116 -> 0 | AF13: ='9'!$G$117 -> 21.13 | AG13: ='9'!$G$118 -> 360.11 | AH13: ='9'!$G$119 -> 397.45 | AI13: ='9'!$G$120 -> 435.55 | AJ13: ='9'!$G$121 -> 722.85 | AK13: ='9'!$G$122 -> 316.63 | AL13: ='9'!$G$123 -> 292.53 | AM13: ='9'!$G$133 -> 557.66 | AN13: ='9'!$G$15 -> 1028.08 | AO13: ='9'!$G$74 -> 261.56 | AP13: ='9'!$G$75 -> 0 | AQ13: ='9'!$G$76 -> 94.6 | AR13: ='9'!$G$77 -> 34 | AS13: ='9'!$G$78 -> 2.3 | AT13: =AN13-SUM(AO13:AS13) -> 635.62 | AU13: =SUM('9'!G91:G92) -> 9.18 | AV13: ='9'!$G$88 -> 4.97 | AW13: ='9'!$G$89 -> 4.74 | AX13: ='9'!$G$90 -> 8.74 | AY13: =SUM(AV13:AX13) -> 18.45 | BB13: =C13-SUM(F13:K13,Y13) -> 4113.93 | BC13: =BB13/B13% -> 19.067467
A14: 10 | B14: ='10'!G7 -> 20815 | C14: ='10'!G8 -> 21010 | D14: ='10'!G15 -> 1016 | E14: ='10'!G20 -> 225 | F14: =SUM('10'!G35,'10'!G49) -> 3227 | G14: =SUM('10'!G37,'10'!G51) -> 1588 | H14: =SUM('10'!G38,'10'!G52) -> 1767 | I14: =SUM('10'!G39,'10'!G53) -> 2884 | J14: =SUM('10'!G41,'10'!G42,'10'!G55,'10'!G56) -> 4843 | K14: =SUM('10'!G43,'10'!G57) -> 2516 | L14: ='10'!G50 -> 1089 | M14: ='10'!G36 -> 882 | N14: ='10'!G138 -> 70 | O14: ='10'!$G$139 -> 0 | P14: ='10'!$G$140 -> 1 | Q14: ='10'!$G$141 -> 170 | R14: ='10'!$G$142 -> 16 | S14: ='10'!$G$145 -> 38 | T14: ='10'!$G$146 -> 420 | U14: ='10'!$G$144 -> 228 | V14: ='10'!$G$147 -> 378 | W14: ='10'!$G$148 -> 239 | X14: ='10'!$G$143 -> 22 | Y14: ='10'!$G$58 -> 191 | Z14: ='10'!$G$151 -> 259 | AA14: ='10'!G158 -> 51 | AB14: ='10'!G159 -> 42 | AD14: ='10'!G160+'10'!H161 -> 100.5 | AE14: ='10'!$G$116 -> 0 | AF14: ='10'!$G$117 -> 21 | AG14: ='10'!$G$118 -> 375 | AH14: ='10'!$G$119 -> 443 | AI14: ='10'!$G$120 -> 411 | AJ14: ='10'!$G$121 -> 723 | AK14: ='10'!$G$122 -> 327 | AL14: ='10'!$G$123 -> 291 | AM14: ='10'!$G$133 -> 492 | AN14: ='10'!$G$15 -> 1016 | AO14: ='10'!$G$74 -> 299 | AP14: ='10'!$G$75 -> 0 | AQ14: ='10'!$G$76 -> 113 | AR14: ='10'!$G$77 -> 35 | AS14: ='10'!$G$78 -> 1 | AT14: =AN14-SUM(AO14:AS14) -> 568 | AU14: =SUM('10'!G91:G92) -> 10.49 | AV14: ='10'!$G$88 -> 0 | AW14: ='10'!$G$89 -> 9.38 | AX14: ='10'!$G$90 -> 6.33 | AY14: =SUM(AV14:AX14) -> 15.71 | BB14: =C14-SUM(F14:K14,Y14) -> 3994 | BC14: =BB14/B14% -> 19.188086
A15: 11 | B15: ='11'!G7 -> 20414 | C15: ='11'!G8 -> 20585 | D15: ='11'!G15 -> 1046 | E15: ='11'!G20 -> 233 | F15: =SUM('11'!G35,'11'!G49) -> 3327 | G15: =SUM('11'!G37,'11'!G51) -> 1567 | H15: =SUM('11'!G38,'11'!G52) -> 1740 | I15: =SUM('11'!G39,'11'!G53) -> 2887 | J15: =SUM('11'!G41,'11'!G42,'11'!G55,'11'!G56) -> 4864 | K15: =SUM('11'!G43,'11'!G57) -> 2425 | L15: ='11'!G50 -> 1114 | M15: ='11'!G36 -> 874 | N15: ='11'!G138 -> 63 | O15: ='11'!$G$139 -> 1 | P15: ='11'!$G$140 -> 1 | Q15: ='11'!$G$141 -> 187 | R15: ='11'!$G$142 -> 16 | S15: ='11'!$G$145 -> 37 | T15: ='11'!$G$146 -> 417 | U15: ='11'!$G$144 -> 235 | V15: ='11'!$G$147 -> 343 | W15: ='11'!$G$148 -> 251 | X15: ='11'!$G$143 -> 26 | Y15: ='11'!$G$58 -> 204 | Z15: ='11'!$G$151 -> 214 | AA15: ='11'!G158 -> 0 | AB15: ='11'!G159 -> 46 | AC15: ='11'!G88 -> 0.05 | AD15: ='11'!G160+'11'!H161 -> 92.5 | AE15: ='11'!$G$116 -> 0 | AF15: ='11'!$G$117 -> 22 | AG15: ='11'!$G$118 -> 362 | AH15: ='11'!$G$119 -> 414 | AI15: ='11'!$G$120 -> 404 | AJ15: ='11'!$G$121 -> 723 | AK15: ='11'!$G$122 -> 306 | AL15: ='11'!$G$123 -> 295 | AM15: ='11'!$G$133 -> 490 | AN15: ='11'!$G$15 -> 1046 | AO15: ='11'!$G$74 -> 293 | AP15: ='11'!$G$75 -> 0 | AQ15: ='11'!$G$76 -> 118 | AR15: ='11'!$G$77 -> 39 | AS15: ='11'!$G$78 -> 2 | AT15: =AN15-SUM(AO15:AS15) -> 594 | AU15: =SUM('11'!G91:G92) -> 10.29 | AV15: ='11'!$G$88 -> 0.05 | AW15: ='11'!$G$89 -> 10.23 | AX15: ='11'!$G$90 -> 6.22 | AY15: =SUM(AV15:AX15) -> 16.5 | BB15: =C15-SUM(F15:K15,Y15) -> 3571 | BC15: =BB15/B15% -> 17.492897
A16: 12 | B16: ='12'!G7 -> 22257 | C16: ='12'!G8 -> 22424 | D16: ='12'!G15 -> 1060 | E16: ='12'!G20 -> 278 | F16: =SUM('12'!G35,'12'!G49) -> 3413 | G16: =SUM('12'!G37,'12'!G51) -> 1617 | H16: =SUM('12'!G38,'12'!G52) -> 1852 | I16: =SUM('12'!G39,'12'!G53) -> 2962 | J16: =SUM('12'!G41,'12'!G42,'12'!G55,'12'!G56) -> 5360.29 | K16: =SUM('12'!G43,'12'!G57) -> 2719 | L16: ='12'!G50 -> 1311 | M16: ='12'!G36 -> 986 | N16: ='12'!G138 -> 48 | O16: ='12'!$G$139 -> 19 | P16: ='12'!$G$140 -> 0 | Q16: ='12'!$G$141 -> 213 | R16: ='12'!$G$142 -> 19 | S16: ='12'!$G$145 -> 36 | T16: ='12'!$G$146 -> 412 | U16: ='12'!$G$144 -> 233 | V16: ='12'!$G$147 -> 520 | W16: ='12'!$G$148 -> 258 | X16: ='12'!$G$143 -> 27 | Y16: ='12'!$G$58 -> 218 | Z16: ='12'!$G$151 -> 239 | AA16: ='12'!G158 -> 0 | AB16: ='12'!G159 -> 53 | AC16: ='12'!G88 -> 2.19 | AD16: ='12'!G160+'12'!H161 -> 89.5 | AE16: ='12'!$G$116 -> 0 | AF16: ='12'!$G$117 -> 21 | AG16: ='12'!$G$118 -> 348 | AH16: ='12'!$G$119 -> 424 | AI16: ='12'!$G$120 -> 407 | AJ16: ='12'!$G$121 -> 714 | AK16: ='12'!$G$122 -> 306 | AL16: ='12'!$G$123 -> 289 | AM16: ='12'!$G$133 -> 576 | AN16: ='12'!$G$15 -> 1060 | AO16: ='12'!$G$74 -> 305 | AP16: ='12'!$G$75 -> 0 | AQ16: ='12'!$G$76 -> 120 | AR16: ='12'!$G$77 -> 50 | AS16: ='12'!$G$78 -> 4 | AT16: =AN16-SUM(AO16:AS16) -> 581 | AU16: =SUM('12'!G91:G92) -> 10.79 | AV16: ='12'!$G$88 -> 2.19 | AW16: ='12'!$G$89 -> 7.47 | AX16: ='12'!$G$90 -> 6.62 | AY16: =SUM(AV16:AX16) -> 16.28 | BA16: =AO16-AQ16 -> 185 | BB16: =C16-SUM(F16:K16,Y16) -> 4282.71 | BC16: =BB16/B16% -> 19.242081
A17: 13 | B17: ='13'!G7 -> 24226 | C17: ='13'!G8 -> 24350 | D17: ='13'!G15 -> 1071 | E17: ='13'!G20 -> 256 | F17: =SUM('13'!G35,'13'!G49) -> 3825 | G17: =SUM('13'!G37,'13'!G51) -> 1651 | H17: =SUM('13'!G38,'13'!G52) -> 1898 | I17: =SUM('13'!G39,'13'!G53) -> 3040 | J17: =SUM('13'!G41,'13'!G42,'13'!G55,'13'!G56) -> 6131 | K17: =SUM('13'!G43,'13'!G57) -> 2775 | L17: ='13'!G50 -> 1833 | M17: ='13'!G36 -> 1288 | N17: ='13'!G138 -> 52 | O17: ='13'!$G$139 -> 1 | P17: ='13'!$G$140 -> 0 | Q17: ='13'!$G$141 -> 193 | R17: ='13'!$G$142 -> 18 | S17: ='13'!$G$145 -> 38 | T17: ='13'!$G$146 -> 397 | U17: ='13'!$G$144 -> 236 | V17: ='13'!$G$147 -> 453 | W17: ='13'!$G$148 -> 336 | X17: ='13'!$G$143 -> 33 | Y17: ='13'!$G$58 -> 216 | Z17: ='13'!$G$151 -> 243 | AA17: ='13'!G158 -> 0 | AB17: ='13'!G159 -> 12 | AC17: ='13'!G88 -> 2.83 | AD17: ='13'!G160+'13'!H161 -> 84.5 | AE17: ='13'!$G$116 -> 0 | AF17: ='13'!$G$117 -> 23 | AG17: ='13'!$G$118 -> 337 | AH17: ='13'!$G$119 -> 443 | AI17: ='13'!$G$120 -> 412 | AJ17: ='13'!$G$121 -> 725 | AK17: ='13'!$G$122 -> 304 | AL17: ='13'!$G$123 -> 297 | AM17: ='13'!$G$133 -> 783 | AN17: ='13'!$G$15 -> 1071 | AO17: ='13'!$G$74 -> 303 | AP17: ='13'!$G$75 -> 0 | AQ17: ='13'!$G$76 -> 119 | AR17: ='13'!$G$77 -> 45 | AS17: ='13'!$G$78 -> 3 | AT17: =AN17-SUM(AO17:AS17) -> 601 | AU17: =SUM('13'!G91:G92) -> 10.64 | AV17: ='13'!$G$88 -> 2.83 | AW17: ='13'!$G$89 -> 11.61 | AX17: ='13'!$G$90 -> 1.69 | AY17: =SUM(AV17:AX17) -> 16.13 | BA17: =AO17-AT17 -> -298 | BB17: =C17-SUM(F17:K17,Y17) -> 4814 | BC17: =BB17/B17% -> 19.871213
A18: 14 | B18: ='14'!G7 -> 22252 | C18: ='14'!G8 -> 22382 | D18: ='14'!G15 -> 1139.97 | E18: ='14'!G20 -> 293 | F18: =SUM('14'!G35,'14'!G49) -> 3440 | G18: =SUM('14'!G37,'14'!G51) -> 1518 | H18: =SUM('14'!G38,'14'!G52) -> 1821 | I18: =SUM('14'!G39,'14'!G53) -> 2824 | J18: =SUM('14'!G41,'14'!G42,'14'!G55,'14'!G56) -> 6179 | K18: =SUM('14'!G43,'14'!G57) -> 2571 | L18: ='14'!G50 -> 1194 | M18: ='14'!G36 -> 875 | N18: ='14'!G138 -> 71 | O18: ='14'!$G$139 -> 1 | P18: ='14'!$G$140 -> 0 | Q18: ='14'!$G$141 -> 193 | R18: ='14'!$G$142 -> 17 | S18: ='14'!$G$145 -> 44 | T18: ='14'!$G$146 -> 468 | U18: ='14'!$G$144 -> 241 | V18: ='14'!$G$147 -> 441 | W18: ='14'!$G$148 -> 283 | X18: ='14'!$G$143 -> 26 | Y18: ='14'!$G$58 -> 203 | Z18: ='14'!$G$151 -> 253 | AA18: ='14'!G158 -> 0 | AB18: ='14'!G159 -> 14 | AC18: ='14'!G88 -> 0 | AD18: ='14'!G160+'14'!H161 -> 74.5 | AE18: ='14'!$G$116 -> 0 | AF18: ='14'!$G$117 -> 21 | AG18: ='14'!$G$118 -> 323 | AH18: ='14'!$G$119 -> 429 | AI18: ='14'!$G$120 -> 422 | AJ18: ='14'!$G$121 -> 719 | AK18: ='14'!$G$122 -> 276 | AL18: ='14'!$G$123 -> 287 | AM18: ='14'!$G$133 -> 769 | AN18: ='14'!$G$15 -> 1139.97 | AO18: ='14'!$G$74 -> 280 | AP18: ='14'!$G$75 -> 0 | AQ18: ='14'!$G$76 -> 128 | AR18: ='14'!$G$77 -> 41 | AS18: ='14'!$G$78 -> 1 | AT18: =AN18-SUM(AO18:AS18) -> 689.97 | AU18: =SUM('14'!G91:G92) -> 9.79 | AV18: ='14'!$G$88 -> 0 | AW18: ='14'!$G$89 -> 10.27 | AX18: ='14'!$G$90 -> 7.14 | AY18: =SUM(AV18:AX18) -> 17.41 | BA18: =AO18-AT18 -> -409.97 | BB18: =C18-SUM(F18:K18,Y18) -> 3826 | BC18: =BB18/B18% -> 17.19396
A19: 15 | B19: ='15'!G7 -> 24122.82 | C19: ='15'!G8 -> 24876.32 | D19: ='15'!G15 -> 911.2 | E19: ='15'!G20 -> 236 | F19: =SUM('15'!G35,'15'!G49) -> 3603.7 | G19: =SUM('15'!G37,'15'!G51) -> 1554.88 | H19: =SUM('15'!G38,'15'!G52) -> 1735.56 | I19: =SUM('15'!G39,'15'!G53) -> 2954.21 | J19: =SUM('15'!G41,'15'!G42,'15'!G55,'15'!G56) -> 7030.51 | K19: =SUM('15'!G43,'15'!G57) -> 2788.5 | L19: ='15'!G50 -> 1115.47 | M19: ='15'!G36 -> 840.7 | N19: ='15'!G138 -> 42 | O19: ='15'!$G$139 -> 4 | P19: ='15'!$G$140 -> 0 | Q19: ='15'!$G$141 -> 186.46 | R19: ='15'!$G$142 -> 17.22 | S19: ='15'!$G$145 -> 31.15 | T19: ='15'!$G$146 -> 427 | U19: ='15'!$G$144 -> 240 | V19: ='15'!$G$147 -> 450.64 | W19: ='15'!$G$148 -> 266.52 | X19: ='15'!$G$143 -> 27.88 | Y19: ='15'!$G$58 -> 228.663 | Z19: ='15'!$G$151 -> 214 | AA19: ='15'!G158 -> 34 | AB19: ='15'!G159 -> 33.6 | AC19: ='15'!G88 -> -0.03 | AD19: ='15'!G160+'15'!H161 -> 102.8 | AE19: ='15'!$G$116 -> 0 | AF19: ='15'!$G$117 -> 21.42 | AG19: ='15'!$G$118 -> 345.25 | AH19: ='15'!$G$119 -> 414.45 | AI19: ='15'!$G$120 -> 417.23 | AJ19: ='15'!$G$121 -> 715.59 | AK19: ='15'!$G$122 -> 312.28 | AL19: ='15'!$G$123 -> 284.09 | AM19: ='15'!$G$133 -> 740.98 | AN19: ='15'!$G$15 -> 911.2 | AO19: ='15'!$G$74 -> 252.49 | AP19: ='15'!$G$75 -> 0 | AQ19: ='15'!$G$76 -> 110.8 | AR19: ='15'!$G$77 -> 46 | AS19: ='15'!$G$78 -> 1.8 | AT19: =AN19-SUM(AO19:AS19) -> 500.11 | AU19: =SUM('15'!G91:G92) -> 8.88 | AV19: ='15'!$G$88 -> -0.03 | AW19: ='15'!$G$89 -> 10.18 | AX19: ='15'!$G$90 -> 4.12 | AY19: =SUM(AV19:AX19) -> 14.27 | BA19: =AO19-AT19 -> -247.62 | BB19: =C19-SUM(F19:K19,Y19) -> 4980.297 | BC19: =BB19/B19% -> 20.645584
A20: 16 | B20: ='16'!G7 -> 25079.88 | C20: ='16'!G8 -> 25405.38 | D20: ='16'!G15 -> 794.9 | E20: ='16'!G20 -> 251 | F20: =SUM('16'!G35,'16'!G49) -> 3624.86 | G20: =SUM('16'!G37,'16'!G51) -> 1596.44 | H20: =SUM('16'!G38,'16'!G52) -> 1865.83 | I20: =SUM('16'!G39,'16'!G53) -> 2997.28 | J20: =SUM('16'!G41,'16'!G42,'16'!G55,'16'!G56) -> 7804 | K20: =SUM('16'!G43,'16'!G57) -> 2788.9 | L20: ='16'!G50 -> 1347.92 | M20: ='16'!G36 -> 905.24 | N20: ='16'!G138 -> 57 | O20: ='16'!$G$139 -> 1 | P20: ='16'!$G$140 -> 0 | Q20: ='16'!$G$141 -> 195.24 | R20: ='16'!$G$142 -> 17.07 | S20: ='16'!$G$145 -> 39.56 | T20: ='16'!$G$146 -> 416 | U20: ='16'!$G$144 -> 249 | V20: ='16'!$G$147 -> 458.16 | W20: ='16'!$G$148 -> 252.92 | X20: ='16'!$G$143 -> 31.89 | Y20: ='16'!$G$58 -> 234.207 | Z20: ='16'!$G$151 -> 278 | AA20: ='16'!G158 -> 28.72 | AB20: ='16'!G159 -> 40.5 | AC20: ='16'!G88 -> 4.79 | AD20: ='16'!G160+'16'!H161 -> 143.7 | AE20: ='16'!$G$116 -> 0 | AF20: ='16'!$G$117 -> 19.82 | AG20: ='16'!$G$118 -> 375.24 | AH20: ='16'!$G$119 -> 431.56 | AI20: ='16'!$G$120 -> 422.63 | AJ20: ='16'!$G$121 -> 721.11 | AK20: ='16'!$G$122 -> 320.52 | AL20: ='16'!$G$123 -> 283.91 | AM20: ='16'!$G$133 -> 645.72 | AN20: ='16'!$G$15 -> 794.9 | AO20: ='16'!$G$74 -> 283.48 | AP20: ='16'!$G$75 -> 0 | AQ20: ='16'!$G$76 -> 123.5 | AR20: ='16'!$G$77 -> 37 | AS20: ='16'!$G$78 -> 0.6 | AT20: =AN20-SUM(AO20:AS20) -> 350.32 | AU20: =SUM('16'!G91:G92) -> 9 | AV20: ='16'!$G$88 -> 4.79 | AW20: ='16'!$G$89 -> 5.13 | AX20: ='16'!$G$90 -> 6.92 | AY20: =SUM(AV20:AX20) -> 16.84 | BA20: =AO20-AT20 -> -66.84 | BB20: =C20-SUM(F20:K20,Y20) -> 4493.863 | BC20: =BB20/B20% -> 17.9182
A21: 17 | B21: ='17'!G7 -> 27041.9 | C21: ='17'!G8 -> 27478.2 | D21: ='17'!G15 -> 824.4 | E21: ='17'!G20 -> 255 | F21: =SUM('17'!G35,'17'!G49) -> 3829.88 | G21: =SUM('17'!G37,'17'!G51) -> 1696.08 | H21: =SUM('17'!G38,'17'!G52) -> 1917.7 | I21: =SUM('17'!G39,'17'!G53) -> 2980.36 | J21: =SUM('17'!G41,'17'!G42,'17'!G55,'17'!G56) -> 8791.76 | K21: =SUM('17'!G43,'17'!G57) -> 3015.6 | L21: ='17'!G50 -> 1503.28 | M21: ='17'!G36 -> 1258.36 | N21: ='18 '!G138 -> 52 | O21: ='17'!$G$139 -> 1 | P21: ='17'!$G$140 -> 0 | Q21: ='17'!$G$141 -> 192.8 | R21: ='17'!$G$142 -> 16.43 | S21: ='17'!$G$145 -> 40.51 | T21: ='17'!$G$146 -> 309 | U21: ='17'!$G$144 -> 235 | V21: ='17'!$G$147 -> 460 | W21: ='17'!$G$148 -> 284.2 | X21: ='17'!$G$143 -> 29.23 | Y21: ='17'!$G$58 -> 214.57 | Z21: ='17'!$G$151 -> 280 | AA21: ='17'!G158 -> 30.92 | AB21: ='17'!G159 -> 37.8 | AC21: ='17'!G88 -> 9.55 | AD21: ='17'!G160+'17'!H161 -> 171.2 | AE21: ='17'!$G$116 -> 0 | AF21: ='17'!$G$117 -> 18.76 | AG21: ='17'!$G$118 -> 420.82 | AH21: ='17'!$G$119 -> 460.82 | AI21: ='17'!$G$120 -> 437.13 | AJ21: ='17'!$G$121 -> 663.41 | AK21: ='17'!$G$122 -> 307.03 | AL21: ='17'!$G$123 -> 288.56 | AM21: ='17'!$G$133 -> 804.85 | AN21: ='17'!$G$15 -> 824.4 | AO21: ='17'!$G$74 -> 281.27 | AP21: ='17'!$G$75 -> 0 | AQ21: ='17'!$G$76 -> 131.6 | AR21: ='17'!$G$77 -> 41.6 | AS21: ='17'!$G$78 -> 2.3 | AT21: =AN21-SUM(AO21:AS21) -> 367.63 | AU21: =SUM('17'!G91:G92) -> 10.8 | AV21: ='17'!$G$88 -> 9.55 | AW21: ='17'!$G$89 -> 0 | AX21: ='17'!$G$90 -> 9.69 | AY21: =SUM(AV21:AX21) -> 19.24 | BA21: =AO21-AT21 -> -86.36 | BB21: =C21-SUM(F21:K21,Y21) -> 5032.25 | BC21: =BB21/B21% -> 18.609084
A22: 18 | B22: ='18 '!G7 -> 26420.21 | C22: ='18 '!G8 -> 26897.63 | D22: ='18 '!G15 -> 783.8 | E22: ='18 '!G20 -> 337 | F22: =SUM('18 '!G35,'18 '!G49) -> 1697.28 | G22: =SUM('18 '!G37,'18 '!G51) -> 1804.68 | H22: =SUM('18 '!G38,'18 '!G52) -> 1865.97 | I22: =SUM('18 '!G39,'18 '!G53) -> 2891.16 | J22: =SUM('18 '!G41,'18 '!G42,'18 '!G55,'18 '!G56) -> 8645.31 | K22: =SUM('18 '!G43,'18 '!G57) -> 2870.4 | L22: ='18 '!G50 -> 1613.28 | M22: ='18 '!G36 -> 1112.44 | N22: ='18 '!G138 -> 52 | O22: ='18 '!$G$139 -> 0 | P22: ='18 '!$G$140 -> 8.7 | Q22: ='18 '!$G$141 -> 190.76 | R22: ='18 '!$G$142 -> 16.61 | S22: ='18 '!$G$145 -> 39.63 | T22: ='18 '!$G$146 -> 346 | U22: ='18 '!$G$144 -> 247 | V22: ='18 '!$G$147 -> 468.84 | W22: ='18 '!$G$148 -> 244.16 | X22: ='18 '!$G$143 -> 22.76 | Y22: ='18 '!$G$58 -> 204.91 | Z22: ='18 '!$G$151 -> 258 | AA22: ='18 '!G158 -> 12.8 | AB22: ='18 '!G159 -> 40.1 | AC22: ='18 '!G88 -> 8.89 | AD22: ='18 '!G160+'18 '!H161 -> 187.62 | AE22: ='18 '!$G$116 -> 0 | AF22: ='18 '!$G$117 -> 17.73 | AG22: ='18 '!$G$118 -> 408 | AH22: ='18 '!$G$119 -> 449.8 | AI22: ='18 '!$G$120 -> 423.058 | AJ22: ='18 '!$G$121 -> 672.08 | AK22: ='18 '!$G$122 -> 300.9 | AL22: ='18 '!$G$123 -> 276.72 | AM22: ='18 '!$G$133 -> 778.93 | AN22: ='18 '!$G$15 -> 783.8 | AO22: ='18 '!$G$74 -> 296.51 | AP22: ='18 '!$G$75 -> -0.4 | AQ22: ='18 '!$G$76 -> 106.2 | AR22: ='18 '!$G$77 -> 38.3 | AS22: ='18 '!$G$78 -> 2.1 | AT22: =AN22-SUM(AO22:AS22) -> 341.09 | AU22: =SUM('18 '!G91:G92) -> 10.39 | AV22: ='18 '!$G$88 -> 8.89 | AW22: ='18 '!$G$89 -> 0 | AX22: ='18 '!$G$90 -> 7.78 | AY22: =SUM(AV22:AX22) -> 16.67 | BA22: =AO22-AT22 -> -44.58 | BB22: =C22-SUM(F22:K22,Y22) -> 6917.92 | BC22: =BB22/B22% -> 26.184198
A23: 19 | B23: ='19'!G7 -> 25465.64 | C23: ='19'!G8 -> 25802.36 | D23: ='19'!G15 -> 785.6 | E23: ='19'!G20 -> 325 | F23: =SUM('19'!G35,'19'!G49) -> 5620.05 | G23: =SUM('19'!G37,'19'!G51) -> 1586.63 | H23: =SUM('19'!G38,'19'!G52) -> 1808.79 | I23: =SUM('19'!G39,'19'!G53) -> 2926.9 | J23: =SUM('19'!G41,'19'!G42,'19'!G55,'19'!G56) -> 7972.46 | K23: =SUM('19'!G43,'19'!G57) -> 2801.2 | L23: ='19'!G50 -> 1761.04 | M23: ='19'!G36 -> 807.42 | N23: ='19'!G138 -> 45 | O23: ='19'!$G$139 -> 2 | P23: ='19'!$G$140 -> 1.3 | Q23: ='19'!$G$141 -> 200.29 | R23: ='19'!G142 -> 17.47 | S23: ='19'!$G$145 -> 46.15 | T23: ='19'!$G$146 -> 392 | U23: ='19'!$G$144 -> 237 | V23: ='19'!$G$147 -> 469.6 | W23: ='19'!$G$148 -> 256.16 | X23: ='19'!$G$143 -> 27.24 | Y23: ='19'!$G$58 -> 211.84 | Z23: ='19'!$G$151 -> 224 | AA23: ='19'!G158 -> 175.6 | AB23: ='19'!G159 -> 38.3 | AC23: ='19'!G88 -> 0.09 | AD23: ='19'!G160+'19'!H161 -> 175.7 | AE23: ='19'!$G$116 -> 0 | AF23: ='19'!$G$117 -> 20.9 | AG23: ='19'!$G$118 -> 399.48 | AH23: ='19'!$G$119 -> 429.34 | AI23: ='19'!$G$120 -> 435.962 | AJ23: ='19'!$G$121 -> 752.81 | AK23: ='19'!$G$122 -> 305.53 | AL23: ='19'!$G$123 -> 262.74 | AM23: ='19'!$G$133 -> 793.15 | AN23: ='19'!$G$15 -> 785.6 | AO23: ='19'!$G$74 -> 286.02 | AP23: ='19'!$G$75 -> 0.4 | AQ23: ='19'!$G$76 -> 125.7 | AR23: ='19'!$G$77 -> 39.9 | AS23: ='19'!$G$78 -> 1.6 | AT23: =AN23-SUM(AO23:AS23) -> 331.98 | AU23: =SUM('19'!G91:G92) -> 9.98 | AV23: ='19'!$G$88 -> 0.09 | AW23: ='19'!$G$89 -> 10.55 | AX23: ='19'!$G$90 -> 6.54 | AY23: =SUM(AV23:AX23) -> 17.18 | BA23: =AO23-AT23 -> -45.96 | BB23: =C23-SUM(F23:K23,Y23) -> 2874.49 | BC23: =BB23/B23% -> 11.287719
A24: 20 | B24: ='20'!G7 -> 26409.04 | C24: ='20'!G8 -> 26883.2 | D24: ='20'!G15 -> 1135.28 | E24: ='20'!G20 -> 271 | F24: =SUM('20'!G35,'20'!G49) -> 3684 | G24: =SUM('20'!G37,'20'!G51) -> 1650.31 | H24: =SUM('20'!G38,'20'!G52) -> 1897.07 | I24: =SUM('20'!G39,'20'!G53) -> 2942.6 | J24: =SUM('20'!G41,'20'!G42,'20'!G55,'20'!G56) -> 8670.22 | K24: =SUM('20'!G43,'20'!G57) -> 2977.1 | L24: ='20'!G50 -> 1214.96 | M24: ='20'!G36 -> 1243.59 | N24: ='20'!G138 -> 46 | O24: ='20'!$G$139 -> 1 | P24: ='20'!$G$140 -> 1 | Q24: ='20'!$G$141 -> 205.98 | R24: ='20'!$G$142 -> 17.59 | S24: ='20'!$G$145 -> 47.39 | T24: ='20'!$G$146 -> 463 | U24: ='20'!$G$144 -> 231 | V24: ='20'!$G$147 -> 424.76 | W24: ='20'!$G$148 -> 337.08 | X24: ='20'!$G$143 -> 29.53 | Y24: ='20'!$G$58 -> 215.2 | Z24: ='20'!$G$151 -> 261 | AA24: ='20'!G158 -> 18.84 | AB24: ='20'!G159 -> 27.2 | AC24: ='20'!G88 -> 10.05 | AD24: ='20'!G160+'20'!H161 -> 114.8 | AE24: ='20'!$G$116 -> 0 | AF24: ='20'!$G$117 -> 20.63 | AG24: ='20'!$G$118 -> 366.64 | AH24: ='20'!$G$119 -> 442.98 | AI24: ='20'!$G$120 -> 441.9 | AJ24: ='20'!$G$121 -> 761.35 | AK24: ='20'!$G$122 -> 320.06 | AL24: ='20'!$G$123 -> 283.07 | AM24: ='20'!$G$133 -> 854.41 | AN24: ='20'!$G$15 -> 1135.28 | AO24: ='20'!$G$74 -> 284.37 | AP24: ='20'!$G$75 -> 0 | AQ24: ='20'!$G$76 -> 126.82 | AR24: ='20'!$G$77 -> 65.2 | AS24: ='20'!$G$78 -> 5.6 | AT24: =AN24-SUM(AO24:AS24) -> 653.29 | AU24: =SUM('20'!G91:G92) -> 9.93 | AV24: ='20'!$G$88 -> 10.05 | AW24: ='20'!$G$89 -> 0 | AX24: ='20'!$G$90 -> 7.79 | AY24: =SUM(AV24:AX24) -> 17.84 | BA24: =AO24-AT24 -> -368.92 | BB24: =C24-SUM(F24:K24,Y24) -> 4846.7 | BC24: =BB24/B24% -> 18.352428
A25: 21 | B25: ='21'!G7 -> 27181.66 | C25: ='21'!G8 -> 27602.04 | D25: ='21'!G15 -> 1044.04 | E25: ='21'!G20 -> 276 | F25: =SUM('21'!G35,'21'!G49) -> 3680.58 | G25: =SUM('21'!G37,'21'!G51) -> 1626.58 | H25: =SUM('21'!G38,'21'!G52) -> 1956.14 | I25: =SUM('21'!G39,'21'!G53) -> 2957.14 | J25: =SUM('21'!G41,'21'!G42,'21'!G55,'21'!G56) -> 8485.46 | K25: =SUM('21'!G43,'21'!G57) -> 3011.8 | L25: ='21'!G50 -> 1735.04 | M25: ='21'!G36 -> 1542.09 | N25: ='21'!G138 -> 63 | O25: ='21'!$G$139 -> 22 | P25: ='21'!$G$140 -> 1.4 | Q25: ='21'!$G$141 -> 200.04 | R25: ='21'!$G$142 -> 15.6 | S25: ='21'!$G$145 -> 41.74 | T25: ='21'!$G$146 -> 465 | U25: ='21'!$G$144 -> 242 | V25: ='21'!$G$147 -> 509.64 | W25: ='21'!$G$148 -> 481.96 | X25: ='21'!$G$143 -> 28.01 | Y25: ='21'!$G$58 -> 192.86 | Z25: ='21'!$G$151 -> 287 | AA25: ='21'!G158 -> 19.67 | AB25: ='21'!G159 -> 19.2 | AC25: ='21'!G88 -> 8.96 | AD25: ='21'!G160+'21'!H161 -> 111.1 | AE25: ='21'!$G$116 -> 0 | AF25: ='21'!$G$117 -> 19.96 | AG25: ='21'!$G$118 -> 343.2 | AH25: ='21'!$G$119 -> 419.3 | AI25: ='21'!$G$120 -> 412.37 | AJ25: ='21'!$G$121 -> 756.24 | AK25: ='21'!$G$122 -> 321.21 | AL25: ='21'!$G$123 -> 288.95 | AM25: ='21'!$G$133 -> 916.51 | AN25: ='21'!$G$15 -> 1044.04 | AO25: ='21'!$G$74 -> 288.98 | AP25: ='21'!$G$75 -> 0 | AQ25: ='21'!$G$76 -> 113.68 | AR25: ='21'!$G$77 -> 48.1 | AS25: ='21'!$G$78 -> 2.6 | AT25: =AN25-SUM(AO25:AS25) -> 590.68 | AU25: =SUM('21'!G91:G92) -> 10.11 | AV25: ='21'!$G$88 -> 8.96 | AW25: ='21'!$G$89 -> 0 | AX25: ='21'!$G$90 -> 5.98 | AY25: =SUM(AV25:AX25) -> 14.94 | BA25: =AO25-AT25 -> -301.7 | BB25: =C25-SUM(F25:K25,Y25) -> 5691.48 | BC25: =BB25/B25% -> 20.938677
A26: 22 | B26: ='22'!G7 -> 25478.46 | C26: ='22'!G8 -> 25787.66 | D26: ='22'!G15 -> 1044.04 | E26: ='22'!G20 -> 260 | F26: =SUM('22'!G35,'22'!G49) -> 3667.22 | G26: =SUM('22'!G37,'22'!G51) -> 1656.13 | H26: =SUM('22'!G38,'22'!G52) -> 1904.18 | I26: =SUM('22'!G39,'22'!G53) -> 3001.5 | J26: =SUM('22'!G41,'22'!G42,'22'!G55,'22'!G56) -> 7664.87 | K26: =SUM('22'!G43,'22'!G57) -> 2913.2 | L26: ='22'!G50 -> 1158 | M26: ='22'!G36 -> 1392.41 | N26: ='22'!G138 -> 39 | O26: ='22'!$G$139 -> 0 | P26: ='22'!$G$140 -> 0.6 | Q26: ='22'!$G$141 -> 200.09 | R26: ='22'!$G$142 -> 17.01 | S26: ='22'!$G$145 -> 45.5 | T26: ='22'!$G$146 -> 469 | U26: ='22'!$G$144 -> 247 | V26: ='22'!$G$147 -> 497 | W26: ='22'!$G$148 -> 444.84 | X26: ='22'!$G$143 -> 33.65 | Y26: ='22'!$G$58 -> 210.06 | Z26: ='22'!$G$151 -> 275 | AA26: ='22'!G158 -> 30.81 | AB26: ='22'!G159 -> 34.3 | AC26: ='22'!G88 -> 8.93 | AD26: ='22'!G160+'22'!H161 -> 188 | AE26: ='22'!$G$116 -> 0 | AF26: ='22'!$G$117 -> 19.8 | AG26: ='22'!$G$118 -> 413.28 | AH26: ='22'!$G$119 -> 420.78 | AI26: ='22'!$G$120 -> 425.33 | AJ26: ='22'!$G$121 -> 777.16 | AK26: ='22'!$G$122 -> 348.29 | AL26: ='22'!$G$123 -> 285.55 | AM26: ='22'!$G$133 -> 852.48 | AN26: ='22'!$G$15 -> 1044.04 | AO26: ='22'!$G$74 -> 297.27 | AP26: ='22'!$G$75 -> 0 | AQ26: ='22'!$G$76 -> 127.7 | AR26: ='22'!$G$77 -> 35.9 | AS26: ='22'!$G$78 -> 4 | AT26: =AN26-SUM(AO26:AS26) -> 579.17 | AU26: =SUM('22'!G91:G92) -> 10.48 | AV26: ='22'!$G$88 -> 8.93 | AW26: ='22'!$G$89 -> 0 | AX26: ='22'!$G$90 -> 6.38 | AY26: =SUM(AV26:AX26) -> 15.31 | BA26: =AO26-AT26 -> -281.9 | BB26: =C26-SUM(F26:K26,Y26) -> 4770.5 | BC26: =BB26/B26% -> 18.723659
A27: 23 | B27: ='23'!G7 -> 27714.3 | C27: ='23'!G8 -> 28205.54 | D27: ='23'!G15 -> 1060.32 | E27: ='23'!G20 -> 233 | F27: =SUM('23'!G35,'23'!G49) -> 3702.64 | G27: =SUM('23'!G37,'23'!G51) -> 1625.34 | H27: =SUM('23'!G38,'23'!G52) -> 1918.3 | I27: =SUM('23'!G39,'23'!G53) -> 3091.34 | J27: =SUM('23'!G41,'23'!G42,'23'!G55,'23'!G56) -> 9030.97 | K27: =SUM('23'!G43,'23'!G57) -> 3055.6 | L27: ='23'!G50 -> 1756.88 | M27: ='23'!G36 -> 1366.88 | N27: ='23'!G138 -> 29 | O27: ='23'!G139 -> 0 | P27: ='23'!$G$140 -> 5.1 | Q27: ='23'!$G$141 -> 213.46 | R27: ='23'!$G$142 -> 16.45 | S27: ='23'!$G$145 -> 48.1 | T27: ='23'!$G$146 -> 505 | U27: ='23'!$G$144 -> 238 | V27: ='23'!$G$147 -> 500 | W27: ='23'!$G$148 -> 534.88 | X27: ='23'!$G$143 -> 27.31 | Y27: ='23'!$G$58 -> 209.01 | Z27: ='23'!$G$151 -> 298 | AA27: ='23'!$G$158 -> 319.08 | AB27: ='23'!G159 -> 36 | AC27: ='23'!G88 -> 1.87 | AD27: ='23'!G160+'23'!H161 -> 196.5 | AE27: ='23'!$G$116 -> 0 | AF27: ='23'!$G$117 -> 19.67 | AG27: ='23'!$G$118 -> 419.88 | AH27: ='23'!$G$119 -> 419.9 | AI27: ='23'!$G$120 -> 430.44 | AJ27: ='23'!$G$121 -> 763.84 | AK27: ='23'!$G$122 -> 343.68 | AL27: ='23'!$G$123 -> 274.62 | AM27: ='23'!$G$133 -> 890.36 | AN27: ='23'!$G$15 -> 1060.32 | AO27: ='23'!$G$74 -> 288.32 | AP27: ='23'!$G$75 -> 0 | AQ27: ='23'!$G$76 -> 120.1 | AR27: ='23'!$G$77 -> 51 | AS27: ='23'!$G$78 -> 2.2 | AT27: =AN27-SUM(AO27:AS27) -> 598.7 | AU27: =SUM('23'!G91:G92) -> 10.16 | AV27: ='23'!$G$88 -> 1.87 | AW27: ='23'!$G$89 -> 8.39 | AX27: ='23'!$G$90 -> 5.47 | AY27: =SUM(AV27:AX27) -> 15.73 | BA27: =AO27-AT27 -> -310.38 | BB27: =C27-SUM(F27:K27,Y27) -> 5572.34 | BC27: =BB27/B27% -> 20.106371
A28: 24 | B28: ='24'!G7 -> 26164.09 | C28: ='24'!G8 -> 26510.67 | D28: ='24'!G15 -> 1071.6 | E28: ='24'!G20 -> 235 | F28: =SUM('24'!G35,'24'!G49) -> 3640.79 | G28: =SUM('24'!G37,'24'!G51) -> 1598.93 | H28: =SUM('24'!G38,'24'!G52) -> 1926.46 | I28: =SUM('24'!G39,'24'!G53) -> 2994.51 | J28: =SUM('24'!G41,'24'!G42,'24'!G55,'24'!G56) -> 8544.23 | K28: =SUM('24'!G43,'24'!G57) -> 2995.7 | L28: ='24'!G50 -> 1395.13 | M28: ='24'!G36 -> 878.87 | N28: ='24'!G138 -> 57 | O28: ='24'!G139 -> 6 | P28: ='24'!$G$140 -> -0.1 | Q28: ='24'!$G$141 -> 212.88 | R28: ='24'!$G$142 -> 15.55 | S28: ='24'!$G$145 -> 44.27 | T28: ='24'!$G$146 -> 446 | U28: ='24'!$G$144 -> 229 | V28: ='24'!$G$147 -> 395.36 | W28: ='24'!$G$148 -> 237.28 | X28: ='24'!$G$143 -> 27.5 | Y28: ='24'!$G$58 -> 209.68 | Z28: ='24'!$G$151 -> 285 | AA28: ='24'!G158 -> 221.56 | AB28: ='24'!G159 -> 41 | AC28: ='24'!G88 -> 0 | AD28: ='24'!G160+'24'!H161 -> 155.2 | AE28: ='24'!$G$116 -> 0 | AF28: ='24'!$G$117 -> 20.31 | AG28: ='24'!$G$118 -> 381.21 | AH28: ='24'!$G$119 -> 390.07 | AI28: ='24'!$G$120 -> 426.95 | AJ28: ='24'!$G$121 -> 786.41 | AK28: ='24'!$G$122 -> 345.5 | AL28: ='24'!$G$123 -> 262.79 | AM28: ='24'!$G$133 -> 807.61 | AN28: ='24'!$G$15 -> 1071.6 | AO28: ='24'!$G$74 -> 281.29 | AP28: ='24'!$G$75 -> 0 | AQ28: ='24'!$G$76 -> 130.9 | AR28: ='24'!$G$77 -> 47 | AS28: ='24'!$G$78 -> 6.2 | AT28: =AN28-SUM(AO28:AS28) -> 606.21 | AU28: =SUM('24'!G91:G92) -> 9.83 | AV28: ='24'!$G$88 -> 0 | AW28: ='24'!$G$89 -> 10.25 | AX28: ='24'!$G$90 -> 5.38 | AY28: =SUM(AV28:AX28) -> 15.63 | BA28: =AO28-AT28 -> -324.92 | BB28: =C28-SUM(F28:K28,Y28) -> 4600.37 | BC28: =BB28/B28% -> 17.582763
A29: 25 | B29: ='25'!G7 -> 21500 | C29: ='25'!G8 -> 21500 | D29: ='25'!G15 -> -26897 | E29: ='25'!G20 -> -1452 | F29: =SUM('25'!G35,'25'!G49) -> -107391 | G29: =SUM('25'!G37,'25'!G51) -> -48050 | H29: =SUM('25'!G38,'25'!G52) -> -55028 | I29: =SUM('25'!G39,'25'!G53) -> -87726 | J29: =SUM('25'!G41,'25'!G42,'25'!G55,'25'!G56) -> -192175.79 | K29: =SUM('25'!G43,'25'!G57) -> -82526 | L29: ='25'!G50 -> -39020 | M29: ='25'!G36 -> -28734 | N29: ='25'!G138 -> -1605 | O29: ='25'!$G$139 -> -88 | P29: ='25'!$G$140 -> -39 | Q29: ='25'!$G$141 -> -5788 | R29: ='25'!$G$142 -> -500 | S29: ='25'!$G$145 -> -1182 | T29: ='25'!$G$146 -> -12099 | U29: ='25'!$G$144 -> -6697 | V29: ='25'!$G$147 -> -12791 | W29: ='25'!$G$148 -> -8332 | X29: ='25'!$G$143 -> -801 | Y29: ='25'!$G$58 -> -6261 | Z29: ='25'!$G$151 -> -7554 | AA29: ='25'!G158 -> -2254 | AB29: ='25'!G159 -> -901 | AC29: ='25'!G88 -> -153.69 | AD29: ='25'!G160+'25'!H161 -> -2287.5 | AE29: ='25'!$G$116 -> 0 | AF29: ='25'!$G$117 -> -822 | AG29: ='25'!$G$118 -> -10908 | AH29: ='25'!$G$119 -> -12838 | AI29: ='25'!$G$120 -> -12801 | AJ29: ='25'!$G$121 -> -21510 | AK29: ='25'!$G$122 -> -9374 | AL29: ='25'!$G$123 -> -8763 | AM29: ='25'!$G$133 -> -22497 | AN29: ='25'!$G$15 -> -26897 | AO29: ='25'!$G$74 -> -8648 | AP29: ='25'!$G$75 -> -3.4 | AQ29: ='25'!$G$76 -> -3230 | AR29: ='25'!$G$77 -> -1302 | AS29: ='25'!$G$78 -> -75 | AT29: =AN29-SUM(AO29:AS29) -> -13638.6 | AU29: =SUM('25'!G91:G92) -> -305.87 | AV29: ='25'!$G$88 -> -153.69 | AW29: ='25'!$G$89 -> -138 | AX29: ='25'!$G$90 -> -168 | AY29: =SUM(AV29:AX29) -> -459.69 | BA29: =AO29-AT29 -> 4990.6 | BB29: =C29-SUM(F29:K29,Y29) -> 600657.79 | BC29: =BB29/B29% -> 2793.7572
