Workbook

Sheet Submetering
A1: Site Name | B1: Day | C1: Month | D1: Year | E1: Meter 1- KWh | F1: Meter 2- KWh | G1: East MCC- KWh | H1: South MCC 1- KWh | I1: South MCC 2- KWh | J1: West MCC- KWh | K1: Kitchen - KWh | L1: SPA - KWh | M1: Gas- KWh | N1: Main Site Water Meter - m3 | O1: Chiller 2- m3 | P1: Chiller 3- m3 | Q1: Chiller 4- m3 | R1: Hard Water Supply- m3 | S1: Pool Supply- m3 | T1: LTHW SPA- m3 | U1: LTHW East- m3 | V1: Chilled make-up- m3 | W1: Orchard irrigation | X1: Kids Pool | Y1: Room Nights | Z1: Total Guests
A2: Hampshire | B2: 1 | C2: 11 | D2: 2021 | E2: =IF(('Hampshire Daily'!D5-'Hampshire Daily'!D4<0),"0",('Hampshire Daily'!D5-'Hampshire Daily'!D4)) -> 2470 | F2: =IF(('Hampshire Daily'!F5-'Hampshire Daily'!F4<0),"0",('Hampshire Daily'!F5-'Hampshire Daily'!F4)) -> 1587 | G2: =IF(('Hampshire Daily'!G5-'Hampshire Daily'!G4<0),"0",('Hampshire Daily'!G5-'Hampshire Daily'!G4)) -> 1585 | H2: =IF(('Hampshire Daily'!I5-'Hampshire Daily'!I4<0),"0",('Hampshire Daily'!I5-'Hampshire Daily'!I4)) -> 1974.967 | I2: =IF(('Hampshire Daily'!J5-'Hampshire Daily'!J4<0),"0",('Hampshire Daily'!J5-'Hampshire Daily'!J4)) -> 0.266667 | J2: =IF(('Hampshire Daily'!K5-'Hampshire Daily'!K4<0),"0",('Hampshire Daily'!K5-'Hampshire Daily'!K4)) -> 295.4333 | K2: =IF(('Hampshire Daily'!L5-'Hampshire Daily'!L4<0),"0",('Hampshire Daily'!L5-'Hampshire Daily'!L4)) -> 1163 | L2: =IF(('Hampshire Daily'!M5-'Hampshire Daily'!M4<0),"0",('Hampshire Daily'!M5-'Hampshire Daily'!M4)) -> 1 | M2: =IF(('Hampshire Daily'!N5-'Hampshire Daily'!N4<0),"0",('Hampshire Daily'!N5-'Hampshire Daily'!N4)) -> 2362 | N2: =IF(('Hampshire Daily'!O5-'Hampshire Daily'!O4<0),"0",('Hampshire Daily'!O5-'Hampshire Daily'!O4)) -> 98 | O2: =IF(('Hampshire Daily'!P5-'Hampshire Daily'!P4<0),"0",('Hampshire Daily'!P5-'Hampshire Daily'!P4)) -> 0 | ... Q2: =IF(('Hampshire Daily'!R5-'Hampshire Daily'!R4<0),"0",('Hampshire Daily'!R5-'Hampshire Daily'!R4)) -> 2 | R2: =IF(('Hampshire Daily'!U5-'Hampshire Daily'!U4<0),"0",('Hampshire Daily'!U5-'Hampshire Daily'!U4)) -> 10 | S2: =IF(('Hampshire Daily'!V5-'Hampshire Daily'!V4<0),"0",('Hampshire Daily'!V5-'Hampshire Daily'!V4)) -> 5 | T2: =IF(('Hampshire Daily'!W5-'Hampshire Daily'!W4<0),"0",('Hampshire Daily'!W5-'Hampshire Daily'!W4)) -> 0.001 | U2: =IF(('Hampshire Daily'!X5-'Hampshire Daily'!X4<0),"0",('Hampshire Daily'!X5-'Hampshire Daily'!X4)) -> 0.143 | V2: =IF(('Hampshire Daily'!Y5-'Hampshire Daily'!Y4<0),"0",('Hampshire Daily'!Y5-'Hampshire Daily'!Y4)) -> 0 | W2: =IF(('Hampshire Daily'!Z5-'Hampshire Daily'!Z4<0),"0",('Hampshire Daily'!Z5-'Hampshire Daily'!Z4)) -> 0 | X2: =IF(('Hampshire Daily'!AA5-'Hampshire Daily'!AA4<0),"0",('Hampshire Daily'!AA5-'Hampshire Daily'!AA4)) -> 6 | Y2: ='Hampshire Daily'!B5 -> 123 | Z2: ='Hampshire Daily'!C5 -> 158
A3: Hampshire | B3: =B2+1 -> 2 | C3: 11 | D3: 2021 | E3: =IF(('Hampshire Daily'!D6-'Hampshire Daily'!D5<0),"0",('Hampshire Daily'!D6-'Hampshire Daily'!D5)) -> 2570 | F3: =IF(('Hampshire Daily'!F6-'Hampshire Daily'!F5<0),"0",('Hampshire Daily'!F6-'Hampshire Daily'!F5)) -> 2293 | G3: =IF(('Hampshire Daily'!G6-'Hampshire Daily'!G5<0),"0",('Hampshire Daily'!G6-'Hampshire Daily'!G5)) -> 2291 | H3: =IF(('Hampshire Daily'!I6-'Hampshire Daily'!I5<0),"0",('Hampshire Daily'!I6-'Hampshire Daily'!I5)) -> 1974.967 | I3: =IF(('Hampshire Daily'!J6-'Hampshire Daily'!J5<0),"0",('Hampshire Daily'!J6-'Hampshire Daily'!J5)) -> 0.266667 | J3: =IF(('Hampshire Daily'!K6-'Hampshire Daily'!K5<0),"0",('Hampshire Daily'!K6-'Hampshire Daily'!K5)) -> 295.4333 | K3: =IF(('Hampshire Daily'!L6-'Hampshire Daily'!L5<0),"0",('Hampshire Daily'!L6-'Hampshire Daily'!L5)) -> 954 | L3: =IF(('Hampshire Daily'!M6-'Hampshire Daily'!M5<0),"0",('Hampshire Daily'!M6-'Hampshire Daily'!M5)) -> 4 | M3: =IF(('Hampshire Daily'!N6-'Hampshire Daily'!N5<0),"0",('Hampshire Daily'!N6-'Hampshire Daily'!N5)) -> 2320 | N3: =IF(('Hampshire Daily'!O6-'Hampshire Daily'!O5<0),"0",('Hampshire Daily'!O6-'Hampshire Daily'!O5)) -> 82 | O3: =IF(('Hampshire Daily'!P6-'Hampshire Daily'!P5<0),"0",('Hampshire Daily'!P6-'Hampshire Daily'!P5)) -> 0 | ... Q3: =IF(('Hampshire Daily'!R6-'Hampshire Daily'!R5<0),"0",('Hampshire Daily'!R6-'Hampshire Daily'!R5)) -> 2 | R3: =IF(('Hampshire Daily'!U6-'Hampshire Daily'!U5<0),"0",('Hampshire Daily'!U6-'Hampshire Daily'!U5)) -> 10 | S3: =IF(('Hampshire Daily'!V6-'Hampshire Daily'!V5<0),"0",('Hampshire Daily'!V6-'Hampshire Daily'!V5)) -> 1 | T3: =IF(('Hampshire Daily'!W6-'Hampshire Daily'!W5<0),"0",('Hampshire Daily'!W6-'Hampshire Daily'!W5)) -> 0 | U3: =IF(('Hampshire Daily'!X6-'Hampshire Daily'!X5<0),"0",('Hampshire Daily'!X6-'Hampshire Daily'!X5)) -> 0.199 | V3: =IF(('Hampshire Daily'!Y6-'Hampshire Daily'!Y5<0),"0",('Hampshire Daily'!Y6-'Hampshire Daily'!Y5)) -> 0 | W3: =IF(('Hampshire Daily'!Z6-'Hampshire Daily'!Z5<0),"0",('Hampshire Daily'!Z6-'Hampshire Daily'!Z5)) -> 0 | X3: =IF(('Hampshire Daily'!AA6-'Hampshire Daily'!AA5<0),"0",('Hampshire Daily'!AA6-'Hampshire Daily'!AA5)) -> 4 | Y3: ='Hampshire Daily'!B6 -> 32 | Z3: ='Hampshire Daily'!C6 -> 58
A4: Hampshire | B4: =B3+1 -> 3 | C4: 11 | D4: 2021 | E4: =IF(('Hampshire Daily'!D7-'Hampshire Daily'!D6<0),"0",('Hampshire Daily'!D7-'Hampshire Daily'!D6)) -> 2574 | F4: =IF(('Hampshire Daily'!F7-'Hampshire Daily'!F6<0),"0",('Hampshire Daily'!F7-'Hampshire Daily'!F6)) -> 2144 | G4: =IF(('Hampshire Daily'!G7-'Hampshire Daily'!G6<0),"0",('Hampshire Daily'!G7-'Hampshire Daily'!G6)) -> 2143 | H4: =IF(('Hampshire Daily'!I7-'Hampshire Daily'!I6<0),"0",('Hampshire Daily'!I7-'Hampshire Daily'!I6)) -> 1974.967 | I4: =IF(('Hampshire Daily'!J7-'Hampshire Daily'!J6<0),"0",('Hampshire Daily'!J7-'Hampshire Daily'!J6)) -> 0.266667 | J4: =IF(('Hampshire Daily'!K7-'Hampshire Daily'!K6<0),"0",('Hampshire Daily'!K7-'Hampshire Daily'!K6)) -> 295.4333 | K4: =IF(('Hampshire Daily'!L7-'Hampshire Daily'!L6<0),"0",('Hampshire Daily'!L7-'Hampshire Daily'!L6)) -> 1039 | L4: =IF(('Hampshire Daily'!M7-'Hampshire Daily'!M6<0),"0",('Hampshire Daily'!M7-'Hampshire Daily'!M6)) -> 19 | M4: =IF(('Hampshire Daily'!N7-'Hampshire Daily'!N6<0),"0",('Hampshire Daily'!N7-'Hampshire Daily'!N6)) -> 2505 | N4: =IF(('Hampshire Daily'!O7-'Hampshire Daily'!O6<0),"0",('Hampshire Daily'!O7-'Hampshire Daily'!O6)) -> 77 | O4: =IF(('Hampshire Daily'!P7-'Hampshire Daily'!P6<0),"0",('Hampshire Daily'!P7-'Hampshire Daily'!P6)) -> 4 | ... Q4: =IF(('Hampshire Daily'!R7-'Hampshire Daily'!R6<0),"0",('Hampshire Daily'!R7-'Hampshire Daily'!R6)) -> 1 | R4: =IF(('Hampshire Daily'!U7-'Hampshire Daily'!U6<0),"0",('Hampshire Daily'!U7-'Hampshire Daily'!U6)) -> 10 | S4: =IF(('Hampshire Daily'!V7-'Hampshire Daily'!V6<0),"0",('Hampshire Daily'!V7-'Hampshire Daily'!V6)) -> 1 | T4: =IF(('Hampshire Daily'!W7-'Hampshire Daily'!W6<0),"0",('Hampshire Daily'!W7-'Hampshire Daily'!W6)) -> 0 | U4: =IF(('Hampshire Daily'!X7-'Hampshire Daily'!X6<0),"0",('Hampshire Daily'!X7-'Hampshire Daily'!X6)) -> 0.16 | V4: =IF(('Hampshire Daily'!Y7-'Hampshire Daily'!Y6<0),"0",('Hampshire Daily'!Y7-'Hampshire Daily'!Y6)) -> 0 | W4: =IF(('Hampshire Daily'!Z7-'Hampshire Daily'!Z6<0),"0",('Hampshire Daily'!Z7-'Hampshire Daily'!Z6)) -> 0 | X4: =IF(('Hampshire Daily'!AA7-'Hampshire Daily'!AA6<0),"0",('Hampshire Daily'!AA7-'Hampshire Daily'!AA6)) -> 3 | Y4: ='Hampshire Daily'!B7 -> 35 | Z4: ='Hampshire Daily'!C7 -> 62
A5: Hampshire | B5: =B4+1 -> 4 | C5: 11 | D5: 2021 | E5: =IF(('Hampshire Daily'!D8-'Hampshire Daily'!D7<0),"0",('Hampshire Daily'!D8-'Hampshire Daily'!D7)) -> 1917 | F5: =IF(('Hampshire Daily'!F8-'Hampshire Daily'!F7<0),"0",('Hampshire Daily'!F8-'Hampshire Daily'!F7)) -> 1678 | G5: =IF(('Hampshire Daily'!G8-'Hampshire Daily'!G7<0),"0",('Hampshire Daily'!G8-'Hampshire Daily'!G7)) -> 1675 | H5: =IF(('Hampshire Daily'!I8-'Hampshire Daily'!I7<0),"0",('Hampshire Daily'!I8-'Hampshire Daily'!I7)) -> 1974.967 | I5: =IF(('Hampshire Daily'!J8-'Hampshire Daily'!J7<0),"0",('Hampshire Daily'!J8-'Hampshire Daily'!J7)) -> 0.266667 | J5: =IF(('Hampshire Daily'!K8-'Hampshire Daily'!K7<0),"0",('Hampshire Daily'!K8-'Hampshire Daily'!K7)) -> 295.4333 | K5: =IF(('Hampshire Daily'!L8-'Hampshire Daily'!L7<0),"0",('Hampshire Daily'!L8-'Hampshire Daily'!L7)) -> 1089 | L5: =IF(('Hampshire Daily'!M8-'Hampshire Daily'!M7<0),"0",('Hampshire Daily'!M8-'Hampshire Daily'!M7)) -> 0 | M5: =IF(('Hampshire Daily'!N8-'Hampshire Daily'!N7<0),"0",('Hampshire Daily'!N8-'Hampshire Daily'!N7)) -> 2339 | N5: =IF(('Hampshire Daily'!O8-'Hampshire Daily'!O7<0),"0",('Hampshire Daily'!O8-'Hampshire Daily'!O7)) -> 86 | O5: =IF(('Hampshire Daily'!P8-'Hampshire Daily'!P7<0),"0",('Hampshire Daily'!P8-'Hampshire Daily'!P7)) -> 189 | ... Q5: =IF(('Hampshire Daily'!R8-'Hampshire Daily'!R7<0),"0",('Hampshire Daily'!R8-'Hampshire Daily'!R7)) -> 0 | R5: =IF(('Hampshire Daily'!U8-'Hampshire Daily'!U7<0),"0",('Hampshire Daily'!U8-'Hampshire Daily'!U7)) -> 8 | S5: =IF(('Hampshire Daily'!V8-'Hampshire Daily'!V7<0),"0",('Hampshire Daily'!V8-'Hampshire Daily'!V7)) -> 2 | T5: =IF(('Hampshire Daily'!W8-'Hampshire Daily'!W7<0),"0",('Hampshire Daily'!W8-'Hampshire Daily'!W7)) -> 0 | U5: =IF(('Hampshire Daily'!X8-'Hampshire Daily'!X7<0),"0",('Hampshire Daily'!X8-'Hampshire Daily'!X7)) -> 0.109 | V5: =IF(('Hampshire Daily'!Y8-'Hampshire Daily'!Y7<0),"0",('Hampshire Daily'!Y8-'Hampshire Daily'!Y7)) -> 0.006 | W5: =IF(('Hampshire Daily'!Z8-'Hampshire Daily'!Z7<0),"0",('Hampshire Daily'!Z8-'Hampshire Daily'!Z7)) -> 0 | X5: =IF(('Hampshire Daily'!AA8-'Hampshire Daily'!AA7<0),"0",('Hampshire Daily'!AA8-'Hampshire Daily'!AA7)) -> 5 | Y5: ='Hampshire Daily'!B8 -> 41 | Z5: ='Hampshire Daily'!C8 -> 70
A6: Hampshire | B6: =B5+1 -> 5 | C6: 11 | D6: 2021 | E6: =IF(('Hampshire Daily'!D9-'Hampshire Daily'!D8<0),"0",('Hampshire Daily'!D9-'Hampshire Daily'!D8)) -> 1956 | F6: =IF(('Hampshire Daily'!F9-'Hampshire Daily'!F8<0),"0",('Hampshire Daily'!F9-'Hampshire Daily'!F8)) -> 1684 | G6: =IF(('Hampshire Daily'!G9-'Hampshire Daily'!G8<0),"0",('Hampshire Daily'!G9-'Hampshire Daily'!G8)) -> 1682 | H6: =IF(('Hampshire Daily'!I9-'Hampshire Daily'!I8<0),"0",('Hampshire Daily'!I9-'Hampshire Daily'!I8)) -> 1974.967 | I6: =IF(('Hampshire Daily'!J9-'Hampshire Daily'!J8<0),"0",('Hampshire Daily'!J9-'Hampshire Daily'!J8)) -> 0.266667 | J6: =IF(('Hampshire Daily'!K9-'Hampshire Daily'!K8<0),"0",('Hampshire Daily'!K9-'Hampshire Daily'!K8)) -> 295.4333 | K6: =IF(('Hampshire Daily'!L9-'Hampshire Daily'!L8<0),"0",('Hampshire Daily'!L9-'Hampshire Daily'!L8)) -> 1089 | L6: =IF(('Hampshire Daily'!M9-'Hampshire Daily'!M8<0),"0",('Hampshire Daily'!M9-'Hampshire Daily'!M8)) -> 1 | M6: =IF(('Hampshire Daily'!N9-'Hampshire Daily'!N8<0),"0",('Hampshire Daily'!N9-'Hampshire Daily'!N8)) -> 2485 | N6: =IF(('Hampshire Daily'!O9-'Hampshire Daily'!O8<0),"0",('Hampshire Daily'!O9-'Hampshire Daily'!O8)) -> 83 | O6: =IF(('Hampshire Daily'!P9-'Hampshire Daily'!P8<0),"0",('Hampshire Daily'!P9-'Hampshire Daily'!P8)) -> 153 | ... Q6: =IF(('Hampshire Daily'!R9-'Hampshire Daily'!R8<0),"0",('Hampshire Daily'!R9-'Hampshire Daily'!R8)) -> 1 | R6: =IF(('Hampshire Daily'!U9-'Hampshire Daily'!U8<0),"0",('Hampshire Daily'!U9-'Hampshire Daily'!U8)) -> 9 | S6: =IF(('Hampshire Daily'!V9-'Hampshire Daily'!V8<0),"0",('Hampshire Daily'!V9-'Hampshire Daily'!V8)) -> 1 | T6: =IF(('Hampshire Daily'!W9-'Hampshire Daily'!W8<0),"0",('Hampshire Daily'!W9-'Hampshire Daily'!W8)) -> 0 | U6: =IF(('Hampshire Daily'!X9-'Hampshire Daily'!X8<0),"0",('Hampshire Daily'!X9-'Hampshire Daily'!X8)) -> 0.226 | V6: =IF(('Hampshire Daily'!Y9-'Hampshire Daily'!Y8<0),"0",('Hampshire Daily'!Y9-'Hampshire Daily'!Y8)) -> 0.005 | W6: =IF(('Hampshire Daily'!Z9-'Hampshire Daily'!Z8<0),"0",('Hampshire Daily'!Z9-'Hampshire Daily'!Z8)) -> 0 | X6: =IF(('Hampshire Daily'!AA9-'Hampshire Daily'!AA8<0),"0",('Hampshire Daily'!AA9-'Hampshire Daily'!AA8)) -> 4 | Y6: ='Hampshire Daily'!B9 -> 60 | Z6: ='Hampshire Daily'!C9 -> 137
A7: Hampshire | B7: =B6+1 -> 6 | C7: 11 | D7: 2021 | E7: =IF(('Hampshire Daily'!D10-'Hampshire Daily'!D9<0),"0",('Hampshire Daily'!D10-'Hampshire Daily'!D9)) -> 2517 | F7: =IF(('Hampshire Daily'!F10-'Hampshire Daily'!F9<0),"0",('Hampshire Daily'!F10-'Hampshire Daily'!F9)) -> 1917 | G7: =IF(('Hampshire Daily'!G10-'Hampshire Daily'!G9<0),"0",('Hampshire Daily'!G10-'Hampshire Daily'!G9)) -> 1915 | H7: =IF(('Hampshire Daily'!I10-'Hampshire Daily'!I9<0),"0",('Hampshire Daily'!I10-'Hampshire Daily'!I9)) -> 1974.967 | I7: =IF(('Hampshire Daily'!J10-'Hampshire Daily'!J9<0),"0",('Hampshire Daily'!J10-'Hampshire Daily'!J9)) -> 0.266667 | J7: =IF(('Hampshire Daily'!K10-'Hampshire Daily'!K9<0),"0",('Hampshire Daily'!K10-'Hampshire Daily'!K9)) -> 295.4333 | K7: =IF(('Hampshire Daily'!L10-'Hampshire Daily'!L9<0),"0",('Hampshire Daily'!L10-'Hampshire Daily'!L9)) -> 1089 | L7: =IF(('Hampshire Daily'!M10-'Hampshire Daily'!M9<0),"0",('Hampshire Daily'!M10-'Hampshire Daily'!M9)) -> 2 | M7: =IF(('Hampshire Daily'!N10-'Hampshire Daily'!N9<0),"0",('Hampshire Daily'!N10-'Hampshire Daily'!N9)) -> 2593 | N7: =IF(('Hampshire Daily'!O10-'Hampshire Daily'!O9<0),"0",('Hampshire Daily'!O10-'Hampshire Daily'!O9)) -> 68 | O7: =IF(('Hampshire Daily'!P10-'Hampshire Daily'!P9<0),"0",('Hampshire Daily'!P10-'Hampshire Daily'!P9)) -> 71 | ... Q7: =IF(('Hampshire Daily'!R10-'Hampshire Daily'!R9<0),"0",('Hampshire Daily'!R10-'Hampshire Daily'!R9)) -> 2 | R7: =IF(('Hampshire Daily'!U10-'Hampshire Daily'!U9<0),"0",('Hampshire Daily'!U10-'Hampshire Daily'!U9)) -> 9 | S7: =IF(('Hampshire Daily'!V10-'Hampshire Daily'!V9<0),"0",('Hampshire Daily'!V10-'Hampshire Daily'!V9)) -> 1 | T7: =IF(('Hampshire Daily'!W10-'Hampshire Daily'!W9<0),"0",('Hampshire Daily'!W10-'Hampshire Daily'!W9)) -> 0 | U7: =IF(('Hampshire Daily'!X10-'Hampshire Daily'!X9<0),"0",('Hampshire Daily'!X10-'Hampshire Daily'!X9)) -> 0.129 | V7: =IF(('Hampshire Daily'!Y10-'Hampshire Daily'!Y9<0),"0",('Hampshire Daily'!Y10-'Hampshire Daily'!Y9)) -> 0 | W7: =IF(('Hampshire Daily'!Z10-'Hampshire Daily'!Z9<0),"0",('Hampshire Daily'!Z10-'Hampshire Daily'!Z9)) -> 0 | X7: =IF(('Hampshire Daily'!AA10-'Hampshire Daily'!AA9<0),"0",('Hampshire Daily'!AA10-'Hampshire Daily'!AA9)) -> 4 | Y7: ='Hampshire Daily'!B10 -> 74 | Z7: ='Hampshire Daily'!C10 -> 163
A8: Hampshire | B8: =B7+1 -> 7 | C8: 11 | D8: 2021 | E8: =IF(('Hampshire Daily'!D11-'Hampshire Daily'!D10<0),"0",('Hampshire Daily'!D11-'Hampshire Daily'!D10)) -> 1872 | F8: =IF(('Hampshire Daily'!F11-'Hampshire Daily'!F10<0),"0",('Hampshire Daily'!F11-'Hampshire Daily'!F10)) -> 2912 | G8: =IF(('Hampshire Daily'!G11-'Hampshire Daily'!G10<0),"0",('Hampshire Daily'!G11-'Hampshire Daily'!G10)) -> 2909 | H8: =IF(('Hampshire Daily'!I11-'Hampshire Daily'!I10<0),"0",('Hampshire Daily'!I11-'Hampshire Daily'!I10)) -> 1974.967 | I8: =IF(('Hampshire Daily'!J11-'Hampshire Daily'!J10<0),"0",('Hampshire Daily'!J11-'Hampshire Daily'!J10)) -> 0.266667 | J8: =IF(('Hampshire Daily'!K11-'Hampshire Daily'!K10<0),"0",('Hampshire Daily'!K11-'Hampshire Daily'!K10)) -> 295.4333 | K8: =IF(('Hampshire Daily'!L11-'Hampshire Daily'!L10<0),"0",('Hampshire Daily'!L11-'Hampshire Daily'!L10)) -> 1290 | L8: =IF(('Hampshire Daily'!M11-'Hampshire Daily'!M10<0),"0",('Hampshire Daily'!M11-'Hampshire Daily'!M10)) -> 1 | M8: =IF(('Hampshire Daily'!N11-'Hampshire Daily'!N10<0),"0",('Hampshire Daily'!N11-'Hampshire Daily'!N10)) -> 2422 | N8: =IF(('Hampshire Daily'!O11-'Hampshire Daily'!O10<0),"0",('Hampshire Daily'!O11-'Hampshire Daily'!O10)) -> 89 | O8: =IF(('Hampshire Daily'!P11-'Hampshire Daily'!P10<0),"0",('Hampshire Daily'!P11-'Hampshire Daily'!P10)) -> 708 | ... Q8: =IF(('Hampshire Daily'!R11-'Hampshire Daily'!R10<0),"0",('Hampshire Daily'!R11-'Hampshire Daily'!R10)) -> 0 | R8: =IF(('Hampshire Daily'!U11-'Hampshire Daily'!U10<0),"0",('Hampshire Daily'!U11-'Hampshire Daily'!U10)) -> 11 | S8: =IF(('Hampshire Daily'!V11-'Hampshire Daily'!V10<0),"0",('Hampshire Daily'!V11-'Hampshire Daily'!V10)) -> 4 | T8: =IF(('Hampshire Daily'!W11-'Hampshire Daily'!W10<0),"0",('Hampshire Daily'!W11-'Hampshire Daily'!W10)) -> 0 | U8: =IF(('Hampshire Daily'!X11-'Hampshire Daily'!X10<0),"0",('Hampshire Daily'!X11-'Hampshire Daily'!X10)) -> 0.068 | V8: =IF(('Hampshire Daily'!Y11-'Hampshire Daily'!Y10<0),"0",('Hampshire Daily'!Y11-'Hampshire Daily'!Y10)) -> 0.006 | W8: =IF(('Hampshire Daily'!Z11-'Hampshire Daily'!Z10<0),"0",('Hampshire Daily'!Z11-'Hampshire Daily'!Z10)) -> 0 | X8: =IF(('Hampshire Daily'!AA11-'Hampshire Daily'!AA10<0),"0",('Hampshire Daily'!AA11-'Hampshire Daily'!AA10)) -> 4 | Y8: ='Hampshire Daily'!B11 -> 50 | Z8: ='Hampshire Daily'!C11 -> 89
A9: Hampshire | B9: =B8+1 -> 8 | C9: 11 | D9: 2021 | E9: =IF(('Hampshire Daily'!D12-'Hampshire Daily'!D11<0),"0",('Hampshire Daily'!D12-'Hampshire Daily'!D11)) -> 2393 | F9: =IF(('Hampshire Daily'!F12-'Hampshire Daily'!F11<0),"0",('Hampshire Daily'!F12-'Hampshire Daily'!F11)) -> 2635 | G9: =IF(('Hampshire Daily'!G12-'Hampshire Daily'!G11<0),"0",('Hampshire Daily'!G12-'Hampshire Daily'!G11)) -> 2632 | H9: =IF(('Hampshire Daily'!I12-'Hampshire Daily'!I11<0),"0",('Hampshire Daily'!I12-'Hampshire Daily'!I11)) -> 1974.967 | I9: =IF(('Hampshire Daily'!J12-'Hampshire Daily'!J11<0),"0",('Hampshire Daily'!J12-'Hampshire Daily'!J11)) -> 0.266667 | J9: =IF(('Hampshire Daily'!K12-'Hampshire Daily'!K11<0),"0",('Hampshire Daily'!K12-'Hampshire Daily'!K11)) -> 295.4333 | K9: =IF(('Hampshire Daily'!L12-'Hampshire Daily'!L11<0),"0",('Hampshire Daily'!L12-'Hampshire Daily'!L11)) -> 1114 | L9: =IF(('Hampshire Daily'!M12-'Hampshire Daily'!M11<0),"0",('Hampshire Daily'!M12-'Hampshire Daily'!M11)) -> 100 | M9: =IF(('Hampshire Daily'!N12-'Hampshire Daily'!N11<0),"0",('Hampshire Daily'!N12-'Hampshire Daily'!N11)) -> 2494 | N9: =IF(('Hampshire Daily'!O12-'Hampshire Daily'!O11<0),"0",('Hampshire Daily'!O12-'Hampshire Daily'!O11)) -> 0 | O9: =IF(('Hampshire Daily'!P12-'Hampshire Daily'!P11<0),"0",('Hampshire Daily'!P12-'Hampshire Daily'!P11)) -> 456 | ... Q9: =IF(('Hampshire Daily'!R12-'Hampshire Daily'!R11<0),"0",('Hampshire Daily'!R12-'Hampshire Daily'!R11)) -> 0 | R9: =IF(('Hampshire Daily'!U12-'Hampshire Daily'!U11<0),"0",('Hampshire Daily'!U12-'Hampshire Daily'!U11)) -> 11 | S9: =IF(('Hampshire Daily'!V12-'Hampshire Daily'!V11<0),"0",('Hampshire Daily'!V12-'Hampshire Daily'!V11)) -> 14 | T9: =IF(('Hampshire Daily'!W12-'Hampshire Daily'!W11<0),"0",('Hampshire Daily'!W12-'Hampshire Daily'!W11)) -> 0 | U9: =IF(('Hampshire Daily'!X12-'Hampshire Daily'!X11<0),"0",('Hampshire Daily'!X12-'Hampshire Daily'!X11)) -> 0.141 | V9: =IF(('Hampshire Daily'!Y12-'Hampshire Daily'!Y11<0),"0",('Hampshire Daily'!Y12-'Hampshire Daily'!Y11)) -> 0 | W9: =IF(('Hampshire Daily'!Z12-'Hampshire Daily'!Z11<0),"0",('Hampshire Daily'!Z12-'Hampshire Daily'!Z11)) -> 0 | X9: =IF(('Hampshire Daily'!AA12-'Hampshire Daily'!AA11<0),"0",('Hampshire Daily'!AA12-'Hampshire Daily'!AA11)) -> 6 | Y9: ='Hampshire Daily'!B12 -> 37 | Z9: ='Hampshire Daily'!C12 -> 68
A10: Hampshire | B10: =B9+1 -> 9 | C10: 11 | D10: 2021 | E10: =IF(('Hampshire Daily'!D13-'Hampshire Daily'!D12<0),"0",('Hampshire Daily'!D13-'Hampshire Daily'!D12)) -> 4496 | F10: =IF(('Hampshire Daily'!F13-'Hampshire Daily'!F12<0),"0",('Hampshire Daily'!F13-'Hampshire Daily'!F12)) -> 5498 | G10: =IF(('Hampshire Daily'!G13-'Hampshire Daily'!G12<0),"0",('Hampshire Daily'!G13-'Hampshire Daily'!G12)) -> 5493 | H10: =IF(('Hampshire Daily'!I13-'Hampshire Daily'!I12<0),"0",('Hampshire Daily'!I13-'Hampshire Daily'!I12)) -> 1974.967 | I10: =IF(('Hampshire Daily'!J13-'Hampshire Daily'!J12<0),"0",('Hampshire Daily'!J13-'Hampshire Daily'!J12)) -> 0.266667 | J10: =IF(('Hampshire Daily'!K13-'Hampshire Daily'!K12<0),"0",('Hampshire Daily'!K13-'Hampshire Daily'!K12)) -> 295.4333 | K10: =IF(('Hampshire Daily'!L13-'Hampshire Daily'!L12<0),"0",('Hampshire Daily'!L13-'Hampshire Daily'!L12)) -> 1089 | L10: =IF(('Hampshire Daily'!M13-'Hampshire Daily'!M12<0),"0",('Hampshire Daily'!M13-'Hampshire Daily'!M12)) -> 757 | M10: =IF(('Hampshire Daily'!N13-'Hampshire Daily'!N12<0),"0",('Hampshire Daily'!N13-'Hampshire Daily'!N12)) -> 1484 | N10: =IF(('Hampshire Daily'!O13-'Hampshire Daily'!O12<0),"0",('Hampshire Daily'!O13-'Hampshire Daily'!O12)) -> 392 | O10: =IF(('Hampshire Daily'!P13-'Hampshire Daily'!P12<0),"0",('Hampshire Daily'!P13-'Hampshire Daily'!P12)) -> 675 | ... Q10: =IF(('Hampshire Daily'!R13-'Hampshire Daily'!R12<0),"0",('Hampshire Daily'!R13-'Hampshire Daily'!R12)) -> 0 | R10: =IF(('Hampshire Daily'!U13-'Hampshire Daily'!U12<0),"0",('Hampshire Daily'!U13-'Hampshire Daily'!U12)) -> 9 | S10: =IF(('Hampshire Daily'!V13-'Hampshire Daily'!V12<0),"0",('Hampshire Daily'!V13-'Hampshire Daily'!V12)) -> 0 | T10: =IF(('Hampshire Daily'!W13-'Hampshire Daily'!W12<0),"0",('Hampshire Daily'!W13-'Hampshire Daily'!W12)) -> 0 | U10: =IF(('Hampshire Daily'!X13-'Hampshire Daily'!X12<0),"0",('Hampshire Daily'!X13-'Hampshire Daily'!X12)) -> 0.054 | V10: =IF(('Hampshire Daily'!Y13-'Hampshire Daily'!Y12<0),"0",('Hampshire Daily'!Y13-'Hampshire Daily'!Y12)) -> 0.001 | W10: =IF(('Hampshire Daily'!Z13-'Hampshire Daily'!Z12<0),"0",('Hampshire Daily'!Z13-'Hampshire Daily'!Z12)) -> 0 | X10: =IF(('Hampshire Daily'!AA13-'Hampshire Daily'!AA12<0),"0",('Hampshire Daily'!AA13-'Hampshire Daily'!AA12)) -> 4 | Y10: ='Hampshire Daily'!B13 -> 30 | Z10: ='Hampshire Daily'!C13 -> 62
A11: Hampshire | B11: =B10+1 -> 10 | C11: 11 | D11: 2021 | E11: =IF(('Hampshire Daily'!D14-'Hampshire Daily'!D13<0),"0",('Hampshire Daily'!D14-'Hampshire Daily'!D13)) -> 5188 | F11: =IF(('Hampshire Daily'!F14-'Hampshire Daily'!F13<0),"0",('Hampshire Daily'!F14-'Hampshire Daily'!F13)) -> 4923 | G11: =IF(('Hampshire Daily'!G14-'Hampshire Daily'!G13<0),"0",('Hampshire Daily'!G14-'Hampshire Daily'!G13)) -> 4918 | H11: =IF(('Hampshire Daily'!I14-'Hampshire Daily'!I13<0),"0",('Hampshire Daily'!I14-'Hampshire Daily'!I13)) -> 1974.967 | I11: =IF(('Hampshire Daily'!J14-'Hampshire Daily'!J13<0),"0",('Hampshire Daily'!J14-'Hampshire Daily'!J13)) -> 0.266667 | J11: =IF(('Hampshire Daily'!K14-'Hampshire Daily'!K13<0),"0",('Hampshire Daily'!K14-'Hampshire Daily'!K13)) -> 295.4333 | K11: =IF(('Hampshire Daily'!L14-'Hampshire Daily'!L13<0),"0",('Hampshire Daily'!L14-'Hampshire Daily'!L13)) -> 1089 | L11: =IF(('Hampshire Daily'!M14-'Hampshire Daily'!M13<0),"0",('Hampshire Daily'!M14-'Hampshire Daily'!M13)) -> 3560 | M11: =IF(('Hampshire Daily'!N14-'Hampshire Daily'!N13<0),"0",('Hampshire Daily'!N14-'Hampshire Daily'!N13)) -> 1282 | N11: =IF(('Hampshire Daily'!O14-'Hampshire Daily'!O13<0),"0",('Hampshire Daily'!O14-'Hampshire Daily'!O13)) -> 61 | O11: =IF(('Hampshire Daily'!P14-'Hampshire Daily'!P13<0),"0",('Hampshire Daily'!P14-'Hampshire Daily'!P13)) -> 191 | ... Q11: =IF(('Hampshire Daily'!R14-'Hampshire Daily'!R13<0),"0",('Hampshire Daily'!R14-'Hampshire Daily'!R13)) -> 2 | R11: =IF(('Hampshire Daily'!U14-'Hampshire Daily'!U13<0),"0",('Hampshire Daily'!U14-'Hampshire Daily'!U13)) -> 8 | S11: =IF(('Hampshire Daily'!V14-'Hampshire Daily'!V13<0),"0",('Hampshire Daily'!V14-'Hampshire Daily'!V13)) -> 1 | T11: =IF(('Hampshire Daily'!W14-'Hampshire Daily'!W13<0),"0",('Hampshire Daily'!W14-'Hampshire Daily'!W13)) -> 0 | U11: =IF(('Hampshire Daily'!X14-'Hampshire Daily'!X13<0),"0",('Hampshire Daily'!X14-'Hampshire Daily'!X13)) -> 0.158 | V11: =IF(('Hampshire Daily'!Y14-'Hampshire Daily'!Y13<0),"0",('Hampshire Daily'!Y14-'Hampshire Daily'!Y13)) -> 0 | W11: =IF(('Hampshire Daily'!Z14-'Hampshire Daily'!Z13<0),"0",('Hampshire Daily'!Z14-'Hampshire Daily'!Z13)) -> 0 | X11: =IF(('Hampshire Daily'!AA14-'Hampshire Daily'!AA13<0),"0",('Hampshire Daily'!AA14-'Hampshire Daily'!AA13)) -> 4 | Y11: ='Hampshire Daily'!B14 -> 27 | Z11: ='Hampshire Daily'!C14 -> 40
A12: Hampshire | B12: =B11+1 -> 11 | C12: 11 | D12: 2021 | E12: =IF(('Hampshire Daily'!D15-'Hampshire Daily'!D14<0),"0",('Hampshire Daily'!D15-'Hampshire Daily'!D14)) -> 3068 | F12: =IF(('Hampshire Daily'!F15-'Hampshire Daily'!F14<0),"0",('Hampshire Daily'!F15-'Hampshire Daily'!F14)) -> 2883 | G12: =IF(('Hampshire Daily'!G15-'Hampshire Daily'!G14<0),"0",('Hampshire Daily'!G15-'Hampshire Daily'!G14)) -> 2879 | H12: =IF(('Hampshire Daily'!I15-'Hampshire Daily'!I14<0),"0",('Hampshire Daily'!I15-'Hampshire Daily'!I14)) -> 1974.967 | I12: =IF(('Hampshire Daily'!J15-'Hampshire Daily'!J14<0),"0",('Hampshire Daily'!J15-'Hampshire Daily'!J14)) -> 0.266667 | J12: =IF(('Hampshire Daily'!K15-'Hampshire Daily'!K14<0),"0",('Hampshire Daily'!K15-'Hampshire Daily'!K14)) -> 295.4333 | K12: =IF(('Hampshire Daily'!L15-'Hampshire Daily'!L14<0),"0",('Hampshire Daily'!L15-'Hampshire Daily'!L14)) -> 1089 | L12: =IF(('Hampshire Daily'!M15-'Hampshire Daily'!M14<0),"0",('Hampshire Daily'!M15-'Hampshire Daily'!M14)) -> 0 | M12: =IF(('Hampshire Daily'!N15-'Hampshire Daily'!N14<0),"0",('Hampshire Daily'!N15-'Hampshire Daily'!N14)) -> 2045 | N12: =IF(('Hampshire Daily'!O15-'Hampshire Daily'!O14<0),"0",('Hampshire Daily'!O15-'Hampshire Daily'!O14)) -> 69 | O12: =IF(('Hampshire Daily'!P15-'Hampshire Daily'!P14<0),"0",('Hampshire Daily'!P15-'Hampshire Daily'!P14)) -> 327 | ... Q12: =IF(('Hampshire Daily'!R15-'Hampshire Daily'!R14<0),"0",('Hampshire Daily'!R15-'Hampshire Daily'!R14)) -> 0 | R12: =IF(('Hampshire Daily'!U15-'Hampshire Daily'!U14<0),"0",('Hampshire Daily'!U15-'Hampshire Daily'!U14)) -> 10 | S12: =IF(('Hampshire Daily'!V15-'Hampshire Daily'!V14<0),"0",('Hampshire Daily'!V15-'Hampshire Daily'!V14)) -> 2 | T12: =IF(('Hampshire Daily'!W15-'Hampshire Daily'!W14<0),"0",('Hampshire Daily'!W15-'Hampshire Daily'!W14)) -> 0.002 | U12: =IF(('Hampshire Daily'!X15-'Hampshire Daily'!X14<0),"0",('Hampshire Daily'!X15-'Hampshire Daily'!X14)) -> 0.039 | V12: =IF(('Hampshire Daily'!Y15-'Hampshire Daily'!Y14<0),"0",('Hampshire Daily'!Y15-'Hampshire Daily'!Y14)) -> 0.041 | W12: =IF(('Hampshire Daily'!Z15-'Hampshire Daily'!Z14<0),"0",('Hampshire Daily'!Z15-'Hampshire Daily'!Z14)) -> 0 | X12: =IF(('Hampshire Daily'!AA15-'Hampshire Daily'!AA14<0),"0",('Hampshire Daily'!AA15-'Hampshire Daily'!AA14)) -> 3 | Y12: ='Hampshire Daily'!B15 -> 68 | Z12: ='Hampshire Daily'!C15 -> 94
A13: Hampshire | B13: =B12+1 -> 12 | C13: 11 | D13: 2021 | E13: =IF(('Hampshire Daily'!D16-'Hampshire Daily'!D15<0),"0",('Hampshire Daily'!D16-'Hampshire Daily'!D15)) -> 2096 | F13: =IF(('Hampshire Daily'!F16-'Hampshire Daily'!F15<0),"0",('Hampshire Daily'!F16-'Hampshire Daily'!F15)) -> 2792 | G13: =IF(('Hampshire Daily'!G16-'Hampshire Daily'!G15<0),"0",('Hampshire Daily'!G16-'Hampshire Daily'!G15)) -> 2790 | H13: =IF(('Hampshire Daily'!I16-'Hampshire Daily'!I15<0),"0",('Hampshire Daily'!I16-'Hampshire Daily'!I15)) -> 1974.967 | I13: =IF(('Hampshire Daily'!J16-'Hampshire Daily'!J15<0),"0",('Hampshire Daily'!J16-'Hampshire Daily'!J15)) -> 0.266667 | J13: =IF(('Hampshire Daily'!K16-'Hampshire Daily'!K15<0),"0",('Hampshire Daily'!K16-'Hampshire Daily'!K15)) -> 295.4333 | K13: =IF(('Hampshire Daily'!L16-'Hampshire Daily'!L15<0),"0",('Hampshire Daily'!L16-'Hampshire Daily'!L15)) -> 1089 | L13: =IF(('Hampshire Daily'!M16-'Hampshire Daily'!M15<0),"0",('Hampshire Daily'!M16-'Hampshire Daily'!M15)) -> 0 | M13: =IF(('Hampshire Daily'!N16-'Hampshire Daily'!N15<0),"0",('Hampshire Daily'!N16-'Hampshire Daily'!N15)) -> 2580 | N13: =IF(('Hampshire Daily'!O16-'Hampshire Daily'!O15<0),"0",('Hampshire Daily'!O16-'Hampshire Daily'!O15)) -> 113 | O13: =IF(('Hampshire Daily'!P16-'Hampshire Daily'!P15<0),"0",('Hampshire Daily'!P16-'Hampshire Daily'!P15)) -> 761 | ... Q13: =IF(('Hampshire Daily'!R16-'Hampshire Daily'!R15<0),"0",('Hampshire Daily'!R16-'Hampshire Daily'!R15)) -> 0 | R13: =IF(('Hampshire Daily'!U16-'Hampshire Daily'!U15<0),"0",('Hampshire Daily'!U16-'Hampshire Daily'!U15)) -> 10 | S13: =IF(('Hampshire Daily'!V16-'Hampshire Daily'!V15<0),"0",('Hampshire Daily'!V16-'Hampshire Daily'!V15)) -> 1 | T13: =IF(('Hampshire Daily'!W16-'Hampshire Daily'!W15<0),"0",('Hampshire Daily'!W16-'Hampshire Daily'!W15)) -> 0 | U13: =IF(('Hampshire Daily'!X16-'Hampshire Daily'!X15<0),"0",('Hampshire Daily'!X16-'Hampshire Daily'!X15)) -> 0.139 | V13: =IF(('Hampshire Daily'!Y16-'Hampshire Daily'!Y15<0),"0",('Hampshire Daily'!Y16-'Hampshire Daily'!Y15)) -> 0 | W13: =IF(('Hampshire Daily'!Z16-'Hampshire Daily'!Z15<0),"0",('Hampshire Daily'!Z16-'Hampshire Daily'!Z15)) -> 0 | X13: =IF(('Hampshire Daily'!AA16-'Hampshire Daily'!AA15<0),"0",('Hampshire Daily'!AA16-'Hampshire Daily'!AA15)) -> 4 | Y13: ='Hampshire Daily'!B16 -> 48 | Z13: ='Hampshire Daily'!C16 -> 110
A14: Hampshire | B14: =B13+1 -> 13 | C14: 11 | D14: 2021 | E14: =IF(('Hampshire Daily'!D17-'Hampshire Daily'!D16<0),"0",('Hampshire Daily'!D17-'Hampshire Daily'!D16)) -> 1903 | F14: =IF(('Hampshire Daily'!F17-'Hampshire Daily'!F16<0),"0",('Hampshire Daily'!F17-'Hampshire Daily'!F16)) -> 2965 | G14: =IF(('Hampshire Daily'!G17-'Hampshire Daily'!G16<0),"0",('Hampshire Daily'!G17-'Hampshire Daily'!G16)) -> 2961 | H14: =IF(('Hampshire Daily'!I17-'Hampshire Daily'!I16<0),"0",('Hampshire Daily'!I17-'Hampshire Daily'!I16)) -> 1974.967 | I14: =IF(('Hampshire Daily'!J17-'Hampshire Daily'!J16<0),"0",('Hampshire Daily'!J17-'Hampshire Daily'!J16)) -> 0.266667 | J14: =IF(('Hampshire Daily'!K17-'Hampshire Daily'!K16<0),"0",('Hampshire Daily'!K17-'Hampshire Daily'!K16)) -> 295.4333 | K14: =IF(('Hampshire Daily'!L17-'Hampshire Daily'!L16<0),"0",('Hampshire Daily'!L17-'Hampshire Daily'!L16)) -> 1089 | L14: =IF(('Hampshire Daily'!M17-'Hampshire Daily'!M16<0),"0",('Hampshire Daily'!M17-'Hampshire Daily'!M16)) -> 1 | M14: =IF(('Hampshire Daily'!N17-'Hampshire Daily'!N16<0),"0",('Hampshire Daily'!N17-'Hampshire Daily'!N16)) -> 2481 | N14: =IF(('Hampshire Daily'!O17-'Hampshire Daily'!O16<0),"0",('Hampshire Daily'!O17-'Hampshire Daily'!O16)) -> 87 | O14: =IF(('Hampshire Daily'!P17-'Hampshire Daily'!P16<0),"0",('Hampshire Daily'!P17-'Hampshire Daily'!P16)) -> 750 | ... Q14: =IF(('Hampshire Daily'!R17-'Hampshire Daily'!R16<0),"0",('Hampshire Daily'!R17-'Hampshire Daily'!R16)) -> 0 | R14: =IF(('Hampshire Daily'!U17-'Hampshire Daily'!U16<0),"0",('Hampshire Daily'!U17-'Hampshire Daily'!U16)) -> 9 | S14: =IF(('Hampshire Daily'!V17-'Hampshire Daily'!V16<0),"0",('Hampshire Daily'!V17-'Hampshire Daily'!V16)) -> 1 | T14: =IF(('Hampshire Daily'!W17-'Hampshire Daily'!W16<0),"0",('Hampshire Daily'!W17-'Hampshire Daily'!W16)) -> 0 | U14: =IF(('Hampshire Daily'!X17-'Hampshire Daily'!X16<0),"0",('Hampshire Daily'!X17-'Hampshire Daily'!X16)) -> 0.095 | V14: =IF(('Hampshire Daily'!Y17-'Hampshire Daily'!Y16<0),"0",('Hampshire Daily'!Y17-'Hampshire Daily'!Y16)) -> 0 | W14: =IF(('Hampshire Daily'!Z17-'Hampshire Daily'!Z16<0),"0",('Hampshire Daily'!Z17-'Hampshire Daily'!Z16)) -> 0 | X14: =IF(('Hampshire Daily'!AA17-'Hampshire Daily'!AA16<0),"0",('Hampshire Daily'!AA17-'Hampshire Daily'!AA16)) -> 4 | Y14: ='Hampshire Daily'!B17 -> 85 | Z14: ='Hampshire Daily'!C17 -> 187
... A30: Hampshire | B30: =B29+1 -> 29 | C30: 11 | D30: 2021 | E30: =IF(('Hampshire Daily'!D33-'Hampshire Daily'!D32<0),"0",('Hampshire Daily'!D33-'Hampshire Daily'!D32)) -> 2591 | F30: =IF(('Hampshire Daily'!F33-'Hampshire Daily'!F32<0),"0",('Hampshire Daily'!F33-'Hampshire Daily'!F32)) -> 5333 | G30: =IF(('Hampshire Daily'!G33-'Hampshire Daily'!G32<0),"0",('Hampshire Daily'!G33-'Hampshire Daily'!G32)) -> 5329 | H30: =IF(('Hampshire Daily'!I33-'Hampshire Daily'!I32<0),"0",('Hampshire Daily'!I33-'Hampshire Daily'!I32)) -> 1974.967 | I30: =IF(('Hampshire Daily'!J33-'Hampshire Daily'!J32<0),"0",('Hampshire Daily'!J33-'Hampshire Daily'!J32)) -> 0.266667 | J30: =IF(('Hampshire Daily'!K33-'Hampshire Daily'!K32<0),"0",('Hampshire Daily'!K33-'Hampshire Daily'!K32)) -> 295.4333 | K30: =IF(('Hampshire Daily'!L33-'Hampshire Daily'!L32<0),"0",('Hampshire Daily'!L33-'Hampshire Daily'!L32)) -> 1114 | L30: =IF(('Hampshire Daily'!M33-'Hampshire Daily'!M32<0),"0",('Hampshire Daily'!M33-'Hampshire Daily'!M32)) -> 12 | M30: =IF(('Hampshire Daily'!N33-'Hampshire Daily'!N32<0),"0",('Hampshire Daily'!N33-'Hampshire Daily'!N32)) -> 2821.5 | N30: =IF(('Hampshire Daily'!O33-'Hampshire Daily'!O32<0),"0",('Hampshire Daily'!O33-'Hampshire Daily'!O32)) -> 99 | O30: =IF(('Hampshire Daily'!P33-'Hampshire Daily'!P32<0),"0",('Hampshire Daily'!P33-'Hampshire Daily'!P32)) -> 0 | ... Q30: =IF(('Hampshire Daily'!R33-'Hampshire Daily'!R32<0),"0",('Hampshire Daily'!R33-'Hampshire Daily'!R32)) -> 0 | R30: =IF(('Hampshire Daily'!U33-'Hampshire Daily'!U32<0),"0",('Hampshire Daily'!U33-'Hampshire Daily'!U32)) -> 11 | S30: =IF(('Hampshire Daily'!V33-'Hampshire Daily'!V32<0),"0",('Hampshire Daily'!V33-'Hampshire Daily'!V32)) -> 5 | T30: =IF(('Hampshire Daily'!W33-'Hampshire Daily'!W32<0),"0",('Hampshire Daily'!W33-'Hampshire Daily'!W32)) -> 0 | U30: =IF(('Hampshire Daily'!X33-'Hampshire Daily'!X32<0),"0",('Hampshire Daily'!X33-'Hampshire Daily'!X32)) -> 0.228 | V30: =IF(('Hampshire Daily'!Y33-'Hampshire Daily'!Y32<0),"0",('Hampshire Daily'!Y33-'Hampshire Daily'!Y32)) -> 0.011 | W30: =IF(('Hampshire Daily'!Z33-'Hampshire Daily'!Z32<0),"0",('Hampshire Daily'!Z33-'Hampshire Daily'!Z32)) -> 0 | X30: =IF(('Hampshire Daily'!AA33-'Hampshire Daily'!AA32<0),"0",('Hampshire Daily'!AA33-'Hampshire Daily'!AA32)) -> 6 | Y30: ='Hampshire Daily'!B33 -> 15 | Z30: ='Hampshire Daily'!C33 -> 37
A31: Hampshire | B31: =B30+1 -> 30 | C31: 11 | D31: 2021 | E31: =IF(('Hampshire Daily'!D34-'Hampshire Daily'!D33<0),"0",('Hampshire Daily'!D34-'Hampshire Daily'!D33)) -> 2749 | F31: =IF(('Hampshire Daily'!F34-'Hampshire Daily'!F33<0),"0",('Hampshire Daily'!F34-'Hampshire Daily'!F33)) -> 5178 | G31: =IF(('Hampshire Daily'!G34-'Hampshire Daily'!G33<0),"0",('Hampshire Daily'!G34-'Hampshire Daily'!G33)) -> 5172 | H31: =IF(('Hampshire Daily'!H34-'Hampshire Daily'!H33<0),"0",('Hampshire Daily'!H34-'Hampshire Daily'!H33)) -> 874 | I31: =IF(('Hampshire Daily'!J34-'Hampshire Daily'!J33<0),"0",('Hampshire Daily'!J34-'Hampshire Daily'!J33)) -> 0.266657 | J31: =IF(('Hampshire Daily'!J34-'Hampshire Daily'!J33<0),"0",('Hampshire Daily'!J34-'Hampshire Daily'!J33)) -> 0.266657 | K31: =IF(('Hampshire Daily'!L34-'Hampshire Daily'!L33<0),"0",('Hampshire Daily'!L34-'Hampshire Daily'!L33)) -> 1114 | L31: =IF(('Hampshire Daily'!M34-'Hampshire Daily'!M33<0),"0",('Hampshire Daily'!M34-'Hampshire Daily'!M33)) -> 6 | M31: =IF(('Hampshire Daily'!N34-'Hampshire Daily'!N33<0),"0",('Hampshire Daily'!N34-'Hampshire Daily'!N33)) -> 2821.5 | N31: =IF(('Hampshire Daily'!O34-'Hampshire Daily'!O33<0),"0",('Hampshire Daily'!O34-'Hampshire Daily'!O33)) -> 100 | O31: =IF(('Hampshire Daily'!P34-'Hampshire Daily'!P33<0),"0",('Hampshire Daily'!P34-'Hampshire Daily'!P33)) -> 0 | P31: =IF(('Hampshire Daily'!Q34-'Hampshire Daily'!Q33<0),"0",('Hampshire Daily'!Q34-'Hampshire Daily'!Q33)) -> 481 | Q31: =IF(('Hampshire Daily'!R34-'Hampshire Daily'!R33<0),"0",('Hampshire Daily'!R34-'Hampshire Daily'!R33)) -> 0 | R31: =IF(('Hampshire Daily'!U34-'Hampshire Daily'!U33<0),"0",('Hampshire Daily'!U34-'Hampshire Daily'!U33)) -> 11 | S31: =IF(('Hampshire Daily'!V34-'Hampshire Daily'!V33<0),"0",('Hampshire Daily'!V34-'Hampshire Daily'!V33)) -> 1 | T31: =IF(('Hampshire Daily'!W34-'Hampshire Daily'!W33<0),"0",('Hampshire Daily'!W34-'Hampshire Daily'!W33)) -> 0.001 | U31: =IF(('Hampshire Daily'!X34-'Hampshire Daily'!X33<0),"0",('Hampshire Daily'!X34-'Hampshire Daily'!X33)) -> 0.015 | V31: =IF(('Hampshire Daily'!Y34-'Hampshire Daily'!Y33<0),"0",('Hampshire Daily'!Y34-'Hampshire Daily'!Y33)) -> 0.01 | W31: =IF(('Hampshire Daily'!Z34-'Hampshire Daily'!Z33<0),"0",('Hampshire Daily'!Z34-'Hampshire Daily'!Z33)) -> 0 | X31: =IF(('Hampshire Daily'!AA34-'Hampshire Daily'!AA33<0),"0",('Hampshire Daily'!AA34-'Hampshire Daily'!AA33)) -> 6 | Y31: ='Hampshire Daily'!B34 -> 27 | Z31: ='Hampshire Daily'!C34 -> 51

Sheet TOTAL
A1: Site Name | B1: Day | C1: Month | D1: Year | E1: Total Electricity Kwh | F1: Electricity Tariff ($/Kwh) | G1: Natual Gas (m3) | H1: Natural Gas $/m3 | I1: Water Utility Supply (m3) m3 | J1: Water Utility Supply (m3) $/m3 | K1: Room Nights | L1: Total Guests
A2: Hampshire | B2: 1 | C2: 11 | D2: 2021 | E2: =(Submetering!E2+Submetering!F2) -> 4057 | F2: 0.29 | G2: =Submetering!M2 -> 2362 | H2: 0.4 | I2: =Submetering!N2 -> 98 | J2: 2.06 | K2: ='Hampshire Daily'!B5 -> 123 | L2: ='Hampshire Daily'!C5 -> 158
A3: Hampshire | B3: =B2+1 -> 2 | C3: 11 | D3: 2021 | E3: =Submetering!E3+Submetering!F3 -> 4863 | F3: 0.29 | G3: =Submetering!M3 -> 2320 | H3: 0.4 | I3: =Submetering!N3 -> 82 | J3: 2.06 | K3: ='Hampshire Daily'!B6 -> 32 | L3: ='Hampshire Daily'!C6 -> 58
A4: Hampshire | B4: =B3+1 -> 3 | C4: 11 | D4: 2021 | E4: =Submetering!E4+Submetering!F4 -> 4718 | F4: 0.29 | G4: =Submetering!M4 -> 2505 | H4: 0.4 | I4: =Submetering!N4 -> 77 | J4: 2.06 | K4: ='Hampshire Daily'!B7 -> 35 | L4: ='Hampshire Daily'!C7 -> 62
A5: Hampshire | B5: =B4+1 -> 4 | C5: 11 | D5: 2021 | E5: =Submetering!E5+Submetering!F5 -> 3595 | F5: 0.29 | G5: =Submetering!M5 -> 2339 | H5: 0.4 | I5: =Submetering!N5 -> 86 | J5: 2.06 | K5: ='Hampshire Daily'!B8 -> 41 | L5: ='Hampshire Daily'!C8 -> 70
A6: Hampshire | B6: =B5+1 -> 5 | C6: 11 | D6: 2021 | E6: =Submetering!E6+Submetering!F6 -> 3640 | F6: 0.29 | G6: =Submetering!M6 -> 2485 | H6: 0.4 | I6: =Submetering!N6 -> 83 | J6: 2.06 | K6: ='Hampshire Daily'!B9 -> 60 | L6: ='Hampshire Daily'!C9 -> 137
A7: Hampshire | B7: =B6+1 -> 6 | C7: 11 | D7: 2021 | E7: =Submetering!E7+Submetering!F7 -> 4434 | F7: 0.29 | G7: =Submetering!M7 -> 2593 | H7: 0.4 | I7: =Submetering!N7 -> 68 | J7: 2.06 | K7: ='Hampshire Daily'!B10 -> 74 | L7: ='Hampshire Daily'!C10 -> 163
A8: Hampshire | B8: =B7+1 -> 7 | C8: 11 | D8: 2021 | E8: =Submetering!E8+Submetering!F8 -> 4784 | F8: 0.29 | G8: =Submetering!M8 -> 2422 | H8: 0.4 | I8: =Submetering!N8 -> 89 | J8: 2.06 | K8: ='Hampshire Daily'!B11 -> 50 | L8: ='Hampshire Daily'!C11 -> 89
A9: Hampshire | B9: =B8+1 -> 8 | C9: 11 | D9: 2021 | E9: =Submetering!E9+Submetering!F9 -> 5028 | F9: 0.29 | G9: =Submetering!M9 -> 2494 | H9: 0.4 | I9: =Submetering!N9 -> 0 | J9: 2.06 | K9: ='Hampshire Daily'!B12 -> 37 | L9: ='Hampshire Daily'!C12 -> 68
A10: Hampshire | B10: =B9+1 -> 9 | C10: 11 | D10: 2021 | E10: =Submetering!E10+Submetering!F10 -> 9994 | F10: 0.29 | G10: =Submetering!M10 -> 1484 | H10: 0.4 | I10: =Submetering!N10 -> 392 | J10: 2.06 | K10: ='Hampshire Daily'!B13 -> 30 | L10: ='Hampshire Daily'!C13 -> 62
A11: Hampshire | B11: =B10+1 -> 10 | C11: 11 | D11: 2021 | E11: =Submetering!E11+Submetering!F11 -> 10111 | F11: 0.29 | G11: =Submetering!M11 -> 1282 | H11: 0.4 | I11: =Submetering!N11 -> 61 | J11: 2.06 | K11: ='Hampshire Daily'!B14 -> 27 | L11: ='Hampshire Daily'!C14 -> 40
A12: Hampshire | B12: =B11+1 -> 11 | C12: 11 | D12: 2021 | E12: =Submetering!E12+Submetering!F12 -> 5951 | F12: 0.29 | G12: =Submetering!M12 -> 2045 | H12: 0.4 | I12: =Submetering!N12 -> 69 | J12: 2.06 | K12: ='Hampshire Daily'!B15 -> 68 | L12: ='Hampshire Daily'!C15 -> 94
A13: Hampshire | B13: =B12+1 -> 12 | C13: 11 | D13: 2021 | E13: =Submetering!E13+Submetering!F13 -> 4888 | F13: 0.29 | G13: =Submetering!M13 -> 2580 | H13: 0.4 | I13: =Submetering!N13 -> 113 | J13: 2.06 | K13: ='Hampshire Daily'!B16 -> 48 | L13: ='Hampshire Daily'!C16 -> 110
A14: Hampshire | B14: =B13+1 -> 13 | C14: 11 | D14: 2021 | E14: =Submetering!E14+Submetering!F14 -> 4868 | F14: 0.29 | G14: =Submetering!M14 -> 2481 | H14: 0.4 | I14: =Submetering!N14 -> 87 | J14: 2.06 | K14: ='Hampshire Daily'!B17 -> 85 | L14: ='Hampshire Daily'!C17 -> 187
... A31: Hampshire | B31: =B30+1 -> 30 | C31: 11 | D31: 2021 | E31: =Submetering!E31+Submetering!F31 -> 7927 | F31: 0.29 | G31: =Submetering!M31 -> 2821.5 | H31: 0.4 | I31: =Submetering!N31 -> 100 | J31: 2.06 | K31: ='Hampshire Daily'!B34 -> 27 | L31: ='Hampshire Daily'!C34 -> 51

Sheet Hampshire Daily
D1: Electrical | N1: Gas | O1: Main Site Water Meter | S1: Water Softener Meter | U1: Hard Water Supply | V1: Pool Supply | W1: LTHW Spa | X1: LTHW East | Y1: Chilled make-up | Z1: Orchard irrigation | AA1: Kids pool | AB1: 42 | AC1: 41
B2: Room Night | C2: Guest | D2: Meter 1 | E2: Check 1 | F2: Meter 2 | G2: Check 2 | H2: East MCC | I2: South MCC 1 | J2: South MCC 2 | K2: West MCC | L2: Kitchen sub meter | M2: Spa electric | P2: Chiller | Q2: Chiller | R2: Chiller | AB2: Spa CHP Electric generated | AC2: East CHP Electric generated
P3: 2 | Q3: 3 | R3: 4
A4: 44500 | B4: 21 | C4: 72 | D4: 926429 | E4: 927873 | F4: 898061 | G4: 897155 | H4: 263746 | I4: 7374388 | J4: 32795 | K4: 5418699 | L4: 858754 | M4: 2638350 | N4: 1314256 | O4: 375933 | P4: 1519787 | Q4: 682013 | R4: 1153 | S4: 342811 | T4: 45448 | U4: 52259 | V4: 30932 | W4: 490.326 | X4: 950.722 | Y4: 3889.34 | Z4: 4398 | AA4: 2485 | AB4: 0 | AC4: 3509
A5: 44501 | B5: 123 | C5: 158 | D5: 928899 | E5: 930341 | F5: 899648 | G5: 898740 | H5: 263746 | I5: =I4+1974.967 -> 7376363 | J5: =J4+0.266667 -> 32795.267 | K5: =K4+295.4333 -> 5418994.4 | L5: 859917 | M5: 2638351 | N5: 1316618 | O5: 376031 | P5: 1519787 | Q5: 682123 | R5: 1155 | S5: 342861 | T5: 45506 | U5: 52269 | V5: 30937 | W5: 490.327 | X5: 950.865 | Y5: 3889.34 | Z5: 4398 | AA5: 2491 | AB5: 168 | AC5: 3393
A6: 44502 | B6: 32 | C6: 58 | D6: 931469 | E6: 932922 | F6: 901941 | G6: 901031 | H6: 263922 | I6: =I5+1974.967 -> 7378337.9 | J6: =J5+0.266667 -> 32795.533 | K6: =K5+295.4333 -> 5419289.9 | L6: 860871 | M6: 2638355 | N6: 1318938 | O6: 376113 | P6: 1519787 | Q6: 682211 | R6: 1157 | S6: 342918 | T6: 45567 | U6: 52279 | V6: 30938 | W6: 490.326 | X6: 951.064 | Y6: 3889.34 | Z6: 4398 | AA6: 2495 | AB6: 2757 | AC6: 1781
A7: 44503 | B7: 35 | C7: 62 | D7: 934043 | E7: 935501 | F7: 904085 | G7: 903174 | H7: 264068 | I7: =I6+1974.967 -> 7380312.9 | J7: =J6+0.266667 -> 32795.8 | K7: =K6+295.4333 -> 5419585.3 | L7: 861910 | M7: 2638374 | N7: 1321443 | O7: 376190 | P7: 1519791 | Q7: 682324 | R7: 1158 | S7: 342963 | T7: 45621 | U7: 52289 | V7: 30939 | W7: 490.326 | X7: 951.224 | Y7: 3889.34 | Z7: 4398 | AA7: 2498 | AB7: 2880 | AC7: 3436
A8: 44504 | B8: 41 | C8: 70 | D8: 935960 | E8: 937421 | F8: 905763 | G8: 904849 | H8: 264070 | I8: =I7+1974.967 -> 7382287.9 | J8: =J7+0.266667 -> 32796.067 | K8: =K7+295.4333 -> 5419880.7 | L8: =L7+1089 -> 862999 | M8: 2638374 | N8: 1323782 | O8: 376276 | P8: 1519980 | Q8: 682627 | R8: 1158 | S8: 342999 | T8: 45665 | U8: 52297 | V8: 30941 | W8: 490.326 | X8: 951.333 | Y8: 3889.346 | Z8: 4398 | AA8: 2503 | AB8: 2865 | AC8: 3475
A9: 44505 | B9: 60 | C9: 137 | D9: 937916 | E9: 939381 | F9: 907447 | G9: 906531 | H9: 264070 | I9: =I8+1974.967 -> 7384262.8 | J9: =J8+0.266667 -> 32796.333 | K9: =K8+295.4333 -> 5420176.2 | L9: =L8+1089 -> 864088 | M9: 2638375 | N9: 1326267 | O9: 376359 | P9: 1520133 | Q9: 682645 | R9: 1159 | S9: 343039 | T9: 45709 | U9: 52306 | V9: 30942 | W9: 490.326 | X9: 951.559 | Y9: 3889.351 | Z9: 4398 | AA9: 2507 | AB9: 1200 | AC9: 3528
A10: 44506 | B10: 74 | C10: 163 | D10: 940433 | E10: 941902 | F10: 909364 | G10: 908446 | H10: 264070 | I10: =I9+1974.967 -> 7386237.8 | J10: =J9+0.266667 -> 32796.6 | K10: =K9+295.4333 -> 5420471.6 | L10: =L9+1089 -> 865177 | M10: 2638377 | N10: 1328860 | O10: 376427 | P10: 1520204 | Q10: 682663 | R10: 1161 | S10: 343083 | T10: 45760 | U10: 52315 | V10: 30943 | W10: 490.326 | X10: 951.688 | Y10: 3889.351 | Z10: 4398 | AA10: 2511 | AB10: 0 | AC10: 3531
A11: 44507 | B11: 50 | C11: 89 | D11: 942305 | E11: 943778 | F11: 912276 | G11: 911355 | H11: 264070 | I11: =I10+1974.967 -> 7388212.8 | J11: =J10+0.266667 -> 32796.867 | K11: =K10+295.4333 -> 5420767 | L11: 866467 | M11: 2638378 | N11: 1331282 | O11: 376516 | P11: 1520912 | Q11: 682663 | R11: 1161 | S11: 343136 | T11: 45821 | U11: 52326 | V11: 30947 | W11: 490.326 | X11: 951.756 | Y11: 3889.357 | Z11: 4398 | AA11: 2515 | AB11: 0 | AC11: 3589
A12: 44508 | B12: 37 | C12: 68 | D12: 944698 | E12: 946175 | F12: 914911 | G12: 913987 | H12: 264070 | I12: =I11+1974.967 -> 7390187.7 | J12: =J11+0.266667 -> 32797.133 | K12: =K11+295.4333 -> 5421062.5 | L12: 867581 | M12: 2638478 | N12: 1333776 | O12: 376290 | P12: 1521368 | Q12: 682663 | R12: 1161 | S12: 343183 | T12: 45877 | U12: 52337 | V12: 30961 | W12: 490.326 | X12: 951.897 | Y12: 3889.357 | Z12: 4398 | AA12: 2521 | AB12: 0 | AC12: 1617
A13: 44509 | B13: 30 | C13: 62 | D13: 949194 | E13: 950678 | F13: 920409 | G13: 919480 | H13: 264640 | I13: =I12+1974.967 -> 7392162.7 | J13: =J12+0.266667 -> 32797.4 | K13: =K12+295.4333 -> 5421357.9 | L13: =L12+1089 -> 868670 | M13: 2639235 | N13: 1335260 | O13: 376682 | P13: 1522043 | Q13: 682663 | R13: 1161 | S13: 343222 | T13: 45923 | U13: 52346 | V13: 30961 | W13: 490.326 | X13: 951.951 | Y13: 3889.358 | Z13: 4398 | AA13: 2525 | AB13: 0 | AC13: 0
A14: 44510 | B14: 27 | C14: 40 | D14: 954382 | E14: 955876 | F14: 925332 | G14: 924398 | H14: 265279 | I14: =I13+1974.967 -> 7394137.7 | J14: =J13+0.266667 -> 32797.667 | K14: =K13+295.4333 -> 5421653.3 | L14: =L13+1089 -> 869759 | M14: 2642795 | N14: 1336542 | O14: 376743 | P14: 1522234 | Q14: 682663 | R14: 1163 | S14: 343260 | T14: 45968 | U14: 52354 | V14: 30962 | W14: 490.326 | X14: 952.109 | Y14: 3889.358 | Z14: 4398 | AA14: 2529 | AB14: 947 | AC14: 1317
A15: 44511 | B15: 68 | C15: 94 | D15: 957450 | E15: 958947 | F15: 928215 | G15: 927277 | H15: 265506 | I15: =I14+1974.967 -> 7396112.6 | J15: =J14+0.266667 -> 32797.933 | K15: =K14+295.4333 -> 5421948.8 | L15: =L14+1089 -> 870848 | M15: 2640301 | N15: 1338587 | O15: 376812 | P15: 1522561 | Q15: 682663 | R15: 1163 | S15: 343299 | T15: 46015 | U15: 52364 | V15: 30964 | W15: 490.328 | X15: 952.148 | Y15: 3889.399 | Z15: 4398 | AA15: 2532 | AB15: 2816 | AC15: 3581
A16: 44512 | B16: 48 | C16: 110 | D16: 959546 | E16: 961047 | F16: 931007 | G16: 930067 | H16: 265506 | I16: =I15+1974.967 -> 7398087.6 | J16: =J15+0.266667 -> 32798.2 | K16: =K15+295.4333 -> 5422244.2 | L16: =L15+1089 -> 871937 | M16: 2640301 | N16: 1341167 | O16: 376925 | P16: 1523322 | Q16: 682663 | R16: 1163 | S16: 343343 | T16: 46067 | U16: 52374 | V16: 30965 | W16: 490.328 | X16: 952.287 | Y16: 3889.399 | Z16: 4398 | AA16: 2536 | AB16: 2831 | AC16: 3538
A17: 44513 | B17: 85 | C17: 187 | D17: 961449 | E17: 962952 | F17: 933972 | G17: 933028 | H17: 265506 | I17: =I16+1974.967 -> 7400062.6 | J17: =J16+0.266667 -> 32798.467 | K17: =K16+295.4333 -> 5422539.6 | L17: =L16+1089 -> 873026 | M17: 2640302 | N17: 1343648 | O17: 377012 | P17: 1524072 | Q17: 682663 | R17: 1163 | S17: 343390 | T17: 46124 | U17: 52383 | V17: 30966 | W17: 490.328 | X17: 952.382 | Y17: 3889.399 | Z17: 4398 | AA17: 2540 | AB17: 2451 | AC17: 3550
A18: 44514 | B18: 51 | C18: 89 | D18: 963378 | E18: 964884 | F18: 937068 | G18: 936121 | H18: 265506 | I18: =I17+1974.967 -> 7402037.5 | J18: =J17+0.266667 -> 32798.733 | K18: =K17+295.4333 -> 5422835.1 | L18: =L17+1089 -> 874115 | M18: 2640364 | N18: 1346260 | O18: 377071 | P18: 1524853 | Q18: 682663 | R18: 1163 | S18: 343449 | T18: 46188 | U18: 52394 | V18: 30967 | W18: 490.328 | X18: 952.466 | Y18: 3889.403 | Z18: 4398 | AA18: 2547 | AB18: 0 | AC18: 3573
A19: 44515 | B19: 62 | C19: 91 | D19: 967859 | E19: 969373 | F19: 939985 | G19: 939040 | H19: 265506 | I19: =I18+1974.967 -> 7404012.5 | J19: =J18+0.266667 -> 32799 | K19: =K18+295.4333 -> 5423130.5 | L19: =L18+1089 -> 875204 | M19: 2641098 | N19: 1348447 | O19: 377176 | P19: 1525605 | Q19: 682663 | R19: 1163 | S19: 343502 | T19: 46248 | U19: 52404 | V19: 30981 | W19: 490.328 | X19: 952.558 | Y19: 3889.406 | Z19: 4398 | AA19: 2554 | AB19: 0 | AC19: 3593
A20: 44516 | B20: 49 | C20: 86 | D20: 972726 | E20: 974248 | F20: 942585 | G20: 941632 | H20: 265506 | I20: =I19+1974.967 -> 7405987.5 | J20: =J19+0.266667 -> 32799.267 | K20: =K19+295.4333 -> 5423425.9 | L20: =L19+1089 -> 876293 | M20: 2641852 | N20: 1350854 | O20: 377257 | P20: 1526128 | Q20: 682663 | R20: 1163 | S20: 343557 | T20: 46305 | U20: 52414 | V20: 30981 | W20: 490.328 | X20: 952.653 | Y20: 3889.411 | Z20: 4398 | AA20: 2558 | AB20: 0 | AC20: 3097
A21: 44517 | B21: 100 | C21: 138 | D21: 977470 | E21: 979000 | F21: 945540 | G21: 944584 | H21: 265589 | I21: =I20+1974.967 -> 7407962.4 | J21: =J20+0.266667 -> 32799.533 | K21: =K20+295.4333 -> 5423721.4 | L21: 877389 | M21: 2642604 | N21: 1353120 | O21: 377339 | P21: 1526593 | Q21: 682787 | R21: 1163 | S21: 34360 | T21: 46362 | U21: 52423 | V21: 30982 | W21: 490.328 | X21: 952.731 | Y21: 3889.442 | Z21: 4398 | AA21: 2562 | AB21: 0 | AC21: 3531
A22: 44518 | B22: 109 | C22: 205 | D22: 982711 | E22: 984250 | F22: 947235 | G22: 946278 | H22: 265589 | I22: =I21+1974.967 -> 7409937.4 | J22: =J21+0.266667 -> 32799.8 | K22: =K21+295.4333 -> 5424016.8 | L22: =L21+1089 -> 878478 | M22: 2643325 | N22: 1355295 | O22: 377442 | P22: 1526593 | Q22: 683288 | R22: 1163 | S22: 343660 | T22: 46426 | U22: 52433 | V22: 30983 | W22: 490.328 | X22: 952.799 | Y22: 3889.446 | Z22: 4398 | AA22: 2566 | AB22: 0 | AC22: 1012
A23: 44519 | B23: 109 | C23: 258 | D23: 988413 | E23: 989961 | F23: 951919 | G23: 950958 | H23: 266206 | I23: =I22+1974.967 -> 7411912.4 | J23: =J22+0.266667 -> 32800.067 | K23: =K22+295.4333 -> 5424312.2 | L23: =L22+1089 -> 879567 | M23: 2644057 | N23: 1357138 | O23: 377545 | P23: 1526600 | Q23: 683913 | R23: 1163 | S23: 343734 | T23: 46503 | U23: 52442 | V23: 30984 | W23: 490.328 | X23: 952.964 | Y23: 3889.459 | Z23: 4398 | AA23: 2570 | AB23: 0 | AC23: 0
A24: 44520 | B24: 71 | C24: 178 | D24: 993518 | E24: 995507 | F24: 958455 | G24: 957486 | H24: 266984 | I24: =I23+1974.967 -> 7413887.3 | J24: =J23+0.266667 -> 32800.333 | K24: =K23+295.4333 -> 5424607.7 | L24: 880927 | M24: 2644820 | N24: 1359010 | O24: 377655 | P24: 1527373 | Q24: 683913 | R24: 1163 | S24: 343816 | T24: 46591 | U24: 52454 | V24: 30985 | W24: 490.328 | X24: 952.98 | Y24: 3889.482 | Z24: 4398 | AA24: 2574 | AB24: 1417 | AC24: 0
A25: 44521 | B25: 11 | C25: 28 | D25: 996224 | E25: 997785 | F25: 965355 | G25: 964379 | H25: 267798 | I25: =I24+1974.967 -> 7415862.3 | J25: =J24+0.266667 -> 32800.6 | K25: =K24+295.4333 -> 5424903.1 | L25: 882178 | M25: 2645003 | N25: 1361345 | O25: =O24+104 -> 377759 | P25: 1528146 | Q25: 683913 | R25: 1163 | S25: 343883 | T25: 46666 | U25: 52464 | V25: 30986 | W25: 490.328 | X25: 953.229 | Y25: 3889.491 | Z25: 4398 | AA25: 2580 | AB25: 2872 | AC25: 0
A26: 44522 | B26: 33 | C26: 53 | D26: 998183 | E26: 999747 | F26: 971043 | G26: 970062 | H26: 268590 | I26: =I25+1974.967 -> 7417837.3 | J26: =J25+0.266667 -> 32800.867 | K26: =K25+295.4333 -> 5425198.5 | L26: =L25+1089 -> 883267 | M26: 2645005 | N26: 1363882 | O26: 377863 | P26: 1528456 | Q26: 683913 | R26: 1163 | S26: 343933 | T26: 46725 | U26: 52473 | V26: 31000 | W26: 490.328 | X26: 953.358 | Y26: 3889.494 | Z26: 4398 | AA26: 2586 | AB26: 2885 | AC26: 0
A27: 44523 | B27: 28 | C27: 52 | D27: 1000032 | E27: 1001600 | F27: 976142 | G27: 975154 | H27: 269398 | I27: =I26+1974.967 -> 7419812.2 | J27: =J26+0.266667 -> 32801.133 | K27: =K26+295.4333 -> 5425494 | L27: =L26+1114 -> 884381 | M27: 2645336 | N27: 1366440 | O27: 377941 | P27: 1528456 | Q27: 683913 | R27: 1163 | S27: 343976 | T27: 46774 | U27: 52482 | V27: 31001 | W27: 490.328 | X27: 953.429 | Y27: 3889.502 | Z27: 4398 | AA27: 2591 | AB27: 2602 | AC27: 0
A28: 44524 | B28: 32 | C28: 56 | D28: 1002595 | E28: 1004167 | F28: 981601 | G28: 980608 | H28: 270229 | I28: =I27+1974.967 -> 7421787.2 | J28: =J27+0.266667 -> 32801.4 | K28: =K27+295.4333 -> 5425789.4 | L28: =L27+1114 -> 885495 | M28: 2645094 | N28: 1369032 | O28: 378019 | P28: 1528642 | Q28: 683913 | R28: 1163 | S28: 344019 | T28: 46825 | U28: 52491 | V28: 31001 | W28: 490.328 | X28: 953.502 | Y28: 3889.505 | Z28: 4398 | AA28: 2599 | AB28: 2924 | AC28: 0
A29: 44525 | B29: 10 | C29: 24 | D29: 1005302 | E29: 1006879 | F29: 987717 | G29: 986717 | H29: 271139 | I29: =I28+1974.967 -> 7423762.2 | J29: =J28+0.266667 -> 32801.667 | K29: =K28+295.4333 -> 5426084.8 | L29: =L28+1114 -> 886609 | M29: 2645095 | N29: 1371922 | O29: 378097 | P29: 1528822 | Q29: 683913 | R29: 1163 | S29: 344076 | T29: 46887 | U29: 52502 | V29: 31002 | W29: 490.328 | X29: 953.685 | Y29: 3889.521 | Z29: 4398 | AA29: 2605 | AB29: 2910 | AC29: 0
A30: 44526 | B30: 58 | C30: 157 | D30: 1007131 | E30: 1008711 | F30: 992166 | G30: 991161 | H30: 278143 | I30: =I29+1974.967 -> 7425737.1 | J30: =J29+0.266667 -> 32801.933 | K30: =K29+295.4333 -> 5426380.3 | L30: =L29+1114 -> 887723 | M30: 2645096 | N30: 1374123 | O30: 378175 | P30: 1528822 | Q30: 684190 | R30: 1163 | S30: 344106 | T30: 46924 | U30: 52510 | V30: 31003 | W30: 490.328 | X30: 953.862 | Y30: 3889.537 | Z30: 4398 | AA30: 2612 | AB30: 2924 | AC30: 0
A31: 44527 | B31: 84 | C31: 223 | D31: 1009870 | E31: 1011455 | F31: 997591 | G31: 996580 | H31: 272664 | I31: =I30+1974.967 -> 7427712.1 | J31: =J30+0.266667 -> 32802.2 | K31: =K30+295.4333 -> 5426675.7 | L31: =L30+1114 -> 888837 | M31: 2645098 | N31: 1376845 | O31: 378253 | P31: 1528822 | Q31: 684606 | R31: 1163 | S31: 344151 | T31: 46980 | U31: 52521 | V31: 31004 | W31: 490.328 | X31: 954.301 | Y31: 3889.549 | Z31: 4398 | AA31: 2620 | AB31: 2917 | AC31: 0
A32: 44528 | B32: 20 | C32: 59 | D32: 1012666 | E32: 1014256 | F32: 1003470 | G32: 1002450 | H32: 273542 | I32: =I31+1974.967 -> 7429687.1 | J32: =J31+0.266667 -> 32802.467 | K32: =K31+295.4333 -> 5426971.1 | L32: =L31+1114 -> 889951 | M32: 2645116 | N32: 1379966 | O32: 378352 | P32: 1528822 | Q32: 685165 | R32: 1163 | S32: 344221 | T32: 47056 | U32: 52546 | V32: 31006 | W32: 490.328 | X32: 954.567 | Y32: 3889.566 | Z32: 4398 | AA32: 2625 | AB32: 2928 | AC32: 0
A33: 44529 | B33: 15 | C33: 37 | D33: 1015257 | E33: 1016851 | F33: 1008803 | G33: 1007779 | H33: 274437 | I33: =I32+1974.967 -> 7431662 | J33: =J32+0.266667 -> 32802.733 | K33: =K32+295.4333 -> 5427266.6 | L33: =L32+1114 -> 891065 | M33: 2645128 | N33: =N32+2821.5 -> 1382787.5 | O33: 378451 | P33: 1528822 | Q33: 685610 | R33: 1163 | S33: 344317 | T33: 47119 | U33: 52557 | V33: 31011 | W33: 490.328 | X33: 954.795 | Y33: 3889.577 | Z33: 4398 | AA33: 2631 | AB33: 2910 | AC33: 0
A34: 44530 | B34: 27 | C34: 51 | D34: 1018006 | E34: 1019605 | F34: 1013981 | G34: 1012951 | H34: 275311 | I34: 7433637 | J34: 32803 | K34: 5427562 | L34: =L33+1114 -> 892179 | M34: 2645134 | N34: 1385609 | O34: 378551 | P34: 686091 | Q34: 686091 | R34: 1163 | S34: 344317 | T34: 47170 | U34: 52568 | V34: 31012 | W34: 490.329 | X34: 954.81 | Y34: 3889.587 | Z34: 4398 | AA34: 2637 | AB34: 2915 | AC34: 0
I38: =(I34-I4)/30 -> 1974.9667 | J38: =(J34-J4)/30 -> 0.26666667
