Workbook

Sheet TOTAL
A1: Site Name | B1: Day | C1: Month | D1: Year | E1: Total Electricity Kwh | F1: Electricity Tariff ($/Kwh) | G1: Natual Gas (m3) | H1: Natural Gas $/m3 | I1: Water Utility Supply (m3) m3 | J1: Water Utility Supply (m3) $/m3
A2: Taormina | B2: 1 | C2: 11 | D2: 2021 | E2: =IF(('DAILY READINGS'!B7-'DAILY READINGS'!B6)>0,('DAILY READINGS'!B7-'DAILY READINGS'!B6),0) -> 2138 | F2: 0.19 | G2: =IF(('DAILY READINGS'!D7-'DAILY READINGS'!D6)+('DAILY READINGS'!E7-'DAILY READINGS'!E6)>0,('DAILY READINGS'!D7-'DAILY READINGS'!D6)+('DAILY READINGS'!E7-'DAILY READINGS'!E6),0) -> 111 | H2: 0.69 | I2: =IF(('DAILY READINGS'!F7-'DAILY READINGS'!F6)+('DAILY READINGS'!G7-'DAILY READINGS'!G6)+('DAILY READINGS'!H7-'DAILY READINGS'!H6)+('DAILY READINGS'!I7-'DAILY READINGS'!I6)+('DAILY READINGS'!J7-'DAILY READINGS'!J6)>0,('DAILY READINGS'!F7-'DAILY READINGS'!F6)+('DAILY READINGS'!G7-'DAILY READINGS'!G6)+('DAILY READINGS'!H7-'DAILY READINGS'!H6)+('DAILY READINGS'!I7-'DAILY READINGS'!I6)+('DAILY READINGS'!J7-'DAILY READINGS'!J6),0) -> 11 | J2: 1.45
A3: Taormina | B3: =B2+1 -> 2 | C3: 11 | D3: 2021 | E3: =IF(('DAILY READINGS'!B8-'DAILY READINGS'!B7)>0,('DAILY READINGS'!B8-'DAILY READINGS'!B7),0) -> 3328 | F3: 0.19 | G3: =IF(('DAILY READINGS'!D8-'DAILY READINGS'!D7)+('DAILY READINGS'!E8-'DAILY READINGS'!E7)>0,('DAILY READINGS'!D8-'DAILY READINGS'!D7)+('DAILY READINGS'!E8-'DAILY READINGS'!E7),0) -> 92 | H3: 0.69 | I3: =IF(('DAILY READINGS'!F8-'DAILY READINGS'!F7)+('DAILY READINGS'!G8-'DAILY READINGS'!G7)+('DAILY READINGS'!H8-'DAILY READINGS'!H7)+('DAILY READINGS'!I8-'DAILY READINGS'!I7)+('DAILY READINGS'!J8-'DAILY READINGS'!J7)>0,('DAILY READINGS'!F8-'DAILY READINGS'!F7)+('DAILY READINGS'!G8-'DAILY READINGS'!G7)+('DAILY READINGS'!H8-'DAILY READINGS'!H7)+('DAILY READINGS'!I8-'DAILY READINGS'!I7)+('DAILY READINGS'!J8-'DAILY READINGS'!J7),0) -> 11 | J3: 1.45
A4: Taormina | B4: =B3+1 -> 3 | C4: 11 | D4: 2021 | E4: =IF(('DAILY READINGS'!B9-'DAILY READINGS'!B8)>0,('DAILY READINGS'!B9-'DAILY READINGS'!B8),0) -> 2812 | F4: 0.19 | G4: =IF(('DAILY READINGS'!D9-'DAILY READINGS'!D8)+('DAILY READINGS'!E9-'DAILY READINGS'!E8)>0,('DAILY READINGS'!D9-'DAILY READINGS'!D8)+('DAILY READINGS'!E9-'DAILY READINGS'!E8),0) -> 121 | H4: 0.69 | I4: =IF(('DAILY READINGS'!F9-'DAILY READINGS'!F8)+('DAILY READINGS'!G9-'DAILY READINGS'!G8)+('DAILY READINGS'!H9-'DAILY READINGS'!H8)+('DAILY READINGS'!I9-'DAILY READINGS'!I8)+('DAILY READINGS'!J9-'DAILY READINGS'!J8)>0,('DAILY READINGS'!F9-'DAILY READINGS'!F8)+('DAILY READINGS'!G9-'DAILY READINGS'!G8)+('DAILY READINGS'!H9-'DAILY READINGS'!H8)+('DAILY READINGS'!I9-'DAILY READINGS'!I8)+('DAILY READINGS'!J9-'DAILY READINGS'!J8),0) -> 16 | J4: 1.45
A5: Taormina | B5: =B4+1 -> 4 | C5: 11 | D5: 2021 | E5: =IF(('DAILY READINGS'!B10-'DAILY READINGS'!B9)>0,('DAILY READINGS'!B10-'DAILY READINGS'!B9),0) -> 2936 | F5: 0.19 | G5: =IF(('DAILY READINGS'!D10-'DAILY READINGS'!D9)+('DAILY READINGS'!E10-'DAILY READINGS'!E9)>0,('DAILY READINGS'!D10-'DAILY READINGS'!D9)+('DAILY READINGS'!E10-'DAILY READINGS'!E9),0) -> 116 | H5: 0.69 | I5: =IF(('DAILY READINGS'!F10-'DAILY READINGS'!F9)+('DAILY READINGS'!G10-'DAILY READINGS'!G9)+('DAILY READINGS'!H10-'DAILY READINGS'!H9)+('DAILY READINGS'!I10-'DAILY READINGS'!I9)+('DAILY READINGS'!J10-'DAILY READINGS'!J9)>0,('DAILY READINGS'!F10-'DAILY READINGS'!F9)+('DAILY READINGS'!G10-'DAILY READINGS'!G9)+('DAILY READINGS'!H10-'DAILY READINGS'!H9)+('DAILY READINGS'!I10-'DAILY READINGS'!I9)+('DAILY READINGS'!J10-'DAILY READINGS'!J9),0) -> 14 | J5: 1.45
A6: Taormina | B6: =B5+1 -> 5 | C6: 11 | D6: 2021 | E6: =IF(('DAILY READINGS'!B11-'DAILY READINGS'!B10)>0,('DAILY READINGS'!B11-'DAILY READINGS'!B10),0) -> 3728 | F6: 0.19 | G6: =IF(('DAILY READINGS'!D11-'DAILY READINGS'!D10)+('DAILY READINGS'!E11-'DAILY READINGS'!E10)>0,('DAILY READINGS'!D11-'DAILY READINGS'!D10)+('DAILY READINGS'!E11-'DAILY READINGS'!E10),0) -> 172 | H6: 0.69 | I6: =IF(('DAILY READINGS'!F11-'DAILY READINGS'!F10)+('DAILY READINGS'!G11-'DAILY READINGS'!G10)+('DAILY READINGS'!H11-'DAILY READINGS'!H10)+('DAILY READINGS'!I11-'DAILY READINGS'!I10)+('DAILY READINGS'!J11-'DAILY READINGS'!J10)>0,('DAILY READINGS'!F11-'DAILY READINGS'!F10)+('DAILY READINGS'!G11-'DAILY READINGS'!G10)+('DAILY READINGS'!H11-'DAILY READINGS'!H10)+('DAILY READINGS'!I11-'DAILY READINGS'!I10)+('DAILY READINGS'!J11-'DAILY READINGS'!J10),0) -> 19 | J6: 1.45
A7: Taormina | B7: =B6+1 -> 6 | C7: 11 | D7: 2021 | E7: =IF(('DAILY READINGS'!B12-'DAILY READINGS'!B11)>0,('DAILY READINGS'!B12-'DAILY READINGS'!B11),0) -> 2004 | F7: 0.19 | G7: =IF(('DAILY READINGS'!D12-'DAILY READINGS'!D11)+('DAILY READINGS'!E12-'DAILY READINGS'!E11)>0,('DAILY READINGS'!D12-'DAILY READINGS'!D11)+('DAILY READINGS'!E12-'DAILY READINGS'!E11),0) -> 69 | H7: 0.69 | I7: =IF(('DAILY READINGS'!F12-'DAILY READINGS'!F11)+('DAILY READINGS'!G12-'DAILY READINGS'!G11)+('DAILY READINGS'!H12-'DAILY READINGS'!H11)+('DAILY READINGS'!I12-'DAILY READINGS'!I11)+('DAILY READINGS'!J12-'DAILY READINGS'!J11)>0,('DAILY READINGS'!F12-'DAILY READINGS'!F11)+('DAILY READINGS'!G12-'DAILY READINGS'!G11)+('DAILY READINGS'!H12-'DAILY READINGS'!H11)+('DAILY READINGS'!I12-'DAILY READINGS'!I11)+('DAILY READINGS'!J12-'DAILY READINGS'!J11),0) -> 9 | J7: 1.45
A8: Taormina | B8: =B7+1 -> 7 | C8: 11 | D8: 2021 | E8: 3710 | F8: 0.19 | G8: =IF(('DAILY READINGS'!D13-'DAILY READINGS'!D12)+('DAILY READINGS'!E14-'DAILY READINGS'!E12)>0,('DAILY READINGS'!D13-'DAILY READINGS'!D12)+('DAILY READINGS'!E14-'DAILY READINGS'!E12),0) -> 112 | H8: 0.69 | I8: =IF(('DAILY READINGS'!F13-'DAILY READINGS'!F12)+('DAILY READINGS'!G13-'DAILY READINGS'!G12)+('DAILY READINGS'!H14-'DAILY READINGS'!H12)+('DAILY READINGS'!I14-'DAILY READINGS'!I12)+('DAILY READINGS'!J13-'DAILY READINGS'!J12)>0,('DAILY READINGS'!F13-'DAILY READINGS'!F12)+('DAILY READINGS'!G13-'DAILY READINGS'!G12)+('DAILY READINGS'!H14-'DAILY READINGS'!H12)+('DAILY READINGS'!I14-'DAILY READINGS'!I12)+('DAILY READINGS'!J13-'DAILY READINGS'!J12),0) -> 0 | J8: 1.45
A9: Taormina | B9: =B8+1 -> 8 | C9: 11 | D9: 2021 | E9: =IF(('DAILY READINGS'!B14-'DAILY READINGS'!B13)>0,('DAILY READINGS'!B14-'DAILY READINGS'!B13),0) -> 5224 | F9: 0.19 | G9: =IF(('DAILY READINGS'!D14-'DAILY READINGS'!D13)+('DAILY READINGS'!#REF!-'DAILY READINGS'!E14)>0,('DAILY READINGS'!D14-'DAILY READINGS'!D13)+('DAILY READINGS'!#REF!-'DAILY READINGS'!E14),0) -> #REF! | H9: 0.69 | I9: =IF(('DAILY READINGS'!F14-'DAILY READINGS'!F13)+('DAILY READINGS'!G14-'DAILY READINGS'!G13)+('DAILY READINGS'!#REF!-'DAILY READINGS'!H14)+('DAILY READINGS'!#REF!-'DAILY READINGS'!I14)+('DAILY READINGS'!J14-'DAILY READINGS'!J13)>0,('DAILY READINGS'!F14-'DAILY READINGS'!F13)+('DAILY READINGS'!G14-'DAILY READINGS'!G13)+('DAILY READINGS'!#REF!-'DAILY READINGS'!H14)+('DAILY READINGS'!#REF!-'DAILY READINGS'!I14)+('DAILY READINGS'!J14-'DAILY READINGS'!J13),0) -> #REF! | J9: 1.45
A10: Taormina | B10: =B9+1 -> 9 | C10: 11 | D10: 2021 | E10: =IF(('DAILY READINGS'!B15-'DAILY READINGS'!B14)>0,('DAILY READINGS'!B15-'DAILY READINGS'!B14),0) -> 2588 | F10: 0.19 | G10: =IF(('DAILY READINGS'!D15-'DAILY READINGS'!D14)+('DAILY READINGS'!E15-'DAILY READINGS'!#REF!)>0,('DAILY READINGS'!D15-'DAILY READINGS'!D14)+('DAILY READINGS'!E15-'DAILY READINGS'!#REF!),0) -> #REF! | H10: 0.69 | I10: =IF(('DAILY READINGS'!F15-'DAILY READINGS'!F14)+('DAILY READINGS'!G15-'DAILY READINGS'!G14)+('DAILY READINGS'!H15-'DAILY READINGS'!#REF!)+('DAILY READINGS'!I15-'DAILY READINGS'!#REF!)+('DAILY READINGS'!J15-'DAILY READINGS'!J14)>0,('DAILY READINGS'!F15-'DAILY READINGS'!F14)+('DAILY READINGS'!G15-'DAILY READINGS'!G14)+('DAILY READINGS'!H15-'DAILY READINGS'!#REF!)+('DAILY READINGS'!I15-'DAILY READINGS'!#REF!)+('DAILY READINGS'!J15-'DAILY READINGS'!J14),0) -> #REF! | J10: 1.45
A11: Taormina | B11: =B10+1 -> 10 | C11: 11 | D11: 2021 | E11: =IF(('DAILY READINGS'!B16-'DAILY READINGS'!B15)>0,('DAILY READINGS'!B16-'DAILY READINGS'!B15),0) -> 2742 | F11: 0.19 | G11: =IF(('DAILY READINGS'!D16-'DAILY READINGS'!D15)+('DAILY READINGS'!E16-'DAILY READINGS'!E15)>0,('DAILY READINGS'!D16-'DAILY READINGS'!D15)+('DAILY READINGS'!E16-'DAILY READINGS'!E15),0) -> 101 | H11: 0.69 | I11: =IF(('DAILY READINGS'!F16-'DAILY READINGS'!F15)+('DAILY READINGS'!G16-'DAILY READINGS'!G15)+('DAILY READINGS'!H16-'DAILY READINGS'!H15)+('DAILY READINGS'!I16-'DAILY READINGS'!I15)+('DAILY READINGS'!J16-'DAILY READINGS'!J15)>0,('DAILY READINGS'!F16-'DAILY READINGS'!F15)+('DAILY READINGS'!G16-'DAILY READINGS'!G15)+('DAILY READINGS'!H16-'DAILY READINGS'!H15)+('DAILY READINGS'!I16-'DAILY READINGS'!I15)+('DAILY READINGS'!J16-'DAILY READINGS'!J15),0) -> 11 | J11: 1.45
A12: Taormina | B12: =B11+1 -> 11 | C12: 11 | D12: 2021 | E12: =IF(('DAILY READINGS'!B17-'DAILY READINGS'!B16)>0,('DAILY READINGS'!B17-'DAILY READINGS'!B16),0) -> 2606 | F12: 0.19 | G12: =IF(('DAILY READINGS'!D17-'DAILY READINGS'!D16)+('DAILY READINGS'!E17-'DAILY READINGS'!E16)>0,('DAILY READINGS'!D17-'DAILY READINGS'!D16)+('DAILY READINGS'!E17-'DAILY READINGS'!E16),0) -> 105 | H12: 0.69 | I12: =IF(('DAILY READINGS'!F17-'DAILY READINGS'!F16)+('DAILY READINGS'!G17-'DAILY READINGS'!G16)+('DAILY READINGS'!H17-'DAILY READINGS'!H16)+('DAILY READINGS'!I17-'DAILY READINGS'!I16)+('DAILY READINGS'!J17-'DAILY READINGS'!J16)>0,('DAILY READINGS'!F17-'DAILY READINGS'!F16)+('DAILY READINGS'!G17-'DAILY READINGS'!G16)+('DAILY READINGS'!H17-'DAILY READINGS'!H16)+('DAILY READINGS'!I17-'DAILY READINGS'!I16)+('DAILY READINGS'!J17-'DAILY READINGS'!J16),0) -> 10 | J12: 1.45
A13: Taormina | B13: =B12+1 -> 12 | C13: 11 | D13: 2021 | E13: =IF(('DAILY READINGS'!B18-'DAILY READINGS'!B17)>0,('DAILY READINGS'!B18-'DAILY READINGS'!B17),0) -> 2558 | F13: 0.19 | G13: =IF(('DAILY READINGS'!D18-'DAILY READINGS'!D17)+('DAILY READINGS'!E18-'DAILY READINGS'!E17)>0,('DAILY READINGS'!D18-'DAILY READINGS'!D17)+('DAILY READINGS'!E18-'DAILY READINGS'!E17),0) -> 103 | H13: 0.69 | I13: =IF(('DAILY READINGS'!F18-'DAILY READINGS'!F17)+('DAILY READINGS'!G18-'DAILY READINGS'!G17)+('DAILY READINGS'!H18-'DAILY READINGS'!H17)+('DAILY READINGS'!I18-'DAILY READINGS'!I17)+('DAILY READINGS'!J18-'DAILY READINGS'!J17)>0,('DAILY READINGS'!F18-'DAILY READINGS'!F17)+('DAILY READINGS'!G18-'DAILY READINGS'!G17)+('DAILY READINGS'!H18-'DAILY READINGS'!H17)+('DAILY READINGS'!I18-'DAILY READINGS'!I17)+('DAILY READINGS'!J18-'DAILY READINGS'!J17),0) -> 11 | J13: 1.45
A14: Taormina | B14: =B13+1 -> 13 | C14: 11 | D14: 2021 | E14: =IF(('DAILY READINGS'!B19-'DAILY READINGS'!B18)>0,('DAILY READINGS'!B19-'DAILY READINGS'!B18),0) -> 0 | F14: 0.19 | G14: =IF(('DAILY READINGS'!D19-'DAILY READINGS'!D18)+('DAILY READINGS'!E19-'DAILY READINGS'!E18)>0,('DAILY READINGS'!D19-'DAILY READINGS'!D18)+('DAILY READINGS'!E19-'DAILY READINGS'!E18),0) -> 0 | H14: 0.69 | I14: =IF(('DAILY READINGS'!F19-'DAILY READINGS'!F18)+('DAILY READINGS'!G19-'DAILY READINGS'!G18)+('DAILY READINGS'!H19-'DAILY READINGS'!H18)+('DAILY READINGS'!I19-'DAILY READINGS'!I18)+('DAILY READINGS'!J19-'DAILY READINGS'!J18)>0,('DAILY READINGS'!F19-'DAILY READINGS'!F18)+('DAILY READINGS'!G19-'DAILY READINGS'!G18)+('DAILY READINGS'!H19-'DAILY READINGS'!H18)+('DAILY READINGS'!I19-'DAILY READINGS'!I18)+('DAILY READINGS'!J19-'DAILY READINGS'!J18),0) -> 0 | J14: 1.45
A15: Taormina | B15: =B14+1 -> 14 | C15: 11 | D15: 2021 | E15: =IF(('DAILY READINGS'!B20-'DAILY READINGS'!B19)>0,('DAILY READINGS'!B20-'DAILY READINGS'!B19),0) -> 0 | F15: 0.19 | G15: =IF(('DAILY READINGS'!D20-'DAILY READINGS'!D19)+('DAILY READINGS'!E20-'DAILY READINGS'!E19)>0,('DAILY READINGS'!D20-'DAILY READINGS'!D19)+('DAILY READINGS'!E20-'DAILY READINGS'!E19),0) -> 0 | H15: 0.69 | I15: =IF(('DAILY READINGS'!F20-'DAILY READINGS'!F19)+('DAILY READINGS'!G20-'DAILY READINGS'!G19)+('DAILY READINGS'!H20-'DAILY READINGS'!H19)+('DAILY READINGS'!I20-'DAILY READINGS'!I19)+('DAILY READINGS'!J20-'DAILY READINGS'!J19)>0,('DAILY READINGS'!F20-'DAILY READINGS'!F19)+('DAILY READINGS'!G20-'DAILY READINGS'!G19)+('DAILY READINGS'!H20-'DAILY READINGS'!H19)+('DAILY READINGS'!I20-'DAILY READINGS'!I19)+('DAILY READINGS'!J20-'DAILY READINGS'!J19),0) -> 0 | J15: 1.45
A16: Taormina | B16: =B15+1 -> 15 | C16: 11 | D16: 2021 | E16: =IF(('DAILY READINGS'!B21-'DAILY READINGS'!B20)>0,('DAILY READINGS'!B21-'DAILY READINGS'!B20),0) -> 0 | F16: 0.19 | G16: =IF(('DAILY READINGS'!D21-'DAILY READINGS'!D20)+('DAILY READINGS'!E21-'DAILY READINGS'!E20)>0,('DAILY READINGS'!D21-'DAILY READINGS'!D20)+('DAILY READINGS'!E21-'DAILY READINGS'!E20),0) -> 299 | H16: 0.69 | I16: =IF(('DAILY READINGS'!F21-'DAILY READINGS'!F20)+('DAILY READINGS'!G21-'DAILY READINGS'!G20)+('DAILY READINGS'!H21-'DAILY READINGS'!H20)+('DAILY READINGS'!I21-'DAILY READINGS'!I20)+('DAILY READINGS'!J21-'DAILY READINGS'!J20)>0,('DAILY READINGS'!F21-'DAILY READINGS'!F20)+('DAILY READINGS'!G21-'DAILY READINGS'!G20)+('DAILY READINGS'!H21-'DAILY READINGS'!H20)+('DAILY READINGS'!I21-'DAILY READINGS'!I20)+('DAILY READINGS'!J21-'DAILY READINGS'!J20),0) -> 19 | J16: 1.45
A17: Taormina | B17: =B16+1 -> 16 | C17: 11 | D17: 2021 | E17: =IF(('DAILY READINGS'!B22-'DAILY READINGS'!B21)>0,('DAILY READINGS'!B22-'DAILY READINGS'!B21),0) -> 10170 | F17: 0.19 | G17: =IF(('DAILY READINGS'!D22-'DAILY READINGS'!D21)+('DAILY READINGS'!E22-'DAILY READINGS'!E21)>0,('DAILY READINGS'!D22-'DAILY READINGS'!D21)+('DAILY READINGS'!E22-'DAILY READINGS'!E21),0) -> 118 | H17: 0.69 | I17: =IF(('DAILY READINGS'!F22-'DAILY READINGS'!F21)+('DAILY READINGS'!G22-'DAILY READINGS'!G21)+('DAILY READINGS'!H22-'DAILY READINGS'!H21)+('DAILY READINGS'!I22-'DAILY READINGS'!I21)+('DAILY READINGS'!J22-'DAILY READINGS'!J21)>0,('DAILY READINGS'!F22-'DAILY READINGS'!F21)+('DAILY READINGS'!G22-'DAILY READINGS'!G21)+('DAILY READINGS'!H22-'DAILY READINGS'!H21)+('DAILY READINGS'!I22-'DAILY READINGS'!I21)+('DAILY READINGS'!J22-'DAILY READINGS'!J21),0) -> 5 | J17: 1.45
A18: Taormina | B18: =B17+1 -> 17 | C18: 11 | D18: 2021 | E18: =IF(('DAILY READINGS'!B23-'DAILY READINGS'!B22)>0,('DAILY READINGS'!B23-'DAILY READINGS'!B22),0) -> 2892 | F18: 0.19 | G18: =IF(('DAILY READINGS'!D23-'DAILY READINGS'!D22)+('DAILY READINGS'!E23-'DAILY READINGS'!E22)>0,('DAILY READINGS'!D23-'DAILY READINGS'!D22)+('DAILY READINGS'!E23-'DAILY READINGS'!E22),0) -> 122 | H18: 0.69 | I18: =IF(('DAILY READINGS'!F23-'DAILY READINGS'!F22)+('DAILY READINGS'!G23-'DAILY READINGS'!G22)+('DAILY READINGS'!H23-'DAILY READINGS'!H22)+('DAILY READINGS'!I23-'DAILY READINGS'!I22)+('DAILY READINGS'!J23-'DAILY READINGS'!J22)>0,('DAILY READINGS'!F23-'DAILY READINGS'!F22)+('DAILY READINGS'!G23-'DAILY READINGS'!G22)+('DAILY READINGS'!H23-'DAILY READINGS'!H22)+('DAILY READINGS'!I23-'DAILY READINGS'!I22)+('DAILY READINGS'!J23-'DAILY READINGS'!J22),0) -> 10 | J18: 1.45
A19: Taormina | B19: =B18+1 -> 18 | C19: 11 | D19: 2021 | E19: =IF(('DAILY READINGS'!B24-'DAILY READINGS'!B23)>0,('DAILY READINGS'!B24-'DAILY READINGS'!B23),0) -> 1738 | F19: 0.19 | G19: =IF(('DAILY READINGS'!D24-'DAILY READINGS'!D23)+('DAILY READINGS'!E24-'DAILY READINGS'!E23)>0,('DAILY READINGS'!D24-'DAILY READINGS'!D23)+('DAILY READINGS'!E24-'DAILY READINGS'!E23),0) -> 87 | H19: 0.69 | I19: =IF(('DAILY READINGS'!F24-'DAILY READINGS'!F23)+('DAILY READINGS'!G24-'DAILY READINGS'!G23)+('DAILY READINGS'!H24-'DAILY READINGS'!H23)+('DAILY READINGS'!I24-'DAILY READINGS'!I23)+('DAILY READINGS'!J24-'DAILY READINGS'!J23)>0,('DAILY READINGS'!F24-'DAILY READINGS'!F23)+('DAILY READINGS'!G24-'DAILY READINGS'!G23)+('DAILY READINGS'!H24-'DAILY READINGS'!H23)+('DAILY READINGS'!I24-'DAILY READINGS'!I23)+('DAILY READINGS'!J24-'DAILY READINGS'!J23),0) -> 4 | J19: 1.45
A20: Taormina | B20: =B19+1 -> 19 | C20: 11 | D20: 2021 | E20: =IF(('DAILY READINGS'!B25-'DAILY READINGS'!B24)>0,('DAILY READINGS'!B25-'DAILY READINGS'!B24),0) -> 2122 | F20: 0.19 | G20: =IF(('DAILY READINGS'!D25-'DAILY READINGS'!D24)+('DAILY READINGS'!E25-'DAILY READINGS'!E24)>0,('DAILY READINGS'!D25-'DAILY READINGS'!D24)+('DAILY READINGS'!E25-'DAILY READINGS'!E24),0) -> 98 | H20: 0.69 | I20: =IF(('DAILY READINGS'!F25-'DAILY READINGS'!F24)+('DAILY READINGS'!G25-'DAILY READINGS'!G24)+('DAILY READINGS'!H25-'DAILY READINGS'!H24)+('DAILY READINGS'!I25-'DAILY READINGS'!I24)+('DAILY READINGS'!J25-'DAILY READINGS'!J24)>0,('DAILY READINGS'!F25-'DAILY READINGS'!F24)+('DAILY READINGS'!G25-'DAILY READINGS'!G24)+('DAILY READINGS'!H25-'DAILY READINGS'!H24)+('DAILY READINGS'!I25-'DAILY READINGS'!I24)+('DAILY READINGS'!J25-'DAILY READINGS'!J24),0) -> 7 | J20: 1.45
A21: Taormina | B21: =B20+1 -> 20 | C21: 11 | D21: 2021 | E21: =IF(('DAILY READINGS'!B26-'DAILY READINGS'!B25)>0,('DAILY READINGS'!B26-'DAILY READINGS'!B25),0) -> 0 | F21: 0.19 | G21: =IF(('DAILY READINGS'!D26-'DAILY READINGS'!D25)+('DAILY READINGS'!E26-'DAILY READINGS'!E25)>0,('DAILY READINGS'!D26-'DAILY READINGS'!D25)+('DAILY READINGS'!E26-'DAILY READINGS'!E25),0) -> 0 | H21: 0.69 | I21: =IF(('DAILY READINGS'!F26-'DAILY READINGS'!F25)+('DAILY READINGS'!G26-'DAILY READINGS'!G25)+('DAILY READINGS'!H26-'DAILY READINGS'!H25)+('DAILY READINGS'!I26-'DAILY READINGS'!I25)+('DAILY READINGS'!J26-'DAILY READINGS'!J25)>0,('DAILY READINGS'!F26-'DAILY READINGS'!F25)+('DAILY READINGS'!G26-'DAILY READINGS'!G25)+('DAILY READINGS'!H26-'DAILY READINGS'!H25)+('DAILY READINGS'!I26-'DAILY READINGS'!I25)+('DAILY READINGS'!J26-'DAILY READINGS'!J25),0) -> 0 | J21: 1.45
A22: Taormina | B22: =B21+1 -> 21 | C22: 11 | D22: 2021 | E22: =IF(('DAILY READINGS'!B27-'DAILY READINGS'!B26)>0,('DAILY READINGS'!B27-'DAILY READINGS'!B26),0) -> 0 | F22: 0.19 | G22: =IF(('DAILY READINGS'!D27-'DAILY READINGS'!D26)+('DAILY READINGS'!E27-'DAILY READINGS'!E26)>0,('DAILY READINGS'!D27-'DAILY READINGS'!D26)+('DAILY READINGS'!E27-'DAILY READINGS'!E26),0) -> 0 | H22: 0.69 | I22: =IF(('DAILY READINGS'!F27-'DAILY READINGS'!F26)+('DAILY READINGS'!G27-'DAILY READINGS'!G26)+('DAILY READINGS'!H27-'DAILY READINGS'!H26)+('DAILY READINGS'!I27-'DAILY READINGS'!I26)+('DAILY READINGS'!J27-'DAILY READINGS'!J26)>0,('DAILY READINGS'!F27-'DAILY READINGS'!F26)+('DAILY READINGS'!G27-'DAILY READINGS'!G26)+('DAILY READINGS'!H27-'DAILY READINGS'!H26)+('DAILY READINGS'!I27-'DAILY READINGS'!I26)+('DAILY READINGS'!J27-'DAILY READINGS'!J26),0) -> 0 | J22: 1.45
... A31: Taormina | B31: =B30+1 -> 30 | C31: 11 | D31: 2021 | E31: =IF(('DAILY READINGS'!B36-'DAILY READINGS'!B35)>0,('DAILY READINGS'!B36-'DAILY READINGS'!B35),0) -> 2510 | F31: 0.19 | G31: =IF(('DAILY READINGS'!D36-'DAILY READINGS'!D35)+('DAILY READINGS'!E36-'DAILY READINGS'!E35)>0,('DAILY READINGS'!D36-'DAILY READINGS'!D35)+('DAILY READINGS'!E36-'DAILY READINGS'!E35),0) -> 91 | H31: 0.69 | I31: =IF(('DAILY READINGS'!F36-'DAILY READINGS'!F35)+('DAILY READINGS'!G36-'DAILY READINGS'!G35)+('DAILY READINGS'!H36-'DAILY READINGS'!H35)+('DAILY READINGS'!I36-'DAILY READINGS'!I35)+('DAILY READINGS'!J36-'DAILY READINGS'!J35)>0,('DAILY READINGS'!F36-'DAILY READINGS'!F35)+('DAILY READINGS'!G36-'DAILY READINGS'!G35)+('DAILY READINGS'!H36-'DAILY READINGS'!H35)+('DAILY READINGS'!I36-'DAILY READINGS'!I35)+('DAILY READINGS'!J36-'DAILY READINGS'!J35),0) -> 2 | J31: 1.45

Sheet Submetering 
A1: Site Name | B1: Day | C1: Month | D1: Year | E1: Electricity Meter | F1: GAS GH 37051570 (outside staff entrance) | G1: GAS CV 37051541 (outside CV via Roma) | H1: WATER 1 5982123 (end of Via Bonifacio) | I1: WATER 2 28301903 ( via Bonifacio- Staff Entrance ) | J1: WATER 3 0873-148 ( Top Kitchen entrance) | K1: WATER 4 0873-149 downstairs kitchen entrance | L1: WATER 5 283003-03 (Outside ANCIOVI)
A2: Taormina | B2: 1 | C2: 11 | D2: 2021 | E2: =IF(('DAILY READINGS'!B7-'DAILY READINGS'!B6)>0,('DAILY READINGS'!B7-'DAILY READINGS'!B6),0) -> 2138 | F2: =IF(('DAILY READINGS'!D7-'DAILY READINGS'!D6)>0,('DAILY READINGS'!D7-'DAILY READINGS'!D6),0) -> 36 | G2: =IF(('DAILY READINGS'!E7-'DAILY READINGS'!E6)>0,('DAILY READINGS'!E7-'DAILY READINGS'!E6),0) -> 75 | H2: =IF(('DAILY READINGS'!F7-'DAILY READINGS'!F6)>0,('DAILY READINGS'!F7-'DAILY READINGS'!F6),0) -> 0 | I2: =IF(('DAILY READINGS'!G7-'DAILY READINGS'!G6)>0,('DAILY READINGS'!G7-'DAILY READINGS'!G6),0) -> 5 | J2: =IF(('DAILY READINGS'!H7-'DAILY READINGS'!H6)>0,('DAILY READINGS'!H7-'DAILY READINGS'!H6),0) -> 0 | K2: =IF(('DAILY READINGS'!I7-'DAILY READINGS'!I6)>0,('DAILY READINGS'!I7-'DAILY READINGS'!I6),0) -> 0 | L2: =IF(('DAILY READINGS'!J7-'DAILY READINGS'!J6)>0,('DAILY READINGS'!J7-'DAILY READINGS'!J6),0) -> 6
A3: Taormina | B3: =B2+1 -> 2 | C3: 11 | D3: 2021 | E3: =IF(('DAILY READINGS'!B8-'DAILY READINGS'!B7)>0,('DAILY READINGS'!B8-'DAILY READINGS'!B7),0) -> 3328 | F3: =IF(('DAILY READINGS'!D8-'DAILY READINGS'!D7)>0,('DAILY READINGS'!D8-'DAILY READINGS'!D7),0) -> 44 | G3: =IF(('DAILY READINGS'!E8-'DAILY READINGS'!E7)>0,('DAILY READINGS'!E8-'DAILY READINGS'!E7),0) -> 48 | H3: =IF(('DAILY READINGS'!F8-'DAILY READINGS'!F7)>0,('DAILY READINGS'!F8-'DAILY READINGS'!F7),0) -> 0 | I3: =IF(('DAILY READINGS'!G8-'DAILY READINGS'!G7)>0,('DAILY READINGS'!G8-'DAILY READINGS'!G7),0) -> 5 | J3: =IF(('DAILY READINGS'!H8-'DAILY READINGS'!H7)>0,('DAILY READINGS'!H8-'DAILY READINGS'!H7),0) -> 0 | K3: =IF(('DAILY READINGS'!I8-'DAILY READINGS'!I7)>0,('DAILY READINGS'!I8-'DAILY READINGS'!I7),0) -> 0 | L3: =IF(('DAILY READINGS'!J8-'DAILY READINGS'!J7)>0,('DAILY READINGS'!J8-'DAILY READINGS'!J7),0) -> 6
A4: Taormina | B4: =B3+1 -> 3 | C4: 11 | D4: 2021 | E4: =IF(('DAILY READINGS'!B9-'DAILY READINGS'!B8)>0,('DAILY READINGS'!B9-'DAILY READINGS'!B8),0) -> 2812 | F4: =IF(('DAILY READINGS'!D9-'DAILY READINGS'!D8)>0,('DAILY READINGS'!D9-'DAILY READINGS'!D8),0) -> 49 | G4: =IF(('DAILY READINGS'!E9-'DAILY READINGS'!E8)>0,('DAILY READINGS'!E9-'DAILY READINGS'!E8),0) -> 72 | H4: =IF(('DAILY READINGS'!F9-'DAILY READINGS'!F8)>0,('DAILY READINGS'!F9-'DAILY READINGS'!F8),0) -> 1 | I4: =IF(('DAILY READINGS'!G9-'DAILY READINGS'!G8)>0,('DAILY READINGS'!G9-'DAILY READINGS'!G8),0) -> 9 | J4: =IF(('DAILY READINGS'!H9-'DAILY READINGS'!H8)>0,('DAILY READINGS'!H9-'DAILY READINGS'!H8),0) -> 0 | K4: =IF(('DAILY READINGS'!I9-'DAILY READINGS'!I8)>0,('DAILY READINGS'!I9-'DAILY READINGS'!I8),0) -> 0 | L4: =IF(('DAILY READINGS'!J9-'DAILY READINGS'!J8)>0,('DAILY READINGS'!J9-'DAILY READINGS'!J8),0) -> 6
A5: Taormina | B5: =B4+1 -> 4 | C5: 11 | D5: 2021 | E5: =IF(('DAILY READINGS'!B10-'DAILY READINGS'!B9)>0,('DAILY READINGS'!B10-'DAILY READINGS'!B9),0) -> 2936 | F5: =IF(('DAILY READINGS'!D10-'DAILY READINGS'!D9)>0,('DAILY READINGS'!D10-'DAILY READINGS'!D9),0) -> 46 | G5: =IF(('DAILY READINGS'!E10-'DAILY READINGS'!E9)>0,('DAILY READINGS'!E10-'DAILY READINGS'!E9),0) -> 70 | H5: =IF(('DAILY READINGS'!F10-'DAILY READINGS'!F9)>0,('DAILY READINGS'!F10-'DAILY READINGS'!F9),0) -> 1 | I5: =IF(('DAILY READINGS'!G10-'DAILY READINGS'!G9)>0,('DAILY READINGS'!G10-'DAILY READINGS'!G9),0) -> 7 | J5: =IF(('DAILY READINGS'!H10-'DAILY READINGS'!H9)>0,('DAILY READINGS'!H10-'DAILY READINGS'!H9),0) -> 0 | K5: =IF(('DAILY READINGS'!I10-'DAILY READINGS'!I9)>0,('DAILY READINGS'!I10-'DAILY READINGS'!I9),0) -> 0 | L5: =IF(('DAILY READINGS'!J10-'DAILY READINGS'!J9)>0,('DAILY READINGS'!J10-'DAILY READINGS'!J9),0) -> 6
A6: Taormina | B6: =B5+1 -> 5 | C6: 11 | D6: 2021 | E6: =IF(('DAILY READINGS'!B11-'DAILY READINGS'!B10)>0,('DAILY READINGS'!B11-'DAILY READINGS'!B10),0) -> 3728 | F6: =IF(('DAILY READINGS'!D11-'DAILY READINGS'!D10)>0,('DAILY READINGS'!D11-'DAILY READINGS'!D10),0) -> 75 | G6: =IF(('DAILY READINGS'!E11-'DAILY READINGS'!E10)>0,('DAILY READINGS'!E11-'DAILY READINGS'!E10),0) -> 97 | H6: =IF(('DAILY READINGS'!F11-'DAILY READINGS'!F10)>0,('DAILY READINGS'!F11-'DAILY READINGS'!F10),0) -> 1 | I6: =IF(('DAILY READINGS'!G11-'DAILY READINGS'!G10)>0,('DAILY READINGS'!G11-'DAILY READINGS'!G10),0) -> 10 | J6: =IF(('DAILY READINGS'!H11-'DAILY READINGS'!H10)>0,('DAILY READINGS'!H11-'DAILY READINGS'!H10),0) -> 0 | K6: =IF(('DAILY READINGS'!I11-'DAILY READINGS'!I10)>0,('DAILY READINGS'!I11-'DAILY READINGS'!I10),0) -> 0 | L6: =IF(('DAILY READINGS'!J11-'DAILY READINGS'!J10)>0,('DAILY READINGS'!J11-'DAILY READINGS'!J10),0) -> 8
A7: Taormina | B7: =B6+1 -> 6 | C7: 11 | D7: 2021 | E7: =IF(('DAILY READINGS'!B12-'DAILY READINGS'!B11)>0,('DAILY READINGS'!B12-'DAILY READINGS'!B11),0) -> 2004 | F7: =IF(('DAILY READINGS'!D12-'DAILY READINGS'!D11)>0,('DAILY READINGS'!D12-'DAILY READINGS'!D11),0) -> 33 | G7: =IF(('DAILY READINGS'!E12-'DAILY READINGS'!E11)>0,('DAILY READINGS'!E12-'DAILY READINGS'!E11),0) -> 36 | H7: =IF(('DAILY READINGS'!F12-'DAILY READINGS'!F11)>0,('DAILY READINGS'!F12-'DAILY READINGS'!F11),0) -> 1 | I7: =IF(('DAILY READINGS'!G12-'DAILY READINGS'!G11)>0,('DAILY READINGS'!G12-'DAILY READINGS'!G11),0) -> 4 | J7: =IF(('DAILY READINGS'!H12-'DAILY READINGS'!H11)>0,('DAILY READINGS'!H12-'DAILY READINGS'!H11),0) -> 0 | K7: =IF(('DAILY READINGS'!I12-'DAILY READINGS'!I11)>0,('DAILY READINGS'!I12-'DAILY READINGS'!I11),0) -> 0 | L7: =IF(('DAILY READINGS'!J12-'DAILY READINGS'!J11)>0,('DAILY READINGS'!J12-'DAILY READINGS'!J11),0) -> 4
A8: Taormina | B8: =B7+1 -> 7 | C8: 11 | D8: 2021 | E8: =IF(('DAILY READINGS'!B13-'DAILY READINGS'!B12)>0,('DAILY READINGS'!B13-'DAILY READINGS'!B12),0) -> 0 | F8: =IF(('DAILY READINGS'!D13-'DAILY READINGS'!D12)>0,('DAILY READINGS'!D13-'DAILY READINGS'!D12),0) -> 0 | G8: =IF(('DAILY READINGS'!E14-'DAILY READINGS'!E12)>0,('DAILY READINGS'!E14-'DAILY READINGS'!E12),0) -> 112 | H8: =IF(('DAILY READINGS'!F13-'DAILY READINGS'!F12)>0,('DAILY READINGS'!F13-'DAILY READINGS'!F12),0) -> 0 | I8: =IF(('DAILY READINGS'!G13-'DAILY READINGS'!G12)>0,('DAILY READINGS'!G13-'DAILY READINGS'!G12),0) -> 0 | J8: =IF(('DAILY READINGS'!H14-'DAILY READINGS'!H12)>0,('DAILY READINGS'!H14-'DAILY READINGS'!H12),0) -> 0 | K8: =IF(('DAILY READINGS'!I14-'DAILY READINGS'!I12)>0,('DAILY READINGS'!I14-'DAILY READINGS'!I12),0) -> 0 | L8: =IF(('DAILY READINGS'!J13-'DAILY READINGS'!J12)>0,('DAILY READINGS'!J13-'DAILY READINGS'!J12),0) -> 0
A9: Taormina | B9: =B8+1 -> 8 | C9: 11 | D9: 2021 | E9: =IF(('DAILY READINGS'!B14-'DAILY READINGS'!B13)>0,('DAILY READINGS'!B14-'DAILY READINGS'!B13),0) -> 5224 | F9: =IF(('DAILY READINGS'!D14-'DAILY READINGS'!D13)>0,('DAILY READINGS'!D14-'DAILY READINGS'!D13),0) -> 79 | G9: =IF(('DAILY READINGS'!E16-'DAILY READINGS'!E15)>0,('DAILY READINGS'!E16-'DAILY READINGS'!E15),0) -> 60 | H9: =IF(('DAILY READINGS'!F14-'DAILY READINGS'!F13)>0,('DAILY READINGS'!F14-'DAILY READINGS'!F13),0) -> 1 | I9: =IF(('DAILY READINGS'!G14-'DAILY READINGS'!G13)>0,('DAILY READINGS'!G14-'DAILY READINGS'!G13),0) -> 7 | J9: =IF(('DAILY READINGS'!H15-'DAILY READINGS'!H13)>0,('DAILY READINGS'!H15-'DAILY READINGS'!H13),0) -> 0 | K9: =IF(('DAILY READINGS'!I15-'DAILY READINGS'!I13)>0,('DAILY READINGS'!I15-'DAILY READINGS'!I13),0) -> 1 | L9: =IF(('DAILY READINGS'!J14-'DAILY READINGS'!J13)>0,('DAILY READINGS'!J14-'DAILY READINGS'!J13),0) -> 3
A10: Taormina | B10: =B9+1 -> 9 | C10: 11 | D10: 2021 | E10: =IF(('DAILY READINGS'!B15-'DAILY READINGS'!B14)>0,('DAILY READINGS'!B15-'DAILY READINGS'!B14),0) -> 2588 | F10: =IF(('DAILY READINGS'!D15-'DAILY READINGS'!D14)>0,('DAILY READINGS'!D15-'DAILY READINGS'!D14),0) -> 42 | G10: =IF(('DAILY READINGS'!E15-'DAILY READINGS'!E14)>0,('DAILY READINGS'!E15-'DAILY READINGS'!E14),0) -> 63 | H10: =IF(('DAILY READINGS'!F15-'DAILY READINGS'!F14)>0,('DAILY READINGS'!F15-'DAILY READINGS'!F14),0) -> 1 | I10: =IF(('DAILY READINGS'!G15-'DAILY READINGS'!G14)>0,('DAILY READINGS'!G15-'DAILY READINGS'!G14),0) -> 5 | J10: =IF(('DAILY READINGS'!H16-'DAILY READINGS'!H14)>0,('DAILY READINGS'!H16-'DAILY READINGS'!H14),0) -> 0 | K10: =IF(('DAILY READINGS'!I16-'DAILY READINGS'!I14)>0,('DAILY READINGS'!I16-'DAILY READINGS'!I14),0) -> 1 | L10: =IF(('DAILY READINGS'!J15-'DAILY READINGS'!J14)>0,('DAILY READINGS'!J15-'DAILY READINGS'!J14),0) -> 11
A11: Taormina | B11: =B10+1 -> 10 | C11: 11 | D11: 2021 | E11: =IF(('DAILY READINGS'!B16-'DAILY READINGS'!B15)>0,('DAILY READINGS'!B16-'DAILY READINGS'!B15),0) -> 2742 | F11: =IF(('DAILY READINGS'!D16-'DAILY READINGS'!D15)>0,('DAILY READINGS'!D16-'DAILY READINGS'!D15),0) -> 41 | G11: =IF(('DAILY READINGS'!E16-'DAILY READINGS'!E15)>0,('DAILY READINGS'!E16-'DAILY READINGS'!E15),0) -> 60 | H11: =IF(('DAILY READINGS'!F16-'DAILY READINGS'!F15)>0,('DAILY READINGS'!F16-'DAILY READINGS'!F15),0) -> 1 | I11: =IF(('DAILY READINGS'!G16-'DAILY READINGS'!G15)>0,('DAILY READINGS'!G16-'DAILY READINGS'!G15),0) -> 4 | J11: =IF(('DAILY READINGS'!H16-'DAILY READINGS'!H15)>0,('DAILY READINGS'!H16-'DAILY READINGS'!H15),0) -> 0 | K11: =IF(('DAILY READINGS'!I16-'DAILY READINGS'!I15)>0,('DAILY READINGS'!I16-'DAILY READINGS'!I15),0) -> 0 | L11: =IF(('DAILY READINGS'!J16-'DAILY READINGS'!J15)>0,('DAILY READINGS'!J16-'DAILY READINGS'!J15),0) -> 6
A12: Taormina | B12: =B11+1 -> 11 | C12: 11 | D12: 2021 | E12: =IF(('DAILY READINGS'!B17-'DAILY READINGS'!B16)>0,('DAILY READINGS'!B17-'DAILY READINGS'!B16),0) -> 2606 | F12: =IF(('DAILY READINGS'!D17-'DAILY READINGS'!D16)>0,('DAILY READINGS'!D17-'DAILY READINGS'!D16),0) -> 41 | G12: =IF(('DAILY READINGS'!E17-'DAILY READINGS'!E16)>0,('DAILY READINGS'!E17-'DAILY READINGS'!E16),0) -> 64 | H12: =IF(('DAILY READINGS'!F17-'DAILY READINGS'!F16)>0,('DAILY READINGS'!F17-'DAILY READINGS'!F16),0) -> 1 | I12: =IF(('DAILY READINGS'!G17-'DAILY READINGS'!G16)>0,('DAILY READINGS'!G17-'DAILY READINGS'!G16),0) -> 4 | J12: =IF(('DAILY READINGS'!H17-'DAILY READINGS'!H16)>0,('DAILY READINGS'!H17-'DAILY READINGS'!H16),0) -> 0 | K12: =IF(('DAILY READINGS'!I17-'DAILY READINGS'!I16)>0,('DAILY READINGS'!I17-'DAILY READINGS'!I16),0) -> 0 | L12: =IF(('DAILY READINGS'!J17-'DAILY READINGS'!J16)>0,('DAILY READINGS'!J17-'DAILY READINGS'!J16),0) -> 5
A13: Taormina | B13: =B12+1 -> 12 | C13: 11 | D13: 2021 | E13: =IF(('DAILY READINGS'!B18-'DAILY READINGS'!B17)>0,('DAILY READINGS'!B18-'DAILY READINGS'!B17),0) -> 2558 | F13: =IF(('DAILY READINGS'!D18-'DAILY READINGS'!D17)>0,('DAILY READINGS'!D18-'DAILY READINGS'!D17),0) -> 38 | G13: =IF(('DAILY READINGS'!E18-'DAILY READINGS'!E17)>0,('DAILY READINGS'!E18-'DAILY READINGS'!E17),0) -> 65 | H13: =IF(('DAILY READINGS'!F18-'DAILY READINGS'!F17)>0,('DAILY READINGS'!F18-'DAILY READINGS'!F17),0) -> 1 | I13: =IF(('DAILY READINGS'!G18-'DAILY READINGS'!G17)>0,('DAILY READINGS'!G18-'DAILY READINGS'!G17),0) -> 4 | J13: =IF(('DAILY READINGS'!H18-'DAILY READINGS'!H17)>0,('DAILY READINGS'!H18-'DAILY READINGS'!H17),0) -> 0 | K13: =IF(('DAILY READINGS'!I18-'DAILY READINGS'!I17)>0,('DAILY READINGS'!I18-'DAILY READINGS'!I17),0) -> 0 | L13: =IF(('DAILY READINGS'!J18-'DAILY READINGS'!J17)>0,('DAILY READINGS'!J18-'DAILY READINGS'!J17),0) -> 6
A14: Taormina | B14: =B13+1 -> 13 | C14: 11 | D14: 2021 | E14: =IF(('DAILY READINGS'!B19-'DAILY READINGS'!B18)>0,('DAILY READINGS'!B19-'DAILY READINGS'!B18),0) -> 0 | F14: =IF(('DAILY READINGS'!D19-'DAILY READINGS'!D18)>0,('DAILY READINGS'!D19-'DAILY READINGS'!D18),0) -> 0 | G14: =IF(('DAILY READINGS'!E19-'DAILY READINGS'!E18)>0,('DAILY READINGS'!E19-'DAILY READINGS'!E18),0) -> 0 | H14: =IF(('DAILY READINGS'!F19-'DAILY READINGS'!F18)>0,('DAILY READINGS'!F19-'DAILY READINGS'!F18),0) -> 0 | I14: =IF(('DAILY READINGS'!G19-'DAILY READINGS'!G18)>0,('DAILY READINGS'!G19-'DAILY READINGS'!G18),0) -> 0 | J14: =IF(('DAILY READINGS'!H19-'DAILY READINGS'!H18)>0,('DAILY READINGS'!H19-'DAILY READINGS'!H18),0) -> 0 | K14: =IF(('DAILY READINGS'!I19-'DAILY READINGS'!I18)>0,('DAILY READINGS'!I19-'DAILY READINGS'!I18),0) -> 0 | L14: =IF(('DAILY READINGS'!J19-'DAILY READINGS'!J18)>0,('DAILY READINGS'!J19-'DAILY READINGS'!J18),0) -> 0
A15: Taormina | B15: =B14+1 -> 14 | C15: 11 | D15: 2021 | E15: =IF(('DAILY READINGS'!B20-'DAILY READINGS'!B19)>0,('DAILY READINGS'!B20-'DAILY READINGS'!B19),0) -> 0 | F15: =IF(('DAILY READINGS'!D20-'DAILY READINGS'!D19)>0,('DAILY READINGS'!D20-'DAILY READINGS'!D19),0) -> 0 | G15: =IF(('DAILY READINGS'!E20-'DAILY READINGS'!E19)>0,('DAILY READINGS'!E20-'DAILY READINGS'!E19),0) -> 0 | H15: =IF(('DAILY READINGS'!F20-'DAILY READINGS'!F19)>0,('DAILY READINGS'!F20-'DAILY READINGS'!F19),0) -> 0 | I15: =IF(('DAILY READINGS'!G20-'DAILY READINGS'!G19)>0,('DAILY READINGS'!G20-'DAILY READINGS'!G19),0) -> 0 | J15: =IF(('DAILY READINGS'!H20-'DAILY READINGS'!H19)>0,('DAILY READINGS'!H20-'DAILY READINGS'!H19),0) -> 0 | K15: =IF(('DAILY READINGS'!I20-'DAILY READINGS'!I19)>0,('DAILY READINGS'!I20-'DAILY READINGS'!I19),0) -> 0 | L15: =IF(('DAILY READINGS'!J20-'DAILY READINGS'!J19)>0,('DAILY READINGS'!J20-'DAILY READINGS'!J19),0) -> 0
A16: Taormina | B16: =B15+1 -> 15 | C16: 11 | D16: 2021 | E16: =IF(('DAILY READINGS'!B21-'DAILY READINGS'!B20)>0,('DAILY READINGS'!B21-'DAILY READINGS'!B20),0) -> 0 | F16: =IF(('DAILY READINGS'!D21-'DAILY READINGS'!D20)>0,('DAILY READINGS'!D21-'DAILY READINGS'!D20),0) -> 115 | G16: =IF(('DAILY READINGS'!E21-'DAILY READINGS'!E20)>0,('DAILY READINGS'!E21-'DAILY READINGS'!E20),0) -> 184 | H16: =IF(('DAILY READINGS'!F21-'DAILY READINGS'!F20)>0,('DAILY READINGS'!F21-'DAILY READINGS'!F20),0) -> 2 | I16: =IF(('DAILY READINGS'!G21-'DAILY READINGS'!G20)>0,('DAILY READINGS'!G21-'DAILY READINGS'!G20),0) -> 8 | J16: =IF(('DAILY READINGS'!H21-'DAILY READINGS'!H20)>0,('DAILY READINGS'!H21-'DAILY READINGS'!H20),0) -> 0 | K16: =IF(('DAILY READINGS'!I21-'DAILY READINGS'!I20)>0,('DAILY READINGS'!I21-'DAILY READINGS'!I20),0) -> 0 | L16: =IF(('DAILY READINGS'!J21-'DAILY READINGS'!J20)>0,('DAILY READINGS'!J21-'DAILY READINGS'!J20),0) -> 9
A17: Taormina | B17: =B16+1 -> 16 | C17: 11 | D17: 2021 | E17: =IF(('DAILY READINGS'!B22-'DAILY READINGS'!B21)>0,('DAILY READINGS'!B22-'DAILY READINGS'!B21),0) -> 10170 | F17: =IF(('DAILY READINGS'!D22-'DAILY READINGS'!D21)>0,('DAILY READINGS'!D22-'DAILY READINGS'!D21),0) -> 50 | G17: =IF(('DAILY READINGS'!E22-'DAILY READINGS'!E21)>0,('DAILY READINGS'!E22-'DAILY READINGS'!E21),0) -> 68 | H17: =IF(('DAILY READINGS'!F22-'DAILY READINGS'!F21)>0,('DAILY READINGS'!F22-'DAILY READINGS'!F21),0) -> 1 | I17: =IF(('DAILY READINGS'!G22-'DAILY READINGS'!G21)>0,('DAILY READINGS'!G22-'DAILY READINGS'!G21),0) -> 3 | J17: =IF(('DAILY READINGS'!H22-'DAILY READINGS'!H21)>0,('DAILY READINGS'!H22-'DAILY READINGS'!H21),0) -> 0 | K17: =IF(('DAILY READINGS'!I22-'DAILY READINGS'!I21)>0,('DAILY READINGS'!I22-'DAILY READINGS'!I21),0) -> 0 | L17: =IF(('DAILY READINGS'!J22-'DAILY READINGS'!J21)>0,('DAILY READINGS'!J22-'DAILY READINGS'!J21),0) -> 1
A18: Taormina | B18: =B17+1 -> 17 | C18: 11 | D18: 2021 | E18: =IF(('DAILY READINGS'!B23-'DAILY READINGS'!B22)>0,('DAILY READINGS'!B23-'DAILY READINGS'!B22),0) -> 2892 | F18: =IF(('DAILY READINGS'!D23-'DAILY READINGS'!D22)>0,('DAILY READINGS'!D23-'DAILY READINGS'!D22),0) -> 49 | G18: =IF(('DAILY READINGS'!E23-'DAILY READINGS'!E22)>0,('DAILY READINGS'!E23-'DAILY READINGS'!E22),0) -> 73 | H18: =IF(('DAILY READINGS'!F23-'DAILY READINGS'!F22)>0,('DAILY READINGS'!F23-'DAILY READINGS'!F22),0) -> 1 | I18: =IF(('DAILY READINGS'!G23-'DAILY READINGS'!G22)>0,('DAILY READINGS'!G23-'DAILY READINGS'!G22),0) -> 4 | J18: =IF(('DAILY READINGS'!H23-'DAILY READINGS'!H22)>0,('DAILY READINGS'!H23-'DAILY READINGS'!H22),0) -> 0 | K18: =IF(('DAILY READINGS'!I23-'DAILY READINGS'!I22)>0,('DAILY READINGS'!I23-'DAILY READINGS'!I22),0) -> 0 | L18: =IF(('DAILY READINGS'!J23-'DAILY READINGS'!J22)>0,('DAILY READINGS'!J23-'DAILY READINGS'!J22),0) -> 5
A19: Taormina | B19: =B18+1 -> 18 | C19: 11 | D19: 2021 | E19: =IF(('DAILY READINGS'!B24-'DAILY READINGS'!B23)>0,('DAILY READINGS'!B24-'DAILY READINGS'!B23),0) -> 1738 | F19: =IF(('DAILY READINGS'!D24-'DAILY READINGS'!D23)>0,('DAILY READINGS'!D24-'DAILY READINGS'!D23),0) -> 35 | G19: =IF(('DAILY READINGS'!E24-'DAILY READINGS'!E23)>0,('DAILY READINGS'!E24-'DAILY READINGS'!E23),0) -> 52 | H19: =IF(('DAILY READINGS'!F24-'DAILY READINGS'!F23)>0,('DAILY READINGS'!F24-'DAILY READINGS'!F23),0) -> 1 | I19: =IF(('DAILY READINGS'!G24-'DAILY READINGS'!G23)>0,('DAILY READINGS'!G24-'DAILY READINGS'!G23),0) -> 1 | J19: =IF(('DAILY READINGS'!H24-'DAILY READINGS'!H23)>0,('DAILY READINGS'!H24-'DAILY READINGS'!H23),0) -> 0 | K19: =IF(('DAILY READINGS'!I24-'DAILY READINGS'!I23)>0,('DAILY READINGS'!I24-'DAILY READINGS'!I23),0) -> 0 | L19: =IF(('DAILY READINGS'!J24-'DAILY READINGS'!J23)>0,('DAILY READINGS'!J24-'DAILY READINGS'!J23),0) -> 2
A20: Taormina | B20: =B19+1 -> 19 | C20: 11 | D20: 2021 | E20: =IF(('DAILY READINGS'!B25-'DAILY READINGS'!B24)>0,('DAILY READINGS'!B25-'DAILY READINGS'!B24),0) -> 2122 | F20: =IF(('DAILY READINGS'!D25-'DAILY READINGS'!D24)>0,('DAILY READINGS'!D25-'DAILY READINGS'!D24),0) -> 41 | G20: =IF(('DAILY READINGS'!E25-'DAILY READINGS'!E24)>0,('DAILY READINGS'!E25-'DAILY READINGS'!E24),0) -> 57 | H20: =IF(('DAILY READINGS'!F25-'DAILY READINGS'!F24)>0,('DAILY READINGS'!F25-'DAILY READINGS'!F24),0) -> 1 | I20: =IF(('DAILY READINGS'!G25-'DAILY READINGS'!G24)>0,('DAILY READINGS'!G25-'DAILY READINGS'!G24),0) -> 3 | J20: =IF(('DAILY READINGS'!H25-'DAILY READINGS'!H24)>0,('DAILY READINGS'!H25-'DAILY READINGS'!H24),0) -> 0 | K20: =IF(('DAILY READINGS'!I25-'DAILY READINGS'!I24)>0,('DAILY READINGS'!I25-'DAILY READINGS'!I24),0) -> 0 | L20: =IF(('DAILY READINGS'!J25-'DAILY READINGS'!J24)>0,('DAILY READINGS'!J25-'DAILY READINGS'!J24),0) -> 3
A21: Taormina | B21: =B20+1 -> 20 | C21: 11 | D21: 2021 | E21: =IF(('DAILY READINGS'!B26-'DAILY READINGS'!B25)>0,('DAILY READINGS'!B26-'DAILY READINGS'!B25),0) -> 0 | F21: =IF(('DAILY READINGS'!D26-'DAILY READINGS'!D25)>0,('DAILY READINGS'!D26-'DAILY READINGS'!D25),0) -> 0 | G21: =IF(('DAILY READINGS'!E26-'DAILY READINGS'!E25)>0,('DAILY READINGS'!E26-'DAILY READINGS'!E25),0) -> 0 | H21: =IF(('DAILY READINGS'!F26-'DAILY READINGS'!F25)>0,('DAILY READINGS'!F26-'DAILY READINGS'!F25),0) -> 0 | I21: =IF(('DAILY READINGS'!G26-'DAILY READINGS'!G25)>0,('DAILY READINGS'!G26-'DAILY READINGS'!G25),0) -> 0 | J21: =IF(('DAILY READINGS'!H26-'DAILY READINGS'!H25)>0,('DAILY READINGS'!H26-'DAILY READINGS'!H25),0) -> 0 | K21: =IF(('DAILY READINGS'!I26-'DAILY READINGS'!I25)>0,('DAILY READINGS'!I26-'DAILY READINGS'!I25),0) -> 0 | L21: =IF(('DAILY READINGS'!J26-'DAILY READINGS'!J25)>0,('DAILY READINGS'!J26-'DAILY READINGS'!J25),0) -> 0
A22: Taormina | B22: =B21+1 -> 21 | C22: 11 | D22: 2021 | E22: =IF(('DAILY READINGS'!B27-'DAILY READINGS'!B26)>0,('DAILY READINGS'!B27-'DAILY READINGS'!B26),0) -> 0 | F22: =IF(('DAILY READINGS'!D27-'DAILY READINGS'!D26)>0,('DAILY READINGS'!D27-'DAILY READINGS'!D26),0) -> 0 | G22: =IF(('DAILY READINGS'!E27-'DAILY READINGS'!E26)>0,('DAILY READINGS'!E27-'DAILY READINGS'!E26),0) -> 0 | H22: =IF(('DAILY READINGS'!F27-'DAILY READINGS'!F26)>0,('DAILY READINGS'!F27-'DAILY READINGS'!F26),0) -> 0 | I22: =IF(('DAILY READINGS'!G27-'DAILY READINGS'!G26)>0,('DAILY READINGS'!G27-'DAILY READINGS'!G26),0) -> 0 | J22: =IF(('DAILY READINGS'!H27-'DAILY READINGS'!H26)>0,('DAILY READINGS'!H27-'DAILY READINGS'!H26),0) -> 0 | K22: =IF(('DAILY READINGS'!I27-'DAILY READINGS'!I26)>0,('DAILY READINGS'!I27-'DAILY READINGS'!I26),0) -> 0 | L22: =IF(('DAILY READINGS'!J27-'DAILY READINGS'!J26)>0,('DAILY READINGS'!J27-'DAILY READINGS'!J26),0) -> 0
... A31: Taormina | B31: =B30+1 -> 30 | C31: 11 | D31: 2021 | E31: =IF(('DAILY READINGS'!B36-'DAILY READINGS'!B35)>0,('DAILY READINGS'!B36-'DAILY READINGS'!B35),0) -> 2510 | F31: =IF(('DAILY READINGS'!D36-'DAILY READINGS'!D35)>0,('DAILY READINGS'!D36-'DAILY READINGS'!D35),0) -> 25 | G31: =IF(('DAILY READINGS'!E36-'DAILY READINGS'!E35)>0,('DAILY READINGS'!E36-'DAILY READINGS'!E35),0) -> 66 | H31: =IF(('DAILY READINGS'!F36-'DAILY READINGS'!F35)>0,('DAILY READINGS'!F36-'DAILY READINGS'!F35),0) -> 1 | I31: =IF(('DAILY READINGS'!G36-'DAILY READINGS'!G35)>0,('DAILY READINGS'!G36-'DAILY READINGS'!G35),0) -> 0 | J31: =IF(('DAILY READINGS'!H36-'DAILY READINGS'!H35)>0,('DAILY READINGS'!H36-'DAILY READINGS'!H35),0) -> 0 | K31: =IF(('DAILY READINGS'!I36-'DAILY READINGS'!I35)>0,('DAILY READINGS'!I36-'DAILY READINGS'!I35),0) -> 0 | L31: =IF(('DAILY READINGS'!J36-'DAILY READINGS'!J35)>0,('DAILY READINGS'!J36-'DAILY READINGS'!J35),0) -> 1

Sheet DAILY READINGS
C1: Meter Readings San Domenico Palace Taormina
C3: MONTH: NOVEMBER
A5: DAY | B5: ELECTRICITY | D5: GAS GH 37051570 (outside staff entrance) | E5: GAS CV 37051541 (outside CV via Roma) | F5: WATER 1 11084(end of Via Bonifacio) BOSCO/19 | G5: WATER 2 11086 ( via Bonifacio- Staff Entrance )METERS/40 | H5: WATER 3 11085( Top Kitchen entrance) ICA/25 | I5: WATER 4 11087 (downstairs kitchen entrance) ICA/19 | J5: WATER 5 11088 (Outside ANCIOVI) BMETENS/40 | K5: Room Nights | L5: Total Guests
A6: 31 | B6: =(1298531*2) -> 2597062 | C6: 466392 | D6: 9616 | E6: 16067 | F6: 6569 | G6: 66718 | H6: 49451 | I6: 45031 | J6: 44968
A7: 1 | B7: =(1299600*2) -> 2599200 | C7: 466462 | D7: 9652 | E7: 16142 | F7: 6569 | G7: 66723 | H7: 49451 | I7: 45031 | J7: 44974 | K7: 0 | L7: 0
A8: 2 | B8: =2*1301264 -> 2602528 | C8: 466573 | D8: 9696 | E8: 16190 | F8: 6569 | G8: 66728 | H8: 49451 | I8: 45031 | J8: 44980 | K8: 0 | L8: 0
A9: 3 | B9: =2*1302670 -> 2605340 | C9: 466609 | D9: 9745 | E9: 16262 | F9: 6570 | G9: 66737 | H9: 49451 | I9: 45031 | J9: 44986 | K9: 0 | L9: 0
A10: 4 | B10: =(2*1304138) -> 2608276 | C10: 466660 | D10: 9791 | E10: 16332 | F10: 6571 | G10: 66744 | H10: 49451 | I10: 45031 | J10: 44992 | K10: 0 | L10: 0
A11: 5 | B11: =(1306002*2) -> 2612004 | C11: 466754 | D11: 9866 | E11: 16429 | F11: 6572 | G11: 66754 | H11: 49451 | I11: 45031 | J11: 45000 | K11: 0 | L11: 0
A12: 6 | B12: 2614008 | C12: 466789 | D12: 9899 | E12: 16465 | F12: 6573 | G12: 66758 | H12: 49451 | I12: 45031 | J12: 45004 | K12: 0 | L12: 0
A13: 7 | B13: 2614008 | C13: 466789 | D13: 9899 | E13: 16465 | F13: 6573 | G13: 66758 | H13: 49451 | I13: 45031 | J13: 45004 | K13: 0 | L13: 0
A14: 8 | B14: 2619232 | C14: 466963 | D14: 9978 | E14: 16577 | F14: 6574 | G14: 66765 | H14: 49451 | I14: 45031 | J14: 45007 | K14: 0 | L14: 0
A15: 9 | B15: 2621820 | C15: 467011 | D15: 10020 | E15: 16640 | F15: 6575 | G15: 66770 | H15: 49451 | I15: 45032 | J15: 45018 | K15: 0 | L15: 0
A16: 10 | B16: 2624562 | C16: 467057 | D16: 10061 | E16: 16700 | F16: 6576 | G16: 66774 | H16: 49451 | I16: 45032 | J16: 45024 | K16: 0 | L16: 0
A17: 11 | B17: 2627168 | C17: 467129 | D17: 10102 | E17: 16764 | F17: 6577 | G17: 66778 | H17: 49451 | I17: 45032 | J17: 45029 | K17: 0 | L17: 0
A18: 12 | B18: 2629726 | C18: 467176 | D18: 10140 | E18: 16829 | F18: 6578 | G18: 66782 | H18: 49451 | I18: 45032 | J18: 45035 | K18: 0 | L18: 0
A19: 13 | B19: 2629726 | C19: 467176 | D19: 10140 | E19: 16829 | F19: 6578 | G19: 66782 | H19: 49451 | I19: 45032 | J19: 45035 | K19: 0 | L19: 0
A20: 14 | B20: 2629726 | C20: 467176 | D20: 10140 | E20: 16829 | F20: 6578 | G20: 66782 | H20: 49451 | I20: 45032 | J20: 45035 | K20: 0 | L20: 0
A21: 15 | B21: 2629726 | C21: 467223 | D21: 10255 | E21: 17013 | F21: 6580 | G21: 66790 | H21: 49451 | I21: 45032 | J21: 45044 | K21: 0 | L21: 0
A22: 16 | B22: 2639896 | C22: 467278 | D22: 10305 | E22: 17081 | F22: 6581 | G22: 66793 | H22: 49451 | I22: 45032 | J22: 45045 | K22: 0 | L22: 0
A23: 17 | B23: 2642788 | C23: 467323 | D23: 10354 | E23: 17154 | F23: 6582 | G23: 66797 | H23: 49451 | I23: 45032 | J23: 45050 | K23: 0 | L23: 0
... A36: 30 | B36: 2668314 | C36: 468075 | D36: 10770 | E36: 17964 | F36: 6593 | G36: 66814 | H36: 49451 | I36: 45033 | J36: 45072 | K36: 0 | L36: 0
A37: SUB TOT | B37: =B36-B6 -> 71252 | C37: 468075 | D37: =D36-D6 -> 1154 | E37: =E36-E6 -> 1897 | F37: =F36-F6 -> 24 | G37: =G36-G6 -> 96 | H37: =H36-H6 -> 0 | I37: =I36-I6 -> 2 | J37: =J36-J6 -> 104 | K37: 0 | L37: 0
A38: TOT | B38: =B37 -> 71252 | D38: =SUM(D37:E37) -> 3051 | F38: =SUM(F37:J37) -> 226 | K38: =SUM(K7:K37) -> 0 | L38: =SUM(L7:L37) -> 0
