Workbook

Sheet Total Daily 
A1: Site Name | B1: Day | C1: Month | D1: Year | E1: Total Electricity Kwh | F1: Electricity Tariff ($/Kwh) | G1: LPG (Kg) | H1: LPG $/Kg | I1: District Energy Cooling Kwh | J1: District Energy Cooling $/Kwh | K1: Water Utility Supply (m3) m3 | L1: Water Utility Supply (m3) m3 | M1: Water Utility Supply (m3) $/m3 | N1: Room Nights
A2: Dubai DIFC | B2: 1 | C2: 12 | D2: 2021 | E2: ='12 - 2021'!B8-'12 - 2021'!B7+'12 - 2021'!C8-'12 - 2021'!C7 -> 9500 | F2: 0.118 | G2: ='12 - 2021'!D8-'12 - 2021'!D7+'12 - 2021'!E8-'12 - 2021'!E7 -> 17.98 | H2: 0.99 | I2: ='12 - 2021'!J8-'12 - 2021'!J7 -> 16979 | J2: 0.081 | K2: ='12 - 2021'!H8-'12 - 2021'!H7 -> 0 | L2: ='12 - 2021'!I8-'12 - 2021'!I7 -> 95 | M2: 4.3936294 | N2: 55
A3: Dubai DIFC | B3: =B2+1 -> 2 | C3: 12 | D3: 2021 | E3: ='12 - 2021'!B9-'12 - 2021'!B8+'12 - 2021'!C9-'12 - 2021'!C8 -> 9577 | F3: 0.118 | G3: ='12 - 2021'!D9-'12 - 2021'!D8+'12 - 2021'!E9-'12 - 2021'!E8 -> 19.09 | H3: 0.99 | I3: ='12 - 2021'!J9-'12 - 2021'!J8 -> 17520 | J3: 0.081 | K3: ='12 - 2021'!H9-'12 - 2021'!H8 -> 0 | L3: ='12 - 2021'!I9-'12 - 2021'!I8 -> 101 | M3: 4.3936294 | N3: 50
A4: Dubai DIFC | B4: =B3+1 -> 3 | C4: 12 | D4: 2021 | E4: ='12 - 2021'!B10-'12 - 2021'!B9+'12 - 2021'!C10-'12 - 2021'!C9 -> 9489 | F4: 0.118 | G4: ='12 - 2021'!D10-'12 - 2021'!D9+'12 - 2021'!E10-'12 - 2021'!E9 -> 17.19 | H4: 0.99 | I4: ='12 - 2021'!J10-'12 - 2021'!J9 -> 15975 | J4: 0.081 | K4: ='12 - 2021'!H10-'12 - 2021'!H9 -> 0 | L4: ='12 - 2021'!I10-'12 - 2021'!I9 -> 96 | M4: 4.3936294 | N4: 63
A5: Dubai DIFC | B5: =B4+1 -> 4 | C5: 12 | D5: 2021 | E5: ='12 - 2021'!B11-'12 - 2021'!B10+'12 - 2021'!C11-'12 - 2021'!C10 -> 9841 | F5: 0.118 | G5: ='12 - 2021'!D11-'12 - 2021'!D10+'12 - 2021'!E11-'12 - 2021'!E10 -> 17.39 | H5: 0.99 | I5: ='12 - 2021'!J11-'12 - 2021'!J10 -> 16731 | J5: 0.081 | K5: ='12 - 2021'!H11-'12 - 2021'!H10 -> 0 | L5: ='12 - 2021'!I11-'12 - 2021'!I10 -> 100 | M5: 4.3936294 | N5: 53
A6: Dubai DIFC | B6: =B5+1 -> 5 | C6: 12 | D6: 2021 | E6: ='12 - 2021'!B12-'12 - 2021'!B11+'12 - 2021'!C12-'12 - 2021'!C11 -> 9569 | F6: 0.118 | G6: ='12 - 2021'!D12-'12 - 2021'!D11+'12 - 2021'!E12-'12 - 2021'!E11 -> 16.62 | H6: 0.99 | I6: ='12 - 2021'!J12-'12 - 2021'!J11 -> 15663 | J6: 0.081 | K6: ='12 - 2021'!H12-'12 - 2021'!H11 -> 0 | L6: ='12 - 2021'!I12-'12 - 2021'!I11 -> 94 | M6: 4.3936294 | N6: 57
A7: Dubai DIFC | B7: =B6+1 -> 6 | C7: 12 | D7: 2021 | E7: ='12 - 2021'!B13-'12 - 2021'!B12+'12 - 2021'!C13-'12 - 2021'!C12 -> 9322 | F7: 0.118 | G7: ='12 - 2021'!D13-'12 - 2021'!D12+'12 - 2021'!E13-'12 - 2021'!E12 -> 15.41 | H7: 0.99 | I7: ='12 - 2021'!J13-'12 - 2021'!J12 -> 13911 | J7: 0.081 | K7: ='12 - 2021'!H13-'12 - 2021'!H12 -> 0 | L7: ='12 - 2021'!I13-'12 - 2021'!I12 -> 98 | M7: 4.3936294 | N7: 78
A8: Dubai DIFC | B8: =B7+1 -> 7 | C8: 12 | D8: 2021 | E8: ='12 - 2021'!B14-'12 - 2021'!B13+'12 - 2021'!C14-'12 - 2021'!C13 -> 9818 | F8: 0.118 | G8: ='12 - 2021'!D14-'12 - 2021'!D13+'12 - 2021'!E14-'12 - 2021'!E13 -> 16.74 | H8: 0.99 | I8: ='12 - 2021'!J14-'12 - 2021'!J13 -> 16568 | J8: 0.081 | K8: ='12 - 2021'!H14-'12 - 2021'!H13 -> 0 | L8: ='12 - 2021'!I14-'12 - 2021'!I13 -> 103 | M8: 4.3936294 | N8: 91
A9: Dubai DIFC | B9: =B8+1 -> 8 | C9: 12 | D9: 2021 | E9: ='12 - 2021'!B15-'12 - 2021'!B14+'12 - 2021'!C15-'12 - 2021'!C14 -> 9694 | F9: 0.118 | G9: ='12 - 2021'!D15-'12 - 2021'!D14+'12 - 2021'!E15-'12 - 2021'!E14 -> 16.82 | H9: 0.99 | I9: ='12 - 2021'!J15-'12 - 2021'!J14 -> 15544 | J9: 0.081 | K9: ='12 - 2021'!H15-'12 - 2021'!H14 -> 0 | L9: ='12 - 2021'!I15-'12 - 2021'!I14 -> 105 | M9: 4.3936294 | N9: 71
A10: Dubai DIFC | B10: =B9+1 -> 9 | C10: 12 | D10: 2021 | E10: ='12 - 2021'!B16-'12 - 2021'!B15+'12 - 2021'!C16-'12 - 2021'!C15 -> 9772 | F10: 0.118 | G10: ='12 - 2021'!D16-'12 - 2021'!D15+'12 - 2021'!E16-'12 - 2021'!E15 -> 16.75 | H10: 0.99 | I10: ='12 - 2021'!J16-'12 - 2021'!J15 -> 15859 | J10: 0.081 | K10: ='12 - 2021'!H16-'12 - 2021'!H15 -> 0 | L10: ='12 - 2021'!I16-'12 - 2021'!I15 -> 109 | M10: 4.3936294 | N10: 101
A11: Dubai DIFC | B11: =B10+1 -> 10 | C11: 12 | D11: 2021 | E11: ='12 - 2021'!B17-'12 - 2021'!B16+'12 - 2021'!C17-'12 - 2021'!C16 -> 9993 | F11: 0.118 | G11: ='12 - 2021'!D17-'12 - 2021'!D16+'12 - 2021'!E17-'12 - 2021'!E16 -> 20.55 | H11: 0.99 | I11: ='12 - 2021'!J17-'12 - 2021'!J16 -> 15154 | J11: 0.081 | K11: ='12 - 2021'!H17-'12 - 2021'!H16 -> 0 | L11: ='12 - 2021'!I17-'12 - 2021'!I16 -> 102 | M11: 4.3936294 | N11: 99
A12: Dubai DIFC | B12: =B11+1 -> 11 | C12: 12 | D12: 2021 | E12: ='12 - 2021'!B18-'12 - 2021'!B17+'12 - 2021'!C18-'12 - 2021'!C17 -> 9454 | F12: 0.118 | G12: ='12 - 2021'!D18-'12 - 2021'!D17+'12 - 2021'!E18-'12 - 2021'!E17 -> 19.98 | H12: 0.99 | I12: ='12 - 2021'!J18-'12 - 2021'!J17 -> 14896 | J12: 0.081 | K12: ='12 - 2021'!H18-'12 - 2021'!H17 -> 0 | L12: ='12 - 2021'!I18-'12 - 2021'!I17 -> 116 | M12: 4.3936294 | N12: 95
A13: Dubai DIFC | B13: =B12+1 -> 12 | C13: 12 | D13: 2021 | E13: ='12 - 2021'!B19-'12 - 2021'!B18+'12 - 2021'!C19-'12 - 2021'!C18 -> 10201 | F13: 0.118 | G13: ='12 - 2021'!D19-'12 - 2021'!D18+'12 - 2021'!E19-'12 - 2021'!E18 -> 19.63 | H13: 0.99 | I13: ='12 - 2021'!J19-'12 - 2021'!J18 -> 15268 | J13: 0.081 | K13: ='12 - 2021'!H19-'12 - 2021'!H18 -> 0 | L13: ='12 - 2021'!I19-'12 - 2021'!I18 -> 113 | M13: 4.3936294 | N13: 80
A14: Dubai DIFC | B14: =B13+1 -> 13 | C14: 12 | D14: 2021 | E14: ='12 - 2021'!B20-'12 - 2021'!B19+'12 - 2021'!C20-'12 - 2021'!C19 -> 9345 | F14: 0.118 | G14: ='12 - 2021'!D20-'12 - 2021'!D19+'12 - 2021'!E20-'12 - 2021'!E19 -> 18.26 | H14: 0.99 | I14: ='12 - 2021'!J20-'12 - 2021'!J19 -> 13916 | J14: 0.081 | K14: ='12 - 2021'!H20-'12 - 2021'!H19 -> 0 | L14: ='12 - 2021'!I20-'12 - 2021'!I19 -> 98 | M14: 4.3936294 | N14: 94
A15: Dubai DIFC | B15: =B14+1 -> 14 | C15: 12 | D15: 2021 | E15: ='12 - 2021'!B21-'12 - 2021'!B20+'12 - 2021'!C21-'12 - 2021'!C20 -> 10173 | F15: 0.118 | G15: ='12 - 2021'!D21-'12 - 2021'!D20+'12 - 2021'!E21-'12 - 2021'!E20 -> 17.45 | H15: 0.99 | I15: ='12 - 2021'!J21-'12 - 2021'!J20 -> 15020 | J15: 0.081 | K15: ='12 - 2021'!H21-'12 - 2021'!H20 -> 0 | L15: ='12 - 2021'!I21-'12 - 2021'!I20 -> 102 | M15: 4.3936294 | N15: 103
A16: Dubai DIFC | B16: =B15+1 -> 15 | C16: 12 | D16: 2021 | E16: 0 | F16: 0.118 | G16: 0 | H16: 0.99 | I16: 0 | J16: 0.081 | K16: 0 | L16: 0 | M16: 4.3936294
A17: Dubai DIFC | B17: =B16+1 -> 16 | C17: 12 | D17: 2021 | E17: ='12 - 2021'!B23-'12 - 2021'!B22+'12 - 2021'!C23-'12 - 2021'!C22 -> 0 | F17: 0.118 | G17: ='12 - 2021'!D23-'12 - 2021'!D22+'12 - 2021'!E23-'12 - 2021'!E22 -> 0 | H17: 0.99 | I17: ='12 - 2021'!J23-'12 - 2021'!J22 -> 0 | J17: 0.081 | K17: ='12 - 2021'!H23-'12 - 2021'!H22 -> 0 | L17: ='12 - 2021'!I23-'12 - 2021'!I22 -> 0 | M17: 4.3936294
A18: Dubai DIFC | B18: =B17+1 -> 17 | C18: 12 | D18: 2021 | E18: ='12 - 2021'!B24-'12 - 2021'!B23+'12 - 2021'!C24-'12 - 2021'!C23 -> 0 | F18: 0.118 | G18: ='12 - 2021'!D24-'12 - 2021'!D23+'12 - 2021'!E24-'12 - 2021'!E23 -> 0 | H18: 0.99 | I18: ='12 - 2021'!J24-'12 - 2021'!J23 -> 0 | J18: 0.081 | K18: ='12 - 2021'!H24-'12 - 2021'!H23 -> 0 | L18: ='12 - 2021'!I24-'12 - 2021'!I23 -> 0 | M18: 4.3936294
A19: Dubai DIFC | B19: =B18+1 -> 18 | C19: 12 | D19: 2021 | E19: ='12 - 2021'!B25-'12 - 2021'!B24+'12 - 2021'!C25-'12 - 2021'!C24 -> 0 | F19: 0.118 | G19: ='12 - 2021'!D25-'12 - 2021'!D24+'12 - 2021'!E25-'12 - 2021'!E24 -> 0 | H19: 0.99 | I19: ='12 - 2021'!J25-'12 - 2021'!J24 -> 0 | J19: 0.081 | K19: ='12 - 2021'!H25-'12 - 2021'!H24 -> 0 | L19: ='12 - 2021'!I25-'12 - 2021'!I24 -> 0 | M19: 4.3936294
A20: Dubai DIFC | B20: =B19+1 -> 19 | C20: 12 | D20: 2021 | E20: ='12 - 2021'!B26-'12 - 2021'!B25+'12 - 2021'!C26-'12 - 2021'!C25 -> 0 | F20: 0.118 | G20: ='12 - 2021'!D26-'12 - 2021'!D25+'12 - 2021'!E26-'12 - 2021'!E25 -> 0 | H20: 0.99 | I20: ='12 - 2021'!J26-'12 - 2021'!J25 -> 0 | J20: 0.081 | K20: ='12 - 2021'!H26-'12 - 2021'!H25 -> 0 | L20: ='12 - 2021'!I26-'12 - 2021'!I25 -> 0 | M20: 4.3936294
A21: Dubai DIFC | B21: =B20+1 -> 20 | C21: 12 | D21: 2021 | E21: ='12 - 2021'!B27-'12 - 2021'!B26+'12 - 2021'!C27-'12 - 2021'!C26 -> 0 | F21: 0.118 | G21: ='12 - 2021'!D27-'12 - 2021'!D26+'12 - 2021'!E27-'12 - 2021'!E26 -> 0 | H21: 0.99 | I21: ='12 - 2021'!J27-'12 - 2021'!J26 -> 0 | J21: 0.081 | K21: ='12 - 2021'!H27-'12 - 2021'!H26 -> 0 | L21: ='12 - 2021'!I27-'12 - 2021'!I26 -> 0 | M21: 4.3936294
A22: Dubai DIFC | B22: =B21+1 -> 21 | C22: 12 | D22: 2021 | E22: ='12 - 2021'!B28-'12 - 2021'!B27+'12 - 2021'!C28-'12 - 2021'!C27 -> 0 | F22: 0.118 | G22: ='12 - 2021'!D28-'12 - 2021'!D27+'12 - 2021'!E28-'12 - 2021'!E27 -> 0 | H22: 0.99 | I22: ='12 - 2021'!J28-'12 - 2021'!J27 -> 0 | J22: 0.081 | K22: ='12 - 2021'!H28-'12 - 2021'!H27 -> 0 | L22: ='12 - 2021'!I28-'12 - 2021'!I27 -> 0 | M22: 4.3936294
A23: Dubai DIFC | B23: =B22+1 -> 22 | C23: 12 | D23: 2021 | E23: ='12 - 2021'!B29-'12 - 2021'!B28+'12 - 2021'!C29-'12 - 2021'!C28 -> 0 | F23: 0.118 | G23: ='12 - 2021'!D29-'12 - 2021'!D28+'12 - 2021'!E29-'12 - 2021'!E28 -> 0 | H23: 0.99 | I23: ='12 - 2021'!J29-'12 - 2021'!J28 -> 0 | J23: 0.081 | K23: ='12 - 2021'!H29-'12 - 2021'!H28 -> 0 | L23: ='12 - 2021'!I29-'12 - 2021'!I28 -> 0 | M23: 4.3936294
A24: Dubai DIFC | B24: =B23+1 -> 23 | C24: 12 | D24: 2021 | E24: ='12 - 2021'!B30-'12 - 2021'!B29+'12 - 2021'!C30-'12 - 2021'!C29 -> 0 | F24: 0.118 | G24: ='12 - 2021'!D30-'12 - 2021'!D29+'12 - 2021'!E30-'12 - 2021'!E29 -> 0 | H24: 0.99 | I24: ='12 - 2021'!J30-'12 - 2021'!J29 -> 0 | J24: 0.081 | K24: ='12 - 2021'!H30-'12 - 2021'!H29 -> 0 | L24: ='12 - 2021'!I30-'12 - 2021'!I29 -> 0 | M24: 4.3936294
A25: Dubai DIFC | B25: =B24+1 -> 24 | C25: 12 | D25: 2021 | E25: ='12 - 2021'!B31-'12 - 2021'!B30+'12 - 2021'!C31-'12 - 2021'!C30 -> 0 | F25: 0.118 | G25: ='12 - 2021'!D31-'12 - 2021'!D30+'12 - 2021'!E31-'12 - 2021'!E30 -> 0 | H25: 0.99 | I25: ='12 - 2021'!J31-'12 - 2021'!J30 -> 0 | J25: 0.081 | K25: ='12 - 2021'!H31-'12 - 2021'!H30 -> 0 | L25: ='12 - 2021'!I31-'12 - 2021'!I30 -> 0 | M25: 4.3936294
A26: Dubai DIFC | B26: =B25+1 -> 25 | C26: 12 | D26: 2021 | E26: ='12 - 2021'!B32-'12 - 2021'!B31+'12 - 2021'!C32-'12 - 2021'!C31 -> 0 | F26: 0.118 | G26: ='12 - 2021'!D32-'12 - 2021'!D31+'12 - 2021'!E32-'12 - 2021'!E31 -> 0 | H26: 0.99 | I26: ='12 - 2021'!J32-'12 - 2021'!J31 -> 0 | J26: 0.081 | K26: ='12 - 2021'!H32-'12 - 2021'!H31 -> 0 | L26: ='12 - 2021'!I32-'12 - 2021'!I31 -> 0 | M26: 4.3936294
A27: Dubai DIFC | B27: =B26+1 -> 26 | C27: 12 | D27: 2021 | E27: ='12 - 2021'!B33-'12 - 2021'!B32+'12 - 2021'!C33-'12 - 2021'!C32 -> 0 | F27: 0.118 | G27: ='12 - 2021'!D33-'12 - 2021'!D32+'12 - 2021'!E33-'12 - 2021'!E32 -> 0 | H27: 0.99 | I27: ='12 - 2021'!J33-'12 - 2021'!J32 -> 0 | J27: 0.081 | K27: ='12 - 2021'!H33-'12 - 2021'!H32 -> 0 | L27: ='12 - 2021'!I33-'12 - 2021'!I32 -> 0 | M27: 4.3936294
A28: Dubai DIFC | B28: =B27+1 -> 27 | C28: 12 | D28: 2021 | E28: ='12 - 2021'!B34-'12 - 2021'!B33+'12 - 2021'!C34-'12 - 2021'!C33 -> 0 | F28: 0.118 | G28: ='12 - 2021'!D34-'12 - 2021'!D33+'12 - 2021'!E34-'12 - 2021'!E33 -> 0 | H28: 0.99 | I28: ='12 - 2021'!J34-'12 - 2021'!J33 -> 0 | J28: 0.081 | K28: ='12 - 2021'!H34-'12 - 2021'!H33 -> 0 | L28: ='12 - 2021'!I34-'12 - 2021'!I33 -> 0 | M28: 4.3936294
... A31: Dubai DIFC | B31: =B30+1 -> 30 | C31: 12 | D31: 2021 | E31: ='12 - 2021'!B37-'12 - 2021'!B36+'12 - 2021'!C37-'12 - 2021'!C36 -> 0 | F31: 0.118 | G31: ='12 - 2021'!D37-'12 - 2021'!D36+'12 - 2021'!E37-'12 - 2021'!E36 -> 0 | H31: 0.99 | I31: ='12 - 2021'!J37-'12 - 2021'!J36 -> 0 | J31: 0.081 | K31: ='12 - 2021'!H37-'12 - 2021'!H36 -> 0 | L31: ='12 - 2021'!I37-'12 - 2021'!I36 -> 0 | M31: 4.3936294
A32: Dubai DIFC | B32: 31 | C32: 12 | D32: 2021 | E32: ='12 - 2021'!B38-'12 - 2021'!B37+'12 - 2021'!C38-'12 - 2021'!C37 -> 0 | F32: 0.118 | G32: ='12 - 2021'!D38-'12 - 2021'!D37+'12 - 2021'!E38-'12 - 2021'!E37 -> 0 | H32: 0.99 | I32: ='12 - 2021'!J38-'12 - 2021'!J37 -> 0 | J32: 0.081 | K32: ='12 - 2021'!H38-'12 - 2021'!H37 -> 0 | L32: ='12 - 2021'!I38-'12 - 2021'!I37 -> 0 | M32: 4.3936294

Sheet Submetering Daily 
A1: Site Name | B1: Day | C1: Month | D1: Year | E1: Panel LV1 Kwh | F1: Panel LV2 Kwh | G1: Electricity Tariff ($/Kwh) | H1: Main Kitchen LPG (Kg) | I1: Podium Kitchen LPG (Kg) | J1: Boiler LPG (Kg) | K1: LPG $/Kg | L1: Room Nights
A2: Dubai DIFC | B2: 1 | C2: 12 | D2: 2021 | E2: ='12 - 2021'!B8-'12 - 2021'!B7 -> 3812 | F2: ='12 - 2021'!C8-'12 - 2021'!C7 -> 5688 | G2: 0.118 | H2: ='12 - 2021'!E8-'12 - 2021'!E7 -> 18.08 | I2: ='12 - 2021'!F8-'12 - 2021'!F7 -> 8.72 | J2: ='12 - 2021'!G8-'12 - 2021'!G7 -> 33.97 | K2: 0.74 | L2: 55
A3: Dubai DIFC | B3: =B2+1 -> 2 | C3: 12 | D3: 2021 | E3: ='12 - 2021'!B9-'12 - 2021'!B8 -> 3858 | F3: ='12 - 2021'!C9-'12 - 2021'!C8 -> 5719 | G3: 0.118 | H3: ='12 - 2021'!E9-'12 - 2021'!E8 -> 19.19 | I3: ='12 - 2021'!F9-'12 - 2021'!F8 -> 8.09 | J3: ='12 - 2021'!G9-'12 - 2021'!G8 -> 35.55 | K3: 0.74 | L3: 50
A4: Dubai DIFC | B4: =B3+1 -> 3 | C4: 12 | D4: 2021 | E4: ='12 - 2021'!B10-'12 - 2021'!B9 -> 3864 | F4: ='12 - 2021'!C10-'12 - 2021'!C9 -> 5625 | G4: 0.118 | H4: ='12 - 2021'!E10-'12 - 2021'!E9 -> 17.25 | I4: ='12 - 2021'!F10-'12 - 2021'!F9 -> 8.05 | J4: ='12 - 2021'!G10-'12 - 2021'!G9 -> 35.96 | K4: 0.74 | L4: 63
A5: Dubai DIFC | B5: =B4+1 -> 4 | C5: 12 | D5: 2021 | E5: ='12 - 2021'!B11-'12 - 2021'!B10 -> 3924 | F5: ='12 - 2021'!C11-'12 - 2021'!C10 -> 5917 | G5: 0.118 | H5: ='12 - 2021'!E11-'12 - 2021'!E10 -> 17.45 | I5: ='12 - 2021'!F11-'12 - 2021'!F10 -> 8.03 | J5: ='12 - 2021'!G11-'12 - 2021'!G10 -> 34.88 | K5: 0.74 | L5: 53
A6: Dubai DIFC | B6: =B5+1 -> 5 | C6: 12 | D6: 2021 | E6: ='12 - 2021'!B12-'12 - 2021'!B11 -> 3979 | F6: ='12 - 2021'!C12-'12 - 2021'!C11 -> 5590 | G6: 0.118 | H6: ='12 - 2021'!E12-'12 - 2021'!E11 -> 16.68 | I6: ='12 - 2021'!F12-'12 - 2021'!F11 -> 7.68 | J6: ='12 - 2021'!G12-'12 - 2021'!G11 -> 33.77 | K6: 0.74 | L6: 57
A7: Dubai DIFC | B7: =B6+1 -> 6 | C7: 12 | D7: 2021 | E7: ='12 - 2021'!B13-'12 - 2021'!B12 -> 3835 | F7: ='12 - 2021'!C13-'12 - 2021'!C12 -> 5487 | G7: 0.118 | H7: ='12 - 2021'!E13-'12 - 2021'!E12 -> 14.95 | I7: ='12 - 2021'!F13-'12 - 2021'!F12 -> 8.11 | J7: ='12 - 2021'!G13-'12 - 2021'!G12 -> 33.01 | K7: 0.74 | L7: 78
A8: Dubai DIFC | B8: =B7+1 -> 7 | C8: 12 | D8: 2021 | E8: ='12 - 2021'!B14-'12 - 2021'!B13 -> 3977 | F8: ='12 - 2021'!C14-'12 - 2021'!C13 -> 5841 | G8: 0.118 | H8: ='12 - 2021'!E14-'12 - 2021'!E13 -> 16.84 | I8: ='12 - 2021'!F14-'12 - 2021'!F13 -> 8.5 | J8: ='12 - 2021'!G14-'12 - 2021'!G13 -> 35.1 | K8: 0.74 | L8: 91
A9: Dubai DIFC | B9: =B8+1 -> 8 | C9: 12 | D9: 2021 | E9: ='12 - 2021'!B15-'12 - 2021'!B14 -> 3894 | F9: ='12 - 2021'!C15-'12 - 2021'!C14 -> 5800 | G9: 0.118 | H9: ='12 - 2021'!E15-'12 - 2021'!E14 -> 16.9 | I9: ='12 - 2021'!F15-'12 - 2021'!F14 -> 8.09 | J9: ='12 - 2021'!G15-'12 - 2021'!G14 -> 35.7 | K9: 0.74 | L9: 71
A10: Dubai DIFC | B10: =B9+1 -> 9 | C10: 12 | D10: 2021 | E10: ='12 - 2021'!B16-'12 - 2021'!B15 -> 3959 | F10: ='12 - 2021'!C16-'12 - 2021'!C15 -> 5813 | G10: 0.118 | H10: ='12 - 2021'!E16-'12 - 2021'!E15 -> 16.82 | I10: ='12 - 2021'!F16-'12 - 2021'!F15 -> 8.34 | J10: ='12 - 2021'!G16-'12 - 2021'!G15 -> 35.96 | K10: 0.74 | L10: 101
A11: Dubai DIFC | B11: =B10+1 -> 10 | C11: 12 | D11: 2021 | E11: ='12 - 2021'!B17-'12 - 2021'!B16 -> 4072 | F11: ='12 - 2021'!C17-'12 - 2021'!C16 -> 5921 | G11: 0.118 | H11: ='12 - 2021'!E17-'12 - 2021'!E16 -> 20.63 | I11: ='12 - 2021'!F17-'12 - 2021'!F16 -> 7.86 | J11: ='12 - 2021'!G17-'12 - 2021'!G16 -> 40.17 | K11: 0.74 | L11: 99
A12: Dubai DIFC | B12: =B11+1 -> 11 | C12: 12 | D12: 2021 | E12: ='12 - 2021'!B18-'12 - 2021'!B17 -> 3847 | F12: ='12 - 2021'!C18-'12 - 2021'!C17 -> 5607 | G12: 0.118 | H12: ='12 - 2021'!E18-'12 - 2021'!E17 -> 20.05 | I12: ='12 - 2021'!F18-'12 - 2021'!F17 -> 7.14 | J12: ='12 - 2021'!G18-'12 - 2021'!G17 -> 36.97 | K12: 0.74 | L12: 95
A13: Dubai DIFC | B13: =B12+1 -> 12 | C13: 12 | D13: 2021 | E13: ='12 - 2021'!B19-'12 - 2021'!B18 -> 4065 | F13: ='12 - 2021'!C19-'12 - 2021'!C18 -> 6136 | G13: 0.118 | H13: ='12 - 2021'!E19-'12 - 2021'!E18 -> 19.18 | I13: ='12 - 2021'!F19-'12 - 2021'!F18 -> 8.23 | J13: ='12 - 2021'!G19-'12 - 2021'!G18 -> 39.58 | K13: 0.74 | L13: 80
A14: Dubai DIFC | B14: =B13+1 -> 13 | C14: 12 | D14: 2021 | E14: ='12 - 2021'!B20-'12 - 2021'!B19 -> 3778 | F14: ='12 - 2021'!C20-'12 - 2021'!C19 -> 5567 | G14: 0.118 | H14: ='12 - 2021'!E20-'12 - 2021'!E19 -> 18.33 | I14: ='12 - 2021'!F20-'12 - 2021'!F19 -> 8.43 | J14: ='12 - 2021'!G20-'12 - 2021'!G19 -> 35.53 | K14: 0.74 | L14: 94
A15: Dubai DIFC | B15: =B14+1 -> 14 | C15: 12 | D15: 2021 | E15: ='12 - 2021'!B21-'12 - 2021'!B20 -> 4193 | F15: ='12 - 2021'!C21-'12 - 2021'!C20 -> 5980 | G15: 0.118 | H15: ='12 - 2021'!E21-'12 - 2021'!E20 -> 17.53 | I15: ='12 - 2021'!F21-'12 - 2021'!F20 -> 7.88 | J15: ='12 - 2021'!G21-'12 - 2021'!G20 -> 38.51 | K15: 0.74 | L15: 103
A16: Dubai DIFC | B16: =B15+1 -> 15 | C16: 12 | D16: 2021 | E16: 0 | F16: 0 | G16: 0 | H16: 0 | I16: 0 | J16: 0 | K16: 0.74
A17: Dubai DIFC | B17: =B16+1 -> 16 | C17: 12 | D17: 2021 | E17: ='12 - 2021'!B23-'12 - 2021'!B22 -> 0 | F17: ='12 - 2021'!C23-'12 - 2021'!C22 -> 0 | G17: 0.118 | H17: ='12 - 2021'!E23-'12 - 2021'!E22 -> 0 | I17: ='12 - 2021'!F23-'12 - 2021'!F22 -> 0 | J17: ='12 - 2021'!G23-'12 - 2021'!G22 -> 0 | K17: 0.74
A18: Dubai DIFC | B18: =B17+1 -> 17 | C18: 12 | D18: 2021 | E18: ='12 - 2021'!B24-'12 - 2021'!B23 -> 0 | F18: ='12 - 2021'!C24-'12 - 2021'!C23 -> 0 | G18: 0.118 | H18: ='12 - 2021'!E24-'12 - 2021'!E23 -> 0 | I18: ='12 - 2021'!F24-'12 - 2021'!F23 -> 0 | J18: ='12 - 2021'!G24-'12 - 2021'!G23 -> 0 | K18: 0.74
A19: Dubai DIFC | B19: =B18+1 -> 18 | C19: 12 | D19: 2021 | E19: ='12 - 2021'!B25-'12 - 2021'!B24 -> 0 | F19: ='12 - 2021'!C25-'12 - 2021'!C24 -> 0 | G19: 0.118 | H19: ='12 - 2021'!E25-'12 - 2021'!E24 -> 0 | I19: ='12 - 2021'!F25-'12 - 2021'!F24 -> 0 | J19: ='12 - 2021'!G25-'12 - 2021'!G24 -> 0 | K19: 0.74
A20: Dubai DIFC | B20: =B19+1 -> 19 | C20: 12 | D20: 2021 | E20: ='12 - 2021'!B26-'12 - 2021'!B25 -> 0 | F20: ='12 - 2021'!C26-'12 - 2021'!C25 -> 0 | G20: 0.118 | H20: ='12 - 2021'!E26-'12 - 2021'!E25 -> 0 | I20: ='12 - 2021'!F26-'12 - 2021'!F25 -> 0 | J20: ='12 - 2021'!G26-'12 - 2021'!G25 -> 0 | K20: 0.74
A21: Dubai DIFC | B21: =B20+1 -> 20 | C21: 12 | D21: 2021 | E21: ='12 - 2021'!B27-'12 - 2021'!B26 -> 0 | F21: ='12 - 2021'!C27-'12 - 2021'!C26 -> 0 | G21: 0.118 | H21: ='12 - 2021'!E27-'12 - 2021'!E26 -> 0 | I21: ='12 - 2021'!F27-'12 - 2021'!F26 -> 0 | J21: ='12 - 2021'!G27-'12 - 2021'!G26 -> 0 | K21: 0.74
A22: Dubai DIFC | B22: =B21+1 -> 21 | C22: 12 | D22: 2021 | E22: ='12 - 2021'!B28-'12 - 2021'!B27 -> 0 | F22: ='12 - 2021'!C28-'12 - 2021'!C27 -> 0 | G22: 0.118 | H22: ='12 - 2021'!E28-'12 - 2021'!E27 -> 0 | I22: ='12 - 2021'!F28-'12 - 2021'!F27 -> 0 | J22: ='12 - 2021'!G28-'12 - 2021'!G27 -> 0 | K22: 0.74
A23: Dubai DIFC | B23: =B22+1 -> 22 | C23: 12 | D23: 2021 | E23: ='12 - 2021'!B29-'12 - 2021'!B28 -> 0 | F23: ='12 - 2021'!C29-'12 - 2021'!C28 -> 0 | G23: 0.118 | H23: ='12 - 2021'!E29-'12 - 2021'!E28 -> 0 | I23: ='12 - 2021'!F29-'12 - 2021'!F28 -> 0 | J23: ='12 - 2021'!G29-'12 - 2021'!G28 -> 0 | K23: 0.74
A24: Dubai DIFC | B24: =B23+1 -> 23 | C24: 12 | D24: 2021 | E24: ='12 - 2021'!B30-'12 - 2021'!B29 -> 0 | F24: ='12 - 2021'!C30-'12 - 2021'!C29 -> 0 | G24: 0.118 | H24: ='12 - 2021'!E30-'12 - 2021'!E29 -> 0 | I24: ='12 - 2021'!F30-'12 - 2021'!F29 -> 0 | J24: ='12 - 2021'!G30-'12 - 2021'!G29 -> 0 | K24: 0.74
A25: Dubai DIFC | B25: =B24+1 -> 24 | C25: 12 | D25: 2021 | E25: ='12 - 2021'!B31-'12 - 2021'!B30 -> 0 | F25: ='12 - 2021'!C31-'12 - 2021'!C30 -> 0 | G25: 0.118 | H25: ='12 - 2021'!E31-'12 - 2021'!E30 -> 0 | I25: ='12 - 2021'!F31-'12 - 2021'!F30 -> 0 | J25: ='12 - 2021'!G31-'12 - 2021'!G30 -> 0 | K25: 0.74
A26: Dubai DIFC | B26: =B25+1 -> 25 | C26: 12 | D26: 2021 | E26: ='12 - 2021'!B32-'12 - 2021'!B31 -> 0 | F26: ='12 - 2021'!C32-'12 - 2021'!C31 -> 0 | G26: 0.118 | H26: ='12 - 2021'!E32-'12 - 2021'!E31 -> 0 | I26: ='12 - 2021'!F32-'12 - 2021'!F31 -> 0 | J26: ='12 - 2021'!G32-'12 - 2021'!G31 -> 0 | K26: 0.74
A27: Dubai DIFC | B27: =B26+1 -> 26 | C27: 12 | D27: 2021 | E27: ='12 - 2021'!B33-'12 - 2021'!B32 -> 0 | F27: ='12 - 2021'!C33-'12 - 2021'!C32 -> 0 | G27: 0.118 | H27: ='12 - 2021'!E33-'12 - 2021'!E32 -> 0 | I27: ='12 - 2021'!F33-'12 - 2021'!F32 -> 0 | J27: ='12 - 2021'!G33-'12 - 2021'!G32 -> 0 | K27: 0.74
A28: Dubai DIFC | B28: =B27+1 -> 27 | C28: 12 | D28: 2021 | E28: ='12 - 2021'!B34-'12 - 2021'!B33 -> 0 | F28: ='12 - 2021'!C34-'12 - 2021'!C33 -> 0 | G28: 0.118 | H28: ='12 - 2021'!E34-'12 - 2021'!E33 -> 0 | I28: ='12 - 2021'!F34-'12 - 2021'!F33 -> 0 | J28: ='12 - 2021'!G34-'12 - 2021'!G33 -> 0 | K28: 0.74
... A31: Dubai DIFC | B31: =B30+1 -> 30 | C31: 12 | D31: 2021 | E31: ='12 - 2021'!B37-'12 - 2021'!B36 -> 0 | F31: ='12 - 2021'!C37-'12 - 2021'!C36 -> 0 | G31: 0.118 | H31: ='12 - 2021'!E37-'12 - 2021'!E36 -> 0 | I31: ='12 - 2021'!F37-'12 - 2021'!F36 -> 0 | J31: ='12 - 2021'!G37-'12 - 2021'!G36 -> 0 | K31: 0.74
A32: Dubai DIFC | B32: 31 | C32: 12 | D32: 2021 | E32: ='12 - 2021'!B38-'12 - 2021'!B37 -> 0 | F32: ='12 - 2021'!C38-'12 - 2021'!C37 -> 0 | G32: 0.118 | H32: ='12 - 2021'!E38-'12 - 2021'!E37 -> 0 | I32: ='12 - 2021'!F38-'12 - 2021'!F37 -> 0 | J32: ='12 - 2021'!G38-'12 - 2021'!G37 -> 0 | K32: 0.74

Sheet 12 - 2021
A3: FOUR SEASONS HOTEL - DIFC
A4: HLP READING MONTH OF DECEMBER' 2021
B5: Electricity | D5: LPG (cu.m) | H5: Water (cu.m) | J5: BTU
A6: Date | B6: LV-01, 2025952759 | C6: LV-2, 2030235407 | D6: Main Meter % | E6: Main Kitchen | F6: Podium Kitchen | G6: Boiler | H6: B-3 Water Meter (DIFC) | I6: MainWater Meter (DEWA) | J6: Chilled Water (KWH) | K6: Gas Received (Litres) | L6: Remark
A7: 44530 | B7: 410619 | C7: 881759 | D7: 0.72 | E7: 1145.73 | F7: 899.03 | G7: 35488.98 | H7: 14528 | I7: 139424 | J7: 52673712
A8: =A7+1 -> 44531 | B8: 414431 | C8: 887447 | D8: 0.62 | E8: 1163.81 | F8: 907.75 | G8: 35522.95 | H8: 14528 | I8: 139519 | J8: 52690691
A9: =A8+1 -> 44532 | B9: 418289 | C9: 893166 | D9: 0.52 | E9: 1183 | F9: 915.84 | G9: 35558.5 | H9: 14528 | I9: 139620 | J9: 52708211
A10: =A9+1 -> 44533 | B10: 422153 | C10: 898791 | D10: 0.46 | E10: 1200.25 | F10: 923.89 | G10: 35594.46 | H10: 14528 | I10: 139716 | J10: 52724186
A11: =A10+1 -> 44534 | B11: 426077 | C11: 904708 | D11: 0.4 | E11: 1217.7 | F11: 931.92 | G11: 35629.34 | H11: 14528 | I11: 139816 | J11: 52740917
A12: =A11+1 -> 44535 | B12: 430056 | C12: 910298 | D12: 0.34 | E12: 1234.38 | F12: 939.6 | G12: 35663.11 | H12: 14528 | I12: 139910 | J12: 52756580
A13: =A12+1 -> 44536 | B13: 433891 | C13: 915785 | D13: 0.8 | E13: 1249.33 | F13: 947.71 | G13: 35696.12 | H13: 14528 | I13: 140008 | J13: 52770491
A14: =A13+1 -> 44537 | B14: 437868 | C14: 921626 | D14: 0.7 | E14: 1266.17 | F14: 956.21 | G14: 35731.22 | H14: 14528 | I14: 140111 | J14: 52787059
A15: =A14+1 -> 44538 | B15: 441762 | C15: 927426 | D15: 0.62 | E15: 1283.07 | F15: 964.3 | G15: 35766.92 | H15: 14528 | I15: 140216 | J15: 52802603
A16: =A15+1 -> 44539 | B16: 445721 | C16: 933239 | D16: 0.55 | E16: 1299.89 | F16: 972.64 | G16: 35802.88 | H16: 14528 | I16: 140325 | J16: 52818462
A17: =A16+1 -> 44540 | B17: 449793 | C17: 939160 | D17: 0.47 | E17: 1320.52 | F17: 980.5 | G17: 35843.05 | H17: 14528 | I17: 140427 | J17: 52833616
A18: =A17+1 -> 44541 | B18: 453640 | C18: 944767 | D18: 0.4 | E18: 1340.57 | F18: 987.64 | G18: 35880.02 | H18: 14528 | I18: 140543 | J18: 52848512
A19: =A18+1 -> 44542 | B19: 457705 | C19: 950903 | D19: 0.85 | E19: 1359.75 | F19: 995.87 | G19: 35919.6 | H19: 14528 | I19: 140656 | J19: 52863780
... A21: =A20+1 -> 44544 | B21: 465676 | C21: 962450 | D21: 0.7 | E21: 1395.61 | F21: 1012.18 | G21: 35993.64 | H21: 14528 | I21: 140856 | J21: 52892716
A22: =A21+1 -> 44545
A23: =A22+1 -> 44546
A24: =A23+1 -> 44547
A25: =A24+1 -> 44548
A26: =A25+1 -> 44549
A27: =A26+1 -> 44550
A28: =A27+1 -> 44551
A29: =A28+1 -> 44552
A30: =A29+1 -> 44553
A31: =A30+1 -> 44554
A32: =A31+1 -> 44555
A33: =A32+1 -> 44556
... A38: =A37+1 -> 44561
A39: Readings | B39: =B38-B7 -> -410619 | C39: =C38-C7 -> -881759 | E39: =E38-E7 -> -1145.73 | F39: =F38-F7 -> -899.03 | G39: =G38-G7 -> -35488.98 | H39: =H38-H7 -> -14528 | I39: =I38-I7 -> -139424 | J39: =J38-J7 -> -52673712 | K39: =SUM(K7:K37) -> 0
H40: =H39*219.969 -> -3195709.6 | I40: =I39*219.969 -> -30668958
