Workbook

Sheet TOTAL
A1: Site Name | B1: Day | C1: Month | D1: Year | E1: Total Electricity Kwh | F1: Electricity Tariff ($/Kwh) | G1: LPG (Kg) | H1: LPG $/Kg | I1: Total Fuel Oil (Liter) | J1: Fuel Oil $/Liter | K1: Water Utility Supply (m3) m3 | L1: Water Utility Supply (m3) $/m3 | M1: Room Nights | N1: Food Covers
A2: Bali Jimbaran | B2: 1 | C2: 12 | D2: 2021 | E2: ='FS Jimbaran December 2021'!P12 -> 13940 | F2: ='FS Jimbaran December 2021'!O12/'FS Jimbaran December 2021'!P12 -> 1188.9922 | G2: ='FS Jimbaran December 2021'!AG12 -> 100 | H2: ='FS Jimbaran December 2021'!AH12/'FS Jimbaran December 2021'!AG12 -> 16420 | I2: ='FS Jimbaran December 2021'!AJ12 -> 296.46 | J2: ='FS Jimbaran December 2021'!AK12/'FS Jimbaran December 2021'!AJ12 -> 12000 | K2: ='FS Jimbaran December 2021'!V12 -> 770 | L2: ='FS Jimbaran December 2021'!AA12/'FS Jimbaran December 2021'!V12 -> 8342.932 | M2: =+'RNs & Covers December 2021'!B6 -> 15 | N2: =+'RNs & Covers December 2021'!C6 -> 97
A3: Bali Jimbaran | B3: =B2+1 -> 2 | C3: 12 | D3: 2021 | E3: ='FS Jimbaran December 2021'!P13 -> 15900 | F3: ='FS Jimbaran December 2021'!O13/'FS Jimbaran December 2021'!P13 -> 1188.1178 | G3: ='FS Jimbaran December 2021'!AG13 -> 112 | H3: ='FS Jimbaran December 2021'!AH13/'FS Jimbaran December 2021'!AG13 -> 15888.393 | I3: ='FS Jimbaran December 2021'!AJ13 -> 173.95 | J3: ='FS Jimbaran December 2021'!AK13/'FS Jimbaran December 2021'!AJ13 -> 12000 | K3: ='FS Jimbaran December 2021'!V13 -> 780 | L3: ='FS Jimbaran December 2021'!AA13/'FS Jimbaran December 2021'!V13 -> 8347.35 | M3: =+'RNs & Covers December 2021'!B7 -> 18 | N3: =+'RNs & Covers December 2021'!C7 -> 135
A4: Bali Jimbaran | B4: =B3+1 -> 3 | C4: 12 | D4: 2021 | E4: ='FS Jimbaran December 2021'!P14 -> 15760 | F4: ='FS Jimbaran December 2021'!O14/'FS Jimbaran December 2021'!P14 -> 1178.6598 | G4: ='FS Jimbaran December 2021'!AG14 -> 112 | H4: ='FS Jimbaran December 2021'!AH14/'FS Jimbaran December 2021'!AG14 -> 15888.393 | I4: ='FS Jimbaran December 2021'!AJ14 -> 330.92 | J4: ='FS Jimbaran December 2021'!AK14/'FS Jimbaran December 2021'!AJ14 -> 12000 | K4: ='FS Jimbaran December 2021'!V14 -> 769 | L4: ='FS Jimbaran December 2021'!AA14/'FS Jimbaran December 2021'!V14 -> 8347.6597 | M4: =+'RNs & Covers December 2021'!B8 -> 14 | N4: =+'RNs & Covers December 2021'!C8 -> 162
A5: Bali Jimbaran | B5: =B4+1 -> 4 | C5: 12 | D5: 2021 | E5: ='FS Jimbaran December 2021'!P15 -> 14840 | F5: ='FS Jimbaran December 2021'!O15/'FS Jimbaran December 2021'!P15 -> 1176.2454 | G5: ='FS Jimbaran December 2021'!AG15 -> 112 | H5: ='FS Jimbaran December 2021'!AH15/'FS Jimbaran December 2021'!AG15 -> 15888.393 | I5: ='FS Jimbaran December 2021'!AJ15 -> 123.36 | J5: ='FS Jimbaran December 2021'!AK15/'FS Jimbaran December 2021'!AJ15 -> 12000 | K5: ='FS Jimbaran December 2021'!V15 -> 477 | L5: ='FS Jimbaran December 2021'!AA15/'FS Jimbaran December 2021'!V15 -> 6821.2002 | M5: =+'RNs & Covers December 2021'!B9 -> 9 | N5: =+'RNs & Covers December 2021'!C9 -> 119
A6: Bali Jimbaran | B6: =B5+1 -> 5 | C6: 12 | D6: 2021 | E6: ='FS Jimbaran December 2021'!P16 -> 14280 | F6: ='FS Jimbaran December 2021'!O16/'FS Jimbaran December 2021'!P16 -> 1182.7694 | G6: ='FS Jimbaran December 2021'!AG16 -> 112 | H6: ='FS Jimbaran December 2021'!AH16/'FS Jimbaran December 2021'!AG16 -> 15888.393 | I6: ='FS Jimbaran December 2021'!AJ16 -> 102.14 | J6: ='FS Jimbaran December 2021'!AK16/'FS Jimbaran December 2021'!AJ16 -> 12000 | K6: ='FS Jimbaran December 2021'!V16 -> 647 | L6: ='FS Jimbaran December 2021'!AA16/'FS Jimbaran December 2021'!V16 -> 6593.8708 | M6: =+'RNs & Covers December 2021'!B10 -> 4 | N6: =+'RNs & Covers December 2021'!C10 -> 136
A7: Bali Jimbaran | B7: =B6+1 -> 6 | C7: 12 | D7: 2021 | E7: ='FS Jimbaran December 2021'!P17 -> 13800 | F7: ='FS Jimbaran December 2021'!O17/'FS Jimbaran December 2021'!P17 -> 1185.2926 | G7: ='FS Jimbaran December 2021'!AG17 -> 50 | H7: ='FS Jimbaran December 2021'!AH17/'FS Jimbaran December 2021'!AG17 -> 16420 | I7: ='FS Jimbaran December 2021'!AJ17 -> 309.22 | J7: ='FS Jimbaran December 2021'!AK17/'FS Jimbaran December 2021'!AJ17 -> 12000 | K7: ='FS Jimbaran December 2021'!V17 -> 752 | L7: ='FS Jimbaran December 2021'!AA17/'FS Jimbaran December 2021'!V17 -> 8412.3119 | M7: =+'RNs & Covers December 2021'!B11 -> 12 | N7: =+'RNs & Covers December 2021'!C11 -> 53
A8: Bali Jimbaran | B8: =B7+1 -> 7 | C8: 12 | D8: 2021 | E8: ='FS Jimbaran December 2021'!P18 -> 13860 | F8: ='FS Jimbaran December 2021'!O18/'FS Jimbaran December 2021'!P18 -> 1184.0849 | G8: ='FS Jimbaran December 2021'!AG18 -> 50 | H8: ='FS Jimbaran December 2021'!AH18/'FS Jimbaran December 2021'!AG18 -> 16420 | I8: ='FS Jimbaran December 2021'!AJ18 -> 311.73 | J8: ='FS Jimbaran December 2021'!AK18/'FS Jimbaran December 2021'!AJ18 -> 12000 | K8: ='FS Jimbaran December 2021'!V18 -> 779 | L8: ='FS Jimbaran December 2021'!AA18/'FS Jimbaran December 2021'!V18 -> 8352.0227 | M8: =+'RNs & Covers December 2021'!B12 -> 10 | N8: =+'RNs & Covers December 2021'!C12 -> 79
A9: Bali Jimbaran | B9: =B8+1 -> 8 | C9: 12 | D9: 2021 | E9: ='FS Jimbaran December 2021'!P19 -> 15040 | F9: ='FS Jimbaran December 2021'!O19/'FS Jimbaran December 2021'!P19 -> 1185.1899 | G9: ='FS Jimbaran December 2021'!AG19 -> 50 | H9: ='FS Jimbaran December 2021'!AH19/'FS Jimbaran December 2021'!AG19 -> 16420 | I9: ='FS Jimbaran December 2021'!AJ19 -> 403.55 | J9: ='FS Jimbaran December 2021'!AK19/'FS Jimbaran December 2021'!AJ19 -> 12000 | K9: ='FS Jimbaran December 2021'!V19 -> 743 | L9: ='FS Jimbaran December 2021'!AA19/'FS Jimbaran December 2021'!V19 -> 8457.1908 | M9: =+'RNs & Covers December 2021'!B13 -> 12 | N9: =+'RNs & Covers December 2021'!C13 -> 77
A10: Bali Jimbaran | B10: =B9+1 -> 9 | C10: 12 | D10: 2021 | E10: ='FS Jimbaran December 2021'!P20 -> 16000 | F10: ='FS Jimbaran December 2021'!O20/'FS Jimbaran December 2021'!P20 -> 1184.7705 | G10: ='FS Jimbaran December 2021'!AG20 -> 100 | H10: ='FS Jimbaran December 2021'!AH20/'FS Jimbaran December 2021'!AG20 -> 16420 | I10: ='FS Jimbaran December 2021'!AJ20 -> 76.12 | J10: ='FS Jimbaran December 2021'!AK20/'FS Jimbaran December 2021'!AJ20 -> 12000 | K10: ='FS Jimbaran December 2021'!V20 -> 801 | L10: ='FS Jimbaran December 2021'!AA20/'FS Jimbaran December 2021'!V20 -> 8285.0455 | M10: =+'RNs & Covers December 2021'!B14 -> 13 | N10: =+'RNs & Covers December 2021'!C14 -> 101
A11: Bali Jimbaran | B11: =B10+1 -> 10 | C11: 12 | D11: 2021 | E11: ='FS Jimbaran December 2021'!P21 -> 16200 | F11: ='FS Jimbaran December 2021'!O21/'FS Jimbaran December 2021'!P21 -> 1185.5845 | G11: ='FS Jimbaran December 2021'!AG21 -> 112 | H11: ='FS Jimbaran December 2021'!AH21/'FS Jimbaran December 2021'!AG21 -> 15888.393 | I11: ='FS Jimbaran December 2021'!AJ21 -> 419.97 | J11: ='FS Jimbaran December 2021'!AK21/'FS Jimbaran December 2021'!AJ21 -> 12000 | K11: ='FS Jimbaran December 2021'!V21 -> 779 | L11: ='FS Jimbaran December 2021'!AA21/'FS Jimbaran December 2021'!V21 -> 8300.9287 | M11: =+'RNs & Covers December 2021'!B15 -> 17 | N11: =+'RNs & Covers December 2021'!C15 -> 145
A12: Bali Jimbaran | B12: =B11+1 -> 11 | C12: 12 | D12: 2021 | E12: ='FS Jimbaran December 2021'!P22 -> 17900 | F12: ='FS Jimbaran December 2021'!O22/'FS Jimbaran December 2021'!P22 -> 1199.3638 | G12: ='FS Jimbaran December 2021'!AG22 -> 162 | H12: ='FS Jimbaran December 2021'!AH22/'FS Jimbaran December 2021'!AG22 -> 16052.469 | I12: ='FS Jimbaran December 2021'!AJ22 -> 349.72 | J12: ='FS Jimbaran December 2021'!AK22/'FS Jimbaran December 2021'!AJ22 -> 12000 | K12: ='FS Jimbaran December 2021'!V22 -> 773 | L12: ='FS Jimbaran December 2021'!AA22/'FS Jimbaran December 2021'!V22 -> 8414.6399 | M12: =+'RNs & Covers December 2021'!B16 -> 22 | N12: =+'RNs & Covers December 2021'!C16 -> 365
A13: Bali Jimbaran | B13: =B12+1 -> 12 | C13: 12 | D13: 2021 | E13: ='FS Jimbaran December 2021'!P23 -> 16860 | F13: ='FS Jimbaran December 2021'!O23/'FS Jimbaran December 2021'!P23 -> 1184.3278 | G13: ='FS Jimbaran December 2021'!AG23 -> 162 | H13: ='FS Jimbaran December 2021'!AH23/'FS Jimbaran December 2021'!AG23 -> 16052.469 | I13: ='FS Jimbaran December 2021'!AJ23 -> 297.62 | J13: ='FS Jimbaran December 2021'!AK23/'FS Jimbaran December 2021'!AJ23 -> 12000 | K13: ='FS Jimbaran December 2021'!V23 -> 761 | L13: ='FS Jimbaran December 2021'!AA23/'FS Jimbaran December 2021'!V23 -> 8473.0998 | M13: =+'RNs & Covers December 2021'!B17 -> 26 | N13: =+'RNs & Covers December 2021'!C17 -> 194
A14: Bali Jimbaran | B14: =B13+1 -> 13 | C14: 12 | D14: 2021 | E14: ='FS Jimbaran December 2021'!P24 -> 16580 | F14: ='FS Jimbaran December 2021'!O24/'FS Jimbaran December 2021'!P24 -> 1185.9619 | G14: ='FS Jimbaran December 2021'!AG24 -> 162 | H14: ='FS Jimbaran December 2021'!AH24/'FS Jimbaran December 2021'!AG24 -> 16052.469 | I14: ='FS Jimbaran December 2021'!AJ24 -> 325.97 | J14: ='FS Jimbaran December 2021'!AK24/'FS Jimbaran December 2021'!AJ24 -> 12000 | K14: ='FS Jimbaran December 2021'!V24 -> 797 | L14: ='FS Jimbaran December 2021'!AA24/'FS Jimbaran December 2021'!V24 -> 8319.6482 | M14: =+'RNs & Covers December 2021'!B18 -> 30 | N14: =+'RNs & Covers December 2021'!C18 -> 189
... A32: Bali Jimbaran | B32: =B31+1 -> 31 | C32: 12 | D32: 2021 | E32: ='FS Jimbaran December 2021'!P42 -> 0 | F32: ='FS Jimbaran December 2021'!O42/'FS Jimbaran December 2021'!P42 -> #DIV/0! | G32: ='FS Jimbaran December 2021'!AG42 -> 0 | H32: ='FS Jimbaran December 2021'!AH42/'FS Jimbaran December 2021'!AG42 -> #DIV/0! | I32: ='FS Jimbaran December 2021'!AJ42 -> 0 | J32: ='FS Jimbaran December 2021'!AK42/'FS Jimbaran December 2021'!AJ42 -> #DIV/0! | K32: ='FS Jimbaran December 2021'!V42 -> 0 | L32: ='FS Jimbaran December 2021'!AA42/'FS Jimbaran December 2021'!V42 -> #DIV/0! | M32: =+'RNs & Covers December 2021'!B36 -> 0 | N32: =+'RNs & Covers December 2021'!C36 -> 0

Sheet FS Jimbaran December 2021
B6: Four Seasons Resort Bali at Jimbaran Bay
B7: DECEMBER 2021
B8: Date | C8: Room Nights | D8: Food Covers | E8: ELECTRICITY Resort, Sundara & Residences | V8: WATER | AC8: GAS
E9: Electricity Resort | J9: Electricity - Sundara | O9: Sub Total (Resort & Sundara) Cost (IDR) | P9: Sub Total (Resort & Sundara), KWh | Q9: Residences- Electricity KWh | R9: Residences- Electricity cost (IDR) | S9: TOTAL Electricity consumption (KWh) | T9: TOTAL Electricity cost | W9: Water (m3) | AA9: Total Water Cost | AC9: LPG | AJ9: Diesel
E10: BASED LOAD KWh (from 10 pm - 6 pm) | F10: Cost (IDR) | G10: PEAK LOAD KWh (from 6 pm - 10 pm) | H10: Cost (IDR) | I10: Resort Cost (IDR) | J10: BASED LOAD KWh (from 10 pm - 6 pm) | K10: Cost (IDR) | L10: PEAK LOAD KWh (from 6 pm - 10 pm) | M10: Cost (IDR) | N10: Sundara Cost (IDR) | T10: IDR | U10: USD | V10: Water consumption (m3) | W10: Municipal Water (m3) | X10: Municipal Water cost (IDR) | Y10: Deepwell Consumption (m3) | Z10: Deepwell water Cost (IDR) | AA10: IDR | AB10: USD | AC10: LPG Bulk (m3) | AD10: 50 Kg (tube) IVD & TW | AE10: Sundara 50 kg (tube) | AF10: 12 Kg (tube) | AG10: Total kg | AH10: IDR | AI10: USD | AJ10: Used (liters) | AK10: IDR | AL10: USD
B12: 1 | C12: 15 | D12: 97 | E12: 10880 | F12: 11832751 | G12: 2200 | H12: 3588977.7 | I12: =F12+H12 -> 15421728 | J12: 460 | K12: 500281.74 | L12: 400 | M12: 652541.4 | N12: =+K12+M12 -> 1152823.1 | O12: =N12+I12 -> 16574552 | P12: =L12+J12+G12+E12 -> 13940 | U12: 0 | V12: =Y12+W12 -> 770 | W12: 211 | X12: 3792669.9 | Y12: 559 | Z12: 2631387.7 | AA12: =Z12+X12 -> 6424057.6 | AB12: =AA12/$AL$47 -> 495.06882 | AC12: 0 | AD12: 0 | AE12: 100 | AF12: 0 | AG12: =+AE12+AF12 -> 100 | AH12: 1642000 | AI12: =AH12/$AL$47 -> 126.54043 | AJ12: 296.46 | AK12: 3557520 | AL12: =AK12/$AL$47 -> 274.15963
B13: 2 | C13: 18 | D13: 135 | E13: 11560 | F13: 12572298 | G13: 2520 | H13: 4111010.8 | I13: =F13+H13 -> 16683308 | J13: 1400 | K13: 1522596.6 | L13: 420 | M13: 685168.47 | N13: =+K13+M13 -> 2207765.1 | O13: =N13+I13 -> 18891074 | P13: =L13+J13+G13+E13 -> 15900 | U13: 0 | V13: =Y13+W13 -> 780 | W13: 214 | X13: 3846594.1 | Y13: 566 | Z13: 2664338.9 | AA13: =Z13+X13 -> 6510933 | AB13: =AA13/$AL$47 -> 501.76386 | AC13: 0 | AD13: 0 | AE13: 100 | AF13: 12 | AG13: =+AE13+AF13 -> 112 | AH13: 1779500 | AI13: =AH13/$AL$47 -> 137.13684 | AJ13: 173.95 | AK13: 2087400 | AL13: =AK13/$AL$47 -> 160.8651
B14: 3 | C14: 14 | D14: 162 | E14: 11520 | F14: 12528795 | G14: 2160 | H14: 3523723.6 | I14: =F14+H14 -> 16052518 | J14: 1600 | K14: 1740110.4 | L14: 480 | M14: 783049.68 | N14: =+K14+M14 -> 2523160.1 | O14: =N14+I14 -> 18575679 | P14: =L14+J14+G14+E14 -> 15760 | U14: 0 | V14: =Y14+W14 -> 769 | W14: 211 | X14: 3792669.9 | Y14: 558 | Z14: 2626680.4 | AA14: =Z14+X14 -> 6419350.3 | AB14: =AA14/$AL$47 -> 494.70606 | AC14: 0 | AD14: 0 | AE14: 100 | AF14: 12 | AG14: =+AE14+AF14 -> 112 | AH14: 1779500 | AI14: =AH14/$AL$47 -> 137.13684 | AJ14: 330.92 | AK14: 3971040 | AL14: =AK14/$AL$47 -> 306.02747
B15: 4 | C15: 9 | D15: 119 | E15: 10920 | F15: 11876253 | G15: 2080 | H15: 3393215.3 | I15: =F15+H15 -> 15269469 | J15: 1500 | K15: 1631353.5 | L15: 340 | M15: 554660.19 | N15: =+K15+M15 -> 2186013.7 | O15: =N15+I15 -> 17455482 | P15: =L15+J15+G15+E15 -> 14840 | U15: 0 | V15: =Y15+W15 -> 477 | W15: 76 | X15: 1366080.2 | Y15: 401 | Z15: 1887632.3 | AA15: =Z15+X15 -> 3253712.5 | AB15: =AA15/$AL$47 -> 250.74676 | AC15: 0 | AD15: 0 | AE15: 100 | AF15: 12 | AG15: =+AE15+AF15 -> 112 | AH15: 1779500 | AI15: =AH15/$AL$47 -> 137.13684 | AJ15: 123.36 | AK15: 1480320 | AL15: =AK15/$AL$47 -> 114.08059
B16: 5 | C16: 4 | D16: 136 | E16: 10240 | F16: 11136707 | G16: 2040 | H16: 3327961.1 | I16: =F16+H16 -> 14464668 | J16: 1540 | K16: 1674856.3 | L16: 460 | M16: 750422.61 | N16: =+K16+M16 -> 2425278.9 | O16: =N16+I16 -> 16889947 | P16: =L16+J16+G16+E16 -> 14280 | U16: 0 | V16: =Y16+W16 -> 647 | W16: 92 | X16: 1653676 | Y16: 555 | Z16: 2612558.5 | AA16: =Z16+X16 -> 4266234.4 | AB16: =AA16/$AL$47 -> 328.77658 | AC16: 0 | AD16: 0 | AE16: 100 | AF16: 12 | AG16: =+AE16+AF16 -> 112 | AH16: 1779500 | AI16: =AH16/$AL$47 -> 137.13684 | AJ16: 102.14 | AK16: 1225680 | AL16: =AK16/$AL$47 -> 94.456805
B17: 6 | C17: 12 | D17: 53 | E17: 9880 | F17: 10745182 | G17: 2120 | H17: 3458469.4 | I17: =F17+H17 -> 14203651 | J17: 1440 | K17: 1566099.4 | L17: 360 | M17: 587287.26 | N17: =+K17+M17 -> 2153386.6 | O17: =N17+I17 -> 16357038 | P17: =L17+J17+G17+E17 -> 13800 | U17: 0 | V17: =Y17+W17 -> 752 | W17: 210 | X17: 3774695.2 | Y17: 542 | Z17: 2551363.4 | AA17: =Z17+X17 -> 6326058.6 | AB17: =AA17/$AL$47 -> 487.51654 | AC17: 0 | AD17: 0 | AE17: 50 | AF17: 0 | AG17: =+AE17+AF17 -> 50 | AH17: 821000 | AI17: =AH17/$AL$47 -> 63.270215 | AJ17: 309.22 | AK17: 3710640 | AL17: =AK17/$AL$47 -> 285.95979
B18: 7 | C18: 10 | D18: 79 | E18: 9920 | F18: 10788684 | G18: 2080 | H18: 3393215.3 | I18: =F18+H18 -> 14181900 | J18: 1480 | K18: 1609602.1 | L18: 380 | M18: 619914.33 | N18: =+K18+M18 -> 2229516.4 | O18: =N18+I18 -> 16411416 | P18: =L18+J18+G18+E18 -> 13860 | U18: 0 | V18: =Y18+W18 -> 779 | W18: 214 | X18: 3846594.1 | Y18: 565 | Z18: 2659631.6 | AA18: =Z18+X18 -> 6506225.7 | AB18: =AA18/$AL$47 -> 501.40109 | AC18: 0 | AD18: 0 | AE18: 50 | AF18: 0 | AG18: =+AE18+AF18 -> 50 | AH18: 821000 | AI18: =AH18/$AL$47 -> 63.270215 | AJ18: 311.73 | AK18: 3740760 | AL18: =AK18/$AL$47 -> 288.28098
B19: 8 | C19: 12 | D19: 77 | E19: 11040 | F19: 12006762 | G19: 2280 | H19: 3719486 | I19: =F19+H19 -> 15726248 | J19: 1300 | K19: 1413839.7 | L19: 420 | M19: 685168.47 | N19: =+K19+M19 -> 2099008.2 | O19: =N19+I19 -> 17825256 | P19: =L19+J19+G19+E19 -> 15040 | U19: 0 | V19: =Y19+W19 -> 743 | W19: 210 | X19: 3774695.2 | Y19: 533 | Z19: 2508997.6 | AA19: =Z19+X19 -> 6283692.7 | AB19: =AA19/$AL$47 -> 484.25163 | AC19: 0 | AD19: 0 | AE19: 50 | AF19: 0 | AG19: =+AE19+AF19 -> 50 | AH19: 821000 | AI19: =AH19/$AL$47 -> 63.270215 | AJ19: 403.55 | AK19: 4842600 | AL19: =AK19/$AL$47 -> 373.19408
B20: 9 | C20: 13 | D20: 101 | E20: 11600 | F20: 12615800 | G20: 2400 | H20: 3915248.4 | I20: =F20+H20 -> 16531049 | J20: 1540 | K20: 1674856.3 | L20: 460 | M20: 750422.61 | N20: =+K20+M20 -> 2425278.9 | O20: =N20+I20 -> 18956328 | P20: =L20+J20+G20+E20 -> 16000 | U20: 0 | V20: =Y20+W20 -> 801 | W20: 216 | X20: 3882543.6 | Y20: 585 | Z20: 2753777.8 | AA20: =Z20+X20 -> 6636321.4 | AB20: =AA20/$AL$47 -> 511.4269 | AC20: 0 | AD20: 0 | AE20: 100 | AF20: 0 | AG20: =+AE20+AF20 -> 100 | AH20: 1642000 | AI20: =AH20/$AL$47 -> 126.54043 | AJ20: 76.12 | AK20: 913440 | AL20: =AK20/$AL$47 -> 70.394086
B21: 10 | C21: 17 | D21: 145 | E21: 11760 | F21: 12789811 | G21: 2440 | H21: 3980502.5 | I21: =F21+H21 -> 16770314 | J21: 1520 | K21: 1653104.9 | L21: 480 | M21: 783049.68 | N21: =+K21+M21 -> 2436154.6 | O21: =N21+I21 -> 19206469 | P21: =L21+J21+G21+E21 -> 16200 | U21: 0 | V21: =Y21+W21 -> 779 | W21: 211 | X21: 3792669.9 | Y21: 568 | Z21: 2673753.5 | AA21: =Z21+X21 -> 6466423.4 | AB21: =AA21/$AL$47 -> 498.33374 | AC21: 0 | AD21: 0 | AE21: 100 | AF21: 12 | AG21: =+AE21+AF21 -> 112 | AH21: 1779500 | AI21: =AH21/$AL$47 -> 137.13684 | AJ21: 419.97 | AK21: 5039640 | AL21: =AK21/$AL$47 -> 388.37893
B22: 11 | C22: 22 | D22: 365 | E22: 12440 | F22: 13529358 | G22: 3160 | H22: 5155077.1 | I22: =F22+H22 -> 18684435 | J22: 1780 | K22: 1935872.8 | L22: 520 | M22: 848303.82 | N22: =+K22+M22 -> 2784176.6 | O22: =N22+I22 -> 21468612 | P22: =L22+J22+G22+E22 -> 17900 | U22: 0 | V22: =Y22+W22 -> 773 | W22: 216 | X22: 3882543.6 | Y22: 557 | Z22: 2621973.1 | AA22: =Z22+X22 -> 6504516.7 | AB22: =AA22/$AL$47 -> 501.26939 | AC22: 0 | AD22: 0 | AE22: 150 | AF22: 12 | AG22: =+AE22+AF22 -> 162 | AH22: 2600500 | AI22: =AH22/$AL$47 -> 200.40706 | AJ22: 349.72 | AK22: 4196640 | AL22: =AK22/$AL$47 -> 323.41329
B23: 12 | C23: 26 | D23: 194 | E23: 12160 | F23: 13224839 | G23: 2520 | H23: 4111010.8 | I23: =F23+H23 -> 17335850 | J23: 1700 | K23: 1848867.3 | L23: 480 | M23: 783049.68 | N23: =+K23+M23 -> 2631917 | O23: =N23+I23 -> 19967767 | P23: =L23+J23+G23+E23 -> 16860 | U23: 0 | V23: =Y23+W23 -> 761 | W23: 216 | X23: 3882543.6 | Y23: 545 | Z23: 2565485.3 | AA23: =Z23+X23 -> 6448028.9 | AB23: =AA23/$AL$47 -> 496.91617 | AC23: 0 | AD23: 0 | AE23: 150 | AF23: 12 | AG23: =+AE23+AF23 -> 162 | AH23: 2600500 | AI23: =AH23/$AL$47 -> 200.40706 | AJ23: 297.62 | AK23: 3571440 | AL23: =AK23/$AL$47 -> 275.23237
... B31: 20 | C31: 26 | D31: 172 | E31: 11560 | F31: 12572298 | G31: 2440 | H31: 3980502.5 | I31: =F31+H31 -> 16552800 | J31: 1700 | K31: 1848867.3 | L31: 420 | M31: 685168.47 | N31: =+K31+M31 -> 2534035.8 | O31: =N31+I31 -> 19086836 | P31: =L31+J31+G31+E31 -> 16120 | U31: 0 | V31: =Y31+W31 -> 764 | W31: 216 | X31: 3882543.6 | Y31: 548 | Z31: 2579607.3 | AA31: =Z31+X31 -> 6462150.9 | AB31: =AA31/$AL$47 -> 498.00447 | AC31: 0 | AD31: 0 | AE31: 150 | AF31: 12 | AG31: =+AE31+AF31 -> 162 | AH31: 2600500 | AI31: =AH31/$AL$47 -> 200.40706 | AJ31: 427.58 | AK31: 5130960 | AL31: =AK31/$AL$47 -> 395.41649
B32: 21 | I32: =F32+H32 -> 0 | N32: =+K32+M32 -> 0 | O32: =N32+I32 -> 0 | P32: =L32+J32+G32+E32 -> 0 | U32: 0 | V32: =Y32+W32 -> 0 | AA32: =Z32+X32 -> 0 | AB32: =AA32/$AL$47 -> 0 | AC32: 0 | AD32: 0 | AG32: =+AE32+AF32 -> 0 | AI32: =AH32/$AL$47 -> 0 | AL32: =AK32/$AL$47 -> 0
B33: 22 | I33: =F33+H33 -> 0 | N33: =+K33+M33 -> 0 | O33: =N33+I33 -> 0 | P33: =L33+J33+G33+E33 -> 0 | U33: 0 | V33: =Y33+W33 -> 0 | AA33: =Z33+X33 -> 0 | AB33: =AA33/$AL$47 -> 0 | AC33: 0 | AD33: 0 | AG33: =+AE33+AF33 -> 0 | AI33: =AH33/$AL$47 -> 0 | AL33: =AK33/$AL$47 -> 0
B34: 23 | I34: =F34+H34 -> 0 | N34: =+K34+M34 -> 0 | O34: =N34+I34 -> 0 | P34: =L34+J34+G34+E34 -> 0 | U34: 0 | V34: =Y34+W34 -> 0 | AA34: =Z34+X34 -> 0 | AB34: =AA34/$AL$47 -> 0 | AC34: 0 | AD34: 0 | AG34: =+AE34+AF34 -> 0 | AI34: =AH34/$AL$47 -> 0 | AL34: =AK34/$AL$47 -> 0
B35: 24 | I35: =F35+H35 -> 0 | N35: =+K35+M35 -> 0 | O35: =N35+I35 -> 0 | P35: =L35+J35+G35+E35 -> 0 | U35: 0 | V35: =Y35+W35 -> 0 | AA35: =Z35+X35 -> 0 | AB35: =AA35/$AL$47 -> 0 | AC35: 0 | AD35: 0 | AG35: =+AE35+AF35 -> 0 | AI35: =AH35/$AL$47 -> 0 | AL35: =AK35/$AL$47 -> 0
B36: 25 | I36: =F36+H36 -> 0 | N36: =+K36+M36 -> 0 | O36: =N36+I36 -> 0 | P36: =L36+J36+G36+E36 -> 0 | U36: 0 | V36: =Y36+W36 -> 0 | AA36: =Z36+X36 -> 0 | AB36: =AA36/$AL$47 -> 0 | AC36: 0 | AD36: 0 | AG36: =+AE36+AF36 -> 0 | AI36: =AH36/$AL$47 -> 0 | AL36: =AK36/$AL$47 -> 0
B37: 26 | I37: =F37+H37 -> 0 | N37: =+K37+M37 -> 0 | O37: =N37+I37 -> 0 | P37: =L37+J37+G37+E37 -> 0 | U37: 0 | V37: =Y37+W37 -> 0 | AA37: =Z37+X37 -> 0 | AB37: =AA37/$AL$47 -> 0 | AC37: 0 | AD37: 0 | AG37: =+AE37+AF37 -> 0 | AI37: =AH37/$AL$47 -> 0 | AL37: =AK37/$AL$47 -> 0
B38: 27 | I38: =F38+H38 -> 0 | N38: =+K38+M38 -> 0 | O38: =N38+I38 -> 0 | P38: =L38+J38+G38+E38 -> 0 | U38: 0 | V38: =Y38+W38 -> 0 | AA38: =Z38+X38 -> 0 | AB38: =AA38/$AL$47 -> 0 | AC38: 0 | AD38: 0 | AG38: =+AE38+AF38 -> 0 | AI38: =AH38/$AL$47 -> 0 | AL38: =AK38/$AL$47 -> 0
B39: 28 | I39: =F39+H39 -> 0 | N39: =+K39+M39 -> 0 | O39: =N39+I39 -> 0 | P39: =L39+J39+G39+E39 -> 0 | U39: 0 | V39: =Y39+W39 -> 0 | AA39: =Z39+X39 -> 0 | AB39: =AA39/$AL$47 -> 0 | AC39: 0 | AD39: 0 | AG39: =+AE39+AF39 -> 0 | AI39: =AH39/$AL$47 -> 0 | AL39: =AK39/$AL$47 -> 0
B40: 29 | I40: =F40+H40 -> 0 | N40: =+K40+M40 -> 0 | O40: =N40+I40 -> 0 | P40: =L40+J40+G40+E40 -> 0 | U40: 0 | V40: =Y40+W40 -> 0 | AA40: =Z40+X40 -> 0 | AB40: =AA40/$AL$47 -> 0 | AC40: 0 | AD40: 0 | AG40: =+AE40+AF40 -> 0 | AI40: =AH40/$AL$47 -> 0 | AL40: =AK40/$AL$47 -> 0
B41: 30 | I41: =F41+H41 -> 0 | N41: =+K41+M41 -> 0 | O41: =N41+I41 -> 0 | P41: =L41+J41+G41+E41 -> 0 | U41: 0 | V41: =Y41+W41 -> 0 | AA41: =Z41+X41 -> 0 | AB41: =AA41/$AL$47 -> 0 | AC41: 0 | AD41: 0 | AG41: =+AE41+AF41 -> 0 | AI41: =AH41/$AL$47 -> 0 | AL41: =AK41/$AL$47 -> 0
C46: =SUM(C12:C42) -> 421 | D46: =SUM(D12:D42) -> 3288 | E46: =SUM(E12:E42) -> 231120 | F46: =SUM(F12:F42) -> 2.5135895e+08 | G46: =SUM(G12:G42) -> 48560 | H46: =SUM(H12:H42) -> 79218526 | I46: =SUM(I12:I42) -> 3.3057747e+08 | J46: =SUM(J12:J42) -> 30740 | ... P46: =SUM(P12:P42) -> 319160 | S46: =Q46+P46 -> 319160 | T46: =R46+O46 -> 3.7826737e+08 | U46: =T46/AL47 -> 29151.106 | V46: =SUM(V12:V41) -> 14727 | W46: =SUM(W12:W41) -> 3824 | X46: =SUM(X12:X41) -> 68735401 | Y46: =SUM(Y12:Y41) -> 10903 | Z46: =SUM(Z12:Z41) -> 51323829 | AA46: =SUM(AA12:AA41) -> 1.2005923e+08 | AB46: =AA46/$AL$47 -> 9252.3426 | AC46: =SUM(AC12:AC41) -> 0 | AD46: =SUM(AD12:AD41) -> 0 | AE46: =SUM(AE12:AE41) -> 2300 | AF46: =SUM(AF12:AF41) -> 180 | AG46: =SUM(AG12:AG41) -> 2480 | AH46: =SUM(AH12:AH42) -> 39828500 | AI46: =AH46/$AL$47 -> 3069.3761 | AJ46: =SUM(AJ12:AJ42) -> 7041.71 | AK46: =SUM(AK12:AK41) -> 84500520 | AL46: =AK46/AL47 -> 6512.0171
T47: kWh rate | U47: =U46/S46 -> 0.091336966 | V47: m3/RNs | AK47: . | AL47: 12976.09

Sheet RNs & Covers December 2021
A1: Four Seasons Resort Bali at Jimbaran Bay
A2: 44531
A3: Date | B3: Room Nights | C3: Food Covers
A6: 1 | B6: 15 | C6: 97
A7: 2 | B7: 18 | C7: 135
A8: =A7+1 -> 3 | B8: 14 | C8: 162
A9: =A8+1 -> 4 | B9: 9 | C9: 119
A10: =A9+1 -> 5 | B10: 4 | C10: 136
A11: =A10+1 -> 6 | B11: 12 | C11: 53
A12: =A11+1 -> 7 | B12: 10 | C12: 79
A13: =A12+1 -> 8 | B13: 12 | C13: 77
A14: =A13+1 -> 9 | B14: 13 | C14: 101
A15: =A14+1 -> 10 | B15: 17 | C15: 145
A16: =A15+1 -> 11 | B16: 22 | C16: 365
A17: =A16+1 -> 12 | B17: 26 | C17: 194
A18: =A17+1 -> 13 | B18: 30 | C18: 189
A19: =A18+1 -> 14 | B19: 21 | C19: 194
... A25: =A24+1 -> 20 | B25: 26 | C25: 172
A26: =A25+1 -> 21
A27: =A26+1 -> 22
A28: =A27+1 -> 23
A29: =A28+1 -> 24
A30: =A29+1 -> 25
A31: =A30+1 -> 26
A32: =A31+1 -> 27
A33: =A32+1 -> 28
A34: =A33+1 -> 29
A35: =A34+1 -> 30
A36: =A35+1 -> 31
B37: =SUM(B6:B36) -> 421 | C37: =SUM(C6:C36) -> 3288
