Workbook

Sheet TOTAL
A1: Site Name | B1: Day | C1: Month | D1: Year | E1: Total Electricity Kwh | F1: Electricity Tariff ($/Kwh) | G1: Natual Gas (m3) | H1: Natural Gas $/m3 | I1: Water Utility Supply (m3) m3 | J1: Water Utility Supply (m3) $/m3 | K1: District Energy Cooling Kwh | L1: District Energy Cooling $/Kwh | M1: Room Nights | N1: Total Guests | O1: Utilities day cost dh
A2: Guangzhou | B2: 1 | C2: 12 | D2: 2020 | E2: =总计!P5 -> 44434.47 | F2: 0.675169 | G2: =总计!K5 -> 2489 | H2: 3.95 | I2: =总计!V5 -> 294.12 | J2: 4.86 | K2: =总计!R5*1000 -> 10000 | L2: =总计!S5/TOTAL!K2 -> 0.457162 | M2: =(总计!D5/100)*344 -> 261.9904 | N2: ='[1]Consommation mensuel énergie'!E10 -> 0 | O2: =E2*F2+G2*H2+#REF!*#REF!+I2*J2 -> #REF!
A3: Guangzhou | B3: =B2+1 -> 2 | C3: 12 | D3: 2020 | E3: =总计!P6 -> 40634.47 | F3: =F2 -> 0.675169 | G3: =总计!K6 -> 3191 | H3: =H2 -> 3.95 | I3: =总计!V6 -> 320.12 | J3: =J2 -> 4.86 | K3: =总计!R6*1000 -> 10000 | L3: =总计!S6/TOTAL!K3 -> 0.457162 | M3: =(总计!D6/100)*344 -> 298.0072 | N3: ='[1]Consommation mensuel énergie'!E11 -> 0 | O3: =E3*F3+G3*H3+#REF!*#REF!+I3*J3 -> #REF!
A4: Guangzhou | B4: =B3+1 -> 3 | C4: 12 | D4: 2020 | E4: =总计!P7 -> 40934.47 | F4: =F3 -> 0.675169 | G4: =总计!K7 -> 3366 | H4: =H3 -> 3.95 | I4: =总计!V7 -> 294.12 | J4: =J3 -> 4.86 | K4: =总计!R7*1000 -> 10000 | L4: =总计!S7/TOTAL!K4 -> 0.457162 | M4: =(总计!D7/100)*344 -> 324.0136 | N4: ='[1]Consommation mensuel énergie'!E12 -> 0 | O4: =E4*F4+G4*H4+#REF!*#REF!+I4*J4 -> #REF!
A5: Guangzhou | B5: =B4+1 -> 4 | C5: 12 | D5: 2020 | E5: =总计!P8 -> 40734.47 | F5: =F4 -> 0.675169 | G5: =总计!K8 -> 3672 | H5: =H4 -> 3.95 | I5: =总计!V8 -> 303.12 | J5: =J4 -> 4.86 | K5: =总计!R8*1000 -> 9000 | L5: =总计!S8/TOTAL!K5 -> 0.47555111 | M5: =(总计!D8/100)*344 -> 332.9576 | N5: ='[1]Consommation mensuel énergie'!E13 -> 0 | O5: =E5*F5+G5*H5+#REF!*#REF!+I5*J5 -> #REF!
A6: Guangzhou | B6: =B5+1 -> 5 | C6: 12 | D6: 2020 | E6: =总计!P9 -> 40334.47 | F6: =F5 -> 0.675169 | G6: =总计!K9 -> 3818 | H6: =H5 -> 3.95 | I6: =总计!V9 -> 297.12 | J6: =J5 -> 4.86 | K6: =总计!R9*1000 -> 11000 | L6: =总计!S9/TOTAL!K6 -> 0.44211636 | M6: =(总计!D9/100)*344 -> 306.8824 | N6: ='[1]Consommation mensuel énergie'!E14 -> 0 | O6: =E6*F6+G6*H6+#REF!*#REF!+I6*J6 -> #REF!
A7: Guangzhou | B7: =B6+1 -> 6 | C7: 12 | D7: 2020 | E7: =总计!P10 -> 38734.47 | F7: =F6 -> 0.675169 | G7: =总计!K10 -> 3700 | H7: =H6 -> 3.95 | I7: =总计!V10 -> 298.12 | J7: =J6 -> 4.86 | K7: =总计!R10*1000 -> 9000 | L7: =总计!S10/TOTAL!K7 -> 0.47555111 | M7: =(总计!D10/100)*344 -> 266.0152 | N7: ='[1]Consommation mensuel énergie'!E15 -> 0 | O7: =E7*F7+G7*H7+#REF!*#REF!+I7*J7 -> #REF!
A8: Guangzhou | B8: =B7+1 -> 7 | C8: 12 | D8: 2020 | E8: =总计!P11 -> 42934.47 | F8: =F7 -> 0.675169 | G8: =总计!K11 -> 3305 | H8: =H7 -> 3.95 | I8: =总计!V11 -> 263.12 | J8: =J7 -> 4.86 | K8: =总计!R11*1000 -> 10000 | L8: =总计!S11/TOTAL!K8 -> 0.457162 | M8: =(总计!D11/100)*344 -> 252.0144 | N8: ='[1]Consommation mensuel énergie'!E16 -> 0 | O8: =E8*F8+G8*H8+#REF!*#REF!+I8*J8 -> #REF!
A9: Guangzhou | B9: =B8+1 -> 8 | C9: 12 | D9: 2020 | E9: =总计!P12 -> 40034.47 | F9: =F8 -> 0.675169 | G9: =总计!K12 -> 3405 | H9: =H8 -> 3.95 | I9: =总计!V12 -> 291.12 | J9: =J8 -> 4.86 | K9: =总计!R12*1000 -> 11000 | L9: =总计!S12/TOTAL!K9 -> 0.44211636 | M9: =(总计!D12/100)*344 -> 300.0024 | N9: ='[1]Consommation mensuel énergie'!E17 -> 0 | O9: =E9*F9+G9*H9+#REF!*#REF!+I9*J9 -> #REF!
A10: Guangzhou | B10: =B9+1 -> 9 | C10: 12 | D10: 2020 | E10: =总计!P13 -> 40334.47 | F10: =F9 -> 0.675169 | G10: =总计!K13 -> 3386 | H10: =H9 -> 3.95 | I10: =总计!V13 -> 295.12 | J10: =J9 -> 4.86 | K10: =总计!R13*1000 -> 10000 | L10: =总计!S13/TOTAL!K10 -> 0.457162 | M10: =(总计!D13/100)*344 -> 315.9984 | N10: ='[1]Consommation mensuel énergie'!E18 -> 0 | O10: =E10*F10+G10*H10+#REF!*#REF!+I10*J10 -> #REF!
A11: Guangzhou | B11: =B10+1 -> 10 | C11: 12 | D11: 2020 | E11: =总计!P14 -> 42134.47 | F11: =F10 -> 0.675169 | G11: =总计!K14 -> 3443 | H11: =H10 -> 3.95 | I11: =总计!V14 -> 305.12 | J11: =J10 -> 4.86 | K11: =总计!R14*1000 -> 11000 | L11: =总计!S14/TOTAL!K11 -> 0.44211636 | M11: =(总计!D14/100)*344 -> 299.0048 | N11: ='[1]Consommation mensuel énergie'!E19 -> 0 | O11: =E11*F11+G11*H11+#REF!*#REF!+I11*J11 -> #REF!
A12: Guangzhou | B12: =B11+1 -> 11 | C12: 12 | D12: 2020 | E12: =总计!P15 -> 41834.47 | F12: =F11 -> 0.675169 | G12: =总计!K15 -> 3418 | H12: =H11 -> 3.95 | I12: =总计!V15 -> 353.12 | J12: =J11 -> 4.86 | K12: =总计!R15*1000 -> 11000 | L12: =总计!S15/TOTAL!K12 -> 0.44211636 | M12: =(总计!D15/100)*344 -> 309.0152 | N12: ='[1]Consommation mensuel énergie'!E20 -> 0 | O12: =E12*F12+G12*H12+#REF!*#REF!+I12*J12 -> #REF!
A13: Guangzhou | B13: =B12+1 -> 12 | C13: 12 | D13: 2020 | E13: =总计!P16 -> 42934.47 | F13: =F12 -> 0.675169 | G13: =总计!K16 -> 3811 | H13: =H12 -> 3.95 | I13: =总计!V16 -> 343.12 | J13: =J12 -> 4.86 | K13: =总计!R16*1000 -> 24000 | L13: =总计!S16/TOTAL!K13 -> 0.36061917 | M13: =(总计!D16/100)*344 -> 327.0064 | N13: ='[1]Consommation mensuel énergie'!E21 -> 0 | O13: =E13*F13+G13*H13+#REF!*#REF!+I13*J13 -> #REF!
A14: Guangzhou | B14: =B13+1 -> 13 | C14: 12 | D14: 2020 | E14: =总计!P17 -> 42034.47 | F14: =F13 -> 0.675169 | G14: =总计!K17 -> 3667 | H14: =H13 -> 3.95 | I14: =总计!V17 -> 288.12 | J14: =J13 -> 4.86 | K14: =总计!R17*1000 -> 8000 | L14: =总计!S17/TOTAL!K14 -> 0.4985375 | M14: =(总计!D17/100)*344 -> 266.0152 | N14: ='[1]Consommation mensuel énergie'!E22 -> 0 | O14: =E14*F14+G14*H14+#REF!*#REF!+I14*J14 -> #REF!
... A31: Guangzhou | B31: =B30+1 -> 30 | C31: 12 | D31: 2020 | E31: =总计!P34 -> 39334.47 | F31: =F30 -> 0.675169 | G31: =总计!K34 -> 3847 | H31: =H30 -> 3.95 | I31: =总计!V34 -> 285.12 | J31: =J30 -> 4.86 | K31: =总计!R34*1000 -> 9000 | L31: =总计!S34/TOTAL!K31 -> 0.47555111 | M31: =(总计!D34/100)*344 -> 227.3152 | N31: ='[1]Consommation mensuel énergie'!E39 -> 0 | O31: =E31*F31+G31*H31+#REF!*#REF!+I31*J31 -> #REF!
A32: Guangzhou | B32: =B31+1 -> 31 | C32: 12 | D32: 2020 | E32: =总计!P35 -> 42034.47 | F32: =F31 -> 0.675169 | G32: =总计!K35 -> 4108 | H32: =H31 -> 3.95 | I32: =总计!V35 -> 308.12 | J32: =J31 -> 4.86 | K32: =总计!R35*1000 -> 4000 | L32: =总计!S35/TOTAL!K32 -> 0.705415 | M32: =(总计!D35/100)*344 -> 333.852 | N32: 0

Sheet 总计
A1: UTILITIES CONSUMPTION REPORT(2020-12) 电费从2019年8月1号开始下降改为0.675169/Kwh，天然气从2018年6月1号开始下降改为4.17/m³2020年裙楼空调冷量价格为291.66/Mw.h+每天固定人工等1655.02元
A2: DATE 日期 | B2: Out door Temp℃ 户外 温度 | C2: Event Cover 宴会 人数 | D2: RoomOcc.% 客房率 | E2: Kitchen Gas 厨房天然气 (RMB3.95/m³) | G2: Boiler Gas 锅炉天然气(蒸汽) (RMB3.95/m³) | I2: Boiler Gas 锅炉天然气(热水) (RMB3.95/m³) | K2: General Gas 总天然气 (RMB3.95/m³) | M2: Chiller Electricity 制冷主机用电 | N2: Podium Electricity 裙楼用电 每月10.20.月末日抄表 | O2: Main Tower electricity 主塔用电 | P2: General electricity 总电量(*10000)(RMB0.675169/Kwh) | R2: Podium AC Consumption 裙楼空调用量 (Mw/h)Rmb291.66/MwH+1655.02/天 | T2: 主塔用水 | U2: 裙楼用水 每月10.20.30日抄表 | V2: Water Consumption 水用量 | X2: Daily Total Utility Expense(RMB) 每日能耗总费用
V3: domestic Water 生活水RMB4.86/m3
E4: Totalgas (m³) | F4: Total RMB | G4: Totalgas (m³) | H4: Total RMB | I4: Totalgas(m³) | J4: Total RMB | K4: Totalgas (m³) | L4: Total RMB | M4: Total electric (KWH) | N4: Total electric (KWH) | O4: Total electric (KWH) | P4: Total electric (KWH) | Q4: Total RMB | R4: Total (Mw/h0 | S4: Total RMB | T4: Total Water (m3) | U4: Total Water (m3) | V4: Total Water (m3) | W4: Total RMB
A5: 1 | B5: 13/23 | C5: 448 | D5: 76.16 | E5: =SUM([2]厨房燃气!BH7) -> 713 | F5: =IF(E5>0,E5*3.95,0) -> 2816.35 | G5: =SUM([2]厨房燃气!BJ7) -> 888 | H5: =IF(G5>0,G5*3.95,0) -> 3507.6 | I5: =SUM('[2]B1 & 102F 锅炉房'!G7) -> 888 | J5: =IF(I5>0,I5*3.95,0) -> 3507.6 | K5: =SUM(I5+G5+E5) -> 2489 | L5: =IF(K5>0,K5*3.95,0) -> 9831.55 | M5: =SUM([2]主塔楼空调用电量!V4) -> 6290 | N5: 12434.47 | O5: =SUM('[2]68F 高压F13&F30'!F7) -> 32000 | P5: =N5+O5 -> 44434.47 | Q5: =IF(P5>0,P5*0.675169) -> 30000.777 | R5: =SUM([2]裙楼空调用量!L4) -> 10 | S5: =IF(R5*417>0,R5*291.66+1655.02) -> 4571.62 | T5: =SUM('[2]B4 水表'!C7) -> 160 | U5: 134.12 | V5: =T5+U5 -> 294.12 | W5: =V5*4.86 -> 1429.4232 | X5: =SUM(L5+Q5+W5) -> 41261.75
A6: 2 | B6: 11\21 | C6: 428 | D6: 86.63 | E6: =SUM([2]厨房燃气!BH8) -> 775 | F6: =IF(E6>0,E6*3.95,0) -> 3061.25 | G6: =SUM('[2]B1 & 102F 锅炉房'!C8) -> 1433 | H6: =IF(G6>0,G6*3.95,0) -> 5660.35 | I6: =SUM('[2]B1 & 102F 锅炉房'!G8) -> 983 | J6: =IF(I6>0,I6*3.95,0) -> 3882.85 | K6: =SUM(I6+G6+E6) -> 3191 | L6: =IF(K6>0,K6*3.95,0) -> 12604.45 | M6: =SUM([2]主塔楼空调用电量!V5) -> 5508 | N6: 12434.47 | O6: =SUM('[2]68F 高压F13&F30'!F8) -> 28200 | P6: =N6+O6 -> 40634.47 | Q6: =IF(P6>0,P6*0.675169) -> 27435.134 | R6: =SUM([2]裙楼空调用量!L5) -> 10 | S6: =IF(R6*417>0,R6*291.66+1655.02) -> 4571.62 | T6: =SUM('[2]B4 水表'!C8) -> 186 | U6: 134.12 | V6: =T6+U6 -> 320.12 | W6: =V6*4.86 -> 1555.7832 | X6: =SUM(L6+Q6+W6) -> 41595.368
A7: 3 | B7: 9\19 | C7: 903 | D7: 94.19 | E7: =SUM([2]厨房燃气!BH9) -> 653 | F7: =IF(E7>0,E7*3.95,0) -> 2579.35 | G7: =SUM('[2]B1 & 102F 锅炉房'!C9) -> 1459 | H7: =IF(G7>0,G7*3.95,0) -> 5763.05 | I7: =SUM('[2]B1 & 102F 锅炉房'!G9) -> 1254 | J7: =IF(I7>0,I7*3.95,0) -> 4953.3 | K7: =SUM(I7+G7+E7) -> 3366 | L7: =IF(K7>0,K7*3.95,0) -> 13295.7 | M7: =SUM([2]主塔楼空调用电量!V6) -> 5221 | N7: 12434.47 | O7: =SUM('[2]68F 高压F13&F30'!F9) -> 28500 | P7: =N7+O7 -> 40934.47 | Q7: =IF(P7>0,P7*0.675169) -> 27637.685 | R7: =SUM([2]裙楼空调用量!L6) -> 10 | S7: =IF(R7*417>0,R7*291.66+1655.02) -> 4571.62 | T7: =SUM('[2]B4 水表'!C9) -> 160 | U7: 134.12 | V7: =T7+U7 -> 294.12 | W7: =V7*4.86 -> 1429.4232 | X7: =SUM(L7+Q7+W7) -> 42362.808
A8: 4 | B8: 11\21 | C8: 511 | D8: 96.79 | E8: =SUM([2]厨房燃气!BH10) -> 635 | F8: =IF(E8>0,E8*3.95,0) -> 2508.25 | G8: =SUM('[2]B1 & 102F 锅炉房'!C10) -> 1610 | H8: =IF(G8>0,G8*3.95,0) -> 6359.5 | I8: =SUM('[2]B1 & 102F 锅炉房'!G10) -> 1427 | J8: =IF(I8>0,I8*3.95,0) -> 5636.65 | K8: =SUM(I8+G8+E8) -> 3672 | L8: =IF(K8>0,K8*3.95,0) -> 14504.4 | M8: =SUM([2]主塔楼空调用电量!V7) -> 5111 | N8: 12434.47 | O8: =SUM('[2]68F 高压F13&F30'!F10) -> 28300 | P8: =N8+O8 -> 40734.47 | Q8: =IF(P8>0,P8*0.675169) -> 27502.651 | R8: =SUM([2]裙楼空调用量!L7) -> 9 | S8: =IF(R8*417>0,R8*291.66+1655.02) -> 4279.96 | T8: =SUM('[2]B4 水表'!C10) -> 169 | U8: 134.12 | V8: =T8+U8 -> 303.12 | W8: =V8*4.86 -> 1473.1632 | X8: =SUM(L8+Q8+W8) -> 43480.215
A9: 5 | B9: 13\23 | C9: 1037 | D9: 89.21 | E9: =SUM([2]厨房燃气!BH11) -> 865 | F9: =IF(E9>0,E9*3.95,0) -> 3416.75 | G9: =SUM('[2]B1 & 102F 锅炉房'!C11) -> 1560 | H9: =IF(G9>0,G9*3.95,0) -> 6162 | I9: =SUM('[2]B1 & 102F 锅炉房'!G11) -> 1393 | J9: =IF(I9>0,I9*3.95,0) -> 5502.35 | K9: =SUM(I9+G9+E9) -> 3818 | L9: =IF(K9>0,K9*3.95,0) -> 15081.1 | M9: =SUM([2]主塔楼空调用电量!V8) -> 4572 | N9: 12434.47 | O9: =SUM('[2]68F 高压F13&F30'!F11) -> 27900 | P9: =N9+O9 -> 40334.47 | Q9: =IF(P9>0,P9*0.675169) -> 27232.584 | R9: =SUM([2]裙楼空调用量!L8) -> 11 | S9: =IF(R9*417>0,R9*291.66+1655.02) -> 4863.28 | T9: =SUM('[2]B4 水表'!C11) -> 163 | U9: 134.12 | V9: =T9+U9 -> 297.12 | W9: =V9*4.86 -> 1444.0032 | X9: =SUM(L9+Q9+W9) -> 43757.687
A10: 6 | B10: 11\23 | C10: 710 | D10: 77.33 | E10: =SUM([2]厨房燃气!BH12) -> 747 | F10: =IF(E10>0,E10*3.95,0) -> 2950.65 | G10: =SUM('[2]B1 & 102F 锅炉房'!C12) -> 1601 | H10: =IF(G10>0,G10*3.95,0) -> 6323.95 | I10: =SUM('[2]B1 & 102F 锅炉房'!G12) -> 1352 | J10: =IF(I10>0,I10*3.95,0) -> 5340.4 | K10: =SUM(I10+G10+E10) -> 3700 | L10: =IF(K10>0,K10*3.95,0) -> 14615 | M10: =SUM([2]主塔楼空调用电量!V9) -> 3890 | N10: 12434.47 | O10: =SUM('[2]68F 高压F13&F30'!F12) -> 26300 | P10: =N10+O10 -> 38734.47 | Q10: =IF(P10>0,P10*0.675169) -> 26152.313 | R10: =SUM([2]裙楼空调用量!L9) -> 9 | S10: =IF(R10*417>0,R10*291.66+1655.02) -> 4279.96 | T10: =SUM('[2]B4 水表'!C12) -> 164 | U10: 134.12 | V10: =T10+U10 -> 298.12 | W10: =V10*4.86 -> 1448.8632 | X10: =SUM(L10+Q10+W10) -> 42216.177
A11: 7 | B11: 12\23 | C11: 1604 | D11: 73.26 | E11: =SUM([2]厨房燃气!BH13) -> 643 | F11: =IF(E11>0,E11*3.95,0) -> 2539.85 | G11: =SUM('[2]B1 & 102F 锅炉房'!C13) -> 1630 | H11: =IF(G11>0,G11*3.95,0) -> 6438.5 | I11: =SUM('[2]B1 & 102F 锅炉房'!G13) -> 1032 | J11: =IF(I11>0,I11*3.95,0) -> 4076.4 | K11: =SUM(I11+G11+E11) -> 3305 | L11: =IF(K11>0,K11*3.95,0) -> 13054.75 | M11: =SUM([2]主塔楼空调用电量!V10) -> 6920 | N11: 12434.47 | O11: =SUM('[2]68F 高压F13&F30'!F13) -> 30500 | P11: =N11+O11 -> 42934.47 | Q11: =IF(P11>0,P11*0.675169) -> 28988.023 | R11: =SUM([2]裙楼空调用量!L10) -> 10 | S11: =IF(R11*417>0,R11*291.66+1655.02) -> 4571.62 | T11: =SUM('[2]B4 水表'!C13) -> 129 | U11: 134.12 | V11: =T11+U11 -> 263.12 | W11: =V11*4.86 -> 1278.7632 | X11: =SUM(L11+Q11+W11) -> 43321.536
A12: 8 | B12: 16\23 | C12: 368 | D12: 87.21 | E12: =SUM([2]厨房燃气!BH14) -> 712 | F12: =IF(E12>0,E12*3.95,0) -> 2812.4 | G12: =SUM('[2]B1 & 102F 锅炉房'!C14) -> 1508 | H12: =IF(G12>0,G12*3.95,0) -> 5956.6 | I12: =SUM('[2]B1 & 102F 锅炉房'!G14) -> 1185 | J12: =IF(I12>0,I12*3.95,0) -> 4680.75 | K12: =SUM(I12+G12+E12) -> 3405 | L12: =IF(K12>0,K12*3.95,0) -> 13449.75 | M12: =SUM([2]主塔楼空调用电量!V11) -> 5533 | N12: 12434.47 | O12: =SUM('[2]68F 高压F13&F30'!F14) -> 27600 | P12: =N12+O12 -> 40034.47 | Q12: =IF(P12>0,P12*0.675169) -> 27030.033 | R12: =SUM([2]裙楼空调用量!L11) -> 11 | S12: =IF(R12*417>0,R12*291.66+1655.02) -> 4863.28 | T12: =SUM('[2]B4 水表'!C14) -> 157 | U12: 134.12 | V12: =T12+U12 -> 291.12 | W12: =V12*4.86 -> 1414.8432 | X12: =SUM(L12+Q12+W12) -> 41894.626
A13: 9 | B13: 16\23 | C13: 434 | D13: 91.86 | E13: =SUM([2]厨房燃气!BH15) -> 763 | F13: =IF(E13>0,E13*3.95,0) -> 3013.85 | G13: =SUM('[2]B1 & 102F 锅炉房'!C15) -> 1518 | H13: =IF(G13>0,G13*3.95,0) -> 5996.1 | I13: =SUM('[2]B1 & 102F 锅炉房'!G15) -> 1105 | J13: =IF(I13>0,I13*3.95,0) -> 4364.75 | K13: =SUM(I13+G13+E13) -> 3386 | L13: =IF(K13>0,K13*3.95,0) -> 13374.7 | M13: =SUM([2]主塔楼空调用电量!V12) -> 5176 | N13: 12434.47 | O13: =SUM('[2]68F 高压F13&F30'!F15) -> 27900 | P13: =N13+O13 -> 40334.47 | Q13: =IF(P13>0,P13*0.675169) -> 27232.584 | R13: =SUM([2]裙楼空调用量!L12) -> 10 | S13: =IF(R13*417>0,R13*291.66+1655.02) -> 4571.62 | T13: =SUM('[2]B4 水表'!C15) -> 161 | U13: 134.12 | V13: =T13+U13 -> 295.12 | W13: =V13*4.86 -> 1434.2832 | X13: =SUM(L13+Q13+W13) -> 42041.567
A14: 10 | B14: 17\23 | C14: 630 | D14: 86.92 | E14: =SUM([2]厨房燃气!BH16) -> 718 | F14: =IF(E14>0,E14*3.95,0) -> 2836.1 | G14: =SUM('[2]B1 & 102F 锅炉房'!C16) -> 1571 | H14: =IF(G14>0,G14*3.95,0) -> 6205.45 | I14: =SUM('[2]B1 & 102F 锅炉房'!G16) -> 1154 | J14: =IF(I14>0,I14*3.95,0) -> 4558.3 | K14: =SUM(I14+G14+E14) -> 3443 | L14: =IF(K14>0,K14*3.95,0) -> 13599.85 | M14: =SUM([2]主塔楼空调用电量!V13) -> 6182 | N14: 12434.47 | O14: =SUM('[2]68F 高压F13&F30'!F16) -> 29700 | P14: =N14+O14 -> 42134.47 | Q14: =IF(P14>0,P14*0.675169) -> 28447.888 | R14: =SUM([2]裙楼空调用量!L13) -> 11 | S14: =IF(R14*417>0,R14*291.66+1655.02) -> 4863.28 | T14: =SUM('[2]B4 水表'!C16) -> 171 | U14: 134.12 | V14: =T14+U14 -> 305.12 | W14: =V14*4.86 -> 1482.8832 | X14: =SUM(L14+Q14+W14) -> 43530.621
A15: 11 | B15: 19\25 | C15: 1020 | D15: 89.83 | E15: =SUM([2]厨房燃气!BH17) -> 737 | F15: =IF(E15>0,E15*3.95,0) -> 2911.15 | G15: =SUM('[2]B1 & 102F 锅炉房'!C17) -> 1545 | H15: =IF(G15>0,G15*3.95,0) -> 6102.75 | I15: =SUM('[2]B1 & 102F 锅炉房'!G17) -> 1136 | J15: =IF(I15>0,I15*3.95,0) -> 4487.2 | K15: =SUM(I15+G15+E15) -> 3418 | L15: =IF(K15>0,K15*3.95,0) -> 13501.1 | M15: =SUM([2]主塔楼空调用电量!V14) -> 6062 | N15: 12434.47 | O15: =SUM('[2]68F 高压F13&F30'!F17) -> 29400 | P15: =N15+O15 -> 41834.47 | Q15: =IF(P15>0,P15*0.675169) -> 28245.337 | R15: =SUM([2]裙楼空调用量!L14) -> 11 | S15: =IF(R15*417>0,R15*291.66+1655.02) -> 4863.28 | T15: =SUM('[2]B4 水表'!C17) -> 219 | U15: 134.12 | V15: =T15+U15 -> 353.12 | W15: =V15*4.86 -> 1716.1632 | X15: =SUM(L15+Q15+W15) -> 43462.6
A16: 12 | B16: 19\25 | C16: 1182 | D16: 95.06 | E16: =SUM([2]厨房燃气!BH18) -> 1032 | F16: =IF(E16>0,E16*3.95,0) -> 4076.4 | G16: =SUM('[2]B1 & 102F 锅炉房'!C18) -> 1587 | H16: =IF(G16>0,G16*3.95,0) -> 6268.65 | I16: =SUM('[2]B1 & 102F 锅炉房'!G18) -> 1192 | J16: =IF(I16>0,I16*3.95,0) -> 4708.4 | K16: =SUM(I16+G16+E16) -> 3811 | L16: =IF(K16>0,K16*3.95,0) -> 15053.45 | M16: =SUM([2]主塔楼空调用电量!V15) -> 5944 | N16: 12434.47 | O16: =SUM('[2]68F 高压F13&F30'!F18) -> 30500 | P16: =N16+O16 -> 42934.47 | Q16: =IF(P16>0,P16*0.675169) -> 28988.023 | R16: =SUM([2]裙楼空调用量!L15) -> 24 | S16: =IF(R16*417>0,R16*291.66+1655.02) -> 8654.86 | T16: =SUM('[2]B4 水表'!C18) -> 209 | U16: 134.12 | V16: =T16+U16 -> 343.12 | W16: =V16*4.86 -> 1667.5632 | X16: =SUM(L16+Q16+W16) -> 45709.036
A17: 13 | B17: 10\16 | C17: 20 | D17: 77.33 | E17: =SUM([2]厨房燃气!BH19) -> 793 | F17: =IF(E17>0,E17*3.95,0) -> 3132.35 | G17: =SUM('[2]B1 & 102F 锅炉房'!C19) -> 1601 | H17: =IF(G17>0,G17*3.95,0) -> 6323.95 | I17: =SUM('[2]B1 & 102F 锅炉房'!G19) -> 1273 | J17: =IF(I17>0,I17*3.95,0) -> 5028.35 | K17: =SUM(I17+G17+E17) -> 3667 | L17: =IF(K17>0,K17*3.95,0) -> 14484.65 | M17: =SUM([2]主塔楼空调用电量!V16) -> 5441 | N17: 12434.47 | O17: =SUM('[2]68F 高压F13&F30'!F19) -> 29600 | P17: =N17+O17 -> 42034.47 | Q17: =IF(P17>0,P17*0.675169) -> 28380.371 | R17: =SUM([2]裙楼空调用量!L16) -> 8 | S17: =IF(R17*417>0,R17*291.66+1655.02) -> 3988.3 | T17: =SUM('[2]B4 水表'!C19) -> 154 | U17: 134.12 | V17: =T17+U17 -> 288.12 | W17: =V17*4.86 -> 1400.2632 | X17: =SUM(L17+Q17+W17) -> 44265.284
... A20: 16 | B20: 11\14 | C20: 128 | D20: 88.2 | E20: =SUM([2]厨房燃气!BH22) -> 681 | F20: =IF(E20>0,E20*3.95,0) -> 2689.95 | G20: =SUM('[2]B1 & 102F 锅炉房'!C22) -> 1456 | H20: =IF(G20>0,G20*3.95,0) -> 5751.2 | I20: =SUM('[2]B1 & 102F 锅炉房'!G22) -> 1575 | J20: =IF(I20>0,I20*3.95,0) -> 6221.25 | K20: =SUM(I20+G20+E20) -> 3712 | L20: =IF(K20>0,K20*3.95,0) -> 14662.4 | M20: =SUM([2]主塔楼空调用电量!V19) -> 3932 | N20: 12434.47 | O20: =SUM('[2]68F 高压F13&F30'!F22) -> 27100 | P20: =N20+O20 -> 39534.47 | Q20: =IF(P20>0,P20*0.675169) -> 26692.449 | R20: =SUM([2]裙楼空调用量!L19) -> 5 | S20: =IF(R20*417>0,R20*291.66+1655.02) -> 3113.32 | T20: =SUM('[2]B4 水表'!C22) -> 147 | U20: 134.12 | V20: =T20+U20 -> 281.12 | W20: =V20*4.86 -> 1366.2432 | X20: =SUM(L20+Q20+W20) -> 42721.092
A21: 17 | B21: 9\13 | C21: 785 | D21: 93.6 | E21: =SUM([2]厨房燃气!BH23) -> 624 | F21: =IF(E21>0,E21*3.95,0) -> 2464.8 | G21: =SUM('[2]B1 & 102F 锅炉房'!C23) -> 1584 | H21: =IF(G21>0,G21*3.95,0) -> 6256.8 | I21: =SUM('[2]B1 & 102F 锅炉房'!G23) -> 1348 | J21: =IF(I21>0,I21*3.95,0) -> 5324.6 | K21: =SUM(E21+G21+I21) -> 3556 | L21: =IF(K21>0,K21*3.95,0) -> 14046.2 | M21: =SUM([2]主塔楼空调用电量!V20) -> 3655 | N21: 12434.47 | O21: =SUM('[2]68F 高压F13&F30'!F23) -> 26400 | P21: =N21+O21 -> 38834.47 | Q21: =IF(P21>0,P21*0.675169) -> 26219.83 | R21: =SUM([2]裙楼空调用量!L20) -> 6 | S21: =IF(R21*417>0,R21*291.66+1655.02) -> 3404.98 | T21: =SUM('[2]B4 水表'!C23) -> 153 | U21: 134.12 | V21: =T21+U21 -> 287.12 | W21: =V21*4.86 -> 1395.4032 | X21: =SUM(L21+Q21+W21) -> 41661.433
A22: 18 | B22: 9\16 | C22: 1987 | D22: 87.5 | E22: =SUM([2]厨房燃气!BH24) -> 772 | F22: =IF(E22>0,E22*3.95,0) -> 3049.4 | G22: =SUM('[2]B1 & 102F 锅炉房'!C24) -> 1718 | H22: =IF(G22>0,G22*3.95,0) -> 6786.1 | I22: =SUM('[2]B1 & 102F 锅炉房'!G24) -> 1955 | J22: =IF(I22>0,I22*3.95,0) -> 7722.25 | K22: =SUM(I22+G22+E22) -> 4445 | L22: =IF(K22>0,K22*3.95,0) -> 17557.75 | M22: =SUM([2]主塔楼空调用电量!V21) -> 4152 | N22: 12434.47 | O22: =SUM('[2]68F 高压F13&F30'!F24) -> 27800 | P22: =N22+O22 -> 40234.47 | Q22: =IF(P22>0,P22*0.675169) -> 27165.067 | R22: =SUM([2]裙楼空调用量!L21) -> 8 | S22: =IF(R22*417>0,R22*291.66+1655.02) -> 3988.3 | T22: =SUM('[2]B4 水表'!C24) -> 150 | U22: 134.12 | V22: =T22+U22 -> 284.12 | W22: =V22*4.86 -> 1380.8232 | X22: =SUM(L22+Q22+W22) -> 46103.64
A23: 19 | B23: 9\17 | C23: 786 | D23: 87.5 | E23: =SUM([2]厨房燃气!BH25) -> 816 | F23: =IF(E23>0,E23*3.95,0) -> 3223.2 | G23: =SUM('[2]B1 & 102F 锅炉房'!C25) -> 1645 | H23: =IF(G23>0,G23*3.95,0) -> 6497.75 | I23: =SUM('[2]B1 & 102F 锅炉房'!G25) -> 1708 | J23: =IF(I23>0,I23*3.95,0) -> 6746.6 | K23: =SUM(I23+G23+E23) -> 4169 | L23: =IF(K23>0,K23*3.95,0) -> 16467.55 | M23: =SUM([2]主塔楼空调用电量!V22) -> 3302 | N23: 12434.47 | O23: =SUM('[2]68F 高压F13&F30'!F25) -> 27600 | P23: =N23+O23 -> 40034.47 | Q23: =IF(P23>0,P23*0.675169) -> 27030.033 | R23: =SUM([2]裙楼空调用量!L22) -> 5 | S23: =IF(R23*417>0,R23*291.66+1655.02) -> 3113.32 | T23: =SUM('[2]B4 水表'!C25) -> 160 | U23: 134.12 | V23: =T23+U23 -> 294.12 | W23: =V23*4.86 -> 1429.4232 | X23: =SUM(L23+Q23+W23) -> 44927.006
A24: 20 | B24: 9\19 | C24: 1121 | D24: 73.26 | E24: =SUM([2]厨房燃气!BH26) -> 708 | F24: =IF(E24>0,E24*3.95,0) -> 2796.6 | G24: =SUM('[2]B1 & 102F 锅炉房'!C26) -> 1673 | H24: =IF(G24>0,G24*3.95,0) -> 6608.35 | I24: =SUM('[2]B1 & 102F 锅炉房'!G26) -> 1659 | J24: =IF(I24>0,I24*3.95,0) -> 6553.05 | K24: =SUM(I24+G24+E24) -> 4040 | L24: =IF(K24>0,K24*3.95,0) -> 15958 | M24: =SUM([2]主塔楼空调用电量!V23) -> 3620 | N24: 12434.47 | O24: =SUM('[2]68F 高压F13&F30'!F26) -> 27400 | P24: =N24+O24 -> 39834.47 | Q24: =IF(P24>0,P24*0.675169) -> 26894.999 | R24: =SUM([2]裙楼空调用量!L23) -> 5 | S24: =IF(R24*417>0,R24*291.66+1655.02) -> 3113.32 | T24: =SUM('[2]B4 水表'!C26) -> 238 | U24: 134.12 | V24: =T24+U24 -> 372.12 | W24: =V24*4.86 -> 1808.5032 | X24: =SUM(L24+Q24+W24) -> 44661.502
A25: 21 | B25: 15\21 | C25: 147 | D25: 88.95 | E25: =SUM([2]厨房燃气!BH27) -> 815 | F25: =IF(E25>0,E25*3.95,0) -> 3219.25 | G25: =SUM('[2]B1 & 102F 锅炉房'!C27) -> 1588 | H25: =IF(G25>0,G25*3.95,0) -> 6272.6 | I25: =SUM('[2]B1 & 102F 锅炉房'!G27) -> 1533 | J25: =IF(I25>0,I25*3.95,0) -> 6055.35 | K25: =SUM(I25+G25+E25) -> 3936 | L25: =IF(K25>0,K25*3.95,0) -> 15547.2 | M25: =SUM([2]主塔楼空调用电量!V24) -> 3762 | N25: 12434.47 | O25: =SUM('[2]68F 高压F13&F30'!F27) -> 30300 | P25: =N25+O25 -> 42734.47 | Q25: =IF(P25>0,P25*0.675169) -> 28852.989 | R25: =SUM([2]裙楼空调用量!L24) -> 8 | S25: =IF(R25*417>0,R25*291.66+1655.02) -> 3988.3 | T25: =SUM('[2]B4 水表'!C27) -> 132 | U25: 134.12 | V25: =T25+U25 -> 266.12 | W25: =V25*4.86 -> 1293.3432 | X25: =SUM(L25+Q25+W25) -> 45693.533
A26: 22 | B26: 14/20 | C26: 224 | D26: 77.03 | E26: =SUM([2]厨房燃气!BH28) -> 547 | F26: =IF(E26>0,E26*3.95,0) -> 2160.65 | G26: =SUM('[2]B1 & 102F 锅炉房'!C28) -> 1592 | H26: =IF(G26>0,G26*3.95,0) -> 6288.4 | I26: =SUM('[2]B1 & 102F 锅炉房'!G28) -> 1496 | J26: =IF(I26>0,I26*3.95,0) -> 5909.2 | K26: =SUM(I26+G26+E26) -> 3635 | L26: =IF(K26>0,K26*3.95,0) -> 14358.25 | M26: =SUM([2]主塔楼空调用电量!V25) -> 4638 | N26: 12434.47 | O26: =SUM('[2]68F 高压F13&F30'!F28) -> 24000 | P26: =N26+O26 -> 36434.47 | Q26: =IF(P26>0,P26*0.675169) -> 24599.425 | R26: =SUM([2]裙楼空调用量!L25) -> 5 | S26: =IF(R26*417>0,R26*291.66+1655.02) -> 3113.32 | T26: =SUM('[2]B4 水表'!C28) -> 150 | U26: 134.12 | V26: =T26+U26 -> 284.12 | W26: =V26*4.86 -> 1380.8232 | X26: =SUM(L26+Q26+W26) -> 40338.498
A27: 23 | B27: 13/23 | C27: 326 | D27: 75.87 | E27: =SUM([2]厨房燃气!BH29) -> 641 | F27: =IF(E27>0,E27*3.95,0) -> 2531.95 | G27: =SUM('[2]B1 & 102F 锅炉房'!C29) -> 1569 | H27: =IF(G27>0,G27*3.95,0) -> 6197.55 | I27: =SUM('[2]B1 & 102F 锅炉房'!G29) -> 1351 | J27: =IF(I27>0,I27*3.95,0) -> 5336.45 | K27: =SUM(I27+G27+E27) -> 3561 | L27: =IF(K27>0,K27*3.95,0) -> 14065.95 | M27: =SUM([2]主塔楼空调用电量!V26) -> 5329 | N27: 12434.47 | O27: =SUM('[2]68F 高压F13&F30'!F29) -> 28800 | P27: =N27+O27 -> 41234.47 | Q27: =IF(P27>0,P27*0.675169) -> 27840.236 | R27: =SUM([2]裙楼空调用量!L26) -> 7 | S27: =IF(R27*417>0,R27*291.66+1655.02) -> 3696.64 | T27: =SUM('[2]B4 水表'!C29) -> 180 | U27: 134.12 | V27: =T27+U27 -> 314.12 | W27: =V27*4.86 -> 1526.6232 | X27: =SUM(L27+Q27+W27) -> 43432.809
A28: 24 | B28: 14/21 | C28: 238 | D28: 86.34 | E28: =SUM([2]厨房燃气!BH30) -> 759 | F28: =IF(E28>0,E28*3.95,0) -> 2998.05 | G28: =SUM('[2]B1 & 102F 锅炉房'!C30) -> 1590 | H28: =IF(G28>0,G28*3.95,0) -> 6280.5 | I28: =SUM('[2]B1 & 102F 锅炉房'!G30) -> 1395 | J28: =IF(I28>0,I28*3.95,0) -> 5510.25 | K28: =SUM(I28+G28+E28) -> 3744 | L28: =IF(K28>0,K28*3.95,0) -> 14788.8 | M28: =SUM([2]主塔楼空调用电量!V27) -> 5512 | N28: 12434.47 | O28: =SUM('[2]68F 高压F13&F30'!F30) -> 30100 | P28: =N28+O28 -> 42534.47 | Q28: =IF(P28>0,P28*0.675169) -> 28717.956 | R28: =SUM([2]裙楼空调用量!L27) -> 8 | S28: =IF(R28*417>0,R28*291.66+1655.02) -> 3988.3 | T28: =SUM('[2]B4 水表'!C30) -> 209 | U28: 134.12 | V28: =T28+U28 -> 343.12 | W28: =V28*4.86 -> 1667.5632 | X28: =SUM(L28+Q28+W28) -> 45174.319
A29: 25 | B29: 16/23 | C29: 656 | D29: 87.21 | E29: =SUM([2]厨房燃气!BH31) -> 826 | F29: =IF(E29>0,E29*3.95,0) -> 3262.7 | G29: =SUM('[2]B1 & 102F 锅炉房'!C31) -> 1558 | H29: =IF(G29>0,G29*3.95,0) -> 6154.1 | I29: =SUM('[2]B1 & 102F 锅炉房'!G31) -> 1507 | J29: =IF(I29>0,I29*3.95,0) -> 5952.65 | K29: =SUM(I29+G29+E29) -> 3891 | L29: =IF(K29>0,K29*3.95,0) -> 15369.45 | M29: =SUM([2]主塔楼空调用电量!V28) -> 4503 | N29: 12434.47 | O29: =SUM('[2]68F 高压F13&F30'!F31) -> 29100 | P29: =N29+O29 -> 41534.47 | Q29: =IF(P29>0,P29*0.675169) -> 28042.787 | R29: =SUM([2]裙楼空调用量!L28) -> 9 | S29: =IF(R29*417>0,R29*291.66+1655.02) -> 4279.96 | T29: =SUM('[2]B4 水表'!C31) -> 193 | U29: 134.12 | V29: =T29+U29 -> 327.12 | W29: =V29*4.86 -> 1589.8032 | X29: =SUM(L29+Q29+W29) -> 45002.04
A30: 26 | B30: 15/26 | C30: 402 | D30: 91.28 | E30: =SUM([2]厨房燃气!BH32) -> 814 | F30: =IF(E30>0,E30*3.95,0) -> 3215.3 | G30: =SUM('[2]B1 & 102F 锅炉房'!C32) -> 1591 | H30: =IF(G30>0,G30*3.95,0) -> 6284.45 | I30: =SUM('[2]B1 & 102F 锅炉房'!G32) -> 1469 | J30: =IF(I30>0,I30*3.95,0) -> 5802.55 | K30: =SUM(I30+G30+E30) -> 3874 | L30: =IF(K30>0,K30*3.95,0) -> 15302.3 | M30: =SUM([2]主塔楼空调用电量!V29) -> 4426 | N30: 12434.47 | O30: =SUM('[2]68F 高压F13&F30'!F32) -> 29100 | P30: =N30+O30 -> 41534.47 | Q30: =IF(P30>0,P30*0.675169) -> 28042.787 | R30: =SUM([2]裙楼空调用量!L29) -> 8 | S30: =IF(R30*417>0,R30*291.66+1655.02) -> 3988.3 | T30: =SUM('[2]B4 水表'!C32) -> 206 | U30: 134.12 | V30: =T30+U30 -> 340.12 | W30: =V30*4.86 -> 1652.9832 | X30: =SUM(L30+Q30+W30) -> 44998.07
A31: 27 | B31: 16/26 | C31: 955 | D31: 71.22 | E31: =SUM([2]厨房燃气!BH33) -> 794 | F31: =IF(E31>0,E31*3.95,0) -> 3136.3 | G31: =SUM('[2]B1 & 102F 锅炉房'!C33) -> 1599 | H31: =IF(G31>0,G31*3.95,0) -> 6316.05 | I31: =SUM('[2]B1 & 102F 锅炉房'!G33) -> 1193 | J31: =IF(I31>0,I31*3.95,0) -> 4712.35 | K31: =SUM(I31+G31+E31) -> 3586 | L31: =IF(K31>0,K31*3.95,0) -> 14164.7 | M31: =SUM([2]主塔楼空调用电量!V30) -> 5696 | N31: 12434.47 | O31: =SUM('[2]68F 高压F13&F30'!F33) -> 30300 | P31: =N31+O31 -> 42734.47 | Q31: =IF(P31>0,P31*0.675169) -> 28852.989 | R31: =SUM([2]裙楼空调用量!L30) -> 8 | S31: =IF(R31*417>0,R31*291.66+1655.02) -> 3988.3 | T31: =SUM('[2]B4 水表'!C33) -> 188 | U31: 134.12 | V31: =T31+U31 -> 322.12 | W31: =V31*4.86 -> 1565.5032 | X31: =SUM(L31+Q31+W31) -> 44583.193
A32: 28 | B32: 9\26 | C32: 214 | D32: 69.77 | E32: =SUM([2]厨房燃气!BH34) -> 649 | F32: =IF(E32>0,E32*3.95,0) -> 2563.55 | G32: =SUM('[2]B1 & 102F 锅炉房'!C34) -> 1637 | H32: =IF(G32>0,G32*3.95,0) -> 6466.15 | I32: =SUM('[2]B1 & 102F 锅炉房'!G34) -> 1115 | J32: =IF(I32>0,I32*3.95,0) -> 4404.25 | K32: =SUM(I32+G32+E32) -> 3401 | L32: =IF(K32>0,K32*3.95,0) -> 13433.95 | M32: =SUM([2]主塔楼空调用电量!V31) -> 6447 | N32: 12434.47 | O32: =SUM('[2]68F 高压F13&F30'!F34) -> 30300 | P32: =N32+O32 -> 42734.47 | Q32: =IF(P32>0,P32*0.675169) -> 28852.989 | R32: =SUM([2]裙楼空调用量!L31) -> 12 | S32: =IF(R32*417>0,R32*291.66+1655.02) -> 5154.94 | T32: =SUM('[2]B4 水表'!C34) -> 217 | U32: 134.12 | V32: =T32+U32 -> 351.12 | W32: =V32*4.86 -> 1706.4432 | X32: =SUM(L32+Q32+W32) -> 43993.383
A33: 29 | B33: 4\15 | C33: 382 | D33: 72.67 | E33: =SUM([2]厨房燃气!BH35) -> 601 | F33: =IF(E33>0,E33*3.95,0) -> 2373.95 | G33: =SUM('[2]B1 & 102F 锅炉房'!C35) -> 1666 | H33: =IF(G33>0,G33*3.95,0) -> 6580.7 | I33: =SUM('[2]B1 & 102F 锅炉房'!G35) -> 1177 | J33: =IF(I33>0,I33*3.95,0) -> 4649.15 | K33: =SUM(I33+G33+E33) -> 3444 | L33: =IF(K33>0,K33*3.95,0) -> 13603.8 | M33: =SUM([2]主塔楼空调用电量!V32) -> 7033 | N33: 12434.47 | O33: =SUM('[2]68F 高压F13&F30'!F35) -> 30800 | P33: =N33+O33 -> 43234.47 | Q33: =IF(P33>0,P33*0.675169) -> 29190.574 | R33: =SUM([2]裙楼空调用量!L32) -> 12 | S33: =IF(R33*417>0,R33*291.66+1655.02) -> 5154.94 | T33: =SUM('[2]B4 水表'!C35) -> 163 | U33: 134.12 | V33: =T33+U33 -> 297.12 | W33: =V33*4.86 -> 1444.0032 | X33: =SUM(L33+Q33+W33) -> 44238.377
... A35: 31 | B35: 5\16 | C35: 400 | D35: 97.05 | E35: =SUM([2]厨房燃气!BH37) -> 693 | F35: =IF(E35>0,E35*3.95,0) -> 2737.35 | G35: =SUM('[2]B1 & 102F 锅炉房'!C37) -> 1675 | H35: =IF(G35>0,G35*3.95,0) -> 6616.25 | I35: =SUM('[2]B1 & 102F 锅炉房'!G37) -> 1740 | J35: =IF(I35>0,I35*3.95,0) -> 6873 | K35: =SUM(I35+G35+E35) -> 4108 | L35: =IF(K35>0,K35*3.95,0) -> 16226.6 | M35: =SUM([2]主塔楼空调用电量!V34) -> 4134 | N35: 12434.47 | O35: =SUM('[2]68F 高压F13&F30'!F37) -> 29600 | P35: =N35+O35 -> 42034.47 | Q35: =IF(P35>0,P35*0.675169) -> 28380.371 | R35: =SUM([2]裙楼空调用量!L34) -> 4 | S35: =IF(R35*417>0,R35*291.66+1655.02) -> 2821.66 | T35: =SUM('[2]B4 水表'!C37) -> 174 | U35: 134.12 | V35: =T35+U35 -> 308.12 | W35: =V35*4.86 -> 1497.4632 | X35: =SUM(L35+Q35+W35) -> 46104.434
A36: Aver.
A37: Total | E37: =SUM(E5:E34) -> 21730 | F37: =SUM(F5:F34) -> 85833.5 | G37: =SUM(G5:G34) -> 46789 | H37: =SUM(H5:H34) -> 184816.55 | I37: =SUM(I5:I34) -> 40223 | J37: =SUM(J5:J34) -> 158880.85 | K37: =SUM(K5:K35) -> 112850 | L37: =SUM(L5:L34) -> 429530.9 | M37: =SUM(M5:M34) -> 150219 | P37: =SUM(P5:P35) -> 1271768.6 | Q37: =SUM(Q5:Q34) -> 830278.34 | R37: =SUM(R5:R34) -> 267 | S37: =SUM(S5:S34) -> 127523.82 | V37: =SUM(V5:V35) -> 9488.72 | W37: =SUM(W5:W34) -> 44617.716 | X37: =SUM(X5:X34) -> 1304427
