Workbook

Sheet TOTAL
A1: Site Name | B1: Day | C1: Month | D1: Year | E1: Total Electricity Kwh | F1: Electricity Tariff ($/Kwh) | G1: Natual Gas (m3) | H1: Natural Gas $/m3 | I1: Water Utility Supply (m3) m3 | J1: Water Utility Supply (m3) $/m3 | K1: Room Nights | L1: Total Guests | M1: Utilities day cost dh
A2: Mumbai | B2: 1 | C2: 12 | D2: 2021 | E2: =(IF('Daily HLP'!H4>0,'Daily HLP'!H4,0)) -> 22989 | F2: 9 | G2: =(IF('Daily HLP'!L4>0,'Daily HLP'!L4,0)) -> 1074 | H2: 75 | I2: =(IF('Daily HLP'!O4>0,'Daily HLP'!O4,0)) -> 212 | J2: 99 | K2: =Occupancy!G2 -> 171 | L2: =Occupancy!F2 -> 657 | M2: =E2*F2+G2*H2+#REF!*#REF!+I2*J2 -> #REF!
A3: Mumbai | B3: =B2+1 -> 2 | C3: 12 | D3: 2021 | E3: =(IF('Daily HLP'!H5>0,'Daily HLP'!H5,0)) -> 21667 | F3: 9 | G3: =(IF('Daily HLP'!L5>0,'Daily HLP'!L5,0)) -> 1094.24 | H3: 75 | I3: =(IF('Daily HLP'!O5>0,'Daily HLP'!O5,0)) -> 254 | J3: 99 | K3: =Occupancy!G3 -> 169 | L3: =Occupancy!F3 -> 524 | M3: =E3*F3+G3*H3+#REF!*#REF!+I3*J3 -> #REF!
A4: Mumbai | B4: =B3+1 -> 3 | C4: 12 | D4: 2021 | E4: =(IF('Daily HLP'!H6>0,'Daily HLP'!H6,0)) -> 23640.27 | F4: 9 | G4: =(IF('Daily HLP'!L6>0,'Daily HLP'!L6,0)) -> 1144.15 | H4: 75 | I4: =(IF('Daily HLP'!O6>0,'Daily HLP'!O6,0)) -> 285 | J4: 99 | K4: =Occupancy!G4 -> 178 | L4: =Occupancy!F4 -> 986 | M4: =E4*F4+G4*H4+#REF!*#REF!+I4*J4 -> #REF!
A5: Mumbai | B5: =B4+1 -> 4 | C5: 12 | D5: 2021 | E5: =(IF('Daily HLP'!H7>0,'Daily HLP'!H7,0)) -> 25311.64 | F5: 9 | G5: =(IF('Daily HLP'!L7>0,'Daily HLP'!L7,0)) -> 1192.76 | H5: 75 | I5: =(IF('Daily HLP'!O7>0,'Daily HLP'!O7,0)) -> 254 | J5: 99 | K5: =Occupancy!G5 -> 116 | L5: =Occupancy!F5 -> 562 | M5: =E5*F5+G5*H5+#REF!*#REF!+I5*J5 -> #REF!
A6: Mumbai | B6: =B5+1 -> 5 | C6: 12 | D6: 2021 | E6: =(IF('Daily HLP'!H8>0,'Daily HLP'!H8,0)) -> 23337 | F6: 9 | G6: =(IF('Daily HLP'!L8>0,'Daily HLP'!L8,0)) -> 1192.29 | H6: 75 | I6: =(IF('Daily HLP'!O8>0,'Daily HLP'!O8,0)) -> 253 | J6: 99 | K6: =Occupancy!G6 -> 172 | L6: =Occupancy!F6 -> 1366 | M6: =E6*F6+G6*H6+#REF!*#REF!+I6*J6 -> #REF!
A7: Mumbai | B7: =B6+1 -> 6 | C7: 12 | D7: 2021 | E7: =(IF('Daily HLP'!H9>0,'Daily HLP'!H9,0)) -> 22125.12 | F7: 9 | G7: =(IF('Daily HLP'!L9>0,'Daily HLP'!L9,0)) -> 1123.02 | H7: 75 | I7: =(IF('Daily HLP'!O9>0,'Daily HLP'!O9,0)) -> 253 | J7: 99 | K7: =Occupancy!G7 -> 114 | L7: =Occupancy!F7 -> 550 | M7: =E7*F7+G7*H7+#REF!*#REF!+I7*J7 -> #REF!
A8: Mumbai | B8: =B7+1 -> 7 | C8: 12 | D8: 2021 | E8: =(IF('Daily HLP'!H10>0,'Daily HLP'!H10,0)) -> 25247.52 | F8: 9 | G8: =(IF('Daily HLP'!L10>0,'Daily HLP'!L10,0)) -> 1194.97 | H8: 75 | I8: =(IF('Daily HLP'!O10>0,'Daily HLP'!O10,0)) -> 233 | J8: 99 | K8: =Occupancy!G8 -> 158 | L8: =Occupancy!F8 -> 459 | M8: =E8*F8+G8*H8+#REF!*#REF!+I8*J8 -> #REF!
A9: Mumbai | B9: =B8+1 -> 8 | C9: 12 | D9: 2021 | E9: =(IF('Daily HLP'!H11>0,'Daily HLP'!H11,0)) -> 24742.32 | F9: 9 | G9: =(IF('Daily HLP'!L11>0,'Daily HLP'!L11,0)) -> 1247.37 | H9: 75 | I9: =(IF('Daily HLP'!O11>0,'Daily HLP'!O11,0)) -> 273 | J9: 99 | K9: =Occupancy!G9 -> 143 | L9: =Occupancy!F9 -> 892 | M9: =E9*F9+G9*H9+#REF!*#REF!+I9*J9 -> #REF!
A10: Mumbai | B10: =B9+1 -> 9 | C10: 12 | D10: 2021 | E10: =(IF('Daily HLP'!H12>0,'Daily HLP'!H12,0)) -> 25427.13 | F10: 9 | G10: =(IF('Daily HLP'!L12>0,'Daily HLP'!L12,0)) -> 1195.2 | H10: 75 | I10: =(IF('Daily HLP'!O12>0,'Daily HLP'!O12,0)) -> 295 | J10: 99 | K10: =Occupancy!G10 -> 149 | L10: =Occupancy!F10 -> 1371 | M10: =E10*F10+G10*H10+#REF!*#REF!+I10*J10 -> #REF!
A11: Mumbai | B11: =B10+1 -> 10 | C11: 12 | D11: 2021 | E11: =(IF('Daily HLP'!H13>0,'Daily HLP'!H13,0)) -> 24380 | F11: 9 | G11: =(IF('Daily HLP'!L13>0,'Daily HLP'!L13,0)) -> 1193 | H11: 75 | I11: =(IF('Daily HLP'!O13>0,'Daily HLP'!O13,0)) -> 271 | J11: 99 | K11: =Occupancy!G11 -> 140 | L11: =Occupancy!F11 -> 855 | M11: =E11*F11+G11*H11+#REF!*#REF!+I11*J11 -> #REF!
A12: Mumbai | B12: =B11+1 -> 11 | C12: 12 | D12: 2021 | E12: =(IF('Daily HLP'!H14>0,'Daily HLP'!H14,0)) -> 24441 | F12: 9 | G12: =(IF('Daily HLP'!L14>0,'Daily HLP'!L14,0)) -> 1164 | H12: 75 | I12: =(IF('Daily HLP'!O14>0,'Daily HLP'!O14,0)) -> 274 | J12: 99 | K12: =Occupancy!G12 -> 158 | L12: =Occupancy!F12 -> 2169 | M12: =E12*F12+G12*H12+#REF!*#REF!+I12*J12 -> #REF!
A13: Mumbai | B13: =B12+1 -> 12 | C13: 12 | D13: 2021 | E13: =(IF('Daily HLP'!H15>0,'Daily HLP'!H15,0)) -> 25038 | F13: 9 | G13: =(IF('Daily HLP'!L15>0,'Daily HLP'!L15,0)) -> 1252 | H13: 75 | I13: =(IF('Daily HLP'!O15>0,'Daily HLP'!O15,0)) -> 294 | J13: 99 | K13: =Occupancy!G13 -> 126 | L13: =Occupancy!F13 -> 1260 | M13: =E13*F13+G13*H13+#REF!*#REF!+I13*J13 -> #REF!
A14: Mumbai | B14: =B13+1 -> 13 | C14: 12 | D14: 2021 | E14: =(IF('Daily HLP'!H16>0,'Daily HLP'!H16,0)) -> 23684 | F14: 9 | G14: =(IF('Daily HLP'!L16>0,'Daily HLP'!L16,0)) -> 1211 | H14: 75 | I14: =(IF('Daily HLP'!O16>0,'Daily HLP'!O16,0)) -> 294 | J14: 99 | K14: =Occupancy!G14 -> 138 | L14: =Occupancy!F14 -> 1291 | M14: =E14*F14+G14*H14+#REF!*#REF!+I14*J14 -> #REF!
... A31: Mumbai | B31: =B30+1 -> 30 | C31: 12 | D31: 2021 | E31: =(IF('Daily HLP'!H33>0,'Daily HLP'!H33,0)) -> 24000 | F31: 9 | G31: =(IF('Daily HLP'!L33>0,'Daily HLP'!L33,0)) -> 1100 | H31: 75 | I31: =(IF('Daily HLP'!O33>0,'Daily HLP'!O33,0)) -> 0 | J31: 99 | K31: =Occupancy!G31 -> 0 | L31: =Occupancy!F31 -> 0 | M31: =E31*F31+G31*H31+#REF!*#REF!+I31*J31 -> #REF!
A32: Mumbai | B32: =B31+1 -> 31 | C32: 12 | D32: 2021 | E32: =(IF('Daily HLP'!H34>0,'Daily HLP'!H34,0)) -> 24000 | F32: 9 | G32: =(IF('Daily HLP'!L34>0,'Daily HLP'!L34,0)) -> 1100 | H32: 75 | I32: =(IF('Daily HLP'!O34>0,'Daily HLP'!O34,0)) -> 0 | J32: 99 | K32: =Occupancy!G32 -> 0 | L32: =Occupancy!F32 -> 0

Sheet Submetering
A1: Site Name | B1: Day | C1: Month | D1: Year | E1: ='Section Load'!F4 -> HVAC | F1: ='Section Load'!G4 -> Fire & Emergency PP | G1: ='Section Load'!H4 -> Main PP | H1: ='Section Load'!I4 -> Lighting PP | I1: ='Section Load'!J4 -> CH-1+ CH2+CH3+CH4 | J1: ='Section Load'!K4 -> Chilled water Pump | K1: ='Section Load'!L4 -> Ball Room-1 | L1: ='Section Load'!M4 -> Ball Room-2 | ... AL1: ='Section Load'!AM4 -> Cooling Tower | AM1: R.o.plant | AN1: STP Water Prod | AO1: Domestic Zone-1 | AP1: Domestic Zone-2 | AQ1: Domestic Zone-3 | AR1: Flush Zone -1 | AS1: Flush Zone -2 | AT1: Flush Zone -3 | AU1: Swimming pool | AV1: B2 Laundry | AW1: Boiler Feed Water | AX1: cooling tower filling water | AY1: STP flush(new water meter) | AZ1: Garden Water Pump | BA1: Flush Zone 2 pump meter | BB1: Flush Zone 3 Pump Meter (wtp transfer ) | BC1: Flush Tanker-Zone-1 | BD1: Total Domestic Water (Tanker (R.O) +BMC) | BE1: Total Domestic Consumption | BF1: Total STP Consumption | BG1: ='Section Load'!AN4 -> MGL | BH1: ='Section Load'!AO4 -> HWG | BI1: ='Section Load'!AP4 -> Prato | BJ1: ='Section Load'!AQ4 -> BR-1 | BK1: ='Section Load'!AR4 -> SanQi IND | BL1: ='Section Load'!AS4 -> SanQi JPN | BM1: ='Section Load'!AT4 -> Boiler
A2: Mumbai | B2: 1 | C2: 12 | D2: 2021 | E2: =(IF('Section Load'!F5>0,'Section Load'!F5,0)) -> 3840.04 | F2: =(IF('Section Load'!G5>0,'Section Load'!G5,0)) -> 1702.26 | G2: =(IF('Section Load'!H5>0,'Section Load'!H5,0)) -> 1904.95 | H2: =(IF('Section Load'!I5>0,'Section Load'!I5,0)) -> 2945.71 | I2: =(IF('Section Load'!J5>0,'Section Load'!J5,0)) -> 5399.35 | J2: =(IF('Section Load'!K5>0,'Section Load'!K5,0)) -> 2459.4 | K2: =(IF('Section Load'!L5>0,'Section Load'!L5,0)) -> 1459.81 | L2: =(IF('Section Load'!M5>0,'Section Load'!M5,0)) -> 940.3 | ... AL2: =(IF('Section Load'!AM5>0,'Section Load'!AM5,0)) -> 843.58 | AM2: =(IF('Water Report'!$D$7>0,'Water Report'!$D$7,0)) -> 108 | AN2: =(IF('Water Report'!$D$8>0,'Water Report'!$D$8,0)) -> 94 | AO2: =(IF('Water Report'!$D$9>0,'Water Report'!$D$9,0)) -> 86 | AP2: =(IF('Water Report'!$D$10>0,'Water Report'!$D$10,0)) -> 18 | AQ2: =(IF('Water Report'!$D$11>0,'Water Report'!$D$11,0)) -> 25 | AR2: =(IF('Water Report'!$D$13>0,'Water Report'!$D$13,0)) -> 34 | AS2: =(IF('Water Report'!$D$14>0,'Water Report'!$D$14,0)) -> 10 | AT2: =(IF('Water Report'!$D$15>0,'Water Report'!$D$15,0)) -> 6 | AU2: =(IF('Water Report'!$D$17>0,'Water Report'!$D$17,0)) -> 0 | AV2: =(IF('Water Report'!$D$18>0,'Water Report'!$D$18,0)) -> 15 | AW2: =(IF('Water Report'!$D$19>0,'Water Report'!$D$19,0)) -> 10 | AX2: =(IF('Water Report'!$D$21>0,'Water Report'!$D$21,0)) -> 63 | AY2: =(IF('Water Report'!$D$22>0,'Water Report'!$D$22,0)) -> 0 | AZ2: =(IF('Water Report'!$D$23>0,'Water Report'!$D$23,0)) -> 4 | BA2: =(IF('Water Report'!$D$14>0,'Water Report'!$D$14,0)) -> 10 | BB2: =(IF('Water Report'!$D$15>0,'Water Report'!$D$15,0)) -> 6 | BC2: =(IF('Water Report'!$D$13>0,'Water Report'!$D$13,0)) -> 34 | BD2: =(IF('Water Report'!$D$24>0,'Water Report'!$D$24,0)) -> 212 | BE2: =(IF('Water Report'!$D$25>0,'Water Report'!$D$25,0)) -> 145 | BF2: =(IF('Water Report'!$D$27>0,'Water Report'!$D$27,0)) -> 101 | BG2: =(IF('Section Load'!AN5>0,'Section Load'!AN5,0)) -> 1074 | BH2: =(IF('Section Load'!AO5>0,'Section Load'!AO5,0)) -> 305.951 | BI2: =(IF('Section Load'!AP5>0,'Section Load'!AP5,0)) -> 0 | BJ2: =(IF('Section Load'!AQ5>0,'Section Load'!AQ5,0)) -> 116 | BK2: =(IF('Section Load'!AR5>0,'Section Load'!AR5,0)) -> 45 | BL2: =(IF('Section Load'!AS5>0,'Section Load'!AS5,0)) -> 2 | BM2: =(IF('Section Load'!AT5>0,'Section Load'!AT5,0)) -> 605.049
A3: Mumbai | B3: =B2+1 -> 2 | C3: 12 | D3: 2021 | E3: =(IF('Section Load'!F6>0,'Section Load'!F6,0)) -> 3698.69 | F3: =(IF('Section Load'!G6>0,'Section Load'!G6,0)) -> 1670.59 | G3: =(IF('Section Load'!H6>0,'Section Load'!H6,0)) -> 1896.57 | H3: =(IF('Section Load'!I6>0,'Section Load'!I6,0)) -> 2783 | I3: =(IF('Section Load'!J6>0,'Section Load'!J6,0)) -> 4727.13 | J3: =(IF('Section Load'!K6>0,'Section Load'!K6,0)) -> 2388.4 | K3: =(IF('Section Load'!L6>0,'Section Load'!L6,0)) -> 1486.35 | L3: =(IF('Section Load'!M6>0,'Section Load'!M6,0)) -> 968.7 | ... AL3: =(IF('Section Load'!AM6>0,'Section Load'!AM6,0)) -> 835.4 | AM3: =(IF('Water Report'!$E$7>0,'Water Report'!$E$7,0)) -> 116 | AN3: =(IF('Water Report'!$E$8>0,'Water Report'!$E$8,0)) -> 102 | AO3: =(IF('Water Report'!$E$9>0,'Water Report'!$E$9,0)) -> 98 | AP3: =(IF('Water Report'!$E$10>0,'Water Report'!$E$10,0)) -> 21 | AQ3: =(IF('Water Report'!$E$11>0,'Water Report'!$E$11,0)) -> 29 | AR3: =(IF('Water Report'!$E$13>0,'Water Report'!$E$13,0)) -> 33 | AS3: =(IF('Water Report'!$E$14>0,'Water Report'!$E$14,0)) -> 25 | AT3: =(IF('Water Report'!$E$15>0,'Water Report'!$E$15,0)) -> 21.2 | AU3: =(IF('Water Report'!$E$17>0,'Water Report'!$E$17,0)) -> 0 | AV3: =(IF('Water Report'!$E$18>0,'Water Report'!$E$18,0)) -> 17 | AW3: =(IF('Water Report'!$E$19>0,'Water Report'!$E$19,0)) -> 11 | AX3: =(IF('Water Report'!$E$21>0,'Water Report'!$E$21,0)) -> 62 | AY3: =(IF('Water Report'!$E$22>0,'Water Report'!$E$22,0)) -> 0 | AZ3: =(IF('Water Report'!$E$23>0,'Water Report'!$E$23,0)) -> 1 | BA3: =(IF('Water Report'!$E$14>0,'Water Report'!$E$14,0)) -> 25 | BB3: =(IF('Water Report'!$E$15>0,'Water Report'!$E$15,0)) -> 21.2 | BC3: =(IF('Water Report'!$E$13>0,'Water Report'!$E$13,0)) -> 33 | BD3: =(IF('Water Report'!$E$24>0,'Water Report'!$E$24,0)) -> 254 | BE3: =(IF('Water Report'!$E$25>0,'Water Report'!$E$25,0)) -> 194.2 | BF3: =(IF('Water Report'!$E$27>0,'Water Report'!$E$27,0)) -> 96 | BG3: =(IF('Section Load'!AN6>0,'Section Load'!AN6,0)) -> 1094.24 | BH3: =(IF('Section Load'!AO6>0,'Section Load'!AO6,0)) -> 298.2 | BI3: =(IF('Section Load'!AP6>0,'Section Load'!AP6,0)) -> 0 | BJ3: =(IF('Section Load'!AQ6>0,'Section Load'!AQ6,0)) -> 121.9 | BK3: =(IF('Section Load'!AR6>0,'Section Load'!AR6,0)) -> 49.5 | BL3: =(IF('Section Load'!AS6>0,'Section Load'!AS6,0)) -> 2.4 | BM3: =(IF('Section Load'!AT6>0,'Section Load'!AT6,0)) -> 622.24
A4: Mumbai | B4: =B3+1 -> 3 | C4: 12 | D4: 2021 | E4: =(IF('Section Load'!F7>0,'Section Load'!F7,0)) -> 3864.4 | F4: =(IF('Section Load'!G7>0,'Section Load'!G7,0)) -> 1609.33 | G4: =(IF('Section Load'!H7>0,'Section Load'!H7,0)) -> 2009.46 | H4: =(IF('Section Load'!I7>0,'Section Load'!I7,0)) -> 2891.53 | I4: =(IF('Section Load'!J7>0,'Section Load'!J7,0)) -> 6111.3 | J4: =(IF('Section Load'!K7>0,'Section Load'!K7,0)) -> 2707 | K4: =(IF('Section Load'!L7>0,'Section Load'!L7,0)) -> 1287.52 | L4: =(IF('Section Load'!M7>0,'Section Load'!M7,0)) -> 1025.88 | ... AL4: =(IF('Section Load'!AM7>0,'Section Load'!AM7,0)) -> 845.05 | AM4: =(IF('Water Report'!$F$7>0,'Water Report'!$F$7,0)) -> 128 | AN4: =(IF('Water Report'!$F$8>0,'Water Report'!$F$8,0)) -> 107 | AO4: =(IF('Water Report'!$F$9>0,'Water Report'!$G$9,0)) -> 109 | AP4: =(IF('Water Report'!$F$10>0,'Water Report'!$F$10,0)) -> 27 | AQ4: =(IF('Water Report'!$F$11>0,'Water Report'!$F$11,0)) -> 29 | AR4: =(IF('Water Report'!$F$13>0,'Water Report'!$F$13,0)) -> 39 | AS4: =(IF('Water Report'!$F$14>0,'Water Report'!$F$14,0)) -> 12 | AT4: =(IF('Water Report'!$F$15>0,'Water Report'!$F$15,0)) -> 2.8 | AU4: =(IF('Water Report'!$F$17>0,'Water Report'!$F$17,0)) -> 0 | AV4: =(IF('Water Report'!$F$18>0,'Water Report'!$F$18,0)) -> 14 | AW4: =(IF('Water Report'!$F$19>0,'Water Report'!$F$19,0)) -> 12 | AX4: =(IF('Water Report'!$F$21>0,'Water Report'!$F$21,0)) -> 87 | AY4: =(IF('Water Report'!$F$22>0,'Water Report'!$F$22,0)) -> 0 | AZ4: =(IF('Water Report'!$F$23>0,'Water Report'!$F$23,0)) -> 8 | BA4: =(IF('Water Report'!$F$14>0,'Water Report'!$F$14,0)) -> 12 | BB4: =(IF('Water Report'!$F$15>0,'Water Report'!$F$15,0)) -> 2.8 | BC4: =(IF('Water Report'!$F$13>0,'Water Report'!$F$13,0)) -> 39 | BD4: =(IF('Water Report'!$F$24>0,'Water Report'!$F$24,0)) -> 285 | BE4: =(IF('Water Report'!$F$25>0,'Water Report'!$F$25,0)) -> 159.8 | BF4: =(IF('Water Report'!$F$27>0,'Water Report'!$F$27,0)) -> 134 | BG4: =(IF('Section Load'!AN7>0,'Section Load'!AN7,0)) -> 1144.15 | BH4: =(IF('Section Load'!AO7>0,'Section Load'!AO7,0)) -> 326.73 | BI4: =(IF('Section Load'!AP7>0,'Section Load'!AP7,0)) -> 0 | BJ4: =(IF('Section Load'!AQ7>0,'Section Load'!AQ7,0)) -> 118.5 | BK4: =(IF('Section Load'!AR7>0,'Section Load'!AR7,0)) -> 46 | BL4: =(IF('Section Load'!AS7>0,'Section Load'!AS7,0)) -> 2.8 | BM4: =(IF('Section Load'!AT7>0,'Section Load'!AT7,0)) -> 650.12
A5: Mumbai | B5: =B4+1 -> 4 | C5: 12 | D5: 2021 | E5: =(IF('Section Load'!F8>0,'Section Load'!F8,0)) -> 4121.79 | F5: =(IF('Section Load'!G8>0,'Section Load'!G8,0)) -> 1690.62 | G5: =(IF('Section Load'!H8>0,'Section Load'!H8,0)) -> 2045.22 | H5: =(IF('Section Load'!I8>0,'Section Load'!I8,0)) -> 2998.8 | I5: =(IF('Section Load'!J8>0,'Section Load'!J8,0)) -> 6927.15 | J5: =(IF('Section Load'!K8>0,'Section Load'!K8,0)) -> 2866.5 | K5: =(IF('Section Load'!L8>0,'Section Load'!L8,0)) -> 1403.28 | L5: =(IF('Section Load'!M8>0,'Section Load'!M8,0)) -> 1057.88 | ... AL5: =(IF('Section Load'!AM8>0,'Section Load'!AM8,0)) -> 893.08 | AM5: =(IF('Water Report'!$G$7>0,'Water Report'!$F$7,0)) -> 128 | AN5: =(IF('Water Report'!$G$8>0,'Water Report'!$F$8,0)) -> 107 | AO5: =(IF('Water Report'!$G$9>0,'Water Report'!$H$9,0)) -> 105 | AP5: =(IF('Water Report'!$G$10>0,'Water Report'!$G$10,0)) -> 29 | AQ5: =(IF('Water Report'!$G$11>0,'Water Report'!$G$11,0)) -> 32 | AR5: =(IF('Water Report'!$G$13>0,'Water Report'!$G$13,0)) -> 39 | AS5: =(IF('Water Report'!$G$14>0,'Water Report'!$G$14,0)) -> 12 | AT5: =(IF('Water Report'!$G$15>0,'Water Report'!$G$15,0)) -> 13 | AU5: =(IF('Water Report'!$G$17>0,'Water Report'!$G$17,0)) -> 0 | AV5: =(IF('Water Report'!$G$18>0,'Water Report'!$G$18,0)) -> 17 | AW5: =(IF('Water Report'!$G$19>0,'Water Report'!$G$19,0)) -> 15 | AX5: =(IF('Water Report'!$G$21>0,'Water Report'!$G$21,0)) -> 107 | AY5: =(IF('Water Report'!$G$22>0,'Water Report'!$G$22,0)) -> 0 | AZ5: =(IF('Water Report'!$G$23>0,'Water Report'!$G$23,0)) -> 2 | BA5: =(IF('Water Report'!$G$14>0,'Water Report'!$G$14,0)) -> 12 | BB5: =(IF('Water Report'!$G$15>0,'Water Report'!$G$15,0)) -> 13 | BC5: =(IF('Water Report'!$G$13>0,'Water Report'!$G$13,0)) -> 39 | BD5: =(IF('Water Report'!$G$24>0,'Water Report'!$G$24,0)) -> 254 | BE5: =(IF('Water Report'!$G$25>0,'Water Report'!$G$25,0)) -> 195 | BF5: =(IF('Water Report'!$G$27>0,'Water Report'!$G$27,0)) -> 148 | BG5: =(IF('Section Load'!AN8>0,'Section Load'!AN8,0)) -> 1192.76 | BH5: =(IF('Section Load'!AO8>0,'Section Load'!AO8,0)) -> 297.23 | BI5: =(IF('Section Load'!AP8>0,'Section Load'!AP8,0)) -> 0 | BJ5: =(IF('Section Load'!AQ8>0,'Section Load'!AQ8,0)) -> 135 | BK5: =(IF('Section Load'!AR8>0,'Section Load'!AR8,0)) -> 48.7 | BL5: =(IF('Section Load'!AS8>0,'Section Load'!AS8,0)) -> 2.5 | BM5: =(IF('Section Load'!AT8>0,'Section Load'!AT8,0)) -> 709.33
A6: Mumbai | B6: =B5+1 -> 5 | C6: 12 | D6: 2021 | E6: =(IF('Section Load'!F9>0,'Section Load'!F9,0)) -> 3887.4 | F6: =(IF('Section Load'!G9>0,'Section Load'!G9,0)) -> 1646.24 | G6: =(IF('Section Load'!H9>0,'Section Load'!H9,0)) -> 1984.42 | H6: =(IF('Section Load'!I9>0,'Section Load'!I9,0)) -> 2790.58 | I6: =(IF('Section Load'!J9>0,'Section Load'!J9,0)) -> 6031.67 | J6: =(IF('Section Load'!K9>0,'Section Load'!K9,0)) -> 2729.4 | K6: =(IF('Section Load'!L9>0,'Section Load'!L9,0)) -> 1235.68 | L6: =(IF('Section Load'!M9>0,'Section Load'!M9,0)) -> 864.04 | ... AL6: =(IF('Section Load'!AM9>0,'Section Load'!AM9,0)) -> 857.55 | AM6: =(IF('Water Report'!$H$7>0,'Water Report'!$H$7,0)) -> 133 | AN6: =(IF('Water Report'!$H$8>0,'Water Report'!$H$8,0)) -> 137 | AO6: =(IF('Water Report'!$H$9>0,'Water Report'!$H$9,0)) -> 105 | AP6: =(IF('Water Report'!$H$10>0,'Water Report'!$H$10,0)) -> 26 | AQ6: =(IF('Water Report'!$H$11>0,'Water Report'!$H$11,0)) -> 31 | AR6: =(IF('Water Report'!$H$13>0,'Water Report'!$H$13,0)) -> 37 | AS6: =(IF('Water Report'!$H$14>0,'Water Report'!$H$14,0)) -> 7 | AT6: =(IF('Water Report'!$H$15>0,'Water Report'!$H$15,0)) -> 8 | AU6: =(IF('Water Report'!$H$17>0,'Water Report'!$H$17,0)) -> 0 | AV6: =(IF('Water Report'!$H$18>0,'Water Report'!$H$18,0)) -> 18 | AW6: =(IF('Water Report'!$H$19>0,'Water Report'!$H$19,0)) -> 14 | AX6: =(IF('Water Report'!$H$21>0,'Water Report'!$H$21,0)) -> 65 | AY6: =(IF('Water Report'!$H$22>0,'Water Report'!$H$22,0)) -> 0 | AZ6: =(IF('Water Report'!$H$23>0,'Water Report'!$H$23,0)) -> 3 | BA6: =(IF('Water Report'!$H$14>0,'Water Report'!$H$14,0)) -> 7 | BB6: =(IF('Water Report'!$H$15>0,'Water Report'!$H$15,0)) -> 8 | BC6: =(IF('Water Report'!$H$13>0,'Water Report'!$H$13,0)) -> 37 | BD6: =(IF('Water Report'!$H$24>0,'Water Report'!$H$24,0)) -> 253 | BE6: =(IF('Water Report'!$H$25>0,'Water Report'!$H$25,0)) -> 177 | BF6: =(IF('Water Report'!$H$27>0,'Water Report'!$H$27,0)) -> 105 | BG6: =(IF('Section Load'!AN9>0,'Section Load'!AN9,0)) -> 1192.29 | BH6: =(IF('Section Load'!AO9>0,'Section Load'!AO9,0)) -> 322.71 | BI6: =(IF('Section Load'!AP9>0,'Section Load'!AP9,0)) -> 0 | BJ6: =(IF('Section Load'!AQ9>0,'Section Load'!AQ9,0)) -> 129.82 | BK6: =(IF('Section Load'!AR9>0,'Section Load'!AR9,0)) -> 38.8 | BL6: =(IF('Section Load'!AS9>0,'Section Load'!AS9,0)) -> 5.2 | BM6: =(IF('Section Load'!AT9>0,'Section Load'!AT9,0)) -> 695.76
A7: Mumbai | B7: =B6+1 -> 6 | C7: 12 | D7: 2021 | E7: =(IF('Section Load'!F10>0,'Section Load'!F10,0)) -> 3557.3 | F7: =(IF('Section Load'!G10>0,'Section Load'!G10,0)) -> 1618.55 | G7: =(IF('Section Load'!H10>0,'Section Load'!H10,0)) -> 1899.7 | H7: =(IF('Section Load'!I10>0,'Section Load'!I10,0)) -> 2851.32 | I7: =(IF('Section Load'!J10>0,'Section Load'!J10,0)) -> 5338.64 | J7: =(IF('Section Load'!K10>0,'Section Load'!K10,0)) -> 2429.1 | K7: =(IF('Section Load'!L10>0,'Section Load'!L10,0)) -> 1486.64 | L7: =(IF('Section Load'!M10>0,'Section Load'!M10,0)) -> 769.57 | ... AL7: =(IF('Section Load'!AM10>0,'Section Load'!AM10,0)) -> 842.67 | AM7: =(IF('Water Report'!$I$7>0,'Water Report'!$I$7,0)) -> 107 | AN7: =(IF('Water Report'!$I$8>0,'Water Report'!$I$8,0)) -> 120 | AO7: =(IF('Water Report'!$I$9>0,'Water Report'!$I$9,0)) -> 88 | AP7: =(IF('Water Report'!$I$10>0,'Water Report'!$I$10,0)) -> 16 | AQ7: =(IF('Water Report'!$I$11>0,'Water Report'!$I$11,0)) -> 25 | AR7: =(IF('Water Report'!$I$13>0,'Water Report'!$I$13,0)) -> 42 | AS7: =(IF('Water Report'!$I$14>0,'Water Report'!$I$14,0)) -> 14 | AT7: =(IF('Water Report'!$I$15>0,'Water Report'!$I$15,0)) -> 8 | AU7: =(IF('Water Report'!$I$17>0,'Water Report'!$I$17,0)) -> 0 | AV7: =(IF('Water Report'!$I$18>0,'Water Report'!$I$18,0)) -> 13 | AW7: =(IF('Water Report'!$I$19>0,'Water Report'!$I$19,0)) -> 12 | AX7: =(IF('Water Report'!$I$21>0,'Water Report'!$I$21,0)) -> 58 | AY7: =(IF('Water Report'!$I$22>0,'Water Report'!$I$22,0)) -> 0 | AZ7: =(IF('Water Report'!$I$23>0,'Water Report'!$I$23,0)) -> 18 | BA7: =(IF('Water Report'!$I$14>0,'Water Report'!$I$14,0)) -> 14 | BB7: =(IF('Water Report'!$I$15>0,'Water Report'!$I$15,0)) -> 8 | BC7: =(IF('Water Report'!$I$13>0,'Water Report'!$I$13,0)) -> 42 | BD7: =(IF('Water Report'!$I$24>0,'Water Report'!$I$24,0)) -> 253 | BE7: =(IF('Water Report'!$I$25>0,'Water Report'!$I$25,0)) -> 151 | BF7: =(IF('Water Report'!$I$27>0,'Water Report'!$I$27,0)) -> 118 | BG7: =(IF('Section Load'!AN10>0,'Section Load'!AN10,0)) -> 1123.02 | BH7: =(IF('Section Load'!AO10>0,'Section Load'!AO10,0)) -> 312.49 | BI7: =(IF('Section Load'!AP10>0,'Section Load'!AP10,0)) -> 0 | BJ7: =(IF('Section Load'!AQ10>0,'Section Load'!AQ10,0)) -> 120.58 | BK7: =(IF('Section Load'!AR10>0,'Section Load'!AR10,0)) -> 41.9 | BL7: =(IF('Section Load'!AS10>0,'Section Load'!AS10,0)) -> 2.1 | BM7: =(IF('Section Load'!AT10>0,'Section Load'!AT10,0)) -> 645.95
A8: Mumbai | B8: =B7+1 -> 7 | C8: 12 | D8: 2021 | E8: =(IF('Section Load'!F11>0,'Section Load'!F11,0)) -> 3743.98 | F8: =(IF('Section Load'!G11>0,'Section Load'!G11,0)) -> 1673.29 | G8: =(IF('Section Load'!H11>0,'Section Load'!H11,0)) -> 1948.2 | H8: =(IF('Section Load'!I11>0,'Section Load'!I11,0)) -> 3056.68 | I8: =(IF('Section Load'!J11>0,'Section Load'!J11,0)) -> 6499.34 | J8: =(IF('Section Load'!K11>0,'Section Load'!K11,0)) -> 2942.2 | K8: =(IF('Section Load'!L11>0,'Section Load'!L11,0)) -> 1598.48 | L8: =(IF('Section Load'!M11>0,'Section Load'!M11,0)) -> 1145.69 | ... AL8: =(IF('Section Load'!AM11>0,'Section Load'!AM11,0)) -> 836.87 | AM8: =(IF('Water Report'!$J$7>0,'Water Report'!$J$7,0)) -> 103 | AN8: =(IF('Water Report'!$J$8>0,'Water Report'!$J$8,0)) -> 123 | AO8: =(IF('Water Report'!$J$9>0,'Water Report'!$J$9,0)) -> 102 | AP8: =(IF('Water Report'!$J$10>0,'Water Report'!$J$10,0)) -> 17 | AQ8: =(IF('Water Report'!$J$11>0,'Water Report'!$J$11,0)) -> 31 | AR8: =(IF('Water Report'!$J$13>0,'Water Report'!$J$13,0)) -> 39 | AS8: =(IF('Water Report'!$J$14>0,'Water Report'!$J$14,0)) -> 10 | AT8: =(IF('Water Report'!$J$15>0,'Water Report'!$J$15,0)) -> 13 | AU8: =(IF('Water Report'!$J$17>0,'Water Report'!$J$17,0)) -> 0 | AV8: =(IF('Water Report'!$J$18>0,'Water Report'!$J$18,0)) -> 16 | AW8: =(IF('Water Report'!$J$19>0,'Water Report'!$J$19,0)) -> 12 | AX8: =(IF('Water Report'!$J$21>0,'Water Report'!$J$21,0)) -> 74 | AY8: =(IF('Water Report'!$J$22>0,'Water Report'!$J$22,0)) -> 0 | AZ8: =(IF('Water Report'!$J$23>0,'Water Report'!$J$23,0)) -> 4 | BA8: =(IF('Water Report'!$J$14>0,'Water Report'!$J$14,0)) -> 10 | BB8: =(IF('Water Report'!$J$15>0,'Water Report'!$J$15,0)) -> 13 | BC8: =(IF('Water Report'!$J$13>0,'Water Report'!$J$13,0)) -> 39 | BD8: =(IF('Water Report'!$J$24>0,'Water Report'!$J$24,0)) -> 233 | BE8: =(IF('Water Report'!$J$25>0,'Water Report'!$J$25,0)) -> 173 | BF8: =(IF('Water Report'!$J$27>0,'Water Report'!$J$27,0)) -> 117 | BG8: =(IF('Section Load'!AN11>0,'Section Load'!AN11,0)) -> 1194.97 | BH8: =(IF('Section Load'!AO11>0,'Section Load'!AO11,0)) -> 328.91 | BI8: =(IF('Section Load'!AP11>0,'Section Load'!AP11,0)) -> 0 | BJ8: =(IF('Section Load'!AQ11>0,'Section Load'!AQ11,0)) -> 133.9 | BK8: =(IF('Section Load'!AR11>0,'Section Load'!AR11,0)) -> 46.2 | BL8: =(IF('Section Load'!AS11>0,'Section Load'!AS11,0)) -> 4.7 | BM8: =(IF('Section Load'!AT11>0,'Section Load'!AT11,0)) -> 681.26
A9: Mumbai | B9: =B8+1 -> 8 | C9: 12 | D9: 2021 | E9: =(IF('Section Load'!F12>0,'Section Load'!F12,0)) -> 3948.87 | F9: =(IF('Section Load'!G12>0,'Section Load'!G12,0)) -> 1652.3 | G9: =(IF('Section Load'!H12>0,'Section Load'!H12,0)) -> 1942.2 | H9: =(IF('Section Load'!I12>0,'Section Load'!I12,0)) -> 2854.32 | I9: =(IF('Section Load'!J12>0,'Section Load'!J12,0)) -> 6030.98 | J9: =(IF('Section Load'!K12>0,'Section Load'!K12,0)) -> 2990.9 | K9: =(IF('Section Load'!L12>0,'Section Load'!L12,0)) -> 1320.64 | L9: =(IF('Section Load'!M12>0,'Section Load'!M12,0)) -> 1254.56 | ... AL9: =(IF('Section Load'!AM12>0,'Section Load'!AM12,0)) -> 838.89 | AM9: =(IF('Water Report'!$K$7>0,'Water Report'!$K$7,0)) -> 133 | AN9: =(IF('Water Report'!$K$8>0,'Water Report'!$K$8,0)) -> 110 | AO9: =(IF('Water Report'!$K$9>0,'Water Report'!$K$9,0)) -> 113 | AP9: =(IF('Water Report'!$K$10>0,'Water Report'!$K$10,0)) -> 19 | AQ9: =(IF('Water Report'!$K$11>0,'Water Report'!$K$11,0)) -> 29 | AR9: =(IF('Water Report'!$K$13>0,'Water Report'!$K$13,0)) -> 37 | AS9: =(IF('Water Report'!$K$14>0,'Water Report'!$K$14,0)) -> 9 | AT9: =(IF('Water Report'!$K$15>0,'Water Report'!$K$15,0)) -> 9 | AU9: =(IF('Water Report'!$K$17>0,'Water Report'!$K$17,0)) -> 0 | AV9: =(IF('Water Report'!$K$18>0,'Water Report'!$K$18,0)) -> 18 | AW9: =(IF('Water Report'!$K$19>0,'Water Report'!$K$19,0)) -> 14 | AX9: =(IF('Water Report'!$K$21>0,'Water Report'!$K$21,0)) -> 74 | AY9: =(IF('Water Report'!$K$22>0,'Water Report'!$K$22,0)) -> 0 | AZ9: =(IF('Water Report'!$K$23>0,'Water Report'!$K$23,0)) -> 17 | BA9: =(IF('Water Report'!$K$14>0,'Water Report'!$K$14,0)) -> 9 | BB9: =(IF('Water Report'!$K$15>0,'Water Report'!$K$15,0)) -> 9 | BC9: =(IF('Water Report'!$K$13>0,'Water Report'!$K$13,0)) -> 37 | BD9: =(IF('Water Report'!$K$24>0,'Water Report'!$K$24,0)) -> 273 | BE9: =(IF('Water Report'!$K$25>0,'Water Report'!$K$25,0)) -> 179 | BF9: =(IF('Water Report'!$K$27>0,'Water Report'!$K$27,0)) -> 128 | BG9: =(IF('Section Load'!AN12>0,'Section Load'!AN12,0)) -> 1247.37 | BH9: =(IF('Section Load'!AO12>0,'Section Load'!AO12,0)) -> 325.08 | BI9: =(IF('Section Load'!AP12>0,'Section Load'!AP12,0)) -> 243.89 | BJ9: =(IF('Section Load'!AQ12>0,'Section Load'!AQ12,0)) -> 153.5 | BK9: =(IF('Section Load'!AR12>0,'Section Load'!AR12,0)) -> 55.9 | BL9: =(IF('Section Load'!AS12>0,'Section Load'!AS12,0)) -> 5.3 | BM9: =(IF('Section Load'!AT12>0,'Section Load'!AT12,0)) -> 463.7
A10: Mumbai | B10: =B9+1 -> 9 | C10: 12 | D10: 2021 | E10: =(IF('Section Load'!F13>0,'Section Load'!F13,0)) -> 3842.57 | F10: =(IF('Section Load'!G13>0,'Section Load'!G13,0)) -> 1667.08 | G10: =(IF('Section Load'!H13>0,'Section Load'!H13,0)) -> 2054.23 | H10: =(IF('Section Load'!I13>0,'Section Load'!I13,0)) -> 2940.77 | I10: =(IF('Section Load'!J13>0,'Section Load'!J13,0)) -> 6457.79 | J10: =(IF('Section Load'!K13>0,'Section Load'!K13,0)) -> 2717.5 | K10: =(IF('Section Load'!L13>0,'Section Load'!L13,0)) -> 1723.41 | L10: =(IF('Section Load'!M13>0,'Section Load'!M13,0)) -> 1286.68 | ... AL10: =(IF('Section Load'!AM13>0,'Section Load'!AM13,0)) -> 830.49 | AM10: =(IF('Water Report'!$L$7>0,'Water Report'!$L$7,0)) -> 141 | AN10: =(IF('Water Report'!$L$8>0,'Water Report'!$L$8,0)) -> 80 | AO10: =(IF('Water Report'!$L$9>0,'Water Report'!$L$9,0)) -> 132 | AP10: =(IF('Water Report'!$L$10>0,'Water Report'!$L$10,0)) -> 14 | AQ10: =(IF('Water Report'!$L$11>0,'Water Report'!$L$11,0)) -> 34 | AR10: =(IF('Water Report'!$L$13>0,'Water Report'!$L$13,0)) -> 56 | AS10: =(IF('Water Report'!$L$14>0,'Water Report'!$L$14,0)) -> 15 | AT10: =(IF('Water Report'!$L$15>0,'Water Report'!$L$15,0)) -> 10 | AU10: =(IF('Water Report'!$L$17>0,'Water Report'!$L$17,0)) -> 0 | AV10: =(IF('Water Report'!$L$18>0,'Water Report'!$L$18,0)) -> 15 | AW10: =(IF('Water Report'!$L$19>0,'Water Report'!$L$19,0)) -> 14 | AX10: =(IF('Water Report'!$L$21>0,'Water Report'!$L$21,0)) -> 70 | AY10: =(IF('Water Report'!$L$22>0,'Water Report'!$L$22,0)) -> 2 | AZ10: =(IF('Water Report'!$L$23>0,'Water Report'!$L$23,0)) -> 3 | BA10: =(IF('Water Report'!$L$14>0,'Water Report'!$L$14,0)) -> 15 | BB10: =(IF('Water Report'!$L$15>0,'Water Report'!$L$15,0)) -> 10 | BC10: =(IF('Water Report'!$L$13>0,'Water Report'!$L$13,0)) -> 56 | BD10: =(IF('Water Report'!$L$24>0,'Water Report'!$L$24,0)) -> 295 | BE10: =(IF('Water Report'!$L$25>0,'Water Report'!$L$25,0)) -> 205 | BF10: =(IF('Water Report'!$L$27>0,'Water Report'!$L$27,0)) -> 129 | BG10: =(IF('Section Load'!AN13>0,'Section Load'!AN13,0)) -> 1195.2 | BH10: =(IF('Section Load'!AO13>0,'Section Load'!AO13,0)) -> 315.65 | BI10: =(IF('Section Load'!AP13>0,'Section Load'!AP13,0)) -> 0 | BJ10: =(IF('Section Load'!AQ13>0,'Section Load'!AQ13,0)) -> 119.8 | BK10: =(IF('Section Load'!AR13>0,'Section Load'!AR13,0)) -> 52 | BL10: =(IF('Section Load'!AS13>0,'Section Load'!AS13,0)) -> 4 | BM10: =(IF('Section Load'!AT13>0,'Section Load'!AT13,0)) -> 703.75
A11: Mumbai | B11: =B10+1 -> 10 | C11: 12 | D11: 2021 | E11: =(IF('Section Load'!F14>0,'Section Load'!F14,0)) -> 3989 | F11: =(IF('Section Load'!G14>0,'Section Load'!G14,0)) -> 1651 | G11: =(IF('Section Load'!H14>0,'Section Load'!H14,0)) -> 2011 | H11: =(IF('Section Load'!I14>0,'Section Load'!I14,0)) -> 2918 | I11: =(IF('Section Load'!J14>0,'Section Load'!J14,0)) -> 6306 | J11: =(IF('Section Load'!K14>0,'Section Load'!K14,0)) -> 2734 | K11: =(IF('Section Load'!L14>0,'Section Load'!L14,0)) -> 1333 | L11: =(IF('Section Load'!M14>0,'Section Load'!M14,0)) -> 953 | ... AL11: =(IF('Section Load'!AM14>0,'Section Load'!AM14,0)) -> 842 | AM11: =(IF('Water Report'!$M$7>0,'Water Report'!$M$7,0)) -> 129 | AN11: =(IF('Water Report'!$M$8>0,'Water Report'!$M$8,0)) -> 100 | AO11: =(IF('Water Report'!$M$9>0,'Water Report'!$M$9,0)) -> 106 | AP11: =(IF('Water Report'!$M$10>0,'Water Report'!$M$10,0)) -> 14 | AQ11: =(IF('Water Report'!$M$11>0,'Water Report'!$M$11,0)) -> 29 | AR11: =(IF('Water Report'!$M$13>0,'Water Report'!$M$13,0)) -> 43 | AS11: =(IF('Water Report'!$M$14>0,'Water Report'!$M$14,0)) -> 12 | AT11: =(IF('Water Report'!$M$15>0,'Water Report'!$M$15,0)) -> 15 | AU11: =(IF('Water Report'!$M$17>0,'Water Report'!$M$17,0)) -> 0 | AV11: =(IF('Water Report'!$M$18>0,'Water Report'!$M$18,0)) -> 18 | AW11: =(IF('Water Report'!$M$19>0,'Water Report'!$M$19,0)) -> 14 | AX11: =(IF('Water Report'!$M$21>0,'Water Report'!$M$21,0)) -> 86 | AY11: =(IF('Water Report'!$M$22>0,'Water Report'!$M$22,0)) -> 0 | AZ11: =(IF('Water Report'!$M$23>0,'Water Report'!$M$23,0)) -> 2 | BA11: =(IF('Water Report'!$M$14>0,'Water Report'!$M$14,0)) -> 12 | BB11: =(IF('Water Report'!$M$15>0,'Water Report'!$M$15,0)) -> 15 | BC11: =(IF('Water Report'!$M$13>0,'Water Report'!$M$13,0)) -> 43 | BD11: =(IF('Water Report'!$M$24>0,'Water Report'!$M$24,0)) -> 271 | BE11: =(IF('Water Report'!$M$25>0,'Water Report'!$M$25,0)) -> 176 | BF11: =(IF('Water Report'!$M$27>0,'Water Report'!$M$27,0)) -> 131 | BG11: =(IF('Section Load'!AN14>0,'Section Load'!AN14,0)) -> 1193 | BH11: =(IF('Section Load'!AO14>0,'Section Load'!AO14,0)) -> 322 | BI11: =(IF('Section Load'!AP14>0,'Section Load'!AP14,0)) -> 0 | BJ11: =(IF('Section Load'!AQ14>0,'Section Load'!AQ14,0)) -> 137 | BK11: =(IF('Section Load'!AR14>0,'Section Load'!AR14,0)) -> 52 | BL11: =(IF('Section Load'!AS14>0,'Section Load'!AS14,0)) -> 1 | BM11: =(IF('Section Load'!AT14>0,'Section Load'!AT14,0)) -> 681
A12: Mumbai | B12: =B11+1 -> 11 | C12: 12 | D12: 2021 | E12: =(IF('Section Load'!F15>0,'Section Load'!F15,0)) -> 3866 | F12: =(IF('Section Load'!G15>0,'Section Load'!G15,0)) -> 1605 | G12: =(IF('Section Load'!H15>0,'Section Load'!H15,0)) -> 2162 | H12: =(IF('Section Load'!I15>0,'Section Load'!I15,0)) -> 2960 | I12: =(IF('Section Load'!J15>0,'Section Load'!J15,0)) -> 5467 | J12: =(IF('Section Load'!K15>0,'Section Load'!K15,0)) -> 2753 | K12: =(IF('Section Load'!L15>0,'Section Load'!L15,0)) -> 1517 | L12: =(IF('Section Load'!M15>0,'Section Load'!M15,0)) -> 806 | ... AL12: =(IF('Section Load'!AM15>0,'Section Load'!AM15,0)) -> 857 | AM12: =(IF('Water Report'!$N$7>0,'Water Report'!$N$7,0)) -> 116 | AN12: =(IF('Water Report'!$N$8>0,'Water Report'!$N$8,0)) -> 126 | AO12: =(IF('Water Report'!$N$9>0,'Water Report'!$N$9,0)) -> 104 | AP12: =(IF('Water Report'!$N$10>0,'Water Report'!$N$10,0)) -> 20 | AQ12: =(IF('Water Report'!$N$11>0,'Water Report'!$N$11,0)) -> 34 | AR12: =(IF('Water Report'!$N$13>0,'Water Report'!$N$13,0)) -> 39 | AS12: =(IF('Water Report'!$N$14>0,'Water Report'!$N$14,0)) -> 8 | AT12: =(IF('Water Report'!$N$15>0,'Water Report'!$N$15,0)) -> 11 | AU12: =(IF('Water Report'!$N$17>0,'Water Report'!$N$17,0)) -> 0 | AV12: =(IF('Water Report'!$N$18>0,'Water Report'!$N$18,0)) -> 20 | AW12: =(IF('Water Report'!$N$19>0,'Water Report'!$N$19,0)) -> 14 | AX12: =(IF('Water Report'!$N$21>0,'Water Report'!$N$21,0)) -> 83 | AY12: =(IF('Water Report'!$N$22>0,'Water Report'!$N$22,0)) -> 0 | AZ12: =(IF('Water Report'!$N$23>0,'Water Report'!$N$23,0)) -> 12 | BA12: =(IF('Water Report'!$N$14>0,'Water Report'!$N$14,0)) -> 8 | BB12: =(IF('Water Report'!$N$15>0,'Water Report'!$N$15,0)) -> 11 | BC12: =(IF('Water Report'!$N$13>0,'Water Report'!$N$13,0)) -> 39 | BD12: =(IF('Water Report'!$N$24>0,'Water Report'!$N$24,0)) -> 274 | BE12: =(IF('Water Report'!$N$25>0,'Water Report'!$N$25,0)) -> 177 | BF12: =(IF('Water Report'!$N$27>0,'Water Report'!$N$27,0)) -> 134 | BG12: =(IF('Section Load'!AN15>0,'Section Load'!AN15,0)) -> 1164 | BH12: =(IF('Section Load'!AO15>0,'Section Load'!AO15,0)) -> 309 | BI12: =(IF('Section Load'!AP15>0,'Section Load'!AP15,0)) -> 0 | BJ12: =(IF('Section Load'!AQ15>0,'Section Load'!AQ15,0)) -> 141 | BK12: =(IF('Section Load'!AR15>0,'Section Load'!AR15,0)) -> 44 | BL12: =(IF('Section Load'!AS15>0,'Section Load'!AS15,0)) -> 3 | BM12: =(IF('Section Load'!AT15>0,'Section Load'!AT15,0)) -> 667
A13: Mumbai | B13: =B12+1 -> 12 | C13: 12 | D13: 2021 | E13: =(IF('Section Load'!F16>0,'Section Load'!F16,0)) -> 3898 | F13: =(IF('Section Load'!G16>0,'Section Load'!G16,0)) -> 1688 | G13: =(IF('Section Load'!H16>0,'Section Load'!H16,0)) -> 2175 | H13: =(IF('Section Load'!I16>0,'Section Load'!I16,0)) -> 3054 | I13: =(IF('Section Load'!J16>0,'Section Load'!J16,0)) -> 5511 | J13: =(IF('Section Load'!K16>0,'Section Load'!K16,0)) -> 2634 | K13: =(IF('Section Load'!L16>0,'Section Load'!L16,0)) -> 1046 | L13: =(IF('Section Load'!M16>0,'Section Load'!M16,0)) -> 1141 | ... AL13: =(IF('Section Load'!AM16>0,'Section Load'!AM16,0)) -> 852 | AM13: =(IF('Water Report'!$O$7>0,'Water Report'!$O$7,0)) -> 144 | AN13: =(IF('Water Report'!$O$8>0,'Water Report'!$O$8,0)) -> 130 | AO13: =(IF('Water Report'!$O$9>0,'Water Report'!$O$9,0)) -> 105 | AP13: =(IF('Water Report'!$O$10>0,'Water Report'!$O$10,0)) -> 21 | AQ13: =(IF('Water Report'!$O$11>0,'Water Report'!$O$11,0)) -> 33 | AR13: =(IF('Water Report'!$O$13>0,'Water Report'!$O$13,0)) -> 44 | AS13: =(IF('Water Report'!$O$14>0,'Water Report'!$O$14,0)) -> 7 | AT13: =(IF('Water Report'!$O$15>0,'Water Report'!$O$15,0)) -> 9 | AU13: =(IF('Water Report'!$O$17>0,'Water Report'!$O$17,0)) -> 3 | AV13: =(IF('Water Report'!$O$18>0,'Water Report'!$O$18,0)) -> 19 | AW13: =(IF('Water Report'!$O$19>0,'Water Report'!$O$19,0)) -> 14 | AX13: =(IF('Water Report'!$O$21>0,'Water Report'!$O$21,0)) -> 109 | AY13: =(IF('Water Report'!$O$22>0,'Water Report'!$O$22,0)) -> 0 | AZ13: =(IF('Water Report'!$O$23>0,'Water Report'!$O$23,0)) -> 1 | BA13: =(IF('Water Report'!$O$14>0,'Water Report'!$O$14,0)) -> 7 | BB13: =(IF('Water Report'!$O$15>0,'Water Report'!$O$15,0)) -> 9 | BC13: =(IF('Water Report'!$O$13>0,'Water Report'!$O$13,0)) -> 44 | BD13: =(IF('Water Report'!$O$24>0,'Water Report'!$O$24,0)) -> 294 | BE13: =(IF('Water Report'!$O$25>0,'Water Report'!$O$25,0)) -> 175 | BF13: =(IF('Water Report'!$O$27>0,'Water Report'!$O$27,0)) -> 154 | BG13: =(IF('Section Load'!AN16>0,'Section Load'!AN16,0)) -> 1252 | BH13: =(IF('Section Load'!AO16>0,'Section Load'!AO16,0)) -> 300 | BI13: =(IF('Section Load'!AP16>0,'Section Load'!AP16,0)) -> 0 | BJ13: =(IF('Section Load'!AQ16>0,'Section Load'!AQ16,0)) -> 152 | BK13: =(IF('Section Load'!AR16>0,'Section Load'!AR16,0)) -> 46 | BL13: =(IF('Section Load'!AS16>0,'Section Load'!AS16,0)) -> 5 | BM13: =(IF('Section Load'!AT16>0,'Section Load'!AT16,0)) -> 749
A14: Mumbai | B14: =B13+1 -> 13 | C14: 12 | D14: 2021 | E14: =(IF('Section Load'!F17>0,'Section Load'!F17,0)) -> 3767 | F14: =(IF('Section Load'!G17>0,'Section Load'!G17,0)) -> 1431 | G14: =(IF('Section Load'!H17>0,'Section Load'!H17,0)) -> 2095 | H14: =(IF('Section Load'!I17>0,'Section Load'!I17,0)) -> 3101 | I14: =(IF('Section Load'!J17>0,'Section Load'!J17,0)) -> 5072 | J14: =(IF('Section Load'!K17>0,'Section Load'!K17,0)) -> 2771 | K14: =(IF('Section Load'!L17>0,'Section Load'!L17,0)) -> 1701 | L14: =(IF('Section Load'!M17>0,'Section Load'!M17,0)) -> 1205 | ... AL14: =(IF('Section Load'!AM17>0,'Section Load'!AM17,0)) -> 828 | AM14: =(IF('Water Report'!$P$7>0,'Water Report'!$P$7,0)) -> 146 | AN14: =(IF('Water Report'!$P$8>0,'Water Report'!$P$8,0)) -> 125 | AO14: =(IF('Water Report'!$P$9>0,'Water Report'!$P$9,0)) -> 152 | AP14: =(IF('Water Report'!$P$10>0,'Water Report'!$P$10,0)) -> 19 | AQ14: =(IF('Water Report'!$P$11>0,'Water Report'!$P$11,0)) -> 30 | AR14: =(IF('Water Report'!$P$13>0,'Water Report'!$P$13,0)) -> 46 | AS14: =(IF('Water Report'!$P$14>0,'Water Report'!$P$14,0)) -> 16 | AT14: =(IF('Water Report'!$P$15>0,'Water Report'!$P$15,0)) -> 14 | AU14: =(IF('Water Report'!$P$17>0,'Water Report'!$P$17,0)) -> 0 | AV14: =(IF('Water Report'!$P$18>0,'Water Report'!$P$18,0)) -> 19 | AW14: =(IF('Water Report'!$P$19>0,'Water Report'!$P$19,0)) -> 12 | AX14: =(IF('Water Report'!$P$21>0,'Water Report'!$P$21,0)) -> 68 | AY14: =(IF('Water Report'!$P$22>0,'Water Report'!$P$22,0)) -> 0 | AZ14: =(IF('Water Report'!$P$23>0,'Water Report'!$P$23,0)) -> 3 | BA14: =(IF('Water Report'!$P$14>0,'Water Report'!$P$14,0)) -> 16 | BB14: =(IF('Water Report'!$P$15>0,'Water Report'!$P$15,0)) -> 14 | BC14: =(IF('Water Report'!$P$13>0,'Water Report'!$P$13,0)) -> 46 | BD14: =(IF('Water Report'!$P$24>0,'Water Report'!$P$24,0)) -> 294 | BE14: =(IF('Water Report'!$P$25>0,'Water Report'!$P$25,0)) -> 231 | BF14: =(IF('Water Report'!$P$27>0,'Water Report'!$P$27,0)) -> 117 | BG14: =(IF('Section Load'!AN17>0,'Section Load'!AN17,0)) -> 1211 | BH14: =(IF('Section Load'!AO17>0,'Section Load'!AO17,0)) -> 329 | BI14: =(IF('Section Load'!AP17>0,'Section Load'!AP17,0)) -> 0 | BJ14: =(IF('Section Load'!AQ17>0,'Section Load'!AQ17,0)) -> 139 | BK14: =(IF('Section Load'!AR17>0,'Section Load'!AR17,0)) -> 66 | BL14: =(IF('Section Load'!AS17>0,'Section Load'!AS17,0)) -> 0 | BM14: =(IF('Section Load'!AT17>0,'Section Load'!AT17,0)) -> 677
A15: Mumbai | B15: =B14+1 -> 14 | C15: 12 | D15: 2021 | E15: =(IF('Section Load'!F18>0,'Section Load'!F18,0)) -> 3890 | F15: =(IF('Section Load'!G18>0,'Section Load'!G18,0)) -> 1598 | G15: =(IF('Section Load'!H18>0,'Section Load'!H18,0)) -> 2029 | H15: =(IF('Section Load'!I18>0,'Section Load'!I18,0)) -> 3022 | I15: =(IF('Section Load'!J18>0,'Section Load'!J18,0)) -> 3919 | J15: =(IF('Section Load'!K18>0,'Section Load'!K18,0)) -> 2768 | K15: =(IF('Section Load'!L18>0,'Section Load'!L18,0)) -> 1163 | L15: =(IF('Section Load'!M18>0,'Section Load'!M18,0)) -> 1164 | ... AL15: =(IF('Section Load'!AM18>0,'Section Load'!AM18,0)) -> 833 | AM15: =(IF('Water Report'!$Q$7>0,'Water Report'!$Q$7,0)) -> 143 | AN15: =(IF('Water Report'!$Q$8>0,'Water Report'!$Q$8,0)) -> 82 | AO15: =(IF('Water Report'!$Q$9>0,'Water Report'!$Q$9,0)) -> 105 | AP15: =(IF('Water Report'!$Q$10>0,'Water Report'!$Q$10,0)) -> 18 | AQ15: =(IF('Water Report'!$Q$11>0,'Water Report'!$Q$11,0)) -> 32 | AR15: =(IF('Water Report'!$Q$13>0,'Water Report'!$Q$13,0)) -> 41 | AS15: =(IF('Water Report'!$Q$14>0,'Water Report'!$Q$14,0)) -> 8 | AT15: =(IF('Water Report'!$Q$15>0,'Water Report'!$Q$15,0)) -> 9 | AU15: =(IF('Water Report'!$Q$17>0,'Water Report'!$Q$17,0)) -> 0 | AV15: =(IF('Water Report'!$Q$18>0,'Water Report'!$Q$18,0)) -> 16 | AW15: =(IF('Water Report'!$Q$19>0,'Water Report'!$Q$19,0)) -> 14 | AX15: =(IF('Water Report'!$Q$21>0,'Water Report'!$Q$21,0)) -> 55 | AY15: =(IF('Water Report'!$Q$22>0,'Water Report'!$Q$22,0)) -> 0 | AZ15: =(IF('Water Report'!$Q$23>0,'Water Report'!$Q$23,0)) -> 12 | BA15: =(IF('Water Report'!$Q$14>0,'Water Report'!$Q$14,0)) -> 8 | BB15: =(IF('Water Report'!$Q$15>0,'Water Report'!$Q$15,0)) -> 9 | BC15: =(IF('Water Report'!$Q$13>0,'Water Report'!$Q$13,0)) -> 41 | BD15: =(IF('Water Report'!$Q$24>0,'Water Report'!$Q$24,0)) -> 292 | BE15: =(IF('Water Report'!$Q$25>0,'Water Report'!$Q$25,0)) -> 172 | BF15: =(IF('Water Report'!$Q$27>0,'Water Report'!$Q$27,0)) -> 108 | BG15: =(IF('Section Load'!AN18>0,'Section Load'!AN18,0)) -> 1124 | BH15: =(IF('Section Load'!AO18>0,'Section Load'!AO18,0)) -> 321 | BI15: =(IF('Section Load'!AP18>0,'Section Load'!AP18,0)) -> 0 | BJ15: =(IF('Section Load'!AQ18>0,'Section Load'!AQ18,0)) -> 110 | BK15: =(IF('Section Load'!AR18>0,'Section Load'!AR18,0)) -> 39 | BL15: =(IF('Section Load'!AS18>0,'Section Load'!AS18,0)) -> 0 | BM15: =(IF('Section Load'!AT18>0,'Section Load'!AT18,0)) -> 654
A16: Mumbai | B16: =B15+1 -> 15 | C16: 12 | D16: 2021 | E16: =(IF('Section Load'!F19>0,'Section Load'!F19,0)) -> 3797 | F16: =(IF('Section Load'!G19>0,'Section Load'!G19,0)) -> 1543 | G16: =(IF('Section Load'!H19>0,'Section Load'!H19,0)) -> 1931 | H16: =(IF('Section Load'!I19>0,'Section Load'!I19,0)) -> 2939 | I16: =(IF('Section Load'!J19>0,'Section Load'!J19,0)) -> 5187 | J16: =(IF('Section Load'!K19>0,'Section Load'!K19,0)) -> 2748 | K16: =(IF('Section Load'!L19>0,'Section Load'!L19,0)) -> 1582 | L16: =(IF('Section Load'!M19>0,'Section Load'!M19,0)) -> 1099 | ... AL16: =(IF('Section Load'!AM19>0,'Section Load'!AM19,0)) -> 818 | AM16: =(IF('Water Report'!$R$7>0,'Water Report'!$R$7,0)) -> 106 | AN16: =(IF('Water Report'!$R$8>0,'Water Report'!$R$8,0)) -> 81 | AO16: =(IF('Water Report'!$R$9>0,'Water Report'!$R$9,0)) -> 106 | AP16: =(IF('Water Report'!$R$10>0,'Water Report'!$R$10,0)) -> 13 | AQ16: =(IF('Water Report'!$R$11>0,'Water Report'!$R$11,0)) -> 20 | AR16: =(IF('Water Report'!$R$13>0,'Water Report'!$R$13,0)) -> 38 | AS16: =(IF('Water Report'!$R$14>0,'Water Report'!$R$14,0)) -> 8 | AT16: =(IF('Water Report'!$R$15>0,'Water Report'!$R$15,0)) -> 5 | AU16: =(IF('Water Report'!$R$17>0,'Water Report'!$R$17,0)) -> 0 | AV16: =(IF('Water Report'!$R$18>0,'Water Report'!$R$18,0)) -> 19 | AW16: =(IF('Water Report'!$R$19>0,'Water Report'!$R$19,0)) -> 13 | AX16: =(IF('Water Report'!$R$21>0,'Water Report'!$R$21,0)) -> 80 | AY16: =(IF('Water Report'!$R$22>0,'Water Report'!$R$22,0)) -> 0 | AZ16: =(IF('Water Report'!$R$23>0,'Water Report'!$R$23,0)) -> 6 | BA16: =(IF('Water Report'!$R$14>0,'Water Report'!$R$14,0)) -> 8 | BB16: =(IF('Water Report'!$R$15>0,'Water Report'!$R$15,0)) -> 5 | BC16: =(IF('Water Report'!$R$13>0,'Water Report'!$R$13,0)) -> 38 | BD16: =(IF('Water Report'!$R$24>0,'Water Report'!$R$24,0)) -> 240 | BE16: =(IF('Water Report'!$R$25>0,'Water Report'!$R$25,0)) -> 152 | BF16: =(IF('Water Report'!$R$27>0,'Water Report'!$R$27,0)) -> 124 | BG16: =(IF('Section Load'!AN19>0,'Section Load'!AN19,0)) -> 1178.13 | BH16: =(IF('Section Load'!AO19>0,'Section Load'!AO19,0)) -> 322 | BI16: =(IF('Section Load'!AP19>0,'Section Load'!AP19,0)) -> 0 | BJ16: =(IF('Section Load'!AQ19>0,'Section Load'!AQ19,0)) -> 130.6 | BK16: =(IF('Section Load'!AR19>0,'Section Load'!AR19,0)) -> 45.6 | BL16: =(IF('Section Load'!AS19>0,'Section Load'!AS19,0)) -> 4.7 | BM16: =(IF('Section Load'!AT19>0,'Section Load'!AT19,0)) -> 675.23
A17: Mumbai | B17: =B16+1 -> 16 | C17: 12 | D17: 2021 | E17: =(IF('Section Load'!F20>0,'Section Load'!F20,0)) -> 3731.68 | F17: =(IF('Section Load'!G20>0,'Section Load'!G20,0)) -> 1565.33 | G17: =(IF('Section Load'!H20>0,'Section Load'!H20,0)) -> 1985.61 | H17: =(IF('Section Load'!I20>0,'Section Load'!I20,0)) -> 2949.87 | I17: =(IF('Section Load'!J20>0,'Section Load'!J20,0)) -> 5082.53 | J17: =(IF('Section Load'!K20>0,'Section Load'!K20,0)) -> 2590.2 | K17: =(IF('Section Load'!L20>0,'Section Load'!L20,0)) -> 1041.38 | L17: =(IF('Section Load'!M20>0,'Section Load'!M20,0)) -> 1204.26 | ... AL17: =(IF('Section Load'!AM20>0,'Section Load'!AM20,0)) -> 835.41 | AM17: =(IF('Water Report'!$S$7>0,'Water Report'!$S$7,0)) -> 112 | AN17: =(IF('Water Report'!$S$8>0,'Water Report'!$S$8,0)) -> 88 | AO17: =(IF('Water Report'!$S$9>0,'Water Report'!$S$9,0)) -> 93 | AP17: =(IF('Water Report'!$S$10>0,'Water Report'!$D$10,0)) -> 18 | AQ17: =(IF('Water Report'!$S$11>0,'Water Report'!$D$11,0)) -> 25 | AR17: =(IF('Water Report'!$S$13>0,'Water Report'!$D$13,0)) -> 34 | AS17: =(IF('Water Report'!$S$14>0,'Water Report'!$D$14,0)) -> 10 | AT17: =(IF('Water Report'!$S$15>0,'Water Report'!$D$15,0)) -> 6 | AU17: =(IF('Water Report'!$S$17>0,'Water Report'!$D$17,0)) -> 0 | AV17: =(IF('Water Report'!$S$18>0,'Water Report'!$D$18,0)) -> 15 | AW17: =(IF('Water Report'!$S$19>0,'Water Report'!$D$19,0)) -> 10 | AX17: =(IF('Water Report'!$S$21>0,'Water Report'!$D$21,0)) -> 63 | AY17: =(IF('Water Report'!$S$22>0,'Water Report'!$D$22,0)) -> 0 | AZ17: =(IF('Water Report'!$S$23>0,'Water Report'!$D$23,0)) -> 4 | BA17: =(IF('Water Report'!$S$14>0,'Water Report'!$D$14,0)) -> 10 | BB17: =(IF('Water Report'!$S$15>0,'Water Report'!$D$15,0)) -> 6 | BC17: =(IF('Water Report'!$S$13>0,'Water Report'!$D$13,0)) -> 34 | BD17: =(IF('Water Report'!$S$24>0,'Water Report'!$D$24,0)) -> 212 | BE17: =(IF('Water Report'!$S$25>0,'Water Report'!$D$25,0)) -> 145 | BF17: =(IF('Water Report'!$S$27>0,'Water Report'!$D$27,0)) -> 101 | BG17: =(IF('Section Load'!AN20>0,'Section Load'!AN20,0)) -> 1154.87 | BH17: =(IF('Section Load'!AO20>0,'Section Load'!AO20,0)) -> 330.41 | BI17: =(IF('Section Load'!AP20>0,'Section Load'!AP20,0)) -> 0 | BJ17: =(IF('Section Load'!AQ20>0,'Section Load'!AQ20,0)) -> 136.82 | BK17: =(IF('Section Load'!AR20>0,'Section Load'!AR20,0)) -> 45.5 | BL17: =(IF('Section Load'!AS20>0,'Section Load'!AS20,0)) -> 2.1 | BM17: =(IF('Section Load'!AT20>0,'Section Load'!AT20,0)) -> 640.04
A18: Mumbai | B18: =B17+1 -> 17 | C18: 12 | D18: 2021 | E18: =(IF('Section Load'!F21>0,'Section Load'!F21,0)) -> 3551.81 | F18: =(IF('Section Load'!G21>0,'Section Load'!G21,0)) -> 1583.54 | G18: =(IF('Section Load'!H21>0,'Section Load'!H21,0)) -> 2168.16 | H18: =(IF('Section Load'!I21>0,'Section Load'!I21,0)) -> 3084.48 | I18: =(IF('Section Load'!J21>0,'Section Load'!J21,0)) -> 5645.21 | J18: =(IF('Section Load'!K21>0,'Section Load'!K21,0)) -> 2782.73 | K18: =(IF('Section Load'!L21>0,'Section Load'!L21,0)) -> 1241.5 | L18: =(IF('Section Load'!M21>0,'Section Load'!M21,0)) -> 1285.63 | ... AL18: =(IF('Section Load'!AM21>0,'Section Load'!AM21,0)) -> 869.2 | AM18: =(IF('Water Report'!$T$7>0,'Water Report'!$T$7,0)) -> 126 | AN18: =(IF('Water Report'!$T$8>0,'Water Report'!$T$8,0)) -> 120 | AO18: =(IF('Water Report'!$T$9>0,'Water Report'!$T$9,0)) -> 111 | AP18: =(IF('Water Report'!$T$10>0,'Water Report'!$T$10,0)) -> 19 | AQ18: =(IF('Water Report'!$T$11>0,'Water Report'!$T$11,0)) -> 31 | AR18: =(IF('Water Report'!$T$13>0,'Water Report'!$T$13,0)) -> 49 | AS18: =(IF('Water Report'!$T$14>0,'Water Report'!$T$14,0)) -> 8 | AT18: =(IF('Water Report'!$T$15>0,'Water Report'!$T$15,0)) -> 13 | AU18: =(IF('Water Report'!$T$17>0,'Water Report'!$T$17,0)) -> 0 | AV18: =(IF('Water Report'!$T$18>0,'Water Report'!$T$18,0)) -> 17 | AW18: =(IF('Water Report'!$T$19>0,'Water Report'!$T$19,0)) -> 12 | AX18: =(IF('Water Report'!$T$21>0,'Water Report'!$T$21,0)) -> 115 | AY18: =(IF('Water Report'!$T$22>0,'Water Report'!$T$22,0)) -> 13 | AZ18: =(IF('Water Report'!$T$23>0,'Water Report'!$T$23,0)) -> 2 | BA18: =(IF('Water Report'!$T$14>0,'Water Report'!$T$14,0)) -> 8 | BB18: =(IF('Water Report'!$T$15>0,'Water Report'!$T$15,0)) -> 13 | BC18: =(IF('Water Report'!$T$13>0,'Water Report'!$T$13,0)) -> 49 | BD18: =(IF('Water Report'!$T$24>0,'Water Report'!$T$24,0)) -> 234 | BE18: =(IF('Water Report'!$T$25>0,'Water Report'!$T$25,0)) -> 182 | BF18: =(IF('Water Report'!$T$27>0,'Water Report'!$T$27,0)) -> 166 | BG18: =(IF('Section Load'!AN21>0,'Section Load'!AN21,0)) -> 1138.822 | BH18: =(IF('Section Load'!AO21>0,'Section Load'!AO21,0)) -> 317.42 | BI18: =(IF('Section Load'!AP21>0,'Section Load'!AP21,0)) -> 0 | BJ18: =(IF('Section Load'!AQ21>0,'Section Load'!AQ21,0)) -> 123.58 | BK18: =(IF('Section Load'!AR21>0,'Section Load'!AR21,0)) -> 52.4 | BL18: =(IF('Section Load'!AS21>0,'Section Load'!AS21,0)) -> 2.2 | BM18: =(IF('Section Load'!AT21>0,'Section Load'!AT21,0)) -> 643.222
A19: Mumbai | B19: =B18+1 -> 18 | C19: 12 | D19: 2021 | E19: =(IF('Section Load'!F22>0,'Section Load'!F22,0)) -> 3379.97 | F19: =(IF('Section Load'!G22>0,'Section Load'!G22,0)) -> 1564.6 | G19: =(IF('Section Load'!H22>0,'Section Load'!H22,0)) -> 2082.22 | H19: =(IF('Section Load'!I22>0,'Section Load'!I22,0)) -> 2894.04 | I19: =(IF('Section Load'!J22>0,'Section Load'!J22,0)) -> 5311.51 | J19: =(IF('Section Load'!K22>0,'Section Load'!K22,0)) -> 2787.94 | K19: =(IF('Section Load'!L22>0,'Section Load'!L22,0)) -> 1452.43 | L19: =(IF('Section Load'!M22>0,'Section Load'!M22,0)) -> 1224.04 | ... AL19: =(IF('Section Load'!AM22>0,'Section Load'!AM22,0)) -> 832.87 | AM19: =(IF('Water Report'!$U$7>0,'Water Report'!$U$7,0)) -> 134 | AN19: =(IF('Water Report'!$U$8>0,'Water Report'!$U$8,0)) -> 108 | AO19: =(IF('Water Report'!$U$9>0,'Water Report'!$U$9,0)) -> 125 | AP19: =(IF('Water Report'!$U$10>0,'Water Report'!$U$10,0)) -> 21 | AQ19: =(IF('Water Report'!$U$11>0,'Water Report'!$U$11,0)) -> 30 | AR19: =(IF('Water Report'!$U$13>0,'Water Report'!$U$13,0)) -> 56 | AS19: =(IF('Water Report'!$U$14>0,'Water Report'!$U$14,0)) -> 9 | AT19: =(IF('Water Report'!$U$15>0,'Water Report'!$U$15,0)) -> 19 | AU19: =(IF('Water Report'!$U$17>0,'Water Report'!$U$17,0)) -> 0 | AV19: =(IF('Water Report'!$U$18>0,'Water Report'!$U$18,0)) -> 14 | AW19: =(IF('Water Report'!$U$19>0,'Water Report'!$U$19,0)) -> 13 | AX19: =(IF('Water Report'!$U$21>0,'Water Report'!$U$21,0)) -> 41 | AY19: =(IF('Water Report'!$U$22>0,'Water Report'!$U$22,0)) -> 14 | AZ19: =(IF('Water Report'!$U$23>0,'Water Report'!$U$23,0)) -> 11 | BA19: =(IF('Water Report'!$U$14>0,'Water Report'!$U$14,0)) -> 9 | BB19: =(IF('Water Report'!$U$15>0,'Water Report'!$U$15,0)) -> 19 | BC19: =(IF('Water Report'!$U$13>0,'Water Report'!$U$13,0)) -> 56 | BD19: =(IF('Water Report'!$U$24>0,'Water Report'!$U$24,0)) -> 273 | BE19: =(IF('Water Report'!$U$25>0,'Water Report'!$U$25,0)) -> 204 | BF19: =(IF('Water Report'!$U$27>0,'Water Report'!$U$27,0)) -> 108 | BG19: =(IF('Section Load'!AN22>0,'Section Load'!AN22,0)) -> 1215.284 | BH19: =(IF('Section Load'!AO22>0,'Section Load'!AO22,0)) -> 305.65 | BI19: =(IF('Section Load'!AP22>0,'Section Load'!AP22,0)) -> 0 | BJ19: =(IF('Section Load'!AQ22>0,'Section Load'!AQ22,0)) -> 134.6 | BK19: =(IF('Section Load'!AR22>0,'Section Load'!AR22,0)) -> 55.2 | BL19: =(IF('Section Load'!AS22>0,'Section Load'!AS22,0)) -> 1.9 | BM19: =(IF('Section Load'!AT22>0,'Section Load'!AT22,0)) -> 717.934
A20: Mumbai | B20: =B19+1 -> 19 | C20: 12 | D20: 2021 | E20: =(IF('Section Load'!F23>0,'Section Load'!F23,0)) -> 3420.04 | F20: =(IF('Section Load'!G23>0,'Section Load'!G23,0)) -> 1585.36 | G20: =(IF('Section Load'!H23>0,'Section Load'!H23,0)) -> 2024.94 | H20: =(IF('Section Load'!I23>0,'Section Load'!I23,0)) -> 3077.56 | I20: =(IF('Section Load'!J23>0,'Section Load'!J23,0)) -> 5180.54 | J20: =(IF('Section Load'!K23>0,'Section Load'!K23,0)) -> 2794.76 | K20: =(IF('Section Load'!L23>0,'Section Load'!L23,0)) -> 1631.18 | L20: =(IF('Section Load'!M23>0,'Section Load'!M23,0)) -> 1132.07 | ... AL20: =(IF('Section Load'!AM23>0,'Section Load'!AM23,0)) -> 858.88 | AM20: =(IF('Water Report'!$V$7>0,'Water Report'!$V$7,0)) -> 130 | AN20: =(IF('Water Report'!$V$8>0,'Water Report'!$V$8,0)) -> 86 | AO20: =(IF('Water Report'!$V$9>0,'Water Report'!$V$9,0)) -> 117 | AP20: =(IF('Water Report'!$V$10>0,'Water Report'!$V$10,0)) -> 23 | AQ20: =(IF('Water Report'!$V$11>0,'Water Report'!$V$11,0)) -> 34 | AR20: =(IF('Water Report'!$V$13>0,'Water Report'!$V$13,0)) -> 0 | AS20: =(IF('Water Report'!$V$14>0,'Water Report'!$V$14,0)) -> 28 | AT20: =(IF('Water Report'!$V$15>0,'Water Report'!$V$15,0)) -> 12 | AU20: =(IF('Water Report'!$V$17>0,'Water Report'!$V$17,0)) -> 0 | AV20: =(IF('Water Report'!$V$18>0,'Water Report'!$V$18,0)) -> 15 | AW20: =(IF('Water Report'!$V$19>0,'Water Report'!$V$19,0)) -> 11 | AX20: =(IF('Water Report'!$V$21>0,'Water Report'!$V$21,0)) -> 74 | AY20: =(IF('Water Report'!$V$22>0,'Water Report'!$V$22,0)) -> 0 | AZ20: =(IF('Water Report'!$V$23>0,'Water Report'!$V$23,0)) -> 1 | BA20: =(IF('Water Report'!$V$14>0,'Water Report'!$V$14,0)) -> 28 | BB20: =(IF('Water Report'!$V$15>0,'Water Report'!$V$15,0)) -> 12 | BC20: =(IF('Water Report'!$V$13>0,'Water Report'!$V$13,0)) -> 0 | BD20: =(IF('Water Report'!$V$24>0,'Water Report'!$V$24,0)) -> 273 | BE20: =(IF('Water Report'!$V$25>0,'Water Report'!$V$25,0)) -> 214 | BF20: =(IF('Water Report'!$V$27>0,'Water Report'!$V$27,0)) -> 75 | BG20: =(IF('Section Load'!AN23>0,'Section Load'!AN23,0)) -> 1150.294 | BH20: =(IF('Section Load'!AO23>0,'Section Load'!AO23,0)) -> 312.83 | BI20: =(IF('Section Load'!AP23>0,'Section Load'!AP23,0)) -> 0 | BJ20: =(IF('Section Load'!AQ23>0,'Section Load'!AQ23,0)) -> 149.6 | BK20: =(IF('Section Load'!AR23>0,'Section Load'!AR23,0)) -> 69.6 | BL20: =(IF('Section Load'!AS23>0,'Section Load'!AS23,0)) -> 1.8 | BM20: =(IF('Section Load'!AT23>0,'Section Load'!AT23,0)) -> 616.464
A21: Mumbai | B21: =B20+1 -> 20 | C21: 12 | D21: 2021 | E21: =(IF('Section Load'!F24>0,'Section Load'!F24,0)) -> 3485.58 | F21: =(IF('Section Load'!G24>0,'Section Load'!G24,0)) -> 1629.82 | G21: =(IF('Section Load'!H24>0,'Section Load'!H24,0)) -> 1975.1 | H21: =(IF('Section Load'!I24>0,'Section Load'!I24,0)) -> 2849.68 | I21: =(IF('Section Load'!J24>0,'Section Load'!J24,0)) -> 4532.26 | J21: =(IF('Section Load'!K24>0,'Section Load'!K24,0)) -> 2718.96 | K21: =(IF('Section Load'!L24>0,'Section Load'!L24,0)) -> 1114.71 | L21: =(IF('Section Load'!M24>0,'Section Load'!M24,0)) -> 926.36 | ... AL21: =(IF('Section Load'!AM24>0,'Section Load'!AM24,0)) -> 846.91 | AM21: =(IF('Water Report'!$W$7>0,'Water Report'!$W$7,0)) -> 124 | AN21: =(IF('Water Report'!$W$8>0,'Water Report'!$W$8,0)) -> 119 | AO21: =(IF('Water Report'!$W$9>0,'Water Report'!$W$9,0)) -> 77 | AP21: =(IF('Water Report'!$W$10>0,'Water Report'!$W$10,0)) -> 17 | AQ21: =(IF('Water Report'!$W$11>0,'Water Report'!$W$11,0)) -> 26 | AR21: =(IF('Water Report'!$W$13>0,'Water Report'!$W$13,0)) -> 68 | AS21: =(IF('Water Report'!$W$14>0,'Water Report'!$W$14,0)) -> 7 | AT21: =(IF('Water Report'!$W$15>0,'Water Report'!$W$15,0)) -> 9 | AU21: =(IF('Water Report'!$W$17>0,'Water Report'!$W$17,0)) -> 0 | AV21: =(IF('Water Report'!$W$18>0,'Water Report'!$W$18,0)) -> 17 | AW21: =(IF('Water Report'!$W$19>0,'Water Report'!$W$19,0)) -> 12 | AX21: =(IF('Water Report'!$W$21>0,'Water Report'!$W$21,0)) -> 67 | AY21: =(IF('Water Report'!$W$22>0,'Water Report'!$W$22,0)) -> 0 | AZ21: =(IF('Water Report'!$W$23>0,'Water Report'!$W$23,0)) -> 1 | BA21: =(IF('Water Report'!$W$14>0,'Water Report'!$W$14,0)) -> 7 | BB21: =(IF('Water Report'!$W$15>0,'Water Report'!$W$15,0)) -> 9 | BC21: =(IF('Water Report'!$W$13>0,'Water Report'!$W$13,0)) -> 68 | BD21: =(IF('Water Report'!$W$24>0,'Water Report'!$W$24,0)) -> 273 | BE21: =(IF('Water Report'!$W$25>0,'Water Report'!$W$25,0)) -> 136 | BF21: =(IF('Water Report'!$W$27>0,'Water Report'!$W$27,0)) -> 136 | BG21: =(IF('Section Load'!AN24>0,'Section Load'!AN24,0)) -> 1154.41 | BH21: =(IF('Section Load'!AO24>0,'Section Load'!AO24,0)) -> 318.69 | BI21: =(IF('Section Load'!AP24>0,'Section Load'!AP24,0)) -> 0 | BJ21: =(IF('Section Load'!AQ24>0,'Section Load'!AQ24,0)) -> 127.05 | BK21: =(IF('Section Load'!AR24>0,'Section Load'!AR24,0)) -> 46.7 | BL21: =(IF('Section Load'!AS24>0,'Section Load'!AS24,0)) -> 1.3 | BM21: =(IF('Section Load'!AT24>0,'Section Load'!AT24,0)) -> 660.67
A22: Mumbai | B22: =B21+1 -> 21 | C22: 12 | D22: 2021 | E22: =(IF('Section Load'!F25>0,'Section Load'!F25,0)) -> 3149.21 | F22: =(IF('Section Load'!G25>0,'Section Load'!G25,0)) -> 1625.5 | G22: =(IF('Section Load'!H25>0,'Section Load'!H25,0)) -> 1893.84 | H22: =(IF('Section Load'!I25>0,'Section Load'!I25,0)) -> 2810.6 | I22: =(IF('Section Load'!J25>0,'Section Load'!J25,0)) -> 4666.08 | J22: =(IF('Section Load'!K25>0,'Section Load'!K25,0)) -> 2692.16 | K22: =(IF('Section Load'!L25>0,'Section Load'!L25,0)) -> 1116.68 | L22: =(IF('Section Load'!M25>0,'Section Load'!M25,0)) -> 1038.03 | ... AL22: =(IF('Section Load'!AM25>0,'Section Load'!AM25,0)) -> 706.69 | AM22: =(IF('Water Report'!$X$7>0,'Water Report'!$X$7,0)) -> 117 | AN22: =(IF('Water Report'!$X$8>0,'Water Report'!$X$8,0)) -> 72 | AO22: =(IF('Water Report'!$X$9>0,'Water Report'!$X$9,0)) -> 97 | AP22: =(IF('Water Report'!$X$10>0,'Water Report'!$X$10,0)) -> 17 | AQ22: =(IF('Water Report'!$X$11>0,'Water Report'!$X$11,0)) -> 27 | AR22: =(IF('Water Report'!$X$13>0,'Water Report'!$X$13,0)) -> 35 | AS22: =(IF('Water Report'!$X$14>0,'Water Report'!$X$14,0)) -> 9 | AT22: =(IF('Water Report'!$X$15>0,'Water Report'!$X$15,0)) -> 8 | AU22: =(IF('Water Report'!$X$17>0,'Water Report'!$X$17,0)) -> 0 | AV22: =(IF('Water Report'!$X$18>0,'Water Report'!$X$18,0)) -> 16 | AW22: =(IF('Water Report'!$X$19>0,'Water Report'!$X$19,0)) -> 13 | AX22: =(IF('Water Report'!$X$21>0,'Water Report'!$X$21,0)) -> 60 | AY22: =(IF('Water Report'!$X$22>0,'Water Report'!$X$22,0)) -> 0 | AZ22: =(IF('Water Report'!$X$23>0,'Water Report'!$X$23,0)) -> 11 | BA22: =(IF('Water Report'!$X$14>0,'Water Report'!$X$14,0)) -> 9 | BB22: =(IF('Water Report'!$X$15>0,'Water Report'!$X$15,0)) -> 8 | BC22: =(IF('Water Report'!$X$13>0,'Water Report'!$X$13,0)) -> 35 | BD22: =(IF('Water Report'!$X$24>0,'Water Report'!$X$24,0)) -> 271 | BE22: =(IF('Water Report'!$X$25>0,'Water Report'!$X$25,0)) -> 158 | BF22: =(IF('Water Report'!$X$27>0,'Water Report'!$X$27,0)) -> 106 | BG22: =(IF('Section Load'!AN25>0,'Section Load'!AN25,0)) -> 1115.57 | BH22: =(IF('Section Load'!AO25>0,'Section Load'!AO25,0)) -> 321.21 | BI22: =(IF('Section Load'!AP25>0,'Section Load'!AP25,0)) -> 0 | BJ22: =(IF('Section Load'!AQ25>0,'Section Load'!AQ25,0)) -> 111.48 | BK22: =(IF('Section Load'!AR25>0,'Section Load'!AR25,0)) -> 55 | BL22: =(IF('Section Load'!AS25>0,'Section Load'!AS25,0)) -> 1 | BM22: =(IF('Section Load'!AT25>0,'Section Load'!AT25,0)) -> 626.88
A23: Mumbai | B23: =B22+1 -> 22 | C23: 12 | D23: 2021 | E23: =(IF('Section Load'!F26>0,'Section Load'!F26,0)) -> 3084.49 | F23: =(IF('Section Load'!G26>0,'Section Load'!G26,0)) -> 1590.14 | G23: =(IF('Section Load'!H26>0,'Section Load'!H26,0)) -> 1914.58 | H23: =(IF('Section Load'!I26>0,'Section Load'!I26,0)) -> 2775.92 | I23: =(IF('Section Load'!J26>0,'Section Load'!J26,0)) -> 4737.31 | J23: =(IF('Section Load'!K26>0,'Section Load'!K26,0)) -> 2692.75 | K23: =(IF('Section Load'!L26>0,'Section Load'!L26,0)) -> 1108.01 | L23: =(IF('Section Load'!M26>0,'Section Load'!M26,0)) -> 919.97 | ... AL23: =(IF('Section Load'!AM26>0,'Section Load'!AM26,0)) -> 649.1 | AM23: =(IF('Water Report'!$Y$7>0,'Water Report'!$Y$7,0)) -> 120 | AN23: =(IF('Water Report'!$Y$8>0,'Water Report'!$Y$8,0)) -> 80 | AO23: =(IF('Water Report'!$Y$9>0,'Water Report'!$Y$9,0)) -> 105 | AP23: =(IF('Water Report'!$Y$10>0,'Water Report'!$Y$10,0)) -> 18 | AQ23: =(IF('Water Report'!$Y$11>0,'Water Report'!$Y$11,0)) -> 27 | AR23: =(IF('Water Report'!$Y$13>0,'Water Report'!$Y$13,0)) -> 32 | AS23: =(IF('Water Report'!$Y$14>0,'Water Report'!$Y$14,0)) -> 8 | AT23: =(IF('Water Report'!$Y$15>0,'Water Report'!$Y$15,0)) -> 9 | AU23: =(IF('Water Report'!$Y$17>0,'Water Report'!$Y$17,0)) -> 16 | AV23: =(IF('Water Report'!$Y$18>0,'Water Report'!$Y$18,0)) -> 14 | AW23: =(IF('Water Report'!$Y$19>0,'Water Report'!$Y$19,0)) -> 10 | AX23: =(IF('Water Report'!$Y$21>0,'Water Report'!$Y$21,0)) -> 57 | AY23: =(IF('Water Report'!$Y$22>0,'Water Report'!$Y$22,0)) -> 0 | AZ23: =(IF('Water Report'!$Y$23>0,'Water Report'!$Y$23,0)) -> 12 | BA23: =(IF('Water Report'!$Y$14>0,'Water Report'!$Y$14,0)) -> 8 | BB23: =(IF('Water Report'!$Y$15>0,'Water Report'!$Y$15,0)) -> 9 | BC23: =(IF('Water Report'!$Y$13>0,'Water Report'!$Y$13,0)) -> 32 | BD23: =(IF('Water Report'!$Y$24>0,'Water Report'!$Y$24,0)) -> 241 | BE23: =(IF('Water Report'!$Y$25>0,'Water Report'!$Y$25,0)) -> 167 | BF23: =(IF('Water Report'!$Y$27>0,'Water Report'!$Y$27,0)) -> 101 | BG23: =(IF('Section Load'!AN26>0,'Section Load'!AN26,0)) -> 1062.46 | BH23: =(IF('Section Load'!AO26>0,'Section Load'!AO26,0)) -> 332.31 | BI23: =(IF('Section Load'!AP26>0,'Section Load'!AP26,0)) -> 0 | BJ23: =(IF('Section Load'!AQ26>0,'Section Load'!AQ26,0)) -> 92.07 | BK23: =(IF('Section Load'!AR26>0,'Section Load'!AR26,0)) -> 47.9 | BL23: =(IF('Section Load'!AS26>0,'Section Load'!AS26,0)) -> 1.7 | BM23: =(IF('Section Load'!AT26>0,'Section Load'!AT26,0)) -> 588.48
A24: Mumbai | B24: =B23+1 -> 23 | C24: 12 | D24: 2021 | E24: =(IF('Section Load'!F27>0,'Section Load'!F27,0)) -> 3026.22 | F24: =(IF('Section Load'!G27>0,'Section Load'!G27,0)) -> 1586.71 | G24: =(IF('Section Load'!H27>0,'Section Load'!H27,0)) -> 1933.55 | H24: =(IF('Section Load'!I27>0,'Section Load'!I27,0)) -> 2743.85 | I24: =(IF('Section Load'!J27>0,'Section Load'!J27,0)) -> 4454.1 | J24: =(IF('Section Load'!K27>0,'Section Load'!K27,0)) -> 2677.5 | K24: =(IF('Section Load'!L27>0,'Section Load'!L27,0)) -> 1077.11 | L24: =(IF('Section Load'!M27>0,'Section Load'!M27,0)) -> 821.64 | ... AL24: =(IF('Section Load'!AM27>0,'Section Load'!AM27,0)) -> 663.94 | AM24: =(IF('Water Report'!$Z$7>0,'Water Report'!$Z$7,0)) -> 120 | AN24: =(IF('Water Report'!$Z$8>0,'Water Report'!$Z$8,0)) -> 66 | AO24: =(IF('Water Report'!$Z$9>0,'Water Report'!$Z$9,0)) -> 99 | AP24: =(IF('Water Report'!$Z$10>0,'Water Report'!$Z$10,0)) -> 25 | AQ24: =(IF('Water Report'!$Z$11>0,'Water Report'!$Z$11,0)) -> 28 | AR24: =(IF('Water Report'!$Z$13>0,'Water Report'!$Z$13,0)) -> 29 | AS24: =(IF('Water Report'!$Z$14>0,'Water Report'!$Z$14,0)) -> 11 | AT24: =(IF('Water Report'!$Z$15>0,'Water Report'!$Z$15,0)) -> 11 | AU24: =(IF('Water Report'!$Z$17>0,'Water Report'!$Z$17,0)) -> 0 | AV24: =(IF('Water Report'!$Z$18>0,'Water Report'!$Z$18,0)) -> 15 | AW24: =(IF('Water Report'!$Z$19>0,'Water Report'!$Z$19,0)) -> 12 | AX24: =(IF('Water Report'!$Z$21>0,'Water Report'!$Z$21,0)) -> 56 | AY24: =(IF('Water Report'!$Z$22>0,'Water Report'!$Z$22,0)) -> 0 | AZ24: =(IF('Water Report'!$Z$23>0,'Water Report'!$Z$23,0)) -> 7 | BA24: =(IF('Water Report'!$Z$14>0,'Water Report'!$Z$14,0)) -> 11 | BB24: =(IF('Water Report'!$Z$15>0,'Water Report'!$Z$15,0)) -> 11 | BC24: =(IF('Water Report'!$Z$13>0,'Water Report'!$Z$13,0)) -> 29 | BD24: =(IF('Water Report'!$Z$24>0,'Water Report'!$Z$24,0)) -> 249 | BE24: =(IF('Water Report'!$Z$25>0,'Water Report'!$Z$25,0)) -> 174 | BF24: =(IF('Water Report'!$Z$27>0,'Water Report'!$Z$27,0)) -> 92 | BG24: =(IF('Section Load'!AN27>0,'Section Load'!AN27,0)) -> 1066.16 | BH24: =(IF('Section Load'!AO27>0,'Section Load'!AO27,0)) -> 301.48 | BI24: =(IF('Section Load'!AP27>0,'Section Load'!AP27,0)) -> 0 | BJ24: =(IF('Section Load'!AQ27>0,'Section Load'!AQ27,0)) -> 120.2 | BK24: =(IF('Section Load'!AR27>0,'Section Load'!AR27,0)) -> 41.1 | BL24: =(IF('Section Load'!AS27>0,'Section Load'!AS27,0)) -> 1.3 | BM24: =(IF('Section Load'!AT27>0,'Section Load'!AT27,0)) -> 602.08
A25: Mumbai | B25: =B24+1 -> 24 | C25: 12 | D25: 2021 | E25: =(IF('Section Load'!F28>0,'Section Load'!F28,0)) -> 3095 | F25: =(IF('Section Load'!G28>0,'Section Load'!G28,0)) -> 1616 | G25: =(IF('Section Load'!H28>0,'Section Load'!H28,0)) -> 1954 | H25: =(IF('Section Load'!I28>0,'Section Load'!I28,0)) -> 2746 | I25: =(IF('Section Load'!J28>0,'Section Load'!J28,0)) -> 4621 | J25: =(IF('Section Load'!K28>0,'Section Load'!K28,0)) -> 2687 | K25: =(IF('Section Load'!L28>0,'Section Load'!L28,0)) -> 1032 | L25: =(IF('Section Load'!M28>0,'Section Load'!M28,0)) -> 955 | ... AL25: =(IF('Section Load'!AM28>0,'Section Load'!AM28,0)) -> 679 | AM25: =(IF('Water Report'!$AA$7>0,'Water Report'!$AA$7,0)) -> 110 | AN25: =(IF('Water Report'!$AA$8>0,'Water Report'!$AA$8,0)) -> 71 | AO25: =(IF('Water Report'!$AA$9>0,'Water Report'!$AA$9,0)) -> 89 | AP25: =(IF('Water Report'!$AA$10>0,'Water Report'!$AA$10,0)) -> 20 | AQ25: =(IF('Water Report'!$AA$11>0,'Water Report'!$AA$11,0)) -> 31 | AR25: =(IF('Water Report'!$AA$13>0,'Water Report'!$AA$13,0)) -> 41 | AS25: =(IF('Water Report'!$AA$14>0,'Water Report'!$AA$14,0)) -> 12 | AT25: =(IF('Water Report'!$AA$15>0,'Water Report'!$AA$15,0)) -> 10 | AU25: =(IF('Water Report'!$AA$17>0,'Water Report'!$AA$17,0)) -> 0 | AV25: =(IF('Water Report'!$AA$18>0,'Water Report'!$AA$18,0)) -> 14 | AW25: =(IF('Water Report'!$AA$19>0,'Water Report'!$AA$19,0)) -> 11 | AX25: =(IF('Water Report'!$AA$21>0,'Water Report'!$AA$21,0)) -> 99 | AY25: =(IF('Water Report'!$AA$22>0,'Water Report'!$AA$22,0)) -> 0 | AZ25: =(IF('Water Report'!$AA$23>0,'Water Report'!$AA$23,0)) -> 9 | BA25: =(IF('Water Report'!$AA$14>0,'Water Report'!$AA$14,0)) -> 12 | BB25: =(IF('Water Report'!$AA$15>0,'Water Report'!$AA$15,0)) -> 10 | BC25: =(IF('Water Report'!$AA$13>0,'Water Report'!$AA$13,0)) -> 41 | BD25: =(IF('Water Report'!$AA$24>0,'Water Report'!$AA$24,0)) -> 234 | BE25: =(IF('Water Report'!$AA$25>0,'Water Report'!$AA$25,0)) -> 162 | BF25: =(IF('Water Report'!$AA$27>0,'Water Report'!$AA$27,0)) -> 149 | BG25: =(IF('Section Load'!AN28>0,'Section Load'!AN28,0)) -> 1076 | BH25: =(IF('Section Load'!AO28>0,'Section Load'!AO28,0)) -> 299 | BI25: =(IF('Section Load'!AP28>0,'Section Load'!AP28,0)) -> 0 | BJ25: =(IF('Section Load'!AQ28>0,'Section Load'!AQ28,0)) -> 121 | BK25: =(IF('Section Load'!AR28>0,'Section Load'!AR28,0)) -> 43 | BL25: =(IF('Section Load'!AS28>0,'Section Load'!AS28,0)) -> 2 | BM25: =(IF('Section Load'!AT28>0,'Section Load'!AT28,0)) -> 611
A26: Mumbai | B26: =B25+1 -> 25 | C26: 12 | D26: 2021 | E26: =(IF('Section Load'!F29>0,'Section Load'!F29,0)) -> 3243 | F26: =(IF('Section Load'!G29>0,'Section Load'!G29,0)) -> 1632 | G26: =(IF('Section Load'!H29>0,'Section Load'!H29,0)) -> 2035 | H26: =(IF('Section Load'!I29>0,'Section Load'!I29,0)) -> 2850 | I26: =(IF('Section Load'!J29>0,'Section Load'!J29,0)) -> 4992 | J26: =(IF('Section Load'!K29>0,'Section Load'!K29,0)) -> 2685 | K26: =(IF('Section Load'!L29>0,'Section Load'!L29,0)) -> 1393 | L26: =(IF('Section Load'!M29>0,'Section Load'!M29,0)) -> 1168 | ... AL26: =(IF('Section Load'!AM29>0,'Section Load'!AM29,0)) -> 702 | AM26: =(IF('Water Report'!$AB$7>0,'Water Report'!$AB$7,0)) -> 121 | AN26: =(IF('Water Report'!$AB$8>0,'Water Report'!$AB$8,0)) -> 125 | AO26: =(IF('Water Report'!$AB$9>0,'Water Report'!$AB$9,0)) -> 91 | AP26: =(IF('Water Report'!$AB$10>0,'Water Report'!$AB$10,0)) -> 24 | AQ26: =(IF('Water Report'!$AB$11>0,'Water Report'!$AB$11,0)) -> 38 | AR26: =(IF('Water Report'!$AB$13>0,'Water Report'!$AB$13,0)) -> 28 | AS26: =(IF('Water Report'!$AB$14>0,'Water Report'!$AB$14,0)) -> 14 | AT26: =(IF('Water Report'!$AB$15>0,'Water Report'!$AB$15,0)) -> 10 | AU26: =(IF('Water Report'!$AB$17>0,'Water Report'!$AB$17,0)) -> 0 | AV26: =(IF('Water Report'!$AB$18>0,'Water Report'!$AB$18,0)) -> 15 | AW26: =(IF('Water Report'!$AB$19>0,'Water Report'!$AB$19,0)) -> 13 | AX26: =(IF('Water Report'!$AB$21>0,'Water Report'!$AB$21,0)) -> 85 | AY26: =(IF('Water Report'!$AB$22>0,'Water Report'!$AB$22,0)) -> 0 | AZ26: =(IF('Water Report'!$AB$23>0,'Water Report'!$AB$23,0)) -> 11 | BA26: =(IF('Water Report'!$AB$14>0,'Water Report'!$AB$14,0)) -> 14 | BB26: =(IF('Water Report'!$AB$15>0,'Water Report'!$AB$15,0)) -> 10 | BC26: =(IF('Water Report'!$AB$13>0,'Water Report'!$AB$13,0)) -> 28 | BD26: =(IF('Water Report'!$AB$24>0,'Water Report'!$AB$24,0)) -> 252 | BE26: =(IF('Water Report'!$AB$25>0,'Water Report'!$AB$25,0)) -> 177 | BF26: =(IF('Water Report'!$AB$27>0,'Water Report'!$AB$27,0)) -> 124 | BG26: =(IF('Section Load'!AN29>0,'Section Load'!AN29,0)) -> 1177 | BH26: =(IF('Section Load'!AO29>0,'Section Load'!AO29,0)) -> 329 | BI26: =(IF('Section Load'!AP29>0,'Section Load'!AP29,0)) -> 0 | BJ26: =(IF('Section Load'!AQ29>0,'Section Load'!AQ29,0)) -> 123 | BK26: =(IF('Section Load'!AR29>0,'Section Load'!AR29,0)) -> 83 | BL26: =(IF('Section Load'!AS29>0,'Section Load'!AS29,0)) -> 4 | BM26: =(IF('Section Load'!AT29>0,'Section Load'!AT29,0)) -> 638
A27: Mumbai | B27: =B26+1 -> 26 | C27: 12 | D27: 2021 | E27: =(IF('Section Load'!F30>0,'Section Load'!F30,0)) -> 3343 | F27: =(IF('Section Load'!G30>0,'Section Load'!G30,0)) -> 1597 | G27: =(IF('Section Load'!H30>0,'Section Load'!H30,0)) -> 1966 | H27: =(IF('Section Load'!I30>0,'Section Load'!I30,0)) -> 2728 | I27: =(IF('Section Load'!J30>0,'Section Load'!J30,0)) -> 5089 | J27: =(IF('Section Load'!K30>0,'Section Load'!K30,0)) -> 2682 | K27: =(IF('Section Load'!L30>0,'Section Load'!L30,0)) -> 1428 | L27: =(IF('Section Load'!M30>0,'Section Load'!M30,0)) -> 1268 | ... AL27: =(IF('Section Load'!AM30>0,'Section Load'!AM30,0)) -> 673 | AM27: =(IF('Water Report'!$AC$7>0,'Water Report'!$AC$7,0)) -> 145 | AN27: =(IF('Water Report'!$AC$8>0,'Water Report'!$AC$8,0)) -> 94 | AO27: =(IF('Water Report'!$AC$9>0,'Water Report'!$AC$9,0)) -> 117 | AP27: =(IF('Water Report'!$AC$10>0,'Water Report'!$AC$10,0)) -> 28 | AQ27: =(IF('Water Report'!$AC$11>0,'Water Report'!$AC$11,0)) -> 31 | AR27: =(IF('Water Report'!$AC$13>0,'Water Report'!$AC$13,0)) -> 32 | AS27: =(IF('Water Report'!$AC$14>0,'Water Report'!$AC$14,0)) -> 19 | AT27: =(IF('Water Report'!$AC$15>0,'Water Report'!$AC$15,0)) -> 12 | AU27: =(IF('Water Report'!$AC$17>0,'Water Report'!$AC$17,0)) -> 0 | AV27: =(IF('Water Report'!$AC$18>0,'Water Report'!$AC$18,0)) -> 16 | AW27: =(IF('Water Report'!$AC$19>0,'Water Report'!$AC$19,0)) -> 12 | AX27: =(IF('Water Report'!$AC$21>0,'Water Report'!$AC$21,0)) -> 64 | AY27: =(IF('Water Report'!$AC$22>0,'Water Report'!$AC$22,0)) -> 0 | AZ27: =(IF('Water Report'!$AC$23>0,'Water Report'!$AC$23,0)) -> 1 | BA27: =(IF('Water Report'!$AC$14>0,'Water Report'!$AC$14,0)) -> 19 | BB27: =(IF('Water Report'!$AC$15>0,'Water Report'!$AC$15,0)) -> 12 | BC27: =(IF('Water Report'!$AC$13>0,'Water Report'!$AC$13,0)) -> 32 | BD27: =(IF('Water Report'!$AC$24>0,'Water Report'!$AC$24,0)) -> 273 | BE27: =(IF('Water Report'!$AC$25>0,'Water Report'!$AC$25,0)) -> 207 | BF27: =(IF('Water Report'!$AC$27>0,'Water Report'!$AC$27,0)) -> 97 | BG27: =(IF('Section Load'!AN30>0,'Section Load'!AN30,0)) -> 1237 | BH27: =(IF('Section Load'!AO30>0,'Section Load'!AO30,0)) -> 336 | BI27: =(IF('Section Load'!AP30>0,'Section Load'!AP30,0)) -> 0 | BJ27: =(IF('Section Load'!AQ30>0,'Section Load'!AQ30,0)) -> 130 | BK27: =(IF('Section Load'!AR30>0,'Section Load'!AR30,0)) -> 46 | BL27: =(IF('Section Load'!AS30>0,'Section Load'!AS30,0)) -> 2 | BM27: =(IF('Section Load'!AT30>0,'Section Load'!AT30,0)) -> 723
A28: Mumbai | B28: =B27+1 -> 27 | C28: 12 | D28: 2021 | E28: =(IF('Section Load'!F31>0,'Section Load'!F31,0)) -> 3365 | F28: =(IF('Section Load'!G31>0,'Section Load'!G31,0)) -> 1580 | G28: =(IF('Section Load'!H31>0,'Section Load'!H31,0)) -> 1959 | H28: =(IF('Section Load'!I31>0,'Section Load'!I31,0)) -> 2857 | I28: =(IF('Section Load'!J31>0,'Section Load'!J31,0)) -> 4970 | J28: =(IF('Section Load'!K31>0,'Section Load'!K31,0)) -> 2703 | K28: =(IF('Section Load'!L31>0,'Section Load'!L31,0)) -> 1298 | L28: =(IF('Section Load'!M31>0,'Section Load'!M31,0)) -> 880 | ... AL28: =(IF('Section Load'!AM31>0,'Section Load'!AM31,0)) -> 657 | AM28: =(IF('Water Report'!$AD$7>0,'Water Report'!$AD$7,0)) -> 123 | AN28: =(IF('Water Report'!$AD$8>0,'Water Report'!$AD$8,0)) -> 58 | AO28: =(IF('Water Report'!$AD$9>0,'Water Report'!$AD$9,0)) -> 95 | AP28: =(IF('Water Report'!$AD$10>0,'Water Report'!AD$10,0)) -> 19 | AQ28: =(IF('Water Report'!$AD$11>0,'Water Report'!AE$11,0)) -> 26 | AR28: =(IF('Water Report'!$AD$13>0,'Water Report'!AF$13,0)) -> 40 | AS28: =(IF('Water Report'!$AD$14>0,'Water Report'!AG$14,0)) -> -351 | AT28: =(IF('Water Report'!$AD$15>0,'Water Report'!AH$15,0)) -> -339 | AU28: =(IF('Water Report'!$AD$17>0,'Water Report'!AI$17,0)) -> 0 | AV28: =(IF('Water Report'!$AD$18>0,'Water Report'!AJ$18,0)) -> 0 | AW28: =(IF('Water Report'!$AD$19>0,'Water Report'!AK$19,0)) -> 0 | AX28: =(IF('Water Report'!$AD$21>0,'Water Report'!AL$21,0)) -> 0 | AY28: =(IF('Water Report'!$AD$22>0,'Water Report'!AM$22,0)) -> 0 | AZ28: =(IF('Water Report'!$AD$23>0,'Water Report'!AN$23,0)) -> 0 | BA28: =(IF('Water Report'!$AD$14>0,'Water Report'!AO$14,0)) -> 0 | BB28: =(IF('Water Report'!$AD$15>0,'Water Report'!AP$15,0)) -> 0 | BC28: =(IF('Water Report'!$AD$13>0,'Water Report'!AQ$13,0)) -> 0 | BD28: =(IF('Water Report'!$AD$24>0,'Water Report'!AR$24,0)) -> 0 | BE28: =(IF('Water Report'!$AD$25>0,'Water Report'!AS$25,0)) -> 0 | BF28: =(IF('Water Report'!$AD$27>0,'Water Report'!AT$27,0)) -> 0 | BG28: =(IF('Section Load'!AN31>0,'Section Load'!AN31,0)) -> 1125 | BH28: =(IF('Section Load'!AO31>0,'Section Load'!AO31,0)) -> 311 | BI28: =(IF('Section Load'!AP31>0,'Section Load'!AP31,0)) -> 0 | BJ28: =(IF('Section Load'!AQ31>0,'Section Load'!AQ31,0)) -> 109 | BK28: =(IF('Section Load'!AR31>0,'Section Load'!AR31,0)) -> 48 | BL28: =(IF('Section Load'!AS31>0,'Section Load'!AS31,0)) -> 1 | BM28: =(IF('Section Load'!AT31>0,'Section Load'!AT31,0)) -> 656
A29: Mumbai | B29: =B28+1 -> 28 | C29: 12 | D29: 2021 | E29: =(IF('Section Load'!F32>0,'Section Load'!F32,0)) -> 3320.68 | F29: =(IF('Section Load'!G32>0,'Section Load'!G32,0)) -> 1536.23 | G29: =(IF('Section Load'!H32>0,'Section Load'!H32,0)) -> 1967.49 | H29: =(IF('Section Load'!I32>0,'Section Load'!I32,0)) -> 2740.43 | I29: =(IF('Section Load'!J32>0,'Section Load'!J32,0)) -> 4561.43 | J29: =(IF('Section Load'!K32>0,'Section Load'!K32,0)) -> 2482.07 | K29: =(IF('Section Load'!L32>0,'Section Load'!L32,0)) -> 1148.2 | L29: =(IF('Section Load'!M32>0,'Section Load'!M32,0)) -> 766.94 | ... AL29: =(IF('Section Load'!AM32>0,'Section Load'!AM32,0)) -> 658.93 | AM29: =(IF('Water Report'!$AE$7>0,'Water Report'!$AE$7,0)) -> 138 | AN29: =(IF('Water Report'!$AE$8>0,'Water Report'!$AE$8,0)) -> 104.1 | AO29: =(IF('Water Report'!$AE$9>0,'Water Report'!$AE$9,0)) -> 134 | AP29: =(IF('Water Report'!$AE$10>0,'Water Report'!$AE$10,0)) -> 16 | AQ29: =(IF('Water Report'!$AE$11>0,'Water Report'!$AE$11,0)) -> 26 | AR29: =(IF('Water Report'!$AE$13>0,'Water Report'!$AE$13,0)) -> 40 | AS29: =(IF('Water Report'!$AE$14>0,'Water Report'!$AE$14,0)) -> 17 | AT29: =(IF('Water Report'!$AE$15>0,'Water Report'!$AE$15,0)) -> 6 | AU29: =(IF('Water Report'!$AE$17>0,'Water Report'!$AE$17,0)) -> 0 | AV29: =(IF('Water Report'!$AE$18>0,'Water Report'!$AE$18,0)) -> 16 | AW29: =(IF('Water Report'!$AE$19>0,'Water Report'!$AE$19,0)) -> 11 | AX29: =(IF('Water Report'!$AE$21>0,'Water Report'!$AE$21,0)) -> 64 | AY29: =(IF('Water Report'!$AE$22>0,'Water Report'!$AE$22,0)) -> 0 | AZ29: =(IF('Water Report'!$AE$23>0,'Water Report'!$AE$23,0)) -> 6 | BA29: =(IF('Water Report'!$AE$14>0,'Water Report'!$AE$14,0)) -> 17 | BB29: =(IF('Water Report'!$AE$15>0,'Water Report'!$AE$15,0)) -> 6 | BC29: =(IF('Water Report'!$AE$13>0,'Water Report'!$AE$13,0)) -> 40 | BD29: =(IF('Water Report'!$AE$24>0,'Water Report'!$AE$24,0)) -> 291 | BE29: =(IF('Water Report'!$AE$25>0,'Water Report'!$AE$25,0)) -> 199 | BF29: =(IF('Water Report'!$AE$27>0,'Water Report'!$AE$27,0)) -> 110 | BG29: =(IF('Section Load'!AN32>0,'Section Load'!AN32,0)) -> 1026.03 | BH29: =(IF('Section Load'!AO32>0,'Section Load'!AO32,0)) -> 325.921 | BI29: =(IF('Section Load'!AP32>0,'Section Load'!AP32,0)) -> 0 | BJ29: =(IF('Section Load'!AQ32>0,'Section Load'!AQ32,0)) -> 85.94 | BK29: =(IF('Section Load'!AR32>0,'Section Load'!AR32,0)) -> 30 | BL29: =(IF('Section Load'!AS32>0,'Section Load'!AS32,0)) -> 0.9 | BM29: =(IF('Section Load'!AT32>0,'Section Load'!AT32,0)) -> 583.269
A30: Mumbai | B30: =B29+1 -> 29 | C30: 12 | D30: 2021 | E30: =(IF('Section Load'!F33>0,'Section Load'!F33,0)) -> 3305.56 | F30: =(IF('Section Load'!G33>0,'Section Load'!G33,0)) -> 1544.48 | G30: =(IF('Section Load'!H33>0,'Section Load'!H33,0)) -> 1870.58 | H30: =(IF('Section Load'!I33>0,'Section Load'!I33,0)) -> 2727.32 | I30: =(IF('Section Load'!J33>0,'Section Load'!J33,0)) -> 4224.4 | J30: =(IF('Section Load'!K33>0,'Section Load'!K33,0)) -> 2459.92 | K30: =(IF('Section Load'!L33>0,'Section Load'!L33,0)) -> 950.4 | L30: =(IF('Section Load'!M33>0,'Section Load'!M33,0)) -> 817.23 | ... AL30: =(IF('Section Load'!AM33>0,'Section Load'!AM33,0)) -> 707.36 | AM30: =(IF('Water Report'!$AF$7>0,'Water Report'!$AF$7,0)) -> 131 | AN30: =(IF('Water Report'!$AF$8>0,'Water Report'!$AF$8,0)) -> 75.9 | AO30: =(IF('Water Report'!$AF$9>0,'Water Report'!$AF$9,0)) -> 104 | AP30: =(IF('Water Report'!$AF$10>0,'Water Report'!$AF$10,0)) -> 20 | AQ30: =(IF('Water Report'!$AF$11>0,'Water Report'!$AF$11,0)) -> 28 | AR30: =(IF('Water Report'!$AF$13>0,'Water Report'!$AF$13,0)) -> 40 | AS30: =(IF('Water Report'!$AF$14>0,'Water Report'!$AF$14,0)) -> 18 | AT30: =(IF('Water Report'!$AF$15>0,'Water Report'!$AF$15,0)) -> 6 | AU30: =(IF('Water Report'!$AF$17>0,'Water Report'!$AF$17,0)) -> 0 | AV30: =(IF('Water Report'!$AF$18>0,'Water Report'!$AF$18,0)) -> 313 | AW30: =(IF('Water Report'!$AF$19>0,'Water Report'!$AF$19,0)) -> 12 | AX30: =(IF('Water Report'!$AF$21>0,'Water Report'!$AF$21,0)) -> 95 | AY30: =(IF('Water Report'!$AF$22>0,'Water Report'!$AF$22,0)) -> 0 | AZ30: =(IF('Water Report'!$AF$23>0,'Water Report'!$AF$23,0)) -> 8 | BA30: =(IF('Water Report'!$AF$14>0,'Water Report'!$AF$14,0)) -> 18 | BB30: =(IF('Water Report'!$AF$15>0,'Water Report'!$AF$15,0)) -> 6 | BC30: =(IF('Water Report'!$AF$13>0,'Water Report'!$AF$13,0)) -> 40 | BD30: =(IF('Water Report'!$AF$24>0,'Water Report'!$AF$24,0)) -> 273 | BE30: =(IF('Water Report'!$AF$25>0,'Water Report'!$AF$25,0)) -> 176 | BF30: =(IF('Water Report'!$AF$27>0,'Water Report'!$AF$27,0)) -> 143 | BG30: =(IF('Section Load'!AN33>0,'Section Load'!AN33,0)) -> 1018.34 | BH30: =(IF('Section Load'!AO33>0,'Section Load'!AO33,0)) -> 326.399 | BI30: =(IF('Section Load'!AP33>0,'Section Load'!AP33,0)) -> 0 | BJ30: =(IF('Section Load'!AQ33>0,'Section Load'!AQ33,0)) -> 93.59 | BK30: =(IF('Section Load'!AR33>0,'Section Load'!AR33,0)) -> 36 | BL30: =(IF('Section Load'!AS33>0,'Section Load'!AS33,0)) -> 1.3 | BM30: =(IF('Section Load'!AT33>0,'Section Load'!AT33,0)) -> 561.051
A31: Mumbai | B31: =B30+1 -> 30 | C31: 12 | D31: 2021 | E31: =(IF('Section Load'!F34>0,'Section Load'!F34,0)) -> 0 | F31: =(IF('Section Load'!G34>0,'Section Load'!G34,0)) -> 0 | G31: =(IF('Section Load'!H34>0,'Section Load'!H34,0)) -> 0 | H31: =(IF('Section Load'!I34>0,'Section Load'!I34,0)) -> 0 | I31: =(IF('Section Load'!J34>0,'Section Load'!J34,0)) -> 1016572.3 | J31: =(IF('Section Load'!K34>0,'Section Load'!K34,0)) -> 1486606.6 | K31: =(IF('Section Load'!L34>0,'Section Load'!L34,0)) -> 700698.59 | L31: =(IF('Section Load'!M34>0,'Section Load'!M34,0)) -> 59641.53 | ... AL31: =(IF('Section Load'!AM34>0,'Section Load'!AM34,0)) -> 0 | AM31: =(IF('Water Report'!$AG$7>0,'Water Report'!$AG$7,0)) -> 0 | AN31: =(IF('Water Report'!$AG$8>0,'Water Report'!$AG$8,0)) -> 0 | AO31: =(IF('Water Report'!$AG$9>0,'Water Report'!$AG$9,0)) -> 0 | AP31: =(IF('Water Report'!$AG$10>0,'Water Report'!$DAG$10,0)) -> 0 | AQ31: =(IF('Water Report'!$AG$11>0,'Water Report'!$DAG$11,0)) -> 0 | AR31: =(IF('Water Report'!$AG$13>0,'Water Report'!$DAG$13,0)) -> 0 | AS31: =(IF('Water Report'!$AG$14>0,'Water Report'!$DAG$14,0)) -> 0 | AT31: =(IF('Water Report'!$AG$15>0,'Water Report'!$DAG$15,0)) -> 0 | AU31: =(IF('Water Report'!$AG$17>0,'Water Report'!$DAG$17,0)) -> 0 | AV31: =(IF('Water Report'!$AG$18>0,'Water Report'!$DAG$18,0)) -> 0 | AW31: =(IF('Water Report'!$AG$19>0,'Water Report'!$DAG$19,0)) -> 0 | AX31: =(IF('Water Report'!$AG$21>0,'Water Report'!$DAG$21,0)) -> 0 | AY31: =(IF('Water Report'!$AG$22>0,'Water Report'!$DAG$22,0)) -> 0 | AZ31: =(IF('Water Report'!$AG$23>0,'Water Report'!$DAG$23,0)) -> 0 | BA31: =(IF('Water Report'!$AG$14>0,'Water Report'!$DAG$14,0)) -> 0 | BB31: =(IF('Water Report'!$AG$15>0,'Water Report'!$DAG$15,0)) -> 0 | BC31: =(IF('Water Report'!$AG$13>0,'Water Report'!$DAG$13,0)) -> 0 | BD31: =(IF('Water Report'!$AG$24>0,'Water Report'!$DAG$24,0)) -> 0 | BE31: =(IF('Water Report'!$AG$25>0,'Water Report'!$DAG$25,0)) -> 0 | BF31: =(IF('Water Report'!$AG$27>0,'Water Report'!$DAG$27,0)) -> 0 | BG31: =(IF('Section Load'!AN34>0,'Section Load'!AN34,0)) -> 1100 | BH31: =(IF('Section Load'!AO34>0,'Section Load'!AO34,0)) -> 0 | BI31: =(IF('Section Load'!AP34>0,'Section Load'!AP34,0)) -> 0 | BJ31: =(IF('Section Load'!AQ34>0,'Section Load'!AQ34,0)) -> 0 | BK31: =(IF('Section Load'!AR34>0,'Section Load'!AR34,0)) -> 0 | BL31: =(IF('Section Load'!AS34>0,'Section Load'!AS34,0)) -> 0 | BM31: =(IF('Section Load'!AT34>0,'Section Load'!AT34,0)) -> 15405.001
A32: Mumbai | B32: =B31+1 -> 31 | C32: 12 | D32: 2021 | E32: =(IF('Section Load'!F35>0,'Section Load'!F35,0)) -> 0 | F32: =(IF('Section Load'!G35>0,'Section Load'!G35,0)) -> 0 | G32: =(IF('Section Load'!H35>0,'Section Load'!H35,0)) -> 0 | H32: =(IF('Section Load'!I35>0,'Section Load'!I35,0)) -> 0 | I32: =(IF('Section Load'!J35>0,'Section Load'!J35,0)) -> 0 | J32: =(IF('Section Load'!K35>0,'Section Load'!K35,0)) -> 0 | K32: =(IF('Section Load'!L35>0,'Section Load'!L35,0)) -> 0 | L32: =(IF('Section Load'!M35>0,'Section Load'!M35,0)) -> 0 | ... AL32: =(IF('Section Load'!AM35>0,'Section Load'!AM35,0)) -> 0 | AM32: =(IF('Water Report'!$AH$7>0,'Water Report'!$AH$7,0)) -> 0 | AN32: =(IF('Water Report'!$AH$8>0,'Water Report'!$AH$8,0)) -> 0 | AO32: =(IF('Water Report'!$AH$9>0,'Water Report'!$AH$9,0)) -> 0 | AP32: =(IF('Water Report'!$AH$10>0,'Water Report'!$DAH$10,0)) -> 0 | AQ32: =(IF('Water Report'!$AH$11>0,'Water Report'!$DAH$11,0)) -> 0 | AR32: =(IF('Water Report'!$AH$13>0,'Water Report'!$DAH$13,0)) -> 0 | AS32: =(IF('Water Report'!$AH$14>0,'Water Report'!$DAH$14,0)) -> 0 | AT32: =(IF('Water Report'!$AH$15>0,'Water Report'!$DAH$15,0)) -> 0 | AU32: =(IF('Water Report'!$AH$17>0,'Water Report'!$DAH$17,0)) -> 0 | AV32: =(IF('Water Report'!$AH$18>0,'Water Report'!$DAH$18,0)) -> 0 | AW32: =(IF('Water Report'!$AH$19>0,'Water Report'!$DAH$19,0)) -> 0 | AX32: =(IF('Water Report'!$AH$21>0,'Water Report'!$DAH$21,0)) -> 0 | AY32: =(IF('Water Report'!$AH$22>0,'Water Report'!$DAH$22,0)) -> 0 | AZ32: =(IF('Water Report'!$AH$23>0,'Water Report'!$DAH$23,0)) -> 0 | BA32: =(IF('Water Report'!$AH$14>0,'Water Report'!$DAH$14,0)) -> 0 | BB32: =(IF('Water Report'!$AH$15>0,'Water Report'!$DAH$15,0)) -> 0 | BC32: =(IF('Water Report'!$AH$13>0,'Water Report'!$DAH$13,0)) -> 0 | BD32: =(IF('Water Report'!$AH$24>0,'Water Report'!$DAH$24,0)) -> 0 | BE32: =(IF('Water Report'!$AH$25>0,'Water Report'!$DAH$25,0)) -> 0 | BF32: =(IF('Water Report'!$AH$27>0,'Water Report'!$DAH$27,0)) -> 0 | BG32: =(IF('Section Load'!AN35>0,'Section Load'!AN35,0)) -> 1100 | BH32: =(IF('Section Load'!AO35>0,'Section Load'!AO35,0)) -> 0 | BI32: =(IF('Section Load'!AP35>0,'Section Load'!AP35,0)) -> 0 | BJ32: =(IF('Section Load'!AQ35>0,'Section Load'!AQ35,0)) -> 0 | BK32: =(IF('Section Load'!AR35>0,'Section Load'!AR35,0)) -> 0 | BL32: =(IF('Section Load'!AS35>0,'Section Load'!AS35,0)) -> 0 | BM32: =(IF('Section Load'!AT35>0,'Section Load'!AT35,0)) -> 14564.818

Sheet Daily HLP
A2: Date | B2: Date | C2: Min.Tem (Degee) | D2: Avg.Temp (Degree) | E2: Hum % | F2: Occu. | H2: Electricity | L2: Gas | O2: Water | R2: Water per occiped room | S2: Diesel | V2: Water Consumption Zone | Z2: Chiller Running Hrs | AE2: Chiller Total | AF2: Chiller Avg. Laod | AG2: Boiler Running Hrs | AJ2: Total boiler | AK2: Hot Water Generator | AN2: Total HWG RH | AO2: HWG Gas consumption | AP2: Transformer -1 | AZ2: Transformer -2 | BN2: Total HLP Cost | BP2: Chiller lock at 70%
F3: % | G3: KwH | H3: Units (Kvah) | I3: Rate | J3: Total Cost(Rs) | K3: Per room | L3: Total Units(CuM) | M3: Rate | N3: Total Cost(Rs) | O3: Units(KL) | P3: Rate | Q3: Total Cost(Rs) | S3: Ltrs | T3: Rate | U3: Total Cost(Rs) | V3: Zone-1 | W3: Zone-2 | X3: Zone-3 | Z3: CH1 | AA3: CH2 | AB3: CH3 | AC3: CH4 | AD3: Total chiller | AG3: Boiler1 | AH3: Boiler2 | AI3: Boiler3 | AK3: HWG1 | AL3: HWG2 | AP3: HVAC-1 | AQ3: FPP-1 | AR3: MPP | AS3: Lighting-1 | AT3: Cap bank 1100KVAR-1 | AU3: CH-1 | AV3: CH-2 | AW3: Chilled water Pump | AX3: Co Generator | AY3: Ball Room-2 | AZ3: HVAC-2 | BA3: FPP-2 | BB3: MPP | BC3: Lighting-2 | BD3: Cap bank 1200KVAR-2 | BE3: CH-3 | BF3: CH-4 | BG3: Chilled water Pump | BH3: Ball Room-1 | BJ3: Cooling Tower consumption | BK3: HVAC% | BL3: Lighting% | BM3: Power% | BO3: Chiller Plant IKW
A4: 1 | B4: 1 | D4: ='1'!D3 -> 22 | E4: ='1'!D4 -> 0.76 | F4: ='1'!D2 -> 0.96 | G4: ='1'!G7 -> 22668 | H4: ='1'!G8 -> 22989 | I4: 9 | J4: =H4*I4 -> 206901 | K4: =H4/202 -> 113.80693 | L4: ='1'!G15 -> 1074 | M4: 56.2 | N4: =L4*M4 -> 60358.8 | O4: ='1'!G20 -> 212 | P4: 108 | Q4: =O4*P4 -> 22896 | R4: =O4/(F4*202/100) -> 109.32343 | S4: ='1'!G24 -> 0 | T4: 69 | U4: =S4*T4 -> 0 | V4: ='1'!G65 -> 86 | W4: ='1'!G66 -> 18 | X4: ='1'!G67 -> 25 | Y4: =V4+W4+X4 -> 129 | Z4: ='1'!G84 -> 0 | AA4: ='1'!G85 -> 0 | AB4: ='1'!G86 -> 0 | AC4: ='1'!G87 -> 23.89 | AD4: =Z4+AA4+AB4+AC4 -> 23.89 | AE4: =AU4+AV4+BE4+BF4 -> 5399.35 | AF4: =AE4/AD4 -> 226.00879 | AG4: ='1'!G88 -> 8.99 | AH4: ='1'!G89 -> 0 | AI4: ='1'!G90 -> 6.73 | AJ4: =AG4+AH4+AI4 -> 15.72 | AK4: ='1'!G91 -> 0 | AL4: ='1'!G92 -> 10.65 | AN4: =AK4+AL4 -> 10.65 | AO4: ='1'!G74 -> 305.951 | AP4: ='1'!G35 -> 2116.37 | AQ4: ='1'!G37 -> 1702.26 | AR4: ='1'!G38 -> 1904.95 | AS4: ='1'!G39 -> 2945.71 | AT4: ='1'!G40 -> 2.78 | AU4: ='1'!G41 -> 0.29 | AV4: ='1'!G42 -> 0.01 | AW4: ='1'!G43 -> 2459.4 | AX4: ='1'!G44 -> 0 | AY4: ='1'!G36 -> 940.3 | AZ4: ='1'!G49 -> 1723.67 | BA4: ='1'!G51 -> 0 | BB4: ='1'!G52 -> 0 | BC4: ='1'!G53 -> 0 | BD4: ='1'!G54 -> 6.72 | BE4: ='1'!G55 -> 0 | BF4: ='1'!G56 -> 5399.05 | BG4: ='1'!G57 -> 0 | BH4: ='1'!G50 -> 1459.81 | BI4: =SUM(AU4,AV4,BE4,BF4) -> 5399.35 | BJ4: ='1'!G133 -> 843.58 | BK4: =SUM(AP4,AU4,AV4,AW4,AZ4,BE4,BF4,BG4)/H4% -> 50.888642 | BL4: =SUM(AS4,BC4)/H4% -> 12.813563 | BM4: =(AR4+BB4)/H4 -> 0.082863543 | BN4: =J4+N4+Q4+U4 -> 290155.8 | BO4: =SUM(AU4,AV4,AW4,BE4,BF4,BG4,BJ4) -> 8702.33 | BP4: =BO4/(AD4*280) -> 1.3009523 | BQ4: =SUM(AU4,AV4,BE4,BF4)/(AD4*400) -> 0.56502198
A5: 2 | B5: 2 | D5: ='2'!D3 -> 28 | E5: ='2'!D4 -> 0.68 | F5: ='2'!D2 -> 0.4356 | G5: ='2'!G7 -> 21548 | H5: ='2'!G8 -> 21667 | I5: 9 | J5: =H5*I5 -> 195003 | K5: =H5/202 -> 107.26238 | L5: ='2'!G15 -> 1094.24 | M5: 56.2 | N5: =L5*M5 -> 61496.288 | O5: ='2'!G20 -> 254 | P5: 108 | Q5: =O5*P5 -> 27432 | R5: =O5/(F5*202/100) -> 288.66523 | S5: ='2'!G24 -> 0 | T5: 69 | U5: =S5*T5 -> 0 | V5: ='2'!F65 -> 429547 | W5: ='2'!G66 -> 21 | X5: ='2'!G67 -> 29 | Y5: =V5+W5+X5 -> 429597 | Z5: ='2'!G84 -> 0 | AA5: ='2'!G85 -> 14.81 | AB5: ='2'!G86 -> 0 | AC5: ='2'!G87 -> 10 | AD5: =Z5+AA5+AB5+AC5 -> 24.81 | AE5: =AU5+AV5+BE5+BF5 -> 4727.13 | AF5: =AE5/AD5 -> 190.53325 | AG5: ='2'!G88 -> 1 | AH5: ='2'!G89 -> 10.38 | AI5: ='2'!G90 -> 6.8 | AJ5: =AG5+AH5+AI5 -> 18.18 | AK5: ='2'!G91 -> 0.32 | AL5: ='2'!G92 -> 10.42 | AN5: =AK5+AL5 -> 10.74 | AO5: ='2'!G74 -> 298.2 | AP5: ='2'!G35 -> 1975.8 | AQ5: ='2'!G37 -> 1670.59 | AR5: ='2'!G38 -> 1896.57 | AS5: ='2'!G39 -> 2783 | AT5: ='2'!G40 -> 0.8 | AU5: ='2'!G41 -> -0.29 | AV5: ='2'!G42 -> 3289.77 | AW5: ='2'!G43 -> 2388.4 | AX5: ='2'!G44 -> 0 | AY5: ='2'!G36 -> 968.7 | AZ5: ='2'!G49 -> 1722.89 | BA5: ='2'!G51 -> 0 | BB5: ='2'!G52 -> 0 | BC5: ='2'!G53 -> 0 | BD5: ='2'!G54 -> 6.62 | BE5: ='2'!G55 -> 0 | BF5: ='2'!G56 -> 1437.65 | BG5: ='2'!G57 -> 0 | BH5: ='2'!G50 -> 1486.35 | BI5: =SUM(AU5,AV5,BE5,BF5) -> 4727.13 | BJ5: ='2'!G133 -> 835.4 | BK5: =SUM(AP5,AU5,AV5,AW5,AZ5,BE5,BF5,BG5)/H5% -> 49.911017 | BL5: =SUM(AS5,BC5)/H5% -> 12.844418 | BM5: =(AR5+BB5)/H5 -> 0.087532653 | BN5: =J5+N5+Q5+U5 -> 283931.29 | BO5: =SUM(AU5,AV5,AW5,BE5,BF5,BG5,BJ5) -> 7950.93 | BP5: =BO5/(AD5*280) -> 1.1445457
A6: 3 | B6: 3 | D6: ='3'!D3 -> 28 | E6: ='3'!D4 -> 0.9 | F6: ='3'!D2 -> 0.51 | G6: ='3'!G7 -> 23474.23 | H6: ='3'!G8 -> 23640.27 | I6: 9 | J6: =H6*I6 -> 212762.43 | K6: =H6/202 -> 117.03104 | L6: ='3'!G15 -> 1144.15 | M6: 56.2 | N6: =L6*M6 -> 64301.23 | O6: ='3'!G20 -> 285 | P6: 108 | Q6: =O6*P6 -> 30780 | R6: =O6/(F6*202/100) -> 276.64531 | S6: ='3'!G24 -> 0 | T6: 69 | U6: =S6*T6 -> 0 | V6: ='3'!G65 -> 89 | W6: ='3'!G66 -> 27 | X6: ='3'!G67 -> 29 | Y6: =V6+W6+X6 -> 145 | Z6: ='3'!G84 -> 9.71 | AA6: ='3'!G85 -> 21.9 | AB6: ='3'!G86 -> 0.47 | AC6: ='3'!G87 -> 0 | AD6: =Z6+AA6+AB6+AC6 -> 32.08 | AE6: =AU6+AV6+BE6+BF6 -> 6111.3 | AF6: =AE6/AD6 -> 190.50187 | AG6: ='3'!G88 -> -1 | AH6: ='3'!G89 -> 11 | AI6: ='3'!G90 -> 7.06 | AJ6: =AG6+AH6+AI6 -> 17.06 | AK6: ='3'!G91 -> 0 | AL6: ='3'!G92 -> 11.41 | AN6: =AK6+AL6 -> 11.41 | AO6: ='3'!G74 -> 326.73 | AP6: ='3'!G35 -> 2060.3 | AQ6: ='3'!G37 -> 1609.33 | AR6: ='3'!G38 -> 2009.46 | AS6: ='3'!G39 -> 2891.53 | AT6: ='3'!G40 -> 0 | AU6: ='3'!G41 -> 1820.6 | AV6: ='3'!G42 -> 4264.68 | AW6: ='3'!G43 -> 2707 | AX6: ='3'!G44 -> 0 | AY6: ='3'!G36 -> 1025.88 | AZ6: ='3'!G49 -> 1804.1 | BA6: ='3'!G51 -> 0 | BB6: ='3'!G52 -> 0 | BC6: ='3'!G53 -> 0 | BD6: ='3'!G54 -> 6.74 | BE6: ='3'!G55 -> 0 | BF6: ='3'!G56 -> 26.02 | BG6: ='3'!G57 -> 0 | BH6: ='3'!G50 -> 1287.52 | BI6: =SUM(AU6,AV6,BE6,BF6) -> 6111.3 | BJ6: ='3'!G133 -> 845.05 | BK6: =SUM(AP6,AU6,AV6,AW6,AZ6,BE6,BF6,BG6)/H6% -> 53.64871 | BL6: =SUM(AS6,BC6)/H6% -> 12.231375 | BM6: =(AR6+BB6)/H6 -> 0.085001567 | BN6: =J6+N6+Q6+U6 -> 307843.66 | BO6: =SUM(AU6,AV6,AW6,BE6,BF6,BG6,BJ6) -> 9663.35 | BP6: =BO6/(AD6*280) -> 1.0758094
A7: 4 | B7: 4 | D7: ='4'!D3 -> 28 | E7: ='4'!D4 -> 0.9 | F7: ='4'!D2 -> 0.68 | G7: ='4'!G7 -> 25174.28 | H7: ='4'!G8 -> 25311.64 | I7: 9 | J7: =H7*I7 -> 227804.76 | K7: =H7/202 -> 125.30515 | L7: ='4'!G15 -> 1192.76 | M7: 56.2 | N7: =L7*M7 -> 67033.112 | O7: ='4'!G20 -> 254 | P7: 108 | Q7: =O7*P7 -> 27432 | R7: =O7/(F7*202/100) -> 184.91555 | S7: ='4'!G24 -> 0 | T7: 69 | U7: =S7*T7 -> 0 | V7: ='4'!G65 -> 109 | W7: ='4'!G66 -> 29 | X7: ='4'!G67 -> 32 | Y7: =V7+W7+X7 -> 170 | Z7: ='4'!G84 -> 24.03 | AA7: ='4'!G85 -> 9.13 | AB7: ='4'!G86 -> 0 | AC7: ='4'!G87 -> 0 | AD7: =Z7+AA7+AB7+AC7 -> 33.16 | AE7: =AU7+AV7+BE7+BF7 -> 6927.15 | AF7: =AE7/AD7 -> 208.90078 | AG7: ='4'!G88 -> 10.26 | AH7: ='4'!G89 -> -0.05 | AI7: ='4'!G90 -> 8.58 | AJ7: =AG7+AH7+AI7 -> 18.79 | AK7: ='4'!G91 -> 0 | AL7: ='4'!G92 -> 10.57 | AN7: =AK7+AL7 -> 10.57 | AO7: ='4'!G74 -> 297.23 | AP7: ='4'!G35 -> 2246.87 | AQ7: ='4'!G37 -> 1690.62 | AR7: ='4'!G38 -> 2045.22 | AS7: ='4'!G39 -> 2998.8 | AT7: ='4'!G40 -> 0.08 | AU7: ='4'!G41 -> 5050.24 | AV7: ='4'!G42 -> 1853.01 | AW7: ='4'!G43 -> 2866.5 | AX7: ='4'!G44 -> 0 | AY7: ='4'!G36 -> 1057.88 | AZ7: ='4'!G49 -> 1874.92 | BA7: ='4'!G51 -> 0 | BB7: ='4'!G52 -> 0 | BC7: ='4'!G53 -> 0 | BD7: ='4'!G54 -> 6.65 | BE7: ='4'!G55 -> 0 | BF7: ='4'!G56 -> 23.9 | BG7: ='4'!G57 -> 0 | BH7: ='4'!G50 -> 1403.28 | BI7: =SUM(AU7,AV7,BE7,BF7) -> 6927.15 | BJ7: ='3'!G133 -> 845.05 | BK7: =SUM(AP7,AU7,AV7,AW7,AZ7,BE7,BF7,BG7)/H7% -> 54.976446 | BL7: =SUM(AS7,BC7)/H7% -> 11.847514 | BM7: =(AR7+BB7)/H7 -> 0.08080156 | BN7: =J7+N7+Q7+U7 -> 322269.87 | BO7: =SUM(AU7,AV7,AW7,BE7,BF7,BG7,BJ7) -> 10638.7 | BP7: =BO7/(AD7*280) -> 1.145819
A8: 5 | B8: 5 | D8: ='5'!D3 -> 29 | E8: ='5'!D4 -> 0.7 | F8: ='5'!D2 -> 0.5594 | G8: ='5'!G7 -> 23193.12 | H8: ='5'!G8 -> 23337 | I8: 9 | J8: =H8*I8 -> 210033 | K8: =H8/202 -> 115.5297 | L8: ='5'!G15 -> 1192.29 | M8: 56.2 | N8: =L8*M8 -> 67006.698 | O8: ='5'!G20 -> 253 | P8: 108 | Q8: =O8*P8 -> 27324 | R8: =O8/(F8*202/100) -> 223.89618 | S8: ='5'!G24 -> 0 | T8: 69 | U8: =S8*T8 -> 0 | V8: ='5'!G65 -> 105 | W8: ='5'!G66 -> 26 | X8: ='5'!G67 -> 31 | Y8: =V8+W8+X8 -> 162 | Z8: ='5'!G84 -> 11 | AA8: ='5'!G85 -> 13.19 | AB8: ='5'!G86 -> 0 | AC8: ='5'!G87 -> 7.17 | AD8: =Z8+AA8+AB8+AC8 -> 31.36 | AE8: =AU8+AV8+BE8+BF8 -> 6031.67 | AF8: =AE8/AD8 -> 192.33642 | AG8: ='5'!G88 -> 11.96 | AH8: ='5'!G89 -> 0 | AI8: ='5'!G90 -> 6.89 | AJ8: =AG8+AH8+AI8 -> 18.85 | AK8: ='5'!G91 -> 0 | AL8: ='5'!G92 -> 11.41 | AN8: =AK8+AL8 -> 11.41 | AO8: ='5'!G74 -> 322.71 | AP8: ='5'!G35 -> 2200.98 | AQ8: ='5'!G37 -> 1646.24 | AR8: ='5'!G38 -> 1984.42 | AS8: ='5'!G39 -> 2790.58 | AT8: ='5'!G40 -> 0 | AU8: ='5'!G41 -> 2145.52 | AV8: ='5'!G42 -> 2605.51 | AW8: ='5'!G43 -> 2729.4 | AX8: ='5'!G44 -> 0 | AY8: ='5'!G36 -> 864.04 | AZ8: ='5'!G49 -> 1686.42 | BA8: ='5'!G51 -> 0 | BB8: ='5'!G52 -> 0 | BC8: ='5'!G53 -> 0 | BD8: ='5'!G54 -> 6.89 | BE8: ='5'!G55 -> 0 | BF8: ='5'!G56 -> 1280.64 | BG8: ='5'!G57 -> 0 | BH8: ='5'!G50 -> 1235.68 | BI8: =SUM(AU8,AV8,BE8,BF8) -> 6031.67 | BJ8: ='5'!G133 -> 857.55 | BK8: =SUM(AP8,AU8,AV8,AW8,AZ8,BE8,BF8,BG8)/H8% -> 54.199212 | BL8: =SUM(AS8,BC8)/H8% -> 11.957749 | BM8: =(AR8+BB8)/H8 -> 0.085033209 | BN8: =J8+N8+Q8+U8 -> 304363.7 | BO8: =SUM(AU8,AV8,AW8,BE8,BF8,BG8,BJ8) -> 9618.62 | BP8: =BO8/(AD8*280) -> 1.095415
A9: 6 | B9: 6 | D9: ='6'!D3 -> 28 | E9: ='6'!D4 -> 0.79 | F9: ='6'!D2 -> 0.56 | G9: ='6'!G7 -> 22011.92 | H9: ='6'!G8 -> 22125.12 | I9: 9 | J9: =H9*I9 -> 199126.08 | K9: =H9/202 -> 109.5303 | L9: ='6'!G15 -> 1123.02 | M9: 56.2 | N9: =L9*M9 -> 63113.724 | O9: ='6'!G20 -> 253 | P9: 108 | Q9: =O9*P9 -> 27324 | R9: =O9/(F9*202/100) -> 223.65629 | S9: ='6'!G24 -> 0 | T9: 69 | U9: =S9*T9 -> 0 | V9: ='6'!G65 -> 88 | W9: ='6'!G66 -> 16 | X9: ='6'!G67 -> 25 | Y9: =V9+W9+X9 -> 129 | Z9: ='6'!G84 -> 1.96 | AA9: ='6'!G85 -> 16.51 | AB9: ='6'!G86 -> 0 | AC9: ='6'!G87 -> 6.92 | AD9: =Z9+AA9+AB9+AC9 -> 25.39 | AE9: =AU9+AV9+BE9+BF9 -> 5338.64 | AF9: =AE9/AD9 -> 210.26546 | AG9: ='6'!G88 -> 0 | AH9: ='6'!G89 -> 10.29 | AI9: ='6'!G90 -> 8.69 | AJ9: =AG9+AH9+AI9 -> 18.98 | AK9: ='6'!G91 -> 0 | AL9: ='6'!G92 -> 10.91 | AN9: =AK9+AL9 -> 10.91 | AO9: ='6'!G74 -> 312.49 | AP9: ='6'!G35 -> 1941.52 | AQ9: ='6'!G37 -> 1618.55 | AR9: ='6'!G38 -> 1899.7 | AS9: ='6'!G39 -> 2851.32 | AT9: ='6'!G40 -> 0.02 | AU9: ='6'!G41 -> 370.32 | AV9: ='6'!G42 -> 3132.32 | AW9: ='6'!G43 -> 2429.1 | AX9: ='6'!G44 -> 0 | AY9: ='6'!G36 -> 769.57 | AZ9: ='6'!G49 -> 1615.78 | BA9: ='6'!G51 -> 0 | BB9: ='6'!G52 -> 0 | BC9: ='6'!G53 -> 0 | BD9: ='6'!G54 -> 6.78 | BE9: ='6'!G55 -> 0 | BF9: ='6'!G56 -> 1836 | BG9: ='6'!G57 -> 0 | BH9: ='6'!G50 -> 1486.64 | BI9: =SUM(AU9,AV9,BE9,BF9) -> 5338.64 | BJ9: ='6'!G133 -> 842.67 | BK9: =SUM(AP9,AU9,AV9,AW9,AZ9,BE9,BF9,BG9)/H9% -> 51.186344 | BL9: =SUM(AS9,BC9)/H9% -> 12.887252 | BM9: =(AR9+BB9)/H9 -> 0.085861681 | BN9: =J9+N9+Q9+U9 -> 289563.8 | BO9: =SUM(AU9,AV9,AW9,BE9,BF9,BG9,BJ9) -> 8610.41 | BP9: =BO9/(AD9*280) -> 1.2111644
A10: 7 | B10: 7 | D10: ='7'!D3 -> 28 | E10: ='7'!D4 -> 0.9 | F10: ='7'!D2 -> 0.98 | G10: ='7'!G7 -> 24817.48 | H10: ='7'!G8 -> 25247.52 | I10: 9 | J10: =H10*I10 -> 227227.68 | K10: =H10/202 -> 124.98772 | L10: ='7'!G15 -> 1194.97 | M10: 56.2 | N10: =L10*M10 -> 67157.314 | O10: ='7'!G20 -> 233 | P10: 108 | Q10: =O10*P10 -> 25164 | R10: =O10/(F10*202/100) -> 117.70055 | S10: ='7'!G24 -> 0 | T10: 69 | U10: =S10*T10 -> 0 | V10: ='7'!G65 -> 102 | W10: ='7'!G66 -> 17 | X10: ='7'!G67 -> 31 | Y10: =V10+W10+X10 -> 150 | Z10: ='7'!G84 -> 0.5 | AA10: ='7'!G85 -> 9.41 | AB10: ='7'!G86 -> 0 | AC10: ='7'!G87 -> 24.09 | AD10: =Z10+AA10+AB10+AC10 -> 34 | AE10: =AU10+AV10+BE10+BF10 -> 6499.34 | AF10: =AE10/AD10 -> 191.15706 | AG10: ='7'!G88 -> 10.45 | AH10: ='7'!G89 -> 0 | AI10: ='7'!G90 -> 7.12 | AJ10: =AG10+AH10+AI10 -> 17.57 | AK10: ='7'!G91 -> 0 | AL10: ='7'!G92 -> 11.44 | AN10: =AK10+AL10 -> 11.44 | AO10: ='7'!G74 -> 328.91 | AP10: ='7'!G35 -> 2051.16 | AQ10: ='7'!G37 -> 1673.29 | AR10: ='7'!G38 -> 1948.2 | AS10: ='7'!G39 -> 3056.68 | AT10: ='7'!G40 -> 0.16 | AU10: ='7'!G41 -> 0 | AV10: ='7'!G42 -> 1780.22 | AW10: ='7'!G43 -> 2942.2 | AX10: ='7'!G44 -> 0 | AY10: ='7'!G36 -> 1145.69 | AZ10: ='7'!G49 -> 1692.82 | BA10: ='7'!G51 -> 0 | BB10: ='7'!G52 -> 0 | BC10: ='7'!G53 -> 0 | BD10: ='7'!G54 -> 5.79 | BE10: ='7'!G55 -> 0 | BF10: ='7'!G56 -> 4719.12 | BG10: ='7'!G57 -> 0 | BH10: ='7'!G50 -> 1598.48 | BI10: =SUM(AU10,AV10,BE10,BF10) -> 6499.34 | BJ10: ='7'!G133 -> 836.87 | BK10: =SUM(AP10,AU10,AV10,AW10,AZ10,BE10,BF10,BG10)/H10% -> 52.225011 | BL10: =SUM(AS10,BC10)/H10% -> 12.106852 | BM10: =(AR10+BB10)/H10 -> 0.077164015 | BN10: =J10+N10+Q10+U10 -> 319548.99 | BO10: =SUM(AU10,AV10,AW10,BE10,BF10,BG10,BJ10) -> 10278.41 | BP10: =BO10/(AD10*280) -> 1.0796649
A11: 8 | B11: 8 | D11: ='8'!D3 -> 28 | E11: ='8'!D4 -> 0.9 | F11: ='8'!D2 -> 0.55 | G11: ='8'!G7 -> 24146.64 | H11: ='8'!G8 -> 24742.32 | I11: 9 | J11: =H11*I11 -> 222680.88 | K11: =H11/202 -> 122.48673 | L11: ='8'!G15 -> 1247.37 | M11: 56.2 | N11: =L11*M11 -> 70102.194 | O11: ='8'!G20 -> 273 | P11: 108 | Q11: =O11*P11 -> 29484 | R11: =O11/(F11*202/100) -> 245.72457 | S11: ='8'!G24 -> 0 | T11: 69 | U11: =S11*T11 -> 0 | V11: ='8'!G65 -> 113 | W11: ='8'!G66 -> 19 | X11: ='8'!G67 -> 29 | Y11: =V11+W11+X11 -> 161 | Z11: ='8'!G84 -> 0 | AA11: ='8'!G85 -> 8.71 | AB11: ='8'!G86 -> 0 | AC11: ='8'!G87 -> 24.66 | AD11: =Z11+AA11+AB11+AC11 -> 33.37 | AE11: =AU11+AV11+BE11+BF11 -> 6030.98 | AF11: =AE11/AD11 -> 180.7306 | AG11: ='8'!G88 -> 0 | AH11: ='8'!G89 -> 11.08 | AI11: ='8'!G90 -> 9.09 | AJ11: =AG11+AH11+AI11 -> 20.17 | AK11: ='8'!G91 -> 0 | AL11: ='8'!G92 -> 11.48 | AN11: =AK11+AL11 -> 11.48 | AO11: ='8'!G74 -> 325.08 | AP11: ='8'!G35 -> 2181.67 | AQ11: ='8'!G37 -> 1652.3 | AR11: ='8'!G38 -> 1942.2 | AS11: ='8'!G39 -> 2854.32 | AT11: ='8'!G40 -> 0.97 | AU11: ='8'!G41 -> 0 | AV11: ='8'!G42 -> 1508.18 | AW11: ='8'!G43 -> 2990.9 | AX11: ='8'!G44 -> 0 | AY11: ='8'!G36 -> 1254.56 | AZ11: ='8'!G49 -> 1767.2 | BA11: ='8'!G51 -> 0 | BB11: ='8'!G52 -> 0 | BC11: ='8'!G53 -> 0 | BD11: ='8'!G54 -> 4.47 | BE11: ='8'!G55 -> 0 | BF11: ='8'!G56 -> 4522.8 | BG11: ='8'!G57 -> 0 | BH11: ='8'!G50 -> 1320.64 | BI11: =SUM(AU11,AV11,BE11,BF11) -> 6030.98 | BJ11: ='8'!G133 -> 838.89 | BK11: =SUM(AP11,AU11,AV11,AW11,AZ11,BE11,BF11,BG11)/H11% -> 52.423338 | BL11: =SUM(AS11,BC11)/H11% -> 11.536186 | BM11: =(AR11+BB11)/H11 -> 0.078497085 | BN11: =J11+N11+Q11+U11 -> 322267.07 | BO11: =SUM(AU11,AV11,AW11,BE11,BF11,BG11,BJ11) -> 9860.77 | BP11: =BO11/(AD11*280) -> 1.0553502
A12: 9 | B12: 9 | D12: ='9'!D3 -> 24 | E12: ='9'!D4 -> 0.78 | F12: ='9'!D2 -> 0.87 | G12: ='9'!G7 -> 24961.33 | H12: ='9'!G8 -> 25427.13 | I12: 9 | J12: =H12*I12 -> 228844.17 | K12: =H12/202 -> 125.87688 | L12: ='9'!G15 -> 1195.2 | M12: 56.2 | N12: =L12*M12 -> 67170.24 | O12: ='9'!G20 -> 295 | P12: 108 | Q12: =O12*P12 -> 31860 | R12: =O12/(F12*202/100) -> 167.86161 | S12: ='9'!G24 -> 0 | T12: 69 | U12: =S12*T12 -> 0 | V12: ='9'!G65 -> 132 | W12: ='9'!G66 -> 14 | X12: ='9'!G67 -> 34 | Y12: =V12+W12+X12 -> 180 | Z12: ='9'!G84 -> 0 | AA12: ='9'!G85 -> 23.78 | AB12: ='9'!G86 -> 0 | AC12: ='9'!G87 -> 8.42 | AD12: =Z12+AA12+AB12+AC12 -> 32.2 | AE12: =AU12+AV12+BE12+BF12 -> 6457.79 | AF12: =AE12/AD12 -> 200.55248 | AG12: ='9'!G88 -> -0.15 | AH12: ='9'!G89 -> 11.81 | AI12: ='9'!G90 -> 6.73 | AJ12: =AG12+AH12+AI12 -> 18.39 | AK12: ='9'!G91 -> 0 | AL12: ='9'!G92 -> 10.81 | AN12: =AK12+AL12 -> 10.81 | AO12: ='9'!G74 -> 315.65 | AP12: ='9'!G35 -> 2076.7 | AQ12: ='9'!G37 -> 1667.08 | AR12: ='9'!G38 -> 2054.23 | AS12: ='9'!G39 -> 2940.77 | AT12: ='9'!G40 -> -0.03 | AU12: ='9'!G41 -> -0.39 | AV12: ='9'!G42 -> 4722.31 | AW12: ='9'!G43 -> 2717.5 | AX12: ='9'!G44 -> 0 | AY12: ='9'!G36 -> 1286.68 | AZ12: ='9'!G49 -> 1765.87 | BA12: ='9'!G51 -> 0 | BB12: ='9'!G52 -> 0 | BC12: ='9'!G53 -> 0 | BD12: ='9'!G54 -> 4.06 | BE12: ='9'!G55 -> 0 | BF12: ='9'!G56 -> 1735.87 | BG12: ='9'!G57 -> 0 | BH12: ='9'!G50 -> 1723.41 | BI12: =SUM(AU12,AV12,BE12,BF12) -> 6457.79 | BJ12: ='8'!G133 -> 838.89 | BK12: =SUM(AP12,AU12,AV12,AW12,AZ12,BE12,BF12,BG12)/H12% -> 51.196734 | BL12: =SUM(AS12,BC12)/H12% -> 11.565481 | BM12: =(AR12+BB12)/H12 -> 0.080788905 | BN12: =J12+N12+Q12+U12 -> 327874.41 | BO12: =SUM(AU12,AV12,AW12,BE12,BF12,BG12,BJ12) -> 10014.18 | BP12: =BO12/(AD12*280) -> 1.1107121
A13: 10 | B13: 10 | D13: ='10'!D3 -> 26 | E13: ='10'!D4 -> 0.78 | F13: ='10'!D2 -> 0.91 | G13: ='10'!G7 -> 23939 | H13: ='10'!G8 -> 24380 | I13: 9 | J13: =H13*I13 -> 219420 | K13: =H13/202 -> 120.69307 | L13: ='10'!G15 -> 1193 | M13: 56.2 | N13: =L13*M13 -> 67046.6 | O13: ='10'!G20 -> 271 | P13: 108 | Q13: =O13*P13 -> 29268 | R13: =O13/(F13*202/100) -> 147.42683 | S13: ='10'!G24 -> 0 | T13: 69 | U13: =S13*T13 -> 0 | V13: ='10'!G65 -> 106 | W13: ='10'!G66 -> 14 | X13: ='10'!G67 -> 29 | Y13: =V13+W13+X13 -> 149 | Z13: ='10'!G84 -> 0 | AA13: ='10'!G85 -> 24 | AB13: ='10'!G86 -> 0 | AC13: ='10'!G87 -> 7.45 | AD13: =Z13+AA13+AB13+AC13 -> 31.45 | AE13: =AU13+AV13+BE13+BF13 -> 6306 | AF13: =AE13/AD13 -> 200.50874 | AG13: ='10'!G88 -> 0 | AH13: ='10'!G89 -> 12 | AI13: ='10'!G90 -> 5.04 | AJ13: =AG13+AH13+AI13 -> 17.04 | AK13: ='10'!G91 -> 0 | AL13: ='10'!G92 -> 11.5 | AN13: =AK13+AL13 -> 11.5 | AO13: ='10'!G74 -> 322 | AP13: ='10'!G35 -> 2201 | AQ13: ='10'!G37 -> 1651 | AR13: ='10'!G38 -> 2011 | AS13: ='10'!G39 -> 2918 | AT13: ='10'!G40 -> 0 | AU13: ='10'!G41 -> 0 | AV13: ='10'!G42 -> 4784 | AW13: ='10'!G43 -> 2734 | AX13: ='10'!G44 -> 0 | AY13: ='10'!G36 -> 953 | AZ13: ='10'!G49 -> 1788 | BA13: ='10'!G51 -> 0 | BB13: ='10'!G52 -> 0 | BC13: ='10'!G53 -> 0 | BD13: ='10'!G54 -> 4 | BE13: ='10'!G55 -> 0 | BF13: ='10'!G56 -> 1522 | BG13: ='10'!G57 -> 0 | BH13: ='10'!G50 -> 1333 | BI13: =SUM(AU13,AV13,BE13,BF13) -> 6306 | BJ13: ='8'!G133 -> 838.89 | BK13: =SUM(AP13,AU13,AV13,AW13,AZ13,BE13,BF13,BG13)/H13% -> 53.441345 | BL13: =SUM(AS13,BC13)/H13% -> 11.968827 | BM13: =(AR13+BB13)/H13 -> 0.082485644 | BN13: =J13+N13+Q13+U13 -> 315734.6 | BO13: =SUM(AU13,AV13,AW13,BE13,BF13,BG13,BJ13) -> 9878.89 | BP13: =BO13/(AD13*280) -> 1.1218362
A14: 11 | B14: 11 | D14: ='11'!D3 -> 27 | E14: ='11'!D4 -> 0.78 | F14: ='11'!D2 -> 0.76 | G14: ='11'!G7 -> 23964 | H14: ='11'!G8 -> 24441 | I14: 9 | J14: =H14*I14 -> 219969 | K14: =H14/202 -> 120.99505 | L14: ='11'!G15 -> 1164 | M14: 56.2 | N14: =L14*M14 -> 65416.8 | O14: ='11'!G20 -> 274 | P14: 108 | Q14: =O14*P14 -> 29592 | R14: =O14/(F14*202/100) -> 178.47837 | S14: ='11'!G24 -> 0 | T14: 69 | U14: =S14*T14 -> 0 | V14: ='11'!G65 -> 104 | W14: ='11'!G66 -> 20 | X14: ='11'!G67 -> 34 | Y14: =V14+W14+X14 -> 158 | Z14: ='11'!G84 -> 0 | AA14: ='11'!G85 -> 24 | AB14: ='11'!G86 -> 0 | AC14: ='11'!G87 -> 8.52 | AD14: =Z14+AA14+AB14+AC14 -> 32.52 | AE14: =AU14+AV14+BE14+BF14 -> 5467 | AF14: =AE14/AD14 -> 168.11193 | AG14: ='11'!G88 -> 0 | AH14: ='11'!G89 -> 13 | AI14: ='11'!G90 -> 5 | AJ14: =AG14+AH14+AI14 -> 18 | AK14: ='11'!G91 -> 0 | AL14: ='11'!G92 -> 10.5 | AN14: =AK14+AL14 -> 10.5 | AO14: ='11'!G74 -> 309 | AP14: ='11'!G35 -> 2136 | AQ14: ='11'!G37 -> 1605 | AR14: ='11'!G38 -> 2162 | AS14: ='11'!G39 -> 2960 | AT14: ='11'!G40 -> 0 | AU14: ='11'!G41 -> 0 | AV14: ='11'!G42 -> 4505 | AW14: ='11'!G43 -> 2753 | AX14: ='11'!G44 -> 0 | AY14: ='11'!G36 -> 806 | AZ14: ='11'!G49 -> 1730 | BA14: ='11'!G51 -> 0 | BB14: ='11'!G52 -> 0 | BC14: ='11'!G53 -> 0 | BD14: ='11'!G54 -> 5 | BE14: ='11'!G55 -> 0 | BF14: ='11'!G56 -> 962 | BG14: ='11'!G57 -> 0 | BH14: ='11'!G50 -> 1517 | BI14: =SUM(AU14,AV14,BE14,BF14) -> 5467 | BJ14: ='11'!G133 -> 857 | BK14: =SUM(AP14,AU14,AV14,AW14,AZ14,BE14,BF14,BG14)/H14% -> 49.449695 | BL14: =SUM(AS14,BC14)/H14% -> 12.110797 | BM14: =(AR14+BB14)/H14 -> 0.088457919 | BN14: =J14+N14+Q14+U14 -> 314977.8 | BO14: =SUM(AU14,AV14,AW14,BE14,BF14,BG14,BJ14) -> 9077 | BP14: =BO14/(AD14*280) -> 0.99685908
A15: 12 | B15: 12 | D15: ='12'!D3 -> 27 | E15: ='12'!D4 -> 0.78 | F15: ='12'!D2 -> 0.75 | G15: ='12'!G7 -> 24520 | H15: ='12'!G8 -> 25038 | I15: 9 | J15: =H15*I15 -> 225342 | K15: =H15/202 -> 123.9505 | L15: ='12'!G15 -> 1252 | M15: 56.2 | N15: =L15*M15 -> 70362.4 | O15: ='12'!G20 -> 294 | P15: 108 | Q15: =O15*P15 -> 31752 | R15: =O15/(F15*202/100) -> 194.05941 | S15: ='12'!G24 -> 0 | T15: 69 | U15: =S15*T15 -> 0 | V15: ='12'!G65 -> 105 | W15: ='12'!G66 -> 21 | X15: ='12'!G67 -> 33 | Y15: =V15+W15+X15 -> 159 | Z15: ='12'!G84 -> 0 | AA15: ='12'!G85 -> 24 | AB15: ='12'!G86 -> 0 | AC15: ='12'!G87 -> 10.93 | AD15: =Z15+AA15+AB15+AC15 -> 34.93 | AE15: =AU15+AV15+BE15+BF15 -> 5511 | AF15: =AE15/AD15 -> 157.77269 | AG15: ='12'!G88 -> 11.53 | AH15: ='12'!G89 -> -0.36 | AI15: ='12'!G90 -> 8 | AJ15: =AG15+AH15+AI15 -> 19.17 | AK15: ='12'!G91 -> 0 | AL15: ='12'!G92 -> 10.75 | AN15: =AK15+AL15 -> 10.75 | AO15: ='12'!G74 -> 300 | AP15: ='12'!G35 -> 2138 | AQ15: ='12'!G37 -> 1688 | AR15: ='12'!G38 -> 2175 | AS15: ='12'!G39 -> 3054 | AT15: ='12'!G40 -> 0 | AU15: ='12'!G41 -> 0 | AV15: ='12'!G42 -> 4329 | AW15: ='12'!G43 -> 2634 | AX15: ='12'!G44 -> 0 | AY15: ='12'!G36 -> 1141 | AZ15: ='12'!G49 -> 1760 | BA15: ='12'!G51 -> 0 | BB15: ='12'!G52 -> 0 | BC15: ='12'!G53 -> 0 | BD15: ='12'!G54 -> 4 | BE15: ='12'!G55 -> 0 | BF15: ='12'!G56 -> 1182 | BG15: ='12'!G57 -> 0 | BH15: ='12'!G50 -> 1046 | BI15: =SUM(AU15,AV15,BE15,BF15) -> 5511 | BJ15: ='12'!G133 -> 852 | BK15: =SUM(AP15,AU15,AV15,AW15,AZ15,BE15,BF15,BG15)/H15% -> 48.09889 | BL15: =SUM(AS15,BC15)/H15% -> 12.19746 | BM15: =(AR15+BB15)/H15 -> 0.086867961 | BN15: =J15+N15+Q15+U15 -> 327456.4 | BO15: =SUM(AU15,AV15,AW15,BE15,BF15,BG15,BJ15) -> 8997 | BP15: =BO15/(AD15*280) -> 0.91990103
A16: 13 | B16: 13 | D16: ='13'!D3 -> 27 | E16: ='13'!D4 -> 0.72 | F16: ='13'!D2 -> 0.5 | G16: ='13'!G7 -> 23265 | H16: ='13'!G8 -> 23684 | I16: 9 | J16: =H16*I16 -> 213156 | K16: =H16/202 -> 117.24752 | L16: ='13'!G15 -> 1211 | M16: 56.2 | N16: =L16*M16 -> 68058.2 | O16: ='13'!G20 -> 294 | P16: 108 | Q16: =O16*P16 -> 31752 | R16: =O16/(F16*202/100) -> 291.08911 | S16: ='13'!G24 -> 0 | T16: 69 | U16: =S16*T16 -> 0 | V16: ='13'!G65 -> 152 | W16: ='13'!G66 -> 19 | X16: ='13'!G67 -> 30 | Y16: =V16+W16+X16 -> 201 | Z16: ='13'!G84 -> 0 | AA16: ='13'!G85 -> 24 | AB16: ='13'!G86 -> 0 | AC16: ='13'!G87 -> 2.81 | AD16: =Z16+AA16+AB16+AC16 -> 26.81 | AE16: =AU16+AV16+BE16+BF16 -> 5072 | AF16: =AE16/AD16 -> 189.18314 | AG16: ='13'!G88 -> 0 | AH16: ='13'!G89 -> 11.53 | AI16: ='13'!G90 -> 7.03 | AJ16: =AG16+AH16+AI16 -> 18.56 | AK16: ='13'!G91 -> 0 | AL16: ='13'!G92 -> 11.53 | AN16: =AK16+AL16 -> 11.53 | AO16: ='13'!G74 -> 329 | AP16: ='13'!G35 -> 2004 | AQ16: ='13'!G37 -> 1431 | AR16: ='13'!G38 -> 2095 | AS16: ='13'!G39 -> 3101 | AT16: ='13'!G40 -> 0 | AU16: ='13'!G41 -> 0 | AV16: ='13'!G42 -> 4832 | AW16: ='13'!G43 -> 2771 | AX16: ='13'!G44 -> 0 | AY16: ='13'!G36 -> 1205 | AZ16: ='13'!G49 -> 1763 | BA16: ='13'!G51 -> 0 | BB16: ='13'!G52 -> 0 | BC16: ='13'!G53 -> 0 | BD16: ='13'!G54 -> 5 | BE16: ='13'!G55 -> 0 | BF16: ='13'!G56 -> 240 | BG16: ='13'!G57 -> 0 | BH16: ='13'!G50 -> 1701 | BI16: =SUM(AU16,AV16,BE16,BF16) -> 5072 | BJ16: ='13'!G133 -> 828 | BK16: =SUM(AP16,AU16,AV16,AW16,AZ16,BE16,BF16,BG16)/H16% -> 49.020436 | BL16: =SUM(AS16,BC16)/H16% -> 13.093227 | BM16: =(AR16+BB16)/H16 -> 0.088456342 | BN16: =J16+N16+Q16+U16 -> 312966.2 | BO16: =SUM(AU16,AV16,AW16,BE16,BF16,BG16,BJ16) -> 8671 | BP16: =BO16/(AD16*280) -> 1.1550861
A17: 14 | B17: 14 | D17: ='14'!D3 -> 26 | E17: ='14'!D4 -> 0.65 | F17: ='14'!D2 -> 0.54 | G17: ='14'!G7 -> 22739 | H17: ='14'!G8 -> 23059 | I17: 9 | J17: =H17*I17 -> 207531 | K17: =H17/202 -> 114.15347 | L17: ='14'!G15 -> 1124 | M17: 56.2 | N17: =L17*M17 -> 63168.8 | O17: ='14'!G20 -> 292 | P17: 108 | Q17: =O17*P17 -> 31536 | R17: =O17/(F17*202/100) -> 267.69344 | S17: ='14'!G24 -> 0 | T17: 69 | U17: =S17*T17 -> 0 | V17: ='14'!G65 -> 105 | W17: ='14'!G66 -> 18 | X17: ='14'!G67 -> 32 | Y17: =V17+W17+X17 -> 155 | Z17: ='14'!G84 -> 0 | AA17: ='14'!G85 -> 7 | AB17: ='14'!G86 -> 0 | AC17: ='14'!G87 -> 19.74 | AD17: =Z17+AA17+AB17+AC17 -> 26.74 | AE17: =AU17+AV17+BE17+BF17 -> 3919 | AF17: =AE17/AD17 -> 146.55946 | AG17: ='14'!G88 -> 0 | AH17: ='14'!G89 -> 11.72 | AI17: ='14'!G90 -> 6.17 | AJ17: =AG17+AH17+AI17 -> 17.89 | AK17: ='14'!G91 -> 0 | AL17: ='14'!G92 -> 11.23 | AN17: =AK17+AL17 -> 11.23 | AO17: ='14'!G44 -> 0 | AP17: ='14'!G35 -> 2110 | AQ17: ='14'!G37 -> 1598 | AR17: ='14'!G38 -> 2029 | AS17: ='14'!G39 -> 3022 | AT17: ='14'!G40 -> 4 | AU17: ='14'!G41 -> 0 | AV17: ='14'!G42 -> 1294 | AW17: ='14'!G43 -> 2768 | AX17: ='14'!G44 -> 0 | AY17: ='14'!G36 -> 1164 | AZ17: ='14'!G49 -> 1780 | BA17: ='14'!G51 -> 0 | BB17: ='14'!G52 -> 0 | BC17: ='14'!G53 -> 0 | BD17: ='14'!G54 -> 4 | BE17: ='14'!G55 -> 0 | BF17: ='14'!G56 -> 2625 | BG17: ='14'!G57 -> 0 | BH17: ='14'!G50 -> 1163 | BI17: =SUM(AU17,AV17,BE17,BF17) -> 3919 | BJ17: ='14'!G133 -> 833 | BK17: =SUM(AP17,AU17,AV17,AW17,AZ17,BE17,BF17,BG17)/H17% -> 45.869292 | BL17: =SUM(AS17,BC17)/H17% -> 13.105512 | BM17: =(AR17+BB17)/H17 -> 0.087991674 | BN17: =J17+N17+Q17+U17 -> 302235.8 | BO17: =SUM(AU17,AV17,AW17,BE17,BF17,BG17,BJ17) -> 7520 | BP17: =BO17/(AD17*280) -> 1.0043808
A18: 15 | B18: 15 | D18: ='15'!D3 -> 26 | E18: ='15'!D4 -> 0.6 | F18: ='15'!D2 -> 0.5 | G18: ='15'!G7 -> 23186 | H18: ='15'!G8 -> 23584 | I18: 9 | J18: =H18*I18 -> 212256 | K18: =H18/202 -> 116.75248 | L18: ='15'!G15 -> 1178.13 | M18: 56.2 | N18: =L18*M18 -> 66210.906 | O18: ='15'!G20 -> 240 | P18: 108 | Q18: =O18*P18 -> 25920 | R18: =O18/(F18*202/100) -> 237.62376 | S18: ='15'!G24 -> 0 | T18: 69 | U18: =S18*T18 -> 0 | V18: ='15'!G65 -> 106 | W18: ='15'!G66 -> 13 | X18: ='15'!G67 -> 20 | Y18: =V18+W18+X18 -> 139 | Z18: ='15'!G84 -> 0 | AA18: ='15'!G85 -> 24 | AB18: ='15'!G86 -> 0 | AC18: ='15'!G87 -> 7 | AD18: =Z18+AA18+AB18+AC18 -> 31 | AE18: =AU18+AV18+BE18+BF18 -> 5187 | AF18: =AE18/AD18 -> 167.32258 | AG18: ='15'!G88 -> 0 | AH18: ='15'!G89 -> 10.21 | AI18: ='15'!G90 -> 9.77 | AJ18: =AG18+AH18+AI18 -> 19.98 | AK18: ='15'!G91 -> 0 | AL18: ='15'!G92 -> 11.26 | AN18: =AK18+AL18 -> 11.26 | AO18: ='15'!G74 -> 322 | AP18: ='15'!G35 -> 2025 | AQ18: ='15'!G37 -> 1543 | AR18: ='15'!G38 -> 1931 | AS18: ='15'!G39 -> 2939 | AT18: ='15'!G40 -> 0 | AU18: ='15'!G41 -> 0 | AV18: ='15'!G42 -> 4436 | AW18: ='15'!G43 -> 2748 | AX18: ='15'!G44 -> 0 | AY18: ='15'!G36 -> 1099 | AZ18: ='15'!G49 -> 1772 | BA18: ='15'!G51 -> 0 | BB18: ='15'!G52 -> 0 | BC18: ='15'!G53 -> 0 | BD18: ='15'!G54 -> 5 | BE18: ='15'!G55 -> 0 | BF18: ='15'!G56 -> 751 | BG18: ='15'!G57 -> 0 | BH18: ='15'!G50 -> 1582 | BI18: =SUM(AU18,AV18,BE18,BF18) -> 5187 | BJ18: ='15'!G133 -> 818 | BK18: =SUM(AP18,AU18,AV18,AW18,AZ18,BE18,BF18,BG18)/H18% -> 49.74559 | BL18: =SUM(AS18,BC18)/H18% -> 12.461839 | BM18: =(AR18+BB18)/H18 -> 0.081877544 | BN18: =J18+N18+Q18+U18 -> 304386.91 | BO18: =SUM(AU18,AV18,AW18,BE18,BF18,BG18,BJ18) -> 8753 | BP18: =BO18/(AD18*280) -> 1.0084101
A19: 16 | B19: 16 | D19: ='16'!D3 -> 28 | E19: ='16'!D4 -> 0.62 | F19: ='16'!D2 -> 0.5742 | G19: ='16'!G7 -> 22062.95 | H19: ='16'!G8 -> 22268.71 | I19: 9 | J19: =H19*I19 -> 200418.39 | K19: =H19/202 -> 110.24114 | L19: ='16'!G15 -> 1154.87 | M19: 56.2 | N19: =L19*M19 -> 64903.694 | O19: ='16'!G20 -> 268 | P19: 108 | Q19: =O19*P19 -> 28944 | R19: =O19/(F19*202/100) -> 231.05759 | S19: ='16'!G24 -> 0 | T19: 69 | U19: =S19*T19 -> 0 | V19: ='16'!G65 -> 93 | W19: ='16'!G66 -> 19 | X19: ='16'!G67 -> 23 | Y19: =V19+W19+X19 -> 135 | Z19: ='16'!G84 -> -0.5 | AA19: ='16'!G85 -> 24.07 | AB19: ='16'!G86 -> 0 | AC19: ='16'!G87 -> 3.1 | AD19: =Z19+AA19+AB19+AC19 -> 26.67 | AE19: =AU19+AV19+BE19+BF19 -> 5082.53 | AF19: =AE19/AD19 -> 190.57105 | AG19: ='16'!G88 -> -0.4 | AH19: ='16'!G89 -> 10.53 | AI19: ='16'!G90 -> 6.39 | AJ19: =AG19+AH19+AI19 -> 16.52 | AK19: ='16'!G91 -> 0 | AL19: ='16'!G92 -> 11.82 | AN19: =AK19+AL19 -> 11.82 | AO19: ='16'!G74 -> 330.41 | AP19: ='16'!G35 -> 1939.79 | AQ19: ='16'!G37 -> 1565.33 | AR19: ='16'!G38 -> 1985.61 | AS19: ='16'!G39 -> 2949.87 | AT19: ='16'!G40 -> -0.02 | AU19: ='16'!G41 -> 0 | AV19: ='16'!G42 -> 4793.79 | AW19: ='16'!G43 -> 2590.2 | AX19: ='16'!G44 -> 0 | AY19: ='16'!G36 -> 1204.26 | AZ19: ='16'!G49 -> 1791.89 | BA19: ='16'!G51 -> 0 | BB19: ='16'!G52 -> 0 | BC19: ='16'!G53 -> 0 | BD19: ='16'!G54 -> 4.72 | BE19: ='16'!G55 -> 0 | BF19: ='16'!G56 -> 288.74 | BG19: ='16'!G57 -> 0 | BH19: ='16'!G50 -> 1041.38 | BI19: =SUM(AU19,AV19,BE19,BF19) -> 5082.53 | BJ19: ='16'!G133 -> 835.41 | BK19: =SUM(AP19,AU19,AV19,AW19,AZ19,BE19,BF19,BG19)/H19% -> 51.212711 | BL19: =SUM(AS19,BC19)/H19% -> 13.246704 | BM19: =(AR19+BB19)/H19 -> 0.089165919 | BN19: =J19+N19+Q19+U19 -> 294266.08 | BO19: =SUM(AU19,AV19,AW19,BE19,BF19,BG19,BJ19) -> 8508.14 | BP19: =BO19/(AD19*280) -> 1.1393406
A20: 17 | B20: 17 | D20: ='17'!D3 -> 28 | E20: ='17'!D4 -> 0.9 | F20: ='17'!D2 -> 0.51 | G20: ='17'!G7 -> 23850.65 | H20: ='17'!G8 -> 24204.29 | I20: 9 | J20: =H20*I20 -> 217838.61 | K20: =H20/202 -> 119.82322 | L20: ='17'!G15 -> 1138.822 | M20: 56.2 | N20: =L20*M20 -> 64001.796 | O20: ='17'!G20 -> 234 | P20: 108 | Q20: =O20*P20 -> 25272 | R20: =O20/(F20*202/100) -> 227.14036 | S20: ='17'!G24 -> 0 | T20: 69 | U20: =S20*T20 -> 0 | V20: ='17'!G65 -> 111 | W20: ='17'!G66 -> 19 | X20: ='17'!G67 -> 31 | Y20: =V20+W20+X20 -> 161 | Z20: ='17'!G84 -> 0 | AA20: ='17'!G85 -> 24.04 | AB20: ='17'!G86 -> 0 | AC20: ='17'!G87 -> 8.12 | AD20: =Z20+AA20+AB20+AC20 -> 32.16 | AE20: =AU20+AV20+BE20+BF20 -> 5645.21 | AF20: =AE20/AD20 -> 175.53514 | AG20: ='17'!G88 -> 0.4 | AH20: ='17'!G89 -> 10.94 | AI20: ='17'!G90 -> 6.62 | AJ20: =AG20+AH20+AI20 -> 17.96 | AK20: ='17'!G91 -> 0 | AL20: ='17'!G92 -> 10.97 | AN20: =AK20+AL20 -> 10.97 | AO20: ='17'!G74 -> 317.42 | AP20: ='17'!G35 -> 1791.27 | AQ20: ='17'!G37 -> 1583.54 | AR20: ='17'!G38 -> 2168.16 | AS20: ='17'!G39 -> 3084.48 | AT20: ='17'!G40 -> 468.37 | AU20: ='17'!G41 -> 0 | AV20: ='17'!G42 -> 4689.36 | AW20: ='17'!G43 -> 2782.73 | AX20: ='17'!G44 -> 0 | AY20: ='17'!G36 -> 1285.63 | AZ20: ='17'!G49 -> 1760.54 | BA20: ='17'!G51 -> 0 | BB20: ='17'!G52 -> 0 | BC20: ='17'!G53 -> 0 | BD20: ='17'!G54 -> 4.28 | BE20: ='17'!G55 -> 0 | BF20: ='17'!G56 -> 955.85 | BG20: ='17'!G57 -> 0 | BH20: ='17'!G50 -> 1241.5 | BI20: =SUM(AU20,AV20,BE20,BF20) -> 5645.21 | BJ20: ='17'!G133 -> 869.2 | BK20: =SUM(AP20,AU20,AV20,AW20,AZ20,BE20,BF20,BG20)/H20% -> 49.494325 | BL20: =SUM(AS20,BC20)/H20% -> 12.743526 | BM20: =(AR20+BB20)/H20 -> 0.089577509 | BN20: =J20+N20+Q20+U20 -> 307112.41 | BO20: =SUM(AU20,AV20,AW20,BE20,BF20,BG20,BJ20) -> 9297.14 | BP20: =BO20/(AD20*280) -> 1.0324649
A21: 18 | B21: 18 | D21: ='18 '!D3 -> 28 | E21: ='18 '!D4 -> 0.9 | F21: ='18 '!D2 -> 0.51 | G21: ='18 '!G7 -> 22823.75 | H21: ='18 '!G8 -> 23137.75 | I21: 9 | J21: =H21*I21 -> 208239.75 | K21: =H21/202 -> 114.54332 | L21: ='18 '!G15 -> 1215.284 | M21: 56.2 | N21: =L21*M21 -> 68298.961 | O21: ='18 '!G20 -> 273 | P21: 108 | Q21: =O21*P21 -> 29484 | R21: =O21/(F21*202/100) -> 264.99709 | S21: ='18 '!G24 -> 0 | T21: 69 | U21: =S21*T21 -> 0 | V21: ='18 '!G65 -> 125 | W21: ='18 '!G66 -> 21 | X21: ='18 '!G67 -> 30 | Y21: =V21+W21+X21 -> 176 | Z21: ='18 '!G84 -> -0.06 | AA21: ='18 '!G85 -> 23.89 | AB21: ='18 '!G86 -> 0 | AC21: ='18 '!G87 -> 3.18 | AD21: =Z21+AA21+AB21+AC21 -> 27.01 | AE21: =AU21+AV21+BE21+BF21 -> 5311.51 | AF21: =AE21/AD21 -> 196.64976 | AG21: ='18 '!G88 -> 0 | AH21: ='18 '!G89 -> 12.59 | AI21: ='18 '!G90 -> 6.29 | AJ21: =AG21+AH21+AI21 -> 18.88 | AK21: ='18 '!G91 -> 0 | AL21: ='18 '!G92 -> 10.71 | AN21: =AK21+AL21 -> 10.71 | AO21: ='18 '!G74 -> 305.65 | AP21: ='18 '!G35 -> 1585.03 | AQ21: ='18 '!G37 -> 1564.6 | AR21: ='18 '!G38 -> 2082.22 | AS21: ='18 '!G39 -> 2894.04 | AT21: ='18 '!G40 -> 0 | AU21: ='18 '!G41 -> 0 | AV21: ='18 '!G42 -> 4895.51 | AW21: ='18 '!G43 -> 2787.94 | AX21: ='18 '!G44 -> 0 | AY21: ='18 '!G36 -> 1224.04 | AZ21: ='18 '!G49 -> 1794.94 | BA21: ='18 '!G51 -> 0 | BB21: ='18 '!G52 -> 0 | BC21: ='18 '!G53 -> 0 | BD21: ='18 '!G54 -> 4.52 | BE21: ='18 '!G55 -> 0 | BF21: ='18 '!G56 -> 416 | BG21: ='18 '!G57 -> 0 | BH21: ='18 '!G50 -> 1452.43 | BI21: =SUM(AU21,AV21,BE21,BF21) -> 5311.51 | BJ21: ='18 '!G133 -> 832.87 | BK21: =SUM(AP21,AU21,AV21,AW21,AZ21,BE21,BF21,BG21)/H21% -> 49.613381 | BL21: =SUM(AS21,BC21)/H21% -> 12.507871 | BM21: =(AR21+BB21)/H21 -> 0.089992329 | BN21: =J21+N21+Q21+U21 -> 306022.71 | BO21: =SUM(AU21,AV21,AW21,BE21,BF21,BG21,BJ21) -> 8932.32 | BP21: =BO21/(AD21*280) -> 1.1810864
A22: 19 | B22: 19 | D22: ='19'!D3 -> 28 | E22: ='19'!D4 -> 0.9 | F22: ='19'!D2 -> 0.9298 | G22: ='19'!G7 -> 22978 | H22: ='19'!G8 -> 23251.63 | I22: 9 | J22: =H22*I22 -> 209264.67 | K22: =H22/202 -> 115.10708 | L22: ='19'!G15 -> 1150.294 | M22: 56.2 | N22: =L22*M22 -> 64646.523 | O22: ='19'!G20 -> 273 | P22: 108 | Q22: =O22*P22 -> 29484 | R22: =O22/(F22*202/100) -> 145.35224 | S22: ='19'!G24 -> 0 | T22: 69 | U22: =S22*T22 -> 0 | V22: ='19'!G65 -> 117 | W22: ='19'!G66 -> 23 | X22: ='19'!G67 -> 34 | Y22: =V22+W22+X22 -> 174 | Z22: ='19'!G84 -> 0.2 | AA22: ='19'!G85 -> 24 | AB22: ='19'!G86 -> 0 | AC22: ='19'!G87 -> 2.15 | AD22: =Z22+AA22+AB22+AC22 -> 26.35 | AE22: =AU22+AV22+BE22+BF22 -> 5180.54 | AF22: =AE22/AD22 -> 196.60493 | AG22: ='19'!G88 -> 0 | AH22: ='19'!G89 -> 9.79 | AI22: ='19'!G90 -> 6.68 | AJ22: =AG22+AH22+AI22 -> 16.47 | AK22: ='19'!G91 -> 0 | AL22: ='19'!G92 -> 10.99 | AN22: =AK22+AL22 -> 10.99 | AO22: ='19'!G74 -> 312.83 | AP22: ='19'!G35 -> 1656.74 | AQ22: ='19'!G37 -> 1585.36 | AR22: ='19'!G38 -> 2024.94 | AS22: ='19'!G39 -> 3077.56 | AT22: ='19'!G40 -> 0 | AU22: ='19'!G41 -> 0 | AV22: ='19'!G42 -> 4943.59 | AW22: ='19'!G43 -> 2794.76 | AX22: ='19'!G44 -> 0 | AY22: ='19'!G36 -> 1132.07 | AZ22: ='19'!G49 -> 1763.3 | BA22: ='19'!G51 -> 0 | BB22: ='19'!G52 -> 0 | BC22: ='19'!G53 -> 0 | BD22: ='19'!G54 -> 4.3 | BE22: ='19'!G55 -> 0 | BF22: ='19'!G56 -> 236.95 | BG22: ='19'!G57 -> 0 | BH22: ='19'!G50 -> 1631.18 | BI22: =SUM(AU22,AV22,BE22,BF22) -> 5180.54 | BJ22: ='19'!G133 -> 858.88 | BK22: =SUM(AP22,AU22,AV22,AW22,AZ22,BE22,BF22,BG22)/H22% -> 49.008779 | BL22: =SUM(AS22,BC22)/H22% -> 13.235889 | BM22: =(AR22+BB22)/H22 -> 0.087088088 | BN22: =J22+N22+Q22+U22 -> 303395.19 | BO22: =SUM(AU22,AV22,AW22,BE22,BF22,BG22,BJ22) -> 8834.18 | BP22: =BO22/(AD22*280) -> 1.1973679
A23: 20 | B23: 20 | D23: ='20'!D3 -> 28 | E23: ='20'!D4 -> 0.78 | F23: ='20'!D2 -> 1 | G23: ='20'!G7 -> 21084.16 | H23: ='20'!G8 -> 21299.93 | I23: 9 | J23: =H23*I23 -> 191699.37 | K23: =H23/202 -> 105.4452 | L23: ='20'!G15 -> 1154.41 | M23: 56.2 | N23: =L23*M23 -> 64877.842 | O23: ='20'!G20 -> 273 | P23: 108 | Q23: =O23*P23 -> 29484 | R23: =O23/(F23*202/100) -> 135.14851 | S23: ='20'!G24 -> 0 | T23: 69 | U23: =S23*T23 -> 0 | V23: ='20'!G65 -> 77 | W23: ='20'!G66 -> 17 | X23: ='20'!G67 -> 26 | Y23: =V23+W23+X23 -> 120 | Z23: ='20'!G84 -> 0 | AA23: ='20'!G85 -> 24 | AB23: ='20'!G86 -> 0 | AC23: ='20'!G87 -> 0 | AD23: =Z23+AA23+AB23+AC23 -> 24 | AE23: =AU23+AV23+BE23+BF23 -> 4532.26 | AF23: =AE23/AD23 -> 188.84417 | AG23: ='20'!G88 -> 0 | AH23: ='20'!G89 -> 11.68 | AI23: ='20'!G90 -> 6.16 | AJ23: =AG23+AH23+AI23 -> 17.84 | AK23: ='20'!G91 -> 0 | AL23: ='20'!G92 -> 11.14 | AN23: =AK23+AL23 -> 11.14 | AO23: ='20'!G74 -> 318.69 | AP23: ='20'!G35 -> 1742.8 | AQ23: ='20'!G37 -> 1629.82 | AR23: ='20'!G38 -> 1975.1 | AS23: ='20'!G39 -> 2849.68 | AT23: ='20'!G40 -> 158.48 | AU23: ='20'!G41 -> 0 | AV23: ='20'!G42 -> 4532.26 | AW23: ='20'!G43 -> 2718.96 | AX23: ='20'!G44 -> 0 | AY23: ='20'!G36 -> 926.36 | AZ23: ='20'!G49 -> 1742.78 | BA23: ='20'!G51 -> 0 | BB23: ='20'!G52 -> 0 | BC23: ='20'!G588 -> 0 | BD23: ='20'!G54 -> 4.46 | BE23: ='20'!G55 -> 0 | BF23: ='20'!G56 -> 0 | BG23: ='20'!G57 -> 0 | BH23: ='20'!G50 -> 1114.71 | BI23: =SUM(AU23,AV23,BE23,BF23) -> 4532.26 | BJ23: ='20'!G133 -> 846.91 | BK23: =SUM(AP23,AU23,AV23,AW23,AZ23,BE23,BF23,BG23)/H23% -> 50.407677 | BL23: =SUM(AS23,BC23)/H23% -> 13.378823 | BM23: =(AR23+BB23)/H23 -> 0.092728004 | BN23: =J23+N23+Q23+U23 -> 286061.21 | BO23: =SUM(AU23,AV23,AW23,BE23,BF23,BG23,BJ23) -> 8098.13 | BP23: =BO23/(AD23*280) -> 1.2050789
A24: 21 | B24: 21 | D24: 21 | E24: ='21'!D4 -> 0.78 | F24: ='21'!D2 -> 0.8 | G24: ='21'!G7 -> 20828.56 | H24: ='21'!G8 -> 21040.8 | I24: 9 | J24: =H24*I24 -> 189367.2 | K24: =H24/202 -> 104.16238 | L24: ='21'!G15 -> 1115.57 | M24: 56.2 | N24: =L24*M24 -> 62695.034 | O24: ='21'!G20 -> 271 | P24: 108 | Q24: =O24*P24 -> 29268 | R24: =O24/(F24*202/100) -> 167.69802 | S24: ='21'!G24 -> 0 | T24: 69 | U24: =S24*T24 -> 0 | V24: ='21'!G65 -> 97 | W24: ='21'!G66 -> 17 | X24: ='21'!G67 -> 27 | Y24: =V24+W24+X24 -> 141 | Z24: ='21'!G84 -> 0 | AA24: ='21'!G85 -> 24.37 | AB24: ='21'!G86 -> 0 | AC24: ='21'!G87 -> 0 | AD24: =Z24+AA24+AB24+AC24 -> 24.37 | AE24: =AU24+AV24+BE24+BF24 -> 4666.08 | AF24: =AE24/AD24 -> 191.4682 | AG24: ='21'!G88 -> 0 | AH24: ='21'!G89 -> 10.63 | AI24: ='21'!G90 -> 6.31 | AJ24: =AG24+AH24+AI24 -> 16.94 | AK24: ='21'!G91 -> 0 | AL24: ='21'!G92 -> 11.17 | AN24: =AK24+AL24 -> 11.17 | AO24: ='21'!G74 -> 321.21 | AP24: ='21'!G35 -> 1616.55 | AQ24: ='21'!G37 -> 1625.5 | AR24: ='21'!G38 -> 1893.84 | AS24: ='21'!G39 -> 2810.6 | AT24: ='21'!G40 -> 656.37 | AU24: ='21'!G41 -> 0 | AV24: ='21'!G42 -> 4666.08 | AW24: ='21'!G43 -> 2692.16 | AX24: ='21'!G44 -> 0 | AY24: ='21'!G36 -> 1038.03 | AZ24: ='21'!G49 -> 1532.66 | BA24: ='21'!G51 -> 0 | BB24: ='21'!G52 -> 0 | BC24: ='21'!G53 -> 0 | BD24: ='21'!G54 -> 4.48 | BE24: ='21'!G55 -> 0 | BF24: ='21'!G56 -> 0 | BG24: ='21'!G57 -> 0 | BH24: ='21'!G50 -> 1116.68 | BI24: =SUM(AU24,AV24,BE24,BF24) -> 4666.08 | BJ24: ='21'!G133 -> 706.69 | BK24: =SUM(AP24,AU24,AV24,AW24,AZ24,BE24,BF24,BG24)/H24% -> 49.938453 | BL24: =SUM(AS24,BC24)/H24% -> 13.357857 | BM24: =(AR24+BB24)/H24 -> 0.090007984 | BN24: =J24+N24+Q24+U24 -> 281330.23 | BO24: =SUM(AU24,AV24,AW24,BE24,BF24,BG24,BJ24) -> 8064.93 | BP24: =BO24/(AD24*280) -> 1.1819172
A25: 22 | B25: 22 | D25: ='22'!D3 -> 28 | E25: ='22'!D4 -> 0.9 | F25: ='22'!D2 -> 0.97 | G25: ='22'!G7 -> 20615.52 | H25: ='22'!G8 -> 20778.08 | I25: 9 | J25: =H25*I25 -> 187002.72 | K25: =H25/202 -> 102.86178 | L25: ='22'!G15 -> 1062.46 | M25: 56.2 | N25: =L25*M25 -> 59710.252 | O25: ='22'!G20 -> 241 | P25: 108 | Q25: =O25*P25 -> 26028 | R25: =O25/(F25*202/100) -> 122.99684 | S25: ='22'!G24 -> 0 | T25: 69 | U25: =S25*T25 -> 0 | V25: ='22'!G65 -> 105 | W25: ='22'!G66 -> 18 | X25: ='22'!G67 -> 27 | Y25: =V25+W25+X25 -> 150 | Z25: ='22'!G84 -> 0 | AA25: ='22'!G85 -> 24 | AB25: ='22'!G86 -> 0 | AC25: ='22'!G87 -> 0 | AD25: =Z25+AA25+AB25+AC25 -> 24 | AE25: =AU25+AV25+BE25+BF25 -> 4737.31 | AF25: =AE25/AD25 -> 197.38792 | AG25: ='22'!G88 -> 0 | AH25: ='22'!G89 -> 10.01 | AI25: ='22'!G90 -> 5.66 | AJ25: =AG25+AH25+AI25 -> 15.67 | AK25: ='22'!G91 -> 0 | AL25: ='22'!G92 -> 11.44 | AN25: =AK25+AL25 -> 11.44 | AO25: ='22'!G74 -> 332.31 | AP25: ='22'!G35 -> 1523.03 | AQ25: ='22'!G37 -> 1590.14 | AR25: ='22'!G38 -> 1914.58 | AS25: ='22'!G39 -> 2775.92 | AT25: ='22'!G40 -> 365.57 | AU25: ='22'!G41 -> 0 | AV25: ='22'!G42 -> 4737.31 | AW25: ='22'!G43 -> 2692.75 | AX25: ='22'!G44 -> 0 | AY25: ='22'!G36 -> 919.97 | AZ25: ='22'!G49 -> 1561.46 | BA25: ='22'!G51 -> 0 | BB25: ='22'!G52 -> 0 | BC25: ='22'!G53 -> 0 | BD25: ='22'!G54 -> 4.44 | BE25: ='22'!G55 -> 0 | BF25: ='22'!G56 -> 0 | BG25: ='22'!G57 -> 0 | BH25: ='22'!G50 -> 1108.01 | BI25: =SUM(AU25,AV25,BE25,BF25) -> 4737.31 | BJ25: ='22'!G133 -> 649.1 | BK25: =SUM(AP25,AU25,AV25,AW25,AZ25,BE25,BF25,BG25)/H25% -> 50.60405 | BL25: =SUM(AS25,BC25)/H25% -> 13.359848 | BM25: =(AR25+BB25)/H25 -> 0.092144221 | BN25: =J25+N25+Q25+U25 -> 272740.97 | BO25: =SUM(AU25,AV25,AW25,BE25,BF25,BG25,BJ25) -> 8079.16 | BP25: =BO25/(AD25*280) -> 1.202256
A26: 23 | B26: 23 | D26: ='23'!D3 -> 24 | E26: ='23'!D4 -> 0.77 | F26: ='23'!D2 -> 0.85 | G26: ='23'!G7 -> 20145.41 | H26: ='23'!G8 -> 20368.81 | I26: 9 | J26: =H26*I26 -> 183319.29 | K26: =H26/202 -> 100.83569 | L26: ='23'!G15 -> 1066.16 | M26: 56.2 | N26: =L26*M26 -> 59918.192 | O26: ='23'!G20 -> 249 | P26: 108 | Q26: =O26*P26 -> 26892 | R26: =O26/(F26*202/100) -> 145.02038 | S26: ='23'!G24 -> 0 | T26: 69 | U26: =S26*T26 -> 0 | V26: ='23'!G65 -> 99 | W26: ='23'!G66 -> 25 | X26: ='23'!G67 -> 28 | Y26: =V26+W26+X26 -> 152 | Z26: ='23'!G84 -> 0 | AA26: ='23'!G85 -> 23.63 | AB26: ='23'!G86 -> 0 | AC26: ='23'!G87 -> 0 | AD26: =Z26+AA26+AB26+AC26 -> 23.63 | AE26: =AU26+AV26+BE26+BF26 -> 4454.1 | AF26: =AE26/AD26 -> 188.49344 | AG26: ='23'!G88 -> 0 | AH26: ='23'!G89 -> 10.42 | AI26: ='23'!G90 -> 5.54 | AJ26: =AG26+AH26+AI26 -> 15.96 | AK26: ='23'!G91 -> 0 | AL26: ='23'!G92 -> 10.73 | AN26: =AK26+AL26 -> 10.73 | AO26: ='23'!G74 -> 301.48 | AP26: ='23'!G35 -> 1488.79 | AQ26: ='23'!G37 -> 1586.71 | AR26: ='23'!G38 -> 1933.55 | AS26: ='23'!G39 -> 2743.85 | AT26: ='23'!G40 -> 588.38 | AU26: ='23'!G41 -> 0 | AV26: ='23'!G42 -> 4454.1 | AW26: ='23'!G43 -> 2677.5 | AX26: ='23'!G44 -> 0 | AY26: ='23'!G36 -> 821.64 | AZ26: ='23'!G49 -> 1537.43 | BA26: ='23'!G51 -> 0 | BB26: ='23'!G52 -> 0 | BC26: ='23'!G53 -> 0 | BD26: ='23'!G54 -> 3.8 | BE26: ='23'!G55 -> 0 | BF26: ='23'!G56 -> 0 | BG26: ='23'!G57 -> 0 | BH26: ='23'!G50 -> 1077.11 | BI26: =SUM(AU26,AV26,BE26,BF26) -> 4454.1 | BJ26: ='23'!G133 -> 663.94 | BK26: =SUM(AP26,AU26,AV26,AW26,AZ26,BE26,BF26,BG26)/H26% -> 49.869482 | BL26: =SUM(AS26,BC26)/H26% -> 13.470841 | BM26: =(AR26+BB26)/H26 -> 0.094926999 | BN26: =J26+N26+Q26+U26 -> 270129.48 | BO26: =SUM(AU26,AV26,AW26,BE26,BF26,BG26,BJ26) -> 7795.54 | BP26: =BO26/(AD26*280) -> 1.1782147
A27: 24 | B27: 24 | D27: ='24'!D3 -> 24 | E27: ='24'!D4 -> 0.77 | F27: ='24'!D2 -> 0.9 | G27: ='24'!G7 -> 20483 | H27: ='24'!G8 -> 20704 | I27: 9 | J27: =H27*I27 -> 186336 | K27: =H27/202 -> 102.49505 | L27: ='24'!G15 -> 1076 | M27: 56.2 | N27: =L27*M27 -> 60471.2 | O27: ='24'!G20 -> 234 | P27: 108 | Q27: =O27*P27 -> 25272 | R27: =O27/(F27*202/100) -> 128.71287 | S27: ='24'!G24 -> 0 | T27: 69 | U27: =S27*T27 -> 0 | V27: ='24'!G65 -> 89 | W27: ='24'!G66 -> 20 | X27: ='24'!G67 -> 31 | Y27: =V27+W27+X27 -> 140 | Z27: ='24'!G84 -> 0 | AA27: ='24'!G85 -> 24 | AB27: ='24'!G86 -> 0 | AC27: ='24'!G87 -> 0 | AD27: =Z27+AA27+AB27+AC27 -> 24 | AE27: =AU27+AV27+BE27+BF27 -> 4621 | AF27: =AE27/AD27 -> 192.54167 | AG27: ='24'!G88 -> 2.44 | AH27: ='24'!G89 -> 7.31 | AI27: ='24'!G90 -> 5.18 | AJ27: =AG27+AH27+AI27 -> 14.93 | AK27: ='24'!G91 -> 0 | AL27: ='24'!G92 -> 10.26 | AN27: =AK27+AL27 -> 10.26 | AO27: ='24'!G74 -> 299 | AP27: ='24'!G35 -> 1535 | AQ27: ='24'!G37 -> 1616 | AR27: ='24'!G38 -> 1954 | AS27: ='24'!G39 -> 2746 | AT27: ='24'!G40 -> 589 | AU27: ='24'!G41 -> 0 | AV27: ='24'!G42 -> 4621 | AW27: ='24'!G43 -> 2687 | AX27: ='24'!G44 -> 0 | AY27: ='24'!G36 -> 955 | AZ27: ='24'!G49 -> 1560 | BA27: ='24'!G51 -> 0 | BB27: ='24'!G52 -> 0 | BC27: ='24'!G53 -> 0 | BD27: ='24'!G54 -> 5 | BE27: ='24'!G55 -> 0 | BF27: ='24'!G56 -> 0 | BG27: ='24'!G57 -> 0 | BH27: ='24'!G50 -> 1032 | BI27: =SUM(AU27,AV27,BE27,BF27) -> 4621 | BJ27: ='24'!G133 -> 679 | BK27: =SUM(AP27,AU27,AV27,AW27,AZ27,BE27,BF27,BG27)/H27% -> 50.246329 | BL27: =SUM(AS27,BC27)/H27% -> 13.263138 | BM27: =(AR27+BB27)/H27 -> 0.094377898 | BN27: =J27+N27+Q27+U27 -> 272079.2 | BO27: =SUM(AU27,AV27,AW27,BE27,BF27,BG27,BJ27) -> 7987 | BP27: =BO27/(AD27*280) -> 1.1885417
A28: 25 | B28: 25 | D28: ='25'!D3 -> 24 | E28: ='25'!D4 -> 0.77 | F28: ='25'!D2 -> 0.9 | G28: ='25'!G7 -> 21895 | H28: ='25'!G8 -> 22043 | I28: 9 | J28: =H28*I28 -> 198387 | K28: =H28/202 -> 109.12376 | L28: ='25'!G15 -> 1177 | M28: 56.2 | N28: =L28*M28 -> 66147.4 | O28: ='25'!G20 -> 252 | P28: 108 | Q28: =O28*P28 -> 27216 | R28: =O28/(F28*202/100) -> 138.61386 | S28: ='25'!G24 -> 0 | T28: 69 | U28: =S28*T28 -> 0 | V28: ='25'!G65 -> 91 | W28: ='25'!G66 -> 24 | X28: ='25'!G67 -> 38 | Y28: =V28+W28+X28 -> 153 | Z28: ='25'!G84 -> 0 | AA28: ='25'!G85 -> 24 | AB28: ='25'!G86 -> 0 | AC28: ='25'!G87 -> 0 | AD28: =Z28+AA28+AB28+AC28 -> 24 | AE28: =AU28+AV28+BE28+BF28 -> 0 | AF28: =AE28/AD28 -> 0 | AG28: ='25'!G88 -> 9.03 | AH28: ='25'!G89 -> 0 | AI28: ='25'!G90 -> 7.85 | AJ28: =AG28+AH28+AI28 -> 16.88 | AK28: ='25'!G91 -> -0.32 | AL28: ='25'!G92 -> 12 | AN28: =AK28+AL28 -> 11.68 | AO28: ='25'!G74 -> 329 | AP28: ='25'!G35 -> 1650 | AQ28: ='25'!G37 -> 1632 | AR28: ='25'!G38 -> 2035 | AS28: ='25'!G39 -> 2850 | AT28: ='25'!G40 -> 481 | AU28: ='25'!G41 -> 0 | AW28: ='25'!G43 -> 2685 | AX28: ='25'!G44 -> 0 | AY28: ='25'!G36 -> 1168 | AZ28: ='25'!G49 -> 1593 | BA28: ='25'!G51 -> 0 | BB28: ='25'!G52 -> 0 | BC28: ='25'!G53 -> 0 | BD28: ='24'!G54 -> 5 | BE28: ='25'!G55 -> 0 | BF28: ='25'!G56 -> 0 | BG28: ='25'!G57 -> 0 | BH28: ='25'!G50 -> 1393 | BI28: =SUM(AU28,AV28,BE28,BF28) -> 0 | BJ28: ='25'!G133 -> 702 | BK28: =SUM(AP28,AU28,AV28,AW28,AZ28,BE28,BF28,BG28)/H28% -> 26.892891 | BL28: =SUM(AS28,BC28)/H28% -> 12.929275 | BM28: =(AR28+BB28)/H28 -> 0.092319557 | BN28: =J28+N28+Q28+U28 -> 291750.4 | BO28: =SUM(AU28,AV28,AW28,BE28,BF28,BG28,BJ28) -> 3387 | BP28: =BO28/(AD28*280) -> 0.50401786
A29: 26 | B29: 26 | D29: ='26'!D3 -> 24 | E29: ='26'!D4 -> 0.77 | F29: ='26'!D2 -> 0.83 | G29: ='26'!G7 -> 21937 | H29: ='26'!G8 -> 22149 | I29: 9 | J29: =H29*I29 -> 199341 | K29: =H29/202 -> 109.64851 | L29: ='26'!G15 -> 1237 | M29: 56.2 | N29: =L29*M29 -> 69519.4 | O29: ='26'!G20 -> 273 | P29: 108 | Q29: =O29*P29 -> 29484 | R29: =O29/(F29*202/100) -> 162.82954 | S29: ='26'!G24 -> 0 | T29: 69 | U29: =S29*T29 -> 0 | V29: ='26'!G65 -> 117 | W29: ='26'!G66 -> 28 | X29: ='26'!G67 -> 31 | Y29: =V29+W29+X29 -> 176 | Z29: ='26'!G84 -> 0 | AA29: ='26'!G85 -> 24.32 | AB29: ='26'!G86 -> 0 | AC29: ='26'!G87 -> 0 | AD29: =Z29+AA29+AB29+AC29 -> 24.32 | AE29: =AU29+AV29+BE29+BF29 -> 5089 | AF29: =AE29/AD29 -> 209.25164 | AG29: ='26'!G88 -> 11 | AH29: ='26'!G89 -> 0 | AI29: ='26'!G90 -> 5.89 | AJ29: =AG29+AH29+AI29 -> 16.89 | AK29: ='26'!G91 -> 0 | AL29: ='26'!G92 -> 11 | AN29: =AK29+AL29 -> 11 | AO29: ='26'!G74 -> 336 | AP29: ='26'!G35 -> 1816 | AQ29: ='26'!G37 -> 1597 | AR29: ='26'!G38 -> 1966 | AS29: ='26'!G39 -> 2728 | AT29: ='26'!G40 -> 424 | AU29: ='26'!G41 -> 0 | AV29: ='26'!G42 -> 5089 | AW29: ='26'!G43 -> 2682 | AX29: ='26'!G44 -> 0 | AY29: ='26'!G36 -> 1268 | AZ29: ='26'!G49 -> 1527 | BA29: ='26'!G51 -> 0 | BB29: ='26'!G52 -> 0 | BC29: ='26'!G53 -> 0 | BD29: ='26'!G54 -> 5 | BE29: ='26'!G55 -> 0 | BF29: ='26'!G56 -> 0 | BG29: ='26'!G57 -> 0 | BH29: ='26'!G50 -> 1428 | BI29: =SUM(AU29,AV29,BE29,BF29) -> 5089 | BJ29: ='26'!G133 -> 673 | BK29: =SUM(AP29,AU29,AV29,AW29,AZ29,BE29,BF29,BG29)/H29% -> 50.178338 | BL29: =SUM(AS29,BC29)/H29% -> 12.316583 | BM29: =(AR29+BB29)/H29 -> 0.088762472 | BN29: =J29+N29+Q29+U29 -> 298344.4 | BO29: =SUM(AU29,AV29,AW29,BE29,BF29,BG29,BJ29) -> 8444 | BP29: =BO29/(AD29*280) -> 1.2400141
A30: 27 | B30: 27 | D30: ='27'!D3 -> 25 | E30: ='27'!D4 -> 0.77 | F30: ='27'!D2 -> 0.76 | G30: ='27'!G7 -> 21552 | H30: ='27'!G8 -> 21761 | I30: 9 | J30: =H30*I30 -> 195849 | K30: =H30/202 -> 107.72772 | L30: ='27'!G15 -> 1125 | M30: 56.2 | N30: =L30*M30 -> 63225 | O30: ='27'!G20 -> 257 | P30: 108 | Q30: =O30*P30 -> 27756 | R30: =O30/(F30*202/100) -> 167.4049 | S30: ='27'!G24 -> 0 | T30: 69 | U30: =S30*T30 -> 0 | V30: ='27'!G65 -> 95 | W30: ='27'!G66 -> 19 | X30: ='27'!G67 -> 28 | Y30: =V30+W30+X30 -> 142 | Z30: ='27'!G84 -> 0 | AA30: ='27'!G85 -> 23.68 | AB30: ='27'!G86 -> 0 | AC30: ='27'!G87 -> 0 | AD30: =Z30+AA30+AB30+AC30 -> 23.68 | AE30: =AU30+AV30+BE30+BF30 -> 4970 | AF30: =AE30/AD30 -> 209.88176 | AG30: ='27'!G88 -> 11 | AH30: ='27'!G89 -> 0 | AI30: ='27'!G90 -> 5.46 | AJ30: =AG30+AH30+AI30 -> 16.46 | AK30: ='27'!G91 -> 0 | AL30: ='27'!G92 -> 11 | AN30: =AK30+AL30 -> 11 | AO30: ='27'!G74 -> 311 | AP30: ='27'!G35 -> 1834 | AQ30: ='27'!G37 -> 1580 | AR30: ='27'!G38 -> 1959 | AS30: ='27'!G39 -> 2857 | AT30: ='27'!G40 -> 773 | AU30: ='27'!G41 -> 0 | AV30: ='27'!G42 -> 4970 | AW30: ='27'!G43 -> 2703 | AX30: ='27'!G44 -> 0 | AY30: ='27'!G36 -> 880 | AZ30: ='27'!G49 -> 1531 | BA30: ='27'!G51 -> 0 | BB30: ='27'!G52 -> 0 | BC30: ='27'!G53 -> 0 | BD30: ='27'!G54 -> 4 | BE30: ='27'!G55 -> 0 | BF30: ='27'!G56 -> 0 | BG30: ='27'!G57 -> 0 | BH30: ='27'!G50 -> 1298 | BI30: =SUM(AU30,AV30,BE30,BF30) -> 4970 | BJ30: ='27'!G133 -> 657 | BK30: =SUM(AP30,AU30,AV30,AW30,AZ30,BE30,BF30,BG30)/H30% -> 50.723772 | BL30: =SUM(AS30,BC30)/H30% -> 13.128992 | BM30: =(AR30+BB30)/H30 -> 0.090023436 | BN30: =J30+N30+Q30+U30 -> 286830 | BO30: =SUM(AU30,AV30,AW30,BE30,BF30,BG30,BJ30) -> 8330 | BP30: =BO30/(AD30*280) -> 1.2563345
A31: 28 | B31: 28 | D31: ='28'!D3 -> 28 | E31: ='28'!D4 -> 0.78 | F31: ='28'!D2 -> 0.92 | G31: ='28'!G7 -> 21069.62 | H31: ='28'!G8 -> 21245.88 | I31: 9 | J31: =H31*I31 -> 191212.92 | K31: =H31/202 -> 105.17762 | L31: ='28'!G15 -> 1026.03 | M31: 56.2 | N31: =L31*M31 -> 57662.886 | O31: ='28'!G20 -> 291 | P31: 108 | Q31: =O31*P31 -> 31428 | R31: =O31/(F31*202/100) -> 156.58631 | S31: ='28'!G24 -> 0 | T31: 69 | U31: =S31*T31 -> 0 | V31: ='28'!G65 -> 134 | W31: ='28'!G66 -> 16 | X31: ='28'!G67 -> 26 | Y31: =V31+W31+X31 -> 176 | Z31: ='28'!G84 -> -0.15 | AA31: ='28'!G85 -> 24.07 | AB31: ='28'!G86 -> -0.47 | AC31: ='28'!G87 -> 0 | AD31: =Z31+AA31+AB31+AC31 -> 23.45 | AE31: =AU31+AV31+BE31+BF31 -> 4561.43 | AF31: =AE31/AD31 -> 194.51727 | AG31: ='28'!G88 -> 1.87 | AH31: ='28'!G89 -> 7.94 | AI31: ='28'!G90 -> 5.93 | AJ31: =AG31+AH31+AI31 -> 15.74 | AK31: ='28'!G91 -> 0 | AL31: ='28'!G92 -> 11.68 | AN31: =AK31+AL31 -> 11.68 | AO31: ='28'!G74 -> 325.921 | AP31: ='28'!G35 -> 1836.27 | AQ31: ='28'!G37 -> 1536.23 | AR31: ='28'!G38 -> 1967.49 | AS31: ='28'!G39 -> 2740.43 | AT31: ='28'!G40 -> 982.77 | AU31: ='28'!G41 -> 0 | AV31: ='28'!G42 -> 4561.43 | AW31: ='28'!G43 -> 2482.07 | AX31: ='28'!G44 -> 0 | AY31: ='28'!G36 -> 766.94 | AZ31: ='28'!G49 -> 1484.41 | BA31: ='28'!G51 -> 0 | BB31: ='28'!G52 -> 0 | BC31: ='28'!G53 -> 0 | BD31: ='28'!G54 -> 4.4 | BE31: ='28'!G55 -> 0 | BF31: ='28'!G56 -> 0 | BG31: ='28'!G57 -> 0 | BH31: ='28'!G50 -> 1148.2 | BI31: =SUM(AU31,AV31,BE31,BF31) -> 4561.43 | BJ31: ='28'!G133 -> 658.93 | BK31: =SUM(AP31,AU31,AV31,AW31,AZ31,BE31,BF31,BG31)/H31% -> 48.78207 | BL31: =SUM(AS31,BC31)/H31% -> 12.898642 | BM31: =(AR31+BB31)/H31 -> 0.092605719 | BN31: =J31+N31+Q31+U31 -> 280303.81 | BO31: =SUM(AU31,AV31,AW31,BE31,BF31,BG31,BJ31) -> 7702.43 | BP31: =BO31/(AD31*280) -> 1.173078
A32: 29 | B32: 29 | D32: ='29'!D3 -> 28 | E32: ='29'!D4 -> 0.8 | F32: ='29'!D2 -> 0.45 | G32: ='29'!G7 -> 19332.18 | H32: ='29'!G8 -> 19408.33 | I32: 9 | J32: =H32*I32 -> 174674.97 | K32: =H32/202 -> 96.080842 | L32: ='29'!G15 -> 1018.34 | M32: 56.2 | N32: =L32*M32 -> 57230.708 | O32: ='29'!G20 -> 273 | P32: 108 | Q32: =O32*P32 -> 29484 | R32: =O32/(F32*202/100) -> 300.33003 | S32: ='29'!G24 -> 0 | T32: 69 | U32: =S32*T32 -> 0 | V32: ='29'!G65 -> 104 | W32: ='29'!G66 -> 20 | X32: ='29'!G67 -> 28 | Y32: =V32+W32+X32 -> 152 | Z32: ='29'!G84 -> 0.01 | AA32: ='29'!G85 -> 23.52 | AB32: ='29'!G86 -> 0.07 | AC32: ='29'!G87 -> 0 | AD32: =Z32+AA32+AB32+AC32 -> 23.6 | AE32: =AU32+AV32+BE32+BF32 -> 4224.4 | AF32: =AE32/AD32 -> 179 | AG32: ='29'!G88 -> 0.19 | AH32: ='29'!G89 -> 9.32 | AI32: ='29'!G90 -> 5.1 | AJ32: =AG32+AH32+AI32 -> 14.61 | AK32: ='29'!G91 -> 0 | AL32: ='29'!G92 -> 11.45 | AN32: =AK32+AL32 -> 11.45 | AO32: ='29'!G74 -> 326.399 | AP32: ='29'!G35 -> 1871.72 | AQ32: ='29'!G37 -> 1544.48 | AR32: ='29'!G38 -> 1870.58 | AS32: ='29'!G39 -> 2727.32 | AT32: ='29'!G40 -> 381.9 | AU32: ='29'!G41 -> 0 | AV32: ='29'!G42 -> 4224.94 | AW32: ='29'!G43 -> 2459.92 | AX32: ='29'!G44 -> 0 | AY32: ='29'!G36 -> 817.23 | AZ32: ='29'!G49 -> 1433.84 | BA32: ='29'!G51 -> 0 | BB32: ='29'!G52 -> 0 | BC32: ='29'!G53 -> 0 | BD32: ='29'!G54 -> 4.36 | BE32: ='29'!G55 -> 0 | BF32: ='29'!G56 -> -0.54 | BG32: ='29'!G57 -> 0 | BH32: ='29'!G50 -> 950.4 | BI32: =SUM(AU32,AV32,BE32,BF32) -> 4224.4 | BJ32: ='29'!G133 -> 707.36 | BK32: =SUM(AP32,AU32,AV32,AW32,AZ32,BE32,BF32,BG32)/H32% -> 51.472126 | BL32: =SUM(AS32,BC32)/H32% -> 14.052317 | BM32: =(AR32+BB32)/H32 -> 0.096380266 | BN32: =J32+N32+Q32+U32 -> 261389.68 | BO32: =SUM(AU32,AV32,AW32,BE32,BF32,BG32,BJ32) -> 7391.68 | BP32: =BO32/(AD32*280) -> 1.1185956
A33: 30 | B33: 30 | D33: ='30'!D3 -> 28 | E33: ='30'!D4 -> 0.8 | F33: ='30'!D2 -> 0.98 | G33: ='30'!G7 -> 24000 | H33: ='30'!G8 -> 24000 | I33: 9 | J33: =H33*I33 -> 216000 | K33: =H33/202 -> 118.81188 | L33: ='30'!G15 -> 1100 | M33: 56.2 | N33: =L33*M33 -> 61820 | O33: ='30'!G20 -> -1309 | P33: 108 | Q33: =O33*P33 -> -141372 | R33: =O33/(F33*202/100) -> -661.2447 | S33: ='30'!G24 -> 0 | T33: 69 | U33: =S33*T33 -> 0 | V33: ='30'!G65 -> -3054 | W33: ='30'!G66 -> -578 | X33: ='30'!G67 -> -851 | Y33: =V33+W33+X33 -> -4483 | Z33: ='30'!G84 -> -46.7 | AA33: ='30'!G85 -> -580.03 | AB33: ='30'!G86 -> -0.07 | AC33: ='30'!G87 -> -178.15 | AD33: =Z33+AA33+AB33+AC33 -> -804.95 | AE33: =AU33+AV33+BE33+BF33 -> 1016572.3 | AF33: =AE33/AD33 -> -1262.9011 | AG33: ='30'!G88 -> -88.57 | AH33: ='30'!G89 -> -223.77 | AI33: ='30'!G90 -> -193.76 | AJ33: =AG33+AH33+AI33 -> -506.1 | AK33: ='30'!G91 -> 0 | AL33: ='30'!G92 -> -322.23 | AN33: =AK33+AL33 -> -322.23 | AO33: ='30'!G74 -> -9203.271 | AP33: ='30'!G35 -> -55352.36 | AQ33: ='30'!G37 -> -46682.97 | AR33: ='30'!G38 -> -57818.02 | AS33: ='30'!G39 -> -83941.46 | AT33: ='30'!G40 -> -5337.45 | AU33: ='30'!G41 -> 590513.71 | AV33: ='30'!G42 -> 244153.62 | AW33: ='30'!G43 -> 1486606.6 | AX33: ='30'!G44 -> 0 | AY33: ='30'!G36 -> 59641.53 | AZ33: ='30'!G49 -> -48860.92 | BA33: ='30'!G51 -> 0 | BB33: ='30'!G52 -> 0 | BC33: ='30'!G53 -> 0 | BD33: ='30'!G54 -> -143.48 | BE33: ='30'!G55 -> 0 | BF33: ='30'!G56 -> 181904.95 | BG33: ='30'!G57 -> 0 | BH33: ='30'!G50 -> 700698.59 | BI33: =SUM(AU33,AV33,BE33,BF33) -> 1016572.3 | BJ33: ='30'!G133 -> -22993.87 | BK33: =SUM(AP33,AU33,AV33,AW33,AZ33,BE33,BF33,BG33)/H33% -> 9995.69 | BL33: =SUM(AS33,BC33)/H33% -> -349.75608 | BM33: =(AR33+BB33)/H33 -> -2.4090842 | BN33: =J33+N33+Q33+U33 -> 136448 | BO33: =SUM(AU33,AV33,AW33,BE33,BF33,BG33,BJ33) -> 2480185 | BP33: =BO33/(AD33*280) -> -11.004166
A34: 31 | B34: 31 | D34: 30 | E34: ='30'!D5 -> Unit | F34: ='30'!D3 -> 28 | G34: ='31'!G7 -> 24000 | H34: ='31'!G8 -> 24000 | I34: 9 | J34: =H34*I34 -> 216000 | K34: =H34/202 -> 118.81188 | L34: ='31'!G15 -> 1100 | M34: 56.2 | N34: =L34*M34 -> 61820 | O34: ='31'!G20 -> -1467 | P34: 108 | Q34: =O34*P34 -> -158436 | R34: =O34/(F34*202/100) -> -25.937058 | S34: ='30'!G25 -> 0 | T34: 70 | U34: =S34*T34 -> 0 | V34: ='31'!G65 -> -3158 | W34: ='31'!G66 -> -629 | X34: ='31'!G67 -> -840 | Y34: =V34+W34+X34 -> -4627 | Z34: ='31'!G84 -> -43 | AA34: ='31'!G85 -> -198.56 | AB34: ='31'!G86 -> 0 | AC34: ='31'!G87 -> -672.4 | AD34: =Z34+AA34+AB34+AC34 -> -913.96 | AE34: =AU34+AV34+BE34+BF34 -> -201413.86 | AF34: =AE34/AD34 -> 220.37492 | AG34: ='31'!G88 -> -118.92 | AH34: ='31'!G89 -> -182.11 | AI34: ='31'!G90 -> -172.86 | AJ34: =AG34+AH34+AI34 -> -473.89 | AK34: ='31'!G91 -> 0.32 | AL34: ='31'!G92 -> -304.08 | AN34: =AK34+AL34 -> -303.76 | AO34: ='31'!G74 -> -8667.818 | AP34: ='31'!G35 -> -61059.96 | AQ34: ='31'!G37 -> -48452.91 | AR34: ='31'!G38 -> -55781.01 | AS34: ='31'!G39 -> -88282.24 | AT34: ='31'!G40 -> -85.85 | AU34: ='31'!G41 -> -8654.88 | AV34: ='31'!G42 -> -45084.32 | AW34: ='31'!G43 -> -82511.2 | AX34: ='31'!G44 -> 0 | AY34: ='31'!G36 -> -29524.03 | AZ34: ='31'!G49 -> -47782.94 | BA34: ='31'!G51 -> 0 | BB34: ='31'!G52 -> 0 | BC34: ='31'!G53 -> 0 | BD34: ='31'!G54 -> -163.79 | BE34: ='31'!G55 -> 0 | BF34: ='31'!G56 -> -147674.66 | BG34: ='31'!G57 -> 0 | BH34: ='31'!G50 -> -38860.88 | BI34: =SUM(AU34,AV34,BE34,BF34) -> -201413.86 | BJ34: ='31'!G133 -> -22625.13 | BK34: =SUM(AP34,AU34,AV34,AW34,AZ34,BE34,BF34,BG34)/H34% -> -1636.5332 | BL34: =SUM(AS34,BC34)/H34% -> -367.84267 | BM34: =(AR34+BB34)/H34 -> -2.3242087 | BN34: =J34+N34+Q34+U34 -> 119384 | BO34: =SUM(AU34,AV34,AW34,BE34,BF34,BG34,BJ34) -> -306550.19 | BP34: =BO34/(AD34*280) -> 1.1978884
A35: Total | D35: =AVERAGE(D4:D34) -> 26.645161 | F35: =AVERAGE(F4:F34) -> 1.6112581 | G35: =SUM(G4:G34) -> 702265.8 | H35: =SUM(H4:H34) -> 710334.21 | I35: 9 | J35: =SUM(J4:J34) -> 6393007.9 | K35: =SUM(K4:K34) -> 3516.506 | L35: =SUM(L4:L34) -> 35497.37 | M35: =SUM(M4:M34) -> 1742.2 | N35: =SUM(N4:N34) -> 1994952.2 | O35: =SUM(O4:O34) -> 4863 | P35: =SUM(P4:P34) -> 3348 | Q35: =SUM(Q4:Q34) -> 525204 | ... BN35: =SUM(BN4:BN34) -> 8913164.1 | BO35: =SUM(AU35,AV35,AW35,BE35,BF35,BG35,BJ35) -> 2422721.1 | BP35: =BO35/(AD35*280) -> -9.4671268
B36: =B18-B17 -> 1 | C36: =C18-C17 -> 0 | D36: =D18-D17 -> 0 | E36: =E18-E17 -> -0.05 | F36: =F18-F17 -> -0.04 | H36: =H18-H17 -> 525 | I36: =I18-I17 -> 0 | J36: =J18-J17 -> 4725 | K36: =K18-K17 -> 2.5990099 | L36: =L18-L17 -> 54.13 | M36: =M18-M17 -> 0 | N36: =N18-N17 -> 3042.106 | O36: =O18-O17 -> -52 | ... AN36: =AN18-AN17 -> 0.03 | AP36: =AP18-AP17 -> -85 | AQ36: =AQ18-AQ17 -> -55 | AR36: =AR18-AR17 -> -98 | AS36: =AS18-AS17 -> -83 | AT36: =AT18-AT17 -> -4 | AU36: =AU18-AU17 -> 0 | AV36: =AV18-AV17 -> 3142 | AW36: =AW18-AW17 -> -20 | AZ36: =AZ18-AZ17 -> -8 | BA36: =BA18-BA17 -> 0 | BB36: =BB18-BB17 -> 0 | BC36: =BC18-BC17 -> 0 | BD36: =BD18-BD17 -> 1 | BE36: =BE18-BE17 -> 0 | BF36: =BF18-BF17 -> -1874 | BG36: =BG18-BG17 -> 0 | BK36: =BK18-BK17 -> 3.8762984 | BL36: =BL18-BL17 -> -0.64367341 | BN36: =BN18-BN17 -> 2151.106 | BO36: =BO18-BO17 -> 1233
F37: =AVERAGE(F4:F35) -> 1.6112581 | H37: =AVERAGE(H4:H35) -> 44395.888
B38: Guest complaint | F38: =AVERAGE(F4:F35) -> 1.6112581
BI41: =(BI31+BJ31)/400 -> 13.0509

Sheet Occupancy
B1: Hotel Paid Occupancy Occ% | C1: Room Nights | D1: Comp Night | E1: Cummulative % | F1: Total Covers Guests | G1: Total Room Nights | H1: Paid occ % | J1: KWH/Room
A2: 1 | B2: =C2/202% -> 79.207921 | C2: 160 | D2: 11 | E2: =SUM(C2:D2)/202% -> 84.653465 | F2: 657 | G2: =C2+D2 -> 171 | H2: =C2/202% -> 79.207921 | J2: ='Section Load'!C5/G2 -> 134.4386 | K2: =10/202 -> 0.04950495
A3: 2 | B3: =C3/202% -> 80.19802 | C3: 162 | D3: 7 | E3: =SUM(C3:D3)/202% -> 83.663366 | F3: 524 | G3: =C3+D3 -> 169 | H3: =C3/202% -> 80.19802 | J3: ='Section Load'!C6/G3 -> 128.2071
A4: 3 | B4: =C4/202% -> 85.643564 | C4: 173 | D4: 5 | E4: =SUM(C4:D4)/202% -> 88.118812 | F4: 986 | G4: =C4+D4 -> 178 | H4: =C4/202% -> 85.643564 | J4: ='Section Load'!C7/G4 -> 132.81051 | Q4: =C2/202 -> 0.79207921
A5: 4 | B5: =C5/202% -> 55.940594 | C5: 113 | D5: 3 | E5: =SUM(C5:D5)/202% -> 57.425743 | F5: 562 | G5: =C5+D5 -> 116 | H5: =C5/202% -> 55.940594 | J5: ='Section Load'!C8/G5 -> 218.20379
A6: 5 | B6: =C6/202% -> 82.673267 | C6: 167 | D6: 5 | E6: =SUM(C6:D6)/202% -> 85.148515 | F6: 1366 | G6: =C6+D6 -> 172 | H6: =C6/202% -> 82.673267 | J6: ='Section Load'!C9/G6 -> 135.68023
A7: 6 | B7: =C7/202% -> 54.455446 | C7: 110 | D7: 4 | E7: =SUM(C7:D7)/202% -> 56.435644 | F7: 550 | G7: =C7+D7 -> 114 | H7: =C7/202% -> 54.455446 | J7: ='Section Load'!C10/G7 -> 194.08
A8: 7 | B8: =C8/202% -> 76.237624 | C8: 154 | D8: 4 | E8: =SUM(C8:D8)/202% -> 78.217822 | F8: 459 | G8: =C8+D8 -> 158 | H8: =C8/202% -> 76.237624 | J8: ='Section Load'!C11/G8 -> 159.79443
A9: 8 | B9: =C9/202% -> 68.316832 | C9: 138 | D9: 5 | E9: =SUM(C9:D9)/202% -> 70.792079 | F9: 892 | G9: =C9+D9 -> 143 | H9: =C9/202% -> 68.316832 | J9: ='Section Load'!C12/G9 -> 173.02322
A10: 9 | B10: =C10/202% -> 71.287129 | C10: 144 | D10: 5 | E10: =SUM(C10:D10)/202% -> 73.762376 | F10: 1371 | G10: =C10+D10 -> 149 | H10: =C10/202% -> 71.287129 | J10: ='Section Load'!C13/G10 -> 170.65188
A11: 10 | B11: =C11/202% -> 66.336634 | C11: 134 | D11: 6 | E11: =SUM(C11:D11)/202% -> 69.306931 | F11: 855 | G11: =C11+D11 -> 140 | H11: =C11/202% -> 66.336634 | J11: ='Section Load'!C14/G11 -> 174.14286
A12: 11 | B12: =C12/202% -> 74.752475 | C12: 151 | D12: 7 | E12: =SUM(C12:D12)/202% -> 78.217822 | F12: 2169 | G12: =C12+D12 -> 158 | H12: =C12/202% -> 74.752475 | J12: ='Section Load'!C15/G12 -> 154.68987
A13: 12 | B13: =C13/202% -> 59.90099 | C13: 121 | D13: 5 | E13: =SUM(C13:D13)/202% -> 62.376238 | F13: 1260 | G13: =C13+D13 -> 126 | H13: =C13/202% -> 59.90099 | J13: ='Section Load'!C16/G13 -> 198.71429
A14: 13 | B14: =C14/202% -> 65.346535 | C14: 132 | D14: 6 | E14: =SUM(C14:D14)/202% -> 68.316832 | F14: 1291 | G14: =C14+D14 -> 138 | H14: =C14/202% -> 65.346535 | J14: ='Section Load'!C17/G14 -> 171.62319
A15: 14 | B15: =C15/202% -> 53.465347 | C15: 108 | D15: 6 | E15: =SUM(C15:D15)/202% -> 56.435644 | F15: 789 | G15: =C15+D15 -> 114 | H15: =C15/202% -> 53.465347 | J15: ='Section Load'!C18/G15 -> 202.27193
A16: 15 | B16: =C16/202% -> 73.762376 | C16: 149 | D16: 6 | E16: =SUM(C16:D16)/202% -> 76.732673 | F16: 1047 | G16: =C16+D16 -> 155 | H16: =C16/202% -> 73.762376 | J16: ='Section Load'!C19/G16 -> 152.15484
... A22: 21 | B22: =C22/202% -> 68.316832 | C22: 138 | D22: 7 | E22: =SUM(C22:D22)/202% -> 71.782178 | F22: 1093 | G22: =C22+D22 -> 145 | H22: =C22/202% -> 68.316832 | J22: ='Section Load'!C25/G22 -> 145.10897
A23: 22 | B23: 83 | C23: 143 | D23: 6 | E23: =SUM(C23:D23)/202% -> 73.762376 | F23: 579 | G23: =C23+D23 -> 149 | H23: =C23/202% -> 70.792079 | J23: ='Section Load'!C26/G23 -> 139.4502
A24: 23 | B24: 98 | C24: 124 | D24: 6 | E24: =SUM(C24:D24)/202% -> 64.356436 | F24: 709 | G24: =C24+D24 -> 130 | H24: =C24/202% -> 61.386139 | J24: ='Section Load'!C27/G24 -> 156.68315
A25: 24 | B25: =C25/202% -> 66.336634 | C25: 134 | D25: 9 | E25: =SUM(C25:D25)/202% -> 70.792079 | F25: 924 | G25: =C25+D25 -> 143 | H25: =C25/202% -> 66.336634 | J25: ='Section Load'!C28/G25 -> 144.78322
A26: 25 | B26: =C26/202% -> 67.326733 | C26: 136 | D26: 9 | E26: =SUM(C26:D26)/202% -> 71.782178 | F26: 674 | G26: =C26+D26 -> 145 | H26: =C26/202% -> 67.326733 | J26: ='Section Load'!C29/G26 -> 152.02069
A27: 26 | B27: =C27/202% -> 59.405941 | C27: 120 | D27: 6 | E27: =SUM(C27:D27)/202% -> 62.376238 | F27: 576 | G27: =C27+D27 -> 126 | H27: =C27/202% -> 59.405941 | J27: ='Section Load'!C30/G27 -> 175.78571
A28: 27 | B28: =C28/202% -> 55.445545 | C28: 112 | D28: 6 | E28: =SUM(C28:D28)/202% -> 58.415842 | F28: 519 | G28: =C28+D28 -> 118 | H28: =C28/202% -> 55.445545 | J28: ='Section Load'!C31/G28 -> 184.41525
A29: 28 | B29: =C29/202% -> 48.514851 | C29: 98 | D29: 6 | E29: =SUM(C29:D29)/202% -> 51.485149 | F29: 1499 | G29: =C29+D29 -> 104 | H29: =C29/202% -> 48.514851 | J29: ='Section Load'!C32/G29 -> 204.28731
A30: 29 | B30: =C30/202% -> 62.871287 | C30: 127 | D30: 6 | E30: =SUM(C30:D30)/202% -> 65.841584 | F30: 511 | G30: =C30+D30 -> 133 | H30: =C30/202% -> 62.871287 | J30: ='Section Load'!C33/G30 -> 145.92729
A31: 30 | B31: =C31/202% -> 0 | E31: =SUM(C31:D31)/202% -> 0 | G31: =C31+D31 -> 0 | H31: =C31/202% -> 0 | J31: ='Section Load'!C34/G31 -> #DIV/0!
A32: 31 | B32: =C32/202% -> 0 | H32: =C32/202% -> 0 | J32: ='Section Load'!C35/G32 -> #DIV/0!
A33: Average | B33: =AVERAGE(B2:B31) -> 67.056436 | C33: =AVERAGE(C2:C31) -> 136.72414 | D33: =AVERAGE(D2:D31) -> 6.2758621 | E33: =AVERAGE(E2:E31) -> 68.432343 | F33: =AVERAGE(F2:F31) -> 911.89655 | G33: =AVERAGE(G2:G31) -> 138.23333 | H33: =AVERAGE(H2:H31) -> 65.429043

Sheet Water Report
C3: Date | D3: 1 | E3: 2 | F3: 3 | G3: 4 | H3: 5 | I3: 6 | J3: 7 | K3: 8 | L3: 9 | M3: 10 | N3: 11 | O3: 12 | P3: 13 | Q3: 14 | R3: 15 | S3: 16 | T3: 17 | U3: 18 | V3: 19 | W3: 20 | X3: 21 | Y3: 22 | Z3: 23 | AA3: 24 | AB3: 25 | AC3: 26 | AD3: 27 | AE3: 28 | AF3: 29 | AG3: 30 | AH3: 31
C4: occupancy | D4: =Occupancy!B2 -> 79.207921 | E4: =Occupancy!B3 -> 80.19802 | F4: =Occupancy!C3 -> 162 | G4: =Occupancy!D3 -> 7 | H4: =Occupancy!E3 -> 83.663366 | I4: =Occupancy!F3 -> 524 | J4: =Occupancy!G3 -> 169 | K4: =Occupancy!H3 -> 80.19802 | L4: =Occupancy!I3 -> 0 | ... AH4: =Occupancy!AE3 -> 0
C5: Tanker | D5: ='1'!G18 -> 160 | E5: ='2'!G18 -> 200 | F5: ='3'!G18 -> 230 | G5: ='4'!G18 -> 200 | H5: ='5'!G18 -> 200 | I5: ='6'!G18 -> 200 | J5: ='7'!G18 -> 180 | K5: ='8'!G18 -> 220 | L5: ='9'!G18 -> 240 | M5: ='10'!G18 -> 220 | N5: ='11'!G18 -> 220 | O5: ='12'!G18 -> 240 | P5: ='13'!G18 -> 240 | Q5: ='14'!G18 -> 240 | R5: ='15'!G18 -> 190 | S5: ='16'!G18 -> 220 | T5: ='17'!G18 -> 180 | U5: ='18 '!G18 -> 220 | V5: ='19'!G18 -> 220 | W5: ='20'!G18 -> 220 | X5: ='21'!G18 -> 220 | Y5: ='22'!G18 -> 190 | Z5: ='23'!G18 -> 200 | AA5: ='24'!G18 -> 180 | AB5: ='25'!G18 -> 200 | AC5: ='26'!G18 -> 220 | AD5: ='27'!G18 -> 200 | AE5: ='28'!G18 -> 240 | AF5: ='29'!G18 -> 220 | AG5: ='30'!G18 -> 220 | AH5: ='31'!G18 -> 200
C6: BMC | D6: ='1'!G19 -> 52 | E6: ='2'!G19 -> 54 | F6: ='3'!G19 -> 55 | G6: ='4'!G19 -> 54 | H6: ='5'!G19 -> 53 | I6: ='6'!G19 -> 53 | J6: ='7'!G19 -> 53 | K6: ='8'!G19 -> 53 | L6: ='9'!G19 -> 55 | M6: ='10'!G19 -> 51 | N6: ='11'!G19 -> 54 | O6: ='12'!G19 -> 54 | P6: ='13'!G19 -> 54 | Q6: ='14'!G19 -> 52 | R6: ='15'!G19 -> 50 | S6: ='16'!G19 -> 48 | T6: ='17'!G19 -> 54 | U6: ='18 '!G19 -> 53 | V6: ='19'!G19 -> 53 | W6: ='20'!G19 -> 53 | X6: ='21'!G19 -> 51 | Y6: ='22'!G19 -> 51 | Z6: ='23'!G19 -> 49 | AA6: ='24'!G19 -> 54 | AB6: ='25'!G19 -> 52 | AC6: ='26'!G19 -> 53 | AD6: ='27'!G19 -> 57 | AE6: ='28'!G19 -> 51 | AF6: ='29'!G19 -> 53 | AG6: ='30'!G19 -> -1529 | AH6: ='31'!G19 -> -1667
C7: R.O. Plant Production | D7: ='1'!G62 -> 108 | E7: ='2'!G62 -> 116 | F7: ='3'!G62 -> 128 | G7: ='4'!G62 -> 118 | H7: ='5'!G62 -> 133 | I7: ='6'!G62 -> 107 | J7: ='7'!G62 -> 103 | K7: ='8'!G62 -> 133 | L7: ='9'!G62 -> 141 | M7: ='10'!G62 -> 129 | N7: ='11'!G62 -> 116 | O7: ='12'!G62 -> 144 | P7: ='13'!G62 -> 146 | Q7: ='14'!G62 -> 143 | R7: ='15'!G62 -> 106 | S7: ='16'!G62 -> 112 | T7: ='17'!G62 -> 126 | U7: ='18 '!G62 -> 134 | V7: ='19'!G62 -> 130 | W7: ='20'!G62 -> 124 | X7: ='21'!G62 -> 117 | Y7: ='22'!G62 -> 120 | Z7: ='23'!G62 -> 120 | AA7: ='24'!G62 -> 110 | AB7: ='25'!G62 -> 121 | AC7: ='26'!G62 -> 145 | AD7: ='27'!G62 -> 123 | AE7: ='28'!G62 -> 138 | AF7: ='29'!G62 -> 131 | AG7: ='30'!G62 -> -3622 | AH7: ='31'!G62 -> -3647
C8: STP Production | D8: ='1'!G63 -> 94 | E8: ='2'!G63 -> 102 | F8: ='3'!G63 -> 107 | G8: ='4'!G63 -> 83 | H8: ='5'!G63 -> 137 | I8: ='6'!G63 -> 120 | J8: ='7'!G63 -> 123 | K8: ='8'!G63 -> 110 | L8: ='9'!G63 -> 80 | M8: ='10'!G63 -> 100 | N8: ='11'!G63 -> 126 | O8: ='12'!G63 -> 130 | P8: ='13'!G63 -> 125 | Q8: ='14'!G63 -> 82 | R8: ='15'!G63 -> 81 | S8: ='16'!G63 -> 88 | T8: ='17'!G63 -> 120 | U8: ='18 '!G63 -> 108 | V8: ='19'!G63 -> 86 | W8: ='20'!G63 -> 119 | X8: ='21'!G63 -> 72 | Y8: ='22'!G63 -> 80 | Z8: ='23'!G63 -> 66 | AA8: ='24'!G63 -> 71 | AB8: ='25'!G63 -> 125 | AC8: ='26'!G63 -> 94 | AD8: ='27'!G63 -> 58 | AE8: ='28'!G63 -> 104.1 | AF8: ='29'!G63 -> 75.9 | AG8: ='30'!G63 -> -2867 | AH8: ='31'!G63 -> -3105
B9: Domestic Water | C9: Zone-1 | D9: ='1'!G65 -> 86 | E9: ='2'!G65 -> 98 | F9: ='3'!G65 -> 89 | G9: ='4'!G65 -> 109 | H9: ='5'!G65 -> 105 | I9: ='6'!G65 -> 88 | J9: ='7'!G65 -> 102 | K9: ='8'!G65 -> 113 | L9: ='9'!G65 -> 132 | M9: ='10'!G65 -> 106 | N9: ='11'!G65 -> 104 | O9: ='12'!G65 -> 105 | P9: ='13'!G65 -> 152 | Q9: ='14'!G65 -> 105 | R9: ='15'!G65 -> 106 | S9: ='16'!G65 -> 93 | T9: ='17'!G65 -> 111 | U9: ='18 '!G65 -> 125 | V9: ='19'!G65 -> 117 | W9: ='20'!G65 -> 77 | X9: ='21'!G65 -> 97 | Y9: ='22'!G65 -> 105 | Z9: ='23'!G65 -> 99 | AA9: ='24'!G65 -> 89 | AB9: ='25'!G65 -> 91 | AC9: ='26'!G65 -> 117 | AD9: ='27'!G65 -> 95 | AE9: ='28'!G65 -> 134 | AF9: ='29'!G65 -> 104 | AG9: ='30'!G65 -> -3054 | AH9: ='31'!G65 -> -3158
C10: Zone-2 | D10: ='1'!G66 -> 18 | E10: ='2'!G66 -> 21 | F10: ='3'!G66 -> 27 | G10: ='4'!G66 -> 29 | H10: ='5'!G66 -> 26 | I10: ='6'!G66 -> 16 | J10: ='7'!G66 -> 17 | K10: ='8'!G66 -> 19 | L10: ='9'!G66 -> 14 | M10: ='10'!G66 -> 14 | N10: ='11'!G66 -> 20 | O10: ='12'!G66 -> 21 | P10: ='13'!G66 -> 19 | Q10: ='14'!G66 -> 18 | R10: ='15'!G66 -> 13 | S10: ='16'!G66 -> 19 | T10: ='17'!G66 -> 19 | U10: ='18 '!G66 -> 21 | V10: ='19'!G66 -> 23 | W10: ='20'!G66 -> 17 | X10: ='21'!G66 -> 17 | Y10: ='22'!G66 -> 18 | Z10: ='23'!G66 -> 25 | AA10: ='24'!G66 -> 20 | AB10: ='25'!G66 -> 24 | AC10: ='26'!G66 -> 28 | AD10: ='27'!G66 -> 19 | AE10: ='28'!G66 -> 16 | AF10: ='29'!G66 -> 20 | AG10: ='30'!G66 -> -578 | AH10: ='31'!G66 -> -629
C11: Zone-3 | D11: ='1'!G67 -> 25 | E11: ='2'!G67 -> 29 | F11: ='3'!G67 -> 29 | G11: ='4'!G67 -> 32 | H11: ='5'!G67 -> 31 | I11: ='6'!G67 -> 25 | J11: ='7'!G67 -> 31 | K11: ='8'!G67 -> 29 | L11: ='9'!G67 -> 34 | M11: ='10'!G67 -> 29 | N11: ='11'!G67 -> 34 | O11: ='12'!G67 -> 33 | P11: ='13'!G67 -> 30 | Q11: ='14'!G67 -> 32 | R11: ='15'!G67 -> 20 | S11: ='16'!G67 -> 23 | T11: ='17'!G67 -> 31 | U11: ='18 '!G67 -> 30 | V11: ='19'!G67 -> 34 | W11: ='20'!G67 -> 26 | X11: ='21'!G67 -> 27 | Y11: ='22'!G67 -> 27 | Z11: ='23'!G67 -> 28 | AA11: ='24'!G67 -> 31 | AB11: ='25'!G67 -> 38 | AC11: ='26'!G67 -> 31 | AD11: ='27'!G67 -> 28 | AE11: ='28'!G67 -> 26 | AF11: ='29'!G67 -> 28 | AG11: ='30'!G67 -> -851 | AH11: ='31'!G67 -> -840
B13: Flushing Water | C13: Zone-1 | D13: ='1'!G68 -> 34 | E13: ='2'!G68 -> 33 | F13: ='3'!G68 -> 39 | G13: ='4'!G68 -> 39 | H13: ='5'!G68 -> 37 | I13: ='6'!G68 -> 42 | J13: ='7'!G68 -> 39 | K13: ='8'!G68 -> 37 | L13: ='9'!G68 -> 56 | M13: ='10'!G68 -> 43 | N13: ='11'!G68 -> 39 | O13: ='12'!G68 -> 44 | P13: ='13'!G68 -> 46 | Q13: ='14'!G68 -> 41 | R13: ='15'!G68 -> 38 | S13: ='16'!G68 -> 29 | T13: ='17'!G68 -> 49 | U13: ='18 '!G68 -> 56 | V13: ='19'!G68 -> 0 | W13: ='20'!G68 -> 68 | X13: ='21'!G68 -> 35 | Y13: ='22'!G68 -> 32 | Z13: ='23'!G68 -> 29 | AA13: ='24'!G68 -> 41 | AB13: ='25'!G68 -> 28 | AC13: ='26'!G68 -> 32 | AD13: ='27'!G68 -> 34 | AE13: ='28'!G68 -> 40 | AF13: ='29'!G68 -> 40 | AG13: ='30'!G68 -> -1120 | AH13: ='31'!G68 -> -944
C14: Zone-2 | D14: ='1'!G69 -> 10 | E14: ='2'!G69 -> 25 | F14: ='3'!G69 -> 12 | G14: ='4'!G69 -> 12 | H14: ='5'!G69 -> 7 | I14: ='6'!G69 -> 14 | J14: ='7'!G69 -> 10 | K14: ='8'!G69 -> 9 | L14: ='9'!G69 -> 15 | M14: ='10'!G69 -> 12 | N14: ='11'!G69 -> 8 | O14: ='12'!G69 -> 7 | P14: ='13'!G69 -> 16 | Q14: ='14'!G69 -> 8 | R14: ='15'!G69 -> 8 | S14: ='16'!G69 -> 10 | T14: ='17'!G69 -> 8 | U14: ='18 '!G69 -> 9 | V14: ='19'!G69 -> 28 | W14: ='20'!G69 -> 7 | X14: ='21'!G69 -> 9 | Y14: ='22'!G69 -> 8 | Z14: ='23'!G69 -> 11 | AA14: ='24'!G69 -> 12 | AB14: ='25'!G69 -> 14 | AC14: ='26'!G69 -> 19 | AD14: ='27'!G69 -> 8 | AE14: ='28'!G69 -> 17 | AF14: ='29'!G69 -> 18 | AG14: ='30'!G69 -> -351 | AH14: ='31'!G69 -> -378
C15: Zone-3 | D15: ='1'!G70 -> 6 | E15: ='2'!G70 -> 21.2 | F15: ='3'!G70 -> 2.8 | G15: ='4'!G70 -> 13 | H15: ='5'!G70 -> 8 | I15: ='6'!G70 -> 8 | J15: ='7'!G70 -> 13 | K15: ='8'!G70 -> 9 | L15: ='9'!G70 -> 10 | M15: ='10'!G70 -> 15 | N15: ='11'!G70 -> 11 | O15: ='12'!G70 -> 9 | P15: ='13'!G70 -> 14 | Q15: ='14'!G70 -> 9 | R15: ='15'!G70 -> 5 | S15: ='16'!G70 -> 14 | T15: ='17'!G70 -> 13 | U15: ='18 '!G70 -> 19 | V15: ='19'!G70 -> 12 | W15: ='20'!G70 -> 9 | X15: ='21'!G70 -> 8 | Y15: ='22'!G70 -> 9 | Z15: ='23'!G70 -> 11 | AA15: ='24'!G70 -> 10 | AB15: ='25'!G70 -> 10 | AC15: ='26'!G70 -> 12 | AD15: ='27'!G70 -> 14 | AE15: ='28'!G70 -> 6 | AF15: ='29'!G70 -> 6 | AG15: ='30'!G70 -> -307 | AH15: ='31'!G70 -> -339
B17: Branches ( Domestic water ) | C17: Pool | D17: ='1'!G173 -> 0 | E17: ='2'!G173 -> 0 | F17: ='3'!G173 -> 0 | G17: ='4'!G173 -> 0 | H17: ='5'!G173 -> 0 | I17: ='6'!G173 -> 0 | J17: ='7'!G173 -> 0 | K17: ='8'!G173 -> 0 | L17: ='9'!G173 -> 0 | M17: ='10'!G173 -> 0 | N17: ='11'!G173 -> 0 | O17: ='12'!G173 -> 3 | P17: ='13'!G173 -> 0 | Q17: ='14'!G173 -> 0 | R17: ='15'!G173 -> 0 | S17: ='16'!G173 -> 0 | T17: ='17'!G173 -> 0 | U17: ='18 '!G173 -> 0 | V17: ='19'!G173 -> 0 | W17: ='20'!G173 -> 0 | X17: ='21'!G173 -> 0 | Y17: ='22'!G173 -> 16 | Z17: ='23'!G173 -> 0 | AA17: ='24'!G173 -> 0 | AB17: ='25'!G173 -> 0 | AC17: ='26'!G173 -> 0 | AD17: ='27'!G173 -> 0 | AE17: ='28'!G173 -> 0 | AF17: ='29'!G173 -> 0 | AG17: ='30'!G173 -> -19 | AH17: ='31'!G173 -> -109
C18: B2 Laundry | D18: ='1'!G174 -> 15 | E18: ='2'!G174 -> 17 | F18: ='3'!G174 -> 14 | G18: ='4'!G174 -> 17 | H18: ='5'!G174 -> 18 | I18: ='6'!G174 -> 13 | J18: ='7'!G174 -> 16 | K18: ='8'!G174 -> 18 | L18: ='9'!G174 -> 15 | M18: ='10'!G174 -> 18 | N18: ='11'!G174 -> 20 | O18: ='12'!G174 -> 19 | P18: ='13'!G174 -> 19 | Q18: ='14'!G174 -> 16 | R18: ='15'!G174 -> 19 | S18: ='16'!G174 -> 12 | T18: ='17'!G174 -> 17 | U18: ='18 '!G174 -> 14 | V18: ='19'!G174 -> 15 | W18: ='20'!G174 -> 17 | X18: ='21'!G174 -> 16 | Y18: ='22'!G174 -> 14 | Z18: ='23'!G174 -> 15 | AA18: ='24'!G174 -> 14 | AB18: ='25'!G174 -> 15 | AC18: ='26'!G174 -> 16 | AD18: ='27'!G174 -> 15 | AE18: ='28'!G174 -> 16 | AF18: ='29'!G174 -> 313 | AG18: ='30'!G174 -> -757 | AH18: ='31'!G174 -> -425
C19: Boiler Feed Water | D19: ='1'!G175 -> 10 | E19: ='2'!G175 -> 11 | F19: ='3'!G175 -> 12 | G19: ='4'!G175 -> 15 | H19: ='5'!G175 -> 14 | I19: ='6'!G175 -> 12 | J19: ='7'!G175 -> 12 | K19: ='8'!G175 -> 14 | L19: ='9'!G175 -> 14 | M19: ='10'!G175 -> 14 | N19: ='11'!G175 -> 14 | O19: ='12'!G175 -> 14 | P19: ='13'!G175 -> 12 | Q19: ='14'!G175 -> 14 | R19: ='15'!G175 -> 13 | S19: ='16'!G175 -> 12 | T19: ='17'!G175 -> 12 | U19: ='18 '!G175 -> 13 | V19: ='19'!G175 -> 11 | W19: ='20'!G175 -> 12 | X19: ='21'!G175 -> 13 | Y19: ='22'!G175 -> 10 | Z19: ='23'!G175 -> 12 | AA19: ='24'!G175 -> 11 | AB19: ='25'!G175 -> 13 | AC19: ='26'!G175 -> 12 | AD19: ='27'!G175 -> 12 | AE19: ='28'!G175 -> 11 | AF19: ='29'!G175 -> 12 | AG19: ='30'!G175 -> -361 | AH19: ='31'!G175 -> -349
B21: Branches ( STP Water ) | C21: CT water | D21: ='1'!G178 -> 63 | E21: ='2'!G178 -> 62 | F21: ='3'!G178 -> 87 | G21: ='4'!G178 -> 107 | H21: ='5'!G178 -> 65 | I21: ='6'!G178 -> 58 | J21: ='7'!G178 -> 74 | K21: ='8'!G178 -> 74 | L21: ='9'!G178 -> 70 | M21: ='10'!G178 -> 86 | N21: ='11'!G178 -> 83 | O21: ='12'!G178 -> 109 | P21: ='13'!G178 -> 68 | Q21: ='14'!G178 -> 55 | R21: ='15'!G178 -> 80 | S21: ='16'!G178 -> 65 | T21: ='17'!G178 -> 115 | U21: ='18 '!G178 -> 41 | V21: ='19'!G178 -> 74 | W21: ='20'!G178 -> 67 | X21: ='21'!G178 -> 60 | Y21: ='22'!G178 -> 57 | Z21: ='23'!G178 -> 56 | AA21: ='24'!G178 -> 99 | AB21: ='25'!G178 -> 85 | AC21: ='26'!G178 -> 64 | AD21: ='27'!G178 -> 62 | AE21: ='28'!G178 -> 64 | AF21: ='29'!G178 -> 95 | AG21: ='30'!G178 -> -2145 | AH21: ='31'!G178 -> -2733
C22: STP flush | D22: ='1'!G179 -> 0 | E22: ='2'!G179 -> 0 | F22: ='3'!G179 -> 0 | G22: ='4'!G179 -> 0 | H22: ='5'!G179 -> 0 | I22: ='6'!G179 -> 0 | J22: ='7'!G179 -> 0 | K22: ='8'!G179 -> 0 | L22: ='9'!G179 -> 2 | M22: ='10'!G179 -> 0 | N22: ='11'!G179 -> 0 | O22: ='12'!G179 -> 0 | P22: ='13'!G179 -> 0 | Q22: ='14'!G179 -> 0 | R22: ='15'!G179 -> 0 | S22: ='16'!G179 -> 0 | T22: ='17'!G179 -> 13 | U22: ='18 '!G179 -> 14 | V22: ='19'!G179 -> 0 | W22: ='20'!G179 -> 0 | X22: ='21'!G179 -> 0 | Y22: ='22'!G179 -> 0 | Z22: ='23'!G179 -> 0 | AA22: ='24'!G179 -> 0 | AB22: ='25'!G179 -> 0 | AC22: ='26'!G179 -> 0 | AD22: ='27'!G179 -> 0 | AE22: ='28'!G179 -> 0 | AF22: ='29'!G179 -> 0 | AG22: ='30'!G179 -> -29 | AH22: ='31'!G179 -> 0
C23: Garden | D23: ='1'!G180 -> 4 | E23: ='2'!G180 -> 1 | F23: ='3'!G180 -> 8 | G23: ='4'!G180 -> 2 | H23: ='5'!G180 -> 3 | I23: ='6'!G180 -> 18 | J23: ='7'!G180 -> 4 | K23: ='8'!G180 -> 17 | L23: ='9'!G180 -> 3 | M23: ='10'!G180 -> 2 | N23: ='11'!G180 -> 12 | O23: ='12'!G180 -> 1 | P23: ='13'!G180 -> 3 | Q23: ='14'!G180 -> 12 | R23: ='15'!G180 -> 6 | S23: ='16'!G180 -> 14 | T23: ='17'!G180 -> 2 | U23: ='18 '!G180 -> 11 | V23: ='19'!G180 -> 1 | W23: ='20'!G180 -> 1 | X23: ='21'!G180 -> 11 | Y23: ='22'!G180 -> 12 | Z23: ='23'!G180 -> 7 | AA23: ='24'!G180 -> 9 | AB23: ='25'!G180 -> 11 | AC23: ='26'!G180 -> 1 | AD23: ='27'!G180 -> 8 | AE23: ='28'!G180 -> 6 | AF23: ='29'!G180 -> 8 | AG23: ='30'!G180 -> -198 | AH23: ='31'!G180 -> -232
B24: Total Tanke(RO) + BMC | D24: =SUM(D5:D6) -> 212 | E24: =SUM(E5:E6) -> 254 | F24: =SUM(F5:F6) -> 285 | G24: =SUM(G5:G6) -> 254 | H24: =SUM(H5:H6) -> 253 | I24: =SUM(I5:I6) -> 253 | J24: =SUM(J5:J6) -> 233 | K24: =SUM(K5:K6) -> 273 | ... AH24: =SUM(AH5:AH6) -> -1467
B25: Domestic consumption | D25: =SUM(D9:D11,D14:D15,) -> 145 | E25: =SUM(E9:E11,E14:E15,) -> 194.2 | F25: =SUM(F9:F11,F14:F15,) -> 159.8 | G25: =SUM(G9:G11,G14:G15,) -> 195 | H25: =SUM(H9:H11,H14:H15,) -> 177 | I25: =SUM(I9:I11,I14:I15,) -> 151 | J25: =SUM(J9:J11,J14:J15,) -> 173 | K25: =SUM(K9:K11,K14:K15,) -> 179 | ... AI25: =SUM(AI9:AI11,AI14:AI15,) -> 0
B27: STP +Flush Consumption | D27: =SUM(D13,D21,D23) -> 101 | E27: =SUM(E13,E21,E23) -> 96 | F27: =SUM(F13,F21,F23) -> 134 | G27: =SUM(G13,G21,G23) -> 148 | H27: =SUM(H13,H21,H23) -> 105 | I27: =SUM(I13,I21,I23) -> 118 | J27: =SUM(J13,J21,J23) -> 117 | K27: =SUM(K13,K21,K23) -> 128 | ... AH27: =SUM(AH13,AH21,AH23) -> -3909 | AI27: =SUM(AI13) -> 0
B29: BOH | D29: =D9 -> 86 | E29: =E9 -> 98 | F29: =F9 -> 89 | G29: =G9 -> 109 | H29: =H9 -> 105 | I29: =I9 -> 88 | J29: =J9 -> 102 | K29: =K9 -> 113 | ... AH29: =AH9 -> -3158
B30: Guest Floor | D30: =SUM(D10:D11,D14:D15) -> 59 | E30: =SUM(E10:E11,E14:E15) -> 96.2 | F30: =SUM(F10:F11,F14:F15) -> 70.8 | G30: =SUM(G10:G11,G14:G15) -> 86 | H30: =SUM(H10:H11,H14:H15) -> 72 | I30: =SUM(I10:I11,I14:I15) -> 63 | J30: =SUM(J10:J11,J14:J15) -> 71 | K30: =SUM(K10:K11,K14:K15) -> 66 | ... AH30: =SUM(AH10:AH11,AH14:AH15) -> -2186
B31: Guest floor% | D31: =D30/SUM(D29:D30)% -> 40.689655 | E31: =E30/SUM(E29:E30)% -> 49.53656 | F31: =F30/SUM(F29:F30)% -> 44.305382 | G31: =G30/SUM(G29:G30)% -> 44.102564 | H31: =H30/SUM(H29:H30)% -> 40.677966 | I31: =I30/SUM(I29:I30)% -> 41.721854 | J31: =J30/SUM(J29:J30)% -> 41.040462 | K31: =K30/SUM(K29:K30)% -> 36.871508 | ... AH31: =AH30/SUM(AH29:AH30)% -> 40.905689

Sheet Section Load
F2: Transformer -Load | N2: Electrical | AV2: Boiler Running | BB2: diff wrt feeder | BC2: Var%
AN3: Gas consumption | AU3: Boiler Running Hours
A4: Date | B4: HT Kwh | C4: HT Kvah | D4: MGL Gas | E4: Water | F4: HVAC | G4: Fire & Emergency PP | H4: Main PP | I4: Lighting PP | J4: CH-1+ CH2+CH3+CH4 | K4: Chilled water Pump | L4: Ball Room-1 | M4: Ball Room-2 | N4: MK-1 | O4: MK-2 | P4: Prato | Q4: San- Qi Indian | R4: San- Qi Japanese | S4: The club | T4: AER | U4: COLD ROOM'S | V4: Ball Room 1 | W4: Ball Room 2 | X4: B1 Laundry | Y4: B2 Laundry | Z4: STP | AA4: MOCK Up Room | AB4: 27th Floor | AC4: Physic57 | AD4: Pinoor Legal- Power+lighting | AE4: 2nd floor plant room | AF4: 5th Floor SPA | AG4: 5th Floor | AH4: 12th Floor | AI4: 20th Floor | AJ4: 27th Floor | AK4: 34th Floor | AL4: Sanqi | AM4: Cooling Tower | AN4: MGL | AO4: HWG | AP4: Prato | AQ4: BR-1 | AR4: SanQi IND | AS4: SanQi JPN | AT4: Boiler | AU4: HWG | AV4: Boiler1 | AW4: Boiler2 | AX4: Boiler3 (400Kg) | AY4: Total
A5: 1 | B5: ='1'!G7 -> 22668 | C5: ='1'!G8 -> 22989 | D5: ='1'!G15 -> 1074 | E5: ='1'!G20 -> 212 | F5: =SUM('1'!G35,'1'!G49) -> 3840.04 | G5: =SUM('1'!H37,'1'!H51) -> 1702.26 | H5: =SUM('1'!G38,'1'!G52) -> 1904.95 | I5: =SUM('1'!G39,'1'!G53) -> 2945.71 | J5: =SUM('1'!G41,'1'!G42,'1'!G55,'1'!G56) -> 5399.35 | K5: =SUM('1'!G43,'1'!G57) -> 2459.4 | L5: ='1'!G50 -> 1459.81 | M5: ='1'!G36 -> 940.3 | N5: ='1'!G138 -> 48 | O5: ='1'!G139 -> 8 | P5: ='1'!G140 -> 0 | Q5: ='1'!G141 -> 199.27 | R5: ='1'!G142 -> 17.5 | S5: ='1'!$G$145 -> 41 | T5: ='1'!$G$146 -> 270 | U5: ='1'!$G$144 -> 226 | V5: ='1'!$G$147 -> 450.96 | W5: ='1'!$G$148 -> 250.32 | X5: ='1'!$G$143 -> 30.6 | Y5: ='1'!$G$58 -> 206.15 | Z5: ='1'!$G$151 -> 220 | AA5: ='1'!G161 -> 45.88 | AB5: ='1'!G162 -> 71.3 | AD5: ='1'!G163+'1'!G164 -> 115.3 | AE5: ='1'!$G$116 -> 0 | AF5: ='1'!$G$117 -> 19.92 | AG5: ='1'!$G$118 -> 432.27 | AH5: ='1'!$G$119 -> 474.47 | AI5: ='1'!$G$120 -> 428.68 | AJ5: ='1'!$G$121 -> 660.77 | AK5: ='1'!$G$122 -> 318.21 | AL5: ='1'!$G$123 -> 295 | AM5: ='1'!$G$133 -> 843.58 | AN5: ='1'!$G$15 -> 1074 | AO5: ='1'!$G$74 -> 305.951 | AP5: ='1'!$G$75 -> 0 | AQ5: ='1'!$G$76 -> 116 | AR5: ='1'!$G$77 -> 45 | AS5: ='1'!$G$78 -> 2 | AT5: =AN5-SUM(AO5:AS5) -> 605.049 | AU5: =SUM('1'!G91:G92) -> 10.65 | AV5: ='1'!$G$88 -> 8.99 | AW5: ='1'!$G$89 -> 0 | AX5: ='1'!$G$90 -> 6.73 | AY5: =SUM(AV5:AX5) -> 15.72 | AZ5: =AO5/AU5 -> 28.727793 | BB5: =C5-SUM(F5:K5,Y5) -> 4531.14 | BC5: =BB5/B5% -> 19.989148
A6: 2 | B6: ='2'!G7 -> 21548 | C6: ='2'!G8 -> 21667 | D6: ='2'!G15 -> 1094.24 | E6: ='2'!G20 -> 254 | F6: =SUM('2'!G35,'2'!G49) -> 3698.69 | G6: =SUM('2'!G37,'2'!G51) -> 1670.59 | H6: =SUM('2'!G38,'2'!G52) -> 1896.57 | I6: =SUM('2'!G39,'2'!G53) -> 2783 | J6: =SUM('2'!G41,'2'!G42,'2'!G55,'2'!G56) -> 4727.13 | K6: =SUM('2'!G43,'2'!G57) -> 2388.4 | L6: ='2'!G50 -> 1486.35 | M6: ='2'!G36 -> 968.7 | N6: ='2'!G138 -> 64 | O6: ='2'!$G$139 -> 9 | P6: ='2'!$G$140 -> 0 | Q6: ='2'!$G$141 -> 189.2 | R6: ='2'!$G$142 -> 17.4 | S6: ='2'!$G$145 -> 45.19 | T6: ='2'!$G$146 -> 337 | U6: ='2'!$G$144 -> 225 | V6: ='2'!$G$147 -> 402.32 | W6: ='2'!$G$148 -> 225.04 | X6: ='2'!$G$143 -> 30 | Y6: ='2'!$G$58 -> 207.19 | Z6: ='2'!$G$151 -> 253 | AA6: ='2'!G161 -> 7.24 | AB6: ='2'!G162 -> 40.4 | AD6: ='2'!G163+'2'!G164 -> 131.9 | AE6: ='2'!$G$116 -> 0 | AF6: ='2'!$G$117 -> 21.83 | AG6: ='2'!$G$118 -> 438 | AH6: ='2'!$G$119 -> 422.67 | AI6: ='2'!$G$120 -> 414.8 | AJ6: ='2'!$G$121 -> 678.59 | AK6: ='2'!$G$122 -> 293.23 | AL6: ='2'!$G$123 -> 296.85 | AM6: ='2'!$G$133 -> 835.4 | AN6: ='2'!$G$15 -> 1094.24 | AO6: ='2'!$G$74 -> 298.2 | AP6: ='2'!$G$75 -> 0 | AQ6: ='2'!$G$76 -> 121.9 | AR6: ='2'!$G$77 -> 49.5 | AS6: ='2'!$G$78 -> 2.4 | AT6: =AN6-SUM(AO6:AS6) -> 622.24 | AU6: =SUM('2'!G91:G92) -> 10.74 | AV6: ='2'!$G$88 -> 1 | AW6: ='2'!$G$89 -> 10.38 | AX6: ='2'!$G$90 -> 6.8 | AY6: =SUM(AV6:AX6) -> 18.18 | AZ6: =AO6/AU6 -> 27.765363 | BB6: =C6-SUM(F6:K6,Y6) -> 4295.43 | BC6: =BB6/B6% -> 19.93424
A7: 3 | B7: ='3'!G7 -> 23474.23 | C7: ='3'!G8 -> 23640.27 | D7: ='3'!G15 -> 1144.15 | E7: ='3'!G20 -> 285 | F7: =SUM('3'!G35,'3'!G49) -> 3864.4 | G7: =SUM('3'!G37,'3'!G51) -> 1609.33 | H7: =SUM('3'!G38,'3'!G52) -> 2009.46 | I7: =SUM('3'!G39,'3'!G53) -> 2891.53 | J7: =SUM('3'!G41,'3'!G42,'3'!G55,'3'!G56) -> 6111.3 | K7: =SUM('3'!G43,'3'!G57) -> 2707 | L7: ='3'!G50 -> 1287.52 | M7: ='3'!G36 -> 1025.88 | N7: ='3'!G138 -> 55 | O7: ='3'!$G$139 -> 9 | P7: ='3'!$G$140 -> 0 | Q7: ='3'!$G$141 -> 205.94 | R7: ='3'!$G$142 -> 18.05 | S7: ='3'!$G$145 -> 47.65 | T7: ='3'!$G$146 -> 409 | U7: ='3'!$G$144 -> 228 | V7: ='3'!$G$147 -> 419.24 | W7: ='3'!$G$148 -> 249.68 | X7: ='3'!$G$143 -> 30.42 | Y7: ='3'!$G$58 -> 226.47 | Z7: ='3'!$G$151 -> 277 | AA7: ='3'!G161 -> 7.4 | AB7: ='3'!G162 -> 45.5 | AD7: ='3'!G163+'3'!G164 -> 126.6 | AE7: ='3'!$G$116 -> 0 | AF7: ='3'!$G$117 -> 19.36 | AG7: ='3'!$G$118 -> 353.27 | AH7: ='3'!$G$119 -> 435.14 | AI7: ='3'!$G$120 -> 428.43 | AJ7: ='3'!$G$121 -> 719.84 | AK7: ='3'!$G$122 -> 329.068 | AL7: ='3'!$G$123 -> 311.48 | AM7: ='3'!$G$133 -> 845.05 | AN7: ='3'!$G$15 -> 1144.15 | AO7: ='3'!$G$74 -> 326.73 | AP7: ='3'!$G$75 -> 0 | AQ7: ='3'!$G$76 -> 118.5 | AR7: ='3'!$G$77 -> 46 | AS7: ='3'!$G$78 -> 2.8 | AT7: =AN7-SUM(AO7:AS7) -> 650.12 | AU7: =SUM('3'!G91:G92) -> 11.41 | AV7: ='3'!$G$88 -> -1 | AW7: ='3'!$G$89 -> 11 | AX7: ='3'!$G$90 -> 7.06 | AY7: =SUM(AV7:AX7) -> 17.06 | AZ7: =AO7/AU7 -> 28.635408 | BB7: =C7-SUM(F7:K7,Y7) -> 4220.78 | BC7: =BB7/B7% -> 17.980483
A8: 4 | B8: ='4'!G7 -> 25174.28 | C8: ='4'!G8 -> 25311.64 | D8: ='4'!G15 -> 1192.76 | E8: ='4'!G20 -> 254 | F8: =SUM('4'!G35,'4'!G49) -> 4121.79 | G8: =SUM('4'!G37,'4'!G51) -> 1690.62 | H8: =SUM('4'!G38,'4'!G52) -> 2045.22 | I8: =SUM('4'!G39,'4'!G53) -> 2998.8 | J8: =SUM('4'!G41,'4'!G42,'4'!G55,'4'!G56) -> 6927.15 | K8: =SUM('4'!G43,'4'!G57) -> 2866.5 | L8: ='4'!G50 -> 1403.28 | M8: ='4'!G36 -> 1057.88 | N8: ='4'!G138 -> 43 | O8: ='4'!$G$139 -> 17 | P8: ='4'!$G$140 -> 0 | Q8: ='4'!$G$141 -> 199.13 | R8: ='4'!$G$142 -> 18.66 | S8: ='4'!$G$145 -> 44.16 | T8: ='4'!$G$146 -> 465 | U8: ='4'!$G$144 -> 227 | V8: ='4'!$G$147 -> 475.36 | W8: ='4'!$G$148 -> 335.12 | X8: ='4'!$G$143 -> 24.74 | Y8: ='4'!$G$58 -> 240.37 | Z8: ='4'!$G$151 -> 284 | AA8: ='4'!G161 -> 7.4 | AB8: ='4'!G162 -> 35.9 | AD8: ='4'!G163+'4'!G164 -> 48 | AE8: ='4'!$G$116 -> 0 | AF8: ='4'!$G$117 -> 19.6 | AG8: ='4'!$G$118 -> 317.12 | AH8: ='4'!$G$119 -> 462.78 | AI8: ='4'!$G$120 -> 426.82 | AJ8: ='4'!$G$121 -> 755.8 | AK8: ='4'!$G$122 -> 339.792 | AL8: ='4'!$G$123 -> 309.47 | AM8: ='4'!$G$133 -> 893.08 | AN8: ='4'!$G$15 -> 1192.76 | AO8: ='4'!$G$74 -> 297.23 | AP8: ='4'!$G$75 -> 0 | AQ8: ='4'!$G$76 -> 135 | AR8: ='4'!$G$77 -> 48.7 | AS8: ='4'!$G$78 -> 2.5 | AT8: =AN8-SUM(AO8:AS8) -> 709.33 | AU8: =SUM('4'!G91:G92) -> 10.57 | AV8: ='4'!$G$88 -> 10.26 | AW8: ='4'!$G$89 -> -0.05 | AX8: ='4'!$G$90 -> 8.58 | AY8: =SUM(AV8:AX8) -> 18.79 | AZ8: =AO8/AU8 -> 28.120151 | BB8: =C8-SUM(F8:K8,Y8) -> 4421.19 | BC8: =BB8/B8% -> 17.562329
A9: 5 | B9: ='5'!G7 -> 23193.12 | C9: ='5'!G8 -> 23337 | D9: ='5'!G15 -> 1192.29 | E9: ='5'!G20 -> 253 | F9: =SUM('5'!G35,'5'!G49) -> 3887.4 | G9: =SUM('5'!G37,'5'!G51) -> 1646.24 | H9: =SUM('5'!G38,'5'!G52) -> 1984.42 | I9: =SUM('5'!G39,'5'!G53) -> 2790.58 | J9: =SUM('5'!G41,'5'!G42,'5'!G55,'5'!G56) -> 6031.67 | K9: =SUM('5'!G43,'5'!G57) -> 2729.4 | L9: ='5'!G50 -> 1235.68 | M9: ='5'!G36 -> 864.04 | N9: ='5'!G138 -> 42 | O9: ='5'!$G$139 -> 8 | P9: ='5'!$G$140 -> 10.6 | Q9: ='5'!$G$141 -> 204.04 | R9: ='5'!$G$142 -> 17.47 | S9: ='5'!$G$145 -> 41.16 | T9: ='5'!$G$146 -> 410 | U9: ='5'!$G$144 -> 230 | V9: ='5'!$G$147 -> 430.92 | W9: ='5'!$G$148 -> 302.56 | X9: ='5'!$G$143 -> 29.19 | Y9: ='5'!$G$58 -> 238.67 | Z9: ='5'!$G$151 -> 262 | AA9: ='5'!G161 -> 7.28 | AB9: ='5'!G162 -> 14.9 | AD9: ='5'!G163+'5'!G164 -> 38.9 | AE9: ='5'!$G$116 -> 0 | AF9: ='5'!$G$117 -> 19.99 | AG9: ='5'!$G$118 -> 315.96 | AH9: ='5'!$G$119 -> 450.76 | AI9: ='5'!$G$120 -> 443.6 | AJ9: ='5'!$G$121 -> 722.88 | AK9: ='5'!$G$122 -> 322.82 | AL9: ='5'!$G$123 -> 312.83 | AM9: ='5'!$G$133 -> 857.55 | AN9: ='5'!$G$15 -> 1192.29 | AO9: ='5'!$G$74 -> 322.71 | AP9: ='5'!$G$75 -> 0 | AQ9: ='5'!$G$76 -> 129.82 | AR9: ='5'!$G$77 -> 38.8 | AS9: ='5'!$G$78 -> 5.2 | AT9: =AN9-SUM(AO9:AS9) -> 695.76 | AU9: =SUM('5'!G91:G92) -> 11.41 | AV9: ='5'!$G$88 -> 11.96 | AW9: ='5'!$G$89 -> 0 | AX9: ='5'!$G$90 -> 6.89 | AY9: =SUM(AV9:AX9) -> 18.85 | AZ9: =AO9/AU9 -> 28.283085 | BB9: =C9-SUM(F9:K9,Y9) -> 4028.62 | BC9: =BB9/B9% -> 17.369892
A10: 6 | B10: ='6'!G7 -> 22011.92 | C10: ='6'!G8 -> 22125.12 | D10: ='6'!G15 -> 1123.02 | E10: ='6'!G20 -> 253 | F10: =SUM('6'!G35,'6'!G49) -> 3557.3 | G10: =SUM('6'!G37,'6'!G51) -> 1618.55 | H10: =SUM('6'!G38,'6'!G52) -> 1899.7 | I10: =SUM('6'!G39,'6'!G53) -> 2851.32 | J10: =SUM('6'!G41,'6'!G42,'6'!G55,'6'!G56) -> 5338.64 | K10: =SUM('6'!G43,'6'!G57) -> 2429.1 | L10: ='6'!G50 -> 1486.64 | M10: ='6'!G36 -> 769.57 | N10: ='6'!G138 -> 21 | O10: ='6'!$G$139 -> 15 | P10: ='6'!$G$140 -> 1.2 | Q10: ='6'!$G$141 -> 177.14 | R10: ='6'!$G$142 -> 15.94 | S10: ='6'!$G$145 -> 48.16 | T10: ='6'!$G$146 -> 415 | U10: ='6'!$G$144 -> 233 | V10: ='6'!$G$147 -> 445.8 | W10: ='6'!$G$148 -> 230.08 | X10: ='6'!$G$143 -> 29.22 | Y10: ='6'!$G$58 -> 208.05 | Z10: ='6'!$G$151 -> 279 | AA10: ='6'!G161 -> 12.88 | AB10: ='6'!G162 -> 34.8 | AD10: ='6'!G163+'6'!G164 -> 109 | AE10: ='6'!$G$116 -> 0 | AF10: ='6'!$G$117 -> 19.8 | AG10: ='6'!$G$118 -> 398.86 | AH10: ='6'!$G$119 -> 428.08 | AI10: ='6'!$G$120 -> 421.49 | AJ10: ='6'!$G$121 -> 739.24 | AK10: ='6'!$G$122 -> 320.69 | AL10: ='6'!$G$123 -> 316.08 | AM10: ='6'!$G$133 -> 842.67 | AN10: ='6'!$G$15 -> 1123.02 | AO10: ='6'!$G$74 -> 312.49 | AP10: ='6'!$G$75 -> 0 | AQ10: ='6'!$G$76 -> 120.58 | AR10: ='6'!$G$77 -> 41.9 | AS10: ='6'!$G$78 -> 2.1 | AT10: =AN10-SUM(AO10:AS10) -> 645.95 | AU10: =SUM('6'!G91:G92) -> 10.91 | AV10: ='6'!$G$88 -> 0 | AW10: ='6'!$G$89 -> 10.29 | AX10: ='6'!$G$90 -> 8.69 | AY10: =SUM(AV10:AX10) -> 18.98 | AZ10: =AO10/AU10 -> 28.64253 | BB10: =C10-SUM(F10:K10,Y10) -> 4222.46 | BC10: =BB10/B10% -> 19.182607
A11: 7 | B11: ='7'!G7 -> 24817.48 | C11: ='7'!G8 -> 25247.52 | D11: ='7'!G15 -> 1194.97 | E11: ='7'!G20 -> 233 | F11: =SUM('7'!G35,'7'!G49) -> 3743.98 | G11: =SUM('7'!G37,'7'!G51) -> 1673.29 | H11: =SUM('7'!G38,'7'!G52) -> 1948.2 | I11: =SUM('7'!G39,'7'!G53) -> 3056.68 | J11: =SUM('7'!G41,'7'!G42,'7'!G55,'7'!G56) -> 6499.34 | K11: =SUM('7'!G43,'7'!G57) -> 2942.2 | L11: ='7'!G50 -> 1598.48 | M11: ='7'!G36 -> 1145.69 | N11: ='7'!G138 -> 45 | O11: ='7'!$G$139 -> 12 | P11: ='7'!$G$140 -> 1.4 | Q11: ='7'!$G$141 -> 201.86 | R11: ='7'!$G$142 -> 16.48 | S11: ='7'!$G$145 -> 43.24 | T11: ='7'!$G$146 -> 446 | U11: ='7'!$G$144 -> 229 | V11: ='7'!$G$147 -> 492.64 | W11: ='7'!$G$148 -> 361.6 | X11: ='7'!$G$143 -> 32.08 | Y11: ='7'!$G$58 -> 220.84 | Z11: ='7'!$G$151 -> 242 | AA11: ='7'!G161 -> 23.52 | AB11: ='7'!G162 -> 36.2 | AD11: ='7'!G163+'7'!G164 -> 111.6 | AE11: ='7'!$G$116 -> 0 | AF11: ='7'!$G$117 -> 18.9 | AG11: ='7'!$G$118 -> 405.58 | AH11: ='7'!$G$119 -> 439.48 | AI11: ='7'!$G$120 -> 432.15 | AJ11: ='7'!$G$121 -> 744.2 | AK11: ='7'!$G$122 -> 331.46 | AL11: ='7'!$G$123 -> 310.68 | AM11: ='7'!$G$133 -> 836.87 | AN11: ='7'!$G$15 -> 1194.97 | AO11: ='7'!$G$74 -> 328.91 | AP11: ='7'!$G$75 -> 0 | AQ11: ='7'!$G$76 -> 133.9 | AR11: ='7'!$G$77 -> 46.2 | AS11: ='7'!$G$78 -> 4.7 | AT11: =AN11-SUM(AO11:AS11) -> 681.26 | AU11: =SUM('7'!G91:G92) -> 11.44 | AV11: ='7'!$G$88 -> 10.45 | AW11: ='7'!$G$89 -> 0 | AX11: ='7'!$G$90 -> 7.12 | AY11: =SUM(AV11:AX11) -> 17.57 | AZ11: =AO11/AU11 -> 28.750874 | BB11: =C11-SUM(F11:K11,Y11) -> 5162.99 | BC11: =BB11/B11% -> 20.803845
A12: 8 | B12: ='8'!G7 -> 24146.64 | C12: ='8'!G8 -> 24742.32 | D12: ='8'!G15 -> 1247.37 | E12: ='8'!G20 -> 273 | F12: =SUM('8'!G35,'8'!G49) -> 3948.87 | G12: =SUM('8'!G37,'8'!G51) -> 1652.3 | H12: =SUM('8'!G38,'8'!G52) -> 1942.2 | I12: =SUM('8'!G39,'8'!G53) -> 2854.32 | J12: =SUM('8'!G41,'8'!G42,'8'!G55,'8'!G56) -> 6030.98 | K12: =SUM('8'!G43,'8'!G57) -> 2990.9 | L12: ='8'!G50 -> 1320.64 | M12: ='8'!G36 -> 1254.56 | N12: ='8'!G138 -> 36 | O12: ='8'!$G$139 -> 7 | P12: ='8'!$G$140 -> 1.03 | Q12: ='8'!$G$141 -> 205.42 | R12: ='8'!$G$142 -> 17.07 | S12: ='8'!$G$145 -> 43.72 | T12: ='8'!$G$146 -> 418 | U12: ='8'!$G$144 -> 234 | V12: ='8'!$G$147 -> 431.28 | W12: ='8'!$G$148 -> 325.92 | X12: ='8'!$G$143 -> 33.31 | Y12: ='8'!$G$58 -> 244.54 | Z12: ='8'!$G$151 -> 248 | AA12: ='8'!G161 -> 16.4 | AB12: ='8'!G162 -> 32.3 | AD12: ='8'!G163+'8'!G164 -> 81.33 | AE12: ='8'!$G$116 -> 0 | AF12: ='8'!$G$117 -> 18.86 | AG12: ='8'!$G$118 -> 365.96 | AH12: ='8'!$G$119 -> 434.92 | AI12: ='8'!$G$120 -> 409.85 | AJ12: ='8'!$G$121 -> 733.36 | AK12: ='8'!$G$122 -> 362.24 | AL12: ='8'!$G$123 -> 318.3 | AM12: ='8'!$G$133 -> 838.89 | AN12: ='8'!$G$15 -> 1247.37 | AO12: ='8'!$G$74 -> 325.08 | AP12: ='8'!$G$75 -> 243.89 | AQ12: ='8'!$G$76 -> 153.5 | AR12: ='8'!$G$77 -> 55.9 | AS12: ='8'!$G$78 -> 5.3 | AT12: =AN12-SUM(AO12:AS12) -> 463.7 | AU12: =SUM('8'!G91:G92) -> 11.48 | AV12: ='8'!$G$88 -> 0 | AW12: ='8'!$G$89 -> 11.08 | AX12: ='8'!$G$90 -> 9.09 | AY12: =SUM(AV12:AX12) -> 20.17 | BB12: =C12-SUM(F12:K12,Y12) -> 5078.21 | BC12: =BB12/B12% -> 21.030711
A13: 9 | B13: ='9'!G7 -> 24961.33 | C13: ='9'!G8 -> 25427.13 | D13: ='9'!G15 -> 1195.2 | E13: ='9'!G20 -> 295 | F13: =SUM('9'!G35,'9'!G49) -> 3842.57 | G13: =SUM('9'!G37,'9'!G51) -> 1667.08 | H13: =SUM('9'!G38,'9'!G52) -> 2054.23 | I13: =SUM('9'!G39,'9'!G53) -> 2940.77 | J13: =SUM('9'!G41,'9'!G42,'9'!G55,'9'!G56) -> 6457.79 | K13: =SUM('9'!G43,'9'!G57) -> 2717.5 | L13: ='9'!G50 -> 1723.41 | M13: ='9'!G36 -> 1286.68 | N13: ='9'!G138 -> 38 | O13: ='9'!$G$139 -> 8 | P13: ='9'!$G$140 -> 0 | Q13: ='9'!$G$141 -> 198.27 | R13: ='9'!$G$142 -> 18.93 | S13: ='9'!$G$145 -> 44.72 | T13: ='9'!$G$146 -> 426 | U13: ='9'!$G$144 -> 229 | V13: ='9'!$G$147 -> 427.44 | W13: ='9'!$G$148 -> 331 | X13: ='9'!$G$143 -> 34.04 | Y13: ='9'!$G$58 -> 230.87 | Z13: ='9'!$G$151 -> 225 | AA13: ='9'!G161 -> 11.88 | AB13: ='9'!G162 -> 29 | AD13: ='9'!G163+'9'!G164 -> 61.67 | AE13: ='9'!$G$116 -> 0 | AF13: ='9'!$G$117 -> 18.66 | AG13: ='9'!$G$118 -> 353.25 | AH13: ='9'!$G$119 -> 414.17 | AI13: ='9'!$G$120 -> 418.86 | AJ13: ='9'!$G$121 -> 736.09 | AK13: ='9'!$G$122 -> 317.7 | AL13: ='9'!$G$123 -> 338.02 | AM13: ='9'!$G$133 -> 830.49 | AN13: ='9'!$G$15 -> 1195.2 | AO13: ='9'!$G$74 -> 315.65 | AP13: ='9'!$G$75 -> 0 | AQ13: ='9'!$G$76 -> 119.8 | AR13: ='9'!$G$77 -> 52 | AS13: ='9'!$G$78 -> 4 | AT13: =AN13-SUM(AO13:AS13) -> 703.75 | AU13: =SUM('9'!G91:G92) -> 10.81 | AV13: ='9'!$G$88 -> -0.15 | AW13: ='9'!$G$89 -> 11.81 | AX13: ='9'!$G$90 -> 6.73 | AY13: =SUM(AV13:AX13) -> 18.39 | BB13: =C13-SUM(F13:K13,Y13) -> 5516.32 | BC13: =BB13/B13% -> 22.099463
A14: 10 | B14: ='10'!G7 -> 23939 | C14: ='10'!G8 -> 24380 | D14: ='10'!G15 -> 1193 | E14: ='10'!G20 -> 271 | F14: =SUM('10'!G35,'10'!G49) -> 3989 | G14: =SUM('10'!G37,'10'!G51) -> 1651 | H14: =SUM('10'!G38,'10'!G52) -> 2011 | I14: =SUM('10'!G39,'10'!G53) -> 2918 | J14: =SUM('10'!G41,'10'!G42,'10'!G55,'10'!G56) -> 6306 | K14: =SUM('10'!G43,'10'!G57) -> 2734 | L14: ='10'!G50 -> 1333 | M14: ='10'!G36 -> 953 | N14: ='10'!G138 -> 127 | O14: ='10'!$G$139 -> 20 | P14: ='10'!$G$140 -> -0.23 | Q14: ='10'!$G$141 -> 204 | R14: ='10'!$G$142 -> 17 | S14: ='10'!$G$145 -> 45 | T14: ='10'!$G$146 -> 455 | U14: ='10'!$G$144 -> 234 | V14: ='10'!$G$147 -> 467 | W14: ='10'!$G$148 -> 252 | X14: ='10'!$G$143 -> 23 | Y14: ='10'!$G$58 -> 266 | Z14: ='10'!$G$151 -> 229 | AA14: ='10'!G161 -> 4 | AB14: ='10'!G162 -> 32 | AD14: ='10'!G163+'10'!G164 -> 103 | AE14: ='10'!$G$116 -> 0 | AF14: ='10'!$G$117 -> 22 | AG14: ='10'!$G$118 -> 350 | AH14: ='10'!$G$119 -> 408 | AI14: ='10'!$G$120 -> 415 | AJ14: ='10'!$G$121 -> 757 | AK14: ='10'!$G$122 -> 281 | AL14: ='10'!$G$123 -> 344.29 | AM14: ='10'!$G$133 -> 842 | AN14: ='10'!$G$15 -> 1193 | AO14: ='10'!$G$74 -> 322 | AP14: ='10'!$G$75 -> 0 | AQ14: ='10'!$G$76 -> 137 | AR14: ='10'!$G$77 -> 52 | AS14: ='10'!$G$78 -> 1 | AT14: =AN14-SUM(AO14:AS14) -> 681 | AU14: =SUM('10'!G91:G92) -> 11.5 | AV14: ='10'!$G$88 -> 0 | AW14: ='10'!$G$89 -> 12 | AX14: ='10'!$G$90 -> 5.04 | AY14: =SUM(AV14:AX14) -> 17.04 | BB14: =C14-SUM(F14:K14,Y14) -> 4505 | BC14: =BB14/B14% -> 18.818664
A15: 11 | B15: ='11'!G7 -> 23964 | C15: ='11'!G8 -> 24441 | D15: ='11'!G15 -> 1164 | E15: ='11'!G20 -> 274 | F15: =SUM('11'!G35,'11'!G49) -> 3866 | G15: =SUM('11'!G37,'11'!G51) -> 1605 | H15: =SUM('11'!G38,'11'!G52) -> 2162 | I15: =SUM('11'!G39,'11'!G53) -> 2960 | J15: =SUM('11'!G41,'11'!G42,'11'!G55,'11'!G56) -> 5467 | K15: =SUM('11'!G43,'11'!G57) -> 2753 | L15: ='11'!G50 -> 1517 | M15: ='11'!G36 -> 806 | N15: ='11'!G138 -> 127 | O15: ='11'!$G$139 -> 43 | P15: ='11'!$G$140 -> 0 | Q15: ='11'!$G$141 -> 199 | R15: ='11'!$G$142 -> 18 | S15: ='11'!$G$145 -> 57 | T15: ='11'!$G$146 -> 476 | U15: ='11'!$G$144 -> 234 | V15: ='11'!$G$147 -> 465 | W15: ='11'!$G$148 -> 317 | X15: ='11'!$G$143 -> 25 | Y15: ='11'!$G$58 -> 260 | Z15: ='11'!$G$151 -> 245 | AA15: ='11'!G161 -> 1 | AB15: ='11'!G162 -> 17 | AC15: ='11'!G88 -> 0 | AD15: ='11'!G163+'11'!G164 -> 48 | AE15: ='11'!$G$116 -> 0 | AF15: ='11'!$G$117 -> 21 | AG15: ='11'!$G$118 -> 312 | AH15: ='11'!$G$119 -> 437 | AI15: ='11'!$G$120 -> 420 | AJ15: ='11'!$G$121 -> 768 | AK15: ='11'!$G$122 -> 298 | AL15: ='11'!$G$123 -> 339 | AM15: ='11'!$G$133 -> 857 | AN15: ='11'!$G$15 -> 1164 | AO15: ='11'!$G$74 -> 309 | AP15: ='11'!$G$75 -> 0 | AQ15: ='11'!$G$76 -> 141 | AR15: ='11'!$G$77 -> 44 | AS15: ='11'!$G$78 -> 3 | AT15: =AN15-SUM(AO15:AS15) -> 667 | AU15: =SUM('11'!G91:G92) -> 10.5 | AV15: ='11'!$G$88 -> 0 | AW15: ='11'!$G$89 -> 13 | AX15: ='11'!$G$90 -> 5 | AY15: =SUM(AV15:AX15) -> 18 | BB15: =C15-SUM(F15:K15,Y15) -> 5368 | BC15: =BB15/B15% -> 22.400267
A16: 12 | B16: ='12'!G7 -> 24520 | C16: ='12'!G8 -> 25038 | D16: ='12'!G15 -> 1252 | E16: ='12'!G20 -> 294 | F16: =SUM('12'!G35,'12'!G49) -> 3898 | G16: =SUM('12'!G37,'12'!G51) -> 1688 | H16: =SUM('12'!G38,'12'!G52) -> 2175 | I16: =SUM('12'!G39,'12'!G53) -> 3054 | J16: =SUM('12'!G41,'12'!G42,'12'!G55,'12'!G56) -> 5511 | K16: =SUM('12'!G43,'12'!G57) -> 2634 | L16: ='12'!G50 -> 1046 | M16: ='12'!G36 -> 1141 | N16: ='12'!G138 -> 106 | O16: ='12'!$G$139 -> 7 | P16: ='12'!$G$140 -> 0 | Q16: ='12'!$G$141 -> 194 | R16: ='12'!$G$142 -> 18 | S16: ='12'!$G$145 -> 76 | T16: ='12'!$G$146 -> 480 | U16: ='12'!$G$144 -> 230 | V16: ='12'!$G$147 -> 461 | W16: ='12'!$G$148 -> 358 | X16: ='12'!$G$143 -> 31 | Y16: ='12'!$G$58 -> 237 | Z16: ='12'!$G$151 -> 100 | AA16: ='12'!G161 -> 1 | AB16: ='12'!G162 -> 15 | AC16: ='12'!G88 -> 11.53 | AD16: ='12'!G163+'12'!G164 -> 51 | AE16: ='12'!$G$116 -> 0 | AF16: ='12'!$G$117 -> 24 | AG16: ='12'!$G$118 -> 330 | AH16: ='12'!$G$119 -> 446 | AI16: ='12'!$G$120 -> 413 | AJ16: ='12'!$G$121 -> 764 | AK16: ='12'!$G$122 -> 303 | AL16: ='12'!$G$123 -> 352 | AM16: ='12'!$G$133 -> 852 | AN16: ='12'!$G$15 -> 1252 | AO16: ='12'!$G$74 -> 300 | AP16: ='12'!$G$75 -> 0 | AQ16: ='12'!$G$76 -> 152 | AR16: ='12'!$G$77 -> 46 | AS16: ='12'!$G$78 -> 5 | AT16: =AN16-SUM(AO16:AS16) -> 749 | AU16: =SUM('12'!G91:G92) -> 10.75 | AV16: ='12'!$G$88 -> 11.53 | AW16: ='12'!$G$89 -> -0.36 | AX16: ='12'!$G$90 -> 8 | AY16: =SUM(AV16:AX16) -> 19.17 | BA16: =AO16-AQ16 -> 148 | BB16: =C16-SUM(F16:K16,Y16) -> 5841 | BC16: =BB16/B16% -> 23.82137
A17: 13 | B17: ='13'!G7 -> 23265 | C17: ='13'!G8 -> 23684 | D17: ='13'!G15 -> 1211 | E17: ='13'!G20 -> 294 | F17: =SUM('13'!G35,'13'!G49) -> 3767 | G17: =SUM('13'!G37,'13'!G51) -> 1431 | H17: =SUM('13'!G38,'13'!G52) -> 2095 | I17: =SUM('13'!G39,'13'!G53) -> 3101 | J17: =SUM('13'!G41,'13'!G42,'13'!G55,'13'!G56) -> 5072 | K17: =SUM('13'!G43,'13'!G57) -> 2771 | L17: ='13'!G50 -> 1701 | M17: ='13'!G36 -> 1205 | N17: ='13'!G138 -> 100 | O17: ='13'!$G$139 -> 4 | P17: ='13'!$G$140 -> 1 | Q17: ='13'!$G$141 -> 208 | R17: ='13'!$G$142 -> 18 | S17: ='13'!$G$145 -> 61 | T17: ='13'!$G$146 -> 461 | U17: ='13'!$G$144 -> 236 | V17: ='13'!$G$147 -> 486 | W17: ='13'!$G$148 -> 316 | X17: ='13'!$G$143 -> 30 | Y17: ='13'!$G$58 -> 230 | Z17: ='13'!$G$151 -> 226 | AA17: ='13'!G161 -> 1 | AB17: ='13'!G162 -> 34 | AC17: ='13'!G88 -> 0 | AD17: ='13'!G163+'13'!G164 -> 98 | AE17: ='13'!$G$116 -> 0 | AF17: ='13'!$G$117 -> 26 | AG17: ='13'!$G$118 -> 408 | AH17: ='13'!$G$119 -> 466 | AI17: ='13'!$G$120 -> 422 | AJ17: ='13'!$G$121 -> 788 | AK17: ='13'!$G$122 -> 323 | AL17: ='13'!$G$123 -> 358 | AM17: ='13'!$G$133 -> 828 | AN17: ='13'!$G$15 -> 1211 | AO17: ='13'!$G$74 -> 329 | AP17: ='13'!$G$75 -> 0 | AQ17: ='13'!$G$76 -> 139 | AR17: ='13'!$G$77 -> 66 | AS17: ='13'!$G$78 -> 0 | AT17: =AN17-SUM(AO17:AS17) -> 677 | AU17: =SUM('13'!G91:G92) -> 11.53 | AV17: ='13'!$G$88 -> 0 | AW17: ='13'!$G$89 -> 11.53 | AX17: ='13'!$G$90 -> 7.03 | AY17: =SUM(AV17:AX17) -> 18.56 | BA17: =AO17-AT17 -> -348 | BB17: =C17-SUM(F17:K17,Y17) -> 5217 | BC17: =BB17/B17% -> 22.424242
A18: 14 | B18: ='14'!G7 -> 22739 | C18: ='14'!G8 -> 23059 | D18: ='14'!G15 -> 1124 | E18: ='14'!G20 -> 292 | F18: =SUM('14'!G35,'14'!G49) -> 3890 | G18: =SUM('14'!G37,'14'!G51) -> 1598 | H18: =SUM('14'!G38,'14'!G52) -> 2029 | I18: =SUM('14'!G39,'14'!G53) -> 3022 | J18: =SUM('14'!G41,'14'!G42,'14'!G55,'14'!G56) -> 3919 | K18: =SUM('14'!G43,'14'!G57) -> 2768 | L18: ='14'!G50 -> 1163 | M18: ='14'!G36 -> 1164 | N18: ='14'!G138 -> 123 | O18: ='14'!$G$139 -> 4 | P18: ='14'!$G$140 -> 0 | Q18: ='14'!$G$141 -> 185 | R18: ='14'!$G$142 -> 55 | S18: ='14'!$G$145 -> 55 | T18: ='14'!$G$146 -> 427 | U18: ='14'!$G$144 -> 233 | V18: ='14'!$G$147 -> 405 | W18: ='14'!$G$148 -> 321 | X18: ='14'!$G$143 -> 31 | Y18: ='14'!$G$58 -> 226 | Z18: ='14'!$G$151 -> 395 | AA18: ='14'!G161 -> 5 | AB18: ='14'!G162 -> 37 | AC18: ='14'!G88 -> 0 | AD18: ='14'!G163+'14'!G164 -> 133 | AE18: ='14'!$G$116 -> 0 | AF18: ='14'!$G$117 -> 20 | AG18: ='14'!$G$118 -> 426 | AH18: ='14'!$G$119 -> 415 | AI18: ='14'!$G$120 -> 386 | AJ18: ='14'!$G$121 -> 751 | AK18: ='14'!$G$122 -> 338 | AL18: ='14'!$G$123 -> 363 | AM18: ='14'!$G$133 -> 833 | AN18: ='14'!$G$15 -> 1124 | AO18: ='14'!$G$74 -> 321 | AP18: ='14'!$G$75 -> 0 | AQ18: ='14'!$G$76 -> 110 | AR18: ='14'!$G$77 -> 39 | AS18: ='14'!$G$78 -> 0 | AT18: =AN18-SUM(AO18:AS18) -> 654 | AU18: =SUM('14'!G91:G92) -> 11.23 | AV18: ='14'!$G$88 -> 0 | AW18: ='14'!$G$89 -> 11.72 | AX18: ='14'!$G$90 -> 6.17 | AY18: =SUM(AV18:AX18) -> 17.89 | BA18: =AO18-AT18 -> -333 | BB18: =C18-SUM(F18:K18,Y18) -> 5607 | BC18: =BB18/B18% -> 24.658076
A19: 15 | B19: ='15'!G7 -> 23186 | C19: ='15'!G8 -> 23584 | D19: ='15'!G15 -> 1178.13 | E19: ='15'!G20 -> 240 | F19: =SUM('15'!G35,'15'!G49) -> 3797 | G19: =SUM('15'!G37,'15'!G51) -> 1543 | H19: =SUM('15'!G38,'15'!G52) -> 1931 | I19: =SUM('15'!G39,'15'!G53) -> 2939 | J19: =SUM('15'!G41,'15'!G42,'15'!G55,'15'!G56) -> 5187 | K19: =SUM('15'!G43,'15'!G57) -> 2748 | L19: ='15'!G50 -> 1582 | M19: ='15'!G36 -> 1099 | N19: ='15'!G138 -> 106 | O19: ='15'!$G$139 -> 1 | P19: ='15'!$G$140 -> 0 | Q19: ='15'!$G$141 -> 200 | R19: ='15'!$G$142 -> 73 | S19: ='15'!$G$145 -> 33 | T19: ='15'!$G$146 -> 420 | U19: ='15'!$G$144 -> 225 | V19: ='15'!$G$147 -> 407 | W19: ='15'!$G$148 -> 283 | X19: ='15'!$G$143 -> 33 | Y19: ='15'!$G$58 -> 251 | Z19: ='15'!$G$151 -> 234 | AA19: ='15'!G161 -> 2 | AB19: ='15'!G162 -> 33 | AC19: ='15'!G88 -> 0 | AD19: ='15'!G163+'15'!G164 -> 140 | AE19: ='15'!$G$116 -> 0 | AF19: ='15'!$G$117 -> 20 | AG19: ='15'!$G$118 -> 419 | AH19: ='15'!$G$119 -> 429 | AI19: ='15'!$G$120 -> 375 | AJ19: ='15'!$G$121 -> 741 | AK19: ='15'!$G$122 -> 372 | AL19: ='15'!$G$123 -> 389 | AM19: ='15'!$G$133 -> 818 | AN19: ='15'!$G$15 -> 1178.13 | AO19: ='15'!$G$74 -> 322 | AP19: ='15'!$G$75 -> 0 | AQ19: ='15'!$G$76 -> 130.6 | AR19: ='15'!$G$77 -> 45.6 | AS19: ='15'!$G$78 -> 4.7 | AT19: =AN19-SUM(AO19:AS19) -> 675.23 | AU19: =SUM('15'!G91:G92) -> 11.26 | AV19: ='15'!$G$88 -> 0 | AW19: ='15'!$G$89 -> 10.21 | AX19: ='15'!$G$90 -> 9.77 | AY19: =SUM(AV19:AX19) -> 19.98 | BA19: =AO19-AT19 -> -353.23 | BB19: =C19-SUM(F19:K19,Y19) -> 5188 | BC19: =BB19/B19% -> 22.375571
A20: 16 | B20: ='16'!G7 -> 22062.95 | C20: ='16'!G8 -> 22268.71 | D20: ='16'!G15 -> 1154.87 | E20: ='16'!G20 -> 268 | F20: =SUM('16'!G35,'16'!G49) -> 3731.68 | G20: =SUM('16'!G37,'16'!G51) -> 1565.33 | H20: =SUM('16'!G38,'16'!G52) -> 1985.61 | I20: =SUM('16'!G39,'16'!G53) -> 2949.87 | J20: =SUM('16'!G41,'16'!G42,'16'!G55,'16'!G56) -> 5082.53 | K20: =SUM('16'!G43,'16'!G57) -> 2590.2 | L20: ='16'!G50 -> 1041.38 | M20: ='16'!G36 -> 1204.26 | N20: ='16'!G138 -> 118 | O20: ='16'!$G$139 -> 5 | P20: ='16'!$G$140 -> 0 | Q20: ='16'!$G$141 -> 192.8 | R20: ='16'!$G$142 -> 72.98 | S20: ='16'!$G$145 -> 63.09 | T20: ='16'!$G$146 -> 426.6 | U20: ='16'!$G$144 -> 239 | V20: ='16'!$G$147 -> 417 | W20: ='16'!$G$148 -> 276 | X20: ='16'!$G$143 -> 29.58 | Y20: ='16'!$G$58 -> 223.35 | Z20: ='16'!$G$151 -> 242 | AA20: ='16'!G161 -> 0 | AB20: ='16'!G162 -> 32.5 | AC20: ='16'!G88 -> -0.4 | AD20: ='16'!G163+'16'!G164 -> 110.5 | AE20: ='16'!$G$116 -> 0 | AF20: ='16'!$G$117 -> 14.5 | AG20: ='16'!$G$118 -> 401.31 | AH20: ='16'!$G$119 -> 430.61 | AI20: ='16'!$G$120 -> 407.55 | AJ20: ='16'!$G$121 -> 755.35 | AK20: ='16'!$G$122 -> 381.71 | AL20: ='16'!$G$123 -> 401.99 | AM20: ='16'!$G$133 -> 835.41 | AN20: ='16'!$G$15 -> 1154.87 | AO20: ='16'!$G$74 -> 330.41 | AP20: ='16'!$G$75 -> 0 | AQ20: ='16'!$G$76 -> 136.82 | AR20: ='16'!$G$77 -> 45.5 | AS20: ='16'!$G$78 -> 2.1 | AT20: =AN20-SUM(AO20:AS20) -> 640.04 | AU20: =SUM('16'!G91:G92) -> 11.82 | AV20: ='16'!$G$88 -> -0.4 | AW20: ='16'!$G$89 -> 10.53 | AX20: ='16'!$G$90 -> 6.39 | AY20: =SUM(AV20:AX20) -> 16.52 | BA20: =AO20-AT20 -> -309.63 | BB20: =C20-SUM(F20:K20,Y20) -> 4140.14 | BC20: =BB20/B20% -> 18.765124
A21: 17 | B21: ='17'!G7 -> 23850.65 | C21: ='17'!G8 -> 24204.29 | D21: ='17'!G15 -> 1138.822 | E21: ='17'!G20 -> 234 | F21: =SUM('17'!G35,'17'!G49) -> 3551.81 | G21: =SUM('17'!G37,'17'!G51) -> 1583.54 | H21: =SUM('17'!G38,'17'!G52) -> 2168.16 | I21: =SUM('17'!G39,'17'!G53) -> 3084.48 | J21: =SUM('17'!G41,'17'!G42,'17'!G55,'17'!G56) -> 5645.21 | K21: =SUM('17'!G43,'17'!G57) -> 2782.73 | L21: ='17'!G50 -> 1241.5 | M21: ='17'!G36 -> 1285.63 | N21: ='18 '!G138 -> 133 | O21: ='17'!$G$139 -> 40 | P21: ='17'!$G$140 -> 0 | Q21: ='17'!$G$141 -> 234.83 | R21: ='17'!$G$142 -> 70.21 | S21: ='17'!$G$145 -> 47.78 | T21: ='17'!$G$146 -> 499.4 | U21: ='17'!$G$144 -> 233 | V21: ='17'!$G$147 -> 401.92 | W21: ='17'!$G$148 -> 277.44 | X21: ='17'!$G$143 -> 27.48 | Y21: ='17'!$G$58 -> 201.65 | Z21: ='17'!$G$151 -> 255 | AA21: ='17'!G161 -> 0.8 | AB21: ='17'!G162 -> 33.5 | AC21: ='17'!G88 -> 0.4 | AD21: ='17'!G163+'17'!G164 -> 98.7 | AE21: ='17'!$G$116 -> 0 | AF21: ='17'!$G$117 -> 13.43 | AG21: ='17'!$G$118 -> 403.92 | AH21: ='17'!$G$119 -> 432.6 | AI21: ='17'!$G$120 -> 401.57 | AJ21: ='17'!$G$121 -> 765 | AK21: ='17'!$G$122 -> 386.38 | AL21: ='17'!$G$123 -> 406.65 | AM21: ='17'!$G$133 -> 869.2 | AN21: ='17'!$G$15 -> 1138.822 | AO21: ='17'!$G$74 -> 317.42 | AP21: ='17'!$G$75 -> 0 | AQ21: ='17'!$G$76 -> 123.58 | AR21: ='17'!$G$77 -> 52.4 | AS21: ='17'!$G$78 -> 2.2 | AT21: =AN21-SUM(AO21:AS21) -> 643.222 | AU21: =SUM('17'!G91:G92) -> 10.97 | AV21: ='17'!$G$88 -> 0.4 | AW21: ='17'!$G$89 -> 10.94 | AX21: ='17'!$G$90 -> 6.62 | AY21: =SUM(AV21:AX21) -> 17.96 | BA21: =AO21-AT21 -> -325.802 | BB21: =C21-SUM(F21:K21,Y21) -> 5186.71 | BC21: =BB21/B21% -> 21.746619
A22: 18 | B22: ='18 '!G7 -> 22823.75 | C22: ='18 '!G8 -> 23137.75 | D22: ='18 '!G15 -> 1215.284 | E22: ='18 '!G20 -> 273 | F22: =SUM('18 '!G35,'18 '!G49) -> 3379.97 | G22: =SUM('18 '!G37,'18 '!G51) -> 1564.6 | H22: =SUM('18 '!G38,'18 '!G52) -> 2082.22 | I22: =SUM('18 '!G39,'18 '!G53) -> 2894.04 | J22: =SUM('18 '!G41,'18 '!G42,'18 '!G55,'18 '!G56) -> 5311.51 | K22: =SUM('18 '!G43,'18 '!G57) -> 2787.94 | L22: ='18 '!G50 -> 1452.43 | M22: ='18 '!G36 -> 1224.04 | N22: ='18 '!G138 -> 133 | O22: ='18 '!$G$139 -> 24 | P22: ='18 '!$G$140 -> 13.5 | Q22: ='18 '!$G$141 -> 191 | R22: ='18 '!$G$142 -> 71.01 | S22: ='18 '!$G$145 -> 42.65 | T22: ='18 '!$G$146 -> 401 | U22: ='18 '!$G$144 -> 234 | V22: ='18 '!$G$147 -> 417.12 | W22: ='18 '!$G$148 -> 350.32 | X22: ='18 '!$G$143 -> 38.2 | Y22: ='18 '!$G$58 -> 238.66 | Z22: ='18 '!$G$151 -> 251 | AA22: ='18 '!G161 -> 7.04 | AB22: ='18 '!G162 -> 27.5 | AC22: ='18 '!G88 -> 0 | AD22: ='18 '!G163+'18 '!G164 -> 35.2 | AE22: ='18 '!$G$116 -> 0 | AF22: ='18 '!$G$117 -> 17.99 | AG22: ='18 '!$G$118 -> 345.56 | AH22: ='18 '!$G$119 -> 436.52 | AI22: ='18 '!$G$120 -> 407.35 | AJ22: ='18 '!$G$121 -> 738.02 | AK22: ='18 '!$G$122 -> 356.22 | AL22: ='18 '!$G$123 -> 385.614 | AM22: ='18 '!$G$133 -> 832.87 | AN22: ='18 '!$G$15 -> 1215.284 | AO22: ='18 '!$G$74 -> 305.65 | AP22: ='18 '!$G$75 -> 0 | AQ22: ='18 '!$G$76 -> 134.6 | AR22: ='18 '!$G$77 -> 55.2 | AS22: ='18 '!$G$78 -> 1.9 | AT22: =AN22-SUM(AO22:AS22) -> 717.934 | AU22: =SUM('18 '!G91:G92) -> 10.71 | AV22: ='18 '!$G$88 -> 0 | AW22: ='18 '!$G$89 -> 12.59 | AX22: ='18 '!$G$90 -> 6.29 | AY22: =SUM(AV22:AX22) -> 18.88 | BA22: =AO22-AT22 -> -412.284 | BB22: =C22-SUM(F22:K22,Y22) -> 4878.81 | BC22: =BB22/B22% -> 21.376023
A23: 19 | B23: ='19'!G7 -> 22978 | C23: ='19'!G8 -> 23251.63 | D23: ='19'!G15 -> 1150.294 | E23: ='19'!G20 -> 273 | F23: =SUM('19'!G35,'19'!G49) -> 3420.04 | G23: =SUM('19'!G37,'19'!G51) -> 1585.36 | H23: =SUM('19'!G38,'19'!G52) -> 2024.94 | I23: =SUM('19'!G39,'19'!G53) -> 3077.56 | J23: =SUM('19'!G41,'19'!G42,'19'!G55,'19'!G56) -> 5180.54 | K23: =SUM('19'!G43,'19'!G57) -> 2794.76 | L23: ='19'!G50 -> 1631.18 | M23: ='19'!G36 -> 1132.07 | N23: ='19'!G138 -> 114 | O23: ='19'!$G$139 -> 15 | P23: ='19'!$G$140 -> 1.3 | Q23: ='19'!$G$141 -> 203.16 | R23: ='19'!G142 -> 77.9 | S23: ='19'!$G$145 -> 38.45 | T23: ='19'!$G$146 -> 489 | U23: ='19'!$G$144 -> 232 | V23: ='19'!$G$147 -> 466.4 | W23: ='19'!$G$148 -> 368.99 | X23: ='19'!$G$143 -> 29.31 | Y23: ='19'!$G$58 -> 199.79 | Z23: ='19'!$G$151 -> 223 | AA23: ='19'!G161 -> 3.08 | AB23: ='19'!G162 -> 12 | AC23: ='19'!G88 -> 0 | AD23: ='19'!G163+'19'!G164 -> 36.6 | AE23: ='19'!$G$116 -> 0 | AF23: ='19'!$G$117 -> 16.26 | AG23: ='19'!$G$118 -> 349.66 | AH23: ='19'!$G$119 -> 462.1 | AI23: ='19'!$G$120 -> 410.43 | AJ23: ='19'!$G$121 -> 763.63 | AK23: ='19'!$G$122 -> 364.69 | AL23: ='19'!$G$123 -> 387.746 | AM23: ='19'!$G$133 -> 858.88 | AN23: ='19'!$G$15 -> 1150.294 | AO23: ='19'!$G$74 -> 312.83 | AP23: ='19'!$G$75 -> 0 | AQ23: ='19'!$G$76 -> 149.6 | AR23: ='19'!$G$77 -> 69.6 | AS23: ='19'!$G$78 -> 1.8 | AT23: =AN23-SUM(AO23:AS23) -> 616.464 | AU23: =SUM('19'!G91:G92) -> 10.99 | AV23: ='19'!$G$88 -> 0 | AW23: ='19'!$G$89 -> 9.79 | AX23: ='19'!$G$90 -> 6.68 | AY23: =SUM(AV23:AX23) -> 16.47 | BA23: =AO23-AT23 -> -303.634 | BB23: =C23-SUM(F23:K23,Y23) -> 4968.64 | BC23: =BB23/B23% -> 21.623466
A24: 20 | B24: ='20'!G7 -> 21084.16 | C24: ='20'!G8 -> 21299.93 | D24: ='20'!G15 -> 1154.41 | E24: ='20'!G20 -> 273 | F24: =SUM('20'!G35,'20'!G49) -> 3485.58 | G24: =SUM('20'!G37,'20'!G51) -> 1629.82 | H24: =SUM('20'!G38,'20'!G52) -> 1975.1 | I24: =SUM('20'!G39,'20'!G53) -> 2849.68 | J24: =SUM('20'!G41,'20'!G42,'20'!G55,'20'!G56) -> 4532.26 | K24: =SUM('20'!G43,'20'!G57) -> 2718.96 | L24: ='20'!G50 -> 1114.71 | M24: ='20'!G36 -> 926.36 | N24: ='20'!G138 -> 111 | O24: ='20'!$G$139 -> 1 | P24: ='20'!$G$140 -> 1.8 | Q24: ='20'!$G$141 -> 205.82 | R24: ='20'!$G$142 -> 69.99 | S24: ='20'!$G$145 -> 28.07 | T24: ='20'!$G$146 -> 467 | U24: ='20'!$G$144 -> 238 | V24: ='20'!$G$147 -> 376.08 | W24: ='20'!$G$148 -> 279.65 | X24: ='20'!$G$143 -> 29.5 | Y24: ='20'!$G$58 -> 227.42 | Z24: ='20'!$G$151 -> 233 | AA24: ='20'!G161 -> 2.88 | AB24: ='20'!G162 -> 32.3 | AC24: ='20'!G88 -> 0 | AD24: ='20'!G163+'20'!G164 -> 71.6 | AE24: ='20'!$G$116 -> 0 | AF24: ='20'!$G$117 -> 27.98 | AG24: ='20'!$G$118 -> 418.84 | AH24: ='20'!$G$119 -> 437.4 | AI24: ='20'!$G$120 -> 425.51 | AJ24: ='20'!$G$121 -> 777.71 | AK24: ='20'!$G$122 -> 263.63 | AL24: ='20'!$G$123 -> 362.28 | AM24: ='20'!$G$133 -> 846.91 | AN24: ='20'!$G$15 -> 1154.41 | AO24: ='20'!$G$74 -> 318.69 | AP24: ='20'!$G$75 -> 0 | AQ24: ='20'!$G$76 -> 127.05 | AR24: ='20'!$G$77 -> 46.7 | AS24: ='20'!$G$78 -> 1.3 | AT24: =AN24-SUM(AO24:AS24) -> 660.67 | AU24: =SUM('20'!G91:G92) -> 11.14 | AV24: ='20'!$G$88 -> 0 | AW24: ='20'!$G$89 -> 11.68 | AX24: ='20'!$G$90 -> 6.16 | AY24: =SUM(AV24:AX24) -> 17.84 | BA24: =AO24-AT24 -> -341.98 | BB24: =C24-SUM(F24:K24,Y24) -> 3881.11 | BC24: =BB24/B24% -> 18.407705
A25: 21 | B25: ='21'!G7 -> 20828.56 | C25: ='21'!G8 -> 21040.8 | D25: ='21'!G15 -> 1115.57 | E25: ='21'!G20 -> 271 | F25: =SUM('21'!G35,'21'!G49) -> 3149.21 | G25: =SUM('21'!G37,'21'!G51) -> 1625.5 | H25: =SUM('21'!G38,'21'!G52) -> 1893.84 | I25: =SUM('21'!G39,'21'!G53) -> 2810.6 | J25: =SUM('21'!G41,'21'!G42,'21'!G55,'21'!G56) -> 4666.08 | K25: =SUM('21'!G43,'21'!G57) -> 2692.16 | L25: ='21'!G50 -> 1116.68 | M25: ='21'!G36 -> 1038.03 | N25: ='21'!G138 -> 91 | O25: ='21'!$G$139 -> 3 | P25: ='21'!$G$140 -> 0.6 | Q25: ='21'!$G$141 -> 199.97 | R25: ='21'!$G$142 -> 73.22 | S25: ='21'!$G$145 -> 23.89 | T25: ='21'!$G$146 -> 497 | U25: ='21'!$G$144 -> 242 | V25: ='21'!$G$147 -> 406.96 | W25: ='21'!$G$148 -> 278.08 | X25: ='21'!$G$143 -> 25.53 | Y25: ='21'!$G$58 -> 221.16 | Z25: ='21'!$G$151 -> 214 | AA25: ='21'!G161 -> 2.96 | AB25: ='21'!G162 -> 33.7 | AC25: ='21'!G88 -> 0 | AD25: ='21'!G163+'21'!G164 -> 85.2 | AE25: ='21'!$G$116 -> 0 | AF25: ='21'!$G$117 -> 25.78 | AG25: ='21'!$G$118 -> 412.9 | AH25: ='21'!$G$119 -> 426.22 | AI25: ='21'!$G$120 -> 416.89 | AJ25: ='21'!$G$121 -> 783.8 | AK25: ='21'!$G$122 -> 257.5 | AL25: ='21'!$G$123 -> 384.55 | AM25: ='21'!$G$133 -> 706.69 | AN25: ='21'!$G$15 -> 1115.57 | AO25: ='21'!$G$74 -> 321.21 | AP25: ='21'!$G$75 -> 0 | AQ25: ='21'!$G$76 -> 111.48 | AR25: ='21'!$G$77 -> 55 | AS25: ='21'!$G$78 -> 1 | AT25: =AN25-SUM(AO25:AS25) -> 626.88 | AU25: =SUM('21'!G91:G92) -> 11.17 | AV25: ='21'!$G$88 -> 0 | AW25: ='21'!$G$89 -> 10.63 | AX25: ='21'!$G$90 -> 6.31 | AY25: =SUM(AV25:AX25) -> 16.94 | BA25: =AO25-AT25 -> -305.67 | BB25: =C25-SUM(F25:K25,Y25) -> 3982.25 | BC25: =BB25/B25% -> 19.119181
A26: 22 | B26: ='22'!G7 -> 20615.52 | C26: ='22'!G8 -> 20778.08 | D26: ='22'!G15 -> 1062.46 | E26: ='22'!G20 -> 241 | F26: =SUM('22'!G35,'22'!G49) -> 3084.49 | G26: =SUM('22'!G37,'22'!G51) -> 1590.14 | H26: =SUM('22'!G38,'22'!G52) -> 1914.58 | I26: =SUM('22'!G39,'22'!G53) -> 2775.92 | J26: =SUM('22'!G41,'22'!G42,'22'!G55,'22'!G56) -> 4737.31 | K26: =SUM('22'!G43,'22'!G57) -> 2692.75 | L26: ='22'!G50 -> 1108.01 | M26: ='22'!G36 -> 919.97 | N26: ='22'!G138 -> 109 | O26: ='22'!$G$139 -> 4 | P26: ='22'!$G$140 -> 1.2 | Q26: ='22'!$G$141 -> 197.44 | R26: ='22'!$G$142 -> 74.38 | S26: ='22'!$G$145 -> 25.14 | T26: ='22'!$G$146 -> 500 | U26: ='22'!$G$144 -> 251 | V26: ='22'!$G$147 -> 402.64 | W26: ='22'!$G$148 -> 297.76 | X26: ='22'!$G$143 -> 27.42 | Y26: ='22'!$G$58 -> 215.01 | Z26: ='22'!$G$151 -> 225 | AA26: ='22'!G161 -> 2.28 | AB26: ='22'!G162 -> 41 | AC26: ='22'!G88 -> 0 | AD26: ='22'!G163+'22'!G164 -> 84.7 | AE26: ='22'!$G$116 -> 0 | AF26: ='22'!$G$117 -> 14.99 | AG26: ='22'!$G$118 -> 405.7 | AH26: ='22'!$G$119 -> 427.52 | AI26: ='22'!$G$120 -> 412.21 | AJ26: ='22'!$G$121 -> 776.84 | AK26: ='22'!$G$122 -> 235.58 | AL26: ='22'!$G$123 -> 354.81 | AM26: ='22'!$G$133 -> 649.1 | AN26: ='22'!$G$15 -> 1062.46 | AO26: ='22'!$G$74 -> 332.31 | AP26: ='22'!$G$75 -> 0 | AQ26: ='22'!$G$76 -> 92.07 | AR26: ='22'!$G$77 -> 47.9 | AS26: ='22'!$G$78 -> 1.7 | AT26: =AN26-SUM(AO26:AS26) -> 588.48 | AU26: =SUM('22'!G91:G92) -> 11.44 | AV26: ='22'!$G$88 -> 0 | AW26: ='22'!$G$89 -> 10.01 | AX26: ='22'!$G$90 -> 5.66 | AY26: =SUM(AV26:AX26) -> 15.67 | BA26: =AO26-AT26 -> -256.17 | BB26: =C26-SUM(F26:K26,Y26) -> 3767.88 | BC26: =BB26/B26% -> 18.27691
A27: 23 | B27: ='23'!G7 -> 20145.41 | C27: ='23'!G8 -> 20368.81 | D27: ='23'!G15 -> 1066.16 | E27: ='23'!G20 -> 249 | F27: =SUM('23'!G35,'23'!G49) -> 3026.22 | G27: =SUM('23'!G37,'23'!G51) -> 1586.71 | H27: =SUM('23'!G38,'23'!G52) -> 1933.55 | I27: =SUM('23'!G39,'23'!G53) -> 2743.85 | J27: =SUM('23'!G41,'23'!G42,'23'!G55,'23'!G56) -> 4454.1 | K27: =SUM('23'!G43,'23'!G57) -> 2677.5 | L27: ='23'!G50 -> 1077.11 | M27: ='23'!G36 -> 821.64 | N27: ='23'!G138 -> 125 | O27: ='23'!G139 -> 14 | P27: ='23'!$G$140 -> 0 | Q27: ='23'!$G$141 -> 198.98 | R27: ='23'!$G$142 -> 71.31 | S27: ='23'!$G$145 -> 24.93 | T27: ='23'!$G$146 -> 482 | U27: ='23'!$G$144 -> 234 | V27: ='23'!$G$147 -> 373.88 | W27: ='23'!$G$148 -> 263.76 | X27: ='23'!$G$143 -> 21.98 | Y27: ='23'!$G$58 -> 235.96 | Z27: ='23'!$G$151 -> 212 | AA27: ='23'!$G$161 -> -0.04 | AB27: ='23'!G162 -> 37.5 | AC27: ='23'!G88 -> 0 | AD27: ='23'!G163+'23'!G164 -> 63.5 | AE27: ='23'!$G$116 -> 0 | AF27: ='23'!$G$117 -> 15.07 | AG27: ='23'!$G$118 -> 376.11 | AH27: ='23'!$G$119 -> 438.03 | AI27: ='23'!$G$120 -> 435.49 | AJ27: ='23'!$G$121 -> 758.65 | AK27: ='23'!$G$122 -> 191.29 | AL27: ='23'!$G$123 -> 351.36 | AM27: ='23'!$G$133 -> 663.94 | AN27: ='23'!$G$15 -> 1066.16 | AO27: ='23'!$G$74 -> 301.48 | AP27: ='23'!$G$75 -> 0 | AQ27: ='23'!$G$76 -> 120.2 | AR27: ='23'!$G$77 -> 41.1 | AS27: ='23'!$G$78 -> 1.3 | AT27: =AN27-SUM(AO27:AS27) -> 602.08 | AU27: =SUM('23'!G91:G92) -> 10.73 | AV27: ='23'!$G$88 -> 0 | AW27: ='23'!$G$89 -> 10.42 | AX27: ='23'!$G$90 -> 5.54 | AY27: =SUM(AV27:AX27) -> 15.96 | BA27: =AO27-AT27 -> -300.6 | BB27: =C27-SUM(F27:K27,Y27) -> 3710.92 | BC27: =BB27/B27% -> 18.420673
A28: 24 | B28: ='24'!G7 -> 20483 | C28: ='24'!G8 -> 20704 | D28: ='24'!G15 -> 1076 | E28: ='24'!G20 -> 234 | F28: =SUM('24'!G35,'24'!G49) -> 3095 | G28: =SUM('24'!G37,'24'!G51) -> 1616 | H28: =SUM('24'!G38,'24'!G52) -> 1954 | I28: =SUM('24'!G39,'24'!G53) -> 2746 | J28: =SUM('24'!G41,'24'!G42,'24'!G55,'24'!G56) -> 4621 | K28: =SUM('24'!G43,'24'!G57) -> 2687 | L28: ='24'!G50 -> 1032 | M28: ='24'!G36 -> 955 | N28: ='24'!G138 -> 118 | O28: ='24'!G139 -> 7 | P28: ='24'!$G$140 -> -0.4 | Q28: ='24'!$G$141 -> 208 | R28: ='24'!$G$142 -> 78 | S28: ='24'!$G$145 -> 20 | T28: ='24'!$G$146 -> 448 | U28: ='24'!$G$144 -> 245 | V28: ='24'!$G$147 -> 380 | W28: ='24'!$G$148 -> 285 | X28: ='24'!$G$143 -> 23 | Y28: ='24'!$G$58 -> 218 | Z28: ='24'!$G$151 -> 247 | AA28: ='24'!G161 -> 0 | AB28: ='24'!G162 -> 31 | AC28: ='24'!G88 -> 2.44 | AD28: ='24'!G163+'24'!G164 -> 67 | AE28: ='24'!$G$116 -> 0 | AF28: ='24'!$G$117 -> 15 | AG28: ='24'!$G$118 -> 388 | AH28: ='24'!$G$119 -> 417 | AI28: ='24'!$G$120 -> 438 | AJ28: ='24'!$G$121 -> 794 | AK28: ='24'!$G$122 -> 191 | AL28: ='24'!$G$123 -> 348 | AM28: ='24'!$G$133 -> 679 | AN28: ='24'!$G$15 -> 1076 | AO28: ='24'!$G$74 -> 299 | AP28: ='24'!$G$75 -> 0 | AQ28: ='24'!$G$76 -> 121 | AR28: ='24'!$G$77 -> 43 | AS28: ='24'!$G$78 -> 2 | AT28: =AN28-SUM(AO28:AS28) -> 611 | AU28: =SUM('24'!G91:G92) -> 10.26 | AV28: ='24'!$G$88 -> 2.44 | AW28: ='24'!$G$89 -> 7.31 | AX28: ='24'!$G$90 -> 5.18 | AY28: =SUM(AV28:AX28) -> 14.93 | BA28: =AO28-AT28 -> -312 | BB28: =C28-SUM(F28:K28,Y28) -> 3767 | BC28: =BB28/B28% -> 18.390861
