Workbook

Sheet TOTAL
A1: Site Name | B1: Day | C1: Month | D1: Year | E1: Total Electricity Kwh | F1: Electricity Tariff ($/Kwh) | G1: LPG (Kg) | H1: LPG $/Kg | I1: Water Utility Supply (m3) m3 | J1: Water Utility Supply (m3) $/m3 | K1: Room Nights | L1: Food Covers
A2: Maldives at Landaa Giraavaru | B2: 1 | C2: 12 | D2: 2021 | E2: ='Maldives at LG Daily'!D5 -> 3140352 | F2: 0.93 | G2: ='Maldives at LG Daily'!F5 -> 225 | H2: 1.24 | I2: ='Maldives at LG Daily'!H5 -> 414 | J2: 2.16 | K2: ='Maldives at LG Daily'!I5 -> 37.9 | L2: ='Maldives at LG Daily'!J5 -> 231
A3: Maldives at Landaa Giraavaru | B3: =B2+1 -> 2 | C3: 12 | D3: 2021 | E3: ='Maldives at LG Daily'!D6 -> 26010 | F3: 0.93 | G3: ='Maldives at LG Daily'!F6 -> 0 | H3: 1.24 | I3: ='Maldives at LG Daily'!H6 -> 369 | J3: 2.16 | K3: ='Maldives at LG Daily'!I6 -> 44.7 | L3: ='Maldives at LG Daily'!J6 -> 282
A4: Maldives at Landaa Giraavaru | B4: =B3+1 -> 3 | C4: 12 | D4: 2021 | E4: ='Maldives at LG Daily'!D7 -> 26063 | F4: 0.93 | G4: ='Maldives at LG Daily'!F7 -> 45 | H4: 1.24 | I4: ='Maldives at LG Daily'!H7 -> 438 | J4: 2.16 | K4: ='Maldives at LG Daily'!I7 -> 40.8 | L4: ='Maldives at LG Daily'!J7 -> 289
A5: Maldives at Landaa Giraavaru | B5: =B4+1 -> 4 | C5: 12 | D5: 2021 | E5: ='Maldives at LG Daily'!D8 -> 27067 | F5: 0.93 | G5: ='Maldives at LG Daily'!F8 -> 0 | H5: 1.24 | I5: ='Maldives at LG Daily'!H8 -> 427 | J5: 2.16 | K5: ='Maldives at LG Daily'!I8 -> 36.9 | L5: ='Maldives at LG Daily'!J8 -> 227
A6: Maldives at Landaa Giraavaru | B6: =B5+1 -> 5 | C6: 12 | D6: 2021 | E6: ='Maldives at LG Daily'!D9 -> 25673 | F6: 0.93 | G6: ='Maldives at LG Daily'!F9 -> 0 | H6: 1.24 | I6: ='Maldives at LG Daily'!H9 -> 423 | J6: 2.16 | K6: ='Maldives at LG Daily'!I9 -> 28.2 | L6: ='Maldives at LG Daily'!J9 -> 200
A7: Maldives at Landaa Giraavaru | B7: =B6+1 -> 6 | C7: 12 | D7: 2021 | E7: ='Maldives at LG Daily'!D10 -> 26011 | F7: 0.93 | G7: ='Maldives at LG Daily'!F10 -> 0 | H7: 1.24 | I7: ='Maldives at LG Daily'!H10 -> 347 | J7: 2.16 | K7: ='Maldives at LG Daily'!I10 -> 28.2 | L7: ='Maldives at LG Daily'!J10 -> 192
A8: Maldives at Landaa Giraavaru | B8: =B7+1 -> 7 | C8: 12 | D8: 2021 | E8: ='Maldives at LG Daily'!D11 -> 25920 | F8: 0.93 | G8: ='Maldives at LG Daily'!F11 -> 45 | H8: 1.24 | I8: ='Maldives at LG Daily'!H11 -> 413 | J8: 2.16 | K8: ='Maldives at LG Daily'!I11 -> 27.2 | L8: ='Maldives at LG Daily'!J11 -> 204
A9: Maldives at Landaa Giraavaru | B9: =B8+1 -> 8 | C9: 12 | D9: 2021 | E9: ='Maldives at LG Daily'!D12 -> 27545 | F9: 0.93 | G9: ='Maldives at LG Daily'!F12 -> 0 | H9: 1.24 | I9: ='Maldives at LG Daily'!H12 -> 417 | J9: 2.16 | K9: ='Maldives at LG Daily'!I12 -> 27.2 | L9: ='Maldives at LG Daily'!J12 -> 206
A10: Maldives at Landaa Giraavaru | B10: =B9+1 -> 9 | C10: 12 | D10: 2021 | E10: ='Maldives at LG Daily'!D13 -> 25266 | F10: 0.93 | G10: ='Maldives at LG Daily'!F13 -> 0 | H10: 1.24 | I10: ='Maldives at LG Daily'!H13 -> 434 | J10: 2.16 | K10: ='Maldives at LG Daily'!I13 -> 27.2 | L10: ='Maldives at LG Daily'!J13 -> 206
A11: Maldives at Landaa Giraavaru | B11: =B10+1 -> 10 | C11: 12 | D11: 2021 | E11: ='Maldives at LG Daily'!D14 -> 25058 | F11: 0.93 | G11: ='Maldives at LG Daily'!F14 -> 0 | H11: 1.24 | I11: ='Maldives at LG Daily'!H14 -> 430 | J11: 2.16 | K11: ='Maldives at LG Daily'!I14 -> 21 | L11: ='Maldives at LG Daily'!J14 -> 161
A12: Maldives at Landaa Giraavaru | B12: =B11+1 -> 11 | C12: 12 | D12: 2021 | E12: ='Maldives at LG Daily'!D15 -> 27209 | F12: 0.93 | G12: ='Maldives at LG Daily'!F15 -> 45 | H12: 1.24 | I12: ='Maldives at LG Daily'!H15 -> 419 | J12: 2.16 | K12: ='Maldives at LG Daily'!I15 -> 25.2 | L12: ='Maldives at LG Daily'!J15 -> 195
A13: Maldives at Landaa Giraavaru | B13: =B12+1 -> 12 | C13: 12 | D13: 2021 | E13: ='Maldives at LG Daily'!D16 -> 26285 | F13: 0.93 | G13: ='Maldives at LG Daily'!F16 -> 0 | H13: 1.24 | I13: ='Maldives at LG Daily'!H16 -> 415 | J13: 2.16 | K13: ='Maldives at LG Daily'!I16 -> 29.1 | L13: ='Maldives at LG Daily'!J16 -> 232
A14: Maldives at Landaa Giraavaru | B14: =B13+1 -> 13 | C14: 12 | D14: 2021 | E14: ='Maldives at LG Daily'!D17 -> 25089 | F14: 0.93 | G14: ='Maldives at LG Daily'!F17 -> 0 | H14: 1.24 | I14: ='Maldives at LG Daily'!H17 -> 413 | J14: 2.16 | K14: ='Maldives at LG Daily'!I17 -> 35.9 | L14: ='Maldives at LG Daily'!J17 -> 279
... A30: Maldives at Landaa Giraavaru | B30: =B29+1 -> 29 | C30: 12 | D30: 2021 | E30: ='Maldives at LG Daily'!D33 -> 0 | F30: 0.93 | G30: ='Maldives at LG Daily'!F33 -> 45 | H30: 1.24 | I30: ='Maldives at LG Daily'!H33 -> 0 | J30: 2.16 | K30: ='Maldives at LG Daily'!I33 -> 0 | L30: ='Maldives at LG Daily'!J33 -> 0
A31: Maldives at Landaa Giraavaru | B31: 30 | C31: 12 | D31: 2021 | E31: ='Maldives at LG Daily'!D34 -> 0 | F31: 0.93 | G31: ='Maldives at LG Daily'!F34 -> 0 | H31: 1.24 | I31: ='Maldives at LG Daily'!H34 -> 0 | J31: 2.16 | K31: ='Maldives at LG Daily'!I34 -> 0 | L31: ='Maldives at LG Daily'!J34 -> 0
A32: Maldives at Landaa Giraavaru | B32: 31 | C32: 12 | D32: 2021 | E32: ='Maldives at LG Daily'!D35 -> 0 | F32: 0.93 | G32: ='Maldives at LG Daily'!F35 -> 0 | H32: 1.24 | I32: ='Maldives at LG Daily'!H35 -> 0 | J32: 2.16 | K32: ='Maldives at LG Daily'!I35 -> 0 | L32: ='Maldives at LG Daily'!J35 -> 0

Sheet Maldives at LG Daily
A2: Days | C2: Electricity Meter (KWh) | E2: Gas Kg | G2: Water m3
A3: Date | C3: Reading KWH | D3: Difference KWH | E3: Reading Kg | F3: Difference Kg | G3: Reading m³ | H3: Daily Consumption m³ | I3: ROOM NIGHTS | J3: Total Food Covers
A4: 44530 | C4: ='[1]Maldives at LG Daily'!$C$35 -> 92090395 | D4: 26752 | E4: ='Gas-2'!G5 -> 0 | F4: 90 | G4: =SUM(WATER!G6,WATER!L6,WATER!Q6,WATER!B6) -> 1028310 | H4: 423
A5: =A4+1 -> 44531 | C5: =SUM('GENSET #1'!C10+'GENSET #2'!C10+'GENSET #3'!C10+'GENSET #4'!C10+'GENSET #5'!C10) -> 95230747 | D5: =IF((C5-C4<0), "0",C5-C4) -> 3140352 | E5: ='Gas-2'!G6 -> 225 | F5: =IF((E5-E4<0), "0",E5-E4) -> 225 | G5: =SUM(WATER!C6,WATER!H6,WATER!M6,WATER!R6) -> 1028724 | H5: =IF((G5-G4<0), "0",G5-G4) -> 414 | I5: 37.9 | J5: 231
A6: =A5+1 -> 44532 | C6: =SUM('GENSET #1'!C11+'GENSET #2'!C11+'GENSET #3'!C11+'GENSET #4'!C11+'GENSET #5'!C11) -> 95256757 | D6: =IF((C6-C5<0), "0",C6-C5) -> 26010 | E6: ='Gas-2'!G7 -> 225 | F6: =IF((E6-E5<0), "0",E6-E5) -> 0 | G6: =SUM(WATER!C7,WATER!H7,WATER!M7,WATER!R7) -> 1029093 | H6: =IF((G6-G5<0), "0",G6-G5) -> 369 | I6: 44.7 | J6: 282
A7: =A6+1 -> 44533 | C7: =SUM('GENSET #1'!C12+'GENSET #2'!C12+'GENSET #3'!C12+'GENSET #4'!C12+'GENSET #5'!C12) -> 95282820 | D7: =IF((C7-C6<0), "0",C7-C6) -> 26063 | E7: ='Gas-2'!G8 -> 270 | F7: =IF((E7-E6<0), "0",E7-E6) -> 45 | G7: =SUM(WATER!C8,WATER!H8,WATER!M8,WATER!R8) -> 1029531 | H7: =IF((G7-G6<0), "0",G7-G6) -> 438 | I7: 40.8 | J7: 289
A8: =A7+1 -> 44534 | C8: =SUM('GENSET #1'!C13+'GENSET #2'!C13+'GENSET #3'!C13+'GENSET #4'!C13+'GENSET #5'!C13) -> 95309887 | D8: =IF((C8-C7<0), "0",C8-C7) -> 27067 | E8: ='Gas-2'!G9 -> 270 | F8: =IF((E8-E7<0), "0",E8-E7) -> 0 | G8: =SUM(WATER!C9,WATER!H9,WATER!M9,WATER!R9) -> 1029958 | H8: =IF((G8-G7<0), "0",G8-G7) -> 427 | I8: 36.9 | J8: 227
A9: =A8+1 -> 44535 | C9: =SUM('GENSET #1'!C14+'GENSET #2'!C14+'GENSET #3'!C14+'GENSET #4'!C14+'GENSET #5'!C14) -> 95335560 | D9: =IF((C9-C8<0), "0",C9-C8) -> 25673 | E9: ='Gas-2'!G10 -> 225 | F9: =IF((E9-E8<0), "0",E9-E8) -> 0 | G9: =SUM(WATER!C10,WATER!H10,WATER!M10,WATER!R10) -> 1030381 | H9: =IF((G9-G8<0), "0",G9-G8) -> 423 | I9: 28.2 | J9: 200
A10: =A9+1 -> 44536 | C10: =SUM('GENSET #1'!C15+'GENSET #2'!C15+'GENSET #3'!C15+'GENSET #4'!C15+'GENSET #5'!C15) -> 95361571 | D10: =IF((C10-C9<0), "0",C10-C9) -> 26011 | E10: ='Gas-2'!G11 -> 225 | F10: =IF((E10-E9<0), "0",E10-E9) -> 0 | G10: =SUM(WATER!C11,WATER!H11,WATER!M11,WATER!R11) -> 1030728 | H10: =IF((G10-G9<0), "0",G10-G9) -> 347 | I10: 28.2 | J10: 192
A11: =A10+1 -> 44537 | C11: =SUM('GENSET #1'!C16+'GENSET #2'!C16+'GENSET #3'!C16+'GENSET #4'!C16+'GENSET #5'!C16) -> 95387491 | D11: =IF((C11-C10<0), "0",C11-C10) -> 25920 | E11: ='Gas-2'!G12 -> 270 | F11: =IF((E11-E10<0), "0",E11-E10) -> 45 | G11: =SUM(WATER!C12,WATER!H12,WATER!M12,WATER!R12) -> 1031141 | H11: =IF((G11-G10<0), "0",G11-G10) -> 413 | I11: 27.2 | J11: 204
A12: =A11+1 -> 44538 | C12: =SUM('GENSET #1'!C17+'GENSET #2'!C17+'GENSET #3'!C17+'GENSET #4'!C17+'GENSET #5'!C17) -> 95415036 | D12: =IF((C12-C11<0), "0",C12-C11) -> 27545 | E12: ='Gas-2'!G13 -> 270 | F12: =IF((E12-E11<0), "0",E12-E11) -> 0 | G12: =SUM(WATER!C13,WATER!H13,WATER!M13,WATER!R13) -> 1031558 | H12: =IF((G12-G11<0), "0",G12-G11) -> 417 | I12: 27.2 | J12: 206
A13: =A12+1 -> 44539 | C13: =SUM('GENSET #1'!C18+'GENSET #2'!C18+'GENSET #3'!C18+'GENSET #4'!C18+'GENSET #5'!C18) -> 95440302 | D13: =IF((C13-C12<0), "0",C13-C12) -> 25266 | E13: ='Gas-2'!G14 -> 225 | F13: =IF((E13-E12<0), "0",E13-E12) -> 0 | G13: =SUM(WATER!C14,WATER!H14,WATER!M14,WATER!R14) -> 1031992 | H13: =IF((G13-G12<0), "0",G13-G12) -> 434 | I13: 27.2 | J13: 206
A14: =A13+1 -> 44540 | C14: =SUM('GENSET #1'!C19+'GENSET #2'!C19+'GENSET #3'!C19+'GENSET #4'!C19+'GENSET #5'!C19) -> 95465360 | D14: =IF((C14-C13<0), "0",C14-C13) -> 25058 | E14: ='Gas-2'!G15 -> 225 | F14: =IF((E14-E13<0), "0",E14-E13) -> 0 | G14: =SUM(WATER!C15,WATER!H15,WATER!M15,WATER!R15) -> 1032422 | H14: =IF((G14-G13<0), "0",G14-G13) -> 430 | I14: 21 | J14: 161
A15: =A14+1 -> 44541 | C15: =SUM('GENSET #1'!C20+'GENSET #2'!C20+'GENSET #3'!C20+'GENSET #4'!C20+'GENSET #5'!C20) -> 95492569 | D15: =IF((C15-C14<0), "0",C15-C14) -> 27209 | E15: ='Gas-2'!G16 -> 270 | F15: =IF((E15-E14<0), "0",E15-E14) -> 45 | G15: =SUM(WATER!C16,WATER!H16,WATER!M16,WATER!R16) -> 1032841 | H15: =IF((G15-G14<0), "0",G15-G14) -> 419 | I15: 25.2 | J15: 195
A16: =A15+1 -> 44542 | C16: =SUM('GENSET #1'!C21+'GENSET #2'!C21+'GENSET #3'!C21+'GENSET #4'!C21+'GENSET #5'!C21) -> 95518854 | D16: =IF((C16-C15<0), "0",C16-C15) -> 26285 | E16: ='Gas-2'!G17 -> 225 | F16: =IF((E16-E15<0), "0",E16-E15) -> 0 | G16: =SUM(WATER!C17,WATER!H17,WATER!M17,WATER!R17) -> 1033256 | H16: =IF((G16-G15<0), "0",G16-G15) -> 415 | I16: 29.1 | J16: 232
... A29: =A28+1 -> 44555 | C29: =SUM('GENSET #1'!C34+'GENSET #2'!C34+'GENSET #3'!C34+'GENSET #4'!C34+'GENSET #5'!C34) -> 95889373 | D29: =IF((C29-C28<0), "0",C29-C28) -> 29439 | E29: ='Gas-2'!G30 -> 270 | F29: =IF((E29-E28<0), "0",E29-E28) -> 45 | G29: =SUM(WATER!C30,WATER!H30,WATER!M30,WATER!R30) -> 1038817 | H29: =IF((G29-G28<0), "0",G29-G28) -> 459 | I29: 66 | J29: 555
A30: =A29+1 -> 44556 | C30: =SUM('GENSET #1'!C35+'GENSET #2'!C35+'GENSET #3'!C35+'GENSET #4'!C35+'GENSET #5'!C35) -> 95918012 | D30: =IF((C30-C29<0), "0",C30-C29) -> 28639 | E30: ='Gas-2'!G31 -> 225 | F30: =IF((E30-E29<0), "0",E30-E29) -> 0 | G30: =SUM(WATER!C31,WATER!H31,WATER!M31,WATER!R31) -> 1039271 | H30: =IF((G30-G29<0), "0",G30-G29) -> 454
A31: =A30+1 -> 44557 | C31: =SUM('GENSET #1'!C36+'GENSET #2'!C36+'GENSET #3'!C36+'GENSET #4'!C36+'GENSET #5'!C36) -> 95954351 | D31: =IF((C31-C30<0), "0",C31-C30) -> 36339 | E31: ='Gas-2'!G32 -> 270 | F31: =IF((E31-E30<0), "0",E31-E30) -> 45 | G31: =SUM(WATER!C32,WATER!H32,WATER!M32,WATER!R32) -> 1039720 | H31: =IF((G31-G30<0), "0",G31-G30) -> 449
A32: =A31+1 -> 44558 | C32: =SUM('GENSET #1'!C37+'GENSET #2'!C37+'GENSET #3'!C37+'GENSET #4'!C37+'GENSET #5'!C37) -> 95984752 | D32: =IF((C32-C31<0), "0",C32-C31) -> 30401 | E32: ='Gas-2'!G33 -> 225 | F32: =IF((E32-E31<0), "0",E32-E31) -> 0 | G32: =SUM(WATER!C33,WATER!H33,WATER!M33,WATER!R33) -> 0 | H32: =IF((G32-G31<0), "0",G32-G31) -> 0
A33: =A32+1 -> 44559 | C33: =SUM('GENSET #1'!C38+'GENSET #2'!C38+'GENSET #3'!C38+'GENSET #4'!C38+'GENSET #5'!C38) -> 77595803 | D33: =IF((C33-C32<0), "0",C33-C32) -> 0 | E33: ='Gas-2'!G34 -> 270 | F33: =IF((E33-E32<0), "0",E33-E32) -> 45 | G33: =SUM(WATER!C34,WATER!H34,WATER!M34,WATER!R34) -> 0 | H33: =IF((G33-G32<0), "0",G33-G32) -> 0
A34: =A33+1 -> 44560 | C34: =SUM('GENSET #1'!C39+'GENSET #2'!C39+'GENSET #3'!C39+'GENSET #4'!C39+'GENSET #5'!C39) -> 0 | D34: =IF((C34-C33<0), "0",C34-C33) -> 0 | E34: ='Gas-2'!G35 -> 0 | F34: =IF((E34-E33<0), "0",E34-E33) -> 0 | G34: =SUM(WATER!C35,WATER!H35,WATER!M35,WATER!R35) -> 0 | H34: =IF((G34-G33<0), "0",G34-G33) -> 0
A35: =A34+1 -> 44561 | C35: =SUM('GENSET #1'!C40+'GENSET #2'!C40+'GENSET #3'!C40+'GENSET #4'!C40+'GENSET #5'!C40) -> 0 | D35: =IF((C35-C34<0), "0",C35-C34) -> 0 | E35: ='Gas-2'!G36 -> 0 | F35: =IF((E35-E34<0), "0",E35-E34) -> 0 | G35: =SUM(WATER!C36,WATER!H36,WATER!M36,WATER!R36) -> 0 | H35: =IF((G35-G34<0), "0",G35-G34) -> 0

Sheet Finance Only
A1: Four Seasons Landaa Giraavaru
A3: Property | B3: MLG | G3: 44470 | H3: =NOW() -> 44560.404 | J3: =H3-G3 -> 90.404008
A4: Month | B4: December
A5: Year | B5: 2021
A7: DAY | B7: Electricity Consumption ( kwh) | C7: Diesel Consumption (Liters) | D7: Solar Power Consumption(kwh) | E7: Gas Consumption (kg) | F7: Water Consumption ( m3) | G7: Occupancy | H7: Weather | I7: Ambian Temperature | J7: Electricity Variance (Today vs Yesterday)
A8: 1 | B8: =SUM('GENSET #1:GENSET #5'!D10) -> 25086 | C8: ='Diesel consumption'!D5 -> 7050 | D8: ='SOLAR METER READING'!D9 -> 3086 | E8: ='Gas-2'!G6 -> 225 | F8: =WATER!V6 -> 414 | G8: =WATER!W6 -> 37.9 | H8: ='SOLAR METER READING'!E9 -> sunny | I8: ='SOLAR METER READING'!F9 -> 30
A9: 2 | B9: =SUM('GENSET #1:GENSET #5'!D11) -> 26010 | C9: ='Diesel consumption'!D6 -> 7350 | D9: ='SOLAR METER READING'!D10 -> 3074 | E9: ='Gas-2'!G7 -> 225 | F9: =WATER!V7 -> 369 | G9: =WATER!W7 -> 44.7 | H9: ='SOLAR METER READING'!E10 -> sunny | I9: ='SOLAR METER READING'!F10 -> 30 | J9: =B9-B8 -> 924
A10: 3 | B10: =SUM('GENSET #1:GENSET #5'!D12) -> 26063 | C10: ='Diesel consumption'!D7 -> 7340 | D10: ='SOLAR METER READING'!D11 -> 2942 | E10: ='Gas-2'!G8 -> 270 | F10: =WATER!V8 -> 438 | G10: =WATER!W8 -> 40.8 | H10: ='SOLAR METER READING'!E11 -> cloudy | I10: ='SOLAR METER READING'!F11 -> 27 | J10: =B10-B9 -> 53
A11: 4 | B11: =SUM('GENSET #1:GENSET #5'!D13) -> 27067 | C11: ='Diesel consumption'!D8 -> 7450 | D11: ='SOLAR METER READING'!D12 -> 1782 | E11: ='Gas-2'!G9 -> 270 | F11: =WATER!V9 -> 427 | G11: =WATER!W9 -> 36.9 | H11: ='SOLAR METER READING'!E12 -> cloudy | I11: ='SOLAR METER READING'!F12 -> 27 | J11: =B11-B10 -> 1004
A12: 5 | B12: =SUM('GENSET #1:GENSET #5'!D14) -> 25673 | C12: ='Diesel consumption'!D9 -> 7150 | D12: ='SOLAR METER READING'!D13 -> 3096 | E12: ='Gas-2'!G10 -> 225 | F12: =WATER!V10 -> 423 | G12: =WATER!W10 -> 28.2 | H12: ='SOLAR METER READING'!E13 -> sunny | I12: ='SOLAR METER READING'!F13 -> 30 | J12: =B12-B11 -> -1394
A13: 6 | B13: =SUM('GENSET #1:GENSET #5'!D15) -> 26011 | C13: ='Diesel consumption'!D10 -> 7150 | D13: ='SOLAR METER READING'!D14 -> 3085 | E13: ='Gas-2'!G11 -> 225 | F13: =WATER!V11 -> 347 | G13: =WATER!W11 -> 28.2 | H13: ='SOLAR METER READING'!E14 -> sunny | I13: ='SOLAR METER READING'!F14 -> 29 | J13: =B13-B12 -> 338
A14: 7 | B14: =SUM('GENSET #1:GENSET #5'!D16) -> 25920 | C14: ='Diesel consumption'!D11 -> 7520 | D14: ='SOLAR METER READING'!D15 -> 2827 | E14: ='Gas-2'!G12 -> 270 | F14: =WATER!V12 -> 413 | G14: =WATER!W12 -> 27.2 | H14: ='SOLAR METER READING'!E15 -> cloudy | I14: ='SOLAR METER READING'!F15 -> 28 | J14: =B14-B13 -> -91
A15: 8 | B15: =SUM('GENSET #1:GENSET #5'!D17) -> 27545 | C15: ='Diesel consumption'!D12 -> 7100 | D15: ='SOLAR METER READING'!D16 -> 2904 | E15: ='Gas-2'!G13 -> 270 | F15: =WATER!V13 -> 417 | G15: =WATER!W13 -> 27.2 | H15: ='SOLAR METER READING'!E16 -> partially sunny | I15: ='SOLAR METER READING'!F16 -> 29 | J15: =B15-B14 -> 1625
A16: 9 | B16: =SUM('GENSET #1:GENSET #5'!D18) -> 25266 | C16: ='Diesel consumption'!D13 -> 6720 | D16: ='SOLAR METER READING'!D17 -> 2912 | E16: ='Gas-2'!G14 -> 225 | F16: =WATER!V14 -> 434 | G16: =WATER!W14 -> 27.2 | H16: ='SOLAR METER READING'!E17 -> partially sunny | I16: ='SOLAR METER READING'!F17 -> 27 | J16: =B16-B15 -> -2279
A17: 10 | B17: =SUM('GENSET #1:GENSET #5'!D19) -> 25058 | C17: ='Diesel consumption'!D14 -> 6820 | D17: ='SOLAR METER READING'!D18 -> 1829 | E17: ='Gas-2'!G15 -> 225 | F17: =WATER!V15 -> 430 | G17: =WATER!W15 -> 21 | H17: ='SOLAR METER READING'!E18 -> rainy | I17: ='SOLAR METER READING'!F18 -> 27 | J17: =B17-B16 -> -208
A18: 11 | B18: =SUM('GENSET #1:GENSET #5'!D20) -> 27209 | C18: ='Diesel consumption'!D15 -> 7290 | D18: ='SOLAR METER READING'!D19 -> 2102 | E18: ='Gas-2'!G16 -> 270 | F18: =WATER!V16 -> 419 | G18: =WATER!W16 -> 25.2 | H18: ='SOLAR METER READING'!E19 -> cloudy | I18: ='SOLAR METER READING'!F19 -> 28 | J18: =B18-B17 -> 2151
A19: 12 | B19: =SUM('GENSET #1:GENSET #5'!D21) -> 26285 | C19: ='Diesel consumption'!D16 -> 7180 | D19: ='SOLAR METER READING'!D20 -> 800 | E19: ='Gas-2'!G17 -> 225 | F19: =WATER!V17 -> 415 | G19: =WATER!W17 -> 29.1 | H19: ='SOLAR METER READING'!E20 -> rainy | I19: ='SOLAR METER READING'!F20 -> 27 | J19: =B19-B18 -> -924
A20: 13 | B20: =SUM('GENSET #1:GENSET #5'!D22) -> 25089 | C20: ='Diesel consumption'!D17 -> 7110 | D20: ='SOLAR METER READING'!D21 -> 1149 | E20: ='Gas-2'!G18 -> 225 | F20: =WATER!V18 -> 413 | G20: =WATER!W18 -> 35.9 | H20: ='SOLAR METER READING'!E21 -> cloudy | I20: ='SOLAR METER READING'!F21 -> 27 | J20: =B20-B19 -> -1196
... A37: 30 | B37: =SUM('GENSET #1:GENSET #5'!D39) -> 0 | C37: ='Diesel consumption'!D34 -> 0 | D37: ='SOLAR METER READING'!D38 -> 0 | E37: ='Gas-2'!G35 -> 0 | F37: =WATER!V35 -> 0 | G37: =WATER!W35 -> 0 | H37: ='SOLAR METER READING'!E38 -> 0 | I37: ='SOLAR METER READING'!F38 -> 0 | J37: =B37-B36 -> -21839
A38: Total | B38: =SUM(B8:B37) -> 800930 | C38: =SUM(C8:C37) -> 220280 | D38: =SUM(D8:D37) -> 77659 | E38: =SUM(E8:E37) -> 7380 | F38: =SUM(F8:F37) -> 11410 | G38: =SUM(G8:G37)/30 -> 34.996667 | H38: ='SOLAR METER READING'!E40 -> 0 | I38: ='SOLAR METER READING'!F40 -> 0
A39: Avg | B39: =B38/30 -> 26697.667 | C39: =C38/30 -> 7342.6667 | D39: =D38/30 -> 2588.6333 | E39: =E38/30 -> 246 | F39: =F38/30 -> 380.33333

Sheet GENSET #1
C1: 1000 KVA
C3: NO#1
A6: 44531
B8: GENSET NO 1
A9: DAY | B9: YESTARDAY | C9: TODAY | D9: Final Electricity Consumption( KWh)
A10: 1 | B10: 18250842 | C10: 18252052 | D10: =MAX(0,C10-B10) -> 1210
A11: 2 | B11: =C10 -> 18252052 | C11: 18259708 | D11: =MAX(0,C11-B11) -> 7656
A12: 3 | B12: =C11 -> 18259708 | C12: 18259708 | D12: =MAX(0,C12-B12) -> 0
A13: 4 | B13: =C12 -> 18259708 | C13: 18263379 | D13: =MAX(0,C13-B13) -> 3671
A14: 5 | B14: =C13 -> 18263379 | C14: 18273408 | D14: =MAX(0,C14-B14) -> 10029
A15: 6 | B15: =C14 -> 18273408 | C15: 18279385 | D15: =MAX(0,C15-B15) -> 5977
A16: 7 | B16: =C15 -> 18279385 | C16: 18287381 | D16: =MAX(0,C16-B16) -> 7996
A17: 8 | B17: =C16 -> 18287381 | C17: 18293247 | D17: =MAX(0,C17-B17) -> 5866
A18: 9 | B18: =C17 -> 18293247 | C18: 18293247 | D18: =MAX(0,C18-B18) -> 0
A19: 10 | B19: =C18 -> 18293247 | C19: 18299977 | D19: =MAX(0,C19-B19) -> 6730
A20: 11 | B20: =C19 -> 18299977 | C20: 18305460 | D20: =MAX(0,C20-B20) -> 5483
A21: 12 | B21: =C20 -> 18305460 | C21: 18309548 | D21: =MAX(0,C21-B21) -> 4088
A22: 13 | B22: =C21 -> 18309548 | C22: 18311406 | D22: =MAX(0,C22-B22) -> 1858
... A37: 28 | B37: =C36 -> 18402803 | C37: 18410788 | D37: =MAX(0,C37-B37) -> 7985
A38: 29 | B38: =C37 -> 18410788 | D38: =MAX(0,C38-B38) -> 0
A39: 30 | B39: =C38 -> 0 | D39: =MAX(0,C39-B39) -> 0 | G39: NEW ENGINE PURCHASED FROM UK
A40: 31 | B40: =C39 -> 0 | D40: =MAX(0,C40-B40) -> 0
A41: Total | D41: =SUM(D10:D40) -> 159946 | G41: INSTALLED: NOV 30 2013

Sheet GENSET #2
C1: 1600 KVA
C3: NO#2
A6: ='GENSET #1'!A6 -> 44531
B8: GENSET NO 2
A9: DAY | B9: YESTARDAY | C9: TODAY | D9: Final Electricity Consumption( KW h)
A10: 1 | B10: 31527500 | C10: 31543727 | D10: =MAX(0,C10-B10) -> 16227
A11: 2 | B11: =C10 -> 31543727 | C11: 31548922 | D11: =MAX(0,C11-B11) -> 5195
A12: 3 | B12: =C11 -> 31548922 | C12: 31562067 | D12: =MAX(0,C12-B12) -> 13145
A13: 4 | B13: =C12 -> 31562067 | C13: 31567758 | D13: =MAX(0,C13-B13) -> 5691
A14: 5 | B14: =C13 -> 31567758 | C14: 31570417 | D14: =MAX(0,C14-B14) -> 2659
A15: 6 | B15: =C14 -> 31570417 | C15: 31575633 | D15: =MAX(0,C15-B15) -> 5216
A16: 7 | B16: =C15 -> 31575633 | C16: 31589690 | D16: =MAX(0,C16-B16) -> 14057
A17: 8 | B17: =C16 -> 31589690 | C17: 31590002 | D17: =MAX(0,C17-B17) -> 312
A18: 9 | B18: =C17 -> 31590002 | C18: 31597177 | D18: =MAX(0,C18-B18) -> 7175
A19: 10 | B19: =C18 -> 31597177 | C19: 31604436 | D19: =MAX(0,C19-B19) -> 7259
A20: 11 | B20: =C19 -> 31604436 | C20: 31609004 | D20: =MAX(0,C20-B20) -> 4568
A21: 12 | B21: =C20 -> 31609004 | C21: 31619338 | D21: =MAX(0,C21-B21) -> 10334
A22: 13 | B22: =C21 -> 31619338 | C22: 31625930 | D22: =MAX(0,C22-B22) -> 6592
... A38: 29 | B38: =C37 -> 31748779 | C38: 31756174 | D38: =MAX(0,C38-B38) -> 7395
A39: 30 | B39: =C38 -> 31756174 | D39: =MAX(0,C39-B39) -> 0
A40: 31 | B40: =C39 -> 0 | D40: =MAX(0,C40-B40) -> 0
A41: Total | B41: =#REF! -> #REF! | D41: =SUM(D10:D40) -> 228674

Sheet GENSET #3
C1: 900 KVA
C3: NO#3
A6: ='GENSET #2'!A6 -> 44531
B8: GENSET NO 3
A9: DAY | B9: YESTARDAY | C9: TODAY | D9: Final Electricity Consumption( KW h)
A10: 1 | B10: 14092185 | C10: 14094845 | D10: =MAX(0,C10-B10) -> 2660
A11: 2 | B11: =C10 -> 14094845 | C11: 14101139 | D11: =MAX(0,C11-B11) -> 6294
A12: 3 | B12: =C11 -> 14101139 | C12: 14108482 | D12: =MAX(0,C12-B12) -> 7343
A13: 4 | B13: =C12 -> 14108482 | C13: 14116648 | D13: =MAX(0,C13-B13) -> 8166
A14: 5 | B14: =C13 -> 14116648 | C14: 14117018 | D14: =MAX(0,C14-B14) -> 370
A15: 6 | B15: =C14 -> 14117018 | C15: 14121739 | D15: =MAX(0,C15-B15) -> 4721
A16: 7 | B16: =C15 -> 14121739 | C16: 14121778 | D16: =MAX(0,C16-B16) -> 39
A17: 8 | B17: =C16 -> 14121778 | C17: 14132382 | D17: =MAX(0,C17-B17) -> 10604
A18: 9 | B18: =C17 -> 14132382 | C18: 14138709 | D18: =MAX(0,C18-B18) -> 6327
A19: 10 | B19: =C18 -> 14138709 | C19: 14144814 | D19: =MAX(0,C19-B19) -> 6105
A20: 11 | B20: =C19 -> 14144814 | C20: 14152081 | D20: =MAX(0,C20-B20) -> 7267
A21: 12 | B21: =C20 -> 14152081 | C21: 14158019 | D21: =MAX(0,C21-B21) -> 5938
A22: 13 | B22: =C21 -> 14158019 | C22: 14164187 | D22: =MAX(0,C22-B22) -> 6168
... A38: 29 | B38: =C37 -> 14246048 | C38: 14249619 | D38: =MAX(0,C38-B38) -> 3571
A39: 30 | B39: =C38 -> 14249619 | D39: =MAX(0,C39-B39) -> 0
A40: 31 | B40: =C39 -> 0 | D40: =MAX(0,C40-B40) -> 0
A41: Total | B41: =#REF! -> #REF! | D41: =SUM(D10:D40) -> 157434

Sheet GENSET #4
C1: 500 KVA
C3: NO#4
A6: ='GENSET #3'!A6 -> 44531
B8: GENSET NO 4
A9: DAY | B9: YESTARDAY | C9: TODAY | D9: Final Electricity Consumption( KW h)
A10: 1 | B10: 12064490 | C10: 12067194 | D10: =MAX(0,C10-B10) -> 2704
A11: 2 | B11: =C10 -> 12067194 | C11: 12070026 | D11: =MAX(0,C11-B11) -> 2832
A12: 3 | B12: =C11 -> 12070026 | C12: 12072126 | D12: =MAX(0,C12-B12) -> 2100
A13: 4 | B13: =C12 -> 12072126 | C13: 12073958 | D13: =MAX(0,C13-B13) -> 1832
A14: 5 | B14: =C13 -> 12073958 | C14: 12076480 | D14: =MAX(0,C14-B14) -> 2522
A15: 6 | B15: =C14 -> 12076480 | C15: 12078714 | D15: =MAX(0,C15-B15) -> 2234
A16: 7 | B16: =C15 -> 12078714 | C16: 12079507 | D16: =MAX(0,C16-B16) -> 793
A17: 8 | B17: =C16 -> 12079507 | C17: 12083462 | D17: =MAX(0,C17-B17) -> 3955
A18: 9 | B18: =C17 -> 12083462 | C18: 12088209 | D18: =MAX(0,C18-B18) -> 4747
A19: 10 | B19: =C18 -> 12088209 | C19: 12093130 | D19: =MAX(0,C19-B19) -> 4921
A20: 11 | B20: =C19 -> 12093130 | C20: 12095704 | D20: =MAX(0,C20-B20) -> 2574
A21: 12 | B21: =C20 -> 12095704 | C21: 12097574 | D21: =MAX(0,C21-B21) -> 1870
A22: 13 | B22: =C21 -> 12097574 | C22: 12101283 | D22: =MAX(0,C22-B22) -> 3709
... A38: 29 | B38: =C37 -> 12140620 | C38: 12144212 | D38: =MAX(0,C38-B38) -> 3592
A39: 30 | B39: =C38 -> 12144212 | D39: =MAX(0,C39-B39) -> 0
A40: 31 | B40: =C39 -> 0 | D40: =MAX(0,C40-B40) -> 0
A41: Total | B41: =#REF! -> #REF! | D41: =SUM(D10:D40) -> 79722

Sheet GENSET #5
C1: 1000 KVA
C3: NO#5
A6: ='GENSET #4'!A6 -> 44531
B8: GENSET NO 5
A9: DAY | B9: YESTARDAY | C9: TODAY | D9: Final Electricity Consumption( KWh)
A10: 1 | B10: 19270644 | C10: 19272929 | D10: =MAX(0,C10-B10) -> 2285
A11: 2 | B11: =C10 -> 19272929 | C11: 19276962 | D11: =MAX(0,C11-B11) -> 4033
A12: 3 | B12: =C11 -> 19276962 | C12: 19280437 | D12: =MAX(0,C12-B12) -> 3475
A13: 4 | B13: =C12 -> 19280437 | C13: 19288144 | D13: =MAX(0,C13-B13) -> 7707
A14: 5 | B14: =C13 -> 19288144 | C14: 19298237 | D14: =MAX(0,C14-B14) -> 10093
A15: 6 | B15: =C14 -> 19298237 | C15: 19306100 | D15: =MAX(0,C15-B15) -> 7863
A16: 7 | B16: =C15 -> 19306100 | C16: 19309135 | D16: =MAX(0,C16-B16) -> 3035
A17: 8 | B17: =C16 -> 19309135 | C17: 19315943 | D17: =MAX(0,C17-B17) -> 6808
A18: 9 | B18: =C17 -> 19315943 | C18: 19322960 | D18: =MAX(0,C18-B18) -> 7017
A19: 10 | B19: =C18 -> 19322960 | C19: 19323003 | D19: =MAX(0,C19-B19) -> 43
A20: 11 | B20: =C19 -> 19323003 | C20: 19330320 | D20: =MAX(0,C20-B20) -> 7317
A21: 12 | B21: =C20 -> 19330320 | C21: 19334375 | D21: =MAX(0,C21-B21) -> 4055
A22: 13 | B22: =C21 -> 19334375 | C22: 19341137 | D22: =MAX(0,C22-B22) -> 6762
... A38: 29 | B38: =C37 -> 19438517 | C38: 19445798 | D38: =MAX(0,C38-B38) -> 7281
A39: 30 | B39: =C38 -> 19445798 | D39: =MAX(0,C39-B39) -> 0
A40: 31 | B40: =C39 -> 0 | D40: =MAX(0,C40-B40) -> 0
A41: Total | D41: =SUM(D10:D40) -> 175154

Sheet Diesel consumption
A1: Diesel Consumption - Powerhouse | F1: Diesel Tank Jetty Meter
A2: ='GENSET #5'!A6 -> 44531
D3: Liters | F3: Boat meter Reading
A4: Date | B4: Yesterday | C4: Today | D4: ConsumptionIn 24 hrs | F4: Yesterday | G4: Today | H4: Consumption (Liters) | J4: In Barrels | L4: Carbon Emmision
A5: 1 | B5: 45413760 | C5: 45420810 | D5: =MAX(0,C5-B5) -> 7050 | F5: 910600 | G5: 915450 | H5: =MAX(0,G5-F5) -> 4850 | J5: =D5/200 -> 35.25 | L5: =2.68*D5 -> 18894 | M5: =L5/1000 -> 18.894
A6: 2 | B6: =C5 -> 45420810 | C6: 45428160 | D6: =MAX(0,C6-B6) -> 7350 | F6: =G5 -> 915450 | G6: 917310 | H6: =MAX(0,G6-F6) -> 1860 | J6: =D6/200 -> 36.75 | L6: =2.68*D6 -> 19698 | M6: =L6/1000 -> 19.698
A7: 3 | B7: =C6 -> 45428160 | C7: 45435500 | D7: =MAX(0,C7-B7) -> 7340 | F7: =G6 -> 917310 | G7: 919290 | H7: =MAX(0,G7-F7) -> 1980 | J7: =D7/200 -> 36.7 | L7: =2.68*D7 -> 19671.2 | M7: =L7/1000 -> 19.6712
A8: 4 | B8: =C7 -> 45435500 | C8: 45442950 | D8: =MAX(0,C8-B8) -> 7450 | F8: =G7 -> 919290 | G8: 920190 | H8: =MAX(0,G8-F8) -> 900 | J8: =D8/200 -> 37.25 | L8: =2.68*D8 -> 19966 | M8: =L8/1000 -> 19.966
A9: 5 | B9: =C8 -> 45442950 | C9: 45450100 | D9: =MAX(0,C9-B9) -> 7150 | F9: =G8 -> 920190 | G9: 923100 | H9: =MAX(0,G9-F9) -> 2910 | J9: =D9/200 -> 35.75 | L9: =2.68*D9 -> 19162 | M9: =L9/1000 -> 19.162
A10: 6 | B10: =C9 -> 45450100 | C10: 45457250 | D10: =MAX(0,C10-B10) -> 7150 | F10: =G9 -> 923100 | G10: 925470 | H10: =MAX(0,G10-F10) -> 2370 | J10: =D10/200 -> 35.75 | L10: =2.68*D10 -> 19162 | M10: =L10/1000 -> 19.162
A11: 7 | B11: =C10 -> 45457250 | C11: 45464770 | D11: =MAX(0,C11-B11) -> 7520 | F11: =G10 -> 925470 | G11: 929000 | H11: =MAX(0,G11-F11) -> 3530 | J11: =D11/200 -> 37.6 | L11: =2.68*D11 -> 20153.6 | M11: =L11/1000 -> 20.1536
A12: 8 | B12: =C11 -> 45464770 | C12: 45471870 | D12: =MAX(0,C12-B12) -> 7100 | F12: =G11 -> 929000 | G12: 930040 | H12: =MAX(0,G12-F12) -> 1040 | J12: =D12/200 -> 35.5 | L12: =2.68*D12 -> 19028 | M12: =L12/1000 -> 19.028
A13: 9 | B13: =C12 -> 45471870 | C13: 45478590 | D13: =MAX(0,C13-B13) -> 6720 | F13: =G12 -> 930040 | G13: 933620 | H13: =MAX(0,G13-F13) -> 3580 | J13: =D13/200 -> 33.6 | L13: =2.68*D13 -> 18009.6 | M13: =L13/1000 -> 18.0096
A14: 10 | B14: =C13 -> 45478590 | C14: 45485410 | D14: =MAX(0,C14-B14) -> 6820 | F14: =G13 -> 933620 | G14: 934310 | H14: =MAX(0,G14-F14) -> 690 | J14: =D14/200 -> 34.1 | L14: =2.68*D14 -> 18277.6 | M14: =L14/1000 -> 18.2776
A15: 11 | B15: =C14 -> 45485410 | C15: 45492700 | D15: =MAX(0,C15-B15) -> 7290 | F15: =G14 -> 934310 | G15: 936640 | H15: =MAX(0,G15-F15) -> 2330 | J15: =D15/200 -> 36.45 | L15: =2.68*D15 -> 19537.2 | M15: =L15/1000 -> 19.5372
A16: 12 | B16: =C15 -> 45492700 | C16: 45499880 | D16: =MAX(0,C16-B16) -> 7180 | F16: =G15 -> 936640 | G16: 937180 | H16: =MAX(0,G16-F16) -> 540 | J16: =D16/200 -> 35.9 | L16: =2.68*D16 -> 19242.4 | M16: =L16/1000 -> 19.2424
A17: 13 | B17: =C16 -> 45499880 | C17: 45506990 | D17: =MAX(0,C17-B17) -> 7110 | F17: =G16 -> 937180 | G17: 938486 | H17: =MAX(0,G17-F17) -> 1306 | J17: =D17/200 -> 35.55 | L17: =2.68*D17 -> 19054.8 | M17: =L17/1000 -> 19.0548
... A33: 29 | B33: =C32 -> 45625920 | C33: 45634040 | D33: =MAX(0,C33-B33) -> 8120 | F33: =G32 -> 963820 | G33: 963820 | H33: =MAX(0,G33-F33) -> 0 | J33: =D33/200 -> 40.6 | L33: =2.68*D33 -> 21761.6 | M33: =L33/1000 -> 21.7616
A34: 30 | B34: =C33 -> 45634040 | D34: =MAX(0,C34-B34) -> 0 | F34: =G33 -> 963820 | H34: =MAX(0,G34-F34) -> 0 | J34: =D34/200 -> 0 | L34: =2.68*D34 -> 0 | M34: =L34/1000 -> 0
A35: 31 | B35: =C34 -> 0 | D35: =MAX(0,C35-B35) -> 0 | F35: =G34 -> 0 | H35: =MAX(0,G35-F35) -> 0
D36: =SUM(D5:D35) -> 220280 | J36: =SUM(J5:J34) -> 1101.4 | L36: =2.68*D36 -> 590350.4 | M36: =L36/1000 -> 590.3504

Sheet SOLAR METER READING
C3: solar reading
B5: ='Diesel consumption'!A2 -> 44531
B7: Solar meter reading
A8: DAY | B8: YESTARDAY | C8: TODAY | D8: Final Electricity Consumption( KW h) | E8: Weather Condition | F8: Temperature
A9: 1 | B9: 3182638 | C9: 3185724 | D9: =MAX(0,C9-B9) -> 3086 | E9: sunny | F9: 30
A10: 2 | B10: =C9 -> 3185724 | C10: 3188798 | D10: =MAX(0,C10-B10) -> 3074 | E10: sunny | F10: 30
A11: 3 | B11: =C10 -> 3188798 | C11: 3191740 | D11: =MAX(0,C11-B11) -> 2942 | E11: cloudy | F11: 27
A12: 4 | B12: =C11 -> 3191740 | C12: 3193522 | D12: =MAX(0,C12-B12) -> 1782 | E12: cloudy | F12: 27
A13: 5 | B13: =C12 -> 3193522 | C13: 3196618 | D13: =MAX(0,C13-B13) -> 3096 | E13: sunny | F13: 30 | J13: 1 liter diesel | K13: 11.1 kwh
A14: 6 | B14: =C13 -> 3196618 | C14: 3199703 | D14: =MAX(0,C14-B14) -> 3085 | E14: sunny | F14: 29 | J14: 212.88 diesel | K14: 2363 kwh
A15: 7 | B15: =C14 -> 3199703 | C15: 3202530 | D15: =MAX(0,C15-B15) -> 2827 | E15: cloudy | F15: 28
A16: 8 | B16: =C15 -> 3202530 | C16: 3205434 | D16: =MAX(0,C16-B16) -> 2904 | E16: partially sunny | F16: 29
A17: 9 | B17: =C16 -> 3205434 | C17: 3208346 | D17: =MAX(0,C17-B17) -> 2912 | E17: partially sunny | F17: 27
A18: 10 | B18: =C17 -> 3208346 | C18: 3210175 | D18: =MAX(0,C18-B18) -> 1829 | E18: rainy | F18: 27
A19: 11 | B19: =C18 -> 3210175 | C19: 3212277 | D19: =MAX(0,C19-B19) -> 2102 | E19: cloudy | F19: 28
A20: 12 | B20: =C19 -> 3212277 | C20: 3213077 | D20: =MAX(0,C20-B20) -> 800 | E20: rainy | F20: 27
A21: 13 | B21: =C20 -> 3213077 | C21: 3214226 | D21: =MAX(0,C21-B21) -> 1149 | E21: cloudy | F21: 27
A22: 14 | B22: =C21 -> 3214226 | C22: 3216552 | D22: =MAX(0,C22-B22) -> 2326 | E22: cloudy | F22: 27
A23: 15 | B23: =C22 -> 3216552 | C23: 3219478 | D23: =MAX(0,C23-B23) -> 2926 | E23: cloudy | F23: 27
A24: 16 | B24: =C23 -> 3219478 | C24: 3222444 | D24: =MAX(0,C24-B24) -> 2966 | E24: cloudy | F24: 27
A25: 17 | B25: =C24 -> 3222444 | C25: 3225103 | D25: =MAX(0,C25-B25) -> 2659 | E25: cloudy | F25: 28
A26: 18 | B26: =C25 -> 3225103 | C26: 3228087 | D26: =MAX(0,C26-B26) -> 2984 | E26: cloudy | F26: 28
... A37: 29 | B37: =C36 -> 3257320 | C37: 3260297 | D37: =MAX(0,C37-B37) -> 2977 | E37: sunny | F37: 29
A38: 30 | B38: =C37 -> 3260297 | D38: =MAX(0,C38-B38) -> 0
A39: 31 | B39: =C38 -> 0 | D39: =MAX(0,C39-B39) -> 0
A40: Total | D40: =SUM(D9:D39) -> 77659

Sheet FEEDER Consumption 
A1: ='SOLAR METER READING'!B5 -> 44531 | FH1: Daily Electricity (Kwh) Consumption by Building Categories
A2: POWER HOUSE FEEDER READING
C3: Main BLU FEEDER PANEL 1 | H3: Main BLU FEEDER PANEL 2 | M3: Main POWER HOUSE FEEDER PANEL NO:3 | R3: Main Kitchen -7 | W3: Main Kitchen -10 | AB3: Water treatment Plant | AG3: Sewage treatment Plant | AL3: Laundry--8SSB (HR/Tuck Shop Building) | AQ3: Laundry-9 (Machineries) | AV3: New staff accomodation (E0) | BA3: Staff block-16(E2-E3) | BF3: Staff Block Feeder-3(E4-E5) | BK3: Management block-5 (M1 to M6) | BP3: SNR STAFF BLOCK (PC Block) | BU3: BOAT DOCK FEEDER - 22 | BZ3: RECEPTION Building Full (Finance/Reservation) | CE3: DIVE CENTER (Inc MDC and Recreation) | CJ3: 301-307 | CO3: 308-314 | CT3: 315-320 | CY3: 401-407 | DD3: 408-414 | DI3: 415-420 | DN3: SPA - 1 | DS3: SPA - 2 | DX3: BLU KITCHEN - 1 | EC3: BLU KITCHEN - 2 | EH3: AL BARAKATH | EM3: STAFF KITCHEN | ER3: MANAGR BLOCK GARDEN (White House) | EW3: 121-131 | FB3: 113-120 | FH3: Blu Feeders | FJ3: ALL Kitchens | FL3: Laundry + HR Buidling | FN3: Employee Block | FP3: Managers Block + SNR Block | FR3: HPL Project Team Usage
A4: DAY | B4: Occupancy | C4: Yesterday | D4: Today | E4: Consumption | F4: Variance (Tdy vs Ystdy) | G4: % | H4: Yesterday | I4: Today | J4: Consumption | K4: Var(Tdy vs Ystdy) | L4: % | M4: Yesterday | N4: Today | O4: Consumption | P4: Var (Tdy vs Ystdy) | Q4: % | R4: Yesterday | S4: Today | T4: Consumption | U4: Var(Tdy vs Ystdy) | V4: % | W4: Yesterday | X4: Today | Y4: Consumption | Z4: Var(Tdy vs Ystdy) | AA4: % | AB4: Yesterday | AC4: Today | AD4: Consumption | AE4: Var(Tdy vs Ystdy) | AF4: % | AG4: Yesterday | AH4: Today | AI4: Consumption | AJ4: Var(Tdy vs Ystdy) | AK4: % | AL4: Yesterday | AM4: Today | AN4: Consumption | AO4: Var(Tdy vs Ystdy) | AP4: % | AQ4: Yesterday | AR4: Today | AS4: Consumption | AT4: Var(Tdy vs Ystdy) | AU4: % | AV4: Yesterday | AW4: Today | AX4: Consumption | AY4: Var(Tdy vs Ystdy) | AZ4: % | BA4: Yesterday | BB4: Today | BC4: Consumption | BD4: Var(Tdy vs Ystdy) | BE4: % | BF4: Yesterday | BG4: Today | BH4: Consumption | BI4: Var(Tdy vs Ystdy) | BJ4: % | BK4: Yesterday | BL4: Today | BM4: Consumption | BN4: Var(Tdy vs Ystdy) | BO4: % | BP4: Yesterday | BQ4: Today | BR4: Consumption | BS4: Var(Tdy vs Ystdy) | BT4: % | BU4: Yesterday | BV4: Today | BW4: Consumption | BX4: Var(Tdy vs Ystdy) | BY4: % | BZ4: Yesterday | CA4: Today | CB4: Consumption | CC4: Var(Tdy vs Ystdy) | CD4: % | CE4: Yesterday | CF4: Today | CG4: Consumption | CH4: Var(Tdy vs Ystdy) | CI4: % | CJ4: Yesterday | CK4: Today | CL4: Consumption | CM4: Var(Tdy vs Ystdy) | CN4: % | CO4: Yesterday | CP4: Today | CQ4: Consumption | CR4: Var(Tdy vs Ystdy) | CS4: % | CT4: Yesterday | CU4: Today | CV4: Consumption | CW4: Var(Tdy vs Ystdy) | CX4: % | CY4: Yesterday | CZ4: Today | DA4: Consumption | DB4: Var(Tdy vs Ystdy) | DC4: % | DD4: Yesterday | DE4: Today | DF4: Consumption | DG4: Var(Tdy vs Ystdy) | DH4: % | DI4: Yesterday | DJ4: Today | DK4: Consumption | DL4: Var(Tdy vs Ystdy) | DM4: % | DN4: Yesterday | DO4: Today | DP4: Consumption | DQ4: Var(Tdy vs Ystdy) | DR4: % | DS4: Yesterday | DT4: Today | DU4: Consumption | DV4: Var(Tdy vs Ystdy) | DW4: % | DX4: Yesterday | DY4: Today | DZ4: Consumption | EA4: Var(Tdy vs Ystdy) | EB4: % | EC4: Yesterday | ED4: Today | EE4: Consumption | EF4: Var(Tdy vs Ystdy) | EG4: % | EH4: Yesterday | EI4: Today | EJ4: Consumption | EK4: Var(Tdy vs Ystdy) | EL4: % | EM4: Yesterday | EN4: Today | EO4: Consumption | EP4: Var(Tdy vs Ystdy) | EQ4: % | ER4: Yesterday | ES4: Today | ET4: Consumption | EU4: Var(Tdy vs Ystdy) | EV4: % | EW4: Yesterday | EX4: Today | EY4: Consumption | EZ4: Var(Tdy vs Ystdy) | FA4: % | FB4: Yesterday | FC4: Today | FD4: Consumption | FE4: Var(Tdy vs Ystdy) | FF4: % | FH4: Total (Kwh) | FI4: Avg | FJ4: Total (Kwh) | FK4: Avg | FL4: Total (Kwh) | FM4: Avg | FN4: Total (Kwh) | FO4: Avg | FP4: Total (Kwh) | FQ4: Avg | FR4: Total (Kwh) | FS4: Avg
A5: 1 | B5: ='Finance Only'!G8 -> 37.9 | C5: 26086177 | D5: 26088662 | E5: =MAX(0,D5-C5) -> 2485 | H5: 23532922 | I5: 23537291 | J5: =MAX(0,I5-H5) -> 4369 | M5: 88369570 | N5: 88382762 | O5: =MAX(0,N5-M5) -> 13192 | R5: 2373800 | S5: 2375500 | T5: =MAX(0,S5-R5) -> 1700 | W5: 3245009 | X5: 3247819 | Y5: =MAX(0,X5-W5) -> 2810 | AB5: 2015700 | AC5: 2018200 | AD5: =MAX(0,AC5-AB5) -> 2500 | AG5: 884645 | AH5: 885468 | AI5: =MAX(0,AH5-AG5) -> 823 | AL5: 895790 | AM5: 896500 | AN5: =MAX(0,AM5-AL5) -> 710 | AQ5: 2007400 | AR5: 2008800 | AS5: 785 | AV5: 581443 | AW5: 581814 | AX5: 443 | BA5: 824390 | BB5: 825220 | BC5: 871 | BF5: 910740 | BG5: 911450 | BH5: 865 | BK5: 1413200 | BL5: 1413900 | BM5: 1205 | BP5: 912290 | BQ5: 913550 | BR5: 944 | BU5: 444870 | BV5: 4452300 | BW5: 355 | BZ5: 716380 | CA5: 717600 | CB5: 1250 | CE5: 220350 | CF5: 220760 | CG5: 380 | CJ5: 498220 | CK5: 499280 | CL5: =MAX(0,CK5-CJ5) -> 1060 | CO5: 404940 | CP5: 405640 | CQ5: =MAX(0,CP5-CO5) -> 700 | CT5: 341930 | CU5: 342480 | CV5: =MAX(0,CU5-CT5) -> 550 | CY5: 593290 | CZ5: 594400 | DA5: =MAX(0,CZ5-CY5) -> 1110 | DD5: 445100 | DE5: 446170 | DF5: =MAX(0,DE5-DD5) -> 1070 | DI5: 407270 | DJ5: 408020 | DK5: =MAX(0,DJ5-DI5) -> 750 | DN5: 239310 | DO5: 239500 | DP5: =MAX(0,DO5-DN5) -> 190 | DS5: 71543 | DT5: 71694 | DU5: =MAX(0,DT5-DS5) -> 151 | DX5: 465090 | DY5: 465780 | DZ5: =MAX(0,DY5-DX5) -> 690 | EC5: 148170 | ED5: 148440 | EE5: =MAX(0,ED5-EC5) -> 270 | EH5: 148640 | EI5: 149010 | EJ5: =MAX(0,EI5-EH5) -> 370 | EM5: 273840 | EN5: 274400 | EO5: =MAX(0,EN5-EM5) -> 560 | ER5: 69098 | ET5: =MAX(0,ES5-ER5) -> 0 | EW5: 72361 | EX5: 72640 | EY5: =MAX(0,EX5-EW5) -> 279 | FB5: 721420 | FC5: 725470 | FD5: =MAX(0,FC5-FB5) -> 4050 | FH5: =SUM(E5+J5) -> 6854 | FJ5: =SUM(T5+Y5+DZ5+EE5+EJ5+EO5) -> 6400 | FL5: =SUM(AN5+AS5) -> 1495 | FN5: =SUM(AX5+BC5+BH5) -> 2179 | FP5: =SUM(BM5+BR5+ET5) -> 2149 | FR5: =SUM(EY5+FD5) -> 4329
A6: 2 | B6: ='Finance Only'!G9 -> 44.7 | C6: =D5 -> 26088662 | D6: 26091140 | E6: =MAX(0,D6-C6) -> 2478 | F6: =E6-E5 -> -7 | G6: =(E6/'Finance Only'!B9)*100 -> 9.527105 | H6: =I5 -> 23537291 | I6: 23541584 | J6: =MAX(0,I6-H6) -> 4293 | K6: =J6-J5 -> -76 | L6: =(J6/'Finance Only'!B9)*100 -> 16.50519 | M6: =N5 -> 88382762 | N6: 88396492 | O6: =MAX(0,N6-M6) -> 13730 | P6: =O6-O5 -> 538 | Q6: =(O6/'Finance Only'!B9)*100 -> 52.787389 | R6: =S5 -> 2375500 | S6: 2377400 | T6: =MAX(0,S6-R6) -> 1900 | U6: =T6-T5 -> 200 | V6: =(T6/'Finance Only'!B9)*100 -> 7.3048827 | W6: =X5 -> 3247819 | X6: 3250632 | Y6: =MAX(0,X6-W6) -> 2813 | Z6: =Y6-Y5 -> 3 | AA6: =(Y6/'Finance Only'!B9)*100 -> 10.815071 | AB6: =AC5 -> 2018200 | AC6: 2020600 | AD6: =MAX(0,AC6-AB6) -> 2400 | AE6: =AD6-AD5 -> -100 | AF6: =(AD6/'Finance Only'!B9)*100 -> 9.2272203 | AG6: =AH5 -> 885468 | AH6: 886349 | AI6: =MAX(0,AH6-AG6) -> 881 | AJ6: =AI6-AI5 -> 58 | AK6: =(AI6/'Finance Only'!B9)*100 -> 3.3871588 | AL6: =AM5 -> 896500 | AM6: 897180 | AN6: =MAX(0,AM6-AL6) -> 680 | AO6: =AN6-AN5 -> -30 | AP6: =(AN6/'Finance Only'!B9)*100 -> 2.6143791 | AQ6: =AR5 -> 2008800 | AR6: 2010500 | AS6: =MAX(0,AR6-AQ6) -> 1700 | AT6: =AS6-AS5 -> 915 | AU6: =(AS6/'Finance Only'!B9)*100 -> 6.5359477 | AV6: =AW5 -> 581814 | AW6: 582206 | AX6: =MAX(0,AW6-AV6) -> 392 | AY6: =AX6-AX5 -> -51 | AZ6: =(AX6/'Finance Only'!B9)*100 -> 1.5071126 | BA6: =BB5 -> 825220 | BB6: 826060 | BC6: =MAX(0,BB6-BA6) -> 840 | BD6: =BC6-BC5 -> -31 | BE6: =(BC6/'Finance Only'!B9)*100 -> 3.2295271 | BF6: =BG5 -> 911450 | BG6: 912220 | BH6: =MAX(0,BG6-BF6) -> 770 | BI6: =BH6-BH5 -> -95 | BJ6: =(BH6/'Finance Only'!B9)*100 -> 2.9603998 | BK6: =BL5 -> 1413900 | BL6: 1414700 | BM6: =MAX(0,BL6-BK6) -> 800 | BN6: =BM6-BM5 -> -405 | BO6: =(BM6/'Finance Only'!B9)*100 -> 3.0757401 | BP6: =BQ5 -> 913550 | BQ6: 915030 | BR6: =MAX(0,BQ6-BP6) -> 1480 | BS6: =BR6-BR5 -> 536 | BT6: =(BR6/'Finance Only'!B9)*100 -> 5.6901192 | BU6: =BV5 -> 4452300 | BV6: 4456300 | BW6: =MAX(0,BV6-BU6) -> 4000 | BX6: =BW6-BW5 -> 3645 | BY6: =(BW6/'Finance Only'!B9)*100 -> 15.3787 | BZ6: =CA5 -> 717600 | CA6: 718810 | CB6: =MAX(0,CA6-BZ6) -> 1210 | CC6: =CB6-CB5 -> -40 | CD6: =(CB6/'Finance Only'!B9)*100 -> 4.6520569 | CE6: =CF5 -> 220760 | CF6: 221190 | CG6: =MAX(0,CF6-CE6) -> 430 | CH6: =CG6-CG5 -> 50 | CI6: =(CG6/'Finance Only'!B9)*100 -> 1.6532103 | CJ6: =CK5 -> 499280 | CK6: 500280 | CL6: =MAX(0,CK6-CJ6) -> 1000 | CM6: =CL6-CL5 -> -60 | CN6: =(CL6/'Finance Only'!B9)*100 -> 3.8446751 | CO6: =CP5 -> 405640 | CP6: 406500 | CQ6: =MAX(0,CP6-CO6) -> 860 | CR6: =CQ6-CQ5 -> 160 | CS6: =(CQ6/'Finance Only'!B9)*100 -> 3.3064206 | CT6: =CU5 -> 342480 | CU6: 343090 | CV6: =MAX(0,CU6-CT6) -> 610 | CW6: =CV6-CV5 -> 60 | CX6: =(CV6/'Finance Only'!B9)*100 -> 2.3452518 | CY6: =CZ5 -> 594400 | CZ6: 595430 | DA6: =MAX(0,CZ6-CY6) -> 1030 | DB6: =DA6-DA5 -> -80 | DC6: =(DA6/'Finance Only'!B9)*100 -> 3.9600154 | DD6: =DE5 -> 446170 | DE6: 447060 | DF6: =MAX(0,DE6-DD6) -> 890 | DG6: =DF6-DF5 -> -180 | DH6: =(DF6/'Finance Only'!B9)*100 -> 3.4217609 | DI6: =DJ5 -> 408020 | DJ6: 408790 | DK6: =MAX(0,DJ6-DI6) -> 770 | DL6: =DK6-DK5 -> 20 | DM6: =(DK6/'Finance Only'!B9)*100 -> 2.9603998 | DN6: =DO5 -> 239500 | DO6: 239680 | DP6: =MAX(0,DO6-DN6) -> 180 | DQ6: =DP6-DP5 -> -10 | DR6: =(DP6/'Finance Only'!B9)*100 -> 0.69204152 | DS6: =DT5 -> 71694 | DT6: 71818 | DU6: =MAX(0,DT6-DS6) -> 124 | DV6: =DU6-DU5 -> -27 | DW6: =(DU6/'Finance Only'!B9)*100 -> 0.47673972 | DX6: =DY5 -> 465780 | DY6: 466480 | DZ6: =MAX(0,DY6-DX6) -> 700 | EA6: =DZ6-DZ5 -> 10 | EB6: =(DZ6/'Finance Only'!B9)*100 -> 2.6912726 | EC6: =ED5 -> 148440 | ED6: 148700 | EE6: =MAX(0,ED6-EC6) -> 260 | EF6: =EE6-EE5 -> -10 | EG6: =(EE6/'Finance Only'!B9)*100 -> 0.99961553 | EH6: =EI5 -> 149010 | EI6: 149350 | EJ6: =MAX(0,EI6-EH6) -> 340 | EK6: =EJ6-EJ5 -> -30 | EL6: =(EJ6/'Finance Only'!B9)*100 -> 1.3071895 | EM6: =EN5 -> 274400 | EN6: 274920 | EO6: =MAX(0,EN6-EM6) -> 520 | EP6: =EO6-EO5 -> -40 | EQ6: =(EO6/'Finance Only'!B9)*100 -> 1.9992311 | ER6: =ES5 -> 0 | ET6: =MAX(0,ES6-ER6) -> 0 | EU6: =ET6-ET5 -> 0 | EV6: =(ET6/'Finance Only'!B9)*100 -> 0 | EW6: =EX5 -> 72640 | EX6: 73006 | EY6: =MAX(0,EX6-EW6) -> 366 | EZ6: =EY6-EY5 -> 87 | FA6: =(EY6/'Finance Only'!G9)*100 -> 818.79195 | FB6: =FC5 -> 725470 | FC6: 729940 | FD6: =MAX(0,FC6-FB6) -> 4470 | FE6: =FD6-FD5 -> 420 | FF6: =(FD6/'Finance Only'!M9)*100 -> #DIV/0! | FH6: =SUM(E6+J6) -> 6771 | FJ6: =SUM(T6+Y6+DZ6+EE6+EJ6+EO6) -> 6533 | FL6: =SUM(AN6+AS6) -> 2380 | FN6: =SUM(AX6+BC6+BH6) -> 2002 | FP6: =SUM(BM6+BR6+ET6) -> 2280 | FR6: =SUM(EY6+FD6) -> 4836
A7: 3 | B7: ='Finance Only'!G10 -> 40.8 | C7: =D6 -> 26091140 | D7: 26093621 | E7: =MAX(0,D7-C7) -> 2481 | F7: =E7-E6 -> 3 | G7: =(E7/'Finance Only'!B10)*100 -> 9.5192418 | H7: =I6 -> 23541584 | I7: 23545962 | J7: =MAX(0,I7-H7) -> 4378 | K7: =J7-J6 -> 85 | L7: =(J7/'Finance Only'!B10)*100 -> 16.797759 | M7: =N6 -> 88396492 | N7: 88410629 | O7: =MAX(0,N7-M7) -> 14137 | P7: =O7-O6 -> 407 | Q7: =(O7/'Finance Only'!B10)*100 -> 54.241645 | R7: =S6 -> 2377400 | S7: 2379200 | T7: =MAX(0,S7-R7) -> 1800 | U7: =T7-T6 -> -100 | V7: =(T7/'Finance Only'!B10)*100 -> 6.9063423 | W7: =X6 -> 3250632 | X7: 3253486 | Y7: =MAX(0,X7-W7) -> 2854 | Z7: =Y7-Y6 -> 41 | AA7: =(Y7/'Finance Only'!B10)*100 -> 10.950389 | AB7: =AC6 -> 2020600 | AC7: 2023200 | AD7: =MAX(0,AC7-AB7) -> 2600 | AE7: =AD7-AD6 -> 200 | AF7: =(AD7/'Finance Only'!B10)*100 -> 9.9758278 | AG7: =AH6 -> 886349 | AH7: 887192 | AI7: =MAX(0,AH7-AG7) -> 843 | AJ7: =AI7-AI6 -> -38 | AK7: =(AI7/'Finance Only'!B10)*100 -> 3.2344703 | AL7: =AM6 -> 897180 | AM7: 897860 | AN7: =MAX(0,AM7-AL7) -> 680 | AO7: =AN7-AN6 -> 0 | AP7: =(AN7/'Finance Only'!B10)*100 -> 2.6090627 | AQ7: =AR6 -> 2010500 | AR7: 2011900 | AS7: =MAX(0,AR7-AQ7) -> 1400 | AT7: =AS7-AS6 -> -300 | AU7: =(AS7/'Finance Only'!B10)*100 -> 5.3715996 | AV7: =AW6 -> 582206 | AW7: 582607 | AX7: =MAX(0,AW7-AV7) -> 401 | AY7: =AX7-AX6 -> 9 | AZ7: =(AX7/'Finance Only'!B10)*100 -> 1.5385796 | BA7: =BB6 -> 826060 | BB7: 826970 | BC7: =MAX(0,BB7-BA7) -> 910 | BD7: =BC7-BC6 -> 70 | BE7: =(BC7/'Finance Only'!B10)*100 -> 3.4915397 | BF7: =BG6 -> 912220 | BG7: 913080 | BH7: =MAX(0,BG7-BF7) -> 860 | BI7: =BH7-BH6 -> 90 | BJ7: =(BH7/'Finance Only'!B10)*100 -> 3.2996969 | BK7: =BL6 -> 1414700 | BL7: 1415500 | BM7: =MAX(0,BL7-BK7) -> 800 | BN7: =BM7-BM6 -> 0 | BO7: =(BM7/'Finance Only'!B10)*100 -> 3.0694855 | BP7: =BQ6 -> 915030 | BQ7: 916640 | BR7: =MAX(0,BQ7-BP7) -> 1610 | BS7: =BR7-BR6 -> 130 | BT7: =(BR7/'Finance Only'!B10)*100 -> 6.1773395 | BU7: =BV6 -> 4456300 | BV7: 4460700 | BW7: =MAX(0,BV7-BU7) -> 4400 | BX7: =BW7-BW6 -> 400 | BY7: =(BW7/'Finance Only'!B10)*100 -> 16.88217 | BZ7: =CA6 -> 718810 | CA7: 719990 | CB7: =MAX(0,CA7-BZ7) -> 1180 | CC7: =CB7-CB6 -> -30 | CD7: =(CB7/'Finance Only'!B10)*100 -> 4.5274911 | CE7: =CF6 -> 221190 | CF7: 221640 | CG7: =MAX(0,CF7-CE7) -> 450 | CH7: =CG7-CG6 -> 20 | CI7: =(CG7/'Finance Only'!B10)*100 -> 1.7265856 | CJ7: =CK6 -> 500280 | CK7: 501250 | CL7: =MAX(0,CK7-CJ7) -> 970 | CM7: =CL7-CL6 -> -30 | CN7: =(CL7/'Finance Only'!B10)*100 -> 3.7217511 | CO7: =CP6 -> 406500 | CP7: 407370 | CQ7: =MAX(0,CP7-CO7) -> 870 | CR7: =CQ7-CQ6 -> 10 | CS7: =(CQ7/'Finance Only'!B10)*100 -> 3.3380655 | CT7: =CU6 -> 343090 | CU7: 343700 | CV7: =MAX(0,CU7-CT7) -> 610 | CW7: =CV7-CV6 -> 0 | CX7: =(CV7/'Finance Only'!B10)*100 -> 2.3404827 | CY7: =CZ6 -> 595430 | CZ7: 596480 | DA7: =MAX(0,CZ7-CY7) -> 1050 | DB7: =DA7-DA6 -> 20 | DC7: =(DA7/'Finance Only'!B10)*100 -> 4.0286997 | DD7: =DE6 -> 447060 | DE7: 447880 | DF7: =MAX(0,DE7-DD7) -> 820 | DG7: =DF7-DF6 -> -70 | DH7: =(DF7/'Finance Only'!B10)*100 -> 3.1462226 | DI7: =DJ6 -> 408790 | DJ7: 409530 | DK7: =MAX(0,DJ7-DI7) -> 740 | DL7: =DK7-DK6 -> -30 | DM7: =(DK7/'Finance Only'!B10)*100 -> 2.8392741 | DN7: =DO6 -> 239680 | DO7: 239850 | DP7: =MAX(0,DO7-DN7) -> 170 | DQ7: =DP7-DP6 -> -10 | DR7: =(DP7/'Finance Only'!B10)*100 -> 0.65226566 | DS7: =DT6 -> 71818 | DT7: 71943 | DU7: =MAX(0,DT7-DS7) -> 125 | DV7: =DU7-DU6 -> 1 | DW7: =(DU7/'Finance Only'!B10)*100 -> 0.47960711 | DX7: =DY6 -> 466480 | DY7: 467160 | DZ7: =MAX(0,DY7-DX7) -> 680 | EA7: =DZ7-DZ6 -> -20 | EB7: =(DZ7/'Finance Only'!B10)*100 -> 2.6090627 | EC7: =ED6 -> 148700 | ED7: 148950 | EE7: =MAX(0,ED7-EC7) -> 250 | EF7: =EE7-EE6 -> -10 | EG7: =(EE7/'Finance Only'!B10)*100 -> 0.95921421 | EH7: =EI6 -> 149350 | EI7: 149570 | EJ7: =MAX(0,EI7-EH7) -> 220 | EK7: =EJ7-EJ6 -> -120 | EL7: =(EJ7/'Finance Only'!B10)*100 -> 0.84410851 | EM7: =EN6 -> 274920 | EN7: 278420 | EO7: =MAX(0,EN7-EM7) -> 3500 | EP7: =EO7-EO6 -> 2980 | EQ7: =(EO7/'Finance Only'!B10)*100 -> 13.428999 | ER7: =ES6 -> 0 | ET7: =MAX(0,ES7-ER7) -> 0 | EU7: =ET7-ET6 -> 0 | EV7: =(ET7/'Finance Only'!B10)*100 -> 0 | EW7: =EX6 -> 73006 | EX7: 73218 | EY7: =MAX(0,EX7-EW7) -> 212 | EZ7: =EY7-EY6 -> -154 | FA7: =(EY7/'Finance Only'!G10)*100 -> 519.60784 | FB7: =FC6 -> 729940 | FC7: 731530 | FD7: =MAX(0,FC7-FB7) -> 1590 | FE7: =FD7-FD6 -> -2880 | FF7: =(FD7/'Finance Only'!M10)*100 -> #DIV/0! | FH7: =SUM(E7+J7) -> 6859 | FJ7: =SUM(T7+Y7+DZ7+EE7+EJ7+EO7) -> 9304 | FL7: =SUM(AN7+AS7) -> 2080 | FN7: =SUM(AX7+BC7+BH7) -> 2171 | FP7: =SUM(BM7+BR7+ET7) -> 2410 | FR7: =SUM(EY7+FD7) -> 1802
A8: 4 | B8: ='Finance Only'!G11 -> 36.9 | C8: =D7 -> 26093621 | D8: 26096084 | E8: =MAX(0,D8-C8) -> 2463 | F8: =E8-E7 -> -18 | G8: =(E8/'Finance Only'!B11)*100 -> 9.0996416 | H8: =I7 -> 23545962 | I8: 23550078 | J8: =MAX(0,I8-H8) -> 4116 | K8: =J8-J7 -> -262 | L8: =(J8/'Finance Only'!B11)*100 -> 15.206709 | M8: =N7 -> 88410629 | N8: 88425253 | O8: =MAX(0,N8-M8) -> 14624 | P8: =O8-O7 -> 487 | Q8: =(O8/'Finance Only'!B11)*100 -> 54.028891 | R8: =S7 -> 2379200 | S8: 2381100 | T8: =MAX(0,S8-R8) -> 1900 | U8: =T8-T7 -> 100 | V8: =(T8/'Finance Only'!B11)*100 -> 7.019618 | W8: =X7 -> 3253486 | X8: 3256314 | Y8: =MAX(0,X8-W8) -> 2828 | Z8: =Y8-Y7 -> -26 | AA8: =(Y8/'Finance Only'!B11)*100 -> 10.448147 | AB8: =AC7 -> 2023200 | AC8: 2025700 | AD8: =MAX(0,AC8-AB8) -> 2500 | AE8: =AD8-AD7 -> -100 | AF8: =(AD8/'Finance Only'!B11)*100 -> 9.2363395 | AG8: =AH7 -> 887192 | AH8: 888077 | AI8: =MAX(0,AH8-AG8) -> 885 | AJ8: =AI8-AI7 -> 42 | AK8: =(AI8/'Finance Only'!B11)*100 -> 3.2696642 | AL8: =AM7 -> 897860 | AM8: 898500 | AN8: =MAX(0,AM8-AL8) -> 640 | AO8: =AN8-AN7 -> -40 | AP8: =(AN8/'Finance Only'!B11)*100 -> 2.3645029 | AQ8: =AR7 -> 2011900 | AR8: 2013700 | AS8: =MAX(0,AR8-AQ8) -> 1800 | AT8: =AS8-AS7 -> 400 | AU8: =(AS8/'Finance Only'!B11)*100 -> 6.6501644 | AV8: =AW7 -> 582607 | AW8: 582992 | AX8: =MAX(0,AW8-AV8) -> 385 | AY8: =AX8-AX7 -> -16 | AZ8: =(AX8/'Finance Only'!B11)*100 -> 1.4223963 | BA8: =BB7 -> 826970 | BB8: 827980 | BC8: =MAX(0,BB8-BA8) -> 1010 | BD8: =BC8-BC7 -> 100 | BE8: =(BC8/'Finance Only'!B11)*100 -> 3.7314811 | BF8: =BG7 -> 913080 | BG8: 914040 | BH8: =MAX(0,BG8-BF8) -> 960 | BI8: =BH8-BH7 -> 100 | BJ8: =(BH8/'Finance Only'!B11)*100 -> 3.5467544 | BK8: =BL7 -> 1415500 | BL8: 1416300 | BM8: =MAX(0,BL8-BK8) -> 800 | BN8: =BM8-BM7 -> 0 | BO8: =(BM8/'Finance Only'!B11)*100 -> 2.9556286 | BP8: =BQ7 -> 916640 | BQ8: 918330 | BR8: =MAX(0,BQ8-BP8) -> 1690 | BS8: =BR8-BR7 -> 80 | BT8: =(BR8/'Finance Only'!B11)*100 -> 6.2437655 | BU8: =BV7 -> 4460700 | BV8: 4465400 | BW8: =MAX(0,BV8-BU8) -> 4700 | BX8: =BW8-BW7 -> 300 | BY8: =(BW8/'Finance Only'!B11)*100 -> 17.364318 | BZ8: =CA7 -> 719990 | CA8: 721160 | CB8: =MAX(0,CA8-BZ8) -> 1170 | CC8: =CB8-CB7 -> -10 | CD8: =(CB8/'Finance Only'!B11)*100 -> 4.3226069 | CE8: =CF7 -> 221640 | CF8: 222000 | CG8: =MAX(0,CF8-CE8) -> 360 | CH8: =CG8-CG7 -> -90 | CI8: =(CG8/'Finance Only'!B11)*100 -> 1.3300329 | CJ8: =CK7 -> 501250 | CK8: 502200 | CL8: =MAX(0,CK8-CJ8) -> 950 | CM8: =CL8-CL7 -> -20 | CN8: =(CL8/'Finance Only'!B11)*100 -> 3.509809 | CO8: =CP7 -> 407370 | CP8: 408140 | CQ8: =MAX(0,CP8-CO8) -> 770 | CR8: =CQ8-CQ7 -> -100 | CS8: =(CQ8/'Finance Only'!B11)*100 -> 2.8447926 | CT8: =CU7 -> 343700 | CU8: 344320 | CV8: =MAX(0,CU8-CT8) -> 620 | CW8: =CV8-CV7 -> 10 | CX8: =(CV8/'Finance Only'!B11)*100 -> 2.2906122 | CY8: =CZ7 -> 596480 | CZ8: 597720 | DA8: =MAX(0,CZ8-CY8) -> 1240 | DB8: =DA8-DA7 -> 190 | DC8: =(DA8/'Finance Only'!B11)*100 -> 4.5812244 | DD8: =DE7 -> 447880 | DE8: 448660 | DF8: =MAX(0,DE8-DD8) -> 780 | DG8: =DF8-DF7 -> -40 | DH8: =(DF8/'Finance Only'!B11)*100 -> 2.8817379 | DI8: =DJ7 -> 409530 | DJ8: 410240 | DK8: =MAX(0,DJ8-DI8) -> 710 | DL8: =DK8-DK7 -> -30 | DM8: =(DK8/'Finance Only'!B11)*100 -> 2.6231204 | DN8: =DO7 -> 239850 | DO8: 240030 | DP8: =MAX(0,DO8-DN8) -> 180 | DQ8: =DP8-DP7 -> 10 | DR8: =(DP8/'Finance Only'!B11)*100 -> 0.66501644 | DS8: =DT7 -> 71943 | DT8: 72095 | DU8: =MAX(0,DT8-DS8) -> 152 | DV8: =DU8-DU7 -> 27 | DW8: =(DU8/'Finance Only'!B11)*100 -> 0.56156944 | DX8: =DY7 -> 467160 | DY8: 467920 | DZ8: =MAX(0,DY8-DX8) -> 760 | EA8: =DZ8-DZ7 -> 80 | EB8: =(DZ8/'Finance Only'!B11)*100 -> 2.8078472 | EC8: =ED7 -> 148950 | ED8: 149720 | EE8: =MAX(0,ED8-EC8) -> 770 | EF8: =EE8-EE7 -> 520 | EG8: =(EE8/'Finance Only'!B11)*100 -> 2.8447926 | EH8: =EI7 -> 149570 | EI8: 149910 | EJ8: =MAX(0,EI8-EH8) -> 340 | EK8: =EJ8-EJ7 -> 120 | EL8: =(EJ8/'Finance Only'!B11)*100 -> 1.2561422 | EM8: =EN7 -> 278420 | EN8: 275970 | EO8: =MAX(0,EN8-EM8) -> 0 | EP8: =EO8-EO7 -> -3500 | EQ8: =(EO8/'Finance Only'!B11)*100 -> 0 | ER8: =ES7 -> 0 | ET8: =MAX(0,ES8-ER8) -> 0 | EU8: =ET8-ET7 -> 0 | EV8: =(ET8/'Finance Only'!B11)*100 -> 0 | EW8: =EX7 -> 73218 | EX8: 73619 | EY8: =MAX(0,EX8-EW8) -> 401 | EZ8: =EY8-EY7 -> 189 | FA8: =(EY8/'Finance Only'!G11)*100 -> 1086.7209 | FB8: =FC7 -> 731530 | FC8: 735980 | FD8: =MAX(0,FC8-FB8) -> 4450 | FE8: =FD8-FD7 -> 2860 | FF8: =(FD8/'Finance Only'!M11)*100 -> #DIV/0! | FH8: =SUM(E8+J8) -> 6579 | FJ8: =SUM(T8+Y8+DZ8+EE8+EJ8+EO8) -> 6598 | FL8: =SUM(AN8+AS8) -> 2440 | FN8: =SUM(AX8+BC8+BH8) -> 2355 | FP8: =SUM(BM8+BR8+ET8) -> 2490 | FR8: =SUM(EY8+FD8) -> 4851
A9: 5 | B9: ='Finance Only'!G12 -> 28.2 | C9: =D8 -> 26096084 | D9: 26098701 | E9: =MAX(0,D9-C9) -> 2617 | F9: =E9-E8 -> 154 | G9: =(E9/'Finance Only'!B12)*100 -> 10.193589 | H9: =I8 -> 23550078 | I9: 23554307 | J9: =MAX(0,I9-H9) -> 4229 | K9: =J9-J8 -> 113 | L9: =(J9/'Finance Only'!B12)*100 -> 16.472559 | M9: =N8 -> 88425253 | N9: 88438795 | O9: =MAX(0,N9-M9) -> 13542 | P9: =O9-O8 -> -1082 | Q9: =(O9/'Finance Only'!B12)*100 -> 52.748023 | R9: =S8 -> 2381100 | S9: 2382800 | T9: =MAX(0,S9-R9) -> 1700 | U9: =T9-T8 -> -200 | V9: =(T9/'Finance Only'!B12)*100 -> 6.6217427 | W9: =X8 -> 3256314 | X9: 3259191 | Y9: =MAX(0,X9-W9) -> 2877 | Z9: =Y9-Y8 -> 49 | AA9: =(Y9/'Finance Only'!B12)*100 -> 11.206326 | AB9: =AC8 -> 2025700 | AC9: 2028100 | AD9: =MAX(0,AC9-AB9) -> 2400 | AE9: =AD9-AD8 -> -100 | AF9: =(AD9/'Finance Only'!B12)*100 -> 9.3483426 | AG9: =AH8 -> 888077 | AH9: 888948 | AI9: =MAX(0,AH9-AG9) -> 871 | AJ9: =AI9-AI8 -> -14 | AK9: =(AI9/'Finance Only'!B12)*100 -> 3.3926693 | AL9: =AM8 -> 898500 | AM9: 899190 | AN9: =MAX(0,AM9-AL9) -> 690 | AO9: =AN9-AN8 -> 50 | AP9: =(AN9/'Finance Only'!B12)*100 -> 2.6876485 | AQ9: =AR8 -> 2013700 | AR9: 2015100 | AS9: =MAX(0,AR9-AQ9) -> 1400 | AT9: =AS9-AS8 -> -400 | AU9: =(AS9/'Finance Only'!B12)*100 -> 5.4531999 | AV9: =AW8 -> 582992 | AW9: 583366 | AX9: =MAX(0,AW9-AV9) -> 374 | AY9: =AX9-AX8 -> -11 | AZ9: =(AX9/'Finance Only'!B12)*100 -> 1.4567834 | BA9: =BB8 -> 827980 | BB9: 828810 | BC9: =MAX(0,BB9-BA9) -> 830 | BD9: =BC9-BC8 -> -180 | BE9: =(BC9/'Finance Only'!B12)*100 -> 3.2329685 | BF9: =BG8 -> 914040 | BG9: 914940 | BH9: =MAX(0,BG9-BF9) -> 900 | BI9: =BH9-BH8 -> -60 | BJ9: =(BH9/'Finance Only'!B12)*100 -> 3.5056285 | BK9: =BL8 -> 1416300 | BL9: 1416900 | BM9: =MAX(0,BL9-BK9) -> 600 | BN9: =BM9-BM8 -> -200 | BO9: =(BM9/'Finance Only'!B12)*100 -> 2.3370857 | BP9: =BQ8 -> 918330 | BQ9: 919890 | BR9: =MAX(0,BQ9-BP9) -> 1560 | BS9: =BR9-BR8 -> -130 | BT9: =(BR9/'Finance Only'!B12)*100 -> 6.0764227 | BU9: =BV8 -> 4465400 | BV9: 4469400 | BW9: =MAX(0,BV9-BU9) -> 4000 | BX9: =BW9-BW8 -> -700 | BY9: =(BW9/'Finance Only'!B12)*100 -> 15.580571 | BZ9: =CA8 -> 721160 | CA9: 722370 | CB9: =MAX(0,CA9-BZ9) -> 1210 | CC9: =CB9-CB8 -> 40 | CD9: =(CB9/'Finance Only'!B12)*100 -> 4.7131227 | CE9: =CF8 -> 222000 | CF9: 222370 | CG9: =MAX(0,CF9-CE9) -> 370 | CH9: =CG9-CG8 -> 10 | CI9: =(CG9/'Finance Only'!B12)*100 -> 1.4412028 | CJ9: =CK8 -> 502200 | CK9: 503110 | CL9: =MAX(0,CK9-CJ9) -> 910 | CM9: =CL9-CL8 -> -40 | CN9: =(CL9/'Finance Only'!B12)*100 -> 3.5445799 | CO9: =CP8 -> 408140 | CP9: 408980 | CQ9: =MAX(0,CP9-CO9) -> 840 | CR9: =CQ9-CQ8 -> 70 | CS9: =(CQ9/'Finance Only'!B12)*100 -> 3.2719199 | CT9: =CU8 -> 344320 | CU9: 344930 | CV9: =MAX(0,CU9-CT9) -> 610 | CW9: =CV9-CV8 -> -10 | CX9: =(CV9/'Finance Only'!B12)*100 -> 2.3760371 | CY9: =CZ8 -> 597720 | CZ9: 598800 | DA9: =MAX(0,CZ9-CY9) -> 1080 | DB9: =DA9-DA8 -> -160 | DC9: =(DA9/'Finance Only'!B12)*100 -> 4.2067542 | DD9: =DE8 -> 448660 | DE9: 449530 | DF9: =MAX(0,DE9-DD9) -> 870 | DG9: =DF9-DF8 -> 90 | DH9: =(DF9/'Finance Only'!B12)*100 -> 3.3887742 | DI9: =DJ8 -> 410240 | DJ9: 410980 | DK9: =MAX(0,DJ9-DI9) -> 740 | DL9: =DK9-DK8 -> 30 | DM9: =(DK9/'Finance Only'!B12)*100 -> 2.8824056 | DN9: =DO8 -> 240030 | DO9: 240200 | DP9: =MAX(0,DO9-DN9) -> 170 | DQ9: =DP9-DP8 -> -10 | DR9: =(DP9/'Finance Only'!B12)*100 -> 0.66217427 | DS9: =DT8 -> 72095 | DT9: 72236 | DU9: =MAX(0,DT9-DS9) -> 141 | DV9: =DU9-DU8 -> -11 | DW9: =(DU9/'Finance Only'!B12)*100 -> 0.54921513 | DX9: =DY8 -> 467920 | DY9: 468620 | DZ9: =MAX(0,DY9-DX9) -> 700 | EA9: =DZ9-DZ8 -> -60 | EB9: =(DZ9/'Finance Only'!B12)*100 -> 2.7265999 | EC9: =ED8 -> 149720 | ED9: 149500 | EE9: =MAX(0,ED9-EC9) -> 0 | EF9: =EE9-EE8 -> -770 | EG9: =(EE9/'Finance Only'!B12)*100 -> 0 | EH9: =EI8 -> 149910 | EI9: 150290 | EJ9: =MAX(0,EI9-EH9) -> 380 | EK9: =EJ9-EJ8 -> 40 | EL9: =(EJ9/'Finance Only'!B12)*100 -> 1.4801542 | EM9: =EN8 -> 275970 | EN9: 276490 | EO9: =MAX(0,EN9-EM9) -> 520 | EP9: =EO9-EO8 -> 520 | EQ9: =(EO9/'Finance Only'!B12)*100 -> 2.0254742 | ER9: =ES8 -> 0 | ET9: =MAX(0,ES9-ER9) -> 0 | EU9: =ET9-ET8 -> 0 | EV9: =(ET9/'Finance Only'!B12)*100 -> 0 | EW9: =EX8 -> 73619 | EX9: 74899 | EY9: =MAX(0,EX9-EW9) -> 1280 | EZ9: =EY9-EY8 -> 879 | FA9: =(EY9/'Finance Only'!G12)*100 -> 4539.0071 | FB9: =FC8 -> 735980 | FC9: 740190 | FD9: =MAX(0,FC9-FB9) -> 4210 | FE9: =FD9-FD8 -> -240 | FF9: =(FD9/'Finance Only'!M12)*100 -> #DIV/0! | FH9: =SUM(E9+J9) -> 6846 | FJ9: =SUM(T9+Y9+DZ9+EE9+EJ9+EO9) -> 6177 | FL9: =SUM(AN9+AS9) -> 2090 | FN9: =SUM(AX9+BC9+BH9) -> 2104 | FP9: =SUM(BM9+BR9+ET9) -> 2160 | FR9: =SUM(EY9+FD9) -> 5490
A10: 6 | B10: ='Finance Only'!G13 -> 28.2 | C10: =D9 -> 26098701 | D10: 26101367 | E10: =MAX(0,D10-C10) -> 2666 | F10: =E10-E9 -> 49 | G10: =(E10/'Finance Only'!B13)*100 -> 10.24951 | H10: =I9 -> 23554307 | I10: 23558449 | J10: =MAX(0,I10-H10) -> 4142 | K10: =J10-J9 -> -87 | L10: =(J10/'Finance Only'!B13)*100 -> 15.924032 | M10: =N9 -> 88438795 | N10: 88452520 | O10: =MAX(0,N10-M10) -> 13725 | P10: =O10-O9 -> 183 | Q10: =(O10/'Finance Only'!B13)*100 -> 52.766137 | R10: =S9 -> 2382800 | S10: 2384500 | T10: =MAX(0,S10-R10) -> 1700 | U10: =T10-T9 -> 0 | V10: =(T10/'Finance Only'!B13)*100 -> 6.5356964 | W10: =X9 -> 3259191 | X10: 3261918 | Y10: =MAX(0,X10-W10) -> 2727 | Z10: =Y10-Y9 -> -150 | AA10: =(Y10/'Finance Only'!B13)*100 -> 10.484026 | AB10: =AC9 -> 2028100 | AC10: 2030600 | AD10: =MAX(0,AC10-AB10) -> 2500 | AE10: =AD10-AD9 -> 100 | AF10: =(AD10/'Finance Only'!B13)*100 -> 9.6113183 | AG10: =AH9 -> 888948 | AH10: 889838 | AI10: =MAX(0,AH10-AG10) -> 890 | AJ10: =AI10-AI9 -> 19 | AK10: =(AI10/'Finance Only'!B13)*100 -> 3.4216293 | AL10: =AM9 -> 899190 | AM10: 899880 | AN10: =MAX(0,AM10-AL10) -> 690 | AO10: =AN10-AN9 -> 0 | AP10: =(AN10/'Finance Only'!B13)*100 -> 2.6527238 | AQ10: =AR9 -> 2015100 | AR10: 2017600 | AS10: =MAX(0,AR10-AQ10) -> 2500 | AT10: =AS10-AS9 -> 1100 | AU10: =(AS10/'Finance Only'!B13)*100 -> 9.6113183 | AV10: =AW9 -> 583366 | AW10: 583760 | AX10: =MAX(0,AW10-AV10) -> 394 | AY10: =AX10-AX9 -> 20 | AZ10: =(AX10/'Finance Only'!B13)*100 -> 1.5147438 | BA10: =BB9 -> 828810 | BB10: 829650 | BC10: =MAX(0,BB10-BA10) -> 840 | BD10: =BC10-BC9 -> 10 | BE10: =(BC10/'Finance Only'!B13)*100 -> 3.2294029 | BF10: =BG9 -> 914940 | BG10: 915820 | BH10: =MAX(0,BG10-BF10) -> 880 | BI10: =BH10-BH9 -> -20 | BJ10: =(BH10/'Finance Only'!B13)*100 -> 3.383184 | BK10: =BL9 -> 1416900 | BL10: 1417600 | BM10: =MAX(0,BL10-BK10) -> 700 | BN10: =BM10-BM9 -> 100 | BO10: =(BM10/'Finance Only'!B13)*100 -> 2.6911691 | BP10: =BQ9 -> 919890 | BQ10: 921340 | BR10: =MAX(0,BQ10-BP10) -> 1450 | BS10: =BR10-BR9 -> -110 | BT10: =(BR10/'Finance Only'!B13)*100 -> 5.5745646 | BU10: =BV9 -> 4469400 | BV10: 4473700 | BW10: =MAX(0,BV10-BU10) -> 4300 | BX10: =BW10-BW9 -> 300 | BY10: =(BW10/'Finance Only'!B13)*100 -> 16.531467 | BZ10: =CA9 -> 722370 | CA10: 723580 | CB10: =MAX(0,CA10-BZ10) -> 1210 | CC10: =CB10-CB9 -> 0 | CD10: =(CB10/'Finance Only'!B13)*100 -> 4.6518781 | CE10: =CF9 -> 222370 | CF10: 222790 | CG10: =MAX(0,CF10-CE10) -> 420 | CH10: =CG10-CG9 -> 50 | CI10: =(CG10/'Finance Only'!B13)*100 -> 1.6147015 | CJ10: =CK9 -> 503110 | CK10: 504060 | CL10: =MAX(0,CK10-CJ10) -> 950 | CM10: =CL10-CL9 -> 40 | CN10: =(CL10/'Finance Only'!B13)*100 -> 3.6523009 | CO10: =CP9 -> 408980 | CP10: 409770 | CQ10: =MAX(0,CP10-CO10) -> 790 | CR10: =CQ10-CQ9 -> -50 | CS10: =(CQ10/'Finance Only'!B13)*100 -> 3.0371766 | CT10: =CU9 -> 344930 | CU10: 345450 | CV10: =MAX(0,CU10-CT10) -> 520 | CW10: =CV10-CV9 -> -90 | CX10: =(CV10/'Finance Only'!B13)*100 -> 1.9991542 | CY10: =CZ9 -> 598800 | CZ10: 599830 | DA10: =MAX(0,CZ10-CY10) -> 1030 | DB10: =DA10-DA9 -> -50 | DC10: =(DA10/'Finance Only'!B13)*100 -> 3.9598631 | DD10: =DE9 -> 449530 | DE10: 450390 | DF10: =MAX(0,DE10-DD10) -> 860 | DG10: =DF10-DF9 -> -10 | DH10: =(DF10/'Finance Only'!B13)*100 -> 3.3062935 | DI10: =DJ9 -> 410980 | DJ10: 411650 | DK10: =MAX(0,DJ10-DI10) -> 670 | DL10: =DK10-DK9 -> -70 | DM10: =(DK10/'Finance Only'!B13)*100 -> 2.5758333 | DN10: =DO9 -> 240200 | DO10: 240830 | DP10: =MAX(0,DO10-DN10) -> 630 | DQ10: =DP10-DP9 -> 460 | DR10: =(DP10/'Finance Only'!B13)*100 -> 2.4220522 | DS10: =DT9 -> 72236 | DT10: 72379 | DU10: =MAX(0,DT10-DS10) -> 143 | DV10: =DU10-DU9 -> 2 | DW10: =(DU10/'Finance Only'!B13)*100 -> 0.54976741 | DX10: =DY9 -> 468620 | DY10: 469300 | DZ10: =MAX(0,DY10-DX10) -> 680 | EA10: =DZ10-DZ9 -> -20 | EB10: =(DZ10/'Finance Only'!B13)*100 -> 2.6142786 | EC10: =ED9 -> 149500 | ED10: 149740 | EE10: =MAX(0,ED10-EC10) -> 240 | EF10: =EE10-EE9 -> 240 | EG10: =(EE10/'Finance Only'!B13)*100 -> 0.92268656 | EH10: =EI9 -> 150290 | EI10: 150610 | EJ10: =MAX(0,EI10-EH10) -> 320 | EK10: =EJ10-EJ9 -> -60 | EL10: =(EJ10/'Finance Only'!B13)*100 -> 1.2302487 | EM10: =EN9 -> 276490 | EN10: 277000 | EO10: =MAX(0,EN10-EM10) -> 510 | EP10: =EO10-EO9 -> -10 | EQ10: =(EO10/'Finance Only'!B13)*100 -> 1.9607089 | ER10: =ES9 -> 0 | ET10: =MAX(0,ES10-ER10) -> 0 | EU10: =ET10-ET9 -> 0 | EV10: =(ET10/'Finance Only'!B13)*100 -> 0 | EW10: =EX9 -> 74899 | EX10: 77135 | EY10: =MAX(0,EX10-EW10) -> 2236 | EZ10: =EY10-EY9 -> 956 | FA10: =(EY10/'Finance Only'!G13)*100 -> 7929.078 | FB10: =FC9 -> 740190 | FC10: 745560 | FD10: =MAX(0,FC10-FB10) -> 5370 | FE10: =FD10-FD9 -> 1160 | FF10: =(FD10/'Finance Only'!M13)*100 -> #DIV/0! | FH10: =SUM(E10+J10) -> 6808 | FJ10: =SUM(T10+Y10+DZ10+EE10+EJ10+EO10) -> 6177 | FL10: =SUM(AN10+AS10) -> 3190 | FN10: =SUM(AX10+BC10+BH10) -> 2114 | FP10: =SUM(BM10+BR10+ET10) -> 2150 | FR10: =SUM(EY10+FD10) -> 7606
A11: 7 | B11: ='Finance Only'!G14 -> 27.2 | C11: =D10 -> 26101367 | D11: 26104007 | E11: =MAX(0,D11-C11) -> 2640 | F11: =E11-E10 -> -26 | G11: =(E11/'Finance Only'!B14)*100 -> 10.185185 | H11: =I10 -> 23558449 | I11: 23562972 | J11: =MAX(0,I11-H11) -> 4523 | K11: =J11-J10 -> 381 | L11: =(J11/'Finance Only'!B14)*100 -> 17.449846 | M11: =N10 -> 88452520 | N11: 88466810 | O11: =MAX(0,N11-M11) -> 14290 | P11: =O11-O10 -> 565 | Q11: =(O11/'Finance Only'!B14)*100 -> 55.131173 | R11: =S10 -> 2384500 | S11: 2386300 | T11: =MAX(0,S11-R11) -> 1800 | U11: =T11-T10 -> 100 | V11: =(T11/'Finance Only'!B14)*100 -> 6.9444444 | W11: =X10 -> 3261918 | X11: 3264703 | Y11: =MAX(0,X11-W11) -> 2785 | Z11: =Y11-Y10 -> 58 | AA11: =(Y11/'Finance Only'!B14)*100 -> 10.744599 | AB11: =AC10 -> 2030600 | AC11: 2033100 | AD11: =MAX(0,AC11-AB11) -> 2500 | AE11: =AD11-AD10 -> 0 | AF11: =(AD11/'Finance Only'!B14)*100 -> 9.6450617 | AG11: =AH10 -> 889838 | AH11: 890679 | AI11: =MAX(0,AH11-AG11) -> 841 | AJ11: =AI11-AI10 -> -49 | AK11: =(AI11/'Finance Only'!B14)*100 -> 3.2445988 | AL11: =AM10 -> 899880 | AM11: 900550 | AN11: =MAX(0,AM11-AL11) -> 670 | AO11: =AN11-AN10 -> -20 | AP11: =(AN11/'Finance Only'!B14)*100 -> 2.5848765 | AQ11: =AR10 -> 2017600 | AR11: 2018000 | AS11: =MAX(0,AR11-AQ11) -> 400 | AT11: =AS11-AS10 -> -2100 | AU11: =(AS11/'Finance Only'!B14)*100 -> 1.5432099 | AV11: =AW10 -> 583760 | AW11: 584195 | AX11: =MAX(0,AW11-AV11) -> 435 | AY11: =AX11-AX10 -> 41 | AZ11: =(AX11/'Finance Only'!B14)*100 -> 1.6782407 | BA11: =BB10 -> 829650 | BB11: 830550 | BC11: =MAX(0,BB11-BA11) -> 900 | BD11: =BC11-BC10 -> 60 | BE11: =(BC11/'Finance Only'!B14)*100 -> 3.4722222 | BF11: =BG10 -> 915820 | BG11: 916730 | BH11: =MAX(0,BG11-BF11) -> 910 | BI11: =BH11-BH10 -> 30 | BJ11: =(BH11/'Finance Only'!B14)*100 -> 3.5108025 | BK11: =BL10 -> 1417600 | BL11: 1418300 | BM11: =MAX(0,BL11-BK11) -> 700 | BN11: =BM11-BM10 -> 0 | BO11: =(BM11/'Finance Only'!B14)*100 -> 2.7006173 | BP11: =BQ10 -> 921340 | BQ11: 923070 | BR11: =MAX(0,BQ11-BP11) -> 1730 | BS11: =BR11-BR10 -> 280 | BT11: =(BR11/'Finance Only'!B14)*100 -> 6.6743827 | BU11: =BV10 -> 4473700 | BV11: 4478200 | BW11: =MAX(0,BV11-BU11) -> 4500 | BX11: =BW11-BW10 -> 200 | BY11: =(BW11/'Finance Only'!B14)*100 -> 17.361111 | BZ11: =CA10 -> 723580 | CA11: 724800 | CB11: =MAX(0,CA11-BZ11) -> 1220 | CC11: =CB11-CB10 -> 10 | CD11: =(CB11/'Finance Only'!B14)*100 -> 4.7067901 | CE11: =CF10 -> 222790 | CF11: 223200 | CG11: =MAX(0,CF11-CE11) -> 410 | CH11: =CG11-CG10 -> -10 | CI11: =(CG11/'Finance Only'!B14)*100 -> 1.5817901 | CJ11: =CK10 -> 504060 | CK11: 505240 | CL11: =MAX(0,CK11-CJ11) -> 1180 | CM11: =CL11-CL10 -> 230 | CN11: =(CL11/'Finance Only'!B14)*100 -> 4.5524691 | CO11: =CP10 -> 409770 | CP11: 410970 | CQ11: =MAX(0,CP11-CO11) -> 1200 | CR11: =CQ11-CQ10 -> 410 | CS11: =(CQ11/'Finance Only'!B14)*100 -> 4.6296296 | CT11: =CU10 -> 345450 | CU11: 346090 | CV11: =MAX(0,CU11-CT11) -> 640 | CW11: =CV11-CV10 -> 120 | CX11: =(CV11/'Finance Only'!B14)*100 -> 2.4691358 | CY11: =CZ10 -> 599830 | CZ11: 600890 | DA11: =MAX(0,CZ11-CY11) -> 1060 | DB11: =DA11-DA10 -> 30 | DC11: =(DA11/'Finance Only'!B14)*100 -> 4.0895062 | DD11: =DE10 -> 450390 | DE11: 451140 | DF11: =MAX(0,DE11-DD11) -> 750 | DG11: =DF11-DF10 -> -110 | DH11: =(DF11/'Finance Only'!B14)*100 -> 2.8935185 | DI11: =DJ10 -> 411650 | DJ11: 412490 | DK11: =MAX(0,DJ11-DI11) -> 840 | DL11: =DK11-DK10 -> 170 | DM11: =(DK11/'Finance Only'!B14)*100 -> 3.2407407 | DN11: =DO10 -> 240830 | DO11: 240590 | DP11: =MAX(0,DO11-DN11) -> 0 | DQ11: =DP11-DP10 -> -630 | DR11: =(DP11/'Finance Only'!B14)*100 -> 0 | DS11: =DT10 -> 72379 | DT11: 72504 | DU11: =MAX(0,DT11-DS11) -> 125 | DV11: =DU11-DU10 -> -18 | DW11: =(DU11/'Finance Only'!B14)*100 -> 0.48225309 | DX11: =DY10 -> 469300 | DY11: 470050 | DZ11: =MAX(0,DY11-DX11) -> 750 | EA11: =DZ11-DZ10 -> 70 | EB11: =(DZ11/'Finance Only'!B14)*100 -> 2.8935185 | EC11: =ED10 -> 149740 | ED11: 150020 | EE11: =MAX(0,ED11-EC11) -> 280 | EF11: =EE11-EE10 -> 40 | EG11: =(EE11/'Finance Only'!B14)*100 -> 1.0802469 | EH11: =EI10 -> 150610 | EI11: 150970 | EJ11: =MAX(0,EI11-EH11) -> 360 | EK11: =EJ11-EJ10 -> 40 | EL11: =(EJ11/'Finance Only'!B14)*100 -> 1.3888889 | EM11: =EN10 -> 277000 | EN11: 277510 | EO11: =MAX(0,EN11-EM11) -> 510 | EP11: =EO11-EO10 -> 0 | EQ11: =(EO11/'Finance Only'!B14)*100 -> 1.9675926 | ER11: =ES10 -> 0 | ET11: =MAX(0,ES11-ER11) -> 0 | EU11: =ET11-ET10 -> 0 | EV11: =(ET11/'Finance Only'!B14)*100 -> 0 | EW11: =EX10 -> 77135 | EX11: 78657 | EY11: =MAX(0,EX11-EW11) -> 1522 | EZ11: =EY11-EY10 -> -714 | FA11: =(EY11/'Finance Only'!G14)*100 -> 5595.5882 | FB11: =FC10 -> 745560 | FC11: 751340 | FD11: =MAX(0,FC11-FB11) -> 5780 | FE11: =FD11-FD10 -> 410 | FF11: =(FD11/'Finance Only'!M14)*100 -> #DIV/0! | FH11: =SUM(E11+J11) -> 7163 | FJ11: =SUM(T11+Y11+DZ11+EE11+EJ11+EO11) -> 6485 | FL11: =SUM(AN11+AS11) -> 1070 | FN11: =SUM(AX11+BC11+BH11) -> 2245 | FP11: =SUM(BM11+BR11+ET11) -> 2430 | FR11: =SUM(EY11+FD11) -> 7302
A12: 8 | B12: ='Finance Only'!G15 -> 27.2 | C12: =D11 -> 26104007 | D12: 26106598 | E12: =MAX(0,D12-C12) -> 2591 | F12: =E12-E11 -> -49 | G12: =(E12/'Finance Only'!B15)*100 -> 9.4064258 | H12: =I11 -> 23562972 | I12: 23567333 | J12: =MAX(0,I12-H12) -> 4361 | K12: =J12-J11 -> -162 | L12: =(J12/'Finance Only'!B15)*100 -> 15.832274 | M12: =N11 -> 88466810 | N12: 88481515 | O12: =MAX(0,N12-M12) -> 14705 | P12: =O12-O11 -> 415 | Q12: =(O12/'Finance Only'!B15)*100 -> 53.385369 | R12: =S11 -> 2386300 | S12: 2387900 | T12: =MAX(0,S12-R12) -> 1600 | U12: =T12-T11 -> -200 | V12: =(T12/'Finance Only'!B15)*100 -> 5.8086767 | W12: =X11 -> 3264703 | X12: 3267406 | Y12: =MAX(0,X12-W12) -> 2703 | Z12: =Y12-Y11 -> -82 | AA12: =(Y12/'Finance Only'!B15)*100 -> 9.8130332 | AB12: =AC11 -> 2033100 | AC12: 2035600 | AD12: =MAX(0,AC12-AB12) -> 2500 | AE12: =AD12-AD11 -> 0 | AF12: =(AD12/'Finance Only'!B15)*100 -> 9.0760574 | AG12: =AH11 -> 890679 | AH12: 891528 | AI12: =MAX(0,AH12-AG12) -> 849 | AJ12: =AI12-AI11 -> 8 | AK12: =(AI12/'Finance Only'!B15)*100 -> 3.0822291 | AL12: =AM11 -> 900550 | AM12: 901250 | AN12: =MAX(0,AM12-AL12) -> 700 | AO12: =AN12-AN11 -> 30 | AP12: =(AN12/'Finance Only'!B15)*100 -> 2.5412961 | AQ12: =AR11 -> 2018000 | AR12: 2019300 | AS12: =MAX(0,AR12-AQ12) -> 1300 | AT12: =AS12-AS11 -> 900 | AU12: =(AS12/'Finance Only'!B15)*100 -> 4.7195498 | AV12: =AW11 -> 584195 | AW12: 584668 | AX12: =MAX(0,AW12-AV12) -> 473 | AY12: =AX12-AX11 -> 38 | AZ12: =(AX12/'Finance Only'!B15)*100 -> 1.7171901 | BA12: =BB11 -> 830550 | BB12: 831510 | BC12: =MAX(0,BB12-BA12) -> 960 | BD12: =BC12-BC11 -> 60 | BE12: =(BC12/'Finance Only'!B15)*100 -> 3.485206 | BF12: =BG11 -> 916730 | BG12: 917690 | BH12: =MAX(0,BG12-BF12) -> 960 | BI12: =BH12-BH11 -> 50 | BJ12: =(BH12/'Finance Only'!B15)*100 -> 3.485206 | BK12: =BL11 -> 1418300 | BL12: 1419100 | BM12: =MAX(0,BL12-BK12) -> 800 | BN12: =BM12-BM11 -> 100 | BO12: =(BM12/'Finance Only'!B15)*100 -> 2.9043384 | BP12: =BQ11 -> 923070 | BQ12: 924790 | BR12: =MAX(0,BQ12-BP12) -> 1720 | BS12: =BR12-BR11 -> -10 | BT12: =(BR12/'Finance Only'!B15)*100 -> 6.2443275 | BU12: =BV11 -> 4478200 | BV12: 4482700 | BW12: =MAX(0,BV12-BU12) -> 4500 | BX12: =BW12-BW11 -> 0 | BY12: =(BW12/'Finance Only'!B15)*100 -> 16.336903 | BZ12: =CA11 -> 724800 | CA12: 726040 | CB12: =MAX(0,CA12-BZ12) -> 1240 | CC12: =CB12-CB11 -> 20 | CD12: =(CB12/'Finance Only'!B15)*100 -> 4.5017245 | CE12: =CF11 -> 223200 | CF12: 223600 | CG12: =MAX(0,CF12-CE12) -> 400 | CH12: =CG12-CG11 -> -10 | CI12: =(CG12/'Finance Only'!B15)*100 -> 1.4521692 | CJ12: =CK11 -> 505240 | CK12: 506210 | CL12: =MAX(0,CK12-CJ12) -> 970 | CM12: =CL12-CL11 -> -210 | CN12: =(CL12/'Finance Only'!B15)*100 -> 3.5215103 | CO12: =CP11 -> 410970 | CP12: 412080 | CQ12: =MAX(0,CP12-CO12) -> 1110 | CR12: =CQ12-CQ11 -> -90 | CS12: =(CQ12/'Finance Only'!B15)*100 -> 4.0297695 | CT12: =CU11 -> 346090 | CU12: 346670 | CV12: =MAX(0,CU12-CT12) -> 580 | CW12: =CV12-CV11 -> -60 | CX12: =(CV12/'Finance Only'!B15)*100 -> 2.1056453 | CY12: =CZ11 -> 600890 | CZ12: 601930 | DA12: =MAX(0,CZ12-CY12) -> 1040 | DB12: =DA12-DA11 -> -20 | DC12: =(DA12/'Finance Only'!B15)*100 -> 3.7756399 | DD12: =DE11 -> 451140 | DE12: 451840 | DF12: =MAX(0,DE12-DD12) -> 700 | DG12: =DF12-DF11 -> -50 | DH12: =(DF12/'Finance Only'!B15)*100 -> 2.5412961 | DI12: =DJ11 -> 412490 | DJ12: 413150 | DK12: =MAX(0,DJ12-DI12) -> 660 | DL12: =DK12-DK11 -> -180 | DM12: =(DK12/'Finance Only'!B15)*100 -> 2.3960791 | DN12: =DO11 -> 240590 | DO12: 240800 | DP12: =MAX(0,DO12-DN12) -> 210 | DQ12: =DP12-DP11 -> 210 | DR12: =(DP12/'Finance Only'!B15)*100 -> 0.76238882 | DS12: =DT11 -> 72504 | DT12: 72625 | DU12: =MAX(0,DT12-DS12) -> 121 | DV12: =DU12-DU11 -> -4 | DW12: =(DU12/'Finance Only'!B15)*100 -> 0.43928118 | DX12: =DY11 -> 470050 | DY12: 470810 | DZ12: =MAX(0,DY12-DX12) -> 760 | EA12: =DZ12-DZ11 -> 10 | EB12: =(DZ12/'Finance Only'!B15)*100 -> 2.7591214 | EC12: =ED11 -> 150020 | ED12: 150260 | EE12: =MAX(0,ED12-EC12) -> 240 | EF12: =EE12-EE11 -> -40 | EG12: =(EE12/'Finance Only'!B15)*100 -> 0.87130151 | EH12: =EI11 -> 150970 | EI12: 151310 | EJ12: =MAX(0,EI12-EH12) -> 340 | EK12: =EJ12-EJ11 -> -20 | EL12: =(EJ12/'Finance Only'!B15)*100 -> 1.2343438 | EM12: =EN11 -> 277510 | EN12: 277990 | EO12: =MAX(0,EN12-EM12) -> 480 | EP12: =EO12-EO11 -> -30 | EQ12: =(EO12/'Finance Only'!B15)*100 -> 1.742603 | ER12: =ES11 -> 0 | ET12: =MAX(0,ES12-ER12) -> 0 | EU12: =ET12-ET11 -> 0 | EV12: =(ET12/'Finance Only'!B15)*100 -> 0 | EW12: =EX11 -> 78657 | EX12: 79646 | EY12: =MAX(0,EX12-EW12) -> 989 | EZ12: =EY12-EY11 -> -533 | FA12: =(EY12/'Finance Only'!G15)*100 -> 3636.0294 | FB12: =FC11 -> 751340 | FC12: 754980 | FD12: =MAX(0,FC12-FB12) -> 3640 | FE12: =FD12-FD11 -> -2140 | FF12: =(FD12/'Finance Only'!M15)*100 -> #DIV/0! | FH12: =SUM(E12+J12) -> 6952 | FJ12: =SUM(T12+Y12+DZ12+EE12+EJ12+EO12) -> 6123 | FL12: =SUM(AN12+AS12) -> 2000 | FN12: =SUM(AX12+BC12+BH12) -> 2393 | FP12: =SUM(BM12+BR12+ET12) -> 2520 | FR12: =SUM(EY12+FD12) -> 4629
A13: 9 | B13: ='Finance Only'!G16 -> 27.2 | C13: =D12 -> 26106598 | D13: 26109096 | E13: =MAX(0,D13-C13) -> 2498 | F13: =E13-E12 -> -93 | G13: =(E13/'Finance Only'!B16)*100 -> 9.8868044 | H13: =I12 -> 23567333 | I13: 23570848 | J13: =MAX(0,I13-H13) -> 3515 | K13: =J13-J12 -> -846 | L13: =(J13/'Finance Only'!B16)*100 -> 13.911977 | M13: =N12 -> 88481515 | N13: 88495440 | O13: =MAX(0,N13-M13) -> 13925 | P13: =O13-O12 -> -780 | Q13: =(O13/'Finance Only'!B16)*100 -> 55.113591 | R13: =S12 -> 2387900 | S13: 2389500 | T13: =MAX(0,S13-R13) -> 1600 | U13: =T13-T12 -> 0 | V13: =(T13/'Finance Only'!B16)*100 -> 6.3326209 | W13: =X12 -> 3267406 | X13: 3270022 | Y13: =MAX(0,X13-W13) -> 2616 | Z13: =Y13-Y12 -> -87 | AA13: =(Y13/'Finance Only'!B16)*100 -> 10.353835 | AB13: =AC12 -> 2035600 | AC13: 2038200 | AD13: =MAX(0,AC13-AB13) -> 2600 | AE13: =AD13-AD12 -> 100 | AF13: =(AD13/'Finance Only'!B16)*100 -> 10.290509 | AG13: =AH12 -> 891528 | AH13: 892344 | AI13: =MAX(0,AH13-AG13) -> 816 | AJ13: =AI13-AI12 -> -33 | AK13: =(AI13/'Finance Only'!B16)*100 -> 3.2296367 | AL13: =AM12 -> 901250 | AM13: 901910 | AN13: =MAX(0,AM13-AL13) -> 660 | AO13: =AN13-AN12 -> -40 | AP13: =(AN13/'Finance Only'!B16)*100 -> 2.6122061 | AQ13: =AR12 -> 2019300 | AR13: 2020600 | AS13: =MAX(0,AR13-AQ13) -> 1300 | AT13: =AS13-AS12 -> 0 | AU13: =(AS13/'Finance Only'!B16)*100 -> 5.1452545 | AV13: =AW12 -> 584668 | AW13: 585093 | AX13: =MAX(0,AW13-AV13) -> 425 | AY13: =AX13-AX12 -> -48 | AZ13: =(AX13/'Finance Only'!B16)*100 -> 1.6821024 | BA13: =BB12 -> 831510 | BB13: 832430 | BC13: =MAX(0,BB13-BA13) -> 920 | BD13: =BC13-BC12 -> -40 | BE13: =(BC13/'Finance Only'!B16)*100 -> 3.641257 | BF13: =BG12 -> 917690 | BG13: 918630 | BH13: =MAX(0,BG13-BF13) -> 940 | BI13: =BH13-BH12 -> -20 | BJ13: =(BH13/'Finance Only'!B16)*100 -> 3.7204148 | BK13: =BL12 -> 1419100 | BL13: 1419700 | BM13: =MAX(0,BL13-BK13) -> 600 | BN13: =BM13-BM12 -> -200 | BO13: =(BM13/'Finance Only'!B16)*100 -> 2.3747328 | BP13: =BQ12 -> 924790 | BQ13: 926180 | BR13: =MAX(0,BQ13-BP13) -> 1390 | BS13: =BR13-BR12 -> -330 | BT13: =(BR13/'Finance Only'!B16)*100 -> 5.5014644 | BU13: =BV12 -> 4482700 | BV13: 4487000 | BW13: =MAX(0,BV13-BU13) -> 4300 | BX13: =BW13-BW12 -> -200 | BY13: =(BW13/'Finance Only'!B16)*100 -> 17.018919 | BZ13: =CA12 -> 726040 | CA13: 727250 | CB13: =MAX(0,CA13-BZ13) -> 1210 | CC13: =CB13-CB12 -> -30 | CD13: =(CB13/'Finance Only'!B16)*100 -> 4.7890446 | CE13: =CF12 -> 223600 | CF13: 224030 | CG13: =MAX(0,CF13-CE13) -> 430 | CH13: =CG13-CG12 -> 30 | CI13: =(CG13/'Finance Only'!B16)*100 -> 1.7018919 | CJ13: =CK12 -> 506210 | CK13: 507020 | CL13: =MAX(0,CK13-CJ13) -> 810 | CM13: =CL13-CL12 -> -160 | CN13: =(CL13/'Finance Only'!B16)*100 -> 3.2058893 | CO13: =CP12 -> 412080 | CP13: 412780 | CQ13: =MAX(0,CP13-CO13) -> 700 | CR13: =CQ13-CQ12 -> -410 | CS13: =(CQ13/'Finance Only'!B16)*100 -> 2.7705216 | CT13: =CU12 -> 346670 | CU13: 347100 | CV13: =MAX(0,CU13-CT13) -> 430 | CW13: =CV13-CV12 -> -150 | CX13: =(CV13/'Finance Only'!B16)*100 -> 1.7018919 | CY13: =CZ12 -> 601930 | CZ13: 602880 | DA13: =MAX(0,CZ13-CY13) -> 950 | DB13: =DA13-DA12 -> -90 | DC13: =(DA13/'Finance Only'!B16)*100 -> 3.7599937 | DD13: =DE12 -> 451840 | DE13: 452490 | DF13: =MAX(0,DE13-DD13) -> 650 | DG13: =DF13-DF12 -> -50 | DH13: =(DF13/'Finance Only'!B16)*100 -> 2.5726272 | DI13: =DJ12 -> 413150 | DJ13: 413760 | DK13: =MAX(0,DJ13-DI13) -> 610 | DL13: =DK13-DK12 -> -50 | DM13: =(DK13/'Finance Only'!B16)*100 -> 2.4143117 | DN13: =DO12 -> 240800 | DO13: 240980 | DP13: =MAX(0,DO13-DN13) -> 180 | DQ13: =DP13-DP12 -> -30 | DR13: =(DP13/'Finance Only'!B16)*100 -> 0.71241985 | DS13: =DT12 -> 72625 | DT13: 72734 | DU13: =MAX(0,DT13-DS13) -> 109 | DV13: =DU13-DU12 -> -12 | DW13: =(DU13/'Finance Only'!B16)*100 -> 0.4314098 | DX13: =DY12 -> 470810 | DY13: 471530 | DZ13: =MAX(0,DY13-DX13) -> 720 | EA13: =DZ13-DZ12 -> -40 | EB13: =(DZ13/'Finance Only'!B16)*100 -> 2.8496794 | EC13: =ED12 -> 150260 | ED13: 150540 | EE13: =MAX(0,ED13-EC13) -> 280 | EF13: =EE13-EE12 -> 40 | EG13: =(EE13/'Finance Only'!B16)*100 -> 1.1082087 | EH13: =EI12 -> 151310 | EI13: 151630 | EJ13: =MAX(0,EI13-EH13) -> 320 | EK13: =EJ13-EJ12 -> -20 | EL13: =(EJ13/'Finance Only'!B16)*100 -> 1.2665242 | EM13: =EN12 -> 277990 | EN13: 278500 | EO13: =MAX(0,EN13-EM13) -> 510 | EP13: =EO13-EO12 -> 30 | EQ13: =(EO13/'Finance Only'!B16)*100 -> 2.0185229 | ER13: =ES12 -> 0 | ET13: =MAX(0,ES13-ER13) -> 0 | EU13: =ET13-ET12 -> 0 | EV13: =(ET13/'Finance Only'!B16)*100 -> 0 | EW13: =EX12 -> 79646 | EX13: 80312 | EY13: =MAX(0,EX13-EW13) -> 666 | EZ13: =EY13-EY12 -> -323 | FA13: =(EY13/'Finance Only'!G16)*100 -> 2448.5294 | FB13: =FC12 -> 754980 | FC13: 758980 | FD13: =MAX(0,FC13-FB13) -> 4000 | FE13: =FD13-FD12 -> 360 | FF13: =(FD13/'Finance Only'!M16)*100 -> #DIV/0! | FH13: =SUM(E13+J13) -> 6013 | FJ13: =SUM(T13+Y13+DZ13+EE13+EJ13+EO13) -> 6046 | FL13: =SUM(AN13+AS13) -> 1960 | FN13: =SUM(AX13+BC13+BH13) -> 2285 | FP13: =SUM(BM13+BR13+ET13) -> 1990 | FR13: =SUM(EY13+FD13) -> 4666
A14: 10 | B14: ='Finance Only'!G17 -> 21 | C14: =D13 -> 26109096 | D14: =26109096+2491 -> 26111587 | E14: =MAX(0,D14-C14) -> 2491 | F14: =E14-E13 -> -7 | G14: =(E14/'Finance Only'!B17)*100 -> 9.940937 | H14: =I13 -> 23570848 | I14: 23574366 | J14: =MAX(0,I14-H14) -> 3518 | K14: =J14-J13 -> 3 | L14: =(J14/'Finance Only'!B17)*100 -> 14.039429 | M14: =N13 -> 88495440 | N14: 88509492 | O14: =MAX(0,N14-M14) -> 14052 | P14: =O14-O13 -> 127 | Q14: =(O14/'Finance Only'!B17)*100 -> 56.077899 | R14: =S13 -> 2389500 | S14: 2391200 | T14: =MAX(0,S14-R14) -> 1700 | U14: =T14-T13 -> 100 | V14: =(T14/'Finance Only'!B17)*100 -> 6.7842605 | W14: =X13 -> 3270022 | X14: 3272693 | Y14: =MAX(0,X14-W14) -> 2671 | Z14: =Y14-Y13 -> 55 | AA14: =(Y14/'Finance Only'!B17)*100 -> 10.65927 | AB14: =AC13 -> 2038200 | AC14: 2040700 | AD14: =MAX(0,AC14-AB14) -> 2500 | AE14: =AD14-AD13 -> -100 | AF14: =(AD14/'Finance Only'!B17)*100 -> 9.9768537 | AG14: =AH13 -> 892344 | AH14: 893202 | AI14: =MAX(0,AH14-AG14) -> 858 | AJ14: =AI14-AI13 -> 42 | AK14: =(AI14/'Finance Only'!B17)*100 -> 3.4240562 | AL14: =AM13 -> 901910 | AM14: 902560 | AN14: =MAX(0,AM14-AL14) -> 650 | AO14: =AN14-AN13 -> -10 | AP14: =(AN14/'Finance Only'!B17)*100 -> 2.593982 | AQ14: =AR13 -> 2020600 | AR14: 2022000 | AS14: =MAX(0,AR14-AQ14) -> 1400 | AT14: =AS14-AS13 -> 100 | AU14: =(AS14/'Finance Only'!B17)*100 -> 5.5870381 | AV14: =AW13 -> 585093 | AW14: 585517 | AX14: =MAX(0,AW14-AV14) -> 424 | AY14: =AX14-AX13 -> -1 | AZ14: =(AX14/'Finance Only'!B17)*100 -> 1.6920744 | BA14: =BB13 -> 832430 | BB14: 833510 | BC14: =MAX(0,BB14-BA14) -> 1080 | BD14: =BC14-BC13 -> 160 | BE14: =(BC14/'Finance Only'!B17)*100 -> 4.3100008 | BF14: =BG13 -> 918630 | BG14: 919630 | BH14: =MAX(0,BG14-BF14) -> 1000 | BI14: =BH14-BH13 -> 60 | BJ14: =(BH14/'Finance Only'!B17)*100 -> 3.9907415 | BK14: =BL13 -> 1419700 | BL14: 1420400 | BM14: =MAX(0,BL14-BK14) -> 700 | BN14: =BM14-BM13 -> 100 | BO14: =(BM14/'Finance Only'!B17)*100 -> 2.793519 | BP14: =BQ13 -> 926180 | BQ14: 927580 | BR14: =MAX(0,BQ14-BP14) -> 1400 | BS14: =BR14-BR13 -> 10 | BT14: =(BR14/'Finance Only'!B17)*100 -> 5.5870381 | BU14: =BV13 -> 4487000 | BV14: 4491700 | BW14: =MAX(0,BV14-BU14) -> 4700 | BX14: =BW14-BW13 -> 400 | BY14: =(BW14/'Finance Only'!B17)*100 -> 18.756485 | BZ14: =CA13 -> 727250 | CA14: 728440 | CB14: =MAX(0,CA14-BZ14) -> 1190 | CC14: =CB14-CB13 -> -20 | CD14: =(CB14/'Finance Only'!B17)*100 -> 4.7489824 | CE14: =CF13 -> 224030 | CF14: 224390 | CG14: =MAX(0,CF14-CE14) -> 360 | CH14: =CG14-CG13 -> -70 | CI14: =(CG14/'Finance Only'!B17)*100 -> 1.4366669 | CJ14: =CK13 -> 507020 | CK14: 507850 | CL14: =MAX(0,CK14-CJ14) -> 830 | CM14: =CL14-CL13 -> 20 | CN14: =(CL14/'Finance Only'!B17)*100 -> 3.3123154 | CO14: =CP13 -> 412780 | CP14: 413490 | CQ14: =MAX(0,CP14-CO14) -> 710 | CR14: =CQ14-CQ13 -> 10 | CS14: =(CQ14/'Finance Only'!B17)*100 -> 2.8334265 | CT14: =CU13 -> 347100 | CU14: 347610 | CV14: =MAX(0,CU14-CT14) -> 510 | CW14: =CV14-CV13 -> 80 | CX14: =(CV14/'Finance Only'!B17)*100 -> 2.0352782 | CY14: =CZ13 -> 602880 | CZ14: 603660 | DA14: =MAX(0,CZ14-CY14) -> 780 | DB14: =DA14-DA13 -> -170 | DC14: =(DA14/'Finance Only'!B17)*100 -> 3.1127784 | DD14: =DE13 -> 452490 | DE14: 453210 | DF14: =MAX(0,DE14-DD14) -> 720 | DG14: =DF14-DF13 -> 70 | DH14: =(DF14/'Finance Only'!B17)*100 -> 2.8733339 | DI14: =DJ13 -> 413760 | DJ14: 414310 | DK14: =MAX(0,DJ14-DI14) -> 550 | DL14: =DK14-DK13 -> -60 | DM14: =(DK14/'Finance Only'!B17)*100 -> 2.1949078 | DN14: =DO13 -> 240980 | DO14: 241140 | DP14: =MAX(0,DO14-DN14) -> 160 | DQ14: =DP14-DP13 -> -20 | DR14: =(DP14/'Finance Only'!B17)*100 -> 0.63851864 | DS14: =DT13 -> 72734 | DT14: 72845 | DU14: =MAX(0,DT14-DS14) -> 111 | DV14: =DU14-DU13 -> 2 | DW14: =(DU14/'Finance Only'!B17)*100 -> 0.4429723 | DX14: =DY13 -> 471530 | DY14: 472210 | DZ14: =MAX(0,DY14-DX14) -> 680 | EA14: =DZ14-DZ13 -> -40 | EB14: =(DZ14/'Finance Only'!B17)*100 -> 2.7137042 | EC14: =ED13 -> 150540 | ED14: 150790 | EE14: =MAX(0,ED14-EC14) -> 250 | EF14: =EE14-EE13 -> -30 | EG14: =(EE14/'Finance Only'!B17)*100 -> 0.99768537 | EH14: =EI13 -> 151630 | EI14: 151840 | EJ14: =MAX(0,EI14-EH14) -> 210 | EK14: =EJ14-EJ13 -> -110 | EL14: =(EJ14/'Finance Only'!B17)*100 -> 0.83805571 | EM14: =EN13 -> 278500 | EN14: 279000 | EO14: =MAX(0,EN14-EM14) -> 500 | EP14: =EO14-EO13 -> -10 | EQ14: =(EO14/'Finance Only'!B17)*100 -> 1.9953707 | ER14: =ES13 -> 0 | ET14: =MAX(0,ES14-ER14) -> 0 | EU14: =ET14-ET13 -> 0 | EV14: =(ET14/'Finance Only'!B17)*100 -> 0 | EW14: =EX13 -> 80312 | EX14: 81552 | EY14: =MAX(0,EX14-EW14) -> 1240 | EZ14: =EY14-EY13 -> 574 | FA14: =(EY14/'Finance Only'!G17)*100 -> 5904.7619 | FB14: =FC13 -> 758980 | FC14: 761860 | FD14: =MAX(0,FC14-FB14) -> 2880 | FE14: =FD14-FD13 -> -1120 | FF14: =(FD14/'Finance Only'!M17)*100 -> #DIV/0! | FH14: =SUM(E14+J14) -> 6009 | FJ14: =SUM(T14+Y14+DZ14+EE14+EJ14+EO14) -> 6011 | FL14: =SUM(AN14+AS14) -> 2050 | FN14: =SUM(AX14+BC14+BH14) -> 2504 | FP14: =SUM(BM14+BR14+ET14) -> 2100 | FR14: =SUM(EY14+FD14) -> 4120
A15: 11 | B15: ='Finance Only'!G18 -> 25.2 | C15: =D14 -> 26111587 | D15: 26114109 | E15: =MAX(0,D15-C15) -> 2522 | F15: =E15-E14 -> 31 | G15: =(E15/'Finance Only'!B18)*100 -> 9.2689919 | H15: =I14 -> 23574366 | I15: 23578942 | J15: =MAX(0,I15-H15) -> 4576 | K15: =J15-J14 -> 1058 | L15: =(J15/'Finance Only'!B18)*100 -> 16.817965 | M15: =N14 -> 88509492 | N15: 88523928 | O15: =MAX(0,N15-M15) -> 14436 | P15: =O15-O14 -> 384 | Q15: =(O15/'Finance Only'!B18)*100 -> 53.055974 | R15: =S14 -> 2391200 | S15: 2392800 | T15: =MAX(0,S15-R15) -> 1600 | U15: =T15-T14 -> -100 | V15: =(T15/'Finance Only'!B18)*100 -> 5.8804072 | W15: =X14 -> 3272693 | X15: 3275479 | Y15: =MAX(0,X15-W15) -> 2786 | Z15: =Y15-Y14 -> 115 | AA15: =(Y15/'Finance Only'!B18)*100 -> 10.239259 | AB15: =AC14 -> 2040700 | AC15: 2043200 | AD15: =MAX(0,AC15-AB15) -> 2500 | AE15: =AD15-AD14 -> 0 | AF15: =(AD15/'Finance Only'!B18)*100 -> 9.1881363 | AG15: =AH14 -> 893202 | AH15: 894112 | AI15: =MAX(0,AH15-AG15) -> 910 | AJ15: =AI15-AI14 -> 52 | AK15: =(AI15/'Finance Only'!B18)*100 -> 3.3444816 | AL15: =AM14 -> 902560 | AM15: 903290 | AN15: =MAX(0,AM15-AL15) -> 730 | AO15: =AN15-AN14 -> 80 | AP15: =(AN15/'Finance Only'!B18)*100 -> 2.6829358 | AQ15: =AR14 -> 2022000 | AR15: 2023400 | AS15: =MAX(0,AR15-AQ15) -> 1400 | AT15: =AS15-AS14 -> 0 | AU15: =(AS15/'Finance Only'!B18)*100 -> 5.1453563 | AV15: =AW14 -> 585517 | AW15: 586000 | AX15: =MAX(0,AW15-AV15) -> 483 | AY15: =AX15-AX14 -> 59 | AZ15: =(AX15/'Finance Only'!B18)*100 -> 1.7751479 | BA15: =BB14 -> 833510 | BB15: 834600 | BC15: =MAX(0,BB15-BA15) -> 1090 | BD15: =BC15-BC14 -> 10 | BE15: =(BC15/'Finance Only'!B18)*100 -> 4.0060274 | BF15: =BG14 -> 919630 | BG15: 920630 | BH15: =MAX(0,BG15-BF15) -> 1000 | BI15: =BH15-BH14 -> 0 | BJ15: =(BH15/'Finance Only'!B18)*100 -> 3.6752545 | BK15: =BL14 -> 1420400 | BL15: 1421100 | BM15: =MAX(0,BL15-BK15) -> 700 | BN15: =BM15-BM14 -> 0 | BO15: =(BM15/'Finance Only'!B18)*100 -> 2.5726782 | BP15: =BQ14 -> 927580 | BQ15: 929380 | BR15: =MAX(0,BQ15-BP15) -> 1800 | BS15: =BR15-BR14 -> 400 | BT15: =(BR15/'Finance Only'!B18)*100 -> 6.6154581 | BU15: =BV14 -> 4491700 | BV15: 4496700 | BW15: =MAX(0,BV15-BU15) -> 5000 | BX15: =BW15-BW14 -> 300 | BY15: =(BW15/'Finance Only'!B18)*100 -> 18.376273 | BZ15: =CA14 -> 728440 | CA15: 729620 | CB15: =MAX(0,CA15-BZ15) -> 1180 | CC15: =CB15-CB14 -> -10 | CD15: =(CB15/'Finance Only'!B18)*100 -> 4.3368003 | CE15: =CF14 -> 224390 | CF15: 224720 | CG15: =MAX(0,CF15-CE15) -> 330 | CH15: =CG15-CG14 -> -30 | CI15: =(CG15/'Finance Only'!B18)*100 -> 1.212834 | CJ15: =CK14 -> 507850 | CK15: 508940 | CL15: =MAX(0,CK15-CJ15) -> 1090 | CM15: =CL15-CL14 -> 260 | CN15: =(CL15/'Finance Only'!B18)*100 -> 4.0060274 | CO15: =CP14 -> 413490 | CP15: 414290 | CQ15: =MAX(0,CP15-CO15) -> 800 | CR15: =CQ15-CQ14 -> 90 | CS15: =(CQ15/'Finance Only'!B18)*100 -> 2.9402036 | CT15: =CU14 -> 347610 | CU15: 348470 | CV15: =MAX(0,CU15-CT15) -> 860 | CW15: =CV15-CV14 -> 350 | CX15: =(CV15/'Finance Only'!B18)*100 -> 3.1607189 | CY15: =CZ14 -> 603660 | CZ15: 604570 | DA15: =MAX(0,CZ15-CY15) -> 910 | DB15: =DA15-DA14 -> 130 | DC15: =(DA15/'Finance Only'!B18)*100 -> 3.3444816 | DD15: =DE14 -> 453210 | DE15: 454160 | DF15: =MAX(0,DE15-DD15) -> 950 | DG15: =DF15-DF14 -> 230 | DH15: =(DF15/'Finance Only'!B18)*100 -> 3.4914918 | DI15: =DJ14 -> 414310 | DJ15: 415070 | DK15: =MAX(0,DJ15-DI15) -> 760 | DL15: =DK15-DK14 -> 210 | DM15: =(DK15/'Finance Only'!B18)*100 -> 2.7931934 | DN15: =DO14 -> 241140 | DO15: 241330 | DP15: =MAX(0,DO15-DN15) -> 190 | DQ15: =DP15-DP14 -> 30 | DR15: =(DP15/'Finance Only'!B18)*100 -> 0.69829836 | DS15: =DT14 -> 72845 | DT15: 72973 | DU15: =MAX(0,DT15-DS15) -> 128 | DV15: =DU15-DU14 -> 17 | DW15: =(DU15/'Finance Only'!B18)*100 -> 0.47043258 | DX15: =DY14 -> 472210 | DY15: 472880 | DZ15: =MAX(0,DY15-DX15) -> 670 | EA15: =DZ15-DZ14 -> -10 | EB15: =(DZ15/'Finance Only'!B18)*100 -> 2.4624205 | EC15: =ED14 -> 150790 | ED15: 151050 | EE15: =MAX(0,ED15-EC15) -> 260 | EF15: =EE15-EE14 -> 10 | EG15: =(EE15/'Finance Only'!B18)*100 -> 0.95556617 | EH15: =EI14 -> 151840 | EI15: 152160 | EJ15: =MAX(0,EI15-EH15) -> 320 | EK15: =EJ15-EJ14 -> 110 | EL15: =(EJ15/'Finance Only'!B18)*100 -> 1.1760814 | EM15: =EN14 -> 279000 | EN15: 279520 | EO15: =MAX(0,EN15-EM15) -> 520 | EP15: =EO15-EO14 -> 20 | EQ15: =(EO15/'Finance Only'!B18)*100 -> 1.9111323 | ER15: =ES14 -> 0 | ET15: =MAX(0,ES15-ER15) -> 0 | EU15: =ET15-ET14 -> 0 | EV15: =(ET15/'Finance Only'!B18)*100 -> 0 | EW15: =EX14 -> 81552 | EX15: 82989 | EY15: =MAX(0,EX15-EW15) -> 1437 | EZ15: =EY15-EY14 -> 197 | FA15: =(EY15/'Finance Only'!G18)*100 -> 5702.381 | FB15: =FC14 -> 761860 | FC15: 766350 | FD15: =MAX(0,FC15-FB15) -> 4490 | FE15: =FD15-FD14 -> 1610 | FF15: =(FD15/'Finance Only'!M18)*100 -> #DIV/0! | FH15: =SUM(E15+J15) -> 7098 | FJ15: =SUM(T15+Y15+DZ15+EE15+EJ15+EO15) -> 6156 | FL15: =SUM(AN15+AS15) -> 2130 | FN15: =SUM(AX15+BC15+BH15) -> 2573 | FP15: =SUM(BM15+BR15+ET15) -> 2500 | FR15: =SUM(EY15+FD15) -> 5927
A16: 12 | B16: ='Finance Only'!G19 -> 29.1 | C16: =D15 -> 26114109 | D16: 26116584 | E16: =MAX(0,D16-C16) -> 2475 | F16: =E16-E15 -> -47 | G16: =(E16/'Finance Only'!B19)*100 -> 9.4160167 | H16: =I15 -> 23578942 | I16: 23582598 | J16: =MAX(0,I16-H16) -> 3656 | K16: =J16-J15 -> -920 | L16: =(J16/'Finance Only'!B19)*100 -> 13.909074 | M16: =N15 -> 88523928 | N16: 88538663 | O16: =MAX(0,N16-M16) -> 14735 | P16: =O16-O15 -> 299 | Q16: =(O16/'Finance Only'!B19)*100 -> 56.058589 | R16: =S15 -> 2392800 | S16: 2394400 | T16: =MAX(0,S16-R16) -> 1600 | U16: =T16-T15 -> 0 | V16: =(T16/'Finance Only'!B19)*100 -> 6.0871219 | W16: =X15 -> 3275479 | X16: 3278285 | Y16: =MAX(0,X16-W16) -> 2806 | Z16: =Y16-Y15 -> 20 | AA16: =(Y16/'Finance Only'!B19)*100 -> 10.67529 | AB16: =AC15 -> 2043200 | AC16: 2045700 | AD16: =MAX(0,AC16-AB16) -> 2500 | AE16: =AD16-AD15 -> 0 | AF16: =(AD16/'Finance Only'!B19)*100 -> 9.511128 | AG16: =AH15 -> 894112 | AH16: 895091 | AI16: =MAX(0,AH16-AG16) -> 979 | AJ16: =AI16-AI15 -> 69 | AK16: =(AI16/'Finance Only'!B19)*100 -> 3.7245577 | AL16: =AM15 -> 903290 | AM16: 903890 | AN16: =MAX(0,AM16-AL16) -> 600 | AO16: =AN16-AN15 -> -130 | AP16: =(AN16/'Finance Only'!B19)*100 -> 2.2826707 | AQ16: =AR15 -> 2023400 | AR16: 2024700 | AS16: =MAX(0,AR16-AQ16) -> 1300 | AT16: =AS16-AS15 -> -100 | AU16: =(AS16/'Finance Only'!B19)*100 -> 4.9457866 | AV16: =AW15 -> 586000 | AW16: 586427 | AX16: =MAX(0,AW16-AV16) -> 427 | AY16: =AX16-AX15 -> -56 | AZ16: =(AX16/'Finance Only'!B19)*100 -> 1.6245007 | BA16: =BB15 -> 834600 | BB16: 835830 | BC16: =MAX(0,BB16-BA16) -> 1230 | BD16: =BC16-BC15 -> 140 | BE16: =(BC16/'Finance Only'!B19)*100 -> 4.679475 | BF16: =BG15 -> 920630 | BG16: 921720 | BH16: =MAX(0,BG16-BF16) -> 1090 | BI16: =BH16-BH15 -> 90 | BJ16: =(BH16/'Finance Only'!B19)*100 -> 4.1468518 | BK16: =BL15 -> 1421100 | BL16: 1421900 | BM16: =MAX(0,BL16-BK16) -> 800 | BN16: =BM16-BM15 -> 100 | BO16: =(BM16/'Finance Only'!B19)*100 -> 3.043561 | BP16: =BQ15 -> 929380 | BQ16: 931250 | BR16: =MAX(0,BQ16-BP16) -> 1870 | BS16: =BR16-BR15 -> 70 | BT16: =(BR16/'Finance Only'!B19)*100 -> 7.1143238 | BU16: =BV15 -> 4496700 | BV16: 4501700 | BW16: =MAX(0,BV16-BU16) -> 5000 | BX16: =BW16-BW15 -> 0 | BY16: =(BW16/'Finance Only'!B19)*100 -> 19.022256 | BZ16: =CA15 -> 729620 | CA16: 730770 | CB16: =MAX(0,CA16-BZ16) -> 1150 | CC16: =CB16-CB15 -> -30 | CD16: =(CB16/'Finance Only'!B19)*100 -> 4.3751189 | CE16: =CF15 -> 224720 | CF16: 225090 | CG16: =MAX(0,CF16-CE16) -> 370 | CH16: =CG16-CG15 -> 40 | CI16: =(CG16/'Finance Only'!B19)*100 -> 1.4076469 | CJ16: =CK15 -> 508940 | CK16: 509640 | CL16: =MAX(0,CK16-CJ16) -> 700 | CM16: =CL16-CL15 -> -390 | CN16: =(CL16/'Finance Only'!B19)*100 -> 2.6631158 | CO16: =CP15 -> 414290 | CP16: 414950 | CQ16: =MAX(0,CP16-CO16) -> 660 | CR16: =CQ16-CQ15 -> -140 | CS16: =(CQ16/'Finance Only'!B19)*100 -> 2.5109378 | CT16: =CU15 -> 348470 | CU16: 349070 | CV16: =MAX(0,CU16-CT16) -> 600 | CW16: =CV16-CV15 -> -260 | CX16: =(CV16/'Finance Only'!B19)*100 -> 2.2826707 | CY16: =CZ15 -> 604570 | CZ16: 605290 | DA16: =MAX(0,CZ16-CY16) -> 720 | DB16: =DA16-DA15 -> -190 | DC16: =(DA16/'Finance Only'!B19)*100 -> 2.7392049 | DD16: =DE15 -> 454160 | DE16: 455070 | DF16: =MAX(0,DE16-DD16) -> 910 | DG16: =DF16-DF15 -> -40 | DH16: =(DF16/'Finance Only'!B19)*100 -> 3.4620506 | DI16: =DJ15 -> 415070 | DJ16: 415660 | DK16: =MAX(0,DJ16-DI16) -> 590 | DL16: =DK16-DK15 -> -170 | DM16: =(DK16/'Finance Only'!B19)*100 -> 2.2446262 | DN16: =DO15 -> 241330 | DO16: 241540 | DP16: =MAX(0,DO16-DN16) -> 210 | DQ16: =DP16-DP15 -> 20 | DR16: =(DP16/'Finance Only'!B19)*100 -> 0.79893475 | DS16: =DT15 -> 72973 | DT16: 73129 | DU16: =MAX(0,DT16-DS16) -> 156 | DV16: =DU16-DU15 -> 28 | DW16: =(DU16/'Finance Only'!B19)*100 -> 0.59349439 | DX16: =DY15 -> 472880 | DY16: 473570 | DZ16: =MAX(0,DY16-DX16) -> 690 | EA16: =DZ16-DZ15 -> 20 | EB16: =(DZ16/'Finance Only'!B19)*100 -> 2.6250713 | EC16: =ED15 -> 151050 | ED16: 151290 | EE16: =MAX(0,ED16-EC16) -> 240 | EF16: =EE16-EE15 -> -20 | EG16: =(EE16/'Finance Only'!B19)*100 -> 0.91306829 | EH16: =EI15 -> 152160 | EI16: 152490 | EJ16: =MAX(0,EI16-EH16) -> 330 | EK16: =EJ16-EJ15 -> 10 | EL16: =(EJ16/'Finance Only'!B19)*100 -> 1.2554689 | EM16: =EN15 -> 279520 | EN16: 280010 | EO16: =MAX(0,EN16-EM16) -> 490 | EP16: =EO16-EO15 -> -30 | EQ16: =(EO16/'Finance Only'!B19)*100 -> 1.8641811 | ER16: =ES15 -> 0 | ET16: =MAX(0,ES16-ER16) -> 0 | EU16: =ET16-ET15 -> 0 | EV16: =(ET16/'Finance Only'!B19)*100 -> 0 | EW16: =EX15 -> 82989 | EX16: 84694 | EY16: =MAX(0,EX16-EW16) -> 1705 | EZ16: =EY16-EY15 -> 268 | FA16: =(EY16/'Finance Only'!G19)*100 -> 5859.1065 | FB16: =FC15 -> 766350 | FC16: 772790 | FD16: =MAX(0,FC16-FB16) -> 6440 | FE16: =FD16-FD15 -> 1950 | FF16: =(FD16/'Finance Only'!M19)*100 -> #DIV/0! | FH16: =SUM(E16+J16) -> 6131 | FJ16: =SUM(T16+Y16+DZ16+EE16+EJ16+EO16) -> 6156 | FL16: =SUM(AN16+AS16) -> 1900 | FN16: =SUM(AX16+BC16+BH16) -> 2747 | FP16: =SUM(BM16+BR16+ET16) -> 2670 | FR16: =SUM(EY16+FD16) -> 8145
A17: 13 | B17: ='Finance Only'!G20 -> 35.9 | C17: =D16 -> 26116584 | D17: 26118776 | E17: =MAX(0,D17-C17) -> 2192 | F17: =E17-E16 -> -283 | G17: =(E17/'Finance Only'!B20)*100 -> 8.7368966 | H17: =I16 -> 23582598 | I17: 23586102 | J17: =MAX(0,I17-H17) -> 3504 | K17: =J17-J16 -> -152 | L17: =(J17/'Finance Only'!B20)*100 -> 13.96628 | M17: =N16 -> 88538663 | N17: 88552762 | O17: =MAX(0,N17-M17) -> 14099 | P17: =O17-O16 -> -636 | Q17: =(O17/'Finance Only'!B20)*100 -> 56.195942 | R17: =S16 -> 2394400 | S17: 2396000 | T17: =MAX(0,S17-R17) -> 1600 | U17: =T17-T16 -> 0 | V17: =(T17/'Finance Only'!B20)*100 -> 6.3772968 | W17: =X16 -> 3278285 | X17: 3280994 | Y17: =MAX(0,X17-W17) -> 2709 | Z17: =Y17-Y16 -> -97 | AA17: =(Y17/'Finance Only'!B20)*100 -> 10.797561 | AB17: =AC16 -> 2045700 | AC17: 2048200 | AD17: =MAX(0,AC17-AB17) -> 2500 | AE17: =AD17-AD16 -> 0 | AF17: =(AD17/'Finance Only'!B20)*100 -> 9.9645263 | AG17: =AH16 -> 895091 | AH17: 896039 | AI17: =MAX(0,AH17-AG17) -> 948 | AJ17: =AI17-AI16 -> -31 | AK17: =(AI17/'Finance Only'!B20)*100 -> 3.7785484 | AL17: =AM16 -> 903890 | AM17: 904430 | AN17: =MAX(0,AM17-AL17) -> 540 | AO17: =AN17-AN16 -> -60 | AP17: =(AN17/'Finance Only'!B20)*100 -> 2.1523377 | AQ17: =AR16 -> 2024700 | AR17: 2026300 | AS17: =MAX(0,AR17-AQ17) -> 1600 | AT17: =AS17-AS16 -> 300 | AU17: =(AS17/'Finance Only'!B20)*100 -> 6.3772968 | AV17: =AW16 -> 586427 | AW17: 586843 | AX17: =MAX(0,AW17-AV17) -> 416 | AY17: =AX17-AX16 -> -11 | AZ17: =(AX17/'Finance Only'!B20)*100 -> 1.6580972 | BA17: =BB16 -> 835830 | BB17: 836910 | BC17: =MAX(0,BB17-BA17) -> 1080 | BD17: =BC17-BC16 -> -150 | BE17: =(BC17/'Finance Only'!B20)*100 -> 4.3046754 | BF17: =BG16 -> 921720 | BG17: 922610 | BH17: =MAX(0,BG17-BF17) -> 890 | BI17: =BH17-BH16 -> -200 | BJ17: =(BH17/'Finance Only'!B20)*100 -> 3.5473714 | BK17: =BL16 -> 1421900 | BL17: 1422600 | BM17: =MAX(0,BL17-BK17) -> 700 | BN17: =BM17-BM16 -> -100 | BO17: =(BM17/'Finance Only'!B20)*100 -> 2.7900674 | BP17: =BQ16 -> 931250 | BQ17: 932920 | BR17: =MAX(0,BQ17-BP17) -> 1670 | BS17: =BR17-BR16 -> -200 | BT17: =(BR17/'Finance Only'!B20)*100 -> 6.6563036 | BU17: =BV16 -> 4501700 | BV17: 4506900 | BW17: =MAX(0,BV17-BU17) -> 5200 | BX17: =BW17-BW16 -> 200 | BY17: =(BW17/'Finance Only'!B20)*100 -> 20.726215 | BZ17: =CA16 -> 730770 | CA17: 731920 | CB17: =MAX(0,CA17-BZ17) -> 1150 | CC17: =CB17-CB16 -> 0 | CD17: =(CB17/'Finance Only'!B20)*100 -> 4.5836821 | CE17: =CF16 -> 225090 | CF17: 225490 | CG17: =MAX(0,CF17-CE17) -> 400 | CH17: =CG17-CG16 -> 30 | CI17: =(CG17/'Finance Only'!B20)*100 -> 1.5943242 | CJ17: =CK16 -> 509640 | CK17: 510570 | CL17: =MAX(0,CK17-CJ17) -> 930 | CM17: =CL17-CL16 -> 230 | CN17: =(CL17/'Finance Only'!B20)*100 -> 3.7068038 | CO17: =CP16 -> 414950 | CP17: 415610 | CQ17: =MAX(0,CP17-CO17) -> 660 | CR17: =CQ17-CQ16 -> 0 | CS17: =(CQ17/'Finance Only'!B20)*100 -> 2.6306349 | CT17: =CU16 -> 349070 | CU17: 349670 | CV17: =MAX(0,CU17-CT17) -> 600 | CW17: =CV17-CV16 -> 0 | CX17: =(CV17/'Finance Only'!B20)*100 -> 2.3914863 | CY17: =CZ16 -> 605290 | CZ17: 605930 | DA17: =MAX(0,CZ17-CY17) -> 640 | DB17: =DA17-DA16 -> -80 | DC17: =(DA17/'Finance Only'!B20)*100 -> 2.5509187 | DD17: =DE16 -> 455070 | DE17: 455910 | DF17: =MAX(0,DE17-DD17) -> 840 | DG17: =DF17-DF16 -> -70 | DH17: =(DF17/'Finance Only'!B20)*100 -> 3.3480808 | DI17: =DJ16 -> 415660 | DJ17: 416190 | DK17: =MAX(0,DJ17-DI17) -> 530 | DL17: =DK17-DK16 -> -60 | DM17: =(DK17/'Finance Only'!B20)*100 -> 2.1124796 | DN17: =DO16 -> 241540 | DO17: 241700 | DP17: =MAX(0,DO17-DN17) -> 160 | DQ17: =DP17-DP16 -> -50 | DR17: =(DP17/'Finance Only'!B20)*100 -> 0.63772968 | DS17: =DT16 -> 73129 | DT17: 73267 | DU17: =MAX(0,DT17-DS17) -> 138 | DV17: =DU17-DU16 -> -18 | DW17: =(DU17/'Finance Only'!B20)*100 -> 0.55004185 | DX17: =DY16 -> 473570 | DY17: 474250 | DZ17: =MAX(0,DY17-DX17) -> 680 | EA17: =DZ17-DZ16 -> -10 | EB17: =(DZ17/'Finance Only'!B20)*100 -> 2.7103511 | EC17: =ED16 -> 151290 | ED17: 151540 | EE17: =MAX(0,ED17-EC17) -> 250 | EF17: =EE17-EE16 -> 10 | EG17: =(EE17/'Finance Only'!B20)*100 -> 0.99645263 | EH17: =EI16 -> 152490 | EI17: 152840 | EJ17: =MAX(0,EI17-EH17) -> 350 | EK17: =EJ17-EJ16 -> 20 | EL17: =(EJ17/'Finance Only'!B20)*100 -> 1.3950337 | EM17: =EN16 -> 280010 | EN17: 280500 | EO17: =MAX(0,EN17-EM17) -> 490 | EP17: =EO17-EO16 -> 0 | EQ17: =(EO17/'Finance Only'!B20)*100 -> 1.9530472 | ER17: =ES16 -> 0 | ET17: =MAX(0,ES17-ER17) -> 0 | EU17: =ET17-ET16 -> 0 | EV17: =(ET17/'Finance Only'!B20)*100 -> 0 | EW17: =EX16 -> 84694 | EX17: 85674 | EY17: =MAX(0,EX17-EW17) -> 980 | EZ17: =EY17-EY16 -> -725 | FA17: =(EY17/'Finance Only'!G20)*100 -> 2729.805 | FB17: =FC16 -> 772790 | FC17: 777450 | FD17: =MAX(0,FC17-FB17) -> 4660 | FE17: =FD17-FD16 -> -1780 | FF17: =(FD17/'Finance Only'!M20)*100 -> #DIV/0! | FH17: =SUM(E17+J17) -> 5696 | FJ17: =SUM(T17+Y17+DZ17+EE17+EJ17+EO17) -> 6079 | FL17: =SUM(AN17+AS17) -> 2140 | FN17: =SUM(AX17+BC17+BH17) -> 2386 | FP17: =SUM(BM17+BR17+ET17) -> 2370 | FR17: =SUM(EY17+FD17) -> 5640
A18: 14 | B18: ='Finance Only'!G21 -> 35.9 | C18: =D17 -> 26118776 | D18: 26121068 | E18: =MAX(0,D18-C18) -> 2292 | F18: =E18-E17 -> 100 | G18: =(E18/'Finance Only'!B21)*100 -> 9.0808241 | H18: =I17 -> 23586102 | I18: 23590350 | J18: =MAX(0,I18-H18) -> 4248 | K18: =J18-J17 -> 744 | L18: =(J18/'Finance Only'!B21)*100 -> 16.830428 | M18: =N17 -> 88552762 | N18: 88566446 | O18: =MAX(0,N18-M18) -> 13684 | P18: =O18-O17 -> -415 | Q18: =(O18/'Finance Only'!B21)*100 -> 54.215531 | R18: =S17 -> 2396000 | S18: 2397700 | T18: =MAX(0,S18-R18) -> 1700 | U18: =T18-T17 -> 100 | V18: =(T18/'Finance Only'!B21)*100 -> 6.7353407 | W18: =X17 -> 3280994 | X18: 3283783 | Y18: =MAX(0,X18-W18) -> 2789 | Z18: =Y18-Y17 -> 80 | AA18: =(Y18/'Finance Only'!B21)*100 -> 11.049921 | AB18: =AC17 -> 2048200 | AC18: 2050700 | AD18: =MAX(0,AC18-AB18) -> 2500 | AE18: =AD18-AD17 -> 0 | AF18: =(AD18/'Finance Only'!B21)*100 -> 9.9049128 | AG18: =AH17 -> 896039 | AH18: 896943 | AI18: =MAX(0,AH18-AG18) -> 904 | AJ18: =AI18-AI17 -> -44 | AK18: =(AI18/'Finance Only'!B21)*100 -> 3.5816165 | AL18: =AM17 -> 904430 | AM18: 905050 | AN18: =MAX(0,AM18-AL18) -> 620 | AO18: =AN18-AN17 -> 80 | AP18: =(AN18/'Finance Only'!B21)*100 -> 2.4564184 | AQ18: =AR17 -> 2026300 | AR18: 2027800 | AS18: =MAX(0,AR18-AQ18) -> 1500 | AT18: =AS18-AS17 -> -100 | AU18: =(AS18/'Finance Only'!B21)*100 -> 5.9429477 | AV18: =AW17 -> 586843 | AW18: 587260 | AX18: =MAX(0,AW18-AV18) -> 417 | AY18: =AX18-AX17 -> 1 | AZ18: =(AX18/'Finance Only'!B21)*100 -> 1.6521395 | BA18: =BB17 -> 836910 | BB18: 837810 | BC18: =MAX(0,BB18-BA18) -> 900 | BD18: =BC18-BC17 -> -180 | BE18: =(BC18/'Finance Only'!B21)*100 -> 3.5657686 | BF18: =BG17 -> 922610 | BG18: 923400 | BH18: =MAX(0,BG18-BF18) -> 790 | BI18: =BH18-BH17 -> -100 | BJ18: =(BH18/'Finance Only'!B21)*100 -> 3.1299525 | BK18: =BL17 -> 1422600 | BL18: 1423200 | BM18: =MAX(0,BL18-BK18) -> 600 | BN18: =BM18-BM17 -> -100 | BO18: =(BM18/'Finance Only'!B21)*100 -> 2.3771791 | BP18: =BQ17 -> 932920 | BQ18: 934460 | BR18: =MAX(0,BQ18-BP18) -> 1540 | BS18: =BR18-BR17 -> -130 | BT18: =(BR18/'Finance Only'!B21)*100 -> 6.1014263 | BU18: =BV17 -> 4506900 | BV18: 4511300 | BW18: =MAX(0,BV18-BU18) -> 4400 | BX18: =BW18-BW17 -> -800 | BY18: =(BW18/'Finance Only'!B21)*100 -> 17.432647 | BZ18: =CA17 -> 731920 | CA18: 733090 | CB18: =MAX(0,CA18-BZ18) -> 1170 | CC18: =CB18-CB17 -> 20 | CD18: =(CB18/'Finance Only'!B21)*100 -> 4.6354992 | CE18: =CF17 -> 225490 | CF18: 225860 | CG18: =MAX(0,CF18-CE18) -> 370 | CH18: =CG18-CG17 -> -30 | CI18: =(CG18/'Finance Only'!B21)*100 -> 1.4659271 | CJ18: =CK17 -> 510570 | CK18: 511530 | CL18: =MAX(0,CK18-CJ18) -> 960 | CM18: =CL18-CL17 -> 30 | CN18: =(CL18/'Finance Only'!B21)*100 -> 3.8034865 | CO18: =CP17 -> 415610 | CP18: 416380 | CQ18: =MAX(0,CP18-CO18) -> 770 | CR18: =CQ18-CQ17 -> 110 | CS18: =(CQ18/'Finance Only'!B21)*100 -> 3.0507132 | CT18: =CU17 -> 349670 | CU18: 350470 | CV18: =MAX(0,CU18-CT18) -> 800 | CW18: =CV18-CV17 -> 200 | CX18: =(CV18/'Finance Only'!B21)*100 -> 3.1695721 | CY18: =CZ17 -> 605930 | CZ18: 606580 | DA18: =MAX(0,CZ18-CY18) -> 650 | DB18: =DA18-DA17 -> 10 | DC18: =(DA18/'Finance Only'!B21)*100 -> 2.5752773 | DD18: =DE17 -> 455910 | DE18: 456790 | DF18: =MAX(0,DE18-DD18) -> 880 | DG18: =DF18-DF17 -> 40 | DH18: =(DF18/'Finance Only'!B21)*100 -> 3.4865293 | DI18: =DJ17 -> 416190 | DJ18: 416690 | DK18: =MAX(0,DJ18-DI18) -> 500 | DL18: =DK18-DK17 -> -30 | DM18: =(DK18/'Finance Only'!B21)*100 -> 1.9809826 | DN18: =DO17 -> 241700 | DO18: 241990 | DP18: =MAX(0,DO18-DN18) -> 290 | DQ18: =DP18-DP17 -> 130 | DR18: =(DP18/'Finance Only'!B21)*100 -> 1.1489699 | DS18: =DT17 -> 73267 | DT18: 73447 | DU18: =MAX(0,DT18-DS18) -> 180 | DV18: =DU18-DU17 -> 42 | DW18: =(DU18/'Finance Only'!B21)*100 -> 0.71315372 | DX18: =DY17 -> 474250 | DY18: 474870 | DZ18: =MAX(0,DY18-DX18) -> 620 | EA18: =DZ18-DZ17 -> -60 | EB18: =(DZ18/'Finance Only'!B21)*100 -> 2.4564184 | EC18: =ED17 -> 151540 | ED18: 151790 | EE18: =MAX(0,ED18-EC18) -> 250 | EF18: =EE18-EE17 -> 0 | EG18: =(EE18/'Finance Only'!B21)*100 -> 0.99049128 | EH18: =EI17 -> 152840 | EI18: 153200 | EJ18: =MAX(0,EI18-EH18) -> 360 | EK18: =EJ18-EJ17 -> 10 | EL18: =(EJ18/'Finance Only'!B21)*100 -> 1.4263074 | EM18: =EN17 -> 280500 | EN18: 280980 | EO18: =MAX(0,EN18-EM18) -> 480 | EP18: =EO18-EO17 -> -10 | EQ18: =(EO18/'Finance Only'!B21)*100 -> 1.9017433 | ER18: =ES17 -> 0 | ET18: =MAX(0,ES18-ER18) -> 0 | EU18: =ET18-ET17 -> 0 | EV18: =(ET18/'Finance Only'!B21)*100 -> 0 | EW18: =EX17 -> 85674 | EX18: 86564 | EY18: =MAX(0,EX18-EW18) -> 890 | EZ18: =EY18-EY17 -> -90 | FA18: =(EY18/'Finance Only'!G21)*100 -> 2479.1086 | FB18: =FC17 -> 777450 | FC18: 780650 | FD18: =MAX(0,FC18-FB18) -> 3200 | FE18: =FD18-FD17 -> -1460 | FF18: =(FD18/'Finance Only'!M21)*100 -> #DIV/0! | FH18: =SUM(E18+J18) -> 6540 | FJ18: =SUM(T18+Y18+DZ18+EE18+EJ18+EO18) -> 6199 | FL18: =SUM(AN18+AS18) -> 2120 | FN18: =SUM(AX18+BC18+BH18) -> 2107 | FP18: =SUM(BM18+BR18+ET18) -> 2140 | FR18: =SUM(EY18+FD18) -> 4090
A19: 15 | B19: ='Finance Only'!G22 -> 43.7 | C19: =D18 -> 26121068 | D19: 26123725 | E19: =MAX(0,D19-C19) -> 2657 | F19: =E19-E18 -> 365 | G19: =(E19/'Finance Only'!B22)*100 -> 9.9226949 | H19: =I18 -> 23590350 | I19: 23594939 | J19: =MAX(0,I19-H19) -> 4589 | K19: =J19-J18 -> 341 | L19: =(J19/'Finance Only'!B22)*100 -> 17.137842 | M19: =N18 -> 88566446 | N19: 88580250 | O19: =MAX(0,N19-M19) -> 13804 | P19: =O19-O18 -> 120 | Q19: =(O19/'Finance Only'!B22)*100 -> 51.551705 | R19: =S18 -> 2397700 | S19: 2399400 | T19: =MAX(0,S19-R19) -> 1700 | U19: =T19-T18 -> 0 | V19: =(T19/'Finance Only'!B22)*100 -> 6.3487321 | W19: =X18 -> 3283783 | X19: 3286708 | Y19: =MAX(0,X19-W19) -> 2925 | Z19: =Y19-Y18 -> 136 | AA19: =(Y19/'Finance Only'!B22)*100 -> 10.923554 | AB19: =AC18 -> 2050700 | AC19: 2053200 | AD19: =MAX(0,AC19-AB19) -> 2500 | AE19: =AD19-AD18 -> 0 | AF19: =(AD19/'Finance Only'!B22)*100 -> 9.3363708 | AG19: =AH18 -> 896943 | AH19: 897865 | AI19: =MAX(0,AH19-AG19) -> 922 | AJ19: =AI19-AI18 -> 18 | AK19: =(AI19/'Finance Only'!B22)*100 -> 3.4432535 | AL19: =AM18 -> 905050 | AM19: 905660 | AN19: =MAX(0,AM19-AL19) -> 610 | AO19: =AN19-AN18 -> -10 | AP19: =(AN19/'Finance Only'!B22)*100 -> 2.2780745 | AQ19: =AR18 -> 2027800 | AR19: 2029600 | AS19: =MAX(0,AR19-AQ19) -> 1800 | AT19: =AS19-AS18 -> 300 | AU19: =(AS19/'Finance Only'!B22)*100 -> 6.722187 | AV19: =AW18 -> 587260 | AW19: 587693 | AX19: =MAX(0,AW19-AV19) -> 433 | AY19: =AX19-AX18 -> 16 | AZ19: =(AX19/'Finance Only'!B22)*100 -> 1.6170594 | BA19: =BB18 -> 837810 | BB19: 838690 | BC19: =MAX(0,BB19-BA19) -> 880 | BD19: =BC19-BC18 -> -20 | BE19: =(BC19/'Finance Only'!B22)*100 -> 3.2864025 | BF19: =BG18 -> 923400 | BG19: 924240 | BH19: =MAX(0,BG19-BF19) -> 840 | BI19: =BH19-BH18 -> 50 | BJ19: =(BH19/'Finance Only'!B22)*100 -> 3.1370206 | BK19: =BL18 -> 1423200 | BL19: 1423800 | BM19: =MAX(0,BL19-BK19) -> 600 | BN19: =BM19-BM18 -> 0 | BO19: =(BM19/'Finance Only'!B22)*100 -> 2.240729 | BP19: =BQ18 -> 934460 | BQ19: 936190 | BR19: =MAX(0,BQ19-BP19) -> 1730 | BS19: =BR19-BR18 -> 190 | BT19: =(BR19/'Finance Only'!B22)*100 -> 6.4607686 | BU19: =BV18 -> 4511300 | BV19: 4515500 | BW19: =MAX(0,BV19-BU19) -> 4200 | BX19: =BW19-BW18 -> -200 | BY19: =(BW19/'Finance Only'!B22)*100 -> 15.685103 | BZ19: =CA18 -> 733090 | CA19: 734320 | CB19: =MAX(0,CA19-BZ19) -> 1230 | CC19: =CB19-CB18 -> 60 | CD19: =(CB19/'Finance Only'!B22)*100 -> 4.5934944 | CE19: =CF18 -> 225860 | CF19: 226280 | CG19: =MAX(0,CF19-CE19) -> 420 | CH19: =CG19-CG18 -> 50 | CI19: =(CG19/'Finance Only'!B22)*100 -> 1.5685103 | CJ19: =CK18 -> 511530 | CK19: 512270 | CL19: =MAX(0,CK19-CJ19) -> 740 | CM19: =CL19-CL18 -> -220 | CN19: =(CL19/'Finance Only'!B22)*100 -> 2.7635657 | CO19: =CP18 -> 416380 | CP19: 417150 | CQ19: =MAX(0,CP19-CO19) -> 770 | CR19: =CQ19-CQ18 -> 0 | CS19: =(CQ19/'Finance Only'!B22)*100 -> 2.8756022 | CT19: =CU18 -> 350470 | CU19: 351280 | CV19: =MAX(0,CU19-CT19) -> 810 | CW19: =CV19-CV18 -> 10 | CX19: =(CV19/'Finance Only'!B22)*100 -> 3.0249841 | CY19: =CZ18 -> 606580 | CZ19: 607710 | DA19: =MAX(0,CZ19-CY19) -> 1130 | DB19: =DA19-DA18 -> 480 | DC19: =(DA19/'Finance Only'!B22)*100 -> 4.2200396 | DD19: =DE18 -> 456790 | DE19: 457920 | DF19: =MAX(0,DE19-DD19) -> 1130 | DG19: =DF19-DF18 -> 250 | DH19: =(DF19/'Finance Only'!B22)*100 -> 4.2200396 | DI19: =DJ18 -> 416690 | DJ19: 417380 | DK19: =MAX(0,DJ19-DI19) -> 690 | DL19: =DK19-DK18 -> 190 | DM19: =(DK19/'Finance Only'!B22)*100 -> 2.5768383 | DN19: =DO18 -> 241990 | DO19: 242400 | DP19: =MAX(0,DO19-DN19) -> 410 | DQ19: =DP19-DP18 -> 120 | DR19: =(DP19/'Finance Only'!B22)*100 -> 1.5311648 | DS19: =DT18 -> 73447 | DT19: 73614 | DU19: =MAX(0,DT19-DS19) -> 167 | DV19: =DU19-DU18 -> -13 | DW19: =(DU19/'Finance Only'!B22)*100 -> 0.62366957 | DX19: =DY18 -> 474870 | DY19: 475630 | DZ19: =MAX(0,DY19-DX19) -> 760 | EA19: =DZ19-DZ18 -> 140 | EB19: =(DZ19/'Finance Only'!B22)*100 -> 2.8382567 | EC19: =ED18 -> 151790 | ED19: 152060 | EE19: =MAX(0,ED19-EC19) -> 270 | EF19: =EE19-EE18 -> 20 | EG19: =(EE19/'Finance Only'!B22)*100 -> 1.008328 | EH19: =EI18 -> 153200 | EI19: 153550 | EJ19: =MAX(0,EI19-EH19) -> 350 | EK19: =EJ19-EJ18 -> -10 | EL19: =(EJ19/'Finance Only'!B22)*100 -> 1.3070919 | EM19: =EN18 -> 280980 | EN19: 281470 | EO19: =MAX(0,EN19-EM19) -> 490 | EP19: =EO19-EO18 -> 10 | EQ19: =(EO19/'Finance Only'!B22)*100 -> 1.8299287 | ER19: =ES18 -> 0 | ET19: =MAX(0,ES19-ER19) -> 0 | EU19: =ET19-ET18 -> 0 | EV19: =(ET19/'Finance Only'!B22)*100 -> 0 | EW19: =EX18 -> 86564 | EX19: 88444 | EY19: =MAX(0,EX19-EW19) -> 1880 | EZ19: =EY19-EY18 -> 990 | FA19: =(EY19/'Finance Only'!G22)*100 -> 4302.0595 | FB19: =FC18 -> 780650 | FC19: 783300 | FD19: =MAX(0,FC19-FB19) -> 2650 | FE19: =FD19-FD18 -> -550 | FF19: =(FD19/'Finance Only'!M22)*100 -> #DIV/0! | FH19: =SUM(E19+J19) -> 7246 | FJ19: =SUM(T19+Y19+DZ19+EE19+EJ19+EO19) -> 6495 | FL19: =SUM(AN19+AS19) -> 2410 | FN19: =SUM(AX19+BC19+BH19) -> 2153 | FP19: =SUM(BM19+BR19+ET19) -> 2330 | FR19: =SUM(EY19+FD19) -> 4530
A20: 16 | B20: ='Finance Only'!G23 -> 48.5 | C20: =D19 -> 26123725 | D20: 26126489 | E20: =MAX(0,D20-C20) -> 2764 | F20: =E20-E19 -> 107 | G20: =(E20/'Finance Only'!B23)*100 -> 9.9808616 | H20: =I19 -> 23594939 | I20: 23600031 | J20: =MAX(0,I20-H20) -> 5092 | K20: =J20-J19 -> 503 | L20: =(J20/'Finance Only'!B23)*100 -> 18.387318 | M20: =N19 -> 88580250 | N20: 88593964 | O20: =MAX(0,N20-M20) -> 13714 | P20: =O20-O19 -> -90 | Q20: =(O20/'Finance Only'!B23)*100 -> 49.52154 | R20: =S19 -> 2399400 | S20: 2401100 | T20: =MAX(0,S20-R20) -> 1700 | U20: =T20-T19 -> 0 | V20: =(T20/'Finance Only'!B23)*100 -> 6.1387354 | W20: =X19 -> 3286708 | X20: 3289614 | Y20: =MAX(0,X20-W20) -> 2906 | Z20: =Y20-Y19 -> -19 | AA20: =(Y20/'Finance Only'!B23)*100 -> 10.493627 | AB20: =AC19 -> 2053200 | AC20: 2055600 | AD20: =MAX(0,AC20-AB20) -> 2400 | AE20: =AD20-AD19 -> -100 | AF20: =(AD20/'Finance Only'!B23)*100 -> 8.66645 | AG20: =AH19 -> 897865 | AH20: 898777 | AI20: =MAX(0,AH20-AG20) -> 912 | AJ20: =AI20-AI19 -> -10 | AK20: =(AI20/'Finance Only'!B23)*100 -> 3.293251 | AL20: =AM19 -> 905660 | AM20: 906300 | AN20: =MAX(0,AM20-AL20) -> 640 | AO20: =AN20-AN19 -> 30 | AP20: =(AN20/'Finance Only'!B23)*100 -> 2.3110533 | AQ20: =AR19 -> 2029600 | AR20: 2031400 | AS20: =MAX(0,AR20-AQ20) -> 1800 | AT20: =AS20-AS19 -> 0 | AU20: =(AS20/'Finance Only'!B23)*100 -> 6.4998375 | AV20: =AW19 -> 587693 | AW20: 588136 | AX20: =MAX(0,AW20-AV20) -> 443 | AY20: =AX20-AX19 -> 10 | AZ20: =(AX20/'Finance Only'!B23)*100 -> 1.5996822 | BA20: =BB19 -> 838690 | BB20: 839540 | BC20: =MAX(0,BB20-BA20) -> 850 | BD20: =BC20-BC19 -> -30 | BE20: =(BC20/'Finance Only'!B23)*100 -> 3.0693677 | BF20: =BG19 -> 924240 | BG20: 925080 | BH20: =MAX(0,BG20-BF20) -> 840 | BI20: =BH20-BH19 -> 0 | BJ20: =(BH20/'Finance Only'!B23)*100 -> 3.0332575 | BK20: =BL19 -> 1423800 | BL20: 1424400 | BM20: =MAX(0,BL20-BK20) -> 600 | BN20: =BM20-BM19 -> 0 | BO20: =(BM20/'Finance Only'!B23)*100 -> 2.1666125 | BP20: =BQ19 -> 936190 | BQ20: 937680 | BR20: =MAX(0,BQ20-BP20) -> 1490 | BS20: =BR20-BR19 -> -240 | BT20: =(BR20/'Finance Only'!B23)*100 -> 5.380421 | BU20: =BV19 -> 4515500 | BV20: 4519700 | BW20: =MAX(0,BV20-BU20) -> 4200 | BX20: =BW20-BW19 -> 0 | BY20: =(BW20/'Finance Only'!B23)*100 -> 15.166288 | BZ20: =CA19 -> 734320 | CA20: 735540 | CB20: =MAX(0,CA20-BZ20) -> 1220 | CC20: =CB20-CB19 -> -10 | CD20: =(CB20/'Finance Only'!B23)*100 -> 4.4054454 | CE20: =CF19 -> 226280 | CF20: 226680 | CG20: =MAX(0,CF20-CE20) -> 400 | CH20: =CG20-CG19 -> -20 | CI20: =(CG20/'Finance Only'!B23)*100 -> 1.4444083 | CJ20: =CK19 -> 512270 | CK20: 513350 | CL20: =MAX(0,CK20-CJ20) -> 1080 | CM20: =CL20-CL19 -> 340 | CN20: =(CL20/'Finance Only'!B23)*100 -> 3.8999025 | CO20: =CP19 -> 417150 | CP20: 418600 | CQ20: =MAX(0,CP20-CO20) -> 1450 | CR20: =CQ20-CQ19 -> 680 | CS20: =(CQ20/'Finance Only'!B23)*100 -> 5.2359802 | CT20: =CU19 -> 351280 | CU20: 352240 | CV20: =MAX(0,CU20-CT20) -> 960 | CW20: =CV20-CV19 -> 150 | CX20: =(CV20/'Finance Only'!B23)*100 -> 3.46658 | CY20: =CZ19 -> 607710 | CZ20: 609050 | DA20: =MAX(0,CZ20-CY20) -> 1340 | DB20: =DA20-DA19 -> 210 | DC20: =(DA20/'Finance Only'!B23)*100 -> 4.8387679 | DD20: =DE19 -> 457920 | DE20: 458990 | DF20: =MAX(0,DE20-DD20) -> 1070 | DG20: =DF20-DF19 -> -60 | DH20: =(DF20/'Finance Only'!B23)*100 -> 3.8637923 | DI20: =DJ19 -> 417380 | DJ20: 418080 | DK20: =MAX(0,DJ20-DI20) -> 700 | DL20: =DK20-DK19 -> 10 | DM20: =(DK20/'Finance Only'!B23)*100 -> 2.5277146 | DN20: =DO19 -> 242400 | DO20: 242770 | DP20: =MAX(0,DO20-DN20) -> 370 | DQ20: =DP20-DP19 -> -40 | DR20: =(DP20/'Finance Only'!B23)*100 -> 1.3360777 | DS20: =DT19 -> 73614 | DT20: 73773 | DU20: =MAX(0,DT20-DS20) -> 159 | DV20: =DU20-DU19 -> -8 | DW20: =(DU20/'Finance Only'!B23)*100 -> 0.57415231 | DX20: =DY19 -> 475630 | DY20: 476370 | DZ20: =MAX(0,DY20-DX20) -> 740 | EA20: =DZ20-DZ19 -> -20 | EB20: =(DZ20/'Finance Only'!B23)*100 -> 2.6721554 | EC20: =ED19 -> 152060 | ED20: 152320 | EE20: =MAX(0,ED20-EC20) -> 260 | EF20: =EE20-EE19 -> -10 | EG20: =(EE20/'Finance Only'!B23)*100 -> 0.93886542 | EH20: =EI19 -> 153550 | EI20: 153910 | EJ20: =MAX(0,EI20-EH20) -> 360 | EK20: =EJ20-EJ19 -> 10 | EL20: =(EJ20/'Finance Only'!B23)*100 -> 1.2999675 | EM20: =EN19 -> 281470 | EN20: 281980 | EO20: =MAX(0,EN20-EM20) -> 510 | EP20: =EO20-EO19 -> 20 | EQ20: =(EO20/'Finance Only'!B23)*100 -> 1.8416206 | ER20: =ES19 -> 0 | ET20: =MAX(0,ES20-ER20) -> 0 | EU20: =ET20-ET19 -> 0 | EV20: =(ET20/'Finance Only'!B23)*100 -> 0 | EW20: =EX19 -> 88444 | EX20: 91628 | EY20: =MAX(0,EX20-EW20) -> 3184 | EZ20: =EY20-EY19 -> 1304 | FA20: =(EY20/'Finance Only'!G23)*100 -> 6564.9485 | FB20: =FC19 -> 783300 | FC20: 784830 | FD20: =MAX(0,FC20-FB20) -> 1530 | FE20: =FD20-FD19 -> -1120 | FF20: =(FD20/'Finance Only'!M23)*100 -> #DIV/0! | FH20: =SUM(E20+J20) -> 7856 | FJ20: =SUM(T20+Y20+DZ20+EE20+EJ20+EO20) -> 6476 | FL20: =SUM(AN20+AS20) -> 2440 | FN20: =SUM(AX20+BC20+BH20) -> 2133 | FP20: =SUM(BM20+BR20+ET20) -> 2090 | FR20: =SUM(EY20+FD20) -> 4714
A21: 17 | B21: ='Finance Only'!G24 -> 46.6 | C21: =D20 -> 26126489 | D21: 26129189 | E21: =MAX(0,D21-C21) -> 2700 | F21: =E21-E20 -> -64 | G21: =(E21/'Finance Only'!B24)*100 -> 9.4306671 | H21: =I20 -> 23600031 | I21: 23605593 | J21: =MAX(0,I21-H21) -> 5562 | K21: =J21-J20 -> 470 | L21: =(J21/'Finance Only'!B24)*100 -> 19.427174 | M21: =N20 -> 88593964 | N21: 88608461 | O21: =MAX(0,N21-M21) -> 14497 | P21: =O21-O20 -> 783 | Q21: =(O21/'Finance Only'!B24)*100 -> 50.635697 | R21: =S20 -> 2401100 | S21: 2402900 | T21: =MAX(0,S21-R21) -> 1800 | U21: =T21-T20 -> 100 | V21: =(T21/'Finance Only'!B24)*100 -> 6.2871114 | W21: =X20 -> 3289614 | X21: 3292697 | Y21: =MAX(0,X21-W21) -> 3083 | Z21: =Y21-Y20 -> 177 | AA21: =(Y21/'Finance Only'!B24)*100 -> 10.768425 | AB21: =AC20 -> 2055600 | AC21: 2058100 | AD21: =MAX(0,AC21-AB21) -> 2500 | AE21: =AD21-AD20 -> 100 | AF21: =(AD21/'Finance Only'!B24)*100 -> 8.7320992 | AG21: =AH20 -> 898777 | AH21: 899655 | AI21: =MAX(0,AH21-AG21) -> 878 | AJ21: =AI21-AI20 -> -34 | AK21: =(AI21/'Finance Only'!B24)*100 -> 3.0667132 | AL21: =AM20 -> 906300 | AM21: 906980 | AN21: =MAX(0,AM21-AL21) -> 680 | AO21: =AN21-AN20 -> 40 | AP21: =(AN21/'Finance Only'!B24)*100 -> 2.375131 | AQ21: =AR20 -> 2031400 | AR21: 2033100 | AS21: =MAX(0,AR21-AQ21) -> 1700 | AT21: =AS21-AS20 -> -100 | AU21: =(AS21/'Finance Only'!B24)*100 -> 5.9378275 | AV21: =AW20 -> 588136 | AW21: 588605 | AX21: =MAX(0,AW21-AV21) -> 469 | AY21: =AX21-AX20 -> 26 | AZ21: =(AX21/'Finance Only'!B24)*100 -> 1.6381418 | BA21: =BB20 -> 839540 | BB21: 840490 | BC21: =MAX(0,BB21-BA21) -> 950 | BD21: =BC21-BC20 -> 100 | BE21: =(BC21/'Finance Only'!B24)*100 -> 3.3181977 | BF21: =BG20 -> 925080 | BG21: 926020 | BH21: =MAX(0,BG21-BF21) -> 940 | BI21: =BH21-BH20 -> 100 | BJ21: =(BH21/'Finance Only'!B24)*100 -> 3.2832693 | BK21: =BL20 -> 1424400 | BL21: 1425000 | BM21: =MAX(0,BL21-BK21) -> 600 | BN21: =BM21-BM20 -> 0 | BO21: =(BM21/'Finance Only'!B24)*100 -> 2.0957038 | BP21: =BQ20 -> 937680 | BQ21: 939500 | BR21: =MAX(0,BQ21-BP21) -> 1820 | BS21: =BR21-BR20 -> 330 | BT21: =(BR21/'Finance Only'!B24)*100 -> 6.3569682 | BU21: =BV20 -> 4519700 | BV21: 4524300 | BW21: =MAX(0,BV21-BU21) -> 4600 | BX21: =BW21-BW20 -> 400 | BY21: =(BW21/'Finance Only'!B24)*100 -> 16.067063 | BZ21: =CA20 -> 735540 | CA21: 736790 | CB21: =MAX(0,CA21-BZ21) -> 1250 | CC21: =CB21-CB20 -> 30 | CD21: =(CB21/'Finance Only'!B24)*100 -> 4.3660496 | CE21: =CF20 -> 226680 | CF21: 227110 | CG21: =MAX(0,CF21-CE21) -> 430 | CH21: =CG21-CG20 -> 30 | CI21: =(CG21/'Finance Only'!B24)*100 -> 1.5019211 | CJ21: =CK20 -> 513350 | CK21: 514600 | CL21: =MAX(0,CK21-CJ21) -> 1250 | CM21: =CL21-CL20 -> 170 | CN21: =(CL21/'Finance Only'!B24)*100 -> 4.3660496 | CO21: =CP20 -> 418600 | CP21: 418990 | CQ21: =MAX(0,CP21-CO21) -> 390 | CR21: =CQ21-CQ20 -> -1060 | CS21: =(CQ21/'Finance Only'!B24)*100 -> 1.3622075 | CT21: =CU20 -> 352240 | CU21: 353230 | CV21: =MAX(0,CU21-CT21) -> 990 | CW21: =CV21-CV20 -> 30 | CX21: =(CV21/'Finance Only'!B24)*100 -> 3.4579113 | CY21: =CZ20 -> 609050 | CZ21: 610310 | DA21: =MAX(0,CZ21-CY21) -> 1260 | DB21: =DA21-DA20 -> -80 | DC21: =(DA21/'Finance Only'!B24)*100 -> 4.400978 | DD21: =DE20 -> 458990 | DE21: 460160 | DF21: =MAX(0,DE21-DD21) -> 1170 | DG21: =DF21-DF20 -> 100 | DH21: =(DF21/'Finance Only'!B24)*100 -> 4.0866224 | DI21: =DJ20 -> 418080 | DJ21: 418790 | DK21: =MAX(0,DJ21-DI21) -> 710 | DL21: =DK21-DK20 -> 10 | DM21: =(DK21/'Finance Only'!B24)*100 -> 2.4799162 | DN21: =DO20 -> 242770 | DO21: 243180 | DP21: =MAX(0,DO21-DN21) -> 410 | DQ21: =DP21-DP20 -> 40 | DR21: =(DP21/'Finance Only'!B24)*100 -> 1.4320643 | DS21: =DT20 -> 73773 | DT21: 73895 | DU21: =MAX(0,DT21-DS21) -> 122 | DV21: =DU21-DU20 -> -37 | DW21: =(DU21/'Finance Only'!B24)*100 -> 0.42612644 | DX21: =DY20 -> 476370 | DY21: 477090 | DZ21: =MAX(0,DY21-DX21) -> 720 | EA21: =DZ21-DZ20 -> -20 | EB21: =(DZ21/'Finance Only'!B24)*100 -> 2.5148446 | EC21: =ED20 -> 152320 | ED21: 152570 | EE21: =MAX(0,ED21-EC21) -> 250 | EF21: =EE21-EE20 -> -10 | EG21: =(EE21/'Finance Only'!B24)*100 -> 0.87320992 | EH21: =EI20 -> 153910 | EI21: 154230 | EJ21: =MAX(0,EI21-EH21) -> 320 | EK21: =EJ21-EJ20 -> -40 | EL21: =(EJ21/'Finance Only'!B24)*100 -> 1.1177087 | EM21: =EN20 -> 281980 | EN21: 282480 | EO21: =MAX(0,EN21-EM21) -> 500 | EP21: =EO21-EO20 -> -10 | EQ21: =(EO21/'Finance Only'!B24)*100 -> 1.7464198 | ER21: =ES20 -> 0 | ET21: =MAX(0,ES21-ER21) -> 0 | EU21: =ET21-ET20 -> 0 | EV21: =(ET21/'Finance Only'!B24)*100 -> 0 | EW21: =EX20 -> 91628 | EX21: 93357 | EY21: =MAX(0,EX21-EW21) -> 1729 | EZ21: =EY21-EY20 -> -1455 | FA21: =(EY21/'Finance Only'!G24)*100 -> 3710.3004 | FB21: =FC20 -> 784830 | FC21: 786140 | FD21: =MAX(0,FC21-FB21) -> 1310 | FE21: =FD21-FD20 -> -220 | FF21: =(FD21/'Finance Only'!M24)*100 -> #DIV/0! | FH21: =SUM(E21+J21) -> 8262 | FJ21: =SUM(T21+Y21+DZ21+EE21+EJ21+EO21) -> 6673 | FL21: =SUM(AN21+AS21) -> 2380 | FN21: =SUM(AX21+BC21+BH21) -> 2359 | FP21: =SUM(BM21+BR21+ET21) -> 2420 | FR21: =SUM(EY21+FD21) -> 3039
A22: 18 | B22: ='Finance Only'!G25 -> 57.3 | C22: =D21 -> 26129189 | D22: 26132143 | E22: =MAX(0,D22-C22) -> 2954 | F22: =E22-E21 -> 254 | G22: =(E22/'Finance Only'!B25)*100 -> 10.216504 | H22: =I21 -> 23605593 | I22: 23610892 | J22: =MAX(0,I22-H22) -> 5299 | K22: =J22-J21 -> -263 | L22: =(J22/'Finance Only'!B25)*100 -> 18.326762 | M22: =N21 -> 88608461 | N22: 88622742 | O22: =MAX(0,N22-M22) -> 14281 | P22: =O22-O21 -> -216 | Q22: =(O22/'Finance Only'!B25)*100 -> 49.391298 | R22: =S21 -> 2402900 | S22: 2404600 | T22: =MAX(0,S22-R22) -> 1700 | U22: =T22-T21 -> -100 | V22: =(T22/'Finance Only'!B25)*100 -> 5.8795047 | W22: =X21 -> 3292697 | X22: 3295748 | Y22: =MAX(0,X22-W22) -> 3051 | Z22: =Y22-Y21 -> -32 | AA22: =(Y22/'Finance Only'!B25)*100 -> 10.551982 | AB22: =AC21 -> 2058100 | AC22: 2060600 | AD22: =MAX(0,AC22-AB22) -> 2500 | AE22: =AD22-AD21 -> 0 | AF22: =(AD22/'Finance Only'!B25)*100 -> 8.6463305 | AG22: =AH21 -> 899655 | AH22: 900577 | AI22: =MAX(0,AH22-AG22) -> 922 | AJ22: =AI22-AI21 -> 44 | AK22: =(AI22/'Finance Only'!B25)*100 -> 3.1887667 | AL22: =AM21 -> 906980 | AM22: 907620 | AN22: =MAX(0,AM22-AL22) -> 640 | AO22: =AN22-AN21 -> -40 | AP22: =(AN22/'Finance Only'!B25)*100 -> 2.2134606 | AQ22: =AR21 -> 2033100 | AR22: 2035000 | AS22: =MAX(0,AR22-AQ22) -> 1900 | AT22: =AS22-AS21 -> 200 | AU22: =(AS22/'Finance Only'!B25)*100 -> 6.5712112 | AV22: =AW21 -> 588605 | AW22: 589064 | AX22: =MAX(0,AW22-AV22) -> 459 | AY22: =AX22-AX21 -> -10 | AZ22: =(AX22/'Finance Only'!B25)*100 -> 1.5874663 | BA22: =BB21 -> 840490 | BB22: 841400 | BC22: =MAX(0,BB22-BA22) -> 910 | BD22: =BC22-BC21 -> -40 | BE22: =(BC22/'Finance Only'!B25)*100 -> 3.1472643 | BF22: =BG21 -> 926020 | BG22: 926910 | BH22: =MAX(0,BG22-BF22) -> 890 | BI22: =BH22-BH21 -> -50 | BJ22: =(BH22/'Finance Only'!B25)*100 -> 3.0780937 | BK22: =BL21 -> 1425000 | BL22: 1425600 | BM22: =MAX(0,BL22-BK22) -> 600 | BN22: =BM22-BM21 -> 0 | BO22: =(BM22/'Finance Only'!B25)*100 -> 2.0751193 | BP22: =BQ21 -> 939500 | BQ22: 941430 | BR22: =MAX(0,BQ22-BP22) -> 1930 | BS22: =BR22-BR21 -> 110 | BT22: =(BR22/'Finance Only'!B25)*100 -> 6.6749671 | BU22: =BV21 -> 4524300 | BV22: 4528700 | BW22: =MAX(0,BV22-BU22) -> 4400 | BX22: =BW22-BW21 -> -200 | BY22: =(BW22/'Finance Only'!B25)*100 -> 15.217542 | BZ22: =CA21 -> 736790 | CA22: 738020 | CB22: =MAX(0,CA22-BZ22) -> 1230 | CC22: =CB22-CB21 -> -20 | CD22: =(CB22/'Finance Only'!B25)*100 -> 4.2539946 | CE22: =CF21 -> 227110 | CF22: 227520 | CG22: =MAX(0,CF22-CE22) -> 410 | CH22: =CG22-CG21 -> -20 | CI22: =(CG22/'Finance Only'!B25)*100 -> 1.4179982 | CJ22: =CK21 -> 514600 | CK22: 515840 | CL22: =MAX(0,CK22-CJ22) -> 1240 | CM22: =CL22-CL21 -> -10 | CN22: =(CL22/'Finance Only'!B25)*100 -> 4.2885799 | CO22: =CP21 -> 418990 | CP22: 420020 | CQ22: =MAX(0,CP22-CO22) -> 1030 | CR22: =CQ22-CQ21 -> 640 | CS22: =(CQ22/'Finance Only'!B25)*100 -> 3.5622882 | CT22: =CU21 -> 353230 | CU22: 354090 | CV22: =MAX(0,CU22-CT22) -> 860 | CW22: =CV22-CV21 -> -130 | CX22: =(CV22/'Finance Only'!B25)*100 -> 2.9743377 | CY22: =CZ21 -> 610310 | CZ22: 611570 | DA22: =MAX(0,CZ22-CY22) -> 1260 | DB22: =DA22-DA21 -> 0 | DC22: =(DA22/'Finance Only'!B25)*100 -> 4.3577506 | DD22: =DE21 -> 460160 | DE22: 461180 | DF22: =MAX(0,DE22-DD22) -> 1020 | DG22: =DF22-DF21 -> -150 | DH22: =(DF22/'Finance Only'!B25)*100 -> 3.5277028 | DI22: =DJ21 -> 418790 | DJ22: 419510 | DK22: =MAX(0,DJ22-DI22) -> 720 | DL22: =DK22-DK21 -> 10 | DM22: =(DK22/'Finance Only'!B25)*100 -> 2.4901432 | DN22: =DO21 -> 243180 | DO22: 243580 | DP22: =MAX(0,DO22-DN22) -> 400 | DQ22: =DP22-DP21 -> -10 | DR22: =(DP22/'Finance Only'!B25)*100 -> 1.3834129 | DS22: =DT21 -> 73895 | DT22: 74037 | DU22: =MAX(0,DT22-DS22) -> 142 | DV22: =DU22-DU21 -> 20 | DW22: =(DU22/'Finance Only'!B25)*100 -> 0.49111157 | DX22: =DY21 -> 477090 | DY22: 477860 | DZ22: =MAX(0,DY22-DX22) -> 770 | EA22: =DZ22-DZ21 -> 50 | EB22: =(DZ22/'Finance Only'!B25)*100 -> 2.6630698 | EC22: =ED21 -> 152570 | ED22: 152830 | EE22: =MAX(0,ED22-EC22) -> 260 | EF22: =EE22-EE21 -> 10 | EG22: =(EE22/'Finance Only'!B25)*100 -> 0.89921837 | EH22: =EI21 -> 154230 | EI22: 154590 | EJ22: =MAX(0,EI22-EH22) -> 360 | EK22: =EJ22-EJ21 -> 40 | EL22: =(EJ22/'Finance Only'!B25)*100 -> 1.2450716 | EM22: =EN21 -> 282480 | EN22: =282480+500 -> 282980 | EO22: =MAX(0,EN22-EM22) -> 500 | EP22: =EO22-EO21 -> 0 | EQ22: =(EO22/'Finance Only'!B25)*100 -> 1.7292661 | ER22: =ES21 -> 0 | ET22: =MAX(0,ES22-ER22) -> 0 | EU22: =ET22-ET21 -> 0 | EV22: =(ET22/'Finance Only'!B25)*100 -> 0 | EW22: =EX21 -> 93357 | EX22: 96436 | EY22: =MAX(0,EX22-EW22) -> 3079 | EZ22: =EY22-EY21 -> 1350 | FA22: =(EY22/'Finance Only'!G25)*100 -> 5373.4729 | FB22: =FC21 -> 786140 | FC22: 789290 | FD22: =MAX(0,FC22-FB22) -> 3150 | FE22: =FD22-FD21 -> 1840 | FF22: =(FD22/'Finance Only'!M25)*100 -> #DIV/0! | FH22: =SUM(E22+J22) -> 8253 | FJ22: =SUM(T22+Y22+DZ22+EE22+EJ22+EO22) -> 6641 | FL22: =SUM(AN22+AS22) -> 2540 | FN22: =SUM(AX22+BC22+BH22) -> 2259 | FP22: =SUM(BM22+BR22+ET22) -> 2530 | FR22: =SUM(EY22+FD22) -> 6229
A23: 19 | B23: ='Finance Only'!G26 -> 53.4 | C23: =D22 -> 26132143 | D23: 26135222 | E23: =MAX(0,D23-C23) -> 3079 | F23: =E23-E22 -> 125 | G23: =(E23/'Finance Only'!B26)*100 -> 10.71441 | H23: =I22 -> 23610892 | I23: 23615983 | J23: =MAX(0,I23-H23) -> 5091 | K23: =J23-J22 -> -208 | L23: =(J23/'Finance Only'!B26)*100 -> 17.715837 | M23: =N22 -> 88622742 | N23: 88637104 | O23: =MAX(0,N23-M23) -> 14362 | P23: =O23-O22 -> 81 | Q23: =(O23/'Finance Only'!B26)*100 -> 49.977381 | R23: =S22 -> 2404600 | S23: 2406400 | T23: =MAX(0,S23-R23) -> 1800 | U23: =T23-T22 -> 100 | V23: =(T23/'Finance Only'!B26)*100 -> 6.2637018 | W23: =X22 -> 3295748 | X23: 3298787 | Y23: =MAX(0,X23-W23) -> 3039 | Z23: =Y23-Y22 -> -12 | AA23: =(Y23/'Finance Only'!B26)*100 -> 10.575217 | AB23: =AC22 -> 2060600 | AC23: 2063000 | AD23: =MAX(0,AC23-AB23) -> 2400 | AE23: =AD23-AD22 -> -100 | AF23: =(AD23/'Finance Only'!B26)*100 -> 8.3516025 | AG23: =AH22 -> 900577 | AH23: 901498 | AI23: =MAX(0,AH23-AG23) -> 921 | AJ23: =AI23-AI22 -> -1 | AK23: =(AI23/'Finance Only'!B26)*100 -> 3.2049274 | AL23: =AM22 -> 907620 | AM23: 908300 | AN23: =MAX(0,AM23-AL23) -> 680 | AO23: =AN23-AN22 -> 40 | AP23: =(AN23/'Finance Only'!B26)*100 -> 2.3662874 | AQ23: =AR22 -> 2035000 | AR23: 2036700 | AS23: =MAX(0,AR23-AQ23) -> 1700 | AT23: =AS23-AS22 -> -200 | AU23: =(AS23/'Finance Only'!B26)*100 -> 5.9157184 | AV23: =AW22 -> 589064 | AW23: 589554 | AX23: =MAX(0,AW23-AV23) -> 490 | AY23: =AX23-AX22 -> 31 | AZ23: =(AX23/'Finance Only'!B26)*100 -> 1.7051188 | BA23: =BB22 -> 841400 | BB23: 842340 | BC23: =MAX(0,BB23-BA23) -> 940 | BD23: =BC23-BC22 -> 30 | BE23: =(BC23/'Finance Only'!B26)*100 -> 3.2710443 | BF23: =BG22 -> 926910 | BG23: 927840 | BH23: =MAX(0,BG23-BF23) -> 930 | BI23: =BH23-BH22 -> 40 | BJ23: =(BH23/'Finance Only'!B26)*100 -> 3.236246 | BK23: =BL22 -> 1425600 | BL23: 1426300 | BM23: =MAX(0,BL23-BK23) -> 700 | BN23: =BM23-BM22 -> 100 | BO23: =(BM23/'Finance Only'!B26)*100 -> 2.4358841 | BP23: =BQ22 -> 941430 | BQ23: 943170 | BR23: =MAX(0,BQ23-BP23) -> 1740 | BS23: =BR23-BR22 -> -190 | BT23: =(BR23/'Finance Only'!B26)*100 -> 6.0549118 | BU23: =BV22 -> 4528700 | BV23: 4533400 | BW23: =MAX(0,BV23-BU23) -> 4700 | BX23: =BW23-BW22 -> 300 | BY23: =(BW23/'Finance Only'!B26)*100 -> 16.355221 | BZ23: =CA22 -> 738020 | CA23: 739200 | CB23: =MAX(0,CA23-BZ23) -> 1180 | CC23: =CB23-CB22 -> -50 | CD23: =(CB23/'Finance Only'!B26)*100 -> 4.1062045 | CE23: =CF22 -> 227520 | CF23: 228000 | CG23: =MAX(0,CF23-CE23) -> 480 | CH23: =CG23-CG22 -> 70 | CI23: =(CG23/'Finance Only'!B26)*100 -> 1.6703205 | CJ23: =CK22 -> 515840 | CK23: 517010 | CL23: =MAX(0,CK23-CJ23) -> 1170 | CM23: =CL23-CL22 -> -70 | CN23: =(CL23/'Finance Only'!B26)*100 -> 4.0714062 | CO23: =CP22 -> 420020 | CP23: 421000 | CQ23: =MAX(0,CP23-CO23) -> 980 | CR23: =CQ23-CQ22 -> -50 | CS23: =(CQ23/'Finance Only'!B26)*100 -> 3.4102377 | CT23: =CU22 -> 354090 | CU23: 354910 | CV23: =MAX(0,CU23-CT23) -> 820 | CW23: =CV23-CV22 -> -40 | CX23: =(CV23/'Finance Only'!B26)*100 -> 2.8534642 | CY23: =CZ22 -> 611570 | CZ23: 612830 | DA23: =MAX(0,CZ23-CY23) -> 1260 | DB23: =DA23-DA22 -> 0 | DC23: =(DA23/'Finance Only'!B26)*100 -> 4.3845913 | DD23: =DE22 -> 461180 | DE23: 462050 | DF23: =MAX(0,DE23-DD23) -> 870 | DG23: =DF23-DF22 -> -150 | DH23: =(DF23/'Finance Only'!B26)*100 -> 3.0274559 | DI23: =DJ22 -> 419510 | DJ23: 420250 | DK23: =MAX(0,DJ23-DI23) -> 740 | DL23: =DK23-DK22 -> 20 | DM23: =(DK23/'Finance Only'!B26)*100 -> 2.5750774 | DN23: =DO22 -> 243580 | DO23: 243990 | DP23: =MAX(0,DO23-DN23) -> 410 | DQ23: =DP23-DP22 -> 10 | DR23: =(DP23/'Finance Only'!B26)*100 -> 1.4267321 | DS23: =DT22 -> 74037 | DT23: 74190 | DU23: =MAX(0,DT23-DS23) -> 153 | DV23: =DU23-DU22 -> 11 | DW23: =(DU23/'Finance Only'!B26)*100 -> 0.53241466 | DX23: =DY22 -> 477860 | DY23: 478690 | DZ23: =MAX(0,DY23-DX23) -> 830 | EA23: =DZ23-DZ22 -> 60 | EB23: =(DZ23/'Finance Only'!B26)*100 -> 2.8882625 | EC23: =ED22 -> 152830 | ED23: 153090 | EE23: =MAX(0,ED23-EC23) -> 260 | EF23: =EE23-EE22 -> 0 | EG23: =(EE23/'Finance Only'!B26)*100 -> 0.90475693 | EH23: =EI22 -> 154590 | EI23: 154940 | EJ23: =MAX(0,EI23-EH23) -> 350 | EK23: =EJ23-EJ22 -> -10 | EL23: =(EJ23/'Finance Only'!B26)*100 -> 1.217942 | EM23: =EN22 -> 282980 | EN23: 283500 | EO23: =MAX(0,EN23-EM23) -> 520 | EP23: =EO23-EO22 -> 20 | EQ23: =(EO23/'Finance Only'!B26)*100 -> 1.8095139 | ER23: =ES22 -> 0 | ET23: =MAX(0,ES23-ER23) -> 0 | EU23: =ET23-ET22 -> 0 | EV23: =(ET23/'Finance Only'!B26)*100 -> 0 | EW23: =EX22 -> 96436 | EX23: 100570 | EY23: =MAX(0,EX23-EW23) -> 4134 | EZ23: =EY23-EY22 -> 1055 | FA23: =(EY23/'Finance Only'!G26)*100 -> 7741.573 | FB23: =FC22 -> 789290 | FC23: 791470 | FD23: =MAX(0,FC23-FB23) -> 2180 | FE23: =FD23-FD22 -> -970 | FF23: =(FD23/'Finance Only'!M26)*100 -> #DIV/0! | FH23: =SUM(E23+J23) -> 8170 | FJ23: =SUM(T23+Y23+DZ23+EE23+EJ23+EO23) -> 6799 | FL23: =SUM(AN23+AS23) -> 2380 | FN23: =SUM(AX23+BC23+BH23) -> 2360 | FP23: =SUM(BM23+BR23+ET23) -> 2440 | FR23: =SUM(EY23+FD23) -> 6314
A24: 20 | B24: ='Finance Only'!G27 -> 54 | C24: =D23 -> 26135222 | D24: 26138473 | E24: =MAX(0,D24-C24) -> 3251 | F24: =E24-E23 -> 172 | G24: =(E24/'Finance Only'!B27)*100 -> 10.887475 | H24: =I23 -> 23615983 | I24: 23621729 | J24: =MAX(0,I24-H24) -> 5746 | K24: =J24-J23 -> 655 | L24: =(J24/'Finance Only'!B27)*100 -> 19.243135 | M24: =N23 -> 88637104 | N24: 88651657 | O24: =MAX(0,N24-M24) -> 14553 | P24: =O24-O23 -> 191 | Q24: =(O24/'Finance Only'!B27)*100 -> 48.737441 | R24: =S23 -> 2406400 | S24: 2408300 | T24: =MAX(0,S24-R24) -> 1900 | U24: =T24-T23 -> 100 | V24: =(T24/'Finance Only'!B27)*100 -> 6.3630275 | W24: =X23 -> 3298787 | X24: 3301836 | Y24: =MAX(0,X24-W24) -> 3049 | Z24: =Y24-Y23 -> 10 | AA24: =(Y24/'Finance Only'!B27)*100 -> 10.210985 | AB24: =AC23 -> 2063000 | AC24: 2065600 | AD24: =MAX(0,AC24-AB24) -> 2600 | AE24: =AD24-AD23 -> 200 | AF24: =(AD24/'Finance Only'!B27)*100 -> 8.7073007 | AG24: =AH23 -> 901498 | AH24: 902442 | AI24: =MAX(0,AH24-AG24) -> 944 | AJ24: =AI24-AI23 -> 23 | AK24: =(AI24/'Finance Only'!B27)*100 -> 3.16142 | AL24: =AM23 -> 908300 | AM24: 908940 | AN24: =MAX(0,AM24-AL24) -> 640 | AO24: =AN24-AN23 -> -40 | AP24: =(AN24/'Finance Only'!B27)*100 -> 2.1433356 | AQ24: =AR23 -> 2036700 | AR24: 2038700 | AS24: =MAX(0,AR24-AQ24) -> 2000 | AT24: =AS24-AS23 -> 300 | AU24: =(AS24/'Finance Only'!B27)*100 -> 6.6979236 | AV24: =AW23 -> 589554 | AW24: 590034 | AX24: =MAX(0,AW24-AV24) -> 480 | AY24: =AX24-AX23 -> -10 | AZ24: =(AX24/'Finance Only'!B27)*100 -> 1.6075017 | BA24: =BB23 -> 842340 | BB24: 843250 | BC24: =MAX(0,BB24-BA24) -> 910 | BD24: =BC24-BC23 -> -30 | BE24: =(BC24/'Finance Only'!B27)*100 -> 3.0475553 | BF24: =BG23 -> 927840 | BG24: 928760 | BH24: =MAX(0,BG24-BF24) -> 920 | BI24: =BH24-BH23 -> -10 | BJ24: =(BH24/'Finance Only'!B27)*100 -> 3.0810449 | BK24: =BL23 -> 1426300 | BL24: 1426900 | BM24: =MAX(0,BL24-BK24) -> 600 | BN24: =BM24-BM23 -> -100 | BO24: =(BM24/'Finance Only'!B27)*100 -> 2.0093771 | BP24: =BQ23 -> 943170 | BQ24: 945030 | BR24: =MAX(0,BQ24-BP24) -> 1860 | BS24: =BR24-BR23 -> 120 | BT24: =(BR24/'Finance Only'!B27)*100 -> 6.229069 | BU24: =BV23 -> 4533400 | BV24: 4538700 | BW24: =MAX(0,BV24-BU24) -> 5300 | BX24: =BW24-BW23 -> 600 | BY24: =(BW24/'Finance Only'!B27)*100 -> 17.749498 | BZ24: =CA23 -> 739200 | CA24: 740490 | CB24: =MAX(0,CA24-BZ24) -> 1290 | CC24: =CB24-CB23 -> 110 | CD24: =(CB24/'Finance Only'!B27)*100 -> 4.3201608 | CE24: =CF23 -> 228000 | CF24: 228450 | CG24: =MAX(0,CF24-CE24) -> 450 | CH24: =CG24-CG23 -> -30 | CI24: =(CG24/'Finance Only'!B27)*100 -> 1.5070328 | CJ24: =CK23 -> 517010 | CK24: 518520 | CL24: =MAX(0,CK24-CJ24) -> 1510 | CM24: =CL24-CL23 -> 340 | CN24: =(CL24/'Finance Only'!B27)*100 -> 5.0569324 | CO24: =CP23 -> 421000 | CP24: 422000 | CQ24: =MAX(0,CP24-CO24) -> 1000 | CR24: =CQ24-CQ23 -> 20 | CS24: =(CQ24/'Finance Only'!B27)*100 -> 3.3489618 | CT24: =CU23 -> 354910 | CU24: 355890 | CV24: =MAX(0,CU24-CT24) -> 980 | CW24: =CV24-CV23 -> 160 | CX24: =(CV24/'Finance Only'!B27)*100 -> 3.2819826 | CY24: =CZ23 -> 612830 | CZ24: 614380 | DA24: =MAX(0,CZ24-CY24) -> 1550 | DB24: =DA24-DA23 -> 290 | DC24: =(DA24/'Finance Only'!B27)*100 -> 5.1908908 | DD24: =DE23 -> 462050 | DE24: 462960 | DF24: =MAX(0,DE24-DD24) -> 910 | DG24: =DF24-DF23 -> 40 | DH24: =(DF24/'Finance Only'!B27)*100 -> 3.0475553 | DI24: =DJ23 -> 420250 | DJ24: 421130 | DK24: =MAX(0,DJ24-DI24) -> 880 | DL24: =DK24-DK23 -> 140 | DM24: =(DK24/'Finance Only'!B27)*100 -> 2.9470864 | DN24: =DO23 -> 243990 | DO24: 244390 | DP24: =MAX(0,DO24-DN24) -> 400 | DQ24: =DP24-DP23 -> -10 | DR24: =(DP24/'Finance Only'!B27)*100 -> 1.3395847 | DS24: =DT23 -> 74190 | DT24: 74335 | DU24: =MAX(0,DT24-DS24) -> 145 | DV24: =DU24-DU23 -> -8 | DW24: =(DU24/'Finance Only'!B27)*100 -> 0.48559946 | DX24: =DY23 -> 478690 | DY24: 479520 | DZ24: =MAX(0,DY24-DX24) -> 830 | EA24: =DZ24-DZ23 -> 0 | EB24: =(DZ24/'Finance Only'!B27)*100 -> 2.7796383 | EC24: =ED23 -> 153090 | ED24: 153370 | EE24: =MAX(0,ED24-EC24) -> 280 | EF24: =EE24-EE23 -> 20 | EG24: =(EE24/'Finance Only'!B27)*100 -> 0.93770931 | EH24: =EI23 -> 154940 | EI24: 155350 | EJ24: =MAX(0,EI24-EH24) -> 410 | EK24: =EJ24-EJ23 -> 60 | EL24: =(EJ24/'Finance Only'!B27)*100 -> 1.3730743 | EM24: =EN23 -> 283500 | EN24: 284020 | EO24: =MAX(0,EN24-EM24) -> 520 | EP24: =EO24-EO23 -> 0 | EQ24: =(EO24/'Finance Only'!B27)*100 -> 1.7414601 | ER24: =ES23 -> 0 | ET24: =MAX(0,ES24-ER24) -> 0 | EU24: =ET24-ET23 -> 0 | EV24: =(ET24/'Finance Only'!B27)*100 -> 0 | EW24: =EX23 -> 100570 | EX24: 105310 | EY24: =MAX(0,EX24-EW24) -> 4740 | EZ24: =EY24-EY23 -> 606 | FA24: =(EY24/'Finance Only'!G27)*100 -> 8777.7778 | FB24: =FC23 -> 791470 | FC24: 793980 | FD24: =MAX(0,FC24-FB24) -> 2510 | FE24: =FD24-FD23 -> 330 | FF24: =(FD24/'Finance Only'!M27)*100 -> #DIV/0! | FH24: =SUM(E24+J24) -> 8997 | FJ24: =SUM(T24+Y24+DZ24+EE24+EJ24+EO24) -> 6989 | FL24: =SUM(AN24+AS24) -> 2640 | FN24: =SUM(AX24+BC24+BH24) -> 2310 | FP24: =SUM(BM24+BR24+ET24) -> 2460 | FR24: =SUM(EY24+FD24) -> 7250
A25: 21 | B25: ='Finance Only'!G28 -> 54 | C25: =D24 -> 26138473 | D25: 26141687 | E25: =MAX(0,D25-C25) -> 3214 | F25: =E25-E24 -> -37 | G25: =(E25/'Finance Only'!B28)*100 -> 10.580025 | H25: =I24 -> 23621729 | I25: 23627337 | J25: =MAX(0,I25-H25) -> 5608 | K25: =J25-J24 -> -138 | L25: =(J25/'Finance Only'!B28)*100 -> 18.460728 | M25: =N24 -> 88651657 | N25: 88666210 | O25: =MAX(0,N25-M25) -> 14553 | P25: =O25-O24 -> 0 | Q25: =(O25/'Finance Only'!B28)*100 -> 47.90638 | R25: =S24 -> 2408300 | S25: 2410200 | T25: =MAX(0,S25-R25) -> 1900 | U25: =T25-T24 -> 0 | V25: =(T25/'Finance Only'!B28)*100 -> 6.2545263 | W25: =X24 -> 3301836 | X25: 3305107 | Y25: =MAX(0,X25-W25) -> 3271 | Z25: =Y25-Y24 -> 222 | AA25: =(Y25/'Finance Only'!B28)*100 -> 10.767661 | AB25: =AC24 -> 2065600 | AC25: 2068200 | AD25: =MAX(0,AC25-AB25) -> 2600 | AE25: =AD25-AD24 -> 0 | AF25: =(AD25/'Finance Only'!B28)*100 -> 8.5588255 | AG25: =AH24 -> 902442 | AH25: 903383 | AI25: =MAX(0,AH25-AG25) -> 941 | AJ25: =AI25-AI24 -> -3 | AK25: =(AI25/'Finance Only'!B28)*100 -> 3.0976364 | AL25: =AM24 -> 908940 | AM25: 909650 | AN25: =MAX(0,AM25-AL25) -> 710 | AO25: =AN25-AN24 -> 70 | AP25: =(AN25/'Finance Only'!B28)*100 -> 2.3372177 | AQ25: =AR24 -> 2038700 | AR25: 2040900 | AS25: =MAX(0,AR25-AQ25) -> 2200 | AT25: =AS25-AS24 -> 200 | AU25: =(AS25/'Finance Only'!B28)*100 -> 7.2420831 | AV25: =AW24 -> 590034 | AW25: 590517 | AX25: =MAX(0,AW25-AV25) -> 483 | AY25: =AX25-AX24 -> 3 | AZ25: =(AX25/'Finance Only'!B28)*100 -> 1.5899664 | BA25: =BB24 -> 843250 | BB25: 844150 | BC25: =MAX(0,BB25-BA25) -> 900 | BD25: =BC25-BC24 -> -10 | BE25: =(BC25/'Finance Only'!B28)*100 -> 2.9626704 | BF25: =BG24 -> 928760 | BG25: 929680 | BH25: =MAX(0,BG25-BF25) -> 920 | BI25: =BH25-BH24 -> 0 | BJ25: =(BH25/'Finance Only'!B28)*100 -> 3.0285075 | BK25: =BL24 -> 1426900 | BL25: 1427600 | BM25: =MAX(0,BL25-BK25) -> 700 | BN25: =BM25-BM24 -> 100 | BO25: =(BM25/'Finance Only'!B28)*100 -> 2.3042992 | BP25: =BQ24 -> 945030 | BQ25: 946900 | BR25: =MAX(0,BQ25-BP25) -> 1870 | BS25: =BR25-BR24 -> 10 | BT25: =(BR25/'Finance Only'!B28)*100 -> 6.1557706 | BU25: =BV24 -> 4538700 | BV25: 4543300 | BW25: =MAX(0,BV25-BU25) -> 4600 | BX25: =BW25-BW24 -> -700 | BY25: =(BW25/'Finance Only'!B28)*100 -> 15.142537 | BZ25: =CA24 -> 740490 | CA25: 741780 | CB25: =MAX(0,CA25-BZ25) -> 1290 | CC25: =CB25-CB24 -> 0 | CD25: =(CB25/'Finance Only'!B28)*100 -> 4.2464942 | CE25: =CF24 -> 228450 | CF25: 228870 | CG25: =MAX(0,CF25-CE25) -> 420 | CH25: =CG25-CG24 -> -30 | CI25: =(CG25/'Finance Only'!B28)*100 -> 1.3825795 | CJ25: =CK24 -> 518520 | CK25: 519870 | CL25: =MAX(0,CK25-CJ25) -> 1350 | CM25: =CL25-CL24 -> -160 | CN25: =(CL25/'Finance Only'!B28)*100 -> 4.4440055 | CO25: =CP24 -> 422000 | CP25: 423080 | CQ25: =MAX(0,CP25-CO25) -> 1080 | CR25: =CQ25-CQ24 -> 80 | CS25: =(CQ25/'Finance Only'!B28)*100 -> 3.5552044 | CT25: =CU24 -> 355890 | CU25: 356890 | CV25: =MAX(0,CU25-CT25) -> 1000 | CW25: =CV25-CV24 -> 20 | CX25: =(CV25/'Finance Only'!B28)*100 -> 3.2918559 | CY25: =CZ24 -> 614380 | CZ25: 615690 | DA25: =MAX(0,CZ25-CY25) -> 1310 | DB25: =DA25-DA24 -> -240 | DC25: =(DA25/'Finance Only'!B28)*100 -> 4.3123313 | DD25: =DE24 -> 462960 | DE25: 463820 | DF25: =MAX(0,DE25-DD25) -> 860 | DG25: =DF25-DF24 -> -50 | DH25: =(DF25/'Finance Only'!B28)*100 -> 2.8309961 | DI25: =DJ24 -> 421130 | DJ25: 421920 | DK25: =MAX(0,DJ25-DI25) -> 790 | DL25: =DK25-DK24 -> -90 | DM25: =(DK25/'Finance Only'!B28)*100 -> 2.6005662 | DN25: =DO24 -> 244390 | DO25: 244790 | DP25: =MAX(0,DO25-DN25) -> 400 | DQ25: =DP25-DP24 -> 0 | DR25: =(DP25/'Finance Only'!B28)*100 -> 1.3167424 | DS25: =DT24 -> 74335 | DT25: 74475 | DU25: =MAX(0,DT25-DS25) -> 140 | DV25: =DU25-DU24 -> -5 | DW25: =(DU25/'Finance Only'!B28)*100 -> 0.46085983 | DX25: =DY24 -> 479520 | DY25: 480340 | DZ25: =MAX(0,DY25-DX25) -> 820 | EA25: =DZ25-DZ24 -> -10 | EB25: =(DZ25/'Finance Only'!B28)*100 -> 2.6993219 | EC25: =ED24 -> 153370 | ED25: 153640 | EE25: =MAX(0,ED25-EC25) -> 270 | EF25: =EE25-EE24 -> -10 | EG25: =(EE25/'Finance Only'!B28)*100 -> 0.88880111 | EH25: =EI24 -> 155350 | EI25: 155710 | EJ25: =MAX(0,EI25-EH25) -> 360 | EK25: =EJ25-EJ24 -> -50 | EL25: =(EJ25/'Finance Only'!B28)*100 -> 1.1850681 | EM25: =EN24 -> 284020 | EN25: 284540 | EO25: =MAX(0,EN25-EM25) -> 520 | EP25: =EO25-EO24 -> 0 | EQ25: =(EO25/'Finance Only'!B28)*100 -> 1.7117651 | ER25: =ES24 -> 0 | ET25: =MAX(0,ES25-ER25) -> 0 | EU25: =ET25-ET24 -> 0 | EV25: =(ET25/'Finance Only'!B28)*100 -> 0 | EW25: =EX24 -> 105310 | EX25: 109520 | EY25: =MAX(0,EX25-EW25) -> 4210 | EZ25: =EY25-EY24 -> -530 | FA25: =(EY25/'Finance Only'!G28)*100 -> 7796.2963 | FB25: =FC24 -> 793980 | FC25: 796270 | FD25: =MAX(0,FC25-FB25) -> 2290 | FE25: =FD25-FD24 -> -220 | FF25: =(FD25/'Finance Only'!M28)*100 -> #DIV/0! | FH25: =SUM(E25+J25) -> 8822 | FJ25: =SUM(T25+Y25+DZ25+EE25+EJ25+EO25) -> 7141 | FL25: =SUM(AN25+AS25) -> 2910 | FN25: =SUM(AX25+BC25+BH25) -> 2303 | FP25: =SUM(BM25+BR25+ET25) -> 2570 | FR25: =SUM(EY25+FD25) -> 6500
A26: 22 | B26: ='Finance Only'!G29 -> 54 | C26: =D25 -> 26141687 | D26: 26144816 | E26: =MAX(0,D26-C26) -> 3129 | F26: =E26-E25 -> -85 | G26: =(E26/'Finance Only'!B29)*100 -> 10.531099 | H26: =I25 -> 23627337 | I26: 23632564 | J26: =MAX(0,I26-H26) -> 5227 | K26: =J26-J25 -> -381 | L26: =(J26/'Finance Only'!B29)*100 -> 17.592219 | M26: =N25 -> 88666210 | N26: 88680896 | O26: =MAX(0,N26-M26) -> 14686 | P26: =O26-O25 -> 133 | Q26: =(O26/'Finance Only'!B29)*100 -> 49.427841 | R26: =S25 -> 2410200 | S26: 2412100 | T26: =MAX(0,S26-R26) -> 1900 | U26: =T26-T25 -> 0 | V26: =(T26/'Finance Only'!B29)*100 -> 6.3947227 | W26: =X25 -> 3305107 | X26: 3308257 | Y26: =MAX(0,X26-W26) -> 3150 | Z26: =Y26-Y25 -> -121 | AA26: =(Y26/'Finance Only'!B29)*100 -> 10.601777 | AB26: =AC25 -> 2068200 | AC26: 2070800 | AD26: =MAX(0,AC26-AB26) -> 2600 | AE26: =AD26-AD25 -> 0 | AF26: =(AD26/'Finance Only'!B29)*100 -> 8.7506731 | AG26: =AH25 -> 903383 | AH26: 904344 | AI26: =MAX(0,AH26-AG26) -> 961 | AJ26: =AI26-AI25 -> 20 | AK26: =(AI26/'Finance Only'!B29)*100 -> 3.2343834 | AL26: =AM25 -> 909650 | AM26: 910360 | AN26: =MAX(0,AM26-AL26) -> 710 | AO26: =AN26-AN25 -> 0 | AP26: =(AN26/'Finance Only'!B29)*100 -> 2.3896069 | AQ26: =AR25 -> 2040900 | AR26: 2043200 | AS26: =MAX(0,AR26-AQ26) -> 2300 | AT26: =AS26-AS25 -> 100 | AU26: =(AS26/'Finance Only'!B29)*100 -> 7.7409801 | AV26: =AW25 -> 590517 | AW26: 590956 | AX26: =MAX(0,AW26-AV26) -> 439 | AY26: =AX26-AX25 -> -44 | AZ26: =(AX26/'Finance Only'!B29)*100 -> 1.4775175 | BA26: =BB25 -> 844150 | BB26: 845100 | BC26: =MAX(0,BB26-BA26) -> 950 | BD26: =BC26-BC25 -> 50 | BE26: =(BC26/'Finance Only'!B29)*100 -> 3.1973613 | BF26: =BG25 -> 929680 | BG26: 930650 | BH26: =MAX(0,BG26-BF26) -> 970 | BI26: =BH26-BH25 -> 50 | BJ26: =(BH26/'Finance Only'!B29)*100 -> 3.2646742 | BK26: =BL25 -> 1427600 | BL26: 1428200 | BM26: =MAX(0,BL26-BK26) -> 600 | BN26: =BM26-BM25 -> -100 | BO26: =(BM26/'Finance Only'!B29)*100 -> 2.0193861 | BP26: =BQ25 -> 946900 | BQ26: 948790 | BR26: =MAX(0,BQ26-BP26) -> 1890 | BS26: =BR26-BR25 -> 20 | BT26: =(BR26/'Finance Only'!B29)*100 -> 6.3610662 | BU26: =BV25 -> 4543300 | BV26: 4548100 | BW26: =MAX(0,BV26-BU26) -> 4800 | BX26: =BW26-BW25 -> 200 | BY26: =(BW26/'Finance Only'!B29)*100 -> 16.155089 | BZ26: =CA25 -> 741780 | CA26: 743040 | CB26: =MAX(0,CA26-BZ26) -> 1260 | CC26: =CB26-CB25 -> -30 | CD26: =(CB26/'Finance Only'!B29)*100 -> 4.2407108 | CE26: =CF25 -> 228870 | CF26: 229310 | CG26: =MAX(0,CF26-CE26) -> 440 | CH26: =CG26-CG25 -> 20 | CI26: =(CG26/'Finance Only'!B29)*100 -> 1.4808831 | CJ26: =CK25 -> 519870 | CK26: 521220 | CL26: =MAX(0,CK26-CJ26) -> 1350 | CM26: =CL26-CL25 -> 0 | CN26: =(CL26/'Finance Only'!B29)*100 -> 4.5436187 | CO26: =CP25 -> 423080 | CP26: 424120 | CQ26: =MAX(0,CP26-CO26) -> 1040 | CR26: =CQ26-CQ25 -> -40 | CS26: =(CQ26/'Finance Only'!B29)*100 -> 3.5002693 | CT26: =CU25 -> 356890 | CU26: 357710 | CV26: =MAX(0,CU26-CT26) -> 820 | CW26: =CV26-CV25 -> -180 | CX26: =(CV26/'Finance Only'!B29)*100 -> 2.7598277 | CY26: =CZ25 -> 615690 | CZ26: 616880 | DA26: =MAX(0,CZ26-CY26) -> 1190 | DB26: =DA26-DA25 -> -120 | DC26: =(DA26/'Finance Only'!B29)*100 -> 4.0051158 | DD26: =DE25 -> 463820 | DE26: 464610 | DF26: =MAX(0,DE26-DD26) -> 790 | DG26: =DF26-DF25 -> -70 | DH26: =(DF26/'Finance Only'!B29)*100 -> 2.6588584 | DI26: =DJ25 -> 421920 | DJ26: 422640 | DK26: =MAX(0,DJ26-DI26) -> 720 | DL26: =DK26-DK25 -> -70 | DM26: =(DK26/'Finance Only'!B29)*100 -> 2.4232633 | DN26: =DO25 -> 244790 | DO26: 245180 | DP26: =MAX(0,DO26-DN26) -> 390 | DQ26: =DP26-DP25 -> -10 | DR26: =(DP26/'Finance Only'!B29)*100 -> 1.312601 | DS26: =DT25 -> 74475 | DT26: 74622 | DU26: =MAX(0,DT26-DS26) -> 147 | DV26: =DU26-DU25 -> 7 | DW26: =(DU26/'Finance Only'!B29)*100 -> 0.4947496 | DX26: =DY25 -> 480340 | DY26: 481130 | DZ26: =MAX(0,DY26-DX26) -> 790 | EA26: =DZ26-DZ25 -> -30 | EB26: =(DZ26/'Finance Only'!B29)*100 -> 2.6588584 | EC26: =ED25 -> 153640 | ED26: 153910 | EE26: =MAX(0,ED26-EC26) -> 270 | EF26: =EE26-EE25 -> 0 | EG26: =(EE26/'Finance Only'!B29)*100 -> 0.90872375 | EH26: =EI25 -> 155710 | EI26: 156080 | EJ26: =MAX(0,EI26-EH26) -> 370 | EK26: =EJ26-EJ25 -> 10 | EL26: =(EJ26/'Finance Only'!B29)*100 -> 1.2452881 | EM26: =EN25 -> 284540 | EN26: 285060 | EO26: =MAX(0,EN26-EM26) -> 520 | EP26: =EO26-EO25 -> 0 | EQ26: =(EO26/'Finance Only'!B29)*100 -> 1.7501346 | ER26: =ES25 -> 0 | ET26: =MAX(0,ES26-ER26) -> 0 | EU26: =ET26-ET25 -> 0 | EV26: =(ET26/'Finance Only'!B29)*100 -> 0 | EW26: =EX25 -> 109520 | EX26: 113090 | EY26: =MAX(0,EX26-EW26) -> 3570 | EZ26: =EY26-EY25 -> -640 | FA26: =(EY26/'Finance Only'!G29)*100 -> 6611.1111 | FB26: =FC25 -> 796270 | FC26: 798050 | FD26: =MAX(0,FC26-FB26) -> 1780 | FE26: =FD26-FD25 -> -510 | FF26: =(FD26/'Finance Only'!M29)*100 -> #DIV/0! | FH26: =SUM(E26+J26) -> 8356 | FJ26: =SUM(T26+Y26+DZ26+EE26+EJ26+EO26) -> 7000 | FL26: =SUM(AN26+AS26) -> 3010 | FN26: =SUM(AX26+BC26+BH26) -> 2359 | FP26: =SUM(BM26+BR26+ET26) -> 2490 | FR26: =SUM(EY26+FD26) -> 5350
A27: 23 | B27: ='Finance Only'!G30 -> 60 | C27: =D26 -> 26144816 | D27: 26148030 | E27: =MAX(0,D27-C27) -> 3214 | F27: =E27-E26 -> 85 | G27: =(E27/'Finance Only'!B30)*100 -> 10.717978 | H27: =I26 -> 23632564 | I27: 23637954 | J27: =MAX(0,I27-H27) -> 5390 | K27: =J27-J26 -> 163 | L27: =(J27/'Finance Only'!B30)*100 -> 17.974456 | M27: =N26 -> 88680896 | N27: 88695669 | O27: =MAX(0,N27-M27) -> 14773 | P27: =O27-O26 -> 87 | Q27: =(O27/'Finance Only'!B30)*100 -> 49.264681 | R27: =S26 -> 2412100 | S27: 2414100 | T27: =MAX(0,S27-R27) -> 2000 | U27: =T27-T26 -> 100 | V27: =(T27/'Finance Only'!B30)*100 -> 6.6695568 | W27: =X26 -> 3308257 | X27: 3311385 | Y27: =MAX(0,X27-W27) -> 3128 | Z27: =Y27-Y26 -> -22 | AA27: =(Y27/'Finance Only'!B30)*100 -> 10.431187 | AB27: =AC26 -> 2070800 | AC27: 2073600 | AD27: =MAX(0,AC27-AB27) -> 2800 | AE27: =AD27-AD26 -> 200 | AF27: =(AD27/'Finance Only'!B30)*100 -> 9.3373795 | AG27: =AH26 -> 904344 | AH27: 905301 | AI27: =MAX(0,AH27-AG27) -> 957 | AJ27: =AI27-AI26 -> -4 | AK27: =(AI27/'Finance Only'!B30)*100 -> 3.1913829 | AL27: =AM26 -> 910360 | AM27: 910960 | AN27: =MAX(0,AM27-AL27) -> 600 | AO27: =AN27-AN26 -> -110 | AP27: =(AN27/'Finance Only'!B30)*100 -> 2.000867 | AQ27: =AR26 -> 2043200 | AR27: 2045400 | AS27: =MAX(0,AR27-AQ27) -> 2200 | AT27: =AS27-AS26 -> -100 | AU27: =(AS27/'Finance Only'!B30)*100 -> 7.3365125 | AV27: =AW26 -> 590956 | AW27: 591424 | AX27: =MAX(0,AW27-AV27) -> 468 | AY27: =AX27-AX26 -> 29 | AZ27: =(AX27/'Finance Only'!B30)*100 -> 1.5606763 | BA27: =BB26 -> 845100 | BB27: 846020 | BC27: =MAX(0,BB27-BA27) -> 920 | BD27: =BC27-BC26 -> -30 | BE27: =(BC27/'Finance Only'!B30)*100 -> 3.0679961 | BF27: =BG26 -> 930650 | BG27: 931570 | BH27: =MAX(0,BG27-BF27) -> 920 | BI27: =BH27-BH26 -> -50 | BJ27: =(BH27/'Finance Only'!B30)*100 -> 3.0679961 | BK27: =BL26 -> 1428200 | BL27: 1428800 | BM27: =MAX(0,BL27-BK27) -> 600 | BN27: =BM27-BM26 -> 0 | BO27: =(BM27/'Finance Only'!B30)*100 -> 2.000867 | BP27: =BQ26 -> 948790 | BQ27: 950500 | BR27: =MAX(0,BQ27-BP27) -> 1710 | BS27: =BR27-BR26 -> -180 | BT27: =(BR27/'Finance Only'!B30)*100 -> 5.7024711 | BU27: =BV26 -> 4548100 | BV27: 4552700 | BW27: =MAX(0,BV27-BU27) -> 4600 | BX27: =BW27-BW26 -> -200 | BY27: =(BW27/'Finance Only'!B30)*100 -> 15.339981 | BZ27: =CA26 -> 743040 | CA27: 744330 | CB27: =MAX(0,CA27-BZ27) -> 1290 | CC27: =CB27-CB26 -> 30 | CD27: =(CB27/'Finance Only'!B30)*100 -> 4.3018641 | CE27: =CF26 -> 229310 | CF27: 229720 | CG27: =MAX(0,CF27-CE27) -> 410 | CH27: =CG27-CG26 -> -30 | CI27: =(CG27/'Finance Only'!B30)*100 -> 1.3672591 | CJ27: =CK26 -> 521220 | CK27: 522660 | CL27: =MAX(0,CK27-CJ27) -> 1440 | CM27: =CL27-CL26 -> 90 | CN27: =(CL27/'Finance Only'!B30)*100 -> 4.8020809 | CO27: =CP26 -> 424120 | CP27: 425080 | CQ27: =MAX(0,CP27-CO27) -> 960 | CR27: =CQ27-CQ26 -> -80 | CS27: =(CQ27/'Finance Only'!B30)*100 -> 3.2013873 | CT27: =CU26 -> 357710 | CU27: 358520 | CV27: =MAX(0,CU27-CT27) -> 810 | CW27: =CV27-CV26 -> -10 | CX27: =(CV27/'Finance Only'!B30)*100 -> 2.7011705 | CY27: =CZ26 -> 616880 | CZ27: 618190 | DA27: =MAX(0,CZ27-CY27) -> 1310 | DB27: =DA27-DA26 -> 120 | DC27: =(DA27/'Finance Only'!B30)*100 -> 4.3685597 | DD27: =DE26 -> 464610 | DE27: 465610 | DF27: =MAX(0,DE27-DD27) -> 1000 | DG27: =DF27-DF26 -> 210 | DH27: =(DF27/'Finance Only'!B30)*100 -> 3.3347784 | DI27: =DJ26 -> 422640 | DJ27: 423530 | DK27: =MAX(0,DJ27-DI27) -> 890 | DL27: =DK27-DK26 -> 170 | DM27: =(DK27/'Finance Only'!B30)*100 -> 2.9679528 | DN27: =DO26 -> 245180 | DO27: 245570 | DP27: =MAX(0,DO27-DN27) -> 390 | DQ27: =DP27-DP26 -> 0 | DR27: =(DP27/'Finance Only'!B30)*100 -> 1.3005636 | DS27: =DT26 -> 74622 | DT27: 74757 | DU27: =MAX(0,DT27-DS27) -> 135 | DV27: =DU27-DU26 -> -12 | DW27: =(DU27/'Finance Only'!B30)*100 -> 0.45019508 | DX27: =DY26 -> 481130 | DY27: 481940 | DZ27: =MAX(0,DY27-DX27) -> 810 | EA27: =DZ27-DZ26 -> 20 | EB27: =(DZ27/'Finance Only'!B30)*100 -> 2.7011705 | EC27: =ED26 -> 153910 | ED27: 154190 | EE27: =MAX(0,ED27-EC27) -> 280 | EF27: =EE27-EE26 -> 10 | EG27: =(EE27/'Finance Only'!B30)*100 -> 0.93373795 | EH27: =EI26 -> 156080 | EI27: 156420 | EJ27: =MAX(0,EI27-EH27) -> 340 | EK27: =EJ27-EJ26 -> -30 | EL27: =(EJ27/'Finance Only'!B30)*100 -> 1.1338247 | EM27: =EN26 -> 285060 | EN27: =285060+519 -> 285579 | EO27: =MAX(0,EN27-EM27) -> 519 | EP27: =EO27-EO26 -> -1 | EQ27: =(EO27/'Finance Only'!B30)*100 -> 1.73075 | ER27: =ES26 -> 0 | ET27: =MAX(0,ES27-ER27) -> 0 | EU27: =ET27-ET26 -> 0 | EV27: =(ET27/'Finance Only'!B30)*100 -> 0 | EW27: =EX26 -> 113090 | EX27: 117370 | EY27: =MAX(0,EX27-EW27) -> 4280 | EZ27: =EY27-EY26 -> 710 | FA27: =(EY27/'Finance Only'!G30)*100 -> 7133.3333 | FB27: =FC26 -> 798050 | FC27: 801170 | FD27: =MAX(0,FC27-FB27) -> 3120 | FE27: =FD27-FD26 -> 1340 | FF27: =(FD27/'Finance Only'!M30)*100 -> #DIV/0! | FH27: =SUM(E27+J27) -> 8604 | FJ27: =SUM(T27+Y27+DZ27+EE27+EJ27+EO27) -> 7077 | FL27: =SUM(AN27+AS27) -> 2800 | FN27: =SUM(AX27+BC27+BH27) -> 2308 | FP27: =SUM(BM27+BR27+ET27) -> 2310 | FR27: =SUM(EY27+FD27) -> 7400
A28: 24 | B28: ='Finance Only'!G31 -> 67 | C28: =D27 -> 26148030 | D28: 26151186 | E28: =MAX(0,D28-C28) -> 3156 | F28: =E28-E27 -> -58 | G28: =(E28/'Finance Only'!B31)*100 -> 10.497954 | H28: =I27 -> 23637954 | I28: 23643529 | J28: =MAX(0,I28-H28) -> 5575 | K28: =J28-J27 -> 185 | L28: =(J28/'Finance Only'!B31)*100 -> 18.54439 | M28: =N27 -> 88695669 | N28: 88710533 | O28: =MAX(0,N28-M28) -> 14864 | P28: =O28-O27 -> 91 | Q28: =(O28/'Finance Only'!B31)*100 -> 49.442837 | R28: =S27 -> 2414100 | S28: 2416100 | T28: =MAX(0,S28-R28) -> 2000 | U28: =T28-T27 -> 0 | V28: =(T28/'Finance Only'!B31)*100 -> 6.652696 | W28: =X27 -> 3311385 | X28: 3314494 | Y28: =MAX(0,X28-W28) -> 3109 | Z28: =Y28-Y27 -> -19 | AA28: =(Y28/'Finance Only'!B31)*100 -> 10.341616 | AB28: =AC27 -> 2073600 | AC28: 2076400 | AD28: =MAX(0,AC28-AB28) -> 2800 | AE28: =AD28-AD27 -> 0 | AF28: =(AD28/'Finance Only'!B31)*100 -> 9.3137744 | AG28: =AH27 -> 905301 | AH28: 906277 | AI28: =MAX(0,AH28-AG28) -> 976 | AJ28: =AI28-AI27 -> 19 | AK28: =(AI28/'Finance Only'!B31)*100 -> 3.2465157 | AL28: =AM27 -> 910960 | AM28: 911740 | AN28: =MAX(0,AM28-AL28) -> 780 | AO28: =AN28-AN27 -> 180 | AP28: =(AN28/'Finance Only'!B31)*100 -> 2.5945514 | AQ28: =AR27 -> 2045400 | AR28: 2047400 | AS28: =MAX(0,AR28-AQ28) -> 2000 | AT28: =AS28-AS27 -> -200 | AU28: =(AS28/'Finance Only'!B31)*100 -> 6.652696 | AV28: =AW27 -> 591424 | AW28: 591894 | AX28: =MAX(0,AW28-AV28) -> 470 | AY28: =AX28-AX27 -> 2 | AZ28: =(AX28/'Finance Only'!B31)*100 -> 1.5633836 | BA28: =BB27 -> 846020 | BB28: 846930 | BC28: =MAX(0,BB28-BA28) -> 910 | BD28: =BC28-BC27 -> -10 | BE28: =(BC28/'Finance Only'!B31)*100 -> 3.0269767 | BF28: =BG27 -> 931570 | BG28: 932490 | BH28: =MAX(0,BG28-BF28) -> 920 | BI28: =BH28-BH27 -> 0 | BJ28: =(BH28/'Finance Only'!B31)*100 -> 3.0602402 | BK28: =BL27 -> 1428800 | BL28: 1429500 | BM28: =MAX(0,BL28-BK28) -> 700 | BN28: =BM28-BM27 -> 100 | BO28: =(BM28/'Finance Only'!B31)*100 -> 2.3284436 | BP28: =BQ27 -> 950500 | BQ28: 952260 | BR28: =MAX(0,BQ28-BP28) -> 1760 | BS28: =BR28-BR27 -> 50 | BT28: =(BR28/'Finance Only'!B31)*100 -> 5.8543725 | BU28: =BV27 -> 4552700 | BV28: 4558000 | BW28: =MAX(0,BV28-BU28) -> 5300 | BX28: =BW28-BW27 -> 700 | BY28: =(BW28/'Finance Only'!B31)*100 -> 17.629644 | BZ28: =CA27 -> 744330 | CA28: 745640 | CB28: =MAX(0,CA28-BZ28) -> 1310 | CC28: =CB28-CB27 -> 20 | CD28: =(CB28/'Finance Only'!B31)*100 -> 4.3575159 | CE28: =CF27 -> 229720 | CF28: 230160 | CG28: =MAX(0,CF28-CE28) -> 440 | CH28: =CG28-CG27 -> 30 | CI28: =(CG28/'Finance Only'!B31)*100 -> 1.4635931 | CJ28: =CK27 -> 522660 | CK28: 524260 | CL28: =MAX(0,CK28-CJ28) -> 1600 | CM28: =CL28-CL27 -> 160 | CN28: =(CL28/'Finance Only'!B31)*100 -> 5.3221568 | CO28: =CP27 -> 425080 | CP28: 426070 | CQ28: =MAX(0,CP28-CO28) -> 990 | CR28: =CQ28-CQ27 -> 30 | CS28: =(CQ28/'Finance Only'!B31)*100 -> 3.2930845 | CT28: =CU27 -> 358520 | CU28: 359320 | CV28: =MAX(0,CU28-CT28) -> 800 | CW28: =CV28-CV27 -> -10 | CX28: =(CV28/'Finance Only'!B31)*100 -> 2.6610784 | CY28: =CZ27 -> 618190 | CZ28: 619500 | DA28: =MAX(0,CZ28-CY28) -> 1310 | DB28: =DA28-DA27 -> 0 | DC28: =(DA28/'Finance Only'!B31)*100 -> 4.3575159 | DD28: =DE27 -> 465610 | DE28: 466600 | DF28: =MAX(0,DE28-DD28) -> 990 | DG28: =DF28-DF27 -> -10 | DH28: =(DF28/'Finance Only'!B31)*100 -> 3.2930845 | DI28: =DJ27 -> 423530 | DJ28: 424380 | DK28: =MAX(0,DJ28-DI28) -> 850 | DL28: =DK28-DK27 -> -40 | DM28: =(DK28/'Finance Only'!B31)*100 -> 2.8273958 | DN28: =DO27 -> 245570 | DO28: 245950 | DP28: =MAX(0,DO28-DN28) -> 380 | DQ28: =DP28-DP27 -> -10 | DR28: =(DP28/'Finance Only'!B31)*100 -> 1.2640122 | DS28: =DT27 -> 74757 | DT28: 74897 | DU28: =MAX(0,DT28-DS28) -> 140 | DV28: =DU28-DU27 -> 5 | DW28: =(DU28/'Finance Only'!B31)*100 -> 0.46568872 | DX28: =DY27 -> 481940 | DY28: 482680 | DZ28: =MAX(0,DY28-DX28) -> 740 | EA28: =DZ28-DZ27 -> -70 | EB28: =(DZ28/'Finance Only'!B31)*100 -> 2.4614975 | EC28: =ED27 -> 154190 | ED28: 154430 | EE28: =MAX(0,ED28-EC28) -> 240 | EF28: =EE28-EE27 -> -40 | EG28: =(EE28/'Finance Only'!B31)*100 -> 0.79832352 | EH28: =EI27 -> 156420 | EI28: 156700 | EJ28: =MAX(0,EI28-EH28) -> 280 | EK28: =EJ28-EJ27 -> -60 | EL28: =(EJ28/'Finance Only'!B31)*100 -> 0.93137744 | EM28: =EN27 -> 285579 | EN28: 286130 | EO28: =MAX(0,EN28-EM28) -> 551 | EP28: =EO28-EO27 -> 32 | EQ28: =(EO28/'Finance Only'!B31)*100 -> 1.8328177 | ER28: =ES27 -> 0 | ET28: =MAX(0,ES28-ER28) -> 0 | EU28: =ET28-ET27 -> 0 | EV28: =(ET28/'Finance Only'!B31)*100 -> 0 | EW28: =EX27 -> 117370 | EX28: 121830 | EY28: =MAX(0,EX28-EW28) -> 4460 | EZ28: =EY28-EY27 -> 180 | FA28: =(EY28/'Finance Only'!G31)*100 -> 6656.7164 | FB28: =FC27 -> 801170 | FC28: 802550 | FD28: =MAX(0,FC28-FB28) -> 1380 | FE28: =FD28-FD27 -> -1740 | FF28: =(FD28/'Finance Only'!M31)*100 -> #DIV/0! | FH28: =SUM(E28+J28) -> 8731 | FJ28: =SUM(T28+Y28+DZ28+EE28+EJ28+EO28) -> 6920 | FL28: =SUM(AN28+AS28) -> 2780 | FN28: =SUM(AX28+BC28+BH28) -> 2300 | FP28: =SUM(BM28+BR28+ET28) -> 2460 | FR28: =SUM(EY28+FD28) -> 5840
A29: 25 | B29: ='Finance Only'!G32 -> 66 | C29: =D28 -> 26151186 | D29: 26154320 | E29: =MAX(0,D29-C29) -> 3134 | F29: =E29-E28 -> -22 | G29: =(E29/'Finance Only'!B32)*100 -> 10.645742 | H29: =I28 -> 23643529 | I29: 23649074 | J29: =MAX(0,I29-H29) -> 5545 | K29: =J29-J28 -> -30 | L29: =(J29/'Finance Only'!B32)*100 -> 18.835558 | M29: =N28 -> 88710533 | N29: 88724830 | O29: =MAX(0,N29-M29) -> 14297 | P29: =O29-O28 -> -567 | Q29: =(O29/'Finance Only'!B32)*100 -> 48.564829 | R29: =S28 -> 2416100 | S29: 2418100 | T29: =MAX(0,S29-R29) -> 2000 | U29: =T29-T28 -> 0 | V29: =(T29/'Finance Only'!B32)*100 -> 6.793709 | W29: =X28 -> 3314494 | X29: 3317605 | Y29: =MAX(0,X29-W29) -> 3111 | Z29: =Y29-Y28 -> 2 | AA29: =(Y29/'Finance Only'!B32)*100 -> 10.567614 | AB29: =AC28 -> 2076400 | AC29: 2078800 | AD29: =MAX(0,AC29-AB29) -> 2400 | AE29: =AD29-AD28 -> -400 | AF29: =(AD29/'Finance Only'!B32)*100 -> 8.1524508 | AG29: =AH28 -> 906277 | AH29: 907212 | AI29: =MAX(0,AH29-AG29) -> 935 | AJ29: =AI29-AI28 -> -41 | AK29: =(AI29/'Finance Only'!B32)*100 -> 3.176059 | AL29: =AM28 -> 911740 | AM29: 912410 | AN29: =MAX(0,AM29-AL29) -> 670 | AO29: =AN29-AN28 -> -110 | AP29: =(AN29/'Finance Only'!B32)*100 -> 2.2758925 | AQ29: =AR28 -> 2047400 | AR29: 2049500 | AS29: =MAX(0,AR29-AQ29) -> 2100 | AT29: =AS29-AS28 -> 100 | AU29: =(AS29/'Finance Only'!B32)*100 -> 7.1333945 | AV29: =AW28 -> 591894 | AW29: 592344 | AX29: =MAX(0,AW29-AV29) -> 450 | AY29: =AX29-AX28 -> -20 | AZ29: =(AX29/'Finance Only'!B32)*100 -> 1.5285845 | BA29: =BB28 -> 846930 | BB29: 847820 | BC29: =MAX(0,BB29-BA29) -> 890 | BD29: =BC29-BC28 -> -20 | BE29: =(BC29/'Finance Only'!B32)*100 -> 3.0232005 | BF29: =BG28 -> 932490 | BG29: 933390 | BH29: =MAX(0,BG29-BF29) -> 900 | BI29: =BH29-BH28 -> -20 | BJ29: =(BH29/'Finance Only'!B32)*100 -> 3.0571691 | BK29: =BL28 -> 1429500 | BL29: 1430100 | BM29: =MAX(0,BL29-BK29) -> 600 | BN29: =BM29-BM28 -> -100 | BO29: =(BM29/'Finance Only'!B32)*100 -> 2.0381127 | BP29: =BQ28 -> 952260 | BQ29: 954060 | BR29: =MAX(0,BQ29-BP29) -> 1800 | BS29: =BR29-BR28 -> 40 | BT29: =(BR29/'Finance Only'!B32)*100 -> 6.1143381 | BU29: =BV28 -> 4558000 | BV29: 4562700 | BW29: =MAX(0,BV29-BU29) -> 4700 | BX29: =BW29-BW28 -> -600 | BY29: =(BW29/'Finance Only'!B32)*100 -> 15.965216 | BZ29: =CA28 -> 745640 | CA29: 746920 | CB29: =MAX(0,CA29-BZ29) -> 1280 | CC29: =CB29-CB28 -> -30 | CD29: =(CB29/'Finance Only'!B32)*100 -> 4.3479738 | CE29: =CF28 -> 230160 | CF29: 230590 | CG29: =MAX(0,CF29-CE29) -> 430 | CH29: =CG29-CG28 -> -10 | CI29: =(CG29/'Finance Only'!B32)*100 -> 1.4606474 | CJ29: =CK28 -> 524260 | CK29: 525850 | CL29: =MAX(0,CK29-CJ29) -> 1590 | CM29: =CL29-CL28 -> -10 | CN29: =(CL29/'Finance Only'!B32)*100 -> 5.4009987 | CO29: =CP28 -> 426070 | CP29: 427090 | CQ29: =MAX(0,CP29-CO29) -> 1020 | CR29: =CQ29-CQ28 -> 30 | CS29: =(CQ29/'Finance Only'!B32)*100 -> 3.4647916 | CT29: =CU28 -> 359320 | CU29: 360230 | CV29: =MAX(0,CU29-CT29) -> 910 | CW29: =CV29-CV28 -> 110 | CX29: =(CV29/'Finance Only'!B32)*100 -> 3.0911376 | CY29: =CZ28 -> 619500 | CZ29: 620730 | DA29: =MAX(0,CZ29-CY29) -> 1230 | DB29: =DA29-DA28 -> -80 | DC29: =(DA29/'Finance Only'!B32)*100 -> 4.1781311 | DD29: =DE28 -> 466600 | DE29: 467630 | DF29: =MAX(0,DE29-DD29) -> 1030 | DG29: =DF29-DF28 -> 40 | DH29: =(DF29/'Finance Only'!B32)*100 -> 3.4987601 | DI29: =DJ28 -> 424380 | DJ29: 425150 | DK29: =MAX(0,DJ29-DI29) -> 770 | DL29: =DK29-DK28 -> -80 | DM29: =(DK29/'Finance Only'!B32)*100 -> 2.615578 | DN29: =DO28 -> 245950 | DO29: 246360 | DP29: =MAX(0,DO29-DN29) -> 410 | DQ29: =DP29-DP28 -> 30 | DR29: =(DP29/'Finance Only'!B32)*100 -> 1.3927104 | DS29: =DT28 -> 74897 | DT29: 75028 | DU29: =MAX(0,DT29-DS29) -> 131 | DV29: =DU29-DU28 -> -9 | DW29: =(DU29/'Finance Only'!B32)*100 -> 0.44498794 | DX29: =DY28 -> 482680 | DY29: 483470 | DZ29: =MAX(0,DY29-DX29) -> 790 | EA29: =DZ29-DZ28 -> 50 | EB29: =(DZ29/'Finance Only'!B32)*100 -> 2.6835151 | EC29: =ED28 -> 154430 | ED29: 154700 | EE29: =MAX(0,ED29-EC29) -> 270 | EF29: =EE29-EE28 -> 30 | EG29: =(EE29/'Finance Only'!B32)*100 -> 0.91715072 | EH29: =EI28 -> 156700 | EI29: 157080 | EJ29: =MAX(0,EI29-EH29) -> 380 | EK29: =EJ29-EJ28 -> 100 | EL29: =(EJ29/'Finance Only'!B32)*100 -> 1.2908047 | EM29: =EN28 -> 286130 | EN29: 286660 | EO29: =MAX(0,EN29-EM29) -> 530 | EP29: =EO29-EO28 -> -21 | EQ29: =(EO29/'Finance Only'!B32)*100 -> 1.8003329 | ER29: =ES28 -> 0 | ET29: =MAX(0,ES29-ER29) -> 0 | EU29: =ET29-ET28 -> 0 | EV29: =(ET29/'Finance Only'!B32)*100 -> 0 | EW29: =EX28 -> 121830 | EX29: 125910 | EY29: =MAX(0,EX29-EW29) -> 4080 | EZ29: =EY29-EY28 -> -380 | FA29: =(EY29/'Finance Only'!G32)*100 -> 6181.8182 | FB29: =FC28 -> 802550 | FC29: 804920 | FD29: =MAX(0,FC29-FB29) -> 2370 | FE29: =FD29-FD28 -> 990 | FF29: =(FD29/'Finance Only'!M32)*100 -> #DIV/0! | FH29: =SUM(E29+J29) -> 8679 | FJ29: =SUM(T29+Y29+DZ29+EE29+EJ29+EO29) -> 7081 | FL29: =SUM(AN29+AS29) -> 2770 | FN29: =SUM(AX29+BC29+BH29) -> 2240 | FP29: =SUM(BM29+BR29+ET29) -> 2400 | FR29: =SUM(EY29+FD29) -> 6450
A30: 26 | B30: ='Finance Only'!G33 -> 0 | C30: =D29 -> 26154320 | D30: 26157525 | E30: =MAX(0,D30-C30) -> 3205 | F30: =E30-E29 -> 71 | G30: =(E30/'Finance Only'!B33)*100 -> 11.191033 | H30: =I29 -> 23649074 | I30: 23654383 | J30: =MAX(0,I30-H30) -> 5309 | K30: =J30-J29 -> -236 | L30: =(J30/'Finance Only'!B33)*100 -> 18.537658 | M30: =N29 -> 88724830 | N30: 88738599 | O30: =MAX(0,N30-M30) -> 13769 | P30: =O30-O29 -> -528 | Q30: =(O30/'Finance Only'!B33)*100 -> 48.077796 | R30: =S29 -> 2418100 | S30: 2419800 | T30: =MAX(0,S30-R30) -> 1700 | U30: =T30-T29 -> -300 | V30: =(T30/'Finance Only'!B33)*100 -> 5.9359615 | W30: =X29 -> 3317605 | X30: 3320651 | Y30: =MAX(0,X30-W30) -> 3046 | Z30: =Y30-Y29 -> -65 | AA30: =(Y30/'Finance Only'!B33)*100 -> 10.635846 | AB30: =AC29 -> 2078800 | AC30: 2081200 | AD30: =MAX(0,AC30-AB30) -> 2400 | AE30: =AD30-AD29 -> 0 | AF30: =(AD30/'Finance Only'!B33)*100 -> 8.3801809 | AG30: =AH29 -> 907212 | AH30: 908138 | AI30: =MAX(0,AH30-AG30) -> 926 | AJ30: =AI30-AI29 -> -9 | AK30: =(AI30/'Finance Only'!B33)*100 -> 3.2333531 | AL30: =AM29 -> 912410 | AM30: 913130 | AN30: =MAX(0,AM30-AL30) -> 720 | AO30: =AN30-AN29 -> 50 | AP30: =(AN30/'Finance Only'!B33)*100 -> 2.5140543 | AQ30: =AR29 -> 2049500 | AR30: 2051700 | AS30: =MAX(0,AR30-AQ30) -> 2200 | AT30: =AS30-AS29 -> 100 | AU30: =(AS30/'Finance Only'!B33)*100 -> 7.6818325 | AV30: =AW29 -> 592344 | AW30: 592798 | AX30: =MAX(0,AW30-AV30) -> 454 | AY30: =AX30-AX29 -> 4 | AZ30: =(AX30/'Finance Only'!B33)*100 -> 1.5852509 | BA30: =BB29 -> 847820 | BB30: 848720 | BC30: =MAX(0,BB30-BA30) -> 900 | BD30: =BC30-BC29 -> 10 | BE30: =(BC30/'Finance Only'!B33)*100 -> 3.1425678 | BF30: =BG29 -> 933390 | BG30: 934250 | BH30: =MAX(0,BG30-BF30) -> 860 | BI30: =BH30-BH29 -> -40 | BJ30: =(BH30/'Finance Only'!B33)*100 -> 3.0028981 | BK30: =BL29 -> 1430100 | BL30: 1430700 | BM30: =MAX(0,BL30-BK30) -> 600 | BN30: =BM30-BM29 -> 0 | BO30: =(BM30/'Finance Only'!B33)*100 -> 2.0950452 | BP30: =BQ29 -> 954060 | BQ30: 955770 | BR30: =MAX(0,BQ30-BP30) -> 1710 | BS30: =BR30-BR29 -> -90 | BT30: =(BR30/'Finance Only'!B33)*100 -> 5.9708789 | BU30: =BV29 -> 4562700 | BV30: 4566900 | BW30: =MAX(0,BV30-BU30) -> 4200 | BX30: =BW30-BW29 -> -500 | BY30: =(BW30/'Finance Only'!B33)*100 -> 14.665317 | BZ30: =CA29 -> 746920 | CA30: 748200 | CB30: =MAX(0,CA30-BZ30) -> 1280 | CC30: =CB30-CB29 -> 0 | CD30: =(CB30/'Finance Only'!B33)*100 -> 4.4694298 | CE30: =CF29 -> 230590 | CF30: 231060 | CG30: =MAX(0,CF30-CE30) -> 470 | CH30: =CG30-CG29 -> 40 | CI30: =(CG30/'Finance Only'!B33)*100 -> 1.6411188 | CJ30: =CK29 -> 525850 | CK30: 527140 | CL30: =MAX(0,CK30-CJ30) -> 1290 | CM30: =CL30-CL29 -> -300 | CN30: =(CL30/'Finance Only'!B33)*100 -> 4.5043472 | CO30: =CP29 -> 427090 | CP30: 427990 | CQ30: =MAX(0,CP30-CO30) -> 900 | CR30: =CQ30-CQ29 -> -120 | CS30: =(CQ30/'Finance Only'!B33)*100 -> 3.1425678 | CT30: =CU29 -> 360230 | CU30: 361200 | CV30: =MAX(0,CU30-CT30) -> 970 | CW30: =CV30-CV29 -> 60 | CX30: =(CV30/'Finance Only'!B33)*100 -> 3.3869898 | CY30: =CZ29 -> 620730 | CZ30: 621800 | DA30: =MAX(0,CZ30-CY30) -> 1070 | DB30: =DA30-DA29 -> -160 | DC30: =(DA30/'Finance Only'!B33)*100 -> 3.736164 | DD30: =DE29 -> 467630 | DE30: 468630 | DF30: =MAX(0,DE30-DD30) -> 1000 | DG30: =DF30-DF29 -> -30 | DH30: =(DF30/'Finance Only'!B33)*100 -> 3.491742 | DI30: =DJ29 -> 425150 | DJ30: 425890 | DK30: =MAX(0,DJ30-DI30) -> 740 | DL30: =DK30-DK29 -> -30 | DM30: =(DK30/'Finance Only'!B33)*100 -> 2.5838891 | DN30: =DO29 -> 246360 | DO30: 246720 | DP30: =MAX(0,DO30-DN30) -> 360 | DQ30: =DP30-DP29 -> -50 | DR30: =(DP30/'Finance Only'!B33)*100 -> 1.2570271 | DS30: =DT29 -> 75028 | DT30: 75182 | DU30: =MAX(0,DT30-DS30) -> 154 | DV30: =DU30-DU29 -> 23 | DW30: =(DU30/'Finance Only'!B33)*100 -> 0.53772827 | DX30: =DY29 -> 483470 | DY30: 484270 | DZ30: =MAX(0,DY30-DX30) -> 800 | EA30: =DZ30-DZ29 -> 10 | EB30: =(DZ30/'Finance Only'!B33)*100 -> 2.7933936 | EC30: =ED29 -> 154700 | ED30: 154980 | EE30: =MAX(0,ED30-EC30) -> 280 | EF30: =EE30-EE29 -> 10 | EG30: =(EE30/'Finance Only'!B33)*100 -> 0.97768777 | EH30: =EI29 -> 157080 | EI30: 157450 | EJ30: =MAX(0,EI30-EH30) -> 370 | EK30: =EJ30-EJ29 -> -10 | EL30: =(EJ30/'Finance Only'!B33)*100 -> 1.2919446 | EM30: =EN29 -> 286660 | EN30: 287210 | EO30: =MAX(0,EN30-EM30) -> 550 | EP30: =EO30-EO29 -> 20 | EQ30: =(EO30/'Finance Only'!B33)*100 -> 1.9204581 | ER30: =ES29 -> 0 | ET30: =MAX(0,ES30-ER30) -> 0 | EU30: =ET30-ET29 -> 0 | EV30: =(ET30/'Finance Only'!B33)*100 -> 0 | EW30: =EX29 -> 125910 | EX30: 130380 | EY30: =MAX(0,EX30-EW30) -> 4470 | EZ30: =EY30-EY29 -> 390 | FA30: =(EY30/'Finance Only'!G33)*100 -> #DIV/0! | FB30: =FC29 -> 804920 | FC30: 806850 | FD30: =MAX(0,FC30-FB30) -> 1930 | FE30: =FD30-FD29 -> -440 | FF30: =(FD30/'Finance Only'!M33)*100 -> #DIV/0! | FH30: =SUM(E30+J30) -> 8514 | FJ30: =SUM(T30+Y30+DZ30+EE30+EJ30+EO30) -> 6746 | FL30: =SUM(AN30+AS30) -> 2920 | FN30: =SUM(AX30+BC30+BH30) -> 2214 | FP30: =SUM(BM30+BR30+ET30) -> 2310 | FR30: =SUM(EY30+FD30) -> 6400
A31: 27 | B31: ='Finance Only'!G34 -> 0 | C31: =D30 -> 26157525 | D31: 26160754 | E31: =MAX(0,D31-C31) -> 3229 | F31: =E31-E30 -> 24 | G31: =(E31/'Finance Only'!B34)*100 -> 8.8857701 | H31: =I30 -> 23654383 | I31: 23659812 | J31: =MAX(0,I31-H31) -> 5429 | K31: =J31-J30 -> 120 | L31: =(J31/'Finance Only'!B34)*100 -> 14.939872 | M31: =N30 -> 88738599 | N31: 88752534 | O31: =MAX(0,N31-M31) -> 13935 | P31: =O31-O30 -> 166 | Q31: =(O31/'Finance Only'!B34)*100 -> 38.34723 | R31: =S30 -> 2419800 | S31: 2421600 | T31: =MAX(0,S31-R31) -> 1800 | U31: =T31-T30 -> 100 | V31: =(T31/'Finance Only'!B34)*100 -> 4.9533559 | W31: =X30 -> 3320651 | X31: 3323673 | Y31: =MAX(0,X31-W31) -> 3022 | Z31: =Y31-Y30 -> -24 | AA31: =(Y31/'Finance Only'!B34)*100 -> 8.3161342 | AB31: =AC30 -> 2081200 | AC31: 2083500 | AD31: =MAX(0,AC31-AB31) -> 2300 | AE31: =AD31-AD30 -> -100 | AF31: =(AD31/'Finance Only'!B34)*100 -> 6.3292881 | AG31: =AH30 -> 908138 | AH31: 909028 | AI31: =MAX(0,AH31-AG31) -> 890 | AJ31: =AI31-AI30 -> -36 | AK31: =(AI31/'Finance Only'!B34)*100 -> 2.4491593 | AL31: =AM30 -> 913130 | AM31: 913820 | AN31: =MAX(0,AM31-AL31) -> 690 | AO31: =AN31-AN30 -> -30 | AP31: =(AN31/'Finance Only'!B34)*100 -> 1.8987864 | AQ31: =AR30 -> 2051700 | AR31: 2054200 | AS31: =MAX(0,AR31-AQ31) -> 2500 | AT31: =AS31-AS30 -> 300 | AU31: =(AS31/'Finance Only'!B34)*100 -> 6.879661 | AV31: =AW30 -> 592798 | AW31: 593264 | AX31: =MAX(0,AW31-AV31) -> 466 | AY31: =AX31-AX30 -> 12 | AZ31: =(AX31/'Finance Only'!B34)*100 -> 1.2823688 | BA31: =BB30 -> 848720 | BB31: 849650 | BC31: =MAX(0,BB31-BA31) -> 930 | BD31: =BC31-BC30 -> 30 | BE31: =(BC31/'Finance Only'!B34)*100 -> 2.5592339 | BF31: =BG30 -> 934250 | BG31: 935140 | BH31: =MAX(0,BG31-BF31) -> 890 | BI31: =BH31-BH30 -> 30 | BJ31: =(BH31/'Finance Only'!B34)*100 -> 2.4491593 | BK31: =BL30 -> 1430700 | BL31: 1431300 | BM31: =MAX(0,BL31-BK31) -> 600 | BN31: =BM31-BM30 -> 0 | BO31: =(BM31/'Finance Only'!B34)*100 -> 1.6511186 | BP31: =BQ30 -> 955770 | BQ31: 957500 | BR31: =MAX(0,BQ31-BP31) -> 1730 | BS31: =BR31-BR30 -> 20 | BT31: =(BR31/'Finance Only'!B34)*100 -> 4.7607254 | BU31: =BV30 -> 4566900 | BV31: 4571200 | BW31: =MAX(0,BV31-BU31) -> 4300 | BX31: =BW31-BW30 -> 100 | BY31: =(BW31/'Finance Only'!B34)*100 -> 11.833017 | BZ31: =CA30 -> 748200 | CA31: 749480 | CB31: =MAX(0,CA31-BZ31) -> 1280 | CC31: =CB31-CB30 -> 0 | CD31: =(CB31/'Finance Only'!B34)*100 -> 3.5223864 | CE31: =CF30 -> 231060 | CF31: 231500 | CG31: =MAX(0,CF31-CE31) -> 440 | CH31: =CG31-CG30 -> -30 | CI31: =(CG31/'Finance Only'!B34)*100 -> 1.2108203 | CJ31: =CK30 -> 527140 | CK31: 528840 | CL31: =MAX(0,CK31-CJ31) -> 1700 | CM31: =CL31-CL30 -> 410 | CN31: =(CL31/'Finance Only'!B34)*100 -> 4.6781695 | CO31: =CP30 -> 427990 | CP31: 428960 | CQ31: =MAX(0,CP31-CO31) -> 970 | CR31: =CQ31-CQ30 -> 70 | CS31: =(CQ31/'Finance Only'!B34)*100 -> 2.6693085 | CT31: =CU30 -> 361200 | CU31: 362150 | CV31: =MAX(0,CU31-CT31) -> 950 | CW31: =CV31-CV30 -> -20 | CX31: =(CV31/'Finance Only'!B34)*100 -> 2.6142712 | CY31: =CZ30 -> 621800 | CZ31: 622860 | DA31: =MAX(0,CZ31-CY31) -> 1060 | DB31: =DA31-DA30 -> -10 | DC31: =(DA31/'Finance Only'!B34)*100 -> 2.9169763 | DD31: =DE30 -> 468630 | DE31: 469570 | DF31: =MAX(0,DE31-DD31) -> 940 | DG31: =DF31-DF30 -> -60 | DH31: =(DF31/'Finance Only'!B34)*100 -> 2.5867525 | DI31: =DJ30 -> 425890 | DJ31: 426650 | DK31: =MAX(0,DJ31-DI31) -> 760 | DL31: =DK31-DK30 -> 20 | DM31: =(DK31/'Finance Only'!B34)*100 -> 2.0914169 | DN31: =DO30 -> 246720 | DO31: 247110 | DP31: =MAX(0,DO31-DN31) -> 390 | DQ31: =DP31-DP30 -> 30 | DR31: =(DP31/'Finance Only'!B34)*100 -> 1.0732271 | DS31: =DT30 -> 75182 | DT31: 75329 | DU31: =MAX(0,DT31-DS31) -> 147 | DV31: =DU31-DU30 -> -7 | DW31: =(DU31/'Finance Only'!B34)*100 -> 0.40452407 | DX31: =DY30 -> 484270 | DY31: 485070 | DZ31: =MAX(0,DY31-DX31) -> 800 | EA31: =DZ31-DZ30 -> 0 | EB31: =(DZ31/'Finance Only'!B34)*100 -> 2.2014915 | EC31: =ED30 -> 154980 | ED31: 155270 | EE31: =MAX(0,ED31-EC31) -> 290 | EF31: =EE31-EE30 -> 10 | EG31: =(EE31/'Finance Only'!B34)*100 -> 0.79804067 | EH31: =EI30 -> 157450 | EI31: 157810 | EJ31: =MAX(0,EI31-EH31) -> 360 | EK31: =EJ31-EJ30 -> -10 | EL31: =(EJ31/'Finance Only'!B34)*100 -> 0.99067118 | EM31: =EN30 -> 287210 | EN31: 287740 | EO31: =MAX(0,EN31-EM31) -> 530 | EP31: =EO31-EO30 -> -20 | EQ31: =(EO31/'Finance Only'!B34)*100 -> 1.4584881 | ER31: =ES30 -> 0 | ET31: =MAX(0,ES31-ER31) -> 0 | EU31: =ET31-ET30 -> 0 | EV31: =(ET31/'Finance Only'!B34)*100 -> 0 | EW31: =EX30 -> 130380 | EX31: 135160 | EY31: =MAX(0,EX31-EW31) -> 4780 | EZ31: =EY31-EY30 -> 310 | FA31: =(EY31/'Finance Only'!G34)*100 -> #DIV/0! | FB31: =FC30 -> 806850 | FC31: 808670 | FD31: =MAX(0,FC31-FB31) -> 1820 | FE31: =FD31-FD30 -> -110 | FF31: =(FD31/'Finance Only'!M34)*100 -> #DIV/0! | FH31: =SUM(E31+J31) -> 8658 | FJ31: =SUM(T31+Y31+DZ31+EE31+EJ31+EO31) -> 6802 | FL31: =SUM(AN31+AS31) -> 3190 | FN31: =SUM(AX31+BC31+BH31) -> 2286 | FP31: =SUM(BM31+BR31+ET31) -> 2330 | FR31: =SUM(EY31+FD31) -> 6600
A32: 28 | B32: ='Finance Only'!G35 -> 0 | C32: =D31 -> 26160754 | D32: 26164011 | E32: =MAX(0,D32-C32) -> 3257 | F32: =E32-E31 -> 28 | G32: =(E32/'Finance Only'!B35)*100 -> 10.713463 | H32: =I31 -> 23659812 | I32: 23665129 | J32: =MAX(0,I32-H32) -> 5317 | K32: =J32-J31 -> -112 | L32: =(J32/'Finance Only'!B35)*100 -> 17.489556 | M32: =N31 -> 88752534 | N32: 88766679 | O32: =MAX(0,N32-M32) -> 14145 | P32: =O32-O31 -> 210 | Q32: =(O32/'Finance Only'!B35)*100 -> 46.528075 | R32: =S31 -> 2421600 | S32: 2423500 | T32: =MAX(0,S32-R32) -> 1900 | U32: =T32-T31 -> 100 | V32: =(T32/'Finance Only'!B35)*100 -> 6.2497944 | W32: =X31 -> 3323673 | X32: 3326751 | Y32: =MAX(0,X32-W32) -> 3078 | Z32: =Y32-Y31 -> 56 | AA32: =(Y32/'Finance Only'!B35)*100 -> 10.124667 | AB32: =AC31 -> 2083500 | AC32: 2085900 | AD32: =MAX(0,AC32-AB32) -> 2400 | AE32: =AD32-AD31 -> 100 | AF32: =(AD32/'Finance Only'!B35)*100 -> 7.8944772 | AG32: =AH31 -> 909028 | AH32: 909917 | AI32: =MAX(0,AH32-AG32) -> 889 | AJ32: =AI32-AI31 -> -1 | AK32: =(AI32/'Finance Only'!B35)*100 -> 2.9242459 | AL32: =AM31 -> 913820 | AM32: 914520 | AN32: =MAX(0,AM32-AL32) -> 700 | AO32: =AN32-AN31 -> 10 | AP32: =(AN32/'Finance Only'!B35)*100 -> 2.3025558 | AQ32: =AR31 -> 2054200 | AR32: 2056800 | AS32: =MAX(0,AR32-AQ32) -> 2600 | AT32: =AS32-AS31 -> 100 | AU32: =(AS32/'Finance Only'!B35)*100 -> 8.5523503 | AV32: =AW31 -> 593264 | AW32: 593735 | AX32: =MAX(0,AW32-AV32) -> 471 | AY32: =AX32-AX31 -> 5 | AZ32: =(AX32/'Finance Only'!B35)*100 -> 1.5492911 | BA32: =BB31 -> 849650 | BB32: 850540 | BC32: =MAX(0,BB32-BA32) -> 890 | BD32: =BC32-BC31 -> -40 | BE32: =(BC32/'Finance Only'!B35)*100 -> 2.9275353 | BF32: =BG31 -> 935140 | BG32: 936050 | BH32: =MAX(0,BG32-BF32) -> 910 | BI32: =BH32-BH31 -> 20 | BJ32: =(BH32/'Finance Only'!B35)*100 -> 2.9933226 | BK32: =BL31 -> 1431300 | BL32: 1431900 | BM32: =MAX(0,BL32-BK32) -> 600 | BN32: =BM32-BM31 -> 0 | BO32: =(BM32/'Finance Only'!B35)*100 -> 1.9736193 | BP32: =BQ31 -> 957500 | BQ32: 959100 | BR32: =MAX(0,BQ32-BP32) -> 1600 | BS32: =BR32-BR31 -> -130 | BT32: =(BR32/'Finance Only'!B35)*100 -> 5.2629848 | BU32: =BV31 -> 4571200 | BV32: 4575800 | BW32: =MAX(0,BV32-BU32) -> 4600 | BX32: =BW32-BW31 -> 300 | BY32: =(BW32/'Finance Only'!B35)*100 -> 15.131081 | BZ32: =CA31 -> 749480 | CA32: 750800 | CB32: =MAX(0,CA32-BZ32) -> 1320 | CC32: =CB32-CB31 -> 40 | CD32: =(CB32/'Finance Only'!B35)*100 -> 4.3419624 | CE32: =CF31 -> 231500 | CF32: 231980 | CG32: =MAX(0,CF32-CE32) -> 480 | CH32: =CG32-CG31 -> 40 | CI32: =(CG32/'Finance Only'!B35)*100 -> 1.5788954 | CJ32: =CK31 -> 528840 | CK32: 529710 | CL32: =MAX(0,CK32-CJ32) -> 870 | CM32: =CL32-CL31 -> -830 | CN32: =(CL32/'Finance Only'!B35)*100 -> 2.861748 | CO32: =CP31 -> 428960 | CP32: 429820 | CQ32: =MAX(0,CP32-CO32) -> 860 | CR32: =CQ32-CQ31 -> -110 | CS32: =(CQ32/'Finance Only'!B35)*100 -> 2.8288543 | CT32: =CU31 -> 362150 | CU32: 362960 | CV32: =MAX(0,CU32-CT32) -> 810 | CW32: =CV32-CV31 -> -140 | CX32: =(CV32/'Finance Only'!B35)*100 -> 2.664386 | CY32: =CZ31 -> 622860 | CZ32: 624010 | DA32: =MAX(0,CZ32-CY32) -> 1150 | DB32: =DA32-DA31 -> 90 | DC32: =(DA32/'Finance Only'!B35)*100 -> 3.7827703 | DD32: =DE31 -> 469570 | DE32: 470060 | DF32: =MAX(0,DE32-DD32) -> 490 | DG32: =DF32-DF31 -> -450 | DH32: =(DF32/'Finance Only'!B35)*100 -> 1.6117891 | DI32: =DJ31 -> 426650 | DJ32: 427150 | DK32: =MAX(0,DJ32-DI32) -> 500 | DL32: =DK32-DK31 -> -260 | DM32: =(DK32/'Finance Only'!B35)*100 -> 1.6446827 | DN32: =DO31 -> 247110 | DO32: 247440 | DP32: =MAX(0,DO32-DN32) -> 330 | DQ32: =DP32-DP31 -> -60 | DR32: =(DP32/'Finance Only'!B35)*100 -> 1.0854906 | DS32: =DT31 -> 75329 | DT32: 75481 | DU32: =MAX(0,DT32-DS32) -> 152 | DV32: =DU32-DU31 -> 5 | DW32: =(DU32/'Finance Only'!B35)*100 -> 0.49998355 | DX32: =DY31 -> 485070 | DY32: 485070 | DZ32: =MAX(0,DY32-DX32) -> 0 | EA32: =DZ32-DZ31 -> -800 | EB32: =(DZ32/'Finance Only'!B35)*100 -> 0 | EC32: =ED31 -> 155270 | ED32: 155610 | EE32: =MAX(0,ED32-EC32) -> 340 | EF32: =EE32-EE31 -> 50 | EG32: =(EE32/'Finance Only'!B35)*100 -> 1.1183843 | EH32: =EI31 -> 157810 | EI32: 158020 | EJ32: =MAX(0,EI32-EH32) -> 210 | EK32: =EJ32-EJ31 -> -150 | EL32: =(EJ32/'Finance Only'!B35)*100 -> 0.69076675 | EM32: =EN31 -> 287740 | EN32: 288230 | EO32: =MAX(0,EN32-EM32) -> 490 | EP32: =EO32-EO31 -> -40 | EQ32: =(EO32/'Finance Only'!B35)*100 -> 1.6117891 | ER32: =ES31 -> 0 | ET32: =MAX(0,ES32-ER32) -> 0 | EU32: =ET32-ET31 -> 0 | EV32: =(ET32/'Finance Only'!B35)*100 -> 0 | EW32: =EX31 -> 135160 | EX32: 139100 | EY32: =MAX(0,EX32-EW32) -> 3940 | EZ32: =EY32-EY31 -> -840 | FA32: =(EY32/'Finance Only'!G35)*100 -> #DIV/0! | FB32: =FC31 -> 808670 | FC32: 811090 | FD32: =MAX(0,FC32-FB32) -> 2420 | FE32: =FD32-FD31 -> 600 | FF32: =(FD32/'Finance Only'!M35)*100 -> #DIV/0! | FH32: =SUM(E32+J32) -> 8574 | FJ32: =SUM(T32+Y32+DZ32+EE32+EJ32+EO32) -> 6018 | FL32: =SUM(AN32+AS32) -> 3300 | FN32: =SUM(AX32+BC32+BH32) -> 2271 | FP32: =SUM(BM32+BR32+ET32) -> 2200 | FR32: =SUM(EY32+FD32) -> 6360
A33: 29 | B33: ='Finance Only'!G36 -> 0 | C33: =D32 -> 26164011 | D33: 26167150 | E33: =MAX(0,D33-C33) -> 3139 | F33: =E33-E32 -> -118 | G33: =(E33/'Finance Only'!B36)*100 -> 14.373369 | H33: =I32 -> 23665129 | I33: 23670711 | J33: =MAX(0,I33-H33) -> 5582 | K33: =J33-J32 -> 265 | L33: =(J33/'Finance Only'!B36)*100 -> 25.559778 | M33: =N32 -> 88766679 | N33: 88781134 | O33: =MAX(0,N33-M33) -> 14455 | P33: =O33-O32 -> 310 | Q33: =(O33/'Finance Only'!B36)*100 -> 66.188928 | R33: =S32 -> 2423500 | S33: 2425400 | T33: =MAX(0,S33-R33) -> 1900 | U33: =T33-T32 -> 0 | V33: =(T33/'Finance Only'!B36)*100 -> 8.7000321 | W33: =X32 -> 3326751 | X33: 3329841 | Y33: =MAX(0,X33-W33) -> 3090 | Z33: =Y33-Y32 -> 12 | AA33: =(Y33/'Finance Only'!B36)*100 -> 14.148999 | AB33: =AC32 -> 2085900 | AC33: 2088300 | AD33: =MAX(0,AC33-AB33) -> 2400 | AE33: =AD33-AD32 -> 0 | AF33: =(AD33/'Finance Only'!B36)*100 -> 10.989514 | AG33: =AH32 -> 909917 | AH33: 910874 | AI33: =MAX(0,AH33-AG33) -> 957 | AJ33: =AI33-AI32 -> 68 | AK33: =(AI33/'Finance Only'!B36)*100 -> 4.3820688 | AL33: =AM32 -> 914520 | AM33: 915260 | AN33: =MAX(0,AM33-AL33) -> 740 | AO33: =AN33-AN32 -> 40 | AP33: =(AN33/'Finance Only'!B36)*100 -> 3.3884335 | AQ33: =AR32 -> 2056800 | AR33: 2059000 | AS33: =MAX(0,AR33-AQ33) -> 2200 | AT33: =AS33-AS32 -> -400 | AU33: =(AS33/'Finance Only'!B36)*100 -> 10.073721 | AV33: =AW32 -> 593735 | AW33: 594179 | AX33: =MAX(0,AW33-AV33) -> 444 | AY33: =AX33-AX32 -> -27 | AZ33: =(AX33/'Finance Only'!B36)*100 -> 2.0330601 | BA33: =BB32 -> 850540 | BB33: 851480 | BC33: =MAX(0,BB33-BA33) -> 940 | BD33: =BC33-BC32 -> 50 | BE33: =(BC33/'Finance Only'!B36)*100 -> 4.3042264 | BF33: =BG32 -> 936050 | BG33: 936970 | BH33: =MAX(0,BG33-BF33) -> 920 | BI33: =BH33-BH32 -> 10 | BJ33: =(BH33/'Finance Only'!B36)*100 -> 4.2126471 | BK33: =BL32 -> 1431900 | BL33: 1432600 | BM33: =MAX(0,BL33-BK33) -> 700 | BN33: =BM33-BM32 -> 100 | BO33: =(BM33/'Finance Only'!B36)*100 -> 3.205275 | BP33: =BQ32 -> 959100 | BQ33: 960870 | BR33: =MAX(0,BQ33-BP33) -> 1770 | BS33: =BR33-BR32 -> 170 | BT33: =(BR33/'Finance Only'!B36)*100 -> 8.1047667 | BU33: =BV32 -> 4575800 | BV33: 4580500 | BW33: =MAX(0,BV33-BU33) -> 4700 | BX33: =BW33-BW32 -> 100 | BY33: =(BW33/'Finance Only'!B36)*100 -> 21.521132 | BZ33: =CA32 -> 750800 | CA33: 752090 | CB33: =MAX(0,CA33-BZ33) -> 1290 | CC33: =CB33-CB32 -> -30 | CD33: =(CB33/'Finance Only'!B36)*100 -> 5.9068639 | CE33: =CF32 -> 231980 | CF33: 232390 | CG33: =MAX(0,CF33-CE33) -> 410 | CH33: =CG33-CG32 -> -70 | CI33: =(CG33/'Finance Only'!B36)*100 -> 1.8773753 | CJ33: =CK32 -> 529710 | CK33: 531730 | CL33: =MAX(0,CK33-CJ33) -> 2020 | CM33: =CL33-CL32 -> 1150 | CN33: =(CL33/'Finance Only'!B36)*100 -> 9.2495078 | CO33: =CP32 -> 429820 | CP33: 430790 | CQ33: =MAX(0,CP33-CO33) -> 970 | CR33: =CQ33-CQ32 -> 110 | CS33: =(CQ33/'Finance Only'!B36)*100 -> 4.4415953 | CT33: =CU32 -> 362960 | CU33: 363970 | CV33: =MAX(0,CU33-CT33) -> 1010 | CW33: =CV33-CV32 -> 200 | CX33: =(CV33/'Finance Only'!B36)*100 -> 4.6247539 | CY33: =CZ32 -> 624010 | CZ33: 625040 | DA33: =MAX(0,CZ33-CY33) -> 1030 | DB33: =DA33-DA32 -> -120 | DC33: =(DA33/'Finance Only'!B36)*100 -> 4.7163332 | DD33: =DE32 -> 470060 | DE33: 471600 | DF33: =MAX(0,DE33-DD33) -> 1540 | DG33: =DF33-DF32 -> 1050 | DH33: =(DF33/'Finance Only'!B36)*100 -> 7.0516049 | DI33: =DJ32 -> 427150 | DJ33: 428340 | DK33: =MAX(0,DJ33-DI33) -> 1190 | DL33: =DK33-DK32 -> 690 | DM33: =(DK33/'Finance Only'!B36)*100 -> 5.4489674 | DN33: =DO32 -> 247440 | DO33: 247900 | DP33: =MAX(0,DO33-DN33) -> 460 | DQ33: =DP33-DP32 -> 130 | DR33: =(DP33/'Finance Only'!B36)*100 -> 2.1063235 | DS33: =DT32 -> 75481 | DT33: 75616 | DU33: =MAX(0,DT33-DS33) -> 135 | DV33: =DU33-DU32 -> -17 | DW33: =(DU33/'Finance Only'!B36)*100 -> 0.61816017 | DX33: =DY32 -> 485070 | DY33: 485640 | DZ33: =MAX(0,DY33-DX33) -> 570 | EA33: =DZ33-DZ32 -> 570 | EB33: =(DZ33/'Finance Only'!B36)*100 -> 2.6100096 | EC33: =ED32 -> 155610 | ED33: 155880 | EE33: =MAX(0,ED33-EC33) -> 270 | EF33: =EE33-EE32 -> -70 | EG33: =(EE33/'Finance Only'!B36)*100 -> 1.2363203 | EH33: =EI32 -> 158020 | EI33: 158380 | EJ33: =MAX(0,EI33-EH33) -> 360 | EK33: =EJ33-EJ32 -> 150 | EL33: =(EJ33/'Finance Only'!B36)*100 -> 1.6484271 | EM33: =EN32 -> 288230 | EN33: 288830 | EO33: =MAX(0,EN33-EM33) -> 600 | EP33: =EO33-EO32 -> 110 | EQ33: =(EO33/'Finance Only'!B36)*100 -> 2.7473785 | ER33: =ES32 -> 0 | ET33: =MAX(0,ES33-ER33) -> 0 | EU33: =ET33-ET32 -> 0 | EV33: =(ET33/'Finance Only'!B36)*100 -> 0 | EW33: =EX32 -> 139100 | EX33: 1427600 | EY33: =MAX(0,EX33-EW33) -> 1288500 | EZ33: =EY33-EY32 -> 1284560 | FA33: =(EY33/'Finance Only'!G36)*100 -> #DIV/0! | FB33: =FC32 -> 811090 | FC33: 813600 | FD33: =MAX(0,FC33-FB33) -> 2510 | FE33: =FD33-FD32 -> 90 | FF33: =(FD33/'Finance Only'!M36)*100 -> #DIV/0! | FH33: =SUM(E33+J33) -> 8721 | FJ33: =SUM(T33+Y33+DZ33+EE33+EJ33+EO33) -> 6790 | FL33: =SUM(AN33+AS33) -> 2940 | FN33: =SUM(AX33+BC33+BH33) -> 2304 | FP33: =SUM(BM33+BR33+ET33) -> 2470 | FR33: =SUM(EY33+FD33) -> 1291010
A34: 30 | B34: ='Finance Only'!G37 -> 0 | C34: =D33 -> 26167150 | E34: =MAX(0,D34-C34) -> 0 | F34: =E34-E33 -> -3139 | G34: =(E34/'Finance Only'!B37)*100 -> #DIV/0! | H34: =I33 -> 23670711 | J34: =MAX(0,I34-H34) -> 0 | K34: =J34-J33 -> -5582 | L34: =(J34/'Finance Only'!B37)*100 -> #DIV/0! | M34: =N33 -> 88781134 | O34: =MAX(0,N34-M34) -> 0 | P34: =O34-O33 -> -14455 | Q34: =(O34/'Finance Only'!B37)*100 -> #DIV/0! | R34: =S33 -> 2425400 | T34: =MAX(0,S34-R34) -> 0 | U34: =T34-T33 -> -1900 | V34: =(T34/'Finance Only'!B37)*100 -> #DIV/0! | W34: =X33 -> 3329841 | Y34: =MAX(0,X34-W34) -> 0 | Z34: =Y34-Y33 -> -3090 | AA34: =(Y34/'Finance Only'!B37)*100 -> #DIV/0! | AB34: =AC33 -> 2088300 | AD34: =MAX(0,AC34-AB34) -> 0 | AE34: =AD34-AD33 -> -2400 | AF34: =(AD34/'Finance Only'!B37)*100 -> #DIV/0! | AG34: =AH33 -> 910874 | AI34: =MAX(0,AH34-AG34) -> 0 | AJ34: =AI34-AI33 -> -957 | AK34: =(AI34/'Finance Only'!B37)*100 -> #DIV/0! | AL34: =AM33 -> 915260 | AN34: =MAX(0,AM34-AL34) -> 0 | AO34: =AN34-AN33 -> -740 | AP34: =(AN34/'Finance Only'!B37)*100 -> #DIV/0! | AQ34: =AR33 -> 2059000 | AS34: =MAX(0,AR34-AQ34) -> 0 | AT34: =AS34-AS33 -> -2200 | AU34: =(AS34/'Finance Only'!B37)*100 -> #DIV/0! | AV34: =AW33 -> 594179 | AX34: =MAX(0,AW34-AV34) -> 0 | AY34: =AX34-AX33 -> -444 | AZ34: =(AX34/'Finance Only'!B37)*100 -> #DIV/0! | BA34: =BB33 -> 851480 | BC34: =MAX(0,BB34-BA34) -> 0 | BD34: =BC34-BC33 -> -940 | BE34: =(BC34/'Finance Only'!B37)*100 -> #DIV/0! | BF34: =BG33 -> 936970 | BH34: =MAX(0,BG34-BF34) -> 0 | BI34: =BH34-BH33 -> -920 | BJ34: =(BH34/'Finance Only'!B37)*100 -> #DIV/0! | BK34: =BL33 -> 1432600 | BL34: 1432600 | BM34: =MAX(0,BL34-BK34) -> 0 | BN34: =BM34-BM33 -> -700 | BO34: =(BM34/'Finance Only'!B37)*100 -> #DIV/0! | BP34: =BQ33 -> 960870 | BR34: =MAX(0,BQ34-BP34) -> 0 | BS34: =BR34-BR33 -> -1770 | BT34: =(BR34/'Finance Only'!B37)*100 -> #DIV/0! | BU34: =BV33 -> 4580500 | BW34: =MAX(0,BV34-BU34) -> 0 | BX34: =BW34-BW33 -> -4700 | BY34: =(BW34/'Finance Only'!B37)*100 -> #DIV/0! | BZ34: =CA33 -> 752090 | CB34: =MAX(0,CA34-BZ34) -> 0 | CC34: =CB34-CB33 -> -1290 | CD34: =(CB34/'Finance Only'!B37)*100 -> #DIV/0! | CE34: =CF33 -> 232390 | CG34: =MAX(0,CF34-CE34) -> 0 | CH34: =CG34-CG33 -> -410 | CI34: =(CG34/'Finance Only'!B37)*100 -> #DIV/0! | CJ34: =CK33 -> 531730 | CL34: =MAX(0,CK34-CJ34) -> 0 | CM34: =CL34-CL33 -> -2020 | CN34: =(CL34/'Finance Only'!B37)*100 -> #DIV/0! | CO34: =CP33 -> 430790 | CQ34: =MAX(0,CP34-CO34) -> 0 | CR34: =CQ34-CQ33 -> -970 | CS34: =(CQ34/'Finance Only'!B37)*100 -> #DIV/0! | CT34: =CU33 -> 363970 | CV34: =MAX(0,CU34-CT34) -> 0 | CW34: =CV34-CV33 -> -1010 | CX34: =(CV34/'Finance Only'!B37)*100 -> #DIV/0! | CY34: =CZ33 -> 625040 | DA34: =MAX(0,CZ34-CY34) -> 0 | DB34: =DA34-DA33 -> -1030 | DC34: =(DA34/'Finance Only'!B37)*100 -> #DIV/0! | DD34: =DE33 -> 471600 | DF34: =MAX(0,DE34-DD34) -> 0 | DG34: =DF34-DF33 -> -1540 | DH34: =(DF34/'Finance Only'!B37)*100 -> #DIV/0! | DI34: =DJ33 -> 428340 | DK34: =MAX(0,DJ34-DI34) -> 0 | DL34: =DK34-DK33 -> -1190 | DM34: =(DK34/'Finance Only'!B37)*100 -> #DIV/0! | DN34: =DO33 -> 247900 | DP34: =MAX(0,DO34-DN34) -> 0 | DQ34: =DP34-DP33 -> -460 | DR34: =(DP34/'Finance Only'!B37)*100 -> #DIV/0! | DS34: =DT33 -> 75616 | DU34: =MAX(0,DT34-DS34) -> 0 | DV34: =DU34-DU33 -> -135 | DW34: =(DU34/'Finance Only'!B37)*100 -> #DIV/0! | DX34: =DY33 -> 485640 | DY34: 486750 | DZ34: =MAX(0,DY34-DX34) -> 1110 | EA34: =DZ34-DZ33 -> 540 | EB34: =(DZ34/'Finance Only'!B37)*100 -> #DIV/0! | EC34: =ED33 -> 155880 | EE34: =MAX(0,ED34-EC34) -> 0 | EF34: =EE34-EE33 -> -270 | EG34: =(EE34/'Finance Only'!B37)*100 -> #DIV/0! | EH34: =EI33 -> 158380 | EJ34: =MAX(0,EI34-EH34) -> 0 | EK34: =EJ34-EJ33 -> -360 | EL34: =(EJ34/'Finance Only'!B37)*100 -> #DIV/0! | EM34: =EN33 -> 288830 | EO34: =MAX(0,EN34-EM34) -> 0 | EP34: =EO34-EO33 -> -600 | EQ34: =(EO34/'Finance Only'!B37)*100 -> #DIV/0! | ER34: =ES33 -> 0 | ET34: =MAX(0,ES34-ER34) -> 0 | EU34: =ET34-ET33 -> 0 | EV34: =(ET34/'Finance Only'!B37)*100 -> #DIV/0! | EW34: =EX33 -> 1427600 | EY34: =MAX(0,EX34-EW34) -> 0 | EZ34: =EY34-EY33 -> -1288500 | FA34: =(EY34/'Finance Only'!G37)*100 -> #DIV/0! | FB34: =FC33 -> 813600 | FD34: =MAX(0,FC34-FB34) -> 0 | FE34: =FD34-FD33 -> -2510 | FF34: =(FD34/'Finance Only'!M37)*100 -> #DIV/0! | FH34: =SUM(E34+J34) -> 0 | FJ34: =SUM(T34+Y34+DZ34+EE34+EJ34+EO34) -> 1110 | FL34: =SUM(AN34+AS34) -> 0 | FN34: =SUM(AX34+BC34+BH34) -> 0 | FP34: =SUM(BM34+BR34+ET34) -> 0 | FR34: =SUM(EY34+FD34) -> 0
A35: 31 | B35: ='Finance Only'!#REF! -> #REF! | C35: =D34 -> 0 | E35: =MAX(0,D35-C35) -> 0 | F35: =E35-E34 -> 0 | G35: =(E35/'Finance Only'!B38)*100 -> 0 | H35: =I34 -> 0 | J35: =MAX(0,I35-H35) -> 0 | K35: =J35-J34 -> 0 | L35: =(J35/'Finance Only'!B38)*100 -> 0 | M35: =N34 -> 0 | O35: =MAX(0,N35-M35) -> 0 | P35: =O35-O34 -> 0 | Q35: =(O35/'Finance Only'!B38)*100 -> 0 | R35: =S34 -> 0 | T35: =MAX(0,S35-R35) -> 0 | U35: =T35-T34 -> 0 | V35: =(T35/'Finance Only'!B38)*100 -> 0 | W35: =X34 -> 0 | Y35: =MAX(0,X35-W35) -> 0 | Z35: =Y35-Y34 -> 0 | AA35: =(Y35/'Finance Only'!B38)*100 -> 0 | AB35: =AC34 -> 0 | AD35: =MAX(0,AC35-AB35) -> 0 | AE35: =AD35-AD34 -> 0 | AF35: =(AD35/'Finance Only'!B38)*100 -> 0 | AG35: =AH34 -> 0 | AI35: =MAX(0,AH35-AG35) -> 0 | AJ35: =AI35-AI34 -> 0 | AK35: =(AI35/'Finance Only'!B38)*100 -> 0 | AL35: =AM34 -> 0 | AN35: =MAX(0,AM35-AL35) -> 0 | AO35: =AN35-AN34 -> 0 | AP35: =(AN35/'Finance Only'!B38)*100 -> 0 | AQ35: =AR34 -> 0 | AS35: =MAX(0,AR35-AQ35) -> 0 | AT35: =AS35-AS34 -> 0 | AU35: =(AS35/'Finance Only'!B38)*100 -> 0 | AV35: =AW34 -> 0 | AX35: =MAX(0,AW35-AV35) -> 0 | AY35: =AX35-AX34 -> 0 | AZ35: =(AX35/'Finance Only'!B38)*100 -> 0 | BA35: =BB34 -> 0 | BC35: =MAX(0,BB35-BA35) -> 0 | BD35: =BC35-BC34 -> 0 | BE35: =(BC35/'Finance Only'!B38)*100 -> 0 | BF35: =BG34 -> 0 | BH35: =MAX(0,BG35-BF35) -> 0 | BI35: =BH35-BH34 -> 0 | BJ35: =(BH35/'Finance Only'!B38)*100 -> 0 | BK35: =BL34 -> 1432600 | BM35: =MAX(0,BL35-BK35) -> 0 | BN35: =BM35-BM34 -> 0 | BO35: =(BM35/'Finance Only'!B38)*100 -> 0 | BP35: =BQ34 -> 0 | BR35: =MAX(0,BQ35-BP35) -> 0 | BS35: =BR35-BR34 -> 0 | BT35: =(BR35/'Finance Only'!B38)*100 -> 0 | BU35: =BV34 -> 0 | BW35: =MAX(0,BV35-BU35) -> 0 | BX35: =BW35-BW34 -> 0 | BY35: =(BW35/'Finance Only'!B38)*100 -> 0 | BZ35: =CA34 -> 0 | CB35: =MAX(0,CA35-BZ35) -> 0 | CC35: =CB35-CB34 -> 0 | CD35: =(CB35/'Finance Only'!B38)*100 -> 0 | CE35: =CF34 -> 0 | CG35: =MAX(0,CF35-CE35) -> 0 | CH35: =CG35-CG34 -> 0 | CI35: =(CG35/'Finance Only'!B38)*100 -> 0 | CJ35: =CK34 -> 0 | CL35: =MAX(0,CK35-CJ35) -> 0 | CM35: =CL35-CL34 -> 0 | CN35: =(CL35/'Finance Only'!B38)*100 -> 0 | CO35: =CP34 -> 0 | CQ35: =MAX(0,CP35-CO35) -> 0 | CR35: =CQ35-CQ34 -> 0 | CS35: =(CQ35/'Finance Only'!B38)*100 -> 0 | CT35: =CU34 -> 0 | CV35: =MAX(0,CU35-CT35) -> 0 | CW35: =CV35-CV34 -> 0 | CX35: =(CV35/'Finance Only'!B38)*100 -> 0 | CY35: =CZ34 -> 0 | DA35: =MAX(0,CZ35-CY35) -> 0 | DB35: =DA35-DA34 -> 0 | DC35: =(DA35/'Finance Only'!B38)*100 -> 0 | DD35: =DE34 -> 0 | DF35: =MAX(0,DE35-DD35) -> 0 | DG35: =DF35-DF34 -> 0 | DH35: =(DF35/'Finance Only'!B38)*100 -> 0 | DI35: =DJ34 -> 0 | DK35: =MAX(0,DJ35-DI35) -> 0 | DL35: =DK35-DK34 -> 0 | DM35: =(DK35/'Finance Only'!B38)*100 -> 0 | DN35: =DO34 -> 0 | DP35: =MAX(0,DO35-DN35) -> 0 | DQ35: =DP35-DP34 -> 0 | DR35: =(DP35/'Finance Only'!B38)*100 -> 0 | DS35: =DT34 -> 0 | DU35: =MAX(0,DT35-DS35) -> 0 | DV35: =DU35-DU34 -> 0 | DW35: =(DU35/'Finance Only'!B38)*100 -> 0 | DX35: =DY34 -> 486750 | DZ35: =MAX(0,DY35-DX35) -> 0 | EA35: =DZ35-DZ34 -> -1110 | EB35: =(DZ35/'Finance Only'!B38)*100 -> 0 | EC35: =ED34 -> 0 | EE35: =MAX(0,ED35-EC35) -> 0 | EF35: =EE35-EE34 -> 0 | EG35: =(EE35/'Finance Only'!B38)*100 -> 0 | EH35: =EI34 -> 0 | EJ35: =MAX(0,EI35-EH35) -> 0 | EK35: =EJ35-EJ34 -> 0 | EL35: =(EJ35/'Finance Only'!B38)*100 -> 0 | EM35: =EN34 -> 0 | EO35: =MAX(0,EN35-EM35) -> 0 | EP35: =EO35-EO34 -> 0 | EQ35: =(EO35/'Finance Only'!B38)*100 -> 0 | ER35: =ES34 -> 0 | ET35: =MAX(0,ES35-ER35) -> 0 | EU35: =ET35-ET34 -> 0 | EV35: =(ET35/'Finance Only'!B38)*100 -> 0 | EW35: =EX34 -> 0 | EY35: =MAX(0,EX35-EW35) -> 0 | EZ35: =EY35-EY34 -> 0 | FA35: =(EY35/'Finance Only'!G38)*100 -> 0 | FB35: =FC34 -> 0 | FD35: =MAX(0,FC35-FB35) -> 0 | FE35: =FD35-FD34 -> 0 | FF35: =(FD35/'Finance Only'!M38)*100 -> #DIV/0! | FH35: =SUM(E35+J35) -> 0 | FJ35: =SUM(T35+Y35+DZ35+EE35+EJ35+EO35) -> 0 | FL35: =SUM(AN35+AS35) -> 0 | FN35: =SUM(AX35+BC35+BH35) -> 0 | FP35: =SUM(BM35+BR35+ET35) -> 0 | FR35: =SUM(EY35+FD35) -> 0
A36: Total | E36: =SUM(E5:E34) -> 80973 | J36: =SUM(J5:J34) -> 137789 | O36: =SUM(O5:O34) -> 411564 | T36: =SUM(T5:T34) -> 51600 | Y36: =SUM(Y5:Y34) -> 84832 | AD36: =SUM(AD5:AD34) -> 72600 | AI36: =SUM(AI5:AI34) -> 26229 | AN36: =SUM(AN5:AN34) -> 19470 | AS36: =SUM(AS5:AS34) -> 50985 | AX36: =SUM(AX5:AX34) -> 12808 | BC36: =SUM(BC5:BC34) -> 27131 | BH36: =SUM(BH5:BH34) -> 26385 | BM36: =SUM(BM5:BM34) -> 19905 | BR36: =SUM(BR5:BR34) -> 48264 | BW36: =SUM(BW5:BW34) -> 128555 | CB36: =SUM(CB5:CB34) -> 35740 | CG36: =SUM(CG5:CG34) -> 12010 | CL36: =SUM(CL5:CL34) -> 33510 | CQ36: =SUM(CQ5:CQ34) -> 25850 | CV36: =SUM(CV5:CV34) -> 22040 | DA36: =SUM(DA5:DA34) -> 31750 | DF36: =SUM(DF5:DF34) -> 26500 | DK36: =SUM(DK5:DK34) -> 21070 | DP36: =SUM(DP5:DP34) -> 8830 | DU36: =SUM(DU5:DU34) -> 4073 | DZ36: =SUM(DZ5:DZ34) -> 21660 | EE36: =SUM(EE5:EE34) -> 7930 | EJ36: =SUM(EJ5:EJ34) -> 9740 | EO36: =SUM(EO5:EO34) -> 17440 | ET36: =SUM(ET5:ET34) -> 0 | EY36: =SUM(EY5:EY34) -> 1355239 | FD36: =SUM(FD5:FD34) -> 92180

Sheet WATER
A1: RO Plant Water Production Reading | Z1: Water Consumption by locations
A3: Month | C3: {='FEEDER Consumption '!A1:C1} -> 44531 | D3: 0 | E3: 0 | Z3: Date: | AF3: 44360
A4: R/O Plant A | F4: R/O Plant B | K4: R/O Plant C | P4: R/O Plant D | U4: Total Production | Z4: Laundry | AF4: Staff Block - E0 | AK4: Staff Block - E1 | AP4: Staff Block - E2 | AU4: Staff Block - E3 | AZ4: Staff Block - E4 | BE4: Staff Block - E5 | BJ4: Management Block | BO4: PC Block | BT4: GM Bungalow | BY4: Boat Dock | CD4: Supply Jetty | CI4: Main Kitchen | CN4: Day Facility | CS4: Reception | CX4: Main Pool | DC4: Dive Center | DH4: Albarakthu | DM4: Blu Resturant | DR4: Main Jetty | DW4: Landaa Estate | EB4: TG Group | EE4: 3rd Party Kitchen | EH4: HRD | EK4: Jiaz | EN4: Hikawi | EQ4: E- Hotel
A5: DAY | B5: YESTARDAY | C5: TODAY | D5: Production (M3) | F5: DAY | G5: YESTARDAY | H5: TODAY | I5: Production (M3) | K5: DAY | L5: YESTARDAY | M5: TODAY | N5: Production (M3) | P5: DAY | Q5: YESTARDAY | R5: TODAY | S5: Production (M3) | U5: Day | V5: Water | W5: Occ% | X5: ADR $ | Z5: DAY | AA5: Yesterday | AB5: Today | AC5: Usage (m3) | AD5: Variance (Today vs Ystday) | AE5: % | AF5: Yesterday | AG5: Today | AH5: Usage (m3) | AI5: Variance (Today vs Ystday) | AJ5: % | AK5: Yesterday | AL5: Today | AM5: Usage (m3) | AN5: Variance (Today vs Ystday) | AO5: % | AP5: Yesterday | AQ5: Today | AR5: Usage (m3) | AS5: Variance (Today vs Ystday) | AT5: % | AU5: Yesterday | AV5: Today | AW5: Usage (m3) | AX5: Variance (Today vs Ystday) | AY5: % | AZ5: Yesterday | BA5: Today | BB5: Usage (m3) | BC5: Variance (Today vs Ystday) | BD5: % | BE5: Yesterday | BF5: Today | BG5: Usage (m3) | BH5: Variance (Today vs Ystday) | BI5: % | BJ5: Yesterday | BK5: Today | BL5: Usage (m3) | BM5: Variance (Today vs Ystday) | BN5: % | BO5: Yesterday | BP5: Today | BQ5: Usage (m3) | BR5: Variance (Today vs Ystday) | BS5: % | BT5: Yesterday | BU5: Today | BV5: Usage (m3) | BW5: Variance (Today vs Ystday) | BX5: % | BY5: Yesterday | BZ5: Today | CA5: Usage | CB5: Variance (Today vs Ystday) | CC5: % | CD5: Yesterday | CE5: Today | CF5: Usage (m3) | CG5: Variance (Today vs Ystday) | CH5: % | CI5: Yesterday | CJ5: Today | CK5: Usage (m3) | CL5: Variance (Today vs Ystday) | CM5: % | CN5: Yesterday | CO5: Today | CP5: Usage (m3) | CQ5: Variance (Today vs Ystday) | CR5: % | CS5: Yesterday | CT5: Today | CU5: Usage | CV5: Variance (Today vs Ystday) | CW5: % | CX5: Yesterday | CY5: Today | CZ5: Usage (m3) | DA5: Variance (Today vs Ystday) | DB5: % | DC5: Yesterday | DD5: Today | DE5: Usage | DF5: Variance (Today vs Ystday) | DG5: % | DH5: Yesterday | DI5: Today | DJ5: Usage (m3) | DK5: Variance (Today vs Ystday) | DL5: % | DM5: Yesterday | DN5: Today | DO5: Usage (m3) | DP5: Variance (Today vs Ystday) | DQ5: % | DR5: Yesterday | DS5: Today | DT5: Usage | DU5: Variance (Today vs Ystday) | DV5: % | DW5: Yesterday | DX5: Today | DY5: Usage (m3) | DZ5: Variance (Today vs Ystday) | EA5: % | EB5: Yesterday | EC5: Today | ED5: Usage (m3) | EE5: Yesterday | EF5: Today | EG5: Usage (m3) | EH5: Yesterday | EI5: Today | EJ5: Usage (m3) | EK5: Yesterday | EL5: Today | EM5: Usage (m3) | EN5: Yesterday | EO5: Today | EP5: Usage (m3)
A6: 1 | B6: 17849 | C6: 17913 | D6: =MAX(0,C6-B6) -> 64 | F6: 1 | G6: 17224 | H6: 17235 | I6: =MAX(0,H6-G6) -> 11 | K6: 1 | L6: 779791 | M6: 780064 | N6: =MAX(0,M6-L6) -> 273 | P6: 1 | Q6: 213446 | R6: 213512 | S6: =MAX(0,R6-Q6) -> 66 | U6: 1 | V6: =SUM(S6+N6+I6+D6) -> 414 | W6: ='Maldives at LG Daily'!I5 -> 37.9 | Z6: 1 | AA6: 39442 | AB6: 39558 | AC6: =AB6-AA6 -> 116 | AF6: 8722 | AG6: 8728 | AH6: =AG6-AF6 -> 6 | AK6: 6810 | AL6: 6824 | AM6: =AL6-AK6 -> 14 | AP6: 15514 | AQ6: 15524 | AR6: =AQ6-AP6 -> 10 | AU6: 32911 | AV6: 32921 | AW6: =AV6-AU6 -> 10 | AZ6: 7002 | BA6: 7008 | BB6: =BA6-AZ6 -> 6 | BE6: 23315 | BF6: 23325 | BG6: =BF6-BE6 -> 10 | BJ6: 7409 | BK6: 7416 | BL6: =BK6-BJ6 -> 7 | BO6: 3593 | BP6: 3594 | BQ6: =BP6-BO6 -> 1 | BT6: 1616 | BU6: 1617 | BV6: =BU6-BT6 -> 1 | BY6: 27130 | BZ6: 27180 | CA6: =BZ6-BY6 -> 50 | CD6: 2760 | CE6: 2765 | CF6: =CE6-CD6 -> 5 | CI6: 75174 | CJ6: 75204 | CK6: =CJ6-CI6 -> 30 | CN6: 23811 | CO6: 23818 | CP6: =CO6-CN6 -> 7 | CS6: 12531 | CT6: 12532 | CU6: =CT6-CS6 -> 1 | CX6: 17957 | CY6: 17957 | CZ6: =CY6-CX6 -> 0 | DC6: 19881 | DD6: 19882 | DE6: =DD6-DC6 -> 1 | DH6: 8770 | DI6: 8774 | DJ6: =DI6-DH6 -> 4 | DM6: 20454 | DN6: 20468 | DO6: =DN6-DM6 -> 14 | DR6: 2088 | DS6: 2093 | DT6: =DS6-DR6 -> 5 | DW6: 9897 | DX6: 9897 | DY6: =DX6-DW6 -> 0 | EB6: 904 | EC6: 913 | ED6: =EC6-EB6 -> 9 | EE6: 568 | EF6: 576 | EG6: =EF6-EE6 -> 8 | EH6: 367 | EI6: 379 | EJ6: =EI6-EH6 -> 12 | EK6: 396 | EL6: 405 | EM6: =EL6-EK6 -> 9 | EN6: 149 | EO6: 154 | EP6: =EO6-EN6 -> 5 | EQ6: =AH6+AM6+AR6+AW6+BB6+BG6+BL6+BQ6+BV6 -> 65 | ER6: =(EQ6/V6)*100 -> 15.700483
A7: 2 | B7: =C6 -> 17913 | C7: 17978 | D7: =MAX(0,C7-B7) -> 65 | F7: 2 | G7: =H6 -> 17235 | H7: 17271 | I7: =MAX(0,H7-G7) -> 36 | K7: 2 | L7: =M6 -> 780064 | M7: 780265 | N7: =MAX(0,M7-L7) -> 201 | P7: 2 | Q7: =R6 -> 213512 | R7: 213579 | S7: =MAX(0,R7-Q7) -> 67 | U7: 2 | V7: =SUM(S7+N7+I7+D7) -> 369 | W7: ='Maldives at LG Daily'!I6 -> 44.7 | Z7: 2 | AA7: =AB6 -> 39558 | AB7: 39980 | AC7: =AB7-AA7 -> 422 | AD7: =AC7-AC6 -> 306 | AF7: =AG6 -> 8728 | AG7: 8735 | AH7: =AG7-AF7 -> 7 | AI7: =AH7-AH6 -> 1 | AK7: =AL6 -> 6824 | AL7: 6834 | AM7: =AL7-AK7 -> 10 | AN7: =AM7-AM6 -> -4 | AP7: =AQ6 -> 15524 | AQ7: 15536 | AR7: =AQ7-AP7 -> 12 | AS7: =AR7-AR6 -> 2 | AU7: =AV6 -> 32921 | AV7: 32930 | AW7: =AV7-AU7 -> 9 | AX7: =AW7-AW6 -> -1 | AZ7: =BA6 -> 7008 | BA7: 7015 | BB7: =BA7-AZ7 -> 7 | BC7: =BB7-BB6 -> 1 | BE7: =BF6 -> 23325 | BF7: 23332 | BG7: =BF7-BE7 -> 7 | BH7: =BG7-BG6 -> -3 | BJ7: =BK6 -> 7416 | BK7: 7425 | BL7: =BK7-BJ7 -> 9 | BM7: =BL7-BL6 -> 2 | BO7: =BP6 -> 3594 | BP7: 3595 | BQ7: =BP7-BO7 -> 1 | BR7: =BQ7-BQ6 -> 0 | BT7: =BU6 -> 1617 | BU7: 1617 | BV7: =BU7-BT7 -> 0 | BW7: =BV7-BV6 -> -1 | BY7: =BZ6 -> 27180 | BZ7: 27195 | CA7: =BZ7-BY7 -> 15 | CB7: =CA7-CA6 -> -35 | CD7: =CE6 -> 2765 | CE7: 2766 | CF7: =CE7-CD7 -> 1 | CG7: =CF7-CF6 -> -4 | CI7: =CJ6 -> 75204 | CJ7: 75232 | CK7: =CJ7-CI7 -> 28 | CL7: =CK7-CK6 -> -2 | CN7: =CO6 -> 23818 | CO7: 23824 | CP7: =CO7-CN7 -> 6 | CQ7: =CP7-CP6 -> -1 | CS7: =CT6 -> 12532 | CT7: 12532 | CU7: =CT7-CS7 -> 0 | CV7: =CU7-CU6 -> -1 | CX7: =CY6 -> 17957 | CY7: 17958 | CZ7: =CY7-CX7 -> 1 | DA7: =CZ7-CZ6 -> 1 | DC7: =DD6 -> 19882 | DD7: 19883 | DE7: =DD7-DC7 -> 1 | DF7: =DE7-DE6 -> 0 | DH7: =DI6 -> 8774 | DI7: 8776 | DJ7: =DI7-DH7 -> 2 | DK7: =DJ7-DJ6 -> -2 | DM7: =DN6 -> 20468 | DN7: 20487 | DO7: =DN7-DM7 -> 19 | DP7: =DO7-DO6 -> 5 | DR7: =DS6 -> 2093 | DS7: 2095 | DT7: =DS7-DR7 -> 2 | DU7: =DT7-DT6 -> -3 | DW7: =DX6 -> 9897 | DX7: 9897 | DY7: =DX7-DW7 -> 0 | DZ7: =DY7-DY6 -> 0 | EB7: =EC6 -> 913 | EC7: 922 | ED7: =EC7-EB7 -> 9 | EE7: =EF6 -> 576 | EF7: 584 | EG7: =EF7-EE7 -> 8 | EH7: =EI6 -> 379 | EI7: 388 | EJ7: =EI7-EH7 -> 9 | EK7: =EL6 -> 405 | EL7: 410 | EM7: =EL7-EK7 -> 5 | EN7: =EO6 -> 154 | EO7: 154 | EP7: =EO7-EN7 -> 0 | EQ7: =AH7+AM7+AR7+AW7+BB7+BG7+BL7+BQ7+BV7 -> 62 | ER7: =(EQ7/V7)*100 -> 16.802168
A8: 3 | B8: =C7 -> 17978 | C8: 17981 | D8: =MAX(0,C8-B8) -> 3 | F8: 3 | G8: =H7 -> 17271 | H8: 17345 | I8: =MAX(0,H8-G8) -> 74 | K8: 3 | L8: =M7 -> 780265 | M8: 780549 | N8: =MAX(0,M8-L8) -> 284 | P8: 3 | Q8: =R7 -> 213579 | R8: 213656 | S8: =MAX(0,R8-Q8) -> 77 | U8: 3 | V8: =SUM(S8+N8+I8+D8) -> 438 | W8: ='Maldives at LG Daily'!I7 -> 40.8 | Z8: 3 | AA8: =AB7 -> 39980 | AB8: 40000 | AC8: =AB8-AA8 -> 20 | AD8: =AC8-AC7 -> -402 | AF8: =AG7 -> 8735 | AG8: 8741 | AH8: =AG8-AF8 -> 6 | AI8: =AH8-AH7 -> -1 | AK8: =AL7 -> 6834 | AL8: 6846 | AM8: =AL8-AK8 -> 12 | AN8: =AM8-AM7 -> 2 | AP8: =AQ7 -> 15536 | AQ8: 15548 | AR8: =AQ8-AP8 -> 12 | AS8: =AR8-AR7 -> 0 | AU8: =AV7 -> 32930 | AV8: 32938 | AW8: =AV8-AU8 -> 8 | AX8: =AW8-AW7 -> -1 | AZ8: =BA7 -> 7015 | BA8: 7022 | BB8: =BA8-AZ8 -> 7 | BC8: =BB8-BB7 -> 0 | BE8: =BF7 -> 23332 | BF8: 23340 | BG8: =BF8-BE8 -> 8 | BH8: =BG8-BG7 -> 1 | BJ8: =BK7 -> 7425 | BK8: 7435 | BL8: =BK8-BJ8 -> 10 | BM8: =BL8-BL7 -> 1 | BO8: =BP7 -> 3595 | BP8: 3598 | BQ8: =BP8-BO8 -> 3 | BR8: =BQ8-BQ7 -> 2 | BT8: =BU7 -> 1617 | BU8: 1617 | BV8: =BU8-BT8 -> 0 | BW8: =BV8-BV7 -> 0 | BY8: =BZ7 -> 27195 | BZ8: 27210 | CA8: =BZ8-BY8 -> 15 | CB8: =CA8-CA7 -> 0 | CD8: =CE7 -> 2766 | CE8: 2771 | CF8: =CE8-CD8 -> 5 | CG8: =CF8-CF7 -> 4 | CI8: =CJ7 -> 75232 | CJ8: 75261 | CK8: =CJ8-CI8 -> 29 | CL8: =CK8-CK7 -> 1 | CN8: =CO7 -> 23824 | CO8: 23829 | CP8: =CO8-CN8 -> 5 | CQ8: =CP8-CP7 -> -1 | CS8: =CT7 -> 12532 | CT8: 12537 | CU8: =CT8-CS8 -> 5 | CV8: =CU8-CU7 -> 5 | CX8: =CY7 -> 17958 | CY8: 17958 | CZ8: =CY8-CX8 -> 0 | DA8: =CZ8-CZ7 -> -1 | DC8: =DD7 -> 19883 | DD8: 19887 | DE8: =DD8-DC8 -> 4 | DF8: =DE8-DE7 -> 3 | DH8: =DI7 -> 8776 | DI8: 8779 | DJ8: =DI8-DH8 -> 3 | DK8: =DJ8-DJ7 -> 1 | DM8: =DN7 -> 20487 | DN8: 20487 | DO8: =DN8-DM8 -> 0 | DP8: =DO8-DO7 -> -19 | DR8: =DS7 -> 2095 | DS8: 2096 | DT8: =DS8-DR8 -> 1 | DU8: =DT8-DT7 -> -1 | DW8: =DX7 -> 9897 | DX8: 9897 | DY8: =DX8-DW8 -> 0 | DZ8: =DY8-DY7 -> 0 | EB8: =EC7 -> 922 | EC8: 931 | ED8: =EC8-EB8 -> 9 | EE8: =EF7 -> 584 | EF8: 592 | EG8: =EF8-EE8 -> 8 | EH8: =EI7 -> 388 | EI8: 395 | EJ8: =EI8-EH8 -> 7 | EK8: =EL7 -> 410 | EL8: 416 | EM8: =EL8-EK8 -> 6 | EN8: =EO7 -> 154 | EO8: 162 | EP8: =EO8-EN8 -> 8 | EQ8: =AH8+AM8+AR8+AW8+BB8+BG8+BL8+BQ8+BV8 -> 66 | ER8: =(EQ8/V8)*100 -> 15.068493
A9: 4 | B9: =C8 -> 17981 | C9: 17982 | D9: =MAX(0,C9-B9) -> 1 | F9: 4 | G9: =H8 -> 17345 | H9: 17411 | I9: =MAX(0,H9-G9) -> 66 | K9: 4 | L9: =M8 -> 780549 | M9: 780833 | N9: =MAX(0,M9-L9) -> 284 | P9: 4 | Q9: =R8 -> 213656 | R9: 213732 | S9: =MAX(0,R9-Q9) -> 76 | U9: 4 | V9: =SUM(S9+N9+I9+D9) -> 427 | W9: ='Maldives at LG Daily'!I8 -> 36.9 | Z9: 4 | AA9: =AB8 -> 40000 | AB9: 40021 | AC9: =AB9-AA9 -> 21 | AD9: =AC9-AC8 -> 1 | AF9: =AG8 -> 8741 | AG9: 8746 | AH9: =AG9-AF9 -> 5 | AI9: =AH9-AH8 -> -1 | AK9: =AL8 -> 6846 | AL9: 6855 | AM9: =AL9-AK9 -> 9 | AN9: =AM9-AM8 -> -3 | AP9: =AQ8 -> 15548 | AQ9: 15560 | AR9: =AQ9-AP9 -> 12 | AS9: =AR9-AR8 -> 0 | AU9: =AV8 -> 32938 | AV9: 32946 | AW9: =AV9-AU9 -> 8 | AX9: =AW9-AW8 -> 0 | AZ9: =BA8 -> 7022 | BA9: 7030 | BB9: =BA9-AZ9 -> 8 | BC9: =BB9-BB8 -> 1 | BE9: =BF8 -> 23340 | BF9: 23351 | BG9: =BF9-BE9 -> 11 | BH9: =BG9-BG8 -> 3 | BJ9: =BK8 -> 7435 | BK9: 7444 | BL9: =BK9-BJ9 -> 9 | BM9: =BL9-BL8 -> -1 | BO9: =BP8 -> 3598 | BP9: 3600 | BQ9: =BP9-BO9 -> 2 | BR9: =BQ9-BQ8 -> -1 | BT9: =BU8 -> 1617 | BU9: 1611 | BV9: =BU9-BT9 -> -6 | BW9: =BV9-BV8 -> -6 | BY9: =BZ8 -> 27210 | BZ9: 27222 | CA9: =BZ9-BY9 -> 12 | CB9: =CA9-CA8 -> -3 | CD9: =CE8 -> 2771 | CE9: 2772 | CF9: =CE9-CD9 -> 1 | CG9: =CF9-CF8 -> -4 | CI9: =CJ8 -> 75261 | CJ9: 75289 | CK9: =CJ9-CI9 -> 28 | CL9: =CK9-CK8 -> -1 | CN9: =CO8 -> 23829 | CO9: 23836 | CP9: =CO9-CN9 -> 7 | CQ9: =CP9-CP8 -> 2 | CS9: =CT8 -> 12537 | CT9: 12538 | CU9: =CT9-CS9 -> 1 | CV9: =CU9-CU8 -> -4 | CX9: =CY8 -> 17958 | CY9: 17959 | CZ9: =CY9-CX9 -> 1 | DA9: =CZ9-CZ8 -> 1 | DC9: =DD8 -> 19887 | DD9: 19890 | DE9: =DD9-DC9 -> 3 | DF9: =DE9-DE8 -> -1 | DH9: =DI8 -> 8779 | DI9: 8779 | DJ9: =DI9-DH9 -> 0 | DK9: =DJ9-DJ8 -> -3 | DM9: =DN8 -> 20487 | DN9: 20487 | DO9: =DN9-DM9 -> 0 | DP9: =DO9-DO8 -> 0 | DR9: =DS8 -> 2096 | DS9: 2098 | DT9: =DS9-DR9 -> 2 | DU9: =DT9-DT8 -> 1 | DW9: =DX8 -> 9897 | DX9: 9897 | DY9: =DX9-DW9 -> 0 | DZ9: =DY9-DY8 -> 0 | EB9: =EC8 -> 931 | EC9: 944 | ED9: =EC9-EB9 -> 13 | EE9: =EF8 -> 592 | EF9: 600 | EG9: =EF9-EE9 -> 8 | EH9: =EI8 -> 395 | EI9: 404 | EJ9: =EI9-EH9 -> 9 | EK9: =EL8 -> 416 | EL9: 425 | EM9: =EL9-EK9 -> 9 | EN9: =EO8 -> 162 | EO9: 165 | EP9: =EO9-EN9 -> 3 | EQ9: =AH9+AM9+AR9+AW9+BB9+BG9+BL9+BQ9+BV9 -> 58 | ER9: =(EQ9/V9)*100 -> 13.583138
A10: 5 | B10: =C9 -> 17982 | C10: 17982 | D10: =MAX(0,C10-B10) -> 0 | F10: 5 | G10: =H9 -> 17411 | H10: 17481 | I10: =MAX(0,H10-G10) -> 70 | K10: 5 | L10: =M9 -> 780833 | M10: 781107 | N10: =MAX(0,M10-L10) -> 274 | P10: 5 | Q10: =R9 -> 213732 | R10: 213811 | S10: =MAX(0,R10-Q10) -> 79 | U10: 5 | V10: =SUM(S10+N10+I10+D10) -> 423 | W10: ='Maldives at LG Daily'!I9 -> 28.2 | Z10: 5 | AA10: =AB9 -> 40021 | AB10: 40044 | AC10: =AB10-AA10 -> 23 | AD10: =AC10-AC9 -> 2 | AF10: =AG9 -> 8746 | AG10: 8752 | AH10: =AG10-AF10 -> 6 | AI10: =AH10-AH9 -> 1 | AK10: =AL9 -> 6855 | AL10: 6865 | AM10: =AL10-AK10 -> 10 | AN10: =AM10-AM9 -> 1 | AP10: =AQ9 -> 15560 | AQ10: 15572 | AR10: =AQ10-AP10 -> 12 | AS10: =AR10-AR9 -> 0 | AU10: =AV9 -> 32946 | AV10: 32953 | AW10: =AV10-AU10 -> 7 | AX10: =AW10-AW9 -> -1 | AZ10: =BA9 -> 7030 | BA10: 7037 | BB10: =BA10-AZ10 -> 7 | BC10: =BB10-BB9 -> -1 | BE10: =BF9 -> 23351 | BF10: 23362 | BG10: =BF10-BE10 -> 11 | BH10: =BG10-BG9 -> 0 | BJ10: =BK9 -> 7444 | BK10: 7451 | BL10: =BK10-BJ10 -> 7 | BM10: =BL10-BL9 -> -2 | BO10: =BP9 -> 3600 | BP10: 3601 | BQ10: =BP10-BO10 -> 1 | BR10: =BQ10-BQ9 -> -1 | BT10: =BU9 -> 1611 | BU10: 1611 | BV10: =BU10-BT10 -> 0 | BW10: =BV10-BV9 -> 6 | BY10: =BZ9 -> 27222 | BZ10: 27233 | CA10: =BZ10-BY10 -> 11 | CB10: =CA10-CA9 -> -1 | CD10: =CE9 -> 2772 | CE10: 2773 | CF10: =CE10-CD10 -> 1 | CG10: =CF10-CF9 -> 0 | CI10: =CJ9 -> 75289 | CJ10: 75320 | CK10: =CJ10-CI10 -> 31 | CL10: =CK10-CK9 -> 3 | CN10: =CO9 -> 23836 | CO10: 23841 | CP10: =CO10-CN10 -> 5 | CQ10: =CP10-CP9 -> -2 | CS10: =CT9 -> 12538 | CT10: 12539 | CU10: =CT10-CS10 -> 1 | CV10: =CU10-CU9 -> 0 | CX10: =CY9 -> 17959 | CY10: 17960 | CZ10: =CY10-CX10 -> 1 | DA10: =CZ10-CZ9 -> 0 | DC10: =DD9 -> 19890 | DD10: 19891 | DE10: =DD10-DC10 -> 1 | DF10: =DE10-DE9 -> -2 | DH10: =DI9 -> 8779 | DI10: 8783 | DJ10: =DI10-DH10 -> 4 | DK10: =DJ10-DJ9 -> 4 | DM10: =DN9 -> 20487 | DN10: 20543 | DO10: =DN10-DM10 -> 56 | DP10: =DO10-DO9 -> 56 | DR10: =DS9 -> 2098 | DS10: 2099 | DT10: =DS10-DR10 -> 1 | DU10: =DT10-DT9 -> -1 | DW10: =DX9 -> 9897 | DX10: 9913 | DY10: =DX10-DW10 -> 16 | DZ10: =DY10-DY9 -> 16 | EB10: =EC9 -> 944 | EC10: 953 | ED10: =EC10-EB10 -> 9 | EE10: =EF9 -> 600 | EF10: 609 | EG10: =EF10-EE10 -> 9 | EH10: =EI9 -> 404 | EI10: 411 | EJ10: =EI10-EH10 -> 7 | EK10: =EL9 -> 425 | EL10: 430 | EM10: =EL10-EK10 -> 5 | EN10: =EO9 -> 165 | EO10: 168 | EP10: =EO10-EN10 -> 3 | EQ10: =AH10+AM10+AR10+AW10+BB10+BG10+BL10+BQ10+BV10 -> 61 | ER10: =(EQ10/V10)*100 -> 14.420804
