Workbook

Sheet TOTAL
A1: Site Name | B1: Day | C1: Month | D1: Year | E1: Total Electricity Kwh | F1: Electricity Tariff ($/Kwh) | G1: Natual Gas (m3) | H1: Natural Gas $/m3 | I1: Water Utility Supply (m3) m3 | J1: Water Utility Supply (m3) $/m3 | K1: Room Nights | L1: Total Guests
A2: Hampshire | B2: 1 | C2: 10 | D2: 2021 | E2: =(Submetering!E2+Submetering!F2) -> 8657 | F2: 0.14 | G2: =Submetering!M2 -> 0 | H2: 0.25 | I2: =Submetering!N2 -> 117 | J2: 2.06 | K2: ='Hampshire Daily'!B5 -> 57 | L2: ='Hampshire Daily'!D5 -> 1012097
A3: Hampshire | B3: =B2+1 -> 2 | C3: 10 | D3: 2021 | E3: =Submetering!E3+Submetering!F3 -> 8380 | F3: 0.14 | G3: =Submetering!M3 -> 79.333333 | H3: 0.25 | I3: =Submetering!N3 -> 0 | J3: 2.06 | K3: ='Hampshire Daily'!B6 -> 62 | L3: ='Hampshire Daily'!D6 -> 1024010
A4: Hampshire | B4: =B3+1 -> 3 | C4: 10 | D4: 2021 | E4: =Submetering!E4+Submetering!F4 -> 8157 | F4: 0.14 | G4: =Submetering!M4 -> 79.333333 | H4: 0.25 | I4: =Submetering!N4 -> 0 | J4: 2.06 | K4: ='Hampshire Daily'!B7 -> 196 | L4: ='Hampshire Daily'!D7 -> 1027039
A5: Hampshire | B5: =B4+1 -> 4 | C5: 10 | D5: 2021 | E5: =Submetering!E5+Submetering!F5 -> 8046 | F5: 0.14 | G5: =Submetering!M5 -> 105 | H5: 0.25 | I5: =Submetering!N5 -> 0 | J5: 2.06 | K5: ='Hampshire Daily'!B8 -> 146 | L5: ='Hampshire Daily'!D8 -> 1030058
A6: Hampshire | B6: =B5+1 -> 5 | C6: 10 | D6: 2021 | E6: =Submetering!E6+Submetering!F6 -> 8448 | F6: 0.14 | G6: =Submetering!M6 -> 97 | H6: 0.25 | I6: =Submetering!N6 -> 0 | J6: 2.06 | K6: ='Hampshire Daily'!B9 -> 74 | L6: ='Hampshire Daily'!D9 -> 1032995
A7: Hampshire | B7: =B6+1 -> 6 | C7: 10 | D7: 2021 | E7: =Submetering!E7+Submetering!F7 -> 7909 | F7: 0.14 | G7: =Submetering!M7 -> 103 | H7: 0.25 | I7: =Submetering!N7 -> 0 | J7: 2.06 | K7: ='Hampshire Daily'!B10 -> 73 | L7: ='Hampshire Daily'!D10 -> 1035888
A8: Hampshire | B8: =B7+1 -> 7 | C8: 10 | D8: 2021 | E8: =Submetering!E8+Submetering!F8 -> 7815 | F8: 0.14 | G8: =Submetering!M8 -> 88 | H8: 0.25 | I8: =Submetering!N8 -> 0 | J8: 2.06 | K8: ='Hampshire Daily'!B11 -> 65 | L8: ='Hampshire Daily'!D11 -> 1038828
A9: Hampshire | B9: =B8+1 -> 8 | C9: 10 | D9: 2021 | E9: =Submetering!E9+Submetering!F9 -> 10623 | F9: 0.14 | G9: =Submetering!M9 -> 80 | H9: 0.25 | I9: =Submetering!N9 -> 0 | J9: 2.06 | K9: ='Hampshire Daily'!B12 -> 58 | L9: ='Hampshire Daily'!D12 -> 1044422
A10: Hampshire | B10: =B9+1 -> 9 | C10: 10 | D10: 2021 | E10: =Submetering!E10+Submetering!F10 -> 8292 | F10: 0.14 | G10: =Submetering!M10 -> 113 | H10: 0.25 | I10: =Submetering!N10 -> 0 | J10: 2.06 | K10: ='Hampshire Daily'!B13 -> 80 | L10: ='Hampshire Daily'!D13 -> 1047736
A11: Hampshire | B11: =B10+1 -> 10 | C11: 10 | D11: 2021 | E11: =Submetering!E11+Submetering!F11 -> 9855 | F11: 0.14 | G11: =Submetering!M11 -> 85 | H11: 0.25 | I11: =Submetering!N11 -> 0 | J11: 2.06 | K11: ='Hampshire Daily'!B14 -> 136 | L11: ='Hampshire Daily'!D14 -> 1052381
A12: Hampshire | B12: =B11+1 -> 11 | C12: 10 | D12: 2021 | E12: =Submetering!E12+Submetering!F12 -> 6753 | F12: 0.14 | G12: =Submetering!M12 -> 125 | H12: 0.25 | I12: =Submetering!N12 -> 0 | J12: 2.06 | K12: ='Hampshire Daily'!B15 -> 149 | L12: ='Hampshire Daily'!D15 -> 1056266
A13: Hampshire | B13: =B12+1 -> 12 | C13: 10 | D13: 2021 | E13: =Submetering!E13+Submetering!F13 -> 4642 | F13: 0.14 | G13: =Submetering!M13 -> 98 | H13: 0.25 | I13: =Submetering!N13 -> 0 | J13: 2.06 | K13: ='Hampshire Daily'!B16 -> 128 | L13: ='Hampshire Daily'!D16 -> 1058994
A14: Hampshire | B14: =B13+1 -> 13 | C14: 10 | D14: 2021 | E14: =Submetering!E14+Submetering!F14 -> 5039 | F14: 0.14 | G14: =Submetering!M14 -> 99 | H14: 0.25 | I14: =Submetering!N14 -> 0 | J14: 2.06 | K14: ='Hampshire Daily'!B17 -> 110 | L14: ='Hampshire Daily'!D17 -> 1061771
... A20: Hampshire | B20: =B19+1 -> 19 | C20: 10 | D20: 2021 | E20: =Submetering!E20+Submetering!F20 -> 8912 | F20: 0.14 | G20: =Submetering!M20 -> 128 | H20: 0.25 | I20: =Submetering!N20 -> 435 | J20: 2.06 | K20: ='Hampshire Daily'!B23 -> 195 | L20: ='Hampshire Daily'!D23 -> 1079348
A21: Hampshire | B21: =B20+1 -> 20 | C21: 10 | D21: 2021 | E21: =Submetering!E21+Submetering!F21 -> 7969 | F21: 0.14 | G21: =Submetering!M21 -> 128 | H21: 0.25 | I21: =Submetering!N21 -> 0 | J21: 2.06 | K21: ='Hampshire Daily'!B24 -> 206 | L21: ='Hampshire Daily'!C24 -> 69
A22: Hampshire | B22: =B21+1 -> 21 | C22: 10 | D22: 2021 | E22: =Submetering!E22+Submetering!F22 -> 9468 | F22: 0.14 | G22: =Submetering!M22 -> 2716 | H22: 0.25 | I22: =Submetering!N22 -> 116.5 | J22: 2.06 | K22: ='Hampshire Daily'!B25 -> 208 | L22: ='Hampshire Daily'!C25 -> 70
A23: Hampshire | B23: =B22+1 -> 22 | C23: 10 | D23: 2021 | E23: =Submetering!E23+Submetering!F23 -> 8251 | F23: 0.14 | G23: =Submetering!M23 -> 2687 | H23: 0.25 | I23: =Submetering!N23 -> 116.5 | J23: 2.06 | K23: ='Hampshire Daily'!B26 -> 185 | L23: ='Hampshire Daily'!C26 -> 64
A24: Hampshire | B24: =B23+1 -> 23 | C24: 10 | D24: 2021 | E24: =Submetering!E24+Submetering!F24 -> 8433 | F24: 0.14 | G24: =Submetering!M24 -> 2703 | H24: 0.25 | I24: =Submetering!N24 -> 124 | J24: 2.06 | K24: ='Hampshire Daily'!B27 -> 194 | L24: ='Hampshire Daily'!C27 -> 77
A25: Hampshire | B25: =B24+1 -> 24 | C25: 10 | D25: 2021 | E25: =Submetering!E25+Submetering!F25 -> 5800 | F25: 0.14 | G25: =Submetering!M25 -> 2909 | H25: 0.25 | I25: =Submetering!N25 -> 123 | J25: 2.06 | K25: ='Hampshire Daily'!B28 -> 233 | L25: ='Hampshire Daily'!C28 -> 96
A26: Hampshire | B26: =B25+1 -> 25 | C26: 10 | D26: 2021 | E26: =Submetering!E26+Submetering!F26 -> 5335 | F26: 0.14 | G26: =Submetering!M26 -> 2812 | H26: 0.25 | I26: =Submetering!N26 -> 156 | J26: 2.06 | K26: ='Hampshire Daily'!B29 -> 233 | L26: ='Hampshire Daily'!C29 -> 99
A27: Hampshire | B27: =B26+1 -> 26 | C27: 10 | D27: 2021 | E27: =Submetering!E27+Submetering!F27 -> 5030 | F27: 0.14 | G27: =Submetering!M27 -> 2857 | H27: 0.25 | I27: =Submetering!N27 -> 110 | J27: 2.06 | K27: ='Hampshire Daily'!B30 -> 217 | L27: ='Hampshire Daily'!C30 -> 89
A28: Hampshire | B28: =B27+1 -> 27 | C28: 10 | D28: 2021 | E28: =Submetering!E28+Submetering!F28 -> 4802 | F28: 0.14 | G28: =Submetering!M28 -> 2730 | H28: 0.25 | I28: =Submetering!N28 -> 186 | J28: 2.06 | K28: ='Hampshire Daily'!B31 -> 198 | L28: ='Hampshire Daily'!C31 -> 75
A29: Hampshire | B29: =B28+1 -> 28 | C29: 10 | D29: 2021 | E29: =Submetering!E29+Submetering!F29 -> 5554 | F29: 0.14 | G29: =Submetering!M29 -> 2760 | H29: 0.25 | I29: =Submetering!N29 -> 124 | J29: 2.06 | K29: ='Hampshire Daily'!B32 -> 206 | L29: ='Hampshire Daily'!C32 -> 78
A30: Hampshire | B30: =B29+1 -> 29 | C30: 10 | D30: 2021 | E30: =Submetering!E30+Submetering!F30 -> 5574 | F30: 0.14 | G30: =Submetering!M30 -> 2850 | H30: 0.25 | I30: =Submetering!N30 -> 112 | J30: 2.06 | K30: ='Hampshire Daily'!B33 -> 209 | L30: ='Hampshire Daily'!C33 -> 75
A31: Hampshire | B31: =B30+1 -> 30 | C31: 10 | D31: 2021 | E31: =Submetering!E31+Submetering!F31 -> 5295 | F31: 0.14 | G31: =Submetering!M31 -> 2522 | H31: 0.25 | I31: =Submetering!N31 -> 110 | J31: 2.06 | K31: ='Hampshire Daily'!B34 -> 224 | L31: ='Hampshire Daily'!C34 -> 80
A32: Hampshire | B32: 31 | C32: 10 | D32: 2021 | E32: =Submetering!E32+Submetering!F32 -> 5706 | F32: 0.14 | G32: =Submetering!M32 -> 2575 | H32: 0.25 | I32: =Submetering!N32 -> 131 | J32: 2.06 | K32: ='Hampshire Daily'!B35 -> 217 | L32: ='Hampshire Daily'!C35 -> 77

Sheet Submetering
A1: Site Name | B1: Day | C1: Month | D1: Year | E1: Meter 1- KWh | F1: Meter 2- KWh | G1: East MCC- KWh | H1: South MCC 1- KWh | I1: South MCC 2- KWh | J1: West MCC- KWh | K1: Kitchen - KWh | L1: SPA - KWh | M1: Gas- KWh | N1: Main Site Water Meter - m3 | O1: Chiller 2- m3 | P1: Chiller 3- m3 | Q1: Chiller 4- m3 | R1: Hard Water Supply- m3 | S1: Pool Supply- m3 | T1: LTHW SPA- m3 | U1: LTHW East- m3 | V1: Chilled make-up- m3 | W1: Orchard irrigation | X1: Kids Pool | Y1: Room Nights | Z1: Total Guests
A2: Hampshire | B2: 1 | C2: 10 | D2: 2021 | E2: =IF(('Hampshire Daily'!E5-'Hampshire Daily'!D4<0),"0",('Hampshire Daily'!E5-'Hampshire Daily'!D4)) -> 4557 | F2: =IF(('Hampshire Daily'!G5-'Hampshire Daily'!F4<0),"0",('Hampshire Daily'!G5-'Hampshire Daily'!F4)) -> 4100 | G2: =IF(('Hampshire Daily'!H5-'Hampshire Daily'!H4<0),"0",('Hampshire Daily'!H5-'Hampshire Daily'!H4)) -> 786 | H2: =IF(('Hampshire Daily'!I5-'Hampshire Daily'!I4<0),"0",('Hampshire Daily'!I5-'Hampshire Daily'!I4)) -> 2367.0968 | I2: =IF(('Hampshire Daily'!J5-'Hampshire Daily'!J4<0),"0",('Hampshire Daily'!J5-'Hampshire Daily'!J4)) -> 0.12903226 | J2: =IF(('Hampshire Daily'!L5-'Hampshire Daily'!K4<0),"0",('Hampshire Daily'!L5-'Hampshire Daily'!K4)) -> 0 | K2: =IF(('Hampshire Daily'!M5-'Hampshire Daily'!L4<0),"0",('Hampshire Daily'!M5-'Hampshire Daily'!L4)) -> 1752971 | L2: =IF(('Hampshire Daily'!N5-'Hampshire Daily'!M4<0),"0",('Hampshire Daily'!N5-'Hampshire Daily'!M4)) -> 0 | M2: =IF(('Hampshire Daily'!O5-'Hampshire Daily'!N4<0),"0",('Hampshire Daily'!O5-'Hampshire Daily'!N4)) -> 0 | N2: 117 | O2: =IF(('Hampshire Daily'!Q5-'Hampshire Daily'!P4<0),"0",('Hampshire Daily'!Q5-'Hampshire Daily'!P4)) -> 0 | P2: =IF(('Hampshire Daily'!R5-'Hampshire Daily'!Q4<0),"0",('Hampshire Daily'!R5-'Hampshire Daily'!Q4)) -> 0 | Q2: =IF(('Hampshire Daily'!S5-'Hampshire Daily'!R4<0),"0",('Hampshire Daily'!S5-'Hampshire Daily'!R4)) -> 343198 | R2: =IF(('Hampshire Daily'!V5-'Hampshire Daily'!U4<0),"0",('Hampshire Daily'!V5-'Hampshire Daily'!U4)) -> 0 | S2: =IF(('Hampshire Daily'!W5-'Hampshire Daily'!V4<0),"0",('Hampshire Daily'!W5-'Hampshire Daily'!V4)) -> 0 | T2: =IF(('Hampshire Daily'!X5-'Hampshire Daily'!W4<0),"0",('Hampshire Daily'!X5-'Hampshire Daily'!W4)) -> 464.481 | U2: =IF(('Hampshire Daily'!Y5-'Hampshire Daily'!X4<0),"0",('Hampshire Daily'!Y5-'Hampshire Daily'!X4)) -> 2934.789 | V2: =IF(('Hampshire Daily'!Z5-'Hampshire Daily'!Y4<0),"0",('Hampshire Daily'!Z5-'Hampshire Daily'!Y4)) -> 508.413 | W2: =IF(('Hampshire Daily'!AA5-'Hampshire Daily'!Z4<0),"0",('Hampshire Daily'!AA5-'Hampshire Daily'!Z4)) -> 0 | X2: =IF(('Hampshire Daily'!AA5-'Hampshire Daily'!AA4<0),"0",('Hampshire Daily'!AA5-'Hampshire Daily'!AA4)) -> 4 | Y2: ='Hampshire Daily'!B5 -> 57 | Z2: ='Hampshire Daily'!C5 -> 29
A3: Hampshire | B3: =B2+1 -> 2 | C3: 10 | D3: 2021 | E3: =IF(('Hampshire Daily'!E6-'Hampshire Daily'!E5<0),"0",('Hampshire Daily'!E6-'Hampshire Daily'!E5)) -> 3055 | F3: =IF(('Hampshire Daily'!G6-'Hampshire Daily'!G5<0),"0",('Hampshire Daily'!G6-'Hampshire Daily'!G5)) -> 5325 | G3: =IF(('Hampshire Daily'!H6-'Hampshire Daily'!H5<0),"0",('Hampshire Daily'!H6-'Hampshire Daily'!H5)) -> 831 | H3: =IF(('Hampshire Daily'!I6-'Hampshire Daily'!I5<0),"0",('Hampshire Daily'!I6-'Hampshire Daily'!I5)) -> 2367.0968 | I3: =IF(('Hampshire Daily'!J6-'Hampshire Daily'!J5<0),"0",('Hampshire Daily'!J6-'Hampshire Daily'!J5)) -> 0.12903226 | J3: =IF(('Hampshire Daily'!L6-'Hampshire Daily'!L5<0),"0",('Hampshire Daily'!L6-'Hampshire Daily'!L5)) -> 0 | K3: =IF(('Hampshire Daily'!M6-'Hampshire Daily'!M5<0),"0",('Hampshire Daily'!M6-'Hampshire Daily'!M5)) -> 0 | L3: =IF(('Hampshire Daily'!N6-'Hampshire Daily'!N5<0),"0",('Hampshire Daily'!N6-'Hampshire Daily'!N5)) -> 2761 | M3: =IF(('Hampshire Daily'!O6-'Hampshire Daily'!O5<0),"0",('Hampshire Daily'!O6-'Hampshire Daily'!O5)) -> 79.333333 | N3: =IF(('Hampshire Daily'!P6-'Hampshire Daily'!P5<0),"0",('Hampshire Daily'!P6-'Hampshire Daily'!P5)) -> 0 | O3: =IF(('Hampshire Daily'!Q6-'Hampshire Daily'!Q5<0),"0",('Hampshire Daily'!Q6-'Hampshire Daily'!Q5)) -> 0 | P3: =IF(('Hampshire Daily'!R6-'Hampshire Daily'!R5<0),"0",('Hampshire Daily'!R6-'Hampshire Daily'!R5)) -> 52 | Q3: =IF(('Hampshire Daily'!S6-'Hampshire Daily'!S5<0),"0",('Hampshire Daily'!S6-'Hampshire Daily'!S5)) -> 45 | R3: =IF(('Hampshire Daily'!V6-'Hampshire Daily'!V5<0),"0",('Hampshire Daily'!V6-'Hampshire Daily'!V5)) -> 2 | S3: =IF(('Hampshire Daily'!W6-'Hampshire Daily'!W5<0),"0",('Hampshire Daily'!W6-'Hampshire Daily'!W5)) -> 0 | T3: =IF(('Hampshire Daily'!X6-'Hampshire Daily'!X5<0),"0",('Hampshire Daily'!X6-'Hampshire Daily'!X5)) -> 0.244 | U3: =IF(('Hampshire Daily'!Y6-'Hampshire Daily'!Y5<0),"0",('Hampshire Daily'!Y6-'Hampshire Daily'!Y5)) -> 0.009 | V3: =IF(('Hampshire Daily'!Z6-'Hampshire Daily'!Z5<0),"0",('Hampshire Daily'!Z6-'Hampshire Daily'!Z5)) -> 0 | W3: =IF(('Hampshire Daily'!AA6-'Hampshire Daily'!AA5<0),"0",('Hampshire Daily'!AA6-'Hampshire Daily'!AA5)) -> 4 | X3: =IF(('Hampshire Daily'!AA6-'Hampshire Daily'!AA5<0),"0",('Hampshire Daily'!AA6-'Hampshire Daily'!AA5)) -> 4 | Y3: ='Hampshire Daily'!B6 -> 62 | Z3: ='Hampshire Daily'!C6 -> 37
A4: Hampshire | B4: =B3+1 -> 3 | C4: 10 | D4: 2021 | E4: =IF(('Hampshire Daily'!E7-'Hampshire Daily'!E6<0),"0",('Hampshire Daily'!E7-'Hampshire Daily'!E6)) -> 3035 | F4: =IF(('Hampshire Daily'!G7-'Hampshire Daily'!G6<0),"0",('Hampshire Daily'!G7-'Hampshire Daily'!G6)) -> 5122 | G4: =IF(('Hampshire Daily'!H7-'Hampshire Daily'!H6<0),"0",('Hampshire Daily'!H7-'Hampshire Daily'!H6)) -> 844 | H4: =IF(('Hampshire Daily'!I7-'Hampshire Daily'!I6<0),"0",('Hampshire Daily'!I7-'Hampshire Daily'!I6)) -> 2367.0968 | I4: =IF(('Hampshire Daily'!J7-'Hampshire Daily'!J6<0),"0",('Hampshire Daily'!J7-'Hampshire Daily'!J6)) -> 0.12903226 | J4: =IF(('Hampshire Daily'!L7-'Hampshire Daily'!L6<0),"0",('Hampshire Daily'!L7-'Hampshire Daily'!L6)) -> 0 | K4: =IF(('Hampshire Daily'!M7-'Hampshire Daily'!M6<0),"0",('Hampshire Daily'!M7-'Hampshire Daily'!M6)) -> 200003 | L4: =IF(('Hampshire Daily'!N7-'Hampshire Daily'!N6<0),"0",('Hampshire Daily'!N7-'Hampshire Daily'!N6)) -> 2847 | M4: =IF(('Hampshire Daily'!O7-'Hampshire Daily'!O6<0),"0",('Hampshire Daily'!O7-'Hampshire Daily'!O6)) -> 79.333333 | N4: =IF(('Hampshire Daily'!P7-'Hampshire Daily'!P6<0),"0",('Hampshire Daily'!P7-'Hampshire Daily'!P6)) -> 0 | O4: =IF(('Hampshire Daily'!Q7-'Hampshire Daily'!Q6<0),"0",('Hampshire Daily'!Q7-'Hampshire Daily'!Q6)) -> 0 | P4: =IF(('Hampshire Daily'!R7-'Hampshire Daily'!R6<0),"0",('Hampshire Daily'!R7-'Hampshire Daily'!R6)) -> 48 | Q4: =IF(('Hampshire Daily'!S7-'Hampshire Daily'!S6<0),"0",('Hampshire Daily'!S7-'Hampshire Daily'!S6)) -> 48 | R4: =IF(('Hampshire Daily'!V7-'Hampshire Daily'!V6<0),"0",('Hampshire Daily'!V7-'Hampshire Daily'!V6)) -> 1 | S4: =IF(('Hampshire Daily'!W7-'Hampshire Daily'!W6<0),"0",('Hampshire Daily'!W7-'Hampshire Daily'!W6)) -> 0 | T4: =IF(('Hampshire Daily'!X7-'Hampshire Daily'!X6<0),"0",('Hampshire Daily'!X7-'Hampshire Daily'!X6)) -> 0.538 | U4: =IF(('Hampshire Daily'!Y7-'Hampshire Daily'!Y6<0),"0",('Hampshire Daily'!Y7-'Hampshire Daily'!Y6)) -> 0.011 | V4: =IF(('Hampshire Daily'!Z7-'Hampshire Daily'!Z6<0),"0",('Hampshire Daily'!Z7-'Hampshire Daily'!Z6)) -> 0 | W4: =IF(('Hampshire Daily'!AA7-'Hampshire Daily'!AA6<0),"0",('Hampshire Daily'!AA7-'Hampshire Daily'!AA6)) -> 4 | X4: =IF(('Hampshire Daily'!AA7-'Hampshire Daily'!AA6<0),"0",('Hampshire Daily'!AA7-'Hampshire Daily'!AA6)) -> 4 | Y4: ='Hampshire Daily'!B7 -> 196 | Z4: ='Hampshire Daily'!C7 -> 108
A5: Hampshire | B5: =B4+1 -> 4 | C5: 10 | D5: 2021 | E5: =IF(('Hampshire Daily'!E8-'Hampshire Daily'!E7<0),"0",('Hampshire Daily'!E8-'Hampshire Daily'!E7)) -> 3024 | F5: =IF(('Hampshire Daily'!G8-'Hampshire Daily'!G7<0),"0",('Hampshire Daily'!G8-'Hampshire Daily'!G7)) -> 5022 | G5: =IF(('Hampshire Daily'!H8-'Hampshire Daily'!H7<0),"0",('Hampshire Daily'!H8-'Hampshire Daily'!H7)) -> 811 | H5: =IF(('Hampshire Daily'!I8-'Hampshire Daily'!I7<0),"0",('Hampshire Daily'!I8-'Hampshire Daily'!I7)) -> 2367.0968 | I5: =IF(('Hampshire Daily'!J8-'Hampshire Daily'!J7<0),"0",('Hampshire Daily'!J8-'Hampshire Daily'!J7)) -> 0.12903226 | J5: =IF(('Hampshire Daily'!L8-'Hampshire Daily'!L7<0),"0",('Hampshire Daily'!L8-'Hampshire Daily'!L7)) -> 0 | K5: =IF(('Hampshire Daily'!M8-'Hampshire Daily'!M7<0),"0",('Hampshire Daily'!M8-'Hampshire Daily'!M7)) -> 3 | L5: =IF(('Hampshire Daily'!N8-'Hampshire Daily'!N7<0),"0",('Hampshire Daily'!N8-'Hampshire Daily'!N7)) -> 2365 | M5: =IF(('Hampshire Daily'!O8-'Hampshire Daily'!O7<0),"0",('Hampshire Daily'!O8-'Hampshire Daily'!O7)) -> 105 | N5: =IF(('Hampshire Daily'!P8-'Hampshire Daily'!P7<0),"0",('Hampshire Daily'!P8-'Hampshire Daily'!P7)) -> 0 | O5: =IF(('Hampshire Daily'!Q8-'Hampshire Daily'!Q7<0),"0",('Hampshire Daily'!Q8-'Hampshire Daily'!Q7)) -> 0 | P5: =IF(('Hampshire Daily'!R8-'Hampshire Daily'!R7<0),"0",('Hampshire Daily'!R8-'Hampshire Daily'!R7)) -> 56 | Q5: =IF(('Hampshire Daily'!S8-'Hampshire Daily'!S7<0),"0",('Hampshire Daily'!S8-'Hampshire Daily'!S7)) -> 70 | R5: =IF(('Hampshire Daily'!V8-'Hampshire Daily'!V7<0),"0",('Hampshire Daily'!V8-'Hampshire Daily'!V7)) -> 1 | S5: =IF(('Hampshire Daily'!W8-'Hampshire Daily'!W7<0),"0",('Hampshire Daily'!W8-'Hampshire Daily'!W7)) -> 0 | T5: =IF(('Hampshire Daily'!X8-'Hampshire Daily'!X7<0),"0",('Hampshire Daily'!X8-'Hampshire Daily'!X7)) -> 0.236 | U5: =IF(('Hampshire Daily'!Y8-'Hampshire Daily'!Y7<0),"0",('Hampshire Daily'!Y8-'Hampshire Daily'!Y7)) -> 0.01 | V5: =IF(('Hampshire Daily'!Z8-'Hampshire Daily'!Z7<0),"0",('Hampshire Daily'!Z8-'Hampshire Daily'!Z7)) -> 0 | W5: =IF(('Hampshire Daily'!AA8-'Hampshire Daily'!AA7<0),"0",('Hampshire Daily'!AA8-'Hampshire Daily'!AA7)) -> 4 | X5: =IF(('Hampshire Daily'!AA8-'Hampshire Daily'!AA7<0),"0",('Hampshire Daily'!AA8-'Hampshire Daily'!AA7)) -> 4 | Y5: ='Hampshire Daily'!B8 -> 146 | Z5: ='Hampshire Daily'!C8 -> 63
A6: Hampshire | B6: =B5+1 -> 5 | C6: 10 | D6: 2021 | E6: =IF(('Hampshire Daily'!E9-'Hampshire Daily'!E8<0),"0",('Hampshire Daily'!E9-'Hampshire Daily'!E8)) -> 2942 | F6: =IF(('Hampshire Daily'!G9-'Hampshire Daily'!G8<0),"0",('Hampshire Daily'!G9-'Hampshire Daily'!G8)) -> 5506 | G6: =IF(('Hampshire Daily'!H9-'Hampshire Daily'!H8<0),"0",('Hampshire Daily'!H9-'Hampshire Daily'!H8)) -> 770 | H6: =IF(('Hampshire Daily'!I9-'Hampshire Daily'!I8<0),"0",('Hampshire Daily'!I9-'Hampshire Daily'!I8)) -> 2367.0968 | I6: =IF(('Hampshire Daily'!J9-'Hampshire Daily'!J8<0),"0",('Hampshire Daily'!J9-'Hampshire Daily'!J8)) -> 0.12903226 | J6: =IF(('Hampshire Daily'!L9-'Hampshire Daily'!L8<0),"0",('Hampshire Daily'!L9-'Hampshire Daily'!L8)) -> 0 | K6: =IF(('Hampshire Daily'!M9-'Hampshire Daily'!M8<0),"0",('Hampshire Daily'!M9-'Hampshire Daily'!M8)) -> 7 | L6: =IF(('Hampshire Daily'!N9-'Hampshire Daily'!N8<0),"0",('Hampshire Daily'!N9-'Hampshire Daily'!N8)) -> 2799 | M6: =IF(('Hampshire Daily'!O9-'Hampshire Daily'!O8<0),"0",('Hampshire Daily'!O9-'Hampshire Daily'!O8)) -> 97 | N6: =IF(('Hampshire Daily'!P9-'Hampshire Daily'!P8<0),"0",('Hampshire Daily'!P9-'Hampshire Daily'!P8)) -> 0 | O6: =IF(('Hampshire Daily'!Q9-'Hampshire Daily'!Q8<0),"0",('Hampshire Daily'!Q9-'Hampshire Daily'!Q8)) -> 0 | P6: =IF(('Hampshire Daily'!R9-'Hampshire Daily'!R8<0),"0",('Hampshire Daily'!R9-'Hampshire Daily'!R8)) -> 55 | Q6: =IF(('Hampshire Daily'!S9-'Hampshire Daily'!S8<0),"0",('Hampshire Daily'!S9-'Hampshire Daily'!S8)) -> 66 | R6: =IF(('Hampshire Daily'!V9-'Hampshire Daily'!V8<0),"0",('Hampshire Daily'!V9-'Hampshire Daily'!V8)) -> 1 | S6: =IF(('Hampshire Daily'!W9-'Hampshire Daily'!W8<0),"0",('Hampshire Daily'!W9-'Hampshire Daily'!W8)) -> 0 | T6: =IF(('Hampshire Daily'!X9-'Hampshire Daily'!X8<0),"0",('Hampshire Daily'!X9-'Hampshire Daily'!X8)) -> 0.164 | U6: =IF(('Hampshire Daily'!Y9-'Hampshire Daily'!Y8<0),"0",('Hampshire Daily'!Y9-'Hampshire Daily'!Y8)) -> 0.009 | V6: =IF(('Hampshire Daily'!Z9-'Hampshire Daily'!Z8<0),"0",('Hampshire Daily'!Z9-'Hampshire Daily'!Z8)) -> 0 | W6: =IF(('Hampshire Daily'!AA9-'Hampshire Daily'!AA8<0),"0",('Hampshire Daily'!AA9-'Hampshire Daily'!AA8)) -> 6 | X6: =IF(('Hampshire Daily'!AA9-'Hampshire Daily'!AA8<0),"0",('Hampshire Daily'!AA9-'Hampshire Daily'!AA8)) -> 6 | Y6: ='Hampshire Daily'!B9 -> 74 | Z6: ='Hampshire Daily'!C9 -> 29
A7: Hampshire | B7: =B6+1 -> 6 | C7: 10 | D7: 2021 | E7: =IF(('Hampshire Daily'!E10-'Hampshire Daily'!E9<0),"0",('Hampshire Daily'!E10-'Hampshire Daily'!E9)) -> 2898 | F7: =IF(('Hampshire Daily'!G10-'Hampshire Daily'!G9<0),"0",('Hampshire Daily'!G10-'Hampshire Daily'!G9)) -> 5011 | G7: =IF(('Hampshire Daily'!H10-'Hampshire Daily'!H9<0),"0",('Hampshire Daily'!H10-'Hampshire Daily'!H9)) -> 810 | H7: =IF(('Hampshire Daily'!I10-'Hampshire Daily'!I9<0),"0",('Hampshire Daily'!I10-'Hampshire Daily'!I9)) -> 2367.0968 | I7: =IF(('Hampshire Daily'!J10-'Hampshire Daily'!J9<0),"0",('Hampshire Daily'!J10-'Hampshire Daily'!J9)) -> 0.12903226 | J7: =IF(('Hampshire Daily'!L10-'Hampshire Daily'!L9<0),"0",('Hampshire Daily'!L10-'Hampshire Daily'!L9)) -> 694229.28 | K7: =IF(('Hampshire Daily'!M10-'Hampshire Daily'!M9<0),"0",('Hampshire Daily'!M10-'Hampshire Daily'!M9)) -> 9 | L7: =IF(('Hampshire Daily'!N10-'Hampshire Daily'!N9<0),"0",('Hampshire Daily'!N10-'Hampshire Daily'!N9)) -> 2678 | M7: =IF(('Hampshire Daily'!O10-'Hampshire Daily'!O9<0),"0",('Hampshire Daily'!O10-'Hampshire Daily'!O9)) -> 103 | N7: =IF(('Hampshire Daily'!P10-'Hampshire Daily'!P9<0),"0",('Hampshire Daily'!P10-'Hampshire Daily'!P9)) -> 0 | O7: =IF(('Hampshire Daily'!Q10-'Hampshire Daily'!Q9<0),"0",('Hampshire Daily'!Q10-'Hampshire Daily'!Q9)) -> 0 | P7: =IF(('Hampshire Daily'!R10-'Hampshire Daily'!R9<0),"0",('Hampshire Daily'!R10-'Hampshire Daily'!R9)) -> 620333 | Q7: =IF(('Hampshire Daily'!S10-'Hampshire Daily'!S9<0),"0",('Hampshire Daily'!S10-'Hampshire Daily'!S9)) -> 106 | R7: =IF(('Hampshire Daily'!V10-'Hampshire Daily'!V9<0),"0",('Hampshire Daily'!V10-'Hampshire Daily'!V9)) -> 6 | S7: =IF(('Hampshire Daily'!W10-'Hampshire Daily'!W9<0),"0",('Hampshire Daily'!W10-'Hampshire Daily'!W9)) -> 0 | T7: =IF(('Hampshire Daily'!X10-'Hampshire Daily'!X9<0),"0",('Hampshire Daily'!X10-'Hampshire Daily'!X9)) -> 0.025 | U7: =IF(('Hampshire Daily'!Y10-'Hampshire Daily'!Y9<0),"0",('Hampshire Daily'!Y10-'Hampshire Daily'!Y9)) -> 0.011 | V7: =IF(('Hampshire Daily'!Z10-'Hampshire Daily'!Z9<0),"0",('Hampshire Daily'!Z10-'Hampshire Daily'!Z9)) -> 0 | W7: =IF(('Hampshire Daily'!AA10-'Hampshire Daily'!AA9<0),"0",('Hampshire Daily'!AA10-'Hampshire Daily'!AA9)) -> 6 | X7: =IF(('Hampshire Daily'!AA10-'Hampshire Daily'!AA9<0),"0",('Hampshire Daily'!AA10-'Hampshire Daily'!AA9)) -> 6 | Y7: ='Hampshire Daily'!B10 -> 73 | Z7: ='Hampshire Daily'!C10 -> 35
A8: Hampshire | B8: =B7+1 -> 7 | C8: 10 | D8: 2021 | E8: =IF(('Hampshire Daily'!E11-'Hampshire Daily'!E10<0),"0",('Hampshire Daily'!E11-'Hampshire Daily'!E10)) -> 2946 | F8: =IF(('Hampshire Daily'!G11-'Hampshire Daily'!G10<0),"0",('Hampshire Daily'!G11-'Hampshire Daily'!G10)) -> 4869 | G8: =IF(('Hampshire Daily'!H11-'Hampshire Daily'!H10<0),"0",('Hampshire Daily'!H11-'Hampshire Daily'!H10)) -> 794 | H8: =IF(('Hampshire Daily'!I11-'Hampshire Daily'!I10<0),"0",('Hampshire Daily'!I11-'Hampshire Daily'!I10)) -> 2367.0968 | I8: =IF(('Hampshire Daily'!J11-'Hampshire Daily'!J10<0),"0",('Hampshire Daily'!J11-'Hampshire Daily'!J10)) -> 0.12903226 | J8: =IF(('Hampshire Daily'!L11-'Hampshire Daily'!L10<0),"0",('Hampshire Daily'!L11-'Hampshire Daily'!L10)) -> 939 | K8: =IF(('Hampshire Daily'!M11-'Hampshire Daily'!M10<0),"0",('Hampshire Daily'!M11-'Hampshire Daily'!M10)) -> 8 | L8: =IF(('Hampshire Daily'!N11-'Hampshire Daily'!N10<0),"0",('Hampshire Daily'!N11-'Hampshire Daily'!N10)) -> 2691 | M8: =IF(('Hampshire Daily'!O11-'Hampshire Daily'!O10<0),"0",('Hampshire Daily'!O11-'Hampshire Daily'!O10)) -> 88 | N8: =IF(('Hampshire Daily'!P11-'Hampshire Daily'!P10<0),"0",('Hampshire Daily'!P11-'Hampshire Daily'!P10)) -> 0 | O8: =IF(('Hampshire Daily'!Q11-'Hampshire Daily'!Q10<0),"0",('Hampshire Daily'!Q11-'Hampshire Daily'!Q10)) -> 0 | P8: =IF(('Hampshire Daily'!R11-'Hampshire Daily'!R10<0),"0",('Hampshire Daily'!R11-'Hampshire Daily'!R10)) -> 489 | Q8: =IF(('Hampshire Daily'!S11-'Hampshire Daily'!S10<0),"0",('Hampshire Daily'!S11-'Hampshire Daily'!S10)) -> 2 | R8: =IF(('Hampshire Daily'!V11-'Hampshire Daily'!V10<0),"0",('Hampshire Daily'!V11-'Hampshire Daily'!V10)) -> 1 | S8: =IF(('Hampshire Daily'!W11-'Hampshire Daily'!W10<0),"0",('Hampshire Daily'!W11-'Hampshire Daily'!W10)) -> 0 | T8: =IF(('Hampshire Daily'!X11-'Hampshire Daily'!X10<0),"0",('Hampshire Daily'!X11-'Hampshire Daily'!X10)) -> 0.256 | U8: =IF(('Hampshire Daily'!Y11-'Hampshire Daily'!Y10<0),"0",('Hampshire Daily'!Y11-'Hampshire Daily'!Y10)) -> 0.01 | V8: =IF(('Hampshire Daily'!Z11-'Hampshire Daily'!Z10<0),"0",('Hampshire Daily'!Z11-'Hampshire Daily'!Z10)) -> 0 | W8: =IF(('Hampshire Daily'!AA11-'Hampshire Daily'!AA10<0),"0",('Hampshire Daily'!AA11-'Hampshire Daily'!AA10)) -> 4 | X8: =IF(('Hampshire Daily'!AA11-'Hampshire Daily'!AA10<0),"0",('Hampshire Daily'!AA11-'Hampshire Daily'!AA10)) -> 4 | Y8: ='Hampshire Daily'!B11 -> 65 | Z8: ='Hampshire Daily'!C11 -> 31
A9: Hampshire | B9: =B8+1 -> 8 | C9: 10 | D9: 2021 | E9: =IF(('Hampshire Daily'!E12-'Hampshire Daily'!E11<0),"0",('Hampshire Daily'!E12-'Hampshire Daily'!E11)) -> 5603 | F9: =IF(('Hampshire Daily'!G12-'Hampshire Daily'!G11<0),"0",('Hampshire Daily'!G12-'Hampshire Daily'!G11)) -> 5020 | G9: =IF(('Hampshire Daily'!H12-'Hampshire Daily'!H11<0),"0",('Hampshire Daily'!H12-'Hampshire Daily'!H11)) -> 897 | H9: =IF(('Hampshire Daily'!I12-'Hampshire Daily'!I11<0),"0",('Hampshire Daily'!I12-'Hampshire Daily'!I11)) -> 2367.0968 | I9: =IF(('Hampshire Daily'!J12-'Hampshire Daily'!J11<0),"0",('Hampshire Daily'!J12-'Hampshire Daily'!J11)) -> 0.12903226 | J9: =IF(('Hampshire Daily'!L12-'Hampshire Daily'!L11<0),"0",('Hampshire Daily'!L12-'Hampshire Daily'!L11)) -> 0.12903226 | K9: =IF(('Hampshire Daily'!M12-'Hampshire Daily'!M11<0),"0",('Hampshire Daily'!M12-'Hampshire Daily'!M11)) -> 829 | L9: =IF(('Hampshire Daily'!N12-'Hampshire Daily'!N11<0),"0",('Hampshire Daily'!N12-'Hampshire Daily'!N11)) -> 0 | M9: =IF(('Hampshire Daily'!O12-'Hampshire Daily'!O11<0),"0",('Hampshire Daily'!O12-'Hampshire Daily'!O11)) -> 80 | N9: =IF(('Hampshire Daily'!P12-'Hampshire Daily'!P11<0),"0",('Hampshire Daily'!P12-'Hampshire Daily'!P11)) -> 0 | O9: =IF(('Hampshire Daily'!Q12-'Hampshire Daily'!Q11<0),"0",('Hampshire Daily'!Q12-'Hampshire Daily'!Q11)) -> 0 | P9: =IF(('Hampshire Daily'!R12-'Hampshire Daily'!R11<0),"0",('Hampshire Daily'!R12-'Hampshire Daily'!R11)) -> 461 | Q9: =IF(('Hampshire Daily'!S12-'Hampshire Daily'!S11<0),"0",('Hampshire Daily'!S12-'Hampshire Daily'!S11)) -> 53 | R9: =IF(('Hampshire Daily'!V12-'Hampshire Daily'!V11<0),"0",('Hampshire Daily'!V12-'Hampshire Daily'!V11)) -> 0 | S9: =IF(('Hampshire Daily'!W12-'Hampshire Daily'!W11<0),"0",('Hampshire Daily'!W12-'Hampshire Daily'!W11)) -> 0 | T9: =IF(('Hampshire Daily'!X12-'Hampshire Daily'!X11<0),"0",('Hampshire Daily'!X12-'Hampshire Daily'!X11)) -> 0.196 | U9: =IF(('Hampshire Daily'!Y12-'Hampshire Daily'!Y11<0),"0",('Hampshire Daily'!Y12-'Hampshire Daily'!Y11)) -> 0.014 | V9: =IF(('Hampshire Daily'!Z12-'Hampshire Daily'!Z11<0),"0",('Hampshire Daily'!Z12-'Hampshire Daily'!Z11)) -> 0 | W9: =IF(('Hampshire Daily'!AA12-'Hampshire Daily'!AA11<0),"0",('Hampshire Daily'!AA12-'Hampshire Daily'!AA11)) -> 4 | X9: =IF(('Hampshire Daily'!AA12-'Hampshire Daily'!AA11<0),"0",('Hampshire Daily'!AA12-'Hampshire Daily'!AA11)) -> 4 | Y9: ='Hampshire Daily'!B12 -> 58 | Z9: ='Hampshire Daily'!C12 -> 24
A10: Hampshire | B10: =B9+1 -> 9 | C10: 10 | D10: 2021 | E10: =IF(('Hampshire Daily'!E13-'Hampshire Daily'!E12<0),"0",('Hampshire Daily'!E13-'Hampshire Daily'!E12)) -> 3320 | F10: =IF(('Hampshire Daily'!G13-'Hampshire Daily'!G12<0),"0",('Hampshire Daily'!G13-'Hampshire Daily'!G12)) -> 4972 | G10: =IF(('Hampshire Daily'!H13-'Hampshire Daily'!H12<0),"0",('Hampshire Daily'!H13-'Hampshire Daily'!H12)) -> 796 | H10: =IF(('Hampshire Daily'!I13-'Hampshire Daily'!I12<0),"0",('Hampshire Daily'!I13-'Hampshire Daily'!I12)) -> 2367.0968 | I10: =IF(('Hampshire Daily'!J13-'Hampshire Daily'!J12<0),"0",('Hampshire Daily'!J13-'Hampshire Daily'!J12)) -> 0.12903226 | J10: =IF(('Hampshire Daily'!L13-'Hampshire Daily'!L12<0),"0",('Hampshire Daily'!L13-'Hampshire Daily'!L12)) -> 0.12903226 | K10: =IF(('Hampshire Daily'!M13-'Hampshire Daily'!M12<0),"0",('Hampshire Daily'!M13-'Hampshire Daily'!M12)) -> 97 | L10: =IF(('Hampshire Daily'!N13-'Hampshire Daily'!N12<0),"0",('Hampshire Daily'!N13-'Hampshire Daily'!N12)) -> 6342 | M10: =IF(('Hampshire Daily'!O13-'Hampshire Daily'!O12<0),"0",('Hampshire Daily'!O13-'Hampshire Daily'!O12)) -> 113 | N10: =IF(('Hampshire Daily'!P13-'Hampshire Daily'!P12<0),"0",('Hampshire Daily'!P13-'Hampshire Daily'!P12)) -> 0 | O10: =IF(('Hampshire Daily'!Q13-'Hampshire Daily'!Q12<0),"0",('Hampshire Daily'!Q13-'Hampshire Daily'!Q12)) -> 0 | P10: =IF(('Hampshire Daily'!R13-'Hampshire Daily'!R12<0),"0",('Hampshire Daily'!R13-'Hampshire Daily'!R12)) -> 503 | Q10: =IF(('Hampshire Daily'!S13-'Hampshire Daily'!S12<0),"0",('Hampshire Daily'!S13-'Hampshire Daily'!S12)) -> 49 | R10: =IF(('Hampshire Daily'!V13-'Hampshire Daily'!V12<0),"0",('Hampshire Daily'!V13-'Hampshire Daily'!V12)) -> 2 | S10: =IF(('Hampshire Daily'!W13-'Hampshire Daily'!W12<0),"0",('Hampshire Daily'!W13-'Hampshire Daily'!W12)) -> 0 | T10: =IF(('Hampshire Daily'!X13-'Hampshire Daily'!X12<0),"0",('Hampshire Daily'!X13-'Hampshire Daily'!X12)) -> 0.289 | U10: =IF(('Hampshire Daily'!Y13-'Hampshire Daily'!Y12<0),"0",('Hampshire Daily'!Y13-'Hampshire Daily'!Y12)) -> 0.013 | V10: =IF(('Hampshire Daily'!Z13-'Hampshire Daily'!Z12<0),"0",('Hampshire Daily'!Z13-'Hampshire Daily'!Z12)) -> 0 | W10: =IF(('Hampshire Daily'!AA13-'Hampshire Daily'!AA12<0),"0",('Hampshire Daily'!AA13-'Hampshire Daily'!AA12)) -> 4 | X10: =IF(('Hampshire Daily'!AA13-'Hampshire Daily'!AA12<0),"0",('Hampshire Daily'!AA13-'Hampshire Daily'!AA12)) -> 4 | Y10: ='Hampshire Daily'!B13 -> 80 | Z10: ='Hampshire Daily'!C13 -> 45
A11: Hampshire | B11: =B10+1 -> 10 | C11: 10 | D11: 2021 | E11: =IF(('Hampshire Daily'!E14-'Hampshire Daily'!E13<0),"0",('Hampshire Daily'!E14-'Hampshire Daily'!E13)) -> 4653 | F11: =IF(('Hampshire Daily'!G14-'Hampshire Daily'!G13<0),"0",('Hampshire Daily'!G14-'Hampshire Daily'!G13)) -> 5202 | G11: =IF(('Hampshire Daily'!H14-'Hampshire Daily'!H13<0),"0",('Hampshire Daily'!H14-'Hampshire Daily'!H13)) -> 838 | H11: =IF(('Hampshire Daily'!I14-'Hampshire Daily'!I13<0),"0",('Hampshire Daily'!I14-'Hampshire Daily'!I13)) -> 2367.0968 | I11: =IF(('Hampshire Daily'!J14-'Hampshire Daily'!J13<0),"0",('Hampshire Daily'!J14-'Hampshire Daily'!J13)) -> 0.12903226 | J11: =IF(('Hampshire Daily'!L14-'Hampshire Daily'!L13<0),"0",('Hampshire Daily'!L14-'Hampshire Daily'!L13)) -> 0.12903226 | K11: =IF(('Hampshire Daily'!M14-'Hampshire Daily'!M13<0),"0",('Hampshire Daily'!M14-'Hampshire Daily'!M13)) -> 391 | L11: =IF(('Hampshire Daily'!N14-'Hampshire Daily'!N13<0),"0",('Hampshire Daily'!N14-'Hampshire Daily'!N13)) -> 2432 | M11: =IF(('Hampshire Daily'!O14-'Hampshire Daily'!O13<0),"0",('Hampshire Daily'!O14-'Hampshire Daily'!O13)) -> 85 | N11: =IF(('Hampshire Daily'!P14-'Hampshire Daily'!P13<0),"0",('Hampshire Daily'!P14-'Hampshire Daily'!P13)) -> 0 | O11: =IF(('Hampshire Daily'!Q14-'Hampshire Daily'!Q13<0),"0",('Hampshire Daily'!Q14-'Hampshire Daily'!Q13)) -> 0 | P11: =IF(('Hampshire Daily'!R14-'Hampshire Daily'!R13<0),"0",('Hampshire Daily'!R14-'Hampshire Daily'!R13)) -> 527 | Q11: =IF(('Hampshire Daily'!S14-'Hampshire Daily'!S13<0),"0",('Hampshire Daily'!S14-'Hampshire Daily'!S13)) -> 65 | R11: =IF(('Hampshire Daily'!V14-'Hampshire Daily'!V13<0),"0",('Hampshire Daily'!V14-'Hampshire Daily'!V13)) -> 1 | S11: =IF(('Hampshire Daily'!W14-'Hampshire Daily'!W13<0),"0",('Hampshire Daily'!W14-'Hampshire Daily'!W13)) -> 0.001 | T11: =IF(('Hampshire Daily'!X14-'Hampshire Daily'!X13<0),"0",('Hampshire Daily'!X14-'Hampshire Daily'!X13)) -> 0.055 | U11: =IF(('Hampshire Daily'!Y14-'Hampshire Daily'!Y13<0),"0",('Hampshire Daily'!Y14-'Hampshire Daily'!Y13)) -> 0.014 | V11: =IF(('Hampshire Daily'!Z14-'Hampshire Daily'!Z13<0),"0",('Hampshire Daily'!Z14-'Hampshire Daily'!Z13)) -> 0 | W11: =IF(('Hampshire Daily'!AA14-'Hampshire Daily'!AA13<0),"0",('Hampshire Daily'!AA14-'Hampshire Daily'!AA13)) -> 4 | X11: =IF(('Hampshire Daily'!AA14-'Hampshire Daily'!AA13<0),"0",('Hampshire Daily'!AA14-'Hampshire Daily'!AA13)) -> 4 | Y11: ='Hampshire Daily'!B14 -> 136 | Z11: ='Hampshire Daily'!C14 -> 54
A12: Hampshire | B12: =B11+1 -> 11 | C12: 10 | D12: 2021 | E12: =IF(('Hampshire Daily'!E15-'Hampshire Daily'!E14<0),"0",('Hampshire Daily'!E15-'Hampshire Daily'!E14)) -> 3891 | F12: =IF(('Hampshire Daily'!G15-'Hampshire Daily'!G14<0),"0",('Hampshire Daily'!G15-'Hampshire Daily'!G14)) -> 2862 | G12: =IF(('Hampshire Daily'!H15-'Hampshire Daily'!H14<0),"0",('Hampshire Daily'!H15-'Hampshire Daily'!H14)) -> 203 | H12: =IF(('Hampshire Daily'!I15-'Hampshire Daily'!I14<0),"0",('Hampshire Daily'!I15-'Hampshire Daily'!I14)) -> 2367.0968 | I12: =IF(('Hampshire Daily'!J15-'Hampshire Daily'!J14<0),"0",('Hampshire Daily'!J15-'Hampshire Daily'!J14)) -> 0.12903226 | J12: =IF(('Hampshire Daily'!L15-'Hampshire Daily'!L14<0),"0",('Hampshire Daily'!L15-'Hampshire Daily'!L14)) -> 0.12903226 | K12: =IF(('Hampshire Daily'!M15-'Hampshire Daily'!M14<0),"0",('Hampshire Daily'!M15-'Hampshire Daily'!M14)) -> 256 | L12: =IF(('Hampshire Daily'!N15-'Hampshire Daily'!N14<0),"0",('Hampshire Daily'!N15-'Hampshire Daily'!N14)) -> 0 | M12: =IF(('Hampshire Daily'!O15-'Hampshire Daily'!O14<0),"0",('Hampshire Daily'!O15-'Hampshire Daily'!O14)) -> 125 | N12: =IF(('Hampshire Daily'!P15-'Hampshire Daily'!P14<0),"0",('Hampshire Daily'!P15-'Hampshire Daily'!P14)) -> 0 | O12: =IF(('Hampshire Daily'!Q15-'Hampshire Daily'!Q14<0),"0",('Hampshire Daily'!Q15-'Hampshire Daily'!Q14)) -> 0 | P12: =IF(('Hampshire Daily'!R15-'Hampshire Daily'!R14<0),"0",('Hampshire Daily'!R15-'Hampshire Daily'!R14)) -> 495 | Q12: =IF(('Hampshire Daily'!S15-'Hampshire Daily'!S14<0),"0",('Hampshire Daily'!S15-'Hampshire Daily'!S14)) -> 66 | R12: =IF(('Hampshire Daily'!V15-'Hampshire Daily'!V14<0),"0",('Hampshire Daily'!V15-'Hampshire Daily'!V14)) -> 1 | S12: =IF(('Hampshire Daily'!W15-'Hampshire Daily'!W14<0),"0",('Hampshire Daily'!W15-'Hampshire Daily'!W14)) -> 0 | T12: =IF(('Hampshire Daily'!X15-'Hampshire Daily'!X14<0),"0",('Hampshire Daily'!X15-'Hampshire Daily'!X14)) -> 0.365 | U12: =IF(('Hampshire Daily'!Y15-'Hampshire Daily'!Y14<0),"0",('Hampshire Daily'!Y15-'Hampshire Daily'!Y14)) -> 0.011 | V12: =IF(('Hampshire Daily'!Z15-'Hampshire Daily'!Z14<0),"0",('Hampshire Daily'!Z15-'Hampshire Daily'!Z14)) -> 0 | W12: =IF(('Hampshire Daily'!AA15-'Hampshire Daily'!AA14<0),"0",('Hampshire Daily'!AA15-'Hampshire Daily'!AA14)) -> 7 | X12: =IF(('Hampshire Daily'!AA15-'Hampshire Daily'!AA14<0),"0",('Hampshire Daily'!AA15-'Hampshire Daily'!AA14)) -> 7 | Y12: ='Hampshire Daily'!B15 -> 149 | Z12: ='Hampshire Daily'!C15 -> 58
A13: Hampshire | B13: =B12+1 -> 12 | C13: 10 | D13: 2021 | E13: =IF(('Hampshire Daily'!E16-'Hampshire Daily'!E15<0),"0",('Hampshire Daily'!E16-'Hampshire Daily'!E15)) -> 2733 | F13: =IF(('Hampshire Daily'!G16-'Hampshire Daily'!G15<0),"0",('Hampshire Daily'!G16-'Hampshire Daily'!G15)) -> 1909 | G13: =IF(('Hampshire Daily'!H16-'Hampshire Daily'!H15<0),"0",('Hampshire Daily'!H16-'Hampshire Daily'!H15)) -> 0 | H13: =IF(('Hampshire Daily'!I16-'Hampshire Daily'!I15<0),"0",('Hampshire Daily'!I16-'Hampshire Daily'!I15)) -> 2367.0968 | I13: =IF(('Hampshire Daily'!J16-'Hampshire Daily'!J15<0),"0",('Hampshire Daily'!J16-'Hampshire Daily'!J15)) -> 0.12903226 | J13: =IF(('Hampshire Daily'!L16-'Hampshire Daily'!L15<0),"0",('Hampshire Daily'!L16-'Hampshire Daily'!L15)) -> 5488.4839 | K13: =IF(('Hampshire Daily'!M16-'Hampshire Daily'!M15<0),"0",('Hampshire Daily'!M16-'Hampshire Daily'!M15)) -> 4 | L13: =IF(('Hampshire Daily'!N16-'Hampshire Daily'!N15<0),"0",('Hampshire Daily'!N16-'Hampshire Daily'!N15)) -> 360816 | M13: =IF(('Hampshire Daily'!O16-'Hampshire Daily'!O15<0),"0",('Hampshire Daily'!O16-'Hampshire Daily'!O15)) -> 98 | N13: =IF(('Hampshire Daily'!P16-'Hampshire Daily'!P15<0),"0",('Hampshire Daily'!P16-'Hampshire Daily'!P15)) -> 0 | O13: =IF(('Hampshire Daily'!Q16-'Hampshire Daily'!Q15<0),"0",('Hampshire Daily'!Q16-'Hampshire Daily'!Q15)) -> 0 | P13: =IF(('Hampshire Daily'!R16-'Hampshire Daily'!R15<0),"0",('Hampshire Daily'!R16-'Hampshire Daily'!R15)) -> 555 | Q13: =IF(('Hampshire Daily'!S16-'Hampshire Daily'!S15<0),"0",('Hampshire Daily'!S16-'Hampshire Daily'!S15)) -> 68 | R13: =IF(('Hampshire Daily'!V16-'Hampshire Daily'!V15<0),"0",('Hampshire Daily'!V16-'Hampshire Daily'!V15)) -> 1 | S13: =IF(('Hampshire Daily'!W16-'Hampshire Daily'!W15<0),"0",('Hampshire Daily'!W16-'Hampshire Daily'!W15)) -> 0 | T13: =IF(('Hampshire Daily'!X16-'Hampshire Daily'!X15<0),"0",('Hampshire Daily'!X16-'Hampshire Daily'!X15)) -> 0.091 | U13: =IF(('Hampshire Daily'!Y16-'Hampshire Daily'!Y15<0),"0",('Hampshire Daily'!Y16-'Hampshire Daily'!Y15)) -> 0.01 | V13: =IF(('Hampshire Daily'!Z16-'Hampshire Daily'!Z15<0),"0",('Hampshire Daily'!Z16-'Hampshire Daily'!Z15)) -> 0 | W13: =IF(('Hampshire Daily'!AA16-'Hampshire Daily'!AA15<0),"0",('Hampshire Daily'!AA16-'Hampshire Daily'!AA15)) -> 6.5 | X13: =IF(('Hampshire Daily'!AA16-'Hampshire Daily'!AA15<0),"0",('Hampshire Daily'!AA16-'Hampshire Daily'!AA15)) -> 6.5 | Y13: ='Hampshire Daily'!B16 -> 128 | Z13: ='Hampshire Daily'!C16 -> 50
A14: Hampshire | B14: =B13+1 -> 13 | C14: 10 | D14: 2021 | E14: =IF(('Hampshire Daily'!E17-'Hampshire Daily'!E16<0),"0",('Hampshire Daily'!E17-'Hampshire Daily'!E16)) -> 2781 | F14: =IF(('Hampshire Daily'!G17-'Hampshire Daily'!G16<0),"0",('Hampshire Daily'!G17-'Hampshire Daily'!G16)) -> 2258 | G14: =IF(('Hampshire Daily'!H17-'Hampshire Daily'!H16<0),"0",('Hampshire Daily'!H17-'Hampshire Daily'!H16)) -> 90 | H14: =IF(('Hampshire Daily'!I17-'Hampshire Daily'!I16<0),"0",('Hampshire Daily'!I17-'Hampshire Daily'!I16)) -> 2367.0968 | I14: =IF(('Hampshire Daily'!J17-'Hampshire Daily'!J16<0),"0",('Hampshire Daily'!J17-'Hampshire Daily'!J16)) -> 0.12903226 | J14: =IF(('Hampshire Daily'!L17-'Hampshire Daily'!L16<0),"0",('Hampshire Daily'!L17-'Hampshire Daily'!L16)) -> 966 | K14: =IF(('Hampshire Daily'!M17-'Hampshire Daily'!M16<0),"0",('Hampshire Daily'!M17-'Hampshire Daily'!M16)) -> 1 | L14: =IF(('Hampshire Daily'!N17-'Hampshire Daily'!N16<0),"0",('Hampshire Daily'!N17-'Hampshire Daily'!N16)) -> 2512 | M14: =IF(('Hampshire Daily'!O17-'Hampshire Daily'!O16<0),"0",('Hampshire Daily'!O17-'Hampshire Daily'!O16)) -> 99 | N14: =IF(('Hampshire Daily'!P17-'Hampshire Daily'!P16<0),"0",('Hampshire Daily'!P17-'Hampshire Daily'!P16)) -> 0 | O14: =IF(('Hampshire Daily'!Q17-'Hampshire Daily'!Q16<0),"0",('Hampshire Daily'!Q17-'Hampshire Daily'!Q16)) -> 0 | P14: =IF(('Hampshire Daily'!R17-'Hampshire Daily'!R16<0),"0",('Hampshire Daily'!R17-'Hampshire Daily'!R16)) -> 674 | Q14: =IF(('Hampshire Daily'!S17-'Hampshire Daily'!S16<0),"0",('Hampshire Daily'!S17-'Hampshire Daily'!S16)) -> 73 | R14: =IF(('Hampshire Daily'!V17-'Hampshire Daily'!V16<0),"0",('Hampshire Daily'!V17-'Hampshire Daily'!V16)) -> 7 | S14: =IF(('Hampshire Daily'!W17-'Hampshire Daily'!W16<0),"0",('Hampshire Daily'!W17-'Hampshire Daily'!W16)) -> 0 | T14: =IF(('Hampshire Daily'!X17-'Hampshire Daily'!X16<0),"0",('Hampshire Daily'!X17-'Hampshire Daily'!X16)) -> 0.11 | U14: =IF(('Hampshire Daily'!Y17-'Hampshire Daily'!Y16<0),"0",('Hampshire Daily'!Y17-'Hampshire Daily'!Y16)) -> 0.011 | V14: =IF(('Hampshire Daily'!Z17-'Hampshire Daily'!Z16<0),"0",('Hampshire Daily'!Z17-'Hampshire Daily'!Z16)) -> 0 | W14: =IF(('Hampshire Daily'!AA17-'Hampshire Daily'!AA16<0),"0",('Hampshire Daily'!AA17-'Hampshire Daily'!AA16)) -> 6.5 | X14: =IF(('Hampshire Daily'!AA17-'Hampshire Daily'!AA16<0),"0",('Hampshire Daily'!AA17-'Hampshire Daily'!AA16)) -> 6.5 | Y14: ='Hampshire Daily'!B17 -> 110 | Z14: ='Hampshire Daily'!C17 -> 39
... A20: Hampshire | B20: =B19+1 -> 19 | C20: 10 | D20: 2021 | E20: =IF(('Hampshire Daily'!E23-'Hampshire Daily'!E22<0),"0",('Hampshire Daily'!E23-'Hampshire Daily'!E22)) -> 2662 | F20: =IF(('Hampshire Daily'!G23-'Hampshire Daily'!G22<0),"0",('Hampshire Daily'!G23-'Hampshire Daily'!G22)) -> 6250 | G20: =IF(('Hampshire Daily'!H23-'Hampshire Daily'!H22<0),"0",('Hampshire Daily'!H23-'Hampshire Daily'!H22)) -> 791 | H20: =IF(('Hampshire Daily'!I23-'Hampshire Daily'!I22<0),"0",('Hampshire Daily'!I23-'Hampshire Daily'!I22)) -> 2367.0968 | I20: =IF(('Hampshire Daily'!J23-'Hampshire Daily'!J22<0),"0",('Hampshire Daily'!J23-'Hampshire Daily'!J22)) -> 0.12903226 | J20: =IF(('Hampshire Daily'!L23-'Hampshire Daily'!L22<0),"0",('Hampshire Daily'!L23-'Hampshire Daily'!L22)) -> 0.12903226 | K20: =IF(('Hampshire Daily'!M23-'Hampshire Daily'!M22<0),"0",('Hampshire Daily'!M23-'Hampshire Daily'!M22)) -> 4 | L20: =IF(('Hampshire Daily'!N23-'Hampshire Daily'!N22<0),"0",('Hampshire Daily'!N23-'Hampshire Daily'!N22)) -> 2430 | M20: =IF(('Hampshire Daily'!O23-'Hampshire Daily'!O22<0),"0",('Hampshire Daily'!O23-'Hampshire Daily'!O22)) -> 128 | N20: =IF(('Hampshire Daily'!P23-'Hampshire Daily'!P22<0),"0",('Hampshire Daily'!P23-'Hampshire Daily'!P22)) -> 435 | O20: =IF(('Hampshire Daily'!Q23-'Hampshire Daily'!Q22<0),"0",('Hampshire Daily'!Q23-'Hampshire Daily'!Q22)) -> 0 | P20: =IF(('Hampshire Daily'!R23-'Hampshire Daily'!R22<0),"0",('Hampshire Daily'!R23-'Hampshire Daily'!R22)) -> 315 | Q20: =IF(('Hampshire Daily'!S23-'Hampshire Daily'!S22<0),"0",('Hampshire Daily'!S23-'Hampshire Daily'!S22)) -> 82 | R20: =IF(('Hampshire Daily'!V23-'Hampshire Daily'!V22<0),"0",('Hampshire Daily'!V23-'Hampshire Daily'!V22)) -> 1 | S20: =IF(('Hampshire Daily'!W23-'Hampshire Daily'!W22<0),"0",('Hampshire Daily'!W23-'Hampshire Daily'!W22)) -> 0 | T20: =IF(('Hampshire Daily'!X23-'Hampshire Daily'!X22<0),"0",('Hampshire Daily'!X23-'Hampshire Daily'!X22)) -> 0.192 | U20: =IF(('Hampshire Daily'!Y23-'Hampshire Daily'!Y22<0),"0",('Hampshire Daily'!Y23-'Hampshire Daily'!Y22)) -> 0.017 | V20: =IF(('Hampshire Daily'!Z23-'Hampshire Daily'!Z22<0),"0",('Hampshire Daily'!Z23-'Hampshire Daily'!Z22)) -> 0 | W20: =IF(('Hampshire Daily'!AA23-'Hampshire Daily'!AA22<0),"0",('Hampshire Daily'!AA23-'Hampshire Daily'!AA22)) -> 6 | X20: =IF(('Hampshire Daily'!AA23-'Hampshire Daily'!AA22<0),"0",('Hampshire Daily'!AA23-'Hampshire Daily'!AA22)) -> 6 | Y20: ='Hampshire Daily'!B23 -> 195 | Z20: ='Hampshire Daily'!C23 -> 66
A21: Hampshire | B21: =B20+1 -> 20 | C21: 10 | D21: 2021 | E21: =IF(('Hampshire Daily'!D24-'Hampshire Daily'!E23<0),"0",('Hampshire Daily'!D24-'Hampshire Daily'!E23)) -> 957 | F21: =IF(('Hampshire Daily'!F24-'Hampshire Daily'!G23<0),"0",('Hampshire Daily'!F24-'Hampshire Daily'!G23)) -> 7012 | G21: =IF(('Hampshire Daily'!H24-'Hampshire Daily'!H23<0),"0",('Hampshire Daily'!H24-'Hampshire Daily'!H23)) -> 818 | H21: =IF(('Hampshire Daily'!I24-'Hampshire Daily'!I23<0),"0",('Hampshire Daily'!I24-'Hampshire Daily'!I23)) -> 2367.0968 | I21: =IF(('Hampshire Daily'!J24-'Hampshire Daily'!J23<0),"0",('Hampshire Daily'!J24-'Hampshire Daily'!J23)) -> 0.12903226 | J21: =IF(('Hampshire Daily'!K24-'Hampshire Daily'!L23<0),"0",('Hampshire Daily'!K24-'Hampshire Daily'!L23)) -> 3910828.7 | K21: =IF(('Hampshire Daily'!L24-'Hampshire Daily'!M23<0),"0",('Hampshire Daily'!L24-'Hampshire Daily'!M23)) -> 0 | L21: =IF(('Hampshire Daily'!M24-'Hampshire Daily'!N23<0),"0",('Hampshire Daily'!M24-'Hampshire Daily'!N23)) -> 1213770 | M21: 128 | N21: =IF(('Hampshire Daily'!O24-'Hampshire Daily'!P23<0),"0",('Hampshire Daily'!O24-'Hampshire Daily'!P23)) -> 0 | O21: =IF(('Hampshire Daily'!P24-'Hampshire Daily'!Q23<0),"0",('Hampshire Daily'!P24-'Hampshire Daily'!Q23)) -> 1528349 | P21: =IF(('Hampshire Daily'!Q24-'Hampshire Daily'!R23<0),"0",('Hampshire Daily'!Q24-'Hampshire Daily'!R23)) -> 0 | Q21: =IF(('Hampshire Daily'!R24-'Hampshire Daily'!S23<0),"0",('Hampshire Daily'!R24-'Hampshire Daily'!S23)) -> 351728 | R21: =IF(('Hampshire Daily'!U24-'Hampshire Daily'!V23<0),"0",('Hampshire Daily'!U24-'Hampshire Daily'!V23)) -> 21739 | S21: =IF(('Hampshire Daily'!V24-'Hampshire Daily'!W23<0),"0",('Hampshire Daily'!V24-'Hampshire Daily'!W23)) -> 30558.669 | T21: =IF(('Hampshire Daily'!W24-'Hampshire Daily'!X23<0),"0",('Hampshire Daily'!W24-'Hampshire Daily'!X23)) -> 0 | U21: =IF(('Hampshire Daily'!X24-'Hampshire Daily'!Y23<0),"0",('Hampshire Daily'!X24-'Hampshire Daily'!Y23)) -> 0 | V21: =IF(('Hampshire Daily'!Y24-'Hampshire Daily'!Z23<0),"0",('Hampshire Daily'!Y24-'Hampshire Daily'!Z23)) -> 0 | W21: =IF(('Hampshire Daily'!Z24-'Hampshire Daily'!AA23<0),"0",('Hampshire Daily'!Z24-'Hampshire Daily'!AA23)) -> 1667 | X21: =IF(('Hampshire Daily'!AA24-'Hampshire Daily'!AA23<0),"0",('Hampshire Daily'!AA24-'Hampshire Daily'!AA23)) -> 6 | Y21: ='Hampshire Daily'!B24 -> 206 | Z21: ='Hampshire Daily'!C24 -> 69
A22: Hampshire | B22: =B21+1 -> 21 | C22: 10 | D22: 2021 | E22: =IF(('Hampshire Daily'!D25-'Hampshire Daily'!D24<0),"0",('Hampshire Daily'!D25-'Hampshire Daily'!D24)) -> 3123 | F22: =IF(('Hampshire Daily'!F25-'Hampshire Daily'!F24<0),"0",('Hampshire Daily'!F25-'Hampshire Daily'!F24)) -> 6345 | G22: =IF(('Hampshire Daily'!H25-'Hampshire Daily'!H24<0),"0",('Hampshire Daily'!H25-'Hampshire Daily'!H24)) -> 841 | H22: =IF(('Hampshire Daily'!I25-'Hampshire Daily'!I24<0),"0",('Hampshire Daily'!I25-'Hampshire Daily'!I24)) -> 2367.0968 | I22: =IF(('Hampshire Daily'!J25-'Hampshire Daily'!J24<0),"0",('Hampshire Daily'!J25-'Hampshire Daily'!J24)) -> 0.12903226 | J22: =IF(('Hampshire Daily'!K25-'Hampshire Daily'!K24<0),"0",('Hampshire Daily'!K25-'Hampshire Daily'!K24)) -> 69539.419 | K22: =IF(('Hampshire Daily'!L25-'Hampshire Daily'!L24<0),"0",('Hampshire Daily'!L25-'Hampshire Daily'!L24)) -> 0.12903226 | L22: =IF(('Hampshire Daily'!M25-'Hampshire Daily'!M24<0),"0",('Hampshire Daily'!M25-'Hampshire Daily'!M24)) -> 7 | M22: =IF(('Hampshire Daily'!N25-'Hampshire Daily'!N24<0),"0",('Hampshire Daily'!N25-'Hampshire Daily'!N24)) -> 2716 | N22: =IF(('Hampshire Daily'!O25-'Hampshire Daily'!O24<0),"0",('Hampshire Daily'!O25-'Hampshire Daily'!O24)) -> 116.5 | ... Q22: =IF(('Hampshire Daily'!R25-'Hampshire Daily'!R24<0),"0",('Hampshire Daily'!R25-'Hampshire Daily'!R24)) -> 402 | R22: =IF(('Hampshire Daily'!U25-'Hampshire Daily'!U24<0),"0",('Hampshire Daily'!U25-'Hampshire Daily'!U24)) -> 14 | S22: =IF(('Hampshire Daily'!V25-'Hampshire Daily'!V24<0),"0",('Hampshire Daily'!V25-'Hampshire Daily'!V24)) -> 0 | T22: =IF(('Hampshire Daily'!W25-'Hampshire Daily'!W24<0),"0",('Hampshire Daily'!W25-'Hampshire Daily'!W24)) -> 0 | U22: =IF(('Hampshire Daily'!X25-'Hampshire Daily'!X24<0),"0",('Hampshire Daily'!X25-'Hampshire Daily'!X24)) -> 0.053 | V22: =IF(('Hampshire Daily'!Y25-'Hampshire Daily'!Y24<0),"0",('Hampshire Daily'!Y25-'Hampshire Daily'!Y24)) -> 0.013 | W22: =IF(('Hampshire Daily'!Z25-'Hampshire Daily'!Z24<0),"0",('Hampshire Daily'!Z25-'Hampshire Daily'!Z24)) -> 0 | X22: =IF(('Hampshire Daily'!AA25-'Hampshire Daily'!AA24<0),"0",('Hampshire Daily'!AA25-'Hampshire Daily'!AA24)) -> 5 | Y22: ='Hampshire Daily'!B25 -> 208 | Z22: ='Hampshire Daily'!C25 -> 70
A23: Hampshire | B23: =B22+1 -> 22 | C23: 10 | D23: 2021 | E23: =IF(('Hampshire Daily'!D26-'Hampshire Daily'!D25<0),"0",('Hampshire Daily'!D26-'Hampshire Daily'!D25)) -> 2937 | F23: =IF(('Hampshire Daily'!F26-'Hampshire Daily'!F25<0),"0",('Hampshire Daily'!F26-'Hampshire Daily'!F25)) -> 5314 | G23: =IF(('Hampshire Daily'!H26-'Hampshire Daily'!H25<0),"0",('Hampshire Daily'!H26-'Hampshire Daily'!H25)) -> 845 | H23: =IF(('Hampshire Daily'!I26-'Hampshire Daily'!I25<0),"0",('Hampshire Daily'!I26-'Hampshire Daily'!I25)) -> 2367.0968 | I23: =IF(('Hampshire Daily'!J26-'Hampshire Daily'!J25<0),"0",('Hampshire Daily'!J26-'Hampshire Daily'!J25)) -> 0.12903226 | J23: =IF(('Hampshire Daily'!K26-'Hampshire Daily'!K25<0),"0",('Hampshire Daily'!K26-'Hampshire Daily'!K25)) -> 69539.419 | K23: =IF(('Hampshire Daily'!L26-'Hampshire Daily'!L25<0),"0",('Hampshire Daily'!L26-'Hampshire Daily'!L25)) -> 9935.0968 | L23: =IF(('Hampshire Daily'!M26-'Hampshire Daily'!M25<0),"0",('Hampshire Daily'!M26-'Hampshire Daily'!M25)) -> 0 | M23: =IF(('Hampshire Daily'!N26-'Hampshire Daily'!N25<0),"0",('Hampshire Daily'!N26-'Hampshire Daily'!N25)) -> 2687 | N23: =IF(('Hampshire Daily'!O26-'Hampshire Daily'!O25<0),"0",('Hampshire Daily'!O26-'Hampshire Daily'!O25)) -> 116.5 | ... Q23: =IF(('Hampshire Daily'!R26-'Hampshire Daily'!R25<0),"0",('Hampshire Daily'!R26-'Hampshire Daily'!R25)) -> 569 | R23: =IF(('Hampshire Daily'!U26-'Hampshire Daily'!U25<0),"0",('Hampshire Daily'!U26-'Hampshire Daily'!U25)) -> 10 | S23: =IF(('Hampshire Daily'!V26-'Hampshire Daily'!V25<0),"0",('Hampshire Daily'!V26-'Hampshire Daily'!V25)) -> 2 | T23: =IF(('Hampshire Daily'!W26-'Hampshire Daily'!W25<0),"0",('Hampshire Daily'!W26-'Hampshire Daily'!W25)) -> 0 | U23: =IF(('Hampshire Daily'!X26-'Hampshire Daily'!X25<0),"0",('Hampshire Daily'!X26-'Hampshire Daily'!X25)) -> 0.427 | V23: =IF(('Hampshire Daily'!Y26-'Hampshire Daily'!Y25<0),"0",('Hampshire Daily'!Y26-'Hampshire Daily'!Y25)) -> 0.01 | W23: =IF(('Hampshire Daily'!Z26-'Hampshire Daily'!Z25<0),"0",('Hampshire Daily'!Z26-'Hampshire Daily'!Z25)) -> 0 | X23: =IF(('Hampshire Daily'!AA26-'Hampshire Daily'!AA25<0),"0",('Hampshire Daily'!AA26-'Hampshire Daily'!AA25)) -> 6 | Y23: ='Hampshire Daily'!B26 -> 185 | Z23: ='Hampshire Daily'!C26 -> 64
A24: Hampshire | B24: =B23+1 -> 23 | C24: 10 | D24: 2021 | E24: =IF(('Hampshire Daily'!D27-'Hampshire Daily'!D26<0),"0",('Hampshire Daily'!D27-'Hampshire Daily'!D26)) -> 3022 | F24: =IF(('Hampshire Daily'!F27-'Hampshire Daily'!F26<0),"0",('Hampshire Daily'!F27-'Hampshire Daily'!F26)) -> 5411 | G24: =IF(('Hampshire Daily'!H27-'Hampshire Daily'!H26<0),"0",('Hampshire Daily'!H27-'Hampshire Daily'!H26)) -> 813 | H24: =IF(('Hampshire Daily'!I27-'Hampshire Daily'!I26<0),"0",('Hampshire Daily'!I27-'Hampshire Daily'!I26)) -> 2367.0968 | I24: =IF(('Hampshire Daily'!J27-'Hampshire Daily'!J26<0),"0",('Hampshire Daily'!J27-'Hampshire Daily'!J26)) -> 0.12903226 | J24: =IF(('Hampshire Daily'!K27-'Hampshire Daily'!K26<0),"0",('Hampshire Daily'!K27-'Hampshire Daily'!K26)) -> 69539.419 | K24: =IF(('Hampshire Daily'!L27-'Hampshire Daily'!L26<0),"0",('Hampshire Daily'!L27-'Hampshire Daily'!L26)) -> 1297 | L24: =IF(('Hampshire Daily'!M27-'Hampshire Daily'!M26<0),"0",('Hampshire Daily'!M27-'Hampshire Daily'!M26)) -> 2009 | M24: =IF(('Hampshire Daily'!N27-'Hampshire Daily'!N26<0),"0",('Hampshire Daily'!N27-'Hampshire Daily'!N26)) -> 2703 | N24: =IF(('Hampshire Daily'!O27-'Hampshire Daily'!O26<0),"0",('Hampshire Daily'!O27-'Hampshire Daily'!O26)) -> 124 | ... Q24: =IF(('Hampshire Daily'!R27-'Hampshire Daily'!R26<0),"0",('Hampshire Daily'!R27-'Hampshire Daily'!R26)) -> 605 | R24: =IF(('Hampshire Daily'!U27-'Hampshire Daily'!U26<0),"0",('Hampshire Daily'!U27-'Hampshire Daily'!U26)) -> 10 | S24: =IF(('Hampshire Daily'!V27-'Hampshire Daily'!V26<0),"0",('Hampshire Daily'!V27-'Hampshire Daily'!V26)) -> 1 | T24: =IF(('Hampshire Daily'!W27-'Hampshire Daily'!W26<0),"0",('Hampshire Daily'!W27-'Hampshire Daily'!W26)) -> #VALUE! | U24: =IF(('Hampshire Daily'!X27-'Hampshire Daily'!X26<0),"0",('Hampshire Daily'!X27-'Hampshire Daily'!X26)) -> 0.24 | V24: =IF(('Hampshire Daily'!Y27-'Hampshire Daily'!Y26<0),"0",('Hampshire Daily'!Y27-'Hampshire Daily'!Y26)) -> 0.033 | W24: =IF(('Hampshire Daily'!Z27-'Hampshire Daily'!Z26<0),"0",('Hampshire Daily'!Z27-'Hampshire Daily'!Z26)) -> 0 | X24: =IF(('Hampshire Daily'!AA27-'Hampshire Daily'!AA26<0),"0",('Hampshire Daily'!AA27-'Hampshire Daily'!AA26)) -> 5 | Y24: ='Hampshire Daily'!B27 -> 194 | Z24: ='Hampshire Daily'!C27 -> 77
A25: Hampshire | B25: =B24+1 -> 24 | C25: 10 | D25: 2021 | E25: =IF(('Hampshire Daily'!D28-'Hampshire Daily'!D27<0),"0",('Hampshire Daily'!D28-'Hampshire Daily'!D27)) -> 3296 | F25: =IF(('Hampshire Daily'!F28-'Hampshire Daily'!F27<0),"0",('Hampshire Daily'!F28-'Hampshire Daily'!F27)) -> 2504 | G25: =IF(('Hampshire Daily'!H28-'Hampshire Daily'!H27<0),"0",('Hampshire Daily'!H28-'Hampshire Daily'!H27)) -> 82 | H25: =IF(('Hampshire Daily'!I28-'Hampshire Daily'!I27<0),"0",('Hampshire Daily'!I28-'Hampshire Daily'!I27)) -> 2367.0968 | I25: =IF(('Hampshire Daily'!J28-'Hampshire Daily'!J27<0),"0",('Hampshire Daily'!J28-'Hampshire Daily'!J27)) -> 0.12903226 | J25: =IF(('Hampshire Daily'!K28-'Hampshire Daily'!K27<0),"0",('Hampshire Daily'!K28-'Hampshire Daily'!K27)) -> 69539.419 | K25: =IF(('Hampshire Daily'!L28-'Hampshire Daily'!L27<0),"0",('Hampshire Daily'!L28-'Hampshire Daily'!L27)) -> 1410 | L25: =IF(('Hampshire Daily'!M28-'Hampshire Daily'!M27<0),"0",('Hampshire Daily'!M28-'Hampshire Daily'!M27)) -> 3 | M25: =IF(('Hampshire Daily'!N28-'Hampshire Daily'!N27<0),"0",('Hampshire Daily'!N28-'Hampshire Daily'!N27)) -> 2909 | N25: =IF(('Hampshire Daily'!O28-'Hampshire Daily'!O27<0),"0",('Hampshire Daily'!O28-'Hampshire Daily'!O27)) -> 123 | ... Q25: =IF(('Hampshire Daily'!R28-'Hampshire Daily'!R27<0),"0",('Hampshire Daily'!R28-'Hampshire Daily'!R27)) -> 696 | R25: =IF(('Hampshire Daily'!U28-'Hampshire Daily'!U27<0),"0",('Hampshire Daily'!U28-'Hampshire Daily'!U27)) -> 11 | S25: =IF(('Hampshire Daily'!V28-'Hampshire Daily'!V27<0),"0",('Hampshire Daily'!V28-'Hampshire Daily'!V27)) -> 1 | T25: =IF(('Hampshire Daily'!W28-'Hampshire Daily'!W27<0),"0",('Hampshire Daily'!W28-'Hampshire Daily'!W27)) -> #VALUE! | U25: =IF(('Hampshire Daily'!X28-'Hampshire Daily'!X27<0),"0",('Hampshire Daily'!X28-'Hampshire Daily'!X27)) -> 0.165 | V25: =IF(('Hampshire Daily'!Y28-'Hampshire Daily'!Y27<0),"0",('Hampshire Daily'!Y28-'Hampshire Daily'!Y27)) -> 0 | W25: =IF(('Hampshire Daily'!Z28-'Hampshire Daily'!Z27<0),"0",('Hampshire Daily'!Z28-'Hampshire Daily'!Z27)) -> 0 | X25: =IF(('Hampshire Daily'!AA28-'Hampshire Daily'!AA27<0),"0",('Hampshire Daily'!AA28-'Hampshire Daily'!AA27)) -> 5 | Y25: ='Hampshire Daily'!B28 -> 233 | Z25: ='Hampshire Daily'!C28 -> 96
A26: Hampshire | B26: =B25+1 -> 25 | C26: 10 | D26: 2021 | E26: =IF(('Hampshire Daily'!D29-'Hampshire Daily'!D28<0),"0",('Hampshire Daily'!D29-'Hampshire Daily'!D28)) -> 3140 | F26: =IF(('Hampshire Daily'!F29-'Hampshire Daily'!F28<0),"0",('Hampshire Daily'!F29-'Hampshire Daily'!F28)) -> 2195 | G26: =IF(('Hampshire Daily'!H29-'Hampshire Daily'!H28<0),"0",('Hampshire Daily'!H29-'Hampshire Daily'!H28)) -> 0 | H26: =IF(('Hampshire Daily'!I29-'Hampshire Daily'!I28<0),"0",('Hampshire Daily'!I29-'Hampshire Daily'!I28)) -> 2367.0968 | I26: =IF(('Hampshire Daily'!J29-'Hampshire Daily'!J28<0),"0",('Hampshire Daily'!J29-'Hampshire Daily'!J28)) -> 0.12903226 | J26: =IF(('Hampshire Daily'!K29-'Hampshire Daily'!K28<0),"0",('Hampshire Daily'!K29-'Hampshire Daily'!K28)) -> 69539.419 | K26: =IF(('Hampshire Daily'!L29-'Hampshire Daily'!L28<0),"0",('Hampshire Daily'!L29-'Hampshire Daily'!L28)) -> 1489 | L26: =IF(('Hampshire Daily'!M29-'Hampshire Daily'!M28<0),"0",('Hampshire Daily'!M29-'Hampshire Daily'!M28)) -> 3 | M26: =IF(('Hampshire Daily'!N29-'Hampshire Daily'!N28<0),"0",('Hampshire Daily'!N29-'Hampshire Daily'!N28)) -> 2812 | N26: =IF(('Hampshire Daily'!O29-'Hampshire Daily'!O28<0),"0",('Hampshire Daily'!O29-'Hampshire Daily'!O28)) -> 156 | ... Q26: =IF(('Hampshire Daily'!R29-'Hampshire Daily'!R28<0),"0",('Hampshire Daily'!R29-'Hampshire Daily'!R28)) -> 176.5 | R26: =IF(('Hampshire Daily'!U29-'Hampshire Daily'!U28<0),"0",('Hampshire Daily'!U29-'Hampshire Daily'!U28)) -> 12 | S26: =IF(('Hampshire Daily'!V29-'Hampshire Daily'!V28<0),"0",('Hampshire Daily'!V29-'Hampshire Daily'!V28)) -> 1 | T26: =IF(('Hampshire Daily'!W29-'Hampshire Daily'!W28<0),"0",('Hampshire Daily'!W29-'Hampshire Daily'!W28)) -> 0 | U26: =IF(('Hampshire Daily'!X29-'Hampshire Daily'!X28<0),"0",('Hampshire Daily'!X29-'Hampshire Daily'!X28)) -> 0.193 | V26: =IF(('Hampshire Daily'!Y29-'Hampshire Daily'!Y28<0),"0",('Hampshire Daily'!Y29-'Hampshire Daily'!Y28)) -> 0.011 | W26: =IF(('Hampshire Daily'!Z29-'Hampshire Daily'!Z28<0),"0",('Hampshire Daily'!Z29-'Hampshire Daily'!Z28)) -> 0 | X26: =IF(('Hampshire Daily'!AA29-'Hampshire Daily'!AA28<0),"0",('Hampshire Daily'!AA29-'Hampshire Daily'!AA28)) -> 6 | Y26: ='Hampshire Daily'!B29 -> 233 | Z26: ='Hampshire Daily'!C29 -> 99
A27: Hampshire | B27: =B26+1 -> 26 | C27: 10 | D27: 2021 | E27: =IF(('Hampshire Daily'!D30-'Hampshire Daily'!D29<0),"0",('Hampshire Daily'!D30-'Hampshire Daily'!D29)) -> 2904 | F27: =IF(('Hampshire Daily'!F30-'Hampshire Daily'!F29<0),"0",('Hampshire Daily'!F30-'Hampshire Daily'!F29)) -> 2126 | G27: =IF(('Hampshire Daily'!H30-'Hampshire Daily'!H29<0),"0",('Hampshire Daily'!H30-'Hampshire Daily'!H29)) -> 0 | H27: =IF(('Hampshire Daily'!I30-'Hampshire Daily'!I29<0),"0",('Hampshire Daily'!I30-'Hampshire Daily'!I29)) -> 2367.0968 | I27: =IF(('Hampshire Daily'!J30-'Hampshire Daily'!J29<0),"0",('Hampshire Daily'!J30-'Hampshire Daily'!J29)) -> 0.12903226 | J27: =IF(('Hampshire Daily'!K30-'Hampshire Daily'!K29<0),"0",('Hampshire Daily'!K30-'Hampshire Daily'!K29)) -> 69539.419 | K27: =IF(('Hampshire Daily'!L30-'Hampshire Daily'!L29<0),"0",('Hampshire Daily'!L30-'Hampshire Daily'!L29)) -> 1434 | L27: =IF(('Hampshire Daily'!M30-'Hampshire Daily'!M29<0),"0",('Hampshire Daily'!M30-'Hampshire Daily'!M29)) -> 1 | M27: =IF(('Hampshire Daily'!N30-'Hampshire Daily'!N29<0),"0",('Hampshire Daily'!N30-'Hampshire Daily'!N29)) -> 2857 | N27: =IF(('Hampshire Daily'!O30-'Hampshire Daily'!O29<0),"0",('Hampshire Daily'!O30-'Hampshire Daily'!O29)) -> 110 | ... Q27: =IF(('Hampshire Daily'!R30-'Hampshire Daily'!R29<0),"0",('Hampshire Daily'!R30-'Hampshire Daily'!R29)) -> 176.5 | R27: =IF(('Hampshire Daily'!U30-'Hampshire Daily'!U29<0),"0",('Hampshire Daily'!U30-'Hampshire Daily'!U29)) -> 11 | S27: =IF(('Hampshire Daily'!V30-'Hampshire Daily'!V29<0),"0",('Hampshire Daily'!V30-'Hampshire Daily'!V29)) -> 1 | T27: =IF(('Hampshire Daily'!W30-'Hampshire Daily'!W29<0),"0",('Hampshire Daily'!W30-'Hampshire Daily'!W29)) -> 0 | U27: =IF(('Hampshire Daily'!X30-'Hampshire Daily'!X29<0),"0",('Hampshire Daily'!X30-'Hampshire Daily'!X29)) -> 0.23 | V27: =IF(('Hampshire Daily'!Y30-'Hampshire Daily'!Y29<0),"0",('Hampshire Daily'!Y30-'Hampshire Daily'!Y29)) -> 0.01 | W27: =IF(('Hampshire Daily'!Z30-'Hampshire Daily'!Z29<0),"0",('Hampshire Daily'!Z30-'Hampshire Daily'!Z29)) -> 0 | X27: =IF(('Hampshire Daily'!AA30-'Hampshire Daily'!AA29<0),"0",('Hampshire Daily'!AA30-'Hampshire Daily'!AA29)) -> 8 | Y27: ='Hampshire Daily'!B30 -> 217 | Z27: ='Hampshire Daily'!C30 -> 89
A28: Hampshire | B28: =B27+1 -> 27 | C28: 10 | D28: 2021 | E28: =IF(('Hampshire Daily'!D31-'Hampshire Daily'!D30<0),"0",('Hampshire Daily'!D31-'Hampshire Daily'!D30)) -> 2696 | F28: =IF(('Hampshire Daily'!F31-'Hampshire Daily'!F30<0),"0",('Hampshire Daily'!F31-'Hampshire Daily'!F30)) -> 2106 | G28: =IF(('Hampshire Daily'!H31-'Hampshire Daily'!H30<0),"0",('Hampshire Daily'!H31-'Hampshire Daily'!H30)) -> 0 | H28: =IF(('Hampshire Daily'!I31-'Hampshire Daily'!I30<0),"0",('Hampshire Daily'!I31-'Hampshire Daily'!I30)) -> 2367.0968 | I28: =IF(('Hampshire Daily'!J31-'Hampshire Daily'!J30<0),"0",('Hampshire Daily'!J31-'Hampshire Daily'!J30)) -> 0.12903226 | J28: =IF(('Hampshire Daily'!K31-'Hampshire Daily'!K30<0),"0",('Hampshire Daily'!K31-'Hampshire Daily'!K30)) -> 69539.419 | K28: =IF(('Hampshire Daily'!L31-'Hampshire Daily'!L30<0),"0",('Hampshire Daily'!L31-'Hampshire Daily'!L30)) -> 1233 | L28: =IF(('Hampshire Daily'!M31-'Hampshire Daily'!M30<0),"0",('Hampshire Daily'!M31-'Hampshire Daily'!M30)) -> 4 | M28: =IF(('Hampshire Daily'!N31-'Hampshire Daily'!N30<0),"0",('Hampshire Daily'!N31-'Hampshire Daily'!N30)) -> 2730 | N28: =IF(('Hampshire Daily'!O31-'Hampshire Daily'!O30<0),"0",('Hampshire Daily'!O31-'Hampshire Daily'!O30)) -> 186 | ... Q28: =IF(('Hampshire Daily'!R31-'Hampshire Daily'!R30<0),"0",('Hampshire Daily'!R31-'Hampshire Daily'!R30)) -> 0 | R28: =IF(('Hampshire Daily'!U31-'Hampshire Daily'!U30<0),"0",('Hampshire Daily'!U31-'Hampshire Daily'!U30)) -> 11 | S28: =IF(('Hampshire Daily'!V31-'Hampshire Daily'!V30<0),"0",('Hampshire Daily'!V31-'Hampshire Daily'!V30)) -> 1 | T28: =IF(('Hampshire Daily'!W31-'Hampshire Daily'!W30<0),"0",('Hampshire Daily'!W31-'Hampshire Daily'!W30)) -> 0 | U28: =IF(('Hampshire Daily'!X31-'Hampshire Daily'!X30<0),"0",('Hampshire Daily'!X31-'Hampshire Daily'!X30)) -> 0.155 | V28: =IF(('Hampshire Daily'!Y31-'Hampshire Daily'!Y30<0),"0",('Hampshire Daily'!Y31-'Hampshire Daily'!Y30)) -> 0.009 | W28: =IF(('Hampshire Daily'!Z31-'Hampshire Daily'!Z30<0),"0",('Hampshire Daily'!Z31-'Hampshire Daily'!Z30)) -> 0 | X28: =IF(('Hampshire Daily'!AA31-'Hampshire Daily'!AA30<0),"0",('Hampshire Daily'!AA31-'Hampshire Daily'!AA30)) -> 5 | Y28: ='Hampshire Daily'!B31 -> 198 | Z28: ='Hampshire Daily'!C31 -> 75
A29: Hampshire | B29: =B28+1 -> 28 | C29: 10 | D29: 2021 | E29: =IF(('Hampshire Daily'!D32-'Hampshire Daily'!D31<0),"0",('Hampshire Daily'!D32-'Hampshire Daily'!D31)) -> 2158 | F29: =IF(('Hampshire Daily'!F32-'Hampshire Daily'!F31<0),"0",('Hampshire Daily'!F32-'Hampshire Daily'!F31)) -> 3396 | G29: =IF(('Hampshire Daily'!H32-'Hampshire Daily'!H31<0),"0",('Hampshire Daily'!H32-'Hampshire Daily'!H31)) -> 0 | H29: =IF(('Hampshire Daily'!I32-'Hampshire Daily'!I31<0),"0",('Hampshire Daily'!I32-'Hampshire Daily'!I31)) -> 2367.0968 | I29: =IF(('Hampshire Daily'!J32-'Hampshire Daily'!J31<0),"0",('Hampshire Daily'!J32-'Hampshire Daily'!J31)) -> 0.12903226 | J29: =IF(('Hampshire Daily'!K32-'Hampshire Daily'!K31<0),"0",('Hampshire Daily'!K32-'Hampshire Daily'!K31)) -> 69539.419 | K29: =IF(('Hampshire Daily'!L32-'Hampshire Daily'!L31<0),"0",('Hampshire Daily'!L32-'Hampshire Daily'!L31)) -> 0.12903226 | L29: =IF(('Hampshire Daily'!M32-'Hampshire Daily'!M31<0),"0",('Hampshire Daily'!M32-'Hampshire Daily'!M31)) -> 5 | M29: =IF(('Hampshire Daily'!N32-'Hampshire Daily'!N31<0),"0",('Hampshire Daily'!N32-'Hampshire Daily'!N31)) -> 2760 | N29: =IF(('Hampshire Daily'!O32-'Hampshire Daily'!O31<0),"0",('Hampshire Daily'!O32-'Hampshire Daily'!O31)) -> 124 | ... Q29: =IF(('Hampshire Daily'!R32-'Hampshire Daily'!R31<0),"0",('Hampshire Daily'!R32-'Hampshire Daily'!R31)) -> 0 | R29: =IF(('Hampshire Daily'!U32-'Hampshire Daily'!U31<0),"0",('Hampshire Daily'!U32-'Hampshire Daily'!U31)) -> 13 | S29: =IF(('Hampshire Daily'!V32-'Hampshire Daily'!V31<0),"0",('Hampshire Daily'!V32-'Hampshire Daily'!V31)) -> 1 | T29: =IF(('Hampshire Daily'!W32-'Hampshire Daily'!W31<0),"0",('Hampshire Daily'!W32-'Hampshire Daily'!W31)) -> 0 | U29: =IF(('Hampshire Daily'!X32-'Hampshire Daily'!X31<0),"0",('Hampshire Daily'!X32-'Hampshire Daily'!X31)) -> 0.144 | V29: =IF(('Hampshire Daily'!Y32-'Hampshire Daily'!Y31<0),"0",('Hampshire Daily'!Y32-'Hampshire Daily'!Y31)) -> 0.017 | W29: =IF(('Hampshire Daily'!Z32-'Hampshire Daily'!Z31<0),"0",('Hampshire Daily'!Z32-'Hampshire Daily'!Z31)) -> 0 | X29: =IF(('Hampshire Daily'!AA32-'Hampshire Daily'!AA31<0),"0",('Hampshire Daily'!AA32-'Hampshire Daily'!AA31)) -> 5 | Y29: ='Hampshire Daily'!B32 -> 206 | Z29: ='Hampshire Daily'!C32 -> 78
A30: Hampshire | B30: =B29+1 -> 29 | C30: 10 | D30: 2021 | E30: =IF(('Hampshire Daily'!D33-'Hampshire Daily'!D32<0),"0",('Hampshire Daily'!D33-'Hampshire Daily'!D32)) -> 2290 | F30: =IF(('Hampshire Daily'!F33-'Hampshire Daily'!F32<0),"0",('Hampshire Daily'!F33-'Hampshire Daily'!F32)) -> 3284 | G30: =IF(('Hampshire Daily'!H33-'Hampshire Daily'!H32<0),"0",('Hampshire Daily'!H33-'Hampshire Daily'!H32)) -> 0 | H30: =IF(('Hampshire Daily'!I33-'Hampshire Daily'!I32<0),"0",('Hampshire Daily'!I33-'Hampshire Daily'!I32)) -> 2367.0968 | I30: =IF(('Hampshire Daily'!J33-'Hampshire Daily'!J32<0),"0",('Hampshire Daily'!J33-'Hampshire Daily'!J32)) -> 0.12903226 | J30: =IF(('Hampshire Daily'!K33-'Hampshire Daily'!K32<0),"0",('Hampshire Daily'!K33-'Hampshire Daily'!K32)) -> 69539.419 | K30: =IF(('Hampshire Daily'!L33-'Hampshire Daily'!L32<0),"0",('Hampshire Daily'!L33-'Hampshire Daily'!L32)) -> 0.12903226 | L30: =IF(('Hampshire Daily'!M33-'Hampshire Daily'!M32<0),"0",('Hampshire Daily'!M33-'Hampshire Daily'!M32)) -> 4 | M30: =IF(('Hampshire Daily'!N33-'Hampshire Daily'!N32<0),"0",('Hampshire Daily'!N33-'Hampshire Daily'!N32)) -> 2850 | N30: =IF(('Hampshire Daily'!O33-'Hampshire Daily'!O32<0),"0",('Hampshire Daily'!O33-'Hampshire Daily'!O32)) -> 112 | ... Q30: =IF(('Hampshire Daily'!R33-'Hampshire Daily'!R32<0),"0",('Hampshire Daily'!R33-'Hampshire Daily'!R32)) -> 0 | R30: =IF(('Hampshire Daily'!U33-'Hampshire Daily'!U32<0),"0",('Hampshire Daily'!U33-'Hampshire Daily'!U32)) -> 12 | S30: =IF(('Hampshire Daily'!V33-'Hampshire Daily'!V32<0),"0",('Hampshire Daily'!V33-'Hampshire Daily'!V32)) -> 1 | T30: =IF(('Hampshire Daily'!W33-'Hampshire Daily'!W32<0),"0",('Hampshire Daily'!W33-'Hampshire Daily'!W32)) -> 0.001 | U30: =IF(('Hampshire Daily'!X33-'Hampshire Daily'!X32<0),"0",('Hampshire Daily'!X33-'Hampshire Daily'!X32)) -> 0.17 | V30: =IF(('Hampshire Daily'!Y33-'Hampshire Daily'!Y32<0),"0",('Hampshire Daily'!Y33-'Hampshire Daily'!Y32)) -> 0.013 | W30: =IF(('Hampshire Daily'!Z33-'Hampshire Daily'!Z32<0),"0",('Hampshire Daily'!Z33-'Hampshire Daily'!Z32)) -> 0 | X30: =IF(('Hampshire Daily'!AA33-'Hampshire Daily'!AA32<0),"0",('Hampshire Daily'!AA33-'Hampshire Daily'!AA32)) -> 5 | Y30: ='Hampshire Daily'!B33 -> 209 | Z30: ='Hampshire Daily'!C33 -> 75
A31: Hampshire | B31: =B30+1 -> 30 | C31: 10 | D31: 2021 | E31: =IF(('Hampshire Daily'!D34-'Hampshire Daily'!D33<0),"0",('Hampshire Daily'!D34-'Hampshire Daily'!D33)) -> 2169 | F31: =IF(('Hampshire Daily'!F34-'Hampshire Daily'!F33<0),"0",('Hampshire Daily'!F34-'Hampshire Daily'!F33)) -> 3126 | G31: =IF(('Hampshire Daily'!H34-'Hampshire Daily'!H33<0),"0",('Hampshire Daily'!H34-'Hampshire Daily'!H33)) -> 0 | H31: =IF(('Hampshire Daily'!I34-'Hampshire Daily'!I33<0),"0",('Hampshire Daily'!I34-'Hampshire Daily'!I33)) -> 2367.0968 | I31: =IF(('Hampshire Daily'!J34-'Hampshire Daily'!J33<0),"0",('Hampshire Daily'!J34-'Hampshire Daily'!J33)) -> 0.12903226 | J31: =IF(('Hampshire Daily'!K34-'Hampshire Daily'!K33<0),"0",('Hampshire Daily'!K34-'Hampshire Daily'!K33)) -> 69539.419 | K31: =IF(('Hampshire Daily'!L34-'Hampshire Daily'!L33<0),"0",('Hampshire Daily'!L34-'Hampshire Daily'!L33)) -> 0.12903226 | L31: =IF(('Hampshire Daily'!M34-'Hampshire Daily'!M33<0),"0",('Hampshire Daily'!M34-'Hampshire Daily'!M33)) -> 3 | M31: =IF(('Hampshire Daily'!N34-'Hampshire Daily'!N33<0),"0",('Hampshire Daily'!N34-'Hampshire Daily'!N33)) -> 2522 | N31: =IF(('Hampshire Daily'!O34-'Hampshire Daily'!O33<0),"0",('Hampshire Daily'!O34-'Hampshire Daily'!O33)) -> 110 | ... Q31: =IF(('Hampshire Daily'!R34-'Hampshire Daily'!R33<0),"0",('Hampshire Daily'!R34-'Hampshire Daily'!R33)) -> 0 | R31: =IF(('Hampshire Daily'!U34-'Hampshire Daily'!U33<0),"0",('Hampshire Daily'!U34-'Hampshire Daily'!U33)) -> 11 | S31: =IF(('Hampshire Daily'!V34-'Hampshire Daily'!V33<0),"0",('Hampshire Daily'!V34-'Hampshire Daily'!V33)) -> 1 | T31: =IF(('Hampshire Daily'!W34-'Hampshire Daily'!W33<0),"0",('Hampshire Daily'!W34-'Hampshire Daily'!W33)) -> 0 | U31: =IF(('Hampshire Daily'!X34-'Hampshire Daily'!X33<0),"0",('Hampshire Daily'!X34-'Hampshire Daily'!X33)) -> 0.091 | V31: =IF(('Hampshire Daily'!Y34-'Hampshire Daily'!Y33<0),"0",('Hampshire Daily'!Y34-'Hampshire Daily'!Y33)) -> 0.013 | W31: =IF(('Hampshire Daily'!Z34-'Hampshire Daily'!Z33<0),"0",('Hampshire Daily'!Z34-'Hampshire Daily'!Z33)) -> 0 | X31: =IF(('Hampshire Daily'!AA34-'Hampshire Daily'!AA33<0),"0",('Hampshire Daily'!AA34-'Hampshire Daily'!AA33)) -> 5 | Y31: ='Hampshire Daily'!B34 -> 224 | Z31: ='Hampshire Daily'!C34 -> 80
A32: Hampshire | B32: 31 | C32: 10 | D32: 2022 | E32: =IF(('Hampshire Daily'!D35-'Hampshire Daily'!D34<0),"0",('Hampshire Daily'!D35-'Hampshire Daily'!D34)) -> 2489 | F32: =IF(('Hampshire Daily'!F35-'Hampshire Daily'!F34<0),"0",('Hampshire Daily'!F35-'Hampshire Daily'!F34)) -> 3217 | G32: =IF(('Hampshire Daily'!H35-'Hampshire Daily'!H34<0),"0",('Hampshire Daily'!H35-'Hampshire Daily'!H34)) -> 966 | H32: =IF(('Hampshire Daily'!I35-'Hampshire Daily'!I34<0),"0",('Hampshire Daily'!I35-'Hampshire Daily'!I34)) -> 2367.0968 | I32: =IF(('Hampshire Daily'!J35-'Hampshire Daily'!J34<0),"0",('Hampshire Daily'!J35-'Hampshire Daily'!J34)) -> 0.12903226 | J32: =IF(('Hampshire Daily'!K35-'Hampshire Daily'!K34<0),"0",('Hampshire Daily'!K35-'Hampshire Daily'!K34)) -> 69539.419 | K32: =IF(('Hampshire Daily'!L35-'Hampshire Daily'!L34<0),"0",('Hampshire Daily'!L35-'Hampshire Daily'!L34)) -> 0.12903226 | L32: =IF(('Hampshire Daily'!M35-'Hampshire Daily'!M34<0),"0",('Hampshire Daily'!M35-'Hampshire Daily'!M34)) -> 2 | M32: =IF(('Hampshire Daily'!N35-'Hampshire Daily'!N34<0),"0",('Hampshire Daily'!N35-'Hampshire Daily'!N34)) -> 2575 | N32: =IF(('Hampshire Daily'!O35-'Hampshire Daily'!O34<0),"0",('Hampshire Daily'!O35-'Hampshire Daily'!O34)) -> 131 | ... Q32: =IF(('Hampshire Daily'!R35-'Hampshire Daily'!R34<0),"0",('Hampshire Daily'!R35-'Hampshire Daily'!R34)) -> 0 | R32: =IF(('Hampshire Daily'!U35-'Hampshire Daily'!U34<0),"0",('Hampshire Daily'!U35-'Hampshire Daily'!U34)) -> 12 | S32: =IF(('Hampshire Daily'!V35-'Hampshire Daily'!V34<0),"0",('Hampshire Daily'!V35-'Hampshire Daily'!V34)) -> 1 | T32: =IF(('Hampshire Daily'!W35-'Hampshire Daily'!W34<0),"0",('Hampshire Daily'!W35-'Hampshire Daily'!W34)) -> 0.001 | U32: =IF(('Hampshire Daily'!X35-'Hampshire Daily'!X34<0),"0",('Hampshire Daily'!X35-'Hampshire Daily'!X34)) -> 0.134 | V32: =IF(('Hampshire Daily'!Y35-'Hampshire Daily'!Y34<0),"0",('Hampshire Daily'!Y35-'Hampshire Daily'!Y34)) -> 0.015 | W32: =IF(('Hampshire Daily'!Z35-'Hampshire Daily'!Z34<0),"0",('Hampshire Daily'!Z35-'Hampshire Daily'!Z34)) -> 0 | X32: =IF(('Hampshire Daily'!AA35-'Hampshire Daily'!AA34<0),"0",('Hampshire Daily'!AA35-'Hampshire Daily'!AA34)) -> 5 | Y32: ='Hampshire Daily'!B35 -> 217 | Z32: ='Hampshire Daily'!C35 -> 77

Sheet Hampshire Daily
D1: Electrical | N1: Gas | O1: Main Site Water Meter | S1: Water Softener Meter | U1: Hard Water Supply | V1: Pool Supply | W1: LTHW Spa | X1: LTHW East | Y1: Chilled make-up | Z1: Orchard irrigation | AA1: Kids pool | AB1: 42 | AC1: 41
B2: Room Night | C2: Guest | D2: Meter 1 | E2: Check 1 | F2: Meter 2 | G2: Check 2 | H2: East MCC | I2: South MCC 1 | J2: South MCC 2 | K2: West MCC | L2: Kitchen sub meter | M2: Spa electric | P2: Chiller | Q2: Chiller | R2: Chiller | AB2: Spa CHP Electric generated | AC2: East CHP Electric generated
P3: 2 | Q3: 3 | R3: 4
A4: 44530 | B4: 27 | C4: 51 | D4: 1018006 | E4: 1019605 | F4: 1013981 | G4: 1012951 | H4: 275311 | I4: 7433637 | J4: 32803 | K4: 3427562 | L4: 892179 | M4: 2645134 | N4: 1385609 | O4: 378551 | P4: 686091 | Q4: 686091 | R4: 1163 | S4: 344317 | T4: 47170 | U4: 52568 | V4: 31012 | W4: 490.329 | X4: 954.81 | Y4: 3889.587 | Z4: 4398 | AA4: 2637 | AB4: 2915 | AC4: 0
A5: 44531 | B5: 57 | C5: 29 | D5: 1012097 | E5: 1022563 | F5: 1019116 | G5: 1018081 | H5: 276097 | I5: =(($I$35-$I$4)/31)+I4 -> 7436004.1 | J5: =(($J$35-$J$4)/31)+J4 -> 32803.129 | K5: =(($K$35-$K$4)/31)+K4 -> 3497101.4 | L5: 892179 | M5: 2645150 | N5: 1387953 | O5: =((O7-378551)/3)+378551 -> 378630.33 | P5: 1528822 | Q5: 1163 | R5: 68660 | S5: 344361 | T5: 47218 | U5: 52577 | V5: 31013 | W5: 490.329 | X5: 954.81 | Y5: 3889.599 | Z5: 4398 | AA5: 2641 | AB5: 1486 | AC5: 0
A6: 44532 | B6: 62 | C6: 37 | D6: 1024010 | E6: 1025618 | F6: 1024446 | G6: 1023406 | H6: 276928 | I6: =(($I$35-$I$4)/31)+I5 -> 7438371.2 | J6: =(($J$35-$J$4)/31)+J5 -> 32803.258 | K6: =(($K$35-$K$4)/31)+K5 -> 3566640.8 | L6: =(($J$9-892179)/5)+L5 -> 720303.93 | M6: 2445153 | N6: 1390714 | O6: =((O7-O5)/2)+O5 -> 378709.67 | P6: 1528822 | Q6: 1163 | R6: 68712 | S6: 344406 | T6: 47274 | U6: 52588 | V6: 31015 | W6: 490.329 | X6: 955.054 | Y6: 3889.608 | Z6: 4398 | AA6: 2645 | AB6: 0 | AC6: 0
A7: 44533 | B7: 196 | C7: 108 | D7: 1027039 | E7: 1028653 | F7: 1029574 | G7: 1028528 | H7: 277772 | I7: =(($I$35-$I$4)/31)+I6 -> 7440738.3 | J7: =(($J$35-$J$4)/31)+J6 -> 32803.387 | K7: =(($K$35-$K$4)/31)+K6 -> 3636180.3 | L7: =(($J$9-892179)/5)+L6 -> 548428.86 | M7: 2645156 | N7: 1393561 | O7: 378789 | P7: 1528822 | Q7: 1163 | R7: 68760 | S7: 344454 | T7: 47327 | U7: 52599 | V7: 31016 | W7: 490.329 | X7: 955.592 | Y7: 3889.619 | Z7: 4398 | AA7: 2649 | AB7: 0 | AC7: 0
A8: 44534 | B8: 146 | C8: 63 | D8: 1030058 | E8: 1031677 | F8: 1034602 | G8: 1033550 | H8: 278583 | I8: =(($I$35-$I$4)/31)+I7 -> 7443105.4 | J8: =(($J$35-$J$4)/31)+J7 -> 32803.516 | K8: =(($K$35-$K$4)/31)+K7 -> 3705719.7 | L8: =(($J$9-892179)/5)+L7 -> 376553.79 | M8: 2645159 | N8: 1395926 | O8: 378894 | P8: 1528822 | Q8: 1163 | R8: 68816 | S8: 344524 | T8: 47402 | U8: 52609 | V8: 31017 | W8: 490.329 | X8: 955.828 | Y8: 3889.629 | Z8: 4398 | AA8: 2653 | AB8: 0 | AC8: 0
A9: 44535 | B9: 74 | C9: 29 | D9: 1032995 | E9: 1034619 | F9: 1040112 | G9: 1039056 | H9: 279353 | I9: =(($I$35-$I$4)/31)+I8 -> 7445472.5 | J9: =(($J$35-$J$4)/31)+J8 -> 32803.645 | K9: =(($K$35-$K$4)/31)+K8 -> 3775259.1 | L9: =(($J$9-892179)/5)+L8 -> 204678.72 | M9: 2645166 | N9: 1398725 | O9: 378991 | P9: 1528822 | Q9: 1163 | R9: 68871 | S9: 344590 | T9: 47477 | U9: 52619 | V9: 31018 | W9: 490.329 | X9: 955.992 | Y9: 3889.638 | Z9: 4398 | AA9: 2659 | AB9: 0 | AC9: 0
A10: 44536 | B10: 73 | C10: 35 | D10: 1035888 | E10: 1037517 | F10: 1045129 | G10: 1044067 | H10: 280163 | I10: =(($I$35-$I$4)/31)+I9 -> 7447839.6 | J10: =(($J$35-$J$4)/31)+J9 -> 32803.774 | K10: =(($K$35-$K$4)/31)+K9 -> 3844798.5 | L10: 898908 | M10: 2645175 | N10: 1401403 | O10: 379094 | P10: 1528822 | Q10: 1163 | R10: 689204 | S10: 344696 | T10: 47539 | U10: 52628 | V10: 31024 | W10: 490.329 | X10: 956.017 | Y10: 3889.649 | Z10: 4398 | AA10: 2665 | AB10: 0 | AC10: 0
A11: 44537 | B11: 65 | C11: 31 | D11: 1038828 | E11: 1040463 | F11: 1050003 | G11: 1048936 | H11: 280957 | I11: =(($I$35-$I$4)/31)+I10 -> 7450206.7 | J11: =(($J$35-$J$4)/31)+J10 -> 32803.903 | K11: =(($K$35-$K$4)/31)+K10 -> 3914337.9 | L11: 899847 | M11: 2645183 | N11: 1404094 | O11: 379182 | P11: 1528822 | Q11: 1163 | R11: 689693 | S11: 344698 | T11: 47601 | U11: 52637 | V11: 31025 | W11: 490.329 | X11: 956.273 | Y11: 3889.659 | Z11: 4398 | AA11: 2669 | AB11: 0 | AC11: 0
A12: 44538 | B12: 58 | C12: 24 | D12: 1044422 | E12: 1046066 | F12: 1055027 | G12: 1053956 | H12: 281854 | I12: =(($I$35-$I$4)/31)+I11 -> 7452573.8 | J12: =(($J$35-$J$4)/31)+J11 -> 32804.032 | K12: =(($K$35-$K$4)/31)+K11 -> 3983877.4 | L12: =(($J$15-$J$10)/5)+L11 -> 899847.13 | M12: 2646012 | N12: 1402690 | O12: 379262 | P12: 1528822 | Q12: 1163 | R12: 690154 | S12: 344751 | T12: 47660 | U12: 52646 | V12: 31025 | W12: 490.329 | X12: 956.469 | Y12: 3889.673 | Z12: 4398 | AA12: 2673 | AB12: 1702 | AC12: 163
A13: 44539 | B13: 80 | C13: 45 | D13: 1047736 | E13: 1049386 | F13: 1060007 | G13: 1058928 | H13: 282650 | I13: =(($I$35-$I$4)/31)+I12 -> 7454940.9 | J13: =(($J$35-$J$4)/31)+J12 -> 32804.161 | K13: =(($K$35-$K$4)/31)+K12 -> 4053416.8 | L13: =(($J$15-$J$10)/5)+L12 -> 899847.26 | M13: 2646109 | N13: 1409032 | O13: 379375 | P13: 1528822 | Q13: 1163 | R13: 690657 | S13: 344800 | T13: 47719 | U13: 52657 | V13: 31027 | W13: 490.329 | X13: 956.758 | Y13: 3889.686 | Z13: 4398 | AA13: 2677 | AB13: 2229 | AC13: 0
A14: 44540 | B14: 136 | C14: 54 | D14: 1052381 | E14: 1054039 | F14: 1065213 | G14: 1064130 | H14: 283488 | I14: =(($I$35-$I$4)/31)+I13 -> 7457308 | J14: =(($J$35-$J$4)/31)+J13 -> 32804.29 | K14: =(($K$35-$K$4)/31)+K13 -> 4122956.2 | L14: =(($J$15-$J$10)/5)+L13 -> 899847.39 | M14: 2646500 | N14: 1411464 | O14: 379460 | P14: 1528822 | Q14: 1163 | R14: 691184 | S14: 344865 | T14: 47785 | U14: 52670 | V14: 31028 | W14: 490.33 | X14: 956.813 | Y14: 3889.7 | Z14: 4398 | AA14: 2681 | AB14: 1176 | AC14: 1418
A15: 44541 | B15: 149 | C15: 58 | D15: 1056266 | E15: 1057930 | F15: 1068079 | G15: 1066992 | H15: 283691 | I15: =(($I$35-$I$4)/31)+I14 -> 7459675.1 | J15: =(($J$35-$J$4)/31)+J14 -> 32804.419 | K15: =(($K$35-$K$4)/31)+K14 -> 4192495.6 | L15: =(($J$15-$J$10)/5)+L14 -> 899847.52 | M15: 2646756 | N15: 1056266 | O15: 379585 | P15: 1528822 | Q15: 1163 | R15: 691679 | S15: 344931 | T15: 47852 | U15: 56682 | V15: 31029 | W15: 490.33 | X15: 957.178 | Y15: 3889.711 | Z15: 4398 | AA15: 2688 | AB15: 2928 | AC15: 254
A16: 44542 | B16: 128 | C16: 50 | D16: 1058994 | E16: 1060663 | F16: 1069989 | G16: 1068901 | H16: 283691 | I16: =(($I$35-$I$4)/31)+I15 -> 7462042.2 | J16: =(($J$35-$J$4)/31)+J15 -> 32804.548 | K16: =(($K$35-$K$4)/31)+K15 -> 4262035 | L16: 905336 | M16: 2646760 | N16: 1417082 | O16: 379683 | P16: 1528822 | Q16: 1163 | R16: 692234 | S16: 344999 | T16: 47929 | U16: 52693 | V16: 31030 | W16: 490.33 | X16: 957.269 | Y16: 3889.721 | Z16: 4398 | AA16: =((AA17-AA15)/2)+AA15 -> 2694.5 | AB16: 2927 | AC16: 0
A17: 44543 | B17: 110 | C17: 39 | D17: 1061771 | E17: 1063444 | F17: 1072250 | G17: 1071159 | H17: 283781 | I17: =(($I$35-$I$4)/31)+I16 -> 7464409.3 | J17: =(($J$35-$J$4)/31)+J16 -> 32804.677 | K17: =(($K$35-$K$4)/31)+K16 -> 4331574.5 | L17: 906302 | M17: 2646761 | N17: 1419594 | O17: 379782 | P17: 1528822 | Q17: 1163 | R17: 692908 | S17: 345072 | T17: 48003 | U17: 52705 | V17: 31037 | W17: 490.33 | X17: 957.379 | Y17: 3889.732 | Z17: 4398 | AA17: 2701 | AB17: 2920 | AC17: 0
A18: 44544 | B18: 131 | C18: 50 | D18: 1064599 | E18: 1066276 | F18: 1077673 | G18: 1076577 | H18: 284609 | I18: =(($I$35-$I$4)/31)+I17 -> 7466776.4 | J18: =(($J$35-$J$4)/31)+J17 -> 32804.806 | K18: =(($K$35-$K$4)/31)+K17 -> 4401113.9 | L18: 907521 | M18: 2646464 | N18: 1421804 | O18: 379880 | P18: 1528822 | Q18: 1163 | R18: 693580 | S18: 345144 | T18: 48078 | U18: 52716 | V18: 31038 | W18: 490.33 | X18: 957.633 | Y18: 3889.742 | Z18: 4398 | AA18: 2707 | AB18: 2920 | AC18: 0
A19: 44545 | B19: 145 | C19: 52 | D19: 1067479 | E19: 1069162 | F19: 1083018 | G19: 1081916 | H19: 285453 | I19: =(($I$35-$I$4)/31)+I18 -> 7469143.5 | J19: =(($J$35-$J$4)/31)+J18 -> 32804.935 | K19: =(($K$35-$K$4)/31)+K18 -> 4470653.3 | L19: =(($J$25-$J$17)/8)+L18 -> 907521.13 | M19: 2646767 | N19: 1423876 | O19: 379972 | P19: 1528822 | Q19: 1163 | R19: 694276 | S19: 345217 | T19: 48152 | U19: 52727 | V19: 31039 | W19: 490.33 | X19: 957..858 | Y19: 3889.76 | Z19: 4398 | AA19: 2712 | AB19: 2918 | AC19: 0
A20: 44546 | B20: 147 | C20: 58 | D20: 1070493 | E20: 1072179 | F20: 1088231 | G20: 1087125 | H20: 286251 | I20: =(($I$35-$I$4)/31)+I19 -> 7471510.5 | J20: =(($J$35-$J$4)/31)+J19 -> 32805.065 | K20: =(($K$35-$K$4)/31)+K19 -> 4540192.7 | L20: =(($J$25-$J$17)/8)+L19 -> 907521.26 | M20: 2646768 | N20: 1425946 | O20: 380079 | P20: 1528822 | Q20: 1163 | R20: 695053 | S20: 345283 | T20: 48228 | U20: 52738 | V20: 31040 | W20: 490.33 | X20: 958.105 | Y20: 3889.78 | Z20: 4398 | AA20: 2716 | AB20: 2924 | AC20: 0
A21: 44547 | B21: 161 | C21: 58 | D21: 1073626 | E21: 1075317 | F21: 1093761 | G21: 1092650 | H21: 287092 | I21: =(($I$35-$I$4)/31)+I20 -> 7473877.6 | J21: =(($J$35-$J$4)/31)+J20 -> 32805.194 | K21: =(($K$35-$K$4)/31)+K20 -> 4609732.1 | L21: =(($J$25-$J$17)/8)+L20 -> 907521.39 | M21: 2646770 | N21: 1428204 | O21: 380182 | P21: 1528822 | Q21: 1163 | R21: 695826 | S21: 345356 | T21: 48309 | U21: 52749 | V21: 31041 | W21: 49033 | X21: 958.426 | Y21: 3889.795 | Z21: 4398 | AA21: 2720 | AB21: 2923 | AC21: 0
A22: 44548 | B22: 205 | C22: 72 | D22: 1076690 | E22: 1078387 | F22: 1099272 | G22: 1098154 | H22: 287852 | I22: =(($I$35-$I$4)/31)+I21 -> 7476244.7 | J22: =(($J$35-$J$4)/31)+J21 -> 32805.323 | K22: =(($K$35-$K$4)/31)+K21 -> 4679271.5 | L22: =(($J$25-$J$17)/8)+L21 -> 907521.52 | M22: 2646773 | N22: 1430581 | O22: 380308 | P22: 1528822 | Q22: 1163 | R22: 696519 | S22: 345431 | T22: 48390 | U22: 52760 | V22: 31042 | W22: 490.331 | X22: 958.731 | Y22: 3889.808 | Z22: 4398 | AA22: 2725 | AB22: 2928 | AC22: 0
A23: 44549 | B23: 195 | C23: 66 | D23: 1079348 | E23: 1081049 | F23: 1105528 | G23: 1104404 | H23: 288643 | I23: =(($I$35-$I$4)/31)+I22 -> 7478611.8 | J23: =(($J$35-$J$4)/31)+J22 -> 32805.452 | K23: =(($K$35-$K$4)/31)+K22 -> 4748811 | L23: =(($J$25-$J$17)/8)+L22 -> 907521.65 | M23: 2646777 | N23: 1433011 | O23: 380436 | P23: 1529257 | Q23: 1163 | R23: 696834 | S23: 345513 | T23: 48476 | U23: 52771 | V23: 31043 | W23: 490.331 | X23: 958.923 | Y23: 3889.825 | Z23: 4398 | AA23: 2731 | AB23: 2929 | AC23: 0
A24: 44550 | B24: 206 | C24: 69 | D24: 1082006 | E24: 1083712 | F24: 1111416 | G24: 1110286 | H24: 289461 | I24: =(($I$35-$I$4)/31)+I23 -> 7480978.9 | J24: =(($J$35-$J$4)/31)+J23 -> 32805.581 | K24: =(($K$35-$K$4)/31)+K23 -> 4818350.4 | L24: =(($J$25-$J$17)/8)+L23 -> 907521.77 | M24: 2646781 | N24: 1435607 | O24: 380554 | P24: 1529512 | Q24: 1163 | R24: 697241 | S24: 345602 | T24: 48565 | U24: 52782 | V24: 31049 | W24: 490.331 | X24: 959.228 | Y24: 3889.833 | Z24: 4398 | AA24: 2737 | AB24: 2928 | AC24: 0
A25: 44551 | B25: 208 | C25: 70 | D25: 1085129 | E25: 1086840 | F25: 1117761 | G25: 1116624 | H25: 290302 | I25: =(($I$35-$I$4)/31)+I24 -> 7483346 | J25: =(($J$35-$J$4)/31)+J24 -> 32805.71 | K25: =(($K$35-$K$4)/31)+K24 -> 4887889.8 | L25: =(($J$25-$J$17)/8)+L24 -> 907521.9 | M25: 2646788 | N25: 1438323 | O25: =((O26-O24)/2)+O24 -> 380670.5 | P25: 152979 | Q25: 1163 | R25: 697643 | S25: 345693 | T25: 48658 | U25: 52796 | V25: 31049 | W25: 490.331 | X25: 959.281 | Y25: 3889.846 | Z25: 4398 | AA25: 2742 | AB25: 2928 | AC25: 0
A26: 44552 | B26: 185 | C26: 64 | D26: 1088066 | E26: 1089782 | F26: 1123075 | G26: 1121933 | H26: 291147 | I26: =(($I$35-$I$4)/31)+I25 -> 7485713.1 | J26: =(($J$35-$J$4)/31)+J25 -> 32805.839 | K26: =(($K$35-$K$4)/31)+K25 -> 4957429.2 | L26: 917457 | M26: 2644794 | N26: 1441010 | O26: 380787 | P26: 1529797 | Q26: 1163 | R26: 698212 | S26: 345784 | T26: 48749 | U26: 52806 | V26: 31051 | W26: 490.331 | X26: 959.708 | Y26: 3889.856 | Z26: 4398 | AA26: 2748 | AB26: 2922 | AC26: 0
A27: 44553 | B27: 194 | C27: 77 | D27: 1091088 | E27: 1092809 | F27: 1128486 | G27: 1127338 | H27: 291960 | I27: =(($I$35-$I$4)/31)+I26 -> 7488080.2 | J27: =(($J$35-$J$4)/31)+J26 -> 32805.968 | K27: =(($K$35-$K$4)/31)+K26 -> 5026968.6 | L27: 918754 | M27: 2646803 | N27: 1443713 | O27: 380911 | P27: 1529797 | Q27: 1163 | R27: 698817 | S27: 345875 | T27: 48841 | U27: 52816 | V27: 31052 | W27: 490.331. | X27: 959.948 | Y27: 3889.889 | Z27: 4398 | AA27: 2753 | AB27: 2928 | AC27: 2237
A28: 44554 | B28: 233 | C28: 96 | D28: 1094384 | E28: 1096111 | F28: 1130990 | G28: 1129839 | H28: 292042 | I28: =(($I$35-$I$4)/31)+I27 -> 7490447.3 | J28: =(($J$35-$J$4)/31)+J27 -> 32806.097 | K28: =(($K$35-$K$4)/31)+K27 -> 5096508.1 | L28: 920164 | M28: 2646806 | N28: 1446622 | O28: 381034 | P28: 1529797 | Q28: 1163 | R28: 699513 | S28: 345968 | T28: 48936 | U28: 52827 | V28: 31053 | W28: 490.331 | X28: 960.113 | Y28: 3889.878 | Z28: 4398 | AA28: 2758 | AB28: 2927 | AC28: 3503
A29: 44555 | B29: 233 | C29: 99 | D29: 1097524 | E29: 1099256 | F29: 1133185 | G29: 1132031 | H29: 292042 | I29: =(($I$35-$I$4)/31)+I28 -> 7492814.4 | J29: =(($J$35-$J$4)/31)+J28 -> 32806.226 | K29: =(($K$35-$K$4)/31)+K28 -> 5166047.5 | L29: 921653 | M29: 2646809 | N29: 1449434 | O29: 381190 | P29: 1529797 | Q29: 1163 | R29: =((R30-R28)/2)+R28 -> 699689.5 | S29: 346071 | T29: 49040 | U29: 52839 | V29: 31054 | W29: 490.331 | X29: 960.306 | Y29: 3889.889 | Z29: 4398 | AA29: 2764 | AB29: 2924 | AC29: 3499
A30: 44556 | B30: 217 | C30: 89 | D30: 1100428 | E30: 1102164 | F30: 1135311 | G30: 1134155 | H30: 292042 | I30: =(($I$35-$I$4)/31)+I29 -> 7495181.5 | J30: =(($J$35-$J$4)/31)+J29 -> 32806.355 | K30: =(($K$35-$K$4)/31)+K29 -> 5235586.9 | L30: 923087 | M30: 2646810 | N30: 1452291 | O30: 381300 | P30: 1529797 | Q30: 1163 | R30: 699866 | S30: 646173 | T30: 49144 | U30: 52850 | V30: 31055 | W30: 490.331 | X30: 960.536 | Y30: 3889.899 | Z30: 4398 | AA30: 2772 | AB30: 2927 | AC30: 3472
A31: 44557 | B31: 198 | C31: 75 | D31: 1103124 | E31: 1104864 | F31: 1137417 | G31: 1136259 | H31: 292042 | I31: =(($I$35-$I$4)/31)+I30 -> 7497548.6 | J31: =(($J$35-$J$4)/31)+J30 -> 32806.484 | K31: =(($K$35-$K$4)/31)+K30 -> 5305126.3 | L31: 924320 | M31: 2646814 | N31: 1455021 | O31: 381486 | P31: 1529800 | Q31: 1163 | R31: =($P$29-$P$28)+R30 -> 699866 | S31: 346274 | T31: 49246 | U31: 52861 | V31: 31056 | W31: 490.33 | X31: 960.691 | Y31: 3889.908 | Z31: 4398 | AA31: 2777 | AB31: 2923 | AC31: 3453
A32: 44558 | B32: 206 | C32: 78 | D32: 1105282 | E32: 1107026 | F32: 1140813 | G32: 1134652 | H32: 292042 | I32: =(($I$35-$I$4)/31)+I31 -> 7499915.7 | J32: =(($J$35-$J$4)/31)+J31 -> 32806.613 | K32: =(($K$35-$K$4)/31)+K31 -> 5374665.7 | L32: =($J$30-$J$29)+L31 -> 924320.13 | M32: 2646819 | N32: 1457781 | O32: 381610 | P32: 1530588 | Q32: 1163 | R32: =($P$29-$P$28)+R31 -> 699866 | S32: 346368 | T32: 49342 | U32: 52874 | V32: 31057 | W32: 490.33 | X32: 960.835 | Y32: 3889.925 | Z32: 4398 | AA32: 2782 | AB32: 2916 | AC32: 3466
A33: 44559 | B33: 209 | C33: 75 | D33: 1107572 | E33: 1109319 | F33: 1144097 | G33: 1142932 | H33: 292042 | I33: =(($I$35-$I$4)/31)+I32 -> 7502282.8 | J33: =(($J$35-$J$4)/31)+J32 -> 32806.742 | K33: =(($K$35-$K$4)/31)+K32 -> 5444205.2 | L33: =($J$30-$J$29)+L32 -> 924320.26 | M33: 2646823 | N33: 1460631 | O33: 381722 | P33: 1531338 | Q33: 1163 | R33: =($P$29-$P$28)+R32 -> 699866 | S33: 346462 | T33: 49444 | U33: 52886 | V33: 31058 | W33: 490.331 | X33: 961.005 | Y33: 3889.938 | Z33: 4398 | AA33: 2787 | AB33: 2924 | AC33: 3511
A34: 44560 | B34: 224 | C34: 80 | D34: 1109741 | E34: 1111492 | F34: 1147223 | G34: 1146055 | H34: 292042 | I34: =(($I$35-$I$4)/31)+I33 -> 7504649.9 | J34: =(($J$35-$J$4)/31)+J33 -> 32806.871 | K34: =(($K$35-$K$4)/31)+K33 -> 5513744.6 | L34: =($J$30-$J$29)+L33 -> 924320.39 | M34: 2646826 | N34: 1463153 | O34: 381832 | P34: 1532057 | Q34: 1163 | R34: =($P$29-$P$28)+R33 -> 699866 | S34: 346565 | T34: 49548 | U34: 52897 | V34: 31059 | W34: 490.33 | X34: 961.096 | Y34: 3889.951 | Z34: 4398 | AA34: 2792 | AB34: 2913 | AC34: 3544
A35: 44561 | B35: 217 | C35: 77 | D35: 1112230 | E35: 1113985 | F35: 1150440 | G35: 1149269 | H35: 293008 | I35: 7507017 | J35: 32807 | K35: 5583284 | L35: =($J$30-$J$29)+L34 -> 924320.52 | M35: 2646828 | N35: 1465728 | O35: 381963 | P35: 1532808 | Q35: 1163 | R35: =($P$29-$P$28)+R34 -> 699866 | S35: 346669 | T35: 49652 | U35: 52909 | V35: 31060 | W35: 490.331 | X35: 961.23 | Y35: 3889.966 | Z35: 4398 | AA35: 2797 | AB35: 2920 | AC35: 3549
