Workbook

Sheet Total Daily 
A1: Site Name | B1: Day | C1: Month | D1: Year | E1: Total Electricity Kwh | F1: Electricity Tariff ($/Kwh) | G1: LPG (Kg) | H1: LPG $/Kg | I1: District Energy Cooling Kwh | J1: District Energy Cooling $/Kwh | K1: Water Utility Supply (m3) m3 | L1: Water Utility Supply (m3) m3 | M1: Water Utility Supply (m3) $/m3 | N1: Room Nights
A2: Dubai DIFC | B2: 1 | C2: 12 | D2: 2021 | E2: ='01 - 2021'!B8-'01 - 2021'!B7+'01 - 2021'!C8-'01 - 2021'!C7 -> 9813.2 | F2: 0.118 | G2: ='01 - 2021'!D8-'01 - 2021'!D7+'01 - 2021'!E8-'01 - 2021'!E7 -> 19.56 | H2: 0.99 | I2: ='01 - 2021'!J8-'01 - 2021'!J7 -> 14812 | J2: 0.081 | K2: ='01 - 2021'!H8-'01 - 2021'!H7 -> 0 | L2: ='01 - 2021'!I8-'01 - 2021'!I7 -> 125 | M2: 4.3936294 | N2: 81
A3: Dubai DIFC | B3: =B2+1 -> 2 | C3: 12 | D3: 2021 | E3: ='01 - 2021'!B9-'01 - 2021'!B8+'01 - 2021'!C9-'01 - 2021'!C8 -> 10239 | F3: 0.118 | G3: ='01 - 2021'!D9-'01 - 2021'!D8+'01 - 2021'!E9-'01 - 2021'!E8 -> 21.18 | H3: 0.99 | I3: ='01 - 2021'!J9-'01 - 2021'!J8 -> 13708 | J3: 0.081 | K3: ='01 - 2021'!H9-'01 - 2021'!H8 -> 0 | L3: ='01 - 2021'!I9-'01 - 2021'!I8 -> 100 | M3: 4.3936294 | N3: 63
A4: Dubai DIFC | B4: =B3+1 -> 3 | C4: 12 | D4: 2021 | E4: ='01 - 2021'!B10-'01 - 2021'!B9+'01 - 2021'!C10-'01 - 2021'!C9 -> 10629 | F4: 0.118 | G4: ='01 - 2021'!D10-'01 - 2021'!D9+'01 - 2021'!E10-'01 - 2021'!E9 -> 16.2 | H4: 0.99 | I4: ='01 - 2021'!J10-'01 - 2021'!J9 -> 14596 | J4: 0.081 | K4: ='01 - 2021'!H10-'01 - 2021'!H9 -> 0 | L4: ='01 - 2021'!I10-'01 - 2021'!I9 -> 98 | M4: 4.3936294 | N4: 66
A5: Dubai DIFC | B5: =B4+1 -> 4 | C5: 12 | D5: 2021 | E5: ='01 - 2021'!B11-'01 - 2021'!B10+'01 - 2021'!C11-'01 - 2021'!C10 -> 10295.2 | F5: 0.118 | G5: ='01 - 2021'!D11-'01 - 2021'!D10+'01 - 2021'!E11-'01 - 2021'!E10 -> 18.58 | H5: 0.99 | I5: ='01 - 2021'!J11-'01 - 2021'!J10 -> 16232 | J5: 0.081 | K5: ='01 - 2021'!H11-'01 - 2021'!H10 -> 0 | L5: ='01 - 2021'!I11-'01 - 2021'!I10 -> 107 | M5: 4.3936294 | N5: 93
A6: Dubai DIFC | B6: =B5+1 -> 5 | C6: 12 | D6: 2021 | E6: ='01 - 2021'!B12-'01 - 2021'!B11+'01 - 2021'!C12-'01 - 2021'!C11 -> 10004.5 | F6: 0.118 | G6: ='01 - 2021'!D12-'01 - 2021'!D11+'01 - 2021'!E12-'01 - 2021'!E11 -> 20.57 | H6: 0.99 | I6: ='01 - 2021'!J12-'01 - 2021'!J11 -> 11980 | J6: 0.081 | K6: ='01 - 2021'!H12-'01 - 2021'!H11 -> 0 | L6: ='01 - 2021'!I12-'01 - 2021'!I11 -> 105 | M6: 4.3936294 | N6: 91
A7: Dubai DIFC | B7: =B6+1 -> 6 | C7: 12 | D7: 2021 | E7: ='01 - 2021'!B13-'01 - 2021'!B12+'01 - 2021'!C13-'01 - 2021'!C12 -> 9960.3 | F7: 0.118 | G7: ='01 - 2021'!D13-'01 - 2021'!D12+'01 - 2021'!E13-'01 - 2021'!E12 -> 17.82 | H7: 0.99 | I7: ='01 - 2021'!J13-'01 - 2021'!J12 -> 10947 | J7: 0.081 | K7: ='01 - 2021'!H13-'01 - 2021'!H12 -> 0 | L7: ='01 - 2021'!I13-'01 - 2021'!I12 -> 121 | M7: 4.3936294 | N7: 99
A8: Dubai DIFC | B8: =B7+1 -> 7 | C8: 12 | D8: 2021 | E8: ='01 - 2021'!B14-'01 - 2021'!B13+'01 - 2021'!C14-'01 - 2021'!C13 -> 9969.7 | F8: 0.118 | G8: ='01 - 2021'!D14-'01 - 2021'!D13+'01 - 2021'!E14-'01 - 2021'!E13 -> 15.07 | H8: 0.99 | I8: ='01 - 2021'!J14-'01 - 2021'!J13 -> 10959 | J8: 0.081 | K8: ='01 - 2021'!H14-'01 - 2021'!H13 -> 0 | L8: ='01 - 2021'!I14-'01 - 2021'!I13 -> 112 | M8: 4.3936294 | N8: 97
A9: Dubai DIFC | B9: =B8+1 -> 8 | C9: 12 | D9: 2021 | E9: ='01 - 2021'!B15-'01 - 2021'!B14+'01 - 2021'!C15-'01 - 2021'!C14 -> 9803 | F9: 0.118 | G9: ='01 - 2021'!D15-'01 - 2021'!D14+'01 - 2021'!E15-'01 - 2021'!E14 -> 21.09 | H9: 0.99 | I9: ='01 - 2021'!J15-'01 - 2021'!J14 -> 10574 | J9: 0.081 | K9: ='01 - 2021'!H15-'01 - 2021'!H14 -> 0 | L9: ='01 - 2021'!I15-'01 - 2021'!I14 -> 111 | M9: 4.3936294 | N9: 90
A10: Dubai DIFC | B10: =B9+1 -> 9 | C10: 12 | D10: 2021 | E10: ='01 - 2021'!B16-'01 - 2021'!B15+'01 - 2021'!C16-'01 - 2021'!C15 -> 9962 | F10: 0.118 | G10: ='01 - 2021'!D16-'01 - 2021'!D15+'01 - 2021'!E16-'01 - 2021'!E15 -> 21.4 | H10: 0.99 | I10: ='01 - 2021'!J16-'01 - 2021'!J15 -> 11592 | J10: 0.081 | K10: ='01 - 2021'!H16-'01 - 2021'!H15 -> 0 | L10: ='01 - 2021'!I16-'01 - 2021'!I15 -> 106 | M10: 4.3936294 | N10: 84
A11: Dubai DIFC | B11: =B10+1 -> 10 | C11: 12 | D11: 2021 | E11: ='01 - 2021'!B17-'01 - 2021'!B16+'01 - 2021'!C17-'01 - 2021'!C16 -> 9400 | F11: 0.118 | G11: ='01 - 2021'!D17-'01 - 2021'!D16+'01 - 2021'!E17-'01 - 2021'!E16 -> 20.94 | H11: 0.99 | I11: ='01 - 2021'!J17-'01 - 2021'!J16 -> 9174 | J11: 0.081 | K11: ='01 - 2021'!H17-'01 - 2021'!H16 -> 0 | L11: ='01 - 2021'!I17-'01 - 2021'!I16 -> 96 | M11: 4.3936294 | N11: 75
A12: Dubai DIFC | B12: =B11+1 -> 11 | C12: 12 | D12: 2021 | E12: ='01 - 2021'!B18-'01 - 2021'!B17+'01 - 2021'!C18-'01 - 2021'!C17 -> 9600 | F12: 0.118 | G12: ='01 - 2021'!D18-'01 - 2021'!D17+'01 - 2021'!E18-'01 - 2021'!E17 -> 16.46 | H12: 0.99 | I12: ='01 - 2021'!J18-'01 - 2021'!J17 -> 11118 | J12: 0.081 | K12: ='01 - 2021'!H18-'01 - 2021'!H17 -> 0 | L12: ='01 - 2021'!I18-'01 - 2021'!I17 -> 103 | M12: 4.3936294 | N12: 76
A13: Dubai DIFC | B13: =B12+1 -> 12 | C13: 12 | D13: 2021 | E13: ='01 - 2021'!B19-'01 - 2021'!B18+'01 - 2021'!C19-'01 - 2021'!C18 -> 9588 | F13: 0.118 | G13: ='01 - 2021'!D19-'01 - 2021'!D18+'01 - 2021'!E19-'01 - 2021'!E18 -> 18.9 | H13: 0.99 | I13: ='01 - 2021'!J19-'01 - 2021'!J18 -> 11144 | J13: 0.081 | K13: ='01 - 2021'!H19-'01 - 2021'!H18 -> 0 | L13: ='01 - 2021'!I19-'01 - 2021'!I18 -> 99 | M13: 4.3936294 | N13: 80
A14: Dubai DIFC | B14: =B13+1 -> 13 | C14: 12 | D14: 2021 | E14: ='01 - 2021'!B20-'01 - 2021'!B19+'01 - 2021'!C20-'01 - 2021'!C19 -> 9372 | F14: 0.118 | G14: ='01 - 2021'!D20-'01 - 2021'!D19+'01 - 2021'!E20-'01 - 2021'!E19 -> 19.07 | H14: 0.99 | I14: ='01 - 2021'!J20-'01 - 2021'!J19 -> 11145 | J14: 0.081 | K14: ='01 - 2021'!H20-'01 - 2021'!H19 -> 0 | L14: ='01 - 2021'!I20-'01 - 2021'!I19 -> 107 | M14: 4.3936294 | N14: 72
... A19: Dubai DIFC | B19: =B18+1 -> 18 | C19: 12 | D19: 2021 | E19: ='01 - 2021'!B25-'01 - 2021'!B24+'01 - 2021'!C25-'01 - 2021'!C24 -> 9080 | F19: 0.118 | G19: ='01 - 2021'!D25-'01 - 2021'!D24+'01 - 2021'!E25-'01 - 2021'!E24 -> 18.09 | H19: 0.99 | I19: ='01 - 2021'!J25-'01 - 2021'!J24 -> 13254 | J19: 0.081 | K19: ='01 - 2021'!H25-'01 - 2021'!H24 -> 0 | L19: ='01 - 2021'!I25-'01 - 2021'!I24 -> 102 | M19: 4.3936294 | N19: 57
A20: Dubai DIFC | B20: =B19+1 -> 19 | C20: 12 | D20: 2021 | E20: 0 | F20: 0.118 | G20: 0 | H20: 0.99 | I20: 0 | J20: 0.081 | K20: 0 | L20: 0 | M20: 4.3936294
A21: Dubai DIFC | B21: =B20+1 -> 20 | C21: 12 | D21: 2021 | E21: ='01 - 2021'!B27-'01 - 2021'!B26+'01 - 2021'!C27-'01 - 2021'!C26 -> 0 | F21: 0.118 | G21: ='01 - 2021'!D27-'01 - 2021'!D26+'01 - 2021'!E27-'01 - 2021'!E26 -> 0 | H21: 0.99 | I21: ='01 - 2021'!J27-'01 - 2021'!J26 -> 0 | J21: 0.081 | K21: ='01 - 2021'!H27-'01 - 2021'!H26 -> 0 | L21: ='01 - 2021'!I27-'01 - 2021'!I26 -> 0 | M21: 4.3936294
A22: Dubai DIFC | B22: =B21+1 -> 21 | C22: 12 | D22: 2021 | E22: ='01 - 2021'!B28-'01 - 2021'!B27+'01 - 2021'!C28-'01 - 2021'!C27 -> 0 | F22: 0.118 | G22: ='01 - 2021'!D28-'01 - 2021'!D27+'01 - 2021'!E28-'01 - 2021'!E27 -> 0 | H22: 0.99 | I22: ='01 - 2021'!J28-'01 - 2021'!J27 -> 0 | J22: 0.081 | K22: ='01 - 2021'!H28-'01 - 2021'!H27 -> 0 | L22: ='01 - 2021'!I28-'01 - 2021'!I27 -> 0 | M22: 4.3936294
A23: Dubai DIFC | B23: =B22+1 -> 22 | C23: 12 | D23: 2021 | E23: ='01 - 2021'!B29-'01 - 2021'!B28+'01 - 2021'!C29-'01 - 2021'!C28 -> 0 | F23: 0.118 | G23: ='01 - 2021'!D29-'01 - 2021'!D28+'01 - 2021'!E29-'01 - 2021'!E28 -> 0 | H23: 0.99 | I23: ='01 - 2021'!J29-'01 - 2021'!J28 -> 0 | J23: 0.081 | K23: ='01 - 2021'!H29-'01 - 2021'!H28 -> 0 | L23: ='01 - 2021'!I29-'01 - 2021'!I28 -> 0 | M23: 4.3936294
A24: Dubai DIFC | B24: =B23+1 -> 23 | C24: 12 | D24: 2021 | E24: ='01 - 2021'!B30-'01 - 2021'!B29+'01 - 2021'!C30-'01 - 2021'!C29 -> 0 | F24: 0.118 | G24: ='01 - 2021'!D30-'01 - 2021'!D29+'01 - 2021'!E30-'01 - 2021'!E29 -> 0 | H24: 0.99 | I24: ='01 - 2021'!J30-'01 - 2021'!J29 -> 0 | J24: 0.081 | K24: ='01 - 2021'!H30-'01 - 2021'!H29 -> 0 | L24: ='01 - 2021'!I30-'01 - 2021'!I29 -> 0 | M24: 4.3936294
A25: Dubai DIFC | B25: =B24+1 -> 24 | C25: 12 | D25: 2021 | E25: ='01 - 2021'!B31-'01 - 2021'!B30+'01 - 2021'!C31-'01 - 2021'!C30 -> 0 | F25: 0.118 | G25: ='01 - 2021'!D31-'01 - 2021'!D30+'01 - 2021'!E31-'01 - 2021'!E30 -> 0 | H25: 0.99 | I25: ='01 - 2021'!J31-'01 - 2021'!J30 -> 0 | J25: 0.081 | K25: ='01 - 2021'!H31-'01 - 2021'!H30 -> 0 | L25: ='01 - 2021'!I31-'01 - 2021'!I30 -> 0 | M25: 4.3936294
A26: Dubai DIFC | B26: =B25+1 -> 25 | C26: 12 | D26: 2021 | E26: ='01 - 2021'!B32-'01 - 2021'!B31+'01 - 2021'!C32-'01 - 2021'!C31 -> 0 | F26: 0.118 | G26: ='01 - 2021'!D32-'01 - 2021'!D31+'01 - 2021'!E32-'01 - 2021'!E31 -> 0 | H26: 0.99 | I26: ='01 - 2021'!J32-'01 - 2021'!J31 -> 0 | J26: 0.081 | K26: ='01 - 2021'!H32-'01 - 2021'!H31 -> 0 | L26: ='01 - 2021'!I32-'01 - 2021'!I31 -> 0 | M26: 4.3936294
A27: Dubai DIFC | B27: =B26+1 -> 26 | C27: 12 | D27: 2021 | E27: ='01 - 2021'!B33-'01 - 2021'!B32+'01 - 2021'!C33-'01 - 2021'!C32 -> 0 | F27: 0.118 | G27: ='01 - 2021'!D33-'01 - 2021'!D32+'01 - 2021'!E33-'01 - 2021'!E32 -> 0 | H27: 0.99 | I27: ='01 - 2021'!J33-'01 - 2021'!J32 -> 0 | J27: 0.081 | K27: ='01 - 2021'!H33-'01 - 2021'!H32 -> 0 | L27: ='01 - 2021'!I33-'01 - 2021'!I32 -> 0 | M27: 4.3936294
A28: Dubai DIFC | B28: =B27+1 -> 27 | C28: 12 | D28: 2021 | E28: ='01 - 2021'!B34-'01 - 2021'!B33+'01 - 2021'!C34-'01 - 2021'!C33 -> 0 | F28: 0.118 | G28: ='01 - 2021'!D34-'01 - 2021'!D33+'01 - 2021'!E34-'01 - 2021'!E33 -> 0 | H28: 0.99 | I28: ='01 - 2021'!J34-'01 - 2021'!J33 -> 0 | J28: 0.081 | K28: ='01 - 2021'!H34-'01 - 2021'!H33 -> 0 | L28: ='01 - 2021'!I34-'01 - 2021'!I33 -> 0 | M28: 4.3936294
A29: Dubai DIFC | B29: =B28+1 -> 28 | C29: 12 | D29: 2021 | E29: ='01 - 2021'!B35-'01 - 2021'!B34+'01 - 2021'!C35-'01 - 2021'!C34 -> 0 | F29: 0.118 | G29: ='01 - 2021'!D35-'01 - 2021'!D34+'01 - 2021'!E35-'01 - 2021'!E34 -> 0 | H29: 0.99 | I29: ='01 - 2021'!J35-'01 - 2021'!J34 -> 0 | J29: 0.081 | K29: ='01 - 2021'!H35-'01 - 2021'!H34 -> 0 | L29: ='01 - 2021'!I35-'01 - 2021'!I34 -> 0 | M29: 4.3936294
A30: Dubai DIFC | B30: =B29+1 -> 29 | C30: 12 | D30: 2021 | E30: ='01 - 2021'!B36-'01 - 2021'!B35+'01 - 2021'!C36-'01 - 2021'!C35 -> 0 | F30: 0.118 | G30: ='01 - 2021'!D36-'01 - 2021'!D35+'01 - 2021'!E36-'01 - 2021'!E35 -> 0 | H30: 0.99 | I30: ='01 - 2021'!J36-'01 - 2021'!J35 -> 0 | J30: 0.081 | K30: ='01 - 2021'!H36-'01 - 2021'!H35 -> 0 | L30: ='01 - 2021'!I36-'01 - 2021'!I35 -> 0 | M30: 4.3936294
A31: Dubai DIFC | B31: =B30+1 -> 30 | C31: 12 | D31: 2021 | E31: ='01 - 2021'!B37-'01 - 2021'!B36+'01 - 2021'!C37-'01 - 2021'!C36 -> 0 | F31: 0.118 | G31: ='01 - 2021'!D37-'01 - 2021'!D36+'01 - 2021'!E37-'01 - 2021'!E36 -> 0 | H31: 0.99 | I31: ='01 - 2021'!J37-'01 - 2021'!J36 -> 0 | J31: 0.081 | K31: ='01 - 2021'!H37-'01 - 2021'!H36 -> 0 | L31: ='01 - 2021'!I37-'01 - 2021'!I36 -> 0 | M31: 4.3936294
A32: Dubai DIFC | B32: 31 | C32: 12 | D32: 2021 | E32: ='01 - 2021'!B38-'01 - 2021'!B37+'01 - 2021'!C38-'01 - 2021'!C37 -> 0 | F32: 0.118 | G32: ='01 - 2021'!D38-'01 - 2021'!D37+'01 - 2021'!E38-'01 - 2021'!E37 -> 0 | H32: 0.99 | I32: ='01 - 2021'!J38-'01 - 2021'!J37 -> 0 | J32: 0.081 | K32: ='01 - 2021'!H38-'01 - 2021'!H37 -> 0 | L32: ='01 - 2021'!I38-'01 - 2021'!I37 -> 0 | M32: 4.3936294

Sheet Submetering Daily 
A1: Site Name | B1: Day | C1: Month | D1: Year | E1: Panel LV1 Kwh | F1: Panel LV2 Kwh | G1: Electricity Tariff ($/Kwh) | H1: Main Kitchen LPG (Kg) | I1: Podium Kitchen LPG (Kg) | J1: Boiler LPG (Kg) | K1: LPG $/Kg | L1: Room Nights
A2: Dubai DIFC | B2: 1 | C2: 12 | D2: 2021 | E2: ='01 - 2021'!B8-'01 - 2021'!B7 -> 3842 | F2: ='01 - 2021'!C8-'01 - 2021'!C7 -> 5971.2 | G2: 0.118 | H2: ='01 - 2021'!E8-'01 - 2021'!E7 -> 19.62 | I2: ='01 - 2021'!F8-'01 - 2021'!F7 -> 8.83 | J2: ='01 - 2021'!G8-'01 - 2021'!G7 -> 40.63 | K2: 0.74 | L2: 81
A3: Dubai DIFC | B3: =B2+1 -> 2 | C3: 12 | D3: 2021 | E3: ='01 - 2021'!B9-'01 - 2021'!B8 -> 3773 | F3: ='01 - 2021'!C9-'01 - 2021'!C8 -> 6466 | G3: 0.118 | H3: ='01 - 2021'!E9-'01 - 2021'!E8 -> 21.26 | I3: ='01 - 2021'!F9-'01 - 2021'!F8 -> 8.82 | J3: ='01 - 2021'!G9-'01 - 2021'!G8 -> 38.21 | K3: 0.74 | L3: 63
A4: Dubai DIFC | B4: =B3+1 -> 3 | C4: 12 | D4: 2021 | E4: ='01 - 2021'!B10-'01 - 2021'!B9 -> 4035 | F4: ='01 - 2021'!C10-'01 - 2021'!C9 -> 6594 | G4: 0.118 | H4: ='01 - 2021'!E10-'01 - 2021'!E9 -> 16.28 | I4: ='01 - 2021'!F10-'01 - 2021'!F9 -> 8.05 | J4: ='01 - 2021'!G10-'01 - 2021'!G9 -> 36.27 | K4: 0.74 | L4: 66
A5: Dubai DIFC | B5: =B4+1 -> 4 | C5: 12 | D5: 2021 | E5: ='01 - 2021'!B11-'01 - 2021'!B10 -> 4013 | F5: ='01 - 2021'!C11-'01 - 2021'!C10 -> 6282.2 | G5: 0.118 | H5: ='01 - 2021'!E11-'01 - 2021'!E10 -> 18.68 | I5: ='01 - 2021'!F11-'01 - 2021'!F10 -> 8 | J5: ='01 - 2021'!G11-'01 - 2021'!G10 -> 39.01 | K5: 0.74 | L5: 93
A6: Dubai DIFC | B6: =B5+1 -> 5 | C6: 12 | D6: 2021 | E6: ='01 - 2021'!B12-'01 - 2021'!B11 -> 4252 | F6: ='01 - 2021'!C12-'01 - 2021'!C11 -> 5752.5 | G6: 0.118 | H6: ='01 - 2021'!E12-'01 - 2021'!E11 -> 20.09 | I6: ='01 - 2021'!F12-'01 - 2021'!F11 -> 7.8 | J6: ='01 - 2021'!G12-'01 - 2021'!G11 -> 36.15 | K6: 0.74 | L6: 91
A7: Dubai DIFC | B7: =B6+1 -> 6 | C7: 12 | D7: 2021 | E7: ='01 - 2021'!B13-'01 - 2021'!B12 -> 4225 | F7: ='01 - 2021'!C13-'01 - 2021'!C12 -> 5735.3 | G7: 0.118 | H7: ='01 - 2021'!E13-'01 - 2021'!E12 -> 17.88 | I7: ='01 - 2021'!F13-'01 - 2021'!F12 -> 8.44 | J7: ='01 - 2021'!G13-'01 - 2021'!G12 -> 39.14 | K7: 0.74 | L7: 99
A8: Dubai DIFC | B8: =B7+1 -> 7 | C8: 12 | D8: 2021 | E8: ='01 - 2021'!B14-'01 - 2021'!B13 -> 4264 | F8: ='01 - 2021'!C14-'01 - 2021'!C13 -> 5705.7 | G8: 0.118 | H8: ='01 - 2021'!E14-'01 - 2021'!E13 -> 15.13 | I8: ='01 - 2021'!F14-'01 - 2021'!F13 -> 8.42 | J8: ='01 - 2021'!G14-'01 - 2021'!G13 -> 41.9 | K8: 0.74 | L8: 97
A9: Dubai DIFC | B9: =B8+1 -> 8 | C9: 12 | D9: 2021 | E9: ='01 - 2021'!B15-'01 - 2021'!B14 -> 4086 | F9: ='01 - 2021'!C15-'01 - 2021'!C14 -> 5717 | G9: 0.118 | H9: ='01 - 2021'!E15-'01 - 2021'!E14 -> 21.17 | I9: ='01 - 2021'!F15-'01 - 2021'!F14 -> 8.8 | J9: ='01 - 2021'!G15-'01 - 2021'!G14 -> 40.39 | K9: 0.74 | L9: 90
A10: Dubai DIFC | B10: =B9+1 -> 9 | C10: 12 | D10: 2021 | E10: ='01 - 2021'!B16-'01 - 2021'!B15 -> 4097 | F10: ='01 - 2021'!C16-'01 - 2021'!C15 -> 5865 | G10: 0.118 | H10: ='01 - 2021'!E16-'01 - 2021'!E15 -> 21.48 | I10: ='01 - 2021'!F16-'01 - 2021'!F15 -> 8.68 | J10: ='01 - 2021'!G16-'01 - 2021'!G15 -> 35.81 | K10: 0.74 | L10: 84
A11: Dubai DIFC | B11: =B10+1 -> 10 | C11: 12 | D11: 2021 | E11: ='01 - 2021'!B17-'01 - 2021'!B16 -> 3936 | F11: ='01 - 2021'!C17-'01 - 2021'!C16 -> 5464 | G11: 0.118 | H11: ='01 - 2021'!E17-'01 - 2021'!E16 -> 21.01 | I11: ='01 - 2021'!F17-'01 - 2021'!F16 -> 7.5 | J11: ='01 - 2021'!G17-'01 - 2021'!G16 -> 36.3 | K11: 0.74 | L11: 75
A12: Dubai DIFC | B12: =B11+1 -> 11 | C12: 12 | D12: 2021 | E12: ='01 - 2021'!B18-'01 - 2021'!B17 -> 3928 | F12: ='01 - 2021'!C18-'01 - 2021'!C17 -> 5672 | G12: 0.118 | H12: ='01 - 2021'!E18-'01 - 2021'!E17 -> 16.55 | I12: ='01 - 2021'!F18-'01 - 2021'!F17 -> 8.37 | J12: ='01 - 2021'!G18-'01 - 2021'!G17 -> 35.33 | K12: 0.74 | L12: 76
A13: Dubai DIFC | B13: =B12+1 -> 12 | C13: 12 | D13: 2021 | E13: ='01 - 2021'!B19-'01 - 2021'!B18 -> 3955 | F13: ='01 - 2021'!C19-'01 - 2021'!C18 -> 5633 | G13: 0.118 | H13: ='01 - 2021'!E19-'01 - 2021'!E18 -> 18.98 | I13: ='01 - 2021'!F19-'01 - 2021'!F18 -> 8.38 | J13: ='01 - 2021'!G19-'01 - 2021'!G18 -> 34.5 | K13: 0.74 | L13: 80
A14: Dubai DIFC | B14: =B13+1 -> 13 | C14: 12 | D14: 2021 | E14: ='01 - 2021'!B20-'01 - 2021'!B19 -> 3910 | F14: ='01 - 2021'!C20-'01 - 2021'!C19 -> 5462 | G14: 0.118 | H14: ='01 - 2021'!E20-'01 - 2021'!E19 -> 18.53 | I14: ='01 - 2021'!F20-'01 - 2021'!F19 -> 7.72 | J14: ='01 - 2021'!G20-'01 - 2021'!G19 -> 33.86 | K14: 0.74 | L14: 72
... A19: Dubai DIFC | B19: =B18+1 -> 18 | C19: 12 | D19: 2021 | E19: ='01 - 2021'!B25-'01 - 2021'!B24 -> 3723 | F19: ='01 - 2021'!C25-'01 - 2021'!C24 -> 5357 | G19: 0.118 | H19: ='01 - 2021'!E25-'01 - 2021'!E24 -> 18.18 | I19: ='01 - 2021'!F25-'01 - 2021'!F24 -> 8.04 | J19: ='01 - 2021'!G25-'01 - 2021'!G24 -> 31.98 | K19: 0.74 | L19: 57
A20: Dubai DIFC | B20: =B19+1 -> 19 | C20: 12 | D20: 2021 | E20: 0 | F20: 0 | G20: 0.118 | H20: 0 | I20: 0 | J20: 0 | K20: 0.74
A21: Dubai DIFC | B21: =B20+1 -> 20 | C21: 12 | D21: 2021 | E21: ='01 - 2021'!B27-'01 - 2021'!B26 -> 0 | F21: ='01 - 2021'!C27-'01 - 2021'!C26 -> 0 | G21: 0.118 | H21: ='01 - 2021'!E27-'01 - 2021'!E26 -> 0 | I21: ='01 - 2021'!F27-'01 - 2021'!F26 -> 0 | J21: ='01 - 2021'!G27-'01 - 2021'!G26 -> 0 | K21: 0.74
A22: Dubai DIFC | B22: =B21+1 -> 21 | C22: 12 | D22: 2021 | E22: ='01 - 2021'!B28-'01 - 2021'!B27 -> 0 | F22: ='01 - 2021'!C28-'01 - 2021'!C27 -> 0 | G22: 0.118 | H22: ='01 - 2021'!E28-'01 - 2021'!E27 -> 0 | I22: ='01 - 2021'!F28-'01 - 2021'!F27 -> 0 | J22: ='01 - 2021'!G28-'01 - 2021'!G27 -> 0 | K22: 0.74
A23: Dubai DIFC | B23: =B22+1 -> 22 | C23: 12 | D23: 2021 | E23: ='01 - 2021'!B29-'01 - 2021'!B28 -> 0 | F23: ='01 - 2021'!C29-'01 - 2021'!C28 -> 0 | G23: 0.118 | H23: ='01 - 2021'!E29-'01 - 2021'!E28 -> 0 | I23: ='01 - 2021'!F29-'01 - 2021'!F28 -> 0 | J23: ='01 - 2021'!G29-'01 - 2021'!G28 -> 0 | K23: 0.74
A24: Dubai DIFC | B24: =B23+1 -> 23 | C24: 12 | D24: 2021 | E24: ='01 - 2021'!B30-'01 - 2021'!B29 -> 0 | F24: ='01 - 2021'!C30-'01 - 2021'!C29 -> 0 | G24: 0.118 | H24: ='01 - 2021'!E30-'01 - 2021'!E29 -> 0 | I24: ='01 - 2021'!F30-'01 - 2021'!F29 -> 0 | J24: ='01 - 2021'!G30-'01 - 2021'!G29 -> 0 | K24: 0.74
A25: Dubai DIFC | B25: =B24+1 -> 24 | C25: 12 | D25: 2021 | E25: ='01 - 2021'!B31-'01 - 2021'!B30 -> 0 | F25: ='01 - 2021'!C31-'01 - 2021'!C30 -> 0 | G25: 0.118 | H25: ='01 - 2021'!E31-'01 - 2021'!E30 -> 0 | I25: ='01 - 2021'!F31-'01 - 2021'!F30 -> 0 | J25: ='01 - 2021'!G31-'01 - 2021'!G30 -> 0 | K25: 0.74
A26: Dubai DIFC | B26: =B25+1 -> 25 | C26: 12 | D26: 2021 | E26: ='01 - 2021'!B32-'01 - 2021'!B31 -> 0 | F26: ='01 - 2021'!C32-'01 - 2021'!C31 -> 0 | G26: 0.118 | H26: ='01 - 2021'!E32-'01 - 2021'!E31 -> 0 | I26: ='01 - 2021'!F32-'01 - 2021'!F31 -> 0 | J26: ='01 - 2021'!G32-'01 - 2021'!G31 -> 0 | K26: 0.74
A27: Dubai DIFC | B27: =B26+1 -> 26 | C27: 12 | D27: 2021 | E27: ='01 - 2021'!B33-'01 - 2021'!B32 -> 0 | F27: ='01 - 2021'!C33-'01 - 2021'!C32 -> 0 | G27: 0.118 | H27: ='01 - 2021'!E33-'01 - 2021'!E32 -> 0 | I27: ='01 - 2021'!F33-'01 - 2021'!F32 -> 0 | J27: ='01 - 2021'!G33-'01 - 2021'!G32 -> 0 | K27: 0.74
A28: Dubai DIFC | B28: =B27+1 -> 27 | C28: 12 | D28: 2021 | E28: ='01 - 2021'!B34-'01 - 2021'!B33 -> 0 | F28: ='01 - 2021'!C34-'01 - 2021'!C33 -> 0 | G28: 0.118 | H28: ='01 - 2021'!E34-'01 - 2021'!E33 -> 0 | I28: ='01 - 2021'!F34-'01 - 2021'!F33 -> 0 | J28: ='01 - 2021'!G34-'01 - 2021'!G33 -> 0 | K28: 0.74
A29: Dubai DIFC | B29: =B28+1 -> 28 | C29: 12 | D29: 2021 | E29: ='01 - 2021'!B35-'01 - 2021'!B34 -> 0 | F29: ='01 - 2021'!C35-'01 - 2021'!C34 -> 0 | G29: 0.118 | H29: ='01 - 2021'!E35-'01 - 2021'!E34 -> 0 | I29: ='01 - 2021'!F35-'01 - 2021'!F34 -> 0 | J29: ='01 - 2021'!G35-'01 - 2021'!G34 -> 0 | K29: 0.74
A30: Dubai DIFC | B30: =B29+1 -> 29 | C30: 12 | D30: 2021 | E30: ='01 - 2021'!B36-'01 - 2021'!B35 -> 0 | F30: ='01 - 2021'!C36-'01 - 2021'!C35 -> 0 | G30: 0.118 | H30: ='01 - 2021'!E36-'01 - 2021'!E35 -> 0 | I30: ='01 - 2021'!F36-'01 - 2021'!F35 -> 0 | J30: ='01 - 2021'!G36-'01 - 2021'!G35 -> 0 | K30: 0.74
A31: Dubai DIFC | B31: =B30+1 -> 30 | C31: 12 | D31: 2021 | E31: ='01 - 2021'!B37-'01 - 2021'!B36 -> 0 | F31: ='01 - 2021'!C37-'01 - 2021'!C36 -> 0 | G31: 0.118 | H31: ='01 - 2021'!E37-'01 - 2021'!E36 -> 0 | I31: ='01 - 2021'!F37-'01 - 2021'!F36 -> 0 | J31: ='01 - 2021'!G37-'01 - 2021'!G36 -> 0 | K31: 0.74
A32: Dubai DIFC | B32: 31 | C32: 12 | D32: 2021 | E32: ='01 - 2021'!B38-'01 - 2021'!B37 -> 0 | F32: ='01 - 2021'!C38-'01 - 2021'!C37 -> 0 | G32: 0.118 | H32: ='01 - 2021'!E38-'01 - 2021'!E37 -> 0 | I32: ='01 - 2021'!F38-'01 - 2021'!F37 -> 0 | J32: ='01 - 2021'!G38-'01 - 2021'!G37 -> 0 | K32: 0.74

Sheet 01 - 2021
A3: FOUR SEASONS HOTEL - DIFC
A4: HLP READING MONTH OF JANUARY '2022
B5: Electricity | D5: LPG (cu.m) | H5: Water (cu.m) | J5: BTU
A6: Date | B6: LV-01, 2025952759 | C6: LV-2, 2030235407 | D6: Main Meter % | E6: Main Kitchen | F6: Podium Kitchen | G6: Boiler | H6: B-3 Water Meter (DIFC) | I6: MainWater Meter (DEWA) | J6: Chilled Water (KWH) | K6: Gas Received (Litres) | L6: Remark
A7: 44561 | B7: 532303 | C7: 61638.1 | D7: 0.64 | E7: 1703.01 | F7: 1146.26 | G7: 36618.6 | H7: 14528 | I7: 142633 | J7: 53137168
A8: =A7+1 -> 44562 | B8: 536145 | C8: 67609.3 | D8: 0.58 | E8: 1722.63 | F8: 1155.09 | G8: 36659.23 | H8: 14528 | I8: 142758 | J8: 53151980
A9: =A8+1 -> 44563 | B9: 539918 | C9: 74075.3 | D9: 0.5 | E9: 1743.89 | F9: 1163.91 | G9: 36697.44 | H9: 14528 | I9: 142858 | J9: 53165688
A10: =A9+1 -> 44564 | B10: 543953 | C10: 80669.3 | D10: 0.42 | E10: 1760.17 | F10: 1171.96 | G10: 36733.71 | H10: 14528 | I10: 142956 | J10: 53180284
A11: =A10+1 -> 44565 | B11: 547966 | C11: 86951.5 | D11: 0.32 | E11: 1778.85 | F11: 1179.96 | G11: 36772.72 | H11: 14528 | I11: 143063 | J11: 53196516
A12: =A11+1 -> 44566 | B12: 552218 | C12: 92704 | D12: 0.8 | E12: 1798.94 | F12: 1187.76 | G12: 36808.87 | H12: 14528 | I12: 143168 | J12: 53208496
A13: =A12+1 -> 44567 | B13: 556443 | C13: 98439.3 | D13: 0.74 | E13: 1816.82 | F13: 1196.2 | G13: 36848.01 | H13: 14528 | I13: 143289 | J13: 53219443
A14: =A13+1 -> 44568 | B14: 560707 | C14: 104145 | D14: 0.68 | E14: 1831.95 | F14: 1204.62 | G14: 36889.91 | H14: 14528 | I14: 143401 | J14: 53230402
A15: =A14+1 -> 44569 | B15: 564793 | C15: 109862 | D15: 0.6 | E15: 1853.12 | F15: 1213.42 | G15: 36930.3 | H15: 14528 | I15: 143512 | J15: 53240976
A16: =A15+1 -> 44570 | B16: 568890 | C16: 115727 | D16: 0.52 | E16: 1874.6 | F16: 1222.1 | G16: 36966.11 | H16: 14528 | I16: 143618 | J16: 53252568
A17: =A16+1 -> 44571 | B17: 572826 | C17: 121191 | D17: 0.45 | E17: 1895.61 | F17: 1229.6 | G17: 37002.41 | H17: 14528 | I17: 143714 | J17: 53261742
A18: =A17+1 -> 44572 | B18: 576754 | C18: 126863 | D18: 0.36 | E18: 1912.16 | F18: 1237.97 | G18: 37037.74 | H18: 14528 | I18: 143817 | J18: 53272860
A19: =A18+1 -> 44573 | B19: 580709 | C19: 132496 | D19: 0.28 | E19: 1931.14 | F19: 1246.35 | G19: 37072.24 | H19: 14528 | I19: 143916 | J19: 53284004
... A25: =A24+1 -> 44579 | B25: 603837 | C25: 165782 | D25: 0.45 | E25: 2041.22 | F25: 1295.31 | G25: 37279.41 | H25: 14528 | I25: 144522 | J25: 53357284
A26: =A25+1 -> 44580
A27: =A26+1 -> 44581
A28: =A27+1 -> 44582
A29: =A28+1 -> 44583
A30: =A29+1 -> 44584
A31: =A30+1 -> 44585
A32: =A31+1 -> 44586
A33: =A32+1 -> 44587
A34: =A33+1 -> 44588
A35: =A34+1 -> 44589
A36: =A35+1 -> 44590
A37: =A36+1 -> 44591
A38: =A37+1 -> 44592
A39: Readings | B39: =B38-B7 -> -532303 | C39: =C38-C7 -> -61638.1 | D39: =D38-D7 -> -0.64 | E39: =E38-E7 -> -1703.01 | F39: =F38-F7 -> -1146.26 | G39: =G38-G7 -> -36618.6 | H39: =H38-H7 -> -14528 | I39: =I38-I7 -> -142633 | J39: =J38-J7 -> -53137168 | K39: =SUM(K7:K38) -> 0
H40: =H39*219.969 -> -3195709.6 | I40: =I39*219.969 -> -31374838
