Workbook

Sheet TOTAL
A1: Site Name | B1: Day | C1: Month | D1: Year | E1: Total Electricity Kwh | F1: Electricity Tariff ($/Kwh) | G1: Total Fuel Oil (Liter) | H1: Fuel Oil $/Liter | I1: Water Utility Supply (m3) m3 | J1: Water Utility Supply (m3) $/m3 | K1: Room Nights | L1: Food Covers
A2: Langkawi | B2: 1 | C2: 9 | D2: 2021 | E2: ='B16'!I4+'B16 ext'!I4+'B17'!I4 -> 5591 | F2: =('B16'!J4+'B16 ext'!J4+'B17'!J4)/TOTAL!E2 -> 0.24557342 | G2: ='Diesel Reading Sept'!H4 -> 0 | H2: ='Diesel Reading Sept'!I4/'Diesel Reading Sept'!H4 -> #DIV/0! | I2: ='Water Reading'!H4 -> 444 | J2: ='Water Reading'!I4/'Water Reading'!H4 -> 1.35
A3: Langkawi | B3: =B2+1 -> 2 | C3: 9 | D3: 2021 | E3: ='B16'!I5+'B16 ext'!I5+'B17'!I5 -> 5508 | F3: =('B16'!J5+'B16 ext'!J5+'B17'!J5)/TOTAL!E3 -> 0.24499455 | G3: ='Diesel Reading Sept'!H5 -> 0 | H3: ='Diesel Reading Sept'!I5/'Diesel Reading Sept'!H5 -> #DIV/0! | I3: ='Water Reading'!H5 -> 441 | J3: ='Water Reading'!I5/'Water Reading'!H5 -> 1.35
A4: Langkawi | B4: =B3+1 -> 3 | C4: 9 | D4: 2021 | E4: ='B16'!I6+'B16 ext'!I6+'B17'!I6 -> 5623 | F4: =('B16'!J6+'B16 ext'!J6+'B17'!J6)/TOTAL!E4 -> 0.24257745 | G4: ='Diesel Reading Sept'!H6 -> 0 | H4: ='Diesel Reading Sept'!I6/'Diesel Reading Sept'!H6 -> #DIV/0! | I4: ='Water Reading'!H6 -> 440 | J4: ='Water Reading'!I6/'Water Reading'!H6 -> 1.35
A5: Langkawi | B5: =B4+1 -> 4 | C5: 9 | D5: 2021 | E5: ='B16'!I7+'B16 ext'!I7+'B17'!I7 -> 5308 | F5: =('B16'!J7+'B16 ext'!J7+'B17'!J7)/TOTAL!E5 -> 0.24544442 | G5: ='Diesel Reading Sept'!H7 -> 0 | H5: ='Diesel Reading Sept'!I7/'Diesel Reading Sept'!H7 -> #DIV/0! | I5: ='Water Reading'!H7 -> 440 | J5: ='Water Reading'!I7/'Water Reading'!H7 -> 1.35
A6: Langkawi | B6: =B5+1 -> 5 | C6: 9 | D6: 2021 | E6: ='B16'!I8+'B16 ext'!I8+'B17'!I8 -> 5387 | F6: =('B16'!J8+'B16 ext'!J8+'B17'!J8)/TOTAL!E6 -> 0.24386375 | G6: ='Diesel Reading Sept'!H8 -> 0 | H6: ='Diesel Reading Sept'!I8/'Diesel Reading Sept'!H8 -> #DIV/0! | I6: ='Water Reading'!H8 -> 457 | J6: ='Water Reading'!I8/'Water Reading'!H8 -> 1.35
A7: Langkawi | B7: =B6+1 -> 6 | C7: 9 | D7: 2021 | E7: ='B16'!I9+'B16 ext'!I9+'B17'!I9 -> 5777 | F7: =('B16'!J9+'B16 ext'!J9+'B17'!J9)/TOTAL!E7 -> 0.24513329 | G7: ='Diesel Reading Sept'!H9 -> 0 | H7: ='Diesel Reading Sept'!I9/'Diesel Reading Sept'!H9 -> #DIV/0! | I7: ='Water Reading'!H9 -> 522 | J7: ='Water Reading'!I9/'Water Reading'!H9 -> 1.35
A8: Langkawi | B8: =B7+1 -> 7 | C8: 9 | D8: 2021 | E8: ='B16'!I10+'B16 ext'!I10+'B17'!I10 -> 5895 | F8: =('B16'!J10+'B16 ext'!J10+'B17'!J10)/TOTAL!E8 -> 0.24540763 | G8: ='Diesel Reading Sept'!H10 -> 0 | H8: ='Diesel Reading Sept'!I10/'Diesel Reading Sept'!H10 -> #DIV/0! | I8: ='Water Reading'!H10 -> 407 | J8: ='Water Reading'!I10/'Water Reading'!H10 -> 1.35
A9: Langkawi | B9: =B8+1 -> 8 | C9: 9 | D9: 2021 | E9: ='B16'!I11+'B16 ext'!I11+'B17'!I11 -> 7032 | F9: =('B16'!J11+'B16 ext'!J11+'B17'!J11)/TOTAL!E9 -> 0.24550683 | G9: ='Diesel Reading Sept'!H11 -> 0 | H9: ='Diesel Reading Sept'!I11/'Diesel Reading Sept'!H11 -> #DIV/0! | I9: ='Water Reading'!H11 -> 549 | J9: ='Water Reading'!I11/'Water Reading'!H11 -> 1.35
A10: Langkawi | B10: =B9+1 -> 9 | C10: 9 | D10: 2021 | E10: ='B16'!I12+'B16 ext'!I12+'B17'!I12 -> 7798 | F10: =('B16'!J12+'B16 ext'!J12+'B17'!J12)/TOTAL!E10 -> 0.24575224 | G10: ='Diesel Reading Sept'!H12 -> 114.2 | H10: ='Diesel Reading Sept'!I12/'Diesel Reading Sept'!H12 -> 2.84 | I10: ='Water Reading'!H12 -> 395 | J10: ='Water Reading'!I12/'Water Reading'!H12 -> 1.35
A11: Langkawi | B11: =B10+1 -> 10 | C11: 9 | D11: 2021 | E11: ='B16'!I13+'B16 ext'!I13+'B17'!I13 -> 7768 | F11: =('B16'!J13+'B16 ext'!J13+'B17'!J13)/TOTAL!E11 -> 0.24663221 | G11: ='Diesel Reading Sept'!H13 -> 97.9 | H11: ='Diesel Reading Sept'!I13/'Diesel Reading Sept'!H13 -> 2.84 | I11: ='Water Reading'!H13 -> 1001 | J11: ='Water Reading'!I13/'Water Reading'!H13 -> 1.35
A12: Langkawi | B12: =B11+1 -> 11 | C12: 9 | D12: 2021 | E12: ='B16'!I14+'B16 ext'!I14+'B17'!I14 -> 8532 | F12: =('B16'!J14+'B16 ext'!J14+'B17'!J14)/TOTAL!E12 -> 0.244391 | G12: ='Diesel Reading Sept'!H14 -> 168.6 | H12: ='Diesel Reading Sept'!I14/'Diesel Reading Sept'!H14 -> 2.84 | I12: ='Water Reading'!H14 -> 1101 | J12: ='Water Reading'!I14/'Water Reading'!H14 -> 1.35
A13: Langkawi | B13: =B12+1 -> 12 | C13: 9 | D13: 2021 | E13: ='B16'!I15+'B16 ext'!I15+'B17'!I15 -> 11592 | F13: =('B16'!J15+'B16 ext'!J15+'B17'!J15)/TOTAL!E13 -> 0.24615476 | G13: ='Diesel Reading Sept'!H15 -> 146.2 | H13: ='Diesel Reading Sept'!I15/'Diesel Reading Sept'!H15 -> 2.84 | I13: ='Water Reading'!H15 -> 1164 | J13: ='Water Reading'!I15/'Water Reading'!H15 -> 1.35
A14: Langkawi | B14: =B13+1 -> 13 | C14: 9 | D14: 2021 | E14: ='B16'!I16+'B16 ext'!I16+'B17'!I16 -> 9884 | F14: =('B16'!J16+'B16 ext'!J16+'B17'!J16)/TOTAL!E14 -> 0.24932295 | G14: ='Diesel Reading Sept'!H16 -> 407.5 | H14: ='Diesel Reading Sept'!I16/'Diesel Reading Sept'!H16 -> 2.84 | I14: ='Water Reading'!H16 -> 1078 | J14: ='Water Reading'!I16/'Water Reading'!H16 -> 1.35
... A29: Langkawi | B29: =B28+1 -> 28 | C29: 9 | D29: 2021 | E29: ='B16'!I31+'B16 ext'!I31+'B17'!I31 -> 16885 | F29: =('B16'!J31+'B16 ext'!J31+'B17'!J31)/TOTAL!E29 -> 0.24849754 | G29: ='Diesel Reading Sept'!H31 -> 0 | H29: ='Diesel Reading Sept'!I31/'Diesel Reading Sept'!H31 -> #DIV/0! | I29: ='Water Reading'!H31 -> 1422 | J29: ='Water Reading'!I31/'Water Reading'!H31 -> 1.35
A30: Langkawi | B30: =B29+1 -> 29 | C30: 9 | D30: 2021 | E30: 17040 | F30: 0.24659648 | G30: ='Diesel Reading Sept'!H32 -> 407.2 | H30: ='Diesel Reading Sept'!I32/'Diesel Reading Sept'!H32 -> 2.84 | I30: ='Water Reading'!H32 -> 1443 | J30: ='Water Reading'!I32/'Water Reading'!H32 -> 1.35
A31: Langkawi | B31: =B30+1 -> 30 | C31: 9 | D31: 2021 | E31: 16885 | F31: 0.24849754 | G31: ='Diesel Reading Sept'!H33 -> 359.2 | H31: ='Diesel Reading Sept'!I33/'Diesel Reading Sept'!H33 -> 2.84 | I31: 1443 | J31: 1.35
A32: Langkawi | B32: =B31+1 -> 31 | C32: 9 | D32: 2021 | E32: ='B16'!I34+'B16 ext'!I34+'B17'!I34 -> 0 | F32: =('B16'!J34+'B16 ext'!J34+'B17'!J34)/TOTAL!E32 -> #DIV/0! | G32: ='Diesel Reading Sept'!H34 -> 0 | H32: ='Diesel Reading Sept'!I34/'Diesel Reading Sept'!H34 -> #DIV/0! | I32: ='Water Reading'!H34 -> 0 | J32: ='Water Reading'!I34/'Water Reading'!H34 -> #DIV/0!

Sheet B16
A1: Daily Electricity Consumption | D1: September
B2: Meter Reading (kWh) | C2: Consumption (kWh) | D2: Meter Reading (kWh) | E2: Consumption (kWh) | F2: MD (kW) | G2: Occupancy | H2: Weather | I2: Total Consumption | J2: Cost
B3: (Peak) | C3: (Peak) | D3: (Off Peak) | E3: (Off Peak) | F3: (Peak) | G3: % | I3: Daily (KWh) | J3: Daily (RM)
A4: 44440 | B4: 0 | C4: =IF(B5-B4 < 0,0,B5-B4) -> 1945 | D4: 833 | E4: =IF(D5-D4 < 0,0,D5-D4) -> 1153 | F4: 0 | G4: 0 | H4: clear | I4: =+E4+C4 -> 3098 | J4: =(C4*0.288)+(E4*0.177) -> 764.241
A5: 44441 | B5: 1945 | C5: =IF(B6-B5 < 0,0,B6-B5) -> 1901 | D5: 1986 | E5: =IF(D6-D5 < 0,0,D6-D5) -> 1153 | F5: 169 | G5: 0 | H5: raining | I5: =+E5+C5 -> 3054 | J5: =(C5*0.288)+(E5*0.177) -> 751.569
A6: 44442 | B6: 3846 | C6: =IF(B7-B6 < 0,0,B7-B6) -> 1843 | D6: 3139 | E6: =IF(D7-D6 < 0,0,D7-D6) -> 1204 | F6: 169 | G6: 0 | H6: cloudy | I6: =+E6+C6 -> 3047 | J6: =(C6*0.288)+(E6*0.177) -> 743.892
A7: 44443 | B7: 5689 | C7: =IF(B8-B7 < 0,0,B8-B7) -> 1882 | D7: 4343 | E7: =IF(D8-D7 < 0,0,D8-D7) -> 1223 | F7: 169 | G7: 0 | H7: cloudy | I7: =+E7+C7 -> 3105 | J7: =(C7*0.288)+(E7*0.177) -> 758.487
A8: 44444 | B8: 7571 | C8: =IF(B9-B8 < 0,0,B9-B8) -> 1837 | D8: 5566 | E8: =IF(D9-D8 < 0,0,D9-D8) -> 1203 | F8: 169 | G8: 0 | H8: cloudy | I8: =+E8+C8 -> 3040 | J8: =(C8*0.288)+(E8*0.177) -> 741.987
A9: 44445 | B9: 9408 | C9: =IF(B10-B9 < 0,0,B10-B9) -> 2012 | D9: 6769 | E9: =IF(D10-D9 < 0,0,D10-D9) -> 1290 | F9: 169 | G9: 0 | H9: clear | I9: =+E9+C9 -> 3302 | J9: =(C9*0.288)+(E9*0.177) -> 807.786
A10: 44446 | B10: 11420 | C10: =IF(B11-B10 < 0,0,B11-B10) -> 2094 | D10: 8059 | E10: =IF(D11-D10 < 0,0,D11-D10) -> 1253 | F10: 171 | G10: 0 | H10: clear | I10: =+E10+C10 -> 3347 | J10: =(C10*0.288)+(E10*0.177) -> 824.853
A11: 44447 | B11: 13514 | C11: =IF(B12-B11 < 0,0,B12-B11) -> 2761 | D11: 9312 | E11: =IF(D12-D11 < 0,0,D12-D11) -> 1611 | F11: 184 | G11: 0 | H11: raining | I11: =+E11+C11 -> 4372 | J11: =(C11*0.288)+(E11*0.177) -> 1080.315
A12: 44448 | B12: 16275 | C12: =IF(B13-B12 < 0,0,B13-B12) -> 2886 | D12: 10923 | E12: =IF(D13-D12 < 0,0,D13-D12) -> 1782 | F12: 240 | G12: 0 | H12: raining | I12: =+E12+C12 -> 4668 | J12: =(C12*0.288)+(E12*0.177) -> 1146.582
A13: 44449 | B13: 19161 | C13: =IF(B14-B13 < 0,0,B14-B13) -> 2970 | D13: 12705 | E13: =IF(D14-D13 < 0,0,D14-D13) -> 1755 | F13: 271 | G13: 0 | H13: clear | I13: =+E13+C13 -> 4725 | J13: =(C13*0.288)+(E13*0.177) -> 1165.995
A14: 44450 | B14: 22131 | C14: =IF(B15-B14 < 0,0,B15-B14) -> 3408 | D14: 14460 | E14: =IF(D15-D14 < 0,0,D15-D14) -> 2064 | F14: 271 | G14: 0 | H14: clear | I14: =+E14+C14 -> 5472 | J14: =(C14*0.288)+(E14*0.177) -> 1346.832
A15: 44451 | B15: 25539 | C15: =IF(B16-B15 < 0,0,B16-B15) -> 4704 | D15: 16524 | E15: =IF(D16-D15 < 0,0,D16-D15) -> 2905 | F15: 339 | G15: 0 | H15: clear | I15: =+E15+C15 -> 7609 | J15: =(C15*0.288)+(E15*0.177) -> 1868.937
... A29: 44465 | B29: 107096 | C29: =IF(B30-B29 < 0,0,B30-B29) -> 5876 | D29: 62899 | E29: =IF(D30-D29 < 0,0,D30-D29) -> 3303 | F29: 527 | G29: 0.28 | H29: clear | I29: =+E29+C29 -> 9179 | J29: =(C29*0.288)+(E29*0.177) -> 2276.919
A30: 44466 | B30: 112972 | C30: =IF(B31-B30 < 0,0,B31-B30) -> 6036 | D30: 66202 | E30: =IF(D31-D30 < 0,0,D31-D30) -> 3515 | F30: 527 | I30: =+E30+C30 -> 9551 | J30: =(C30*0.288)+(E30*0.177) -> 2360.523
A31: 44467 | B31: 119008 | C31: =IF(B32-B31 < 0,0,B32-B31) -> 6024 | D31: 69717 | E31: =IF(D32-D31 < 0,0,D32-D31) -> 3323 | F31: 527 | I31: =+E31+C31 -> 9347 | J31: =(C31*0.288)+(E31*0.177) -> 2323.083
A32: 44468 | B32: 125032 | C32: =IF(B33-B32 < 0,0,B33-B32) -> 0 | D32: 73040 | E32: =IF(D33-D32 < 0,0,D33-D32) -> 0 | F32: 527 | I32: =+E32+C32 -> 0 | J32: =(C32*0.288)+(E32*0.177) -> 0
A33: 44469 | B33: 0 | C33: =IF(B34-B33 < 0,0,B34-B33) -> 0 | D33: 2401 | E33: =IF(D34-D33 < 0,0,D34-D33) -> 0 | F33: 0 | G33: 0.35 | H33: Clear | I33: =+E33+C33 -> 0 | J33: =(C33*0.288)+(E33*0.177) -> 0
I34: =+E34+C34 -> 0 | J34: =(C34*0.288)+(E34*0.177) -> 0
I35: =+E35+C35 -> 0 | J35: =(C35*0.288)+(E35*0.177) -> 0
A36: Total | C36: =SUM(C4:C34) -> 125032 | E36: =SUM(E4:E34) -> 72207 | I36: =+E36+C36 -> 197239 | J36: =(C36*0.288)+(E36*0.177) -> 48789.855
C37: =COUNTIF(C4:C34,">0") -> 28
A39: PLEASE MAKE SURE TO KEY IN THE OCCUPANCY AND WEATHER FOR THE DAY!

Sheet B16 ext
A1: Daily Electricity Consumption | D1: September
B2: Meter Reading (kWh) | C2: Consumption (kWh) | D2: Meter Reading (kWh) | E2: Consumption (kWh) | F2: MD (kW) | G2: Occupancy | H2: Weather | I2: Total Consumption | J2: Cost
B3: (Peak) | C3: (Peak) | D3: (Off Peak) | E3: (Off Peak) | F3: (Peak) | G3: % | I3: Daily (KWh) | J3: Daily (RM)
A4: 44440 | B4: 0 | C4: =IF(B5-B4 < 0,0,B5-B4) -> 541 | D4: 237 | E4: =IF(D5-D4 < 0,0,D5-D4) -> 340 | F4: 0 | G4: 0 | H4: clear | I4: =+E4+C4 -> 881 | J4: =(C4*0.288)+(E4*0.177) -> 215.988
A5: 44441 | B5: 541 | C5: =IF(B6-B5 < 0,0,B6-B5) -> 534 | D5: 577 | E5: =IF(D6-D5 < 0,0,D6-D5) -> 336 | F5: 47 | G5: 0 | H5: raining | I5: =+E5+C5 -> 870 | J5: =(C5*0.288)+(E5*0.177) -> 213.264
A6: 44442 | B6: 1075 | C6: =IF(B7-B6 < 0,0,B7-B6) -> 511 | D6: 913 | E6: =IF(D7-D6 < 0,0,D7-D6) -> 332 | F6: 57 | G6: 0 | H6: Cloudy | I6: =+E6+C6 -> 843 | J6: =(C6*0.288)+(E6*0.177) -> 205.932
A7: 44443 | B7: 1586 | C7: =IF(B8-B7 < 0,0,B8-B7) -> 451 | D7: 1245 | E7: =IF(D8-D7 < 0,0,D8-D7) -> 307 | F7: 57 | G7: 0 | H7: cloudy | I7: =+E7+C7 -> 758 | J7: =(C7*0.288)+(E7*0.177) -> 184.227
A8: 44444 | B8: 2037 | C8: =IF(B9-B8 < 0,0,B9-B8) -> 490 | D8: 1552 | E8: =IF(D9-D8 < 0,0,D9-D8) -> 334 | F8: 57 | G8: 0 | H8: cloudy | I8: =+E8+C8 -> 824 | J8: =(C8*0.288)+(E8*0.177) -> 200.238
A9: 44445 | B9: 2527 | C9: =IF(B10-B9 < 0,0,B10-B9) -> 565 | D9: 1886 | E9: =IF(D10-D9 < 0,0,D10-D9) -> 335 | F9: 57 | G9: 0 | H9: clear | I9: =+E9+C9 -> 900 | J9: =(C9*0.288)+(E9*0.177) -> 222.015
A10: 44446 | B10: 3092 | C10: =IF(B11-B10 < 0,0,B11-B10) -> 550 | D10: 2221 | E10: =IF(D11-D10 < 0,0,D11-D10) -> 364 | F10: 83 | G10: 0 | H10: clear | I10: =+E10+C10 -> 914 | J10: =(C10*0.288)+(E10*0.177) -> 222.828
A11: 44447 | B11: 3642 | C11: =IF(B12-B11 < 0,0,B12-B11) -> 610 | D11: 2585 | E11: =IF(D12-D11 < 0,0,D12-D11) -> 396 | F11: 83 | G11: 0 | H11: raining | I11: =+E11+C11 -> 1006 | J11: =(C11*0.288)+(E11*0.177) -> 245.772
A12: 44448 | B12: 4252 | C12: =IF(B13-B12 < 0,0,B13-B12) -> 646 | D12: 2981 | E12: =IF(D13-D12 < 0,0,D13-D12) -> 379 | F12: 83 | G12: 0 | H12: raining | I12: =+E12+C12 -> 1025 | J12: =(C12*0.288)+(E12*0.177) -> 253.131
A13: 44449 | B13: 4898 | C13: =IF(B14-B13 < 0,0,B14-B13) -> 653 | D13: 3360 | E13: =IF(D14-D13 < 0,0,D14-D13) -> 355 | F13: 83 | G13: 0 | H13: clear | I13: =+E13+C13 -> 1008 | J13: =(C13*0.288)+(E13*0.177) -> 250.899
A14: 44450 | B14: 5551 | C14: =IF(B15-B14 < 0,0,B15-B14) -> 624 | D14: 3715 | E14: =IF(D15-D14 < 0,0,D15-D14) -> 431 | F14: 87 | G14: 0 | H14: clear | I14: =+E14+C14 -> 1055 | J14: =(C14*0.288)+(E14*0.177) -> 255.999
A15: 44451 | B15: 6175 | C15: =IF(B16-B15 < 0,0,B16-B15) -> 1029 | D15: 4146 | E15: =IF(D16-D15 < 0,0,D16-D15) -> 519 | F15: 87 | G15: 0 | H15: clear | I15: =+E15+C15 -> 1548 | J15: =(C15*0.288)+(E15*0.177) -> 388.215
... A19: 44455 | B19: 11092 | C19: =IF(B20-B19 < 0,0,B20-B19) -> 1778 | D19: 6237 | E19: =IF(D20-D19 < 0,0,D20-D19) -> 636 | F19: 143 | G19: 0.27 | H19: clear | I19: =+E19+C19 -> 2414 | J19: =(C19*0.288)+(E19*0.177) -> 624.636
A20: 44456 | B20: 12870 | C20: 1820 | D20: 6873 | E20: =IF(D21-D20 < 0,0,D21-D20) -> 615 | F20: 155 | G20: 0.43 | H20: clear | I20: =+E20+C20 -> 2435 | J20: =(C20*0.288)+(E20*0.177) -> 633.015
A21: 44457 | B21: 14690 | C21: =IF(B22-B21 < 0,0,B22-B21) -> 1921 | D21: 7488 | E21: =IF(D22-D21 < 0,0,D22-D21) -> 679 | F21: 162 | G21: 0.51 | H21: clear | I21: =+E21+C21 -> 2600 | J21: =(C21*0.288)+(E21*0.177) -> 673.431
A22: 44458 | B22: 16611 | C22: =IF(B23-B22 < 0,0,B23-B22) -> 4004 | D22: 8167 | E22: =IF(D23-D22 < 0,0,D23-D22) -> 1459 | F22: 167 | G22: 0.21 | H22: clear | I22: =+E22+C22 -> 5463 | J22: =(C22*0.288)+(E22*0.177) -> 1411.395
A23: 44459 | B23: 20615 | C23: 20615 | D23: 9626 | E23: =IF(D24-D23 < 0,0,D24-D23) -> 730 | F23: 175 | G23: 0.24 | H23: clear | I23: =+E23+C23 -> 21345 | J23: =(C23*0.288)+(E23*0.177) -> 6066.33
A24: 44460 | B24: 22556 | C24: =IF(B25-B24 < 0,0,B25-B24) -> 1869 | D24: 10356 | E24: =IF(D25-D24 < 0,0,D25-D24) -> 796 | F24: 175 | G24: 0.24 | H24: cloudy | I24: =+E24+C24 -> 2665 | J24: =(C24*0.288)+(E24*0.177) -> 679.164
A25: 44461 | B25: 24425 | C25: =IF(B26-B25 < 0,0,B26-B25) -> 2249 | D25: 11152 | E25: =IF(D26-D25 < 0,0,D26-D25) -> 919 | F25: 175 | G25: 0.36 | H25: clear | I25: =+E25+C25 -> 3168 | J25: =(C25*0.288)+(E25*0.177) -> 810.375
A26: 44462 | B26: 26674 | C26: =IF(B27-B26 < 0,0,B27-B26) -> 2021 | D26: 12071 | E26: =IF(D27-D26 < 0,0,D27-D26) -> 895 | F26: 207 | G26: 0.35 | H26: clear | I26: =+E26+C26 -> 2916 | J26: =(C26*0.288)+(E26*0.177) -> 740.463
A27: 44463 | B27: 28695 | C27: =IF(B28-B27 < 0,0,B28-B27) -> 2174 | D27: 12966 | E27: =IF(D28-D27 < 0,0,D28-D27) -> 897 | F27: 207 | G27: 0.32 | H27: clear | I27: =+E27+C27 -> 3071 | J27: =(C27*0.288)+(E27*0.177) -> 784.881
A28: 44464 | B28: 30869 | C28: =IF(B29-B28 < 0,0,B29-B28) -> 2140 | D28: 13863 | E28: =IF(D29-D28 < 0,0,D29-D28) -> 783 | F28: 207 | G28: 0.34 | H28: clear | I28: =+E28+C28 -> 2923 | J28: =(C28*0.288)+(E28*0.177) -> 754.911
A29: 44465 | B29: 33009 | C29: =IF(B30-B29 < 0,0,B30-B29) -> 1993 | D29: 14646 | E29: =IF(D30-D29 < 0,0,D30-D29) -> 879 | F29: 207 | G29: 0.28 | H29: clear | I29: =+E29+C29 -> 2872 | J29: =(C29*0.288)+(E29*0.177) -> 729.567
A30: 44466 | B30: 35002 | C30: =IF(B31-B30 < 0,0,B31-B30) -> 1889 | D30: 15525 | E30: =IF(D31-D30 < 0,0,D31-D30) -> 1036 | F30: 207 | I30: =+E30+C30 -> 2925 | J30: =(C30*0.288)+(E30*0.177) -> 727.404
A31: 44467 | B31: 36891 | C31: =IF(B32-B31 < 0,0,B32-B31) -> 2124 | D31: 16561 | E31: =IF(D32-D31 < 0,0,D32-D31) -> 891 | F31: 207 | I31: =+E31+C31 -> 3015 | J31: =(C31*0.288)+(E31*0.177) -> 769.419
A32: 44468 | B32: 39015 | C32: =IF(B33-B32 < 0,0,B33-B32) -> 0 | D32: 17452 | E32: =IF(D33-D32 < 0,0,D33-D32) -> 0 | F32: 207 | I32: =+E32+C32 -> 0 | J32: =(C32*0.288)+(E32*0.177) -> 0
A33: 44469 | B33: 0 | C33: =IF(B34-B33 < 0,0,B34-B33) -> 0 | D33: 791 | E33: =IF(D34-D33 < 0,0,D34-D33) -> 0 | F33: 0 | G33: 0.35 | H33: Clear | I33: =+E33+C33 -> 0 | J33: =(C33*0.288)+(E33*0.177) -> 0
I34: =+E34+C34 -> 0 | J34: =(C34*0.288)+(E34*0.177) -> 0
I35: =+E35+C35 -> 0 | J35: =(C35*0.288)+(E35*0.177) -> 0
C36: =SUM(C4:C35) -> 57689 | E36: =SUM(E4:E35) -> 17215 | I36: =+E36+C36 -> 74904 | J36: =(C36*0.288)+(E36*0.177) -> 19661.487
H37: f
H38: Rain
A39: PLEASE MAKE SURE TO KEY IN THE OCCUPANCY AND WEATHER FOR THE DAY! | H39: Hot
H40: Cloudy

Sheet B17
A1: Daily Electricity Consumption | D1: September
B2: Meter Reading (kWh) | C2: Consumption (kWh) | D2: Meter Reading (kWh) | E2: Consumption (kWh) | F2: MD (kW) | G2: Occupancy | H2: Weather | I2: Total Consumption | J2: Cost
B3: (Peak) | C3: (Peak) | E3: (Off Peak) | F3: (Peak) | G3: % | I3: Daily (KWh) | J3: Daily (RM)
A4: 44440 | B4: 0 | C4: =IF(B5-B4 < 0,0,B5-B4) -> 968 | D4: 445 | E4: =IF(D5-D4 < 0,0,D5-D4) -> 644 | F4: 0 | G4: 0 | H4: clear | I4: =+E4+C4 -> 1612 | J4: =(C4*0.288)+(E4*0.177) -> 392.772
A5: 44441 | B5: 968 | C5: =IF(B6-B5 < 0,0,B6-B5) -> 939 | D5: 1089 | E5: =IF(D6-D5 < 0,0,D6-D5) -> 645 | F5: 83 | G5: 0 | H5: raining | I5: =+E5+C5 -> 1584 | J5: =(C5*0.288)+(E5*0.177) -> 384.597
A6: 44442 | B6: 1907 | C6: =IF(B7-B6 < 0,0,B7-B6) -> 968 | D6: 1734 | E6: =IF(D7-D6 < 0,0,D7-D6) -> 765 | F6: 84 | G6: 0 | H6: Cloudy | I6: =+E6+C6 -> 1733 | J6: =(C6*0.288)+(E6*0.177) -> 414.189
A7: 44443 | B7: 2875 | C7: =IF(B8-B7 < 0,0,B8-B7) -> 940 | D7: 2499 | E7: =IF(D8-D7 < 0,0,D8-D7) -> 505 | F7: 84 | G7: 0 | H7: cloudy | I7: =+E7+C7 -> 1445 | J7: =(C7*0.288)+(E7*0.177) -> 360.105
A8: 44444 | B8: 3815 | C8: =IF(B9-B8 < 0,0,B9-B8) -> 918 | D8: 3004 | E8: =IF(D9-D8 < 0,0,D9-D8) -> 605 | F8: 84 | G8: 0 | H8: cloudy | I8: =+E8+C8 -> 1523 | J8: =(C8*0.288)+(E8*0.177) -> 371.469
A9: 44445 | B9: 4733 | C9: =IF(B10-B9 < 0,0,B10-B9) -> 969 | D9: 3609 | E9: =IF(D10-D9 < 0,0,D10-D9) -> 606 | F9: 84 | G9: 0 | H9: clear | I9: =+E9+C9 -> 1575 | J9: =(C9*0.288)+(E9*0.177) -> 386.334
A10: 44446 | B10: 5702 | C10: =IF(B11-B10 < 0,0,B11-B10) -> 989 | D10: 4215 | E10: =IF(D11-D10 < 0,0,D11-D10) -> 645 | F10: 84 | G10: 0 | H10: clear | I10: =+E10+C10 -> 1634 | J10: =(C10*0.288)+(E10*0.177) -> 398.997
A11: 44447 | B11: 6691 | C11: =IF(B12-B11 < 0,0,B12-B11) -> 969 | D11: 4860 | E11: =IF(D12-D11 < 0,0,D12-D11) -> 685 | F11: 84 | G11: 0 | H11: raining | I11: =+E11+C11 -> 1654 | J11: =(C11*0.288)+(E11*0.177) -> 400.317
A12: 44448 | B12: 7660 | C12: =IF(B13-B12 < 0,0,B13-B12) -> 1298 | D12: 5545 | E12: =IF(D13-D12 < 0,0,D13-D12) -> 807 | F12: 84 | G12: 0 | H12: raining | I12: =+E12+C12 -> 2105 | J12: =(C12*0.288)+(E12*0.177) -> 516.663
A13: 44449 | B13: 8958 | C13: =IF(B14-B13 < 0,0,B14-B13) -> 1250 | D13: 6352 | E13: =IF(D14-D13 < 0,0,D14-D13) -> 785 | F13: 143 | G13: 0 | H13: clear | I13: =+E13+C13 -> 2035 | J13: =(C13*0.288)+(E13*0.177) -> 498.945
A14: 44450 | B14: 10208 | C14: =IF(B15-B14 < 0,0,B15-B14) -> 1148 | D14: 7137 | E14: =IF(D15-D14 < 0,0,D15-D14) -> 857 | F14: 143 | G14: 0 | H14: clear | I14: =+E14+C14 -> 2005 | J14: =(C14*0.288)+(E14*0.177) -> 482.313
A15: 44451 | B15: 11356 | C15: =IF(B16-B15 < 0,0,B16-B15) -> 1489 | D15: 7994 | E15: =IF(D16-D15 < 0,0,D16-D15) -> 946 | F15: 143 | G15: 0 | H15: raining | I15: =+E15+C15 -> 2435 | J15: =(C15*0.288)+(E15*0.177) -> 596.274
... A19: 44455 | B19: 17423 | C19: =IF(B20-B19 < 0,0,B20-B19) -> 1699 | D19: 11705 | E19: =IF(D20-D19 < 0,0,D20-D19) -> 1136 | F19: 143 | G19: 0.27 | H19: clear | I19: =+E19+C19 -> 2835 | J19: =(C19*0.288)+(E19*0.177) -> 690.384
A20: 44456 | B20: 19122 | C20: 1719 | D20: 12841 | E20: =IF(D21-D20 < 0,0,D21-D20) -> 1096 | F20: 144 | G20: 0.43 | H20: clear | I20: =+E20+C20 -> 2815 | J20: =(C20*0.288)+(E20*0.177) -> 689.064
A21: 44457 | B21: 20841 | C21: =IF(B22-B21 < 0,0,B22-B21) -> 1819 | D21: 13937 | E21: =IF(D22-D21 < 0,0,D22-D21) -> 1074 | F21: 144 | G21: 0.51 | H21: clear | I21: =+E21+C21 -> 2893 | J21: =(C21*0.288)+(E21*0.177) -> 713.97
A22: 44458 | B22: 22660 | C22: =IF(B23-B22 < 0,0,B23-B22) -> 3389 | D22: 15011 | E22: =IF(D23-D22 < 0,0,D23-D22) -> 2254 | F22: 164 | G22: 0.21 | H22: clear | I22: =+E22+C22 -> 5643 | J22: =(C22*0.288)+(E22*0.177) -> 1374.99
A23: 44459 | B23: 26049 | C23: =IF(B24-B23 < 0,0,B24-B23) -> 1746 | D23: 17265 | E23: =IF(D24-D23 < 0,0,D24-D23) -> 1113 | F23: 164 | G23: 0.24 | H23: clear | I23: =+E23+C23 -> 2859 | J23: =(C23*0.288)+(E23*0.177) -> 699.849
A24: 44460 | B24: 27795 | C24: =IF(B25-B24 < 0,0,B25-B24) -> 2022 | D24: 18378 | E24: =IF(D25-D24 < 0,0,D25-D24) -> 1388 | F24: 164 | G24: 0.24 | H24: cloudy | I24: =+E24+C24 -> 3410 | J24: =(C24*0.288)+(E24*0.177) -> 828.012
A25: 44461 | B25: 29817 | C25: =IF(B26-B25 < 0,0,B26-B25) -> 1956 | D25: 19766 | E25: =IF(D26-D25 < 0,0,D26-D25) -> 1262 | F25: 164 | G25: 0.36 | H25: clear | I25: =+E25+C25 -> 3218 | J25: =(C25*0.288)+(E25*0.177) -> 786.702
A26: 44462 | B26: 31773 | C26: =IF(B27-B26 < 0,0,B27-B26) -> 2249 | D26: 21028 | E26: =IF(D27-D26 < 0,0,D27-D26) -> 1516 | F26: 164 | G26: 0.35 | H26: clear | I26: =+E26+C26 -> 3765 | J26: =(C26*0.288)+(E26*0.177) -> 916.044
A27: 44463 | B27: 34022 | C27: =IF(B28-B27 < 0,0,B28-B27) -> 2109 | D27: 22544 | E27: =IF(D28-D27 < 0,0,D28-D27) -> 1426 | F27: 183 | G27: 0.32 | H27: clear | I27: =+E27+C27 -> 3535 | J27: =(C27*0.288)+(E27*0.177) -> 859.794
A28: 44464 | B28: 36131 | C28: =IF(B29-B28 < 0,0,B29-B28) -> 2068 | D28: 23970 | E28: =IF(D29-D28 < 0,0,D29-D28) -> 1285 | F28: 184 | G28: 0.34 | H28: clear | I28: =+E28+C28 -> 3353 | J28: =(C28*0.288)+(E28*0.177) -> 823.029
A29: 44465 | B29: 38199 | C29: =IF(B30-B29 < 0,0,B30-B29) -> 2269 | D29: 25255 | E29: =IF(D30-D29 < 0,0,D30-D29) -> 1586 | F29: 184 | G29: 0.28 | H29: clear | I29: =+E29+C29 -> 3855 | J29: =(C29*0.288)+(E29*0.177) -> 934.194
A30: 44466 | B30: 40468 | C30: =IF(B31-B30 < 0,0,B31-B30) -> 2759 | D30: 26841 | E30: =IF(D31-D30 < 0,0,D31-D30) -> 1805 | F30: 184 | I30: =+E30+C30 -> 4564 | J30: =(C30*0.288)+(E30*0.177) -> 1114.077
A31: 44467 | B31: 43227 | C31: =IF(B32-B31 < 0,0,B32-B31) -> 2728 | D31: 28646 | E31: =IF(D32-D31 < 0,0,D32-D31) -> 1795 | F31: 223 | I31: =+E31+C31 -> 4523 | J31: =(C31*0.288)+(E31*0.177) -> 1103.379
A32: 44468 | B32: 45955 | C32: =IF(B33-B32 < 0,0,B33-B32) -> 0 | D32: 30441 | E32: =IF(D33-D32 < 0,0,D33-D32) -> 0 | F32: 223 | I32: =+E32+C32 -> 0 | J32: =(C32*0.288)+(E32*0.177) -> 0
A33: 44469 | B33: 0 | C33: =IF(B34-B33 < 0,0,B34-B33) -> 0 | D33: 1286 | E33: =IF(D34-D33 < 0,0,D34-D33) -> 0 | F33: 0 | G33: 0.35 | I33: =+E33+C33 -> 0 | J33: =(C33*0.288)+(E33*0.177) -> 0
I34: =+E34+C34 -> 0 | J34: =(C34*0.288)+(E34*0.177) -> 0
I35: =+E35+C35 -> 0 | J35: =(C35*0.288)+(E35*0.177) -> 0
C36: =SUM(C4:C35) -> 45955 | E36: =SUM(E4:E35) -> 29996 | I36: =+E36+C36 -> 75951 | J36: =(C36*0.288)+(E36*0.177) -> 18544.332
A37: =COUNT(A4:A34) -> 30
H38: Rain
A39: PLEASE MAKE SURE TO KEY IN THE OCCUPANCY AND WEATHER FOR THE DAY! | H39: Hot
H40: Cloudy

Sheet Water Reading
A1: Daily Water Consumption | D1: September
B2: Meter Reading (Main) | C2: Consumption | D2: Meter Reading Landscape | E2: Consumption | F2: Occupancy | G2: Weather | H2: Total Consumption | I2: Cost | K2: NORTH | L2: TOTAL | N2: SOUTH | O2: TOTAL
B3: (m3) | C3: (m3) | D3: (m3) | E3: (m3) | F3: % | H3: (m3) | I3: Daily (RM)
A4: 44440 | B4: 43295 | C4: =IF(B5-B4<0,0,B5-B4) -> 444 | D4: 15 | E4: =IF(D5-D4<0,0,D5-D4) -> 0 | F4: 0 | G4: clear | H4: =+E4+C4 -> 444 | I4: =(C4*1.35)+(E4*1.35) -> 599.4 | K4: 6965 | L4: =IF(K5-K4<0,0,K5-K4) -> 148 | N4: 1771 | O4: =IF(N5-N4<0,0,N5-N4) -> 0
A5: 44441 | B5: 43739 | C5: =IF(B6-B5<0,0,B6-B5) -> 441 | D5: 15 | E5: =IF(D6-D5<0,0,D6-D5) -> 0 | F5: 0 | G5: raining | H5: =+E5+C5 -> 441 | I5: =(C5*1.35)+(E5*1.35) -> 595.35 | K5: 7113 | L5: =IF(K6-K5<0,0,K6-K5) -> 224 | N5: 1771 | O5: =IF(N6-N5<0,0,N6-N5) -> 0
A6: 44442 | B6: 44180 | C6: =IF(B7-B6<0,0,B7-B6) -> 440 | D6: 15 | E6: =IF(D7-D6<0,0,D7-D6) -> 0 | F6: 0 | G6: cloudy | H6: =+E6+C6 -> 440 | I6: =(C6*1.35)+(E6*1.35) -> 594 | K6: 7337 | L6: =IF(K7-K6<0,0,K7-K6) -> 249 | N6: 1771 | O6: =IF(N7-N6<0,0,N7-N6) -> 0
A7: 44443 | B7: 44620 | C7: =IF(B8-B7<0,0,B8-B7) -> 440 | D7: 15 | E7: =IF(D8-D7<0,0,D8-D7) -> 0 | F7: 0 | G7: cloudy | H7: =+E7+C7 -> 440 | I7: =(C7*1.35)+(E7*1.35) -> 594 | K7: 7586 | L7: =IF(K8-K7<0,0,K8-K7) -> 241 | N7: 1771 | O7: =IF(N8-N7<0,0,N8-N7) -> 0
A8: 44444 | B8: 45060 | C8: =IF(B9-B8<0,0,B9-B8) -> 457 | D8: 15 | E8: =IF(D9-D8<0,0,D9-D8) -> 0 | F8: 0 | G8: cloudy | H8: =+E8+C8 -> 457 | I8: =(C8*1.35)+(E8*1.35) -> 616.95 | K8: 7827 | L8: =IF(K9-K8<0,0,K9-K8) -> 230 | N8: 1771 | O8: =IF(N9-N8<0,0,N9-N8) -> 0
A9: 44445 | B9: 45517 | C9: =IF(B10-B9<0,0,B10-B9) -> 415 | D9: 15 | E9: =IF(D10-D9<0,0,D10-D9) -> 107 | F9: 0 | G9: clear | H9: =+E9+C9 -> 522 | I9: =(C9*1.35)+(E9*1.35) -> 704.7 | K9: 8057 | L9: =IF(K10-K9<0,0,K10-K9) -> 225 | N9: 1771 | O9: =IF(N10-N9<0,0,N10-N9) -> 0
A10: 44446 | B10: 45932 | C10: =IF(B11-B10<0,0,B11-B10) -> 398 | D10: 122 | E10: =IF(D11-D10<0,0,D11-D10) -> 9 | F10: 0 | G10: clear | H10: =+E10+C10 -> 407 | I10: =(C10*1.35)+(E10*1.35) -> 549.45 | K10: 8282 | L10: =IF(K11-K10<0,0,K11-K10) -> 207 | N10: 1771 | O10: =IF(N11-N10<0,0,N11-N10) -> 0
A11: 44447 | B11: 46330 | C11: =IF(B12-B11<0,0,B12-B11) -> 545 | D11: 131 | E11: =IF(D12-D11<0,0,D12-D11) -> 4 | F11: 0 | G11: raining | H11: =+E11+C11 -> 549 | I11: =(C11*1.35)+(E11*1.35) -> 741.15 | K11: 8489 | L11: =IF(K12-K11<0,0,K12-K11) -> 291 | N11: 1771 | O11: =IF(N12-N11<0,0,N12-N11) -> 0
A12: 44448 | B12: 46875 | C12: =IF(B13-B12<0,0,B13-B12) -> 386 | D12: 135 | E12: =IF(D13-D12<0,0,D13-D12) -> 9 | F12: 0 | G12: raining | H12: =+E12+C12 -> 395 | I12: =(C12*1.35)+(E12*1.35) -> 533.25 | K12: 8780 | L12: =IF(K13-K12<0,0,K13-K12) -> 202 | N12: 1771 | O12: =IF(N13-N12<0,0,N13-N12) -> 0
A13: 44449 | B13: 47261 | C13: =IF(B14-B13<0,0,B14-B13) -> 1000 | D13: 144 | E13: =IF(D14-D13<0,0,D14-D13) -> 1 | F13: 0 | G13: clear | H13: =+E13+C13 -> 1001 | I13: =(C13*1.35)+(E13*1.35) -> 1351.35 | K13: 8982 | L13: =IF(K14-K13<0,0,K14-K13) -> 522 | N13: 1771 | O13: =IF(N14-N13<0,0,N14-N13) -> 0
A14: 44450 | B14: 48261 | C14: =IF(B15-B14<0,0,B15-B14) -> 1098 | D14: 145 | E14: =IF(D15-D14<0,0,D15-D14) -> 3 | F14: 0 | G14: clear | H14: =+E14+C14 -> 1101 | I14: =(C14*1.35)+(E14*1.35) -> 1486.35 | K14: 9504 | L14: =IF(K15-K14<0,0,K15-K14) -> 618 | N14: 1771 | O14: =IF(N15-N14<0,0,N15-N14) -> 0
A15: 44451 | B15: 49359 | C15: =IF(B16-B15<0,0,B16-B15) -> 1161 | D15: 148 | E15: =IF(D16-D15<0,0,D16-D15) -> 3 | F15: 0 | G15: clear | H15: =+E15+C15 -> 1164 | I15: =(C15*1.35)+(E15*1.35) -> 1571.4 | K15: 10122 | L15: =IF(K16-K15<0,0,K16-K15) -> 695 | N15: 1771 | O15: =IF(N16-N15<0,0,N16-N15) -> 0
... A29: 44465 | B29: 68415 | C29: =IF(B30-B29<0,0,B30-B29) -> 1375 | D29: 338 | E29: =IF(D30-D29<0,0,D30-D29) -> 36 | F29: 0.28 | G29: clear | H29: =+E29+C29 -> 1411 | I29: =(C29*1.35)+(E29*1.35) -> 1904.85 | K29: 20000 | L29: =IF(K30-K29<0,0,K30-K29) -> 0 | N29: 1771 | O29: =IF(N30-N29<0,0,N30-N29) -> 0
A30: 44466 | B30: 69790 | C30: =IF(B31-B30<0,0,B31-B30) -> 1318 | D30: 374 | E30: =IF(D31-D30<0,0,D31-D30) -> 33 | H30: =+E30+C30 -> 1351 | I30: =(C30*1.35)+(E30*1.35) -> 1823.85 | L30: =IF(K31-K30<0,0,K31-K30) -> 0 | N30: 1771 | O30: =IF(N31-N30<0,0,N31-N30) -> 0
A31: 44467 | B31: 71108 | C31: =IF(B32-B31<0,0,B32-B31) -> 1379 | D31: 407 | E31: =IF(D32-D31<0,0,D32-D31) -> 43 | H31: =+E31+C31 -> 1422 | I31: =(C31*1.35)+(E31*1.35) -> 1919.7 | L31: =IF(K32-K31<0,0,K32-K31) -> 0 | O31: =IF(N32-N31<0,0,N32-N31) -> 0
A32: 44468 | B32: 72487 | C32: =IF(B33-B32<0,0,B33-B32) -> 1423 | D32: 450 | E32: =IF(D33-D32<0,0,D33-D32) -> 20 | H32: =+E32+C32 -> 1443 | I32: =(C32*1.35)+(E32*1.35) -> 1948.05 | L32: =IF(K33-K32<0,0,K33-K32) -> 0 | O32: =IF(N33-N32<0,0,N33-N32) -> 0
A33: 44469 | B33: 73910 | C33: =IF(B34-B33<0,0,B34-B33) -> 0 | D33: 470 | F33: 0.35 | H33: =+E33+C33 -> 0 | I33: =(C33*1.35)+(E33*1.35) -> 0 | L33: =IF(K34-K33<0,0,K34-K33) -> 0 | O33: =IF(N34-N33<0,0,N34-N33) -> 0
H34: =+E34+C34 -> 0 | I34: =(C34*1.35)+(E34*1.35) -> 0 | L34: =IF(K35-K34<0,0,K35-K34) -> 0 | O34: =IF(N35-N34<0,0,N35-N34) -> 0
C35: =SUM(C4:C34) -> 30615 | E35: =SUM(E4:E34) -> 455 | H35: =SUM(H4:H34) -> 31070 | I35: =SUM(I4:I34) -> 41944.5 | L35: =SUM(L4:L34) -> 13035 | O35: =SUM(O4:O34) -> 0
A38: PLEASE MAKE SURE TO KEY IN THE OCCUPANCY AND WEATHER FOR THE DAY!

Sheet Diesel Reading Sept
A1: Daily Diesel Consumption | D1: September
B2: BOILER | C2: TIME | D2: TIME | E2: TOTAL | F2: Meter Reading | G2: Meter Reading | H2: Consumption | I2: Cost | J2: Lit/hr
B3: NO | C3: START | D3: STOP | E3: HRS | F3: START | G3: STOP | H3: (L) | I3: Daily (RM)
A4: 44440 | B4: Off (COV) | H4: =G4-F4 -> 0 | I4: =(H4*[1]Summary!$C$6) -> 0 | K4: 1500
A5: 44441 | B5: Off (COV) | H5: =G5-F5 -> 0 | I5: =(H5*[1]Summary!$C$6) -> 0
A6: 44442 | B6: Off (COV) | H6: =G6-F6 -> 0 | I6: =(H6*[1]Summary!$C$6) -> 0
A7: 44443 | B7: Off (COV) | H7: =G7-F7 -> 0 | I7: =(H7*[1]Summary!$C$6) -> 0
A8: 44444 | B8: Off (COV) | H8: =G8-F8 -> 0 | I8: =(H8*[1]Summary!$C$6) -> 0
A9: 44445 | B9: Off (COV) | H9: =G9-F9 -> 0 | I9: =(H9*[1]Summary!$C$6) -> 0
A10: 44446 | B10: Off (COV) | H10: =G10-F10 -> 0 | I10: =(H10*[1]Summary!$C$6) -> 0
A11: 44447 | B11: Off (COV) | H11: =G11-F11 -> 0 | I11: =(H11*[1]Summary!$C$6) -> 0
A12: 44448 | B12: 1 | C12: 9.45 | D12: 12 | F12: 1650514.8 | G12: 1650629 | H12: =G12-F12 -> 114.2 | I12: =(H12*[1]Summary!$C$6) -> 324.328
A13: 44449 | B13: 1 | C13: 10 | D13: 12 | F13: 1650629 | G13: 1650726.9 | H13: =G13-F13 -> 97.9 | I13: =(H13*[1]Summary!$C$6) -> 278.036
A14: 44450 | B14: 1 | C14: 8.3 | D14: 12 | F14: 1650726.9 | G14: 1650895.5 | H14: =G14-F14 -> 168.6 | I14: =(H14*[1]Summary!$C$6) -> 478.824
A15: 44451 | B15: 1 | C15: 8.3 | D15: 12 | F15: 1650895.5 | G15: 1651041.7 | H15: =G15-F15 -> 146.2 | I15: =(H15*[1]Summary!$C$6) -> 415.208
A16: 44452 | B16: 1 | C16: 8.3 | D16: 17.3 | F16: 1651041.7 | G16: 1651449.2 | H16: =G16-F16 -> 407.5 | I16: =(H16*[1]Summary!$C$6) -> 1157.3
A17: 44453 | B17: 1 | C17: 8.3 | D17: 17.2 | F17: 1651449.2 | G17: 1651779.3 | H17: =G17-F17 -> 330.1 | I17: =(H17*[1]Summary!$C$6) -> 937.484
A18: 44454 | B18: 1 | C18: 8.3 | D18: 17.3 | F18: 1651779.3 | G18: 1652079.5 | H18: =G18-F18 -> 300.2 | I18: =(H18*[1]Summary!$C$6) -> 852.568 | K18: 4600
A19: 44455 | B19: 1 | C19: 8.3 | D19: 10.3 | F19: 1652079.5 | G19: 1652184.6 | H19: =G19-F19 -> 105.1 | I19: =(H19*[1]Summary!$C$6) -> 298.484
A20: 44456 | B20: off | H20: =G20-F20 -> 0 | I20: =(H20*[1]Summary!$C$6) -> 0
A21: 44457 | B21: 2 | C21: 8.3 | D21: 18 | F21: 1573918.9 | G21: 1574305 | H21: =G21-F21 -> 386.1 | I21: =(H21*[1]Summary!$C$6) -> 1096.524
A22: 44458 | B22: 2 | C22: 8.3 | D22: 15 | F22: 1574305 | G22: 1574626 | H22: =G22-F22 -> 321 | I22: =(H22*[1]Summary!$C$6) -> 911.64
A23: 44459 | B23: 2 | C23: 8.3 | D23: 18 | F23: 1574629 | G23: 1575023.2 | H23: =G23-F23 -> 394.2 | I23: =(H23*[1]Summary!$C$6) -> 1119.528
A24: 44460 | B24: Off | H24: =G24-F24 -> 0 | I24: =(H24*[1]Summary!$C$6) -> 0
A25: 44461 | B25: 2 | C25: 8.45 | D25: 17.3 | F25: 1575023.2 | G25: 1575298.6 | H25: =G25-F25 -> 275.4 | I25: =(H25*[1]Summary!$C$6) -> 782.136
A26: 44462 | B26: 2 | C26: 9 | D26: 17.3 | F26: 1575298.6 | G26: 1575596.9 | H26: =G26-F26 -> 298.3 | I26: =(H26*[1]Summary!$C$6) -> 847.172
A27: 44463 | B27: Off | H27: =G27-F27 -> 0 | I27: =(H27*[1]Summary!$C$6) -> 0
A28: 44464 | B28: 2 | C28: 8.3 | D28: 17.4 | F28: 1575596.9 | G28: 1575989.4 | H28: =G28-F28 -> 392.5 | I28: =(H28*[1]Summary!$C$6) -> 1114.7
A29: 44465 | B29: 2 | C29: 8.3 | D29: 17.3 | F29: 1575989.4 | G29: 1576396.1 | H29: =G29-F29 -> 406.7 | I29: =(H29*[1]Summary!$C$6) -> 1155.028
A30: 44466 | B30: 2 | C30: 8.3 | D30: 17.4 | F30: 1576396.1 | G30: 1576747.4 | H30: =G30-F30 -> 351.3 | I30: =(H30*[1]Summary!$C$6) -> 997.692
A31: 44467 | B31: Off | H31: =G31-F31 -> 0 | I31: =(H31*[1]Summary!$C$6) -> 0
A32: 44468 | B32: 2 | C32: 8.3 | D32: 17.3 | F32: 1576747.4 | G32: 1577154.6 | H32: =G32-F32 -> 407.2 | I32: =(H32*[1]Summary!$C$6) -> 1156.448
A33: 44469 | B33: 2 | C33: 8.45 | D33: 17.45 | F33: 1577154.6 | G33: 1577513.8 | H33: =G33-F33 -> 359.2 | I33: =(H33*[1]Summary!$C$6) -> 1020.128
H34: =G34-F34 -> 0
K35: =SUM(K4:K34)-H36 -> 838.3 | L35: Balance (Litre)
A36: Total | H36: =SUM(H4:H34) -> 5261.7 | I36: =SUM(I4:I34) -> 14943.228
A37: =COUNT(A4:A34) -> 30
A39: PLEASE MAKE SURE TO KEY IN THE OCCUPANCY FOR THE DAY!
