Workbook

Sheet TOTAL
A1: Site Name | B1: Day | C1: Month | D1: Year | E1: Total Electricity Kwh | F1: Electricity Tariff ($/Kwh) | G1: LPG (Kg) | H1: LPG $/Kg | I1: Water Utility Supply (m3) m3 | J1: Water Utility Supply (m3) $/m3 | K1: Irrigation Water (m3) m3 | L1: Irrigation water $/m3 | M1: Room Nights
A2: Seychelles | B2: 1 | C2: 12 | D2: 2021 | E2: ='Submetering '!O2+'Submetering '!P2+'Submetering '!Q2+'Submetering '!R2+'Submetering '!S2+'Submetering '!U2 -> 30153 | F2: =(('FS Seychelles'!R3*'FS Seychelles'!S3)+('FS Seychelles'!T3*'FS Seychelles'!U3))/TOTAL!E2 -> 0.31473322 | G2: =('FS Seychelles'!$AE$10+'FS Seychelles'!$AE$15)/31 -> 398.06452 | H2: 1.05 | I2: ='FS Seychelles'!V3+'FS Seychelles'!X3+'FS Seychelles'!Y3+'FS Seychelles'!Z3 -> 299 | J2: 0 | K2: ='Submetering '!AA2 -> 108 | L2: 0 | M2: ='FS Seychelles'!B3 -> 61.84
A3: Seychelles | B3: =B2+1 -> 2 | C3: 12 | D3: 2021 | E3: ='Submetering '!O3+'Submetering '!P3+'Submetering '!Q3+'Submetering '!R3+'Submetering '!S3+'Submetering '!U3 -> 32532 | F3: =(('FS Seychelles'!R4*'FS Seychelles'!S4)+('FS Seychelles'!T4*'FS Seychelles'!U4))/TOTAL!E3 -> 0.30949635 | G3: =('FS Seychelles'!$AE$10+'FS Seychelles'!$AE$15)/31 -> 398.06452 | H3: =H2 -> 1.05 | I3: ='FS Seychelles'!V4+'FS Seychelles'!X4+'FS Seychelles'!Y4+'FS Seychelles'!Z4 -> 412 | J3: =J2 -> 0 | K3: ='Submetering '!AA3 -> 108 | L3: =L2 -> 0 | M3: ='FS Seychelles'!B4 -> 55.26
A4: Seychelles | B4: =B3+1 -> 3 | C4: 12 | D4: 2021 | E4: ='Submetering '!O4+'Submetering '!P4+'Submetering '!Q4+'Submetering '!R4+'Submetering '!S4+'Submetering '!U4 -> 29841 | F4: =(('FS Seychelles'!R5*'FS Seychelles'!S5)+('FS Seychelles'!T5*'FS Seychelles'!U5))/TOTAL!E4 -> 0.32707984 | G4: =('FS Seychelles'!$AE$10+'FS Seychelles'!$AE$15)/31 -> 398.06452 | H4: =H3 -> 1.05 | I4: ='FS Seychelles'!V5+'FS Seychelles'!X5+'FS Seychelles'!Y5+'FS Seychelles'!Z5 -> 478 | J4: =J3 -> 0 | K4: ='Submetering '!AA4 -> 106 | L4: =L3 -> 0 | M4: ='FS Seychelles'!B5 -> 51.31
A5: Seychelles | B5: =B4+1 -> 4 | C5: 12 | D5: 2021 | E5: ='Submetering '!O5+'Submetering '!P5+'Submetering '!Q5+'Submetering '!R5+'Submetering '!S5+'Submetering '!U5 -> 31219 | F5: =(('FS Seychelles'!R6*'FS Seychelles'!S6)+('FS Seychelles'!T6*'FS Seychelles'!U6))/TOTAL!E5 -> 0.32153385 | G5: =('FS Seychelles'!$AE$10+'FS Seychelles'!$AE$15)/31 -> 398.06452 | H5: =H4 -> 1.05 | I5: ='FS Seychelles'!V6+'FS Seychelles'!X6+'FS Seychelles'!Y6+'FS Seychelles'!Z6 -> 396 | J5: =J4 -> 0 | K5: ='Submetering '!AA5 -> 105 | L5: =L4 -> 0 | M5: ='FS Seychelles'!B6 -> 46.05
A6: Seychelles | B6: =B5+1 -> 5 | C6: 12 | D6: 2021 | E6: ='Submetering '!O6+'Submetering '!P6+'Submetering '!Q6+'Submetering '!R6+'Submetering '!S6+'Submetering '!U6 -> 29347 | F6: =(('FS Seychelles'!R7*'FS Seychelles'!S7)+('FS Seychelles'!T7*'FS Seychelles'!U7))/TOTAL!E6 -> 0.30416874 | G6: =('FS Seychelles'!$AE$10+'FS Seychelles'!$AE$15)/31 -> 398.06452 | H6: =H5 -> 1.05 | I6: ='FS Seychelles'!V7+'FS Seychelles'!X7+'FS Seychelles'!Y7+'FS Seychelles'!Z7 -> 385 | J6: =J5 -> 0 | K6: ='Submetering '!AA6 -> 128 | L6: =L5 -> 0 | M6: ='FS Seychelles'!B7 -> 46.05
A7: Seychelles | B7: =B6+1 -> 6 | C7: 12 | D7: 2021 | E7: ='Submetering '!O7+'Submetering '!P7+'Submetering '!Q7+'Submetering '!R7+'Submetering '!S7+'Submetering '!U7 -> 27256 | F7: =(('FS Seychelles'!R8*'FS Seychelles'!S8)+('FS Seychelles'!T8*'FS Seychelles'!U8))/TOTAL!E7 -> 0.28124938 | G7: =('FS Seychelles'!$AE$10+'FS Seychelles'!$AE$15)/31 -> 398.06452 | H7: =H6 -> 1.05 | I7: ='FS Seychelles'!V8+'FS Seychelles'!X8+'FS Seychelles'!Y8+'FS Seychelles'!Z8 -> 389 | J7: =J6 -> 0 | K7: ='Submetering '!AA7 -> 73 | L7: =L6 -> 0 | M7: ='FS Seychelles'!B8 -> 47.37
A8: Seychelles | B8: =B7+1 -> 7 | C8: 12 | D8: 2021 | E8: ='Submetering '!O8+'Submetering '!P8+'Submetering '!Q8+'Submetering '!R8+'Submetering '!S8+'Submetering '!U8 -> 31115 | F8: =(('FS Seychelles'!R9*'FS Seychelles'!S9)+('FS Seychelles'!T9*'FS Seychelles'!U9))/TOTAL!E8 -> 0.32119378 | G8: =('FS Seychelles'!$AE$10+'FS Seychelles'!$AE$15)/31 -> 398.06452 | H8: =H7 -> 1.05 | I8: ='FS Seychelles'!V9+'FS Seychelles'!X9+'FS Seychelles'!Y9+'FS Seychelles'!Z9 -> 439 | J8: =J7 -> 0 | K8: ='Submetering '!AA8 -> 109 | L8: =L7 -> 0 | M8: ='FS Seychelles'!B9 -> 46.05
A9: Seychelles | B9: =B8+1 -> 8 | C9: 12 | D9: 2021 | E9: ='Submetering '!O9+'Submetering '!P9+'Submetering '!Q9+'Submetering '!R9+'Submetering '!S9+'Submetering '!U9 -> 35177 | F9: =(('FS Seychelles'!R10*'FS Seychelles'!S10)+('FS Seychelles'!T10*'FS Seychelles'!U10))/TOTAL!E9 -> 0.27444086 | G9: =('FS Seychelles'!$AE$10+'FS Seychelles'!$AE$15)/31 -> 398.06452 | H9: =H8 -> 1.05 | I9: ='FS Seychelles'!V10+'FS Seychelles'!X10+'FS Seychelles'!Y10+'FS Seychelles'!Z10 -> 297 | J9: =J8 -> 0 | K9: ='Submetering '!AA9 -> 110 | L9: =L8 -> 0 | M9: ='FS Seychelles'!B10 -> 58.42
A10: Seychelles | B10: =B9+1 -> 9 | C10: 12 | D10: 2021 | E10: ='Submetering '!O10+'Submetering '!P10+'Submetering '!Q10+'Submetering '!R10+'Submetering '!S10+'Submetering '!U10 -> 21329 | F10: =(('FS Seychelles'!R11*'FS Seychelles'!S11)+('FS Seychelles'!T11*'FS Seychelles'!U11))/TOTAL!E10 -> 0.27054214 | G10: =('FS Seychelles'!$AE$10+'FS Seychelles'!$AE$15)/31 -> 398.06452 | H10: =H9 -> 1.05 | I10: ='FS Seychelles'!V11+'FS Seychelles'!X11+'FS Seychelles'!Y11+'FS Seychelles'!Z11 -> 287 | J10: =J9 -> 0 | K10: ='Submetering '!AA10 -> 108 | L10: =L9 -> 0 | M10: ='FS Seychelles'!B11 -> 48.68
A11: Seychelles | B11: =B10+1 -> 10 | C11: 12 | D11: 2021 | E11: ='Submetering '!O11+'Submetering '!P11+'Submetering '!Q11+'Submetering '!R11+'Submetering '!S11+'Submetering '!U11 -> 32285 | F11: =(('FS Seychelles'!R12*'FS Seychelles'!S12)+('FS Seychelles'!T12*'FS Seychelles'!U12))/TOTAL!E11 -> 0.26497472 | G11: =('FS Seychelles'!$AE$10+'FS Seychelles'!$AE$15)/31 -> 398.06452 | H11: =H10 -> 1.05 | I11: ='FS Seychelles'!V12+'FS Seychelles'!X12+'FS Seychelles'!Y12+'FS Seychelles'!Z12 -> 341 | J11: =J10 -> 0 | K11: ='Submetering '!AA11 -> 107 | L11: =L10 -> 0 | M11: ='FS Seychelles'!B12 -> 51.95
A12: Seychelles | B12: =B11+1 -> 11 | C12: 12 | D12: 2021 | E12: ='Submetering '!O12+'Submetering '!P12+'Submetering '!Q12+'Submetering '!R12+'Submetering '!S12+'Submetering '!U12 -> 29965 | F12: =(('FS Seychelles'!R13*'FS Seychelles'!S13)+('FS Seychelles'!T13*'FS Seychelles'!U13))/TOTAL!E12 -> 0.25345606 | G12: =('FS Seychelles'!$AE$10+'FS Seychelles'!$AE$15)/31 -> 398.06452 | H12: =H11 -> 1.05 | I12: ='FS Seychelles'!V13+'FS Seychelles'!X13+'FS Seychelles'!Y13+'FS Seychelles'!Z13 -> 515 | J12: =J11 -> 0 | K12: ='Submetering '!AA12 -> 109 | L12: =L11 -> 0 | M12: ='FS Seychelles'!B13 -> 51.28
A13: Seychelles | B13: =B12+1 -> 12 | C13: 12 | D13: 2021 | E13: ='Submetering '!O13+'Submetering '!P13+'Submetering '!Q13+'Submetering '!R13+'Submetering '!S13+'Submetering '!U13 -> 34096 | F13: =(('FS Seychelles'!R14*'FS Seychelles'!S14)+('FS Seychelles'!T14*'FS Seychelles'!U14))/TOTAL!E13 -> 0.2686172 | G13: =('FS Seychelles'!$AE$10+'FS Seychelles'!$AE$15)/31 -> 398.06452 | H13: =H12 -> 1.05 | I13: ='FS Seychelles'!V14+'FS Seychelles'!X14+'FS Seychelles'!Y14+'FS Seychelles'!Z14 -> 386 | J13: =J12 -> 0 | K13: ='Submetering '!AA13 -> 105 | L13: =L12 -> 0 | M13: ='FS Seychelles'!B14 -> 40.51
A14: Seychelles | B14: =B13+1 -> 13 | C14: 12 | D14: 2021 | E14: ='Submetering '!O14+'Submetering '!P14+'Submetering '!Q14+'Submetering '!R14+'Submetering '!S14+'Submetering '!U14 -> 29021 | F14: =(('FS Seychelles'!R15*'FS Seychelles'!S15)+('FS Seychelles'!T15*'FS Seychelles'!U15))/TOTAL!E14 -> 0.26501203 | G14: =('FS Seychelles'!$AE$10+'FS Seychelles'!$AE$15)/31 -> 398.06452 | H14: =H13 -> 1.05 | I14: ='FS Seychelles'!V15+'FS Seychelles'!X15+'FS Seychelles'!Y15+'FS Seychelles'!Z15 -> 363 | J14: =J13 -> 0 | K14: ='Submetering '!AA14 -> 105 | L14: =L13 -> 0 | M14: ='FS Seychelles'!B15 -> 41.03
... A31: Seychelles | B31: =B30+1 -> 30 | C31: 12 | D31: 2021 | E31: ='Submetering '!O31+'Submetering '!P31+'Submetering '!Q31+'Submetering '!R31+'Submetering '!S31+'Submetering '!U31 -> 335459 | F31: =(('FS Seychelles'!R32*'FS Seychelles'!S32)+('FS Seychelles'!T32*'FS Seychelles'!U32))/TOTAL!E31 -> 0.28494645 | G31: =('FS Seychelles'!$AE$10+'FS Seychelles'!$AE$15)/31 -> 398.06452 | H31: =H30 -> 1.05 | I31: ='FS Seychelles'!V32+'FS Seychelles'!X32+'FS Seychelles'!Y32+'FS Seychelles'!Z32 -> 434 | J31: =J30 -> 0 | K31: ='Submetering '!AA31 -> 120 | L31: =L30 -> 0 | M31: ='FS Seychelles'!B32 -> 68.42
A32: Seychelles | B32: 31 | C32: 12 | D32: 2021 | E32: ='Submetering '!O32+'Submetering '!P32+'Submetering '!Q32+'Submetering '!R32+'Submetering '!S32+'Submetering '!U32 -> 329991 | F32: =(('FS Seychelles'!R33*'FS Seychelles'!S33)+('FS Seychelles'!T33*'FS Seychelles'!U33))/TOTAL!E32 -> 0.28596488 | G32: =('FS Seychelles'!$AE$10+'FS Seychelles'!$AE$15)/31 -> 398.06452 | H32: =H31 -> 1.05 | I32: ='FS Seychelles'!V33+'FS Seychelles'!X33+'FS Seychelles'!Y33+'FS Seychelles'!Z33 -> 444 | J32: =J31 -> 0 | K32: ='Submetering '!AA32 -> 140 | L32: =L31 -> 0 | M32: ='FS Seychelles'!B33 -> 75

Sheet Submetering 
A1: Site Name | B1: Day | C1: Month | D1: Year | E1: Room Night | F1: SS-A (MWH) | G1: SS-B (MWH) | H1: SS-C (MWH) | I1: SS-D1 (MWH) | J1: SS-D2 (MWH) | K1: SS-E (MWH) | L1: FIRE PUMP (MWH) | M1: CASINO (MWH) | N1: BOH (MWH) | O1: Generator#1 - KWh | P1: Generator#2- KWh | Q1: Generator#3- KWh | R1: Generator#4- KWh | S1: Generator#5- KWh | T1: DIESEL - Liter | U1: PUC - KWh | V1: BOH Water- m3 | W1: E-Resort- m3 | X1: North RVs- m3 | Y1: WT59- m3 | Z1: WT08- m3 | AA1: PUC (HOH)- m3 | AB1: PUC (Resort) - m3 | AC1: LPG (Kg)
A2: Seychelles | B2: 1 | C2: 12 | D2: 2021 | E2: ='FS Seychelles'!B3 -> 61.84 | F2: ='FS Seychelles'!D3*1000 -> 2955.776 | G2: ='FS Seychelles'!E3*1000 -> 4048.384 | H2: ='FS Seychelles'!F3*1000 -> 5153.792 | I2: ='FS Seychelles'!G3*1000 -> 1966.592 | J2: ='FS Seychelles'!H3*1000 -> 2712.064 | K2: ='FS Seychelles'!I3*1000 -> 3098.624 | L2: ='FS Seychelles'!J3*1000 -> 1396.992 | M2: ='FS Seychelles'!K3*1000 -> 1707.008 | N2: ='FS Seychelles'!L3*1000 -> 3747.84 | O2: ='FS Seychelles'!M3 -> 0 | P2: ='FS Seychelles'!N3 -> 13208 | Q2: ='FS Seychelles'!O3 -> 6140 | R2: ='FS Seychelles'!P3 -> 1311 | S2: ='FS Seychelles'!Q3 -> 9494 | T2: ='FS Seychelles'!R3 -> 7761 | U2: ='FS Seychelles'!T3 -> 0 | V2: ='FS Seychelles'!V3 -> 63 | W2: ='FS Seychelles'!W3 -> 42 | X2: ='FS Seychelles'!X3 -> 46 | Y2: ='FS Seychelles'!Y3 -> 102 | Z2: ='FS Seychelles'!Z3 -> 88 | AA2: ='FS Seychelles'!AA3 -> 108 | AB2: ='FS Seychelles'!AB3 -> 0 | AC2: =('FS Seychelles'!AE9+'FS Seychelles'!AE15)/30 -> 358.33333
A3: Seychelles | B3: =B2+1 -> 2 | C3: 12 | D3: 2021 | E3: ='FS Seychelles'!B4 -> 55.26 | F3: ='FS Seychelles'!D4*1000 -> 2995.712 | G3: ='FS Seychelles'!E4*1000 -> 4073.472 | H3: ='FS Seychelles'!F4*1000 -> 5527.04 | I3: ='FS Seychelles'!G4*1000 -> 2119.68 | J3: ='FS Seychelles'!H4*1000 -> 2924.288 | K3: ='FS Seychelles'!I4*1000 -> 3347.968 | L3: ='FS Seychelles'!J4*1000 -> 1367.68 | M3: ='FS Seychelles'!K4*1000 -> 1657.856 | N3: ='FS Seychelles'!L4*1000 -> 3687.424 | O3: ='FS Seychelles'!M4 -> 0 | P3: ='FS Seychelles'!N4 -> 0 | Q3: ='FS Seychelles'!O4 -> 14202 | R3: ='FS Seychelles'!P4 -> 10383 | S3: ='FS Seychelles'!Q4 -> 7947 | T3: ='FS Seychelles'!R4 -> 8234 | U3: ='FS Seychelles'!T4 -> 0 | V3: ='FS Seychelles'!V4 -> 52 | W3: ='FS Seychelles'!W4 -> 35 | X3: ='FS Seychelles'!X4 -> 57 | Y3: ='FS Seychelles'!Y4 -> 219 | Z3: ='FS Seychelles'!Z4 -> 84 | AA3: ='FS Seychelles'!AA4 -> 108 | AB3: ='FS Seychelles'!AB4 -> 0 | AC3: =('FS Seychelles'!AE10+'FS Seychelles'!AE16)/30 -> 53
A4: Seychelles | B4: =B3+1 -> 3 | C4: 12 | D4: 2021 | E4: ='FS Seychelles'!B5 -> 51.31 | F4: ='FS Seychelles'!D5*1000 -> 2854.4 | G4: ='FS Seychelles'!E5*1000 -> 3822.592 | H4: ='FS Seychelles'!F5*1000 -> 5414.912 | I4: ='FS Seychelles'!G5*1000 -> 2009.6 | J4: ='FS Seychelles'!H5*1000 -> 2675.2 | K4: ='FS Seychelles'!I5*1000 -> 3264 | L4: ='FS Seychelles'!J5*1000 -> 1496.448 | M4: ='FS Seychelles'!K5*1000 -> 1700.352 | N4: ='FS Seychelles'!L5*1000 -> 3748.352 | O4: ='FS Seychelles'!M5 -> 0 | P4: ='FS Seychelles'!N5 -> 11019 | Q4: ='FS Seychelles'!O5 -> 3933 | R4: ='FS Seychelles'!P5 -> 10970 | S4: ='FS Seychelles'!Q5 -> 3919 | T4: ='FS Seychelles'!R5 -> 7982 | U4: ='FS Seychelles'!T5 -> 0 | V4: ='FS Seychelles'!V5 -> 54 | W4: ='FS Seychelles'!W5 -> 34 | X4: ='FS Seychelles'!X5 -> 54 | Y4: ='FS Seychelles'!Y5 -> 256 | Z4: ='FS Seychelles'!Z5 -> 114 | AA4: ='FS Seychelles'!AA5 -> 106 | AB4: ='FS Seychelles'!AB5 -> 0 | AC4: =('FS Seychelles'!AE11+'FS Seychelles'!AE17)/30 -> 0
A5: Seychelles | B5: =B4+1 -> 4 | C5: 12 | D5: 2021 | E5: ='FS Seychelles'!B6 -> 46.05 | F5: ='FS Seychelles'!D6*1000 -> 2876.416 | G5: ='FS Seychelles'!E6*1000 -> 3983.36 | H5: ='FS Seychelles'!F6*1000 -> 5349.888 | I5: ='FS Seychelles'!G6*1000 -> 2078.464 | J5: ='FS Seychelles'!H6*1000 -> 2461.184 | K5: ='FS Seychelles'!I6*1000 -> 3554.56 | L5: ='FS Seychelles'!J6*1000 -> 1533.44 | M5: ='FS Seychelles'!K6*1000 -> 1736.192 | N5: ='FS Seychelles'!L6*1000 -> 3768.32 | O5: ='FS Seychelles'!M6 -> 0 | P5: ='FS Seychelles'!N6 -> 8921 | Q5: ='FS Seychelles'!O6 -> 6677 | R5: ='FS Seychelles'!P6 -> 9073 | S5: ='FS Seychelles'!Q6 -> 6548 | T5: ='FS Seychelles'!R6 -> 8209 | U5: ='FS Seychelles'!T6 -> 0 | V5: ='FS Seychelles'!V6 -> 57 | W5: ='FS Seychelles'!W6 -> 26 | X5: ='FS Seychelles'!X6 -> 83 | Y5: ='FS Seychelles'!Y6 -> 202 | Z5: ='FS Seychelles'!Z6 -> 54 | AA5: ='FS Seychelles'!AA6 -> 105 | AB5: ='FS Seychelles'!AB6 -> 0 | AC5: =('FS Seychelles'!AE12+'FS Seychelles'!AE18)/30 -> 0
A6: Seychelles | B6: =B5+1 -> 5 | C6: 12 | D6: 2021 | E6: ='FS Seychelles'!B7 -> 46.05 | F6: ='FS Seychelles'!D7*1000 -> 3171.328 | G6: ='FS Seychelles'!E7*1000 -> 3950.08 | H6: ='FS Seychelles'!F7*1000 -> 5196.8 | I6: ='FS Seychelles'!G7*1000 -> 2297.856 | J6: ='FS Seychelles'!H7*1000 -> 2751.232 | K6: ='FS Seychelles'!I7*1000 -> 3625.728 | L6: ='FS Seychelles'!J7*1000 -> 1442.432 | M6: ='FS Seychelles'!K7*1000 -> 1691.136 | N6: ='FS Seychelles'!L7*1000 -> 3543.04 | O6: ='FS Seychelles'!M7 -> 0 | P6: ='FS Seychelles'!N7 -> 10133 | Q6: ='FS Seychelles'!O7 -> 8450 | R6: ='FS Seychelles'!P7 -> 0 | S6: ='FS Seychelles'!Q7 -> 10764 | T6: ='FS Seychelles'!R7 -> 7300 | U6: ='FS Seychelles'!T7 -> 0 | V6: ='FS Seychelles'!V7 -> 48 | W6: ='FS Seychelles'!W7 -> 30 | X6: ='FS Seychelles'!X7 -> 87 | Y6: ='FS Seychelles'!Y7 -> 174 | Z6: ='FS Seychelles'!Z7 -> 76 | AA6: ='FS Seychelles'!AA7 -> 128 | AB6: ='FS Seychelles'!AB7 -> 0 | AC6: =('FS Seychelles'!AE13+'FS Seychelles'!AE19)/30 -> 0
A7: Seychelles | B7: =B6+1 -> 6 | C7: 12 | D7: 2021 | E7: ='FS Seychelles'!B8 -> 47.37 | F7: ='FS Seychelles'!D8*1000 -> 2596.864 | G7: ='FS Seychelles'!E8*1000 -> 3389.44 | H7: ='FS Seychelles'!F8*1000 -> 4950.528 | I7: ='FS Seychelles'!G8*1000 -> 1919.488 | J7: ='FS Seychelles'!H8*1000 -> 2407.68 | K7: ='FS Seychelles'!I8*1000 -> 2953.984 | L7: ='FS Seychelles'!J8*1000 -> 1436.288 | M7: ='FS Seychelles'!K8*1000 -> 1646.08 | N7: ='FS Seychelles'!L8*1000 -> 3667.968 | O7: ='FS Seychelles'!M8 -> 0 | P7: ='FS Seychelles'!N8 -> 13618 | Q7: ='FS Seychelles'!O8 -> 4392 | R7: ='FS Seychelles'!P8 -> 0 | S7: ='FS Seychelles'!Q8 -> 9246 | T7: ='FS Seychelles'!R8 -> 6269 | U7: ='FS Seychelles'!T8 -> 0 | V7: ='FS Seychelles'!V8 -> 50 | W7: ='FS Seychelles'!W8 -> 20 | X7: ='FS Seychelles'!X8 -> 55 | Y7: ='FS Seychelles'!Y8 -> 167 | Z7: ='FS Seychelles'!Z8 -> 117 | AA7: ='FS Seychelles'!AA8 -> 73 | AB7: ='FS Seychelles'!AB8 -> 0 | AC7: =('FS Seychelles'!AE14+'FS Seychelles'!AE20)/30 -> 0
A8: Seychelles | B8: =B7+1 -> 7 | C8: 12 | D8: 2021 | E8: ='FS Seychelles'!B9 -> 46.05 | F8: ='FS Seychelles'!D9*1000 -> 2971.648 | G8: ='FS Seychelles'!E9*1000 -> 957.952 | H8: ='FS Seychelles'!F9*1000 -> 4803.072 | I8: ='FS Seychelles'!G9*1000 -> 2163.456 | J8: ='FS Seychelles'!H9*1000 -> 2687.488 | K8: ='FS Seychelles'!I9*1000 -> 3086.08 | L8: ='FS Seychelles'!J9*1000 -> 1229.184 | M8: ='FS Seychelles'!K9*1000 -> 1645.568 | N8: ='FS Seychelles'!L9*1000 -> 3428.352 | O8: ='FS Seychelles'!M9 -> 0 | P8: ='FS Seychelles'!N9 -> 10738 | Q8: ='FS Seychelles'!O9 -> 7579 | R8: ='FS Seychelles'!P9 -> 0 | S8: ='FS Seychelles'!Q9 -> 12798 | T8: ='FS Seychelles'!R9 -> 8173 | U8: ='FS Seychelles'!T9 -> 0 | V8: ='FS Seychelles'!V9 -> 53 | W8: ='FS Seychelles'!W9 -> 45 | X8: ='FS Seychelles'!X9 -> 50 | Y8: ='FS Seychelles'!Y9 -> 179 | Z8: ='FS Seychelles'!Z9 -> 157 | AA8: ='FS Seychelles'!AA9 -> 109 | AB8: ='FS Seychelles'!AB9 -> 0 | AC8: =('FS Seychelles'!AE15+'FS Seychelles'!AE21)/30 -> 358.33333
A9: Seychelles | B9: =B8+1 -> 8 | C9: 12 | D9: 2021 | E9: ='FS Seychelles'!B10 -> 58.42 | F9: ='FS Seychelles'!D10*1000 -> 2105.344 | G9: ='FS Seychelles'!E10*1000 -> 0 | H9: ='FS Seychelles'!F10*1000 -> 4518.4 | I9: ='FS Seychelles'!G10*1000 -> 1540.864 | J9: ='FS Seychelles'!H10*1000 -> 1985.792 | K9: ='FS Seychelles'!I10*1000 -> 2241.024 | L9: ='FS Seychelles'!J10*1000 -> 1347.584 | M9: ='FS Seychelles'!K10*1000 -> 1610.24 | N9: ='FS Seychelles'!L10*1000 -> 3401.216 | O9: ='FS Seychelles'!M10 -> 0 | P9: ='FS Seychelles'!N10 -> 13865 | Q9: ='FS Seychelles'!O10 -> 9099 | R9: ='FS Seychelles'!P10 -> 7793 | S9: ='FS Seychelles'!Q10 -> 4420 | T9: ='FS Seychelles'!R10 -> 7895 | U9: ='FS Seychelles'!T10 -> 0 | V9: ='FS Seychelles'!V10 -> 45 | W9: ='FS Seychelles'!W10 -> 30 | X9: ='FS Seychelles'!X10 -> 32 | Y9: ='FS Seychelles'!Y10 -> 139 | Z9: ='FS Seychelles'!Z10 -> 81 | AA9: ='FS Seychelles'!AA10 -> 110 | AB9: ='FS Seychelles'!AB10 -> 0 | AC9: =('FS Seychelles'!AE16+'FS Seychelles'!AE22)/30 -> 0
A10: Seychelles | B10: =B9+1 -> 9 | C10: 12 | D10: 2021 | E10: ='FS Seychelles'!B11 -> 48.68 | F10: ='FS Seychelles'!D11*1000 -> 2010.624 | G10: ='FS Seychelles'!E11*1000 -> 0 | H10: ='FS Seychelles'!F11*1000 -> 4394.496 | I10: ='FS Seychelles'!G11*1000 -> 1410.56 | J10: ='FS Seychelles'!H11*1000 -> 1964.288 | K10: ='FS Seychelles'!I11*1000 -> 2153.216 | L10: ='FS Seychelles'!J11*1000 -> 1332.352 | M10: ='FS Seychelles'!K11*1000 -> 1529.856 | N10: ='FS Seychelles'!L11*1000 -> 3399.68 | O10: ='FS Seychelles'!M11 -> 0 | P10: ='FS Seychelles'!N11 -> 8494 | Q10: ='FS Seychelles'!O11 -> 4629 | R10: ='FS Seychelles'!P11 -> 8206 | S10: ='FS Seychelles'!Q11 -> 0 | T10: ='FS Seychelles'!R11 -> 4719 | U10: ='FS Seychelles'!T11 -> 0 | V10: ='FS Seychelles'!V11 -> 51 | W10: ='FS Seychelles'!W11 -> 38 | X10: ='FS Seychelles'!X11 -> 27 | Y10: ='FS Seychelles'!Y11 -> 143 | Z10: ='FS Seychelles'!Z11 -> 66 | AA10: ='FS Seychelles'!AA11 -> 108 | AB10: ='FS Seychelles'!AB11 -> 0 | AC10: =('FS Seychelles'!AE17+'FS Seychelles'!AE23)/30 -> 0
A11: Seychelles | B11: =B10+1 -> 10 | C11: 12 | D11: 2021 | E11: ='FS Seychelles'!B12 -> 51.95 | F11: ='FS Seychelles'!D12*1000 -> 2400.768 | G11: ='FS Seychelles'!E12*1000 -> 0 | H11: ='FS Seychelles'!F12*1000 -> 4591.104 | I11: ='FS Seychelles'!G12*1000 -> 1781.248 | J11: ='FS Seychelles'!H12*1000 -> 2294.272 | K11: ='FS Seychelles'!I12*1000 -> 2438.4 | L11: ='FS Seychelles'!J12*1000 -> 1357.824 | M11: ='FS Seychelles'!K12*1000 -> 1609.728 | N11: ='FS Seychelles'!L12*1000 -> 3516.416 | O11: ='FS Seychelles'!M12 -> 3995 | P11: ='FS Seychelles'!N12 -> 11388 | Q11: ='FS Seychelles'!O12 -> 5230 | R11: ='FS Seychelles'!P12 -> 11672 | S11: ='FS Seychelles'!Q12 -> 0 | T11: ='FS Seychelles'!R12 -> 6996 | U11: ='FS Seychelles'!T12 -> 0 | V11: ='FS Seychelles'!V12 -> 56 | W11: ='FS Seychelles'!W12 -> 43 | X11: ='FS Seychelles'!X12 -> 25 | Y11: ='FS Seychelles'!Y12 -> 174 | Z11: ='FS Seychelles'!Z12 -> 86 | AA11: ='FS Seychelles'!AA12 -> 107 | AB11: ='FS Seychelles'!AB12 -> 0 | AC11: =('FS Seychelles'!AE18+'FS Seychelles'!AE24)/30 -> 0
A12: Seychelles | B12: =B11+1 -> 11 | C12: 12 | D12: 2021 | E12: ='FS Seychelles'!B13 -> 51.28 | F12: ='FS Seychelles'!D13*1000 -> 2906.624 | G12: ='FS Seychelles'!E13*1000 -> 0 | H12: ='FS Seychelles'!F13*1000 -> 5023.744 | I12: ='FS Seychelles'!G13*1000 -> 1901.824 | J12: ='FS Seychelles'!H13*1000 -> 2322.944 | K12: ='FS Seychelles'!I13*1000 -> 2758.912 | L12: ='FS Seychelles'!J13*1000 -> 1501.184 | M12: ='FS Seychelles'!K13*1000 -> 1728.512 | N12: ='FS Seychelles'!L13*1000 -> 3586.56 | O12: ='FS Seychelles'!M13 -> 0 | P12: ='FS Seychelles'!N13 -> 11328 | Q12: ='FS Seychelles'!O13 -> 14771 | R12: ='FS Seychelles'!P13 -> 3866 | S12: ='FS Seychelles'!Q13 -> 0 | T12: ='FS Seychelles'!R13 -> 6211 | U12: ='FS Seychelles'!T13 -> 0 | V12: ='FS Seychelles'!V13 -> 53 | W12: ='FS Seychelles'!W13 -> 21 | X12: ='FS Seychelles'!X13 -> 127 | Y12: ='FS Seychelles'!Y13 -> 247 | Z12: ='FS Seychelles'!Z13 -> 88 | AA12: ='FS Seychelles'!AA13 -> 109 | AB12: ='FS Seychelles'!AB13 -> 0 | AC12: =('FS Seychelles'!AE19+'FS Seychelles'!AE25)/30 -> 0
A13: Seychelles | B13: =B12+1 -> 12 | C13: 12 | D13: 2021 | E13: ='FS Seychelles'!B14 -> 40.51 | F13: ='FS Seychelles'!D14*1000 -> 3090.432 | G13: ='FS Seychelles'!E14*1000 -> 0 | H13: ='FS Seychelles'!F14*1000 -> 4895.744 | I13: ='FS Seychelles'!G14*1000 -> 1937.152 | J13: ='FS Seychelles'!H14*1000 -> 2451.968 | K13: ='FS Seychelles'!I14*1000 -> 2816.256 | L13: ='FS Seychelles'!J14*1000 -> 1472.384 | M13: ='FS Seychelles'!K14*1000 -> 1634.048 | N13: ='FS Seychelles'!L14*1000 -> 3492.864 | O13: ='FS Seychelles'!M14 -> 9985 | P13: ='FS Seychelles'!N14 -> 10323 | Q13: ='FS Seychelles'!O14 -> 8766 | R13: ='FS Seychelles'!P14 -> 0 | S13: ='FS Seychelles'!Q14 -> 5022 | T13: ='FS Seychelles'!R14 -> 7490 | U13: ='FS Seychelles'!T14 -> 0 | V13: ='FS Seychelles'!V14 -> 49 | W13: ='FS Seychelles'!W14 -> 21 | X13: ='FS Seychelles'!X14 -> 39 | Y13: ='FS Seychelles'!Y14 -> 206 | Z13: ='FS Seychelles'!Z14 -> 92 | AA13: ='FS Seychelles'!AA14 -> 105 | AB13: ='FS Seychelles'!AB14 -> 0 | AC13: =('FS Seychelles'!AE20+'FS Seychelles'!AE26)/30 -> 0
A14: Seychelles | B14: =B13+1 -> 13 | C14: 12 | D14: 2021 | E14: ='FS Seychelles'!B15 -> 41.03 | F14: ='FS Seychelles'!D15*1000 -> 3020.8 | G14: ='FS Seychelles'!E15*1000 -> 0 | H14: ='FS Seychelles'!F15*1000 -> 5106.176 | I14: ='FS Seychelles'!G15*1000 -> 2017.792 | J14: ='FS Seychelles'!H15*1000 -> 2746.88 | K14: ='FS Seychelles'!I15*1000 -> 3138.816 | L14: ='FS Seychelles'!J15*1000 -> 1328.512 | M14: ='FS Seychelles'!K15*1000 -> 1514.24 | N14: ='FS Seychelles'!L15*1000 -> 3599.36 | O14: ='FS Seychelles'!M15 -> 15471 | P14: ='FS Seychelles'!N15 -> 0 | Q14: ='FS Seychelles'!O15 -> 8991 | R14: ='FS Seychelles'!P15 -> 4559 | S14: ='FS Seychelles'!Q15 -> 0 | T14: ='FS Seychelles'!R15 -> 6265 | U14: ='FS Seychelles'!T15 -> 0 | V14: ='FS Seychelles'!V15 -> 56 | W14: ='FS Seychelles'!W15 -> 23 | X14: ='FS Seychelles'!X15 -> 39 | Y14: ='FS Seychelles'!Y15 -> 193 | Z14: ='FS Seychelles'!Z15 -> 75 | AA14: ='FS Seychelles'!AA15 -> 105 | AB14: ='FS Seychelles'!AB15 -> 70 | AC14: =('FS Seychelles'!AE21+'FS Seychelles'!AE27)/30 -> 0
... A20: Seychelles | B20: =B19+1 -> 19 | C20: 12 | D20: 2021 | E20: ='FS Seychelles'!B21 -> 61.84 | F20: ='FS Seychelles'!D21*1000 -> 2574.848 | G20: ='FS Seychelles'!E21*1000 -> 0 | H20: ='FS Seychelles'!F21*1000 -> 4289.536 | I20: ='FS Seychelles'!G21*1000 -> 1900.032 | J20: ='FS Seychelles'!H21*1000 -> 2491.392 | K20: ='FS Seychelles'!I21*1000 -> 2873.6 | L20: ='FS Seychelles'!J21*1000 -> 1089.536 | M20: ='FS Seychelles'!K21*1000 -> 1601.28 | N20: ='FS Seychelles'!L21*1000 -> 3097.088 | O20: ='FS Seychelles'!M21 -> 0 | P20: ='FS Seychelles'!N21 -> 10178 | Q20: ='FS Seychelles'!O21 -> 10754 | R20: ='FS Seychelles'!P21 -> 5684 | S20: ='FS Seychelles'!Q21 -> 9980 | T20: ='FS Seychelles'!R21 -> 7693 | U20: ='FS Seychelles'!T21 -> 0 | V20: ='FS Seychelles'!V21 -> 49 | W20: ='FS Seychelles'!W21 -> 35 | X20: ='FS Seychelles'!X21 -> 56 | Y20: ='FS Seychelles'!Y21 -> 176 | Z20: ='FS Seychelles'!Z21 -> 117 | AA20: ='FS Seychelles'!AA21 -> 113 | AB20: ='FS Seychelles'!AB21 -> 0 | AC20: =('FS Seychelles'!AE27+'FS Seychelles'!AE33)/30 -> 0
A21: Seychelles | B21: =B20+1 -> 20 | C21: 12 | D21: 2021 | E21: ='FS Seychelles'!B22 -> 47.37 | F21: ='FS Seychelles'!D22*1000 -> 0 | G21: ='FS Seychelles'!E22*1000 -> 0 | H21: ='FS Seychelles'!F22*1000 -> 0 | I21: ='FS Seychelles'!G22*1000 -> 0 | J21: ='FS Seychelles'!H22*1000 -> 0 | K21: ='FS Seychelles'!I22*1000 -> 0 | L21: ='FS Seychelles'!J22*1000 -> 0 | M21: ='FS Seychelles'!K22*1000 -> 0 | N21: ='FS Seychelles'!L22*1000 -> 0 | O21: ='FS Seychelles'!M22 -> 0 | P21: ='FS Seychelles'!N22 -> 10224 | Q21: ='FS Seychelles'!O22 -> 11840 | R21: ='FS Seychelles'!P22 -> 6535 | S21: ='FS Seychelles'!Q23 -> 11061 | T21: ='FS Seychelles'!R22 -> 8248 | U21: ='FS Seychelles'!T22 -> 0 | V21: ='FS Seychelles'!V22 -> 50 | W21: ='FS Seychelles'!W22 -> 38 | X21: ='FS Seychelles'!X22 -> 38 | Y21: ='FS Seychelles'!Y22 -> 85 | Z21: ='FS Seychelles'!Z22 -> 85 | AA21: ='FS Seychelles'!AA22 -> 109 | AB21: ='FS Seychelles'!AB22 -> 0 | AC21: =('FS Seychelles'!AE28+'FS Seychelles'!AE34)/30 -> 0
A22: Seychelles | B22: =B21+1 -> 21 | C22: 12 | D22: 2021 | E22: ='FS Seychelles'!B23 -> 32.89 | F22: ='FS Seychelles'!D23*1000 -> 0 | G22: ='FS Seychelles'!E23*1000 -> 0 | H22: ='FS Seychelles'!F23*1000 -> 0 | I22: ='FS Seychelles'!G23*1000 -> 0 | J22: ='FS Seychelles'!H23*1000 -> 0 | K22: ='FS Seychelles'!I23*1000 -> 0 | L22: ='FS Seychelles'!J23*1000 -> 0 | M22: ='FS Seychelles'!K23*1000 -> 0 | N22: ='FS Seychelles'!L23*1000 -> 0 | O22: ='FS Seychelles'!M23 -> 11476 | P22: ='FS Seychelles'!N23 -> 11047 | Q22: ='FS Seychelles'!O23 -> 0 | R22: ='FS Seychelles'!P23 -> 5218 | S22: ='FS Seychelles'!Q24 -> 10912 | T22: ='FS Seychelles'!R23 -> 8340 | U22: ='FS Seychelles'!T23 -> 0 | V22: ='FS Seychelles'!V23 -> 54 | W22: ='FS Seychelles'!W23 -> 38 | X22: ='FS Seychelles'!X23 -> 43 | Y22: ='FS Seychelles'!Y23 -> 15 | Z22: ='FS Seychelles'!Z23 -> 99 | AA22: ='FS Seychelles'!AA23 -> 108 | AB22: ='FS Seychelles'!AB23 -> 0 | AC22: =('FS Seychelles'!AE29+'FS Seychelles'!AE35)/30 -> 0
A23: Seychelles | B23: =B22+1 -> 22 | C23: 12 | D23: 2021 | E23: ='FS Seychelles'!B24 -> 28.95 | F23: ='FS Seychelles'!D24*1000 -> 0 | G23: ='FS Seychelles'!E24*1000 -> 0 | H23: ='FS Seychelles'!F24*1000 -> 0 | I23: ='FS Seychelles'!G24*1000 -> 0 | J23: ='FS Seychelles'!H24*1000 -> 0 | K23: ='FS Seychelles'!I24*1000 -> 0 | L23: ='FS Seychelles'!J24*1000 -> 0 | M23: ='FS Seychelles'!K24*1000 -> 0 | N23: ='FS Seychelles'!L24*1000 -> 0 | O23: ='FS Seychelles'!M24 -> 0 | P23: ='FS Seychelles'!N24 -> 10950 | Q23: ='FS Seychelles'!O24 -> 11323 | R23: ='FS Seychelles'!P24 -> 5756 | S23: ='FS Seychelles'!Q25 -> 14738 | T23: ='FS Seychelles'!R24 -> 8254 | U23: ='FS Seychelles'!T24 -> 0 | V23: ='FS Seychelles'!V24 -> 57 | W23: ='FS Seychelles'!W24 -> 83 | X23: ='FS Seychelles'!X24 -> 41 | Y23: ='FS Seychelles'!Y24 -> 153 | Z23: ='FS Seychelles'!Z24 -> 97 | AA23: ='FS Seychelles'!AA24 -> 109 | AB23: ='FS Seychelles'!AB24 -> 0 | AC23: =('FS Seychelles'!AE30+'FS Seychelles'!AE36)/30 -> 0
A24: Seychelles | B24: =B23+1 -> 23 | C24: 12 | D24: 2021 | E24: ='FS Seychelles'!B25 -> 35.53 | F24: ='FS Seychelles'!D25*1000 -> 0 | G24: ='FS Seychelles'!E25*1000 -> 0 | H24: ='FS Seychelles'!F25*1000 -> 0 | I24: ='FS Seychelles'!G25*1000 -> 0 | J24: ='FS Seychelles'!H25*1000 -> 0 | K24: ='FS Seychelles'!I25*1000 -> 0 | L24: ='FS Seychelles'!J25*1000 -> 0 | M24: ='FS Seychelles'!K25*1000 -> 0 | N24: ='FS Seychelles'!L25*1000 -> 0 | O24: ='FS Seychelles'!M25 -> 0 | P24: ='FS Seychelles'!N25 -> 10766 | Q24: ='FS Seychelles'!O25 -> 6587 | R24: ='FS Seychelles'!P25 -> 6839 | S24: ='FS Seychelles'!Q25 -> 14738 | T24: ='FS Seychelles'!R25 -> 8278 | U24: ='FS Seychelles'!T25 -> 0 | V24: ='FS Seychelles'!V25 -> 56 | W24: ='FS Seychelles'!W25 -> 1 | X24: ='FS Seychelles'!X25 -> 36 | Y24: ='FS Seychelles'!Y25 -> 173 | Z24: ='FS Seychelles'!Z25 -> 93 | AA24: ='FS Seychelles'!AA25 -> 108 | AB24: ='FS Seychelles'!AB25 -> 0 | AC24: =('FS Seychelles'!AE31+'FS Seychelles'!AE37)/30 -> 0
A25: Seychelles | B25: =B24+1 -> 24 | C25: 12 | D25: 2021 | E25: ='FS Seychelles'!B26 -> 51.9 | F25: ='FS Seychelles'!D26*1000 -> 2205.184 | G25: ='FS Seychelles'!E26*1000 -> 1399.296 | H25: ='FS Seychelles'!F26*1000 -> 3604.992 | I25: ='FS Seychelles'!G26*1000 -> 1793.536 | J25: ='FS Seychelles'!H26*1000 -> 1966.08 | K25: ='FS Seychelles'!I26*1000 -> 2920.192 | L25: ='FS Seychelles'!J26*1000 -> 890.496 | M25: ='FS Seychelles'!K26*1000 -> 1200.896 | N25: ='FS Seychelles'!L26*1000 -> 2492.416 | O25: ='FS Seychelles'!M26 -> 91 | P25: ='FS Seychelles'!N26 -> 10387 | Q25: ='FS Seychelles'!O26 -> 9060 | R25: ='FS Seychelles'!P26 -> 11018 | S25: ='FS Seychelles'!Q26 -> 8534 | T25: ='FS Seychelles'!R26 -> 8498 | U25: ='FS Seychelles'!T26 -> 0 | V25: ='FS Seychelles'!V26 -> 52.681818 | W25: ='FS Seychelles'!W26 -> 35.5 | X25: ='FS Seychelles'!X26 -> 50.272727 | Y25: ='FS Seychelles'!Y26 -> 167.18182 | Z25: ='FS Seychelles'!Z26 -> 95.181818 | AA25: ='FS Seychelles'!AA26 -> 106.95455 | AB25: ='FS Seychelles'!AB26 -> 0 | AC25: =('FS Seychelles'!AE32+'FS Seychelles'!AE38)/30 -> 0
A26: Seychelles | B26: =B25+1 -> 25 | C26: 12 | D26: 2021 | E26: ='FS Seychelles'!B27 -> 54.43 | F26: ='FS Seychelles'!D27*1000 -> 2817.536 | G26: ='FS Seychelles'!E27*1000 -> 4238.336 | H26: ='FS Seychelles'!F27*1000 -> 5446.144 | I26: ='FS Seychelles'!G27*1000 -> 2552.832 | J26: ='FS Seychelles'!H27*1000 -> 3046.4 | K26: ='FS Seychelles'!I27*1000 -> 3937.536 | L26: ='FS Seychelles'!J27*1000 -> 1455.744 | M26: ='FS Seychelles'!K27*1000 -> 1843.456 | N26: ='FS Seychelles'!L27*1000 -> 3732.992 | O26: ='FS Seychelles'!M27 -> 7119 | P26: ='FS Seychelles'!N27 -> 10021 | Q26: ='FS Seychelles'!O27 -> 5898 | R26: ='FS Seychelles'!P27 -> 5889 | S26: ='FS Seychelles'!Q27 -> 10044 | T26: ='FS Seychelles'!R27 -> 8409 | U26: ='FS Seychelles'!T27 -> 0 | V26: ='FS Seychelles'!V27 -> 53 | W26: ='FS Seychelles'!W27 -> 60 | X26: ='FS Seychelles'!X27 -> 40 | Y26: ='FS Seychelles'!Y27 -> 185 | Z26: ='FS Seychelles'!Z27 -> 92 | AA26: ='FS Seychelles'!AA27 -> 103 | AB26: ='FS Seychelles'!AB27 -> 0 | AC26: =('FS Seychelles'!AE33+'FS Seychelles'!AE39)/30 -> 0
A27: Seychelles | B27: =B26+1 -> 26 | C27: 12 | D27: 2021 | E27: ='FS Seychelles'!B28 -> 56.79 | F27: ='FS Seychelles'!D28*1000 -> 3024.896 | G27: ='FS Seychelles'!E28*1000 -> 4179.456 | H27: ='FS Seychelles'!F28*1000 -> 5767.168 | I27: ='FS Seychelles'!G28*1000 -> 2483.968 | J27: ='FS Seychelles'!H28*1000 -> 3206.144 | K27: ='FS Seychelles'!I28*1000 -> 3554.816 | L27: ='FS Seychelles'!J28*1000 -> 1460.992 | M27: ='FS Seychelles'!K28*1000 -> 1674.24 | N27: ='FS Seychelles'!L28*1000 -> 3745.28 | O27: ='FS Seychelles'!M28 -> 5808 | P27: ='FS Seychelles'!N28 -> 10098 | Q27: ='FS Seychelles'!O28 -> 6998 | R27: ='FS Seychelles'!P28 -> 6219 | S27: ='FS Seychelles'!Q28 -> 10229 | T27: ='FS Seychelles'!R28 -> 8536 | U27: ='FS Seychelles'!T28 -> 292637 | V27: ='FS Seychelles'!V28 -> 57 | W27: ='FS Seychelles'!W28 -> 37 | X27: ='FS Seychelles'!X28 -> 38 | Y27: ='FS Seychelles'!Y28 -> 179 | Z27: ='FS Seychelles'!Z28 -> 113 | AA27: ='FS Seychelles'!AA28 -> 106 | AB27: ='FS Seychelles'!AB28 -> 0 | AC27: =('FS Seychelles'!AE34+'FS Seychelles'!AE40)/30 -> 0
A28: Seychelles | B28: =B27+1 -> 27 | C28: 12 | D28: 2021 | E28: ='FS Seychelles'!B29 -> 56.79 | F28: ='FS Seychelles'!D29*1000 -> 3159.552 | G28: ='FS Seychelles'!E29*1000 -> 4274.176 | H28: ='FS Seychelles'!F29*1000 -> 6013.952 | I28: ='FS Seychelles'!G29*1000 -> 2476.8 | J28: ='FS Seychelles'!H29*1000 -> 3676.672 | K28: ='FS Seychelles'!I29*1000 -> 3675.904 | L28: ='FS Seychelles'!J29*1000 -> 1482.368 | M28: ='FS Seychelles'!K29*1000 -> 1660.416 | N28: ='FS Seychelles'!L29*1000 -> 4063.744 | O28: ='FS Seychelles'!M29 -> 7896 | P28: ='FS Seychelles'!N29 -> 10920 | Q28: ='FS Seychelles'!O29 -> 10929 | R28: ='FS Seychelles'!P29 -> 5683 | S28: ='FS Seychelles'!Q29 -> 5682 | T28: ='FS Seychelles'!R29 -> 8875 | U28: ='FS Seychelles'!T29 -> 292696 | V28: ='FS Seychelles'!V29 -> 60 | W28: ='FS Seychelles'!W29 -> 43 | X28: ='FS Seychelles'!X29 -> 70 | Y28: ='FS Seychelles'!Y29 -> 196 | Z28: ='FS Seychelles'!Z29 -> 87 | AA28: ='FS Seychelles'!AA29 -> 110 | AB28: ='FS Seychelles'!AB29 -> 0 | AC28: =('FS Seychelles'!AE35+'FS Seychelles'!AE41)/30 -> 0
A29: Seychelles | B29: =B28+1 -> 28 | C29: 12 | D29: 2021 | E29: ='FS Seychelles'!B30 -> 56.79 | F29: ='FS Seychelles'!D30*1000 -> 2992.64 | G29: ='FS Seychelles'!E30*1000 -> 3849.216 | H29: ='FS Seychelles'!F30*1000 -> 5750.272 | I29: ='FS Seychelles'!G30*1000 -> 2363.392 | J29: ='FS Seychelles'!H30*1000 -> 3294.72 | K29: ='FS Seychelles'!I30*1000 -> 3678.208 | L29: ='FS Seychelles'!J30*1000 -> 1543.68 | M29: ='FS Seychelles'!K30*1000 -> 1756.416 | N29: ='FS Seychelles'!L30*1000 -> 4168.704 | O29: ='FS Seychelles'!M30 -> 8558 | P29: ='FS Seychelles'!N30 -> 10080 | Q29: ='FS Seychelles'!O30 -> 6615 | R29: ='FS Seychelles'!P30 -> 0 | S29: ='FS Seychelles'!Q30 -> 11790 | T29: ='FS Seychelles'!R30 -> 7948 | U29: ='FS Seychelles'!T30 -> 293787 | V29: ='FS Seychelles'!V30 -> 51 | W29: ='FS Seychelles'!W30 -> 0 | X29: ='FS Seychelles'!X30 -> 42 | Y29: ='FS Seychelles'!Y30 -> 181 | Z29: ='FS Seychelles'!Z30 -> 118 | AA29: ='FS Seychelles'!AA30 -> 66 | AB29: ='FS Seychelles'!AB30 -> 0 | AC29: =('FS Seychelles'!AE36+'FS Seychelles'!AE42)/30 -> 0
A30: Seychelles | B30: =B29+1 -> 29 | C30: 12 | D30: 2021 | E30: ='FS Seychelles'!B31 -> 67.09 | F30: ='FS Seychelles'!D31*1000 -> 3268.608 | G30: ='FS Seychelles'!E31*1000 -> 4191.232 | H30: ='FS Seychelles'!F31*1000 -> 6045.184 | I30: ='FS Seychelles'!G31*1000 -> 2723.84 | J30: ='FS Seychelles'!H31*1000 -> 3629.568 | K30: ='FS Seychelles'!I31*1000 -> 4033.792 | L30: ='FS Seychelles'!J31*1000 -> 1574.016 | M30: ='FS Seychelles'!K31*1000 -> 1656.32 | N30: ='FS Seychelles'!L31*1000 -> 4103.68 | O30: ='FS Seychelles'!M31 -> 8099 | P30: ='FS Seychelles'!N31 -> 11776 | Q30: ='FS Seychelles'!O31 -> 0 | R30: ='FS Seychelles'!P31 -> 1298 | S30: ='FS Seychelles'!Q31 -> 10035 | T30: ='FS Seychelles'!R31 -> 9350 | U30: ='FS Seychelles'!T31 -> 293787 | V30: ='FS Seychelles'!V31 -> 63 | W30: ='FS Seychelles'!W31 -> 0 | X30: ='FS Seychelles'!X31 -> 41 | Y30: ='FS Seychelles'!Y31 -> 226 | Z30: ='FS Seychelles'!Z31 -> 96 | AA30: ='FS Seychelles'!AA31 -> 103 | AB30: ='FS Seychelles'!AB31 -> 0 | AC30: =('FS Seychelles'!AE37+'FS Seychelles'!AE43)/30 -> 0
A31: Seychelles | B31: =B30+1 -> 30 | C31: 12 | D31: 2021 | E31: ='FS Seychelles'!B32 -> 68.42 | F31: ='FS Seychelles'!D32*1000 -> 3347.968 | G31: ='FS Seychelles'!E32*1000 -> 4456.448 | H31: ='FS Seychelles'!F32*1000 -> 6085.632 | I31: ='FS Seychelles'!G32*1000 -> 2966.272 | J31: ='FS Seychelles'!H32*1000 -> 3904.512 | K31: ='FS Seychelles'!I32*1000 -> 4194.56 | L31: ='FS Seychelles'!J32*1000 -> 1482.752 | M31: ='FS Seychelles'!K32*1000 -> 1694.72 | N31: ='FS Seychelles'!L32*1000 -> 4083.2 | O31: ='FS Seychelles'!M32 -> 13982 | P31: ='FS Seychelles'!N32 -> 10957 | Q31: ='FS Seychelles'!O32 -> 11068 | R31: ='FS Seychelles'!P32 -> 5665 | S31: ='FS Seychelles'!Q32 -> 0 | T31: ='FS Seychelles'!R32 -> 9046 | U31: ='FS Seychelles'!T32 -> 293787 | V31: ='FS Seychelles'!V32 -> 59 | W31: ='FS Seychelles'!W32 -> 41 | X31: ='FS Seychelles'!X32 -> 58 | Y31: ='FS Seychelles'!Y32 -> 216 | Z31: ='FS Seychelles'!Z32 -> 101 | AA31: ='FS Seychelles'!AA32 -> 120 | AB31: ='FS Seychelles'!AB32 -> 0 | AC31: =('FS Seychelles'!AE38+'FS Seychelles'!AE44)/30 -> 0
A32: Seychelles | B32: 31 | C32: 12 | D32: 2021 | E32: ='FS Seychelles'!B33 -> 75 | F32: ='FS Seychelles'!D33*1000 -> 2444.8 | G32: ='FS Seychelles'!E33*1000 -> 3769.856 | H32: ='FS Seychelles'!F33*1000 -> 5526.016 | I32: ='FS Seychelles'!G33*1000 -> 2585.344 | J32: ='FS Seychelles'!H33*1000 -> 3165.696 | K32: ='FS Seychelles'!I33*1000 -> 3318.016 | L32: ='FS Seychelles'!J33*1000 -> 1406.08 | M32: ='FS Seychelles'!K33*1000 -> 1788.672 | N32: ='FS Seychelles'!L33*1000 -> 4014.08 | O32: ='FS Seychelles'!M33 -> 0 | P32: ='FS Seychelles'!N33 -> 8052 | Q32: ='FS Seychelles'!O33 -> 11583 | R32: ='FS Seychelles'!P33 -> 6927 | S32: ='FS Seychelles'!Q33 -> 9586 | T32: ='FS Seychelles'!R33 -> 8009 | U32: ='FS Seychelles'!T33 -> 293843 | V32: ='FS Seychelles'!V33 -> 57 | W32: ='FS Seychelles'!W33 -> 39 | X32: ='FS Seychelles'!X33 -> 40 | Y32: ='FS Seychelles'!Y33 -> 203 | Z32: ='FS Seychelles'!Z33 -> 144 | AA32: ='FS Seychelles'!AA33 -> 140 | AB32: ='FS Seychelles'!AB33 -> 0 | AC32: =('FS Seychelles'!AE39+'FS Seychelles'!AE45)/30 -> 0
P33: =SUM(P2:P32) -> 306884 | Q33: =SUM(Q2:Q32) -> 252106 | R33: =SUM(R2:R32) -> 186785
R35: =SUM(O33:R33) -> 745775

Sheet FS Seychelles
AG1: Total Per day
A2: DATE | B2: Room Night % | C2: Food Covers (Customers) | D2: SS-A (MWH) | E2: SS-B (MWH) | F2: SS-C (MWH) | G2: SS-D1 (MWH) | H2: SS-D2 (MWH) | I2: SS-E (MWH) | J2: FIRE PUMP (MWH) | K2: CASINO (MWH) | L2: BOH (MWH) | M2: Generator#1 (KWH) | N2: Generator#2 (KWH) | O2: Generator#3 (KWH) | P2: Generator#4 (KWH) | Q2: Generator#5 (KWH) | R2: DIESEL (Liter) | S2: DIESEL TARIFF (Euro/Liter) | T2: PUC (KWh) | U2: PUC Tariff (Euro/KWh) | V2: BOH Water (m3) | W2: E-Resort (m3) | X2: North RVs (m3) | Y2: WT59 (m3) | Z2: WT08 (m3) | AA2: PUC HOH (m3) | AB2: PUC Eresort (m3) | AC2: LPG (Kg) | AG2: Generator | AH2: Water
A3: 44531 | B3: 61.84 | C3: 293 | D3: 2.955776 | E3: 4.048384 | F3: 5.153792 | G3: 1.966592 | H3: 2.712064 | I3: 3.098624 | J3: 1.396992 | K3: 1.707008 | L3: 3.74784 | M3: 0 | N3: 13208 | O3: 6140 | P3: 1311 | Q3: 9494 | R3: =3459+1265+486+2551 -> 7761 | S3: =20.38*0.06 -> 1.2228 | T3: 0 | U3: =4.81*0.06 -> 0.2886 | V3: 63 | W3: 42 | X3: 46 | Y3: 102 | Z3: 88 | AA3: 108 | AB3: 0 | AC3: CYLINDER DELIVERY (KG) | AG3: =SUM(M3:Q3) -> 30153 | AH3: =SUM(V3:AB3) -> 449
A4: 44532 | B4: 55.26 | C4: 258 | D4: 2.995712 | E4: 4.073472 | F4: 5.52704 | G4: 2.11968 | H4: 2.924288 | I4: 3.347968 | J4: 1.36768 | K4: 1.657856 | L4: 3.687424 | M4: 0 | N4: 0 | O4: 14202 | P4: 10383 | Q4: 7947 | R4: =2951+3166+2117 -> 8234 | S4: =S3 -> 1.2228 | T4: 0 | U4: =U3 -> 0.2886 | V4: 52 | W4: 35 | X4: 57 | Y4: 219 | Z4: 84 | AA4: 108 | AB4: 0 | AC4: Unit (kg) | AD4: Quantity | AE4: Sub total | AG4: =SUM(M4:Q4) -> 32532 | AH4: =SUM(V4:AB4) -> 555
A5: 44533 | B5: 51.31 | C5: 252 | D5: 2.8544 | E5: 3.822592 | F5: 5.414912 | G5: 2.0096 | H5: 2.6752 | I5: 3.264 | J5: 1.496448 | K5: 1.700352 | L5: 3.748352 | M5: 0 | N5: 11019 | O5: 3933 | P5: 10970 | Q5: 3919 | R5: =2806+844+3272+1060 -> 7982 | S5: =S4 -> 1.2228 | T5: 0 | U5: =U4 -> 0.2886 | V5: 54 | W5: 34 | X5: 54 | Y5: 256 | Z5: 114 | AA5: 106 | AB5: 0 | AG5: =SUM(M5:Q5) -> 29841 | AH5: =SUM(V5:AB5) -> 618
A6: 44534 | B6: 46.05 | C6: 291 | D6: 2.876416 | E6: 3.98336 | F6: 5.349888 | G6: 2.078464 | H6: 2.461184 | I6: 3.55456 | J6: 1.53344 | K6: 1.736192 | L6: 3.76832 | M6: 0 | N6: 8921 | O6: 6677 | P6: 9073 | Q6: 6548 | R6: =2326+1405+2756+1722 -> 8209 | S6: =S5 -> 1.2228 | T6: 0 | U6: =U5 -> 0.2886 | V6: 57 | W6: 26 | X6: 83 | Y6: 202 | Z6: 54 | AA6: 105 | AB6: 0 | AC6: 10 | AD6: 15 | AE6: 150 | AG6: =SUM(M6:Q6) -> 31219 | AH6: =SUM(V6:AB6) -> 527
A7: 44535 | B7: 46.05 | C7: 311 | D7: 3.171328 | E7: 3.95008 | F7: 5.1968 | G7: 2.297856 | H7: 2.751232 | I7: 3.625728 | J7: 1.442432 | K7: 1.691136 | L7: 3.54304 | M7: 0 | N7: 10133 | O7: 8450 | P7: 0 | Q7: 10764 | R7: =2624+1763+2913 -> 7300 | S7: =S6 -> 1.2228 | T7: 0 | U7: =U6 -> 0.2886 | V7: 48 | W7: 30 | X7: 87 | Y7: 174 | Z7: 76 | AA7: 128 | AB7: 0 | AC7: 20 | AD7: 72 | AE7: 1440 | AG7: =SUM(M7:Q7) -> 29347 | AH7: =SUM(V7:AB7) -> 543
A8: 44536 | B8: 47.37 | C8: 250 | D8: 2.596864 | E8: 3.38944 | F8: 4.950528 | G8: 1.919488 | H8: 2.40768 | I8: 2.953984 | J8: 1.436288 | K8: 1.64608 | L8: 3.667968 | M8: 0 | N8: 13618 | O8: 4392 | P8: 0 | Q8: 9246 | R8: =3605+981+1683 -> 6269 | S8: =S7 -> 1.2228 | T8: 0 | U8: =U7 -> 0.2886 | V8: 50 | W8: 20 | X8: 55 | Y8: 167 | Z8: 117 | AA8: 73 | AB8: 0 | AG8: =SUM(M8:Q8) -> 27256 | AH8: =SUM(V8:AB8) -> 482
A9: 44537 | B9: 46.05 | C9: 288 | D9: 2.971648 | E9: 0.957952 | F9: 4.803072 | G9: 2.163456 | H9: 2.687488 | I9: 3.08608 | J9: 1.229184 | K9: 1.645568 | L9: 3.428352 | M9: 0 | N9: 10738 | O9: 7579 | P9: 0 | Q9: 12798 | R9: =2361+1560+4252 -> 8173 | S9: =S8 -> 1.2228 | T9: 0 | U9: =U8 -> 0.2886 | V9: 53 | W9: 45 | X9: 50 | Y9: 179 | Z9: 157 | AA9: 109 | AB9: 0 | AG9: =SUM(M9:Q9) -> 31115 | AH9: =SUM(V9:AB9) -> 593
A10: 44538 | B10: 58.42 | C10: 219 | D10: 2.105344 | E10: 0 | F10: 4.5184 | G10: 1.540864 | H10: 1.985792 | I10: 2.241024 | J10: 1.347584 | K10: 1.61024 | L10: 3.401216 | M10: 0 | N10: 13865 | O10: 9099 | P10: 7793 | Q10: 4420 | R10: =2996+1896+1933+1070 -> 7895 | S10: =S9 -> 1.2228 | T10: 0 | U10: =U9 -> 0.2886 | V10: 45 | W10: 30 | X10: 32 | Y10: 139 | Z10: 81 | AA10: 110 | AB10: 0 | AD10: Total | AE10: =SUM(AE6:AE9) -> 1590 | AG10: =SUM(M10:Q10) -> 35177 | AH10: =SUM(V10:AB10) -> 437
A11: 44539 | B11: 48.68 | C11: 229 | D11: 2.010624 | E11: 0 | F11: 4.394496 | G11: 1.41056 | H11: 1.964288 | I11: 2.153216 | J11: 1.332352 | K11: 1.529856 | L11: 3.39968 | M11: 0 | N11: 8494 | O11: 4629 | P11: 8206 | Q11: 0 | R11: =1786+990+1943 -> 4719 | S11: =S10 -> 1.2228 | T11: 0 | U11: =U10 -> 0.2886 | V11: 51 | W11: 38 | X11: 27 | Y11: 143 | Z11: 66 | AA11: 108 | AB11: 0 | AC11: TRUCK DELIVERY (KG) | AG11: =SUM(M11:Q11) -> 21329 | AH11: =SUM(V11:AB11) -> 433
A12: 44540 | B12: 51.95 | C12: 253 | D12: 2.400768 | E12: 0 | F12: 4.591104 | G12: 1.781248 | H12: 2.294272 | I12: 2.4384 | J12: 1.357824 | K12: 1.609728 | L12: 3.516416 | M12: 3995 | N12: 11388 | O12: 5230 | P12: 11672 | R12: =901+2477+1115+2503 -> 6996 | S12: =S11 -> 1.2228 | T12: 0 | U12: =U11 -> 0.2886 | V12: 56 | W12: 43 | X12: 25 | Y12: 174 | Z12: 86 | AA12: 107 | AB12: 0 | AD12: Sub Total | AG12: =SUM(M12:Q12) -> 32285 | AH12: =SUM(V12:AB12) -> 491
A13: 44541 | B13: 51.28 | C13: 291 | D13: 2.906624 | E13: 0 | F13: 5.023744 | G13: 1.901824 | H13: 2.322944 | I13: 2.758912 | J13: 1.501184 | K13: 1.728512 | L13: 3.58656 | M13: 0 | N13: 11328 | O13: 14771 | P13: 3866 | Q13: 0 | R13: =2278+3051+882 -> 6211 | S13: =S12 -> 1.2228 | T13: 0 | U13: =U12 -> 0.2886 | V13: 53 | W13: 21 | X13: 127 | Y13: 247 | Z13: 88 | AA13: 109 | AB13: 0 | AC13: Sitronel | AD13: 7200 | AG13: =SUM(M13:Q13) -> 29965 | AH13: =SUM(V13:AB13) -> 645
A14: 44542 | B14: 40.51 | C14: 290 | D14: 3.090432 | E14: 0 | F14: 4.895744 | G14: 1.937152 | H14: 2.451968 | I14: 2.816256 | J14: 1.472384 | K14: 1.634048 | L14: 3.492864 | M14: 9985 | N14: 10323 | O14: 8766 | P14: 0 | Q14: 5022 | R14: =2239+2295+1839+1117 -> 7490 | S14: =S13 -> 1.2228 | T14: 0 | U14: =U13 -> 0.2886 | V14: 49 | W14: 21 | X14: 39 | Y14: 206 | Z14: 92 | AA14: 105 | AB14: 0 | AC14: Zez | AD14: 3550 | AG14: =SUM(M14:Q14) -> 34096 | AH14: =SUM(V14:AB14) -> 512
A15: 44543 | B15: 41.03 | C15: 235 | D15: 3.0208 | E15: 0 | F15: 5.106176 | G15: 2.017792 | H15: 2.74688 | I15: 3.138816 | J15: 1.328512 | K15: 1.51424 | L15: 3.59936 | M15: 15471 | N15: 0 | O15: 8991 | P15: 4559 | Q15: 0 | R15: =3415+1840+1010 -> 6265 | S15: =20.46*0.06 -> 1.2276 | T15: 0 | U15: =U14 -> 0.2886 | V15: 56 | W15: 23 | X15: 39 | Y15: 193 | Z15: 75 | AA15: 105 | AB15: 70 | AD15: Total | AE15: =SUM(AD13:AE14) -> 10750 | AG15: =SUM(M15:Q15) -> 29021 | AH15: =SUM(V15:AB15) -> 561
A16: 44544 | B16: 48.1 | C16: 178 | D16: 2.785792 | E16: 0 | F16: 5.372416 | G16: 1.975552 | H16: 2.8544 | I16: 3.176448 | J16: 1.267968 | K16: 1.619712 | L16: 3.54048 | M16: 920 | N16: 8757 | O16: 3421 | P16: 13401 | Q16: 15611 | R16: =218+1872+775+2957+3352 -> 9174 | S16: =S15 -> 1.2276 | T16: 0 | U16: =U15 -> 0.2886 | V16: 55 | W16: 49 | X16: 36 | Y16: 102 | Z16: 111 | AA16: 110 | AB16: 0 | AG16: =SUM(M16:Q16) -> 42110 | AH16: =SUM(V16:AB16) -> 463
A17: 44545 | B17: 48.05 | C17: 343 | D17: 3.011072 | E17: 0 | F17: 5.256704 | G17: 2.010368 | H17: 2.781184 | I17: 3.122176 | J17: 1.369856 | K17: 1.700864 | L17: 3.70688 | M17: 0 | N17: 7581 | O17: 10114 | P17: 10762 | Q17: 7451 | R17: =1604+2056+2354+1643 -> 7657 | S17: =S16 -> 1.2276 | T17: 0 | U17: 0.2886 | V17: 52.681818 | W17: 35.5 | X17: 50.272727 | Y17: 167.18182 | Z17: 95.181818 | AA17: 106.95455 | AB17: 0 | AG17: =SUM(M17:Q17) -> 35908 | AH17: =SUM(V17:AB17) -> 507.77273
A18: 44546 | B18: 51.32 | C18: 298 | D18: 3.089408 | E18: 0 | F18: 5.441536 | G18: 2.172672 | H18: 3.010048 | I18: 3.380736 | J18: 1.437952 | K18: 1.569024 | L18: 3.782144 | M18: 0 | N18: 8391 | O18: 15829 | P18: 13033 | Q18: 445 | R18: =1774+3211+2847+110 -> 7942 | S18: =S17 -> 1.2276 | T18: 0 | U18: =U17 -> 0.2886 | V18: 53 | W18: 41 | X18: 37 | Y18: 179 | Z18: 83 | AA18: 109 | AB18: 0 | AG18: =SUM(M18:Q18) -> 37698 | AH18: =SUM(V18:AB18) -> 502
A19: 44547 | B19: 56.72 | C19: 289 | D19: 2.719232 | E19: 0 | F19: 5.373952 | G19: 2.116608 | H19: 2.807296 | I19: 3.212032 | J19: 1.383168 | K19: 1.661184 | L19: 3.693056 | M19: 613 | N19: 11708 | O19: 7888 | P19: 4382 | Q19: 11703 | R19: =128+2442+1673+1008+2469 -> 7720 | S19: =S18 -> 1.2276 | T19: 0 | U19: =U18 -> 0.2886 | V19: 48 | W19: 26 | X19: 39 | Y19: 211 | Z19: 116 | AA19: 100 | AB19: 0 | AG19: =SUM(M19:Q19) -> 36294 | AH19: =SUM(V19:AB19) -> 540
A20: 44548 | B20: 57.89 | C20: 301 | D20: 3.090432 | E20: 0 | F20: 5.21984 | G20: 2.221824 | H20: 2.99008 | I20: 3.4048 | J20: 1.384064 | K20: 1.851648 | L20: 3.64544 | M20: 0 | N20: 11956 | O20: 9340 | P20: 4643 | Q20: 11977 | R20: =2560+1974+1009+2683 -> 8226 | S20: =S19 -> 1.2276 | T20: 0 | U20: =U19 -> 0.2886 | V20: 50 | W20: 62 | X20: 59 | Y20: 183 | Z20: 115 | AA20: 106 | AB20: 0 | AG20: =SUM(M20:Q20) -> 37916 | AH20: =SUM(V20:AB20) -> 575
A21: 44549 | B21: 61.84 | C21: 368 | D21: 2.574848 | E21: 0 | F21: 4.289536 | G21: 1.900032 | H21: 2.491392 | I21: 2.8736 | J21: 1.089536 | K21: 1.60128 | L21: 3.097088 | M21: 0 | N21: 10178 | O21: 10754 | P21: 5684 | Q21: 9980 | R21: =2113+2217+1277+2086 -> 7693 | S21: =S20 -> 1.2276 | T21: 0 | U21: =U20 -> 0.2886 | V21: 49 | W21: 35 | X21: 56 | Y21: 176 | Z21: 117 | AA21: 113 | AB21: 0 | AG21: =SUM(M21:Q21) -> 36596 | AH21: =SUM(V21:AB21) -> 546
A22: 44550 | B22: 47.37 | C22: 290 | D22: 0 | E22: 0 | F22: 0 | G22: 0 | H22: 0 | I22: 0 | J22: 0 | K22: 0 | L22: 0 | M22: 0 | N22: 10224 | O22: 11840 | P22: 6535 | Q22: 10188 | R22: =2178+2439+1456+2175 -> 8248 | S22: =S21 -> 1.2276 | T22: 0 | U22: =U21 -> 0.2886 | V22: 50 | W22: 38 | X22: 38 | Y22: 85 | Z22: 85 | AA22: 109 | AB22: 0 | AG22: =SUM(M22:Q22) -> 38787 | AH22: =SUM(V22:AB22) -> 405
A23: 44551 | B23: 32.89 | C23: 312 | D23: 0 | E23: 0 | F23: 0 | G23: 0 | H23: 0 | I23: 0 | J23: 0 | K23: 0 | L23: 0 | M23: 11476 | N23: 11047 | O23: 0 | P23: 5218 | Q23: 11061 | R23: =2364+2332+1176+2468 -> 8340 | S23: =S22 -> 1.2276 | T23: 0 | U23: =U22 -> 0.2886 | V23: 54 | W23: 38 | X23: 43 | Y23: 15 | Z23: 99 | AA23: 108 | AB23: 0 | AG23: =SUM(M23:Q23) -> 38802 | AH23: =SUM(V23:AB23) -> 357
A24: 44552 | B24: 28.95 | C24: 237 | D24: 0 | E24: 0 | F24: 0 | G24: 0 | H24: 0 | I24: 0 | J24: 0 | K24: 0 | L24: 0 | M24: 0 | N24: 10950 | O24: 11323 | P24: 5756 | Q24: 10912 | R24: =2321+2309+1268+2356 -> 8254 | S24: =S23 -> 1.2276 | T24: 0 | U24: =U23 -> 0.2886 | V24: 57 | W24: 83 | X24: 41 | Y24: 153 | Z24: 97 | AA24: 109 | AB24: 0 | AG24: =SUM(M24:Q24) -> 38941 | AH24: =SUM(V24:AB24) -> 540
A25: 44553 | B25: 35.53 | C25: 207 | D25: 0 | E25: 0 | F25: 0 | G25: 0 | H25: 0 | I25: 0 | J25: 0 | K25: 0 | L25: 0 | M25: 0 | N25: 10766 | O25: 6587 | P25: 6839 | Q25: 14738 | R25: =2279+1356+1520+3123 -> 8278 | S25: =S24 -> 1.2276 | T25: 0 | U25: =U24 -> 0.2886 | V25: 56 | W25: 1 | X25: 36 | Y25: 173 | Z25: 93 | AA25: 108 | AB25: 0 | AG25: =SUM(M25:Q25) -> 38930 | AH25: =SUM(V25:AB25) -> 467
A26: 44554 | B26: 51.9 | C26: 311 | D26: 2.205184 | E26: 1.399296 | F26: 3.604992 | G26: 1.793536 | H26: 1.96608 | I26: 2.920192 | J26: 0.890496 | K26: 1.200896 | L26: 2.492416 | M26: 91 | N26: 10387 | O26: 9060 | P26: 11018 | Q26: 8534 | R26: =46+2276+1838+2450+1888 -> 8498 | S26: =S25 -> 1.2276 | T26: 0 | U26: =U25 -> 0.2886 | V26: =AVERAGE(V3:V25) -> 52.681818 | W26: =AVERAGE(W3:W25) -> 35.5 | X26: =AVERAGE(X3:X25) -> 50.272727 | Y26: =AVERAGE(Y3:Y25) -> 167.18182 | Z26: =AVERAGE(Z3:Z25) -> 95.181818 | AA26: =AVERAGE(AA3:AA25) -> 106.95455 | AB26: 0 | AG26: =SUM(M26:Q26) -> 39090 | AH26: =SUM(V26:AB26) -> 507.77273
A27: 44555 | B27: 54.43 | C27: 347 | D27: 2.817536 | E27: 4.238336 | F27: 5.446144 | G27: 2.552832 | H27: 3.0464 | I27: 3.937536 | J27: 1.455744 | K27: 1.843456 | L27: 3.732992 | M27: 7119 | N27: 10021 | O27: 5898 | P27: 5889 | Q27: 10044 | R27: =1546+2131+1245+1365+2122 -> 8409 | S27: =S26 -> 1.2276 | T27: 0 | U27: =U26 -> 0.2886 | V27: 53 | W27: 60 | X27: 40 | Y27: 185 | Z27: 92 | AA27: 103 | AB27: 0 | AG27: =SUM(M27:Q27) -> 38971 | AH27: =SUM(V27:AB27) -> 533
A28: 44556 | B28: 56.79 | C28: 351 | D28: 3.024896 | E28: 4.179456 | F28: 5.767168 | G28: 2.483968 | H28: 3.206144 | I28: 3.554816 | J28: 1.460992 | K28: 1.67424 | L28: 3.74528 | M28: 5808 | N28: 10098 | O28: 6998 | P28: 6219 | Q28: 10229 | R28: =1253+2176+1466+1399+2242 -> 8536 | S28: =S27 -> 1.2276 | T28: 292637 | U28: =U27 -> 0.2886 | V28: 57 | W28: 37 | X28: 38 | Y28: 179 | Z28: 113 | AA28: 106 | AB28: 0 | AG28: =SUM(M28:Q28) -> 39352 | AH28: =SUM(V28:AB28) -> 530
A29: 44557 | B29: 56.79 | C29: 368 | D29: 3.159552 | E29: 4.274176 | F29: 6.013952 | G29: 2.4768 | H29: 3.676672 | I29: 3.675904 | J29: 1.482368 | K29: 1.660416 | L29: 4.063744 | M29: 7896 | N29: 10920 | O29: 10929 | P29: 5683 | Q29: 5682 | R29: =1730+2347+2250+1320+1228 -> 8875 | S29: =19.9*0.06 -> 1.194 | T29: 292696 | U29: =U28 -> 0.2886 | V29: 60 | W29: 43 | X29: 70 | Y29: 196 | Z29: 87 | AA29: 110 | AB29: 0 | AG29: =SUM(M29:Q29) -> 41110 | AH29: =SUM(V29:AB29) -> 566
A30: 44558 | B30: 56.79 | C30: 486 | D30: 2.99264 | E30: 3.849216 | F30: 5.750272 | G30: 2.363392 | H30: 3.29472 | I30: 3.678208 | J30: 1.54368 | K30: 1.756416 | L30: 4.168704 | M30: 8558 | N30: 10080 | O30: 6615 | P30: 0 | Q30: 11790 | R30: =1857+2142+1401+2548 -> 7948 | S30: =S29 -> 1.194 | T30: 293787 | U30: =U29 -> 0.2886 | V30: 51 | W30: 0 | X30: 42 | Y30: 181 | Z30: 118 | AA30: 66 | AB30: 0 | AG30: =SUM(M30:Q30) -> 37043 | AH30: =SUM(V30:AB30) -> 458
A31: 44559 | B31: 67.09 | C31: 440 | D31: 3.268608 | E31: 4.191232 | F31: 6.045184 | G31: 2.72384 | H31: 3.629568 | I31: 4.033792 | J31: 1.574016 | K31: 1.65632 | L31: 4.10368 | M31: 8099 | N31: 11776 | O31: 0 | P31: 1298 | Q31: 10035 | R31: =1747+2507+2839+2257 -> 9350 | S31: =S30 -> 1.194 | T31: 293787 | U31: =U30 -> 0.2886 | V31: 63 | W31: 0 | X31: 41 | Y31: 226 | Z31: 96 | AA31: 103 | AB31: 0 | AG31: =SUM(M31:Q31) -> 31208 | AH31: =SUM(V31:AB31) -> 529
A32: 44560 | B32: 68.42 | C32: 488 | D32: 3.347968 | E32: 4.456448 | F32: 6.085632 | G32: 2.966272 | H32: 3.904512 | I32: 4.19456 | J32: 1.482752 | K32: 1.69472 | L32: 4.0832 | M32: 13982 | N32: 10957 | O32: 11068 | P32: 5665 | Q32: 0 | R32: =3021+2320+2275+1430 -> 9046 | S32: =S31 -> 1.194 | T32: 293787 | U32: =U31 -> 0.2886 | V32: 59 | W32: 41 | X32: 58 | Y32: 216 | Z32: 101 | AA32: 120 | AB32: 0 | AG32: =SUM(M32:Q32) -> 41672 | AH32: =SUM(V32:AB32) -> 595
A33: 44561 | B33: 75 | C33: 565 | D33: 2.4448 | E33: 3.769856 | F33: 5.526016 | G33: 2.585344 | H33: 3.165696 | I33: 3.318016 | J33: 1.40608 | K33: 1.788672 | L33: 4.01408 | M33: 0 | N33: 8052 | O33: 11583 | P33: 6927 | Q33: 9586 | R33: =1738+2469+1788+2014 -> 8009 | S33: =S32 -> 1.194 | T33: 293843 | U33: =U32 -> 0.2886 | V33: 57 | W33: 39 | X33: 40 | Y33: 203 | Z33: 144 | AA33: 140 | AB33: 0 | AG33: =SUM(M33:Q33) -> 36148 | AH33: =SUM(V33:AB33) -> 623
AF35: Per month | AG35: =SUM(AG3:AG33) -> 1079912 | AH35: =SUM(AH3:AH33) -> 16090.545
Y37: =SUM(V3:AA33) -> 16020.545
