Workbook

Sheet TOTAL
A1: Site Name | B1: Day | C1: Month | D1: Year | E1: Total Electricity Kwh | F1: Electricity Tariff ($/Kwh) | G1: LPG (Kg) | H1: LPG $/Kg | I1: Total Fuel Oil (Liter) | J1: Fuel Oil $/Liter | K1: Water Utility Supply (m3) m3 | L1: Water Utility Supply (m3) $/m3 | M1: Room Nights | N1: Food Covers
A2: Bali Jimbaran | B2: 1 | C2: 12 | D2: 2021 | E2: ='FS Jimbaran December 2021'!P12+'FS Jimbaran December 2021'!Q12 -> 16189 | F2: ='FS Jimbaran December 2021'!O12/'FS Jimbaran December 2021'!P12 -> 1181.9508 | G2: ='FS Jimbaran December 2021'!AG12 -> 50 | H2: ='FS Jimbaran December 2021'!AH12/'FS Jimbaran December 2021'!AG12 -> 16420 | I2: ='FS Jimbaran December 2021'!AJ12 -> 296.46 | J2: ='FS Jimbaran December 2021'!AK12/'FS Jimbaran December 2021'!AJ12 -> 12000 | K2: ='FS Jimbaran December 2021'!V12 -> 719.96979 | L2: ='FS Jimbaran December 2021'!AA12/'FS Jimbaran December 2021'!V12 -> 6088.8374 | M2: =+'RNs & Covers December 2021'!B6 -> 15 | N2: =+'RNs & Covers December 2021'!C6 -> 97
A3: Bali Jimbaran | B3: =B2+1 -> 2 | C3: 12 | D3: 2021 | E3: ='FS Jimbaran December 2021'!P13+'FS Jimbaran December 2021'!Q13 -> 17441 | F3: ='FS Jimbaran December 2021'!O13/'FS Jimbaran December 2021'!P13 -> 1188.1178 | G3: ='FS Jimbaran December 2021'!AG13 -> 62 | H3: ='FS Jimbaran December 2021'!AH13/'FS Jimbaran December 2021'!AG13 -> 15459.677 | I3: ='FS Jimbaran December 2021'!AJ13 -> 173.95 | J3: ='FS Jimbaran December 2021'!AK13/'FS Jimbaran December 2021'!AJ13 -> 12000 | K3: ='FS Jimbaran December 2021'!V13 -> 758.3394 | L3: ='FS Jimbaran December 2021'!AA13/'FS Jimbaran December 2021'!V13 -> 6532.7687 | M3: =+'RNs & Covers December 2021'!B7 -> 18 | N3: =+'RNs & Covers December 2021'!C7 -> 135
A4: Bali Jimbaran | B4: =B3+1 -> 3 | C4: 12 | D4: 2021 | E4: ='FS Jimbaran December 2021'!P14+'FS Jimbaran December 2021'!Q14 -> 17593.8 | F4: ='FS Jimbaran December 2021'!O14/'FS Jimbaran December 2021'!P14 -> 1178.6598 | G4: ='FS Jimbaran December 2021'!AG14 -> 112 | H4: ='FS Jimbaran December 2021'!AH14/'FS Jimbaran December 2021'!AG14 -> 15888.393 | I4: ='FS Jimbaran December 2021'!AJ14 -> 330.92 | J4: ='FS Jimbaran December 2021'!AK14/'FS Jimbaran December 2021'!AJ14 -> 12000 | K4: ='FS Jimbaran December 2021'!V14 -> 770.20728 | L4: ='FS Jimbaran December 2021'!AA14/'FS Jimbaran December 2021'!V14 -> 6864.1064 | M4: =+'RNs & Covers December 2021'!B8 -> 14 | N4: =+'RNs & Covers December 2021'!C8 -> 162
A5: Bali Jimbaran | B5: =B4+1 -> 4 | C5: 12 | D5: 2021 | E5: ='FS Jimbaran December 2021'!P15+'FS Jimbaran December 2021'!Q15 -> 16761.6 | F5: ='FS Jimbaran December 2021'!O15/'FS Jimbaran December 2021'!P15 -> 1176.2454 | G5: ='FS Jimbaran December 2021'!AG15 -> 62 | H5: ='FS Jimbaran December 2021'!AH15/'FS Jimbaran December 2021'!AG15 -> 15459.677 | I5: ='FS Jimbaran December 2021'!AJ15 -> 123.36 | J5: ='FS Jimbaran December 2021'!AK15/'FS Jimbaran December 2021'!AJ15 -> 12000 | K5: ='FS Jimbaran December 2021'!V15 -> 580.97325 | L5: ='FS Jimbaran December 2021'!AA15/'FS Jimbaran December 2021'!V15 -> 6807.6645 | M5: =+'RNs & Covers December 2021'!B9 -> 9 | N5: =+'RNs & Covers December 2021'!C9 -> 119
A6: Bali Jimbaran | B6: =B5+1 -> 5 | C6: 12 | D6: 2021 | E6: ='FS Jimbaran December 2021'!P16+'FS Jimbaran December 2021'!Q16 -> 16154.2 | F6: ='FS Jimbaran December 2021'!O16/'FS Jimbaran December 2021'!P16 -> 1182.7694 | G6: ='FS Jimbaran December 2021'!AG16 -> 112 | H6: ='FS Jimbaran December 2021'!AH16/'FS Jimbaran December 2021'!AG16 -> 15888.393 | I6: ='FS Jimbaran December 2021'!AJ16 -> 102.14 | J6: ='FS Jimbaran December 2021'!AK16/'FS Jimbaran December 2021'!AJ16 -> 12000 | K6: ='FS Jimbaran December 2021'!V16 -> 710.11228 | L6: ='FS Jimbaran December 2021'!AA16/'FS Jimbaran December 2021'!V16 -> 6671.1843 | M6: =+'RNs & Covers December 2021'!B10 -> 4 | N6: =+'RNs & Covers December 2021'!C10 -> 136
A7: Bali Jimbaran | B7: =B6+1 -> 6 | C7: 12 | D7: 2021 | E7: ='FS Jimbaran December 2021'!P17+'FS Jimbaran December 2021'!Q17 -> 15442 | F7: ='FS Jimbaran December 2021'!O17/'FS Jimbaran December 2021'!P17 -> 1185.2926 | G7: ='FS Jimbaran December 2021'!AG17 -> 50 | H7: ='FS Jimbaran December 2021'!AH17/'FS Jimbaran December 2021'!AG17 -> 16420 | I7: ='FS Jimbaran December 2021'!AJ17 -> 309.22 | J7: ='FS Jimbaran December 2021'!AK17/'FS Jimbaran December 2021'!AJ17 -> 12000 | K7: ='FS Jimbaran December 2021'!V17 -> 582.96288 | L7: ='FS Jimbaran December 2021'!AA17/'FS Jimbaran December 2021'!V17 -> 5639.5708 | M7: =+'RNs & Covers December 2021'!B11 -> 12 | N7: =+'RNs & Covers December 2021'!C11 -> 53
A8: Bali Jimbaran | B8: =B7+1 -> 7 | C8: 12 | D8: 2021 | E8: ='FS Jimbaran December 2021'!P18+'FS Jimbaran December 2021'!Q18 -> 15879.6 | F8: ='FS Jimbaran December 2021'!O18/'FS Jimbaran December 2021'!P18 -> 1184.0849 | G8: ='FS Jimbaran December 2021'!AG18 -> 50 | H8: ='FS Jimbaran December 2021'!AH18/'FS Jimbaran December 2021'!AG18 -> 16420 | I8: ='FS Jimbaran December 2021'!AJ18 -> 311.73 | J8: ='FS Jimbaran December 2021'!AK18/'FS Jimbaran December 2021'!AJ18 -> 12000 | K8: ='FS Jimbaran December 2021'!V18 -> 677.05787 | L8: ='FS Jimbaran December 2021'!AA18/'FS Jimbaran December 2021'!V18 -> 5903.7846 | M8: =+'RNs & Covers December 2021'!B12 -> 10 | N8: =+'RNs & Covers December 2021'!C12 -> 79
A9: Bali Jimbaran | B9: =B8+1 -> 8 | C9: 12 | D9: 2021 | E9: ='FS Jimbaran December 2021'!P19+'FS Jimbaran December 2021'!Q19 -> 17446.6 | F9: ='FS Jimbaran December 2021'!O19/'FS Jimbaran December 2021'!P19 -> 1185.1899 | G9: ='FS Jimbaran December 2021'!AG19 -> 50 | H9: ='FS Jimbaran December 2021'!AH19/'FS Jimbaran December 2021'!AG19 -> 16420 | I9: ='FS Jimbaran December 2021'!AJ19 -> 403.55 | J9: ='FS Jimbaran December 2021'!AK19/'FS Jimbaran December 2021'!AJ19 -> 12000 | K9: ='FS Jimbaran December 2021'!V19 -> 682.5121 | L9: ='FS Jimbaran December 2021'!AA19/'FS Jimbaran December 2021'!V19 -> 5864.1747 | M9: =+'RNs & Covers December 2021'!B13 -> 12 | N9: =+'RNs & Covers December 2021'!C13 -> 77
A10: Bali Jimbaran | B10: =B9+1 -> 9 | C10: 12 | D10: 2021 | E10: ='FS Jimbaran December 2021'!P20+'FS Jimbaran December 2021'!Q20 -> 17029 | F10: ='FS Jimbaran December 2021'!O20/'FS Jimbaran December 2021'!P20 -> 1184.7705 | G10: ='FS Jimbaran December 2021'!AG20 -> 50 | H10: ='FS Jimbaran December 2021'!AH20/'FS Jimbaran December 2021'!AG20 -> 16420 | I10: ='FS Jimbaran December 2021'!AJ20 -> 76.12 | J10: ='FS Jimbaran December 2021'!AK20/'FS Jimbaran December 2021'!AJ20 -> 12000 | K10: ='FS Jimbaran December 2021'!V20 -> 759.06133 | L10: ='FS Jimbaran December 2021'!AA20/'FS Jimbaran December 2021'!V20 -> 6071.7253 | M10: =+'RNs & Covers December 2021'!B14 -> 13 | N10: =+'RNs & Covers December 2021'!C14 -> 101
A11: Bali Jimbaran | B11: =B10+1 -> 10 | C11: 12 | D11: 2021 | E11: ='FS Jimbaran December 2021'!P21+'FS Jimbaran December 2021'!Q21 -> 18107 | F11: ='FS Jimbaran December 2021'!O21/'FS Jimbaran December 2021'!P21 -> 1185.5845 | G11: ='FS Jimbaran December 2021'!AG21 -> 112 | H11: ='FS Jimbaran December 2021'!AH21/'FS Jimbaran December 2021'!AG21 -> 15888.393 | I11: ='FS Jimbaran December 2021'!AJ21 -> 419.97 | J11: ='FS Jimbaran December 2021'!AK21/'FS Jimbaran December 2021'!AJ21 -> 12000 | K11: ='FS Jimbaran December 2021'!V21 -> 772.06824 | L11: ='FS Jimbaran December 2021'!AA21/'FS Jimbaran December 2021'!V21 -> 6633.1231 | M11: =+'RNs & Covers December 2021'!B15 -> 17 | N11: =+'RNs & Covers December 2021'!C15 -> 145
A12: Bali Jimbaran | B12: =B11+1 -> 11 | C12: 12 | D12: 2021 | E12: ='FS Jimbaran December 2021'!P22+'FS Jimbaran December 2021'!Q22 -> 19778.2 | F12: ='FS Jimbaran December 2021'!O22/'FS Jimbaran December 2021'!P22 -> 1197.642 | G12: ='FS Jimbaran December 2021'!AG22 -> 162 | H12: ='FS Jimbaran December 2021'!AH22/'FS Jimbaran December 2021'!AG22 -> 16052.469 | I12: ='FS Jimbaran December 2021'!AJ22 -> 349.72 | J12: ='FS Jimbaran December 2021'!AK22/'FS Jimbaran December 2021'!AJ22 -> 12000 | K12: ='FS Jimbaran December 2021'!V22 -> 927.10282 | L12: ='FS Jimbaran December 2021'!AA22/'FS Jimbaran December 2021'!V22 -> 8744.3819 | M12: =+'RNs & Covers December 2021'!B16 -> 22 | N12: =+'RNs & Covers December 2021'!C16 -> 365
A13: Bali Jimbaran | B13: =B12+1 -> 12 | C13: 12 | D13: 2021 | E13: ='FS Jimbaran December 2021'!P23+'FS Jimbaran December 2021'!Q23 -> 18213 | F13: ='FS Jimbaran December 2021'!O23/'FS Jimbaran December 2021'!P23 -> 1184.3278 | G13: ='FS Jimbaran December 2021'!AG23 -> 162 | H13: ='FS Jimbaran December 2021'!AH23/'FS Jimbaran December 2021'!AG23 -> 16052.469 | I13: ='FS Jimbaran December 2021'!AJ23 -> 297.62 | J13: ='FS Jimbaran December 2021'!AK23/'FS Jimbaran December 2021'!AJ23 -> 12000 | K13: ='FS Jimbaran December 2021'!V23 -> 775.93958 | L13: ='FS Jimbaran December 2021'!AA23/'FS Jimbaran December 2021'!V23 -> 7271.059 | M13: =+'RNs & Covers December 2021'!B17 -> 26 | N13: =+'RNs & Covers December 2021'!C17 -> 194
A14: Bali Jimbaran | B14: =B13+1 -> 13 | C14: 12 | D14: 2021 | E14: ='FS Jimbaran December 2021'!P24+'FS Jimbaran December 2021'!Q24 -> 19161 | F14: ='FS Jimbaran December 2021'!O24/'FS Jimbaran December 2021'!P24 -> 1185.9619 | G14: ='FS Jimbaran December 2021'!AG24 -> 162 | H14: ='FS Jimbaran December 2021'!AH24/'FS Jimbaran December 2021'!AG24 -> 16052.469 | I14: ='FS Jimbaran December 2021'!AJ24 -> 325.97 | J14: ='FS Jimbaran December 2021'!AK24/'FS Jimbaran December 2021'!AJ24 -> 12000 | K14: ='FS Jimbaran December 2021'!V24 -> 823.07516 | L14: ='FS Jimbaran December 2021'!AA24/'FS Jimbaran December 2021'!V24 -> 7061.9473 | M14: =+'RNs & Covers December 2021'!B18 -> 30 | N14: =+'RNs & Covers December 2021'!C18 -> 189
... A32: Bali Jimbaran | B32: =B31+1 -> 31 | C32: 12 | D32: 2021 | E32: ='FS Jimbaran December 2021'!P42+'FS Jimbaran December 2021'!Q42 -> 18271.8 | F32: ='FS Jimbaran December 2021'!O42/'FS Jimbaran December 2021'!P42 -> 1189.3093 | G32: ='FS Jimbaran December 2021'!AG42 -> 162 | H32: ='FS Jimbaran December 2021'!AH42/'FS Jimbaran December 2021'!AG42 -> 16654.321 | I32: ='FS Jimbaran December 2021'!AJ42 -> 352.6 | J32: ='FS Jimbaran December 2021'!AK42/'FS Jimbaran December 2021'!AJ42 -> 12000 | K32: ='FS Jimbaran December 2021'!V42 -> 783.25823 | L32: ='FS Jimbaran December 2021'!AA42/'FS Jimbaran December 2021'!V42 -> 7286.3788 | M32: =+'RNs & Covers December 2021'!B36 -> 38 | N32: =+'RNs & Covers December 2021'!C36 -> 197
E33: =SUM(E2:E32) -> 565485.4

Sheet FS Jimbaran December 2021
B6: Four Seasons Resort Bali at Jimbaran Bay
B7: DECEMBER 2021
B8: Date | C8: Room Nights | D8: Food Covers | E8: ELECTRICITY Resort, Sundara & Residences | V8: WATER | AC8: GAS
E9: Electricity Resort | J9: Electricity - Sundara | O9: Sub Total (Resort & Sundara) Cost (IDR) | P9: Sub Total (Resort & Sundara), KWh | Q9: Residences- Electricity KWh | R9: Residences- Electricity cost (IDR) | S9: TOTAL Electricity consumption (KWh) | T9: TOTAL Electricity cost | W9: Water (m3) | AA9: Total Water Cost | AC9: LPG | AJ9: Diesel
E10: BASED LOAD KWh (from 10 pm - 6 pm) | F10: Cost (IDR) | G10: PEAK LOAD KWh (from 6 pm - 10 pm) | H10: Cost (IDR) | I10: Resort Cost (IDR) | J10: BASED LOAD KWh (from 10 pm - 6 pm) | K10: Cost (IDR) | L10: PEAK LOAD KWh (from 6 pm - 10 pm) | M10: Cost (IDR) | N10: Sundara Cost (IDR) | T10: IDR | U10: USD | V10: Water consumption (m3) | W10: Municipal Water (m3) | X10: Municipal Water cost (IDR) | Y10: Deepwell Consumption (m3) | Z10: Deepwell water Cost (IDR) | AA10: IDR | AB10: USD | AC10: LPG Bulk (m3) | AD10: 50 Kg (tube) IVD & TW | AE10: Sundara 50 kg (tube) | AF10: 12 Kg (tube) | AG10: Total kg | AH10: IDR | AI10: USD | AJ10: Used (liters) | AK10: IDR | AL10: USD
B12: 1 | C12: 15 | D12: 97 | E12: 10880 | F12: 11832751 | G12: 2200 | H12: 3588977.7 | I12: =F12+H12 -> 15421728 | J12: 1500 | K12: 1631353.5 | L12: 400 | M12: 652541.4 | N12: =+K12+M12 -> 2283894.9 | O12: =N12+I12 -> 17705623 | P12: =L12+J12+G12+E12 -> 14980 | Q12: 1209 | R12: 1746642.3 | S12: =P12+Q12 -> 16189 | T12: =O12+R12 -> 19452266 | V12: =Y12+W12 -> 719.96979 | W12: 74.969791 | X12: 1347562.4 | Y12: 645 | Z12: 3036216.6 | AA12: =Z12+X12 -> 4383779 | AB12: =AA12/$AL$47 -> 337.83513 | AC12: 0 | AD12: 0 | AE12: 50 | AF12: 0 | AG12: =+AE12+AF12 -> 50 | AH12: 821000 | AI12: =AH12/$AL$47 -> 63.270215 | AJ12: 296.46 | AK12: 3557520 | AL12: =AK12/$AL$47 -> 274.15963
B13: 2 | C13: 18 | D13: 135 | E13: 11560 | F13: 12572298 | G13: 2520 | H13: 4111010.8 | I13: =F13+H13 -> 16683308 | J13: 1400 | K13: 1522596.6 | L13: 420 | M13: 685168.47 | N13: =+K13+M13 -> 2207765.1 | O13: =N13+I13 -> 18891074 | P13: =L13+J13+G13+E13 -> 15900 | Q13: 1541 | R13: 2226282.7 | S13: =P13+Q13 -> 17441 | T13: =O13+R13 -> 21117356 | V13: =Y13+W13 -> 758.3394 | W13: 104.3394 | X13: 1875473.5 | Y13: 654 | Z13: 3078582.4 | AA13: =Z13+X13 -> 4954055.9 | AB13: =AA13/$AL$47 -> 381.78341 | AC13: 0 | AD13: 0 | AE13: 50 | AF13: 12 | AG13: =+AE13+AF13 -> 62 | AH13: 958500 | AI13: =AH13/$AL$47 -> 73.866627 | AJ13: 173.95 | AK13: 2087400 | AL13: =AK13/$AL$47 -> 160.8651
B14: 3 | C14: 14 | D14: 162 | E14: 11520 | F14: 12528795 | G14: 2160 | H14: 3523723.6 | I14: =F14+H14 -> 16052518 | J14: 1600 | K14: 1740110.4 | L14: 480 | M14: 783049.68 | N14: =+K14+M14 -> 2523160.1 | O14: =N14+I14 -> 18575679 | P14: =L14+J14+G14+E14 -> 15760 | Q14: 1833.8 | R14: 2649290.9 | S14: =P14+Q14 -> 17593.8 | T14: =O14+R14 -> 21224969 | V14: =Y14+W14 -> 770.20728 | W14: 125.20728 | X14: 2250568.1 | Y14: 645 | Z14: 3036216.6 | AA14: =Z14+X14 -> 5286784.7 | AB14: =AA14/$AL$47 -> 407.4251 | AC14: 0 | AD14: 0 | AE14: 100 | AF14: 12 | AG14: =+AE14+AF14 -> 112 | AH14: 1779500 | AI14: =AH14/$AL$47 -> 137.13684 | AJ14: 330.92 | AK14: 3971040 | AL14: =AK14/$AL$47 -> 306.02747
B15: 4 | C15: 9 | D15: 119 | E15: 10920 | F15: 11876253 | G15: 2080 | H15: 3393215.3 | I15: =F15+H15 -> 15269469 | J15: 1500 | K15: 1631353.5 | L15: 340 | M15: 554660.19 | N15: =+K15+M15 -> 2186013.7 | O15: =N15+I15 -> 17455482 | P15: =L15+J15+G15+E15 -> 14840 | Q15: 1921.6 | R15: 2776135.5 | S15: =P15+Q15 -> 16761.6 | T15: =O15+R15 -> 20231618 | V15: =Y15+W15 -> 580.97325 | W15: 91.973248 | X15: 1653195.1 | Y15: 489 | Z15: 2301875.8 | AA15: =Z15+X15 -> 3955071 | AB15: =AA15/$AL$47 -> 304.79682 | AC15: 0 | AD15: 0 | AE15: 50 | AF15: 12 | AG15: =+AE15+AF15 -> 62 | AH15: 958500 | AI15: =AH15/$AL$47 -> 73.866627 | AJ15: 123.36 | AK15: 1480320 | AL15: =AK15/$AL$47 -> 114.08059
B16: 5 | C16: 4 | D16: 136 | E16: 10240 | F16: 11136707 | G16: 2040 | H16: 3327961.1 | I16: =F16+H16 -> 14464668 | J16: 1540 | K16: 1674856.3 | L16: 460 | M16: 750422.61 | N16: =+K16+M16 -> 2425278.9 | O16: =N16+I16 -> 16889947 | P16: =L16+J16+G16+E16 -> 14280 | Q16: 1874.2 | R16: 2707656.7 | S16: =P16+Q16 -> 16154.2 | T16: =O16+R16 -> 19597603 | V16: =Y16+W16 -> 710.11228 | W16: 105.11228 | X16: 1889365.9 | Y16: 605 | Z16: 2847924.1 | AA16: =Z16+X16 -> 4737289.9 | AB16: =AA16/$AL$47 -> 365.07838 | AC16: 0 | AD16: 0 | AE16: 100 | AF16: 12 | AG16: =+AE16+AF16 -> 112 | AH16: 1779500 | AI16: =AH16/$AL$47 -> 137.13684 | AJ16: 102.14 | AK16: 1225680 | AL16: =AK16/$AL$47 -> 94.456805
B17: 6 | C17: 12 | D17: 53 | E17: 9880 | F17: 10745182 | G17: 2120 | H17: 3458469.4 | I17: =F17+H17 -> 14203651 | J17: 1440 | K17: 1566099.4 | L17: 360 | M17: 587287.26 | N17: =+K17+M17 -> 2153386.6 | O17: =N17+I17 -> 16357038 | P17: =L17+J17+G17+E17 -> 13800 | Q17: 1642 | R17: 2372197.4 | S17: =P17+Q17 -> 15442 | T17: =O17+R17 -> 18729235 | V17: =Y17+W17 -> 582.96288 | W17: 40.962875 | X17: 736296.99 | Y17: 542 | Z17: 2551363.4 | AA17: =Z17+X17 -> 3287660.4 | AB17: =AA17/$AL$47 -> 253.36295 | AC17: 0 | AD17: 0 | AE17: 50 | AF17: 0 | AG17: =+AE17+AF17 -> 50 | AH17: 821000 | AI17: =AH17/$AL$47 -> 63.270215 | AJ17: 309.22 | AK17: 3710640 | AL17: =AK17/$AL$47 -> 285.95979
B18: 7 | C18: 10 | D18: 79 | E18: 9920 | F18: 10788684 | G18: 2080 | H18: 3393215.3 | I18: =F18+H18 -> 14181900 | J18: 1480 | K18: 1609602.1 | L18: 380 | M18: 619914.33 | N18: =+K18+M18 -> 2229516.4 | O18: =N18+I18 -> 16411416 | P18: =L18+J18+G18+E18 -> 13860 | Q18: 2019.6 | R18: 2917716.1 | S18: =P18+Q18 -> 15879.6 | T18: =O18+R18 -> 19329132 | V18: =Y18+W18 -> 677.05787 | W18: 61.057871 | X18: 1097499.3 | Y18: 616 | Z18: 2899704.5 | AA18: =Z18+X18 -> 3997203.8 | AB18: =AA18/$AL$47 -> 308.04378 | AC18: 0 | AD18: 0 | AE18: 50 | AF18: 0 | AG18: =+AE18+AF18 -> 50 | AH18: 821000 | AI18: =AH18/$AL$47 -> 63.270215 | AJ18: 311.73 | AK18: 3740760 | AL18: =AK18/$AL$47 -> 288.28098
B19: 8 | C19: 12 | D19: 77 | E19: 11040 | F19: 12006762 | G19: 2280 | H19: 3719486 | I19: =F19+H19 -> 15726248 | J19: 1300 | K19: 1413839.7 | L19: 420 | M19: 685168.47 | N19: =+K19+M19 -> 2099008.2 | O19: =N19+I19 -> 17825256 | P19: =L19+J19+G19+E19 -> 15040 | Q19: 2406.6 | R19: 3476815 | S19: =P19+Q19 -> 17446.6 | T19: =O19+R19 -> 21302071 | V19: =Y19+W19 -> 682.5121 | W19: 59.512102 | X19: 1069714.5 | Y19: 623 | Z19: 2932655.7 | AA19: =Z19+X19 -> 4002370.2 | AB19: =AA19/$AL$47 -> 308.44193 | AC19: 0 | AD19: 0 | AE19: 50 | AF19: 0 | AG19: =+AE19+AF19 -> 50 | AH19: 821000 | AI19: =AH19/$AL$47 -> 63.270215 | AJ19: 403.55 | AK19: 4842600 | AL19: =AK19/$AL$47 -> 373.19408
B20: 9 | C20: 13 | D20: 101 | E20: 11600 | F20: 12615800 | G20: 2400 | H20: 3915248.4 | I20: =F20+H20 -> 16531049 | J20: 1540 | K20: 1674856.3 | L20: 460 | M20: 750422.61 | N20: =+K20+M20 -> 2425278.9 | O20: =N20+I20 -> 18956328 | P20: =L20+J20+G20+E20 -> 16000 | Q20: 1029 | R20: 1486596.3 | S20: =P20+Q20 -> 17029 | T20: =O20+R20 -> 20442924 | V20: =Y20+W20 -> 759.06133 | W20: 78.061328 | X20: 1403132 | Y20: 681 | Z20: 3205679.8 | AA20: =Z20+X20 -> 4608811.8 | AB20: =AA20/$AL$47 -> 355.17724 | AC20: 0 | AD20: 0 | AE20: 50 | AF20: 0 | AG20: =+AE20+AF20 -> 50 | AH20: 821000 | AI20: =AH20/$AL$47 -> 63.270215 | AJ20: 76.12 | AK20: 913440 | AL20: =AK20/$AL$47 -> 70.394086
B21: 10 | C21: 17 | D21: 145 | E21: 11760 | F21: 12789811 | G21: 2440 | H21: 3980502.5 | I21: =F21+H21 -> 16770314 | J21: 1520 | K21: 1653104.9 | L21: 480 | M21: 783049.68 | N21: =+K21+M21 -> 2436154.6 | O21: =N21+I21 -> 19206469 | P21: =L21+J21+G21+E21 -> 16200 | Q21: 1907 | R21: 2755042.9 | S21: =P21+Q21 -> 18107 | T21: =O21+R21 -> 21961511 | V21: =Y21+W21 -> 772.06824 | W21: 112.06824 | X21: 2014397.4 | Y21: 660 | Z21: 3106826.3 | AA21: =Z21+X21 -> 5121223.7 | AB21: =AA21/$AL$47 -> 394.66617 | AC21: 0 | AD21: 0 | AE21: 100 | AF21: 12 | AG21: =+AE21+AF21 -> 112 | AH21: 1779500 | AI21: =AH21/$AL$47 -> 137.13684 | AJ21: 419.97 | AK21: 5039640 | AL21: =AK21/$AL$47 -> 388.37893
B22: 11 | C22: 22 | D22: 365 | E22: 12440 | F22: 13529358 | G22: 3160 | H22: 5155077.1 | I22: =F22+H22 -> 18684435 | J22: 2060 | K22: 2240392.1 | L22: 520 | M22: 848303.82 | N22: =+K22+M22 -> 3088696 | O22: =N22+I22 -> 21773131 | P22: =L22+J22+G22+E22 -> 18180 | Q22: 1598.2 | R22: 2308919.5 | S22: =P22+Q22 -> 19778.2 | T22: =O22+R22 -> 24082051 | V22: =Y22+W22 -> 927.10282 | W22: 282.10282 | X22: 5070724.5 | Y22: 645 | Z22: 3036216.6 | AA22: =Z22+X22 -> 8106941.1 | AB22: =AA22/$AL$47 -> 624.75993 | AC22: 0 | AD22: 0 | AE22: 150 | AF22: 12 | AG22: =+AE22+AF22 -> 162 | AH22: 2600500 | AI22: =AH22/$AL$47 -> 200.40706 | AJ22: 349.72 | AK22: 4196640 | AL22: =AK22/$AL$47 -> 323.41329
B23: 12 | C23: 26 | D23: 194 | E23: 12160 | F23: 13224839 | G23: 2520 | H23: 4111010.8 | I23: =F23+H23 -> 17335850 | J23: 1700 | K23: 1848867.3 | L23: 480 | M23: 783049.68 | N23: =+K23+M23 -> 2631917 | O23: =N23+I23 -> 19967767 | P23: =L23+J23+G23+E23 -> 16860 | Q23: 1353 | R23: 1954679.1 | S23: =P23+Q23 -> 18213 | T23: =O23+R23 -> 21922446 | V23: =Y23+W23 -> 775.93958 | W23: 149.93958 | X23: 2695124.8 | Y23: 626 | Z23: 2946777.7 | AA23: =Z23+X23 -> 5641902.5 | AB23: =AA23/$AL$47 -> 434.79218 | AC23: 0 | AD23: 0 | AE23: 150 | AF23: 12 | AG23: =+AE23+AF23 -> 162 | AH23: 2600500 | AI23: =AH23/$AL$47 -> 200.40706 | AJ23: 297.62 | AK23: 3571440 | AL23: =AK23/$AL$47 -> 275.23237
... B41: 30 | C41: 25 | D41: 175 | E41: 9960 | F41: 10832187 | G41: 2200 | H41: 3588977.7 | I41: =F41+H41 -> 14421165 | J41: 1600 | K41: 1740110.4 | L41: 460 | M41: 750422.61 | N41: =+K41+M41 -> 2490533 | O41: =N41+I41 -> 16911698 | P41: =L41+J41+G41+E41 -> 14220 | Q41: 1954.2 | R41: 2823232.7 | S41: =P41+Q41 -> 16174.2 | T41: =O41+R41 -> 19734931 | V41: =Y41+W41 -> 739.25478 | W41: 135.25478 | X41: 2431169.3 | Y41: 604 | Z41: 2843216.8 | AA41: =Z41+X41 -> 5274386.1 | AB41: =AA41/$AL$47 -> 406.4696 | AC41: 0 | AD41: 0 | AE41: 150 | AF41: 12 | AG41: =+AE41+AF41 -> 162 | AH41: 2698000 | AI41: =AH41/$AL$47 -> 207.92088 | AJ41: 556.13 | AK41: 6673560 | AL41: =AK41/$AL$47 -> 514.29668
B42: 31 | C42: 38 | D42: 197 | E42: 11040 | F42: 12006762 | G42: 2400 | H42: 3915248.4 | I42: =F42+H42 -> 15922010 | J42: 1560 | K42: 1696607.6 | L42: 500 | M42: 815676.75 | N42: =+K42+M42 -> 2512284.4 | O42: =N42+I42 -> 18434295 | P42: =L42+J42+G42+E42 -> 15500 | Q42: 2771.8 | R42: 4004419.5 | S42: =P42+Q42 -> 18271.8 | T42: =O42+R42 -> 22438714 | V42: =Y42+W42 -> 783.25823 | W42: 152.25823 | X42: 2736802 | Y42: 631 | Z42: 2970314.2 | AA42: =Z42+X42 -> 5707116.2 | AB42: =AA42/$AL$47 -> 439.81787 | AE42: 150 | AF42: 12 | AG42: =+AE42+AF42 -> 162 | AH42: 2698000 | AI42: =AH42/$AL$47 -> 207.92088 | AJ42: 352.6 | AK42: 4231200 | AL42: =AK42/$AL$47 -> 326.07665
U43: =T43*0.09 -> 0
C46: =SUM(C12:C42) -> 663 | D46: =SUM(D12:D42) -> 5495 | E46: =SUM(E12:E42) -> 357480 | F46: =SUM(F12:F42) -> 3.8878417e+08 | G46: =SUM(G12:G42) -> 74880 | H46: =SUM(H12:H42) -> 1.2215575e+08 | I46: =SUM(I12:I42) -> 5.1093992e+08 | J46: =SUM(J12:J42) -> 50600 | ... Q46: =SUM(Q12:Q42) -> 68505.4 | R46: =+'Residence Electricity Dec 2021'!E29 -> 116531237 | S46: =Q46+P46 -> 565485.4 | T46: =SUM(T12:T42) -> 6.8781224e+08 | U46: =T46/AL47 -> 53006.124 | V46: =SUM(V12:V42) -> 22707 | W46: =SUM(W12:W42) -> 4247 | X46: =SUM(X12:X41) -> 73601914 | Y46: =SUM(Y12:Y42) -> 18460 | Z46: =SUM(Z12:Z42) -> 86896990 | AA46: =SUM(AA12:AA42) -> 1.6323571e+08 | AB46: =AA46/$AL$47 -> 12579.73 | AC46: =SUM(AC12:AC41) -> 0 | AD46: =SUM(AD12:AD41) -> 0 | AE46: =SUM(AE12:AE42) -> 4000 | AF46: =SUM(AF12:AF42) -> 312 | AG46: =SUM(AG12:AG42) -> 4312 | AH46: =SUM(AH12:AH42) -> 70572000 | AI46: =AH46/$AL$47 -> 5438.6183 | AJ46: =SUM(AJ12:AJ42) -> 10845.78 | AK46: =SUM(AK12:AK42) -> 1.3014936e+08 | AL46: =AK46/AL47 -> 10029.937
T47: kWh rate | U47: =U46/S46 -> 0.093735619 | V47: m3/RNs | AK47: . | AL47: 12976.09

Sheet Sheet1
A2: Date | B2: Estate Common | D2: R001 | F2: R002 | H2: R003 | J2: R005 | L2: R006 | N2: R007 | P2: R008 | R2: R009 | T2: R010
B3: Reading | C3: Used | D3: Reading | E3: Used | F3: Reading | G3: Used | H3: Reading | I3: Used | J3: Reading | K3: Used | L3: Reading | M3: Used | N3: Reading | O3: Used | P3: Reading | Q3: Used | R3: Reading | S3: Used | T3: Reading | U3: Used
B4: 2455.97 | D4: 7684.32 | F4: 4600.6 | H4: 8647.25 | J4: 7519.58 | L4: 5926.73 | N4: 4822.66 | P4: 4524.6 | R4: 5984.78 | T4: 3524.19
A5: 1 | B5: 2461.63 | C5: =(B5-B4)*20 -> 113.2 | D5: 7688.94 | E5: =(D5-D4)*20 -> 92.4 | F5: 4602.43 | G5: =(F5-F4)*20 -> 36.6 | H5: 8653.15 | I5: =(H5-H4)*20 -> 118 | J5: 7524.79 | K5: =(J5-J4)*20 -> 104.2 | L5: 5932.19 | M5: =(L5-L4)*20 -> 109.2 | N5: 4828.86 | O5: =(N5-N4)*20 -> 124 | P5: 4538.59 | Q5: =(P5-P4)*20 -> 279.8 | R5: 5992.87 | S5: =(R5-R4)*20 -> 161.8 | T5: 3527.68 | U5: =(T5-T4)*20 -> 69.8 | V5: =C5+E5+G5+I5+K5+M5+O5+Q5+S5+U5 -> 1209 | W5: =V5*1444.7 -> 1746642.3
A6: 2 | B6: 2466.66 | C6: =(B6-B5)*20 -> 100.6 | D6: 7692.51 | E6: =(D6-D5)*20 -> 71.4 | F6: 4603.48 | G6: =(F6-F5)*20 -> 21 | H6: 8656.77 | I6: =(H6-H5)*20 -> 72.4 | J6: 7530.84 | K6: =(J6-J5)*20 -> 121 | L6: 5938.34 | M6: =(L6-L5)*20 -> 123 | N6: 4850.41 | O6: =(N6-N5)*20 -> 431 | P6: 4553.99 | Q6: =(P6-P5)*20 -> 308 | R6: 6002.91 | S6: =(R6-R5)*20 -> 200.8 | T6: 3532.27 | U6: =(T6-T5)*20 -> 91.8 | V6: =C6+E6+G6+I6+K6+M6+O6+Q6+S6+U6 -> 1541 | W6: =V6*1444.7 -> 2226282.7
A7: 3 | B7: 2471.77 | C7: =(B7-B6)*20 -> 102.2 | D7: 7698.04 | E7: =(D7-D6)*20 -> 110.6 | F7: 4604.3 | G7: =(F7-F6)*20 -> 16.4 | H7: 8659.85 | I7: =(H7-H6)*20 -> 61.6 | J7: 7554.37 | K7: =(J7-J6)*20 -> 470.6 | L7: 5944.17 | M7: =(L7-L6)*20 -> 116.6 | N7: 4869.96 | O7: =(N7-N6)*20 -> 391 | P7: 4568.8 | Q7: =(P7-P6)*20 -> 296.2 | R7: 6013.4 | S7: =(R7-R6)*20 -> 209.8 | T7: 3535.21 | U7: =(T7-T6)*20 -> 58.8 | V7: =C7+E7+G7+I7+K7+M7+O7+Q7+S7+U7 -> 1833.8 | W7: =V7*1444.7 -> 2649290.9
A8: 4 | B8: 2477.68 | C8: =(B8-B7)*20 -> 118.2 | D8: 7701.52 | E8: =(D8-D7)*20 -> 69.6 | F8: 4605.13 | G8: =(F8-F7)*20 -> 16.6 | H8: 8667.19 | I8: =(H8-H7)*20 -> 146.8 | J8: 7574.76 | K8: =(J8-J7)*20 -> 407.8 | L8: 5951.73 | M8: =(L8-L7)*20 -> 151.2 | N8: 4890.43 | O8: =(N8-N7)*20 -> 409.4 | P8: 4584.75 | Q8: =(P8-P7)*20 -> 319 | R8: 6023.67 | S8: =(R8-R7)*20 -> 205.4 | T8: 3539.09 | U8: =(T8-T7)*20 -> 77.6 | V8: =C8+E8+G8+I8+K8+M8+O8+Q8+S8+U8 -> 1921.6 | W8: =V8*1444.7 -> 2776135.5
A9: 5 | B9: 2483.75 | C9: =(B9-B8)*20 -> 121.4 | D9: 7705.11 | E9: =(D9-D8)*20 -> 71.8 | F9: 4605.94 | G9: =(F9-F8)*20 -> 16.2 | H9: 8674.67 | I9: =(H9-H8)*20 -> 149.6 | J9: 7595.54 | K9: =(J9-J8)*20 -> 415.6 | L9: 5960.46 | M9: =(L9-L8)*20 -> 174.6 | N9: 4910.16 | O9: =(N9-N8)*20 -> 394.6 | P9: 4595.94 | Q9: =(P9-P8)*20 -> 223.8 | R9: 6034.43 | S9: =(R9-R8)*20 -> 215.2 | T9: 3543.66 | U9: =(T9-T8)*20 -> 91.4 | V9: =C9+E9+G9+I9+K9+M9+O9+Q9+S9+U9 -> 1874.2 | W9: =V9*1444.7 -> 2707656.7
A10: 6 | B10: 2490.02 | C10: =(B10-B9)*20 -> 125.4 | D10: 7708.59 | E10: =(D10-D9)*20 -> 69.6 | F10: 4606.76 | G10: =(F10-F9)*20 -> 16.4 | H10: 8679.17 | I10: =(H10-H9)*20 -> 90 | J10: 7605.31 | K10: =(J10-J9)*20 -> 195.4 | L10: 5980.78 | M10: =(L10-L9)*20 -> 406.4 | N10: 4927.4 | O10: =(N10-N9)*20 -> 344.8 | P10: 4602.05 | Q10: =(P10-P9)*20 -> 122.2 | R10: 6044.25 | S10: =(R10-R9)*20 -> 196.4 | T10: 3547.43 | U10: =(T10-T9)*20 -> 75.4 | V10: =C10+E10+G10+I10+K10+M10+O10+Q10+S10+U10 -> 1642 | W10: =V10*1444.7 -> 2372197.4
A11: 7 | B11: 2495.57 | C11: =(B11-B10)*20 -> 111 | D11: 7711.99 | E11: =(D11-D10)*20 -> 68 | F11: 4607.58 | G11: =(F11-F10)*20 -> 16.4 | H11: 8704.6 | I11: =(H11-H10)*20 -> 508.6 | J11: 7624.25 | K11: =(J11-J10)*20 -> 378.8 | L11: 6000.58 | M11: =(L11-L10)*20 -> 396 | N11: 4934.7 | O11: =(N11-N10)*20 -> 146 | P11: 4608.67 | Q11: =(P11-P10)*20 -> 132.4 | R11: 6053.72 | S11: =(R11-R10)*20 -> 189.4 | T11: 3551.08 | U11: =(T11-T10)*20 -> 73 | V11: =C11+E11+G11+I11+K11+M11+O11+Q11+S11+U11 -> 2019.6 | W11: =V11*1444.7 -> 2917716.1
A12: 8 | B12: 2501.65 | C12: =(B12-B11)*20 -> 121.6 | D12: 7717.08 | E12: =(D12-D11)*20 -> 101.8 | F12: 4608.37 | G12: =(F12-F11)*20 -> 15.8 | H12: 8726.06 | I12: =(H12-H11)*20 -> 429.2 | J12: 7628.9 | K12: =(J12-J11)*20 -> 93 | L12: 6022.02 | M12: =(L12-L11)*20 -> 428.8 | N12: 4938.73 | O12: =(N12-N11)*20 -> 80.6 | P12: 4619.67 | Q12: =(P12-P11)*20 -> 220 | R12: 6063.76 | S12: =(R12-R11)*20 -> 200.8 | T12: 3586.83 | U12: =(T12-T11)*20 -> 715 | V12: =C12+E12+G12+I12+K12+M12+O12+Q12+S12+U12 -> 2406.6 | W12: =V12*1444.7 -> 3476815
A13: 9 | B13: 2507.73 | C13: =(B13-B12)*20 -> 121.6 | D13: 7724.2 | E13: =(D13-D12)*20 -> 142.4 | F13: 4609.22 | G13: =(F13-F12)*20 -> 17 | H13: 8748.8 | I13: =(H13-H12)*20 -> 454.8 | J13: 7632.58 | K13: =(J13-J12)*20 -> 73.6 | L13: 6036.2 | M13: =(L13-L12)*20 -> 283.6 | N13: 4942.84 | O13: =(N13-N12)*20 -> 82.2 | P13: 4625.22 | Q13: =(P13-P12)*20 -> 111 | R13: 6074.95 | S13: =(R13-R12)*20 -> 223.8 | T13: 3562.78 | U13: =(T13-T12)*20 -> -481 | V13: =C13+E13+G13+I13+K13+M13+O13+Q13+S13+U13 -> 1029 | W13: =V13*1444.7 -> 1486596.3
A14: 10 | B14: 2513.94 | C14: =(B14-B13)*20 -> 124.2 | D14: 7745.03 | E14: =(D14-D13)*20 -> 416.6 | F14: 4610 | G14: =(F14-F13)*20 -> 15.6 | H14: 8771.58 | I14: =(H14-H13)*20 -> 455.6 | J14: 7635.99 | K14: =(J14-J13)*20 -> 68.2 | L14: 6042.45 | M14: =(L14-L13)*20 -> 125 | N14: 4949.8 | O14: =(N14-N13)*20 -> 139.2 | P14: 4635.75 | Q14: =(P14-P13)*20 -> 210.6 | R14: 6086.97 | S14: =(R14-R13)*20 -> 240.4 | T14: 3568.36 | U14: =(T14-T13)*20 -> 111.6 | V14: =C14+E14+G14+I14+K14+M14+O14+Q14+S14+U14 -> 1907 | W14: =V14*1444.7 -> 2755042.9
A15: 11 | B15: 2519.78 | C15: =(B15-B14)*20 -> 116.8 | D15: 7761.79 | E15: =(D15-D14)*20 -> 335.2 | F15: 4610.79 | G15: =(F15-F14)*20 -> 15.8 | H15: 8780.08 | I15: =(H15-H14)*20 -> 170 | J15: 7643.73 | K15: =(J15-J14)*20 -> 154.8 | L15: 6053.33 | M15: =(L15-L14)*20 -> 217.6 | N15: 4955.67 | O15: =(N15-N14)*20 -> 117.4 | P15: 4644.21 | Q15: =(P15-P14)*20 -> 169.2 | R15: 6097.31 | S15: =(R15-R14)*20 -> 206.8 | T15: 3573.09 | U15: =(T15-T14)*20 -> 94.6 | V15: =C15+E15+G15+I15+K15+M15+O15+Q15+S15+U15 -> 1598.2 | W15: =V15*1444.7 -> 2308919.5
A16: 12 | B16: 2524.83 | C16: =(B16-B15)*20 -> 101 | D16: 7778.77 | E16: =(D16-D15)*20 -> 339.6 | F16: 4611.55 | G16: =(F16-F15)*20 -> 15.2 | H16: 8786.76 | I16: =(H16-H15)*20 -> 133.6 | J16: 7647.84 | K16: =(J16-J15)*20 -> 82.2 | L16: 6059.94 | M16: =(L16-L15)*20 -> 132.2 | N16: 4961.36 | O16: =(N16-N15)*20 -> 113.8 | P16: 4651.1 | Q16: =(P16-P15)*20 -> 137.8 | R16: 6107.73 | S16: =(R16-R15)*20 -> 208.4 | T16: 3577.55 | U16: =(T16-T15)*20 -> 89.2 | V16: =C16+E16+G16+I16+K16+M16+O16+Q16+S16+U16 -> 1353 | W16: =V16*1444.7 -> 1954679.1
... A35: 31 | B35: 2621.32 | C35: =(B35-B34)*20 -> 106.2 | D35: 8084.26 | E35: =(D35-D34)*20 -> 450.8 | F35: 4626.87 | G35: =(F35-F34)*20 -> 15.4 | H35: 9201.24 | I35: =(H35-H34)*20 -> 497.8 | J35: 8043.92 | K35: =(J35-J34)*20 -> 458.8 | L35: 6460.52 | M35: =(L35-L34)*20 -> 372.4 | N35: 5219.83 | O35: =(N35-N34)*20 -> 309.2 | P35: 4880.38 | Q35: =(P35-P34)*20 -> 282 | R35: 6322.08 | S35: =(R35-R34)*20 -> 214.8 | T35: 3655.53 | U35: =(T35-T34)*20 -> 64.4 | V35: =C35+E35+G35+I35+K35+M35+O35+Q35+S35+U35 -> 2771.8 | W35: =V35*1444.7 -> 4004419.5
C36: =SUM(C5:C35) -> 3307 | E36: =SUM(E5:E35) -> 7998.8 | G36: =SUM(G5:G35) -> 525.4 | I36: =SUM(I5:I35) -> 11079.8 | K36: =SUM(K5:K35) -> 10486.8 | M36: =SUM(M5:M35) -> 10675.8 | O36: =SUM(O5:O35) -> 7943.4 | Q36: =SUM(Q5:Q35) -> 7115.6 | S36: =SUM(S5:S35) -> 6746 | U36: =SUM(U5:U35) -> 2626.8 | V36: =SUM(V5:V35) -> 68505.4

Sheet RNs & Covers December 2021
A1: Four Seasons Resort Bali at Jimbaran Bay
A2: 44531
A3: Date | B3: Room Nights | C3: Food Covers
A6: 1 | B6: 15 | C6: 97
A7: 2 | B7: 18 | C7: 135
A8: =A7+1 -> 3 | B8: 14 | C8: 162
A9: =A8+1 -> 4 | B9: 9 | C9: 119
A10: =A9+1 -> 5 | B10: 4 | C10: 136
A11: =A10+1 -> 6 | B11: 12 | C11: 53
A12: =A11+1 -> 7 | B12: 10 | C12: 79
A13: =A12+1 -> 8 | B13: 12 | C13: 77
A14: =A13+1 -> 9 | B14: 13 | C14: 101
A15: =A14+1 -> 10 | B15: 17 | C15: 145
A16: =A15+1 -> 11 | B16: 22 | C16: 365
A17: =A16+1 -> 12 | B17: 26 | C17: 194
A18: =A17+1 -> 13 | B18: 30 | C18: 189
A19: =A18+1 -> 14 | B19: 21 | C19: 194
... A36: =A35+1 -> 31 | B36: 38 | C36: 197
B37: =SUM(B6:B36) -> 663 | C37: =SUM(C6:C36) -> 5495

Sheet Residence Electricity Dec 2021
C8: Office & Pantry | D8: Unit (KWh) - bill Estate Common | E8: 3310
D9: Charge | E9: 5021055
C10: Residence 001 | D10: Unit (KWh) - bill Estate 1 | E10: 8074
D11: Charge | E11: 13414184
C12: Residence 002 | D12: Unit (KWh) - bill Estate 2 | E12: 522
D13: Charge | E13: 3522178
C14: Residence 003 | D14: Unit (KWh) - bill Estate 3 | E14: 11167
D15: Charge | E15: 18552910
C16: Residence 005 | D16: Unit (KWh) - bill Estate 4 | E16: 10539
D17: Charge | E17: 17509547
C18: Residence 006 | D18: Unit (KWh)-bill Estate 5 | E18: 10735
D19: Charge | E19: 17835184
C20: Residence 007 | D20: Unit (KWh)-bill Estate 6 | E20: 7993
D21: Charge | E21: 13279610
C22: Residence 008 | D22: Unit (KWh)-bill Estate 7 | E22: 7108
D23: Charge | E23: 11809267
C24: Residence 009 | D24: Unit (KWh)-bill Estate 8 | E24: 6755
D25: Charge | E25: 11222791
C26: Residence 010 | D26: Unit (KWh)-billa Estate 9 | E26: 2627
D27: Charge | E27: 4364511
C28: Total KWH | E28: =+E8+E10+E12+E14+E16+E18+E20+E22+E24+E26 -> 68830
C29: Total Charge Residence | E29: =+E9+E11+E13+E15+E17+E19+E21+E23+E25+E27 -> 116531237
