Workbook

Sheet TOTAL
A1: Site Name | B1: Day | C1: Month | D1: Year | E1: Total Electricity Kwh | F1: Electricity Tariff ($/Kwh) | G1: Total Fuel Oil (Liter) | H1: Fuel Oil $/Liter | I1: Water Utility Supply (m3) m3 | J1: Water Utility Supply (m3) $/m3 | K1: Room Nights | L1: Food Covers
A2: Langkawi | B2: 1 | C2: 11 | D2: 2021 | E2: ='B16'!I4+'B16 ext'!I4+'B17'!I4 -> 19790 | F2: =('B16'!J4+'B16 ext'!J4+'B17'!J4)/TOTAL!E2 -> 0.24859192 | G2: ='Diesel Reading Nov'!H4 -> 346.5 | H2: ='Diesel Reading Nov'!I4/'Diesel Reading Nov'!H4 -> 2.84 | I2: ='Water Reading'!H4 -> 1150 | J2: ='Water Reading'!I4/'Water Reading'!H4 -> 1.35 | K2: =Sheet1!F8 -> 46 | L2: =Sheet1!G8 -> 214
A3: Langkawi | B3: =B2+1 -> 2 | C3: 11 | D3: 2021 | E3: ='B16'!I5+'B16 ext'!I5+'B17'!I5 -> 18520 | F3: =('B16'!J5+'B16 ext'!J5+'B17'!J5)/TOTAL!E3 -> 0.24870049 | G3: ='Diesel Reading Nov'!H5 -> 256 | H3: ='Diesel Reading Nov'!I5/'Diesel Reading Nov'!H5 -> 2.84 | I3: ='Water Reading'!H5 -> 1096 | J3: ='Water Reading'!I5/'Water Reading'!H5 -> 1.35 | K3: =Sheet1!F9 -> 50 | L3: =Sheet1!G9 -> 272
A4: Langkawi | B4: =B3+1 -> 3 | C4: 11 | D4: 2021 | E4: ='B16'!I6+'B16 ext'!I6+'B17'!I6 -> 20934 | F4: =('B16'!J6+'B16 ext'!J6+'B17'!J6)/TOTAL!E4 -> 0.24929794 | G4: ='Diesel Reading Nov'!H6 -> 371.3 | H4: ='Diesel Reading Nov'!I6/'Diesel Reading Nov'!H6 -> 2.84 | I4: ='Water Reading'!H6 -> 1155 | J4: ='Water Reading'!I6/'Water Reading'!H6 -> 1.35 | K4: =Sheet1!F10 -> 51 | L4: =Sheet1!G10 -> 279
A5: Langkawi | B5: =B4+1 -> 4 | C5: 11 | D5: 2021 | E5: ='B16'!I7+'B16 ext'!I7+'B17'!I7 -> 20917 | F5: =('B16'!J7+'B16 ext'!J7+'B17'!J7)/TOTAL!E5 -> 0.24704298 | G5: ='Diesel Reading Nov'!H7 -> 385.4 | H5: ='Diesel Reading Nov'!I7/'Diesel Reading Nov'!H7 -> 2.84 | I5: ='Water Reading'!H7 -> 1216 | J5: ='Water Reading'!I7/'Water Reading'!H7 -> 1.35 | K5: =Sheet1!F11 -> 68 | L5: =Sheet1!G11 -> 355
A6: Langkawi | B6: =B5+1 -> 5 | C6: 11 | D6: 2021 | E6: ='B16'!I8+'B16 ext'!I8+'B17'!I8 -> 20834 | F6: =('B16'!J8+'B16 ext'!J8+'B17'!J8)/TOTAL!E6 -> 0.24853144 | G6: ='Diesel Reading Nov'!H8 -> 356.2 | H6: ='Diesel Reading Nov'!I8/'Diesel Reading Nov'!H8 -> 2.84 | I6: ='Water Reading'!H8 -> 1187 | J6: ='Water Reading'!I8/'Water Reading'!H8 -> 1.35 | K6: =Sheet1!F12 -> 70 | L6: =Sheet1!G12 -> 340
A7: Langkawi | B7: =B6+1 -> 6 | C7: 11 | D7: 2021 | E7: ='B16'!I9+'B16 ext'!I9+'B17'!I9 -> 20214 | F7: =('B16'!J9+'B16 ext'!J9+'B17'!J9)/TOTAL!E7 -> 0.24846854 | G7: ='Diesel Reading Nov'!H9 -> 352.8 | H7: ='Diesel Reading Nov'!I9/'Diesel Reading Nov'!H9 -> 2.84 | I7: ='Water Reading'!H9 -> 1099 | J7: ='Water Reading'!I9/'Water Reading'!H9 -> 1.35 | K7: =Sheet1!F13 -> 54 | L7: =Sheet1!G13 -> 283
A8: Langkawi | B8: =B7+1 -> 7 | C8: 11 | D8: 2021 | E8: ='B16'!I10+'B16 ext'!I10+'B17'!I10 -> 20076 | F8: =('B16'!J10+'B16 ext'!J10+'B17'!J10)/TOTAL!E8 -> 0.24889345 | G8: ='Diesel Reading Nov'!H10 -> 437 | H8: ='Diesel Reading Nov'!I10/'Diesel Reading Nov'!H10 -> 2.84 | I8: ='Water Reading'!H10 -> 1051 | J8: ='Water Reading'!I10/'Water Reading'!H10 -> 1.35 | K8: =Sheet1!F14 -> 34 | L8: =Sheet1!G14 -> 194
A9: Langkawi | B9: =B8+1 -> 8 | C9: 11 | D9: 2021 | E9: ='B16'!I11+'B16 ext'!I11+'B17'!I11 -> 18621 | F9: =('B16'!J11+'B16 ext'!J11+'B17'!J11)/TOTAL!E9 -> 0.2505112 | G9: ='Diesel Reading Nov'!H11 -> 268.2 | H9: ='Diesel Reading Nov'!I11/'Diesel Reading Nov'!H11 -> 2.84 | I9: ='Water Reading'!H11 -> 1033 | J9: ='Water Reading'!I11/'Water Reading'!H11 -> 1.35 | K9: =Sheet1!F15 -> 29 | L9: =Sheet1!G15 -> 134
A10: Langkawi | B10: =B9+1 -> 9 | C10: 11 | D10: 2021 | E10: ='B16'!I12+'B16 ext'!I12+'B17'!I12 -> 18022 | F10: =('B16'!J12+'B16 ext'!J12+'B17'!J12)/TOTAL!E10 -> 0.24720186 | G10: ='Diesel Reading Nov'!H12 -> 278.6 | H10: ='Diesel Reading Nov'!I12/'Diesel Reading Nov'!H12 -> 2.84 | I10: ='Water Reading'!H12 -> 1080 | J10: ='Water Reading'!I12/'Water Reading'!H12 -> 1.35 | K10: =Sheet1!F16 -> 21 | L10: =Sheet1!G16 -> 130
A11: Langkawi | B11: =B10+1 -> 10 | C11: 11 | D11: 2021 | E11: ='B16'!I13+'B16 ext'!I13+'B17'!I13 -> 18137 | F11: =('B16'!J13+'B16 ext'!J13+'B17'!J13)/TOTAL!E11 -> 0.2466833 | G11: ='Diesel Reading Nov'!H13 -> 313.3 | H11: ='Diesel Reading Nov'!I13/'Diesel Reading Nov'!H13 -> 2.84 | I11: ='Water Reading'!H13 -> 1111 | J11: ='Water Reading'!I13/'Water Reading'!H13 -> 1.35 | K11: =Sheet1!F17 -> 21 | L11: =Sheet1!G17 -> 111
A12: Langkawi | B12: =B11+1 -> 11 | C12: 11 | D12: 2021 | E12: ='B16'!I14+'B16 ext'!I14+'B17'!I14 -> 17030 | F12: =('B16'!J14+'B16 ext'!J14+'B17'!J14)/TOTAL!E12 -> 0.24791486 | G12: ='Diesel Reading Nov'!H14 -> 360.2 | H12: ='Diesel Reading Nov'!I14/'Diesel Reading Nov'!H14 -> 2.84 | I12: ='Water Reading'!H14 -> 1021 | J12: ='Water Reading'!I14/'Water Reading'!H14 -> 1.35 | K12: =Sheet1!F18 -> 35 | L12: =Sheet1!G18 -> 151
A13: Langkawi | B13: =B12+1 -> 12 | C13: 11 | D13: 2021 | E13: ='B16'!I15+'B16 ext'!I15+'B17'!I15 -> 16980 | F13: =('B16'!J15+'B16 ext'!J15+'B17'!J15)/TOTAL!E13 -> 0.24775106 | G13: ='Diesel Reading Nov'!H15 -> 347.4 | H13: ='Diesel Reading Nov'!I15/'Diesel Reading Nov'!H15 -> 2.84 | I13: ='Water Reading'!H15 -> 1095 | J13: ='Water Reading'!I15/'Water Reading'!H15 -> 1.35 | K13: =Sheet1!F19 -> 40 | L13: =Sheet1!G19 -> 195
A14: Langkawi | B14: =B13+1 -> 13 | C14: 11 | D14: 2021 | E14: ='B16'!I16+'B16 ext'!I16+'B17'!I16 -> 17829 | F14: =('B16'!J16+'B16 ext'!J16+'B17'!J16)/TOTAL!E14 -> 0.24755713 | G14: ='Diesel Reading Nov'!H16 -> 367.9 | H14: ='Diesel Reading Nov'!I16/'Diesel Reading Nov'!H16 -> 2.84 | I14: ='Water Reading'!H16 -> 1111 | J14: ='Water Reading'!I16/'Water Reading'!H16 -> 1.35 | K14: =Sheet1!F20 -> 39 | L14: =Sheet1!G20 -> 201
... A31: Langkawi | B31: =B30+1 -> 30 | C31: 11 | D31: 2021 | E31: ='B16'!I33+'B16 ext'!I33+'B17'!I33 -> 0 | F31: =('B16'!J33+'B16 ext'!J33+'B17'!J33)/TOTAL!E31 -> #DIV/0! | G31: ='Diesel Reading Nov'!H33 -> 345 | H31: ='Diesel Reading Nov'!I33/'Diesel Reading Nov'!H33 -> 2.84 | I31: ='Water Reading'!H33 -> 0 | J31: ='Water Reading'!I33/'Water Reading'!H33 -> #DIV/0! | K31: =Sheet1!F37 -> 22 | L31: =Sheet1!G37 -> 105
A32: Langkawi | C32: 10 | E32: ='B16'!I34+'B16 ext'!I34+'B17'!I34 -> 0 | F32: =('B16'!J34+'B16 ext'!J34+'B17'!J34)/TOTAL!E32 -> #DIV/0! | H32: ='Diesel Reading Nov'!I34/'Diesel Reading Nov'!H34 -> 2.84 | I32: ='Water Reading'!H34 -> 0 | J32: ='Water Reading'!I34/'Water Reading'!H34 -> #DIV/0! | K32: =Sheet1!F38 -> 0 | L32: =Sheet1!G38 -> 0

Sheet Sheet1
A1: FS Resort Langkawi | B1: Category | C1: Class | E1: Actual | F1: Base Currency
F2: Final | G2: Final
F3: Year: 2021 | G3: Year: 2021
F4: Month: November | G4: Month: November
F5: Total Room Nights | G5: Customers
F6: Rooms | G6: Total Food & Beverage
F7: Total Occupied | G7: Total Detail
D8: 01 | F8: 46 | G8: 214
D9: 02 | F9: 50 | G9: 272
D10: 03 | F10: 51 | G10: 279
D11: 04 | F11: 68 | G11: 355
D12: 05 | F12: 70 | G12: 340
D13: 06 | F13: 54 | G13: 283
D14: 07 | F14: 34 | G14: 194
D15: 08 | F15: 29 | G15: 134
D16: 09 | F16: 21 | G16: 130
D17: 10 | F17: 21 | G17: 111
D18: 11 | F18: 35 | G18: 151
D19: 12 | F19: 40 | G19: 195
... D38: 31 | F38: 0 | G38: 0
D40: .From 1-31 | F40: =SUM(F8:F38) -> 1295 | G40: =SUM(G8:G38) -> 6204

Sheet B16
A1: Daily Electricity Consumption | D1: November
B2: Meter Reading (kWh) | C2: Consumption (kWh) | D2: Meter Reading (kWh) | E2: Consumption (kWh) | F2: MD (kW) | G2: Occupancy | H2: Weather | I2: Total Consumption | J2: Cost
B3: (Peak) | C3: (Peak) | D3: (Off Peak) | E3: (Off Peak) | F3: (Peak) | G3: % | I3: Daily (KWh) | J3: Daily (RM)
A4: 44501 | B4: 1482 | C4: =IF(B5-B4 < 0,0,B5-B4) -> 6232 | D4: 3138 | E4: =IF(D5-D4 < 0,0,D5-D4) -> 3499 | F4: 465 | G4: 0.5 | I4: =+E4+C4 -> 9731 | J4: =(C4*0.288)+(E4*0.177) -> 2414.139
A5: 44502 | B5: 7714 | C5: =IF(B6-B5 < 0,0,B6-B5) -> 5308 | D5: 6637 | E5: =IF(D6-D5 < 0,0,D6-D5) -> 3139 | F5: 505 | G5: 0.54 | I5: =+E5+C5 -> 8447 | J5: =(C5*0.288)+(E5*0.177) -> 2084.307
A6: 44503 | B6: 13022 | C6: =IF(B7-B6 < 0,0,B7-B6) -> 6987 | D6: 9776 | E6: =IF(D7-D6 < 0,0,D7-D6) -> 3582 | F6: 517 | G6: 0.55 | H6: FAIR | I6: =+E6+C6 -> 10569 | J6: =(C6*0.288)+(E6*0.177) -> 2646.27
A7: 44504 | B7: 20009 | C7: =IF(B8-B7 < 0,0,B8-B7) -> 6195 | D7: 13358 | E7: =IF(D8-D7 < 0,0,D8-D7) -> 3767 | F7: 517 | G7: 0.74 | H7: FAIR | I7: =+E7+C7 -> 9962 | J7: =(C7*0.288)+(E7*0.177) -> 2450.919
A8: 44505 | B8: 26204 | C8: =IF(B9-B8 < 0,0,B9-B8) -> 6033 | D8: 17125 | E8: =IF(D9-D8 < 0,0,D9-D8) -> 3480 | F8: 522 | G8: 0.77 | I8: =+E8+C8 -> 9513 | J8: =(C8*0.288)+(E8*0.177) -> 2353.464
A9: 44506 | B9: 32237 | C9: =IF(B10-B9 < 0,0,B10-B9) -> 5896 | D9: 20605 | E9: =IF(D10-D9 < 0,0,D10-D9) -> 3436 | F9: 522 | G9: 0.58 | I9: =+E9+C9 -> 9332 | J9: =(C9*0.288)+(E9*0.177) -> 2306.22
A10: 44507 | B10: 38133 | C10: =IF(B11-B10 < 0,0,B11-B10) -> 6460 | D10: 24041 | E10: =IF(D11-D10 < 0,0,D11-D10) -> 3659 | F10: 522 | G10: 0.29 | I10: =+E10+C10 -> 10119 | J10: =(C10*0.288)+(E10*0.177) -> 2508.123
A11: 44508 | B11: 44593 | C11: =IF(B12-B11 < 0,0,B12-B11) -> 6127 | D11: 27700 | E11: =IF(D12-D11 < 0,0,D12-D11) -> 3248 | F11: 522 | G11: 0.3 | I11: =+E11+C11 -> 9375 | J11: =(C11*0.288)+(E11*0.177) -> 2339.472
A12: 44509 | B12: 50720 | C12: =IF(B13-B12 < 0,0,B13-B12) -> 5898 | D12: 30948 | E12: =IF(D13-D12 < 0,0,D13-D12) -> 3377 | F12: 522 | G12: 0.26 | I12: =+E12+C12 -> 9275 | J12: =(C12*0.288)+(E12*0.177) -> 2296.353
A13: 44510 | B13: 56618 | C13: =IF(B14-B13 < 0,0,B14-B13) -> 5801 | D13: 34325 | E13: =IF(D14-D13 < 0,0,D14-D13) -> 3412 | F13: 522 | G13: 0.41 | I13: =+E13+C13 -> 9213 | J13: =(C13*0.288)+(E13*0.177) -> 2274.612
A14: 44511 | B14: 62419 | C14: =IF(B15-B14 < 0,0,B15-B14) -> 5508 | D14: 37737 | E14: =IF(D15-D14 < 0,0,D15-D14) -> 3195 | F14: 522 | G14: 0.35 | I14: =+E14+C14 -> 8703 | J14: =(C14*0.288)+(E14*0.177) -> 2151.819
A15: 44512 | B15: 67927 | C15: =IF(B16-B15 < 0,0,B16-B15) -> 5515 | D15: 40932 | E15: =IF(D16-D15 < 0,0,D16-D15) -> 3219 | F15: 522 | G15: 0.28 | I15: =+E15+C15 -> 8734 | J15: =(C15*0.288)+(E15*0.177) -> 2158.083
A16: 44513 | B16: 73442 | C16: =IF(B17-B16 < 0,0,B17-B16) -> 5919 | D16: 44151 | E16: =IF(D17-D16 < 0,0,D17-D16) -> 3545 | F16: 522 | G16: 0.18 | I16: =+E16+C16 -> 9464 | J16: =(C16*0.288)+(E16*0.177) -> 2332.137
A17: 44514 | B17: 79361 | C17: =IF(B18-B17 < 0,0,B18-B17) -> 6304 | D17: 47696 | E17: =IF(D18-D17 < 0,0,D18-D17) -> 3485 | F17: 522 | G17: 0.38 | I17: =+E17+C17 -> 9789 | J17: =(C17*0.288)+(E17*0.177) -> 2432.397
A18: 44515 | B18: 85665 | C18: =IF(B19-B18 < 0,0,B19-B18) -> 5839 | D18: 51181 | E18: =IF(D19-D18 < 0,0,D19-D18) -> 3356 | F18: 540 | G18: 0.34 | I18: =+E18+C18 -> 9195 | J18: =(C18*0.288)+(E18*0.177) -> 2275.644
A19: 44516 | B19: 91504 | C19: =IF(B20-B19 < 0,0,B20-B19) -> 5483 | D19: 54537 | E19: =IF(D20-D19 < 0,0,D20-D19) -> 2938 | F19: 540 | G19: 0.41 | I19: =+E19+C19 -> 8421 | J19: =(C19*0.288)+(E19*0.177) -> 2099.13
... A28: 44525 | B28: 141252 | C28: =IF(B29-B28 < 0,0,B29-B28) -> 7717 | D28: 83610 | E28: =IF(D29-D28 < 0,0,D29-D28) -> 3491 | F28: 522 | G28: 0.52 | I28: =+E28+C28 -> 11208 | J28: =(C28*0.288)+(E28*0.177) -> 2840.403
A29: 44526 | B29: 148969 | C29: =IF(B30-B29 < 0,0,B30-B29) -> 6254 | D29: 87101 | E29: =IF(D30-D29 < 0,0,D30-D29) -> 3302 | F29: 522 | I29: =+E29+C29 -> 9556 | J29: =(C29*0.288)+(E29*0.177) -> 2385.606
A30: 44527 | B30: 155223 | C30: =IF(B31-B30 < 0,0,B31-B30) -> 5128 | D30: 90403 | E30: =IF(D31-D30 < 0,0,D31-D30) -> 2980 | F30: 540 | I30: =+E30+C30 -> 8108 | J30: =(C30*0.288)+(E30*0.177) -> 2004.324
A31: 44528 | B31: 160351 | C31: =IF(B32-B31 < 0,0,B32-B31) -> 5234 | D31: 93383 | E31: =IF(D32-D31 < 0,0,D32-D31) -> 2828 | F31: 540 | I31: =+E31+C31 -> 8062 | J31: =(C31*0.288)+(E31*0.177) -> 2007.948
A32: 44529 | B32: 165585 | C32: =IF(B33-B32 < 0,0,B33-B32) -> 0 | D32: 96211 | E32: =IF(D33-D32 < 0,0,D33-D32) -> 0 | F32: 540 | I32: =+E32+C32 -> 0 | J32: =(C32*0.288)+(E32*0.177) -> 0
A33: 44530 | B33: 0 | C33: =IF(B34-B33 < 0,0,B34-B33) -> 0 | D33: 2202 | E33: =IF(D34-D33 < 0,0,D34-D33) -> 0 | F33: 0 | I33: =+E33+C33 -> 0 | J33: =(C33*0.288)+(E33*0.177) -> 0
C34: 0 | E34: 0 | I34: =+E34+C34 -> 0 | J34: =(C34*0.288)+(E34*0.177) -> 0
I35: =+E35+C35 -> 0 | J35: =(C35*0.288)+(E35*0.177) -> 0
A36: Total | C36: =SUM(C4:C34) -> 164103 | E36: =SUM(E4:E34) -> 93073 | F36: =MAX(F4:F34) -> 540 | I36: =+E36+C36 -> 257176 | J36: =(C36*0.288)+(E36*0.177) -> 63735.585
A37: =COUNT(A4:A34) -> 30 | C37: =COUNTIF(C4:C34,">0") -> 28
A39: PLEASE MAKE SURE TO KEY IN THE OCCUPANCY AND WEATHER FOR THE DAY!

Sheet B16 ext
A1: Daily Electricity Consumption | D1: November
B2: Meter Reading (kWh) | C2: Consumption (kWh) | D2: Meter Reading (kWh) | E2: Consumption (kWh) | F2: MD (kW) | G2: Occupancy | H2: Weather | I2: Total Consumption | J2: Cost
B3: (Peak) | C3: (Peak) | D3: (Off Peak) | E3: (Off Peak) | F3: (Peak) | G3: % | I3: Daily (KWh) | J3: Daily (RM)
A4: 44501 | B4: 2245 | C4: =IF(B5-B4 < 0,0,B5-B4) -> 2234 | D4: 1631 | E4: =IF(D5-D4 < 0,0,D5-D4) -> 950 | F4: 198 | G4: 0.5 | I4: =+E4+C4 -> 3184 | J4: =(C4*0.288)+(E4*0.177) -> 811.542
A5: 44502 | B5: 4479 | C5: =IF(B6-B5 < 0,0,B6-B5) -> 2246 | D5: 2581 | E5: =IF(D6-D5 < 0,0,D6-D5) -> 914 | F5: 198 | G5: 0.54 | I5: =+E5+C5 -> 3160 | J5: =(C5*0.288)+(E5*0.177) -> 808.626
A6: 44503 | B6: 6725 | C6: =IF(B7-B6 < 0,0,B7-B6) -> 2259 | D6: 3495 | E6: =IF(D7-D6 < 0,0,D7-D6) -> 910 | F6: 198 | G6: 0.55 | H6: FAIR | I6: =+E6+C6 -> 3169 | J6: =(C6*0.288)+(E6*0.177) -> 811.662
A7: 44504 | B7: 8984 | C7: =IF(B8-B7 < 0,0,B8-B7) -> 2206 | D7: 4405 | E7: =IF(D8-D7 < 0,0,D8-D7) -> 924 | F7: 198 | G7: 0.74 | H7: FAIR | I7: =+E7+C7 -> 3130 | J7: =(C7*0.288)+(E7*0.177) -> 798.876
A8: 44505 | B8: 11190 | C8: =IF(B9-B8 < 0,0,B9-B8) -> 2244 | D8: 5329 | E8: =IF(D9-D8 < 0,0,D9-D8) -> 892 | F8: 198 | G8: 0.77 | I8: =+E8+C8 -> 3136 | J8: =(C8*0.288)+(E8*0.177) -> 804.156
A9: 44506 | B9: 13434 | C9: =IF(B10-B9 < 0,0,B10-B9) -> 2201 | D9: 6221 | E9: =IF(D10-D9 < 0,0,D10-D9) -> 1018 | F9: 198 | G9: 0.58 | I9: =+E9+C9 -> 3219 | J9: =(C9*0.288)+(E9*0.177) -> 814.074
A10: 44507 | B10: 15635 | C10: =IF(B11-B10 < 0,0,B11-B10) -> 1885 | D10: 7239 | E10: =IF(D11-D10 < 0,0,D11-D10) -> 677 | F10: 198 | G10: 0.29 | I10: =+E10+C10 -> 2562 | J10: =(C10*0.288)+(E10*0.177) -> 662.709
A11: 44508 | B11: 17520 | C11: =IF(B12-B11 < 0,0,B12-B11) -> 1945 | D11: 7916 | E11: =IF(D12-D11 < 0,0,D12-D11) -> 666 | F11: 198 | G11: 0.3 | I11: =+E11+C11 -> 2611 | J11: =(C11*0.288)+(E11*0.177) -> 678.042
A12: 44509 | B12: 19465 | C12: =IF(B13-B12 < 0,0,B13-B12) -> 1741 | D12: 8582 | E12: =IF(D13-D12 < 0,0,D13-D12) -> 722 | F12: 198 | G12: 0.26 | I12: =+E12+C12 -> 2463 | J12: =(C12*0.288)+(E12*0.177) -> 629.202
A13: 44510 | B13: 21206 | C13: =IF(B14-B13 < 0,0,B14-B13) -> 1907 | D13: 9304 | E13: =IF(D14-D13 < 0,0,D14-D13) -> 853 | F13: 198 | G13: 0.41 | I13: =+E13+C13 -> 2760 | J13: =(C13*0.288)+(E13*0.177) -> 700.197
A14: 44511 | B14: 23113 | C14: =IF(B15-B14 < 0,0,B15-B14) -> 1985 | D14: 10157 | E14: =IF(D15-D14 < 0,0,D15-D14) -> 832 | F14: 198 | G14: 0.35 | I14: =+E14+C14 -> 2817 | J14: =(C14*0.288)+(E14*0.177) -> 718.944
A15: 44512 | B15: 25098 | C15: =IF(B16-B15 < 0,0,B16-B15) -> 2070 | D15: 10989 | E15: =IF(D16-D15 < 0,0,D16-D15) -> 922 | F15: 198 | G15: 0.28 | I15: =+E15+C15 -> 2992 | J15: =(C15*0.288)+(E15*0.177) -> 759.354
A16: 44513 | B16: 27168 | C16: =IF(B17-B16 < 0,0,B17-B16) -> 2206 | D16: 11911 | E16: =IF(D17-D16 < 0,0,D17-D16) -> 957 | F16: 198 | G16: 0.18 | I16: =+E16+C16 -> 3163 | J16: =(C16*0.288)+(E16*0.177) -> 804.717
A17: 44514 | B17: 29374 | C17: =IF(B18-B17 < 0,0,B18-B17) -> 2138 | D17: 12868 | E17: =IF(D18-D17 < 0,0,D18-D17) -> 970 | F17: 198 | G17: 0.38 | I17: =+E17+C17 -> 3108 | J17: =(C17*0.288)+(E17*0.177) -> 787.434
A18: 44515 | B18: 31512 | C18: =IF(B19-B18 < 0,0,B19-B18) -> 1969 | D18: 13838 | E18: =IF(D19-D18 < 0,0,D19-D18) -> 761 | F18: 198 | G18: 0.34 | I18: =+E18+C18 -> 2730 | J18: =(C18*0.288)+(E18*0.177) -> 701.769
A19: 44516 | B19: 33481 | C19: =IF(B20-B19 < 0,0,B20-B19) -> 2245 | D19: 14599 | E19: =IF(D20-D19 < 0,0,D20-D19) -> 889 | F19: 198 | G19: 0.41 | I19: =+E19+C19 -> 3134 | J19: =(C19*0.288)+(E19*0.177) -> 803.913
... A28: 44525 | B28: 52393 | C28: =IF(B29-B28 < 0,0,B29-B28) -> 2164 | D28: 21597 | E28: =IF(D29-D28 < 0,0,D29-D28) -> 941 | F28: 203 | G28: 0.52 | I28: =+E28+C28 -> 3105 | J28: =(C28*0.288)+(E28*0.177) -> 789.789
A29: 44526 | B29: 54557 | C29: =IF(B30-B29 < 0,0,B30-B29) -> 2288 | D29: 22538 | E29: =IF(D30-D29 < 0,0,D30-D29) -> 1011 | F29: 203 | I29: =+E29+C29 -> 3299 | J29: =(C29*0.288)+(E29*0.177) -> 837.891
A30: 44527 | B30: 56845 | C30: =IF(B31-B30 < 0,0,B31-B30) -> 2131 | D30: 23549 | E30: =IF(D31-D30 < 0,0,D31-D30) -> 987 | F30: 203 | I30: =+E30+C30 -> 3118 | J30: =(C30*0.288)+(E30*0.177) -> 788.427
A31: 44528 | B31: 58976 | C31: =IF(B32-B31 < 0,0,B32-B31) -> 2097 | D31: 24536 | E31: =IF(D32-D31 < 0,0,D32-D31) -> 942 | F31: 203 | I31: =+E31+C31 -> 3039 | J31: =(C31*0.288)+(E31*0.177) -> 770.67
A32: 44529 | B32: 61073 | C32: =IF(B33-B32 < 0,0,B33-B32) -> 0 | D32: 25478 | E32: =IF(D33-D32 < 0,0,D33-D32) -> 0 | F32: 203 | I32: =+E32+C32 -> 0 | J32: =(C32*0.288)+(E32*0.177) -> 0
A33: 44530 | B33: 0 | C33: =IF(B34-B33 < 0,0,B34-B33) -> 0 | D33: 774 | E33: =IF(D34-D33 < 0,0,D34-D33) -> 0 | F33: 0 | I33: =+E33+C33 -> 0 | J33: =(C33*0.288)+(E33*0.177) -> 0
C34: 0 | E34: 0 | I34: =+E34+C34 -> 0 | J34: =(C34*0.288)+(E34*0.177) -> 0
I35: =+E35+C35 -> 0 | J35: =(C35*0.288)+(E35*0.177) -> 0
C36: =SUM(C4:C35) -> 58828 | E36: =SUM(E4:E35) -> 23847 | F36: =MAX(F4:F34) -> 203 | I36: =+E36+C36 -> 82675 | J36: =(C36*0.288)+(E36*0.177) -> 21163.383
A37: =COUNT(A4:A34) -> 30 | H37: f
H38: Rain
A39: PLEASE MAKE SURE TO KEY IN THE OCCUPANCY AND WEATHER FOR THE DAY! | H39: Hot
H40: Cloudy

Sheet B17
A1: Daily Electricity Consumption | D1: November
B2: Meter Reading (kWh) | C2: Consumption (kWh) | D2: Meter Reading (kWh) | E2: Consumption (kWh) | F2: MD (kW) | G2: Occupancy | H2: Weather | I2: Total Consumption | J2: Cost
B3: (Peak) | C3: (Peak) | E3: (Off Peak) | F3: (Peak) | G3: % | I3: Daily (KWh) | J3: Daily (RM)
A4: 44501 | B4: 4458 | C4: =IF(B5-B4 < 0,0,B5-B4) -> 4298 | D4: 4200 | E4: =IF(D5-D4 < 0,0,D5-D4) -> 2577 | F4: 364 | G4: 0.5 | I4: =+E4+C4 -> 6875 | J4: =(C4*0.288)+(E4*0.177) -> 1693.953
A5: 44502 | B5: 8756 | C5: =IF(B6-B5 < 0,0,B6-B5) -> 4409 | D5: 6777 | E5: =IF(D6-D5 < 0,0,D6-D5) -> 2504 | F5: 383 | G5: 0.54 | I5: =+E5+C5 -> 6913 | J5: =(C5*0.288)+(E5*0.177) -> 1713
A6: 44503 | B6: 13165 | C6: =IF(B7-B6 < 0,0,B7-B6) -> 4389 | D6: 9281 | E6: =IF(D7-D6 < 0,0,D7-D6) -> 2807 | F6: 383 | G6: 0.55 | H6: FAIR | I6: =+E6+C6 -> 7196 | J6: =(C6*0.288)+(E6*0.177) -> 1760.871
A7: 44504 | B7: 17554 | C7: =IF(B8-B7 < 0,0,B8-B7) -> 4798 | D7: 12088 | E7: =IF(D8-D7 < 0,0,D8-D7) -> 3027 | F7: 383 | G7: 0.74 | H7: FAIR | I7: =+E7+C7 -> 7825 | J7: =(C7*0.288)+(E7*0.177) -> 1917.603
A8: 44505 | B8: 22352 | C8: =IF(B9-B8 < 0,0,B9-B8) -> 5149 | D8: 15115 | E8: =IF(D9-D8 < 0,0,D9-D8) -> 3036 | F8: 383 | G8: 0.77 | I8: =+E8+C8 -> 8185 | J8: =(C8*0.288)+(E8*0.177) -> 2020.284
A9: 44506 | B9: 27501 | C9: =IF(B10-B9 < 0,0,B10-B9) -> 4918 | D9: 18151 | E9: =IF(D10-D9 < 0,0,D10-D9) -> 2745 | F9: 423 | G9: 0.58 | I9: =+E9+C9 -> 7663 | J9: =(C9*0.288)+(E9*0.177) -> 1902.249
A10: 44507 | B10: 32419 | C10: =IF(B11-B10 < 0,0,B11-B10) -> 4658 | D10: 20896 | E10: =IF(D11-D10 < 0,0,D11-D10) -> 2737 | F10: 423 | G10: 0.29 | I10: =+E10+C10 -> 7395 | J10: =(C10*0.288)+(E10*0.177) -> 1825.953
A11: 44508 | B11: 37077 | C11: =IF(B12-B11 < 0,0,B12-B11) -> 4260 | D11: 23633 | E11: =IF(D12-D11 < 0,0,D12-D11) -> 2375 | F11: 423 | G11: 0.3 | I11: =+E11+C11 -> 6635 | J11: =(C11*0.288)+(E11*0.177) -> 1647.255
A12: 44509 | B12: 41337 | C12: =IF(B13-B12 < 0,0,B13-B12) -> 3759 | D12: 26008 | E12: =IF(D13-D12 < 0,0,D13-D12) -> 2525 | F12: 423 | G12: 0.26 | I12: =+E12+C12 -> 6284 | J12: =(C12*0.288)+(E12*0.177) -> 1529.517
A13: 44510 | B13: 45096 | C13: =IF(B14-B13 < 0,0,B14-B13) -> 3678 | D13: 28533 | E13: =IF(D14-D13 < 0,0,D14-D13) -> 2486 | F13: 423 | G13: 0.41 | I13: =+E13+C13 -> 6164 | J13: =(C13*0.288)+(E13*0.177) -> 1499.286
A14: 44511 | B14: 48774 | C14: =IF(B15-B14 < 0,0,B15-B14) -> 3387 | D14: 31019 | E14: =IF(D15-D14 < 0,0,D15-D14) -> 2123 | F14: 423 | G14: 0.35 | I14: =+E14+C14 -> 5510 | J14: =(C14*0.288)+(E14*0.177) -> 1351.227
A15: 44512 | B15: 52161 | C15: =IF(B16-B15 < 0,0,B16-B15) -> 3238 | D15: 33142 | E15: =IF(D16-D15 < 0,0,D16-D15) -> 2016 | F15: 423 | G15: 0.28 | I15: =+E15+C15 -> 5254 | J15: =(C15*0.288)+(E15*0.177) -> 1289.376
A16: 44513 | B16: 55399 | C16: =IF(B17-B16 < 0,0,B17-B16) -> 3208 | D16: 35158 | E16: =IF(D17-D16 < 0,0,D17-D16) -> 1994 | F16: 423 | G16: 0.18 | I16: =+E16+C16 -> 5202 | J16: =(C16*0.288)+(E16*0.177) -> 1276.842
A17: 44514 | B17: 58607 | C17: =IF(B18-B17 < 0,0,B18-B17) -> 3528 | D17: 37152 | E17: =IF(D18-D17 < 0,0,D18-D17) -> 2136 | F17: 423 | G17: 0.38 | I17: =+E17+C17 -> 5664 | J17: =(C17*0.288)+(E17*0.177) -> 1394.136
A18: 44515 | B18: 62135 | C18: =IF(B19-B18 < 0,0,B19-B18) -> 3709 | D18: 39288 | E18: =IF(D19-D18 < 0,0,D19-D18) -> 2296 | F18: 423 | G18: 0.34 | I18: =+E18+C18 -> 6005 | J18: =(C18*0.288)+(E18*0.177) -> 1474.584
A19: 44516 | B19: 65844 | C19: =IF(B20-B19 < 0,0,B20-B19) -> 3698 | D19: 41584 | E19: =IF(D20-D19 < 0,0,D20-D19) -> 2286 | F19: 423 | G19: 0.41 | I19: =+E19+C19 -> 5984 | J19: =(C19*0.288)+(E19*0.177) -> 1469.646
... A28: 44525 | B28: 100533 | C28: =IF(B29-B28 < 0,0,B29-B28) -> 3817 | D28: 62321 | E28: =IF(D29-D28 < 0,0,D29-D28) -> 3248 | F28: 423 | G28: 0.52 | I28: =+E28+C28 -> 7065 | J28: =(C28*0.288)+(E28*0.177) -> 1674.192
A29: 44526 | B29: 104350 | C29: =IF(B30-B29 < 0,0,B30-B29) -> 4017 | D29: 65569 | E29: =IF(D30-D29 < 0,0,D30-D29) -> 2434 | F29: 423 | I29: =+E29+C29 -> 6451 | J29: =(C29*0.288)+(E29*0.177) -> 1587.714
A30: 44527 | B30: 108367 | C30: =IF(B31-B30 < 0,0,B31-B30) -> 3339 | D30: 68003 | E30: =IF(D31-D30 < 0,0,D31-D30) -> 1975 | F30: 423 | I30: =+E30+C30 -> 5314 | J30: =(C30*0.288)+(E30*0.177) -> 1311.207
A31: 44528 | B31: 111706 | C31: =IF(B32-B31 < 0,0,B32-B31) -> 3269 | D31: 69978 | E31: =IF(D32-D31 < 0,0,D32-D31) -> 2125 | F31: 423 | I31: =+E31+C31 -> 5394 | J31: =(C31*0.288)+(E31*0.177) -> 1317.597
A32: 44529 | B32: 114975 | C32: =IF(B33-B32 < 0,0,B33-B32) -> 0 | D32: 72103 | E32: =IF(D33-D32 < 0,0,D33-D32) -> 0 | F32: 423 | I32: =+E32+C32 -> 0 | J32: =(C32*0.288)+(E32*0.177) -> 0
A33: 44530 | C33: =IF(B34-B33 < 0,0,B34-B33) -> 0 | E33: =IF(D34-D33 < 0,0,D34-D33) -> 0 | I33: =+E33+C33 -> 0 | J33: =(C33*0.288)+(E33*0.177) -> 0
C34: =IF(B35-B34 < 0,0,B35-B34) -> 0 | E34: =IF(D35-D34 < 0,0,D35-D34) -> 0 | I34: =+E34+C34 -> 0 | J34: =(C34*0.288)+(E34*0.177) -> 0
I35: =+E35+C35 -> 0 | J35: =(C35*0.288)+(E35*0.177) -> 0
C36: =SUM(C4:C35) -> 110517 | E36: =SUM(E4:E35) -> 67903 | F36: =MAX(F4:F34) -> 423 | I36: =+E36+C36 -> 178420 | J36: =(C36*0.288)+(E36*0.177) -> 43847.727
A37: =COUNT(A4:A34) -> 30
H38: Rain
A39: PLEASE MAKE SURE TO KEY IN THE OCCUPANCY AND WEATHER FOR THE DAY! | H39: Hot
H40: Cloudy

Sheet Water Reading
A1: Daily Water Consumption | D1: November
B2: Meter Reading (Main) | C2: Consumption | D2: Meter Reading Landscape | E2: Consumption | F2: Occupancy | G2: Weather | H2: Total Consumption | I2: Cost
B3: (m3) | C3: (m3) | D3: (m3) | E3: (m3) | F3: % | H3: (m3) | I3: Daily (RM)
A4: 44501 | B4: 113585 | C4: =IF(B5-B4<0,0,B5-B4) -> 1144 | D4: 1080 | E4: =IF(D5-D4<0,0,D5-D4) -> 6 | F4: 0.5 | H4: =+E4+C4 -> 1150 | I4: =(C4*1.35)+(E4*1.35) -> 1552.5
A5: 44502 | B5: 114729 | C5: =IF(B6-B5<0,0,B6-B5) -> 1090 | D5: 1086 | E5: =IF(D6-D5<0,0,D6-D5) -> 6 | F5: 0.54 | H5: =+E5+C5 -> 1096 | I5: =(C5*1.35)+(E5*1.35) -> 1479.6
A6: 44503 | B6: 115819 | C6: =IF(B7-B6<0,0,B7-B6) -> 1136 | D6: 1092 | E6: =IF(D7-D6<0,0,D7-D6) -> 19 | F6: 0.55 | G6: FAIR | H6: =+E6+C6 -> 1155 | I6: =(C6*1.35)+(E6*1.35) -> 1559.25
A7: 44504 | B7: 116955 | C7: =IF(B8-B7<0,0,B8-B7) -> 1197 | D7: 1111 | E7: =IF(D8-D7<0,0,D8-D7) -> 19 | F7: 0.74 | G7: FAIR | H7: =+E7+C7 -> 1216 | I7: =(C7*1.35)+(E7*1.35) -> 1641.6
A8: 44505 | B8: 118152 | C8: =IF(B9-B8<0,0,B9-B8) -> 1163 | D8: 1130 | E8: =IF(D9-D8<0,0,D9-D8) -> 24 | F8: 0.77 | H8: =+E8+C8 -> 1187 | I8: =(C8*1.35)+(E8*1.35) -> 1602.45
A9: 44506 | B9: 119315 | C9: =IF(B10-B9<0,0,B10-B9) -> 1098 | D9: 1154 | E9: =IF(D10-D9<0,0,D10-D9) -> 1 | F9: 0.58 | H9: =+E9+C9 -> 1099 | I9: =(C9*1.35)+(E9*1.35) -> 1483.65
A10: 44507 | B10: 120413 | C10: =IF(B11-B10<0,0,B11-B10) -> 1049 | D10: 1155 | E10: =IF(D11-D10<0,0,D11-D10) -> 2 | F10: 0.29 | H10: =+E10+C10 -> 1051 | I10: =(C10*1.35)+(E10*1.35) -> 1418.85
A11: 44508 | B11: 121462 | C11: =IF(B12-B11<0,0,B12-B11) -> 1027 | D11: 1157 | E11: =IF(D12-D11<0,0,D12-D11) -> 6 | F11: 0.3 | H11: =+E11+C11 -> 1033 | I11: =(C11*1.35)+(E11*1.35) -> 1394.55
A12: 44509 | B12: 122489 | C12: =IF(B13-B12<0,0,B13-B12) -> 1073 | D12: 1163 | E12: =IF(D13-D12<0,0,D13-D12) -> 7 | F12: 0.26 | H12: =+E12+C12 -> 1080 | I12: =(C12*1.35)+(E12*1.35) -> 1458
A13: 44510 | B13: 123562 | C13: =IF(B14-B13<0,0,B14-B13) -> 1099 | D13: 1170 | E13: =IF(D14-D13<0,0,D14-D13) -> 12 | F13: 0.41 | H13: =+E13+C13 -> 1111 | I13: =(C13*1.35)+(E13*1.35) -> 1499.85
A14: 44511 | B14: 124661 | C14: =IF(B15-B14<0,0,B15-B14) -> 1013 | D14: 1182 | E14: =IF(D15-D14<0,0,D15-D14) -> 8 | F14: 0.35 | H14: =+E14+C14 -> 1021 | I14: =(C14*1.35)+(E14*1.35) -> 1378.35
A15: 44512 | B15: 125674 | C15: =IF(B16-B15<0,0,B16-B15) -> 1087 | D15: 1190 | E15: =IF(D16-D15<0,0,D16-D15) -> 8 | F15: 0.28 | H15: =+E15+C15 -> 1095 | I15: =(C15*1.35)+(E15*1.35) -> 1478.25
A16: 44513 | B16: 126761 | C16: =IF(B17-B16<0,0,B17-B16) -> 1096 | D16: 1198 | E16: =IF(D17-D16<0,0,D17-D16) -> 15 | F16: 0.18 | H16: =+E16+C16 -> 1111 | I16: =(C16*1.35)+(E16*1.35) -> 1499.85
A17: 44514 | B17: 127857 | C17: =IF(B18-B17<0,0,B18-B17) -> 1117 | D17: 1213 | E17: =IF(D18-D17<0,0,D18-D17) -> 5 | F17: 0.38 | H17: =+E17+C17 -> 1122 | I17: =(C17*1.35)+(E17*1.35) -> 1514.7
A18: 44515 | B18: 128974 | C18: =IF(B19-B18<0,0,B19-B18) -> 1114 | D18: 1218 | E18: =IF(D19-D18<0,0,D19-D18) -> 3 | F18: 0.34 | H18: =+E18+C18 -> 1117 | I18: =(C18*1.35)+(E18*1.35) -> 1507.95
A19: 44516 | B19: 130088 | C19: =IF(B20-B19<0,0,B20-B19) -> 1114 | D19: 1221 | E19: =IF(D20-D19<0,0,D20-D19) -> 1 | F19: 0.41 | H19: =+E19+C19 -> 1115 | I19: =(C19*1.35)+(E19*1.35) -> 1505.25
... A28: 44525 | B28: 140072 | C28: =IF(B29-B28<0,0,B29-B28) -> 1126 | D28: 1262 | E28: =IF(D29-D28<0,0,D29-D28) -> 2 | F28: 0.52 | H28: =+E28+C28 -> 1128 | I28: =(C28*1.35)+(E28*1.35) -> 1522.8
A29: 44526 | B29: 141198 | C29: =IF(B30-B29<0,0,B30-B29) -> 1096 | D29: 1264 | E29: =IF(D30-D29<0,0,D30-D29) -> 2 | H29: =+E29+C29 -> 1098 | I29: =(C29*1.35)+(E29*1.35) -> 1482.3
A30: 44527 | B30: 142294 | C30: =IF(B31-B30<0,0,B31-B30) -> 1083 | D30: 1266 | E30: =IF(D31-D30<0,0,D31-D30) -> 2 | H30: =+E30+C30 -> 1085 | I30: =(C30*1.35)+(E30*1.35) -> 1464.75
A31: 44528 | B31: 143377 | C31: =IF(B32-B31<0,0,B32-B31) -> 1082 | D31: 1268 | E31: =IF(D32-D31<0,0,D32-D31) -> 2 | H31: =+E31+C31 -> 1084 | I31: =(C31*1.35)+(E31*1.35) -> 1463.4
A32: 44529 | B32: 144459 | C32: =IF(B33-B32<0,0,B33-B32) -> 963 | D32: 1270 | E32: =IF(D33-D32<0,0,D33-D32) -> 16 | H32: =+E32+C32 -> 979 | I32: =(C32*1.35)+(E32*1.35) -> 1321.65
A33: 44530 | B33: 145422 | C33: =IF(B34-B33<0,0,B34-B33) -> 0 | D33: 1286 | E33: =IF(D34-D33<0,0,D34-D33) -> 0 | H33: =+E33+C33 -> 0 | I33: =(C33*1.35)+(E33*1.35) -> 0
C34: =IF(B35-B34<0,0,B35-B34) -> 0 | E34: =IF(D35-D34<0,0,D35-D34) -> 0 | H34: =+E34+C34 -> 0 | I34: =(C34*1.35)+(E34*1.35) -> 0
C35: =SUM(C4:C34) -> 31837 | E35: =SUM(E4:E34) -> 206 | H35: =SUM(H4:H34) -> 32043 | I35: =SUM(I4:I34) -> 43258.05
A38: PLEASE MAKE SURE TO KEY IN THE OCCUPANCY AND WEATHER FOR THE DAY!

Sheet Diesel Reading Nov
A1: Daily Diesel Consumption | E1: November
B2: BOILER | C2: TIME | D2: TIME | E2: TOTAL | F2: Meter Reading | G2: Meter Reading | H2: Consumption | I2: Cost | J2: Diesel in/Litre
B3: NO | C3: START | D3: STOP | E3: HRS | F3: START | G3: STOP | H3: (L) | I3: Daily (RM)
A4: 44501 | B4: 2 | C4: 8.3 | D4: 17 | E4: =D4-C4 -> 8.7 | F4: 1588247.6 | G4: 1588594.1 | H4: =G4-F4 -> 346.5 | I4: =(H4*[1]Summary!$C$6) -> 984.06 | J4: 929.9 | K4: Carry foward last montth
A5: 44502 | B5: 2 | C5: 9 | D5: 17 | E5: =D5-C5 -> 8 | F5: 1588594.1 | G5: 1588850.1 | H5: =G5-F5 -> 256 | I5: =(H5*[1]Summary!$C$6) -> 727.04 | J5: 4800
A6: 44503 | B6: 2 | C6: 8.3 | D6: 16 | E6: =D6-C6 -> 7.7 | F6: 1588850.1 | G6: 1589221.4 | H6: =G6-F6 -> 371.3 | I6: =(H6*[1]Summary!$C$6) -> 1054.492
A7: 44504 | B7: 2 | C7: 8.3 | D7: 21 | E7: =D7-C7 -> 12.7 | F7: 1589221.4 | G7: 1589606.8 | H7: =G7-F7 -> 385.4 | I7: =(H7*[1]Summary!$C$6) -> 1094.536
A8: 44505 | B8: 2 | C8: 8 | D8: 17 | E8: =D8-C8 -> 9 | F8: 1589606.8 | G8: 1589963 | H8: =G8-F8 -> 356.2 | I8: =(H8*[1]Summary!$C$6) -> 1011.608
A9: 44506 | B9: 2 | C9: 8.3 | D9: 17 | E9: =D9-C9 -> 8.7 | F9: 1589963 | G9: 1590315.8 | H9: =G9-F9 -> 352.8 | I9: =(H9*[1]Summary!$C$6) -> 1001.952 | J9: -70 | K9: ( Lanscape)
A10: 44507 | B10: 2 | C10: 8.3 | D10: 20 | E10: =D10-C10 -> 11.7 | F10: 1590315.8 | G10: 1590752.8 | H10: =G10-F10 -> 437 | I10: =(H10*[1]Summary!$C$6) -> 1241.08 | J10: -70 | K10: ( Watersport )
A11: 44508 | B11: 2 | C11: 8.3 | D11: 19 | E11: =D11-C11 -> 10.7 | F11: 1590752.8 | G11: 1591021 | H11: =G11-F11 -> 268.2 | I11: =(H11*[1]Summary!$C$6) -> 761.688
A12: 44509 | B12: 2 | C12: 8.3 | D12: 17.3 | E12: =D12-C12 -> 9 | F12: 1591021 | G12: 1591299.6 | H12: =G12-F12 -> 278.6 | I12: =(H12*[1]Summary!$C$6) -> 791.224
A13: 44510 | B13: 2 | C13: 8.3 | D13: 17 | E13: =D13-C13 -> 8.7 | F13: 1591299.6 | G13: 1591612.9 | H13: =G13-F13 -> 313.3 | I13: =(H13*[1]Summary!$C$6) -> 889.772
A14: 44511 | B14: 2 | C14: 9 | D14: 17.3 | E14: =D14-C14 -> 8.3 | F14: 1591612.9 | G14: 1591973.1 | H14: =G14-F14 -> 360.2 | I14: =(H14*[1]Summary!$C$6) -> 1022.968
A15: 44512 | B15: 2 | C15: 8.3 | D15: 17.3 | E15: =D15-C15 -> 9 | F15: 1591973.1 | G15: 1592320.5 | H15: =G15-F15 -> 347.4 | I15: =(H15*[1]Summary!$C$6) -> 986.616
A16: 44513 | B16: 2 | C16: 8.3 | D16: 18 | E16: =D16-C16 -> 9.7 | F16: 1591920.5 | G16: 1592288.4 | H16: =G16-F16 -> 367.9 | I16: =(H16*[1]Summary!$C$6) -> 1044.836
A17: 44514 | B17: 2 | C17: 8.3 | D17: 17 | E17: =D17-C17 -> 8.7 | F17: 1592288.4 | G17: 1592518.1 | H17: =G17-F17 -> 229.7 | I17: =(H17*[1]Summary!$C$6) -> 652.348
A18: 44515 | B18: 2 | C18: 9 | D18: 15 | E18: =D18-C18 -> 6 | F18: 1592518.1 | G18: 1592758.6 | H18: =G18-F18 -> 240.5 | I18: =(H18*[1]Summary!$C$6) -> 683.02
A19: 44516 | B19: 2 | C19: 8.5 | D19: 15 | E19: =D19-C19 -> 6.5 | F19: 1592758.6 | G19: 1592934 | H19: =G19-F19 -> 175.4 | I19: =(H19*[1]Summary!$C$6) -> 498.136 | J19: -70 | K19: Wood Chipper
A20: 44517 | B20: 2 | C20: 9 | D20: 15 | E20: =D20-C20 -> 6 | F20: 1592934 | G20: 1593096.7 | H20: =G20-F20 -> 162.7 | I20: =(H20*[1]Summary!$C$6) -> 462.068
A21: 44518 | B21: 2 | C21: 9 | D21: 17.3 | E21: =D21-C21 -> 8.3 | F21: 1593096.7 | G21: 1593341.8 | H21: =G21-F21 -> 245.1 | I21: =(H21*[1]Summary!$C$6) -> 696.084 | J21: 4800
A22: 44519 | B22: 2 | C22: 8.3 | D22: 18 | E22: =D22-C22 -> 9.7 | F22: 1593341.8 | G22: 1593649.1 | H22: =G22-F22 -> 307.3 | I22: =(H22*[1]Summary!$C$6) -> 872.732
A23: 44520 | B23: 2 | C23: 8.3 | D23: 15 | E23: =D23-C23 -> 6.7 | F23: 1593549.1 | G23: 1593918.5 | H23: =G23-F23 -> 369.4 | I23: =(H23*[1]Summary!$C$6) -> 1049.096
A24: 44521 | B24: 2 | C24: 8.3 | D24: 15.3 | E24: =D24-C24 -> 7 | F24: 1593918.5 | G24: 1594255.6 | H24: =G24-F24 -> 337.1 | I24: =(H24*[1]Summary!$C$6) -> 957.364
A25: 44522 | B25: 2 | C25: 8.3 | D25: 16 | E25: =D25-C25 -> 7.7 | F25: 1594255.6 | G25: 1594556.1 | H25: =G25-F25 -> 300.5 | I25: =(H25*[1]Summary!$C$6) -> 853.42
A26: 44523 | B26: 2 | C26: 8.3 | D26: 16 | E26: =D26-C26 -> 7.7 | F26: 1594556.1 | G26: 1594858.8 | H26: =G26-F26 -> 302.7 | I26: =(H26*[1]Summary!$C$6) -> 859.668
A27: 44524 | B27: 2 | C27: 8.45 | D27: 18 | E27: =D27-C27 -> 9.55 | F27: 1594558.8 | G27: 1594878.5 | H27: =G27-F27 -> 319.7 | I27: =(H27*[1]Summary!$C$6) -> 907.948 | J27: -70 | K27: Watersport
A28: 44525 | B28: 2 | C28: 8.3 | D28: 18 | E28: =D28-C28 -> 9.7 | F28: 1594878.5 | G28: 1595195.3 | H28: =G28-F28 -> 316.8 | I28: =(H28*[1]Summary!$C$6) -> 899.712
A29: 44526 | B29: 2 | C29: 8.3 | D29: 16 | E29: =D29-C29 -> 7.7 | F29: 1595195.3 | G29: 1595532.2 | H29: =G29-F29 -> 336.9 | I29: =(H29*[1]Summary!$C$6) -> 956.796
A30: 44527 | B30: 2 | C30: 8.3 | D30: 18 | E30: =D30-C30 -> 9.7 | F30: 1595532.2 | G30: 1595887.3 | H30: =G30-F30 -> 355.1 | I30: =(H30*[1]Summary!$C$6) -> 1008.484
A31: 44528 | B31: 2 | C31: 8.3 | D31: 18 | E31: =D31-C31 -> 9.7 | F31: 1595887.3 | G31: 1596249.7 | H31: =G31-F31 -> 362.4 | I31: =(H31*[1]Summary!$C$6) -> 1029.216
A32: 44529 | B32: 2 | C32: 8.3 | D32: 18 | E32: =D32-C32 -> 9.7 | F32: 1596249.7 | G32: 1596533.2 | H32: =G32-F32 -> 283.5 | I32: =(H32*[1]Summary!$C$6) -> 805.14
A33: 44530 | B33: 2 | C33: 8.3 | D33: 18 | E33: =D33-C33 -> 9.7 | F33: 1596533.2 | G33: 1596878.2 | H33: =G33-F33 -> 345 | I33: =(H33*[1]Summary!$C$6) -> 979.8
A34: Total | H34: =SUM(H4:H33) -> 9430.6 | I34: =SUM(I4:I33) -> 26782.904 | J34: =SUM(J4:J33)-H34 -> 819.3 | K34: Balance (Litre)
