Workbook

Sheet TOTAL
A1: Site Name | B1: Day | C1: Month | D1: Year | E1: Total Electricity Kwh | F1: Electricity Tariff ($/Kwh) | G1: Natual Gas (m3) | H1: Natural Gas $/m3 | I1: Water Utility Supply (m3) m3 | J1: Water Utility Supply (m3) $/m3 | K1: Room Nights
A2: Cairo at Nile Plaza | B2: 1 | C2: 1 | D2: 2022 | E2: =(((Submetering!O2+Submetering!P2)*0.842284+Submetering!Q2+(Submetering!M2+Submetering!N2+Submetering!Y2)*0.7362)+(Submetering!O2+Submetering!P2+Submetering!Q2)*0.1488+(Submetering!M2+Submetering!N2+Submetering!Y2)*0.1167+(Submetering!K2+Submetering!L2-Submetering!Z2-Submetering!AA2-Submetering!AB2-Submetering!AC2-Submetering!Q2)+(Submetering!M2+Submetering!N2+Submetering!Y2)*0.1139) -> 47170.881 | F2: 1.27 | G2: =Gas!C3*0.9147 -> 3427.3809 | H2: 3.65 | I2: =Submetering!H2+Submetering!AD2+Submetering!AE2 -> 636 | J2: 10.03 | K2: =ELECT.!B3 -> 226
A3: Cairo at Nile Plaza | B3: =B2+1 -> 2 | C3: 1 | D3: 2022 | E3: =(((Submetering!O3+Submetering!P3)*0.842284+Submetering!Q3+(Submetering!M3+Submetering!N3+Submetering!Y3)*0.7362)+(Submetering!O3+Submetering!P3+Submetering!Q3)*0.1488+(Submetering!M3+Submetering!N3+Submetering!Y3)*0.1167+(Submetering!K3+Submetering!L3-Submetering!Z3-Submetering!AA3-Submetering!AB3-Submetering!AC3-Submetering!Q3)+(Submetering!M3+Submetering!N3+Submetering!Y3)*0.1139) -> 36629.517 | F3: 1.27 | G3: =Gas!C4*0.9147 -> 2148.6303 | H3: 3.65 | I3: =Submetering!H3+Submetering!AD3+Submetering!AE3 -> 586 | J3: 10.03 | K3: =ELECT.!B4 -> 222
A4: Cairo at Nile Plaza | B4: =B3+1 -> 3 | C4: 1 | D4: 2022 | E4: =(((Submetering!O4+Submetering!P4)*0.842284+Submetering!Q4+(Submetering!M4+Submetering!N4+Submetering!Y4)*0.7362)+(Submetering!O4+Submetering!P4+Submetering!Q4)*0.1488+(Submetering!M4+Submetering!N4+Submetering!Y4)*0.1167+(Submetering!K4+Submetering!L4-Submetering!Z4-Submetering!AA4-Submetering!AB4-Submetering!AC4-Submetering!Q4)+(Submetering!M4+Submetering!N4+Submetering!Y4)*0.1139) -> 58788.707 | F4: 1.27 | G4: =Gas!C5*0.9147 -> 3064.245 | H4: 3.65 | I4: =Submetering!H4+Submetering!AD4+Submetering!AE4 -> 526 | J4: 10.03 | K4: =ELECT.!B5 -> 179
A5: Cairo at Nile Plaza | B5: =B4+1 -> 4 | C5: 1 | D5: 2022 | E5: =(((Submetering!O5+Submetering!P5)*0.842284+Submetering!Q5+(Submetering!M5+Submetering!N5+Submetering!Y5)*0.7362)+(Submetering!O5+Submetering!P5+Submetering!Q5)*0.1488+(Submetering!M5+Submetering!N5+Submetering!Y5)*0.1167+(Submetering!K5+Submetering!L5-Submetering!Z5-Submetering!AA5-Submetering!AB5-Submetering!AC5-Submetering!Q5)+(Submetering!M5+Submetering!N5+Submetering!Y5)*0.1139) -> 41093.803 | F5: 1.27 | G5: =Gas!C6*0.9147 -> 3413.6604 | H5: 3.65 | I5: =Submetering!H5+Submetering!AD5+Submetering!AE5 -> 586 | J5: 10.03 | K5: =ELECT.!B6 -> 181
A6: Cairo at Nile Plaza | B6: =B5+1 -> 5 | C6: 1 | D6: 2022 | E6: =(((Submetering!O6+Submetering!P6)*0.842284+Submetering!Q6+(Submetering!M6+Submetering!N6+Submetering!Y6)*0.7362)+(Submetering!O6+Submetering!P6+Submetering!Q6)*0.1488+(Submetering!M6+Submetering!N6+Submetering!Y6)*0.1167+(Submetering!K6+Submetering!L6-Submetering!Z6-Submetering!AA6-Submetering!AB6-Submetering!AC6-Submetering!Q6)+(Submetering!M6+Submetering!N6+Submetering!Y6)*0.1139) -> 52838.818 | F6: 1.27 | G6: =Gas!C7*0.9147 -> 3079.7949 | H6: 3.65 | I6: =Submetering!H6+Submetering!AD6+Submetering!AE6 -> 546 | J6: 10.03 | K6: =ELECT.!B7 -> 190
A7: Cairo at Nile Plaza | B7: =B6+1 -> 6 | C7: 1 | D7: 2022 | E7: =(((Submetering!O7+Submetering!P7)*0.842284+Submetering!Q7+(Submetering!M7+Submetering!N7+Submetering!Y7)*0.7362)+(Submetering!O7+Submetering!P7+Submetering!Q7)*0.1488+(Submetering!M7+Submetering!N7+Submetering!Y7)*0.1167+(Submetering!K7+Submetering!L7-Submetering!Z7-Submetering!AA7-Submetering!AB7-Submetering!AC7-Submetering!Q7)+(Submetering!M7+Submetering!N7+Submetering!Y7)*0.1139) -> 34019.291 | F7: 1.27 | G7: =Gas!C8*0.9147 -> 3168.5208 | H7: 3.65 | I7: =Submetering!H7+Submetering!AD7+Submetering!AE7 -> 546 | J7: 10.03 | K7: =ELECT.!B8 -> 197
A8: Cairo at Nile Plaza | B8: =B7+1 -> 7 | C8: 1 | D8: 2022 | E8: =(((Submetering!O8+Submetering!P8)*0.842284+Submetering!Q8+(Submetering!M8+Submetering!N8+Submetering!Y8)*0.7362)+(Submetering!O8+Submetering!P8+Submetering!Q8)*0.1488+(Submetering!M8+Submetering!N8+Submetering!Y8)*0.1167+(Submetering!K8+Submetering!L8-Submetering!Z8-Submetering!AA8-Submetering!AB8-Submetering!AC8-Submetering!Q8)+(Submetering!M8+Submetering!N8+Submetering!Y8)*0.1139) -> 58468.092 | F8: 1.27 | G8: =Gas!C9*0.9147 -> 2321.5086 | H8: 3.65 | I8: =Submetering!H8+Submetering!AD8+Submetering!AE8 -> 366 | J8: 10.03 | K8: =ELECT.!B9 -> 125
A9: Cairo at Nile Plaza | B9: =B8+1 -> 8 | C9: 1 | D9: 2022 | E9: =(((Submetering!O9+Submetering!P9)*0.842284+Submetering!Q9+(Submetering!M9+Submetering!N9+Submetering!Y9)*0.7362)+(Submetering!O9+Submetering!P9+Submetering!Q9)*0.1488+(Submetering!M9+Submetering!N9+Submetering!Y9)*0.1167+(Submetering!K9+Submetering!L9-Submetering!Z9-Submetering!AA9-Submetering!AB9-Submetering!AC9-Submetering!Q9)+(Submetering!M9+Submetering!N9+Submetering!Y9)*0.1139) -> 42896.241 | F9: 1.27 | G9: =Gas!C10*0.9147 -> 2840.1435 | H9: 3.65 | I9: =Submetering!H9+Submetering!AD9+Submetering!AE9 -> 566 | J9: 10.03 | K9: =ELECT.!B10 -> 125
A10: Cairo at Nile Plaza | B10: =B9+1 -> 9 | C10: 1 | D10: 2022 | E10: =(((Submetering!O10+Submetering!P10)*0.842284+Submetering!Q10+(Submetering!M10+Submetering!N10+Submetering!Y10)*0.7362)+(Submetering!O10+Submetering!P10+Submetering!Q10)*0.1488+(Submetering!M10+Submetering!N10+Submetering!Y10)*0.1167+(Submetering!K10+Submetering!L10-Submetering!Z10-Submetering!AA10-Submetering!AB10-Submetering!AC10-Submetering!Q10)+(Submetering!M10+Submetering!N10+Submetering!Y10)*0.1139) -> 40182.637 | F10: 1.27 | G10: =Gas!C11*0.9147 -> 2599.5774 | H10: 3.65 | I10: =Submetering!H10+Submetering!AD10+Submetering!AE10 -> 616 | J10: 10.03 | K10: =ELECT.!B11 -> 201
A11: Cairo at Nile Plaza | B11: =B10+1 -> 10 | C11: 1 | D11: 2022 | E11: =(((Submetering!O11+Submetering!P11)*0.842284+Submetering!Q11+(Submetering!M11+Submetering!N11+Submetering!Y11)*0.7362)+(Submetering!O11+Submetering!P11+Submetering!Q11)*0.1488+(Submetering!M11+Submetering!N11+Submetering!Y11)*0.1167+(Submetering!K11+Submetering!L11-Submetering!Z11-Submetering!AA11-Submetering!AB11-Submetering!AC11-Submetering!Q11)+(Submetering!M11+Submetering!N11+Submetering!Y11)*0.1139) -> 51949.423 | F11: 1.27 | G11: =Gas!C12*0.9147 -> 2794.4085 | H11: 3.65 | I11: =Submetering!H11+Submetering!AD11+Submetering!AE11 -> 526 | J11: 10.03 | K11: =ELECT.!B12 -> 188
A12: Cairo at Nile Plaza | B12: =B11+1 -> 11 | C12: 1 | D12: 2022 | E12: =(((Submetering!O12+Submetering!P12)*0.842284+Submetering!Q12+(Submetering!M12+Submetering!N12+Submetering!Y12)*0.7362)+(Submetering!O12+Submetering!P12+Submetering!Q12)*0.1488+(Submetering!M12+Submetering!N12+Submetering!Y12)*0.1167+(Submetering!K12+Submetering!L12-Submetering!Z12-Submetering!AA12-Submetering!AB12-Submetering!AC12-Submetering!Q12)+(Submetering!M12+Submetering!N12+Submetering!Y12)*0.1139) -> 32212.81 | F12: 1.27 | G12: =Gas!C13*0.9147 -> 3084.3684 | H12: 3.65 | I12: =Submetering!H12+Submetering!AD12+Submetering!AE12 -> 986 | J12: 10.03 | K12: =ELECT.!B13 -> 203
A13: Cairo at Nile Plaza | B13: =B12+1 -> 12 | C13: 1 | D13: 2022 | E13: =(((Submetering!O13+Submetering!P13)*0.842284+Submetering!Q13+(Submetering!M13+Submetering!N13+Submetering!Y13)*0.7362)+(Submetering!O13+Submetering!P13+Submetering!Q13)*0.1488+(Submetering!M13+Submetering!N13+Submetering!Y13)*0.1167+(Submetering!K13+Submetering!L13-Submetering!Z13-Submetering!AA13-Submetering!AB13-Submetering!AC13-Submetering!Q13)+(Submetering!M13+Submetering!N13+Submetering!Y13)*0.1139) -> 51885.014 | F13: 1.27 | G13: =Gas!C14*0.9147 -> 2057.1603 | H13: 3.65 | I13: =Submetering!H13+Submetering!AD13+Submetering!AE13 -> 886 | J13: 10.03 | K13: =ELECT.!B14 -> 217
A14: Cairo at Nile Plaza | B14: =B13+1 -> 13 | C14: 1 | D14: 2022 | E14: =(((Submetering!O14+Submetering!P14)*0.842284+Submetering!Q14+(Submetering!M14+Submetering!N14+Submetering!Y14)*0.7362)+(Submetering!O14+Submetering!P14+Submetering!Q14)*0.1488+(Submetering!M14+Submetering!N14+Submetering!Y14)*0.1167+(Submetering!K14+Submetering!L14-Submetering!Z14-Submetering!AA14-Submetering!AB14-Submetering!AC14-Submetering!Q14)+(Submetering!M14+Submetering!N14+Submetering!Y14)*0.1139) -> 42818.976 | F14: 1.27 | G14: =Gas!C15*0.9147 -> 1948.311 | H14: 3.65 | I14: =Submetering!H14+Submetering!AD14+Submetering!AE14 -> 886 | J14: 10.03 | K14: =ELECT.!B15 -> 218
... A32: Cairo at Nile Plaza | B32: =B31+1 -> 31 | C32: 1 | D32: 2022 | E32: =(((Submetering!O32+Submetering!P32)*0.842284+Submetering!Q32+(Submetering!M32+Submetering!N32+Submetering!Y32)*0.7362)+(Submetering!O32+Submetering!P32+Submetering!Q32)*0.1488+(Submetering!M32+Submetering!N32+Submetering!Y32)*0.1167+(Submetering!K32+Submetering!L32-Submetering!Z32-Submetering!AA32-Submetering!AB32-Submetering!AC32-Submetering!Q32)+(Submetering!M32+Submetering!N32+Submetering!Y32)*0.1139) -> 0 | F32: 1.27 | G32: =Gas!C33*0.9147 -> 0 | H32: 3.65 | I32: =Submetering!H32+Submetering!AD32+Submetering!AE32 -> -194 | J32: 10.03 | K32: =ELECT.!B33 -> 164

Sheet Submetering
A1: Site Name | B1: Day | C1: Month | D1: Year | E1: Main (m3) | F1: Podium (m3) | G1: Hotel (m3) | H1: Large (m3) | I1: Feeder 1 (KWh) | J1: Feeder 2 (KWh) | K1: T1 (KWh) | L1: T2 (KWh) | M1: T3 (KWh) | N1: T4 (KWh) | O1: T5 (KWh) | P1: T7 (KWh) | Q1: New Chiller (KWh) | R1: Hotel (BTU) | S1: B.S (BTU) | T1: LS (BTU) | U1: Mall (BTU) | V1: AHU#25 (BTU) | W1: AHU#9 (BTU) | X1: Room Nights | Y1: Loss (KWH) | Z1: Mall (KWH) | AA1: Citadel (KWH) | AB1: Rotana (KWH) | AC1: CIB (KWH) | AD1: Plaza suits water consumption (M3) | AE1: Hotel water consumption (M3)
A2: Cairo at Nile Plaza | B2: 1 | C2: 1 | D2: 2022 | E2: =Water!C3 -> 830 | F2: =Water!E3 -> 520 | G2: =Water!G3 -> 310.5 | H2: =Water!I3 -> 4.347 | I2: =ELECT.!F3 -> 12531 | J2: =ELECT.!H3 -> 36806 | K2: =ELECT.!K3 -> 7986 | L2: =ELECT.!M3 -> 6251 | M2: =ELECT.!O3 -> 6132 | N2: =ELECT.!Q3 -> 2370 | O2: =ELECT.!S3 -> 9345 | P2: =ELECT.!W3*2 -> 20040 | Q2: =ELECT.!D3 -> 320 | R2: =BTU!C3 -> 2.163 | S2: =BTU!F3 -> 0.495 | T2: =BTU!I3 -> 4 | U2: =BTU!O3 -> 1.389 | V2: =BTU!L3 -> 0 | W2: =BTU!R3 -> 0.66 | X2: =ELECT.!B3 -> 226 | Y2: =I2+J2-(K2+L2+M2+N2+O2+P2) -> -2787 | Z2: ='Mall, Citadel, Rotana'!C3+'Mall, Citadel, Rotana'!E3+'Mall, Citadel, Rotana'!G3+'Mall, Citadel, Rotana'!I3 -> 1219 | AA2: ='Mall, Citadel, Rotana'!K3+'Mall, Citadel, Rotana'!M3 -> 320 | AB2: ='Mall, Citadel, Rotana'!O3 -> 83 | AC2: ='Mall, Citadel, Rotana'!Q3+'Mall, Citadel, Rotana'!S3 -> 140 | AD2: =(E2-H2-194)*0.1318 -> 83.251865 | AE2: =E2-H2-AD2-194 -> 548.40113
A3: Cairo at Nile Plaza | B3: =B2+1 -> 2 | C3: 1 | D3: 2022 | E3: =Water!C4 -> 780 | F3: =Water!E4 -> 450 | G3: =Water!G4 -> 275.4 | H3: =Water!I4 -> 4.833 | I3: =ELECT.!F4 -> 8910 | J3: =ELECT.!H4 -> 30604 | K3: =ELECT.!K4 -> 7438 | L3: =ELECT.!M4 -> 4336 | M3: =ELECT.!O4 -> 4456 | N3: =ELECT.!Q4 -> 1972 | O3: =ELECT.!S4 -> 7825 | P3: =ELECT.!W4*2 -> 16136 | Q3: =ELECT.!D4 -> 320 | R3: =BTU!C4 -> 2.205 | S3: =BTU!F4 -> 0.705 | T3: =BTU!I4 -> 5 | U3: =BTU!O4 -> 1.23 | V3: =BTU!L4 -> 0.17 | W3: =BTU!R4 -> 0.27 | X3: =ELECT.!B4 -> 222 | Y3: =I3+J3-(K3+L3+M3+N3+O3+P3) -> -2649 | Z3: ='Mall, Citadel, Rotana'!C4+'Mall, Citadel, Rotana'!E4+'Mall, Citadel, Rotana'!G4+'Mall, Citadel, Rotana'!I4 -> 1557 | AA3: ='Mall, Citadel, Rotana'!K4+'Mall, Citadel, Rotana'!M4 -> 800 | AB3: ='Mall, Citadel, Rotana'!O4 -> 119 | AC3: ='Mall, Citadel, Rotana'!Q4+'Mall, Citadel, Rotana'!S4 -> 117 | AD3: =(E3-H3-194)*0.1318 -> 76.597811 | AE3: =E3-H3-AD3-194 -> 504.56919
A4: Cairo at Nile Plaza | B4: =B3+1 -> 3 | C4: 1 | D4: 2022 | E4: =Water!C5 -> 720 | F4: =Water!E5 -> 370 | G4: =Water!G5 -> 261.9 | H4: =Water!I5 -> 4.59 | I4: =ELECT.!F5 -> 14949 | J4: =ELECT.!H5 -> 46304 | K4: =ELECT.!K5 -> 11184 | L4: =ELECT.!M5 -> 7159 | M4: =ELECT.!O5 -> 7618 | N4: =ELECT.!Q5 -> 2981 | O4: =ELECT.!S5 -> 11524 | P4: =ELECT.!W5*2 -> 24784 | Q4: =ELECT.!D5 -> 320 | R4: =BTU!C5 -> 2.357 | S4: =BTU!F5 -> 0.751 | T4: =BTU!I5 -> 4 | U4: =BTU!O5 -> 1.132 | V4: =BTU!L5 -> 1.85 | W4: =BTU!R5 -> 0.63 | X4: =ELECT.!B5 -> 179 | Y4: =I4+J4-(K4+L4+M4+N4+O4+P4) -> -3997 | Z4: ='Mall, Citadel, Rotana'!C5+'Mall, Citadel, Rotana'!E5+'Mall, Citadel, Rotana'!G5+'Mall, Citadel, Rotana'!I5 -> 1359 | AA4: ='Mall, Citadel, Rotana'!K5+'Mall, Citadel, Rotana'!M5 -> 320 | AB4: ='Mall, Citadel, Rotana'!O5 -> 122 | AC4: ='Mall, Citadel, Rotana'!Q5+'Mall, Citadel, Rotana'!S5 -> 168 | AD4: =(E4-H4-194)*0.1318 -> 68.721838 | AE4: =E4-H4-AD4-194 -> 452.68816
A5: Cairo at Nile Plaza | B5: =B4+1 -> 4 | C5: 1 | D5: 2022 | E5: =Water!C6 -> 780 | F5: =Water!E6 -> 420 | G5: =Water!G6 -> 280.8 | H5: =Water!I6 -> 5.886 | I5: =ELECT.!F6 -> 10902 | J5: =ELECT.!H6 -> 32332 | K5: =ELECT.!K6 -> 7824 | L5: =ELECT.!M6 -> 5445 | M5: =ELECT.!O6 -> 5300 | N5: =ELECT.!Q6 -> 2173 | O5: =ELECT.!S6 -> 8172 | P5: =ELECT.!W6*2 -> 17072 | Q5: =ELECT.!D6 -> 320 | R5: =BTU!C6 -> 2.285 | S5: =BTU!F6 -> 0.778 | T5: =BTU!I6 -> 3 | U5: =BTU!O6 -> 1.044 | V5: =BTU!L6 -> 2.22 | W5: =BTU!R6 -> 0 | X5: =ELECT.!B6 -> 181 | Y5: =I5+J5-(K5+L5+M5+N5+O5+P5) -> -2752 | Z5: ='Mall, Citadel, Rotana'!C6+'Mall, Citadel, Rotana'!E6+'Mall, Citadel, Rotana'!G6+'Mall, Citadel, Rotana'!I6 -> 1196 | AA5: ='Mall, Citadel, Rotana'!K6+'Mall, Citadel, Rotana'!M6 -> 480 | AB5: ='Mall, Citadel, Rotana'!O6 -> 130 | AC5: ='Mall, Citadel, Rotana'!Q6+'Mall, Citadel, Rotana'!S6 -> 0 | AD5: =(E5-H5-194)*0.1318 -> 76.459025 | AE5: =E5-H5-AD5-194 -> 503.65497
A6: Cairo at Nile Plaza | B6: =B5+1 -> 5 | C6: 1 | D6: 2022 | E6: =Water!C7 -> 740 | F6: =Water!E7 -> 420 | G6: =Water!G7 -> 272.7 | H6: =Water!I7 -> 4.347 | I6: =ELECT.!F7 -> 12561 | J6: =ELECT.!H7 -> 42519 | K6: =ELECT.!K7 -> 10536 | L6: =ELECT.!M7 -> 5830 | M6: =ELECT.!O7 -> 6598 | N6: =ELECT.!Q7 -> 2732 | O6: =ELECT.!S7 -> 10881 | P6: =ELECT.!W7*2 -> 22454 | Q6: =ELECT.!D7 -> 320 | R6: =BTU!C7 -> 2.767 | S6: =BTU!F7 -> 0.764 | T6: =BTU!I7 -> 6 | U6: =BTU!O7 -> 1.424 | V6: =BTU!L7 -> 2.34 | W6: =BTU!R7 -> 0 | X6: =ELECT.!B7 -> 190 | Y6: =I6+J6-(K6+L6+M6+N6+O6+P6) -> -3951 | Z6: ='Mall, Citadel, Rotana'!C7+'Mall, Citadel, Rotana'!E7+'Mall, Citadel, Rotana'!G7+'Mall, Citadel, Rotana'!I7 -> 1216 | AA6: ='Mall, Citadel, Rotana'!K7+'Mall, Citadel, Rotana'!M7 -> 480 | AB6: ='Mall, Citadel, Rotana'!O7 -> 117 | AC6: ='Mall, Citadel, Rotana'!Q7+'Mall, Citadel, Rotana'!S7 -> 0 | AD6: =(E6-H6-194)*0.1318 -> 71.389865 | AE6: =E6-H6-AD6-194 -> 470.26313
A7: Cairo at Nile Plaza | B7: =B6+1 -> 6 | C7: 1 | D7: 2022 | E7: =Water!C8 -> 740 | F7: =Water!E8 -> 420 | G7: =Water!G8 -> 272.7 | H7: =Water!I8 -> 4.347 | I7: =ELECT.!F8 -> 8427 | J7: =ELECT.!H8 -> 27588 | K7: =ELECT.!K8 -> 6088 | L7: =ELECT.!M8 -> 3900 | M7: =ELECT.!O8 -> 4408 | N7: =ELECT.!Q8 -> 1731 | O7: =ELECT.!S8 -> 7155 | P7: =ELECT.!W8*2 -> 14800 | Q7: =ELECT.!D8 -> 640 | R7: =BTU!C8 -> 2.265 | S7: =BTU!F8 -> 0.362 | T7: =BTU!I8 -> 4 | U7: =BTU!O8 -> 1.193 | V7: =BTU!L8 -> 0.03 | W7: =BTU!R8 -> 0 | X7: =ELECT.!B8 -> 197 | Y7: =I7+J7-(K7+L7+M7+N7+O7+P7) -> -2067 | Z7: ='Mall, Citadel, Rotana'!C8+'Mall, Citadel, Rotana'!E8+'Mall, Citadel, Rotana'!G8+'Mall, Citadel, Rotana'!I8 -> 1357 | AA7: ='Mall, Citadel, Rotana'!K8+'Mall, Citadel, Rotana'!M8 -> 320 | AB7: ='Mall, Citadel, Rotana'!O8 -> 83 | AC7: ='Mall, Citadel, Rotana'!Q8+'Mall, Citadel, Rotana'!S8 -> 0 | AD7: =(E7-H7-194)*0.1318 -> 71.389865 | AE7: =E7-H7-AD7-194 -> 470.26313
A8: Cairo at Nile Plaza | B8: =B7+1 -> 7 | C8: 1 | D8: 2022 | E8: =Water!C9 -> 560 | F8: =Water!E9 -> 340 | G8: =Water!G9 -> 199.8 | H8: =Water!I9 -> 4.752 | I8: =ELECT.!F9 -> 13765 | J8: =ELECT.!H9 -> 46624 | K8: =ELECT.!K9 -> 9748 | L8: =ELECT.!M9 -> 6355 | M8: =ELECT.!O9 -> 7232 | N8: =ELECT.!Q9 -> 4914 | O8: =ELECT.!S9 -> 12213 | P8: =ELECT.!W9*2 -> 25094 | Q8: =ELECT.!D9 -> 480 | R8: =BTU!C9 -> 2.152 | S8: =BTU!F9 -> 0.345 | T8: =BTU!I9 -> 5 | U8: =BTU!O9 -> 1.162 | V8: =BTU!L9 -> 0 | W8: =BTU!R9 -> 0 | X8: =ELECT.!B9 -> 125 | Y8: =I8+J8-(K8+L8+M8+N8+O8+P8) -> -5167 | Z8: ='Mall, Citadel, Rotana'!C9+'Mall, Citadel, Rotana'!E9+'Mall, Citadel, Rotana'!G9+'Mall, Citadel, Rotana'!I9 -> 1035 | AA8: ='Mall, Citadel, Rotana'!K9+'Mall, Citadel, Rotana'!M9 -> 320 | AB8: ='Mall, Citadel, Rotana'!O9 -> 73 | AC8: ='Mall, Citadel, Rotana'!Q9+'Mall, Citadel, Rotana'!S9 -> 0 | AD8: =(E8-H8-194)*0.1318 -> 47.612486 | AE8: =E8-H8-AD8-194 -> 313.63551
A9: Cairo at Nile Plaza | B9: =B8+1 -> 8 | C9: 1 | D9: 2022 | E9: =Water!C10 -> 760 | F9: =Water!E10 -> 400 | G9: =Water!G10 -> 259.2 | H9: =Water!I10 -> 4.32 | I9: =ELECT.!F10 -> 10649 | J9: =ELECT.!H10 -> 34766 | K9: =ELECT.!K10 -> 7880 | L9: =ELECT.!M10 -> 4758 | M9: =ELECT.!O10 -> 5760 | N9: =ELECT.!Q10 -> 236 | O9: =ELECT.!S10 -> 8710 | P9: =ELECT.!W10*2 -> 18914 | Q9: =ELECT.!D10 -> 320 | R9: =BTU!C10 -> 2.259 | S9: =BTU!F10 -> 0.423 | T9: =BTU!I10 -> 4 | U9: =BTU!O10 -> 1.293 | V9: =BTU!L10 -> 0 | W9: =BTU!R10 -> 0 | X9: =ELECT.!B10 -> 125 | Y9: =I9+J9-(K9+L9+M9+N9+O9+P9) -> -843 | Z9: ='Mall, Citadel, Rotana'!C10+'Mall, Citadel, Rotana'!E10+'Mall, Citadel, Rotana'!G10+'Mall, Citadel, Rotana'!I10 -> 1351 | AA9: ='Mall, Citadel, Rotana'!K10+'Mall, Citadel, Rotana'!M10 -> 320 | AB9: ='Mall, Citadel, Rotana'!O10 -> 93 | AC9: ='Mall, Citadel, Rotana'!Q10+'Mall, Citadel, Rotana'!S10 -> 385 | AD9: =(E9-H9-194)*0.1318 -> 74.029424 | AE9: =E9-H9-AD9-194 -> 487.65058
A10: Cairo at Nile Plaza | B10: =B9+1 -> 9 | C10: 1 | D10: 2022 | E10: =Water!C11 -> 810 | F10: =Water!E11 -> 430 | G10: =Water!G11 -> 321.3 | H10: =Water!I11 -> 5.616 | I10: =ELECT.!F11 -> 10085 | J10: =ELECT.!H11 -> 32173 | K10: =ELECT.!K11 -> 9864 | L10: =ELECT.!M11 -> 4715 | M10: =ELECT.!O11 -> 5238 | N10: =ELECT.!Q11 -> 2020 | O10: =ELECT.!S11 -> 8183 | P10: =ELECT.!W11*2 -> 17182 | Q10: =ELECT.!D11 -> 320 | R10: =BTU!C11 -> 1.566 | S10: =BTU!F11 -> 0.407 | T10: =BTU!I11 -> 3 | U10: =BTU!O11 -> 0.696 | V10: =BTU!L11 -> 0 | W10: =BTU!R11 -> 0 | X10: =ELECT.!B11 -> 201 | Y10: =I10+J10-(K10+L10+M10+N10+O10+P10) -> -4944 | Z10: ='Mall, Citadel, Rotana'!C11+'Mall, Citadel, Rotana'!E11+'Mall, Citadel, Rotana'!G11+'Mall, Citadel, Rotana'!I11 -> 1192 | AA10: ='Mall, Citadel, Rotana'!K11+'Mall, Citadel, Rotana'!M11 -> 320 | AB10: ='Mall, Citadel, Rotana'!O11 -> 79 | AC10: ='Mall, Citadel, Rotana'!Q11+'Mall, Citadel, Rotana'!S11 -> 229 | AD10: =(E10-H10-194)*0.1318 -> 80.448611 | AE10: =E10-H10-AD10-194 -> 529.93539
A11: Cairo at Nile Plaza | B11: =B10+1 -> 10 | C11: 1 | D11: 2022 | E11: =Water!C12 -> 720 | F11: =Water!E12 -> 350 | G11: =Water!G12 -> 305.1 | H11: =Water!I12 -> 4.941 | I11: =ELECT.!F12 -> 7718 | J11: =ELECT.!H12 -> 46960 | K11: =ELECT.!K12 -> 8172 | L11: =ELECT.!M12 -> 5628 | M11: =ELECT.!O12 -> 1958 | N11: =ELECT.!Q12 -> 6254 | O11: =ELECT.!S12 -> 11303 | P11: =ELECT.!W12*2 -> 22882 | Q11: =ELECT.!D12 -> 480 | R11: =BTU!C12 -> 2.191 | S11: =BTU!F12 -> 0.577 | T11: =BTU!I12 -> 5 | U11: =BTU!O12 -> 1.085 | V11: =BTU!L12 -> 0 | W11: =BTU!R12 -> 0 | X11: =ELECT.!B12 -> 188 | Y11: =I11+J11-(K11+L11+M11+N11+O11+P11) -> -1519 | Z11: ='Mall, Citadel, Rotana'!C12+'Mall, Citadel, Rotana'!E12+'Mall, Citadel, Rotana'!G12+'Mall, Citadel, Rotana'!I12 -> 1242 | AA11: ='Mall, Citadel, Rotana'!K12+'Mall, Citadel, Rotana'!M12 -> 800 | AB11: ='Mall, Citadel, Rotana'!O12 -> 162 | AC11: ='Mall, Citadel, Rotana'!Q12+'Mall, Citadel, Rotana'!S12 -> 69 | AD11: =(E11-H11-194)*0.1318 -> 68.675576 | AE11: =E11-H11-AD11-194 -> 452.38342
A12: Cairo at Nile Plaza | B12: =B11+1 -> 11 | C12: 1 | D12: 2022 | E12: =Water!C13 -> 1180 | F12: =Water!E13 -> 850 | G12: =Water!G13 -> 267.3 | H12: =Water!I13 -> 5.859 | I12: =ELECT.!F13 -> 4948 | J12: =ELECT.!H13 -> 29711 | K12: =ELECT.!K13 -> 6404 | L12: =ELECT.!M13 -> 3861 | M12: =ELECT.!O13 -> 1010 | N12: =ELECT.!Q13 -> 4544 | O12: =ELECT.!S13 -> 7058 | P12: =ELECT.!W13*2 -> 14078 | Q12: =ELECT.!D13 -> 480 | R12: =BTU!C13 -> 2.935 | S12: =BTU!F13 -> 0.85 | T12: =BTU!I13 -> 6 | U12: =BTU!O13 -> 1.429 | V12: =BTU!L13 -> 0 | W12: =BTU!R13 -> 0 | X12: =ELECT.!B13 -> 203 | Y12: =I12+J12-(K12+L12+M12+N12+O12+P12) -> -2296 | Z12: ='Mall, Citadel, Rotana'!C13+'Mall, Citadel, Rotana'!E13+'Mall, Citadel, Rotana'!G13+'Mall, Citadel, Rotana'!I13 -> 1340 | AA12: ='Mall, Citadel, Rotana'!K13+'Mall, Citadel, Rotana'!M13 -> 640 | AB12: ='Mall, Citadel, Rotana'!O13 -> 114 | AC12: ='Mall, Citadel, Rotana'!Q13+'Mall, Citadel, Rotana'!S13 -> 127 | AD12: =(E12-H12-194)*0.1318 -> 129.18258 | AE12: =E12-H12-AD12-194 -> 850.95842
A13: Cairo at Nile Plaza | B13: =B12+1 -> 12 | C13: 1 | D13: 2022 | E13: =Water!C14 -> 1080 | F13: =Water!E14 -> 690 | G13: =Water!G14 -> 280.8 | H13: =Water!I14 -> 4.725 | I13: =ELECT.!F14 -> 7734 | J13: =ELECT.!H14 -> 46691 | K13: =ELECT.!K14 -> 10482 | L13: =ELECT.!M14 -> 5859 | M13: =ELECT.!O14 -> 1718 | N13: =ELECT.!Q14 -> 7434 | O13: =ELECT.!S14 -> 10872 | P13: =ELECT.!W14*2 -> 21898 | Q13: =ELECT.!D14 -> 320 | R13: =BTU!C14 -> 1.35 | S13: =BTU!F14 -> 0.391 | T13: =BTU!I14 -> 3 | U13: =BTU!O14 -> 0.61 | V13: =BTU!L14 -> 0 | W13: =BTU!R14 -> 0 | X13: =ELECT.!B14 -> 217 | Y13: =I13+J13-(K13+L13+M13+N13+O13+P13) -> -3838 | Z13: ='Mall, Citadel, Rotana'!C14+'Mall, Citadel, Rotana'!E14+'Mall, Citadel, Rotana'!G14+'Mall, Citadel, Rotana'!I14 -> 1358 | AA13: ='Mall, Citadel, Rotana'!K14+'Mall, Citadel, Rotana'!M14 -> 640 | AB13: ='Mall, Citadel, Rotana'!O14 -> 119 | AC13: ='Mall, Citadel, Rotana'!Q14+'Mall, Citadel, Rotana'!S14 -> 2 | AD13: =(E13-H13-194)*0.1318 -> 116.15205 | AE13: =E13-H13-AD13-194 -> 765.12296
A14: Cairo at Nile Plaza | B14: =B13+1 -> 13 | C14: 1 | D14: 2022 | E14: =Water!C15 -> 1080 | F14: =Water!E15 -> 920 | G14: =Water!G15 -> 278.1 | H14: =Water!I15 -> 4.185 | I14: =ELECT.!F15 -> 5856 | J14: =ELECT.!H15 -> 38797 | K14: =ELECT.!K15 -> 8426 | L14: =ELECT.!M15 -> 4544 | M14: =ELECT.!O15 -> 1192 | N14: =ELECT.!Q15 -> 6350 | O14: =ELECT.!S15 -> 9162 | P14: =ELECT.!W15*2 -> 18034 | Q14: =ELECT.!D15 -> 480 | R14: =BTU!C15 -> 2.249 | S14: =BTU!F15 -> 0.624 | T14: =BTU!I15 -> 4 | U14: =BTU!O15 -> 1.007 | V14: =BTU!L15 -> 0 | W14: =BTU!R15 -> 0 | X14: =ELECT.!B15 -> 218 | Y14: =I14+J14-(K14+L14+M14+N14+O14+P14) -> -3055 | Z14: ='Mall, Citadel, Rotana'!C15+'Mall, Citadel, Rotana'!E15+'Mall, Citadel, Rotana'!G15+'Mall, Citadel, Rotana'!I15 -> 1074 | AA14: ='Mall, Citadel, Rotana'!K15+'Mall, Citadel, Rotana'!M15 -> 320 | AB14: ='Mall, Citadel, Rotana'!O15 -> 120 | AC14: ='Mall, Citadel, Rotana'!Q15+'Mall, Citadel, Rotana'!S15 -> 0 | AD14: =(E14-H14-194)*0.1318 -> 116.22322 | AE14: =E14-H14-AD14-194 -> 765.59178
... A29: Cairo at Nile Plaza | B29: =B28+1 -> 28 | C29: 1 | D29: 2022 | E29: =Water!C30 -> 0 | F29: =Water!E30 -> 0 | G29: =Water!G30 -> 0 | H29: =Water!I30 -> 0 | I29: =ELECT.!F30 -> 0 | J29: =ELECT.!H30 -> 0 | K29: =ELECT.!K30 -> 0 | L29: =ELECT.!M30 -> 0 | M29: =ELECT.!O30 -> 0 | N29: =ELECT.!Q30 -> 0 | O29: =ELECT.!S30 -> 0 | P29: =ELECT.!W30*2 -> 0 | Q29: =ELECT.!D30 -> 0 | R29: =BTU!C30 -> 0 | S29: =BTU!F30 -> 0 | T29: =BTU!I30 -> 0 | U29: =BTU!O30 -> 0 | V29: =BTU!L30 -> 0 | W29: =BTU!R30 -> 0 | X29: =ELECT.!B30 -> 164 | Y29: =I29+J29-(K29+L29+M29+N29+O29+P29) -> 0 | Z29: ='Mall, Citadel, Rotana'!C30+'Mall, Citadel, Rotana'!E30+'Mall, Citadel, Rotana'!G30+'Mall, Citadel, Rotana'!I30 -> 0 | AA29: ='Mall, Citadel, Rotana'!K30+'Mall, Citadel, Rotana'!M30 -> 0 | AB29: ='Mall, Citadel, Rotana'!O30 -> 0 | AC29: ='Mall, Citadel, Rotana'!Q30+'Mall, Citadel, Rotana'!S30 -> 0 | AD29: =(E29-H29-194)*0.1318 -> -25.5692 | AE29: =E29-H29-AD29-194 -> -168.4308
A30: Cairo at Nile Plaza | B30: =B29+1 -> 29 | C30: 1 | D30: 2022 | E30: =Water!C31 -> 0 | F30: =Water!E31 -> 0 | G30: =Water!E31 -> 0 | H30: =Water!I31 -> 0 | I30: =Water!G31 -> 0 | J30: =ELECT.!H31 -> 0 | K30: =Water!I31 -> 0 | L30: =Water!J31 -> 0 | M30: =Water!K31 -> 0 | N30: =Water!L31 -> 0 | O30: =Water!M31 -> 0 | P30: =Water!N31 -> 0 | Q30: =Water!O31 -> 0 | R30: =BTU!C31 -> 0 | S30: =BTU!F31 -> 0 | T30: =BTU!I31 -> 0 | U30: =BTU!O31 -> 0 | V30: =BTU!L31 -> 0 | W30: =BTU!R31 -> 0 | X30: =ELECT.!B31 -> 164 | Y30: =I30+J30-(K30+L30+M30+N30+O30+P30) -> 0 | Z30: ='Mall, Citadel, Rotana'!C31+'Mall, Citadel, Rotana'!E31+'Mall, Citadel, Rotana'!G31+'Mall, Citadel, Rotana'!I31 -> 0 | AA30: ='Mall, Citadel, Rotana'!K31+'Mall, Citadel, Rotana'!M31 -> 0 | AB30: ='Mall, Citadel, Rotana'!O31 -> 0 | AC30: ='Mall, Citadel, Rotana'!Q31+'Mall, Citadel, Rotana'!S31 -> 0 | AD30: =(E30-H30-194)*0.1318 -> -25.5692 | AE30: =E30-H30-AD30-194 -> -168.4308
A31: Cairo at Nile Plaza | B31: =B30+1 -> 30 | C31: 1 | D31: 2022 | E31: =Water!C32 -> 0 | F31: =Water!E32 -> 0 | G31: =Water!E32 -> 0 | H31: =Water!I32 -> 0 | I31: =Water!G32 -> 0 | J31: =ELECT.!H32 -> 0 | K31: =Water!I32 -> 0 | L31: =Water!J32 -> 0 | M31: =Water!K32 -> 0 | N31: =Water!L32 -> 0 | O31: =Water!M32 -> 0 | P31: =Water!N32 -> 0 | Q31: =Water!O32 -> 0 | R31: =BTU!C32 -> 0 | S31: =BTU!F32 -> 0 | T31: =BTU!I32 -> 0 | U31: =BTU!O32 -> 0 | V31: =BTU!L32 -> 0 | W31: =BTU!R32 -> 0 | X31: =ELECT.!B32 -> 164 | Y31: =I31+J31-(K31+L31+M31+N31+O31+P31) -> 0 | Z31: ='Mall, Citadel, Rotana'!C32+'Mall, Citadel, Rotana'!E32+'Mall, Citadel, Rotana'!G32+'Mall, Citadel, Rotana'!I32 -> 0 | AA31: ='Mall, Citadel, Rotana'!K32+'Mall, Citadel, Rotana'!M32 -> 0 | AB31: ='Mall, Citadel, Rotana'!O32 -> 0 | AC31: ='Mall, Citadel, Rotana'!Q32+'Mall, Citadel, Rotana'!S32 -> 0 | AD31: =(E31-H31-194)*0.1318 -> -25.5692 | AE31: =E31-H31-AD31-194 -> -168.4308
A32: Cairo at Nile Plaza | B32: =B31+1 -> 31 | C32: 1 | D32: 2022 | E32: =Water!C33 -> 0 | F32: =Water!E33 -> 0 | G32: =Water!E33 -> 0 | H32: =Water!I33 -> 0 | I32: =Water!G33 -> 0 | J32: =ELECT.!H33 -> 0 | K32: =Water!I33 -> 0 | L32: =Water!J33 -> 0 | M32: =Water!K33 -> 0 | N32: =Water!L33 -> 0 | O32: =Water!M33 -> 0 | P32: =Water!N33 -> 0 | Q32: =Water!O33 -> 0 | R32: =BTU!C33 -> 0 | S32: =BTU!F33 -> 0 | T32: =BTU!I33 -> 0 | U32: =BTU!O33 -> 0 | V32: =BTU!L33 -> 0 | W32: =BTU!R33 -> 0 | X32: =ELECT.!B33 -> 164 | Y32: =I32+J32-(K32+L32+M32+N32+O32+P32) -> 0 | Z32: ='Mall, Citadel, Rotana'!C33+'Mall, Citadel, Rotana'!E33+'Mall, Citadel, Rotana'!G33+'Mall, Citadel, Rotana'!I33 -> 0 | AA32: ='Mall, Citadel, Rotana'!K33+'Mall, Citadel, Rotana'!M33 -> 0 | AB32: ='Mall, Citadel, Rotana'!O33 -> 0 | AC32: ='Mall, Citadel, Rotana'!Q33+'Mall, Citadel, Rotana'!S33 -> 0 | AD32: =(E32-H32-194)*0.1318 -> -25.5692 | AE32: =E32-H32-AD32-194 -> -168.4308

Sheet Mall, Citadel, Rotana
A1: Day | B1: R1 | C1: Cons | D1: R2 | E1: Cons | F1: R3 | G1: Cons | H1: R4 | I1: Cons | J1: RO1 | K1: Cons | L1: RO2 | M1: Cons | N1: ROE | O1: Cons | P1: CIB. 1 | Q1: Cons | R1: CIB. E | S1: Cons | T1: Co | U1: Cons
A2: 44561 | B2: 46419 | C2: 0 | D2: 40169 | F2: 21164 | H2: 253097 | J2: 303517 | K2: 0 | L2: 25728 | N2: 218807 | P2: =P1 -> CIB. 1 | R2: 55047 | S2: 0 | T2: 3889
A3: 44562 | B3: 46424 | C3: =(B3-B2)*800/5 -> 800 | D3: 40171 | E3: =(D3-D2)*800/5 -> 320 | F3: 21168 | G3: =(F3-F2)*100/5 -> 80 | H3: 253116 | I3: =(H3-H2) -> 19 | J3: 303517 | K3: 0 | L3: 25730 | M3: =(L3-L2)*800/5 -> 320 | N3: 218890 | O3: =N3-N2 -> 83 | P3: 136382 | Q3: 140 | R3: =R2 -> 55047 | S3: 0 | T3: 3890 | U3: =(T3-T2)*800/5 -> 160
A4: 44563 | B4: 46429 | C4: =(B4-B3)*800/5 -> 800 | D4: 40175 | E4: =(D4-D3)*800/5 -> 640 | F4: 21173 | G4: =(F4-F3)*100/5 -> 100 | H4: 253133 | I4: =(H4-H3) -> 17 | J4: 303517 | K4: 0 | L4: 25735 | M4: =(L4-L3)*800/5 -> 800 | N4: 219009 | O4: =N4-N3 -> 119 | P4: 136499 | Q4: =P4-P3 -> 117 | R4: =R3 -> 55047 | S4: =R4-R3 -> 0 | T4: 3891 | U4: =(T4-T3)*800/5 -> 160
A5: 44564 | B5: 46434 | C5: =(B5-B4)*800/5 -> 800 | D5: 40178 | E5: =(D5-D4)*800/5 -> 480 | F5: 21176 | G5: =(F5-F4)*100/5 -> 60 | H5: 253152 | I5: =(H5-H4) -> 19 | J5: =J4 -> 303517 | K5: 0 | L5: 25737 | M5: =(L5-L4)*800/5 -> 320 | N5: 219131 | O5: =N5-N4 -> 122 | P5: 136667 | Q5: =P5-P4 -> 168 | R5: =R4 -> 55047 | S5: =R5-R4 -> 0 | T5: 3893 | U5: =(T5-T4)*800/5 -> 320
A6: 44565 | B6: 46438 | C6: =(B6-B5)*800/5 -> 640 | D6: 40181 | E6: =(D6-D5)*800/5 -> 480 | F6: 21179 | G6: =(F6-F5)*100/5 -> 60 | H6: 253168 | I6: =(H6-H5) -> 16 | J6: 303517 | K6: 0 | L6: 25740 | M6: =(L6-L5)*800/5 -> 480 | N6: 219261 | O6: =N6-N5 -> 130 | P6: =P5 -> 136667 | Q6: =P6-P5 -> 0 | R6: =R5 -> 55047 | S6: 0 | T6: 3894 | U6: =(T6-T5)*800/5 -> 160
A7: 44566 | B7: 46443 | C7: =(B7-B6)*800/5 -> 800 | D7: 40183 | E7: =(D7-D6)*800/5 -> 320 | F7: 21183 | G7: =(F7-F6)*100/5 -> 80 | H7: 253184 | I7: =(H7-H6) -> 16 | J7: 303517 | K7: 0 | L7: 25743 | M7: =(L7-L6)*800/5 -> 480 | N7: 219378 | O7: =N7-N6 -> 117 | P7: =P6 -> 136667 | Q7: 0 | R7: =R6 -> 55047 | S7: 0 | T7: 3895 | U7: =(T7-T6)*800/5 -> 160
A8: 44567 | B8: 46448 | C8: =(B8-B7)*800/5 -> 800 | D8: 40186 | E8: =(D8-D7)*800/5 -> 480 | F8: 21186 | G8: =(F8-F7)*100/5 -> 60 | H8: 253201 | I8: =(H8-H7) -> 17 | J8: 303517 | K8: 0 | L8: 25745 | M8: =(L8-L7)*800/5 -> 320 | N8: 219461 | O8: =N8-N7 -> 83 | P8: =P7 -> 136667 | Q8: =P8-P7 -> 0 | R8: 55047 | S8: =R8-R7 -> 0 | T8: 3896 | U8: =(T8-T7)*800/5 -> 160
A9: 44568 | B9: 46452 | C9: =(B9-B8)*800/5 -> 640 | D9: 40188 | E9: =(D9-D8)*800/5 -> 320 | F9: 21189 | G9: =(F9-F8)*100/5 -> 60 | H9: 253216 | I9: =(H9-H8) -> 15 | J9: 303517 | K9: 0 | L9: 25747 | M9: =(L9-L8)*800/5 -> 320 | N9: 219534 | O9: =N9-N8 -> 73 | P9: =P8 -> 136667 | Q9: =P9-P8 -> 0 | R9: =R8 -> 55047 | S9: =R9-R8 -> 0 | T9: 3897 | U9: =(T9-T8)*800/5 -> 160
A10: 44569 | B10: 46457 | C10: =(B10-B9)*800/5 -> 800 | D10: 40191 | E10: =(D10-D9)*800/5 -> 480 | F10: 21192 | G10: =(F10-F9)*100/5 -> 60 | H10: 253227 | I10: =(H10-H9) -> 11 | J10: =J9 -> 303517 | K10: 0 | L10: 25749 | M10: =(L10-L9)*800/5 -> 320 | N10: 219627 | O10: =N10-N9 -> 93 | P10: 137052 | Q10: =P10-P9 -> 385 | R10: =R9 -> 55047 | S10: =R10-R9 -> 0 | T10: 3898 | U10: =(T10-T9)*800/5 -> 160
A11: 44570 | B11: 46461 | C11: =(B11-B10)*800/5 -> 640 | D11: 40194 | E11: =(D11-D10)*800/5 -> 480 | F11: 21195 | G11: =(F11-F10)*100/5 -> 60 | H11: 253239 | I11: =(H11-H10) -> 12 | J11: =J10 -> 303517 | K11: 0 | L11: 25751 | M11: =(L11-L10)*800/5 -> 320 | N11: 219706 | O11: =N11-N10 -> 79 | P11: 137281 | Q11: =P11-P10 -> 229 | R11: =R10 -> 55047 | S11: =R11-R10 -> 0 | T11: 3899 | U11: =(T11-T10)*800/5 -> 160
A12: 44571 | B12: 46466 | C12: =(B12-B11)*800/5 -> 800 | D12: 40196 | E12: =(D12-D11)*800/5 -> 320 | F12: 21200 | G12: =(F12-F11)*100/5 -> 100 | H12: 253261 | I12: =(H12-H11) -> 22 | J12: =J11 -> 303517 | K12: 0 | L12: 25756 | M12: =(L12-L11)*800/5 -> 800 | N12: 219868 | O12: =N12-N11 -> 162 | P12: 137350 | Q12: =P12-P11 -> 69 | R12: =R11 -> 55047 | S12: =R12-R11 -> 0 | T12: 3900 | U12: =(T12-T11)*800/5 -> 160
A13: 44572 | B13: 46471 | C13: =(B13-B12)*800/5 -> 800 | D13: 40199 | E13: =(D13-D12)*800/5 -> 480 | F13: 21202 | G13: =(F13-F12)*100/5 -> 40 | H13: 253281 | I13: =(H13-H12) -> 20 | J13: 303517 | K13: 0 | L13: 25760 | M13: =(L13-L12)*800/5 -> 640 | N13: 219982 | O13: =N13-N12 -> 114 | P13: 137477 | Q13: =P13-P12 -> 127 | R13: 55047 | S13: =R13-R12 -> 0 | T13: 3901 | U13: =(T13-T12)*800/5 -> 160
A14: 44573 | B14: 46475 | C14: =(B14-B13)*800/5 -> 640 | D14: 40203 | E14: =(D14-D13)*800/5 -> 640 | F14: 21205 | G14: =(F14-F13)*100/5 -> 60 | H14: 253299 | I14: =(H14-H13) -> 18 | J14: 303517 | K14: 0 | L14: 25764 | M14: =(L14-L13)*800/5 -> 640 | N14: 220101 | O14: =N14-N13 -> 119 | P14: 137479 | Q14: =P14-P13 -> 2 | R14: =R13 -> 55047 | S14: 0 | T14: 3902 | U14: =(T14-T13)*800/5 -> 160
A15: 44574 | B15: 46480 | C15: =(B15-B14)*800/5 -> 800 | D15: 40204 | E15: =(D15-D14)*800/5 -> 160 | F15: 21210 | G15: =(F15-F14)*100/5 -> 100 | H15: 253313 | I15: =(H15-H14) -> 14 | J15: 303517 | K15: 0 | L15: 25766 | M15: =(L15-L14)*800/5 -> 320 | N15: 220221 | O15: =N15-N14 -> 120 | P15: =P14 -> 137479 | Q15: =P15-P14 -> 0 | R15: 55047 | S15: 0 | T15: 3902 | U15: =(T15-T14)*800/5 -> 0
A16: 44575 | B16: 46485 | C16: =(B16-B15)*800/5 -> 800 | D16: 40207 | E16: =(D16-D15)*800/5 -> 480 | F16: 21214 | G16: =(F16-F15)*100/5 -> 80 | H16: 253325 | I16: =(H16-H15) -> 12 | J16: 305317 | K16: 0 | L16: 25769 | M16: =(L16-L15)*800/5 -> 480 | N16: 220328 | O16: =N16-N15 -> 107 | P16: =P15 -> 137479 | Q16: =P16-P15 -> 0 | R16: =R15 -> 55047 | S16: =R16-R15 -> 0 | T16: 3903 | U16: =(T16-T15)*800/5 -> 160
A17: 44576 | B17: 46489 | C17: =(B17-B16)*800/5 -> 640 | D17: 40211 | E17: =(D17-D16)*800/5 -> 640 | F17: 21218 | G17: =(F17-F16)*100/5 -> 80 | H17: 253337 | I17: =(H17-H16) -> 12 | J17: 303517 | K17: 0 | L17: 25772 | M17: =(L17-L16)*800/5 -> 480 | N17: 220412 | O17: =N17-N16 -> 84 | P17: =P16 -> 137479 | Q17: =P17-P16 -> 0 | R17: =R16 -> 55047 | S17: =S16 -> 0 | T17: 3904 | U17: =(T17-T16)*800/5 -> 160
A18: 44577 | B18: 46495 | C18: =(B18-B17)*800/5 -> 960 | D18: 40212 | E18: =(D18-D17)*800/5 -> 160 | F18: 21220 | G18: =(F18-F17)*100/5 -> 40 | H18: 253353 | I18: =(H18-H17) -> 16 | J18: =J17 -> 303517 | K18: 0 | L18: 25774 | M18: =(L18-L17)*800/5 -> 320 | N18: 220542 | O18: =N18-N17 -> 130 | P18: =P17 -> 137479 | Q18: =P18-P17 -> 0 | R18: =R17 -> 55047 | S18: =R18-R17 -> 0 | T18: 3905 | U18: =(T18-T17)*800/5 -> 160
A19: 44578 | B19: 46504 | C19: =(B19-B18)*800/5 -> 1440 | D19: 40217 | E19: =(D19-D18)*800/5 -> 800 | F19: 21227 | G19: =(F19-F18)*100/5 -> 140 | H19: 253382 | I19: =(H19-H18) -> 29 | J19: 303517 | K19: 0 | L19: 25779 | M19: =(L19-L18)*800/5 -> 800 | N19: 220808 | O19: =N19-N18 -> 266 | P19: =P18 -> 137479 | Q19: =P19-P18 -> 0 | R19: =R18 -> 55047 | S19: =R19-R18 -> 0 | T19: 3907 | U19: =(T19-T18)*800/5 -> 320
A20: 44579 | B20: =B19 -> 46504 | C20: =(B20-B19)*800/5 -> 0 | D20: =D19 -> 40217 | E20: =(D20-D19)*800/5 -> 0 | F20: =F19 -> 21227 | G20: =(F20-F19)*100/5 -> 0 | H20: =H19 -> 253382 | I20: =(H20-H19) -> 0 | J20: =J19 -> 303517 | K20: 0 | L20: =L19 -> 25779 | M20: =(L20-L19)*800/5 -> 0 | N20: =N19 -> 220808 | O20: =N20-N19 -> 0 | P20: =P19 -> 137479 | Q20: =P20-P19 -> 0 | R20: =R19 -> 55047 | S20: =R20-R19 -> 0 | T20: =T19 -> 3907 | U20: =(T20-T19)*800/5 -> 0
A21: 44580 | B21: 46509 | C21: =(B21-B20)*800/5 -> 800 | D21: 40219 | E21: =(D21-D20)*800/5 -> 320 | F21: 21231 | G21: =(F21-F20)*100/5 -> 80 | H21: 253394 | I21: =(H21-H20) -> 12 | J21: 303517 | K21: 0 | L21: 25782 | M21: =(L21-L20)*800/5 -> 480 | N21: 220925 | O21: =N21-N20 -> 117 | P21: =P20 -> 137479 | Q21: =P21-P20 -> 0 | R21: =R20 -> 55047 | S21: =R21-R20 -> 0 | T21: 3908 | U21: =(T21-T20)*800/5 -> 160
A22: 44581 | B22: 46514 | C22: =(B22-B21)*800/5 -> 800 | D22: 40222 | E22: =(D22-D21)*800/5 -> 480 | F22: 21235 | G22: =(F22-F21)*100/5 -> 80 | H22: 253409 | I22: =(H22-H21) -> 15 | J22: 303517 | K22: 0 | L22: 25785 | M22: =(L22-L21)*800/5 -> 480 | N22: 221048 | O22: =N22-N21 -> 123 | P22: =P21 -> 137479 | Q22: =P22-P21 -> 0 | R22: =R21 -> 55047 | S22: =R22-R21 -> 0 | T22: 3909 | U22: =(T22-T21)*800/5 -> 160
A23: 44582 | B23: 46519 | C23: =(B23-B22)*800/5 -> 800 | D23: 40226 | E23: =(D23-D22)*800/5 -> 640 | F23: 21240 | G23: =(F23-F22)*100/5 -> 100 | H23: 253427 | I23: =(H23-H22) -> 18 | J23: 303517 | K23: 0 | L23: 25787 | M23: =(L23-L22)*800/5 -> 320 | N23: 221120 | O23: =N23-N22 -> 72 | P23: =P22 -> 137479 | Q23: =P23-P22 -> 0 | R23: =R22 -> 55047 | S23: =R23-R22 -> 0 | T23: 3910 | U23: =(T23-T22)*800/5 -> 160
A24: 44583 | B24: 46523 | C24: =(B24-B23)*800/5 -> 640 | D24: 40228 | E24: =(D24-D23)*800/5 -> 320 | F24: 21243 | G24: =(F24-F23)*100/5 -> 60 | H24: 253439 | I24: =(H24-H23) -> 12 | J24: =J23 -> 303517 | K24: 0 | L24: 25789 | M24: =(L24-L23)*800/5 -> 320 | N24: 221213 | O24: =N24-N23 -> 93 | P24: =P23 -> 137479 | Q24: =P24-P23 -> 0 | R24: =R23 -> 55047 | S24: =R24-R23 -> 0 | T24: 3911 | U24: =(T24-T23)*800/5 -> 160
A25: 44584 | B25: 46528 | C25: =(B25-B24)*800/5 -> 800 | D25: 40231 | E25: =(D25-D24)*800/5 -> 480 | F25: 21247 | G25: =(F25-F24)*100/5 -> 80 | H25: 253452 | I25: =(H25-H24) -> 13 | J25: 303517 | K25: 0 | L25: 25792 | M25: =(L25-L24)*800/5 -> 480 | N25: 221326 | O25: =N25-N24 -> 113 | P25: 137479 | Q25: =P25-P24 -> 0 | R25: 55047 | S25: =R25-R24 -> 0 | T25: 3911 | U25: =(T25-T24)*800/5 -> 0
A26: 44585 | B26: 46533 | C26: =(B26-B25)*800/5 -> 800 | D26: 40234 | E26: =(D26-D25)*800/5 -> 480 | F26: 21250 | G26: =(F26-F25)*100/5 -> 60 | H26: 253464 | I26: =(H26-H25) -> 12 | J26: 303517 | K26: 0 | L26: 25794 | M26: =(L26-L25)*800/5 -> 320 | N26: 221439 | O26: =N26-N25 -> 113 | P26: 138843 | Q26: =P26-P25 -> 1364 | R26: =R25 -> 55047 | S26: =R26-R25 -> 0 | T26: 3912 | U26: =(T26-T25)*800/5 -> 160
A27: 44586 | B27: =B26 -> 46533 | C27: =(B27-B26)*800/5 -> 0 | D27: =D26 -> 40234 | E27: =(D27-D26)*800/5 -> 0 | F27: =F26 -> 21250 | G27: =(F27-F26)*100/5 -> 0 | H27: =H26 -> 253464 | I27: =(H27-H26) -> 0 | J27: =J26 -> 303517 | K27: 0 | L27: =L26 -> 25794 | M27: =(L27-L26)*800/5 -> 0 | N27: =N26 -> 221439 | O27: =N27-N26 -> 0 | P27: =P26 -> 138843 | Q27: =P27-P26 -> 0 | R27: =R26 -> 55047 | S27: =R27-R26 -> 0 | T27: =T26 -> 3912 | U27: =(T27-T26)*800/5 -> 0
A28: 44587 | B28: =B27 -> 46533 | C28: =(B28-B27)*800/5 -> 0 | D28: =D27 -> 40234 | E28: =(D28-D27)*800/5 -> 0 | F28: =F27 -> 21250 | G28: =(F28-F27)*100/5 -> 0 | H28: =H27 -> 253464 | I28: =(H28-H27) -> 0 | J28: =J27 -> 303517 | K28: 0 | L28: =L27 -> 25794 | M28: =(L28-L27)*800/5 -> 0 | N28: =N27 -> 221439 | O28: =N28-N27 -> 0 | P28: =P27 -> 138843 | Q28: =P28-P27 -> 0 | R28: =R27 -> 55047 | S28: =R28-R27 -> 0 | T28: =T27 -> 3912 | U28: =(T28-T27)*800/5 -> 0
A29: 44588 | B29: =B28 -> 46533 | C29: =(B29-B28)*800/5 -> 0 | D29: =D28 -> 40234 | E29: =(D29-D28)*800/5 -> 0 | F29: =F28 -> 21250 | G29: =(F29-F28)*100/5 -> 0 | H29: =H28 -> 253464 | I29: =(H29-H28) -> 0 | J29: =J28 -> 303517 | K29: 0 | L29: =L28 -> 25794 | M29: =(L29-L28)*800/5 -> 0 | N29: =N28 -> 221439 | O29: =N29-N28 -> 0 | P29: =P28 -> 138843 | Q29: =P29-P28 -> 0 | R29: =R28 -> 55047 | S29: =R29-R28 -> 0 | T29: =T28 -> 3912 | U29: =(T29-T28)*800/5 -> 0
A30: 44589 | B30: =B29 -> 46533 | C30: =(B30-B29)*800/5 -> 0 | D30: =D29 -> 40234 | E30: =(D30-D29)*800/5 -> 0 | F30: =F29 -> 21250 | G30: =(F30-F29)*100/5 -> 0 | H30: =H29 -> 253464 | I30: =(H30-H29) -> 0 | J30: =J29 -> 303517 | K30: 0 | L30: =L29 -> 25794 | M30: =(L30-L29)*800/5 -> 0 | N30: =N29 -> 221439 | O30: =N30-N29 -> 0 | P30: =P29 -> 138843 | Q30: =P30-P29 -> 0 | R30: =R29 -> 55047 | S30: =R30-R29 -> 0 | T30: =T29 -> 3912 | U30: =(T30-T29)*800/5 -> 0
A31: 44590 | B31: =B30 -> 46533 | C31: =(B31-B30)*800/5 -> 0 | D31: =D30 -> 40234 | E31: =(D31-D30)*800/5 -> 0 | F31: =F30 -> 21250 | G31: =(F31-F30)*100/5 -> 0 | H31: =H30 -> 253464 | I31: =(H31-H30) -> 0 | J31: =J30 -> 303517 | K31: 0 | L31: =L30 -> 25794 | M31: =(L31-L30)*800/5 -> 0 | N31: =N30 -> 221439 | O31: =N31-N30 -> 0 | P31: =P30 -> 138843 | Q31: =P31-P30 -> 0 | R31: =R30 -> 55047 | S31: =R31-R30 -> 0 | T31: =T30 -> 3912 | U31: =(T31-T30)*800/5 -> 0
A32: 44591 | B32: =B31 -> 46533 | C32: =(B32-B31)*800/5 -> 0 | D32: =D31 -> 40234 | E32: =(D32-D31)*800/5 -> 0 | F32: =F31 -> 21250 | G32: =(F32-F31)*100/5 -> 0 | H32: =H31 -> 253464 | I32: =(H32-H31) -> 0 | J32: =J31 -> 303517 | K32: 0 | L32: =L31 -> 25794 | M32: =(L32-L31)*800/5 -> 0 | N32: =N31 -> 221439 | O32: =N32-N31 -> 0 | P32: =P31 -> 138843 | Q32: =P32-P31 -> 0 | R32: =R31 -> 55047 | S32: 0 | T32: =T31 -> 3912 | U32: =(T32-T31)*800/5 -> 0
A33: 44592 | B33: =B32 -> 46533 | C33: =(B33-B32)*800/5 -> 0 | D33: =D32 -> 40234 | E33: =(D33-D32)*800/5 -> 0 | F33: =F32 -> 21250 | G33: =(F33-F32)*100/5 -> 0 | H33: =H32 -> 253464 | I33: =(H33-H32) -> 0 | J33: 303517 | K33: 0 | L33: =L32 -> 25794 | M33: =(L33-L32)*800/5 -> 0 | N33: =N32 -> 221439 | O33: =N33-N32 -> 0 | P33: =P32 -> 138843 | Q33: =P33-P32 -> 0 | R33: =R32 -> 55047 | S33: 0 | T33: =T32 -> 3912 | U33: =(T33-T32)*800/5 -> 0
A34: Total | C34: =SUM(C4:C33) -> 17440 | E34: =SUM(E4:E33) -> 10080 | G34: =SUM(G4:G33) -> 1640 | I34: =SUM(I4:I33) -> 348 | K34: =SUM(K4:K33) -> 0 | M34: =SUM(M4:M33) -> 10240 | O34: =SUM(O4:O33) -> 2549 | Q34: =SUM(Q4:Q33) -> 2461 | S34: =SUM(S4:S33) -> 0 | U34: =SUM(U4:U33) -> 3520

Sheet ELECT.
A1: Day | B1: Rooms Sold | C1: New Chillers | D1: Cons | E1: F-1 | F1: Cons. | G1: F-2 | H1: Cons. | I1: Total | J1: T-1 | K1: Cons. | L1: T-2 | M1: Cons. | N1: T-3 | O1: Cons. | P1: T-4 | Q1: Cons. | R1: T-5 | S1: Cons. | T1: T-6 | U1: Cons. | V1: T-7 | W1: Cons. | X1: Total | Y1: Diff | Z1: Daily Money Value | AA1: MTD Total Money
A2: 44561 | B2: 286 | C2: 19263 | E2: 29394326 | G2: 93376522 | J2: 9244110 | L2: 9241929 | N2: 6233074 | P2: 5733151 | R2: 19746392 | T2: 0 | V2: 7634077 | X2: =K2+M2+O2+Q2+S2+U2+W2 -> 0 | Z2: =(0.93352*(W2+S2)+0.5568*(Q2+O2))*0.26 -> 0
A3: 44562 | B3: 226 | C3: 19265 | D3: =IF((C3-C2)<0,"0",(C3-C2))*160 -> 320 | E3: 29406857 | F3: =IF((E3-E2)<0,"0",(E3-E2)) -> 12531 | G3: 93413328 | H3: =IF((G3-G2)<0,"0",(G3-G2)) -> 36806 | I3: =F3+H3 -> 49337 | J3: 9248103 | K3: =(IF((J3-J2)<L91,"0",(J3-J2)))*2 -> 7986 | L3: 9248180 | M3: =IF((L3-L2)<0,"0",(L3-L2)) -> 6251 | N3: 6236140 | O3: =(IF((N3-N2)<P91,"0",(N3-N2)))*2 -> 6132 | P3: 5735521 | Q3: =IF((P3-P2)<0,"0",(P3-P2)) -> 2370 | R3: 19755737 | S3: =IF((R3-R2)<0,"0",(R3-R2)) -> 9345 | T3: 0 | V3: 7644097 | W3: =IF((V3-V2)<0,"0",(V3-V2)) -> 10020 | X3: =K3+M3+O3+Q3+S3+U3+W3 -> 42104 | Y3: =I3-X3 -> 7233 | Z3: =(0.93352*(W3+S3)+0.5568*(Q3+O3))*0.26 -> 5930.9974 | AA3: =SUM(Z1:Z3) -> 5930.9974
A4: 44563 | B4: 222 | C4: 19267 | D4: =IF((C4-C3)<0,"0",(C4-C3))*160 -> 320 | E4: 29415767 | F4: =IF((E4-E3)<0,"0",(E4-E3)) -> 8910 | G4: 93443932 | H4: =IF((G4-G3)<0,"0",(G4-G3)) -> 30604 | I4: =F4+H4 -> 39514 | J4: 9251822 | K4: =(IF((J4-J3)<L93,"0",(J4-J3)))*2 -> 7438 | L4: 9252516 | M4: =IF((L4-L3)<0,"0",(L4-L3)) -> 4336 | N4: 6238368 | O4: =(IF((N4-N3)<P93,"0",(N4-N3)))*2 -> 4456 | P4: 5737493 | Q4: =IF((P4-P3)<0,"0",(P4-P3)) -> 1972 | R4: 19763562 | S4: =IF((R4-R3)<0,"0",(R4-R3)) -> 7825 | T4: 0 | V4: 7652165 | W4: =IF((V4-V3)<0,"0",(V4-V3)) -> 8068 | X4: =K4+M4+O4+Q4+S4+U4+W4 -> 34095 | Y4: =I4-X4 -> 5419 | Z4: =(0.93352*(W4+S4)+0.5568*(Q4+O4))*0.26 -> 4788.0414 | AA4: =SUM(Z2:Z4) -> 10719.039
A5: 44564 | B5: 179 | C5: 19269 | D5: =IF((C5-C4)<0,"0",(C5-C4))*160 -> 320 | E5: 29430716 | F5: =IF((E5-E4)<0,"0",(E5-E4)) -> 14949 | G5: 93490236 | H5: =IF((G5-G4)<0,"0",(G5-G4)) -> 46304 | I5: =F5+H5 -> 61253 | J5: 9257414 | K5: =(IF((J5-J4)<0,"0",(J5-J4)))*2 -> 11184 | L5: 9259675 | M5: =IF((L5-L4)<0,"0",(L5-L4)) -> 7159 | N5: 6242177 | O5: =(IF((N5-N4)<0,"0",(N5-N4)))*2 -> 7618 | P5: 5740474 | Q5: =IF((P5-P4)<0,"0",(P5-P4)) -> 2981 | R5: 19775086 | S5: =IF((R5-R4)<0,"0",(R5-R4)) -> 11524 | T5: 0 | V5: 7664557 | W5: =IF((V5-V4)<0,"0",(V5-V4)) -> 12392 | X5: =K5+M5+O5+Q5+S5+U5+W5 -> 52858 | Y5: =I5-X5 -> 8395 | Z5: =(0.93352*(W5+S5)+0.5568*(Q5+O5))*0.26 -> 7339.1728 | AA5: =SUM(Z3:Z5) -> 18058.212
A6: 44565 | B6: 181 | C6: 19271 | D6: =IF((C6-C5)<0,"0",(C6-C5))*160 -> 320 | E6: 29441618 | F6: =IF((E6-E5)<0,"0",(E6-E5)) -> 10902 | G6: 93522568 | H6: =IF((G6-G5)<0,"0",(G6-G5)) -> 32332 | I6: =F6+H6 -> 43234 | J6: 9261326 | K6: =(IF((J6-J5)<0,"0",(J6-J5)))*2 -> 7824 | L6: 9265120 | M6: =IF((L6-L5)<0,"0",(L6-L5)) -> 5445 | N6: 6244827 | O6: =(IF((N6-N5)<0,"0",(N6-N5)))*2 -> 5300 | P6: 5742647 | Q6: =IF((P6-P5)<0,"0",(P6-P5)) -> 2173 | R6: 19783258 | S6: =IF((R6-R5)<0,"0",(R6-R5)) -> 8172 | T6: 0 | V6: 7673093 | W6: =IF((V6-V5)<0,"0",(V6-V5)) -> 8536 | X6: =K6+M6+O6+Q6+S6+U6+W6 -> 37450 | Y6: =I6-X6 -> 5784 | Z6: =(0.93352*(W6+S6)+0.5568*(Q6+O6))*0.26 -> 5137.1368 | AA6: =SUM(Z4:Z6) -> 17264.351
A7: 44566 | B7: 190 | C7: 19273 | D7: =IF((C7-C6)<0,"0",(C7-C6))*160 -> 320 | E7: 29454179 | F7: =IF((E7-E6)<0,"0",(E7-E6)) -> 12561 | G7: 93565087 | H7: =IF((G7-G6)<0,"0",(G7-G6)) -> 42519 | I7: =F7+H7 -> 55080 | J7: 9266594 | K7: =(IF((J7-J6)<0,"0",(J7-J6)))*2 -> 10536 | L7: 9270950 | M7: =IF((L7-L6)<0,"0",(L7-L6)) -> 5830 | N7: 6248126 | O7: =(IF((N7-N6)<0,"0",(N7-N6)))*2 -> 6598 | P7: 5745379 | Q7: =IF((P7-P6)<0,"0",(P7-P6)) -> 2732 | R7: 19794139 | S7: =IF((R7-R6)<0,"0",(R7-R6)) -> 10881 | T7: 0 | V7: 7684320 | W7: =IF((V7-V6)<0,"0",(V7-V6)) -> 11227 | X7: =K7+M7+O7+Q7+S7+U7+W7 -> 47804 | Y7: =I7-X7 -> 7276 | Z7: =(0.93352*(W7+S7)+0.5568*(Q7+O7))*0.26 -> 6716.6331 | AA7: =SUM(Z4:Z7) -> 23980.984
A8: 44567 | B8: 197 | C8: 19277 | D8: =IF((C8-C7)<0,"0",(C8-C7))*160 -> 640 | E8: 29462606 | F8: =IF((E8-E7)<0,"0",(E8-E7)) -> 8427 | G8: 93592675 | H8: =IF((G8-G7)<0,"0",(G8-G7)) -> 27588 | I8: =F8+H8 -> 36015 | J8: 9269638 | K8: =(IF((J8-J7)<0,"0",(J8-J7)))*2 -> 6088 | L8: 9274850 | M8: =IF((L8-L7)<0,"0",(L8-L7)) -> 3900 | N8: 6250330 | O8: =(IF((N8-N7)<0,"0",(N8-N7)))*2 -> 4408 | P8: 5747110 | Q8: =IF((P8-P7)<0,"0",(P8-P7)) -> 1731 | R8: 19801294 | S8: =IF((R8-R7)<0,"0",(R8-R7)) -> 7155 | T8: 0 | V8: 7691720 | W8: =IF((V8-V7)<0,"0",(V8-V7)) -> 7400 | X8: =K8+M8+O8+Q8+S8+U8+W8 -> 30682 | Y8: =I8-X8 -> 5333 | Z8: =(0.93352*(W8+S8)+0.5568*(Q8+O8))*0.26 -> 4421.4505 | AA8: =SUM(Z5:Z8) -> 23614.393
A9: 44568 | B9: 125 | C9: 19280 | D9: =IF((C9-C8)<0,"0",(C9-C8))*160 -> 480 | E9: 29476371 | F9: =IF((E9-E8)<0,"0",(E9-E8)) -> 13765 | G9: 93639299 | H9: =IF((G9-G8)<0,"0",(G9-G8)) -> 46624 | I9: =F9+H9 -> 60389 | J9: 9274512 | K9: =(IF((J9-J8)<0,"0",(J9-J8)))*2 -> 9748 | L9: 9281205 | M9: =IF((L9-L8)<0,"0",(L9-L8)) -> 6355 | N9: 6253946 | O9: =(IF((N9-N8)<0,"0",(N9-N8)))*2 -> 7232 | P9: 5752024 | Q9: =IF((P9-P8)<0,"0",(P9-P8)) -> 4914 | R9: 19813507 | S9: =IF((R9-R8)<0,"0",(R9-R8)) -> 12213 | T9: 0 | V9: 7704267 | W9: =IF((V9-V8)<0,"0",(V9-V8)) -> 12547 | X9: =K9+M9+O9+Q9+S9+U9+W9 -> 53009 | Y9: =I9-X9 -> 7380 | Z9: =(0.93352*(W9+S9)+0.5568*(Q9+O9))*0.26 -> 7767.9805 | AA9: =SUM(Z6:Z9) -> 24043.201
A10: 44569 | B10: =B9 -> 125 | C10: 19282 | D10: =IF((C10-C9)<0,"0",(C10-C9))*160 -> 320 | E10: 29487020 | F10: =IF((E10-E9)<0,"0",(E10-E9)) -> 10649 | G10: 93674065 | H10: =IF((G10-G9)<0,"0",(G10-G9)) -> 34766 | I10: =F10+H10 -> 45415 | J10: 9278452 | K10: =(IF((J10-J9)<0,"0",(J10-J9)))*2 -> 7880 | L10: 9285963 | M10: =IF((L10-L9)<0,"0",(L10-L9)) -> 4758 | N10: 6256826 | O10: =(IF((N10-N9)<0,"0",(N10-N9)))*2 -> 5760 | P10: 5752260 | Q10: =IF((P10-P9)<0,"0",(P10-P9)) -> 236 | R10: 19822217 | S10: =IF((R10-R9)<0,"0",(R10-R9)) -> 8710 | T10: 0 | V10: 7713724 | W10: =IF((V10-V9)<0,"0",(V10-V9)) -> 9457 | X10: =K10+M10+O10+Q10+S10+U10+W10 -> 36801 | Y10: =I10-X10 -> 8614 | Z10: =(0.93352*(W10+S10)+0.5568*(Q10+O10))*0.26 -> 5277.436 | AA10: =SUM(Z7:Z10) -> 24183.5
A11: 44570 | B11: 201 | C11: 19284 | D11: =IF((C11-C10)<0,"0",(C11-C10))*160 -> 320 | E11: 29497105 | F11: =IF((E11-E10)<0,"0",(E11-E10)) -> 10085 | G11: 93706238 | H11: =IF((G11-G10)<0,"0",(G11-G10)) -> 32173 | I11: =F11+H11 -> 42258 | J11: 9283384 | K11: =(IF((J11-J10)<0,"0",(J11-J10)))*2 -> 9864 | L11: 9290678 | M11: =IF((L11-L10)<0,"0",(L11-L10)) -> 4715 | N11: 6259445 | O11: =(IF((N11-N10)<0,"0",(N11-N10)))*2 -> 5238 | P11: 5754280 | Q11: =IF((P11-P10)<0,"0",(P11-P10)) -> 2020 | R11: 19830400 | S11: =IF((R11-R10)<0,"0",(R11-R10)) -> 8183 | T11: 0 | V11: 7722315 | W11: =IF((V11-V10)<0,"0",(V11-V10)) -> 8591 | X11: =K11+M11+O11+Q11+S11+U11+W11 -> 38611 | Y11: =I11-X11 -> 3647 | Z11: =(0.93352*(W11+S11)+0.5568*(Q11+O11))*0.26 -> 5122.0309 | AA11: =SUM(Z8:Z11) -> 22588.898
A12: 44571 | B12: 188 | C12: 19287 | D12: =IF((C12-C11)<0,"0",(C12-C11))*160 -> 480 | E12: 29504823 | F12: =IF((E12-E11)<0,"0",(E12-E11)) -> 7718 | G12: 93753198 | H12: =IF((G12-G11)<0,"0",(G12-G11)) -> 46960 | I12: =F12+H12 -> 54678 | J12: 9287470 | K12: =(IF((J12-J11)<0,"0",(J12-J11)))*2 -> 8172 | L12: 9296306 | M12: =IF((L12-L11)<0,"0",(L12-L11)) -> 5628 | N12: 6260424 | O12: =(IF((N12-N11)<0,"0",(N12-N11)))*2 -> 1958 | P12: 5760534 | Q12: =IF((P12-P11)<0,"0",(P12-P11)) -> 6254 | R12: 19841703 | S12: =IF((R12-R11)<0,"0",(R12-R11)) -> 11303 | T12: 0 | V12: 7733756 | W12: =IF((V12-V11)<0,"0",(V12-V11)) -> 11441 | X12: =K12+M12+O12+Q12+S12+U12+W12 -> 44756 | Y12: =I12-X12 -> 9922 | Z12: =(0.93352*(W12+S12)+0.5568*(Q12+O12))*0.26 -> 6709.1493 | AA12: =SUM(Z9:Z12) -> 24876.597
A13: 44572 | B13: 203 | C13: 19290 | D13: =IF((C13-C12)<0,"0",(C13-C12))*160 -> 480 | E13: 29509771 | F13: =IF((E13-E12)<0,"0",(E13-E12)) -> 4948 | G13: 93782909 | H13: =IF((G13-G12)<0,"0",(G13-G12)) -> 29711 | I13: =F13+H13 -> 34659 | J13: 9290672 | K13: =(IF((J13-J12)<0,"0",(J13-J12)))*2 -> 6404 | L13: 9300167 | M13: =IF((L13-L12)<0,"0",(L13-L12)) -> 3861 | N13: 6260929 | O13: =(IF((N13-N12)<0,"0",(N13-N12)))*2 -> 1010 | P13: 5765078 | Q13: =IF((P13-P12)<0,"0",(P13-P12)) -> 4544 | R13: 19848761 | S13: =IF((R13-R12)<0,"0",(R13-R12)) -> 7058 | T13: 0 | V13: 7740795 | W13: =IF((V13-V12)<0,"0",(V13-V12)) -> 7039 | X13: =K13+M13+O13+Q13+S13+U13+W13 -> 29916 | Y13: =I13-X13 -> 4743 | Z13: =(0.93352*(W13+S13)+0.5568*(Q13+O13))*0.26 -> 4225.5976 | AA13: =SUM(Z10:Z13) -> 21334.214
A14: 44573 | B14: 217 | C14: 19292 | D14: =IF((C14-C13)<0,"0",(C14-C13))*160 -> 320 | E14: 29517505 | F14: =IF((E14-E13)<0,"0",(E14-E13)) -> 7734 | G14: 93829600 | H14: =IF((G14-G13)<0,"0",(G14-G13)) -> 46691 | I14: =F14+H14 -> 54425 | J14: 9295913 | K14: =(IF((J14-J13)<0,"0",(J14-J13)))*2 -> 10482 | L14: 9306026 | M14: =IF((L14-L13)<0,"0",(L14-L13)) -> 5859 | N14: 6261788 | O14: =(IF((N14-N13)<0,"0",(N14-N13)))*2 -> 1718 | P14: 5772512 | Q14: =IF((P14-P13)<0,"0",(P14-P13)) -> 7434 | R14: 19859633 | S14: =IF((R14-R13)<0,"0",(R14-R13)) -> 10872 | T14: 0 | V14: 7751744 | W14: =IF((V14-V13)<0,"0",(V14-V13)) -> 10949 | X14: =K14+M14+O14+Q14+S14+U14+W14 -> 47314 | Y14: =I14-X14 -> 7111 | Z14: =(0.93352*(W14+S14)+0.5568*(Q14+O14))*0.26 -> 6621.2051 | AA14: =SUM(Z11:Z14) -> 22677.983
A15: 44574 | B15: 218 | C15: 19295 | D15: =IF((C15-C14)<0,"0",(C15-C14))*160 -> 480 | E15: 29523361 | F15: =IF((E15-E14)<0,"0",(E15-E14)) -> 5856 | G15: 93868397 | H15: =IF((G15-G14)<0,"0",(G15-G14)) -> 38797 | I15: =F15+H15 -> 44653 | J15: 9300126 | K15: =(IF((J15-J14)<0,"0",(J15-J14)))*2 -> 8426 | L15: 9310570 | M15: =IF((L15-L14)<0,"0",(L15-L14)) -> 4544 | N15: 6262384 | O15: =(IF((N15-N14)<0,"0",(N15-N14)))*2 -> 1192 | P15: 5778862 | Q15: =IF((P15-P14)<0,"0",(P15-P14)) -> 6350 | R15: 19868795 | S15: =IF((R15-R14)<0,"0",(R15-R14)) -> 9162 | T15: 0 | V15: 7760761 | W15: =IF((V15-V14)<0,"0",(V15-V14)) -> 9017 | X15: =K15+M15+O15+Q15+S15+U15+W15 -> 38691 | Y15: =I15-X15 -> 5962 | Z15: =(0.93352*(W15+S15)+0.5568*(Q15+O15))*0.26 -> 5504.1599 | AA15: =SUM(Z12:Z15) -> 23060.112
A16: 44575 | B16: 212 | C16: 19297 | D16: =IF((C16-C15)<0,"0",(C16-C15))*160 -> 320 | E16: 29531355 | F16: =IF((E16-E15)<0,"0",(E16-E15)) -> 7994 | G16: 93921141 | H16: =IF((G16-G15)<0,"0",(G16-G15)) -> 52744 | I16: =F16+H16 -> 60738 | J16: 9305499 | K16: =(IF((J16-J15)<0,"0",(J16-J15)))*2 -> 10746 | L16: 9316719 | M16: =IF((L16-L15)<0,"0",(L16-L15)) -> 6149 | N16: 6263226 | O16: =(IF((N16-N15)<0,"0",(N16-N15)))*2 -> 1684 | P16: 5787510 | Q16: =IF((P16-P15)<0,"0",(P16-P15)) -> 8648 | R16: 19881235 | S16: =IF((R16-R15)<0,"0",(R16-R15)) -> 12440 | T16: 0 | V16: 7773212 | W16: =IF((V16-V15)<0,"0",(V16-V15)) -> 12451 | X16: =K16+M16+O16+Q16+S16+U16+W16 -> 52118 | Y16: =I16-X16 -> 8620 | Z16: =(0.93352*(W16+S16)+0.5568*(Q16+O16))*0.26 -> 7537.167 | AA16: =SUM(Z13:Z16) -> 23888.13
A17: 44576 | B17: 175 | C17: 19299 | D17: =IF((C17-C16)<0,"0",(C17-C16))*160 -> 320 | E17: 29536366 | F17: =IF((E17-E16)<0,"0",(E17-E16)) -> 5011 | G17: 93954613 | H17: =IF((G17-G16)<0,"0",(G17-G16)) -> 33472 | I17: =F17+H17 -> 38483 | J17: 9309109 | K17: =(IF((J17-J16)<0,"0",(J17-J16)))*2 -> 7220 | L17: 9320441 | M17: =IF((L17-L16)<0,"0",(L17-L16)) -> 3722 | N17: 6263819 | O17: =(IF((N17-N16)<0,"0",(N17-N16)))*2 -> 1186 | P17: 5792973 | Q17: =IF((P17-P16)<0,"0",(P17-P16)) -> 5463 | R17: 19889219 | S17: =IF((R17-R16)<0,"0",(R17-R16)) -> 7984 | T17: 0 | V17: 7780936 | W17: =IF((V17-V16)<0,"0",(V17-V16)) -> 7724 | X17: =K17+M17+O17+Q17+S17+U17+W17 -> 33299 | Y17: =I17-X17 -> 5184 | Z17: =(0.93352*(W17+S17)+0.5568*(Q17+O17))*0.26 -> 4775.1328 | AA17: =SUM(Z14:Z17) -> 24437.665
A18: 44577 | B18: 191 | C18: 19302 | D18: =IF((C18-C17)<0,"0",(C18-C17))*160 -> 480 | E18: 29542910 | F18: =IF((E18-E17)<0,"0",(E18-E17)) -> 6544 | G18: 93998424 | H18: =IF((G18-G17)<0,"0",(G18-G17)) -> 43811 | I18: =F18+H18 -> 50355 | J18: 9314010 | K18: =(IF((J18-J17)<0,"0",(J18-J17)))*2 -> 9802 | L18: 9325514 | M18: =IF((L18-L17)<0,"0",(L18-L17)) -> 5073 | N18: 6264482 | O18: =(IF((N18-N17)<0,"0",(N18-N17)))*2 -> 1326 | P18: 5799843 | Q18: =IF((P18-P17)<0,"0",(P18-P17)) -> 6870 | R18: 19899322 | S18: =IF((R18-R17)<0,"0",(R18-R17)) -> 10103 | T18: 0 | V18: 7791275 | W18: =IF((V18-V17)<0,"0",(V18-V17)) -> 10339 | X18: =K18+M18+O18+Q18+S18+U18+W18 -> 43513 | Y18: =I18-X18 -> 6842 | Z18: =(0.93352*(W18+S18)+0.5568*(Q18+O18))*0.26 -> 6148.1026 | AA18: =SUM(Z15:Z18) -> 23964.562
A19: 44578 | B19: 195 | C19: 19304 | D19: =IF((C19-C18)<0,"0",(C19-C18))*160 -> 320 | E19: 29548389 | F19: =IF((E19-E18)<0,"0",(E19-E18)) -> 5479 | G19: 94033585 | H19: =IF((G19-G18)<0,"0",(G19-G18)) -> 35161 | I19: =F19+H19 -> 40640 | J19: 9318060 | K19: =(IF((J19-J18)<0,"0",(J19-J18)))*2 -> 8100 | L19: 9329888 | M19: =IF((L19-L18)<0,"0",(L19-L18)) -> 4374 | N19: 6264987 | O19: =(IF((N19-N18)<0,"0",(N19-N18)))*2 -> 1010 | P19: 5804787 | Q19: =IF((P19-P18)<0,"0",(P19-P18)) -> 4944 | R19: 19907849 | S19: =IF((R19-R18)<0,"0",(R19-R18)) -> 8527 | T19: 0 | V19: 7799675 | W19: =IF((V19-V18)<0,"0",(V19-V18)) -> 8400 | X19: =K19+M19+O19+Q19+S19+U19+W19 -> 35355 | Y19: =I19-X19 -> 5285 | Z19: =(0.93352*(W19+S19)+0.5568*(Q19+O19))*0.26 -> 4970.3889 | AA19: =SUM(Z16:Z19) -> 23430.791
A20: 44579 | B20: 205 | C20: 19305 | D20: =IF((C20-C19)<0,"0",(C20-C19))*160 -> 160 | E20: 29556814 | F20: =IF((E20-E19)<0,"0",(E20-E19)) -> 8425 | G20: 94086434 | H20: =IF((G20-G19)<0,"0",(G20-G19)) -> 52849 | I20: =F20+H20 -> 61274 | J20: 9323982 | K20: =(IF((J20-J19)<0,"0",(J20-J19)))*2 -> 11844 | L20: 9336451 | M20: =IF((L20-L19)<0,"0",(L20-L19)) -> 6563 | N20: 6265843 | O20: =(IF((N20-N19)<0,"0",(N20-N19)))*2 -> 1712 | P20: 5813284 | Q20: =IF((P20-P19)<0,"0",(P20-P19)) -> 8497 | R20: 19920221 | S20: =IF((R20-R19)<0,"0",(R20-R19)) -> 12372 | T20: 0 | V20: 7812026 | W20: =IF((V20-V19)<0,"0",(V20-V19)) -> 12351 | X20: =K20+M20+O20+Q20+S20+U20+W20 -> 53339 | Y20: =I20-X20 -> 7935 | Z20: =(0.93352*(W20+S20)+0.5568*(Q20+O20))*0.26 -> 7478.5844 | AA20: =SUM(Z17:Z20) -> 23372.209
A21: 44580 | B21: 264 | C21: 19307 | D21: =IF((C21-C20)<0,"0",(C21-C20))*160 -> 320 | E21: 29562670 | F21: =IF((E21-E20)<0,"0",(E21-E20)) -> 5856 | G21: 94124042 | H21: =IF((G21-G20)<0,"0",(G21-G20)) -> 37608 | I21: =F21+H21 -> 43464 | J21: 9328341 | K21: =(IF((J21-J20)<0,"0",(J21-J20)))*2 -> 8718 | L21: 9341055 | M21: =IF((L21-L20)<0,"0",(L21-L20)) -> 4604 | N21: 6266411 | O21: =(IF((N21-N20)<0,"0",(N21-N20)))*2 -> 1136 | P21: 5821888 | Q21: =IF((P21-P20)<0,"0",(P21-P20)) -> 8604 | R21: 19929284 | S21: =IF((R21-R20)<0,"0",(R21-R20)) -> 9063 | T21: 0 | V21: 7820888 | W21: =IF((V21-V20)<0,"0",(V21-V20)) -> 8862 | X21: =K21+M21+O21+Q21+S21+U21+W21 -> 40987 | Y21: =I21-X21 -> 2477 | Z21: =(0.93352*(W21+S21)+0.5568*(Q21+O21))*0.26 -> 5760.7103 | AA21: =SUM(Z18:Z21) -> 24357.786
A22: 44581 | B22: =B21 -> 264 | C22: 19310 | D22: =IF((C22-C21)<0,"0",(C22-C21))*160 -> 480 | E22: 29569978 | F22: =IF((E22-E21)<0,"0",(E22-E21)) -> 7308 | G22: 94175393 | H22: =IF((G22-G21)<0,"0",(G22-G21)) -> 51351 | I22: =F22+H22 -> 58659 | J22: 9333554 | K22: =(IF((J22-J21)<0,"0",(J22-J21)))*2 -> 10426 | L22: 9346790 | M22: =IF((L22-L21)<0,"0",(L22-L21)) -> 5735 | N22: 6267128 | O22: =(IF((N22-N21)<0,"0",(N22-N21)))*2 -> 1434 | P22: 5826118 | Q22: =IF((P22-P21)<0,"0",(P22-P21)) -> 4230 | R22: 19941336 | S22: =IF((R22-R21)<0,"0",(R22-R21)) -> 12052 | T22: 0 | V22: 7833708 | W22: =IF((V22-V21)<0,"0",(V22-V21)) -> 12820 | X22: =K22+M22+O22+Q22+S22+U22+W22 -> 46697 | Y22: =I22-X22 -> 11962 | Z22: =(0.93352*(W22+S22)+0.5568*(Q22+O22))*0.26 -> 6856.7784 | AA22: =SUM(Z19:Z22) -> 25066.462
A23: 44582 | B23: 143 | C23: 19313 | D23: =IF((C23-C22)<0,"0",(C23-C22))*160 -> 480 | E23: 29576175 | F23: =IF((E23-E22)<0,"0",(E23-E22)) -> 6197 | G23: 94215391 | H23: =IF((G23-G22)<0,"0",(G23-G22)) -> 39998 | I23: =F23+H23 -> 46195 | J23: 9337190 | K23: =(IF((J23-J22)<0,"0",(J23-J22)))*2 -> 7272 | L23: 9351434 | M23: =IF((L23-L22)<0,"0",(L23-L22)) -> 4644 | N23: 6267836 | O23: =(IF((N23-N22)<0,"0",(N23-N22)))*2 -> 1416 | P23: 5832046 | Q23: =IF((P23-P22)<0,"0",(P23-P22)) -> 5928 | R23: 19950772 | S23: =IF((R23-R22)<0,"0",(R23-R22)) -> 9436 | T23: 0 | V23: 7843535 | W23: =IF((V23-V22)<0,"0",(V23-V22)) -> 9827 | X23: =K23+M23+O23+Q23+S23+U23+W23 -> 38523 | Y23: =I23-X23 -> 7672 | Z23: =(0.93352*(W23+S23)+0.5568*(Q23+O23))*0.26 -> 5738.5991 | AA23: =SUM(Z20:Z23) -> 25834.672
A24: 44583 | B24: 209 | C24: 19315 | D24: =IF((C24-C23)<0,"0",(C24-C23))*160 -> 320 | E24: 29581718 | F24: =IF((E24-E23)<0,"0",(E24-E23)) -> 5543 | G24: 94252053 | H24: =IF((G24-G23)<0,"0",(G24-G23)) -> 36662 | I24: =F24+H24 -> 42205 | J24: 9340897 | K24: =(IF((J24-J23)<0,"0",(J24-J23)))*2 -> 7414 | L24: 9355675 | M24: =IF((L24-L23)<0,"0",(L24-L23)) -> 4241 | N24: 6268469 | O24: =(IF((N24-N23)<0,"0",(N24-N23)))*2 -> 1266 | P24: 5837908 | Q24: =IF((P24-P23)<0,"0",(P24-P23)) -> 5862 | R24: 19959334 | S24: =IF((R24-R23)<0,"0",(R24-R23)) -> 8562 | T24: 0 | V24: 7852380 | W24: =IF((V24-V23)<0,"0",(V24-V23)) -> 8845 | X24: =K24+M24+O24+Q24+S24+U24+W24 -> 36190 | Y24: =I24-X24 -> 6015 | Z24: =(0.93352*(W24+S24)+0.5568*(Q24+O24))*0.26 -> 5256.8498 | AA24: =SUM(Z21:Z24) -> 23612.938
A25: 44584 | B25: 193 | C25: 19315 | D25: =IF((C25-C24)<0,"0",(C25-C24))*160 -> 0 | E25: 29592815 | F25: =IF((E25-E24)<0,"0",(E25-E24)) -> 11097 | G25: 94296571 | H25: =IF((G25-G24)<0,"0",(G25-G24)) -> 44518 | I25: =F25+H25 -> 55615 | J25: 9346141 | K25: =(IF((J25-J24)<0,"0",(J25-J24)))*2 -> 10488 | L25: 9361371 | M25: =IF((L25-L24)<0,"0",(L25-L24)) -> 5696 | N25: 6271064 | O25: =(IF((N25-N24)<0,"0",(N25-N24)))*2 -> 5190 | P25: 5841304 | Q25: =IF((P25-P24)<0,"0",(P25-P24)) -> 3396 | R25: 19970646 | S25: =IF((R25-R24)<0,"0",(R25-R24)) -> 11312 | T25: 0 | V25: 7864022 | W25: =IF((V25-V24)<0,"0",(V25-V24)) -> 11642 | X25: =K25+M25+O25+Q25+S25+U25+W25 -> 47724 | Y25: =I25-X25 -> 7891 | Z25: =(0.93352*(W25+S25)+0.5568*(Q25+O25))*0.26 -> 6814.2627 | AA25: =SUM(Z22:Z25) -> 24666.49
A26: 44585 | B26: 164 | C26: 19316 | D26: =IF((C26-C25)<0,"0",(C26-C25))*160 -> 160 | E26: 29601910 | F26: =IF((E26-E25)<0,"0",(E26-E25)) -> 9095 | G26: 94329025 | H26: =IF((G26-G25)<0,"0",(G26-G25)) -> 32454 | I26: =F26+H26 -> 41549 | J26: 9349942 | K26: =(IF((J26-J25)<0,"0",(J26-J25)))*2 -> 7602 | L26: 9365890 | M26: =IF((L26-L25)<0,"0",(L26-L25)) -> 4519 | N26: 6273290 | O26: =(IF((N26-N25)<0,"0",(N26-N25)))*2 -> 4452 | P26: 5843275 | Q26: =IF((P26-P25)<0,"0",(P26-P25)) -> 1971 | R26: 19979417 | S26: =IF((R26-R25)<0,"0",(R26-R25)) -> 8771 | T26: 0 | V26: 7872526 | W26: =IF((V26-V25)<0,"0",(V26-V25)) -> 8504 | X26: =K26+M26+O26+Q26+S26+U26+W26 -> 35819 | Y26: =I26-X26 -> 5730 | Z26: =(0.93352*(W26+S26)+0.5568*(Q26+O26))*0.26 -> 5122.7499 | AA26: =SUM(Z23:Z26) -> 22932.462
A27: 44586 | B27: =B26 -> 164 | D27: =IF((C27-C26)<0,"0",(C27-C26))*160 -> 0 | F27: =IF((E27-E26)<0,"0",(E27-E26)) -> 0 | H27: =IF((G27-G26)<0,"0",(G27-G26)) -> 0 | I27: =F27+H27 -> 0 | K27: =(IF((J27-J26)<0,"0",(J27-J26)))*2 -> 0 | M27: =IF((L27-L26)<0,"0",(L27-L26)) -> 0 | N27: =N26 -> 6273290 | O27: =(IF((N27-N26)<0,"0",(N27-N26)))*2 -> 0 | P27: =P26 -> 5843275 | Q27: =IF((P27-P26)<0,"0",(P27-P26)) -> 0 | R27: =R26 -> 19979417 | S27: =IF((R27-R26)<0,"0",(R27-R26)) -> 0 | T27: 0 | V27: =V26 -> 7872526 | W27: =IF((V27-V26)<0,"0",(V27-V26)) -> 0 | X27: =K27+M27+O27+Q27+S27+U27+W27 -> 0 | Y27: =I27-X27 -> 0 | Z27: =(0.93352*(W27+S27)+0.5568*(Q27+O27))*0.26 -> 0 | AA27: =SUM(Z24:Z27) -> 17193.862
A28: 44587 | B28: =B27 -> 164 | D28: =IF((C28-C27)<0,"0",(C28-C27))*160 -> 0 | F28: =IF((E28-E27)<0,"0",(E28-E27)) -> 0 | H28: =IF((G28-G27)<0,"0",(G28-G27)) -> 0 | I28: =F28+H28 -> 0 | K28: =(IF((J28-J27)<0,"0",(J28-J27)))*2 -> 0 | M28: =IF((L28-L27)<0,"0",(L28-L27)) -> 0 | N28: =N27 -> 6273290 | O28: =(IF((N28-N27)<0,"0",(N28-N27)))*2 -> 0 | P28: =P27 -> 5843275 | Q28: =IF((P28-P27)<0,"0",(P28-P27)) -> 0 | R28: =R27 -> 19979417 | S28: =IF((R28-R27)<0,"0",(R28-R27)) -> 0 | T28: 0 | V28: =V27 -> 7872526 | W28: =IF((V28-V27)<0,"0",(V28-V27)) -> 0 | X28: =K28+M28+O28+Q28+S28+U28+W28 -> 0 | Y28: =I28-X28 -> 0 | Z28: =(0.93352*(W28+S28)+0.5568*(Q28+O28))*0.26 -> 0 | AA28: =SUM(Z25:Z28) -> 11937.013
A29: 44588 | B29: =B28 -> 164 | D29: =IF((C29-C28)<0,"0",(C29-C28))*160 -> 0 | F29: =IF((E29-E28)<0,"0",(E29-E28)) -> 0 | H29: =IF((G29-G28)<0,"0",(G29-G28)) -> 0 | I29: =F29+H29 -> 0 | K29: =(IF((J29-J28)<0,"0",(J29-J28)))*2 -> 0 | M29: =IF((L29-L28)<0,"0",(L29-L28)) -> 0 | N29: =N28 -> 6273290 | O29: =(IF((N29-N28)<0,"0",(N29-N28)))*2 -> 0 | P29: =P28 -> 5843275 | Q29: =IF((P29-P28)<0,"0",(P29-P28)) -> 0 | R29: =R28 -> 19979417 | S29: =IF((R29-R28)<0,"0",(R29-R28)) -> 0 | T29: 0 | V29: =V28 -> 7872526 | W29: =IF((V29-V28)<0,"0",(V29-V28)) -> 0 | X29: =K29+M29+O29+Q29+S29+U29+W29 -> 0 | Y29: =I29-X29 -> 0 | Z29: =(0.93352*(W29+S29)+0.5568*(Q29+O29))*0.26 -> 0 | AA29: =SUM(Z26:Z29) -> 5122.7499
A30: 44589 | B30: =B29 -> 164 | D30: =IF((C30-C29)<0,"0",(C30-C29))*160 -> 0 | F30: =IF((E30-E29)<0,"0",(E30-E29)) -> 0 | H30: =IF((G30-G29)<0,"0",(G30-G29)) -> 0 | I30: =F30+H30 -> 0 | K30: =(IF((J30-J29)<0,"0",(J30-J29)))*2 -> 0 | M30: =IF((L30-L29)<0,"0",(L30-L29)) -> 0 | N30: =N29 -> 6273290 | O30: =(IF((N30-N29)<0,"0",(N30-N29)))*2 -> 0 | P30: =P29 -> 5843275 | Q30: =IF((P30-P29)<0,"0",(P30-P29)) -> 0 | R30: =R29 -> 19979417 | S30: =IF((R30-R29)<0,"0",(R30-R29)) -> 0 | T30: 0 | V30: =V29 -> 7872526 | W30: =IF((V30-V29)<0,"0",(V30-V29)) -> 0 | X30: =K30+M30+O30+Q30+S30+U30+W30 -> 0 | Y30: =I30-X30 -> 0 | Z30: =(0.93352*(W30+S30)+0.5568*(Q30+O30))*0.26 -> 0 | AA30: =SUM(Z27:Z30) -> 0
A31: 44590 | B31: =B30 -> 164 | D31: =IF((C31-C30)<0,"0",(C31-C30))*160 -> 0 | F31: =IF((E31-E30)<0,"0",(E31-E30)) -> 0 | H31: =IF((G31-G30)<0,"0",(G31-G30)) -> 0 | I31: =F31+H31 -> 0 | K31: =(IF((J31-J30)<0,"0",(J31-J30)))*2 -> 0 | M31: =IF((L31-L30)<0,"0",(L31-L30)) -> 0 | N31: =N30 -> 6273290 | O31: =(IF((N31-N30)<0,"0",(N31-N30)))*2 -> 0 | P31: =P30 -> 5843275 | Q31: =IF((P31-P30)<0,"0",(P31-P30)) -> 0 | R31: =R30 -> 19979417 | S31: =IF((R31-R30)<0,"0",(R31-R30)) -> 0 | T31: 0 | V31: =V30 -> 7872526 | W31: =IF((V31-V30)<0,"0",(V31-V30)) -> 0 | X31: =K31+M31+O31+Q31+S31+U31+W31 -> 0 | Y31: =I31-X31 -> 0 | Z31: =(0.93352*(W31+S31)+0.5568*(Q31+O31))*0.26 -> 0 | AA31: =SUM(Z28:Z31) -> 0
A32: 44591 | B32: =B31 -> 164 | D32: =IF((C32-C31)<0,"0",(C32-C31))*160 -> 0 | F32: =IF((E32-E31)<0,"0",(E32-E31)) -> 0 | H32: =IF((G32-G31)<0,"0",(G32-G31)) -> 0 | I32: =F32+H32 -> 0 | K32: =(IF((J32-J31)<0,"0",(J32-J31)))*2 -> 0 | M32: =IF((L32-L31)<0,"0",(L32-L31)) -> 0 | N32: =N31 -> 6273290 | O32: =(IF((N32-N31)<0,"0",(N32-N31)))*2 -> 0 | P32: =P31 -> 5843275 | Q32: =IF((P32-P31)<0,"0",(P32-P31)) -> 0 | R32: =R31 -> 19979417 | S32: =IF((R32-R31)<0,"0",(R32-R31)) -> 0 | T32: 0 | V32: =V31 -> 7872526 | W32: =IF((V32-V31)<0,"0",(V32-V31)) -> 0 | X32: =K32+M32+O32+Q32+S32+U32+W32 -> 0 | Y32: =I32-X32 -> 0 | Z32: =(0.93352*(W32+S32)+0.5568*(Q32+O32))*0.26 -> 0 | AA32: =SUM(Z29:Z32) -> 0
A33: 44592 | B33: =B32 -> 164 | D33: =IF((C33-C32)<0,"0",(C33-C32))*160 -> 0 | F33: =IF((E33-E32)<0,"0",(E33-E32)) -> 0 | H33: =IF((G33-G32)<0,"0",(G33-G32)) -> 0 | I33: =F33+H33 -> 0 | K33: =(IF((J33-J32)<0,"0",(J33-J32)))*2 -> 0 | M33: =IF((L33-L32)<0,"0",(L33-L32)) -> 0 | N33: =N32 -> 6273290 | O33: =(IF((N33-N32)<0,"0",(N33-N32)))*2 -> 0 | P33: =P32 -> 5843275 | Q33: =IF((P33-P32)<0,"0",(P33-P32)) -> 0 | R33: =R32 -> 19979417 | S33: =IF((R33-R32)<0,"0",(R33-R32)) -> 0 | T33: 0 | V33: =V32 -> 7872526 | W33: =IF((V33-V32)<0,"0",(V33-V32)) -> 0 | X33: =K33+M33+O33+Q33+S33+U33+W33 -> 0 | Y33: =I33-X33 -> 0 | Z33: =(0.93352*(W33+S33)+0.5568*(Q33+O33))*0.26 -> 0 | AA33: =SUM(Z30:Z33) -> 0
A34: Total | B34: =SUM(B3:B33) -> 5835 | D34: =SUM(D3:D33) -> 8480 | E34: 0 | F34: =SUM(F3:F33) -> 207584 | G34: 0 | H34: =SUM(H3:H33) -> 952503 | I34: =SUM(I6:I33) -> 1009983 | J34: 0 | K34: =SUM(K3:K33) -> 211664 | L34: 0 | M34: =SUM(M3:M33) -> 123961 | N34: 0 | O34: =SUM(O3:O33) -> 80432 | P34: 0 | Q34: =SUM(Q3:Q33) -> 110124 | R34: 0 | S34: =SUM(S3:S33) -> 233025 | T34: =SUM(T6:T33) -> 0 | U34: =SUM(U3:U33) -> 0 | V34: 0 | W34: =SUM(W3:W33) -> 238449 | X34: =SUM(X6:X33) -> 868598 | Y34: =SUM(Y3:Y33) -> 162432 | Z34: =SUM(Z3:Z33) -> 142020.32 | AA34: =SUM(AA3:AA33) -> 562150.27

Sheet Water
A1: Day | B1: Main Reading | C1: Cons. | D1: Podium | E1: Cons. | F1: Hotel | G1: Cons. | H1: Large | I1: Cons. | J1: Total | K1: cost.LE
A2: 44561 | B2: 435789 | D2: 1292 | F2: 7381100 | H2: 766162 | J2: =C2+E2+G2+I2 -> 0 | K2: =J2*5.86 -> 0
A3: 44562 | B3: 435872 | C3: =(IF((B3-B2)<0,"0",(B3-B2)))*10 -> 830 | D3: 1344 | E3: =(D3-D2)*10 -> 520 | F3: 7392600 | G3: =(IF((F3-F2)<0,"0",(F3-F2)))*0.027 -> 310.5 | H3: 766323 | I3: =(IF((H3-H2)<0,"0",(H3-H2)))*0.027 -> 4.347 | J3: =C3+E3+G3+I3 -> 1664.847 | K3: =J3*5.86 -> 9756.0034
A4: 44563 | B4: 435950 | C4: =(IF((B4-B3)<0,"0",(B4-B3)))*10 -> 780 | D4: 1389 | E4: =(D4-D3)*10 -> 450 | F4: 7402800 | G4: =(IF((F4-F3)<0,"0",(F4-F3)))*0.027 -> 275.4 | H4: 766502 | I4: =(IF((H4-H3)<0,"0",(H4-H3)))*0.027 -> 4.833 | J4: =C4+E4+G4+I4 -> 1510.233 | K4: =J4*5.86 -> 8849.9654
A5: 44564 | B5: 436022 | C5: =(IF((B5-B4)<0,"0",(B5-B4)))*10 -> 720 | D5: 1426 | E5: =(D5-D4)*10 -> 370 | F5: 7412500 | G5: =(IF((F5-F4)<0,"0",(F5-F4)))*0.027 -> 261.9 | H5: 766672 | I5: =(IF((H5-H4)<0,"0",(H5-H4)))*0.027 -> 4.59 | J5: =C5+E5+G5+I5 -> 1356.49 | K5: =J5*5.86 -> 7949.0314
A6: 44565 | B6: 436100 | C6: =(IF((B6-B5)<0,"0",(B6-B5)))*10 -> 780 | D6: 1468 | E6: =(D6-D5)*10 -> 420 | F6: 7422900 | G6: =(IF((F6-F5)<0,"0",(F6-F5)))*0.027 -> 280.8 | H6: 766890 | I6: =(IF((H6-H5)<0,"0",(H6-H5)))*0.027 -> 5.886 | J6: =C6+E6+G6+I6 -> 1486.686 | K6: =J6*5.86 -> 8711.98
A7: 44566 | B7: 436174 | C7: =(IF((B7-B6)<0,"0",(B7-B6)))*10 -> 740 | D7: 1510 | E7: =(D7-D6)*10 -> 420 | F7: 7433000 | G7: =(IF((F7-F6)<0,"0",(F7-F6)))*0.027 -> 272.7 | H7: 767051 | I7: =(IF((H7-H6)<0,"0",(H7-H6)))*0.027 -> 4.347 | J7: =C7+E7+G7+I7 -> 1437.047 | K7: =J7*5.86 -> 8421.0954
A8: 44567 | B8: 436248 | C8: =(IF((B8-B7)<0,"0",(B8-B7)))*10 -> 740 | D8: 1552 | E8: =(D8-D7)*10 -> 420 | F8: 7443100 | G8: =(IF((F8-F7)<0,"0",(F8-F7)))*0.027 -> 272.7 | H8: 767212 | I8: =(IF((H8-H7)<0,"0",(H8-H7)))*0.027 -> 4.347 | J8: =C8+E8+G8+I8 -> 1437.047 | K8: =J8*5.86 -> 8421.0954
A9: 44568 | B9: 436304 | C9: =(IF((B9-B8)<0,"0",(B9-B8)))*10 -> 560 | D9: 1586 | E9: =(D9-D8)*10 -> 340 | F9: 7450500 | G9: =(IF((F9-F8)<0,"0",(F9-F8)))*0.027 -> 199.8 | H9: 767388 | I9: =(IF((H9-H8)<0,"0",(H9-H8)))*0.027 -> 4.752 | J9: =C9+E9+G9+I9 -> 1104.552 | K9: =J9*5.86 -> 6472.6747
A10: 44569 | B10: 436380 | C10: =(IF((B10-B9)<0,"0",(B10-B9)))*10 -> 760 | D10: 1626 | E10: =(D10-D9)*10 -> 400 | F10: 7460100 | G10: =(IF((F10-F9)<0,"0",(F10-F9)))*0.027 -> 259.2 | H10: 767548 | I10: =(IF((H10-H9)<0,"0",(H10-H9)))*0.027 -> 4.32 | J10: =C10+E10+G10+I10 -> 1423.52 | K10: =J10*5.86 -> 8341.8272
A11: 44570 | B11: 436461 | C11: =(IF((B11-B10)<0,"0",(B11-B10)))*10 -> 810 | D11: 1669 | E11: =(D11-D10)*10 -> 430 | F11: 7472000 | G11: =(IF((F11-F10)<0,"0",(F11-F10)))*0.027 -> 321.3 | H11: 767756 | I11: =(IF((H11-H10)<0,"0",(H11-H10)))*0.027 -> 5.616 | J11: =C11+E11+G11+I11 -> 1566.916 | K11: =J11*5.86 -> 9182.1278
A12: 44571 | B12: 436533 | C12: =(IF((B12-B11)<0,"0",(B12-B11)))*10 -> 720 | D12: 1704 | E12: =(D12-D11)*10 -> 350 | F12: 7483300 | G12: =(IF((F12-F11)<0,"0",(F12-F11)))*0.027 -> 305.1 | H12: 767939 | I12: =(IF((H12-H11)<0,"0",(H12-H11)))*0.027 -> 4.941 | J12: =C12+E12+G12+I12 -> 1380.041 | K12: =J12*5.86 -> 8087.0403
A13: 44572 | B13: 436651 | C13: =(IF((B13-B12)<0,"0",(B13-B12)))*10 -> 1180 | D13: 1789 | E13: =(D13-D12)*10 -> 850 | F13: 7493200 | G13: =(IF((F13-F12)<0,"0",(F13-F12)))*0.027 -> 267.3 | H13: 768156 | I13: =(IF((H13-H12)<0,"0",(H13-H12)))*0.027 -> 5.859 | J13: =C13+E13+G13+I13 -> 2303.159 | K13: =J13*5.86 -> 13496.512
A14: 44573 | B14: 436759 | C14: =(IF((B14-B13)<0,"0",(B14-B13)))*10 -> 1080 | D14: 1858 | E14: =(D14-D13)*10 -> 690 | F14: 7503600 | G14: =(IF((F14-F13)<0,"0",(F14-F13)))*0.027 -> 280.8 | H14: 768331 | I14: =(IF((H14-H13)<0,"0",(H14-H13)))*0.027 -> 4.725 | J14: =C14+E14+G14+I14 -> 2055.525 | K14: =J14*5.86 -> 12045.377
... A17: 44576 | B17: 437159 | C17: =(IF((B17-B16)<0,"0",(B17-B16)))*10 -> 1450 | D17: 2142 | E17: =(D17-D16)*10 -> 1010 | F17: 7534100 | G17: =(IF((F17-F16)<0,"0",(F17-F16)))*0.027 -> 272.7 | H17: 768790 | I17: =(IF((H17-H16)<0,"0",(H17-H16)))*0.027 -> 3.537 | J17: =C17+E17+G17+I17 -> 2736.237 | K17: =J17*5.86 -> 16034.349
A18: 44577 | B18: 437254 | C18: =(IF((B18-B17)<0,"0",(B18-B17)))*10 -> 950 | D18: 2207 | E18: =(D18-D17)*10 -> 650 | F18: 7543000 | G18: =(IF((F18-F17)<0,"0",(F18-F17)))*0.027 -> 240.3 | H18: 769043 | I18: =(IF((H18-H17)<0,"0",(H18-H17)))*0.027 -> 6.831 | J18: =C18+E18+G18+I18 -> 1847.131 | K18: =J18*5.86 -> 10824.188 | Q18: `
A19: 44578 | B19: 437329 | C19: =(IF((B19-B18)<0,"0",(B19-B18)))*10 -> 750 | D19: 2243 | E19: =(D19-D18)*10 -> 360 | F19: 7552200 | G19: =(IF((F19-F18)<0,"0",(F19-F18)))*0.027 -> 248.4 | H19: 769230 | I19: =(IF((H19-H18)<0,"0",(H19-H18)))*0.027 -> 5.049 | J19: =C19+E19+G19+I19 -> 1363.449 | K19: =J19*5.86 -> 7989.8111
A20: 44579 | B20: 437402 | C20: =(IF((B20-B19)<0,"0",(B20-B19)))*10 -> 730 | D20: 2284 | E20: =(D20-D19)*10 -> 410 | F20: 7562100 | G20: =(IF((F20-F19)<0,"0",(F20-F19)))*0.027 -> 267.3 | H20: 769414 | I20: =(IF((H20-H19)<0,"0",(H20-H19)))*0.027 -> 4.968 | J20: =C20+E20+G20+I20 -> 1412.268 | K20: =J20*5.86 -> 8275.8905
A21: 44580 | B21: 437483 | C21: =(IF((B21-B20)<0,"0",(B21-B20)))*10 -> 810 | D21: 2327 | E21: =(D21-D20)*10 -> 430 | F21: 7572600 | G21: =(IF((F21-F20)<0,"0",(F21-F20)))*0.027 -> 283.5 | H21: 769602 | I21: =(IF((H21-H20)<0,"0",(H21-H20)))*0.027 -> 5.076 | J21: =C21+E21+G21+I21 -> 1528.576 | K21: =J21*5.86 -> 8957.4554
A22: 44581 | B22: 437564 | C22: =(IF((B22-B21)<0,"0",(B22-B21)))*10 -> 810 | D22: 2370 | E22: =(D22-D21)*10 -> 430 | F22: 7583100 | G22: =(IF((F22-F21)<0,"0",(F22-F21)))*0.027 -> 283.5 | H22: 769790 | I22: =(IF((H22-H21)<0,"0",(H22-H21)))*0.027 -> 5.076 | J22: =C22+E22+G22+I22 -> 1528.576 | K22: =J22*5.86 -> 8957.4554
A23: 44582 | B23: 437643 | C23: =(IF((B23-B22)<0,"0",(B23-B22)))*10 -> 790 | D23: 2419 | E23: =(D23-D22)*10 -> 490 | F23: 7593100 | G23: =(IF((F23-F22)<0,"0",(F23-F22)))*0.027 -> 270 | H23: 769940 | I23: =(IF((H23-H22)<0,"0",(H23-H22)))*0.027 -> 4.05 | J23: =C23+E23+G23+I23 -> 1554.05 | K23: =J23*5.86 -> 9106.733
A24: 44583 | B24: 437723 | C24: =(IF((B24-B23)<0,"0",(B24-B23)))*10 -> 800 | D24: 2465 | E24: =(D24-D23)*10 -> 460 | F24: 7602400 | G24: =(IF((F24-F23)<0,"0",(F24-F23)))*0.027 -> 251.1 | H24: 770133 | I24: =(IF((H24-H23)<0,"0",(H24-H23)))*0.027 -> 5.211 | J24: =C24+E24+G24+I24 -> 1516.311 | K24: =J24*5.86 -> 8885.5825
A25: 44584 | B25: 437802 | C25: =(IF((B25-B24)<0,"0",(B25-B24)))*10 -> 790 | D25: 2507 | E25: =(D25-D24)*10 -> 420 | F25: 7611400 | G25: =(IF((F25-F24)<0,"0",(F25-F24)))*0.027 -> 243 | H25: 770332 | I25: =(IF((H25-H24)<0,"0",(H25-H24)))*0.027 -> 5.373 | J25: =C25+E25+G25+I25 -> 1458.373 | K25: =J25*5.86 -> 8546.0658
A26: 44585 | B26: 437874 | C26: =(IF((B26-B25)<0,"0",(B26-B25)))*10 -> 720 | D26: 2548 | E26: =(D26-D25)*10 -> 410 | F26: 7619700 | G26: =(IF((F26-F25)<0,"0",(F26-F25)))*0.027 -> 224.1 | H26: 770531 | I26: =(IF((H26-H25)<0,"0",(H26-H25)))*0.027 -> 5.373 | J26: =C26+E26+G26+I26 -> 1359.473 | K26: =J26*5.86 -> 7966.5118
A27: 44586 | B27: =B26 -> 437874 | C27: =(IF((B27-B26)<0,"0",(B27-B26)))*10 -> 0 | D27: =D26 -> 2548 | E27: =(D27-D26)*10 -> 0 | F27: =F26 -> 7619700 | G27: =(IF((F27-F26)<0,"0",(F27-F26)))*0.027 -> 0 | H27: =H26 -> 770531 | I27: =(IF((H27-H26)<0,"0",(H27-H26)))*0.027 -> 0 | J27: =C27+E27+G27+I27 -> 0 | K27: =J27*5.86 -> 0
A28: 44587 | B28: =B27 -> 437874 | C28: =(IF((B28-B27)<0,"0",(B28-B27)))*10 -> 0 | D28: =D27 -> 2548 | E28: =(D28-D27)*10 -> 0 | F28: =F27 -> 7619700 | G28: =(IF((F28-F27)<0,"0",(F28-F27)))*0.027 -> 0 | H28: =H27 -> 770531 | I28: =(IF((H28-H27)<0,"0",(H28-H27)))*0.027 -> 0 | J28: =C28+E28+G28+I28 -> 0 | K28: =J28*5.86 -> 0
A29: 44588 | B29: =B28 -> 437874 | C29: =(IF((B29-B28)<0,"0",(B29-B28)))*10 -> 0 | D29: =D28 -> 2548 | E29: =(D29-D28)*10 -> 0 | F29: =F28 -> 7619700 | G29: =(IF((F29-F28)<0,"0",(F29-F28)))*0.027 -> 0 | H29: =H28 -> 770531 | I29: =(IF((H29-H28)<0,"0",(H29-H28)))*0.027 -> 0 | J29: =C29+E29+G29+I29 -> 0 | K29: =J29*5.86 -> 0
A30: 44589 | B30: =B29 -> 437874 | C30: =(IF((B30-B29)<0,"0",(B30-B29)))*10 -> 0 | D30: =D29 -> 2548 | E30: =(D30-D29)*10 -> 0 | F30: =F29 -> 7619700 | G30: =(IF((F30-F29)<0,"0",(F30-F29)))*0.027 -> 0 | H30: =H29 -> 770531 | I30: =(IF((H30-H29)<0,"0",(H30-H29)))*0.027 -> 0 | J30: =C30+E30+G30+I30 -> 0 | K30: =J30*5.86 -> 0
A31: 44590 | B31: =B30 -> 437874 | C31: =(IF((B31-B30)<0,"0",(B31-B30)))*10 -> 0 | D31: =D30 -> 2548 | E31: =(D31-D30)*10 -> 0 | F31: =F30 -> 7619700 | G31: =(IF((F31-F30)<0,"0",(F31-F30)))*0.027 -> 0 | H31: =H30 -> 770531 | I31: =(IF((H31-H30)<0,"0",(H31-H30)))*0.027 -> 0 | J31: =C31+E31+G31+I31 -> 0 | K31: =J31*5.86 -> 0
A32: 44591 | B32: =B31 -> 437874 | C32: =(IF((B32-B31)<0,"0",(B32-B31)))*10 -> 0 | D32: =D31 -> 2548 | E32: =(D32-D31)*10 -> 0 | F32: =F31 -> 7619700 | G32: =(IF((F32-F31)<0,"0",(F32-F31)))*0.027 -> 0 | H32: =H31 -> 770531 | I32: =(IF((H32-H31)<0,"0",(H32-H31)))*0.027 -> 0 | J32: =C32+E32+G32+I32 -> 0 | K32: =J32*5.86 -> 0
A33: 44592 | B33: =B32 -> 437874 | C33: =(IF((B33-B32)<0,"0",(B33-B32)))*10 -> 0 | D33: =D32 -> 2548 | E33: =(D33-D32)*10 -> 0 | F33: =F32 -> 7619700 | G33: =(IF((F33-F32)<0,"0",(F33-F32)))*0.027 -> 0 | H33: =H32 -> 770531 | I33: =(IF((H33-H32)<0,"0",(H33-H32)))*0.027 -> 0 | J33: =C33+E33+G33+I33 -> 0 | K33: =J33*5.86 -> 0
A34: Total | C34: =SUM(C4:C33) -> 20020 | E34: =SUM(E4:E33) -> 12040 | G34: =SUM(G4:G33) -> 6131.7 | I34: =SUM(I4:I33) -> 113.616 | J34: =SUM(J4:J33) -> 38305.316 | K34: =SUM(K4:K33) -> 224469.15

Sheet Gas
A1: Day | B1: Main | C1: Cons.
A2: 44561 | B2: 17869775
A3: 44562 | B3: 17873522 | C3: =IF((B3-B2)<0,"0",(B3-B2)) -> 3747
A4: 44563 | B4: 17875871 | C4: =IF((B4-B3)<0,"0",(B4-B3)) -> 2349
A5: 44564 | B5: 17879221 | C5: =IF((B5-B4)<0,"0",(B5-B4)) -> 3350
A6: 44565 | B6: 17882953 | C6: =IF((B6-B5)<0,"0",(B6-B5)) -> 3732
A7: 44566 | B7: 17886320 | C7: =IF((B7-B6)<0,"0",(B7-B6)) -> 3367
A8: 44567 | B8: 17889784 | C8: =IF((B8-B7)<0,"0",(B8-B7)) -> 3464
A9: 44568 | B9: 17892322 | C9: =IF((B9-B8)<0,"0",(B9-B8)) -> 2538
A10: 44569 | B10: 17895427 | C10: =IF((B10-B9)<0,"0",(B10-B9)) -> 3105
A11: 44570 | B11: 17898269 | C11: =IF((B11-B10)<0,"0",(B11-B10)) -> 2842
A12: 44571 | B12: 17901324 | C12: =IF((B12-B11)<0,"0",(B12-B11)) -> 3055
A13: 44572 | B13: 17904696 | C13: =IF((B13-B12)<0,"0",(B13-B12)) -> 3372
A14: 44573 | B14: 17906945 | C14: =IF((B14-B13)<0,"0",(B14-B13)) -> 2249
... A26: 44585 | B26: 17949127 | C26: =IF((B26-B25)<0,"0",(B26-B25)) -> 3412
A27: 44586 | B27: =B26 -> 17949127 | C27: =IF((B27-B26)<0,"0",(B27-B26)) -> 0
A28: 44587 | B28: =B27 -> 17949127 | C28: =IF((B28-B27)<0,"0",(B28-B27)) -> 0
A29: 44588 | B29: =B28 -> 17949127 | C29: =IF((B29-B28)<0,"0",(B29-B28)) -> 0
A30: 44589 | B30: =B29 -> 17949127 | C30: =IF((B30-B29)<0,"0",(B30-B29)) -> 0
A31: 44590 | B31: =B30 -> 17949127 | C31: =IF((B31-B30)<0,"0",(B31-B30)) -> 0
A32: 44591 | B32: =B31 -> 17949127 | C32: =IF((B32-B31)<0,"0",(B32-B31)) -> 0
A33: 44592 | B33: =B32 -> 17949127 | C33: =IF((B33-B32)<0,"0",(B33-B32)) -> 0
A34: Total | C34: =SUM(C4:C33) -> 75605

Sheet BTU
A1: Day | B1: Hotel | C1: Cons. Mwh | D1: Cost (LE) | E1: B.S | F1: Cons. Mwh | G1: Cost (LE) | H1: LS | I1: Cons.Mwh | J1: Cost (LE) | K1: AHU # 25 | L1: Cons.Mwh | M1: Cost (LE) | N1: Mall | O1: Cons.Mwh | P1: Cost (LE) | Q1: AHU # 9 | R1: Cons.Mwh | S1: Cost (LE) | T1: Total Cons. | U1: Total Cost (LE) | W1: Water consumption for cooling towers | AB1: Chilled Water | AD1: Oil Boiler | AF1: B2 Cooling tower
A2: 44561 | B2: 22785.927 | D2: =C2*1.9*1000 -> 0 | E2: 4083.9 | G2: =F2*1.9*1000 -> 0 | H2: 4553 | J2: =I2*1.9*1000 -> 0 | K2: 13883.09 | M2: =L2*1.9*1000 -> 0 | N2: 3369 | P2: =O2*1.9*1000 -> 0 | Q2: 5289.9 | S2: =R2*1.9*1000 -> 0 | T2: =C2+F2+I2+L2+O2+R2 -> 0 | W2: 44561 | X2: 163330 | Y2: =X2-X1 -> 163330 | Z2: 8244 | AA2: =Z2-Z1 -> 8244 | AB2: 18.78 | AC2: 0 | AD2: 85 | AF2: 5234
A3: 44562 | B3: 22788.09 | C3: =IF((B3-B2)<0,"0",(B3-B2)) -> 2.163 | D3: =C3*1.9*1000 -> 4109.7 | E3: 4084.395 | F3: =IF((E3-E2)<0,"0",(E3-E2)) -> 0.495 | G3: =F3*1.9*1000 -> 940.5 | H3: 4557 | I3: =IF((H3-H2)<0,"0",(H3-H2)) -> 4 | J3: =I3*1.9*1000 -> 7600 | K3: 13883.09 | L3: =IF((K3-K2)<0,"0",(K3-K2)) -> 0 | M3: =L3*1.9*1000 -> 0 | N3: 3370.389 | O3: =IF((N3-N2)<0,"0",(N3-N2)) -> 1.389 | P3: =O3*1.9*1000 -> 2639.1 | Q3: 5290.56 | R3: =IF((Q3-Q2)<0,"0",(Q3-Q2)) -> 0.66 | S3: =R3*1.9*1000 -> 1254 | T3: =C3+F3+I3+L3+O3+R3 -> 8.707 | U3: =T3*1.9*1000 -> 16543.3 | W3: 44562 | X3: 163383 | Y3: =X3-X2 -> 53 | Z3: 8248 | AA3: =Z3-Z2 -> 4 | AB3: 19 | AC3: 0 | AD3: 89 | AE3: =AD3-AD2 -> 4 | AF3: 5250 | AG3: =AF3-AF2 -> 16
A4: 44563 | B4: 22790.295 | C4: =IF((B4-B3)<0,"0",(B4-B3)) -> 2.205 | D4: =C4*1.9*1000 -> 4189.5 | E4: 4085.1 | F4: =IF((E4-E3)<0,"0",(E4-E3)) -> 0.705 | G4: =F4*1.9*1000 -> 1339.5 | H4: 4562 | I4: =IF((H4-H3)<0,"0",(H4-H3)) -> 5 | J4: =I4*1.9*1000 -> 9500 | K4: 13883.26 | L4: =IF((K4-K3)<0,"0",(K4-K3)) -> 0.17 | M4: =L4*1.9*1000 -> 323 | N4: 3371.619 | O4: =IF((N4-N3)<0,"0",(N4-N3)) -> 1.23 | P4: =O4*1.9*1000 -> 2337 | Q4: 5290.83 | R4: =IF((Q4-Q3)<0,"0",(Q4-Q3)) -> 0.27 | S4: =R4*1.9*1000 -> 513 | T4: =C4+F4+I4+L4+O4+R4 -> 9.58 | U4: =T4*1.9*1000 -> 18202 | W4: 44563 | X4: 163421 | Y4: =X4-X3 -> 38 | Z4: 8251 | AA4: =Z4-Z3 -> 3 | AB4: =AB3 -> 19 | AC4: =AB4-AB3 -> 0 | AD4: =AD3 -> 89 | AE4: =AD4-AD3 -> 0 | AF4: 5258 | AG4: =AF4-AF3 -> 8
A5: 44564 | B5: 22792.652 | C5: =IF((B5-B4)<0,"0",(B5-B4)) -> 2.357 | D5: =C5*1.9*1000 -> 4478.3 | E5: 4085.851 | F5: =IF((E5-E4)<0,"0",(E5-E4)) -> 0.751 | G5: =F5*1.9*1000 -> 1426.9 | H5: 4566 | I5: =IF((H5-H4)<0,"0",(H5-H4)) -> 4 | J5: =I5*1.9*1000 -> 7600 | K5: 13885.11 | L5: =IF((K5-K4)<0,"0",(K5-K4)) -> 1.85 | M5: =L5*1.9*1000 -> 3515 | N5: 3372.751 | O5: =IF((N5-N4)<0,"0",(N5-N4)) -> 1.132 | P5: =O5*1.9*1000 -> 2150.8 | Q5: 5291.46 | R5: =IF((Q5-Q4)<0,"0",(Q5-Q4)) -> 0.63 | S5: =R5*1.9*1000 -> 1197 | T5: =C5+F5+I5+L5+O5+R5 -> 10.72 | U5: =T5*1.9*1000 -> 20368 | W5: 44564 | X5: 163452 | Y5: =X5-X4 -> 31 | Z5: 8254 | AA5: =Z5-Z4 -> 3 | AB5: =AB4 -> 19 | AC5: =AB5-AB4 -> 0 | AD5: 95 | AE5: =AD5-AD4 -> 6 | AF5: 5263 | AG5: =AF5-AF4 -> 5
A6: 44565 | B6: 22794.937 | C6: =IF((B6-B5)<0,"0",(B6-B5)) -> 2.285 | D6: =C6*1.9*1000 -> 4341.5 | E6: 4086.629 | F6: =IF((E6-E5)<0,"0",(E6-E5)) -> 0.778 | G6: =F6*1.9*1000 -> 1478.2 | H6: 4569 | I6: =IF((H6-H5)<0,"0",(H6-H5)) -> 3 | J6: =I6*1.9*1000 -> 5700 | K6: 13887.33 | L6: =IF((K6-K5)<0,"0",(K6-K5)) -> 2.22 | M6: =L6*1.9*1000 -> 4218 | N6: 3373.795 | O6: =IF((N6-N5)<0,"0",(N6-N5)) -> 1.044 | P6: =O6*1.9*1000 -> 1983.6 | Q6: =Q5 -> 5291.46 | R6: =IF((Q6-Q5)<0,"0",(Q6-Q5)) -> 0 | S6: =R6*1.9*1000 -> 0 | T6: =C6+F6+I6+L6+O6+R6 -> 9.327 | U6: =T6*1.9*1000 -> 17721.3 | W6: 44565 | X6: 163459 | Y6: =X6-X5 -> 7 | Z6: 8258 | AA6: =Z6-Z5 -> 4 | AB6: =AB5 -> 19 | AC6: =AB6-AB5 -> 0 | AD6: 99 | AE6: =AD6-AD5 -> 4 | AF6: 5282 | AG6: =AF6-AF5 -> 19
A7: 44566 | B7: 22797.704 | C7: =IF((B7-B6)<0,"0",(B7-B6)) -> 2.767 | D7: =C7*1.9*1000 -> 5257.3 | E7: 4087.393 | F7: =IF((E7-E6)<0,"0",(E7-E6)) -> 0.764 | G7: =F7*1.9*1000 -> 1451.6 | H7: 4575 | I7: =IF((H7-H6)<0,"0",(H7-H6)) -> 6 | J7: =I7*1.9*1000 -> 11400 | K7: 13889.67 | L7: =IF((K7-K6)<0,"0",(K7-K6)) -> 2.34 | M7: =L7*1.9*1000 -> 4446 | N7: 3375.219 | O7: =IF((N7-N6)<0,"0",(N7-N6)) -> 1.424 | P7: =O7*1.9*1000 -> 2705.6 | Q7: =Q6 -> 5291.46 | R7: =IF((Q7-Q6)<0,"0",(Q7-Q6)) -> 0 | S7: =R7*1.9*1000 -> 0 | T7: =C7+F7+I7+L7+O7+R7 -> 13.295 | U7: =T7*1.9*1000 -> 25260.5 | W7: 44566 | X7: 163532 | Y7: =X7-X6 -> 73 | Z7: 8264 | AA7: =Z7-Z6 -> 6 | AB7: 19.41 | AC7: =AB7-AB6 -> 0.41 | AD7: 101 | AE7: =AD7-AD6 -> 2 | AF7: 5291 | AG7: =AF7-AF6 -> 9
A8: 44567 | B8: 22799.969 | C8: =IF((B8-B7)<0,"0",(B8-B7)) -> 2.265 | D8: =C8*1.9*1000 -> 4303.5 | E8: 4087.755 | F8: =IF((E8-E7)<0,"0",(E8-E7)) -> 0.362 | G8: =F8*1.9*1000 -> 687.8 | H8: 4579 | I8: =IF((H8-H7)<0,"0",(H8-H7)) -> 4 | J8: =I8*1.9*1000 -> 7600 | K8: 13889.7 | L8: =IF((K8-K7)<0,"0",(K8-K7)) -> 0.03 | M8: =L8*1.9*1000 -> 57 | N8: 3376.412 | O8: =IF((N8-N7)<0,"0",(N8-N7)) -> 1.193 | P8: =O8*1.9*1000 -> 2266.7 | Q8: =Q7 -> 5291.46 | R8: =IF((Q8-Q7)<0,"0",(Q8-Q7)) -> 0 | S8: =R8*1.9*1000 -> 0 | T8: =C8+F8+I8+L8+O8+R8 -> 7.85 | U8: =T8*1.9*1000 -> 14915 | W8: 44567 | X8: 163540 | Y8: =X8-X7 -> 8 | Z8: 8267 | AA8: =Z8-Z7 -> 3 | AB8: 19.41 | AC8: =AB8-AB7 -> 0 | AD8: =AD7 -> 101 | AE8: =AD8-AD7 -> 0 | AF8: 5320 | AG8: =AF8-AF7 -> 29
A9: 44568 | B9: 22802.121 | C9: =IF((B9-B8)<0,"0",(B9-B8)) -> 2.152 | D9: =C9*1.9*1000 -> 4088.8 | E9: 4088.1 | F9: =IF((E9-E8)<0,"0",(E9-E8)) -> 0.345 | G9: =F9*1.9*1000 -> 655.5 | H9: 4584 | I9: =IF((H9-H8)<0,"0",(H9-H8)) -> 5 | J9: =I9*1.9*1000 -> 9500 | K9: 13889.7 | L9: =IF((K9-K8)<0,"0",(K9-K8)) -> 0 | M9: =L9*1.9*1000 -> 0 | N9: 3377.574 | O9: =IF((N9-N8)<0,"0",(N9-N8)) -> 1.162 | P9: =O9*1.9*1000 -> 2207.8 | Q9: =Q8 -> 5291.46 | R9: =IF((Q9-Q8)<0,"0",(Q9-Q8)) -> 0 | S9: =R9*1.9*1000 -> 0 | T9: =C9+F9+I9+L9+O9+R9 -> 8.659 | U9: =T9*1.9*1000 -> 16452.1 | W9: 44568 | X9: 163560 | Y9: =X9-X8 -> 20 | Z9: 8270 | AA9: =Z9-Z8 -> 3 | AB9: 19.41 | AC9: =AB9-AB8 -> 0 | AD9: 108 | AE9: =AD9-AD8 -> 7 | AF9: 5331 | AG9: =AF9-AF8 -> 11
A10: 44569 | B10: 22804.38 | C10: =IF((B10-B9)<0,"0",(B10-B9)) -> 2.259 | D10: =C10*1.9*1000 -> 4292.1 | E10: 4088.523 | F10: =IF((E10-E9)<0,"0",(E10-E9)) -> 0.423 | G10: =F10*1.9*1000 -> 803.7 | H10: 4588 | I10: =IF((H10-H9)<0,"0",(H10-H9)) -> 4 | J10: =I10*1.9*1000 -> 7600 | K10: 13889.7 | L10: =IF((K10-K9)<0,"0",(K10-K9)) -> 0 | M10: =L10*1.9*1000 -> 0 | N10: 3378.867 | O10: =IF((N10-N9)<0,"0",(N10-N9)) -> 1.293 | P10: =O10*1.9*1000 -> 2456.7 | Q10: =Q9 -> 5291.46 | R10: =IF((Q10-Q9)<0,"0",(Q10-Q9)) -> 0 | S10: =R10*1.9*1000 -> 0 | T10: =C10+F10+I10+L10+O10+R10 -> 7.975 | U10: =T10*1.9*1000 -> 15152.5 | W10: 44569 | X10: 163597 | Y10: =X10-X9 -> 37 | Z10: 8273 | AA10: =Z10-Z9 -> 3 | AB10: =AB9 -> 19.41 | AC10: =AB10-AB9 -> 0 | AD10: 110 | AE10: =AD10-AD9 -> 2 | AF10: 5342 | AG10: =AF10-AF9 -> 11
A11: 44570 | B11: 22805.946 | C11: =IF((B11-B10)<0,"0",(B11-B10)) -> 1.566 | D11: =C11*1.9*1000 -> 2975.4 | E11: 4088.93 | F11: =IF((E11-E10)<0,"0",(E11-E10)) -> 0.407 | G11: =F11*1.9*1000 -> 773.3 | H11: 4591 | I11: =IF((H11-H10)<0,"0",(H11-H10)) -> 3 | J11: =I11*1.9*1000 -> 5700 | K11: 13889.7 | L11: =IF((K11-K10)<0,"0",(K11-K10)) -> 0 | M11: =L11*1.9*1000 -> 0 | N11: 3379.563 | O11: =IF((N11-N10)<0,"0",(N11-N10)) -> 0.696 | P11: =O11*1.9*1000 -> 1322.4 | Q11: 5291.46 | R11: =IF((Q11-Q10)<0,"0",(Q11-Q10)) -> 0 | S11: =R11*1.9*1000 -> 0 | T11: =C11+F11+I11+L11+O11+R11 -> 5.669 | U11: =T11*1.9*1000 -> 10771.1 | W11: 44570 | X11: 163623 | Y11: =X11-X10 -> 26 | Z11: 8275 | AA11: =Z11-Z10 -> 2 | AB11: =AB10 -> 19.41 | AC11: =AB11-AB10 -> 0 | AD11: 112 | AE11: =AD11-AD10 -> 2 | AF11: 5349 | AG11: =AF11-AF10 -> 7
A12: 44571 | B12: 22808.137 | C12: =IF((B12-B11)<0,"0",(B12-B11)) -> 2.191 | D12: =C12*1.9*1000 -> 4162.9 | E12: 4089.507 | F12: =IF((E12-E11)<0,"0",(E12-E11)) -> 0.577 | G12: =F12*1.9*1000 -> 1096.3 | H12: 4596 | I12: =IF((H12-H11)<0,"0",(H12-H11)) -> 5 | J12: =I12*1.9*1000 -> 9500 | K12: 13889.7 | L12: =IF((K12-K11)<0,"0",(K12-K11)) -> 0 | M12: =L12*1.9*1000 -> 0 | N12: 3380.648 | O12: =IF((N12-N11)<0,"0",(N12-N11)) -> 1.085 | P12: =O12*1.9*1000 -> 2061.5 | Q12: 5291.46 | R12: =IF((Q12-Q11)<0,"0",(Q12-Q11)) -> 0 | S12: =R12*1.9*1000 -> 0 | T12: =C12+F12+I12+L12+O12+R12 -> 8.853 | U12: =T12*1.9*1000 -> 16820.7 | W12: 44571 | X12: 163668 | Y12: =X12-X11 -> 45 | Z12: 8280 | AA12: =Z12-Z11 -> 5 | AB12: 19.42 | AC12: =AB12-AB11 -> 0.01 | AD12: 114 | AE12: =AD12-AD11 -> 2 | AF12: 5360 | AG12: =AF12-AF11 -> 11
A13: 44572 | B13: 22811.072 | C13: =IF((B13-B12)<0,"0",(B13-B12)) -> 2.935 | D13: =C13*1.9*1000 -> 5576.5 | E13: 4090.357 | F13: =IF((E13-E12)<0,"0",(E13-E12)) -> 0.85 | G13: =F13*1.9*1000 -> 1615 | H13: 4602 | I13: =IF((H13-H12)<0,"0",(H13-H12)) -> 6 | J13: =I13*1.9*1000 -> 11400 | K13: 13889.7 | L13: =IF((K13-K12)<0,"0",(K13-K12)) -> 0 | M13: =L13*1.9*1000 -> 0 | N13: 3382.077 | O13: =IF((N13-N12)<0,"0",(N13-N12)) -> 1.429 | P13: =O13*1.9*1000 -> 2715.1 | Q13: 5291.46 | R13: =IF((Q13-Q12)<0,"0",(Q13-Q12)) -> 0 | S13: =R13*1.9*1000 -> 0 | T13: =C13+F13+I13+L13+O13+R13 -> 11.214 | U13: =T13*1.9*1000 -> 21306.6 | W13: 44572 | X13: 163681 | Y13: =X13-X12 -> 13 | Z13: 8287 | AA13: =Z13-Z12 -> 7 | AB13: =AB12 -> 19.42 | AC13: =AB13-AB12 -> 0 | AD13: 118 | AE13: =AD13-AD12 -> 4 | AF13: 5375 | AG13: =AF13-AF12 -> 15
A14: 44573 | B14: 22812.422 | C14: =IF((B14-B13)<0,"0",(B14-B13)) -> 1.35 | D14: =C14*1.9*1000 -> 2565 | E14: 4090.748 | F14: =IF((E14-E13)<0,"0",(E14-E13)) -> 0.391 | G14: =F14*1.9*1000 -> 742.9 | H14: 4605 | I14: =IF((H14-H13)<0,"0",(H14-H13)) -> 3 | J14: =I14*1.9*1000 -> 5700 | K14: 13889.7 | L14: =IF((K14-K13)<0,"0",(K14-K13)) -> 0 | M14: =L14*1.9*1000 -> 0 | N14: 3382.687 | O14: =IF((N14-N13)<0,"0",(N14-N13)) -> 0.61 | P14: =O14*1.9*1000 -> 1159 | Q14: 5291.46 | R14: =IF((Q14-Q13)<0,"0",(Q14-Q13)) -> 0 | S14: =R14*1.9*1000 -> 0 | T14: =C14+F14+I14+L14+O14+R14 -> 5.351 | U14: =T14*1.9*1000 -> 10166.9 | W14: 44573 | X14: 163699 | Y14: =X14-X13 -> 18 | Z14: 8291 | AA14: =Z14-Z13 -> 4 | AB14: =AB13 -> 19.42 | AC14: =AB14-AB13 -> 0 | AD14: 120 | AE14: =AD14-AD13 -> 2 | AF14: 5382 | AG14: =AF14-AF13 -> 7
A15: 44574 | B15: 22814.671 | C15: =IF((B15-B14)<0,"0",(B15-B14)) -> 2.249 | D15: =C15*1.9*1000 -> 4273.1 | E15: 4091.372 | F15: =IF((E15-E14)<0,"0",(E15-E14)) -> 0.624 | G15: =F15*1.9*1000 -> 1185.6 | H15: 4609 | I15: =IF((H15-H14)<0,"0",(H15-H14)) -> 4 | J15: =I15*1.9*1000 -> 7600 | K15: 13889.7 | L15: =IF((K15-K14)<0,"0",(K15-K14)) -> 0 | M15: =L15*1.9*1000 -> 0 | N15: 3383.694 | O15: =IF((N15-N14)<0,"0",(N15-N14)) -> 1.007 | P15: =O15*1.9*1000 -> 1913.3 | Q15: 5291.46 | R15: =IF((Q15-Q14)<0,"0",(Q15-Q14)) -> 0 | S15: =R15*1.9*1000 -> 0 | T15: =C15+F15+I15+L15+O15+R15 -> 7.88 | U15: =T15*1.9*1000 -> 14972 | W15: 44574 | X15: 163727 | Y15: =X15-X14 -> 28 | Z15: 8297 | AA15: =Z15-Z14 -> 6 | AB15: 19.42 | AC15: =AB15-AB14 -> 0 | AD15: 120 | AE15: =AD15-AD14 -> 0 | AF15: 5391 | AG15: =AF15-AF14 -> 9
A16: 44575 | B16: 22817.069 | C16: =IF((B16-B15)<0,"0",(B16-B15)) -> 2.398 | D16: =C16*1.9*1000 -> 4556.2 | E16: 4091.982 | F16: =IF((E16-E15)<0,"0",(E16-E15)) -> 0.61 | G16: =F16*1.9*1000 -> 1159 | H16: 4614 | I16: =IF((H16-H15)<0,"0",(H16-H15)) -> 5 | J16: =I16*1.9*1000 -> 9500 | K16: 13889.7 | L16: =IF((K16-K15)<0,"0",(K16-K15)) -> 0 | M16: =L16*1.9*1000 -> 0 | N16: 3384.868 | O16: =IF((N16-N15)<0,"0",(N16-N15)) -> 1.174 | P16: =O16*1.9*1000 -> 2230.6 | Q16: 5291.46 | R16: =IF((Q16-Q15)<0,"0",(Q16-Q15)) -> 0 | S16: =R16*1.9*1000 -> 0 | T16: =C16+F16+I16+L16+O16+R16 -> 9.182 | U16: =T16*1.9*1000 -> 17445.8 | W16: 44575 | X16: 163754 | Y16: =X16-X15 -> 27 | Z16: 8301 | AA16: =Z16-Z15 -> 4 | AB16: 19.42 | AC16: =AB16-AB15 -> 0 | AD16: 126 | AE16: =AD16-AD15 -> 6 | AF16: 5403 | AG16: =AF16-AF15 -> 12
A17: 44576 | B17: 22818.876 | C17: =IF((B17-B16)<0,"0",(B17-B16)) -> 1.807 | D17: =C17*1.9*1000 -> 3433.3 | E17: 4092.364 | F17: =IF((E17-E16)<0,"0",(E17-E16)) -> 0.382 | G17: =F17*1.9*1000 -> 725.8 | H17: 4618 | I17: =IF((H17-H16)<0,"0",(H17-H16)) -> 4 | J17: =I17*1.9*1000 -> 7600 | K17: 13889.7 | L17: =IF((K17-K16)<0,"0",(K17-K16)) -> 0 | M17: =L17*1.9*1000 -> 0 | N17: 3385.971 | O17: =IF((N17-N16)<0,"0",(N17-N16)) -> 1.103 | P17: =O17*1.9*1000 -> 2095.7 | Q17: 5291.46 | R17: =IF((Q17-Q16)<0,"0",(Q17-Q16)) -> 0 | S17: =R17*1.9*1000 -> 0 | T17: =C17+F17+I17+L17+O17+R17 -> 7.292 | U17: =T17*1.9*1000 -> 13854.8 | W17: 44576 | X17: 163769 | Y17: =X17-X16 -> 15 | Z17: 8306 | AA17: =Z17-Z16 -> 5 | AB17: 19.42 | AC17: =AB17-AB16 -> 0 | AD17: 129 | AE17: =AD17-AD16 -> 3 | AF17: 5413 | AG17: =AF17-AF16 -> 10
A18: 44577 | B18: 22820.095 | C18: =IF((B18-B17)<0,"0",(B18-B17)) -> 1.219 | D18: =C18*1.9*1000 -> 2316.1 | E18: 4093.121 | F18: =IF((E18-E17)<0,"0",(E18-E17)) -> 0.757 | G18: =F18*1.9*1000 -> 1438.3 | H18: 4621 | I18: =IF((H18-H17)<0,"0",(H18-H17)) -> 3 | J18: =I18*1.9*1000 -> 5700 | K18: =K17 -> 13889.7 | L18: =IF((K18-K17)<0,"0",(K18-K17)) -> 0 | M18: =L18*1.9*1000 -> 0 | N18: 3386.859 | O18: =IF((N18-N17)<0,"0",(N18-N17)) -> 0.888 | P18: =O18*1.9*1000 -> 1687.2 | Q18: 5291.46 | R18: =IF((Q18-Q17)<0,"0",(Q18-Q17)) -> 0 | S18: =R18*1.9*1000 -> 0 | T18: =C18+F18+I18+L18+O18+R18 -> 5.864 | U18: =T18*1.9*1000 -> 11141.6 | W18: 44577 | X18: 163785 | Y18: =X18-X17 -> 16 | Z18: 8311 | AA18: =Z18-Z17 -> 5 | AB18: =AB17 -> 19.42 | AC18: =AB18-AB17 -> 0 | AD18: 131 | AE18: =AD18-AD17 -> 2 | AF18: =AF17 -> 5413 | AG18: 18
A19: 44578 | B19: 22822.395 | C19: =IF((B19-B18)<0,"0",(B19-B18)) -> 2.3 | D19: =C19*1.9*1000 -> 4370 | E19: 4093.405 | F19: =IF((E19-E18)<0,"0",(E19-E18)) -> 0.284 | G19: =F19*1.9*1000 -> 539.6 | H19: 4627 | I19: =IF((H19-H18)<0,"0",(H19-H18)) -> 6 | J19: =I19*1.9*1000 -> 11400 | K19: 13889.7 | L19: =IF((K19-K18)<0,"0",(K19-K18)) -> 0 | M19: =L19*1.9*1000 -> 0 | N19: 3388.233 | O19: =IF((N19-N18)<0,"0",(N19-N18)) -> 1.374 | P19: =O19*1.9*1000 -> 2610.6 | Q19: 5291.46 | R19: =IF((Q19-Q18)<0,"0",(Q19-Q18)) -> 0 | S19: =R19*1.9*1000 -> 0 | T19: =C19+F19+I19+L19+O19+R19 -> 9.958 | U19: =T19*1.9*1000 -> 18920.2 | W19: 44578 | X19: 163818 | Y19: =X19-X18 -> 33 | Z19: 8318 | AA19: =Z19-Z18 -> 7 | AB19: =AB18 -> 19.42 | AC19: =AB19-AB18 -> 0 | AD19: 133 | AE19: =AD19-AD18 -> 2 | AF19: 5433 | AG19: 17
A20: 44579 | B20: 22823.999 | C20: =IF((B20-B19)<0,"0",(B20-B19)) -> 1.604 | D20: =C20*1.9*1000 -> 3047.6 | E20: 4093.889 | F20: =IF((E20-E19)<0,"0",(E20-E19)) -> 0.484 | G20: =F20*1.9*1000 -> 919.6 | H20: 4631 | I20: =IF((H20-H19)<0,"0",(H20-H19)) -> 4 | J20: =I20*1.9*1000 -> 7600 | K20: 13889.7 | L20: =IF((K20-K19)<0,"0",(K20-K19)) -> 0 | M20: =L20*1.9*1000 -> 0 | N20: 3389.266 | O20: =IF((N20-N19)<0,"0",(N20-N19)) -> 1.033 | P20: =O20*1.9*1000 -> 1962.7 | Q20: 5291.46 | R20: =IF((Q20-Q19)<0,"0",(Q20-Q19)) -> 0 | S20: =R20*1.9*1000 -> 0 | T20: =C20+F20+I20+L20+O20+R20 -> 7.121 | U20: =T20*1.9*1000 -> 13529.9 | W20: 44579 | X20: 163898 | Y20: =X20-X19 -> 80 | Z20: 8327 | AA20: =Z20-Z19 -> 9 | AB20: 19.42 | AC20: =AB20-AB19 -> 0 | AD20: 136 | AE20: 2 | AF20: 5451 | AG20: =AF20-AF19 -> 18
A21: 44580 | B21: 22826.005 | C21: =IF((B21-B20)<0,"0",(B21-B20)) -> 2.006 | D21: =C21*1.9*1000 -> 3811.4 | E21: 4094.619 | F21: =IF((E21-E20)<0,"0",(E21-E20)) -> 0.73 | G21: =F21*1.9*1000 -> 1387 | H21: 4636 | I21: =IF((H21-H20)<0,"0",(H21-H20)) -> 5 | J21: =I21*1.9*1000 -> 9500 | K21: 13889.7 | L21: =IF((K21-K20)<0,"0",(K21-K20)) -> 0 | M21: =L21*1.9*1000 -> 0 | N21: 3390.519 | O21: =IF((N21-N20)<0,"0",(N21-N20)) -> 1.253 | P21: =O21*1.9*1000 -> 2380.7 | Q21: 5291.46 | R21: =IF((Q21-Q20)<0,"0",(Q21-Q20)) -> 0 | S21: =R21*1.9*1000 -> 0 | T21: =C21+F21+I21+L21+O21+R21 -> 8.989 | U21: =T21*1.9*1000 -> 17079.1 | W21: 44580 | X21: 163899 | Y21: =X21-X20 -> 1 | Z21: 8332 | AA21: =Z21-Z20 -> 5 | AB21: =AB20 -> 19.42 | AC21: =AB21-AB20 -> 0 | AD21: 140 | AE21: =AD21-AD20 -> 4 | AF21: 5469 | AG21: =AF21-AF20 -> 18
A22: 44581 | B22: 22827.527 | C22: =IF((B22-B21)<0,"0",(B22-B21)) -> 1.522 | D22: =C22*1.9*1000 -> 2891.8 | E22: 4094.987 | F22: =IF((E22-E21)<0,"0",(E22-E21)) -> 0.368 | G22: =F22*1.9*1000 -> 699.2 | H22: 4640 | I22: =IF((H22-H21)<0,"0",(H22-H21)) -> 4 | J22: =I22*1.9*1000 -> 7600 | K22: 13889.7 | L22: =IF((K22-K21)<0,"0",(K22-K21)) -> 0 | M22: =L22*1.9*1000 -> 0 | N22: 3391.455 | O22: =IF((N22-N21)<0,"0",(N22-N21)) -> 0.936 | P22: =O22*1.9*1000 -> 1778.4 | Q22: 5291.46 | R22: =IF((Q22-Q21)<0,"0",(Q22-Q21)) -> 0 | S22: =R22*1.9*1000 -> 0 | T22: =C22+F22+I22+L22+O22+R22 -> 6.826 | U22: =T22*1.9*1000 -> 12969.4 | W22: 44581 | X22: 163906 | Y22: =X22-X21 -> 7 | Z22: 8333 | AA22: =Z22-Z21 -> 1 | AB22: 19.54 | AC22: =AB22-AB21 -> 0.12 | AD22: 143 | AE22: =AD22-AD21 -> 3 | AF22: 5481 | AG22: =AF22-AF21 -> 12
A23: 44582 | B23: 22829.081 | C23: =IF((B23-B22)<0,"0",(B23-B22)) -> 1.554 | D23: =C23*1.9*1000 -> 2952.6 | E23: 4095.269 | F23: =IF((E23-E22)<0,"0",(E23-E22)) -> 0.282 | G23: =F23*1.9*1000 -> 535.8 | H23: 4644 | I23: =IF((H23-H22)<0,"0",(H23-H22)) -> 4 | J23: =I23*1.9*1000 -> 7600 | K23: 13889.7 | L23: =IF((K23-K22)<0,"0",(K23-K22)) -> 0 | M23: =L23*1.9*1000 -> 0 | N23: 3392.397 | O23: =IF((N23-N22)<0,"0",(N23-N22)) -> 0.942 | P23: =O23*1.9*1000 -> 1789.8 | Q23: 5291.46 | R23: =IF((Q23-Q22)<0,"0",(Q23-Q22)) -> 0 | S23: =R23*1.9*1000 -> 0 | T23: =C23+F23+I23+L23+O23+R23 -> 6.778 | U23: =T23*1.9*1000 -> 12878.2 | W23: 44582 | X23: 163920 | Y23: =X23-X22 -> 14 | Z23: 8336 | AA23: =Z23-Z22 -> 3 | AB23: =AB22 -> 19.54 | AC23: =AB23-AB22 -> 0 | AD23: 147 | AE23: =AD23-AD22 -> 4 | AF23: =AF22 -> 5481 | AG23: =AF23-AF22 -> 0
A24: 44583 | B24: 22831.205 | C24: =IF((B24-B23)<0,"0",(B24-B23)) -> 2.124 | D24: =C24*1.9*1000 -> 4035.6 | E24: 4095.588 | F24: =IF((E24-E23)<0,"0",(E24-E23)) -> 0.319 | G24: =F24*1.9*1000 -> 606.1 | H24: 4649 | I24: =IF((H24-H23)<0,"0",(H24-H23)) -> 5 | J24: =I24*1.9*1000 -> 9500 | K24: 13889.7 | L24: =IF((K24-K23)<0,"0",(K24-K23)) -> 0 | M24: =L24*1.9*1000 -> 0 | N24: 3393.446 | O24: =IF((N24-N23)<0,"0",(N24-N23)) -> 1.049 | P24: =O24*1.9*1000 -> 1993.1 | Q24: 5291.46 | R24: =IF((Q24-Q23)<0,"0",(Q24-Q23)) -> 0 | S24: =R24*1.9*1000 -> 0 | T24: =C24+F24+I24+L24+O24+R24 -> 8.492 | U24: =T24*1.9*1000 -> 16134.8 | W24: 44583 | X24: 163942 | Y24: =X24-X23 -> 22 | Z24: 8339 | AA24: =Z24-Z23 -> 3 | AB24: =AB23 -> 19.54 | AC24: =AB24-AB23 -> 0 | AD24: 149 | AE24: =AD24-AD23 -> 2 | AF24: 5519 | AG24: =AF24-AF23 -> 38
A25: 44584 | B25: 22833.771 | C25: =IF((B25-B24)<0,"0",(B25-B24)) -> 2.566 | D25: =C25*1.9*1000 -> 4875.4 | E25: 4096.172 | F25: =IF((E25-E24)<0,"0",(E25-E24)) -> 0.584 | G25: =F25*1.9*1000 -> 1109.6 | H25: 4654 | I25: =IF((H25-H24)<0,"0",(H25-H24)) -> 5 | J25: =I25*1.9*1000 -> 9500 | K25: =K24 -> 13889.7 | L25: =IF((K25-K24)<0,"0",(K25-K24)) -> 0 | M25: =L25*1.9*1000 -> 0 | N25: 3394.656 | O25: =IF((N25-N24)<0,"0",(N25-N24)) -> 1.21 | P25: =O25*1.9*1000 -> 2299 | Q25: 5291.46 | R25: =IF((Q25-Q24)<0,"0",(Q25-Q24)) -> 0 | S25: =R25*1.9*1000 -> 0 | T25: =C25+F25+I25+L25+O25+R25 -> 9.36 | U25: =T25*1.9*1000 -> 17784 | W25: 44584 | X25: 163974 | Y25: =X25-X24 -> 32 | Z25: 8345 | AA25: =Z25-Z24 -> 6 | AB25: 19.54 | AC25: =AB25-AB24 -> 0 | AD25: 151 | AE25: =AD25-AD24 -> 2 | AF25: =AF24 -> 5519 | AG25: =AF25-AF24 -> 0
A26: 44585 | B26: 22835.152 | C26: =IF((B26-B25)<0,"0",(B26-B25)) -> 1.381 | D26: =C26*1.9*1000 -> 2623.9 | E26: 4096.55 | F26: =IF((E26-E25)<0,"0",(E26-E25)) -> 0.378 | G26: =F26*1.9*1000 -> 718.2 | H26: 4657 | I26: =IF((H26-H25)<0,"0",(H26-H25)) -> 3 | J26: =I26*1.9*1000 -> 5700 | K26: =K25 -> 13889.7 | L26: =IF((K26-K25)<0,"0",(K26-K25)) -> 0 | M26: =L26*1.9*1000 -> 0 | N26: 3395.277 | O26: =IF((N26-N25)<0,"0",(N26-N25)) -> 0.621 | P26: =O26*1.9*1000 -> 1179.9 | Q26: 5291.46 | R26: =IF((Q26-Q25)<0,"0",(Q26-Q25)) -> 0 | S26: =R26*1.9*1000 -> 0 | T26: =C26+F26+I26+L26+O26+R26 -> 5.38 | U26: =T26*1.9*1000 -> 10222 | W26: 44585 | X26: 164010 | Y26: =X26-X25 -> 36 | Z26: 8347 | AA26: =Z26-Z25 -> 2 | AB26: 19.54 | AC26: =AB26-AB25 -> 0 | AD26: 154 | AE26: =AD26-AD25 -> 3 | AF26: 5531 | AG26: =AF26-AF25 -> 12
A27: 44586 | B27: =B26 -> 22835.152 | C27: =IF((B27-B26)<0,"0",(B27-B26)) -> 0 | D27: =C27*1.9*1000 -> 0 | E27: =E26 -> 4096.55 | F27: =IF((E27-E26)<0,"0",(E27-E26)) -> 0 | G27: =F27*1.9*1000 -> 0 | H27: =H26 -> 4657 | I27: =IF((H27-H26)<0,"0",(H27-H26)) -> 0 | J27: =I27*1.9*1000 -> 0 | K27: =K26 -> 13889.7 | L27: =IF((K27-K26)<0,"0",(K27-K26)) -> 0 | M27: =L27*1.9*1000 -> 0 | N27: =N26 -> 3395.277 | O27: =IF((N27-N26)<0,"0",(N27-N26)) -> 0 | P27: =O27*1.9*1000 -> 0 | Q27: 5291.46 | R27: =IF((Q27-Q26)<0,"0",(Q27-Q26)) -> 0 | S27: =R27*1.9*1000 -> 0 | T27: =C27+F27+I27+L27+O27+R27 -> 0 | U27: =T27*1.9*1000 -> 0 | W27: 44586 | X27: =X26 -> 164010 | Y27: =X27-X26 -> 0 | Z27: =Z26 -> 8347 | AA27: =Z27-Z26 -> 0 | AB27: =AB26 -> 19.54 | AC27: =AB27-AB26 -> 0 | AD27: =AD26 -> 154 | AE27: =AD27-AD26 -> 0 | AF27: =AF26 -> 5531 | AG27: =AF27-AF26 -> 0
A28: 44587 | B28: =B27 -> 22835.152 | C28: =IF((B28-B27)<0,"0",(B28-B27)) -> 0 | D28: =C28*1.9*1000 -> 0 | E28: =E27 -> 4096.55 | F28: =IF((E28-E27)<0,"0",(E28-E27)) -> 0 | G28: =F28*1.9*1000 -> 0 | H28: =H27 -> 4657 | I28: =IF((H28-H27)<0,"0",(H28-H27)) -> 0 | J28: =I28*1.9*1000 -> 0 | K28: =K27 -> 13889.7 | L28: =IF((K28-K27)<0,"0",(K28-K27)) -> 0 | M28: =L28*1.9*1000 -> 0 | N28: =N27 -> 3395.277 | O28: =IF((N28-N27)<0,"0",(N28-N27)) -> 0 | P28: =O28*1.9*1000 -> 0 | Q28: 5291.46 | R28: =IF((Q28-Q27)<0,"0",(Q28-Q27)) -> 0 | S28: =R28*1.9*1000 -> 0 | T28: =C28+F28+I28+L28+O28+R28 -> 0 | U28: =T28*1.9*1000 -> 0 | W28: 44587 | X28: =X27 -> 164010 | Y28: =X28-X27 -> 0 | Z28: =Z27 -> 8347 | AA28: =Z28-Z27 -> 0 | AB28: =AB27 -> 19.54 | AC28: =AB28-AB27 -> 0 | AD28: =AD27 -> 154 | AE28: =AD28-AD27 -> 0 | AF28: =AF27 -> 5531 | AG28: =AF28-AF27 -> 0
A29: 44588 | B29: =B28 -> 22835.152 | C29: =IF((B29-B28)<0,"0",(B29-B28)) -> 0 | D29: =C29*1.9*1000 -> 0 | E29: =E28 -> 4096.55 | F29: =IF((E29-E28)<0,"0",(E29-E28)) -> 0 | G29: =F29*1.9*1000 -> 0 | H29: =H28 -> 4657 | I29: =IF((H29-H28)<0,"0",(H29-H28)) -> 0 | J29: =I29*1.9*1000 -> 0 | K29: =K28 -> 13889.7 | L29: =IF((K29-K28)<0,"0",(K29-K28)) -> 0 | M29: =L29*1.9*1000 -> 0 | N29: =N28 -> 3395.277 | O29: =IF((N29-N28)<0,"0",(N29-N28)) -> 0 | P29: =O29*1.9*1000 -> 0 | Q29: 5291.46 | R29: =IF((Q29-Q28)<0,"0",(Q29-Q28)) -> 0 | S29: =R29*1.9*1000 -> 0 | T29: =C29+F29+I29+L29+O29+R29 -> 0 | U29: =T29*1.9*1000 -> 0 | W29: 44588 | X29: =X28 -> 164010 | Y29: =X29-X28 -> 0 | Z29: =Z28 -> 8347 | AA29: =Z29-Z28 -> 0 | AB29: =AB28 -> 19.54 | AC29: =AB29-AB28 -> 0 | AD29: =AD28 -> 154 | AE29: =AD29-AD28 -> 0 | AF29: =AF28 -> 5531 | AG29: =AF29-AF28 -> 0
A30: 44589 | B30: =B29 -> 22835.152 | C30: =IF((B30-B29)<0,"0",(B30-B29)) -> 0 | D30: =C30*1.9*1000 -> 0 | E30: =E29 -> 4096.55 | F30: =IF((E30-E29)<0,"0",(E30-E29)) -> 0 | G30: =F30*1.9*1000 -> 0 | H30: =H29 -> 4657 | I30: =IF((H30-H29)<0,"0",(H30-H29)) -> 0 | J30: =I30*1.9*1000 -> 0 | K30: =K29 -> 13889.7 | L30: =IF((K30-K29)<0,"0",(K30-K29)) -> 0 | M30: =L30*1.9*1000 -> 0 | N30: =N29 -> 3395.277 | O30: =IF((N30-N29)<0,"0",(N30-N29)) -> 0 | P30: =O30*1.9*1000 -> 0 | Q30: 5291.46 | R30: =IF((Q30-Q29)<0,"0",(Q30-Q29)) -> 0 | S30: =R30*1.9*1000 -> 0 | T30: =C30+F30+I30+L30+O30+R30 -> 0 | U30: =T30*1.9*1000 -> 0 | W30: 44589 | X30: =X29 -> 164010 | Y30: =X30-X29 -> 0 | Z30: =Z29 -> 8347 | AA30: =Z30-Z29 -> 0 | AB30: =AB29 -> 19.54 | AC30: =AB30-AB29 -> 0 | AD30: =AD29 -> 154 | AE30: =AD30-AD29 -> 0 | AF30: =AF29 -> 5531 | AG30: =AF30-AF29 -> 0
A31: 44590 | B31: =B30 -> 22835.152 | C31: =IF((B31-B30)<0,"0",(B31-B30)) -> 0 | D31: =C31*1.9*1000 -> 0 | E31: =E30 -> 4096.55 | F31: =IF((E31-E30)<0,"0",(E31-E30)) -> 0 | G31: =F31*1.9*1000 -> 0 | H31: =H30 -> 4657 | I31: =IF((H31-H30)<0,"0",(H31-H30)) -> 0 | J31: =I31*1.9*1000 -> 0 | K31: =K30 -> 13889.7 | L31: =IF((K31-K30)<0,"0",(K31-K30)) -> 0 | M31: =L31*1.9*1000 -> 0 | N31: =N30 -> 3395.277 | O31: =IF((N31-N30)<0,"0",(N31-N30)) -> 0 | P31: =O31*1.9*1000 -> 0 | Q31: 5291.46 | R31: =IF((Q31-Q30)<0,"0",(Q31-Q30)) -> 0 | S31: =R31*1.9*1000 -> 0 | T31: =C31+F31+I31+L31+O31+R31 -> 0 | U31: =T31*1.9*1000 -> 0 | W31: 44590 | X31: =X30 -> 164010 | Y31: =X31-X30 -> 0 | Z31: =Z30 -> 8347 | AA31: =Z31-Z30 -> 0 | AB31: =AB30 -> 19.54 | AC31: =AB31-AB30 -> 0 | AD31: =AD30 -> 154 | AE31: =AD31-AD30 -> 0 | AF31: =AF30 -> 5531 | AG31: =AF31-AF30 -> 0
A32: 44591 | B32: =B31 -> 22835.152 | C32: =IF((B32-B31)<0,"0",(B32-B31)) -> 0 | D32: =C32*1.9*1000 -> 0 | E32: =E31 -> 4096.55 | F32: =IF((E32-E31)<0,"0",(E32-E31)) -> 0 | G32: =F32*1.9*1000 -> 0 | H32: =H31 -> 4657 | I32: =IF((H32-H31)<0,"0",(H32-H31)) -> 0 | J32: =I32*1.9*1000 -> 0 | K32: =K31 -> 13889.7 | L32: =IF((K32-K31)<0,"0",(K32-K31)) -> 0 | M32: =L32*1.9*1000 -> 0 | N32: =N31 -> 3395.277 | O32: =IF((N32-N31)<0,"0",(N32-N31)) -> 0 | P32: =O32*1.9*1000 -> 0 | Q32: 5291.46 | R32: =IF((Q32-Q31)<0,"0",(Q32-Q31)) -> 0 | S32: =R32*1.9*1000 -> 0 | T32: =C32+F32+I32+L32+O32+R32 -> 0 | U32: =T32*1.9*1000 -> 0 | W32: 44591 | X32: =X31 -> 164010 | Y32: =X32-X31 -> 0 | Z32: =Z31 -> 8347 | AA32: =Z32-Z31 -> 0 | AB32: =AB31 -> 19.54 | AC32: 0 | AD32: =AD31 -> 154 | AE32: =AD32-AD31 -> 0 | AF32: =AF31 -> 5531 | AG32: =AF32-AF31 -> 0
A33: 44592 | B33: =B32 -> 22835.152 | C33: =IF((B33-B32)<0,"0",(B33-B32)) -> 0 | D33: =C33*1.9*1000 -> 0 | E33: =E32 -> 4096.55 | F33: =IF((E33-E32)<0,"0",(E33-E32)) -> 0 | G33: =F33*1.9*1000 -> 0 | H33: =H32 -> 4657 | I33: =IF((H33-H32)<0,"0",(H33-H32)) -> 0 | J33: =I33*1.9*1000 -> 0 | K33: =K32 -> 13889.7 | L33: =IF((K33-K32)<0,"0",(K33-K32)) -> 0 | M33: =L33*1.9*1000 -> 0 | N33: =N32 -> 3395.277 | O33: =IF((N33-N32)<0,"0",(N33-N32)) -> 0 | P33: =O33*1.9*1000 -> 0 | Q33: 5291.46 | R33: =IF((Q33-Q32)<0,"0",(Q33-Q32)) -> 0 | S33: =R33*1.9*1000 -> 0 | T33: =C33+F33+I33+L33+O33+R33 -> 0 | U33: =T33*1.9*1000 -> 0 | W33: 44592 | X33: =X32 -> 164010 | Y33: =X33-X32 -> 0 | Z33: =Z32 -> 8347 | AA33: =Z33-Z32 -> 0 | AB33: =AB32 -> 19.54 | AC33: 0 | AD33: =AD32 -> 154 | AE33: =AD33-AD32 -> 0 | AF33: =AF32 -> 5531 | AG33: =AF33-AF32 -> 0
A34: Total | C34: =SUM(C4:C33) -> 47.062 | D34: =SUM(D3:D33) -> 93527.5 | E34: 0 | F34: =SUM(F3:F33) -> 12.65 | G34: =SUM(G3:G33) -> 24035 | I34: =SUM(I3:I33) -> 104 | J34: =SUM(J3:J33) -> 197600 | L34: =SUM(L3:L33) -> 6.61 | M34: =SUM(M3:M33) -> 12559 | O34: =IF((N34-N33)<0,"0",(N34-N33)) -> 0 | P34: =SUM(P3:P33) -> 49926.3 | R34: =SUM(R3:R33) -> 1.56 | S34: =SUM(S3:S33) -> 2964 | T34: =SUM(T3:T33) -> 200.322 | U34: =SUM(U3:U33) -> 380611.8 | W34: Total cons. | Y34: =SUM(Y5:Y33) -> 589 | AA34: =SUM(AA5:AA33) -> 96 | AE34: 0 | AF34: 0 | AG34: 0

Sheet Energy Monthly Statement
A1: Energy Monthly Statement January 2022
B2: Plant room | C2: =K8+K9+K14 -> #REF! | D2: =C2*1.27 -> #REF! | H2: Electric
H3: Feeder 1 | I3: =ELECT.!E2 -> 29394326 | J3: =ELECT.!#REF! -> #REF! | K3: =J3-I3 -> #REF!
B4: With out Plant room | C4: Kwh | D4: LE | H4: Feeder 2 | I4: =ELECT.!G2 -> 93376522 | J4: =ELECT.!#REF! -> #REF! | K4: =J4-I4 -> #REF!
B5: Hotel | C5: =(K10+K12)*0.842284+K26 -> #REF! | D5: =C5*1.27 -> #REF! | H5: Total | K5: =K3+K4 -> #REF!
B6: Plaza | C6: =(K10+K12+K26)*0.1488 -> #REF! | D6: =C6*1.27 -> #REF! | H6: Tr1 | I6: =ELECT.!J2 -> 9244110 | J6: =ELECT.!#REF! -> #REF! | K6: =J6-I6 -> #REF!
B7: Large s. | C7: =(K6+K7)-(C8+C9+C10+C11+K26) -> #REF! | D7: =C7*1.27 -> #REF! | H7: Tr2 | I7: =ELECT.!L2 -> 9241929 | J7: =ELECT.!#REF! -> #REF! | K7: =J7-I7 -> #REF!
B8: Mall | C8: =K21+K22+K23+K24 -> #REF! | D8: =C8*1.27 -> #REF! | H8: Tr3 | I8: =ELECT.!N2 -> 6233074 | J8: =ELECT.!#REF! -> #REF! | K8: =(J8-I8)*2 -> #REF!
B9: EZZ | C9: =K25+K16+K17 -> #REF! | D9: =C9*1.27 -> #REF! | H9: Tr4 | I9: =ELECT.!P2 -> 5733151 | J9: =ELECT.!#REF! -> #REF! | K9: =J9-I9 -> #REF!
B10: Citadle | C10: =K18 -> #REF! | D10: =C10*1.27 -> #REF! | H10: Tr5 | I10: =ELECT.!R2 -> 19746392 | J10: =ELECT.!#REF! -> #REF! | K10: =J10-I10 -> #REF!
B11: CIB Bank | C11: =K19+K20 -> #REF! | D11: =C11*1.27 -> #REF! | H11: Tr6 | I11: 0 | J11: =ELECT.!J35 -> 0 | K11: =J11-I11 -> 0
H12: Tr7 | I12: =ELECT.!V2 -> 7634077 | J12: =ELECT.!#REF! -> #REF! | K12: =(J12-I12)*2 -> #REF!
B13: Water | C13: M3 | D13: LE | H13: Total | K13: =SUM(K6:K12) -> #REF!
B14: Main | C14: =K29 -> #REF! | D14: =C14*10.03 -> #REF! | H14: loss | K14: =K5-K13 -> #REF!
B15: Large suite | C15: =K30 -> #REF! | D15: =C15*10.03 -> #REF!
B16: Plaza | C16: =(C14-C15-C17-C18-C19-C20-C21)*0.1318 -> #REF! | D16: =C16*10.03 -> #REF! | H16: CO | I16: ='Mall, Citadel, Rotana'!T2 -> 3889 | J16: ='Mall, Citadel, Rotana'!#REF! -> #REF! | K16: =(J16-I16)*160 -> #REF!
B17: Mall | C17: 1420 | D17: =C17*10.03 -> 14242.6 | H17: RO1 | I17: ='Mall, Citadel, Rotana'!J2 -> 303517 | J17: ='Mall, Citadel, Rotana'!#REF! -> #REF! | K17: =(J17-I17)*160 -> #REF!
B18: CIB Bank | C18: 200 | D18: =C18*10.03 -> 2006 | H18: RO2 | I18: ='Mall, Citadel, Rotana'!L2 -> 25728 | J18: ='Mall, Citadel, Rotana'!#REF! -> #REF! | K18: =(J18-I18)*160 -> #REF!
B19: EZZ | C19: 600 | D19: =C19*10.03 -> 6018 | E19: Estimated value as there is no water Flow meter | H19: CIB 1 | I19: ='Mall, Citadel, Rotana'!P2 -> CIB. 1 | J19: ='Mall, Citadel, Rotana'!#REF! -> #REF! | K19: =J19-I19 -> #REF!
B20: Citadle | C20: 600 | D20: =C20*10.03 -> 6018 | H20: CIB E | I20: ='Mall, Citadel, Rotana'!R2 -> 55047 | J20: ='Mall, Citadel, Rotana'!#REF! -> #REF! | K20: =J20-I20 -> #REF!
B21: Plant room | C21: 3000 | D21: =C21*10.03 -> 30090 | H21: R1 | I21: ='Mall, Citadel, Rotana'!B2 -> 46419 | J21: ='Mall, Citadel, Rotana'!#REF! -> #REF! | K21: =(J21-I21)*120 -> #REF!
B22: Hotel | C22: =C14-(C15+C16+C17+C18+C19+C20+C21) -> #REF! | D22: =C22*10.03 -> #REF! | H22: R2 | I22: ='Mall, Citadel, Rotana'!D2 -> 40169 | J22: ='Mall, Citadel, Rotana'!#REF! -> #REF! | K22: =(J22-I22)*160 -> #REF!
H23: R3 | I23: ='Mall, Citadel, Rotana'!F2 -> 21164 | J23: ='Mall, Citadel, Rotana'!#REF! -> #REF! | K23: =(J23-I23)*20 -> #REF!
B24: Gas | H24: R4 | I24: ='Mall, Citadel, Rotana'!H2 -> 253097 | J24: ='Mall, Citadel, Rotana'!#REF! -> #REF! | K24: =J24-I24 -> #REF!
C25: M3 | D25: L.E | H25: RO.E | I25: ='Mall, Citadel, Rotana'!N2 -> 218807 | J25: ='Mall, Citadel, Rotana'!#REF! -> #REF! | K25: =J25-I25 -> #REF!
B26: Main | C26: =K35 -> #REF! | D26: =C26*3.65 -> #REF! | H26: New chiller | I26: =ELECT.!C2 -> 19263 | J26: =ELECT.!#REF! -> #REF! | K26: =(J26-I26)*160 -> #REF!
B27: Plant Room | C27: =C26 -> #REF! | D27: =C27*3.65 -> #REF!
H28: Water
H29: Main Reading | I29: =Water!B2 -> 435789 | J29: =Water!#REF! -> #REF! | K29: =(J29-I29)*10 -> #REF!
H30: Large Reading | I30: =Water!H2 -> 766162 | J30: =Water!#REF! -> #REF! | K30: =(J30-I30)*0.027 -> #REF!
H31: Pdium Reading | I31: =Water!D2 -> 1292 | J31: =Water!#REF! -> #REF! | K31: =(J31-I31)*0.027 -> #REF!
H32: Hotel reading | I32: =Water!F2 -> 7381100 | J32: =Water!#REF! -> #REF! | K32: =(J32-I32)*0.027 -> #REF!
H34: Gas
H35: Main | I35: =Gas!B2 -> 17869775 | J35: =Gas!#REF! -> #REF! | K35: =J35-I35 -> #REF!

Sheet Plaza and residential
C1: Floor | D1: Type | E1: Acutal till July 2021 | F1: Acutal till August 2021 | G1: Consumption | H1: Note | J1: Floor | K1: Type | L1: Acutal till August 2021 | M1: Acutal till Octobar 2021 | N1: Consumption | O1: Note
C2: 6 | D2: Jade | E2: 280262 | F2: 281385 | G2: =F2-E2 -> 1123 | J2: 6 | K2: Jade | L2: 281385 | M2: 283246 | N2: =M2-L2 -> 1861
D3: Pearl | E3: 242725 | F3: 243779 | G3: =F3-E3 -> 1054 | K3: Pearl | L3: 243779 | M3: 245142 | N3: =M3-L3 -> 1363
D4: Topaz | E4: 190541 | F4: 191088 | G4: =F4-E4 -> 547 | K4: Topaz | L4: 191088 | M4: 192356 | N4: =M4-L4 -> 1268
C5: 7 | D5: Jade | E5: 241447 | F5: 242725 | G5: =F5-E5 -> 1278 | J5: 7 | K5: Jade | L5: 242725 | M5: 245439 | N5: =M5-L5 -> 2714
D6: Pearl | E6: 153709 | F6: 153801 | G6: =F6-E6 -> 92 | K6: Pearl | L6: 153801 | M6: 153827 | N6: =M6-L6 -> 26
D7: Topaz | E7: 119307 | F7: 120067 | G7: =F7-E7 -> 760 | K7: Topaz | L7: 120067 | M7: 121622 | N7: =M7-L7 -> 1555
C8: 8 | D8: Jade | E8: 72845 | F8: 73064 | G8: =F8-E8 -> 219 | J8: 8 | K8: Jade | L8: 73064 | M8: 75412 | N8: =M8-L8 -> 2348
D9: Pearl | E9: 158 | F9: 158 | G9: =F9-E9 -> 0 | K9: Pearl | L9: 158 | M9: 158 | N9: =M9-L9 -> 0
D10: Topaz | E10: 98137 | F10: 98822 | G10: =F10-E10 -> 685 | K10: Topaz | L10: 98822 | M10: 99971 | N10: =M10-L10 -> 1149
C11: 9 | D11: Jade | E11: 34639 | F11: 34694 | G11: =F11-E11 -> 55 | J11: 9 | K11: Jade | L11: 34694 | M11: 34726 | N11: =M11-L11 -> 32
D12: Pearl | E12: 0 | F12: 0 | G12: =F12-E12 -> 0 | K12: Pearl | L12: 0 | M12: 0 | N12: =M12-L12 -> 0
D13: Topaz | E13: 28642 | F13: 28776 | G13: =F13-E13 -> 134 | K13: Topaz | L13: 28776 | M13: 28926 | N13: =M13-L13 -> 150
C14: 10 | D14: Jade | E14: 197101 | F14: 198779 | G14: =F14-E14 -> 1678 | J14: 10 | K14: Jade | L14: 198779 | M14: 202553 | N14: =M14-L14 -> 3774
D15: Pearl | E15: 7741 | F15: 7741 | G15: =F15-E15 -> 0 | K15: Pearl | L15: 7741 | M15: 7174 | N15: =M15-L15 -> -567
D16: Topaz | E16: 185938 | F16: 186735 | G16: =F16-E16 -> 797 | K16: Topaz | L16: 186735 | M16: 188697 | N16: =M16-L16 -> 1962
C17: 11 | D17: Jade | E17: 64235 | F17: 64951 | G17: =F17-E17 -> 716 | J17: 11 | K17: Jade | L17: 64951 | M17: 66191 | N17: =M17-L17 -> 1240
D18: Pearl | E18: 213386 | F18: 214391 | G18: =F18-E18 -> 1005 | K18: Pearl | L18: 214391 | M18: 215756 | N18: =M18-L18 -> 1365
D19: Topaz | E19: 30683 | F19: 30758 | G19: =F19-E19 -> 75 | K19: Topaz | L19: 30758 | M19: 30919 | N19: =M19-L19 -> 161
C20: 12 | D20: Jade | E20: 146008 | F20: 146144 | G20: =F20-E20 -> 136 | J20: 12 | K20: Jade | L20: 146144 | M20: 146382 | N20: =M20-L20 -> 238
D21: Pearl | E21: 22414 | F21: 22438 | G21: =F21-E21 -> 24 | K21: Pearl | L21: 22438 | M21: 22483 | N21: =M21-L21 -> 45
D22: Topaz | E22: 242715 | F22: 243056 | G22: =F22-E22 -> 341 | K22: Topaz | L22: 243056 | M22: 245112 | N22: =M22-L22 -> 2056
C23: 14 | D23: Jade | E23: 116871 | F23: 117017 | G23: =F23-E23 -> 146 | J23: 14 | K23: Jade | L23: 117017 | M23: 117346 | N23: =M23-L23 -> 329
D24: Pearl | E24: 23763 | F24: 23763 | G24: =F24-E24 -> 0 | K24: Pearl | L24: 23763 | M24: 25937 | N24: =M24-L24 -> 2174
D25: Topaz | E25: 1999 | F25: 1999 | G25: =F25-E25 -> 0 | K25: Topaz | L25: 1999 | M25: 1767 | N25: =M25-L25 -> -232
C26: 15 | D26: Jade | E26: 39380 | F26: 39380 | G26: =F26-E26 -> 0 | J26: 15 | K26: Jade | L26: 39380 | M26: 39348 | N26: =M26-L26 -> -32
D27: Pearl | E27: 80522 | F27: 80886 | G27: =F27-E27 -> 364 | K27: Pearl | L27: 80886 | M27: 81676 | N27: =M27-L27 -> 790
D28: Topaz | E28: 154238 | F28: 155292 | G28: =F28-E28 -> 1054 | K28: Topaz | L28: 155292 | M28: 157355 | N28: =M28-L28 -> 2063
C29: 16 | D29: Jade | E29: 97965 | F29: 97965 | G29: =F29-E29 -> 0 | J29: 16 | K29: Jade | L29: 97965 | M29: 97792 | N29: =M29-L29 -> -173
D30: Pearl | E30: 59824 | F30: 60065 | G30: =F30-E30 -> 241 | K30: Pearl | L30: 60065 | M30: 60464 | N30: =M30-L30 -> 399
D31: Topaz | E31: 68462 | F31: 68462 | G31: =F31-E31 -> 0 | K31: Topaz | L31: 68462 | M31: 68462 | N31: =M31-L31 -> 0
C32: 17 | D32: Jade | E32: 32768 | F32: 33108 | G32: =F32-E32 -> 340 | J32: 17 | K32: Jade | L32: 33108 | M32: 34035 | N32: =M32-L32 -> 927
D33: Pearl | E33: 64149 | F33: 64190 | G33: =F33-E33 -> 41 | K33: Pearl | L33: 64190 | M33: 64134 | N33: =M33-L33 -> -56
D34: Topaz | E34: 11579 | F34: 11664 | G34: =F34-E34 -> 85 | K34: Topaz | L34: 11664 | M34: 83366 | N34: =M34-L34 -> 71702
C35: 18 | D35: Jade | E35: 239144 | F35: 240194 | G35: =F35-E35 -> 1050 | J35: 18 | K35: Jade | L35: 240194 | M35: 243624 | N35: =M35-L35 -> 3430
D36: Pearl | E36: 16836 | F36: 17660 | G36: =F36-E36 -> 824 | K36: Pearl | L36: 17660 | M36: 17660 | N36: =M36-L36 -> 0
D37: Topaz | E37: 78775 | F37: 80127 | G37: =F37-E37 -> 1352 | K37: Topaz | L37: 80127 | M37: 83790 | N37: =M37-L37 -> 3663
C38: 19 | D38: Jade | E38: 21552 | F38: 21717 | G38: =F38-E38 -> 165 | J38: 19 | K38: Jade | L38: 21717 | M38: 22092 | N38: =M38-L38 -> 375
D39: Pearl | E39: 83126 | F39: 83384 | G39: =F39-E39 -> 258 | K39: Pearl | L39: 83384 | M39: 53053 | N39: =M39-L39 -> -30331
D40: Topaz | E40: 53053 | F40: 53053 | G40: =F40-E40 -> 0 | K40: Topaz | L40: 53053 | M40: 53053 | N40: =M40-L40 -> 0
C41: 20 | D41: Jade | E41: 118849 | F41: 119121 | G41: =F41-E41 -> 272 | J41: 20 | K41: Jade | L41: 119121 | M41: 119626 | N41: =M41-L41 -> 505
D42: Pearl | E42: 69099 | F42: 69249 | G42: =F42-E42 -> 150 | K42: Pearl | L42: 69249 | M42: 66556 | N42: =M42-L42 -> -2693
D43: Topaz | E43: 3298 | F43: 3298 | G43: =F43-E43 -> 0 | K43: Topaz | L43: 3298 | M43: 3312 | N43: =M43-L43 -> 14
C45: 21 | D45: Emerald | E45: 3468 | F45: 3511 | G45: =F45-E45 -> 43 | J45: 21 | K45: Emerald | L45: 3511 | M45: 3585 | N45: =M45-L45 -> 74
D46: Topaz | E46: 38755 | F46: 39537 | G46: =F46-E46 -> 782 | K46: Topaz | L46: 39537 | M46: 41106 | N46: =M46-L46 -> 1569
C47: 22 | D47: Emerald | E47: 13941 | F47: 13941 | G47: =F47-E47 -> 0 | J47: 22 | K47: Emerald | L47: 13941 | M47: 13642 | N47: =M47-L47 -> -299
D48: Topaz | E48: 19792 | F48: 19942 | G48: =F48-E48 -> 150 | K48: Topaz | L48: 19942 | M48: 20213 | N48: =M48-L48 -> 271
C49: 23 | D49: Emerald | G49: =F49-E49 -> 0 | J49: 23 | K49: Emerald | N49: =M49-L49 -> 0
D50: Topaz | G50: =F50-E50 -> 0 | K50: Topaz | N50: =M50-L50 -> 0
C52: 24 | D52: Sapphire | E52: 242334 | F52: 243404 | G52: =F52-E52 -> 1070 | J52: 24 | K52: Sapphire | L52: 243404 | M52: 245344 | N52: =M52-L52 -> 1940
D53: Ruby | E53: 536218 | F53: 536689 | G53: =F53-E53 -> 471 | K53: Ruby | L53: 536689 | M53: 237646 | N53: =M53-L53 -> -299043
D54: Sapphire | E54: 34567 | F54: 34567 | G54: =F54-E54 -> 0 | K54: Sapphire | L54: 34567 | M54: 34557 | N54: =M54-L54 -> -10
C55: 25 | D55: Sapphire | E55: 330 | F55: 330 | G55: =F55-E55 -> 0 | J55: 25 | K55: Sapphire | L55: 330 | M55: 330 | N55: =M55-L55 -> 0
D56: Ruby | E56: 3 | F56: 3 | G56: =F56-E56 -> 0 | K56: Ruby | L56: 3 | M56: 3 | N56: =M56-L56 -> 0
C57: 26 | D57: Sapphire | E57: 706781 | F57: 709819 | G57: =F57-E57 -> 3038 | J57: 26 | K57: Sapphire | L57: 709819 | M57: 716183 | N57: =M57-L57 -> 6364
D58: Ruby | E58: 775701 | F58: 779269 | G58: =F58-E58 -> 3568 | K58: Ruby | L58: 779269 | M58: 786793 | N58: =M58-L58 -> 7524
C59: 27 | D59: Sapphire | E59: 239540 | F59: 240561 | G59: =F59-E59 -> 1021 | J59: 27 | K59: Sapphire | L59: 240561 | M59: 242888 | N59: =M59-L59 -> 2327
D60: Ruby | E60: 99246 | F60: 100967 | G60: =F60-E60 -> 1721 | K60: Ruby | L60: 100967 | M60: 102293 | N60: =M60-L60 -> 1326
C62: 28 | D62: Diamond | H62: without | J62: 28 | K62: Diamond | O62: without
C64: Total Electricity Consumption KW | G64: =SUM(G2:G63) -> 28925 | J64: Total Electricity Consumption KW | N64: =SUM(N2:N63) -> -202363
B69: 44409 | G69: 44470 | L69: Cons.
B70: . | C70: 30 | D70: 35,40 | E70: 45,50 | G70: . | H70: 30 | I70: 35,40 | J70: 45,50 | L70: Floor | M70: 30 | N70: 35,40 | O70: 45,50
B71: 6 | C71: 92813 | D71: 56584 | E71: 78901 | G71: 6 | H71: 92813 | I71: 56584 | J71: 78901 | L71: 6 | M71: =H71-C71 -> 0 | N71: =I71-D71 -> 0 | O71: =J71-E71 -> 0
B72: 7 | C72: 97400 | D72: 104249 | E72: 64322 | G72: 7 | H72: 97400 | I72: 104249 | J72: 64322 | L72: 7 | M72: =H72-C72 -> 0 | N72: =I72-D72 -> 0 | O72: =J72-E72 -> 0
B73: 8 | C73: 113302 | D73: 251904 | E73: 109334 | G73: 8 | H73: 113302 | I73: 251904 | J73: 109334 | L73: 8 | M73: =H73-C73 -> 0 | N73: =I73-D73 -> 0 | O73: =J73-E73 -> 0
B74: 9 | C74: 68757 | D74: 152765 | E74: 155974 | G74: 9 | H74: 68757 | I74: 152765 | J74: 155974 | L74: 9 | M74: =H74-C74 -> 0 | N74: =I74-D74 -> 0 | O74: =J74-E74 -> 0
B75: 10 | C75: 72174 | D75: 113714 | E75: 147690 | G75: 10 | H75: 72174 | I75: 113714 | J75: 147690 | L75: 10 | M75: =H75-C75 -> 0 | N75: =I75-D75 -> 0 | O75: =J75-E75 -> 0
B76: 11 | C76: 154783 | D76: 184017 | E76: 212196 | G76: 11 | H76: 154783 | I76: 184017 | J76: 212196 | L76: 11 | M76: =H76-C76 -> 0 | N76: =I76-D76 -> 0 | O76: =J76-E76 -> 0
B77: 12 | C77: 149996 | D77: 96553 | E77: 100449 | G77: 12 | H77: 149996 | I77: 96553 | J77: 100449 | L77: 12 | M77: =H77-C77 -> 0 | N77: =I77-D77 -> 0 | O77: =J77-E77 -> 0
B78: 14 | C78: 123669 | D78: 48259 | E78: 51167 | G78: 14 | H78: 123669 | I78: 48259 | J78: 51167 | L78: 14 | M78: =H78-C78 -> 0 | N78: =I78-D78 -> 0 | O78: =J78-E78 -> 0
B79: 15 | C79: 169635 | D79: 148519 | E79: 158828 | G79: 15 | H79: 169635 | I79: 148519 | J79: 158828 | L79: 15 | M79: =H79-C79 -> 0 | N79: =I79-D79 -> 0 | O79: =J79-E79 -> 0
B80: 16 | C80: 122562 | D80: 147878 | E80: 216460 | G80: 16 | H80: 122562 | I80: 147878 | J80: 216460 | L80: 16 | M80: =H80-C80 -> 0 | N80: =I80-D80 -> 0 | O80: =J80-E80 -> 0
B81: 17 | C81: 38476 | D81: 86216 | E81: 202489 | G81: 17 | H81: 38476 | I81: 86216 | J81: 202489 | L81: 17 | M81: =H81-C81 -> 0 | N81: =I81-D81 -> 0 | O81: =J81-E81 -> 0
B82: 18 | C82: 137474 | D82: 72899 | E82: 164019 | G82: 18 | H82: 137474 | I82: 72899 | J82: 164019 | L82: 18 | M82: =H82-C82 -> 0 | N82: =I82-D82 -> 0 | O82: =J82-E82 -> 0
... B92: 28 | C92: 195314 | D92: 102314 | E92: 111385 | G92: 28 | H92: 195314 | I92: 102314 | J92: 111385 | L92: 28 | M92: =H92-C92 -> 0 | N92: =I92-D92 -> 0 | O92: =J92-E92 -> 0
B93: 29 | D93: 83853 | E93: 102313 | G93: 29 | I93: 83853 | J93: 102313 | L93: 29 | M93: =H93-C93 -> 0 | N93: =I93-D93 -> 0
B94: 30 | D94: 14818 | G94: 30 | I94: 14818 | L94: 30 | M94: =H94-C94 -> 0 | N94: =I94-D94 -> 0
