Workbook

Sheet TOTAL
A1: Site Name | B1: Day | C1: Month | D1: Year | E1: Total Electricity Kwh | F1: Electricity Tariff ($/Kwh) | G1: Natual Gas (Therms) | H1: Natural Gas $/Therms | I1: Water Utility Supply (USG) USG | J1: Water Utility Supply (USG) $/USG | K1: District Energy Heating Steam Mlbs | L1: District Energy Heating $/Steam Mlbs | M1: Room Nights
A2: San Francisco at Embarcadero | B2: 1 | C2: 12 | D2: 2021 | E2: =IF(December!C9>0,December!C9,0) -> 4500 | F2: 0.1288 | G2: =IF(December!E9>0,December!E9,0) -> 6.282 | H2: 2.01 | I2: =IF((December!I9+December!O9)>0,(December!I9+December!O9),0) -> 4847 | J2: 0.04 | K2: =IF((December!G9+December!M9)>0,(December!G9+December!M9),0) -> 3.7 | L2: 40.91 | M2: =December!R9 -> 50
A3: San Francisco at Embarcadero | B3: =B2+1 -> 2 | C3: 12 | D3: 2021 | E3: =IF(December!C10>0,December!C10,0) -> 6300 | F3: 0.1288 | G3: =IF(December!E10>0,December!E10,0) -> 8.376 | H3: 2.01 | I3: =IF((December!I10+December!O10)>0,(December!I10+December!O10),0) -> 8330 | J3: 0.04 | K3: =IF((December!G10+December!M10)>0,(December!G10+December!M10),0) -> 5.7 | L3: 40.91 | M3: =December!R10 -> 47
A4: San Francisco at Embarcadero | B4: =B3+1 -> 3 | C4: 12 | D4: 2021 | E4: =IF(December!C11>0,December!C11,0) -> 6000 | F4: 0.1288 | G4: =IF(December!E11>0,December!E11,0) -> 11.517 | H4: 2.01 | I4: =IF((December!I11+December!O11)>0,(December!I11+December!O11),0) -> 683 | J4: 0.04 | K4: =IF((December!G11+December!M11)>0,(December!G11+December!M11),0) -> 5.3 | L4: 40.91 | M4: =December!R11 -> 50
A5: San Francisco at Embarcadero | B5: =B4+1 -> 4 | C5: 12 | D5: 2021 | E5: =IF(December!C12>0,December!C12,0) -> 5400 | F5: 0.1288 | G5: =IF(December!E12>0,December!E12,0) -> 8.376 | H5: 2.01 | I5: =IF((December!I12+December!O12)>0,(December!I12+December!O12),0) -> 13350 | J5: 0.04 | K5: =IF((December!G12+December!M12)>0,(December!G12+December!M12),0) -> 7.6 | L5: 40.91 | M5: =December!R12 -> 50
A6: San Francisco at Embarcadero | B6: =B5+1 -> 5 | C6: 12 | D6: 2021 | E6: =IF(December!C13>0,December!C13,0) -> 6600 | F6: 0.1288 | G6: =IF(December!E13>0,December!E13,0) -> 10.47 | H6: 2.01 | I6: =IF((December!I13+December!O13)>0,(December!I13+December!O13),0) -> 8817 | J6: 0.04 | K6: =IF((December!G13+December!M13)>0,(December!G13+December!M13),0) -> 6.5 | L6: 40.91 | M6: =December!R13 -> 51
A7: San Francisco at Embarcadero | B7: =B6+1 -> 6 | C7: 12 | D7: 2021 | E7: =IF(December!C14>0,December!C14,0) -> 4200 | F7: 0.1288 | G7: =IF(December!E14>0,December!E14,0) -> 7.329 | H7: 2.01 | I7: =IF((December!I14+December!O14)>0,(December!I14+December!O14),0) -> 6245 | J7: 0.04 | K7: =IF((December!G14+December!M14)>0,(December!G14+December!M14),0) -> 5.2 | L7: 40.91 | M7: =December!R14 -> 55
A8: San Francisco at Embarcadero | B8: =B7+1 -> 7 | C8: 12 | D8: 2021 | E8: =IF(December!C15>0,December!C15,0) -> 7200 | F8: 0.1288 | G8: =IF(December!E15>0,December!E15,0) -> 19.893 | H8: 2.01 | I8: =IF((December!I15+December!O15)>0,(December!I15+December!O15),0) -> 11692 | J8: 0.04 | K8: =IF((December!G15+December!M15)>0,(December!G15+December!M15),0) -> 10.5 | L8: 40.91 | M8: =December!R15 -> 58
A9: San Francisco at Embarcadero | B9: =B8+1 -> 8 | C9: 12 | D9: 2021 | E9: =IF(December!C16>0,December!C16,0) -> 3900 | F9: 0.1288 | G9: =IF(December!E16>0,December!E16,0) -> 1.047 | H9: 2.01 | I9: =IF((December!I16+December!O16)>0,(December!I16+December!O16),0) -> 6058 | J9: 0.04 | K9: =IF((December!G16+December!M16)>0,(December!G16+December!M16),0) -> 5.5 | L9: 40.91 | M9: =December!R16 -> 63
A10: San Francisco at Embarcadero | B10: =B9+1 -> 9 | C10: 12 | D10: 2021 | E10: =IF(December!C17>0,December!C17,0) -> 5100 | F10: 0.1288 | G10: =IF(December!E17>0,December!E17,0) -> 10.47 | H10: 2.01 | I10: =IF((December!I17+December!O17)>0,(December!I17+December!O17),0) -> 5000 | J10: 0.04 | K10: =IF((December!G17+December!M17)>0,(December!G17+December!M17),0) -> 5.7 | L10: 40.91 | M10: =December!R17 -> 54
A11: San Francisco at Embarcadero | B11: =B10+1 -> 10 | C11: 12 | D11: 2021 | E11: =IF(December!C18>0,December!C18,0) -> 0 | F11: 0.1288 | G11: =IF(December!E18>0,December!E18,0) -> 0 | H11: 2.01 | I11: =IF((December!I18+December!O18)>0,(December!I18+December!O18),0) -> 0 | J11: 0.04 | K11: =IF((December!G18+December!M18)>0,(December!G18+December!M18),0) -> 0 | L11: 40.91 | M11: =December!R18 -> 52
A12: San Francisco at Embarcadero | B12: =B11+1 -> 11 | C12: 12 | D12: 2021 | E12: =IF(December!C19>0,December!C19,0) -> 0 | F12: 0.1288 | G12: =IF(December!E19>0,December!E19,0) -> 0 | H12: 2.01 | I12: =IF((December!I19+December!O19)>0,(December!I19+December!O19),0) -> 0 | J12: 0.04 | K12: =IF((December!G19+December!M19)>0,(December!G19+December!M19),0) -> 0 | L12: 40.91 | M12: =December!R19 -> 59
A13: San Francisco at Embarcadero | B13: =B12+1 -> 12 | C13: 12 | D13: 2021 | E13: =IF(December!C20>0,December!C20,0) -> 18600 | F13: 0.1288 | G13: =IF(December!E20>0,December!E20,0) -> 38.739 | H13: 2.01 | I13: =IF((December!I20+December!O20)>0,(December!I20+December!O20),0) -> 27243 | J13: 0.04 | K13: =IF((December!G20+December!M20)>0,(December!G20+December!M20),0) -> 26 | L13: 40.91 | M13: =December!R20 -> 53
A14: San Francisco at Embarcadero | B14: =B13+1 -> 13 | C14: 12 | D14: 2021 | E14: =IF(December!C21>0,December!C21,0) -> 5100 | F14: 0.1288 | G14: =IF(December!E21>0,December!E21,0) -> 12.564 | H14: 2.01 | I14: =IF((December!I21+December!O21)>0,(December!I21+December!O21),0) -> 6028 | J14: 0.04 | K14: =IF((December!G21+December!M21)>0,(December!G21+December!M21),0) -> 8.6 | L14: 40.91 | M14: =December!R21 -> 31
... A30: San Francisco at Embarcadero | B30: =B29+1 -> 29 | C30: 12 | D30: 2021 | E30: =IF(December!C37>0,December!C37,0) -> 3600 | F30: 0.1288 | G30: =IF(December!E37>0,December!E37,0) -> 10.47 | H30: 2.01 | I30: =IF((December!I37+December!O37)>0,(December!I37+December!O37),0) -> 4633 | J30: 0.04 | K30: =IF((December!G37+December!M37)>0,(December!G37+December!M37),0) -> 8.6 | L30: 40.91 | M30: =December!R37 -> 46
A31: San Francisco at Embarcadero | B31: =B30+1 -> 30 | C31: 12 | D31: 2021 | E31: =IF(December!C39>0,December!C39,0) -> 11400 | F31: 0.1288 | G31: =IF(December!E39>0,December!E39,0) -> 38.739 | H31: 2.01 | I31: =IF((December!I39+December!O39)>0,(December!I39+December!O39),0) -> 20520 | J31: 0.04 | K31: =IF((December!G39+December!M39)>0,(December!G39+December!M39),0) -> 23.7 | L31: 40.91 | M31: =December!R39 -> 48

Sheet December
A2: MONTHLY METER READINGS: December 2021
A6: PREVIOUS Meter Reading | B6: 17799 | D6: 48878 | F6: 29549 | H6: 10809176 | J6: 352992 | L6: 16484 | N6: 28945097 | P6: 6253473
A7: DATE | B7: 1B | D7: 1B | F7: 1B | H7: 1B | J7: 4TH | L7: 36TH | N7: 36TH | P7: EAST PENT.
B8: ELECTRIC (kWh) | C8: Usage (kWh) | D8: GAS (CCF) | E8: Usage (Therms) | F8: STEAM (Mlbs) | G8: Usage (Mlbs) | H8: WATER (Gallons) | I8: Usage (Gallons) | J8: CT - 5 (Gallons) | K8: Usage (Gallons) | L8: STEAM (Mlbs) | M8: Usage (Mlbs) | N8: WATER (Gallons) | O8: Usage (Gallons) | P8: CT -3 (Gallons) | Q8: Usage (Gallons) | R8: Room Nights
A9: 1 | B9: 17814 | C9: =+(B9-B6)*300 -> 4500 | D9: 48884 | E9: =+(D9-D6)*1.047 -> 6.282 | F9: 29555 | G9: =+(F9-F6)*0.1 -> 0.6 | H9: 10809555 | I9: =+H9-H6 -> 379 | J9: 353068 | K9: =+J9-J6 -> 76 | L9: 16515 | M9: =+(L9-L6)*0.1 -> 3.1 | N9: 28949565 | O9: =+N9-N6 -> 4468 | P9: 6253835 | Q9: =+P9-P6 -> 362 | R9: 50
A10: 2 | B10: 17835 | C10: =+(B10-B9)*300 -> 6300 | D10: 48892 | E10: =+(D10-D9)*1.047 -> 8.376 | F10: 29563 | G10: =+(F10-F9)*0.1 -> 0.8 | H10: 10810250 | I10: =+H10-H9 -> 695 | J10: 353251 | K10: =+J10-J9 -> 183 | L10: 16564 | M10: =+(L10-L9)*0.1 -> 4.9 | N10: 28957200 | O10: =+N10-N9 -> 7635 | P10: 6254502 | Q10: =+P10-P9 -> 667 | R10: 47
A11: 3 | B11: 17855 | C11: =+(B11-B10)*300 -> 6000 | D11: 48903 | E11: =+(D11-D10)*1.047 -> 11.517 | F11: 29570 | G11: =+(F11-F10)*0.1 -> 0.7 | H11: 10810933 | I11: =+H11-H10 -> 683 | J11: 353371 | K11: =+J11-J10 -> 120 | L11: 16610 | M11: =+(L11-L10)*0.1 -> 4.6 | N11: 28957200 | O11: =+N11-N10 -> 0 | P11: 6254502 | Q11: =+P11-P10 -> 0 | R11: 50
A12: 4 | B12: 17873 | C12: =+(B12-B11)*300 -> 5400 | D12: 48911 | E12: =+(D12-D11)*1.047 -> 8.376 | F12: 29578 | G12: =+(F12-F11)*0.1 -> 0.8 | H12: 10811485 | I12: =+H12-H11 -> 552 | J12: 353501 | K12: =+J12-J11 -> 130 | L12: 16678 | M12: =+(L12-L11)*0.1 -> 6.8 | N12: 28969998 | O12: =+N12-N11 -> 12798 | P12: 6254715 | Q12: =+P12-P11 -> 213 | R12: 50
A13: 5 | B13: 17895 | C13: =+(B13-B12)*300 -> 6600 | D13: 48921 | E13: =+(D13-D12)*1.047 -> 10.47 | F13: 29588 | G13: =+(F13-F12)*0.1 -> 1 | H13: 10812140 | I13: =+H13-H12 -> 655 | J13: 353510 | K13: =+J13-J12 -> 9 | L13: 16733 | M13: =+(L13-L12)*0.1 -> 5.5 | N13: 28978160 | O13: =+N13-N12 -> 8162 | P13: 6254903 | Q13: =+P13-P12 -> 188 | R13: 51
A14: 6 | B14: 17909 | C14: =+(B14-B13)*300 -> 4200 | D14: 48928 | E14: =+(D14-D13)*1.047 -> 7.329 | F14: 29594 | G14: =+(F14-F13)*0.1 -> 0.6 | H14: 10812655 | I14: =+H14-H13 -> 515 | J14: 353515 | K14: =+J14-J13 -> 5 | L14: 16779 | M14: =+(L14-L13)*0.1 -> 4.6 | N14: 28983890 | O14: =+N14-N13 -> 5730 | P14: 6254903 | Q14: =+P14-P13 -> 0 | R14: 55
A15: 7 | B15: 17933 | C15: =+(B15-B14)*300 -> 7200 | D15: 48947 | E15: =+(D15-D14)*1.047 -> 19.893 | F15: 29605 | G15: =+(F15-F14)*0.1 -> 1.1 | H15: 10813840 | I15: =+H15-H14 -> 1185 | J15: 353515 | K15: =+J15-J14 -> 0 | L15: 16873 | M15: =+(L15-L14)*0.1 -> 9.4 | N15: 28994397 | O15: =+N15-N14 -> 10507 | P15: 6254903 | Q15: =+P15-P14 -> 0 | R15: 58
A16: 8 | B16: 17946 | C16: =+(B16-B15)*300 -> 3900 | D16: 48948 | E16: =+(D16-D15)*1.047 -> 1.047 | F16: 29610 | G16: =+(F16-F15)*0.1 -> 0.5 | H16: 10814155 | I16: =+H16-H15 -> 315 | J16: 353515 | K16: =+J16-J15 -> 0 | L16: 16923 | M16: =+(L16-L15)*0.1 -> 5 | N16: 29000140 | O16: =+N16-N15 -> 5743 | P16: 6254903 | Q16: =+P16-P15 -> 0 | R16: 63
A17: 9 | B17: 17963 | C17: =+(B17-B16)*300 -> 5100 | D17: 48958 | E17: =+(D17-D16)*1.047 -> 10.47 | F17: 29618 | G17: =+(F17-F16)*0.1 -> 0.8 | H17: 10814890 | I17: =+H17-H16 -> 735 | J17: 353515 | K17: =+J17-J16 -> 0 | L17: 16972 | M17: =+(L17-L16)*0.1 -> 4.9 | N17: 29004405 | O17: =+N17-N16 -> 4265 | P17: 6254903 | Q17: =+P17-P16 -> 0 | R17: 54
A18: 10 | B18: 17963 | C18: =+(B18-B17)*300 -> 0 | D18: 48958 | E18: =+(D18-D17)*1.047 -> 0 | F18: 29618 | G18: =+(F18-F17)*0.1 -> 0 | H18: 10814890 | I18: =+H18-H17 -> 0 | J18: 353515 | K18: =+J18-J17 -> 0 | L18: 16972 | M18: =+(L18-L17)*0.1 -> 0 | N18: 29004405 | O18: =+N18-N17 -> 0 | P18: 6254903 | Q18: =+P18-P17 -> 0 | R18: 52
A19: 11 | B19: 17963 | C19: =+(B19-B18)*300 -> 0 | D19: 48958 | E19: =+(D19-D18)*1.047 -> 0 | F19: 29618 | G19: =+(F19-F18)*0.1 -> 0 | H19: 10814890 | I19: =+H19-H18 -> 0 | J19: 353515 | K19: =+J19-J18 -> 0 | L19: 16972 | M19: =+(L19-L18)*0.1 -> 0 | N19: 29004405 | O19: =+N19-N18 -> 0 | P19: 6254903 | Q19: =+P19-P18 -> 0 | R19: 59
A20: 12 | B20: 18025 | C20: =+(B20-B19)*300 -> 18600 | D20: 48995 | E20: =+(D20-D19)*1.047 -> 38.739 | F20: 29642 | G20: =+(F20-F19)*0.1 -> 2.4 | H20: 10817485 | I20: =+H20-H19 -> 2595 | J20: 353515 | K20: =+J20-J19 -> 0 | L20: 17208 | M20: =+(L20-L19)*0.1 -> 23.6 | N20: 29029053 | O20: =+N20-N19 -> 24648 | P20: 6255189 | Q20: =+P20-P19 -> 286 | R20: 53
A21: 13 | B21: 18042 | C21: =+(B21-B20)*300 -> 5100 | D21: 49007 | E21: =+(D21-D20)*1.047 -> 12.564 | F21: 29648 | G21: =+(F21-F20)*0.1 -> 0.6 | H21: 10818322 | I21: =+H21-H20 -> 837 | J21: 353515 | K21: =+J21-J20 -> 0 | L21: 17288 | M21: =+(L21-L20)*0.1 -> 8 | N21: 29034244 | O21: =+N21-N20 -> 5191 | P21: 6255191 | Q21: =+P21-P20 -> 2 | R21: 31
... A38: 30 | B38: 18339 | C38: =+(B38-B37)*300 -> 5700 | D38: 49267 | E38: =+(D38-D37)*1.047 -> 21.987 | F38: 29783 | G38: =+(F38-F37)*0.1 -> 1 | H38: 10830590 | I38: =+H38-H37 -> 678 | J38: 353515 | K38: =+J38-J37 -> 0 | L38: 18801 | M38: =+(L38-L37)*0.1 -> 12.3 | N38: 29152500 | O38: =+N38-N37 -> 11712 | P38: 6255135 | Q38: =+P38-P37 -> 0 | R38: 41
A39: 31 | B39: 18358 | C39: =+(B39-B37)*300 -> 11400 | D39: 49283 | E39: =+(D39-D37)*1.047 -> 38.739 | F39: 29793 | G39: =+(F39-F37)*0.1 -> 2 | H39: 10831310 | I39: =+H39-H37 -> 1398 | J39: 353515 | K39: =+J39-J37 -> 0 | L39: 18895 | M39: =+(L39-L37)*0.1 -> 21.7 | N39: 29159910 | O39: =+N39-N37 -> 19122 | P39: 6255135 | Q39: =+P39-P37 -> 0 | R39: 48
A41: Total | C41: =SUM(C9:C40) -> 173400 | E41: =SUM(E9:E40) -> 446.022 | G41: =SUM(G9:G40) -> 25.4 | I41: =SUM(I9:I40) -> 22812 | K41: =SUM(K9:K40) -> 523 | M41: =SUM(M9:M40) -> 253.4 | O41: =SUM(O9:O40) -> 226525 | Q41: =SUM(Q9:Q40) -> 1662 | R41: =SUM(R9:R40) -> 1397
