Workbook

Sheet TOTAL
A1: Site Name | B1: Day | C1: Month | D1: Year | E1: Total Electricity Kwh | F1: Electricity Tariff ($/Kwh) | G1: Natual Gas (Therms) | H1: Natural Gas $/Therms | I1: Water Utility Supply (USG) USG | J1: Water Utility Supply (USG) $/USG | K1: District Energy Heating Steam Mlbs | L1: District Energy Heating $/Steam Mlbs | M1: Room Nights
A2: San Francisco at Embarcadero | B2: 1 | C2: 11 | D2: 2021 | E2: =IF(November!C9>0,November!C9,0) -> 6600 | F2: 0.1298 | G2: =IF(November!E9>0,November!E9,0) -> 12.564 | H2: 2.02 | I2: =IF((November!I9+November!O9)>0,(November!I9+November!O9),0) -> 9885 | J2: 0.04 | K2: =IF((November!G9+November!M9)>0,(November!G9+November!M9),0) -> 6.1 | L2: 41.04 | M2: =November!R9 -> 40
A3: San Francisco at Embarcadero | B3: =B2+1 -> 2 | C3: 11 | D3: 2021 | E3: =IF(November!C10>0,November!C10,0) -> 6600 | F3: 0.1298 | G3: =IF(November!E10>0,November!E10,0) -> 9.423 | H3: 2.02 | I3: =IF((November!I10+November!O10)>0,(November!I10+November!O10),0) -> 0 | J3: 0.04 | K3: =IF((November!G10+November!M10)>0,(November!G10+November!M10),0) -> 6.2 | L3: 41.04 | M3: =November!R10 -> 54
A4: San Francisco at Embarcadero | B4: =B3+1 -> 3 | C4: 11 | D4: 2021 | E4: =IF(November!C11>0,November!C11,0) -> 3900 | F4: 0.1298 | G4: =IF(November!E11>0,November!E11,0) -> 6.282 | H4: 2.02 | I4: =IF((November!I11+November!O11)>0,(November!I11+November!O11),0) -> 9004518 | J4: 0.04 | K4: =IF((November!G11+November!M11)>0,(November!G11+November!M11),0) -> 3.3 | L4: 41.04 | M4: =November!R11 -> 41
A5: San Francisco at Embarcadero | B5: =B4+1 -> 4 | C5: 11 | D5: 2021 | E5: =IF(November!C12>0,November!C12,0) -> 6600 | F5: 0.1298 | G5: =IF(November!E12>0,November!E12,0) -> 10.47 | H5: 2.02 | I5: =IF((November!I12+November!O12)>0,(November!I12+November!O12),0) -> 8916 | J5: 0.04 | K5: =IF((November!G12+November!M12)>0,(November!G12+November!M12),0) -> 4.9 | L5: 41.04 | M5: =November!R12 -> 57
A6: San Francisco at Embarcadero | B6: =B5+1 -> 5 | C6: 11 | D6: 2021 | E6: =IF(November!C13>0,November!C13,0) -> 6600 | F6: 0.1298 | G6: =IF(November!E13>0,November!E13,0) -> 8.376 | H6: 2.02 | I6: =IF((November!I13+November!O13)>0,(November!I13+November!O13),0) -> 9300 | J6: 0.04 | K6: =IF((November!G13+November!M13)>0,(November!G13+November!M13),0) -> 5.5 | L6: 41.04 | M6: =November!R13 -> 53
A7: San Francisco at Embarcadero | B7: =B6+1 -> 6 | C7: 11 | D7: 2021 | E7: =IF(November!C14>0,November!C14,0) -> 6000 | F7: 0.1298 | G7: =IF(November!E14>0,November!E14,0) -> 10.47 | H7: 2.02 | I7: =IF((November!I14+November!O14)>0,(November!I14+November!O14),0) -> 9790 | J7: 0.04 | K7: =IF((November!G14+November!M14)>0,(November!G14+November!M14),0) -> 5.3 | L7: 41.04 | M7: =November!R14 -> 47
A8: San Francisco at Embarcadero | B8: =B7+1 -> 7 | C8: 11 | D8: 2021 | E8: =IF(November!C15>0,November!C15,0) -> 6900 | F8: 0.1298 | G8: =IF(November!E15>0,November!E15,0) -> 10.47 | H8: 2.02 | I8: =IF((November!I15+November!O15)>0,(November!I15+November!O15),0) -> 9353 | J8: 0.04 | K8: =IF((November!G15+November!M15)>0,(November!G15+November!M15),0) -> 7.1 | L8: 41.04 | M8: =November!R15 -> 49
A9: San Francisco at Embarcadero | B9: =B8+1 -> 8 | C9: 11 | D9: 2021 | E9: =IF(November!C16>0,November!C16,0) -> 8700 | F9: 0.1298 | G9: =IF(November!E16>0,November!E16,0) -> 12.564 | H9: 2.02 | I9: =IF((November!I16+November!O16)>0,(November!I16+November!O16),0) -> 11006 | J9: 0.04 | K9: =IF((November!G16+November!M16)>0,(November!G16+November!M16),0) -> 8.1 | L9: 41.04 | M9: =November!R16 -> 36
A10: San Francisco at Embarcadero | B10: =B9+1 -> 9 | C10: 11 | D10: 2021 | E10: =IF(November!C17>0,November!C17,0) -> 3300 | F10: 0.1298 | G10: =IF(November!E17>0,November!E17,0) -> 5.235 | H10: 2.02 | I10: =IF((November!I17+November!O17)>0,(November!I17+November!O17),0) -> 4560 | J10: 0.04 | K10: =IF((November!G17+November!M17)>0,(November!G17+November!M17),0) -> 4.1 | L10: 41.04 | M10: =November!R17 -> 39
A11: San Francisco at Embarcadero | B11: =B10+1 -> 10 | C11: 11 | D11: 2021 | E11: =IF(November!C18>0,November!C18,0) -> 3900 | F11: 0.1298 | G11: =IF(November!E18>0,November!E18,0) -> 7.329 | H11: 2.02 | I11: =IF((November!I18+November!O18)>0,(November!I18+November!O18),0) -> 4456 | J11: 0.04 | K11: =IF((November!G18+November!M18)>0,(November!G18+November!M18),0) -> 4.5 | L11: 41.04 | M11: =November!R18 -> 39
A12: San Francisco at Embarcadero | B12: =B11+1 -> 11 | C12: 11 | D12: 2021 | E12: =IF(November!C19>0,November!C19,0) -> 5700 | F12: 0.1298 | G12: =IF(November!E19>0,November!E19,0) -> 8.376 | H12: 2.02 | I12: =IF((November!I19+November!O19)>0,(November!I19+November!O19),0) -> 6650 | J12: 0.04 | K12: =IF((November!G19+November!M19)>0,(November!G19+November!M19),0) -> 4.9 | L12: 41.04 | M12: =November!R19 -> 40
A13: San Francisco at Embarcadero | B13: =B12+1 -> 12 | C13: 11 | D13: 2021 | E13: =IF(November!C20>0,November!C20,0) -> 6300 | F13: 0.1298 | G13: =IF(November!E20>0,November!E20,0) -> 8.376 | H13: 2.02 | I13: =IF((November!I20+November!O20)>0,(November!I20+November!O20),0) -> 8560 | J13: 0.04 | K13: =IF((November!G20+November!M20)>0,(November!G20+November!M20),0) -> 5.4 | L13: 41.04 | M13: =November!R20 -> 48
A14: San Francisco at Embarcadero | B14: =B13+1 -> 13 | C14: 11 | D14: 2021 | E14: =IF(November!C21>0,November!C21,0) -> 6300 | F14: 0.1298 | G14: =IF(November!E21>0,November!E21,0) -> 8.376 | H14: 2.02 | I14: =IF((November!I21+November!O21)>0,(November!I21+November!O21),0) -> 9650 | J14: 0.04 | K14: =IF((November!G21+November!M21)>0,(November!G21+November!M21),0) -> 5.4 | L14: 41.04 | M14: =November!R21 -> 61
... A31: San Francisco at Embarcadero | B31: =B30+1 -> 30 | C31: 11 | D31: 2021 | E31: =IF(November!C38>0,November!C38,0) -> 6000 | F31: 0.1298 | G31: =IF(November!E38>0,November!E38,0) -> 7.329 | H31: 2.02 | I31: =IF((November!I38+November!O38)>0,(November!I38+November!O38),0) -> 7155 | J31: 0.04 | K31: =IF((November!G38+November!M38)>0,(November!G38+November!M38),0) -> 5.1 | L31: 41.04 | M31: =November!R38 -> 35

Sheet November
A2: MONTHLY METER READINGS: November 2021
A6: PREVIOUS Meter Reading | B6: 17205 | D6: 48628 | F6: 29248 | H6: 10789316 | J6: 351654 | L6: 15066 | N6: 28727309 | P6: 6246346
A7: DATE | B7: 1B | D7: 1B | F7: 1B | H7: 1B | J7: 4TH | L7: 36TH | N7: 36TH | P7: EAST PENT.
B8: ELECTRIC (kWh) | C8: Usage (kWh) | D8: GAS (CCF) | E8: Usage (Therms) | F8: STEAM (Mlbs) | G8: Usage (Mlbs) | H8: WATER (Gallons) | I8: Usage (Gallons) | J8: CT - 5 (Gallons) | K8: Usage (Gallons) | L8: STEAM (Mlbs) | M8: Usage (Mlbs) | N8: WATER (Gallons) | O8: Usage (Gallons) | P8: CT -3 (Gallons) | Q8: Usage (Gallons) | R8: Room Nights
A9: 1 | B9: 17227 | C9: =+(B9-B6)*300 -> 6600 | D9: 48640 | E9: =+(D9-D6)*1.047 -> 12.564 | F9: 29260 | G9: =+(F9-F6)*0.1 -> 1.2 | H9: 10790660 | I9: =+H9-H6 -> 1344 | J9: 351723 | K9: =+J9-J6 -> 69 | L9: 15115 | M9: =+(L9-L6)*0.1 -> 4.9 | N9: 28735850 | O9: =+N9-N6 -> 8541 | P9: 6246347 | Q9: =+P9-P6 -> 1 | R9: 40
A10: 2 | B10: 17249 | C10: =+(B10-B9)*300 -> 6600 | D10: 48649 | E10: =+(D10-D9)*1.047 -> 9.423 | F10: 29270 | G10: =+(F10-F9)*0.1 -> 1 | H10: 1791665 | I10: =+H10-H9 -> -8998995 | J10: 351860 | K10: =+J10-J9 -> 137 | L10: 15167 | M10: =+(L10-L9)*0.1 -> 5.2 | N10: 28743606 | O10: =+N10-N9 -> 7756 | P10: 6246347 | Q10: =+P10-P9 -> 0 | R10: 54
A11: 3 | B11: 17262 | C11: =+(B11-B10)*300 -> 3900 | D11: 48655 | E11: =+(D11-D10)*1.047 -> 6.282 | F11: 29276 | G11: =+(F11-F10)*0.1 -> 0.6 | H11: 10792315 | I11: =+H11-H10 -> 9000650 | J11: 351930 | K11: =+J11-J10 -> 70 | L11: 15194 | M11: =+(L11-L10)*0.1 -> 2.7 | N11: 28747474 | O11: =+N11-N10 -> 3868 | P11: 6246363 | Q11: =+P11-P10 -> 16 | R11: 41
A12: 4 | B12: 17284 | C12: =+(B12-B11)*300 -> 6600 | D12: 48665 | E12: =+(D12-D11)*1.047 -> 10.47 | F12: 29285 | G12: =+(F12-F11)*0.1 -> 0.9 | H12: 10793350 | I12: =+H12-H11 -> 1035 | J12: 351992 | K12: =+J12-J11 -> 62 | L12: 15234 | M12: =+(L12-L11)*0.1 -> 4 | N12: 28755355 | O12: =+N12-N11 -> 7881 | P12: 6246557 | Q12: =+P12-P11 -> 194 | R12: 57
A13: 5 | B13: 17306 | C13: =+(B13-B12)*300 -> 6600 | D13: 48673 | E13: =+(D13-D12)*1.047 -> 8.376 | F13: 29297 | G13: =+(F13-F12)*0.1 -> 1.2 | H13: 10794060 | I13: =+H13-H12 -> 710 | J13: 352133 | K13: =+J13-J12 -> 141 | L13: 15277 | M13: =+(L13-L12)*0.1 -> 4.3 | N13: 28763945 | O13: =+N13-N12 -> 8590 | P13: 6246848 | Q13: =+P13-P12 -> 291 | R13: 53
A14: 6 | B14: 17326 | C14: =+(B14-B13)*300 -> 6000 | D14: 48683 | E14: =+(D14-D13)*1.047 -> 10.47 | F14: 29305 | G14: =+(F14-F13)*0.1 -> 0.8 | H14: 10795205 | I14: =+H14-H13 -> 1145 | J14: 352237 | K14: =+J14-J13 -> 104 | L14: 15322 | M14: =+(L14-L13)*0.1 -> 4.5 | N14: 28772590 | O14: =+N14-N13 -> 8645 | P14: 6247032 | Q14: =+P14-P13 -> 184 | R14: 47
A15: 7 | B15: 17349 | C15: =+(B15-B14)*300 -> 6900 | D15: 48693 | E15: =+(D15-D14)*1.047 -> 10.47 | F15: 29318 | G15: =+(F15-F14)*0.1 -> 1.3 | H15: 10795834 | I15: =+H15-H14 -> 629 | J15: 352319 | K15: =+J15-J14 -> 82 | L15: 15380 | M15: =+(L15-L14)*0.1 -> 5.8 | N15: 28781314 | O15: =+N15-N14 -> 8724 | P15: 6247065 | Q15: =+P15-P14 -> 33 | R15: 49
A16: 8 | B16: 17378 | C16: =+(B16-B15)*300 -> 8700 | D16: 48705 | E16: =+(D16-D15)*1.047 -> 12.564 | F16: 29332 | G16: =+(F16-F15)*0.1 -> 1.4 | H16: 10796680 | I16: =+H16-H15 -> 846 | J16: 352391 | K16: =+J16-J15 -> 72 | L16: 15447 | M16: =+(L16-L15)*0.1 -> 6.7 | N16: 28791474 | O16: =+N16-N15 -> 10160 | P16: 6247344 | Q16: =+P16-P15 -> 279 | R16: 36
A17: 9 | B17: 17389 | C17: =+(B17-B16)*300 -> 3300 | D17: 48710 | E17: =+(D17-D16)*1.047 -> 5.235 | F17: 29338 | G17: =+(F17-F16)*0.1 -> 0.6 | H17: 10797054 | I17: =+H17-H16 -> 374 | J17: 352395 | K17: =+J17-J16 -> 4 | L17: 15482 | M17: =+(L17-L16)*0.1 -> 3.5 | N17: 28795660 | O17: =+N17-N16 -> 4186 | P17: 6247344 | Q17: =+P17-P16 -> 0 | R17: 39
A18: 10 | B18: 17402 | C18: =+(B18-B17)*300 -> 3900 | D18: 48717 | E18: =+(D18-D17)*1.047 -> 7.329 | F18: 29345 | G18: =+(F18-F17)*0.1 -> 0.7 | H18: 10797440 | I18: =+H18-H17 -> 386 | J18: 352402 | K18: =+J18-J17 -> 7 | L18: 15520 | M18: =+(L18-L17)*0.1 -> 3.8 | N18: 28799730 | O18: =+N18-N17 -> 4070 | P18: 6247344 | Q18: =+P18-P17 -> 0 | R18: 39
A19: 11 | B19: 17421 | C19: =+(B19-B18)*300 -> 5700 | D19: 48725 | E19: =+(D19-D18)*1.047 -> 8.376 | F19: 29356 | G19: =+(F19-F18)*0.1 -> 1.1 | H19: 10798200 | I19: =+H19-H18 -> 760 | J19: 352454 | K19: =+J19-J18 -> 52 | L19: 15558 | M19: =+(L19-L18)*0.1 -> 3.8 | N19: 28805620 | O19: =+N19-N18 -> 5890 | P19: 6247591 | Q19: =+P19-P18 -> 247 | R19: 40
A20: 12 | B20: 17442 | C20: =+(B20-B19)*300 -> 6300 | D20: 48733 | E20: =+(D20-D19)*1.047 -> 8.376 | F20: 29367 | G20: =+(F20-F19)*0.1 -> 1.1 | H20: 10798730 | I20: =+H20-H19 -> 530 | J20: 352466 | K20: =+J20-J19 -> 12 | L20: 15601 | M20: =+(L20-L19)*0.1 -> 4.3 | N20: 28813650 | O20: =+N20-N19 -> 8030 | P20: 6247824 | Q20: =+P20-P19 -> 233 | R20: 48
A21: 13 | B21: 17463 | C21: =+(B21-B20)*300 -> 6300 | D21: 48741 | E21: =+(D21-D20)*1.047 -> 8.376 | F21: 29377 | G21: =+(F21-F20)*0.1 -> 1 | H21: 10799330 | I21: =+H21-H20 -> 600 | J21: 352509 | K21: =+J21-J20 -> 43 | L21: 15645 | M21: =+(L21-L20)*0.1 -> 4.4 | N21: 28822700 | O21: =+N21-N20 -> 9050 | P21: 6248465 | Q21: =+P21-P20 -> 641 | R21: 61
... A30: 22 | B30: 17641 | C30: =+(B30-B29)*300 -> 4500 | D30: 48813 | E30: =+(D30-D29)*1.047 -> 7.329 | F30: 29469 | G30: =+(F30-F29)*0.1 -> 0.9 | H30: 10804585 | I30: =+H30-H29 -> 438 | J30: 352571 | K30: =+J30-J29 -> 10 | L30: 16097 | M30: =+(L30-L29)*0.1 -> 3.7 | N30: 28888404 | O30: =+N30-N29 -> 5703 | P30: 6250494 | Q30: =+P30-P29 -> 576 | R30: 43
A31: 23 | B31: 17666 | C31: =+(B31-B30)*300 -> 7500 | D31: 48822 | E31: =+(D31-D30)*1.047 -> 9.423 | F31: 29482 | G31: =+(F31-F30)*0.1 -> 1.3 | H31: 10805493 | I31: =+H31-H30 -> 908 | J31: 352578 | K31: =+J31-J30 -> 7 | L31: 16157 | M31: =+(L31-L30)*0.1 -> 6 | N31: 28898435 | O31: =+N31-N30 -> 10031 | P31: 6250869 | Q31: =+P31-P30 -> 375
A32: 24 | B32: 17679 | C32: =+(B32-B31)*300 -> 3900 | D32: 48828 | E32: =+(D32-D31)*1.047 -> 6.282 | F32: 29488 | G32: =+(F32-F31)*0.1 -> 0.6 | H32: 10805700 | I32: =+H32-H31 -> 207 | J32: 352578 | K32: =+J32-J31 -> 0 | L32: 16194 | M32: =+(L32-L31)*0.1 -> 3.7 | N32: 28902870 | O32: =+N32-N31 -> 4435 | P32: 6251096 | Q32: =+P32-P31 -> 227 | R32: 27
A33: 25 | B33: 17702 | C33: =+(B33-B32)*300 -> 6900 | D33: 48838 | E33: =+(D33-D32)*1.047 -> 10.47 | F33: 29499 | G33: =+(F33-F32)*0.1 -> 1.1 | H33: 10806468 | I33: =+H33-H32 -> 768 | J33: 352777 | K33: =+J33-J32 -> 199 | L33: 16252 | M33: =+(L33-L32)*0.1 -> 5.8 | N33: 28910390 | O33: =+N33-N32 -> 7520 | P33: 6251518 | Q33: =+P33-P32 -> 422 | R33: 34
A34: 26 | B34: 17717 | C34: =+(B34-B33)*300 -> 4500 | D34: 48844 | E34: =+(D34-D33)*1.047 -> 6.282 | F34: 29508 | G34: =+(F34-F33)*0.1 -> 0.9 | H34: 10806770 | I34: =+H34-H33 -> 302 | J34: 352789 | K34: =+J34-J33 -> 12 | L34: 16294 | M34: =+(L34-L33)*0.1 -> 4.2 | N34: 28915430 | O34: =+N34-N33 -> 5040 | P34: 6251612 | Q34: =+P34-P33 -> 94 | R34: 42
A35: 27 | B35: 17735 | C35: =+(B35-B34)*300 -> 5400 | D35: 48852 | E35: =+(D35-D34)*1.047 -> 8.376 | F35: 29518 | G35: =+(F35-F34)*0.1 -> 1 | H35: 10807310 | I35: =+H35-H34 -> 540 | J35: 352790 | K35: =+J35-J34 -> 1 | L35: 16340 | M35: =+(L35-L34)*0.1 -> 4.6 | N35: 28922160 | O35: =+N35-N34 -> 6730 | P35: 6251860 | Q35: =+P35-P34 -> 248 | R35: 53
A36: 28 | B36: 17757 | C36: =+(B36-B35)*300 -> 6600 | D36: 48861 | E36: =+(D36-D35)*1.047 -> 9.423 | F36: 29520 | G36: =+(F36-F35)*0.1 -> 0.2 | H36: 10807972 | I36: =+H36-H35 -> 662 | J36: 352824 | K36: =+J36-J35 -> 34 | L36: 16393 | M36: =+(L36-L35)*0.1 -> 5.3 | N36: 28930734 | O36: =+N36-N35 -> 8574 | P36: 6252398 | Q36: =+P36-P35 -> 538 | R36: 48
A37: 29 | B37: 17779 | C37: =+(B37-B36)*300 -> 6600 | D37: 48871 | E37: =+(D37-D36)*1.047 -> 10.47 | F37: 29541 | G37: =+(F37-F36)*0.1 -> 2.1 | H37: 10808604 | I37: =+H37-H36 -> 632 | J37: 352892 | K37: =+J37-J36 -> 68 | L37: 16441 | M37: =+(L37-L36)*0.1 -> 4.8 | N37: 28938514 | O37: =+N37-N36 -> 7780 | P37: 6252854 | Q37: =+P37-P36 -> 456
A38: 30 | B38: 17799 | C38: =+(B38-B37)*300 -> 6000 | D38: 48878 | E38: =+(D38-D37)*1.047 -> 7.329 | F38: 29549 | G38: =+(F38-F37)*0.1 -> 0.8 | H38: 10809176 | I38: =+H38-H37 -> 572 | J38: 352992 | K38: =+J38-J37 -> 100 | L38: 16484 | M38: =+(L38-L37)*0.1 -> 4.3 | N38: 28945097 | O38: =+N38-N37 -> 6583 | P38: 6253473 | Q38: =+P38-P37 -> 619 | R38: 35
A40: Total | C40: =SUM(C9:C39) -> 178200 | E40: =SUM(E9:E39) -> 261.75 | G40: =SUM(G9:G39) -> 30.1 | I40: =SUM(I9:I39) -> 19860 | K40: =SUM(K9:K39) -> 1338 | M40: =SUM(M9:M39) -> 141.8 | O40: =SUM(O9:O39) -> 217788 | Q40: =SUM(Q9:Q39) -> 7127 | R40: =SUM(R9:R39) -> 1319
