Workbook

Sheet TOTAL
A1: Site Name | B1: Day | C1: Month | D1: Year | E1: Total Electricity Kwh | F1: Electricity Tariff ($/Kwh) | G1: Natual Gas (Therms) | H1: Natural Gas $/Therms | I1: Water Utility Supply (USG) USG | J1: Water Utility Supply (USG) $/USG | K1: District Energy Heating Steam Mlbs | L1: District Energy Heating $/Steam Mlbs | M1: Room Nights
A2: San Francisco at Embarcadero | B2: 1 | C2: 9 | D2: 2021 | E2: =IF(September!C9>0,September!C9,0) -> 4500 | F2: 0.16 | G2: =IF(September!E9>0,September!E9,0) -> 9.423 | H2: 1.46 | I2: =IF((September!I9+September!O9)>0,(September!I9+September!O9),0) -> 5334 | J2: 0.04 | K2: =IF((September!G9+September!M9)>0,(September!G9+September!M9),0) -> 2.7 | M2: =September!R9 -> 26
A3: San Francisco at Embarcadero | B3: =B2+1 -> 2 | C3: 9 | D3: 2021 | E3: =IF(September!C10>0,September!C10,0) -> 5400 | F3: 0.16 | G3: =IF(September!E10>0,September!E10,0) -> 11.517 | H3: 1.46 | I3: =IF((September!I10+September!O10)>0,(September!I10+September!O10),0) -> 6673 | J3: 0.04 | K3: =IF((September!G10+September!M10)>0,(September!G10+September!M10),0) -> 5 | M3: =September!R10 -> 34
A4: San Francisco at Embarcadero | B4: =B3+1 -> 3 | C4: 9 | D4: 2021 | E4: =IF(September!C11>0,September!C11,0) -> 4800 | F4: 0.16 | G4: =IF(September!E11>0,September!E11,0) -> 10.47 | H4: 1.46 | I4: =IF((September!I11+September!O11)>0,(September!I11+September!O11),0) -> 8305 | J4: 0.04 | K4: =IF((September!G11+September!M11)>0,(September!G11+September!M11),0) -> 5.4 | M4: =September!R11 -> 45
A5: San Francisco at Embarcadero | B5: =B4+1 -> 4 | C5: 9 | D5: 2021 | E5: =IF(September!C12>0,September!C12,0) -> 5100 | F5: 0.16 | G5: =IF(September!E12>0,September!E12,0) -> 10.47 | H5: 1.46 | I5: =IF((September!I12+September!O12)>0,(September!I12+September!O12),0) -> 6165 | J5: 0.04 | K5: =IF((September!G12+September!M12)>0,(September!G12+September!M12),0) -> 5.2 | M5: =September!R12 -> 62
A6: San Francisco at Embarcadero | B6: =B5+1 -> 5 | C6: 9 | D6: 2021 | E6: =IF(September!C13>0,September!C13,0) -> 6300 | F6: 0.16 | G6: =IF(September!E13>0,September!E13,0) -> 11.517 | H6: 1.46 | I6: =IF((September!I13+September!O13)>0,(September!I13+September!O13),0) -> 9985 | J6: 0.04 | K6: =IF((September!G13+September!M13)>0,(September!G13+September!M13),0) -> 6.6 | M6: =September!R13 -> 48
A7: San Francisco at Embarcadero | B7: =B6+1 -> 6 | C7: 9 | D7: 2021 | E7: =IF(September!C14>0,September!C14,0) -> 5400 | F7: 0.16 | G7: =IF(September!E14>0,September!E14,0) -> 10.47 | H7: 1.46 | I7: =IF((September!I14+September!O14)>0,(September!I14+September!O14),0) -> 9320 | J7: 0.04 | K7: =IF((September!G14+September!M14)>0,(September!G14+September!M14),0) -> 5.4 | M7: =September!R14 -> 23
A8: San Francisco at Embarcadero | B8: =B7+1 -> 7 | C8: 9 | D8: 2021 | E8: =IF(September!C15>0,September!C15,0) -> 6000 | F8: 0.16 | G8: =IF(September!E15>0,September!E15,0) -> 10.47 | H8: 1.46 | I8: =IF((September!I15+September!O15)>0,(September!I15+September!O15),0) -> 7882 | J8: 0.04 | K8: =IF((September!G15+September!M15)>0,(September!G15+September!M15),0) -> 4.2 | M8: =September!R15 -> 22
A9: San Francisco at Embarcadero | B9: =B8+1 -> 8 | C9: 9 | D9: 2021 | E9: =IF(September!C16>0,September!C16,0) -> 4800 | F9: 0.16 | G9: =IF(September!E16>0,September!E16,0) -> 9.423 | H9: 1.46 | I9: =IF((September!I16+September!O16)>0,(September!I16+September!O16),0) -> 4794 | J9: 0.04 | K9: =IF((September!G16+September!M16)>0,(September!G16+September!M16),0) -> 3.9 | M9: =September!R16 -> 48
A10: San Francisco at Embarcadero | B10: =B9+1 -> 9 | C10: 9 | D10: 2021 | E10: =IF(September!C17>0,September!C17,0) -> 5700 | F10: 0.16 | G10: =IF(September!E17>0,September!E17,0) -> 10.47 | H10: 1.46 | I10: =IF((September!I17+September!O17)>0,(September!I17+September!O17),0) -> 6924 | J10: 0.04 | K10: =IF((September!G17+September!M17)>0,(September!G17+September!M17),0) -> 5 | M10: =September!R17 -> 50
A11: San Francisco at Embarcadero | B11: =B10+1 -> 10 | C11: 9 | D11: 2021 | E11: =IF(September!C18>0,September!C18,0) -> 5400 | F11: 0.16 | G11: =IF(September!E18>0,September!E18,0) -> 10.47 | H11: 1.46 | I11: =IF((September!I18+September!O18)>0,(September!I18+September!O18),0) -> 7180 | J11: 0.04 | K11: =IF((September!G18+September!M18)>0,(September!G18+September!M18),0) -> 5.5 | M11: =September!R18 -> 37
A12: San Francisco at Embarcadero | B12: =B11+1 -> 11 | C12: 9 | D12: 2021 | E12: =IF(September!C19>0,September!C19,0) -> 5700 | F12: 0.16 | G12: =IF(September!E19>0,September!E19,0) -> 10.47 | H12: 1.46 | I12: =IF((September!I19+September!O19)>0,(September!I19+September!O19),0) -> 6905 | J12: 0.04 | K12: =IF((September!G19+September!M19)>0,(September!G19+September!M19),0) -> 6 | M12: =September!R19 -> 58
A13: San Francisco at Embarcadero | B13: =B12+1 -> 12 | C13: 9 | D13: 2021 | E13: =IF(September!C20>0,September!C20,0) -> 8400 | F13: 0.16 | G13: =IF(September!E20>0,September!E20,0) -> 12.564 | H13: 1.46 | I13: =IF((September!I20+September!O20)>0,(September!I20+September!O20),0) -> 12567 | J13: 0.04 | K13: =IF((September!G20+September!M20)>0,(September!G20+September!M20),0) -> 8.6 | M13: =September!R20 -> 40
A14: San Francisco at Embarcadero | B14: =B13+1 -> 13 | C14: 9 | D14: 2021 | E14: =IF(September!C21>0,September!C21,0) -> 2700 | F14: 0.16 | G14: =IF(September!E21>0,September!E21,0) -> 4.188 | H14: 1.46 | I14: =IF((September!I21+September!O21)>0,(September!I21+September!O21),0) -> 2913 | J14: 0.04 | K14: =IF((September!G21+September!M21)>0,(September!G21+September!M21),0) -> 3.8 | M14: =September!R21 -> 40
... A31: San Francisco at Embarcadero | B31: =B30+1 -> 30 | C31: 9 | D31: 2021 | E31: =IF(September!C38>0,September!C38,0) -> 4500 | F31: 0.16 | G31: =IF(September!E38>0,September!E38,0) -> 6.282 | H31: 1.46 | I31: =IF((September!I38+September!O38)>0,(September!I38+September!O38),0) -> 4167 | J31: 0.04 | K31: =IF((September!G38+September!M38)>0,(September!G38+September!M38),0) -> 3.2 | M31: =September!R38 -> 50

Sheet September
A2: MONTHLY METER READINGS: September 2021
A6: PREVIOUS Meter Reading | B6: 16016 | D6: 48086 | F6: 28632 | H6: 10738938 | J6: 345271 | L6: 12464 | N6: 28310545 | P6: 6233068
A7: DATE | B7: 1B | D7: 1B | F7: 1B | H7: 1B | J7: 4TH | L7: 36TH | N7: 36TH | P7: EAST PENT.
B8: ELECTRIC (kWh) | C8: Usage (kWh) | D8: GAS (CCF) | E8: Usage (Therms) | F8: STEAM (Mlbs) | G8: Usage (Mlbs) | H8: WATER (Gallons) | I8: Usage (Gallons) | J8: CT - 5 (Gallons) | K8: Usage (Gallons) | L8: STEAM (Mlbs) | M8: Usage (Mlbs) | N8: WATER (Gallons) | O8: Usage (Gallons) | P8: CT -3 (Gallons) | Q8: Usage (Gallons) | R8: Room Nights
A9: 1 | B9: 16031 | C9: =+(B9-B6)*300 -> 4500 | D9: 48095 | E9: =+(D9-D6)*1.047 -> 9.423 | F9: 28639 | G9: =+(F9-F6)*0.1 -> 0.7 | H9: 10739460 | I9: =+H9-H6 -> 522 | J9: 345323 | K9: =+J9-J6 -> 52 | L9: 12484 | M9: =+(L9-L6)*0.1 -> 2 | N9: 28315357 | O9: =+N9-N6 -> 4812 | P9: 6233975 | Q9: =+P9-P6 -> 907 | R9: 26
A10: 2 | B10: 16049 | C10: =+(B10-B9)*300 -> 5400 | D10: 48106 | E10: =+(D10-D9)*1.047 -> 11.517 | F10: 28648 | G10: =+(F10-F9)*0.1 -> 0.9 | H10: 10740470 | I10: =+H10-H9 -> 1010 | J10: 345386 | K10: =+J10-J9 -> 63 | L10: 12525 | M10: =+(L10-L9)*0.1 -> 4.1 | N10: 28321020 | O10: =+N10-N9 -> 5663 | P10: 6233976 | Q10: =+P10-P9 -> 1 | R10: 34
A11: 3 | B11: 16065 | C11: =+(B11-B10)*300 -> 4800 | D11: 48116 | E11: =+(D11-D10)*1.047 -> 10.47 | F11: 28657 | G11: =+(F11-F10)*0.1 -> 0.9 | H11: 10742655 | I11: =+H11-H10 -> 2185 | J11: 345689 | K11: =+J11-J10 -> 303 | L11: 12570 | M11: =+(L11-L10)*0.1 -> 4.5 | N11: 28327140 | O11: =+N11-N10 -> 6120 | P11: 6233978 | Q11: =+P11-P10 -> 2 | R11: 45
A12: 4 | B12: 16082 | C12: =+(B12-B11)*300 -> 5100 | D12: 48126 | E12: =+(D12-D11)*1.047 -> 10.47 | F12: 28667 | G12: =+(F12-F11)*0.1 -> 1 | H12: 10743370 | I12: =+H12-H11 -> 715 | J12: 346012 | K12: =+J12-J11 -> 323 | L12: 12612 | M12: =+(L12-L11)*0.1 -> 4.2 | N12: 28332590 | O12: =+N12-N11 -> 5450 | P12: 6233984 | Q12: =+P12-P11 -> 6 | R12: 62
A13: 5 | B13: 16103 | C13: =+(B13-B12)*300 -> 6300 | D13: 48137 | E13: =+(D13-D12)*1.047 -> 11.517 | F13: 28677 | G13: =+(F13-F12)*0.1 -> 1 | H13: 10743915 | I13: =+H13-H12 -> 545 | J13: 346048 | K13: =+J13-J12 -> 36 | L13: 12668 | M13: =+(L13-L12)*0.1 -> 5.6 | N13: 28342030 | O13: =+N13-N12 -> 9440 | P13: 6233992 | Q13: =+P13-P12 -> 8 | R13: 48
A14: 6 | B14: 16121 | C14: =+(B14-B13)*300 -> 5400 | D14: 48147 | E14: =+(D14-D13)*1.047 -> 10.47 | F14: 28687 | G14: =+(F14-F13)*0.1 -> 1 | H14: 10744417 | I14: =+H14-H13 -> 502 | J14: 346065 | K14: =+J14-J13 -> 17 | L14: 12712 | M14: =+(L14-L13)*0.1 -> 4.4 | N14: 28350848 | O14: =+N14-N13 -> 8818 | P14: 6233998 | Q14: =+P14-P13 -> 6 | R14: 23
A15: 7 | B15: 16141 | C15: =+(B15-B14)*300 -> 6000 | D15: 48157 | E15: =+(D15-D14)*1.047 -> 10.47 | F15: 28695 | G15: =+(F15-F14)*0.1 -> 0.8 | H15: 10745411 | I15: =+H15-H14 -> 994 | J15: 346200 | K15: =+J15-J14 -> 135 | L15: 12746 | M15: =+(L15-L14)*0.1 -> 3.4 | N15: 28357736 | O15: =+N15-N14 -> 6888 | P15: 6234088 | Q15: =+P15-P14 -> 90 | R15: 22
A16: 8 | B16: 16157 | C16: =+(B16-B15)*300 -> 4800 | D16: 48166 | E16: =+(D16-D15)*1.047 -> 9.423 | F16: 28705 | G16: =+(F16-F15)*0.1 -> 1 | H16: 10745968 | I16: =+H16-H15 -> 557 | J16: 346254 | K16: =+J16-J15 -> 54 | L16: 12775 | M16: =+(L16-L15)*0.1 -> 2.9 | N16: 28361973 | O16: =+N16-N15 -> 4237 | P16: 6234095 | Q16: =+P16-P15 -> 7 | R16: 48
A17: 9 | B17: 16176 | C17: =+(B17-B16)*300 -> 5700 | D17: 48176 | E17: =+(D17-D16)*1.047 -> 10.47 | F17: 28715 | G17: =+(F17-F16)*0.1 -> 1 | H17: 10746860 | I17: =+H17-H16 -> 892 | J17: 346362 | K17: =+J17-J16 -> 108 | L17: 12815 | M17: =+(L17-L16)*0.1 -> 4 | N17: 28368005 | O17: =+N17-N16 -> 6032 | P17: 6234317 | Q17: =+P17-P16 -> 222 | R17: 50
A18: 10 | B18: 16194 | C18: =+(B18-B17)*300 -> 5400 | D18: 48186 | E18: =+(D18-D17)*1.047 -> 10.47 | F18: 28725 | G18: =+(F18-F17)*0.1 -> 1 | H18: 10747460 | I18: =+H18-H17 -> 600 | J18: 346406 | K18: =+J18-J17 -> 44 | L18: 12860 | M18: =+(L18-L17)*0.1 -> 4.5 | N18: 28374585 | O18: =+N18-N17 -> 6580 | P18: 6234342 | Q18: =+P18-P17 -> 25 | R18: 37
A19: 11 | B19: 16213 | C19: =+(B19-B18)*300 -> 5700 | D19: 48196 | E19: =+(D19-D18)*1.047 -> 10.47 | F19: 28735 | G19: =+(F19-F18)*0.1 -> 1 | H19: 10748020 | I19: =+H19-H18 -> 560 | J19: 346471 | K19: =+J19-J18 -> 65 | L19: 12910 | M19: =+(L19-L18)*0.1 -> 5 | N19: 28380930 | O19: =+N19-N18 -> 6345 | P19: 6234343 | Q19: =+P19-P18 -> 1 | R19: 58
A20: 12 | B20: 16241 | C20: =+(B20-B19)*300 -> 8400 | D20: 48208 | E20: =+(D20-D19)*1.047 -> 12.564 | F20: 28754 | G20: =+(F20-F19)*0.1 -> 1.9 | H20: 10748823 | I20: =+H20-H19 -> 803 | J20: 346433 | K20: =+J20-J19 -> -38 | L20: 12977 | M20: =+(L20-L19)*0.1 -> 6.7 | N20: 28392694 | O20: =+N20-N19 -> 11764 | P20: 6234594 | Q20: =+P20-P19 -> 251 | R20: 40
A21: 13 | B21: 16250 | C21: =+(B21-B20)*300 -> 2700 | D21: 48212 | E21: =+(D21-D20)*1.047 -> 4.188 | F21: 28760 | G21: =+(F21-F20)*0.1 -> 0.6 | H21: 10748950 | I21: =+H21-H20 -> 127 | J21: 346540 | K21: =+J21-J20 -> 107 | L21: 13009 | M21: =+(L21-L20)*0.1 -> 3.2 | N21: 28395480 | O21: =+N21-N20 -> 2786 | P21: 6234594 | Q21: =+P21-P20 -> 0 | R21: 40
... A38: 30 | B38: 16570 | C38: =+(B38-B37)*300 -> 4500 | D38: 48349 | E38: =+(D38-D37)*1.047 -> 6.282 | F38: 28928 | G38: =+(F38-F37)*0.1 -> 0.7 | H38: 10762910 | I38: =+H38-H37 -> 558 | J38: 348079 | K38: =+J38-J37 -> 71 | L38: 13699 | M38: =+(L38-L37)*0.1 -> 2.5 | N38: 28497740 | O38: =+N38-N37 -> 3609 | P38: 6237009 | Q38: =+P38-P37 -> 118 | R38: 50
A40: Total | C40: =SUM(C9:C39) -> 166200 | E40: =SUM(E9:E39) -> 275.361 | G40: =SUM(G9:G39) -> 29.6 | I40: =SUM(I9:I39) -> 23972 | K40: =SUM(K9:K39) -> 2808 | M40: =SUM(M9:M39) -> 123.5 | O40: =SUM(O9:O39) -> 187195 | Q40: =SUM(Q9:Q39) -> 3941 | R40: =SUM(R9:R39) -> 1093
