Workbook

Sheet TOTAL
A1: Site Name | B1: Day | C1: Month | D1: Year | E1: Total Electricity Kwh | F1: Electricity Tariff ($/Kwh) | G1: LPG (Kg) | H1: LPG $/Kg | I1: Total Fuel Oil (Liter) | J1: Fuel Oil $/Liter | K1: Water Utility Supply (m3) m3 | L1: Water Utility Supply (m3) $/m3 | M1: Room Nights | N1: Food Covers
A2: Bali Jimbaran | B2: 1 | C2: 1 | D2: 2022 | E2: ='FS Jimbaran January 2022'!P12 -> 16180 | F2: ='FS Jimbaran January 2022'!O12/'FS Jimbaran January 2022'!P12 -> 1185.0335 | G2: ='FS Jimbaran January 2022'!AG12 -> 107.2622 | H2: ='FS Jimbaran January 2022'!AH12/'FS Jimbaran January 2022'!AG12 -> 29523.333 | I2: ='FS Jimbaran January 2022'!AJ12 -> 242.08 | J2: ='FS Jimbaran January 2022'!AK12/'FS Jimbaran January 2022'!AJ12 -> 12000 | K2: ='FS Jimbaran January 2022'!V12 -> 1014 | L2: ='FS Jimbaran January 2022'!AA12/'FS Jimbaran January 2022'!V12 -> 6596.711 | M2: ='RNs & Covers January 2022'!B6 -> 30 | N2: ='RNs & Covers January 2022'!C6 -> 263
A3: Bali Jimbaran | B3: =B2+1 -> 2 | C3: 1 | D3: 2022 | E3: ='FS Jimbaran January 2022'!P13 -> 15360 | F3: ='FS Jimbaran January 2022'!O13/'FS Jimbaran January 2022'!P13 -> 1182.4481 | G3: ='FS Jimbaran January 2022'!AG13 -> 116.24464 | H3: ='FS Jimbaran January 2022'!AH13/'FS Jimbaran January 2022'!AG13 -> 29523.333 | I3: ='FS Jimbaran January 2022'!AJ13 -> 370.97 | J3: ='FS Jimbaran January 2022'!AK13/'FS Jimbaran January 2022'!AJ13 -> 12000 | K3: ='FS Jimbaran January 2022'!V13 -> 929 | L3: ='FS Jimbaran January 2022'!AA13/'FS Jimbaran January 2022'!V13 -> 6745.8808 | M3: ='RNs & Covers January 2022'!B7 -> 18 | N3: ='RNs & Covers January 2022'!C7 -> 240
A4: Bali Jimbaran | B4: =B3+1 -> 3 | C4: 1 | D4: 2022 | E4: ='FS Jimbaran January 2022'!P14 -> 14580 | F4: ='FS Jimbaran January 2022'!O14/'FS Jimbaran January 2022'!P14 -> 1187.5239 | G4: ='FS Jimbaran January 2022'!AG14 -> 111.57216 | H4: ='FS Jimbaran January 2022'!AH14/'FS Jimbaran January 2022'!AG14 -> 29523.333 | I4: ='FS Jimbaran January 2022'!AJ14 -> 347.2 | J4: ='FS Jimbaran January 2022'!AK14/'FS Jimbaran January 2022'!AJ14 -> 12000 | K4: ='FS Jimbaran January 2022'!V14 -> 980 | L4: ='FS Jimbaran January 2022'!AA14/'FS Jimbaran January 2022'!V14 -> 6668.241 | M4: ='RNs & Covers January 2022'!B8 -> 10 | N4: ='RNs & Covers January 2022'!C8 -> 125
A5: Bali Jimbaran | B5: =B4+1 -> 4 | C5: 1 | D5: 2022 | E5: ='FS Jimbaran January 2022'!P15 -> 14220 | F5: ='FS Jimbaran January 2022'!O15/'FS Jimbaran January 2022'!P15 -> 1193.8785 | G5: ='FS Jimbaran January 2022'!AG15 -> 129.73844 | H5: ='FS Jimbaran January 2022'!AH15/'FS Jimbaran January 2022'!AG15 -> 29523.333 | I5: ='FS Jimbaran January 2022'!AJ15 -> 281.79 | J5: ='FS Jimbaran January 2022'!AK15/'FS Jimbaran January 2022'!AJ15 -> 12000 | K5: ='FS Jimbaran January 2022'!V15 -> 961 | L5: ='FS Jimbaran January 2022'!AA15/'FS Jimbaran January 2022'!V15 -> 6751.2698 | M5: ='RNs & Covers January 2022'!B9 -> 10 | N5: ='RNs & Covers January 2022'!C9 -> 107
A6: Bali Jimbaran | B6: =B5+1 -> 5 | C6: 1 | D6: 2022 | E6: ='FS Jimbaran January 2022'!P16 -> 14780 | F6: ='FS Jimbaran January 2022'!O16/'FS Jimbaran January 2022'!P16 -> 1192.058 | G6: ='FS Jimbaran January 2022'!AG16 -> 106.61772 | H6: ='FS Jimbaran January 2022'!AH16/'FS Jimbaran January 2022'!AG16 -> 29523.333 | I6: ='FS Jimbaran January 2022'!AJ16 -> 716.51 | J6: ='FS Jimbaran January 2022'!AK16/'FS Jimbaran January 2022'!AJ16 -> 12000 | K6: ='FS Jimbaran January 2022'!V16 -> 994 | L6: ='FS Jimbaran January 2022'!AA16/'FS Jimbaran January 2022'!V16 -> 6546.1839 | M6: ='RNs & Covers January 2022'!B10 -> 15 | N6: ='RNs & Covers January 2022'!C10 -> 112
A7: Bali Jimbaran | B7: =B6+1 -> 6 | C7: 1 | D7: 2022 | E7: ='FS Jimbaran January 2022'!P17 -> 15020 | F7: ='FS Jimbaran January 2022'!O17/'FS Jimbaran January 2022'!P17 -> 1176.6309 | G7: ='FS Jimbaran January 2022'!AG17 -> 91.55644 | H7: ='FS Jimbaran January 2022'!AH17/'FS Jimbaran January 2022'!AG17 -> 29523.333 | I7: ='FS Jimbaran January 2022'!AJ17 -> 337.72 | J7: ='FS Jimbaran January 2022'!AK17/'FS Jimbaran January 2022'!AJ17 -> 12000 | K7: ='FS Jimbaran January 2022'!V17 -> 1000 | L7: ='FS Jimbaran January 2022'!AA17/'FS Jimbaran January 2022'!V17 -> 6643.6947 | M7: ='RNs & Covers January 2022'!B11 -> 11 | N7: ='RNs & Covers January 2022'!C11 -> 189
A8: Bali Jimbaran | B8: =B7+1 -> 7 | C8: 1 | D8: 2022 | E8: ='FS Jimbaran January 2022'!P18 -> 14460 | F8: ='FS Jimbaran January 2022'!O18/'FS Jimbaran January 2022'!P18 -> 1189.8576 | G8: ='FS Jimbaran January 2022'!AG18 -> 119.06424 | H8: ='FS Jimbaran January 2022'!AH18/'FS Jimbaran January 2022'!AG18 -> 29523.333 | I8: ='FS Jimbaran January 2022'!AJ18 -> 139.2 | J8: ='FS Jimbaran January 2022'!AK18/'FS Jimbaran January 2022'!AJ18 -> 12000 | K8: ='FS Jimbaran January 2022'!V18 -> 1013 | L8: ='FS Jimbaran January 2022'!AA18/'FS Jimbaran January 2022'!V18 -> 6571.0645 | M8: ='RNs & Covers January 2022'!B12 -> 11 | N8: ='RNs & Covers January 2022'!C12 -> 115
A9: Bali Jimbaran | B9: =B8+1 -> 8 | C9: 1 | D9: 2022 | E9: ='FS Jimbaran January 2022'!P19 -> 14280 | F9: ='FS Jimbaran January 2022'!O19/'FS Jimbaran January 2022'!P19 -> 1180.4846 | G9: ='FS Jimbaran January 2022'!AG19 -> 98.44088 | H9: ='FS Jimbaran January 2022'!AH19/'FS Jimbaran January 2022'!AG19 -> 29523.333 | I9: ='FS Jimbaran January 2022'!AJ19 -> 237.76 | J9: ='FS Jimbaran January 2022'!AK19/'FS Jimbaran January 2022'!AJ19 -> 12000 | K9: ='FS Jimbaran January 2022'!V19 -> 985 | L9: ='FS Jimbaran January 2022'!AA19/'FS Jimbaran January 2022'!V19 -> 6546.6033 | M9: ='RNs & Covers January 2022'!B13 -> 11 | N9: ='RNs & Covers January 2022'!C13 -> 175
A10: Bali Jimbaran | B10: =B9+1 -> 9 | C10: 1 | D10: 2022 | E10: ='FS Jimbaran January 2022'!P20 -> 13800 | F10: ='FS Jimbaran January 2022'!O20/'FS Jimbaran January 2022'!P20 -> 1182.9283 | G10: ='FS Jimbaran January 2022'!AG20 -> 107.74556 | H10: ='FS Jimbaran January 2022'!AH20/'FS Jimbaran January 2022'!AG20 -> 29523.333 | I10: ='FS Jimbaran January 2022'!AJ20 -> 326.53 | J10: ='FS Jimbaran January 2022'!AK20/'FS Jimbaran January 2022'!AJ20 -> 12000 | K10: ='FS Jimbaran January 2022'!V20 -> 1000 | L10: ='FS Jimbaran January 2022'!AA20/'FS Jimbaran January 2022'!V20 -> 6614.3588 | M10: ='RNs & Covers January 2022'!B14 -> 6 | N10: ='RNs & Covers January 2022'!C14 -> 131
A11: Bali Jimbaran | B11: =B10+1 -> 10 | C11: 1 | D11: 2022 | E11: ='FS Jimbaran January 2022'!P21 -> 13660 | F11: ='FS Jimbaran January 2022'!O21/'FS Jimbaran January 2022'!P21 -> 1182.3133 | G11: ='FS Jimbaran January 2022'!AG21 -> 94.1712 | H11: ='FS Jimbaran January 2022'!AH21/'FS Jimbaran January 2022'!AG21 -> 29523.333 | I11: ='FS Jimbaran January 2022'!AJ21 -> 331.76 | J11: ='FS Jimbaran January 2022'!AK21/'FS Jimbaran January 2022'!AJ21 -> 12000 | K11: ='FS Jimbaran January 2022'!V21 -> 985 | L11: ='FS Jimbaran January 2022'!AA21/'FS Jimbaran January 2022'!V21 -> 6680.6251 | M11: ='RNs & Covers January 2022'!B15 -> 5 | N11: ='RNs & Covers January 2022'!C15 -> 70
A12: Bali Jimbaran | B12: =B11+1 -> 11 | C12: 1 | D12: 2022 | E12: ='FS Jimbaran January 2022'!P22 -> 12760 | F12: ='FS Jimbaran January 2022'!O22/'FS Jimbaran January 2022'!P22 -> 1178.768 | G12: ='FS Jimbaran January 2022'!AG22 -> 120.1518 | H12: ='FS Jimbaran January 2022'!AH22/'FS Jimbaran January 2022'!AG22 -> 29523.333 | I12: ='FS Jimbaran January 2022'!AJ22 -> 265.95 | J12: ='FS Jimbaran January 2022'!AK22/'FS Jimbaran January 2022'!AJ22 -> 12000 | K12: ='FS Jimbaran January 2022'!V22 -> 1013 | L12: ='FS Jimbaran January 2022'!AA22/'FS Jimbaran January 2022'!V22 -> 6527.6254 | M12: ='RNs & Covers January 2022'!B16 -> 6 | N12: ='RNs & Covers January 2022'!C16 -> 60
A13: Bali Jimbaran | B13: =B12+1 -> 12 | C13: 1 | D13: 2022 | E13: ='FS Jimbaran January 2022'!P23 -> 13300 | F13: ='FS Jimbaran January 2022'!O23/'FS Jimbaran January 2022'!P23 -> 1178.336 | G13: ='FS Jimbaran January 2022'!AG23 -> 97.47416 | H13: ='FS Jimbaran January 2022'!AH23/'FS Jimbaran January 2022'!AG23 -> 29523.333 | I13: ='FS Jimbaran January 2022'!AJ23 -> 179.96 | J13: ='FS Jimbaran January 2022'!AK23/'FS Jimbaran January 2022'!AJ23 -> 12000 | K13: ='FS Jimbaran January 2022'!V23 -> 622 | L13: ='FS Jimbaran January 2022'!AA23/'FS Jimbaran January 2022'!V23 -> 3924.6074 | M13: ='RNs & Covers January 2022'!B17 -> 4 | N13: ='RNs & Covers January 2022'!C17 -> 39
A14: Bali Jimbaran | B14: =B13+1 -> 13 | C14: 1 | D14: 2022 | E14: ='FS Jimbaran January 2022'!P24 -> 14400 | F14: ='FS Jimbaran January 2022'!O24/'FS Jimbaran January 2022'!P24 -> 1185.7523 | G14: ='FS Jimbaran January 2022'!AG24 -> 92.4426 | H14: ='FS Jimbaran January 2022'!AH24/'FS Jimbaran January 2022'!AG24 -> 29523.333 | I14: ='FS Jimbaran January 2022'!AJ24 -> 0 | J14: ='FS Jimbaran January 2022'!AK24/'FS Jimbaran January 2022'!AJ24 -> #DIV/0! | K14: ='FS Jimbaran January 2022'!V24 -> 994 | L14: ='FS Jimbaran January 2022'!AA24/'FS Jimbaran January 2022'!V24 -> 9600.7753 | M14: ='RNs & Covers January 2022'!B18 -> 3 | N14: ='RNs & Covers January 2022'!C18 -> 73
... A32: Bali Jimbaran | B32: =B31+1 -> 31 | C32: 1 | D32: 2022 | E32: ='FS Jimbaran January 2022'!P42 -> 13200 | F32: ='FS Jimbaran January 2022'!O42/'FS Jimbaran January 2022'!P42 -> 1187.2628 | G32: ='FS Jimbaran January 2022'!AG42 -> 88.57228 | H32: ='FS Jimbaran January 2022'!AH42/'FS Jimbaran January 2022'!AG42 -> 29523.333 | I32: ='FS Jimbaran January 2022'!AJ42 -> 218.14 | J32: ='FS Jimbaran January 2022'!AK42/'FS Jimbaran January 2022'!AJ42 -> 12000 | K32: ='FS Jimbaran January 2022'!V42 -> 895 | L32: ='FS Jimbaran January 2022'!AA42/'FS Jimbaran January 2022'!V42 -> 6928.2036 | M32: ='RNs & Covers January 2022'!B36 -> 8 | N32: ='RNs & Covers January 2022'!C36 -> 77

Sheet FS Jimbaran January 2022
B6: Four Seasons Resort Bali at Jimbaran Bay
B7: JANUARY 2022
B8: Date | C8: Room Nights | D8: Food Covers | E8: ELECTRICITY Resort, Sundara & Residences | V8: WATER | AC8: GAS
E9: Electricity Resort | J9: Electricity - Sundara | O9: Sub Total (Resort & Sundara) Cost (IDR) | P9: Sub Total (Resort & Sundara), KWh | Q9: Residences- Electricity KWh | R9: Residences- Electricity cost (IDR) | S9: TOTAL Electricity consumption (KWh) | T9: TOTAL Electricity cost | W9: Water (m3) | AA9: Total Water Cost | AC9: LPG | AJ9: Diesel
E10: BASED LOAD KWh (from 10 pm - 6 pm) | F10: Cost (IDR) | G10: PEAK LOAD KWh (from 6 pm - 10 pm) | H10: Cost (IDR) | I10: Resort Cost (IDR) | J10: BASED LOAD KWh (from 10 pm - 6 pm) | K10: Cost (IDR) | L10: PEAK LOAD KWh (from 6 pm - 10 pm) | M10: Cost (IDR) | N10: Sundara Cost (IDR) | T10: IDR | U10: USD | V10: Water consumption (m3) | W10: Municipal Water (m3) | X10: Municipal Water cost (IDR) | Y10: Deepwell Consumption (m3) | Z10: Deepwell water Cost (IDR) | AA10: IDR | AB10: USD | AC10: LPG Bulk (m3) | AD10: 50 Kg (tube) IVD & TW | AE10: Sundara 50 kg (tube) | AF10: 12 Kg (tube) | AG10: Total kg | AH10: IDR | AI10: USD | AJ10: Used (liters) | AK10: IDR | AL10: USD
AB11: 14522 | AE11: 797000 | AF11: 163000 | AH11: =(AE11/50)+(AF11/12) -> 29523.333 | AK11: 12000
B12: 1 | C12: 30 | D12: 263 | E12: 11600 | F12: 12015048 | G12: 2440 | H12: 3790954.8 | I12: =(F12+H12)*1.05 -> 16596303 | J12: 1680 | K12: 1740110.4 | L12: 460 | M12: 714688.2 | N12: =(K12+M12)*1.05 -> 2577538.5 | O12: =I12+N12 -> 19173841 | P12: =E12+G12+J12+L12 -> 16180 | U12: 0 | V12: =W12+Y12 -> 1014 | W12: 232 | X12: 4154812.3 | Y12: 782 | Z12: 2534252.7 | AA12: =X12+Z12 -> 6689064.9 | AB12: =AA12/$AB$11 -> 460.61596 | AC12: 0 | AD12: 0 | AE12: 95.2622 | AF12: 12 | AG12: =AE12+AF12 -> 107.2622 | AH12: =(AE12+AF12)*$AH$11 -> 3166737.7 | AI12: =AH12/14522 -> 218.06485 | AJ12: 242.08 | AK12: =AJ12*$AK$11 -> 2904960
B13: 2 | C13: 18 | D13: 240 | E13: 10880 | F13: 11269286 | G13: 2200 | H13: 3418074 | I13: =(F13+H13)*1.05 -> 15421728 | J13: 1800 | K13: 1864404 | L13: 480 | M13: 745761.6 | N13: =(K13+M13)*1.05 -> 2740673.9 | O13: =I13+N13 -> 18162402 | P13: =E13+G13+J13+L13 -> 15360 | U13: 0 | V13: =W13+Y13 -> 929 | W13: 222 | X13: 3975725.5 | Y13: 707 | Z13: 2291197.8 | AA13: =X13+Z13 -> 6266923.3 | AB13: =AA13/$AB$11 -> 431.54685 | AC13: 0 | AD13: 0 | AE13: 104.24464 | AF13: 12 | AG13: =AE13+AF13 -> 116.24464 | AH13: =(AE13+AF13)*$AH$11 -> 3431929.3 | AI13: =AH13/14522 -> 236.32621 | AJ13: 370.97 | AK13: =AJ13*$AK$11 -> 4451640
B14: 3 | C14: 10 | D14: 125 | E14: 10360 | F14: 10730681 | G14: 2200 | H14: 3418074 | I14: =(F14+H14)*1.05 -> 14856193 | J14: 1540 | K14: 1595101.2 | L14: 480 | M14: 745761.6 | N14: =(K14+M14)*1.05 -> 2457905.9 | O14: =I14+N14 -> 17314098 | P14: =E14+G14+J14+L14 -> 14580 | U14: 0 | V14: =W14+Y14 -> 980 | W14: 229 | X14: 4101086.2 | Y14: 751 | Z14: 2433790 | AA14: =X14+Z14 -> 6534876.2 | AB14: =AA14/$AB$11 -> 449.99836 | AC14: 5.4 | AD14: 0 | AE14: 99.57216 | AF14: 12 | AG14: =AE14+AF14 -> 111.57216 | AH14: =(AE14+AF14)*$AH$11 -> 3293982.1 | AI14: =AH14/14522 -> 226.82703 | AJ14: 347.2 | AK14: =AJ14*$AK$11 -> 4166400
B15: 4 | C15: 10 | D15: 107 | E15: 9920 | F15: 10274938 | G15: 2400 | H15: 3728808 | I15: =(F15+H15)*1.05 -> 14703933 | J15: 1520 | K15: 1574385.6 | L15: 380 | M15: 590394.6 | N15: =(K15+M15)*1.05 -> 2273019.2 | O15: =I15+N15 -> 16976952 | P15: =E15+G15+J15+L15 -> 14220 | U15: 0 | V15: =W15+Y15 -> 961 | W15: 230 | X15: 4118994.9 | Y15: 731 | Z15: 2368975.3 | AA15: =X15+Z15 -> 6487970.3 | AB15: =AA15/$AB$11 -> 446.76837 | AC15: 0 | AD15: 0 | AE15: 117.73844 | AF15: 12 | AG15: =AE15+AF15 -> 129.73844 | AH15: =(AE15+AF15)*$AH$11 -> 3830311.2 | AI15: =AH15/14522 -> 263.75921 | AJ15: 281.79 | AK15: =AJ15*$AK$11 -> 3381480
B16: 5 | C16: 15 | D16: 112 | E16: 10560 | F16: 10937837 | G16: 2480 | H16: 3853101.6 | I16: =(F16+H16)*1.05 -> 15530485 | J16: 1380 | K16: 1429376.4 | L16: 360 | M16: 559321.2 | N16: =(K16+M16)*1.05 -> 2088132.5 | O16: =I16+N16 -> 17618618 | P16: =E16+G16+J16+L16 -> 14780 | U16: 0 | V16: =W16+Y16 -> 994 | W16: 224 | X16: 4011542.9 | Y16: 770 | Z16: 2495363.9 | AA16: =X16+Z16 -> 6506906.8 | AB16: =AA16/$AB$11 -> 448.07236 | AC16: 0 | AD16: 0 | AE16: 94.61772 | AF16: 12 | AG16: =AE16+AF16 -> 106.61772 | AH16: =(AE16+AF16)*$AH$11 -> 3147710.5 | AI16: =AH16/14522 -> 216.75461 | AJ16: 716.51 | AK16: =AJ16*$AK$11 -> 8598120
B17: 6 | C17: 11 | D17: 189 | E17: 10880 | F17: 11269286 | G17: 2120 | H17: 3293780.4 | I17: =(F17+H17)*1.05 -> 15291220 | J17: 1680 | K17: 1740110.4 | L17: 340 | M17: 528247.8 | N17: =(K17+M17)*1.05 -> 2381776.1 | O17: =I17+N17 -> 17672996 | P17: =E17+G17+J17+L17 -> 15020 | U17: 0 | V17: =W17+Y17 -> 1000 | W17: 232 | X17: 4154812.3 | Y17: 768 | Z17: 2488882.4 | AA17: =X17+Z17 -> 6643694.7 | AB17: =AA17/$AB$11 -> 457.49172 | AC17: 0 | AD17: 0 | AE17: 91.55644 | AF17: 0 | AG17: =AE17+AF17 -> 91.55644 | AH17: =(AE17+AF17)*$AH$11 -> 2703051.3 | AI17: =AH17/14522 -> 186.13492 | AJ17: 337.72 | AK17: =AJ17*$AK$11 -> 4052640
B18: 7 | C18: 11 | D18: 115 | E18: 10280 | F18: 10647818 | G18: 2160 | H18: 3355927.2 | I18: =(F18+H18)*1.05 -> 14703933 | J18: 1460 | K18: 1512238.8 | L18: 560 | M18: 870055.2 | N18: =(K18+M18)*1.05 -> 2501408.7 | O18: =I18+N18 -> 17205342 | P18: =E18+G18+J18+L18 -> 14460 | U18: 0 | V18: =W18+Y18 -> 1013 | W18: 230 | X18: 4118994.9 | Y18: 783 | Z18: 2537493.4 | AA18: =X18+Z18 -> 6656488.3 | AB18: =AA18/$AB$11 -> 458.3727 | AC18: 0 | AD18: 0 | AE18: 107.06424 | AF18: 12 | AG18: =AE18+AF18 -> 119.06424 | AH18: =(AE18+AF18)*$AH$11 -> 3515173.2 | AI18: =AH18/14522 -> 242.05848 | AJ18: 139.2 | AK18: =AJ18*$AK$11 -> 1670400
B19: 8 | C19: 11 | D19: 175 | E19: 10200 | F19: 10564956 | G19: 2040 | H19: 3169486.8 | I19: =(F19+H19)*1.05 -> 14421165 | J19: 1640 | K19: 1698679.2 | L19: 400 | M19: 621468 | N19: =(K19+M19)*1.05 -> 2436154.6 | O19: =I19+N19 -> 16857319 | P19: =E19+G19+J19+L19 -> 14280 | U19: 0 | V19: =W19+Y19 -> 985 | W19: 222 | X19: 3975725.5 | Y19: 763 | Z19: 2472678.8 | AA19: =X19+Z19 -> 6448404.3 | AB19: =AA19/$AB$11 -> 444.04382 | AC19: 0 | AD19: 0 | AE19: 86.44088 | AF19: 12 | AG19: =AE19+AF19 -> 98.44088 | AH19: =(AE19+AF19)*$AH$11 -> 2906302.9 | AI19: =AH19/14522 -> 200.13104 | AJ19: 237.76 | AK19: =AJ19*$AK$11 -> 2853120
B20: 9 | C20: 6 | D20: 131 | E20: 10040 | F20: 10399231 | G20: 2080 | H20: 3231633.6 | I20: =(F20+H20)*1.05 -> 14312408 | J20: 1340 | K20: 1387945.2 | L20: 340 | M20: 528247.8 | N20: =(K20+M20)*1.05 -> 2012002.7 | O20: =I20+N20 -> 16324411 | P20: =E20+G20+J20+L20 -> 13800 | U20: 0 | V20: =W20+Y20 -> 1000 | W20: 230 | X20: 4118994.9 | Y20: 770 | Z20: 2495363.9 | AA20: =X20+Z20 -> 6614358.8 | AB20: =AA20/$AB$11 -> 455.47162 | AC20: 0 | AD20: 0 | AE20: 95.74556 | AF20: 12 | AG20: =AE20+AF20 -> 107.74556 | AH20: =(AE20+AF20)*$AH$11 -> 3181008.1 | AI20: =AH20/14522 -> 219.04752 | AJ20: 326.53 | AK20: =AJ20*$AK$11 -> 3918360
B21: 10 | C21: 5 | D21: 70 | E21: 10040 | F21: 10399231 | G21: 2040 | H21: 3169486.8 | I21: =(F21+H21)*1.05 -> 14247154 | J21: 1240 | K21: 1284367.2 | L21: 340 | M21: 528247.8 | N21: =(K21+M21)*1.05 -> 1903245.7 | O21: =I21+N21 -> 16150400 | P21: =E21+G21+J21+L21 -> 13660 | U21: 0 | V21: =W21+Y21 -> 985 | W21: 231 | X21: 4136903.6 | Y21: 754 | Z21: 2443512.2 | AA21: =X21+Z21 -> 6580415.8 | AB21: =AA21/$AB$11 -> 453.13426 | AC21: 0.3 | AD21: 0 | AE21: 82.1712 | AF21: 12 | AG21: =AE21+AF21 -> 94.1712 | AH21: =(AE21+AF21)*$AH$11 -> 2780247.7 | AI21: =AH21/14522 -> 191.45075 | AJ21: 331.76 | AK21: =AJ21*$AK$11 -> 3981120
B22: 11 | C22: 6 | D22: 60 | E22: 9360 | F22: 9694900.8 | G22: 1800 | H22: 2796606 | I22: =(F22+H22)*1.05 -> 13116082 | J22: 1260 | K22: 1305082.8 | L22: 340 | M22: 528247.8 | N22: =(K22+M22)*1.05 -> 1924997.1 | O22: =I22+N22 -> 15041079 | P22: =E22+G22+J22+L22 -> 12760 | U22: 0 | V22: =W22+Y22 -> 1013 | W22: 227 | X22: 4065268.9 | Y22: 786 | Z22: 2547215.6 | AA22: =X22+Z22 -> 6612484.5 | AB22: =AA22/$AB$11 -> 455.34255 | AC22: 0 | AD22: 0 | AE22: 108.1518 | AF22: 12 | AG22: =AE22+AF22 -> 120.1518 | AH22: =(AE22+AF22)*$AH$11 -> 3547281.6 | AI22: =AH22/14522 -> 244.2695 | AJ22: 265.95 | AK22: =AJ22*$AK$11 -> 3191400
B23: 12 | C23: 4 | D23: 39 | E23: 9840 | F23: 10192075 | G23: 1920 | H23: 2983046.4 | I23: =(F23+H23)*1.05 -> 13833878 | J23: 1240 | K23: 1284367.2 | L23: 300 | M23: 466101 | N23: =(K23+M23)*1.05 -> 1837991.6 | O23: =I23+N23 -> 15671869 | P23: =E23+G23+J23+L23 -> 13300 | U23: 0 | V23: =W23+Y23 -> 622 | W23: 29 | X23: 519351.53 | Y23: 593 | Z23: 1921754.3 | AA23: =X23+Z23 -> 2441105.8 | AB23: =AA23/$AB$11 -> 168.09708 | AC23: 0 | AD23: 0 | AE23: 85.47416 | AF23: 12 | AG23: =AE23+AF23 -> 97.47416 | AH23: =(AE23+AF23)*$AH$11 -> 2877762.1 | AI23: =AH23/14522 -> 198.16569 | AJ23: 179.96 | AK23: =AJ23*$AK$11 -> 2159520
... B41: 30 | C41: 5 | D41: 62 | E41: 9880 | F41: 10233506 | G41: 2040 | H41: 3169486.8 | I41: =(F41+H41)*1.05 -> 14073143 | J41: 1320 | K41: 1367229.6 | L41: 280 | M41: 435027.6 | N41: =(K41+M41)*1.05 -> 1892370.1 | O41: =I41+N41 -> 15965513 | P41: =E41+G41+J41+L41 -> 13520 | U41: 0 | V41: =W41+Y41 -> 868 | W41: 220 | X41: 3939908.2 | Y41: 648 | Z41: 2099994.6 | AA41: =X41+Z41 -> 6039902.7 | AB41: =AA41/$AB$11 -> 415.91397 | AC41: 0 | AD41: 0 | AE41: 79.1502 | AF41: 0 | AG41: =AE41+AF41 -> 79.1502 | AH41: =(AE41+AF41)*$AH$11 -> 2336777.7 | AI41: =AH41/14522 -> 160.91294 | AJ41: 156.27 | AK41: =AJ41*$AK$11 -> 1875240
B42: 31 | C42: 8 | D42: 77 | E42: 9720 | F42: 10067782 | G42: 2120 | H42: 3293780.4 | I42: =(F42+H42)*1.05 -> 14029640 | J42: 1060 | K42: 1097926.8 | L42: 300 | M42: 466101 | N42: =(K42+M42)*1.05 -> 1642229.2 | O42: =I42+N42 -> 15671869 | P42: =E42+G42+J42+L42 -> 13200 | V42: =W42+Y42 -> 895 | W42: 225 | X42: 4029451.6 | Y42: 670 | Z42: 2171290.7 | AA42: =X42+Z42 -> 6200742.2 | AB42: =AA42/$AB$11 -> 426.98955 | AC42: 0 | AD42: 0 | AE42: 76.57228 | AF42: 12 | AG42: =AE42+AF42 -> 88.57228 | AH42: =(AE42+AF42)*$AH$11 -> 2614948.9 | AI42: =AH42/14522 -> 180.0681 | AJ42: 218.14 | AK42: =AJ42*$AK$11 -> 2617680
C46: =SUM(C12:C42) -> 232 | D46: =SUM(D12:D42) -> 2935 | E46: =SUM(E12:E42) -> 317520 | F46: =SUM(F12:F42) -> 3.2888087e+08 | G46: =SUM(G12:G42) -> 65440 | H46: =SUM(H12:H42) -> 1.0167216e+08 | I46: =SUM(I12:I42) -> 4.5208068e+08 | J46: =SUM(J12:J42) -> 42660 | ... P46: =SUM(P12:P42) -> 437240 | V46: =SUM(V12:V42) -> 29210 | W46: =SUM(W12:W42) -> 6966 | X46: =SUM(X12:X42) -> 124751820 | Y46: =SUM(Y12:Y42) -> 22244 | Z46: =SUM(Z12:Z42) -> 72086850 | AA46: =SUM(AA12:AA42) -> 1.9683867e+08 | AB46: =SUM(AB12:AB42) -> 13554.515 | AC46: =SUM(AC12:AC41) -> 5.77 | AD46: =SUM(AD12:AD41) -> 0 | AE46: =SUM(AE12:AE42) -> 2780.5284 | AF46: =SUM(AF12:AF42) -> 324 | AG46: =SUM(AG12:AG42) -> 3104.5284 | AH46: =SUM(AH12:AH42) -> 91656027 | AI46: =AH46/$AL$47 -> 7063.4549 | AJ46: =SUM(AJ12:AJ42) -> 7749.04 | AK46: =SUM(AK12:AK42) -> 92988480 | AL46: =AK46/AL47 -> 7166.1402
T47: kWh rate | U47: =U46/S46 -> #DIV/0! | V47: m3/RNs | AK47: . | AL47: 12976.09
O48: =+O46/P46 -> 1183.4066

Sheet RNs & Covers January 2022
A1: Four Seasons Resort Bali at Jimbaran Bay
A2: 44562
A3: Date | B3: Room Nights | C3: Food Covers
A6: 1 | B6: ='FS Jimbaran January 2022'!C12 -> 30 | C6: ='FS Jimbaran January 2022'!D12 -> 263
A7: 2 | B7: ='FS Jimbaran January 2022'!C13 -> 18 | C7: ='FS Jimbaran January 2022'!D13 -> 240
A8: =A7+1 -> 3 | B8: ='FS Jimbaran January 2022'!C14 -> 10 | C8: ='FS Jimbaran January 2022'!D14 -> 125
A9: =A8+1 -> 4 | B9: ='FS Jimbaran January 2022'!C15 -> 10 | C9: ='FS Jimbaran January 2022'!D15 -> 107
A10: =A9+1 -> 5 | B10: ='FS Jimbaran January 2022'!C16 -> 15 | C10: ='FS Jimbaran January 2022'!D16 -> 112
A11: =A10+1 -> 6 | B11: ='FS Jimbaran January 2022'!C17 -> 11 | C11: ='FS Jimbaran January 2022'!D17 -> 189
A12: =A11+1 -> 7 | B12: ='FS Jimbaran January 2022'!C18 -> 11 | C12: ='FS Jimbaran January 2022'!D18 -> 115
A13: =A12+1 -> 8 | B13: ='FS Jimbaran January 2022'!C19 -> 11 | C13: ='FS Jimbaran January 2022'!D19 -> 175
A14: =A13+1 -> 9 | B14: ='FS Jimbaran January 2022'!C20 -> 6 | C14: ='FS Jimbaran January 2022'!D20 -> 131
A15: =A14+1 -> 10 | B15: ='FS Jimbaran January 2022'!C21 -> 5 | C15: ='FS Jimbaran January 2022'!D21 -> 70
A16: =A15+1 -> 11 | B16: ='FS Jimbaran January 2022'!C22 -> 6 | C16: ='FS Jimbaran January 2022'!D22 -> 60
A17: =A16+1 -> 12 | B17: ='FS Jimbaran January 2022'!C23 -> 4 | C17: ='FS Jimbaran January 2022'!D23 -> 39
A18: =A17+1 -> 13 | B18: ='FS Jimbaran January 2022'!C24 -> 3 | C18: ='FS Jimbaran January 2022'!D24 -> 73
A19: =A18+1 -> 14 | B19: ='FS Jimbaran January 2022'!C25 -> 31 | C19: ='FS Jimbaran January 2022'!D25 -> 143
... A36: =A35+1 -> 31 | B36: ='FS Jimbaran January 2022'!C42 -> 8 | C36: ='FS Jimbaran January 2022'!D42 -> 77
B37: =SUM(B6:B36) -> 232 | C37: =SUM(C6:C36) -> 2935

Sheet Residence Electricity Jan 2022
C8: Office & Pantry | D8: Unit (KWh) - bill Estate Common | E8: 2585
D9: Charge | E9: 3921277
C10: Residence 001 | D10: Unit (KWh) - bill Estate 1 | E10: 6111
D11: Charge | E11: 10152846
C12: Residence 002 | D12: Unit (KWh) - bill Estate 2 | E12: 2120
D13: Charge | E13: 3537492.4
C14: Residence 003 | D14: Unit (KWh) - bill Estate 3 | E14: 6919
D15: Charge | E15: 11495261
C16: Residence 005 | D16: Unit (KWh) - bill Estate 4 | E16: 8694
D17: Charge | E17: 14444255
C18: Residence 006 | D18: Unit (KWh)-bill Estate 5 | E18: 5470
D19: Charge | E19: 9087885.3
C20: Residence 007 | D20: Unit (KWh)-bill Estate 6 | E20: 2661
D21: Charge | E21: 4420998.7
C22: Residence 008 | D22: Unit (KWh)-bill Estate 7 | E22: 3030
D23: Charge | E23: 5034057.2
C24: Residence 009 | D24: Unit (KWh)-bill Estate 8 | E24: 3916
D25: Charge | E25: 6506062
C26: Residence 010 | D26: Unit (KWh)-billa Estate 9 | E26: 2618
D27: Charge | E27: 4349558.3
C28: Total KWH | E28: =E8+E10+E12+E14+E16+E18+E20+E22+E24+E26 -> 44124
C29: Total Charge Residence | E29: =E9+E11+E13+E15+E17+E19+E21+E23+E25+E27 -> 72949693
