Workbook

Sheet TOTAL
A1: Site Name | B1: Day | C1: Month | D1: Year | E1: Total Electricity Kwh | F1: Electricity Tariff ($/Kwh) | G1: Natual Gas (m3) | H1: Natural Gas $/m3 | I1: Water Utility Supply (m3) m3 | J1: Water Utility Supply (m3) $/m3 | K1: Room Nights
A2: Orlando | B2: 5 | C2: 1 | D2: 2020 | E2: =Submetering!F3+Submetering!H3+Submetering!J3+Submetering!L3+Submetering!N3+Submetering!P3+Submetering!R3+Submetering!T3+Submetering!V3+Submetering!X3+Submetering!Z3+Submetering!AB3+Submetering!AC3+Submetering!AD3+Submetering!AE3 -> 273801.6 | F2: =((((Submetering!E3+Submetering!AD3)*0.13773+(Submetering!E3+Submetering!AD3)*0.02095)*1.09+(2.85/30)*2)+(((Submetering!F3+Submetering!H3+Submetering!J3+Submetering!L3+Submetering!N3+Submetering!P3+Submetering!R3+Submetering!T3+Submetering!V3+Submetering!X3+Submetering!Z3+Submetering!AB3+Submetering!AC3+Submetering!AE3)*0.05155)+((Submetering!F3+Submetering!H3+Submetering!J3+Submetering!L3+Submetering!N3+Submetering!P3+Submetering!R3+Submetering!T3+Submetering!V3+Submetering!X3+Submetering!Z3+Submetering!AB3+Submetering!AC3+Submetering!AE3)*0.02095)+(20/30)*15)*1.1048)/E2 -> 0.080960258 | G2: =Submetering!AK3+Submetering!AL3+Submetering!AU3 -> 5732.3038 | H2: 0.8166 | I2: =Submetering!AF3+Submetering!AG3+Submetering!AV3+Submetering!AY3+Submetering!AZ3 -> 3362.373 | J2: =((Submetering!AG3+Submetering!BA3)*0.8868+(1712.96+1070.52)/30+(Submetering!AF3+Submetering!AY3+Submetering!AV3+Submetering!AZ3)*1.1251+(2076.11+129.67+207.57+207.57)/30+(11680.53+56.61)/30)/I2 -> 1.3007092 | K2: =Elect!C5 -> 1437
A3: Orlando | B3: 12 | C3: 1 | D3: 2020 | E3: =Submetering!F4+Submetering!H4+Submetering!J4+Submetering!L4+Submetering!N4+Submetering!P4+Submetering!R4+Submetering!T4+Submetering!V4+Submetering!X4+Submetering!Z4+Submetering!AB4+Submetering!AC4+Submetering!AD4+Submetering!AE4 -> 294900.65 | F3: =((((Submetering!E4+Submetering!AD4)*0.13773+(Submetering!E4+Submetering!AD4)*0.02095)*1.09+(2.85/30)*2)+(((Submetering!F4+Submetering!H4+Submetering!J4+Submetering!L4+Submetering!N4+Submetering!P4+Submetering!R4+Submetering!T4+Submetering!V4+Submetering!X4+Submetering!Z4+Submetering!AB4+Submetering!AC4+Submetering!AE4)*0.05155)+((Submetering!F4+Submetering!H4+Submetering!J4+Submetering!L4+Submetering!N4+Submetering!P4+Submetering!R4+Submetering!T4+Submetering!V4+Submetering!X4+Submetering!Z4+Submetering!AB4+Submetering!AC4+Submetering!AE4)*0.02095)+(20/30)*15)*1.1048)/E3 -> 0.08119182 | G3: =Submetering!AK4+Submetering!AL4+Submetering!AU4 -> 7093.1256 | H3: 0.8166 | I3: =Submetering!AF4+Submetering!AG4+Submetering!AV4+Submetering!AY4+Submetering!AZ4 -> 3823.161 | J3: =((Submetering!AG4+Submetering!BA4)*0.8868+(1712.96+1070.52)/30+(Submetering!AF4+Submetering!AY4+Submetering!AV4+Submetering!AZ4)*1.1251+(2076.11+129.67+207.57+207.57)/30+(11680.53+56.61)/30)/I3 -> 1.2700624 | K3: =Elect!C6 -> 1370
A4: Orlando | B4: 19 | C4: 1 | D4: 2020 | E4: =Submetering!F5+Submetering!H5+Submetering!J5+Submetering!L5+Submetering!N5+Submetering!P5+Submetering!R5+Submetering!T5+Submetering!V5+Submetering!X5+Submetering!Z5+Submetering!AB5+Submetering!AC5+Submetering!AD5+Submetering!AE5 -> 298844.67 | F4: =((((Submetering!E5+Submetering!AD5)*0.13773+(Submetering!E5+Submetering!AD5)*0.02095)*1.09+(2.85/30)*2)+(((Submetering!F5+Submetering!H5+Submetering!J5+Submetering!L5+Submetering!N5+Submetering!P5+Submetering!R5+Submetering!T5+Submetering!V5+Submetering!X5+Submetering!Z5+Submetering!AB5+Submetering!AC5+Submetering!AE5)*0.05155)+((Submetering!F5+Submetering!H5+Submetering!J5+Submetering!L5+Submetering!N5+Submetering!P5+Submetering!R5+Submetering!T5+Submetering!V5+Submetering!X5+Submetering!Z5+Submetering!AB5+Submetering!AC5+Submetering!AE5)*0.02095)+(20/30)*15)*1.1048)/E4 -> 0.081466767 | G4: =Submetering!AK5+Submetering!AL5+Submetering!AU5 -> 5253.025 | H4: 0.8166 | I4: =Submetering!AF5+Submetering!AG5+Submetering!AV5+Submetering!AY5+Submetering!AZ5 -> 4964.6202 | J4: =((Submetering!AG5+Submetering!BA5)*0.8868+(1712.96+1070.52)/30+(Submetering!AF5+Submetering!AY5+Submetering!AV5+Submetering!AZ5)*1.1251+(2076.11+129.67+207.57+207.57)/30+(11680.53+56.61)/30)/I4 -> 1.2282165 | K4: =Elect!C7 -> 2711
A5: Orlando | B5: 26 | C5: 1 | D5: 2020 | E5: =Submetering!F6+Submetering!H6+Submetering!J6+Submetering!L6+Submetering!N6+Submetering!P6+Submetering!R6+Submetering!T6+Submetering!V6+Submetering!X6+Submetering!Z6+Submetering!AB6+Submetering!AC6+Submetering!AD6+Submetering!AE6 -> 294986.72 | F5: =((((Submetering!E6+Submetering!AD6)*0.13773+(Submetering!E6+Submetering!AD6)*0.02095)*1.09+(2.85/30)*2)+(((Submetering!F6+Submetering!H6+Submetering!J6+Submetering!L6+Submetering!N6+Submetering!P6+Submetering!R6+Submetering!T6+Submetering!V6+Submetering!X6+Submetering!Z6+Submetering!AB6+Submetering!AC6+Submetering!AE6)*0.05155)+((Submetering!F6+Submetering!H6+Submetering!J6+Submetering!L6+Submetering!N6+Submetering!P6+Submetering!R6+Submetering!T6+Submetering!V6+Submetering!X6+Submetering!Z6+Submetering!AB6+Submetering!AC6+Submetering!AE6)*0.02095)+(20/30)*15)*1.1048)/E5 -> 0.081132867 | G5: =Submetering!AK6+Submetering!AL6+Submetering!AU6 -> 5892.812 | H5: 0.8166 | I5: =Submetering!AF6+Submetering!AG6+Submetering!AV6+Submetering!AY6+Submetering!AZ6 -> 3892.3628 | J5: =((Submetering!AG6+Submetering!BA6)*0.8868+(1712.96+1070.52)/30+(Submetering!AF6+Submetering!AY6+Submetering!AV6+Submetering!AZ6)*1.1251+(2076.11+129.67+207.57+207.57)/30+(11680.53+56.61)/30)/I5 -> 1.3551613 | K5: =Elect!C8 -> 2551
A6: Orlando | B6: 31 | C6: 1 | D6: 2020 | E6: =Submetering!F7+Submetering!H7+Submetering!J7+Submetering!L7+Submetering!N7+Submetering!P7+Submetering!R7+Submetering!T7+Submetering!V7+Submetering!X7+Submetering!Z7+Submetering!AB7+Submetering!AC7+Submetering!AD7+Submetering!AE7 -> 295079.86 | F6: =((((Submetering!E7+Submetering!AD7)*0.13773+(Submetering!E7+Submetering!AD7)*0.02095)*1.09+(2.85/30)*2)+(((Submetering!F7+Submetering!H7+Submetering!J7+Submetering!L7+Submetering!N7+Submetering!P7+Submetering!R7+Submetering!T7+Submetering!V7+Submetering!X7+Submetering!Z7+Submetering!AB7+Submetering!AC7+Submetering!AE7)*0.05155)+((Submetering!F7+Submetering!H7+Submetering!J7+Submetering!L7+Submetering!N7+Submetering!P7+Submetering!R7+Submetering!T7+Submetering!V7+Submetering!X7+Submetering!Z7+Submetering!AB7+Submetering!AC7+Submetering!AE7)*0.02095)+(20/30)*15)*1.1048)/E6 -> 0.081109289 | G6: =Submetering!AK7+Submetering!AL7+Submetering!AU7 -> 6048.2434 | H6: 0.8166 | I6: =Submetering!AF7+Submetering!AG7+Submetering!AV7+Submetering!AY7+Submetering!AZ7 -> 5210.9666 | J6: =((Submetering!AG7+Submetering!BA7)*0.8868+(1712.96+1070.52)/30+(Submetering!AF7+Submetering!AY7+Submetering!AV7+Submetering!AZ7)*1.1251+(2076.11+129.67+207.57+207.57)/30+(11680.53+56.61)/30)/I6 -> 1.2567467 | K6: =Elect!C9 -> 2016
A7: Orlando | B7: 9 | C7: 2 | D7: 2020 | E7: =Submetering!F8+Submetering!H8+Submetering!J8+Submetering!L8+Submetering!N8+Submetering!P8+Submetering!R8+Submetering!T8+Submetering!V8+Submetering!X8+Submetering!Z8+Submetering!AB8+Submetering!AC8+Submetering!AD8+Submetering!AE8 -> 301467.82 | F7: =((((Submetering!E8+Submetering!AD8)*0.13773+(Submetering!E8+Submetering!AD8)*0.02095)*1.09+(2.85/30)*2)+(((Submetering!F8+Submetering!H8+Submetering!J8+Submetering!L8+Submetering!N8+Submetering!P8+Submetering!R8+Submetering!T8+Submetering!V8+Submetering!X8+Submetering!Z8+Submetering!AB8+Submetering!AC8+Submetering!AE8)*0.05155)+((Submetering!F8+Submetering!H8+Submetering!J8+Submetering!L8+Submetering!N8+Submetering!P8+Submetering!R8+Submetering!T8+Submetering!V8+Submetering!X8+Submetering!Z8+Submetering!AB8+Submetering!AC8+Submetering!AE8)*0.02095)+(20/30)*15)*1.1048)/E7 -> 0.081053246 | G7: =Submetering!AK8+Submetering!AL8+Submetering!AU8 -> 7739.08 | H7: 0.8166 | I7: =Submetering!AF8+Submetering!AG8+Submetering!AV8+Submetering!AY8+Submetering!AZ8 -> 4719.961 | J7: =((Submetering!AG8+Submetering!BA8)*0.8868+(1712.96+1070.52)/30+(Submetering!AF8+Submetering!AY8+Submetering!AV8+Submetering!AZ8)*1.1251+(2076.11+129.67+207.57+207.57)/30+(11680.53+56.61)/30)/I7 -> 1.2544278 | K7: =Elect!C10 -> 2858
A8: Orlando | B8: 16 | C8: 2 | D8: 2020 | E8: =Submetering!F9+Submetering!H9+Submetering!J9+Submetering!L9+Submetering!N9+Submetering!P9+Submetering!R9+Submetering!T9+Submetering!V9+Submetering!X9+Submetering!Z9+Submetering!AB9+Submetering!AC9+Submetering!AD9+Submetering!AE9 -> 304149.82 | F8: =((((Submetering!E9+Submetering!AD9)*0.13773+(Submetering!E9+Submetering!AD9)*0.02095)*1.09+(2.85/30)*2)+(((Submetering!F9+Submetering!H9+Submetering!J9+Submetering!L9+Submetering!N9+Submetering!P9+Submetering!R9+Submetering!T9+Submetering!V9+Submetering!X9+Submetering!Z9+Submetering!AB9+Submetering!AC9+Submetering!AE9)*0.05155)+((Submetering!F9+Submetering!H9+Submetering!J9+Submetering!L9+Submetering!N9+Submetering!P9+Submetering!R9+Submetering!T9+Submetering!V9+Submetering!X9+Submetering!Z9+Submetering!AB9+Submetering!AC9+Submetering!AE9)*0.02095)+(20/30)*15)*1.1048)/E8 -> 0.081044823 | G8: =Submetering!AK9+Submetering!AL9+Submetering!AU9 -> 5602.9366 | H8: 0.8166 | I8: =Submetering!AF9+Submetering!AG9+Submetering!AV9+Submetering!AY9+Submetering!AZ9 -> 5358.646 | J8: =((Submetering!AG9+Submetering!BA9)*0.8868+(1712.96+1070.52)/30+(Submetering!AF9+Submetering!AY9+Submetering!AV9+Submetering!AZ9)*1.1251+(2076.11+129.67+207.57+207.57)/30+(11680.53+56.61)/30)/I8 -> 1.2857249 | K8: =Elect!C11 -> 2355
A9: Orlando | B9: 24 | C9: 2 | D9: 2020 | E9: =Submetering!F10+Submetering!H10+Submetering!J10+Submetering!L10+Submetering!N10+Submetering!P10+Submetering!R10+Submetering!T10+Submetering!V10+Submetering!X10+Submetering!Z10+Submetering!AB10+Submetering!AC10+Submetering!AD10+Submetering!AE10 -> 306313.62 | F9: =((((Submetering!E10+Submetering!AD10)*0.13773+(Submetering!E10+Submetering!AD10)*0.02095)*1.09+(2.85/30)*2)+(((Submetering!F10+Submetering!H10+Submetering!J10+Submetering!L10+Submetering!N10+Submetering!P10+Submetering!R10+Submetering!T10+Submetering!V10+Submetering!X10+Submetering!Z10+Submetering!AB10+Submetering!AC10+Submetering!AE10)*0.05155)+((Submetering!F10+Submetering!H10+Submetering!J10+Submetering!L10+Submetering!N10+Submetering!P10+Submetering!R10+Submetering!T10+Submetering!V10+Submetering!X10+Submetering!Z10+Submetering!AB10+Submetering!AC10+Submetering!AE10)*0.02095)+(20/30)*15)*1.1048)/E9 -> 0.081038134 | G9: =Submetering!AK10+Submetering!AL10+Submetering!AU10 -> 6087.22 | H9: 0.8166 | I9: =Submetering!AF10+Submetering!AG10+Submetering!AV10+Submetering!AY10+Submetering!AZ10 -> 5222.1652 | J9: =((Submetering!AG10+Submetering!BA10)*0.8868+(1712.96+1070.52)/30+(Submetering!AF10+Submetering!AY10+Submetering!AV10+Submetering!AZ10)*1.1251+(2076.11+129.67+207.57+207.57)/30+(11680.53+56.61)/30)/I9 -> 1.3733765 | K9: =Elect!C12 -> 3005
A10: Orlando | B10: 29 | C10: 2 | D10: 2020 | E10: =Submetering!F11+Submetering!H11+Submetering!J11+Submetering!L11+Submetering!N11+Submetering!P11+Submetering!R11+Submetering!T11+Submetering!V11+Submetering!X11+Submetering!Z11+Submetering!AB11+Submetering!AC11+Submetering!AD11+Submetering!AE11 -> 295146.41 | F10: =((((Submetering!E11+Submetering!AD11)*0.13773+(Submetering!E11+Submetering!AD11)*0.02095)*1.09+(2.85/30)*2)+(((Submetering!F11+Submetering!H11+Submetering!J11+Submetering!L11+Submetering!N11+Submetering!P11+Submetering!R11+Submetering!T11+Submetering!V11+Submetering!X11+Submetering!Z11+Submetering!AB11+Submetering!AC11+Submetering!AE11)*0.05155)+((Submetering!F11+Submetering!H11+Submetering!J11+Submetering!L11+Submetering!N11+Submetering!P11+Submetering!R11+Submetering!T11+Submetering!V11+Submetering!X11+Submetering!Z11+Submetering!AB11+Submetering!AC11+Submetering!AE11)*0.02095)+(20/30)*15)*1.1048)/E10 -> 0.081188591 | G10: =Submetering!AK11+Submetering!AL11+Submetering!AU11 -> 6370.7722 | H10: 0.8166 | I10: =Submetering!AF11+Submetering!AG11+Submetering!AV11+Submetering!AY11+Submetering!AZ11 -> 4390.0222 | J10: =((Submetering!AG11+Submetering!BA11)*0.8868+(1712.96+1070.52)/30+(Submetering!AF11+Submetering!AY11+Submetering!AV11+Submetering!AZ11)*1.1251+(2076.11+129.67+207.57+207.57)/30+(11680.53+56.61)/30)/I10 -> 1.417961 | K10: =Elect!C13 -> 1896
A11: Orlando | B11: 8 | C11: 3 | D11: 2020 | E11: =Submetering!F12+Submetering!H12+Submetering!J12+Submetering!L12+Submetering!N12+Submetering!P12+Submetering!R12+Submetering!T12+Submetering!V12+Submetering!X12+Submetering!Z12+Submetering!AB12+Submetering!AC12+Submetering!AD12+Submetering!AE12 -> 319308.89 | F11: =((((Submetering!E12+Submetering!AD12)*0.13773+(Submetering!E12+Submetering!AD12)*0.02095)*1.09+(2.85/30)*2)+(((Submetering!F12+Submetering!H12+Submetering!J12+Submetering!L12+Submetering!N12+Submetering!P12+Submetering!R12+Submetering!T12+Submetering!V12+Submetering!X12+Submetering!Z12+Submetering!AB12+Submetering!AC12+Submetering!AE12)*0.05155)+((Submetering!F12+Submetering!H12+Submetering!J12+Submetering!L12+Submetering!N12+Submetering!P12+Submetering!R12+Submetering!T12+Submetering!V12+Submetering!X12+Submetering!Z12+Submetering!AB12+Submetering!AC12+Submetering!AE12)*0.02095)+(20/30)*15)*1.1048)/E11 -> 0.08105404 | G11: =Submetering!AK12+Submetering!AL12+Submetering!AU12 -> 7051.736 | H11: 0.8166 | I11: =Submetering!AF12+Submetering!AG12+Submetering!AV12+Submetering!AY12+Submetering!AZ12 -> 5569.071 | J11: =((Submetering!AG12+Submetering!BA12)*0.8868+(1712.96+1070.52)/30+(Submetering!AF12+Submetering!AY12+Submetering!AV12+Submetering!AZ12)*1.1251+(2076.11+129.67+207.57+207.57)/30+(11680.53+56.61)/30)/I11 -> 1.3949611 | K11: =Elect!C14 -> 2040
A12: Orlando | B12: 15 | C12: 3 | D12: 2020 | E12: =Submetering!F13+Submetering!H13+Submetering!J13+Submetering!L13+Submetering!N13+Submetering!P13+Submetering!R13+Submetering!T13+Submetering!V13+Submetering!X13+Submetering!Z13+Submetering!AB13+Submetering!AC13+Submetering!AD13+Submetering!AE13 -> 303445.89 | F12: =((((Submetering!E13+Submetering!AD13)*0.13773+(Submetering!E13+Submetering!AD13)*0.02095)*1.09+(2.85/30)*2)+(((Submetering!F13+Submetering!H13+Submetering!J13+Submetering!L13+Submetering!N13+Submetering!P13+Submetering!R13+Submetering!T13+Submetering!V13+Submetering!X13+Submetering!Z13+Submetering!AB13+Submetering!AC13+Submetering!AE13)*0.05155)+((Submetering!F13+Submetering!H13+Submetering!J13+Submetering!L13+Submetering!N13+Submetering!P13+Submetering!R13+Submetering!T13+Submetering!V13+Submetering!X13+Submetering!Z13+Submetering!AB13+Submetering!AC13+Submetering!AE13)*0.02095)+(20/30)*15)*1.1048)/E12 -> 0.081104018 | G12: =Submetering!AK13+Submetering!AL13+Submetering!AU13 -> 4599.9266 | H12: 0.8166 | I12: =Submetering!AF13+Submetering!AG13+Submetering!AV13+Submetering!AY13+Submetering!AZ13 -> 5029.8776 | J12: =((Submetering!AG13+Submetering!BA13)*0.8868+(1712.96+1070.52)/30+(Submetering!AF13+Submetering!AY13+Submetering!AV13+Submetering!AZ13)*1.1251+(2076.11+129.67+207.57+207.57)/30+(11680.53+56.61)/30)/I12 -> 1.4323413 | K12: =Elect!C15 -> 1354
A13: Orlando | B13: 22 | C13: 3 | D13: 2020 | E13: =Submetering!F14+Submetering!H14+Submetering!J14+Submetering!L14+Submetering!N14+Submetering!P14+Submetering!R14+Submetering!T14+Submetering!V14+Submetering!X14+Submetering!Z14+Submetering!AB14+Submetering!AC14+Submetering!AD14+Submetering!AE14 -> 292921.33 | F13: =((((Submetering!E14+Submetering!AD14)*0.13773+(Submetering!E14+Submetering!AD14)*0.02095)*1.09+(2.85/30)*2)+(((Submetering!F14+Submetering!H14+Submetering!J14+Submetering!L14+Submetering!N14+Submetering!P14+Submetering!R14+Submetering!T14+Submetering!V14+Submetering!X14+Submetering!Z14+Submetering!AB14+Submetering!AC14+Submetering!AE14)*0.05155)+((Submetering!F14+Submetering!H14+Submetering!J14+Submetering!L14+Submetering!N14+Submetering!P14+Submetering!R14+Submetering!T14+Submetering!V14+Submetering!X14+Submetering!Z14+Submetering!AB14+Submetering!AC14+Submetering!AE14)*0.02095)+(20/30)*15)*1.1048)/E13 -> 0.081081117 | G13: =Submetering!AK14+Submetering!AL14+Submetering!AU14 -> 3333.36 | H13: 0.8166 | I13: =Submetering!AF14+Submetering!AG14+Submetering!AV14+Submetering!AY14+Submetering!AZ14 -> 4327.2234 | J13: =((Submetering!AG14+Submetering!BA14)*0.8868+(1712.96+1070.52)/30+(Submetering!AF14+Submetering!AY14+Submetering!AV14+Submetering!AZ14)*1.1251+(2076.11+129.67+207.57+207.57)/30+(11680.53+56.61)/30)/I13 -> 1.411974 | K13: =Elect!C16 -> 242
... A61: Orlando | B61: 31 | C61: 12 | D61: 2020 | E61: =Submetering!F62+Submetering!H62+Submetering!J62+Submetering!L62+Submetering!N62+Submetering!P62+Submetering!R62+Submetering!T62+Submetering!V62+Submetering!X62+Submetering!Z62+Submetering!AB62+Submetering!AC62+Submetering!AD62+Submetering!AE62 -> 0 | F61: =((((Submetering!E62+Submetering!AD62)*0.13773+(Submetering!E62+Submetering!AD62)*0.02095)*1.09+(2.85/30)*2)+(((Submetering!F62+Submetering!H62+Submetering!J62+Submetering!L62+Submetering!N62+Submetering!P62+Submetering!R62+Submetering!T62+Submetering!V62+Submetering!X62+Submetering!Z62+Submetering!AB62+Submetering!AC62+Submetering!AE62)*0.05155)+((Submetering!F62+Submetering!H62+Submetering!J62+Submetering!L62+Submetering!N62+Submetering!P62+Submetering!R62+Submetering!T62+Submetering!V62+Submetering!X62+Submetering!Z62+Submetering!AB62+Submetering!AC62+Submetering!AE62)*0.02095)+(20/30)*15)*1.1048)/E61 -> #DIV/0! | G61: =Submetering!AK62+Submetering!AL62+Submetering!AU62 -> 4024.067 | H61: 0.8166 | I61: =Submetering!AF62+Submetering!AG62+Submetering!AV62+Submetering!AY62+Submetering!AZ62 -> 2789.9334 | J61: =((Submetering!AG62+Submetering!BA62)*0.8868+(1712.96+1070.52)/30+(Submetering!AF62+Submetering!AY62+Submetering!AV62+Submetering!AZ62)*1.1251+(2076.11+129.67+207.57+207.57)/30+(11680.53+56.61)/30)/I61 -> 1.32208 | K61: =Elect!C64 -> 563

Sheet Submetering
A1: Site Name | B1: Day | C1: Month | D1: Year | E1: 90 630 431 (KWh) | F1: 68 425 010 (KWh) | G1: T2392 (KWh) | H1: 68 425 008 (KWh) | I1: T7384 (KWh) | J1: 68 425 060 (KWh) | K1: T7380 (KWh) | L1: 68 425 097 (KWh) | M1: T7281 (KWh) | N1: 68 425 059 (KWh) | O1: T2390 (KWh) | P1: 68 425 077 (KWh) | Q1: T2395 (KWh) | R1: 68 425 078 (KWh) | S1: T2393 (KWh) | T1: 68 425 071 (KWh) | U1: T7285 (KWh) | V1: 68 425 093 (KWh) | W1: T7382 (KWh) | X1: 68 425 094 (KWh) | Y1: T2391 (KWh) | Z1: 90 625 242 (KWh) | AA1: T7283 (KWh) | AB1: 672 73 163 (KWh) | AC1: 676 62 513 (KWh) | AD1: 61 979 920 (KWh) | AE1: 56 253 208 (KWh) | AF1: Domestic Water from RCES 74860172 (m3) | AG1: Re-use Water from RCES 74860173 (m3) | AH1: Building A Fire Sprinkler System Make-up 44553004 (m3) | AI1: Building A Potable Water Feed 70275191 (m3) | AJ1: Steam Boilers Make-up Water 2130521 (m3) | AK1: Resort Natural Gas Meter 12C004186-C1 (m3) | AL1: Out Buildings Natural Gas Meter 93477704 (m3) | AM1: Cooling Tower Make-up Water 79177804 (m3) | AN1: Cooling Tower Blowdown Line Deduct 79305675 (m3) | AO1: Building E Potable Water Meter 79190041 (m3) | AP1: 7919004D | AQ1: Building J Irrigation Water Meter 79190039 (m3) | AR1: Lazy Pool River Make-up Water 79324776 (m3) | AS1: Pool Hydraunic Boiler Water Make-up 112014001775 (m3) | AT1: SPA Jacuzzi Water Make-up 112014001771 (m3) | AU1: Golf Clubhouse Natural Gas Meter 82SJ729151 (m3) | AV1: 73337589 - 1387142 | AW1: Golf Clubhouse Flushing Valve Deduct 65956268 (m3) | AX1: Clubhouse | AY1: Golf Maintenance Facility 1334021 (m3) | AZ1: Golf Course Comfort Stations 63265094 (m3) | BA1: Golf Course Re-use Irrigation 67327447 (m3) | BB1: Room Nights
A2: Orlando | B2: 1 | C2: 1 | D2: 2020 | E2: =Elect!AX4 -> 0 | F2: =Elect!J4 -> 9749 | G2: =Elect!I4 -> 0 | H2: =Elect!F4 -> 0 | I2: =Elect!E4 -> 2.15 | J2: =Elect!Z4 -> 0.312 | K2: =Elect!Y4 -> 16096 | L2: =Elect!AT4 -> 43831 | M2: =Elect!AS4 -> 0 | N2: =Elect!AD4 -> 0 | O2: =Elect!AC4 -> 0.217 | P2: =Elect!R4 -> 0 | Q2: =Elect!Q4 -> 0.311 | R2: =Elect!N4 -> 0.271 | S2: =Elect!M4 -> 9644 | T2: =Elect!V4 -> 64573 | U2: =Elect!U4 -> 0 | V2: =Elect!AH4 -> 15574 | W2: =Elect!AG4 -> 0 | X2: =Elect!AL4 -> 0 | Y2: =Elect!AK4 -> 49414 | Z2: =Elect!AP4 -> 0 | AA2: =Elect!AO4 -> 0 | AB2: =Elect!BK4 -> 49414 | AC2: =Elect!BH4 -> 0 | AD2: =Elect!BN4 -> 0 | AE2: =Elect!BQ4 -> 2.483 | AF2: ='Wtr-Gas'!E4 -> 0 | AG2: ='Wtr-Gas'!H4 -> 0 | AH2: ='Wtr-Gas'!K4 -> 0 | AI2: ='Wtr-Gas'!N4 -> 0 | AJ2: ='Wtr-Gas'!Q4 -> 0 | AK2: ='Wtr-Gas'!U4 -> 0 | AL2: ='Wtr-Gas'!X4 -> 0 | AM2: ='Wtr-Gas'!AB4 -> 0 | AN2: ='Wtr-Gas'!AD4 -> 0 | AO2: ='Wtr-Gas'!AF4 -> 0 | AP2: ='Wtr-Gas'!AH4 -> 0 | AQ2: ='Wtr-Gas'!AJ4 -> 0 | AR2: ='Wtr-Gas'!AL4 -> 0 | AS2: ='Wtr-Gas'!AN4 -> 0 | AT2: ='Wtr-Gas'!AP4 -> 0 | AU2: ='Wtr-Gas'!AT4 -> 0 | AV2: ='Wtr-Gas'!AW4 -> 0 | AW2: ='Wtr-Gas'!AY4 -> 0 | AX2: ='Wtr-Gas'!AZ4 -> 0 | AY2: ='Wtr-Gas'!BB4 -> 0 | AZ2: ='Wtr-Gas'!BD4 -> 0 | BA2: ='Wtr-Gas'!BF4 -> 0 | BB2: =Elect!C4 -> 0
A3: Orlando | B3: 5 | C3: 1 | D3: 2020 | E3: =Elect!AX5 -> 1300 | F3: =Elect!J5 -> 9777 | G3: =Elect!I5 -> 41600 | H3: =Elect!F5 -> 39200 | I3: =Elect!E5 -> 2.291 | J3: =Elect!Z5 -> 0.312 | K3: =Elect!Y5 -> 16123 | L3: =Elect!AT5 -> 43835 | M3: =Elect!AS5 -> 0 | N3: =Elect!AD5 -> 2720 | O3: =Elect!AC5 -> 0.278 | P3: =Elect!R5 -> 11200 | Q3: =Elect!Q5 -> 0.315 | R3: =Elect!N5 -> 0.286 | S3: =Elect!M5 -> 9669 | T3: =Elect!V5 -> 64685 | U3: =Elect!U5 -> 37800 | V3: =Elect!AH5 -> 15606 | W3: =Elect!AG5 -> 35400 | X3: =Elect!AL5 -> 342 | Y3: =Elect!AK5 -> 49756 | Z3: =Elect!AP5 -> 36680 | AA3: =Elect!AO5 -> 228662 | AB3: =Elect!BK5 -> 49756 | AC3: =Elect!BH5 -> 0 | AD3: =Elect!BN5 -> 0 | AE3: =Elect!BQ5 -> 0 | AF3: =('Wtr-Gas'!E5)*0.0038 -> 3089.97 | AG3: =('Wtr-Gas'!H5)*0.0038 -> 8.702 | AH3: ='Wtr-Gas'!K5*0.0038 -> 0.342 | AI3: ='Wtr-Gas'!N5*0.0038 -> 1907.6 | AJ3: ='Wtr-Gas'!Q5*0.0038 -> 49.78 | AK3: ='Wtr-Gas'!U5*0.0038 -> 739.48 | AL3: ='Wtr-Gas'!X5*0.0038 -> 4992.44 | AM3: ='Wtr-Gas'!AB5*0.0038 -> 4028 | AN3: ='Wtr-Gas'!AD5*0.0038 -> 853.83986 | AO3: ='Wtr-Gas'!AF5*0.0038 -> 0.684 | AP3: ='Wtr-Gas'!AH5*0.0038 -> 149.074 | AQ3: ='Wtr-Gas'!AJ5*0.0038 -> 46.0788 | AR3: ='Wtr-Gas'!AL5*0.0038 -> 106.4 | AS3: ='Wtr-Gas'!AN5*0.0038 -> 0 | AT3: ='Wtr-Gas'!AP5*0.0038 -> 15.2 | AU3: ='Wtr-Gas'!AT5*0.0038 -> 0.3838 | AV3: ='Wtr-Gas'!AW5*0.0038 -> 257.241 | AW3: ='Wtr-Gas'!AY5*0.0038 -> 213.38474 | AX3: ='Wtr-Gas'!AZ5*0.0038 -> 43.856256 | AY3: ='Wtr-Gas'!BB5*0.0038 -> 5.7 | AZ3: ='Wtr-Gas'!BD5*0.0038 -> 0.76 | BA3: ='Wtr-Gas'!BF5*0.0038 -> 23.8526 | BB3: =Elect!C5 -> 1437
A4: Orlando | B4: 12 | C4: 1 | D4: 2020 | E4: =Elect!AX6 -> 1800 | F4: =Elect!J6 -> 9807 | G4: =Elect!I6 -> 49920 | H4: =Elect!F6 -> 47360 | I4: =Elect!E6 -> 2.291 | J4: =Elect!Z6 -> 0.365 | K4: =Elect!Y6 -> 16161 | L4: =Elect!AT6 -> 43842 | M4: =Elect!AS6 -> 0 | N4: =Elect!AD6 -> 4320 | O4: =Elect!AC6 -> 0.31 | P4: =Elect!R6 -> 12400 | Q4: =Elect!Q6 -> 0.315 | R4: =Elect!N6 -> 0.286 | S4: =Elect!M6 -> 9698 | T4: =Elect!V6 -> 64833 | U4: =Elect!U6 -> 44700 | V4: =Elect!AH6 -> 15646 | W4: =Elect!AG6 -> 44400 | X4: =Elect!AL6 -> 468 | Y4: =Elect!AK6 -> 50224 | Z4: =Elect!AP6 -> 46000 | AA4: =Elect!AO6 -> 279248 | AB4: =Elect!BK6 -> 50224 | AC4: =Elect!BH6 -> 0 | AD4: =Elect!BN6 -> 0 | AE4: =Elect!BQ6 -> 0 | AF4: =('Wtr-Gas'!E6)*0.0038 -> 3315.196 | AG4: =('Wtr-Gas'!H6)*0.0038 -> 178.182 | AH4: ='Wtr-Gas'!K6*0.0038 -> 0.912 | AI4: ='Wtr-Gas'!N6*0.0038 -> 2420.6 | AJ4: ='Wtr-Gas'!Q6*0.0038 -> 14.06 | AK4: ='Wtr-Gas'!U6*0.0038 -> 791.92 | AL4: ='Wtr-Gas'!X6*0.0038 -> 6300.78 | AM4: ='Wtr-Gas'!AB6*0.0038 -> 5282 | AN4: ='Wtr-Gas'!AD6*0.0038 -> 1022.4424 | AO4: ='Wtr-Gas'!AF6*0.0038 -> 10.374 | AP4: ='Wtr-Gas'!AH6*0.0038 -> 355.262 | AQ4: ='Wtr-Gas'!AJ6*0.0038 -> 61.56 | AR4: ='Wtr-Gas'!AL6*0.0038 -> 243.2 | AS4: ='Wtr-Gas'!AN6*0.0038 -> 0 | AT4: ='Wtr-Gas'!AP6*0.0038 -> 21.66 | AU4: ='Wtr-Gas'!AT6*0.0038 -> 0.4256 | AV4: ='Wtr-Gas'!AW6*0.0038 -> 305.463 | AW4: ='Wtr-Gas'!AY6*0.0038 -> 248.8452 | AX4: ='Wtr-Gas'!AZ6*0.0038 -> 56.617796 | AY4: ='Wtr-Gas'!BB6*0.0038 -> 22.8 | AZ4: ='Wtr-Gas'!BD6*0.0038 -> 1.52 | BA4: ='Wtr-Gas'!BF6*0.0038 -> 28.519 | BB4: =Elect!C6 -> 1370
A5: Orlando | B5: 19 | C5: 1 | D5: 2020 | E5: =Elect!AX7 -> 2300 | F5: =Elect!J7 -> 9838 | G5: =Elect!I7 -> 49280 | H5: =Elect!F7 -> 47200 | I5: =Elect!E7 -> 2.291 | J5: =Elect!Z7 -> 0.384 | K5: =Elect!Y7 -> 16205 | L5: =Elect!AT7 -> 43849 | M5: =Elect!AS7 -> 0 | N5: =Elect!AD7 -> 5440 | O5: =Elect!AC7 -> 0.391 | P5: =Elect!R7 -> 12000 | Q5: =Elect!Q7 -> 0.315 | R5: =Elect!N7 -> 0.286 | S5: =Elect!M7 -> 9727 | T5: =Elect!V7 -> 65036 | U5: =Elect!U7 -> 51300 | V5: =Elect!AH7 -> 15687 | W5: =Elect!AG7 -> 47000 | X5: =Elect!AL7 -> 465 | Y5: =Elect!AK7 -> 50689 | Z5: =Elect!AP7 -> 48640 | AA5: =Elect!AO7 -> 306265 | AB5: =Elect!BK7 -> 50689 | AC5: =Elect!BH7 -> 0 | AD5: =Elect!BN7 -> 0 | AE5: =Elect!BQ7 -> 0 | AF5: =('Wtr-Gas'!E7)*0.0038 -> 4243.08 | AG5: =('Wtr-Gas'!H7)*0.0038 -> 352.792 | AH5: ='Wtr-Gas'!K7*0.0038 -> 2.584 | AI5: ='Wtr-Gas'!N7*0.0038 -> 3169.2 | AJ5: ='Wtr-Gas'!Q7*0.0038 -> 0 | AK5: ='Wtr-Gas'!U7*0.0038 -> 798.38 | AL5: ='Wtr-Gas'!X7*0.0038 -> 4453.98 | AM5: ='Wtr-Gas'!AB7*0.0038 -> 7220 | AN5: ='Wtr-Gas'!AD7*0.0038 -> 1653.2155 | AO5: ='Wtr-Gas'!AF7*0.0038 -> 5.662 | AP5: ='Wtr-Gas'!AH7*0.0038 -> 482.752 | AQ5: ='Wtr-Gas'!AJ7*0.0038 -> 62.8634 | AR5: ='Wtr-Gas'!AL7*0.0038 -> 205.2 | AS5: ='Wtr-Gas'!AN7*0.0038 -> 0 | AT5: ='Wtr-Gas'!AP7*0.0038 -> 22.42 | AU5: ='Wtr-Gas'!AT7*0.0038 -> 0.665 | AV5: ='Wtr-Gas'!AW7*0.0038 -> 347.8482 | AW5: ='Wtr-Gas'!AY7*0.0038 -> 244.72 | AX5: ='Wtr-Gas'!AZ7*0.0038 -> 103.1282 | AY5: ='Wtr-Gas'!BB7*0.0038 -> 16.72 | AZ5: ='Wtr-Gas'!BD7*0.0038 -> 4.18 | BA5: ='Wtr-Gas'!BF7*0.0038 -> 27.7628 | BB5: =Elect!C7 -> 2711
A6: Orlando | B6: 26 | C6: 1 | D6: 2020 | E6: =Elect!AX8 -> 1700 | F6: =Elect!J8 -> 9878 | G6: =Elect!I8 -> 52000 | H6: =Elect!F8 -> 47840 | I6: =Elect!E8 -> 2.163 | J6: =Elect!Z8 -> 0.389 | K6: =Elect!Y8 -> 16250 | L6: =Elect!AT8 -> 43856 | M6: =Elect!AS8 -> 0 | N6: =Elect!AD8 -> 5920 | O6: =Elect!AC8 -> 0.451 | P6: =Elect!R8 -> 15200 | Q6: =Elect!Q8 -> 0.4 | R6: =Elect!N8 -> 0.333 | S6: =Elect!M8 -> 9762 | T6: =Elect!V8 -> 65146 | U6: =Elect!U8 -> 38100 | V6: =Elect!AH8 -> 15727 | W6: =Elect!AG8 -> 38200 | X6: =Elect!AL8 -> 465 | Y6: =Elect!AK8 -> 51154 | Z6: =Elect!AP8 -> 39800 | AA6: =Elect!AO8 -> 269525 | AB6: =Elect!BK8 -> 51154 | AC6: =Elect!BH8 -> 0 | AD6: =Elect!BN8 -> 0 | AE6: =Elect!BQ8 -> 0 | AF6: =('Wtr-Gas'!E8)*0.0038 -> 3487.83 | AG6: =('Wtr-Gas'!H8)*0.0038 -> 16.264 | AH6: ='Wtr-Gas'!K8*0.0038 -> 0.912 | AI6: ='Wtr-Gas'!N8*0.0038 -> 2796.8 | AJ6: ='Wtr-Gas'!Q8*0.0038 -> 0 | AK6: ='Wtr-Gas'!U8*0.0038 -> 971.28 | AL6: ='Wtr-Gas'!X8*0.0038 -> 4921 | AM6: ='Wtr-Gas'!AB8*0.0038 -> 2926 | AN6: ='Wtr-Gas'!AD8*0.0038 -> 680.7586 | AO6: ='Wtr-Gas'!AF8*0.0038 -> 4.408 | AP6: ='Wtr-Gas'!AH8*0.0038 -> 214.738 | AQ6: ='Wtr-Gas'!AJ8*0.0038 -> 65.3334 | AR6: ='Wtr-Gas'!AL8*0.0038 -> 11.4 | AS6: ='Wtr-Gas'!AN8*0.0038 -> 3.8 | AT6: ='Wtr-Gas'!AP8*0.0038 -> 19.76 | AU6: ='Wtr-Gas'!AT8*0.0038 -> 0.532 | AV6: ='Wtr-Gas'!AW8*0.0038 -> 298.2088 | AW6: ='Wtr-Gas'!AY8*0.0038 -> 246.51383 | AX6: ='Wtr-Gas'!AZ8*0.0038 -> 51.694972 | AY6: ='Wtr-Gas'!BB8*0.0038 -> 11.4 | AZ6: ='Wtr-Gas'!BD8*0.0038 -> 78.66 | BA6: ='Wtr-Gas'!BF8*0.0038 -> 369.8388 | BB6: =Elect!C8 -> 2551
A7: Orlando | B7: 1 | C7: 2 | D7: 2020 | E7: =Elect!AX9 -> 1500 | F7: =Elect!J9 -> 9914 | G7: =Elect!I9 -> 49600 | H7: =Elect!F9 -> 47680 | I7: =Elect!E9 -> 2.163 | J7: =Elect!Z9 -> 0.415 | K7: =Elect!Y9 -> 16293 | L7: =Elect!AT9 -> 43862 | M7: =Elect!AS9 -> 0 | N7: =Elect!AD9 -> 4960 | O7: =Elect!AC9 -> 0.451 | P7: =Elect!R9 -> 13200 | Q7: =Elect!Q9 -> 0.4 | R7: =Elect!N9 -> 0.333 | S7: =Elect!M9 -> 9793 | T7: =Elect!V9 -> 65273 | U7: =Elect!U9 -> 34200 | V7: =Elect!AH9 -> 15763 | W7: =Elect!AG9 -> 40600 | X7: =Elect!AL9 -> 466 | Y7: =Elect!AK9 -> 51620 | Z7: =Elect!AP9 -> 42040 | AA7: =Elect!AO9 -> 263926 | AB7: =Elect!BK9 -> 51620 | AC7: =Elect!BH9 -> 0 | AD7: =Elect!BN9 -> 298.62484 | AE7: =Elect!BQ9 -> 2.483 | AF7: =('Wtr-Gas'!E9)*0.0038 -> 4612.06 | AG7: =('Wtr-Gas'!H9)*0.0038 -> 280.022 | AH7: ='Wtr-Gas'!K9*0.0038 -> 1.026 | AI7: ='Wtr-Gas'!N9*0.0038 -> 2686.6 | AJ7: ='Wtr-Gas'!Q9*0.0038 -> 0 | AK7: ='Wtr-Gas'!U9*0.0038 -> 886.16 | AL7: ='Wtr-Gas'!X9*0.0038 -> 5161.54 | AM7: ='Wtr-Gas'!AB9*0.0038 -> 3344 | AN7: ='Wtr-Gas'!AD9*0.0038 -> 772.88428 | AO7: ='Wtr-Gas'!AF9*0.0038 -> 28.462 | AP7: ='Wtr-Gas'!AH9*0.0038 -> 468.996 | AQ7: ='Wtr-Gas'!AJ9*0.0038 -> 61.0318 | AR7: ='Wtr-Gas'!AL9*0.0038 -> 216.6 | AS7: ='Wtr-Gas'!AN9*0.0038 -> 0 | AT7: ='Wtr-Gas'!AP9*0.0038 -> 14.82 | AU7: ='Wtr-Gas'!AT9*0.0038 -> 0.5434 | AV7: ='Wtr-Gas'!AW9*0.0038 -> 307.4846 | AW7: ='Wtr-Gas'!AY9*0.0038 -> 246.53021 | AX7: ='Wtr-Gas'!AZ9*0.0038 -> 60.954394 | AY7: ='Wtr-Gas'!BB9*0.0038 -> 6.46 | AZ7: ='Wtr-Gas'!BD9*0.0038 -> 4.94 | BA7: ='Wtr-Gas'!BF9*0.0038 -> 204.5008 | BB7: =Elect!C9 -> 2016
A8: Orlando | B8: 9 | C8: 2 | D8: 2020 | E8: =Elect!AX10 -> 1600 | F8: =Elect!J10 -> 9949 | G8: =Elect!I10 -> 48960 | H8: =Elect!F10 -> 47360 | I8: =Elect!E10 -> 2.163 | J8: =Elect!Z10 -> 0.491 | K8: =Elect!Y10 -> 16339 | L8: =Elect!AT10 -> 43870 | M8: =Elect!AS10 -> 0 | N8: =Elect!AD10 -> 5280 | O8: =Elect!AC10 -> 0.451 | P8: =Elect!R10 -> 12800 | Q8: =Elect!Q10 -> 0.4 | R8: =Elect!N10 -> 0.333 | S8: =Elect!M10 -> 9825 | T8: =Elect!V10 -> 65431 | U8: =Elect!U10 -> 42300 | V8: =Elect!AH10 -> 15809 | W8: =Elect!AG10 -> 46600 | X8: =Elect!AL10 -> 454 | Y8: =Elect!AK10 -> 52074 | Z8: =Elect!AP10 -> 48440 | AA8: =Elect!AO10 -> 287154 | AB8: =Elect!BK10 -> 52074 | AC8: =Elect!BH10 -> 0 | AD8: =Elect!BN10 -> 0 | AE8: =Elect!BQ10 -> 0 | AF8: =('Wtr-Gas'!E10)*0.0038 -> 4104.038 | AG8: =('Wtr-Gas'!H10)*0.0038 -> 302.404 | AH8: ='Wtr-Gas'!K10*0.0038 -> 1.102 | AI8: ='Wtr-Gas'!N10*0.0038 -> 3078 | AJ8: ='Wtr-Gas'!Q10*0.0038 -> 0 | AK8: ='Wtr-Gas'!U10*0.0038 -> 887.68 | AL8: ='Wtr-Gas'!X10*0.0038 -> 6851.4 | AM8: ='Wtr-Gas'!AB10*0.0038 -> 4902 | AN8: ='Wtr-Gas'!AD10*0.0038 -> 1020.5979 | AO8: ='Wtr-Gas'!AF10*0.0038 -> 0.19 | AP8: ='Wtr-Gas'!AH10*0.0038 -> 494.722 | AQ8: ='Wtr-Gas'!AJ10*0.0038 -> 57.5016 | AR8: ='Wtr-Gas'!AL10*0.0038 -> 171 | AS8: ='Wtr-Gas'!AN10*0.0038 -> 0 | AT8: ='Wtr-Gas'!AP10*0.0038 -> 17.86 | AU8: ='Wtr-Gas'!AT10*0.0038 -> 0 | AV8: ='Wtr-Gas'!AW10*0.0038 -> 302.119 | AW8: ='Wtr-Gas'!AY10*0.0038 -> 247.51323 | AX8: ='Wtr-Gas'!AZ10*0.0038 -> 54.605772 | AY8: ='Wtr-Gas'!BB10*0.0038 -> 9.12 | AZ8: ='Wtr-Gas'!BD10*0.0038 -> 2.28 | BA8: ='Wtr-Gas'!BF10*0.0038 -> 125.2822 | BB8: =Elect!C10 -> 2858
A9: Orlando | B9: 16 | C9: 2 | D9: 2020 | E9: =Elect!AX11 -> 1600 | F9: =Elect!J11 -> 9979 | G9: =Elect!I11 -> 50240 | H9: =Elect!F11 -> 48320 | I9: =Elect!E11 -> 2.222 | J9: =Elect!Z11 -> 0.491 | K9: =Elect!Y11 -> 16381 | L9: =Elect!AT11 -> 43877 | M9: =Elect!AS11 -> 0 | N9: =Elect!AD11 -> 4800 | O9: =Elect!AC11 -> 0.451 | P9: =Elect!R11 -> 12000 | Q9: =Elect!Q11 -> 0.4 | R9: =Elect!N11 -> 0.333 | S9: =Elect!M11 -> 9854 | T9: =Elect!V11 -> 65604 | U9: =Elect!U11 -> 71700 | V9: =Elect!AH11 -> 15853 | W9: =Elect!AG11 -> 49000 | X9: =Elect!AL11 -> 441 | Y9: =Elect!AK11 -> 52515 | Z9: =Elect!AP11 -> 50760 | AA9: =Elect!AO11 -> 320481 | AB9: =Elect!BK11 -> 52515 | AC9: =Elect!BH11 -> 0 | AD9: =Elect!BN11 -> 0 | AE9: =Elect!BQ11 -> 0 | AF9: =('Wtr-Gas'!E11)*0.0038 -> 4611.756 | AG9: =('Wtr-Gas'!H11)*0.0038 -> 433.656 | AH9: ='Wtr-Gas'!K11*0.0038 -> 1.14 | AI9: ='Wtr-Gas'!N11*0.0038 -> 3515 | AJ9: ='Wtr-Gas'!Q11*0.0038 -> 0 | AK9: ='Wtr-Gas'!U11*0.0038 -> 879.32 | AL9: ='Wtr-Gas'!X11*0.0038 -> 4722.64 | AM9: ='Wtr-Gas'!AB11*0.0038 -> 8170 | AN9: ='Wtr-Gas'!AD11*0.0038 -> 2038.2011 | AO9: ='Wtr-Gas'!AF11*0.0038 -> 10.298 | AP9: ='Wtr-Gas'!AH11*0.0038 -> 526.224 | AQ9: ='Wtr-Gas'!AJ11*0.0038 -> 60.3478 | AR9: ='Wtr-Gas'!AL11*0.0038 -> 144.4 | AS9: ='Wtr-Gas'!AN11*0.0038 -> 3.8 | AT9: ='Wtr-Gas'!AP11*0.0038 -> 17.48 | AU9: ='Wtr-Gas'!AT11*0.0038 -> 0.9766 | AV9: ='Wtr-Gas'!AW11*0.0038 -> 301.454 | AW9: ='Wtr-Gas'!AY11*0.0038 -> 245.83614 | AX9: ='Wtr-Gas'!AZ11*0.0038 -> 55.617864 | AY9: ='Wtr-Gas'!BB11*0.0038 -> 10.26 | AZ9: ='Wtr-Gas'!BD11*0.0038 -> 1.52 | BA9: ='Wtr-Gas'!BF11*0.0038 -> 442.814 | BB9: =Elect!C11 -> 2355
A10: Orlando | B10: 24 | C10: 2 | D10: 2020 | E10: =Elect!AX12 -> 1600 | F10: =Elect!J12 -> 10014 | G10: =Elect!I12 -> 49760 | H10: =Elect!F12 -> 47520 | I10: =Elect!E12 -> 2.133 | J10: =Elect!Z12 -> 0.367 | K10: =Elect!Y12 -> 16435 | L10: =Elect!AT12 -> 43885 | M10: =Elect!AS12 -> 0 | N10: =Elect!AD12 -> 4960 | O10: =Elect!AC12 -> 0.289 | P10: =Elect!R12 -> 12800 | Q10: =Elect!Q12 -> 0.298 | R10: =Elect!N12 -> 0.254 | S10: =Elect!M12 -> 9885 | T10: =Elect!V12 -> 65797 | U10: =Elect!U12 -> 52500 | V10: =Elect!AH12 -> 15894 | W10: =Elect!AG12 -> 50400 | X10: =Elect!AL12 -> 444 | Y10: =Elect!AK12 -> 52959 | Z10: =Elect!AP12 -> 52040 | AA10: =Elect!AO12 -> 312964 | AB10: =Elect!BK12 -> 52959 | AC10: =Elect!BH12 -> 0 | AD10: =Elect!BN12 -> 0 | AE10: =Elect!BQ12 -> 0 | AF10: =('Wtr-Gas'!E12)*0.0038 -> 4560.304 | AG10: =('Wtr-Gas'!H12)*0.0038 -> 297.996 | AH10: ='Wtr-Gas'!K12*0.0038 -> 1.102 | AI10: ='Wtr-Gas'!N12*0.0038 -> 3484.6 | AJ10: ='Wtr-Gas'!Q12*0.0038 -> 0 | AK10: ='Wtr-Gas'!U12*0.0038 -> 959.88 | AL10: ='Wtr-Gas'!X12*0.0038 -> 5127.34 | AM10: ='Wtr-Gas'!AB12*0.0038 -> 6498 | AN10: ='Wtr-Gas'!AD12*0.0038 -> 1454.5568 | AO10: ='Wtr-Gas'!AF12*0.0038 -> 22.154 | AP10: ='Wtr-Gas'!AH12*0.0038 -> 514.178 | AQ10: ='Wtr-Gas'!AJ12*0.0038 -> 66.9712 | AR10: ='Wtr-Gas'!AL12*0.0038 -> 167.2 | AS10: ='Wtr-Gas'!AN12*0.0038 -> 0 | AT10: ='Wtr-Gas'!AP12*0.0038 -> 20.52 | AU10: ='Wtr-Gas'!AT12*0.0038 -> 0 | AV10: ='Wtr-Gas'!AW12*0.0038 -> 333.8452 | AW10: ='Wtr-Gas'!AY12*0.0038 -> 245.67125 | AX10: ='Wtr-Gas'!AZ12*0.0038 -> 88.173946 | AY10: ='Wtr-Gas'!BB12*0.0038 -> 4.56 | AZ10: ='Wtr-Gas'!BD12*0.0038 -> 25.46 | BA10: ='Wtr-Gas'!BF12*0.0038 -> 897.7994 | BB10: =Elect!C12 -> 3005
A11: Orlando | B11: 1 | C11: 3 | D11: 2020 | E11: =Elect!AX13 -> 1600 | F11: =Elect!J13 -> 10045 | G11: =Elect!I13 -> 44320 | H11: =Elect!F13 -> 43040 | I11: =Elect!E13 -> 2.33 | J11: =Elect!Z13 -> 0.511 | K11: =Elect!Y13 -> 16477 | L11: =Elect!AT13 -> 43891 | M11: =Elect!AS13 -> 0 | N11: =Elect!AD13 -> 4000 | O11: =Elect!AC13 -> 0.347 | P11: =Elect!R13 -> 11600 | Q11: =Elect!Q13 -> 0.298 | R11: =Elect!N13 -> 0.254 | S11: =Elect!M13 -> 9912 | T11: =Elect!V13 -> 65909 | U11: =Elect!U13 -> 42000 | V11: =Elect!AH13 -> 15930 | W11: =Elect!AG13 -> 45200 | X11: =Elect!AL13 -> 382 | Y11: =Elect!AK13 -> 53341 | Z11: =Elect!AP13 -> 46640 | AA11: =Elect!AO13 -> 255502 | AB11: =Elect!BK13 -> 53341 | AC11: =Elect!BH13 -> 0 | AD11: =Elect!BN13 -> 365.13879 | AE11: =Elect!BQ13 -> 2.506 | AF11: =('Wtr-Gas'!E13)*0.0038 -> 3675.094 | AG11: =('Wtr-Gas'!H13)*0.0038 -> 380.608 | AH11: ='Wtr-Gas'!K13*0.0038 -> 0.95 | AI11: ='Wtr-Gas'!N13*0.0038 -> 2796.8 | AJ11: ='Wtr-Gas'!Q13*0.0038 -> 0 | AK11: ='Wtr-Gas'!U13*0.0038 -> 826.88 | AL11: ='Wtr-Gas'!X13*0.0038 -> 5542.68 | AM11: ='Wtr-Gas'!AB13*0.0038 -> 3914 | AN11: ='Wtr-Gas'!AD13*0.0038 -> 937.31522 | AO11: ='Wtr-Gas'!AF13*0.0038 -> 0.266 | AP11: ='Wtr-Gas'!AH13*0.0038 -> 362.558 | AQ11: ='Wtr-Gas'!AJ13*0.0038 -> 58.558 | AR11: ='Wtr-Gas'!AL13*0.0038 -> 159.6 | AS11: ='Wtr-Gas'!AN13*0.0038 -> 3.8 | AT11: ='Wtr-Gas'!AP13*0.0038 -> 18.24 | AU11: ='Wtr-Gas'!AT13*0.0038 -> 1.2122 | AV11: ='Wtr-Gas'!AW13*0.0038 -> 306.9602 | AW11: ='Wtr-Gas'!AY13*0.0038 -> 245.38348 | AX11: ='Wtr-Gas'!AZ13*0.0038 -> 61.57672 | AY11: ='Wtr-Gas'!BB13*0.0038 -> 10.26 | AZ11: ='Wtr-Gas'!BD13*0.0038 -> 17.1 | BA11: ='Wtr-Gas'!BF13*0.0038 -> 907.7364 | BB11: =Elect!C13 -> 1896
A12: Orlando | B12: 8 | C12: 3 | D12: 2020 | E12: =Elect!AX14 -> 1700 | F12: =Elect!J14 -> 10079 | G12: =Elect!I14 -> 54880 | H12: =Elect!F14 -> 53440 | I12: =Elect!E14 -> 2.233 | J12: =Elect!Z14 -> 0.637 | K12: =Elect!Y14 -> 16538 | L12: =Elect!AT14 -> 43898 | M12: =Elect!AS14 -> 0 | N12: =Elect!AD14 -> 4960 | O12: =Elect!AC14 -> 0.347 | P12: =Elect!R14 -> 13600 | Q12: =Elect!Q14 -> 0.298 | R12: =Elect!N14 -> 0.254 | S12: =Elect!M14 -> 9945 | T12: =Elect!V14 -> 66075 | U12: =Elect!U14 -> 60000 | V12: =Elect!AH14 -> 15975 | W12: =Elect!AG14 -> 55200 | X12: =Elect!AL14 -> 470 | Y12: =Elect!AK14 -> 53811 | Z12: =Elect!AP14 -> 57000 | AA12: =Elect!AO14 -> 330710 | AB12: =Elect!BK14 -> 53811 | AC12: =Elect!BH14 -> 0 | AD12: =Elect!BN14 -> 0 | AE12: =Elect!BQ14 -> 0 | AF12: =('Wtr-Gas'!E14)*0.0038 -> 4845.608 | AG12: =('Wtr-Gas'!H14)*0.0038 -> 406.828 | AH12: ='Wtr-Gas'!K14*0.0038 -> 1.216 | AI12: ='Wtr-Gas'!N14*0.0038 -> 3632.8 | AJ12: ='Wtr-Gas'!Q14*0.0038 -> 0 | AK12: ='Wtr-Gas'!U14*0.0038 -> 1009.28 | AL12: ='Wtr-Gas'!X14*0.0038 -> 6042 | AM12: ='Wtr-Gas'!AB14*0.0038 -> 6422 | AN12: ='Wtr-Gas'!AD14*0.0038 -> 1258.4076 | AO12: ='Wtr-Gas'!AF14*0.0038 -> 7.524 | AP12: ='Wtr-Gas'!AH14*0.0038 -> 621.794 | AQ12: ='Wtr-Gas'!AJ14*0.0038 -> 81.795 | AR12: ='Wtr-Gas'!AL14*0.0038 -> 216.6 | AS12: ='Wtr-Gas'!AN14*0.0038 -> 0 | AT12: ='Wtr-Gas'!AP14*0.0038 -> 31.54 | AU12: ='Wtr-Gas'!AT14*0.0038 -> 0.456 | AV12: ='Wtr-Gas'!AW14*0.0038 -> 297.635 | AW12: ='Wtr-Gas'!AY14*0.0038 -> 243.73276 | AX12: ='Wtr-Gas'!AZ14*0.0038 -> 53.90224 | AY12: ='Wtr-Gas'!BB14*0.0038 -> 15.2 | AZ12: ='Wtr-Gas'!BD14*0.0038 -> 3.8 | BA12: ='Wtr-Gas'!BF14*0.0038 -> 1159.7182 | BB12: =Elect!C14 -> 2040
A13: Orlando | B13: 15 | C13: 3 | D13: 2020 | E13: =Elect!AX15 -> 1700 | F13: =Elect!J15 -> 10106 | G13: =Elect!I15 -> 47040 | H13: =Elect!F15 -> 46560 | I13: =Elect!E15 -> 2.233 | J13: =Elect!Z15 -> 0.637 | K13: =Elect!Y15 -> 16575 | L13: =Elect!AT15 -> 43905 | M13: =Elect!AS15 -> 0 | N13: =Elect!AD15 -> 4160 | O13: =Elect!AC15 -> 0.347 | P13: =Elect!R15 -> 11200 | Q13: =Elect!Q15 -> 0.298 | R13: =Elect!N15 -> 0.254 | S13: =Elect!M15 -> 9972 | T13: =Elect!V15 -> 66254 | U13: =Elect!U15 -> 50400 | V13: =Elect!AH15 -> 16015 | W13: =Elect!AG15 -> 49000 | X13: =Elect!AL15 -> 417 | Y13: =Elect!AK15 -> 54228 | Z13: =Elect!AP15 -> 50600 | AA13: =Elect!AO15 -> 291597 | AB13: =Elect!BK15 -> 54228 | AC13: =Elect!BH15 -> 0 | AD13: =Elect!BN15 -> 0 | AE13: =Elect!BQ15 -> 0 | AF13: =('Wtr-Gas'!E15)*0.0038 -> 4263.486 | AG13: =('Wtr-Gas'!H15)*0.0038 -> 438.9 | AH13: ='Wtr-Gas'!K15*0.0038 -> 1.064 | AI13: ='Wtr-Gas'!N15*0.0038 -> 3028.6 | AJ13: ='Wtr-Gas'!Q15*0.0038 -> 0 | AK13: ='Wtr-Gas'!U15*0.0038 -> 824.22 | AL13: ='Wtr-Gas'!X15*0.0038 -> 3775.3 | AM13: ='Wtr-Gas'!AB15*0.0038 -> 7182 | AN13: ='Wtr-Gas'!AD15*0.0038 -> 1528.9057 | AO13: ='Wtr-Gas'!AF15*0.0038 -> 8.816 | AP13: ='Wtr-Gas'!AH15*0.0038 -> 555.788 | AQ13: ='Wtr-Gas'!AJ15*0.0038 -> 80.693 | AR13: ='Wtr-Gas'!AL15*0.0038 -> 140.6 | AS13: ='Wtr-Gas'!AN15*0.0038 -> 0 | AT13: ='Wtr-Gas'!AP15*0.0038 -> 32.68 | AU13: ='Wtr-Gas'!AT15*0.0038 -> 0.4066 | AV13: ='Wtr-Gas'!AW15*0.0038 -> 296.3316 | AW13: ='Wtr-Gas'!AY15*0.0038 -> 244.17983 | AX13: ='Wtr-Gas'!AZ15*0.0038 -> 52.15177 | AY13: ='Wtr-Gas'!BB15*0.0038 -> 26.6 | AZ13: ='Wtr-Gas'!BD15*0.0038 -> 4.56 | BA13: ='Wtr-Gas'!BF15*0.0038 -> 1216.2736 | BB13: =Elect!C15 -> 1354
A14: Orlando | B14: 22 | C14: 3 | D14: 2020 | E14: =Elect!AX16 -> 1600 | F14: =Elect!J16 -> 10127 | G14: =Elect!I16 -> 41920 | H14: =Elect!F16 -> 41600 | I14: =Elect!E16 -> 1.536 | J14: =Elect!Z16 -> 0.212 | K14: =Elect!Y16 -> 16604 | L14: =Elect!AT16 -> 43912 | M14: =Elect!AS16 -> 0 | N14: =Elect!AD16 -> 2400 | O14: =Elect!AC16 -> 0.102 | P14: =Elect!R16 -> 8800 | Q14: =Elect!Q16 -> 0.111 | R14: =Elect!N16 -> 0.115 | S14: =Elect!M16 -> 9994 | T14: =Elect!V16 -> 66420 | U14: =Elect!U16 -> 54600 | V14: =Elect!AH16 -> 16054 | W14: =Elect!AG16 -> 47000 | X14: =Elect!AL16 -> 410 | Y14: =Elect!AK16 -> 54638 | Z14: =Elect!AP16 -> 48560 | AA14: =Elect!AO16 -> 269930 | AB14: =Elect!BK16 -> 54638 | AC14: =Elect!BH16 -> 0 | AD14: =Elect!BN16 -> 0 | AE14: =Elect!BQ16 -> 0 | AF14: =('Wtr-Gas'!E16)*0.0038 -> 3198.308 | AG14: =('Wtr-Gas'!H16)*0.0038 -> 824.296 | AH14: ='Wtr-Gas'!K16*0.0038 -> 1.026 | AI14: ='Wtr-Gas'!N16*0.0038 -> 1964.6 | AJ14: ='Wtr-Gas'!Q16*0.0038 -> 0 | AK14: ='Wtr-Gas'!U16*0.0038 -> 564.68 | AL14: ='Wtr-Gas'!X16*0.0038 -> 2768.68 | AM14: ='Wtr-Gas'!AB16*0.0038 -> 7638 | AN14: ='Wtr-Gas'!AD16*0.0038 -> 1680.8935 | AO14: ='Wtr-Gas'!AF16*0.0038 -> 29.222 | AP14: ='Wtr-Gas'!AH16*0.0038 -> 609.482 | AQ14: ='Wtr-Gas'!AJ16*0.0038 -> 70.1328 | AR14: ='Wtr-Gas'!AL16*0.0038 -> 136.8 | AS14: ='Wtr-Gas'!AN16*0.0038 -> 0 | AT14: ='Wtr-Gas'!AP16*0.0038 -> 25.84 | AU14: ='Wtr-Gas'!AT16*0.0038 -> 0 | AV14: ='Wtr-Gas'!AW16*0.0038 -> 287.5194 | AW14: ='Wtr-Gas'!AY16*0.0038 -> 240.82424 | AX14: ='Wtr-Gas'!AZ16*0.0038 -> 46.69516 | AY14: ='Wtr-Gas'!BB16*0.0038 -> 15.58 | AZ14: ='Wtr-Gas'!BD16*0.0038 -> 1.52 | BA14: ='Wtr-Gas'!BF16*0.0038 -> 977.0104 | BB14: =Elect!C16 -> 242
... A51: Orlando | B51: 1 | C51: 11 | D51: 2020 | E51: =Elect!AX53 -> 1500 | F51: =Elect!J53 -> 10661 | G51: =Elect!I53 -> 42880 | H51: =Elect!F53 -> 39040 | I51: =Elect!E53 -> 1.904 | J51: =Elect!Z53 -> 2.96 | K51: =Elect!Y53 -> 17536 | L51: =Elect!AT53 -> 44136 | M51: =Elect!AS53 -> 0 | N51: =Elect!AD53 -> 2400 | O51: =Elect!AC53 -> 1.69 | P51: =Elect!R53 -> 8000 | Q51: =Elect!Q53 -> 1.76 | R51: =Elect!N53 -> 1.51 | S51: =Elect!M53 -> 10581 | T51: =Elect!V53 -> 72352 | U51: =Elect!U53 -> 53700 | V51: =Elect!AH53 -> 17160 | W51: =Elect!AG53 -> 48000 | X51: =Elect!AL53 -> 504 | Y51: =Elect!AK53 -> 65767 | Z51: =Elect!AP53 -> 49600 | AA51: =Elect!AO53 -> 273864 | AB51: =Elect!BK53 -> 65767 | AC51: =Elect!BH53 -> 0 | AD51: =Elect!BN53 -> 0 | AE51: =Elect!BQ53 -> 0 | AF51: =('Wtr-Gas'!E53)*0.0038 -> 4066.418 | AG51: =('Wtr-Gas'!H53)*0.0038 -> 285.038 | AH51: ='Wtr-Gas'!K53*0.0038 -> 0.608 | AI51: ='Wtr-Gas'!N53*0.0038 -> 2576.4 | AJ51: ='Wtr-Gas'!Q53*0.0038 -> 83.6 | AK51: ='Wtr-Gas'!U53*0.0038 -> 644.86 | AL51: ='Wtr-Gas'!X53*0.0038 -> 2025.4 | AM51: ='Wtr-Gas'!AB53*0.0038 -> 9766 | AN51: ='Wtr-Gas'!AD53*0.0038 -> 3089.7709 | AO51: ='Wtr-Gas'!AF53*0.0038 -> 4.028 | AP51: ='Wtr-Gas'!AH53*0.0038 -> 706.762 | AQ51: ='Wtr-Gas'!AJ53*0.0038 -> 39.6872 | AR51: ='Wtr-Gas'!AL53*0.0038 -> 532 | AS51: ='Wtr-Gas'!AN53*0.0038 -> 3.8 | AT51: ='Wtr-Gas'!AP53*0.0038 -> 13.68 | AU51: ='Wtr-Gas'!AT53*0.0038 -> 0.437 | AV51: ='Wtr-Gas'!AW53*0.0038 -> 192.4434 | AW51: ='Wtr-Gas'!AY53*0.0038 -> 153.15759 | AX51: ='Wtr-Gas'!AZ53*0.0038 -> 39.285806 | AY51: ='Wtr-Gas'!BB53*0.0038 -> 20.9 | AZ51: ='Wtr-Gas'!BD53*0.0038 -> 2.66 | BA51: ='Wtr-Gas'!BF53*0.0038 -> 34.4318 | BB51: =Elect!C53 -> 502
A52: Orlando | B52: 2 | C52: 11 | D52: 2020 | E52: =Elect!AX55 -> 2000 | F52: =Elect!J55 -> 10681 | G52: =Elect!I55 -> 43200 | H52: =Elect!F55 -> 40000 | I52: =Elect!E55 -> 1.925 | J52: =Elect!Z55 -> 3.12 | K52: =Elect!Y55 -> 17570 | L52: =Elect!AT55 -> 44144 | M52: =Elect!AS55 -> 0 | N52: =Elect!AD55 -> 2560 | O52: =Elect!AC55 -> 1.69 | P52: =Elect!R55 -> 8000 | Q52: =Elect!Q55 -> 1.77 | R52: =Elect!N55 -> 1.63 | S52: =Elect!M55 -> 10603 | T52: =Elect!V55 -> 72468 | U52: =Elect!U55 -> 61500 | V52: =Elect!AH55 -> 17198 | W52: =Elect!AG55 -> 46000 | X52: =Elect!AL55 -> 504 | Y52: =Elect!AK55 -> 66271 | Z52: =Elect!AP55 -> 47520 | AA52: =Elect!AO55 -> 260324 | AB52: =Elect!BK55 -> 66271 | AC52: =Elect!BH55 -> 0 | AD52: =Elect!BN55 -> 0 | AE52: =Elect!BQ55 -> 0 | AF52: =('Wtr-Gas'!E54)*0.0038 -> 3543.234 | AG52: =('Wtr-Gas'!H54)*0.0038 -> 360.506 | AH52: ='Wtr-Gas'!K54*0.0038 -> 0.646 | AI52: ='Wtr-Gas'!N54*0.0038 -> 2302.8 | AJ52: ='Wtr-Gas'!Q54*0.0038 -> 68.02 | AK52: ='Wtr-Gas'!U54*0.0038 -> 590.14 | AL52: ='Wtr-Gas'!X54*0.0038 -> 2029.2 | AM52: ='Wtr-Gas'!AB54*0.0038 -> 8664 | AN52: ='Wtr-Gas'!AD54*0.0038 -> 2149.0866 | AO52: ='Wtr-Gas'!AF54*0.0038 -> 12.312 | AP52: ='Wtr-Gas'!AH54*0.0038 -> 391.894 | AQ52: ='Wtr-Gas'!AJ54*0.0038 -> 42.5752 | AR52: ='Wtr-Gas'!AL54*0.0038 -> 623.2 | AS52: ='Wtr-Gas'!AN54*0.0038 -> 0 | AT52: ='Wtr-Gas'!AP54*0.0038 -> 12.16 | AU52: ='Wtr-Gas'!AT54*0.0038 -> 0.2242 | AV52: ='Wtr-Gas'!AW54*0.0038 -> 164.8022 | AW52: ='Wtr-Gas'!AY54*0.0038 -> 137.69342 | AX52: ='Wtr-Gas'!AZ54*0.0038 -> 27.108782 | AY52: ='Wtr-Gas'!BB54*0.0038 -> 8.74 | AZ52: ='Wtr-Gas'!BD54*0.0038 -> 2.66 | BA52: ='Wtr-Gas'!BF54*0.0038 -> 370.1314 | BB52: =Elect!C55 -> 676
A53: Orlando | B53: 9 | C53: 11 | D53: 2020 | E53: =Elect!AX56 -> 1900 | F53: =Elect!J56 -> 10702 | G53: =Elect!I56 -> 43360 | H53: =Elect!F56 -> 39360 | I53: =Elect!E56 -> 1.925 | J53: =Elect!Z56 -> 3.12 | K53: =Elect!Y56 -> 17603 | L53: =Elect!AT56 -> 44151 | M53: =Elect!AS56 -> 0 | N53: =Elect!AD56 -> 2560 | O53: =Elect!AC56 -> 1.74 | P53: =Elect!R56 -> 8000 | Q53: =Elect!Q56 -> 1.77 | R53: =Elect!N56 -> 1.63 | S53: =Elect!M56 -> 10623 | T53: =Elect!V56 -> 72703 | U53: =Elect!U56 -> 53700 | V53: =Elect!AH56 -> 17236 | W53: =Elect!AG56 -> 49600 | X53: =Elect!AL56 -> 508 | Y53: =Elect!AK56 -> 66779 | Z53: =Elect!AP56 -> 51120 | AA53: =Elect!AO56 -> 290788 | AB53: =Elect!BK56 -> 0 | AC53: =Elect!BH56 -> 0 | AD53: =Elect!BN56 -> 0 | AE53: =Elect!BQ56 -> 0 | AF53: =('Wtr-Gas'!E55)*0.0038 -> 3290.306 | AG53: =('Wtr-Gas'!H55)*0.0038 -> 489.706 | AH53: ='Wtr-Gas'!K55*0.0038 -> 0.646 | AI53: ='Wtr-Gas'!N55*0.0038 -> 2048.2 | AJ53: ='Wtr-Gas'!Q55*0.0038 -> 68.78 | AK53: ='Wtr-Gas'!U55*0.0038 -> 659.3 | AL53: ='Wtr-Gas'!X55*0.0038 -> 4647.4 | AM53: ='Wtr-Gas'!AB55*0.0038 -> 5966 | AN53: ='Wtr-Gas'!AD55*0.0038 -> 680.51996 | AO53: ='Wtr-Gas'!AF55*0.0038 -> 4.902 | AP53: ='Wtr-Gas'!AH55*0.0038 -> 387.638 | AQ53: ='Wtr-Gas'!AJ55*0.0038 -> 37.2438 | AR53: ='Wtr-Gas'!AL55*0.0038 -> 668.8 | AS53: ='Wtr-Gas'!AN55*0.0038 -> 0 | AT53: ='Wtr-Gas'!AP55*0.0038 -> 3.42 | AU53: ='Wtr-Gas'!AT55*0.0038 -> 0.2774 | AV53: ='Wtr-Gas'!AW55*0.0038 -> 201.8142 | AW53: ='Wtr-Gas'!AY55*0.0038 -> 174.33982 | AX53: ='Wtr-Gas'!AZ55*0.0038 -> 27.47438 | AY53: ='Wtr-Gas'!BB55*0.0038 -> 6.46 | AZ53: ='Wtr-Gas'!BD55*0.0038 -> 3.42 | BA53: ='Wtr-Gas'!BF55*0.0038 -> 2219.352 | BB53: =Elect!C56 -> 684
A54: Orlando | B54: 16 | C54: 11 | D54: 2020 | E54: =Elect!AX57 -> 1500 | F54: =Elect!J57 -> 10724 | G54: =Elect!I57 -> 43840 | H54: =Elect!F57 -> 40320 | I54: =Elect!E57 -> 1.8 | J54: =Elect!Z57 -> 3.36 | K54: =Elect!Y57 -> 17639 | L54: =Elect!AT57 -> 44158 | M54: =Elect!AS57 -> 0 | N54: =Elect!AD57 -> 3040 | O54: =Elect!AC57 -> 1.45 | P54: =Elect!R57 -> 8400 | Q54: =Elect!Q57 -> 1.56 | R54: =Elect!N57 -> 1.65 | S54: =Elect!M57 -> 10645 | T54: =Elect!V57 -> 72856 | U54: =Elect!U57 -> 47400 | V54: =Elect!AH57 -> 17273 | W54: =Elect!AG57 -> 50400 | X54: =Elect!AL57 -> 525 | Y54: =Elect!AK57 -> 67304 | Z54: =Elect!AP57 -> 51880 | AA54: =Elect!AO57 -> 264665 | AB54: =Elect!BK57 -> 0 | AC54: =Elect!BH57 -> 0 | AD54: =Elect!BN57 -> 0 | AE54: =Elect!BQ57 -> 0 | AF54: =('Wtr-Gas'!E56)*0.0038 -> 3075.188 | AG54: =('Wtr-Gas'!H56)*0.0038 -> 237.994 | AH54: ='Wtr-Gas'!K56*0.0038 -> 0.646 | AI54: ='Wtr-Gas'!N56*0.0038 -> 2223 | AJ54: ='Wtr-Gas'!Q56*0.0038 -> 70.68 | AK54: ='Wtr-Gas'!U56*0.0038 -> 669.56 | AL54: ='Wtr-Gas'!X56*0.0038 -> 2663.8 | AM54: ='Wtr-Gas'!AB56*0.0038 -> 8550 | AN54: ='Wtr-Gas'!AD56*0.0038 -> 1967.8999 | AO54: ='Wtr-Gas'!AF56*0.0038 -> 1.216 | AP54: ='Wtr-Gas'!AH56*0.0038 -> 386.232 | AQ54: ='Wtr-Gas'!AJ56*0.0038 -> 14.7934 | AR54: ='Wtr-Gas'!AL56*0.0038 -> 345.8 | AS54: ='Wtr-Gas'!AN56*0.0038 -> -0.0152 | AT54: ='Wtr-Gas'!AP56*0.0038 -> 3.8 | AU54: ='Wtr-Gas'!AT56*0.0038 -> 0.3724 | AV54: ='Wtr-Gas'!AW56*0.0038 -> 211.0026 | AW54: ='Wtr-Gas'!AY56*0.0038 -> 175.5866 | AX54: ='Wtr-Gas'!AZ56*0.0038 -> 35.41714 | AY54: ='Wtr-Gas'!BB56*0.0038 -> 6.84 | AZ54: ='Wtr-Gas'!BD56*0.0038 -> 2.66 | BA54: ='Wtr-Gas'!BF56*0.0038 -> 35.2982 | BB54: =Elect!C57 -> 870
A55: Orlando | B55: 23 | C55: 11 | D55: 2020 | E55: =Elect!AX58 -> 1700 | F55: =Elect!J58 -> 10746 | G55: =Elect!I58 -> 45120 | H55: =Elect!F58 -> 41920 | I55: =Elect!E58 -> 2.074 | J55: =Elect!Z58 -> 3.36 | K55: =Elect!Y58 -> 17670 | L55: =Elect!AT58 -> 44165 | M55: =Elect!AS58 -> 0 | N55: =Elect!AD58 -> 2560 | O55: =Elect!AC58 -> 1.6 | P55: =Elect!R58 -> 8400 | Q55: =Elect!Q58 -> 1.68 | R55: =Elect!N58 -> 1.92 | S55: =Elect!M58 -> 10670 | T55: =Elect!V58 -> 73038 | U55: =Elect!U58 -> 42900 | V55: =Elect!AH58 -> 17311 | W55: =Elect!AG58 -> 51000 | X55: =Elect!AL58 -> 530 | Y55: =Elect!AK58 -> 67834 | Z55: =Elect!AP58 -> 52520 | AA55: =Elect!AO58 -> 272310 | AB55: =Elect!BK58 -> 0 | AC55: =Elect!BH58 -> 0 | AD55: =Elect!BN58 -> 0 | AE55: =Elect!BQ58 -> 0 | AF55: =('Wtr-Gas'!E57)*0.0038 -> 3237.562 | AG55: =('Wtr-Gas'!H57)*0.0038 -> 434.834 | AH55: ='Wtr-Gas'!K57*0.0038 -> 0.608 | AI55: ='Wtr-Gas'!N57*0.0038 -> 2124.2 | AJ55: ='Wtr-Gas'!Q57*0.0038 -> 75.62 | AK55: ='Wtr-Gas'!U57*0.0038 -> 745.18 | AL55: ='Wtr-Gas'!X57*0.0038 -> 4883 | AM55: ='Wtr-Gas'!AB57*0.0038 -> 6308 | AN55: ='Wtr-Gas'!AD57*0.0038 -> 1282.0866 | AO55: ='Wtr-Gas'!AF57*0.0038 -> 6.536 | AP55: ='Wtr-Gas'!AH57*0.0038 -> 367.65 | AQ55: ='Wtr-Gas'!AJ57*0.0038 -> 33.2234 | AR55: ='Wtr-Gas'!AL57*0.0038 -> 562.4 | AS55: ='Wtr-Gas'!AN57*0.0038 -> 0.1216 | AT55: ='Wtr-Gas'!AP57*0.0038 -> 14.44 | AU55: ='Wtr-Gas'!AT57*0.0038 -> 0.2926 | AV55: ='Wtr-Gas'!AW57*0.0038 -> 162.1802 | AW55: ='Wtr-Gas'!AY57*0.0038 -> 130.492 | AX55: ='Wtr-Gas'!AZ57*0.0038 -> 31.688998 | AY55: ='Wtr-Gas'!BB57*0.0038 -> 6.08 | AZ55: ='Wtr-Gas'!BD57*0.0038 -> 3.42 | BA55: ='Wtr-Gas'!BF57*0.0038 -> 27.0636 | BB55: =Elect!C58 -> 1156
A56: Orlando | B56: 30 | C56: 11 | D56: 2020 | E56: =Elect!AX59 -> 100 | F56: =Elect!J59 -> 10753 | G56: =Elect!I59 -> 13280 | H56: =Elect!F59 -> 12320 | I56: =Elect!E59 -> 2.074 | J56: =Elect!Z59 -> 3.36 | K56: =Elect!Y59 -> 17680 | L56: =Elect!AT59 -> 44166 | M56: =Elect!AS59 -> 0 | N56: =Elect!AD59 -> 800 | O56: =Elect!AC59 -> 2.3 | P56: =Elect!R59 -> 2400 | Q56: =Elect!Q59 -> 1.95 | R56: =Elect!N59 -> 1.95 | S56: =Elect!M59 -> 10677 | T56: =Elect!V59 -> 73081 | U56: =Elect!U59 -> 8100 | V56: =Elect!AH59 -> 17322 | W56: =Elect!AG59 -> 13400 | X56: =Elect!AL59 -> 193 | Y56: =Elect!AK59 -> 68027 | Z56: =Elect!AP59 -> 13840 | AA56: =Elect!AO59 -> 71033 | AB56: =Elect!BK59 -> 0 | AC56: =Elect!BH59 -> 0 | AD56: =Elect!BN59 -> 0 | AE56: =Elect!BQ59 -> 0 | AF56: =('Wtr-Gas'!E58)*0.0038 -> 3804.066 | AG56: =('Wtr-Gas'!H58)*0.0038 -> 414.732 | AH56: ='Wtr-Gas'!K58*0.0038 -> 0.646 | AI56: ='Wtr-Gas'!N58*0.0038 -> 2603 | AJ56: ='Wtr-Gas'!Q58*0.0038 -> 79.04 | AK56: ='Wtr-Gas'!U58*0.0038 -> 804.46 | AL56: ='Wtr-Gas'!X58*0.0038 -> 4078.54 | AM56: ='Wtr-Gas'!AB58*0.0038 -> 6726 | AN56: ='Wtr-Gas'!AD58*0.0038 -> 1393.2442 | AO56: ='Wtr-Gas'!AF58*0.0038 -> 12.008 | AP56: ='Wtr-Gas'!AH58*0.0038 -> 307.116 | AQ56: ='Wtr-Gas'!AJ58*0.0038 -> 38.855 | AR56: ='Wtr-Gas'!AL58*0.0038 -> 691.6 | AS56: ='Wtr-Gas'!AN58*0.0038 -> 2.1698 | AT56: ='Wtr-Gas'!AP58*0.0038 -> 6.46 | AU56: ='Wtr-Gas'!AT58*0.0038 -> 0.361 | AV56: ='Wtr-Gas'!AW58*0.0038 -> 190.5282 | AW56: ='Wtr-Gas'!AY58*0.0038 -> 151.4376 | AX56: ='Wtr-Gas'!AZ58*0.0038 -> 39.089118 | AY56: ='Wtr-Gas'!BB58*0.0038 -> 15.96 | AZ56: ='Wtr-Gas'!BD58*0.0038 -> 4.18 | BA56: ='Wtr-Gas'!BF58*0.0038 -> 588.164 | BB56: =Elect!C59 -> 46
A57: Orlando | B57: 1 | C57: 12 | D57: 2020 | E57: =Elect!AX60 -> 1300 | F57: =Elect!J60 -> 10771 | G57: =Elect!I60 -> 32160 | H57: =Elect!F60 -> 29920 | I57: =Elect!E60 -> 2.074 | J57: =Elect!Z60 -> 3.36 | K57: =Elect!Y60 -> 17705 | L57: =Elect!AT60 -> 44172 | M57: =Elect!AS60 -> 0 | N57: =Elect!AD60 -> 1920 | O57: =Elect!AC60 -> 2.3 | P57: =Elect!R60 -> 6800 | Q57: =Elect!Q60 -> 2.35 | R57: =Elect!N60 -> 2.23 | S57: =Elect!M60 -> 10696 | T57: =Elect!V60 -> 73171 | U57: =Elect!U60 -> 19200 | V57: =Elect!AH60 -> 17349 | W57: =Elect!AG60 -> 32200 | X57: =Elect!AL60 -> 474 | Y57: =Elect!AK60 -> 68501 | Z57: =Elect!AP60 -> 33280 | AA57: =Elect!AO60 -> 169554 | AB57: =Elect!BK60 -> 0 | AC57: =Elect!BH60 -> 0 | AD57: =Elect!BN60 -> 0 | AE57: =Elect!BQ60 -> 0 | AF57: =('Wtr-Gas'!E59)*0.0038 -> 916.142 | AG57: =('Wtr-Gas'!H59)*0.0038 -> 148.542 | AH57: ='Wtr-Gas'!K59*0.0038 -> 0.57 | AI57: ='Wtr-Gas'!N59*0.0038 -> 528.2 | AJ57: ='Wtr-Gas'!Q59*0.0038 -> 22.42 | AK57: ='Wtr-Gas'!U59*0.0038 -> 244.34 | AL57: ='Wtr-Gas'!X59*0.0038 -> 2404.26 | AM57: ='Wtr-Gas'!AB59*0.0038 -> 1178 | AN57: ='Wtr-Gas'!AD59*0.0038 -> 415.91076 | AO57: ='Wtr-Gas'!AF59*0.0038 -> 2.698 | AP57: ='Wtr-Gas'!AH59*0.0038 -> 95.076 | AQ57: ='Wtr-Gas'!AJ59*0.0038 -> 16.7542 | AR57: ='Wtr-Gas'!AL59*0.0038 -> 231.8 | AS57: ='Wtr-Gas'!AN59*0.0038 -> 0.494 | AT57: ='Wtr-Gas'!AP59*0.0038 -> 1.52 | AU57: ='Wtr-Gas'!AT59*0.0038 -> 0.038 | AV57: ='Wtr-Gas'!AW59*0.0038 -> 25.042 | AW57: ='Wtr-Gas'!AY59*0.0038 -> 22.382 | AX57: ='Wtr-Gas'!AZ59*0.0038 -> 2.659924 | AY57: ='Wtr-Gas'!BB59*0.0038 -> 0.38 | AZ57: ='Wtr-Gas'!BD59*0.0038 -> 0.76 | BA57: ='Wtr-Gas'!BF59*0.0038 -> 0 | BB57: =Elect!C60 -> 809
A58: Orlando | B58: 7 | C58: 12 | D58: 2020 | E58: =Elect!AX61 -> 1600 | F58: =Elect!J61 -> 10795 | G58: =Elect!I61 -> 43040 | H58: =Elect!F61 -> 40000 | I58: =Elect!E61 -> 2.074 | J58: =Elect!Z61 -> 3.36 | K58: =Elect!Y61 -> 17739 | L58: =Elect!AT61 -> 44179 | M58: =Elect!AS61 -> 0 | N58: =Elect!AD61 -> 2560 | O58: =Elect!AC61 -> 2.3 | P58: =Elect!R61 -> 8800 | Q58: =Elect!Q61 -> 3.45 | R58: =Elect!N61 -> 3.01 | S58: =Elect!M61 -> 10718 | T58: =Elect!V61 -> 73257 | U58: =Elect!U61 -> 35700 | V58: =Elect!AH61 -> 17389 | W58: =Elect!AG61 -> 43200 | X58: =Elect!AL61 -> 448 | Y58: =Elect!AK61 -> 68949 | Z58: =Elect!AP61 -> 44800 | AA58: =Elect!AO61 -> 224988 | AB58: =Elect!BK61 -> 0 | AC58: =Elect!BH61 -> 0 | AD58: =Elect!BN61 -> 0 | AE58: =Elect!BQ61 -> 0 | AF58: =('Wtr-Gas'!E60)*0.0038 -> 2299.304 | AG58: =('Wtr-Gas'!H60)*0.0038 -> 336.414 | AH58: ='Wtr-Gas'!K60*0.0038 -> 0.608 | AI58: ='Wtr-Gas'!N60*0.0038 -> 1402.2 | AJ58: ='Wtr-Gas'!Q60*0.0038 -> 54.34 | AK58: ='Wtr-Gas'!U60*0.0038 -> 572.28 | AL58: ='Wtr-Gas'!X60*0.0038 -> 4753.8 | AM58: ='Wtr-Gas'!AB60*0.0038 -> 2622 | AN58: ='Wtr-Gas'!AD60*0.0038 -> 669.96318 | AO58: ='Wtr-Gas'!AF60*0.0038 -> 4.522 | AP58: ='Wtr-Gas'!AH60*0.0038 -> 236.55 | AQ58: ='Wtr-Gas'!AJ60*0.0038 -> 27.5576 | AR58: ='Wtr-Gas'!AL60*0.0038 -> 497.8 | AS58: ='Wtr-Gas'!AN60*0.0038 -> 1.406 | AT58: ='Wtr-Gas'!AP60*0.0038 -> 3.04 | AU58: ='Wtr-Gas'!AT60*0.0038 -> 0.3724 | AV58: ='Wtr-Gas'!AW60*0.0038 -> 168.245 | AW58: ='Wtr-Gas'!AY60*0.0038 -> 130.4426 | AX58: ='Wtr-Gas'!AZ60*0.0038 -> 37.804034 | AY58: ='Wtr-Gas'!BB60*0.0038 -> 15.2 | AZ58: ='Wtr-Gas'!BD60*0.0038 -> 4.18 | BA58: ='Wtr-Gas'!BF60*0.0038 -> 599.203 | BB58: =Elect!C61 -> 1067
A59: Orlando | B59: 14 | C59: 12 | D59: 2020 | E59: =Elect!AX62 -> 1500 | F59: =Elect!J62 -> 10821 | G59: =Elect!I62 -> 44960 | H59: =Elect!F62 -> 39840 | I59: =Elect!E62 -> 2.074 | J59: =Elect!Z62 -> 3.36 | K59: =Elect!Y62 -> 17774 | L59: =Elect!AT62 -> 44186 | M59: =Elect!AS62 -> 0 | N59: =Elect!AD62 -> 2720 | O59: =Elect!AC62 -> 2.3 | P59: =Elect!R62 -> 9600 | Q59: =Elect!Q62 -> 3.45 | R59: =Elect!N62 -> 3.01 | S59: =Elect!M62 -> 10740 | T59: =Elect!V62 -> 73406 | U59: =Elect!U62 -> 31500 | V59: =Elect!AH62 -> 17420 | W59: =Elect!AG62 -> 45000 | X59: =Elect!AL62 -> 544 | Y59: =Elect!AK62 -> 69493 | Z59: =Elect!AP62 -> 46240 | AA59: =Elect!AO62 -> 244904 | AB59: =Elect!BK62 -> 0 | AC59: =Elect!BH62 -> 0 | AD59: =Elect!BN62 -> 0 | AE59: =Elect!BQ62 -> 0 | AF59: =('Wtr-Gas'!E61)*0.0038 -> 2861.856 | AG59: =('Wtr-Gas'!H61)*0.0038 -> 440.002 | AH59: ='Wtr-Gas'!K61*0.0038 -> 0.304 | AI59: ='Wtr-Gas'!N61*0.0038 -> 1729 | AJ59: ='Wtr-Gas'!Q61*0.0038 -> 75.62 | AK59: ='Wtr-Gas'!U61*0.0038 -> 758.1 | AL59: ='Wtr-Gas'!X61*0.0038 -> 6904.6 | AM59: ='Wtr-Gas'!AB61*0.0038 -> 3192 | AN59: ='Wtr-Gas'!AD61*0.0038 -> 1001.1921 | AO59: ='Wtr-Gas'!AF61*0.0038 -> 3.724 | AP59: ='Wtr-Gas'!AH61*0.0038 -> 231.648 | AQ59: ='Wtr-Gas'!AJ61*0.0038 -> 86.2334 | AR59: ='Wtr-Gas'!AL61*0.0038 -> 718.2 | AS59: ='Wtr-Gas'!AN61*0.0038 -> 0.2166 | AT59: ='Wtr-Gas'!AP61*0.0038 -> 4.18 | AU59: ='Wtr-Gas'!AT61*0.0038 -> 0.456 | AV59: ='Wtr-Gas'!AW61*0.0038 -> 190.2736 | AW59: ='Wtr-Gas'!AY61*0.0038 -> 152.6612 | AX59: ='Wtr-Gas'!AZ61*0.0038 -> 37.612362 | AY59: ='Wtr-Gas'!BB61*0.0038 -> 10.64 | AZ59: ='Wtr-Gas'!BD61*0.0038 -> 5.32 | BA59: ='Wtr-Gas'!BF61*0.0038 -> 0 | BB59: =Elect!C62 -> 757
A60: Orlando | B60: 21 | C60: 12 | D60: 2020 | E60: =Elect!AX63 -> 1600 | F60: =Elect!J63 -> 10852 | G60: =Elect!I63 -> 47360 | H60: =Elect!F63 -> 42560 | I60: =Elect!E63 -> 1.99 | J60: =Elect!Z63 -> 2.51 | K60: =Elect!Y63 -> 17806 | L60: =Elect!AT63 -> 44193 | M60: =Elect!AS63 -> 0 | N60: =Elect!AD63 -> 2400 | O60: =Elect!AC63 -> 1.54 | P60: =Elect!R63 -> 11200 | Q60: =Elect!Q63 -> 2.77 | R60: =Elect!N63 -> 2.48 | S60: =Elect!M63 -> 10769 | T60: =Elect!V63 -> 73488 | U60: =Elect!U63 -> 36900 | V60: =Elect!AH63 -> 17458 | W60: =Elect!AG63 -> 45400 | X60: =Elect!AL63 -> 562 | Y60: =Elect!AK63 -> 70055 | Z60: =Elect!AP63 -> 46920 | AA60: =Elect!AO63 -> 241622 | AB60: =Elect!BK63 -> 0 | AC60: =Elect!BH63 -> 0 | AD60: =Elect!BN63 -> 0 | AE60: =Elect!BQ63 -> 0 | AF60: =('Wtr-Gas'!E62)*0.0038 -> 3336.894 | AG60: =('Wtr-Gas'!H62)*0.0038 -> 548.34 | AH60: ='Wtr-Gas'!K62*0.0038 -> 0.836 | AI60: ='Wtr-Gas'!N62*0.0038 -> 1938 | AJ60: ='Wtr-Gas'!Q62*0.0038 -> 72.2 | AK60: ='Wtr-Gas'!U62*0.0038 -> 803.7 | AL60: ='Wtr-Gas'!X62*0.0038 -> 6140.8 | AM60: ='Wtr-Gas'!AB62*0.0038 -> 4256 | AN60: ='Wtr-Gas'!AD62*0.0038 -> 1000.0019 | AO60: ='Wtr-Gas'!AF62*0.0038 -> 8.322 | AP60: ='Wtr-Gas'!AH62*0.0038 -> 439.47 | AQ60: ='Wtr-Gas'!AJ62*0.0038 -> 49.4646 | AR60: ='Wtr-Gas'!AL62*0.0038 -> 729.6 | AS60: ='Wtr-Gas'!AN62*0.0038 -> 0.0798 | AT60: ='Wtr-Gas'!AP62*0.0038 -> 4.94 | AU60: ='Wtr-Gas'!AT62*0.0038 -> 0.4408 | AV60: ='Wtr-Gas'!AW62*0.0038 -> 188.8068 | AW60: ='Wtr-Gas'!AY62*0.0038 -> 153.4212 | AX60: ='Wtr-Gas'!AZ62*0.0038 -> 35.383776 | AY60: ='Wtr-Gas'!BB62*0.0038 -> 20.14 | AZ60: ='Wtr-Gas'!BD62*0.0038 -> 6.08 | BA60: ='Wtr-Gas'!BF62*0.0038 -> 267.9532 | BB60: =Elect!C63 -> 1353
A61: Orlando | B61: 28 | C61: 12 | D61: 2020 | E61: =Elect!AX64 -> 900 | F61: =Elect!J64 -> 10869 | G61: =Elect!I64 -> 26880 | H61: =Elect!F64 -> 23840 | I61: =Elect!E64 -> 1.99 | J61: =Elect!Z64 -> 2.56 | K61: =Elect!Y64 -> 17824 | L61: =Elect!AT64 -> 44197 | M61: =Elect!AS64 -> 0 | N61: =Elect!AD64 -> 1600 | O61: =Elect!AC64 -> 1.73 | P61: =Elect!R64 -> 5600 | Q61: =Elect!Q64 -> 2.77 | R61: =Elect!N64 -> 2.48 | S61: =Elect!M64 -> 10784 | T61: =Elect!V64 -> 73548 | U61: =Elect!U64 -> 28800 | V61: =Elect!AH64 -> 17476 | W61: =Elect!AG64 -> 30400 | X61: =Elect!AL64 -> 285 | Y61: =Elect!AK64 -> 70340 | Z61: =Elect!AP64 -> 31120 | AA61: =Elect!AO64 -> 151805 | AB61: =Elect!BK64 -> 0 | AC61: =Elect!BH64 -> 0 | AD61: =Elect!BN64 -> 0 | AE61: =Elect!BQ64 -> 0 | AF61: =('Wtr-Gas'!E63)*0.0038 -> 3607.302 | AG61: =('Wtr-Gas'!H63)*0.0038 -> 272.536 | AH61: ='Wtr-Gas'!K63*0.0038 -> 0.874 | AI61: ='Wtr-Gas'!N63*0.0038 -> 2348.4 | AJ61: ='Wtr-Gas'!Q63*0.0038 -> 71.06 | AK61: ='Wtr-Gas'!U63*0.0038 -> 889.58 | AL61: ='Wtr-Gas'!X63*0.0038 -> 7964.8 | AM61: ='Wtr-Gas'!AB63*0.0038 -> 3192 | AN61: ='Wtr-Gas'!AD63*0.0038 -> 1034.6021 | AO61: ='Wtr-Gas'!AF63*0.0038 -> 3.762 | AP61: ='Wtr-Gas'!AH63*0.0038 -> 311.296 | AQ61: ='Wtr-Gas'!AJ63*0.0038 -> 41.5454 | AR61: ='Wtr-Gas'!AL63*0.0038 -> 714.4 | AS61: ='Wtr-Gas'!AN63*0.0038 -> 0.0722 | AT61: ='Wtr-Gas'!AP63*0.0038 -> 4.18 | AU61: ='Wtr-Gas'!AT63*0.0038 -> 0.4978 | AV61: ='Wtr-Gas'!AW63*0.0038 -> 202.331 | AW61: ='Wtr-Gas'!AY63*0.0038 -> 153.8544 | AX61: ='Wtr-Gas'!AZ63*0.0038 -> 48.476106 | AY61: ='Wtr-Gas'!BB63*0.0038 -> 2.66 | AZ61: ='Wtr-Gas'!BD63*0.0038 -> 6.46 | BA61: ='Wtr-Gas'!BF63*0.0038 -> 0 | BB61: =Elect!C64 -> 563
A62: Orlando | B62: 31 | C62: 12 | D62: 2021 | E62: =Elect!AX65 -> 0 | F62: =Elect!J65 -> 0 | G62: =Elect!I65 -> 0 | H62: =Elect!F65 -> 0 | I62: =Elect!E65 -> 0 | J62: =Elect!Z65 -> 0 | K62: =Elect!Y65 -> 0 | L62: =Elect!AT65 -> 0 | M62: =Elect!AS65 -> 0 | N62: =Elect!AD65 -> 0 | O62: =Elect!AC65 -> 0 | P62: =Elect!R65 -> 0 | Q62: =Elect!Q65 -> 0 | R62: =Elect!N65 -> 0 | S62: =Elect!M65 -> 0 | T62: =Elect!V65 -> 0 | U62: =Elect!U65 -> 0 | V62: =Elect!AH65 -> 0 | W62: =Elect!AG65 -> 0 | X62: =Elect!AL65 -> 0 | Y62: =Elect!AK65 -> 0 | Z62: =Elect!AP65 -> 0 | AA62: =Elect!AO65 -> 0 | AB62: =Elect!BK65 -> 0 | AC62: =Elect!BH65 -> 0 | AD62: =Elect!BN65 -> 0 | AE62: =Elect!BQ65 -> 0 | AF62: =('Wtr-Gas'!E64)*0.0038 -> 2580.086 | AG62: =('Wtr-Gas'!H64)*0.0038 -> 91.58 | AH62: ='Wtr-Gas'!K64*0.0038 -> 0.76 | AI62: ='Wtr-Gas'!N64*0.0038 -> 1770.8 | AJ62: ='Wtr-Gas'!Q64*0.0038 -> 25.46 | AK62: ='Wtr-Gas'!U64*0.0038 -> 529.72 | AL62: ='Wtr-Gas'!X64*0.0038 -> 3494.1 | AM62: ='Wtr-Gas'!AB64*0.0038 -> 2888 | AN62: ='Wtr-Gas'!AD64*0.0038 -> 559.51998 | AO62: ='Wtr-Gas'!AF64*0.0038 -> 11.172 | AP62: ='Wtr-Gas'!AH64*0.0038 -> 177.84 | AQ62: ='Wtr-Gas'!AJ64*0.0038 -> 26.0338 | AR62: ='Wtr-Gas'!AL64*0.0038 -> 418 | AS62: ='Wtr-Gas'!AN64*0.0038 -> 0.0304 | AT62: ='Wtr-Gas'!AP64*0.0038 -> 2.66 | AU62: ='Wtr-Gas'!AT64*0.0038 -> 0.247 | AV62: ='Wtr-Gas'!AW64*0.0038 -> 109.5274 | AW62: ='Wtr-Gas'!AY64*0.0038 -> 86.1878 | AX62: ='Wtr-Gas'!AZ64*0.0038 -> 23.339372 | AY62: ='Wtr-Gas'!BB64*0.0038 -> 4.18 | AZ62: ='Wtr-Gas'!BD64*0.0038 -> 4.56 | BA62: ='Wtr-Gas'!BF64*0.0038 -> 0 | BB62: =Elect!C65 -> 0

Sheet Info
B4: Electrical
B5: Location | C5: Transformer # | D5: Meter Serial # | E5: Reedy Creek # | F5: Service Area | G5: Multiplier | I5: Reedy Creek Description
B6: Service Yard #2 | C6: T7384 | D6: 68 425 008 | E6: CC0913A018 | G6: 160 | I6: HSB2 Section 1&2, Building A
B7: Service Yard #2 | C7: T2392 | D7: 68 425 010 | E7: CC0913A020 | G7: 160 | I7: HSB2 Section 4&5, Building A
B8: Service Yard #2 | C8: T2393 | D8: 68 425 078 | E8: CC0913A060 | G8: 400 | I8: LSB2 Building A - T2395
B9: Service Yard #2 | C9: T2395 | D9: 68 425 077 | E9: CC0913A059 | G9: 400 | I9: LSB2 Building A - T2393
B10: Service Yard #2 | C10: T7285 | D10: 68 425 071 | E10: CC0913A081 | G10: 400 | I10: LSB2 Building A - T7285
B11: Service Yard #1 | C11: T7380 | D11: 68 425 060 | E11: CC0913A054 | G11: 300 | I11: Main Electric Room #1
B12: Service Yard #1 | C12: T2390 | D12: 68 425 059 | E12: CC0913A053 | G12: 300 | I12: Service Yard #1
B13: Service Yard #1 | C13: T7382 | D13: 68 425 093 | E13: CC0913A075 | G13: 160 | I13: Main Electric Room #1 South
B14: Service Yard #1 | C14: T2391 | D14: 68 425 094 | E14: CC0913A076 | G14: 160 | I14: Main Electric Room #1 South
B15: Servcie Yard #3 | C15: T7283 | D15: 90 625 242 | E15: CC0912A18 | G15: 200 | I15: Out Buildings
B16: Servcie Yard #3 | C16: T7281 | D16: 68 425 097 | E16: CC0913A095 | G16: 40 | I16: Out Buildings
B17: Remote Parking Lot Lights | C17: T2009 | D17: 90 630 431 | E17: CS0212A003 | G17: 1 | I17: Employee Parking Lot Lights
B18: Golf Maintenance | D18: 67273163 | E18: CC0612A036 | I18: Golf Maintenace
B19: Golf Clubhouse | D19: 67662513 | E19: CG0612A084 | I19: Golf Clubhouse
B20: Golf Comfort Stations | D20: 61979920 | E20: CS0210A030 | I20: Comfort Stations
B21: Golf Irrigation Pump House | D21: 56253208 | E21: IC0608A03 | I21: Irrigation Pump House
B24: Water
B25: Service Entry | D25: 74860172 | E25: x10 | F25: Main Potable Water Feed | I25: Water
B26: Service Entry | D26: 74860173 | E26: x10 | F26: Re-use Water Feed | I26: Reclaimed Water
B27: Pump Room | D27: 44553004 | E27: x10 | F27: Fire System Make-up Feed
B28: Pump Room | D28: 70275191 | E28: x100 | F28: PW Feed for Bldg A | I28: Installed 1/31/14
B29: Boiler Room | D29: 2130521 | E29: x100 | F29: Steam Boiler M/U Water | I29: Installed 4/15/14
B31: Deduct Meters | C31: Added 7/15
B32: Chiller Room | D32: 79177804 | E32: x1 | F32: Make-up to Cooling Towers
B33: Chiller Room | D33: 79305675 | E33: x1 | F33: Cooling Tower Blowdown
B34: Building E | D34: 7919004D | E34: x1000 | F34: Irrigation Water
B35: Building E | D35: 79190041 | E35: x1000 | F35: Potable Water
B36: Building J | D36: 79190039 | E36: x1 | F36: Irrigation Water
B37: Lazy River | C37: Added 10/20/15 | D37: 79324776 | E37: x1000 | F37: Potable make-up water for Lazy River
B38: Building E - Inside | C38: Added 11/24/15 | D38: 112014001775 | E38: x100 | F38: Pool Hydranic Heater Make-up Water
B39: Service Yard #2 | C39: Added 11/24/15 | D39: 112014001771 | E39: x100 | F39: Mens and Womens Spa Pool Make-up Water
B43: Changes to Meters
B44: Exterior Pump Room | D44: 12C004186-C1 | E44: x100 | F44: Main Gas Feed | I44: Meter changed on 11/19/14
D45: 04B000408 | E45: 41962 | I45: New Meter Serial Number - Start Number 4668
B46: Golf Course Irrigation | D46: 80606729 | E46: 42522 | I46: New Meter Serial Number - Start Number 0
B48: Cooling Tower M/U Meter | D48: 85492530 | E48: 43698 | I48: Meter Changed by RCID
B51: Disputed Bill | D51: Customer # | E51: Account #
D52: 10816233 | E52: 2236896 | I52: ???

Sheet Logsheet
B1: Four Seasons Utility Readings
N2: updated 9/1/19
B3: Water Meters
B4: 74860172 | D4: 74860173 | F4: 44553004 | H4: 70275191 | J4: 2130521 | L4: 04B000408 | N4: 93477704
B6: Main PW Feed | D6: Main RW Feed | F6: Fire Prot Water Feed | H6: Potable Wtr Bldg A | J6: Steam Boiler M/U | L6: Main Gas Meter 2# | N6: Main Gas Meter 5#
B9: 85492530 | D9: 79305675 | F9: 79190041 | H9: 7919004D | J9: 79190039 | L9: 79324776
B10: Chiller Room | D10: Chiller Room | F10: Building E | H10: Building E | J10: Building J | L10: Lazy River | N10: Capa Terrace
B11: Cooling Tower M/U | D11: Cooling Tower Bleed | F11: Potable Water | H11: Irrigation | J11: Irrigation | L11: Potable Water | N11: Landscaping Mtr
B14: Electric Meters Service Yard #2
B15: CC0913A018 | D15: CC0913A020 | F15: CC0913A060 | H15: CC0913A059 | J15: CC0913A081
B16: 68 425 008 | C16: T7384 | D16: 68 425 010 | E16: T2392 | F16: 68 425 078 | G16: T2393 | H16: 68 425 077 | I16: T2395 | J16: 68 425 071 | K16: T7285
B17: KWH | C17: Demand | D17: KWH | E17: Demand | F17: KWH | G17: Demand | H17: KWH | I17: Demand | J17: KWH | K17: Demand
B20: Central Plant Service Yard | J20: Building E
B21: CC0913A054 | D21: CC0913A053 | F21: CC0913A075 | H21: CC0913A076 | J21: CC0912A18 | L21: CC0913A095
B22: 68 425 060 | C22: T7380 | D22: 68 425 059 | E22: T2390 | F22: 68 425 093 | G22: T7382 | H22: 68 425 094 | I22: T2391 | J22: 90 625 242 | K22: T7283 | L22: 68 425 097 | M22: T7281
B23: KWH | C23: Demand | D23: KWH | E23: Demand | F23: KWH | G23: Demand | H23: KWH | I23: Demand | J23: KWH | K23: Demand | L23: KWH | M23: Demand
B26: Employee Parking | D26: Emerg Generator | J26: 112014001775 | L26: 112014001771
B27: CS0212A003 | D27: GEN01 | J27: Building E - Inside | L27: Service Yard #2
B28: 90 630 431 | C28: T2009 | D28: Tank Level | J28: Pool Hydranic Heater | L28: Spa Jacuzzi's
B29: KWH | D29: 1/4-3/4 | J29: Make-up Water | L29: Make-up Water

Sheet Golf Logsheet
B2: Water Meters
B3: 73337589 | D3: 65956268 | F3: 1334021 | H3: 63265094 | J3: 80606729
B5: Club House | D5: Club House Deduct | F5: Golf Maintenance | H5: Comfort Stations | J5: Irrigation Reclaim Water
B8: Electric Meters
B9: CG0612A084 | D9: CC0612A036 | H9: CS0210A0300 | J9: IC0608A03
B10: 676 62 513 | D10: 672 73 163 | H10: 61 979 920 | J10: 56 253 208
B11: Club House | D11: Golf Maintenance | H11: Comfort Stations | J11: Irrigation Pump House
B14: Natural Gas / Petroleum
B15: 82SJ729151 | D15: Propane Tank #1 | F15: Propane Tank #2 | H15: Unleaded Tank | J15: Diesel Tank | L15: Lube Oil Tank
B16: 46801014
B17: Nat Gas-Clubhouse | D17: Golf Maintenance | F17: Golf Maintenance | H17: Golf Mainenance | J17: Golf Maintenance | L17: Golf Maintenance

Sheet Graphs
B2: Jan | C2: Feb | D2: Mar | E2: Apr | F2: May | G2: Jun | H2: Jul | I2: Aug | J2: Sep | K2: Oct | L2: Nov | M2: Dec | O2: KWH | P2: Fuel Surcharge | Q2: Demand
Z3: Electric | AA3: Gas
Y5: 2015 | Z5: =([1]Elect!#REF!) -> #REF!
Y6: 2016 | Z6: =([1]Elect!#REF!) -> #REF!
Y7: 2017 | Z7: =([1]Elect!#REF!) -> #REF!
Y8: 2018 | Z8: =([1]Elect!#REF!) -> #REF!
Y9: 2019 | Z9: =([1]Elect!#REF!) -> #REF!
X21: hi

Sheet Drawing
B3: Utility Distribution
B4: Four Seasons Resort Orlando at Walt Disney World Resort
B5: Electrical, Potable Water, Re-use Water, Natural Gas
AU14: Water Deduct Meters downstream | BX14: Golf Course Water
AU15: of the main water meter for the Resort | BX15: Distribution
AU16: Meter Numbers Listed | BX16: Meter Numbers Listed
AY18: Bldg A Fire | CL18: Golf Clubhouse
AY19: Sprinkler System | BY19: Golf Clubhouse | CL19: Flushing Valve
AY20: Make-up | BY20: 73337589 | CL20: Deduct
AY21: 44553004 | CL21: 65956268
G22: 12" Potable Water Line | AA22: Domestic Water
G23: Feed from | AA23: from RCES
G24: RCES | AA24: 74860172
AY25: Bdlg A Potable | BY25: Golf Maint
AY26: Water Feed | BY26: Facility
AY27: 70275191 | BY27: 1334021
CK28: Golf Course
M29: 8" Re-use Water Line | AA29: Re-use Water | CK29: Re-Use Irrigation
M30: Feed from | AA30: from RCES | CK30: 67327447
M31: RCES | AA31: 74860173
BY32: Golf Course
AY33: Steam Boilers | BY33: Comfort Stations
AY34: Make-up Water | BY34: 63265094
AY35: 2130521
AJ36: Landscaping
AJ37: Re-use System
AY40: Cooling Tower | BL40: Cooling Twr
AA41: Out Buildings | AY41: Make-up Water | BL41: Blowdown
AA42: Natural Gas Meter | AY42: 79177804 | BL42: Line Deduct
AA43: 93477704 | BL43: 79305675
M45: Natural Gas
M46: Feed at 50 PSI
M47: Reduced to 2 PSI | AY47: Bldg E Potable
M48: for building | AA48: Resort Natural | AY48: Water Meter
M49: Distribution | AA49: Gas Meter | AY49: 79190041
AA50: 12C004186-C1
AY54: Bldg J Irrigation
AY55: Water Meter
AA56: Golf Clubhouse | AY56: 79190039
AA57: Natural Gas
AA58: Meter
AA59: 82SJ729151
E61: Electrical Distribution | AY61: Lazy River
E62: 12470 Volts distributed by RCES on 2 separate feeders to the Resort | AY62: Pool Make-up
AY63: 79324776
F66: Service
F67: Yard | P67: T7380 | W67: T2390 | AD67: T7382 | AK67: T2391
F68: #1 | P68: 68 425 060 | W68: 68 425 059 | AD68: 68 425 093 | AK68: 68 425 094 | AY68: Pool Hydraunic
AY69: Boiler Water
AY70: Make-up
AY71: 112014001775
D75: Service | AY75: Spa Jacuzzi
D76: Yard | J76: T7384 | Q76: T2392 | X76: T2393 | AE76: T2395 | AL76: T7285 | AY76: Water
D77: #2 | J77: 68 425 008 | Q77: 68 425 010 | X77: 68 425 078 | AE77: 68 425 077 | AL77: 68 425 071 | AY77: Make-up
AY78: 112014001771
J84: Service
J85: Yard | Q85: T7283 | X85: T7281
J86: #3 | Q86: 90 625 242 | X86: 68 425 097
G93: Golf
G94: Course & | O94: Club House | V94: Golf Maint. | AB94: Cmft Stations | AJ94: Irrigation
G95: Clubhouse | O95: 676 62 513 | V95: 672 73 163 | AC95: 61 979 920 | AJ95: 56 253 208

Sheet Occupancy
R1: Rooms Dept. | S1: Total Occupied
R2: Room Nights Input
B3: CDD | C3: HDD | E3: % Occ | F3: 2020 | I3: CDD | J3: HDD | P3: 01 | Q3: Month: January | R3: 377 | S3: =+R3/444 -> 0.8490991
A4: Jan | B4: 159 | C4: 46 | E4: 71.4 | F4: 0.714 | G4: 13764 | H4: =SUM(F4*G4) -> 9827.496 | I4: 148 | J4: 102 | P4: 02 | Q4: Month: January | R4: 379 | S4: =+R4/444 -> 0.8536036
A5: Feb | B5: 156 | C5: 76 | E5: 78.6 | F5: 0.786 | G5: 12432 | H5: =SUM(F5*G5) -> 9771.552 | I5: 292 | J5: 30 | P5: 03 | Q5: Month: January | R5: 314 | S5: =+R5/444 -> 0.70720721
A6: Mar | B6: 264 | C6: 18 | E6: 28.3 | F6: 0.283 | G6: 13764 | H6: =SUM(F6*G6) -> 3895.212 | I6: 313 | J6: 9 | P6: 04 | Q6: Month: January | R6: 210 | S6: =+R6/444 -> 0.47297297
A7: Apr | B7: 415 | C7: 0 | E7: 0 | F7: 0 | G7: 13320 | H7: =SUM(F7*G7) -> 0 | I7: 372 | J7: 6 | P7: 05 | Q7: Month: January | R7: 157 | S7: =+R7/444 -> 0.3536036
A8: May | B8: 487 | C8: 0 | E8: 0 | F8: 0 | G8: 13764 | H8: =SUM(F8*G8) -> 0 | I8: 480 | J8: 0 | P8: 06 | Q8: Month: January | R8: 146 | S8: =+R8/444 -> 0.32882883
A9: Jun | B9: 502 | C9: 0 | E9: 0 | F9: 0 | G9: 13320 | H9: =SUM(F9*G9) -> 0 | I9: 520 | J9: 0 | P9: 07 | Q9: Month: January | R9: 174 | S9: =+R9/444 -> 0.39189189
A10: Jul | B10: 492 | C10: 0 | E10: 20.5 | F10: 0.205 | G10: 13764 | H10: =SUM(F10*G10) -> 2821.62 | P10: 08 | Q10: Month: January | R10: 219 | S10: =+R10/444 -> 0.49324324
A11: Aug | B11: 475 | C11: 0 | E11: 25.5 | F11: 0.255 | G11: 13764 | H11: =SUM(F11*G11) -> 3509.82 | P11: 09 | Q11: Month: January | R11: 190 | S11: =+R11/444 -> 0.42792793
A12: Sep | B12: 500 | C12: 0 | G12: 13320 | H12: =SUM(F12*G12) -> 0 | P12: 10 | Q12: Month: January | R12: 217 | S12: =+R12/444 -> 0.48873874
A13: Oct | B13: 431 | C13: 66 | G13: 13764 | H13: =SUM(F13*G13) -> 0 | P13: 11 | Q13: Month: January | R13: 232 | S13: =+R13/444 -> 0.52252252
A14: Nov | B14: 167 | C14: 80 | G14: 13320 | H14: =SUM(F14*G14) -> 0 | P14: 12 | Q14: Month: January | R14: 192 | S14: =+R14/444 -> 0.43243243
A15: Dec | B15: 140 | C15: 133 | G15: 13764 | H15: =SUM(F15*G15) -> 0 | P15: 13 | Q15: Month: January | R15: 369 | S15: =+R15/444 -> 0.83108108
G16: =SUM(G4:G15) -> 162060 | H16: =SUM(H4:H15) -> 29825.7 | P16: 14 | Q16: Month: January | R16: 369 | S16: =+R16/444 -> 0.83108108
P17: 15 | Q17: Month: January | R17: 407 | S17: =+R17/444 -> 0.91666667
P18: 16 | Q18: Month: January | R18: 407 | S18: =+R18/444 -> 0.91666667
P19: 17 | Q19: Month: January | R19: 388 | S19: =+R19/444 -> 0.87387387
P20: 18 | Q20: Month: January | R20: 394 | S20: =+R20/444 -> 0.88738739
P21: 19 | Q21: Month: January | R21: 377 | S21: =+R21/444 -> 0.8490991
P22: 20 | Q22: Month: January | R22: 387 | S22: =+R22/444 -> 0.87162162
P23: 21 | Q23: Month: January | R23: 344 | S23: =+R23/444 -> 0.77477477
P24: 22 | Q24: Month: January | R24: 401 | S24: =+R24/444 -> 0.90315315
L25: 2017 | M25: 2018 | N25: 2019 | P25: 23 | Q25: Month: January | R25: 392 | S25: =+R25/444 -> 0.88288288
K26: Occupied Guest Rooms | L26: 120328 | M26: 119350 | N26: 91868 | P26: 24 | Q26: Month: January | R26: 416 | S26: =+R26/444 -> 0.93693694
K27: Electric KWH | L27: 17910500 | M27: 17636409 | N27: 13838299 | P27: 25 | Q27: Month: January | R27: 237 | S27: =+R27/444 -> 0.53378378
K28: Electrical Use per Occupied Room | L28: =SUM(L27/L26) -> 148.84732 | M28: =SUM(M27/M26) -> 147.7705 | N28: =SUM(N27/N26) -> 150.63242 | P28: 26 | Q28: Month: January | R28: 374 | S28: =+R28/444 -> 0.84234234
K29: Gas CCF | L29: 600069 | M29: 584640 | N29: 432248 | P29: 27 | Q29: Month: January | R29: 383 | S29: =+R29/444 -> 0.86261261
K30: Gas Use Per Occupied Room | L30: =SUM(L29/L26) -> 4.986944 | M30: =SUM(M29/M26) -> 4.8985337 | N30: =SUM(N29/N26) -> 4.7050986 | P30: 28 | Q30: Month: January | R30: 352 | S30: =+R30/444 -> 0.79279279
P31: 29 | Q31: Month: January | R31: 407 | S31: =+R31/444 -> 0.91666667
K32: 2019 Totals are through Sept 30th | P32: 30 | Q32: Month: January | R32: 364 | S32: =+R32/444 -> 0.81981982
P33: 31 | Q33: Month: January | R33: 246 | S33: =+R33/444 -> 0.55405405
P34: 01 | Q34: Month: February | R34: 264 | S34: =+R34/444 -> 0.59459459
P35: 02 | Q35: Month: February | R35: 271 | S35: =+R35/444 -> 0.61036036
P36: 03 | Q36: Month: February | R36: 418 | S36: =+R36/444 -> 0.94144144
P37: 04 | Q37: Month: February | R37: 417 | S37: =+R37/444 -> 0.93918919
P38: 05 | Q38: Month: February | R38: 349 | S38: =+R38/444 -> 0.78603604
P39: 06 | Q39: Month: February | R39: 354 | S39: =+R39/444 -> 0.7972973
P40: 07 | Q40: Month: February | R40: 404 | S40: =+R40/444 -> 0.90990991
P41: 08 | Q41: Month: February | R41: 349 | S41: =+R41/444 -> 0.78603604
P42: 09 | Q42: Month: February | R42: 296 | S42: =+R42/444 -> 0.66666667
P43: 10 | Q43: Month: February | R43: 290 | S43: =+R43/444 -> 0.65315315
P44: 11 | Q44: Month: February | R44: 232 | S44: =+R44/444 -> 0.52252252
... P306: 30 | Q306: Month: October | R306: 122 | S306: =+R306/444 -> 0.27477477

Sheet Elect
B1: 2020 | D1: CC0913A018 | H1: CC0913A020 | L1: CC0913A060 | P1: CC0913A059 | T1: CC0913A081 | X1: CC0913A054 | AB1: CC0913A053 | AF1: CC0913A075 | AJ1: CC0913A076 | AN1: CC0912A18 | AR1: CC0913A095 | AV1: CS0212A003 | BB1: Water Pk | BC1: % of KWH | BG1: CG0612A084 | BJ1: CC0612A036 | BM1: CS0210A030 | BP1: IIC0608A03 | BV1: KWH | BZ1: Account # - 02230191 | CD1: Meter # - CC0913A020 | CM1: Meter # - CC0913A018 | CV1: Meter # - CC0913A054 | DE1: Meter # - CC0913A095 | DN1: Meter # - CC0913A053 | DW1: Meter # - CC0913A059 | EF1: Meter # - CC0913A060 | EO1: Meter # - CC0913A081 | EX1: Meter # - CC0913A075 | FG1: Meter # - CC0913A076 | FP1: Meter # - CC90625425 | GA1: Amount | GF1: Meter # - 672 73 163 | GO1: Meter # - 676 62 513 | GX1: Meter # - 61 979 920 | HD1: Meter # - 56 253 208
B2: Date | C2: Occupancy | D2: 68 425 008 | E2: T7384 | F2: KWH Total | G2: Demand | H2: 68 425 010 | I2: T2392 | J2: KWH Total | K2: Demand | L2: 68 425 078 | M2: T2393 | N2: KWH Total | O2: Demand | P2: 68 425 077 | Q2: T2395 | R2: KWH Total | S2: Demand | T2: 68 425 071 | U2: T7285 | V2: KWH Total | W2: Demand | X2: 68 425 060 | Y2: T7380 | Z2: KWH Total | AA2: Demand | AB2: 68 425 059 | AC2: T2390 | AD2: KWH Total | AE2: Demand | AF2: 68 425 093 | AG2: T7382 | AH2: KWH Total | AI2: Demand | AJ2: 68 425 094 | AK2: T2391 | AL2: KWH Total | AM2: Demand | AN2: 90 625 242 | AO2: T7283 | AP2: KWH Total | AQ2: Demand | AR2: 68 425 097 | AS2: T7281 | AT2: KWH Total | AU2: Demand | AV2: 90 630 431 | AX2: KWH Total | AY2: Demand | BA2: Total KWH | BB2: KWH | BD2: Total Mnth | BG2: 676 62 513 | BH2: KWH Total | BI2: Demand | BJ2: 672 73 163 | BK2: KWH Total | BL2: Demand | BM2: 61 979 920 | BN2: KWH Total | BO2: Demand | BP2: 56 253 208 | BQ2: KWH Total | BR2: Demand | BT2: Total KWH | BU2: Total Mnth | BV2: Total | BZ2: Meter # - CS0212A003 | CD2: Meter | CE2: Bill | CG2: KWH | CH2: Demand | CI2: KWH | CJ2: Fuel Charge | CK2: Demand | CL2: Total | CM2: Meter | CN2: Bill | CP2: KWH | CQ2: Demand | CR2: KWH | CS2: Fuel Charge | CT2: Demand | CU2: Total | CV2: Meter | CW2: Bill | CY2: KWH | CZ2: Demand | DA2: KWH | DB2: Fuel Charge | DC2: Demand | DD2: Total | DE2: Meter | DF2: Bill | DH2: KWH | DI2: Demand | DJ2: KWH | DK2: Fuel Charge | DL2: Demand | DM2: Total | DN2: Meter | DO2: Bill | DQ2: KWH | DR2: Demand | DS2: KWH | DT2: Fuel Charge | DU2: Demand | DV2: Total | DW2: Meter | DX2: Bill | DZ2: KWH | EA2: Demand | EB2: KWH | EC2: Fuel Charge | ED2: Demand | EE2: Total | EF2: Meter | EG2: Bill | EI2: KWH | EJ2: Demand | EK2: KWH | EL2: Fuel Charge | EM2: Demand | EN2: Total | EO2: Meter | EP2: Bill | ER2: KWH | ES2: Demand | ET2: KWH | EU2: Fuel Charge | EV2: Demand | EW2: Total | EX2: Meter | EY2: Bill | FA2: KWH | FB2: Demand | FC2: KWH | FD2: Fuel Charge | FE2: Demand | FF2: Total | FG2: Meter | FH2: Bill | FJ2: KWH | FK2: Demand | FL2: KWH | FM2: Fuel Charge | FN2: Demand | FO2: Total | FP2: Meter | FQ2: Bill | FS2: KWH | FT2: Demand | FU2: KWH | FV2: Fuel Charge | FW2: Demand | FX2: Total | FZ2: Total | GA2: Total | GB2: Demand | GC2: Total | GF2: Meter | GG2: Bill | GI2: KWH | GJ2: Demand | GK2: KWH | GL2: Fuel Charge | GM2: Demand | GN2: Total | GO2: Meter | GP2: Bill | GR2: KWH | GS2: Demand | GT2: KWH | GU2: Fuel Charge | GV2: Demand | GW2: Total | GX2: Meter | GY2: Bill | GZ2: KWH | HA2: KWH | HB2: Fuel Charge | HC2: Total | HD2: Meter | HE2: Bill | HG2: KWH | HH2: Demand | HI2: KWH | HJ2: Fuel Charge | HK2: Demand | HL2: Total | HM2: Total | HN2: Total | HO2: Total | HP2: Total | HR2: Total Resort | HS2: Total Resort | HT2: Total Resort | HU2: Total Resort
C3: Room Nights | D3: KWH | E3: Demand | F3: (x160) | G3: Total | H3: KWH | I3: Demand | J3: (x160) | K3: Total | L3: KWH | M3: Demand | N3: (x400) | O3: Total | P3: KWH | Q3: Demand | R3: (x400) | S3: Total | T3: KWH | U3: Demand | V3: (x400) | W3: Total | X3: KWH | Y3: Demand | Z3: (x300) | AA3: Total | AB3: KWH | AC3: Demand | AD3: (x300) | AE3: Total | AF3: KWH | AG3: Demand | AH3: (x160) | AI3: Total | AJ3: KWH | AK3: Demand | AL3: (x160) | AM3: Total | AN3: KWH | AO3: Demand | AP3: (X200) | AQ3: Total | AR3: KWH | AS3: Demand | AT3: (x40) | AU3: Total | AV3: KWH | AX3: (x1) | AY3: Total | BD3: KWH | BG3: KWH | BH3: (x100) | BI3: Total | BJ3: KWH | BK3: (x100) | BL3: Total | BM3: KWH | BN3: (x1) | BO3: Total | BP3: KWH | BQ3: (x40) | BR3: Total | BT3: Golf | BU3: Golf | BV3: Resort | BZ3: Meter Read | CA3: Bill Read | CB3: Amount | CC3: Total | CD3: Read | CE3: Read | CF3: Demand | CG3: Amount | CH3: Amount | CI3: Total | CJ3: Total | CK3: Total | CL3: Amount | CM3: Read | CN3: Read | CO3: Demand | CP3: Amount | CQ3: Amount | CR3: Total | CS3: Total | CT3: Total | CU3: Amount | CV3: Read | CW3: Read | CX3: Demand | CY3: Amount | CZ3: Amount | DA3: Total | DB3: Total | DC3: Total | DD3: Amount | DE3: Read | DF3: Read | DG3: Demand | DH3: Amount | DI3: Amount | DJ3: Total | DK3: Total | DL3: Total | DM3: Amount | DN3: Read | DO3: Read | DP3: Demand | DQ3: Amount | DR3: Amount | DS3: Total | DT3: Total | DU3: Total | DV3: Amount | DW3: Read | DX3: Read | DY3: Demand | DZ3: Amount | EA3: Amount | EB3: Total | EC3: Total | ED3: Total | EE3: Amount | EF3: Read | EG3: Read | EH3: Demand | EI3: Amount | EJ3: Amount | EK3: Total | EL3: Total | EM3: Total | EN3: Amount | EO3: Read | EP3: Read | EQ3: Demand | ER3: Amount | ES3: Amount | ET3: Total | EU3: Total | EV3: Total | EW3: Amount | EX3: Read | EY3: Read | EZ3: Demand | FA3: Amount | FB3: Amount | FC3: Total | FD3: Total | FE3: Total | FF3: Amount | FG3: Read | FH3: Read | FI3: Demand | FJ3: Amount | FK3: Amount | FL3: Total | FM3: Total | FN3: Total | FO3: Amount | FP3: Read | FQ3: Read | FR3: Demand | FS3: Amount | FT3: Amount | FU3: Total | FV3: Total | FW3: Total | FX3: Amount | FZ3: KHW | GA3: KWH Costs | GB3: Total | GC3: Electric | GF3: Read | GG3: Read | GH3: Demand | GI3: Amount | GJ3: Amount | GK3: Total | GL3: Total | GM3: Total | GN3: Amount | GO3: Read | GP3: Read | GQ3: Demand | GR3: Amount | GS3: Amount | GT3: Total | GU3: Total | GV3: Total | GW3: Amount | GX3: Read | GY3: Read | GZ3: Amount | HA3: Total | HB3: Total | HC3: Amount | HD3: Read | HE3: Read | HF3: Demand | HG3: Amount | HH3: Amount | HI3: Total | HJ3: Total | HK3: Total | HL3: Amount | HM3: KWH | HN3: KWH Costs | HO3: Demand | HP3: Costs | HR3: KWH | HS3: KWH Costs | HT3: Demand | HU3: Costs
B4: 43831 | D4: 86230 | E4: 2.15 | F4: 0 | G4: 81797 | H4: 2.538 | I4: 0 | J4: 9749 | K4: 0.324 | L4: 0 | M4: 9644 | N4: 0.271 | O4: 0 | P4: 10343 | Q4: 0.311 | R4: 0 | S4: 68047 | T4: 2.516 | U4: 0 | V4: 64573 | W4: 1.679 | X4: 0 | Y4: 16096 | Z4: 0.312 | AA4: 0 | AB4: 10963 | AC4: 0.217 | AD4: 0 | AE4: 82267 | AF4: 1.976 | AG4: 0 | AH4: 15574 | AI4: 0.313 | AJ4: 0 | AK4: 49414 | AL4: 0 | AO4: 0 | AP4: 0 | AQ4: 0 | AT4: 43831 | AU4: 56373 | AV4: 0 | AW4: 7133 | AX4: 0 | AY4: 85497 | AZ4: 0 | BA4: 46922 | BB4: 0 | BE4: 0 | BK4: 49414 | BL4: 48845 | BO4: 81797 | BP4: 81830 | BQ4: 2.483 | BX4: 86230 | BY4: 86258 | BZ4: 2.232 | CG4: 68047 | CH4: 67906 | CI4: 2.388 | CP4: 15574 | CQ4: 15553 | CR4: 0.315 | CY4: 64573 | CZ4: 64505 | DA4: 1.912 | DH4: 9644 | DI4: 9621 | DJ4: 0.284 | DQ4: 68047 | DR4: 9753 | DS4: 0.336 | DZ4: 10343 | EA4: 10346 | EB4: 0.329 | EI4: 16096 | EJ4: 16079 | EK4: 0.383 | ER4: 10963 | ES4: 10951 | ET4: 0.442 | FA4: 82267 | FB4: 82046 | FC4: 2.013 | FQ4: 7133 | FR4: 7119 | FS4: 0.222 | FZ4: 56373 | GA4: 56256 | GB4: 1.575 | GI4: 85497 | GJ4: 85579 | GO4: 46922 | GP4: 46925 | GQ4: 3.704
B5: 43835 | C5: 1437 | D5: 86475 | E5: 2.291 | F5: 39200 | G5: 82057 | H5: 2.603 | I5: 41600 | J5: 9777 | K5: 0.339 | L5: 11200 | M5: 9669 | N5: 0.286 | O5: 10000 | P5: 10371 | Q5: 0.315 | R5: 11200 | S5: 68173 | T5: 2.516 | U5: 37800 | V5: 64685 | W5: 1.968 | X5: 33600 | Y5: 16123 | Z5: 0.312 | AA5: 4320 | AB5: 10980 | AC5: 0.278 | AD5: 2720 | AE5: 82444 | AF5: 1.976 | AG5: 35400 | AH5: 15606 | AI5: 0.313 | AJ5: 1280 | AK5: 49756 | AL5: 342 | AO5: 228662 | AP5: 36680 | AQ5: 0.16041144 | AT5: 43835 | AU5: 56483 | AV5: 11000 | AW5: 7146 | AX5: 1300 | AY5: 86351 | AZ5: 854 | BA5: 46935 | BB5: 520 | BE5: 13674 | BK5: 49756 | BO5: 82057 | BX5: 86475 | CG5: 68173 | CP5: 15606 | CY5: 64685 | DH5: 9669 | DQ5: 68173 | DZ5: 10371 | EI5: 16123 | ER5: 10980 | FA5: 82444 | FQ5: 7146 | FZ5: 56483 | GI5: 86351 | GO5: 46935
B6: 43842 | C6: 1370 | D6: 86771 | E6: 2.291 | F6: 47360 | G6: 82369 | H6: 2.603 | I6: 49920 | J6: 9807 | K6: 0.339 | L6: 12000 | M6: 9698 | N6: 0.286 | O6: 11600 | P6: 10402 | Q6: 0.315 | R6: 12400 | S6: 68322 | T6: 2.516 | U6: 44700 | V6: 64833 | W6: 1.992 | X6: 44400 | Y6: 16161 | Z6: 0.365 | AA6: 6080 | AB6: 11007 | AC6: 0.31 | AD6: 4320 | AE6: 82666 | AF6: 1.976 | AG6: 44400 | AH6: 15646 | AI6: 0.313 | AJ6: 1600 | AK6: 50224 | AL6: 468 | AO6: 279248 | AP6: 46000 | AQ6: 0.16472813 | AT6: 43842 | AU6: 56615 | AV6: 13200 | AW6: 7164 | AX6: 1800 | AY6: 87331 | AZ6: 980 | BA6: 46957 | BB6: 880 | BE6: 16860 | BK6: 50224 | BO6: 82369 | BX6: 86771 | CG6: 68322 | CP6: 15646 | CY6: 64833 | DH6: 9698 | DQ6: 68322 | DZ6: 10402 | EI6: 16161 | ER6: 11007 | FA6: 82666 | FQ6: 7164 | FZ6: 56615 | GI6: 87331 | GO6: 46957
B7: 43849 | C7: 2711 | D7: 87066 | E7: 2.291 | F7: 47200 | G7: 82677 | H7: 2.603 | I7: 49280 | J7: 9838 | K7: 0.339 | L7: 12400 | M7: 9727 | N7: 0.286 | O7: 11600 | P7: 10432 | Q7: 0.315 | R7: 12000 | S7: 68493 | T7: 2.516 | U7: 51300 | V7: 65036 | W7: 2.002 | X7: 60900 | Y7: 16205 | Z7: 0.384 | AA7: 7040 | AB7: 11041 | AC7: 0.391 | AD7: 5440 | AE7: 82901 | AF7: 1.976 | AG7: 47000 | AH7: 15687 | AI7: 0.313 | AJ7: 1640 | AK7: 50689 | AL7: 465 | AO7: 306265 | AP7: 48640 | AQ7: 0.15881671 | AT7: 43849 | AU7: 56779 | AV7: 16400 | AW7: 7187 | AX7: 2300 | AY7: 88331 | AZ7: 1000 | BA7: 46968 | BB7: 440 | BE7: 20140 | BK7: 50689 | BO7: 82677 | BX7: 87066 | CG7: 68493 | CP7: 15687 | CY7: 65036 | DH7: 9727 | DQ7: 68493 | DZ7: 10432 | EI7: 16205 | ER7: 11041 | FA7: 82901 | FQ7: 7187 | FZ7: 56779 | GI7: 88331 | GO7: 46968
B8: 43856 | C8: 2551 | D8: 87365 | E8: 2.163 | F8: 47840 | G8: 83002 | H8: 2.506 | I8: 52000 | J8: 9878 | K8: 0.352 | L8: 16000 | M8: 9762 | N8: 0.333 | O8: 14000 | P8: 10470 | Q8: 0.4 | R8: 15200 | S8: 68620 | T8: 1.655 | U8: 38100 | V8: 65146 | W8: 1.488 | X8: 33000 | Y8: 16250 | Z8: 0.389 | AA8: 7200 | AB8: 11078 | AC8: 0.451 | AD8: 5920 | AE8: 83092 | AF8: 1.642 | AG8: 38200 | AH8: 15727 | AI8: 0.31 | AJ8: 1600 | AK8: 51154 | AL8: 465 | AO8: 269525 | AP8: 39800 | AQ8: 0.14766719 | AT8: 43856 | AU8: 56895 | AV8: 11600 | AW8: 7204 | AX8: 1700 | AY8: 89304 | AZ8: 973 | BA8: 47035 | BB8: 2680 | BE8: 16953 | BK8: 51154 | BO8: 83002 | BX8: 87365 | CG8: 68620 | CP8: 15727 | CY8: 65146 | DH8: 9762 | DQ8: 68620 | DZ8: 10470 | EI8: 16250 | ER8: 11078 | FA8: 83092 | FQ8: 7204 | FZ8: 56895 | GI8: 89304 | GO8: 47035
B9: 43862 | C9: 2016 | D9: 87663 | E9: 2.163 | F9: 47680 | G9: 83312 | H9: 2.506 | I9: 49600 | J9: 9914 | K9: 0.352 | L9: 14400 | M9: 9793 | N9: 0.333 | O9: 12400 | P9: 10503 | Q9: 0.4 | R9: 13200 | S9: 68734 | T9: 1.903 | U9: 34200 | V9: 65273 | W9: 1.706 | X9: 38100 | Y9: 16293 | Z9: 0.415 | AA9: 6880 | AB9: 11109 | AC9: 0.451 | AD9: 4960 | AE9: 83295 | AF9: 1.789 | AG9: 40600 | AH9: 15763 | AI9: 0.31 | AJ9: 1440 | AK9: 51620 | AL9: 466 | AO9: 263926 | AP9: 42040 | AQ9: 0.15928707 | AR9: 1347626 | AT9: 43862 | AU9: 57019 | AV9: 12400 | AW9: 7219 | AX9: 1500 | AY9: 90281 | AZ9: 977 | BA9: 47077 | BB9: 1680 | BE9: 16557 | BF9: 84184 | BG9: 1431810 | BK9: 51620 | BL9: 50726 | BM9: 1881 | BN9: 298.62484 | BO9: 83312 | BP9: 82766 | BQ9: 2.483 | BR9: 149760 | BS9: 397.28 | BT9: 6080.256 | BU9: 3790.4256 | BV9: 2776.9872 | BW9: 10759.043 | BX9: 87663 | BY9: 87147 | BZ9: 2.232 | CA9: 142240 | CB9: 357.12 | CC9: 5774.944 | CD9: 3600.0944 | CE9: 2496.2688 | CF9: 10146.641 | CG9: 68734 | CH9: 68526 | CI9: 2.388 | CJ9: 186000 | CK9: 716.4 | CL9: 7551.6 | CM9: 4707.66 | CN9: 5007.636 | CO9: 13384.393 | CP9: 15763 | CQ9: 15698 | CR9: 0.315 | CS9: 5800 | CT9: 12.6 | CU9: 235.48 | CV9: 146.798 | CW9: 88.074 | CX9: 438.48302 | CY9: 65273 | CZ9: 65061 | DA9: 1.912 | DB9: 166800 | DC9: 573.6 | DD9: 6772.08 | DE9: 4221.708 | DF9: 4009.464 | DG9: 11949.96 | DH9: 9793 | DI9: 9738 | DJ9: 0.284 | DK9: 46800 | DL9: 113.6 | DM9: 1900.08 | DN9: 1184.508 | DO9: 794.064 | DP9: 3384.0009 | DQ9: 68734 | DR9: 9849 | DS9: 0.336 | DT9: 38400 | DU9: 134.4 | DV9: 1559.04 | DW9: 971.904 | DX9: 939.456 | DY9: 2780.529 | DZ9: 10503 | EA9: 10444 | EB9: 0.329 | EC9: 39200 | ED9: 131.6 | EE9: 1591.52 | EF9: 992.152 | EG9: 919.884 | EH9: 2838.0025 | EI9: 16293 | EJ9: 16219 | EK9: 0.383 | EL9: 22400 | EM9: 61.28 | EN9: 909.44 | EO9: 566.944 | EP9: 428.3472 | EQ9: 1631.0586 | ER9: 11109 | ES9: 11051 | ET9: 0.442 | EU9: 16000 | EV9: 70.72 | EW9: 649.6 | EX9: 404.96 | EY9: 494.3328 | EZ9: 1171.2704 | FA9: 83295 | FB9: 82953 | FC9: 2.013 | FD9: 181400 | FE9: 402.6 | FF9: 7364.84 | FG9: 4591.234 | FH9: 2814.174 | FI9: 13053.921 | FK9: 996681 | FL9: 71835.928 | FM9: 20768.688 | FN9: 92604.616 | FQ9: 7219 | FR9: 7191 | FS9: 0.222 | FT9: 7200 | FU9: 22.2 | FV9: 292.32 | FW9: 182.232 | FX9: 155.178 | FY9: 546.38105 | FZ9: 57019 | GA9: 56805 | GB9: 1.575 | GC9: 54900 | GD9: 157.5 | GE9: 2228.94 | GF9: 1389.519 | GG9: 1100.925 | GH9: 4019.7695 | GI9: 90281 | GJ9: 88571 | GK9: 2992 | GL9: 355.8984 | GM9: 75.72752 | GN9: 464.32213 | GO9: 47077 | GP9: 46991 | GQ9: 3.704 | GR9: 2640 | GS9: 148.16 | GT9: 107.184 | GU9: 66.8184 | GV9: 1035.6384 | GW9: 232.80288 | GX9: 67732 | GY9: 5263.2756 | GZ9: 2291.7414 | HA9: 7555.017 | HC9: 1064413 | HD9: 77099.203 | HE9: 23060.429 | HF9: 100159.63 | HG9: =SUM(HE9-HE4)*40 -> 922417.18 | HH9: =SUM(HF9)*40 -> 4006385.3 | HI9: =SUM(HG9*0.0406) -> 37450.137 | HJ9: =SUM(HG9*0.02531) -> 23346.379 | HK9: =SUM(HH9*6.99) -> 28004633 | HL9: =SUM(HJ9+HI9+20)*1.2 -> 72979.819 | HM9: =SUM(GI9+GR9+GZ9+HG9) -> 1017629.9 | HN9: =SUM(HL9+HC9+GW9+GN9) -> 1138089.9 | HO9: =SUM(GM9+GV9+HK9) -> 28005745 | HP9: =SUM(HN9:HO9) -> 29143835 | HR9: =(FZ9+HM9) -> 1074648.9 | HS9: =(GA9+HN9) -> 1194894.9 | HT9: =(GB9+HO9) -> 28005746 | HU9: =(HS9+HT9) -> 29200641
B10: 43870 | C10: 2858 | D10: 87959 | E10: 2.163 | F10: 47360 | G10: 83618 | H10: 2.506 | I10: 48960 | J10: 9949 | K10: 0.352 | L10: 14000 | M10: 9825 | N10: 0.333 | O10: 12800 | P10: 10535 | Q10: 0.4 | R10: 12800 | S10: 68875 | T10: 2.495 | U10: 42300 | V10: 65431 | W10: 1.928 | X10: 47400 | Y10: 16339 | Z10: 0.491 | AA10: 7360 | AB10: 11142 | AC10: 0.451 | AD10: 5280 | AE10: 83528 | AF10: 1.865 | AG10: 46600 | AH10: 15809 | AI10: 0.349 | AJ10: 1840 | AK10: 52074 | AL10: 454 | AO10: 287154 | AP10: 48440 | AQ10: 0.16868997 | AT10: 43870 | AU10: 57151 | AV10: 13200 | AW10: 7235 | AX10: 1600 | AY10: 91280 | AZ10: 999 | BA10: 47109 | BB10: 1280 | BE10: 17079 | BK10: 52074 | BO10: 83618 | BX10: 87959 | CG10: 68875 | CP10: 15809 | CY10: 65431 | DH10: 9825 | DQ10: 68875 | DZ10: 10535 | EI10: 16339 | ER10: 11142 | FA10: 83528 | FQ10: 7235 | FZ10: 57151 | GI10: 91280 | GO10: 47109
B11: 43877 | C11: 2355 | D11: 88261 | E11: 2.222 | F11: 48320 | G11: 83932 | H11: 2.506 | I11: 50240 | J11: 9979 | K11: 0.352 | L11: 12000 | M11: 9854 | N11: 0.333 | O11: 11600 | P11: 10565 | Q11: 0.4 | R11: 12000 | S11: 69114 | T11: 2.508 | U11: 71700 | V11: 65604 | W11: 1.928 | X11: 51900 | Y11: 16381 | Z11: 0.491 | AA11: 6720 | AB11: 11172 | AC11: 0.451 | AD11: 4800 | AE11: 83773 | AF11: 2.049 | AG11: 49000 | AH11: 15853 | AI11: 0.349 | AJ11: 1760 | AK11: 52515 | AL11: 441 | AO11: 320481 | AP11: 50760 | AQ11: 0.15838692 | AT11: 43877 | AU11: 57294 | AV11: 14300 | AW11: 7251 | AX11: 1600 | AY11: 92228 | AZ11: 948 | BA11: 47173 | BB11: 2560 | BE11: 19408 | BK11: 52515 | BO11: 83932 | BX11: 88261 | CG11: 69114 | CP11: 15853 | CY11: 65604 | DH11: 9854 | DQ11: 69114 | DZ11: 10565 | EI11: 16381 | ER11: 11172 | FA11: 83773 | FQ11: 7251 | FZ11: 57294 | GI11: 92228 | GO11: 47173
B12: 43885 | C12: 3005 | D12: 88558 | E12: 2.133 | F12: 47520 | G12: 84243 | H12: 2.378 | I12: 49760 | J12: 10014 | K12: 0.324 | L12: 14000 | M12: 9885 | N12: 0.254 | O12: 12400 | P12: 10597 | Q12: 0.298 | R12: 12800 | S12: 69289 | T12: 0.874 | U12: 52500 | V12: 65797 | W12: 1.345 | X12: 57900 | Y12: 16435 | Z12: 0.367 | AA12: 8640 | AB12: 11203 | AC12: 0.289 | AD12: 4960 | AE12: 84025 | AF12: 1.977 | AG12: 50400 | AH12: 15894 | AI12: 0.304 | AJ12: 1640 | AK12: 52959 | AL12: 444 | AO12: 312964 | AP12: 52040 | AQ12: 0.16628111 | AT12: 43885 | AU12: 57441 | AV12: 14700 | AW12: 7267 | AX12: 1600 | AY12: 93255 | AZ12: 1027 | BA12: 47258 | BB12: 3400 | BE12: 20727 | BK12: 52959 | BO12: 84243 | BX12: 88558 | CG12: 69289 | CP12: 15894 | CY12: 65797 | DH12: 9885 | DQ12: 69289 | DZ12: 10597 | EI12: 16435 | ER12: 11203 | FA12: 84025 | FQ12: 7267 | FZ12: 57441 | GI12: 93255 | GO12: 47258
B13: 43891 | C13: 1896 | D13: 88827 | E13: 2.33 | F13: 43040 | G13: 84520 | H13: 2.426 | I13: 44320 | J13: 10045 | K13: 0.324 | L13: 12400 | M13: 9912 | N13: 0.254 | O13: 10800 | P13: 10626 | Q13: 0.298 | R13: 11600 | S13: 69429 | T13: 1.783 | U13: 42000 | V13: 65909 | W13: 1.832 | X13: 33600 | Y13: 16477 | Z13: 0.511 | AA13: 6720 | AB13: 11228 | AC13: 0.347 | AD13: 4000 | AE13: 84251 | AF13: 2 | AG13: 45200 | AH13: 15930 | AI13: 0.311 | AJ13: 1440 | AK13: 53341 | AL13: 382 | AO13: 255502 | AP13: 46640 | AQ13: 0.1825426 | AR13: 1176101 | AT13: 43891 | AU13: 57568 | AV13: 12700 | AW13: 7283 | AX13: 1600 | AY13: 94139 | AZ13: 884 | BA13: 47374 | BB13: 4640 | BE13: 19824 | BF13: 77038 | BG13: 1253139 | BK13: 53341 | BL13: 53030 | BM13: 2304 | BN13: 365.13879 | BO13: 84520 | BP13: 84291 | BQ13: 2.506 | BR13: 244000 | BS13: 400.96 | BT13: 9906.4 | BU13: 6175.64 | BV13: 2802.7104 | BW13: 17529.424 | BX13: 88827 | BY13: 88605 | BZ13: 2.222 | CA13: 233280 | CB13: 355.52 | CC13: 9471.168 | CD13: 5904.3168 | CE13: 2485.0848 | CF13: 16627.124 | CG13: 69429 | CH13: 69310 | CI13: 2.608 | CJ13: 235200 | CK13: 782.4 | CL13: 9549.12 | CM13: 5952.912 | CN13: 5468.976 | CO13: 16919.015 | CP13: 15930 | CQ13: 15901 | CR13: 0.349 | CS13: 8120 | CT13: 13.96 | CU13: 329.672 | CV13: 205.5172 | CW13: 97.5804 | CX13: 605.15623 | CY13: 65909 | CZ13: 65820 | DA13: 1.985 | DB13: 227700 | DC13: 595.5 | DD13: 9244.62 | DE13: 5763.087 | DF13: 4162.545 | DG13: 16305.062 | DH13: 9912 | DI13: 9890 | DJ13: 0.333 | DK13: 60800 | DL13: 133.2 | DM13: 2468.48 | DN13: 1538.848 | DO13: 931.068 | DP13: 4389.7875 | DQ13: 69429 | DR13: 10018 | DS13: 0.352 | DT13: 67600 | DU13: 140.8 | DV13: 2744.56 | DW13: 1710.956 | DX13: 984.192 | DY13: 4878.3124 | DZ13: 10626 | EA13: 10602 | EB13: 0.4 | EC13: 63200 | ED13: 160 | EE13: 2565.92 | EF13: 1599.592 | EG13: 1118.4 | EH13: 4562.2081 | EI13: 16477 | EJ13: 16441 | EK13: 0.567 | EL13: 35520 | EM13: 90.72 | EN13: 1442.112 | EO13: 899.0112 | EP13: 634.1328 | EQ13: 2573.6243 | ER13: 11228 | ES13: 11207 | ET13: 0.451 | EU13: 24960 | EV13: 72.16 | EW13: 1013.376 | EX13: 631.7376 | EY13: 504.3984 | EZ13: 1814.9738 | FA13: 84251 | FB13: 84064 | FC13: 2.118 | FD13: 222200 | FE13: 423.6 | FF13: 9021.32 | FG13: 5623.882 | FH13: 2960.964 | FI13: 15985.07 | FK13: 1424884 | FL13: 102554.9 | FM13: 22150.052 | FN13: 124704.95 | FQ13: 7283 | FR13: 7269 | FS13: 0.234 | FT13: 7800 | FU13: 23.4 | FV13: 316.68 | FW13: 197.418 | FX13: 163.566 | FY13: 590.07147 | FZ13: 57568 | GA13: 57455 | GB13: 1.614 | GC13: 65000 | GD13: 161.4 | GE13: 2639 | GF13: 1645.15 | GG13: 1128.186 | GH13: 4755.2249 | GI13: 94139 | GJ13: 93346 | GK13: 4775 | GL13: 567.98625 | GM13: 120.85525 | GN13: 739.54281 | GO13: 47374 | GP13: 47282 | GQ13: 3.976 | GR13: 11640 | GS13: 159.04 | GT13: 472.584 | GU13: 294.6084 | GV13: 1111.6896 | GW13: 944.63088 | GX13: 89215 | GY13: 7029.4701 | GZ13: 2403.4416 | HA13: 9432.9117 | HC13: 1514099 | HD13: 109584.37 | HE13: 24553.493 | HF13: 134137.86 | HG13: =SUM(HE13-HE9)*40 -> 59722.56 | HH13: =SUM(HF13)*40 -> 5365514.4 | HI13: =SUM(HG13*0.0406) -> 2424.7359 | HJ13: =SUM(HG13*0.02531) -> 1511.578 | HK13: =SUM(HH13*6.99) -> 37504945 | HL13: =SUM(HJ13+HI13+20)*1.2 -> 4747.5767 | HM13: =SUM(GI13+GR13+GZ13+HG13) -> 167905 | HN13: =SUM(HL13+HC13+GW13+GN13) -> 1520530.8 | HO13: =SUM(GM13+GV13+HK13) -> 37506178 | HP13: =SUM(HN13:HO13) -> 39026709 | HR13: =(FZ13+HM13) -> 225473 | HS13: =(GA13+HN13) -> 1577985.8 | HT13: =(GB13+HO13) -> 37506180 | HU13: =(HS13+HT13) -> 39084165
B14: 43898 | C14: 2040 | D14: 89161 | E14: 2.233 | F14: 53440 | G14: 84863 | H14: 2.426 | I14: 54880 | J14: 10079 | K14: 0.324 | L14: 13600 | M14: 9945 | N14: 0.254 | O14: 13200 | P14: 10660 | Q14: 0.298 | R14: 13600 | S14: 69629 | T14: 2.252 | U14: 60000 | V14: 66075 | W14: 2.007 | X14: 49800 | Y14: 16538 | Z14: 0.637 | AA14: 9760 | AB14: 11259 | AC14: 0.347 | AD14: 4960 | AE14: 84527 | AF14: 2.065 | AG14: 55200 | AH14: 15975 | AI14: 0.328 | AJ14: 1800 | AK14: 53811 | AL14: 470 | AO14: 330710 | AP14: 57000 | AQ14: 0.17235645 | AT14: 43898 | AU14: 57706 | AV14: 13800 | AW14: 7300 | AX14: 1700 | AY14: 95088 | AZ14: 949 | BA14: 47454 | BB14: 3200 | BE14: 19649 | BK14: 53811 | BO14: 84863 | BX14: 89161 | CG14: 69629 | CP14: 15975 | CY14: 66075 | DH14: 9945 | DQ14: 69629 | DZ14: 10660 | EI14: 16538 | ER14: 11259 | FA14: 84527 | FQ14: 7300 | FZ14: 57706 | GI14: 95088 | GO14: 47454
B15: 43905 | C15: 1354 | D15: 89452 | E15: 2.233 | F15: 46560 | G15: 85157 | H15: 2.426 | I15: 47040 | J15: 10106 | K15: 0.324 | L15: 10800 | M15: 9972 | N15: 0.254 | O15: 10800 | P15: 10688 | Q15: 0.298 | R15: 11200 | S15: 69797 | T15: 2.252 | U15: 50400 | V15: 66254 | W15: 2.007 | X15: 53700 | Y15: 16575 | Z15: 0.637 | AA15: 5920 | AB15: 11285 | AC15: 0.347 | AD15: 4160 | AE15: 84772 | AF15: 2.065 | AG15: 49000 | AH15: 16015 | AI15: 0.328 | AJ15: 1600 | AK15: 54228 | AL15: 417 | AO15: 291597 | AP15: 50600 | AQ15: 0.17352716 | AT15: 43905 | AU15: 57846 | AV15: 14000 | AW15: 7317 | AX15: 1700 | AY15: 95939 | AZ15: 851 | BA15: 47562 | BB15: 4320 | BE15: 20871 | BK15: 54228 | BO15: 85157 | BX15: 89452 | CG15: 69797 | CP15: 16015 | CY15: 66254 | DH15: 9972 | DQ15: 69797 | DZ15: 10688 | EI15: 16575 | ER15: 11285 | FA15: 84772 | FQ15: 7317 | FZ15: 57846 | GI15: 95939 | GO15: 47562
B16: 43912 | C16: 242 | D16: 89712 | E16: 1.536 | F16: 41600 | G16: 85419 | H16: 1.783 | I16: 41920 | J16: 10127 | K16: 0.1 | L16: 8400 | M16: 9994 | N16: 0.115 | O16: 8800 | P16: 10710 | Q16: 0.111 | R16: 8800 | S16: 69979 | T16: 1.417 | U16: 54600 | V16: 66420 | W16: 1.645 | X16: 49800 | Y16: 16604 | Z16: 0.212 | AA16: 4640 | AB16: 11300 | AC16: 0.102 | AD16: 2400 | AE16: 85007 | AF16: 1.7 | AG16: 47000 | AH16: 16054 | AI16: 0.298 | AJ16: 1560 | AK16: 54638 | AL16: 410 | AO16: 269930 | AP16: 48560 | AQ16: 0.17989849 | AT16: 43912 | AU16: 57988 | AV16: 14200 | AW16: 7333 | AX16: 1600 | AY16: 96790 | AZ16: 851 | BA16: 47645 | BB16: 3320 | BE16: 19971 | BK16: 54638 | BO16: 85419 | BX16: 89712 | CG16: 69979 | CP16: 16054 | CY16: 66420 | DH16: 9994 | DQ16: 69979 | DZ16: 10710 | EI16: 16604 | ER16: 11300 | FA16: 85007 | FQ16: 7333 | FZ16: 57988 | GI16: 96790 | GO16: 47645
B17: 43919 | C17: 0 | D17: 89858 | E17: 1.536 | F17: 23360 | G17: 85569 | H17: 1.783 | I17: 24000 | J17: 10141 | K17: 1.15 | L17: 5600 | M17: 10009 | N17: 1.23 | O17: 6000 | P17: 10723 | Q17: 0.111 | R17: 5200 | S17: 70116 | T17: 1.451 | U17: 41100 | V17: 66514 | W17: 1.645 | X17: 28200 | Y17: 16626 | Z17: 0.212 | AA17: 3520 | AB17: 11307 | AC17: 0.102 | AD17: 1120 | AE17: 85132 | AF17: 1.7 | AG17: 25000 | AH17: 16085 | AI17: 0.301 | AJ17: 1240 | AK17: 54918 | AL17: 280 | AO17: 164620 | AP17: 26240 | AQ17: 0.1593974 | AT17: 43919 | AU17: 58064 | AV17: 7600 | AW17: 7350 | AX17: 1700 | AY17: 97134 | AZ17: 344 | BA17: 47737 | BB17: 3680 | BE17: 13324 | BK17: 54918 | BL17: 54675 | BM17: 1645 | BN17: 261.51539 | BO17: 85569 | BP17: 85488 | BQ17: 2.426 | BR17: 191520 | BS17: 388.16 | BT17: 7775.712 | BU17: 4847.3712 | BV17: 2713.2384 | BW17: 13759.161 | BX17: 89858 | BY17: 89781 | BZ17: 2.233 | CA17: 188160 | CB17: 357.28 | CC17: 7639.296 | CD17: 4762.3296 | CE17: 2497.3872 | CF17: 13415.356 | CG17: 70116 | CH17: 70037 | CI17: 2.252 | CJ17: 218100 | CK17: 675.6 | CL17: 8854.86 | CM17: 5520.111 | CN17: 4722.444 | CO17: 15690.518 | CP17: 16085 | CQ17: 16068 | CR17: 0.328 | CS17: 6680 | CT17: 13.12 | CU17: 271.208 | CV17: 169.0708 | CW17: 91.7088 | CX17: 501.70389 | CY17: 66514 | CZ17: 66449 | DA17: 2.007 | DB17: 188700 | DC17: 602.1 | DD17: 7661.22 | DE17: 4775.997 | DF17: 4208.679 | DG17: 13516.08 | DH17: 10009 | DI17: 10001 | DJ17: 0.254 | DK17: 44400 | DL17: 101.6 | DM17: 1802.64 | DN17: 1123.764 | DO17: 710.184 | DP17: 3211.5804 | DQ17: 70116 | DR17: 10133 | DS17: 0.324 | DT17: 46000 | DU17: 129.6 | DV17: 1867.6 | DW17: 1164.26 | DX17: 905.904 | DY17: 3326.5274 | DZ17: 10723 | EA17: 10716 | EB17: 0.298 | EC17: 45600 | ED17: 119.2 | EE17: 1851.36 | EF17: 1154.136 | EG17: 833.208 | EH17: 3297.7906 | EI17: 16626 | EJ17: 16614 | EK17: 0.637 | EL17: 27680 | EM17: 101.92 | EN17: 1123.808 | EO17: 700.5808 | EP17: 712.4208 | EQ17: 2010.3838 | ER17: 11307 | ES17: 11304 | ET17: 0.347 | EU17: 15520 | EV17: 55.52 | EW17: 630.112 | EX17: 392.8112 | EY17: 388.0848 | EZ17: 1136.7863 | FA17: 85132 | FB17: 85061 | FC17: 2.065 | FD17: 199400 | FE17: 413 | FF17: 8095.64 | FG17: 5046.814 | FH17: 2886.87 | FI17: 14347.075 | FK17: 1173405 | FL17: 84474.478 | FM17: 20670.129 | FN17: 105144.61 | FQ17: 7350 | FR17: 7336 | FS17: 0.225 | FT17: 6700 | FU17: 22.5 | FV17: 272.02 | FW17: 169.577 | FX17: 157.275 | FY17: 509.97237 | FZ17: 58064 | GA17: 58001 | GB17: 1.599 | GC17: 54600 | GD17: 159.9 | GE17: 2216.76 | GF17: 1381.926 | GG17: 1117.701 | GH17: 3997.9243 | GI17: 97134 | GJ17: 96920 | GK17: 3574 | GL17: 425.1273 | GM17: 90.45794 | GN17: 554.15861 | GO17: 47737 | GP17: 47671 | GQ17: 3.974 | GR17: 15560 | GS17: 158.96 | GT17: 631.736 | GU17: 393.8236 | GV17: 1111.1304 | GW17: 1254.6715 | GX17: 80434 | GY17: 6316.7268 | GZ17: 2386.1064 | HA17: 8702.8332 | HC17: 1253839 | HD17: 90791.205 | HE17: 23056.235 | HF17: 113847.44 | HG17: =SUM(HE17-HE13)*40 -> -59890.32 | HH17: =SUM(HF17)*40 -> 4553897.6 | HI17: =SUM(HG17*0.0406) -> -2431.547 | HJ17: =SUM(HG17*0.02531) -> -1515.824 | HK17: =SUM(HH17*6.99) -> 31831744 | HL17: =SUM(HJ17+HI17+20)*1.2 -> -4712.8452 | HM17: =SUM(GI17+GR17+GZ17+HG17) -> 55189.786 | HN17: =SUM(HL17+HC17+GW17+GN17) -> 1250935 | HO17: =SUM(GM17+GV17+HK17) -> 31832946 | HP17: =SUM(HN17:HO17) -> 33083881 | HR17: =(FZ17+HM17) -> 113253.79 | HS17: =(GA17+HN17) -> 1308936 | HT17: =(GB17+HO17) -> 31832947 | HU17: =(HS17+HT17) -> 33141883
B18: 43922 | C18: 0 | D18: 89897 | E18: 1.536 | F18: 6240 | G18: 85610 | H18: 1.783 | I18: 6560 | J18: 10145 | K18: 1.15 | L18: 1600 | M18: 10013 | N18: 1.23 | O18: 1600 | P18: 10727 | Q18: 0.111 | R18: 1600 | S18: 70158 | T18: 1.451 | U18: 12600 | V18: 66537 | W18: 1.645 | X18: 6900 | Y18: 16632 | Z18: 0.212 | AA18: 960 | AB18: 11309 | AC18: 0.102 | AD18: 320 | AE18: 85164 | AF18: 1.7 | AG18: 6400 | AH18: 16094 | AI18: 0.301 | AJ18: 360 | AK18: 54990 | AL18: 72 | AO18: 45212 | AP18: 6760 | AQ18: 0.14951783 | AR18: 1102069 | AT18: 43922 | AU18: 58086 | AV18: 2200 | AW18: 7355 | AX18: 500 | AY18: 97225 | AZ18: 91 | BA18: 47783 | BB18: 1840 | BE18: 4631 | BF18: 78446 | BG18: 1180515 | BK18: 54990 | BO18: 85610 | BX18: 89897 | CG18: 70158 | CP18: 16094 | CY18: 66537 | DH18: 10013 | DQ18: 70158 | DZ18: 10727 | EI18: 16632 | ER18: 11309 | FA18: 85164 | FQ18: 7355 | FZ18: 58086 | GI18: 97225 | GO18: 47783
B19: 43926 | C19: 0 | D19: 89959 | E19: 1.536 | F19: 9920 | G19: 85708 | H19: 1.783 | I19: 15680 | J19: 10154 | K19: 1.6 | L19: 3600 | M19: 10023 | N19: 1.3 | O19: 4000 | P19: 10735 | Q19: 1.46 | R19: 3200 | S19: 70231 | T19: 1.451 | U19: 21900 | V19: 66597 | W19: 1.645 | X19: 18000 | Y19: 16647 | Z19: 0.212 | AA19: 2400 | AB19: 11313 | AC19: 0.102 | AD19: 640 | AE19: 85244 | AF19: 1.7 | AG19: 16000 | AH19: 16115 | AI19: 0.301 | AJ19: 840 | AK19: 55165 | AL19: 175 | AO19: 96355 | AP19: 16840 | AQ19: 0.17477038 | AT19: 43926 | AU19: 58135 | AV19: 4900 | AW19: 7367 | AX19: 1200 | AY19: 97442 | AZ19: 217 | BA19: 47858 | BB19: 3000 | BE19: 9317 | BK19: 55165 | BO19: 85708 | BX19: 89959 | CG19: 70231 | CP19: 16115 | CY19: 66597 | DH19: 10023 | DQ19: 70231 | DZ19: 10735 | EI19: 16647 | ER19: 11313 | FA19: 85244 | FQ19: 7367 | FZ19: 58135 | GI19: 97442 | GO19: 47858
B20: 43933 | C20: 0 | D20: 90115 | E20: 1.536 | F20: 24960 | G20: 85848 | H20: 1.783 | I20: 22400 | J20: 10166 | K20: 1.6 | L20: 4800 | M20: 10036 | N20: 1.3 | O20: 5200 | P20: 10746 | Q20: 1.46 | R20: 4400 | S20: 70361 | T20: 1.451 | U20: 39000 | V20: 66654 | W20: 1.645 | X20: 17100 | Y20: 16666 | Z20: 0.212 | AA20: 3040 | AB20: 11317 | AC20: 0.102 | AD20: 640 | AE20: 85357 | AF20: 1.7 | AG20: 22600 | AH20: 16143 | AI20: 0.301 | AJ20: 1120 | AK20: 55395 | AL20: 230 | AO20: 145490 | AP20: 23720 | AQ20: 0.16303526 | AT20: 43933 | AU20: 58202 | AV20: 6700 | AW20: 7384 | AX20: 1700 | AY20: 97662 | AZ20: 220 | BA20: 47984 | BB20: 5040 | BE20: 13660 | BK20: 55395 | BO20: 85848 | BX20: 90115 | CG20: 70361 | CP20: 16143 | CY20: 66654 | DH20: 10036 | DQ20: 70361 | DZ20: 10746 | EI20: 16666 | ER20: 11317 | FA20: 85357 | FQ20: 7384 | FZ20: 58202 | GI20: 97662 | GO20: 47984
B21: 43940 | C21: 0 | D21: 90238 | E21: 1.536 | F21: 19680 | G21: 85989 | H21: 1.783 | I21: 22560 | J21: 10179 | K21: 1.6 | L21: 5200 | M21: 10049 | N21: 1.3 | O21: 5200 | P21: 10758 | Q21: 1.46 | R21: 4800 | S21: 70489 | T21: 1.451 | U21: 38400 | V21: 66749 | W21: 1.645 | X21: 28500 | Y21: 16684 | Z21: 0.212 | AA21: 2880 | AB21: 11321 | AC21: 0.102 | AD21: 640 | AE21: 85473 | AF21: 1.7 | AG21: 23200 | AH21: 16173 | AI21: 0.301 | AJ21: 1200 | AK21: 55636 | AL21: 241 | AO21: 152501 | AP21: 24400 | AQ21: 0.15999895 | AT21: 43940 | AU21: 58291 | AV21: 8900 | AW21: 7403 | AX21: 1900 | AY21: 97922 | AZ21: 260 | BA21: 48014 | BB21: 1200 | BE21: 12260 | BK21: 55636 | BO21: 85989 | BX21: 90238 | CG21: 70489 | CP21: 16173 | CY21: 66749 | DH21: 10049 | DQ21: 70489 | DZ21: 10758 | EI21: 16684 | ER21: 11321 | FA21: 85473 | FQ21: 7403 | FZ21: 58291 | GI21: 97922 | GO21: 48014
B22: 43947 | C22: 0 | D22: 90362 | E22: 0.915 | F22: 19840 | G22: 86133 | H22: 1.18 | I22: 23040 | J22: 10193 | K22: 0.09 | L22: 5600 | M22: 10062 | N22: 0.87 | O22: 5200 | P22: 10770 | Q22: 0.81 | R22: 4800 | S22: 70544 | T22: 1.289 | U22: 16500 | V22: 66923 | W22: 1.659 | X22: 52200 | Y22: 16702 | Z22: 0.119 | AA22: 2880 | AB22: 11325 | AC22: 0.061 | AD22: 640 | AE22: 85590 | AF22: 0.889 | AG22: 23400 | AH22: 16201 | AI22: 0.244 | AJ22: 1120 | AK22: 55876 | AL22: 240 | AO22: 155460 | AP22: 24520 | AQ22: 0.15772546 | AT22: 43947 | AU22: 58358 | AV22: 6700 | AW22: 7417 | AX22: 1400 | AY22: 98110 | AZ22: 188 | BA22: 48049 | BB22: 1400 | BE22: 9688 | BK22: 55876 | BO22: 86133 | BX22: 90362 | CG22: 70544 | CP22: 16201 | CY22: 66923 | DH22: 10062 | DQ22: 70544 | DZ22: 10770 | EI22: 16702 | ER22: 11325 | FA22: 85590 | FQ22: 7417 | FZ22: 58358 | GI22: 98110 | GO22: 48049
B23: 43952 | C23: 0 | D23: 90433 | E23: 0.915 | F23: 11360 | G23: 86220 | H23: 1.271 | I23: 13920 | J23: 10199 | K23: 1.07 | L23: 2400 | M23: 10070 | N23: 1.17 | O23: 3200 | P23: 10776 | Q23: 0.98 | R23: 2400 | S23: 70578 | T23: 1.289 | U23: 10200 | V23: 66983 | W23: 1.659 | X23: 18000 | Y23: 16712 | Z23: 1.24 | AA23: 1600 | AB23: 11327 | AC23: 0.061 | AD23: 320 | AE23: 85654 | AF23: 0.889 | AG23: 12800 | AH23: 16219 | AI23: 0.28 | AJ23: 720 | AK23: 56024 | AL23: 148 | AO23: 77068 | AP23: 13520 | AQ23: 0.17542949 | AR23: 626874 | AT23: 43952 | AU23: 58420 | AV23: 6200 | AW23: 7430 | AX23: 1300 | AY23: 98267 | AZ23: 157 | BA23: 48106 | BB23: 2280 | BE23: 9937 | BF23: 54862 | BG23: 681736 | BK23: 56024 | BL23: 55637 | BM23: 962 | BN23: 169.23867 | BO23: 86220 | BP23: 86018 | BQ23: 2.426 | BR23: 84800 | BS23: 388.16 | BT23: 4371.44 | BU23: 1776.56 | BV23: 2984.5622 | BW23: 6824.28 | BX23: 90433 | BY23: 90264 | BZ23: 2.233 | CA23: 77280 | CB23: 357.28 | CC23: 3983.784 | CD23: 1619.016 | CE23: 2747.1259 | CF23: 6241.308 | CG23: 70578 | CH23: 70493 | CI23: 2.252 | CJ23: 136800 | CK23: 675.6 | CL23: 7052.04 | CM23: 2865.96 | CN23: 5194.6884 | CO23: 11031.18 | CP23: 16219 | CQ23: 16176 | CR23: 0.328 | CS23: 4320 | CT23: 13.12 | CU23: 222.696 | CV23: 90.504 | CW23: 100.87968 | CX23: 369.852 | CY23: 66983 | CZ23: 66771 | DA23: 2.007 | DB23: 96600 | DC23: 602.1 | DD23: 4979.73 | DE23: 2023.77 | DF23: 4629.5469 | DG23: 7866.32 | DH23: 10070 | DI23: 10052 | DJ23: 0.254 | DK23: 20400 | DL23: 101.6 | DM23: 1051.62 | DN23: 427.38 | DO23: 781.2024 | DP23: 1678.88 | DQ23: 70578 | DR23: 10182 | DS23: 0.324 | DT23: 19600 | DU23: 129.6 | DV23: 1010.38 | DW23: 410.62 | DX23: 996.4944 | DY23: 1613.92 | DZ23: 10776 | EA23: 10761 | EB23: 0.298 | EC23: 18000 | ED23: 119.2 | EE23: 927.9 | EF23: 377.1 | EG23: 916.5288 | EH23: 1484 | EI23: 16712 | EJ23: 16686 | EK23: 0.637 | EL23: 11520 | EM23: 101.92 | EN23: 593.856 | EO23: 241.344 | EP23: 783.66288 | EQ23: 957.824 | ER23: 11327 | ES23: 11322 | ET23: 0.347 | EU23: 2880 | EV23: 55.52 | EW23: 148.464 | EX23: 60.336 | EY23: 426.89328 | EZ23: 256.256 | FA23: 85654 | FB23: 85483 | FC23: 2.065 | FD23: 84400 | FE23: 413 | FF23: 4350.82 | FG23: 1768.18 | FH23: 3175.557 | FI23: 6875.68 | FK23: 557562 | FL23: 45368.739 | FM23: 22737.142 | FN23: 68105.881 | FQ23: 7430 | FR23: 7401 | FS23: 0.225 | FT23: 6500 | FU23: 22.5 | FV23: 335.075 | FW23: 136.175 | FX23: 173.0025 | FY23: 542.733 | FZ23: 58420 | GA23: 58281 | GB23: 1.599 | GC23: 28000 | GD23: 159.9 | GE23: 1443.4 | GF23: 586.6 | GG23: 1229.4711 | GH23: 2264.84 | GI23: 98267 | GJ23: 97983 | GK23: 1063 | GL23: 146.40699 | GM23: 22.26985 | GN23: 182.96662 | GO23: 48106 | GP23: 48036 | GQ23: 3.454 | GR23: 14600 | GS23: 138.16 | GT23: 752.63 | GU23: 305.87 | GV23: 1062.3122 | GW23: 1294.2 | GX23: 50163 | GY23: 4284.7396 | GZ23: 2464.7858 | HA23: 6749.5255 | HC23: 607725 | HD23: 49653.478 | HE23: 25201.928 | HF23: 74855.406 | HG23: =SUM(HE23-HE17)*40 -> 85827.694 | HH23: =SUM(HF23)*40 -> 2994216.2 | HI23: =SUM(HG23*0.05155) -> 4424.4176 | HJ23: =SUM(HG23*0.02095) -> 1798.0902 | HK23: =SUM(HH23*7.689) -> 23022529 | HL23: =SUM(HJ23+HI23+20)*1.2 -> 7491.0093 | HM23: =SUM(GI23+GR23+GZ23+HG23) -> 201159.48 | HN23: =SUM(HL23+HC23+GW23+GN23) -> 616693.18 | HO23: =SUM(GM23+GV23+HK23) -> 23023613 | HP23: =SUM(HN23:HO23) -> 23640306 | HR23: =(FZ23+HM23) -> 259579.48 | HS23: =(GA23+HN23) -> 674974.18 | HT23: =(GB23+HO23) -> 23023615 | HU23: =(HS23+HT23) -> 23698589 | HW23: 0.05155 | HX23: 0.02095 | HY23: 7.689
B24: 43955 | C24: 0 | D24: 90479 | E24: 0.915 | F24: 7360 | G24: 86276 | H24: 1.271 | I24: 8960 | J24: 10203 | K24: 1.07 | L24: 1600 | M24: 10074 | N24: 1.17 | O24: 1600 | P24: 10780 | Q24: 0.98 | R24: 1600 | S24: 70588 | T24: 1.289 | U24: 3000 | V24: 67028 | W24: 1.659 | X24: 13500 | Y24: 16719 | Z24: 1.24 | AA24: 1120 | AB24: 11329 | AC24: 0.061 | AD24: 320 | AE24: 85692 | AF24: 0.889 | AG24: 7600 | AH24: 16230 | AI24: 0.28 | AJ24: 440 | AK24: 56107 | AL24: 83 | AO24: 47183 | AP24: 8040 | AQ24: 0.17040036 | AT24: 43955 | AU24: 58430 | AV24: 1000 | AW24: 7432 | AX24: 200 | AY24: 98294 | AZ24: 27 | BA24: 48125 | BB24: 760 | BE24: 1987 | BK24: 56107 | BO24: 86276 | BX24: 90479 | CG24: 70588 | CP24: 16230 | CY24: 67028 | DH24: 10074 | DQ24: 70588 | DZ24: 10780 | EI24: 16719 | ER24: 11329 | FA24: 85692 | FQ24: 7432 | FZ24: 58430 | GI24: 98294 | GO24: 48125 | HW24: =SUM(HW23/#REF!) -> #REF! | HX24: =SUM(HX23/#REF!) -> #REF! | HY24: =SUM(HY23/#REF!) -> #REF!
B25: 43961 | C25: 0 | D25: 90602 | E25: 0.915 | F25: 19680 | G25: 86429 | H25: 1.271 | I25: 24480 | J25: 10212 | K25: 1.07 | L25: 3600 | M25: 10086 | N25: 1.17 | O25: 4800 | P25: 10789 | Q25: 0.98 | R25: 3600 | S25: 70619 | T25: 1.289 | U25: 9300 | V25: 67177 | W25: 1.659 | X25: 44700 | Y25: 16737 | Z25: 1.3 | AA25: 2880 | AB25: 11333 | AC25: 0.76 | AD25: 640 | AE25: 85810 | AF25: 0.889 | AG25: 23600 | AH25: 16259 | AI25: 0.28 | AJ25: 1160 | AK25: 56343 | AL25: 236 | AO25: 138676 | AP25: 24760 | AQ25: 0.17854567 | AT25: 43961 | AU25: 58525 | AV25: 9500 | AW25: 7450 | AX25: 1800 | AY25: 99018 | AZ25: 724 | BA25: 48215 | BB25: 3600 | BE25: 15624 | BK25: 56343 | BO25: 86429 | BX25: 90602 | CG25: 70619 | CP25: 16259 | CY25: 67177 | DH25: 10086 | DQ25: 70619 | DZ25: 10789 | EI25: 16737 | ER25: 11333 | FA25: 85810 | FQ25: 7450 | FZ25: 58525 | GI25: 99018 | GO25: 48215
B26: 43968 | C26: 0 | D26: 90722 | E26: 0.915 | F26: 19200 | G26: 86578 | H26: 1.271 | I26: 23840 | J26: 10222 | K26: 1.07 | L26: 4000 | M26: 10098 | N26: 1.17 | O26: 4800 | P26: 10799 | Q26: 0.98 | R26: 4000 | S26: 70734 | T26: 1.289 | U26: 34500 | V26: 67263 | W26: 1.659 | X26: 25800 | Y26: 16755 | Z26: 1.3 | AA26: 2880 | AB26: 11338 | AC26: 0.76 | AD26: 800 | AE26: 85924 | AF26: 0.889 | AG26: 22800 | AH26: 16281 | AI26: 0.28 | AJ26: 880 | AK26: 56572 | AL26: 229 | AO26: 143729 | AP26: 23680 | AQ26: 0.1647545 | AT26: 43968 | AU26: 58632 | AV26: 10700 | AW26: 7467 | AX26: 1700 | AY26: 99692 | AZ26: 674 | BA26: 48403 | BB26: 7520 | BE26: 20594 | BK26: 56572 | BO26: 86578 | BX26: 90722 | CG26: 70734 | CP26: 16281 | CY26: 67263 | DH26: 10098 | DQ26: 70734 | DZ26: 10799 | EI26: 16755 | ER26: 11338 | FA26: 85924 | FQ26: 7467 | FZ26: 58632 | GI26: 99692 | GO26: 48403
B27: 43975 | C27: 0 | D27: 90843 | E27: 0.878 | F27: 19360 | G27: 86729 | H27: 1.226 | I27: 24160 | J27: 10232 | K27: 0.67 | L27: 4000 | M27: 10110 | N27: 0.81 | O27: 4800 | P27: 10809 | Q27: 0.72 | R27: 4000 | S27: 70825 | T27: 0.765 | U27: 27300 | V27: 67419 | W27: 1.703 | X27: 46800 | Y27: 16772 | Z27: 1.24 | AA27: 2720 | AB27: 11342 | AC27: 0.78 | AD27: 640 | AE27: 86039 | AF27: 0.82 | AG27: 23000 | AH27: 16306 | AI27: 0.255 | AJ27: 1000 | AK27: 56791 | AL27: 219 | AO27: 157999 | AP27: 24000 | AQ27: 0.1518997 | AT27: 43975 | AU27: 58750 | AV27: 11800 | AW27: 7486 | AX27: 1900 | AY27: 100399 | AZ27: 707 | BA27: 48488 | BB27: 3400 | BE27: 17807 | BK27: 56791 | BO27: 86729 | BX27: 90843 | CG27: 70825 | CP27: 16306 | CY27: 67419 | DH27: 10110 | DQ27: 70825 | DZ27: 10809 | EI27: 16772 | ER27: 11342 | FA27: 86039 | FQ27: 7486 | FZ27: 58750 | GI27: 100399 | GO27: 48488
B28: 43983 | C28: 0 | D28: 90968 | E28: 0.891 | F28: 20000 | G28: 86883 | H28: 1.258 | I28: 24640 | J28: 10241 | K28: 0.75 | L28: 3600 | M28: 10121 | N28: 0.81 | O28: 4400 | P28: 10820 | Q28: 0.78 | R28: 4400 | S28: 70948 | T28: 1.313 | U28: 36900 | V28: 67563 | W28: 1.805 | X28: 43200 | Y28: 16791 | Z28: 1.54 | AA28: 3040 | AB28: 11345 | AC28: 0.49 | AD28: 480 | AE28: 86161 | AF28: 0.941 | AG28: 24400 | AH28: 16334 | AI28: 0.289 | AJ28: 1120 | AK28: 57014 | AL28: 223 | AO28: 166403 | AP28: 25520 | AQ28: 0.15336262 | AR28: 653990 | AT28: 43983 | AU28: 58879 | AV28: 12900 | AW28: 7503 | AX28: 1700 | AY28: 1110 | AZ28: 711 | BA28: 48513 | BB28: 1000 | BE28: 16311 | BF28: 72323 | BG28: 726313 | BK28: 57014 | BL28: 56811 | BM28: 1174 | BN28: 205.90645 | BO28: 86883 | BP28: 86775 | BQ28: 1.271 | BR28: 121120 | BS28: 203.36 | BT28: 6243.736 | BU28: 2537.464 | BV28: 1563.635 | BW28: 9747.132 | BX28: 90968 | BY28: 90883 | BZ28: 0.924 | CA28: 99040 | CB28: 147.84 | CC28: 5105.512 | CD28: 2074.888 | CE28: 1136.7418 | CF28: 7992.444 | CG28: 70948 | CH28: 70846 | CI28: 1.29 | CJ28: 105900 | CK28: 387 | CL28: 5459.145 | CM28: 2218.605 | CN28: 2975.643 | CO28: 8544.5025 | CP28: 16334 | CQ28: 16315 | CR28: 0.28 | CS28: 5560 | CT28: 11.2 | CU28: 286.618 | CV28: 116.482 | CW28: 86.1168 | CX28: 469.641 | CY28: 67563 | CZ28: 67480 | DA28: 1.659 | DB28: 212700 | DC28: 497.7 | DD28: 10964.685 | DE28: 4456.065 | DF28: 3826.8153 | DG28: 17293.64 | DH28: 10121 | DI28: 10113 | DJ28: 0.117 | DK28: 24400 | DL28: 46.8 | DM28: 1257.82 | DN28: 511.18 | DO28: 359.8452 | DP28: 2003.68 | DQ28: 70948 | DR28: 10235 | DS28: 0.107 | DT28: 21200 | DU28: 42.8 | DV28: 1092.86 | DW28: 444.14 | DX28: 329.0892 | DY28: 1743.84 | DZ28: 10820 | EA28: 10813 | EB28: 0.098 | EC28: 20800 | ED28: 39.2 | EE28: 1072.24 | EF28: 435.76 | EG28: 301.4088 | EH28: 1711.36 | EI28: 16791 | EJ28: 16778 | EK28: 0.131 | EL28: 14720 | EM28: 20.96 | EN28: 758.816 | EO28: 308.384 | EP28: 161.16144 | EQ28: 1217.664 | ER28: 11345 | ES28: 11343 | ET28: 0.076 | EU28: 3360 | EV28: 12.16 | EW28: 173.208 | EX28: 70.392 | EY28: 93.49824 | EZ28: 295.232 | FA28: 86161 | FB28: 86076 | FC28: 0.976 | FD28: 118600 | FE28: 195.2 | FF28: 6113.83 | FG28: 2484.67 | FH28: 1500.8928 | FI28: 9652.72 | FK28: 748574 | FL28: 60877.762 | FM28: 12334.848 | FN28: 73212.61 | FQ28: 7503 | FR28: 7491 | FS28: 0.257 | FT28: 9000 | FU28: 25.7 | FV28: 463.95 | FW28: 188.55 | FX28: 197.6073 | FY28: 742.978 | FZ28: 58879 | GA28: 58783 | GB28: 1.341 | GC28: 50200 | GD28: 134.1 | GE28: 2587.81 | GF28: 1051.69 | GG28: 1031.0949 | GH28: 4043.0156 | GI28: 1110 | GJ28: 601 | GK28: 2618 | GL28: 360.57714 | GM28: 54.8471 | GN28: 446.98634 | GO28: 48513 | GP28: 48494 | GQ28: 3.655 | GR28: 18320 | GS28: 146.2 | GT28: 944.396 | GU28: 383.804 | GV28: 1124.1318 | GW28: 1617.84 | GX28: 80138 | GY28: 6850.8199 | GZ28: 2352.834 | HA28: 9203.6539 | HC28: 828712 | HD28: 67728.582 | HE28: 14687.682 | HF28: 82416.263 | HG28: =SUM(HE28-HE23)*40 -> -420569.85 | HH28: =SUM(HF28)*40 -> 3296650.5 | HI28: =SUM(HG28*0.05155) -> -21680.376 | HJ28: =SUM(HG28*0.02095) -> -8810.9383 | HK28: =SUM(HH28*7.689) -> 25347946 | HL28: =SUM(HJ28+HI28+20)*1.2 -> -36565.577 | HM28: =SUM(GI28+GR28+GZ28+HG28) -> -398787.01 | HN28: =SUM(HL28+HC28+GW28+GN28) -> 794211.25 | HO28: =SUM(GM28+GV28+HK28) -> 25349125 | HP28: =SUM(HN28:HO28) -> 26143336 | HR28: =(FZ28+HM28) -> -339908.01 | HS28: =(GA28+HN28) -> 852994.25 | HT28: =(GB28+HO28) -> 25349126 | HU28: =(HS28+HT28) -> 26202121
B29: 43990 | C29: 0 | D29: 91089 | E29: 0.982 | F29: 19360 | G29: 87032 | H29: 1.324 | I29: 23840 | J29: 10251 | K29: 0.75 | L29: 4000 | M29: 10132 | N29: 0.81 | O29: 4400 | P29: 10831 | Q29: 0.78 | R29: 4400 | S29: 71035 | T29: 1.3144 | U29: 26100 | V29: 67748 | W29: 1.805 | X29: 55500 | Y29: 16810 | Z29: 1.54 | AA29: 3040 | AB29: 11350 | AC29: 0.69 | AD29: 800 | AE29: 86276 | AF29: 0.941 | AG29: 23000 | AH29: 16359 | AI29: 0.289 | AJ29: 1000 | AK29: 57082 | AL29: 68 | AO29: 165508 | AP29: 24000 | AQ29: 0.1450081 | AT29: 43990 | AU29: 59007 | AV29: 12800 | AW29: 7521 | AX29: 1800 | AY29: 1931 | AZ29: 821 | BA29: 48553 | BB29: 1600 | BE29: 17021 | BK29: 57082 | BO29: 87032 | BX29: 91089 | CG29: 71035 | CP29: 16359 | CY29: 67748 | DH29: 10132 | DQ29: 71035 | DZ29: 10831 | EI29: 16810 | ER29: 11350 | FA29: 86276 | FQ29: 7521 | FZ29: 59007 | GI29: 1931 | GO29: 48553
B30: 43997 | C30: 0 | D30: 91217 | E30: 1.059 | F30: 20480 | G30: 87191 | H30: 1.324 | I30: 25440 | J30: 10262 | K30: 0.078 | L30: 4400 | M30: 10144 | N30: 0.81 | O30: 4800 | P30: 10842 | Q30: 0.85 | R30: 4400 | S30: 71220 | T30: 1.741 | U30: 55500 | V30: 67865 | W30: 1.805 | X30: 35100 | Y30: 16833 | Z30: 1.79 | AA30: 3680 | AB30: 11355 | AC30: 0.77 | AD30: 800 | AE30: 86399 | AF30: 0.948 | AG30: 24600 | AH30: 16386 | AI30: 0.289 | AJ30: 1080 | AK30: 57427 | AL30: 345 | AO30: 180625 | AP30: 25680 | AQ30: 0.14217301 | AT30: 43997 | AU30: 59137 | AV30: 13000 | AW30: 7540 | AX30: 1900 | AY30: 2792 | AZ30: 861 | BA30: 48577 | BB30: 960 | BE30: 16721 | BK30: 57427 | BO30: 87191 | BX30: 91217 | CG30: 71220 | CP30: 16386 | CY30: 67865 | DH30: 10144 | DQ30: 71220 | DZ30: 10842 | EI30: 16833 | ER30: 11355 | FA30: 86399 | FQ30: 7540 | FZ30: 59137 | GI30: 2792 | GO30: 48577
B31: 44004 | C31: 0 | D31: 91384 | E31: 1.125 | F31: 26720 | G31: 87384 | H31: 1.38 | I31: 30880 | J31: 10281 | K31: 1.65 | L31: 7600 | M31: 10164 | N31: 1.65 | O31: 8000 | P31: 10860 | Q31: 1.42 | R31: 7200 | S31: 71435 | T31: 2.033 | U31: 64500 | V31: 68036 | W31: 0.926 | X31: 51300 | Y31: 16861 | Z31: 1.99 | AA31: 4480 | AB31: 11363 | AC31: 1.27 | AD31: 1280 | AE31: 86541 | AF31: 0.839 | AG31: 28400 | AH31: 16421 | AI31: 0.255 | AJ31: 1400 | AK31: 57676 | AL31: 249 | AO31: 232009 | AP31: 29800 | AQ31: 0.12844329 | AT31: 44004 | AU31: 59275 | AV31: 13800 | AW31: 7559 | AX31: 1900 | AY31: 3694 | AZ31: 902 | BA31: 48701 | BB31: 4960 | BE31: 21562 | BK31: 57676 | BO31: 87384 | BX31: 91384 | CG31: 71435 | CP31: 16421 | CY31: 68036 | DH31: 10164 | DQ31: 71435 | DZ31: 10860 | EI31: 16861 | ER31: 11363 | FA31: 86541 | FQ31: 7559 | FZ31: 59275 | GI31: 3694 | GO31: 48701
B32: 44011 | C32: 0 | D32: 91553 | E32: 1.535 | F32: 27040 | G32: 87553 | H32: 1.0532 | I32: 27040 | J32: 10298 | K32: 1.65 | L32: 6800 | M32: 10181 | N32: 1.63 | O32: 6800 | P32: 10877 | Q32: 1.42 | R32: 6800 | S32: 71612 | T32: 2.033 | U32: 53100 | V32: 68245 | W32: 1.864 | X32: 62700 | Y32: 16890 | Z32: 2.53 | AA32: 4640 | AB32: 11374 | AC32: 1.37 | AD32: 1760 | AE32: 86684 | AF32: 1.468 | AG32: 28600 | AH32: 16451 | AI32: 0.305 | AJ32: 1200 | AK32: 57908 | AL32: 232 | AO32: 226712 | AP32: 29800 | AQ32: 0.1314443 | AT32: 44011 | AU32: 59413 | AV32: 13800 | AW32: 7578 | AX32: 1900 | AY32: 4506 | AZ32: 812 | BA32: 48808 | BB32: 4280 | BE32: 20792 | BK32: 57908 | BO32: 87553 | BX32: 91553 | CG32: 71612 | CP32: 16451 | CY32: 68245 | DH32: 10181 | DQ32: 71612 | DZ32: 10877 | EI32: 16890 | ER32: 11374 | FA32: 86684 | FQ32: 7578 | FZ32: 59413 | GI32: 4506 | GO32: 48808
B33: 44013 | C33: 79 | D33: 91605 | E33: 1.611 | F33: 8320 | G33: 87620 | H33: 1.665 | I33: 10720 | J33: 10302 | K33: 1.65 | L33: 1600 | M33: 10185 | N33: 1.65 | O33: 1600 | P33: 10882 | Q33: 1.42 | R33: 2000 | S33: 71679 | T33: 2.123 | U33: 20100 | V33: 68294 | W33: 1.884 | X33: 14700 | Y33: 16899 | Z33: 2.67 | AA33: 1440 | AB33: 11378 | AC33: 2.44 | AD33: 640 | AE33: 86748 | AF33: 1.887 | AG33: 12800 | AH33: 16459 | AI33: 0.305 | AJ33: 320 | AK33: 57962 | AL33: 54 | AO33: 74294 | AP33: 13120 | AQ33: 0.17659569 | AR33: 879148 | AT33: 44013 | AU33: 59452 | AV33: 3900 | AW33: 7585 | AX33: 700 | AY33: 4746 | AZ33: 240 | BA33: 48862 | BB33: 2160 | BE33: 7000 | BF33: 83096 | BG33: 962244 | BK33: 57962 | BL33: 57644 | BM33: 833 | BN33: 146.92668 | BO33: 87620 | BP33: 87398 | BQ33: 1.407 | BR33: 99680 | BS33: 225.12 | BT33: 5138.504 | BU33: 2088.296 | BV33: 1730.9477 | BW33: 8021.748 | BX33: 91605 | BY33: 91397 | BZ33: 1.28 | CA33: 82240 | CB33: 204.8 | CC33: 4239.472 | CD33: 1722.928 | CE33: 1574.7072 | CF33: 6640.464 | CG33: 71679 | CH33: 71452 | CI33: 1.965 | CJ33: 181800 | CK33: 589.5 | CL33: 9371.79 | CM33: 3808.71 | CN33: 4532.6655 | CO33: 14652.555 | CP33: 16459 | CQ33: 16423 | CR33: 0.3 | CS33: 4320 | CT33: 12 | CU33: 222.696 | CV33: 90.504 | CW33: 92.268 | CX33: 369.852 | CY33: 68294 | CZ33: 68044 | DA33: 1.866 | DB33: 169200 | DC33: 559.8 | DD33: 8722.26 | DE33: 3544.74 | DF33: 4304.3022 | DG33: 13761.44 | DH33: 10185 | DI33: 10166 | DJ33: 0.157 | DK33: 21200 | DL33: 62.8 | DM33: 1092.86 | DN33: 444.14 | DO33: 482.8692 | DP33: 1743.84 | DQ33: 71679 | DR33: 10283 | DS33: 0.172 | DT33: 19200 | DU33: 68.8 | DV33: 989.76 | DW33: 402.24 | DX33: 529.0032 | DY33: 1581.44 | DZ33: 10882 | EA33: 10862 | EB33: 0.154 | EC33: 19600 | ED33: 61.6 | EE33: 1010.38 | EF33: 410.62 | EG33: 473.6424 | EH33: 1613.92 | EI33: 16899 | EJ33: 16863 | EK33: 0.201 | EL33: 13600 | EM33: 32.16 | EN33: 701.08 | EO33: 284.92 | EP33: 247.27824 | EQ33: 1126.72 | ER33: 11378 | ES33: 11363 | ET33: 1.97 | EU33: 3200 | EV33: 315.2 | EW33: 164.96 | EX33: 67.04 | EY33: 2423.5728 | EZ33: 282.24 | FA33: 86748 | FB33: 86549 | FC33: 0.948 | FD33: 94600 | FE33: 189.6 | FF33: 4876.63 | FG33: 1981.87 | FH33: 1457.8344 | FI33: 7703.92 | FK33: 709473 | FL33: 57645.066 | FM33: 17849.091 | FN33: 75494.156 | FQ33: 7585 | FR33: 7561 | FS33: 0.256 | FT33: 7000 | FU33: 25.6 | FV33: 360.85 | FW33: 146.65 | FX33: 196.8384 | FY33: 582.782 | FZ33: 59452 | GA33: 59286 | GB33: 1.618 | GC33: 50300 | GD33: 161.8 | GE33: 2592.965 | GF33: 1053.785 | GG33: 1244.0802 | GH33: 4051.0254 | GI33: 4746 | GJ33: 3769 | GK33: 3168 | GL33: 436.32864 | GM33: 66.3696 | GN33: 540.36952 | GO33: 48862 | GP33: 48724 | GQ33: 3.431 | GR33: 9200 | GS33: 137.24 | GT33: 474.26 | GU33: 192.74 | GV33: 1055.2384 | GW33: 824.4 | GX33: 69668 | GY33: 5998.5769 | GZ33: 2496.157 | HA33: 8494.7339 | HC33: 779141 | HD33: 63643.643 | HE33: 20345.248 | HF33: 83988.89 | HG33: =SUM(HE33-HE28)*40 -> 226302.65 | HH33: =SUM(HF33)*40 -> 3359555.6 | HI33: =SUM(HG33*0.05155) -> 11665.902 | HJ33: =SUM(HG33*0.02095) -> 4741.0405 | HK33: =SUM(HH33*7.689) -> 25831623 | HL33: =SUM(HJ33+HI33+20)*1.2 -> 19712.33 | HM33: =SUM(GI33+GR33+GZ33+HG33) -> 242744.8 | HN33: =SUM(HL33+HC33+GW33+GN33) -> 800218.1 | HO33: =SUM(GM33+GV33+HK33) -> 25832745 | HP33: =SUM(HN33:HO33) -> 26632963 | HR33: =(FZ33+HM33) -> 302196.8 | HS33: =(GA33+HN33) -> 859504.1 | HT33: =(GB33+HO33) -> 25832746 | HU33: =(HS33+HT33) -> 26692250
B34: 44018 | C34: 707 | D34: 91782 | E34: 1.889 | F34: 28320 | G34: 87819 | H34: 2.52 | I34: 31840 | J34: 10317 | K34: 1.72 | L34: 6000 | M34: 10202 | N34: 1.9 | O34: 6800 | P34: 10898 | Q34: 1.72 | R34: 6400 | S34: 71862 | T34: 2.392 | U34: 54900 | V34: 68451 | W34: 1.985 | X34: 47100 | Y34: 16928 | Z34: 2.87 | AA34: 4640 | AB34: 11390 | AC34: 2.44 | AD34: 1920 | AE34: 86939 | AF34: 2.133 | AG34: 38200 | AH34: 16491 | AI34: 0.362 | AJ34: 1280 | AK34: 58247 | AL34: 285 | AO34: 227685 | AP34: 39480 | AQ34: 0.17339746 | AT34: 44018 | AU34: 59560 | AV34: 10800 | AW34: 7599 | AX34: 1400 | AY34: 5357 | AZ34: 611 | BA34: 48899 | BB34: 1480 | BE34: 14291 | BK34: 58247 | BO34: 87819 | BX34: 91782 | CG34: 71862 | CP34: 16491 | CY34: 68451 | DH34: 10202 | DQ34: 71862 | DZ34: 10898 | EI34: 16928 | ER34: 11390 | FA34: 86939 | FQ34: 7599 | FZ34: 59560 | GI34: 5357 | GO34: 48899
B35: 44025 | C35: 479 | D35: 92011 | E35: 1.889 | F35: 36640 | G35: 88069 | H35: 2.52 | I35: 40000 | J35: 10335 | K35: 1.72 | L35: 7200 | M35: 10223 | N35: 1.9 | O35: 8400 | P35: 10915 | Q35: 1.72 | R35: 6800 | S35: 72077 | T35: 2.392 | U35: 64500 | V35: 68672 | W35: 2.007 | X35: 66300 | Y35: 16961 | Z35: 2.87 | AA35: 5280 | AB35: 11405 | AC35: 2.44 | AD35: 2400 | AE35: 87190 | AF35: 2.133 | AG35: 50200 | AH35: 16527 | AI35: 0.362 | AJ35: 1440 | AK35: 58608 | AL35: 361 | AO35: 289521 | AP35: 51640 | AQ35: 0.17836357 | AT35: 44025 | AU35: 59709 | AV35: 14900 | AW35: 7619 | AX35: 2000 | AY35: 6200 | AZ35: 843 | BA35: 48925 | BB35: 1040 | BE35: 18783 | BK35: 58608 | BO35: 88069 | BX35: 92011 | CG35: 72077 | CP35: 16527 | CY35: 68672 | DH35: 10223 | DQ35: 72077 | DZ35: 10915 | EI35: 16961 | ER35: 11405 | FA35: 87190 | FQ35: 7619 | FZ35: 59709 | GI35: 6200 | GO35: 48925
B36: 44032 | C36: 611 | D36: 92252 | E36: 1.889 | F36: 38560 | G36: 88328 | H36: 2.052 | I36: 41440 | J36: 10353 | K36: 1.72 | L36: 7200 | M36: 10245 | N36: 1.9 | O36: 8800 | P36: 10931 | Q36: 1.72 | R36: 6400 | S36: 72294 | T36: 2.392 | U36: 65100 | V36: 68938 | W36: 2.008 | X36: 79800 | Y36: 16996 | Z36: 2.96 | AA36: 5600 | AB36: 11422 | AC36: 2.44 | AD36: 2720 | AE36: 87458 | AF36: 2.133 | AG36: 53600 | AH36: 16567 | AI36: 0.362 | AJ36: 1600 | AK36: 58995 | AL36: 387 | AO36: 311207 | AP36: 55200 | AQ36: 0.1773739 | AT36: 44032 | AU36: 59869 | AV36: 16000 | AW36: 7640 | AX36: 2100 | AY36: 7100 | AZ36: 900 | BA36: 49033 | BB36: 4320 | BE36: 23320 | BK36: 58995 | BO36: 88328 | BX36: 92252 | CG36: 72294 | CP36: 16567 | CY36: 68938 | DH36: 10245 | DQ36: 72294 | DZ36: 10931 | EI36: 16996 | ER36: 11422 | FA36: 87458 | FQ36: 7640 | FZ36: 59869 | GI36: 7100 | GO36: 49033
B37: 44039 | C37: 597 | D37: 92491 | E37: 1.889 | F37: 38240 | G37: 88583 | H37: 1.911 | I37: 40800 | J37: 10371 | K37: 1.48 | L37: 7200 | M37: 10267 | N37: 1.7 | O37: 8800 | P37: 10948 | Q37: 1.42 | R37: 6800 | S37: 72552 | T37: 2.331 | U37: 77400 | V37: 69166 | W37: 2.029 | X37: 68400 | Y37: 17030 | Z37: 2.61 | AA37: 5440 | AB37: 11437 | AC37: 1.58 | AD37: 2400 | AE37: 87730 | AF37: 2.084 | AG37: 54400 | AH37: 16607 | AI37: 0.33 | AJ37: 1600 | AK37: 59400 | AL37: 405 | AO37: 311885 | AP37: 56000 | AQ37: 0.17955336 | AT37: 44039 | AU37: 60020 | AV37: 15100 | AW37: 7658 | AX37: 1800 | AY37: 7982 | AZ37: 882 | BA37: 49066 | BB37: 1320 | BE37: 19102 | BK37: 59400 | BO37: 88583 | BX37: 92491 | CG37: 72552 | CP37: 16607 | CY37: 69166 | DH37: 10267 | DQ37: 72552 | DZ37: 10948 | EI37: 17030 | ER37: 11437 | FA37: 87730 | FQ37: 7658 | FZ37: 60020 | GI37: 7982 | GO37: 49066
B38: 44044 | C38: 467 | D38: 92676 | E38: 1.938 | F38: 29600 | G38: 88782 | H38: 1.917 | I38: 31840 | J38: 10385 | K38: 1.48 | L38: 5600 | M38: 10284 | N38: 1.7 | O38: 6800 | P38: 10962 | Q38: 1.42 | R38: 5600 | S38: 72734 | T38: 2.331 | U38: 54600 | V38: 69343 | W38: 2.029 | X38: 53100 | Y38: 17058 | Z38: 2.8 | AA38: 4480 | AB38: 11450 | AC38: 1.59 | AD38: 2080 | AE38: 87928 | AF38: 2.084 | AG38: 39600 | AH38: 16638 | AI38: 0.33 | AJ38: 1240 | AK38: 59724 | AL38: 324 | AO38: 234864 | AP38: 40840 | AQ38: 0.17388787 | AR38: 1375162 | AT38: 44044 | AU38: 60100 | AV38: 8000 | AW38: 7665 | AX38: 700 | AY38: 8520 | AZ38: 538 | BA38: 49100 | BB38: 1360 | BE38: 10598 | BF38: 86094 | BG38: 1461256 | BK38: 59724 | BL38: 58969 | BM38: 1325 | BN38: 232.02359 | BO38: 88782 | BP38: 88473 | BQ38: 2.052 | BR38: 172000 | BS38: 328.32 | BT38: 8866.6 | BU38: 3603.4 | BV38: 2524.4525 | BW38: 13841.7 | BX38: 92676 | BY38: 92388 | BZ38: 1.889 | CA38: 158560 | CB38: 302.24 | CC38: 8173.768 | CD38: 3321.832 | CE38: 2323.9234 | CF38: 12782.316 | CG38: 72734 | CH38: 72410 | CI38: 2.392 | CJ38: 287400 | CK38: 717.6 | CL38: 14815.47 | CM38: 6021.03 | CN38: 5517.6264 | CO38: 23150.715 | CP38: 16638 | CQ38: 16586 | CR38: 0.362 | CS38: 6520 | CT38: 14.48 | CU38: 336.106 | CV38: 136.594 | CW38: 111.33672 | CX38: 546.897 | CY38: 69343 | CZ38: 69051 | DA38: 2.008 | DB38: 302100 | DC38: 602.4 | DD38: 15573.255 | DE38: 6328.995 | DF38: 4631.8536 | DG38: 24552.92 | DH38: 10284 | DI38: 10254 | DJ38: 0.19 | DK38: 35200 | DL38: 76 | DM38: 1814.56 | DN38: 737.44 | DO38: 584.364 | DP38: 2880.64 | DQ38: 72734 | DR38: 10363 | DS38: 0.172 | DT38: 32000 | DU38: 68.8 | DV38: 1649.6 | DW38: 670.4 | DX38: 529.0032 | DY38: 2620.8 | DZ38: 10962 | EA38: 10941 | EB38: 0.172 | EC38: 31600 | ED38: 68.8 | EE38: 1628.98 | EF38: 662.02 | EG38: 529.0032 | EH38: 2588.32 | EI38: 17058 | EJ38: 17012 | EK38: 0.296 | EL38: 23840 | EM38: 47.36 | EN38: 1228.952 | EO38: 499.448 | EP38: 364.15104 | EQ38: 1958.208 | ER38: 11450 | ES38: 11429 | ET38: 0.244 | EU38: 10560 | EV38: 39.04 | EW38: 544.368 | EX38: 221.232 | EY38: 300.17856 | EZ38: 879.872 | FA38: 87928 | FB38: 87580 | FC38: 2.133 | FD38: 206200 | FE38: 426.6 | FF38: 10629.61 | FG38: 4319.89 | FH38: 3280.1274 | FI38: 16765.84 | FK38: 1267305 | FL38: 102800.25 | FM38: 20696.02 | FN38: 123496.27 | FQ38: 7665 | FR38: 7645 | FS38: 0.252 | FT38: 8400 | FU38: 25.2 | FV38: 433.02 | FW38: 175.98 | FX38: 193.7628 | FY38: 694.9192 | FZ38: 60100 | GA38: 59930 | GB38: 1.724 | GC38: 64400 | GD38: 172.4 | GE38: 3319.82 | GF38: 1349.18 | GG38: 1325.5836 | GH38: 5180.4072 | GI38: 8520 | GJ38: 7591 | GK38: 3822 | GL38: 526.40406 | GM38: 80.0709 | GN38: 651.41061 | GO38: 49100 | GP38: 49048 | GQ38: 3.447 | GR38: 12960 | GS38: 137.88 | GT38: 668.088 | GU38: 271.512 | GV38: 1060.1593 | GW38: 1151.52 | GX38: 89582 | GY38: 7678.257 | GZ38: 2579.5057 | HA38: 10257.763 | HC38: 1356887 | HD38: 110478.51 | HE38: 23275.526 | HF38: 133754.03 | HG38: =SUM(HE38-HE33)*40 -> 117211.12 | HH38: =SUM(HF38)*40 -> 5350161.4 | HI38: =SUM(HG38*0.05155) -> 6042.233 | HJ38: =SUM(HG38*0.02095) -> 2455.5729 | HK38: =SUM(HH38*7.689) -> 41137391 | HL38: =SUM(HJ38+HI38+20)*1.2 -> 10221.367 | HM38: =SUM(GI38+GR38+GZ38+HG38) -> 141270.62 | HN38: =SUM(HL38+HC38+GW38+GN38) -> 1368911.3 | HO38: =SUM(GM38+GV38+HK38) -> 41138531 | HP38: =SUM(HN38:HO38) -> 42507442 | HR38: =(FZ38+HM38) -> 201370.62 | HS38: =(GA38+HN38) -> 1428841.3 | HT38: =(GB38+HO38) -> 41138533 | HU38: =(HS38+HT38) -> 42567374
B39: 44046 | C39: 136 | D39: 92731 | E39: 1.938 | F39: 8800 | G39: 88845 | H39: 1.979 | I39: 10080 | J39: 10390 | K39: 1.59 | L39: 2000 | M39: 10289 | N39: 1.72 | O39: 2000 | P39: 10966 | Q39: 1.43 | R39: 1600 | S39: 72796 | T39: 2.331 | U39: 18600 | V39: 69401 | W39: 2.029 | X39: 17400 | Y39: 17067 | Z39: 2.81 | AA39: 1440 | AB39: 11454 | AC39: 1.59 | AD39: 640 | AE39: 87992 | AF39: 2.084 | AG39: 12800 | AH39: 16647 | AI39: 0.33 | AJ39: 360 | AK39: 59809 | AL39: 85 | AO39: 75805 | AP39: 13160 | AQ39: 0.17360332 | AT39: 44046 | AU39: 60194 | AV39: 9400 | AW39: 7681 | AX39: 1600 | AY39: 8999 | AZ39: 479 | BA39: 49130 | BB39: 1200 | BE39: 12679 | BK39: 59809 | BO39: 88845 | BX39: 92731 | CG39: 72796 | CP39: 16647 | CY39: 69401 | DH39: 10289 | DQ39: 72796 | DZ39: 10966 | EI39: 17067 | ER39: 11454 | FA39: 87992 | FQ39: 7681 | FZ39: 60194 | GI39: 8999 | GO39: 49130
B40: 44053 | C40: 940 | D40: 92974 | E40: 1.938 | F40: 38880 | G40: 89112 | H40: 1.979 | I40: 42720 | J40: 10410 | K40: 1.7 | L40: 8000 | M40: 10314 | N40: 2.03 | O40: 10000 | P40: 10984 | Q40: 1.43 | R40: 7200 | S40: 73045 | T40: 2.331 | U40: 74700 | V40: 69637 | W40: 2.029 | X40: 70800 | Y40: 17104 | Z40: 2.81 | AA40: 5920 | AB40: 11471 | AC40: 1.75 | AD40: 2720 | AE40: 88252 | AF40: 2.084 | AG40: 52000 | AH40: 16688 | AI40: 0.33 | AJ40: 1640 | AK40: 60231 | AL40: 422 | AO40: 315002 | AP40: 53640 | AQ40: 0.17028463 | AT40: 44053 | AU40: 60335 | AV40: 14100 | AW40: 7699 | AX40: 1800 | AY40: 9819 | AZ40: 820 | BA40: 49190 | BB40: 2400 | BE40: 19120 | BK40: 60231 | BO40: 89112 | BX40: 92974 | CG40: 73045 | CP40: 16688 | CY40: 69637 | DH40: 10314 | DQ40: 73045 | DZ40: 10984 | EI40: 17104 | ER40: 11471 | FA40: 88252 | FQ40: 7699 | FZ40: 60335 | GI40: 9819 | GO40: 49190
B41: 44060 | C41: 856 | D41: 93222 | E41: 1.938 | F41: 39680 | G41: 89380 | H41: 2 | I41: 42880 | J41: 10420 | K41: 1.7 | L41: 4000 | M41: 10337 | N41: 2.03 | O41: 9200 | P41: 11003 | Q41: 1.64 | R41: 7600 | S41: 73313 | T41: 2.439 | U41: 80400 | V41: 69904 | W41: 2.326 | X41: 80100 | Y41: 17142 | Z41: 3.17 | AA41: 6080 | AB41: 11489 | AC41: 2.66 | AD41: 2880 | AE41: 88501 | AF41: 2.084 | AG41: 49800 | AH41: 16727 | AI41: 0.336 | AJ41: 1560 | AK41: 60650 | AL41: 419 | AO41: 324599 | AP41: 51360 | AQ41: 0.158226 | AT41: 44060 | AU41: 60484 | AV41: 14900 | AW41: 7718 | AX41: 1900 | AY41: 10673 | AZ41: 854 | BA41: 49246 | BB41: 2240 | BE41: 19894 | BK41: 60650 | BO41: 89380 | BX41: 93222 | CG41: 73313 | CP41: 16727 | CY41: 69904 | DH41: 10337 | DQ41: 73313 | DZ41: 11003 | EI41: 17142 | ER41: 11489 | FA41: 88501 | FQ41: 7718 | FZ41: 60484 | GI41: 10673 | GO41: 49246
B42: 44067 | C42: 795 | D42: 93473 | E42: 1.909 | F42: 40160 | G42: 89645 | H42: 2.017 | I42: 42400 | J42: 10449 | K42: 1.55 | L42: 11600 | M42: 10359 | N42: 1.95 | O42: 8800 | P42: 11020 | Q42: 1.3 | R42: 6800 | S42: 73571 | T42: 1.643 | U42: 77400 | V42: 70094 | W42: 2.015 | X42: 57000 | Y42: 17178 | Z42: 2.52 | AA42: 5760 | AB42: 11505 | AC42: 1.62 | AD42: 2560 | AE42: 88743 | AF42: 1.965 | AG42: 48400 | AH42: 16765 | AI42: 0.315 | AJ42: 1520 | AK42: 61082 | AL42: 432 | AO42: 302832 | AP42: 49920 | AQ42: 0.16484387 | AT42: 44067 | AU42: 60635 | AV42: 15100 | AW42: 7740 | AX42: 2200 | AY42: 11611 | AZ42: 938 | BA42: 49294 | BB42: 1920 | BE42: 20158 | BK42: 61082 | BO42: 89645 | BX42: 93473 | CG42: 73571 | CP42: 16765 | CY42: 70094 | DH42: 10359 | DQ42: 73571 | DZ42: 11020 | EI42: 17178 | ER42: 11505 | FA42: 88743 | FQ42: 7740 | FZ42: 60635 | GI42: 11611 | GO42: 49294
B43: 44074 | C43: 659 | D43: 93723 | E43: 1.909 | F43: 40000 | G43: 89912 | H43: 2.017 | I43: 42720 | J43: 10470 | K43: 1.83 | L43: 8400 | M43: 10382 | N43: 2.11 | O43: 9200 | P43: 11039 | Q43: 1.59 | R43: 7600 | S43: 73787 | T43: 1.887 | U43: 64800 | V43: 70308 | W43: 2.095 | X43: 64200 | Y43: 17214 | Z43: 2.93 | AA43: 5760 | AB43: 11523 | AC43: 2.19 | AD43: 2880 | AE43: 88996 | AF43: 2.015 | AG43: 50600 | AH43: 16806 | AI43: 0.331 | AJ43: 1640 | AK43: 61519 | AL43: 437 | AO43: 298237 | AP43: 52240 | AQ43: 0.17516271 | AR43: 1316475 | AT43: 44074 | AU43: 60782 | AV43: 14700 | AW43: 7758 | AX43: 1800 | AY43: 12484 | AZ43: 873 | BA43: 49362 | BB43: 2720 | BE43: 20093 | BF43: 91944 | BG43: 1408419 | BK43: 61519 | BL43: 61055 | BM43: 2086 | BN43: 363.64706 | BO43: 89912 | BP43: 89686 | BQ43: 2 | BR43: 194080 | BS43: 320 | BT43: 10004.824 | BU43: 4065.976 | BV43: 2460.48 | BW43: 15618.588 | BX43: 93723 | BY43: 93511 | BZ43: 1.938 | CA43: 179680 | CB43: 310.08 | CC43: 9262.504 | CD43: 3764.296 | CE43: 2384.2051 | CF43: 14481.948 | CG43: 73787 | CH43: 73603 | CI43: 2.455 | CJ43: 357900 | CK43: 736.5 | CL43: 18449.745 | CM43: 7498.005 | CN43: 5662.9485 | CO43: 28824.203 | CP43: 16806 | CQ43: 16771 | CR43: 0.336 | CS43: 7400 | CT43: 13.44 | CU43: 381.47 | CV43: 155.03 | CW43: 103.34016 | CX43: 617.715 | CY43: 70308 | CZ43: 70139 | DA43: 2.362 | DB43: 326400 | DC43: 708.6 | DD43: 16825.92 | DE43: 6838.08 | DF43: 5448.4254 | DG43: 26526.08 | DH43: 10382 | DI43: 10362 | DJ43: 0.203 | DK43: 43200 | DL43: 81.2 | DM43: 2226.96 | DN43: 905.04 | DO43: 624.3468 | DP43: 3530.24 | DQ43: 73787 | DR43: 10452 | DS43: 0.17 | DT43: 35600 | DU43: 68 | DV43: 1835.18 | DW43: 745.82 | DX43: 522.852 | DY43: 2913.12 | DZ43: 11039 | EA43: 11023 | EB43: 0.164 | EC43: 32800 | ED43: 65.6 | EE43: 1690.84 | EF43: 687.16 | EG43: 504.3984 | EH43: 2685.76 | EI43: 17214 | EJ43: 17183 | EK43: 0.317 | EL43: 27360 | EM43: 50.72 | EN43: 1410.408 | EO43: 573.192 | EP43: 389.98608 | EQ43: 2244.032 | ER43: 11523 | ES43: 11508 | ET43: 0.266 | EU43: 12640 | EV43: 42.56 | EW43: 651.592 | EX43: 264.808 | EY43: 327.24384 | EZ43: 1048.768 | FA43: 88996 | FB43: 88780 | FC43: 2.084 | FD43: 240000 | FE43: 416.8 | FF43: 12372 | FG43: 5028 | FH43: 3204.7752 | FI43: 19510.4 | FK43: 1459146 | FL43: 118364.5 | FM43: 21633.001 | FN43: 139997.5 | FQ43: 7758 | FR43: 7741 | FS43: 0.478 | FT43: 9600 | FU43: 47.8 | FV43: 494.88 | FW43: 201.12 | FX43: 367.5342 | FY43: 791.0368 | FZ43: 60782 | GA43: 60650 | GB43: 1.82 | GC43: 72000 | GD43: 182 | GE43: 3711.6 | GF43: 1508.4 | GG43: 1399.398 | GH43: 5789.152 | GI43: 12484 | GJ43: 11696 | GK43: 4105 | GL43: 565.38165 | GM43: 85.99975 | GN43: 699.4605 | GO43: 49362 | GP43: 49325 | GQ43: 3.298 | GR43: 11080 | GS43: 131.92 | GT43: 571.174 | GU43: 232.126 | GV43: 1014.3329 | GW43: 987.96 | GX43: 96785 | GY43: 8267.6093 | GZ43: 2781.2651 | HA43: 11048.874 | HC43: 1555931 | HD43: 126632.11 | HE43: 24414.267 | HF43: 151046.38
B44: 44080 | C44: 823 | D44: 93969 | E44: 1.909 | F44: 39360 | G44: 90179 | H44: 2.054 | I44: 42720 | J44: 10491 | K44: 0.817 | L44: 8400 | M44: 10406 | N44: 2.22 | O44: 9600 | P44: 11058 | Q44: 1.59 | R44: 7600 | S44: 74001 | T44: 2.203 | U44: 64200 | V44: 70668 | W44: 2.095 | X44: 108000 | Y44: 17254 | Z44: 3.32 | AA44: 6400 | AB44: 11541 | AC44: 2.19 | AD44: 2880 | AE44: 89247 | AF44: 2.053 | AG44: 50200 | AH44: 16847 | AI44: 0.331 | AJ44: 1640 | AK44: 61959 | AL44: 440 | AO44: 341440 | AP44: 51840 | AQ44: 0.15182755 | AT44: 44080 | AU44: 60931 | AV44: 14900 | AW44: 7778 | AX44: 2000 | AY44: 13392 | AZ44: 908 | BA44: 49406 | BB44: 1760 | BE44: 19568 | BK44: 61959 | BO44: 90179 | BX44: 93969 | CG44: 74001 | CP44: 16847 | CY44: 70668 | DH44: 10406 | DQ44: 74001 | DZ44: 11058 | EI44: 17254 | ER44: 11541 | FA44: 89247 | FQ44: 7778 | FZ44: 60931 | GI44: 13392 | GO44: 49406
B45: 44087 | C45: 719 | D45: 94421 | E45: 1.909 | F45: 72320 | G45: 90495 | H45: 2.098 | I45: 50560 | J45: 10514 | K45: 1.89 | L45: 9200 | M45: 10430 | N45: 2.22 | O45: 9600 | P45: 11077 | Q45: 1.59 | R45: 7600 | S45: 74244 | T45: 2.237 | U45: 72900 | V45: 70899 | W45: 2.095 | X45: 69300 | Y45: 17290 | Z45: 3.32 | AA45: 5760 | AB45: 11558 | AC45: 2.19 | AD45: 2720 | AE45: 89490 | AF45: 2.053 | AG45: 48600 | AH45: 16886 | AI45: 0.331 | AJ45: 1560 | AK45: 62411 | AL45: 452 | AO45: 350572 | AP45: 50160 | AQ45: 0.14308045 | AT45: 44087 | AU45: 61073 | AV45: 14200 | AW45: 7797 | AX45: 1900 | AY45: 14309 | AZ45: 917 | BA45: 49429 | BB45: 920 | BE45: 17937 | BK45: 62411 | BO45: 90495 | BX45: 94421 | CG45: 74244 | CP45: 16886 | CY45: 70899 | DH45: 10430 | DQ45: 74244 | DZ45: 11077 | EI45: 17290 | ER45: 11558 | FA45: 89490 | FQ45: 7797 | FZ45: 61073 | GI45: 14309 | GO45: 49429
B46: 44094 | C46: 596 | D46: 94472 | E46: 1.921 | F46: 8160 | G46: 90706 | H46: 2.098 | I46: 33760 | J46: 10534 | K46: 1.89 | L46: 8000 | M46: 10453 | N46: 2.22 | O46: 9200 | P46: 11097 | Q46: 1.7 | R46: 8000 | S46: 74477 | T46: 2.236 | U46: 69900 | V46: 71128 | W46: 2.095 | X46: 68700 | Y46: 17325 | Z46: 3.32 | AA46: 5600 | AB46: 11573 | AC46: 2.19 | AD46: 2400 | AE46: 89746 | AF46: 2.053 | AG46: 51200 | AH46: 16925 | AI46: 0.331 | AJ46: 1560 | AK46: 62873 | AL46: 462 | AO46: 266942 | AP46: 52760 | AQ46: 0.19764593 | AT46: 44094 | AU46: 61220 | AV46: 14700 | AW46: 7817 | AX46: 2000 | AY46: 15222 | AZ46: 913 | BA46: 49460 | BB46: 1240 | BE46: 18853 | BK46: 62873 | BO46: 90706 | BX46: 94472 | CG46: 74477 | CP46: 16925 | CY46: 71128 | DH46: 10453 | DQ46: 74477 | DZ46: 11097 | EI46: 17325 | ER46: 11573 | FA46: 89746 | FQ46: 7817 | FZ46: 61220 | GI46: 15222 | GO46: 49460
B47: 44101 | C47: 956 | D47: 94726 | E47: 1.98 | F47: 40640 | G47: 90975 | H47: 2 | I47: 43040 | J47: 10555 | K47: 1.81 | L47: 8400 | M47: 10477 | N47: 1.88 | O47: 9600 | P47: 11118 | Q47: 1.8 | R47: 8400 | S47: 74724 | T47: 2.321 | U47: 74100 | V47: 71316 | W47: 1.96 | X47: 56400 | Y47: 17361 | Z47: 3.01 | AA47: 5760 | AB47: 11588 | AC47: 1.95 | AD47: 2400 | AE47: 90001 | AF47: 2.049 | AG47: 51000 | AH47: 16965 | AI47: 0.342 | AJ47: 1600 | AK47: 63335 | AL47: 462 | AO47: 301802 | AP47: 52600 | AQ47: 0.17428645 | AT47: 44101 | AU47: 61363 | AV47: 14300 | AW47: 7835 | AX47: 1800 | AY47: 16134 | AZ47: 912 | BA47: 49519 | BB47: 2360 | BE47: 19372 | BK47: 63335 | BO47: 90975 | BX47: 94726 | CG47: 74724 | CP47: 16965 | CY47: 71316 | DH47: 10477 | DQ47: 74724 | DZ47: 11118 | EI47: 17361 | ER47: 11588 | FA47: 90001 | FQ47: 7835 | FZ47: 61363 | GI47: 16134 | GO47: 49519
B48: 44105 | C48: 301 | D48: 94726 | E48: 1.98 | F48: 0 | G48: 90975 | H48: 2 | I48: 0 | J48: 10555 | K48: 1.81 | L48: 0 | M48: 10477 | N48: 1.88 | O48: 0 | P48: 11118 | Q48: 1.8 | R48: 0 | S48: 74724 | T48: 2.321 | U48: 0 | V48: 71316 | W48: 1.96 | X48: 0 | Y48: 17361 | Z48: 3.01 | AA48: 0 | AB48: 11588 | AC48: 1.95 | AD48: 0 | AE48: 90001 | AF48: 2.049 | AG48: 0 | AH48: 16965 | AI48: 0.342 | AJ48: 0 | AK48: 63335 | AL48: 0 | AO48: 0 | AP48: 0 | AQ48: #DIV/0! | AR48: 1260756 | AT48: 44105 | AU48: 61440 | AV48: 7700 | AW48: 7846 | AX48: 1100 | AY48: 16674 | AZ48: 540 | BA48: 49536 | BB48: 680 | BE48: 10020 | BF48: 85750 | BG48: 1346506 | BK48: 63335 | BL48: 62839 | BM48: 1784 | BN48: 311.41278 | BO48: 90975 | BP48: 90745 | BQ48: 2.098 | BR48: 169440 | BS48: 335.68 | BT48: 8734.632 | BU48: 3549.768 | BV48: 2581.0435 | BW48: 13635.684 | BX48: 94726 | BY48: 94511 | BZ48: 1.921 | CA48: 160000 | CB48: 307.36 | CC48: 8248 | CD48: 3352 | CE48: 2363.291 | CF48: 12898.2 | CG48: 74724 | CH48: 74504 | CI48: 2.376 | CJ48: 270300 | CK48: 712.8 | CL48: 13933.965 | CM48: 5662.785 | CN48: 5480.7192 | CO48: 21774.593 | CP48: 16965 | CQ48: 16931 | CR48: 0.331 | CS48: 6400 | CT48: 13.24 | CU48: 329.92 | CV48: 134.08 | CW48: 101.80236 | CX48: 537.24 | CY48: 71316 | CZ48: 71153 | DA48: 2.095 | DB48: 304200 | DC48: 628.5 | DD48: 15681.51 | DE48: 6372.99 | DF48: 4832.5365 | DG48: 24723.44 | DH48: 10477 | DI48: 10457 | DJ48: 0.222 | DK48: 38000 | DL48: 88.8 | DM48: 1958.9 | DN48: 796.1 | DO48: 682.7832 | DP48: 3108 | DQ48: 74724 | DR48: 10537 | DS48: 0.189 | DT48: 34000 | DU48: 75.6 | DV48: 1752.7 | DW48: 712.3 | DX48: 581.2884 | DY48: 2783.2 | DZ48: 11118 | EA48: 11100 | EB48: 0.17 | EC48: 30800 | ED48: 68 | EE48: 1587.74 | EF48: 645.26 | EG48: 522.852 | EH48: 2523.36 | EI48: 17361 | EJ48: 17330 | EK48: 0.332 | EL48: 23520 | EM48: 53.12 | EN48: 1212.456 | EO48: 492.744 | EP48: 408.43968 | EQ48: 1932.224 | ER48: 11588 | ES48: 11575 | ET48: 2.19 | EU48: 10720 | EV48: 350.4 | EW48: 552.616 | EX48: 224.584 | EY48: 2694.2256 | EZ48: 892.864 | FA48: 90001 | FB48: 89788 | FC48: 2.053 | FD48: 201600 | FE48: 410.6 | FF48: 10392.48 | FG48: 4223.52 | FH48: 3157.1034 | FI48: 16392.32 | FK48: 1250764 | FL48: 101512.54 | FM48: 23406.085 | FN48: 124918.62 | FQ48: 7846 | FR48: 7819 | FS48: 0.333 | FT48: 7800 | FU48: 33.3 | FV48: 402.09 | FW48: 163.41 | FX48: 256.0437 | FY48: 646.8604 | FZ48: 61440 | GA48: 61237 | GB48: 1.788 | GC48: 58700 | GD48: 178.8 | GE48: 3025.985 | GF48: 1229.765 | GG48: 1374.7932 | GH48: 4723.8486 | GI48: 16674 | GJ48: 15350 | GK48: 3654 | GL48: 503.26542 | GM48: 76.5513 | GN48: 622.88629 | GO48: 49536 | GP48: 49464 | GQ48: 3.302 | GR48: 5560 | GS48: 132.08 | GT48: 286.618 | GU48: 116.482 | GV48: 1015.5631 | GW48: 507.72 | GX48: 75714 | GY48: 6501.3153 | GZ48: 2646.4 | HA48: 9147.7153 | HC48: 1326478 | HD48: 108013.85 | HE48: 26052.485 | HF48: 134066.34
B49: 44109 | C49: 385 | D49: 94981 | E49: 1.98 | F49: 40800 | G49: 91214 | H49: 2 | I49: 38240 | J49: 10578 | K49: 1.91 | L49: 9200 | M49: 10499 | N49: 1.88 | O49: 8800 | P49: 11139 | Q49: 1.8 | R49: 8400 | S49: 74911 | T49: 2.325 | U49: 56100 | V49: 71500 | W49: 2.064 | X49: 55200 | Y49: 17394 | Z49: 3.05 | AA49: 5280 | AB49: 11605 | AC49: 1.95 | AD49: 2720 | AE49: 90248 | AF49: 2.049 | AG49: 49400 | AH49: 17001 | AI49: 0.342 | AJ49: 1440 | AK49: 63817 | AL49: 482 | AO49: 276062 | AP49: 50840 | AQ49: 0.18416153 | AT49: 44109 | AU49: 61499 | AV49: 5900 | AW49: 7853 | AX49: 700 | AY49: 17120 | AZ49: 446 | BA49: 49556 | BB49: 800 | BE49: 7846 | BK49: 63817 | BO49: 91214 | BX49: 94981 | CG49: 74911 | CP49: 17001 | CY49: 71500 | DH49: 10499 | DQ49: 74911 | DZ49: 11139 | EI49: 17394 | ER49: 11605 | FA49: 90248 | FQ49: 7853 | FZ49: 61499 | GI49: 17120 | GO49: 49556
B50: 44116 | C50: 882 | D50: 95236 | E50: 1.98 | F50: 40800 | G50: 91512 | H50: 2.05 | I50: 47680 | J50: 10600 | K50: 1.97 | L50: 8800 | M50: 10520 | N50: 1.88 | O50: 8400 | P50: 11161 | Q50: 2.09 | R50: 8800 | S50: 75151 | T50: 2.325 | U50: 72000 | V50: 71745 | W50: 2.129 | X50: 73500 | Y50: 17430 | Z50: 3.05 | AA50: 5760 | AB50: 11621 | AC50: 2 | AD50: 2560 | AE50: 90498 | AF50: 2.049 | AG50: 50000 | AH50: 17041 | AI50: 0.342 | AJ50: 1600 | AK50: 64294 | AL50: 477 | AO50: 320377 | AP50: 51600 | AQ50: 0.16106025 | AT50: 44116 | AU50: 61651 | AV50: 15200 | AW50: 7872 | AX50: 1900 | AY50: 18136 | AZ50: 1016 | BA50: 49615 | BB50: 2360 | BE50: 20476 | BK50: 64294 | BO50: 91512 | BX50: 95236 | CG50: 75151 | CP50: 17041 | CY50: 71745 | DH50: 10520 | DQ50: 75151 | DZ50: 11161 | EI50: 17430 | ER50: 11621 | FA50: 90498 | FQ50: 7872 | FZ50: 61651 | GI50: 18136 | GO50: 49615
B51: 44123 | C51: 731 | D51: 95490 | E51: 1.98 | F51: 40640 | G51: 91786 | H51: 2.05 | I51: 43840 | J51: 10622 | K51: 1.91 | L51: 8800 | M51: 10541 | N51: 1.88 | O51: 8400 | P51: 11184 | Q51: 2.09 | R51: 9200 | S51: 75351 | T51: 2.344 | U51: 60000 | V51: 71972 | W51: 2.219 | X51: 68100 | Y51: 17466 | Z51: 3.05 | AA51: 5760 | AB51: 11639 | AC51: 2.08 | AD51: 2880 | AE51: 90737 | AF51: 2.049 | AG51: 47800 | AH51: 17082 | AI51: 0.342 | AJ51: 1640 | AK51: 64770 | AL51: 476 | AO51: 297536 | AP51: 49440 | AQ51: 0.16616477 | AT51: 44123 | AU51: 61793 | AV51: 14200 | AW51: 7891 | AX51: 1900 | AY51: 19129 | AZ51: 993 | BA51: 49684 | BB51: 2760 | BE51: 19853 | BK51: 64770 | BO51: 91786 | BX51: 95490 | CG51: 75351 | CP51: 17082 | CY51: 71972 | DH51: 10541 | DQ51: 75351 | DZ51: 11184 | EI51: 17466 | ER51: 11639 | FA51: 90737 | FQ51: 7891 | FZ51: 61793 | GI51: 19129 | GO51: 49684
B52: 44130 | C52: 611 | D52: 95736 | E52: 1.904 | F52: 39360 | G52: 92060 | H52: 2.022 | I52: 43840 | J52: 10642 | K52: 1.48 | L52: 8000 | M52: 10561 | N52: 1.51 | O52: 8000 | P52: 11205 | Q52: 1.76 | R52: 8400 | S52: 75588 | T52: 2.121 | U52: 71100 | V52: 72163 | W52: 0.751 | X52: 57300 | Y52: 17502 | Z52: 2.73 | AA52: 5760 | AB52: 11656 | AC52: 1.69 | AD52: 2720 | AE52: 90976 | AF52: 1.854 | AG52: 47800 | AH52: 17120 | AI52: 0.308 | AJ52: 1520 | AK52: 65263 | AL52: 493 | AO52: 294293 | AP52: 49320 | AQ52: 0.16758808 | AT52: 44130 | AU52: 61939 | AV52: 14600 | AW52: 7909 | AX52: 1800 | AY52: 20037 | AZ52: 908 | BA52: 49711 | BB52: 1080 | BE52: 18388 | BK52: 65263 | BO52: 92060 | BX52: 95736 | CG52: 75588 | CP52: 17120 | CY52: 72163 | DH52: 10561 | DQ52: 75588 | DZ52: 11205 | EI52: 17502 | ER52: 11656 | FA52: 90976 | FQ52: 7909 | FZ52: 61939 | GI52: 20037 | GO52: 49711
B53: 44136 | C53: 502 | D53: 95980 | E53: 1.904 | F53: 39040 | G53: 92328 | H53: 2.022 | I53: 42880 | J53: 10661 | K53: 1.5 | L53: 7600 | M53: 10581 | N53: 1.51 | O53: 8000 | P53: 11225 | Q53: 1.76 | R53: 8000 | S53: 75767 | T53: 2.205 | U53: 53700 | V53: 72352 | W53: 1.885 | X53: 56700 | Y53: 17536 | Z53: 2.96 | AA53: 5440 | AB53: 11671 | AC53: 1.69 | AD53: 2400 | AE53: 91216 | AF53: 1.976 | AG53: 48000 | AH53: 17160 | AI53: 0.317 | AJ53: 1600 | AK53: 65767 | AL53: 504 | AO53: 273864 | AP53: 49600 | AQ53: 0.18111179 | AR53: 1462132 | AT53: 44136 | AU53: 62058 | AV53: 11900 | AW53: 7924 | AX53: 1500 | AY53: 20798 | AZ53: 761 | BA53: 49763 | BB53: 2080 | BE53: 16241 | BF53: 82804 | BG53: 1544936 | BK53: 65767 | BO53: 92328 | BX53: 95980 | CG53: 75767 | CP53: 17160 | CY53: 72352 | DH53: 10581 | DQ53: 75767 | DZ53: 11225 | EI53: 17536 | ER53: 11671 | FA53: 91216 | FQ53: 7924 | FZ53: 62058 | GI53: 20798 | GO53: 49763
B54: 44137 | AT54: 44137
B55: 44144 | C55: 676 | D55: 96230 | E55: 1.925 | F55: 40000 | G55: 92598 | H55: 2.022 | I55: 43200 | J55: 10681 | K55: 1.9 | L55: 8000 | M55: 10603 | N55: 1.63 | O55: 8800 | P55: 11245 | Q55: 1.77 | R55: 8000 | S55: 75972 | T55: 2.205 | U55: 61500 | V55: 72468 | W55: 2.036 | X55: 34800 | Y55: 17570 | Z55: 3.12 | AA55: 5440 | AB55: 11687 | AC55: 1.69 | AD55: 2560 | AE55: 91446 | AF55: 1.989 | AG55: 46000 | AH55: 17198 | AI55: 0.317 | AJ55: 1520 | AK55: 66271 | AL55: 504 | AO55: 260324 | AP55: 47520 | AQ55: 0.18254176 | AT55: 44144 | AU55: 62192 | AV55: 13400 | AW55: 7944 | AX55: 2000 | AY55: 21828 | AZ55: 1030 | BA55: 49964 | BB55: 8040 | BE55: 24470 | BK55: 66271 | BO55: 92598 | BX55: 96230 | CG55: 75972 | CP55: 17198 | CY55: 72468 | DH55: 10603 | DQ55: 75972 | DZ55: 11245 | EI55: 17570 | ER55: 11687 | FA55: 91446 | FQ55: 7944 | FZ55: 62192 | GI55: 21828 | GO55: 49964
B56: =B55+7 -> 44151 | C56: =SUM(Essbase!I321:I328) -> 684 | D56: 96476 | E56: 1.925 | F56: =SUM(D56-D55)*160 -> 39360 | G56: 92869 | H56: 2.022 | I56: =SUM(G56-G55)*160 -> 43360 | J56: 10702 | K56: 1.9 | L56: 8400 | M56: 10623 | N56: 1.63 | O56: 8000 | P56: 11265 | Q56: 1.77 | R56: 8000 | S56: 76151 | T56: 2.376 | U56: 53700 | V56: 72703 | W56: 2.036 | X56: 70500 | Y56: 17603 | Z56: 3.12 | AA56: 5280 | AB56: 11703 | AC56: 1.74 | AD56: 2560 | AE56: 91694 | AF56: 2.038 | AG56: 49600 | AH56: 17236 | AI56: 0.317 | AJ56: 1520 | AK56: 66779 | AL56: 508 | AO56: =SUM(AG56+AD56+AA56+X56+U56+R56+O56+L56+I56+F56+AJ56+AL56) -> 290788 | AP56: =SUM(AG56+AJ56) -> 51120 | AQ56: =SUM(AP56/AO56) -> 0.17579818 | AT56: =AT55+7 -> 44151 | AU56: 62354 | AV56: 16200 | AW56: 7963 | AX56: 1900 | AY56: 22688 | AZ56: 860 | BA56: 50011 | BB56: 1880 | BE56: =SUM(AV56+AX56,AZ56,BB56) -> 20840
B57: =B56+7 -> 44158 | C57: =SUM(Essbase!I329:I335) -> 870 | D57: 96728 | E57: 1.8 | F57: 40320 | G57: 93143 | H57: 1.949 | I57: 43840 | J57: 10724 | K57: 1.85 | L57: 8800 | M57: 10645 | N57: 1.65 | O57: 8800 | P57: 11286 | Q57: 1.56 | R57: 8400 | S57: 76309 | T57: 1.968 | U57: 47400 | V57: 72856 | W57: 0.895 | X57: 45900 | Y57: 17639 | Z57: 3.36 | AA57: 5760 | AB57: 11722 | AC57: 1.45 | AD57: 3040 | AE57: 91946 | AF57: 2.027 | AG57: 50400 | AH57: 17273 | AI57: 0.279 | AJ57: 1480 | AK57: 67304 | AL57: 525 | AO57: 264665 | AP57: 51880 | AQ57: 0.19602139 | AT57: =AT56+7 -> 44158 | AU57: 62461 | AV57: 10700 | AW57: 7978 | AX57: 1500 | AY57: 23676 | AZ57: 988 | BA57: 50063 | BB57: 2080 | BE57: =SUM(AV57+AX57,AZ57,BB57) -> 15268
B58: =B57+7 -> 44165 | C58: =SUM(Essbase!I336:I342) -> 1156 | D58: 96990 | E58: 2.074 | F58: 41920 | G58: 93425 | H58: 2.125 | I58: 45120 | J58: 10746 | K58: 1.85 | L58: 8800 | M58: 10670 | N58: 1.92 | O58: 10000 | P58: 11307 | Q58: 1.68 | R58: 8400 | S58: 76452 | T58: 1.968 | U58: 42900 | V58: 73038 | W58: 1.75 | X58: 54600 | Y58: 17670 | Z58: 3.36 | AA58: 4960 | AB58: 11738 | AC58: 1.6 | AD58: 2560 | AE58: 92201 | AF58: 2.091 | AG58: 51000 | AH58: 17311 | AI58: 0.298 | AJ58: 1520 | AK58: 67834 | AL58: 530 | AO58: 272310 | AP58: 52520 | AQ58: 0.19286842 | AT58: =AT57+7 -> 44165 | AU58: 62587 | AV58: 12600 | AW58: 7995 | AX58: 1700 | AY58: 24578 | AZ58: 902 | BA58: 50156 | BB58: 3720 | BE58: =SUM(AV58+AX58,AZ58,BB58) -> 18922
B59: 44166 | C59: =SUM(Essbase!I343) -> 46 | D59: 97067 | E59: 2.074 | F59: 12320 | G59: 93508 | H59: 2.125 | I59: 13280 | J59: 10753 | K59: 2.04 | L59: 2800 | M59: 10677 | N59: 1.95 | O59: 2800 | P59: 11313 | Q59: 1.95 | R59: 2400 | S59: 76479 | T59: 1.968 | U59: 8100 | V59: 73081 | W59: 1.75 | X59: 12900 | Y59: 17680 | Z59: 3.36 | AA59: 1600 | AB59: 11743 | AC59: 2.3 | AD59: 800 | AE59: 92268 | AF59: 2.091 | AG59: 13400 | AH59: 17322 | AI59: 0.298 | AJ59: 440 | AK59: 68027 | AL59: 193 | AO59: 71033 | AP59: 13840 | AQ59: 0.19483902 | AR59: 1159120 | AT59: 44166 | AU59: 62600 | AV59: 1300 | AW59: 7996 | AX59: 100 | AY59: 24675 | AZ59: 97 | BA59: 50161 | BB59: 200 | BE59: =SUM(AV59+AX59,AZ59,BB59) -> 1697
B60: 44172 | C60: =SUM(Essbase!I344:I350) -> 809 | D60: 97254 | E60: 2.074 | F60: 29920 | G60: 93709 | H60: 2.163 | I60: 32160 | J60: 10771 | K60: 2.3 | L60: 7200 | M60: 10696 | N60: 2.23 | O60: 7600 | P60: 11330 | Q60: 2.35 | R60: 6800 | S60: 76543 | T60: 1.968 | U60: 19200 | V60: 73171 | W60: 1.75 | X60: 27000 | Y60: 17705 | Z60: 3.36 | AA60: 4000 | AB60: 11755 | AC60: 2.3 | AD60: 1920 | AE60: 92429 | AF60: 2.091 | AG60: 32200 | AH60: 17349 | AI60: 0.298 | AJ60: 1080 | AK60: 68501 | AL60: 474 | AO60: 169554 | AP60: 33280 | AQ60: 0.19627965 | AT60: 44172 | AU60: 62694 | AV60: 9400 | AW60: 8009 | AX60: 1300 | AY60: 25467 | AZ60: 792 | BA60: 50236 | BB60: 3000 | BE60: =SUM(AV60+AX60,AZ60,BB60) -> 14492
B61: =B60+7 -> 44179 | C61: =SUM(Essbase!I351:I357) -> 1067 | D61: 97504 | E61: 2.074 | F61: 40000 | G61: 93978 | H61: 2.163 | I61: 43040 | J61: 10795 | K61: 3.17 | L61: 9600 | M61: 10718 | N61: 3.01 | O61: 8800 | P61: 11352 | Q61: 3.45 | R61: 8800 | S61: 76662 | T61: 1.968 | U61: 35700 | V61: 73257 | W61: 1.75 | X61: 25800 | Y61: 17739 | Z61: 3.36 | AA61: 5440 | AB61: 11771 | AC61: 2.3 | AD61: 2560 | AE61: 92645 | AF61: 2.091 | AG61: 43200 | AH61: 17389 | AI61: 0.298 | AJ61: 1600 | AK61: 68949 | AL61: 448 | AO61: 224988 | AP61: 44800 | AQ61: 0.19912173 | AT61: =AT60+7 -> 44179 | AU61: 62807 | AV61: 11300 | AW61: 8025 | AX61: 1600 | AY61: 26357 | AZ61: 890 | BA61: 50304 | BB61: 2720 | BE61: =SUM(AV61+AX61,AZ61,BB61) -> 16510
B62: =B61+7 -> 44186 | C62: =SUM(Essbase!I358:I364) -> 757 | D62: 97753 | E62: 2.074 | F62: 39840 | G62: 94259 | H62: 2.332 | I62: 44960 | J62: 10821 | K62: 3.19 | L62: 10400 | M62: 10740 | N62: 3.01 | O62: 8800 | P62: 11376 | Q62: 3.45 | R62: 9600 | S62: 76767 | T62: 1.968 | U62: 31500 | V62: 73406 | W62: 1.773 | X62: 44700 | Y62: 17774 | Z62: 3.36 | AA62: 5600 | AB62: 11788 | AC62: 2.3 | AD62: 2720 | AE62: 92870 | AF62: 2.091 | AG62: 45000 | AH62: 17420 | AI62: 0.328 | AJ62: 1240 | AK62: 69493 | AL62: 544 | AO62: 244904 | AP62: 46240 | AQ62: 0.18880868 | AT62: =AT61+7 -> 44186 | AU62: 62926 | AV62: 11900 | AW62: 8040 | AX62: 1500 | AY62: 27265 | AZ62: 908 | BA62: 50370 | BB62: 2640 | BE62: =SUM(AV62+AX62,AZ62,BB62) -> 16948
B63: =B62+7 -> 44193 | C63: =SUM(Essbase!I365:I371) -> 1353 | D63: 98019 | E63: 1.99 | F63: 42560 | G63: 94555 | H63: 2.299 | I63: 47360 | J63: 10852 | K63: 3.07 | L63: 12400 | M63: 10769 | N63: 2.48 | O63: 11600 | P63: 11404 | Q63: 2.77 | R63: 11200 | S63: 76890 | T63: 1.835 | U63: 36900 | V63: 73488 | W63: 0.883 | X63: 24600 | Y63: 17806 | Z63: 2.51 | AA63: 5120 | AB63: 11803 | AC63: 1.54 | AD63: 2400 | AE63: 93097 | AF63: 2.157 | AG63: 45400 | AH63: 17458 | AI63: 0.331 | AJ63: 1520 | AK63: 70055 | AL63: 562 | AO63: 241622 | AP63: 46920 | AQ63: 0.19418762 | AT63: =AT62+7 -> 44193 | AU63: 63034 | AV63: 10800 | AW63: 8056 | AX63: 1600 | AY63: 28157 | AZ63: 892 | BA63: 50430 | BB63: 2400 | BE63: =SUM(AV63+AX63,AZ63,BB63) -> 15692
B64: 44197 | C64: =SUM(Essbase!I372:I373) -> 563 | D64: 98168 | E64: 1.99 | F64: 23840 | G64: 94723 | H64: 2.299 | I64: 26880 | J64: 10869 | K64: 3.07 | L64: 6800 | M64: 10784 | N64: 2.48 | O64: 6000 | P64: 11418 | Q64: 2.77 | R64: 5600 | S64: 76986 | T64: 1.964 | U64: 28800 | V64: 73548 | W64: 1.376 | X64: 18000 | Y64: 17824 | Z64: 2.56 | AA64: 2880 | AB64: 11813 | AC64: 1.73 | AD64: 1600 | AE64: 93249 | AF64: 2.162 | AG64: 30400 | AH64: 17476 | AI64: 0.331 | AJ64: 720 | AK64: 70340 | AL64: 285 | AO64: 151805 | AP64: 31120 | AQ64: 0.20499983 | AT64: 44197 | AU64: 63102 | AV64: 6800 | AW64: 8065 | AX64: 900 | AY64: 28654 | AZ64: 497 | BA64: 50471 | BB64: 1640 | BE64: =SUM(AV64+AX64,AZ64,BB64) -> 9837

Sheet Wtr-Gas
B1: 2020 | C1: 74860172 | F1: 74860173 | I1: 44553004 | L1: 70275191 | O1: 2130521 | S1: 12C004186-C1 | V1: 93477704 | Y1: Total Gas Usage | AA1: 79177804 | AC1: 79305675 | AE1: 79190041 | AG1: 7919004D | AI1: 79190039 | AK1: 79324776 | AM1: 112014001775 | AO1: 112014001771 | AS1: 82SJ729151 | AV1: 73337589 - 1387142 | AX1: 65956268 | AZ1: Clubhouse | BA1: 1334021 | BC1: 63265094 | BE1: 67327447 / 80606729 | BI1: Resort Potable Water | BN1: Resort Reclaimed Water | BR1: Natural Gas Meter | BV1: Natural Gas Meter | BZ1: Total NG | CA1: Solid | CC1: Golf Maintenance Potable Water | CG1: Golf Maintenance | CI1: Golf Clubhouse Potable Water | CN1: Clubhouse Natural Gas Meter | CR1: Golf Comfort Stations Potable Water | CV1: Comfort Stations Sewer Total | CW1: Golf Irrigation Re-Use Water | DC1: Potable | DD1: Potable | DE1: Reuse | DF1: Sewer | DG1: Total | DI1: Gas | DJ1: Waste
B2: Date | C2: X10 | E2: Total | F2: x10 | H2: Total | L2: x1000 | O2: x100 | Q2: Total | S2: x100 | T2: cfm | V2: x100 | W2: cfm | AA2: Cooling Tower M/U (x10,000) | AC2: Cooling Tower B/D | AE2: Bldg E Potable (x10) | AG2: Bldg E Irrigation (x10) | AI2: Bldg J Irrigation | AK2: Lazy River Potable (X1000) | AM2: Bldg E - Pool Hyrdanic | AO2: Spa Jacuzzi M/U Water | AS2: 46801014 | AW2: Total | AX2: Deduct | AY2: Total | AZ2: Total | BB2: Total | BD2: Total | BF2: Total | BI2: Meter # - 74860172 / 2230186 | BN2: Meter # - 74860173 / 2230186 | BR2: Meter # - 12C004186 / 2230246 | BV2: Meter # - 12C004186 / 2230246 | BZ2: CCF | CA2: Waste | CC2: Meter # - 1334021 | CG2: Sewer Total | CH2: Solid Waste | CI2: Meter # - 73337589 | CM2: Sewer Total | CN2: Meter # - 82SJ729151 / 46801014 | CR2: Meter # - 63265094 | CW2: Meter # - 67327447 / 80606729 | DC2: Water | DD2: Water | DE2: Water | DF2: Total | DG2: Water | DI2: Total | DJ2: Total
C3: Main PW Feed | E3: Gallons | F3: Main RW Feed | H3: Gallons | I3: Fire Prot Water Feed | L3: Potable Water Bldg A | O3: Steam Boiler M/U | Q3: Gallons | S3: Main Gas Meter | V3: Main Gas Meter | AA3: Meter | AB3: Total Gal | AC3: Meter | AD3: Total Gal | AE3: Meter | AF3: Total Gal | AG3: Meter | AH3: Total Gal | AI3: Meter | AJ3: Total Gal | AK3: Meter | AL3: Total Gal | AM3: Meter | AN3: Total Gal | AO3: Meter | AP3: Total Gal | AS3: Gas Meter | AV3: Water Meter | AW3: Gallons | AX3: Water Meter | AY3: Gallons | AZ3: Gallons | BA3: Water Meter | BB3: Gallons | BC3: Water Meter | BD3: Gallons | BE3: Water Meter | BF3: Gallons | BI3: Meter Read | BJ3: Bill Read | BK3: Amount | BL3: Total | BM3: Sewer Total | BN3: Meter Read | BO3: Bill Read | BP3: Amount | BQ3: Total | BR3: Meter Read | BS3: Bill Read | BT3: Usage | BU3: Total | BV3: Meter Read | BW3: Bill Read | BX3: Usage | BY3: Total | BZ3: Total | CC3: Meter Read | CD3: Bill Read | CE3: Amount | CF3: Total | CI3: Meter Read | CJ3: Bill Read | CK3: Amount | CL3: Total | CN3: Meter Read | CO3: Bill Read | CP3: Amount | CQ3: Total | CR3: Meter Read | CS3: Bill Read | CT3: Amount | CU3: Total | CW3: Meter Read | CX3: Bill Read | CY3: Amount | CZ3: Total | DC3: Meter | DD3: Total | DE3: Total
B4: 43831 | C4: 36660828 | E4: 0 | F4: 4194369 | H4: 0 | I4: 15866 | K4: 0 | L4: 268314 | N4: 0 | O4: 8303 | Q4: 0 | S4: 610958 | U4: 0 | V4: 73030 | X4: 0 | Y4: 0 | AA4: 4422 | AB4: 0 | AC4: 172374222 | AD4: 0 | AE4: 93168 | AF4: 0 | AG4: 2623978 | AH4: 0 | AI4: 3353480 | AJ4: 0 | AK4: 14395 | AL4: 0 | AM4: 7 | AN4: 0 | AO4: 9978 | AP4: 0 | AR4: =B4 -> 43831 | AS4: 4578 | AT4: 0 | AV4: 15394250 | AW4: 0 | AX4: 221617658 | AY4: 0 | AZ4: 0 | BA4: 6803100 | BB4: 0 | BC4: 3682500 | BD4: 0 | BE4: 35751867 | BF4: 0 | BI4: =(C4) -> 36660828 | BJ4: 364911 | BN4: =(F4) -> 4194369 | BO4: 41928 | BR4: =(S4) -> 610958 | BV4: =V4 -> 73030 | CC4: =(BA4) -> 6803100 | CD4: 6801 | CI4: =(AV4) -> 15394250 | CJ4: 15267 | CN4: =(AS4) -> 4578 | CR4: =(BC4) -> 3682500 | CS4: 3682 | CW4: =(BE4) -> 35751867 | CX4: 357402
B5: 43835 | C5: 36742143 | E5: =SUM(C5-C4)*10 -> 813150 | F5: 4194598 | H5: =SUM(F5-F4)*10 -> 2290 | I5: 15875 | K5: =SUM(I5-I4)*10 -> 90 | L5: 268816 | N5: =SUM(L5-L4)*1000 -> 502000 | O5: 8434 | Q5: =SUM(O5-O4)*100 -> 13100 | S5: 612904 | U5: =SUM(S5-S4)*100 -> 194600 | V5: 86168 | X5: =SUM(V5-V4)*100 -> 1313800 | Y5: =SUM(U5+X5) -> 1508400 | AA5: 4528 | AB5: =SUM(AA5-AA4)*10000 -> 1060000 | AC5: 174621169 | AD5: =SUM(AC5-AC4)*0.1 -> 224694.7 | AE5: 93186 | AF5: =SUM(AE5-AE4)*10 -> 180 | AG5: 2627901 | AH5: =SUM(AG5-AG4)*10 -> 39230 | AI5: 3365606 | AJ5: =SUM(AI5-AI4) -> 12126 | AK5: 14423 | AL5: =SUM(AK5-AK4)*1000 -> 28000 | AM5: 7 | AN5: =SUM(AM5-AM4)*1000 -> 0 | AO5: 10018 | AP5: =SUM(AO5-AO4)*100 -> 4000 | AR5: =B5 -> 43835 | AS5: 4679 | AT5: =SUM(AS5-AS4) -> 101 | AV5: 15461945 | AW5: =SUM(AV5-AV4) -> 67695 | AX5: 227233046 | AY5: =SUM(AX5-AX4)/100 -> 56153.88 | AZ5: =SUM(AW5-AY5) -> 11541.12 | BA5: 6804600 | BB5: =SUM(BA5-BA4) -> 1500 | BC5: 3682700 | BD5: =SUM(BC5-BC4) -> 200 | BE5: 35758144 | BF5: =SUM(BE5-BE4) -> 6277 | BI5: =(C5) -> 36742143 | BN5: =(F5) -> 4194598 | BR5: =(S5) -> 612904 | BV5: =V5 -> 86168 | CC5: =(BA5) -> 6804600 | CI5: =(AV5) -> 15461945 | CN5: =(AS5) -> 4679 | CR5: =(BC5) -> 3682700 | CW5: =(BE5) -> 35758144
B6: 43842 | C6: 36829385 | E6: =SUM(C6-C5)*10 -> 872420 | F6: 4199287 | H6: =SUM(F6-F5)*10 -> 46890 | I6: 15899 | K6: =SUM(I6-I5)*10 -> 240 | L6: 269453 | N6: =SUM(L6-L5)*1000 -> 637000 | O6: 8471 | Q6: =SUM(O6-O5)*100 -> 3700 | S6: 614988 | U6: =SUM(S6-S5)*100 -> 208400 | V6: 102749 | X6: =SUM(V6-V5)*100 -> 1658100 | Y6: =SUM(U6+X6) -> 1866500 | AA6: 4667 | AB6: =SUM(AA6-AA5)*10000 -> 1390000 | AC6: 177311807 | AD6: =SUM(AC6-AC5)*0.1 -> 269063.8 | AE6: 93459 | AF6: =SUM(AE6-AE5)*10 -> 2730 | AG6: 2637250 | AH6: =SUM(AG6-AG5)*10 -> 93490 | AI6: 3381806 | AJ6: =SUM(AI6-AI5) -> 16200 | AK6: 14487 | AL6: =SUM(AK6-AK5)*1000 -> 64000 | AM6: 7 | AN6: =SUM(AM6-AM5)*1000 -> 0 | AO6: 10075 | AP6: =SUM(AO6-AO5)*100 -> 5700 | AR6: =B6 -> 43842 | AS6: 4791 | AT6: =SUM(AS6-AS5) -> 112 | AV6: 15542330 | AW6: =SUM(AV6-AV5) -> 80385 | AX6: 233781604 | AY6: =SUM(AX6-AX5)/100 -> 65485.58 | AZ6: =SUM(AW6-AY6) -> 14899.42 | BA6: 6810600 | BB6: =SUM(BA6-BA5) -> 6000 | BC6: 3683100 | BD6: =SUM(BC6-BC5) -> 400 | BE6: 35765649 | BF6: =SUM(BE6-BE5) -> 7505 | BI6: =(C6) -> 36829385 | BN6: =(F6) -> 4199287 | BR6: =(S6) -> 614988 | BV6: =V6 -> 102749 | CC6: =(BA6) -> 6810600 | CI6: =(AV6) -> 15542330 | CN6: =(AS6) -> 4791 | CR6: =(BC6) -> 3683100 | CW6: =(BE6) -> 35765649
B7: 43849 | C7: 36941045 | E7: =SUM(C7-C6)*10 -> 1116600 | F7: 4208571 | H7: =SUM(F7-F6)*10 -> 92840 | I7: 15967 | K7: =SUM(I7-I6)*10 -> 680 | L7: 270287 | N7: =SUM(L7-L6)*1000 -> 834000 | O7: 8471 | Q7: =SUM(O7-O6)*100 -> 0 | S7: 617089 | U7: =SUM(S7-S6)*100 -> 210100 | V7: 114470 | X7: =SUM(V7-V6)*100 -> 1172100 | Y7: =SUM(U7+X7) -> 1382200 | AA7: 4857 | AB7: =SUM(AA7-AA6)*10000 -> 1900000 | AC7: 181662374 | AD7: =SUM(AC7-AC6)*0.1 -> 435056.7 | AE7: 93608 | AF7: =SUM(AE7-AE6)*10 -> 1490 | AG7: 2649954 | AH7: =SUM(AG7-AG6)*10 -> 127040 | AI7: 3398349 | AJ7: =SUM(AI7-AI6) -> 16543 | AK7: 14541 | AL7: =SUM(AK7-AK6)*1000 -> 54000 | AM7: 7 | AN7: =SUM(AM7-AM6)*1000 -> 0 | AO7: 10134 | AP7: =SUM(AO7-AO6)*100 -> 5900 | AR7: =B7 -> 43849 | AS7: 4966 | AT7: =SUM(AS7-AS6) -> 175 | AV7: 15633869 | AW7: =SUM(AV7-AV6) -> 91539 | AX7: 240221604 | AY7: =SUM(AX7-AX6)/100 -> 64400 | AZ7: =SUM(AW7-AY7) -> 27139 | BA7: 6815000 | BB7: =SUM(BA7-BA6) -> 4400 | BC7: 3684200 | BD7: =SUM(BC7-BC6) -> 1100 | BE7: 35772955 | BF7: =SUM(BE7-BE6) -> 7306 | BI7: =(C7) -> 36941045 | BN7: =(F7) -> 4208571 | BR7: =(S7) -> 617089 | BV7: =V7 -> 114470 | CC7: =(BA7) -> 6815000 | CI7: =(AV7) -> 15633869 | CN7: =(AS7) -> 4966 | CR7: =(BC7) -> 3684200 | CW7: =(BE7) -> 35772955
B8: 43856 | C8: 37032830 | E8: =SUM(C8-C7)*10 -> 917850 | F8: 4208999 | H8: =SUM(F8-F7)*10 -> 4280 | I8: 15991 | K8: =SUM(I8-I7)*10 -> 240 | L8: 271023 | N8: =SUM(L8-L7)*1000 -> 736000 | O8: 8471 | Q8: =SUM(O8-O7)*100 -> 0 | S8: 619645 | U8: =SUM(S8-S7)*100 -> 255600 | V8: 127420 | X8: =SUM(V8-V7)*100 -> 1295000 | Y8: =SUM(U8+X8) -> 1550600 | AA8: 4934 | AB8: =SUM(AA8-AA7)*10000 -> 770000 | AC8: 183453844 | AD8: =SUM(AC8-AC7)*0.1 -> 179147 | AE8: 93724 | AF8: =SUM(AE8-AE7)*10 -> 1160 | AG8: 2655605 | AH8: =SUM(AG8-AG7)*10 -> 56510 | AI8: 3415542 | AJ8: =SUM(AI8-AI7) -> 17193 | AK8: 14544 | AL8: =SUM(AK8-AK7)*1000 -> 3000 | AM8: 8 | AN8: =SUM(AM8-AM7)*1000 -> 1000 | AO8: 10186 | AP8: =SUM(AO8-AO7)*100 -> 5200 | AR8: =B8 -> 43856 | AS8: 5106 | AT8: =SUM(AS8-AS7) -> 140 | AV8: 15712345 | AW8: =SUM(AV8-AV7) -> 78476 | AX8: 246708810 | AY8: =SUM(AX8-AX7)/100 -> 64872.06 | AZ8: =SUM(AW8-AY8) -> 13603.94 | BA8: 6818000 | BB8: =SUM(BA8-BA7) -> 3000 | BC8: 3704900 | BD8: =SUM(BC8-BC7) -> 20700 | BE8: 35870281 | BF8: =SUM(BE8-BE7) -> 97326 | BI8: =(C8) -> 37032830 | BN8: =(F8) -> 4208999 | BR8: =(S8) -> 619645 | BV8: =V8 -> 127420 | CC8: =(BA8) -> 6818000 | CI8: =(AV8) -> 15712345 | CN8: =(AS8) -> 5106 | CR8: =(BC8) -> 3704900 | CW8: =(BE8) -> 35870281
B9: 43862 | C9: 37154200 | E9: =SUM(C9-C8)*10 -> 1213700 | F9: 4216368 | H9: =SUM(F9-F8)*10 -> 73690 | I9: 16018 | K9: =SUM(I9-I8)*10 -> 270 | L9: 271730 | N9: =SUM(L9-L8)*1000 -> 707000 | O9: 8471 | Q9: =SUM(O9-O8)*100 -> 0 | S9: 621977 | U9: =SUM(S9-S8)*100 -> 233200 | V9: 141003 | X9: =SUM(V9-V8)*100 -> 1358300 | Y9: =SUM(U9+X9) -> 1591500 | AA9: 5022 | AB9: =SUM(AA9-AA8)*10000 -> 880000 | AC9: 185487750 | AD9: =SUM(AC9-AC8)*0.1 -> 203390.6 | AE9: 94473 | AF9: =SUM(AE9-AE8)*10 -> 7490 | AG9: 2667947 | AH9: =SUM(AG9-AG8)*10 -> 123420 | AI9: 3431603 | AJ9: =SUM(AI9-AI8) -> 16061 | AK9: 14601 | AL9: =SUM(AK9-AK8)*1000 -> 57000 | AM9: 8 | AN9: =SUM(AM9-AM8)*1000 -> 0 | AO9: 10225 | AP9: =SUM(AO9-AO8)*100 -> 3900 | AR9: =B9 -> 43862 | AS9: 5249 | AT9: =SUM(AS9-AS8) -> 143 | AV9: 15793262 | AW9: =SUM(AV9-AV8) -> 80917 | AX9: 253196447 | AY9: =SUM(AX9-AX8)/100 -> 64876.37 | AZ9: =SUM(AW9-AY9) -> 16040.63 | BA9: 6819700 | BB9: =SUM(BA9-BA8) -> 1700 | BC9: 3706200 | BD9: =SUM(BC9-BC8) -> 1300 | BE9: 35924097 | BF9: =SUM(BE9-BE8) -> 53816 | BI9: =(C9) -> 37154200 | BJ9: 368969 | BK9: =SUM(BJ9-BJ4) -> 4058 | BL9: =SUM(BK9*1.0228)+1887.37 -> 6037.8924 | BM9: 18406.96 | BN9: =(F9) -> 4216368 | BO9: 42060 | BP9: =SUM(BO9-BO4) -> 132 | BQ9: =SUM(BP9*0.8062)+1557.24 -> 1663.6584 | BR9: =(S9) -> 621977 | BS9: 618383 | BT9: 45621.66 | BU9: 33856.56 | BV9: =V9 -> 141003 | BW9: 12220 | BX9: 2458.71 | BY9: 1831.91 | BZ9: =SUM(BT9+BX9) -> 48080.37 | CA9: 11275.66 | CC9: =(BA9) -> 6819700 | CD9: 6815 | CE9: =SUM(CD9-CD4) -> 14 | CF9: =SUM(CE9*1.0228)+117.88 -> 132.1992 | CG9: 80.08 | CH9: 1244.52 | CI9: =(AV9) -> 15793262 | CJ9: 15593 | CK9: =SUM(CJ9-CJ4) -> 326 | CL9: =SUM(CK9*1.0228+188.7) -> 522.1328 | CM9: 371.81 | CN9: =(AS9) -> 5249 | CO9: 5029 | CP9: 1291.35 | CQ9: 962.13 | CR9: =(BC9) -> 3706200 | CS9: 3704 | CT9: =SUM(CS9-CS4) -> 22 | CU9: =SUM(CT9*1.0228)+188.7 -> 211.2016 | CW9: =(BE9) -> 35924097 | CX9: 360202 | CY9: =SUM(CX9-CX4) -> 2800 | CZ9: =SUM(CY9*0.8062)+973.2 -> 3230.56 | DC9: =SUM(E7:E10) -> 4328160 | DD9: =SUM(BL9+CF9+CL9+#REF!+CU9) -> #REF! | DE9: =SUM(BQ9+CZ9) -> 4894.2184 | DF9: =SUM(BM9+CG9+CV9) -> 18487.04 | DG9: =SUM(DD9:DF9) -> #REF! | DI9: =SUM(BU9+CQ9+BY9) -> 36650.6 | DJ9: =SUM(CA9+CH9) -> 12520.18
B10: 43870 | C10: 37262201 | E10: =SUM(C10-C9)*10 -> 1080010 | F10: 4224326 | H10: =SUM(F10-F9)*10 -> 79580 | I10: 16047 | K10: =SUM(I10-I9)*10 -> 290 | L10: 272540 | N10: =SUM(L10-L9)*1000 -> 810000 | O10: 8471 | Q10: =SUM(O10-O9)*100 -> 0 | S10: 624313 | U10: =SUM(S10-S9)*100 -> 233600 | V10: 159033 | X10: =SUM(V10-V9)*100 -> 1803000 | Y10: =SUM(U10+X10) -> 2036600 | AA10: 5151 | AB10: =SUM(AA10-AA9)*10000 -> 1290000 | AC10: 188173534 | AD10: =SUM(AC10-AC9)*0.1 -> 268578.4 | AE10: 94478 | AF10: =SUM(AE10-AE9)*10 -> 50 | AG10: 2680966 | AH10: =SUM(AG10-AG9)*10 -> 130190 | AI10: 3446735 | AJ10: =SUM(AI10-AI9) -> 15132 | AK10: 14646 | AL10: =SUM(AK10-AK9)*1000 -> 45000 | AM10: 8 | AN10: =SUM(AM10-AM9)*1000 -> 0 | AO10: 10272 | AP10: =SUM(AO10-AO9)*100 -> 4700 | AR10: =B10 -> 43870 | AS10: 5249 | AT10: =SUM(AS10-AS9) -> 0 | AV10: 15872767 | AW10: =SUM(AV10-AV9) -> 79505 | AX10: 259709953 | AY10: =SUM(AX10-AX9)/100 -> 65135.06 | AZ10: =SUM(AW10-AY10) -> 14369.94 | BA10: 6822100 | BB10: =SUM(BA10-BA9) -> 2400 | BC10: 3706800 | BD10: =SUM(BC10-BC9) -> 600 | BE10: 35957066 | BF10: =SUM(BE10-BE9) -> 32969 | BI10: =(C10) -> 37262201 | BN10: =(F10) -> 4224326 | BR10: =(S10) -> 624313 | BV10: =V10 -> 159033 | CC10: =(BA10) -> 6822100 | CI10: =(AV10) -> 15872767 | CN10: =(AS10) -> 5249 | CR10: =(BC10) -> 3706800 | CW10: =(BE10) -> 35957066
B11: 43877 | C11: 37383563 | E11: =SUM(C11-C10)*10 -> 1213620 | F11: 4235738 | H11: =SUM(F11-F10)*10 -> 114120 | I11: 16077 | K11: =SUM(I11-I10)*10 -> 300 | L11: 273465 | N11: =SUM(L11-L10)*1000 -> 925000 | O11: 8471 | Q11: =SUM(O11-O10)*100 -> 0 | S11: 626627 | U11: =SUM(S11-S10)*100 -> 231400 | V11: 171461 | X11: =SUM(V11-V10)*100 -> 1242800 | Y11: =SUM(U11+X11) -> 1474200 | AA11: 5366 | AB11: =SUM(AA11-AA10)*10000 -> 2150000 | AC11: 193537221 | AD11: =SUM(AC11-AC10)*0.1 -> 536368.7 | AE11: 94749 | AF11: =SUM(AE11-AE10)*10 -> 2710 | AG11: 2694814 | AH11: =SUM(AG11-AG10)*10 -> 138480 | AI11: 3462616 | AJ11: =SUM(AI11-AI10) -> 15881 | AK11: 14684 | AL11: =SUM(AK11-AK10)*1000 -> 38000 | AM11: 9 | AN11: =SUM(AM11-AM10)*1000 -> 1000 | AO11: 10318 | AP11: =SUM(AO11-AO10)*100 -> 4600 | AR11: =B11 -> 43877 | AS11: 5506 | AT11: =SUM(AS11-AS10) -> 257 | AV11: 15952097 | AW11: =SUM(AV11-AV10) -> 79330 | AX11: 266179325 | AY11: =SUM(AX11-AX10)/100 -> 64693.72 | AZ11: =SUM(AW11-AY11) -> 14636.28 | BA11: 6824800 | BB11: =SUM(BA11-BA10) -> 2700 | BC11: 3707200 | BD11: =SUM(BC11-BC10) -> 400 | BE11: 36073596 | BF11: =SUM(BE11-BE10) -> 116530 | BI11: =(C11) -> 37383563 | BN11: =(F11) -> 4235738 | BR11: =(S11) -> 626627 | BV11: =V11 -> 171461 | CC11: =(BA11) -> 6824800 | CI11: =(AV11) -> 15952097 | CN11: =(AS11) -> 5506 | CR11: =(BC11) -> 3707200 | CW11: =(BE11) -> 36073596
B12: 43885 | C12: 37503571 | E12: =SUM(C12-C11)*10 -> 1200080 | F12: 4243580 | H12: =SUM(F12-F11)*10 -> 78420 | I12: 16106 | K12: =SUM(I12-I11)*10 -> 290 | L12: 274382 | N12: =SUM(L12-L11)*1000 -> 917000 | O12: 8471 | Q12: =SUM(O12-O11)*100 -> 0 | S12: 629153 | U12: =SUM(S12-S11)*100 -> 252600 | V12: 184954 | X12: =SUM(V12-V11)*100 -> 1349300 | Y12: =SUM(U12+X12) -> 1601900 | AA12: 5537 | AB12: =SUM(AA12-AA11)*10000 -> 1710000 | AC12: 197365002 | AD12: =SUM(AC12-AC11)*0.1 -> 382778.1 | AE12: 95332 | AF12: =SUM(AE12-AE11)*10 -> 5830 | AG12: 2708345 | AH12: =SUM(AG12-AG11)*10 -> 135310 | AI12: 3480240 | AJ12: =SUM(AI12-AI11) -> 17624 | AK12: 14728 | AL12: =SUM(AK12-AK11)*1000 -> 44000 | AM12: 9 | AN12: =SUM(AM12-AM11)*1000 -> 0 | AO12: 10372 | AP12: =SUM(AO12-AO11)*100 -> 5400 | AR12: =B12 -> 43885 | AS12: 5506 | AT12: =SUM(AS12-AS11) -> 0 | AV12: 16039951 | AW12: =SUM(AV12-AV11) -> 87854 | AX12: 272644358 | AY12: =SUM(AX12-AX11)/100 -> 64650.33 | AZ12: =SUM(AW12-AY12) -> 23203.67 | BA12: 6826000 | BB12: =SUM(BA12-BA11) -> 1200 | BC12: 3713900 | BD12: =SUM(BC12-BC11) -> 6700 | BE12: 36309859 | BF12: =SUM(BE12-BE11) -> 236263 | BI12: =(C12) -> 37503571 | BN12: =(F12) -> 4243580 | BR12: =(S12) -> 629153 | BV12: =V12 -> 184954 | CC12: =(BA12) -> 6826000 | CI12: =(AV12) -> 16039951 | CN12: =(AS12) -> 5506 | CR12: =(BC12) -> 3713900 | CW12: =(BE12) -> 36309859
B13: 43891 | C13: 37600284 | E13: =SUM(C13-C12)*10 -> 967130 | F13: 4253596 | H13: =SUM(F13-F12)*10 -> 100160 | I13: 16131 | K13: =SUM(I13-I12)*10 -> 250 | L13: 275118 | N13: =SUM(L13-L12)*1000 -> 736000 | O13: 8471 | Q13: =SUM(O13-O12)*100 -> 0 | S13: 631329 | U13: =SUM(S13-S12)*100 -> 217600 | V13: 199540 | X13: =SUM(V13-V12)*100 -> 1458600 | Y13: =SUM(U13+X13) -> 1676200 | AA13: 5640 | AB13: =SUM(AA13-AA12)*10000 -> 1030000 | AC13: 199831621 | AD13: =SUM(AC13-AC12)*0.1 -> 246661.9 | AE13: 95339 | AF13: =SUM(AE13-AE12)*10 -> 70 | AG13: 2717886 | AH13: =SUM(AG13-AG12)*10 -> 95410 | AI13: 3495650 | AJ13: =SUM(AI13-AI12) -> 15410 | AK13: 14770 | AL13: =SUM(AK13-AK12)*1000 -> 42000 | AM13: 10 | AN13: =SUM(AM13-AM12)*1000 -> 1000 | AO13: 10420 | AP13: =SUM(AO13-AO12)*100 -> 4800 | AR13: =B13 -> 43891 | AS13: 5825 | AT13: =SUM(AS13-AS12) -> 319 | AV13: 16120730 | AW13: =SUM(AV13-AV12) -> 80779 | AX13: 279101818 | AY13: =SUM(AX13-AX12)/100 -> 64574.6 | AZ13: =SUM(AW13-AY13) -> 16204.4 | BA13: 6828700 | BB13: =SUM(BA13-BA12) -> 2700 | BC13: 3718400 | BD13: =SUM(BC13-BC12) -> 4500 | BE13: 36548737 | BF13: =SUM(BE13-BE12) -> 238878 | BI13: =(C13) -> 37600284 | BJ13: 375118 | BK13: =SUM(BJ13-BJ9) -> 6149 | BL13: =SUM(BK13*1.0228)+1887.37 -> 8176.5672 | BM13: 27541.8 | BN13: =(F13) -> 4253596 | BO13: 42445 | BP13: =SUM(BO13-BO9) -> 385 | BQ13: =SUM(BP13*0.8062)+1557.24 -> 1867.627 | BR13: =(S13) -> 631329 | BS13: 630331 | BT13: 59604.99 | BU13: 44183.11 | BV13: =V13 -> 199540 | BW13: 19133 | BX13: 2987.18 | BY13: 2223.49 | BZ13: =SUM(BT13+BX13) -> 62592.17 | CA13: 14791.95 | CC13: =(BA13) -> 6828700 | CD13: 6827 | CE13: =SUM(CD13-CD9) -> 12 | CF13: =SUM(CE13*1.0228)+117.88 -> 130.1536 | CG13: 68.64 | CH13: 1451.94 | CI13: =(AV13) -> 16120730 | CJ13: 16039 | CK13: =SUM(CJ13-CJ9) -> 446 | CL13: =SUM(CK13*1.0228+188.7) -> 644.8688 | CM13: 537.68 | CN13: =(AS13) -> 5825 | CO13: 5735 | CP13: 1636.69 | CQ13: 1218.34 | CR13: =(BC13) -> 3718400 | CS13: 3714 | CT13: =SUM(CS13-CS9) -> 10 | CU13: =SUM(CT13*1.0228)+188.7 -> 198.928 | CW13: =(BE13) -> 36548737 | CX13: 363098 | CY13: =SUM(CX13-CX9) -> 2896 | CZ13: =SUM(CY13*0.8062)+973.2 -> 3307.9552 | DC13: =SUM(E11:E14) -> 4655990 | DD13: =SUM(BL13+CF13+CL13+#REF!+CU13) -> #REF! | DE13: =SUM(BQ13+CZ13) -> 5175.5822 | DF13: =SUM(BM13+CG13+CV13) -> 27610.44 | DG13: =SUM(DD13:DF13) -> #REF! | DI13: =SUM(BU13+CQ13+BY13) -> 47624.94 | DJ13: =SUM(CA13+CH13) -> 16243.89
B14: 43898 | C14: 37727800 | E14: =SUM(C14-C13)*10 -> 1275160 | F14: 4264302 | H14: =SUM(F14-F13)*10 -> 107060 | I14: 16163 | K14: =SUM(I14-I13)*10 -> 320 | L14: 276074 | N14: =SUM(L14-L13)*1000 -> 956000 | O14: 8471 | Q14: =SUM(O14-O13)*100 -> 0 | S14: 633985 | U14: =SUM(S14-S13)*100 -> 265600 | V14: 215440 | X14: =SUM(V14-V13)*100 -> 1590000 | Y14: =SUM(U14+X14) -> 1855600 | AA14: 5809 | AB14: =SUM(AA14-AA13)*10000 -> 1690000 | AC14: 203143220 | AD14: =SUM(AC14-AC13)*0.1 -> 331159.9 | AE14: 95537 | AF14: =SUM(AE14-AE13)*10 -> 1980 | AG14: 2734249 | AH14: =SUM(AG14-AG13)*10 -> 163630 | AI14: 3517175 | AJ14: =SUM(AI14-AI13) -> 21525 | AK14: 14827 | AL14: =SUM(AK14-AK13)*1000 -> 57000 | AM14: 10 | AN14: =SUM(AM14-AM13)*1000 -> 0 | AO14: 10503 | AP14: =SUM(AO14-AO13)*100 -> 8300 | AR14: =B14 -> 43898 | AS14: 5945 | AT14: =SUM(AS14-AS13) -> 120 | AV14: 16199055 | AW14: =SUM(AV14-AV13) -> 78325 | AX14: 285515838 | AY14: =SUM(AX14-AX13)/100 -> 64140.2 | AZ14: =SUM(AW14-AY14) -> 14184.8 | BA14: 6832700 | BB14: =SUM(BA14-BA13) -> 4000 | BC14: 3719400 | BD14: =SUM(BC14-BC13) -> 1000 | BE14: 36853926 | BF14: =SUM(BE14-BE13) -> 305189 | BI14: =(C14) -> 37727800 | BN14: =(F14) -> 4264302 | BR14: =(S14) -> 633985 | BV14: =V14 -> 215440 | CC14: =(BA14) -> 6832700 | CI14: =(AV14) -> 16199055 | CN14: =(AS14) -> 5945 | CR14: =(BC14) -> 3719400 | CW14: =(BE14) -> 36853926
B15: 43905 | C15: 37839997 | E15: =SUM(C15-C14)*10 -> 1121970 | F15: 4275852 | H15: =SUM(F15-F14)*10 -> 115500 | I15: 16191 | K15: =SUM(I15-I14)*10 -> 280 | L15: 276871 | N15: =SUM(L15-L14)*1000 -> 797000 | O15: 8471 | Q15: =SUM(O15-O14)*100 -> 0 | S15: 636154 | U15: =SUM(S15-S14)*100 -> 216900 | V15: 225375 | X15: =SUM(V15-V14)*100 -> 993500 | Y15: =SUM(U15+X15) -> 1210400 | AA15: 5998 | AB15: =SUM(AA15-AA14)*10000 -> 1890000 | AC15: 207166656 | AD15: =SUM(AC15-AC14)*0.1 -> 402343.6 | AE15: 95769 | AF15: =SUM(AE15-AE14)*10 -> 2320 | AG15: 2748875 | AH15: =SUM(AG15-AG14)*10 -> 146260 | AI15: 3538410 | AJ15: =SUM(AI15-AI14) -> 21235 | AK15: 14864 | AL15: =SUM(AK15-AK14)*1000 -> 37000 | AM15: 10 | AN15: =SUM(AM15-AM14)*1000 -> 0 | AO15: 10589 | AP15: =SUM(AO15-AO14)*100 -> 8600 | AR15: =B15 -> 43905 | AS15: 6052 | AT15: =SUM(AS15-AS14) -> 107 | AV15: 16277037 | AW15: =SUM(AV15-AV14) -> 77982 | AX15: 291941623 | AY15: =SUM(AX15-AX14)/100 -> 64257.85 | AZ15: =SUM(AW15-AY15) -> 13724.15 | BA15: 6839700 | BB15: =SUM(BA15-BA14) -> 7000 | BC15: 3720600 | BD15: =SUM(BC15-BC14) -> 1200 | BE15: 37173998 | BF15: =SUM(BE15-BE14) -> 320072 | BI15: =(C15) -> 37839997 | BN15: =(F15) -> 4275852 | BR15: =(S15) -> 636154 | BV15: =V15 -> 225375 | CC15: =(BA15) -> 6839700 | CI15: =(AV15) -> 16277037 | CN15: =(AS15) -> 6052 | CR15: =(BC15) -> 3720600 | CW15: =(BE15) -> 37173998
B16: 43912 | C16: 37924163 | E16: =SUM(C16-C15)*10 -> 841660 | F16: 4297544 | H16: =SUM(F16-F15)*10 -> 216920 | I16: 16218 | K16: =SUM(I16-I15)*10 -> 270 | L16: 277388 | N16: =SUM(L16-L15)*1000 -> 517000 | O16: 8471 | Q16: =SUM(O16-O15)*100 -> 0 | S16: 637640 | U16: =SUM(S16-S15)*100 -> 148600 | V16: 232661 | X16: =SUM(V16-V15)*100 -> 728600 | Y16: =SUM(U16+X16) -> 877200 | AA16: 6199 | AB16: =SUM(AA16-AA15)*10000 -> 2010000 | AC16: 211590060 | AD16: =SUM(AC16-AC15)*0.1 -> 442340.4 | AE16: 96538 | AF16: =SUM(AE16-AE15)*10 -> 7690 | AG16: 2764914 | AH16: =SUM(AG16-AG15)*10 -> 160390 | AI16: 3556866 | AJ16: =SUM(AI16-AI15) -> 18456 | AK16: 14900 | AL16: =SUM(AK16-AK15)*1000 -> 36000 | AM16: 10 | AN16: =SUM(AM16-AM15)*1000 -> 0 | AO16: 10657 | AP16: =SUM(AO16-AO15)*100 -> 6800 | AR16: =B16 -> 43912 | AS16: 6052 | AT16: =SUM(AS16-AS15) -> 0 | AV16: 16352700 | AW16: =SUM(AV16-AV15) -> 75663 | AX16: 298279103 | AY16: =SUM(AX16-AX15)/100 -> 63374.8 | AZ16: =SUM(AW16-AY16) -> 12288.2 | BA16: 6843800 | BB16: =SUM(BA16-BA15) -> 4100 | BC16: 3721000 | BD16: =SUM(BC16-BC15) -> 400 | BE16: 37431106 | BF16: =SUM(BE16-BE15) -> 257108 | BI16: =(C16) -> 37924163 | BN16: =(F16) -> 4297544 | BR16: =(S16) -> 637640 | BV16: =V16 -> 232661 | CC16: =(BA16) -> 6843800 | CI16: =(AV16) -> 16352700 | CN16: =(AS16) -> 6052 | CR16: =(BC16) -> 3721000 | CW16: =(BE16) -> 37431106
B17: 43919 | C17: 37975233 | E17: =SUM(C17-C16)*10 -> 510700 | F17: 4320557 | H17: =SUM(F17-F16)*10 -> 230130 | I17: 16272 | K17: =SUM(I17-I16)*10 -> 540 | L17: 277663 | N17: =SUM(L17-L16)*1000 -> 275000 | O17: 8471 | Q17: =SUM(O17-O16)*100 -> 0 | S17: 638222 | U17: =SUM(S17-S16)*100 -> 58200 | V17: 235060 | X17: =SUM(V17-V16)*100 -> 239900 | Y17: =SUM(U17+X17) -> 298100 | AA17: 6349 | AB17: =SUM(AA17-AA16)*10000 -> 1500000 | AC17: 214984470 | AD17: =SUM(AC17-AC16)*0.1 -> 339441 | AE17: 96550 | AF17: =SUM(AE17-AE16)*10 -> 120 | AG17: 2781468 | AH17: =SUM(AG17-AG16)*10 -> 165540 | AI17: 3578281 | AJ17: =SUM(AI17-AI16) -> 21415 | AK17: 14904 | AL17: =SUM(AK17-AK16)*1000 -> 4000 | AM17: 10 | AN17: =SUM(AM17-AM16)*1000 -> 0 | AO17: 10662 | AP17: =SUM(AO17-AO16)*100 -> 500 | AR17: =B17 -> 43919 | AS17: 6162 | AT17: =SUM(AS17-AS16) -> 110 | AV17: 16416296 | AW17: =SUM(AV17-AV16) -> 63596 | AX17: 304348069 | AY17: =SUM(AX17-AX16)/100 -> 60689.66 | AZ17: =SUM(AW17-AY17) -> 2906.34 | BA17: 6844700 | BB17: =SUM(BA17-BA16) -> 900 | BC17: 3721300 | BD17: =SUM(BC17-BC16) -> 300 | BE17: 37749669 | BF17: =SUM(BE17-BE16) -> 318563 | BI17: =(C17) -> 37975233 | BJ17: 379079 | BK17: =SUM(BJ17-BJ13) -> 3961 | BL17: =SUM(BK17*1.0228)+1887.37 -> 5938.6808 | BM17: 16656.12 | BN17: =(F17) -> 4320557 | BO17: 42940 | BP17: =SUM(BO17-BO13) -> 495 | BQ17: =SUM(BP17*0.8062)+1557.24 -> 1956.309 | BR17: =(S17) -> 638222 | BS17: 638006 | BT17: 38288.27 | BU17: 28444.24 | BV17: =V17 -> 235060 | BW17: 23449 | BX17: 1864.99 | BY17: 1390.81 | BZ17: =SUM(BT17+BX17) -> 40153.26 | CA17: 6873.73 | CC17: =(BA17) -> 6844700 | CD17: 6844 | CE17: =SUM(CD17-CD13) -> 17 | CF17: =SUM(CE17*1.0228)+117.88 -> 135.2676 | CG17: 97.24 | CH17: 1002.53 | CI17: =(AV17) -> 16416296 | CJ17: 16332 | CK17: =SUM(CJ17-CJ13) -> 293 | CL17: =SUM(CK17*1.0228+188.7) -> 488.3804 | CM17: 308.88 | CN17: =(AS17) -> 6162 | CO17: 6153 | CP17: 969.09 | CQ17: 722.7 | CR17: =(BC17) -> 3721300 | CS17: 3721 | CT17: =SUM(CS17-CS13) -> 7 | CU17: =SUM(CT17*1.0228)+188.7 -> 195.8596 | CW17: =(BE17) -> 37749669 | CX17: 373229 | CY17: =SUM(CX17-CX13) -> 10131 | CZ17: =SUM(CY17*0.8062)+973.2 -> 9140.8122 | DC17: =SUM(E15:E18) -> 2647720 | DD17: =SUM(BL17+CF17+CL17+#REF!+CU17) -> #REF! | DE17: =SUM(BQ17+CZ17) -> 11097.121 | DF17: =SUM(BM17+CG17+CV17) -> 16753.36 | DG17: =SUM(DD17:DF17) -> #REF! | DI17: =SUM(BU17+CQ17+BY17) -> 30557.75 | DJ17: =SUM(CA17+CH17) -> 7876.26
B18: 43922 | C18: 37992572 | E18: =SUM(C18-C17)*10 -> 173390 | F18: 4329989 | H18: =SUM(F18-F17)*10 -> 94320 | I18: 16287 | K18: =SUM(I18-I17)*10 -> 150 | L18: 277767 | N18: =SUM(L18-L17)*1000 -> 104000 | O18: 8471 | Q18: =SUM(O18-O17)*100 -> 0 | S18: 638348 | U18: =SUM(S18-S17)*100 -> 12600 | V18: 235091 | X18: =SUM(V18-V17)*100 -> 3100 | Y18: =SUM(U18+X18) -> 15700 | AA18: 6416 | AB18: =SUM(AA18-AA17)*10000 -> 670000 | AC18: 215542905 | AD18: =SUM(AC18-AC17)*0.1 -> 55843.5 | AE18: 96552 | AF18: =SUM(AE18-AE17)*10 -> 20 | AG18: 2784238 | AH18: =SUM(AG18-AG17)*10 -> 27700 | AI18: 3584860 | AJ18: =SUM(AI18-AI17) -> 6579 | AK18: 14904 | AL18: =SUM(AK18-AK17)*1000 -> 0 | AM18: 10 | AN18: =SUM(AM18-AM17)*1000 -> 0 | AO18: 10662 | AP18: =SUM(AO18-AO17)*100 -> 0 | AR18: =B18 -> 43922 | AS18: 6166 | AT18: =SUM(AS18-AS17) -> 4 | AV18: 16435246 | AW18: =SUM(AV18-AV17) -> 18950 | AX18: 306109318 | AY18: =SUM(AX18-AX17)/100 -> 17612.49 | AZ18: =SUM(AW18-AY18) -> 1337.51 | BA18: 6845700 | BB18: =SUM(BA18-BA17) -> 1000 | BC18: 3721300 | BD18: =SUM(BC18-BC17) -> 0 | BE18: 37912292 | BF18: =SUM(BE18-BE17) -> 162623 | BI18: =(C18) -> 37992572 | BN18: =(F18) -> 4329989 | BR18: =(S18) -> 638348 | BV18: =V18 -> 235091 | CC18: =(BA18) -> 6845700 | CI18: =(AV18) -> 16435246 | CN18: =(AS18) -> 6166 | CR18: =(BC18) -> 3721300 | CW18: =(BE18) -> 37912292
B19: 43926 | C19: 38024310 | E19: =SUM(C19-C18)*10 -> 317380 | F19: 4343897 | H19: =SUM(F19-F18)*10 -> 139080 | I19: 16301 | K19: =SUM(I19-I18)*10 -> 140 | L19: 277901 | N19: =SUM(L19-L18)*1000 -> 134000 | O19: 8471 | Q19: =SUM(O19-O18)*100 -> 0 | S19: 638682 | U19: =SUM(S19-S18)*100 -> 33400 | V19: 235159 | X19: =SUM(V19-V18)*100 -> 6800 | Y19: =SUM(U19+X19) -> 40200 | AA19: 6482 | AB19: =SUM(AA19-AA18)*10000 -> 660000 | AC19: 216906355 | AD19: =SUM(AC19-AC18)*0.1 -> 136345 | AE19: 96596 | AF19: =SUM(AE19-AE18)*10 -> 440 | AG19: 2794762 | AH19: =SUM(AG19-AG18)*10 -> 105240 | AI19: 3601132 | AJ19: =SUM(AI19-AI18) -> 16272 | AK19: 14907 | AL19: =SUM(AK19-AK18)*1000 -> 3000 | AM19: 10 | AN19: =SUM(AM19-AM18)*1000 -> 0 | AO19: 10662 | AP19: =SUM(AO19-AO18)*100 -> 0 | AR19: =B19 -> 43926 | AS19: 6178 | AT19: =SUM(AS19-AS18) -> 12 | AV19: 16481034 | AW19: =SUM(AV19-AV18) -> 45788 | AX19: 310497764 | AY19: =SUM(AX19-AX18)/100 -> 43884.46 | AZ19: =SUM(AW19-AY19) -> 1903.54 | BA19: 6848300 | BB19: =SUM(BA19-BA18) -> 2600 | BC19: 3721600 | BD19: =SUM(BC19-BC18) -> 300 | BE19: 38172424 | BF19: =SUM(BE19-BE18) -> 260132 | BI19: =(C19) -> 38024310 | BN19: =(F19) -> 4343897 | BR19: =(S19) -> 638682 | BV19: =V19 -> 235159 | CC19: =(BA19) -> 6848300 | CI19: =(AV19) -> 16481034 | CN19: =(AS19) -> 6178 | CR19: =(BC19) -> 3721600 | CW19: =(BE19) -> 38172424
B20: 43933 | C20: 38060680 | E20: =SUM(C20-C19)*10 -> 363700 | F20: 4364332 | H20: =SUM(F20-F19)*10 -> 204350 | I20: 16301 | K20: =SUM(I20-I19)*10 -> 0 | L20: 278129 | N20: =SUM(L20-L19)*1000 -> 228000 | O20: 8471 | Q20: =SUM(O20-O19)*100 -> 0 | S20: 639095 | U20: =SUM(S20-S19)*100 -> 41300 | V20: 235240 | X20: =SUM(V20-V19)*100 -> 8100 | Y20: =SUM(U20+X20) -> 49400 | AA20: 6613 | AB20: =SUM(AA20-AA19)*10000 -> 1310000 | AC20: 219571355 | AD20: =SUM(AC20-AC19)*0.1 -> 266500 | AE20: 96604 | AF20: =SUM(AE20-AE19)*10 -> 80 | AG20: 2798559 | AH20: =SUM(AG20-AG19)*10 -> 37970 | AI20: 3622161 | AJ20: =SUM(AI20-AI19) -> 21029 | AK20: 14914 | AL20: =SUM(AK20-AK19)*1000 -> 7000 | AM20: 10 | AN20: =SUM(AM20-AM19)*1000 -> 0 | AO20: 10663 | AP20: =SUM(AO20-AO19)*100 -> 100 | AR20: =B20 -> 43933 | AS20: 6196 | AT20: =SUM(AS20-AS19) -> 18 | AV20: 16545282 | AW20: =SUM(AV20-AV19) -> 64248 | AX20: 316578989 | AY20: =SUM(AX20-AX19)/100 -> 60812.25 | AZ20: =SUM(AW20-AY20) -> 3435.75 | BA20: 6849600 | BB20: =SUM(BA20-BA19) -> 1300 | BC20: 3721900 | BD20: =SUM(BC20-BC19) -> 300 | BE20: 38479889 | BF20: =SUM(BE20-BE19) -> 307465 | BI20: =(C20) -> 38060680 | BN20: =(F20) -> 4364332 | BR20: =(S20) -> 639095 | BV20: =V20 -> 235240 | CC20: =(BA20) -> 6849600 | CI20: =(AV20) -> 16545282 | CN20: =(AS20) -> 6196 | CR20: =(BC20) -> 3721900 | CW20: =(BE20) -> 38479889
B21: 43940 | C21: 38095654 | E21: =SUM(C21-C20)*10 -> 349740 | F21: 4379811 | H21: =SUM(F21-F20)*10 -> 154790 | I21: 16301 | K21: =SUM(I21-I20)*10 -> 0 | L21: 278377 | N21: =SUM(L21-L20)*1000 -> 248000 | O21: 8471 | Q21: =SUM(O21-O20)*100 -> 0 | S21: 639481 | U21: =SUM(S21-S20)*100 -> 38600 | V21: 235300 | X21: =SUM(V21-V20)*100 -> 6000 | Y21: =SUM(U21+X21) -> 44600 | AA21: 6756 | AB21: =SUM(AA21-AA20)*10000 -> 1430000 | AC21: 222710659 | AD21: =SUM(AC21-AC20)*0.1 -> 313930.4 | AE21: 96648 | AF21: =SUM(AE21-AE20)*10 -> 440 | AG21: 2800532 | AH21: =SUM(AG21-AG20)*10 -> 19730 | AI21: 3643439 | AJ21: =SUM(AI21-AI20) -> 21278 | AK21: 14915 | AL21: =SUM(AK21-AK20)*1000 -> 1000 | AM21: 10 | AN21: =SUM(AM21-AM20)*1000 -> 0 | AO21: 10663 | AP21: =SUM(AO21-AO20)*100 -> 0 | AR21: =B21 -> 43940 | AS21: 6224 | AT21: =SUM(AS21-AS20) -> 28 | AV21: 16617643 | AW21: =SUM(AV21-AV20) -> 72361 | AX21: 323475891 | AY21: =SUM(AX21-AX20)/100 -> 68969.02 | AZ21: =SUM(AW21-AY21) -> 3391.98 | BA21: 6849600 | BB21: =SUM(BA21-BA20) -> 0 | BC21: 3723100 | BD21: =SUM(BC21-BC20) -> 1200 | BE21: 38710911 | BF21: =SUM(BE21-BE20) -> 231022 | BI21: =(C21) -> 38095654 | BN21: =(F21) -> 4379811 | BR21: =(S21) -> 639481 | BV21: =V21 -> 235300 | CC21: =(BA21) -> 6849600 | CI21: =(AV21) -> 16617643 | CN21: =(AS21) -> 6224 | CR21: =(BC21) -> 3723100 | CW21: =(BE21) -> 38710911
B22: 43947 | C22: 38150256 | E22: =SUM(C22-C21)*10 -> 546020 | F22: 4390651 | H22: =SUM(F22-F21)*10 -> 108400 | I22: 16301 | K22: =SUM(I22-I21)*10 -> 0 | L22: 278689 | N22: =SUM(L22-L21)*1000 -> 312000 | O22: 8471 | Q22: =SUM(O22-O21)*100 -> 0 | S22: 639921 | U22: =SUM(S22-S21)*100 -> 44000 | V22: 235440 | X22: =SUM(V22-V21)*100 -> 14000 | Y22: =SUM(U22+X22) -> 58000 | AA22: 6904 | AB22: =SUM(AA22-AA21)*10000 -> 1480000 | AC22: 225965845 | AD22: =SUM(AC22-AC21)*0.1 -> 325518.6 | AE22: 96698 | AF22: =SUM(AE22-AE21)*10 -> 500 | AG22: 2814248 | AH22: =SUM(AG22-AG21)*10 -> 137160 | AI22: 3664139 | AJ22: =SUM(AI22-AI21) -> 20700 | AK22: 14942 | AL22: =SUM(AK22-AK21)*1000 -> 27000 | AM22: 10 | AN22: =SUM(AM22-AM21)*1000 -> 0 | AO22: 10662 | AP22: =SUM(AO22-AO21)*100 -> -100 | AR22: =B22 -> 43947 | AS22: 6244 | AT22: =SUM(AS22-AS21) -> 20 | AV22: 16673800 | AW22: =SUM(AV22-AV21) -> 56157 | AX22: 328810409 | AY22: =SUM(AX22-AX21)/100 -> 53345.18 | AZ22: =SUM(AW22-AY22) -> 2811.82 | BA22: 6855300 | BB22: =SUM(BA22-BA21) -> 5700 | BC22: 3723400 | BD22: =SUM(BC22-BC21) -> 300 | BE22: 38837140 | BF22: =SUM(BE22-BE21) -> 126229 | BI22: =(C22) -> 38150256 | BN22: =(F22) -> 4390651 | BR22: =(S22) -> 639921 | BV22: =V22 -> 235440 | CC22: =(BA22) -> 6855300 | CI22: =(AV22) -> 16673800 | CN22: =(AS22) -> 6244 | CR22: =(BC22) -> 3723400 | CW22: =(BE22) -> 38837140
B23: 43952 | C23: 38183929 | E23: =SUM(C23-C22)*10 -> 336730 | F23: 4402020 | H23: =SUM(F23-F22)*10 -> 113690 | I23: 16301 | K23: =SUM(I23-I22)*10 -> 0 | L23: 278879 | N23: =SUM(L23-L22)*1000 -> 190000 | O23: 8471 | Q23: =SUM(O23-O22)*100 -> 0 | S23: 640213 | U23: =SUM(S23-S22)*100 -> 29200 | V23: 235496 | X23: =SUM(V23-V22)*100 -> 5600 | Y23: =SUM(U23+X23) -> 34800 | AA23: 6971 | AB23: =SUM(AA23-AA22)*10000 -> 670000 | AC23: 227674732 | AD23: =SUM(AC23-AC22)*0.1 -> 170888.7 | AE23: 96694 | AF23: =SUM(AE23-AE22)*10 -> -40 | AG23: 2823763 | AH23: =SUM(AG23-AG22)*10 -> 95150 | AI23: 3674982 | AJ23: =SUM(AI23-AI22) -> 10843 | AK23: 14942 | AL23: =SUM(AK23-AK22)*1000 -> 0 | AM23: 10 | AN23: =SUM(AM23-AM22)*1000 -> 0 | AO23: 10662 | AP23: =SUM(AO23-AO22)*100 -> 0 | AR23: =B23 -> 43952 | AS23: 6261 | AT23: =SUM(AS23-AS22) -> 17 | AV23: 16729301 | AW23: =SUM(AV23-AV22) -> 55501 | AX23: 334064704 | AY23: =SUM(AX23-AX22)/100 -> 52542.95 | AZ23: =SUM(AW23-AY23) -> 2958.05 | BA23: 6858200 | BB23: =SUM(BA23-BA22) -> 2900 | BC23: 3723800 | BD23: =SUM(BC23-BC22) -> 400 | BE23: 39028478 | BF23: =SUM(BE23-BE22) -> 191338 | BI23: =(C23) -> 38183929 | BJ23: 380930 | BK23: =SUM(BJ23-BJ17) -> 1851 | BL23: =SUM(BK23*1.1251)+2076.11 -> 4158.6701 | BM23: 5554.07 | BN23: =(F23) -> 4402020 | BO23: 43798 | BP23: =SUM(BO23-BO17) -> 858 | BQ23: =SUM(BP23*0.8868)+1712.96 -> 2473.8344 | BR23: =(S23) -> 640213 | BS23: 639685 | BT23: 8376.03 | BU23: 6857.36 | BV23: =V23 -> 235496 | BW23: 23538 | BX23: 38.46 | BY23: 31.53 | BZ23: =SUM(BT23+BX23) -> 8414.49 | CA23: 2754.81 | CC23: =(BA23) -> 6858200 | CD23: 6852 | CE23: =SUM(CD23-CD17) -> 8 | CF23: =SUM(CE23*1.1251)+129.67 -> 138.6708 | CG23: 50.32 | CH23: 1002.53 | CI23: =(AV23) -> 16729301 | CJ23: 16599 | CK23: =SUM(CJ23-CJ17) -> 267 | CL23: =SUM(CK23*1.1251+207.57) -> 507.9717 | CM23: 94.35 | CN23: =(AS23) -> 6261 | CO23: 6230 | CP23: 178.52 | CQ23: 146.3 | CR23: =(BC23) -> 3723800 | CS23: 3723 | CT23: =SUM(CS23-CS17) -> 2 | CU23: =SUM(CT23*1.1251)+207.57 -> 209.8202 | CW23: =(BE23) -> 39028478 | CX23: 386385 | CY23: =SUM(CX23-CX17) -> 13156 | CZ23: =SUM(CY23*0.8868)+1070.52 -> 12737.261 | DC23: =SUM(E21:E24) -> 1508260 | DD23: =SUM(BL23+CF23+CL23+#REF!+CU23) -> #REF! | DE23: =SUM(BQ23+CZ23) -> 15211.095 | DF23: =SUM(BM23+CG23+CV23) -> 5604.39 | DG23: =SUM(DD23:DF23) -> #REF! | DI23: =SUM(BU23+CQ23+BY23) -> 7035.19 | DJ23: =SUM(CA23+CH23) -> 3757.34
B24: 43955 | C24: 38211506 | E24: =SUM(C24-C23)*10 -> 275770 | F24: 4411492 | H24: =SUM(F24-F23)*10 -> 94720 | I24: 16301 | K24: =SUM(I24-I23)*10 -> 0 | L24: 278983 | N24: =SUM(L24-L23)*1000 -> 104000 | O24: 8471 | Q24: =SUM(O24-O23)*100 -> 0 | S24: 640422 | U24: =SUM(S24-S23)*100 -> 20900 | V24: 235529 | X24: =SUM(V24-V23)*100 -> 3300 | Y24: =SUM(U24+X24) -> 24200 | AA24: 7012 | AB24: =SUM(AA24-AA23)*10000 -> 410000 | AC24: 228839165 | AD24: =SUM(AC24-AC23)*0.1 -> 116443.3 | AE24: 96694 | AF24: =SUM(AE24-AE23)*10 -> 0 | AG24: 2833781 | AH24: =SUM(AG24-AG23)*10 -> 100180 | AI24: 3679765 | AJ24: =SUM(AI24-AI23) -> 4783 | AK24: 14942 | AL24: =SUM(AK24-AK23)*1000 -> 0 | AM24: 10 | AN24: =SUM(AM24-AM23)*1000 -> 0 | AO24: 10662 | AP24: =SUM(AO24-AO23)*100 -> 0 | AR24: =B24 -> 43955 | AS24: 6263 | AT24: =SUM(AS24-AS23) -> 2 | AV24: 16738138 | AW24: =SUM(AV24-AV23) -> 8837 | AX24: 334894325 | AY24: =SUM(AX24-AX23)/100 -> 8296.21 | AZ24: =SUM(AW24-AY24) -> 540.79 | BA24: 6858500 | BB24: =SUM(BA24-BA23) -> 300 | BC24: 3723900 | BD24: =SUM(BC24-BC23) -> 100 | BE24: 39101076 | BF24: =SUM(BE24-BE23) -> 72598 | BI24: =(C24) -> 38211506 | BN24: =(F24) -> 4411492 | BR24: =(S24) -> 640422 | BV24: =V24 -> 235529 | CC24: =(BA24) -> 6858500 | CI24: =(AV24) -> 16738138 | CN24: =(AS24) -> 6263 | CR24: =(BC24) -> 3723900 | CW24: =(BE24) -> 39101076
B25: 43961 | C25: 38257669 | E25: =SUM(C25-C24)*10 -> 461630 | F25: 4431377 | H25: =SUM(F25-F24)*10 -> 198850 | I25: 16301 | K25: =SUM(I25-I24)*10 -> 0 | L25: 279224 | N25: =SUM(L25-L24)*1000 -> 241000 | O25: 8471 | Q25: =SUM(O25-O24)*100 -> 0 | S25: 640928 | U25: =SUM(S25-S24)*100 -> 50600 | V25: 235603 | X25: =SUM(V25-V24)*100 -> 7400 | Y25: =SUM(U25+X25) -> 58000 | AA25: 7139 | AB25: =SUM(AA25-AA24)*10000 -> 1270000 | AC25: 231511872 | AD25: =SUM(AC25-AC24)*0.1 -> 267270.7 | AE25: 96700 | AF25: =SUM(AE25-AE24)*10 -> 60 | AG25: 2840982 | AH25: =SUM(AG25-AG24)*10 -> 72010 | AI25: 3692082 | AJ25: =SUM(AI25-AI24) -> 12317 | AK25: 14991 | AL25: =SUM(AK25-AK24)*1000 -> 49000 | AM25: 10 | AN25: =SUM(AM25-AM24)*1000 -> 0 | AO25: 10662 | AP25: =SUM(AO25-AO24)*100 -> 0 | AR25: =B25 -> 43961 | AS25: 6292 | AT25: =SUM(AS25-AS24) -> 29 | AV25: 16804463 | AW25: =SUM(AV25-AV24) -> 66325 | AX25: 341000402 | AY25: =SUM(AX25-AX24)/100 -> 61060.77 | AZ25: =SUM(AW25-AY25) -> 5264.23 | BA25: 6860900 | BB25: =SUM(BA25-BA24) -> 2400 | BC25: 3724500 | BD25: =SUM(BC25-BC24) -> 600 | BE25: 39387017 | BF25: =SUM(BE25-BE24) -> 285941 | BI25: =(C25) -> 38257669 | BN25: =(F25) -> 4431377 | BR25: =(S25) -> 640928 | BV25: =V25 -> 235603 | CC25: =(BA25) -> 6860900 | CI25: =(AV25) -> 16804463 | CN25: =(AS25) -> 6292 | CR25: =(BC25) -> 3724500 | CW25: =(BE25) -> 39387017
B26: 43968 | C26: 38300440 | E26: =SUM(C26-C25)*10 -> 427710 | F26: 4454847 | H26: =SUM(F26-F25)*10 -> 234700 | I26: 16301 | K26: =SUM(I26-I25)*10 -> 0 | L26: 279495 | N26: =SUM(L26-L25)*1000 -> 271000 | O26: 8471 | Q26: =SUM(O26-O25)*100 -> 0 | S26: 641413 | U26: =SUM(S26-S25)*100 -> 48500 | V26: 235706 | X26: =SUM(V26-V25)*100 -> 10300 | Y26: =SUM(U26+X26) -> 58800 | AA26: 7282 | AB26: =SUM(AA26-AA25)*10000 -> 1430000 | AC26: 234710843 | AD26: =SUM(AC26-AC25)*0.1 -> 319897.1 | AE26: 96737 | AF26: =SUM(AE26-AE25)*10 -> 370 | AG26: 2848404 | AH26: =SUM(AG26-AG25)*10 -> 74220 | AI26: 3709351 | AJ26: =SUM(AI26-AI25) -> 17269 | AK26: 14999 | AL26: =SUM(AK26-AK25)*1000 -> 8000 | AM26: 10 | AN26: =SUM(AM26-AM25)*1000 -> 0 | AO26: 10662 | AP26: =SUM(AO26-AO25)*100 -> 0 | AR26: =B26 -> 43968 | AS26: 6378 | AT26: =SUM(AS26-AS25) -> 86 | AV26: 16887455 | AW26: =SUM(AV26-AV25) -> 82992 | AX26: 347372031 | AY26: =SUM(AX26-AX25)/100 -> 63716.29 | AZ26: =SUM(AW26-AY26) -> 19275.71 | BA26: 6864600 | BB26: =SUM(BA26-BA25) -> 3700 | BC26: 3724900 | BD26: =SUM(BC26-BC25) -> 400 | BE26: 40000946 | BF26: =SUM(BE26-BE25) -> 613929 | BI26: =(C26) -> 38300440 | BN26: =(F26) -> 4454847 | BR26: =(S26) -> 641413 | BV26: =V26 -> 235706 | CC26: =(BA26) -> 6864600 | CI26: =(AV26) -> 16887455 | CN26: =(AS26) -> 6378 | CR26: =(BC26) -> 3724900 | CW26: =(BE26) -> 40000946
B27: 43975 | C27: 38350516 | E27: =SUM(C27-C26)*10 -> 500760 | F27: 4477157 | H27: =SUM(F27-F26)*10 -> 223100 | I27: 16301 | K27: =SUM(I27-I26)*10 -> 0 | L27: 279770 | N27: =SUM(L27-L26)*1000 -> 275000 | O27: 8471 | Q27: =SUM(O27-O26)*100 -> 0 | S27: 641888 | U27: =SUM(S27-S26)*100 -> 47500 | V27: 235774 | X27: =SUM(V27-V26)*100 -> 6800 | Y27: =SUM(U27+X27) -> 54300 | AA27: 7443 | AB27: =SUM(AA27-AA26)*10000 -> 1610000 | AC27: 237991825 | AD27: =SUM(AC27-AC26)*0.1 -> 328098.2 | AE27: 96741 | AF27: =SUM(AE27-AE26)*10 -> 40 | AG27: 2861288 | AH27: =SUM(AG27-AG26)*10 -> 128840 | AI27: 3723862 | AJ27: =SUM(AI27-AI26) -> 14511 | AK27: 15022 | AL27: =SUM(AK27-AK26)*1000 -> 23000 | AM27: 10 | AN27: =SUM(AM27-AM26)*1000 -> 0 | AO27: 10662 | AP27: =SUM(AO27-AO26)*100 -> 0 | AR27: =B27 -> 43975 | AS27: 6434 | AT27: =SUM(AS27-AS26) -> 56 | AV27: 16958087 | AW27: =SUM(AV27-AV26) -> 70632 | AX27: 353716945 | AY27: =SUM(AX27-AX26)/100 -> 63449.14 | AZ27: =SUM(AW27-AY27) -> 7182.86 | BA27: 6866900 | BB27: =SUM(BA27-BA26) -> 2300 | BC27: 3725300 | BD27: =SUM(BC27-BC26) -> 400 | BE27: 40259715 | BF27: =SUM(BE27-BE26) -> 258769 | BI27: =(C27) -> 38350516 | BN27: =(F27) -> 4477157 | BR27: =(S27) -> 641888 | BV27: =V27 -> 235774 | CC27: =(BA27) -> 6866900 | CI27: =(AV27) -> 16958087 | CN27: =(AS27) -> 6434 | CR27: =(BC27) -> 3725300 | CW27: =(BE27) -> 40259715
B28: 43983 | C28: 38407146 | E28: =SUM(C28-C27)*10 -> 566300 | F28: 4480519 | H28: =SUM(F28-F27)*10 -> 33620 | I28: 16301 | K28: =SUM(I28-I27)*10 -> 0 | L28: 280036 | N28: =SUM(L28-L27)*1000 -> 266000 | O28: 8471 | Q28: =SUM(O28-O27)*100 -> 0 | S28: 642356 | U28: =SUM(S28-S27)*100 -> 46800 | V28: 235820 | X28: =SUM(V28-V27)*100 -> 4600 | Y28: =SUM(U28+X28) -> 51400 | AA28: 7603 | AB28: =SUM(AA28-AA27)*10000 -> 1600000 | AC28: 241502092 | AD28: =SUM(AC28-AC27)*0.1 -> 351026.7 | AE28: 96756 | AF28: =SUM(AE28-AE27)*10 -> 150 | AG28: 2876250 | AH28: =SUM(AG28-AG27)*10 -> 149620 | AI28: 3730669 | AJ28: =SUM(AI28-AI27) -> 6807 | AK28: 15022 | AL28: =SUM(AK28-AK27)*1000 -> 0 | AM28: 10 | AN28: =SUM(AM28-AM27)*1000 -> 0 | AO28: 10702 | AP28: =SUM(AO28-AO27)*100 -> 4000 | AR28: =B28 -> 43983 | AS28: 6498 | AT28: =SUM(AS28-AS27) -> 64 | AV28: 17029769 | AW28: =SUM(AV28-AV27) -> 71682 | AX28: 360075927 | AY28: =SUM(AX28-AX27)/100 -> 63589.82 | AZ28: =SUM(AW28-AY28) -> 8092.18 | BA28: 6868200 | BB28: =SUM(BA28-BA27) -> 1300 | BC28: 3725700 | BD28: =SUM(BC28-BC27) -> 400 | BE28: 40268110 | BF28: =SUM(BE28-BE27) -> 8395 | BI28: =(C28) -> 38407146 | BJ28: 383687 | BK28: =SUM(BJ28-BJ23) -> 2757 | BL28: =SUM(BK28*1.1251)+2076.11 -> 5178.0107 | BM28: 8843.74 | BN28: =(F28) -> 4480519 | BO28: 44785 | BP28: =SUM(BO28-BO23) -> 987 | BQ28: =SUM(BP28*0.8868)+1712.96 -> 2588.2316 | BR28: =(S28) -> 642356 | BS28: 642156 | BT28: 12327.08 | BU28: 10060.66 | BV28: =V28 -> 235820 | BW28: 23580 | BX28: 18.15 | BY28: 14.85 | BZ28: =SUM(BT28+BX28) -> 12345.23 | CA28: 1197.87 | CC28: =(BA28) -> 6868200 | CD28: 6867 | CE28: =SUM(CD28-CD23) -> 15 | CF28: =SUM(CE28*1.1251)+129.67 -> 146.5465 | CG28: 94.35 | CH28: 0 | CI28: =(AV28) -> 17029769 | CJ28: 16978 | CK28: =SUM(CJ28-CJ23) -> 379 | CL28: =SUM(CK28*1.1251+207.57) -> 633.9829 | CM28: 257.89 | CN28: =(AS28) -> 6498 | CO28: 6466 | CP28: 547.14 | CQ28: 447.53 | CR28: =(BC28) -> 3725700 | CS28: 3725 | CT28: =SUM(CS28-CS23) -> 2 | CU28: =SUM(CT28*1.1251)+207.57 -> 209.8202 | CW28: =(BE28) -> 40268110 | CX28: 402623 | CY28: =SUM(CX28-CX23) -> 16238 | CZ28: =SUM(CY28*0.8868)+1070.52 -> 15470.378 | DC28: =SUM(E3023,E28) -> 566300 | DD28: =SUM(BL28+CF28+CL28+#REF!+CU28) -> #REF! | DE28: =SUM(BQ28+CZ28) -> 18058.61 | DF28: =SUM(BM28+CG28+CV28) -> 8938.09 | DG28: =SUM(DD28:DF28) -> #REF! | DI28: =SUM(BU28+CQ28+BY28) -> 10523.04 | DJ28: =SUM(CA28+CH28) -> 1197.87
B29: 43990 | C29: 38443480 | E29: =SUM(C29-C28)*10 -> 363340 | F29: 4482884 | H29: =SUM(F29-F28)*10 -> 23650 | I29: 16301 | K29: =SUM(I29-I28)*10 -> 0 | L29: 280276 | N29: =SUM(L29-L28)*1000 -> 240000 | O29: 8471 | Q29: =SUM(O29-O28)*100 -> 0 | S29: 642831 | U29: =SUM(S29-S28)*100 -> 47500 | V29: 235889 | X29: =SUM(V29-V28)*100 -> 6900 | Y29: =SUM(U29+X29) -> 54400 | AA29: 7757 | AB29: =SUM(AA29-AA28)*10000 -> 1540000 | AC29: 244567390 | AD29: =SUM(AC29-AC28)*0.1 -> 306529.8 | AE29: 96788 | AF29: =SUM(AE29-AE28)*10 -> 320 | AG29: 2883369 | AH29: =SUM(AG29-AG28)*10 -> 71190 | AI29: 3749425 | AJ29: =SUM(AI29-AI28) -> 18756 | AK29: 15022 | AL29: =SUM(AK29-AK28)*1000 -> 0 | AM29: 10 | AN29: =SUM(AM29-AM28)*1000 -> 0 | AO29: 10733 | AP29: =SUM(AO29-AO28)*100 -> 3100 | AR29: =B29 -> 43990 | AS29: 6567 | AT29: =SUM(AS29-AS28) -> 69 | AV29: 17045900 | AW29: =SUM(AV29-AV28) -> 16131 | AX29: 366409809 | AY29: =SUM(AX29-AX28)/100 -> 63338.82 | AZ29: =SUM(AW29-AY29) -> -47207.82 | BA29: 6869400 | BB29: =SUM(BA29-BA28) -> 1200 | BC29: 3726000 | BD29: =SUM(BC29-BC28) -> 300 | BE29: 40276481 | BF29: =SUM(BE29-BE28) -> 8371 | BI29: =(C29) -> 38443480 | BN29: =(F29) -> 4482884 | BR29: =(S29) -> 642831 | BV29: =V29 -> 235889 | CC29: =(BA29) -> 6869400 | CI29: =(AV29) -> 17045900 | CN29: =(AS29) -> 6567 | CR29: =(BC29) -> 3726000 | CW29: =(BE29) -> 40276481
B30: 43997 | C30: 38474944 | E30: =SUM(C30-C29)*10 -> 314640 | F30: 4484104 | H30: =SUM(F30-F29)*10 -> 12200 | I30: 16301 | K30: =SUM(I30-I29)*10 -> 0 | L30: 280509 | N30: =SUM(L30-L29)*1000 -> 233000 | O30: 8471 | Q30: =SUM(O30-O29)*100 -> 0 | S30: 643328 | U30: =SUM(S30-S29)*100 -> 49700 | V30: 235962 | X30: =SUM(V30-V29)*100 -> 7300 | Y30: =SUM(U30+X30) -> 57000 | AA30: 7942 | AB30: =SUM(AA30-AA29)*10000 -> 1850000 | AC30: 248467702 | AD30: =SUM(AC30-AC29)*0.1 -> 390031.2 | AE30: 96849 | AF30: =SUM(AE30-AE29)*10 -> 610 | AG30: 2886131 | AH30: =SUM(AG30-AG29)*10 -> 27620 | AI30: 3755061 | AJ30: =SUM(AI30-AI29) -> 5636 | AK30: 15022 | AL30: =SUM(AK30-AK29)*1000 -> 0 | AM30: 10 | AN30: =SUM(AM30-AM29)*1000 -> 0 | AO30: 10737 | AP30: =SUM(AO30-AO29)*100 -> 400 | AR30: =B30 -> 43997 | AS30: 6630 | AT30: =SUM(AS30-AS29) -> 63 | AV30: 17131694 | AW30: =SUM(AV30-AV29) -> 85794 | AX30: 368257340 | AY30: =SUM(AX30-AX29)/100 -> 18475.31 | AZ30: =SUM(AW30-AY30) -> 67318.69 | BA30: 6872400 | BB30: =SUM(BA30-BA29) -> 3000 | BC30: 3726300 | BD30: =SUM(BC30-BC29) -> 300 | BE30: 40284612 | BF30: =SUM(BE30-BE29) -> 8131 | BI30: =(C30) -> 38474944 | BN30: =(F30) -> 4484104 | BR30: =(S30) -> 643328 | BV30: =V30 -> 235962 | CC30: =(BA30) -> 6872400 | CI30: =(AV30) -> 17131694 | CN30: =(AS30) -> 6630 | CR30: =(BC30) -> 3726300 | CW30: =(BE30) -> 40284612
