Workbook

Sheet TOTAL
A1: Site Name | B1: Day | C1: Month | D1: Year | E1: Total Electricity Kwh | F1: Electricity Tariff ($/Kwh) | G1: Natual Gas (m3) | H1: Natural Gas $/m3 | I1: Water Utility Supply (m3) m3 | J1: Water Utility Supply (m3) $/m3 | K1: Room Nights
A2: Orlando | B2: 4 | C2: 1 | D2: 2021 | E2: =Submetering!F3+Submetering!H3+Submetering!J3+Submetering!L3+Submetering!N3+Submetering!P3+Submetering!R3+Submetering!T3+Submetering!V3+Submetering!X3+Submetering!Z3+Submetering!AB3+Submetering!AC3+Submetering!AD3+Submetering!AE3 -> 139689 | F2: =((((Submetering!E3+Submetering!AD3)*0.13773+(Submetering!E3+Submetering!AD3)*0.02095)*1.09+(2.85/30)*2)+(((Submetering!F3+Submetering!H3+Submetering!J3+Submetering!L3+Submetering!N3+Submetering!P3+Submetering!R3+Submetering!T3+Submetering!V3+Submetering!X3+Submetering!Z3+Submetering!AB3+Submetering!AC3+Submetering!AE3)*0.05155)+((Submetering!F3+Submetering!H3+Submetering!J3+Submetering!L3+Submetering!N3+Submetering!P3+Submetering!R3+Submetering!T3+Submetering!V3+Submetering!X3+Submetering!Z3+Submetering!AB3+Submetering!AC3+Submetering!AE3)*0.02095)+(20/30)*15)*1.1048)/E2 -> 0.081080229 | G2: =Submetering!AK3+Submetering!AL3+Submetering!AU3 -> 2596.3234 | H2: 0.8166 | I2: =Submetering!AF3+Submetering!AG3+Submetering!AV3+Submetering!AY3+Submetering!AZ3 -> 3611.4706 | J2: =((Submetering!AG3+Submetering!BA3)*0.8868+(1712.96+1070.52)/30+(Submetering!AF3+Submetering!AY3+Submetering!AV3+Submetering!AZ3)*1.1251+(2076.11+129.67+207.57+207.57)/30+(11680.53+56.61)/30)/I2 -> 1.1862449 | K2: =Elect!C5 -> 756
A3: Orlando | B3: 11 | C3: 1 | D3: 2021 | E3: =Submetering!F4+Submetering!H4+Submetering!J4+Submetering!L4+Submetering!N4+Submetering!P4+Submetering!R4+Submetering!T4+Submetering!V4+Submetering!X4+Submetering!Z4+Submetering!AB4+Submetering!AC4+Submetering!AD4+Submetering!AE4 -> 240829 | F3: =((((Submetering!E4+Submetering!AD4)*0.13773+(Submetering!E4+Submetering!AD4)*0.02095)*1.09+(2.85/30)*2)+(((Submetering!F4+Submetering!H4+Submetering!J4+Submetering!L4+Submetering!N4+Submetering!P4+Submetering!R4+Submetering!T4+Submetering!V4+Submetering!X4+Submetering!Z4+Submetering!AB4+Submetering!AC4+Submetering!AE4)*0.05155)+((Submetering!F4+Submetering!H4+Submetering!J4+Submetering!L4+Submetering!N4+Submetering!P4+Submetering!R4+Submetering!T4+Submetering!V4+Submetering!X4+Submetering!Z4+Submetering!AB4+Submetering!AC4+Submetering!AE4)*0.02095)+(20/30)*15)*1.1048)/E3 -> 0.08089305 | G3: =Submetering!AK4+Submetering!AL4+Submetering!AU4 -> 8660.2798 | H3: 0.8166 | I3: =Submetering!AF4+Submetering!AG4+Submetering!AV4+Submetering!AY4+Submetering!AZ4 -> 4458.3348 | J3: =((Submetering!AG4+Submetering!BA4)*0.8868+(1712.96+1070.52)/30+(Submetering!AF4+Submetering!AY4+Submetering!AV4+Submetering!AZ4)*1.1251+(2076.11+129.67+207.57+207.57)/30+(11680.53+56.61)/30)/I3 -> 1.195494 | K3: =Elect!C6 -> 724
A4: Orlando | B4: 18 | C4: 1 | D4: 2021 | E4: =Submetering!F5+Submetering!H5+Submetering!J5+Submetering!L5+Submetering!N5+Submetering!P5+Submetering!R5+Submetering!T5+Submetering!V5+Submetering!X5+Submetering!Z5+Submetering!AB5+Submetering!AC5+Submetering!AD5+Submetering!AE5 -> 243403 | F4: =((((Submetering!E5+Submetering!AD5)*0.13773+(Submetering!E5+Submetering!AD5)*0.02095)*1.09+(2.85/30)*2)+(((Submetering!F5+Submetering!H5+Submetering!J5+Submetering!L5+Submetering!N5+Submetering!P5+Submetering!R5+Submetering!T5+Submetering!V5+Submetering!X5+Submetering!Z5+Submetering!AB5+Submetering!AC5+Submetering!AE5)*0.05155)+((Submetering!F5+Submetering!H5+Submetering!J5+Submetering!L5+Submetering!N5+Submetering!P5+Submetering!R5+Submetering!T5+Submetering!V5+Submetering!X5+Submetering!Z5+Submetering!AB5+Submetering!AC5+Submetering!AE5)*0.02095)+(20/30)*15)*1.1048)/E4 -> 0.080880684 | G4: =Submetering!AK5+Submetering!AL5+Submetering!AU5 -> 8077.7588 | H4: 0.8166 | I4: =Submetering!AF5+Submetering!AG5+Submetering!AV5+Submetering!AY5+Submetering!AZ5 -> 4406.3736 | J4: =((Submetering!AG5+Submetering!BA5)*0.8868+(1712.96+1070.52)/30+(Submetering!AF5+Submetering!AY5+Submetering!AV5+Submetering!AZ5)*1.1251+(2076.11+129.67+207.57+207.57)/30+(11680.53+56.61)/30)/I4 -> 1.2112628 | K4: =Elect!C7 -> 772
A5: Orlando | B5: 25 | C5: 1 | D5: 2021 | E5: =Submetering!F6+Submetering!H6+Submetering!J6+Submetering!L6+Submetering!N6+Submetering!P6+Submetering!R6+Submetering!T6+Submetering!V6+Submetering!X6+Submetering!Z6+Submetering!AB6+Submetering!AC6+Submetering!AD6+Submetering!AE6 -> 275379 | F5: =((((Submetering!E6+Submetering!AD6)*0.13773+(Submetering!E6+Submetering!AD6)*0.02095)*1.09+(2.85/30)*2)+(((Submetering!F6+Submetering!H6+Submetering!J6+Submetering!L6+Submetering!N6+Submetering!P6+Submetering!R6+Submetering!T6+Submetering!V6+Submetering!X6+Submetering!Z6+Submetering!AB6+Submetering!AC6+Submetering!AE6)*0.05155)+((Submetering!F6+Submetering!H6+Submetering!J6+Submetering!L6+Submetering!N6+Submetering!P6+Submetering!R6+Submetering!T6+Submetering!V6+Submetering!X6+Submetering!Z6+Submetering!AB6+Submetering!AC6+Submetering!AE6)*0.02095)+(20/30)*15)*1.1048)/E5 -> 0.080649402 | G5: =Submetering!AK6+Submetering!AL6+Submetering!AU6 -> 7589.8046 | H5: 0.8166 | I5: =Submetering!AF6+Submetering!AG6+Submetering!AV6+Submetering!AY6+Submetering!AZ6 -> 5141.9852 | J5: =((Submetering!AG6+Submetering!BA6)*0.8868+(1712.96+1070.52)/30+(Submetering!AF6+Submetering!AY6+Submetering!AV6+Submetering!AZ6)*1.1251+(2076.11+129.67+207.57+207.57)/30+(11680.53+56.61)/30)/I5 -> 1.1897873 | K5: =Elect!C8 -> 1454
A6: Orlando | B6: 31 | C6: 1 | D6: 2021 | E6: =Submetering!F7+Submetering!H7+Submetering!J7+Submetering!L7+Submetering!N7+Submetering!P7+Submetering!R7+Submetering!T7+Submetering!V7+Submetering!X7+Submetering!Z7+Submetering!AB7+Submetering!AC7+Submetering!AD7+Submetering!AE7 -> 262834 | F6: =((((Submetering!E7+Submetering!AD7)*0.13773+(Submetering!E7+Submetering!AD7)*0.02095)*1.09+(2.85/30)*2)+(((Submetering!F7+Submetering!H7+Submetering!J7+Submetering!L7+Submetering!N7+Submetering!P7+Submetering!R7+Submetering!T7+Submetering!V7+Submetering!X7+Submetering!Z7+Submetering!AB7+Submetering!AC7+Submetering!AE7)*0.05155)+((Submetering!F7+Submetering!H7+Submetering!J7+Submetering!L7+Submetering!N7+Submetering!P7+Submetering!R7+Submetering!T7+Submetering!V7+Submetering!X7+Submetering!Z7+Submetering!AB7+Submetering!AC7+Submetering!AE7)*0.02095)+(20/30)*15)*1.1048)/E6 -> 0.080859183 | G6: =Submetering!AK7+Submetering!AL7+Submetering!AU7 -> 6553.9132 | H6: 0.8166 | I6: =Submetering!AF7+Submetering!AG7+Submetering!AV7+Submetering!AY7+Submetering!AZ7 -> 4916.3944 | J6: =((Submetering!AG7+Submetering!BA7)*0.8868+(1712.96+1070.52)/30+(Submetering!AF7+Submetering!AY7+Submetering!AV7+Submetering!AZ7)*1.1251+(2076.11+129.67+207.57+207.57)/30+(11680.53+56.61)/30)/I6 -> 1.2039799 | K6: =Elect!C9 -> 591
A7: Orlando | B7: 8 | C7: 2 | D7: 2021 | E7: =Submetering!F8+Submetering!H8+Submetering!J8+Submetering!L8+Submetering!N8+Submetering!P8+Submetering!R8+Submetering!T8+Submetering!V8+Submetering!X8+Submetering!Z8+Submetering!AB8+Submetering!AC8+Submetering!AD8+Submetering!AE8 -> 244571 | F7: =((((Submetering!E8+Submetering!AD8)*0.13773+(Submetering!E8+Submetering!AD8)*0.02095)*1.09+(2.85/30)*2)+(((Submetering!F8+Submetering!H8+Submetering!J8+Submetering!L8+Submetering!N8+Submetering!P8+Submetering!R8+Submetering!T8+Submetering!V8+Submetering!X8+Submetering!Z8+Submetering!AB8+Submetering!AC8+Submetering!AE8)*0.05155)+((Submetering!F8+Submetering!H8+Submetering!J8+Submetering!L8+Submetering!N8+Submetering!P8+Submetering!R8+Submetering!T8+Submetering!V8+Submetering!X8+Submetering!Z8+Submetering!AB8+Submetering!AC8+Submetering!AE8)*0.02095)+(20/30)*15)*1.1048)/E7 -> 0.080975181 | G7: =Submetering!AK8+Submetering!AL8+Submetering!AU8 -> 7512.3606 | H7: 0.8166 | I7: =Submetering!AF8+Submetering!AG8+Submetering!AV8+Submetering!AY8+Submetering!AZ8 -> 4292.3356 | J7: =((Submetering!AG8+Submetering!BA8)*0.8868+(1712.96+1070.52)/30+(Submetering!AF8+Submetering!AY8+Submetering!AV8+Submetering!AZ8)*1.1251+(2076.11+129.67+207.57+207.57)/30+(11680.53+56.61)/30)/I7 -> 1.2192793 | K7: =Elect!C10 -> 748
A8: Orlando | B8: 15 | C8: 2 | D8: 2021 | E8: =Submetering!F9+Submetering!H9+Submetering!J9+Submetering!L9+Submetering!N9+Submetering!P9+Submetering!R9+Submetering!T9+Submetering!V9+Submetering!X9+Submetering!Z9+Submetering!AB9+Submetering!AC9+Submetering!AD9+Submetering!AE9 -> 294875 | F8: =((((Submetering!E9+Submetering!AD9)*0.13773+(Submetering!E9+Submetering!AD9)*0.02095)*1.09+(2.85/30)*2)+(((Submetering!F9+Submetering!H9+Submetering!J9+Submetering!L9+Submetering!N9+Submetering!P9+Submetering!R9+Submetering!T9+Submetering!V9+Submetering!X9+Submetering!Z9+Submetering!AB9+Submetering!AC9+Submetering!AE9)*0.05155)+((Submetering!F9+Submetering!H9+Submetering!J9+Submetering!L9+Submetering!N9+Submetering!P9+Submetering!R9+Submetering!T9+Submetering!V9+Submetering!X9+Submetering!Z9+Submetering!AB9+Submetering!AC9+Submetering!AE9)*0.02095)+(20/30)*15)*1.1048)/E8 -> 0.080722391 | G8: =Submetering!AK9+Submetering!AL9+Submetering!AU9 -> 4271.618 | H8: 0.8166 | I8: =Submetering!AF9+Submetering!AG9+Submetering!AV9+Submetering!AY9+Submetering!AZ9 -> 4845.1368 | J8: =((Submetering!AG9+Submetering!BA9)*0.8868+(1712.96+1070.52)/30+(Submetering!AF9+Submetering!AY9+Submetering!AV9+Submetering!AZ9)*1.1251+(2076.11+129.67+207.57+207.57)/30+(11680.53+56.61)/30)/I8 -> 1.1968249 | K8: =Elect!C11 -> 941
A9: Orlando | B9: 22 | C9: 2 | D9: 2021 | E9: =Submetering!F10+Submetering!H10+Submetering!J10+Submetering!L10+Submetering!N10+Submetering!P10+Submetering!R10+Submetering!T10+Submetering!V10+Submetering!X10+Submetering!Z10+Submetering!AB10+Submetering!AC10+Submetering!AD10+Submetering!AE10 -> 280664 | F9: =((((Submetering!E10+Submetering!AD10)*0.13773+(Submetering!E10+Submetering!AD10)*0.02095)*1.09+(2.85/30)*2)+(((Submetering!F10+Submetering!H10+Submetering!J10+Submetering!L10+Submetering!N10+Submetering!P10+Submetering!R10+Submetering!T10+Submetering!V10+Submetering!X10+Submetering!Z10+Submetering!AB10+Submetering!AC10+Submetering!AE10)*0.05155)+((Submetering!F10+Submetering!H10+Submetering!J10+Submetering!L10+Submetering!N10+Submetering!P10+Submetering!R10+Submetering!T10+Submetering!V10+Submetering!X10+Submetering!Z10+Submetering!AB10+Submetering!AC10+Submetering!AE10)*0.02095)+(20/30)*15)*1.1048)/E9 -> 0.080802235 | G9: =Submetering!AK10+Submetering!AL10+Submetering!AU10 -> 5643.4864 | H9: 0.8166 | I9: =Submetering!AF10+Submetering!AG10+Submetering!AV10+Submetering!AY10+Submetering!AZ10 -> 4707.82 | J9: =((Submetering!AG10+Submetering!BA10)*0.8868+(1712.96+1070.52)/30+(Submetering!AF10+Submetering!AY10+Submetering!AV10+Submetering!AZ10)*1.1251+(2076.11+129.67+207.57+207.57)/30+(11680.53+56.61)/30)/I9 -> 1.1971608 | K9: =Elect!C12 -> 1084
A10: Orlando | B10: 28 | C10: 2 | D10: 2021 | E10: =Submetering!F11+Submetering!H11+Submetering!J11+Submetering!L11+Submetering!N11+Submetering!P11+Submetering!R11+Submetering!T11+Submetering!V11+Submetering!X11+Submetering!Z11+Submetering!AB11+Submetering!AC11+Submetering!AD11+Submetering!AE11 -> 290324 | F10: =((((Submetering!E11+Submetering!AD11)*0.13773+(Submetering!E11+Submetering!AD11)*0.02095)*1.09+(2.85/30)*2)+(((Submetering!F11+Submetering!H11+Submetering!J11+Submetering!L11+Submetering!N11+Submetering!P11+Submetering!R11+Submetering!T11+Submetering!V11+Submetering!X11+Submetering!Z11+Submetering!AB11+Submetering!AC11+Submetering!AE11)*0.05155)+((Submetering!F11+Submetering!H11+Submetering!J11+Submetering!L11+Submetering!N11+Submetering!P11+Submetering!R11+Submetering!T11+Submetering!V11+Submetering!X11+Submetering!Z11+Submetering!AB11+Submetering!AC11+Submetering!AE11)*0.02095)+(20/30)*15)*1.1048)/E10 -> 0.08068893 | G10: =Submetering!AK11+Submetering!AL11+Submetering!AU11 -> 5096.8678 | H10: 0.8166 | I10: =Submetering!AF11+Submetering!AG11+Submetering!AV11+Submetering!AY11+Submetering!AZ11 -> 4680.5246 | J10: =((Submetering!AG11+Submetering!BA11)*0.8868+(1712.96+1070.52)/30+(Submetering!AF11+Submetering!AY11+Submetering!AV11+Submetering!AZ11)*1.1251+(2076.11+129.67+207.57+207.57)/30+(11680.53+56.61)/30)/I10 -> 1.2106391 | K10: =Elect!C13 -> 1427
A11: Orlando | B11: 8 | C11: 3 | D11: 2021 | E11: =Submetering!F12+Submetering!H12+Submetering!J12+Submetering!L12+Submetering!N12+Submetering!P12+Submetering!R12+Submetering!T12+Submetering!V12+Submetering!X12+Submetering!Z12+Submetering!AB12+Submetering!AC12+Submetering!AD12+Submetering!AE12 -> 282601 | F11: =((((Submetering!E12+Submetering!AD12)*0.13773+(Submetering!E12+Submetering!AD12)*0.02095)*1.09+(2.85/30)*2)+(((Submetering!F12+Submetering!H12+Submetering!J12+Submetering!L12+Submetering!N12+Submetering!P12+Submetering!R12+Submetering!T12+Submetering!V12+Submetering!X12+Submetering!Z12+Submetering!AB12+Submetering!AC12+Submetering!AE12)*0.05155)+((Submetering!F12+Submetering!H12+Submetering!J12+Submetering!L12+Submetering!N12+Submetering!P12+Submetering!R12+Submetering!T12+Submetering!V12+Submetering!X12+Submetering!Z12+Submetering!AB12+Submetering!AC12+Submetering!AE12)*0.02095)+(20/30)*15)*1.1048)/E11 -> 0.08074781 | G11: =Submetering!AK12+Submetering!AL12+Submetering!AU12 -> 6028.985 | H11: 0.8166 | I11: =Submetering!AF12+Submetering!AG12+Submetering!AV12+Submetering!AY12+Submetering!AZ12 -> 4693.6308 | J11: =((Submetering!AG12+Submetering!BA12)*0.8868+(1712.96+1070.52)/30+(Submetering!AF12+Submetering!AY12+Submetering!AV12+Submetering!AZ12)*1.1251+(2076.11+129.67+207.57+207.57)/30+(11680.53+56.61)/30)/I11 -> 1.2559947 | K11: =Elect!C14 -> 1082
A12: Orlando | B12: 15 | C12: 3 | D12: 2021 | E12: =Submetering!F13+Submetering!H13+Submetering!J13+Submetering!L13+Submetering!N13+Submetering!P13+Submetering!R13+Submetering!T13+Submetering!V13+Submetering!X13+Submetering!Z13+Submetering!AB13+Submetering!AC13+Submetering!AD13+Submetering!AE13 -> 266757 | F12: =((((Submetering!E13+Submetering!AD13)*0.13773+(Submetering!E13+Submetering!AD13)*0.02095)*1.09+(2.85/30)*2)+(((Submetering!F13+Submetering!H13+Submetering!J13+Submetering!L13+Submetering!N13+Submetering!P13+Submetering!R13+Submetering!T13+Submetering!V13+Submetering!X13+Submetering!Z13+Submetering!AB13+Submetering!AC13+Submetering!AE13)*0.05155)+((Submetering!F13+Submetering!H13+Submetering!J13+Submetering!L13+Submetering!N13+Submetering!P13+Submetering!R13+Submetering!T13+Submetering!V13+Submetering!X13+Submetering!Z13+Submetering!AB13+Submetering!AC13+Submetering!AE13)*0.02095)+(20/30)*15)*1.1048)/E12 -> 0.080785182 | G12: =Submetering!AK13+Submetering!AL13+Submetering!AU13 -> 6328.2008 | H12: 0.8166 | I12: =Submetering!AF13+Submetering!AG13+Submetering!AV13+Submetering!AY13+Submetering!AZ13 -> 5043.379 | J12: =((Submetering!AG13+Submetering!BA13)*0.8868+(1712.96+1070.52)/30+(Submetering!AF13+Submetering!AY13+Submetering!AV13+Submetering!AZ13)*1.1251+(2076.11+129.67+207.57+207.57)/30+(11680.53+56.61)/30)/I12 -> 1.3764006 | K12: =Elect!C15 -> 1285
A13: Orlando | B13: 22 | C13: 3 | D13: 2021 | E13: =Submetering!F14+Submetering!H14+Submetering!J14+Submetering!L14+Submetering!N14+Submetering!P14+Submetering!R14+Submetering!T14+Submetering!V14+Submetering!X14+Submetering!Z14+Submetering!AB14+Submetering!AC14+Submetering!AD14+Submetering!AE14 -> 303821 | F13: =((((Submetering!E14+Submetering!AD14)*0.13773+(Submetering!E14+Submetering!AD14)*0.02095)*1.09+(2.85/30)*2)+(((Submetering!F14+Submetering!H14+Submetering!J14+Submetering!L14+Submetering!N14+Submetering!P14+Submetering!R14+Submetering!T14+Submetering!V14+Submetering!X14+Submetering!Z14+Submetering!AB14+Submetering!AC14+Submetering!AE14)*0.05155)+((Submetering!F14+Submetering!H14+Submetering!J14+Submetering!L14+Submetering!N14+Submetering!P14+Submetering!R14+Submetering!T14+Submetering!V14+Submetering!X14+Submetering!Z14+Submetering!AB14+Submetering!AC14+Submetering!AE14)*0.02095)+(20/30)*15)*1.1048)/E13 -> 0.080633988 | G13: =Submetering!AK14+Submetering!AL14+Submetering!AU14 -> 5438.18 | H13: 0.8166 | I13: =Submetering!AF14+Submetering!AG14+Submetering!AV14+Submetering!AY14+Submetering!AZ14 -> 5470.157 | J13: =((Submetering!AG14+Submetering!BA14)*0.8868+(1712.96+1070.52)/30+(Submetering!AF14+Submetering!AY14+Submetering!AV14+Submetering!AZ14)*1.1251+(2076.11+129.67+207.57+207.57)/30+(11680.53+56.61)/30)/I13 -> 1.352804 | K13: =Elect!C16 -> 1842
... A60: Orlando | B60: 31 | C60: 12 | D60: 2021 | E60: =Submetering!F61+Submetering!H61+Submetering!J61+Submetering!L61+Submetering!N61+Submetering!P61+Submetering!R61+Submetering!T61+Submetering!V61+Submetering!X61+Submetering!Z61+Submetering!AB61+Submetering!AC61+Submetering!AD61+Submetering!AE61 -> 0 | F60: =((((Submetering!E61+Submetering!AD61)*0.13773+(Submetering!E61+Submetering!AD61)*0.02095)*1.09+(2.85/30)*2)+(((Submetering!F61+Submetering!H61+Submetering!J61+Submetering!L61+Submetering!N61+Submetering!P61+Submetering!R61+Submetering!T61+Submetering!V61+Submetering!X61+Submetering!Z61+Submetering!AB61+Submetering!AC61+Submetering!AE61)*0.05155)+((Submetering!F61+Submetering!H61+Submetering!J61+Submetering!L61+Submetering!N61+Submetering!P61+Submetering!R61+Submetering!T61+Submetering!V61+Submetering!X61+Submetering!Z61+Submetering!AB61+Submetering!AC61+Submetering!AE61)*0.02095)+(20/30)*15)*1.1048)/E60 -> #DIV/0! | G60: =Submetering!AK61+Submetering!AL61+Submetering!AU61 -> 0 | H60: 0.8166 | I60: =Submetering!AF61+Submetering!AG61+Submetering!AV61+Submetering!AY61+Submetering!AZ61 -> 0 | J60: =((Submetering!AG61+Submetering!BA61)*0.8868+(1712.96+1070.52)/30+(Submetering!AF61+Submetering!AY61+Submetering!AV61+Submetering!AZ61)*1.1251+(2076.11+129.67+207.57+207.57)/30+(11680.53+56.61)/30)/I60 -> #DIV/0! | K60: =Elect!C63 -> 1430

Sheet Submetering
A1: Site Name | B1: Day | C1: Month | D1: Year | E1: 90 630 431 (KWh) | F1: 68 425 010 (KWh) | G1: T2392 (KWh) | H1: 68 425 008 (KWh) | I1: T7384 (KWh) | J1: 68 425 060 (KWh) | K1: T7380 (KWh) | L1: 68 425 097 (KWh) | M1: T7281 (KWh) | N1: 68 425 059 (KWh) | O1: T2390 (KWh) | P1: 68 425 077 (KWh) | Q1: T2395 (KWh) | R1: 68 425 078 (KWh) | S1: T2393 (KWh) | T1: 68 425 071 (KWh) | U1: T7285 (KWh) | V1: 68 425 093 (KWh) | W1: T7382 (KWh) | X1: 68 425 094 (KWh) | Y1: T2391 (KWh) | Z1: 90 625 242 (KWh) | AA1: T7283 (KWh) | AB1: 672 73 163 (KWh) | AC1: 676 62 513 (KWh) | AD1: 61 979 920 (KWh) | AE1: 56 253 208 (KWh) | AF1: Domestic Water from RCES 74860172 (m3) | AG1: Re-use Water from RCES 74860173 (m3) | AH1: Building A Fire Sprinkler System Make-up 44553004 (m3) | AI1: Building A Potable Water Feed 70275191 (m3) | AJ1: Steam Boilers Make-up Water 2130521 (m3) | AK1: Resort Natural Gas Meter 12C004186-C1 (m3) | AL1: Out Buildings Natural Gas Meter 93477704 (m3) | AM1: Cooling Tower Make-up Water 79177804 (m3) | AN1: Cooling Tower Blowdown Line Deduct 79305675 (m3) | AO1: Building E Potable Water Meter 79190041 (m3) | AP1: 7919004D | AQ1: Building J Irrigation Water Meter 79190039 (m3) | AR1: Lazy Pool River Make-up Water 79324776 (m3) | AS1: Pool Hydraunic Boiler Water Make-up 112014001775 (m3) | AT1: SPA Jacuzzi Water Make-up 112014001771 (m3) | AU1: Golf Clubhouse Natural Gas Meter 82SJ729151 (m3) | AV1: 73337589 - 1387142 | AW1: Golf Clubhouse Flushing Valve Deduct 65956268 (m3) | AX1: Clubhouse | AY1: Golf Maintenance Facility 1334021 (m3) | AZ1: Golf Course Comfort Stations 63265094 (m3) | BA1: Golf Course Re-use Irrigation 67327447 (m3)
A2: Orlando | B2: 1 | C2: 1 | D2: 2020 | E2: =IF(Elect!AM4<0,"0",Elect!AM4) -> 0 | F2: =IF(Elect!I4<0,"0",Elect!I4) | G2: =Elect!H4 -> 2.299 | H2: =IF(Elect!F4<0,"0",Elect!F4) | I2: =Elect!E4 -> 1.99 | J2: =IF(Elect!U4<0,"0",Elect!U4) | K2: =Elect!T4 -> 1.964 | L2: =IF(Elect!AJ4<0,"0",Elect!AJ4) | M2: =Elect!AI4 -> 0.331 | N2: =IF(Elect!X4<0,"0",Elect!X4) | O2: =Elect!W4 -> 1.376 | P2: =IF(Elect!O4<0,"0",Elect!O4) | Q2: =Elect!N4 -> 2.48 | R2: =IF(Elect!L4<0,"0",Elect!L4) | S2: =Elect!K4 -> 3.07 | T2: =IF(Elect!R4<0,"0",Elect!R4) | U2: =Elect!Q4 -> 2.77 | V2: =IF(Elect!AA4<0,"0",Elect!AA4) | W2: =Elect!Z4 -> 2.56 | X2: =IF(Elect!AD4<0,"0",Elect!AD4) | Y2: =Elect!AC4 -> 1.73 | Z2: =IF(Elect!AG4<0,"0",Elect!AG4) | AA2: =Elect!AF4 -> 2.162 | AB2: =IF(Elect!AX4<0,"0",Elect!AX4) | AC2: =IF(Elect!AV4<0,"0",Elect!AV4) | AD2: =IF(Elect!AZ4<0,"0",Elect!AZ4) | AE2: =IF(Elect!BB4<0,"0",Elect!BB4) | AF2: =IF('Wtr-Gas'!E4<0,"0",('Wtr-Gas'!E4)*0.0038) -> 0 | AG2: =IF('Wtr-Gas'!H4<0,"0",('Wtr-Gas'!H4)*0.0038) -> 0 | AH2: =IF('Wtr-Gas'!K4<0,"0",('Wtr-Gas'!K4)*0.0038) -> 0 | AI2: =IF('Wtr-Gas'!N4<0,"0",('Wtr-Gas'!N4)*0.0038) -> 0 | AJ2: =IF('Wtr-Gas'!Q4<0,"0",('Wtr-Gas'!Q4)*0.0038) -> 0 | AK2: =IF('Wtr-Gas'!U4<0,"0",('Wtr-Gas'!U4)*0.0038) -> 0 | AL2: =IF('Wtr-Gas'!X4<0,"0",('Wtr-Gas'!X4)*0.0038) -> 0 | AM2: =IF('Wtr-Gas'!AB4<0,"0",('Wtr-Gas'!AB4)*0.0038) -> 0 | AN2: =IF('Wtr-Gas'!AD4<0,"0",('Wtr-Gas'!AD4)*0.0038) -> 0 | AO2: =IF('Wtr-Gas'!AF4<0,"0",('Wtr-Gas'!AF4)*0.0038) -> 0 | AP2: =IF('Wtr-Gas'!AH4<0,"0",('Wtr-Gas'!AH4)*0.0038) -> 0 | AQ2: =IF('Wtr-Gas'!AJ4<0,"0",('Wtr-Gas'!AJ4)*0.0038) -> 0 | AR2: =IF('Wtr-Gas'!AL4<0,"0",('Wtr-Gas'!AL4)*0.0038) -> 0 | AS2: =IF('Wtr-Gas'!AN4<0,"0",('Wtr-Gas'!AN4)*0.0038) -> 0 | AT2: =IF('Wtr-Gas'!AP4<0,"0",('Wtr-Gas'!AP4)*0.0038) -> 0 | AU2: =IF('Wtr-Gas'!AT4<0,"0",('Wtr-Gas'!AT4)*0.0038) -> 0 | AV2: =IF('Wtr-Gas'!AW4<0,"0",('Wtr-Gas'!AW4)*0.0038) -> 0 | AW2: =IF('Wtr-Gas'!AY4<0,"0",('Wtr-Gas'!AY4)*0.0038) -> 0 | AX2: =IF('Wtr-Gas'!AZ4<0,"0",('Wtr-Gas'!AZ4)*0.0038) -> 0 | AY2: =IF('Wtr-Gas'!BB4<0,"0",('Wtr-Gas'!BB4)*0.0038) -> 0 | AZ2: =IF('Wtr-Gas'!BD4<0,"0",('Wtr-Gas'!BD4)*0.0038) -> 0 | BA2: =IF('Wtr-Gas'!BF4<0,"0",('Wtr-Gas'!BF4)*0.0038) -> 0
A3: Orlando | B3: 4 | C3: 1 | D3: 2021 | E3: =IF(Elect!AM5<0,"0",Elect!AM5) -> 251 | F3: =IF(Elect!I5<0,"0",Elect!I5) -> 21440 | G3: =Elect!H5 -> 2.299 | H3: =IF(Elect!F5<0,"0",Elect!F5) -> 19200 | I3: =Elect!E5 -> 1.99 | J3: =IF(Elect!U5<0,"0",Elect!U5) -> 31800 | K3: =Elect!T5 -> 2.067 | L3: =IF(Elect!AJ5<0,"0",Elect!AJ5) -> 0 | M3: =Elect!AI5 -> 0.331 | N3: =IF(Elect!X5<0,"0",Elect!X5) -> 18300 | O3: =Elect!W5 -> 1.373 | P3: =IF(Elect!O5<0,"0",Elect!O5) -> 4400 | Q3: =Elect!N5 -> 2.48 | R3: =IF(Elect!L5<0,"0",Elect!L5) -> 5200 | S3: =Elect!K5 -> 3.07 | T3: =IF(Elect!R5<0,"0",Elect!R5) -> 4800 | U3: =Elect!Q5 -> 2.77 | V3: =IF(Elect!AA5<0,"0",Elect!AA5) -> 2240 | W3: =Elect!Z5 -> 2.56 | X3: =IF(Elect!AD5<0,"0",Elect!AD5) -> 1280 | Y3: =Elect!AC5 -> 1.74 | Z3: =IF(Elect!AG5<0,"0",Elect!AG5) -> 21800 | AA3: =Elect!AF5 -> 2.162 | AB3: =IF(Elect!AX5<0,"0",Elect!AX5) -> 500 | AC3: =IF(Elect!AV5<0,"0",Elect!AV5) -> 5200 | AD3: =IF(Elect!AZ5<0,"0",Elect!AZ5) -> 889 | AE3: =IF(Elect!BB5<0,"0",Elect!BB5) -> 2640 | AF3: =IF('Wtr-Gas'!E5<0,"0",('Wtr-Gas'!E5)*0.0038) -> 2003.588 | AG3: =IF('Wtr-Gas'!H5<0,"0",('Wtr-Gas'!H5)*0.0038) -> 1514.224 | AH3: =IF('Wtr-Gas'!K5<0,"0",('Wtr-Gas'!K5)*0.0038) -> 0.228 | AI3: =IF('Wtr-Gas'!N5<0,"0",('Wtr-Gas'!N5)*0.0038) -> 1413.6 | AJ3: =IF('Wtr-Gas'!Q5<0,"0",('Wtr-Gas'!Q5)*0.0038) -> 29.64 | AK3: =IF('Wtr-Gas'!U5<0,"0",('Wtr-Gas'!U5)*0.0038) -> 424.46 | AL3: =IF('Wtr-Gas'!X5<0,"0",('Wtr-Gas'!X5)*0.0038) -> 2171.7 | AM3: =IF('Wtr-Gas'!AB5<0,"0",('Wtr-Gas'!AB5)*0.0038) -> 3116 | AN3: =IF('Wtr-Gas'!AD5<0,"0",('Wtr-Gas'!AD5)*0.0038) -> 695.67664 | AO3: =IF('Wtr-Gas'!AF5<0,"0",('Wtr-Gas'!AF5)*0.0038) -> 1.9 | AP3: =IF('Wtr-Gas'!AH5<0,"0",('Wtr-Gas'!AH5)*0.0038) -> 156.332 | AQ3: =IF('Wtr-Gas'!AJ5<0,"0",('Wtr-Gas'!AJ5)*0.0038) -> 15.3596 | AR3: =IF('Wtr-Gas'!AL5<0,"0",('Wtr-Gas'!AL5)*0.0038) -> 338.2 | AS3: =IF('Wtr-Gas'!AN5<0,"0",('Wtr-Gas'!AN5)*0.0038) -> 0.0532 | AT3: =IF('Wtr-Gas'!AP5<0,"0",('Wtr-Gas'!AP5)*0.0038) -> 2.28 | AU3: =IF('Wtr-Gas'!AT5<0,"0",('Wtr-Gas'!AT5)*0.0038) -> 0.1634 | AV3: =IF('Wtr-Gas'!AW5<0,"0",('Wtr-Gas'!AW5)*0.0038) -> 83.7786 | AW3: =IF('Wtr-Gas'!AY5<0,"0",('Wtr-Gas'!AY5)*0.0038) -> 64.7292 | AX3: =IF('Wtr-Gas'!AZ5<0,"0",('Wtr-Gas'!AZ5)*0.0038) -> 19.047614 | AY3: =IF('Wtr-Gas'!BB5<0,"0",('Wtr-Gas'!BB5)*0.0038) -> 2.28 | AZ3: =IF('Wtr-Gas'!BD5<0,"0",('Wtr-Gas'!BD5)*0.0038) -> 7.6 | BA3: =IF('Wtr-Gas'!BF5<0,"0",('Wtr-Gas'!BF5)*0.0038) -> 11.59
A4: Orlando | B4: 11 | C4: 1 | D4: 2021 | E4: =IF(Elect!AM6<0,"0",Elect!AM6) -> 554 | F4: =IF(Elect!I6<0,"0",Elect!I6) -> 44320 | G4: =Elect!H6 -> 2.299 | H4: =IF(Elect!F6<0,"0",Elect!F6) -> 40320 | I4: =Elect!E6 -> 1.99 | J4: =IF(Elect!U6<0,"0",Elect!U6) -> 24300 | K4: =Elect!T6 -> 2.067 | L4: =IF(Elect!AJ6<0,"0",Elect!AJ6) -> 3480 | M4: =Elect!AI6 -> 0.331 | N4: =IF(Elect!X6<0,"0",Elect!X6) -> 24600 | O4: =Elect!W6 -> 1.373 | P4: =IF(Elect!O6<0,"0",Elect!O6) -> 9200 | Q4: =Elect!N6 -> 2.48 | R4: =IF(Elect!L6<0,"0",Elect!L6) -> 10400 | S4: =Elect!K6 -> 3.07 | T4: =IF(Elect!R6<0,"0",Elect!R6) -> 9600 | U4: =Elect!Q6 -> 2.77 | V4: =IF(Elect!AA6<0,"0",Elect!AA6) -> 5120 | W4: =Elect!Z6 -> 2.72 | X4: =IF(Elect!AD6<0,"0",Elect!AD6) -> 2400 | Y4: =Elect!AC6 -> 1.74 | Z4: =IF(Elect!AG6<0,"0",Elect!AG6) -> 50400 | AA4: =Elect!AF6 -> 2.162 | AB4: =IF(Elect!AX6<0,"0",Elect!AX6) -> 1500 | AC4: =IF(Elect!AV6<0,"0",Elect!AV6) -> 11000 | AD4: =IF(Elect!AZ6<0,"0",Elect!AZ6) -> 909 | AE4: =IF(Elect!BB6<0,"0",Elect!BB6) -> 3280 | AF4: =IF('Wtr-Gas'!E6<0,"0",('Wtr-Gas'!E6)*0.0038) -> 3158.712 | AG4: =IF('Wtr-Gas'!H6<0,"0",('Wtr-Gas'!H6)*0.0038) -> 1080.758 | AH4: =IF('Wtr-Gas'!K6<0,"0",('Wtr-Gas'!K6)*0.0038) -> 1.064 | AI4: =IF('Wtr-Gas'!N6<0,"0",('Wtr-Gas'!N6)*0.0038) -> 1725.2 | AJ4: =IF('Wtr-Gas'!Q6<0,"0",('Wtr-Gas'!Q6)*0.0038) -> 79.8 | AK4: =IF('Wtr-Gas'!U6<0,"0",('Wtr-Gas'!U6)*0.0038) -> 755.06 | AL4: =IF('Wtr-Gas'!X6<0,"0",('Wtr-Gas'!X6)*0.0038) -> 7904.76 | AM4: =IF('Wtr-Gas'!AB6<0,"0",('Wtr-Gas'!AB6)*0.0038) -> 2432 | AN4: =IF('Wtr-Gas'!AD6<0,"0",('Wtr-Gas'!AD6)*0.0038) -> 809.4874 | AO4: =IF('Wtr-Gas'!AF6<0,"0",('Wtr-Gas'!AF6)*0.0038) -> 7.258 | AP4: =IF('Wtr-Gas'!AH6<0,"0",('Wtr-Gas'!AH6)*0.0038) -> 343.52 | AQ4: =IF('Wtr-Gas'!AJ6<0,"0",('Wtr-Gas'!AJ6)*0.0038) -> 41.0514 | AR4: =IF('Wtr-Gas'!AL6<0,"0",('Wtr-Gas'!AL6)*0.0038) -> 839.8 | AS4: =IF('Wtr-Gas'!AN6<0,"0",('Wtr-Gas'!AN6)*0.0038) -> 0.1178 | AT4: =IF('Wtr-Gas'!AP6<0,"0",('Wtr-Gas'!AP6)*0.0038) -> 4.56 | AU4: =IF('Wtr-Gas'!AT6<0,"0",('Wtr-Gas'!AT6)*0.0038) -> 0.4598 | AV4: =IF('Wtr-Gas'!AW6<0,"0",('Wtr-Gas'!AW6)*0.0038) -> 188.4648 | AW4: =IF('Wtr-Gas'!AY6<0,"0",('Wtr-Gas'!AY6)*0.0038) -> 151.3426 | AX4: =IF('Wtr-Gas'!AZ6<0,"0",('Wtr-Gas'!AZ6)*0.0038) -> 37.121668 | AY4: =IF('Wtr-Gas'!BB6<0,"0",('Wtr-Gas'!BB6)*0.0038) -> 22.42 | AZ4: =IF('Wtr-Gas'!BD6<0,"0",('Wtr-Gas'!BD6)*0.0038) -> 7.98 | BA4: =IF('Wtr-Gas'!BF6<0,"0",('Wtr-Gas'!BF6)*0.0038) -> 0
A5: Orlando | B5: 18 | C5: 1 | D5: 2021 | E5: =IF(Elect!AM7<0,"0",Elect!AM7) -> 564 | F5: =IF(Elect!I7<0,"0",Elect!I7) -> 45120 | G5: =Elect!H7 -> 2.299 | H5: =IF(Elect!F7<0,"0",Elect!F7) -> 40800 | I5: =Elect!E7 -> 1.99 | J5: =IF(Elect!U7<0,"0",Elect!U7) -> 17400 | K5: =Elect!T7 -> 2.067 | L5: =IF(Elect!AJ7<0,"0",Elect!AJ7) -> 1440 | M5: =Elect!AI7 -> 0.346 | N5: =IF(Elect!X7<0,"0",Elect!X7) -> 34500 | O5: =Elect!W7 -> 1.373 | P5: =IF(Elect!O7<0,"0",Elect!O7) -> 8800 | Q5: =Elect!N7 -> 2.48 | R5: =IF(Elect!L7<0,"0",Elect!L7) -> 12800 | S5: =Elect!K7 -> 3.07 | T5: =IF(Elect!R7<0,"0",Elect!R7) -> 9600 | U5: =Elect!Q7 -> 2.77 | V5: =IF(Elect!AA7<0,"0",Elect!AA7) -> 6080 | W5: =Elect!Z7 -> 3.03 | X5: =IF(Elect!AD7<0,"0",Elect!AD7) -> 3040 | Y5: =Elect!AC7 -> 1.76 | Z5: =IF(Elect!AG7<0,"0",Elect!AG7) -> 50600 | AA5: =Elect!AF7 -> 2.162 | AB5: =IF(Elect!AX7<0,"0",Elect!AX7) -> 1400 | AC5: =IF(Elect!AV7<0,"0",Elect!AV7) -> 10900 | AD5: =IF(Elect!AZ7<0,"0",Elect!AZ7) -> 880 | AE5: =IF(Elect!BB7<0,"0",Elect!BB7) -> 43 | AF5: =IF('Wtr-Gas'!E7<0,"0",('Wtr-Gas'!E7)*0.0038) -> 3168.174 | AG5: =IF('Wtr-Gas'!H7<0,"0",('Wtr-Gas'!H7)*0.0038) -> 1035.652 | AH5: =IF('Wtr-Gas'!K7<0,"0",('Wtr-Gas'!K7)*0.0038) -> 1.14 | AI5: =IF('Wtr-Gas'!N7<0,"0",('Wtr-Gas'!N7)*0.0038) -> 1824 | AJ5: =IF('Wtr-Gas'!Q7<0,"0",('Wtr-Gas'!Q7)*0.0038) -> 82.46 | AK5: =IF('Wtr-Gas'!U7<0,"0",('Wtr-Gas'!U7)*0.0038) -> 770.64 | AL5: =IF('Wtr-Gas'!X7<0,"0",('Wtr-Gas'!X7)*0.0038) -> 7306.64 | AM5: =IF('Wtr-Gas'!AB7<0,"0",('Wtr-Gas'!AB7)*0.0038) -> 2432 | AN5: =IF('Wtr-Gas'!AD7<0,"0",('Wtr-Gas'!AD7)*0.0038) -> 742.45008 | AO5: =IF('Wtr-Gas'!AF7<0,"0",('Wtr-Gas'!AF7)*0.0038) -> 3.952 | AP5: =IF('Wtr-Gas'!AH7<0,"0",('Wtr-Gas'!AH7)*0.0038) -> 337.288 | AQ5: =IF('Wtr-Gas'!AJ7<0,"0",('Wtr-Gas'!AJ7)*0.0038) -> 34.4014 | AR5: =IF('Wtr-Gas'!AL7<0,"0",('Wtr-Gas'!AL7)*0.0038) -> 786.6 | AS5: =IF('Wtr-Gas'!AN7<0,"0",('Wtr-Gas'!AN7)*0.0038) -> 0.1786 | AT5: =IF('Wtr-Gas'!AP7<0,"0",('Wtr-Gas'!AP7)*0.0038) -> 8.36 | AU5: =IF('Wtr-Gas'!AT7<0,"0",('Wtr-Gas'!AT7)*0.0038) -> 0.4788 | AV5: =IF('Wtr-Gas'!AW7<0,"0",('Wtr-Gas'!AW7)*0.0038) -> 190.0076 | AW5: =IF('Wtr-Gas'!AY7<0,"0",('Wtr-Gas'!AY7)*0.0038) -> 153.9684 | AX5: =IF('Wtr-Gas'!AZ7<0,"0",('Wtr-Gas'!AZ7)*0.0038) -> 36.03787 | AY5: =IF('Wtr-Gas'!BB7<0,"0",('Wtr-Gas'!BB7)*0.0038) -> 7.98 | AZ5: =IF('Wtr-Gas'!BD7<0,"0",('Wtr-Gas'!BD7)*0.0038) -> 4.56 | BA5: =IF('Wtr-Gas'!BF7<0,"0",('Wtr-Gas'!BF7)*0.0038) -> 62.1072
A6: Orlando | B6: 25 | C6: 1 | D6: 2021 | E6: =IF(Elect!AM8<0,"0",Elect!AM8) -> 341 | F6: =IF(Elect!I8<0,"0",Elect!I8) -> 47680 | G6: =Elect!H8 -> 2.261 | H6: =IF(Elect!F8<0,"0",Elect!F8) -> 42880 | I6: =Elect!E8 -> 1.963 | J6: =IF(Elect!U8<0,"0",Elect!U8) -> 34500 | K6: =Elect!T8 -> 1.767 | L6: =IF(Elect!AJ8<0,"0",Elect!AJ8) -> 1560 | M6: =Elect!AI8 -> 0.267 | N6: =IF(Elect!X8<0,"0",Elect!X8) -> 38100 | O6: =Elect!W8 -> 1.7 | P6: =IF(Elect!O8<0,"0",Elect!O8) -> 9600 | Q6: =Elect!N8 -> 1.88 | R6: =IF(Elect!L8<0,"0",Elect!L8) -> 11200 | S6: =Elect!K8 -> 2.63 | T6: =IF(Elect!R8<0,"0",Elect!R8) -> 9600 | U6: =Elect!Q8 -> 2.18 | V6: =IF(Elect!AA8<0,"0",Elect!AA8) -> 6560 | W6: =Elect!Z8 -> 3.22 | X6: =IF(Elect!AD8<0,"0",Elect!AD8) -> 4160 | Y6: =Elect!AC8 -> 2.96 | Z6: =IF(Elect!AG8<0,"0",Elect!AG8) -> 52600 | AA6: =Elect!AF8 -> 2.013 | AB6: =IF(Elect!AX8<0,"0",Elect!AX8) -> 1900 | AC6: =IF(Elect!AV8<0,"0",Elect!AV8) -> 12800 | AD6: =IF(Elect!AZ8<0,"0",Elect!AZ8) -> 879 | AE6: =IF(Elect!BB8<0,"0",Elect!BB8) -> 1360 | AF6: =IF('Wtr-Gas'!E8<0,"0",('Wtr-Gas'!E8)*0.0038) -> 3898.952 | AG6: =IF('Wtr-Gas'!H8<0,"0",('Wtr-Gas'!H8)*0.0038) -> 1001.946 | AH6: =IF('Wtr-Gas'!K8<0,"0",('Wtr-Gas'!K8)*0.0038) -> 2.052 | AI6: =IF('Wtr-Gas'!N8<0,"0",('Wtr-Gas'!N8)*0.0038) -> 2470 | AJ6: =IF('Wtr-Gas'!Q8<0,"0",('Wtr-Gas'!Q8)*0.0038) -> 99.56 | AK6: =IF('Wtr-Gas'!U8<0,"0",('Wtr-Gas'!U8)*0.0038) -> 905.16 | AL6: =IF('Wtr-Gas'!X8<0,"0",('Wtr-Gas'!X8)*0.0038) -> 6684.2 | AM6: =IF('Wtr-Gas'!AB8<0,"0",('Wtr-Gas'!AB8)*0.0038) -> 3952 | AN6: =IF('Wtr-Gas'!AD8<0,"0",('Wtr-Gas'!AD8)*0.0038) -> 912.75392 | AO6: =IF('Wtr-Gas'!AF8<0,"0",('Wtr-Gas'!AF8)*0.0038) -> 6.27 | AP6: =IF('Wtr-Gas'!AH8<0,"0",('Wtr-Gas'!AH8)*0.0038) -> 376.01 | AQ6: =IF('Wtr-Gas'!AJ8<0,"0",('Wtr-Gas'!AJ8)*0.0038) -> 48.3208 | AR6: =IF('Wtr-Gas'!AL8<0,"0",('Wtr-Gas'!AL8)*0.0038) -> 805.6 | AS6: =IF('Wtr-Gas'!AN8<0,"0",('Wtr-Gas'!AN8)*0.0038) -> 0.1444 | AT6: =IF('Wtr-Gas'!AP8<0,"0",('Wtr-Gas'!AP8)*0.0038) -> 15.2 | AU6: =IF('Wtr-Gas'!AT8<0,"0",('Wtr-Gas'!AT8)*0.0038) -> 0.4446 | AV6: =IF('Wtr-Gas'!AW8<0,"0",('Wtr-Gas'!AW8)*0.0038) -> 217.9072 | AW6: =IF('Wtr-Gas'!AY8<0,"0",('Wtr-Gas'!AY8)*0.0038) -> 150.404 | AX6: =IF('Wtr-Gas'!AZ8<0,"0",('Wtr-Gas'!AZ8)*0.0038) -> 67.502022 | AY6: =IF('Wtr-Gas'!BB8<0,"0",('Wtr-Gas'!BB8)*0.0038) -> 19.76 | AZ6: =IF('Wtr-Gas'!BD8<0,"0",('Wtr-Gas'!BD8)*0.0038) -> 3.42 | BA6: =IF('Wtr-Gas'!BF8<0,"0",('Wtr-Gas'!BF8)*0.0038) -> 0
A7: Orlando | B7: 31 | C7: 1 | D7: 2021 | E7: =IF(Elect!AM9<0,"0",Elect!AM9) -> 601 | F7: =IF(Elect!I9<0,"0",Elect!I9) -> 44960 | G7: =Elect!H9 -> 2.261 | H7: =IF(Elect!F9<0,"0",Elect!F9) -> 38720 | I7: =Elect!E9 -> 1.963 | J7: =IF(Elect!U9<0,"0",Elect!U9) -> 36000 | K7: =Elect!T9 -> 1.978 | L7: =IF(Elect!AJ9<0,"0",Elect!AJ9) -> 3000 | M7: =Elect!AI9 -> 0.267 | N7: =IF(Elect!X9<0,"0",Elect!X9) -> 38400 | O7: =Elect!W9 -> 1.7 | P7: =IF(Elect!O9<0,"0",Elect!O9) -> 8800 | Q7: =Elect!N9 -> 1.88 | R7: =IF(Elect!L9<0,"0",Elect!L9) -> 9600 | S7: =Elect!K9 -> 2.63 | T7: =IF(Elect!R9<0,"0",Elect!R9) -> 9200 | U7: =Elect!Q9 -> 2.18 | V7: =IF(Elect!AA9<0,"0",Elect!AA9) -> 5280 | W7: =Elect!Z9 -> 3.22 | X7: =IF(Elect!AD9<0,"0",Elect!AD9) -> 2720 | Y7: =Elect!AC9 -> 2.96 | Z7: =IF(Elect!AG9<0,"0",Elect!AG9) -> 49600 | AA7: =Elect!AF9 -> 2.013 | AB7: =IF(Elect!AX9<0,"0",Elect!AX9) -> 1400 | AC7: =IF(Elect!AV9<0,"0",Elect!AV9) -> 12000 | AD7: =IF(Elect!AZ9<0,"0",Elect!AZ9) -> 914 | AE7: =IF(Elect!BB9<0,"0",Elect!BB9) -> 2240 | AF7: =IF('Wtr-Gas'!E9<0,"0",('Wtr-Gas'!E9)*0.0038) -> 3949.986 | AG7: =IF('Wtr-Gas'!H9<0,"0",('Wtr-Gas'!H9)*0.0038) -> 770.374 | AH7: =IF('Wtr-Gas'!K9<0,"0",('Wtr-Gas'!K9)*0.0038) -> 1.216 | AI7: =IF('Wtr-Gas'!N9<0,"0",('Wtr-Gas'!N9)*0.0038) -> 2572.6 | AJ7: =IF('Wtr-Gas'!Q9<0,"0",('Wtr-Gas'!Q9)*0.0038) -> 90.82 | AK7: =IF('Wtr-Gas'!U9<0,"0",('Wtr-Gas'!U9)*0.0038) -> 773.68 | AL7: =IF('Wtr-Gas'!X9<0,"0",('Wtr-Gas'!X9)*0.0038) -> 5779.8 | AM7: =IF('Wtr-Gas'!AB9<0,"0",('Wtr-Gas'!AB9)*0.0038) -> 4408 | AN7: =IF('Wtr-Gas'!AD9<0,"0",('Wtr-Gas'!AD9)*0.0038) -> 1011.066 | AO7: =IF('Wtr-Gas'!AF9<0,"0",('Wtr-Gas'!AF9)*0.0038) -> 7.828 | AP7: =IF('Wtr-Gas'!AH9<0,"0",('Wtr-Gas'!AH9)*0.0038) -> 372.856 | AQ7: =IF('Wtr-Gas'!AJ9<0,"0",('Wtr-Gas'!AJ9)*0.0038) -> 43.4074 | AR7: =IF('Wtr-Gas'!AL9<0,"0",('Wtr-Gas'!AL9)*0.0038) -> 782.8 | AS7: =IF('Wtr-Gas'!AN9<0,"0",('Wtr-Gas'!AN9)*0.0038) -> 0.0988 | AT7: =IF('Wtr-Gas'!AP9<0,"0",('Wtr-Gas'!AP9)*0.0038) -> 4.18 | AU7: =IF('Wtr-Gas'!AT9<0,"0",('Wtr-Gas'!AT9)*0.0038) -> 0.4332 | AV7: =IF('Wtr-Gas'!AW9<0,"0",('Wtr-Gas'!AW9)*0.0038) -> 184.6344 | AW7: =IF('Wtr-Gas'!AY9<0,"0",('Wtr-Gas'!AY9)*0.0038) -> 150.3698 | AX7: =IF('Wtr-Gas'!AZ9<0,"0",('Wtr-Gas'!AZ9)*0.0038) -> 34.264714 | AY7: =IF('Wtr-Gas'!BB9<0,"0",('Wtr-Gas'!BB9)*0.0038) -> 9.88 | AZ7: =IF('Wtr-Gas'!BD9<0,"0",('Wtr-Gas'!BD9)*0.0038) -> 1.52 | BA7: =IF('Wtr-Gas'!BF9<0,"0",('Wtr-Gas'!BF9)*0.0038) -> 0
A8: Orlando | B8: 8 | C8: 2 | D8: 2021 | E8: =IF(Elect!AM10<0,"0",Elect!AM10) -> 697 | F8: =IF(Elect!I10<0,"0",Elect!I10) -> 44480 | G8: =Elect!H10 -> 2.261 | H8: =IF(Elect!F10<0,"0",Elect!F10) -> 39360 | I8: =Elect!E10 -> 1.963 | J8: =IF(Elect!U10<0,"0",Elect!U10) -> 25800 | K8: =Elect!T10 -> 1.978 | L8: =IF(Elect!AJ10<0,"0",Elect!AJ10) -> 0 | M8: =Elect!AI10 -> 0.281 | N8: =IF(Elect!X10<0,"0",Elect!X10) -> 34500 | O8: =Elect!W10 -> 1.7 | P8: =IF(Elect!O10<0,"0",Elect!O10) -> 9200 | Q8: =Elect!N10 -> 2.38 | R8: =IF(Elect!L10<0,"0",Elect!L10) -> 10800 | S8: =Elect!K10 -> 3.05 | T8: =IF(Elect!R10<0,"0",Elect!R10) -> 9200 | U8: =Elect!Q10 -> 2.7 | V8: =IF(Elect!AA10<0,"0",Elect!AA10) -> 5120 | W8: =Elect!Z10 -> 3.38 | X8: =IF(Elect!AD10<0,"0",Elect!AD10) -> 2400 | Y8: =Elect!AC10 -> 2.96 | Z8: =IF(Elect!AG10<0,"0",Elect!AG10) -> 48400 | AA8: =Elect!AF10 -> 2.042 | AB8: =IF(Elect!AX10<0,"0",Elect!AX10) -> 1400 | AC8: =IF(Elect!AV10<0,"0",Elect!AV10) -> 11100 | AD8: =IF(Elect!AZ10<0,"0",Elect!AZ10) -> 891 | AE8: =IF(Elect!BB10<0,"0",Elect!BB10) -> 1920 | AF8: =IF('Wtr-Gas'!E10<0,"0",('Wtr-Gas'!E10)*0.0038) -> 3397.542 | AG8: =IF('Wtr-Gas'!H10<0,"0",('Wtr-Gas'!H10)*0.0038) -> 701.366 | AH8: =IF('Wtr-Gas'!K10<0,"0",('Wtr-Gas'!K10)*0.0038) -> 0.798 | AI8: =IF('Wtr-Gas'!N10<0,"0",('Wtr-Gas'!N10)*0.0038) -> 2150.8 | AJ8: =IF('Wtr-Gas'!Q10<0,"0",('Wtr-Gas'!Q10)*0.0038) -> 83.98 | AK8: =IF('Wtr-Gas'!U10<0,"0",('Wtr-Gas'!U10)*0.0038) -> 797.24 | AL8: =IF('Wtr-Gas'!X10<0,"0",('Wtr-Gas'!X10)*0.0038) -> 6714.6 | AM8: =IF('Wtr-Gas'!AB10<0,"0",('Wtr-Gas'!AB10)*0.0038) -> 3192 | AN8: =IF('Wtr-Gas'!AD10<0,"0",('Wtr-Gas'!AD10)*0.0038) -> 877.914 | AO8: =IF('Wtr-Gas'!AF10<0,"0",('Wtr-Gas'!AF10)*0.0038) -> 4.56 | AP8: =IF('Wtr-Gas'!AH10<0,"0",('Wtr-Gas'!AH10)*0.0038) -> 433.352 | AQ8: =IF('Wtr-Gas'!AJ10<0,"0",('Wtr-Gas'!AJ10)*0.0038) -> 25.783 | AR8: =IF('Wtr-Gas'!AL10<0,"0",('Wtr-Gas'!AL10)*0.0038) -> 562.4 | AS8: =IF('Wtr-Gas'!AN10<0,"0",('Wtr-Gas'!AN10)*0.0038) -> 0.3572 | AT8: =IF('Wtr-Gas'!AP10<0,"0",('Wtr-Gas'!AP10)*0.0038) -> 8.36 | AU8: =IF('Wtr-Gas'!AT10<0,"0",('Wtr-Gas'!AT10)*0.0038) -> 0.5206 | AV8: =IF('Wtr-Gas'!AW10<0,"0",('Wtr-Gas'!AW10)*0.0038) -> 186.2076 | AW8: =IF('Wtr-Gas'!AY10<0,"0",('Wtr-Gas'!AY10)*0.0038) -> 151.2286 | AX8: =IF('Wtr-Gas'!AZ10<0,"0",('Wtr-Gas'!AZ10)*0.0038) -> 34.977252 | AY8: =IF('Wtr-Gas'!BB10<0,"0",('Wtr-Gas'!BB10)*0.0038) -> 6.08 | AZ8: =IF('Wtr-Gas'!BD10<0,"0",('Wtr-Gas'!BD10)*0.0038) -> 1.14 | BA8: =IF('Wtr-Gas'!BF10<0,"0",('Wtr-Gas'!BF10)*0.0038) -> 0
A9: Orlando | B9: 15 | C9: 2 | D9: 2021 | E9: =IF(Elect!AM11<0,"0",Elect!AM11) -> 519 | F9: =IF(Elect!I11<0,"0",Elect!I11) -> 45600 | G9: =Elect!H11 -> 2.261 | H9: =IF(Elect!F11<0,"0",Elect!F11) -> 41440 | I9: =Elect!E11 -> 1.963 | J9: =IF(Elect!U11<0,"0",Elect!U11) -> 68700 | K9: =Elect!T11 -> 2.073 | L9: =IF(Elect!AJ11<0,"0",Elect!AJ11) -> 1440 | M9: =Elect!AI11 -> 0.297 | N9: =IF(Elect!X11<0,"0",Elect!X11) -> 38700 | O9: =Elect!W11 -> 1.7 | P9: =IF(Elect!O11<0,"0",Elect!O11) -> 9200 | Q9: =Elect!N11 -> 2.38 | R9: =IF(Elect!L11<0,"0",Elect!L11) -> 9200 | S9: =Elect!K11 -> 3.05 | T9: =IF(Elect!R11<0,"0",Elect!R11) -> 8400 | U9: =Elect!Q11 -> 2.7 | V9: =IF(Elect!AA11<0,"0",Elect!AA11) -> 5120 | W9: =Elect!Z11 -> 3.38 | X9: =IF(Elect!AD11<0,"0",Elect!AD11) -> 2560 | Y9: =Elect!AC11 -> 2.96 | Z9: =IF(Elect!AG11<0,"0",Elect!AG11) -> 46600 | AA9: =Elect!AF11 -> 2.042 | AB9: =IF(Elect!AX11<0,"0",Elect!AX11) -> 1700 | AC9: =IF(Elect!AV11<0,"0",Elect!AV11) -> 13200 | AD9: =IF(Elect!AZ11<0,"0",Elect!AZ11) -> 895 | AE9: =IF(Elect!BB11<0,"0",Elect!BB11) -> 2120 | AF9: =IF('Wtr-Gas'!E11<0,"0",('Wtr-Gas'!E11)*0.0038) -> 3703.822 | AG9: =IF('Wtr-Gas'!H11<0,"0",('Wtr-Gas'!H11)*0.0038) -> 939.436 | AH9: =IF('Wtr-Gas'!K11<0,"0",('Wtr-Gas'!K11)*0.0038) -> 2.698 | AI9: =IF('Wtr-Gas'!N11<0,"0",('Wtr-Gas'!N11)*0.0038) -> 2929.8 | AJ9: =IF('Wtr-Gas'!Q11<0,"0",('Wtr-Gas'!Q11)*0.0038) -> 88.92 | AK9: =IF('Wtr-Gas'!U11<0,"0",('Wtr-Gas'!U11)*0.0038) -> 824.6 | AL9: =IF('Wtr-Gas'!X11<0,"0",('Wtr-Gas'!X11)*0.0038) -> 3446.6 | AM9: =IF('Wtr-Gas'!AB11<0,"0",('Wtr-Gas'!AB11)*0.0038) -> 6840 | AN9: =IF('Wtr-Gas'!AD11<0,"0",('Wtr-Gas'!AD11)*0.0038) -> 1379.997 | AO9: =IF('Wtr-Gas'!AF11<0,"0",('Wtr-Gas'!AF11)*0.0038) -> 3.23 | AP9: =IF('Wtr-Gas'!AH11<0,"0",('Wtr-Gas'!AH11)*0.0038) -> 410.058 | AQ9: =IF('Wtr-Gas'!AJ11<0,"0",('Wtr-Gas'!AJ11)*0.0038) -> 28.0288 | AR9: =IF('Wtr-Gas'!AL11<0,"0",('Wtr-Gas'!AL11)*0.0038) -> 254.6 | AS9: =IF('Wtr-Gas'!AN11<0,"0",('Wtr-Gas'!AN11)*0.0038) -> 0.0874 | AT9: =IF('Wtr-Gas'!AP11<0,"0",('Wtr-Gas'!AP11)*0.0038) -> 46.74 | AU9: =IF('Wtr-Gas'!AT11<0,"0",('Wtr-Gas'!AT11)*0.0038) -> 0.418 | AV9: =IF('Wtr-Gas'!AW11<0,"0",('Wtr-Gas'!AW11)*0.0038) -> 187.4388 | AW9: =IF('Wtr-Gas'!AY11<0,"0",('Wtr-Gas'!AY11)*0.0038) -> 152.2698 | AX9: =IF('Wtr-Gas'!AZ11<0,"0",('Wtr-Gas'!AZ11)*0.0038) -> 35.16862 | AY9: =IF('Wtr-Gas'!BB11<0,"0",('Wtr-Gas'!BB11)*0.0038) -> 12.92 | AZ9: =IF('Wtr-Gas'!BD11<0,"0",('Wtr-Gas'!BD11)*0.0038) -> 1.52 | BA9: =IF('Wtr-Gas'!BF11<0,"0",('Wtr-Gas'!BF11)*0.0038) -> 0
A10: Orlando | B10: 22 | C10: 2 | D10: 2021 | E10: =IF(Elect!AM12<0,"0",Elect!AM12) -> 528 | F10: =IF(Elect!I12<0,"0",Elect!I12) -> 46880 | G10: =Elect!H12 -> 1.586 | H10: =IF(Elect!F12<0,"0",Elect!F12) -> 40800 | I10: =Elect!E12 -> 1.235 | J10: =IF(Elect!U12<0,"0",Elect!U12) -> 56400 | K10: =Elect!T12 -> 2.185 | L10: =IF(Elect!AJ12<0,"0",Elect!AJ12) -> 1440 | M10: =Elect!AI12 -> 1.71 | N10: =IF(Elect!X12<0,"0",Elect!X12) -> 31200 | O10: =Elect!W12 -> 1.7 | P10: =IF(Elect!O12<0,"0",Elect!O12) -> 9200 | Q10: =Elect!N12 -> 0.068 | R10: =IF(Elect!L12<0,"0",Elect!L12) -> 10800 | S10: =Elect!K12 -> 0.085 | T10: =IF(Elect!R12<0,"0",Elect!R12) -> 9600 | U10: =Elect!Q12 -> 0.071 | V10: =IF(Elect!AA12<0,"0",Elect!AA12) -> 4960 | W10: =Elect!Z12 -> 3.38 | X10: =IF(Elect!AD12<0,"0",Elect!AD12) -> 2720 | Y10: =Elect!AC12 -> 2.96 | Z10: =IF(Elect!AG12<0,"0",Elect!AG12) -> 48000 | AA10: =Elect!AF12 -> 2.7 | AB10: =IF(Elect!AX12<0,"0",Elect!AX12) -> 1800 | AC10: =IF(Elect!AV12<0,"0",Elect!AV12) -> 14200 | AD10: =IF(Elect!AZ12<0,"0",Elect!AZ12) -> 1024 | AE10: =IF(Elect!BB12<0,"0",Elect!BB12) -> 1640 | AF10: =IF('Wtr-Gas'!E12<0,"0",('Wtr-Gas'!E12)*0.0038) -> 3505.272 | AG10: =IF('Wtr-Gas'!H12<0,"0",('Wtr-Gas'!H12)*0.0038) -> 974.13 | AH10: =IF('Wtr-Gas'!K12<0,"0",('Wtr-Gas'!K12)*0.0038) -> 0.608 | AI10: =IF('Wtr-Gas'!N12<0,"0",('Wtr-Gas'!N12)*0.0038) -> 2413 | AJ10: =IF('Wtr-Gas'!Q12<0,"0",('Wtr-Gas'!Q12)*0.0038) -> 99.56 | AK10: =IF('Wtr-Gas'!U12<0,"0",('Wtr-Gas'!U12)*0.0038) -> 843.6 | AL10: =IF('Wtr-Gas'!X12<0,"0",('Wtr-Gas'!X12)*0.0038) -> 4799.4 | AM10: =IF('Wtr-Gas'!AB12<0,"0",('Wtr-Gas'!AB12)*0.0038) -> 5320 | AN10: =IF('Wtr-Gas'!AD12<0,"0",('Wtr-Gas'!AD12)*0.0038) -> 1185.915 | AO10: =IF('Wtr-Gas'!AF12<0,"0",('Wtr-Gas'!AF12)*0.0038) -> 6.042 | AP10: =IF('Wtr-Gas'!AH12<0,"0",('Wtr-Gas'!AH12)*0.0038) -> 411.312 | AQ10: =IF('Wtr-Gas'!AJ12<0,"0",('Wtr-Gas'!AJ12)*0.0038) -> 35.15 | AR10: =IF('Wtr-Gas'!AL12<0,"0",('Wtr-Gas'!AL12)*0.0038) -> 345.8 | AS10: =IF('Wtr-Gas'!AN12<0,"0",('Wtr-Gas'!AN12)*0.0038) -> 0.114 | AT10: =IF('Wtr-Gas'!AP12<0,"0",('Wtr-Gas'!AP12)*0.0038) -> 3.42 | AU10: =IF('Wtr-Gas'!AT12<0,"0",('Wtr-Gas'!AT12)*0.0038) -> 0.4864 | AV10: =IF('Wtr-Gas'!AW12<0,"0",('Wtr-Gas'!AW12)*0.0038) -> 211.698 | AW10: =IF('Wtr-Gas'!AY12<0,"0",('Wtr-Gas'!AY12)*0.0038) -> 172.5694 | AX10: =IF('Wtr-Gas'!AZ12<0,"0",('Wtr-Gas'!AZ12)*0.0038) -> 39.129436 | AY10: =IF('Wtr-Gas'!BB12<0,"0",('Wtr-Gas'!BB12)*0.0038) -> 14.82 | AZ10: =IF('Wtr-Gas'!BD12<0,"0",('Wtr-Gas'!BD12)*0.0038) -> 1.9 | BA10: =IF('Wtr-Gas'!BF12<0,"0",('Wtr-Gas'!BF12)*0.0038) -> 0
A11: Orlando | B11: 28 | C11: 2 | D11: 2021 | E11: =IF(Elect!AM13<0,"0",Elect!AM13) -> 506 | F11: =IF(Elect!I13<0,"0",Elect!I13) -> 47040 | G11: =Elect!H13 -> 2.188 | H11: =IF(Elect!F13<0,"0",Elect!F13) -> 40800 | I11: =Elect!E13 -> 1.934 | J11: =IF(Elect!U13<0,"0",Elect!U13) -> 49200 | K11: =Elect!T13 -> 2.583 | L11: =IF(Elect!AJ13<0,"0",Elect!AJ13) -> 1440 | M11: =Elect!AI13 -> 0.301 | N11: =IF(Elect!X13<0,"0",Elect!X13) -> 48000 | O11: =Elect!W13 -> 1.888 | P11: =IF(Elect!O13<0,"0",Elect!O13) -> 9200 | Q11: =Elect!N13 -> 1.79 | R11: =IF(Elect!L13<0,"0",Elect!L13) -> 10000 | S11: =Elect!K13 -> 2.17 | T11: =IF(Elect!R13<0,"0",Elect!R13) -> 9200 | U11: =Elect!Q13 -> 1.87 | V11: =IF(Elect!AA13<0,"0",Elect!AA13) -> 6240 | W11: =Elect!Z13 -> 3.74 | X11: =IF(Elect!AD13<0,"0",Elect!AD13) -> 3200 | Y11: =Elect!AC13 -> 2.06 | Z11: =IF(Elect!AG13<0,"0",Elect!AG13) -> 48200 | AA11: =Elect!AF13 -> 1.896 | AB11: =IF(Elect!AX13<0,"0",Elect!AX13) -> 1500 | AC11: =IF(Elect!AV13<0,"0",Elect!AV13) -> 11600 | AD11: =IF(Elect!AZ13<0,"0",Elect!AZ13) -> 784 | AE11: =IF(Elect!BB13<0,"0",Elect!BB13) -> 3920 | AF11: =IF('Wtr-Gas'!E13<0,"0",('Wtr-Gas'!E13)*0.0038) -> 3780.848 | AG11: =IF('Wtr-Gas'!H13<0,"0",('Wtr-Gas'!H13)*0.0038) -> 717.668 | AH11: =IF('Wtr-Gas'!K13<0,"0",('Wtr-Gas'!K13)*0.0038) -> 1.026 | AI11: =IF('Wtr-Gas'!N13<0,"0",('Wtr-Gas'!N13)*0.0038) -> 2717 | AJ11: =IF('Wtr-Gas'!Q13<0,"0",('Wtr-Gas'!Q13)*0.0038) -> 101.84 | AK11: =IF('Wtr-Gas'!U13<0,"0",('Wtr-Gas'!U13)*0.0038) -> 855.76 | AL11: =IF('Wtr-Gas'!X13<0,"0",('Wtr-Gas'!X13)*0.0038) -> 4240.8 | AM11: =IF('Wtr-Gas'!AB13<0,"0",('Wtr-Gas'!AB13)*0.0038) -> 6232 | AN11: =IF('Wtr-Gas'!AD13<0,"0",('Wtr-Gas'!AD13)*0.0038) -> 1208.59 | AO11: =IF('Wtr-Gas'!AF13<0,"0",('Wtr-Gas'!AF13)*0.0038) -> 7.22 | AP11: =IF('Wtr-Gas'!AH13<0,"0",('Wtr-Gas'!AH13)*0.0038) -> 412.718 | AQ11: =IF('Wtr-Gas'!AJ13<0,"0",('Wtr-Gas'!AJ13)*0.0038) -> 30.3164 | AR11: =IF('Wtr-Gas'!AL13<0,"0",('Wtr-Gas'!AL13)*0.0038) -> 345.8 | AS11: =IF('Wtr-Gas'!AN13<0,"0",('Wtr-Gas'!AN13)*0.0038) -> 0.0798 | AT11: =IF('Wtr-Gas'!AP13<0,"0",('Wtr-Gas'!AP13)*0.0038) -> 14.06 | AU11: =IF('Wtr-Gas'!AT13<0,"0",('Wtr-Gas'!AT13)*0.0038) -> 0.3078 | AV11: =IF('Wtr-Gas'!AW13<0,"0",('Wtr-Gas'!AW13)*0.0038) -> 162.6286 | AW11: =IF('Wtr-Gas'!AY13<0,"0",('Wtr-Gas'!AY13)*0.0038) -> 128.2044 | AX11: =IF('Wtr-Gas'!AZ13<0,"0",('Wtr-Gas'!AZ13)*0.0038) -> 34.42439 | AY11: =IF('Wtr-Gas'!BB13<0,"0",('Wtr-Gas'!BB13)*0.0038) -> 18.24 | AZ11: =IF('Wtr-Gas'!BD13<0,"0",('Wtr-Gas'!BD13)*0.0038) -> 1.14 | BA11: =IF('Wtr-Gas'!BF13<0,"0",('Wtr-Gas'!BF13)*0.0038) -> 0.0038
A12: Orlando | B12: 8 | C12: 3 | D12: 2021 | E12: =IF(Elect!AM14<0,"0",Elect!AM14) -> 513 | F12: =IF(Elect!I14<0,"0",Elect!I14) -> 47520 | G12: =Elect!H14 -> 2.378 | H12: =IF(Elect!F14<0,"0",Elect!F14) -> 41920 | I12: =Elect!E14 -> 1.934 | J12: =IF(Elect!U14<0,"0",Elect!U14) -> 29700 | K12: =Elect!T14 -> 2.583 | L12: =IF(Elect!AJ14<0,"0",Elect!AJ14) -> 1480 | M12: =Elect!AI14 -> 0.301 | N12: =IF(Elect!X14<0,"0",Elect!X14) -> 57000 | O12: =Elect!W14 -> 1.969 | P12: =IF(Elect!O14<0,"0",Elect!O14) -> 9600 | Q12: =Elect!N14 -> 1.95 | R12: =IF(Elect!L14<0,"0",Elect!L14) -> 9600 | S12: =Elect!K14 -> 2.24 | T12: =IF(Elect!R14<0,"0",Elect!R14) -> 8800 | U12: =Elect!Q14 -> 1.96 | V12: =IF(Elect!AA14<0,"0",Elect!AA14) -> 6400 | W12: =Elect!Z14 -> 3.79 | X12: =IF(Elect!AD14<0,"0",Elect!AD14) -> 3040 | Y12: =Elect!AC14 -> 2.06 | Z12: =IF(Elect!AG14<0,"0",Elect!AG14) -> 49600 | AA12: =Elect!AF14 -> 1.994 | AB12: =IF(Elect!AX14<0,"0",Elect!AX14) -> 1600 | AC12: =IF(Elect!AV14<0,"0",Elect!AV14) -> 12800 | AD12: =IF(Elect!AZ14<0,"0",Elect!AZ14) -> 901 | AE12: =IF(Elect!BB14<0,"0",Elect!BB14) -> 2640 | AF12: =IF('Wtr-Gas'!E14<0,"0",('Wtr-Gas'!E14)*0.0038) -> 3679.502 | AG12: =IF('Wtr-Gas'!H14<0,"0",('Wtr-Gas'!H14)*0.0038) -> 809.21 | AH12: =IF('Wtr-Gas'!K14<0,"0",('Wtr-Gas'!K14)*0.0038) -> 3.192 | AI12: =IF('Wtr-Gas'!N14<0,"0",('Wtr-Gas'!N14)*0.0038) -> 2527 | AJ12: =IF('Wtr-Gas'!Q14<0,"0",('Wtr-Gas'!Q14)*0.0038) -> 104.88 | AK12: =IF('Wtr-Gas'!U14<0,"0",('Wtr-Gas'!U14)*0.0038) -> 879.7 | AL12: =IF('Wtr-Gas'!X14<0,"0",('Wtr-Gas'!X14)*0.0038) -> 5149 | AM12: =IF('Wtr-Gas'!AB14<0,"0",('Wtr-Gas'!AB14)*0.0038) -> 5320 | AN12: =IF('Wtr-Gas'!AD14<0,"0",('Wtr-Gas'!AD14)*0.0038) -> 1201.2663 | AO12: =IF('Wtr-Gas'!AF14<0,"0",('Wtr-Gas'!AF14)*0.0038) -> 5.51 | AP12: =IF('Wtr-Gas'!AH14<0,"0",('Wtr-Gas'!AH14)*0.0038) -> 502.702 | AQ12: =IF('Wtr-Gas'!AJ14<0,"0",('Wtr-Gas'!AJ14)*0.0038) -> 36.6092 | AR12: =IF('Wtr-Gas'!AL14<0,"0",('Wtr-Gas'!AL14)*0.0038) -> 342 | AS12: =IF('Wtr-Gas'!AN14<0,"0",('Wtr-Gas'!AN14)*0.0038) -> 0.1254 | AT12: =IF('Wtr-Gas'!AP14<0,"0",('Wtr-Gas'!AP14)*0.0038) -> 3.04 | AU12: =IF('Wtr-Gas'!AT14<0,"0",('Wtr-Gas'!AT14)*0.0038) -> 0.285 | AV12: =IF('Wtr-Gas'!AW14<0,"0",('Wtr-Gas'!AW14)*0.0038) -> 191.2388 | AW12: =IF('Wtr-Gas'!AY14<0,"0",('Wtr-Gas'!AY14)*0.0038) -> 150.4838 | AX12: =IF('Wtr-Gas'!AZ14<0,"0",('Wtr-Gas'!AZ14)*0.0038) -> 40.755342 | AY12: =IF('Wtr-Gas'!BB14<0,"0",('Wtr-Gas'!BB14)*0.0038) -> 11.4 | AZ12: =IF('Wtr-Gas'!BD14<0,"0",('Wtr-Gas'!BD14)*0.0038) -> 2.28 | BA12: =IF('Wtr-Gas'!BF14<0,"0",('Wtr-Gas'!BF14)*0.0038) -> 265.924
A13: Orlando | B13: 15 | C13: 3 | D13: 2021 | E13: =IF(Elect!AM15<0,"0",Elect!AM15) -> 524 | F13: =IF(Elect!I15<0,"0",Elect!I15) -> 46560 | G13: =Elect!H15 -> 2.378 | H13: =IF(Elect!F15<0,"0",Elect!F15) -> 40960 | I13: =Elect!E15 -> 1.947 | J13: =IF(Elect!U15<0,"0",Elect!U15) -> 32100 | K13: =Elect!T15 -> 2.583 | L13: =IF(Elect!AJ15<0,"0",Elect!AJ15) -> 1400 | M13: =Elect!AI15 -> 0.301 | N13: =IF(Elect!X15<0,"0",Elect!X15) -> 41400 | O13: =Elect!W15 -> 1.969 | P13: =IF(Elect!O15<0,"0",Elect!O15) -> 9200 | Q13: =Elect!N15 -> 1.95 | R13: =IF(Elect!L15<0,"0",Elect!L15) -> 9600 | S13: =Elect!K15 -> 2.28 | T13: =IF(Elect!R15<0,"0",Elect!R15) -> 8800 | U13: =Elect!Q15 -> 1.98 | V13: =IF(Elect!AA15<0,"0",Elect!AA15) -> 5120 | W13: =Elect!Z15 -> 3.79 | X13: =IF(Elect!AD15<0,"0",Elect!AD15) -> 2560 | Y13: =Elect!AC15 -> 2.06 | Z13: =IF(Elect!AG15<0,"0",Elect!AG15) -> 50200 | AA13: =Elect!AF15 -> 2.045 | AB13: =IF(Elect!AX15<0,"0",Elect!AX15) -> 1600 | AC13: =IF(Elect!AV15<0,"0",Elect!AV15) -> 11700 | AD13: =IF(Elect!AZ15<0,"0",Elect!AZ15) -> 877 | AE13: =IF(Elect!BB15<0,"0",Elect!BB15) -> 4680 | AF13: =IF('Wtr-Gas'!E15<0,"0",('Wtr-Gas'!E15)*0.0038) -> 4172.932 | AG13: =IF('Wtr-Gas'!H15<0,"0",('Wtr-Gas'!H15)*0.0038) -> 805.752 | AH13: =IF('Wtr-Gas'!K15<0,"0",('Wtr-Gas'!K15)*0.0038) -> 2.85 | AI13: =IF('Wtr-Gas'!N15<0,"0",('Wtr-Gas'!N15)*0.0038) -> 2595.4 | AJ13: =IF('Wtr-Gas'!Q15<0,"0",('Wtr-Gas'!Q15)*0.0038) -> 92.34 | AK13: =IF('Wtr-Gas'!U15<0,"0",('Wtr-Gas'!U15)*0.0038) -> 825.36 | AL13: =IF('Wtr-Gas'!X15<0,"0",('Wtr-Gas'!X15)*0.0038) -> 5502.4 | AM13: =IF('Wtr-Gas'!AB15<0,"0",('Wtr-Gas'!AB15)*0.0038) -> 4826 | AN13: =IF('Wtr-Gas'!AD15<0,"0",('Wtr-Gas'!AD15)*0.0038) -> 996.76774 | AO13: =IF('Wtr-Gas'!AF15<0,"0",('Wtr-Gas'!AF15)*0.0038) -> 9.918 | AP13: =IF('Wtr-Gas'!AH15<0,"0",('Wtr-Gas'!AH15)*0.0038) -> 395.276 | AQ13: =IF('Wtr-Gas'!AJ15<0,"0",('Wtr-Gas'!AJ15)*0.0038) -> 53.6104 | AR13: =IF('Wtr-Gas'!AL15<0,"0",('Wtr-Gas'!AL15)*0.0038) -> 733.4 | AS13: =IF('Wtr-Gas'!AN15<0,"0",('Wtr-Gas'!AN15)*0.0038) -> 0.2166 | AT13: =IF('Wtr-Gas'!AP15<0,"0",('Wtr-Gas'!AP15)*0.0038) -> 3.42 | AU13: =IF('Wtr-Gas'!AT15<0,"0",('Wtr-Gas'!AT15)*0.0038) -> 0.4408 | AV13: =IF('Wtr-Gas'!AW15<0,"0",('Wtr-Gas'!AW15)*0.0038) -> 44.935 | AW13: =IF('Wtr-Gas'!AY15<0,"0",('Wtr-Gas'!AY15)*0.0038) -> 142.6634 | AX13: =IF('Wtr-Gas'!AZ15<0,"0",('Wtr-Gas'!AZ15)*0.0038) -> 0 | AY13: =IF('Wtr-Gas'!BB15<0,"0",('Wtr-Gas'!BB15)*0.0038) -> 18.62 | AZ13: =IF('Wtr-Gas'!BD15<0,"0",('Wtr-Gas'!BD15)*0.0038) -> 1.14 | BA13: =IF('Wtr-Gas'!BF15<0,"0",('Wtr-Gas'!BF15)*0.0038) -> 1001.3874
... A62: Orlando | B62: 31 | C62: 12 | D62: 2021 | E62: =IF(Elect!AM64<0,"0",Elect!AM64) -> 0 | F62: =IF(Elect!I64<0,"0",Elect!I64) -> 0 | G62: =Elect!H64 -> 0 | H62: =IF(Elect!F64<0,"0",Elect!F64) -> 0 | I62: =Elect!E64 -> 0 | J62: =IF(Elect!U64<0,"0",Elect!U64) -> 0 | K62: =Elect!T64 -> 0 | L62: =IF(Elect!AJ64<0,"0",Elect!AJ64) -> 0 | M62: =Elect!AI64 -> 0 | N62: =IF(Elect!X64<0,"0",Elect!X64) -> 0 | O62: =Elect!W64 -> 0 | P62: =IF(Elect!O64<0,"0",Elect!O64) -> 0 | Q62: =Elect!N64 -> 0 | R62: =IF(Elect!L64<0,"0",Elect!L64) -> 0 | S62: =Elect!K64 -> 0 | T62: =IF(Elect!R64<0,"0",Elect!R64) -> 0 | U62: =Elect!Q64 -> 0 | V62: =IF(Elect!AA64<0,"0",Elect!AA64) -> 0 | W62: =Elect!Z64 -> 0 | X62: =IF(Elect!AD64<0,"0",Elect!AD64) -> 0 | Y62: =Elect!AC64 -> 0 | Z62: =IF(Elect!AG64<0,"0",Elect!AG64) -> 0 | AA62: =Elect!AF64 -> 0 | AB62: =IF(Elect!AX64<0,"0",Elect!AX64) -> 0 | AC62: =IF(Elect!AV64<0,"0",Elect!AV64) -> 0 | AD62: =IF(Elect!AZ64<0,"0",Elect!AZ64) -> 0 | AE62: =IF(Elect!BB64<0,"0",Elect!BB64) -> 0 | AF62: =IF('Wtr-Gas'!E64<0,"0",('Wtr-Gas'!E64)*0.0038) -> 0 | AG62: =IF('Wtr-Gas'!H64<0,"0",('Wtr-Gas'!H64)*0.0038) -> 0 | AH62: =IF('Wtr-Gas'!K64<0,"0",('Wtr-Gas'!K64)*0.0038) -> 0 | AI62: =IF('Wtr-Gas'!N64<0,"0",('Wtr-Gas'!N64)*0.0038) -> 0 | AJ62: =IF('Wtr-Gas'!Q64<0,"0",('Wtr-Gas'!Q64)*0.0038) -> 0 | AK62: =IF('Wtr-Gas'!U64<0,"0",('Wtr-Gas'!U64)*0.0038) -> 0 | AL62: =IF('Wtr-Gas'!X64<0,"0",('Wtr-Gas'!X64)*0.0038) -> 0 | AM62: =IF('Wtr-Gas'!AB64<0,"0",('Wtr-Gas'!AB64)*0.0038) -> 0 | AN62: =IF('Wtr-Gas'!AD64<0,"0",('Wtr-Gas'!AD64)*0.0038) -> 0 | AO62: =IF('Wtr-Gas'!AF64<0,"0",('Wtr-Gas'!AF64)*0.0038) -> 0 | AP62: =IF('Wtr-Gas'!AH64<0,"0",('Wtr-Gas'!AH64)*0.0038) -> 0 | AQ62: =IF('Wtr-Gas'!AJ64<0,"0",('Wtr-Gas'!AJ64)*0.0038) -> 0 | AR62: =IF('Wtr-Gas'!AL64<0,"0",('Wtr-Gas'!AL64)*0.0038) -> 0 | AS62: =IF('Wtr-Gas'!AN64<0,"0",('Wtr-Gas'!AN64)*0.0038) -> 0 | AT62: =IF('Wtr-Gas'!AP64<0,"0",('Wtr-Gas'!AP64)*0.0038) -> 0 | AU62: =IF('Wtr-Gas'!AT64<0,"0",('Wtr-Gas'!AT64)*0.0038) -> 0 | AV62: =IF('Wtr-Gas'!AW64<0,"0",('Wtr-Gas'!AW64)*0.0038) -> 0 | AW62: =IF('Wtr-Gas'!AY64<0,"0",('Wtr-Gas'!AY64)*0.0038) -> 0 | AX62: =IF('Wtr-Gas'!AZ64<0,"0",('Wtr-Gas'!AZ64)*0.0038) -> 0 | AY62: =IF('Wtr-Gas'!BB64<0,"0",('Wtr-Gas'!BB64)*0.0038) -> 0 | AZ62: =IF('Wtr-Gas'!BD64<0,"0",('Wtr-Gas'!BD64)*0.0038) -> 0 | BA62: =IF('Wtr-Gas'!BF64<0,"0",('Wtr-Gas'!BF64)*0.0038) -> 0

Sheet Info
B4: Electrical
B5: Location | C5: Transformer # | D5: Meter Serial # | E5: Reedy Creek # | F5: Service Area | G5: Multiplier | I5: Reedy Creek Description
B6: Service Yard #2 | C6: T7384 | D6: 68 425 008 | E6: CC0913A018 | G6: 160 | I6: HSB2 Section 1&2, Building A
B7: Service Yard #2 | C7: T2392 | D7: 68 425 010 | E7: CC0913A020 | G7: 160 | I7: HSB2 Section 4&5, Building A
B8: Service Yard #2 | C8: T2393 | D8: 68 425 078 | E8: CC0913A060 | G8: 400 | I8: LSB2 Building A - T2395
B9: Service Yard #2 | C9: T2395 | D9: 68 425 077 | E9: CC0913A059 | G9: 400 | I9: LSB2 Building A - T2393
B10: Service Yard #2 | C10: T7285 | D10: 68 425 071 | E10: CC0913A081 | G10: 400 | I10: LSB2 Building A - T7285
B11: Service Yard #1 | C11: T7380 | D11: 68 425 060 | E11: CC0913A054 | G11: 300 | I11: Main Electric Room #1
B12: Service Yard #1 | C12: T2390 | D12: 68 425 059 | E12: CC0913A053 | G12: 300 | I12: Service Yard #1
B13: Service Yard #1 | C13: T7382 | D13: 68 425 093 | E13: CC0913A075 | G13: 160 | I13: Main Electric Room #1 South
B14: Service Yard #1 | C14: T2391 | D14: 68 425 094 | E14: CC0913A076 | G14: 160 | I14: Main Electric Room #1 South
B15: Servcie Yard #3 | C15: T7283 | D15: 90 625 242 | E15: CC0912A18 | G15: 200 | I15: Out Buildings
B16: Servcie Yard #3 | C16: T7281 | D16: 68 425 097 | E16: CC0913A095 | G16: 40 | I16: Out Buildings
B17: Remote Parking Lot Lights | C17: T2009 | D17: 90 630 431 | E17: CS0212A003 | G17: 1 | I17: Employee Parking Lot Lights
B18: Golf Maintenance | D18: 67273163 | E18: CC0612A036 | I18: Golf Maintenace
B19: Golf Clubhouse | D19: 67662513 | E19: CG0612A084 | I19: Golf Clubhouse
B20: Golf Comfort Stations | D20: 61979920 | E20: CS0210A030 | I20: Comfort Stations
B21: Golf Irrigation Pump House | D21: 56253208 | E21: IC0608A03 | I21: Irrigation Pump House
B24: Water
B25: Service Entry | D25: 74860172 | E25: x10 | F25: Main Potable Water Feed | I25: Water
B26: Service Entry | D26: 74860173 | E26: x10 | F26: Re-use Water Feed | I26: Reclaimed Water
B27: Pump Room | D27: 44553004 | E27: x10 | F27: Fire System Make-up Feed
B28: Pump Room | D28: 70275191 | E28: x100 | F28: PW Feed for Bldg A | I28: Installed 1/31/14
B29: Boiler Room | D29: 2130521 | E29: x100 | F29: Steam Boiler M/U Water | I29: Installed 4/15/14
B31: Deduct Meters | C31: Added 7/15
B32: Chiller Room | D32: 79177804 | E32: x1 | F32: Make-up to Cooling Towers
B33: Chiller Room | D33: 79305675 | E33: x1 | F33: Cooling Tower Blowdown
B34: Building E | D34: 7919004D | E34: x1000 | F34: Irrigation Water
B35: Building E | D35: 79190041 | E35: x1000 | F35: Potable Water
B36: Building J | D36: 79190039 | E36: x1 | F36: Irrigation Water
B37: Lazy River | C37: Added 10/20/15 | D37: 79324776 | E37: x1000 | F37: Potable make-up water for Lazy River
B38: Building E - Inside | C38: Added 11/24/15 | D38: 112014001775 | E38: x100 | F38: Pool Hydranic Heater Make-up Water
B39: Service Yard #2 | C39: Added 11/24/15 | D39: 112014001771 | E39: x100 | F39: Mens and Womens Spa Pool Make-up Water
B43: Changes to Meters
B44: Exterior Pump Room | D44: 12C004186-C1 | E44: x100 | F44: Main Gas Feed | I44: Meter changed on 11/19/14
D45: 04B000408 | E45: 41962 | I45: New Meter Serial Number - Start Number 4668
B46: Golf Course Irrigation | D46: 80606729 | E46: 42522 | I46: New Meter Serial Number - Start Number 0
B48: Cooling Tower M/U Meter | D48: 85492530 | E48: 43698 | I48: Meter Changed by RCID
B51: Disputed Bill | D51: Customer # | E51: Account #
D52: 10816233 | E52: 2236896 | I52: ???

Sheet Logsheet
B1: Four Seasons Utility Readings
N2: updated 9/1/19
B3: Water Meters
B4: 74860172 | D4: 74860173 | F4: 44553004 | H4: 70275191 | J4: 2130521 | L4: 04B000408 | N4: 93477704
B6: Main PW Feed | D6: Main RW Feed | F6: Fire Prot Water Feed | H6: Potable Wtr Bldg A | J6: Steam Boiler M/U | L6: Main Gas Meter 2# | N6: Main Gas Meter 5#
B9: 85492530 | D9: 79305675 | F9: 79190041 | H9: 7919004D | J9: 79190039 | L9: 79324776
B10: Chiller Room | D10: Chiller Room | F10: Building E | H10: Building E | J10: Building J | L10: Lazy River | N10: Capa Terrace
B11: Cooling Tower M/U | D11: Cooling Tower Bleed | F11: Potable Water | H11: Irrigation | J11: Irrigation | L11: Potable Water | N11: Landscaping Mtr
B14: Electric Meters Service Yard #2
B15: CC0913A018 | D15: CC0913A020 | F15: CC0913A060 | H15: CC0913A059 | J15: CC0913A081
B16: 68 425 008 | C16: T7384 | D16: 68 425 010 | E16: T2392 | F16: 68 425 078 | G16: T2393 | H16: 68 425 077 | I16: T2395 | J16: 68 425 071 | K16: T7285
B17: KWH | C17: Demand | D17: KWH | E17: Demand | F17: KWH | G17: Demand | H17: KWH | I17: Demand | J17: KWH | K17: Demand
B20: Central Plant Service Yard | J20: Building E
B21: CC0913A054 | D21: CC0913A053 | F21: CC0913A075 | H21: CC0913A076 | J21: CC0912A18 | L21: CC0913A095
B22: 68 425 060 | C22: T7380 | D22: 68 425 059 | E22: T2390 | F22: 68 425 093 | G22: T7382 | H22: 68 425 094 | I22: T2391 | J22: 90 625 242 | K22: T7283 | L22: 68 425 097 | M22: T7281
B23: KWH | C23: Demand | D23: KWH | E23: Demand | F23: KWH | G23: Demand | H23: KWH | I23: Demand | J23: KWH | K23: Demand | L23: KWH | M23: Demand
B26: Employee Parking | D26: Emerg Generator | J26: 112014001775 | L26: 112014001771
B27: CS0212A003 | D27: GEN01 | J27: Building E - Inside | L27: Service Yard #2
B28: 90 630 431 | C28: T2009 | D28: Tank Level | J28: Pool Hydranic Heater | L28: Spa Jacuzzi's
B29: KWH | D29: 1/4-3/4 | J29: Make-up Water | L29: Make-up Water

Sheet Golf Logsheet
B2: Water Meters
B3: 73337589 | D3: 65956268 | F3: 1334021 | H3: 63265094 | J3: 80606729
B5: Club House | D5: Club House Deduct | F5: Golf Maintenance | H5: Comfort Stations | J5: Irrigation Reclaim Water
B8: Electric Meters
B9: CG0612A084 | D9: CC0612A036 | H9: CS0210A0300 | J9: IC0608A03
B10: 676 62 513 | D10: 672 73 163 | H10: 61 979 920 | J10: 56 253 208
B11: Club House | D11: Golf Maintenance | H11: Comfort Stations | J11: Irrigation Pump House
B14: Natural Gas / Petroleum
B15: 82SJ729151 | D15: Propane Tank #1 | F15: Propane Tank #2 | H15: Unleaded Tank | J15: Diesel Tank | L15: Lube Oil Tank
B16: 46801014
B17: Nat Gas-Clubhouse | D17: Golf Maintenance | F17: Golf Maintenance | H17: Golf Mainenance | J17: Golf Maintenance | L17: Golf Maintenance

Sheet Graphs
B2: Jan | C2: Feb | D2: Mar | E2: Apr | F2: May | G2: Jun | H2: Jul | I2: Aug | J2: Sep | K2: Oct | L2: Nov | M2: Dec | O2: KWH | P2: Fuel Surcharge | Q2: Demand
Z3: Electric | AA3: Gas
Y5: 2015 | Z5: =([1]Elect!#REF!) -> #REF!
Y6: 2016 | Z6: =([1]Elect!#REF!) -> #REF!
Y7: 2017 | Z7: =([1]Elect!#REF!) -> #REF!
Y8: 2018 | Z8: =([1]Elect!#REF!) -> #REF!
Y9: 2019 | Z9: =([1]Elect!#REF!) -> #REF!
X21: hi

Sheet Drawing
B3: Utility Distribution
B4: Four Seasons Resort Orlando at Walt Disney World Resort
B5: Electrical, Potable Water, Re-use Water, Natural Gas
AU14: Water Deduct Meters downstream | BX14: Golf Course Water
AU15: of the main water meter for the Resort | BX15: Distribution
AU16: Meter Numbers Listed | BX16: Meter Numbers Listed
AY18: Bldg A Fire | CL18: Golf Clubhouse
AY19: Sprinkler System | BY19: Golf Clubhouse | CL19: Flushing Valve
AY20: Make-up | BY20: 73337589 | CL20: Deduct
AY21: 44553004 | CL21: 65956268
G22: 12" Potable Water Line | AA22: Domestic Water
G23: Feed from | AA23: from RCES
G24: RCES | AA24: 74860172
AY25: Bdlg A Potable | BY25: Golf Maint
AY26: Water Feed | BY26: Facility
AY27: 70275191 | BY27: 1334021
CK28: Golf Course
M29: 8" Re-use Water Line | AA29: Re-use Water | CK29: Re-Use Irrigation
M30: Feed from | AA30: from RCES | CK30: 67327447
M31: RCES | AA31: 74860173
BY32: Golf Course
AY33: Steam Boilers | BY33: Comfort Stations
AY34: Make-up Water | BY34: 63265094
AY35: 2130521
AJ36: Landscaping
AJ37: Re-use System
AY40: Cooling Tower | BL40: Cooling Twr
AA41: Out Buildings | AY41: Make-up Water | BL41: Blowdown
AA42: Natural Gas Meter | AY42: 79177804 | BL42: Line Deduct
AA43: 93477704 | BL43: 79305675
M45: Natural Gas
M46: Feed at 50 PSI
M47: Reduced to 2 PSI | AY47: Bldg E Potable
M48: for building | AA48: Resort Natural | AY48: Water Meter
M49: Distribution | AA49: Gas Meter | AY49: 79190041
AA50: 12C004186-C1
AY54: Bldg J Irrigation
AY55: Water Meter
AA56: Golf Clubhouse | AY56: 79190039
AA57: Natural Gas
AA58: Meter
AA59: 82SJ729151
E61: Electrical Distribution | AY61: Lazy River
E62: 12470 Volts distributed by RCES on 2 separate feeders to the Resort | AY62: Pool Make-up
AY63: 79324776
F66: Service
F67: Yard | P67: T7380 | W67: T2390 | AD67: T7382 | AK67: T2391
F68: #1 | P68: 68 425 060 | W68: 68 425 059 | AD68: 68 425 093 | AK68: 68 425 094 | AY68: Pool Hydraunic
AY69: Boiler Water
AY70: Make-up
AY71: 112014001775
D75: Service | AY75: Spa Jacuzzi
D76: Yard | J76: T7384 | Q76: T2392 | X76: T2393 | AE76: T2395 | AL76: T7285 | AY76: Water
D77: #2 | J77: 68 425 008 | Q77: 68 425 010 | X77: 68 425 078 | AE77: 68 425 077 | AL77: 68 425 071 | AY77: Make-up
AY78: 112014001771
J84: Service
J85: Yard | Q85: T7283 | X85: T7281
J86: #3 | Q86: 90 625 242 | X86: 68 425 097
G93: Golf
G94: Course & | O94: Club House | V94: Golf Maint. | AB94: Cmft Stations | AJ94: Irrigation
G95: Clubhouse | O95: 676 62 513 | V95: 672 73 163 | AC95: 61 979 920 | AJ95: 56 253 208

Sheet Occupancy
P1: Rooms Dept. | Q1: Total Occupied
P2: Room Nights Input
B3: CDD | C3: HDD | E3: % Occ | F3: 2021 | N3: 01 | O3: Month: January | Q3: =+P3/444 -> 0
A4: Jan | G4: 13764 | H4: =SUM(F4*G4) -> 0 | N4: 02 | O4: Month: January | Q4: =+P4/444 -> 0
A5: Feb | G5: 12432 | H5: =SUM(F5*G5) -> 0 | N5: 03 | O5: Month: January | Q5: =+P5/444 -> 0
A6: Mar | G6: 13764 | H6: =SUM(F6*G6) -> 0 | N6: 04 | O6: Month: January | Q6: =+P6/444 -> 0
A7: Apr | G7: 13320 | H7: =SUM(F7*G7) -> 0 | N7: 05 | O7: Month: January | Q7: =+P7/444 -> 0
A8: May | G8: 13764 | H8: =SUM(F8*G8) -> 0 | N8: 06 | O8: Month: January | Q8: =+P8/444 -> 0
A9: Jun | G9: 13320 | H9: =SUM(F9*G9) -> 0 | N9: 07 | O9: Month: January | Q9: =+P9/444 -> 0
A10: Jul | G10: 13764 | H10: =SUM(F10*G10) -> 0 | N10: 08 | O10: Month: January | Q10: =+P10/444 -> 0
A11: Aug | G11: 13764 | H11: =SUM(F11*G11) -> 0 | N11: 09 | O11: Month: January | Q11: =+P11/444 -> 0
A12: Sep | G12: 13320 | H12: =SUM(F12*G12) -> 0 | N12: 10 | O12: Month: January | Q12: =+P12/444 -> 0
A13: Oct | G13: 13764 | H13: =SUM(F13*G13) -> 0 | N13: 11 | O13: Month: January | Q13: =+P13/444 -> 0
A14: Nov | G14: 13320 | H14: =SUM(F14*G14) -> 0 | N14: 12 | O14: Month: January | Q14: =+P14/444 -> 0
A15: Dec | G15: 13764 | H15: =SUM(F15*G15) -> 0 | N15: 13 | O15: Month: January | Q15: =+P15/444 -> 0
G16: =SUM(G4:G15) -> 162060 | H16: =SUM(H4:H15) -> 0 | N16: 14 | O16: Month: January | Q16: =+P16/444 -> 0
N17: 15 | O17: Month: January | Q17: =+P17/444 -> 0
N18: 16 | O18: Month: January | Q18: =+P18/444 -> 0
N19: 17 | O19: Month: January | Q19: =+P19/444 -> 0
N20: 18 | O20: Month: January | Q20: =+P20/444 -> 0
N21: 19 | O21: Month: January | Q21: =+P21/444 -> 0
N22: 20 | O22: Month: January | Q22: =+P22/444 -> 0
N23: 21 | O23: Month: January | Q23: =+P23/444 -> 0
N24: 22 | O24: Month: January | Q24: =+P24/444 -> 0
J25: 2017 | K25: 2018 | L25: 2019 | N25: 23 | O25: Month: January | Q25: =+P25/444 -> 0
I26: Occupied Guest Rooms | J26: 120328 | K26: 119350 | L26: 91868 | N26: 24 | O26: Month: January | Q26: =+P26/444 -> 0
I27: Electric KWH | J27: 17910500 | K27: 17636409 | L27: 13838299 | N27: 25 | O27: Month: January | Q27: =+P27/444 -> 0
I28: Electrical Use per Occupied Room | J28: =SUM(J27/J26) -> 148.84732 | K28: =SUM(K27/K26) -> 147.7705 | L28: =SUM(L27/L26) -> 150.63242 | N28: 26 | O28: Month: January | Q28: =+P28/444 -> 0
I29: Gas CCF | J29: 600069 | K29: 584640 | L29: 432248 | N29: 27 | O29: Month: January | Q29: =+P29/444 -> 0
I30: Gas Use Per Occupied Room | J30: =SUM(J29/J26) -> 4.986944 | K30: =SUM(K29/K26) -> 4.8985337 | L30: =SUM(L29/L26) -> 4.7050986 | N30: 28 | O30: Month: January | Q30: =+P30/444 -> 0
N31: 29 | O31: Month: January | Q31: =+P31/444 -> 0
I32: 2019 Totals are through Sept 30th | N32: 30 | O32: Month: January | Q32: =+P32/444 -> 0
N33: 31 | O33: Month: January | Q33: =+P33/444 -> 0
N34: 01 | O34: Month: February | Q34: =+P34/444 -> 0
N35: 02 | O35: Month: February | Q35: =+P35/444 -> 0
N36: 03 | O36: Month: February | Q36: =+P36/444 -> 0
N37: 04 | O37: Month: February | Q37: =+P37/444 -> 0
N38: 05 | O38: Month: February | Q38: =+P38/444 -> 0
N39: 06 | O39: Month: February | Q39: =+P39/444 -> 0
N40: 07 | O40: Month: February | Q40: =+P40/444 -> 0
N41: 08 | O41: Month: February | Q41: =+P41/444 -> 0
N42: 09 | O42: Month: February | Q42: =+P42/444 -> 0
N43: 10 | O43: Month: February | Q43: =+P43/444 -> 0
N44: 11 | O44: Month: February | Q44: =+P44/444 -> 0
... N306: 30 | O306: Month: October | Q306: =+P306/444 -> 0

Sheet Elect
B1: 2021 | D1: CC0913A018 | G1: CC0913A020 | J1: CC0913A060 | M1: CC0913A059 | P1: CC0913A081 | S1: CC0913A054 | V1: CC0913A053 | Y1: CC0913A075 | AB1: CC0913A076 | AE1: CC0912A18 | AH1: CC0913A095 | AK1: CS0212A003 | AP1: Water Pk | AQ1: % of KWH | AU1: CG0612A084 | AW1: CC0612A036 | AY1: CS0210A030 | BA1: IIC0608A03 | BF1: KWH | BJ1: Account # - 02230191 | BN1: Meter # - CC0913A020 | BW1: Meter # - CC0913A018 | CF1: Meter # - CC0913A054 | CO1: Meter # - CC0913A095 | CX1: Meter # - CC0913A053 | DG1: Meter # - CC0913A059 | DP1: Meter # - CC0913A060 | DY1: Meter # - CC0913A081 | EH1: Meter # - CC0913A075 | EQ1: Meter # - CC0913A076 | EZ1: Meter # - CC90625425 | FK1: Amount | FP1: Meter # - 672 73 163 | FY1: Meter # - 676 62 513 | GH1: Meter # - 61 979 920 | GN1: Meter # - 56 253 208
B2: Date | C2: Occupancy | D2: 68 425 008 | E2: T7384 | F2: KWH Total | G2: 68 425 010 | H2: T2392 | I2: KWH Total | J2: 68 425 078 | K2: T2393 | L2: KWH Total | M2: 68 425 077 | N2: T2395 | O2: KWH Total | P2: 68 425 071 | Q2: T7285 | R2: KWH Total | S2: 68 425 060 | T2: T7380 | U2: KWH Total | V2: 68 425 059 | W2: T2390 | X2: KWH Total | Y2: 68 425 093 | Z2: T7382 | AA2: KWH Total | AB2: 68 425 094 | AC2: T2391 | AD2: KWH Total | AE2: 90 625 242 | AF2: T7283 | AG2: KWH Total | AH2: 68 425 097 | AI2: T7281 | AJ2: KWH Total | AK2: 90 630 431 | AM2: KWH Total | AO2: Total KWH | AP2: KWH | AR2: Total Mnth | AU2: 676 62 513 | AV2: KWH Total | AW2: 672 73 163 | AX2: KWH Total | AY2: 61 979 920 | AZ2: KWH Total | BA2: 56 253 208 | BB2: KWH Total | BD2: Total KWH | BE2: Total Mnth | BF2: Total | BJ2: Meter # - CS0212A003 | BN2: Meter | BO2: Bill | BQ2: KWH | BR2: Demand | BS2: KWH | BT2: Fuel Charge | BU2: Demand | BV2: Total | BW2: Meter | BX2: Bill | BZ2: KWH | CA2: Demand | CB2: KWH | CC2: Fuel Charge | CD2: Demand | CE2: Total | CF2: Meter | CG2: Bill | CI2: KWH | CJ2: Demand | CK2: KWH | CL2: Fuel Charge | CM2: Demand | CN2: Total | CO2: Meter | CP2: Bill | CR2: KWH | CS2: Demand | CT2: KWH | CU2: Fuel Charge | CV2: Demand | CW2: Total | CX2: Meter | CY2: Bill | DA2: KWH | DB2: Demand | DC2: KWH | DD2: Fuel Charge | DE2: Demand | DF2: Total | DG2: Meter | DH2: Bill | DJ2: KWH | DK2: Demand | DL2: KWH | DM2: Fuel Charge | DN2: Demand | DO2: Total | DP2: Meter | DQ2: Bill | DS2: KWH | DT2: Demand | DU2: KWH | DV2: Fuel Charge | DW2: Demand | DX2: Total | DY2: Meter | DZ2: Bill | EB2: KWH | EC2: Demand | ED2: KWH | EE2: Fuel Charge | EF2: Demand | EG2: Total | EH2: Meter | EI2: Bill | EK2: KWH | EL2: Demand | EM2: KWH | EN2: Fuel Charge | EO2: Demand | EP2: Total | EQ2: Meter | ER2: Bill | ET2: KWH | EU2: Demand | EV2: KWH | EW2: Fuel Charge | EX2: Demand | EY2: Total | EZ2: Meter | FA2: Bill | FC2: KWH | FD2: Demand | FE2: KWH | FF2: Fuel Charge | FG2: Demand | FH2: Total | FJ2: Total | FK2: Total | FL2: Demand | FM2: Total | FP2: Meter | FQ2: Bill | FS2: KWH | FT2: Demand | FU2: KWH | FV2: Fuel Charge | FW2: Demand | FX2: Total | FY2: Meter | FZ2: Bill | GB2: KWH | GC2: Demand | GD2: KWH | GE2: Fuel Charge | GF2: Demand | GG2: Total | GH2: Meter | GI2: Bill | GJ2: KWH | GK2: KWH | GL2: Fuel Charge | GM2: Total | GN2: Meter | GO2: Bill | GQ2: KWH | GR2: Demand | GS2: KWH | GT2: Fuel Charge | GU2: Demand | GV2: Total | GW2: Total | GX2: Total | GY2: Total | GZ2: Total | HB2: Total Resort | HC2: Total Resort | HD2: Total Resort | HE2: Total Resort
C3: Room Nights | D3: KWH | E3: Demand | F3: (x160) | G3: KWH | H3: Demand | I3: (x160) | J3: KWH | K3: Demand | L3: (x400) | M3: KWH | N3: Demand | O3: (x400) | P3: KWH | Q3: Demand | R3: (x400) | S3: KWH | T3: Demand | U3: (x300) | V3: KWH | W3: Demand | X3: (x300) | Y3: KWH | Z3: Demand | AA3: (x160) | AB3: KWH | AC3: Demand | AD3: (x160) | AE3: KWH | AF3: Demand | AG3: (X200) | AH3: KWH | AI3: Demand | AJ3: (x40) | AK3: KWH | AM3: (x1) | AR3: KWH | AU3: KWH | AV3: (x100) | AW3: KWH | AX3: (x100) | AY3: KWH | AZ3: (x1) | BA3: KWH | BB3: (x40) | BD3: Golf | BE3: Golf | BF3: Resort | BJ3: Meter Read | BK3: Bill Read | BL3: Amount | BM3: Total | BN3: Read | BO3: Read | BP3: Demand | BQ3: Amount | BR3: Amount | BS3: Total | BT3: Total | BU3: Total | BV3: Amount | BW3: Read | BX3: Read | BY3: Demand | BZ3: Amount | CA3: Amount | CB3: Total | CC3: Total | CD3: Total | CE3: Amount | CF3: Read | CG3: Read | CH3: Demand | CI3: Amount | CJ3: Amount | CK3: Total | CL3: Total | CM3: Total | CN3: Amount | CO3: Read | CP3: Read | CQ3: Demand | CR3: Amount | CS3: Amount | CT3: Total | CU3: Total | CV3: Total | CW3: Amount | CX3: Read | CY3: Read | CZ3: Demand | DA3: Amount | DB3: Amount | DC3: Total | DD3: Total | DE3: Total | DF3: Amount | DG3: Read | DH3: Read | DI3: Demand | DJ3: Amount | DK3: Amount | DL3: Total | DM3: Total | DN3: Total | DO3: Amount | DP3: Read | DQ3: Read | DR3: Demand | DS3: Amount | DT3: Amount | DU3: Total | DV3: Total | DW3: Total | DX3: Amount | DY3: Read | DZ3: Read | EA3: Demand | EB3: Amount | EC3: Amount | ED3: Total | EE3: Total | EF3: Total | EG3: Amount | EH3: Read | EI3: Read | EJ3: Demand | EK3: Amount | EL3: Amount | EM3: Total | EN3: Total | EO3: Total | EP3: Amount | EQ3: Read | ER3: Read | ES3: Demand | ET3: Amount | EU3: Amount | EV3: Total | EW3: Total | EX3: Total | EY3: Amount | EZ3: Read | FA3: Read | FB3: Demand | FC3: Amount | FD3: Amount | FE3: Total | FF3: Total | FG3: Total | FH3: Amount | FJ3: KHW | FK3: KWH Costs | FL3: Total | FM3: Electric | FP3: Read | FQ3: Read | FR3: Demand | FS3: Amount | FT3: Amount | FU3: Total | FV3: Total | FW3: Total | FX3: Amount | FY3: Read | FZ3: Read | GA3: Demand | GB3: Amount | GC3: Amount | GD3: Total | GE3: Total | GF3: Total | GG3: Amount | GH3: Read | GI3: Read | GJ3: Amount | GK3: Total | GL3: Total | GM3: Amount | GN3: Read | GO3: Read | GP3: Demand | GQ3: Amount | GR3: Amount | GS3: Total | GT3: Total | GU3: Total | GV3: Amount | GW3: KWH | GX3: KWH Costs | GY3: Demand | GZ3: Costs | HB3: KWH | HC3: KWH Costs | HD3: Demand | HE3: Costs
B4: 44197 | C4: 0 | D4: 98168 | E4: 1.99 | G4: 94723 | H4: 2.299 | J4: 10869 | K4: 3.07 | M4: 10784 | N4: 2.48 | P4: 11418 | Q4: 2.77 | S4: 76986 | T4: 1.964 | V4: 73548 | W4: 1.376 | Y4: 17824 | Z4: 2.56 | AB4: 11813 | AC4: 1.73 | AE4: 93249 | AF4: 2.162 | AH4: 17476 | AI4: 0.331 | AK4: 70340 | AM4: 0 | AO4: 0 | AP4: 0 | AQ4: 0 | AT4: =B4 -> 44197 | AU4: 63102 | AW4: 8065 | AY4: 28157 | BA4: 50430 | BD4: 0 | BJ4: =SUM(AK4) -> 70340 | BN4: =SUM(G4) -> 94723 | BW4: =SUM(D4) -> 98168 | CF4: =SUM(S4) -> 76986 | CO4: =SUM(AH4) -> 17476 | CX4: =SUM(V4) -> 73548 | DG4: =SUM(M4) -> 10784 | DP4: =SUM(S4) -> 76986 | DY4: =SUM(P4) -> 11418 | EH4: =SUM(Y4) -> 17824 | EQ4: =SUM(AB4) -> 11813 | EZ4: =SUM(AE4) -> 93249 | FP4: =SUM(AW4) -> 8065 | FY4: =SUM(AU4) -> 63102 | GH4: =SUM(AY4) -> 28157 | GN4: =SUM(BA4) -> 50430
B5: 44200 | C5: =SUM(Essbase!J8,Essbase!J9,Essbase!J10,Essbase!J11,Essbase!J12) -> 756 | D5: 98288 | E5: 1.99 | F5: 19200 | G5: 94857 | H5: 2.299 | I5: 21440 | J5: 10882 | K5: 3.07 | L5: 5200 | M5: 10795 | N5: 2.48 | O5: 4400 | P5: 11430 | Q5: 2.77 | R5: 4800 | S5: 77092 | T5: 2.067 | U5: 31800 | V5: 73609 | W5: 1.373 | X5: 18300 | Y5: 17838 | Z5: 2.56 | AA5: 2240 | AB5: 11821 | AC5: 1.74 | AD5: 1280 | AE5: 93358 | AF5: 2.162 | AG5: 21800 | AH5: 17442 | AI5: 0.331 | AJ5: -1360 | AK5: 70591 | AL5: 251 | AM5: =SUM(AK5-AK4) -> 251 | AO5: =SUM(AG5+AD5+AA5+X5+U5+R5+O5+L5+I5+F5+AJ5+AM5) -> 129351 | AP5: =SUM(AG5+AJ5) -> 20440 | AQ5: =SUM(AP5/AO5) -> 0.15801965 | AT5: =B5 -> 44200 | AU5: 63154 | AV5: 5200 | AW5: 8070 | AX5: 500 | AY5: 29046 | AZ5: 889 | BA5: 50496 | BB5: 2640 | BD5: =SUM(AV5+AX5,AZ5,BB5) -> 9229 | BJ5: =SUM(AK5) -> 70591 | BN5: =SUM(G5) -> 94857 | BW5: =SUM(D5) -> 98288 | CF5: =SUM(S5) -> 77092 | CO5: =SUM(AH5) -> 17442 | CX5: =SUM(V5) -> 73609 | DG5: =SUM(M5) -> 10795 | DP5: =SUM(S5) -> 77092 | DY5: =SUM(P5) -> 11430 | EH5: =SUM(Y5) -> 17838 | EQ5: =SUM(AB5) -> 11821 | EZ5: =SUM(AE5) -> 93358 | FP5: =SUM(AW5) -> 8070 | FY5: =SUM(AU5) -> 63154 | GH5: =SUM(AY5) -> 29046 | GN5: =SUM(BA5) -> 50496
B6: 44207 | C6: =SUM(Essbase!J12,Essbase!J13,Essbase!J14,Essbase!J15,Essbase!J16,Essbase!J17,Essbase!J18) -> 724 | D6: 98540 | E6: 1.99 | F6: 40320 | G6: 95134 | H6: 2.299 | I6: 44320 | J6: 10908 | K6: 3.07 | L6: 10400 | M6: 10818 | N6: 2.48 | O6: 9200 | P6: 11454 | Q6: 2.77 | R6: 9600 | S6: 77173 | T6: 2.067 | U6: 24300 | V6: 73691 | W6: 1.373 | X6: 24600 | Y6: 17870 | Z6: 2.72 | AA6: 5120 | AB6: 11836 | AC6: 1.74 | AD6: 2400 | AE6: 93610 | AF6: 2.162 | AG6: 50400 | AH6: 17529 | AI6: 0.331 | AJ6: 3480 | AK6: 71145 | AL6: 554 | AM6: =SUM(AK6-AK5) -> 554 | AO6: =SUM(AG6+AD6+AA6+X6+U6+R6+O6+L6+I6+F6+AJ6+AM6) -> 224694 | AP6: =SUM(AG6+AJ6) -> 53880 | AQ6: =SUM(AP6/AO6) -> 0.23979278 | AT6: =B6 -> 44207 | AU6: 63264 | AV6: 11000 | AW6: 8085 | AX6: 1500 | AY6: 29955 | AZ6: 909 | BA6: 50578 | BB6: 3280 | BD6: =SUM(AV6+AX6,AZ6,BB6) -> 16689 | BJ6: =SUM(AK6) -> 71145 | BN6: =SUM(G6) -> 95134 | BW6: =SUM(D6) -> 98540 | CF6: =SUM(S6) -> 77173 | CO6: =SUM(AH6) -> 17529 | CX6: =SUM(V6) -> 73691 | DG6: =SUM(M6) -> 10818 | DP6: =SUM(S6) -> 77173 | DY6: =SUM(P6) -> 11454 | EH6: =SUM(Y6) -> 17870 | EQ6: =SUM(AB6) -> 11836 | EZ6: =SUM(AE6) -> 93610 | FP6: =SUM(AW6) -> 8085 | FY6: =SUM(AU6) -> 63264 | GH6: =SUM(AY6) -> 29955 | GN6: =SUM(BA6) -> 50578
B7: 44214 | C7: =SUM(Essbase!J19,Essbase!J20,Essbase!J21,Essbase!J22,Essbase!J23,Essbase!J24,Essbase!J25) -> 772 | D7: 98795 | E7: 1.99 | F7: 40800 | G7: 95416 | H7: 2.299 | I7: 45120 | J7: 10940 | K7: 3.07 | L7: 12800 | M7: 10840 | N7: 2.48 | O7: 8800 | P7: 11478 | Q7: 2.77 | R7: 9600 | S7: 77231 | T7: 2.067 | U7: 17400 | V7: 73806 | W7: 1.373 | X7: 34500 | Y7: 17908 | Z7: 3.03 | AA7: 6080 | AB7: 11855 | AC7: 1.76 | AD7: 3040 | AE7: 93863 | AF7: 2.162 | AG7: 50600 | AH7: 17565 | AI7: 0.346 | AJ7: 1440 | AK7: 71709 | AL7: 564 | AM7: =SUM(AK7-AK6) -> 564 | AO7: =SUM(AG7+AD7+AA7+X7+U7+R7+O7+L7+I7+F7+AJ7+AM7) -> 230744 | AP7: =SUM(AG7+AJ7) -> 52040 | AQ7: =SUM(AP7/AO7) -> 0.22553132 | AT7: =B7 -> 44214 | AU7: 63373 | AV7: 10900 | AW7: 8099 | AX7: 1400 | AY7: 30835 | AZ7: 880 | BA7: 43 | BB7: 43 | BD7: =SUM(AV7+AX7,AZ7,BB7) -> 13223 | BJ7: =SUM(AK7) -> 71709 | BN7: =SUM(G7) -> 95416 | BW7: =SUM(D7) -> 98795 | CF7: =SUM(S7) -> 77231 | CO7: =SUM(AH7) -> 17565 | CX7: =SUM(V7) -> 73806 | DG7: =SUM(M7) -> 10840 | DP7: =SUM(S7) -> 77231 | DY7: =SUM(P7) -> 11478 | EH7: =SUM(Y7) -> 17908 | EQ7: =SUM(AB7) -> 11855 | EZ7: =SUM(AE7) -> 93863 | FP7: =SUM(AW7) -> 8099 | FY7: =SUM(AU7) -> 63373 | GH7: =SUM(AY7) -> 30835 | GN7: =SUM(BA7) -> 43
B8: 44221 | C8: =SUM(Essbase!J26,Essbase!J27,Essbase!J28,Essbase!J29,Essbase!J30,Essbase!J31,Essbase!J32) -> 1454 | D8: 99063 | E8: 1.963 | F8: 42880 | G8: 95714 | H8: 2.261 | I8: 47680 | J8: 10968 | K8: 2.63 | L8: 11200 | M8: 10864 | N8: 1.88 | O8: 9600 | P8: 11502 | Q8: 2.18 | R8: 9600 | S8: 77346 | T8: 1.767 | U8: 34500 | V8: 73933 | W8: 1.7 | X8: 38100 | Y8: 17949 | Z8: 3.22 | AA8: 6560 | AB8: 11881 | AC8: 2.96 | AD8: 4160 | AE8: 94126 | AF8: 2.013 | AG8: 52600 | AH8: 17604 | AI8: 0.267 | AJ8: 1560 | AK8: 72050 | AL8: 341 | AM8: =SUM(AK8-AK7) -> 341 | AO8: =SUM(AG8+AD8+AA8+X8+U8+R8+O8+L8+I8+F8+AJ8+AM8) -> 258781 | AP8: =SUM(AG8+AJ8) -> 54160 | AQ8: =SUM(AP8/AO8) -> 0.20928894 | AT8: =B8 -> 44221 | AU8: 63501 | AV8: 12800 | AW8: 8118 | AX8: 1900 | AY8: 31714 | AZ8: 879 | BA8: 77 | BB8: 1360 | BD8: =SUM(AV8+AX8,AZ8,BB8) -> 16939 | BJ8: =SUM(AK8) -> 72050 | BN8: =SUM(G8) -> 95714 | BW8: =SUM(D8) -> 99063 | CF8: =SUM(S8) -> 77346 | CO8: =SUM(AH8) -> 17604 | CX8: =SUM(V8) -> 73933 | DG8: =SUM(M8) -> 10864 | DP8: =SUM(S8) -> 77346 | DY8: =SUM(P8) -> 11502 | EH8: =SUM(Y8) -> 17949 | EQ8: =SUM(AB8) -> 11881 | EZ8: =SUM(AE8) -> 94126 | FP8: =SUM(AW8) -> 8118 | FY8: =SUM(AU8) -> 63501 | GH8: =SUM(AY8) -> 31714 | GN8: =SUM(BA8) -> 77
B9: 44228 | C9: =SUM(Essbase!J33,Essbase!J34,Essbase!J35,Essbase!J36,Essbase!J37,Essbase!J38) -> 591 | D9: 99305 | E9: 1.963 | F9: 38720 | G9: 95995 | H9: 2.261 | I9: 44960 | J9: 10992 | K9: 2.63 | L9: 9600 | M9: 10886 | N9: 1.88 | O9: 8800 | P9: 11525 | Q9: 2.18 | R9: 9200 | S9: 77466 | T9: 1.978 | U9: 36000 | V9: 74061 | W9: 1.7 | X9: 38400 | Y9: 17982 | Z9: 3.22 | AA9: 5280 | AB9: 11898 | AC9: 2.96 | AD9: 2720 | AE9: 94374 | AF9: 2.013 | AG9: 49600 | AH9: 17679 | AI9: 0.267 | AJ9: 3000 | AK9: 72651 | AL9: 601 | AM9: =SUM(AK9-AK8) -> 601 | AO9: =SUM(AG9+AD9+AA9+X9+U9+R9+O9+L9+I9+F9+AJ9+AM9) -> 246881 | AP9: =SUM(AG9+AJ9) -> 52600 | AQ9: =SUM(AP9/AO9) -> 0.21305811 | AR9: =SUM(AO5:AO9) -> 1090451 | AT9: =B9 -> 44228 | AU9: 63621 | AV9: 12000 | AW9: 8132 | AX9: 1400 | AY9: 32628 | AZ9: 914 | BA9: 133 | BB9: 2240 | BD9: =SUM(AV9+AX9,AZ9,BB9) -> 16554 | BE9: =SUM(BD5:BD9) -> 72634 | BF9: =SUM(AR9+BE9) -> 1163085 | BJ9: =SUM(AK9) -> 72651 | BL9: =SUM(BK9-BK4) -> 0 | BM9: =SUM(BL9*0.11895+BL9*0.02531)*1.09+2.85 -> 2.85 | BN9: =SUM(G9) -> 95995 | BQ9: =SUM(BO9-BO4)*160 -> 0 | BR9: =(BP9)*160 -> 0 | BS9: =SUM(BQ9*0.0406) -> 0 | BT9: =SUM(BQ9*0.02531) -> 0 | BU9: =SUM(BR9*6.99) -> 0 | BV9: =SUM(BS9+BT9)*1.09 -> 0 | BW9: =SUM(D9) -> 99305 | BZ9: =SUM(BX9-BX4)*160 -> 0 | CA9: =(BY9)*160 -> 0 | CB9: =SUM(BZ9*0.0406) -> 0 | CC9: =SUM(BZ9*0.02531) -> 0 | CD9: =SUM(CA9*6.99) -> 0 | CE9: =SUM((CB9+CC9)+20)* 1.08 -> 21.6 | CF9: =SUM(S9) -> 77466 | CI9: =SUM(CG9-CG4)*300 -> 0 | CJ9: =(CH9)*300 -> 0 | CK9: =SUM(CI9*0.0406) -> 0 | CL9: =SUM(CI9*0.02531) -> 0 | CM9: =SUM(CJ9*6.99) -> 0 | CN9: =SUM((CK9+CL9)+20)*1.09 -> 21.8 | CO9: =SUM(AH9) -> 17679 | CR9: =(CP9-CP4)*40 -> 0 | CS9: =(CQ9)*40 -> 0 | CT9: =SUM(CR9*0.0406) -> 0 | CU9: =SUM(CR9*0.02531) -> 0 | CV9: =SUM(CS9*6.99) -> 0 | CW9: =SUM((CT9+CU9)+20)*1.09 -> 21.8 | CX9: =SUM(V9) -> 74061 | DA9: =SUM(CY9-CY4)*300 -> 0 | DB9: =(CZ9)*300 -> 0 | DC9: =SUM(DA9*0.0406) -> 0 | DD9: =SUM(DA9*0.02531) -> 0 | DE9: =SUM(DB9*6.99) -> 0 | DF9: =SUM((DC9+DD9)+20)*1.085 -> 21.7 | DG9: =SUM(M9) -> 10886 | DJ9: =SUM(DH9-DH4)*400 -> 0 | DK9: =(DI9)*400 -> 0 | DL9: =SUM(DJ9*0.0406) -> 0 | DM9: =SUM(DJ9*0.02531) -> 0 | DN9: =SUM(DK9*6.99) -> 0 | DO9: =SUM((DL9+DM9)+20)*1.09 -> 21.8 | DP9: =SUM(S9) -> 77466 | DS9: =SUM(DQ9-DQ4)*400 -> 0 | DT9: =(DR9)*400 -> 0 | DU9: =SUM(DS9*0.0406) -> 0 | DV9: =SUM(DS9*0.02531) -> 0 | DW9: =SUM(DT9*6.99) -> 0 | DX9: =SUM((DU9+DV9)+20)*1.09 -> 21.8 | DY9: =SUM(P9) -> 11525 | EB9: =SUM(DZ9-DZ4)*400 -> 0 | EC9: =(EA9)*400 -> 0 | ED9: =SUM(EB9*0.0406) -> 0 | EE9: =SUM(EB9*0.02531) -> 0 | EF9: =SUM(EC9*6.99) -> 0 | EG9: =SUM((ED9+EE9)+20)*1.09 -> 21.8 | EH9: =SUM(Y9) -> 17982 | EK9: =SUM(EI9-EI4)*160 -> 0 | EL9: =(EJ9)*160 -> 0 | EM9: =SUM(EK9*0.0406) -> 0 | EN9: =SUM(EK9*0.02531) -> 0 | EO9: =SUM(EL9*6.99) -> 0 | EP9: =SUM((EM9+EN9)+20)*1.09 -> 21.8 | EQ9: =SUM(AB9) -> 11898 | ET9: =SUM(ER9-ER4)*160 -> 0 | EU9: =(ES9)*160 -> 0 | EV9: =SUM(ET9*0.0406) -> 0 | EW9: =SUM(ET9*0.02531) -> 0 | EX9: =SUM(EU9*6.99) -> 0 | EY9: =SUM((EV9+EW9)+20)*1.09 -> 21.8 | EZ9: =SUM(AE9) -> 94374 | FC9: =SUM(FA9-FA4)*200 -> 0 | FD9: =(FB9)*200 -> 0 | FE9: =SUM(FC9*0.0406) -> 0 | FF9: =SUM(FC9*0.02531) -> 0 | FG9: =SUM(FD9*6.99) -> 0 | FH9: =SUM((FE9+FF9)+20)*1.09 -> 21.8 | FJ9: =SUM(BL9+BQ9+BZ9+CI9+CR9+DA9+DJ9+DS9+EB9+EK9+ET9+FC9) -> 0 | FK9: =SUM(BM9+BV9,CE9,CN9,CW9,DF9,DO9,DX9,EG9,EP9,EY9+FH9) -> 220.55 | FL9: =SUM(BU9,CD9,CM9,CV9,DE9,DN9,DW9,EF9,EO9,EX9,FG9) -> 0 | FM9: =SUM(FK9:FL9) -> 220.55 | FP9: =SUM(AW9) -> 8132 | FS9: =SUM(FQ9-FQ4)*100 -> 0 | FT9: =SUM(FR9)*100 -> 0 | FU9: =SUM(FS9*0.0406) -> 0 | FV9: =SUM(FS9*0.02531) -> 0 | FW9: =SUM(FT9*6.99) -> 0 | FX9: =SUM(FV9+FU9+20)*1.1048 -> 22.096 | FY9: =SUM(AU9) -> 63621 | GB9: =SUM(FZ9-FZ4)*100 -> 0 | GC9: =SUM(GA9)*100 -> 0 | GD9: =SUM(GB9*0.0406) -> 0 | GE9: =SUM(GB9*0.02531) -> 0 | GF9: =SUM(GC9*6.99) -> 0 | GG9: =SUM(GE9+GD9+20)*1.1048 -> 22.096 | GH9: =SUM(AY9) -> 32628 | GJ9: =SUM(GI9-GI4) -> 0 | GK9: =SUM(GJ9*0.11895) -> 0 | GL9: =SUM(GJ9*0.02531) -> 0 | GM9: =SUM(GK9+GL9+2.32)*1.07 -> 2.4824 | GN9: =SUM(BA9) -> 133 | GQ9: =SUM(GO9-GO4)*40 -> 0 | GR9: =SUM(GP9)*40 -> 0 | GS9: =SUM(GQ9*0.0406) -> 0 | GT9: =SUM(GQ9*0.02531) -> 0 | GU9: =SUM(GR9*6.99) -> 0 | GV9: =SUM(GT9+GS9+20)*1.2 -> 24 | GW9: =SUM(FS9+GB9+GJ9+GQ9) -> 0 | GX9: =SUM(GV9+GM9+GG9+FX9) -> 70.6744 | GY9: =SUM(FW9+GF9+GU9) -> 0 | GZ9: =SUM(GX9:GY9) -> 70.6744 | HB9: =(FJ9+GW9) -> 0 | HC9: =(FK9+GX9) -> 291.2244 | HD9: =(FL9+GY9) -> 0 | HE9: =(HC9+HD9) -> 291.2244
B10: 44235 | C10: =SUM(Essbase!J39,Essbase!J40,Essbase!J41,Essbase!J42,Essbase!J43,Essbase!J44,Essbase!J45,) -> 748 | D10: 99551 | E10: 1.963 | F10: 39360 | G10: 96273 | H10: 2.261 | I10: 44480 | J10: 11019 | K10: 3.05 | L10: 10800 | M10: 10909 | N10: 2.38 | O10: 9200 | P10: 11548 | Q10: 2.7 | R10: 9200 | S10: 77552 | T10: 1.978 | U10: 25800 | V10: 74176 | W10: 1.7 | X10: 34500 | Y10: 18014 | Z10: 3.38 | AA10: 5120 | AB10: 11913 | AC10: 2.96 | AD10: 2400 | AE10: 94616 | AF10: 2.042 | AG10: 48400 | AH10: 17673 | AI10: 0.281 | AJ10: -240 | AK10: 73348 | AL10: 697 | AM10: =SUM(AK10-AK9) -> 697 | AO10: =SUM(AG10+AD10+AA10+X10+U10+R10+O10+L10+I10+F10+AJ10+AM10) -> 229717 | AP10: =SUM(AG10+AJ10) -> 48160 | AQ10: =SUM(AP10/AO10) -> 0.20964926 | AT10: =B10 -> 44235 | AU10: 63732 | AV10: 11100 | AW10: 8146 | AX10: 1400 | AY10: 33519 | AZ10: 891 | BA10: 181 | BB10: 1920 | BD10: =SUM(AV10+AX10,AZ10,BB10) -> 15311 | BJ10: =SUM(AK10) -> 73348 | BN10: =SUM(G10) -> 96273 | BW10: =SUM(D10) -> 99551 | CF10: =SUM(S10) -> 77552 | CO10: =SUM(AH10) -> 17673 | CX10: =SUM(V10) -> 74176 | DG10: =SUM(M10) -> 10909 | DP10: =SUM(S10) -> 77552 | DY10: =SUM(P10) -> 11548 | EH10: =SUM(Y10) -> 18014 | EQ10: =SUM(AB10) -> 11913 | EZ10: =SUM(AE10) -> 94616 | FP10: =SUM(AW10) -> 8146 | FY10: =SUM(AU10) -> 63732 | GH10: =SUM(AY10) -> 33519 | GN10: =SUM(BA10) -> 181
B11: 44242 | C11: =SUM(Essbase!J46:J52) -> 941 | D11: 99810 | E11: 1.963 | F11: 41440 | G11: 96558 | H11: 2.261 | I11: 45600 | J11: 11042 | K11: 3.05 | L11: 9200 | M11: 10932 | N11: 2.38 | O11: 9200 | P11: 11569 | Q11: 2.7 | R11: 8400 | S11: 77781 | T11: 2.073 | U11: 68700 | V11: 74305 | W11: 1.7 | X11: 38700 | Y11: 18046 | Z11: 3.38 | AA11: 5120 | AB11: 11929 | AC11: 2.96 | AD11: 2560 | AE11: 94849 | AF11: 2.042 | AG11: 46600 | AH11: 17709 | AI11: 0.297 | AJ11: 1440 | AK11: 73867 | AL11: 519 | AM11: =SUM(AK11-AK10) -> 519 | AO11: =SUM(AG11+AD11+AA11+X11+U11+R11+O11+L11+I11+F11+AJ11+AM11) -> 277479 | AP11: =SUM(AG11+AJ11) -> 48040 | AQ11: =SUM(AP11/AO11) -> 0.17313022 | AT11: =B11 -> 44242 | AU11: 63864 | AV11: 13200 | AW11: 8163 | AX11: 1700 | AY11: 34414 | AZ11: 895 | BA11: 234 | BB11: 2120 | BD11: =SUM(AV11+AX11,AZ11,BB11) -> 17915 | BJ11: =SUM(AK11) -> 73867 | BN11: =SUM(G11) -> 96558 | BW11: =SUM(D11) -> 99810 | CF11: =SUM(S11) -> 77781 | CO11: =SUM(AH11) -> 17709 | CX11: =SUM(V11) -> 74305 | DG11: =SUM(M11) -> 10932 | DP11: =SUM(S11) -> 77781 | DY11: =SUM(P11) -> 11569 | EH11: =SUM(Y11) -> 18046 | EQ11: =SUM(AB11) -> 11929 | EZ11: =SUM(AE11) -> 94849 | FP11: =SUM(AW11) -> 8163 | FY11: =SUM(AU11) -> 63864 | GH11: =SUM(AY11) -> 34414 | GN11: =SUM(BA11) -> 234
B12: 44249 | C12: =SUM(Essbase!J53,Essbase!J54,Essbase!J55,Essbase!J56,Essbase!J57,Essbase!J58:J59) -> 1084 | D12: 100065 | E12: 1.235 | F12: 40800 | G12: 96851 | H12: 1.586 | I12: 46880 | J12: 11069 | K12: 0.085 | L12: 10800 | M12: 10955 | N12: 0.068 | O12: 9200 | P12: 11593 | Q12: 0.071 | R12: 9600 | S12: 77969 | T12: 2.185 | U12: 56400 | V12: 74409 | W12: 1.7 | X12: 31200 | Y12: 18077 | Z12: 3.38 | AA12: 4960 | AB12: 11946 | AC12: 2.96 | AD12: 2720 | AE12: 95089 | AF12: 2.7 | AG12: 48000 | AH12: 17745 | AI12: 1.71 | AJ12: 1440 | AK12: 74395 | AL12: 528 | AM12: =SUM(AK12-AK11) -> 528 | AO12: =SUM(AG12+AD12+AA12+X12+U12+R12+O12+L12+I12+F12+AJ12+AM12) -> 262528 | AP12: =SUM(AG12+AJ12) -> 49440 | AQ12: =SUM(AP12/AO12) -> 0.18832277 | AT12: =B12 -> 44249 | AU12: 64006 | AV12: 14200 | AW12: 8181 | AX12: 1800 | AY12: 35438 | AZ12: 1024 | BA12: 275 | BB12: 1640 | BD12: =SUM(AV12+AX12,AZ12,BB12) -> 18664 | BJ12: =SUM(AK12) -> 74395 | BN12: =SUM(G12) -> 96851 | BW12: =SUM(D12) -> 100065 | CF12: =SUM(S12) -> 77969 | CO12: =SUM(AH12) -> 17745 | CX12: =SUM(V12) -> 74409 | DG12: =SUM(M12) -> 10955 | DP12: =SUM(S12) -> 77969 | DY12: =SUM(P12) -> 11593 | EH12: =SUM(Y12) -> 18077 | EQ12: =SUM(AB12) -> 11946 | EZ12: =SUM(AE12) -> 95089 | FP12: =SUM(AW12) -> 8181 | FY12: =SUM(AU12) -> 64006 | GH12: =SUM(AY12) -> 35438 | GN12: =SUM(BA12) -> 275
B13: 44256 | C13: =SUM(Essbase!J60:J67) -> 1427 | D13: 100320 | E13: 1.934 | F13: 40800 | G13: 97145 | H13: 2.188 | I13: 47040 | J13: 11094 | K13: 2.17 | L13: 10000 | M13: 10978 | N13: 1.79 | O13: 9200 | P13: 11616 | Q13: 1.87 | R13: 9200 | S13: 78133 | T13: 2.583 | U13: 49200 | V13: 74569 | W13: 1.888 | X13: 48000 | Y13: 18116 | Z13: 3.74 | AA13: 6240 | AB13: 11966 | AC13: 2.06 | AD13: 3200 | AE13: 95330 | AF13: 1.896 | AG13: 48200 | AH13: 17781 | AI13: 0.301 | AJ13: 1440 | AK13: 74901 | AL13: 506 | AM13: =SUM(AK13-AK12) -> 506 | AO13: =SUM(AG13+AD13+AA13+X13+U13+R13+O13+L13+I13+F13+AJ13+AM13) -> 273026 | AP13: =SUM(AG13+AJ13) -> 49640 | AQ13: =SUM(AP13/AO13) -> 0.18181419 | AR13: =SUM(AO10:AO13) -> 1042750 | AT13: =B13 -> 44256 | AU13: 64122 | AV13: 11600 | AW13: 8196 | AX13: 1500 | AY13: 36222 | AZ13: 784 | BA13: 373 | BB13: 3920 | BD13: =SUM(AV13+AX13,AZ13,BB13) -> 17804 | BE13: =SUM(BD10:BD13) -> 69694 | BF13: =SUM(AR13+BE13) -> 1112444 | BJ13: =SUM(AK13) -> 74901 | BL13: =SUM(BK13-BK9) -> 0 | BM13: =SUM(BL13*0.11895+BL13*0.02531)*1.09+2.85 -> 2.85 | BN13: =SUM(G13) -> 97145 | BQ13: =SUM(BO13-BO9)*160 -> 0 | BR13: =(BP13)*160 -> 0 | BS13: =SUM(BQ13*0.0406) -> 0 | BT13: =SUM(BQ13*0.02531) -> 0 | BU13: =SUM(BR13*6.99) -> 0 | BV13: =SUM(BS13+BT13)*1.09 -> 0 | BW13: =SUM(D13) -> 100320 | BZ13: =SUM(BX13-BX9)*160 -> 0 | CA13: =(BY13)*160 -> 0 | CB13: =SUM(BZ13*0.0406) -> 0 | CC13: =SUM(BZ13*0.02531) -> 0 | CD13: =SUM(CA13*6.99) -> 0 | CE13: =SUM((CB13+CC13)+20)* 1.08 -> 21.6 | CF13: =SUM(S13) -> 78133 | CI13: =SUM(CG13-CG9)*300 -> 0 | CJ13: =(CH13)*300 -> 0 | CK13: =SUM(CI13*0.0406) -> 0 | CL13: =SUM(CI13*0.02531) -> 0 | CM13: =SUM(CJ13*6.99) -> 0 | CN13: =SUM((CK13+CL13)+20)*1.09 -> 21.8 | CO13: =SUM(AH13) -> 17781 | CR13: =(CP13-CP9)*40 -> 0 | CS13: =(CQ13)*40 -> 0 | CT13: =SUM(CR13*0.0406) -> 0 | CU13: =SUM(CR13*0.02531) -> 0 | CV13: =SUM(CS13*6.99) -> 0 | CW13: =SUM((CT13+CU13)+20)*1.09 -> 21.8 | CX13: =SUM(V13) -> 74569 | DA13: =SUM(CY13-CY9)*300 -> 0 | DB13: =(CZ13)*300 -> 0 | DC13: =SUM(DA13*0.0406) -> 0 | DD13: =SUM(DA13*0.02531) -> 0 | DE13: =SUM(DB13*6.99) -> 0 | DF13: =SUM((DC13+DD13)+20)*1.085 -> 21.7 | DG13: =SUM(M13) -> 10978 | DJ13: =SUM(DH13-DH9)*400 -> 0 | DK13: =(DI13)*400 -> 0 | DL13: =SUM(DJ13*0.0406) -> 0 | DM13: =SUM(DJ13*0.02531) -> 0 | DN13: =SUM(DK13*6.99) -> 0 | DO13: =SUM((DL13+DM13)+20)*1.09 -> 21.8 | DP13: =SUM(S13) -> 78133 | DS13: =SUM(DQ13-DQ9)*400 -> 0 | DT13: =(DR13)*400 -> 0 | DU13: =SUM(DS13*0.0406) -> 0 | DV13: =SUM(DS13*0.02531) -> 0 | DW13: =SUM(DT13*6.99) -> 0 | DX13: =SUM((DU13+DV13)+20)*1.09 -> 21.8 | DY13: =SUM(P13) -> 11616 | EB13: =SUM(DZ13-DZ9)*400 -> 0 | EC13: =(EA13)*400 -> 0 | ED13: =SUM(EB13*0.0406) -> 0 | EE13: =SUM(EB13*0.02531) -> 0 | EF13: =SUM(EC13*6.99) -> 0 | EG13: =SUM((ED13+EE13)+20)*1.09 -> 21.8 | EH13: =SUM(Y13) -> 18116 | EK13: =SUM(EI13-EI9)*160 -> 0 | EL13: =(EJ13)*160 -> 0 | EM13: =SUM(EK13*0.0406) -> 0 | EN13: =SUM(EK13*0.02531) -> 0 | EO13: =SUM(EL13*6.99) -> 0 | EP13: =SUM((EM13+EN13)+20)*1.09 -> 21.8 | EQ13: =SUM(AB13) -> 11966 | ET13: =SUM(ER13-ER9)*160 -> 0 | EU13: =(ES13)*160 -> 0 | EV13: =SUM(ET13*0.0406) -> 0 | EW13: =SUM(ET13*0.02531) -> 0 | EX13: =SUM(EU13*6.99) -> 0 | EY13: =SUM((EV13+EW13)+20)*1.09 -> 21.8 | EZ13: =SUM(AE13) -> 95330 | FC13: =SUM(FA13-FA9)*200 -> 0 | FD13: =(FB13)*200 -> 0 | FE13: =SUM(FC13*0.0406) -> 0 | FF13: =SUM(FC13*0.02531) -> 0 | FG13: =SUM(FD13*6.99) -> 0 | FH13: =SUM((FE13+FF13)+20)*1.09 -> 21.8 | FJ13: =SUM(BL13+BQ13+BZ13+CI13+CR13+DA13+DJ13+DS13+EB13+EK13+ET13+FC13) -> 0 | FK13: =SUM(BM13+BV13,CE13,CN13,CW13,DF13,DO13,DX13,EG13,EP13,EY13+FH13) -> 220.55 | FL13: =SUM(BU13,CD13,CM13,CV13,DE13,DN13,DW13,EF13,EO13,EX13,FG13) -> 0 | FM13: =SUM(FK13:FL13) -> 220.55 | FP13: =SUM(AW13) -> 8196 | FS13: =SUM(FQ13-FQ9)*100 -> 0 | FT13: =SUM(FR13)*100 -> 0 | FU13: =SUM(FS13*0.0406) -> 0 | FV13: =SUM(FS13*0.02531) -> 0 | FW13: =SUM(FT13*6.99) -> 0 | FX13: =SUM(FV13+FU13+20)*1.1048 -> 22.096 | FY13: =SUM(AU13) -> 64122 | GB13: =SUM(FZ13-FZ9)*100 -> 0 | GC13: =SUM(GA13)*100 -> 0 | GD13: =SUM(GB13*0.0406) -> 0 | GE13: =SUM(GB13*0.02531) -> 0 | GF13: =SUM(GC13*6.99) -> 0 | GG13: =SUM(GE13+GD13+20)*1.1048 -> 22.096 | GH13: =SUM(AY13) -> 36222 | GJ13: =SUM(GI13-GI9) -> 0 | GK13: =SUM(GJ13*0.11895) -> 0 | GL13: =SUM(GJ13*0.02531) -> 0 | GM13: =SUM(GK13+GL13+2.32)*1.07 -> 2.4824 | GN13: =SUM(BA13) -> 373 | GQ13: =SUM(GO13-GO9)*40 -> 0 | GR13: =SUM(GP13)*40 -> 0 | GS13: =SUM(GQ13*0.0406) -> 0 | GT13: =SUM(GQ13*0.02531) -> 0 | GU13: =SUM(GR13*6.99) -> 0 | GV13: =SUM(GT13+GS13+20)*1.2 -> 24 | GW13: =SUM(FS13+GB13+GJ13+GQ13) -> 0 | GX13: =SUM(GV13+GM13+GG13+FX13) -> 70.6744 | GY13: =SUM(FW13+GF13+GU13) -> 0 | GZ13: =SUM(GX13:GY13) -> 70.6744 | HB13: =(FJ13+GW13) -> 0 | HC13: =(FK13+GX13) -> 291.2244 | HD13: =(FL13+GY13) -> 0 | HE13: =(HC13+HD13) -> 291.2244
B14: 44263 | C14: =SUM(Essbase!J68:J74) -> 1082 | D14: 100582 | E14: 1.934 | F14: 41920 | G14: 97442 | H14: 2.378 | I14: 47520 | J14: 11118 | K14: 2.24 | L14: 9600 | M14: 11002 | N14: 1.95 | O14: 9600 | P14: 11638 | Q14: 1.96 | R14: 8800 | S14: 78232 | T14: 2.583 | U14: 29700 | V14: 74759 | W14: 1.969 | X14: 57000 | Y14: 18156 | Z14: 3.79 | AA14: 6400 | AB14: 11985 | AC14: 2.06 | AD14: 3040 | AE14: 95578 | AF14: 1.994 | AG14: 49600 | AH14: 17818 | AI14: 0.301 | AJ14: 1480 | AK14: 75414 | AL14: 513 | AM14: =SUM(AK14-AK13) -> 513 | AO14: =SUM(AG14+AD14+AA14+X14+U14+R14+O14+L14+I14+F14+AJ14+AM14) -> 265173 | AP14: =SUM(AG14+AJ14) -> 51080 | AQ14: =SUM(AP14/AO14) -> 0.19262896 | AT14: =B14 -> 44263 | AU14: 64250 | AV14: 12800 | AW14: 8212 | AX14: 1600 | AY14: 37123 | AZ14: 901 | BA14: 439 | BB14: 2640 | BD14: =SUM(AV14+AX14,AZ14,BB14) -> 17941 | BJ14: =SUM(AK14) -> 75414 | BN14: =SUM(G14) -> 97442 | BW14: =SUM(D14) -> 100582 | CF14: =SUM(S14) -> 78232 | CO14: =SUM(AH14) -> 17818 | CX14: =SUM(V14) -> 74759 | DG14: =SUM(M14) -> 11002 | DP14: =SUM(S14) -> 78232 | DY14: =SUM(P14) -> 11638 | EH14: =SUM(Y14) -> 18156 | EQ14: =SUM(AB14) -> 11985 | EZ14: =SUM(AE14) -> 95578 | FP14: =SUM(AW14) -> 8212 | FY14: =SUM(AU14) -> 64250 | GH14: =SUM(AY14) -> 37123 | GN14: =SUM(BA14) -> 439
B15: 44270 | C15: =SUM(Essbase!J75:J81) -> 1285 | D15: 838 | E15: 1.947 | F15: 40960 | G15: 97733 | H15: 2.378 | I15: 46560 | J15: 11142 | K15: 2.28 | L15: 9600 | M15: 11025 | N15: 1.95 | O15: 9200 | P15: 11660 | Q15: 1.98 | R15: 8800 | S15: 78339 | T15: 2.583 | U15: 32100 | V15: 74897 | W15: 1.969 | X15: 41400 | Y15: 18188 | Z15: 3.79 | AA15: 5120 | AB15: 12001 | AC15: 2.06 | AD15: 2560 | AE15: 95829 | AF15: 2.045 | AG15: 50200 | AH15: 17853 | AI15: 0.301 | AJ15: 1400 | AK15: 75938 | AL15: 524 | AM15: =SUM(AK15-AK14) -> 524 | AO15: =SUM(AG15+AD15+AA15+X15+U15+R15+O15+L15+I15+F15+AJ15+AM15) -> 248424 | AP15: =SUM(AG15+AJ15) -> 51600 | AQ15: =SUM(AP15/AO15) -> 0.2077094 | AT15: =B15 -> 44270 | AU15: 64367 | AV15: 11700 | AW15: 8228 | AX15: 1600 | AY15: 38000 | AZ15: 877 | BA15: 556 | BB15: 4680 | BD15: =SUM(AV15+AX15,AZ15,BB15) -> 18857 | BJ15: =SUM(AK15) -> 75938 | BN15: =SUM(G15) -> 97733 | BW15: =SUM(D15) -> 838 | CF15: =SUM(S15) -> 78339 | CO15: =SUM(AH15) -> 17853 | CX15: =SUM(V15) -> 74897 | DG15: =SUM(M15) -> 11025 | DP15: =SUM(S15) -> 78339 | DY15: =SUM(P15) -> 11660 | EH15: =SUM(Y15) -> 18188 | EQ15: =SUM(AB15) -> 12001 | EZ15: =SUM(AE15) -> 95829 | FP15: =SUM(AW15) -> 8228 | FY15: =SUM(AU15) -> 64367 | GH15: =SUM(AY15) -> 38000 | GN15: =SUM(BA15) -> 556
B16: 44277 | C16: =SUM(Essbase!J82:J89) -> 1842 | D16: 1107 | E16: 1.587 | F16: 43040 | G16: 98040 | H16: 1.777 | I16: 49120 | J16: 11170 | K16: 2.11 | L16: 11200 | M16: 11051 | N16: 2.22 | O16: 10400 | P16: 11686 | Q16: 1.77 | R16: 10400 | S16: 78555 | T16: 0.859 | U16: 64800 | V16: 75010 | W16: 0.682 | X16: 33900 | Y16: 18228 | Z16: 2.77 | AA16: 6400 | AB16: 12021 | AC16: 1.33 | AD16: 3200 | AE16: 96075 | AF16: 1.365 | AG16: 49200 | AH16: 17892 | AI16: 0.301 | AJ16: 1560 | AK16: 76363 | AL16: 425 | AM16: =SUM(AK16-AK15) -> 425 | AO16: =SUM(AG16+AD16+AA16+X16+U16+R16+O16+L16+I16+F16+AJ16+AM16) -> 283645 | AP16: =SUM(AG16+AJ16) -> 50760 | AQ16: =SUM(AP16/AO16) -> 0.17895609 | AT16: =B16 -> 44277 | AU16: 64498 | AV16: 13100 | AW16: 8245 | AX16: 1700 | AY16: 38841 | AZ16: 841 | BA16: 680 | BB16: 4960 | BD16: =SUM(AV16+AX16,AZ16,BB16) -> 20601 | BJ16: =SUM(AK16) -> 76363 | BN16: =SUM(G16) -> 98040 | BW16: =SUM(D16) -> 1107 | CF16: =SUM(S16) -> 78555 | CO16: =SUM(AH16) -> 17892 | CX16: =SUM(V16) -> 75010 | DG16: =SUM(M16) -> 11051 | DP16: =SUM(S16) -> 78555 | DY16: =SUM(P16) -> 11686 | EH16: =SUM(Y16) -> 18228 | EQ16: =SUM(AB16) -> 12021 | EZ16: =SUM(AE16) -> 96075 | FP16: =SUM(AW16) -> 8245 | FY16: =SUM(AU16) -> 64498 | GH16: =SUM(AY16) -> 38841 | GN16: =SUM(BA16) -> 680
B17: 44284 | C17: =SUM(Essbase!J90:J96) -> 1504 | D17: 1373 | E17: 2.043 | F17: 42560 | G17: 98343 | H17: 2.331 | I17: 48480 | J17: 11195 | K17: 2.31 | L17: 10000 | M17: 11077 | N17: 2.27 | O17: 10400 | P17: 11710 | Q17: 2.33 | R17: 9600 | S17: 78764 | T17: 2.435 | U17: 62700 | V17: 75151 | W17: 1.694 | X17: 42300 | Y17: 18266 | Z17: 3.13 | AA17: 6080 | AB17: 12042 | AC17: 2.46 | AD17: 3360 | AE17: 96322 | AF17: 1.945 | AG17: 49400 | AH17: 17929 | AI17: 0.301 | AJ17: 1480 | AK17: 76926 | AL17: 563 | AM17: =SUM(AK17-AK16) -> 563 | AO17: =SUM(AG17+AD17+AA17+X17+U17+R17+O17+L17+I17+F17+AJ17+AM17) -> 286923 | AP17: =SUM(AG17+AJ17) -> 50880 | AQ17: =SUM(AP17/AO17) -> 0.17732981 | AT17: =B17 -> 44284 | AU17: 64637 | AV17: 13900 | AW17: 8263 | AX17: 1800 | AY17: 39656 | AZ17: 815 | BA17: 805 | BB17: 5000 | BD17: =SUM(AV17+AX17,AZ17,BB17) -> 21515 | BJ17: =SUM(AK17) -> 76926 | BL17: =SUM(BK17-BK13) -> 0 | BM17: =SUM(BL17*0.11895+BL17*0.02531)*1.09+2.85 -> 2.85 | BN17: =SUM(G17) -> 98343 | BQ17: =SUM(BO17-BO13)*160 -> 0 | BR17: =(BP17)*160 -> 0 | BS17: =SUM(BQ17*0.0406) -> 0 | BT17: =SUM(BQ17*0.02531) -> 0 | BU17: =SUM(BR17*6.99) -> 0 | BV17: =SUM(BS17+BT17)*1.09 -> 0 | BW17: =SUM(D17) -> 1373 | BZ17: =SUM(BX17-BX13)*160 -> 0 | CA17: =(BY17)*160 -> 0 | CB17: =SUM(BZ17*0.0406) -> 0 | CC17: =SUM(BZ17*0.02531) -> 0 | CD17: =SUM(CA17*6.99) -> 0 | CE17: =SUM((CB17+CC17)+20)* 1.08 -> 21.6 | CF17: =SUM(S17) -> 78764 | CI17: =SUM(CG17-CG13)*300 -> 0 | CJ17: =(CH17)*300 -> 0 | CK17: =SUM(CI17*0.0406) -> 0 | CL17: =SUM(CI17*0.02531) -> 0 | CM17: =SUM(CJ17*6.99) -> 0 | CN17: =SUM((CK17+CL17)+20)*1.09 -> 21.8 | CO17: =SUM(AH17) -> 17929 | CR17: =(CP17-CP13)*40 -> 0 | CS17: =(CQ17)*40 -> 0 | CT17: =SUM(CR17*0.0406) -> 0 | CU17: =SUM(CR17*0.02531) -> 0 | CV17: =SUM(CS17*6.99) -> 0 | CW17: =SUM((CT17+CU17)+20)*1.09 -> 21.8 | CX17: =SUM(V17) -> 75151 | DA17: =SUM(CY17-CY13)*300 -> 0 | DB17: =(CZ17)*300 -> 0 | DC17: =SUM(DA17*0.0406) -> 0 | DD17: =SUM(DA17*0.02531) -> 0 | DE17: =SUM(DB17*6.99) -> 0 | DF17: =SUM((DC17+DD17)+20)*1.085 -> 21.7 | DG17: =SUM(M17) -> 11077 | DJ17: =SUM(DH17-DH13)*400 -> 0 | DK17: =(DI17)*400 -> 0 | DL17: =SUM(DJ17*0.0406) -> 0 | DM17: =SUM(DJ17*0.02531) -> 0 | DN17: =SUM(DK17*6.99) -> 0 | DO17: =SUM((DL17+DM17)+20)*1.09 -> 21.8 | DP17: =SUM(S17) -> 78764 | DS17: =SUM(DQ17-DQ13)*400 -> 0 | DT17: =(DR17)*400 -> 0 | DU17: =SUM(DS17*0.0406) -> 0 | DV17: =SUM(DS17*0.02531) -> 0 | DW17: =SUM(DT17*6.99) -> 0 | DX17: =SUM((DU17+DV17)+20)*1.09 -> 21.8 | DY17: =SUM(P17) -> 11710 | EB17: =SUM(DZ17-DZ13)*400 -> 0 | EC17: =(EA17)*400 -> 0 | ED17: =SUM(EB17*0.0406) -> 0 | EE17: =SUM(EB17*0.02531) -> 0 | EF17: =SUM(EC17*6.99) -> 0 | EG17: =SUM((ED17+EE17)+20)*1.09 -> 21.8 | EH17: =SUM(Y17) -> 18266 | EK17: =SUM(EI17-EI13)*160 -> 0 | EL17: =(EJ17)*160 -> 0 | EM17: =SUM(EK17*0.0406) -> 0 | EN17: =SUM(EK17*0.02531) -> 0 | EO17: =SUM(EL17*6.99) -> 0 | EP17: =SUM((EM17+EN17)+20)*1.09 -> 21.8 | EQ17: =SUM(AB17) -> 12042 | ET17: =SUM(ER17-ER13)*160 -> 0 | EU17: =(ES17)*160 -> 0 | EV17: =SUM(ET17*0.0406) -> 0 | EW17: =SUM(ET17*0.02531) -> 0 | EX17: =SUM(EU17*6.99) -> 0 | EY17: =SUM((EV17+EW17)+20)*1.09 -> 21.8 | EZ17: =SUM(AE17) -> 96322 | FC17: =SUM(FA17-FA13)*200 -> 0 | FD17: =(FB17)*200 -> 0 | FE17: =SUM(FC17*0.0406) -> 0 | FF17: =SUM(FC17*0.02531) -> 0 | FG17: =SUM(FD17*6.99) -> 0 | FH17: =SUM((FE17+FF17)+20)*1.09 -> 21.8 | FJ17: =SUM(BL17+BQ17+BZ17+CI17+CR17+DA17+DJ17+DS17+EB17+EK17+ET17+FC17) -> 0 | FK17: =SUM(BM17+BV17,CE17,CN17,CW17,DF17,DO17,DX17,EG17,EP17,EY17+FH17) -> 220.55 | FL17: =SUM(BU17,CD17,CM17,CV17,DE17,DN17,DW17,EF17,EO17,EX17,FG17) -> 0 | FM17: =SUM(FK17:FL17) -> 220.55 | FP17: =SUM(AW17) -> 8263 | FS17: =SUM(FQ17-FQ13)*100 -> 0 | FT17: =SUM(FR17)*100 -> 0 | FU17: =SUM(FS17*0.0406) -> 0 | FV17: =SUM(FS17*0.02531) -> 0 | FW17: =SUM(FT17*6.99) -> 0 | FX17: =SUM(FV17+FU17+20)*1.1048 -> 22.096 | FY17: =SUM(AU17) -> 64637 | GB17: =SUM(FZ17-FZ13)*100 -> 0 | GC17: =SUM(GA17)*100 -> 0 | GD17: =SUM(GB17*0.0406) -> 0 | GE17: =SUM(GB17*0.02531) -> 0 | GF17: =SUM(GC17*6.99) -> 0 | GG17: =SUM(GE17+GD17+20)*1.1048 -> 22.096 | GH17: =SUM(AY17) -> 39656 | GJ17: =SUM(GI17-GI13) -> 0 | GK17: =SUM(GJ17*0.11895) -> 0 | GL17: =SUM(GJ17*0.02531) -> 0 | GM17: =SUM(GK17+GL17+2.32)*1.07 -> 2.4824 | GN17: =SUM(BA17) -> 805 | GQ17: =SUM(GO17-GO13)*40 -> 0 | GR17: =SUM(GP17)*40 -> 0 | GS17: =SUM(GQ17*0.0406) -> 0 | GT17: =SUM(GQ17*0.02531) -> 0 | GU17: =SUM(GR17*6.99) -> 0 | GV17: =SUM(GT17+GS17+20)*1.2 -> 24 | GW17: =SUM(FS17+GB17+GJ17+GQ17) -> 0 | GX17: =SUM(GV17+GM17+GG17+FX17) -> 70.6744 | GY17: =SUM(FW17+GF17+GU17) -> 0 | GZ17: =SUM(GX17:GY17) -> 70.6744 | HB17: =(FJ17+GW17) -> 0 | HC17: =(FK17+GX17) -> 291.2244 | HD17: =(FL17+GY17) -> 0 | HE17: =(HC17+HD17) -> 291.2244
B18: 44287 | C18: =SUM(Essbase!J97:J99) -> 649 | D18: 1489 | E18: 2.043 | F18: 18560 | G18: 98471 | H18: 2.331 | I18: 20480 | J18: 11288 | K18: 2.27 | L18: 37200 | M18: 11120 | N18: 2.27 | O18: 17200 | P18: 11720 | Q18: 2.33 | R18: 4000 | S18: 78839 | T18: 2.496 | U18: 22500 | V18: 75243 | W18: 1.732 | X18: 27600 | Y18: 18280 | Z18: 2.31 | AA18: 2240 | AB18: 12050 | AC18: 2.46 | AD18: 1280 | AE18: 96437 | AF18: 1.945 | AG18: 23000 | AH18: 17944 | AI18: 0.325 | AJ18: 600 | AK18: 77130 | AL18: 204 | AM18: =SUM(AK18-AK17) -> 204 | AO18: =SUM(AG18+AD18+AA18+X18+U18+R18+O18+L18+I18+F18+AJ18+AM18) -> 174864 | AP18: =SUM(AG18+AJ18) -> 23600 | AQ18: =SUM(AP18/AO18) -> 0.13496203 | AR18: =SUM(AO14:AO18) -> 1259029 | AT18: =B18 -> 44287 | AU18: 64676 | AV18: 3900 | AW18: 8268 | AX18: 500 | AY18: 39880 | AZ18: 224 | BA18: 837 | BB18: 1280 | BD18: =SUM(AV18+AX18,AZ18,BB18) -> 5904 | BE18: =SUM(BC14:BD18) -> 84818 | BF18: =SUM(AR18+BE18) -> 1343847 | BJ18: =SUM(AK18) -> 77130 | BN18: =SUM(G18) -> 98471 | BW18: =SUM(D18) -> 1489 | CF18: =SUM(S18) -> 78839 | CO18: =SUM(AH18) -> 17944 | CX18: =SUM(V18) -> 75243 | DG18: =SUM(M18) -> 11120 | DP18: =SUM(S18) -> 78839 | DY18: =SUM(P18) -> 11720 | EH18: =SUM(Y18) -> 18280 | EQ18: =SUM(AB18) -> 12050 | EZ18: =SUM(AE18) -> 96437 | FP18: =SUM(AW18) -> 8268 | FY18: =SUM(AU18) -> 64676 | GH18: =SUM(AY18) -> 39880 | GN18: =SUM(BA18) -> 837
B19: 44291 | C19: =SUM(Essbase!J100:J103) -> 825 | D19: 1643 | E19: 2.043 | F19: 24640 | G19: 98650 | H19: 2.331 | I19: 28640 | J19: 11225 | K19: 2.331 | L19: 6800 | M19: 11225 | N19: 2.98 | O19: 42000 | P19: 11736 | Q19: 2.54 | R19: 6400 | S19: 78914 | T19: 2.435 | U19: 22500 | V19: 75292 | W19: 1.732 | X19: 14700 | Y19: 18299 | Z19: 3.13 | AA19: 3040 | AB19: 12060 | AC19: 2.46 | AD19: 1600 | AE19: 96569 | AF19: 1.945 | AG19: 26400 | AH19: 17967 | AI19: 0.325 | AJ19: 920 | AK19: 77398 | AL19: 268 | AM19: =SUM(AK19-AK18) -> 268 | AO19: =SUM(AG19+AD19+AA19+X19+U19+R19+O19+L19+I19+F19+AJ19+AM19) -> 177908 | AP19: =SUM(AG19+AJ19) -> 27320 | AQ19: =SUM(AP19/AO19) -> 0.15356252 | AT19: =B19 -> 44291 | AU19: 64782 | AV19: 10600 | AW19: 8282 | AX19: 1400 | AY19: 40565 | AZ19: 685 | BA19: 958 | BB19: 4840 | BD19: =SUM(AV19+AX19,AZ19,BB19) -> 17525 | BJ19: =SUM(AK19) -> 77398 | BN19: =SUM(G19) -> 98650 | BW19: =SUM(D19) -> 1643 | CF19: =SUM(S19) -> 78914 | CO19: =SUM(AH19) -> 17967 | CX19: =SUM(V19) -> 75292 | DG19: =SUM(M19) -> 11225 | DP19: =SUM(S19) -> 78914 | DY19: =SUM(P19) -> 11736 | EH19: =SUM(Y19) -> 18299 | EQ19: =SUM(AB19) -> 12060 | EZ19: =SUM(AE19) -> 96569 | FP19: =SUM(AW19) -> 8282 | FY19: =SUM(AU19) -> 64782 | GH19: =SUM(AY19) -> 40565 | GN19: =SUM(BA19) -> 958
B20: 44298 | C20: =SUM(Essbase!J104:J110) -> 1375 | D20: 1899 | E20: 2.043 | F20: 40960 | G20: 98946 | H20: 2.331 | I20: 47360 | J20: 11249 | K20: 2.98 | L20: 9600 | M20: 11249 | N20: 2.98 | O20: 9600 | P20: 11758 | Q20: 2.54 | R20: 8800 | S20: 79060 | T20: 2.435 | U20: 43800 | V20: 75414 | W20: 1.838 | X20: 36600 | Y20: 18335 | Z20: 3.18 | AA20: 5760 | AB20: 12079 | AC20: 2.91 | AD20: 3040 | AE20: 96812 | AF20: 1.971 | AG20: 48600 | AH20: 18001 | AI20: 0.325 | AJ20: 1360 | AK20: 77841 | AL20: 443 | AM20: =SUM(AK20-AK19) -> 443 | AO20: =SUM(AG20+AD20+AA20+X20+U20+R20+O20+L20+I20+F20+AJ20+AM20) -> 255923 | AP20: =SUM(AG20+AJ20) -> 49960 | AQ20: =SUM(AP20/AO20) -> 0.19521497 | AT20: =B20 -> 44298 | AU20: 64891 | AV20: 10900 | AW20: 8296 | AX20: 1400 | AY20: 41258 | AZ20: 693 | BA20: 1037 | BB20: 3160 | BD20: =SUM(AV20+AX20,AZ20,BB20) -> 16153 | BJ20: =SUM(AK20) -> 77841 | BN20: =SUM(G20) -> 98946 | BW20: =SUM(D20) -> 1899 | CF20: =SUM(S20) -> 79060 | CO20: =SUM(AH20) -> 18001 | CX20: =SUM(V20) -> 75414 | DG20: =SUM(M20) -> 11249 | DP20: =SUM(S20) -> 79060 | DY20: =SUM(P20) -> 11758 | EH20: =SUM(Y20) -> 18335 | EQ20: =SUM(AB20) -> 12079 | EZ20: =SUM(AE20) -> 96812 | FP20: =SUM(AW20) -> 8296 | FY20: =SUM(AU20) -> 64891 | GH20: =SUM(AY20) -> 41258 | GN20: =SUM(BA20) -> 1037
B21: 44305 | C21: =SUM(Essbase!J111:J117) -> 1114 | D21: 2155 | E21: 2.043 | F21: 40960 | G21: 99245 | H21: 2.331 | I21: 47840 | J21: 11272 | K21: 2.98 | L21: 9200 | M21: 11249 | N21: 2.98 | O21: 0 | P21: 11781 | Q21: 2.54 | R21: 9200 | S21: 79210 | T21: 2.435 | U21: 45000 | V21: 75632 | W21: 1.838 | X21: 65400 | Y21: 18371 | Z21: 3.18 | AA21: 5760 | AB21: 12097 | AC21: 2.91 | AD21: 2880 | AE21: 97060 | AF21: 1.971 | AG21: 49600 | AH21: 18038 | AI21: 0.325 | AJ21: 1480 | AK21: 78231 | AL21: 390 | AM21: =SUM(AK21-AK20) -> 390 | AO21: =SUM(AG21+AD21+AA21+X21+U21+R21+O21+L21+I21+F21+AJ21+AM21) -> 277710 | AP21: =SUM(AG21+AJ21) -> 51080 | AQ21: =SUM(AP21/AO21) -> 0.18393288 | AT21: =B21 -> 44305 | AU21: 65036 | AV21: 14500 | AW21: 8314 | AX21: 1800 | AY21: 42069 | AZ21: 811 | BA21: 1107 | BB21: 2800 | BD21: =SUM(AV21+AX21,AZ21,BB21) -> 19911 | BJ21: =SUM(AK21) -> 78231 | BN21: =SUM(G21) -> 99245 | BW21: =SUM(D21) -> 2155 | CF21: =SUM(S21) -> 79210 | CO21: =SUM(AH21) -> 18038 | CX21: =SUM(V21) -> 75632 | DG21: =SUM(M21) -> 11249 | DP21: =SUM(S21) -> 79210 | DY21: =SUM(P21) -> 11781 | EH21: =SUM(Y21) -> 18371 | EQ21: =SUM(AB21) -> 12097 | EZ21: =SUM(AE21) -> 97060 | FP21: =SUM(AW21) -> 8314 | FY21: =SUM(AU21) -> 65036 | GH21: =SUM(AY21) -> 42069 | GN21: =SUM(BA21) -> 1107
B22: 44312 | C22: =SUM(Essbase!J118:J124) -> 1179 | D22: 2403 | E22: 1.901 | F22: 39680 | G22: 99528 | H22: 2.172 | I22: 45280 | J22: 11294 | K22: 1.88 | L22: 8800 | M22: 11294 | N22: 1.88 | O22: 18000 | P22: 11802 | Q22: 1.56 | R22: 8400 | S22: 79392 | T22: 2.482 | U22: 54600 | V22: 75796 | W22: 1.931 | X22: 49200 | Y22: 18407 | Z22: 3.17 | AA22: 5760 | AB22: 12116 | AC22: 1.56 | AD22: 3040 | AE22: 97280 | AF22: 1.747 | AG22: 44000 | AH22: 18072 | AI22: 0.293 | AJ22: 1360 | AK22: 78799 | AL22: 568 | AM22: =SUM(AK22-AK21) -> 568 | AO22: =SUM(AG22+AD22+AA22+X22+U22+R22+O22+L22+I22+F22+AJ22+AM22) -> 278688 | AP22: =SUM(AG22+AJ22) -> 45360 | AQ22: =SUM(AP22/AO22) -> 0.16276266 | AT22: =B22 -> 44312 | AU22: 65178 | AV22: 14200 | AW22: 8332 | AX22: 1800 | AY22: 42932 | AZ22: 863 | BA22: 1171 | BB22: 2560 | BD22: =SUM(AV22+AX22,AZ22,BB22) -> 19423 | BJ22: =SUM(AK22) -> 78799 | BN22: =SUM(G22) -> 99528 | BW22: =SUM(D22) -> 2403 | CF22: =SUM(S22) -> 79392 | CO22: =SUM(AH22) -> 18072 | CX22: =SUM(V22) -> 75796 | DG22: =SUM(M22) -> 11294 | DP22: =SUM(S22) -> 79392 | DY22: =SUM(P22) -> 11802 | EH22: =SUM(Y22) -> 18407 | EQ22: =SUM(AB22) -> 12116 | EZ22: =SUM(AE22) -> 97280 | FP22: =SUM(AW22) -> 8332 | FY22: =SUM(AU22) -> 65178 | GH22: =SUM(AY22) -> 42932 | GN22: =SUM(BA22) -> 1171
B23: 44317 | C23: =SUM(Essbase!J125:J129) -> 897 | D23: 2587 | E23: 1.901 | F23: 29440 | G23: 99745 | H23: 2.172 | I23: 34720 | J23: 11310 | K23: 1.88 | L23: 6400 | M23: 11187 | N23: 1.75 | O23: 9200 | P23: 11817 | Q23: 1.66 | R23: 6000 | S23: 79525 | T23: 2.482 | U23: 39900 | V23: 75948 | W23: 1.931 | X23: 45600 | Y23: 18437 | Z23: 3.21 | AA23: 4800 | AB23: 12132 | AC23: 2.23 | AD23: 2560 | AE23: 97453 | AF23: 1.753 | AG23: 34600 | AH23: 18100 | AI23: 0.32 | AJ23: 1120 | AK23: 79115 | AL23: 316 | AM23: =SUM(AK23-AK22) -> 316 | AO23: =SUM(AG23+AD23+AA23+X23+U23+R23+O23+L23+I23+F23+AJ23+AM23) -> 214656 | AP23: =SUM(AG23+AJ23) -> 35720 | AQ23: =SUM(AP23/AO23) -> 0.16640578 | AR23: =SUM(AO19:AO23) -> 1204885 | AT23: =B23 -> 44317 | AU23: 65284 | AV23: 10600 | AW23: 8346 | AX23: 1400 | AY23: 43568 | AZ23: 636 | BA23: 1230 | BB23: 2360 | BD23: =SUM(AV23+AX23,AZ23,BB23) -> 14996 | BE23: =SUM(BC19:BD23) -> 88008 | BF23: =SUM(AR23+BE23) -> 1292893 | BJ23: =SUM(AK23) -> 79115 | BL23: =SUM(BK23-BK17) -> 0 | BM23: =SUM(BL23*0.13773+BL23*0.02095)*1.09+2.85 -> 2.85 | BN23: =SUM(G23) -> 99745 | BQ23: =SUM(BO23-BO17)*160 -> 0 | BR23: =(BP23)*160 -> 0 | BS23: =SUM(BQ23*0.05155) -> 0 | BT23: =SUM(BQ23*0.02095) -> 0 | BU23: =SUM(BR23*7.689) -> 0 | BV23: =SUM(BS23+BT23)*1.11 -> 0 | BW23: =SUM(D23) -> 2587 | BZ23: =SUM(BX23-BX17)*160 -> 0 | CA23: =(BY23)*160 -> 0 | CB23: =SUM(BZ23*0.05155) -> 0 | CC23: =SUM(BZ23*0.02095) -> 0 | CD23: =SUM(CA23*7.689) -> 0 | CE23: =SUM((CB23+CC23)+20)* 1.11 -> 22.2 | CF23: =SUM(S23) -> 79525 | CI23: =SUM(CG23-CG17)*300 -> 0 | CJ23: =(CH23)*300 -> 0 | CK23: =SUM(CI23*0.05155) -> 0 | CL23: =SUM(CI23*0.02095) -> 0 | CM23: =SUM(CJ23*7.689) -> 0 | CN23: =SUM((CK23+CL23)+20)*1.11 -> 22.2 | CO23: =SUM(AH23) -> 18100 | CR23: =(CP23-CP17)*40 -> 0 | CS23: =(CQ23)*40 -> 0 | CT23: =SUM(CR23*0.05155) -> 0 | CU23: =SUM(CR23*0.02095) -> 0 | CV23: =SUM(CS23*7.689) -> 0 | CW23: =SUM((CT23+CU23)+20)*1.11 -> 22.2 | CX23: =SUM(V23) -> 75948 | DA23: =SUM(CY23-CY17)*300 -> 0 | DB23: =(CZ23)*300 -> 0 | DC23: =SUM(DA23*0.05155) -> 0 | DD23: =SUM(DA23*0.02095) -> 0 | DE23: =SUM(DB23*7.689) -> 0 | DF23: =SUM((DC23+DD23)+20)*1.12 -> 22.4 | DG23: =SUM(M23) -> 11187 | DJ23: =SUM(DH23-DH17)*400 -> 0 | DK23: =(DI23)*400 -> 0 | DL23: =SUM(DJ23*0.05155) -> 0 | DM23: =SUM(DJ23*0.02095) -> 0 | DN23: =SUM(DK23*7.689) -> 0 | DO23: =SUM((DL23+DM23)+20)*1.12 -> 22.4 | DP23: =SUM(S23) -> 79525 | DS23: =SUM(DQ23-DQ17)*400 -> 0 | DT23: =(DR23)*400 -> 0 | DU23: =SUM(DS23*0.05155) -> 0 | DV23: =SUM(DS23*0.02095) -> 0 | DW23: =SUM(DT23*7.689) -> 0 | DX23: =SUM((DU23+DV23)+20)*1.12 -> 22.4 | DY23: =SUM(P23) -> 11817 | EB23: =SUM(DZ23-DZ17)*400 -> 0 | EC23: =(EA23)*400 -> 0 | ED23: =SUM(EB23*0.05155) -> 0 | EE23: =SUM(EB23*0.02095) -> 0 | EF23: =SUM(EC23*7.689) -> 0 | EG23: =SUM((ED23+EE23)+20)*1.12 -> 22.4 | EH23: =SUM(Y23) -> 18437 | EK23: =SUM(EI23-EI17)*160 -> 0 | EL23: =(EJ23)*160 -> 0 | EM23: =SUM(EK23*0.05155) -> 0 | EN23: =SUM(EK23*0.02095) -> 0 | EO23: =SUM(EL23*7.689) -> 0 | EP23: =SUM((EM23+EN23)+20)*1.12 -> 22.4 | EQ23: =SUM(AB23) -> 12132 | ET23: =SUM(ER23-ER17)*160 -> 0 | EU23: =(ES23)*160 -> 0 | EV23: =SUM(ET23*0.05155) -> 0 | EW23: =SUM(ET23*0.02095) -> 0 | EX23: =SUM(EU23*7.689) -> 0 | EY23: =SUM((EV23+EW23)+20)*1.12 -> 22.4 | EZ23: =SUM(AE23) -> 97453 | FC23: =SUM(FA23-FA17)*200 -> 0 | FD23: =(FB23)*200 -> 0 | FE23: =SUM(FC23*0.05155) -> 0 | FF23: =SUM(FC23*0.02095) -> 0 | FG23: =SUM(FD23*7.689) -> 0 | FH23: =SUM((FE23+FF23)+20)*1.12 -> 22.4 | FJ23: =SUM(BL23+BQ23+BZ23+CI23+CR23+DA23+DJ23+DS23+EB23+EK23+ET23+FC23) -> 0 | FK23: =SUM(BM23+BV23,CE23,CN23,CW23,DF23,DO23,DX23,EG23,EP23,EY23+FH23) -> 226.25 | FL23: =SUM(BU23,CD23,CM23,CV23,DE23,DN23,DW23,EF23,EO23,EX23,FG23) -> 0 | FM23: =SUM(FK23:FL23) -> 226.25 | FP23: =SUM(AW23) -> 8346 | FS23: =SUM(FQ23-FQ17)*100 -> 0 | FT23: =SUM(FR23)*100 -> 0 | FU23: =SUM(FS23*0.05155) -> 0 | FV23: =SUM(FS23*0.02095) -> 0 | FW23: =SUM(FT23*7.689) -> 0 | FX23: =SUM(FV23+FU23+20)*1.1048 -> 22.096 | FY23: =SUM(AU23) -> 65284 | GB23: =SUM(FZ23-FZ17)*100 -> 0 | GC23: =SUM(GA23)*100 -> 0 | GD23: =SUM(GB23*0.05155) -> 0 | GE23: =SUM(GB23*0.02095) -> 0 | GF23: =SUM(GC23*7.689) -> 0 | GG23: =SUM(GE23+GD23+20)*1.1048 -> 22.096 | GH23: =SUM(AY23) -> 43568 | GJ23: =SUM(GI23-GI17) -> 0 | GK23: =SUM(GJ23*0.13773) -> 0 | GL23: =SUM(GJ23*0.02095) -> 0 | GM23: =SUM(GK23+GL23+2.32)*1.07 -> 2.4824 | GN23: =SUM(BA23) -> 1230 | GQ23: =SUM(GO23-GO17)*40 -> 0 | GR23: =SUM(GP23)*40 -> 0 | GS23: =SUM(GQ23*0.05155) -> 0 | GT23: =SUM(GQ23*0.02095) -> 0 | GU23: =SUM(GR23*7.689) -> 0 | GV23: =SUM(GT23+GS23+20)*1.2 -> 24 | GW23: =SUM(FS23+GB23+GJ23+GQ23) -> 0 | GX23: =SUM(GV23+GM23+GG23+FX23) -> 70.6744 | GY23: =SUM(FW23+GF23+GU23) -> 0 | GZ23: =SUM(GX23:GY23) -> 70.6744 | HB23: =(FJ23+GW23) -> 0 | HC23: =(FK23+GX23) -> 296.9244 | HD23: =(FL23+GY23) -> 0 | HE23: =(HC23+HD23) -> 296.9244 | HG23: 0.05155 | HH23: 0.02095 | HI23: 7.689
B24: 44319 | C24: =SUM(Essbase!J130:J131) -> 533 | D24: 2650 | E24: 1.901 | F24: 10080 | G24: 99819 | H24: 2.172 | I24: 11840 | J24: 11316 | K24: 1.88 | L24: 2400 | M24: 11193 | N24: 1.79 | O24: 2400 | P24: 11823 | Q24: 1.76 | R24: 2400 | S24: 79581 | T24: 2.482 | U24: 16800 | V24: 76005 | W24: 1.998 | X24: 17100 | Y24: 18449 | Z24: 4.24 | AA24: 1920 | AB24: 12137 | AC24: 2.23 | AD24: 800 | AE24: 97513 | AF24: 1.832 | AG24: 12000 | AH24: 18110 | AI24: 0.32 | AJ24: 400 | AK24: 79238 | AL24: 123 | AM24: =SUM(AK24-AK23) -> 123 | AO24: =SUM(AG24+AD24+AA24+X24+U24+R24+O24+L24+I24+F24+AJ24+AM24) -> 78263 | AP24: =SUM(AG24+AJ24) -> 12400 | AQ24: =SUM(AP24/AO24) -> 0.15844013 | AT24: =B24 -> 44319 | AU24: 65328 | AV24: 4400 | AW24: 8351 | AX24: 500 | AY24: 43824 | AZ24: 256 | BA24: 1262 | BB24: 1280 | BD24: =SUM(AV24+AX24,AZ24,BB24) -> 6436 | BJ24: =SUM(AK24) -> 79238 | BN24: =SUM(G24) -> 99819 | BW24: =SUM(D24) -> 2650 | CF24: =SUM(S24) -> 79581 | CO24: =SUM(AH24) -> 18110 | CX24: =SUM(V24) -> 76005 | DG24: =SUM(M24) -> 11193 | DP24: =SUM(S24) -> 79581 | DY24: =SUM(P24) -> 11823 | EH24: =SUM(Y24) -> 18449 | EQ24: =SUM(AB24) -> 12137 | EZ24: =SUM(AE24) -> 97513 | FP24: =SUM(AW24) -> 8351 | FY24: =SUM(AU24) -> 65328 | GH24: =SUM(AY24) -> 43824 | GN24: =SUM(BA24) -> 1262 | HG24: =SUM(HG23/#REF!) -> #REF! | HH24: =SUM(HH23/#REF!) -> #REF! | HI24: =SUM(HI23/#REF!) -> #REF!
B25: 44326 | C25: =SUM(Essbase!J132:J138) -> 1890 | D25: 2904 | E25: 1.901 | F25: 40640 | G25: 100122 | H25: 2.265 | I25: 48480 | J25: 11342 | K25: 2.13 | L25: 10400 | M25: 11219 | N25: 2.06 | O25: 10400 | P25: 11847 | Q25: 1.99 | R25: 9600 | S25: 79833 | T25: 2.646 | U25: 75600 | V25: 76219 | W25: 2.306 | X25: 64200 | Y25: 18507 | Z25: 6.13 | AA25: 9280 | AB25: 12156 | AC25: 2.23 | AD25: 3040 | AE25: 97754 | AF25: 1.87 | AG25: 48200 | AH25: 18148 | AI25: 0.32 | AJ25: 1520 | AK25: 79660 | AL25: 422 | AM25: =SUM(AK25-AK24) -> 422 | AO25: =SUM(AG25+AD25+AA25+X25+U25+R25+O25+L25+I25+F25+AJ25+AM25) -> 321782 | AP25: =SUM(AG25+AJ25) -> 49720 | AQ25: =SUM(AP25/AO25) -> 0.15451455 | AT25: =B25 -> 44326 | AU25: 65407 | AV25: 7900 | AW25: 8373 | AX25: 2200 | AY25: 44844 | AZ25: 1020 | BA25: 1415 | BB25: 6120 | BD25: =SUM(AV25+AX25,AZ25,BB25) -> 17240 | BJ25: =SUM(AK25) -> 79660 | BN25: =SUM(G25) -> 100122 | BW25: =SUM(D25) -> 2904 | CF25: =SUM(S25) -> 79833 | CO25: =SUM(AH25) -> 18148 | CX25: =SUM(V25) -> 76219 | DG25: =SUM(M25) -> 11219 | DP25: =SUM(S25) -> 79833 | DY25: =SUM(P25) -> 11847 | EH25: =SUM(Y25) -> 18507 | EQ25: =SUM(AB25) -> 12156 | EZ25: =SUM(AE25) -> 97754 | FP25: =SUM(AW25) -> 8373 | FY25: =SUM(AU25) -> 65407 | GH25: =SUM(AY25) -> 44844 | GN25: =SUM(BA25) -> 1415
B26: 44333 | C26: =SUM(Essbase!J139:J145) -> 1519 | D26: 3148 | E26: 1.901 | F26: 39040 | G26: 100414 | H26: 2.265 | I26: 46720 | J26: 11366 | K26: 2.13 | L26: 9600 | M26: 11241 | N26: 2.06 | O26: 8800 | P26: 11870 | Q26: 1.99 | R26: 9200 | S26: 80019 | T26: 2.646 | U26: 55800 | V26: 76415 | W26: 2.306 | X26: 58800 | Y26: 18546 | Z26: 6.13 | AA26: 6240 | AB26: 12179 | AC26: 2.23 | AD26: 3680 | AE26: 97995 | AF26: 1.87 | AG26: 48200 | AH26: 18184 | AI26: 0.32 | AJ26: 1440 | AK26: 80100 | AL26: 440 | AM26: =SUM(AK26-AK25) -> 440 | AO26: =SUM(AG26+AD26+AA26+X26+U26+R26+O26+L26+I26+F26+AJ26+AM26) -> 287960 | AP26: =SUM(AG26+AJ26) -> 49640 | AQ26: =SUM(AP26/AO26) -> 0.17238505 | AT26: =B26 -> 44333 | AU26: 65612 | AV26: 20500 | AW26: 8390 | AX26: 1700 | AY26: 45602 | AZ26: 758 | BA26: 1537 | BB26: 4880 | BD26: =SUM(AV26+AX26,AZ26,BB26) -> 27838 | BJ26: =SUM(AK26) -> 80100 | BN26: =SUM(G26) -> 100414 | BW26: =SUM(D26) -> 3148 | CF26: =SUM(S26) -> 80019 | CO26: =SUM(AH26) -> 18184 | CX26: =SUM(V26) -> 76415 | DG26: =SUM(M26) -> 11241 | DP26: =SUM(S26) -> 80019 | DY26: =SUM(P26) -> 11870 | EH26: =SUM(Y26) -> 18546 | EQ26: =SUM(AB26) -> 12179 | EZ26: =SUM(AE26) -> 97995 | FP26: =SUM(AW26) -> 8390 | FY26: =SUM(AU26) -> 65612 | GH26: =SUM(AY26) -> 45602 | GN26: =SUM(BA26) -> 1537
B27: 44340 | C27: =SUM(Essbase!J146:J152) -> 1599 | D27: 3394 | E27: 1.93 | F27: 39360 | G27: 713 | H27: 2.183 | I27: 47840 | J27: 11391 | K27: 2.09 | L27: 10000 | M27: 11266 | N27: 1.84 | O27: 10000 | P27: 11893 | Q27: 1.83 | R27: 9200 | S27: 80206 | T27: 1.774 | U27: 56100 | V27: 76614 | W27: 1.511 | X27: 59700 | Y27: 18587 | Z27: 2.87 | AA27: 6560 | AB27: 12198 | AC27: 1.44 | AD27: 3040 | AE27: 98245 | AF27: 1.989 | AG27: 50000 | AH27: 18220 | AI27: 0.286 | AJ27: 1440 | AK27: 80494 | AL27: 394 | AM27: =SUM(AK27-AK26) -> 394 | AO27: =SUM(AG27+AD27+AA27+X27+U27+R27+O27+L27+I27+F27+AJ27+AM27) -> 293634 | AP27: =SUM(AG27+AJ27) -> 51440 | AQ27: =SUM(AP27/AO27) -> 0.17518407 | AT27: =B27 -> 44340 | AU27: 65752 | AV27: 14000 | AW27: 8408 | AX27: 1800 | AY27: 46495 | AZ27: 893 | BA27: 1683 | BB27: 5840 | BD27: =SUM(AV27+AX27,AZ27,BB27) -> 22533 | BJ27: =SUM(AK27) -> 80494 | BN27: =SUM(G27) -> 713 | BW27: =SUM(D27) -> 3394 | CF27: =SUM(S27) -> 80206 | CO27: =SUM(AH27) -> 18220 | CX27: =SUM(V27) -> 76614 | DG27: =SUM(M27) -> 11266 | DP27: =SUM(S27) -> 80206 | DY27: =SUM(P27) -> 11893 | EH27: =SUM(Y27) -> 18587 | EQ27: =SUM(AB27) -> 12198 | EZ27: =SUM(AE27) -> 98245 | FP27: =SUM(AW27) -> 8408 | FY27: =SUM(AU27) -> 65752 | GH27: =SUM(AY27) -> 46495 | GN27: =SUM(BA27) -> 1683
B28: 44348 | C28: =SUM(Essbase!J153:J160) -> 1815 | D28: 3638 | E28: 1.93 | F28: 39040 | G28: 1004 | H28: 2.183 | I28: 46560 | J28: 11414 | K28: 2.09 | L28: 9200 | M28: 11288 | N28: 1.84 | O28: 8800 | P28: 11917 | Q28: 1.86 | R28: 9600 | S28: 80382 | T28: 1.774 | U28: 52800 | V28: 76814 | W28: 1.856 | X28: 60000 | Y28: 18623 | Z28: 2.9 | AA28: 5760 | AB28: 12215 | AC28: 1.54 | AD28: 2720 | AE28: 98489 | AF28: 1.989 | AG28: 48800 | AH28: 18255 | AI28: 0.298 | AJ28: 1400 | AK28: 80911 | AL28: 417 | AM28: =SUM(AK28-AK27) -> 417 | AO28: =SUM(AG28+AD28+AA28+X28+U28+R28+O28+L28+I28+F28+AJ28+AM28) -> 285097 | AP28: =SUM(AG28+AJ28) -> 50200 | AQ28: =SUM(AP28/AO28) -> 0.17608042 | AR28: =SUM(AO24:AO28) -> 1266736 | AT28: =B28 -> 44348 | AU28: 65902 | AV28: 15000 | AW28: 8427 | AX28: 1900 | AY28: 47386 | AZ28: 891 | BA28: 1832 | BB28: 5960 | BD28: =SUM(AV28+AX28,AZ28,BB28) -> 23751 | BE28: =SUM(BC24:BD28) -> 97798 | BF28: =SUM(AR28+BE28) -> 1364534 | BJ28: =SUM(AK28) -> 80911 | BL28: =SUM(BK28-BK23) -> 0 | BM28: =SUM(BL28*0.13773+BL28*0.02095)*1.09+2.85 -> 2.85 | BN28: =SUM(G28) -> 1004 | BQ28: =SUM(BO28-BO23)*160 -> 0 | BR28: =(BP28)*160 -> 0 | BS28: =SUM(BQ28*0.05155) -> 0 | BT28: =SUM(BQ28*0.02095) -> 0 | BU28: =SUM(BR28*7.689) -> 0 | BV28: =SUM(BS28+BT28)*1.11 -> 0 | BW28: =SUM(D28) -> 3638 | BZ28: =SUM(BX28-BX23)*160 -> 0 | CA28: =(BY28)*160 -> 0 | CB28: =SUM(BZ28*0.05155) -> 0 | CC28: =SUM(BZ28*0.02095) -> 0 | CD28: =SUM(CA28*7.689) -> 0 | CE28: =SUM((CB28+CC28)+20)* 1.11 -> 22.2 | CF28: =SUM(S28) -> 80382 | CI28: =SUM(CG28-CG23)*300 -> 0 | CJ28: =(CH28)*300 -> 0 | CK28: =SUM(CI28*0.05155) -> 0 | CL28: =SUM(CI28*0.02095) -> 0 | CM28: =SUM(CJ28*7.689) -> 0 | CN28: =SUM((CK28+CL28)+20)*1.11 -> 22.2 | CO28: =SUM(AH28) -> 18255 | CR28: =(CP28-CP23)*40 -> 0 | CS28: =(CQ28)*40 -> 0 | CT28: =SUM(CR28*0.05155) -> 0 | CU28: =SUM(CR28*0.02095) -> 0 | CV28: =SUM(CS28*7.689) -> 0 | CW28: =SUM((CT28+CU28)+20)*1.11 -> 22.2 | CX28: =SUM(V28) -> 76814 | DA28: =SUM(CY28-CY23)*300 -> 0 | DB28: =(CZ28)*300 -> 0 | DC28: =SUM(DA28*0.05155) -> 0 | DD28: =SUM(DA28*0.02095) -> 0 | DE28: =SUM(DB28*7.689) -> 0 | DF28: =SUM((DC28+DD28)+20)*1.12 -> 22.4 | DG28: =SUM(M28) -> 11288 | DJ28: =SUM(DH28-DH23)*400 -> 0 | DK28: =(DI28)*400 -> 0 | DL28: =SUM(DJ28*0.05155) -> 0 | DM28: =SUM(DJ28*0.02095) -> 0 | DN28: =SUM(DK28*7.689) -> 0 | DO28: =SUM((DL28+DM28)+20)*1.12 -> 22.4 | DP28: =SUM(S28) -> 80382 | DS28: =SUM(DQ28-DQ23)*400 -> 0 | DT28: =(DR28)*400 -> 0 | DU28: =SUM(DS28*0.05155) -> 0 | DV28: =SUM(DS28*0.02095) -> 0 | DW28: =SUM(DT28*7.689) -> 0 | DX28: =SUM((DU28+DV28)+20)*1.12 -> 22.4 | DY28: =SUM(P28) -> 11917 | EB28: =SUM(DZ28-DZ23)*400 -> 0 | EC28: =(EA28)*400 -> 0 | ED28: =SUM(EB28*0.05155) -> 0 | EE28: =SUM(EB28*0.02095) -> 0 | EF28: =SUM(EC28*7.689) -> 0 | EG28: =SUM((ED28+EE28)+20)*1.12 -> 22.4 | EH28: =SUM(Y28) -> 18623 | EK28: =SUM(EI28-EI23)*160 -> 0 | EL28: =(EJ28)*160 -> 0 | EM28: =SUM(EK28*0.05155) -> 0 | EN28: =SUM(EK28*0.02095) -> 0 | EO28: =SUM(EL28*7.689) -> 0 | EP28: =SUM((EM28+EN28)+20)*1.12 -> 22.4 | EQ28: =SUM(AB28) -> 12215 | ET28: =SUM(ER28-ER23)*160 -> 0 | EU28: =(ES28)*160 -> 0 | EV28: =SUM(ET28*0.05155) -> 0 | EW28: =SUM(ET28*0.02095) -> 0 | EX28: =SUM(EU28*7.689) -> 0 | EY28: =SUM((EV28+EW28)+20)*1.12 -> 22.4 | EZ28: =SUM(AE28) -> 98489 | FC28: =SUM(FA28-FA23)*200 -> 0 | FD28: =(FB28)*200 -> 0 | FE28: =SUM(FC28*0.05155) -> 0 | FF28: =SUM(FC28*0.02095) -> 0 | FG28: =SUM(FD28*7.689) -> 0 | FH28: =SUM((FE28+FF28)+20)*1.12 -> 22.4 | FJ28: =SUM(BL28+BQ28+BZ28+CI28+CR28+DA28+DJ28+DS28+EB28+EK28+ET28+FC28) -> 0 | FK28: =SUM(BM28+BV28,CE28,CN28,CW28,DF28,DO28,DX28,EG28,EP28,EY28+FH28) -> 226.25 | FL28: =SUM(BU28,CD28,CM28,CV28,DE28,DN28,DW28,EF28,EO28,EX28,FG28) -> 0 | FM28: =SUM(FK28:FL28) -> 226.25 | FP28: =SUM(AW28) -> 8427 | FS28: =SUM(FQ28-FQ23)*100 -> 0 | FT28: =SUM(FR28)*100 -> 0 | FU28: =SUM(FS28*0.05155) -> 0 | FV28: =SUM(FS28*0.02095) -> 0 | FW28: =SUM(FT28*7.689) -> 0 | FX28: =SUM(FV28+FU28+20)*1.1048 -> 22.096 | FY28: =SUM(AU28) -> 65902 | GB28: =SUM(FZ28-FZ23)*100 -> 0 | GC28: =SUM(GA28)*100 -> 0 | GD28: =SUM(GB28*0.05155) -> 0 | GE28: =SUM(GB28*0.02095) -> 0 | GF28: =SUM(GC28*7.689) -> 0 | GG28: =SUM(GE28+GD28+20)*1.1048 -> 22.096 | GH28: =SUM(AY28) -> 47386 | GJ28: 2618 | GK28: =SUM(GJ28*0.13773) -> 360.57714 | GL28: =SUM(GJ28*0.02095) -> 54.8471 | GM28: =SUM(GK28+GL28+2.32)*1.07 -> 446.98634 | GN28: =SUM(BA28) -> 1832 | GQ28: =SUM(GO28-GO23)*40 -> 0 | GR28: =SUM(GP28)*40 -> 0 | GS28: =SUM(GQ28*0.05155) -> 0 | GT28: =SUM(GQ28*0.02095) -> 0 | GU28: =SUM(GR28*7.689) -> 0 | GV28: =SUM(GT28+GS28+20)*1.2 -> 24 | GW28: =SUM(FS28+GB28+GJ28+GQ28) -> 2618 | GX28: =SUM(GV28+GM28+GG28+FX28) -> 515.17834 | GY28: =SUM(FW28+GF28+GU28) -> 0 | GZ28: =SUM(GX28:GY28) -> 515.17834 | HB28: =(FJ28+GW28) -> 2618 | HC28: =(FK28+GX28) -> 741.42834 | HD28: =(FL28+GY28) -> 0 | HE28: =(HC28+HD28) -> 741.42834
B29: 44354 | C29: =SUM(Essbase!J161:J166) -> 1312 | D29: 3887 | E29: 1.932 | F29: 39840 | G29: 1297 | H29: 2.191 | I29: 46880 | J29: 11440 | K29: 2.09 | L29: 10400 | M29: 11311 | N29: 1.84 | O29: 9200 | P29: 11940 | Q29: 1.94 | R29: 9200 | S29: 80634 | T29: 2.778 | U29: 75600 | V29: 77062 | W29: 2.211 | X29: 74400 | Y29: 18660 | Z29: 3.28 | AA29: 5920 | AB29: 12235 | AC29: 2.49 | AD29: 3200 | AE29: 98737 | AF29: 2 | AG29: 49600 | AH29: 18290 | AI29: 0.3 | AJ29: 1400 | AK29: 81300 | AL29: 389 | AM29: =SUM(AK29-AK28) -> 389 | AO29: =SUM(AG29+AD29+AA29+X29+U29+R29+O29+L29+I29+F29+AJ29+AM29) -> 326029 | AP29: =SUM(AG29+AJ29) -> 51000 | AQ29: =SUM(AP29/AO29) -> 0.1564278 | AT29: =B29 -> 44354 | AU29: 66057 | AV29: 15500 | AW29: 8446 | AX29: 1900 | AY29: 48268 | AZ29: 882 | BA29: 1930 | BB29: 3920 | BD29: =SUM(AV29+AX29,AZ29,BB29) -> 22202 | BJ29: =SUM(AK29) -> 81300 | BN29: =SUM(G29) -> 1297 | BW29: =SUM(D29) -> 3887 | CF29: =SUM(S29) -> 80634 | CO29: =SUM(AH29) -> 18290 | CX29: =SUM(V29) -> 77062 | DG29: =SUM(M29) -> 11311 | DP29: =SUM(S29) -> 80634 | DY29: =SUM(P29) -> 11940 | EH29: =SUM(Y29) -> 18660 | EQ29: =SUM(AB29) -> 12235 | EZ29: =SUM(AE29) -> 98737 | FP29: =SUM(AW29) -> 8446 | FY29: =SUM(AU29) -> 66057 | GH29: =SUM(AY29) -> 48268 | GN29: =SUM(BA29) -> 1930
B30: 44361 | C30: =SUM(Essbase!J167:J173) -> 1880 | D30: 4137 | E30: 1.932 | F30: 40000 | G30: 1601 | H30: 2.202 | I30: 48640 | J30: 11466 | K30: 2.09 | L30: 10400 | M30: 11336 | N30: 1.87 | O30: 10000 | P30: 11966 | Q30: 1.94 | R30: 10400 | S30: 80895 | T30: 2.778 | U30: 78300 | V30: 77318 | W30: 2.211 | X30: 76800 | Y30: 18699 | Z30: 3.33 | AA30: 6240 | AB30: 12257 | AC30: 2.49 | AD30: 3520 | AE30: 99002 | AF30: 2.001 | AG30: 53000 | AH30: 18327 | AI30: 0.3 | AJ30: 1480 | AK30: 81749 | AL30: 449 | AM30: =SUM(AK30-AK29) -> 449 | AO30: =SUM(AG30+AD30+AA30+X30+U30+R30+O30+L30+I30+F30+AJ30+AM30) -> 339229 | AP30: =SUM(AG30+AJ30) -> 54480 | AQ30: =SUM(AP30/AO30) -> 0.16059948 | AT30: =B30 -> 44361 | AU30: 66271 | AV30: 21400 | AW30: 8458 | AX30: 1200 | AY30: 49162 | AZ30: 894 | BA30: 2022 | BB30: 3680 | BD30: =SUM(AV30+AX30,AZ30,BB30) -> 27174 | BJ30: =SUM(AK30) -> 81749 | BN30: =SUM(G30) -> 1601 | BW30: =SUM(D30) -> 4137 | CF30: =SUM(S30) -> 80895 | CO30: =SUM(AH30) -> 18327 | CX30: =SUM(V30) -> 77318 | DG30: =SUM(M30) -> 11336 | DP30: =SUM(S30) -> 80895 | DY30: =SUM(P30) -> 11966 | EH30: =SUM(Y30) -> 18699 | EQ30: =SUM(AB30) -> 12257 | EZ30: =SUM(AE30) -> 99002 | FP30: =SUM(AW30) -> 8458 | FY30: =SUM(AU30) -> 66271 | GH30: =SUM(AY30) -> 49162 | GN30: =SUM(BA30) -> 2022
B31: 44368 | C31: =SUM(Essbase!J174:J180) -> 2081 | D31: 4378 | E31: 1.932 | F31: 38560 | G31: 1893 | H31: 2.222 | I31: 46720 | J31: 11497 | K31: 2.34 | L31: 12400 | M31: 11361 | N31: 2.02 | O31: 10000 | P31: 11992 | Q31: 2.14 | R31: 10400 | S31: 81139 | T31: 2.778 | U31: 73200 | V31: 77560 | W31: 2.211 | X31: 72600 | Y31: 18734 | Z31: 3.33 | AA31: 5600 | AB31: 12277 | AC31: 2.49 | AD31: 3200 | AE31: 99258 | AF31: 2.032 | AG31: 51200 | AH31: 18362 | AI31: 0.3 | AJ31: 1400 | AK31: 82201 | AL31: 452 | AM31: =SUM(AK31-AK30) -> 452 | AO31: =SUM(AG31+AD31+AA31+X31+U31+R31+O31+L31+I31+F31+AJ31+AM31) -> 325732 | AP31: =SUM(AG31+AJ31) -> 52600 | AQ31: =SUM(AP31/AO31) -> 0.16148245 | AT31: =B31 -> 44368 | AU31: 66392 | AV31: 12100 | AW31: 8489 | AX31: 3100 | AY31: 50064 | AZ31: 902 | BA31: 2044 | BB31: 880 | BD31: =SUM(AV31+AX31,AZ31,BB31) -> 16982 | BJ31: =SUM(AK31) -> 82201 | BN31: =SUM(G31) -> 1893 | BW31: =SUM(D31) -> 4378 | CF31: =SUM(S31) -> 81139 | CO31: =SUM(AH31) -> 18362 | CX31: =SUM(V31) -> 77560 | DG31: =SUM(M31) -> 11361 | DP31: =SUM(S31) -> 81139 | DY31: =SUM(P31) -> 11992 | EH31: =SUM(Y31) -> 18734 | EQ31: =SUM(AB31) -> 12277 | EZ31: =SUM(AE31) -> 99258 | FP31: =SUM(AW31) -> 8489 | FY31: =SUM(AU31) -> 66392 | GH31: =SUM(AY31) -> 50064 | GN31: =SUM(BA31) -> 2044
B32: 44375 | C32: =SUM(Essbase!J181:J188) -> 2265 | D32: 4635 | E32: 1.933 | F32: 41120 | G32: 2192 | H32: 2.222 | I32: 47840 | J32: 11529 | K32: 2.67 | L32: 12800 | M32: 11387 | N32: 1.99 | O32: 10400 | P32: 12019 | Q32: 2.18 | R32: 10800 | S32: 81399 | T32: 2.491 | U32: 78000 | V32: 77796 | W32: 2.229 | X32: 70800 | Y32: 18769 | Z32: 3.29 | AA32: 5600 | AB32: 12295 | AC32: 1.7 | AD32: 2880 | AE32: 99526 | AF32: 2.027 | AG32: 53600 | AH32: 18398 | AI32: 0.298 | AJ32: 1440 | AK32: 82619 | AL32: 418 | AM32: =SUM(AK32-AK31) -> 418 | AO32: =SUM(AG32+AD32+AA32+X32+U32+R32+O32+L32+I32+F32+AJ32+AM32) -> 335698 | AP32: =SUM(AG32+AJ32) -> 55040 | AQ32: =SUM(AP32/AO32) -> 0.16395689 | AT32: =B32 -> 44375 | AU32: 66596 | AV32: 20400 | AW32: 8508 | AX32: 1900 | AY32: 50947 | AZ32: 883 | BA32: 2070 | BB32: 1640 | BD32: =SUM(AV32+AX32,AZ32,BB32) -> 24823 | BJ32: =SUM(AK32) -> 82619 | BN32: =SUM(G32) -> 2192 | BW32: =SUM(D32) -> 4635 | CF32: =SUM(S32) -> 81399 | CO32: =SUM(AH32) -> 18398 | CX32: =SUM(V32) -> 77796 | DG32: =SUM(M32) -> 11387 | DP32: =SUM(S32) -> 81399 | DY32: =SUM(P32) -> 12019 | EH32: =SUM(Y32) -> 18769 | EQ32: =SUM(AB32) -> 12295 | EZ32: =SUM(AE32) -> 99526 | FP32: =SUM(AW32) -> 8508 | FY32: =SUM(AU32) -> 66596 | GH32: =SUM(AY32) -> 50947 | GN32: =SUM(BA32) -> 2070
B33: 44378 | C33: =SUM(Essbase!J189:J190) -> 547 | D33: 4887 | E33: 1.933 | F33: 29120 | G33: 2492 | H33: 2.222 | I33: 34720 | J33: 11559 | K33: 2.67 | L33: 8400 | M33: 11414 | N33: 2.05 | O33: 7600 | P33: 12045 | Q33: 2.18 | R33: 7600 | S33: 81629 | T33: 2.853 | U33: 49200 | V33: 78046 | W33: 2.229 | X33: 52500 | Y33: 18806 | Z33: 3.29 | AA33: 4160 | AB33: 12314 | AC33: 1.7 | AD33: 2080 | AE33: 99782 | AF33: 2.027 | AG33: 36200 | AH33: 18436 | AI33: 0.298 | AJ33: 1080 | AK33: 83062 | AL33: 319 | AM33: =SUM(AK33-AK32) -> 443 | AO33: =SUM(AG33+AD33+AA33+X33+U33+R33+O33+L33+I33+F33+AJ33+AM33) -> 233103 | AP33: =SUM(AG33+AJ33) -> 37280 | AQ33: =SUM(AP33/AO33) -> 0.1599293 | AR33: =SUM(AO29:AO33) -> 1559791 | AT33: =B33 -> 44378 | AU33: 66697 | AV33: 8600 | AW33: 8529 | AX33: 1200 | AY33: 51845 | AZ33: 514 | BA33: 2095 | BB33: 600 | BD33: =SUM(AV33+AX33,AZ33,BB33) -> 10914 | BE33: =SUM(BC29:BD33) -> 102095 | BF33: =SUM(AR33+BE33) -> 1661886 | BJ33: =SUM(AK33) -> 83062 | BL33: =SUM(BK33-BK28) -> 0 | BM33: =SUM(BL33*0.13773+BL33*0.02095)*1.09+2.85 -> 2.85 | BN33: =SUM(G33) -> 2492 | BQ33: =SUM(BO33-BO28)*160 -> 0 | BR33: =(BP33)*160 -> 0 | BS33: =SUM(BQ33*0.05155) -> 0 | BT33: =SUM(BQ33*0.02095) -> 0 | BU33: =SUM(BR33*7.689) -> 0 | BV33: =SUM(BS33+BT33)*1.11 -> 0 | BW33: =SUM(D33) -> 4887 | BZ33: =SUM(BX33-BX28)*160 -> 0 | CA33: =(BY33)*160 -> 0 | CB33: =SUM(BZ33*0.05155) -> 0 | CC33: =SUM(BZ33*0.02095) -> 0 | CD33: =SUM(CA33*7.689) -> 0 | CE33: =SUM((CB33+CC33)+20)* 1.11 -> 22.2 | CF33: =SUM(S33) -> 81629 | CI33: =SUM(CG33-CG28)*300 -> 0 | CJ33: =(CH33)*300 -> 0 | CK33: =SUM(CI33*0.05155) -> 0 | CL33: =SUM(CI33*0.02095) -> 0 | CM33: =SUM(CJ33*7.689) -> 0 | CN33: =SUM((CK33+CL33)+20)*1.11 -> 22.2 | CO33: =SUM(AH33) -> 18436 | CR33: =(CP33-CP28)*40 -> 0 | CS33: =(CQ33)*40 -> 0 | CT33: =SUM(CR33*0.05155) -> 0 | CU33: =SUM(CR33*0.02095) -> 0 | CV33: =SUM(CS33*7.689) -> 0 | CW33: =SUM((CT33+CU33)+20)*1.11 -> 22.2 | CX33: =SUM(V33) -> 78046 | DA33: =SUM(CY33-CY28)*300 -> 0 | DB33: =(CZ33)*300 -> 0 | DC33: =SUM(DA33*0.05155) -> 0 | DD33: =SUM(DA33*0.02095) -> 0 | DE33: =SUM(DB33*7.689) -> 0 | DF33: =SUM((DC33+DD33)+20)*1.12 -> 22.4 | DG33: =SUM(M33) -> 11414 | DJ33: =SUM(DH33-DH28)*400 -> 0 | DK33: =(DI33)*400 -> 0 | DL33: =SUM(DJ33*0.05155) -> 0 | DM33: =SUM(DJ33*0.02095) -> 0 | DN33: =SUM(DK33*7.689) -> 0 | DO33: =SUM((DL33+DM33)+20)*1.12 -> 22.4 | DP33: =SUM(S33) -> 81629 | DS33: =SUM(DQ33-DQ28)*400 -> 0 | DT33: =(DR33)*400 -> 0 | DU33: =SUM(DS33*0.05155) -> 0 | DV33: =SUM(DS33*0.02095) -> 0 | DW33: =SUM(DT33*7.689) -> 0 | DX33: =SUM((DU33+DV33)+20)*1.12 -> 22.4 | DY33: =SUM(P33) -> 12045 | EB33: =SUM(DZ33-DZ28)*400 -> 0 | EC33: =(EA33)*400 -> 0 | ED33: =SUM(EB33*0.05155) -> 0 | EE33: =SUM(EB33*0.02095) -> 0 | EF33: =SUM(EC33*7.689) -> 0 | EG33: =SUM((ED33+EE33)+20)*1.12 -> 22.4 | EH33: =SUM(Y33) -> 18806 | EK33: =SUM(EI33-EI28)*160 -> 0 | EL33: =(EJ33)*160 -> 0 | EM33: =SUM(EK33*0.05155) -> 0 | EN33: =SUM(EK33*0.02095) -> 0 | EO33: =SUM(EL33*7.689) -> 0 | EP33: =SUM((EM33+EN33)+20)*1.12 -> 22.4 | EQ33: =SUM(AB33) -> 12314 | ET33: =SUM(ER33-ER28)*160 -> 0 | EU33: =(ES33)*160 -> 0 | EV33: =SUM(ET33*0.05155) -> 0 | EW33: =SUM(ET33*0.02095) -> 0 | EX33: =SUM(EU33*7.689) -> 0 | EY33: =SUM((EV33+EW33)+20)*1.12 -> 22.4 | EZ33: =SUM(AE33) -> 99782 | FC33: =SUM(FA33-FA28)*200 -> 0 | FD33: =(FB33)*200 -> 0 | FE33: =SUM(FC33*0.05155) -> 0 | FF33: =SUM(FC33*0.02095) -> 0 | FG33: =SUM(FD33*7.689) -> 0 | FH33: =SUM((FE33+FF33)+20)*1.12 -> 22.4 | FJ33: =SUM(BL33+BQ33+BZ33+CI33+CR33+DA33+DJ33+DS33+EB33+EK33+ET33+FC33) -> 0 | FK33: =SUM(BM33+BV33,CE33,CN33,CW33,DF33,DO33,DX33,EG33,EP33,EY33+FH33) -> 226.25 | FL33: =SUM(BU33,CD33,CM33,CV33,DE33,DN33,DW33,EF33,EO33,EX33,FG33) -> 0 | FM33: =SUM(FK33:FL33) -> 226.25 | FP33: =SUM(AW33) -> 8529 | FS33: =SUM(FQ33-FQ28)*100 -> 0 | FT33: =SUM(FR33)*100 -> 0 | FU33: =SUM(FS33*0.05155) -> 0 | FV33: =SUM(FS33*0.02095) -> 0 | FW33: =SUM(FT33*7.689) -> 0 | FX33: =SUM(FV33+FU33+20)*1.1048 -> 22.096 | FY33: =SUM(AU33) -> 66697 | GB33: =SUM(FZ33-FZ28)*100 -> 0 | GC33: =SUM(GA33)*100 -> 0 | GD33: =SUM(GB33*0.05155) -> 0 | GE33: =SUM(GB33*0.02095) -> 0 | GF33: =SUM(GC33*7.689) -> 0 | GG33: =SUM(GE33+GD33+20)*1.1048 -> 22.096 | GH33: =SUM(AY33) -> 51845 | GJ33: =SUM(GI33-GI28) -> 0 | GK33: =SUM(GJ33*0.13773) -> 0 | GL33: =SUM(GJ33*0.02095) -> 0 | GM33: =SUM(GK33+GL33+2.32)*1.07 -> 2.4824 | GN33: =SUM(BA33) -> 2095 | GQ33: =SUM(GO33-GO28)*40 -> 0 | GR33: =SUM(GP33)*40 -> 0 | GS33: =SUM(GQ33*0.05155) -> 0 | GT33: =SUM(GQ33*0.02095) -> 0 | GU33: =SUM(GR33*7.689) -> 0 | GV33: =SUM(GT33+GS33+20)*1.2 -> 24 | GW33: =SUM(FS33+GB33+GJ33+GQ33) -> 0 | GX33: =SUM(GV33+GM33+GG33+FX33) -> 70.6744 | GY33: =SUM(FW33+GF33+GU33) -> 0 | GZ33: =SUM(GX33:GY33) -> 70.6744 | HB33: =(FJ33+GW33) -> 0 | HC33: =(FK33+GX33) -> 296.9244 | HD33: =(FL33+GY33) -> 0 | HE33: =(HC33+HD33) -> 296.9244
B34: 44382 | C34: =SUM(Essbase!J191:J194) -> 1071 | D34: 4887 | E34: 1.933 | F34: 29120 | G34: 2492 | H34: 2.222 | I34: 34720 | J34: 11559 | K34: 2.67 | L34: 8400 | M34: 11414 | N34: 2.05 | O34: 7600 | P34: 12045 | Q34: 2.18 | R34: 7600 | S34: 81629 | T34: 2.853 | U34: 49200 | V34: 78046 | W34: 2.229 | X34: 52500 | Y34: 18806 | Z34: 3.29 | AA34: 4160 | AB34: 12314 | AC34: 1.7 | AD34: 2080 | AE34: 99782 | AF34: 2.027 | AG34: 36200 | AH34: 18436 | AI34: 0.298 | AJ34: 1080 | AK34: 83062 | AL34: 319 | AM34: =SUM(AK34-AK33) -> 0 | AO34: =SUM(AG34+AD34+AA34+X34+U34+R34+O34+L34+I34+F34+AJ34+AM34) -> 232660 | AP34: =SUM(AG34+AJ34) -> 37280 | AQ34: =SUM(AP34/AO34) -> 0.16023382 | AT34: =B34 -> 44382 | AU34: 66697 | AV34: 8600 | AW34: 8529 | AX34: 1200 | AY34: 51845 | AZ34: 514 | BA34: 2095 | BB34: 600 | BD34: =SUM(AV34+AX34,AZ34,BB34) -> 10914 | BJ34: =SUM(AK34) -> 83062 | BN34: =SUM(G34) -> 2492 | BW34: =SUM(D34) -> 4887 | CF34: =SUM(S34) -> 81629 | CO34: =SUM(AH34) -> 18436 | CX34: =SUM(V34) -> 78046 | DG34: =SUM(M34) -> 11414 | DP34: =SUM(S34) -> 81629 | DY34: =SUM(P34) -> 12045 | EH34: =SUM(Y34) -> 18806 | EQ34: =SUM(AB34) -> 12314 | EZ34: =SUM(AE34) -> 99782 | FP34: =SUM(AW34) -> 8529 | FY34: =SUM(AU34) -> 66697 | GH34: =SUM(AY34) -> 51845 | GN34: =SUM(BA34) -> 2095
B35: 44389 | C35: =SUM(Essbase!J195:J201) -> 1864 | D35: 5138 | E35: 1.947 | F35: 40160 | G35: 2788 | H35: 2.222 | I35: 47360 | J35: 11588 | K35: 2.67 | L35: 11600 | M35: 11439 | N35: 2.05 | O35: 10000 | P35: 12071 | Q35: 2.18 | R35: 10400 | S35: 81906 | T35: 3.053 | U35: 83100 | V35: 78306 | W35: 2.298 | X35: 78000 | Y35: 18847 | Z35: 3.87 | AA35: 6560 | AB35: 12334 | AC35: 2.29 | AD35: 3200 | AE35: 100043 | AF35: 2.076 | AG35: 52200 | AH35: 18472 | AI35: 0.304 | AJ35: 1440 | AK35: 83501 | AL35: 439 | AM35: =SUM(AK35-AK34) -> 439 | AO35: =SUM(AG35+AD35+AA35+X35+U35+R35+O35+L35+I35+F35+AJ35+AM35) -> 344459 | AP35: =SUM(AG35+AJ35) -> 53640 | AQ35: =SUM(AP35/AO35) -> 0.15572245 | AT35: =B35 -> 44389 | AU35: 66854 | AV35: 15700 | AW35: 8549 | AX35: 2000 | AY35: 52782 | AZ35: 937 | BA35: 2132 | BB35: 1480 | BD35: =SUM(AV35+AX35,AZ35,BB35) -> 20117 | BJ35: =SUM(AK35) -> 83501 | BN35: =SUM(G35) -> 2788 | BW35: =SUM(D35) -> 5138 | CF35: =SUM(S35) -> 81906 | CO35: =SUM(AH35) -> 18472 | CX35: =SUM(V35) -> 78306 | DG35: =SUM(M35) -> 11439 | DP35: =SUM(S35) -> 81906 | DY35: =SUM(P35) -> 12071 | EH35: =SUM(Y35) -> 18847 | EQ35: =SUM(AB35) -> 12334 | EZ35: =SUM(AE35) -> 100043 | FP35: =SUM(AW35) -> 8549 | FY35: =SUM(AU35) -> 66854 | GH35: =SUM(AY35) -> 52782 | GN35: =SUM(BA35) -> 2132
B36: 44396 | C36: =SUM(Essbase!J202:J208) -> 1975 | D36: 5391 | E36: 1.947 | F36: 40480 | G36: 3092 | H36: 2.232 | I36: 48640 | J36: 11617 | K36: 2.67 | L36: 11600 | M36: 11466 | N36: 2.05 | O36: 10800 | P36: 12097 | Q36: 2.18 | R36: 10400 | S36: 82154 | T36: 3.058 | U36: 74400 | V36: 78557 | W36: 2.298 | X36: 75300 | Y36: 18885 | Z36: 3.87 | AA36: 6080 | AB36: 12353 | AC36: 2.29 | AD36: 3040 | AE36: 314 | AF36: 2.076 | AG36: 54200 | AH36: 18509 | AI36: 0.304 | AJ36: 1480 | AK36: 83920 | AL36: 419 | AM36: =SUM(AK36-AK35) -> 419 | AO36: =SUM(AG36+AD36+AA36+X36+U36+R36+O36+L36+I36+F36+AJ36+AM36) -> 336839 | AP36: =SUM(AG36+AJ36) -> 55680 | AQ36: =SUM(AP36/AO36) -> 0.16530152 | AT36: =B36 -> 44396 | AU36: 67025 | AV36: 17100 | AW36: 8572 | AX36: 2300 | AY36: 53776 | AZ36: 994 | BA36: 2225 | BB36: 3720 | BD36: =SUM(AV36+AX36,AZ36,BB36) -> 24114 | BJ36: =SUM(AK36) -> 83920 | BN36: =SUM(G36) -> 3092 | BW36: =SUM(D36) -> 5391 | CF36: =SUM(S36) -> 82154 | CO36: =SUM(AH36) -> 18509 | CX36: =SUM(V36) -> 78557 | DG36: =SUM(M36) -> 11466 | DP36: =SUM(S36) -> 82154 | DY36: =SUM(P36) -> 12097 | EH36: =SUM(Y36) -> 18885 | EQ36: =SUM(AB36) -> 12353 | EZ36: =SUM(AE36) -> 314 | FP36: =SUM(AW36) -> 8572 | FY36: =SUM(AU36) -> 67025 | GH36: =SUM(AY36) -> 53776 | GN36: =SUM(BA36) -> 2225
B37: 44403 | C37: =SUM(Essbase!J209:J215) -> 2110 | D37: 5643 | E37: 1.876 | F37: 40320 | G37: 3387 | H37: 2.167 | I37: 47200 | J37: 11646 | K37: 2.09 | L37: 11600 | M37: 11493 | N37: 2 | O37: 10800 | P37: 12124 | Q37: 2 | R37: 10800 | S37: 82422 | T37: 2.216 | U37: 80400 | V37: 78830 | W37: 2.146 | X37: 81900 | Y37: 18920 | Z37: 2.93 | AA37: 5600 | AB37: 12371 | AC37: 1.49 | AD37: 2880 | AE37: 584 | AF37: 2.097 | AG37: 54000 | AH37: 18545 | AI37: 0.291 | AJ37: 1440 | AK37: 84368 | AL37: 448 | AM37: =SUM(AK37-AK36) -> 448 | AO37: =SUM(AG37+AD37+AA37+X37+U37+R37+O37+L37+I37+F37+AJ37+AM37) -> 347388 | AP37: =SUM(AG37+AJ37) -> 55440 | AQ37: =SUM(AP37/AO37) -> 0.159591 | AT37: =B37 -> 44403 | AU37: 67190 | AV37: 16500 | AW37: 8592 | AX37: 2000 | AY37: 54685 | AZ37: 909 | BA37: 2333 | BB37: 4320 | BD37: =SUM(AV37+AX37,AZ37,BB37) -> 23729 | BJ37: =SUM(AK37) -> 84368 | BN37: =SUM(G37) -> 3387 | BW37: =SUM(D37) -> 5643 | CF37: =SUM(S37) -> 82422 | CO37: =SUM(AH37) -> 18545 | CX37: =SUM(V37) -> 78830 | DG37: =SUM(M37) -> 11493 | DP37: =SUM(S37) -> 82422 | DY37: =SUM(P37) -> 12124 | EH37: =SUM(Y37) -> 18920 | EQ37: =SUM(AB37) -> 12371 | EZ37: =SUM(AE37) -> 584 | FP37: =SUM(AW37) -> 8592 | FY37: =SUM(AU37) -> 67190 | GH37: =SUM(AY37) -> 54685 | GN37: =SUM(BA37) -> 2333
B38: 44409 | C38: =SUM(Essbase!J216:J221) -> 1731 | D38: 5886 | E38: 1.876 | F38: 38880 | G38: 3678 | H38: 2.167 | I38: 46560 | J38: 11674 | K38: 2.35 | L38: 11200 | M38: 11519 | N38: 2.04 | O38: 10400 | P38: 12151 | Q38: 2 | R38: 10800 | S38: 82698 | T38: 2.728 | U38: 82800 | V38: 79098 | W38: 2.2 | X38: 80400 | Y38: 18956 | Z38: 2.99 | AA38: 5760 | AB38: 12390 | AC38: 1.65 | AD38: 3040 | AE38: 848 | AF38: 2.097 | AG38: 52800 | AH38: 18582 | AI38: 0.296 | AJ38: 1480 | AK38: 84835 | AL38: 467 | AM38: =SUM(AK38-AK37) -> 467 | AO38: =SUM(AG38+AD38+AA38+X38+U38+R38+O38+L38+I38+F38+AJ38+AM38) -> 344587 | AP38: =SUM(AG38+AJ38) -> 54280 | AQ38: =SUM(AP38/AO38) -> 0.1575219 | AR38: =SUM(AO34:AO38) -> 1605933 | AT38: =B38 -> 44409 | AU38: 67342 | AV38: 15200 | AW38: 8610 | AX38: 1800 | AY38: 55517 | AZ38: 832 | BA38: 2357 | BB38: 960 | BD38: =SUM(AV38+AX38,AZ38,BB38) -> 18792 | BE38: =SUM(BC34:BD38) -> 97666 | BF38: =SUM(AR38+BE38) -> 1703599 | BJ38: =SUM(AK38) -> 84835 | BL38: =SUM(BK38-BK33) -> 0 | BM38: =SUM(BL38*0.13773+BL38*0.02095)*1.09+2.85 -> 2.85 | BN38: =SUM(G38) -> 3678 | BQ38: =SUM(BO38-BO33)*160 -> 0 | BR38: =(BP38)*160 -> 0 | BS38: =SUM(BQ38*0.05155) -> 0 | BT38: =SUM(BQ38*0.02095) -> 0 | BU38: =SUM(BR38*7.689) -> 0 | BV38: =SUM(BS38+BT38)*1.11 -> 0 | BW38: =SUM(D38) -> 5886 | BZ38: =SUM(BX38-BX33)*160 -> 0 | CA38: =(BY38)*160 -> 0 | CB38: =SUM(BZ38*0.05155) -> 0 | CC38: =SUM(BZ38*0.02095) -> 0 | CD38: =SUM(CA38*7.689) -> 0 | CE38: =SUM((CB38+CC38)+20)* 1.11 -> 22.2 | CF38: =SUM(S38) -> 82698 | CI38: =SUM(CG38-CG33)*300 -> 0 | CJ38: =(CH38)*300 -> 0 | CK38: =SUM(CI38*0.05155) -> 0 | CL38: =SUM(CI38*0.02095) -> 0 | CM38: =SUM(CJ38*7.689) -> 0 | CN38: =SUM((CK38+CL38)+20)*1.11 -> 22.2 | CO38: =SUM(AH38) -> 18582 | CR38: =(CP38-CP33)*40 -> 0 | CS38: =(CQ38)*40 -> 0 | CT38: =SUM(CR38*0.05155) -> 0 | CU38: =SUM(CR38*0.02095) -> 0 | CV38: =SUM(CS38*7.689) -> 0 | CW38: =SUM((CT38+CU38)+20)*1.11 -> 22.2 | CX38: =SUM(V38) -> 79098 | DA38: =SUM(CY38-CY33)*300 -> 0 | DB38: =(CZ38)*300 -> 0 | DC38: =SUM(DA38*0.05155) -> 0 | DD38: =SUM(DA38*0.02095) -> 0 | DE38: =SUM(DB38*7.689) -> 0 | DF38: =SUM((DC38+DD38)+20)*1.12 -> 22.4 | DG38: =SUM(M38) -> 11519 | DJ38: =SUM(DH38-DH33)*400 -> 0 | DK38: =(DI38)*400 -> 0 | DL38: =SUM(DJ38*0.05155) -> 0 | DM38: =SUM(DJ38*0.02095) -> 0 | DN38: =SUM(DK38*7.689) -> 0 | DO38: =SUM((DL38+DM38)+20)*1.12 -> 22.4 | DP38: =SUM(S38) -> 82698 | DS38: =SUM(DQ38-DQ33)*400 -> 0 | DT38: =(DR38)*400 -> 0 | DU38: =SUM(DS38*0.05155) -> 0 | DV38: =SUM(DS38*0.02095) -> 0 | DW38: =SUM(DT38*7.689) -> 0 | DX38: =SUM((DU38+DV38)+20)*1.12 -> 22.4 | DY38: =SUM(P38) -> 12151 | EB38: =SUM(DZ38-DZ33)*400 -> 0 | EC38: =(EA38)*400 -> 0 | ED38: =SUM(EB38*0.05155) -> 0 | EE38: =SUM(EB38*0.02095) -> 0 | EF38: =SUM(EC38*7.689) -> 0 | EG38: =SUM((ED38+EE38)+20)*1.12 -> 22.4 | EH38: =SUM(Y38) -> 18956 | EK38: =SUM(EI38-EI33)*160 -> 0 | EL38: =(EJ38)*160 -> 0 | EM38: =SUM(EK38*0.05155) -> 0 | EN38: =SUM(EK38*0.02095) -> 0 | EO38: =SUM(EL38*7.689) -> 0 | EP38: =SUM((EM38+EN38)+20)*1.12 -> 22.4 | EQ38: =SUM(AB38) -> 12390 | ET38: =SUM(ER38-ER33)*160 -> 0 | EU38: =(ES38)*160 -> 0 | EV38: =SUM(ET38*0.05155) -> 0 | EW38: =SUM(ET38*0.02095) -> 0 | EX38: =SUM(EU38*7.689) -> 0 | EY38: =SUM((EV38+EW38)+20)*1.12 -> 22.4 | EZ38: =SUM(AE38) -> 848 | FC38: =SUM(FA38-FA33)*200 -> 0 | FD38: =(FB38)*200 -> 0 | FE38: =SUM(FC38*0.05155) -> 0 | FF38: =SUM(FC38*0.02095) -> 0 | FG38: =SUM(FD38*7.689) -> 0 | FH38: =SUM((FE38+FF38)+20)*1.12 -> 22.4 | FJ38: =SUM(BL38+BQ38+BZ38+CI38+CR38+DA38+DJ38+DS38+EB38+EK38+ET38+FC38) -> 0 | FK38: =SUM(BM38+BV38,CE38,CN38,CW38,DF38,DO38,DX38,EG38,EP38,EY38+FH38) -> 226.25 | FL38: =SUM(BU38,CD38,CM38,CV38,DE38,DN38,DW38,EF38,EO38,EX38,FG38) -> 0 | FM38: =SUM(FK38:FL38) -> 226.25 | FP38: =SUM(AW38) -> 8610 | FS38: =SUM(FQ38-FQ33)*100 -> 0 | FT38: =SUM(FR38)*100 -> 0 | FU38: =SUM(FS38*0.05155) -> 0 | FV38: =SUM(FS38*0.02095) -> 0 | FW38: =SUM(FT38*7.689) -> 0 | FX38: =SUM(FV38+FU38+20)*1.1048 -> 22.096 | FY38: =SUM(AU38) -> 67342 | GB38: =SUM(FZ38-FZ33)*100 -> 0 | GC38: =SUM(GA38)*100 -> 0 | GD38: =SUM(GB38*0.05155) -> 0 | GE38: =SUM(GB38*0.02095) -> 0 | GF38: =SUM(GC38*7.689) -> 0 | GG38: =SUM(GE38+GD38+20)*1.1048 -> 22.096 | GH38: =SUM(AY38) -> 55517 | GJ38: =SUM(GI38-GI33) -> 0 | GK38: =SUM(GJ38*0.13773) -> 0 | GL38: =SUM(GJ38*0.02095) -> 0 | GM38: =SUM(GK38+GL38+2.32)*1.07 -> 2.4824 | GN38: =SUM(BA38) -> 2357 | GQ38: =SUM(GO38-GO33)*40 -> 0 | GR38: =SUM(GP38)*40 -> 0 | GS38: =SUM(GQ38*0.05155) -> 0 | GT38: =SUM(GQ38*0.02095) -> 0 | GU38: =SUM(GR38*7.689) -> 0 | GV38: =SUM(GT38+GS38+20)*1.2 -> 24 | GW38: =SUM(FS38+GB38+GJ38+GQ38) -> 0 | GX38: =SUM(GV38+GM38+GG38+FX38) -> 70.6744 | GY38: =SUM(FW38+GF38+GU38) -> 0 | GZ38: =SUM(GX38:GY38) -> 70.6744 | HB38: =(FJ38+GW38) -> 0 | HC38: =(FK38+GX38) -> 296.9244 | HD38: =(FL38+GY38) -> 0 | HE38: =(HC38+HD38) -> 296.9244
B39: 44410 | C39: =SUM(Essbase!J222) -> 285 | D39: 5886 | E39: 1.876 | F39: 0 | G39: 3678 | H39: 2.167 | I39: 0 | J39: 11674 | K39: 2.35 | L39: 0 | M39: 11519 | N39: 2.04 | O39: 0 | P39: 12151 | Q39: 2 | R39: 0 | S39: 82698 | T39: 2.728 | U39: 0 | V39: 79098 | W39: 2.2 | X39: 0 | Y39: 18956 | Z39: 2.99 | AA39: 0 | AB39: 12390 | AC39: 1.65 | AD39: 0 | AE39: 848 | AF39: 2.097 | AG39: 0 | AH39: 18582 | AI39: 0.296 | AJ39: 0 | AK39: 84835 | AL39: 0 | AM39: =SUM(AK39-AK38) -> 0 | AO39: =SUM(AG39+AD39+AA39+X39+U39+R39+O39+L39+I39+F39+AJ39+AM39) -> 0 | AP39: =SUM(AG39+AJ39) -> 0 | AQ39: =SUM(AP39/AO39) -> #DIV/0! | AT39: =B39 -> 44410 | AU39: 67342 | AV39: 0 | AW39: 8610 | AX39: 0 | AY39: 55517 | AZ39: 0 | BA39: 2357 | BB39: 0 | BD39: =SUM(AV39+AX39,AZ39,BB39) -> 0 | BJ39: =SUM(AK39) -> 84835 | BN39: =SUM(G39) -> 3678 | BW39: =SUM(D39) -> 5886 | CF39: =SUM(S39) -> 82698 | CO39: =SUM(AH39) -> 18582 | CX39: =SUM(V39) -> 79098 | DG39: =SUM(M39) -> 11519 | DP39: =SUM(S39) -> 82698 | DY39: =SUM(P39) -> 12151 | EH39: =SUM(Y39) -> 18956 | EQ39: =SUM(AB39) -> 12390 | EZ39: =SUM(AE39) -> 848 | FP39: =SUM(AW39) -> 8610 | FY39: =SUM(AU39) -> 67342 | GH39: =SUM(AY39) -> 55517 | GN39: =SUM(BA39) -> 2357
B40: 44417 | C40: =SUM(Essbase!J223:J229) -> 1769 | D40: 6130 | E40: 1.876 | F40: 39040 | G40: 3975 | H40: 2.167 | I40: 47520 | J40: 11704 | K40: 2.35 | L40: 12000 | M40: 11546 | N40: 2.04 | O40: 10800 | P40: 12179 | Q40: 2.15 | R40: 11200 | S40: 82958 | T40: 2.788 | U40: 78000 | V40: 79367 | W40: 2.34 | X40: 80700 | Y40: 18989 | Z40: 2.99 | AA40: 5280 | AB40: 12409 | AC40: 2.17 | AD40: 3040 | AE40: 1118 | AF40: 2.097 | AG40: 54000 | AH40: 18616 | AI40: 0.296 | AJ40: 1360 | AK40: 85315 | AL40: 480 | AM40: =SUM(AK40-AK39) -> 480 | AO40: =SUM(AG40+AD40+AA40+X40+U40+R40+O40+L40+I40+F40+AJ40+AM40) -> 343420 | AP40: =SUM(AG40+AJ40) -> 55360 | AQ40: =SUM(AP40/AO40) -> 0.16120203 | AT40: =B40 -> 44417 | AU40: 67501 | AV40: 15900 | AW40: 8629 | AX40: 1900 | AY40: 56393 | AZ40: 876 | BA40: 2396 | BB40: 1560 | BD40: =SUM(AV40+AX40,AZ40,BB40) -> 20236 | BJ40: =SUM(AK40) -> 85315 | BN40: =SUM(G40) -> 3975 | BW40: =SUM(D40) -> 6130 | CF40: =SUM(S40) -> 82958 | CO40: =SUM(AH40) -> 18616 | CX40: =SUM(V40) -> 79367 | DG40: =SUM(M40) -> 11546 | DP40: =SUM(S40) -> 82958 | DY40: =SUM(P40) -> 12179 | EH40: =SUM(Y40) -> 18989 | EQ40: =SUM(AB40) -> 12409 | EZ40: =SUM(AE40) -> 1118 | FP40: =SUM(AW40) -> 8629 | FY40: =SUM(AU40) -> 67501 | GH40: =SUM(AY40) -> 56393 | GN40: =SUM(BA40) -> 2396
B41: 44424 | C41: =SUM(Essbase!J230:J236) -> 1429 | D41: 6377 | E41: 1.876 | F41: 39520 | G41: 4266 | H41: 2.167 | I41: 46560 | J41: 11731 | K41: 2.35 | L41: 10800 | M41: 11572 | N41: 2.04 | O41: 10400 | P41: 12205 | Q41: 2.15 | R41: 10400 | S41: 83226 | T41: 2.788 | U41: 80400 | V41: 79645 | W41: 2.34 | X41: 83400 | Y41: 19024 | Z41: 2.99 | AA41: 5600 | AB41: 12428 | AC41: 2.17 | AD41: 3040 | AE41: 1388 | AF41: 2.097 | AG41: 54000 | AH41: 18653 | AI41: 0.303 | AJ41: 1480 | AK41: 85787 | AL41: 472 | AM41: =SUM(AK41-AK40) -> 472 | AO41: =SUM(AG41+AD41+AA41+X41+U41+R41+O41+L41+I41+F41+AJ41+AM41) -> 346072 | AP41: =SUM(AG41+AJ41) -> 55480 | AQ41: =SUM(AP41/AO41) -> 0.16031346 | AT41: =B41 -> 44424 | AU41: 67665 | AV41: 16400 | AW41: 8649 | AX41: 2000 | AY41: 57297 | AZ41: 904 | BA41: 2455 | BB41: 2360 | BD41: =SUM(AV41+AX41,AZ41,BB41) -> 21664 | BJ41: =SUM(AK41) -> 85787 | BN41: =SUM(G41) -> 4266 | BW41: =SUM(D41) -> 6377 | CF41: =SUM(S41) -> 83226 | CO41: =SUM(AH41) -> 18653 | CX41: =SUM(V41) -> 79645 | DG41: =SUM(M41) -> 11572 | DP41: =SUM(S41) -> 83226 | DY41: =SUM(P41) -> 12205 | EH41: =SUM(Y41) -> 19024 | EQ41: =SUM(AB41) -> 12428 | EZ41: =SUM(AE41) -> 1388 | FP41: =SUM(AW41) -> 8649 | FY41: =SUM(AU41) -> 67665 | GH41: =SUM(AY41) -> 57297 | GN41: =SUM(BA41) -> 2455
B42: 44431 | C42: =SUM(Essbase!J237:J243) -> 1686 | D42: 6627 | E42: 1.75 | F42: 40000 | G42: 4555 | H42: 1.993 | I42: 46240 | J42: 11755 | K42: 1.8 | L42: 9600 | M42: 11596 | N42: 1.69 | O42: 9600 | P42: 12228 | Q42: 1.77 | R42: 9200 | S42: 83499 | T42: 2.09 | U42: 81900 | V42: 79919 | W42: 1.903 | X42: 82200 | Y42: 19058 | Z42: 2.11 | AA42: 5440 | AB42: 12445 | AC42: 1.24 | AD42: 2720 | AE42: 1661 | AF42: 1.98 | AG42: 54600 | AH42: 18691 | AI42: 0.286 | AJ42: 1520 | AK42: 86287 | AL42: 500 | AM42: =SUM(AK42-AK41) -> 500 | AO42: =SUM(AG42+AD42+AA42+X42+U42+R42+O42+L42+I42+F42+AJ42+AM42) -> 343520 | AP42: =SUM(AG42+AJ42) -> 56120 | AQ42: =SUM(AP42/AO42) -> 0.16336749 | AT42: =B42 -> 44431 | AU42: 67875 | AV42: 21000 | AW42: 8674 | AX42: 2500 | AY42: 58336 | AZ42: 1039 | BA42: 2539 | BB42: 3360 | BD42: =SUM(AV42+AX42,AZ42,BB42) -> 27899 | BJ42: =SUM(AK42) -> 86287 | BN42: =SUM(G42) -> 4555 | BW42: =SUM(D42) -> 6627 | CF42: =SUM(S42) -> 83499 | CO42: =SUM(AH42) -> 18691 | CX42: =SUM(V42) -> 79919 | DG42: =SUM(M42) -> 11596 | DP42: =SUM(S42) -> 83499 | DY42: =SUM(P42) -> 12228 | EH42: =SUM(Y42) -> 19058 | EQ42: =SUM(AB42) -> 12445 | EZ42: =SUM(AE42) -> 1661 | FP42: =SUM(AW42) -> 8674 | FY42: =SUM(AU42) -> 67875 | GH42: =SUM(AY42) -> 58336 | GN42: =SUM(BA42) -> 2539
B43: 44439 | C43: =SUM(Essbase!J244:J251) -> 1229 | D43: 6867 | E43: 1.818 | F43: =SUM(D43-D42)*160 -> 38400 | G43: 4824 | H43: 2.004 | I43: =SUM(G43-G42)*160 -> 43040 | J43: 11778 | K43: 1.9 | L43: =SUM(J43-J42)*400 -> 9200 | M43: 11620 | N43: 2.05 | O43: =SUM(M43-M42)*400 -> 9600 | P43: 12250 | Q43: 1.77 | R43: =SUM(P43-P42)*400 -> 8800 | S43: 83746 | T43: 2.291 | U43: =SUM(S43-S42)*300 -> 74100 | V43: 80177 | W43: 2.083 | X43: =SUM(V43-V42)*300 -> 77400 | Y43: 19091 | Z43: 2.86 | AA43: =SUM(Y43-Y42)*160 -> 5280 | AB43: 12463 | AC43: 1.84 | AD43: =SUM(AB43-AB42)*160 -> 2880 | AE43: 1926 | AF43: 2.086 | AG43: =SUM(AE43-AE42)*200 -> 53000 | AH43: 18730 | AI43: 0.308 | AJ43: =SUM(AH43-AH42)*40 -> 1560 | AK43: 86757 | AL43: =SUM(AK43-AK42) -> 470 | AM43: =SUM(AK43-AK42) -> 470 | AO43: =SUM(AG43+AD43+AA43+X43+U43+R43+O43+L43+I43+F43+AJ43+AM43) -> 323730 | AP43: =SUM(AG43+AJ43) -> 54560 | AQ43: =SUM(AP43/AO43) -> 0.16853551 | AR43: =SUM(AO39:AO43) -> 1356742 | AT43: =B43 -> 44439 | AU43: 68030 | AV43: =SUM(AU43-AU42)*100 -> 15500 | AW43: 8692 | AX43: =SUM(AW43-AW42)*100 -> 1800 | AY43: 59120 | AZ43: =SUM(AY43-AY42) -> 784 | BA43: 2566 | BB43: =SUM(BA43-BA42)*40 -> 1080 | BD43: =SUM(AV43+AX43,AZ43,BB43) -> 19164 | BE43: =SUM(BC39:BD43) -> 88963 | BF43: =SUM(AR43+BE43) -> 1445705 | BJ43: =SUM(AK43) -> 86757 | BN43: =SUM(G43) -> 4824 | BW43: =SUM(D43) -> 6867 | CF43: =SUM(S43) -> 83746 | CO43: =SUM(AH43) -> 18730 | CX43: =SUM(V43) -> 80177 | DG43: =SUM(M43) -> 11620 | DP43: =SUM(S43) -> 83746 | DY43: =SUM(P43) -> 12250 | EH43: =SUM(Y43) -> 19091 | EQ43: =SUM(AB43) -> 12463 | EZ43: =SUM(AE43) -> 1926 | FP43: =SUM(AW43) -> 8692 | FY43: =SUM(AU43) -> 68030 | GH43: =SUM(AY43) -> 59120 | GN43: =SUM(BA43) -> 2566
B44: 44445 | C44: =SUM(Essbase!J252:J258) -> 1673 | D44: 6954 | E44: 1.914 | F44: =SUM(D44-D42)*160 -> 52320 | G44: 5099 | H44: 2.068 | I44: =SUM(G44-G42)*160 -> 87040 | J44: 11801 | K44: 1.99 | L44: =SUM(J44-J42)*400 -> 18400 | M44: 11644 | N44: 2.05 | O44: =SUM(M44-M42)*400 -> 19200 | P44: 12274 | Q44: 2.14 | R44: =SUM(P44-P42)*400 -> 18400 | S44: 83992 | T44: 2.358 | U44: =SUM(S44-S42)*300 -> 147900 | V44: 80434 | W44: 2.083 | X44: =SUM(V44-V42)*300 -> 154500 | Y44: 19125 | Z44: 2.98 | AA44: =SUM(Y44-Y42)*160 -> 10720 | AB44: 12481 | AC44: 1.84 | AD44: =SUM(AB44-AB42)*160 -> 5760 | AE44: 2192 | AF44: 2.086 | AG44: =SUM(AE44-AE42)*200 -> 106200 | AH44: 18768 | AI44: 0.308 | AJ44: =SUM(AH44-AH42)*40 -> 3080 | AK44: 87257 | AL44: =SUM(AK44-AK42) -> 970 | AM44: =SUM(AK44-AK43) -> 500 | AO44: =SUM(AG44+AD44+AA44+X44+U44+R44+O44+L44+I44+F44+AJ44+AM44) -> 624020 | AP44: =SUM(AG44+AJ44) -> 109280 | AQ44: =SUM(AP44/AO44) -> 0.17512259 | AT44: =B44 -> 44445 | AU44: 68200 | AV44: =SUM(AT44-AT42)*100 -> 1400 | AW44: 8712 | AX44: =SUM(AW44-AW42)*100 -> 3800 | AY44: 60022 | AZ44: =SUM(AY44-AY42) -> 1686 | BA44: 2631 | BB44: =SUM(BA44-BA42)*40 -> 3680 | BD44: =SUM(AV44+AX44,AZ44,BB44) -> 10566 | BJ44: =SUM(AK44) -> 87257 | BN44: =SUM(G44) -> 5099 | BW44: =SUM(D44) -> 6954 | CF44: =SUM(S44) -> 83992 | CO44: =SUM(AH44) -> 18768 | CX44: =SUM(V44) -> 80434 | DG44: =SUM(M44) -> 11644 | DP44: =SUM(S44) -> 83992 | DY44: =SUM(P44) -> 12274 | EH44: =SUM(Y44) -> 19125 | EQ44: =SUM(AB44) -> 12481 | EZ44: =SUM(AE44) -> 2192 | FP44: =SUM(AW44) -> 8712 | FY44: =SUM(AU44) -> 68200 | GH44: =SUM(AY44) -> 60022 | GN44: =SUM(BA44) -> 2631
B45: =B44+7 -> 44452 | C45: =SUM(Essbase!J259:J265) -> 1269 | D45: 7359 | E45: 1.914 | F45: 64800 | G45: 5374 | H45: 2.068 | I45: 44000 | J45: 11824 | K45: 1.99 | L45: 9200 | M45: 11667 | N45: 2.05 | O45: 9200 | P45: 12295 | Q45: 2.14 | R45: 8400 | S45: 84243 | T45: 2.38 | U45: 75300 | V45: 80681 | W45: 2.083 | X45: 74100 | Y45: 19161 | Z45: 3.25 | AA45: 5760 | AB45: 12500 | AC45: 1.86 | AD45: 3040 | AE45: 2459 | AF45: 2.086 | AG45: 53400 | AH45: 18806 | AI45: 0.308 | AJ45: 1520 | AK45: 87761 | AL45: 504 | AM45: =SUM(AK45-AK44) -> 504 | AO45: =SUM(AG45+AD45+AA45+X45+U45+R45+O45+L45+I45+F45+AJ45+AM45) -> 349224 | AP45: =SUM(AG45+AJ45) -> 54920 | AQ45: =SUM(AP45/AO45) -> 0.15726296 | AT45: =AT44+7 -> 44452 | AU45: 68377 | AV45: 17700 | AW45: 8733 | AX45: 2100 | AY45: 60972 | AZ45: 950 | BA45: 2667 | BB45: 1440 | BD45: =SUM(AV45+AX45,AZ45,BB45) -> 22190 | BW45: =SUM(D45) -> 7359
B46: =B45+7 -> 44459 | C46: =SUM(Essbase!J266:J271) -> 1100 | D46: 7600 | E46: 1.914 | F46: =SUM(D46-D45)*160 -> 38560 | G46: 5654 | H46: 2.121 | I46: =SUM(G46-G45)*160 -> 44800 | J46: 11849 | K46: 2.36 | L46: =SUM(J46-J45)*400 -> 10000 | M46: 11691 | N46: 2.05 | O46: =SUM(M46-M45)*400 -> 9600 | P46: 12319 | Q46: 2.14 | R46: =SUM(P46-P45)*400 -> 9600 | S46: 84499 | T46: 2.458 | U46: =SUM(S46-S45)*300 -> 76800 | V46: 80944 | W46: 2.267 | X46: =SUM(V46-V45)*300 -> 78900 | Y46: 19199 | Z46: 3.27 | AA46: =SUM(Y46-Y45)*160 -> 6080 | AB46: 12521 | AC46: 2.67 | AD46: =SUM(AB46-AB45)*160 -> 3360 | AE46: 2730 | AF46: 2.086 | AG46: =SUM(AE46-AE45)*200 -> 54200 | AH46: 18845 | AI46: 0.308 | AJ46: =SUM(AH46-AH45)*40 -> 1560 | AK46: 88296 | AL46: =SUM(AK46-AK45) -> 535 | AM46: =SUM(AK46-AK45) -> 535 | AO46: =SUM(AG46+AD46+AA46+X46+U46+R46+O46+L46+I46+F46+AJ46+AM46) -> 333995 | AP46: =SUM(AG46+AJ46) -> 55760 | AQ46: =SUM(AP46/AO46) -> 0.16694861 | AT46: =AT45+7 -> 44459 | AU46: 68551 | AV46: =SUM(AU46-AU45)*100 -> 17400 | AW46: 8757 | AX46: =SUM(AW46-AW45)*100 -> 2400 | AY46: 61996 | AZ46: =SUM(AY46-AY45) -> 1024 | BA46: 2702 | BB46: =SUM(BA46-BA45)*40 -> 1400 | BD46: =SUM(AV46+AX46,AZ46,BB46) -> 22224
B47: =B46+7 -> 44466 | C47: =SUM(Essbase!J272:J278) -> 1715 | D47: 7845 | E47: 1.902 | F47: 39200 | G47: 5941 | H47: 2.098 | I47: 45920 | J47: 11876 | K47: 2.13 | L47: 10800 | M47: 11716 | N47: 1.89 | O47: 10000 | P47: 12343 | Q47: 1.97 | R47: 9600 | S47: 84757 | T47: 2.33 | U47: 77400 | V47: 81187 | W47: 2.086 | X47: 72900 | Y47: 19236 | Z47: 3.05 | AA47: 5920 | AB47: 12546 | AC47: 2.86 | AD47: 4000 | AE47: 2977 | AF47: 1.952 | AG47: 49400 | AH47: 18886 | AI47: 0.333 | AJ47: 1640 | AK47: 88823 | AL47: 527 | AM47: =SUM(AK47-AK46) -> 527 | AO47: =SUM(AG47+AD47+AA47+X47+U47+R47+O47+L47+I47+F47+AJ47+AM47) -> 327307 | AP47: =SUM(AG47+AJ47) -> 51040 | AQ47: =SUM(AP47/AO47) -> 0.15593923 | AT47: =AT46+7 -> 44466 | AU47: 68695 | AV47: 14400 | AW47: 8776 | AX47: 1900 | AY47: 62667 | AZ47: 671 | BA47: 2803 | BB47: 4040 | BD47: =SUM(AV47+AX47,AZ47,BB47) -> 21011
B48: 44470 | C48: =SUM(Essbase!J279:J282) -> 1027 | D48: 7984 | E48: 1.902 | F48: 22240 | G48: 6099 | H48: 2.098 | I48: 25280 | J48: 11888 | K48: 2.13 | L48: 4800 | M48: 11728 | N48: 1.89 | O48: 4800 | P48: 12355 | Q48: 1.97 | R48: 4800 | S48: 84860 | T48: 2.33 | U48: 30900 | V48: 81306 | W48: 2.086 | X48: 35700 | Y48: 19256 | Z48: 3.05 | AA48: 3200 | AB48: 12558 | AC48: 2.86 | AD48: 1920 | AE48: 3135 | AF48: 2.062 | AG48: 31600 | AH48: 18909 | AI48: 0.333 | AJ48: 920 | AK48: 89127 | AL48: 304 | AM48: =SUM(AK48-AK47) -> 304 | AO48: =SUM(AG48+AD48+AA48+X48+U48+R48+O48+L48+I48+F48+AJ48+AM48) -> 166464 | AP48: =SUM(AG48+AJ48) -> 32520 | AQ48: =SUM(AP48/AO48) -> 0.19535755 | AR48: =SUM(AO44:AO48) -> 1801010 | AT48: 44470 | AU48: 68765 | AV48: 7000 | AW48: 8786 | AX48: 1000 | AY48: 62978 | AZ48: 311 | BA48: 2835 | BB48: 1280 | BD48: =SUM(AV48+AX48,AZ48,BB48) -> 9591 | BE48: =SUM(BC44:BD48) -> 85582 | BF48: =SUM(AR48+BE48) -> 1886592
B49: 44473 | C49: =SUM(Essbase!J283:J285) -> 900 | D49: 8091 | E49: 1.902 | F49: 17120 | G49: 6221 | H49: 2.135 | I49: 19520 | J49: 11898 | K49: 2.13 | L49: 4000 | M49: 11738 | N49: 1.89 | O49: 4000 | P49: 12366 | Q49: 1.97 | R49: 4400 | S49: 84953 | T49: 2.33 | U49: 27900 | V49: 81420 | W49: 2.086 | X49: 34200 | Y49: 19272 | Z49: 3.15 | AA49: 2560 | AB49: 12569 | AC49: 2.86 | AD49: 1760 | AE49: 3255 | AF49: 2.122 | AG49: 24000 | AH49: 18926 | AI49: 0.333 | AJ49: 680 | AK49: 89354 | AL49: 227 | AM49: =SUM(AK49-AK48) -> 227 | AO49: =SUM(AG49+AD49+AA49+X49+U49+R49+O49+L49+I49+F49+AJ49+AM49) -> 140367 | AP49: =SUM(AG49+AJ49) -> 24680 | AQ49: =SUM(AP49/AO49) -> 0.1758248 | AT49: 44473 | AU49: 68829 | AV49: 6400 | AW49: 8793 | AX49: 700 | AY49: 63241 | AZ49: 263 | BA49: 2881 | BB49: 1840 | BD49: =SUM(AV49+AX49,AZ49,BB49) -> 9203
B50: =B49+7 -> 44480 | C50: =SUM(Essbase!J286:J292) -> 1843 | D50: 8341 | E50: 1.902 | F50: =SUM(D50-D49)*160 -> 40000 | G50: 6508 | H50: 2.135 | I50: =SUM(G50-G49)*160 -> 45920 | J50: 11924 | K50: 2.32 | L50: =SUM(J50-J49)*400 -> 10400 | M50: 11762 | N50: 2.1 | O50: =SUM(M50-M49)*400 -> 9600 | P50: 12389 | Q50: 1.99 | R50: =SUM(P50-P49)*400 -> 9200 | S50: 85194 | T50: 2.33 | U50: =SUM(S50-S49)*300 -> 72300 | V50: 81676 | W50: 2.086 | X50: =SUM(V50-V49)*300 -> 76800 | Y50: 19308 | Z50: 3.71 | AA50: =SUM(Y50-Y49)*160 -> 5760 | AB50: 12591 | AC50: 2.86 | AD50: =SUM(AB50-AB49)*160 -> 3520 | AE50: 3532 | AF50: 2.155 | AG50: =SUM(AE50-AE49)*200 -> 55400 | AH50: 18967 | AI50: 0.333 | AJ50: =SUM(AH50-AH49)*40 -> 1640 | AK50: 89894 | AL50: =SUM(AK50-AK49) -> 540 | AM50: =SUM(AK50-AK49) -> 540 | AO50: =SUM(AG50+AD50+AA50+X50+U50+R50+O50+L50+I50+F50+AJ50+AM50) -> 331080 | AP50: =SUM(AG50+AJ50) -> 57040 | AQ50: =SUM(AP50/AO50) -> 0.17228464 | AT50: =AT49+7 -> 44480 | AU50: 68988 | AV50: =SUM(AU50-AU49)*100 -> 15900 | AW50: 8815 | AX50: =SUM(AW50-AW49)*100 -> 2200 | AY50: 63912 | AZ50: =SUM(AY50-AY49) -> 671 | BA50: 2948 | BB50: =SUM(BA50-BA49)*40 -> 2680 | BD50: =SUM(AV50+AX50,AZ50,BB50) -> 21451
B51: =B50+7 -> 44487 | C51: =SUM(Essbase!J293:J300) -> 2770 | D51: 8599 | E51: 1.902 | F51: =SUM(D51-D50)*160 -> 41280 | G51: 6800 | H51: 2.138 | I51: =SUM(G51-G50)*160 -> 46720 | J51: 11954 | K51: 2.36 | L51: =SUM(J51-J50)*400 -> 12000 | M51: 11789 | N51: 2.17 | O51: =SUM(M51-M50)*400 -> 10800 | P51: 12415 | Q51: 2.11 | R51: =SUM(P51-P50)*400 -> 10400 | S51: 85466 | T51: 2.424 | U51: =SUM(S51-S50)*300 -> 81600 | V51: 81931 | W51: 2.086 | X51: =SUM(V51-V50)*300 -> 76500 | Y51: 19357 | Z51: 4.66 | AA51: =SUM(Y51-Y50)*160 -> 7840 | AB51: 12619 | AC51: 2.86 | AD51: =SUM(AB51-AB50)*160 -> 4480 | AE51: 3809 | AF51: 2.155 | AG51: =SUM(AE51-AE50)*200 -> 55400 | AH51: 19006 | AI51: 0.333 | AJ51: =SUM(AH51-AH50)*40 -> 1560 | AK51: 90439 | AL51: =SUM(AK51-AK50) -> 545 | AM51: =SUM(AK51-AK50) -> 545 | AO51: =SUM(AG51+AD51+AA51+X51+U51+R51+O51+L51+I51+F51+AJ51+AM51) -> 349125 | AP51: =SUM(AG51+AJ51) -> 56960 | AQ51: =SUM(AP51/AO51) -> 0.16315073 | AT51: =AT50+7 -> 44487 | AU51: 69139 | AV51: =SUM(AU51-AU50)*100 -> 15100 | AW51: 8833 | AX51: =SUM(AW51-AW50)*100 -> 1800 | AY51: 64543 | AZ51: =SUM(AY51-AY50) -> 631 | BA51: 3040 | BB51: =SUM(BA51-BA50)*40 -> 3680 | BD51: =SUM(AV51+AX51,AZ51,BB51) -> 21211
B52: =B51+7 -> 44494 | C52: =SUM(Essbase!J300:J306) -> 1981 | D52: 8851 | E52: 1.88 | F52: =SUM(D52-D51)*160 -> 40320 | G52: 7091 | H52: 2.08 | I52: =SUM(G52-G51)*160 -> 46560 | J52: 11979 | K52: 2 | L52: =SUM(J52-J51)*400 -> 10000 | M52: 11813 | N52: 1.88 | O52: =SUM(M52-M51)*400 -> 9600 | P52: 12441 | Q52: 1.93 | R52: =SUM(P52-P51)*400 -> 10400 | S52: 85728 | T52: 2.817 | U52: =SUM(S52-S51)*300 -> 78600 | V52: 82094 | W52: 1.151 | X52: =SUM(V52-V51)*300 -> 48900 | Y52: 19394 | Z52: 2.85 | AA52: =SUM(Y52-Y51)*160 -> 5920 | AB52: 12645 | AC52: 2.82 | AD52: =SUM(AB52-AB51)*160 -> 4160 | AE52: 4086 | AF52: 2.018 | AG52: =SUM(AE52-AE51)*200 -> 55400 | AH52: 19046 | AI52: 0.304 | AJ52: =SUM(AH52-AH51)*40 -> 1600 | AK52: 91001 | AL52: =SUM(AK52-AK51) -> 562 | AM52: =SUM(AK52-AK51) -> 562 | AO52: =SUM(AG52+AD52+AA52+X52+U52+R52+O52+L52+I52+F52+AJ52+AM52) -> 312022 | AP52: =SUM(AG52+AJ52) -> 57000 | AQ52: =SUM(AP52/AO52) -> 0.18267943 | AT52: =AT51+7 -> 44494 | AU52: 69302 | AV52: =SUM(AU52-AU51)*100 -> 16300 | AW52: 8853 | AX52: =SUM(AW52-AW51)*100 -> 2000 | AY52: 65290 | AZ52: =SUM(AY52-AY51) -> 747 | BA52: 3101 | BB52: =SUM(BA52-BA51)*40 -> 2440 | BD52: =SUM(AV52+AX52,AZ52,BB52) -> 21487
B53: 44501 | C53: =SUM(Essbase!J307:J313) -> 1755 | D53: 9104 | E53: 1.942 | F53: =SUM(D53-D52)*160 -> 40480 | G53: 7389 | H53: 2.385 | I53: =SUM(G53-G52)*160 -> 47680 | J53: 12007 | K53: 2.35 | L53: =SUM(J53-J52)*400 -> 11200 | M53: 11838 | N53: 2.12 | O53: =SUM(M53-M52)*400 -> 10000 | P53: 12467 | Q53: 2.38 | R53: =SUM(P53-P52)*400 -> 10400 | S53: 85893 | T53: 2.877 | U53: =SUM(S53-S52)*300 -> 49500 | V53: 82372 | W53: 2.182 | X53: =SUM(V53-V52)*300 -> 83400 | Y53: 19437 | Z53: 3.65 | AA53: =SUM(Y53-Y52)*160 -> 6880 | AB53: 12647 | AC53: 3.04 | AD53: =SUM(AB53-AB52)*160 -> 320 | AE53: 4348 | AF53: 2.918 | AG53: =SUM(AE53-AE52)*200 -> 52400 | AH53: 19084 | AI53: 0.314 | AJ53: =SUM(AH53-AH52)*40 -> 1520 | AK53: 91599 | AL53: =SUM(AK53-AK52) -> 598 | AM53: =SUM(AK53-AK52) -> 598 | AO53: =SUM(AG53+AD53+AA53+X53+U53+R53+O53+L53+I53+F53+AJ53+AM53) -> 314378 | AP53: =SUM(AG53+AJ53) -> 53920 | AQ53: =SUM(AP53/AO53) -> 0.17151327 | AT53: 44501 | AU53: 69398 | AV53: =SUM(AU53-AU52)*100 -> 9600 | AW53: 8866 | AX53: =SUM(AW53-AW52)*100 -> 1300 | AY53: 65753 | AZ53: =SUM(AY53-AY52) -> 463 | BA53: 3116 | BB53: =SUM(BA53-BA52)*40 -> 600 | BD53: =SUM(AV53+AX53,AZ53,BB53) -> 11963
B54: 44508 | C54: =SUM(Essbase!J314:J320) -> 1548 | D54: 9364 | E54: 1.942 | F54: =SUM(D54-D53)*160 -> 41600 | G54: 7694 | H54: 2.385 | I54: =SUM(G54-G53)*160 -> 48800 | J54: 12040 | K54: 3.06 | L54: =SUM(J54-J53)*400 -> 13200 | M54: 11867 | N54: 2.24 | O54: =SUM(M54-M53)*400 -> 11600 | P54: 12496 | Q54: 2.74 | R54: =SUM(P54-P53)*400 -> 11600 | S54: 86045 | T54: 2.877 | U54: =SUM(S54-S53)*300 -> 45600 | V54: 82523 | W54: 2.182 | X54: =SUM(V54-V53)*300 -> 45300 | Y54: 19481 | Z54: 3.86 | AA54: =SUM(Y54-Y53)*160 -> 7040 | AB54: 12703 | AC54: 3.2 | AD54: =SUM(AB54-AB53)*160 -> 8960 | AE54: 4624 | AF54: 2.158 | AG54: =SUM(AE54-AE53)*200 -> 55200 | AH54: 19124 | AI54: 0.324 | AJ54: =SUM(AH54-AH53)*40 -> 1600 | AK54: 92192 | AL54: =SUM(AK54-AK53) -> 593 | AM54: =SUM(AK54-AK53) -> 593 | AO54: =SUM(AG54+AD54+AA54+X54+U54+R54+O54+L54+I54+F54+AJ54+AM54) -> 291093 | AP54: =SUM(AG54+AJ54) -> 56800 | AQ54: =SUM(AP54/AO54) -> 0.19512664 | AT54: 44508 | AU54: 69549 | AV54: =SUM(AU54-AU53)*100 -> 15100 | AW54: 8884 | AX54: =SUM(AW54-AW53)*100 -> 1800 | AY54: 66716 | AZ54: =SUM(AY54-AY53) -> 963 | BA54: 3193 | BB54: =SUM(BA54-BA53)*40 -> 3080 | BD54: =SUM(AV54+AX54,AZ54,BB54) -> 20943
B55: =B54+7 -> 44515 | C55: =SUM(Essbase!J321:J327) -> 1935 | D55: 9619 | E55: 1.942 | F55: =SUM(D55-D54)*160 -> 40800 | G55: 7998 | H55: 2.385 | I55: =SUM(G55-G54)*160 -> 48640 | J55: 12070 | K55: 3.06 | L55: =SUM(J55-J54)*400 -> 12000 | M55: 11893 | N55: 2.24 | O55: =SUM(M55-M54)*400 -> 10400 | P55: 12524 | Q55: 2.9 | R55: =SUM(P55-P54)*400 -> 11200 | S55: 86199 | T55: 2.877 | U55: =SUM(S55-S54)*300 -> 46200 | V55: 82685 | W55: 2.182 | X55: =SUM(V55-V54)*300 -> 48600 | Y55: 19516 | Z55: 3.86 | AA55: =SUM(Y55-Y54)*160 -> 5600 | AB55: 12728 | AC55: 3.2 | AD55: =SUM(AB55-AB54)*160 -> 4000 | AE55: 4867 | AF55: 2.158 | AG55: =SUM(AE55-AE54)*200 -> 48600 | AH55: 19163 | AI55: 0.324 | AJ55: =SUM(AH55-AH54)*40 -> 1560 | AK55: 92814 | AL55: =SUM(AK55-AK54) -> 622 | AM55: =SUM(AK55-AK54) -> 622 | AO55: =SUM(AG55+AD55+AA55+X55+U55+R55+O55+L55+I55+F55+AJ55+AM55) -> 278222 | AP55: =SUM(AG55+AJ55) -> 50160 | AQ55: =SUM(AP55/AO55) -> 0.18028768 | AT55: =AT54+7 -> 44515 | AU55: 69674 | AV55: =SUM(AU55-AU54)*100 -> 12500 | AW55: 8901 | AX55: =SUM(AW55-AW54)*100 -> 1700 | AY55: 67496 | AZ55: =SUM(AY55-AY54) -> 780 | BA55: 3256 | BB55: =SUM(BA55-BA54)*40 -> 2520 | BD55: =SUM(AV55+AX55,AZ55,BB55) -> 17500
B56: =B55+7 -> 44522 | C56: =SUM(Essbase!J328:J334) -> 1831 | D56: 9883 | E56: 1.553 | F56: =SUM(D56-D55)*160 -> 42240 | G56: 8311 | H56: 1.827 | I56: =SUM(G56-G55)*160 -> 50080 | J56: 12102 | K56: 1.74 | L56: =SUM(J56-J55)*400 -> 12800 | M56: 11922 | N56: 1.65 | O56: =SUM(M56-M55)*400 -> 11600 | P56: 12554 | Q56: 1.56 | R56: =SUM(P56-P55)*400 -> 12000 | S56: 86360 | T56: 1.104 | U56: =SUM(S56-S55)*300 -> 48300 | V56: 82872 | W56: 1.203 | X56: =SUM(V56-V55)*300 -> 56100 | Y56: 19553 | Z56: 1.85 | AA56: =SUM(Y56-Y55)*160 -> 5920 | AB56: 12752 | AC56: 1.01 | AD56: =SUM(AB56-AB55)*160 -> 3840 | AE56: 5121 | AF56: 1.185 | AG56: =SUM(AE56-AE55)*200 -> 50800 | AH56: 19204 | AI56: 0.281 | AJ56: =SUM(AH56-AH55)*40 -> 1640 | AK56: 93428 | AL56: =SUM(AK56-AK55) -> 614 | AM56: =SUM(AK56-AK55) -> 614 | AO56: =SUM(AG56+AD56+AA56+X56+U56+R56+O56+L56+I56+F56+AJ56+AM56) -> 295934 | AP56: =SUM(AG56+AJ56) -> 52440 | AQ56: =SUM(AP56/AO56) -> 0.17720167 | AT56: =AT55+7 -> 44522 | AU56: 69805 | AV56: =SUM(AU56-AU55)*100 -> 13100 | AW56: 8916 | AX56: =SUM(AW56-AW55)*100 -> 1500 | AY56: 68233 | AZ56: =SUM(AY56-AY55) -> 737 | BA56: 3281 | BB56: =SUM(BA56-BA55)*40 -> 1000 | BD56: =SUM(AV56+AX56,AZ56,BB56) -> 16337
B57: =B56+7 -> 44529 | C57: =SUM(Essbase!J335:J341) -> 1952 | D57: 10141 | E57: 1.978 | F57: =SUM(D57-D56)*160 -> 41280 | G57: 8627 | H57: 2.39 | I57: =SUM(G57-G56)*160 -> 50560 | J57: 12135 | K57: 3.07 | L57: =SUM(J57-J56)*400 -> 13200 | M57: 11953 | N57: 2.78 | O57: =SUM(M57-M56)*400 -> 12400 | P57: 12585 | Q57: 2.96 | R57: =SUM(P57-P56)*400 -> 12400 | S57: 86473 | T57: 1.377 | U57: =SUM(S57-S56)*300 -> 33900 | V57: 82968 | W57: 1.433 | X57: =SUM(V57-V56)*300 -> 28800 | Y57: 19584 | Z57: 2.59 | AA57: =SUM(Y57-Y56)*160 -> 4960 | AB57: 12771 | AC57: 1.89 | AD57: =SUM(AB57-AB56)*160 -> 3040 | AE57: 5377 | AF57: 2.252 | AG57: =SUM(AE57-AE56)*200 -> 51200 | AH57: 19242 | AI57: 0.315 | AJ57: =SUM(AH57-AH56)*40 -> 1520 | AK57: 94039 | AL57: =SUM(AK57-AK56) -> 611 | AM57: =SUM(AK57-AK56) -> 611 | AO57: =SUM(AG57+AD57+AA57+X57+U57+R57+O57+L57+I57+F57+AJ57+AM57) -> 253871 | AP57: =SUM(AG57+AJ57) -> 52720 | AQ57: =SUM(AP57/AO57) -> 0.20766452 | AT57: =AT56+7 -> 44529 | AU57: 69924 | AV57: =SUM(AU57-AU56)*100 -> 11900 | AW57: 8931 | AX57: =SUM(AW57-AW56)*100 -> 1500 | AY57: 68983 | AZ57: =SUM(AY57-AY56) -> 750 | BA57: 3325 | BB57: =SUM(BA57-BA56)*40 -> 1760 | BD57: =SUM(AV57+AX57,AZ57,BB57) -> 15910
B58: =B57+7 -> 44536 | C58: =SUM(Essbase!J341:J342) -> 371 | D58: 10215 | E58: 1.978 | F58: =SUM(D58-D57)*160 -> 11840 | G58: 8716 | H58: 2.39 | I58: =SUM(G58-G57)*160 -> 14240 | J58: 12144 | K58: 3.07 | L58: =SUM(J58-J57)*400 -> 3600 | M58: 11961 | N58: 2.78 | O58: =SUM(M58-M57)*400 -> 3200 | P58: 12594 | Q58: 2.96 | R58: =SUM(P58-P57)*400 -> 3600 | S58: 86503 | T58: 1.377 | U58: =SUM(S58-S57)*300 -> 9000 | V58: 82992 | W58: 1.433 | X58: =SUM(V58-V57)*300 -> 7200 | Y58: 19594 | Z58: 2.65 | AA58: =SUM(Y58-Y57)*160 -> 1600 | AB58: 12776 | AC58: 1.89 | AD58: =SUM(AB58-AB57)*160 -> 800 | AE58: 5452 | AF58: 2.252 | AG58: =SUM(AE58-AE57)*200 -> 15000 | AH58: 19254 | AI58: 0.315 | AJ58: =SUM(AH58-AH57)*40 -> 480 | AK58: 94100 | AL58: =SUM(AK58-AK57) -> 61 | AM58: =SUM(AK58-AK57) -> 61 | AO58: =SUM(AG58+AD58+AA58+X58+U58+R58+O58+L58+I58+F58+AJ58+AM58) -> 70621 | AP58: =SUM(AG58+AJ58) -> 15480 | AQ58: =SUM(AP58/AO58) -> 0.21919826 | AT58: =AT57+7 -> 44536 | AU58: 69971 | AV58: =SUM(AU58-AU57)*100 -> 4700 | AW58: 8938 | AX58: =SUM(AW58-AW57)*100 -> 700 | AY58: 69311 | AZ58: =SUM(AY58-AY57) -> 328 | BA58: 3349 | BB58: =SUM(BA58-BA57)*40 -> 960 | BD58: =SUM(AV58+AX58,AZ58,BB58) -> 6688
B59: 44531 | C59: =SUM(Essbase!J343:J348) -> 1157 | D59: 10399 | E59: 1.978 | F59: =SUM(D59-D58)*160 -> 29440 | G59: 8938 | H59: 2.39 | I59: =SUM(G59-G58)*160 -> 35520 | J59: 12166 | K59: 3.07 | L59: =SUM(J59-J58)*400 -> 8800 | M59: 11983 | N59: 2.78 | O59: =SUM(M59-M58)*400 -> 8800 | P59: 12614 | Q59: 2.96 | R59: =SUM(P59-P58)*400 -> 8000 | S59: 86607 | T59: 1.785 | U59: =SUM(S59-S58)*300 -> 31200 | V59: 83078 | W59: 1.641 | X59: =SUM(V59-V58)*300 -> 25800 | Y59: 19622 | Z59: 3.24 | AA59: =SUM(Y59-Y58)*160 -> 4480 | AB59: 12795 | AC59: 2.74 | AD59: =SUM(AB59-AB58)*160 -> 3040 | AE59: 5633 | AF59: 2.252 | AG59: =SUM(AE59-AE58)*200 -> 36200 | AH59: 19281 | AI59: 0.315 | AJ59: =SUM(AH59-AH58)*40 -> 1080 | AK59: 94624 | AL59: =SUM(AK59-AK58) -> 524 | AM59: =SUM(AK59-AK58) -> 524 | AO59: =SUM(AG59+AD59+AA59+X59+U59+R59+O59+L59+I59+F59+AJ59+AM59) -> 192884 | AP59: =SUM(AG59+AJ59) -> 37280 | AQ59: =SUM(AP59/AO59) -> 0.19327679 | AT59: 44531 | AU59: 70042 | AV59: =SUM(AU59-AU58)*100 -> 7100 | AW59: 8947 | AX59: =SUM(AW59-AW58)*100 -> 900 | AY59: 69763 | AZ59: =SUM(AY59-AY58) -> 452 | BA59: 3380 | BB59: =SUM(BA59-BA58)*40 -> 1240 | BD59: =SUM(AV59+AX59,AZ59,BB59) -> 9692
B60: 44537 | C60: =SUM(Essbase!J349:J355) -> 1689 | D60: 10656 | E60: 1.978 | F60: =SUM(D60-D59)*160 -> 41120 | G60: 9241 | H60: 2.39 | I60: =SUM(G60-G59)*160 -> 48480 | J60: 12196 | K60: 3.07 | L60: =SUM(J60-J59)*400 -> 12000 | M60: 12014 | N60: 2.78 | O60: =SUM(M60-M59)*400 -> 12400 | P60: 12641 | Q60: 2.96 | R60: =SUM(P60-P59)*400 -> 10800 | S60: 86769 | T60: 1.785 | U60: =SUM(S60-S59)*300 -> 48600 | V60: 83311 | W60: 1.938 | X60: =SUM(V60-V59)*300 -> 69900 | Y60: 19662 | Z60: 3.31 | AA60: =SUM(Y60-Y59)*160 -> 6400 | AB60: 12823 | AC60: 2.83 | AD60: =SUM(AB60-AB59)*160 -> 4480 | AE60: 5875 | AF60: 2.252 | AG60: =SUM(AE60-AE59)*200 -> 48400 | AH60: 19320 | AI60: 0.315 | AJ60: =SUM(AH60-AH59)*40 -> 1560 | AK60: 95232 | AL60: =SUM(AK60-AK59) -> 608 | AM60: =SUM(AK60-AK59) -> 608 | AO60: =SUM(AG60+AD60+AA60+X60+U60+R60+O60+L60+I60+F60+AJ60+AM60) -> 304748 | AP60: =SUM(AG60+AJ60) -> 49960 | AQ60: =SUM(AP60/AO60) -> 0.16393873 | AT60: 44537 | AU60: 70185 | AV60: =SUM(AU60-AU59)*100 -> 14300 | AW60: 8963 | AX60: =SUM(AW60-AW59)*100 -> 1600 | AY60: 70522 | AZ60: =SUM(AY60-AY59) -> 759 | BA60: 3441 | BB60: =SUM(BA60-BA59)*40 -> 2440 | BD60: =SUM(AV60+AX60,AZ60,BB60) -> 19099
B61: =B60+7 -> 44544 | C61: =SUM(Essbase!J356:J362) -> 1425 | D61: 10913 | E61: 1.978 | F61: =SUM(D61-D60)*160 -> 41120 | G61: 9538 | H61: 2.39 | I61: =SUM(G61-G60)*160 -> 47520 | J61: 12228 | K61: 3.07 | L61: =SUM(J61-J60)*400 -> 12800 | M61: 12043 | N61: 2.78 | O61: =SUM(M61-M60)*400 -> 11600 | P61: 12670 | Q61: 2.96 | R61: =SUM(P61-P60)*400 -> 11600 | S61: 86940 | T61: 1.834 | U61: =SUM(S61-S60)*300 -> 51300 | V61: 83566 | W61: 2.168 | X61: =SUM(V61-V60)*300 -> 76500 | Y61: 19702 | Z61: 3.76 | AA61: =SUM(Y61-Y60)*160 -> 6400 | AB61: 12849 | AC61: 3.07 | AD61: =SUM(AB61-AB60)*160 -> 4160 | AE61: 6128 | AF61: 2.252 | AG61: =SUM(AE61-AE60)*200 -> 50600 | AH61: 19359 | AI61: 0.315 | AJ61: =SUM(AH61-AH60)*40 -> 1560 | AK61: 95831 | AL61: =SUM(AK61-AK60) -> 599 | AM61: =SUM(AK61-AK60) -> 599 | AO61: =SUM(AG61+AD61+AA61+X61+U61+R61+O61+L61+I61+F61+AJ61+AM61) -> 315759 | AP61: =SUM(AG61+AJ61) -> 52160 | AQ61: =SUM(AP61/AO61) -> 0.16518927 | AT61: =AT60+7 -> 44544 | AU61: 70310 | AV61: =SUM(AU61-AU60)*100 -> 12500 | AW61: 8978 | AX61: =SUM(AW61-AW60)*100 -> 1500 | AY61: 71300 | AZ61: =SUM(AY61-AY60) -> 778 | BA61: 3471 | BB61: =SUM(BA61-BA60)*40 -> 1200 | BD61: =SUM(AV61+AX61,AZ61,BB61) -> 15978
B62: =B61+7 -> 44551 | C62: =SUM(Essbase!J363:J369) -> 1755 | D62: 11178 | E62: 1.878 | F62: =SUM(D62-D61)*160 -> 42400 | G62: 9863 | H62: 2.565 | I62: =SUM(G62-G61)*160 -> 52000 | J62: 12262 | K62: 3.65 | L62: =SUM(J62-J61)*400 -> 13600 | M62: 12076 | N62: 2.73 | O62: =SUM(M62-M61)*400 -> 13200 | P62: 12702 | Q62: 3.73 | R62: =SUM(P62-P61)*400 -> 12800 | S62: 87019 | T62: 1.364 | U62: =SUM(S62-S61)*300 -> 23700 | V62: 83733 | W62: 1.671 | X62: =SUM(V62-V61)*300 -> 50100 | Y62: 19735 | Z62: 2.71 | AA62: =SUM(Y62-Y61)*160 -> 5280 | AB62: 12870 | AC62: 1.87 | AD62: =SUM(AB62-AB61)*160 -> 3360 | AE62: 6404 | AF62: 2.166 | AG62: =SUM(AE62-AE61)*200 -> 55200 | AH62: 19397 | AI62: 0.294 | AJ62: =SUM(AH62-AH61)*40 -> 1520 | AK62: 96479 | AL62: =SUM(AK62-AK61) -> 648 | AM62: =SUM(AK62-AK61) -> 648 | AO62: =SUM(AG62+AD62+AA62+X62+U62+R62+O62+L62+I62+F62+AJ62+AM62) -> 273808 | AP62: =SUM(AG62+AJ62) -> 56720 | AQ62: =SUM(AP62/AO62) -> 0.20715246 | AT62: =AT61+7 -> 44551 | AU62: 70450 | AV62: =SUM(AU62-AU61)*100 -> 14000 | AW62: 8994 | AX62: =SUM(AW62-AW61)*100 -> 1600 | AY62: 72055 | AZ62: =SUM(AY62-AY61) -> 755 | BA62: 3503 | BB62: =SUM(BA62-BA61)*40 -> 1280 | BD62: =SUM(AV62+AX62,AZ62,BB62) -> 17635
B63: =B62+7 -> 44558 | C63: =SUM(Essbase!J370:J373) -> 1430 | AM63: =SUM(AK63-AK62) -> -96479 | AO63: =SUM(AG63+AD63+AA63+X63+U63+R63+O63+L63+I63+F63+AJ63+AM63) -> -96479 | AP63: =SUM(AG63+AJ63) -> 0 | AQ63: =SUM(AP63/AO63) -> 0 | AT63: =AT62+7 -> 44558 | BD63: =SUM(AV63+AX63,AZ63,BB63) -> 0
B64: 44562 | AM64: =SUM(AK64-AK63) -> 0 | AO64: =SUM(AG64+AD64+AA64+X64+U64+R64+O64+L64+I64+F64+AJ64+AM64) -> 0 | AP64: =SUM(AG64+AJ64) -> 0 | AQ64: =SUM(AP64/AO64) -> #DIV/0! | AT64: 44197 | BD64: =SUM(AV64+AX64,AZ64,BB64) -> 0

Sheet Wtr-Gas
B1: 2020 | C1: 74860172 | F1: 74860173 | I1: 44553004 | L1: 70275191 | O1: 2130521 | S1: 12C004186-C1 | V1: 93477704 | Y1: Total Gas Usage | AA1: 79177804 | AC1: 79305675 | AE1: 79190041 | AG1: 7919004D | AI1: 79190039 | AK1: 79324776 | AM1: 112014001775 | AO1: 112014001771 | AS1: 82SJ729151 | AV1: 73337589 - 1387142 | AX1: 65956268 | AZ1: Clubhouse | BA1: 1334021 | BC1: 63265094 | BE1: 67327447 / 80606729 | BI1: Resort Potable Water | BN1: Resort Reclaimed Water | BR1: Natural Gas Meter | BV1: Natural Gas Meter | BZ1: Total NG | CA1: Solid | CC1: Golf Maintenance Potable Water | CG1: Golf Maintenance | CI1: Golf Clubhouse Potable Water | CN1: Clubhouse Natural Gas Meter | CR1: Golf Comfort Stations Potable Water | CV1: Comfort Stations Sewer Total | CW1: Golf Irrigation Re-Use Water | DC1: Potable | DD1: Potable | DE1: Reuse | DF1: Sewer | DG1: Total | DI1: Gas | DJ1: Waste
B2: Date | C2: X10 | E2: Total | F2: x10 | H2: Total | L2: x1000 | O2: x100 | Q2: Total | S2: x100 | T2: cfm | V2: x100 | W2: cfm | AA2: Cooling Tower M/U (x10,000) | AC2: Cooling Tower B/D | AE2: Bldg E Potable (x10) | AG2: Bldg E Irrigation (x10) | AI2: Bldg J Irrigation | AK2: Lazy River Potable (X1000) | AM2: Bldg E - Pool Hyrdanic | AO2: Spa Jacuzzi M/U Water | AS2: 46801014 | AW2: Total | AX2: Deduct | AY2: Total | AZ2: Total | BB2: Total | BD2: Total | BF2: Total | BI2: Meter # - 74860172 / 2230186 | BN2: Meter # - 74860173 / 2230186 | BR2: Meter # - 12C004186 / 2230246 | BV2: Meter # - 12C004186 / 2230246 | BZ2: CCF | CA2: Waste | CC2: Meter # - 1334021 | CG2: Sewer Total | CH2: Solid Waste | CI2: Meter # - 73337589 | CM2: Sewer Total | CN2: Meter # - 82SJ729151 / 46801014 | CR2: Meter # - 63265094 | CW2: Meter # - 67327447 / 80606729 | DC2: Water | DD2: Water | DE2: Water | DF2: Total | DG2: Water | DI2: Total | DJ2: Total
C3: Main PW Feed | E3: Gallons | F3: Main RW Feed | H3: Gallons | I3: Fire Prot Water Feed | L3: Potable Water Bldg A | O3: Steam Boiler M/U | Q3: Gallons | S3: Main Gas Meter | V3: Main Gas Meter | AA3: Meter | AB3: Total Gal | AC3: Meter | AD3: Total Gal | AE3: Meter | AF3: Total Gal | AG3: Meter | AH3: Total Gal | AI3: Meter | AJ3: Total Gal | AK3: Meter | AL3: Total Gal | AM3: Meter | AN3: Total Gal | AO3: Meter | AP3: Total Gal | AS3: Gas Meter | AV3: Water Meter | AW3: Gallons | AX3: Water Meter | AY3: Gallons | AZ3: Gallons | BA3: Water Meter | BB3: Gallons | BC3: Water Meter | BD3: Gallons | BE3: Water Meter | BF3: Gallons | BI3: Meter Read | BJ3: Bill Read | BK3: Amount | BL3: Total | BM3: Sewer Total | BN3: Meter Read | BO3: Bill Read | BP3: Amount | BQ3: Total | BR3: Meter Read | BS3: Bill Read | BT3: Usage | BU3: Total | BV3: Meter Read | BW3: Bill Read | BX3: Usage | BY3: Total | BZ3: Total | CC3: Meter Read | CD3: Bill Read | CE3: Amount | CF3: Total | CI3: Meter Read | CJ3: Bill Read | CK3: Amount | CL3: Total | CN3: Meter Read | CO3: Bill Read | CP3: Amount | CQ3: Total | CR3: Meter Read | CS3: Bill Read | CT3: Amount | CU3: Total | CW3: Meter Read | CX3: Bill Read | CY3: Amount | CZ3: Total | DC3: Meter | DD3: Total | DE3: Total
B4: 44197 | C4: 41067492 | E4: 0 | F4: 4762937 | H4: 0 | I4: 16838 | K4: 0 | L4: 298034 | N4: 0 | O4: 5674 | Q4: 0 | S4: 692861 | U4: 0 | V4: 409965 | X4: 0 | Y4: 0 | AA4: 14288 | AB4: 0 | AC4: 390378242 | AD4: 0 | AE4: 104670 | AF4: 0 | AG4: 3181175 | AH4: 0 | AI4: 4016165 | AJ4: 0 | AK4: 18258 | AL4: 0 | AM4: 215 | AN4: 0 | AO4: 11749 | AP4: 0 | AR4: =B4 -> 44197 | AS4: 8951 | AT4: 0 | AV4: 18139365 | AW4: 0 | AX4: 443832930 | AY4: 0 | AZ4: 0 | BA4: 6958600 | BB4: 0 | BC4: 3747300 | BD4: 0 | BE4: 43171136 | BF4: 0 | BI4: =(C4) -> 41067492 | BJ4: 364911 | BN4: =(F4) -> 4762937 | BO4: 41928 | BR4: =(S4) -> 692861 | BV4: =V4 -> 409965 | CC4: =(BA4) -> 6958600 | CD4: 6801 | CI4: =(AV4) -> 18139365 | CJ4: 15267 | CN4: =(AS4) -> 8951 | CR4: =(BC4) -> 3747300 | CS4: 3682 | CW4: =(BE4) -> 43171136 | CX4: 357402
B5: 44200 | C5: 41120218 | E5: =SUM(C5-C4)*10 -> 527260 | F5: 4802785 | H5: =SUM(F5-F4)*10 -> 398480 | I5: 16844 | K5: =SUM(I5-I4)*10 -> 60 | L5: 298406 | N5: =SUM(L5-L4)*1000 -> 372000 | O5: 5752 | Q5: =SUM(O5-O4)*100 -> 7800 | S5: 693978 | U5: =SUM(S5-S4)*100 -> 111700 | V5: 415680 | X5: =SUM(V5-V4)*100 -> 571500 | Y5: =SUM(U5+X5) -> 683200 | AA5: 14370 | AB5: 820000 | AC5: 392208970 | AD5: 183072.8 | AE5: 104720 | AF5: 500 | AG5: 3185289 | AH5: 41140 | AI5: 4020207 | AJ5: 4042 | AK5: 18347 | AL5: 89000 | AM5: 229 | AN5: 14 | AO5: 11755 | AP5: 600 | AR5: =B5 -> 44200 | AS5: 8994 | AT5: 43 | AV5: 18161412 | AW5: 22047 | AX5: 445536377 | AY5: 17034 | AZ5: 5012.53 | BA5: 6959200 | BB5: 600 | BC5: 3749300 | BD5: 2000 | BE5: 43174186 | BF5: 3050 | BI5: =(C5) -> 41120218 | BN5: =(F5) -> 4802785 | BR5: =(S5) -> 693978 | BV5: =V5 -> 415680 | CC5: =(BA5) -> 6959200 | CI5: =(AV5) -> 18161412 | CN5: =(AS5) -> 8994 | CR5: =(BC5) -> 3749300 | CW5: =(BE5) -> 43174186
B6: 44207 | C6: 41203342 | E6: =SUM(C6-C5)*10 -> 831240 | F6: 4831226 | H6: =SUM(F6-F5)*10 -> 284410 | I6: 16872 | K6: =SUM(I6-I5)*10 -> 280 | L6: 298860 | N6: =SUM(L6-L5)*1000 -> 454000 | O6: 5962 | Q6: =SUM(O6-O5)*100 -> 21000 | S6: 695965 | U6: =SUM(S6-S5)*100 -> 198700 | V6: 436482 | X6: =SUM(V6-V5)*100 -> 2080200 | Y6: =SUM(U6+X6) -> 2278900 | AA6: 14434 | AB6: 640000 | AC6: 394339200 | AD6: 213023 | AE6: 104911 | AF6: 1910 | AG6: 3194329 | AH6: 90400 | AI6: 4031010 | AJ6: 10803 | AK6: 18568 | AL6: 221000 | AM6: 260 | AN6: 31 | AO6: 11767 | AP6: 1200 | AR6: =B6 -> 44207 | AS6: 9115 | AT6: =SUM(AS6-AS5) -> 121 | AV6: 18211008 | AW6: 49596 | AX6: 449519091 | AY6: 39827 | AZ6: 9768.86 | BA6: 6965100 | BB6: 5900 | BC6: 3751400 | BD6: 2100 | BE6: 43171136 | BF6: 0 | BI6: =(C6) -> 41203342 | BN6: =(F6) -> 4831226 | BR6: =(S6) -> 695965 | BV6: =V6 -> 436482 | CC6: =(BA6) -> 6965100 | CI6: =(AV6) -> 18211008 | CN6: =(AS6) -> 9115 | CR6: =(BC6) -> 3751400 | CW6: =(BE6) -> 43171136
B7: 44214 | C7: 41286715 | E7: =SUM(C7-C6)*10 -> 833730 | F7: 4858480 | H7: =SUM(F7-F6)*10 -> 272540 | I7: 16902 | K7: =SUM(I7-I6)*10 -> 300 | L7: 299340 | N7: =SUM(L7-L6)*1000 -> 480000 | O7: 6179 | Q7: =SUM(O7-O6)*100 -> 21700 | S7: 697993 | U7: =SUM(S7-S6)*100 -> 202800 | V7: 455710 | X7: =SUM(V7-V6)*100 -> 1922800 | Y7: =SUM(U7+X7) -> 2125600 | AA7: 14498 | AB7: 640000 | AC7: 396293016 | AD7: 195381.6 | AE7: 105015 | AF7: 1040 | AG7: 3203205 | AH7: 88760 | AI7: 4040063 | AJ7: 9053 | AK7: 18775 | AL7: 207000 | AM7: 307 | AN7: 47 | AO7: 11789 | AP7: 2200 | AR7: =B7 -> 44214 | AS7: 9241 | AT7: 126 | AV7: 18261010 | AW7: 50002 | AX7: 453570926 | AY7: 40518 | AZ7: 9483.65 | BA7: 6967200 | BB7: 2100 | BC7: 3752600 | BD7: 1200 | BE7: 43187480 | BF7: 16344 | BI7: =(C7) -> 41286715 | BN7: =(F7) -> 4858480 | BR7: =(S7) -> 697993 | BV7: =V7 -> 455710 | CC7: =(BA7) -> 6967200 | CI7: =(AV7) -> 18261010 | CN7: =(AS7) -> 9241 | CR7: =(BC7) -> 3752600 | CW7: =(BE7) -> 43187480
B8: 44221 | C8: 41389319 | E8: =SUM(C8-C7)*10 -> 1026040 | F8: 4884847 | H8: =SUM(F8-F7)*10 -> 263670 | I8: 16956 | K8: =SUM(I8-I7)*10 -> 540 | L8: 299990 | N8: =SUM(L8-L7)*1000 -> 650000 | O8: 6441 | Q8: =SUM(O8-O7)*100 -> 26200 | S8: 700375 | U8: =SUM(S8-S7)*100 -> 238200 | V8: 473300 | X8: =SUM(V8-V7)*100 -> 1759000 | Y8: =SUM(U8+X8) -> 1997200 | AA8: 14602 | AB8: 1040000 | AC8: 398695000 | AD8: 240198.4 | AE8: 105180 | AF8: 1650 | AG8: 3213100 | AH8: 98950 | AI8: 4052779 | AJ8: 12716 | AK8: 18987 | AL8: 212000 | AM8: 345 | AN8: 38 | AO8: 11829 | AP8: 4000 | AR8: =B8 -> 44221 | AS8: 9358 | AT8: 117 | AV8: 18318354 | AW8: 57344 | AX8: 457528957 | AY8: 39580 | AZ8: 17763.69 | BA8: 6972400 | BB8: 5200 | BC8: 3753500 | BD8: 900 | BE8: 43187480 | BF8: 0 | BI8: =(C8) -> 41389319 | BN8: =(F8) -> 4884847 | BR8: =(S8) -> 700375 | BV8: =V8 -> 473300 | CC8: =(BA8) -> 6972400 | CI8: =(AV8) -> 18318354 | CN8: =(AS8) -> 9358 | CR8: =(BC8) -> 3753500 | CW8: =(BE8) -> 43187480
B9: 44228 | C9: 41493266 | E9: =SUM(C9-C8)*10 -> 1039470 | F9: 4905120 | H9: =SUM(F9-F8)*10 -> 202730 | I9: 16988 | K9: =SUM(I9-I8)*10 -> 320 | L9: 300667 | N9: =SUM(L9-L8)*1000 -> 677000 | O9: 6680 | Q9: =SUM(O9-O8)*100 -> 23900 | S9: 702411 | U9: =SUM(S9-S8)*100 -> 203600 | V9: 488510 | X9: =SUM(V9-V8)*100 -> 1521000 | Y9: =SUM(U9+X9) -> 1724600 | AA9: 14718 | AB9: 1160000 | AC9: 401355700 | AD9: 266070 | AE9: 105386 | AF9: 2060 | AG9: 3222912 | AH9: 98120 | AI9: 4064202 | AJ9: 11423 | AK9: 19193 | AL9: 206000 | AM9: 371 | AN9: 26 | AO9: 11840 | AP9: 1100 | AR9: =B9 -> 44228 | AS9: 9472 | AT9: 114 | AV9: 18366942 | AW9: 48588 | AX9: 461486054 | AY9: 39571 | AZ9: 9017.03 | BA9: 6975000 | BB9: 2600 | BC9: 3753900 | BD9: 400 | BE9: 43187480 | BF9: 0 | BI9: =(C9) -> 41493266 | BJ9: 368969 | BK9: =SUM(BJ9-BJ4) -> 4058 | BL9: =SUM(BK9*1.0228)+1887.37 -> 6037.8924 | BM9: 18406.96 | BN9: =(F9) -> 4905120 | BO9: 42060 | BP9: =SUM(BO9-BO4) -> 132 | BQ9: =SUM(BP9*0.8062)+1557.24 -> 1663.6584 | BR9: =(S9) -> 702411 | BS9: 618383 | BT9: 45621.66 | BU9: 33856.56 | BV9: =V9 -> 488510 | BW9: 12220 | BX9: 2458.71 | BY9: 1831.91 | BZ9: =SUM(BT9+BX9) -> 48080.37 | CA9: 11275.66 | CC9: =(BA9) -> 6975000 | CD9: 6815 | CE9: =SUM(CD9-CD4) -> 14 | CF9: =SUM(CE9*1.0228)+117.88 -> 132.1992 | CG9: 80.08 | CH9: 1244.52 | CI9: =(AV9) -> 18366942 | CJ9: 15593 | CK9: =SUM(CJ9-CJ4) -> 326 | CL9: =SUM(CK9*1.0228+188.7) -> 522.1328 | CM9: 371.81 | CN9: =(AS9) -> 9472 | CO9: 5029 | CP9: 1291.35 | CQ9: 962.13 | CR9: =(BC9) -> 3753900 | CS9: 3704 | CT9: =SUM(CS9-CS4) -> 22 | CU9: =SUM(CT9*1.0228)+188.7 -> 211.2016 | CW9: =(BE9) -> 43187480 | CX9: 360202 | CY9: =SUM(CX9-CX4) -> 2800 | CZ9: =SUM(CY9*0.8062)+973.2 -> 3230.56 | DC9: =SUM(E7:E10) -> 3793330 | DD9: =SUM(BL9+CF9+CL9+#REF!+CU9) -> #REF! | DE9: =SUM(BQ9+CZ9) -> 4894.2184 | DF9: =SUM(BM9+CG9+CV9) -> 18487.04 | DG9: =SUM(DD9:DF9) -> #REF! | DI9: =SUM(BU9+CQ9+BY9) -> 36650.6 | DJ9: =SUM(CA9+CH9) -> 12520.18
B10: 44235 | C10: 41582675 | E10: =SUM(C10-C9)*10 -> 894090 | F10: 4923577 | H10: =SUM(F10-F9)*10 -> 184570 | I10: 17009 | K10: =SUM(I10-I9)*10 -> 210 | L10: 301233 | N10: =SUM(L10-L9)*1000 -> 566000 | O10: 6901 | Q10: =SUM(O10-O9)*100 -> 22100 | S10: 704509 | U10: =SUM(S10-S9)*100 -> 209800 | V10: 506180 | X10: =SUM(V10-V9)*100 -> 1767000 | Y10: =SUM(U10+X10) -> 1976800 | AA10: 14802 | AB10: 840000 | AC10: 403666000 | AD10: 231030 | AE10: 105506 | AF10: 1200 | AG10: 3234316 | AH10: 114040 | AI10: 4070987 | AJ10: 6785 | AK10: 19341 | AL10: 148000 | AM10: 465 | AN10: 94 | AO10: 11862 | AP10: 2200 | AR10: =B10 -> 44235 | AS10: 9609 | AT10: 137 | AV10: 18415944 | AW10: 49002 | AX10: 465465800 | AY10: 39797 | AZ10: 9204.54 | BA10: 6976600 | BB10: 1600 | BC10: 3754200 | BD10: 300 | BE10: 43187480 | BF10: 0 | BI10: =(C10) -> 41582675 | BN10: =(F10) -> 4923577 | BR10: =(S10) -> 704509 | BV10: =V10 -> 506180 | CC10: =(BA10) -> 6976600 | CI10: =(AV10) -> 18415944 | CN10: =(AS10) -> 9609 | CR10: =(BC10) -> 3754200 | CW10: =(BE10) -> 43187480
B11: 44242 | C11: 41680144 | E11: =SUM(C11-C10)*10 -> 974690 | F11: 4948299 | H11: =SUM(F11-F10)*10 -> 247220 | I11: 17080 | K11: =SUM(I11-I10)*10 -> 710 | L11: 302004 | N11: =SUM(L11-L10)*1000 -> 771000 | O11: 7135 | Q11: =SUM(O11-O10)*100 -> 23400 | S11: 706679 | U11: =SUM(S11-S10)*100 -> 217000 | V11: 515250 | X11: =SUM(V11-V10)*100 -> 907000 | Y11: =SUM(U11+X11) -> 1124000 | AA11: 14982 | AB11: 1800000 | AC11: 407297571 | AD11: 363157.1 | AE11: 105591 | AF11: 850 | AG11: 3245107 | AH11: 107910 | AI11: 4078363 | AJ11: 7376 | AK11: 19408 | AL11: 67000 | AM11: 488 | AN11: 23 | AO11: 11985 | AP11: 12300 | AR11: =B11 -> 44242 | AS11: 9719 | AT11: 110 | AV11: 18465270 | AW11: 49326 | AX11: 469472910 | AY11: 40071 | AZ11: 9254.9 | BA11: 6980000 | BB11: 3400 | BC11: 3754600 | BD11: 400 | BE11: 43187480 | BF11: 0 | BI11: =(C11) -> 41680144 | BN11: =(F11) -> 4948299 | BR11: =(S11) -> 706679 | BV11: =V11 -> 515250 | CC11: =(BA11) -> 6980000 | CI11: =(AV11) -> 18465270 | CN11: =(AS11) -> 9719 | CR11: =(BC11) -> 3754600 | CW11: =(BE11) -> 43187480
B12: 44249 | C12: 41772388 | E12: =SUM(C12-C11)*10 -> 922440 | F12: 4973934 | H12: =SUM(F12-F11)*10 -> 256350 | I12: 17096 | K12: =SUM(I12-I11)*10 -> 160 | L12: 302639 | N12: =SUM(L12-L11)*1000 -> 635000 | O12: 7397 | Q12: =SUM(O12-O11)*100 -> 26200 | S12: 708899 | U12: =SUM(S12-S11)*100 -> 222000 | V12: 527880 | X12: =SUM(V12-V11)*100 -> 1263000 | Y12: =SUM(U12+X12) -> 1485000 | AA12: 15122 | AB12: 1400000 | AC12: 410418400 | AD12: 312082.9 | AE12: 105750 | AF12: 1590 | AG12: 3255931 | AH12: 108240 | AI12: 4087613 | AJ12: 9250 | AK12: 19499 | AL12: 91000 | AM12: 518 | AN12: 30 | AO12: 11994 | AP12: 900 | AR12: =B12 -> 44249 | AS12: 9847 | AT12: 128 | AV12: 18520980 | AW12: 55710 | AX12: 474014188 | AY12: 45413 | AZ12: 10297.22 | BA12: 6983900 | BB12: 3900 | BC12: 3755100 | BD12: 500 | BE12: 43187480 | BF12: 0 | BI12: =(C12) -> 41772388 | BN12: =(F12) -> 4973934 | BR12: =(S12) -> 708899 | BV12: =V12 -> 527880 | CC12: =(BA12) -> 6983900 | CI12: =(AV12) -> 18520980 | CN12: =(AS12) -> 9847 | CR12: =(BC12) -> 3755100 | CW12: =(BE12) -> 43187480
B13: 44256 | C13: 41871884 | E13: =SUM(C13-C12)*10 -> 994960 | F13: 4992820 | H13: =SUM(F13-F12)*10 -> 188860 | I13: 17123 | K13: =SUM(I13-I12)*10 -> 270 | L13: 303354 | N13: =SUM(L13-L12)*1000 -> 715000 | O13: 7665 | Q13: =SUM(O13-O12)*100 -> 26800 | S13: 711151 | U13: =SUM(S13-S12)*100 -> 225200 | V13: 539040 | X13: =SUM(V13-V12)*100 -> 1116000 | Y13: =SUM(U13+X13) -> 1341200 | AA13: 15286 | AB13: 1640000 | AC13: 413598900 | AD13: 318050 | AE13: 105940 | AF13: 1900 | AG13: 3266792 | AH13: 108610 | AI13: 4095591 | AJ13: 7978 | AK13: 19590 | AL13: 91000 | AM13: 539 | AN13: 21 | AO13: 12031 | AP13: 3700 | AR13: =B13 -> 44256 | AS13: 9928 | AT13: 81 | AV13: 18563777 | AW13: 42797 | AX13: 477387983 | AY13: 33738 | AZ13: 9059.05 | BA13: 6988700 | BB13: 4800 | BC13: 3755400 | BD13: 300 | BE13: 43187481 | BF13: 1 | BI13: =(C13) -> 41871884 | BJ13: 375118 | BK13: =SUM(BJ13-BJ9) -> 6149 | BL13: =SUM(BK13*1.0228)+1887.37 -> 8176.5672 | BM13: 27541.8 | BN13: =(F13) -> 4992820 | BO13: 42445 | BP13: =SUM(BO13-BO9) -> 385 | BQ13: =SUM(BP13*0.8062)+1557.24 -> 1867.627 | BR13: =(S13) -> 711151 | BS13: 630331 | BT13: 59604.99 | BU13: 44183.11 | BV13: =V13 -> 539040 | BW13: 19133 | BX13: 2987.18 | BY13: 2223.49 | BZ13: =SUM(BT13+BX13) -> 62592.17 | CA13: 14791.95 | CC13: =(BA13) -> 6988700 | CD13: 6827 | CE13: =SUM(CD13-CD9) -> 12 | CF13: =SUM(CE13*1.0228)+117.88 -> 130.1536 | CG13: 68.64 | CH13: 1451.94 | CI13: =(AV13) -> 18563777 | CJ13: 16039 | CK13: =SUM(CJ13-CJ9) -> 446 | CL13: =SUM(CK13*1.0228+188.7) -> 644.8688 | CM13: 537.68 | CN13: =(AS13) -> 9928 | CO13: 5735 | CP13: 1636.69 | CQ13: 1218.34 | CR13: =(BC13) -> 3755400 | CS13: 3714 | CT13: =SUM(CS13-CS9) -> 10 | CU13: =SUM(CT13*1.0228)+188.7 -> 198.928 | CW13: =(BE13) -> 43187481 | CX13: 363098 | CY13: =SUM(CX13-CX9) -> 2896 | CZ13: =SUM(CY13*0.8062)+973.2 -> 3307.9552 | DC13: =SUM(E11:E14) -> 3860380 | DD13: =SUM(BL13+CF13+CL13+#REF!+CU13) -> #REF! | DE13: =SUM(BQ13+CZ13) -> 5175.5822 | DF13: =SUM(BM13+CG13+CV13) -> 27610.44 | DG13: =SUM(DD13:DF13) -> #REF! | DI13: =SUM(BU13+CQ13+BY13) -> 47624.94 | DJ13: =SUM(CA13+CH13) -> 16243.89
B14: 44263 | C14: 41968713 | E14: =SUM(C14-C13)*10 -> 968290 | F14: 5014115 | H14: =SUM(F14-F13)*10 -> 212950 | I14: 17207 | K14: =SUM(I14-I13)*10 -> 840 | L14: 304019 | N14: =SUM(L14-L13)*1000 -> 665000 | O14: 7941 | Q14: =SUM(O14-O13)*100 -> 27600 | S14: 713466 | U14: =SUM(S14-S13)*100 -> 231500 | V14: 552590 | X14: =SUM(V14-V13)*100 -> 1355000 | Y14: =SUM(U14+X14) -> 1586500 | AA14: 15426 | AB14: 1400000 | AC14: 416760127 | AD14: 316122.7 | AE14: 106085 | AF14: 1450 | AG14: 3280021 | AH14: 132290 | AI14: 4105225 | AJ14: 9634 | AK14: 19680 | AL14: 90000 | AM14: 572 | AN14: 33 | AO14: 12039 | AP14: 800 | AR14: =B14 -> 44263 | AS14: 10003 | AT14: 75 | AV14: 18614103 | AW14: 50326 | AX14: 481348074 | AY14: 39601 | AZ14: 10725.09 | BA14: 6991700 | BB14: 3000 | BC14: 3756000 | BD14: 600 | BE14: 69980 | BF14: 69980 | BI14: =(C14) -> 41968713 | BN14: =(F14) -> 5014115 | BR14: =(S14) -> 713466 | BV14: =V14 -> 552590 | CC14: =(BA14) -> 6991700 | CI14: =(AV14) -> 18614103 | CN14: =(AS14) -> 10003 | CR14: =(BC14) -> 3756000 | CW14: =(BE14) -> 69980
B15: 44270 | C15: 42078527 | E15: =SUM(C15-C14)*10 -> 1098140 | F15: 5035319 | H15: =SUM(F15-F14)*10 -> 212040 | I15: 17282 | K15: =SUM(I15-I14)*10 -> 750 | L15: 304702 | N15: =SUM(L15-L14)*1000 -> 683000 | O15: 8184 | Q15: =SUM(O15-O14)*100 -> 24300 | S15: 715638 | U15: =SUM(S15-S14)*100 -> 217200 | V15: 567070 | X15: =SUM(V15-V14)*100 -> 1448000 | Y15: =SUM(U15+X15) -> 1665200 | AA15: 15553 | AB15: 1270000 | AC15: 419383200 | AD15: 262307.3 | AE15: 106346 | AF15: 2610 | AG15: 3290423 | AH15: 104020 | AI15: 4119333 | AJ15: 14108 | AK15: 19873 | AL15: 193000 | AM15: 629 | AN15: 57 | AO15: 12048 | AP15: 900 | AR15: =B15 -> 44270 | AS15: 119 | AT15: 116 | AV15: 11825 | AW15: 11825 | AX15: 485102365 | AY15: 37543 | AZ15: -25717.91 | BA15: 6996600 | BB15: 4900 | BC15: 3756300 | BD15: 300 | BE15: 333503 | BF15: 263523 | BI15: =(C15) -> 42078527 | BN15: =(F15) -> 5035319 | BR15: =(S15) -> 715638 | BV15: =V15 -> 567070 | CC15: =(BA15) -> 6996600 | CI15: =(AV15) -> 11825 | CN15: =(AS15) -> 119 | CR15: =(BC15) -> 3756300 | CW15: =(BE15) -> 333503
B16: 44277 | C16: 42199864 | E16: =SUM(C16-C15)*10 -> 1213370 | F16: 5052481 | H16: =SUM(F16-F15)*10 -> 171620 | I16: 17332 | K16: =SUM(I16-I15)*10 -> 500 | L16: 305512 | N16: =SUM(L16-L15)*1000 -> 810000 | O16: 8440 | Q16: =SUM(O16-O15)*100 -> 25600 | S16: 718028 | U16: =SUM(S16-S15)*100 -> 239000 | V16: 578990 | X16: =SUM(V16-V15)*100 -> 1192000 | Y16: =SUM(U16+X16) -> 1431000 | AA16: 15713 | AB16: 1600000 | AC16: 422386000 | AD16: 300280 | AE16: 106646 | AF16: 3000 | AG16: 3301198 | AH16: 107750 | AI16: 4135922 | AJ16: 16589 | AK16: 20052 | AL16: 179000 | AM16: 686 | AN16: 57 | AO16: 12056 | AP16: 800 | AR16: =B16 -> 44277 | AS16: 219 | AT16: 100 | AV16: 61750 | AW16: 49925 | AX16: 489045336 | AY16: 39430 | AZ16: 10495.29 | BA16: 7000800 | BB16: 4200 | BC16: 3756700 | BD16: 400 | BE16: 579687 | BF16: 246184 | BI16: =(C16) -> 42199864 | BN16: =(F16) -> 5052481 | BR16: =(S16) -> 718028 | BV16: =V16 -> 578990 | CC16: =(BA16) -> 7000800 | CI16: =(AV16) -> 61750 | CN16: =(AS16) -> 219 | CR16: =(BC16) -> 3756700 | CW16: =(BE16) -> 579687
B17: 44284 | C17: 42322643 | E17: =SUM(C17-C16)*10 -> 1227790 | F17: 5066255 | H17: =SUM(F17-F16)*10 -> 137740 | I17: 17357 | K17: =SUM(I17-I16)*10 -> 250 | L17: 306355 | N17: =SUM(L17-L16)*1000 -> 843000 | O17: 8691 | Q17: =SUM(O17-O16)*100 -> 25100 | S17: 720009 | U17: =SUM(S17-S16)*100 -> 198100 | V17: 588000 | X17: =SUM(V17-V16)*100 -> 901000 | Y17: =SUM(U17+X17) -> 1099100 | AA17: 15900 | AB17: 1870000 | AC17: 427403200 | AD17: 501720 | AE17: 106906 | AF17: 2600 | AG17: 3311031 | AH17: 98330 | AI17: 4147479 | AJ17: 11557 | AK17: 20228 | AL17: 176000 | AM17: 709 | AN17: 23 | AO17: 12079 | AP17: 2300 | AR17: =B17 -> 44284 | AS17: 320 | AT17: 101 | AV17: 110562 | AW17: 48812 | AX17: 492986557 | AY17: 39412 | AZ17: 9399.79 | BA17: 7002900 | BB17: 2100 | BC17: 3757200 | BD17: 500 | BE17: 748424 | BF17: 168737 | BI17: =(C17) -> 42322643 | BJ17: 379079 | BK17: =SUM(BJ17-BJ13) -> 3961 | BL17: =SUM(BK17*1.0228)+1887.37 -> 5938.6808 | BM17: 16656.12 | BN17: =(F17) -> 5066255 | BO17: 42940 | BP17: =SUM(BO17-BO13) -> 495 | BQ17: =SUM(BP17*0.8062)+1557.24 -> 1956.309 | BR17: =(S17) -> 720009 | BS17: 638006 | BT17: 38288.27 | BU17: 28444.24 | BV17: =V17 -> 588000 | BW17: 23449 | BX17: 1864.99 | BY17: 1390.81 | BZ17: =SUM(BT17+BX17) -> 40153.26 | CA17: 6873.73 | CC17: =(BA17) -> 7002900 | CD17: 6844 | CE17: =SUM(CD17-CD13) -> 17 | CF17: =SUM(CE17*1.0228)+117.88 -> 135.2676 | CG17: 97.24 | CH17: 1002.53 | CI17: =(AV17) -> 110562 | CJ17: 16332 | CK17: =SUM(CJ17-CJ13) -> 293 | CL17: =SUM(CK17*1.0228+188.7) -> 488.3804 | CM17: 308.88 | CN17: =(AS17) -> 320 | CO17: 6153 | CP17: 969.09 | CQ17: 722.7 | CR17: =(BC17) -> 3757200 | CS17: 3721 | CT17: =SUM(CS17-CS13) -> 7 | CU17: =SUM(CT17*1.0228)+188.7 -> 195.8596 | CW17: =(BE17) -> 748424 | CX17: 373229 | CY17: =SUM(CX17-CX13) -> 10131 | CZ17: =SUM(CY17*0.8062)+973.2 -> 9140.8122 | DC17: =SUM(E15:E18) -> 4051210 | DD17: =SUM(BL17+CF17+CL17+#REF!+CU17) -> #REF! | DE17: =SUM(BQ17+CZ17) -> 11097.121 | DF17: =SUM(BM17+CG17+CV17) -> 16753.36 | DG17: =SUM(DD17:DF17) -> #REF! | DI17: =SUM(BU17+CQ17+BY17) -> 30557.75 | DJ17: =SUM(CA17+CH17) -> 7876.26
B18: 44287 | C18: 42373834 | E18: =SUM(C18-C17)*10 -> 511910 | F18: 5066261 | H18: =SUM(F18-F17)*10 -> 60 | I18: 17361 | K18: =SUM(I18-I17)*10 -> 40 | L18: 306733 | N18: =SUM(L18-L17)*1000 -> 378000 | O18: 8805 | Q18: =SUM(O18-O17)*100 -> 11400 | S18: 720863 | U18: =SUM(S18-S17)*100 -> 85400 | V18: 590883 | X18: =SUM(V18-V17)*100 -> 288300 | Y18: =SUM(U18+X18) -> 373700 | AA18: 15997 | AB18: 970000 | AC18: 429959059 | AD18: 255585.9 | AE18: 106922 | AF18: 160 | AG18: 3313780 | AH18: 27490 | AI18: 4152611 | AJ18: 5132 | AK18: 20285 | AL18: 57000 | AM18: 713 | AN18: 4 | AO18: 12084 | AP18: 500 | AR18: =B18 -> 44287 | AS18: 345 | AT18: 25 | AV18: 124229 | AW18: 13667 | AX18: 494117549 | AY18: 11310 | AZ18: 2357.08 | BA18: 7005200 | BB18: 2300 | BC18: 3757200 | BD18: 0 | BE18: 776839 | BF18: 28415 | BI18: =(C18) -> 42373834 | BN18: =(F18) -> 5066261 | BR18: =(S18) -> 720863 | BV18: =V18 -> 590883 | CC18: =(BA18) -> 7005200 | CI18: =(AV18) -> 124229 | CN18: =(AS18) -> 345 | CR18: =(BC18) -> 3757200 | CW18: =(BE18) -> 776839
B19: 44291 | C19: 42437140 | E19: =SUM(C19-C18)*10 -> 633060 | F19: 5066890 | H19: =SUM(F19-F18)*10 -> 6290 | I19: 17378 | K19: =SUM(I19-I18)*10 -> 170 | L19: 307188 | N19: =SUM(L19-L18)*1000 -> 455000 | O19: 8957 | Q19: =SUM(O19-O18)*100 -> 15200 | S19: 722010 | U19: =SUM(S19-S18)*100 -> 114700 | V19: 600120 | X19: =SUM(V19-V18)*100 -> 923700 | Y19: =SUM(U19+X19) -> 1038400 | AA19: 16059 | AB19: 620000 | AC19: 432060000 | AD19: 210094.1 | AE19: 107107 | AF19: 1850 | AG19: 3317444 | AH19: 36640 | AI19: 4159708 | AJ19: 7097 | AK19: 20367 | AL19: 82000 | AM19: 752 | AN19: 39 | AO19: 12095 | AP19: 1100 | AR19: =B19 -> 44291 | AS19: 421 | AT19: 76 | AV19: 165729 | AW19: 41500 | AX19: 497500222 | AY19: 33827 | AZ19: 7673.27 | BA19: 7007300 | BB19: 2100 | BC19: 3757600 | BD19: 400 | BE19: 870586 | BF19: 93747 | BI19: =(C19) -> 42437140 | BN19: =(F19) -> 5066890 | BR19: =(S19) -> 722010 | BV19: =V19 -> 600120 | CC19: =(BA19) -> 7007300 | CI19: =(AV19) -> 165729 | CN19: =(AS19) -> 421 | CR19: =(BC19) -> 3757600 | CW19: =(BE19) -> 870586
B20: 44298 | C20: 42556871 | E20: =SUM(C20-C19)*10 -> 1197310 | F20: 5089790 | H20: =SUM(F20-F19)*10 -> 229000 | I20: 17388 | K20: =SUM(I20-I19)*10 -> 100 | L20: 307992 | N20: =SUM(L20-L19)*1000 -> 804000 | O20: 9227 | Q20: =SUM(O20-O19)*100 -> 27000 | S20: 723886 | U20: =SUM(S20-S19)*100 -> 187600 | V20: 610730 | X20: =SUM(V20-V19)*100 -> 1061000 | Y20: =SUM(U20+X20) -> 1248600 | AA20: 16209 | AB20: 1500000 | AC20: 436217800 | AD20: 415780 | AE20: 107315 | AF20: 2080 | AG20: 3330966 | AH20: 135220 | AI20: 4169902 | AJ20: 10194 | AK20: 20529 | AL20: 162000 | AM20: 805 | AN20: 53 | AO20: 12112 | AP20: 1700 | AR20: =B20 -> 44298 | AS20: 493 | AT20: 72 | AV20: 207057 | AW20: 41328 | AX20: 500905184 | AY20: 34050 | AZ20: 7278.38 | BA20: 7010300 | BB20: 3000 | BC20: 3757800 | BD20: 200 | BE20: 936761 | BF20: 66175 | BI20: =(C20) -> 42556871 | BN20: =(F20) -> 5089790 | BR20: =(S20) -> 723886 | BV20: =V20 -> 610730 | CC20: =(BA20) -> 7010300 | CI20: =(AV20) -> 207057 | CN20: =(AS20) -> 493 | CR20: =(BC20) -> 3757800 | CW20: =(BE20) -> 936761
B21: 44305 | C21: 42673826 | E21: =SUM(C21-C20)*10 -> 1169550 | F21: 5107929 | H21: =SUM(F21-F20)*10 -> 181390 | I21: 17462 | K21: =SUM(I21-I20)*10 -> 740 | L21: 308814 | N21: =SUM(L21-L20)*1000 -> 822000 | O21: 9501 | Q21: =SUM(O21-O20)*100 -> 27400 | S21: 726083 | U21: =SUM(S21-S20)*100 -> 219700 | V21: 647380 | X21: =SUM(V21-V20)*100 -> 3665000 | Y21: =SUM(U21+X21) -> 3884700 | AA21: 16427 | AB21: 2180000 | AC21: 441732200 | AD21: 551440 | AE21: 107670 | AF21: 3550 | AG21: 3348230 | AH21: 172640 | AI21: 4177638 | AJ21: 7736 | AK21: 20648 | AL21: 119000 | AM21: 831 | AN21: 26 | AO21: 12144 | AP21: 3200 | AR21: =B21 -> 44305 | AS21: 583 | AT21: 90 | AV21: 255365 | AW21: 48308 | AX21: 504870313 | AY21: 39651 | AZ21: 8656.71 | BA21: 7013200 | BB21: 2900 | BC21: 3758300 | BD21: 500 | BE21: 967971 | BF21: 31210 | BI21: =(C21) -> 42673826 | BN21: =(F21) -> 5107929 | BR21: =(S21) -> 726083 | BV21: =V21 -> 647380 | CC21: =(BA21) -> 7013200 | CI21: =(AV21) -> 255365 | CN21: =(AS21) -> 583 | CR21: =(BC21) -> 3758300 | CW21: =(BE21) -> 967971
B22: 44312 | C22: 42785897 | E22: =SUM(C22-C21)*10 -> 1120710 | F22: 5136925 | H22: =SUM(F22-F21)*10 -> 289960 | I22: 17483 | K22: =SUM(I22-I21)*10 -> 210 | L22: 309598 | N22: =SUM(L22-L21)*1000 -> 784000 | O22: 9774 | Q22: =SUM(O22-O21)*100 -> 27300 | S22: 728215 | U22: =SUM(S22-S21)*100 -> 213200 | V22: 625370 | X22: =SUM(V22-V21)*100 -> -2201000 | Y22: =SUM(U22+X22) -> -1987800 | AA22: 16631 | AB22: 2040000 | AC22: 447251600 | AD22: 551940 | AE22: 107863 | AF22: 1930 | AG22: 3364990 | AH22: 167600 | AI22: 4180646 | AJ22: 3008 | AK22: 20740 | AL22: 92000 | AM22: 856 | AN22: 25 | AO22: 12192 | AP22: 4800 | AR22: =B22 -> 44312 | AS22: 677 | AT22: 94 | AV22: 305305 | AW22: 49940 | AX22: 508867971 | AY22: 39977 | AZ22: 9963.42 | BA22: 7014800 | BB22: 1600 | BC22: 3758800 | BD22: 500 | BE22: 992068 | BF22: 24097 | BI22: =(C22) -> 42785897 | BN22: =(F22) -> 5136925 | BR22: =(S22) -> 728215 | BV22: =V22 -> 625370 | CC22: =(BA22) -> 7014800 | CI22: =(AV22) -> 305305 | CN22: =(AS22) -> 677 | CR22: =(BC22) -> 3758800 | CW22: =(BE22) -> 992068
B23: 44317 | C23: 42875405 | E23: =SUM(C23-C22)*10 -> 895080 | F23: 5158237 | H23: =SUM(F23-F22)*10 -> 213120 | I23: 17501 | K23: =SUM(I23-I22)*10 -> 180 | L23: 310198 | N23: =SUM(L23-L22)*1000 -> 600000 | O23: 9996 | Q23: =SUM(O23-O22)*100 -> 22200 | S23: 729750 | U23: =SUM(S23-S22)*100 -> 153500 | V23: 630250 | X23: =SUM(V23-V22)*100 -> 488000 | Y23: =SUM(U23+X23) -> 641500 | AA23: 16804 | AB23: 1730000 | AC23: 451502819 | AD23: 425121.9 | AE23: 107889 | AF23: 260 | AG23: 3374612 | AH23: 96220 | AI23: 4185225 | AJ23: 4579 | AK23: 20864 | AL23: 124000 | AM23: 879 | AN23: 23 | AO23: 12210 | AP23: 1800 | AR23: =B23 -> 44317 | AS23: 737 | AT23: 60 | AV23: 340123 | AW23: 34818 | AX23: 511686182 | AY23: 28182 | AZ23: 6635.89 | BA23: 7017600 | BB23: 2800 | BC23: 3759000 | BD23: 200 | BE23: 1012612 | BF23: 20544 | BI23: =(C23) -> 42875405 | BJ23: 380930 | BK23: =SUM(BJ23-BJ17) -> 1851 | BL23: =SUM(BK23*1.1251)+2076.11 -> 4158.6701 | BM23: 5554.07 | BN23: =(F23) -> 5158237 | BO23: 43798 | BP23: =SUM(BO23-BO17) -> 858 | BQ23: =SUM(BP23*0.8868)+1712.96 -> 2473.8344 | BR23: =(S23) -> 729750 | BS23: 639685 | BT23: 8376.03 | BU23: 6857.36 | BV23: =V23 -> 630250 | BW23: 23538 | BX23: 38.46 | BY23: 31.53 | BZ23: =SUM(BT23+BX23) -> 8414.49 | CA23: 2754.81 | CC23: =(BA23) -> 7017600 | CD23: 6852 | CE23: =SUM(CD23-CD17) -> 8 | CF23: =SUM(CE23*1.1251)+129.67 -> 138.6708 | CG23: 50.32 | CH23: 1002.53 | CI23: =(AV23) -> 340123 | CJ23: 16599 | CK23: =SUM(CJ23-CJ17) -> 267 | CL23: =SUM(CK23*1.1251+207.57) -> 507.9717 | CM23: 94.35 | CN23: =(AS23) -> 737 | CO23: 6230 | CP23: 178.52 | CQ23: 146.3 | CR23: =(BC23) -> 3759000 | CS23: 3723 | CT23: =SUM(CS23-CS17) -> 2 | CU23: =SUM(CT23*1.1251)+207.57 -> 209.8202 | CW23: =(BE23) -> 1012612 | CX23: 386385 | CY23: =SUM(CX23-CX17) -> 13156 | CZ23: =SUM(CY23*0.8868)+1070.52 -> 12737.261 | DC23: =SUM(E21:E24) -> 3508790 | DD23: =SUM(BL23+CF23+CL23+#REF!+CU23) -> #REF! | DE23: =SUM(BQ23+CZ23) -> 15211.095 | DF23: =SUM(BM23+CG23+CV23) -> 5604.39 | DG23: =SUM(DD23:DF23) -> #REF! | DI23: =SUM(BU23+CQ23+BY23) -> 7035.19 | DJ23: =SUM(CA23+CH23) -> 3757.34
B24: 44319 | C24: 42907750 | E24: =SUM(C24-C23)*10 -> 323450 | F24: 5167405 | H24: =SUM(F24-F23)*10 -> 91680 | I24: 17504 | K24: =SUM(I24-I23)*10 -> 30 | L24: 310436 | N24: =SUM(L24-L23)*1000 -> 238000 | O24: 10072 | Q24: =SUM(O24-O23)*100 -> 7600 | S24: 730348 | U24: =SUM(S24-S23)*100 -> 59800 | V24: 631010 | X24: =SUM(V24-V23)*100 -> 76000 | Y24: =SUM(U24+X24) -> 135800 | AA24: 16875 | AB24: 710000 | AC24: 453208700 | AD24: 170588.1 | AE24: 107979 | AF24: 900 | AG24: 3379220 | AH24: 46080 | AI24: 4186720 | AJ24: 1495 | AK24: 20891 | AL24: 27000 | AM24: 881 | AN24: 2 | AO24: 12215 | AP24: 500 | AR24: =B24 -> 44319 | AS24: 760 | AT24: 23 | AV24: 354460 | AW24: 14337 | AX24: 512805661 | AY24: 11195 | AZ24: 3142.21 | BA24: 7017700 | BB24: 100 | BC24: 3759100 | BD24: 100 | BE24: 1019435 | BF24: 6823 | BI24: =(C24) -> 42907750 | BN24: =(F24) -> 5167405 | BR24: =(S24) -> 730348 | BV24: =V24 -> 631010 | CC24: =(BA24) -> 7017700 | CI24: =(AV24) -> 354460 | CN24: =(AS24) -> 760 | CR24: =(BC24) -> 3759100 | CW24: =(BE24) -> 1019435
B25: 44326 | C25: 43056254 | E25: =SUM(C25-C24)*10 -> 1485040 | F25: 5177230 | H25: =SUM(F25-F24)*10 -> 98250 | I25: 17522 | K25: =SUM(I25-I24)*10 -> 180 | L25: 311482 | N25: =SUM(L25-L24)*1000 -> 1046000 | O25: 10357 | Q25: =SUM(O25-O24)*100 -> 28500 | S25: 732562 | U25: =SUM(S25-S24)*100 -> 221400 | V25: 635165 | X25: =SUM(V25-V24)*100 -> 415500 | Y25: =SUM(U25+X25) -> 636900 | AA25: 17160 | AB25: 2850000 | AC25: 460398100 | AD25: 718940 | AE25: 108453 | AF25: 4740 | AG25: 3393353 | AH25: 141330 | AI25: 4206305 | AJ25: 19585 | AK25: 20961 | AL25: 70000 | AM25: 894 | AN25: 13 | AO25: 12279 | AP25: 6400 | AR25: =B25 -> 44326 | AS25: 851 | AT25: 91 | AV25: 410879 | AW25: 56419 | AX25: 517296844 | AY25: 44912 | AZ25: 11507.17 | BA25: 7020900 | BB25: 3200 | BC25: 3759300 | BD25: 200 | BE25: 1061473 | BF25: 42038 | BI25: =(C25) -> 43056254 | BN25: =(F25) -> 5177230 | BR25: =(S25) -> 732562 | BV25: =V25 -> 635165 | CC25: =(BA25) -> 7020900 | CI25: =(AV25) -> 410879 | CN25: =(AS25) -> 851 | CR25: =(BC25) -> 3759300 | CW25: =(BE25) -> 1061473
B26: 44333 | C26: 43185205 | E26: =SUM(C26-C25)*10 -> 1289510 | F26: 5189472 | H26: =SUM(F26-F25)*10 -> 122420 | I26: 17540 | K26: =SUM(I26-I25)*10 -> 180 | L26: 312388 | N26: =SUM(L26-L25)*1000 -> 906000 | O26: 10631 | Q26: =SUM(O26-O25)*100 -> 27400 | S26: 734602 | U26: =SUM(S26-S25)*100 -> 204000 | V26: 641340 | X26: =SUM(V26-V25)*100 -> 617500 | Y26: =SUM(U26+X26) -> 821500 | AA26: 17389 | AB26: 2290000 | AC26: 466287200 | AD26: 588910 | AE26: 108722 | AF26: 2690 | AG26: 3407035 | AH26: 136820 | AI26: 4216219 | AJ26: 9914 | AK26: 21265 | AL26: 304000 | AM26: 918 | AN26: 24 | AO26: 12345 | AP26: 6600 | AR26: =B26 -> 44333 | AS26: 930 | AT26: 79 | AV26: 450904 | AW26: 40025 | AX26: 520691018 | AY26: 33942 | AZ26: 6083.26 | BA26: 7023200 | BB26: 2300 | BC26: 3759600 | BD26: 300 | BE26: 1088051 | BF26: 26578 | BI26: =(C26) -> 43185205 | BN26: =(F26) -> 5189472 | BR26: =(S26) -> 734602 | BV26: =V26 -> 641340 | CC26: =(BA26) -> 7023200 | CI26: =(AV26) -> 450904 | CN26: =(AS26) -> 930 | CR26: =(BC26) -> 3759600 | CW26: =(BE26) -> 1088051
