Workbook

Sheet TOTAL
A1: Site Name | B1: Day | C1: Month | D1: Year | E1: Total Electricity Kwh | F1: Electricity Tariff ($/Kwh) | G1: Natual Gas (m3) | H1: Natural Gas $/m3 | I1: Water Utility Supply (m3) m3 | J1: Water Utility Supply (m3) $/m3 | K1: Room Nights
A2: Orlando | B2: 31 | C2: 1 | D2: 2018 | E2: =Submetering!F2+Submetering!H2+Submetering!J2+Submetering!L2+Submetering!N2+Submetering!P2+Submetering!R2+Submetering!T2+Submetering!V2+Submetering!X2+Submetering!Z2+Submetering!AB2+Submetering!AC2+Submetering!AD2+Submetering!AE2 -> 1249823 | F2: =((((Submetering!E2+Submetering!AD2)*0.13773+(Submetering!E2+Submetering!AD2)*0.02095)*1.09+(2.85/30)*2)+(((Submetering!F2+Submetering!H2+Submetering!J2+Submetering!L2+Submetering!N2+Submetering!P2+Submetering!R2+Submetering!T2+Submetering!V2+Submetering!X2+Submetering!Z2+Submetering!AB2+Submetering!AC2+Submetering!AE2)*0.05155)+((Submetering!F2+Submetering!H2+Submetering!J2+Submetering!L2+Submetering!N2+Submetering!P2+Submetering!R2+Submetering!T2+Submetering!V2+Submetering!X2+Submetering!Z2+Submetering!AB2+Submetering!AC2+Submetering!AE2)*0.02095)+(20/30)*15)*1.1048)/E2 -> 0.080817384 | G2: =Submetering!AK2+Submetering!AL2+Submetering!AU2 -> 40649.653 | H2: 0.8166 | I2: =Submetering!AF2+Submetering!AG2+Submetering!AV2+Submetering!AY2+Submetering!AZ2 -> 21136.527 | J2: =((Submetering!AG2+Submetering!BA2)*0.8868+(1712.96+1070.52)/30+(Submetering!AF2+Submetering!AY2+Submetering!AV2+Submetering!AZ2)*1.1251+(2076.11+129.67+207.57+207.57)/30+(11680.53+56.61)/30)/I2 -> 1.1368635 | K2: =Occupancy!H4 -> 10446.876
A3: Orlando | B3: 28 | C3: 2 | D3: 2018 | E3: =Submetering!F3+Submetering!H3+Submetering!J3+Submetering!L3+Submetering!N3+Submetering!P3+Submetering!R3+Submetering!T3+Submetering!V3+Submetering!X3+Submetering!Z3+Submetering!AB3+Submetering!AC3+Submetering!AD3+Submetering!AE3 -> 1263709 | F3: =((((Submetering!E3+Submetering!AD3)*0.13773+(Submetering!E3+Submetering!AD3)*0.02095)*1.09+(2.85/30)*2)+(((Submetering!F3+Submetering!H3+Submetering!J3+Submetering!L3+Submetering!N3+Submetering!P3+Submetering!R3+Submetering!T3+Submetering!V3+Submetering!X3+Submetering!Z3+Submetering!AB3+Submetering!AC3+Submetering!AE3)*0.05155)+((Submetering!F3+Submetering!H3+Submetering!J3+Submetering!L3+Submetering!N3+Submetering!P3+Submetering!R3+Submetering!T3+Submetering!V3+Submetering!X3+Submetering!Z3+Submetering!AB3+Submetering!AC3+Submetering!AE3)*0.02095)+(20/30)*15)*1.1048)/E3 -> 0.080714784 | G3: =Submetering!AK3+Submetering!AL3+Submetering!AU3 -> 20461.415 | H3: 0.8166 | I3: =Submetering!AF3+Submetering!AG3+Submetering!AV3+Submetering!AY3+Submetering!AZ3 -> 20976.209 | J3: =((Submetering!AG3+Submetering!BA3)*0.8868+(1712.96+1070.52)/30+(Submetering!AF3+Submetering!AY3+Submetering!AV3+Submetering!AZ3)*1.1251+(2076.11+129.67+207.57+207.57)/30+(11680.53+56.61)/30)/I3 -> 1.2217889 | K3: =Occupancy!H5 -> 9721.824
A4: Orlando | B4: 31 | C4: 3 | D4: 2018 | E4: =Submetering!F4+Submetering!H4+Submetering!J4+Submetering!L4+Submetering!N4+Submetering!P4+Submetering!R4+Submetering!T4+Submetering!V4+Submetering!X4+Submetering!Z4+Submetering!AB4+Submetering!AC4+Submetering!AD4+Submetering!AE4 -> 1362044 | F4: =((((Submetering!E4+Submetering!AD4)*0.13773+(Submetering!E4+Submetering!AD4)*0.02095)*1.09+(2.85/30)*2)+(((Submetering!F4+Submetering!H4+Submetering!J4+Submetering!L4+Submetering!N4+Submetering!P4+Submetering!R4+Submetering!T4+Submetering!V4+Submetering!X4+Submetering!Z4+Submetering!AB4+Submetering!AC4+Submetering!AE4)*0.05155)+((Submetering!F4+Submetering!H4+Submetering!J4+Submetering!L4+Submetering!N4+Submetering!P4+Submetering!R4+Submetering!T4+Submetering!V4+Submetering!X4+Submetering!Z4+Submetering!AB4+Submetering!AC4+Submetering!AE4)*0.02095)+(20/30)*15)*1.1048)/E4 -> 0.080743323 | G4: =Submetering!AK4+Submetering!AL4+Submetering!AU4 -> 29630.059 | H4: 0.8166 | I4: =Submetering!AF4+Submetering!AG4+Submetering!AV4+Submetering!AY4+Submetering!AZ4 -> 28058.584 | J4: =((Submetering!AG4+Submetering!BA4)*0.8868+(1712.96+1070.52)/30+(Submetering!AF4+Submetering!AY4+Submetering!AV4+Submetering!AZ4)*1.1251+(2076.11+129.67+207.57+207.57)/30+(11680.53+56.61)/30)/I4 -> 1.3905453 | K4: =Occupancy!H6 -> 11781.984
A5: Orlando | B5: 31 | C5: 4 | D5: 2018 | E5: =Submetering!F5+Submetering!H5+Submetering!J5+Submetering!L5+Submetering!N5+Submetering!P5+Submetering!R5+Submetering!T5+Submetering!V5+Submetering!X5+Submetering!Z5+Submetering!AB5+Submetering!AC5+Submetering!AD5+Submetering!AE5 -> 1275720 | F5: =((((Submetering!E5+Submetering!AD5)*0.13773+(Submetering!E5+Submetering!AD5)*0.02095)*1.09+(2.85/30)*2)+(((Submetering!F5+Submetering!H5+Submetering!J5+Submetering!L5+Submetering!N5+Submetering!P5+Submetering!R5+Submetering!T5+Submetering!V5+Submetering!X5+Submetering!Z5+Submetering!AB5+Submetering!AC5+Submetering!AE5)*0.05155)+((Submetering!F5+Submetering!H5+Submetering!J5+Submetering!L5+Submetering!N5+Submetering!P5+Submetering!R5+Submetering!T5+Submetering!V5+Submetering!X5+Submetering!Z5+Submetering!AB5+Submetering!AC5+Submetering!AE5)*0.02095)+(20/30)*15)*1.1048)/E5 -> 0.080452536 | G5: =Submetering!AK5+Submetering!AL5+Submetering!AU5 -> 18215.38 | H5: 0.8166 | I5: =Submetering!AF5+Submetering!AG5+Submetering!AV5+Submetering!AY5+Submetering!AZ5 -> 26028.062 | J5: =((Submetering!AG5+Submetering!BA5)*0.8868+(1712.96+1070.52)/30+(Submetering!AF5+Submetering!AY5+Submetering!AV5+Submetering!AZ5)*1.1251+(2076.11+129.67+207.57+207.57)/30+(11680.53+56.61)/30)/I5 -> 1.2143969 | K5: =Occupancy!H7 -> 11148.84
A6: Orlando | B6: 31 | C6: 5 | D6: 2018 | E6: =Submetering!F6+Submetering!H6+Submetering!J6+Submetering!L6+Submetering!N6+Submetering!P6+Submetering!R6+Submetering!T6+Submetering!V6+Submetering!X6+Submetering!Z6+Submetering!AB6+Submetering!AC6+Submetering!AD6+Submetering!AE6 -> 1569920 | F6: =((((Submetering!E6+Submetering!AD6)*0.13773+(Submetering!E6+Submetering!AD6)*0.02095)*1.09+(2.85/30)*2)+(((Submetering!F6+Submetering!H6+Submetering!J6+Submetering!L6+Submetering!N6+Submetering!P6+Submetering!R6+Submetering!T6+Submetering!V6+Submetering!X6+Submetering!Z6+Submetering!AB6+Submetering!AC6+Submetering!AE6)*0.05155)+((Submetering!F6+Submetering!H6+Submetering!J6+Submetering!L6+Submetering!N6+Submetering!P6+Submetering!R6+Submetering!T6+Submetering!V6+Submetering!X6+Submetering!Z6+Submetering!AB6+Submetering!AC6+Submetering!AE6)*0.02095)+(20/30)*15)*1.1048)/E6 -> 0.080409674 | G6: =Submetering!AK6+Submetering!AL6+Submetering!AU6 -> 14477.384 | H6: 0.8166 | I6: =Submetering!AF6+Submetering!AG6+Submetering!AV6+Submetering!AY6+Submetering!AZ6 -> 26394.04 | J6: =((Submetering!AG6+Submetering!BA6)*0.8868+(1712.96+1070.52)/30+(Submetering!AF6+Submetering!AY6+Submetering!AV6+Submetering!AZ6)*1.1251+(2076.11+129.67+207.57+207.57)/30+(11680.53+56.61)/30)/I6 -> 1.2634591 | K6: =Occupancy!H8 -> 10446.876
A7: Orlando | B7: 30 | C7: 6 | D7: 2018 | E7: =Submetering!F7+Submetering!H7+Submetering!J7+Submetering!L7+Submetering!N7+Submetering!P7+Submetering!R7+Submetering!T7+Submetering!V7+Submetering!X7+Submetering!Z7+Submetering!AB7+Submetering!AC7+Submetering!AD7+Submetering!AE7 -> 1807824 | F7: =((((Submetering!E7+Submetering!AD7)*0.13773+(Submetering!E7+Submetering!AD7)*0.02095)*1.09+(2.85/30)*2)+(((Submetering!F7+Submetering!H7+Submetering!J7+Submetering!L7+Submetering!N7+Submetering!P7+Submetering!R7+Submetering!T7+Submetering!V7+Submetering!X7+Submetering!Z7+Submetering!AB7+Submetering!AC7+Submetering!AE7)*0.05155)+((Submetering!F7+Submetering!H7+Submetering!J7+Submetering!L7+Submetering!N7+Submetering!P7+Submetering!R7+Submetering!T7+Submetering!V7+Submetering!X7+Submetering!Z7+Submetering!AB7+Submetering!AC7+Submetering!AE7)*0.02095)+(20/30)*15)*1.1048)/E7 -> 0.084892021 | G7: =Submetering!AK7+Submetering!AL7+Submetering!AU7 -> 6695.79 | H7: 0.8166 | I7: =Submetering!AF7+Submetering!AG7+Submetering!AV7+Submetering!AY7+Submetering!AZ7 -> 24519.538 | J7: =((Submetering!AG7+Submetering!BA7)*0.8868+(1712.96+1070.52)/30+(Submetering!AF7+Submetering!AY7+Submetering!AV7+Submetering!AZ7)*1.1251+(2076.11+129.67+207.57+207.57)/30+(11680.53+56.61)/30)/I7 -> 1.2303144 | K7: =Occupancy!H9 -> 9923.4
A8: Orlando | B8: 31 | C8: 7 | D8: 2018 | E8: =Submetering!F8+Submetering!H8+Submetering!J8+Submetering!L8+Submetering!N8+Submetering!P8+Submetering!R8+Submetering!T8+Submetering!V8+Submetering!X8+Submetering!Z8+Submetering!AB8+Submetering!AC8+Submetering!AD8+Submetering!AE8 -> 1854374 | F8: =((((Submetering!E8+Submetering!AD8)*0.13773+(Submetering!E8+Submetering!AD8)*0.02095)*1.09+(2.85/30)*2)+(((Submetering!F8+Submetering!H8+Submetering!J8+Submetering!L8+Submetering!N8+Submetering!P8+Submetering!R8+Submetering!T8+Submetering!V8+Submetering!X8+Submetering!Z8+Submetering!AB8+Submetering!AC8+Submetering!AE8)*0.05155)+((Submetering!F8+Submetering!H8+Submetering!J8+Submetering!L8+Submetering!N8+Submetering!P8+Submetering!R8+Submetering!T8+Submetering!V8+Submetering!X8+Submetering!Z8+Submetering!AB8+Submetering!AC8+Submetering!AE8)*0.02095)+(20/30)*15)*1.1048)/E8 -> 0.084779606 | G8: =Submetering!AK8+Submetering!AL8+Submetering!AU8 -> 6965.9054 | H8: 0.8166 | I8: =Submetering!AF8+Submetering!AG8+Submetering!AV8+Submetering!AY8+Submetering!AZ8 -> 23937.302 | J8: =((Submetering!AG8+Submetering!BA8)*0.8868+(1712.96+1070.52)/30+(Submetering!AF8+Submetering!AY8+Submetering!AV8+Submetering!AZ8)*1.1251+(2076.11+129.67+207.57+207.57)/30+(11680.53+56.61)/30)/I8 -> 1.2029528 | K8: =Occupancy!H10 -> 9744.912
A9: Orlando | B9: 31 | C9: 8 | D9: 2018 | E9: =Submetering!F9+Submetering!H9+Submetering!J9+Submetering!L9+Submetering!N9+Submetering!P9+Submetering!R9+Submetering!T9+Submetering!V9+Submetering!X9+Submetering!Z9+Submetering!AB9+Submetering!AC9+Submetering!AD9+Submetering!AE9 -> 3227940 | F9: =((((Submetering!E9+Submetering!AD9)*0.13773+(Submetering!E9+Submetering!AD9)*0.02095)*1.09+(2.85/30)*2)+(((Submetering!F9+Submetering!H9+Submetering!J9+Submetering!L9+Submetering!N9+Submetering!P9+Submetering!R9+Submetering!T9+Submetering!V9+Submetering!X9+Submetering!Z9+Submetering!AB9+Submetering!AC9+Submetering!AE9)*0.05155)+((Submetering!F9+Submetering!H9+Submetering!J9+Submetering!L9+Submetering!N9+Submetering!P9+Submetering!R9+Submetering!T9+Submetering!V9+Submetering!X9+Submetering!Z9+Submetering!AB9+Submetering!AC9+Submetering!AE9)*0.02095)+(20/30)*15)*1.1048)/E9 -> 0.080376413 | G9: =Submetering!AK9+Submetering!AL9+Submetering!AU9 -> 8445.1428 | H9: 0.8166 | I9: =Submetering!AF9+Submetering!AG9+Submetering!AV9+Submetering!AY9+Submetering!AZ9 -> 13087.694 | J9: =((Submetering!AG9+Submetering!BA9)*0.8868+(1712.96+1070.52)/30+(Submetering!AF9+Submetering!AY9+Submetering!AV9+Submetering!AZ9)*1.1251+(2076.11+129.67+207.57+207.57)/30+(11680.53+56.61)/30)/I9 -> 1.1804275 | K9: =Occupancy!H11 -> 9882.552
A10: Orlando | B10: 30 | C10: 9 | D10: 2018 | E10: =Submetering!F10+Submetering!H10+Submetering!J10+Submetering!L10+Submetering!N10+Submetering!P10+Submetering!R10+Submetering!T10+Submetering!V10+Submetering!X10+Submetering!Z10+Submetering!AB10+Submetering!AC10+Submetering!AD10+Submetering!AE10 -> 346720 | F10: =((((Submetering!E10+Submetering!AD10)*0.13773+(Submetering!E10+Submetering!AD10)*0.02095)*1.09+(2.85/30)*2)+(((Submetering!F10+Submetering!H10+Submetering!J10+Submetering!L10+Submetering!N10+Submetering!P10+Submetering!R10+Submetering!T10+Submetering!V10+Submetering!X10+Submetering!Z10+Submetering!AB10+Submetering!AC10+Submetering!AE10)*0.05155)+((Submetering!F10+Submetering!H10+Submetering!J10+Submetering!L10+Submetering!N10+Submetering!P10+Submetering!R10+Submetering!T10+Submetering!V10+Submetering!X10+Submetering!Z10+Submetering!AB10+Submetering!AC10+Submetering!AE10)*0.02095)+(20/30)*15)*1.1048)/E10 -> 0.080432216 | G10: =Submetering!AK10+Submetering!AL10+Submetering!AU10 -> 1253.487 | H10: 0.8166 | I10: =Submetering!AF10+Submetering!AG10+Submetering!AV10+Submetering!AY10+Submetering!AZ10 -> 7083.9524 | J10: =((Submetering!AG10+Submetering!BA10)*0.8868+(1712.96+1070.52)/30+(Submetering!AF10+Submetering!AY10+Submetering!AV10+Submetering!AZ10)*1.1251+(2076.11+129.67+207.57+207.57)/30+(11680.53+56.61)/30)/I10 -> 1.4709521 | K10: =Occupancy!H12 -> 7858.8
A11: Orlando | B11: 31 | C11: 10 | D11: 2018 | E11: =Submetering!F11+Submetering!H11+Submetering!J11+Submetering!L11+Submetering!N11+Submetering!P11+Submetering!R11+Submetering!T11+Submetering!V11+Submetering!X11+Submetering!Z11+Submetering!AB11+Submetering!AC11+Submetering!AD11+Submetering!AE11 -> 1143320 | F11: =((((Submetering!E11+Submetering!AD11)*0.13773+(Submetering!E11+Submetering!AD11)*0.02095)*1.09+(2.85/30)*2)+(((Submetering!F11+Submetering!H11+Submetering!J11+Submetering!L11+Submetering!N11+Submetering!P11+Submetering!R11+Submetering!T11+Submetering!V11+Submetering!X11+Submetering!Z11+Submetering!AB11+Submetering!AC11+Submetering!AE11)*0.05155)+((Submetering!F11+Submetering!H11+Submetering!J11+Submetering!L11+Submetering!N11+Submetering!P11+Submetering!R11+Submetering!T11+Submetering!V11+Submetering!X11+Submetering!Z11+Submetering!AB11+Submetering!AC11+Submetering!AE11)*0.02095)+(20/30)*15)*1.1048)/E11 -> 0.08043777 | G11: =Submetering!AK11+Submetering!AL11+Submetering!AU11 -> 9816.464 | H11: 0.8166 | I11: =Submetering!AF11+Submetering!AG11+Submetering!AV11+Submetering!AY11+Submetering!AZ11 -> 19604.816 | J11: =((Submetering!AG11+Submetering!BA11)*0.8868+(1712.96+1070.52)/30+(Submetering!AF11+Submetering!AY11+Submetering!AV11+Submetering!AZ11)*1.1251+(2076.11+129.67+207.57+207.57)/30+(11680.53+56.61)/30)/I11 -> 1.3229947 | K11: =Occupancy!H13 -> 9676.092
A12: Orlando | B12: 4 | C12: 11 | D12: 2018 | E12: =Submetering!F12+Submetering!H12+Submetering!J12+Submetering!L12+Submetering!N12+Submetering!P12+Submetering!R12+Submetering!T12+Submetering!V12+Submetering!X12+Submetering!Z12+Submetering!AB12+Submetering!AC12+Submetering!AD12+Submetering!AE12 -> 159060 | F12: =((((Submetering!E12+Submetering!AD12)*0.13773+(Submetering!E12+Submetering!AD12)*0.02095)*1.09+(2.85/30)*2)+(((Submetering!F12+Submetering!H12+Submetering!J12+Submetering!L12+Submetering!N12+Submetering!P12+Submetering!R12+Submetering!T12+Submetering!V12+Submetering!X12+Submetering!Z12+Submetering!AB12+Submetering!AC12+Submetering!AE12)*0.05155)+((Submetering!F12+Submetering!H12+Submetering!J12+Submetering!L12+Submetering!N12+Submetering!P12+Submetering!R12+Submetering!T12+Submetering!V12+Submetering!X12+Submetering!Z12+Submetering!AB12+Submetering!AC12+Submetering!AE12)*0.02095)+(20/30)*15)*1.1048)/E12 -> 0.080554678 | G12: =Submetering!AK12+Submetering!AL12+Submetering!AU12 -> 2077.688 | H12: 0.8166 | I12: =Submetering!AF12+Submetering!AG12+Submetering!AV12+Submetering!AY12+Submetering!AZ12 -> 2708.792 | J12: =((Submetering!AG12+Submetering!BA12)*0.8868+(1712.96+1070.52)/30+(Submetering!AF12+Submetering!AY12+Submetering!AV12+Submetering!AZ12)*1.1251+(2076.11+129.67+207.57+207.57)/30+(11680.53+56.61)/30)/I12 -> 1.3118173
A13: Orlando | B13: 11 | C13: 11 | D13: 2018 | E13: =Submetering!F13+Submetering!H13+Submetering!J13+Submetering!L13+Submetering!N13+Submetering!P13+Submetering!R13+Submetering!T13+Submetering!V13+Submetering!X13+Submetering!Z13+Submetering!AB13+Submetering!AC13+Submetering!AD13+Submetering!AE13 -> 322860 | F13: =((((Submetering!E13+Submetering!AD13)*0.13773+(Submetering!E13+Submetering!AD13)*0.02095)*1.09+(2.85/30)*2)+(((Submetering!F13+Submetering!H13+Submetering!J13+Submetering!L13+Submetering!N13+Submetering!P13+Submetering!R13+Submetering!T13+Submetering!V13+Submetering!X13+Submetering!Z13+Submetering!AB13+Submetering!AC13+Submetering!AE13)*0.05155)+((Submetering!F13+Submetering!H13+Submetering!J13+Submetering!L13+Submetering!N13+Submetering!P13+Submetering!R13+Submetering!T13+Submetering!V13+Submetering!X13+Submetering!Z13+Submetering!AB13+Submetering!AC13+Submetering!AE13)*0.02095)+(20/30)*15)*1.1048)/E13 -> 0.08047888 | G13: =Submetering!AK13+Submetering!AL13+Submetering!AU13 -> 2667.904 | H13: 0.8166 | I13: =Submetering!AF13+Submetering!AG13+Submetering!AV13+Submetering!AY13+Submetering!AZ13 -> 5559.21 | J13: =((Submetering!AG13+Submetering!BA13)*0.8868+(1712.96+1070.52)/30+(Submetering!AF13+Submetering!AY13+Submetering!AV13+Submetering!AZ13)*1.1251+(2076.11+129.67+207.57+207.57)/30+(11680.53+56.61)/30)/I13 -> 1.2040296
A14: Orlando | B14: 18 | C14: 11 | D14: 2018 | E14: =Submetering!F14+Submetering!H14+Submetering!J14+Submetering!L14+Submetering!N14+Submetering!P14+Submetering!R14+Submetering!T14+Submetering!V14+Submetering!X14+Submetering!Z14+Submetering!AB14+Submetering!AC14+Submetering!AD14+Submetering!AE14 -> 305500 | F14: =((((Submetering!E14+Submetering!AD14)*0.13773+(Submetering!E14+Submetering!AD14)*0.02095)*1.09+(2.85/30)*2)+(((Submetering!F14+Submetering!H14+Submetering!J14+Submetering!L14+Submetering!N14+Submetering!P14+Submetering!R14+Submetering!T14+Submetering!V14+Submetering!X14+Submetering!Z14+Submetering!AB14+Submetering!AC14+Submetering!AE14)*0.05155)+((Submetering!F14+Submetering!H14+Submetering!J14+Submetering!L14+Submetering!N14+Submetering!P14+Submetering!R14+Submetering!T14+Submetering!V14+Submetering!X14+Submetering!Z14+Submetering!AB14+Submetering!AC14+Submetering!AE14)*0.02095)+(20/30)*15)*1.1048)/E14 -> 0.080505619 | G14: =Submetering!AK14+Submetering!AL14+Submetering!AU14 -> 4731.798 | H14: 0.8166 | I14: =Submetering!AF14+Submetering!AG14+Submetering!AV14+Submetering!AY14+Submetering!AZ14 -> 5688.486 | J14: =((Submetering!AG14+Submetering!BA14)*0.8868+(1712.96+1070.52)/30+(Submetering!AF14+Submetering!AY14+Submetering!AV14+Submetering!AZ14)*1.1251+(2076.11+129.67+207.57+207.57)/30+(11680.53+56.61)/30)/I14 -> 1.2009624
A15: Orlando | B15: 25 | C15: 11 | D15: 2018 | E15: =Submetering!F15+Submetering!H15+Submetering!J15+Submetering!L15+Submetering!N15+Submetering!P15+Submetering!R15+Submetering!T15+Submetering!V15+Submetering!X15+Submetering!Z15+Submetering!AB15+Submetering!AC15+Submetering!AD15+Submetering!AE15 -> 291040 | F15: =((((Submetering!E15+Submetering!AD15)*0.13773+(Submetering!E15+Submetering!AD15)*0.02095)*1.09+(2.85/30)*2)+(((Submetering!F15+Submetering!H15+Submetering!J15+Submetering!L15+Submetering!N15+Submetering!P15+Submetering!R15+Submetering!T15+Submetering!V15+Submetering!X15+Submetering!Z15+Submetering!AB15+Submetering!AC15+Submetering!AE15)*0.05155)+((Submetering!F15+Submetering!H15+Submetering!J15+Submetering!L15+Submetering!N15+Submetering!P15+Submetering!R15+Submetering!T15+Submetering!V15+Submetering!X15+Submetering!Z15+Submetering!AB15+Submetering!AC15+Submetering!AE15)*0.02095)+(20/30)*15)*1.1048)/E15 -> 0.080525871 | G15: =Submetering!AK15+Submetering!AL15+Submetering!AU15 -> 4946.536 | H15: 0.8166 | I15: =Submetering!AF15+Submetering!AG15+Submetering!AV15+Submetering!AY15+Submetering!AZ15 -> 5835.014 | J15: =((Submetering!AG15+Submetering!BA15)*0.8868+(1712.96+1070.52)/30+(Submetering!AF15+Submetering!AY15+Submetering!AV15+Submetering!AZ15)*1.1251+(2076.11+129.67+207.57+207.57)/30+(11680.53+56.61)/30)/I15 -> 1.1976917
A16: Orlando | B16: 31 | C16: 11 | D16: 2018 | E16: =Submetering!F16+Submetering!H16+Submetering!J16+Submetering!L16+Submetering!N16+Submetering!P16+Submetering!R16+Submetering!T16+Submetering!V16+Submetering!X16+Submetering!Z16+Submetering!AB16+Submetering!AC16+Submetering!AD16+Submetering!AE16 -> 273140 | F16: =((((Submetering!E16+Submetering!AD16)*0.13773+(Submetering!E16+Submetering!AD16)*0.02095)*1.09+(2.85/30)*2)+(((Submetering!F16+Submetering!H16+Submetering!J16+Submetering!L16+Submetering!N16+Submetering!P16+Submetering!R16+Submetering!T16+Submetering!V16+Submetering!X16+Submetering!Z16+Submetering!AB16+Submetering!AC16+Submetering!AE16)*0.05155)+((Submetering!F16+Submetering!H16+Submetering!J16+Submetering!L16+Submetering!N16+Submetering!P16+Submetering!R16+Submetering!T16+Submetering!V16+Submetering!X16+Submetering!Z16+Submetering!AB16+Submetering!AC16+Submetering!AE16)*0.02095)+(20/30)*15)*1.1048)/E16 -> 0.080554544 | G16: =Submetering!AK16+Submetering!AL16+Submetering!AU16 -> 6540.8982 | H16: 0.8166 | I16: =Submetering!AF16+Submetering!AG16+Submetering!AV16+Submetering!AY16+Submetering!AZ16 -> 5842.994 | J16: =((Submetering!AG16+Submetering!BA16)*0.8868+(1712.96+1070.52)/30+(Submetering!AF16+Submetering!AY16+Submetering!AV16+Submetering!AZ16)*1.1251+(2076.11+129.67+207.57+207.57)/30+(11680.53+56.61)/30)/I16 -> 1.6693973 | K16: =Occupancy!H14 -> 9923.4
A17: Orlando | B17: 9 | C17: 12 | D17: 2018 | E17: =Submetering!F17+Submetering!H17+Submetering!J17+Submetering!L17+Submetering!N17+Submetering!P17+Submetering!R17+Submetering!T17+Submetering!V17+Submetering!X17+Submetering!Z17+Submetering!AB17+Submetering!AC17+Submetering!AD17+Submetering!AE17 -> 281920 | F17: =((((Submetering!E17+Submetering!AD17)*0.13773+(Submetering!E17+Submetering!AD17)*0.02095)*1.09+(2.85/30)*2)+(((Submetering!F17+Submetering!H17+Submetering!J17+Submetering!L17+Submetering!N17+Submetering!P17+Submetering!R17+Submetering!T17+Submetering!V17+Submetering!X17+Submetering!Z17+Submetering!AB17+Submetering!AC17+Submetering!AE17)*0.05155)+((Submetering!F17+Submetering!H17+Submetering!J17+Submetering!L17+Submetering!N17+Submetering!P17+Submetering!R17+Submetering!T17+Submetering!V17+Submetering!X17+Submetering!Z17+Submetering!AB17+Submetering!AC17+Submetering!AE17)*0.02095)+(20/30)*15)*1.1048)/E17 -> 0.080544007 | G17: =Submetering!AK17+Submetering!AL17+Submetering!AU17 -> 6359.642 | H17: 0.8166 | I17: =Submetering!AF17+Submetering!AG17+Submetering!AV17+Submetering!AY17+Submetering!AZ17 -> 5029.414 | J17: =((Submetering!AG17+Submetering!BA17)*0.8868+(1712.96+1070.52)/30+(Submetering!AF17+Submetering!AY17+Submetering!AV17+Submetering!AZ17)*1.1251+(2076.11+129.67+207.57+207.57)/30+(11680.53+56.61)/30)/I17 -> 1.2117067
A18: Orlando | B18: 16 | C18: 12 | D18: 2018 | E18: =Submetering!F18+Submetering!H18+Submetering!J18+Submetering!L18+Submetering!N18+Submetering!P18+Submetering!R18+Submetering!T18+Submetering!V18+Submetering!X18+Submetering!Z18+Submetering!AB18+Submetering!AC18+Submetering!AD18+Submetering!AE18 -> 264140 | F18: =((((Submetering!E18+Submetering!AD18)*0.13773+(Submetering!E18+Submetering!AD18)*0.02095)*1.09+(2.85/30)*2)+(((Submetering!F18+Submetering!H18+Submetering!J18+Submetering!L18+Submetering!N18+Submetering!P18+Submetering!R18+Submetering!T18+Submetering!V18+Submetering!X18+Submetering!Z18+Submetering!AB18+Submetering!AC18+Submetering!AE18)*0.05155)+((Submetering!F18+Submetering!H18+Submetering!J18+Submetering!L18+Submetering!N18+Submetering!P18+Submetering!R18+Submetering!T18+Submetering!V18+Submetering!X18+Submetering!Z18+Submetering!AB18+Submetering!AC18+Submetering!AE18)*0.02095)+(20/30)*15)*1.1048)/E18 -> 0.080563552 | G18: =Submetering!AK18+Submetering!AL18+Submetering!AU18 -> 7138.034 | H18: 0.8166 | I18: =Submetering!AF18+Submetering!AG18+Submetering!AV18+Submetering!AY18+Submetering!AZ18 -> 4050.762 | J18: =((Submetering!AG18+Submetering!BA18)*0.8868+(1712.96+1070.52)/30+(Submetering!AF18+Submetering!AY18+Submetering!AV18+Submetering!AZ18)*1.1251+(2076.11+129.67+207.57+207.57)/30+(11680.53+56.61)/30)/I18 -> 1.2505368
A19: Orlando | B19: 31 | C19: 12 | D19: 2018 | E19: =Submetering!F19+Submetering!H19+Submetering!J19+Submetering!L19+Submetering!N19+Submetering!P19+Submetering!R19+Submetering!T19+Submetering!V19+Submetering!X19+Submetering!Z19+Submetering!AB19+Submetering!AC19+Submetering!AD19+Submetering!AE19 -> 1395848 | F19: =((((Submetering!E19+Submetering!AD19)*0.13773+(Submetering!E19+Submetering!AD19)*0.02095)*1.09+(2.85/30)*2)+(((Submetering!F19+Submetering!H19+Submetering!J19+Submetering!L19+Submetering!N19+Submetering!P19+Submetering!R19+Submetering!T19+Submetering!V19+Submetering!X19+Submetering!Z19+Submetering!AB19+Submetering!AC19+Submetering!AE19)*0.05155)+((Submetering!F19+Submetering!H19+Submetering!J19+Submetering!L19+Submetering!N19+Submetering!P19+Submetering!R19+Submetering!T19+Submetering!V19+Submetering!X19+Submetering!Z19+Submetering!AB19+Submetering!AC19+Submetering!AE19)*0.02095)+(20/30)*15)*1.1048)/E19 -> 0.075801292 | G19: =Submetering!AK19+Submetering!AL19+Submetering!AU19 -> 13785.446 | H19: 0.8166 | I19: =Submetering!AF19+Submetering!AG19+Submetering!AV19+Submetering!AY19+Submetering!AZ19 -> 11279.377 | J19: =((Submetering!AG19+Submetering!BA19)*0.8868+(1712.96+1070.52)/30+(Submetering!AF19+Submetering!AY19+Submetering!AV19+Submetering!AZ19)*1.1251+(2076.11+129.67+207.57+207.57)/30+(11680.53+56.61)/30)/I19 -> 1.2189458 | K19: =Occupancy!H15 -> 8795.196

Sheet Submetering
A1: Site Name | B1: Day | C1: Month | D1: Year | E1: 90 630 431 (KWh) | F1: 68 425 010 (KWh) | G1: T2392 (KWh) | H1: 68 425 008 (KWh) | I1: T7384 (KWh) | J1: 68 425 060 (KWh) | K1: T7380 (KWh) | L1: 68 425 097 (KWh) | M1: T7281 (KWh) | N1: 68 425 059 (KWh) | O1: T2390 (KWh) | P1: 68 425 077 (KWh) | Q1: T2395 (KWh) | R1: 68 425 078 (KWh) | S1: T2393 (KWh) | T1: 68 425 071 (KWh) | U1: T7285 (KWh) | V1: 68 425 093 (KWh) | W1: T7382 (KWh) | X1: 68 425 094 (KWh) | Y1: T2391 (KWh) | Z1: 90 625 242 (KWh) | AA1: T7283 (KWh) | AB1: 672 73 163 (KWh) | AC1: 676 62 513 (KWh) | AD1: 61 979 920 (KWh) | AE1: 56 253 208 (KWh) | AF1: Domestic Water from RCES 74860172 (m3) | AG1: Re-use Water from RCES 74860173 (m3) | AH1: Building A Fire Sprinkler System Make-up 44553004 (m3) | AI1: Building A Potable Water Feed 70275191 (m3) | AJ1: Steam Boilers Make-up Water 2130521 (m3) | AK1: Resort Natural Gas Meter 12C004186-C1 (m3) | AL1: Out Buildings Natural Gas Meter 93477704 (m3) | AM1: Cooling Tower Make-up Water 79177804 (m3) | AN1: Cooling Tower Blowdown Line Deduct 79305675 (m3) | AO1: Building E Potable Water Meter 79190041 (m3) | AP1: 7919004D | AQ1: Building J Irrigation Water Meter 79190039 (m3) | AR1: Lazy Pool River Make-up Water 79324776 (m3) | AS1: Pool Hydraunic Boiler Water Make-up 112014001775 (m3) | AT1: SPA Jacuzzi Water Make-up 112014001771 (m3) | AU1: Golf Clubhouse Natural Gas Meter 82SJ729151 (m3) | AV1: 73337589 - 1387142 | AW1: Golf Clubhouse Flushing Valve Deduct 65956268 (m3) | AX1: Clubhouse | AY1: Golf Maintenance Facility 1334021 (m3) | AZ1: Golf Course Comfort Stations 63265094 (m3) | BA1: Golf Course Re-use Irrigation 67327447 (m3)
A2: Orlando | B2: 31 | C2: 1 | D2: 2018 | E2: =Elect!AW5 -> 3070 | F2: =Elect!I5 -> 196480 | G2: =Elect!H5 -> 2.155 | H2: =Elect!E5 -> 190400 | I2: =Elect!D5 -> 2.054 | J2: =Elect!Y5 -> 164400 | K2: =Elect!X5 -> 1.848 | L2: =Elect!AS5 -> 9200 | M2: =Elect!AR5 -> 0.448 | N2: =Elect!AC5 -> 145500 | O2: =Elect!AB5 -> 1.945 | P2: =Elect!Q5 -> 58000 | Q2: =Elect!P5 -> 2.79 | R2: =Elect!M5 -> 58000 | S2: =Elect!L5 -> 2.92 | T2: =Elect!U5 -> 63200 | U2: =Elect!T5 -> 2.91 | V2: =Elect!AG5 -> 33440 | W2: =Elect!AF5 -> 5.23 | X2: =Elect!AK5 -> 20480 | Y2: =Elect!AJ5 -> 3.31 | Z2: =Elect!AO5 -> 229400 | AA2: =Elect!AN5 -> 2.174 | AB2: =Elect!BJ5 -> 9200 | AC2: =Elect!BG5 -> 60200 | AD2: =Elect!BM5 -> 3843 | AE2: =Elect!BP5 -> 8080 | AF2: =('Wtr-Gas'!E5)*0.0038 -> 18347.844 | AG2: =('Wtr-Gas'!H5)*0.0038 -> 1645.59 | AH2: ='Wtr-Gas'!K5*0.0038 -> 93.86 | AI2: ='Wtr-Gas'!N5*0.0038 -> 13262 | AJ2: ='Wtr-Gas'!Q5*0.0038 -> 167.2 | AK2: ='Wtr-Gas'!U5*0.0038 -> 3954.964 | AL2: ='Wtr-Gas'!X5*0.0038 -> 36692.914 | AM2: ='Wtr-Gas'!AB5*0.0038 -> 1193.2 | AN2: ='Wtr-Gas'!AD5*0.0038 -> 30996.231 | AO2: ='Wtr-Gas'!AF5*0.0038 -> 26.6 | AP2: ='Wtr-Gas'!AH5*0.0038 -> 1417.4 | AQ2: ='Wtr-Gas'!AJ5*0.0038 -> 179.5272 | AR2: ='Wtr-Gas'!AL5*0.0038 -> 2405.4 | AS2: ='Wtr-Gas'!AN5*0.0038 -> 0.038 | AT2: ='Wtr-Gas'!AP5*0.0038 -> 8.74 | AU2: ='Wtr-Gas'!AT5*0.0038 -> 1.7746 | AV2: ='Wtr-Gas'!AW5*0.0038 -> 1043.5332 | AW2: ='Wtr-Gas'!AY5*0.0038 -> 55.556 | AX2: ='Wtr-Gas'!AZ5*0.0038 -> 987.9772 | AY2: ='Wtr-Gas'!BB5*0.0038 -> 58.9 | AZ2: ='Wtr-Gas'!BD5*0.0038 -> 40.66 | BA2: ='Wtr-Gas'!BF5*0.0038 -> 78.2572
A3: Orlando | B3: 28 | C3: 2 | D3: 2018 | E3: =Elect!AW6 -> 2740 | F3: =Elect!I6 -> 180160 | G3: =Elect!H6 -> 2.118 | H3: =Elect!E6 -> 174720 | I3: =Elect!D6 -> 1.981 | J3: =Elect!Y6 -> 190200 | K3: =Elect!X6 -> 2.238 | L3: =Elect!AS6 -> 8480 | M3: =Elect!AR6 -> 0.42 | N3: =Elect!AC6 -> 204000 | O3: =Elect!AB6 -> 1.889 | P3: =Elect!Q6 -> 48000 | Q3: =Elect!P6 -> 2.25 | R3: =Elect!M6 -> 47600 | S3: =Elect!L6 -> 2.49 | T3: =Elect!U6 -> 50800 | U3: =Elect!T6 -> 2.58 | V3: =Elect!AG6 -> 31520 | W3: =Elect!AF6 -> 4.37 | X3: =Elect!AK6 -> 19840 | Y3: =Elect!AJ6 -> 3.53 | Z3: =Elect!AO6 -> 221800 | AA3: =Elect!AN6 -> 2.222 | AB3: =Elect!BJ6 -> 7800 | AC3: =Elect!BG6 -> 61300 | AD3: =Elect!BM6 -> 3169 | AE3: =Elect!BP6 -> 14320 | AF3: =('Wtr-Gas'!E6)*0.0038 -> 18519.718 | AG3: =('Wtr-Gas'!H6)*0.0038 -> 1462.506 | AH3: ='Wtr-Gas'!K6*0.0038 -> 63.08 | AI3: ='Wtr-Gas'!N6*0.0038 -> 13607.8 | AJ3: ='Wtr-Gas'!Q6*0.0038 -> 167.2 | AK3: ='Wtr-Gas'!U6*0.0038 -> 3161.182 | AL3: ='Wtr-Gas'!X6*0.0038 -> 17297.486 | AM3: ='Wtr-Gas'!AB6*0.0038 -> 1193.2 | AN3: ='Wtr-Gas'!AD6*0.0038 -> 58473.731 | AO3: ='Wtr-Gas'!AF6*0.0038 -> 26.6 | AP3: ='Wtr-Gas'!AH6*0.0038 -> 194974.2 | AQ3: ='Wtr-Gas'!AJ6*0.0038 -> 142.8154 | AR3: ='Wtr-Gas'!AL6*0.0038 -> 2287.6 | AS3: ='Wtr-Gas'!AN6*0.0038 -> 0.798 | AT3: ='Wtr-Gas'!AP6*0.0038 -> 5.928 | AU3: ='Wtr-Gas'!AT6*0.0038 -> 2.7474 | AV3: ='Wtr-Gas'!AW6*0.0038 -> 876.945 | AW3: ='Wtr-Gas'!AY6*0.0038 -> 28.766 | AX3: ='Wtr-Gas'!AZ6*0.0038 -> 848.179 | AY3: ='Wtr-Gas'!BB6*0.0038 -> 73.34 | AZ3: ='Wtr-Gas'!BD6*0.0038 -> 43.7 | BA3: ='Wtr-Gas'!BF6*0.0038 -> 2035.7436
A4: Orlando | B4: 1 | C4: 4 | D4: 2018 | E4: =Elect!AW7 -> 2953 | F4: =Elect!I7 -> 210560 | G4: =Elect!H7 -> 2.318 | H4: =Elect!E7 -> 200160 | I4: =Elect!D7 -> 2.043 | J4: =Elect!Y7 -> 209100 | K4: =Elect!X7 -> 1.983 | L4: =Elect!AS7 -> 9480 | M4: =Elect!AR7 -> 0.437 | N4: =Elect!AC7 -> 156600 | O4: =Elect!AB7 -> 1.552 | P4: =Elect!Q7 -> 56400 | Q4: =Elect!P7 -> 2.54 | R4: =Elect!M7 -> 56400 | S4: =Elect!L7 -> 2.61 | T4: =Elect!U7 -> 61200 | U4: =Elect!T7 -> 2.76 | V4: =Elect!AG7 -> 33600 | W4: =Elect!AF7 -> 3.8 | X4: =Elect!AK7 -> 19840 | Y4: =Elect!AJ7 -> 2.44 | Z4: =Elect!AO7 -> 252000 | AA4: =Elect!AN7 -> 2.301 | AB4: =Elect!BJ7 -> 8600 | AC4: =Elect!BG7 -> 64900 | AD4: =Elect!BM7 -> 3844 | AE4: =Elect!BP7 -> 19360 | AF4: =('Wtr-Gas'!E7)*0.0038 -> 21941.96 | AG4: =('Wtr-Gas'!H7)*0.0038 -> 4941.672 | AH4: ='Wtr-Gas'!K7*0.0038 -> 71.06 | AI4: ='Wtr-Gas'!N7*0.0038 -> 16362.8 | AJ4: ='Wtr-Gas'!Q7*0.0038 -> 462.84 | AK4: ='Wtr-Gas'!U7*0.0038 -> 3541.182 | AL4: ='Wtr-Gas'!X7*0.0038 -> 26087 | AM4: ='Wtr-Gas'!AB7*0.0038 -> 1820.2 | AN4: ='Wtr-Gas'!AD7*0.0038 -> 48358.249 | AO4: ='Wtr-Gas'!AF7*0.0038 -> 1227.4 | AP4: ='Wtr-Gas'!AH7*0.0038 -> 19494 | AQ4: ='Wtr-Gas'!AJ7*0.0038 -> 151.7036 | AR4: ='Wtr-Gas'!AL7*0.0038 -> 2641 | AS4: ='Wtr-Gas'!AN7*0.0038 -> 2.242 | AT4: ='Wtr-Gas'!AP7*0.0038 -> 13.338 | AU4: ='Wtr-Gas'!AT7*0.0038 -> 1.8772 | AV4: ='Wtr-Gas'!AW7*0.0038 -> 1034.3524 | AW4: ='Wtr-Gas'!AY7*0.0038 -> 58.824 | AX4: ='Wtr-Gas'!AZ7*0.0038 -> 975.5284 | AY4: ='Wtr-Gas'!BB7*0.0038 -> 71.82 | AZ4: ='Wtr-Gas'!BD7*0.0038 -> 68.78 | BA4: ='Wtr-Gas'!BF7*0.0038 -> 9082.3572
A5: Orlando | B5: 1 | C5: 5 | D5: 2018 | E5: =Elect!AW8 -> 2550 | F5: =Elect!I8 -> 194240 | G5: =Elect!H8 -> 2.226 | H5: =Elect!E8 -> 190720 | I5: =Elect!D8 -> 2.033 | J5: =Elect!Y8 -> 233400 | K5: =Elect!X8 -> 2.214 | L5: =Elect!AS8 -> 8280 | M5: =Elect!AR8 -> 0.39 | N5: =Elect!AC8 -> 228600 | O5: =Elect!AB8 -> 1.957 | P5: =Elect!Q8 -> 49600 | Q5: =Elect!P8 -> 2.25 | R5: =Elect!M8 -> 51600 | S5: =Elect!L8 -> 2.43 | T5: =Elect!U8 -> 55600 | U5: =Elect!T8 -> 2.65 | V5: =Elect!AG8 -> 31520 | W5: =Elect!AF8 -> 4.11 | X5: =Elect!AK8 -> 20960 | Y5: =Elect!AJ8 -> 3.54 | Z5: =Elect!AO8 -> 211200 | AA5: =Elect!AN8 -> 2.109 | AB5: =Elect!BJ8 -> 0 | AC5: =Elect!BG8 -> 0 | AD5: =Elect!BM8 -> 0 | AE5: =Elect!BP8 -> 0 | AF5: =('Wtr-Gas'!E8)*0.0038 -> 22782.596 | AG5: =('Wtr-Gas'!H8)*0.0038 -> 2506.214 | AH5: ='Wtr-Gas'!K8*0.0038 -> 53.58 | AI5: ='Wtr-Gas'!N8*0.0038 -> 15735.8 | AJ5: ='Wtr-Gas'!Q8*0.0038 -> 443.08 | AK5: ='Wtr-Gas'!U8*0.0038 -> 3665.974 | AL5: ='Wtr-Gas'!X8*0.0038 -> 14547.16 | AM5: ='Wtr-Gas'!AB8*0.0038 -> 2333.2 | AN5: ='Wtr-Gas'!AD8*0.0038 -> 66531.935 | AO5: ='Wtr-Gas'!AF8*0.0038 -> 748.6 | AP5: ='Wtr-Gas'!AH8*0.0038 -> 18148.8 | AQ5: ='Wtr-Gas'!AJ8*0.0038 -> 133.0988 | AR5: ='Wtr-Gas'!AL8*0.0038 -> 2135.6 | AS5: ='Wtr-Gas'!AN8*0.0038 -> 2.204 | AT5: ='Wtr-Gas'!AP8*0.0038 -> 5.168 | AU5: ='Wtr-Gas'!AT8*0.0038 -> 2.2458 | AV5: ='Wtr-Gas'!AW8*0.0038 -> 673.892 | AW5: ='Wtr-Gas'!AY8*0.0038 -> 0 | AX5: ='Wtr-Gas'!AZ8*0.0038 -> 673.892 | AY5: ='Wtr-Gas'!BB8*0.0038 -> 0 | AZ5: ='Wtr-Gas'!BD8*0.0038 -> 65.36 | BA5: ='Wtr-Gas'!BF8*0.0038 -> 2650.0592
A6: Orlando | B6: 4 | C6: 6 | D6: 2018 | E6: =Elect!AW9 -> 2764 | F6: =Elect!I9 -> 218080 | G6: =Elect!H9 -> 2.19 | H6: =Elect!E9 -> 214560 | I6: =Elect!D9 -> 2.061 | J6: =Elect!Y9 -> 327900 | K6: =Elect!X9 -> 2.833 | L6: =Elect!AS9 -> 9480 | M6: =Elect!AR9 -> 0.408 | N6: =Elect!AC9 -> 306900 | O6: =Elect!AB9 -> 2.257 | P6: =Elect!Q9 -> 59200 | Q6: =Elect!P9 -> 2.5 | R6: =Elect!M9 -> 60800 | S6: =Elect!L9 -> 2.86 | T6: =Elect!U9 -> 66400 | U6: =Elect!T9 -> 2.77 | V6: =Elect!AG9 -> 39840 | W6: =Elect!AF9 -> 8.67 | X6: =Elect!AK9 -> 23360 | Y6: =Elect!AJ9 -> 3.26 | Z6: =Elect!AO9 -> 243400 | AA6: =Elect!AN9 -> 2.244 | AB6: =Elect!BJ9 -> 0 | AC6: =Elect!BG9 -> 0 | AD6: =Elect!BM9 -> 0 | AE6: =Elect!BP9 -> 0 | AF6: =('Wtr-Gas'!E9)*0.0038 -> 22633.142 | AG6: =('Wtr-Gas'!H9)*0.0038 -> 2556.298 | AH6: ='Wtr-Gas'!K9*0.0038 -> 62.7 | AI6: ='Wtr-Gas'!N9*0.0038 -> 18316 | AJ6: ='Wtr-Gas'!Q9*0.0038 -> 186.2 | AK6: ='Wtr-Gas'!U9*0.0038 -> 3815.998 | AL6: ='Wtr-Gas'!X9*0.0038 -> 10658.544 | AM6: ='Wtr-Gas'!AB9*0.0038 -> 2040.6 | AN6: ='Wtr-Gas'!AD9*0.0038 -> 101274.45 | AO6: ='Wtr-Gas'!AF9*0.0038 -> 851.2 | AP6: ='Wtr-Gas'!AH9*0.0038 -> 13721.8 | AQ6: ='Wtr-Gas'!AJ9*0.0038 -> 86.9478 | AR6: ='Wtr-Gas'!AL9*0.0038 -> 988 | AS6: ='Wtr-Gas'!AN9*0.0038 -> 2.166 | AT6: ='Wtr-Gas'!AP9*0.0038 -> 11.552 | AU6: ='Wtr-Gas'!AT9*0.0038 -> 2.8424 | AV6: ='Wtr-Gas'!AW9*0.0038 -> 1151.4 | AW6: ='Wtr-Gas'!AY9*0.0038 -> 0 | AX6: ='Wtr-Gas'!AZ9*0.0038 -> 1151.4 | AY6: ='Wtr-Gas'!BB9*0.0038 -> 0 | AZ6: ='Wtr-Gas'!BD9*0.0038 -> 53.2 | BA6: ='Wtr-Gas'!BF9*0.0038 -> 4160.62
A7: Orlando | B7: 30 | C7: 6 | D7: 2018 | E7: =Elect!AW10 -> 2160 | F7: =Elect!I10 -> 178240 | G7: =Elect!H10 -> 2.309 | H7: =Elect!E10 -> 174080 | I7: =Elect!D10 -> 2.002 | J7: =Elect!Y10 -> 324600 | K7: =Elect!X10 -> 2.662 | L7: =Elect!AS10 -> 7720 | M7: =Elect!AR10 -> 0.423 | N7: =Elect!AC10 -> 303000 | O7: =Elect!AB10 -> 2.171 | P7: =Elect!Q10 -> 52000 | Q7: =Elect!P10 -> 2.54 | R7: =Elect!M10 -> 52800 | S7: =Elect!L10 -> 2.79 | T7: =Elect!U10 -> 51600 | U7: =Elect!T10 -> 2.9 | V7: =Elect!AG10 -> 29760 | W7: =Elect!AF10 -> 4.98 | X7: =Elect!AK10 -> 18080 | Y7: =Elect!AJ10 -> 3.78 | Z7: =Elect!AO10 -> 227800 | AA7: =Elect!AN10 -> 2.348 | AB7: =Elect!BJ10 -> 27500 | AC7: =Elect!BG10 -> 227900 | AD7: =Elect!BM10 -> 89184 | AE7: =Elect!BP10 -> 43560 | AF7: =('Wtr-Gas'!E10)*0.0038 -> 21164.48 | AG7: =('Wtr-Gas'!H10)*0.0038 -> 2265.218 | AH7: ='Wtr-Gas'!K10*0.0038 -> 29.26 | AI7: ='Wtr-Gas'!N10*0.0038 -> 16590.8 | AJ7: ='Wtr-Gas'!Q10*0.0038 -> 1.52 | AK7: ='Wtr-Gas'!U10*0.0038 -> 3281.908 | AL7: ='Wtr-Gas'!X10*0.0038 -> 3412.096 | AM7: ='Wtr-Gas'!AB10*0.0038 -> 2029.2 | AN7: ='Wtr-Gas'!AD10*0.0038 -> 102934.54 | AO7: ='Wtr-Gas'!AF10*0.0038 -> 684 | AP7: ='Wtr-Gas'!AH10*0.0038 -> 9754.6 | AQ7: ='Wtr-Gas'!AJ10*0.0038 -> 73.131 | AR7: ='Wtr-Gas'!AL10*0.0038 -> 946.2 | AS7: ='Wtr-Gas'!AN10*0.0038 -> 1.368 | AT7: ='Wtr-Gas'!AP10*0.0038 -> 8.36 | AU7: ='Wtr-Gas'!AT10*0.0038 -> 1.786 | AV7: ='Wtr-Gas'!AW10*0.0038 -> 862.6 | AW7: ='Wtr-Gas'!AY10*0.0038 -> 96.102 | AX7: ='Wtr-Gas'!AZ10*0.0038 -> 766.498 | AY7: ='Wtr-Gas'!BB10*0.0038 -> 215.84 | AZ7: ='Wtr-Gas'!BD10*0.0038 -> 11.4 | BA7: ='Wtr-Gas'!BF10*0.0038 -> 2873.5068
A8: Orlando | B8: 31 | C8: 7 | D8: 2018 | E8: =Elect!AW11 -> 2245 | F8: =Elect!I11 -> 182560 | G8: =Elect!H11 -> 2.112 | H8: =Elect!E11 -> 179200 | I8: =Elect!D11 -> 1.898 | J8: =Elect!Y11 -> 334800 | K8: =Elect!X11 -> 2.512 | L8: =Elect!AS11 -> 8280 | M8: =Elect!AR11 -> 0.409 | N8: =Elect!AC11 -> 315300 | O8: =Elect!AB11 -> 2.073 | P8: =Elect!Q11 -> 54000 | Q8: =Elect!P11 -> 2.5 | R8: =Elect!M11 -> 53200 | S8: =Elect!L11 -> 2.56 | T8: =Elect!U11 -> 56400 | U8: =Elect!T11 -> 2.55 | V8: =Elect!AG11 -> 28800 | W8: =Elect!AF11 -> 3.69 | X8: =Elect!AK11 -> 16800 | Y8: =Elect!AJ11 -> 2.91 | Z8: =Elect!AO11 -> 236800 | AA8: =Elect!AN11 -> 2.309 | AB8: =Elect!BJ11 -> 27500 | AC8: =Elect!BG11 -> 227900 | AD8: =Elect!BM11 -> 89184 | AE8: =Elect!BP11 -> 43650 | AF8: =('Wtr-Gas'!E11)*0.0038 -> 21069.746 | AG8: =('Wtr-Gas'!H11)*0.0038 -> 1902.736 | AH8: ='Wtr-Gas'!K11*0.0038 -> 33.44 | AI8: ='Wtr-Gas'!N11*0.0038 -> 17730.8 | AJ8: ='Wtr-Gas'!Q11*0.0038 -> 0 | AK8: ='Wtr-Gas'!U11*0.0038 -> 3281.908 | AL8: ='Wtr-Gas'!X11*0.0038 -> 3682.2 | AM8: ='Wtr-Gas'!AB11*0.0038 -> 2093.8 | AN8: ='Wtr-Gas'!AD11*0.0038 -> 105343.06 | AO8: ='Wtr-Gas'!AF11*0.0038 -> 573.8 | AP8: ='Wtr-Gas'!AH11*0.0038 -> 2036.8 | AQ8: ='Wtr-Gas'!AJ11*0.0038 -> 26.8318 | AR8: ='Wtr-Gas'!AL11*0.0038 -> 399 | AS8: ='Wtr-Gas'!AN11*0.0038 -> 1.406 | AT8: ='Wtr-Gas'!AP11*0.0038 -> 7.486 | AU8: ='Wtr-Gas'!AT11*0.0038 -> 1.7974 | AV8: ='Wtr-Gas'!AW11*0.0038 -> 919.6 | AW8: ='Wtr-Gas'!AY11*0.0038 -> 0 | AX8: ='Wtr-Gas'!AZ11*0.0038 -> 919.6 | AY8: ='Wtr-Gas'!BB11*0.0038 -> 37.62 | AZ8: ='Wtr-Gas'!BD11*0.0038 -> 7.6 | BA8: ='Wtr-Gas'!BF11*0.0038 -> 1968.4532
A9: Orlando | B9: 30 | C9: 8 | D9: 2018 | E9: =Elect!AW12 -> 5131 | F9: =Elect!I12 -> 392640 | G9: =Elect!H12 -> 2.106 | H9: =Elect!E12 -> 390400 | I9: =Elect!D12 -> 2.051 | J9: =Elect!Y12 -> 743100 | K9: =Elect!X12 -> 2.54 | L9: =Elect!AS12 -> 18360 | M9: =Elect!AR12 -> 0.412 | N9: =Elect!AC12 -> 713400 | O9: =Elect!AB12 -> 2.463 | P9: =Elect!Q12 -> 107200 | Q9: =Elect!P12 -> 2.21 | R9: =Elect!M12 -> 112400 | S9: =Elect!L12 -> 2.52 | T9: =Elect!U12 -> 114400 | U9: =Elect!T12 -> 2.64 | V9: =Elect!AG12 -> 62560 | W9: =Elect!AF12 -> 5.4 | X9: =Elect!AK12 -> 37280 | Y9: =Elect!AJ12 -> 3.61 | Z9: =Elect!AO12 -> 536200 | AA9: =Elect!AN12 -> 2.336 | AB9: =Elect!BJ12 -> 0 | AC9: =Elect!BG12 -> 0 | AD9: =Elect!BM12 -> 0 | AE9: =Elect!BP12 -> 0 | AF9: =('Wtr-Gas'!E12)*0.0038 -> 6522.738 | AG9: =('Wtr-Gas'!H12)*0.0038 -> 5394.556 | AH9: ='Wtr-Gas'!K12*0.0038 -> 136.04 | AI9: ='Wtr-Gas'!N12*0.0038 -> 35313.4 | AJ9: ='Wtr-Gas'!Q12*0.0038 -> 1463.76 | AK9: ='Wtr-Gas'!U12*0.0038 -> 679.82 | AL9: ='Wtr-Gas'!X12*0.0038 -> 7763.02 | AM9: ='Wtr-Gas'!AB12*0.0038 -> 4814.6 | AN9: ='Wtr-Gas'!AD12*0.0038 -> 255690.18 | AO9: ='Wtr-Gas'!AF12*0.0038 -> 1569.4 | AP9: ='Wtr-Gas'!AH12*0.0038 -> 16780.8 | AQ9: ='Wtr-Gas'!AJ12*0.0038 -> 240.5742 | AR9: ='Wtr-Gas'!AL12*0.0038 -> 1208.4 | AS9: ='Wtr-Gas'!AN12*0.0038 -> 3.42 | AT9: ='Wtr-Gas'!AP12*0.0038 -> 13.3 | AU9: ='Wtr-Gas'!AT12*0.0038 -> 2.3028 | AV9: ='Wtr-Gas'!AW12*0.0038 -> 1109.6 | AW9: ='Wtr-Gas'!AY12*0.0038 -> 0 | AX9: ='Wtr-Gas'!AZ12*0.0038 -> 1109.6 | AY9: ='Wtr-Gas'!BB12*0.0038 -> 57 | AZ9: ='Wtr-Gas'!BD12*0.0038 -> 3.8 | BA9: ='Wtr-Gas'!BF12*0.0038 -> 1621.84
A10: Orlando | B10: 23 | C10: 9 | D10: 2018 | E10: =Elect!AW13 -> 605 | F10: =Elect!I13 -> 44320 | G10: =Elect!H13 -> 2.18 | H10: =Elect!E13 -> 44960 | I10: =Elect!D13 -> 2.061 | J10: =Elect!Y13 -> 85500 | K10: =Elect!X13 -> 2.34 | L10: =Elect!AS13 -> 2080 | M10: =Elect!AR13 -> 0.412 | N10: =Elect!AC13 -> 55500 | O10: =Elect!AB13 -> 2.463 | P10: =Elect!Q13 -> 12000 | Q10: =Elect!P13 -> 2.22 | R10: =Elect!M13 -> 12000 | S10: =Elect!L13 -> 2.52 | T10: =Elect!U13 -> 13600 | U10: =Elect!T13 -> 2.78 | V10: =Elect!AG13 -> 12640 | W10: =Elect!AF13 -> 5.91 | X10: =Elect!AK13 -> 5120 | Y10: =Elect!AJ13 -> 3.63 | Z10: =Elect!AO13 -> 59000 | AA10: =Elect!AN13 -> 2.35 | AB10: =Elect!BJ13 -> 0 | AC10: =Elect!BG13 -> 0 | AD10: =Elect!BM13 -> 0 | AE10: =Elect!BP13 -> 0 | AF10: =('Wtr-Gas'!E13)*0.0038 -> 5202.884 | AG10: =('Wtr-Gas'!H13)*0.0038 -> 690.384 | AH10: ='Wtr-Gas'!K13*0.0038 -> 1.9 | AI10: ='Wtr-Gas'!N13*0.0038 -> 4028 | AJ10: ='Wtr-Gas'!Q13*0.0038 -> 0.38 | AK10: ='Wtr-Gas'!U13*0.0038 -> 81.662 | AL10: ='Wtr-Gas'!X13*0.0038 -> 1170.02 | AM10: ='Wtr-Gas'!AB13*0.0038 -> 577.6 | AN10: ='Wtr-Gas'!AD13*0.0038 -> 28579.192 | AO10: ='Wtr-Gas'!AF13*0.0038 -> 144.4 | AP10: ='Wtr-Gas'!AH13*0.0038 -> 3826.6 | AQ10: ='Wtr-Gas'!AJ13*0.0038 -> 26.7672 | AR10: ='Wtr-Gas'!AL13*0.0038 -> 323 | AS10: ='Wtr-Gas'!AN13*0.0038 -> 0.19 | AT10: ='Wtr-Gas'!AP13*0.0038 -> 1.368 | AU10: ='Wtr-Gas'!AT13*0.0038 -> 1.805 | AV10: ='Wtr-Gas'!AW13*0.0038 -> 1129.8844 | AW10: ='Wtr-Gas'!AY13*0.0038 -> 71.554 | AX10: ='Wtr-Gas'!AZ13*0.0038 -> 1058.3304 | AY10: ='Wtr-Gas'!BB13*0.0038 -> 57 | AZ10: ='Wtr-Gas'!BD13*0.0038 -> 3.8 | BA10: ='Wtr-Gas'!BF13*0.0038 -> 2303.94
A11: Orlando | B11: 31 | C11: 10 | D11: 2018 | E11: =Elect!AW14 -> 2181 | F11: =Elect!I14 -> 154080 | G11: =Elect!H14 -> 2.094 | H11: =Elect!E14 -> 153280 | I11: =Elect!D14 -> 2.033 | J11: =Elect!Y14 -> 231600 | K11: =Elect!X14 -> 2.138 | L11: =Elect!AS14 -> 6720 | M11: =Elect!AR14 -> 0.383 | N11: =Elect!AC14 -> 241800 | O11: =Elect!AB14 -> 1.872 | P11: =Elect!Q14 -> 41200 | Q11: =Elect!P14 -> 2.46 | R11: =Elect!M14 -> 40000 | S11: =Elect!L14 -> 2.48 | T11: =Elect!U14 -> 43200 | U11: =Elect!T14 -> 2.53 | V11: =Elect!AG14 -> 24160 | W11: =Elect!AF14 -> 4.42 | X11: =Elect!AK14 -> 14080 | Y11: =Elect!AJ14 -> 3.75 | Z11: =Elect!AO14 -> 193200 | AA11: =Elect!AN14 -> 2.122 | AB11: =Elect!BJ14 -> 0 | AC11: =Elect!BG14 -> 0 | AD11: =Elect!BM14 -> 0 | AE11: =Elect!BP14 -> 0 | AF11: =('Wtr-Gas'!E14)*0.0038 -> 16546.53 | AG11: =('Wtr-Gas'!H14)*0.0038 -> 2075.37 | AH11: ='Wtr-Gas'!K14*0.0038 -> 6.46 | AI11: ='Wtr-Gas'!N14*0.0038 -> 12790.8 | AJ11: ='Wtr-Gas'!Q14*0.0038 -> 0 | AK11: ='Wtr-Gas'!U14*0.0038 -> 267.558 | AL11: ='Wtr-Gas'!X14*0.0038 -> 9546.36 | AM11: ='Wtr-Gas'!AB14*0.0038 -> 1558 | AN11: ='Wtr-Gas'!AD14*0.0038 -> 83405.163 | AO11: ='Wtr-Gas'!AF14*0.0038 -> 429.4 | AP11: ='Wtr-Gas'!AH14*0.0038 -> 13771.2 | AQ11: ='Wtr-Gas'!AJ14*0.0038 -> 77.5884 | AR11: ='Wtr-Gas'!AL14*0.0038 -> 1037.4 | AS11: ='Wtr-Gas'!AN14*0.0038 -> 1.216 | AT11: ='Wtr-Gas'!AP14*0.0038 -> 5.206 | AU11: ='Wtr-Gas'!AT14*0.0038 -> 2.546 | AV11: ='Wtr-Gas'!AW14*0.0038 -> 914.5156 | AW11: ='Wtr-Gas'!AY14*0.0038 -> 0 | AX11: ='Wtr-Gas'!AZ14*0.0038 -> 914.5156 | AY11: ='Wtr-Gas'!BB14*0.0038 -> 64.6 | AZ11: ='Wtr-Gas'!BD14*0.0038 -> 3.8 | BA11: ='Wtr-Gas'!BF14*0.0038 -> 4288.3
A12: Orlando | B12: 4 | C12: 11 | D12: 2018 | E12: =Elect!AW15 -> 355 | F12: =Elect!I15 -> 24320 | G12: =Elect!H15 -> 2.219 | H12: =Elect!E15 -> 23040 | I12: =Elect!D15 -> 2.033 | J12: =Elect!Y15 -> 30300 | K12: =Elect!X15 -> 2.338 | L12: =Elect!AS15 -> 1000 | M12: =Elect!AR15 -> 0.383 | N12: =Elect!AC15 -> 24000 | O12: =Elect!AB15 -> 1.872 | P12: =Elect!Q15 -> 10400 | Q12: =Elect!P15 -> 2.46 | R12: =Elect!M15 -> 6400 | S12: =Elect!L15 -> 2.48 | T12: =Elect!U15 -> 6800 | U12: =Elect!T15 -> 2.53 | V12: =Elect!AG15 -> 3520 | W12: =Elect!AF15 -> 4.42 | X12: =Elect!AK15 -> 2080 | Y12: =Elect!AJ15 -> 3.25 | Z12: =Elect!AO15 -> 27200 | AA12: =Elect!AN15 -> 2.22 | AB12: =Elect!BJ15 -> 0 | AC12: =Elect!BG15 -> 0 | AD12: =Elect!BM15 -> 0 | AE12: =Elect!BP15 -> 0 | AF12: =('Wtr-Gas'!E15)*0.0038 -> 2433.482 | AG12: =('Wtr-Gas'!H15)*0.0038 -> 275.31 | AH12: ='Wtr-Gas'!K15*0.0038 -> 1.14 | AI12: ='Wtr-Gas'!N15*0.0038 -> 1744.2 | AJ12: ='Wtr-Gas'!Q15*0.0038 -> 0 | AK12: ='Wtr-Gas'!U15*0.0038 -> 39.748 | AL12: ='Wtr-Gas'!X15*0.0038 -> 2037.94 | AM12: ='Wtr-Gas'!AB15*0.0038 -> 182.4 | AN12: ='Wtr-Gas'!AD15*0.0038 -> 10175.473 | AO12: ='Wtr-Gas'!AF15*0.0038 -> 49.4 | AP12: ='Wtr-Gas'!AH15*0.0038 -> 1820.2 | AQ12: ='Wtr-Gas'!AJ15*0.0038 -> 7.5848 | AR12: ='Wtr-Gas'!AL15*0.0038 -> 201.4 | AS12: ='Wtr-Gas'!AN15*0.0038 -> 0.19 | AT12: ='Wtr-Gas'!AP15*0.0038 -> 0.608 | AU12: ='Wtr-Gas'!AT15*0.0038 -> 0 | AV12: ='Wtr-Gas'!AW15*0.0038 -> 0 | AW12: ='Wtr-Gas'!AY15*0.0038 -> 0 | AX12: ='Wtr-Gas'!AZ15*0.0038 -> 0 | AY12: ='Wtr-Gas'!BB15*0.0038 -> 0 | AZ12: ='Wtr-Gas'!BD15*0.0038 -> 0 | BA12: ='Wtr-Gas'!BF15*0.0038 -> 0
A13: Orlando | B13: 11 | C13: 11 | D13: 2018 | E13: =Elect!AW16 -> 646 | F13: =Elect!I16 -> 44800 | G13: =Elect!H16 -> 2.219 | H13: =Elect!E16 -> 44800 | I13: =Elect!D16 -> 2.033 | J13: =Elect!Y16 -> 88200 | K13: =Elect!X16 -> 2.476 | L13: =Elect!AS16 -> 1920 | M13: =Elect!AR16 -> 0.386 | N13: =Elect!AC16 -> 43500 | O13: =Elect!AB16 -> 1.872 | P13: =Elect!Q16 -> 8000 | Q13: =Elect!P16 -> 2.46 | R13: =Elect!M16 -> 12000 | S13: =Elect!L16 -> 2.48 | T13: =Elect!U16 -> 12800 | U13: =Elect!T16 -> 2.56 | V13: =Elect!AG16 -> 7360 | W13: =Elect!AF16 -> 4.42 | X13: =Elect!AK16 -> 4480 | Y13: =Elect!AJ16 -> 4 | Z13: =Elect!AO16 -> 55000 | AA13: =Elect!AN16 -> 2.22 | AB13: =Elect!BJ16 -> 0 | AC13: =Elect!BG16 -> 0 | AD13: =Elect!BM16 -> 0 | AE13: =Elect!BP16 -> 0 | AF13: =('Wtr-Gas'!E16)*0.0038 -> 5002.776 | AG13: =('Wtr-Gas'!H16)*0.0038 -> 556.434 | AH13: ='Wtr-Gas'!K16*0.0038 -> 1.9 | AI13: ='Wtr-Gas'!N16*0.0038 -> 3838 | AJ13: ='Wtr-Gas'!Q16*0.0038 -> 0 | AK13: ='Wtr-Gas'!U16*0.0038 -> 75.924 | AL13: ='Wtr-Gas'!X16*0.0038 -> 2591.98 | AM13: ='Wtr-Gas'!AB16*0.0038 -> 414.2 | AN13: ='Wtr-Gas'!AD16*0.0038 -> 23616.768 | AO13: ='Wtr-Gas'!AF16*0.0038 -> 57 | AP13: ='Wtr-Gas'!AH16*0.0038 -> 3602.4 | AQ13: ='Wtr-Gas'!AJ16*0.0038 -> 43.8368 | AR13: ='Wtr-Gas'!AL16*0.0038 -> 399 | AS13: ='Wtr-Gas'!AN16*0.0038 -> 0.304 | AT13: ='Wtr-Gas'!AP16*0.0038 -> 1.254 | AU13: ='Wtr-Gas'!AT16*0.0038 -> 0 | AV13: ='Wtr-Gas'!AW16*0.0038 -> 0 | AW13: ='Wtr-Gas'!AY16*0.0038 -> 0 | AX13: ='Wtr-Gas'!AZ16*0.0038 -> 0 | AY13: ='Wtr-Gas'!BB16*0.0038 -> 0 | AZ13: ='Wtr-Gas'!BD16*0.0038 -> 0 | BA13: ='Wtr-Gas'!BF16*0.0038 -> 0
... A19: Orlando | B19: 31 | C19: 12 | D19: 2018 | E19: =Elect!AW22 -> 1410 | F19: =Elect!I22 -> 101760 | G19: =Elect!H22 -> 2.433 | H19: =Elect!E22 -> 97440 | I19: =Elect!D22 -> 2.115 | J19: =Elect!Y22 -> 98700 | K19: =Elect!X22 -> 1.547 | L19: =Elect!AS22 -> 4200 | M19: =Elect!AR22 -> 0.401 | N19: =Elect!AC22 -> 80400 | O19: =Elect!AB22 -> 1.541 | P19: =Elect!Q22 -> 27200 | Q19: =Elect!P22 -> 2.72 | R19: =Elect!M22 -> 25600 | S19: =Elect!L22 -> 2.65 | T19: =Elect!U22 -> 28000 | U19: =Elect!T22 -> 2.73 | V19: =Elect!AG22 -> 14400 | W19: =Elect!AF22 -> 3.64 | X19: =Elect!AK22 -> 8640 | Y19: =Elect!AJ22 -> 2.5 | Z19: =Elect!AO22 -> 120600 | AA19: =Elect!AN22 -> 2.289 | AB19: =Elect!BJ22 -> 81800 | AC19: =Elect!BG22 -> 676200 | AD19: =Elect!BM22 -> -67332 | AE19: =Elect!BP22 -> 98240 | AF19: =('Wtr-Gas'!E22)*0.0038 -> 9988.186 | AG19: =('Wtr-Gas'!H22)*0.0038 -> 15.694 | AH19: ='Wtr-Gas'!K22*0.0038 -> 20.52 | AI19: ='Wtr-Gas'!N22*0.0038 -> 7413.8 | AJ19: ='Wtr-Gas'!Q22*0.0038 -> 0 | AK19: ='Wtr-Gas'!U22*0.0038 -> 191.71 | AL19: ='Wtr-Gas'!X22*0.0038 -> 13591.84 | AM19: ='Wtr-Gas'!AB22*0.0038 -> 3.8 | AN19: ='Wtr-Gas'!AD22*0.0038 -> 25537.634 | AO19: ='Wtr-Gas'!AF22*0.0038 -> 714.4 | AP19: ='Wtr-Gas'!AH22*0.0038 -> 6659602.6 | AQ19: ='Wtr-Gas'!AJ22*0.0038 -> 86.754 | AR19: ='Wtr-Gas'!AL22*0.0038 -> 779 | AS19: ='Wtr-Gas'!AN22*0.0038 -> 0 | AT19: ='Wtr-Gas'!AP22*0.0038 -> 2.698 | AU19: ='Wtr-Gas'!AT22*0.0038 -> 1.8962 | AV19: ='Wtr-Gas'!AW22*0.0038 -> 1212.4166 | AW19: ='Wtr-Gas'!AY22*0.0038 -> 45.486 | AX19: ='Wtr-Gas'!AZ22*0.0038 -> 1166.9306 | AY19: ='Wtr-Gas'!BB22*0.0038 -> 59.28 | AZ19: ='Wtr-Gas'!BD22*0.0038 -> 3.8 | BA19: ='Wtr-Gas'!BF22*0.0038 -> 553.5384

Sheet Info
B4: Electrical
B5: Location | C5: Transformer # | D5: Meter Serial # | E5: Reedy Creek # | F5: Service Area | G5: Multiplier | I5: Reedy Creek Description
B6: Service Yard #2 | C6: T7384 | D6: 68 425 008 | E6: CC0913A018 | G6: 160 | I6: HSB2 Section 1&2, Building A
B7: Service Yard #2 | C7: T2392 | D7: 68 425 010 | E7: CC0913A020 | G7: 160 | I7: HSB2 Section 4&5, Building A
B8: Service Yard #2 | C8: T2393 | D8: 68 425 078 | E8: CC0913A060 | G8: 400 | I8: LSB2 Building A - T2395
B9: Service Yard #2 | C9: T2395 | D9: 68 425 077 | E9: CC0913A059 | G9: 400 | I9: LSB2 Building A - T2393
B10: Service Yard #2 | C10: T7285 | D10: 68 425 071 | E10: CC0913A081 | G10: 400 | I10: LSB2 Building A - T7285
B11: Service Yard #1 | C11: T7380 | D11: 68 425 060 | E11: CC0913A054 | G11: 300 | I11: Main Electric Room #1
B12: Service Yard #1 | C12: T2390 | D12: 68 425 059 | E12: CC0913A053 | G12: 300 | I12: Service Yard #1
B13: Service Yard #1 | C13: T7382 | D13: 68 425 093 | E13: CC0913A075 | G13: 160 | I13: Main Electric Room #1 South
B14: Service Yard #1 | C14: T2391 | D14: 68 425 094 | E14: CC0913A076 | G14: 160 | I14: Main Electric Room #1 South
B15: Servcie Yard #3 | C15: T7283 | D15: 90 625 242 | E15: CC0912A18 | G15: 200 | I15: Out Buildings
B16: Servcie Yard #3 | C16: T7281 | D16: 68 425 097 | E16: CC0913A095 | G16: 40 | I16: Out Buildings
B17: Remote Parking Lot Lights | C17: T2009 | D17: 90 630 431 | E17: CS0212A003 | G17: 1 | I17: Employee Parking Lot Lights
B18: Golf Maintenance | D18: 67273163 | E18: CC0612A036 | I18: Golf Maintenace
B19: Golf Clubhouse | D19: 67662513 | E19: CG0612A084 | I19: Golf Clubhouse
B20: Golf Comfort Stations | D20: 61979920 | E20: CS0210A030 | I20: Comfort Stations
B21: Golf Irrigation Pump House | D21: 56253208 | E21: IC0608A03 | I21: Irrigation Pump House
B24: Water
B25: Service Entry | D25: 74860172 | E25: x10 | F25: Main Potable Water Feed | I25: Water
B26: Service Entry | D26: 74860173 | E26: x10 | F26: Re-use Water Feed | I26: Reclaimed Water
B27: Pump Room | D27: 44553004 | E27: x10 | F27: Fire System Make-up Feed
B28: Pump Room | D28: 70275191 | E28: x100 | F28: PW Feed for Bldg A | I28: Installed 1/31/14
B29: Boiler Room | D29: 2130521 | E29: x100 | F29: Steam Boiler M/U Water | I29: Installed 4/15/14
B31: Deduct Meters | C31: Added 7/15
B32: Chiller Room | D32: 79177804 | E32: x1 | F32: Make-up to Cooling Towers
B33: Chiller Room | D33: 79305675 | E33: x1 | F33: Cooling Tower Blowdown
B34: Building E | D34: 7919004D | E34: x1000 | F34: Irrigation Water
B35: Building E | D35: 79190041 | E35: x1000 | F35: Potable Water
B36: Building J | D36: 79190039 | E36: x1 | F36: Irrigation Water
B37: Lazy River | C37: Added 10/20/15 | D37: 79324776 | E37: x1000 | F37: Potable make-up water for Lazy River
B38: Building E - Inside | C38: Added 11/24/15 | D38: 112014001775 | E38: x100 | F38: Pool Hydranic Heater Make-up Water
B39: Service Yard #2 | C39: Added 11/24/15 | D39: 112014001771 | E39: x100 | F39: Mens and Womens Spa Pool Make-up Water
B43: Changes to Meters
B44: Exterior Pump Room | D44: 12C004186-C1 | E44: x100 | F44: Main Gas Feed | I44: Meter changed on 11/19/14
D45: 04B000408 | E45: 41962 | I45: New Meter Serial Number - Start Number 4668
B46: Golf Course Irrigation | D46: 80606729 | E46: 42522 | I46: New Meter Serial Number - Start Number 0
B48: Cooling Tower M/U Meter | D48: 85492530 | E48: 43698 | I48: Meter Changed by RCID
B51: Disputed Bill | D51: Customer # | E51: Account #
D52: 10816233 | E52: 2236896 | I52: ???

Sheet Logsheet
B1: Four Seasons Utility Readings
N2: updated 9/1/19
B3: Water Meters
B4: 74860172 | D4: 74860173 | F4: 44553004 | H4: 70275191 | J4: 2130521 | L4: 04B000408 | N4: 93477704
B6: Main PW Feed | D6: Main RW Feed | F6: Fire Prot Water Feed | H6: Potable Wtr Bldg A | J6: Steam Boiler M/U | L6: Main Gas Meter 2# | N6: Main Gas Meter 5#
B9: 85492530 | D9: 79305675 | F9: 79190041 | H9: 7919004D | J9: 79190039 | L9: 79324776
B10: Chiller Room | D10: Chiller Room | F10: Building E | H10: Building E | J10: Building J | L10: Lazy River | N10: Capa Terrace
B11: Cooling Tower M/U | D11: Cooling Tower Bleed | F11: Potable Water | H11: Irrigation | J11: Irrigation | L11: Potable Water | N11: Landscaping Mtr
B14: Electric Meters Service Yard #2
B15: CC0913A018 | D15: CC0913A020 | F15: CC0913A060 | H15: CC0913A059 | J15: CC0913A081
B16: 68 425 008 | C16: T7384 | D16: 68 425 010 | E16: T2392 | F16: 68 425 078 | G16: T2393 | H16: 68 425 077 | I16: T2395 | J16: 68 425 071 | K16: T7285
B17: KWH | C17: Demand | D17: KWH | E17: Demand | F17: KWH | G17: Demand | H17: KWH | I17: Demand | J17: KWH | K17: Demand
B20: Central Plant Service Yard | J20: Building E
B21: CC0913A054 | D21: CC0913A053 | F21: CC0913A075 | H21: CC0913A076 | J21: CC0912A18 | L21: CC0913A095
B22: 68 425 060 | C22: T7380 | D22: 68 425 059 | E22: T2390 | F22: 68 425 093 | G22: T7382 | H22: 68 425 094 | I22: T2391 | J22: 90 625 242 | K22: T7283 | L22: 68 425 097 | M22: T7281
B23: KWH | C23: Demand | D23: KWH | E23: Demand | F23: KWH | G23: Demand | H23: KWH | I23: Demand | J23: KWH | K23: Demand | L23: KWH | M23: Demand
B26: Employee Parking | D26: Emerg Generator | J26: 112014001775 | L26: 112014001771
B27: CS0212A003 | D27: GEN01 | J27: Building E - Inside | L27: Service Yard #2
B28: 90 630 431 | C28: T2009 | D28: Tank Level | J28: Pool Hydranic Heater | L28: Spa Jacuzzi's
B29: KWH | D29: 1/4-3/4 | J29: Make-up Water | L29: Make-up Water

Sheet Golf Logsheet
B2: Water Meters
B3: 73337589 | D3: 65956268 | F3: 1334021 | H3: 63265094 | J3: 80606729
B5: Club House | D5: Club House Deduct | F5: Golf Maintenance | H5: Comfort Stations | J5: Irrigation Reclaim Water
B8: Electric Meters
B9: CG0612A084 | D9: CC0612A036 | H9: CS0210A0300 | J9: IC0608A03
B10: 676 62 513 | D10: 672 73 163 | H10: 61 979 920 | J10: 56 253 208
B11: Club House | D11: Golf Maintenance | H11: Comfort Stations | J11: Irrigation Pump House
B14: Natural Gas / Petroleum
B15: 82SJ729151 | D15: Propane Tank #1 | F15: Propane Tank #2 | H15: Unleaded Tank | J15: Diesel Tank | L15: Lube Oil Tank
B16: 46801014
B17: Nat Gas-Clubhouse | D17: Golf Maintenance | F17: Golf Maintenance | H17: Golf Mainenance | J17: Golf Maintenance | L17: Golf Maintenance

Sheet Graphs
B2: Jan | C2: Feb | D2: Mar | E2: Apr | F2: May | G2: Jun | H2: Jul | I2: Aug | J2: Sep | K2: Oct | L2: Nov | M2: Dec | O2: KWH | P2: Fuel Surcharge | Q2: Demand
Z3: Electric | AA3: Gas
Y5: 2015 | Z5: =([1]Elect!#REF!) -> #REF!
Y6: 2016 | Z6: =([1]Elect!#REF!) -> #REF!
Y7: 2017 | Z7: =([1]Elect!#REF!) -> #REF!
Y8: 2018 | Z8: =([1]Elect!#REF!) -> #REF!
Y9: 2019 | Z9: =([1]Elect!#REF!) -> #REF!
X21: hi

Sheet Drawing
B3: Utility Distribution
B4: Four Seasons Resort Orlando at Walt Disney World Resort
B5: Electrical, Potable Water, Re-use Water, Natural Gas
AU14: Water Deduct Meters downstream | BX14: Golf Course Water
AU15: of the main water meter for the Resort | BX15: Distribution
AU16: Meter Numbers Listed | BX16: Meter Numbers Listed
AY18: Bldg A Fire | CL18: Golf Clubhouse
AY19: Sprinkler System | BY19: Golf Clubhouse | CL19: Flushing Valve
AY20: Make-up | BY20: 73337589 | CL20: Deduct
AY21: 44553004 | CL21: 65956268
G22: 12" Potable Water Line | AA22: Domestic Water
G23: Feed from | AA23: from RCES
G24: RCES | AA24: 74860172
AY25: Bdlg A Potable | BY25: Golf Maint
AY26: Water Feed | BY26: Facility
AY27: 70275191 | BY27: 1334021
CK28: Golf Course
M29: 8" Re-use Water Line | AA29: Re-use Water | CK29: Re-Use Irrigation
M30: Feed from | AA30: from RCES | CK30: 67327447
M31: RCES | AA31: 74860173
BY32: Golf Course
AY33: Steam Boilers | BY33: Comfort Stations
AY34: Make-up Water | BY34: 63265094
AY35: 2130521
AJ36: Landscaping
AJ37: Re-use System
AY40: Cooling Tower | BL40: Cooling Twr
AA41: Out Buildings | AY41: Make-up Water | BL41: Blowdown
AA42: Natural Gas Meter | AY42: 79177804 | BL42: Line Deduct
AA43: 93477704 | BL43: 79305675
M45: Natural Gas
M46: Feed at 50 PSI
M47: Reduced to 2 PSI | AY47: Bldg E Potable
M48: for building | AA48: Resort Natural | AY48: Water Meter
M49: Distribution | AA49: Gas Meter | AY49: 79190041
AA50: 12C004186-C1
AY54: Bldg J Irrigation
AY55: Water Meter
AA56: Golf Clubhouse | AY56: 79190039
AA57: Natural Gas
AA58: Meter
AA59: 82SJ729151
E61: Electrical Distribution | AY61: Lazy River
E62: 12470 Volts distributed by RCES on 2 separate feeders to the Resort | AY62: Pool Make-up
AY63: 79324776
F66: Service
F67: Yard | P67: T7380 | W67: T2390 | AD67: T7382 | AK67: T2391
F68: #1 | P68: 68 425 060 | W68: 68 425 059 | AD68: 68 425 093 | AK68: 68 425 094 | AY68: Pool Hydraunic
AY69: Boiler Water
AY70: Make-up
AY71: 112014001775
D75: Service | AY75: Spa Jacuzzi
D76: Yard | J76: T7384 | Q76: T2392 | X76: T2393 | AE76: T2395 | AL76: T7285 | AY76: Water
D77: #2 | J77: 68 425 008 | Q77: 68 425 010 | X77: 68 425 078 | AE77: 68 425 077 | AL77: 68 425 071 | AY77: Make-up
AY78: 112014001771
J84: Service
J85: Yard | Q85: T7283 | X85: T7281
J86: #3 | Q86: 90 625 242 | X86: 68 425 097
G93: Golf
G94: Course & | O94: Club House | V94: Golf Maint. | AB94: Cmft Stations | AJ94: Irrigation
G95: Clubhouse | O95: 676 62 513 | V95: 672 73 163 | AC95: 61 979 920 | AJ95: 56 253 208

Sheet Occupancy
B3: CDD | C3: HDD | E3: % Occ | F3: 2018 | I3: CDD | J3: HDD
A4: Jan | B4: 159 | C4: 46 | E4: 75.9 | F4: 0.759 | G4: 13764 | H4: =SUM(F4*G4) -> 10446.876 | I4: 192 | J4: 31
A5: Feb | B5: 156 | C5: 76 | E5: 78.2 | F5: 0.782 | G5: 12432 | H5: =SUM(F5*G5) -> 9721.824 | I5: 125 | J5: 125
A6: Mar | B6: 264 | C6: 18 | E6: 85.6 | F6: 0.856 | G6: 13764 | H6: =SUM(F6*G6) -> 11781.984 | I6: 239 | J6: 21
A7: Apr | B7: 415 | C7: 0 | E7: 83.7 | F7: 0.837 | G7: 13320 | H7: =SUM(F7*G7) -> 11148.84 | I7: 328 | J7: 1
A8: May | B8: 487 | C8: 0 | E8: 75.9 | F8: 0.759 | G8: 13764 | H8: =SUM(F8*G8) -> 10446.876 | I8: 440 | J8: 0
A9: Jun | B9: 502 | C9: 0 | E9: 74.5 | F9: 0.745 | G9: 13320 | H9: =SUM(F9*G9) -> 9923.4 | I9: 477 | J9: 0
A10: Jul | B10: 492 | C10: 0 | E10: 70.8 | F10: 0.708 | G10: 13764 | H10: =SUM(F10*G10) -> 9744.912 | I10: 495 | J10: 0
A11: Aug | B11: 475 | C11: 0 | E11: 71.8 | F11: 0.718 | G11: 13764 | H11: =SUM(F11*G11) -> 9882.552 | I11: 500 | J11: 0
A12: Sep | B12: 500 | C12: 0 | E12: 59 | F12: 0.59 | G12: 13320 | H12: =SUM(F12*G12) -> 7858.8 | I12: 377 | J12: 8
A13: Oct | B13: 431 | C13: 66 | E13: 70.3 | F13: 0.703 | G13: 13764 | H13: =SUM(F13*G13) -> 9676.092 | I13: 187 | J13: 72
A14: Nov | B14: 167 | C14: 80 | E14: 74.5 | F14: 0.745 | G14: 13320 | H14: =SUM(F14*G14) -> 9923.4 | I14: 104 | J14: 146
A15: Dec | B15: 140 | C15: 133 | E15: 63.9 | F15: 0.639 | G15: 13764 | H15: =SUM(F15*G15) -> 8795.196 | I15: 68 | J15: 214
G16: =SUM(G4:G15) -> 162060 | H16: =SUM(H4:H15) -> 119350.75
L25: 2017 | M25: 2018 | N25: 2019
K26: Occupied Guest Rooms | L26: 120328 | M26: 119350 | N26: 91868
K27: Electric KWH | L27: 17910500 | M27: 17636409 | N27: 13838299
K28: Electrical Use per Occupied Room | L28: =SUM(L27/L26) -> 148.84732 | M28: =SUM(M27/M26) -> 147.7705 | N28: =SUM(N27/N26) -> 150.63242
K29: Gas CCF | L29: 600069 | M29: 584640 | N29: 432248
K30: Gas Use Per Occupied Room | L30: =SUM(L29/L26) -> 4.986944 | M30: =SUM(M29/M26) -> 4.8985337 | N30: =SUM(N29/N26) -> 4.7050986
K32: 2019 Totals are through Sept 30th

Sheet Elect
B1: 2018 | C1: CC0913A018 | G1: CC0913A020 | K1: CC0913A060 | O1: CC0913A059 | S1: CC0913A081 | W1: CC0913A054 | AA1: CC0913A053 | AE1: CC0913A075 | AI1: CC0913A076 | AM1: CC0912A18 | AQ1: CC0913A095 | AU1: CS0212A003 | BA1: Water Pk | BB1: % of KWH | BF1: CG0612A084 | BI1: CC0612A036 | BL1: CS0210A030 | BO1: IIC0608A03 | BU1: KWH | BY1: Account # - 02230191 | CC1: Meter # - CC0913A020 | CL1: Meter # - CC0913A018 | CU1: Meter # - CC0913A054 | DD1: Meter # - CC0913A095 | DM1: Meter # - CC0913A053 | DV1: Meter # - CC0913A059 | EE1: Meter # - CC0913A060 | EN1: Meter # - CC0913A081 | EW1: Meter # - CC0913A075 | FF1: Meter # - CC0913A076 | FO1: Meter # - CC90625425 | FZ1: Amount | GE1: Meter # - 672 73 163 | GN1: Meter # - 676 62 513 | GW1: Meter # - 61 979 920 | HC1: Meter # - 56 253 208
B2: Date | C2: 68 425 008 | D2: T7384 | E2: KWH Total | F2: Demand | G2: 68 425 010 | H2: T2392 | I2: KWH Total | J2: Demand | K2: 68 425 078 | L2: T2393 | M2: KWH Total | N2: Demand | O2: 68 425 077 | P2: T2395 | Q2: KWH Total | R2: Demand | S2: 68 425 071 | T2: T7285 | U2: KWH Total | V2: Demand | W2: 68 425 060 | X2: T7380 | Y2: KWH Total | Z2: Demand | AA2: 68 425 059 | AB2: T2390 | AC2: KWH Total | AD2: Demand | AE2: 68 425 093 | AF2: T7382 | AG2: KWH Total | AH2: Demand | AI2: 68 425 094 | AJ2: T2391 | AK2: KWH Total | AL2: Demand | AM2: 90 625 242 | AN2: T7283 | AO2: KWH Total | AP2: Demand | AQ2: 68 425 097 | AR2: T7281 | AS2: KWH Total | AT2: Demand | AU2: 90 630 431 | AW2: KWH Total | AX2: Demand | AZ2: Total KWH | BA2: KWH | BC2: Total Mnth | BF2: 676 62 513 | BG2: KWH Total | BH2: Demand | BI2: 672 73 163 | BJ2: KWH Total | BK2: Demand | BL2: 61 979 920 | BM2: KWH Total | BN2: Demand | BO2: 56 253 208 | BP2: KWH Total | BQ2: Demand | BS2: Total KWH | BT2: Total Mnth | BU2: Total | BY2: Meter # - CS0212A003 | CC2: Meter | CD2: Bill | CF2: KWH | CG2: Demand | CH2: KWH | CI2: Fuel Charge | CJ2: Demand | CK2: Total | CL2: Meter | CM2: Bill | CO2: KWH | CP2: Demand | CQ2: KWH | CR2: Fuel Charge | CS2: Demand | CT2: Total | CU2: Meter | CV2: Bill | CX2: KWH | CY2: Demand | CZ2: KWH | DA2: Fuel Charge | DB2: Demand | DC2: Total | DD2: Meter | DE2: Bill | DG2: KWH | DH2: Demand | DI2: KWH | DJ2: Fuel Charge | DK2: Demand | DL2: Total | DM2: Meter | DN2: Bill | DP2: KWH | DQ2: Demand | DR2: KWH | DS2: Fuel Charge | DT2: Demand | DU2: Total | DV2: Meter | DW2: Bill | DY2: KWH | DZ2: Demand | EA2: KWH | EB2: Fuel Charge | EC2: Demand | ED2: Total | EE2: Meter | EF2: Bill | EH2: KWH | EI2: Demand | EJ2: KWH | EK2: Fuel Charge | EL2: Demand | EM2: Total | EN2: Meter | EO2: Bill | EQ2: KWH | ER2: Demand | ES2: KWH | ET2: Fuel Charge | EU2: Demand | EV2: Total | EW2: Meter | EX2: Bill | EZ2: KWH | FA2: Demand | FB2: KWH | FC2: Fuel Charge | FD2: Demand | FE2: Total | FF2: Meter | FG2: Bill | FI2: KWH | FJ2: Demand | FK2: KWH | FL2: Fuel Charge | FM2: Demand | FN2: Total | FO2: Meter | FP2: Bill | FR2: KWH | FS2: Demand | FT2: KWH | FU2: Fuel Charge | FV2: Demand | FW2: Total | FY2: Total | FZ2: Total | GA2: Demand | GB2: Total | GE2: Meter | GF2: Bill | GH2: KWH | GI2: Demand | GJ2: KWH | GK2: Fuel Charge | GL2: Demand | GM2: Total | GN2: Meter | GO2: Bill | GQ2: KWH | GR2: Demand | GS2: KWH | GT2: Fuel Charge | GU2: Demand | GV2: Total | GW2: Meter | GX2: Bill | GY2: KWH | GZ2: KWH | HA2: Fuel Charge | HB2: Total | HC2: Meter | HD2: Bill | HF2: KWH | HG2: Demand | HH2: KWH | HI2: Fuel Charge | HJ2: Demand | HK2: Total | HL2: Total | HM2: Total | HN2: Total | HO2: Total | HQ2: Total Resort | HR2: Total Resort | HS2: Total Resort | HT2: Total Resort
C3: KWH | D3: Demand | E3: (x160) | F3: Total | G3: KWH | H3: Demand | I3: (x160) | J3: Total | K3: KWH | L3: Demand | M3: (x400) | N3: Total | O3: KWH | P3: Demand | Q3: (x400) | R3: Total | S3: KWH | T3: Demand | U3: (x400) | V3: Total | W3: KWH | X3: Demand | Y3: (x300) | Z3: Total | AA3: KWH | AB3: Demand | AC3: (x300) | AD3: Total | AE3: KWH | AF3: Demand | AG3: (x160) | AH3: Total | AI3: KWH | AJ3: Demand | AK3: (x160) | AL3: Total | AM3: KWH | AN3: Demand | AO3: (X200) | AP3: Total | AQ3: KWH | AR3: Demand | AS3: (x40) | AT3: Total | AU3: KWH | AW3: (x1) | AX3: Total | BC3: KWH | BF3: KWH | BG3: (x100) | BH3: Total | BI3: KWH | BJ3: (x100) | BK3: Total | BL3: KWH | BM3: (x1) | BN3: Total | BO3: KWH | BP3: (x40) | BQ3: Total | BS3: Golf | BT3: Golf | BU3: Resort | BY3: Meter Read | BZ3: Bill Read | CA3: Amount | CB3: Total | CC3: Read | CD3: Read | CE3: Demand | CF3: Amount | CG3: Amount | CH3: Total | CI3: Total | CJ3: Total | CK3: Amount | CL3: Read | CM3: Read | CN3: Demand | CO3: Amount | CP3: Amount | CQ3: Total | CR3: Total | CS3: Total | CT3: Amount | CU3: Read | CV3: Read | CW3: Demand | CX3: Amount | CY3: Amount | CZ3: Total | DA3: Total | DB3: Total | DC3: Amount | DD3: Read | DE3: Read | DF3: Demand | DG3: Amount | DH3: Amount | DI3: Total | DJ3: Total | DK3: Total | DL3: Amount | DM3: Read | DN3: Read | DO3: Demand | DP3: Amount | DQ3: Amount | DR3: Total | DS3: Total | DT3: Total | DU3: Amount | DV3: Read | DW3: Read | DX3: Demand | DY3: Amount | DZ3: Amount | EA3: Total | EB3: Total | EC3: Total | ED3: Amount | EE3: Read | EF3: Read | EG3: Demand | EH3: Amount | EI3: Amount | EJ3: Total | EK3: Total | EL3: Total | EM3: Amount | EN3: Read | EO3: Read | EP3: Demand | EQ3: Amount | ER3: Amount | ES3: Total | ET3: Total | EU3: Total | EV3: Amount | EW3: Read | EX3: Read | EY3: Demand | EZ3: Amount | FA3: Amount | FB3: Total | FC3: Total | FD3: Total | FE3: Amount | FF3: Read | FG3: Read | FH3: Demand | FI3: Amount | FJ3: Amount | FK3: Total | FL3: Total | FM3: Total | FN3: Amount | FO3: Read | FP3: Read | FQ3: Demand | FR3: Amount | FS3: Amount | FT3: Total | FU3: Total | FV3: Total | FW3: Amount | FY3: KHW | FZ3: KWH Costs | GA3: Total | GB3: Electric | GE3: Read | GF3: Read | GG3: Demand | GH3: Amount | GI3: Amount | GJ3: Total | GK3: Total | GL3: Total | GM3: Amount | GN3: Read | GO3: Read | GP3: Demand | GQ3: Amount | GR3: Amount | GS3: Total | GT3: Total | GU3: Total | GV3: Amount | GW3: Read | GX3: Read | GY3: Amount | GZ3: Total | HA3: Total | HB3: Amount | HC3: Read | HD3: Read | HE3: Demand | HF3: Amount | HG3: Amount | HH3: Total | HI3: Total | HJ3: Total | HK3: Amount | HL3: KWH | HM3: KWH Costs | HN3: Demand | HO3: Costs | HQ3: KWH | HR3: KWH Costs | HS3: Demand | HT3: Costs
B4: 43101 | C4: 56790 | D4: 2.099 | G4: 51705 | H4: 2.34 | K4: 6434 | L4: 2.82 | O4: 6426 | P4: 2.85 | S4: 6914 | T4: 2.96 | W4: 45317 | X4: 1.786 | AA4: 43517 | AB4: 1.752 | AE4: 11413 | AF4: 3.89 | AI4: 8072 | AJ4: 2.87 | AM4: 54225 | AN4: 1.978 | AQ4: 10676 | AR4: 0.446 | AU4: 91494 | BE4: 43101 | BF4: 39149 | BI4: 5039 | BL4: 94877 | BO4: 39726 | BY4: =SUM(AU4) -> 91494 | BZ4: 90793 | CC4: =SUM(G4) -> 51705 | CD4: 51575 | CE4: 2.258 | CL4: =SUM(C4) -> 56790 | CM4: 56668 | CN4: 2.108 | CU4: =SUM(W4) -> 45317 | CV4: 45265 | CW4: 1.987 | DD4: =SUM(AQ4) -> 10676 | DE4: 10653 | DF4: 0.459 | DM4: =SUM(AA4) -> 43517 | DN4: 43472 | DO4: 1.818 | DV4: =SUM(O4) -> 6426 | DW4: 6411 | DX4: 0.32 | EE4: =SUM(W4) -> 45317 | EF4: 6419 | EG4: 0.317 | EN4: =SUM(S4) -> 6914 | EO4: 6898 | EP4: 0.332 | EW4: =SUM(AE4) -> 11413 | EX4: 11393 | EY4: 0.566 | FF4: =SUM(AI4) -> 8072 | FG4: 8061 | FH4: 0.433 | FO4: =SUM(AM4) -> 54225 | FP4: 54124 | FQ4: 2.06 | GE4: =SUM(BI4) -> 5039 | GF4: 5020 | GG4: 0.272 | GN4: =SUM(BF4) -> 39149 | GO4: 39065 | GP4: 1.895 | GW4: =SUM(BL4) -> 94877 | GX4: 94375 | HC4: =SUM(BO4) -> 39726 | HD4: 39708 | HE4: 3.96
B5: 43131 | C5: 57980 | D5: 2.054 | E5: =SUM(C5-C4)*160 -> 190400 | G5: 52933 | H5: 2.155 | I5: =SUM(G5-G4)*160 -> 196480 | K5: 6579 | L5: 2.92 | M5: =SUM(K5-K4)*400 -> 58000 | O5: 6571 | P5: 2.79 | Q5: =SUM(O5-O4)*400 -> 58000 | S5: 7072 | T5: 2.91 | U5: =SUM(S5-S4)*400 -> 63200 | W5: 45865 | X5: 1.848 | Y5: =SUM(W5-W4)*300 -> 164400 | AA5: 44002 | AB5: 1.945 | AC5: =SUM(AA5-AA4)*300 -> 145500 | AE5: 11622 | AF5: 5.23 | AG5: =SUM(AE5-AE4)*160 -> 33440 | AI5: 8200 | AJ5: 3.31 | AK5: =SUM(AI5-AI4)*160 -> 20480 | AM5: 55372 | AN5: 2.174 | AO5: =SUM(AM5-AM4)*200 -> 229400 | AQ5: 10906 | AR5: 0.448 | AS5: =SUM(AQ5-AQ4)*40 -> 9200 | AU5: 94564 | AW5: =SUM(AU5-AU4) -> 3070 | AZ5: =SUM(AO5+AK5+AG5+AC5+Y5+U5+Q5+M5+I5+E5+AS5+AW5) -> 1171570 | BA5: =SUM(AO5+AS5) -> 238600 | BB5: =SUM(BA5/AZ5) -> 0.20365834 | BE5: 43131 | BF5: 39751 | BG5: =SUM(BF5-BF4)*100 -> 60200 | BI5: 5131 | BJ5: =SUM(BI5-BI4)*100 -> 9200 | BL5: 98720 | BM5: =SUM(BL5-BL4) -> 3843 | BO5: 39928 | BP5: =SUM(BO5-BO4)*40 -> 8080 | BS5: =SUM(BG5+BJ5,BM5,BP5) -> 81323 | BY5: =SUM(AU5) -> 94564 | BZ5: 93676 | CA5: =SUM(BZ5-BZ4) -> 2883 | CB5: =SUM(CA5*0.11923+CA5*0.02439)*1.1+2.85 -> 458.31211 | CC5: =SUM(G5) -> 52933 | CD5: 52726 | CE5: 2.359 | CF5: =SUM(CD5-CD4)*160 -> 184160 | CG5: =(CE5)*160 -> 377.44 | CH5: =SUM(CF5*0.0382) -> 7034.912 | CI5: =SUM(CF5*0.02439) -> 4491.6624 | CJ5: =SUM(CG5*6.652) -> 2510.7309 | CK5: =SUM(CH5+CI5+45)*1.1 -> 12728.732 | CL5: =SUM(C5) -> 57980 | CM5: 57782 | CN5: 2.184 | CO5: =SUM(CM5-CM4)*160 -> 178240 | CP5: =(CN5)*160 -> 349.44 | CQ5: =SUM(CO5*0.0382) -> 6808.768 | CR5: =SUM(CO5*0.02439) -> 4347.2736 | CS5: =SUM(CP5*6.652) -> 2324.4749 | CT5: =SUM(CQ5+CR5+45)*1.1 -> 12321.146 | CU5: =SUM(W5) -> 45865 | CV5: 45748 | CW5: 1.874 | CX5: =SUM(CV5-CV4)*300 -> 144900 | CY5: =(CW5)*300 -> 562.2 | CZ5: =SUM(CX5*0.0382) -> 5535.18 | DA5: =SUM(CX5*0.02439) -> 3534.111 | DB5: =SUM(CY5*6.652) -> 3739.7544 | DC5: =SUM(CZ5+DA5+45)*1.1 -> 10025.72 | DD5: =SUM(AQ5) -> 10906 | DE5: 10868 | DF5: 0.464 | DG5: =SUM(DE5-DE4)*40 -> 8600 | DH5: =(DF5)*40 -> 18.56 | DI5: =SUM(DG5*0.0382) -> 328.52 | DJ5: =SUM(DG5*0.02439) -> 209.754 | DK5: =SUM(DH5*6.652) -> 123.46112 | DL5: =SUM(DI5+DJ5+25)*1.1 -> 619.6014 | DM5: =SUM(AA5) -> 44002 | DN5: 43908 | DO5: 1.915 | DP5: =SUM(DN5-DN4)*300 -> 130800 | DQ5: =(DO5)*300 -> 574.5 | DR5: =SUM(DP5*0.0382) -> 4996.56 | DS5: =SUM(DP5*0.02439) -> 3190.212 | DT5: =SUM(DQ5*6.652) -> 3821.574 | DU5: =SUM(DR5+DS5+45)*1.1 -> 9054.9492 | DV5: =SUM(O5) -> 6571 | DW5: 6549 | DX5: 0.367 | DY5: =SUM(DW5-DW4)*400 -> 55200 | DZ5: =(DX5)*400 -> 146.8 | EA5: =SUM(DY5*0.0382) -> 2108.64 | EB5: =SUM(DY5*0.02439) -> 1346.328 | EC5: =SUM(DZ5*6.652) -> 976.5136 | ED5: =SUM(EA5+EB5+45)*1.1 -> 3849.9648 | EE5: =SUM(W5) -> 45865 | EF5: 6558 | EG5: 0.363 | EH5: =SUM(EF5-EF4)*400 -> 55600 | EI5: =(EG5)*400 -> 145.2 | EJ5: =SUM(EH5*0.0382) -> 2123.92 | EK5: =SUM(EH5*0.02439) -> 1356.084 | EL5: =SUM(EI5*6.652) -> 965.8704 | EM5: =SUM(EJ5+EK5+45)*1.1 -> 3877.5044 | EN5: =SUM(S5) -> 7072 | EO5: 7047 | EP5: 0.397 | EQ5: =SUM(EO5-EO4)*400 -> 59600 | ER5: =(EP5)*400 -> 158.8 | ES5: =SUM(EQ5*0.0382) -> 2276.72 | ET5: =SUM(EQ5*0.02439) -> 1453.644 | EU5: =SUM(ER5*6.652) -> 1056.3376 | EV5: =SUM(ES5+ET5+45)*1.1 -> 4152.9004 | EW5: =SUM(AE5) -> 11622 | EX5: 11586 | EY5: 0.412 | EZ5: =SUM(EX5-EX4)*160 -> 30880 | FA5: =(EY5)*160 -> 65.92 | FB5: =SUM(EZ5*0.0382) -> 1179.616 | FC5: =SUM(EZ5*0.02439) -> 753.1632 | FD5: =SUM(FA5*6.652) -> 438.49984 | FE5: =SUM(FB5+FC5+45)*1.1 -> 2175.5571 | FF5: =SUM(AI5) -> 8200 | FG5: 8178 | FH5: 0.36 | FI5: =SUM(FG5-FG4)*160 -> 18720 | FJ5: =(FH5)*160 -> 57.6 | FK5: =SUM(FI5*0.0382) -> 715.104 | FL5: =SUM(FI5*0.02439) -> 456.5808 | FM5: =SUM(FJ5*6.652) -> 383.1552 | FN5: =SUM(FK5+FL5+45)*1.1 -> 1338.3533 | FO5: =SUM(AM5) -> 55372 | FP5: 55154 | FQ5: 2.194 | FR5: =SUM(FP5-FP4)*200 -> 206000 | FS5: =(FQ5)*200 -> 438.8 | FT5: =SUM(FR5*0.0382) -> 7869.2 | FU5: =SUM(FR5*0.02439) -> 5024.34 | FV5: =SUM(FS5*6.652) -> 2918.8976 | FW5: =SUM(FT5+FU5+45)*1.1 -> 14232.394 | FY5: =SUM(CA5+CF5+CO5+CX5+DG5+DP5+DY5+EH5+EQ5+EZ5+FI5+FR5) -> 1075583 | FZ5: =SUM(CB5+CK5,CT5,DC5,DL5,DU5,ED5,EM5,EV5,FE5,FN5+FW5) -> 74835.134 | GA5: =SUM(CJ5,CS5,DB5,DK5,DT5,EC5,EL5,EU5,FD5,FM5,FV5) -> 19259.27 | GB5: =SUM(FZ5:GA5) -> 94094.404 | GE5: =SUM(BI5) -> 5131 | GF5: 5102 | GG5: 0.261 | GH5: =SUM(GF5-GF4)*100 -> 8200 | GI5: =SUM(GG5)*100 -> 26.1 | GJ5: =SUM(GH5*0.0382) -> 313.24 | GK5: =SUM(GH5*0.0239) -> 195.98 | GL5: =SUM(GI5*6.652) -> 173.6172 | GM5: =SUM(GK5+GJ5+20)*1.1 -> 582.142 | GN5: =SUM(BF5) -> 39751 | GO5: 39595 | GP5: 1.825 | GQ5: =SUM(GO5-GO4)*100 -> 53000 | GR5: =SUM(GP5)*100 -> 182.5 | GS5: =SUM(GQ5*0.0382) -> 2024.6 | GT5: =SUM(GQ5*0.0239) -> 1266.7 | GU5: =SUM(GR5*6.652) -> 1213.99 | GV5: =SUM(GT5+GS5+20)*1.1 -> 3642.43 | GW5: =SUM(BL5) -> 98720 | GX5: 97836 | GY5: =SUM(GX5-GX4) -> 3461 | GZ5: =SUM(GY5*0.11923) -> 412.65503 | HA5: =SUM(GY5*0.2439) -> 844.1379 | HB5: =SUM(GZ5+HA5+2.85)*1.1 -> 1385.6072 | HC5: =SUM(BO5) -> 39928 | HD5: 39870 | HE5: 3.82 | HF5: =SUM(HD5-HD4)*40 -> 6480 | HG5: =SUM(HE5)*40 -> 152.8 | HH5: =SUM(HF5*0.0382) -> 247.536 | HI5: =SUM(HF5*0.0239) -> 154.872 | HJ5: =SUM(HG5*6.652) -> 1016.4256 | HK5: =SUM(HI5+HH5+20)*1.1 -> 464.6488 | HL5: =SUM(GH5+GQ5+GY5+HF5) -> 71141 | HM5: =SUM(HK5+HB5+GV5+GM5) -> 6074.828 | HN5: =SUM(GL5+GU5+HJ5) -> 2404.0328 | HO5: =SUM(HM5:HN5) -> 8478.8608 | HQ5: =(FY5+HL5) -> 1146724 | HR5: =(FZ5+HM5) -> 80909.962 | HS5: =(GA5+HN5) -> 21663.302 | HT5: =(HR5+HS5) -> 102573.26
B6: 43159 | C6: 59072 | D6: 1.981 | E6: =SUM(C6-C5)*160 -> 174720 | G6: 54059 | H6: 2.118 | I6: =SUM(G6-G5)*160 -> 180160 | K6: 6698 | L6: 2.49 | M6: =SUM(K6-K5)*400 -> 47600 | O6: 6691 | P6: 2.25 | Q6: =SUM(O6-O5)*400 -> 48000 | S6: 7199 | T6: 2.58 | U6: =SUM(S6-S5)*400 -> 50800 | W6: 46499 | X6: 2.238 | Y6: =SUM(W6-W5)*300 -> 190200 | AA6: 44682 | AB6: 1.889 | AC6: =SUM(AA6-AA5)*300 -> 204000 | AE6: 11819 | AF6: 4.37 | AG6: =SUM(AE6-AE5)*160 -> 31520 | AI6: 8324 | AJ6: 3.53 | AK6: =SUM(AI6-AI5)*160 -> 19840 | AM6: 56481 | AN6: 2.222 | AO6: =SUM(AM6-AM5)*200 -> 221800 | AQ6: 11118 | AR6: 0.42 | AS6: =SUM(AQ6-AQ5)*40 -> 8480 | AU6: 97304 | AW6: =SUM(AU6-AU5) -> 2740 | AZ6: =SUM(AO6+AK6+AG6+AC6+Y6+U6+Q6+M6+I6+E6+AS6+AW6) -> 1179860 | BA6: =SUM(AO6+AS6) -> 230280 | BB6: =SUM(BA6/AZ6) -> 0.1951757 | BE6: 43159 | BF6: 40364 | BG6: =SUM(BF6-BF5)*100 -> 61300 | BI6: 5209 | BJ6: =SUM(BI6-BI5)*100 -> 7800 | BL6: 101889 | BM6: =SUM(BL6-BL5) -> 3169 | BO6: 40286 | BP6: =SUM(BO6-BO5)*40 -> 14320 | BS6: =SUM(BG6+BJ6,BM6,BP6) -> 86589 | BY6: =SUM(AU6) -> 97304 | BZ6: 97131 | CA6: =SUM(BZ6-BZ5) -> 3455 | CB6: =SUM(CA6*0.11923+CA6*0.02439)*1.1+2.85 -> 548.67781 | CC6: =SUM(G6) -> 54059 | CD6: 54055 | CE6: 2.296 | CF6: =SUM(CD6-CD5)*160 -> 212640 | CG6: =(CE6)*160 -> 367.36 | CH6: =SUM(CF6*0.0382) -> 8122.848 | CI6: =SUM(CF6*0.02439) -> 5186.2896 | CJ6: =SUM(CG6*6.652) -> 2443.6787 | CK6: =SUM(CH6+CI6+45)*1.1 -> 14689.551 | CL6: =SUM(C6) -> 59072 | CM6: 59067 | CN6: 2.109 | CO6: =SUM(CM6-CM5)*160 -> 205600 | CP6: =(CN6)*160 -> 337.44 | CQ6: =SUM(CO6*0.0382) -> 7853.92 | CR6: =SUM(CO6*0.02439) -> 5014.584 | CS6: =SUM(CP6*6.652) -> 2244.6509 | CT6: =SUM(CQ6+CR6+45)*1.1 -> 14204.854 | CU6: =SUM(W6) -> 46499 | CV6: 46498 | CW6: 2.168 | CX6: =SUM(CV6-CV5)*300 -> 225000 | CY6: =(CW6)*300 -> 650.4 | CZ6: =SUM(CX6*0.0382) -> 8595 | DA6: =SUM(CX6*0.02439) -> 5487.75 | DB6: =SUM(CY6*6.652) -> 4326.4608 | DC6: =SUM(CZ6+DA6+45)*1.1 -> 15540.525 | DD6: =SUM(AQ6) -> 11118 | DE6: 11116 | DF6: 0.448 | DG6: =SUM(DE6-DE5)*40 -> 9920 | DH6: =(DF6)*40 -> 17.92 | DI6: =SUM(DG6*0.0382) -> 378.944 | DJ6: =SUM(DG6*0.02439) -> 241.9488 | DK6: =SUM(DH6*6.652) -> 119.20384 | DL6: =SUM(DI6+DJ6+25)*1.1 -> 710.48208 | DM6: =SUM(AA6) -> 44682 | DN6: 44679 | DO6: 1.979 | DP6: =SUM(DN6-DN5)*300 -> 231300 | DQ6: =(DO6)*300 -> 593.7 | DR6: =SUM(DP6*0.0382) -> 8835.66 | DS6: =SUM(DP6*0.02439) -> 5641.407 | DT6: =SUM(DQ6*6.652) -> 3949.2924 | DU6: =SUM(DR6+DS6+45)*1.1 -> 15974.274 | DV6: =SUM(O6) -> 6691 | DW6: 6690 | DX6: 0.279 | DY6: =SUM(DW6-DW5)*400 -> 56400 | DZ6: =(DX6)*400 -> 111.6 | EA6: =SUM(DY6*0.0382) -> 2154.48 | EB6: =SUM(DY6*0.02439) -> 1375.596 | EC6: =SUM(DZ6*6.652) -> 742.3632 | ED6: =SUM(EA6+EB6+45)*1.1 -> 3932.5836 | EE6: =SUM(W6) -> 46499 | EF6: 6698 | EG6: 0.292 | EH6: =SUM(EF6-EF5)*400 -> 56000 | EI6: =(EG6)*400 -> 116.8 | EJ6: =SUM(EH6*0.0382) -> 2139.2 | EK6: =SUM(EH6*0.02439) -> 1365.84 | EL6: =SUM(EI6*6.652) -> 776.9536 | EM6: =SUM(EJ6+EK6+45)*1.1 -> 3905.044 | EN6: =SUM(S6) -> 7199 | EO6: =(EN6) -> 7199 | EP6: 0.291 | EQ6: =SUM(EO6-EO5)*400 -> 60800 | ER6: =(EP6)*400 -> 116.4 | ES6: =SUM(EQ6*0.0382) -> 2322.56 | ET6: =SUM(EQ6*0.02439) -> 1482.912 | EU6: =SUM(ER6*6.652) -> 774.2928 | EV6: =SUM(ES6+ET6+45)*1.1 -> 4235.5192 | EW6: =SUM(AE6) -> 11819 | EX6: 11818 | EY6: 0.561 | EZ6: =SUM(EX6-EX5)*160 -> 37120 | FA6: =(EY6)*160 -> 89.76 | FB6: =SUM(EZ6*0.0382) -> 1417.984 | FC6: =SUM(EZ6*0.02439) -> 905.3568 | FD6: =SUM(FA6*6.652) -> 597.08352 | FE6: =SUM(FB6+FC6+45)*1.1 -> 2605.1749 | FF6: =SUM(AI6) -> 8324 | FG6: =FF6 -> 8324 | FH6: 0.366 | FI6: =SUM(FG6-FG5)*160 -> 23360 | FJ6: =(FH6)*160 -> 58.56 | FK6: =SUM(FI6*0.0382) -> 892.352 | FL6: =SUM(FI6*0.02439) -> 569.7504 | FM6: =SUM(FJ6*6.652) -> 389.54112 | FN6: =SUM(FK6+FL6+45)*1.1 -> 1657.8126 | FO6: =SUM(AM6) -> 56481 | FP6: 56477 | FQ6: 2.267 | FR6: =SUM(FP6-FP5)*200 -> 264600 | FS6: =(FQ6)*200 -> 453.4 | FT6: =SUM(FR6*0.0382) -> 10107.72 | FU6: =SUM(FR6*0.02439) -> 6453.594 | FV6: =SUM(FS6*6.652) -> 3016.0168 | FW6: =SUM(FT6+FU6+45)*1.1 -> 18266.945 | FY6: =SUM(CA6+CF6+CO6+CX6+DG6+DP6+DY6+EH6+EQ6+EZ6+FI6+FR6) -> 1386195 | FZ6: =SUM(CB6+CK6,CT6,DC6,DL6,DU6,ED6,EM6,EV6,FE6,FN6+FW6) -> 96271.444 | GA6: =SUM(CJ6,CS6,DB6,DK6,DT6,EC6,EL6,EU6,FD6,FM6,FV6) -> 19379.538 | GB6: =SUM(FZ6:GA6) -> 115650.98 | GE6: =SUM(BI6) -> 5209 | GF6: 5201 | GG6: 0.248 | GH6: =SUM(GF6-GF5)*100 -> 9900 | GI6: =SUM(GG6)*100 -> 24.8 | GJ6: =SUM(GH6*0.0382) -> 378.18 | GK6: =SUM(GH6*0.0239) -> 236.61 | GL6: =SUM(GI6*6.652) -> 164.9696 | GM6: =SUM(GK6+GJ6+20)*1.1 -> 698.269 | GN6: =SUM(BF6) -> 40364 | GO6: 40338 | GP6: 1.842 | GQ6: =SUM(GO6-GO5)*100 -> 74300 | GR6: =SUM(GP6)*100 -> 184.2 | GS6: =SUM(GQ6*0.0382) -> 2838.26 | GT6: =SUM(GQ6*0.0239) -> 1775.77 | GU6: =SUM(GR6*6.652) -> 1225.2984 | GV6: =SUM(GT6+GS6+20)*1.1 -> 5097.433 | GW6: =SUM(BL6) -> 101889 | GX6: 1753 | GY6: 3947 | GZ6: =SUM(GY6*0.11923) -> 470.60081 | HA6: =SUM(GY6*0.2439) -> 962.6733 | HB6: =SUM(GZ6+HA6+2.85)*1.1 -> 1579.7365 | HC6: =SUM(BO6) -> 40286 | HD6: 40262 | HE6: 3.747 | HF6: =SUM(HD6-HD5)*40 -> 15680 | HG6: =SUM(HE6)*40 -> 149.88 | HH6: =SUM(HF6*0.0382) -> 598.976 | HI6: =SUM(HF6*0.0239) -> 374.752 | HJ6: =SUM(HG6*6.652) -> 997.00176 | HK6: =SUM(HI6+HH6+20)*1.1 -> 1093.1008 | HL6: =SUM(GH6+GQ6+GY6+HF6) -> 103827 | HM6: =SUM(HK6+HB6+GV6+GM6) -> 8468.5393 | HN6: =SUM(GL6+GU6+HJ6) -> 2387.2698 | HO6: =SUM(HM6:HN6) -> 10855.809 | HQ6: =(FY6+HL6) -> 1490022 | HR6: =(FZ6+HM6) -> 104739.98 | HS6: =(GA6+HN6) -> 21766.807 | HT6: =(HR6+HS6) -> 126506.79
B7: 43191 | C7: 60323 | D7: 2.043 | E7: =SUM(C7-C6)*160 -> 200160 | G7: 55375 | H7: 2.318 | I7: =SUM(G7-G6)*160 -> 210560 | K7: 6839 | L7: 2.61 | M7: =SUM(K7-K6)*400 -> 56400 | O7: 6832 | P7: 2.54 | Q7: =SUM(O7-O6)*400 -> 56400 | S7: 7352 | T7: 2.76 | U7: =SUM(S7-S6)*400 -> 61200 | W7: 47196 | X7: 1.983 | Y7: =SUM(W7-W6)*300 -> 209100 | AA7: 45204 | AB7: 1.552 | AC7: =SUM(AA7-AA6)*300 -> 156600 | AE7: 12029 | AF7: 3.8 | AG7: =SUM(AE7-AE6)*160 -> 33600 | AI7: 8448 | AJ7: 2.44 | AK7: =SUM(AI7-AI6)*160 -> 19840 | AM7: 57741 | AN7: 2.301 | AO7: =SUM(AM7-AM6)*200 -> 252000 | AQ7: 11355 | AR7: 0.437 | AS7: =SUM(AQ7-AQ6)*40 -> 9480 | AU7: 100257 | AW7: =SUM(AU7-AU6) -> 2953 | AZ7: =SUM(AO7+AK7+AG7+AC7+Y7+U7+Q7+M7+I7+E7+AS7+AW7) -> 1268293 | BA7: =SUM(AO7+AS7) -> 261480 | BB7: =SUM(BA7/AZ7) -> 0.20616687 | BE7: 43191 | BF7: 41013 | BG7: =SUM(BF7-BF6)*100 -> 64900 | BI7: 5295 | BJ7: =SUM(BI7-BI6)*100 -> 8600 | BL7: 105733 | BM7: =SUM(BL7-BL6) -> 3844 | BO7: 40770 | BP7: =SUM(BO7-BO6)*40 -> 19360 | BS7: =SUM(BG7+BJ7,BM7,BP7) -> 96704 | BY7: =SUM(AU7) -> 100257 | BZ7: 99742 | CA7: =SUM(BZ7-BZ6) -> 2611 | CB7: =SUM(CA7*0.11923+CA7*0.02439)*1.1+2.85 -> 415.341 | CC7: =SUM(G7) -> 55375 | CD7: 55245 | CE7: 2.393 | CF7: =SUM(CD7-CD6)*160 -> 190400 | CG7: =(CE7)*160 -> 382.88 | CH7: =SUM(CF7*0.0382) -> 7273.28 | CI7: =SUM(CF7*0.02439) -> 4643.856 | CJ7: =SUM(CG7*6.652) -> 2546.9178 | CK7: =SUM(CH7+CI7+45)*1.1 -> 13158.35 | CL7: =SUM(C7) -> 60323 | CM7: 60200 | CN7: 2.171 | CO7: =SUM(CM7-CM6)*160 -> 181280 | CP7: =(CN7)*160 -> 347.36 | CQ7: =SUM(CO7*0.0382) -> 6924.896 | CR7: =SUM(CO7*0.02439) -> 4421.4192 | CS7: =SUM(CP7*6.652) -> 2310.6387 | CT7: =SUM(CQ7+CR7+45)*1.1 -> 12530.447 | CU7: =SUM(W7) -> 47196 | CV7: 47116 | CW7: 2.238 | CX7: =SUM(CV7-CV6)*300 -> 185400 | CY7: =(CW7)*300 -> 671.4 | CZ7: =SUM(CX7*0.0382) -> 7082.28 | DA7: =SUM(CX7*0.02439) -> 4521.906 | DB7: =SUM(CY7*6.652) -> 4466.1528 | DC7: =SUM(CZ7+DA7+45)*1.1 -> 12814.105 | DD7: =SUM(AQ7) -> 11355 | DE7: 11331 | DF7: 0.435 | DG7: =SUM(DE7-DE6)*40 -> 8600 | DH7: =(DF7)*40 -> 17.4 | DI7: =SUM(DG7*0.0382) -> 328.52 | DJ7: =SUM(DG7*0.02439) -> 209.754 | DK7: =SUM(DH7*6.652) -> 115.7448 | DL7: =SUM(DI7+DJ7+25)*1.1 -> 619.6014 | DM7: =SUM(AA7) -> 45204 | DN7: 45142 | DO7: 1.962 | DP7: =SUM(DN7-DN6)*300 -> 138900 | DQ7: =(DO7)*300 -> 588.6 | DR7: =SUM(DP7*0.0382) -> 5305.98 | DS7: =SUM(DP7*0.02439) -> 3387.771 | DT7: =SUM(DQ7*6.652) -> 3915.3672 | DU7: =SUM(DR7+DS7+45)*1.1 -> 9612.6261 | DV7: =SUM(O7) -> 6832 | DW7: 6818 | DX7: 0.276 | DY7: =SUM(DW7-DW6)*400 -> 51200 | DZ7: =(DX7)*400 -> 110.4 | EA7: =SUM(DY7*0.0382) -> 1955.84 | EB7: =SUM(DY7*0.02439) -> 1248.768 | EC7: =SUM(DZ7*6.652) -> 734.3808 | ED7: =SUM(EA7+EB7+45)*1.1 -> 3574.5688 | EE7: =SUM(W7) -> 47196 | EF7: 6825 | EG7: 0.258 | EH7: =SUM(EF7-EF6)*400 -> 50800 | EI7: =(EG7)*400 -> 103.2 | EJ7: =SUM(EH7*0.0382) -> 1940.56 | EK7: =SUM(EH7*0.02439) -> 1239.012 | EL7: =SUM(EI7*6.652) -> 686.4864 | EM7: =SUM(EJ7+EK7+45)*1.1 -> 3547.0292 | EN7: =SUM(S7) -> 7352 | EO7: 7337 | EP7: 0.283 | EQ7: =SUM(EO7-EO6)*400 -> 55200 | ER7: =(EP7)*400 -> 113.2 | ES7: =SUM(EQ7*0.0382) -> 2108.64 | ET7: =SUM(EQ7*0.02439) -> 1346.328 | EU7: =SUM(ER7*6.652) -> 753.0064 | EV7: =SUM(ES7+ET7+45)*1.1 -> 3849.9648 | EW7: =SUM(AE7) -> 12029 | EX7: 12011 | EY7: 0.566 | EZ7: =SUM(EX7-EX6)*160 -> 30880 | FA7: =(EY7)*160 -> 90.56 | FB7: =SUM(EZ7*0.0382) -> 1179.616 | FC7: =SUM(EZ7*0.02439) -> 753.1632 | FD7: =SUM(FA7*6.652) -> 602.40512 | FE7: =SUM(FB7+FC7+45)*1.1 -> 2175.5571 | FF7: =SUM(AI7) -> 8448 | FG7: 8436 | FH7: 0.397 | FI7: =SUM(FG7-FG6)*160 -> 17920 | FJ7: =(FH7)*160 -> 63.52 | FK7: =SUM(FI7*0.0382) -> 684.544 | FL7: =SUM(FI7*0.02439) -> 437.0688 | FM7: =SUM(FJ7*6.652) -> 422.53504 | FN7: =SUM(FK7+FL7+45)*1.1 -> 1283.2741 | FO7: =SUM(AM7) -> 57741 | FP7: 57612 | FQ7: 2.247 | FR7: =SUM(FP7-FP6)*200 -> 227000 | FS7: =(FQ7)*200 -> 449.4 | FT7: =SUM(FR7*0.0382) -> 8671.4 | FU7: =SUM(FR7*0.02439) -> 5536.53 | FV7: =SUM(FS7*6.652) -> 2989.4088 | FW7: =SUM(FT7+FU7+45)*1.1 -> 15678.223 | FY7: =SUM(CA7+CF7+CO7+CX7+DG7+DP7+DY7+EH7+EQ7+EZ7+FI7+FR7) -> 1140191 | FZ7: =SUM(CB7+CK7,CT7,DC7,DL7,DU7,ED7,EM7,EV7,FE7,FN7+FW7) -> 79259.086 | GA7: =SUM(CJ7,CS7,DB7,DK7,DT7,EC7,EL7,EU7,FD7,FM7,FV7) -> 19543.044 | GB7: =SUM(FZ7:GA7) -> 98802.13 | GE7: =SUM(BI7) -> 5295 | GF7: 5278 | GG7: 0.268 | GH7: =SUM(GF7-GF6)*100 -> 7700 | GI7: =SUM(GG7)*100 -> 26.8 | GJ7: =SUM(GH7*0.0382) -> 294.14 | GK7: =SUM(GH7*0.0239) -> 184.03 | GL7: =SUM(GI7*6.652) -> 178.2736 | GM7: =SUM(GK7+GJ7+20)*1.1 -> 547.987 | GN7: =SUM(BF7) -> 41013 | GO7: 40916 | GP7: 1.641 | GQ7: =SUM(GO7-GO6)*100 -> 57800 | GR7: =SUM(GP7)*100 -> 164.1 | GS7: =SUM(GQ7*0.0382) -> 2207.96 | GT7: =SUM(GQ7*0.0239) -> 1381.42 | GU7: =SUM(GR7*6.652) -> 1091.5932 | GV7: =SUM(GT7+GS7+20)*1.1 -> 3970.318 | GW7: =SUM(BL7) -> 105733 | GX7: 5246 | GY7: =SUM(GX7-GX6) -> 3493 | GZ7: =SUM(GY7*0.11923) -> 416.47039 | HA7: =SUM(GY7*0.2439) -> 851.9427 | HB7: =SUM(GZ7+HA7+2.85)*1.1 -> 1398.3894 | HC7: =SUM(BO7) -> 40770 | HD7: 40717 | HE7: 3.957 | HF7: =SUM(HD7-HD6)*40 -> 18200 | HG7: =SUM(HE7)*40 -> 158.28 | HH7: =SUM(HF7*0.0382) -> 695.24 | HI7: =SUM(HF7*0.0239) -> 434.98 | HJ7: =SUM(HG7*6.652) -> 1052.8786 | HK7: =SUM(HI7+HH7+20)*1.1 -> 1265.242 | HL7: =SUM(GH7+GQ7+GY7+HF7) -> 87193 | HM7: =SUM(HK7+HB7+GV7+GM7) -> 7181.9364 | HN7: =SUM(GL7+GU7+HJ7) -> 2322.7454 | HO7: =SUM(HM7:HN7) -> 9504.6818 | HQ7: =(FY7+HL7) -> 1227384 | HR7: =(FZ7+HM7) -> 86441.023 | HS7: =(GA7+HN7) -> 21865.789 | HT7: =(HR7+HS7) -> 108306.81
B8: 43221 | C8: 61515 | D8: 2.033 | E8: =SUM(C8-C7)*160 -> 190720 | G8: 56589 | H8: 2.226 | I8: =SUM(G8-G7)*160 -> 194240 | K8: 6968 | L8: 2.43 | M8: =SUM(K8-K7)*400 -> 51600 | O8: 6956 | P8: 2.25 | Q8: =SUM(O8-O7)*400 -> 49600 | S8: 7491 | T8: 2.65 | U8: =SUM(S8-S7)*400 -> 55600 | W8: 47974 | X8: 2.214 | Y8: =SUM(W8-W7)*300 -> 233400 | AA8: 45966 | AB8: 1.957 | AC8: =SUM(AA8-AA7)*300 -> 228600 | AE8: 12226 | AF8: 4.11 | AG8: =SUM(AE8-AE7)*160 -> 31520 | AI8: 8579 | AJ8: 3.54 | AK8: =SUM(AI8-AI7)*160 -> 20960 | AM8: 58797 | AN8: 2.109 | AO8: =SUM(AM8-AM7)*200 -> 211200 | AQ8: 11562 | AR8: 0.39 | AS8: =SUM(AQ8-AQ7)*40 -> 8280 | AU8: 102807 | AW8: =SUM(AU8-AU7) -> 2550 | AZ8: =SUM(AO8+AK8+AG8+AC8+Y8+U8+Q8+M8+I8+E8+AS8+AW8) -> 1278270 | BA8: =SUM(AO8+AS8) -> 219480 | BB8: =SUM(BA8/AZ8) -> 0.17170081 | BE8: 43221 | BF8: 41013 | BG8: =SUM(BF8-BF7)*100 -> 0 | BI8: 5295 | BJ8: =SUM(BI8-BI7)*100 -> 0 | BL8: 105733 | BM8: =SUM(BL8-BL7) -> 0 | BO8: 40770 | BP8: =SUM(BO8-BO7)*40 -> 0 | BS8: =SUM(BG8+BJ8,BM8,BP8) -> 0 | BY8: =SUM(AU8) -> 102807 | BZ8: 2186 | CA8: 2444 | CB8: =SUM(CA8*0.11923+CA8*0.02439)*1.1+2.85 -> 388.95801 | CC8: =SUM(G8) -> 56589 | CD8: 56343 | CE8: 2.316 | CF8: =SUM(CD8-CD7)*160 -> 175680 | CG8: =(CE8)*160 -> 370.56 | CH8: =SUM(CF8*0.0382) -> 6710.976 | CI8: =SUM(CF8*0.02439) -> 4284.8352 | CJ8: =SUM(CG8*6.652) -> 2464.9651 | CK8: =SUM(CH8+CI8+45)*1.1 -> 12144.892 | CL8: =SUM(C8) -> 61515 | CM8: 61274 | CN8: 2.087 | CO8: =SUM(CM8-CM7)*160 -> 171840 | CP8: =(CN8)*160 -> 333.92 | CQ8: =SUM(CO8*0.0382) -> 6564.288 | CR8: =SUM(CO8*0.02439) -> 4191.1776 | CS8: =SUM(CP8*6.652) -> 2221.2358 | CT8: =SUM(CQ8+CR8+45)*1.1 -> 11880.512 | CU8: =SUM(W8) -> 47974 | CV8: 47814 | CW8: 2.142 | CX8: =SUM(CV8-CV7)*300 -> 209400 | CY8: =(CW8)*300 -> 642.6 | CZ8: =SUM(CX8*0.0382) -> 7999.08 | DA8: =SUM(CX8*0.02439) -> 5107.266 | DB8: =SUM(CY8*6.652) -> 4274.5752 | DC8: =SUM(CZ8+DA8+45)*1.1 -> 14466.481 | DD8: =SUM(AQ8) -> 11562 | DE8: 11522 | DF8: 0.437 | DG8: =SUM(DE8-DE7)*40 -> 7640 | DH8: =(DF8)*40 -> 17.48 | DI8: =SUM(DG8*0.0382) -> 291.848 | DJ8: =SUM(DG8*0.02439) -> 186.3396 | DK8: =SUM(DH8*6.652) -> 116.27696 | DL8: =SUM(DI8+DJ8+25)*1.1 -> 553.50636 | DM8: =SUM(AA8) -> 45966 | DN8: 45836 | DO8: 2.133 | DP8: =SUM(DN8-DN7)*300 -> 208200 | DQ8: =(DO8)*300 -> 639.9 | DR8: =SUM(DP8*0.0382) -> 7953.24 | DS8: =SUM(DP8*0.02439) -> 5077.998 | DT8: =SUM(DQ8*6.652) -> 4256.6148 | DU8: =SUM(DR8+DS8+45)*1.1 -> 14383.862 | DV8: =SUM(O8) -> 6956 | DW8: 6931 | DX8: 0.257 | DY8: =SUM(DW8-DW7)*400 -> 45200 | DZ8: =(DX8)*400 -> 102.8 | EA8: =SUM(DY8*0.0382) -> 1726.64 | EB8: =SUM(DY8*0.02439) -> 1102.428 | EC8: =SUM(DZ8*6.652) -> 683.8256 | ED8: =SUM(EA8+EB8+45)*1.1 -> 3161.4748 | EE8: =SUM(W8) -> 47974 | EF8: 6942 | EG8: 0.266 | EH8: =SUM(EF8-EF7)*400 -> 46800 | EI8: =(EG8)*400 -> 106.4 | EJ8: =SUM(EH8*0.0382) -> 1787.76 | EK8: =SUM(EH8*0.02439) -> 1141.452 | EL8: =SUM(EI8*6.652) -> 707.7728 | EM8: =SUM(EJ8+EK8+45)*1.1 -> 3271.6332 | EN8: =SUM(S8) -> 7491 | EO8: 7462 | EP8: 0.276 | EQ8: =SUM(EO8-EO7)*400 -> 50000 | ER8: =(EP8)*400 -> 110.4 | ES8: =SUM(EQ8*0.0382) -> 1910 | ET8: =SUM(EQ8*0.02439) -> 1219.5 | EU8: =SUM(ER8*6.652) -> 734.3808 | EV8: =SUM(ES8+ET8+45)*1.1 -> 3491.95 | EW8: =SUM(AE8) -> 12226 | EX8: 12185 | EY8: 0.422 | EZ8: =SUM(EX8-EX7)*160 -> 27840 | FA8: =(EY8)*160 -> 67.52 | FB8: =SUM(EZ8*0.0382) -> 1063.488 | FC8: =SUM(EZ8*0.02439) -> 679.0176 | FD8: =SUM(FA8*6.652) -> 449.14304 | FE8: =SUM(FB8+FC8+45)*1.1 -> 1966.2562 | FF8: =SUM(AI8) -> 8579 | FG8: 8551 | FH8: 0.367 | FI8: =SUM(FG8-FG7)*160 -> 18400 | FJ8: =(FH8)*160 -> 58.72 | FK8: =SUM(FI8*0.0382) -> 702.88 | FL8: =SUM(FI8*0.02439) -> 448.776 | FM8: =SUM(FJ8*6.652) -> 390.60544 | FN8: =SUM(FK8+FL8+45)*1.1 -> 1316.3216 | FO8: =SUM(AM8) -> 58797 | FP8: 58582 | FQ8: 2.301 | FR8: =SUM(FP8-FP7)*200 -> 194000 | FS8: =(FQ8)*200 -> 460.2 | FT8: =SUM(FR8*0.0382) -> 7410.8 | FU8: =SUM(FR8*0.02439) -> 4731.66 | FV8: =SUM(FS8*6.652) -> 3061.2504 | FW8: =SUM(FT8+FU8+45)*1.1 -> 13406.206 | FY8: =SUM(CA8+CF8+CO8+CX8+DG8+DP8+DY8+EH8+EQ8+EZ8+FI8+FR8) -> 1157444 | FZ8: =SUM(CB8+CK8,CT8,DC8,DL8,DU8,ED8,EM8,EV8,FE8,FN8+FW8) -> 80432.053 | GA8: =SUM(CJ8,CS8,DB8,DK8,DT8,EC8,EL8,EU8,FD8,FM8,FV8) -> 19360.646 | GB8: =SUM(FZ8:GA8) -> 99792.699 | GE8: =SUM(BI8) -> 5295 | GF8: 5358 | GG8: 0.277 | GH8: =SUM(GF8-GF7)*100 -> 8000 | GI8: =SUM(GG8)*100 -> 27.7 | GJ8: =SUM(GH8*0.0382) -> 305.6 | GK8: =SUM(GH8*0.0239) -> 191.2 | GL8: =SUM(GI8*6.652) -> 184.2604 | GM8: =SUM(GK8+GJ8+20)*1.1 -> 568.48 | GN8: =SUM(BF8) -> 41013 | GO8: 41547 | GP8: 1.939 | GQ8: =SUM(GO8-GO7)*100 -> 63100 | GR8: =SUM(GP8)*100 -> 193.9 | GS8: =SUM(GQ8*0.0382) -> 2410.42 | GT8: =SUM(GQ8*0.0239) -> 1508.09 | GU8: =SUM(GR8*6.652) -> 1289.8228 | GV8: =SUM(GT8+GS8+20)*1.1 -> 4332.361 | GW8: =SUM(BL8) -> 105733 | GX8: 8470 | GY8: =SUM(GX8-GX7) -> 3224 | GZ8: =SUM(GY8*0.11923) -> 384.39752 | HA8: =SUM(GY8*0.2439) -> 786.3336 | HB8: =SUM(GZ8+HA8+2.85)*1.1 -> 1290.9392 | HC8: =SUM(BO8) -> 40770 | HD8: 41043 | HE8: 3.907 | HF8: =SUM(HD8-HD7)*40 -> 13040 | HG8: =SUM(HE8)*40 -> 156.28 | HH8: =SUM(HF8*0.0382) -> 498.128 | HI8: =SUM(HF8*0.0239) -> 311.656 | HJ8: =SUM(HG8*6.652) -> 1039.5746 | HK8: =SUM(HI8+HH8+20)*1.1 -> 912.7624 | HL8: =SUM(GH8+GQ8+GY8+HF8) -> 87364 | HM8: =SUM(HK8+HB8+GV8+GM8) -> 7104.5426 | HN8: =SUM(GL8+GU8+HJ8) -> 2513.6578 | HO8: =SUM(HM8:HN8) -> 9618.2004 | HQ8: =(FY8+HL8) -> 1244808 | HR8: =(FZ8+HM8) -> 87536.596 | HS8: =(GA8+HN8) -> 21874.304 | HT8: =(HR8+HS8) -> 109410.9
B9: 43255 | C9: 62856 | D9: 2.061 | E9: =SUM(C9-C8)*160 -> 214560 | G9: 57952 | H9: 2.19 | I9: =SUM(G9-G8)*160 -> 218080 | K9: 7120 | L9: 2.86 | M9: =SUM(K9-K8)*400 -> 60800 | O9: 7104 | P9: 2.5 | Q9: =SUM(O9-O8)*400 -> 59200 | S9: 7657 | T9: 2.77 | U9: =SUM(S9-S8)*400 -> 66400 | W9: 49067 | X9: 2.833 | Y9: =SUM(W9-W8)*300 -> 327900 | AA9: 46989 | AB9: 2.257 | AC9: =SUM(AA9-AA8)*300 -> 306900 | AE9: 12475 | AF9: 8.67 | AG9: =SUM(AE9-AE8)*160 -> 39840 | AI9: 8725 | AJ9: 3.26 | AK9: =SUM(AI9-AI8)*160 -> 23360 | AM9: 60014 | AN9: 2.244 | AO9: =SUM(AM9-AM8)*200 -> 243400 | AQ9: 11799 | AR9: 0.408 | AS9: =SUM(AQ9-AQ8)*40 -> 9480 | AU9: 105571 | AW9: =SUM(AU9-AU8) -> 2764 | AZ9: =SUM(AO9+AK9+AG9+AC9+Y9+U9+Q9+M9+I9+E9+AS9+AW9) -> 1572684 | BA9: =SUM(AO9+AS9) -> 252880 | BB9: =SUM(BA9/AZ9) -> 0.16079518 | BE9: 43255 | BF9: 41013 | BG9: =SUM(BF9-BF8)*100 -> 0 | BI9: 5295 | BJ9: =SUM(BI9-BI8)*100 -> 0 | BL9: 105733 | BM9: =SUM(BL9-BL8) -> 0 | BO9: 40770 | BP9: =SUM(BO9-BO8)*40 -> 0 | BS9: =SUM(BG9+BJ9,BM9,BP9) -> 0 | BY9: =SUM(AU9) -> 105571 | BZ9: 5042 | CA9: =SUM(BZ9-BZ8) -> 2856 | CB9: =SUM(CA9*0.11923+CA9*0.02439)*1.1+2.85 -> 454.04659 | CC9: =SUM(G9) -> 57952 | CD9: 57745 | CE9: 2.226 | CF9: =SUM(CD9-CD8)*160 -> 224320 | CG9: =(CE9)*160 -> 356.16 | CH9: =SUM(CF9*0.0382) -> 8569.024 | CI9: =SUM(CF9*0.02439) -> 5471.1648 | CJ9: =SUM(CG9*6.652) -> 2369.1763 | CK9: =SUM(CH9+CI9+45)*1.1 -> 15493.708 | CL9: =SUM(C9) -> 62856 | CM9: 62649 | CN9: 2.133 | CO9: =SUM(CM9-CM8)*160 -> 220000 | CP9: =(CN9)*160 -> 341.28 | CQ9: =SUM(CO9*0.0382) -> 8404 | CR9: =SUM(CO9*0.02439) -> 5365.8 | CS9: =SUM(CP9*6.652) -> 2270.1946 | CT9: =SUM(CQ9+CR9+45)*1.1 -> 15196.28 | CU9: =SUM(W9) -> 49067 | CV9: 48866 | CW9: 2.49 | CX9: =SUM(CV9-CV8)*300 -> 315600 | CY9: =(CW9)*300 -> 747 | CZ9: =SUM(CX9*0.0382) -> 12055.92 | DA9: =SUM(CX9*0.02439) -> 7697.484 | DB9: =SUM(CY9*6.652) -> 4969.044 | DC9: =SUM(CZ9+DA9+45)*1.1 -> 21778.244 | DD9: =SUM(AQ9) -> 11799 | DE9: 11763 | DF9: 0.417 | DG9: =SUM(DE9-DE8)*40 -> 9640 | DH9: =(DF9)*40 -> 16.68 | DI9: =SUM(DG9*0.0382) -> 368.248 | DJ9: =SUM(DG9*0.02439) -> 235.1196 | DK9: =SUM(DH9*6.652) -> 110.95536 | DL9: =SUM(DI9+DJ9+25)*1.1 -> 691.20436 | DM9: =SUM(AA9) -> 46989 | DN9: 46805 | DO9: 2.233 | DP9: =SUM(DN9-DN8)*300 -> 290700 | DQ9: =(DO9)*300 -> 669.9 | DR9: =SUM(DP9*0.0382) -> 11104.74 | DS9: =SUM(DP9*0.02439) -> 7090.173 | DT9: =SUM(DQ9*6.652) -> 4456.1748 | DU9: =SUM(DR9+DS9+45)*1.1 -> 20063.904 | DV9: =SUM(O9) -> 7104 | DW9: 7080 | DX9: 0.259 | DY9: =SUM(DW9-DW8)*400 -> 59600 | DZ9: =(DX9)*400 -> 103.6 | EA9: =SUM(DY9*0.0382) -> 2276.72 | EB9: =SUM(DY9*0.02439) -> 1453.644 | EC9: =SUM(DZ9*6.652) -> 689.1472 | ED9: =SUM(EA9+EB9+45)*1.1 -> 4152.9004 | EE9: =SUM(W9) -> 49067 | EF9: 7095 | EG9: 0.279 | EH9: =SUM(EF9-EF8)*400 -> 61200 | EI9: =(EG9)*400 -> 111.6 | EJ9: =SUM(EH9*0.0382) -> 2337.84 | EK9: =SUM(EH9*0.02439) -> 1492.668 | EL9: =SUM(EI9*6.652) -> 742.3632 | EM9: =SUM(EJ9+EK9+45)*1.1 -> 4263.0588 | EN9: =SUM(S9) -> 7657 | EO9: 7626 | EP9: 0.296 | EQ9: =SUM(EO9-EO8)*400 -> 65600 | ER9: =(EP9)*400 -> 118.4 | ES9: =SUM(EQ9*0.0382) -> 2505.92 | ET9: =SUM(EQ9*0.02439) -> 1599.984 | EU9: =SUM(ER9*6.652) -> 787.5968 | EV9: =SUM(ES9+ET9+45)*1.1 -> 4565.9944 | EW9: =SUM(AE9) -> 12475 | EX9: 12426 | EY9: 0.452 | EZ9: =SUM(EX9-EX8)*160 -> 38560 | FA9: =(EY9)*160 -> 72.32 | FB9: =SUM(EZ9*0.0382) -> 1472.992 | FC9: =SUM(EZ9*0.02439) -> 940.4784 | FD9: =SUM(FA9*6.652) -> 481.07264 | FE9: =SUM(FB9+FC9+45)*1.1 -> 2704.3174 | FF9: =SUM(AI9) -> 8725 | FG9: 8703 | FH9: 0.38 | FI9: =SUM(FG9-FG8)*160 -> 24320 | FJ9: =(FH9)*160 -> 60.8 | FK9: =SUM(FI9*0.0382) -> 929.024 | FL9: =SUM(FI9*0.02439) -> 593.1648 | FM9: =SUM(FJ9*6.652) -> 404.4416 | FN9: =SUM(FK9+FL9+45)*1.1 -> 1723.9077 | FO9: =SUM(AM9) -> 60014 | FP9: 59819 | FQ9: 2.109 | FR9: =SUM(FP9-FP8)*200 -> 247400 | FS9: =(FQ9)*200 -> 421.8 | FT9: =SUM(FR9*0.0382) -> 9450.68 | FU9: =SUM(FR9*0.02439) -> 6034.086 | FV9: =SUM(FS9*6.652) -> 2805.8136 | FW9: =SUM(FT9+FU9+45)*1.1 -> 17082.743 | FY9: =SUM(CA9+CF9+CO9+CX9+DG9+DP9+DY9+EH9+EQ9+EZ9+FI9+FR9) -> 1559796 | FZ9: =SUM(CB9+CK9,CT9,DC9,DL9,DU9,ED9,EM9,EV9,FE9,FN9+FW9) -> 108170.31 | GA9: =SUM(CJ9,CS9,DB9,DK9,DT9,EC9,EL9,EU9,FD9,FM9,FV9) -> 20085.98 | GB9: =SUM(FZ9:GA9) -> 128256.29 | GE9: =SUM(BI9) -> 5295 | GF9: 5458 | GG9: 0.243 | GH9: =SUM(GF9-GF8)*100 -> 10000 | GI9: =SUM(GG9)*100 -> 24.3 | GJ9: =SUM(GH9*0.0382) -> 382 | GK9: =SUM(GH9*0.0239) -> 239 | GL9: =SUM(GI9*6.652) -> 161.6436 | GM9: =SUM(GK9+GJ9+20)*1.1 -> 705.1 | GN9: =SUM(BF9) -> 41013 | GO9: 42431 | GP9: 1.934 | GQ9: =SUM(GO9-GO8)*100 -> 88400 | GR9: =SUM(GP9)*100 -> 193.4 | GS9: =SUM(GQ9*0.0382) -> 3376.88 | GT9: =SUM(GQ9*0.0239) -> 2112.76 | GU9: =SUM(GR9*6.652) -> 1286.4968 | GV9: =SUM(GT9+GS9+20)*1.1 -> 6060.604 | GW9: =SUM(BL9) -> 105733 | GX9: 12648 | GY9: =SUM(GX9-GX8) -> 4178 | GZ9: =SUM(GY9*0.11923) -> 498.14294 | HA9: =SUM(GY9*0.2439) -> 1019.0142 | HB9: =SUM(GZ9+HA9+2.85)*1.1 -> 1672.0079 | HC9: =SUM(BO9) -> 40770 | HD9: 41512 | HE9: 3.899 | HF9: =SUM(HD9-HD8)*40 -> 18760 | HG9: =SUM(HE9)*40 -> 155.96 | HH9: =SUM(HF9*0.0382) -> 716.632 | HI9: =SUM(HF9*0.0239) -> 448.364 | HJ9: =SUM(HG9*6.652) -> 1037.4459 | HK9: =SUM(HI9+HH9+20)*1.1 -> 1303.4956 | HL9: =SUM(GH9+GQ9+GY9+HF9) -> 121338 | HM9: =SUM(HK9+HB9+GV9+GM9) -> 9741.2075 | HN9: =SUM(GL9+GU9+HJ9) -> 2485.5863 | HO9: =SUM(HM9:HN9) -> 12226.794 | HQ9: =(FY9+HL9) -> 1681134 | HR9: =(FZ9+HM9) -> 117911.52 | HS9: =(GA9+HN9) -> 22571.566 | HT9: =(HR9+HS9) -> 140483.08
B10: 43281 | C10: 63944 | D10: 2.002 | E10: =SUM(C10-C9)*160 -> 174080 | G10: 59066 | H10: 2.309 | I10: =SUM(G10-G9)*160 -> 178240 | K10: 7252 | L10: 2.79 | M10: =SUM(K10-K9)*400 -> 52800 | O10: 7234 | P10: 2.54 | Q10: =SUM(O10-O9)*400 -> 52000 | S10: 7786 | T10: 2.9 | U10: =SUM(S10-S9)*400 -> 51600 | W10: 50149 | X10: 2.662 | Y10: =SUM(W10-W9)*300 -> 324600 | AA10: 47999 | AB10: 2.171 | AC10: =SUM(AA10-AA9)*300 -> 303000 | AE10: 12661 | AF10: 4.98 | AG10: =SUM(AE10-AE9)*160 -> 29760 | AI10: 8838 | AJ10: 3.78 | AK10: =SUM(AI10-AI9)*160 -> 18080 | AM10: 61153 | AN10: 2.348 | AO10: =SUM(AM10-AM9)*200 -> 227800 | AQ10: 11992 | AR10: 0.423 | AS10: =SUM(AQ10-AQ9)*40 -> 7720 | AU10: 107731 | AW10: =SUM(AU10-AU9) -> 2160 | AZ10: =SUM(AO10+AK10+AG10+AC10+Y10+U10+Q10+M10+I10+E10+AS10+AW10) -> 1421840 | BA10: =SUM(AO10+AS10) -> 235520 | BB10: =SUM(BA10/AZ10) -> 0.16564452 | BE10: 43281 | BF10: 43292 | BG10: =SUM(BF10-BF9)*100 -> 227900 | BI10: 5570 | BJ10: =SUM(BI10-BI9)*100 -> 27500 | BL10: 16549 | BM10: 89184 | BO10: 41859 | BP10: =SUM(BO10-BO9)*40 -> 43560 | BS10: =SUM(BG10+BJ10,BM10,BP10) -> 388144 | BY10: =SUM(AU10) -> 107731 | BZ10: 7130 | CA10: =SUM(BZ10-BZ9) -> 2088 | CB10: =SUM(CA10*0.11923+CA10*0.02439)*1.1+2.85 -> 332.71642 | CC10: =SUM(G10) -> 59066 | CD10: 58950 | CE10: 2.28 | CF10: =SUM(CD10-CD9)*160 -> 192800 | CG10: =(CE10)*160 -> 364.8 | CH10: =SUM(CF10*0.0382) -> 7364.96 | CI10: =SUM(CF10*0.02439) -> 4702.392 | CJ10: =SUM(CG10*6.652) -> 2426.6496 | CK10: =SUM(CH10+CI10+45)*1.1 -> 13323.587 | CL10: =SUM(C10) -> 63944 | CM10: 63828 | CN10: 2.134 | CO10: =SUM(CM10-CM9)*160 -> 188640 | CP10: =(CN10)*160 -> 341.44 | CQ10: =SUM(CO10*0.0382) -> 7206.048 | CR10: =SUM(CO10*0.02439) -> 4600.9296 | CS10: =SUM(CP10*6.652) -> 2271.2589 | CT10: =SUM(CQ10+CR10+45)*1.1 -> 13037.175 | CU10: =SUM(W10) -> 50149 | CV10: 50036 | CW10: 2.833 | CX10: =SUM(CV10-CV9)*300 -> 351000 | CY10: =(CW10)*300 -> 849.9 | CZ10: =SUM(CX10*0.0382) -> 13408.2 | DA10: =SUM(CX10*0.02439) -> 8560.89 | DB10: =SUM(CY10*6.652) -> 5653.5348 | DC10: =SUM(CZ10+DA10+45)*1.1 -> 24215.499 | DD10: =SUM(AQ10) -> 11992 | DE10: 11972 | DF10: 0.415 | DG10: =SUM(DE10-DE9)*40 -> 8360 | DH10: =(DF10)*40 -> 16.6 | DI10: =SUM(DG10*0.0382) -> 319.352 | DJ10: =SUM(DG10*0.02439) -> 203.9004 | DK10: =SUM(DH10*6.652) -> 110.4232 | DL10: =SUM(DI10+DJ10+25)*1.1 -> 603.07764 | DM10: =SUM(AA10) -> 47999 | DN10: 47906 | DO10: 2.257 | DP10: =SUM(DN10-DN9)*300 -> 330300 | DQ10: =(DO10)*300 -> 677.1 | DR10: =SUM(DP10*0.0382) -> 12617.46 | DS10: =SUM(DP10*0.02439) -> 8056.017 | DT10: =SUM(DQ10*6.652) -> 4504.0692 | DU10: =SUM(DR10+DS10+45)*1.1 -> 22790.325 | DV10: =SUM(O10) -> 7234 | DW10: 7220 | DX10: 0.25 | DY10: =SUM(DW10-DW9)*400 -> 56000 | DZ10: =(DX10)*400 -> 100 | EA10: =SUM(DY10*0.0382) -> 2139.2 | EB10: =SUM(DY10*0.02439) -> 1365.84 | EC10: =SUM(DZ10*6.652) -> 665.2 | ED10: =SUM(EA10+EB10+45)*1.1 -> 3905.044 | EE10: =SUM(W10) -> 50149 | EF10: 7237 | EG10: 0.286 | EH10: =SUM(EF10-EF9)*400 -> 56800 | EI10: =(EG10)*400 -> 114.4 | EJ10: =SUM(EH10*0.0382) -> 2169.76 | EK10: =SUM(EH10*0.02439) -> 1385.352 | EL10: =SUM(EI10*6.652) -> 760.9888 | EM10: =SUM(EJ10+EK10+45)*1.1 -> 3960.1232 | EN10: =SUM(S10) -> 7786 | EO10: 7771 | EP10: 0.277 | EQ10: =SUM(EO10-EO9)*400 -> 58000 | ER10: =(EP10)*400 -> 110.8 | ES10: =SUM(EQ10*0.0382) -> 2215.6 | ET10: =SUM(EQ10*0.02439) -> 1414.62 | EU10: =SUM(ER10*6.652) -> 737.0416 | EV10: =SUM(ES10+ET10+45)*1.1 -> 4042.742 | EW10: =SUM(AE10) -> 12661 | EX10: 12644 | EY10: 0.867 | EZ10: =SUM(EX10-EX9)*160 -> 34880 | FA10: =(EY10)*160 -> 138.72 | FB10: =SUM(EZ10*0.0382) -> 1332.416 | FC10: =SUM(EZ10*0.02439) -> 850.7232 | FD10: =SUM(FA10*6.652) -> 922.76544 | FE10: =SUM(FB10+FC10+45)*1.1 -> 2450.9531 | FF10: =SUM(AI10) -> 8838 | FG10: 8829 | FH10: 0.348 | FI10: =SUM(FG10-FG9)*160 -> 20160 | FJ10: =(FH10)*160 -> 55.68 | FK10: =SUM(FI10*0.0382) -> 770.112 | FL10: =SUM(FI10*0.02439) -> 491.7024 | FM10: =SUM(FJ10*6.652) -> 370.38336 | FN10: =SUM(FK10+FL10+45)*1.1 -> 1437.4958 | FO10: =SUM(AM10) -> 61153 | FP10: 61025 | FQ10: 2.281 | FR10: =SUM(FP10-FP9)*200 -> 241200 | FS10: =(FQ10)*200 -> 456.2 | FT10: =SUM(FR10*0.0382) -> 9213.84 | FU10: =SUM(FR10*0.02439) -> 5882.868 | FV10: =SUM(FS10*6.652) -> 3034.6424 | FW10: =SUM(FT10+FU10+45)*1.1 -> 16655.879 | FY10: =SUM(CA10+CF10+CO10+CX10+DG10+DP10+DY10+EH10+EQ10+EZ10+FI10+FR10) -> 1540228 | FZ10: =SUM(CB10+CK10,CT10,DC10,DL10,DU10,ED10,EM10,EV10,FE10,FN10+FW10) -> 106754.62 | GA10: =SUM(CJ10,CS10,DB10,DK10,DT10,EC10,EL10,EU10,FD10,FM10,FV10) -> 21456.957 | GB10: =SUM(FZ10:GA10) -> 128211.57 | GE10: =SUM(BI10) -> 5570 | GF10: 5545 | GG10: 0.269 | GH10: =SUM(GF10-GF9)*100 -> 8700 | GI10: =SUM(GG10)*100 -> 26.9 | GJ10: =SUM(GH10*0.0382) -> 332.34 | GK10: =SUM(GH10*0.0239) -> 207.93 | GL10: =SUM(GI10*6.652) -> 178.9388 | GM10: =SUM(GK10+GJ10+20)*1.1 -> 616.297 | GN10: =SUM(BF10) -> 43292 | GO10: 43186 | GP10: 1.915 | GQ10: =SUM(GO10-GO9)*100 -> 75500 | GR10: =SUM(GP10)*100 -> 191.5 | GS10: =SUM(GQ10*0.0382) -> 2884.1 | GT10: =SUM(GQ10*0.0239) -> 1804.45 | GU10: =SUM(GR10*6.652) -> 1273.858 | GV10: =SUM(GT10+GS10+20)*1.1 -> 5179.405 | GW10: =SUM(BL10) -> 16549 | GX10: 16254 | GY10: =SUM(GX10-GX9) -> 3606 | GZ10: =SUM(GY10*0.11923) -> 429.94338 | HA10: =SUM(GY10*0.2439) -> 879.5034 | HB10: =SUM(GZ10+HA10+2.85)*1.1 -> 1443.5265 | HC10: =SUM(BO10) -> 41859 | HD10: 41834 | HE10: 3.915 | HF10: =SUM(HD10-HD9)*40 -> 12880 | HG10: =SUM(HE10)*40 -> 156.6 | HH10: =SUM(HF10*0.0382) -> 492.016 | HI10: =SUM(HF10*0.0239) -> 307.832 | HJ10: =SUM(HG10*6.652) -> 1041.7032 | HK10: =SUM(HI10+HH10+20)*1.1 -> 901.8328 | HL10: =SUM(GH10+GQ10+GY10+HF10) -> 100686 | HM10: =SUM(HK10+HB10+GV10+GM10) -> 8141.0613 | HN10: =SUM(GL10+GU10+HJ10) -> 2494.5 | HO10: =SUM(HM10:HN10) -> 10635.561 | HQ10: =(FY10+HL10) -> 1640914 | HR10: =(FZ10+HM10) -> 114895.68 | HS10: =(GA10+HN10) -> 23951.457 | HT10: =(HR10+HS10) -> 138847.14
B11: 43312 | C11: 65064 | D11: 1.898 | E11: =SUM(C11-C10)*160 -> 179200 | G11: 60207 | H11: 2.112 | I11: =SUM(G11-G10)*160 -> 182560 | K11: 7385 | L11: 2.56 | M11: =SUM(K11-K10)*400 -> 53200 | O11: 7369 | P11: 2.5 | Q11: =SUM(O11-O10)*400 -> 54000 | S11: 7927 | T11: 2.55 | U11: =SUM(S11-S10)*400 -> 56400 | W11: 51265 | X11: 2.512 | Y11: =SUM(W11-W10)*300 -> 334800 | AA11: 49050 | AB11: 2.073 | AC11: =SUM(AA11-AA10)*300 -> 315300 | AE11: 12841 | AF11: 3.69 | AG11: =SUM(AE11-AE10)*160 -> 28800 | AI11: 8943 | AJ11: 2.91 | AK11: =SUM(AI11-AI10)*160 -> 16800 | AM11: 62337 | AN11: 2.309 | AO11: =SUM(AM11-AM10)*200 -> 236800 | AQ11: 12199 | AR11: 0.409 | AS11: =SUM(AQ11-AQ10)*40 -> 8280 | AU11: 109976 | AW11: =SUM(AU11-AU10) -> 2245 | AZ11: =SUM(AO11+AK11+AG11+AC11+Y11+U11+Q11+M11+I11+E11+AS11+AW11) -> 1468385 | BA11: =SUM(AO11+AS11) -> 245080 | BB11: =SUM(BA11/AZ11) -> 0.16690446 | BE11: 43312 | BF11: 41013 | BG11: 227900 | BI11: 5295 | BJ11: 27500 | BL11: 105733 | BM11: =SUM(BL11-BL10) -> 89184 | BO11: 40770 | BP11: 43650 | BS11: =SUM(BG11+BJ11,BM11,BP11) -> 388234 | BY11: =SUM(AU11) -> 109976 | BZ11: 9369 | CA11: =SUM(BZ11-BZ10) -> 2239 | CB11: =SUM(CA11*0.11923+CA11*0.02439)*1.1+2.85 -> 356.5717 | CC11: =SUM(G11) -> 60207 | CD11: 60011 | CE11: 2.309 | CF11: =SUM(CD11-CD10)*160 -> 169760 | CG11: =(CE11)*160 -> 369.44 | CH11: =SUM(CF11*0.0382) -> 6484.832 | CI11: =SUM(CF11*0.02439) -> 4140.4464 | CJ11: =SUM(CG11*6.652) -> 2457.5149 | CK11: =SUM(CH11+CI11+45)*1.1 -> 11737.306 | CL11: =SUM(C11) -> 65064 | CM11: 64867 | CN11: 2.002 | CO11: =SUM(CM11-CM10)*160 -> 166240 | CP11: =(CN11)*160 -> 320.32 | CQ11: =SUM(CO11*0.0382) -> 6350.368 | CR11: =SUM(CO11*0.02439) -> 4054.5936 | CS11: =SUM(CP11*6.652) -> 2130.7686 | CT11: =SUM(CQ11+CR11+45)*1.1 -> 11494.958 | CU11: =SUM(W11) -> 51265 | CV11: 51071 | CW11: 2.694 | CX11: =SUM(CV11-CV10)*300 -> 310500 | CY11: =(CW11)*300 -> 808.2 | CZ11: =SUM(CX11*0.0382) -> 11861.1 | DA11: =SUM(CX11*0.02439) -> 7573.095 | DB11: =SUM(CY11*6.652) -> 5376.1464 | DC11: =SUM(CZ11+DA11+45)*1.1 -> 21427.114 | DD11: =SUM(AQ11) -> 12199 | DE11: 12163 | DF11: 0.439 | DG11: =SUM(DE11-DE10)*40 -> 7640 | DH11: =(DF11)*40 -> 17.56 | DI11: =SUM(DG11*0.0382) -> 291.848 | DJ11: =SUM(DG11*0.02439) -> 186.3396 | DK11: =SUM(DH11*6.652) -> 116.80912 | DL11: =SUM(DI11+DJ11+25)*1.1 -> 553.50636 | DM11: =SUM(AA11) -> 49050 | DN11: 48879 | DO11: 2.212 | DP11: =SUM(DN11-DN10)*300 -> 291900 | DQ11: =(DO11)*300 -> 663.6 | DR11: =SUM(DP11*0.0382) -> 11150.58 | DS11: =SUM(DP11*0.02439) -> 7119.441 | DT11: =SUM(DQ11*6.652) -> 4414.2672 | DU11: =SUM(DR11+DS11+45)*1.1 -> 20146.523 | DV11: =SUM(O11) -> 7369 | DW11: 7346 | DX11: 0.272 | DY11: =SUM(DW11-DW10)*400 -> 50400 | DZ11: =(DX11)*400 -> 108.8 | EA11: =SUM(DY11*0.0382) -> 1925.28 | EB11: =SUM(DY11*0.02439) -> 1229.256 | EC11: =SUM(DZ11*6.652) -> 723.7376 | ED11: =SUM(EA11+EB11+45)*1.1 -> 3519.4896 | EE11: =SUM(W11) -> 51265 | EF11: 7362 | EG11: 0.279 | EH11: =SUM(EF11-EF10)*400 -> 50000 | EI11: =(EG11)*400 -> 111.6 | EJ11: =SUM(EH11*0.0382) -> 1910 | EK11: =SUM(EH11*0.02439) -> 1219.5 | EL11: =SUM(EI11*6.652) -> 742.3632 | EM11: =SUM(EJ11+EK11+45)*1.1 -> 3491.95 | EN11: =SUM(S11) -> 7927 | EO11: 7902 | EP11: 0.292 | EQ11: =SUM(EO11-EO10)*400 -> 52400 | ER11: =(EP11)*400 -> 116.8 | ES11: =SUM(EQ11*0.0382) -> 2001.68 | ET11: =SUM(EQ11*0.02439) -> 1278.036 | EU11: =SUM(ER11*6.652) -> 776.9536 | EV11: =SUM(ES11+ET11+45)*1.1 -> 3657.1876 | EW11: =SUM(AE11) -> 12841 | EX11: 12809 | EY11: 0.496 | EZ11: =SUM(EX11-EX10)*160 -> 26400 | FA11: =(EY11)*160 -> 79.36 | FB11: =SUM(EZ11*0.0382) -> 1008.48 | FC11: =SUM(EZ11*0.02439) -> 643.896 | FD11: =SUM(FA11*6.652) -> 527.90272 | FE11: =SUM(FB11+FC11+45)*1.1 -> 1867.1136 | FF11: =SUM(AI11) -> 8943 | FG11: 8925 | FH11: 0.378 | FI11: =SUM(FG11-FG10)*160 -> 15360 | FJ11: =(FH11)*160 -> 60.48 | FK11: =SUM(FI11*0.0382) -> 586.752 | FL11: =SUM(FI11*0.02439) -> 374.6304 | FM11: =SUM(FJ11*6.652) -> 402.31296 | FN11: =SUM(FK11+FL11+45)*1.1 -> 1107.0206 | FO11: =SUM(AM11) -> 62337 | FP11: 62166 | FQ11: 2.383 | FR11: =SUM(FP11-FP10)*200 -> 228200 | FS11: =(FQ11)*200 -> 476.6 | FT11: =SUM(FR11*0.0382) -> 8717.24 | FU11: =SUM(FR11*0.02439) -> 5565.798 | FV11: =SUM(FS11*6.652) -> 3170.3432 | FW11: =SUM(FT11+FU11+45)*1.1 -> 15760.842 | FY11: =SUM(CA11+CF11+CO11+CX11+DG11+DP11+DY11+EH11+EQ11+EZ11+FI11+FR11) -> 1371039 | FZ11: =SUM(CB11+CK11,CT11,DC11,DL11,DU11,ED11,EM11,EV11,FE11,FN11+FW11) -> 95119.583 | GA11: =SUM(CJ11,CS11,DB11,DK11,DT11,EC11,EL11,EU11,FD11,FM11,FV11) -> 20839.12 | GB11: =SUM(FZ11:GA11) -> 115958.7 | GE11: =SUM(BI11) -> 5295 | GF11: 5642 | GG11: 0.268 | GH11: =SUM(GF11-GF10)*100 -> 9700 | GI11: =SUM(GG11)*100 -> 26.8 | GJ11: =SUM(GH11*0.0382) -> 370.54 | GK11: =SUM(GH11*0.0239) -> 231.83 | GL11: =SUM(GI11*6.652) -> 178.2736 | GM11: =SUM(GK11+GJ11+20)*1.1 -> 684.607 | GN11: =SUM(BF11) -> 41013 | GO11: 43926 | GP11: 2.045 | GQ11: =SUM(GO11-GO10)*100 -> 74000 | GR11: =SUM(GP11)*100 -> 204.5 | GS11: =SUM(GQ11*0.0382) -> 2826.8 | GT11: =SUM(GQ11*0.0239) -> 1768.6 | GU11: =SUM(GR11*6.652) -> 1360.334 | GV11: =SUM(GT11+GS11+20)*1.1 -> 5076.94 | GW11: =SUM(BL11) -> 105733 | GX11: 18937 | GY11: =SUM(GX11-GX10) -> 2683 | GZ11: =SUM(GY11*0.11923) -> 319.89409 | HA11: =SUM(GY11*0.0325) -> 87.1975 | HB11: =SUM(GZ11+HA11+2.85)*1.1 -> 450.93575 | HC11: =SUM(BO11) -> 40770 | HD11: 41919 | HE11: 3.74 | HF11: =SUM(HD11-HD10)*40 -> 3400 | HG11: =SUM(HE11)*40 -> 149.6 | HH11: =SUM(HF11*0.0382) -> 129.88 | HI11: =SUM(HF11*0.0239) -> 81.26 | HJ11: =SUM(HG11*6.652) -> 995.1392 | HK11: =SUM(HI11+HH11+20)*1.1 -> 254.254 | HL11: =SUM(GH11+GQ11+GY11+HF11) -> 89783 | HM11: =SUM(HK11+HB11+GV11+GM11) -> 6466.7367 | HN11: =SUM(GL11+GU11+HJ11) -> 2533.7468 | HO11: =SUM(HM11:HN11) -> 9000.4835 | HQ11: =(FY11+HL11) -> 1460822 | HR11: =(FZ11+HM11) -> 101586.32 | HS11: =(GA11+HN11) -> 23372.866 | HT11: =(HR11+HS11) -> 124959.19
B12: 43342 | C12: 67504 | D12: 2.051 | E12: =SUM(C12-C11)*160 -> 390400 | G12: 62661 | H12: 2.106 | I12: =SUM(G12-G11)*160 -> 392640 | K12: 7666 | L12: 2.52 | M12: =SUM(K12-K11)*400 -> 112400 | O12: 7637 | P12: 2.21 | Q12: =SUM(O12-O11)*400 -> 107200 | S12: 8213 | T12: 2.64 | U12: =SUM(S12-S11)*400 -> 114400 | W12: 53742 | X12: 2.54 | Y12: =SUM(W12-W11)*300 -> 743100 | AA12: 51428 | AB12: 2.463 | AC12: =SUM(AA12-AA11)*300 -> 713400 | AE12: 13232 | AF12: 5.4 | AG12: =SUM(AE12-AE11)*160 -> 62560 | AI12: 9176 | AJ12: 3.61 | AK12: =SUM(AI12-AI11)*160 -> 37280 | AM12: 65018 | AN12: 2.336 | AO12: =SUM(AM12-AM11)*200 -> 536200 | AQ12: 12658 | AR12: 0.412 | AS12: =SUM(AQ12-AQ11)*40 -> 18360 | AU12: 115107 | AW12: =SUM(AU12-AU11) -> 5131 | AZ12: =SUM(AO12+AK12+AG12+AC12+Y12+U12+Q12+M12+I12+E12+AS12+AW12) -> 3233071 | BA12: =SUM(AO12+AS12) -> 554560 | BB12: =SUM(BA12/AZ12) -> 0.17152732 | BE12: 43342 | BF12: 41013 | BG12: =SUM(BF12-BF11)*100 -> 0 | BI12: 5295 | BJ12: =SUM(BI12-BI11)*100 -> 0 | BL12: 105733 | BM12: =SUM(BL12-BL11) -> 0 | BO12: 40770 | BP12: =SUM(BO12-BO11)*40 -> 0 | BS12: =SUM(BG12+BJ12,BM12,BP12) -> 0 | BY12: =SUM(AU12) -> 115107 | BZ12: 12073 | CA12: =SUM(BZ12-BZ11) -> 2704 | CB12: =SUM(CA12*0.11923+CA12*0.02439)*1.1+2.85 -> 430.03333 | CC12: =SUM(G12) -> 62661 | CD12: 61359 | CE12: 2.192 | CF12: =SUM(CD12-CD11)*160 -> 215680 | CG12: =(CE12)*160 -> 350.72 | CH12: =SUM(CF12*0.0382) -> 8238.976 | CI12: =SUM(CF12*0.02439) -> 5260.4352 | CJ12: =SUM(CG12*6.652) -> 2332.9894 | CK12: =SUM(CH12+CI12+45)*1.1 -> 14898.852 | CL12: =SUM(C12) -> 67504 | CM12: 66201 | CN12: 2.026 | CO12: =SUM(CM12-CM11)*160 -> 213440 | CP12: =(CN12)*160 -> 324.16 | CQ12: =SUM(CO12*0.0382) -> 8153.408 | CR12: =SUM(CO12*0.02439) -> 5205.8016 | CS12: =SUM(CP12*6.652) -> 2156.3123 | CT12: =SUM(CQ12+CR12+45)*1.1 -> 14744.631 | CU12: =SUM(W12) -> 53742 | CV12: 52392 | CW12: 2.626 | CX12: =SUM(CV12-CV11)*300 -> 396300 | CY12: =(CW12)*300 -> 787.8 | CZ12: =SUM(CX12*0.0382) -> 15138.66 | DA12: =SUM(CX12*0.02439) -> 9665.757 | DB12: =SUM(CY12*6.652) -> 5240.4456 | DC12: =SUM(CZ12+DA12+45)*1.1 -> 27334.359 | DD12: =SUM(AQ12) -> 12658 | DE12: 12411 | DF12: 0.432 | DG12: =SUM(DE12-DE11)*40 -> 9920 | DH12: =(DF12)*40 -> 17.28 | DI12: =SUM(DG12*0.0382) -> 378.944 | DJ12: =SUM(DG12*0.02439) -> 241.9488 | DK12: =SUM(DH12*6.652) -> 114.94656 | DL12: =SUM(DI12+DJ12+25)*1.1 -> 710.48208 | DM12: =SUM(AA12) -> 51428 | DN12: 50131 | DO12: 2.198 | DP12: =SUM(DN12-DN11)*300 -> 375600 | DQ12: =(DO12)*300 -> 659.4 | DR12: =SUM(DP12*0.0382) -> 14347.92 | DS12: =SUM(DP12*0.02439) -> 9160.884 | DT12: =SUM(DQ12*6.652) -> 4386.3288 | DU12: =SUM(DR12+DS12+45)*1.1 -> 25909.184 | DV12: =SUM(O12) -> 7637 | DW12: 7496 | DX12: 0.25 | DY12: =SUM(DW12-DW11)*400 -> 60000 | DZ12: =(DX12)*400 -> 100 | EA12: =SUM(DY12*0.0382) -> 2292 | EB12: =SUM(DY12*0.02439) -> 1463.4 | EC12: =SUM(DZ12*6.652) -> 665.2 | ED12: =SUM(EA12+EB12+45)*1.1 -> 4180.44 | EE12: =SUM(W12) -> 53742 | EF12: 7523 | EG12: 0.258 | EH12: =SUM(EF12-EF11)*400 -> 64400 | EI12: =(EG12)*400 -> 103.2 | EJ12: =SUM(EH12*0.0382) -> 2460.08 | EK12: =SUM(EH12*0.02439) -> 1570.716 | EL12: =SUM(EI12*6.652) -> 686.4864 | EM12: =SUM(EJ12+EK12+45)*1.1 -> 4483.3756 | EN12: =SUM(S12) -> 8213 | EO12: 8068 | EP12: 0.268 | EQ12: =SUM(EO12-EO11)*400 -> 66400 | ER12: =(EP12)*400 -> 107.2 | ES12: =SUM(EQ12*0.0382) -> 2536.48 | ET12: =SUM(EQ12*0.02439) -> 1619.496 | EU12: =SUM(ER12*6.652) -> 713.0944 | EV12: =SUM(ES12+ET12+45)*1.1 -> 4621.0736 | EW12: =SUM(AE12) -> 13232 | EX12: 13018 | EY12: 0.397 | EZ12: =SUM(EX12-EX11)*160 -> 33440 | FA12: =(EY12)*160 -> 63.52 | FB12: =SUM(EZ12*0.0382) -> 1277.408 | FC12: =SUM(EZ12*0.02439) -> 815.6016 | FD12: =SUM(FA12*6.652) -> 422.53504 | FE12: =SUM(FB12+FC12+45)*1.1 -> 2351.8106 | FF12: =SUM(AI12) -> 9176 | FG12: 9044 | FH12: 0.332 | FI12: =SUM(FG12-FG11)*160 -> 19040 | FJ12: =(FH12)*160 -> 53.12 | FK12: =SUM(FI12*0.0382) -> 727.328 | FL12: =SUM(FI12*0.02439) -> 464.3856 | FM12: =SUM(FJ12*6.652) -> 353.35424 | FN12: =SUM(FK12+FL12+45)*1.1 -> 1360.385 | FO12: =SUM(AM12) -> 65018 | FP12: 63605 | FQ12: 2.396 | FR12: =SUM(FP12-FP11)*200 -> 287800 | FS12: =(FQ12)*200 -> 479.2 | FT12: =SUM(FR12*0.0382) -> 10993.96 | FU12: =SUM(FR12*0.02439) -> 7019.442 | FV12: =SUM(FS12*6.652) -> 3187.6384 | FW12: =SUM(FT12+FU12+45)*1.1 -> 19864.242 | FY12: =SUM(CA12+CF12+CO12+CX12+DG12+DP12+DY12+EH12+EQ12+EZ12+FI12+FR12) -> 1744724 | FZ12: =SUM(CB12+CK12,CT12,DC12,DL12,DU12,ED12,EM12,EV12,FE12,FN12+FW12) -> 120888.87 | GA12: =SUM(CJ12,CS12,DB12,DK12,DT12,EC12,EL12,EU12,FD12,FM12,FV12) -> 20259.331 | GB12: =SUM(FZ12:GA12) -> 141148.2 | GE12: =SUM(BI12) -> 5295 | GF12: 5761 | GG12: 0.282 | GH12: =SUM(GF12-GF11)*100 -> 11900 | GI12: =SUM(GG12)*100 -> 28.2 | GJ12: =SUM(GH12*0.0382) -> 454.58 | GK12: =SUM(GH12*0.0239) -> 284.41 | GL12: =SUM(GI12*6.652) -> 187.5864 | GM12: =SUM(GK12+GJ12+20)*1.1 -> 834.889 | GN12: =SUM(BF12) -> 41013 | GO12: 44846 | GP12: 1.99 | GQ12: =SUM(GO12-GO11)*100 -> 92000 | GR12: =SUM(GP12)*100 -> 199 | GS12: =SUM(GQ12*0.0382) -> 3514.4 | GT12: =SUM(GQ12*0.0239) -> 2198.8 | GU12: =SUM(GR12*6.652) -> 1323.748 | GV12: =SUM(GT12+GS12+20)*1.1 -> 6306.52 | GW12: =SUM(BL12) -> 105733 | GX12: 22851 | GY12: =SUM(GX12-GX11) -> 3914 | GZ12: =SUM(GY12*0.11923) -> 466.66622 | HA12: =SUM(GY12*0.0325) -> 127.205 | HB12: =SUM(GZ12+HA12+2.85)*1.1 -> 656.39334 | HC12: =SUM(BO12) -> 40770 | HD12: 42268 | HE12: 3.777 | HF12: =SUM(HD12-HD11)*40 -> 13960 | HG12: =SUM(HE12)*40 -> 151.08 | HH12: =SUM(HF12*0.0382) -> 533.272 | HI12: =SUM(HF12*0.0239) -> 333.644 | HJ12: =SUM(HG12*6.652) -> 1004.9842 | HK12: =SUM(HI12+HH12+20)*1.1 -> 975.6076 | HL12: =SUM(GH12+GQ12+GY12+HF12) -> 121774 | HM12: =SUM(HK12+HB12+GV12+GM12) -> 8773.4099 | HN12: =SUM(GL12+GU12+HJ12) -> 2516.3186 | HO12: =SUM(HM12:HN12) -> 11289.729 | HQ12: =(FY12+HL12) -> 1866498 | HR12: =(FZ12+HM12) -> 129662.28 | HS12: =(GA12+HN12) -> 22775.65 | HT12: =(HR12+HS12) -> 152437.93
B13: 43366 | C13: 67785 | D13: 2.061 | E13: =SUM(C13-C12)*160 -> 44960 | G13: 62938 | H13: 2.18 | I13: =SUM(G13-G12)*160 -> 44320 | K13: 7696 | L13: 2.52 | M13: =SUM(K13-K12)*400 -> 12000 | O13: 7667 | P13: 2.22 | Q13: =SUM(O13-O12)*400 -> 12000 | S13: 8247 | T13: 2.78 | U13: =SUM(S13-S12)*400 -> 13600 | W13: 54027 | X13: 2.34 | Y13: =SUM(W13-W12)*300 -> 85500 | AA13: 51613 | AB13: 2.463 | AC13: =SUM(AA13-AA12)*300 -> 55500 | AE13: 13311 | AF13: 5.91 | AG13: =SUM(AE13-AE12)*160 -> 12640 | AI13: 9208 | AJ13: 3.63 | AK13: =SUM(AI13-AI12)*160 -> 5120 | AM13: 65313 | AN13: 2.35 | AO13: =SUM(AM13-AM12)*200 -> 59000 | AQ13: 12710 | AR13: 0.412 | AS13: =SUM(AQ13-AQ12)*40 -> 2080 | AU13: 115712 | AW13: =SUM(AU13-AU12) -> 605 | AZ13: =SUM(AO13+AK13+AG13+AC13+Y13+U13+Q13+M13+I13+E13+AS13+AW13) -> 347325 | BA13: =SUM(AO13+AS13) -> 61080 | BB13: =SUM(BA13/AZ13) -> 0.17585835 | BE13: 43366 | BF13: 41013 | BG13: =SUM(BF13-BF12)*100 -> 0 | BI13: 5295 | BJ13: =SUM(BI13-BI12)*100 -> 0 | BL13: 105733 | BM13: =SUM(BL13-BL12) -> 0 | BO13: 40770 | BP13: =SUM(BO13-BO12)*40 -> 0 | BS13: =SUM(BG13+BJ13,BM13,BP13) -> 0 | BY13: =SUM(AU13) -> 115712 | BZ13: 14521 | CA13: =SUM(BZ13-BZ12) -> 2448 | CB13: =SUM(CA13*0.11923+CA13*0.02439)*1.1+2.85 -> 389.58994 | CC13: =SUM(G13) -> 62938 | CD13: 62456 | CE13: 2.209 | CF13: =SUM(CD13-CD12)*160 -> 175520 | CG13: =(CE13)*160 -> 353.44 | CH13: =SUM(CF13*0.0382) -> 6704.864 | CI13: =SUM(CF13*0.02439) -> 4280.9328 | CJ13: =SUM(CG13*6.652) -> 2351.0829 | CK13: =SUM(CH13+CI13+45)*1.1 -> 12133.876 | CL13: =SUM(C13) -> 67785 | CM13: 67297 | CN13: 2.065 | CO13: =SUM(CM13-CM12)*160 -> 175360 | CP13: =(CN13)*160 -> 330.4 | CQ13: =SUM(CO13*0.0382) -> 6698.752 | CR13: =SUM(CO13*0.02439) -> 4277.0304 | CS13: =SUM(CP13*6.652) -> 2197.8208 | CT13: =SUM(CQ13+CR13+45)*1.1 -> 12122.861 | CU13: =SUM(W13) -> 54027 | CV13: 53135 | CW13: 2.576 | CX13: =SUM(CV13-CV12)*300 -> 222900 | CY13: =(CW13)*300 -> 772.8 | CZ13: =SUM(CX13*0.0382) -> 8514.78 | DA13: =SUM(CX13*0.02439) -> 5436.531 | DB13: =SUM(CY13*6.652) -> 5140.6656 | DC13: =SUM(CZ13+DA13+45)*1.1 -> 15395.942 | DD13: =SUM(AQ13) -> 12710 | DE13: 12620 | DF13: 0.511 | DG13: =SUM(DE13-DE12)*40 -> 8360 | DH13: =(DF13)*40 -> 20.44 | DI13: =SUM(DG13*0.0382) -> 319.352 | DJ13: =SUM(DG13*0.02439) -> 203.9004 | DK13: =SUM(DH13*6.652) -> 135.96688 | DL13: =SUM(DI13+DJ13+25)*1.1 -> 603.07764 | DM13: =SUM(AA13) -> 51613 | DN13: 51209 | DO13: 2.233 | DP13: =SUM(DN13-DN12)*300 -> 323400 | DQ13: =(DO13)*300 -> 669.9 | DR13: =SUM(DP13*0.0382) -> 12353.88 | DS13: =SUM(DP13*0.02439) -> 7887.726 | DT13: =SUM(DQ13*6.652) -> 4456.1748 | DU13: =SUM(DR13+DS13+45)*1.1 -> 22315.267 | DV13: =SUM(O13) -> 7667 | DW13: 7616 | DX13: =(P13) -> 2.22 | DY13: =SUM(DW13-DW12)*400 -> 48000 | DZ13: =(DX13)*400 -> 888 | EA13: =SUM(DY13*0.0382) -> 1833.6 | EB13: =SUM(DY13*0.02439) -> 1170.72 | EC13: =SUM(DZ13*6.652) -> 5906.976 | ED13: =SUM(EA13+EB13+45)*1.1 -> 3354.252 | EE13: =SUM(W13) -> 54027 | EF13: 7642 | EG13: 0.274 | EH13: =SUM(EF13-EF12)*400 -> 47600 | EI13: =(EG13)*400 -> 109.6 | EJ13: =SUM(EH13*0.0382) -> 1818.32 | EK13: =SUM(EH13*0.02439) -> 1160.964 | EL13: =SUM(EI13*6.652) -> 729.0592 | EM13: =SUM(EJ13+EK13+45)*1.1 -> 3326.7124 | EN13: =SUM(S13) -> 8247 | EO13: 8191 | EP13: 0.282 | EQ13: =SUM(EO13-EO12)*400 -> 49200 | ER13: =(EP13)*400 -> 112.8 | ES13: =SUM(EQ13*0.0382) -> 1879.44 | ET13: =SUM(EQ13*0.02439) -> 1199.988 | EU13: =SUM(ER13*6.652) -> 750.3456 | EV13: =SUM(ES13+ET13+45)*1.1 -> 3436.8708 | EW13: =SUM(AE13) -> 13311 | EX13: 13214 | EY13: 0.719 | EZ13: =SUM(EX13-EX12)*160 -> 31360 | FA13: =(EY13)*160 -> 115.04 | FB13: =SUM(EZ13*0.0382) -> 1197.952 | FC13: =SUM(EZ13*0.02439) -> 764.8704 | FD13: =SUM(FA13*6.652) -> 765.24608 | FE13: =SUM(FB13+FC13+45)*1.1 -> 2208.6046 | FF13: =SUM(AI13) -> 9208 | FG13: 9152 | FH13: 0.346 | FI13: =SUM(FG13-FG12)*160 -> 17280 | FJ13: =(FH13)*160 -> 55.36 | FK13: =SUM(FI13*0.0382) -> 660.096 | FL13: =SUM(FI13*0.02439) -> 421.4592 | FM13: =SUM(FJ13*6.652) -> 368.25472 | FN13: =SUM(FK13+FL13+45)*1.1 -> 1239.2107 | FO13: =SUM(AM13) -> 65313 | FP13: 64800 | FQ13: 2.395 | FR13: =SUM(FP13-FP12)*200 -> 239000 | FS13: =(FQ13)*200 -> 479 | FT13: =SUM(FR13*0.0382) -> 9129.8 | FU13: =SUM(FR13*0.02439) -> 5829.21 | FV13: =SUM(FS13*6.652) -> 3186.308 | FW13: =SUM(FT13+FU13+45)*1.1 -> 16504.411 | FY13: =SUM(CA13+CF13+CO13+CX13+DG13+DP13+DY13+EH13+EQ13+EZ13+FI13+FR13) -> 1340428 | FZ13: =SUM(CB13+CK13,CT13,DC13,DL13,DU13,ED13,EM13,EV13,FE13,FN13+FW13) -> 93030.675 | GA13: =SUM(CJ13,CS13,DB13,DK13,DT13,EC13,EL13,EU13,FD13,FM13,FV13) -> 25987.901 | GB13: =SUM(FZ13:GA13) -> 119018.58 | GE13: =SUM(BI13) -> 5295 | GF13: 5850 | GG13: 0.268 | GH13: =SUM(GF13-GF12)*100 -> 8900 | GI13: =SUM(GG13)*100 -> 26.8 | GJ13: =SUM(GH13*0.0382) -> 339.98 | GK13: =SUM(GH13*0.0239) -> 212.71 | GL13: =SUM(GI13*6.652) -> 178.2736 | GM13: =SUM(GK13+GJ13+20)*1.1 -> 629.959 | GN13: =SUM(BF13) -> 41013 | GO13: 45616 | GP13: 2.111 | GQ13: =SUM(GO13-GO12)*100 -> 77000 | GR13: =SUM(GP13)*100 -> 211.1 | GS13: =SUM(GQ13*0.0382) -> 2941.4 | GT13: =SUM(GQ13*0.0239) -> 1840.3 | GU13: =SUM(GR13*6.652) -> 1404.2372 | GV13: =SUM(GT13+GS13+20)*1.1 -> 5281.87 | GW13: =SUM(BL13) -> 105733 | GX13: 26301 | GY13: =SUM(GX13-GX12) -> 3450 | GZ13: =SUM(GY13*0.11923) -> 411.3435 | HA13: =SUM(GY13*0.0325) -> 112.125 | HB13: =SUM(GZ13+HA13+2.85)*1.1 -> 578.95035 | HC13: =SUM(BO13) -> 40770 | HD13: 42480 | HE13: 3.76 | HF13: =SUM(HD13-HD12)*40 -> 8480 | HG13: =SUM(HE13)*40 -> 150.4 | HH13: =SUM(HF13*0.0382) -> 323.936 | HI13: =SUM(HF13*0.0239) -> 202.672 | HJ13: =SUM(HG13*6.652) -> 1000.4608 | HK13: =SUM(HI13+HH13+20)*1.1 -> 601.2688 | HL13: =SUM(GH13+GQ13+GY13+HF13) -> 97830 | HM13: =SUM(HK13+HB13+GV13+GM13) -> 7092.0481 | HN13: =SUM(GL13+GU13+HJ13) -> 2582.9716 | HO13: =SUM(HM13:HN13) -> 9675.0197 | HQ13: =(FY13+HL13) -> 1438258 | HR13: =(FZ13+HM13) -> 100122.72 | HS13: =(GA13+HN13) -> 28570.872 | HT13: =(HR13+HS13) -> 128693.6
B14: 43404 | C14: 68743 | D14: 2.033 | E14: =SUM(C14-C13)*160 -> 153280 | G14: 63901 | H14: 2.094 | I14: =SUM(G14-G13)*160 -> 154080 | K14: 7796 | L14: 2.48 | M14: =SUM(K14-K13)*400 -> 40000 | O14: 7770 | P14: 2.46 | Q14: =SUM(O14-O13)*400 -> 41200 | S14: 8355 | T14: 2.53 | U14: =SUM(S14-S13)*400 -> 43200 | W14: 54799 | X14: 2.138 | Y14: =SUM(W14-W13)*300 -> 231600 | AA14: 52419 | AB14: 1.872 | AC14: =SUM(AA14-AA13)*300 -> 241800 | AE14: 13462 | AF14: 4.42 | AG14: =SUM(AE14-AE13)*160 -> 24160 | AI14: 9296 | AJ14: 3.75 | AK14: =SUM(AI14-AI13)*160 -> 14080 | AM14: 66279 | AN14: 2.122 | AO14: =SUM(AM14-AM13)*200 -> 193200 | AQ14: 12878 | AR14: 0.383 | AS14: =SUM(AQ14-AQ13)*40 -> 6720 | AU14: 117893 | AW14: =SUM(AU14-AU13) -> 2181 | AZ14: =SUM(AO14+AK14+AG14+AC14+Y14+U14+Q14+M14+I14+E14+AS14+AW14) -> 1145501 | BA14: =SUM(AO14+AS14) -> 199920 | BB14: =SUM(BA14/AZ14) -> 0.17452626 | BE14: 43404 | BF14: 41013 | BG14: =SUM(BF14-BF13)*100 -> 0 | BI14: 5295 | BJ14: =SUM(BI14-BI13)*100 -> 0 | BL14: 105733 | BM14: =SUM(BL14-BL13) -> 0 | BO14: 40770 | BP14: =SUM(BO14-BO13)*40 -> 0 | BS14: =SUM(BG14+BJ14,BM14,BP14) -> 0 | BY14: =SUM(AU14) -> 117893 | BZ14: 17629 | CA14: =SUM(BZ14-BZ13) -> 3108 | CB14: =SUM(CA14*0.11923+CA14*0.02439)*1.1+2.85 -> 493.85806 | CC14: =SUM(G14) -> 63901 | CD14: 63887 | CE14: 2.313 | CF14: =SUM(CD14-CD13)*160 -> 228960 | CG14: =(CE14)*160 -> 370.08 | CH14: =SUM(CF14*0.0382) -> 8746.272 | CI14: =SUM(CF14*0.02439) -> 5584.3344 | CJ14: =SUM(CG14*6.652) -> 2461.7722 | CK14: =SUM(CH14+CI14+45)*1.1 -> 15813.167 | CL14: =SUM(C14) -> 68743 | CM14: 68730 | CN14: 2.061 | CO14: =SUM(CM14-CM13)*160 -> 229280 | CP14: =(CN14)*160 -> 329.76 | CQ14: =SUM(CO14*0.0382) -> 8758.496 | CR14: =SUM(CO14*0.02439) -> 5592.1392 | CS14: =SUM(CP14*6.652) -> 2193.5635 | CT14: =SUM(CQ14+CR14+45)*1.1 -> 15835.199 | CU14: =SUM(W14) -> 54799 | CV14: 54792 | CW14: 2.54 | CX14: =SUM(CV14-CV13)*300 -> 497100 | CY14: =(CW14)*300 -> 762 | CZ14: =SUM(CX14*0.0382) -> 18989.22 | DA14: =SUM(CX14*0.02439) -> 12124.269 | DB14: =SUM(CY14*6.652) -> 5068.824 | DC14: =SUM(CZ14+DA14+45)*1.1 -> 34274.338 | DD14: =SUM(AQ14) -> 12878 | DE14: 12875 | DF14: 0.412 | DG14: =SUM(DE14-DE13)*40 -> 10200 | DH14: =(DF14)*40 -> 16.48 | DI14: =SUM(DG14*0.0382) -> 389.64 | DJ14: =SUM(DG14*0.02439) -> 248.778 | DK14: =SUM(DH14*6.652) -> 109.62496 | DL14: =SUM(DI14+DJ14+25)*1.1 -> 729.7598 | DM14: =SUM(AA14) -> 52419 | DN14: 52407 | DO14: 2.463 | DP14: =SUM(DN14-DN13)*300 -> 359400 | DQ14: =(DO14)*300 -> 738.9 | DR14: =SUM(DP14*0.0382) -> 13729.08 | DS14: =SUM(DP14*0.02439) -> 8765.766 | DT14: =SUM(DQ14*6.652) -> 4915.1628 | DU14: =SUM(DR14+DS14+45)*1.1 -> 24793.831 | DV14: =SUM(O14) -> 7770 | DW14: 7769 | DX14: =(P14) -> 2.46 | DY14: =SUM(DW14-DW13)*400 -> 61200 | DZ14: =(DX14)*400 -> 984 | EA14: =SUM(DY14*0.0382) -> 2337.84 | EB14: =SUM(DY14*0.02439) -> 1492.668 | EC14: =SUM(DZ14*6.652) -> 6545.568 | ED14: =SUM(EA14+EB14+45)*1.1 -> 4263.0588 | EE14: =SUM(W14) -> 54799 | EF14: 7795 | EG14: 0.252 | EH14: =SUM(EF14-EF13)*400 -> 61200 | EI14: =(EG14)*400 -> 100.8 | EJ14: =SUM(EH14*0.0382) -> 2337.84 | EK14: =SUM(EH14*0.02439) -> 1492.668 | EL14: =SUM(EI14*6.652) -> 670.5216 | EM14: =SUM(EJ14+EK14+45)*1.1 -> 4263.0588 | EN14: =SUM(S14) -> 8355 | EO14: 8354 | EP14: 0.278 | EQ14: =SUM(EO14-EO13)*400 -> 65200 | ER14: =(EP14)*400 -> 111.2 | ES14: =SUM(EQ14*0.0382) -> 2490.64 | ET14: =SUM(EQ14*0.02439) -> 1590.228 | EU14: =SUM(ER14*6.652) -> 739.7024 | EV14: =SUM(ES14+ET14+45)*1.1 -> 4538.4548 | EW14: =SUM(AE14) -> 13462 | EX14: 13459 | EY14: 0.591 | EZ14: =SUM(EX14-EX13)*160 -> 39200 | FA14: =(EY14)*160 -> 94.56 | FB14: =SUM(EZ14*0.0382) -> 1497.44 | FC14: =SUM(EZ14*0.02439) -> 956.088 | FD14: =SUM(FA14*6.652) -> 629.01312 | FE14: =SUM(FB14+FC14+45)*1.1 -> 2748.3808 | FF14: =SUM(AI14) -> 9296 | FG14: 9294 | FH14: 0.363 | FI14: =SUM(FG14-FG13)*160 -> 22720 | FJ14: =(FH14)*160 -> 58.08 | FK14: =SUM(FI14*0.0382) -> 867.904 | FL14: =SUM(FI14*0.02439) -> 554.1408 | FM14: =SUM(FJ14*6.652) -> 386.34816 | FN14: =SUM(FK14+FL14+45)*1.1 -> 1613.7493 | FO14: =SUM(AM14) -> 66279 | FP14: 66265 | FQ14: 2.35 | FR14: =SUM(FP14-FP13)*200 -> 293000 | FS14: =(FQ14)*200 -> 470 | FT14: =SUM(FR14*0.0382) -> 11192.6 | FU14: =SUM(FR14*0.02439) -> 7146.27 | FV14: =SUM(FS14*6.652) -> 3126.44 | FW14: =SUM(FT14+FU14+45)*1.1 -> 20222.257 | FY14: =SUM(CA14+CF14+CO14+CX14+DG14+DP14+DY14+EH14+EQ14+EZ14+FI14+FR14) -> 1870568 | FZ14: =SUM(CB14+CK14,CT14,DC14,DL14,DU14,ED14,EM14,EV14,FE14,FN14+FW14) -> 129589.11 | GA14: =SUM(CJ14,CS14,DB14,DK14,DT14,EC14,EL14,EU14,FD14,FM14,FV14) -> 26846.541 | GB14: =SUM(FZ14:GA14) -> 156435.65 | GE14: =SUM(BI14) -> 5295 | GF14: 5960 | GG14: 0.271 | GH14: =SUM(GF14-GF13)*100 -> 11000 | GI14: =SUM(GG14)*100 -> 27.1 | GJ14: =SUM(GH14*0.03699) -> 406.89 | GK14: =SUM(GH14*0.03046) -> 335.06 | GL14: =SUM(GI14*7.447) -> 201.8137 | GM14: =SUM(GK14+GJ14+20)*1.1 -> 838.145 | GN14: =SUM(BF14) -> 41013 | GO14: 46541 | GP14: 1.975 | GQ14: =SUM(GO14-GO13)*100 -> 92500 | GR14: =SUM(GP14)*100 -> 197.5 | GS14: =SUM(GQ14*0.0382) -> 3533.5 | GT14: =SUM(GQ14*0.0239) -> 2210.75 | GU14: =SUM(GR14*6.652) -> 1313.77 | GV14: =SUM(GT14+GS14+20)*1.1 -> 6340.675 | GW14: =SUM(BL14) -> 105733 | GX14: 30783 | GY14: =SUM(GX14-GX13) -> 4482 | GZ14: =SUM(GY14*0.11923) -> 534.38886 | HA14: =SUM(GY14*0.0325) -> 145.665 | HB14: =SUM(GZ14+HA14+2.85)*1.1 -> 751.19425 | HC14: =SUM(BO14) -> 40770 | HD14: 42911 | HE14: 3.943 | HF14: =SUM(HD14-HD13)*40 -> 17240 | HG14: =SUM(HE14)*40 -> 157.72 | HH14: =SUM(HF14*0.0382) -> 658.568 | HI14: =SUM(HF14*0.0239) -> 412.036 | HJ14: =SUM(HG14*6.652) -> 1049.1534 | HK14: =SUM(HI14+HH14+20)*1.1 -> 1199.6644 | HL14: =SUM(GH14+GQ14+GY14+HF14) -> 125222 | HM14: =SUM(HK14+HB14+GV14+GM14) -> 9129.6786 | HN14: =SUM(GL14+GU14+HJ14) -> 2564.7371 | HO14: =SUM(HM14:HN14) -> 11694.416 | HQ14: =(FY14+HL14) -> 1995790 | HR14: =(FZ14+HM14) -> 138718.79 | HS14: =(GA14+HN14) -> 29411.278 | HT14: =(HR14+HS14) -> 168130.07
B15: 43408 | C15: 68887 | D15: 2.033 | E15: =SUM(C15-C14)*160 -> 23040 | G15: 64053 | H15: 2.219 | I15: =SUM(G15-G14)*160 -> 24320 | K15: 7812 | L15: 2.48 | M15: =SUM(K15-K14)*400 -> 6400 | O15: 7796 | P15: 2.46 | Q15: =SUM(O15-O14)*400 -> 10400 | S15: 8372 | T15: 2.53 | U15: =SUM(S15-S14)*400 -> 6800 | W15: 54900 | X15: 2.338 | Y15: =SUM(W15-W14)*300 -> 30300 | AA15: 52499 | AB15: 1.872 | AC15: =SUM(AA15-AA14)*300 -> 24000 | AE15: 13484 | AF15: 4.42 | AG15: =SUM(AE15-AE14)*160 -> 3520 | AI15: 9309 | AJ15: 3.25 | AK15: =SUM(AI15-AI14)*160 -> 2080 | AM15: 66415 | AN15: 2.22 | AO15: =SUM(AM15-AM14)*200 -> 27200 | AQ15: 12903 | AR15: 0.383 | AS15: =SUM(AQ15-AQ14)*40 -> 1000 | AU15: 118248 | AW15: =SUM(AU15-AU14) -> 355 | AZ15: =SUM(AO15+AK15+AG15+AC15+Y15+U15+Q15+M15+I15+E15+AS15+AW15) -> 159415 | BA15: =SUM(AO15+AS15) -> 28200 | BB15: =SUM(BA15/AZ15) -> 0.17689678 | BE15: 43408 | BF15: 41013 | BG15: =SUM(BF15-BF14)*100 -> 0 | BI15: 5295 | BJ15: =SUM(BI15-BI14)*100 -> 0 | BL15: 105733 | BM15: =SUM(BL15-BL14) -> 0 | BO15: 40770 | BP15: =SUM(BO15-BO14)*40 -> 0 | BS15: =SUM(BG15+BJ15,BM15,BP15) -> 0 | BY15: =SUM(AU15) -> 118248 | CC15: =SUM(G15) -> 64053 | CL15: =SUM(C15) -> 68887 | CU15: =SUM(W15) -> 54900 | DD15: =SUM(AQ15) -> 12903 | DM15: =SUM(AA15) -> 52499 | DV15: =SUM(O15) -> 7796 | EE15: =SUM(W15) -> 54900 | EN15: =SUM(S15) -> 8372 | EW15: =SUM(AE15) -> 13484 | FF15: =SUM(AI15) -> 9309 | FO15: =SUM(AM15) -> 66415 | GE15: =SUM(BI15) -> 5295 | GN15: =SUM(BF15) -> 41013 | GW15: =SUM(BL15) -> 105733 | HC15: =SUM(BO15) -> 40770
B16: 43415 | C16: 69167 | D16: 2.033 | E16: =SUM(C16-C15)*160 -> 44800 | G16: 64333 | H16: 2.219 | I16: =SUM(G16-G15)*160 -> 44800 | K16: 7842 | L16: 2.48 | M16: =SUM(K16-K15)*400 -> 12000 | O16: 7816 | P16: 2.46 | Q16: =SUM(O16-O15)*400 -> 8000 | S16: 8404 | T16: 2.56 | U16: =SUM(S16-S15)*400 -> 12800 | W16: 55194 | X16: 2.476 | Y16: =SUM(W16-W15)*300 -> 88200 | AA16: 52644 | AB16: 1.872 | AC16: =SUM(AA16-AA15)*300 -> 43500 | AE16: 13530 | AF16: 4.42 | AG16: =SUM(AE16-AE15)*160 -> 7360 | AI16: 9337 | AJ16: 4 | AK16: =SUM(AI16-AI15)*160 -> 4480 | AM16: 66690 | AN16: 2.22 | AO16: =SUM(AM16-AM15)*200 -> 55000 | AQ16: 12951 | AR16: 0.386 | AS16: =SUM(AQ16-AQ15)*40 -> 1920 | AU16: 118894 | AW16: =SUM(AU16-AU15) -> 646 | AZ16: =SUM(AO16+AK16+AG16+AC16+Y16+U16+Q16+M16+I16+E16+AS16+AW16) -> 323506 | BA16: =SUM(AO16+AS16) -> 56920 | BB16: =SUM(BA16/AZ16) -> 0.17594728 | BE16: 43415 | BF16: 41013 | BG16: =SUM(BF16-BF15)*100 -> 0 | BI16: 5295 | BJ16: =SUM(BI16-BI15)*100 -> 0 | BL16: 105733 | BM16: =SUM(BL16-BL15) -> 0 | BO16: 40770 | BP16: =SUM(BO16-BO15)*40 -> 0 | BS16: =SUM(BG16+BJ16,BM16,BP16) -> 0 | BY16: =SUM(AU16) -> 118894 | CC16: =SUM(G16) -> 64333 | CL16: =SUM(C16) -> 69167 | CU16: =SUM(W16) -> 55194 | DD16: =SUM(AQ16) -> 12951 | DM16: =SUM(AA16) -> 52644 | DV16: =SUM(O16) -> 7816 | EE16: =SUM(W16) -> 55194 | EN16: =SUM(S16) -> 8404 | EW16: =SUM(AE16) -> 13530 | FF16: =SUM(AI16) -> 9337 | FO16: =SUM(AM16) -> 66690 | GE16: =SUM(BI16) -> 5295 | GN16: =SUM(BF16) -> 41013 | GW16: =SUM(BL16) -> 105733 | HC16: =SUM(BO16) -> 40770
B17: 43422 | C17: 69447 | D17: 2.033 | E17: =SUM(C17-C16)*160 -> 44800 | G17: 64611 | H17: 2.219 | I17: =SUM(G17-G16)*160 -> 44480 | K17: 7875 | L17: 2.6 | M17: =SUM(K17-K16)*400 -> 13200 | O17: 7847 | P17: 2.59 | Q17: =SUM(O17-O16)*400 -> 12400 | S17: 8438 | T17: 2.81 | U17: =SUM(S17-S16)*400 -> 13600 | W17: 55376 | X17: 2.476 | Y17: =SUM(W17-W16)*300 -> 54600 | AA17: 52849 | AB17: 2.19 | AC17: =SUM(AA17-AA16)*300 -> 61500 | AE17: 13575 | AF17: 4.42 | AG17: =SUM(AE17-AE16)*160 -> 7200 | AI17: 9368 | AJ17: 4 | AK17: =SUM(AI17-AI16)*160 -> 4960 | AM17: 66924 | AN17: 2.122 | AO17: =SUM(AM17-AM16)*200 -> 46800 | AQ17: 13000 | AR17: 0.386 | AS17: =SUM(AQ17-AQ16)*40 -> 1960 | AU17: 119549 | AW17: =SUM(AU17-AU16) -> 655 | AZ17: =SUM(AO17+AK17+AG17+AC17+Y17+U17+Q17+M17+I17+E17+AS17+AW17) -> 306155 | BA17: =SUM(AO17+AS17) -> 48760 | BB17: =SUM(BA17/AZ17) -> 0.15926573 | BE17: 43422 | BF17: 41013 | BG17: =SUM(BF17-BF16)*100 -> 0 | BI17: 5295 | BJ17: =SUM(BI17-BI16)*100 -> 0 | BL17: 105733 | BM17: =SUM(BL17-BL16) -> 0 | BO17: 40770 | BP17: =SUM(BO17-BO16)*40 -> 0 | BS17: =SUM(BG17+BJ17,BM17,BP17) -> 0 | BY17: =SUM(AU17) -> 119549 | CC17: =SUM(G17) -> 64611 | CL17: =SUM(C17) -> 69447 | CU17: =SUM(W17) -> 55376 | DD17: =SUM(AQ17) -> 13000 | DM17: =SUM(AA17) -> 52849 | DV17: =SUM(O17) -> 7847 | EE17: =SUM(W17) -> 55376 | EN17: =SUM(S17) -> 8438 | EW17: =SUM(AE17) -> 13575 | FF17: =SUM(AI17) -> 9368 | FO17: =SUM(AM17) -> 66924 | GE17: =SUM(BI17) -> 5295 | GN17: =SUM(BF17) -> 41013 | GW17: =SUM(BL17) -> 105733 | HC17: =SUM(BO17) -> 40770
B18: 43429 | C18: 69725 | D18: 2.029 | E18: =SUM(C18-C17)*160 -> 44480 | G18: 64897 | H18: 2.222 | I18: =SUM(G18-G17)*160 -> 45760 | K18: 7905 | L18: 2.43 | M18: =SUM(K18-K17)*400 -> 12000 | O18: 7880 | P18: 2.59 | Q18: =SUM(O18-O17)*400 -> 13200 | S18: 8471 | T18: 2.56 | U18: =SUM(S18-S17)*400 -> 13200 | W18: 55506 | X18: 1.482 | Y18: =SUM(W18-W17)*300 -> 39000 | AA18: 53025 | AB18: 1.47 | AC18: =SUM(AA18-AA17)*300 -> 52800 | AE18: 13650 | AF18: 3.45 | AG18: =SUM(AE18-AE17)*160 -> 12000 | AI18: 9395 | AJ18: 2.4 | AK18: =SUM(AI18-AI17)*160 -> 4320 | AM18: 67185 | AN18: 2.008 | AO18: =SUM(AM18-AM17)*200 -> 52200 | AQ18: 13052 | AR18: 0.393 | AS18: =SUM(AQ18-AQ17)*40 -> 2080 | AU18: 120204 | AW18: =SUM(AU18-AU17) -> 655 | AZ18: =SUM(AO18+AK18+AG18+AC18+Y18+U18+Q18+M18+I18+E18+AS18+AW18) -> 291695 | BA18: =SUM(AO18+AS18) -> 54280 | BB18: =SUM(BA18/AZ18) -> 0.18608478 | BC18: =SUM(AZ15:AZ18) -> 1080771 | BE18: 43429 | BF18: 41013 | BG18: =SUM(BF18-BF17)*100 -> 0 | BI18: 5295 | BJ18: =SUM(BI18-BI17)*100 -> 0 | BL18: 105733 | BM18: =SUM(BL18-BL17) -> 0 | BO18: 40770 | BP18: =SUM(BO18-BO17)*40 -> 0 | BS18: =SUM(BG18+BJ18,BM18,BP18) -> 0 | BT18: =SUM(BS15:BS18) -> 0 | BY18: =SUM(AU18) -> 120204 | CC18: =SUM(G18) -> 64897 | CL18: =SUM(C18) -> 69725 | CU18: =SUM(W18) -> 55506 | DD18: =SUM(AQ18) -> 13052 | DM18: =SUM(AA18) -> 53025 | DV18: =SUM(O18) -> 7880 | EE18: =SUM(W18) -> 55506 | EN18: =SUM(S18) -> 8471 | EW18: =SUM(AE18) -> 13650 | FF18: =SUM(AI18) -> 9395 | FO18: =SUM(AM18) -> 67185 | GE18: =SUM(BI18) -> 5295 | GN18: =SUM(BF18) -> 41013 | GW18: =SUM(BL18) -> 105733 | HC18: =SUM(BO18) -> 40770
B19: 43436 | C19: 70004 | D19: 2.058 | E19: =SUM(C19-C18)*160 -> 44640 | G19: 65180 | H19: 2.222 | I19: =SUM(G19-G18)*160 -> 45280 | K19: 7935 | L19: 3.05 | M19: =SUM(K19-K18)*400 -> 12000 | O19: 7912 | P19: 3.07 | Q19: =SUM(O19-O18)*400 -> 12800 | S19: 8504 | T19: 3.33 | U19: =SUM(S19-S18)*400 -> 13200 | W19: 55652 | X19: 2.343 | Y19: =SUM(W19-W18)*300 -> 43800 | AA19: 53170 | AB19: 2.014 | AC19: =SUM(AA19-AA18)*300 -> 43500 | AE19: 13667 | AF19: 3.3 | AG19: =SUM(AE19-AE18)*160 -> 2720 | AI19: 9425 | AJ19: 3.59 | AK19: =SUM(AI19-AI18)*160 -> 4800 | AM19: 67427 | AN19: 2.008 | AO19: =SUM(AM19-AM18)*200 -> 48400 | AQ19: 13102 | AR19: 0.399 | AS19: =SUM(AQ19-AQ18)*40 -> 2000 | AU19: 120860 | AW19: =SUM(AU19-AU18) -> 656 | AZ19: =SUM(AO19+AK19+AG19+AC19+Y19+U19+Q19+M19+I19+E19+AS19+AW19) -> 273796 | BA19: =SUM(AO19+AS19) -> 50400 | BB19: =SUM(BA19/AZ19) -> 0.18407866 | BE19: 43436 | BF19: 41013 | BG19: =SUM(BF19-BF18)*100 -> 0 | BI19: 5295 | BJ19: =SUM(BI19-BI18)*100 -> 0 | BL19: 105733 | BM19: =SUM(BL19-BL18) -> 0 | BO19: 40770 | BP19: =SUM(BO19-BO18)*40 -> 0 | BS19: =SUM(BG19+BJ19,BM19,BP19) -> 0 | BY19: =SUM(AU19) -> 120860 | BZ19: 20136 | CA19: =SUM(BZ19-BZ14) -> 2507 | CB19: =SUM(CA19*0.12043+CA19*0.03046)*1.08+1.91 -> 410.45373 | CC19: =SUM(G19) -> 65180 | CD19: 64973 | CE19: 2.219 | CF19: =SUM(CD19-CD14)*160 -> 173760 | CG19: =(CE19)*160 -> 355.04 | CH19: =SUM(CF19*0.03699) -> 6427.3824 | CI19: =SUM(CF19*0.03046) -> 5292.7296 | CJ19: =SUM(CG19*7.447) -> 2643.9829 | CK19: =SUM(CH19+CI19) -> 11720.112 | CL19: =SUM(C19) -> 70004 | CM19: 69800 | CN19: 2.033 | CO19: =SUM(CM19-CM14)*160 -> 171200 | CP19: =(CN19)*160 -> 325.28 | CQ19: =SUM(CO19*0.03699) -> 6332.688 | CR19: =SUM(CO19*0.03046) -> 5214.752 | CS19: =SUM(CP19*7.447) -> 2422.3602 | CT19: =SUM(CQ19+CR19) -> 11547.44 | CU19: =SUM(W19) -> 55652 | CV19: 55537 | CW19: 2.476 | CX19: =SUM(CV19-CV14)*300 -> 223500 | CY19: =(CW19)*300 -> 742.8 | CZ19: =SUM(CX19*0.03699) -> 8267.265 | DA19: =SUM(CX19*0.03046) -> 6807.81 | DB19: =SUM(CY19*7.447) -> 5531.6316 | DC19: =SUM(CZ19+DA19) -> 15075.075 | DD19: =SUM(AQ19) -> 13102 | DE19: 13065 | DF19: 0.417 | DG19: =SUM(DE19-DE14)*40 -> 7600 | DH19: =(DF19)*40 -> 16.68 | DI19: =SUM(DG19*0.03699) -> 281.124 | DJ19: =SUM(DG19*0.03046) -> 231.496 | DK19: =SUM(DH19*7.447) -> 124.21596 | DL19: =SUM(DI19+DJ19) -> 512.62 | DM19: =SUM(AA19) -> 53170 | DN19: 53068 | DO19: 2.19 | DP19: =SUM(DN19-DN14)*300 -> 198300 | DQ19: =(DO19)*300 -> 657 | DR19: =SUM(DP19*0.03699) -> 7335.117 | DS19: =SUM(DP19*0.03046) -> 6040.218 | DT19: =SUM(DQ19*7.447) -> 4892.679 | DU19: =SUM(DR19+DS19) -> 13375.335 | DV19: =SUM(O19) -> 7912 | DW19: 7888 | DX19: 0.259 | DY19: =SUM(DW19-DW14)*400 -> 47600 | DZ19: =(DX19)*400 -> 103.6 | EA19: =SUM(DY19*0.03699) -> 1760.724 | EB19: =SUM(DY19*0.03046) -> 1449.896 | EC19: =SUM(DZ19*7.447) -> 771.5092 | ED19: =SUM(EA19+EB19) -> 3210.62 | EE19: =SUM(W19) -> 55652 | EF19: 7912 | EG19: 0.26 | EH19: =SUM(EF19-EF14)*400 -> 46800 | EI19: =(EG19)*400 -> 104 | EJ19: =SUM(EH19*0.03699) -> 1731.132 | EK19: =SUM(EH19*0.03046) -> 1425.528 | EL19: =SUM(EI19*7.447) -> 774.488 | EM19: =SUM(EJ19+EK19) -> 3156.66 | EN19: =SUM(S19) -> 8504 | EO19: 8479 | EP19: 0.281 | EQ19: =SUM(EO19-EO14)*400 -> 50000 | ER19: =(EP19)*400 -> 112.4 | ES19: =SUM(EQ19*0.03699) -> 1849.5 | ET19: =SUM(EQ19*0.03046) -> 1523 | EU19: =SUM(ER19*7.447) -> 837.0428 | EV19: =SUM(ES19+ET19) -> 3372.5 | EW19: =SUM(AE19) -> 13667 | EX19: 13632 | EY19: 0.442 | EZ19: =SUM(EX19-EX14)*160 -> 27680 | FA19: =(EY19)*160 -> 70.72 | FB19: =SUM(EZ19*0.03699) -> 1023.8832 | FC19: =SUM(EZ19*0.03046) -> 843.1328 | FD19: =SUM(FA19*7.447) -> 526.65184 | FE19: =SUM(FB19+FC19) -> 1867.016 | FF19: =SUM(AI19) -> 9425 | FG19: 9403 | FH19: 0.4 | FI19: =SUM(FG19-FG14)*160 -> 17440 | FJ19: =(FH19)*160 -> 64 | FK19: =SUM(FI19*0.03699) -> 645.1056 | FL19: =SUM(FI19*0.03046) -> 531.2224 | FM19: =SUM(FJ19*7.447) -> 476.608 | FN19: =SUM(FK19+FL19) -> 1176.328 | FO19: =SUM(AM19) -> 67427 | FP19: 67250 | FQ19: 2.122 | FR19: =SUM(FP19-FP14)*200 -> 197000 | FS19: =(FQ19)*200 -> 424.4 | FT19: =SUM(FR19*0.03699) -> 7287.03 | FU19: =SUM(FR19*0.03046) -> 6000.62 | FV19: =SUM(FS19*7.447) -> 3160.5068 | FW19: =SUM(FT19:FV19) -> 16448.157 | FY19: =SUM(CA19+CF19+CO19+CX19+DG19+DP19+DY19+EH19+EQ19+EZ19+FI19+FR19) -> 1163387 | FZ19: =SUM(CB19+CK19,CT19,DC19,DL19,DU19,ED19,EM19,EV19,FE19,FN19+FW19) -> 81872.317 | GA19: =SUM(CJ19,CS19,DB19,DK19,DT19,EC19,EL19,EU19,FD19,FM19,FV19) -> 22161.676 | GB19: =SUM(FZ19:GA19) -> 104033.99 | GE19: =SUM(BI19) -> 5295 | GF19: 6034 | GG19: 0.285 | GH19: 7400 | GI19: =SUM(GG19)*100 -> 28.5 | GJ19: =SUM(GH19*0.03699) -> 273.726 | GK19: =SUM(GH19*0.03046) -> 225.404 | GL19: =SUM(GI19*7.447) -> 212.2395 | GM19: =SUM(GK19+GJ19+20)*1.1048+GJ19 -> 847.26082 | GN19: =SUM(BF19) -> 41013 | GO19: 47141 | GP19: 1.784 | GQ19: =SUM(GO19-GO14)*100 -> 60000 | GR19: =SUM(GP19)*100 -> 178.4 | GS19: =SUM(GQ19*0.03699) -> 2219.4 | GT19: =SUM(GQ19*0.03046) -> 1827.6 | GU19: =SUM(GR19*7.447) -> 1328.5448 | GV19: =SUM(GT19+GS19+20)*1.1048 -> 4493.2216 | GW19: =SUM(BL19) -> 105733 | GX19: 34237 | GY19: =SUM(GX19-GX14) -> 3454 | GZ19: =SUM(GY19*0.12043) -> 415.96522 | HA19: =SUM(GY19*0.03046) -> 105.20884 | HB19: =SUM(GZ19+HA19+2.85)*1.07 -> 560.70574 | HC19: =SUM(BO19) -> 40770 | HD19: 43138 | HE19: 3.916 | HF19: =SUM(HD19-HD14)*40 -> 9080 | HG19: =SUM(HE19)*40 -> 156.64 | HH19: =SUM(HF19*0.03699) -> 335.8692 | HI19: =SUM(HF19*0.03046) -> 276.5768 | HJ19: =SUM(HG19*7.447) -> 1166.4981 | HK19: =SUM(HI19+HH19+20)*1.1048 -> 698.72634 | HL19: =SUM(GH19+GQ19+GY19+HF19) -> 79934 | HM19: =SUM(HK19+HB19+GV19+GM19) -> 6599.9145 | HN19: =SUM(GL19+GU19+HJ19) -> 2707.2824 | HO19: =SUM(HM19:HN19) -> 9307.1969 | HQ19: =(FY19+HL19) -> 1243321 | HR19: =(FZ19+HM19) -> 88472.231 | HS19: =(GA19+HN19) -> 24868.959 | HT19: =(HR19+HS19) -> 113341.19 | HV19: 0.03699 | HW19: 0.03046 | HX19: 7.447
B20: 43443 | C20: 70280 | D20: 2.08 | E20: =SUM(C20-C19)*160 -> 44160 | G20: 65450 | H20: 2.222 | I20: =SUM(G20-G19)*160 -> 43200 | K20: 7964 | L20: 3.05 | M20: =SUM(K20-K19)*400 -> 11600 | O20: 7942 | P20: 3.07 | Q20: =SUM(O20-O19)*400 -> 12000 | S20: 8535 | T20: 3.33 | U20: =SUM(S20-S19)*400 -> 12400 | W20: 55831 | X20: 2.343 | Y20: =SUM(W20-W19)*300 -> 53700 | AA20: 53301 | AB20: 2.014 | AC20: =SUM(AA20-AA19)*300 -> 39300 | AE20: 13713 | AF20: 3.89 | AG20: =SUM(AE20-AE19)*160 -> 7360 | AI20: 9455 | AJ20: 3.59 | AK20: =SUM(AI20-AI19)*160 -> 4800 | AM20: 67684 | AN20: 2.046 | AO20: =SUM(AM20-AM19)*200 -> 51400 | AQ20: 13152 | AR20: 0.436 | AS20: =SUM(AQ20-AQ19)*40 -> 2000 | AU20: 121522 | AW20: =SUM(AU20-AU19) -> 662 | AZ20: =SUM(AO20+AK20+AG20+AC20+Y20+U20+Q20+M20+I20+E20+AS20+AW20) -> 282582 | BA20: =SUM(AO20+AS20) -> 53400 | BB20: =SUM(BA20/AZ20) -> 0.1889717 | BE20: 43443 | BF20: 41013 | BG20: =SUM(BF20-BF19)*100 -> 0 | BI20: 5295 | BJ20: =SUM(BI20-BI19)*100 -> 0 | BL20: 105733 | BM20: =SUM(BL20-BL19) -> 0 | BO20: 40770 | BP20: =SUM(BO20-BO19)*40 -> 0 | BS20: =SUM(BG20+BJ20,BM20,BP20) -> 0 | BY20: =SUM(AU20) -> 121522 | CC20: =SUM(G20) -> 65450 | CL20: =SUM(C20) -> 70280 | CU20: =SUM(W20) -> 55831 | DD20: =SUM(AQ20) -> 13152 | DM20: =SUM(AA20) -> 53301 | DV20: =SUM(O20) -> 7942 | EE20: =SUM(W20) -> 55831 | EN20: =SUM(S20) -> 8535 | EW20: =SUM(AE20) -> 13713 | FF20: =SUM(AI20) -> 9455 | FO20: =SUM(AM20) -> 67684 | GE20: =SUM(BI20) -> 5295 | GN20: =SUM(BF20) -> 41013 | GW20: =SUM(BL20) -> 105733 | HC20: =SUM(BO20) -> 40770
B21: 43450 | C21: 70558 | D21: 2.177 | E21: =SUM(C21-C20)*160 -> 44480 | G21: 65717 | H21: 2.222 | I21: =SUM(G21-G20)*160 -> 42720 | K21: 7993 | L21: 3.05 | M21: =SUM(K21-K20)*400 -> 11600 | O21: 7974 | P21: 3.07 | Q21: =SUM(O21-O20)*400 -> 12800 | S21: 8566 | T21: 3.33 | U21: =SUM(S21-S20)*400 -> 12400 | W21: 55951 | X21: 2.343 | Y21: =SUM(W21-W20)*300 -> 36000 | AA21: 53418 | AB21: 2.014 | AC21: =SUM(AA21-AA20)*300 -> 35100 | AE21: 13757 | AF21: 3.89 | AG21: =SUM(AE21-AE20)*160 -> 7040 | AI21: 9484 | AJ21: 3.59 | AK21: =SUM(AI21-AI20)*160 -> 4640 | AM21: 67961 | AN21: 2.216 | AO21: =SUM(AM21-AM20)*200 -> 55400 | AQ21: 13201 | AR21: 0.436 | AS21: =SUM(AQ21-AQ20)*40 -> 1960 | AU21: 122168 | AW21: =SUM(AU21-AU20) -> 646 | AZ21: =SUM(AO21+AK21+AG21+AC21+Y21+U21+Q21+M21+I21+E21+AS21+AW21) -> 264786 | BA21: =SUM(AO21+AS21) -> 57360 | BB21: =SUM(BA21/AZ21) -> 0.21662777 | BE21: 43450 | BF21: 41013 | BG21: =SUM(BF21-BF20)*100 -> 0 | BI21: 5295 | BJ21: =SUM(BI21-BI20)*100 -> 0 | BL21: 105733 | BM21: =SUM(BL21-BL20) -> 0 | BO21: 40770 | BP21: =SUM(BO21-BO20)*40 -> 0 | BS21: =SUM(BG21+BJ21,BM21,BP21) -> 0 | BY21: =SUM(AU21) -> 122168 | CC21: =SUM(G21) -> 65717 | CL21: =SUM(C21) -> 70558 | CU21: =SUM(W21) -> 55951 | DD21: =SUM(AQ21) -> 13201 | DM21: =SUM(AA21) -> 53418 | DV21: =SUM(O21) -> 7974 | EE21: =SUM(W21) -> 55951 | EN21: =SUM(S21) -> 8566 | EW21: =SUM(AE21) -> 13757 | FF21: =SUM(AI21) -> 9484 | FO21: =SUM(AM21) -> 67961 | GE21: =SUM(BI21) -> 5295 | GN21: =SUM(BF21) -> 41013 | GW21: =SUM(BL21) -> 105733 | HC21: =SUM(BO21) -> 40770
B22: 43465 | C22: 71167 | D22: 2.115 | E22: =SUM(C22-C21)*160 -> 97440 | G22: 66353 | H22: 2.433 | I22: =SUM(G22-G21)*160 -> 101760 | K22: 8057 | L22: 2.65 | M22: =SUM(K22-K21)*400 -> 25600 | O22: 8042 | P22: 2.72 | Q22: =SUM(O22-O21)*400 -> 27200 | S22: 8636 | T22: 2.73 | U22: =SUM(S22-S21)*400 -> 28000 | W22: 56280 | X22: 1.547 | Y22: =SUM(W22-W21)*300 -> 98700 | AA22: 53686 | AB22: 1.541 | AC22: =SUM(AA22-AA21)*300 -> 80400 | AE22: 13847 | AF22: 3.64 | AG22: =SUM(AE22-AE21)*160 -> 14400 | AI22: 9538 | AJ22: 2.5 | AK22: =SUM(AI22-AI21)*160 -> 8640 | AM22: 68564 | AN22: 2.289 | AO22: =SUM(AM22-AM21)*200 -> 120600 | AQ22: 13306 | AR22: 0.401 | AS22: =SUM(AQ22-AQ21)*40 -> 4200 | AU22: 123578 | AW22: =SUM(AU22-AU21) -> 1410 | AZ22: =SUM(AO22+AK22+AG22+AC22+Y22+U22+Q22+M22+I22+E22+AS22+AW22) -> 608350 | BA22: =SUM(AO22+AS22) -> 124800 | BB22: =SUM(BA22/AZ22) -> 0.20514506 | BC22: =SUM(AZ19:AZ22) -> 1429514 | BE22: 43465 | BF22: 47775 | BG22: =SUM(BF22-BF21)*100 -> 676200 | BI22: 6113 | BJ22: =SUM(BI22-BI21)*100 -> 81800 | BL22: 38401 | BM22: =SUM(BL22-BL21) -> -67332 | BO22: 43226 | BP22: =SUM(BO22-BO21)*40 -> 98240 | BS22: =SUM(BG22+BJ22,BM22,BP22) -> 788908 | BT22: =SUM(BS19:BS22) -> 788908 | BY22: =SUM(AU22) -> 123578 | BZ22: 22946 | CA22: =SUM(BZ22-BZ19) -> 2810 | CB22: =SUM(CA22*0.12043+CA22*0.03046)*1.08+1.91 -> 459.83097 | CC22: =SUM(G22) -> 66353 | CD22: 66133 | CE22: 2.254 | CF22: =SUM(CD22-CD19)*160 -> 185600 | CG22: =(CE22)*160 -> 360.64 | CH22: =SUM(CF22*0.03699) -> 6865.344 | CI22: =SUM(CF22*0.03046) -> 5653.376 | CJ22: =SUM(CG22*7.447) -> 2685.6861 | CK22: =SUM(CH22+CI22) -> 12518.72 | CL22: =SUM(C22) -> 71167 | CM22: 70959 | CN22: 2.177 | CO22: =SUM(CM22-CM19)*160 -> 185440 | CP22: =(CN22)*160 -> 348.32 | CQ22: =SUM(CO22*0.03699) -> 6859.4256 | CR22: =SUM(CO22*0.03046) -> 5648.5024 | CS22: =SUM(CP22*7.447) -> 2593.939 | CT22: =SUM(CQ22+CR22) -> 12507.928 | CU22: =SUM(W22) -> 56280 | CV22: 56156 | CW22: 2.343 | CX22: =SUM(CV22-CV19)*300 -> 185700 | CY22: =(CW22)*300 -> 702.9 | CZ22: =SUM(CX22*0.03699) -> 6869.043 | DA22: =SUM(CX22*0.03046) -> 5656.422 | DB22: =SUM(CY22*7.447) -> 5234.4963 | DC22: =SUM(CZ22+DA22) -> 12525.465 | DD22: =SUM(AQ22) -> 13306 | DE22: 13271 | DF22: 0.436 | DG22: =SUM(DE22-DE19)*40 -> 8240 | DH22: =(DF22)*40 -> 17.44 | DI22: =SUM(DG22*0.03699) -> 304.7976 | DJ22: =SUM(DG22*0.03046) -> 250.9904 | DK22: =SUM(DH22*7.447) -> 129.87568 | DL22: =SUM(DI22+DJ22) -> 555.788 | DM22: =SUM(AA22) -> 53686 | DN22: 53545 | DO22: 2.014 | DP22: =SUM(DN22-DN19)*300 -> 143100 | DQ22: =(DO22)*300 -> 604.2 | DR22: =SUM(DP22*0.03699) -> 5293.269 | DS22: =SUM(DP22*0.03046) -> 4358.826 | DT22: =SUM(DQ22*7.447) -> 4499.4774 | DU22: =SUM(DR22+DS22) -> 9652.095 | DV22: =SUM(O22) -> 8042 | DW22: 8018 | DX22: 0.307 | DY22: =SUM(DW22-DW19)*400 -> 52000 | DZ22: =(DX22)*400 -> 122.8 | EA22: =SUM(DY22*0.03699) -> 1923.48 | EB22: =SUM(DY22*0.03046) -> 1583.92 | EC22: =SUM(DZ22*7.447) -> 914.4916 | ED22: =SUM(EA22+EB22) -> 3507.4 | EE22: =SUM(W22) -> 56280 | EF22: 8034 | EG22: 0.305 | EH22: =SUM(EF22-EF19)*400 -> 48800 | EI22: =(EG22)*400 -> 122 | EJ22: =SUM(EH22*0.03699) -> 1805.112 | EK22: =SUM(EH22*0.03046) -> 1486.448 | EL22: =SUM(EI22*7.447) -> 908.534 | EM22: =SUM(EJ22+EK22) -> 3291.56 | EN22: =SUM(S22) -> 8636 | EO22: 8610 | EP22: 0.333 | EQ22: =SUM(EO22-EO19)*400 -> 52400 | ER22: =(EP22)*400 -> 133.2 | ES22: =SUM(EQ22*0.03699) -> 1938.276 | ET22: =SUM(EQ22*0.03046) -> 1596.104 | EU22: =SUM(ER22*7.447) -> 991.9404 | EV22: =SUM(ES22+ET22) -> 3534.38 | EW22: =SUM(AE22) -> 13847 | EX22: 13817 | EY22: 0.389 | EZ22: =SUM(EX22-EX19)*160 -> 29600 | FA22: =(EY22)*160 -> 62.24 | FB22: =SUM(EZ22*0.03699) -> 1094.904 | FC22: =SUM(EZ22*0.03046) -> 901.616 | FD22: =SUM(FA22*7.447) -> 463.50128 | FE22: =SUM(FB22+FC22) -> 1996.52 | FF22: =SUM(AI22) -> 9538 | FG22: 9520 | FH22: 0.359 | FI22: =SUM(FG22-FG19)*160 -> 18720 | FJ22: =(FH22)*160 -> 57.44 | FK22: =SUM(FI22*0.03699) -> 692.4528 | FL22: =SUM(FI22*0.03046) -> 570.2112 | FM22: =SUM(FJ22*7.447) -> 427.75568 | FN22: =SUM(FK22+FL22) -> 1262.664 | FO22: =SUM(AM22) -> 68564 | FP22: 68356 | FQ22: 2.261 | FR22: =SUM(FP22-FP19)*200 -> 221200 | FS22: =(FQ22)*200 -> 452.2 | FT22: =SUM(FR22*0.03699) -> 8182.188 | FU22: =SUM(FR22*0.03046) -> 6737.752 | FV22: =SUM(FS22*7.447) -> 3367.5334 | FW22: =SUM(FT22:FV22) -> 18287.473 | FY22: =SUM(CA22+CF22+CO22+CX22+DG22+DP22+DY22+EH22+EQ22+EZ22+FI22+FR22) -> 1133610 | FZ22: =SUM(CB22+CK22,CT22,DC22,DL22,DU22,ED22,EM22,EV22,FE22,FN22+FW22) -> 80099.824 | GA22: =SUM(CJ22,CS22,DB22,DK22,DT22,EC22,EL22,EU22,FD22,FM22,FV22) -> 22217.231 | GB22: =SUM(FZ22:GA22) -> 102317.06 | GE22: =SUM(BI22) -> 6113 | GF22: 6103 | GG22: 0.25 | GH22: =SUM(GF22-GF19)*100 -> 6900 | GI22: =SUM(GG22)*100 -> 25 | GJ22: =SUM(GH22*0.03699) -> 255.231 | GK22: =SUM(GH22*0.03046) -> 210.174 | GL22: =SUM(GI22*7.447) -> 186.175 | GM22: =SUM(GK22+GJ22+20)*1.1048 -> 536.27544 | GN22: =SUM(BF22) -> 47775 | GO22: 47678 | GP22: 1.676 | GQ22: =SUM(GO22-GO19)*100 -> 53700 | GR22: =SUM(GP22)*100 -> 167.6 | GS22: =SUM(GQ22*0.03699) -> 1986.363 | GT22: =SUM(GQ22*0.03046) -> 1635.702 | GU22: =SUM(GR22*7.447) -> 1248.1172 | GV22: =SUM(GT22+GS22+20)*1.1048 -> 4023.7534 | GW22: =SUM(BL22) -> 38401 | GX22: 37881 | GY22: =SUM(GX22-GX19) -> 3644 | GZ22: =SUM(GY22*0.12043) -> 438.84692 | HA22: =SUM(GY22*0.03046) -> 110.99624 | HB22: =SUM(GZ22+HA22+2.85)*1.07 -> 591.38168 | HC22: =SUM(BO22) -> 43226 | HD22: 43210 | HE22: 3.753 | HF22: =SUM(HD22-HD19)*40 -> 2880 | HG22: =SUM(HE22)*40 -> 150.12 | HH22: =SUM(HF22*0.03699) -> 106.5312 | HI22: =SUM(HF22*0.03046) -> 87.7248 | HJ22: =SUM(HG22*7.447) -> 1117.9436 | HK22: =SUM(HI22+HH22+20)*1.1048 -> 236.71003 | HL22: =SUM(GH22+GQ22+GY22+HF22) -> 67124 | HM22: =SUM(HK22+HB22+GV22+GM22) -> 5388.1206 | HN22: =SUM(GL22+GU22+HJ22) -> 2552.2358 | HO22: =SUM(HM22:HN22) -> 7940.3564 | HQ22: =(FY22+HL22) -> 1200734 | HR22: =(FZ22+HM22) -> 85487.945 | HS22: =(GA22+HN22) -> 24769.467 | HT22: =(HR22+HS22) -> 110257.41 | HV22: 0.03699 | HW22: 0.03046 | HX22: 7.447

Sheet Wtr-Gas
B1: 2018 | C1: 74860172 | F1: 74860173 | I1: 44553004 | L1: 70275191 | O1: 2130521 | S1: 12C004186-C1 | V1: 93477704 | Y1: Total Gas Usage | AA1: 79177804 | AC1: 79305675 | AE1: 79190041 | AG1: 7919004D | AI1: 79190039 | AK1: 79324776 | AM1: 112014001775 | AO1: 112014001771 | AS1: 82SJ729151 | AV1: 73337589 - 1387142 | AX1: 65956268 | AZ1: Clubhouse | BA1: 1334021 | BC1: 63265094 | BE1: 67327447 / 80606729 | BI1: Resort Potable Water | BN1: Resort Reclaimed Water | BR1: Natural Gas Meter | BV1: Natural Gas Meter | BZ1: Total NG | CA1: Solid | CC1: Golf Maintenance Potable Water | CG1: Golf Maintenance | CI1: Golf Clubhouse Potable Water | CN1: Clubhouse Natural Gas Meter | CR1: Golf Comfort Stations Potable Water | CV1: Comfort Stations Sewer Total | CW1: Golf Irrigation Re-Use Water | DD1: Potable | DE1: Reuse | DF1: Sewer | DG1: Total | DI1: Gas | DJ1: Waste
B2: Date | C2: X10 | E2: Total | F2: x10 | H2: Total | L2: x1000 | O2: x100 | Q2: Total | S2: x10 | T2: cfm | V2: x10 | W2: cfm | AA2: Cooling Tower M/U (x1000) | AC2: Cooling Tower B/D | AE2: Bldg E Potable (x1000) | AG2: Bldg E Irrigation (x1000) | AI2: Bldg J Irrigation | AK2: Lazy River Potable (X1000) | AM2: Bldg E - Pool Hyrdanic | AO2: Spa Jacuzzi M/U Water | AS2: 46801014 | AW2: Total | AX2: Deduct | AY2: Total | AZ2: Total | BB2: Total | BD2: Total | BF2: Total | BI2: Meter # - 74860172 / 2230186 | BN2: Meter # - 74860173 / 2230186 | BR2: Meter # - 12C004186 / 2230246 | BV2: Meter # - 12C004186 / 2230246 | BZ2: CCF | CA2: Waste | CC2: Meter # - 1334021 | CG2: Sewer Total | CH2: Solid Waste | CI2: Meter # - 73337589 | CM2: Sewer Total | CN2: Meter # - 82SJ729151 / 46801014 | CR2: Meter # - 63265094 | CW2: Meter # - 67327447 / 80606729 | DD2: Water | DE2: Water | DF2: Total | DG2: Water | DI2: Total | DJ2: Total
C3: Main PW Feed | E3: Gallons | F3: Main RW Feed | H3: Gallons | I3: Fire Prot Water Feed | L3: Potable Water Bldg A | O3: Steam Boiler M/U | Q3: Gallons | S3: Main Gas Meter | V3: Main Gas Meter | AA3: Meter | AB3: Total Gal | AC3: Meter | AD3: Total Gal | AE3: Meter | AF3: Total Gal | AG3: Meter | AH3: Total Gal | AI3: Meter | AJ3: Total Gal | AK3: Meter | AL3: Total Gal | AM3: Meter | AN3: Total Gal | AO3: Meter | AP3: Total Gal | AS3: Gas Meter | AV3: Water Meter | AW3: Gallons | AX3: Water Meter | AY3: Gallons | AZ3: Gallons | BA3: Water Meter | BB3: Gallons | BC3: Water Meter | BD3: Gallons | BE3: Water Meter | BF3: Gallons | BI3: Meter Read | BJ3: Bill Read | BK3: Amount | BL3: Total | BM3: Sewer Total | BN3: Meter Read | BO3: Bill Read | BP3: Amount | BQ3: Total | BR3: Meter Read | BS3: Bill Read | BT3: Usage | BU3: Total | BV3: Meter Read | BW3: Bill Read | BX3: Usage | BY3: Total | BZ3: Total | CC3: Meter Read | CD3: Bill Read | CE3: Amount | CF3: Total | CI3: Meter Read | CJ3: Bill Read | CK3: Amount | CL3: Total | CN3: Meter Read | CO3: Bill Read | CP3: Amount | CQ3: Total | CR3: Meter Read | CS3: Bill Read | CT3: Amount | CU3: Total | CW3: Meter Read | CX3: Bill Read | CY3: Amount | CZ3: Total | DD3: Total | DE3: Total
B4: 43101 | C4: 23565941 | F4: 2709154 | I4: 130160 | L4: 167948 | O4: 11900 | S4: 3862940 | V4: 1717400 | AA4: 29909 | AC4: 614512425 | AE4: 527 | AG4: 15048 | AI4: 2345985 | AK4: 7131 | AM4: 196 | AO4: 4640 | AR4: 43101 | AS4: 1269 | AV4: 8481073 | AX4: 3060230 | BA4: 6384600 | BC4: 3573500 | BE4: 18557406 | BI4: =(C4) -> 23565941 | BJ4: 234804 | BN4: =(F4) -> 2709154 | BO4: 26918 | BR4: =(S4) -> 3862940 | BS4: 384003 | BV4: =V4 -> 1717400 | BW4: 16019 | CC4: =(BA4) -> 6384600 | CD4: 6382 | CI4: =(AV4) -> 8481073 | CJ4: 8410 | CN4: =(AS4) -> 1269 | CR4: =(BC4) -> 3573500 | CS4: 3572 | CW4: =(BE4) -> 18557406 | CX4: 182480
B5: 43131 | C5: 24048779 | E5: =SUM(C5-C4)*10 -> 4828380 | F5: 2752459 | H5: =SUM(F5-F4)*10 -> 433050 | I5: 132630 | K5: =SUM(I5-I4)*10 -> 24700 | L5: 171438 | N5: =SUM(L5-L4)*1000 -> 3490000 | O5: 12340 | Q5: =SUM(O5-O4)*100 -> 44000 | S5: 3967018 | U5: =SUM(S5-S4)*10 -> 1040780 | V5: 2683003 | X5: =SUM(V5-V4)*10 -> 9656030 | Y5: =SUM(U5+X5) -> 10696810 | AA5: 30223 | AB5: =SUM(AA5-AA4)*1000 -> 314000 | AC5: 622669328 | AD5: =SUM(AC5-AC4) -> 8156903 | AE5: 534 | AF5: =SUM(AE5-AE4)*1000 -> 7000 | AG5: 15421 | AH5: =SUM(AG5-AG4)*1000 -> 373000 | AI5: 2393229 | AJ5: =SUM(AI5-AI4) -> 47244 | AK5: 7764 | AL5: =SUM(AK5-AK4)*1000 -> 633000 | AM5: 197 | AN5: =SUM(AM5-AM4)*10 -> 10 | AO5: 4870 | AP5: =SUM(AO5-AO4)*10 -> 2300 | AR5: 43131 | AS5: 1736 | AT5: =SUM(AS5-AS4) -> 467 | AV5: 8755687 | AW5: =SUM(AV5-AV4) -> 274614 | AX5: 3074850 | AY5: =SUM(AX5-AX4) -> 14620 | AZ5: =SUM(AW5-AY5) -> 259994 | BA5: 6400100 | BB5: =SUM(BA5-BA4) -> 15500 | BC5: 3584200 | BD5: =SUM(BC5-BC4) -> 10700 | BE5: 18578000 | BF5: =SUM(BE5-BE4) -> 20594 | BI5: =(C5) -> 24048779 | BJ5: 240700 | BK5: =SUM(BJ5-BJ4) -> 5896 | BL5: =SUM(BK5*1.0766)+1986.71 -> 8334.3436 | BM5: 20000 | BN5: =(F5) -> 2752459 | BO5: 27543 | BP5: =SUM(BO5-BO4) -> 625 | BQ5: =SUM(BP5*0.8486)+1639.2 -> 2169.575 | BR5: =(S5) -> 3967018 | BS5: 394202 | BT5: 50877.76 | BU5: 35977.75 | BV5: =V5 -> 2683003 | BW5: 25133 | BX5: 3938.25 | BY5: 2796.1 | BZ5: =SUM(BT5+BX5) -> 54816.01 | CA5: 11972.94 | CC5: =(BA5) -> 6400100 | CD5: 6399 | CE5: =SUM(CD5-CD4) -> 17 | CF5: =SUM(CE5*1.0766)+124.09 -> 142.3922 | CG5: 110 | CH5: 1200 | CI5: =(AV5) -> 8755687 | CJ5: 8663 | CK5: =SUM(CJ5-CJ4) -> 253 | CL5: =SUM(CK5*1.0766)+198.63 -> 471.0098 | CM5: 1500 | CN5: =(AS5) -> 1736 | CO5: 1774 | CQ5: 1000 | CR5: =(BC5) -> 3584200 | CS5: 3584 | CT5: =SUM(CS5-CS4) -> 12 | CU5: =SUM(CT5*1.0766)+198.63 -> 211.5492 | CW5: =(BE5) -> 18578000 | CX5: 185780 | CY5: =SUM(CX5-CX4) -> 3300 | CZ5: =SUM(CY5*0.8486)+1024.42 -> 3824.8 | DD5: =SUM(BL5+CF5+CL5+CU5) -> 9159.2948 | DE5: =SUM(BQ5+CZ5) -> 5994.375 | DF5: =SUM(BM5+CG5+CV5) -> 20110 | DG5: =SUM(DD5:DF5) -> 35263.67 | DI5: =SUM(BU5+CQ5) -> 36977.75 | DJ5: =SUM(CA5+CH5) -> 13172.94
B6: 43159 | C6: 24536140 | E6: =SUM(C6-C5)*10 -> 4873610 | F6: 2790946 | H6: =SUM(F6-F5)*10 -> 384870 | I6: 134290 | K6: =SUM(I6-I5)*10 -> 16600 | L6: 175019 | N6: =SUM(L6-L5)*1000 -> 3581000 | O6: 40 | Q6: 44000 | S6: 4050207 | U6: =SUM(S6-S5)*10 -> 831890 | V6: 3138200 | X6: =SUM(V6-V5)*10 -> 4551970 | Y6: =SUM(U6+X6) -> 5383860 | AA6: 30840 | AB6: 314000 | AC6: 638057152 | AD6: =SUM(AC6-AC5) -> 15387824 | AE6: 5499 | AF6: 7000 | AG6: 158012 | AH6: 51309000 | AI6: 2430812 | AJ6: =SUM(AI6-AI5) -> 37583 | AK6: 8366 | AL6: =SUM(AK6-AK5)*1000 -> 602000 | AM6: 218 | AN6: =SUM(AM6-AM5)*10 -> 210 | AO6: 5026 | AP6: =SUM(AO6-AO5)*10 -> 1560 | AR6: 43159 | AS6: 2459 | AT6: =SUM(AS6-AS5) -> 723 | AV6: 8986462 | AW6: =SUM(AV6-AV5) -> 230775 | AX6: 3082420 | AY6: =SUM(AX6-AX5) -> 7570 | AZ6: =SUM(AW6-AY6) -> 223205 | BA6: 6419400 | BB6: =SUM(BA6-BA5) -> 19300 | BC6: 3595700 | BD6: =SUM(BC6-BC5) -> 11500 | BE6: 19113722 | BF6: =SUM(BE6-BE5) -> 535722 | BI6: =(C6) -> 24536140 | BJ6: 245267 | BK6: =SUM(BJ6-BJ5) -> 4567 | BL6: =SUM(BK6*1.0766)+1986.71 -> 6903.5422 | BM6: 22713.36 | BN6: =(F6) -> 2790946 | BO6: 27894 | BP6: =SUM(BO6-BO5) -> 351 | BQ6: =SUM(BP6*0.8486)+1639.2 -> 1937.0586 | BR6: =(S6) -> 4050207 | BS6: 404609 | BT6: 51918.9 | BU6: 36785.27 | BV6: =V6 -> 3138200 | BW6: 31557 | BX6: 2775.87 | BY6: 1974.67 | BZ6: =SUM(BT6+BX6) -> 54694.77 | CA6: 11797.46 | CC6: =(BA6) -> 6419400 | CD6: 6419 | CE6: =SUM(CD6-CD5) -> 20 | CF6: =SUM(CE6*1.0766)+124.09 -> 145.622 | CG6: 120.4 | CH6: 1347.06 | CI6: =(AV6) -> 8986462 | CJ6: 8962 | CK6: =SUM(CJ6-CJ5) -> 299 | CL6: =SUM(CK6*1.0766)+198.63 -> 520.5334 | CM6: 1637.44 | CN6: =(AS6) -> 2459 | CO6: 2461 | CP6: 1592.74 | CQ6: 1133.03 | CR6: =(BC6) -> 3595700 | CS6: 3586 | CT6: =SUM(CS6-CS5) -> 2 | CU6: =SUM(CT6*1.0766)+198.63 -> 200.7832 | CW6: =(BE6) -> 19113722 | CX6: 188930 | CY6: =SUM(CX6-CX5) -> 3150 | CZ6: =SUM(CY6*0.8486)+1024.42 -> 3697.51 | DD6: =SUM(BL6+CF6+CL6+#REF!+CU6) -> #REF! | DE6: =SUM(BQ6+CZ6) -> 5634.5686 | DF6: =SUM(BM6+CG6+CV6) -> 22833.76 | DG6: =SUM(DD6:DF6) -> #REF! | DI6: =SUM(BU6+CQ6+BY6) -> 39892.97 | DJ6: =SUM(CA6+CH6) -> 13144.52
B7: 43191 | C7: 25113560 | E7: =SUM(C7-C6)*10 -> 5774200 | F7: 2920990 | H7: =SUM(F7-F6)*10 -> 1300440 | I7: 136160 | K7: =SUM(I7-I6)*10 -> 18700 | L7: 179325 | N7: =SUM(L7-L6)*1000 -> 4306000 | O7: 1258 | Q7: =SUM(O7-O6)*100 -> 121800 | S7: 4155890 | U7: 931890 | V7: 3824700 | X7: =SUM(V7-V6)*10 -> 6865000 | Y7: =SUM(U7+X7) -> 7796890 | AA7: 31319 | AB7: =SUM(AA7-AA6)*1000 -> 479000 | AC7: 650783007 | AD7: =SUM(AC7-AC6) -> 12725855 | AE7: 5822 | AF7: =SUM(AE7-AE6)*1000 -> 323000 | AG7: 163142 | AH7: =SUM(AG7-AG6)*1000 -> 5130000 | AI7: 2470734 | AJ7: =SUM(AI7-AI6) -> 39922 | AK7: 9061 | AL7: =SUM(AK7-AK6)*1000 -> 695000 | AM7: 277 | AN7: =SUM(AM7-AM6)*10 -> 590 | AO7: 5377 | AP7: =SUM(AO7-AO6)*10 -> 3510 | AR7: 43191 | AS7: 2953 | AT7: =SUM(AS7-AS6) -> 494 | AV7: 9258660 | AW7: =SUM(AV7-AV6) -> 272198 | AX7: 3097900 | AY7: =SUM(AX7-AX6) -> 15480 | AZ7: =SUM(AW7-AY7) -> 256718 | BA7: 6438300 | BB7: =SUM(BA7-BA6) -> 18900 | BC7: 3613800 | BD7: =SUM(BC7-BC6) -> 18100 | BE7: 21503816 | BF7: =SUM(BE7-BE6) -> 2390094 | BI7: =(C7) -> 25113560 | BJ7: 250396 | BK7: =SUM(BJ7-BJ6) -> 5129 | BL7: =SUM(BK7*1.0766)+1986.71 -> 7508.5914 | BM7: 25000 | BN7: =(F7) -> 2920990 | BO7: 29082 | BP7: =SUM(BO7-BO6) -> 1188 | BQ7: =SUM(BP7*0.8486)+1639.2 -> 2647.3368 | BR7: =(S7) -> 4155890 | BS7: 415810 | BT7: 55878.43 | BU7: 37520.68 | BV7: =V7 -> 3824700 | BW7: 40473 | BX7: 3852.69 | BY7: 2597.43 | BZ7: =SUM(BT7+BX7) -> 59731.12 | CA7: 11010.06 | CC7: =(BA7) -> 6438300 | CD7: 6436 | CE7: =SUM(CD7-CD6) -> 17 | CF7: =SUM(CE7*1.0766)+124.09 -> 142.3922 | CG7: 125 | CH7: 1300 | CI7: =(AV7) -> 9258660 | CJ7: 9200 | CK7: =SUM(CJ7-CJ6) -> 238 | CL7: =SUM(CK7*1.0766)+198.63 -> 454.8608 | CM7: 1450 | CN7: =(AS7) -> 2953 | CO7: 2953 | CQ7: 1000 | CR7: =(BC7) -> 3613800 | CS7: 3610 | CT7: =SUM(CS7-CS6) -> 24 | CU7: =SUM(CT7*1.0766)+198.63 -> 224.4684 | CW7: =(BE7) -> 21503816 | CX7: 212763 | CY7: =SUM(CX7-CX6) -> 23833 | CZ7: =SUM(CY7*0.8486)+1024.42 -> 21249.104 | DD7: =SUM(BL7+CF7+CL7+#REF!+CU7) -> #REF! | DE7: =SUM(BQ7+CZ7) -> 23896.441 | DF7: =SUM(BM7+CG7+CV7) -> 25125 | DG7: =SUM(DD7:DF7) -> #REF! | DI7: =SUM(BU7+CQ7+BY7) -> 41118.11 | DJ7: =SUM(CA7+CH7) -> 12310.06
B8: 43221 | C8: 25713102 | E8: =SUM(C8-C7)*10 -> 5995420 | F8: 2986943 | H8: =SUM(F8-F7)*10 -> 659530 | I8: 137570 | K8: =SUM(I8-I7)*10 -> 14100 | L8: 183466 | N8: =SUM(L8-L7)*1000 -> 4141000 | O8: 2424 | Q8: =SUM(O8-O7)*100 -> 116600 | S8: 4252363 | U8: =SUM(S8-S7)*10 -> 964730 | V8: 4207520 | X8: =SUM(V8-V7)*10 -> 3828200 | Y8: =SUM(U8+X8) -> 4792930 | AA8: 31933 | AB8: =SUM(AA8-AA7)*1000 -> 614000 | AC8: 668291411 | AD8: =SUM(AC8-AC7) -> 17508404 | AE8: 6019 | AF8: =SUM(AE8-AE7)*1000 -> 197000 | AG8: 167918 | AH8: =SUM(AG8-AG7)*1000 -> 4776000 | AI8: 2505760 | AJ8: =SUM(AI8-AI7) -> 35026 | AK8: 9623 | AL8: =SUM(AK8-AK7)*1000 -> 562000 | AM8: 335 | AN8: =SUM(AM8-AM7)*10 -> 580 | AO8: 5513 | AP8: =SUM(AO8-AO7)*10 -> 1360 | AR8: 43221 | AS8: 3544 | AT8: =SUM(AS8-AS7) -> 591 | AV8: 9436000 | AW8: =SUM(AV8-AV7) -> 177340 | AX8: 3097900 | AY8: =SUM(AX8-AX7) -> 0 | AZ8: =SUM(AW8-AY8) -> 177340 | BA8: 6438300 | BB8: =SUM(BA8-BA7) -> 0 | BC8: 3631000 | BD8: =SUM(BC8-BC7) -> 17200 | BE8: 22201200 | BF8: =SUM(BE8-BE7) -> 697384 | BI8: =(C8) -> 25713102 | BJ8: 255701 | BK8: =SUM(BJ8-BJ7) -> 5305 | BL8: =SUM(BK8*1.0766)+1986.71 -> 7698.073 | BM8: 26867.26 | BN8: =(F8) -> 2986943 | BO8: 29695 | BP8: =SUM(BO8-BO7) -> 613 | BQ8: =SUM(BP8*0.8486)+1639.2 -> 2159.3918 | BR8: =(S8) -> 4252363 | BS8: 424803 | BT8: 44859.89 | BU8: 30097.62 | BV8: =V8 -> 4207520 | BW8: 45360 | BX8: 2111.73 | BY8: 1422.3 | BZ8: =SUM(BT8+BX8) -> 46971.62 | CA8: 12188.32 | CC8: =(BA8) -> 6438300 | CD8: 6459 | CE8: =SUM(CD8-CD7) -> 23 | CF8: =SUM(CE8*1.0766)+124.09 -> 148.8518 | CG8: 136.46 | CH8: 1243.44 | CI8: =(AV8) -> 9436000 | CJ8: 9436 | CK8: =SUM(CJ8-CJ7) -> 236 | CL8: =SUM(CK8*1.0766)+198.63 -> 452.7076 | CM8: 1354.5 | CN8: =(AS8) -> 3544 | CO8: 3544 | CP8: 1370.17 | CQ8: 922.85 | CR8: =(BC8) -> 3631000 | CS8: 3631 | CT8: =SUM(CS8-CS7) -> 21 | CU8: =SUM(CT8*1.0766)+198.63 -> 221.2386 | CW8: =(BE8) -> 22201200 | CX8: 222012 | CY8: =SUM(CX8-CX7) -> 9249 | CZ8: =SUM(CY8*0.8486)+1024.42 -> 8873.1214 | DD8: =SUM(BL8+CF8+CL8+#REF!+CU8) -> #REF! | DE8: =SUM(BQ8+CZ8) -> 11032.513 | DF8: =SUM(BM8+CG8+CV8) -> 27003.72 | DG8: =SUM(DD8:DF8) -> #REF! | DI8: =SUM(BU8+CQ8+BY8) -> 32442.77 | DJ8: =SUM(CA8+CH8) -> 13431.76
B9: 43255 | C9: 26308711 | E9: =SUM(C9-C8)*10 -> 5956090 | F9: 3054214 | H9: =SUM(F9-F8)*10 -> 672710 | I9: 139220 | K9: =SUM(I9-I8)*10 -> 16500 | L9: 188286 | N9: =SUM(L9-L8)*1000 -> 4820000 | O9: 2914 | Q9: =SUM(O9-O8)*100 -> 49000 | S9: 4352784 | U9: =SUM(S9-S8)*10 -> 1004210 | V9: 4488008 | X9: =SUM(V9-V8)*10 -> 2804880 | Y9: =SUM(U9+X9) -> 3809090 | AA9: 32470 | AB9: =SUM(AA9-AA8)*1000 -> 537000 | AC9: 694942581 | AD9: =SUM(AC9-AC8) -> 26651170 | AE9: 6243 | AF9: =SUM(AE9-AE8)*1000 -> 224000 | AG9: 171529 | AH9: =SUM(AG9-AG8)*1000 -> 3611000 | AI9: 2528641 | AJ9: =SUM(AI9-AI8) -> 22881 | AK9: 9883 | AL9: =SUM(AK9-AK8)*1000 -> 260000 | AM9: 392 | AN9: =SUM(AM9-AM8)*10 -> 570 | AO9: 5817 | AP9: =SUM(AO9-AO8)*10 -> 3040 | AR9: 43255 | AS9: 4292 | AT9: =SUM(AS9-AS8) -> 748 | AV9: 9739000 | AW9: =SUM(AV9-AV8) -> 303000 | AX9: 3097900 | AY9: =SUM(AX9-AX8) -> 0 | AZ9: =SUM(AW9-AY9) -> 303000 | BA9: 6438300 | BB9: =SUM(BA9-BA8) -> 0 | BC9: 3645000 | BD9: =SUM(BC9-BC8) -> 14000 | BE9: 23296100 | BF9: =SUM(BE9-BE8) -> 1094900 | BI9: =(C9) -> 26308711 | BJ9: 262148 | BK9: =SUM(BJ9-BJ8) -> 6447 | BL9: =SUM(BK9*1.0766)+1986.71 -> 8927.5502 | BM9: 28500 | BN9: =(F9) -> 3054214 | BO9: 30518 | BP9: =SUM(BO9-BO8) -> 823 | BQ9: =SUM(BP9*0.8486)+1639.2 -> 2337.5978 | BR9: =(S9) -> 4352784 | BS9: 434156 | BT9: 46661.81 | BU9: 31305.58 | BV9: =V9 -> 4488008 | BW9: 47756 | BX9: 1036.63 | BY9: 698.21 | BZ9: =SUM(BT9+BX9) -> 47698.44 | CA9: 15191.77 | CC9: =(BA9) -> 6438300 | CD9: 6480 | CE9: =SUM(CD9-CD8) -> 21 | CF9: =SUM(CE9*1.0766)+124.09 -> 146.6986 | CG9: 125 | CH9: 1150 | CI9: =(AV9) -> 9739000 | CJ9: 9739 | CK9: =SUM(CJ9-CJ8) -> 303 | CL9: =SUM(CK9*1.0766)+198.63 -> 524.8398 | CM9: 1325 | CN9: =(AS9) -> 4292 | CO9: 4292 | CQ9: 850 | CR9: =(BC9) -> 3645000 | CS9: 3645 | CT9: =SUM(CS9-CS8) -> 14 | CU9: =SUM(CT9*1.0766)+198.63 -> 213.7024 | CW9: =(BE9) -> 23296100 | CX9: 232961 | CY9: =SUM(CX9-CX8) -> 10949 | CZ9: =SUM(CY9*0.8486)+1024.42 -> 10315.741 | DD9: =SUM(BL9+CF9+CL9+#REF!+CU9) -> #REF! | DE9: =SUM(BQ9+CZ9) -> 12653.339 | DF9: =SUM(BM9+CG9+CV9) -> 28625 | DG9: =SUM(DD9:DF9) -> #REF! | DI9: =SUM(BU9+CQ9+BY9) -> 32853.79 | DJ9: =SUM(CA9+CH9) -> 16341.77
B10: 43281 | C10: 26865671 | E10: =SUM(C10-C9)*10 -> 5569600 | F10: 3113825 | H10: =SUM(F10-F9)*10 -> 596110 | I10: 139990 | K10: =SUM(I10-I9)*10 -> 7700 | L10: 192652 | N10: =SUM(L10-L9)*1000 -> 4366000 | O10: 2918 | Q10: =SUM(O10-O9)*100 -> 400 | S10: 4439150 | U10: =SUM(S10-S9)*10 -> 863660 | V10: 4577800 | X10: =SUM(V10-V9)*10 -> 897920 | Y10: =SUM(U10+X10) -> 1761580 | AA10: 33004 | AB10: =SUM(AA10-AA9)*1000 -> 534000 | AC10: 722030618 | AD10: =SUM(AC10-AC9) -> 27088037 | AE10: 6423 | AF10: =SUM(AE10-AE9)*1000 -> 180000 | AG10: 174096 | AH10: =SUM(AG10-AG9)*1000 -> 2567000 | AI10: 2547886 | AJ10: =SUM(AI10-AI9) -> 19245 | AK10: 10132 | AL10: =SUM(AK10-AK9)*1000 -> 249000 | AM10: 428 | AN10: =SUM(AM10-AM9)*10 -> 360 | AO10: 6037 | AP10: =SUM(AO10-AO9)*10 -> 2200 | AR10: 43281 | AS10: 4762 | AT10: =SUM(AS10-AS9) -> 470 | AV10: 9966000 | AW10: =SUM(AV10-AV9) -> 227000 | AX10: 3123190 | AY10: =SUM(AX10-AX9) -> 25290 | AZ10: =SUM(AW10-AY10) -> 201710 | BA10: 6495100 | BB10: =SUM(BA10-BA9) -> 56800 | BC10: 3648000 | BD10: =SUM(BC10-BC9) -> 3000 | BE10: 24052286 | BF10: =SUM(BE10-BE9) -> 756186 | BI10: =(C10) -> 26865671 | BJ10: 267678 | BK10: =SUM(BJ10-BJ9) -> 5530 | BL10: =SUM(BK10*1.0766)+1986.71 -> 7940.308 | BM10: 29859.2 | BN10: =(F10) -> 3113825 | BO10: 31038 | BP10: =SUM(BO10-BO9) -> 520 | BQ10: =SUM(BP10*0.8486)+1639.2 -> 2080.472 | BR10: =(S10) -> 4439150 | BS10: 442870 | BT10: 43471.53 | BU10: 29110 | BV10: =V10 -> 4577800 | BW10: 49054 | BX10: 559.58 | BY10: 376.16 | BZ10: =SUM(BT10+BX10) -> 44031.11 | CA10: 11381.12 | CC10: =(BA10) -> 6495100 | CD10: 6493 | CE10: =SUM(CD10-CD9) -> 13 | CF10: =SUM(CE10*1.0766)+124.09 -> 138.0858 | CG10: 78.26 | CH10: 1243.44 | CI10: =(AV10) -> 9966000 | CJ10: 9966 | CK10: =SUM(CJ10-CJ9) -> 227 | CL10: =SUM(CK10*1.0766)+198.63 -> 443.0182 | CM10: 1336.44 | CN10: =(AS10) -> 4762 | CO10: 4762 | CP10: 1069.95 | CQ10: 732.48 | CR10: =(BC10) -> 3648000 | CS10: 3648 | CT10: =SUM(CS10-CS9) -> 3 | CU10: =SUM(CT10*1.0766)+198.63 -> 201.8598 | CW10: =(BE10) -> 24052286 | CX10: 240477 | CY10: =SUM(CX10-CX9) -> 7516 | CZ10: =SUM(CY10*0.8486)+1024.42 -> 7402.4976 | DD10: =SUM(BL10+CF10+CL10+#REF!+CU10) -> #REF! | DE10: =SUM(BQ10+CZ10) -> 9482.9696 | DF10: =SUM(BM10+CG10+CV10) -> 29937.46 | DG10: =SUM(DD10:DF10) -> #REF! | DI10: =SUM(BU10+CQ10+BY10) -> 30218.64 | DJ10: =SUM(CA10+CH10) -> 12624.56
B11: 43312 | C11: 27420138 | E11: =SUM(C11-C10)*10 -> 5544670 | F11: 3163897 | H11: =SUM(F11-F10)*10 -> 500720 | I11: 140870 | K11: =SUM(I11-I10)*10 -> 8800 | L11: 197318 | N11: =SUM(L11-L10)*1000 -> 4666000 | O11: 2918 | Q11: =SUM(O11-O10)*100 -> 0 | S11: 452220 | U11: 863660 | V11: 4674700 | X11: =SUM(V11-V10)*10 -> 969000 | Y11: =SUM(U11+X11) -> 1832660 | AA11: 33555 | AB11: =SUM(AA11-AA10)*1000 -> 551000 | AC11: 749752477 | AD11: =SUM(AC11-AC10) -> 27721859 | AE11: 6574 | AF11: =SUM(AE11-AE10)*1000 -> 151000 | AG11: 174632 | AH11: =SUM(AG11-AG10)*1000 -> 536000 | AI11: 2554947 | AJ11: =SUM(AI11-AI10) -> 7061 | AK11: 10237 | AL11: =SUM(AK11-AK10)*1000 -> 105000 | AM11: 465 | AN11: =SUM(AM11-AM10)*10 -> 370 | AO11: 6234 | AP11: =SUM(AO11-AO10)*10 -> 1970 | AR11: 43312 | AS11: 5235 | AT11: =SUM(AS11-AS10) -> 473 | AV11: 10208000 | AW11: =SUM(AV11-AV10) -> 242000 | AX11: 3123190 | AY11: =SUM(AX11-AX10) -> 0 | AZ11: =SUM(AW11-AY11) -> 242000 | BA11: 6505000 | BB11: =SUM(BA11-BA10) -> 9900 | BC11: 3650000 | BD11: =SUM(BC11-BC10) -> 2000 | BE11: 24570300 | BF11: =SUM(BE11-BE10) -> 518014 | BI11: =(C11) -> 27420138 | BJ11: 271969 | BK11: =SUM(BJ11-BJ10) -> 4291 | BL11: =SUM(BK11*1.0766)+1986.71 -> 6606.4006 | BM11: 38000 | BN11: =(F11) -> 3163897 | BO11: 31492 | BP11: =SUM(BO11-BO10) -> 454 | BQ11: =SUM(BP11*0.8486)+1639.2 -> 2024.4644 | BR11: =(S11) -> 452220 | BS11: 450933 | BT11: 40223.89 | BU11: 26963.46 | BV11: =V11 -> 4674700 | BW11: 49583 | BX11: 228.59 | BY11: 153.81 | BZ11: =SUM(BT11+BX11) -> 40452.48 | CA11: 9568.41 | CC11: =(BA11) -> 6505000 | CD11: 6505 | CE11: =SUM(CD11-CD10) -> 12 | CF11: =SUM(CE11*1.0766)+124.09 -> 137.0092 | CG11: 100 | CH11: 1000 | CI11: =(AV11) -> 10208000 | CJ11: 10208 | CK11: =SUM(CJ11-CJ10) -> 242 | CL11: =SUM(CK11*1.0766)+198.63 -> 459.1672 | CM11: 1337.44 | CN11: =(AS11) -> 5235 | CO11: 5235 | CQ11: 875 | CR11: =(BC11) -> 3650000 | CS11: 3650 | CT11: =SUM(CS11-CS10) -> 2 | CU11: =SUM(CT11*1.0766)+198.63 -> 200.7832 | CW11: =(BE11) -> 24570300 | CX11: 245703 | CY11: =SUM(CX11-CX10) -> 5226 | CZ11: =SUM(CY11*0.8486)+1024.42 -> 5459.2036 | DD11: =SUM(BL11+CF11+CL11+#REF!+CU11) -> #REF! | DE11: =SUM(BQ11+CZ11) -> 7483.668 | DF11: =SUM(BM11+CG11+CV11) -> 38100 | DG11: =SUM(DD11:DF11) -> #REF! | DI11: =SUM(BU11+CQ11+BY11) -> 27992.27 | DJ11: =SUM(CA11+CH11) -> 10568.41
B12: 43342 | C12: 28591789 | E12: 1716510 | F12: 3305859 | H12: =SUM(F12-F11)*10 -> 1419620 | I12: 144450 | K12: =SUM(I12-I11)*10 -> 35800 | L12: 206611 | N12: =SUM(L12-L11)*1000 -> 9293000 | O12: 6770 | Q12: =SUM(O12-O11)*100 -> 385200 | S12: 470110 | U12: =SUM(S12-S11)*10 -> 178900 | V12: 4878990 | X12: =SUM(V12-V11)*10 -> 2042900 | Y12: =SUM(U12+X12) -> 2221800 | AA12: 34822 | AB12: =SUM(AA12-AA11)*1000 -> 1267000 | AC12: 817039367 | AD12: =SUM(AC12-AC11) -> 67286890 | AE12: 6987 | AF12: =SUM(AE12-AE11)*1000 -> 413000 | AG12: 179048 | AH12: =SUM(AG12-AG11)*1000 -> 4416000 | AI12: 2618256 | AJ12: =SUM(AI12-AI11) -> 63309 | AK12: 10555 | AL12: =SUM(AK12-AK11)*1000 -> 318000 | AM12: 555 | AN12: =SUM(AM12-AM11)*10 -> 900 | AO12: 6584 | AP12: =SUM(AO12-AO11)*10 -> 3500 | AR12: 43342 | AS12: 5841 | AT12: =SUM(AS12-AS11) -> 606 | AV12: 10500000 | AW12: =SUM(AV12-AV11) -> 292000 | AX12: 3123190 | AY12: =SUM(AX12-AX11) -> 0 | AZ12: =SUM(AW12-AY12) -> 292000 | BA12: 6520000 | BB12: =SUM(BA12-BA11) -> 15000 | BC12: 3651000 | BD12: =SUM(BC12-BC11) -> 1000 | BE12: 24997100 | BF12: =SUM(BE12-BE11) -> 426800 | BI12: =(C12) -> 28591789 | BJ12: 279675 | BK12: =SUM(BJ12-BJ11) -> 7706 | BL12: =SUM(BK12*1.0766)+1986.71 -> 10282.99 | BM12: 43446.45 | BN12: =(F12) -> 3305859 | BO12: 32253 | BP12: =SUM(BO12-BO11) -> 761 | BQ12: =SUM(BP12*0.8486)+1639.2 -> 2284.9846 | BR12: =(S12) -> 470110 | BS12: 461005 | BT12: 50246.19 | BU12: 33675.54 | BV12: =V12 -> 4878990 | BW12: 49785 | BX12: 87.29 | BY12: 58.74 | BZ12: =SUM(BT12+BX12) -> 50333.48 | CA12: 13623.12 | CC12: =(BA12) -> 6520000 | CD12: 6520 | CE12: =SUM(CD12-CD11) -> 15 | CF12: =SUM(CE12*1.0766)+124.09 -> 140.239 | CG12: 125 | CH12: 1715.7 | CI12: =(AV12) -> 10500000 | CJ12: 10500 | CK12: =SUM(CJ12-CJ11) -> 292 | CL12: =SUM(CK12*1.0766)+198.63 -> 512.9972 | CM12: 1338.44 | CN12: =(AS12) -> 5841 | CO12: 5841 | CP12: 1404.95 | CQ12: 945.35 | CR12: =(BC12) -> 3651000 | CS12: 3651 | CT12: =SUM(CS12-CS11) -> 1 | CU12: =SUM(CT12*1.0766)+198.63 -> 199.7066 | CW12: =(BE12) -> 24997100 | CX12: 249971 | CY12: =SUM(CX12-CX11) -> 4268 | CZ12: =SUM(CY12*0.8486)+1024.42 -> 4646.2448 | DD12: =SUM(BL12+CF12+CL12+#REF!+CU12) -> #REF! | DE12: =SUM(BQ12+CZ12) -> 6931.2294 | DF12: =SUM(BM12+CG12+CV12) -> 43571.45 | DG12: =SUM(DD12:DF12) -> #REF! | DI12: =SUM(BU12+CQ12+BY12) -> 34679.63 | DJ12: =SUM(CA12+CH12) -> 15338.82
B13: 43366 | C13: 28728707 | E13: =SUM(C13-C12)*10 -> 1369180 | F13: 3324027 | H13: =SUM(F13-F12)*10 -> 181680 | I13: 144500 | K13: =SUM(I13-I12)*10 -> 500 | L13: 207671 | N13: =SUM(L13-L12)*1000 -> 1060000 | O13: 6771 | Q13: =SUM(O13-O12)*100 -> 100 | S13: 472259 | U13: =SUM(S13-S12)*10 -> 21490 | V13: 4909780 | X13: =SUM(V13-V12)*10 -> 307900 | Y13: =SUM(U13+X13) -> 329390 | AA13: 34974 | AB13: =SUM(AA13-AA12)*1000 -> 152000 | AC13: 824560207 | AD13: =SUM(AC13-AC12) -> 7520840 | AE13: 7025 | AF13: =SUM(AE13-AE12)*1000 -> 38000 | AG13: 180055 | AH13: =SUM(AG13-AG12)*1000 -> 1007000 | AI13: 2625300 | AJ13: =SUM(AI13-AI12) -> 7044 | AK13: 10640 | AL13: =SUM(AK13-AK12)*1000 -> 85000 | AM13: 560 | AN13: =SUM(AM13-AM12)*10 -> 50 | AO13: 6620 | AP13: =SUM(AO13-AO12)*10 -> 360 | AR13: 43366 | AS13: 6316 | AT13: =SUM(AS13-AS12) -> 475 | AV13: 10797338 | AW13: =SUM(AV13-AV12) -> 297338 | AX13: 3142020 | AY13: =SUM(AX13-AX12) -> 18830 | AZ13: =SUM(AW13-AY13) -> 278508 | BA13: 6535000 | BB13: =SUM(BA13-BA12) -> 15000 | BC13: 3652000 | BD13: =SUM(BC13-BC12) -> 1000 | BE13: 25603400 | BF13: =SUM(BE13-BE12) -> 606300 | BI13: =(C13) -> 28728707 | BJ13: 284501 | BK13: =SUM(BJ13-BJ12) -> 4826 | BL13: =SUM(BK13*1.0766)+1986.71 -> 7182.3816 | BM13: 35000 | BN13: =(F13) -> 3324027 | BO13: 32903 | BP13: =SUM(BO13-BO12) -> 650 | BQ13: =SUM(BP13*0.8486)+1639.2 -> 2190.79 | BR13: =(S13) -> 472259 | BS13: 466923 | BT13: 39500.53 | BU13: 27966.94 | BV13: =V13 -> 4909780 | BW13: 49900 | BX13: 49.69 | BY13: 35.32 | BZ13: =SUM(BT13+BX13) -> 39550.22 | CA13: 8142.6 | CC13: =(BA13) -> 6535000 | CD13: 6535 | CE13: =SUM(CD13-CD12) -> 15 | CF13: =SUM(CE13*1.0766)+124.09 -> 140.239 | CG13: 115 | CH13: 1700 | CI13: =(AV13) -> 10797338 | CJ13: 10743 | CK13: =SUM(CJ13-CJ12) -> 243 | CL13: =SUM(CK13*1.0766)+198.63 -> 460.2438 | CM13: 1500 | CN13: =(AS13) -> 6316 | CO13: 6316 | CQ13: 1000 | CR13: =(BC13) -> 3652000 | CS13: 3652 | CT13: =SUM(CS13-CS12) -> 1 | CU13: =SUM(CT13*1.0766)+198.63 -> 199.7066 | CW13: =(BE13) -> 25603400 | CX13: 256034 | CY13: =SUM(CX13-CX12) -> 6063 | CZ13: =SUM(CY13*0.8486)+1024.42 -> 6169.4818 | DD13: =SUM(BL13+CF13+CL13+#REF!+CU13) -> #REF! | DE13: =SUM(BQ13+CZ13) -> 8360.2718 | DF13: =SUM(BM13+CG13+CV13) -> 35115 | DG13: =SUM(DD13:DF13) -> #REF! | DI13: =SUM(BU13+CQ13+BY13) -> 29002.26 | DJ13: =SUM(CA13+CH13) -> 9842.6
B14: 43404 | C14: 29164142 | E14: =SUM(C14-C13)*10 -> 4354350 | F14: 3378642 | H14: =SUM(F14-F13)*10 -> 546150 | I14: 144670 | K14: =SUM(I14-I13)*10 -> 1700 | L14: 211037 | N14: =SUM(L14-L13)*1000 -> 3366000 | O14: 6771 | Q14: =SUM(O14-O13)*100 -> 0 | S14: 479300 | U14: =SUM(S14-S13)*10 -> 70410 | V14: 5161000 | X14: =SUM(V14-V13)*10 -> 2512200 | Y14: =SUM(U14+X14) -> 2582610 | AA14: 35384 | AB14: =SUM(AA14-AA13)*1000 -> 410000 | AC14: 846508934 | AD14: =SUM(AC14-AC13) -> 21948727 | AE14: 7138 | AF14: =SUM(AE14-AE13)*1000 -> 113000 | AG14: 183679 | AH14: =SUM(AG14-AG13)*1000 -> 3624000 | AI14: 2645718 | AJ14: =SUM(AI14-AI13) -> 20418 | AK14: 10913 | AL14: =SUM(AK14-AK13)*1000 -> 273000 | AM14: 592 | AN14: =SUM(AM14-AM13)*10 -> 320 | AO14: 6757 | AP14: =SUM(AO14-AO13)*10 -> 1370 | AR14: 43404 | AS14: 6986 | AT14: =SUM(AS14-AS13) -> 670 | AV14: 11038000 | AW14: =SUM(AV14-AV13) -> 240662 | AX14: 3142020 | AY14: =SUM(AX14-AX13) -> 0 | AZ14: =SUM(AW14-AY14) -> 240662 | BA14: 6552000 | BB14: =SUM(BA14-BA13) -> 17000 | BC14: 3653000 | BD14: =SUM(BC14-BC13) -> 1000 | BE14: 26731900 | BF14: =SUM(BE14-BE13) -> 1128500 | BI14: =(C14) -> 29164142 | BJ14: 291147 | BK14: =SUM(BJ14-BJ13) -> 6646 | BL14: =SUM(BK14*1.0766)+1986.71 -> 9141.7936 | BM14: 34482.56 | BN14: =(F14) -> 3378642 | BO14: 33691 | BP14: =SUM(BO14-BO13) -> 788 | BQ14: =SUM(BP14*0.8486)+1639.2 -> 2307.8968 | BR14: =(S14) -> 479300 | BS14: 479266 | BT14: 51596.12 | BU14: 36560.18 | BV14: =V14 -> 5161000 | BW14: 51583 | BX14: 727.24 | BY14: 517.37 | BZ14: =SUM(BT14+BX14) -> 52323.36 | CA14: 16722.12 | CC14: =(BA14) -> 6552000 | CD14: 6552 | CE14: =SUM(CD14-CD13) -> 17 | CF14: =SUM(CE14*1.0766)+124.09 -> 142.3922 | CG14: 102.34 | CH14: 1761.54 | CI14: =(AV14) -> 11038000 | CJ14: 11038 | CK14: =SUM(CJ14-CJ13) -> 295 | CL14: =SUM(CK14*1.0766)+198.63 -> 516.227 | CM14: 1733.76 | CN14: =(AS14) -> 6986 | CO14: 6986 | CP14: 1553.33 | CQ14: 1015.16 | CR14: =(BC14) -> 3653000 | CS14: 3653 | CT14: =SUM(CS14-CS13) -> 1 | CU14: =SUM(CT14*1.0766)+198.63 -> 199.7066 | CW14: =(BE14) -> 26731900 | CX14: 267319 | CY14: =SUM(CX14-CX13) -> 11285 | CZ14: =SUM(CY14*0.8486)+1024.42 -> 10600.871 | DD14: =SUM(BL14+CF14+CL14+#REF!+CU14) -> #REF! | DE14: =SUM(BQ14+CZ14) -> 12908.768 | DF14: =SUM(BM14+CG14+CV14) -> 34584.9 | DG14: =SUM(DD14:DF14) -> #REF! | DI14: =SUM(BU14+CQ14+BY14) -> 38092.71 | DJ14: =SUM(CA14+CH14) -> 18483.66
B15: 43408 | C15: 29228181 | E15: =SUM(C15-C14)*10 -> 640390 | F15: 3385887 | H15: =SUM(F15-F14)*10 -> 72450 | I15: 144700 | K15: =SUM(I15-I14)*10 -> 300 | L15: 211496 | N15: =SUM(L15-L14)*1000 -> 459000 | O15: 6771 | Q15: =SUM(O15-O14)*100 -> 0 | S15: 480346 | U15: =SUM(S15-S14)*10 -> 10460 | V15: 5214630 | X15: =SUM(V15-V14)*10 -> 536300 | Y15: =SUM(U15+X15) -> 546760 | AA15: 35432 | AB15: =SUM(AA15-AA14)*1000 -> 48000 | AC15: 849186690 | AD15: =SUM(AC15-AC14) -> 2677756 | AE15: 7151 | AF15: =SUM(AE15-AE14)*1000 -> 13000 | AG15: 184158 | AH15: =SUM(AG15-AG14)*1000 -> 479000 | AI15: 2647714 | AJ15: =SUM(AI15-AI14) -> 1996 | AK15: 10966 | AL15: =SUM(AK15-AK14)*1000 -> 53000 | AM15: 597 | AN15: =SUM(AM15-AM14)*10 -> 50 | AO15: 6773 | AP15: =SUM(AO15-AO14)*10 -> 160 | AR15: 43408 | AS15: 6986 | AT15: =SUM(AS15-AS14) -> 0 | AV15: 11038000 | AW15: =SUM(AV15-AV14) -> 0 | AX15: 3142020 | AY15: =SUM(AX15-AX14) -> 0 | AZ15: =SUM(AW15-AY15) -> 0 | BA15: 6552000 | BB15: =SUM(BA15-BA14) -> 0 | BC15: 3653000 | BD15: =SUM(BC15-BC14) -> 0 | BE15: 26731900 | BF15: =SUM(BE15-BE14) -> 0 | BI15: =(C15) -> 29228181 | BN15: =(F15) -> 3385887 | BR15: =(S15) -> 480346 | BV15: =V15 -> 5214630 | CC15: =(BA15) -> 6552000 | CI15: =(AV15) -> 11038000 | CN15: =(AS15) -> 6986 | CR15: =(BC15) -> 3653000 | CW15: =(BE15) -> 26731900
B16: 43415 | C16: 29359833 | E16: =SUM(C16-C15)*10 -> 1316520 | F16: 3400530 | H16: =SUM(F16-F15)*10 -> 146430 | I16: 144750 | K16: =SUM(I16-I15)*10 -> 500 | L16: 212506 | N16: =SUM(L16-L15)*1000 -> 1010000 | O16: 6771 | Q16: =SUM(O16-O15)*100 -> 0 | S16: 482344 | U16: =SUM(S16-S15)*10 -> 19980 | V16: 5282840 | X16: =SUM(V16-V15)*10 -> 682100 | Y16: =SUM(U16+X16) -> 702080 | AA16: 35541 | AB16: =SUM(AA16-AA15)*1000 -> 109000 | AC16: 855401629 | AD16: =SUM(AC16-AC15) -> 6214939 | AE16: 7166 | AF16: =SUM(AE16-AE15)*1000 -> 15000 | AG16: 185106 | AH16: =SUM(AG16-AG15)*1000 -> 948000 | AI16: 2659250 | AJ16: =SUM(AI16-AI15) -> 11536 | AK16: 11071 | AL16: =SUM(AK16-AK15)*1000 -> 105000 | AM16: 605 | AN16: =SUM(AM16-AM15)*10 -> 80 | AO16: 6806 | AP16: =SUM(AO16-AO15)*10 -> 330 | AR16: 43415 | AS16: 6986 | AT16: =SUM(AS16-AS15) -> 0 | AV16: 11038000 | AW16: =SUM(AV16-AV15) -> 0 | AX16: 3142020 | AY16: =SUM(AX16-AX15) -> 0 | AZ16: =SUM(AW16-AY16) -> 0 | BA16: 6552000 | BB16: =SUM(BA16-BA15) -> 0 | BC16: 3653000 | BD16: =SUM(BC16-BC15) -> 0 | BE16: 26731900 | BF16: =SUM(BE16-BE15) -> 0 | BI16: =(C16) -> 29359833 | BN16: =(F16) -> 3400530 | BR16: =(S16) -> 482344 | BV16: =V16 -> 5282840 | CC16: =(BA16) -> 6552000 | CI16: =(AV16) -> 11038000 | CN16: =(AS16) -> 6986 | CR16: =(BC16) -> 3653000 | CW16: =(BE16) -> 26731900
B17: 43422 | C17: 29494087 | E17: =SUM(C17-C16)*10 -> 1342540 | F17: 3415973 | H17: =SUM(F17-F16)*10 -> 154430 | I17: 144810 | K17: =SUM(I17-I16)*10 -> 600 | L17: 213465 | N17: =SUM(L17-L16)*1000 -> 959000 | O17: 6771 | Q17: =SUM(O17-O16)*100 -> 0 | S17: 484515 | U17: =SUM(S17-S16)*10 -> 21710 | V17: 5405190 | X17: =SUM(V17-V16)*10 -> 1223500 | Y17: =SUM(U17+X17) -> 1245210 | AA17: 35566 | AB17: =SUM(AA17-AA16)*1000 -> 25000 | AC17: 855401629 | AD17: =SUM(AC17-AC16) -> 0 | AE17: 7191 | AF17: =SUM(AE17-AE16)*1000 -> 25000 | AG17: 186718 | AH17: =SUM(AG17-AG16)*1000 -> 1612000 | AI17: 2667474 | AJ17: =SUM(AI17-AI16) -> 8224 | AK17: 11192 | AL17: =SUM(AK17-AK16)*1000 -> 121000 | AM17: 614 | AN17: =SUM(AM17-AM16)*10 -> 90 | AO17: 6837 | AP17: =SUM(AO17-AO16)*10 -> 310 | AR17: 43422 | AS17: 6986 | AT17: =SUM(AS17-AS16) -> 0 | AV17: 11038000 | AW17: =SUM(AV17-AV16) -> 0 | AX17: 3142020 | AY17: =SUM(AX17-AX16) -> 0 | AZ17: =SUM(AW17-AY17) -> 0 | BA17: 6552000 | BB17: =SUM(BA17-BA16) -> 0 | BC17: 3653000 | BD17: =SUM(BC17-BC16) -> 0 | BE17: 26731900 | BF17: =SUM(BE17-BE16) -> 0 | BI17: =(C17) -> 29494087 | BN17: =(F17) -> 3415973 | BR17: =(S17) -> 484515 | BV17: =V17 -> 5405190 | CC17: =(BA17) -> 6552000 | CI17: =(AV17) -> 11038000 | CN17: =(AS17) -> 6986 | CR17: =(BC17) -> 3653000 | CW17: =(BE17) -> 26731900
B18: 43429 | C18: 29631317 | E18: =SUM(C18-C17)*10 -> 1372300 | F18: 3432296 | H18: =SUM(F18-F17)*10 -> 163230 | I18: 144870 | K18: =SUM(I18-I17)*10 -> 600 | L18: 214437 | N18: =SUM(L18-L17)*1000 -> 972000 | O18: 6771 | Q18: =SUM(O18-O17)*100 -> 0 | S18: 486677 | U18: =SUM(S18-S17)*10 -> 21620 | V18: 5533200 | X18: =SUM(V18-V17)*10 -> 1280100 | Y18: =SUM(U18+X18) -> 1301720 | AA18: 35609 | AB18: =SUM(AA18-AA17)*1000 -> 43000 | AC18: 865057780 | AD18: =SUM(AC18-AC17) -> 9656151 | AE18: 7228 | AF18: =SUM(AE18-AE17)*1000 -> 37000 | AG18: 188479 | AH18: =SUM(AG18-AG17)*1000 -> 1761000 | AI18: 2677285 | AJ18: =SUM(AI18-AI17) -> 9811 | AK18: 11303 | AL18: =SUM(AK18-AK17)*1000 -> 111000 | AM18: 623 | AN18: =SUM(AM18-AM17)*10 -> 90 | AO18: 6910 | AP18: =SUM(AO18-AO17)*10 -> 730 | AR18: 43429 | AS18: 6986 | AT18: =SUM(AS18-AS17) -> 0 | AV18: 11038000 | AW18: =SUM(AV18-AV17) -> 0 | AX18: 3142020 | AY18: =SUM(AX18-AX17) -> 0 | AZ18: =SUM(AW18-AY18) -> 0 | BA18: 6552000 | BB18: =SUM(BA18-BA17) -> 0 | BC18: 3653000 | BD18: =SUM(BC18-BC17) -> 0 | BE18: 26731900 | BF18: =SUM(BE18-BE17) -> 0 | BI18: =(C18) -> 29631317 | BN18: =(F18) -> 3432296 | BR18: =(S18) -> 486677 | BV18: =V18 -> 5533200 | CC18: =(BA18) -> 6552000 | CI18: =(AV18) -> 11038000 | CN18: =(AS18) -> 6986 | CR18: =(BC18) -> 3653000 | CW18: =(BE18) -> 26731900
B19: 43436 | C19: 29749666 | E19: =SUM(C19-C18)*10 -> 1183490 | F19: 3443310 | H19: =SUM(F19-F18)*10 -> 110140 | I19: 144950 | K19: =SUM(I19-I18)*10 -> 800 | L19: 215244 | N19: =SUM(L19-L18)*1000 -> 807000 | O19: 6771 | Q19: =SUM(O19-O18)*100 -> 0 | S19: 488953 | U19: =SUM(S19-S18)*10 -> 22760 | V19: 5703000 | X19: =SUM(V19-V18)*10 -> 1698000 | Y19: =SUM(U19+X19) -> 1720760 | AA19: 35610 | AB19: =SUM(AA19-AA18)*1000 -> 1000 | AC19: 868396973 | AD19: =SUM(AC19-AC18) -> 3339193 | AE19: 7245 | AF19: =SUM(AE19-AE18)*1000 -> 17000 | AG19: 190003 | AH19: =SUM(AG19-AG18)*1000 -> 1524000 | AI19: 2685090 | AJ19: =SUM(AI19-AI18) -> 7805 | AK19: 11413 | AL19: =SUM(AK19-AK18)*1000 -> 110000 | AM19: 634 | AN19: =SUM(AM19-AM18)*10 -> 110 | AO19: 6946 | AP19: =SUM(AO19-AO18)*10 -> 360 | AR19: 43436 | AS19: 7515 | AT19: =SUM(AS19-AS18) -> 529 | AV19: 11269000 | AW19: =SUM(AV19-AV18) -> 231000 | AX19: 3150000 | AY19: =SUM(AX19-AX18) -> 7980 | AZ19: =SUM(AW19-AY19) -> 223020 | BA19: 6563000 | BB19: =SUM(BA19-BA18) -> 11000 | BC19: 3655000 | BD19: =SUM(BC19-BC18) -> 2000 | BE19: 27535700 | BF19: =SUM(BE19-BE18) -> 803800 | BI19: =(C19) -> 29749666 | BJ19: 296373 | BK19: =SUM(BJ19-BJ14) -> 5226 | BL19: =SUM(BK19*1.0766)+1986.71 -> 7613.0216 | BM19: 27607.72 | BN19: =(F19) -> 3443310 | BO19: 34329 | BP19: =SUM(BO19-BO14) -> 638 | BQ19: =SUM(BP19*0.8486)+1639.2 -> 2180.6068 | BR19: =(S19) -> 488953 | BS19: 487790 | BT19: 42523.68 | BU19: 30143.64 | BV19: =V19 -> 5703000 | BW19: 56249 | BX19: 2016.23 | BY19: 1434.79 | BZ19: =SUM(BT19+BX19) -> 44539.91 | CA19: 11676.82 | CC19: =(BA19) -> 6563000 | CD19: 6563 | CE19: =SUM(CD19-CD14) -> 11 | CF19: =SUM(CE19*1.0766)+124.09 -> 135.9326 | CG19: 66.22 | CH19: 1105.28 | CI19: =(AV19) -> 11269000 | CJ19: 11269 | CK19: =SUM(CJ19-CJ14) -> 231 | CL19: =SUM(CK19*1.0766+198.63) -> 447.3246 | CM19: 1348.48 | CN19: =(AS19) -> 7515 | CO19: 7515 | CP19: 324.3 | CQ19: 872.76 | CR19: =(BC19) -> 3655000 | CS19: 3655 | CT19: =SUM(CS19-CS14) -> 2 | CU19: =SUM(CT19*1.0766)+198.63 -> 200.7832 | CW19: =(BE19) -> 27535700 | CX19: 275357 | CY19: =SUM(CX19-CX14) -> 8038 | CZ19: =SUM(CY19*0.8486)+1024.42 -> 7845.4668 | DD19: =SUM(BL19+CF19+CL19+#REF!+CU19) -> #REF! | DE19: =SUM(BQ19+CZ19) -> 10026.074 | DF19: =SUM(BM19+CG19+CV19) -> 27673.94 | DG19: =SUM(DD19:DF19) -> #REF! | DI19: =SUM(BU19+CQ19+BY19) -> 32451.19 | DJ19: =SUM(CA19+CH19) -> 12782.1
B20: 43443 | C20: 29867022 | E20: =SUM(C20-C19)*10 -> 1173560 | F20: 3458307 | H20: =SUM(F20-F19)*10 -> 149970 | I20: 145050 | K20: =SUM(I20-I19)*10 -> 1000 | L20: 216084 | N20: =SUM(L20-L19)*1000 -> 840000 | O20: 6771 | Q20: =SUM(O20-O19)*100 -> 0 | S20: 493042 | U20: =SUM(S20-S19)*10 -> 40890 | V20: 5866270 | X20: =SUM(V20-V19)*10 -> 1632700 | Y20: =SUM(U20+X20) -> 1673590 | AA20: 35611 | AB20: =SUM(AA20-AA19)*1000 -> 1000 | AC20: 872115119 | AD20: =SUM(AC20-AC19) -> 3718146 | AE20: 7288 | AF20: =SUM(AE20-AE19)*1000 -> 43000 | AG20: 191375 | AH20: =SUM(AG20-AG19)*1000 -> 1372000 | AI20: 2702172 | AJ20: =SUM(AI20-AI19) -> 17082 | AK20: 11503 | AL20: =SUM(AK20-AK19)*1000 -> 90000 | AM20: 646 | AN20: =SUM(AM20-AM19)*10 -> 120 | AO20: 6979 | AP20: =SUM(AO20-AO19)*10 -> 330 | AR20: 43443 | AS20: 7515 | AT20: =SUM(AS20-AS19) -> 0 | AV20: 11269000 | AW20: =SUM(AV20-AV19) -> 0 | AX20: 3150000 | AY20: =SUM(AX20-AX19) -> 0 | AZ20: =SUM(AW20-AY20) -> 0 | BA20: 6563000 | BB20: =SUM(BA20-BA19) -> 0 | BC20: 3655000 | BD20: =SUM(BC20-BC19) -> 0 | BE20: 27535700 | BF20: =SUM(BE20-BE19) -> 0 | BI20: =(C20) -> 29867022 | BN20: =(F20) -> 3458307 | BR20: =(S20) -> 493042 | BV20: =V20 -> 5866270 | CC20: =(BA20) -> 6563000 | CI20: =(AV20) -> 11269000 | CN20: =(AS20) -> 7515 | CR20: =(BC20) -> 3655000 | CW20: =(BE20) -> 27535700
B21: 43450 | C21: 29966634 | E21: =SUM(C21-C20)*10 -> 996120 | F21: 3465294 | H21: =SUM(F21-F20)*10 -> 69870 | I21: 145190 | K21: =SUM(I21-I20)*10 -> 1400 | L21: 216817 | N21: =SUM(L21-L20)*1000 -> 733000 | O21: 6771 | Q21: =SUM(O21-O20)*100 -> 0 | S21: 493635 | U21: =SUM(S21-S20)*10 -> 5930 | V21: 6053520 | X21: =SUM(V21-V20)*10 -> 1872500 | Y21: =SUM(U21+X21) -> 1878430 | AA21: 35612 | AB21: =SUM(AA21-AA20)*1000 -> 1000 | AC21: 874744905 | AD21: =SUM(AC21-AC20) -> 2629786 | AE21: 7334 | AF21: =SUM(AE21-AE20)*1000 -> 46000 | AG21: 192117 | AH21: =SUM(AG21-AG20)*1000 -> 742000 | AI21: 2710476 | AJ21: =SUM(AI21-AI20) -> 8304 | AK21: 11602 | AL21: =SUM(AK21-AK20)*1000 -> 99000 | AM21: 659 | AN21: =SUM(AM21-AM20)*10 -> 130 | AO21: 7019 | AP21: =SUM(AO21-AO20)*10 -> 400 | AR21: 43450 | AS21: 7515 | AT21: =SUM(AS21-AS20) -> 0 | AV21: 11269000 | AW21: =SUM(AV21-AV20) -> 0 | AX21: 3150000 | AY21: =SUM(AX21-AX20) -> 0 | AZ21: =SUM(AW21-AY21) -> 0 | BA21: 6563000 | BB21: =SUM(BA21-BA20) -> 0 | BC21: 3655000 | BD21: =SUM(BC21-BC20) -> 0 | BE21: 27535700 | BF21: =SUM(BE21-BE20) -> 0 | BI21: =(C21) -> 29966634 | BN21: =(F21) -> 3465294 | BR21: =(S21) -> 493635 | BV21: =V21 -> 6053520 | CC21: =(BA21) -> 6563000 | CI21: =(AV21) -> 11269000 | CN21: =(AS21) -> 7515 | CR21: =(BC21) -> 3655000 | CW21: =(BE21) -> 27535700
B22: 43465 | C22: 30229481 | E22: =SUM(C22-C21)*10 -> 2628470 | F22: 3465707 | H22: =SUM(F22-F21)*10 -> 4130 | I22: 145730 | K22: =SUM(I22-I21)*10 -> 5400 | L22: 218768 | N22: =SUM(L22-L21)*1000 -> 1951000 | O22: 6771 | Q22: =SUM(O22-O21)*100 -> 0 | S22: 498680 | U22: =SUM(S22-S21)*10 -> 50450 | V22: 6411200 | X22: =SUM(V22-V21)*10 -> 3576800 | Y22: =SUM(U22+X22) -> 3627250 | AA22: 35613 | AB22: =SUM(AA22-AA21)*1000 -> 1000 | AC22: 881465335 | AD22: =SUM(AC22-AC21) -> 6720430 | AE22: 7522 | AF22: =SUM(AE22-AE21)*1000 -> 188000 | AG22: 1944644 | AH22: =SUM(AG22-AG21)*1000 -> 1752527000 | AI22: 2733306 | AJ22: =SUM(AI22-AI21) -> 22830 | AK22: 11807 | AL22: =SUM(AK22-AK21)*1000 -> 205000 | AM22: 659 | AN22: =SUM(AM22-AM21)*10 -> 0 | AO22: 7090 | AP22: =SUM(AO22-AO21)*10 -> 710 | AR22: 43465 | AS22: 8014 | AT22: =SUM(AS22-AS21) -> 499 | AV22: 11588057 | AW22: =SUM(AV22-AV21) -> 319057 | AX22: 3161970 | AY22: =SUM(AX22-AX21) -> 11970 | AZ22: =SUM(AW22-AY22) -> 307087 | BA22: 6578600 | BB22: =SUM(BA22-BA21) -> 15600 | BC22: 3656000 | BD22: =SUM(BC22-BC21) -> 1000 | BE22: 27681368 | BF22: =SUM(BE22-BE21) -> 145668 | BI22: =(C22) -> 30229481 | BJ22: 300817 | BK22: =SUM(BJ22-BJ19) -> 4444 | BL22: =SUM(BK22*1.0766)+1986.71 -> 6771.1204 | BM22: 23538.2 | BN22: =(F22) -> 3465707 | BO22: 34653 | BP22: =SUM(BO22-BO19) -> 324 | BQ22: =SUM(BP22*0.8486)+1639.2 -> 1914.1464 | BR22: =(S22) -> 498680 | BS22: 497096 | BT22: 46424.84 | BU22: 32807.33 | BV22: =V22 -> 6411200 | BW22: 63362 | BX22: 3073.6 | BY22: 2180.62 | BZ22: =SUM(BT22+BX22) -> 49498.44 | CA22: 10891.18 | CC22: =(BA22) -> 6578600 | CD22: 6577 | CE22: =SUM(CD22-CD19) -> 14 | CF22: =SUM(CE22*1.0766)+124.09 -> 139.1624 | CG22: 84.28 | CH22: 1208.9 | CI22: =(AV22) -> 11588057 | CJ22: 11535 | CK22: =SUM(CJ22-CJ13) -> 792 | CL22: =SUM(CK22*1.0766+198.63) -> 1051.2972 | CM22: 1565.2 | CN22: =(AS22) -> 8014 | CO22: 8014 | CP22: 321.49 | CQ22: 865.18 | CR22: =(BC22) -> 3656000 | CS22: 3656 | CT22: =SUM(CS22-CS19) -> 1 | CU22: =SUM(CT22*1.0766)+198.63 -> 199.7066 | CW22: =(BE22) -> 27681368 | CX22: 276786 | CY22: =SUM(CX22-CX13) -> 20752 | CZ22: =SUM(CY22*0.8486)+1024.42 -> 18634.567 | DD22: =SUM(BL22+CF22+CL22+#REF!+CU22) -> #REF! | DE22: =SUM(BQ22+CZ22) -> 20548.714 | DF22: =SUM(BM22+CG22+CV22) -> 23622.48 | DG22: =SUM(DD22:DF22) -> #REF! | DI22: =SUM(BU22+CQ22+BY22) -> 35853.13 | DJ22: =SUM(CA22+CH22) -> 12100.08
AR23: 44197
