Workbook

Sheet Sheet1
A1: Site Name | B1: Day | C1: Month | D1: Year | E1: Total Electricity Kwh | F1: Electricity Tariff ($/Kwh) | G1: LPG (Kg) | H1: LPG $/Kg | I1: District Energy Cooling Kwh | J1: District Energy Cooling $/Kwh | K1: Water Utility Supply (m3) m3 | L1: Water Utility Supply (m3) $/m3 | M1: Irrigation Water (m3) m3 | N1: Irrigation water $/m3 | O1: Room Nights | P1: Total Guests
A2: Bahrain Bay | B2: 1 | C2: 2 | D2: 2022 | E2: ='Feb 2022'!F5 -> 206754 | F2: 0.029 | G2: ='Feb 2022'!J5 -> 0 | H2: 0.112 | I2: ='Feb 2022'!G5*1000 -> 27000 | J2: 0.0361 | K2: ='Feb 2022'!I5 -> 414 | L2: 0.75 | M2: ='Feb 2022'!L5 -> 0 | N2: 0.563 | O2: ='Feb 2022'!D5 -> 146
A3: Bahrain Bay | B3: =B2+1 -> 2 | C3: 2 | D3: 2022 | E3: ='Feb 2022'!F6 -> 206781 | F3: 0.029 | G3: ='Feb 2022'!J6 -> 2970 | H3: 0.112 | I3: ='Feb 2022'!G6*1000 -> 26000 | J3: 0.0361 | K3: ='Feb 2022'!I6 -> 417 | L3: 0.75 | M3: ='Feb 2022'!L6 -> 180 | N3: 0.563 | O3: ='Feb 2022'!D6 -> 234
A4: Bahrain Bay | B4: =B3+1 -> 3 | C4: 2 | D4: 2022 | E4: ='Feb 2022'!F7 -> 206807 | F4: 0.029 | G4: ='Feb 2022'!J7 -> 2970 | H4: 0.112 | I4: ='Feb 2022'!G7*1000 -> 30000 | J4: 0.0361 | K4: ='Feb 2022'!I7 -> 453 | L4: 0.75 | M4: ='Feb 2022'!L7 -> -114 | N4: 0.563 | O4: ='Feb 2022'!D7 -> 244
A5: Bahrain Bay | B5: =B4+1 -> 4 | C5: 2 | D5: 2022 | E5: ='Feb 2022'!F8 -> 206837 | F5: 0.029 | G5: ='Feb 2022'!J8 -> 2970 | H5: 0.112 | I5: ='Feb 2022'!G8*1000 -> 33000 | J5: 0.0361 | K5: ='Feb 2022'!I8 -> 454 | L5: 0.75 | M5: ='Feb 2022'!L8 -> 0 | N5: 0.563 | O5: ='Feb 2022'!D8 -> 172
A6: Bahrain Bay | B6: =B5+1 -> 5 | C6: 2 | D6: 2022 | E6: ='Feb 2022'!F9 -> 206870 | F6: 0.029 | G6: ='Feb 2022'!J9 -> 2970 | H6: 0.112 | I6: ='Feb 2022'!G9*1000 -> 28000 | J6: 0.0361 | K6: ='Feb 2022'!I9 -> 454 | L6: 0.75 | M6: ='Feb 2022'!L9 -> 0 | N6: 0.563 | O6: ='Feb 2022'!D9 -> 80
A7: Bahrain Bay | B7: =B6+1 -> 6 | C7: 2 | D7: 2022 | E7: ='Feb 2022'!E10 -> 34780 | F7: 0.029 | G7: 0 | H7: 0.112 | I7: ='Feb 2022'!G10*1000 -> 24000 | J7: 0.0361 | K7: ='Feb 2022'!I10 -> 454 | L7: 0.75 | M7: ='Feb 2022'!L10 -> 29 | N7: 0.563 | O7: ='Feb 2022'!D10 -> 57
A8: Bahrain Bay | B8: =B7+1 -> 7 | C8: 2 | D8: 2022 | E8: ='Feb 2022'!E11 -> 33999 | F8: 0.029 | G8: ='Feb 2022'!J11 -> 2970 | H8: 0.112 | I8: ='Feb 2022'!G11*1000 -> 22000 | J8: 0.0361 | K8: ='Feb 2022'!I11 -> 335 | L8: 0.75 | M8: ='Feb 2022'!L11 -> 107 | N8: 0.563 | O8: ='Feb 2022'!D11 -> 66
A9: Bahrain Bay | B9: =B8+1 -> 8 | C9: 2 | D9: 2022 | E9: ='Feb 2022'!E12 -> 35444 | F9: 0.029 | G9: ='Feb 2022'!J12 -> 0 | H9: 0.112 | I9: ='Feb 2022'!G12*1000 -> 24000 | J9: 0.0361 | K9: ='Feb 2022'!I12 -> 324 | L9: 0.75 | M9: ='Feb 2022'!L12 -> 99 | N9: 0.563 | O9: ='Feb 2022'!D12 -> 83
A10: Bahrain Bay | B10: =B9+1 -> 9 | C10: 2 | D10: 2022 | E10: ='Feb 2022'!E13 -> 34441 | F10: 0.029 | G10: ='Feb 2022'!J13 -> 2970 | H10: 0.112 | I10: ='Feb 2022'!G13*1000 -> 27000 | J10: 0.0361 | K10: ='Feb 2022'!I13 -> 336 | L10: 0.75 | M10: ='Feb 2022'!L13 -> 107 | N10: 0.563 | O10: ='Feb 2022'!D13 -> 110
A11: Bahrain Bay | B11: =B10+1 -> 10 | C11: 2 | D11: 2022 | E11: ='Feb 2022'!E14 -> 35098 | F11: 0.029 | G11: ='Feb 2022'!J14 -> 2970 | H11: 0.112 | I11: ='Feb 2022'!G14*1000 -> 28000 | J11: 0.0361 | K11: ='Feb 2022'!I14 -> 357 | L11: 0.75 | M11: ='Feb 2022'!L14 -> 107 | N11: 0.563 | O11: ='Feb 2022'!D14 -> 149
A12: Bahrain Bay | B12: =B11+1 -> 11 | C12: 2 | D12: 2022 | E12: ='Feb 2022'!E15 -> 34857 | F12: 0.029 | G12: ='Feb 2022'!J15 -> 2970 | H12: 0.112 | I12: ='Feb 2022'!G15*1000 -> 33000 | J12: 0.0361 | K12: ='Feb 2022'!I15 -> 401 | L12: 0.75 | M12: ='Feb 2022'!L15 -> 27 | N12: 0.563 | O12: ='Feb 2022'!D15 -> 135
A13: Bahrain Bay | B13: =B12+1 -> 12 | C13: 2 | D13: 2022 | E13: ='Feb 2022'!E16 -> 34678 | F13: 0.029 | G13: ='Feb 2022'!J16 -> 2970 | H13: 0.112 | I13: ='Feb 2022'!G16*1000 -> 29000 | J13: 0.0361 | K13: ='Feb 2022'!I16 -> 426 | L13: 0.75 | M13: ='Feb 2022'!L16 -> 53 | N13: 0.563 | O13: ='Feb 2022'!D16 -> 114
A14: Bahrain Bay | B14: =B13+1 -> 13 | C14: 2 | D14: 2022 | E14: ='Feb 2022'!E17 -> 34105 | F14: 0.029 | G14: ='Feb 2022'!J17 -> 0 | H14: 0.112 | I14: ='Feb 2022'!G17*1000 -> 25000 | J14: 0.0361 | K14: ='Feb 2022'!I17 -> 367 | L14: 0.75 | M14: ='Feb 2022'!L17 -> 78 | N14: 0.563 | O14: ='Feb 2022'!D17 -> 166
A15: Bahrain Bay | B15: =B14+1 -> 14 | C15: 2 | D15: 2022 | E15: ='Feb 2022'!E18 -> 0 | F15: 0.029 | G15: ='Feb 2022'!J18 -> 2970 | H15: 0.112 | I15: ='Feb 2022'!G18*1000 -> 0 | J15: 0.0361 | K15: ='Feb 2022'!I18 -> 0 | L15: 0.75 | M15: ='Feb 2022'!L18 -> 0 | N15: 0.563 | O15: ='Feb 2022'!D17 -> 166
A16: Bahrain Bay | B16: =B15+1 -> 15 | C16: 2 | D16: 2022 | E16: ='Feb 2022'!E19 -> 0 | F16: 0.029 | G16: ='Feb 2022'!J19 -> 0 | H16: 0.112 | I16: ='Feb 2022'!G20*1000 -> 0 | J16: 0.0361 | K16: ='Feb 2022'!I19 -> 0 | L16: 0.75 | M16: ='Feb 2022'!L19 -> 0 | N16: 0.563 | O16: ='Feb 2022'!D18 -> 0
A17: Bahrain Bay | B17: =B16+1 -> 16 | C17: 2 | D17: 2022 | E17: ='Feb 2022'!E20 -> 0 | F17: 0.029 | G17: ='Feb 2022'!J21 -> 0 | H17: 0.112 | I17: ='Feb 2022'!G21*1000 -> 0 | J17: 0.0361 | K17: ='Feb 2022'!I20 -> 0 | L17: 0.75 | M17: ='Feb 2022'!L20 -> 0 | N17: 0.563 | O17: ='Feb 2022'!D20 -> 0
A18: Bahrain Bay | B18: =B17+1 -> 17 | C18: 2 | D18: 2022 | E18: ='Feb 2022'!E21 -> 0 | F18: 0.029 | G18: ='Feb 2022'!J22 -> 0 | H18: 0.112 | I18: ='Feb 2022'!G22*1000 -> 0 | J18: 0.0361 | K18: ='Feb 2022'!I21 -> 0 | L18: 0.75 | M18: ='Feb 2022'!L21 -> 0 | N18: 0.563 | O18: ='Feb 2022'!D21 -> 0
A19: Bahrain Bay | B19: =B18+1 -> 18 | C19: 2 | D19: 2022 | E19: ='Feb 2022'!E22 -> 0 | F19: 0.029 | G19: ='Feb 2022'!J22 -> 0 | H19: 0.112 | I19: ='Feb 2022'!G23*1000 -> 0 | J19: 0.0361 | K19: ='Feb 2022'!I22 -> 0 | L19: 0.75 | M19: ='Feb 2022'!L22 -> 0 | N19: 0.563 | O19: ='Feb 2022'!D22 -> 0
A20: Bahrain Bay | B20: =B19+1 -> 19 | C20: 2 | D20: 2022 | E20: ='Feb 2022'!E23 -> 0 | F20: 0.029 | G20: ='Feb 2022'!J23 -> 0 | H20: 0.112 | I20: ='Feb 2022'!G24*1000 -> 0 | J20: 0.0361 | K20: ='Feb 2022'!I23 -> 0 | L20: 0.75 | M20: ='Feb 2022'!L23 -> 0 | N20: 0.563 | O20: ='Feb 2022'!D23 -> 0
A21: Bahrain Bay | B21: =B20+1 -> 20 | C21: 2 | D21: 2022 | E21: ='Feb 2022'!E24 -> 0 | F21: 0.029 | G21: ='Feb 2022'!J23 -> 0 | H21: 0.112 | I21: ='Feb 2022'!G25*1000 -> 0 | J21: 0.0361 | K21: ='Feb 2022'!I23 -> 0 | L21: 0.75 | M21: ='Feb 2022'!L24 -> 0 | N21: 0.563 | O21: ='Feb 2022'!D24 -> 0
A22: Bahrain Bay | B22: =B21+1 -> 21 | C22: 2 | D22: 2022 | E22: ='Feb 2022'!E25 -> 0 | F22: 0.029 | G22: ='Feb 2022'!J24 -> 0 | H22: 0.112 | I22: ='Feb 2022'!G26*1000 -> 0 | J22: 0.0361 | K22: ='Feb 2022'!I24 -> 0 | L22: 0.75 | M22: ='Feb 2022'!L25 -> 0 | N22: 0.563 | O22: ='Feb 2022'!D25 -> 0
A23: Bahrain Bay | B23: =B22+1 -> 22 | C23: 2 | D23: 2022 | E23: ='Feb 2022'!E26 -> 0 | F23: 0.029 | G23: ='Feb 2022'!J25 -> 0 | H23: 0.112 | I23: ='Feb 2022'!G27*1000 -> 0 | J23: 0.0361 | K23: ='Feb 2022'!I26 -> 0 | L23: 0.75 | M23: ='Feb 2022'!L26 -> 0 | N23: 0.563 | O23: ='Feb 2022'!D26 -> 0
A24: Bahrain Bay | B24: =B23+1 -> 23 | C24: 2 | D24: 2022 | E24: ='Feb 2022'!E27 -> 0 | F24: 0.029 | G24: ='Feb 2022'!J27 -> 0 | H24: 0.112 | I24: ='Feb 2022'!G27*1000 -> 0 | J24: 0.0361 | K24: ='Feb 2022'!I27 -> 0 | L24: 0.75 | M24: ='Feb 2022'!L27 -> 0 | N24: 0.563 | O24: ='Feb 2022'!D27 -> 0
A25: Bahrain Bay | B25: =B24+1 -> 24 | C25: 2 | D25: 2022 | E25: ='Feb 2022'!E28 -> 0 | F25: 0.029 | G25: ='Feb 2022'!J28 -> 0 | H25: 0.112 | I25: ='Feb 2022'!G28*1000 -> 0 | J25: 0.0361 | K25: ='Feb 2022'!I28 -> 0 | L25: 0.75 | M25: ='Feb 2022'!L28 -> 0 | N25: 0.563 | O25: ='Feb 2022'!D28 -> 0
A26: Bahrain Bay | B26: =B25+1 -> 25 | C26: 2 | D26: 2022 | E26: ='Feb 2022'!E29 -> 0 | F26: 0.029 | G26: ='Feb 2022'!J29 -> 0 | H26: 0.112 | I26: ='Feb 2022'!G29*1000 -> 0 | J26: 0.0361 | K26: ='Feb 2022'!I29 -> 0 | L26: 0.75 | M26: ='Feb 2022'!L29 -> 0 | N26: 0.563 | O26: ='Feb 2022'!D29 -> 0
A27: Bahrain Bay | B27: =B26+1 -> 26 | C27: 2 | D27: 2022 | E27: ='Feb 2022'!E30 -> 0 | F27: 0.029 | G27: ='Feb 2022'!J30 -> 0 | H27: 0.112 | I27: ='Feb 2022'!G30*1000 -> 0 | J27: 0.0361 | K27: ='Feb 2022'!I30 -> 0 | L27: 0.75 | M27: ='Feb 2022'!L30 -> 0 | N27: 0.563 | O27: ='Feb 2022'!D30 -> 0
A28: Bahrain Bay | B28: =B27+1 -> 27 | C28: 2 | D28: 2022 | E28: ='Feb 2022'!E31 -> 0 | F28: 0.029 | G28: ='Feb 2022'!J31 -> 0 | H28: 0.112 | I28: ='Feb 2022'!G31*1000 -> 0 | J28: 0.0361 | K28: ='Feb 2022'!I31 -> 0 | L28: 0.75 | M28: ='Feb 2022'!L31 -> 0 | N28: 0.563 | O28: ='Feb 2022'!D31 -> 0
A29: Bahrain Bay | B29: =B28+1 -> 28 | C29: 2 | D29: 2022 | E29: ='Feb 2022'!E32 -> 0 | F29: 0.029 | G29: ='Feb 2022'!J32 -> 0 | H29: 0.112 | I29: ='Feb 2022'!G32*1000 -> 0 | J29: 0.0361 | K29: ='Feb 2022'!I32 -> 0 | L29: 0.75 | M29: ='Feb 2022'!L32 -> 0 | N29: 0.563 | O29: ='Feb 2022'!D32 -> 0
A30: Bahrain Bay | C30: 2 | D30: 2022 | E30: ='Feb 2022'!E33 -> 0 | F30: 0.029 | G30: ='Feb 2022'!J33 -> 0 | H30: 0.112 | I30: ='Feb 2022'!G33*1000 -> 0 | J30: 0.0361 | K30: ='Feb 2022'!I33 -> 0 | L30: 0.75 | M30: ='Feb 2022'!L33 -> 0 | N30: 0.563 | O30: ='Feb 2022'!D33 -> 0
A31: Bahrain Bay | C31: 2 | D31: 2022 | E31: ='Feb 2022'!E34 -> 0 | F31: 0.029 | G31: ='Feb 2022'!J34 -> 0 | H31: 0.112 | I31: ='Feb 2022'!G34*1000 -> 0 | J31: 0.0361 | K31: ='Feb 2022'!I34 -> 0 | L31: 0.75 | M31: ='Feb 2022'!L34 -> 0 | N31: 0.563 | O31: ='Feb 2022'!D34 -> 0
A32: Bahrain Bay | C32: 2 | D32: 2022 | E32: ='Feb 2022'!E35 -> 0 | F32: 0.029 | G32: ='Feb 2022'!J35 -> 0 | H32: 0.112 | I32: ='Feb 2022'!G35*1000 -> 0 | J32: 0.0361 | K32: ='Feb 2022'!I35 -> 0 | L32: 0.75 | M32: ='Feb 2022'!L35 -> 0 | N32: 0.563 | O32: ='Feb 2022'!D35 -> 0

Sheet Feb 2022
B2: Electricity and Utilities Reading
B3: S. No. | C3: Date | E3: Electricity Consumption kWh | F3: Chilled H2O Consumption Reading | G3: Consumption MWh | H3: Potable Water Consumption Reading | I3: Consumption m3 | K3: Irrigation Water Consumption Reading | L3: Consumption m3
D4: RoomNights | J4: LPG (Kg)
B5: 1 | C5: 44593 | D5: 146 | E5: 34789 | F5: 206754 | G5: =F6-F5 -> 27 | H5: 582171 | I5: =H6-H5 -> 414 | J5: 0 | K5: 322571 | L5: =K6-K5 -> 0
B6: 2 | C6: 44594 | D6: 234 | E6: 34765 | F6: 206781 | G6: =F7-F6 -> 26 | H6: 582585 | I6: =H7-H6 -> 417 | J6: 2970 | K6: 322571 | L6: =K7-K6 -> 180
B7: 3 | C7: 44595 | D7: 244 | E7: 33267 | F7: 206807 | G7: =F8-F7 -> 30 | H7: 583002 | I7: =H8-H7 -> 453 | J7: 2970 | K7: 322751 | L7: =K8-K7 -> -114
B8: 4 | C8: 44596 | D8: 172 | E8: 35678 | F8: 206837 | G8: =F9-F8 -> 33 | H8: 583455 | I8: =H9-H8 -> 454 | J8: 2970 | K8: 322637 | L8: =K9-K8 -> 0
B9: 5 | C9: 44597 | D9: 80 | E9: 35421 | F9: 206870 | G9: =F10-F9 -> 28 | H9: 583909 | I9: =H10-H9 -> 454 | J9: 2970 | K9: 322637 | L9: =K10-K9 -> 0
B10: 6 | C10: 44598 | D10: 57 | E10: 34780 | F10: 206898 | G10: =F11-F10 -> 24 | H10: 584363 | I10: =H11-H10 -> 454 | J10: 2970 | K10: 322637 | L10: =K11-K10 -> 29
B11: 7 | C11: 44599 | D11: 66 | E11: 33999 | F11: 206922 | G11: =F12-F11 -> 22 | H11: 584817 | I11: =H12-H11 -> 335 | J11: 2970 | K11: 322666 | L11: =K12-K11 -> 107
B12: 8 | C12: 44600 | D12: 83 | E12: 35444 | F12: 206944 | G12: =F13-F12 -> 24 | H12: 585152 | I12: =H13-H12 -> 324 | J12: 0 | K12: 322773 | L12: =K13-K12 -> 99
B13: 9 | C13: 44601 | D13: 110 | E13: 34441 | F13: 206968 | G13: =F14-F13 -> 27 | H13: 585476 | I13: =H14-H13 -> 336 | J13: 2970 | K13: 322872 | L13: =K14-K13 -> 107
B14: 10 | C14: 44602 | D14: 149 | E14: 35098 | F14: 206995 | G14: =F15-F14 -> 28 | H14: 585812 | I14: =H15-H14 -> 357 | J14: 2970 | K14: 322979 | L14: =K15-K14 -> 107
B15: 11 | C15: 44603 | D15: 135 | E15: 34857 | F15: 207023 | G15: =F16-F15 -> 33 | H15: 586169 | I15: =H16-H15 -> 401 | J15: 2970 | K15: 323086 | L15: =K16-K15 -> 27
B16: 12 | C16: 44604 | D16: 114 | E16: 34678 | F16: 207056 | G16: =F17-F16 -> 29 | H16: 586570 | I16: =H17-H16 -> 426 | J16: 2970 | K16: 323113 | L16: =K17-K16 -> 53
B17: 13 | C17: 44605 | D17: 166 | E17: 34105 | F17: 207085 | G17: =F18-F17 -> 25 | H17: 586996 | I17: =H18-H17 -> 367 | J17: 0 | K17: 323166 | L17: =K18-K17 -> 78
B18: 14 | C18: 44606 | F18: 207110 | H18: 587363 | J18: 2970 | K18: 323244
B19: 15 | C19: 44607
B20: 16 | C20: 44608
B21: 17 | C21: 44609
B22: 18 | C22: 44610
B23: 19 | C23: 44611
B24: 20 | C24: 44612
B25: 21 | C25: 44613
B26: 22 | C26: 44614
B27: 23 | C27: 44615
B28: 24 | C28: 44616
A29: v | B29: 25 | C29: 44617
B30: 26 | C30: 44618
B31: 27 | C31: 44619
B32: 28 | C32: 44620
I51: k
