Workbook

Sheet TOTAL
A1: Site Name | B1: Day | C1: Month | D1: Year | E1: Total Electricity Kwh | F1: Electricity Tariff ($/Kwh) | G1: Natual Gas (m3) | H1: Natural Gas $/m3 | I1: Water Utility Supply (m3) m3 | J1: Water Utility Supply (m3) $/m3 | K1: Room Nights | L1: Total Guests | M1: Utilities day cost dh
A2: Mumbai | B2: 1 | C2: 2 | D2: 2022 | E2: =(IF('Daily HLP'!H4>0,'Daily HLP'!H4,0)) -> 17458.85 | F2: 9 | G2: =(IF('Daily HLP'!L4>0,'Daily HLP'!L4,0)) -> 918.558 | H2: 75 | I2: =(IF('Daily HLP'!O4>0,'Daily HLP'!O4,0)) -> 235 | J2: 99 | K2: =Occupancy!G2 -> 126 | L2: =Occupancy!F2 -> 290 | M2: =E2*F2+G2*H2+#REF!*#REF!+I2*J2 -> #REF!
A3: Mumbai | B3: =B2+1 -> 2 | C3: 2 | D3: 2022 | E3: =(IF('Daily HLP'!H5>0,'Daily HLP'!H5,0)) -> 18338 | F3: 9 | G3: =(IF('Daily HLP'!L5>0,'Daily HLP'!L5,0)) -> 983.145 | H3: 75 | I3: =(IF('Daily HLP'!O5>0,'Daily HLP'!O5,0)) -> 183 | J3: 99 | K3: =Occupancy!G3 -> 142 | L3: =Occupancy!F3 -> 352 | M3: =E3*F3+G3*H3+#REF!*#REF!+I3*J3 -> #REF!
A4: Mumbai | B4: =B3+1 -> 3 | C4: 2 | D4: 2022 | E4: =(IF('Daily HLP'!H6>0,'Daily HLP'!H6,0)) -> 19219 | F4: 9 | G4: =(IF('Daily HLP'!L6>0,'Daily HLP'!L6,0)) -> 1012.348 | H4: 75 | I4: =(IF('Daily HLP'!O6>0,'Daily HLP'!O6,0)) -> 233 | J4: 99 | K4: =Occupancy!G4 -> 145 | L4: =Occupancy!F4 -> 406 | M4: =E4*F4+G4*H4+#REF!*#REF!+I4*J4 -> #REF!
A5: Mumbai | B5: =B4+1 -> 4 | C5: 2 | D5: 2022 | E5: =(IF('Daily HLP'!H7>0,'Daily HLP'!H7,0)) -> 18612.71 | F5: 9 | G5: =(IF('Daily HLP'!L7>0,'Daily HLP'!L7,0)) -> 997.952 | H5: 75 | I5: =(IF('Daily HLP'!O7>0,'Daily HLP'!O7,0)) -> 261 | J5: 99 | K5: =Occupancy!G5 -> 166 | L5: =Occupancy!F5 -> 461 | M5: =E5*F5+G5*H5+#REF!*#REF!+I5*J5 -> #REF!
A6: Mumbai | B6: =B5+1 -> 5 | C6: 2 | D6: 2022 | E6: =(IF('Daily HLP'!H8>0,'Daily HLP'!H8,0)) -> 20830.96 | F6: 9 | G6: =(IF('Daily HLP'!L8>0,'Daily HLP'!L8,0)) -> 1047.87 | H6: 75 | I6: =(IF('Daily HLP'!O8>0,'Daily HLP'!O8,0)) -> 294 | J6: 99 | K6: =Occupancy!G6 -> 171 | L6: =Occupancy!F6 -> 1487 | M6: =E6*F6+G6*H6+#REF!*#REF!+I6*J6 -> #REF!
A7: Mumbai | B7: =B6+1 -> 6 | C7: 2 | D7: 2022 | E7: =(IF('Daily HLP'!H9>0,'Daily HLP'!H9,0)) -> 20612 | F7: 9 | G7: =(IF('Daily HLP'!L9>0,'Daily HLP'!L9,0)) -> 1049.5 | H7: 75 | I7: =(IF('Daily HLP'!O9>0,'Daily HLP'!O9,0)) -> 275 | J7: 99 | K7: =Occupancy!G7 -> 150 | L7: =Occupancy!F7 -> 494 | M7: =E7*F7+G7*H7+#REF!*#REF!+I7*J7 -> #REF!
A8: Mumbai | B8: =B7+1 -> 7 | C8: 2 | D8: 2022 | E8: =(IF('Daily HLP'!H10>0,'Daily HLP'!H10,0)) -> 21704.24 | F8: 9 | G8: =(IF('Daily HLP'!L10>0,'Daily HLP'!L10,0)) -> 1030.68 | H8: 75 | I8: =(IF('Daily HLP'!O10>0,'Daily HLP'!O10,0)) -> 242 | J8: 99 | K8: =Occupancy!G8 -> 159 | L8: =Occupancy!F8 -> 704 | M8: =E8*F8+G8*H8+#REF!*#REF!+I8*J8 -> #REF!
A9: Mumbai | B9: =B8+1 -> 8 | C9: 2 | D9: 2022 | E9: =(IF('Daily HLP'!H11>0,'Daily HLP'!H11,0)) -> 19730.09 | F9: 9 | G9: =(IF('Daily HLP'!L11>0,'Daily HLP'!L11,0)) -> 1052.18 | H9: 75 | I9: =(IF('Daily HLP'!O11>0,'Daily HLP'!O11,0)) -> 232 | J9: 99 | K9: =Occupancy!G9 -> 129 | L9: =Occupancy!F9 -> 418 | M9: =E9*F9+G9*H9+#REF!*#REF!+I9*J9 -> #REF!
A10: Mumbai | B10: =B9+1 -> 9 | C10: 2 | D10: 2022 | E10: =(IF('Daily HLP'!H12>0,'Daily HLP'!H12,0)) -> 19467 | F10: 9 | G10: =(IF('Daily HLP'!L12>0,'Daily HLP'!L12,0)) -> 1070 | H10: 75 | I10: =(IF('Daily HLP'!O12>0,'Daily HLP'!O12,0)) -> 256 | J10: 99 | K10: =Occupancy!G10 -> 144 | L10: =Occupancy!F10 -> 483 | M10: =E10*F10+G10*H10+#REF!*#REF!+I10*J10 -> #REF!
A11: Mumbai | B11: =B10+1 -> 10 | C11: 2 | D11: 2022 | E11: =(IF('Daily HLP'!H13>0,'Daily HLP'!H13,0)) -> 20373 | F11: 9 | G11: =(IF('Daily HLP'!L13>0,'Daily HLP'!L13,0)) -> 1152 | H11: 75 | I11: =(IF('Daily HLP'!O13>0,'Daily HLP'!O13,0)) -> 317 | J11: 99 | K11: =Occupancy!G11 -> 149 | L11: =Occupancy!F11 -> 723 | M11: =E11*F11+G11*H11+#REF!*#REF!+I11*J11 -> #REF!
A12: Mumbai | B12: =B11+1 -> 11 | C12: 2 | D12: 2022 | E12: =(IF('Daily HLP'!H14>0,'Daily HLP'!H14,0)) -> 21020 | F12: 9 | G12: =(IF('Daily HLP'!L14>0,'Daily HLP'!L14,0)) -> 1118 | H12: 75 | I12: =(IF('Daily HLP'!O14>0,'Daily HLP'!O14,0)) -> 316 | J12: 99 | K12: =Occupancy!G12 -> 148 | L12: =Occupancy!F12 -> 899 | M12: =E12*F12+G12*H12+#REF!*#REF!+I12*J12 -> #REF!
A13: Mumbai | B13: =B12+1 -> 12 | C13: 2 | D13: 2022 | E13: =(IF('Daily HLP'!H15>0,'Daily HLP'!H15,0)) -> 22339 | F13: 9 | G13: =(IF('Daily HLP'!L15>0,'Daily HLP'!L15,0)) -> 1293 | H13: 75 | I13: =(IF('Daily HLP'!O15>0,'Daily HLP'!O15,0)) -> 339 | J13: 99 | K13: =Occupancy!G13 -> 154 | L13: =Occupancy!F13 -> 683 | M13: =E13*F13+G13*H13+#REF!*#REF!+I13*J13 -> #REF!
A14: Mumbai | B14: =B13+1 -> 13 | C14: 2 | D14: 2022 | E14: =(IF('Daily HLP'!H16>0,'Daily HLP'!H16,0)) -> 22200 | F14: 9 | G14: =(IF('Daily HLP'!L16>0,'Daily HLP'!L16,0)) -> 1108 | H14: 75 | I14: =(IF('Daily HLP'!O16>0,'Daily HLP'!O16,0)) -> 296 | J14: 99 | K14: =Occupancy!G14 -> 142 | L14: =Occupancy!F14 -> 1001 | M14: =E14*F14+G14*H14+#REF!*#REF!+I14*J14 -> #REF!
... A31: Mumbai | B31: =B30+1 -> 30 | C31: 2 | D31: 2022 | E31: =(IF('Daily HLP'!H33>0,'Daily HLP'!H33,0)) -> 17529 | F31: 9 | G31: =(IF('Daily HLP'!L33>0,'Daily HLP'!L33,0)) -> 929 | H31: 75 | I31: =(IF('Daily HLP'!O33>0,'Daily HLP'!O33,0)) -> 226 | J31: 99 | K31: =Occupancy!G31 -> 0 | L31: =Occupancy!F31 -> 0 | M31: =E31*F31+G31*H31+#REF!*#REF!+I31*J31 -> #REF!
A32: Mumbai | B32: =B31+1 -> 31 | C32: 2 | D32: 2022 | E32: =(IF('Daily HLP'!H34>0,'Daily HLP'!H34,0)) -> 17830.15 | F32: 9 | G32: =(IF('Daily HLP'!L34>0,'Daily HLP'!L34,0)) -> 915.767 | H32: 75 | I32: =(IF('Daily HLP'!O34>0,'Daily HLP'!O34,0)) -> 146 | J32: 99 | K32: =Occupancy!G32 -> 0 | L32: =Occupancy!F32 -> 0

Sheet Submetering
A1: Site Name | B1: Day | C1: Month | D1: Year | E1: ='Section Load'!F4 -> HVAC | F1: ='Section Load'!G4 -> Fire & Emergency PP | G1: ='Section Load'!H4 -> Main PP | H1: ='Section Load'!I4 -> Lighting PP | I1: ='Section Load'!J4 -> CH-1+ CH2+CH3+CH4 | J1: ='Section Load'!K4 -> Chilled water Pump | K1: ='Section Load'!L4 -> Ball Room-1 | L1: ='Section Load'!M4 -> Ball Room-2 | ... AL1: ='Section Load'!AM4 -> Cooling Tower | AM1: R.o.plant | AN1: STP Water Prod | AO1: Domestic Zone-1 | AP1: Domestic Zone-2 | AQ1: Domestic Zone-3 | AR1: Flush Zone -1 | AS1: Flush Zone -2 | AT1: Flush Zone -3 | AU1: Swimming pool | AV1: B2 Laundry | AW1: Boiler Feed Water | AX1: cooling tower filling water | AY1: STP flush(new water meter) | AZ1: Garden Water Pump | BA1: Flush Zone 2 pump meter | BB1: Flush Zone 3 Pump Meter (wtp transfer ) | BC1: Flush Tanker-Zone-1 | BD1: Total Domestic Water (Tanker (R.O) +BMC) | BE1: Total Domestic Consumption | BF1: Total STP Consumption | BG1: ='Section Load'!AN4 -> MGL | BH1: ='Section Load'!AO4 -> HWG | BI1: ='Section Load'!AP4 -> Prato | BJ1: ='Section Load'!AQ4 -> BR-1 | BK1: ='Section Load'!AR4 -> SanQi IND | BL1: ='Section Load'!AS4 -> SanQi JPN | BM1: ='Section Load'!AT4 -> Boiler
A2: Mumbai | B2: 1 | C2: 2 | D2: 2022 | E2: =(IF('Section Load'!F5>0,'Section Load'!F5,0)) -> 2185.1 | F2: =(IF('Section Load'!G5>0,'Section Load'!G5,0)) -> 1554.11 | G2: =(IF('Section Load'!H5>0,'Section Load'!H5,0)) -> 1620.27 | H2: =(IF('Section Load'!I5>0,'Section Load'!I5,0)) -> 2609.59 | I2: =(IF('Section Load'!J5>0,'Section Load'!J5,0)) -> 3987.79 | J2: =(IF('Section Load'!K5>0,'Section Load'!K5,0)) -> 1901.93 | K2: =(IF('Section Load'!L5>0,'Section Load'!L5,0)) -> 938.92 | L2: =(IF('Section Load'!M5>0,'Section Load'!M5,0)) -> 710.76 | ... AL2: =(IF('Section Load'!AM5>0,'Section Load'!AM5,0)) -> 492.57 | AM2: =(IF('Water Report'!$D$7>0,'Water Report'!$D$7,0)) -> 63 | AN2: =(IF('Water Report'!$D$8>0,'Water Report'!$D$8,0)) -> 132 | AO2: =(IF('Water Report'!$D$9>0,'Water Report'!$D$9,0)) -> 71 | AP2: =(IF('Water Report'!$D$10>0,'Water Report'!$D$10,0)) -> 17 | AQ2: =(IF('Water Report'!$D$11>0,'Water Report'!$D$11,0)) -> 14 | AR2: =(IF('Water Report'!$D$13>0,'Water Report'!$D$13,0)) -> 39 | AS2: =(IF('Water Report'!$D$14>0,'Water Report'!$D$14,0)) -> 9 | AT2: =(IF('Water Report'!$D$15>0,'Water Report'!$D$15,0)) -> 8 | AU2: =(IF('Water Report'!$D$17>0,'Water Report'!$D$17,0)) -> 0 | AV2: =(IF('Water Report'!$D$18>0,'Water Report'!$D$18,0)) -> 11 | AW2: =(IF('Water Report'!$D$19>0,'Water Report'!$D$19,0)) -> 10 | AX2: =(IF('Water Report'!$D$21>0,'Water Report'!$D$21,0)) -> 43 | AY2: =(IF('Water Report'!$D$22>0,'Water Report'!$D$22,0)) -> 29 | AZ2: =(IF('Water Report'!$D$23>0,'Water Report'!$D$23,0)) -> 3 | BA2: =(IF('Water Report'!$D$14>0,'Water Report'!$D$14,0)) -> 9 | BB2: =(IF('Water Report'!$D$15>0,'Water Report'!$D$15,0)) -> 8 | BC2: =(IF('Water Report'!$D$13>0,'Water Report'!$D$13,0)) -> 39 | BD2: =(IF('Water Report'!$D$24>0,'Water Report'!$D$24,0)) -> 235 | BE2: =(IF('Water Report'!$D$25>0,'Water Report'!$D$25,0)) -> 119 | BF2: =(IF('Water Report'!$D$27>0,'Water Report'!$D$27,0)) -> 85 | BG2: =(IF('Section Load'!AN5>0,'Section Load'!AN5,0)) -> 918.558 | BH2: =(IF('Section Load'!AO5>0,'Section Load'!AO5,0)) -> 314.531 | BI2: =(IF('Section Load'!AP5>0,'Section Load'!AP5,0)) -> 0 | BJ2: =(IF('Section Load'!AQ5>0,'Section Load'!AQ5,0)) -> 91.06 | BK2: =(IF('Section Load'!AR5>0,'Section Load'!AR5,0)) -> 29.7 | BL2: =(IF('Section Load'!AS5>0,'Section Load'!AS5,0)) -> 0 | BM2: =(IF('Section Load'!AT5>0,'Section Load'!AT5,0)) -> 483.267
A3: Mumbai | B3: =B2+1 -> 2 | C3: 2 | D3: 2022 | E3: =(IF('Section Load'!F6>0,'Section Load'!F6,0)) -> 2435.04 | F3: =(IF('Section Load'!G6>0,'Section Load'!G6,0)) -> 1547.1 | G3: =(IF('Section Load'!H6>0,'Section Load'!H6,0)) -> 1758.79 | H3: =(IF('Section Load'!I6>0,'Section Load'!I6,0)) -> 2628.22 | I3: =(IF('Section Load'!J6>0,'Section Load'!J6,0)) -> 3469.61 | J3: =(IF('Section Load'!K6>0,'Section Load'!K6,0)) -> 1997.16 | K3: =(IF('Section Load'!L6>0,'Section Load'!L6,0)) -> 987.53 | L3: =(IF('Section Load'!M6>0,'Section Load'!M6,0)) -> 811.5 | ... AL3: =(IF('Section Load'!AM6>0,'Section Load'!AM6,0)) -> 568.04 | AM3: =(IF('Water Report'!$E$7>0,'Water Report'!$E$7,0)) -> 105 | AN3: =(IF('Water Report'!$E$8>0,'Water Report'!$E$8,0)) -> 159 | AO3: =(IF('Water Report'!$E$9>0,'Water Report'!$E$9,0)) -> 71 | AP3: =(IF('Water Report'!$E$10>0,'Water Report'!$E$10,0)) -> 20 | AQ3: =(IF('Water Report'!$E$11>0,'Water Report'!$E$11,0)) -> 20 | AR3: =(IF('Water Report'!$E$13>0,'Water Report'!$E$13,0)) -> 30 | AS3: =(IF('Water Report'!$E$14>0,'Water Report'!$E$14,0)) -> 19 | AT3: =(IF('Water Report'!$E$15>0,'Water Report'!$E$15,0)) -> 10 | AU3: =(IF('Water Report'!$E$17>0,'Water Report'!$E$17,0)) -> 0 | AV3: =(IF('Water Report'!$E$18>0,'Water Report'!$E$18,0)) -> 11 | AW3: =(IF('Water Report'!$E$19>0,'Water Report'!$E$19,0)) -> 9 | AX3: =(IF('Water Report'!$E$21>0,'Water Report'!$E$21,0)) -> 90 | AY3: =(IF('Water Report'!$E$22>0,'Water Report'!$E$22,0)) -> 37 | AZ3: =(IF('Water Report'!$E$23>0,'Water Report'!$E$23,0)) -> 5 | BA3: =(IF('Water Report'!$E$14>0,'Water Report'!$E$14,0)) -> 19 | BB3: =(IF('Water Report'!$E$15>0,'Water Report'!$E$15,0)) -> 10 | BC3: =(IF('Water Report'!$E$13>0,'Water Report'!$E$13,0)) -> 30 | BD3: =(IF('Water Report'!$E$24>0,'Water Report'!$E$24,0)) -> 183 | BE3: =(IF('Water Report'!$E$25>0,'Water Report'!$E$25,0)) -> 140 | BF3: =(IF('Water Report'!$E$27>0,'Water Report'!$E$27,0)) -> 125 | BG3: =(IF('Section Load'!AN6>0,'Section Load'!AN6,0)) -> 983.145 | BH3: =(IF('Section Load'!AO6>0,'Section Load'!AO6,0)) -> 311.036 | BI3: =(IF('Section Load'!AP6>0,'Section Load'!AP6,0)) -> 0 | BJ3: =(IF('Section Load'!AQ6>0,'Section Load'!AQ6,0)) -> 115.71 | BK3: =(IF('Section Load'!AR6>0,'Section Load'!AR6,0)) -> 49.2 | BL3: =(IF('Section Load'!AS6>0,'Section Load'!AS6,0)) -> 1.7 | BM3: =(IF('Section Load'!AT6>0,'Section Load'!AT6,0)) -> 505.499
A4: Mumbai | B4: =B3+1 -> 3 | C4: 2 | D4: 2022 | E4: =(IF('Section Load'!F7>0,'Section Load'!F7,0)) -> 2503.17 | F4: =(IF('Section Load'!G7>0,'Section Load'!G7,0)) -> 1552.11 | G4: =(IF('Section Load'!H7>0,'Section Load'!H7,0)) -> 1668.15 | H4: =(IF('Section Load'!I7>0,'Section Load'!I7,0)) -> 2641.83 | I4: =(IF('Section Load'!J7>0,'Section Load'!J7,0)) -> 3484.57 | J4: =(IF('Section Load'!K7>0,'Section Load'!K7,0)) -> 2229.67 | K4: =(IF('Section Load'!L7>0,'Section Load'!L7,0)) -> 1070.06 | L4: =(IF('Section Load'!M7>0,'Section Load'!M7,0)) -> 935.7 | ... AL4: =(IF('Section Load'!AM7>0,'Section Load'!AM7,0)) -> 565.15 | AM4: =(IF('Water Report'!$F$7>0,'Water Report'!$F$7,0)) -> 74 | AN4: =(IF('Water Report'!$F$8>0,'Water Report'!$F$8,0)) -> 132 | AO4: =(IF('Water Report'!$F$9>0,'Water Report'!$G$9,0)) -> 87 | AP4: =(IF('Water Report'!$F$10>0,'Water Report'!$F$10,0)) -> 22 | AQ4: =(IF('Water Report'!$F$11>0,'Water Report'!$F$11,0)) -> 20 | AR4: =(IF('Water Report'!$F$13>0,'Water Report'!$F$13,0)) -> 28 | AS4: =(IF('Water Report'!$F$14>0,'Water Report'!$F$14,0)) -> 9 | AT4: =(IF('Water Report'!$F$15>0,'Water Report'!$F$15,0)) -> 9 | AU4: =(IF('Water Report'!$F$17>0,'Water Report'!$F$17,0)) -> 0 | AV4: =(IF('Water Report'!$F$18>0,'Water Report'!$F$18,0)) -> 12 | AW4: =(IF('Water Report'!$F$19>0,'Water Report'!$F$19,0)) -> 9 | AX4: =(IF('Water Report'!$F$21>0,'Water Report'!$F$21,0)) -> 9 | AY4: =(IF('Water Report'!$F$22>0,'Water Report'!$F$22,0)) -> 34 | AZ4: =(IF('Water Report'!$F$23>0,'Water Report'!$F$23,0)) -> 11 | BA4: =(IF('Water Report'!$F$14>0,'Water Report'!$F$14,0)) -> 9 | BB4: =(IF('Water Report'!$F$15>0,'Water Report'!$F$15,0)) -> 9 | BC4: =(IF('Water Report'!$F$13>0,'Water Report'!$F$13,0)) -> 28 | BD4: =(IF('Water Report'!$F$24>0,'Water Report'!$F$24,0)) -> 233 | BE4: =(IF('Water Report'!$F$25>0,'Water Report'!$F$25,0)) -> 154 | BF4: =(IF('Water Report'!$F$27>0,'Water Report'!$F$27,0)) -> 48 | BG4: =(IF('Section Load'!AN7>0,'Section Load'!AN7,0)) -> 1012.348 | BH4: =(IF('Section Load'!AO7>0,'Section Load'!AO7,0)) -> 310.544 | BI4: =(IF('Section Load'!AP7>0,'Section Load'!AP7,0)) -> 0 | BJ4: =(IF('Section Load'!AQ7>0,'Section Load'!AQ7,0)) -> 122.32 | BK4: =(IF('Section Load'!AR7>0,'Section Load'!AR7,0)) -> 46.4 | BL4: =(IF('Section Load'!AS7>0,'Section Load'!AS7,0)) -> 1.6 | BM4: =(IF('Section Load'!AT7>0,'Section Load'!AT7,0)) -> 531.484
A5: Mumbai | B5: =B4+1 -> 4 | C5: 2 | D5: 2022 | E5: =(IF('Section Load'!F8>0,'Section Load'!F8,0)) -> 2682.87 | F5: =(IF('Section Load'!G8>0,'Section Load'!G8,0)) -> 1614.1 | G5: =(IF('Section Load'!H8>0,'Section Load'!H8,0)) -> 1858.47 | H5: =(IF('Section Load'!I8>0,'Section Load'!I8,0)) -> 2666.71 | I5: =(IF('Section Load'!J8>0,'Section Load'!J8,0)) -> 2816.83 | J5: =(IF('Section Load'!K8>0,'Section Load'!K8,0)) -> 2395.18 | K5: =(IF('Section Load'!L8>0,'Section Load'!L8,0)) -> 1149.75 | L5: =(IF('Section Load'!M8>0,'Section Load'!M8,0)) -> 861.87 | ... AL5: =(IF('Section Load'!AM8>0,'Section Load'!AM8,0)) -> 690.83 | AM5: =(IF('Water Report'!$G$7>0,'Water Report'!$F$7,0)) -> 74 | AN5: =(IF('Water Report'!$G$8>0,'Water Report'!$F$8,0)) -> 132 | AO5: =(IF('Water Report'!$G$9>0,'Water Report'!$H$9,0)) -> 100 | AP5: =(IF('Water Report'!$G$10>0,'Water Report'!$G$10,0)) -> 30 | AQ5: =(IF('Water Report'!$G$11>0,'Water Report'!$G$11,0)) -> 25 | AR5: =(IF('Water Report'!$G$13>0,'Water Report'!$G$13,0)) -> 28 | AS5: =(IF('Water Report'!$G$14>0,'Water Report'!$G$14,0)) -> 7 | AT5: =(IF('Water Report'!$G$15>0,'Water Report'!$G$15,0)) -> 9 | AU5: =(IF('Water Report'!$G$17>0,'Water Report'!$G$17,0)) -> 0 | AV5: =(IF('Water Report'!$G$18>0,'Water Report'!$G$18,0)) -> 12 | AW5: =(IF('Water Report'!$G$19>0,'Water Report'!$G$19,0)) -> 10 | AX5: =(IF('Water Report'!$G$21>0,'Water Report'!$G$21,0)) -> 87 | AY5: =(IF('Water Report'!$G$22>0,'Water Report'!$G$22,0)) -> 23 | AZ5: =(IF('Water Report'!$G$23>0,'Water Report'!$G$23,0)) -> 10 | BA5: =(IF('Water Report'!$G$14>0,'Water Report'!$G$14,0)) -> 7 | BB5: =(IF('Water Report'!$G$15>0,'Water Report'!$G$15,0)) -> 9 | BC5: =(IF('Water Report'!$G$13>0,'Water Report'!$G$13,0)) -> 28 | BD5: =(IF('Water Report'!$G$24>0,'Water Report'!$G$24,0)) -> 261 | BE5: =(IF('Water Report'!$G$25>0,'Water Report'!$G$25,0)) -> 158 | BF5: =(IF('Water Report'!$G$27>0,'Water Report'!$G$27,0)) -> 125 | BG5: =(IF('Section Load'!AN8>0,'Section Load'!AN8,0)) -> 997.952 | BH5: =(IF('Section Load'!AO8>0,'Section Load'!AO8,0)) -> 297.04 | BI5: =(IF('Section Load'!AP8>0,'Section Load'!AP8,0)) -> 0 | BJ5: =(IF('Section Load'!AQ8>0,'Section Load'!AQ8,0)) -> 150.01 | BK5: =(IF('Section Load'!AR8>0,'Section Load'!AR8,0)) -> 47.9 | BL5: =(IF('Section Load'!AS8>0,'Section Load'!AS8,0)) -> 2.3 | BM5: =(IF('Section Load'!AT8>0,'Section Load'!AT8,0)) -> 500.702
A6: Mumbai | B6: =B5+1 -> 5 | C6: 2 | D6: 2022 | E6: =(IF('Section Load'!F9>0,'Section Load'!F9,0)) -> 2889 | F6: =(IF('Section Load'!G9>0,'Section Load'!G9,0)) -> 1683.92 | G6: =(IF('Section Load'!H9>0,'Section Load'!H9,0)) -> 1939.44 | H6: =(IF('Section Load'!I9>0,'Section Load'!I9,0)) -> 2758.02 | I6: =(IF('Section Load'!J9>0,'Section Load'!J9,0)) -> 3196.39 | J6: =(IF('Section Load'!K9>0,'Section Load'!K9,0)) -> 2237.76 | K6: =(IF('Section Load'!L9>0,'Section Load'!L9,0)) -> 1526.75 | L6: =(IF('Section Load'!M9>0,'Section Load'!M9,0)) -> 1353.26 | ... AL6: =(IF('Section Load'!AM9>0,'Section Load'!AM9,0)) -> 692.97 | AM6: =(IF('Water Report'!$H$7>0,'Water Report'!$H$7,0)) -> 136 | AN6: =(IF('Water Report'!$H$8>0,'Water Report'!$H$8,0)) -> 128 | AO6: =(IF('Water Report'!$H$9>0,'Water Report'!$H$9,0)) -> 100 | AP6: =(IF('Water Report'!$H$10>0,'Water Report'!$H$10,0)) -> 48 | AQ6: =(IF('Water Report'!$H$11>0,'Water Report'!$H$11,0)) -> 26 | AR6: =(IF('Water Report'!$H$13>0,'Water Report'!$H$13,0)) -> 33 | AS6: =(IF('Water Report'!$H$14>0,'Water Report'!$H$14,0)) -> 8 | AT6: =(IF('Water Report'!$H$15>0,'Water Report'!$H$15,0)) -> 9 | AU6: =(IF('Water Report'!$H$17>0,'Water Report'!$H$17,0)) -> 0 | AV6: =(IF('Water Report'!$H$18>0,'Water Report'!$H$18,0)) -> 15 | AW6: =(IF('Water Report'!$H$19>0,'Water Report'!$H$19,0)) -> 11 | AX6: =(IF('Water Report'!$H$21>0,'Water Report'!$H$21,0)) -> 64 | AY6: =(IF('Water Report'!$H$22>0,'Water Report'!$H$22,0)) -> 32 | AZ6: =(IF('Water Report'!$H$23>0,'Water Report'!$H$23,0)) -> 17 | BA6: =(IF('Water Report'!$H$14>0,'Water Report'!$H$14,0)) -> 8 | BB6: =(IF('Water Report'!$H$15>0,'Water Report'!$H$15,0)) -> 9 | BC6: =(IF('Water Report'!$H$13>0,'Water Report'!$H$13,0)) -> 33 | BD6: =(IF('Water Report'!$H$24>0,'Water Report'!$H$24,0)) -> 294 | BE6: =(IF('Water Report'!$H$25>0,'Water Report'!$H$25,0)) -> 191 | BF6: =(IF('Water Report'!$H$27>0,'Water Report'!$H$27,0)) -> 114 | BG6: =(IF('Section Load'!AN9>0,'Section Load'!AN9,0)) -> 1047.87 | BH6: =(IF('Section Load'!AO9>0,'Section Load'!AO9,0)) -> 284.74 | BI6: =(IF('Section Load'!AP9>0,'Section Load'!AP9,0)) -> 0 | BJ6: =(IF('Section Load'!AQ9>0,'Section Load'!AQ9,0)) -> 134 | BK6: =(IF('Section Load'!AR9>0,'Section Load'!AR9,0)) -> 59.8 | BL6: =(IF('Section Load'!AS9>0,'Section Load'!AS9,0)) -> 2.2 | BM6: =(IF('Section Load'!AT9>0,'Section Load'!AT9,0)) -> 567.13
A7: Mumbai | B7: =B6+1 -> 6 | C7: 2 | D7: 2022 | E7: =(IF('Section Load'!F10>0,'Section Load'!F10,0)) -> 3019.29 | F7: =(IF('Section Load'!G10>0,'Section Load'!G10,0)) -> 1645.66 | G7: =(IF('Section Load'!H10>0,'Section Load'!H10,0)) -> 1915.03 | H7: =(IF('Section Load'!I10>0,'Section Load'!I10,0)) -> 2776.56 | I7: =(IF('Section Load'!J10>0,'Section Load'!J10,0)) -> 3426.92 | J7: =(IF('Section Load'!K10>0,'Section Load'!K10,0)) -> 2145.35 | K7: =(IF('Section Load'!L10>0,'Section Load'!L10,0)) -> 1272.6 | L7: =(IF('Section Load'!M10>0,'Section Load'!M10,0)) -> 902.16 | ... AL7: =(IF('Section Load'!AM10>0,'Section Load'!AM10,0)) -> 622.39 | AM7: =(IF('Water Report'!$I$7>0,'Water Report'!$I$7,0)) -> 143 | AN7: =(IF('Water Report'!$I$8>0,'Water Report'!$I$8,0)) -> 132 | AO7: =(IF('Water Report'!$I$9>0,'Water Report'!$I$9,0)) -> 110 | AP7: =(IF('Water Report'!$I$10>0,'Water Report'!$I$10,0)) -> 26 | AQ7: =(IF('Water Report'!$I$11>0,'Water Report'!$I$11,0)) -> 31 | AR7: =(IF('Water Report'!$I$13>0,'Water Report'!$I$13,0)) -> 56 | AS7: =(IF('Water Report'!$I$14>0,'Water Report'!$I$14,0)) -> 11 | AT7: =(IF('Water Report'!$I$15>0,'Water Report'!$I$15,0)) -> 9 | AU7: =(IF('Water Report'!$I$17>0,'Water Report'!$I$17,0)) -> 0 | AV7: =(IF('Water Report'!$I$18>0,'Water Report'!$I$18,0)) -> 16 | AW7: =(IF('Water Report'!$I$19>0,'Water Report'!$I$19,0)) -> 11 | AX7: =(IF('Water Report'!$I$21>0,'Water Report'!$I$21,0)) -> 41 | AY7: =(IF('Water Report'!$I$22>0,'Water Report'!$I$22,0)) -> 70 | AZ7: =(IF('Water Report'!$I$23>0,'Water Report'!$I$23,0)) -> 0 | BA7: =(IF('Water Report'!$I$14>0,'Water Report'!$I$14,0)) -> 11 | BB7: =(IF('Water Report'!$I$15>0,'Water Report'!$I$15,0)) -> 9 | BC7: =(IF('Water Report'!$I$13>0,'Water Report'!$I$13,0)) -> 56 | BD7: =(IF('Water Report'!$I$24>0,'Water Report'!$I$24,0)) -> 275 | BE7: =(IF('Water Report'!$I$25>0,'Water Report'!$I$25,0)) -> 187 | BF7: =(IF('Water Report'!$I$27>0,'Water Report'!$I$27,0)) -> 97 | BG7: =(IF('Section Load'!AN10>0,'Section Load'!AN10,0)) -> 1049.5 | BH7: =(IF('Section Load'!AO10>0,'Section Load'!AO10,0)) -> 303.78 | BI7: =(IF('Section Load'!AP10>0,'Section Load'!AP10,0)) -> 0 | BJ7: =(IF('Section Load'!AQ10>0,'Section Load'!AQ10,0)) -> 109.81 | BK7: =(IF('Section Load'!AR10>0,'Section Load'!AR10,0)) -> 45.5 | BL7: =(IF('Section Load'!AS10>0,'Section Load'!AS10,0)) -> 1.3 | BM7: =(IF('Section Load'!AT10>0,'Section Load'!AT10,0)) -> 589.11
A8: Mumbai | B8: =B7+1 -> 7 | C8: 2 | D8: 2022 | E8: =(IF('Section Load'!F11>0,'Section Load'!F11,0)) -> 3100.34 | F8: =(IF('Section Load'!G11>0,'Section Load'!G11,0)) -> 1658.84 | G8: =(IF('Section Load'!H11>0,'Section Load'!H11,0)) -> 2017.74 | H8: =(IF('Section Load'!I11>0,'Section Load'!I11,0)) -> 3066.49 | I8: =(IF('Section Load'!J11>0,'Section Load'!J11,0)) -> 4458.75 | J8: =(IF('Section Load'!K11>0,'Section Load'!K11,0)) -> 2208.68 | K8: =(IF('Section Load'!L11>0,'Section Load'!L11,0)) -> 1415.62 | L8: =(IF('Section Load'!M11>0,'Section Load'!M11,0)) -> 840.57 | ... AL8: =(IF('Section Load'!AM11>0,'Section Load'!AM11,0)) -> 677.03 | AM8: =(IF('Water Report'!$J$7>0,'Water Report'!$J$7,0)) -> 142 | AN8: =(IF('Water Report'!$J$8>0,'Water Report'!$J$8,0)) -> 124 | AO8: =(IF('Water Report'!$J$9>0,'Water Report'!$J$9,0)) -> 96 | AP8: =(IF('Water Report'!$J$10>0,'Water Report'!$J$10,0)) -> 21 | AQ8: =(IF('Water Report'!$J$11>0,'Water Report'!$J$11,0)) -> 30 | AR8: =(IF('Water Report'!$J$13>0,'Water Report'!$J$13,0)) -> 43 | AS8: =(IF('Water Report'!$J$14>0,'Water Report'!$J$14,0)) -> 15 | AT8: =(IF('Water Report'!$J$15>0,'Water Report'!$J$15,0)) -> 23 | AU8: =(IF('Water Report'!$J$17>0,'Water Report'!$J$17,0)) -> 0 | AV8: =(IF('Water Report'!$J$18>0,'Water Report'!$J$18,0)) -> 14 | AW8: =(IF('Water Report'!$J$19>0,'Water Report'!$J$19,0)) -> 10 | AX8: =(IF('Water Report'!$J$21>0,'Water Report'!$J$21,0)) -> 68 | AY8: =(IF('Water Report'!$J$22>0,'Water Report'!$J$22,0)) -> 45 | AZ8: =(IF('Water Report'!$J$23>0,'Water Report'!$J$23,0)) -> 0 | BA8: =(IF('Water Report'!$J$14>0,'Water Report'!$J$14,0)) -> 15 | BB8: =(IF('Water Report'!$J$15>0,'Water Report'!$J$15,0)) -> 23 | BC8: =(IF('Water Report'!$J$13>0,'Water Report'!$J$13,0)) -> 43 | BD8: =(IF('Water Report'!$J$24>0,'Water Report'!$J$24,0)) -> 242 | BE8: =(IF('Water Report'!$J$25>0,'Water Report'!$J$25,0)) -> 185 | BF8: =(IF('Water Report'!$J$27>0,'Water Report'!$J$27,0)) -> 111 | BG8: =(IF('Section Load'!AN11>0,'Section Load'!AN11,0)) -> 1030.68 | BH8: =(IF('Section Load'!AO11>0,'Section Load'!AO11,0)) -> 301.66 | BI8: =(IF('Section Load'!AP11>0,'Section Load'!AP11,0)) -> 0 | BJ8: =(IF('Section Load'!AQ11>0,'Section Load'!AQ11,0)) -> 98.49 | BK8: =(IF('Section Load'!AR11>0,'Section Load'!AR11,0)) -> 55.9 | BL8: =(IF('Section Load'!AS11>0,'Section Load'!AS11,0)) -> 0.9 | BM8: =(IF('Section Load'!AT11>0,'Section Load'!AT11,0)) -> 573.73
A9: Mumbai | B9: =B8+1 -> 8 | C9: 2 | D9: 2022 | E9: =(IF('Section Load'!F12>0,'Section Load'!F12,0)) -> 3021.02 | F9: =(IF('Section Load'!G12>0,'Section Load'!G12,0)) -> 1609.07 | G9: =(IF('Section Load'!H12>0,'Section Load'!H12,0)) -> 1914.68 | H9: =(IF('Section Load'!I12>0,'Section Load'!I12,0)) -> 2923.29 | I9: =(IF('Section Load'!J12>0,'Section Load'!J12,0)) -> 4082.49 | J9: =(IF('Section Load'!K12>0,'Section Load'!K12,0)) -> 2123.67 | K9: =(IF('Section Load'!L12>0,'Section Load'!L12,0)) -> 1131.14 | L9: =(IF('Section Load'!M12>0,'Section Load'!M12,0)) -> 799.44 | ... AL9: =(IF('Section Load'!AM12>0,'Section Load'!AM12,0)) -> 647.32 | AM9: =(IF('Water Report'!$K$7>0,'Water Report'!$K$7,0)) -> 128 | AN9: =(IF('Water Report'!$K$8>0,'Water Report'!$K$8,0)) -> 103 | AO9: =(IF('Water Report'!$K$9>0,'Water Report'!$K$9,0)) -> 106 | AP9: =(IF('Water Report'!$K$10>0,'Water Report'!$K$10,0)) -> 19 | AQ9: =(IF('Water Report'!$K$11>0,'Water Report'!$K$11,0)) -> 16 | AR9: =(IF('Water Report'!$K$13>0,'Water Report'!$K$13,0)) -> 30 | AS9: =(IF('Water Report'!$K$14>0,'Water Report'!$K$14,0)) -> 10 | AT9: =(IF('Water Report'!$K$15>0,'Water Report'!$K$15,0)) -> 33 | AU9: =(IF('Water Report'!$K$17>0,'Water Report'!$K$17,0)) -> 0 | AV9: =(IF('Water Report'!$K$18>0,'Water Report'!$K$18,0)) -> 17 | AW9: =(IF('Water Report'!$K$19>0,'Water Report'!$K$19,0)) -> 12 | AX9: =(IF('Water Report'!$K$21>0,'Water Report'!$K$21,0)) -> 46 | AY9: =(IF('Water Report'!$K$22>0,'Water Report'!$K$22,0)) -> 25 | AZ9: =(IF('Water Report'!$K$23>0,'Water Report'!$K$23,0)) -> 17 | BA9: =(IF('Water Report'!$K$14>0,'Water Report'!$K$14,0)) -> 10 | BB9: =(IF('Water Report'!$K$15>0,'Water Report'!$K$15,0)) -> 33 | BC9: =(IF('Water Report'!$K$13>0,'Water Report'!$K$13,0)) -> 30 | BD9: =(IF('Water Report'!$K$24>0,'Water Report'!$K$24,0)) -> 232 | BE9: =(IF('Water Report'!$K$25>0,'Water Report'!$K$25,0)) -> 184 | BF9: =(IF('Water Report'!$K$27>0,'Water Report'!$K$27,0)) -> 93 | BG9: =(IF('Section Load'!AN12>0,'Section Load'!AN12,0)) -> 1052.18 | BH9: =(IF('Section Load'!AO12>0,'Section Load'!AO12,0)) -> 302.52 | BI9: =(IF('Section Load'!AP12>0,'Section Load'!AP12,0)) -> 0 | BJ9: =(IF('Section Load'!AQ12>0,'Section Load'!AQ12,0)) -> 110.6 | BK9: =(IF('Section Load'!AR12>0,'Section Load'!AR12,0)) -> 50.4 | BL9: =(IF('Section Load'!AS12>0,'Section Load'!AS12,0)) -> 1 | BM9: =(IF('Section Load'!AT12>0,'Section Load'!AT12,0)) -> 587.66
A10: Mumbai | B10: =B9+1 -> 9 | C10: 2 | D10: 2022 | E10: =(IF('Section Load'!F13>0,'Section Load'!F13,0)) -> 2906 | F10: =(IF('Section Load'!G13>0,'Section Load'!G13,0)) -> 1638 | G10: =(IF('Section Load'!H13>0,'Section Load'!H13,0)) -> 1923 | H10: =(IF('Section Load'!I13>0,'Section Load'!I13,0)) -> 3001 | I10: =(IF('Section Load'!J13>0,'Section Load'!J13,0)) -> 3894.53 | J10: =(IF('Section Load'!K13>0,'Section Load'!K13,0)) -> 2087 | K10: =(IF('Section Load'!L13>0,'Section Load'!L13,0)) -> 1118 | L10: =(IF('Section Load'!M13>0,'Section Load'!M13,0)) -> 779 | ... AL10: =(IF('Section Load'!AM13>0,'Section Load'!AM13,0)) -> 658 | AM10: =(IF('Water Report'!$L$7>0,'Water Report'!$L$7,0)) -> 142 | AN10: =(IF('Water Report'!$L$8>0,'Water Report'!$L$8,0)) -> 90 | AO10: =(IF('Water Report'!$L$9>0,'Water Report'!$L$9,0)) -> 103 | AP10: =(IF('Water Report'!$L$10>0,'Water Report'!$L$10,0)) -> 20 | AQ10: =(IF('Water Report'!$L$11>0,'Water Report'!$L$11,0)) -> 55 | AR10: =(IF('Water Report'!$L$13>0,'Water Report'!$L$13,0)) -> 37 | AS10: =(IF('Water Report'!$L$14>0,'Water Report'!$L$14,0)) -> 9 | AT10: =(IF('Water Report'!$L$15>0,'Water Report'!$L$15,0)) -> 14 | AU10: =(IF('Water Report'!$L$17>0,'Water Report'!$L$17,0)) -> 5 | AV10: =(IF('Water Report'!$L$18>0,'Water Report'!$L$18,0)) -> 12 | AW10: =(IF('Water Report'!$L$19>0,'Water Report'!$L$19,0)) -> 12 | AX10: =(IF('Water Report'!$L$21>0,'Water Report'!$L$21,0)) -> 38 | AY10: =(IF('Water Report'!$L$22>0,'Water Report'!$L$22,0)) -> 35 | AZ10: =(IF('Water Report'!$L$23>0,'Water Report'!$L$23,0)) -> 5 | BA10: =(IF('Water Report'!$L$14>0,'Water Report'!$L$14,0)) -> 9 | BB10: =(IF('Water Report'!$L$15>0,'Water Report'!$L$15,0)) -> 14 | BC10: =(IF('Water Report'!$L$13>0,'Water Report'!$L$13,0)) -> 37 | BD10: =(IF('Water Report'!$L$24>0,'Water Report'!$L$24,0)) -> 256 | BE10: =(IF('Water Report'!$L$25>0,'Water Report'!$L$25,0)) -> 201 | BF10: =(IF('Water Report'!$L$27>0,'Water Report'!$L$27,0)) -> 80 | BG10: =(IF('Section Load'!AN13>0,'Section Load'!AN13,0)) -> 1070 | BH10: =(IF('Section Load'!AO13>0,'Section Load'!AO13,0)) -> 301 | BI10: =(IF('Section Load'!AP13>0,'Section Load'!AP13,0)) -> 0.2 | BJ10: =(IF('Section Load'!AQ13>0,'Section Load'!AQ13,0)) -> 107 | BK10: =(IF('Section Load'!AR13>0,'Section Load'!AR13,0)) -> 43 | BL10: =(IF('Section Load'!AS13>0,'Section Load'!AS13,0)) -> 1 | BM10: =(IF('Section Load'!AT13>0,'Section Load'!AT13,0)) -> 617.8
A11: Mumbai | B11: =B10+1 -> 10 | C11: 2 | D11: 2022 | E11: =(IF('Section Load'!F14>0,'Section Load'!F14,0)) -> 2839 | F11: =(IF('Section Load'!G14>0,'Section Load'!G14,0)) -> 1647 | G11: =(IF('Section Load'!H14>0,'Section Load'!H14,0)) -> 1955 | H11: =(IF('Section Load'!I14>0,'Section Load'!I14,0)) -> 3035 | I11: =(IF('Section Load'!J14>0,'Section Load'!J14,0)) -> 4557 | J11: =(IF('Section Load'!K14>0,'Section Load'!K14,0)) -> 2097 | K11: =(IF('Section Load'!L14>0,'Section Load'!L14,0)) -> 1144 | L11: =(IF('Section Load'!M14>0,'Section Load'!M14,0)) -> 1084 | ... AL11: =(IF('Section Load'!AM14>0,'Section Load'!AM14,0)) -> 522 | AM11: =(IF('Water Report'!$M$7>0,'Water Report'!$M$7,0)) -> 170 | AN11: =(IF('Water Report'!$M$8>0,'Water Report'!$M$8,0)) -> 129 | AO11: =(IF('Water Report'!$M$9>0,'Water Report'!$M$9,0)) -> 105 | AP11: =(IF('Water Report'!$M$10>0,'Water Report'!$M$10,0)) -> 20 | AQ11: =(IF('Water Report'!$M$11>0,'Water Report'!$M$11,0)) -> 65 | AR11: =(IF('Water Report'!$M$13>0,'Water Report'!$M$13,0)) -> 40 | AS11: =(IF('Water Report'!$M$14>0,'Water Report'!$M$14,0)) -> 18 | AT11: =(IF('Water Report'!$M$15>0,'Water Report'!$M$15,0)) -> 8 | AU11: =(IF('Water Report'!$M$17>0,'Water Report'!$M$17,0)) -> 1 | AV11: =(IF('Water Report'!$M$18>0,'Water Report'!$M$18,0)) -> 14 | AW11: =(IF('Water Report'!$M$19>0,'Water Report'!$M$19,0)) -> 12 | AX11: =(IF('Water Report'!$M$21>0,'Water Report'!$M$21,0)) -> 47 | AY11: =(IF('Water Report'!$M$22>0,'Water Report'!$M$22,0)) -> 0 | AZ11: =(IF('Water Report'!$M$23>0,'Water Report'!$M$23,0)) -> 0 | BA11: =(IF('Water Report'!$M$14>0,'Water Report'!$M$14,0)) -> 18 | BB11: =(IF('Water Report'!$M$15>0,'Water Report'!$M$15,0)) -> 8 | BC11: =(IF('Water Report'!$M$13>0,'Water Report'!$M$13,0)) -> 40 | BD11: =(IF('Water Report'!$M$24>0,'Water Report'!$M$24,0)) -> 317 | BE11: =(IF('Water Report'!$M$25>0,'Water Report'!$M$25,0)) -> 216 | BF11: =(IF('Water Report'!$M$27>0,'Water Report'!$M$27,0)) -> 87 | BG11: =(IF('Section Load'!AN14>0,'Section Load'!AN14,0)) -> 1152 | BH11: =(IF('Section Load'!AO14>0,'Section Load'!AO14,0)) -> 341 | BI11: =(IF('Section Load'!AP14>0,'Section Load'!AP14,0)) -> 0 | BJ11: =(IF('Section Load'!AQ14>0,'Section Load'!AQ14,0)) -> 114 | BK11: =(IF('Section Load'!AR14>0,'Section Load'!AR14,0)) -> 43 | BL11: =(IF('Section Load'!AS14>0,'Section Load'!AS14,0)) -> 3 | BM11: =(IF('Section Load'!AT14>0,'Section Load'!AT14,0)) -> 651
A12: Mumbai | B12: =B11+1 -> 11 | C12: 2 | D12: 2022 | E12: =(IF('Section Load'!F15>0,'Section Load'!F15,0)) -> 2776 | F12: =(IF('Section Load'!G15>0,'Section Load'!G15,0)) -> 1684 | G12: =(IF('Section Load'!H15>0,'Section Load'!H15,0)) -> 2076 | H12: =(IF('Section Load'!I15>0,'Section Load'!I15,0)) -> 3148 | I12: =(IF('Section Load'!J15>0,'Section Load'!J15,0)) -> 4736 | J12: =(IF('Section Load'!K15>0,'Section Load'!K15,0)) -> 2112 | K12: =(IF('Section Load'!L15>0,'Section Load'!L15,0)) -> 1282 | L12: =(IF('Section Load'!M15>0,'Section Load'!M15,0)) -> 1077 | ... AL12: =(IF('Section Load'!AM15>0,'Section Load'!AM15,0)) -> 494 | AM12: =(IF('Water Report'!$N$7>0,'Water Report'!$N$7,0)) -> 181 | AN12: =(IF('Water Report'!$N$8>0,'Water Report'!$N$8,0)) -> 136 | AO12: =(IF('Water Report'!$N$9>0,'Water Report'!$N$9,0)) -> 104 | AP12: =(IF('Water Report'!$N$10>0,'Water Report'!$N$10,0)) -> 31 | AQ12: =(IF('Water Report'!$N$11>0,'Water Report'!$N$11,0)) -> 65 | AR12: =(IF('Water Report'!$N$13>0,'Water Report'!$N$13,0)) -> 53 | AS12: =(IF('Water Report'!$N$14>0,'Water Report'!$N$14,0)) -> 32 | AT12: =(IF('Water Report'!$N$15>0,'Water Report'!$N$15,0)) -> 12 | AU12: =(IF('Water Report'!$N$17>0,'Water Report'!$N$17,0)) -> 0 | AV12: =(IF('Water Report'!$N$18>0,'Water Report'!$N$18,0)) -> 12 | AW12: =(IF('Water Report'!$N$19>0,'Water Report'!$N$19,0)) -> 12 | AX12: =(IF('Water Report'!$N$21>0,'Water Report'!$N$21,0)) -> 30 | AY12: =(IF('Water Report'!$N$22>0,'Water Report'!$N$22,0)) -> 24 | AZ12: =(IF('Water Report'!$N$23>0,'Water Report'!$N$23,0)) -> 2 | BA12: =(IF('Water Report'!$N$14>0,'Water Report'!$N$14,0)) -> 32 | BB12: =(IF('Water Report'!$N$15>0,'Water Report'!$N$15,0)) -> 12 | BC12: =(IF('Water Report'!$N$13>0,'Water Report'!$N$13,0)) -> 53 | BD12: =(IF('Water Report'!$N$24>0,'Water Report'!$N$24,0)) -> 316 | BE12: =(IF('Water Report'!$N$25>0,'Water Report'!$N$25,0)) -> 244 | BF12: =(IF('Water Report'!$N$27>0,'Water Report'!$N$27,0)) -> 85 | BG12: =(IF('Section Load'!AN15>0,'Section Load'!AN15,0)) -> 1118 | BH12: =(IF('Section Load'!AO15>0,'Section Load'!AO15,0)) -> 316 | BI12: =(IF('Section Load'!AP15>0,'Section Load'!AP15,0)) -> 0 | BJ12: =(IF('Section Load'!AQ15>0,'Section Load'!AQ15,0)) -> 124 | BK12: =(IF('Section Load'!AR15>0,'Section Load'!AR15,0)) -> 53 | BL12: =(IF('Section Load'!AS15>0,'Section Load'!AS15,0)) -> 3 | BM12: =(IF('Section Load'!AT15>0,'Section Load'!AT15,0)) -> 622
A13: Mumbai | B13: =B12+1 -> 12 | C13: 2 | D13: 2022 | E13: =(IF('Section Load'!F16>0,'Section Load'!F16,0)) -> 3199 | F13: =(IF('Section Load'!G16>0,'Section Load'!G16,0)) -> 1783 | G13: =(IF('Section Load'!H16>0,'Section Load'!H16,0)) -> 2162 | H13: =(IF('Section Load'!I16>0,'Section Load'!I16,0)) -> 3245 | I13: =(IF('Section Load'!J16>0,'Section Load'!J16,0)) -> 4928 | J13: =(IF('Section Load'!K16>0,'Section Load'!K16,0)) -> 2226 | K13: =(IF('Section Load'!L16>0,'Section Load'!L16,0)) -> 1310 | L13: =(IF('Section Load'!M16>0,'Section Load'!M16,0)) -> 1194 | ... AL13: =(IF('Section Load'!AM16>0,'Section Load'!AM16,0)) -> 698 | AM13: =(IF('Water Report'!$O$7>0,'Water Report'!$O$7,0)) -> 177 | AN13: =(IF('Water Report'!$O$8>0,'Water Report'!$O$8,0)) -> 182 | AO13: =(IF('Water Report'!$O$9>0,'Water Report'!$O$9,0)) -> 126 | AP13: =(IF('Water Report'!$O$10>0,'Water Report'!$O$10,0)) -> 28 | AQ13: =(IF('Water Report'!$O$11>0,'Water Report'!$O$11,0)) -> 66 | AR13: =(IF('Water Report'!$O$13>0,'Water Report'!$O$13,0)) -> 52 | AS13: =(IF('Water Report'!$O$14>0,'Water Report'!$O$14,0)) -> 14 | AT13: =(IF('Water Report'!$O$15>0,'Water Report'!$O$15,0)) -> 5 | AU13: =(IF('Water Report'!$O$17>0,'Water Report'!$O$17,0)) -> 0 | AV13: =(IF('Water Report'!$O$18>0,'Water Report'!$O$18,0)) -> 17 | AW13: =(IF('Water Report'!$O$19>0,'Water Report'!$O$19,0)) -> 14 | AX13: =(IF('Water Report'!$O$21>0,'Water Report'!$O$21,0)) -> 95 | AY13: =(IF('Water Report'!$O$22>0,'Water Report'!$O$22,0)) -> 20 | AZ13: =(IF('Water Report'!$O$23>0,'Water Report'!$O$23,0)) -> 10 | BA13: =(IF('Water Report'!$O$14>0,'Water Report'!$O$14,0)) -> 14 | BB13: =(IF('Water Report'!$O$15>0,'Water Report'!$O$15,0)) -> 5 | BC13: =(IF('Water Report'!$O$13>0,'Water Report'!$O$13,0)) -> 52 | BD13: =(IF('Water Report'!$O$24>0,'Water Report'!$O$24,0)) -> 339 | BE13: =(IF('Water Report'!$O$25>0,'Water Report'!$O$25,0)) -> 239 | BF13: =(IF('Water Report'!$O$27>0,'Water Report'!$O$27,0)) -> 157 | BG13: =(IF('Section Load'!AN16>0,'Section Load'!AN16,0)) -> 1293 | BH13: =(IF('Section Load'!AO16>0,'Section Load'!AO16,0)) -> 324 | BI13: =(IF('Section Load'!AP16>0,'Section Load'!AP16,0)) -> 0 | BJ13: =(IF('Section Load'!AQ16>0,'Section Load'!AQ16,0)) -> 152 | BK13: =(IF('Section Load'!AR16>0,'Section Load'!AR16,0)) -> 58 | BL13: =(IF('Section Load'!AS16>0,'Section Load'!AS16,0)) -> 4 | BM13: =(IF('Section Load'!AT16>0,'Section Load'!AT16,0)) -> 755
A14: Mumbai | B14: =B13+1 -> 13 | C14: 2 | D14: 2022 | E14: =(IF('Section Load'!F17>0,'Section Load'!F17,0)) -> 2981 | F14: =(IF('Section Load'!G17>0,'Section Load'!G17,0)) -> 1781 | G14: =(IF('Section Load'!H17>0,'Section Load'!H17,0)) -> 2029 | H14: =(IF('Section Load'!I17>0,'Section Load'!I17,0)) -> 3279 | I14: =(IF('Section Load'!J17>0,'Section Load'!J17,0)) -> 5019 | J14: =(IF('Section Load'!K17>0,'Section Load'!K17,0)) -> 2145 | K14: =(IF('Section Load'!L17>0,'Section Load'!L17,0)) -> 1558 | L14: =(IF('Section Load'!M17>0,'Section Load'!M17,0)) -> 1069 | ... AL14: =(IF('Section Load'!AM17>0,'Section Load'!AM17,0)) -> 676 | AM14: =(IF('Water Report'!$P$7>0,'Water Report'!$P$7,0)) -> 177 | AN14: =(IF('Water Report'!$P$8>0,'Water Report'!$P$8,0)) -> 140 | AO14: =(IF('Water Report'!$P$9>0,'Water Report'!$P$9,0)) -> 112 | AP14: =(IF('Water Report'!$P$10>0,'Water Report'!$P$10,0)) -> 27 | AQ14: =(IF('Water Report'!$P$11>0,'Water Report'!$P$11,0)) -> 71 | AR14: =(IF('Water Report'!$P$13>0,'Water Report'!$P$13,0)) -> 32 | AS14: =(IF('Water Report'!$P$14>0,'Water Report'!$P$14,0)) -> 11 | AT14: =(IF('Water Report'!$P$15>0,'Water Report'!$P$15,0)) -> 8 | AU14: =(IF('Water Report'!$P$17>0,'Water Report'!$P$17,0)) -> 0 | AV14: =(IF('Water Report'!$P$18>0,'Water Report'!$P$18,0)) -> 12 | AW14: =(IF('Water Report'!$P$19>0,'Water Report'!$P$19,0)) -> 13 | AX14: =(IF('Water Report'!$P$21>0,'Water Report'!$P$21,0)) -> 42 | AY14: =(IF('Water Report'!$P$22>0,'Water Report'!$P$22,0)) -> 31 | AZ14: =(IF('Water Report'!$P$23>0,'Water Report'!$P$23,0)) -> 0 | BA14: =(IF('Water Report'!$P$14>0,'Water Report'!$P$14,0)) -> 11 | BB14: =(IF('Water Report'!$P$15>0,'Water Report'!$P$15,0)) -> 8 | BC14: =(IF('Water Report'!$P$13>0,'Water Report'!$P$13,0)) -> 32 | BD14: =(IF('Water Report'!$P$24>0,'Water Report'!$P$24,0)) -> 296 | BE14: =(IF('Water Report'!$P$25>0,'Water Report'!$P$25,0)) -> 229 | BF14: =(IF('Water Report'!$P$27>0,'Water Report'!$P$27,0)) -> 74 | BG14: =(IF('Section Load'!AN17>0,'Section Load'!AN17,0)) -> 1108 | BH14: =(IF('Section Load'!AO17>0,'Section Load'!AO17,0)) -> 287 | BI14: =(IF('Section Load'!AP17>0,'Section Load'!AP17,0)) -> 0 | BJ14: =(IF('Section Load'!AQ17>0,'Section Load'!AQ17,0)) -> 119 | BK14: =(IF('Section Load'!AR17>0,'Section Load'!AR17,0)) -> 52 | BL14: =(IF('Section Load'!AS17>0,'Section Load'!AS17,0)) -> 3 | BM14: =(IF('Section Load'!AT17>0,'Section Load'!AT17,0)) -> 647
A15: Mumbai | B15: =B14+1 -> 14 | C15: 2 | D15: 2022 | E15: =(IF('Section Load'!F18>0,'Section Load'!F18,0)) -> 0 | F15: =(IF('Section Load'!G18>0,'Section Load'!G18,0)) -> 0 | G15: =(IF('Section Load'!H18>0,'Section Load'!H18,0)) -> 0 | H15: =(IF('Section Load'!I18>0,'Section Load'!I18,0)) -> 0 | I15: =(IF('Section Load'!J18>0,'Section Load'!J18,0)) -> 0 | J15: =(IF('Section Load'!K18>0,'Section Load'!K18,0)) -> 2011 | K15: =(IF('Section Load'!L18>0,'Section Load'!L18,0)) -> 0 | L15: =(IF('Section Load'!M18>0,'Section Load'!M18,0)) -> 0 | ... AL15: =(IF('Section Load'!AM18>0,'Section Load'!AM18,0)) -> 0 | AM15: =(IF('Water Report'!$Q$7>0,'Water Report'!$Q$7,0)) -> 0 | AN15: =(IF('Water Report'!$Q$8>0,'Water Report'!$Q$8,0)) -> 49 | AO15: =(IF('Water Report'!$Q$9>0,'Water Report'!$Q$9,0)) -> 0 | AP15: =(IF('Water Report'!$Q$10>0,'Water Report'!$Q$10,0)) -> 0 | AQ15: =(IF('Water Report'!$Q$11>0,'Water Report'!$Q$11,0)) -> 0 | AR15: =(IF('Water Report'!$Q$13>0,'Water Report'!$Q$13,0)) -> 0 | AS15: =(IF('Water Report'!$Q$14>0,'Water Report'!$Q$14,0)) -> 0 | AT15: =(IF('Water Report'!$Q$15>0,'Water Report'!$Q$15,0)) -> 0 | AU15: =(IF('Water Report'!$Q$17>0,'Water Report'!$Q$17,0)) -> 0 | AV15: =(IF('Water Report'!$Q$18>0,'Water Report'!$Q$18,0)) -> 5 | AW15: =(IF('Water Report'!$Q$19>0,'Water Report'!$Q$19,0)) -> 0 | AX15: =(IF('Water Report'!$Q$21>0,'Water Report'!$Q$21,0)) -> 0 | AY15: =(IF('Water Report'!$Q$22>0,'Water Report'!$Q$22,0)) -> 0 | AZ15: =(IF('Water Report'!$Q$23>0,'Water Report'!$Q$23,0)) -> 0 | BA15: =(IF('Water Report'!$Q$14>0,'Water Report'!$Q$14,0)) -> 0 | BB15: =(IF('Water Report'!$Q$15>0,'Water Report'!$Q$15,0)) -> 0 | BC15: =(IF('Water Report'!$Q$13>0,'Water Report'!$Q$13,0)) -> 0 | BD15: =(IF('Water Report'!$Q$24>0,'Water Report'!$Q$24,0)) -> 0 | BE15: =(IF('Water Report'!$Q$25>0,'Water Report'!$Q$25,0)) -> 0 | BF15: =(IF('Water Report'!$Q$27>0,'Water Report'!$Q$27,0)) -> 0 | BG15: =(IF('Section Load'!AN18>0,'Section Load'!AN18,0)) -> 745 | BH15: =(IF('Section Load'!AO18>0,'Section Load'!AO18,0)) -> 0 | BI15: =(IF('Section Load'!AP18>0,'Section Load'!AP18,0)) -> 0 | BJ15: =(IF('Section Load'!AQ18>0,'Section Load'!AQ18,0)) -> 0 | BK15: =(IF('Section Load'!AR18>0,'Section Load'!AR18,0)) -> 0 | BL15: =(IF('Section Load'!AS18>0,'Section Load'!AS18,0)) -> 0 | BM15: =(IF('Section Load'!AT18>0,'Section Load'!AT18,0)) -> 14256
A16: Mumbai | B16: =B15+1 -> 15 | C16: 2 | D16: 2022 | E16: =(IF('Section Load'!F19>0,'Section Load'!F19,0)) -> 2552.43 | F16: =(IF('Section Load'!G19>0,'Section Load'!G19,0)) -> 1497.74 | G16: =(IF('Section Load'!H19>0,'Section Load'!H19,0)) -> 1386.95 | H16: =(IF('Section Load'!I19>0,'Section Load'!I19,0)) -> 2494.9 | I16: =(IF('Section Load'!J19>0,'Section Load'!J19,0)) -> 3008.37 | J16: =(IF('Section Load'!K19>0,'Section Load'!K19,0)) -> 2012.71 | K16: =(IF('Section Load'!L19>0,'Section Load'!L19,0)) -> 902.73 | L16: =(IF('Section Load'!M19>0,'Section Load'!M19,0)) -> 573.69 | ... AL16: =(IF('Section Load'!AM19>0,'Section Load'!AM19,0)) -> 398.27 | AM16: =(IF('Water Report'!$R$7>0,'Water Report'!$R$7,0)) -> 79 | AN16: =(IF('Water Report'!$R$8>0,'Water Report'!$R$8,0)) -> 95 | AO16: =(IF('Water Report'!$R$9>0,'Water Report'!$R$9,0)) -> 70 | AP16: =(IF('Water Report'!$R$10>0,'Water Report'!$R$10,0)) -> 17 | AQ16: =(IF('Water Report'!$R$11>0,'Water Report'!$R$11,0)) -> 23 | AR16: =(IF('Water Report'!$R$13>0,'Water Report'!$R$13,0)) -> 23 | AS16: =(IF('Water Report'!$R$14>0,'Water Report'!$R$14,0)) -> 11 | AT16: =(IF('Water Report'!$R$15>0,'Water Report'!$R$15,0)) -> 7 | AU16: =(IF('Water Report'!$R$17>0,'Water Report'!$R$17,0)) -> 0 | AV16: =(IF('Water Report'!$R$18>0,'Water Report'!$R$18,0)) -> 10 | AW16: =(IF('Water Report'!$R$19>0,'Water Report'!$R$19,0)) -> 13 | AX16: =(IF('Water Report'!$R$21>0,'Water Report'!$R$21,0)) -> 72 | AY16: =(IF('Water Report'!$R$22>0,'Water Report'!$R$22,0)) -> 20 | AZ16: =(IF('Water Report'!$R$23>0,'Water Report'!$R$23,0)) -> 11 | BA16: =(IF('Water Report'!$R$14>0,'Water Report'!$R$14,0)) -> 11 | BB16: =(IF('Water Report'!$R$15>0,'Water Report'!$R$15,0)) -> 7 | BC16: =(IF('Water Report'!$R$13>0,'Water Report'!$R$13,0)) -> 23 | BD16: =(IF('Water Report'!$R$24>0,'Water Report'!$R$24,0)) -> 155 | BE16: =(IF('Water Report'!$R$25>0,'Water Report'!$R$25,0)) -> 128 | BF16: =(IF('Water Report'!$R$27>0,'Water Report'!$R$27,0)) -> 106 | BG16: =(IF('Section Load'!AN19>0,'Section Load'!AN19,0)) -> 965 | BH16: =(IF('Section Load'!AO19>0,'Section Load'!AO19,0)) -> 313 | BI16: =(IF('Section Load'!AP19>0,'Section Load'!AP19,0)) -> 0 | BJ16: =(IF('Section Load'!AQ19>0,'Section Load'!AQ19,0)) -> 75 | BK16: =(IF('Section Load'!AR19>0,'Section Load'!AR19,0)) -> 26.4 | BL16: =(IF('Section Load'!AS19>0,'Section Load'!AS19,0)) -> 1 | BM16: =(IF('Section Load'!AT19>0,'Section Load'!AT19,0)) -> 549.6
A17: Mumbai | B17: =B16+1 -> 16 | C17: 2 | D17: 2022 | E17: =(IF('Section Load'!F20>0,'Section Load'!F20,0)) -> 2589.57 | F17: =(IF('Section Load'!G20>0,'Section Load'!G20,0)) -> 1483.26 | G17: =(IF('Section Load'!H20>0,'Section Load'!H20,0)) -> 1625.05 | H17: =(IF('Section Load'!I20>0,'Section Load'!I20,0)) -> 2600.1 | I17: =(IF('Section Load'!J20>0,'Section Load'!J20,0)) -> 3032.77 | J17: =(IF('Section Load'!K20>0,'Section Load'!K20,0)) -> 2071.29 | K17: =(IF('Section Load'!L20>0,'Section Load'!L20,0)) -> 868.27 | L17: =(IF('Section Load'!M20>0,'Section Load'!M20,0)) -> 587.31 | ... AL17: =(IF('Section Load'!AM20>0,'Section Load'!AM20,0)) -> 468.73 | AM17: =(IF('Water Report'!$S$7>0,'Water Report'!$S$7,0)) -> 66 | AN17: =(IF('Water Report'!$S$8>0,'Water Report'!$S$8,0)) -> 91 | AO17: =(IF('Water Report'!$S$9>0,'Water Report'!$S$9,0)) -> 62 | AP17: =(IF('Water Report'!$S$10>0,'Water Report'!$D$10,0)) -> 17 | AQ17: =(IF('Water Report'!$S$11>0,'Water Report'!$D$11,0)) -> 14 | AR17: =(IF('Water Report'!$S$13>0,'Water Report'!$D$13,0)) -> 39 | AS17: =(IF('Water Report'!$S$14>0,'Water Report'!$D$14,0)) -> 9 | AT17: =(IF('Water Report'!$S$15>0,'Water Report'!$D$15,0)) -> 8 | AU17: =(IF('Water Report'!$S$17>0,'Water Report'!$D$17,0)) -> 0 | AV17: =(IF('Water Report'!$S$18>0,'Water Report'!$D$18,0)) -> 11 | AW17: =(IF('Water Report'!$S$19>0,'Water Report'!$D$19,0)) -> 10 | AX17: =(IF('Water Report'!$S$21>0,'Water Report'!$D$21,0)) -> 43 | AY17: =(IF('Water Report'!$S$22>0,'Water Report'!$D$22,0)) -> 29 | AZ17: =(IF('Water Report'!$S$23>0,'Water Report'!$D$23,0)) -> 3 | BA17: =(IF('Water Report'!$S$14>0,'Water Report'!$D$14,0)) -> 9 | BB17: =(IF('Water Report'!$S$15>0,'Water Report'!$D$15,0)) -> 8 | BC17: =(IF('Water Report'!$S$13>0,'Water Report'!$D$13,0)) -> 39 | BD17: =(IF('Water Report'!$S$24>0,'Water Report'!$D$24,0)) -> 235 | BE17: =(IF('Water Report'!$S$25>0,'Water Report'!$D$25,0)) -> 119 | BF17: =(IF('Water Report'!$S$27>0,'Water Report'!$D$27,0)) -> 85 | BG17: =(IF('Section Load'!AN20>0,'Section Load'!AN20,0)) -> 1006 | BH17: =(IF('Section Load'!AO20>0,'Section Load'!AO20,0)) -> 304 | BI17: =(IF('Section Load'!AP20>0,'Section Load'!AP20,0)) -> 0 | BJ17: =(IF('Section Load'!AQ20>0,'Section Load'!AQ20,0)) -> 90 | BK17: =(IF('Section Load'!AR20>0,'Section Load'!AR20,0)) -> 26.6 | BL17: =(IF('Section Load'!AS20>0,'Section Load'!AS20,0)) -> 1 | BM17: =(IF('Section Load'!AT20>0,'Section Load'!AT20,0)) -> 584.4
A18: Mumbai | B18: =B17+1 -> 17 | C18: 2 | D18: 2022 | E18: =(IF('Section Load'!F21>0,'Section Load'!F21,0)) -> 2686.21 | F18: =(IF('Section Load'!G21>0,'Section Load'!G21,0)) -> 1510.42 | G18: =(IF('Section Load'!H21>0,'Section Load'!H21,0)) -> 1604.16 | H18: =(IF('Section Load'!I21>0,'Section Load'!I21,0)) -> 2698 | I18: =(IF('Section Load'!J21>0,'Section Load'!J21,0)) -> 3005.17 | J18: =(IF('Section Load'!K21>0,'Section Load'!K21,0)) -> 2219.15 | K18: =(IF('Section Load'!L21>0,'Section Load'!L21,0)) -> 838.53 | L18: =(IF('Section Load'!M21>0,'Section Load'!M21,0)) -> 592.46 | ... AL18: =(IF('Section Load'!AM21>0,'Section Load'!AM21,0)) -> 488.6 | AM18: =(IF('Water Report'!$T$7>0,'Water Report'!$T$7,0)) -> 66 | AN18: =(IF('Water Report'!$T$8>0,'Water Report'!$T$8,0)) -> 84 | AO18: =(IF('Water Report'!$T$9>0,'Water Report'!$T$9,0)) -> 65 | AP18: =(IF('Water Report'!$T$10>0,'Water Report'!$T$10,0)) -> 15 | AQ18: =(IF('Water Report'!$T$11>0,'Water Report'!$T$11,0)) -> 19 | AR18: =(IF('Water Report'!$T$13>0,'Water Report'!$T$13,0)) -> 21 | AS18: =(IF('Water Report'!$T$14>0,'Water Report'!$T$14,0)) -> 8 | AT18: =(IF('Water Report'!$T$15>0,'Water Report'!$T$15,0)) -> 7 | AU18: =(IF('Water Report'!$T$17>0,'Water Report'!$T$17,0)) -> 0 | AV18: =(IF('Water Report'!$T$18>0,'Water Report'!$T$18,0)) -> 0 | AW18: =(IF('Water Report'!$T$19>0,'Water Report'!$T$19,0)) -> 7 | AX18: =(IF('Water Report'!$T$21>0,'Water Report'!$T$21,0)) -> 60 | AY18: =(IF('Water Report'!$T$22>0,'Water Report'!$T$22,0)) -> 27 | AZ18: =(IF('Water Report'!$T$23>0,'Water Report'!$T$23,0)) -> 1 | BA18: =(IF('Water Report'!$T$14>0,'Water Report'!$T$14,0)) -> 8 | BB18: =(IF('Water Report'!$T$15>0,'Water Report'!$T$15,0)) -> 7 | BC18: =(IF('Water Report'!$T$13>0,'Water Report'!$T$13,0)) -> 21 | BD18: =(IF('Water Report'!$T$24>0,'Water Report'!$T$24,0)) -> 133 | BE18: =(IF('Water Report'!$T$25>0,'Water Report'!$T$25,0)) -> 114 | BF18: =(IF('Water Report'!$T$27>0,'Water Report'!$T$27,0)) -> 82 | BG18: =(IF('Section Load'!AN21>0,'Section Load'!AN21,0)) -> 734.273 | BH18: =(IF('Section Load'!AO21>0,'Section Load'!AO21,0)) -> 307.9 | BI18: =(IF('Section Load'!AP21>0,'Section Load'!AP21,0)) -> 0 | BJ18: =(IF('Section Load'!AQ21>0,'Section Load'!AQ21,0)) -> 73.5 | BK18: =(IF('Section Load'!AR21>0,'Section Load'!AR21,0)) -> 23.3 | BL18: =(IF('Section Load'!AS21>0,'Section Load'!AS21,0)) -> 0 | BM18: =(IF('Section Load'!AT21>0,'Section Load'!AT21,0)) -> 329.773
A19: Mumbai | B19: =B18+1 -> 18 | C19: 2 | D19: 2022 | E19: =(IF('Section Load'!F22>0,'Section Load'!F22,0)) -> 2634.48 | F19: =(IF('Section Load'!G22>0,'Section Load'!G22,0)) -> 1562.55 | G19: =(IF('Section Load'!H22>0,'Section Load'!H22,0)) -> 1696.3 | H19: =(IF('Section Load'!I22>0,'Section Load'!I22,0)) -> 2546.49 | I19: =(IF('Section Load'!J22>0,'Section Load'!J22,0)) -> 3090.52 | J19: =(IF('Section Load'!K22>0,'Section Load'!K22,0)) -> 2338 | K19: =(IF('Section Load'!L22>0,'Section Load'!L22,0)) -> 921.4 | L19: =(IF('Section Load'!M22>0,'Section Load'!M22,0)) -> 600.9 | ... AL19: =(IF('Section Load'!AM22>0,'Section Load'!AM22,0)) -> 500.8 | AM19: =(IF('Water Report'!$U$7>0,'Water Report'!$U$7,0)) -> 69 | AN19: =(IF('Water Report'!$U$8>0,'Water Report'!$U$8,0)) -> 124 | AO19: =(IF('Water Report'!$U$9>0,'Water Report'!$U$9,0)) -> 64 | AP19: =(IF('Water Report'!$U$10>0,'Water Report'!$U$10,0)) -> 11 | AQ19: =(IF('Water Report'!$U$11>0,'Water Report'!$U$11,0)) -> 22 | AR19: =(IF('Water Report'!$U$13>0,'Water Report'!$U$13,0)) -> 55 | AS19: =(IF('Water Report'!$U$14>0,'Water Report'!$U$14,0)) -> 12 | AT19: =(IF('Water Report'!$U$15>0,'Water Report'!$U$15,0)) -> 4 | AU19: =(IF('Water Report'!$U$17>0,'Water Report'!$U$17,0)) -> 0 | AV19: =(IF('Water Report'!$U$18>0,'Water Report'!$U$18,0)) -> 13 | AW19: =(IF('Water Report'!$U$19>0,'Water Report'!$U$19,0)) -> 10 | AX19: =(IF('Water Report'!$U$21>0,'Water Report'!$U$21,0)) -> 64 | AY19: =(IF('Water Report'!$U$22>0,'Water Report'!$U$22,0)) -> 54 | AZ19: =(IF('Water Report'!$U$23>0,'Water Report'!$U$23,0)) -> 15 | BA19: =(IF('Water Report'!$U$14>0,'Water Report'!$U$14,0)) -> 12 | BB19: =(IF('Water Report'!$U$15>0,'Water Report'!$U$15,0)) -> 4 | BC19: =(IF('Water Report'!$U$13>0,'Water Report'!$U$13,0)) -> 55 | BD19: =(IF('Water Report'!$U$24>0,'Water Report'!$U$24,0)) -> 154 | BE19: =(IF('Water Report'!$U$25>0,'Water Report'!$U$25,0)) -> 113 | BF19: =(IF('Water Report'!$U$27>0,'Water Report'!$U$27,0)) -> 134 | BG19: =(IF('Section Load'!AN22>0,'Section Load'!AN22,0)) -> 881.727 | BH19: =(IF('Section Load'!AO22>0,'Section Load'!AO22,0)) -> 285.25 | BI19: =(IF('Section Load'!AP22>0,'Section Load'!AP22,0)) -> 0 | BJ19: =(IF('Section Load'!AQ22>0,'Section Load'!AQ22,0)) -> 80.5 | BK19: =(IF('Section Load'!AR22>0,'Section Load'!AR22,0)) -> 22.7 | BL19: =(IF('Section Load'!AS22>0,'Section Load'!AS22,0)) -> 1 | BM19: =(IF('Section Load'!AT22>0,'Section Load'!AT22,0)) -> 492.277
A20: Mumbai | B20: =B19+1 -> 19 | C20: 2 | D20: 2022 | E20: =(IF('Section Load'!F23>0,'Section Load'!F23,0)) -> 2941.65 | F20: =(IF('Section Load'!G23>0,'Section Load'!G23,0)) -> 1596.17 | G20: =(IF('Section Load'!H23>0,'Section Load'!H23,0)) -> 1623.54 | H20: =(IF('Section Load'!I23>0,'Section Load'!I23,0)) -> 2646.07 | I20: =(IF('Section Load'!J23>0,'Section Load'!J23,0)) -> 2846.14 | J20: =(IF('Section Load'!K23>0,'Section Load'!K23,0)) -> 2372.37 | K20: =(IF('Section Load'!L23>0,'Section Load'!L23,0)) -> 975.76 | L20: =(IF('Section Load'!M23>0,'Section Load'!M23,0)) -> 661.6 | ... AL20: =(IF('Section Load'!AM23>0,'Section Load'!AM23,0)) -> 668.03 | AM20: =(IF('Water Report'!$V$7>0,'Water Report'!$V$7,0)) -> 60 | AN20: =(IF('Water Report'!$V$8>0,'Water Report'!$V$8,0)) -> 93 | AO20: =(IF('Water Report'!$V$9>0,'Water Report'!$V$9,0)) -> 63 | AP20: =(IF('Water Report'!$V$10>0,'Water Report'!$V$10,0)) -> 15 | AQ20: =(IF('Water Report'!$V$11>0,'Water Report'!$V$11,0)) -> 23 | AR20: =(IF('Water Report'!$V$13>0,'Water Report'!$V$13,0)) -> 30 | AS20: =(IF('Water Report'!$V$14>0,'Water Report'!$V$14,0)) -> 8 | AT20: =(IF('Water Report'!$V$15>0,'Water Report'!$V$15,0)) -> 6.1 | AU20: =(IF('Water Report'!$V$17>0,'Water Report'!$V$17,0)) -> 0 | AV20: =(IF('Water Report'!$V$18>0,'Water Report'!$V$18,0)) -> 9 | AW20: =(IF('Water Report'!$V$19>0,'Water Report'!$V$19,0)) -> 9 | AX20: =(IF('Water Report'!$V$21>0,'Water Report'!$V$21,0)) -> 35 | AY20: =(IF('Water Report'!$V$22>0,'Water Report'!$V$22,0)) -> 4 | AZ20: =(IF('Water Report'!$V$23>0,'Water Report'!$V$23,0)) -> 0 | BA20: =(IF('Water Report'!$V$14>0,'Water Report'!$V$14,0)) -> 8 | BB20: =(IF('Water Report'!$V$15>0,'Water Report'!$V$15,0)) -> 6.1 | BC20: =(IF('Water Report'!$V$13>0,'Water Report'!$V$13,0)) -> 30 | BD20: =(IF('Water Report'!$V$24>0,'Water Report'!$V$24,0)) -> 157 | BE20: =(IF('Water Report'!$V$25>0,'Water Report'!$V$25,0)) -> 115.1 | BF20: =(IF('Water Report'!$V$27>0,'Water Report'!$V$27,0)) -> 65 | BG20: =(IF('Section Load'!AN23>0,'Section Load'!AN23,0)) -> 834.3 | BH20: =(IF('Section Load'!AO23>0,'Section Load'!AO23,0)) -> 306.35 | BI20: =(IF('Section Load'!AP23>0,'Section Load'!AP23,0)) -> 0 | BJ20: =(IF('Section Load'!AQ23>0,'Section Load'!AQ23,0)) -> 83.9 | BK20: =(IF('Section Load'!AR23>0,'Section Load'!AR23,0)) -> 27.1 | BL20: =(IF('Section Load'!AS23>0,'Section Load'!AS23,0)) -> 1.3 | BM20: =(IF('Section Load'!AT23>0,'Section Load'!AT23,0)) -> 415.65
A21: Mumbai | B21: =B20+1 -> 20 | C21: 2 | D21: 2022 | E21: =(IF('Section Load'!F24>0,'Section Load'!F24,0)) -> 2570.57 | F21: =(IF('Section Load'!G24>0,'Section Load'!G24,0)) -> 1537.78 | G21: =(IF('Section Load'!H24>0,'Section Load'!H24,0)) -> 1612.85 | H21: =(IF('Section Load'!I24>0,'Section Load'!I24,0)) -> 2507.05 | I21: =(IF('Section Load'!J24>0,'Section Load'!J24,0)) -> 2588.64 | J21: =(IF('Section Load'!K24>0,'Section Load'!K24,0)) -> 2313.47 | K21: =(IF('Section Load'!L24>0,'Section Load'!L24,0)) -> 914.66 | L21: =(IF('Section Load'!M24>0,'Section Load'!M24,0)) -> 594.86 | ... AL21: =(IF('Section Load'!AM24>0,'Section Load'!AM24,0)) -> 655.39 | AM21: =(IF('Water Report'!$W$7>0,'Water Report'!$W$7,0)) -> 69 | AN21: =(IF('Water Report'!$W$8>0,'Water Report'!$W$8,0)) -> 105 | AO21: =(IF('Water Report'!$W$9>0,'Water Report'!$W$9,0)) -> 72 | AP21: =(IF('Water Report'!$W$10>0,'Water Report'!$W$10,0)) -> 10 | AQ21: =(IF('Water Report'!$W$11>0,'Water Report'!$W$11,0)) -> 23 | AR21: =(IF('Water Report'!$W$13>0,'Water Report'!$W$13,0)) -> 50 | AS21: =(IF('Water Report'!$W$14>0,'Water Report'!$W$14,0)) -> 14 | AT21: =(IF('Water Report'!$W$15>0,'Water Report'!$W$15,0)) -> 4.9 | AU21: =(IF('Water Report'!$W$17>0,'Water Report'!$W$17,0)) -> 0 | AV21: =(IF('Water Report'!$W$18>0,'Water Report'!$W$18,0)) -> 12 | AW21: =(IF('Water Report'!$W$19>0,'Water Report'!$W$19,0)) -> 12 | AX21: =(IF('Water Report'!$W$21>0,'Water Report'!$W$21,0)) -> 41 | AY21: =(IF('Water Report'!$W$22>0,'Water Report'!$W$22,0)) -> 0 | AZ21: =(IF('Water Report'!$W$23>0,'Water Report'!$W$23,0)) -> 12 | BA21: =(IF('Water Report'!$W$14>0,'Water Report'!$W$14,0)) -> 14 | BB21: =(IF('Water Report'!$W$15>0,'Water Report'!$W$15,0)) -> 4.9 | BC21: =(IF('Water Report'!$W$13>0,'Water Report'!$W$13,0)) -> 50 | BD21: =(IF('Water Report'!$W$24>0,'Water Report'!$W$24,0)) -> 216 | BE21: =(IF('Water Report'!$W$25>0,'Water Report'!$W$25,0)) -> 123.9 | BF21: =(IF('Water Report'!$W$27>0,'Water Report'!$W$27,0)) -> 103 | BG21: =(IF('Section Load'!AN24>0,'Section Load'!AN24,0)) -> 986.95 | BH21: =(IF('Section Load'!AO24>0,'Section Load'!AO24,0)) -> 295.15 | BI21: =(IF('Section Load'!AP24>0,'Section Load'!AP24,0)) -> 0 | BJ21: =(IF('Section Load'!AQ24>0,'Section Load'!AQ24,0)) -> 83.64 | BK21: =(IF('Section Load'!AR24>0,'Section Load'!AR24,0)) -> 25.6 | BL21: =(IF('Section Load'!AS24>0,'Section Load'!AS24,0)) -> 0.6 | BM21: =(IF('Section Load'!AT24>0,'Section Load'!AT24,0)) -> 581.96
A22: Mumbai | B22: =B21+1 -> 21 | C22: 2 | D22: 2022 | E22: =(IF('Section Load'!F25>0,'Section Load'!F25,0)) -> 2555.77 | F22: =(IF('Section Load'!G25>0,'Section Load'!G25,0)) -> 1565.5 | G22: =(IF('Section Load'!H25>0,'Section Load'!H25,0)) -> 1671.45 | H22: =(IF('Section Load'!I25>0,'Section Load'!I25,0)) -> 2598.24 | I22: =(IF('Section Load'!J25>0,'Section Load'!J25,0)) -> 2838.4 | J22: =(IF('Section Load'!K25>0,'Section Load'!K25,0)) -> 2339.94 | K22: =(IF('Section Load'!L25>0,'Section Load'!L25,0)) -> 1160.05 | L22: =(IF('Section Load'!M25>0,'Section Load'!M25,0)) -> 661.91 | ... AL22: =(IF('Section Load'!AM25>0,'Section Load'!AM25,0)) -> 655.84 | AM22: =(IF('Water Report'!$X$7>0,'Water Report'!$X$7,0)) -> 60 | AN22: =(IF('Water Report'!$X$8>0,'Water Report'!$X$8,0)) -> 96 | AO22: =(IF('Water Report'!$X$9>0,'Water Report'!$X$9,0)) -> 72 | AP22: =(IF('Water Report'!$X$10>0,'Water Report'!$X$10,0)) -> 12 | AQ22: =(IF('Water Report'!$X$11>0,'Water Report'!$X$11,0)) -> 20 | AR22: =(IF('Water Report'!$X$13>0,'Water Report'!$X$13,0)) -> 34 | AS22: =(IF('Water Report'!$X$14>0,'Water Report'!$X$14,0)) -> 8 | AT22: =(IF('Water Report'!$X$15>0,'Water Report'!$X$15,0)) -> 4 | AU22: =(IF('Water Report'!$X$17>0,'Water Report'!$X$17,0)) -> 0 | AV22: =(IF('Water Report'!$X$18>0,'Water Report'!$X$18,0)) -> 11 | AW22: =(IF('Water Report'!$X$19>0,'Water Report'!$X$19,0)) -> 10 | AX22: =(IF('Water Report'!$X$21>0,'Water Report'!$X$21,0)) -> 61 | AY22: =(IF('Water Report'!$X$22>0,'Water Report'!$X$22,0)) -> 20 | AZ22: =(IF('Water Report'!$X$23>0,'Water Report'!$X$23,0)) -> 14 | BA22: =(IF('Water Report'!$X$14>0,'Water Report'!$X$14,0)) -> 8 | BB22: =(IF('Water Report'!$X$15>0,'Water Report'!$X$15,0)) -> 4 | BC22: =(IF('Water Report'!$X$13>0,'Water Report'!$X$13,0)) -> 34 | BD22: =(IF('Water Report'!$X$24>0,'Water Report'!$X$24,0)) -> 167 | BE22: =(IF('Water Report'!$X$25>0,'Water Report'!$X$25,0)) -> 116 | BF22: =(IF('Water Report'!$X$27>0,'Water Report'!$X$27,0)) -> 109 | BG22: =(IF('Section Load'!AN25>0,'Section Load'!AN25,0)) -> 1017.34 | BH22: =(IF('Section Load'!AO25>0,'Section Load'!AO25,0)) -> 294.76 | BI22: =(IF('Section Load'!AP25>0,'Section Load'!AP25,0)) -> 0 | BJ22: =(IF('Section Load'!AQ25>0,'Section Load'!AQ25,0)) -> 104.78 | BK22: =(IF('Section Load'!AR25>0,'Section Load'!AR25,0)) -> 50.3 | BL22: =(IF('Section Load'!AS25>0,'Section Load'!AS25,0)) -> 1.1 | BM22: =(IF('Section Load'!AT25>0,'Section Load'!AT25,0)) -> 566.4
A23: Mumbai | B23: =B22+1 -> 22 | C23: 2 | D23: 2022 | E23: =(IF('Section Load'!F26>0,'Section Load'!F26,0)) -> 2596.63 | F23: =(IF('Section Load'!G26>0,'Section Load'!G26,0)) -> 1587.09 | G23: =(IF('Section Load'!H26>0,'Section Load'!H26,0)) -> 1787.24 | H23: =(IF('Section Load'!I26>0,'Section Load'!I26,0)) -> 2648.7 | I23: =(IF('Section Load'!J26>0,'Section Load'!J26,0)) -> 3073.58 | J23: =(IF('Section Load'!K26>0,'Section Load'!K26,0)) -> 2333.42 | K23: =(IF('Section Load'!L26>0,'Section Load'!L26,0)) -> 1510.7 | L23: =(IF('Section Load'!M26>0,'Section Load'!M26,0)) -> 834.29 | ... AL23: =(IF('Section Load'!AM26>0,'Section Load'!AM26,0)) -> 653.44 | AM23: =(IF('Water Report'!$Y$7>0,'Water Report'!$Y$7,0)) -> 72 | AN23: =(IF('Water Report'!$Y$8>0,'Water Report'!$Y$8,0)) -> 108 | AO23: =(IF('Water Report'!$Y$9>0,'Water Report'!$Y$9,0)) -> 75 | AP23: =(IF('Water Report'!$Y$10>0,'Water Report'!$Y$10,0)) -> 14 | AQ23: =(IF('Water Report'!$Y$11>0,'Water Report'!$Y$11,0)) -> 20 | AR23: =(IF('Water Report'!$Y$13>0,'Water Report'!$Y$13,0)) -> 45 | AS23: =(IF('Water Report'!$Y$14>0,'Water Report'!$Y$14,0)) -> 8 | AT23: =(IF('Water Report'!$Y$15>0,'Water Report'!$Y$15,0)) -> 6 | AU23: =(IF('Water Report'!$Y$17>0,'Water Report'!$Y$17,0)) -> 0 | AV23: =(IF('Water Report'!$Y$18>0,'Water Report'!$Y$18,0)) -> 12 | AW23: =(IF('Water Report'!$Y$19>0,'Water Report'!$Y$19,0)) -> 10 | AX23: =(IF('Water Report'!$Y$21>0,'Water Report'!$Y$21,0)) -> 0 | AY23: =(IF('Water Report'!$Y$22>0,'Water Report'!$Y$22,0)) -> 14 | AZ23: =(IF('Water Report'!$Y$23>0,'Water Report'!$Y$23,0)) -> 5 | BA23: =(IF('Water Report'!$Y$14>0,'Water Report'!$Y$14,0)) -> 8 | BB23: =(IF('Water Report'!$Y$15>0,'Water Report'!$Y$15,0)) -> 6 | BC23: =(IF('Water Report'!$Y$13>0,'Water Report'!$Y$13,0)) -> 45 | BD23: =(IF('Water Report'!$Y$24>0,'Water Report'!$Y$24,0)) -> 176 | BE23: =(IF('Water Report'!$Y$25>0,'Water Report'!$Y$25,0)) -> 123 | BF23: =(IF('Water Report'!$Y$27>0,'Water Report'!$Y$27,0)) -> 50 | BG23: =(IF('Section Load'!AN26>0,'Section Load'!AN26,0)) -> 1036.41 | BH23: =(IF('Section Load'!AO26>0,'Section Load'!AO26,0)) -> 307.71 | BI23: =(IF('Section Load'!AP26>0,'Section Load'!AP26,0)) -> 0 | BJ23: =(IF('Section Load'!AQ26>0,'Section Load'!AQ26,0)) -> 119.35 | BK23: =(IF('Section Load'!AR26>0,'Section Load'!AR26,0)) -> 40 | BL23: =(IF('Section Load'!AS26>0,'Section Load'!AS26,0)) -> 3 | BM23: =(IF('Section Load'!AT26>0,'Section Load'!AT26,0)) -> 566.35
A24: Mumbai | B24: =B23+1 -> 23 | C24: 2 | D24: 2022 | E24: =(IF('Section Load'!F27>0,'Section Load'!F27,0)) -> 2448.68 | F24: =(IF('Section Load'!G27>0,'Section Load'!G27,0)) -> 1571.98 | G24: =(IF('Section Load'!H27>0,'Section Load'!H27,0)) -> 1932.07 | H24: =(IF('Section Load'!I27>0,'Section Load'!I27,0)) -> 2576.25 | I24: =(IF('Section Load'!J27>0,'Section Load'!J27,0)) -> 2695.22 | J24: =(IF('Section Load'!K27>0,'Section Load'!K27,0)) -> 2339.24 | K24: =(IF('Section Load'!L27>0,'Section Load'!L27,0)) -> 1627.26 | L24: =(IF('Section Load'!M27>0,'Section Load'!M27,0)) -> 1155.28 | ... AL24: =(IF('Section Load'!AM27>0,'Section Load'!AM27,0)) -> 661.33 | AM24: =(IF('Water Report'!$Z$7>0,'Water Report'!$Z$7,0)) -> 119 | AN24: =(IF('Water Report'!$Z$8>0,'Water Report'!$Z$8,0)) -> 126 | AO24: =(IF('Water Report'!$Z$9>0,'Water Report'!$Z$9,0)) -> 88 | AP24: =(IF('Water Report'!$Z$10>0,'Water Report'!$Z$10,0)) -> 23 | AQ24: =(IF('Water Report'!$Z$11>0,'Water Report'!$Z$11,0)) -> 25 | AR24: =(IF('Water Report'!$Z$13>0,'Water Report'!$Z$13,0)) -> 42 | AS24: =(IF('Water Report'!$Z$14>0,'Water Report'!$Z$14,0)) -> 31 | AT24: =(IF('Water Report'!$Z$15>0,'Water Report'!$Z$15,0)) -> 6 | AU24: =(IF('Water Report'!$Z$17>0,'Water Report'!$Z$17,0)) -> 0 | AV24: =(IF('Water Report'!$Z$18>0,'Water Report'!$Z$18,0)) -> 13 | AW24: =(IF('Water Report'!$Z$19>0,'Water Report'!$Z$19,0)) -> 11 | AX24: =(IF('Water Report'!$Z$21>0,'Water Report'!$Z$21,0)) -> 104 | AY24: =(IF('Water Report'!$Z$22>0,'Water Report'!$Z$22,0)) -> 52 | AZ24: =(IF('Water Report'!$Z$23>0,'Water Report'!$Z$23,0)) -> 2 | BA24: =(IF('Water Report'!$Z$14>0,'Water Report'!$Z$14,0)) -> 31 | BB24: =(IF('Water Report'!$Z$15>0,'Water Report'!$Z$15,0)) -> 6 | BC24: =(IF('Water Report'!$Z$13>0,'Water Report'!$Z$13,0)) -> 42 | BD24: =(IF('Water Report'!$Z$24>0,'Water Report'!$Z$24,0)) -> 216 | BE24: =(IF('Water Report'!$Z$25>0,'Water Report'!$Z$25,0)) -> 173 | BF24: =(IF('Water Report'!$Z$27>0,'Water Report'!$Z$27,0)) -> 148 | BG24: =(IF('Section Load'!AN27>0,'Section Load'!AN27,0)) -> 979.92 | BH24: =(IF('Section Load'!AO27>0,'Section Load'!AO27,0)) -> 292.69 | BI24: =(IF('Section Load'!AP27>0,'Section Load'!AP27,0)) -> 0 | BJ24: =(IF('Section Load'!AQ27>0,'Section Load'!AQ27,0)) -> 101.33 | BK24: =(IF('Section Load'!AR27>0,'Section Load'!AR27,0)) -> 36 | BL24: =(IF('Section Load'!AS27>0,'Section Load'!AS27,0)) -> 1 | BM24: =(IF('Section Load'!AT27>0,'Section Load'!AT27,0)) -> 548.9
A25: Mumbai | B25: =B24+1 -> 24 | C25: 2 | D25: 2022 | E25: =(IF('Section Load'!F28>0,'Section Load'!F28,0)) -> 2037.01 | F25: =(IF('Section Load'!G28>0,'Section Load'!G28,0)) -> 1645.51 | G25: =(IF('Section Load'!H28>0,'Section Load'!H28,0)) -> 1826.39 | H25: =(IF('Section Load'!I28>0,'Section Load'!I28,0)) -> 2607.2 | I25: =(IF('Section Load'!J28>0,'Section Load'!J28,0)) -> 2484.33 | J25: =(IF('Section Load'!K28>0,'Section Load'!K28,0)) -> 2087.41 | K25: =(IF('Section Load'!L28>0,'Section Load'!L28,0)) -> 1014.64 | L25: =(IF('Section Load'!M28>0,'Section Load'!M28,0)) -> 656.7 | ... AL25: =(IF('Section Load'!AM28>0,'Section Load'!AM28,0)) -> 437.57 | AM25: =(IF('Water Report'!$AA$7>0,'Water Report'!$AA$7,0)) -> 124 | AN25: =(IF('Water Report'!$AA$8>0,'Water Report'!$AA$8,0)) -> 68 | AO25: =(IF('Water Report'!$AA$9>0,'Water Report'!$AA$9,0)) -> 103 | AP25: =(IF('Water Report'!$AA$10>0,'Water Report'!$AA$10,0)) -> 14 | AQ25: =(IF('Water Report'!$AA$11>0,'Water Report'!$AA$11,0)) -> 25 | AR25: =(IF('Water Report'!$AA$13>0,'Water Report'!$AA$13,0)) -> 33 | AS25: =(IF('Water Report'!$AA$14>0,'Water Report'!$AA$14,0)) -> 31 | AT25: =(IF('Water Report'!$AA$15>0,'Water Report'!$AA$15,0)) -> 8 | AU25: =(IF('Water Report'!$AA$17>0,'Water Report'!$AA$17,0)) -> 0 | AV25: =(IF('Water Report'!$AA$18>0,'Water Report'!$AA$18,0)) -> 14 | AW25: =(IF('Water Report'!$AA$19>0,'Water Report'!$AA$19,0)) -> 10 | AX25: =(IF('Water Report'!$AA$21>0,'Water Report'!$AA$21,0)) -> 42 | AY25: =(IF('Water Report'!$AA$22>0,'Water Report'!$AA$22,0)) -> 30 | AZ25: =(IF('Water Report'!$AA$23>0,'Water Report'!$AA$23,0)) -> 7 | BA25: =(IF('Water Report'!$AA$14>0,'Water Report'!$AA$14,0)) -> 31 | BB25: =(IF('Water Report'!$AA$15>0,'Water Report'!$AA$15,0)) -> 8 | BC25: =(IF('Water Report'!$AA$13>0,'Water Report'!$AA$13,0)) -> 33 | BD25: =(IF('Water Report'!$AA$24>0,'Water Report'!$AA$24,0)) -> 212 | BE25: =(IF('Water Report'!$AA$25>0,'Water Report'!$AA$25,0)) -> 181 | BF25: =(IF('Water Report'!$AA$27>0,'Water Report'!$AA$27,0)) -> 82 | BG25: =(IF('Section Load'!AN28>0,'Section Load'!AN28,0)) -> 1037.08 | BH25: =(IF('Section Load'!AO28>0,'Section Load'!AO28,0)) -> 311.19 | BI25: =(IF('Section Load'!AP28>0,'Section Load'!AP28,0)) -> 0 | BJ25: =(IF('Section Load'!AQ28>0,'Section Load'!AQ28,0)) -> 114 | BK25: =(IF('Section Load'!AR28>0,'Section Load'!AR28,0)) -> 34 | BL25: =(IF('Section Load'!AS28>0,'Section Load'!AS28,0)) -> 1 | BM25: =(IF('Section Load'!AT28>0,'Section Load'!AT28,0)) -> 576.89
A26: Mumbai | B26: =B25+1 -> 25 | C26: 2 | D26: 2022 | E26: =(IF('Section Load'!F29>0,'Section Load'!F29,0)) -> 2140 | F26: =(IF('Section Load'!G29>0,'Section Load'!G29,0)) -> 1608 | G26: =(IF('Section Load'!H29>0,'Section Load'!H29,0)) -> 1761 | H26: =(IF('Section Load'!I29>0,'Section Load'!I29,0)) -> 2591 | I26: =(IF('Section Load'!J29>0,'Section Load'!J29,0)) -> 3028.4 | J26: =(IF('Section Load'!K29>0,'Section Load'!K29,0)) -> 1958 | K26: =(IF('Section Load'!L29>0,'Section Load'!L29,0)) -> 1011 | L26: =(IF('Section Load'!M29>0,'Section Load'!M29,0)) -> 600 | ... AL26: =(IF('Section Load'!AM29>0,'Section Load'!AM29,0)) -> 397 | AM26: =(IF('Water Report'!$AB$7>0,'Water Report'!$AB$7,0)) -> 102 | AN26: =(IF('Water Report'!$AB$8>0,'Water Report'!$AB$8,0)) -> 164 | AO26: =(IF('Water Report'!$AB$9>0,'Water Report'!$AB$9,0)) -> 86 | AP26: =(IF('Water Report'!$AB$10>0,'Water Report'!$AB$10,0)) -> 11 | AQ26: =(IF('Water Report'!$AB$11>0,'Water Report'!$AB$11,0)) -> 20 | AR26: =(IF('Water Report'!$AB$13>0,'Water Report'!$AB$13,0)) -> 73 | AS26: =(IF('Water Report'!$AB$14>0,'Water Report'!$AB$14,0)) -> 5 | AT26: =(IF('Water Report'!$AB$15>0,'Water Report'!$AB$15,0)) -> 12 | AU26: =(IF('Water Report'!$AB$17>0,'Water Report'!$AB$17,0)) -> 0 | AV26: =(IF('Water Report'!$AB$18>0,'Water Report'!$AB$18,0)) -> 8 | AW26: =(IF('Water Report'!$AB$19>0,'Water Report'!$AB$19,0)) -> 8 | AX26: =(IF('Water Report'!$AB$21>0,'Water Report'!$AB$21,0)) -> 21 | AY26: =(IF('Water Report'!$AB$22>0,'Water Report'!$AB$22,0)) -> 80 | AZ26: =(IF('Water Report'!$AB$23>0,'Water Report'!$AB$23,0)) -> 7 | BA26: =(IF('Water Report'!$AB$14>0,'Water Report'!$AB$14,0)) -> 5 | BB26: =(IF('Water Report'!$AB$15>0,'Water Report'!$AB$15,0)) -> 12 | BC26: =(IF('Water Report'!$AB$13>0,'Water Report'!$AB$13,0)) -> 73 | BD26: =(IF('Water Report'!$AB$24>0,'Water Report'!$AB$24,0)) -> 190 | BE26: =(IF('Water Report'!$AB$25>0,'Water Report'!$AB$25,0)) -> 134 | BF26: =(IF('Water Report'!$AB$27>0,'Water Report'!$AB$27,0)) -> 101 | BG26: =(IF('Section Load'!AN29>0,'Section Load'!AN29,0)) -> 815 | BH26: =(IF('Section Load'!AO29>0,'Section Load'!AO29,0)) -> 296 | BI26: =(IF('Section Load'!AP29>0,'Section Load'!AP29,0)) -> 0 | BJ26: =(IF('Section Load'!AQ29>0,'Section Load'!AQ29,0)) -> 102 | BK26: =(IF('Section Load'!AR29>0,'Section Load'!AR29,0)) -> 28 | BL26: =(IF('Section Load'!AS29>0,'Section Load'!AS29,0)) -> 0 | BM26: =(IF('Section Load'!AT29>0,'Section Load'!AT29,0)) -> 389
A27: Mumbai | B27: =B26+1 -> 26 | C27: 2 | D27: 2022 | E27: =(IF('Section Load'!F30>0,'Section Load'!F30,0)) -> 2079 | F27: =(IF('Section Load'!G30>0,'Section Load'!G30,0)) -> 1519 | G27: =(IF('Section Load'!H30>0,'Section Load'!H30,0)) -> 1746 | H27: =(IF('Section Load'!I30>0,'Section Load'!I30,0)) -> 2557 | I27: =(IF('Section Load'!J30>0,'Section Load'!J30,0)) -> 3448 | J27: =(IF('Section Load'!K30>0,'Section Load'!K30,0)) -> 1948 | K27: =(IF('Section Load'!L30>0,'Section Load'!L30,0)) -> 1009 | L27: =(IF('Section Load'!M30>0,'Section Load'!M30,0)) -> 643 | ... AL27: =(IF('Section Load'!AM30>0,'Section Load'!AM30,0)) -> 428 | AM27: =(IF('Water Report'!$AC$7>0,'Water Report'!$AC$7,0)) -> 93 | AN27: =(IF('Water Report'!$AC$8>0,'Water Report'!$AC$8,0)) -> 127 | AO27: =(IF('Water Report'!$AC$9>0,'Water Report'!$AC$9,0)) -> 84 | AP27: =(IF('Water Report'!$AC$10>0,'Water Report'!$AC$10,0)) -> 19 | AQ27: =(IF('Water Report'!$AC$11>0,'Water Report'!$AC$11,0)) -> 26 | AR27: =(IF('Water Report'!$AC$13>0,'Water Report'!$AC$13,0)) -> 50 | AS27: =(IF('Water Report'!$AC$14>0,'Water Report'!$AC$14,0)) -> 8 | AT27: =(IF('Water Report'!$AC$15>0,'Water Report'!$AC$15,0)) -> 13 | AU27: =(IF('Water Report'!$AC$17>0,'Water Report'!$AC$17,0)) -> 0 | AV27: =(IF('Water Report'!$AC$18>0,'Water Report'!$AC$18,0)) -> 12 | AW27: =(IF('Water Report'!$AC$19>0,'Water Report'!$AC$19,0)) -> 10 | AX27: =(IF('Water Report'!$AC$21>0,'Water Report'!$AC$21,0)) -> 55 | AY27: =(IF('Water Report'!$AC$22>0,'Water Report'!$AC$22,0)) -> 48 | AZ27: =(IF('Water Report'!$AC$23>0,'Water Report'!$AC$23,0)) -> 0 | BA27: =(IF('Water Report'!$AC$14>0,'Water Report'!$AC$14,0)) -> 8 | BB27: =(IF('Water Report'!$AC$15>0,'Water Report'!$AC$15,0)) -> 13 | BC27: =(IF('Water Report'!$AC$13>0,'Water Report'!$AC$13,0)) -> 50 | BD27: =(IF('Water Report'!$AC$24>0,'Water Report'!$AC$24,0)) -> 175 | BE27: =(IF('Water Report'!$AC$25>0,'Water Report'!$AC$25,0)) -> 150 | BF27: =(IF('Water Report'!$AC$27>0,'Water Report'!$AC$27,0)) -> 105 | BG27: =(IF('Section Load'!AN30>0,'Section Load'!AN30,0)) -> 936 | BH27: =(IF('Section Load'!AO30>0,'Section Load'!AO30,0)) -> 286 | BI27: =(IF('Section Load'!AP30>0,'Section Load'!AP30,0)) -> 0 | BJ27: =(IF('Section Load'!AQ30>0,'Section Load'!AQ30,0)) -> 105 | BK27: =(IF('Section Load'!AR30>0,'Section Load'!AR30,0)) -> 31 | BL27: =(IF('Section Load'!AS30>0,'Section Load'!AS30,0)) -> 1 | BM27: =(IF('Section Load'!AT30>0,'Section Load'!AT30,0)) -> 513
A28: Mumbai | B28: =B27+1 -> 27 | C28: 2 | D28: 2022 | E28: =(IF('Section Load'!F31>0,'Section Load'!F31,0)) -> 2111 | F28: =(IF('Section Load'!G31>0,'Section Load'!G31,0)) -> 1582 | G28: =(IF('Section Load'!H31>0,'Section Load'!H31,0)) -> 1792 | H28: =(IF('Section Load'!I31>0,'Section Load'!I31,0)) -> 2612 | I28: =(IF('Section Load'!J31>0,'Section Load'!J31,0)) -> 3934 | J28: =(IF('Section Load'!K31>0,'Section Load'!K31,0)) -> 1969 | K28: =(IF('Section Load'!L31>0,'Section Load'!L31,0)) -> 977 | L28: =(IF('Section Load'!M31>0,'Section Load'!M31,0)) -> 707 | ... AL28: =(IF('Section Load'!AM31>0,'Section Load'!AM31,0)) -> 369 | AM28: =(IF('Water Report'!$AD$7>0,'Water Report'!$AD$7,0)) -> 120 | AN28: =(IF('Water Report'!$AD$8>0,'Water Report'!$AD$8,0)) -> 150 | AO28: =(IF('Water Report'!$AD$9>0,'Water Report'!$AD$9,0)) -> 97 | AP28: =(IF('Water Report'!$AD$10>0,'Water Report'!AD$10,0)) -> 25 | AQ28: =(IF('Water Report'!$AD$11>0,'Water Report'!AE$11,0)) -> 23 | AR28: =(IF('Water Report'!$AD$13>0,'Water Report'!AF$13,0)) -> 48 | AS28: =(IF('Water Report'!$AD$14>0,'Water Report'!AG$14,0)) -> 8 | AT28: =(IF('Water Report'!$AD$15>0,'Water Report'!AH$15,0)) -> 8 | AU28: =(IF('Water Report'!$AD$17>0,'Water Report'!AI$17,0)) -> 0 | AV28: =(IF('Water Report'!$AD$18>0,'Water Report'!AJ$18,0)) -> 0 | AW28: =(IF('Water Report'!$AD$19>0,'Water Report'!AK$19,0)) -> 0 | AX28: =(IF('Water Report'!$AD$21>0,'Water Report'!AL$21,0)) -> 0 | AY28: =(IF('Water Report'!$AD$22>0,'Water Report'!AM$22,0)) -> 0 | AZ28: =(IF('Water Report'!$AD$23>0,'Water Report'!AN$23,0)) -> 0 | BA28: =(IF('Water Report'!$AD$14>0,'Water Report'!AO$14,0)) -> 0 | BB28: =(IF('Water Report'!$AD$15>0,'Water Report'!AP$15,0)) -> 0 | BC28: =(IF('Water Report'!$AD$13>0,'Water Report'!AQ$13,0)) -> 0 | BD28: =(IF('Water Report'!$AD$24>0,'Water Report'!AR$24,0)) -> 0 | BE28: =(IF('Water Report'!$AD$25>0,'Water Report'!AS$25,0)) -> 0 | BF28: =(IF('Water Report'!$AD$27>0,'Water Report'!AT$27,0)) -> 0 | BG28: =(IF('Section Load'!AN31>0,'Section Load'!AN31,0)) -> 954 | BH28: =(IF('Section Load'!AO31>0,'Section Load'!AO31,0)) -> 293 | BI28: =(IF('Section Load'!AP31>0,'Section Load'!AP31,0)) -> 0 | BJ28: =(IF('Section Load'!AQ31>0,'Section Load'!AQ31,0)) -> 99 | BK28: =(IF('Section Load'!AR31>0,'Section Load'!AR31,0)) -> 27 | BL28: =(IF('Section Load'!AS31>0,'Section Load'!AS31,0)) -> 1 | BM28: =(IF('Section Load'!AT31>0,'Section Load'!AT31,0)) -> 534
A29: Mumbai | B29: =B28+1 -> 28 | C29: 2 | D29: 2022 | E29: =(IF('Section Load'!F32>0,'Section Load'!F32,0)) -> 2153 | F29: =(IF('Section Load'!G32>0,'Section Load'!G32,0)) -> 1576 | G29: =(IF('Section Load'!H32>0,'Section Load'!H32,0)) -> 1753 | H29: =(IF('Section Load'!I32>0,'Section Load'!I32,0)) -> 2604 | I29: =(IF('Section Load'!J32>0,'Section Load'!J32,0)) -> 4136 | J29: =(IF('Section Load'!K32>0,'Section Load'!K32,0)) -> 1961 | K29: =(IF('Section Load'!L32>0,'Section Load'!L32,0)) -> 1036 | L29: =(IF('Section Load'!M32>0,'Section Load'!M32,0)) -> 689 | ... AL29: =(IF('Section Load'!AM32>0,'Section Load'!AM32,0)) -> 407 | AM29: =(IF('Water Report'!$AE$7>0,'Water Report'!$AE$7,0)) -> 90 | AN29: =(IF('Water Report'!$AE$8>0,'Water Report'!$AE$8,0)) -> 139 | AO29: =(IF('Water Report'!$AE$9>0,'Water Report'!$AE$9,0)) -> 89 | AP29: =(IF('Water Report'!$AE$10>0,'Water Report'!$AE$10,0)) -> 17 | AQ29: =(IF('Water Report'!$AE$11>0,'Water Report'!$AE$11,0)) -> 23 | AR29: =(IF('Water Report'!$AE$13>0,'Water Report'!$AE$13,0)) -> 68 | AS29: =(IF('Water Report'!$AE$14>0,'Water Report'!$AE$14,0)) -> 6 | AT29: =(IF('Water Report'!$AE$15>0,'Water Report'!$AE$15,0)) -> 9 | AU29: =(IF('Water Report'!$AE$17>0,'Water Report'!$AE$17,0)) -> 0 | AV29: =(IF('Water Report'!$AE$18>0,'Water Report'!$AE$18,0)) -> 15 | AW29: =(IF('Water Report'!$AE$19>0,'Water Report'!$AE$19,0)) -> 9 | AX29: =(IF('Water Report'!$AE$21>0,'Water Report'!$AE$21,0)) -> 50 | AY29: =(IF('Water Report'!$AE$22>0,'Water Report'!$AE$22,0)) -> 69 | AZ29: =(IF('Water Report'!$AE$23>0,'Water Report'!$AE$23,0)) -> 3 | BA29: =(IF('Water Report'!$AE$14>0,'Water Report'!$AE$14,0)) -> 6 | BB29: =(IF('Water Report'!$AE$15>0,'Water Report'!$AE$15,0)) -> 9 | BC29: =(IF('Water Report'!$AE$13>0,'Water Report'!$AE$13,0)) -> 68 | BD29: =(IF('Water Report'!$AE$24>0,'Water Report'!$AE$24,0)) -> 92 | BE29: =(IF('Water Report'!$AE$25>0,'Water Report'!$AE$25,0)) -> 144 | BF29: =(IF('Water Report'!$AE$27>0,'Water Report'!$AE$27,0)) -> 121 | BG29: =(IF('Section Load'!AN32>0,'Section Load'!AN32,0)) -> 971 | BH29: =(IF('Section Load'!AO32>0,'Section Load'!AO32,0)) -> 352 | BI29: =(IF('Section Load'!AP32>0,'Section Load'!AP32,0)) -> 0 | BJ29: =(IF('Section Load'!AQ32>0,'Section Load'!AQ32,0)) -> 83 | BK29: =(IF('Section Load'!AR32>0,'Section Load'!AR32,0)) -> 50 | BL29: =(IF('Section Load'!AS32>0,'Section Load'!AS32,0)) -> 1 | BM29: =(IF('Section Load'!AT32>0,'Section Load'!AT32,0)) -> 485
A30: Mumbai | B30: =B29+1 -> 29 | C30: 2 | D30: 2022 | E30: =(IF('Section Load'!F33>0,'Section Load'!F33,0)) -> 2108 | F30: =(IF('Section Load'!G33>0,'Section Load'!G33,0)) -> 1611 | G30: =(IF('Section Load'!H33>0,'Section Load'!H33,0)) -> 1750 | H30: =(IF('Section Load'!I33>0,'Section Load'!I33,0)) -> 2606 | I30: =(IF('Section Load'!J33>0,'Section Load'!J33,0)) -> 3572 | J30: =(IF('Section Load'!K33>0,'Section Load'!K33,0)) -> 2065 | K30: =(IF('Section Load'!L33>0,'Section Load'!L33,0)) -> 983 | L30: =(IF('Section Load'!M33>0,'Section Load'!M33,0)) -> 695 | ... AL30: =(IF('Section Load'!AM33>0,'Section Load'!AM33,0)) -> 494 | AM30: =(IF('Water Report'!$AF$7>0,'Water Report'!$AF$7,0)) -> 102 | AN30: =(IF('Water Report'!$AF$8>0,'Water Report'!$AF$8,0)) -> 139 | AO30: =(IF('Water Report'!$AF$9>0,'Water Report'!$AF$9,0)) -> 84 | AP30: =(IF('Water Report'!$AF$10>0,'Water Report'!$AF$10,0)) -> 22 | AQ30: =(IF('Water Report'!$AF$11>0,'Water Report'!$AF$11,0)) -> 25 | AR30: =(IF('Water Report'!$AF$13>0,'Water Report'!$AF$13,0)) -> 48 | AS30: =(IF('Water Report'!$AF$14>0,'Water Report'!$AF$14,0)) -> 7 | AT30: =(IF('Water Report'!$AF$15>0,'Water Report'!$AF$15,0)) -> 15 | AU30: =(IF('Water Report'!$AF$17>0,'Water Report'!$AF$17,0)) -> 0 | AV30: =(IF('Water Report'!$AF$18>0,'Water Report'!$AF$18,0)) -> 13 | AW30: =(IF('Water Report'!$AF$19>0,'Water Report'!$AF$19,0)) -> 12 | AX30: =(IF('Water Report'!$AF$21>0,'Water Report'!$AF$21,0)) -> 42 | AY30: =(IF('Water Report'!$AF$22>0,'Water Report'!$AF$22,0)) -> 18 | AZ30: =(IF('Water Report'!$AF$23>0,'Water Report'!$AF$23,0)) -> 15 | BA30: =(IF('Water Report'!$AF$14>0,'Water Report'!$AF$14,0)) -> 7 | BB30: =(IF('Water Report'!$AF$15>0,'Water Report'!$AF$15,0)) -> 15 | BC30: =(IF('Water Report'!$AF$13>0,'Water Report'!$AF$13,0)) -> 48 | BD30: =(IF('Water Report'!$AF$24>0,'Water Report'!$AF$24,0)) -> 312 | BE30: =(IF('Water Report'!$AF$25>0,'Water Report'!$AF$25,0)) -> 153 | BF30: =(IF('Water Report'!$AF$27>0,'Water Report'!$AF$27,0)) -> 105 | BG30: =(IF('Section Load'!AN33>0,'Section Load'!AN33,0)) -> 1002 | BH30: =(IF('Section Load'!AO33>0,'Section Load'!AO33,0)) -> 303 | BI30: =(IF('Section Load'!AP33>0,'Section Load'!AP33,0)) -> 0 | BJ30: =(IF('Section Load'!AQ33>0,'Section Load'!AQ33,0)) -> 98 | BK30: =(IF('Section Load'!AR33>0,'Section Load'!AR33,0)) -> 46 | BL30: =(IF('Section Load'!AS33>0,'Section Load'!AS33,0)) -> 2 | BM30: =(IF('Section Load'!AT33>0,'Section Load'!AT33,0)) -> 553
A31: Mumbai | B31: =B30+1 -> 30 | C31: 2 | D31: 2022 | E31: =(IF('Section Load'!F34>0,'Section Load'!F34,0)) -> 2077 | F31: =(IF('Section Load'!G34>0,'Section Load'!G34,0)) -> 1553 | G31: =(IF('Section Load'!H34>0,'Section Load'!H34,0)) -> 1629 | H31: =(IF('Section Load'!I34>0,'Section Load'!I34,0)) -> 2616 | I31: =(IF('Section Load'!J34>0,'Section Load'!J34,0)) -> 3884 | J31: =(IF('Section Load'!K34>0,'Section Load'!K34,0)) -> 1898 | K31: =(IF('Section Load'!L34>0,'Section Load'!L34,0)) -> 1051 | L31: =(IF('Section Load'!M34>0,'Section Load'!M34,0)) -> 846 | ... AL31: =(IF('Section Load'!AM34>0,'Section Load'!AM34,0)) -> 496 | AM31: =(IF('Water Report'!$AG$7>0,'Water Report'!$AG$7,0)) -> 114 | AN31: =(IF('Water Report'!$AG$8>0,'Water Report'!$AG$8,0)) -> 73 | AO31: =(IF('Water Report'!$AG$9>0,'Water Report'!$AG$9,0)) -> 80 | AP31: =(IF('Water Report'!$AG$10>0,'Water Report'!$DAG$10,0)) -> 0 | AQ31: =(IF('Water Report'!$AG$11>0,'Water Report'!$DAG$11,0)) -> 0 | AR31: =(IF('Water Report'!$AG$13>0,'Water Report'!$DAG$13,0)) -> 0 | AS31: =(IF('Water Report'!$AG$14>0,'Water Report'!$DAG$14,0)) -> 0 | AT31: =(IF('Water Report'!$AG$15>0,'Water Report'!$DAG$15,0)) -> 0 | AU31: =(IF('Water Report'!$AG$17>0,'Water Report'!$DAG$17,0)) -> 0 | AV31: =(IF('Water Report'!$AG$18>0,'Water Report'!$DAG$18,0)) -> 0 | AW31: =(IF('Water Report'!$AG$19>0,'Water Report'!$DAG$19,0)) -> 0 | AX31: =(IF('Water Report'!$AG$21>0,'Water Report'!$DAG$21,0)) -> 0 | AY31: =(IF('Water Report'!$AG$22>0,'Water Report'!$DAG$22,0)) -> 0 | AZ31: =(IF('Water Report'!$AG$23>0,'Water Report'!$DAG$23,0)) -> 0 | BA31: =(IF('Water Report'!$AG$14>0,'Water Report'!$DAG$14,0)) -> 0 | BB31: =(IF('Water Report'!$AG$15>0,'Water Report'!$DAG$15,0)) -> 0 | BC31: =(IF('Water Report'!$AG$13>0,'Water Report'!$DAG$13,0)) -> 0 | BD31: =(IF('Water Report'!$AG$24>0,'Water Report'!$DAG$24,0)) -> 0 | BE31: =(IF('Water Report'!$AG$25>0,'Water Report'!$DAG$25,0)) -> 0 | BF31: =(IF('Water Report'!$AG$27>0,'Water Report'!$DAG$27,0)) -> 0 | BG31: =(IF('Section Load'!AN34>0,'Section Load'!AN34,0)) -> 929 | BH31: =(IF('Section Load'!AO34>0,'Section Load'!AO34,0)) -> 308 | BI31: =(IF('Section Load'!AP34>0,'Section Load'!AP34,0)) -> 0 | BJ31: =(IF('Section Load'!AQ34>0,'Section Load'!AQ34,0)) -> 95 | BK31: =(IF('Section Load'!AR34>0,'Section Load'!AR34,0)) -> 35 | BL31: =(IF('Section Load'!AS34>0,'Section Load'!AS34,0)) -> 1 | BM31: =(IF('Section Load'!AT34>0,'Section Load'!AT34,0)) -> 490
A32: Mumbai | B32: =B31+1 -> 31 | C32: 2 | D32: 2022 | E32: =(IF('Section Load'!F35>0,'Section Load'!F35,0)) -> 2110.17 | F32: =(IF('Section Load'!G35>0,'Section Load'!G35,0)) -> 1588.09 | G32: =(IF('Section Load'!H35>0,'Section Load'!H35,0)) -> 1627.43 | H32: =(IF('Section Load'!I35>0,'Section Load'!I35,0)) -> 2649.29 | I32: =(IF('Section Load'!J35>0,'Section Load'!J35,0)) -> 4318.85 | J32: =(IF('Section Load'!K35>0,'Section Load'!K35,0)) -> 1885.6 | K32: =(IF('Section Load'!L35>0,'Section Load'!L35,0)) -> 1070.63 | L32: =(IF('Section Load'!M35>0,'Section Load'!M35,0)) -> 638.74 | ... AL32: =(IF('Section Load'!AM35>0,'Section Load'!AM35,0)) -> 437.7 | AM32: =(IF('Water Report'!$AH$7>0,'Water Report'!$AH$7,0)) -> 83 | AN32: =(IF('Water Report'!$AH$8>0,'Water Report'!$AH$8,0)) -> 167 | AO32: =(IF('Water Report'!$AH$9>0,'Water Report'!$AH$9,0)) -> 74 | AP32: =(IF('Water Report'!$AH$10>0,'Water Report'!$DAH$10,0)) -> 0 | AQ32: =(IF('Water Report'!$AH$11>0,'Water Report'!$DAH$11,0)) -> 0 | AR32: =(IF('Water Report'!$AH$13>0,'Water Report'!$DAH$13,0)) -> 0 | AS32: =(IF('Water Report'!$AH$14>0,'Water Report'!$DAH$14,0)) -> 0 | AT32: =(IF('Water Report'!$AH$15>0,'Water Report'!$DAH$15,0)) -> 0 | AU32: =(IF('Water Report'!$AH$17>0,'Water Report'!$DAH$17,0)) -> 0 | AV32: =(IF('Water Report'!$AH$18>0,'Water Report'!$DAH$18,0)) -> 0 | AW32: =(IF('Water Report'!$AH$19>0,'Water Report'!$DAH$19,0)) -> 0 | AX32: =(IF('Water Report'!$AH$21>0,'Water Report'!$DAH$21,0)) -> 0 | AY32: =(IF('Water Report'!$AH$22>0,'Water Report'!$DAH$22,0)) -> 0 | AZ32: =(IF('Water Report'!$AH$23>0,'Water Report'!$DAH$23,0)) -> 0 | BA32: =(IF('Water Report'!$AH$14>0,'Water Report'!$DAH$14,0)) -> 0 | BB32: =(IF('Water Report'!$AH$15>0,'Water Report'!$DAH$15,0)) -> 0 | BC32: =(IF('Water Report'!$AH$13>0,'Water Report'!$DAH$13,0)) -> 0 | BD32: =(IF('Water Report'!$AH$24>0,'Water Report'!$DAH$24,0)) -> 0 | BE32: =(IF('Water Report'!$AH$25>0,'Water Report'!$DAH$25,0)) -> 0 | BF32: =(IF('Water Report'!$AH$27>0,'Water Report'!$DAH$27,0)) -> 0 | BG32: =(IF('Section Load'!AN35>0,'Section Load'!AN35,0)) -> 915.767 | BH32: =(IF('Section Load'!AO35>0,'Section Load'!AO35,0)) -> 294.149 | BI32: =(IF('Section Load'!AP35>0,'Section Load'!AP35,0)) -> 0 | BJ32: =(IF('Section Load'!AQ35>0,'Section Load'!AQ35,0)) -> 75 | BK32: =(IF('Section Load'!AR35>0,'Section Load'!AR35,0)) -> 28.2 | BL32: =(IF('Section Load'!AS35>0,'Section Load'!AS35,0)) -> 2 | BM32: =(IF('Section Load'!AT35>0,'Section Load'!AT35,0)) -> 516.418

Sheet Daily HLP
A2: Date | B2: Date | C2: Min.Tem (Degee) | D2: Avg.Temp (Degree) | E2: Hum % | F2: Occu. | H2: Electricity | L2: Gas | O2: Water | R2: Water per occiped room | S2: Diesel | V2: Water Consumption Zone | Z2: Chiller Running Hrs | AE2: Chiller Total | AF2: Chiller Avg. Laod | AG2: Boiler Running Hrs | AJ2: Total boiler | AK2: Hot Water Generator | AN2: Total HWG RH | AO2: HWG Gas consumption | AP2: Transformer -1 | AZ2: Transformer -2 | BN2: Total HLP Cost | BP2: Chiller lock at 70%
F3: % | G3: KwH | H3: Units (Kvah) | I3: Rate | J3: Total Cost(Rs) | K3: Per room | L3: Total Units(CuM) | M3: Rate | N3: Total Cost(Rs) | O3: Units(KL) | P3: Rate | Q3: Total Cost(Rs) | S3: Ltrs | T3: Rate | U3: Total Cost(Rs) | V3: Zone-1 | W3: Zone-2 | X3: Zone-3 | Z3: CH1 | AA3: CH2 | AB3: CH3 | AC3: CH4 | AD3: Total chiller | AG3: Boiler1 | AH3: Boiler2 | AI3: Boiler3 | AK3: HWG1 | AL3: HWG2 | AP3: HVAC-1 | AQ3: FPP-1 | AR3: MPP | AS3: Lighting-1 | AT3: Cap bank 1100KVAR-1 | AU3: CH-1 | AV3: CH-2 | AW3: Chilled water Pump | AX3: Co Generator | AY3: Ball Room-2 | AZ3: HVAC-2 | BA3: FPP-2 | BB3: MPP | BC3: Lighting-2 | BD3: Cap bank 1200KVAR-2 | BE3: CH-3 | BF3: CH-4 | BG3: Chilled water Pump | BH3: Ball Room-1 | BJ3: Cooling Tower consumption | BK3: HVAC% | BL3: Lighting% | BM3: Power% | BO3: Chiller Plant IKW
A4: 1 | B4: 1 | D4: ='1'!D3 -> 23 | E4: ='1'!D4 -> 0.55 | F4: ='1'!D2 -> 0.4059 | G4: ='1'!G7 -> 17264.77 | H4: ='1'!G8 -> 17458.85 | I4: 9 | J4: =H4*I4 -> 157129.65 | K4: =H4/202 -> 86.42995 | L4: ='1'!G15 -> 918.558 | M4: 56.2 | N4: =L4*M4 -> 51622.96 | O4: ='1'!G20 -> 235 | P4: 108 | Q4: =O4*P4 -> 25380 | R4: =O4/(F4*202/100) -> 286.61403 | S4: ='1'!G24 -> 0 | T4: 69 | U4: =S4*T4 -> 0 | V4: ='1'!G65 -> 71 | W4: ='1'!G66 -> 17 | X4: ='1'!G67 -> 14 | Y4: =V4+W4+X4 -> 102 | Z4: ='1'!G84 -> 0 | AA4: ='1'!G85 -> 24 | AB4: ='1'!G86 -> 0 | AC4: ='1'!G87 -> 0.05 | AD4: =Z4+AA4+AB4+AC4 -> 24.05 | AE4: =AU4+AV4+BE4+BF4 -> 3987.79 | AF4: =AE4/AD4 -> 165.81247 | AG4: ='1'!G88 -> 0 | AH4: ='1'!G89 -> 9.49 | AI4: ='1'!G90 -> 2.05 | AJ4: =AG4+AH4+AI4 -> 11.54 | AK4: ='1'!G91 -> 11.77 | AL4: ='1'!G92 -> 0 | AN4: =AK4+AL4 -> 11.77 | AO4: ='1'!G74 -> 314.531 | AP4: ='1'!G35 -> 1246.02 | AQ4: ='1'!G37 -> 1554.11 | AR4: ='1'!G38 -> 1620.27 | AS4: ='1'!G39 -> 2609.59 | AT4: ='1'!G40 -> 688.74 | AU4: ='1'!G41 -> 0 | AV4: ='1'!G42 -> 3987.79 | AW4: ='1'!G43 -> 1901.93 | AX4: ='1'!G44 -> 0 | AY4: ='1'!G36 -> 710.76 | AZ4: ='1'!G49 -> 939.08 | BA4: ='1'!G51 -> 0 | BB4: ='1'!G52 -> 0 | BC4: ='1'!G53 -> 0 | BD4: ='1'!G54 -> 0 | BE4: ='1'!G55 -> 0 | BF4: ='1'!G56 -> 0 | BG4: ='1'!G57 -> 0 | BH4: ='1'!G50 -> 938.92 | BI4: =SUM(AU4,AV4,BE4,BF4) -> 3987.79 | BJ4: ='1'!G133 -> 492.57 | BK4: =SUM(AP4,AU4,AV4,AW4,AZ4,BE4,BF4,BG4)/H4% -> 46.250584 | BL4: =SUM(AS4,BC4)/H4% -> 14.94709 | BM4: =(AR4+BB4)/H4 -> 0.092805082 | BN4: =J4+N4+Q4+U4 -> 234132.61 | BO4: =SUM(AU4,AV4,AW4,BE4,BF4,BG4,BJ4) -> 6382.29 | BP4: =BO4/(AD4*280) -> 0.94777101 | BQ4: =SUM(AU4,AV4,BE4,BF4)/(AD4*400) -> 0.41453119
A5: 2 | B5: 2 | D5: ='2'!D3 -> 28 | E5: ='2'!D4 -> 0.68 | F5: ='2'!D2 -> 0.52 | G5: ='2'!G7 -> 18049 | H5: ='2'!G8 -> 18338 | I5: 9 | J5: =H5*I5 -> 165042 | K5: =H5/202 -> 90.782178 | L5: ='2'!G15 -> 983.145 | M5: 56.2 | N5: =L5*M5 -> 55252.749 | O5: ='2'!G20 -> 183 | P5: 108 | Q5: =O5*P5 -> 19764 | R5: =O5/(F5*202/100) -> 174.21935 | S5: ='2'!G24 -> 0 | T5: 69 | U5: =S5*T5 -> 0 | V5: ='2'!F65 -> 435065 | W5: ='2'!G66 -> 20 | X5: ='2'!G67 -> 20 | Y5: =V5+W5+X5 -> 435105 | Z5: ='2'!G84 -> 0 | AA5: ='2'!G85 -> 16 | AB5: ='2'!G86 -> 8 | AC5: ='2'!G87 -> 0 | AD5: =Z5+AA5+AB5+AC5 -> 24 | AE5: =AU5+AV5+BE5+BF5 -> 3469.61 | AF5: =AE5/AD5 -> 144.56708 | AG5: ='2'!G88 -> 0 | AH5: ='2'!G89 -> 9.39 | AI5: ='2'!G90 -> 0 | AJ5: =AG5+AH5+AI5 -> 9.39 | AK5: ='2'!G91 -> 11.46 | AL5: ='2'!G92 -> 0 | AN5: =AK5+AL5 -> 11.46 | AO5: ='2'!G74 -> 311.036 | AP5: ='2'!G35 -> 1388.31 | AQ5: ='2'!G37 -> 1547.1 | AR5: ='2'!G38 -> 1758.79 | AS5: ='2'!G39 -> 2628.22 | AT5: ='2'!G40 -> 0 | AU5: ='2'!G41 -> 0 | AV5: ='2'!G42 -> 2346.32 | AW5: ='2'!G43 -> 1997.16 | AX5: ='2'!G44 -> 0 | AY5: ='2'!G36 -> 811.5 | AZ5: ='2'!G49 -> 1046.73 | BA5: ='2'!G51 -> 0 | BB5: ='2'!G52 -> 0 | BC5: ='2'!G53 -> 0 | BD5: ='2'!G54 -> 156.31 | BE5: ='2'!G55 -> 1123.29 | BF5: ='2'!G56 -> 0 | BG5: ='2'!G57 -> 0 | BH5: ='2'!G50 -> 987.53 | BI5: =SUM(AU5,AV5,BE5,BF5) -> 3469.61 | BJ5: ='2'!G133 -> 568.04 | BK5: =SUM(AP5,AU5,AV5,AW5,AZ5,BE5,BF5,BG5)/H5% -> 43.089814 | BL5: =SUM(AS5,BC5)/H5% -> 14.332097 | BM5: =(AR5+BB5)/H5 -> 0.095909587 | BN5: =J5+N5+Q5+U5 -> 240058.75 | BO5: =SUM(AU5,AV5,AW5,BE5,BF5,BG5,BJ5) -> 6034.81 | BP5: =BO5/(AD5*280) -> 0.8980372
A6: 3 | B6: 3 | D6: ='3'!D3 -> 28 | E6: ='3'!D4 -> 0.9 | F6: ='3'!D2 -> 0.51 | G6: ='3'!G7 -> 19083 | H6: ='3'!G8 -> 19219 | I6: 9 | J6: =H6*I6 -> 172971 | K6: =H6/202 -> 95.143564 | L6: ='3'!G15 -> 1012.348 | M6: 56.2 | N6: =L6*M6 -> 56893.958 | O6: ='3'!G20 -> 233 | P6: 108 | Q6: =O6*P6 -> 25164 | R6: =O6/(F6*202/100) -> 226.16968 | S6: ='3'!G24 -> 0 | T6: 69 | U6: =S6*T6 -> 0 | V6: ='3'!G65 -> 94 | W6: ='3'!G66 -> 22 | X6: ='3'!G67 -> 20 | Y6: =V6+W6+X6 -> 136 | Z6: ='3'!G84 -> 0 | AA6: ='3'!G85 -> 0 | AB6: ='3'!G86 -> 24 | AC6: ='3'!G87 -> 0 | AD6: =Z6+AA6+AB6+AC6 -> 24 | AE6: =AU6+AV6+BE6+BF6 -> 3484.57 | AF6: =AE6/AD6 -> 145.19042 | AG6: ='3'!G88 -> 0 | AH6: ='3'!G89 -> 9.8 | AI6: ='3'!G90 -> 2.32 | AJ6: =AG6+AH6+AI6 -> 12.12 | AK6: ='3'!G91 -> 11 | AL6: ='3'!G92 -> 0 | AN6: =AK6+AL6 -> 11 | AO6: ='3'!G74 -> 310.544 | AP6: ='3'!G35 -> 1437.62 | AQ6: ='3'!G37 -> 1552.11 | AR6: ='3'!G38 -> 1668.15 | AS6: ='3'!G39 -> 2641.83 | AT6: ='3'!G40 -> 1.7 | AU6: ='3'!G41 -> 0 | AV6: ='3'!G42 -> 37.13 | AW6: ='3'!G43 -> 2229.67 | AX6: ='3'!G44 -> 0 | AY6: ='3'!G36 -> 935.7 | AZ6: ='3'!G49 -> 1065.55 | BA6: ='3'!G51 -> 0 | BB6: ='3'!G52 -> 0 | BC6: ='3'!G53 -> 0 | BD6: ='3'!G54 -> 538.94 | BE6: ='3'!G55 -> 3334.35 | BF6: ='3'!G56 -> 113.09 | BG6: ='3'!G57 -> 0 | BH6: ='3'!G50 -> 1070.06 | BI6: =SUM(AU6,AV6,BE6,BF6) -> 3484.57 | BJ6: ='3'!G133 -> 565.15 | BK6: =SUM(AP6,AU6,AV6,AW6,AZ6,BE6,BF6,BG6)/H6% -> 42.756699 | BL6: =SUM(AS6,BC6)/H6% -> 13.745929 | BM6: =(AR6+BB6)/H6 -> 0.08679692 | BN6: =J6+N6+Q6+U6 -> 255028.96 | BO6: =SUM(AU6,AV6,AW6,BE6,BF6,BG6,BJ6) -> 6279.39 | BP6: =BO6/(AD6*280) -> 0.93443304
A7: 4 | B7: 4 | D7: ='4'!D3 -> 28 | E7: ='4'!D4 -> 0.9 | F7: ='4'!D2 -> 0.8961 | G7: ='4'!G7 -> 18470.59 | H7: ='4'!G8 -> 18612.71 | I7: 9 | J7: =H7*I7 -> 167514.39 | K7: =H7/202 -> 92.142129 | L7: ='4'!G15 -> 997.952 | M7: 56.2 | N7: =L7*M7 -> 56084.902 | O7: ='4'!G20 -> 261 | P7: 108 | Q7: =O7*P7 -> 28188 | R7: =O7/(F7*202/100) -> 144.18918 | S7: ='4'!G24 -> 0 | T7: 69 | U7: =S7*T7 -> 0 | V7: ='4'!G65 -> 87 | W7: ='4'!G66 -> 30 | X7: ='4'!G67 -> 25 | Y7: =V7+W7+X7 -> 142 | Z7: ='4'!G84 -> 0.26 | AA7: ='4'!G85 -> 0 | AB7: ='4'!G86 -> 24.25 | AC7: ='4'!G87 -> 0.93 | AD7: =Z7+AA7+AB7+AC7 -> 25.44 | AE7: =AU7+AV7+BE7+BF7 -> 2816.83 | AF7: =AE7/AD7 -> 110.72445 | AG7: ='4'!G88 -> 0 | AH7: ='4'!G89 -> 9.74 | AI7: ='4'!G90 -> 0.25 | AJ7: =AG7+AH7+AI7 -> 9.99 | AK7: ='4'!G91 -> 11.47 | AL7: ='4'!G92 -> 0 | AN7: =AK7+AL7 -> 11.47 | AO7: ='4'!G74 -> 297.04 | AP7: ='4'!G35 -> 1328.94 | AQ7: ='4'!G37 -> 1614.1 | AR7: ='4'!G38 -> 1858.47 | AS7: ='4'!G39 -> 2666.71 | AT7: ='4'!G40 -> 606.86 | AU7: ='4'!G41 -> 0 | AV7: ='4'!G42 -> -0.09 | AW7: ='4'!G43 -> 2395.18 | AX7: ='4'!G44 -> 0 | AY7: ='4'!G36 -> 861.87 | AZ7: ='4'!G49 -> 1353.93 | BA7: ='4'!G51 -> 0 | BB7: ='4'!G52 -> 0 | BC7: ='4'!G53 -> 0 | BD7: ='4'!G54 -> 547.32 | BE7: ='4'!G55 -> 2816.92 | BF7: ='4'!G56 -> 0 | BG7: ='4'!G57 -> 0 | BH7: ='4'!G50 -> 1149.75 | BI7: =SUM(AU7,AV7,BE7,BF7) -> 2816.83 | BJ7: ='3'!G133 -> 565.15 | BK7: =SUM(AP7,AU7,AV7,AW7,AZ7,BE7,BF7,BG7)/H7% -> 42.416607 | BL7: =SUM(AS7,BC7)/H7% -> 14.32736 | BM7: =(AR7+BB7)/H7 -> 0.099849511 | BN7: =J7+N7+Q7+U7 -> 251787.29 | BO7: =SUM(AU7,AV7,AW7,BE7,BF7,BG7,BJ7) -> 5777.16 | BP7: =BO7/(AD7*280) -> 0.81103437
A8: 5 | B8: 5 | D8: ='5'!D3 -> 29 | E8: ='5'!D4 -> 0.7 | F8: ='5'!D2 -> 1 | G8: ='5'!G7 -> 20600.08 | H8: ='5'!G8 -> 20830.96 | I8: 9 | J8: =H8*I8 -> 187478.64 | K8: =H8/202 -> 103.12356 | L8: ='5'!G15 -> 1047.87 | M8: 56.2 | N8: =L8*M8 -> 58890.294 | O8: ='5'!G20 -> 294 | P8: 108 | Q8: =O8*P8 -> 31752 | R8: =O8/(F8*202/100) -> 145.54455 | S8: ='5'!G24 -> 0 | T8: 69 | U8: =S8*T8 -> 0 | V8: ='5'!G65 -> 100 | W8: ='5'!G66 -> 48 | X8: ='5'!G67 -> 26 | Y8: =V8+W8+X8 -> 174 | Z8: ='5'!G84 -> -0.26 | AA8: ='5'!G85 -> 0 | AB8: ='5'!G86 -> 24.32 | AC8: ='5'!G87 -> 0 | AD8: =Z8+AA8+AB8+AC8 -> 24.06 | AE8: =AU8+AV8+BE8+BF8 -> 3196.39 | AF8: =AE8/AD8 -> 132.85079 | AG8: ='5'!G88 -> 0 | AH8: ='5'!G89 -> 9.86 | AI8: ='5'!G90 -> 3.66 | AJ8: =AG8+AH8+AI8 -> 13.52 | AK8: ='5'!G91 -> 10.62 | AL8: ='5'!G92 -> 0 | AN8: =AK8+AL8 -> 10.62 | AO8: ='5'!G74 -> 284.74 | AP8: ='5'!G35 -> 1448.81 | AQ8: ='5'!G37 -> 1683.92 | AR8: ='5'!G38 -> 1939.44 | AS8: ='5'!G39 -> 2758.02 | AT8: ='5'!G40 -> 105.77 | AU8: ='5'!G41 -> 0 | AV8: ='5'!G42 -> 0 | AW8: ='5'!G43 -> 2237.76 | AX8: ='5'!G44 -> 0 | AY8: ='5'!G36 -> 1353.26 | AZ8: ='5'!G49 -> 1440.19 | BA8: ='5'!G51 -> 0 | BB8: ='5'!G52 -> 0 | BC8: ='5'!G53 -> 0 | BD8: ='5'!G54 -> 533.68 | BE8: ='5'!G55 -> 3196.39 | BF8: ='5'!G56 -> 0 | BG8: ='5'!G57 -> 0 | BH8: ='5'!G50 -> 1526.75 | BI8: =SUM(AU8,AV8,BE8,BF8) -> 3196.39 | BJ8: ='5'!G133 -> 692.97 | BK8: =SUM(AP8,AU8,AV8,AW8,AZ8,BE8,BF8,BG8)/H8% -> 39.955672 | BL8: =SUM(AS8,BC8)/H8% -> 13.240004 | BM8: =(AR8+BB8)/H8 -> 0.093103726 | BN8: =J8+N8+Q8+U8 -> 278120.93 | BO8: =SUM(AU8,AV8,AW8,BE8,BF8,BG8,BJ8) -> 6127.12 | BP8: =BO8/(AD8*280) -> 0.90950006
A9: 6 | B9: 6 | D9: ='6'!D3 -> 25 | E9: ='6'!D4 -> 0.78 | F9: ='6'!D2 -> 0.58 | G9: ='6'!G7 -> 20386.88 | H9: ='6'!G8 -> 20612 | I9: 9 | J9: =H9*I9 -> 185508 | K9: =H9/202 -> 102.0396 | L9: ='6'!G15 -> 1049.5 | M9: 56.2 | N9: =L9*M9 -> 58981.9 | O9: ='6'!G20 -> 275 | P9: 108 | Q9: =O9*P9 -> 29700 | R9: =O9/(F9*202/100) -> 234.72175 | S9: ='6'!G24 -> 0 | T9: 69 | U9: =S9*T9 -> 0 | V9: ='6'!G65 -> 110 | W9: ='6'!G66 -> 26 | X9: ='6'!G67 -> 31 | Y9: =V9+W9+X9 -> 167 | Z9: ='6'!G84 -> 0 | AA9: ='6'!G85 -> 0 | AB9: ='6'!G86 -> 24.43 | AC9: ='6'!G87 -> 0 | AD9: =Z9+AA9+AB9+AC9 -> 24.43 | AE9: =AU9+AV9+BE9+BF9 -> 3426.92 | AF9: =AE9/AD9 -> 140.27507 | AG9: ='6'!G88 -> 0 | AH9: ='6'!G89 -> 10.18 | AI9: ='6'!G90 -> 4.16 | AJ9: =AG9+AH9+AI9 -> 14.34 | AK9: ='6'!G91 -> 11.17 | AL9: ='6'!G92 -> 0 | AN9: =AK9+AL9 -> 11.17 | AO9: ='6'!G74 -> 303.78 | AP9: ='6'!G35 -> 1654.1 | AQ9: ='6'!G37 -> 1645.66 | AR9: ='6'!G38 -> 1915.03 | AS9: ='6'!G39 -> 2776.56 | AT9: ='6'!G40 -> 402.03 | AU9: ='6'!G41 -> 0 | AV9: ='6'!G42 -> 0 | AW9: ='6'!G43 -> 2145.35 | AX9: ='6'!G44 -> 0 | AY9: ='6'!G36 -> 902.16 | AZ9: ='6'!G49 -> 1365.19 | BA9: ='6'!G51 -> 0 | BB9: ='6'!G52 -> 0 | BC9: ='6'!G53 -> 0 | BD9: ='6'!G54 -> 531.21 | BE9: ='6'!G55 -> 3426.92 | BF9: ='6'!G56 -> 0 | BG9: ='6'!G57 -> 0 | BH9: ='6'!G50 -> 1272.6 | BI9: =SUM(AU9,AV9,BE9,BF9) -> 3426.92 | BJ9: ='6'!G133 -> 622.39 | BK9: =SUM(AP9,AU9,AV9,AW9,AZ9,BE9,BF9,BG9)/H9% -> 41.682321 | BL9: =SUM(AS9,BC9)/H9% -> 13.4706 | BM9: =(AR9+BB9)/H9 -> 0.0929085 | BN9: =J9+N9+Q9+U9 -> 274189.9 | BO9: =SUM(AU9,AV9,AW9,BE9,BF9,BG9,BJ9) -> 6194.66 | BP9: =BO9/(AD9*280) -> 0.90559909
A10: 7 | B10: 7 | D10: ='7'!D3 -> 25 | E10: ='7'!D4 -> 0.78 | F10: ='7'!D2 -> 0.75 | G10: ='7'!G7 -> 21554.72 | H10: ='7'!G8 -> 21704.24 | I10: 9 | J10: =H10*I10 -> 195338.16 | K10: =H10/202 -> 107.44673 | L10: ='7'!G15 -> 1030.68 | M10: 56.2 | N10: =L10*M10 -> 57924.216 | O10: ='7'!G20 -> 242 | P10: 108 | Q10: =O10*P10 -> 26136 | R10: =O10/(F10*202/100) -> 159.73597 | S10: ='7'!G24 -> 0 | T10: 69 | U10: =S10*T10 -> 0 | V10: ='7'!G65 -> 96 | W10: ='7'!G66 -> 21 | X10: ='7'!G67 -> 30 | Y10: =V10+W10+X10 -> 147 | Z10: ='7'!G84 -> 0 | AA10: ='7'!G85 -> 12.07 | AB10: ='7'!G86 -> 13.3 | AC10: ='7'!G87 -> 0 | AD10: =Z10+AA10+AB10+AC10 -> 25.37 | AE10: =AU10+AV10+BE10+BF10 -> 4458.75 | AF10: =AE10/AD10 -> 175.74892 | AG10: ='7'!G88 -> 0 | AH10: ='7'!G89 -> 9.79 | AI10: ='7'!G90 -> 4.16 | AJ10: =AG10+AH10+AI10 -> 13.95 | AK10: ='7'!G91 -> 11.1 | AL10: ='7'!G92 -> 0 | AN10: =AK10+AL10 -> 11.1 | AO10: ='7'!G74 -> 301.66 | AP10: ='7'!G35 -> 1666.42 | AQ10: ='7'!G37 -> 1658.84 | AR10: ='7'!G38 -> 2017.74 | AS10: ='7'!G39 -> 3066.49 | AT10: ='7'!G40 -> 282.68 | AU10: ='7'!G41 -> 0 | AV10: ='7'!G42 -> 2568.26 | AW10: ='7'!G43 -> 2208.68 | AX10: ='7'!G44 -> 0 | AY10: ='7'!G36 -> 840.57 | AZ10: ='7'!G49 -> 1433.92 | BA10: ='7'!G51 -> 0 | BB10: ='7'!G52 -> 0 | BC10: ='7'!G53 -> 0 | BD10: ='7'!G54 -> 534.96 | BE10: ='7'!G55 -> 1890.49 | BF10: ='7'!G56 -> 0 | BG10: ='7'!G57 -> 0 | BH10: ='7'!G50 -> 1415.62 | BI10: =SUM(AU10,AV10,BE10,BF10) -> 4458.75 | BJ10: ='7'!G133 -> 677.03 | BK10: =SUM(AP10,AU10,AV10,AW10,AZ10,BE10,BF10,BG10)/H10% -> 45.003972 | BL10: =SUM(AS10,BC10)/H10% -> 14.12853 | BM10: =(AR10+BB10)/H10 -> 0.092965246 | BN10: =J10+N10+Q10+U10 -> 279398.38 | BO10: =SUM(AU10,AV10,AW10,BE10,BF10,BG10,BJ10) -> 7344.46 | BP10: =BO10/(AD10*280) -> 1.0339068
A11: 8 | B11: 8 | D11: ='8'!D3 -> 24 | E11: ='8'!D4 -> 0.8 | F11: ='8'!D2 -> 0.71 | G11: ='8'!G7 -> 19667.73 | H11: ='8'!G8 -> 19730.09 | I11: 9 | J11: =H11*I11 -> 177570.81 | K11: =H11/202 -> 97.673713 | L11: ='8'!G15 -> 1052.18 | M11: 56.2 | N11: =L11*M11 -> 59132.516 | O11: ='8'!G20 -> 232 | P11: 108 | Q11: =O11*P11 -> 25056 | R11: =O11/(F11*202/100) -> 161.76266 | S11: ='8'!G24 -> 0 | T11: 69 | U11: =S11*T11 -> 0 | V11: ='8'!G65 -> 106 | W11: ='8'!G66 -> 19 | X11: ='8'!G67 -> 16 | Y11: =V11+W11+X11 -> 141 | Z11: ='8'!G84 -> 0 | AA11: ='8'!G85 -> 23.91 | AB11: ='8'!G86 -> -0.3 | AC11: ='8'!G87 -> -0.48 | AD11: =Z11+AA11+AB11+AC11 -> 23.13 | AE11: =AU11+AV11+BE11+BF11 -> 4082.49 | AF11: =AE11/AD11 -> 176.50195 | AG11: ='8'!G88 -> -0.43 | AH11: ='8'!G89 -> 10.63 | AI11: ='8'!G90 -> 3.08 | AJ11: =AG11+AH11+AI11 -> 13.28 | AK11: ='8'!G91 -> 11.17 | AL11: ='8'!G92 -> -0.07 | AN11: =AK11+AL11 -> 11.1 | AO11: ='8'!G74 -> 302.52 | AP11: ='8'!G35 -> 1754.8 | AQ11: ='8'!G37 -> 1609.07 | AR11: ='8'!G38 -> 1914.68 | AS11: ='8'!G39 -> 2923.29 | AT11: ='8'!G40 -> 314.23 | AU11: ='8'!G41 -> 0.27 | AV11: ='8'!G42 -> 4081.85 | AW11: ='8'!G43 -> 2123.67 | AX11: ='8'!G44 -> 0 | AY11: ='8'!G36 -> 799.44 | AZ11: ='8'!G49 -> 1266.22 | BA11: ='8'!G51 -> 0 | BB11: ='8'!G52 -> 0 | BC11: ='8'!G53 -> 0 | BD11: ='8'!G54 -> 537.16 | BE11: ='8'!G55 -> 0 | BF11: ='8'!G56 -> 0.37 | BG11: ='8'!G57 -> 0 | BH11: ='8'!G50 -> 1131.14 | BI11: =SUM(AU11,AV11,BE11,BF11) -> 4082.49 | BJ11: ='8'!G133 -> 647.32 | BK11: =SUM(AP11,AU11,AV11,AW11,AZ11,BE11,BF11,BG11)/H11% -> 46.767045 | BL11: =SUM(AS11,BC11)/H11% -> 14.816405 | BM11: =(AR11+BB11)/H11 -> 0.097043653 | BN11: =J11+N11+Q11+U11 -> 261759.33 | BO11: =SUM(AU11,AV11,AW11,BE11,BF11,BG11,BJ11) -> 6853.48 | BP11: =BO11/(AD11*280) -> 1.0582237
A12: 9 | B12: 9 | D12: ='9'!D3 -> 24 | E12: ='9'!D4 -> 0.78 | F12: ='9'!D2 -> 0.45 | G12: ='9'!G7 -> 19382 | H12: ='9'!G8 -> 19467 | I12: 9 | J12: =H12*I12 -> 175203 | K12: =H12/202 -> 96.371287 | L12: ='9'!G15 -> 1070 | M12: 56.2 | N12: =L12*M12 -> 60134 | O12: ='9'!G20 -> 256 | P12: 108 | Q12: =O12*P12 -> 27648 | R12: =O12/(F12*202/100) -> 281.62816 | S12: ='9'!G24 -> 0 | T12: 69 | U12: =S12*T12 -> 0 | V12: ='9'!G65 -> 103 | W12: ='9'!G66 -> 20 | X12: ='9'!G67 -> 55 | Y12: =V12+W12+X12 -> 178 | Z12: ='9'!G84 -> 0 | AA12: ='9'!G85 -> 23.6 | AB12: ='9'!G86 -> 0 | AC12: ='9'!G87 -> -0.45 | AD12: =Z12+AA12+AB12+AC12 -> 23.15 | AE12: =AU12+AV12+BE12+BF12 -> 3894.53 | AF12: =AE12/AD12 -> 168.23024 | AG12: ='9'!G88 -> 0 | AH12: ='9'!G89 -> 11.43 | AI12: ='9'!G90 -> 3 | AJ12: =AG12+AH12+AI12 -> 14.43 | AK12: ='9'!G91 -> 11.15 | AL12: ='9'!G92 -> 0 | AN12: =AK12+AL12 -> 11.15 | AO12: ='9'!G74 -> 301 | AP12: ='9'!G35 -> 1514 | AQ12: ='9'!G37 -> 1638 | AR12: ='9'!G38 -> 1923 | AS12: ='9'!G39 -> 3001 | AT12: ='9'!G40 -> 192 | AU12: ='9'!G41 -> 0 | AV12: ='9'!G42 -> 3895 | AW12: ='9'!G43 -> 2087 | AX12: ='9'!G44 -> 0 | AY12: ='9'!G36 -> 779 | AZ12: ='9'!G49 -> 1392 | BA12: ='9'!G51 -> 0 | BB12: ='9'!G52 -> 0 | BC12: ='9'!G53 -> 0 | BD12: ='9'!G54 -> 540 | BE12: ='9'!G55 -> -0.47 | BF12: ='9'!G56 -> 0 | BG12: ='9'!G57 -> 0 | BH12: ='9'!G50 -> 1118 | BI12: =SUM(AU12,AV12,BE12,BF12) -> 3894.53 | BJ12: ='8'!G133 -> 647.32 | BK12: =SUM(AP12,AU12,AV12,AW12,AZ12,BE12,BF12,BG12)/H12% -> 45.654338 | BL12: =SUM(AS12,BC12)/H12% -> 15.415832 | BM12: =(AR12+BB12)/H12 -> 0.098782555 | BN12: =J12+N12+Q12+U12 -> 262985 | BO12: =SUM(AU12,AV12,AW12,BE12,BF12,BG12,BJ12) -> 6628.85 | BP12: =BO12/(AD12*280) -> 1.022655
A13: 10 | B13: 10 | D13: ='10'!D3 -> 22 | E13: ='10'!D4 -> 0.76 | F13: ='10'!D2 -> 0.91 | G13: ='10'!G7 -> 20288 | H13: ='10'!G8 -> 20373 | I13: 9 | J13: =H13*I13 -> 183357 | K13: =H13/202 -> 100.85644 | L13: ='10'!G15 -> 1152 | M13: 56.2 | N13: =L13*M13 -> 64742.4 | O13: ='10'!G20 -> 317 | P13: 108 | Q13: =O13*P13 -> 34236 | R13: =O13/(F13*202/100) -> 172.45131 | S13: ='10'!G24 -> 0 | T13: 69 | U13: =S13*T13 -> 0 | V13: ='10'!G65 -> 105 | W13: ='10'!G66 -> 20 | X13: ='10'!G67 -> 65 | Y13: =V13+W13+X13 -> 190 | Z13: ='10'!G84 -> 0 | AA13: ='10'!G85 -> 24 | AB13: ='10'!G86 -> 0 | AC13: ='10'!G87 -> 0 | AD13: =Z13+AA13+AB13+AC13 -> 24 | AE13: =AU13+AV13+BE13+BF13 -> 4557 | AF13: =AE13/AD13 -> 189.875 | AG13: ='10'!G88 -> 0 | AH13: ='10'!G89 -> 11.57 | AI13: ='10'!G90 -> 4 | AJ13: =AG13+AH13+AI13 -> 15.57 | AK13: ='10'!G91 -> 12 | AL13: ='10'!G92 -> 0 | AN13: =AK13+AL13 -> 12 | AO13: ='10'!G74 -> 341 | AP13: ='10'!G35 -> 1557 | AQ13: ='10'!G37 -> 1647 | AR13: ='10'!G38 -> 1955 | AS13: ='10'!G39 -> 3035 | AT13: ='10'!G40 -> 141 | AU13: ='10'!G41 -> 0 | AV13: ='10'!G42 -> 4557 | AW13: ='10'!G43 -> 2097 | AX13: ='10'!G44 -> 0 | AY13: ='10'!G36 -> 1084 | AZ13: ='10'!G49 -> 1282 | BA13: ='10'!G51 -> 0 | BB13: ='10'!G52 -> 0 | BC13: ='10'!G53 -> 0 | BD13: ='10'!G54 -> 539 | BE13: ='10'!G55 -> 0 | BF13: ='10'!G56 -> 0 | BG13: ='10'!G57 -> 0 | BH13: ='10'!G50 -> 1144 | BI13: =SUM(AU13,AV13,BE13,BF13) -> 4557 | BJ13: ='8'!G133 -> 647.32 | BK13: =SUM(AP13,AU13,AV13,AW13,AZ13,BE13,BF13,BG13)/H13% -> 46.595985 | BL13: =SUM(AS13,BC13)/H13% -> 14.897168 | BM13: =(AR13+BB13)/H13 -> 0.09596034 | BN13: =J13+N13+Q13+U13 -> 282335.4 | BO13: =SUM(AU13,AV13,AW13,BE13,BF13,BG13,BJ13) -> 7301.32 | BP13: =BO13/(AD13*280) -> 1.086506
A14: 11 | B14: 11 | D14: ='11'!D3 -> 26 | E14: ='11'!D4 -> 0.78 | F14: ='11'!D2 -> 0.54 | G14: ='11'!G7 -> 20918 | H14: ='11'!G8 -> 21020 | I14: 9 | J14: =H14*I14 -> 189180 | K14: =H14/202 -> 104.05941 | L14: ='11'!G15 -> 1118 | M14: 56.2 | N14: =L14*M14 -> 62831.6 | O14: ='11'!G20 -> 316 | P14: 108 | Q14: =O14*P14 -> 34128 | R14: =O14/(F14*202/100) -> 289.69564 | S14: ='11'!G24 -> 0 | T14: 69 | U14: =S14*T14 -> 0 | V14: ='11'!G65 -> 104 | W14: ='11'!G66 -> 31 | X14: ='11'!G67 -> 65 | Y14: =V14+W14+X14 -> 200 | Z14: ='11'!G84 -> 0 | AA14: ='11'!G85 -> 24 | AB14: ='11'!G86 -> 0 | AC14: ='11'!G87 -> 0 | AD14: =Z14+AA14+AB14+AC14 -> 24 | AE14: =AU14+AV14+BE14+BF14 -> 4736 | AF14: =AE14/AD14 -> 197.33333 | AG14: ='11'!G88 -> 0 | AH14: ='11'!G89 -> 11 | AI14: ='11'!G90 -> 4 | AJ14: =AG14+AH14+AI14 -> 15 | AK14: ='11'!G91 -> 12 | AL14: ='11'!G92 -> 0 | AN14: =AK14+AL14 -> 12 | AO14: ='11'!G74 -> 316 | AP14: ='11'!G35 -> 1435 | AQ14: ='11'!G37 -> 1684 | AR14: ='11'!G38 -> 2076 | AS14: ='11'!G39 -> 3148 | AT14: ='11'!G40 -> 157 | AU14: ='11'!G41 -> 0 | AV14: ='11'!G42 -> 4736 | AW14: ='11'!G43 -> 2112 | AX14: ='11'!G44 -> 0 | AY14: ='11'!G36 -> 1077 | AZ14: ='11'!G49 -> 1341 | BA14: ='11'!G51 -> 0 | BB14: ='11'!G52 -> 0 | BC14: ='11'!G53 -> 0 | BD14: ='11'!G54 -> 540 | BE14: ='11'!G55 -> 0 | BF14: ='11'!G56 -> 0 | BG14: ='11'!G57 -> 0 | BH14: ='11'!G50 -> 1282 | BI14: =SUM(AU14,AV14,BE14,BF14) -> 4736 | BJ14: ='11'!G133 -> 494 | BK14: =SUM(AP14,AU14,AV14,AW14,AZ14,BE14,BF14,BG14)/H14% -> 45.784967 | BL14: =SUM(AS14,BC14)/H14% -> 14.976213 | BM14: =(AR14+BB14)/H14 -> 0.098763083 | BN14: =J14+N14+Q14+U14 -> 286139.6 | BO14: =SUM(AU14,AV14,AW14,BE14,BF14,BG14,BJ14) -> 7342 | BP14: =BO14/(AD14*280) -> 1.0925595
A15: 12 | B15: 12 | D15: ='12'!D3 -> 23 | E15: ='12'!D4 -> 0.7 | F15: ='12'!D2 -> 0.73 | G15: ='12'!G7 -> 22223 | H15: ='12'!G8 -> 22339 | I15: 9 | J15: =H15*I15 -> 201051 | K15: =H15/202 -> 110.58911 | L15: ='12'!G15 -> 1293 | M15: 56.2 | N15: =L15*M15 -> 72666.6 | O15: ='12'!G20 -> 339 | P15: 108 | Q15: =O15*P15 -> 36612 | R15: =O15/(F15*202/100) -> 229.89285 | S15: ='12'!G24 -> 0 | T15: 69 | U15: =S15*T15 -> 0 | V15: ='12'!G65 -> 126 | W15: ='12'!G66 -> 28 | X15: ='12'!G67 -> 66 | Y15: =V15+W15+X15 -> 220 | Z15: ='12'!G84 -> 0 | AA15: ='12'!G85 -> 24 | AB15: ='12'!G86 -> 2 | AC15: ='12'!G87 -> 0 | AD15: =Z15+AA15+AB15+AC15 -> 26 | AE15: =AU15+AV15+BE15+BF15 -> 4928 | AF15: =AE15/AD15 -> 189.53846 | AG15: ='12'!G88 -> 3.77 | AH15: ='12'!G89 -> 8.63 | AI15: ='12'!G90 -> 7.23 | AJ15: =AG15+AH15+AI15 -> 19.63 | AK15: ='12'!G91 -> 11.86 | AL15: ='12'!G92 -> 0 | AN15: =AK15+AL15 -> 11.86 | AO15: ='12'!G74 -> 324 | AP15: ='12'!G35 -> 1625 | AQ15: ='12'!G37 -> 1783 | AR15: ='12'!G38 -> 2162 | AS15: ='12'!G39 -> 3245 | AT15: ='12'!G40 -> 505 | AU15: ='12'!G41 -> 0 | AV15: ='12'!G42 -> 4709 | AW15: ='12'!G43 -> 2226 | AX15: ='12'!G44 -> 0 | AY15: ='12'!G36 -> 1194 | AZ15: ='12'!G49 -> 1574 | BA15: ='12'!G51 -> 0 | BB15: ='12'!G52 -> 0 | BC15: ='12'!G53 -> 0 | BD15: ='12'!G54 -> 543 | BE15: ='12'!G55 -> 219 | BF15: ='12'!G56 -> 0 | BG15: ='12'!G57 -> 0 | BH15: ='12'!G50 -> 1310 | BI15: =SUM(AU15,AV15,BE15,BF15) -> 4928 | BJ15: ='12'!G133 -> 698 | BK15: =SUM(AP15,AU15,AV15,AW15,AZ15,BE15,BF15,BG15)/H15% -> 46.344957 | BL15: =SUM(AS15,BC15)/H15% -> 14.526165 | BM15: =(AR15+BB15)/H15 -> 0.096781414 | BN15: =J15+N15+Q15+U15 -> 310329.6 | BO15: =SUM(AU15,AV15,AW15,BE15,BF15,BG15,BJ15) -> 7852 | BP15: =BO15/(AD15*280) -> 1.0785714
A16: 13 | B16: 13 | D16: ='13'!D3 -> 23 | E16: ='13'!D4 -> 0.7 | F16: ='13'!D2 -> 0.53 | G16: ='13'!G7 -> 22076 | H16: ='13'!G8 -> 22200 | I16: 9 | J16: =H16*I16 -> 199800 | K16: =H16/202 -> 109.90099 | L16: ='13'!G15 -> 1108 | M16: 56.2 | N16: =L16*M16 -> 62269.6 | O16: ='13'!G20 -> 296 | P16: 108 | Q16: =O16*P16 -> 31968 | R16: =O16/(F16*202/100) -> 276.48048 | S16: ='13'!G24 -> 0 | T16: 69 | U16: =S16*T16 -> 0 | V16: ='13'!G65 -> 112 | W16: ='13'!G66 -> 27 | X16: ='13'!G67 -> 71 | Y16: =V16+W16+X16 -> 210 | Z16: ='13'!G84 -> 0 | AA16: ='13'!G85 -> 24 | AB16: ='13'!G86 -> 2 | AC16: ='13'!G87 -> 0 | AD16: =Z16+AA16+AB16+AC16 -> 26 | AE16: =AU16+AV16+BE16+BF16 -> 5019 | AF16: =AE16/AD16 -> 193.03846 | AG16: ='13'!G88 -> 0 | AH16: ='13'!G89 -> 10.03 | AI16: ='13'!G90 -> 8.55 | AJ16: =AG16+AH16+AI16 -> 18.58 | AK16: ='13'!G91 -> 10.6 | AL16: ='13'!G92 -> 0 | AN16: =AK16+AL16 -> 10.6 | AO16: ='13'!G74 -> 287 | AP16: ='13'!G35 -> 1533 | AQ16: ='13'!G37 -> 1781 | AR16: ='13'!G38 -> 2029 | AS16: ='13'!G39 -> 3279 | AT16: ='13'!G40 -> 939 | AU16: ='13'!G41 -> 0 | AV16: ='13'!G42 -> 4813 | AW16: ='13'!G43 -> 2145 | AX16: ='13'!G44 -> 0 | AY16: ='13'!G36 -> 1069 | AZ16: ='13'!G49 -> 1448 | BA16: ='13'!G51 -> 0 | BB16: ='13'!G52 -> 0 | BC16: ='13'!G53 -> 0 | BD16: ='13'!G54 -> 539 | BE16: ='13'!G55 -> 206 | BF16: ='13'!G56 -> 0 | BG16: ='13'!G57 -> 0 | BH16: ='13'!G50 -> 1558 | BI16: =SUM(AU16,AV16,BE16,BF16) -> 5019 | BJ16: ='13'!G133 -> 676 | BK16: =SUM(AP16,AU16,AV16,AW16,AZ16,BE16,BF16,BG16)/H16% -> 45.698198 | BL16: =SUM(AS16,BC16)/H16% -> 14.77027 | BM16: =(AR16+BB16)/H16 -> 0.091396396 | BN16: =J16+N16+Q16+U16 -> 294037.6 | BO16: =SUM(AU16,AV16,AW16,BE16,BF16,BG16,BJ16) -> 7840 | BP16: =BO16/(AD16*280) -> 1.0769231
A17: 14 | B17: 14 | D17: ='14'!D3 -> 21 | E17: ='14'!D4 -> 0.68 | F17: ='14'!D2 -> 0.25 | G17: ='14'!G7 -> -556721 | H17: ='14'!G8 -> -564998 | I17: 9 | J17: =H17*I17 -> -5084982 | K17: =H17/202 -> -2797.0198 | L17: ='14'!G15 -> 745 | M17: 56.2 | N17: =L17*M17 -> 41869 | O17: ='14'!G20 -> -1558 | P17: 108 | Q17: =O17*P17 -> -168264 | R17: =O17/(F17*202/100) -> -3085.1485 | S17: ='14'!G24 -> 0 | T17: 69 | U17: =S17*T17 -> 0 | V17: ='14'!G65 -> -2613 | W17: ='14'!G66 -> -617 | X17: ='14'!G67 -> -898 | Y17: =V17+W17+X17 -> -4128 | Z17: ='14'!G84 -> 0 | AA17: ='14'!G85 -> -359.45 | AB17: ='14'!G86 -> -364 | AC17: ='14'!G87 -> 0 | AD17: =Z17+AA17+AB17+AC17 -> -723.45 | AE17: =AU17+AV17+BE17+BF17 -> -45053 | AF17: =AE17/AD17 -> 62.275209 | AG17: ='14'!G88 -> -7.5 | AH17: ='14'!G89 -> -279.67 | AI17: ='14'!G90 -> -96.25 | AJ17: =AG17+AH17+AI17 -> -383.42 | AK17: ='14'!G91 -> -172.14 | AL17: ='14'!G92 -> -158.23 | AN17: =AK17+AL17 -> -330.37 | AO17: ='14'!G44 -> 0 | AP17: ='14'!G35 -> -42390 | AQ17: ='14'!G37 -> -47993 | AR17: ='14'!G38 -> -53662 | AS17: ='14'!G39 -> -81937 | AT17: ='14'!G40 -> -14442 | AU17: ='14'!G41 -> -63 | AV17: ='14'!G42 -> 0 | AW17: ='14'!G43 -> 2011 | AX17: ='14'!G44 -> 0 | AY17: ='14'!G36 -> -24156 | AZ17: ='14'!G49 -> -34538 | BA17: ='14'!G51 -> 0 | BB17: ='14'!G52 -> 0 | BC17: ='14'!G53 -> 0 | BD17: ='14'!G54 -> -8087 | BE17: ='14'!G55 -> -44877 | BF17: ='14'!G56 -> -113 | BG17: ='14'!G57 -> 0 | BH17: ='14'!G50 -> -33776 | BI17: =SUM(AU17,AV17,BE17,BF17) -> -45053 | BJ17: ='14'!G133 -> -16621 | BK17: =SUM(AP17,AU17,AV17,AW17,AZ17,BE17,BF17,BG17)/H17% -> 21.233703 | BL17: =SUM(AS17,BC17)/H17% -> 14.502175 | BM17: =(AR17+BB17)/H17 -> 0.094977327 | BN17: =J17+N17+Q17+U17 -> -5211377 | BO17: =SUM(AU17,AV17,AW17,BE17,BF17,BG17,BJ17) -> -59663 | BP17: =BO17/(AD17*280) -> 0.2945361
A18: 15 | B18: 15 | D18: ='15'!D3 -> 26 | E18: ='15'!D4 -> 0.6 | F18: ='15'!D2 -> 0.5 | G18: ='15'!G7 -> 17216.75 | H18: ='15'!G8 -> 17328.71 | I18: 9 | J18: =H18*I18 -> 155958.39 | K18: =H18/202 -> 85.785693 | L18: ='15'!G15 -> 965 | M18: 56.2 | N18: =L18*M18 -> 54233 | O18: ='15'!G20 -> 155 | P18: 108 | Q18: =O18*P18 -> 16740 | R18: =O18/(F18*202/100) -> 153.46535 | S18: ='15'!G24 -> 0 | T18: 69 | U18: =S18*T18 -> 0 | V18: ='15'!G65 -> 70 | W18: ='15'!G66 -> 17 | X18: ='15'!G67 -> 23 | Y18: =V18+W18+X18 -> 110 | Z18: ='15'!G84 -> 0 | AA18: ='15'!G85 -> 0 | AB18: ='15'!G86 -> 24.49 | AC18: ='15'!G87 -> 0 | AD18: =Z18+AA18+AB18+AC18 -> 24.49 | AE18: =AU18+AV18+BE18+BF18 -> 3008.37 | AF18: =AE18/AD18 -> 122.84075 | AG18: ='15'!G88 -> 0.02 | AH18: ='15'!G89 -> 9.96 | AI18: ='15'!G90 -> 2.94 | AJ18: =AG18+AH18+AI18 -> 12.92 | AK18: ='15'!G91 -> 0 | AL18: ='15'!G92 -> 11.02 | AN18: =AK18+AL18 -> 11.02 | AO18: ='15'!G74 -> 313 | AP18: ='15'!G35 -> 1301.84 | AQ18: ='15'!G37 -> 1497.74 | AR18: ='15'!G38 -> 1386.95 | AS18: ='15'!G39 -> 2494.9 | AT18: ='15'!G40 -> 493 | AU18: ='15'!G41 -> 0 | AV18: ='15'!G42 -> -0.4 | AW18: ='15'!G43 -> 2012.71 | AX18: ='15'!G44 -> 0 | AY18: ='15'!G36 -> 573.69 | AZ18: ='15'!G49 -> 1250.59 | BA18: ='15'!G51 -> 0 | BB18: ='15'!G52 -> 0 | BC18: ='15'!G53 -> 0 | BD18: ='15'!G54 -> 520.51 | BE18: ='15'!G55 -> 3009.23 | BF18: ='15'!G56 -> -0.46 | BG18: ='15'!G57 -> 0 | BH18: ='15'!G50 -> 902.73 | BI18: =SUM(AU18,AV18,BE18,BF18) -> 3008.37 | BJ18: ='15'!G133 -> 398.27 | BK18: =SUM(AP18,AU18,AV18,AW18,AZ18,BE18,BF18,BG18)/H18% -> 43.704984 | BL18: =SUM(AS18,BC18)/H18% -> 14.397494 | BM18: =(AR18+BB18)/H18 -> 0.080037695 | BN18: =J18+N18+Q18+U18 -> 226931.39 | BO18: =SUM(AU18,AV18,AW18,BE18,BF18,BG18,BJ18) -> 5419.35 | BP18: =BO18/(AD18*280) -> 0.79031529
A19: 16 | B19: 16 | D19: ='16'!D3 -> 21 | E19: ='16'!D4 -> 0.68 | F19: ='16'!D2 -> 0.25 | G19: ='16'!G7 -> 17314.25 | H19: ='16'!G8 -> 17406.29 | I19: 9 | J19: =H19*I19 -> 156656.61 | K19: =H19/202 -> 86.169752 | L19: ='16'!G15 -> 1006 | M19: 56.2 | N19: =L19*M19 -> 56537.2 | O19: ='16'!G20 -> 135 | P19: 108 | Q19: =O19*P19 -> 14580 | R19: =O19/(F19*202/100) -> 267.32673 | S19: ='16'!G24 -> 0 | T19: 69 | U19: =S19*T19 -> 0 | V19: ='16'!G65 -> 62 | W19: ='16'!G66 -> 21 | X19: ='16'!G67 -> 26 | Y19: =V19+W19+X19 -> 109 | Z19: ='16'!G84 -> 0 | AA19: ='16'!G85 -> 0 | AB19: ='16'!G86 -> 23.51 | AC19: ='16'!G87 -> 0 | AD19: =Z19+AA19+AB19+AC19 -> 23.51 | AE19: =AU19+AV19+BE19+BF19 -> 3032.77 | AF19: =AE19/AD19 -> 128.99915 | AG19: ='16'!G88 -> 0 | AH19: ='16'!G89 -> 8.14 | AI19: ='16'!G90 -> 9.69 | AJ19: =AG19+AH19+AI19 -> 17.83 | AK19: ='16'!G91 -> 0 | AL19: ='16'!G92 -> 10.62 | AN19: =AK19+AL19 -> 10.62 | AO19: ='16'!G74 -> 304 | AP19: ='16'!G35 -> 1269.16 | AQ19: ='16'!G37 -> 1483.26 | AR19: ='16'!G38 -> 1625.05 | AS19: ='16'!G39 -> 2600.1 | AT19: ='16'!G40 -> 407 | AU19: ='16'!G41 -> 0 | AV19: ='16'!G42 -> 0 | AW19: ='16'!G43 -> 2071.29 | AX19: ='16'!G44 -> 0 | AY19: ='16'!G36 -> 587.31 | AZ19: ='16'!G49 -> 1320.41 | BA19: ='16'!G51 -> 0 | BB19: ='16'!G52 -> 0 | BC19: ='16'!G53 -> 0 | BD19: ='16'!G54 -> 565.49 | BE19: ='16'!G55 -> 3032.77 | BF19: ='16'!G56 -> 0 | BG19: ='16'!G57 -> 0 | BH19: ='16'!G50 -> 868.27 | BI19: =SUM(AU19,AV19,BE19,BF19) -> 3032.77 | BJ19: ='16'!G133 -> 468.73 | BK19: =SUM(AP19,AU19,AV19,AW19,AZ19,BE19,BF19,BG19)/H19% -> 44.200286 | BL19: =SUM(AS19,BC19)/H19% -> 14.937704 | BM19: =(AR19+BB19)/H19 -> 0.093359929 | BN19: =J19+N19+Q19+U19 -> 227773.81 | BO19: =SUM(AU19,AV19,AW19,BE19,BF19,BG19,BJ19) -> 5572.79 | BP19: =BO19/(AD19*280) -> 0.84656833
A20: 17 | B20: 17 | D20: ='17'!D3 -> 28 | E20: ='17'!D4 -> 0.9 | F20: ='17'!D2 -> 0.51 | G20: ='17'!G7 -> 17454 | H20: ='17'!G8 -> 17543 | I20: 9 | J20: =H20*I20 -> 157887 | K20: =H20/202 -> 86.846535 | L20: ='17'!G15 -> 734.273 | M20: 56.2 | N20: =L20*M20 -> 41266.143 | O20: ='17'!G20 -> 133 | P20: 108 | Q20: =O20*P20 -> 14364 | R20: =O20/(F20*202/100) -> 129.10115 | S20: ='17'!G24 -> 0 | T20: 69 | U20: =S20*T20 -> 0 | V20: ='17'!G65 -> 65 | W20: ='17'!G66 -> 15 | X20: ='17'!G67 -> 19 | Y20: =V20+W20+X20 -> 99 | Z20: ='17'!G84 -> 0.26 | AA20: ='17'!G85 -> 0 | AB20: ='17'!G86 -> 24.04 | AC20: ='17'!G87 -> 0 | AD20: =Z20+AA20+AB20+AC20 -> 24.3 | AE20: =AU20+AV20+BE20+BF20 -> 3005.17 | AF20: =AE20/AD20 -> 123.66955 | AG20: ='17'!G88 -> 0 | AH20: ='17'!G89 -> 3.54 | AI20: ='17'!G90 -> 4.84 | AJ20: =AG20+AH20+AI20 -> 8.38 | AK20: ='17'!G91 -> 0 | AL20: ='17'!G92 -> 10.85 | AN20: =AK20+AL20 -> 10.85 | AO20: ='17'!G74 -> 307.9 | AP20: ='17'!G35 -> 1318.6 | AQ20: ='17'!G37 -> 1510.42 | AR20: ='17'!G38 -> 1604.16 | AS20: ='17'!G39 -> 2698 | AT20: ='17'!G40 -> 450 | AU20: ='17'!G41 -> 0 | AV20: ='17'!G42 -> 0 | AW20: ='17'!G43 -> 2219.15 | AX20: ='17'!G44 -> 0 | AY20: ='17'!G36 -> 592.46 | AZ20: ='17'!G49 -> 1367.61 | BA20: ='17'!G51 -> 0 | BB20: ='17'!G52 -> 0 | BC20: ='17'!G53 -> 0 | BD20: ='17'!G54 -> 562.7 | BE20: ='17'!G55 -> 3005.17 | BF20: ='17'!G56 -> 0 | BG20: ='17'!G57 -> 0 | BH20: ='17'!G50 -> 838.53 | BI20: =SUM(AU20,AV20,BE20,BF20) -> 3005.17 | BJ20: ='17'!G133 -> 488.6 | BK20: =SUM(AP20,AU20,AV20,AW20,AZ20,BE20,BF20,BG20)/H20% -> 45.092231 | BL20: =SUM(AS20,BC20)/H20% -> 15.379354 | BM20: =(AR20+BB20)/H20 -> 0.091441601 | BN20: =J20+N20+Q20+U20 -> 213517.14 | BO20: =SUM(AU20,AV20,AW20,BE20,BF20,BG20,BJ20) -> 5712.92 | BP20: =BO20/(AD20*280) -> 0.83964139
A21: 18 | B21: 18 | D21: ='18 '!D3 -> 28 | E21: ='18 '!D4 -> 0.9 | F21: ='18 '!D2 -> 0.51 | G21: ='18 '!G7 -> 17765 | H21: ='18 '!G8 -> 18064.83 | I21: 9 | J21: =H21*I21 -> 162583.47 | K21: =H21/202 -> 89.429851 | L21: ='18 '!G15 -> 881.727 | M21: 56.2 | N21: =L21*M21 -> 49553.057 | O21: ='18 '!G20 -> 154 | P21: 108 | Q21: =O21*P21 -> 16632 | R21: =O21/(F21*202/100) -> 149.48554 | S21: ='18 '!G24 -> 110 | T21: 69 | U21: =S21*T21 -> 7590 | V21: ='18 '!G65 -> 64 | W21: ='18 '!G66 -> 11 | X21: ='18 '!G67 -> 22 | Y21: =V21+W21+X21 -> 97 | Z21: ='18 '!G84 -> 0 | AA21: ='18 '!G85 -> 0 | AB21: ='18 '!G86 -> 24.02 | AC21: ='18 '!G87 -> 0 | AD21: =Z21+AA21+AB21+AC21 -> 24.02 | AE21: =AU21+AV21+BE21+BF21 -> 3090.52 | AF21: =AE21/AD21 -> 128.66445 | AG21: ='18 '!G88 -> 1.87 | AH21: ='18 '!G89 -> 7.42 | AI21: ='18 '!G90 -> 0.71 | AJ21: =AG21+AH21+AI21 -> 10 | AK21: ='18 '!G91 -> 0 | AL21: ='18 '!G92 -> 10.07 | AN21: =AK21+AL21 -> 10.07 | AO21: ='18 '!G74 -> 285.25 | AP21: ='18 '!G35 -> 1391.76 | AQ21: ='18 '!G37 -> 1562.55 | AR21: ='18 '!G38 -> 1696.3 | AS21: ='18 '!G39 -> 2546.49 | AT21: ='18 '!G40 -> 282.14 | AU21: ='18 '!G41 -> 0 | AV21: ='18 '!G42 -> 0 | AW21: ='18 '!G43 -> 2338 | AX21: ='18 '!G44 -> 0 | AY21: ='18 '!G36 -> 600.9 | AZ21: ='18 '!G49 -> 1242.72 | BA21: ='18 '!G51 -> 0 | BB21: ='18 '!G52 -> 0 | BC21: ='18 '!G53 -> 0 | BD21: ='18 '!G54 -> 357.72 | BE21: ='18 '!G55 -> 3090.52 | BF21: ='18 '!G56 -> 0 | BG21: ='18 '!G57 -> 0 | BH21: ='18 '!G50 -> 921.4 | BI21: =SUM(AU21,AV21,BE21,BF21) -> 3090.52 | BJ21: ='18 '!G133 -> 500.8 | BK21: =SUM(AP21,AU21,AV21,AW21,AZ21,BE21,BF21,BG21)/H21% -> 44.633689 | BL21: =SUM(AS21,BC21)/H21% -> 14.096396 | BM21: =(AR21+BB21)/H21 -> 0.09390069 | BN21: =J21+N21+Q21+U21 -> 236358.53 | BO21: =SUM(AU21,AV21,AW21,BE21,BF21,BG21,BJ21) -> 5929.32 | BP21: =BO21/(AD21*280) -> 0.88160462
A22: 19 | B22: 19 | D22: ='19'!D3 -> 28 | E22: ='19'!D4 -> 0.9 | F22: ='19'!D2 -> 0.9298 | G22: ='19'!G7 -> 18033 | H22: ='19'!G8 -> 18721.17 | I22: 9 | J22: =H22*I22 -> 168490.53 | K22: =H22/202 -> 92.679059 | L22: ='19'!G15 -> 834.3 | M22: 56.2 | N22: =L22*M22 -> 46887.66 | O22: ='19'!G20 -> 157 | P22: 108 | Q22: =O22*P22 -> 16956 | R22: =O22/(F22*202/100) -> 83.59085 | S22: ='19'!G24 -> 0 | T22: 69 | U22: =S22*T22 -> 0 | V22: ='19'!G65 -> 63 | W22: ='19'!G66 -> 15 | X22: ='19'!G67 -> 23 | Y22: =V22+W22+X22 -> 101 | Z22: ='19'!G84 -> 0.14 | AA22: ='19'!G85 -> 0 | AB22: ='19'!G86 -> 24.94 | AC22: ='19'!G87 -> 0 | AD22: =Z22+AA22+AB22+AC22 -> 25.08 | AE22: =AU22+AV22+BE22+BF22 -> 2846.14 | AF22: =AE22/AD22 -> 113.48246 | AG22: ='19'!G88 -> 0.21 | AH22: ='19'!G89 -> 7.02 | AI22: ='19'!G90 -> 1.86 | AJ22: =AG22+AH22+AI22 -> 9.09 | AK22: ='19'!G91 -> 0 | AL22: ='19'!G92 -> 10.73 | AN22: =AK22+AL22 -> 10.73 | AO22: ='19'!G74 -> 306.35 | AP22: ='19'!G35 -> 1817.16 | AQ22: ='19'!G37 -> 1596.17 | AR22: ='19'!G38 -> 1623.54 | AS22: ='19'!G39 -> 2646.07 | AT22: ='19'!G40 -> 415.23 | AU22: ='19'!G41 -> 0 | AV22: ='19'!G42 -> 0 | AW22: ='19'!G43 -> 2372.37 | AX22: ='19'!G44 -> 0 | AY22: ='19'!G36 -> 661.6 | AZ22: ='19'!G49 -> 1124.49 | BA22: ='19'!G51 -> 0 | BB22: ='19'!G52 -> 0 | BC22: ='19'!G53 -> 0 | BD22: ='19'!G54 -> 0 | BE22: ='19'!G55 -> 2846.14 | BF22: ='19'!G56 -> 0 | BG22: ='19'!G57 -> 0 | BH22: ='19'!G50 -> 975.76 | BI22: =SUM(AU22,AV22,BE22,BF22) -> 2846.14 | BJ22: ='19'!G133 -> 668.03 | BK22: =SUM(AP22,AU22,AV22,AW22,AZ22,BE22,BF22,BG22)/H22% -> 43.587874 | BL22: =SUM(AS22,BC22)/H22% -> 14.134106 | BM22: =(AR22+BB22)/H22 -> 0.086722144 | BN22: =J22+N22+Q22+U22 -> 232334.19 | BO22: =SUM(AU22,AV22,AW22,BE22,BF22,BG22,BJ22) -> 5886.54 | BP22: =BO22/(AD22*280) -> 0.83825188
A23: 20 | B23: 20 | D23: ='20'!D3 -> 28 | E23: ='20'!D4 -> 0.78 | F23: ='20'!D2 -> 1 | G23: ='20'!G7 -> 16723.15 | H23: ='20'!G8 -> 17336.71 | I23: 9 | J23: =H23*I23 -> 156030.39 | K23: =H23/202 -> 85.825297 | L23: ='20'!G15 -> 986.95 | M23: 56.2 | N23: =L23*M23 -> 55466.59 | O23: ='20'!G20 -> 216 | P23: 108 | Q23: =O23*P23 -> 23328 | R23: =O23/(F23*202/100) -> 106.93069 | S23: ='20'!G24 -> 0 | T23: 69 | U23: =S23*T23 -> 0 | V23: ='20'!G65 -> 72 | W23: ='20'!G66 -> 10 | X23: ='20'!G67 -> 23 | Y23: =V23+W23+X23 -> 105 | Z23: ='20'!G84 -> -0.14 | AA23: ='20'!G85 -> 0.01 | AB23: ='20'!G86 -> 24.37 | AC23: ='20'!G87 -> 0 | AD23: =Z23+AA23+AB23+AC23 -> 24.24 | AE23: =AU23+AV23+BE23+BF23 -> 2588.64 | AF23: =AE23/AD23 -> 106.79208 | AG23: ='20'!G88 -> 0 | AH23: ='20'!G89 -> 11.19 | AI23: ='20'!G90 -> 2.74 | AJ23: =AG23+AH23+AI23 -> 13.93 | AK23: ='20'!G91 -> 0 | AL23: ='20'!G92 -> 10.33 | AN23: =AK23+AL23 -> 10.33 | AO23: ='20'!G74 -> 295.15 | AP23: ='20'!G35 -> 1491.29 | AQ23: ='20'!G37 -> 1537.78 | AR23: ='20'!G38 -> 1612.85 | AS23: ='20'!G39 -> 2507.05 | AT23: ='20'!G40 -> 442.68 | AU23: ='20'!G41 -> 0 | AV23: ='20'!G42 -> 0 | AW23: ='20'!G43 -> 2313.47 | AX23: ='20'!G44 -> 0 | AY23: ='20'!G36 -> 594.86 | AZ23: ='20'!G49 -> 1079.28 | BA23: ='20'!G51 -> 0 | BB23: ='20'!G52 -> 0 | BC23: ='20'!G588 -> 0 | BD23: ='20'!G54 -> 0 | BE23: ='20'!G55 -> 2588.64 | BF23: ='20'!G56 -> 0 | BG23: ='20'!G57 -> 0 | BH23: ='20'!G50 -> 914.66 | BI23: =SUM(AU23,AV23,BE23,BF23) -> 2588.64 | BJ23: ='20'!G133 -> 655.39 | BK23: =SUM(AP23,AU23,AV23,AW23,AZ23,BE23,BF23,BG23)/H23% -> 43.103219 | BL23: =SUM(AS23,BC23)/H23% -> 14.460933 | BM23: =(AR23+BB23)/H23 -> 0.093030915 | BN23: =J23+N23+Q23+U23 -> 234824.98 | BO23: =SUM(AU23,AV23,AW23,BE23,BF23,BG23,BJ23) -> 5557.5 | BP23: =BO23/(AD23*280) -> 0.81882072
A24: 21 | B24: 21 | D24: 21 | E24: ='21'!D4 -> 0.78 | F24: ='21'!D2 -> 0.71 | G24: ='21'!G7 -> 17868.56 | H24: ='21'!G8 -> 18548.04 | I24: 9 | J24: =H24*I24 -> 166932.36 | K24: =H24/202 -> 91.82198 | L24: ='21'!G15 -> 1017.34 | M24: 56.2 | N24: =L24*M24 -> 57174.508 | O24: ='21'!G20 -> 167 | P24: 108 | Q24: =O24*P24 -> 18036 | R24: =O24/(F24*202/100) -> 116.44122 | S24: ='21'!G24 -> 0 | T24: 69 | U24: =S24*T24 -> 0 | V24: ='21'!G65 -> 72 | W24: ='21'!G66 -> 12 | X24: ='21'!G67 -> 20 | Y24: =V24+W24+X24 -> 104 | Z24: ='21'!G84 -> 0.14 | AA24: ='21'!G85 -> 0 | AB24: ='21'!G86 -> 24.08 | AC24: ='21'!G87 -> 0 | AD24: =Z24+AA24+AB24+AC24 -> 24.22 | AE24: =AU24+AV24+BE24+BF24 -> 2838.4 | AF24: =AE24/AD24 -> 117.1924 | AG24: ='21'!G88 -> 0 | AH24: ='21'!G89 -> 10.3 | AI24: ='21'!G90 -> 2.12 | AJ24: =AG24+AH24+AI24 -> 12.42 | AK24: ='21'!G91 -> 0 | AL24: ='21'!G92 -> 10.31 | AN24: =AK24+AL24 -> 10.31 | AO24: ='21'!G74 -> 294.76 | AP24: ='21'!G35 -> 1453.97 | AQ24: ='21'!G37 -> 1565.5 | AR24: ='21'!G38 -> 1671.45 | AS24: ='21'!G39 -> 2598.24 | AT24: ='21'!G40 -> 355.33 | AU24: ='21'!G41 -> 0 | AV24: ='21'!G42 -> 0 | AW24: ='21'!G43 -> 2339.94 | AX24: ='21'!G44 -> 0 | AY24: ='21'!G36 -> 661.91 | AZ24: ='21'!G49 -> 1101.8 | BA24: ='21'!G51 -> 0 | BB24: ='21'!G52 -> 0 | BC24: ='21'!G53 -> 0 | BD24: ='21'!G54 -> 0 | BE24: ='21'!G55 -> 2838.4 | BF24: ='21'!G56 -> 0 | BG24: ='21'!G57 -> 0 | BH24: ='21'!G50 -> 1160.05 | BI24: =SUM(AU24,AV24,BE24,BF24) -> 2838.4 | BJ24: ='21'!G133 -> 655.84 | BK24: =SUM(AP24,AU24,AV24,AW24,AZ24,BE24,BF24,BG24)/H24% -> 41.697721 | BL24: =SUM(AS24,BC24)/H24% -> 14.008165 | BM24: =(AR24+BB24)/H24 -> 0.090114643 | BN24: =J24+N24+Q24+U24 -> 242142.87 | BO24: =SUM(AU24,AV24,AW24,BE24,BF24,BG24,BJ24) -> 5834.18 | BP24: =BO24/(AD24*280) -> 0.86029551
A25: 22 | B25: 22 | D25: ='22'!D3 -> 28 | E25: ='22'!D4 -> 0.9 | F25: ='22'!D2 -> 0.97 | G25: ='22'!G7 -> 19215.96 | H25: ='22'!G8 -> 19922.76 | I25: 9 | J25: =H25*I25 -> 179304.84 | K25: =H25/202 -> 98.627525 | L25: ='22'!G15 -> 1036.41 | M25: 56.2 | N25: =L25*M25 -> 58246.242 | O25: ='22'!G20 -> 176 | P25: 108 | Q25: =O25*P25 -> 19008 | R25: =O25/(F25*202/100) -> 89.823415 | S25: ='22'!G24 -> 0 | T25: 69 | U25: =S25*T25 -> 0 | V25: ='22'!G65 -> 75 | W25: ='22'!G66 -> 14 | X25: ='22'!G67 -> 20 | Y25: =V25+W25+X25 -> 109 | Z25: ='22'!G84 -> 0 | AA25: ='22'!G85 -> 0 | AB25: ='22'!G86 -> 24.41 | AC25: ='22'!G87 -> 0 | AD25: =Z25+AA25+AB25+AC25 -> 24.41 | AE25: =AU25+AV25+BE25+BF25 -> 3073.58 | AF25: =AE25/AD25 -> 125.91479 | AG25: ='22'!G88 -> 0 | AH25: ='22'!G89 -> 9.88 | AI25: ='22'!G90 -> 3.45 | AJ25: =AG25+AH25+AI25 -> 13.33 | AK25: ='22'!G91 -> 0 | AL25: ='22'!G92 -> 10.75 | AN25: =AK25+AL25 -> 10.75 | AO25: ='22'!G74 -> 307.71 | AP25: ='22'!G35 -> 1422.8 | AQ25: ='22'!G37 -> 1587.09 | AR25: ='22'!G38 -> 1787.24 | AS25: ='22'!G39 -> 2648.7 | AT25: ='22'!G40 -> 293.48 | AU25: ='22'!G41 -> 0 | AV25: ='22'!G42 -> 0 | AW25: ='22'!G43 -> 2333.42 | AX25: ='22'!G44 -> 0 | AY25: ='22'!G36 -> 834.29 | AZ25: ='22'!G49 -> 1173.83 | BA25: ='22'!G51 -> 0 | BB25: ='22'!G52 -> 0 | BC25: ='22'!G53 -> 0 | BD25: ='22'!G54 -> 0 | BE25: ='22'!G55 -> 3073.58 | BF25: ='22'!G56 -> 0 | BG25: ='22'!G57 -> 0 | BH25: ='22'!G50 -> 1510.7 | BI25: =SUM(AU25,AV25,BE25,BF25) -> 3073.58 | BJ25: ='22'!G133 -> 653.44 | BK25: =SUM(AP25,AU25,AV25,AW25,AZ25,BE25,BF25,BG25)/H25% -> 40.173299 | BL25: =SUM(AS25,BC25)/H25% -> 13.294845 | BM25: =(AR25+BB25)/H25 -> 0.089708454 | BN25: =J25+N25+Q25+U25 -> 256559.08 | BO25: =SUM(AU25,AV25,AW25,BE25,BF25,BG25,BJ25) -> 6060.44 | BP25: =BO25/(AD25*280) -> 0.88670334
A26: 23 | B26: 23 | D26: ='23'!D3 -> 24 | E26: ='23'!D4 -> 0.77 | F26: ='23'!D2 -> 0.61 | G26: ='23'!G7 -> 18703.16 | H26: ='23'!G8 -> 19388.32 | I26: 9 | J26: =H26*I26 -> 174494.88 | K26: =H26/202 -> 95.981782 | L26: ='23'!G15 -> 979.92 | M26: 56.2 | N26: =L26*M26 -> 55071.504 | O26: ='23'!G20 -> 216 | P26: 108 | Q26: =O26*P26 -> 23328 | R26: =O26/(F26*202/100) -> 175.29622 | S26: ='23'!G24 -> 0 | T26: 69 | U26: =S26*T26 -> 0 | V26: ='23'!G65 -> 88 | W26: ='23'!G66 -> 23 | X26: ='23'!G67 -> 25 | Y26: =V26+W26+X26 -> 136 | Z26: ='23'!G84 -> 0 | AA26: ='23'!G85 -> 0 | AB26: ='23'!G86 -> 24.25 | AC26: ='23'!G87 -> 0 | AD26: =Z26+AA26+AB26+AC26 -> 24.25 | AE26: =AU26+AV26+BE26+BF26 -> 2695.22 | AF26: =AE26/AD26 -> 111.14309 | AG26: ='23'!G88 -> 2.01 | AH26: ='23'!G89 -> 8.17 | AI26: ='23'!G90 -> 1.49 | AJ26: =AG26+AH26+AI26 -> 11.67 | AK26: ='23'!G91 -> 0 | AL26: ='23'!G92 -> 10.22 | AN26: =AK26+AL26 -> 10.22 | AO26: ='23'!G74 -> 292.69 | AP26: ='23'!G35 -> 1355.71 | AQ26: ='23'!G37 -> 1571.98 | AR26: ='23'!G38 -> 1932.07 | AS26: ='23'!G39 -> 2576.25 | AT26: ='23'!G40 -> 383.9 | AU26: ='23'!G41 -> 0 | AV26: ='23'!G42 -> 0 | AW26: ='23'!G43 -> 2339.24 | AX26: ='23'!G44 -> 0 | AY26: ='23'!G36 -> 1155.28 | AZ26: ='23'!G49 -> 1092.97 | BA26: ='23'!G51 -> 0 | BB26: ='23'!G52 -> 0 | BC26: ='23'!G53 -> 0 | BD26: ='23'!G54 -> 0 | BE26: ='23'!G55 -> 2695.22 | BF26: ='23'!G56 -> 0 | BG26: ='23'!G57 -> 0 | BH26: ='23'!G50 -> 1627.26 | BI26: =SUM(AU26,AV26,BE26,BF26) -> 2695.22 | BJ26: ='23'!G133 -> 661.33 | BK26: =SUM(AP26,AU26,AV26,AW26,AZ26,BE26,BF26,BG26)/H26% -> 38.596124 | BL26: =SUM(AS26,BC26)/H26% -> 13.287639 | BM26: =(AR26+BB26)/H26 -> 0.099651233 | BN26: =J26+N26+Q26+U26 -> 252894.38 | BO26: =SUM(AU26,AV26,AW26,BE26,BF26,BG26,BJ26) -> 5695.79 | BP26: =BO26/(AD26*280) -> 0.83884978
A27: 24 | B27: 24 | D27: ='24'!D3 -> 21 | E27: ='24'!D4 -> 0.75 | F27: ='24'!D2 -> 0.75 | G27: ='24'!G7 -> 16363.17 | H27: ='24'!G8 -> 16876.17 | I27: 9 | J27: =H27*I27 -> 151885.53 | K27: =H27/202 -> 83.545396 | L27: ='24'!G15 -> 1037.08 | M27: 56.2 | N27: =L27*M27 -> 58283.896 | O27: ='24'!G20 -> 212 | P27: 108 | Q27: =O27*P27 -> 22896 | R27: =O27/(F27*202/100) -> 139.93399 | S27: ='24'!G24 -> 0 | T27: 69 | U27: =S27*T27 -> 0 | V27: ='24'!G65 -> 103 | W27: ='24'!G66 -> 14 | X27: ='24'!G67 -> 25 | Y27: =V27+W27+X27 -> 142 | Z27: ='24'!G84 -> -0.4 | AA27: ='24'!G85 -> 0 | AB27: ='24'!G86 -> 23.89 | AC27: ='24'!G87 -> 0 | AD27: =Z27+AA27+AB27+AC27 -> 23.49 | AE27: =AU27+AV27+BE27+BF27 -> 2484.33 | AF27: =AE27/AD27 -> 105.76117 | AG27: ='24'!G88 -> -0.38 | AH27: ='24'!G89 -> 10.39 | AI27: ='24'!G90 -> 2.63 | AJ27: =AG27+AH27+AI27 -> 12.64 | AK27: ='24'!G91 -> 0 | AL27: ='24'!G92 -> 11.33 | AN27: =AK27+AL27 -> 11.33 | AO27: ='24'!G74 -> 311.19 | AP27: ='24'!G35 -> 1181.71 | AQ27: ='24'!G37 -> 1645.51 | AR27: ='24'!G38 -> 1826.39 | AS27: ='24'!G39 -> 2607.2 | AT27: ='24'!G40 -> 650.24 | AU27: ='24'!G41 -> 0 | AV27: ='24'!G42 -> 0 | AW27: ='24'!G43 -> 2087.41 | AX27: ='24'!G44 -> 0 | AY27: ='24'!G36 -> 656.7 | AZ27: ='24'!G49 -> 855.3 | BA27: ='24'!G51 -> 0 | BB27: ='24'!G52 -> 0 | BC27: ='24'!G53 -> 0 | BD27: ='24'!G54 -> -0.42 | BE27: ='24'!G55 -> 2484.33 | BF27: ='24'!G56 -> 0 | BG27: ='24'!G57 -> 0 | BH27: ='24'!G50 -> 1014.64 | BI27: =SUM(AU27,AV27,BE27,BF27) -> 2484.33 | BJ27: ='24'!G133 -> 437.57 | BK27: =SUM(AP27,AU27,AV27,AW27,AZ27,BE27,BF27,BG27)/H27% -> 39.160248 | BL27: =SUM(AS27,BC27)/H27% -> 15.449003 | BM27: =(AR27+BB27)/H27 -> 0.10822302 | BN27: =J27+N27+Q27+U27 -> 233065.43 | BO27: =SUM(AU27,AV27,AW27,BE27,BF27,BG27,BJ27) -> 5009.31 | BP27: =BO27/(AD27*280) -> 0.76161741
A28: 25 | B28: 25 | D28: ='25'!D3 -> 22 | E28: ='25'!D4 -> 0.78 | F28: ='25'!D2 -> 0.92 | G28: ='25'!G7 -> 16329 | H28: ='25'!G8 -> 16627 | I28: 9 | J28: =H28*I28 -> 149643 | K28: =H28/202 -> 82.311881 | L28: ='25'!G15 -> 815 | M28: 56.2 | N28: =L28*M28 -> 45803 | O28: ='25'!G20 -> 190 | P28: 108 | Q28: =O28*P28 -> 20520 | R28: =O28/(F28*202/100) -> 102.23848 | S28: ='25'!G24 -> 0 | T28: 69 | U28: =S28*T28 -> 0 | V28: ='25'!G65 -> 86 | W28: ='25'!G66 -> 11 | X28: ='25'!G67 -> 20 | Y28: =V28+W28+X28 -> 117 | Z28: ='25'!G84 -> 0.4 | AA28: ='25'!G85 -> 21.44 | AB28: ='25'!G86 -> 0 | AC28: ='25'!G87 -> 0 | AD28: =Z28+AA28+AB28+AC28 -> 21.84 | AE28: =AU28+AV28+BE28+BF28 -> 0 | AF28: =AE28/AD28 -> 0 | AG28: ='25'!G88 -> 0 | AH28: ='25'!G89 -> 4.98 | AI28: ='25'!G90 -> 4 | AJ28: =AG28+AH28+AI28 -> 8.98 | AK28: ='25'!G91 -> -0.32 | AL28: ='25'!G92 -> 10 | AN28: =AK28+AL28 -> 9.68 | AO28: ='25'!G74 -> 296 | AP28: ='25'!G35 -> 1308 | AQ28: ='25'!G37 -> 1608 | AR28: ='25'!G38 -> 1761 | AS28: ='25'!G39 -> 2591 | AT28: ='25'!G40 -> 593 | AU28: ='25'!G41 -> 0 | AW28: ='25'!G43 -> 1958 | AX28: ='25'!G44 -> 0 | AY28: ='25'!G36 -> 600 | AZ28: ='25'!G49 -> 832 | BA28: ='25'!G51 -> 0 | BB28: ='25'!G52 -> 0 | BC28: ='25'!G53 -> 0 | BD28: ='24'!G54 -> -0.42 | BE28: ='25'!G55 -> 0 | BF28: ='25'!G56 -> 0 | BG28: ='25'!G57 -> 0 | BH28: ='25'!G50 -> 1011 | BI28: =SUM(AU28,AV28,BE28,BF28) -> 0 | BJ28: ='25'!G133 -> 397 | BK28: =SUM(AP28,AU28,AV28,AW28,AZ28,BE28,BF28,BG28)/H28% -> 24.646659 | BL28: =SUM(AS28,BC28)/H28% -> 15.583088 | BM28: =(AR28+BB28)/H28 -> 0.10591207 | BN28: =J28+N28+Q28+U28 -> 215966 | BO28: =SUM(AU28,AV28,AW28,BE28,BF28,BG28,BJ28) -> 2355 | BP28: =BO28/(AD28*280) -> 0.38510597
A29: 26 | B29: 26 | D29: ='26'!D3 -> 22 | E29: ='26'!D4 -> 0.78 | F29: ='26'!D2 -> 0.87 | G29: ='26'!G7 -> 16454 | H29: ='26'!G8 -> 16892 | I29: 9 | J29: =H29*I29 -> 152028 | K29: =H29/202 -> 83.623762 | L29: ='26'!G15 -> 936 | M29: 56.2 | N29: =L29*M29 -> 52603.2 | O29: ='26'!G20 -> 175 | P29: 108 | Q29: =O29*P29 -> 18900 | R29: =O29/(F29*202/100) -> 99.578923 | S29: ='26'!G24 -> 0 | T29: 69 | U29: =S29*T29 -> 0 | V29: ='26'!G65 -> 84 | W29: ='26'!G66 -> 19 | X29: ='26'!G67 -> 26 | Y29: =V29+W29+X29 -> 129 | Z29: ='26'!G84 -> 0 | AA29: ='26'!G85 -> 24 | AB29: ='26'!G86 -> 0 | AC29: ='26'!G87 -> 0 | AD29: =Z29+AA29+AB29+AC29 -> 24 | AE29: =AU29+AV29+BE29+BF29 -> 3448 | AF29: =AE29/AD29 -> 143.66667 | AG29: ='26'!G88 -> 0 | AH29: ='26'!G89 -> 9.02 | AI29: ='26'!G90 -> 3 | AJ29: =AG29+AH29+AI29 -> 12.02 | AK29: ='26'!G91 -> 0 | AL29: ='26'!G92 -> 11 | AN29: =AK29+AL29 -> 11 | AO29: ='26'!G74 -> 286 | AP29: ='26'!G35 -> 1248 | AQ29: ='26'!G37 -> 1519 | AR29: ='26'!G38 -> 1746 | AS29: ='26'!G39 -> 2557 | AT29: ='26'!G40 -> 692 | AU29: ='26'!G41 -> 0 | AV29: ='26'!G42 -> 3448 | AW29: ='26'!G43 -> 1948 | AX29: ='26'!G44 -> 0 | AY29: ='26'!G36 -> 643 | AZ29: ='26'!G49 -> 831 | BA29: ='26'!G51 -> 0 | BB29: ='26'!G52 -> 0 | BC29: ='26'!G53 -> 0 | BD29: ='26'!G54 -> 0 | BE29: ='26'!G55 -> 0 | BF29: ='26'!G56 -> 0 | BG29: ='26'!G57 -> 0 | BH29: ='26'!G50 -> 1009 | BI29: =SUM(AU29,AV29,BE29,BF29) -> 3448 | BJ29: ='26'!G133 -> 428 | BK29: =SUM(AP29,AU29,AV29,AW29,AZ29,BE29,BF29,BG29)/H29% -> 44.251717 | BL29: =SUM(AS29,BC29)/H29% -> 15.137343 | BM29: =(AR29+BB29)/H29 -> 0.10336254 | BN29: =J29+N29+Q29+U29 -> 223531.2 | BO29: =SUM(AU29,AV29,AW29,BE29,BF29,BG29,BJ29) -> 5824 | BP29: =BO29/(AD29*280) -> 0.86666667
A30: 27 | B30: 27 | D30: ='27'!D3 -> 22 | E30: ='27'!D4 -> 0.78 | F30: ='27'!D2 -> 0.74 | G30: ='27'!G7 -> 17608 | H30: ='27'!G8 -> 17701 | I30: 9 | J30: =H30*I30 -> 159309 | K30: =H30/202 -> 87.628713 | L30: ='27'!G15 -> 954 | M30: 56.2 | N30: =L30*M30 -> 53614.8 | O30: ='27'!G20 -> 177 | P30: 108 | Q30: =O30*P30 -> 19116 | R30: =O30/(F30*202/100) -> 118.41049 | S30: ='27'!G24 -> 0 | T30: 69 | U30: =S30*T30 -> 0 | V30: ='27'!G65 -> 97 | W30: ='27'!G66 -> 25 | X30: ='27'!G67 -> 22 | Y30: =V30+W30+X30 -> 144 | Z30: ='27'!G84 -> 0 | AA30: ='27'!G85 -> 24 | AB30: ='27'!G86 -> 0 | AC30: ='27'!G87 -> 0 | AD30: =Z30+AA30+AB30+AC30 -> 24 | AE30: =AU30+AV30+BE30+BF30 -> 3934 | AF30: =AE30/AD30 -> 163.91667 | AG30: ='27'!G88 -> 0 | AH30: ='27'!G89 -> 10 | AI30: ='27'!G90 -> 2 | AJ30: =AG30+AH30+AI30 -> 12 | AK30: ='27'!G91 -> 0 | AL30: ='27'!G92 -> 11 | AN30: =AK30+AL30 -> 11 | AO30: ='27'!G74 -> 293 | AP30: ='27'!G35 -> 1274 | AQ30: ='27'!G37 -> 1582 | AR30: ='27'!G38 -> 1792 | AS30: ='27'!G39 -> 2612 | AT30: ='27'!G40 -> 814 | AU30: ='27'!G41 -> 0 | AV30: ='27'!G42 -> 3934 | AW30: ='27'!G43 -> 1969 | AX30: ='27'!G44 -> 0 | AY30: ='27'!G36 -> 707 | AZ30: ='27'!G49 -> 837 | BA30: ='27'!G51 -> 0 | BB30: ='27'!G52 -> 0 | BC30: ='27'!G53 -> 0 | BD30: ='27'!G54 -> 0 | BE30: ='27'!G55 -> 0 | BF30: ='27'!G56 -> 0 | BG30: ='27'!G57 -> 0 | BH30: ='27'!G50 -> 977 | BI30: =SUM(AU30,AV30,BE30,BF30) -> 3934 | BJ30: ='27'!G133 -> 369 | BK30: =SUM(AP30,AU30,AV30,AW30,AZ30,BE30,BF30,BG30)/H30% -> 45.274278 | BL30: =SUM(AS30,BC30)/H30% -> 14.756228 | BM30: =(AR30+BB30)/H30 -> 0.10123722 | BN30: =J30+N30+Q30+U30 -> 232039.8 | BO30: =SUM(AU30,AV30,AW30,BE30,BF30,BG30,BJ30) -> 6272 | BP30: =BO30/(AD30*280) -> 0.93333333
A31: 28 | B31: 28 | D31: ='28'!D3 -> 23 | E31: ='28'!D4 -> 0.58 | F31: ='28'!D2 -> 0.63 | G31: ='28'!G7 -> 17654 | H31: ='28'!G8 -> 17886 | I31: 9 | J31: =H31*I31 -> 160974 | K31: =H31/202 -> 88.544554 | L31: ='28'!G15 -> 971 | M31: 56.2 | N31: =L31*M31 -> 54570.2 | O31: ='28'!G20 -> 92 | P31: 108 | Q31: =O31*P31 -> 9936 | R31: =O31/(F31*202/100) -> 72.292944 | S31: ='28'!G24 -> 0 | T31: 69 | U31: =S31*T31 -> 0 | V31: ='28'!G65 -> 89 | W31: ='28'!G66 -> 17 | X31: ='28'!G67 -> 23 | Y31: =V31+W31+X31 -> 129 | Z31: ='28'!G84 -> 0 | AA31: ='28'!G85 -> 24 | AB31: ='28'!G86 -> 0 | AC31: ='28'!G87 -> 0 | AD31: =Z31+AA31+AB31+AC31 -> 24 | AE31: =AU31+AV31+BE31+BF31 -> 4136 | AF31: =AE31/AD31 -> 172.33333 | AG31: ='28'!G88 -> 0.43 | AH31: ='28'!G89 -> 9.68 | AI31: ='28'!G90 -> 3.15 | AJ31: =AG31+AH31+AI31 -> 13.26 | AK31: ='28'!G91 -> 0 | AL31: ='28'!G92 -> 11.08 | AN31: =AK31+AL31 -> 11.08 | AO31: ='28'!G74 -> 352 | AP31: ='28'!G35 -> 1316 | AQ31: ='28'!G37 -> 1576 | AR31: ='28'!G38 -> 1753 | AS31: ='28'!G39 -> 2604 | AT31: ='28'!G40 -> 644 | AU31: ='28'!G41 -> 0 | AV31: ='28'!G42 -> 4136 | AW31: ='28'!G43 -> 1961 | AX31: ='28'!G44 -> 0 | AY31: ='28'!G36 -> 689 | AZ31: ='28'!G49 -> 837 | BA31: ='28'!G51 -> 0 | BB31: ='28'!G52 -> 0 | BC31: ='28'!G53 -> 0 | BD31: ='28'!G54 -> 0 | BE31: ='28'!G55 -> 0 | BF31: ='28'!G56 -> 0 | BG31: ='28'!G57 -> 0 | BH31: ='28'!G50 -> 1036 | BI31: =SUM(AU31,AV31,BE31,BF31) -> 4136 | BJ31: ='28'!G133 -> 407 | BK31: =SUM(AP31,AU31,AV31,AW31,AZ31,BE31,BF31,BG31)/H31% -> 46.125461 | BL31: =SUM(AS31,BC31)/H31% -> 14.558873 | BM31: =(AR31+BB31)/H31 -> 0.098009616 | BN31: =J31+N31+Q31+U31 -> 225480.2 | BO31: =SUM(AU31,AV31,AW31,BE31,BF31,BG31,BJ31) -> 6504 | BP31: =BO31/(AD31*280) -> 0.96785714
A32: 29 | B32: 29 | D32: ='29'!D3 -> 23 | E32: ='29'!D4 -> 0.58 | F32: ='29'!D2 -> 0.76 | G32: ='29'!G7 -> 17167 | H32: ='29'!G8 -> 17492 | I32: 9 | J32: =H32*I32 -> 157428 | K32: =H32/202 -> 86.594059 | L32: ='29'!G15 -> 1002 | M32: 56.2 | N32: =L32*M32 -> 56312.4 | O32: ='29'!G20 -> 312 | P32: 108 | Q32: =O32*P32 -> 33696 | R32: =O32/(F32*202/100) -> 203.23085 | S32: ='29'!G24 -> 0 | T32: 69 | U32: =S32*T32 -> 0 | V32: ='29'!G65 -> 84 | W32: ='29'!G66 -> 22 | X32: ='29'!G67 -> 25 | Y32: =V32+W32+X32 -> 131 | Z32: ='29'!G84 -> -0.14 | AA32: ='29'!G85 -> 24 | AB32: ='29'!G86 -> 0 | AC32: ='29'!G87 -> 0 | AD32: =Z32+AA32+AB32+AC32 -> 23.86 | AE32: =AU32+AV32+BE32+BF32 -> 3572 | AF32: =AE32/AD32 -> 149.70662 | AG32: ='29'!G88 -> 0 | AH32: ='29'!G89 -> 9.93 | AI32: ='29'!G90 -> 0.93 | AJ32: =AG32+AH32+AI32 -> 10.86 | AK32: ='29'!G91 -> 2.01 | AL32: ='29'!G92 -> 8.99 | AN32: =AK32+AL32 -> 11 | AO32: ='29'!G74 -> 303 | AP32: ='29'!G35 -> 1192 | AQ32: ='29'!G37 -> 1611 | AR32: ='29'!G38 -> 1750 | AS32: ='29'!G39 -> 2606 | AT32: ='29'!G40 -> 553 | AU32: ='29'!G41 -> 0 | AV32: ='29'!G42 -> 3572 | AW32: ='29'!G43 -> 2065 | AX32: ='29'!G44 -> 0 | AY32: ='29'!G36 -> 695 | AZ32: ='29'!G49 -> 916 | BA32: ='29'!G51 -> 0 | BB32: ='29'!G52 -> 0 | BC32: ='29'!G53 -> 0 | BD32: ='29'!G54 -> 0 | BE32: ='29'!G55 -> 0 | BF32: ='29'!G56 -> 0 | BG32: ='29'!G57 -> 0 | BH32: ='29'!G50 -> 983 | BI32: =SUM(AU32,AV32,BE32,BF32) -> 3572 | BJ32: ='29'!G133 -> 494 | BK32: =SUM(AP32,AU32,AV32,AW32,AZ32,BE32,BF32,BG32)/H32% -> 44.277384 | BL32: =SUM(AS32,BC32)/H32% -> 14.898239 | BM32: =(AR32+BB32)/H32 -> 0.10004574 | BN32: =J32+N32+Q32+U32 -> 247436.4 | BO32: =SUM(AU32,AV32,AW32,BE32,BF32,BG32,BJ32) -> 6131 | BP32: =BO32/(AD32*280) -> 0.91770447
A33: 30 | B33: 30 | D33: ='30'!D3 -> 23 | E33: ='30'!D4 -> 0.58 | F33: ='30'!D2 -> 0.46 | G33: ='30'!G7 -> 17289 | H33: ='30'!G8 -> 17529 | I33: 9 | J33: =H33*I33 -> 157761 | K33: =H33/202 -> 86.777228 | L33: ='30'!G15 -> 929 | M33: 56.2 | N33: =L33*M33 -> 52209.8 | O33: ='30'!G20 -> 226 | P33: 108 | Q33: =O33*P33 -> 24408 | R33: =O33/(F33*202/100) -> 243.21997 | S33: ='30'!G24 -> 0 | T33: 69 | U33: =S33*T33 -> 0 | V33: ='30'!G65 -> 80 | W33: ='30'!G66 -> 27 | X33: ='30'!G67 -> 32 | Y33: =V33+W33+X33 -> 139 | Z33: ='30'!G84 -> 0 | AA33: ='30'!G85 -> 24 | AB33: ='30'!G86 -> 0 | AC33: ='30'!G87 -> 0 | AD33: =Z33+AA33+AB33+AC33 -> 24 | AE33: =AU33+AV33+BE33+BF33 -> 3884 | AF33: =AE33/AD33 -> 161.83333 | AG33: ='30'!G88 -> 0 | AH33: ='30'!G89 -> 9.21 | AI33: ='30'!G90 -> 1.92 | AJ33: =AG33+AH33+AI33 -> 11.13 | AK33: ='30'!G91 -> 11.61 | AL33: ='30'!G92 -> 0 | AN33: =AK33+AL33 -> 11.61 | AO33: ='30'!G74 -> 308 | AP33: ='30'!G35 -> 1206 | AQ33: ='30'!G37 -> 1553 | AR33: ='30'!G38 -> 1629 | AS33: ='30'!G39 -> 2616 | AT33: ='30'!G40 -> 798 | AU33: ='30'!G41 -> 0 | AV33: ='30'!G42 -> 3884 | AW33: ='30'!G43 -> 1898 | AX33: ='30'!G44 -> 0 | AY33: ='30'!G36 -> 846 | AZ33: ='30'!G49 -> 871 | BA33: ='30'!G51 -> 0 | BB33: ='30'!G52 -> 0 | BC33: ='30'!G53 -> 0 | BD33: ='30'!G54 -> 0 | BE33: ='30'!G55 -> 0 | BF33: ='30'!G56 -> 0 | BG33: ='30'!G57 -> 0 | BH33: ='30'!G50 -> 1051 | BI33: =SUM(AU33,AV33,BE33,BF33) -> 3884 | BJ33: ='30'!G133 -> 496 | BK33: =SUM(AP33,AU33,AV33,AW33,AZ33,BE33,BF33,BG33)/H33% -> 44.834275 | BL33: =SUM(AS33,BC33)/H33% -> 14.92384 | BM33: =(AR33+BB33)/H33 -> 0.092931713 | BN33: =J33+N33+Q33+U33 -> 234378.8 | BO33: =SUM(AU33,AV33,AW33,BE33,BF33,BG33,BJ33) -> 6278 | BP33: =BO33/(AD33*280) -> 0.93422619
A34: 31 | B34: 31 | D34: 30 | E34: ='30'!D5 -> Unit | F34: ='30'!D3 -> 23 | G34: ='31'!G7 -> 17614.23 | H34: ='31'!G8 -> 17830.15 | I34: 9 | J34: =H34*I34 -> 160471.35 | K34: =H34/202 -> 88.268069 | L34: ='31'!G15 -> 915.767 | M34: 56.2 | N34: =L34*M34 -> 51466.105 | O34: ='31'!G20 -> 146 | P34: 108 | Q34: =O34*P34 -> 15768 | R34: =O34/(F34*202/100) -> 3.1424882 | S34: ='30'!G25 -> 0 | T34: 70 | U34: =S34*T34 -> 0 | V34: ='31'!G65 -> 74 | W34: ='31'!G66 -> 15 | X34: ='31'!G67 -> 20 | Y34: =V34+W34+X34 -> 109 | Z34: ='31'!G84 -> -0.26 | AA34: ='31'!G85 -> 24 | AB34: ='31'!G86 -> 0 | AC34: ='31'!G87 -> -0.05 | AD34: =Z34+AA34+AB34+AC34 -> 23.69 | AE34: =AU34+AV34+BE34+BF34 -> 4318.85 | AF34: =AE34/AD34 -> 182.30688 | AG34: ='31'!G88 -> 0 | AH34: ='31'!G89 -> 9.3 | AI34: ='31'!G90 -> 2.32 | AJ34: =AG34+AH34+AI34 -> 11.62 | AK34: ='31'!G91 -> 11.47 | AL34: ='31'!G92 -> 0 | AN34: =AK34+AL34 -> 11.47 | AO34: ='31'!G74 -> 294.149 | AP34: ='31'!G35 -> 1252.98 | AQ34: ='31'!G37 -> 1588.09 | AR34: ='31'!G38 -> 1627.43 | AS34: ='31'!G39 -> 2649.29 | AT34: ='31'!G40 -> 971.86 | AU34: ='31'!G41 -> 0 | AV34: ='31'!G42 -> 4318.74 | AW34: ='31'!G43 -> 1885.6 | AX34: ='31'!G44 -> 0 | AY34: ='31'!G36 -> 638.74 | AZ34: ='31'!G49 -> 857.19 | BA34: ='31'!G51 -> 0 | BB34: ='31'!G52 -> 0 | BC34: ='31'!G53 -> 0 | BD34: ='31'!G54 -> 0.42 | BE34: ='31'!G55 -> 0.11 | BF34: ='31'!G56 -> 0 | BG34: ='31'!G57 -> 0 | BH34: ='31'!G50 -> 1070.63 | BI34: =SUM(AU34,AV34,BE34,BF34) -> 4318.85 | BJ34: ='31'!G133 -> 437.7 | BK34: =SUM(AP34,AU34,AV34,AW34,AZ34,BE34,BF34,BG34)/H34% -> 46.632361 | BL34: =SUM(AS34,BC34)/H34% -> 14.858484 | BM34: =(AR34+BB34)/H34 -> 0.09127405 | BN34: =J34+N34+Q34+U34 -> 227705.46 | BO34: =SUM(AU34,AV34,AW34,BE34,BF34,BG34,BJ34) -> 6642.15 | BP34: =BO34/(AD34*280) -> 1.0013493
A35: Total | D35: =AVERAGE(D4:D34) -> 24.741935 | F35: =AVERAGE(F4:F34) -> 1.383929 | G35: =SUM(G4:G34) -> 15 | H35: =SUM(H4:H34) -> 0 | I35: 9 | J35: =SUM(J4:J34) -> 0 | K35: =SUM(K4:K34) -> 4.1211479e-13 | L35: =SUM(L4:L34) -> 30580 | M35: =SUM(M4:M34) -> 1742.2 | N35: =SUM(N4:N34) -> 1718596 | O35: =SUM(O4:O34) -> 4960 | P35: =SUM(P4:P34) -> 3348 | Q35: =SUM(Q4:Q34) -> 535680 | ... BN35: =SUM(BN4:BN34) -> 2261866 | BO35: =SUM(AU35,AV35,AW35,BE35,BF35,BG35,BJ35) -> 124978.83 | BP35: =BO35/(AD35*280) -> 282.50188
B36: =B18-B17 -> 1 | C36: =C18-C17 -> 0 | D36: =D18-D17 -> 5 | E36: =E18-E17 -> -0.08 | F36: =F18-F17 -> 0.25 | H36: =H18-H17 -> 582326.71 | I36: =I18-I17 -> 0 | J36: =J18-J17 -> 5240940.4 | K36: =K18-K17 -> 2882.8055 | L36: =L18-L17 -> 220 | M36: =M18-M17 -> 0 | N36: =N18-N17 -> 12364 | O36: =O18-O17 -> 1713 | ... AN36: =AN18-AN17 -> 341.39 | AP36: =AP18-AP17 -> 43691.84 | AQ36: =AQ18-AQ17 -> 49490.74 | AR36: =AR18-AR17 -> 55048.95 | AS36: =AS18-AS17 -> 84431.9 | AT36: =AT18-AT17 -> 14935 | AU36: =AU18-AU17 -> 63 | AV36: =AV18-AV17 -> -0.4 | AW36: =AW18-AW17 -> 1.71 | AZ36: =AZ18-AZ17 -> 35788.59 | BA36: =BA18-BA17 -> 0 | BB36: =BB18-BB17 -> 0 | BC36: =BC18-BC17 -> 0 | BD36: =BD18-BD17 -> 8607.51 | BE36: =BE18-BE17 -> 47886.23 | BF36: =BF18-BF17 -> 112.54 | BG36: =BG18-BG17 -> 0 | BK36: =BK18-BK17 -> 22.471281 | BL36: =BL18-BL17 -> -0.10468113 | BN36: =BN18-BN17 -> 5438308.4 | BO36: =BO18-BO17 -> 65082.35
F37: =AVERAGE(F4:F35) -> 1.383929 | H37: =AVERAGE(H4:H35) -> 0
B38: Guest complaint | F38: =AVERAGE(F4:F35) -> 1.383929
BI41: =(BI31+BJ31)/400 -> 11.3575

Sheet Occupancy
B1: Hotel Paid Occupancy Occ% | C1: Room Nights | D1: Comp Night | E1: Cummulative % | F1: Total Covers Guests | G1: Total Room Nights | H1: Paid occ % | J1: KWH/Room
A2: 1 | B2: =C2/202% -> 56.435644 | C2: 114 | D2: 12 | E2: 80 | F2: 290 | G2: =C2+D2 -> 126 | H2: =C2/202% -> 56.435644 | J2: ='Section Load'!C5/G2 -> 138.5623 | K2: =10/202 -> 0.04950495
A3: 2 | B3: =C3/202% -> 63.861386 | C3: 129 | D3: 13 | E3: 56 | F3: 352 | G3: =C3+D3 -> 142 | H3: =C3/202% -> 63.861386 | J3: ='Section Load'!C6/G3 -> 129.14085
A4: 3 | B4: =C4/202% -> 65.841584 | C4: 133 | D4: 12 | E4: 57 | F4: 406 | G4: =C4+D4 -> 145 | H4: =C4/202% -> 65.841584 | J4: ='Section Load'!C7/G4 -> 132.54483 | Q4: =C2/202 -> 0.56435644
A5: 4 | B5: =C5/202% -> 76.237624 | C5: 154 | D5: 12 | E5: 65 | F5: 461 | G5: =C5+D5 -> 166 | H5: =C5/202% -> 76.237624 | J5: ='Section Load'!C8/G5 -> 112.12476
A6: 5 | B6: =C6/202% -> 78.217822 | C6: 158 | D6: 13 | E6: 63 | F6: 1487 | G6: =C6+D6 -> 171 | H6: =C6/202% -> 78.217822 | J6: ='Section Load'!C9/G6 -> 121.81848
A7: 6 | B7: =C7/202% -> 68.811881 | C7: 139 | D7: 11 | E7: 63 | F7: 494 | G7: =C7+D7 -> 150 | H7: =C7/202% -> 68.811881 | J7: ='Section Load'!C10/G7 -> 137.41333
A8: 7 | B8: =C8/202% -> 72.772277 | C8: 147 | D8: 12 | E8: 57 | F8: 704 | G8: =C8+D8 -> 159 | H8: =C8/202% -> 72.772277 | J8: ='Section Load'!C11/G8 -> 136.50465 | K8: Pool & Spa wet facilites startted
A9: 8 | B9: =C9/202% -> 59.90099 | C9: 121 | D9: 8 | E9: 55 | F9: 418 | G9: =C9+D9 -> 129 | H9: =C9/202% -> 59.90099 | J9: ='Section Load'!C12/G9 -> 152.94643
A10: 9 | B10: =C10/202% -> 66.831683 | C10: 135 | D10: 9 | E10: 54 | F10: 483 | G10: =C10+D10 -> 144 | H10: =C10/202% -> 66.831683 | J10: ='Section Load'!C13/G10 -> 135.1875
A11: 10 | B11: =C11/202% -> 68.811881 | C11: 139 | D11: 10 | E11: 51 | F11: 723 | G11: =C11+D11 -> 149 | H11: =C11/202% -> 68.811881 | J11: ='Section Load'!C14/G11 -> 136.73154
A12: 11 | B12: =C12/202% -> 66.336634 | C12: 134 | D12: 14 | E12: 41 | F12: 899 | G12: =C12+D12 -> 148 | H12: =C12/202% -> 66.336634 | J12: ='Section Load'!C15/G12 -> 142.02703
A13: 12 | B13: =C13/202% -> 68.316832 | C13: 138 | D13: 16 | E13: 41 | F13: 683 | G13: =C13+D13 -> 154 | H13: =C13/202% -> 68.316832 | J13: ='Section Load'!C16/G13 -> 145.05844
A14: 13 | B14: =C14/202% -> 63.366337 | C14: 128 | D14: 14 | E14: =SUM(C14:D14)/202% -> 70.29703 | F14: 1001 | G14: =C14+D14 -> 142 | H14: =C14/202% -> 63.366337 | J14: ='Section Load'!C17/G14 -> 156.33803
A15: 14 | B15: =C15/202% -> 0 | E15: =SUM(C15:D15)/202% -> 0 | G15: =C15+D15 -> 0 | H15: =C15/202% -> 0 | J15: ='Section Load'!C18/G15 -> #DIV/0!
A16: 15 | B16: =C16/202% -> 0 | E16: =SUM(C16:D16)/202% -> 0 | G16: =C16+D16 -> 0 | H16: =C16/202% -> 0 | J16: ='Section Load'!C19/G16 -> #DIV/0!
A17: 16 | B17: =C17/202% -> 0 | E17: =SUM(C17:D17)/202% -> 0 | G17: =C17+D17 -> 0 | H17: =C17/202% -> 0 | J17: ='Section Load'!C20/G17 -> #DIV/0!
A18: 17 | B18: =C18/202% -> 0 | E18: =SUM(C18:D18)/202% -> 0 | G18: =C18+D18 -> 0 | H18: =C18/202% -> 0 | J18: ='Section Load'!C21/G18 -> #DIV/0!
A19: 18 | B19: =C19/202% -> 0 | E19: =SUM(C19:D19)/202% -> 0 | G19: =C19+D19 -> 0 | H19: =C19/202% -> 0 | J19: ='Section Load'!C22/G19 -> #DIV/0!
A20: 19 | B20: =C20/202% -> 0 | E20: =SUM(C20:D20)/202% -> 0 | G20: =C20+D20 -> 0 | H20: =C20/202% -> 0 | J20: ='Section Load'!C23/G20 -> #DIV/0!
A21: 20 | B21: =C21/202% -> 0 | E21: =SUM(C21:D21)/202% -> 0 | G21: =C21+D21 -> 0 | H21: =C21/202% -> 0 | J21: ='Section Load'!C24/G21 -> #DIV/0!
A22: 21 | B22: =C22/202% -> 0 | E22: =SUM(C22:D22)/202% -> 0 | G22: =C22+D22 -> 0 | H22: =C22/202% -> 0 | J22: ='Section Load'!C25/G22 -> #DIV/0!
A23: 22 | B23: 83 | E23: =SUM(C23:D23)/202% -> 0 | G23: =C23+D23 -> 0 | H23: =C23/202% -> 0 | J23: ='Section Load'!C26/G23 -> #DIV/0!
A24: 23 | B24: 98 | E24: =SUM(C24:D24)/202% -> 0 | G24: =C24+D24 -> 0 | H24: =C24/202% -> 0 | J24: ='Section Load'!C27/G24 -> #DIV/0!
A25: 24 | B25: =C25/202% -> 0 | E25: =SUM(C25:D25)/202% -> 0 | G25: =C25+D25 -> 0 | H25: =C25/202% -> 0 | J25: ='Section Load'!C28/G25 -> #DIV/0!
A26: 25 | B26: =C26/202% -> 0 | E26: =SUM(C26:D26)/202% -> 0 | G26: =C26+D26 -> 0 | H26: =C26/202% -> 0 | J26: ='Section Load'!C29/G26 -> #DIV/0!
A27: 26 | B27: =C27/202% -> 0 | E27: =SUM(C27:D27)/202% -> 0 | G27: =C27+D27 -> 0 | H27: =C27/202% -> 0 | J27: ='Section Load'!C30/G27 -> #DIV/0!
A28: 27 | B28: =C28/202% -> 0 | E28: =SUM(C28:D28)/202% -> 0 | G28: =C28+D28 -> 0 | H28: =C28/202% -> 0 | J28: ='Section Load'!C31/G28 -> #DIV/0!
A29: 28 | B29: =C29/202% -> 0 | E29: =SUM(C29:D29)/202% -> 0 | G29: =C29+D29 -> 0 | H29: =C29/202% -> 0 | J29: ='Section Load'!C32/G29 -> #DIV/0!
A30: 29 | B30: =C30/202% -> 0 | E30: =SUM(C30:D30)/202% -> 0 | G30: =C30+D30 -> 0 | H30: =C30/202% -> 0 | J30: ='Section Load'!C33/G30 -> #DIV/0!
A31: 30 | B31: =C31/202% -> 0 | E31: =SUM(C31:D31)/202% -> 0 | G31: =C31+D31 -> 0 | H31: =C31/202% -> 0 | J31: ='Section Load'!C34/G31 -> #DIV/0!
A32: 31 | B32: =C32/202% -> 0 | H32: =C32/202% -> 0 | J32: ='Section Load'!C35/G32 -> #DIV/0!
A33: Average | B33: =AVERAGE(B2:B31) -> 35.224752 | C33: =AVERAGE(C2:C31) -> 136.07692 | D33: =AVERAGE(D2:D31) -> 12 | E33: =AVERAGE(E2:E31) -> 25.109901 | F33: =AVERAGE(F2:F31) -> 646.23077 | G33: =AVERAGE(G2:G31) -> 64.166667 | H33: =AVERAGE(H2:H31) -> 29.191419

Sheet Water Report
C3: Date | D3: 1 | E3: 2 | F3: 3 | G3: 4 | H3: 5 | I3: 6 | J3: 7 | K3: 8 | L3: 9 | M3: 10 | N3: 11 | O3: 12 | P3: 13 | Q3: 14 | R3: 15 | S3: 16 | T3: 17 | U3: 18 | V3: 19 | W3: 20 | X3: 21 | Y3: 22 | Z3: 23 | AA3: 24 | AB3: 25 | AC3: 26 | AD3: 27 | AE3: 28 | AF3: 29 | AG3: 30 | AH3: 31
C4: occupancy | D4: =Occupancy!B2 -> 56.435644 | E4: =Occupancy!B3 -> 63.861386 | F4: =Occupancy!C3 -> 129 | G4: =Occupancy!D3 -> 13 | H4: =Occupancy!E3 -> 56 | I4: =Occupancy!F3 -> 352 | J4: =Occupancy!G3 -> 142 | K4: =Occupancy!H3 -> 63.861386 | L4: =Occupancy!I3 -> 0 | ... AH4: =Occupancy!AE3 -> 0
C5: Tanker | D5: ='1'!G18 -> 180 | E5: ='2'!G18 -> 150 | F5: ='3'!G18 -> 180 | G5: ='4'!G18 -> 210 | H5: ='5'!G18 -> 240 | I5: ='6'!G18 -> 220 | J5: ='7'!G18 -> 190 | K5: ='8'!G18 -> 180 | L5: ='9'!G18 -> 200 | M5: ='10'!G18 -> 260 | N5: ='11'!G18 -> 260 | O5: ='12'!G18 -> 280 | P5: ='13'!G18 -> 240 | Q5: ='14'!G18 -> 60 | R5: ='15'!G18 -> 100 | S5: ='16'!G18 -> 80 | T5: ='17'!G18 -> 80 | U5: ='18 '!G18 -> 100 | V5: ='19'!G18 -> 100 | W5: ='20'!G18 -> 160 | X5: ='21'!G18 -> 110 | Y5: ='22'!G18 -> 120 | Z5: ='23'!G18 -> 160 | AA5: ='24'!G18 -> 160 | AB5: ='25'!G18 -> 140 | AC5: ='26'!G18 -> 120 | AD5: ='27'!G18 -> 120 | AE5: ='28'!G18 -> 40 | AF5: ='29'!G18 -> 260 | AG5: ='30'!G18 -> 170 | AH5: ='31'!G18 -> 90
C6: BMC | D6: ='1'!G19 -> 55 | E6: ='2'!G19 -> 33 | F6: ='3'!G19 -> 53 | G6: ='4'!G19 -> 51 | H6: ='5'!G19 -> 54 | I6: ='6'!G19 -> 55 | J6: ='7'!G19 -> 52 | K6: ='8'!G19 -> 52 | L6: ='9'!G19 -> 56 | M6: ='10'!G19 -> 57 | N6: ='11'!G19 -> 56 | O6: ='12'!G19 -> 59 | P6: ='13'!G19 -> 56 | Q6: ='14'!G19 -> -1618 | R6: ='15'!G19 -> 55 | S6: ='16'!G19 -> 55 | T6: ='17'!G19 -> 53 | U6: ='18 '!G19 -> 54 | V6: ='19'!G19 -> 57 | W6: ='20'!G19 -> 56 | X6: ='21'!G19 -> 57 | Y6: ='22'!G19 -> 56 | Z6: ='23'!G19 -> 56 | AA6: ='24'!G19 -> 52 | AB6: ='25'!G19 -> 50 | AC6: ='26'!G19 -> 55 | AD6: ='27'!G19 -> 57 | AE6: ='28'!G19 -> 52 | AF6: ='29'!G19 -> 52 | AG6: ='30'!G19 -> 56 | AH6: ='31'!G19 -> 56
C7: R.O. Plant Production | D7: ='1'!G62 -> 63 | E7: ='2'!G62 -> 105 | F7: ='3'!G62 -> 74 | G7: ='4'!G62 -> 109 | H7: ='5'!G62 -> 136 | I7: ='6'!G62 -> 143 | J7: ='7'!G62 -> 142 | K7: ='8'!G62 -> 128 | L7: ='9'!G62 -> 142 | M7: ='10'!G62 -> 170 | N7: ='11'!G62 -> 181 | O7: ='12'!G62 -> 177 | P7: ='13'!G62 -> 177 | Q7: ='14'!G62 -> -3235 | R7: ='15'!G62 -> 79 | S7: ='16'!G62 -> 66 | T7: ='17'!G62 -> 66 | U7: ='18 '!G62 -> 69 | V7: ='19'!G62 -> 60 | W7: ='20'!G62 -> 69 | X7: ='21'!G62 -> 60 | Y7: ='22'!G62 -> 72 | Z7: ='23'!G62 -> 119 | AA7: ='24'!G62 -> 124 | AB7: ='25'!G62 -> 102 | AC7: ='26'!G62 -> 93 | AD7: ='27'!G62 -> 120 | AE7: ='28'!G62 -> 90 | AF7: ='29'!G62 -> 102 | AG7: ='30'!G62 -> 114 | AH7: ='31'!G62 -> 83
C8: STP Production | D8: ='1'!G63 -> 132 | E8: ='2'!G63 -> 159 | F8: ='3'!G63 -> 132 | G8: ='4'!G63 -> 136 | H8: ='5'!G63 -> 128 | I8: ='6'!G63 -> 132 | J8: ='7'!G63 -> 124 | K8: ='8'!G63 -> 103 | L8: ='9'!G63 -> 90 | M8: ='10'!G63 -> 129 | N8: ='11'!G63 -> 136 | O8: ='12'!G63 -> 182 | P8: ='13'!G63 -> 140 | Q8: ='14'!G63 -> 49 | R8: ='15'!G63 -> 95 | S8: ='16'!G63 -> 91 | T8: ='17'!G63 -> 84 | U8: ='18 '!G63 -> 124 | V8: ='19'!G63 -> 93 | W8: ='20'!G63 -> 105 | X8: ='21'!G63 -> 96 | Y8: ='22'!G63 -> 108 | Z8: ='23'!G63 -> 126 | AA8: ='24'!G63 -> 68 | AB8: ='25'!G63 -> 164 | AC8: ='26'!G63 -> 127 | AD8: ='27'!G63 -> 150 | AE8: ='28'!G63 -> 139 | AF8: ='29'!G63 -> 139 | AG8: ='30'!G63 -> 73 | AH8: ='31'!G63 -> 167
B9: Domestic Water | C9: Zone-1 | D9: ='1'!G65 -> 71 | E9: ='2'!G65 -> 71 | F9: ='3'!G65 -> 94 | G9: ='4'!G65 -> 87 | H9: ='5'!G65 -> 100 | I9: ='6'!G65 -> 110 | J9: ='7'!G65 -> 96 | K9: ='8'!G65 -> 106 | L9: ='9'!G65 -> 103 | M9: ='10'!G65 -> 105 | N9: ='11'!G65 -> 104 | O9: ='12'!G65 -> 126 | P9: ='13'!G65 -> 112 | Q9: ='14'!G65 -> -2613 | R9: ='15'!G65 -> 70 | S9: ='16'!G65 -> 62 | T9: ='17'!G65 -> 65 | U9: ='18 '!G65 -> 64 | V9: ='19'!G65 -> 63 | W9: ='20'!G65 -> 72 | X9: ='21'!G65 -> 72 | Y9: ='22'!G65 -> 75 | Z9: ='23'!G65 -> 88 | AA9: ='24'!G65 -> 103 | AB9: ='25'!G65 -> 86 | AC9: ='26'!G65 -> 84 | AD9: ='27'!G65 -> 97 | AE9: ='28'!G65 -> 89 | AF9: ='29'!G65 -> 84 | AG9: ='30'!G65 -> 80 | AH9: ='31'!G65 -> 74
C10: Zone-2 | D10: ='1'!G66 -> 17 | E10: ='2'!G66 -> 20 | F10: ='3'!G66 -> 22 | G10: ='4'!G66 -> 30 | H10: ='5'!G66 -> 48 | I10: ='6'!G66 -> 26 | J10: ='7'!G66 -> 21 | K10: ='8'!G66 -> 19 | L10: ='9'!G66 -> 20 | M10: ='10'!G66 -> 20 | N10: ='11'!G66 -> 31 | O10: ='12'!G66 -> 28 | P10: ='13'!G66 -> 27 | Q10: ='14'!G66 -> -617 | R10: ='15'!G66 -> 17 | S10: ='16'!G66 -> 21 | T10: ='17'!G66 -> 15 | U10: ='18 '!G66 -> 11 | V10: ='19'!G66 -> 15 | W10: ='20'!G66 -> 10 | X10: ='21'!G66 -> 12 | Y10: ='22'!G66 -> 14 | Z10: ='23'!G66 -> 23 | AA10: ='24'!G66 -> 14 | AB10: ='25'!G66 -> 11 | AC10: ='26'!G66 -> 19 | AD10: ='27'!G66 -> 25 | AE10: ='28'!G66 -> 17 | AF10: ='29'!G66 -> 22 | AG10: ='30'!G66 -> 27 | AH10: ='31'!G66 -> 15
C11: Zone-3 | D11: ='1'!G67 -> 14 | E11: ='2'!G67 -> 20 | F11: ='3'!G67 -> 20 | G11: ='4'!G67 -> 25 | H11: ='5'!G67 -> 26 | I11: ='6'!G67 -> 31 | J11: ='7'!G67 -> 30 | K11: ='8'!G67 -> 16 | L11: ='9'!G67 -> 55 | M11: ='10'!G67 -> 65 | N11: ='11'!G67 -> 65 | O11: ='12'!G67 -> 66 | P11: ='13'!G67 -> 71 | Q11: ='14'!G67 -> -898 | R11: ='15'!G67 -> 23 | S11: ='16'!G67 -> 26 | T11: ='17'!G67 -> 19 | U11: ='18 '!G67 -> 22 | V11: ='19'!G67 -> 23 | W11: ='20'!G67 -> 23 | X11: ='21'!G67 -> 20 | Y11: ='22'!G67 -> 20 | Z11: ='23'!G67 -> 25 | AA11: ='24'!G67 -> 25 | AB11: ='25'!G67 -> 20 | AC11: ='26'!G67 -> 26 | AD11: ='27'!G67 -> 22 | AE11: ='28'!G67 -> 23 | AF11: ='29'!G67 -> 25 | AG11: ='30'!G67 -> 32 | AH11: ='31'!G67 -> 20
B13: Flushing Water | C13: Zone-1 | D13: ='1'!G68 -> 39 | E13: ='2'!G68 -> 30 | F13: ='3'!G68 -> 28 | G13: ='4'!G68 -> 28 | H13: ='5'!G68 -> 33 | I13: ='6'!G68 -> 56 | J13: ='7'!G68 -> 43 | K13: ='8'!G68 -> 30 | L13: ='9'!G68 -> 37 | M13: ='10'!G68 -> 40 | N13: ='11'!G68 -> 53 | O13: ='12'!G68 -> 52 | P13: ='13'!G68 -> 32 | Q13: ='14'!G68 -> -1215 | R13: ='15'!G68 -> 23 | S13: ='16'!G68 -> 31 | T13: ='17'!G68 -> 21 | U13: ='18 '!G68 -> 55 | V13: ='19'!G68 -> 30 | W13: ='20'!G68 -> 50 | X13: ='21'!G68 -> 34 | Y13: ='22'!G68 -> 45 | Z13: ='23'!G68 -> 42 | AA13: ='24'!G68 -> 33 | AB13: ='25'!G68 -> 73 | AC13: ='26'!G68 -> 50 | AD13: ='27'!G68 -> 57 | AE13: ='28'!G68 -> 68 | AF13: ='29'!G68 -> 48 | AG13: ='30'!G68 -> 25 | AH13: ='31'!G68 -> 29
C14: Zone-2 | D14: ='1'!G69 -> 9 | E14: ='2'!G69 -> 19 | F14: ='3'!G69 -> 9 | G14: ='4'!G69 -> 7 | H14: ='5'!G69 -> 8 | I14: ='6'!G69 -> 11 | J14: ='7'!G69 -> 15 | K14: ='8'!G69 -> 10 | L14: ='9'!G69 -> 9 | M14: ='10'!G69 -> 18 | N14: ='11'!G69 -> 32 | O14: ='12'!G69 -> 14 | P14: ='13'!G69 -> 11 | Q14: ='14'!G69 -> -361 | R14: ='15'!G69 -> 11 | S14: ='16'!G69 -> 6 | T14: ='17'!G69 -> 8 | U14: ='18 '!G69 -> 12 | V14: ='19'!G69 -> 8 | W14: ='20'!G69 -> 14 | X14: ='21'!G69 -> 8 | Y14: ='22'!G69 -> 8 | Z14: ='23'!G69 -> 31 | AA14: ='24'!G69 -> 31 | AB14: ='25'!G69 -> 5 | AC14: ='26'!G69 -> 8 | AD14: ='27'!G69 -> 9 | AE14: ='28'!G69 -> 6 | AF14: ='29'!G69 -> 7 | AG14: ='30'!G69 -> 8 | AH14: ='31'!G69 -> 9
C15: Zone-3 | D15: ='1'!G70 -> 8 | E15: ='2'!G70 -> 10 | F15: ='3'!G70 -> 9 | G15: ='4'!G70 -> 9 | H15: ='5'!G70 -> 9 | I15: ='6'!G70 -> 9 | J15: ='7'!G70 -> 23 | K15: ='8'!G70 -> 33 | L15: ='9'!G70 -> 14 | M15: ='10'!G70 -> 8 | N15: ='11'!G70 -> 12 | O15: ='12'!G70 -> 5 | P15: ='13'!G70 -> 8 | Q15: ='14'!G70 -> -307 | R15: ='15'!G70 -> 7 | S15: ='16'!G70 -> 7 | T15: ='17'!G70 -> 7 | U15: ='18 '!G70 -> 4 | V15: ='19'!G70 -> 6.1 | W15: ='20'!G70 -> 4.9 | X15: ='21'!G70 -> 4 | Y15: ='22'!G70 -> 6 | Z15: ='23'!G70 -> 6 | AA15: ='24'!G70 -> 8 | AB15: ='25'!G70 -> 12 | AC15: ='26'!G70 -> 13 | AD15: ='27'!G70 -> 11 | AE15: ='28'!G70 -> 9 | AF15: ='29'!G70 -> 15 | AG15: ='30'!G70 -> 22 | AH15: ='31'!G70 -> 8
B17: Branches ( Domestic water ) | C17: Pool | D17: ='1'!G173 -> 0 | E17: ='2'!G173 -> 0 | F17: ='3'!G173 -> 0 | G17: ='4'!G173 -> 0 | H17: ='5'!G173 -> 0 | I17: ='6'!G173 -> 0 | J17: ='7'!G173 -> 0 | K17: ='8'!G173 -> 0 | L17: ='9'!G173 -> 5 | M17: ='10'!G173 -> 1 | N17: ='11'!G173 -> 0 | O17: ='12'!G173 -> 0 | P17: ='13'!G173 -> 0 | Q17: ='14'!G173 -> -6 | R17: ='15'!G173 -> 0 | S17: ='16'!G173 -> 0 | T17: ='17'!G173 -> 0 | U17: ='18 '!G173 -> 0 | V17: ='19'!G173 -> 0 | W17: ='20'!G173 -> 0 | X17: ='21'!G173 -> 0 | Y17: ='22'!G173 -> 0 | Z17: ='23'!G173 -> 0 | AA17: ='24'!G173 -> 0 | AB17: ='25'!G173 -> 0 | AC17: ='26'!G173 -> 0 | AD17: ='27'!G173 -> 0 | AE17: ='28'!G173 -> 0 | AF17: ='29'!G173 -> 0 | AG17: ='30'!G173 -> 0 | AH17: ='31'!G173 -> 0
C18: B2 Laundry | D18: ='1'!G174 -> 11 | E18: ='2'!G174 -> 11 | F18: ='3'!G174 -> 12 | G18: ='4'!G174 -> 12 | H18: ='5'!G174 -> 15 | I18: ='6'!G174 -> 16 | J18: ='7'!G174 -> 14 | K18: ='8'!G174 -> 17 | L18: ='9'!G174 -> 12 | M18: ='10'!G174 -> 14 | N18: ='11'!G174 -> 12 | O18: ='12'!G174 -> 17 | P18: ='13'!G174 -> 12 | Q18: ='14'!G174 -> 5 | R18: ='15'!G174 -> 10 | S18: ='16'!G174 -> 13 | T18: ='17'!G174 -> 0 | U18: ='18 '!G174 -> 13 | V18: ='19'!G174 -> 9 | W18: ='20'!G174 -> 12 | X18: ='21'!G174 -> 11 | Y18: ='22'!G174 -> 12 | Z18: ='23'!G174 -> 13 | AA18: ='24'!G174 -> 14 | AB18: ='25'!G174 -> 8 | AC18: ='26'!G174 -> 12 | AD18: ='27'!G174 -> 13 | AE18: ='28'!G174 -> 15 | AF18: ='29'!G174 -> 13 | AG18: ='30'!G174 -> 14 | AH18: ='31'!G174 -> 12
C19: Boiler Feed Water | D19: ='1'!G175 -> 10 | E19: ='2'!G175 -> 9 | F19: ='3'!G175 -> 9 | G19: ='4'!G175 -> 10 | H19: ='5'!G175 -> 11 | I19: ='6'!G175 -> 11 | J19: ='7'!G175 -> 10 | K19: ='8'!G175 -> 12 | L19: ='9'!G175 -> 12 | M19: ='10'!G175 -> 12 | N19: ='11'!G175 -> 12 | O19: ='12'!G175 -> 14 | P19: ='13'!G175 -> 13 | Q19: ='14'!G175 -> -315 | R19: ='15'!G175 -> 13 | S19: ='16'!G175 -> 10 | T19: ='17'!G175 -> 7 | U19: ='18 '!G175 -> 10 | V19: ='19'!G175 -> 9 | W19: ='20'!G175 -> 12 | X19: ='21'!G175 -> 10 | Y19: ='22'!G175 -> 10 | Z19: ='23'!G175 -> 11 | AA19: ='24'!G175 -> 10 | AB19: ='25'!G175 -> 8 | AC19: ='26'!G175 -> 10 | AD19: ='27'!G175 -> 11 | AE19: ='28'!G175 -> 9 | AF19: ='29'!G175 -> 12 | AG19: ='30'!G175 -> 8 | AH19: ='31'!G175 -> 10
B21: Branches ( STP Water ) | C21: CT water | D21: ='1'!G178 -> 43 | E21: ='2'!G178 -> 90 | F21: ='3'!G178 -> 9 | G21: ='4'!G178 -> 87 | H21: ='5'!G178 -> 64 | I21: ='6'!G178 -> 41 | J21: ='7'!G178 -> 68 | K21: ='8'!G178 -> 46 | L21: ='9'!G178 -> 38 | M21: ='10'!G178 -> 47 | N21: ='11'!G178 -> 30 | O21: ='12'!G178 -> 95 | P21: ='13'!G178 -> 42 | Q21: ='14'!G178 -> -1618 | R21: ='15'!G178 -> 72 | S21: ='16'!G178 -> 60 | T21: ='17'!G178 -> 60 | U21: ='18 '!G178 -> 64 | V21: ='19'!G178 -> 35 | W21: ='20'!G178 -> 41 | X21: ='21'!G178 -> 61 | Y21: ='22'!G178 -> 0 | Z21: ='23'!G178 -> 104 | AA21: ='24'!G178 -> 42 | AB21: ='25'!G178 -> 21 | AC21: ='26'!G178 -> 55 | AD21: ='27'!G178 -> 39 | AE21: ='28'!G178 -> 50 | AF21: ='29'!G178 -> 42 | AG21: ='30'!G178 -> 63 | AH21: ='31'!G178 -> 109
C22: STP flush | D22: ='1'!G179 -> 29 | E22: ='2'!G179 -> 37 | F22: ='3'!G179 -> 34 | G22: ='4'!G179 -> 23 | H22: ='5'!G179 -> 32 | I22: ='6'!G179 -> 70 | J22: ='7'!G179 -> 45 | K22: ='8'!G179 -> 25 | L22: ='9'!G179 -> 35 | M22: ='10'!G179 -> 0 | N22: ='11'!G179 -> 24 | O22: ='12'!G179 -> 20 | P22: ='13'!G179 -> 31 | Q22: ='14'!G179 -> -1005 | R22: ='15'!G179 -> 20 | S22: ='16'!G179 -> 28 | T22: ='17'!G179 -> 27 | U22: ='18 '!G179 -> 54 | V22: ='19'!G179 -> 4 | W22: ='20'!G179 -> 0 | X22: ='21'!G179 -> 20 | Y22: ='22'!G179 -> 14 | Z22: ='23'!G179 -> 52 | AA22: ='24'!G179 -> 30 | AB22: ='25'!G179 -> 80 | AC22: ='26'!G179 -> 48 | AD22: ='27'!G179 -> 62 | AE22: ='28'!G179 -> 69 | AF22: ='29'!G179 -> 18 | AG22: ='30'!G179 -> 25 | AH22: ='31'!G179 -> 49
C23: Garden | D23: ='1'!G180 -> 3 | E23: ='2'!G180 -> 5 | F23: ='3'!G180 -> 11 | G23: ='4'!G180 -> 10 | H23: ='5'!G180 -> 17 | I23: ='6'!G180 -> 0 | J23: ='7'!G180 -> 0 | K23: ='8'!G180 -> 17 | L23: ='9'!G180 -> 5 | M23: ='10'!G180 -> 0 | N23: ='11'!G180 -> 2 | O23: ='12'!G180 -> 10 | P23: ='13'!G180 -> 0 | Q23: ='14'!G180 -> -201 | R23: ='15'!G180 -> 11 | S23: ='16'!G180 -> 3 | T23: ='17'!G180 -> 1 | U23: ='18 '!G180 -> 15 | V23: ='19'!G180 -> 0 | W23: ='20'!G180 -> 12 | X23: ='21'!G180 -> 14 | Y23: ='22'!G180 -> 5 | Z23: ='23'!G180 -> 2 | AA23: ='24'!G180 -> 7 | AB23: ='25'!G180 -> 7 | AC23: ='26'!G180 -> 0 | AD23: ='27'!G180 -> 14 | AE23: ='28'!G180 -> 3 | AF23: ='29'!G180 -> 15 | AG23: ='30'!G180 -> 3 | AH23: ='31'!G180 -> 9
B24: Total Tanke(RO) + BMC | D24: =SUM(D5:D6) -> 235 | E24: =SUM(E5:E6) -> 183 | F24: =SUM(F5:F6) -> 233 | G24: =SUM(G5:G6) -> 261 | H24: =SUM(H5:H6) -> 294 | I24: =SUM(I5:I6) -> 275 | J24: =SUM(J5:J6) -> 242 | K24: =SUM(K5:K6) -> 232 | ... AH24: =SUM(AH5:AH6) -> 146
B25: Domestic consumption | D25: =SUM(D9:D11,D14:D15,) -> 119 | E25: =SUM(E9:E11,E14:E15,) -> 140 | F25: =SUM(F9:F11,F14:F15,) -> 154 | G25: =SUM(G9:G11,G14:G15,) -> 158 | H25: =SUM(H9:H11,H14:H15,) -> 191 | I25: =SUM(I9:I11,I14:I15,) -> 187 | J25: =SUM(J9:J11,J14:J15,) -> 185 | K25: =SUM(K9:K11,K14:K15,) -> 184 | ... AI25: =SUM(AI9:AI11,AI14:AI15,) -> 0
B27: STP +Flush Consumption | D27: =SUM(D13,D21,D23) -> 85 | E27: =SUM(E13,E21,E23) -> 125 | F27: =SUM(F13,F21,F23) -> 48 | G27: =SUM(G13,G21,G23) -> 125 | H27: =SUM(H13,H21,H23) -> 114 | I27: =SUM(I13,I21,I23) -> 97 | J27: =SUM(J13,J21,J23) -> 111 | K27: =SUM(K13,K21,K23) -> 93 | ... AH27: =SUM(AH13,AH21,AH23) -> 147 | AI27: =SUM(AI13) -> 0
B29: BOH | D29: =D9 -> 71 | E29: =E9 -> 71 | F29: =F9 -> 94 | G29: =G9 -> 87 | H29: =H9 -> 100 | I29: =I9 -> 110 | J29: =J9 -> 96 | K29: =K9 -> 106 | ... AH29: =AH9 -> 74
B30: Guest Floor | D30: =SUM(D10:D11,D14:D15) -> 48 | E30: =SUM(E10:E11,E14:E15) -> 69 | F30: =SUM(F10:F11,F14:F15) -> 60 | G30: =SUM(G10:G11,G14:G15) -> 71 | H30: =SUM(H10:H11,H14:H15) -> 91 | I30: =SUM(I10:I11,I14:I15) -> 77 | J30: =SUM(J10:J11,J14:J15) -> 89 | K30: =SUM(K10:K11,K14:K15) -> 78 | ... AH30: =SUM(AH10:AH11,AH14:AH15) -> 52
B31: Guest floor% | D31: =D30/SUM(D29:D30)% -> 40.336134 | E31: =E30/SUM(E29:E30)% -> 49.285714 | F31: =F30/SUM(F29:F30)% -> 38.961039 | G31: =G30/SUM(G29:G30)% -> 44.936709 | H31: =H30/SUM(H29:H30)% -> 47.643979 | I31: =I30/SUM(I29:I30)% -> 41.176471 | J31: =J30/SUM(J29:J30)% -> 48.108108 | K31: =K30/SUM(K29:K30)% -> 42.391304 | ... AH31: =AH30/SUM(AH29:AH30)% -> 41.269841

Sheet Section Load
F2: Transformer -Load | N2: Electrical | AV2: Boiler Running | BB2: diff wrt feeder | BC2: Var%
AN3: Gas consumption | AU3: Boiler Running Hours
A4: Date | B4: HT Kwh | C4: HT Kvah | D4: MGL Gas | E4: Water | F4: HVAC | G4: Fire & Emergency PP | H4: Main PP | I4: Lighting PP | J4: CH-1+ CH2+CH3+CH4 | K4: Chilled water Pump | L4: Ball Room-1 | M4: Ball Room-2 | N4: MK-1 | O4: MK-2 | P4: Prato | Q4: San- Qi Indian | R4: San- Qi Japanese | S4: The club | T4: AER | U4: COLD ROOM'S | V4: Ball Room 1 | W4: Ball Room 2 | X4: B1 Laundry | Y4: B2 Laundry | Z4: STP | AA4: MOCK Up Room | AB4: 27th Floor | AC4: Physic57 | AD4: Pinoor Legal- Power+lighting | AE4: 2nd floor plant room | AF4: 5th Floor SPA | AG4: 5th Floor | AH4: 12th Floor | AI4: 20th Floor | AJ4: 27th Floor | AK4: 34th Floor | AL4: Sanqi | AM4: Cooling Tower | AN4: MGL | AO4: HWG | AP4: Prato | AQ4: BR-1 | AR4: SanQi IND | AS4: SanQi JPN | AT4: Boiler | AU4: HWG | AV4: Boiler1 | AW4: Boiler2 | AX4: Boiler3 (400Kg) | AY4: Total
A5: 1 | B5: ='1'!G7 -> 17264.77 | C5: ='1'!G8 -> 17458.85 | D5: ='1'!G15 -> 918.558 | E5: ='1'!G20 -> 235 | F5: =SUM('1'!G35,'1'!G49) -> 2185.1 | G5: =SUM('1'!H37,'1'!H51) -> 1554.11 | H5: =SUM('1'!G38,'1'!G52) -> 1620.27 | I5: =SUM('1'!G39,'1'!G53) -> 2609.59 | J5: =SUM('1'!G41,'1'!G42,'1'!G55,'1'!G56) -> 3987.79 | K5: =SUM('1'!G43,'1'!G57) -> 1901.93 | L5: ='1'!G50 -> 938.92 | M5: ='1'!G36 -> 710.76 | N5: ='1'!G138 -> 61 | O5: ='1'!G139 -> 1 | P5: ='1'!G140 -> 0 | Q5: ='1'!G141 -> 165.59 | R5: ='1'!G142 -> 73.47 | S5: ='1'!$G$145 -> 12.78 | T5: ='1'!$G$146 -> 394 | U5: ='1'!$G$144 -> 196 | V5: ='1'!$G$147 -> 369.28 | W5: ='1'!$G$148 -> 195.04 | X5: ='1'!$G$143 -> 29 | Y5: ='1'!$G$58 -> 187.13 | Z5: ='1'!$G$151 -> 226 | AA5: ='1'!G161 -> 48.28 | AB5: ='1'!G162 -> 42 | AD5: ='1'!G163+'1'!G164 -> 32.2 | AE5: ='1'!$G$116 -> 0 | AF5: ='1'!$G$117 -> 21.82 | AG5: ='1'!$G$118 -> 310.5 | AH5: ='1'!$G$119 -> 441.15 | AI5: ='1'!$G$120 -> 414.14 | AJ5: ='1'!$G$121 -> 720.88 | AK5: ='1'!$G$122 -> 206.03 | AL5: ='1'!$G$123 -> 261.25 | AM5: ='1'!$G$133 -> 492.57 | AN5: ='1'!$G$15 -> 918.558 | AO5: ='1'!$G$74 -> 314.531 | AP5: ='1'!$G$75 -> 0 | AQ5: ='1'!$G$76 -> 91.06 | AR5: ='1'!$G$77 -> 29.7 | AS5: ='1'!$G$78 -> 0 | AT5: =AN5-SUM(AO5:AS5) -> 483.267 | AU5: =SUM('1'!G91:G92) -> 11.77 | AV5: ='1'!$G$88 -> 0 | AW5: ='1'!$G$89 -> 9.49 | AX5: ='1'!$G$90 -> 2.05 | AY5: =SUM(AV5:AX5) -> 11.54 | AZ5: =AO5/AU5 -> 26.72311 | BA5: =AT5/AY5 -> 41.877556 | BB5: =C5-SUM(F5:K5,Y5) -> 3412.93 | BC5: =BB5/B5% -> 19.768175
A6: 2 | B6: ='2'!G7 -> 18049 | C6: ='2'!G8 -> 18338 | D6: ='2'!G15 -> 983.145 | E6: ='2'!G20 -> 183 | F6: =SUM('2'!G35,'2'!G49) -> 2435.04 | G6: =SUM('2'!G37,'2'!G51) -> 1547.1 | H6: =SUM('2'!G38,'2'!G52) -> 1758.79 | I6: =SUM('2'!G39,'2'!G53) -> 2628.22 | J6: =SUM('2'!G41,'2'!G42,'2'!G55,'2'!G56) -> 3469.61 | K6: =SUM('2'!G43,'2'!G57) -> 1997.16 | L6: ='2'!G50 -> 987.53 | M6: ='2'!G36 -> 811.5 | N6: ='2'!G138 -> 59 | O6: ='2'!$G$139 -> 2 | P6: ='2'!$G$140 -> 10.6 | Q6: ='2'!$G$141 -> 176.63 | R6: ='2'!$G$142 -> 71.67 | S6: ='2'!$G$145 -> 13.71 | T6: ='2'!$G$146 -> 392 | U6: ='2'!$G$144 -> 210 | V6: ='2'!$G$147 -> 396.32 | W6: ='2'!$G$148 -> 266.24 | X6: ='2'!$G$143 -> 24.69 | Y6: ='2'!$G$58 -> 198.45 | Z6: ='2'!$G$151 -> 317 | AA6: ='2'!G161 -> 52.84 | AB6: ='2'!G162 -> 38.1 | AD6: ='2'!G163+'2'!G164 -> 36.3 | AE6: ='2'!$G$116 -> 0 | AF6: ='2'!$G$117 -> 35.46 | AG6: ='2'!$G$118 -> 318.04 | AH6: ='2'!$G$119 -> 423.19 | AI6: ='2'!$G$120 -> 417.21 | AJ6: ='2'!$G$121 -> 713.24 | AK6: ='2'!$G$122 -> 214.61 | AL6: ='2'!$G$123 -> 257.39 | AM6: ='2'!$G$133 -> 568.04 | AN6: ='2'!$G$15 -> 983.145 | AO6: ='2'!$G$74 -> 311.036 | AP6: ='2'!$G$75 -> 0 | AQ6: ='2'!$G$76 -> 115.71 | AR6: ='2'!$G$77 -> 49.2 | AS6: ='2'!$G$78 -> 1.7 | AT6: =AN6-SUM(AO6:AS6) -> 505.499 | AU6: =SUM('2'!G91:G92) -> 11.46 | AV6: ='2'!$G$88 -> 0 | AW6: ='2'!$G$89 -> 9.39 | AX6: ='2'!$G$90 -> 0 | AY6: =SUM(AV6:AX6) -> 9.39 | AZ6: =AO6/AU6 -> 27.141012 | BA6: =AT6/AY6 -> 53.833759 | BB6: =C6-SUM(F6:K6,Y6) -> 4303.63 | BC6: =BB6/B6% -> 23.844146
A7: 3 | B7: ='3'!G7 -> 19083 | C7: ='3'!G8 -> 19219 | D7: ='3'!G15 -> 1012.348 | E7: ='3'!G20 -> 233 | F7: =SUM('3'!G35,'3'!G49) -> 2503.17 | G7: =SUM('3'!G37,'3'!G51) -> 1552.11 | H7: =SUM('3'!G38,'3'!G52) -> 1668.15 | I7: =SUM('3'!G39,'3'!G53) -> 2641.83 | J7: =SUM('3'!G41,'3'!G42,'3'!G55,'3'!G56) -> 3484.57 | K7: =SUM('3'!G43,'3'!G57) -> 2229.67 | L7: ='3'!G50 -> 1070.06 | M7: ='3'!G36 -> 935.7 | N7: ='3'!G138 -> 78 | O7: ='3'!$G$139 -> 1 | P7: ='3'!$G$140 -> 1.2 | Q7: ='3'!$G$141 -> 159.3 | R7: ='3'!$G$142 -> 63.11 | S7: ='3'!$G$145 -> 14.67 | T7: ='3'!$G$146 -> 417 | U7: ='3'!$G$144 -> 210 | V7: ='3'!$G$147 -> 377.88 | W7: ='3'!$G$148 -> 244.64 | X7: ='3'!$G$143 -> 26.45 | Y7: ='3'!$G$58 -> 202.44 | Z7: ='3'!$G$151 -> 193 | AA7: ='3'!G161 -> 53.56 | AB7: ='3'!G162 -> 39.8 | AD7: ='3'!G163+'3'!G164 -> 33.7 | AE7: ='3'!$G$116 -> 0 | AF7: ='3'!$G$117 -> 20.51 | AG7: ='3'!$G$118 -> 331.34 | AH7: ='3'!$G$119 -> 418.72 | AI7: ='3'!$G$120 -> 433.96 | AJ7: ='3'!$G$121 -> 734.2 | AK7: ='3'!$G$122 -> 250.58 | AL7: ='3'!$G$123 -> 255.68 | AM7: ='3'!$G$133 -> 565.15 | AN7: ='3'!$G$15 -> 1012.348 | AO7: ='3'!$G$74 -> 310.544 | AP7: ='3'!$G$75 -> 0 | AQ7: ='3'!$G$76 -> 122.32 | AR7: ='3'!$G$77 -> 46.4 | AS7: ='3'!$G$78 -> 1.6 | AT7: =AN7-SUM(AO7:AS7) -> 531.484 | AU7: =SUM('3'!G91:G92) -> 11 | AV7: ='3'!$G$88 -> 0 | AW7: ='3'!$G$89 -> 9.8 | AX7: ='3'!$G$90 -> 2.32 | AY7: =SUM(AV7:AX7) -> 12.12 | AZ7: =AO7/AU7 -> 28.231273 | BA7: =AT7/AY7 -> 43.851815 | BB7: =C7-SUM(F7:K7,Y7) -> 4937.06 | BC7: =BB7/B7% -> 25.871509
A8: 4 | B8: ='4'!G7 -> 18470.59 | C8: ='4'!G8 -> 18612.71 | D8: ='4'!G15 -> 997.952 | E8: ='4'!G20 -> 261 | F8: =SUM('4'!G35,'4'!G49) -> 2682.87 | G8: =SUM('4'!G37,'4'!G51) -> 1614.1 | H8: =SUM('4'!G38,'4'!G52) -> 1858.47 | I8: =SUM('4'!G39,'4'!G53) -> 2666.71 | J8: =SUM('4'!G41,'4'!G42,'4'!G55,'4'!G56) -> 2816.83 | K8: =SUM('4'!G43,'4'!G57) -> 2395.18 | L8: ='4'!G50 -> 1149.75 | M8: ='4'!G36 -> 861.87 | N8: ='4'!G138 -> 102 | O8: ='4'!$G$139 -> 3 | P8: ='4'!$G$140 -> 1.2 | Q8: ='4'!$G$141 -> 187.96 | R8: ='4'!$G$142 -> 65.52 | S8: ='4'!$G$145 -> 14.81 | T8: ='4'!$G$146 -> 381 | U8: ='4'!$G$144 -> 212 | V8: ='4'!$G$147 -> 396.44 | W8: ='4'!$G$148 -> 309.44 | X8: ='4'!$G$143 -> 27.96 | Y8: ='4'!$G$58 -> 201.18 | Z8: ='4'!$G$151 -> 257 | AA8: ='4'!G161 -> 57.24 | AB8: ='4'!G162 -> 34 | AD8: ='4'!G163+'4'!G164 -> 33.1 | AE8: ='4'!$G$116 -> 8.07 | AF8: ='4'!$G$117 -> 77.29 | AG8: ='4'!$G$118 -> 342.34 | AH8: ='4'!$G$119 -> 410.06 | AI8: ='4'!$G$120 -> 427.39 | AJ8: ='4'!$G$121 -> 720.56 | AK8: ='4'!$G$122 -> 251.76 | AL8: ='4'!$G$123 -> 260.31 | AM8: ='4'!$G$133 -> 690.83 | AN8: ='4'!$G$15 -> 997.952 | AO8: ='4'!$G$74 -> 297.04 | AP8: ='4'!$G$75 -> 0 | AQ8: ='4'!$G$76 -> 150.01 | AR8: ='4'!$G$77 -> 47.9 | AS8: ='4'!$G$78 -> 2.3 | AT8: =AN8-SUM(AO8:AS8) -> 500.702 | AU8: =SUM('4'!G91:G92) -> 11.47 | AV8: ='4'!$G$88 -> 0 | AW8: ='4'!$G$89 -> 9.74 | AX8: ='4'!$G$90 -> 0.25 | AY8: =SUM(AV8:AX8) -> 9.99 | AZ8: =AO8/AU8 -> 25.897123 | BA8: =AT8/AY8 -> 50.12032 | BB8: =C8-SUM(F8:K8,Y8) -> 4377.37 | BC8: =BB8/B8% -> 23.699135
A9: 5 | B9: ='5'!G7 -> 20600.08 | C9: ='5'!G8 -> 20830.96 | D9: ='5'!G15 -> 1047.87 | E9: ='5'!G20 -> 294 | F9: =SUM('5'!G35,'5'!G49) -> 2889 | G9: =SUM('5'!G37,'5'!G51) -> 1683.92 | H9: =SUM('5'!G38,'5'!G52) -> 1939.44 | I9: =SUM('5'!G39,'5'!G53) -> 2758.02 | J9: =SUM('5'!G41,'5'!G42,'5'!G55,'5'!G56) -> 3196.39 | K9: =SUM('5'!G43,'5'!G57) -> 2237.76 | L9: ='5'!G50 -> 1526.75 | M9: ='5'!G36 -> 1353.26 | N9: ='5'!G138 -> 97 | O9: ='5'!$G$139 -> 11 | P9: ='5'!$G$140 -> 1.2 | Q9: ='5'!$G$141 -> 186.5 | R9: ='5'!$G$142 -> 68.26 | S9: ='5'!$G$145 -> 8.26 | T9: ='5'!$G$146 -> 450 | U9: ='5'!$G$144 -> 213 | V9: ='5'!$G$147 -> 414.56 | W9: ='5'!$G$148 -> 385.44 | X9: ='5'!$G$143 -> 27.81 | Y9: ='5'!$G$58 -> 243.92 | Z9: ='5'!$G$151 -> 255 | AA9: ='5'!G161 -> 56.52 | AB9: ='5'!G162 -> 33.9 | AD9: ='5'!G163+'5'!G164 -> 33.5 | AE9: ='5'!$G$116 -> 27.28 | AF9: ='5'!$G$117 -> 109.18 | AG9: ='5'!$G$118 -> 341.54 | AH9: ='5'!$G$119 -> 387.08 | AI9: ='5'!$G$120 -> 409.87 | AJ9: ='5'!$G$121 -> 720.76 | AK9: ='5'!$G$122 -> 259.33 | AL9: ='5'!$G$123 -> 248.33 | AM9: ='5'!$G$133 -> 692.97 | AN9: ='5'!$G$15 -> 1047.87 | AO9: ='5'!$G$74 -> 284.74 | AP9: ='5'!$G$75 -> 0 | AQ9: ='5'!$G$76 -> 134 | AR9: ='5'!$G$77 -> 59.8 | AS9: ='5'!$G$78 -> 2.2 | AT9: =AN9-SUM(AO9:AS9) -> 567.13 | AU9: =SUM('5'!G91:G92) -> 10.62 | AV9: ='5'!$G$88 -> 0 | AW9: ='5'!$G$89 -> 9.86 | AX9: ='5'!$G$90 -> 3.66 | AY9: =SUM(AV9:AX9) -> 13.52 | AZ9: =AO9/AU9 -> 26.811676 | BA9: =AT9/AY9 -> 41.947485 | BB9: =C9-SUM(F9:K9,Y9) -> 5882.51 | BC9: =BB9/B9% -> 28.555763
A10: 6 | B10: ='6'!G7 -> 20386.88 | C10: ='6'!G8 -> 20612 | D10: ='6'!G15 -> 1049.5 | E10: ='6'!G20 -> 275 | F10: =SUM('6'!G35,'6'!G49) -> 3019.29 | G10: =SUM('6'!G37,'6'!G51) -> 1645.66 | H10: =SUM('6'!G38,'6'!G52) -> 1915.03 | I10: =SUM('6'!G39,'6'!G53) -> 2776.56 | J10: =SUM('6'!G41,'6'!G42,'6'!G55,'6'!G56) -> 3426.92 | K10: =SUM('6'!G43,'6'!G57) -> 2145.35 | L10: ='6'!G50 -> 1272.6 | M10: ='6'!G36 -> 902.16 | N10: ='6'!G138 -> 89 | O10: ='6'!$G$139 -> 5 | P10: ='6'!$G$140 -> 0.8 | Q10: ='6'!$G$141 -> 166.01 | R10: ='6'!$G$142 -> 66.87 | S10: ='6'!$G$145 -> 7.18 | T10: ='6'!$G$146 -> 456 | U10: ='6'!$G$144 -> 212 | V10: ='6'!$G$147 -> 394.16 | W10: ='6'!$G$148 -> 355.52 | X10: ='6'!$G$143 -> 29.34 | Y10: ='6'!$G$58 -> 227.28 | Z10: ='6'!$G$151 -> 241 | AA10: ='6'!G161 -> 31.84 | AB10: ='6'!G162 -> 18.1 | AD10: ='6'!G163+'6'!G164 -> 34.6 | AE10: ='6'!$G$116 -> 236.35 | AF10: ='6'!$G$117 -> 118.32 | AG10: ='6'!$G$118 -> 326.34 | AH10: ='6'!$G$119 -> 386.94 | AI10: ='6'!$G$120 -> 394 | AJ10: ='6'!$G$121 -> 732.44 | AK10: ='6'!$G$122 -> 222.33 | AL10: ='6'!$G$123 -> 250.46 | AM10: ='6'!$G$133 -> 622.39 | AN10: ='6'!$G$15 -> 1049.5 | AO10: ='6'!$G$74 -> 303.78 | AP10: ='6'!$G$75 -> 0 | AQ10: ='6'!$G$76 -> 109.81 | AR10: ='6'!$G$77 -> 45.5 | AS10: ='6'!$G$78 -> 1.3 | AT10: =AN10-SUM(AO10:AS10) -> 589.11 | AU10: =SUM('6'!G91:G92) -> 11.17 | AV10: ='6'!$G$88 -> 0 | AW10: ='6'!$G$89 -> 10.18 | AX10: ='6'!$G$90 -> 4.16 | AY10: =SUM(AV10:AX10) -> 14.34 | AZ10: =AO10/AU10 -> 27.196061 | BA10: =AT10/AY10 -> 41.08159 | BB10: =C10-SUM(F10:K10,Y10) -> 5455.91 | BC10: =BB10/B10% -> 26.761868
A11: 7 | B11: ='7'!G7 -> 21554.72 | C11: ='7'!G8 -> 21704.24 | D11: ='7'!G15 -> 1030.68 | E11: ='7'!G20 -> 242 | F11: =SUM('7'!G35,'7'!G49) -> 3100.34 | G11: =SUM('7'!G37,'7'!G51) -> 1658.84 | H11: =SUM('7'!G38,'7'!G52) -> 2017.74 | I11: =SUM('7'!G39,'7'!G53) -> 3066.49 | J11: =SUM('7'!G41,'7'!G42,'7'!G55,'7'!G56) -> 4458.75 | K11: =SUM('7'!G43,'7'!G57) -> 2208.68 | L11: ='7'!G50 -> 1415.62 | M11: ='7'!G36 -> 840.57 | N11: ='7'!G138 -> 80 | O11: ='7'!$G$139 -> 33 | P11: ='7'!$G$140 -> 1 | Q11: ='7'!$G$141 -> 180.29 | R11: ='7'!$G$142 -> 74.8 | S11: ='7'!$G$145 -> 12.6 | T11: ='7'!$G$146 -> 464 | U11: ='7'!$G$144 -> 217 | V11: ='7'!$G$147 -> 413.28 | W11: ='7'!$G$148 -> 328.48 | X11: ='7'!$G$143 -> 26.36 | Y11: ='7'!$G$58 -> 195.38 | Z11: ='7'!$G$151 -> 251 | AA11: ='7'!G161 -> 38.6 | AB11: ='7'!G162 -> 39.4 | AD11: ='7'!G163+'7'!G164 -> 37.2 | AE11: ='7'!$G$116 -> 370.47 | AF11: ='7'!$G$117 -> 148.93 | AG11: ='7'!$G$118 -> 355.14 | AH11: ='7'!$G$119 -> 394.38 | AI11: ='7'!$G$120 -> 421.58 | AJ11: ='7'!$G$121 -> 749.56 | AK11: ='7'!$G$122 -> 205.55 | AL11: ='7'!$G$123 -> 250.4 | AM11: ='7'!$G$133 -> 677.03 | AN11: ='7'!$G$15 -> 1030.68 | AO11: ='7'!$G$74 -> 301.66 | AP11: ='7'!$G$75 -> 0 | AQ11: ='7'!$G$76 -> 98.49 | AR11: ='7'!$G$77 -> 55.9 | AS11: ='7'!$G$78 -> 0.9 | AT11: =AN11-SUM(AO11:AS11) -> 573.73 | AU11: =SUM('7'!G91:G92) -> 11.1 | AV11: ='7'!$G$88 -> 0 | AW11: ='7'!$G$89 -> 9.79 | AX11: ='7'!$G$90 -> 4.16 | AY11: =SUM(AV11:AX11) -> 13.95 | AZ11: =AO11/AU11 -> 27.176577 | BA11: =AT11/AY11 -> 41.127599 | BB11: =C11-SUM(F11:K11,Y11) -> 4998.02 | BC11: =BB11/B11% -> 23.18759
A12: 8 | B12: ='8'!G7 -> 19667.73 | C12: ='8'!G8 -> 19730.09 | D12: ='8'!G15 -> 1052.18 | E12: ='8'!G20 -> 232 | F12: =SUM('8'!G35,'8'!G49) -> 3021.02 | G12: =SUM('8'!G37,'8'!G51) -> 1609.07 | H12: =SUM('8'!G38,'8'!G52) -> 1914.68 | I12: =SUM('8'!G39,'8'!G53) -> 2923.29 | J12: =SUM('8'!G41,'8'!G42,'8'!G55,'8'!G56) -> 4082.49 | K12: =SUM('8'!G43,'8'!G57) -> 2123.67 | L12: ='8'!G50 -> 1131.14 | M12: ='8'!G36 -> 799.44 | N12: ='8'!G138 -> 70 | O12: ='8'!$G$139 -> 1 | P12: ='8'!$G$140 -> 2 | Q12: ='8'!$G$141 -> 169.14 | R12: ='8'!$G$142 -> 66.2 | S12: ='8'!$G$145 -> 14.15 | T12: ='8'!$G$146 -> 405 | U12: ='8'!$G$144 -> 208 | V12: ='8'!$G$147 -> 426.56 | W12: ='8'!$G$148 -> 300.24 | X12: ='8'!$G$143 -> 31 | Y12: ='8'!$G$58 -> 202.01 | Z12: ='8'!$G$151 -> 233 | AA12: ='8'!G161 -> 44.56 | AB12: ='8'!G162 -> 42.3 | AD12: ='8'!G163+'8'!G164 -> 46.3 | AE12: ='8'!$G$116 -> 290.83 | AF12: ='8'!$G$117 -> 177.54 | AG12: ='8'!$G$118 -> 372.45 | AH12: ='8'!$G$119 -> 401.93 | AI12: ='8'!$G$120 -> 424.24 | AJ12: ='8'!$G$121 -> 705.93 | AK12: ='8'!$G$122 -> 206.63 | AL12: ='8'!$G$123 -> 252.23 | AM12: ='8'!$G$133 -> 647.32 | AN12: ='8'!$G$15 -> 1052.18 | AO12: ='8'!$G$74 -> 302.52 | AP12: ='8'!$G$75 -> 0 | AQ12: ='8'!$G$76 -> 110.6 | AR12: ='8'!$G$77 -> 50.4 | AS12: ='8'!$G$78 -> 1 | AT12: =AN12-SUM(AO12:AS12) -> 587.66 | AU12: =SUM('8'!G91:G92) -> 11.1 | AV12: ='8'!$G$88 -> -0.43 | AW12: ='8'!$G$89 -> 10.63 | AX12: ='8'!$G$90 -> 3.08 | AY12: =SUM(AV12:AX12) -> 13.28 | AZ12: =AO12/AU12 -> 27.254054 | BA12: =AT12/AY12 -> 44.251506 | BB12: =C12-SUM(F12:K12,Y12) -> 3853.86 | BC12: =BB12/B12% -> 19.594839
A13: 9 | B13: ='9'!G7 -> 19382 | C13: ='9'!G8 -> 19467 | D13: ='9'!G15 -> 1070 | E13: ='9'!G20 -> 256 | F13: =SUM('9'!G35,'9'!G49) -> 2906 | G13: =SUM('9'!G37,'9'!G51) -> 1638 | H13: =SUM('9'!G38,'9'!G52) -> 1923 | I13: =SUM('9'!G39,'9'!G53) -> 3001 | J13: =SUM('9'!G41,'9'!G42,'9'!G55,'9'!G56) -> 3894.53 | K13: =SUM('9'!G43,'9'!G57) -> 2087 | L13: ='9'!G50 -> 1118 | M13: ='9'!G36 -> 779 | N13: ='9'!G138 -> 79 | O13: ='9'!$G$139 -> 2 | P13: ='9'!$G$140 -> 1 | Q13: ='9'!$G$141 -> 180 | R13: ='9'!$G$142 -> 71 | S13: ='9'!$G$145 -> 14 | T13: ='9'!$G$146 -> 408 | U13: ='9'!$G$144 -> 213 | V13: ='9'!$G$147 -> 388 | W13: ='9'!$G$148 -> 244 | X13: ='9'!$G$143 -> 26 | Y13: ='9'!$G$58 -> 285 | Z13: ='9'!$G$151 -> 218 | AA13: ='9'!G161 -> 18 | AB13: ='9'!G162 -> 38 | AD13: ='9'!G163+'9'!G164 -> 72 | AE13: ='9'!$G$116 -> 290 | AF13: ='9'!$G$117 -> 216 | AG13: ='9'!$G$118 -> 383 | AH13: ='9'!$G$119 -> 435 | AI13: ='9'!$G$120 -> 443 | AJ13: ='9'!$G$121 -> 741 | AK13: ='9'!$G$122 -> 263 | AL13: ='9'!$G$123 -> 254 | AM13: ='9'!$G$133 -> 658 | AN13: ='9'!$G$15 -> 1070 | AO13: ='9'!$G$74 -> 301 | AP13: ='9'!$G$75 -> 0.2 | AQ13: ='9'!$G$76 -> 107 | AR13: ='9'!$G$77 -> 43 | AS13: ='9'!$G$78 -> 1 | AT13: =AN13-SUM(AO13:AS13) -> 617.8 | AU13: =SUM('9'!G91:G92) -> 11.15 | AV13: ='9'!$G$88 -> 0 | AW13: ='9'!$G$89 -> 11.43 | AX13: ='9'!$G$90 -> 3 | AY13: =SUM(AV13:AX13) -> 14.43 | AZ13: =AO13/AU13 -> 26.995516 | BA13: =AT13/AY13 -> 42.813583 | BB13: =C13-SUM(F13:K13,Y13) -> 3732.47 | BC13: =BB13/B13% -> 19.257404
A14: 10 | B14: ='10'!G7 -> 20288 | C14: ='10'!G8 -> 20373 | D14: ='10'!G15 -> 1152 | E14: ='10'!G20 -> 317 | F14: =SUM('10'!G35,'10'!G49) -> 2839 | G14: =SUM('10'!G37,'10'!G51) -> 1647 | H14: =SUM('10'!G38,'10'!G52) -> 1955 | I14: =SUM('10'!G39,'10'!G53) -> 3035 | J14: =SUM('10'!G41,'10'!G42,'10'!G55,'10'!G56) -> 4557 | K14: =SUM('10'!G43,'10'!G57) -> 2097 | L14: ='10'!G50 -> 1144 | M14: ='10'!G36 -> 1084 | N14: ='10'!G138 -> 74 | O14: ='10'!$G$139 -> 2 | P14: ='10'!$G$140 -> 1 | Q14: ='10'!$G$141 -> 176 | R14: ='10'!$G$142 -> 69 | S14: ='10'!$G$145 -> 16 | T14: ='10'!$G$146 -> 410 | U14: ='10'!$G$144 -> 224 | V14: ='10'!$G$147 -> 398 | W14: ='10'!$G$148 -> 286 | X14: ='10'!$G$143 -> 30 | Y14: ='10'!$G$58 -> 197 | Z14: ='10'!$G$151 -> 226 | AA14: ='10'!G161 -> 15 | AB14: ='10'!G162 -> 42 | AD14: ='10'!G163+'10'!G164 -> 93 | AE14: ='10'!$G$116 -> 328 | AF14: ='10'!$G$117 -> 114 | AG14: ='10'!$G$118 -> 412 | AH14: ='10'!$G$119 -> 419 | AI14: ='10'!$G$120 -> 445 | AJ14: ='10'!$G$121 -> 735 | AK14: ='10'!$G$122 -> 143 | AL14: ='10'!$G$123 -> 254 | AM14: ='10'!$G$133 -> 522 | AN14: ='10'!$G$15 -> 1152 | AO14: ='10'!$G$74 -> 341 | AP14: ='10'!$G$75 -> 0 | AQ14: ='10'!$G$76 -> 114 | AR14: ='10'!$G$77 -> 43 | AS14: ='10'!$G$78 -> 3 | AT14: =AN14-SUM(AO14:AS14) -> 651 | AU14: =SUM('10'!G91:G92) -> 12 | AV14: ='10'!$G$88 -> 0 | AW14: ='10'!$G$89 -> 11.57 | AX14: ='10'!$G$90 -> 4 | AY14: =SUM(AV14:AX14) -> 15.57 | AZ14: =AO14/AU14 -> 28.416667 | BA14: =AT14/AY14 -> 41.811175 | BB14: =C14-SUM(F14:K14,Y14) -> 4046 | BC14: =BB14/B14% -> 19.942823
A15: 11 | B15: ='11'!G7 -> 20918 | C15: ='11'!G8 -> 21020 | D15: ='11'!G15 -> 1118 | E15: ='11'!G20 -> 316 | F15: =SUM('11'!G35,'11'!G49) -> 2776 | G15: =SUM('11'!G37,'11'!G51) -> 1684 | H15: =SUM('11'!G38,'11'!G52) -> 2076 | I15: =SUM('11'!G39,'11'!G53) -> 3148 | J15: =SUM('11'!G41,'11'!G42,'11'!G55,'11'!G56) -> 4736 | K15: =SUM('11'!G43,'11'!G57) -> 2112 | L15: ='11'!G50 -> 1282 | M15: ='11'!G36 -> 1077 | N15: ='11'!G138 -> 116 | O15: ='11'!$G$139 -> 13 | P15: ='11'!$G$140 -> 6 | Q15: ='11'!$G$141 -> 190 | R15: ='11'!$G$142 -> 70 | S15: ='11'!$G$145 -> 14 | T15: ='11'!$G$146 -> 421 | U15: ='11'!$G$144 -> 203 | V15: ='11'!$G$147 -> 412 | W15: ='11'!$G$148 -> 330 | X15: ='11'!$G$143 -> 23 | Y15: ='11'!$G$58 -> 202 | Z15: ='11'!$G$151 -> 217 | AA15: ='11'!G161 -> 20 | AB15: ='11'!G162 -> 36 | AC15: ='11'!G88 -> 0 | AD15: ='11'!G163+'11'!G164 -> 92 | AE15: ='11'!$G$116 -> 370 | AF15: ='11'!$G$117 -> 289 | AG15: ='11'!$G$118 -> 404 | AH15: ='11'!$G$119 -> 435 | AI15: ='11'!$G$120 -> 443 | AJ15: ='11'!$G$121 -> 721 | AK15: ='11'!$G$122 -> 212 | AL15: ='11'!$G$123 -> 250 | AM15: ='11'!$G$133 -> 494 | AN15: ='11'!$G$15 -> 1118 | AO15: ='11'!$G$74 -> 316 | AP15: ='11'!$G$75 -> 0 | AQ15: ='11'!$G$76 -> 124 | AR15: ='11'!$G$77 -> 53 | AS15: ='11'!$G$78 -> 3 | AT15: =AN15-SUM(AO15:AS15) -> 622 | AU15: =SUM('11'!G91:G92) -> 12 | AV15: ='11'!$G$88 -> 0 | AW15: ='11'!$G$89 -> 11 | AX15: ='11'!$G$90 -> 4 | AY15: =SUM(AV15:AX15) -> 15 | AZ15: =AO15/AU15 -> 26.333333 | BA15: =AT15/AY15 -> 41.466667 | BB15: =C15-SUM(F15:K15,Y15) -> 4286 | BC15: =BB15/B15% -> 20.489531
A16: 12 | B16: ='12'!G7 -> 22223 | C16: ='12'!G8 -> 22339 | D16: ='12'!G15 -> 1293 | E16: ='12'!G20 -> 339 | F16: =SUM('12'!G35,'12'!G49) -> 3199 | G16: =SUM('12'!G37,'12'!G51) -> 1783 | H16: =SUM('12'!G38,'12'!G52) -> 2162 | I16: =SUM('12'!G39,'12'!G53) -> 3245 | J16: =SUM('12'!G41,'12'!G42,'12'!G55,'12'!G56) -> 4928 | K16: =SUM('12'!G43,'12'!G57) -> 2226 | L16: ='12'!G50 -> 1310 | M16: ='12'!G36 -> 1194 | N16: ='12'!G138 -> 96 | O16: ='12'!$G$139 -> 7 | P16: ='12'!$G$140 -> 0 | Q16: ='12'!$G$141 -> 187 | R16: ='12'!$G$142 -> 70 | S16: ='12'!$G$145 -> 9 | T16: ='12'!$G$146 -> 471 | U16: ='12'!$G$144 -> 220 | V16: ='12'!$G$147 -> 442 | W16: ='12'!$G$148 -> 383 | X16: ='12'!$G$143 -> 31 | Y16: ='12'!$G$58 -> 231 | Z16: ='12'!$G$151 -> 279 | AA16: ='12'!G161 -> 18 | AB16: ='12'!G162 -> 21 | AC16: ='12'!G88 -> 3.77 | AD16: ='12'!G163+'12'!G164 -> 81 | AE16: ='12'!$G$116 -> 484 | AF16: ='12'!$G$117 -> 196 | AG16: ='12'!$G$118 -> 406 | AH16: ='12'!$G$119 -> 440 | AI16: ='12'!$G$120 -> 413 | AJ16: ='12'!$G$121 -> 776 | AK16: ='12'!$G$122 -> 184 | AL16: ='12'!$G$123 -> 263 | AM16: ='12'!$G$133 -> 698 | AN16: ='12'!$G$15 -> 1293 | AO16: ='12'!$G$74 -> 324 | AP16: ='12'!$G$75 -> 0 | AQ16: ='12'!$G$76 -> 152 | AR16: ='12'!$G$77 -> 58 | AS16: ='12'!$G$78 -> 4 | AT16: =AN16-SUM(AO16:AS16) -> 755 | AU16: =SUM('12'!G91:G92) -> 11.86 | AV16: ='12'!$G$88 -> 3.77 | AW16: ='12'!$G$89 -> 8.63 | AX16: ='12'!$G$90 -> 7.23 | AY16: =SUM(AV16:AX16) -> 19.63 | AZ16: =AO16/AU16 -> 27.318718 | BA16: =AT16/AY16 -> 38.461538 | BB16: =C16-SUM(F16:K16,Y16) -> 4565 | BC16: =BB16/B16% -> 20.541781
A17: 13 | B17: ='13'!G7 -> 22076 | C17: ='13'!G8 -> 22200 | D17: ='13'!G15 -> 1108 | E17: ='13'!G20 -> 296 | F17: =SUM('13'!G35,'13'!G49) -> 2981 | G17: =SUM('13'!G37,'13'!G51) -> 1781 | H17: =SUM('13'!G38,'13'!G52) -> 2029 | I17: =SUM('13'!G39,'13'!G53) -> 3279 | J17: =SUM('13'!G41,'13'!G42,'13'!G55,'13'!G56) -> 5019 | K17: =SUM('13'!G43,'13'!G57) -> 2145 | L17: ='13'!G50 -> 1558 | M17: ='13'!G36 -> 1069 | N17: ='13'!G138 -> 148 | O17: ='13'!$G$139 -> 20 | P17: ='13'!$G$140 -> 0 | Q17: ='13'!$G$141 -> 179 | R17: ='13'!$G$142 -> 70 | S17: ='13'!$G$145 -> 10 | T17: ='13'!$G$146 -> 472 | U17: ='13'!$G$144 -> 208 | V17: ='13'!$G$147 -> 443 | W17: ='13'!$G$148 -> 364 | X17: ='13'!$G$143 -> 30 | Y17: ='13'!$G$58 -> 196 | Z17: ='13'!$G$151 -> 230 | AA17: ='13'!G161 -> 17 | AB17: ='13'!G162 -> 20 | AC17: ='13'!G88 -> 0 | AD17: ='13'!G163+'13'!G164 -> 83 | AE17: ='13'!$G$116 -> 446 | AF17: ='13'!$G$117 -> 219 | AG17: ='13'!$G$118 -> 412 | AH17: ='13'!$G$119 -> 426 | AI17: ='13'!$G$120 -> 409 | AJ17: ='13'!$G$121 -> 757 | AK17: ='13'!$G$122 -> 260 | AL17: ='13'!$G$123 -> 259 | AM17: ='13'!$G$133 -> 676 | AN17: ='13'!$G$15 -> 1108 | AO17: ='13'!$G$74 -> 287 | AP17: ='13'!$G$75 -> 0 | AQ17: ='13'!$G$76 -> 119 | AR17: ='13'!$G$77 -> 52 | AS17: ='13'!$G$78 -> 3 | AT17: =AN17-SUM(AO17:AS17) -> 647 | AU17: =SUM('13'!G91:G92) -> 10.6 | AV17: ='13'!$G$88 -> 0 | AW17: ='13'!$G$89 -> 10.03 | AX17: ='13'!$G$90 -> 8.55 | AY17: =SUM(AV17:AX17) -> 18.58 | AZ17: =AO17/AU17 -> 27.075472 | BA17: =AT17/AY17 -> 34.82239 | BB17: =C17-SUM(F17:K17,Y17) -> 4770 | BC17: =BB17/B17% -> 21.607175
A18: 14 | B18: ='14'!G7 -> -556721 | C18: ='14'!G8 -> -564998 | D18: ='14'!G15 -> 745 | E18: ='14'!G20 -> -1558 | F18: =SUM('14'!G35,'14'!G49) -> -76928 | G18: =SUM('14'!G37,'14'!G51) -> -47993 | H18: =SUM('14'!G38,'14'!G52) -> -53662 | I18: =SUM('14'!G39,'14'!G53) -> -81937 | J18: =SUM('14'!G41,'14'!G42,'14'!G55,'14'!G56) -> -45053 | K18: =SUM('14'!G43,'14'!G57) -> 2011 | L18: ='14'!G50 -> -33776 | M18: ='14'!G36 -> -24156 | N18: ='14'!G138 -> -2268 | O18: ='14'!$G$139 -> -125 | P18: ='14'!$G$140 -> -50 | Q18: ='14'!$G$141 -> -5254 | R18: ='14'!$G$142 -> -2213 | S18: ='14'!$G$145 -> -352 | T18: ='14'!$G$146 -> -12368 | U18: ='14'!$G$144 -> -6400 | V18: ='14'!$G$147 -> -11432 | W18: ='14'!$G$148 -> -7084 | X18: ='14'!$G$143 -> -808 | Y18: ='14'!$G$58 -> -5933 | Z18: ='14'!$G$151 -> -7142 | AA18: ='14'!G161 -> -1101 | AB18: ='14'!G162 -> -997 | AC18: ='14'!G88 -> -7.5 | AD18: ='14'!G163+'14'!G164 -> -1563 | AE18: ='14'!$G$116 -> -2851 | AF18: ='14'!$G$117 -> -2151 | AG18: ='14'!$G$118 -> -10451 | AH18: ='14'!$G$119 -> -12586 | AI18: ='14'!$G$120 -> -12597 | AJ18: ='14'!$G$121 -> -21140 | AK18: ='14'!$G$122 -> -6069 | AL18: ='14'!$G$123 -> -7883 | AM18: ='14'!$G$133 -> -16621 | AN18: ='14'!$G$15 -> 745 | AO18: ='14'!$G$74 -> -9145 | AP18: ='14'!$G$75 -> 0 | AQ18: ='14'!$G$76 -> -3131 | AR18: ='14'!$G$77 -> -1191 | AS18: ='14'!$G$78 -> -44 | AT18: =AN18-SUM(AO18:AS18) -> 14256 | AU18: =SUM('14'!G91:G92) -> -330.37 | AV18: ='14'!$G$88 -> -7.5 | AW18: ='14'!$G$89 -> -279.67 | AX18: ='14'!$G$90 -> -96.25 | AY18: =SUM(AV18:AX18) -> -383.42 | AZ18: =AO18/AU18 -> 27.681085 | BA18: =AT18/AY18 -> -37.181159 | BB18: =C18-SUM(F18:K18,Y18) -> -255503 | BC18: =BB18/B18% -> 45.894263
A19: 15 | B19: ='15'!G7 -> 17216.75 | C19: ='15'!G8 -> 17328.71 | D19: ='15'!G15 -> 965 | E19: ='15'!G20 -> 155 | F19: =SUM('15'!G35,'15'!G49) -> 2552.43 | G19: =SUM('15'!G37,'15'!G51) -> 1497.74 | H19: =SUM('15'!G38,'15'!G52) -> 1386.95 | I19: =SUM('15'!G39,'15'!G53) -> 2494.9 | J19: =SUM('15'!G41,'15'!G42,'15'!G55,'15'!G56) -> 3008.37 | K19: =SUM('15'!G43,'15'!G57) -> 2012.71 | L19: ='15'!G50 -> 902.73 | M19: ='15'!G36 -> 573.69 | N19: ='15'!G138 -> 56 | O19: ='15'!$G$139 -> 1 | P19: ='15'!$G$140 -> 0 | Q19: ='15'!$G$141 -> 175.98 | R19: ='15'!$G$142 -> 71.92 | S19: ='15'!$G$145 -> 14.42 | T19: ='15'!$G$146 -> 381 | U19: ='15'!$G$144 -> 231 | V19: ='15'!$G$147 -> 390.84 | W19: ='15'!$G$148 -> 181.56 | X19: ='15'!$G$143 -> 26.07 | Y19: ='15'!$G$58 -> 179.04 | Z19: ='15'!$G$151 -> 238 | AA19: ='15'!G161 -> 8.04 | AB19: ='15'!G162 -> 38.3 | AC19: ='15'!G88 -> 0.02 | AD19: ='15'!G163+'15'!G164 -> 59.6 | AE19: ='15'!$G$116 -> 0 | AF19: ='15'!$G$117 -> 23.874 | AG19: ='15'!$G$118 -> 324.19 | AH19: ='15'!$G$119 -> 345.27 | AI19: ='15'!$G$120 -> 418 | AJ19: ='15'!$G$121 -> 645.19 | AK19: ='15'!$G$122 -> 183.84 | AL19: ='15'!$G$123 -> 230.64 | AM19: ='15'!$G$133 -> 398.27 | AN19: ='15'!$G$15 -> 965 | AO19: ='15'!$G$74 -> 313 | AP19: ='15'!$G$75 -> 0 | AQ19: ='15'!$G$76 -> 75 | AR19: ='15'!$G$77 -> 26.4 | AS19: ='15'!$G$78 -> 1 | AT19: =AN19-SUM(AO19:AS19) -> 549.6 | AU19: =SUM('15'!G91:G92) -> 11.02 | AV19: ='15'!$G$88 -> 0.02 | AW19: ='15'!$G$89 -> 9.96 | AX19: ='15'!$G$90 -> 2.94 | AY19: =SUM(AV19:AX19) -> 12.92 | AZ19: =AO19/AU19 -> 28.402904 | BA19: =AT19/AY19 -> 42.5387 | BB19: =C19-SUM(F19:K19,Y19) -> 4196.57 | BC19: =BB19/B19% -> 24.374926
A20: 16 | B20: ='16'!G7 -> 17314.25 | C20: ='16'!G8 -> 17406.29 | D20: ='16'!G15 -> 1006 | E20: ='16'!G20 -> 135 | F20: =SUM('16'!G35,'16'!G49) -> 2589.57 | G20: =SUM('16'!G37,'16'!G51) -> 1483.26 | H20: =SUM('16'!G38,'16'!G52) -> 1625.05 | I20: =SUM('16'!G39,'16'!G53) -> 2600.1 | J20: =SUM('16'!G41,'16'!G42,'16'!G55,'16'!G56) -> 3032.77 | K20: =SUM('16'!G43,'16'!G57) -> 2071.29 | L20: ='16'!G50 -> 868.27 | M20: ='16'!G36 -> 587.31 | N20: ='16'!G138 -> 59 | O20: ='16'!$G$139 -> 0 | P20: ='16'!$G$140 -> 0 | Q20: ='16'!$G$141 -> 165.02 | R20: ='16'!$G$142 -> 76.08 | S20: ='16'!$G$145 -> 15.58 | T20: ='16'!$G$146 -> 441 | U20: ='16'!$G$144 -> 226 | V20: ='16'!$G$147 -> 336.16 | W20: ='16'!$G$148 -> 163.44 | X20: ='16'!$G$143 -> 22.93 | Y20: ='16'!$G$58 -> 187.96 | Z20: ='16'!$G$151 -> 224 | AA20: ='16'!G161 -> 6.96 | AB20: ='16'!G162 -> 13.7 | AC20: ='16'!G88 -> 0 | AD20: ='16'!G163+'16'!G164 -> 36.4 | AE20: ='16'!$G$116 -> 0 | AF20: ='16'!$G$117 -> 23.126 | AG20: ='16'!$G$118 -> 306.81 | AH20: ='16'!$G$119 -> 457.73 | AI20: ='16'!$G$120 -> 435 | AJ20: ='16'!$G$121 -> 669.81 | AK20: ='16'!$G$122 -> 168.16 | AL20: ='16'!$G$123 -> 270.36 | AM20: ='16'!$G$133 -> 468.73 | AN20: ='16'!$G$15 -> 1006 | AO20: ='16'!$G$74 -> 304 | AP20: ='16'!$G$75 -> 0 | AQ20: ='16'!$G$76 -> 90 | AR20: ='16'!$G$77 -> 26.6 | AS20: ='16'!$G$78 -> 1 | AT20: =AN20-SUM(AO20:AS20) -> 584.4 | AU20: =SUM('16'!G91:G92) -> 10.62 | AV20: ='16'!$G$88 -> 0 | AW20: ='16'!$G$89 -> 8.14 | AX20: ='16'!$G$90 -> 9.69 | AY20: =SUM(AV20:AX20) -> 17.83 | AZ20: =AO20/AU20 -> 28.625235 | BA20: =AT20/AY20 -> 32.77622 | BB20: =C20-SUM(F20:K20,Y20) -> 3816.29 | BC20: =BB20/B20% -> 22.041324
A21: 17 | B21: ='17'!G7 -> 17454 | C21: ='17'!G8 -> 17543 | D21: ='17'!G15 -> 734.273 | E21: ='17'!G20 -> 133 | F21: =SUM('17'!G35,'17'!G49) -> 2686.21 | G21: =SUM('17'!G37,'17'!G51) -> 1510.42 | H21: =SUM('17'!G38,'17'!G52) -> 1604.16 | I21: =SUM('17'!G39,'17'!G53) -> 2698 | J21: =SUM('17'!G41,'17'!G42,'17'!G55,'17'!G56) -> 3005.17 | K21: =SUM('17'!G43,'17'!G57) -> 2219.15 | L21: ='17'!G50 -> 838.53 | M21: ='17'!G36 -> 592.46 | N21: ='18 '!G138 -> 60 | O21: ='17'!$G$139 -> 0 | P21: ='17'!$G$140 -> 0 | Q21: ='17'!$G$141 -> 158.8 | R21: ='17'!$G$142 -> 78.09 | S21: ='17'!$G$145 -> 14.34 | T21: ='17'!$G$146 -> 428 | U21: ='17'!$G$144 -> 233 | V21: ='17'!$G$147 -> 330 | W21: ='17'!$G$148 -> 164 | X21: ='17'!$G$143 -> 27.51 | Y21: ='17'!$G$58 -> 17.6 | Z21: ='17'!$G$151 -> 213 | AA21: ='17'!G161 -> 7 | AB21: ='17'!G162 -> 37 | AC21: ='17'!G88 -> 0 | AD21: ='17'!G163+'17'!G164 -> 62.6 | AE21: ='17'!$G$116 -> 0 | AF21: ='17'!$G$117 -> 22.97 | AG21: ='17'!$G$118 -> 337 | AH21: ='17'!$G$119 -> 457 | AI21: ='17'!$G$120 -> 434.4 | AJ21: ='17'!$G$121 -> 691 | AK21: ='17'!$G$122 -> 185.44 | AL21: ='17'!$G$123 -> 256.63 | AM21: ='17'!$G$133 -> 488.6 | AN21: ='17'!$G$15 -> 734.273 | AO21: ='17'!$G$74 -> 307.9 | AP21: ='17'!$G$75 -> -0.2 | AQ21: ='17'!$G$76 -> 73.5 | AR21: ='17'!$G$77 -> 23.3 | AS21: ='17'!$G$78 -> 0 | AT21: =AN21-SUM(AO21:AS21) -> 329.773 | AU21: =SUM('17'!G91:G92) -> 10.85 | AV21: ='17'!$G$88 -> 0 | AW21: ='17'!$G$89 -> 3.54 | AX21: ='17'!$G$90 -> 4.84 | AY21: =SUM(AV21:AX21) -> 8.38 | AZ21: =AO21/AU21 -> 28.37788 | BA21: =AT21/AY21 -> 39.352387 | BB21: =C21-SUM(F21:K21,Y21) -> 3802.29 | BC21: =BB21/B21% -> 21.784634
A22: 18 | B22: ='18 '!G7 -> 17765 | C22: ='18 '!G8 -> 18064.83 | D22: ='18 '!G15 -> 881.727 | E22: ='18 '!G20 -> 154 | F22: =SUM('18 '!G35,'18 '!G49) -> 2634.48 | G22: =SUM('18 '!G37,'18 '!G51) -> 1562.55 | H22: =SUM('18 '!G38,'18 '!G52) -> 1696.3 | I22: =SUM('18 '!G39,'18 '!G53) -> 2546.49 | J22: =SUM('18 '!G41,'18 '!G42,'18 '!G55,'18 '!G56) -> 3090.52 | K22: =SUM('18 '!G43,'18 '!G57) -> 2338 | L22: ='18 '!G50 -> 921.4 | M22: ='18 '!G36 -> 600.9 | N22: ='18 '!G138 -> 60 | O22: ='18 '!$G$139 -> 1 | P22: ='18 '!$G$140 -> 0 | Q22: ='18 '!$G$141 -> 171.85 | R22: ='18 '!$G$142 -> 80.54 | S22: ='18 '!$G$145 -> 14.85 | T22: ='18 '!$G$146 -> 366 | U22: ='18 '!$G$144 -> 220 | V22: ='18 '!$G$147 -> 304.56 | W22: ='18 '!$G$148 -> 155.44 | X22: ='18 '!$G$143 -> 24.95 | Y22: ='18 '!$G$58 -> 131.88 | Z22: ='18 '!$G$151 -> 254 | AA22: ='18 '!G161 -> 7.56 | AB22: ='18 '!G162 -> 40.3 | AC22: ='18 '!G88 -> 1.87 | AD22: ='18 '!G163+'18 '!G164 -> 71.9 | AE22: ='18 '!$G$116 -> 0 | AF22: ='18 '!$G$117 -> 23.14 | AG22: ='18 '!$G$118 -> 351.49 | AH22: ='18 '!$G$119 -> 441.05 | AI22: ='18 '!$G$120 -> 434.67 | AJ22: ='18 '!$G$121 -> 651 | AK22: ='18 '!$G$122 -> 168.56 | AL22: ='18 '!$G$123 -> 264.96 | AM22: ='18 '!$G$133 -> 500.8 | AN22: ='18 '!$G$15 -> 881.727 | AO22: ='18 '!$G$74 -> 285.25 | AP22: ='18 '!$G$75 -> 0 | AQ22: ='18 '!$G$76 -> 80.5 | AR22: ='18 '!$G$77 -> 22.7 | AS22: ='18 '!$G$78 -> 1 | AT22: =AN22-SUM(AO22:AS22) -> 492.277 | AU22: =SUM('18 '!G91:G92) -> 10.07 | AV22: ='18 '!$G$88 -> 1.87 | AW22: ='18 '!$G$89 -> 7.42 | AX22: ='18 '!$G$90 -> 0.71 | AY22: =SUM(AV22:AX22) -> 10 | AZ22: =AO22/AU22 -> 28.326713 | BA22: =AT22/AY22 -> 49.2277 | BB22: =C22-SUM(F22:K22,Y22) -> 4064.61 | BC22: =BB22/B22% -> 22.879876
A23: 19 | B23: ='19'!G7 -> 18033 | C23: ='19'!G8 -> 18721.17 | D23: ='19'!G15 -> 834.3 | E23: ='19'!G20 -> 157 | F23: =SUM('19'!G35,'19'!G49) -> 2941.65 | G23: =SUM('19'!G37,'19'!G51) -> 1596.17 | H23: =SUM('19'!G38,'19'!G52) -> 1623.54 | I23: =SUM('19'!G39,'19'!G53) -> 2646.07 | J23: =SUM('19'!G41,'19'!G42,'19'!G55,'19'!G56) -> 2846.14 | K23: =SUM('19'!G43,'19'!G57) -> 2372.37 | L23: ='19'!G50 -> 975.76 | M23: ='19'!G36 -> 661.6 | N23: ='19'!G138 -> 59 | O23: ='19'!$G$139 -> 0 | P23: ='19'!$G$140 -> 0 | Q23: ='19'!$G$141 -> 171.05 | R23: ='19'!G142 -> 66.61 | S23: ='19'!$G$145 -> 16.21 | T23: ='19'!$G$146 -> 407 | U23: ='19'!$G$144 -> 220 | V23: ='19'!$G$147 -> 351.08 | W23: ='19'!$G$148 -> 166.08 | X23: ='19'!$G$143 -> 24.06 | Y23: ='19'!$G$58 -> 161.79 | Z23: ='19'!$G$151 -> 190 | AA23: ='19'!G161 -> 7.2 | AB23: ='19'!G162 -> 42.1 | AC23: ='19'!G88 -> 0.21 | AD23: ='19'!G163+'19'!G164 -> 68.8 | AE23: ='19'!$G$116 -> 0 | AF23: ='19'!$G$117 -> 23.34 | AG23: ='19'!$G$118 -> 365.6 | AH23: ='19'!$G$119 -> 443.4 | AI23: ='19'!$G$120 -> 407.06 | AJ23: ='19'!$G$121 -> 665.43 | AK23: ='19'!$G$122 -> 173.49 | AL23: ='19'!$G$123 -> 278.76 | AM23: ='19'!$G$133 -> 668.03 | AN23: ='19'!$G$15 -> 834.3 | AO23: ='19'!$G$74 -> 306.35 | AP23: ='19'!$G$75 -> 0 | AQ23: ='19'!$G$76 -> 83.9 | AR23: ='19'!$G$77 -> 27.1 | AS23: ='19'!$G$78 -> 1.3 | AT23: =AN23-SUM(AO23:AS23) -> 415.65 | AU23: =SUM('19'!G91:G92) -> 10.73 | AV23: ='19'!$G$88 -> 0.21 | AW23: ='19'!$G$89 -> 7.02 | AX23: ='19'!$G$90 -> 1.86 | AY23: =SUM(AV23:AX23) -> 9.09 | AZ23: =AO23/AU23 -> 28.550792 | BA23: =AT23/AY23 -> 45.726073 | BB23: =C23-SUM(F23:K23,Y23) -> 4533.44 | BC23: =BB23/B23% -> 25.139688
A24: 20 | B24: ='20'!G7 -> 16723.15 | C24: ='20'!G8 -> 17336.71 | D24: ='20'!G15 -> 986.95 | E24: ='20'!G20 -> 216 | F24: =SUM('20'!G35,'20'!G49) -> 2570.57 | G24: =SUM('20'!G37,'20'!G51) -> 1537.78 | H24: =SUM('20'!G38,'20'!G52) -> 1612.85 | I24: =SUM('20'!G39,'20'!G53) -> 2507.05 | J24: =SUM('20'!G41,'20'!G42,'20'!G55,'20'!G56) -> 2588.64 | K24: =SUM('20'!G43,'20'!G57) -> 2313.47 | L24: ='20'!G50 -> 914.66 | M24: ='20'!G36 -> 594.86 | N24: ='20'!G138 -> 57 | O24: ='20'!$G$139 -> 1 | P24: ='20'!$G$140 -> 19 | Q24: ='20'!$G$141 -> 163.32 | R24: ='20'!$G$142 -> 74.89 | S24: ='20'!$G$145 -> 14.88 | T24: ='20'!$G$146 -> 346 | U24: ='20'!$G$144 -> 226 | V24: ='20'!$G$147 -> 347.36 | W24: ='20'!$G$148 -> 160.48 | X24: ='20'!$G$143 -> 26.25 | Y24: ='20'!$G$58 -> 256.72 | Z24: ='20'!$G$151 -> 212 | AA24: ='20'!G161 -> 6.48 | AB24: ='20'!G162 -> 36.1 | AC24: ='20'!G88 -> 0 | AD24: ='20'!G163+'20'!G164 -> 53.3 | AE24: ='20'!$G$116 -> 0 | AF24: ='20'!$G$117 -> 22.68 | AG24: ='20'!$G$118 -> 343.24 | AH24: ='20'!$G$119 -> 432.48 | AI24: ='20'!$G$120 -> 402.74 | AJ24: ='20'!$G$121 -> 607.08 | AK24: ='20'!$G$122 -> 154.13 | AL24: ='20'!$G$123 -> 273.07 | AM24: ='20'!$G$133 -> 655.39 | AN24: ='20'!$G$15 -> 986.95 | AO24: ='20'!$G$74 -> 295.15 | AP24: ='20'!$G$75 -> 0 | AQ24: ='20'!$G$76 -> 83.64 | AR24: ='20'!$G$77 -> 25.6 | AS24: ='20'!$G$78 -> 0.6 | AT24: =AN24-SUM(AO24:AS24) -> 581.96 | AU24: =SUM('20'!G91:G92) -> 10.33 | AV24: ='20'!$G$88 -> 0 | AW24: ='20'!$G$89 -> 11.19 | AX24: ='20'!$G$90 -> 2.74 | AY24: =SUM(AV24:AX24) -> 13.93 | AZ24: =AO24/AU24 -> 28.57212 | BA24: =AT24/AY24 -> 41.777459 | BB24: =C24-SUM(F24:K24,Y24) -> 3949.63 | BC24: =BB24/B24% -> 23.617739
A25: 21 | B25: ='21'!G7 -> 17868.56 | C25: ='21'!G8 -> 18548.04 | D25: ='21'!G15 -> 1017.34 | E25: ='21'!G20 -> 167 | F25: =SUM('21'!G35,'21'!G49) -> 2555.77 | G25: =SUM('21'!G37,'21'!G51) -> 1565.5 | H25: =SUM('21'!G38,'21'!G52) -> 1671.45 | I25: =SUM('21'!G39,'21'!G53) -> 2598.24 | J25: =SUM('21'!G41,'21'!G42,'21'!G55,'21'!G56) -> 2838.4 | K25: =SUM('21'!G43,'21'!G57) -> 2339.94 | L25: ='21'!G50 -> 1160.05 | M25: ='21'!G36 -> 661.91 | N25: ='21'!G138 -> 68 | O25: ='21'!$G$139 -> 2 | P25: ='21'!$G$140 -> 1.5 | Q25: ='21'!$G$141 -> 183.96 | R25: ='21'!$G$142 -> 82.78 | S25: ='21'!$G$145 -> 15.12 | T25: ='21'!$G$146 -> 369 | U25: ='21'!$G$144 -> 227 | V25: ='21'!$G$147 -> 376.12 | W25: ='21'!$G$148 -> 154.88 | X25: ='21'!$G$143 -> 23.77 | Y25: ='21'!$G$58 -> 234.19 | Z25: ='21'!$G$151 -> 226 | AA25: ='21'!G161 -> 101.76 | AB25: ='21'!G162 -> 41.8 | AC25: ='21'!G88 -> 0 | AD25: ='21'!G163+'21'!G164 -> 54.1 | AE25: ='21'!$G$116 -> 0 | AF25: ='21'!$G$117 -> 23.14 | AG25: ='21'!$G$118 -> 333.44 | AH25: ='21'!$G$119 -> 440.86 | AI25: ='21'!$G$120 -> 411.36 | AJ25: ='21'!$G$121 -> 673.2 | AK25: ='21'!$G$122 -> 203.35 | AL25: ='21'!$G$123 -> 265.58 | AM25: ='21'!$G$133 -> 655.84 | AN25: ='21'!$G$15 -> 1017.34 | AO25: ='21'!$G$74 -> 294.76 | AP25: ='21'!$G$75 -> 0 | AQ25: ='21'!$G$76 -> 104.78 | AR25: ='21'!$G$77 -> 50.3 | AS25: ='21'!$G$78 -> 1.1 | AT25: =AN25-SUM(AO25:AS25) -> 566.4 | AU25: =SUM('21'!G91:G92) -> 10.31 | AV25: ='21'!$G$88 -> 0 | AW25: ='21'!$G$89 -> 10.3 | AX25: ='21'!$G$90 -> 2.12 | AY25: =SUM(AV25:AX25) -> 12.42 | AZ25: =AO25/AU25 -> 28.589719 | BA25: =AT25/AY25 -> 45.603865 | BB25: =C25-SUM(F25:K25,Y25) -> 4744.55 | BC25: =BB25/B25% -> 26.552503
A26: 22 | B26: ='22'!G7 -> 19215.96 | C26: ='22'!G8 -> 19922.76 | D26: ='22'!G15 -> 1036.41 | E26: ='22'!G20 -> 176 | F26: =SUM('22'!G35,'22'!G49) -> 2596.63 | G26: =SUM('22'!G37,'22'!G51) -> 1587.09 | H26: =SUM('22'!G38,'22'!G52) -> 1787.24 | I26: =SUM('22'!G39,'22'!G53) -> 2648.7 | J26: =SUM('22'!G41,'22'!G42,'22'!G55,'22'!G56) -> 3073.58 | K26: =SUM('22'!G43,'22'!G57) -> 2333.42 | L26: ='22'!G50 -> 1510.7 | M26: ='22'!G36 -> 834.29 | N26: ='22'!G138 -> 107 | O26: ='22'!$G$139 -> 9 | P26: ='22'!$G$140 -> 1.53 | Q26: ='22'!$G$141 -> 192.64 | R26: ='22'!$G$142 -> 79.82 | S26: ='22'!$G$145 -> 14.8 | T26: ='22'!$G$146 -> 446 | U26: ='22'!$G$144 -> 229 | V26: ='22'!$G$147 -> 492 | W26: ='22'!$G$148 -> 202.56 | X26: ='22'!$G$143 -> 27.96 | Y26: ='22'!$G$58 -> 243.45 | Z26: ='22'!$G$151 -> 219 | AA26: ='22'!G161 -> 218 | AB26: ='22'!G162 -> 29.3 | AC26: ='22'!G88 -> 0 | AD26: ='22'!G163+'22'!G164 -> 37.6 | AE26: ='22'!$G$116 -> 0 | AF26: ='22'!$G$117 -> 23.11 | AG26: ='22'!$G$118 -> 312.96 | AH26: ='22'!$G$119 -> 408.86 | AI26: ='22'!$G$120 -> 424.18 | AJ26: ='22'!$G$121 -> 705.2 | AK26: ='22'!$G$122 -> 222.65 | AL26: ='22'!$G$123 -> 271.8 | AM26: ='22'!$G$133 -> 653.44 | AN26: ='22'!$G$15 -> 1036.41 | AO26: ='22'!$G$74 -> 307.71 | AP26: ='22'!$G$75 -> 0 | AQ26: ='22'!$G$76 -> 119.35 | AR26: ='22'!$G$77 -> 40 | AS26: ='22'!$G$78 -> 3 | AT26: =AN26-SUM(AO26:AS26) -> 566.35 | AU26: =SUM('22'!G91:G92) -> 10.75 | AV26: ='22'!$G$88 -> 0 | AW26: ='22'!$G$89 -> 9.88 | AX26: ='22'!$G$90 -> 3.45 | AY26: =SUM(AV26:AX26) -> 13.33 | AZ26: =AO26/AU26 -> 28.624186 | BA26: =AT26/AY26 -> 42.486872 | BB26: =C26-SUM(F26:K26,Y26) -> 5652.65 | BC26: =BB26/B26% -> 29.416433
A27: 23 | B27: ='23'!G7 -> 18703.16 | C27: ='23'!G8 -> 19388.32 | D27: ='23'!G15 -> 979.92 | E27: ='23'!G20 -> 216 | F27: =SUM('23'!G35,'23'!G49) -> 2448.68 | G27: =SUM('23'!G37,'23'!G51) -> 1571.98 | H27: =SUM('23'!G38,'23'!G52) -> 1932.07 | I27: =SUM('23'!G39,'23'!G53) -> 2576.25 | J27: =SUM('23'!G41,'23'!G42,'23'!G55,'23'!G56) -> 2695.22 | K27: =SUM('23'!G43,'23'!G57) -> 2339.24 | L27: ='23'!G50 -> 1627.26 | M27: ='23'!G36 -> 1155.28 | N27: ='23'!G138 -> 109 | O27: ='23'!G139 -> 5 | P27: ='23'!$G$140 -> 2 | Q27: ='23'!$G$141 -> 183.71 | R27: ='23'!$G$142 -> 78.54 | S27: ='23'!$G$145 -> 14.06 | T27: ='23'!$G$146 -> 417 | U27: ='23'!$G$144 -> 221 | V27: ='23'!$G$147 -> 421.84 | W27: ='23'!$G$148 -> 267.52 | X27: ='23'!$G$143 -> 27.12 | Y27: ='23'!$G$58 -> 225.96 | Z27: ='23'!$G$151 -> 238 | AA27: ='23'!$G$161 -> 16 | AB27: ='23'!G162 -> 14.3 | AC27: ='23'!G88 -> 2.01 | AD27: ='23'!G163+'23'!G164 -> 35.1 | AE27: ='23'!$G$116 -> 0 | AF27: ='23'!$G$117 -> 23.1 | AG27: ='23'!$G$118 -> 340.18 | AH27: ='23'!$G$119 -> 417.18 | AI27: ='23'!$G$120 -> 406.46 | AJ27: ='23'!$G$121 -> 664.16 | AK27: ='23'!$G$122 -> 209.97 | AL27: ='23'!$G$123 -> 273.31 | AM27: ='23'!$G$133 -> 661.33 | AN27: ='23'!$G$15 -> 979.92 | AO27: ='23'!$G$74 -> 292.69 | AP27: ='23'!$G$75 -> 0 | AQ27: ='23'!$G$76 -> 101.33 | AR27: ='23'!$G$77 -> 36 | AS27: ='23'!$G$78 -> 1 | AT27: =AN27-SUM(AO27:AS27) -> 548.9 | AU27: =SUM('23'!G91:G92) -> 10.22 | AV27: ='23'!$G$88 -> 2.01 | AW27: ='23'!$G$89 -> 8.17 | AX27: ='23'!$G$90 -> 1.49 | AY27: =SUM(AV27:AX27) -> 11.67 | AZ27: =AO27/AU27 -> 28.638943 | BA27: =AT27/AY27 -> 47.035133 | BB27: =C27-SUM(F27:K27,Y27) -> 5598.92 | BC27: =BB27/B27% -> 29.93569
A28: 24 | B28: ='24'!G7 -> 16363.17 | C28: ='24'!G8 -> 16876.17 | D28: ='24'!G15 -> 1037.08 | E28: ='24'!G20 -> 212 | F28: =SUM('24'!G35,'24'!G49) -> 2037.01 | G28: =SUM('24'!G37,'24'!G51) -> 1645.51 | H28: =SUM('24'!G38,'24'!G52) -> 1826.39 | I28: =SUM('24'!G39,'24'!G53) -> 2607.2 | J28: =SUM('24'!G41,'24'!G42,'24'!G55,'24'!G56) -> 2484.33 | K28: =SUM('24'!G43,'24'!G57) -> 2087.41 | L28: ='24'!G50 -> 1014.64 | M28: ='24'!G36 -> 656.7 | N28: ='24'!G138 -> 64 | O28: ='24'!G139 -> 0 | P28: ='24'!$G$140 -> -0.03 | Q28: ='24'!$G$141 -> 173.67 | R28: ='24'!$G$142 -> 81.73 | S28: ='24'!$G$145 -> 6.74 | T28: ='24'!$G$146 -> 398 | U28: ='24'!$G$144 -> 213 | V28: ='24'!$G$147 -> 318.04 | W28: ='24'!$G$148 -> 154.04 | X28: ='24'!$G$143 -> 34.38 | Y28: ='24'!$G$58 -> 214.41 | Z28: ='24'!$G$151 -> 207 | AA28: ='24'!G161 -> 69.52 | AB28: ='24'!G162 -> 34.1 | AC28: ='24'!G88 -> -0.38 | AD28: ='24'!G163+'24'!G164 -> 71.6 | AE28: ='24'!$G$116 -> 0 | AF28: ='24'!$G$117 -> 22.52 | AG28: ='24'!$G$118 -> 376.09 | AH28: ='24'!$G$119 -> 407.17 | AI28: ='24'!$G$120 -> 413.9 | AJ28: ='24'!$G$121 -> 659.93 | AK28: ='24'!$G$122 -> 187.41 | AL28: ='24'!$G$123 -> 265.89 | AM28: ='24'!$G$133 -> 437.57 | AN28: ='24'!$G$15 -> 1037.08 | AO28: ='24'!$G$74 -> 311.19 | AP28: ='24'!$G$75 -> 0 | AQ28: ='24'!$G$76 -> 114 | AR28: ='24'!$G$77 -> 34 | AS28: ='24'!$G$78 -> 1 | AT28: =AN28-SUM(AO28:AS28) -> 576.89 | AU28: =SUM('24'!G91:G92) -> 11.33 | AV28: ='24'!$G$88 -> -0.38 | AW28: ='24'!$G$89 -> 10.39 | AX28: ='24'!$G$90 -> 2.63 | AY28: =SUM(AV28:AX28) -> 12.64 | AZ28: =AO28/AU28 -> 27.466019 | BA28: =AT28/AY28 -> 45.640032 | BB28: =C28-SUM(F28:K28,Y28) -> 3973.91 | BC28: =BB28/B28% -> 24.285698
