Workbook

Sheet TOTAL
A1: Site Name | B1: Day | C1: Month | D1: Year | E1: Total Electricity Kwh | F1: Electricity Tariff ($/Kwh) | G1: Natual Gas (m3) | H1: Natural Gas $/m3 | I1: Water Utility Supply (m3) m3 | J1: Water Utility Supply (m3) $/m3 | K1: Room Nights | L1: Total Guests
A2: Budapest | B2: 1 | C2: 1 | D2: 2022 | E2: =Submetering!X2+Submetering!Y2 -> 14872 | F2: 0.077909228 | G2: =Submetering!T2+Submetering!U2 -> 1837 | H2: 0.24162482 | I2: =Submetering!E2+Submetering!H2 -> 119 | J2: 1.6865699 | K2: =Submetering!AF2 -> 82 | L2: =Submetering!AG2 -> 161
A3: Budapest | B3: =B2+1 -> 2 | C3: =C2 -> 1 | D3: =+D2 -> 2022 | E3: =Submetering!X3+Submetering!Y3 -> 14344 | F3: 0.077909228 | G3: =Submetering!T3+Submetering!U3 -> 2258 | H3: 0.24162482 | I3: =Submetering!E3+Submetering!H3 -> 109 | J3: =J2 -> 1.6865699 | K3: =Submetering!AF3 -> 73 | L3: =Submetering!AG3 -> 136
A4: Budapest | B4: =B3+1 -> 3 | C4: =C3 -> 1 | D4: =+D3 -> 2022 | E4: =Submetering!X4+Submetering!Y4 -> 12012 | F4: 0.077909228 | G4: =Submetering!T4+Submetering!U4 -> 2147 | H4: 0.24162482 | I4: =Submetering!E4+Submetering!H4 -> 107 | J4: =J3 -> 1.6865699 | K4: =Submetering!AF4 -> 72 | L4: =Submetering!AG4 -> 133
A5: Budapest | B5: =B4+1 -> 4 | C5: =C4 -> 1 | D5: =+D4 -> 2022 | E5: =Submetering!X5+Submetering!Y5 -> 12452 | F5: 0.077909228 | G5: =Submetering!T5+Submetering!U5 -> 2186 | H5: 0.24162482 | I5: =Submetering!E5+Submetering!H5 -> 108 | J5: =J4 -> 1.6865699 | K5: =Submetering!AF5 -> 74 | L5: =Submetering!AG5 -> 131
A6: Budapest | B6: =B5+1 -> 5 | C6: =C5 -> 1 | D6: =+D5 -> 2022 | E6: =Submetering!X6+Submetering!Y6 -> 12452 | F6: 0.077909228 | G6: =Submetering!T6+Submetering!U6 -> 2390 | H6: 0.24162482 | I6: =Submetering!E6+Submetering!H6 -> 98 | J6: =J5 -> 1.6865699 | K6: =Submetering!AF6 -> 55 | L6: =Submetering!AG6 -> 89
A7: Budapest | B7: =B6+1 -> 6 | C7: =C6 -> 1 | D7: =+D6 -> 2022 | E7: =Submetering!X7+Submetering!Y7 -> 12232 | F7: 0.077909228 | G7: =Submetering!T7+Submetering!U7 -> 3120 | H7: 0.24162482 | I7: =Submetering!E7+Submetering!H7 -> 95 | J7: =J6 -> 1.6865699 | K7: =Submetering!AF7 -> 54 | L7: =Submetering!AG7 -> 91
A8: Budapest | B8: =B7+1 -> 7 | C8: =C7 -> 1 | D8: =+D7 -> 2022 | E8: =Submetering!X8+Submetering!Y8 -> 13420 | F8: 0.077909228 | G8: =Submetering!T8+Submetering!U8 -> 3346 | H8: 0.24162482 | I8: =Submetering!E8+Submetering!H8 -> 98 | J8: =J7 -> 1.6865699 | K8: =Submetering!AF8 -> 50 | L8: =Submetering!AG8 -> 84
A9: Budapest | B9: =B8+1 -> 8 | C9: =C8 -> 1 | D9: =+D8 -> 2022 | E9: =Submetering!X9+Submetering!Y9 -> 12892 | F9: 0.077909228 | G9: =Submetering!T9+Submetering!U9 -> 3192 | H9: 0.24162482 | I9: =Submetering!E9+Submetering!H9 -> 71 | J9: =J8 -> 1.6865699 | K9: =Submetering!AF9 -> 55 | L9: =Submetering!AG9 -> 84
A10: Budapest | B10: =B9+1 -> 9 | C10: =C9 -> 1 | D10: =+D9 -> 2022 | E10: =Submetering!X10+Submetering!Y10 -> 11836 | F10: 0.077909228 | G10: =Submetering!T10+Submetering!U10 -> 3013 | H10: 0.24162482 | I10: =Submetering!E10+Submetering!H10 -> 57 | J10: =J9 -> 1.6865699 | K10: =Submetering!AF10 -> 42 | L10: =Submetering!AG10 -> 55
A11: Budapest | B11: =B10+1 -> 10 | C11: =C10 -> 1 | D11: =+D10 -> 2022 | E11: =Submetering!X11+Submetering!Y11 -> 13552 | F11: 0.077909228 | G11: =Submetering!T11+Submetering!U11 -> 3358 | H11: 0.24162482 | I11: =Submetering!E11+Submetering!H11 -> 99 | J11: =J10 -> 1.6865699 | K11: =Submetering!AF11 -> 41 | L11: =Submetering!AG11 -> 51
A12: Budapest | B12: =B11+1 -> 11 | C12: =C11 -> 1 | D12: =+D11 -> 2022 | E12: =Submetering!X12+Submetering!Y12 -> 14212 | F12: 0.077909228 | G12: =Submetering!T12+Submetering!U12 -> 3558 | H12: 0.24162482 | I12: =Submetering!E12+Submetering!H12 -> 91 | J12: =J11 -> 1.6865699 | K12: =Submetering!AF12 -> 43 | L12: =Submetering!AG12 -> 51
A13: Budapest | B13: =B12+1 -> 12 | C13: =C12 -> 1 | D13: =+D12 -> 2022 | E13: =Submetering!X13+Submetering!Y13 -> 12716 | F13: 0.077909228 | G13: =Submetering!T13+Submetering!U13 -> 4120 | H13: 0.24162482 | I13: =Submetering!E13+Submetering!H13 -> 89 | J13: =J12 -> 1.6865699 | K13: =Submetering!AF13 -> 51 | L13: =Submetering!AG13 -> 63
A14: Budapest | B14: =B13+1 -> 13 | C14: =C13 -> 1 | D14: =+D13 -> 2022 | E14: =Submetering!X14+Submetering!Y14 -> 13464 | F14: 0.077909228 | G14: =Submetering!T14+Submetering!U14 -> 3381 | H14: 0.24162482 | I14: =Submetering!E14+Submetering!H14 -> 94 | J14: =J13 -> 1.6865699 | K14: =Submetering!AF14 -> 51 | L14: =Submetering!AG14 -> 70
... A32: Budapest | B32: =B31+1 -> 31 | C32: =C31 -> 1 | D32: =+D31 -> 2022 | E32: =Submetering!X32+Submetering!Y32 -> 13552 | F32: 1.0779092 | G32: =Submetering!T32+Submetering!U32 -> 3074 | H32: 1.2416248 | I32: =Submetering!E32+Submetering!H32 -> 106 | J32: =J31 -> 1.6865699 | K32: =Submetering!AF32 -> 40 | L32: =Submetering!AG32 -> 49

Sheet Submetering
A1: Site Name | B1: Day | C1: Month | D1: Year | E1: B074 Nagy - m3 | F1: B074 Hotel napi+torony-m3 | G1: B074 Hotel napi-torony -m3 | H1: B057 Nagy - m3 | I1: B074 mosoda víz-m3 | J1: B054 konyha -m3 | K1: HMV konyha -m3 | L1: HMV Hotel -m3 | M1: B 105 Gozakna -m3 | N1: Boiler C. Water -m3 | O1: kazan tapviz jobb -m3 | P1: CT-Spare Water Total -m3 | Q1: SPA Total -m3 | R1: Garage Total -m3 | S1: Steam Total -m3 | T1: Meter #1 -m3 | U1: Meter #2-m3 | V1: Steam Boiler #1 -m3 | W1: Steam Boiler #2 -m3 | X1: Elec. Supply 1 - Kwh | Y1: Elec. Supply 2 - Kwh | Z1: Hotel Absolute Daily -KWh | AA1: Hotel Absolut napi fogyasztas-hutok -KWh | AB1: 18 GARAGE -KWh | AC1: GARAGE + PALACE SUMMA DAYLI - KWh | AD1: Chiller 1 -KWh | AE1: Chiller 2 -KWh | AF1: Room Nights | AG1: Total Guests
A2: Budapest | B2: 1 | C2: =+TOTAL!C2 -> 1 | D2: =+TOTAL!D2 -> 2022 | E2: =IF(('FS Budapest'!C5-'FS Budapest'!C4)<0,"0",('FS Budapest'!C5-'FS Budapest'!C4)) -> 28 | F2: =IF(('FS Budapest'!D5-'FS Budapest'!D4)<0,"0",('FS Budapest'!D5-'FS Budapest'!D4)) -> 91 | G2: =IF(('FS Budapest'!E5-'FS Budapest'!Y5)<0,"0",('FS Budapest'!E5-'FS Budapest'!Y5)) -> 81 | H2: =IF(('FS Budapest'!H5-'FS Budapest'!H4)<0,"0",('FS Budapest'!H5-'FS Budapest'!H4)) -> 91 | I2: =IF(('FS Budapest'!I5-'FS Budapest'!I4)<0,"0",('FS Budapest'!I5-'FS Budapest'!I4)) -> 9 | J2: =IF(('FS Budapest'!K5-'FS Budapest'!K4)<0,"0",('FS Budapest'!K5-'FS Budapest'!K4)) -> 3 | K2: =IF(('FS Budapest'!M5-'FS Budapest'!M4)<0,"0",('FS Budapest'!M5-'FS Budapest'!M4)) -> 13 | L2: =IF(('FS Budapest'!O5-'FS Budapest'!O4)<0,"0",('FS Budapest'!O5-'FS Budapest'!O4)) -> 18 | M2: =IF(('FS Budapest'!Q5-'FS Budapest'!Q4)<0,"0",('FS Budapest'!Q5-'FS Budapest'!Q4)) -> 0 | N2: =IF(('FS Budapest'!S5-'FS Budapest'!S4)<0,"0",('FS Budapest'!S5-'FS Budapest'!S4)) -> 2 | O2: =IF(('FS Budapest'!V5-'FS Budapest'!V4)<0,"0",('FS Budapest'!V5-'FS Budapest'!V4)) -> 0 | P2: =IF(('FS Budapest'!X5-'FS Budapest'!X4)<0,"0",('FS Budapest'!X5-'FS Budapest'!X4)) -> 36 | Q2: ='FS Budapest'!AB5 -> 2 | R2: ='FS Budapest'!AE5 -> 0 | S2: ='FS Budapest'!AF5 -> 8 | T2: =IF(('FS Budapest'!AK5-'FS Budapest'!AK4)<0,"0",('FS Budapest'!AK5-'FS Budapest'!AK4)) -> 1785 | U2: =IF(('FS Budapest'!AM5-'FS Budapest'!AM4)<0,"0",('FS Budapest'!AM5-'FS Budapest'!AM4)) -> 52 | V2: =IF(('FS Budapest'!AO5-'FS Budapest'!AO4)<0,"0",('FS Budapest'!AO5-'FS Budapest'!AO4)) -> 121 | W2: =IF(('FS Budapest'!AQ5-'FS Budapest'!AQ4)<0,"0",('FS Budapest'!AQ5-'FS Budapest'!AQ4)) -> 0 | X2: ='FS Budapest'!AY5 -> 0 | Y2: =IF(('FS Budapest'!BA5-'FS Budapest'!BA4)<0,"0",('FS Budapest'!BA5-'FS Budapest'!BA4)*4400) -> 14872 | Z2: ='FS Budapest'!BI5 -> 14872 | AA2: ='FS Budapest'!BJ5 -> 14840 | AB2: =IF(('FS Budapest'!BK5-'FS Budapest'!BK4)<0,"0",('FS Budapest'!BK5-'FS Budapest'!BK4)*100) -> 1563 | AC2: ='FS Budapest'!BM5 -> 16435 | AD2: =IF(('FS Budapest'!BP5-'FS Budapest'!BP4)<0,"0",('FS Budapest'!BP5-'FS Budapest'!BP4)) -> 20 | AE2: =IF(('FS Budapest'!BR5-'FS Budapest'!BR4)<0,"0",('FS Budapest'!BR5-'FS Budapest'!BR4)) -> 13 | AF2: ='FS Budapest'!BU5 -> 82 | AG2: ='FS Budapest'!BV5 -> 161
A3: Budapest | B3: =B2+1 -> 2 | C3: =C2 -> 1 | D3: =+D2 -> 2022 | E3: =IF(('FS Budapest'!C6-'FS Budapest'!C5)<0,"0",('FS Budapest'!C6-'FS Budapest'!C5)) -> 27 | F3: =IF(('FS Budapest'!D6-'FS Budapest'!D5)<0,"0",('FS Budapest'!D6-'FS Budapest'!D5)) -> 66 | G3: =IF(('FS Budapest'!E6-'FS Budapest'!Y6)<0,"0",('FS Budapest'!E6-'FS Budapest'!Y6)) -> 46 | H3: =IF(('FS Budapest'!H6-'FS Budapest'!H5)<0,"0",('FS Budapest'!H6-'FS Budapest'!H5)) -> 82 | I3: =IF(('FS Budapest'!I6-'FS Budapest'!I5)<0,"0",('FS Budapest'!I6-'FS Budapest'!I5)) -> 1 | J3: =IF(('FS Budapest'!K6-'FS Budapest'!K5)<0,"0",('FS Budapest'!K6-'FS Budapest'!K5)) -> 4 | K3: =IF(('FS Budapest'!M6-'FS Budapest'!M5)<0,"0",('FS Budapest'!M6-'FS Budapest'!M5)) -> 8 | L3: =IF(('FS Budapest'!O6-'FS Budapest'!O5)<0,"0",('FS Budapest'!O6-'FS Budapest'!O5)) -> 15 | M3: =IF(('FS Budapest'!Q6-'FS Budapest'!Q5)<0,"0",('FS Budapest'!Q6-'FS Budapest'!Q5)) -> 1 | N3: =IF(('FS Budapest'!S6-'FS Budapest'!S5)<0,"0",('FS Budapest'!S6-'FS Budapest'!S5)) -> 1 | O3: =IF(('FS Budapest'!V6-'FS Budapest'!V5)<0,"0",('FS Budapest'!V6-'FS Budapest'!V5)) -> 0 | P3: =IF(('FS Budapest'!X6-'FS Budapest'!X5)<0,"0",('FS Budapest'!X6-'FS Budapest'!X5)) -> 20 | Q3: ='FS Budapest'!AB6 -> 2 | R3: ='FS Budapest'!AE6 -> 4 | S3: ='FS Budapest'!AF6 -> 6 | T3: =IF(('FS Budapest'!AK6-'FS Budapest'!AK5)<0,"0",('FS Budapest'!AK6-'FS Budapest'!AK5)) -> 2226 | U3: =IF(('FS Budapest'!AM6-'FS Budapest'!AM5)<0,"0",('FS Budapest'!AM6-'FS Budapest'!AM5)) -> 32 | V3: =IF(('FS Budapest'!AO6-'FS Budapest'!AO5)<0,"0",('FS Budapest'!AO6-'FS Budapest'!AO5)) -> 337 | W3: =IF(('FS Budapest'!AQ6-'FS Budapest'!AQ5)<0,"0",('FS Budapest'!AQ6-'FS Budapest'!AQ5)) -> 0 | X3: ='FS Budapest'!AY6 -> 0 | Y3: =IF(('FS Budapest'!BA6-'FS Budapest'!BA5)<0,"0",('FS Budapest'!BA6-'FS Budapest'!BA5)*4400) -> 14344 | Z3: ='FS Budapest'!BI6 -> 14344 | AA3: ='FS Budapest'!BJ6 -> 14308 | AB3: =IF(('FS Budapest'!BK6-'FS Budapest'!BK5)<0,"0",('FS Budapest'!BK6-'FS Budapest'!BK5)*100) -> 946 | AC3: ='FS Budapest'!BM6 -> 15290 | AD3: =IF(('FS Budapest'!BP6-'FS Budapest'!BP5)<0,"0",('FS Budapest'!BP6-'FS Budapest'!BP5)) -> 20 | AE3: =IF(('FS Budapest'!BR6-'FS Budapest'!BR5)<0,"0",('FS Budapest'!BR6-'FS Budapest'!BR5)) -> 16 | AF3: ='FS Budapest'!BU6 -> 73 | AG3: ='FS Budapest'!BV6 -> 136
A4: Budapest | B4: =B3+1 -> 3 | C4: =C3 -> 1 | D4: =+D3 -> 2022 | E4: =IF(('FS Budapest'!C7-'FS Budapest'!C6)<0,"0",('FS Budapest'!C7-'FS Budapest'!C6)) -> 31 | F4: =IF(('FS Budapest'!D7-'FS Budapest'!D6)<0,"0",('FS Budapest'!D7-'FS Budapest'!D6)) -> 52 | G4: =IF(('FS Budapest'!E7-'FS Budapest'!Y7)<0,"0",('FS Budapest'!E7-'FS Budapest'!Y7)) -> 44 | H4: =IF(('FS Budapest'!H7-'FS Budapest'!H6)<0,"0",('FS Budapest'!H7-'FS Budapest'!H6)) -> 76 | I4: =IF(('FS Budapest'!I7-'FS Budapest'!I6)<0,"0",('FS Budapest'!I7-'FS Budapest'!I6)) -> 19 | J4: =IF(('FS Budapest'!K7-'FS Budapest'!K6)<0,"0",('FS Budapest'!K7-'FS Budapest'!K6)) -> 4 | K4: =IF(('FS Budapest'!M7-'FS Budapest'!M6)<0,"0",('FS Budapest'!M7-'FS Budapest'!M6)) -> 9 | L4: =IF(('FS Budapest'!O7-'FS Budapest'!O6)<0,"0",('FS Budapest'!O7-'FS Budapest'!O6)) -> 12 | M4: =IF(('FS Budapest'!Q7-'FS Budapest'!Q6)<0,"0",('FS Budapest'!Q7-'FS Budapest'!Q6)) -> 2 | N4: =IF(('FS Budapest'!S7-'FS Budapest'!S6)<0,"0",('FS Budapest'!S7-'FS Budapest'!S6)) -> 1 | O4: =IF(('FS Budapest'!V7-'FS Budapest'!V6)<0,"0",('FS Budapest'!V7-'FS Budapest'!V6)) -> 0 | P4: =IF(('FS Budapest'!X7-'FS Budapest'!X6)<0,"0",('FS Budapest'!X7-'FS Budapest'!X6)) -> 8 | Q4: ='FS Budapest'!AB7 -> 4 | R4: ='FS Budapest'!AE7 -> 2 | S4: ='FS Budapest'!AF7 -> 10 | T4: =IF(('FS Budapest'!AK7-'FS Budapest'!AK6)<0,"0",('FS Budapest'!AK7-'FS Budapest'!AK6)) -> 2112 | U4: =IF(('FS Budapest'!AM7-'FS Budapest'!AM6)<0,"0",('FS Budapest'!AM7-'FS Budapest'!AM6)) -> 35 | V4: =IF(('FS Budapest'!AO7-'FS Budapest'!AO6)<0,"0",('FS Budapest'!AO7-'FS Budapest'!AO6)) -> 544 | W4: =IF(('FS Budapest'!AQ7-'FS Budapest'!AQ6)<0,"0",('FS Budapest'!AQ7-'FS Budapest'!AQ6)) -> 0 | X4: ='FS Budapest'!AY7 -> 0 | Y4: =IF(('FS Budapest'!BA7-'FS Budapest'!BA6)<0,"0",('FS Budapest'!BA7-'FS Budapest'!BA6)*4400) -> 12012 | Z4: ='FS Budapest'!BI7 -> 12012 | AA4: ='FS Budapest'!BJ7 -> 11976 | AB4: =IF(('FS Budapest'!BK7-'FS Budapest'!BK6)<0,"0",('FS Budapest'!BK7-'FS Budapest'!BK6)*100) -> 1015 | AC4: ='FS Budapest'!BM7 -> 13027 | AD4: =IF(('FS Budapest'!BP7-'FS Budapest'!BP6)<0,"0",('FS Budapest'!BP7-'FS Budapest'!BP6)) -> 20 | AE4: =IF(('FS Budapest'!BR7-'FS Budapest'!BR6)<0,"0",('FS Budapest'!BR7-'FS Budapest'!BR6)) -> 16 | AF4: ='FS Budapest'!BU7 -> 72 | AG4: ='FS Budapest'!BV7 -> 133
A5: Budapest | B5: =B4+1 -> 4 | C5: =C4 -> 1 | D5: =+D4 -> 2022 | E5: =IF(('FS Budapest'!C8-'FS Budapest'!C7)<0,"0",('FS Budapest'!C8-'FS Budapest'!C7)) -> 28 | F5: =IF(('FS Budapest'!D8-'FS Budapest'!D7)<0,"0",('FS Budapest'!D8-'FS Budapest'!D7)) -> 47 | G5: =IF(('FS Budapest'!E8-'FS Budapest'!Y8)<0,"0",('FS Budapest'!E8-'FS Budapest'!Y8)) -> 40 | H5: =IF(('FS Budapest'!H8-'FS Budapest'!H7)<0,"0",('FS Budapest'!H8-'FS Budapest'!H7)) -> 80 | I5: =IF(('FS Budapest'!I8-'FS Budapest'!I7)<0,"0",('FS Budapest'!I8-'FS Budapest'!I7)) -> 19 | J5: =IF(('FS Budapest'!K8-'FS Budapest'!K7)<0,"0",('FS Budapest'!K8-'FS Budapest'!K7)) -> 3 | K5: =IF(('FS Budapest'!M8-'FS Budapest'!M7)<0,"0",('FS Budapest'!M8-'FS Budapest'!M7)) -> 7 | L5: =IF(('FS Budapest'!O8-'FS Budapest'!O7)<0,"0",('FS Budapest'!O8-'FS Budapest'!O7)) -> 14 | M5: =IF(('FS Budapest'!Q8-'FS Budapest'!Q7)<0,"0",('FS Budapest'!Q8-'FS Budapest'!Q7)) -> 2 | N5: =IF(('FS Budapest'!S8-'FS Budapest'!S7)<0,"0",('FS Budapest'!S8-'FS Budapest'!S7)) -> 1 | O5: =IF(('FS Budapest'!V8-'FS Budapest'!V7)<0,"0",('FS Budapest'!V8-'FS Budapest'!V7)) -> 0 | P5: =IF(('FS Budapest'!X8-'FS Budapest'!X7)<0,"0",('FS Budapest'!X8-'FS Budapest'!X7)) -> 7 | Q5: ='FS Budapest'!AB8 -> 2 | R5: ='FS Budapest'!AE8 -> 3 | S5: ='FS Budapest'!AF8 -> 9 | T5: =IF(('FS Budapest'!AK8-'FS Budapest'!AK7)<0,"0",('FS Budapest'!AK8-'FS Budapest'!AK7)) -> 2145 | U5: =IF(('FS Budapest'!AM8-'FS Budapest'!AM7)<0,"0",('FS Budapest'!AM8-'FS Budapest'!AM7)) -> 41 | V5: =IF(('FS Budapest'!AO8-'FS Budapest'!AO7)<0,"0",('FS Budapest'!AO8-'FS Budapest'!AO7)) -> 513 | W5: =IF(('FS Budapest'!AQ8-'FS Budapest'!AQ7)<0,"0",('FS Budapest'!AQ8-'FS Budapest'!AQ7)) -> 1 | X5: ='FS Budapest'!AY8 -> 0 | Y5: =IF(('FS Budapest'!BA8-'FS Budapest'!BA7)<0,"0",('FS Budapest'!BA8-'FS Budapest'!BA7)*4400) -> 12452 | Z5: ='FS Budapest'!BI8 -> 12452 | AA5: ='FS Budapest'!BJ8 -> 11979 | AB5: =IF(('FS Budapest'!BK8-'FS Budapest'!BK7)<0,"0",('FS Budapest'!BK8-'FS Budapest'!BK7)*100) -> 962 | AC5: ='FS Budapest'!BM8 -> 13414 | AD5: =IF(('FS Budapest'!BP8-'FS Budapest'!BP7)<0,"0",('FS Budapest'!BP8-'FS Budapest'!BP7)) -> 20 | AE5: =IF(('FS Budapest'!BR8-'FS Budapest'!BR7)<0,"0",('FS Budapest'!BR8-'FS Budapest'!BR7)) -> 453 | AF5: ='FS Budapest'!BU8 -> 74 | AG5: ='FS Budapest'!BV8 -> 131
A6: Budapest | B6: =B5+1 -> 5 | C6: =C5 -> 1 | D6: =+D5 -> 2022 | E6: =IF(('FS Budapest'!C9-'FS Budapest'!C8)<0,"0",('FS Budapest'!C9-'FS Budapest'!C8)) -> 28 | F6: =IF(('FS Budapest'!D9-'FS Budapest'!D8)<0,"0",('FS Budapest'!D9-'FS Budapest'!D8)) -> 43 | G6: =IF(('FS Budapest'!E9-'FS Budapest'!Y9)<0,"0",('FS Budapest'!E9-'FS Budapest'!Y9)) -> 39 | H6: =IF(('FS Budapest'!H9-'FS Budapest'!H8)<0,"0",('FS Budapest'!H9-'FS Budapest'!H8)) -> 70 | I6: =IF(('FS Budapest'!I9-'FS Budapest'!I8)<0,"0",('FS Budapest'!I9-'FS Budapest'!I8)) -> 20 | J6: =IF(('FS Budapest'!K9-'FS Budapest'!K8)<0,"0",('FS Budapest'!K9-'FS Budapest'!K8)) -> 3 | K6: =IF(('FS Budapest'!M9-'FS Budapest'!M8)<0,"0",('FS Budapest'!M9-'FS Budapest'!M8)) -> 9 | L6: =IF(('FS Budapest'!O9-'FS Budapest'!O8)<0,"0",('FS Budapest'!O9-'FS Budapest'!O8)) -> 12 | M6: =IF(('FS Budapest'!Q9-'FS Budapest'!Q8)<0,"0",('FS Budapest'!Q9-'FS Budapest'!Q8)) -> 2 | N6: =IF(('FS Budapest'!S9-'FS Budapest'!S8)<0,"0",('FS Budapest'!S9-'FS Budapest'!S8)) -> 0 | O6: =IF(('FS Budapest'!V9-'FS Budapest'!V8)<0,"0",('FS Budapest'!V9-'FS Budapest'!V8)) -> 0 | P6: =IF(('FS Budapest'!X9-'FS Budapest'!X8)<0,"0",('FS Budapest'!X9-'FS Budapest'!X8)) -> 4 | Q6: ='FS Budapest'!AB9 -> 3 | R6: ='FS Budapest'!AE9 -> 2 | S6: ='FS Budapest'!AF9 -> 9 | T6: =IF(('FS Budapest'!AK9-'FS Budapest'!AK8)<0,"0",('FS Budapest'!AK9-'FS Budapest'!AK8)) -> 2353 | U6: =IF(('FS Budapest'!AM9-'FS Budapest'!AM8)<0,"0",('FS Budapest'!AM9-'FS Budapest'!AM8)) -> 37 | V6: =IF(('FS Budapest'!AO9-'FS Budapest'!AO8)<0,"0",('FS Budapest'!AO9-'FS Budapest'!AO8)) -> 587 | W6: =IF(('FS Budapest'!AQ9-'FS Budapest'!AQ8)<0,"0",('FS Budapest'!AQ9-'FS Budapest'!AQ8)) -> 0 | X6: ='FS Budapest'!AY9 -> 0 | Y6: =IF(('FS Budapest'!BA9-'FS Budapest'!BA8)<0,"0",('FS Budapest'!BA9-'FS Budapest'!BA8)*4400) -> 12452 | Z6: ='FS Budapest'!BI9 -> 12452 | AA6: ='FS Budapest'!BJ9 -> 12060 | AB6: =IF(('FS Budapest'!BK9-'FS Budapest'!BK8)<0,"0",('FS Budapest'!BK9-'FS Budapest'!BK8)*100) -> 1052 | AC6: ='FS Budapest'!BM9 -> 13504 | AD6: =IF(('FS Budapest'!BP9-'FS Budapest'!BP8)<0,"0",('FS Budapest'!BP9-'FS Budapest'!BP8)) -> 21 | AE6: =IF(('FS Budapest'!BR9-'FS Budapest'!BR8)<0,"0",('FS Budapest'!BR9-'FS Budapest'!BR8)) -> 371 | AF6: ='FS Budapest'!BU9 -> 55 | AG6: ='FS Budapest'!BV9 -> 89
A7: Budapest | B7: =B6+1 -> 6 | C7: =C6 -> 1 | D7: =+D6 -> 2022 | E7: =IF(('FS Budapest'!C10-'FS Budapest'!C9)<0,"0",('FS Budapest'!C10-'FS Budapest'!C9)) -> 27 | F7: =IF(('FS Budapest'!D10-'FS Budapest'!D9)<0,"0",('FS Budapest'!D10-'FS Budapest'!D9)) -> 36 | G7: =IF(('FS Budapest'!E10-'FS Budapest'!Y10)<0,"0",('FS Budapest'!E10-'FS Budapest'!Y10)) -> 34 | H7: =IF(('FS Budapest'!H10-'FS Budapest'!H9)<0,"0",('FS Budapest'!H10-'FS Budapest'!H9)) -> 68 | I7: =IF(('FS Budapest'!I10-'FS Budapest'!I9)<0,"0",('FS Budapest'!I10-'FS Budapest'!I9)) -> 20 | J7: =IF(('FS Budapest'!K10-'FS Budapest'!K9)<0,"0",('FS Budapest'!K10-'FS Budapest'!K9)) -> 3 | K7: =IF(('FS Budapest'!M10-'FS Budapest'!M9)<0,"0",('FS Budapest'!M10-'FS Budapest'!M9)) -> 8 | L7: =IF(('FS Budapest'!O10-'FS Budapest'!O9)<0,"0",('FS Budapest'!O10-'FS Budapest'!O9)) -> 9 | M7: =IF(('FS Budapest'!Q10-'FS Budapest'!Q9)<0,"0",('FS Budapest'!Q10-'FS Budapest'!Q9)) -> 2 | N7: =IF(('FS Budapest'!S10-'FS Budapest'!S9)<0,"0",('FS Budapest'!S10-'FS Budapest'!S9)) -> 1 | O7: =IF(('FS Budapest'!V10-'FS Budapest'!V9)<0,"0",('FS Budapest'!V10-'FS Budapest'!V9)) -> 0 | P7: =IF(('FS Budapest'!X10-'FS Budapest'!X9)<0,"0",('FS Budapest'!X10-'FS Budapest'!X9)) -> 2 | Q7: ='FS Budapest'!AB10 -> 3 | R7: ='FS Budapest'!AE10 -> 2 | S7: ='FS Budapest'!AF10 -> 9 | T7: =IF(('FS Budapest'!AK10-'FS Budapest'!AK9)<0,"0",('FS Budapest'!AK10-'FS Budapest'!AK9)) -> 3081 | U7: =IF(('FS Budapest'!AM10-'FS Budapest'!AM9)<0,"0",('FS Budapest'!AM10-'FS Budapest'!AM9)) -> 39 | V7: =IF(('FS Budapest'!AO10-'FS Budapest'!AO9)<0,"0",('FS Budapest'!AO10-'FS Budapest'!AO9)) -> 511 | W7: =IF(('FS Budapest'!AQ10-'FS Budapest'!AQ9)<0,"0",('FS Budapest'!AQ10-'FS Budapest'!AQ9)) -> 0 | X7: ='FS Budapest'!AY10 -> 0 | Y7: =IF(('FS Budapest'!BA10-'FS Budapest'!BA9)<0,"0",('FS Budapest'!BA10-'FS Budapest'!BA9)*4400) -> 12232 | Z7: ='FS Budapest'!BI10 -> 12232 | AA7: ='FS Budapest'!BJ10 -> 12192 | AB7: =IF(('FS Budapest'!BK10-'FS Budapest'!BK9)<0,"0",('FS Budapest'!BK10-'FS Budapest'!BK9)*100) -> 1037 | AC7: ='FS Budapest'!BM10 -> 13269 | AD7: =IF(('FS Budapest'!BP10-'FS Budapest'!BP9)<0,"0",('FS Budapest'!BP10-'FS Budapest'!BP9)) -> 20 | AE7: =IF(('FS Budapest'!BR10-'FS Budapest'!BR9)<0,"0",('FS Budapest'!BR10-'FS Budapest'!BR9)) -> 20 | AF7: ='FS Budapest'!BU10 -> 54 | AG7: ='FS Budapest'!BV10 -> 91
A8: Budapest | B8: =B7+1 -> 7 | C8: =C7 -> 1 | D8: =+D7 -> 2022 | E8: =IF(('FS Budapest'!C11-'FS Budapest'!C10)<0,"0",('FS Budapest'!C11-'FS Budapest'!C10)) -> 25 | F8: =IF(('FS Budapest'!D11-'FS Budapest'!D10)<0,"0",('FS Budapest'!D11-'FS Budapest'!D10)) -> 44 | G8: =IF(('FS Budapest'!E11-'FS Budapest'!Y11)<0,"0",('FS Budapest'!E11-'FS Budapest'!Y11)) -> 44 | H8: =IF(('FS Budapest'!H11-'FS Budapest'!H10)<0,"0",('FS Budapest'!H11-'FS Budapest'!H10)) -> 73 | I8: =IF(('FS Budapest'!I11-'FS Budapest'!I10)<0,"0",('FS Budapest'!I11-'FS Budapest'!I10)) -> 15 | J8: =IF(('FS Budapest'!K11-'FS Budapest'!K10)<0,"0",('FS Budapest'!K11-'FS Budapest'!K10)) -> 2 | K8: =IF(('FS Budapest'!M11-'FS Budapest'!M10)<0,"0",('FS Budapest'!M11-'FS Budapest'!M10)) -> 10 | L8: =IF(('FS Budapest'!O11-'FS Budapest'!O10)<0,"0",('FS Budapest'!O11-'FS Budapest'!O10)) -> 9 | M8: =IF(('FS Budapest'!Q11-'FS Budapest'!Q10)<0,"0",('FS Budapest'!Q11-'FS Budapest'!Q10)) -> 1 | N8: =IF(('FS Budapest'!S11-'FS Budapest'!S10)<0,"0",('FS Budapest'!S11-'FS Budapest'!S10)) -> 1 | O8: =IF(('FS Budapest'!V11-'FS Budapest'!V10)<0,"0",('FS Budapest'!V11-'FS Budapest'!V10)) -> 0 | P8: =IF(('FS Budapest'!X11-'FS Budapest'!X10)<0,"0",('FS Budapest'!X11-'FS Budapest'!X10)) -> 0 | Q8: ='FS Budapest'!AB11 -> 3 | R8: ='FS Budapest'!AE11 -> 4 | S8: ='FS Budapest'!AF11 -> 8 | T8: =IF(('FS Budapest'!AK11-'FS Budapest'!AK10)<0,"0",('FS Budapest'!AK11-'FS Budapest'!AK10)) -> 3301 | U8: =IF(('FS Budapest'!AM11-'FS Budapest'!AM10)<0,"0",('FS Budapest'!AM11-'FS Budapest'!AM10)) -> 45 | V8: =IF(('FS Budapest'!AO11-'FS Budapest'!AO10)<0,"0",('FS Budapest'!AO11-'FS Budapest'!AO10)) -> 492 | W8: =IF(('FS Budapest'!AQ11-'FS Budapest'!AQ10)<0,"0",('FS Budapest'!AQ11-'FS Budapest'!AQ10)) -> 0 | X8: ='FS Budapest'!AY11 -> 0 | Y8: =IF(('FS Budapest'!BA11-'FS Budapest'!BA10)<0,"0",('FS Budapest'!BA11-'FS Budapest'!BA10)*4400) -> 13420 | Z8: ='FS Budapest'!BI11 -> 13420 | AA8: ='FS Budapest'!BJ11 -> 12663 | AB8: =IF(('FS Budapest'!BK11-'FS Budapest'!BK10)<0,"0",('FS Budapest'!BK11-'FS Budapest'!BK10)*100) -> 1275 | AC8: ='FS Budapest'!BM11 -> 14695 | AD8: =IF(('FS Budapest'!BP11-'FS Budapest'!BP10)<0,"0",('FS Budapest'!BP11-'FS Budapest'!BP10)) -> 21 | AE8: =IF(('FS Budapest'!BR11-'FS Budapest'!BR10)<0,"0",('FS Budapest'!BR11-'FS Budapest'!BR10)) -> 736 | AF8: ='FS Budapest'!BU11 -> 50 | AG8: ='FS Budapest'!BV11 -> 84
A9: Budapest | B9: =B8+1 -> 8 | C9: =C8 -> 1 | D9: =+D8 -> 2022 | E9: =IF(('FS Budapest'!C12-'FS Budapest'!C11)<0,"0",('FS Budapest'!C12-'FS Budapest'!C11)) -> 18 | F9: =IF(('FS Budapest'!D12-'FS Budapest'!D11)<0,"0",('FS Budapest'!D12-'FS Budapest'!D11)) -> 34 | G9: =IF(('FS Budapest'!E12-'FS Budapest'!Y12)<0,"0",('FS Budapest'!E12-'FS Budapest'!Y12)) -> 23 | H9: =IF(('FS Budapest'!H12-'FS Budapest'!H11)<0,"0",('FS Budapest'!H12-'FS Budapest'!H11)) -> 53 | I9: =IF(('FS Budapest'!I12-'FS Budapest'!I11)<0,"0",('FS Budapest'!I12-'FS Budapest'!I11)) -> 2 | J9: =IF(('FS Budapest'!K12-'FS Budapest'!K11)<0,"0",('FS Budapest'!K12-'FS Budapest'!K11)) -> 3 | K9: =IF(('FS Budapest'!M12-'FS Budapest'!M11)<0,"0",('FS Budapest'!M12-'FS Budapest'!M11)) -> 9 | L9: =IF(('FS Budapest'!O12-'FS Budapest'!O11)<0,"0",('FS Budapest'!O12-'FS Budapest'!O11)) -> 8 | M9: =IF(('FS Budapest'!Q12-'FS Budapest'!Q11)<0,"0",('FS Budapest'!Q12-'FS Budapest'!Q11)) -> 0 | N9: =IF(('FS Budapest'!S12-'FS Budapest'!S11)<0,"0",('FS Budapest'!S12-'FS Budapest'!S11)) -> 0 | O9: =IF(('FS Budapest'!V12-'FS Budapest'!V11)<0,"0",('FS Budapest'!V12-'FS Budapest'!V11)) -> 0 | P9: =IF(('FS Budapest'!X12-'FS Budapest'!X11)<0,"0",('FS Budapest'!X12-'FS Budapest'!X11)) -> 11 | Q9: ='FS Budapest'!AB12 -> 3 | R9: ='FS Budapest'!AE12 -> 2 | S9: ='FS Budapest'!AF12 -> 1 | T9: =IF(('FS Budapest'!AK12-'FS Budapest'!AK11)<0,"0",('FS Budapest'!AK12-'FS Budapest'!AK11)) -> 3153 | U9: =IF(('FS Budapest'!AM12-'FS Budapest'!AM11)<0,"0",('FS Budapest'!AM12-'FS Budapest'!AM11)) -> 39 | V9: =IF(('FS Budapest'!AO12-'FS Budapest'!AO11)<0,"0",('FS Budapest'!AO12-'FS Budapest'!AO11)) -> 98 | W9: =IF(('FS Budapest'!AQ12-'FS Budapest'!AQ11)<0,"0",('FS Budapest'!AQ12-'FS Budapest'!AQ11)) -> 0 | X9: ='FS Budapest'!AY12 -> 0 | Y9: =IF(('FS Budapest'!BA12-'FS Budapest'!BA11)<0,"0",('FS Budapest'!BA12-'FS Budapest'!BA11)*4400) -> 12892 | Z9: ='FS Budapest'!BI12 -> 12892 | AA9: ='FS Budapest'!BJ12 -> 12851 | AB9: =IF(('FS Budapest'!BK12-'FS Budapest'!BK11)<0,"0",('FS Budapest'!BK12-'FS Budapest'!BK11)*100) -> 1305 | AC9: ='FS Budapest'!BM12 -> 14197 | AD9: =IF(('FS Budapest'!BP12-'FS Budapest'!BP11)<0,"0",('FS Budapest'!BP12-'FS Budapest'!BP11)) -> 21 | AE9: =IF(('FS Budapest'!BR12-'FS Budapest'!BR11)<0,"0",('FS Budapest'!BR12-'FS Budapest'!BR11)) -> 20 | AF9: ='FS Budapest'!BU12 -> 55 | AG9: ='FS Budapest'!BV12 -> 84
A10: Budapest | B10: =B9+1 -> 9 | C10: =C9 -> 1 | D10: =+D9 -> 2022 | E10: =IF(('FS Budapest'!C13-'FS Budapest'!C12)<0,"0",('FS Budapest'!C13-'FS Budapest'!C12)) -> 14 | F10: =IF(('FS Budapest'!D13-'FS Budapest'!D12)<0,"0",('FS Budapest'!D13-'FS Budapest'!D12)) -> 31 | G10: =IF(('FS Budapest'!E13-'FS Budapest'!Y13)<0,"0",('FS Budapest'!E13-'FS Budapest'!Y13)) -> 28 | H10: =IF(('FS Budapest'!H13-'FS Budapest'!H12)<0,"0",('FS Budapest'!H13-'FS Budapest'!H12)) -> 43 | I10: =IF(('FS Budapest'!I13-'FS Budapest'!I12)<0,"0",('FS Budapest'!I13-'FS Budapest'!I12)) -> 2 | J10: =IF(('FS Budapest'!K13-'FS Budapest'!K12)<0,"0",('FS Budapest'!K13-'FS Budapest'!K12)) -> 2 | K10: =IF(('FS Budapest'!M13-'FS Budapest'!M12)<0,"0",('FS Budapest'!M13-'FS Budapest'!M12)) -> 8 | L10: =IF(('FS Budapest'!O13-'FS Budapest'!O12)<0,"0",('FS Budapest'!O13-'FS Budapest'!O12)) -> 7 | M10: =IF(('FS Budapest'!Q13-'FS Budapest'!Q12)<0,"0",('FS Budapest'!Q13-'FS Budapest'!Q12)) -> 0 | N10: =IF(('FS Budapest'!S13-'FS Budapest'!S12)<0,"0",('FS Budapest'!S13-'FS Budapest'!S12)) -> 1 | O10: =IF(('FS Budapest'!V13-'FS Budapest'!V12)<0,"0",('FS Budapest'!V13-'FS Budapest'!V12)) -> 0 | P10: =IF(('FS Budapest'!X13-'FS Budapest'!X12)<0,"0",('FS Budapest'!X13-'FS Budapest'!X12)) -> 3 | Q10: ='FS Budapest'!AB13 -> 2 | R10: ='FS Budapest'!AE13 -> 1 | S10: ='FS Budapest'!AF13 -> 2 | T10: =IF(('FS Budapest'!AK13-'FS Budapest'!AK12)<0,"0",('FS Budapest'!AK13-'FS Budapest'!AK12)) -> 2977 | U10: =IF(('FS Budapest'!AM13-'FS Budapest'!AM12)<0,"0",('FS Budapest'!AM13-'FS Budapest'!AM12)) -> 36 | V10: =IF(('FS Budapest'!AO13-'FS Budapest'!AO12)<0,"0",('FS Budapest'!AO13-'FS Budapest'!AO12)) -> 107 | W10: =IF(('FS Budapest'!AQ13-'FS Budapest'!AQ12)<0,"0",('FS Budapest'!AQ13-'FS Budapest'!AQ12)) -> 0 | X10: ='FS Budapest'!AY13 -> 0 | Y10: =IF(('FS Budapest'!BA13-'FS Budapest'!BA12)<0,"0",('FS Budapest'!BA13-'FS Budapest'!BA12)*4400) -> 11836 | Z10: ='FS Budapest'!BI13 -> 11836 | AA10: ='FS Budapest'!BJ13 -> 11796 | AB10: =IF(('FS Budapest'!BK13-'FS Budapest'!BK12)<0,"0",('FS Budapest'!BK13-'FS Budapest'!BK12)*100) -> 1035 | AC10: ='FS Budapest'!BM13 -> 12871 | AD10: =IF(('FS Budapest'!BP13-'FS Budapest'!BP12)<0,"0",('FS Budapest'!BP13-'FS Budapest'!BP12)) -> 20 | AE10: =IF(('FS Budapest'!BR13-'FS Budapest'!BR12)<0,"0",('FS Budapest'!BR13-'FS Budapest'!BR12)) -> 20 | AF10: ='FS Budapest'!BU13 -> 42 | AG10: ='FS Budapest'!BV13 -> 55
A11: Budapest | B11: =B10+1 -> 10 | C11: =C10 -> 1 | D11: =+D10 -> 2022 | E11: =IF(('FS Budapest'!C14-'FS Budapest'!C13)<0,"0",('FS Budapest'!C14-'FS Budapest'!C13)) -> 26 | F11: =IF(('FS Budapest'!D14-'FS Budapest'!D13)<0,"0",('FS Budapest'!D14-'FS Budapest'!D13)) -> 36 | G11: =IF(('FS Budapest'!E14-'FS Budapest'!Y14)<0,"0",('FS Budapest'!E14-'FS Budapest'!Y14)) -> 24 | H11: =IF(('FS Budapest'!H14-'FS Budapest'!H13)<0,"0",('FS Budapest'!H14-'FS Budapest'!H13)) -> 73 | I11: =IF(('FS Budapest'!I14-'FS Budapest'!I13)<0,"0",('FS Budapest'!I14-'FS Budapest'!I13)) -> 20 | J11: =IF(('FS Budapest'!K14-'FS Budapest'!K13)<0,"0",('FS Budapest'!K14-'FS Budapest'!K13)) -> 2 | K11: =IF(('FS Budapest'!M14-'FS Budapest'!M13)<0,"0",('FS Budapest'!M14-'FS Budapest'!M13)) -> 9 | L11: =IF(('FS Budapest'!O14-'FS Budapest'!O13)<0,"0",('FS Budapest'!O14-'FS Budapest'!O13)) -> 5 | M11: =IF(('FS Budapest'!Q14-'FS Budapest'!Q13)<0,"0",('FS Budapest'!Q14-'FS Budapest'!Q13)) -> 2 | N11: =IF(('FS Budapest'!S14-'FS Budapest'!S13)<0,"0",('FS Budapest'!S14-'FS Budapest'!S13)) -> 1 | O11: =IF(('FS Budapest'!V14-'FS Budapest'!V13)<0,"0",('FS Budapest'!V14-'FS Budapest'!V13)) -> 1 | P11: =IF(('FS Budapest'!X14-'FS Budapest'!X13)<0,"0",('FS Budapest'!X14-'FS Budapest'!X13)) -> 12 | Q11: ='FS Budapest'!AB14 -> 4 | R11: ='FS Budapest'!AE14 -> 2 | S11: ='FS Budapest'!AF14 -> 10 | T11: =IF(('FS Budapest'!AK14-'FS Budapest'!AK13)<0,"0",('FS Budapest'!AK14-'FS Budapest'!AK13)) -> 3332 | U11: =IF(('FS Budapest'!AM14-'FS Budapest'!AM13)<0,"0",('FS Budapest'!AM14-'FS Budapest'!AM13)) -> 26 | V11: =IF(('FS Budapest'!AO14-'FS Budapest'!AO13)<0,"0",('FS Budapest'!AO14-'FS Budapest'!AO13)) -> 576 | W11: =IF(('FS Budapest'!AQ14-'FS Budapest'!AQ13)<0,"0",('FS Budapest'!AQ14-'FS Budapest'!AQ13)) -> 0 | X11: ='FS Budapest'!AY14 -> 0 | Y11: =IF(('FS Budapest'!BA14-'FS Budapest'!BA13)<0,"0",('FS Budapest'!BA14-'FS Budapest'!BA13)*4400) -> 13552 | Z11: ='FS Budapest'!BI14 -> 13552 | AA11: ='FS Budapest'!BJ14 -> 12525 | AB11: =IF(('FS Budapest'!BK14-'FS Budapest'!BK13)<0,"0",('FS Budapest'!BK14-'FS Budapest'!BK13)*100) -> 1189 | AC11: ='FS Budapest'!BM14 -> 14741 | AD11: =IF(('FS Budapest'!BP14-'FS Budapest'!BP13)<0,"0",('FS Budapest'!BP14-'FS Budapest'!BP13)) -> 20 | AE11: =IF(('FS Budapest'!BR14-'FS Budapest'!BR13)<0,"0",('FS Budapest'!BR14-'FS Budapest'!BR13)) -> 1007 | AF11: ='FS Budapest'!BU14 -> 41 | AG11: ='FS Budapest'!BV14 -> 51
A12: Budapest | B12: =B11+1 -> 11 | C12: =C11 -> 1 | D12: =+D11 -> 2022 | E12: =IF(('FS Budapest'!C15-'FS Budapest'!C14)<0,"0",('FS Budapest'!C15-'FS Budapest'!C14)) -> 24 | F12: =IF(('FS Budapest'!D15-'FS Budapest'!D14)<0,"0",('FS Budapest'!D15-'FS Budapest'!D14)) -> 35 | G12: =IF(('FS Budapest'!E15-'FS Budapest'!Y15)<0,"0",('FS Budapest'!E15-'FS Budapest'!Y15)) -> 23 | H12: =IF(('FS Budapest'!H15-'FS Budapest'!H14)<0,"0",('FS Budapest'!H15-'FS Budapest'!H14)) -> 67 | I12: =IF(('FS Budapest'!I15-'FS Budapest'!I14)<0,"0",('FS Budapest'!I15-'FS Budapest'!I14)) -> 17 | J12: =IF(('FS Budapest'!K15-'FS Budapest'!K14)<0,"0",('FS Budapest'!K15-'FS Budapest'!K14)) -> 2 | K12: =IF(('FS Budapest'!M15-'FS Budapest'!M14)<0,"0",('FS Budapest'!M15-'FS Budapest'!M14)) -> 8 | L12: =IF(('FS Budapest'!O15-'FS Budapest'!O14)<0,"0",('FS Budapest'!O15-'FS Budapest'!O14)) -> 6 | M12: =IF(('FS Budapest'!Q15-'FS Budapest'!Q14)<0,"0",('FS Budapest'!Q15-'FS Budapest'!Q14)) -> 3 | N12: =IF(('FS Budapest'!S15-'FS Budapest'!S14)<0,"0",('FS Budapest'!S15-'FS Budapest'!S14)) -> 0 | O12: =IF(('FS Budapest'!V15-'FS Budapest'!V14)<0,"0",('FS Budapest'!V15-'FS Budapest'!V14)) -> 0 | P12: =IF(('FS Budapest'!X15-'FS Budapest'!X14)<0,"0",('FS Budapest'!X15-'FS Budapest'!X14)) -> 12 | Q12: ='FS Budapest'!AB15 -> 2 | R12: ='FS Budapest'!AE15 -> 5 | S12: ='FS Budapest'!AF15 -> 10 | T12: =IF(('FS Budapest'!AK15-'FS Budapest'!AK14)<0,"0",('FS Budapest'!AK15-'FS Budapest'!AK14)) -> 3528 | U12: =IF(('FS Budapest'!AM15-'FS Budapest'!AM14)<0,"0",('FS Budapest'!AM15-'FS Budapest'!AM14)) -> 30 | V12: =IF(('FS Budapest'!AO15-'FS Budapest'!AO14)<0,"0",('FS Budapest'!AO15-'FS Budapest'!AO14)) -> 560 | W12: =IF(('FS Budapest'!AQ15-'FS Budapest'!AQ14)<0,"0",('FS Budapest'!AQ15-'FS Budapest'!AQ14)) -> 0 | X12: ='FS Budapest'!AY15 -> 0 | Y12: =IF(('FS Budapest'!BA15-'FS Budapest'!BA14)<0,"0",('FS Budapest'!BA15-'FS Budapest'!BA14)*4400) -> 14212 | Z12: ='FS Budapest'!BI15 -> 14212 | AA12: ='FS Budapest'!BJ15 -> 13146 | AB12: =IF(('FS Budapest'!BK15-'FS Budapest'!BK14)<0,"0",('FS Budapest'!BK15-'FS Budapest'!BK14)*100) -> 1134 | AC12: ='FS Budapest'!BM15 -> 15346 | AD12: =IF(('FS Budapest'!BP15-'FS Budapest'!BP14)<0,"0",('FS Budapest'!BP15-'FS Budapest'!BP14)) -> 20 | AE12: =IF(('FS Budapest'!BR15-'FS Budapest'!BR14)<0,"0",('FS Budapest'!BR15-'FS Budapest'!BR14)) -> 1046 | AF12: ='FS Budapest'!BU15 -> 43 | AG12: ='FS Budapest'!BV15 -> 51
A13: Budapest | B13: =B12+1 -> 12 | C13: =C12 -> 1 | D13: =+D12 -> 2022 | E13: =IF(('FS Budapest'!C16-'FS Budapest'!C15)<0,"0",('FS Budapest'!C16-'FS Budapest'!C15)) -> 24 | F13: =IF(('FS Budapest'!D16-'FS Budapest'!D15)<0,"0",('FS Budapest'!D16-'FS Budapest'!D15)) -> 31 | G13: =IF(('FS Budapest'!E16-'FS Budapest'!Y16)<0,"0",('FS Budapest'!E16-'FS Budapest'!Y16)) -> 25 | H13: =IF(('FS Budapest'!H16-'FS Budapest'!H15)<0,"0",('FS Budapest'!H16-'FS Budapest'!H15)) -> 65 | I13: =IF(('FS Budapest'!I16-'FS Budapest'!I15)<0,"0",('FS Budapest'!I16-'FS Budapest'!I15)) -> 16 | J13: =IF(('FS Budapest'!K16-'FS Budapest'!K15)<0,"0",('FS Budapest'!K16-'FS Budapest'!K15)) -> 1 | K13: =IF(('FS Budapest'!M16-'FS Budapest'!M15)<0,"0",('FS Budapest'!M16-'FS Budapest'!M15)) -> 6 | L13: =IF(('FS Budapest'!O16-'FS Budapest'!O15)<0,"0",('FS Budapest'!O16-'FS Budapest'!O15)) -> 4 | M13: =IF(('FS Budapest'!Q16-'FS Budapest'!Q15)<0,"0",('FS Budapest'!Q16-'FS Budapest'!Q15)) -> 7 | N13: =IF(('FS Budapest'!S16-'FS Budapest'!S15)<0,"0",('FS Budapest'!S16-'FS Budapest'!S15)) -> 1 | O13: =IF(('FS Budapest'!V16-'FS Budapest'!V15)<0,"0",('FS Budapest'!V16-'FS Budapest'!V15)) -> 0 | P13: =IF(('FS Budapest'!X16-'FS Budapest'!X15)<0,"0",('FS Budapest'!X16-'FS Budapest'!X15)) -> 6 | Q13: ='FS Budapest'!AB16 -> 2 | R13: ='FS Budapest'!AE16 -> 1 | S13: ='FS Budapest'!AF16 -> 14 | T13: =IF(('FS Budapest'!AK16-'FS Budapest'!AK15)<0,"0",('FS Budapest'!AK16-'FS Budapest'!AK15)) -> 4102 | U13: =IF(('FS Budapest'!AM16-'FS Budapest'!AM15)<0,"0",('FS Budapest'!AM16-'FS Budapest'!AM15)) -> 18 | V13: =IF(('FS Budapest'!AO16-'FS Budapest'!AO15)<0,"0",('FS Budapest'!AO16-'FS Budapest'!AO15)) -> 567 | W13: =IF(('FS Budapest'!AQ16-'FS Budapest'!AQ15)<0,"0",('FS Budapest'!AQ16-'FS Budapest'!AQ15)) -> 0 | X13: ='FS Budapest'!AY16 -> 0 | Y13: =IF(('FS Budapest'!BA16-'FS Budapest'!BA15)<0,"0",('FS Budapest'!BA16-'FS Budapest'!BA15)*4400) -> 12716 | Z13: ='FS Budapest'!BI16 -> 12716 | AA13: ='FS Budapest'!BJ16 -> 12639 | AB13: =IF(('FS Budapest'!BK16-'FS Budapest'!BK15)<0,"0",('FS Budapest'!BK16-'FS Budapest'!BK15)*100) -> 1178 | AC13: ='FS Budapest'!BM16 -> 13894 | AD13: =IF(('FS Budapest'!BP16-'FS Budapest'!BP15)<0,"0",('FS Budapest'!BP16-'FS Budapest'!BP15)) -> 20 | AE13: =IF(('FS Budapest'!BR16-'FS Budapest'!BR15)<0,"0",('FS Budapest'!BR16-'FS Budapest'!BR15)) -> 57 | AF13: ='FS Budapest'!BU16 -> 51 | AG13: ='FS Budapest'!BV16 -> 63
A14: Budapest | B14: =B13+1 -> 13 | C14: =C13 -> 1 | D14: =+D13 -> 2022 | E14: =IF(('FS Budapest'!C17-'FS Budapest'!C16)<0,"0",('FS Budapest'!C17-'FS Budapest'!C16)) -> 24 | F14: =IF(('FS Budapest'!D17-'FS Budapest'!D16)<0,"0",('FS Budapest'!D17-'FS Budapest'!D16)) -> 39 | G14: =IF(('FS Budapest'!E17-'FS Budapest'!Y17)<0,"0",('FS Budapest'!E17-'FS Budapest'!Y17)) -> 26 | H14: =IF(('FS Budapest'!H17-'FS Budapest'!H16)<0,"0",('FS Budapest'!H17-'FS Budapest'!H16)) -> 70 | I14: =IF(('FS Budapest'!I17-'FS Budapest'!I16)<0,"0",('FS Budapest'!I17-'FS Budapest'!I16)) -> 16 | J14: =IF(('FS Budapest'!K17-'FS Budapest'!K16)<0,"0",('FS Budapest'!K17-'FS Budapest'!K16)) -> 3 | K14: =IF(('FS Budapest'!M17-'FS Budapest'!M16)<0,"0",('FS Budapest'!M17-'FS Budapest'!M16)) -> 7 | L14: =IF(('FS Budapest'!O17-'FS Budapest'!O16)<0,"0",('FS Budapest'!O17-'FS Budapest'!O16)) -> 7 | M14: =IF(('FS Budapest'!Q17-'FS Budapest'!Q16)<0,"0",('FS Budapest'!Q17-'FS Budapest'!Q16)) -> 3 | N14: =IF(('FS Budapest'!S17-'FS Budapest'!S16)<0,"0",('FS Budapest'!S17-'FS Budapest'!S16)) -> 1 | O14: =IF(('FS Budapest'!V17-'FS Budapest'!V16)<0,"0",('FS Budapest'!V17-'FS Budapest'!V16)) -> 0 | P14: =IF(('FS Budapest'!X17-'FS Budapest'!X16)<0,"0",('FS Budapest'!X17-'FS Budapest'!X16)) -> 13 | Q14: ='FS Budapest'!AB17 -> 5 | R14: ='FS Budapest'!AE17 -> 2 | S14: ='FS Budapest'!AF17 -> 11 | T14: =IF(('FS Budapest'!AK17-'FS Budapest'!AK16)<0,"0",('FS Budapest'!AK17-'FS Budapest'!AK16)) -> 3357 | U14: =IF(('FS Budapest'!AM17-'FS Budapest'!AM16)<0,"0",('FS Budapest'!AM17-'FS Budapest'!AM16)) -> 24 | V14: =IF(('FS Budapest'!AO17-'FS Budapest'!AO16)<0,"0",('FS Budapest'!AO17-'FS Budapest'!AO16)) -> 577 | W14: =IF(('FS Budapest'!AQ17-'FS Budapest'!AQ16)<0,"0",('FS Budapest'!AQ17-'FS Budapest'!AQ16)) -> 0 | X14: ='FS Budapest'!AY17 -> 0 | Y14: =IF(('FS Budapest'!BA17-'FS Budapest'!BA16)<0,"0",('FS Budapest'!BA17-'FS Budapest'!BA16)*4400) -> 13464 | Z14: ='FS Budapest'!BI17 -> 13464 | AA14: ='FS Budapest'!BJ17 -> 13008 | AB14: =IF(('FS Budapest'!BK17-'FS Budapest'!BK16)<0,"0",('FS Budapest'!BK17-'FS Budapest'!BK16)*100) -> 1126 | AC14: ='FS Budapest'!BM17 -> 14590 | AD14: =IF(('FS Budapest'!BP17-'FS Budapest'!BP16)<0,"0",('FS Budapest'!BP17-'FS Budapest'!BP16)) -> 21 | AE14: =IF(('FS Budapest'!BR17-'FS Budapest'!BR16)<0,"0",('FS Budapest'!BR17-'FS Budapest'!BR16)) -> 435 | AF14: ='FS Budapest'!BU17 -> 51 | AG14: ='FS Budapest'!BV17 -> 70
... A32: Budapest | B32: =B31+1 -> 31 | C32: =C31 -> 1 | D32: =+D31 -> 2022 | E32: =IF(('FS Budapest'!C35-'FS Budapest'!C34)<0,"0",('FS Budapest'!C35-'FS Budapest'!C34)) -> 28 | F32: =IF(('FS Budapest'!D35-'FS Budapest'!D34)<0,"0",('FS Budapest'!D35-'FS Budapest'!D34)) -> 32 | G32: =IF(('FS Budapest'!E35-'FS Budapest'!Y35)<0,"0",('FS Budapest'!E35-'FS Budapest'!Y35)) -> 22 | H32: =IF(('FS Budapest'!H35-'FS Budapest'!H34)<0,"0",('FS Budapest'!H35-'FS Budapest'!H34)) -> 78 | I32: =IF(('FS Budapest'!I35-'FS Budapest'!I34)<0,"0",('FS Budapest'!I35-'FS Budapest'!I34)) -> 25 | J32: =IF(('FS Budapest'!K35-'FS Budapest'!K34)<0,"0",('FS Budapest'!K35-'FS Budapest'!K34)) -> 4 | K32: =IF(('FS Budapest'!M35-'FS Budapest'!M34)<0,"0",('FS Budapest'!M35-'FS Budapest'!M34)) -> 4 | L32: =IF(('FS Budapest'!O35-'FS Budapest'!O34)<0,"0",('FS Budapest'!O35-'FS Budapest'!O34)) -> 5 | M32: =IF(('FS Budapest'!Q35-'FS Budapest'!Q34)<0,"0",('FS Budapest'!Q35-'FS Budapest'!Q34)) -> 7 | N32: =IF(('FS Budapest'!S35-'FS Budapest'!S34)<0,"0",('FS Budapest'!S35-'FS Budapest'!S34)) -> 5 | O32: =IF(('FS Budapest'!V35-'FS Budapest'!V34)<0,"0",('FS Budapest'!V35-'FS Budapest'!V34)) -> 0 | P32: =IF(('FS Budapest'!X35-'FS Budapest'!X34)<0,"0",('FS Budapest'!X35-'FS Budapest'!X34)) -> 10 | Q32: ='FS Budapest'!AB35 -> 4 | R32: ='FS Budapest'!AE35 -> 2 | S32: ='FS Budapest'!AF35 -> 19 | T32: =IF(('FS Budapest'!AK35-'FS Budapest'!AK34)<0,"0",('FS Budapest'!AK35-'FS Budapest'!AK34)) -> 3042 | U32: =IF(('FS Budapest'!AM35-'FS Budapest'!AM34)<0,"0",('FS Budapest'!AM35-'FS Budapest'!AM34)) -> 32 | V32: =IF(('FS Budapest'!AO35-'FS Budapest'!AO34)<0,"0",('FS Budapest'!AO35-'FS Budapest'!AO34)) -> 599 | W32: =IF(('FS Budapest'!AQ35-'FS Budapest'!AQ34)<0,"0",('FS Budapest'!AQ35-'FS Budapest'!AQ34)) -> 0 | X32: ='FS Budapest'!AY35 -> 0 | Y32: =IF(('FS Budapest'!BA35-'FS Budapest'!BA34)<0,"0",('FS Budapest'!BA35-'FS Budapest'!BA34)*4400) -> 13552 | Z32: ='FS Budapest'!BI35 -> 13552 | AA32: ='FS Budapest'!BJ35 -> 13517 | AB32: =IF(('FS Budapest'!BK35-'FS Budapest'!BK34)<0,"0",('FS Budapest'!BK35-'FS Budapest'!BK34)*100) -> 793 | AC32: ='FS Budapest'!BM35 -> 14345 | AD32: =IF(('FS Budapest'!BP35-'FS Budapest'!BP34)<0,"0",('FS Budapest'!BP35-'FS Budapest'!BP34)) -> 16 | AE32: =IF(('FS Budapest'!BR35-'FS Budapest'!BR34)<0,"0",('FS Budapest'!BR35-'FS Budapest'!BR34)) -> 19 | AF32: ='FS Budapest'!BU35 -> 40 | AG32: ='FS Budapest'!BV35 -> 49

Sheet FS Budapest
B1: WATER (Víz)& SEWAGE | AK1: GAS (Gáz) | AW1: Villany / Electricity | BU1: Room Nights | BV1: Room Nights
C2: 1. supply water | E2: hotel | H2: 2.supply | I2: laundry | K2: kitchen | M2: DHW kitchen | O2: DHW hotel | Q2: steam pit | S2: boiler cooling | U2: left steam supply | V2: right steam supply | X2: tower | Z2: pool | AA2: jacuzzi | AC2: 1.garage supply | AD2: 2.garage supply | AK2: 1.gas supply | AM2: 2.gas supply | AO2: steam boiler 1 | AQ2: steam boiler 2 | AW2: Elec supply1. | AZ2: Elec supply2. | BK2: garage | BP2: chiller1 | BR2: chiller2
C3: B074 Nagy | D3: B074 Szálloda | E3: B074 szálloda napi+torony | F3: B074 szálloda napi-torony | H3: B057 Nagy | I3: B074 mosoda víz | J3: B074 mosoda víz napi | K3: B054 konyha | L3: B054 konyha napi | M3: HMV konyha | N3: ösz | O3: HMV szálloda | P3: ösz | Q3: B 105 Gőzakna | R3: /Pit/ Gőzakna össz | S3: Kazán hűtővíz | T3: Kazán hűtővíz össz | U3: kazán tápvíz ball | V3: kazán tápvíz jobb | W3: kazán tápvíz össz | X3: CT-PÓTVÍZ | Y3: CT-PÓTVÍZ össz | Z3: Úszó medence | AA3: Jakuczi medence | AB3: SPA össz | AC3: Garázs kicsi | AD3: Garázs nagy | AE3: garázs össz | AF3: Gőz össz. | AG3: össz: | AH3: [össz] | AI3: Tervezett | AJ3: Megvalósult | AK3: 1 mérő | AL3: 1-es mérő napi fogy. | AM3: 2 mérő | AN3: 2-es mérő napi fogy. | AO3: Gőzkazán 1 | AQ3: Gőzkazán 2 | AS3: össz: | AT3: [össz] | AU3: Tervezett | AV3: Megvalósult | AW3: 8.2 | AX3: 18 | AY3: 1-es mérő napifogy. | AZ3: 8.2 | BA3: 18 | BB3: 2-es mérő napifogy. | BC3: 8.2 össz | BD3: ÉJSZAKAI INPULZUS [8.2 össz] | BE3: ÉJSZAKAI FOGYASZTÁS KWh | BF3: 8.3 össz | BG3: NAPPALI INPULZUS [8.3 össz] | BH3: NAPPALI FOGYASZTÁS KWh | BI3: hotel absolut napi fogyasztás KWh | BJ3: hotel absolut napi fogyasztás-hütők KWh | BK3: 18 GARAGE | BL3: GARAGE NAPI FOGYASZTÁS KWh | BM3: GARAGE + PALACE SUMMA DAYLI KWh | BN3: Tervezett | BO3: Megvalósult | BP3: HŰTŐ 1 | BQ3: HŰTŐ 1 NAPI | BR3: HŰTŐ 2 | BS3: HŰTŐ 2 NAPI | BT3: HŰTŐ 1+2 NAPI | BU3: Room Nights | BV3: # Guests
A4: 30 | C4: 86697 | D4: 258884 | E4: 90 | F4: 64 | G4: 0 | H4: 162823 | I4: 81890 | J4: 16 | K4: 16892 | L4: 3 | M4: 3052 | N4: 11 | O4: 3403 | P4: 18 | Q4: 58895 | R4: 0 | S4: 25531 | T4: 0 | U4: 10408 | V4: 2366 | W4: 6 | X4: 46636 | Y4: 26 | Z4: 8453 | AA4: 7361 | AB4: 3 | AC4: 3180 | AD4: 2095 | AE4: 2 | AF4: 6 | AG4: 249520 | AH4: 150 | AI4: 140 | AJ4: -10 | AK4: 444083 | AL4: 2067 | AM4: 5135 | AN4: 45 | AO4: 198373 | AP4: 521 | AQ4: 184760 | AR4: 0 | AS4: 451285 | AT4: 2112 | AU4: 2700 | AV4: 588 | AW4: 0.01 | AX4: 0 | AY4: 0 | AZ4: 0 | BA4: 1926.14 | BB4: 14916 | BC4: 0.01 | BD4: 0 | BE4: 0 | BF4: 1926.14 | BG4: 3.39 | BH4: 14916 | BI4: 14916 | BJ4: 14880 | BK4: 4288.8 | BL4: 1070 | BM4: 15986 | BN4: 17500 | BO4: 1514 | BP4: 3140354 | BQ4: 20 | BR4: 4380552 | BS4: 16 | BT4: 36 | BU4: 100 | BV4: 196
A5: 1 | B5: 0 | C5: 86725 | D5: 258975 | E5: 91 | F5: 81 | H5: 162914 | I5: 81899 | J5: 9 | K5: 16895 | L5: 3 | M5: 3065 | N5: 13 | O5: 3421 | P5: 18 | Q5: 58895 | R5: 0 | S5: 25533 | T5: 0 | U5: 10409 | V5: 2366 | W5: 7 | X5: 46672 | Y5: 10 | Z5: 8455 | AA5: 7362 | AB5: 2 | AC5: 3181 | AD5: 2095 | AE5: 0 | AF5: 8 | AG5: 249639 | AH5: 119 | AI5: 125 | AJ5: 6 | AK5: 445868 | AL5: 1785 | AM5: 5187 | AN5: 28 | AO5: 198494 | AP5: 121 | AQ5: 184760 | AR5: 0 | AS5: 452840 | AT5: 1813 | AU5: 2900 | AV5: 1087 | AW5: 0.01 | AX5: 0 | AY5: 0 | AZ5: 0 | BA5: 1929.52 | BB5: 14872 | BC5: 0.01 | BD5: 0 | BE5: 0 | BF5: 1929.52 | BG5: 3.38 | BH5: 14872 | BI5: 14872 | BJ5: 14840 | BK5: 4304.43 | BL5: 1563 | BM5: 16435 | BN5: 16000 | BO5: -435 | BP5: 3140374 | BQ5: 20 | BR5: 4380565 | BS5: 12 | BT5: 32 | BU5: 82 | BV5: 161
A6: 2 | B6: 0 | C6: 86752 | D6: 259041 | E6: 66 | F6: 46 | H6: 162996 | I6: 81900 | J6: 1 | K6: 16899 | L6: 4 | M6: 3073 | N6: 8 | O6: 3436 | P6: 15 | Q6: 58896 | R6: 1 | S6: 25534 | T6: 1 | U6: 10413 | V6: 2366 | W6: 4 | X6: 46692 | Y6: 20 | Z6: 8457 | AA6: 7362 | AB6: 2 | AC6: 3184 | AD6: 2096 | AE6: 4 | AF6: 6 | AG6: 249748 | AH6: 109 | AI6: 125 | AJ6: 16 | AK6: 448094 | AL6: 2226 | AM6: 5219 | AN6: 32 | AO6: 198831 | AP6: 337 | AQ6: 184760 | AR6: 0 | AS6: 455539 | AT6: 2258 | AU6: 2900 | AV6: 642 | AW6: 0.01 | AX6: 0 | AY6: 0 | AZ6: 0 | BA6: 1932.78 | BB6: 14344 | BC6: 0.01 | BD6: 0 | BE6: 0 | BF6: 1932.78 | BG6: 3.26 | BH6: 14344 | BI6: 14344 | BJ6: 14308 | BK6: 4313.89 | BL6: 946 | BM6: 15290 | BN6: 16000 | BO6: 710 | BP6: 3140394 | BQ6: 20 | BR6: 4380581 | BS6: 16 | BT6: 36 | BU6: 73 | BV6: 136
A7: 3 | C7: 86783 | D7: 259093 | E7: 52 | F7: 44 | H7: 163072 | I7: 81919 | J7: 19 | K7: 16903 | L7: 4 | M7: 3082 | N7: 9 | O7: 3448 | P7: 12 | Q7: 58898 | R7: 2 | S7: 25535 | T7: 1 | U7: 10420 | V7: 2366 | W7: 7 | X7: 46700 | Y7: 8 | Z7: 8460 | AA7: 7363 | AB7: 4 | AC7: 3185 | AD7: 2097 | AE7: 2 | AF7: 10 | AG7: 249855 | AH7: 107 | AI7: 125 | AJ7: 18 | AK7: 450206 | AL7: 2112 | AM7: 5254 | AN7: 35 | AO7: 199375 | AP7: 544 | AQ7: 184760 | AR7: 0 | AS7: 457572 | AT7: 2147 | AU7: 2900 | AV7: 753 | AW7: 0.01 | AX7: 0 | AY7: 0 | AZ7: 0 | BA7: 1935.51 | BB7: 12012 | BC7: 0.01 | BD7: 0 | BE7: 0 | BF7: 1935.51 | BG7: 2.73 | BH7: 12012 | BI7: 12012 | BJ7: 11976 | BK7: 4324.04 | BL7: 1015 | BM7: 13027 | BN7: 16000 | BO7: 2973 | BP7: 3140414 | BQ7: 20 | BR7: 4380597 | BS7: 16 | BT7: 36 | BU7: 72 | BV7: 133
A8: 4 | C8: 86811 | D8: 259140 | E8: 47 | F8: 40 | H8: 163152 | I8: 81938 | J8: 19 | K8: 16906 | L8: 3 | M8: 3089 | N8: 7 | O8: 3462 | P8: 14 | Q8: 58900 | R8: 2 | S8: 25536 | T8: 1 | U8: 10426 | V8: 2366 | W8: 6 | X8: 46707 | Y8: 7 | Z8: 8462 | AA8: 7363 | AB8: 2 | AC8: 3186 | AD8: 2099 | AE8: 3 | AF8: 9 | AG8: 249963 | AH8: 108 | AI8: 125 | AJ8: 17 | AK8: 452351 | AL8: 2145 | AM8: 5295 | AN8: 41 | AO8: 199888 | AP8: 513 | AQ8: 184761 | AR8: 1 | AS8: 459791 | AT8: 2186 | AU8: 2900 | AV8: 714 | AW8: 0.01 | AX8: 0 | AY8: 0 | AZ8: 0 | BA8: 1938.34 | BB8: 12452 | BC8: 0.01 | BD8: 0 | BE8: 0 | BF8: 1938.34 | BG8: 2.83 | BH8: 12452 | BI8: 12452 | BJ8: 11979 | BK8: 4333.66 | BL8: 962 | BM8: 13414 | BN8: 16000 | BO8: 2586 | BP8: 3140434 | BQ8: 20 | BR8: 4381050 | BS8: 453 | BT8: 473 | BU8: 74 | BV8: 131
A9: 5 | C9: 86839 | D9: 259183 | E9: 43 | F9: 39 | H9: 163222 | I9: 81958 | J9: 20 | K9: 16909 | L9: 3 | M9: 3098 | N9: 9 | O9: 3474 | P9: 12 | Q9: 58902 | R9: 2 | S9: 25536 | T9: 0 | U9: 10433 | V9: 2366 | W9: 7 | X9: 46711 | Y9: 4 | Z9: 8464 | AA9: 7364 | AB9: 3 | AC9: 3187 | AD9: 2100 | AE9: 2 | AF9: 9 | AG9: 250061 | AH9: 98 | AI9: 125 | AJ9: 27 | AK9: 454704 | AL9: 2353 | AM9: 5332 | AN9: 37 | AO9: 200475 | AP9: 587 | AQ9: 184761 | AR9: 0 | AS9: 462389 | AT9: 2390 | AU9: 2900 | AV9: 510 | AW9: 0.01 | AX9: 0 | AY9: 0 | AZ9: 0 | BA9: 1941.17 | BB9: 12452 | BC9: 0.01 | BD9: 0 | BE9: 0 | BF9: 1941.17 | BG9: 2.83 | BH9: 12452 | BI9: 12452 | BJ9: 12060 | BK9: 4344.18 | BL9: 1052 | BM9: 13504 | BN9: 16000 | BO9: 2496 | BP9: 3140455 | BQ9: 21 | BR9: 4381421 | BS9: 371 | BT9: 392 | BU9: 55 | BV9: 89
A10: 6 | C10: 86866 | D10: 259219 | E10: 36 | F10: 34 | H10: 163290 | I10: 81978 | J10: 20 | K10: 16912 | L10: 3 | M10: 3106 | N10: 8 | O10: 3483 | P10: 9 | Q10: 58904 | R10: 2 | S10: 25537 | T10: 1 | U10: 10439 | V10: 2366 | W10: 6 | X10: 46713 | Y10: 2 | Z10: 8466 | AA10: 7365 | AB10: 3 | AC10: 3188 | AD10: 2101 | AE10: 2 | AF10: 9 | AG10: 250156 | AH10: 95 | AI10: 125 | AJ10: 30 | AK10: 457785 | AL10: 3081 | AM10: 5371 | AN10: 39 | AO10: 200986 | AP10: 511 | AQ10: 184761 | AR10: 0 | AS10: 466237 | AT10: 3120 | AU10: 2900 | AV10: -220 | AW10: 0.01 | AX10: 0 | AY10: 0 | AZ10: 0 | BA10: 1943.95 | BB10: 12232 | BC10: 0.01 | BD10: 0 | BE10: 0 | BF10: 1943.95 | BG10: 2.78 | BH10: 12232 | BI10: 12232 | BJ10: 12192 | BK10: 4354.55 | BL10: 1037 | BM10: 13269 | BN10: 16000 | BO10: 2731 | BP10: 3140475 | BQ10: 20 | BR10: 4381441 | BS10: 20 | BT10: 40 | BU10: 54 | BV10: 91
A11: 7 | C11: 86891 | D11: 259263 | E11: 44 | F11: 44 | H11: 163363 | I11: 81993 | J11: 15 | K11: 16914 | L11: 2 | M11: 3116 | N11: 10 | O11: 3492 | P11: 9 | Q11: 58905 | R11: 1 | S11: 25538 | T11: 1 | U11: 10445 | V11: 2366 | W11: 6 | X11: 46713 | Y11: 0 | Z11: 8469 | AA11: 7365 | AB11: 3 | AC11: 3190 | AD11: 2103 | AE11: 4 | AF11: 8 | AG11: 250254 | AH11: 98 | AI11: 125 | AJ11: 27 | AK11: 461086 | AL11: 3301 | AM11: 5416 | AN11: 45 | AO11: 201478 | AP11: 492 | AQ11: 184761 | AR11: 0 | AS11: 469803 | AT11: 3346 | AU11: 2900 | AV11: -446 | AW11: 0.01 | AX11: 0 | AY11: 0 | AZ11: 0 | BA11: 1947 | BB11: 13420 | BC11: 0.01 | BD11: 0 | BE11: 0 | BF11: 1947 | BG11: 3.05 | BH11: 13420 | BI11: 13420 | BJ11: 12663 | BK11: 4367.3 | BL11: 1275 | BM11: 14695 | BN11: 16000 | BO11: 1305 | BP11: 3140496 | BQ11: 21 | BR11: 4382177 | BS11: 736 | BT11: 757 | BU11: 50 | BV11: 84
A12: 8 | C12: 86909 | D12: 259297 | E12: 34 | F12: 23 | H12: 163416 | I12: 81995 | J12: 2 | K12: 16917 | L12: 3 | M12: 3125 | N12: 9 | O12: 3500 | P12: 8 | Q12: 58905 | R12: 0 | S12: 25538 | T12: 0 | U12: 10446 | V12: 2366 | W12: 1 | X12: 46724 | Y12: 11 | Z12: 8471 | AA12: 7366 | AB12: 3 | AC12: 3191 | AD12: 2104 | AE12: 2 | AF12: 1 | AG12: 250325 | AH12: 71 | AI12: 125 | AJ12: 54 | AK12: 464239 | AL12: 3153 | AM12: 5455 | AN12: 39 | AO12: 201576 | AP12: 98 | AQ12: 184761 | AR12: 0 | AS12: 472847 | AT12: 3192 | AU12: 2900 | AV12: -292 | AW12: 0.01 | AX12: 0 | AY12: 0 | AZ12: 0 | BA12: 1949.93 | BB12: 12892 | BC12: 0.01 | BD12: 0 | BE12: 0 | BF12: 1949.93 | BG12: 2.93 | BH12: 12892 | BI12: 12892 | BJ12: 12851 | BK12: 4380.35 | BL12: 1305 | BM12: 14197 | BN12: 16000 | BO12: 1803 | BP12: 3140517 | BQ12: 21 | BR12: 4382197 | BS12: 20 | BT12: 41 | BU12: 55 | BV12: 84
A13: 9 | C13: 86923 | D13: 259328 | E13: 31 | F13: 28 | H13: 163459 | I13: 81997 | J13: 2 | K13: 16919 | L13: 2 | M13: 3133 | N13: 8 | O13: 3507 | P13: 7 | Q13: 58905 | R13: 0 | S13: 25539 | T13: 1 | U13: 10447 | V13: 2366 | W13: 1 | X13: 46727 | Y13: 3 | Z13: 8473 | AA13: 7366 | AB13: 2 | AC13: 3192 | AD13: 2104 | AE13: 1 | AF13: 2 | AG13: 250382 | AH13: 57 | AI13: 125 | AJ13: 68 | AK13: 467216 | AL13: 2977 | AM13: 5491 | AN13: 36 | AO13: 201683 | AP13: 107 | AQ13: 184761 | AR13: 0 | AS13: 475684 | AT13: 3013 | AU13: 2900 | AV13: -113 | AW13: 0.01 | AX13: 0 | AY13: 0 | AZ13: 0 | BA13: 1952.62 | BB13: 11836 | BC13: 0.01 | BD13: 0 | BE13: 0 | BF13: 1952.62 | BG13: 2.69 | BH13: 11836 | BI13: 11836 | BJ13: 11796 | BK13: 4390.7 | BL13: 1035 | BM13: 12871 | BN13: 16000 | BO13: 3129 | BP13: 3140537 | BQ13: 20 | BR13: 4382217 | BS13: 20 | BT13: 40 | BU13: 42 | BV13: 55
A14: 10 | C14: 86949 | D14: 259364 | E14: 36 | F14: 24 | H14: 163532 | I14: 82017 | J14: 20 | K14: 16921 | L14: 2 | M14: 3142 | N14: 9 | O14: 3512 | P14: 5 | Q14: 58907 | R14: 2 | S14: 25540 | T14: 1 | U14: 10453 | V14: 2367 | W14: 7 | X14: 46739 | Y14: 12 | Z14: 8476 | AA14: 7367 | AB14: 4 | AC14: 3193 | AD14: 2105 | AE14: 2 | AF14: 10 | AG14: 250481 | AH14: 99 | AI14: 125 | AJ14: 26 | AK14: 470548 | AL14: 3332 | AM14: 5517 | AN14: 26 | AO14: 202259 | AP14: 576 | AQ14: 184761 | AR14: 0 | AS14: 479397 | AT14: 3358 | AU14: 2900 | AV14: -458 | AW14: 0.01 | AX14: 0 | AY14: 0 | AZ14: 0 | BA14: 1955.7 | BB14: 13552 | BC14: 0.01 | BD14: 0 | BE14: 0 | BF14: 1955.7 | BG14: 3.08 | BH14: 13552 | BI14: 13552 | BJ14: 12525 | BK14: 4402.59 | BL14: 1189 | BM14: 14741 | BN14: 16000 | BO14: 1259 | BP14: 3140557 | BQ14: 20 | BR14: 4383224 | BS14: 1007 | BT14: 1027 | BU14: 41 | BV14: 51
A15: 11 | C15: 86973 | D15: 259399 | E15: 35 | F15: 23 | H15: 163599 | I15: 82034 | J15: 17 | K15: 16923 | L15: 2 | M15: 3150 | N15: 8 | O15: 3518 | P15: 6 | Q15: 58910 | R15: 3 | S15: 25540 | T15: 0 | U15: 10460 | V15: 2367 | W15: 7 | X15: 46751 | Y15: 12 | Z15: 8478 | AA15: 7367 | AB15: 2 | AC15: 3195 | AD15: 2108 | AE15: 5 | AF15: 10 | AG15: 250572 | AH15: 91 | AI15: 125 | AJ15: 34 | AK15: 474076 | AL15: 3528 | AM15: 5547 | AN15: 30 | AO15: 202819 | AP15: 560 | AQ15: 184761 | AR15: 0 | AS15: 483151 | AT15: 3558 | AU15: 2900 | AV15: -658 | AW15: 0.01 | AX15: 0 | AY15: 0 | AZ15: 0 | BA15: 1958.93 | BB15: 14212 | BC15: 0.01 | BD15: 0 | BE15: 0 | BF15: 1958.93 | BG15: 3.23 | BH15: 14212 | BI15: 14212 | BJ15: 13146 | BK15: 4413.93 | BL15: 1134 | BM15: 15346 | BN15: 16000 | BO15: 654 | BP15: 3140577 | BQ15: 20 | BR15: 4384270 | BS15: 1046 | BT15: 1066 | BU15: 43 | BV15: 51
A16: 12 | C16: 86997 | D16: 259430 | E16: 31 | F16: 25 | H16: 163664 | I16: 82050 | J16: 16 | K16: 16924 | L16: 1 | M16: 3156 | N16: 6 | O16: 3522 | P16: 4 | Q16: 58917 | R16: 7 | S16: 25541 | T16: 1 | U16: 10466 | V16: 2367 | W16: 6 | X16: 46757 | Y16: 6 | Z16: 8479 | AA16: 7368 | AB16: 2 | AC16: 3196 | AD16: 2108 | AE16: 1 | AF16: 14 | AG16: 250661 | AH16: 89 | AI16: 125 | AJ16: 36 | AK16: 478178 | AL16: 4102 | AM16: 5565 | AN16: 18 | AO16: 203386 | AP16: 567 | AQ16: 184761 | AR16: 0 | AS16: 487845 | AT16: 4120 | AU16: 2900 | AV16: -1220 | AW16: 0.01 | AX16: 0 | AY16: 0 | AZ16: 0 | BA16: 1961.82 | BB16: 12716 | BC16: 0.01 | BD16: 0 | BE16: 0 | BF16: 1961.82 | BG16: 2.89 | BH16: 12716 | BI16: 12716 | BJ16: 12639 | BK16: 4425.71 | BL16: 1178 | BM16: 13894 | BN16: 16000 | BO16: 2106 | BP16: 3140597 | BQ16: 20 | BR16: 4384327 | BS16: 57 | BT16: 77 | BU16: 51 | BV16: 63
A17: 13 | C17: 87021 | D17: 259469 | E17: 39 | F17: 26 | H17: 163734 | I17: 82066 | J17: 16 | K17: 16927 | L17: 3 | M17: 3163 | N17: 7 | O17: 3529 | P17: 7 | Q17: 58920 | R17: 3 | S17: 25542 | T17: 1 | U17: 10473 | V17: 2367 | W17: 7 | X17: 46770 | Y17: 13 | Z17: 8483 | AA17: 7369 | AB17: 5 | AC17: 3197 | AD17: 2109 | AE17: 2 | AF17: 11 | AG17: 250755 | AH17: 94 | AI17: 125 | AJ17: 31 | AK17: 481535 | AL17: 3357 | AM17: 5589 | AN17: 24 | AO17: 203963 | AP17: 577 | AQ17: 184761 | AR17: 0 | AS17: 490481 | AT17: 3381 | AU17: 2900 | AV17: -481 | AW17: 0.01 | AX17: 0 | AY17: 0 | AZ17: 0 | BA17: 1964.88 | BB17: 13464 | BC17: 0.01 | BD17: 0 | BE17: 0 | BF17: 1964.88 | BG17: 3.06 | BH17: 13464 | BI17: 13464 | BJ17: 13008 | BK17: 4436.97 | BL17: 1126 | BM17: 14590 | BN17: 16000 | BO17: 1410 | BP17: 3140618 | BQ17: 21 | BR17: 4384762 | BS17: 435 | BT17: 456 | BU17: 51 | BV17: 70
A18: 14 | C18: 87036 | D18: 259499 | E18: 30 | F18: 27 | H18: 163782 | I18: 82069 | J18: 3 | K18: 16931 | L18: 4 | M18: 3171 | N18: 8 | O18: 3536 | P18: 7 | Q18: 58920 | R18: 0 | S18: 25542 | T18: 0 | U18: 10474 | V18: 2367 | W18: 1 | X18: 46773 | Y18: 3 | Z18: 8485 | AA18: 7369 | AB18: 2 | AC18: 3198 | AD18: 2110 | AE18: 2 | AF18: 1 | AG18: 250818 | AH18: 63 | AI18: 125 | AJ18: 62 | AK18: 484031 | AL18: 2496 | AM18: 5618 | AN18: 29 | AO18: 204087 | AP18: 124 | AQ18: 184761 | AR18: 0 | AS18: 492145 | AT18: 2525 | AU18: 2900 | AV18: 375 | AW18: 0.01 | AX18: 0 | AY18: 0 | AZ18: 0 | BA18: 1967.86 | BB18: 13112 | BC18: 0.01 | BD18: 0 | BE18: 0 | BF18: 1967.86 | BG18: 2.98 | BH18: 13112 | BI18: 13112 | BJ18: 12591 | BK18: 4448.53 | BL18: 1156 | BM18: 14268 | BN18: 16000 | BO18: 1732 | BP18: 3140638 | BQ18: 20 | BR18: 4385263 | BS18: 501 | BT18: 521 | BU18: 45 | BV18: 69
... A34: 30 | C34: 87343 | D34: 259993 | E34: 39 | F34: 26 | H34: 164687 | I34: 82226 | J34: 4 | K34: 16997 | L34: 3 | M34: 3269 | N34: 6 | O34: 3633 | P34: 9 | Q34: 58941 | R34: 0 | S34: 25552 | T34: 1 | U34: 10526 | V34: 2367 | W34: 1 | X34: 46915 | Y34: 13 | Z34: 8520 | AA34: 7378 | AB34: 3 | AC34: 3214 | AD34: 2125 | AE34: 4 | AF34: 2 | AG34: 252030 | AH34: 16 | AI34: 125 | AJ34: 109 | AK34: 534656 | AL34: 2459 | AM34: 6075 | AN34: 27 | AO34: 208821 | AP34: 103 | AQ34: 184761 | AR34: 0 | AS34: 543190 | AT34: 2486 | AU34: 2900 | AV34: 414 | AW34: 0.01 | AX34: 0 | AY34: 0 | AZ34: 0 | BA34: 2018.02 | BB34: 14388 | BC34: 0.01 | BD34: 0 | BE34: 0 | BF34: 2018.02 | BG34: 3.27 | BH34: 14388 | BI34: 14388 | BJ34: 14346 | BK34: 4662.2 | BL34: 797 | BM34: 15185 | BN34: 16000 | BO34: 815 | BP34: 3140987 | BQ34: 23 | BR34: 4389023 | BS34: 19 | BT34: 42 | BU34: 41 | BV34: 55
A35: 31 | C35: 87371 | D35: 260025 | E35: 32 | F35: 22 | H35: 164765 | I35: 82251 | J35: 25 | K35: 17001 | L35: 4 | M35: 3273 | N35: 4 | O35: 3638 | P35: 5 | Q35: 58948 | R35: 7 | S35: 25557 | T35: 5 | U35: 10533 | V35: 2367 | W35: 7 | X35: 46925 | Y35: 10 | Z35: 8523 | AA35: 7379 | AB35: 4 | AC35: 3215 | AD35: 2126 | AE35: 2 | AF35: 19 | AG35: 252136 | AH35: 106 | AI35: 125 | AJ35: 19 | AK35: 537698 | AL35: 3042 | AM35: 6107 | AN35: 32 | AO35: 209420 | AQ35: 184761 | AS35: 546847 | AT35: 3074 | AU35: 2901 | AV35: -173 | AW35: 0.01 | AX35: 0 | AY35: 0 | AZ35: 0 | BA35: 2021.1 | BB35: 13552 | BC35: 0.01 | BD35: 0 | BE35: 0 | BF35: 2021.1 | BG35: 3.08 | BH35: 13552 | BI35: 13552 | BJ35: 13517 | BK35: 4670.13 | BL35: 793 | BM35: 14345 | BN35: 16000 | BO35: 1655 | BP35: 3141003 | BQ35: 16 | BR35: 4389042 | BS35: 19 | BT35: 35 | BU35: 40 | BV35: 49
