Workbook

Sheet TOTAL
A1: Site Name | B1: Day | C1: Month | D1: Year | E1: Total Electricity Kwh | F1: Electricity Tariff ($/Kwh) | G1: LPG (Kg) | H1: LPG $/Kg | I1: Total Fuel Oil (Liters) | J1: Fuel Oil $/Liter | K1: Water Utility Supply (m3) m3 | L1: Water Utility Supply (m3) $/m3 | M1: Room Nights | N1: Food Covers
A2: Bali Jimbaran | B2: 1 | C2: 2 | D2: 2021 | E2: ='FS Jimbaran February 2021'!P12 -> 14020 | F2: ='FS Jimbaran February 2021'!O12/'FS Jimbaran February 2021'!P12 -> 1177.5533 | G2: ='FS Jimbaran February 2021'!AG12 -> 112 | H2: ='FS Jimbaran February 2021'!AH12/'FS Jimbaran February 2021'!AG12 -> 11094.54 | I2: ='FS Jimbaran February 2021'!AJ12 -> 382.4 | J2: ='FS Jimbaran February 2021'!AK12/'FS Jimbaran February 2021'!AJ12 -> 8600 | K2: ='FS Jimbaran February 2021'!V12 -> 965 | L2: ='FS Jimbaran February 2021'!AA12/'FS Jimbaran February 2021'!V12 -> 1823.9697 | M2: 0 | N2: 38
A3: Bali Jimbaran | B3: =B2+1 -> 2 | C3: 2 | D3: 2021 | E3: ='FS Jimbaran February 2021'!P13 -> 13680 | F3: ='FS Jimbaran February 2021'!O13/'FS Jimbaran February 2021'!P13 -> 1183.7648 | G3: ='FS Jimbaran February 2021'!AG13 -> 112 | H3: ='FS Jimbaran February 2021'!AH13/'FS Jimbaran February 2021'!AG13 -> 11094.54 | I3: ='FS Jimbaran February 2021'!AJ13 -> 348.1 | J3: ='FS Jimbaran February 2021'!AK13/'FS Jimbaran February 2021'!AJ13 -> 8600 | K3: ='FS Jimbaran February 2021'!V13 -> 903 | L3: ='FS Jimbaran February 2021'!AA13/'FS Jimbaran February 2021'!V13 -> 3563.0908 | M3: 1 | N3: 44
A4: Bali Jimbaran | B4: =B3+1 -> 3 | C4: 2 | D4: 2021 | E4: ='FS Jimbaran February 2021'!P14 -> 17780 | F4: ='FS Jimbaran February 2021'!O14/'FS Jimbaran February 2021'!P14 -> 1157.9123 | G4: ='FS Jimbaran February 2021'!AG14 -> 112 | H4: ='FS Jimbaran February 2021'!AH14/'FS Jimbaran February 2021'!AG14 -> 11094.54 | I4: ='FS Jimbaran February 2021'!AJ14 -> 325.4 | J4: ='FS Jimbaran February 2021'!AK14/'FS Jimbaran February 2021'!AJ14 -> 8600 | K4: ='FS Jimbaran February 2021'!V14 -> 952 | L4: ='FS Jimbaran February 2021'!AA14/'FS Jimbaran February 2021'!V14 -> 2999.4881 | M4: 1 | N4: 27
A5: Bali Jimbaran | B5: =B4+1 -> 4 | C5: 2 | D5: 2021 | E5: ='FS Jimbaran February 2021'!P15 -> 11540 | F5: ='FS Jimbaran February 2021'!O15/'FS Jimbaran February 2021'!P15 -> 1196.8914 | G5: ='FS Jimbaran February 2021'!AG15 -> 112 | H5: ='FS Jimbaran February 2021'!AH15/'FS Jimbaran February 2021'!AG15 -> 11094.54 | I5: ='FS Jimbaran February 2021'!AJ15 -> 316 | J5: ='FS Jimbaran February 2021'!AK15/'FS Jimbaran February 2021'!AJ15 -> 8600 | K5: ='FS Jimbaran February 2021'!V15 -> 942 | L5: ='FS Jimbaran February 2021'!AA15/'FS Jimbaran February 2021'!V15 -> 2712.243 | M5: 1 | N5: 11
A6: Bali Jimbaran | B6: =B5+1 -> 5 | C6: 2 | D6: 2021 | E6: ='FS Jimbaran February 2021'!P16 -> 10920 | F6: ='FS Jimbaran February 2021'!O16/'FS Jimbaran February 2021'!P16 -> 1202.1024 | G6: ='FS Jimbaran February 2021'!AG16 -> 112 | H6: ='FS Jimbaran February 2021'!AH16/'FS Jimbaran February 2021'!AG16 -> 11094.54 | I6: ='FS Jimbaran February 2021'!AJ16 -> 347 | J6: ='FS Jimbaran February 2021'!AK16/'FS Jimbaran February 2021'!AJ16 -> 8600 | K6: ='FS Jimbaran February 2021'!V16 -> 926 | L6: ='FS Jimbaran February 2021'!AA16/'FS Jimbaran February 2021'!V16 -> 3958.3481 | M6: 1 | N6: 46
A7: Bali Jimbaran | B7: =B6+1 -> 6 | C7: 2 | D7: 2021 | E7: ='FS Jimbaran February 2021'!P17 -> 12920 | F7: ='FS Jimbaran February 2021'!O17/'FS Jimbaran February 2021'!P17 -> 1180.1639 | G7: ='FS Jimbaran February 2021'!AG17 -> 112 | H7: ='FS Jimbaran February 2021'!AH17/'FS Jimbaran February 2021'!AG17 -> 11094.54 | I7: ='FS Jimbaran February 2021'!AJ17 -> 397.1 | J7: ='FS Jimbaran February 2021'!AK17/'FS Jimbaran February 2021'!AJ17 -> 8600 | K7: ='FS Jimbaran February 2021'!V17 -> 927 | L7: ='FS Jimbaran February 2021'!AA17/'FS Jimbaran February 2021'!V17 -> 4103.808 | M7: 0 | N7: 27
A8: Bali Jimbaran | B8: =B7+1 -> 7 | C8: 2 | D8: 2021 | E8: ='FS Jimbaran February 2021'!P18 -> 13400 | F8: ='FS Jimbaran February 2021'!O18/'FS Jimbaran February 2021'!P18 -> 1180.9051 | G8: ='FS Jimbaran February 2021'!AG18 -> 112 | H8: ='FS Jimbaran February 2021'!AH18/'FS Jimbaran February 2021'!AG18 -> 11094.54 | I8: ='FS Jimbaran February 2021'!AJ18 -> 387.4 | J8: ='FS Jimbaran February 2021'!AK18/'FS Jimbaran February 2021'!AJ18 -> 8600 | K8: ='FS Jimbaran February 2021'!V18 -> 934 | L8: ='FS Jimbaran February 2021'!AA18/'FS Jimbaran February 2021'!V18 -> 3838.1665 | M8: 0 | N8: 61
A9: Bali Jimbaran | B9: =B8+1 -> 8 | C9: 2 | D9: 2021 | E9: ='FS Jimbaran February 2021'!P19 -> 13200 | F9: ='FS Jimbaran February 2021'!O19/'FS Jimbaran February 2021'!P19 -> 1182.3193 | G9: ='FS Jimbaran February 2021'!AG19 -> 112 | H9: ='FS Jimbaran February 2021'!AH19/'FS Jimbaran February 2021'!AG19 -> 11094.54 | I9: ='FS Jimbaran February 2021'!AJ19 -> 340.7 | J9: ='FS Jimbaran February 2021'!AK19/'FS Jimbaran February 2021'!AJ19 -> 8600 | K9: ='FS Jimbaran February 2021'!V19 -> 974 | L9: ='FS Jimbaran February 2021'!AA19/'FS Jimbaran February 2021'!V19 -> 2912.4451 | M9: 1 | N9: 27
A10: Bali Jimbaran | B10: =B9+1 -> 9 | C10: 2 | D10: 2021 | E10: ='FS Jimbaran February 2021'!P20 -> 13640 | F10: ='FS Jimbaran February 2021'!O20/'FS Jimbaran February 2021'!P20 -> 1182.4522 | G10: ='FS Jimbaran February 2021'!AG20 -> 112 | H10: ='FS Jimbaran February 2021'!AH20/'FS Jimbaran February 2021'!AG20 -> 11094.54 | I10: ='FS Jimbaran February 2021'!AJ20 -> 303.8 | J10: ='FS Jimbaran February 2021'!AK20/'FS Jimbaran February 2021'!AJ20 -> 8600 | K10: ='FS Jimbaran February 2021'!V20 -> 949 | L10: ='FS Jimbaran February 2021'!AA20/'FS Jimbaran February 2021'!V20 -> 3770.6132 | M10: 1 | N10: 47
A11: Bali Jimbaran | B11: =B10+1 -> 10 | C11: 2 | D11: 2021 | E11: ='FS Jimbaran February 2021'!P21 -> 13220 | F11: ='FS Jimbaran February 2021'!O21/'FS Jimbaran February 2021'!P21 -> 1179.708 | G11: ='FS Jimbaran February 2021'!AG21 -> 112 | H11: ='FS Jimbaran February 2021'!AH21/'FS Jimbaran February 2021'!AG21 -> 11094.54 | I11: ='FS Jimbaran February 2021'!AJ21 -> 399 | J11: ='FS Jimbaran February 2021'!AK21/'FS Jimbaran February 2021'!AJ21 -> 8600 | K11: ='FS Jimbaran February 2021'!V21 -> 946 | L11: ='FS Jimbaran February 2021'!AA21/'FS Jimbaran February 2021'!V21 -> 4272.9413 | M11: 3 | N11: 26
A12: Bali Jimbaran | B12: =B11+1 -> 11 | C12: 2 | D12: 2021 | E12: ='FS Jimbaran February 2021'!P22 -> 13180 | F12: ='FS Jimbaran February 2021'!O22/'FS Jimbaran February 2021'!P22 -> 1183.2883 | G12: ='FS Jimbaran February 2021'!AG22 -> 112 | H12: ='FS Jimbaran February 2021'!AH22/'FS Jimbaran February 2021'!AG22 -> 11094.54 | I12: ='FS Jimbaran February 2021'!AJ22 -> 324 | J12: ='FS Jimbaran February 2021'!AK22/'FS Jimbaran February 2021'!AJ22 -> 8600 | K12: ='FS Jimbaran February 2021'!V22 -> 963 | L12: ='FS Jimbaran February 2021'!AA22/'FS Jimbaran February 2021'!V22 -> 3923.3523 | M12: 3 | N12: 27
A13: Bali Jimbaran | B13: =B12+1 -> 12 | C13: 2 | D13: 2021 | E13: ='FS Jimbaran February 2021'!P23 -> 13160 | F13: ='FS Jimbaran February 2021'!O23/'FS Jimbaran February 2021'!P23 -> 1173.5167 | G13: ='FS Jimbaran February 2021'!AG23 -> 112 | H13: ='FS Jimbaran February 2021'!AH23/'FS Jimbaran February 2021'!AG23 -> 11094.54 | I13: ='FS Jimbaran February 2021'!AJ23 -> 392.7 | J13: ='FS Jimbaran February 2021'!AK23/'FS Jimbaran February 2021'!AJ23 -> 8600 | K13: ='FS Jimbaran February 2021'!V23 -> 968 | L13: ='FS Jimbaran February 2021'!AA23/'FS Jimbaran February 2021'!V23 -> 3710.6373 | M13: 3 | N13: 53
A14: Bali Jimbaran | B14: =B13+1 -> 13 | C14: 2 | D14: 2021 | E14: ='FS Jimbaran February 2021'!P24 -> 14520 | F14: ='FS Jimbaran February 2021'!O24/'FS Jimbaran February 2021'!P24 -> 1190.184 | G14: ='FS Jimbaran February 2021'!AG24 -> 162 | H14: ='FS Jimbaran February 2021'!AH24/'FS Jimbaran February 2021'!AG24 -> 11094.54 | I14: ='FS Jimbaran February 2021'!AJ24 -> 325 | J14: ='FS Jimbaran February 2021'!AK24/'FS Jimbaran February 2021'!AJ24 -> 8600 | K14: ='FS Jimbaran February 2021'!V24 -> 987 | L14: ='FS Jimbaran February 2021'!AA24/'FS Jimbaran February 2021'!V24 -> 3915.2893 | M14: 3 | N14: 69
... A29: Bali Jimbaran | B29: =B28+1 -> 28 | C29: 2 | D29: 2021 | E29: ='FS Jimbaran February 2021'!P39 -> 13020 | F29: ='FS Jimbaran February 2021'!O39/'FS Jimbaran February 2021'!P39 -> 1177.7821 | G29: ='FS Jimbaran February 2021'!AG39 -> 112 | H29: ='FS Jimbaran February 2021'!AH39/'FS Jimbaran February 2021'!AG39 -> 11094.54 | I29: ='FS Jimbaran February 2021'!AJ39 -> 317.3 | J29: ='FS Jimbaran February 2021'!AK39/'FS Jimbaran February 2021'!AJ39 -> 8600 | K29: ='FS Jimbaran February 2021'!V39 -> 1070 | L29: ='FS Jimbaran February 2021'!AA39/'FS Jimbaran February 2021'!V39 -> 3570.2543 | M29: 0 | N29: 0

Sheet FS Jimbaran February 2021
B6: Four Seasons Resort Bali at Jimbaran Bay
B7: FEBRUARY 2021
B8: Date | C8: Room Nights | D8: Food Covers | E8: ELECTRICITY Resort, Sundara & Residences | V8: WATER | AC8: GAS
E9: Electricity Resort | J9: Electricity - Sundara | O9: Sub Total (Resort & Sundara) Cost (IDR) | P9: Sub Total (Resort & Sundara), KWh | Q9: Residences- Electricity KWh | R9: Residences- Electricity cost (IDR) | S9: TOTAL Electricity consumption (KWh) | T9: TOTAL Electricity cost | W9: Water (m3) | AA9: Total Water Cost | AC9: LPG | AJ9: Diesel
E10: BASED LOAD KWh (from 10 pm - 6 pm) | F10: Cost (IDR) | G10: PEAK LOAD KWh (from 6 pm - 10 pm) | H10: Cost (IDR) | I10: Resort Cost (IDR) | J10: BASED LOAD KWh (from 10 pm - 6 pm) | K10: Cost (IDR) | L10: PEAK LOAD KWh (from 6 pm - 10 pm) | M10: Cost (IDR) | N10: Sundara Cost (IDR) | T10: IDR | U10: USD | V10: Water consumption (m3) | W10: Municipal Water (m3) | X10: Municipal Water cost (IDR) | Y10: Deepwell Consumption (m3) | Z10: Deepwell water Cost (IDR) | AA10: IDR | AB10: USD | AC10: LPG Bulk (m3) | AD10: 50 Kg (tube) IVD & TW | AE10: Sundara 50 kg (tube) | AF10: 12 Kg (tube) | AG10: Total kg | AH10: IDR | AI10: USD | AJ10: Used (liters) | AK10: IDR | AL10: USD
B12: 1 | C12: 0 | D12: 38 | E12: 10400 | F12: 11310718 | G12: 2000 | H12: 3262707 | I12: =F12+H12 -> 14573425 | J12: 1300 | K12: 1413839.7 | L12: 320 | M12: 522033.12 | N12: =K12+M12 -> 1935872.8 | O12: =N12+I12 -> 16509297 | P12: =L12+J12+G12+E12 -> 14020 | U12: 0 | V12: =Y12+W12 -> 965 | W12: 62 | X12: 1114485.8 | Y12: 903 | Z12: 645645 | AA12: =Z12+X12 -> 1760130.8 | AB12: =AA12/$AL$48 -> 135.64416 | AC12: 0 | AD12: 0 | AE12: 100 | AF12: 12 | AG12: =SUM(AC12:AF12) -> 112 | AH12: =(AG12*10877)*1.02 -> 1242588.5 | AI12: =AH12/$AL$48 -> 95.759854 | AJ12: 382.4 | AK12: 3288640 | AL12: =AK12/$AL$48 -> 253.43844
B13: 2 | C13: 1 | D13: 44 | E13: 10000 | F13: 10875690 | G13: 2080 | H13: 3393215.3 | I13: =F13+H13 -> 14268905 | J13: 1260 | K13: 1370336.9 | L13: 340 | M13: 554660.19 | N13: =K13+M13 -> 1924997.1 | O13: =N13+I13 -> 16193902 | P13: =L13+J13+G13+E13 -> 13680 | T13: Include | U13: 0 | V13: =Y13+W13 -> 903 | W13: 149 | X13: 2678361 | Y13: 754 | Z13: 539110 | AA13: =Z13+X13 -> 3217471 | AB13: =AA13/$AL$48 -> 247.95381 | AC13: 0 | AD13: 0 | AE13: 100 | AF13: 12 | AG13: =SUM(AC13:AF13) -> 112 | AH13: =(AG13*10877)*1.02 -> 1242588.5 | AI13: =AH13/$AL$48 -> 95.759854 | AJ13: 348.1 | AK13: 2993660 | AL13: =AK13/$AL$48 -> 230.70586
B14: 3 | C14: 1 | D14: 27 | E14: 14240 | F14: 15486983 | G14: 2000 | H14: 3262707 | I14: =F14+H14 -> 18749690 | J14: 1240 | K14: 1348585.6 | L14: 300 | M14: 489406.05 | N14: =K14+M14 -> 1837991.6 | O14: =N14+I14 -> 20587681 | P14: =L14+J14+G14+E14 -> 17780 | T14: Resort | U14: 0 | V14: =Y14+W14 -> 952 | W14: 126 | X14: 2264922.7 | Y14: 826 | Z14: 590590 | AA14: =Z14+X14 -> 2855512.7 | AB14: =AA14/$AL$48 -> 220.05956 | AC14: 0 | AD14: 0 | AE14: 100 | AF14: 12 | AG14: =SUM(AC14:AF14) -> 112 | AH14: =(AG14*10877)*1.02 -> 1242588.5 | AI14: =AH14/$AL$48 -> 95.759854 | AJ14: 325.4 | AK14: 2798440 | AL14: =AK14/$AL$48 -> 215.66127
B15: 4 | C15: 1 | D15: 11 | E15: 8000 | F15: 8700552 | G15: 2040 | H15: 3327961.1 | I15: =F15+H15 -> 12028513 | J15: 1220 | K15: 1326834.2 | L15: 280 | M15: 456778.98 | N15: =K15+M15 -> 1783613.2 | O15: =N15+I15 -> 13812126 | P15: =L15+J15+G15+E15 -> 11540 | T15: Sundara | U15: 0 | V15: =Y15+W15 -> 942 | W15: 109 | X15: 1959337.9 | Y15: 833 | Z15: 595595 | AA15: =Z15+X15 -> 2554932.9 | AB15: =AA15/$AL$48 -> 196.89543 | AC15: 0 | AD15: 0 | AE15: 100 | AF15: 12 | AG15: =SUM(AC15:AF15) -> 112 | AH15: =(AG15*10877)*1.02 -> 1242588.5 | AI15: =AH15/$AL$48 -> 95.759854 | AJ15: 316 | AK15: 2717600 | AL15: =AK15/$AL$48 -> 209.43135
B16: 5 | C16: 1 | D16: 46 | E16: 7160 | F16: 7786994 | G16: 2000 | H16: 3262707 | I16: =F16+H16 -> 11049701 | J16: 1460 | K16: 1587850.7 | L16: 300 | M16: 489406.05 | N16: =K16+M16 -> 2077256.8 | O16: =N16+I16 -> 13126958 | P16: =L16+J16+G16+E16 -> 10920 | T16: Residences | U16: 0 | V16: =Y16+W16 -> 926 | W16: 174 | X16: 3127750.4 | Y16: 752 | Z16: 537680 | AA16: =Z16+X16 -> 3665430.4 | AB16: =AA16/$AL$48 -> 282.47572 | AC16: 0 | AD16: 0 | AE16: 100 | AF16: 12 | AG16: =SUM(AC16:AF16) -> 112 | AH16: =(AG16*10877)*1.02 -> 1242588.5 | AI16: =AH16/$AL$48 -> 95.759854 | AJ16: 347 | AK16: 2984200 | AL16: =AK16/$AL$48 -> 229.97683
B17: 6 | C17: 0 | D17: 27 | E17: 9480 | F17: 10310154 | G17: 1920 | H17: 3132198.7 | I17: =F17+H17 -> 13442353 | J17: 1240 | K17: 1348585.6 | L17: 280 | M17: 456778.98 | N17: =K17+M17 -> 1805364.5 | O17: =N17+I17 -> 15247717 | P17: =L17+J17+G17+E17 -> 12920 | U17: 0 | V17: =Y17+W17 -> 927 | W17: 182 | X17: 3271555 | Y17: 745 | Z17: 532675 | AA17: =Z17+X17 -> 3804230 | AB17: =AA17/$AL$48 -> 293.17229 | AC17: 0 | AD17: 0 | AE17: 100 | AF17: 12 | AG17: =SUM(AC17:AF17) -> 112 | AH17: =(AG17*10877)*1.02 -> 1242588.5 | AI17: =AH17/$AL$48 -> 95.759854 | AJ17: 397.1 | AK17: 3415060 | AL17: =AK17/$AL$48 -> 263.18097
B18: 7 | C18: 0 | D18: 61 | E18: 9800 | F18: 10658176 | G18: 2000 | H18: 3262707 | I18: =F18+H18 -> 13920883 | J18: 1300 | K18: 1413839.7 | L18: 300 | M18: 489406.05 | N18: =K18+M18 -> 1903245.7 | O18: =N18+I18 -> 15824129 | P18: =L18+J18+G18+E18 -> 13400 | U18: =T18/$AL$48 -> 0 | V18: =Y18+W18 -> 934 | W18: 169 | X18: 3037872.5 | Y18: 765 | Z18: 546975 | AA18: =Z18+X18 -> 3584847.5 | AB18: =AA18/$AL$48 -> 276.26562 | AC18: 0 | AD18: 0 | AE18: 100 | AF18: 12 | AG18: =SUM(AC18:AF18) -> 112 | AH18: =(AG18*10877)*1.02 -> 1242588.5 | AI18: =AH18/$AL$48 -> 95.759854 | AJ18: 387.4 | AK18: 3331640 | AL18: =AK18/$AL$48 -> 256.75223
B19: 8 | C19: 1 | D19: 27 | E19: 9720 | F19: 10571171 | G19: 1960 | H19: 3197452.9 | I19: =F19+H19 -> 13768624 | J19: 1180 | K19: 1283331.4 | L19: 340 | M19: 554660.19 | N19: =K19+M19 -> 1837991.6 | O19: =N19+I19 -> 15606615 | P19: =L19+J19+G19+E19 -> 13200 | U19: =T19/$AL$48 -> 0 | V19: =Y19+W19 -> 974 | W19: 124 | X19: 2228971.5 | Y19: 850 | Z19: 607750 | AA19: =Z19+X19 -> 2836721.5 | AB19: =AA19/$AL$48 -> 218.61143 | AC19: 0 | AD19: 0 | AE19: 100 | AF19: 12 | AG19: =SUM(AC19:AF19) -> 112 | AH19: =(AG19*10877)*1.02 -> 1242588.5 | AI19: =AH19/$AL$48 -> 95.759854 | AJ19: 340.7 | AK19: 2930020 | AL19: =AK19/$AL$48 -> 225.80145
B20: 9 | C20: 1 | D20: 47 | E20: 9880 | F20: 10745182 | G20: 2040 | H20: 3327961.1 | I20: =F20+H20 -> 14073143 | J20: 1380 | K20: 1500845.2 | L20: 340 | M20: 554660.19 | N20: =K20+M20 -> 2055505.4 | O20: =N20+I20 -> 16128648 | P20: =L20+J20+G20+E20 -> 13640 | U20: =T20/$AL$48 -> 0 | V20: =Y20+W20 -> 949 | W20: 168 | X20: 3019896.9 | Y20: 781 | Z20: 558415 | AA20: =Z20+X20 -> 3578311.9 | AB20: =AA20/$AL$48 -> 275.76195 | AC20: 0 | AD20: 0 | AE20: 100 | AF20: 12 | AG20: =SUM(AC20:AF20) -> 112 | AH20: =(AG20*10877)*1.02 -> 1242588.5 | AI20: =AH20/$AL$48 -> 95.759854 | AJ20: 303.8 | AK20: 2612680 | AL20: =AK20/$AL$48 -> 201.34571
B21: 10 | C21: 3 | D21: 26 | E21: 9800 | F21: 10658176 | G21: 1960 | H21: 3197452.9 | I21: =F21+H21 -> 13855629 | J21: 1180 | K21: 1283331.4 | L21: 280 | M21: 456778.98 | N21: =K21+M21 -> 1740110.4 | O21: =N21+I21 -> 15595739 | P21: =L21+J21+G21+E21 -> 13220 | U21: =T21/$AL$48 -> 0 | V21: =Y21+W21 -> 946 | W21: 195 | X21: 3505237.5 | Y21: 751 | Z21: 536965 | AA21: =Z21+X21 -> 4042202.5 | AB21: =AA21/$AL$48 -> 311.51159 | AC21: 0 | AD21: 0 | AE21: 100 | AF21: 12 | AG21: =SUM(AC21:AF21) -> 112 | AH21: =(AG21*10877)*1.02 -> 1242588.5 | AI21: =AH21/$AL$48 -> 95.759854 | AJ21: 399 | AK21: 3431400 | AL21: =AK21/$AL$48 -> 264.44021
B22: 11 | C22: 3 | D22: 27 | E22: 9760 | F22: 10614673 | G22: 2040 | H22: 3327961.1 | I22: =F22+H22 -> 13942635 | J22: 1100 | K22: 1196325.9 | L22: 280 | M22: 456778.98 | N22: =K22+M22 -> 1653104.9 | O22: =N22+I22 -> 15595739 | P22: =L22+J22+G22+E22 -> 13180 | U22: =T22/$AL$48 -> 0 | V22: =Y22+W22 -> 963 | W22: 179 | X22: 3217628.3 | Y22: 784 | Z22: 560560 | AA22: =Z22+X22 -> 3778188.3 | AB22: =AA22/$AL$48 -> 291.16539 | AC22: 0 | AD22: 0 | AE22: 100 | AF22: 12 | AG22: =SUM(AC22:AF22) -> 112 | AH22: =(AG22*10877)*1.02 -> 1242588.5 | AI22: =AH22/$AL$48 -> 95.759854 | AJ22: 324 | AK22: 2786400 | AL22: =AK22/$AL$48 -> 214.73341
B23: 12 | C23: 3 | D23: 53 | E23: 9880 | F23: 10745182 | G23: 1720 | H23: 2805928 | I23: =F23+H23 -> 13551110 | J23: 1200 | K23: 1305082.8 | L23: 360 | M23: 587287.26 | N23: =K23+M23 -> 1892370.1 | O23: =N23+I23 -> 15443480 | P23: =L23+J23+G23+E23 -> 13160 | U23: =T23/$AL$48 -> 0 | V23: =Y23+W23 -> 968 | W23: 168 | X23: 3019896.9 | Y23: 800 | Z23: 572000 | AA23: =Z23+X23 -> 3591896.9 | AB23: =AA23/$AL$48 -> 276.80888 | AC23: 0 | AD23: 0 | AE23: 100 | AF23: 12 | AG23: =SUM(AC23:AF23) -> 112 | AH23: =(AG23*10877)*1.02 -> 1242588.5 | AI23: =AH23/$AL$48 -> 95.759854 | AJ23: 392.7 | AK23: 3377220 | AL23: =AK23/$AL$48 -> 260.26484
B24: 13 | C24: 3 | D24: 69 | E24: 10400 | F24: 11310718 | G24: 2360 | H24: 3849994.3 | I24: =F24+H24 -> 15160712 | J24: 1380 | K24: 1500845.2 | L24: 380 | M24: 619914.33 | N24: =K24+M24 -> 2120759.5 | O24: =N24+I24 -> 17281471 | P24: =L24+J24+G24+E24 -> 14520 | U24: =T24/$AL$48 -> 0 | V24: =Y24+W24 -> 987 | W24: 183 | X24: 3289530.6 | Y24: 804 | Z24: 574860 | AA24: =Z24+X24 -> 3864390.6 | AB24: =AA24/$AL$48 -> 297.80855 | AC24: 0 | AD24: 0 | AE24: 150 | AF24: 12 | AG24: =SUM(AC24:AF24) -> 162 | AH24: =(AG24*10877)*1.02 -> 1797315.5 | AI24: =AH24/$AL$48 -> 138.50979 | AJ24: 325 | AK24: 2795000 | AL24: =AK24/$AL$48 -> 215.39616
B25: 14 | C25: 3 | D25: 125 | E25: 9720 | F25: 10571171 | G25: 2160 | H25: 3523723.6 | I25: =F25+H25 -> 14094894 | J25: 1540 | K25: 1674856.3 | L25: 380 | M25: 619914.33 | N25: =K25+M25 -> 2294770.6 | O25: =N25+I25 -> 16389665 | P25: =L25+J25+G25+E25 -> 13800 | U25: =T25/$AL$48 -> 0 | V25: =Y25+W25 -> 981 | W25: 186 | X25: 3343457.3 | Y25: 795 | Z25: 568425 | AA25: =Z25+X25 -> 3911882.3 | AB25: =AA25/$AL$48 -> 301.46849 | AC25: 0 | AD25: 0 | AE25: 250 | AF25: 36 | AG25: =SUM(AC25:AF25) -> 286 | AH25: =(AG25*10877)*1.02 -> 3173038.4 | AI25: =AH25/$AL$48 -> 244.52963 | AJ25: 316.5 | AK25: 2721900 | AL25: =AK25/$AL$48 -> 209.76273
B26: 15 | C26: 3 | D26: 40 | E26: 9640 | F26: 10484165 | G26: 1960 | H26: 3197452.9 | I26: =F26+H26 -> 13681618 | J26: 1320 | K26: 1435591.1 | L26: 340 | M26: 554660.19 | N26: =K26+M26 -> 1990251.3 | O26: =N26+I26 -> 15671869 | P26: =L26+J26+G26+E26 -> 13260 | U26: =T26/$AL$48 -> 0 | V26: =Y26+W26 -> 966 | W26: 101 | X26: 1815533.3 | Y26: 865 | Z26: 618475 | AA26: =Z26+X26 -> 2434008.3 | AB26: =AA26/$AL$48 -> 187.5764 | AC26: 0 | AD26: 0 | AE26: 100 | AF26: 12 | AG26: =SUM(AC26:AF26) -> 112 | AH26: =(AG26*10877)*1.02 -> 1242588.5 | AI26: =AH26/$AL$48 -> 95.759854 | AJ26: 301.7 | AK26: 2594620 | AL26: =AK26/$AL$48 -> 199.95392
B27: 16 | C27: 3 | D27: 45 | E27: 10000 | F27: 10875690 | G27: 2120 | H27: 3458469.4 | I27: =F27+H27 -> 14334159 | J27: 1380 | K27: 1500845.2 | L27: 380 | M27: 619914.33 | N27: =K27+M27 -> 2120759.5 | O27: =N27+I27 -> 16454919 | P27: =L27+J27+G27+E27 -> 13880 | U27: =T27/$AL$48 -> 0 | V27: =Y27+W27 -> 1016 | W27: 166 | X27: 2983945.8 | Y27: 850 | Z27: 607750 | AA27: =Z27+X27 -> 3591695.8 | AB27: =AA27/$AL$48 -> 276.79338 | AC27: 0 | AD27: 0 | AE27: 100 | AF27: 12 | AG27: =SUM(AC27:AF27) -> 112 | AH27: =(AG27*10877)*1.02 -> 1242588.5 | AI27: =AH27/$AL$48 -> 95.759854 | AJ27: 392.6 | AK27: 3376360 | AL27: =AK27/$AL$48 -> 260.19857
B28: 17 | C28: 3 | D28: 31 | E28: 10480 | F28: 11397723 | G28: 2160 | H28: 3523723.6 | I28: =F28+H28 -> 14921447 | J28: 1500 | K28: 1631353.5 | L28: 300 | M28: 489406.05 | N28: =K28+M28 -> 2120759.5 | O28: =N28+I28 -> 17042206 | P28: =L28+J28+G28+E28 -> 14440 | U28: =T28/$AL$48 -> 0 | V28: =Y28+W28 -> 1046 | W28: 185 | X28: 3325481.7 | Y28: 861 | Z28: 615615 | AA28: =Z28+X28 -> 3941096.7 | AB28: =AA28/$AL$48 -> 303.7199 | AC28: 0 | AD28: 0 | AE28: 100 | AF28: 12 | AG28: =SUM(AC28:AF28) -> 112 | AH28: =(AG28*10877)*1.02 -> 1242588.5 | AI28: =AH28/$AL$48 -> 95.759854 | AJ28: 366.7 | AK28: 3153620 | AL28: =AK28/$AL$48 -> 243.03315
B29: 18 | C29: 2 | D29: 28 | E29: 9720 | F29: 10571171 | G29: 2080 | H29: 3393215.3 | I29: =F29+H29 -> 13964386 | J29: 1200 | K29: 1305082.8 | L29: 300 | M29: 489406.05 | N29: =K29+M29 -> 1794488.9 | O29: =N29+I29 -> 15758875 | P29: =L29+J29+G29+E29 -> 13300 | U29: =T29/$AL$48 -> 0 | V29: =Y29+W29 -> 984 | W29: 183 | X29: 3289530.6 | Y29: 801 | Z29: 572715 | AA29: =Z29+X29 -> 3862245.6 | AB29: =AA29/$AL$48 -> 297.64325 | AC29: 0 | AD29: 0 | AE29: 100 | AF29: 12 | AG29: =SUM(AC29:AF29) -> 112 | AH29: =(AG29*10877)*1.02 -> 1242588.5 | AI29: =AH29/$AL$48 -> 95.759854 | AJ29: 398.7 | AK29: 3428820 | AL29: =AK29/$AL$48 -> 264.24139
... B32: 21 | C32: 2 | D32: 68 | E32: 9880 | F32: 10745182 | G32: 1960 | H32: 3197452.9 | I32: =F32+H32 -> 13942635 | J32: 1340 | K32: 1457342.5 | L32: 340 | M32: 554660.19 | N32: =K32+M32 -> 2012002.7 | O32: =N32+I32 -> 15954637 | P32: =L32+J32+G32+E32 -> 13520 | U32: =T32/$AL$48 -> 0 | V32: =Y32+W32 -> 1000 | W32: 157 | X32: 2822165.6 | Y32: 843 | Z32: 602745 | AA32: =Z32+X32 -> 3424910.6 | AB32: =AA32/$AL$48 -> 263.94011 | AC32: 0 | AD32: 0 | AE32: 150 | AF32: 12 | AG32: =SUM(AC32:AF32) -> 162 | AH32: =(AG32*10877)*1.02 -> 1797315.5 | AI32: =AH32/$AL$48 -> 138.50979 | AJ32: 392.7 | AK32: 3377220 | AL32: =AK32/$AL$48 -> 260.26484
B33: 22 | C33: 1 | D33: 13 | E33: 9400 | F33: 10223149 | G33: 1920 | H33: 3132198.7 | I33: =F33+H33 -> 13355347 | J33: 1140 | K33: 1239828.7 | L33: 300 | M33: 489406.05 | N33: =K33+M33 -> 1729234.7 | O33: =N33+I33 -> 15084582 | P33: =L33+J33+G33+E33 -> 12760 | Q33: Refer to: | R33: Refer to: | U33: =T33/$AL$48 -> 0 | V33: =Y33+W33 -> 956 | W33: 182 | X33: 3271555 | Y33: 774 | Z33: 553410 | AA33: =Z33+X33 -> 3824965 | AB33: =AA33/$AL$48 -> 294.77023 | AC33: 0 | AD33: 0 | AE33: 100 | AF33: 12 | AG33: =SUM(AC33:AF33) -> 112 | AH33: =(AG33*10877)*1.02 -> 1242588.5 | AI33: =AH33/$AL$48 -> 95.759854 | AJ33: 338 | AK33: 2906800 | AL33: =AK33/$AL$48 -> 224.01201
B34: 23 | C34: 4 | D34: 33 | E34: 9560 | F34: 10397160 | G34: 1920 | H34: 3132198.7 | I34: =F34+H34 -> 13529358 | J34: 1500 | K34: 1631353.5 | L34: 360 | M34: 587287.26 | N34: =K34+M34 -> 2218640.8 | O34: =N34+I34 -> 15747999 | P34: =L34+J34+G34+E34 -> 13340 | Q34: Electricity Residences Feb 2021'!A1 | R34: Electricity Residences Feb 2021'!A1 | U34: =T34/$AL$48 -> 0 | V34: =Y34+W34 -> 931 | W34: 181 | X34: 3253579.4 | Y34: 750 | Z34: 536250 | AA34: =Z34+X34 -> 3789829.4 | AB34: =AA34/$AL$48 -> 292.06251 | AC34: 0 | AD34: 0 | AE34: 100 | AF34: 12 | AG34: =SUM(AC34:AF34) -> 112 | AH34: =(AG34*10877)*1.02 -> 1242588.5 | AI34: =AH34/$AL$48 -> 95.759854 | AJ34: 318.2 | AK34: 2736520 | AL34: =AK34/$AL$48 -> 210.88941
B35: 24 | C35: 2 | D35: 59 | E35: 9360 | F35: 10179646 | G35: 1880 | H35: 3066944.6 | I35: =F35+H35 -> 13246590 | J35: 1340 | K35: 1457342.5 | L35: 320 | M35: 522033.12 | N35: =K35+M35 -> 1979375.6 | O35: =N35+I35 -> 15225966 | P35: =L35+J35+G35+E35 -> 12900 | U35: =T35/$AL$48 -> 0 | V35: =Y35+W35 -> 978 | W35: 179 | X35: 3217628.3 | Y35: 799 | Z35: 571285 | AA35: =Z35+X35 -> 3788913.3 | AB35: =AA35/$AL$48 -> 291.99191 | AC35: 0 | AD35: 0 | AE35: 100 | AF35: 12 | AG35: =SUM(AC35:AF35) -> 112 | AH35: =(AG35*10877)*1.02 -> 1242588.5 | AI35: =AH35/$AL$48 -> 95.759854 | AJ35: 387.7 | AK35: 3334220 | AL35: =AK35/$AL$48 -> 256.95105
B36: 25 | C36: 1 | D36: 25 | E36: 9720 | F36: 10571171 | G36: 1880 | H36: 3066944.6 | I36: =F36+H36 -> 13638115 | J36: 1340 | K36: 1457342.5 | L36: 340 | M36: 554660.19 | N36: =K36+M36 -> 2012002.7 | O36: =N36+I36 -> 15650118 | P36: =L36+J36+G36+E36 -> 13280 | U36: =T36/$AL$48 -> 0 | V36: =Y36+W36 -> 997 | W36: 122 | X36: 2193020.4 | Y36: 875 | Z36: 625625 | AA36: =Z36+X36 -> 2818645.4 | AB36: =AA36/$AL$48 -> 217.21839 | AC36: 0 | AD36: 0 | AE36: 100 | AF36: 12 | AG36: =SUM(AC36:AF36) -> 112 | AH36: =(AG36*10877)*1.02 -> 1242588.5 | AI36: =AH36/$AL$48 -> 95.759854 | AJ36: 368.5 | AK36: 3169100 | AL36: =AK36/$AL$48 -> 244.22611
B37: 26 | C37: 1 | D37: 20 | E37: 9760 | F37: 10614673 | G37: 2000 | H37: 3262707 | I37: =F37+H37 -> 13877380 | J37: 1320 | K37: 1435591.1 | L37: 300 | M37: 489406.05 | N37: =K37+M37 -> 1924997.1 | O37: =N37+I37 -> 15802378 | P37: =L37+J37+G37+E37 -> 13380 | U37: =T37/$AL$48 -> 0 | V37: =Y37+W37 -> 1015 | W37: 170 | X37: 3055848.1 | Y37: 845 | Z37: 604175 | AA37: =Z37+X37 -> 3660023.1 | AB37: =AA37/$AL$48 -> 282.05901 | AC37: 0 | AD37: 0 | AE37: 100 | AF37: 12 | AG37: =SUM(AC37:AF37) -> 112 | AH37: =(AG37*10877)*1.02 -> 1242588.5 | AI37: =AH37/$AL$48 -> 95.759854 | AJ37: 374.1 | AK37: 3217260 | AL37: =AK37/$AL$48 -> 247.93755
B38: 27 | C38: 2 | D38: 14 | E38: 9240 | F38: 10049138 | G38: 1840 | H38: 3001690.4 | I38: =F38+H38 -> 13050828 | J38: 1360 | K38: 1479093.8 | L38: 300 | M38: 489406.05 | N38: =K38+M38 -> 1968499.9 | O38: =N38+I38 -> 15019328 | P38: =L38+J38+G38+E38 -> 12740 | U38: =T38/$AL$48 -> 0 | V38: =Y38+W38 -> 970 | W38: 166 | X38: 2983945.8 | Y38: 804 | Z38: 574860 | AA38: =Z38+X38 -> 3558805.8 | AB38: =AA38/$AL$48 -> 274.25871 | AC38: 0 | AD38: 0 | AE38: 100 | AF38: 12 | AG38: =SUM(AC38:AF38) -> 112 | AH38: =(AG38*10877)*1.02 -> 1242588.5 | AI38: =AH38/$AL$48 -> 95.759854 | AJ38: 379.4 | AK38: 3262840 | AL38: =AK38/$AL$48 -> 251.45017
B39: 28 | C39: 0 | D39: 0 | E39: 9560 | F39: 10397160 | G39: 1840 | H39: 3001690.4 | I39: =F39+H39 -> 13398850 | J39: 1300 | K39: 1413839.7 | L39: 320 | M39: 522033.12 | N39: =K39+M39 -> 1935872.8 | O39: =N39+I39 -> 15334723 | P39: =L39+J39+G39+E39 -> 13020 | U39: =T39/$AL$48 -> 0 | V39: =Y39+W39 -> 1070 | W39: 177 | X39: 3181677.1 | Y39: 893 | Z39: 638495 | AA39: =Z39+X39 -> 3820172.1 | AB39: =AA39/$AL$48 -> 294.40086 | AC39: 0 | AD39: 0 | AE39: 100 | AF39: 12 | AG39: =SUM(AC39:AF39) -> 112 | AH39: =(AG39*10877)*1.02 -> 1242588.5 | AI39: =AH39/$AL$48 -> 95.759854 | AJ39: 317.3 | AK39: 2728780 | AL39: =AK39/$AL$48 -> 210.29293
C47: =SUM(C12:C43) -> 49 | D47: =SUM(D12:D43) -> 1090 | E47: =SUM(E12:E43) -> 274400 | F47: =SUM(F12:F43) -> 2.9842893e+08 | G47: =SUM(G12:G43) -> 55720 | H47: =SUM(H12:H43) -> 90899017 | I47: =SUM(I12:I43) -> 3.8932795e+08 | J47: =SUM(J12:J43) -> 36600 | ... P47: =SUM(P12:P43) -> 375740 | Q47: ='Electricity Residences Feb 2021'!C27 -> 27502 | R47: ='Electricity Residences Feb 2021'!C28 -> 49311074 | S47: =Q47+P47 -> 403242 | T47: =R47+O47 -> 4.9315886e+08 | U47: =T47/AL48 -> 38005.197 | V47: =SUM(V12:V42) -> 27238 | W47: =SUM(W12:W42) -> 4414 | X47: =SUM(X12:X42) -> 79344196 | Y47: =SUM(Y12:Y42) -> 22824 | Z47: =SUM(Z12:Z42) -> 16319160 | AA47: =SUM(AA12:AA42) -> 95663356 | AB47: =AA47/$AL$48 -> 7372.279 | AC47: =SUM(AC12:AC41) -> 0 | AD47: =SUM(AD12:AD41) -> 0 | AE47: =SUM(AE12:AE42) -> 3050 | AF47: =SUM(AF12:AF42) -> 360 | AG47: =SUM(AG12:AG42) -> 3410 | AH47: =SUM(AH12:AH43) -> 37832381 | AI47: =AH47/$AL$48 -> 2915.5455 | AJ47: =SUM(AJ12:AJ43) -> 9913.4 | AK47: =SUM(AK12:AK43) -> 85255240 | AL47: =AK47/AL48 -> 6570.1795
T48: kWh rate | U48: =U47/S47 -> 0.094249104 | AL48: 12976.09
W51: =W47/V47 -> 0.16205301

Sheet RNs & Covers February 2021
A1: Four Seasons Resort Bali at Jimbaran Bay
A2: 44228
A3: Date | B3: Room Nights | C3: Food Covers
A6: 1 | B6: 0 | C6: 38
A7: 2 | B7: 1 | C7: 44
A8: =A7+1 -> 3 | B8: 1 | C8: 27
A9: =A8+1 -> 4 | B9: 1 | C9: 11
A10: =A9+1 -> 5 | B10: 1 | C10: 46
A11: =A10+1 -> 6 | B11: 0 | C11: 27
A12: =A11+1 -> 7 | B12: 0 | C12: 61
A13: =A12+1 -> 8 | B13: 1 | C13: 27
A14: =A13+1 -> 9 | B14: 1 | C14: 47
A15: =A14+1 -> 10 | B15: 3 | C15: 26
A16: =A15+1 -> 11 | B16: 3 | C16: 27
A17: =A16+1 -> 12 | B17: 3 | C17: 53
A18: =A17+1 -> 13 | B18: 3 | C18: 69
A19: =A18+1 -> 14 | B19: 3 | C19: 125
... A33: =A32+1 -> 28 | B33: 0 | C33: 0
B38: =SUM(B6:B36) -> 49 | C38: =SUM(C6:C36) -> 1090

Sheet Electricity Residences Feb 2021
A5: Residences 2021 | C5: February
A6: Office & Pantry | B6: Unit (KWh) - bill Estate Common | C6: 1606
B7: Charge | C7: 2436197
A8: Residence 001 | B8: Unit (KWh) - bill Estate 1 | C8: 1930
B9: Charge | C9: 4386109
A10: Residence 002 | B10: Unit (KWh) - bill Estate 2 | C10: 1134
B11: Charge | C11: 3522178
A12: Residence 003 | B12: Unit (KWh) - bill Estate 3 | C12: 5956
B13: Charge | C13: 9895328
A14: Residence 005 | B14: Unit (KWh) - bill Estate 4 | C14: 3299
B15: Charge | C15: 5480975
A16: Residence 006 | B16: Unit (KWh)-bill Estate 5 | C16: 2219
B17: Charge | C17: 3522178
A18: Residence 007 | B18: Unit (KWh)-bill Estate 6 | C18: 1670
B19: Charge | C19: 3522178
A20: Residence 008 | B20: Unit (KWh)-bill Estate 7 | C20: 1849
B21: Charge | C21: 3522178
A22: Residence 009 | B22: Unit (KWh)-bill Estate 8 | C22: 5396
B23: Charge | C23: 8964941
A24: Residence 010 | B24: Unit (KWh)-bill Estate 9 | C24: 2443
B25: Charge | C25: 4058812
A27: Total KWH | C27: =C6+C8+C10+C12+C14+C16+C18+C20+C22+C24 -> 27502
A28: Total Charges | C28: =C7+C9+C11+C13+C15+C17+C19+C21+C23+C25 -> 49311074
