Workbook

Sheet TOTAL
A1: Site Name | B1: Day | C1: Month | D1: Year | E1: Total Electricity Kwh | F1: Electricity Tariff ($/Kwh) | G1: Natual Gas (Therms) | H1: Natural Gas $/Therms | I1: Water Utility Supply (USG) USG | J1: Water Utility Supply (USG) $/USG | K1: District Energy Heating Steam Mlbs | L1: District Energy Heating $/Steam Mlbs | M1: Room Nights
A2: San Francisco at Embarcadero | B2: 1 | C2: 1 | D2: 2022 | E2: =IF('January 2022'!C9>0,'January 2022'!C9,0) -> 7500 | F2: 0.14 | G2: =IF('January 2022'!E9>0,'January 2022'!E9,0) -> 16.752 | H2: 2.06 | I2: =IF(('January 2022'!I9+'January 2022'!O9)>0,('January 2022'!I9+'January 2022'!O9),0) -> 11410 | J2: 0.04 | K2: =IF(('January 2022'!G9+'January 2022'!M9)>0,('January 2022'!G9+'January 2022'!M9),0) -> 14.7 | L2: 41.08 | M2: ='January 2022'!R9 -> 58
A3: San Francisco at Embarcadero | B3: =B2+1 -> 2 | C3: 1 | D3: 2022 | E3: =IF('January 2022'!C10>0,'January 2022'!C10,0) -> 4500 | F3: 0.14 | G3: =IF('January 2022'!E10>0,'January 2022'!E10,0) -> 9.423 | H3: 2.06 | I3: =IF(('January 2022'!I10+'January 2022'!O10)>0,('January 2022'!I10+'January 2022'!O10),0) -> 6673 | J3: 0.04 | K3: =IF(('January 2022'!G10+'January 2022'!M10)>0,('January 2022'!G10+'January 2022'!M10),0) -> 8 | L3: 41.08 | M3: ='January 2022'!R10 -> 41
A4: San Francisco at Embarcadero | B4: =B3+1 -> 3 | C4: 1 | D4: 2022 | E4: =IF('January 2022'!C11>0,'January 2022'!C11,0) -> 5400 | F4: 0.14 | G4: =IF('January 2022'!E11>0,'January 2022'!E11,0) -> 11.517 | H4: 2.06 | I4: =IF(('January 2022'!I11+'January 2022'!O11)>0,('January 2022'!I11+'January 2022'!O11),0) -> 7438 | J4: 0.04 | K4: =IF(('January 2022'!G11+'January 2022'!M11)>0,('January 2022'!G11+'January 2022'!M11),0) -> 9.5 | L4: 41.08 | M4: ='January 2022'!R11 -> 36
A5: San Francisco at Embarcadero | B5: =B4+1 -> 4 | C5: 1 | D5: 2022 | E5: =IF('January 2022'!C12>0,'January 2022'!C12,0) -> 5700 | F5: 0.14 | G5: =IF('January 2022'!E12>0,'January 2022'!E12,0) -> 12.564 | H5: 2.06 | I5: =IF(('January 2022'!I12+'January 2022'!O12)>0,('January 2022'!I12+'January 2022'!O12),0) -> 11892 | J5: 0.04 | K5: =IF(('January 2022'!G12+'January 2022'!M12)>0,('January 2022'!G12+'January 2022'!M12),0) -> 9.7 | L5: 41.08 | M5: ='January 2022'!R12 -> 29
A6: San Francisco at Embarcadero | B6: =B5+1 -> 5 | C6: 1 | D6: 2022 | E6: =IF('January 2022'!C13>0,'January 2022'!C13,0) -> 3900 | F6: 0.14 | G6: =IF('January 2022'!E13>0,'January 2022'!E13,0) -> 9.423 | H6: 2.06 | I6: =IF(('January 2022'!I13+'January 2022'!O13)>0,('January 2022'!I13+'January 2022'!O13),0) -> 4447 | J6: 0.04 | K6: =IF(('January 2022'!G13+'January 2022'!M13)>0,('January 2022'!G13+'January 2022'!M13),0) -> 6.5 | L6: 41.08 | M6: ='January 2022'!R13 -> 30
A7: San Francisco at Embarcadero | B7: =B6+1 -> 6 | C7: 1 | D7: 2022 | E7: =IF('January 2022'!C14>0,'January 2022'!C14,0) -> 5400 | F7: 0.14 | G7: =IF('January 2022'!E14>0,'January 2022'!E14,0) -> 10.47 | H7: 2.06 | I7: =IF(('January 2022'!I14+'January 2022'!O14)>0,('January 2022'!I14+'January 2022'!O14),0) -> 6895 | J7: 0.04 | K7: =IF(('January 2022'!G14+'January 2022'!M14)>0,('January 2022'!G14+'January 2022'!M14),0) -> 8 | L7: 41.08 | M7: ='January 2022'!R14 -> 27
A8: San Francisco at Embarcadero | B8: =B7+1 -> 7 | C8: 1 | D8: 2022 | E8: =IF('January 2022'!C15>0,'January 2022'!C15,0) -> 5100 | F8: 0.14 | G8: =IF('January 2022'!E15>0,'January 2022'!E15,0) -> 10.47 | H8: 2.06 | I8: =IF(('January 2022'!I15+'January 2022'!O15)>0,('January 2022'!I15+'January 2022'!O15),0) -> 5790 | J8: 0.04 | K8: =IF(('January 2022'!G15+'January 2022'!M15)>0,('January 2022'!G15+'January 2022'!M15),0) -> 8.7 | L8: 41.08 | M8: ='January 2022'!R15 -> 25
A9: San Francisco at Embarcadero | B9: =B8+1 -> 8 | C9: 1 | D9: 2022 | E9: =IF('January 2022'!C16>0,'January 2022'!C16,0) -> 5400 | F9: 0.14 | G9: =IF('January 2022'!E16>0,'January 2022'!E16,0) -> 28.269 | H9: 2.06 | I9: =IF(('January 2022'!I16+'January 2022'!O16)>0,('January 2022'!I16+'January 2022'!O16),0) -> 10970 | J9: 0.04 | K9: =IF(('January 2022'!G16+'January 2022'!M16)>0,('January 2022'!G16+'January 2022'!M16),0) -> 10.1 | L9: 41.08 | M9: ='January 2022'!R16 -> 29
A10: San Francisco at Embarcadero | B10: =B9+1 -> 9 | C10: 1 | D10: 2022 | E10: =IF('January 2022'!C17>0,'January 2022'!C17,0) -> 6600 | F10: 0.14 | G10: =IF('January 2022'!E17>0,'January 2022'!E17,0) -> 19.893 | H10: 2.06 | I10: =IF(('January 2022'!I17+'January 2022'!O17)>0,('January 2022'!I17+'January 2022'!O17),0) -> 11450 | J10: 0.04 | K10: =IF(('January 2022'!G17+'January 2022'!M17)>0,('January 2022'!G17+'January 2022'!M17),0) -> 10 | L10: 41.08 | M10: ='January 2022'!R17 -> 31
A11: San Francisco at Embarcadero | B11: =B10+1 -> 10 | C11: 1 | D11: 2022 | E11: =IF('January 2022'!C18>0,'January 2022'!C18,0) -> 6900 | F11: 0.14 | G11: =IF('January 2022'!E18>0,'January 2022'!E18,0) -> 13.611 | H11: 2.06 | I11: =IF(('January 2022'!I18+'January 2022'!O18)>0,('January 2022'!I18+'January 2022'!O18),0) -> 9392 | J11: 0.04 | K11: =IF(('January 2022'!G18+'January 2022'!M18)>0,('January 2022'!G18+'January 2022'!M18),0) -> 10.6 | L11: 41.08 | M11: ='January 2022'!R18 -> 23
A12: San Francisco at Embarcadero | B12: =B11+1 -> 11 | C12: 1 | D12: 2022 | E12: =IF('January 2022'!C19>0,'January 2022'!C19,0) -> 5400 | F12: 0.14 | G12: =IF('January 2022'!E19>0,'January 2022'!E19,0) -> 10.47 | H12: 2.06 | I12: =IF(('January 2022'!I19+'January 2022'!O19)>0,('January 2022'!I19+'January 2022'!O19),0) -> 5628 | J12: 0.04 | K12: =IF(('January 2022'!G19+'January 2022'!M19)>0,('January 2022'!G19+'January 2022'!M19),0) -> 8.1 | L12: 41.08 | M12: ='January 2022'!R19 -> 27
A13: San Francisco at Embarcadero | B13: =B12+1 -> 12 | C13: 1 | D13: 2022 | E13: =IF('January 2022'!C20>0,'January 2022'!C20,0) -> 4200 | F13: 0.14 | G13: =IF('January 2022'!E20>0,'January 2022'!E20,0) -> 6.282 | H13: 2.06 | I13: =IF(('January 2022'!I20+'January 2022'!O20)>0,('January 2022'!I20+'January 2022'!O20),0) -> 4540 | J13: 0.04 | K13: =IF(('January 2022'!G20+'January 2022'!M20)>0,('January 2022'!G20+'January 2022'!M20),0) -> 6.4 | L13: 41.08 | M13: ='January 2022'!R20 -> 28
A14: San Francisco at Embarcadero | B14: =B13+1 -> 13 | C14: 1 | D14: 2022 | E14: =IF('January 2022'!C21>0,'January 2022'!C21,0) -> 6000 | F14: 0.14 | G14: =IF('January 2022'!E21>0,'January 2022'!E21,0) -> 10.47 | H14: 2.06 | I14: =IF(('January 2022'!I21+'January 2022'!O21)>0,('January 2022'!I21+'January 2022'!O21),0) -> 6755 | J14: 0.04 | K14: =IF(('January 2022'!G21+'January 2022'!M21)>0,('January 2022'!G21+'January 2022'!M21),0) -> 7.4 | L14: 41.08 | M14: ='January 2022'!R21 -> 26
... A30: San Francisco at Embarcadero | B30: =B29+1 -> 29 | C30: 1 | D30: 2022 | E30: =IF('January 2022'!C37>0,'January 2022'!C37,0) -> 5700 | F30: 0.14 | G30: =IF('January 2022'!E37>0,'January 2022'!E37,0) -> 15.705 | H30: 2.06 | I30: =IF(('January 2022'!I37+'January 2022'!O37)>0,('January 2022'!I37+'January 2022'!O37),0) -> 7940 | J30: 0.04 | K30: =IF(('January 2022'!G37+'January 2022'!M37)>0,('January 2022'!G37+'January 2022'!M37),0) -> 8.2 | L30: 41.08 | M30: ='January 2022'!R37 -> 38
A31: San Francisco at Embarcadero | B31: =B30+1 -> 30 | C31: 1 | D31: 2022 | E31: =IF('January 2022'!C39>0,'January 2022'!C39,0) -> 12300 | F31: 0.14 | G31: =IF('January 2022'!E39>0,'January 2022'!E39,0) -> 25.128 | H31: 2.06 | I31: =IF(('January 2022'!I39+'January 2022'!O39)>0,('January 2022'!I39+'January 2022'!O39),0) -> 15860 | J31: 0.04 | K31: =IF(('January 2022'!G39+'January 2022'!M39)>0,('January 2022'!G39+'January 2022'!M39),0) -> 16.8 | L31: 41.08 | M31: ='January 2022'!R39 -> 39

Sheet January 2022
A2: MONTHLY METER READINGS: January 2022
A6: PREVIOUS Meter Reading | B6: 18358 | D6: 49283 | F6: 29793 | H6: 10831310 | J6: 353515 | L6: 18895 | N6: 29159910 | P6: 6255135
A7: DATE | B7: 1B | D7: 1B | F7: 1B | H7: 1B | J7: 4TH | L7: 36TH | N7: 36TH | P7: EAST PENT.
B8: ELECTRIC (kWh) | C8: Usage (kWh) | D8: GAS (CCF) | E8: Usage (Therms) | F8: STEAM (Mlbs) | G8: Usage (Mlbs) | H8: WATER (Gallons) | I8: Usage (Gallons) | J8: CT - 5 (Gallons) | K8: Usage (Gallons) | L8: STEAM (Mlbs) | M8: Usage (Mlbs) | N8: WATER (Gallons) | O8: Usage (Gallons) | P8: CT -3 (Gallons) | Q8: Usage (Gallons) | R8: Room Nights
A9: 1 | B9: 18383 | C9: =+(B9-B6)*300 -> 7500 | D9: 49299 | E9: =+(D9-D6)*1.047 -> 16.752 | F9: 29816 | G9: =+(F9-F6)*0.1 -> 2.3 | H9: 10832445 | I9: =+H9-H6 -> 1135 | J9: 353515 | K9: =+J9-J6 -> 0 | L9: 19019 | M9: =+(L9-L6)*0.1 -> 12.4 | N9: 29170185 | O9: =+N9-N6 -> 10275 | P9: 6255135 | Q9: =+P9-P6 -> 0 | R9: 58
A10: 2 | B10: 18398 | C10: =+(B10-B9)*300 -> 4500 | D10: 49308 | E10: =+(D10-D9)*1.047 -> 9.423 | F10: 29818 | G10: =+(F10-F9)*0.1 -> 0.2 | H10: 10832903 | I10: =+H10-H9 -> 458 | J10: 353515 | K10: =+J10-J9 -> 0 | L10: 19097 | M10: =+(L10-L9)*0.1 -> 7.8 | N10: 29176400 | O10: =+N10-N9 -> 6215 | P10: 6255207 | Q10: =+P10-P9 -> 72 | R10: 41
A11: 3 | B11: 18416 | C11: =+(B11-B10)*300 -> 5400 | D11: 49319 | E11: =+(D11-D10)*1.047 -> 11.517 | F11: 29822 | G11: =+(F11-F10)*0.1 -> 0.4 | H11: 10833641 | I11: =+H11-H10 -> 738 | J11: 353515 | K11: =+J11-J10 -> 0 | L11: 19188 | M11: =+(L11-L10)*0.1 -> 9.1 | N11: 29183100 | O11: =+N11-N10 -> 6700 | P11: 6255212 | Q11: =+P11-P10 -> 5 | R11: 36
A12: 4 | B12: 18435 | C12: =+(B12-B11)*300 -> 5700 | D12: 49331 | E12: =+(D12-D11)*1.047 -> 12.564 | F12: 29830 | G12: =+(F12-F11)*0.1 -> 0.8 | H12: 10834418 | I12: =+H12-H11 -> 777 | J12: 353515 | K12: =+J12-J11 -> 0 | L12: 19277 | M12: =+(L12-L11)*0.1 -> 8.9 | N12: 29194215 | O12: =+N12-N11 -> 11115 | P12: 6255212 | Q12: =+P12-P11 -> 0 | R12: 29
A13: 5 | B13: 18448 | C13: =+(B13-B12)*300 -> 3900 | D13: 49340 | E13: =+(D13-D12)*1.047 -> 9.423 | F13: 29836 | G13: =+(F13-F12)*0.1 -> 0.6 | H13: 10834980 | I13: =+H13-H12 -> 562 | J13: 353515 | K13: =+J13-J12 -> 0 | L13: 19336 | M13: =+(L13-L12)*0.1 -> 5.9 | N13: 29198100 | O13: =+N13-N12 -> 3885 | P13: 6255214 | Q13: =+P13-P12 -> 2 | R13: 30
A14: 6 | B14: 18466 | C14: =+(B14-B13)*300 -> 5400 | D14: 49350 | E14: =+(D14-D13)*1.047 -> 10.47 | F14: 29844 | G14: =+(F14-F13)*0.1 -> 0.8 | H14: 10835820 | I14: =+H14-H13 -> 840 | J14: 353515 | K14: =+J14-J13 -> 0 | L14: 19408 | M14: =+(L14-L13)*0.1 -> 7.2 | N14: 29204155 | O14: =+N14-N13 -> 6055 | P14: 6255214 | Q14: =+P14-P13 -> 0 | R14: 27
A15: 7 | B15: 18483 | C15: =+(B15-B14)*300 -> 5100 | D15: 49360 | E15: =+(D15-D14)*1.047 -> 10.47 | F15: 29851 | G15: =+(F15-F14)*0.1 -> 0.7 | H15: 10836575 | I15: =+H15-H14 -> 755 | J15: 353515 | K15: =+J15-J14 -> 0 | L15: 19488 | M15: =+(L15-L14)*0.1 -> 8 | N15: 29209190 | O15: =+N15-N14 -> 5035 | P15: 6255214 | Q15: =+P15-P14 -> 0 | R15: 25
A16: 8 | B16: 18501 | C16: =+(B16-B15)*300 -> 5400 | D16: 49387 | E16: =+(D16-D15)*1.047 -> 28.269 | F16: 29858 | G16: =+(F16-F15)*0.1 -> 0.7 | H16: 10837250 | I16: =+H16-H15 -> 675 | J16: 353515 | K16: =+J16-J15 -> 0 | L16: 19582 | M16: =+(L16-L15)*0.1 -> 9.4 | N16: 29219485 | O16: =+N16-N15 -> 10295 | P16: 6255256 | Q16: =+P16-P15 -> 42 | R16: 29
A17: 9 | B17: 18523 | C17: =+(B17-B16)*300 -> 6600 | D17: 49406 | E17: =+(D17-D16)*1.047 -> 19.893 | F17: 29867 | G17: =+(F17-F16)*0.1 -> 0.9 | H17: 10838196 | I17: =+H17-H16 -> 946 | J17: 353515 | K17: =+J17-J16 -> 0 | L17: 19673 | M17: =+(L17-L16)*0.1 -> 9.1 | N17: 29229989 | O17: =+N17-N16 -> 10504 | P17: 6255313 | Q17: =+P17-P16 -> 57 | R17: 31
A18: 10 | B18: 18546 | C18: =+(B18-B17)*300 -> 6900 | D18: 49419 | E18: =+(D18-D17)*1.047 -> 13.611 | F18: 29876 | G18: =+(F18-F17)*0.1 -> 0.9 | H18: 10839102 | I18: =+H18-H17 -> 906 | J18: 353515 | K18: =+J18-J17 -> 0 | L18: 19770 | M18: =+(L18-L17)*0.1 -> 9.7 | N18: 29238475 | O18: =+N18-N17 -> 8486 | P18: 6255746 | Q18: =+P18-P17 -> 433 | R18: 23
A19: 11 | B19: 18564 | C19: =+(B19-B18)*300 -> 5400 | D19: 49429 | E19: =+(D19-D18)*1.047 -> 10.47 | F19: 29883 | G19: =+(F19-F18)*0.1 -> 0.7 | H19: 10839890 | I19: =+H19-H18 -> 788 | J19: 353515 | K19: =+J19-J18 -> 0 | L19: 19844 | M19: =+(L19-L18)*0.1 -> 7.4 | N19: 29243315 | O19: =+N19-N18 -> 4840 | P19: 6256128 | Q19: =+P19-P18 -> 382 | R19: 27
A20: 12 | B20: 18578 | C20: =+(B20-B19)*300 -> 4200 | D20: 49435 | E20: =+(D20-D19)*1.047 -> 6.282 | F20: 29888 | G20: =+(F20-F19)*0.1 -> 0.5 | H20: 10840170 | I20: =+H20-H19 -> 280 | J20: 353515 | K20: =+J20-J19 -> 0 | L20: 19903 | M20: =+(L20-L19)*0.1 -> 5.9 | N20: 29247575 | O20: =+N20-N19 -> 4260 | P20: 6256492 | Q20: =+P20-P19 -> 364 | R20: 28
A21: 13 | B21: 18598 | C21: =+(B21-B20)*300 -> 6000 | D21: 49445 | E21: =+(D21-D20)*1.047 -> 10.47 | F21: 29894 | G21: =+(F21-F20)*0.1 -> 0.6 | H21: 10841000 | I21: =+H21-H20 -> 830 | J21: 353673 | K21: =+J21-J20 -> 158 | L21: 19971 | M21: =+(L21-L20)*0.1 -> 6.8 | N21: 29253500 | O21: =+N21-N20 -> 5925 | P21: 6256791 | Q21: =+P21-P20 -> 299 | R21: 26
... A38: 30 | B38: 18947 | C38: =+(B38-B37)*300 -> 7200 | D38: 49641 | E38: =+(D38-D37)*1.047 -> 14.658 | F38: 30012 | G38: =+(F38-F37)*0.1 -> 0.7 | H38: 10854589 | I38: =+H38-H37 -> 849 | J38: 359234 | K38: =+J38-J37 -> 281 | L38: 21196 | M38: =+(L38-L37)*0.1 -> 8.5 | N38: 29354354 | O38: =+N38-N37 -> 8454 | P38: 6263642 | Q38: =+P38-P37 -> 273 | R38: 47
A39: 31 | B39: 18964 | C39: =+(B39-B37)*300 -> 12300 | D39: 49651 | E39: =+(D39-D37)*1.047 -> 25.128 | F39: 30019 | G39: =+(F39-F37)*0.1 -> 1.4 | H39: 10855075 | I39: =+H39-H37 -> 1335 | J39: 359330 | K39: =+J39-J37 -> 377 | L39: 21265 | M39: =+(L39-L37)*0.1 -> 15.4 | N39: 29360425 | O39: =+N39-N37 -> 14525 | P39: 6263823 | Q39: =+P39-P37 -> 454 | R39: 39
A41: Total | C41: =SUM(C9:C40) -> 189000 | E41: =SUM(E9:E40) -> 399.954 | G41: =SUM(G9:G40) -> 23.3 | I41: =SUM(I9:I40) -> 24614 | K41: =SUM(K9:K40) -> 6096 | M41: =SUM(M9:M40) -> 245.5 | O41: =SUM(O9:O40) -> 208969 | Q41: =SUM(Q9:Q40) -> 8961 | R41: =SUM(R9:R40) -> 943
