Workbook

Sheet Total Daily 
A1: Site Name | B1: Day | C1: Month | D1: Year | E1: Total Electricity Kwh | F1: Electricity Tariff ($/Kwh) | G1: Natual Gas (m3) | H1: Natural Gas $/m3 | I1: Water Utility Supply (m3) m3 | J1: Water Utility Supply (m3) $/m3 | K1: Room Nights
A2: St Petersburg | B2: 1 | C2: 12 | D2: 2021 | E2: =HOTEL!B7 -> 20826.07 | F2: 5.88 | G2: ='Submetering Daily '!E2+'Submetering Daily '!F2 -> 3301 | H2: 6.48 | I2: ='Submetering Daily '!G2+'Submetering Daily '!H2 -> 82 | J2: 37.19 | K2: =HOTEL!G6 -> 52
A3: St Petersburg | B3: =B2+1 -> 2 | C3: 12 | D3: 2021 | E3: =HOTEL!B8 -> 20231.61 | F3: 5.88 | G3: ='Submetering Daily '!E3+'Submetering Daily '!F3 -> 3611 | H3: 6.48 | I3: ='Submetering Daily '!G3+'Submetering Daily '!H3 -> 99 | J3: 37.19 | K3: =HOTEL!G7 -> 80
A4: St Petersburg | B4: =B3+1 -> 3 | C4: 12 | D4: 2021 | E4: =HOTEL!B9 -> 19313.07 | F4: 5.88 | G4: ='Submetering Daily '!E4+'Submetering Daily '!F4 -> 3670 | H4: 6.48 | I4: ='Submetering Daily '!G4+'Submetering Daily '!H4 -> 96 | J4: 37.19 | K4: =HOTEL!G8 -> 85
A5: St Petersburg | B5: =B4+1 -> 4 | C5: 12 | D5: 2021 | E5: =HOTEL!B10 -> 20218.54 | F5: 5.88 | G5: ='Submetering Daily '!E5+'Submetering Daily '!F5 -> 3542 | H5: 6.48 | I5: ='Submetering Daily '!G5+'Submetering Daily '!H5 -> 115 | J5: 37.19 | K5: =HOTEL!G9 -> 86
A6: St Petersburg | B6: =B5+1 -> 5 | C6: 12 | D6: 2021 | E6: =HOTEL!B11 -> 19513.78 | F6: 5.88 | G6: ='Submetering Daily '!E6+'Submetering Daily '!F6 -> 3593 | H6: 6.48 | I6: ='Submetering Daily '!G6+'Submetering Daily '!H6 -> 95 | J6: 37.19 | K6: =HOTEL!G10 -> 82
A7: St Petersburg | B7: =B6+1 -> 6 | C7: 12 | D7: 2021 | E7: =HOTEL!B12 -> 18759.22 | F7: 5.88 | G7: ='Submetering Daily '!E7+'Submetering Daily '!F7 -> 4047 | H7: 6.48 | I7: ='Submetering Daily '!G7+'Submetering Daily '!H7 -> 98 | J7: 37.19 | K7: =HOTEL!G11 -> 103
A8: St Petersburg | B8: =B7+1 -> 7 | C8: 12 | D8: 2021 | E8: =HOTEL!B13 -> 20148.94 | F8: 5.88 | G8: ='Submetering Daily '!E8+'Submetering Daily '!F8 -> 3332 | H8: 6.48 | I8: ='Submetering Daily '!G8+'Submetering Daily '!H8 -> 102 | J8: 37.19 | K8: =HOTEL!G12 -> 109
A9: St Petersburg | B9: =B8+1 -> 8 | C9: 12 | D9: 2021 | E9: =HOTEL!B14 -> 20300.8 | F9: 5.88 | G9: ='Submetering Daily '!E9+'Submetering Daily '!F9 -> 3280 | H9: 6.48 | I9: ='Submetering Daily '!G9+'Submetering Daily '!H9 -> 94 | J9: 37.19 | K9: =HOTEL!G13 -> 98
A10: St Petersburg | B10: =B9+1 -> 9 | C10: 12 | D10: 2021 | E10: =HOTEL!B15 -> 20199.41 | F10: 5.88 | G10: ='Submetering Daily '!E10+'Submetering Daily '!F10 -> 5143 | H10: 6.48 | I10: ='Submetering Daily '!G10+'Submetering Daily '!H10 -> 121 | J10: 37.19 | K10: =HOTEL!G14 -> 101
A11: St Petersburg | B11: =B10+1 -> 10 | C11: 12 | D11: 2021 | E11: =HOTEL!B16 -> 20179.58 | F11: 5.88 | G11: ='Submetering Daily '!E11+'Submetering Daily '!F11 -> 4499 | H11: 6.48 | I11: ='Submetering Daily '!G11+'Submetering Daily '!H11 -> 84 | J11: 37.19 | K11: =HOTEL!G15 -> 119
A12: St Petersburg | B12: =B11+1 -> 11 | C12: 12 | D12: 2021 | E12: =HOTEL!B17 -> 19538.71 | F12: 5.88 | G12: ='Submetering Daily '!E12+'Submetering Daily '!F12 -> 4112 | H12: 6.48 | I12: ='Submetering Daily '!G12+'Submetering Daily '!H12 -> 102 | J12: 37.19 | K12: =HOTEL!G16 -> 110
A13: St Petersburg | B13: =B12+1 -> 12 | C13: 12 | D13: 2021 | E13: =HOTEL!B18 -> 19200.87 | F13: 5.88 | G13: ='Submetering Daily '!E13+'Submetering Daily '!F13 -> 3422 | H13: 6.48 | I13: ='Submetering Daily '!G13+'Submetering Daily '!H13 -> 103 | J13: 37.19 | K13: =HOTEL!G17 -> 93
A14: St Petersburg | B14: =B13+1 -> 13 | C14: 12 | D14: 2021 | E14: =HOTEL!B19 -> 19751 | F14: 5.88 | G14: ='Submetering Daily '!E14+'Submetering Daily '!F14 -> 3291 | H14: 6.48 | I14: ='Submetering Daily '!G14+'Submetering Daily '!H14 -> 110 | J14: 37.19 | K14: =HOTEL!G18 -> 43
... A30: St Petersburg | B30: =B29+1 -> 29 | C30: 12 | D30: 2021 | E30: =HOTEL!B35 -> 19179.76 | F30: 5.88 | G30: ='Submetering Daily '!E30+'Submetering Daily '!F30 -> 3753 | H30: 6.48 | I30: ='Submetering Daily '!G30+'Submetering Daily '!H30 -> 123 | J30: 37.19 | K30: =HOTEL!G34 -> 91
A31: St Petersburg | B31: =B30+1 -> 30 | C31: 12 | D31: 2021 | E31: =HOTEL!B6 -> 19457.23 | F31: 5.88 | G31: ='Submetering Daily '!E31+'Submetering Daily '!F31 -> 3650 | H31: 6.48 | I31: ='Submetering Daily '!G31+'Submetering Daily '!H31 -> 126 | J31: 37.19 | K31: =HOTEL!G35 -> 93
A32: St Petersburg | B32: =B31+1 -> 31 | C32: 12 | D32: 2021 | E32: =HOTEL!B7 -> 20826.07 | F32: 5.88 | G32: ='Submetering Daily '!E32+'Submetering Daily '!F32 -> 4302 | H32: 6.48 | I32: ='Submetering Daily '!G32+'Submetering Daily '!H32 -> 140 | J32: 38.19 | K32: =HOTEL!G36 -> 98
I34: =SUM(I2:I32) -> 3389

Sheet Submetering Daily 
A1: Site Name | B1: Day | C1: Month | D1: Year | E1: Main Kitchen (m3) | F1: Boiler (m3) | G1: Water 1 (m3) | H1: Water 2 (m3) | I1: Room Nights
A2: St Petersburg | B2: 1 | C2: 12 | D2: 2021 | E2: =IF(((HOTEL!C7-HOTEL!C6)<0),0,(HOTEL!C7-HOTEL!C6)) -> 101 | F2: =IF(((HOTEL!D7-HOTEL!D6)<0),0,(HOTEL!D7-HOTEL!D6)) -> 3200 | G2: =IF(((HOTEL!E7-HOTEL!E6)<0),0,(HOTEL!E7-HOTEL!E6)) -> 82 | H2: =IF(((HOTEL!F7-HOTEL!F6)<0),0,(HOTEL!F7-HOTEL!F6)) -> 0 | I2: =HOTEL!G6 -> 52
A3: St Petersburg | B3: =B2+1 -> 2 | C3: 12 | D3: 2021 | E3: =IF(((HOTEL!C8-HOTEL!C7)<0),0,(HOTEL!C8-HOTEL!C7)) -> 99 | F3: =IF(((HOTEL!D8-HOTEL!D7)<0),0,(HOTEL!D8-HOTEL!D7)) -> 3512 | G3: =IF(((HOTEL!E8-HOTEL!E7)<0),0,(HOTEL!E8-HOTEL!E7)) -> 99 | H3: =IF(((HOTEL!F8-HOTEL!F7)<0),0,(HOTEL!F8-HOTEL!F7)) -> 0 | I3: =HOTEL!G7 -> 80
A4: St Petersburg | B4: =B3+1 -> 3 | C4: 12 | D4: 2021 | E4: =IF(((HOTEL!C9-HOTEL!C8)<0),0,(HOTEL!C9-HOTEL!C8)) -> 101 | F4: =IF(((HOTEL!D9-HOTEL!D8)<0),0,(HOTEL!D9-HOTEL!D8)) -> 3569 | G4: =IF(((HOTEL!E9-HOTEL!E8)<0),0,(HOTEL!E9-HOTEL!E8)) -> 96 | H4: =IF(((HOTEL!F9-HOTEL!F8)<0),0,(HOTEL!F9-HOTEL!F8)) -> 0 | I4: =HOTEL!G8 -> 85
A5: St Petersburg | B5: =B4+1 -> 4 | C5: 12 | D5: 2021 | E5: =IF(((HOTEL!C10-HOTEL!C9)<0),0,(HOTEL!C10-HOTEL!C9)) -> 103 | F5: =IF(((HOTEL!D10-HOTEL!D9)<0),0,(HOTEL!D10-HOTEL!D9)) -> 3439 | G5: =IF(((HOTEL!E10-HOTEL!E9)<0),0,(HOTEL!E10-HOTEL!E9)) -> 115 | H5: =IF(((HOTEL!F10-HOTEL!F9)<0),0,(HOTEL!F10-HOTEL!F9)) -> 0 | I5: =HOTEL!G9 -> 86
A6: St Petersburg | B6: =B5+1 -> 5 | C6: 12 | D6: 2021 | E6: =IF(((HOTEL!C11-HOTEL!C10)<0),0,(HOTEL!C11-HOTEL!C10)) -> 95 | F6: =IF(((HOTEL!D11-HOTEL!D10)<0),0,(HOTEL!D11-HOTEL!D10)) -> 3498 | G6: =IF(((HOTEL!E11-HOTEL!E10)<0),0,(HOTEL!E11-HOTEL!E10)) -> 95 | H6: =IF(((HOTEL!F11-HOTEL!F10)<0),0,(HOTEL!F11-HOTEL!F10)) -> 0 | I6: =HOTEL!G10 -> 82
A7: St Petersburg | B7: =B6+1 -> 6 | C7: 12 | D7: 2021 | E7: =IF(((HOTEL!C12-HOTEL!C11)<0),0,(HOTEL!C12-HOTEL!C11)) -> 78 | F7: =IF(((HOTEL!D12-HOTEL!D11)<0),0,(HOTEL!D12-HOTEL!D11)) -> 3969 | G7: =IF(((HOTEL!E12-HOTEL!E11)<0),0,(HOTEL!E12-HOTEL!E11)) -> 98 | H7: =IF(((HOTEL!F12-HOTEL!F11)<0),0,(HOTEL!F12-HOTEL!F11)) -> 0 | I7: =HOTEL!G11 -> 103
A8: St Petersburg | B8: =B7+1 -> 7 | C8: 12 | D8: 2021 | E8: =IF(((HOTEL!C13-HOTEL!C12)<0),0,(HOTEL!C13-HOTEL!C12)) -> 101 | F8: =IF(((HOTEL!D13-HOTEL!D12)<0),0,(HOTEL!D13-HOTEL!D12)) -> 3231 | G8: =IF(((HOTEL!E13-HOTEL!E12)<0),0,(HOTEL!E13-HOTEL!E12)) -> 102 | H8: =IF(((HOTEL!F13-HOTEL!F12)<0),0,(HOTEL!F13-HOTEL!F12)) -> 0 | I8: =HOTEL!G12 -> 109
A9: St Petersburg | B9: =B8+1 -> 8 | C9: 12 | D9: 2021 | E9: =IF(((HOTEL!C14-HOTEL!C13)<0),0,(HOTEL!C14-HOTEL!C13)) -> 80 | F9: =IF(((HOTEL!D14-HOTEL!D13)<0),0,(HOTEL!D14-HOTEL!D13)) -> 3200 | G9: =IF(((HOTEL!E14-HOTEL!E13)<0),0,(HOTEL!E14-HOTEL!E13)) -> 94 | H9: =IF(((HOTEL!F14-HOTEL!F13)<0),0,(HOTEL!F14-HOTEL!F13)) -> 0 | I9: =HOTEL!G13 -> 98
A10: St Petersburg | B10: =B9+1 -> 9 | C10: 12 | D10: 2021 | E10: =IF(((HOTEL!C15-HOTEL!C14)<0),0,(HOTEL!C15-HOTEL!C14)) -> 143 | F10: =IF(((HOTEL!D15-HOTEL!D14)<0),0,(HOTEL!D15-HOTEL!D14)) -> 5000 | G10: =IF(((HOTEL!E15-HOTEL!E14)<0),0,(HOTEL!E15-HOTEL!E14)) -> 121 | H10: =IF(((HOTEL!F15-HOTEL!F14)<0),0,(HOTEL!F15-HOTEL!F14)) -> 0 | I10: =HOTEL!G14 -> 101
A11: St Petersburg | B11: =B10+1 -> 10 | C11: 12 | D11: 2021 | E11: =IF(((HOTEL!C16-HOTEL!C15)<0),0,(HOTEL!C16-HOTEL!C15)) -> 69 | F11: =IF(((HOTEL!D16-HOTEL!D15)<0),0,(HOTEL!D16-HOTEL!D15)) -> 4430 | G11: =IF(((HOTEL!E16-HOTEL!E15)<0),0,(HOTEL!E16-HOTEL!E15)) -> 84 | H11: =IF(((HOTEL!F16-HOTEL!F15)<0),0,(HOTEL!F16-HOTEL!F15)) -> 0 | I11: =HOTEL!G15 -> 119
A12: St Petersburg | B12: =B11+1 -> 11 | C12: 12 | D12: 2021 | E12: =IF(((HOTEL!C17-HOTEL!C16)<0),0,(HOTEL!C17-HOTEL!C16)) -> 82 | F12: =IF(((HOTEL!D17-HOTEL!D16)<0),0,(HOTEL!D17-HOTEL!D16)) -> 4030 | G12: =IF(((HOTEL!E17-HOTEL!E16)<0),0,(HOTEL!E17-HOTEL!E16)) -> 102 | H12: =IF(((HOTEL!F17-HOTEL!F16)<0),0,(HOTEL!F17-HOTEL!F16)) -> 0 | I12: =HOTEL!G16 -> 110
A13: St Petersburg | B13: =B12+1 -> 12 | C13: 12 | D13: 2021 | E13: =IF(((HOTEL!C18-HOTEL!C17)<0),0,(HOTEL!C18-HOTEL!C17)) -> 101 | F13: =IF(((HOTEL!D18-HOTEL!D17)<0),0,(HOTEL!D18-HOTEL!D17)) -> 3321 | G13: =IF(((HOTEL!E18-HOTEL!E17)<0),0,(HOTEL!E18-HOTEL!E17)) -> 103 | H13: =IF(((HOTEL!F18-HOTEL!F17)<0),0,(HOTEL!F18-HOTEL!F17)) -> 0 | I13: =HOTEL!G17 -> 93
A14: St Petersburg | B14: =B13+1 -> 13 | C14: 12 | D14: 2021 | E14: =IF(((HOTEL!C19-HOTEL!C18)<0),0,(HOTEL!C19-HOTEL!C18)) -> 56 | F14: =IF(((HOTEL!D19-HOTEL!D18)<0),0,(HOTEL!D19-HOTEL!D18)) -> 3235 | G14: =IF(((HOTEL!E19-HOTEL!E18)<0),0,(HOTEL!E19-HOTEL!E18)) -> 110 | H14: =IF(((HOTEL!F19-HOTEL!F18)<0),0,(HOTEL!F19-HOTEL!F18)) -> 0 | I14: =HOTEL!G18 -> 43
... A32: St Petersburg | B32: =B31+1 -> 31 | C32: 12 | D32: 2021 | E32: =IF(((HOTEL!C37-HOTEL!C36)<0),0,(HOTEL!C37-HOTEL!C36)) -> 119 | F32: =IF(((HOTEL!D37-HOTEL!D36)<0),0,(HOTEL!D37-HOTEL!D36)) -> 4183 | G32: =IF(((HOTEL!E37-HOTEL!E36)<0),0,(HOTEL!E37-HOTEL!E36)) -> 140 | H32: =IF(((HOTEL!F37-HOTEL!F36)<0),0,(HOTEL!F37-HOTEL!F36)) -> 0 | I32: =HOTEL!G36 -> 98

Sheet HOTEL
A2: FOUR SEASONS HOTEL - Saint Petersburg
A3: HLP READING MONTH OF DECEMBER' 2021
B4: Electricity (KWH) | E4: Water (cu.m)
A5: Date | B5: Total KWh | C5: Main Kitchen | D5: Boiler | E5: Water 1 (m3) | F5: Water 2 (m3) | G5: Room Night
A6: 44530 | B6: 19457.23 | C6: 38880 | D6: 6870699 | E6: 405859 | F6: 3436 | G6: 52
A7: 44531 | B7: 20826.07 | C7: 38981 | D7: 6873899 | E7: 405941 | F7: 3436 | G7: 80
A8: 44532 | B8: 20231.61 | C8: 39080 | D8: 6877411 | E8: 406040 | F8: 3436 | G8: 85
A9: 44533 | B9: 19313.07 | C9: 39181 | D9: 6880980 | E9: 406136 | F9: 3436 | G9: 86
A10: 44534 | B10: 20218.54 | C10: 39284 | D10: 6884419 | E10: 406251 | F10: 3436 | G10: 82
A11: 44535 | B11: 19513.78 | C11: 39379 | D11: 6887917 | E11: 406346 | F11: 3436 | G11: 103
A12: 44536 | B12: 18759.22 | C12: 39457 | D12: 6891886 | E12: 406444 | F12: 3436 | G12: 109
A13: 44537 | B13: 20148.94 | C13: 39558 | D13: 6895117 | E13: 406546 | F13: 3436 | G13: 98
A14: 44538 | B14: 20300.8 | C14: 39638 | D14: 6898317 | E14: 406640 | F14: 3436 | G14: 101
A15: 44539 | B15: 20199.41 | C15: 39781 | D15: 6903317 | E15: 406761 | F15: 3436 | G15: 119
A16: 44540 | B16: 20179.58 | C16: 39850 | D16: 6907747 | E16: 406845 | F16: 3436 | G16: 110
A17: 44541 | B17: 19538.71 | C17: 39932 | D17: 6911777 | E17: 406947 | F17: 3436 | G17: 93
... A37: 44561 | B37: 21254.04 | C37: 41914 | D37: 6980529 | E37: 409248 | F37: 3436 | G37: 152
