Workbook

Sheet Total Daily 
A1: Site Name | B1: Day | C1: Month | D1: Year | E1: Total Electricity Kwh | F1: Electricity Tariff ($/Kwh) | G1: LPG (Kg) | H1: LPG $/Kg | I1: District Energy Cooling Kwh | J1: District Energy Cooling $/Kwh | K1: Water Utility Supply (m3) m3 | L1: Water Utility Supply (m3) m3 | M1: Water Utility Supply (m3) $/m3 | N1: Room Nights
A2: Dubai DIFC | B2: 1 | C2: 2 | D2: 2022 | E2: ='02 - 2022'!B8-'02 - 2022'!B7+'02 - 2022'!C8-'02 - 2022'!C7 -> 9154 | F2: 0.118 | G2: ='02 - 2022'!D8-'02 - 2022'!D7+'02 - 2022'!E8-'02 - 2022'!E7 -> 20.96 | H2: 0.99 | I2: ='02 - 2022'!J8-'02 - 2022'!J7 -> 11899 | J2: 0.081 | K2: ='02 - 2022'!H8-'02 - 2022'!H7 -> 0 | L2: ='02 - 2022'!I8-'02 - 2022'!I7 -> 96 | M2: 4.3936294 | N2: 67
A3: Dubai DIFC | B3: =B2+1 -> 2 | C3: 2 | D3: 2022 | E3: ='02 - 2022'!B9-'02 - 2022'!B8+'02 - 2022'!C9-'02 - 2022'!C8 -> 9442 | F3: 0.118 | G3: ='02 - 2022'!D9-'02 - 2022'!D8+'02 - 2022'!E9-'02 - 2022'!E8 -> 17.96 | H3: 0.99 | I3: ='02 - 2022'!J9-'02 - 2022'!J8 -> 12785 | J3: 0.081 | K3: ='02 - 2022'!H9-'02 - 2022'!H8 -> 0 | L3: ='02 - 2022'!I9-'02 - 2022'!I8 -> 112 | M3: 4.3936294 | N3: 84
A4: Dubai DIFC | B4: =B3+1 -> 3 | C4: 2 | D4: 2022 | E4: ='02 - 2022'!B10-'02 - 2022'!B9+'02 - 2022'!C10-'02 - 2022'!C9 -> 9692 | F4: 0.118 | G4: ='02 - 2022'!D10-'02 - 2022'!D9+'02 - 2022'!E10-'02 - 2022'!E9 -> 18.68 | H4: 0.99 | I4: ='02 - 2022'!J10-'02 - 2022'!J9 -> 12124 | J4: 0.081 | K4: ='02 - 2022'!H10-'02 - 2022'!H9 -> 0 | L4: ='02 - 2022'!I10-'02 - 2022'!I9 -> 113 | M4: 4.3936294 | N4: 93
A5: Dubai DIFC | B5: =B4+1 -> 4 | C5: 2 | D5: 2022 | E5: ='02 - 2022'!B11-'02 - 2022'!B10+'02 - 2022'!C11-'02 - 2022'!C10 -> 9534 | F5: 0.118 | G5: ='02 - 2022'!D11-'02 - 2022'!D10+'02 - 2022'!E11-'02 - 2022'!E10 -> 15.38 | H5: 0.99 | I5: ='02 - 2022'!J11-'02 - 2022'!J10 -> 11738 | J5: 0.081 | K5: ='02 - 2022'!H11-'02 - 2022'!H10 -> 0 | L5: ='02 - 2022'!I11-'02 - 2022'!I10 -> 109 | M5: 4.3936294 | N5: 102
A6: Dubai DIFC | B6: =B5+1 -> 5 | C6: 2 | D6: 2022 | E6: ='02 - 2022'!B12-'02 - 2022'!B11+'02 - 2022'!C12-'02 - 2022'!C11 -> 9778 | F6: 0.118 | G6: ='02 - 2022'!D12-'02 - 2022'!D11+'02 - 2022'!E12-'02 - 2022'!E11 -> 24.94 | H6: 0.99 | I6: ='02 - 2022'!J12-'02 - 2022'!J11 -> 12902 | J6: 0.081 | K6: ='02 - 2022'!H12-'02 - 2022'!H11 -> 0 | L6: ='02 - 2022'!I12-'02 - 2022'!I11 -> 120 | M6: 4.3936294 | N6: 98
A7: Dubai DIFC | B7: =B6+1 -> 6 | C7: 2 | D7: 2022 | E7: ='02 - 2022'!B13-'02 - 2022'!B12+'02 - 2022'!C13-'02 - 2022'!C12 -> 9677 | F7: 0.118 | G7: ='02 - 2022'!D13-'02 - 2022'!D12+'02 - 2022'!E13-'02 - 2022'!E12 -> 16.7 | H7: 0.99 | I7: ='02 - 2022'!J13-'02 - 2022'!J12 -> 12810 | J7: 0.081 | K7: ='02 - 2022'!H13-'02 - 2022'!H12 -> 0 | L7: ='02 - 2022'!I13-'02 - 2022'!I12 -> 113 | M7: 4.3936294 | N7: 66
A8: Dubai DIFC | B8: =B7+1 -> 7 | C8: 2 | D8: 2022 | E8: ='02 - 2022'!B14-'02 - 2022'!B13+'02 - 2022'!C14-'02 - 2022'!C13 -> 9856 | F8: 0.118 | G8: ='02 - 2022'!D14-'02 - 2022'!D13+'02 - 2022'!E14-'02 - 2022'!E13 -> 17.87 | H8: 0.99 | I8: ='02 - 2022'!J14-'02 - 2022'!J13 -> 11975 | J8: 0.081 | K8: ='02 - 2022'!H14-'02 - 2022'!H13 -> 0 | L8: ='02 - 2022'!I14-'02 - 2022'!I13 -> 98 | M8: 4.3936294 | N8: 67
A9: Dubai DIFC | B9: =B8+1 -> 8 | C9: 2 | D9: 2022 | E9: ='02 - 2022'!B15-'02 - 2022'!B14+'02 - 2022'!C15-'02 - 2022'!C14 -> 9736 | F9: 0.118 | G9: ='02 - 2022'!D15-'02 - 2022'!D14+'02 - 2022'!E15-'02 - 2022'!E14 -> 18.9 | H9: 0.99 | I9: ='02 - 2022'!J15-'02 - 2022'!J14 -> 10601 | J9: 0.081 | K9: ='02 - 2022'!H15-'02 - 2022'!H14 -> 0 | L9: ='02 - 2022'!I15-'02 - 2022'!I14 -> 109 | M9: 4.3936294 | N9: 78
A10: Dubai DIFC | B10: =B9+1 -> 9 | C10: 2 | D10: 2022 | E10: ='02 - 2022'!B16-'02 - 2022'!B15+'02 - 2022'!C16-'02 - 2022'!C15 -> 9657 | F10: 0.118 | G10: ='02 - 2022'!D16-'02 - 2022'!D15+'02 - 2022'!E16-'02 - 2022'!E15 -> 17.04 | H10: 0.99 | I10: ='02 - 2022'!J16-'02 - 2022'!J15 -> 11071 | J10: 0.081 | K10: ='02 - 2022'!H16-'02 - 2022'!H15 -> 0 | L10: ='02 - 2022'!I16-'02 - 2022'!I15 -> 110 | M10: 4.3936294 | N10: 92
A11: Dubai DIFC | B11: =B10+1 -> 10 | C11: 2 | D11: 2022 | E11: ='02 - 2022'!B17-'02 - 2022'!B16+'02 - 2022'!C17-'02 - 2022'!C16 -> 9573 | F11: 0.118 | G11: ='02 - 2022'!D17-'02 - 2022'!D16+'02 - 2022'!E17-'02 - 2022'!E16 -> 19 | H11: 0.99 | I11: ='02 - 2022'!J17-'02 - 2022'!J16 -> 11256 | J11: 0.081 | K11: ='02 - 2022'!H17-'02 - 2022'!H16 -> 0 | L11: ='02 - 2022'!I17-'02 - 2022'!I16 -> 104 | M11: 4.3936294 | N11: 100
A12: Dubai DIFC | B12: =B11+1 -> 11 | C12: 2 | D12: 2022 | E12: ='02 - 2022'!B18-'02 - 2022'!B17+'02 - 2022'!C18-'02 - 2022'!C17 -> 9600 | F12: 0.118 | G12: ='02 - 2022'!D18-'02 - 2022'!D17+'02 - 2022'!E18-'02 - 2022'!E17 -> 20.37 | H12: 0.99 | I12: ='02 - 2022'!J18-'02 - 2022'!J17 -> 11787 | J12: 0.081 | K12: ='02 - 2022'!H18-'02 - 2022'!H17 -> 0 | L12: ='02 - 2022'!I18-'02 - 2022'!I17 -> 109 | M12: 4.3936294 | N12: 102
A13: Dubai DIFC | B13: =B12+1 -> 12 | C13: 2 | D13: 2022 | E13: ='02 - 2022'!B19-'02 - 2022'!B18+'02 - 2022'!C19-'02 - 2022'!C18 -> 9855 | F13: 0.118 | G13: ='02 - 2022'!D19-'02 - 2022'!D18+'02 - 2022'!E19-'02 - 2022'!E18 -> 20.57 | H13: 0.99 | I13: ='02 - 2022'!J19-'02 - 2022'!J18 -> 12346 | J13: 0.081 | K13: ='02 - 2022'!H19-'02 - 2022'!H18 -> 0 | L13: ='02 - 2022'!I19-'02 - 2022'!I18 -> 114 | M13: 4.3936294 | N13: 91
A14: Dubai DIFC | B14: =B13+1 -> 13 | C14: 2 | D14: 2022 | E14: ='02 - 2022'!B20-'02 - 2022'!B19+'02 - 2022'!C20-'02 - 2022'!C19 -> 9752 | F14: 0.118 | G14: ='02 - 2022'!D20-'02 - 2022'!D19+'02 - 2022'!E20-'02 - 2022'!E19 -> 16.31 | H14: 0.99 | I14: ='02 - 2022'!J20-'02 - 2022'!J19 -> 12764 | J14: 0.081 | K14: ='02 - 2022'!H20-'02 - 2022'!H19 -> 0 | L14: ='02 - 2022'!I20-'02 - 2022'!I19 -> 116 | M14: 4.3936294 | N14: 77
... A25: Dubai DIFC | B25: =B24+1 -> 24 | C25: 2 | D25: 2022 | E25: ='02 - 2022'!B31-'02 - 2022'!B30+'02 - 2022'!C31-'02 - 2022'!C30 -> 9304 | F25: 0.118 | G25: ='02 - 2022'!D31-'02 - 2022'!D30+'02 - 2022'!E31-'02 - 2022'!E30 -> 19.54 | H25: 0.99 | I25: ='02 - 2022'!J31-'02 - 2022'!J30 -> 13426 | J25: 0.081 | K25: ='02 - 2022'!H31-'02 - 2022'!H30 -> 0 | L25: ='02 - 2022'!I31-'02 - 2022'!I30 -> 107 | M25: 4.3936294 | N25: 106
A26: Dubai DIFC | B26: =B25+1 -> 25 | C26: 2 | D26: 2022 | E26: 0 | F26: 0.118 | G26: 0 | H26: 0.99 | I26: 0 | J26: 0.081 | K26: 0 | L26: 0 | M26: 4.3936294
A27: Dubai DIFC | B27: =B26+1 -> 26 | C27: 2 | D27: 2022 | E27: ='02 - 2022'!B33-'02 - 2022'!B32+'02 - 2022'!C33-'02 - 2022'!C32 -> 0 | F27: 0.118 | G27: ='02 - 2022'!D33-'02 - 2022'!D32+'02 - 2022'!E33-'02 - 2022'!E32 -> 0 | H27: 0.99 | I27: ='02 - 2022'!J33-'02 - 2022'!J32 -> 0 | J27: 0.081 | K27: ='02 - 2022'!H33-'02 - 2022'!H32 -> 0 | L27: ='02 - 2022'!I33-'02 - 2022'!I32 -> 0 | M27: 4.3936294
A28: Dubai DIFC | B28: =B27+1 -> 27 | C28: 2 | D28: 2022 | E28: ='02 - 2022'!B34-'02 - 2022'!B33+'02 - 2022'!C34-'02 - 2022'!C33 -> 0 | F28: 0.118 | G28: ='02 - 2022'!D34-'02 - 2022'!D33+'02 - 2022'!E34-'02 - 2022'!E33 -> 0 | H28: 0.99 | I28: ='02 - 2022'!J34-'02 - 2022'!J33 -> 0 | J28: 0.081 | K28: ='02 - 2022'!H34-'02 - 2022'!H33 -> 0 | L28: ='02 - 2022'!I34-'02 - 2022'!I33 -> 0 | M28: 4.3936294
A29: Dubai DIFC | B29: =B28+1 -> 28 | C29: 2 | D29: 2022 | E29: ='02 - 2022'!B35-'02 - 2022'!B34+'02 - 2022'!C35-'02 - 2022'!C34 -> 0 | F29: 0.118 | G29: ='02 - 2022'!D35-'02 - 2022'!D34+'02 - 2022'!E35-'02 - 2022'!E34 -> 0 | H29: 0.99 | I29: ='02 - 2022'!J35-'02 - 2022'!J34 -> 0 | J29: 0.081 | K29: ='02 - 2022'!H35-'02 - 2022'!H34 -> 0 | L29: ='02 - 2022'!I35-'02 - 2022'!I34 -> 0 | M29: 4.3936294

Sheet Submetering Daily 
A1: Site Name | B1: Day | C1: Month | D1: Year | E1: Panel LV1 Kwh | F1: Panel LV2 Kwh | G1: Electricity Tariff ($/Kwh) | H1: Main Kitchen LPG (Kg) | I1: Podium Kitchen LPG (Kg) | J1: Boiler LPG (Kg) | K1: LPG $/Kg | L1: Room Nights
A2: Dubai DIFC | B2: 1 | C2: 2 | D2: 2022 | E2: ='02 - 2022'!B8-'02 - 2022'!B7 -> 3684 | F2: ='02 - 2022'!C8-'02 - 2022'!C7 -> 5470 | G2: 0.118 | H2: ='02 - 2022'!E8-'02 - 2022'!E7 -> 21.03 | I2: ='02 - 2022'!F8-'02 - 2022'!F7 -> 8.52 | J2: ='02 - 2022'!G8-'02 - 2022'!G7 -> 36.27 | K2: 0.74 | L2: 67
A3: Dubai DIFC | B3: =B2+1 -> 2 | C3: 2 | D3: 2022 | E3: ='02 - 2022'!B9-'02 - 2022'!B8 -> 3764 | F3: ='02 - 2022'!C9-'02 - 2022'!C8 -> 5678 | G3: 0.118 | H3: ='02 - 2022'!E9-'02 - 2022'!E8 -> 18.05 | I3: ='02 - 2022'!F9-'02 - 2022'!F8 -> 8.88 | J3: ='02 - 2022'!G9-'02 - 2022'!G8 -> 39.5 | K3: 0.74 | L3: 84
A4: Dubai DIFC | B4: =B3+1 -> 3 | C4: 2 | D4: 2022 | E4: ='02 - 2022'!B10-'02 - 2022'!B9 -> 4065 | F4: ='02 - 2022'!C10-'02 - 2022'!C9 -> 5627 | G4: 0.118 | H4: ='02 - 2022'!E10-'02 - 2022'!E9 -> 18.76 | I4: ='02 - 2022'!F10-'02 - 2022'!F9 -> 8.07 | J4: ='02 - 2022'!G10-'02 - 2022'!G9 -> 42.38 | K4: 0.74 | L4: 93
A5: Dubai DIFC | B5: =B4+1 -> 4 | C5: 2 | D5: 2022 | E5: ='02 - 2022'!B11-'02 - 2022'!B10 -> 3935 | F5: ='02 - 2022'!C11-'02 - 2022'!C10 -> 5599 | G5: 0.118 | H5: ='02 - 2022'!E11-'02 - 2022'!E10 -> 14.97 | I5: ='02 - 2022'!F11-'02 - 2022'!F10 -> 8.16 | J5: ='02 - 2022'!G11-'02 - 2022'!G10 -> 41.65 | K5: 0.74 | L5: 102
A6: Dubai DIFC | B6: =B5+1 -> 5 | C6: 2 | D6: 2022 | E6: ='02 - 2022'!B12-'02 - 2022'!B11 -> 4044 | F6: ='02 - 2022'!C12-'02 - 2022'!C11 -> 5734 | G6: 0.118 | H6: ='02 - 2022'!E12-'02 - 2022'!E11 -> 25.02 | I6: ='02 - 2022'!F12-'02 - 2022'!F11 -> 8.13 | J6: ='02 - 2022'!G12-'02 - 2022'!G11 -> 43.99 | K6: 0.74 | L6: 98
A7: Dubai DIFC | B7: =B6+1 -> 6 | C7: 2 | D7: 2022 | E7: ='02 - 2022'!B13-'02 - 2022'!B12 -> 3945 | F7: ='02 - 2022'!C13-'02 - 2022'!C12 -> 5732 | G7: 0.118 | H7: ='02 - 2022'!E13-'02 - 2022'!E12 -> 16.79 | I7: ='02 - 2022'!F13-'02 - 2022'!F12 -> 7.84 | J7: ='02 - 2022'!G13-'02 - 2022'!G12 -> 42.59 | K7: 0.74 | L7: 66
A8: Dubai DIFC | B8: =B7+1 -> 7 | C8: 2 | D8: 2022 | E8: ='02 - 2022'!B14-'02 - 2022'!B13 -> 4224 | F8: ='02 - 2022'!C14-'02 - 2022'!C13 -> 5632 | G8: 0.118 | H8: ='02 - 2022'!E14-'02 - 2022'!E13 -> 17.96 | I8: ='02 - 2022'!F14-'02 - 2022'!F13 -> 7.83 | J8: ='02 - 2022'!G14-'02 - 2022'!G13 -> 42.08 | K8: 0.74 | L8: 67
A9: Dubai DIFC | B9: =B8+1 -> 8 | C9: 2 | D9: 2022 | E9: ='02 - 2022'!B15-'02 - 2022'!B14 -> 4215 | F9: ='02 - 2022'!C15-'02 - 2022'!C14 -> 5521 | G9: 0.118 | H9: ='02 - 2022'!E15-'02 - 2022'!E14 -> 18.99 | I9: ='02 - 2022'!F15-'02 - 2022'!F14 -> 8.44 | J9: ='02 - 2022'!G15-'02 - 2022'!G14 -> 41.08 | K9: 0.74 | L9: 78
A10: Dubai DIFC | B10: =B9+1 -> 9 | C10: 2 | D10: 2022 | E10: ='02 - 2022'!B16-'02 - 2022'!B15 -> 4133 | F10: ='02 - 2022'!C16-'02 - 2022'!C15 -> 5524 | G10: 0.118 | H10: ='02 - 2022'!E16-'02 - 2022'!E15 -> 17.11 | I10: ='02 - 2022'!F16-'02 - 2022'!F15 -> 8.71 | J10: ='02 - 2022'!G16-'02 - 2022'!G15 -> 39.64 | K10: 0.74 | L10: 92
A11: Dubai DIFC | B11: =B10+1 -> 10 | C11: 2 | D11: 2022 | E11: ='02 - 2022'!B17-'02 - 2022'!B16 -> 3949 | F11: ='02 - 2022'!C17-'02 - 2022'!C16 -> 5624 | G11: 0.118 | H11: ='02 - 2022'!E17-'02 - 2022'!E16 -> 18.58 | I11: ='02 - 2022'!F17-'02 - 2022'!F16 -> 8.58 | J11: ='02 - 2022'!G17-'02 - 2022'!G16 -> 42.44 | K11: 0.74 | L11: 100
A12: Dubai DIFC | B12: =B11+1 -> 11 | C12: 2 | D12: 2022 | E12: ='02 - 2022'!B18-'02 - 2022'!B17 -> 3912 | F12: ='02 - 2022'!C18-'02 - 2022'!C17 -> 5688 | G12: 0.118 | H12: ='02 - 2022'!E18-'02 - 2022'!E17 -> 20.45 | I12: ='02 - 2022'!F18-'02 - 2022'!F17 -> 8.35 | J12: ='02 - 2022'!G18-'02 - 2022'!G17 -> 40.25 | K12: 0.74 | L12: 102
A13: Dubai DIFC | B13: =B12+1 -> 12 | C13: 2 | D13: 2022 | E13: ='02 - 2022'!B19-'02 - 2022'!B18 -> 4017 | F13: ='02 - 2022'!C19-'02 - 2022'!C18 -> 5838 | G13: 0.118 | H13: ='02 - 2022'!E19-'02 - 2022'!E18 -> 20.66 | I13: ='02 - 2022'!F19-'02 - 2022'!F18 -> 7.98 | J13: ='02 - 2022'!G19-'02 - 2022'!G18 -> 41.65 | K13: 0.74 | L13: 91
A14: Dubai DIFC | B14: =B13+1 -> 13 | C14: 2 | D14: 2022 | E14: ='02 - 2022'!B20-'02 - 2022'!B19 -> 3966 | F14: ='02 - 2022'!C20-'02 - 2022'!C19 -> 5786 | G14: 0.118 | H14: ='02 - 2022'!E20-'02 - 2022'!E19 -> 16.4 | I14: ='02 - 2022'!F20-'02 - 2022'!F19 -> 7.25 | J14: ='02 - 2022'!G20-'02 - 2022'!G19 -> 40.09 | K14: 0.74 | L14: 77
... A25: Dubai DIFC | B25: =B24+1 -> 24 | C25: 2 | D25: 2022 | E25: ='02 - 2022'!B31-'02 - 2022'!B30 -> 3880 | F25: ='02 - 2022'!C31-'02 - 2022'!C30 -> 5424 | G25: 0.118 | H25: ='02 - 2022'!E31-'02 - 2022'!E30 -> 19.04 | I25: ='02 - 2022'!F31-'02 - 2022'!F30 -> 7.37 | J25: ='02 - 2022'!G31-'02 - 2022'!G30 -> 39.17 | K25: 0.74 | L25: 106
A26: Dubai DIFC | B26: =B25+1 -> 25 | C26: 2 | D26: 2022 | E26: 0 | F26: 0 | G26: 0.118 | H26: 0 | I26: 0 | J26: 0 | K26: 0.74
A27: Dubai DIFC | B27: =B26+1 -> 26 | C27: 2 | D27: 2022 | E27: ='02 - 2022'!B33-'02 - 2022'!B32 -> 0 | F27: ='02 - 2022'!C33-'02 - 2022'!C32 -> 0 | G27: 0.118 | H27: ='02 - 2022'!E33-'02 - 2022'!E32 -> 0 | I27: ='02 - 2022'!F33-'02 - 2022'!F32 -> 0 | J27: ='02 - 2022'!G33-'02 - 2022'!G32 -> 0 | K27: 0.74
A28: Dubai DIFC | B28: =B27+1 -> 27 | C28: 2 | D28: 2022 | E28: ='02 - 2022'!B34-'02 - 2022'!B33 -> 0 | F28: ='02 - 2022'!C34-'02 - 2022'!C33 -> 0 | G28: 0.118 | H28: ='02 - 2022'!E34-'02 - 2022'!E33 -> 0 | I28: ='02 - 2022'!F34-'02 - 2022'!F33 -> 0 | J28: ='02 - 2022'!G34-'02 - 2022'!G33 -> 0 | K28: 0.74
A29: Dubai DIFC | B29: =B28+1 -> 28 | C29: 2 | D29: 2022 | E29: ='02 - 2022'!B35-'02 - 2022'!B34 -> 0 | F29: ='02 - 2022'!C35-'02 - 2022'!C34 -> 0 | G29: 0.118 | H29: ='02 - 2022'!E35-'02 - 2022'!E34 -> 0 | I29: ='02 - 2022'!F35-'02 - 2022'!F34 -> 0 | J29: ='02 - 2022'!G35-'02 - 2022'!G34 -> 0 | K29: 0.74

Sheet 02 - 2022
A3: FOUR SEASONS HOTEL - DIFC
A4: HLP READING MONTH OF FEBRUARY' 2022
B5: Electricity | D5: LPG (cu.m) | H5: Water (cu.m) | J5: BTU
A6: Date | B6: LV-01, 2025952759 | C6: LV-2, 2030235407 | D6: Main Meter % | E6: Main Kitchen | F6: Podium Kitchen | G6: Boiler | H6: B-3 Water Meter (DIFC) | I6: MainWater Meter (DEWA) | J6: Chilled Water (KWH) | K6: Gas Received (Litres) | L6: Remark
A7: 44592 | B7: 655263 | C7: 239171 | D7: 0.63 | E7: 2287.41 | F7: 1407.02 | G7: 37762.14 | H7: 14528 | I7: 145892 | J7: 53511742
A8: =A7+1 -> 44593 | B8: 658947 | C8: 244641 | D8: 0.56 | E8: 2308.44 | F8: 1415.54 | G8: 37798.41 | H8: 14528 | I8: 145988 | J8: 53523641
A9: =A8+1 -> 44594 | B9: 662711 | C9: 250319 | D9: 0.47 | E9: 2326.49 | F9: 1424.42 | G9: 37837.91 | H9: 14528 | I9: 146100 | J9: 53536426
A10: =A9+1 -> 44595 | B10: 666776 | C10: 255946 | D10: 0.39 | E10: 2345.25 | F10: 1432.49 | G10: 37880.29 | H10: 14528 | I10: 146213 | J10: 53548550
A11: =A10+1 -> 44596 | B11: 670711 | C11: 261545 | D11: 0.8 | E11: 2360.22 | F11: 1440.65 | G11: 37921.94 | H11: 14528 | I11: 146322 | J11: 53560288
A12: =A11+1 -> 44597 | B12: 674755 | C12: 267279 | D12: 0.72 | E12: 2385.24 | F12: 1448.78 | G12: 37965.93 | H12: 14528 | I12: 146442 | J12: 53573190
A13: =A12+1 -> 44598 | B13: 678700 | C13: 273011 | D13: 0.63 | E13: 2402.03 | F13: 1456.62 | G13: 38008.52 | H13: 14528 | I13: 146555 | J13: 53586000
A14: =A13+1 -> 44599 | B14: 682924 | C14: 278643 | D14: 0.54 | E14: 2419.99 | F14: 1464.45 | G14: 38050.6 | H14: 14528 | I14: 146653 | J14: 53597975
A15: =A14+1 -> 44600 | B15: 687139 | C15: 284164 | D15: 0.45 | E15: 2438.98 | F15: 1472.89 | G15: 38091.68 | H15: 14528 | I15: 146762 | J15: 53608576
A16: =A15+1 -> 44601 | B16: 691272 | C16: 289688 | D16: 0.38 | E16: 2456.09 | F16: 1481.6 | G16: 38131.32 | H16: 14528 | I16: 146872 | J16: 53619647
A17: =A16+1 -> 44602 | B17: 695221 | C17: 295312 | D17: 0.8 | E17: 2474.67 | F17: 1490.18 | G17: 38173.76 | H17: 14528 | I17: 146976 | J17: 53630903
A18: =A17+1 -> 44603 | B18: 699133 | C18: 301000 | D18: 0.72 | E18: 2495.12 | F18: 1498.53 | G18: 38214.01 | H18: 14528 | I18: 147085 | J18: 53642690
A19: =A18+1 -> 44604 | B19: 703150 | C19: 306838 | D19: 0.63 | E19: 2515.78 | F19: 1506.51 | G19: 38255.66 | H19: 14528 | I19: 147199 | J19: 53655036
... A31: =A30+1 -> 44616 | B31: 751235 | C31: 373920 | D31: 0.8 | E31: 2746.81 | F31: 1604.87 | G31: 38728.54 | H31: 14528 | I31: 148548 | J31: 53807106
A32: =A31+1 -> 44617
A33: =A32+1 -> 44618
A34: =A33+1 -> 44619
A35: =A34+1 -> 44620
A36: Readings | B36: =B35-B7 -> -655263 | C36: =C35-C7 -> -239171 | D36: =D35-D7 -> -0.63 | E36: =E35-E7 -> -2287.41 | F36: =F35-F7 -> -1407.02 | G36: =G35-G7 -> -37762.14 | H36: =H35-H7 -> -14528 | I36: =I35-I7 -> -145892 | J36: =J35-J7 -> -53511742 | K36: =SUM(K7:K35) -> 0
H37: =H36*219.969 -> -3195709.6 | I37: =I36*219.969 -> -32091717
