Workbook

Sheet Submetering
A1: Site Name | B1: Day | C1: Month | D1: Year | E1: Meter 1- KWh | F1: Meter 2- KWh | G1: East MCC- KWh | H1: South MCC 1- KWh | I1: South MCC 2- KWh | J1: West MCC- KWh | K1: Kitchen - KWh | L1: SPA - KWh | M1: Gas- KWh | N1: Main Site Water Meter - m3 | O1: Chiller 2- m3 | P1: Chiller 3- m3 | Q1: Chiller 4- m3 | R1: Hard Water Supply- m3 | S1: Pool Supply- m3 | T1: LTHW SPA- m3 | U1: LTHW East- m3 | V1: Chilled make-up- m3 | W1: Orchard irrigation | X1: Kids Pool | Y1: Room Nights | Z1: Total Guests
A2: Hampshire | B2: 1 | C2: 1 | D2: 2022 | E2: ='Hampshire Daily'!D5-'Hampshire Daily'!D4 -> 2298 | F2: ='Hampshire Daily'!E5-'Hampshire Daily'!E4 -> 2300 | G2: ='Hampshire Daily'!H5-'Hampshire Daily'!H4 -> 0 | H2: ='Hampshire Daily'!I5-'Hampshire Daily'!I4 -> 2006.4 | I2: ='Hampshire Daily'!J5-'Hampshire Daily'!J4 -> 0 | J2: ='Hampshire Daily'!K5-'Hampshire Daily'!K4 -> 2429.4 | K2: ='Hampshire Daily'!L5-'Hampshire Daily'!L4 -> 984 | L2: ='Hampshire Daily'!M5-'Hampshire Daily'!M4 -> 1 | M2: ='Hampshire Daily'!N5-'Hampshire Daily'!N4 -> 2590 | N2: ='Hampshire Daily'!O5-'Hampshire Daily'!O4 -> 170 | ... X2: ='Hampshire Daily'!Y5-'Hampshire Daily'!Y4 -> 0 | Y2: ='Hampshire Daily'!B5 -> 70 | Z2: ='Hampshire Daily'!C5 -> 190
A3: Hampshire | B3: =B2+1 -> 2 | C3: 1 | D3: 2022 | E3: ='Hampshire Daily'!D6-'Hampshire Daily'!D5 -> 1848 | F3: ='Hampshire Daily'!E6-'Hampshire Daily'!E5 -> 1851 | G3: ='Hampshire Daily'!H6-'Hampshire Daily'!H5 -> 86 | H3: ='Hampshire Daily'!I6-'Hampshire Daily'!I5 -> 2006.4 | I3: ='Hampshire Daily'!J6-'Hampshire Daily'!J5 -> 0 | J3: ='Hampshire Daily'!K6-'Hampshire Daily'!K5 -> 2429.4 | K3: ='Hampshire Daily'!L6-'Hampshire Daily'!L5 -> 1081 | L3: ='Hampshire Daily'!M6-'Hampshire Daily'!M5 -> 1 | M3: ='Hampshire Daily'!N6-'Hampshire Daily'!N5 -> 2368 | N3: ='Hampshire Daily'!O6-'Hampshire Daily'!O5 -> 127 | ... X3: ='Hampshire Daily'!Y6-'Hampshire Daily'!Y5 -> 0.011 | Y3: ='Hampshire Daily'!B6 -> 79 | Z3: ='Hampshire Daily'!C6 -> 229
A4: Hampshire | B4: =B3+1 -> 3 | C4: 1 | D4: 2022 | E4: ='Hampshire Daily'!D7-'Hampshire Daily'!D6 -> 2098 | F4: ='Hampshire Daily'!E7-'Hampshire Daily'!E6 -> 2102 | G4: ='Hampshire Daily'!H7-'Hampshire Daily'!H6 -> 795 | H4: ='Hampshire Daily'!I7-'Hampshire Daily'!I6 -> 2006.4 | I4: ='Hampshire Daily'!J7-'Hampshire Daily'!J6 -> 0 | J4: ='Hampshire Daily'!K7-'Hampshire Daily'!K6 -> 2429.4 | K4: ='Hampshire Daily'!L7-'Hampshire Daily'!L6 -> 1051 | L4: ='Hampshire Daily'!M7-'Hampshire Daily'!M6 -> 2 | M4: ='Hampshire Daily'!N7-'Hampshire Daily'!N6 -> 2359 | N4: ='Hampshire Daily'!O7-'Hampshire Daily'!O6 -> 154 | ... X4: ='Hampshire Daily'!Y7-'Hampshire Daily'!Y6 -> 0.014 | Y4: ='Hampshire Daily'!B7 -> 74 | Z4: ='Hampshire Daily'!C7 -> 213
A5: Hampshire | B5: =B4+1 -> 4 | C5: 1 | D5: 2022 | E5: ='Hampshire Daily'!D8-'Hampshire Daily'!D7 -> 2720 | F5: ='Hampshire Daily'!E8-'Hampshire Daily'!E7 -> 2725 | G5: ='Hampshire Daily'!H8-'Hampshire Daily'!H7 -> 85 | H5: ='Hampshire Daily'!I8-'Hampshire Daily'!I7 -> 2006.4 | I5: ='Hampshire Daily'!J8-'Hampshire Daily'!J7 -> 0 | J5: ='Hampshire Daily'!K8-'Hampshire Daily'!K7 -> 2429.4 | K5: ='Hampshire Daily'!L8-'Hampshire Daily'!L7 -> 1051 | L5: ='Hampshire Daily'!M8-'Hampshire Daily'!M7 -> 163 | M5: ='Hampshire Daily'!N8-'Hampshire Daily'!N7 -> 2514 | N5: ='Hampshire Daily'!O8-'Hampshire Daily'!O7 -> 117.5 | ... X5: ='Hampshire Daily'!Y8-'Hampshire Daily'!Y7 -> 0.014 | Y5: ='Hampshire Daily'!B8 -> 53 | Z5: ='Hampshire Daily'!C8 -> 157
A6: Hampshire | B6: =B5+1 -> 5 | C6: 1 | D6: 2022 | E6: ='Hampshire Daily'!D9-'Hampshire Daily'!D8 -> 3724 | F6: ='Hampshire Daily'!E9-'Hampshire Daily'!E8 -> 3730 | G6: ='Hampshire Daily'!H9-'Hampshire Daily'!H8 -> 614 | H6: ='Hampshire Daily'!I9-'Hampshire Daily'!I8 -> 2006.4 | I6: ='Hampshire Daily'!J9-'Hampshire Daily'!J8 -> 0 | J6: ='Hampshire Daily'!K9-'Hampshire Daily'!K8 -> 2429.4 | K6: ='Hampshire Daily'!L9-'Hampshire Daily'!L8 -> 1051 | L6: ='Hampshire Daily'!M9-'Hampshire Daily'!M8 -> 350 | M6: ='Hampshire Daily'!N9-'Hampshire Daily'!N8 -> 2953 | N6: ='Hampshire Daily'!O9-'Hampshire Daily'!O8 -> 117.5 | ... X6: ='Hampshire Daily'!Y9-'Hampshire Daily'!Y8 -> 0.015 | Y6: ='Hampshire Daily'!B9 -> 37 | Z6: ='Hampshire Daily'!C9 -> 101
A7: Hampshire | B7: =B6+1 -> 6 | C7: 1 | D7: 2022 | E7: ='Hampshire Daily'!D10-'Hampshire Daily'!D9 -> 4360 | F7: ='Hampshire Daily'!E10-'Hampshire Daily'!E9 -> 4368 | G7: ='Hampshire Daily'!H10-'Hampshire Daily'!H9 -> 53 | H7: ='Hampshire Daily'!I10-'Hampshire Daily'!I9 -> 2006.4 | I7: ='Hampshire Daily'!J10-'Hampshire Daily'!J9 -> 0 | J7: ='Hampshire Daily'!K10-'Hampshire Daily'!K9 -> 2429.4 | K7: ='Hampshire Daily'!L10-'Hampshire Daily'!L9 -> 1051 | L7: ='Hampshire Daily'!M10-'Hampshire Daily'!M9 -> 373 | M7: ='Hampshire Daily'!N10-'Hampshire Daily'!N9 -> 3216 | N7: ='Hampshire Daily'!O10-'Hampshire Daily'!O9 -> 117 | ... X7: ='Hampshire Daily'!Y10-'Hampshire Daily'!Y9 -> 0.014 | Y7: ='Hampshire Daily'!B10 -> 35 | Z7: ='Hampshire Daily'!C10 -> 104
A8: Hampshire | B8: =B7+1 -> 7 | C8: 1 | D8: 2022 | E8: ='Hampshire Daily'!D11-'Hampshire Daily'!D10 -> 3127 | F8: ='Hampshire Daily'!E11-'Hampshire Daily'!E10 -> 3130 | G8: ='Hampshire Daily'!H11-'Hampshire Daily'!H10 -> 0 | H8: ='Hampshire Daily'!I11-'Hampshire Daily'!I10 -> 2006.4 | I8: ='Hampshire Daily'!J11-'Hampshire Daily'!J10 -> 0 | J8: ='Hampshire Daily'!K11-'Hampshire Daily'!K10 -> 2429.4 | K8: ='Hampshire Daily'!L11-'Hampshire Daily'!L10 -> 1051 | L8: ='Hampshire Daily'!M11-'Hampshire Daily'!M10 -> 44 | M8: ='Hampshire Daily'!N11-'Hampshire Daily'!N10 -> 3496 | N8: ='Hampshire Daily'!O11-'Hampshire Daily'!O10 -> 114 | ... X8: ='Hampshire Daily'!Y11-'Hampshire Daily'!Y10 -> 0.001 | Y8: ='Hampshire Daily'!B11 -> 47 | Z8: ='Hampshire Daily'!C11 -> 115
A9: Hampshire | B9: =B8+1 -> 8 | C9: 1 | D9: 2022 | E9: ='Hampshire Daily'!D12-'Hampshire Daily'!D11 -> 2514 | F9: ='Hampshire Daily'!E12-'Hampshire Daily'!E11 -> 2519 | G9: ='Hampshire Daily'!H12-'Hampshire Daily'!H11 -> 0 | H9: ='Hampshire Daily'!I12-'Hampshire Daily'!I11 -> 2006.4 | I9: ='Hampshire Daily'!J12-'Hampshire Daily'!J11 -> 0 | J9: ='Hampshire Daily'!K12-'Hampshire Daily'!K11 -> 2429.4 | K9: ='Hampshire Daily'!L12-'Hampshire Daily'!L11 -> 1051 | L9: ='Hampshire Daily'!M12-'Hampshire Daily'!M11 -> 4 | M9: ='Hampshire Daily'!N12-'Hampshire Daily'!N11 -> 3460 | N9: ='Hampshire Daily'!O12-'Hampshire Daily'!O11 -> 112 | ... X9: ='Hampshire Daily'!Y12-'Hampshire Daily'!Y11 -> 0 | Y9: ='Hampshire Daily'!B12 -> 54 | Z9: ='Hampshire Daily'!C12 -> 133
A10: Hampshire | B10: =B9+1 -> 9 | C10: 1 | D10: 2022 | E10: ='Hampshire Daily'!D13-'Hampshire Daily'!D12 -> 2474 | F10: ='Hampshire Daily'!E13-'Hampshire Daily'!E12 -> 2478 | G10: ='Hampshire Daily'!H13-'Hampshire Daily'!H12 -> 0 | H10: ='Hampshire Daily'!I13-'Hampshire Daily'!I12 -> 2006.4 | I10: ='Hampshire Daily'!J13-'Hampshire Daily'!J12 -> 0 | J10: ='Hampshire Daily'!K13-'Hampshire Daily'!K12 -> 2429.4 | K10: ='Hampshire Daily'!L13-'Hampshire Daily'!L12 -> 1051 | L10: ='Hampshire Daily'!M13-'Hampshire Daily'!M12 -> 9 | M10: ='Hampshire Daily'!N13-'Hampshire Daily'!N12 -> 3069 | N10: ='Hampshire Daily'!O13-'Hampshire Daily'!O12 -> 115 | ... X10: ='Hampshire Daily'!Y13-'Hampshire Daily'!Y12 -> 0 | Y10: ='Hampshire Daily'!B13 -> 18 | Z10: ='Hampshire Daily'!C13 -> 48
A11: Hampshire | B11: =B10+1 -> 10 | C11: 1 | D11: 2022 | E11: ='Hampshire Daily'!D14-'Hampshire Daily'!D13 -> 2352 | F11: ='Hampshire Daily'!E14-'Hampshire Daily'!E13 -> 2355 | G11: ='Hampshire Daily'!H14-'Hampshire Daily'!H13 -> 0 | H11: ='Hampshire Daily'!I14-'Hampshire Daily'!I13 -> 2006.4 | I11: ='Hampshire Daily'!J14-'Hampshire Daily'!J13 -> 0 | J11: ='Hampshire Daily'!K14-'Hampshire Daily'!K13 -> 2429.4 | K11: ='Hampshire Daily'!L14-'Hampshire Daily'!L13 -> 1051 | L11: ='Hampshire Daily'!M14-'Hampshire Daily'!M13 -> 1 | M11: ='Hampshire Daily'!N14-'Hampshire Daily'!N13 -> 3159 | N11: ='Hampshire Daily'!O14-'Hampshire Daily'!O13 -> 136 | ... X11: ='Hampshire Daily'!Y14-'Hampshire Daily'!Y13 -> 0 | Y11: ='Hampshire Daily'!B14 -> 17 | Z11: ='Hampshire Daily'!C14 -> 37
A12: Hampshire | B12: =B11+1 -> 11 | C12: 1 | D12: 2022 | E12: ='Hampshire Daily'!D15-'Hampshire Daily'!D14 -> 2829 | F12: ='Hampshire Daily'!E15-'Hampshire Daily'!E14 -> 2833 | G12: ='Hampshire Daily'!H15-'Hampshire Daily'!H14 -> 0 | H12: ='Hampshire Daily'!I15-'Hampshire Daily'!I14 -> 2006.4 | I12: ='Hampshire Daily'!J15-'Hampshire Daily'!J14 -> 0 | J12: ='Hampshire Daily'!K15-'Hampshire Daily'!K14 -> 2429.4 | K12: ='Hampshire Daily'!L15-'Hampshire Daily'!L14 -> 1051 | L12: ='Hampshire Daily'!M15-'Hampshire Daily'!M14 -> 3 | M12: ='Hampshire Daily'!N15-'Hampshire Daily'!N14 -> 3022 | N12: ='Hampshire Daily'!O15-'Hampshire Daily'!O14 -> 79 | ... X12: ='Hampshire Daily'!Y15-'Hampshire Daily'!Y14 -> 0 | Y12: ='Hampshire Daily'!B15 -> 10 | Z12: ='Hampshire Daily'!C15 -> 27
A13: Hampshire | B13: =B12+1 -> 12 | C13: 1 | D13: 2022 | E13: ='Hampshire Daily'!D16-'Hampshire Daily'!D15 -> 2953 | F13: ='Hampshire Daily'!E16-'Hampshire Daily'!E15 -> 2958 | G13: ='Hampshire Daily'!H16-'Hampshire Daily'!H15 -> 0 | H13: ='Hampshire Daily'!I16-'Hampshire Daily'!I15 -> 2006.4 | I13: ='Hampshire Daily'!J16-'Hampshire Daily'!J15 -> 0 | J13: ='Hampshire Daily'!K16-'Hampshire Daily'!K15 -> 2429.4 | K13: ='Hampshire Daily'!L16-'Hampshire Daily'!L15 -> 1051 | L13: ='Hampshire Daily'!M16-'Hampshire Daily'!M15 -> 1 | M13: ='Hampshire Daily'!N16-'Hampshire Daily'!N15 -> 2999 | N13: ='Hampshire Daily'!O16-'Hampshire Daily'!O15 -> 54 | ... X13: ='Hampshire Daily'!Y16-'Hampshire Daily'!Y15 -> 0 | Y13: ='Hampshire Daily'!B16 -> 26 | Z13: ='Hampshire Daily'!C16 -> 43
A14: Hampshire | B14: =B13+1 -> 13 | C14: 1 | D14: 2022 | E14: ='Hampshire Daily'!D17-'Hampshire Daily'!D16 -> 2810 | F14: ='Hampshire Daily'!E17-'Hampshire Daily'!E16 -> 2814 | G14: ='Hampshire Daily'!H17-'Hampshire Daily'!H16 -> 814 | H14: ='Hampshire Daily'!I17-'Hampshire Daily'!I16 -> 2006.4 | I14: ='Hampshire Daily'!J17-'Hampshire Daily'!J16 -> 0 | J14: ='Hampshire Daily'!K17-'Hampshire Daily'!K16 -> 2429.4 | K14: ='Hampshire Daily'!L17-'Hampshire Daily'!L16 -> 1051 | L14: ='Hampshire Daily'!M17-'Hampshire Daily'!M16 -> 1 | M14: ='Hampshire Daily'!N17-'Hampshire Daily'!N16 -> 3075 | N14: ='Hampshire Daily'!O17-'Hampshire Daily'!O16 -> 62 | ... X14: ='Hampshire Daily'!Y17-'Hampshire Daily'!Y16 -> 0 | Y14: ='Hampshire Daily'!B17 -> 24 | Z14: ='Hampshire Daily'!C17 -> 45
... A31: Hampshire | B31: =B30+1 -> 30 | C31: 1 | D31: 2022 | E31: ='Hampshire Daily'!D34-'Hampshire Daily'!D33 -> 2338 | F31: ='Hampshire Daily'!E34-'Hampshire Daily'!E33 -> 2342 | G31: ='Hampshire Daily'!H34-'Hampshire Daily'!H33 -> 788 | H31: ='Hampshire Daily'!I34-'Hampshire Daily'!I33 -> 2006.4 | I31: ='Hampshire Daily'!J34-'Hampshire Daily'!J33 -> 0 | J31: ='Hampshire Daily'!K34-'Hampshire Daily'!K33 -> 2429.4 | K31: ='Hampshire Daily'!L34-'Hampshire Daily'!L33 -> 1051 | L31: ='Hampshire Daily'!M34-'Hampshire Daily'!M33 -> 2 | M31: ='Hampshire Daily'!N34-'Hampshire Daily'!N33 -> 2641 | N31: ='Hampshire Daily'!O34-'Hampshire Daily'!O33 -> 65 | ... X31: ='Hampshire Daily'!Y34-'Hampshire Daily'!Y33 -> 0 | Y31: ='Hampshire Daily'!B34 -> 22 | Z31: ='Hampshire Daily'!C34 -> 50
A32: Hampshire | B32: 31 | C32: 1 | D32: 2022 | E32: ='Hampshire Daily'!D35-'Hampshire Daily'!D34 -> 2570 | F32: ='Hampshire Daily'!E35-'Hampshire Daily'!E34 -> 2575 | G32: ='Hampshire Daily'!H35-'Hampshire Daily'!H34 -> 809 | H32: ='Hampshire Daily'!I35-'Hampshire Daily'!I34 -> 2007.6 | I32: ='Hampshire Daily'!J35-'Hampshire Daily'!J34 -> 0 | J32: ='Hampshire Daily'!K35-'Hampshire Daily'!K34 -> 2428.6 | K32: ='Hampshire Daily'!L35-'Hampshire Daily'!L34 -> 2947 | L32: ='Hampshire Daily'!M35-'Hampshire Daily'!M34 -> 1 | M32: ='Hampshire Daily'!N35-'Hampshire Daily'!N34 -> 2638 | N32: ='Hampshire Daily'!O35-'Hampshire Daily'!O34 -> 93 | ... X32: ='Hampshire Daily'!Y35-'Hampshire Daily'!Y34 -> 0 | Y32: ='Hampshire Daily'!B35 -> 20 | Z32: ='Hampshire Daily'!C35 -> 50

Sheet TOTAL
A1: Site Name | B1: Day | C1: Month | D1: Year | E1: Total Electricity Kwh | F1: Electricity Tariff ($/Kwh) | G1: Natual Gas (m3) | H1: Natural Gas $/m3 | I1: Water Utility Supply (m3) m3 | J1: Water Utility Supply (m3) $/m3 | K1: Room Nights | L1: Total Guests
A2: Hampshire | B2: 1 | C2: 1 | D2: 2022 | E2: =(Submetering!E2+Submetering!F2) -> 4598 | F2: 0.35 | G2: =Submetering!M2 -> 2590 | H2: 0.6 | I2: =Submetering!N2 -> 170 | J2: 2.06 | K2: ='Hampshire Daily'!B5 -> 70 | L2: ='Hampshire Daily'!C5 -> 190
A3: Hampshire | B3: =B2+1 -> 2 | C3: 1 | D3: 2022 | E3: =Submetering!E3+Submetering!F3 -> 3699 | F3: 0.35 | G3: =Submetering!M3 -> 2368 | H3: 0.6 | I3: =Submetering!N3 -> 127 | J3: 2.06 | K3: ='Hampshire Daily'!B6 -> 79 | L3: ='Hampshire Daily'!C6 -> 229
A4: Hampshire | B4: =B3+1 -> 3 | C4: 1 | D4: 2022 | E4: =Submetering!E4+Submetering!F4 -> 4200 | F4: 0.35 | G4: =Submetering!M4 -> 2359 | H4: 0.6 | I4: =Submetering!N4 -> 154 | J4: 2.06 | K4: ='Hampshire Daily'!B7 -> 74 | L4: ='Hampshire Daily'!C7 -> 213
A5: Hampshire | B5: =B4+1 -> 4 | C5: 1 | D5: 2022 | E5: =Submetering!E5+Submetering!F5 -> 5445 | F5: 0.35 | G5: =Submetering!M5 -> 2514 | H5: 0.6 | I5: =Submetering!N5 -> 117.5 | J5: 2.06 | K5: ='Hampshire Daily'!B8 -> 53 | L5: ='Hampshire Daily'!C8 -> 157
A6: Hampshire | B6: =B5+1 -> 5 | C6: 1 | D6: 2022 | E6: =Submetering!E6+Submetering!F6 -> 7454 | F6: 0.35 | G6: =Submetering!M6 -> 2953 | H6: 0.6 | I6: =Submetering!N6 -> 117.5 | J6: 2.06 | K6: ='Hampshire Daily'!B9 -> 37 | L6: ='Hampshire Daily'!C9 -> 101
A7: Hampshire | B7: =B6+1 -> 6 | C7: 1 | D7: 2022 | E7: =Submetering!E7+Submetering!F7 -> 8728 | F7: 0.35 | G7: =Submetering!M7 -> 3216 | H7: 0.6 | I7: =Submetering!N7 -> 117 | J7: 2.06 | K7: ='Hampshire Daily'!B10 -> 35 | L7: ='Hampshire Daily'!C10 -> 104
A8: Hampshire | B8: =B7+1 -> 7 | C8: 1 | D8: 2022 | E8: =Submetering!E8+Submetering!F8 -> 6257 | F8: 0.35 | G8: =Submetering!M8 -> 3496 | H8: 0.6 | I8: =Submetering!N8 -> 114 | J8: 2.06 | K8: ='Hampshire Daily'!B11 -> 47 | L8: ='Hampshire Daily'!C11 -> 115
A9: Hampshire | B9: =B8+1 -> 8 | C9: 1 | D9: 2022 | E9: =Submetering!E9+Submetering!F9 -> 5033 | F9: 0.35 | G9: =Submetering!M9 -> 3460 | H9: 0.6 | I9: =Submetering!N9 -> 112 | J9: 2.06 | K9: ='Hampshire Daily'!B12 -> 54 | L9: ='Hampshire Daily'!C12 -> 133
A10: Hampshire | B10: =B9+1 -> 9 | C10: 1 | D10: 2022 | E10: =Submetering!E10+Submetering!F10 -> 4952 | F10: 0.35 | G10: =Submetering!M10 -> 3069 | H10: 0.6 | I10: =Submetering!N10 -> 115 | J10: 2.06 | K10: ='Hampshire Daily'!B13 -> 18 | L10: ='Hampshire Daily'!C13 -> 48
A11: Hampshire | B11: =B10+1 -> 10 | C11: 1 | D11: 2022 | E11: =Submetering!E11+Submetering!F11 -> 4707 | F11: 0.35 | G11: =Submetering!M11 -> 3159 | H11: 0.6 | I11: =Submetering!N11 -> 136 | J11: 2.06 | K11: ='Hampshire Daily'!B14 -> 17 | L11: ='Hampshire Daily'!C14 -> 37
A12: Hampshire | B12: =B11+1 -> 11 | C12: 1 | D12: 2022 | E12: =Submetering!E12+Submetering!F12 -> 5662 | F12: 0.35 | G12: =Submetering!M12 -> 3022 | H12: 0.6 | I12: =Submetering!N12 -> 79 | J12: 2.06 | K12: ='Hampshire Daily'!B15 -> 10 | L12: ='Hampshire Daily'!C15 -> 27
A13: Hampshire | B13: =B12+1 -> 12 | C13: 1 | D13: 2022 | E13: =Submetering!E13+Submetering!F13 -> 5911 | F13: 0.35 | G13: =Submetering!M13 -> 2999 | H13: 0.6 | I13: =Submetering!N13 -> 54 | J13: 2.06 | K13: ='Hampshire Daily'!B16 -> 26 | L13: ='Hampshire Daily'!C16 -> 43
A14: Hampshire | B14: =B13+1 -> 13 | C14: 1 | D14: 2022 | E14: =Submetering!E14+Submetering!F14 -> 5624 | F14: 0.35 | G14: =Submetering!M14 -> 3075 | H14: 0.6 | I14: =Submetering!N14 -> 62 | J14: 2.06 | K14: ='Hampshire Daily'!B17 -> 24 | L14: ='Hampshire Daily'!C17 -> 45
... A31: Hampshire | B31: =B30+1 -> 30 | C31: 1 | D31: 2022 | E31: =Submetering!E31+Submetering!F31 -> 4680 | F31: 0.35 | G31: =Submetering!M31 -> 2641 | H31: 0.6 | I31: =Submetering!N31 -> 65 | J31: 2.06 | K31: ='Hampshire Daily'!B34 -> 22 | L31: ='Hampshire Daily'!C34 -> 50
A32: Hampshire | B32: 31 | C32: 1 | D32: 2022 | E32: =Submetering!E32+Submetering!F32 -> 5145 | F32: 0.35 | G32: =Submetering!M32 -> 2638 | H32: 0.6 | I32: =Submetering!N32 -> 93 | J32: 2.06 | K32: ='Hampshire Daily'!B35 -> 20 | L32: ='Hampshire Daily'!C35 -> 50

Sheet Hampshire Daily
D1: Electrical | N1: Gas | O1: Main Site Water Meter | S1: Water Softener Meter | U1: Hard Water Supply | V1: Pool Supply | W1: LTHW Spa | X1: LTHW East | Y1: Chilled make-up | Z1: Orchard irrigation | AA1: Kids pool | AB1: 42 | AC1: 41
B2: Room Night | C2: Guest | D2: Meter 1 | E2: Check 1 | F2: Meter 2 | G2: Check 2 | H2: East MCC | I2: South MCC 1 | J2: South MCC 2 | K2: West MCC | L2: Kitchen sub meter | M2: Spa electric | P2: Chiller | Q2: Chiller | R2: Chiller | AB2: Spa CHP Electric generated | AC2: East CHP Electric generated
P3: 2 | Q3: 3 | R3: 4
A4: 44561 | B4: 77 | C4: 143 | D4: 1112230 | E4: 1113985 | F4: 1150440 | G4: 1149269 | H4: 292042 | I4: =I5-2006.4 -> 7498991.4 | J4: 32807 | K4: =K5-2429.4 -> 5573566.4 | L4: 929252 | M4: 2646828 | N4: 1465728 | O4: 381963 | P4: 1532808 | Q4: 1163 | R4: 601551 | S4: 346669 | T4: 49652 | U4: 52900 | V4: 31061 | W4: 490.331 | X4: 961.361 | Y4: 3889.98 | AA4: 2801 | AB4: 2920 | AC4: 3549
A5: 44562 | B5: 70 | C5: 190 | D5: 1114528 | E5: 1116285 | F5: 1153813 | G5: 1152638 | H5: 292042 | I5: =I6-2006.4 -> 7500997.8 | J5: 32807 | K5: =K6-2429.4 -> 5575995.8 | L5: =L6-1081 -> 930236 | M5: 2646829 | N5: 1468318 | O5: 382133 | P5: 1533576 | Q5: 1163 | R5: 601551 | S5: 346774 | T5: 49759 | U5: 52921 | V5: 31061 | W5: 490.331 | X5: 961.361 | Y5: 3889.98 | AA5: 2801 | AB5: 2899 | AC5: 2954
A6: 44563 | B6: 79 | C6: 229 | D6: 1116376 | E6: 1118136 | F6: 1157390 | G6: 1156212 | H6: 292128 | I6: =I7-2006.4 -> 7503004.2 | J6: 32807 | K6: =K7-2429.4 -> 5578425.2 | L6: 931317 | M6: 2646830 | N6: 1470686 | O6: 382260 | P6: 1534320 | Q6: 1163 | R6: 601551 | S6: 346871 | T6: 49858 | U6: 52932 | V6: 31061 | W6: 490.331 | X6: 961.485 | Y6: 3889.991 | AA6: 2808 | AB6: 2909 | AC6: 661
A7: 44564 | B7: 74 | C7: 213 | D7: 1118474 | E7: 1120238 | F7: 1164119 | G7: 1162935 | H7: 292923 | I7: =I8-2006.4 -> 7505010.6 | J7: 32807 | K7: =K8-2429.4 -> 5580854.6 | L7: =L6+1051 -> 932368 | M7: 2646832 | N7: 1473045 | O7: 382414 | P7: 1535094 | Q7: 1163 | R7: 601551 | S7: 346972 | T7: 49960 | U7: 52943 | V7: 31073 | W7: 490.331 | X7: 961.821 | Y7: 3890.005 | AA7: 2814 | AB7: 2924 | AC7: 1740
A8: 44565 | B8: 53 | C8: 157 | D8: 1121194 | E8: 1122963 | F8: 1167660 | G8: 1166471 | H8: 293008 | I8: 7507017 | J8: 32807 | K8: 5583284 | L8: =L7+1051 -> 933419 | M8: 2646995 | N8: 1475559 | O8: 382531.5 | P8: 1535830 | Q8: 1163 | R8: 601551 | S8: 347076 | T8: 50065 | U8: 52956 | V8: 31073 | W8: 490.331 | X8: 961.985 | Y8: 3890.019 | AA8: 2818 | AB8: 1197 | AC8: 0
A9: 44566 | B9: 37 | C9: 101 | D9: 1124918 | E9: 1126693 | F9: 1173015 | G9: 1171820 | H9: 293622 | I9: =I8+2006.4 -> 7509023.4 | J9: 32807 | K9: =K8+2429.4 -> 5585713.4 | L9: =L8+1051 -> 934470 | M9: 2647345 | N9: 1478512 | O9: 382649 | P9: 1536153 | Q9: 1163 | R9: 601873 | S9: 347179 | T9: 50170 | U9: 52967 | V9: 31075 | W9: 490.331 | X9: 962.28 | Y9: 3890.034 | AA9: 2823 | AB9: 2479 | AC9: 2228
A10: 44567 | B10: 35 | C10: 104 | D10: 1129278 | E10: 1131061 | F10: 1175412 | G10: 1174215 | H10: 293675 | I10: =I9+2006.4 -> 7511029.8 | J10: 32807 | K10: =K9+2429.4 -> 5588142.8 | L10: =L9+1051 -> 935521 | M10: 2647718 | N10: 1481728 | O10: 382766 | P10: 1536153 | Q10: 1163 | R10: 602441 | S10: 347267 | T10: 50257 | U10: 52977 | V10: 31076 | W10: 490.331 | X10: 962.557 | Y10: 3890.048 | AA10: 2826 | AB10: 1878 | AC10: 2035
A11: 44568 | B11: 47 | C11: 115 | D11: 1132405 | E11: 1134191 | F11: 117437 | G11: 1176237 | H11: 293675 | I11: =I10+2006.4 -> 7513036.2 | J11: 32807 | K11: =K10+2429.4 -> 5590572.2 | L11: =L10+1051 -> 936572 | M11: 2647762 | N11: 1485224 | O11: 382880 | P11: 1536153 | Q11: 1163 | R11: 602886 | S11: 347353 | T11: 50346 | U11: 52986 | V11: 31077 | W11: 490.331 | X11: 962.793 | Y11: 3890.049 | AA11: 2829 | AB11: 2923 | AC11: 1505
A12: 44569 | B12: 54 | C12: 133 | D12: 1134919 | E12: 1136710 | F12: 1179933 | G12: 1178730 | H12: 293675 | I12: =I11+2006.4 -> 7515042.6 | J12: 32807 | K12: =K11+2429.4 -> 5593001.6 | L12: =L11+1051 -> 937623 | M12: 2647766 | N12: 1488684 | O12: 382992 | P12: 1536400 | Q12: 1163 | R12: 602886 | S12: 347438 | T12: 50431 | U12: 52996 | V12: 31078 | W12: 490.331 | X12: 963.039 | Y12: 3890.049 | AA12: 2834 | AB12: 2925 | AC12: 619
A13: 44570 | B13: 18 | C13: 48 | D13: 1137393 | E13: 1139188 | F13: 1182099 | G13: 1180894 | H13: 293675 | I13: =I12+2006.4 -> 7517049 | J13: 32807 | K13: =K12+2429.4 -> 5595431 | L13: =L12+1051 -> 938674 | M13: 2647775 | N13: 1491753 | O13: 383107 | P13: 1536400 | Q13: 1163 | R13: 602886 | S13: 347521 | T13: 50516 | U13: 53005 | V13: 31079 | W13: 490.331 | X13: 963.211 | Y13: 3890.049 | AA13: 2840 | AB13: 2921 | AC13: 3524
A14: 44571 | B14: 17 | C14: 37 | D14: 1139745 | E14: 1141543 | F14: 1184123 | G14: 1182316 | H14: 293675 | I14: =I13+2006.4 -> 7519055.4 | J14: 32807 | K14: =K13+2429.4 -> 5597860.4 | L14: =L13+1051 -> 939725 | M14: 2647776 | N14: 1494912 | O14: 383243 | P14: 1536400 | Q14: 1163 | R14: 603349 | S14: 347601 | T14: 50582 | U14: 53014 | V14: 31092 | W14: 490.331 | X14: 963.406 | Y14: 3890.049 | AA14: 2847 | AB14: 2927 | AC14: 0
A15: 44572 | B15: 10 | C15: 27 | D15: 1142574 | E15: 1144376 | F15: 1186013 | G15: 1184804 | H15: 293675 | I15: =I14+2006.4 -> 7521061.8 | J15: 32807 | K15: =K14+2429.4 -> 5600289.8 | L15: =L14+1051 -> 940776 | M15: 2647779 | N15: 1497934 | O15: 383322 | P15: 1536400 | Q15: 1163 | R15: 604080 | S15: 347658 | T15: 50657 | U15: 53023 | V15: 31093 | W15: 490.331 | X15: 963.599 | Y15: 3890.049 | AA15: 2853 | AB15: 2924 | AC15: 2773
A16: 44573 | B16: 26 | C16: 43 | D16: 1145527 | E16: 1147334 | F16: 1187746 | G16: 1186535 | H16: 293675 | I16: =I15+2006.4 -> 7523068.2 | J16: 32807 | K16: =K15+2429.4 -> 5602719.2 | L16: =L15+1051 -> 941827 | M16: 2647780 | N16: 1500933 | O16: 383376 | P16: 1536400 | Q16: 1163 | R16: 604738 | S16: 347677 | T16: 50683 | U16: 53031 | V16: 31094 | W16: 490.331 | X16: 963.802 | Y16: 3890.049 | AA16: 2858 | AB16: 2925 | AC16: 1020
A17: 44574 | B17: 24 | C17: 45 | D17: 1148337 | E17: 1150148 | F17: 1193280 | G17: 1192063 | H17: 294489 | I17: =I16+2006.4 -> 7525074.6 | J17: 32807 | K17: =K16+2429.4 -> 5605148.6 | L17: =L16+1051 -> 942878 | M17: 2647781 | N17: 1504008 | O17: 383438 | P17: 1536636 | Q17: 1163 | R17: 605234 | S17: 347706 | T17: 50719 | U17: 53040 | V17: 31095 | W17: 490.331 | X17: 963.966 | Y17: 3890.049 | AA17: 2862 | AB17: 2927 | AC17: 133
A18: 44575 | B18: 28 | C18: 69 | D18: 1151141 | E18: 1152958 | F18: 1195866 | G18: 1194646 | H18: 294629 | I18: =I17+2006.4 -> 7527081 | J18: 32807 | K18: =K17+2429.4 -> 5607578 | L18: =L17+1051 -> 943929 | M18: 2647784 | N18: 1506880 | O18: 383501.7 | P18: 1536636 | Q18: 1163 | R18: 605896 | S18: 347728 | T18: 50747 | U18: 53048 | V18: 31097 | W18: 490.331 | X18: 964.142 | Y18: 3890.049 | AA18: 2865 | AB18: 2928 | AC18: 0
A19: 44576 | B19: 49 | C19: 128 | D19: 1154216 | E19: 1156037 | F19: 1198473 | G19: 1197250 | H19: 294629 | I19: =I18+2006.4 -> 7529087.4 | J19: 32807 | K19: =K18+2429.4 -> 5610007.4 | L19: =L18+1051 -> 944980 | M19: 2647788 | N19: 1510271 | O19: 383565 | P19: 1536636 | Q19: 1163 | R19: 606611 | S19: 347766 | T19: 50793 | U19: 53058 | V19: 31098 | W19: 490.331 | X19: 964.383 | Y19: 3890.049 | AA19: 2869 | AB19: 2928 | AC19: 0
A20: 44577 | B20: 24 | C20: 54 | D20: 1157086 | E20: 1158912 | F20: 1201060 | G20: 1199834 | H20: 294629 | I20: =I19+2006.4 -> 7531093.8 | J20: 32807 | K20: =K19+2429.4 -> 5612436.8 | L20: =L19+1051 -> 946031 | M20: 2647795 | N20: 1513359 | O20: 383629 | P20: 1536636 | Q20: 1163 | R20: 607331 | S20: 347789 | T20: 50833 | U20: 53068 | V20: 31099 | W20: 490.331 | X20: 964.581 | Y20: 3890.049 | AA20: 2874 | AB20: 2927 | AC20: 0
... A34: 44591 | B34: 22 | C34: 50 | D34: 1192519 | E34: 1194401 | F34: 1235642 | G34: 1234378 | H34: 296343 | I34: =I33+2006.4 -> 7559183.4 | J34: 32807 | K34: =K33+2429.4 -> 5646448.4 | L34: =L33+1051 -> 960745 | M34: 2647966 | N34: 1556491 | O34: 384523 | P34: 1537699 | Q34: 1163 | R34: 611555 | S34: 348183 | T34: 51355 | U34: 53203 | V34: 31136 | W34: 490.331 | X34: 967.568 | Y34: 3890.049 | AA34: 2944 | AB34: 2910 | AC34: 0
A35: 44592 | B35: 20 | C35: 50 | D35: 1195089 | E35: 1196976 | F35: 1240855 | G35: 1239585 | H35: 297152 | I35: 7561191 | J35: 32807 | K35: 5648877 | L35: 963692 | M35: 2647967 | N35: 1559129 | O35: 384616 | P35: 1537793 | Q35: 1163 | R35: 612220 | S35: 348216 | T35: 51395 | U35: 53214 | V35: 31136 | W35: 490.331 | X35: 967.779 | Y35: 3890.049 | AA35: 2953 | AB35: 2910 | AC35: 0
